iteration,Train/mean_reward,Train/mean_episode_length,Train/mean_step_reward,Episode_Termination/time_out,Episode_Termination/fell_over,Metrics/twist/error_vel_xy,Metrics/twist/error_vel_yaw,Loss/value,Loss/surrogate,Loss/entropy,Loss/learning_rate,Loss/kl,Policy/mean_std,Perf/total_fps,Perf/collection_time,Perf/learning_time,Curriculum/action_rate_weight,Curriculum/standing_envs,Curriculum/penalty_scale,time_s,env_steps,Episode_Reward/track_linear_velocity,Episode_Reward/track_angular_velocity,Episode_Reward/upright,Episode_Reward/pose,Episode_Reward/action_rate_l2,Episode_Reward/alive,Episode_Reward/air_time,Episode_Reward/single_stance,Episode_Reward/foot_lift,Episode_Reward/foot_alternation,Episode_Reward/foot_symmetry,Episode_Reward/foot_clearance,Episode_Reward/foot_swing_height,Episode_Reward/foot_slip,Episode_Reward/trot,Episode_Reward/joint_torque,Episode_Reward/self_collisions,Episode_Reward/dof_pos_limits,Episode_Reward/body_ang_vel,Episode_Reward/angular_momentum,Episode_Reward/pose_l2,Episode_Reward/orientation,Episode_Reward/joint_vel,Episode_Reward/undesired_contacts,Episode_Reward/base_height,Episode_Reward/air_time_variance,Episode_Reward/footfall_sequence,Episode_Reward/stand_still
1,-1.92912,12.6623,0.000125537,0,19,0.12857,1.39635,0.00863606,0.0849739,6.10046,0.000666667,0.0930206,0.404653,13331.9,0.663131,0.258569,-0.1,0.02,1,0.921845,12288,0.00504114,8.20551e-05,0,0.000415494,-0.00490663,nan,-0.000771228,nan,nan,nan,nan,-0.000777849,-0.00170155,-0.000679715,nan,-0.00550702,-0.000425439,-0.00228348,-0.0239549,nan,-0.0244569,-0.0066555,-0.0217196,-0.009125,0.00140751,-1.50947e-05,0.000208333,-0.0410965
2,-3.01941,19.9474,0.000157251,0,22.9583,0.148643,1.50365,0.000563616,-0.0127686,6.2005,0.000444444,0.0232971,0.406656,13263.2,0.68012,0.246355,-0.1,0.02,1,1.84991,24576,0.00642444,0.000155316,0,0.000562651,-0.00786084,nan,-0.00116138,nan,nan,nan,nan,-0.00121409,-0.00402163,-0.00113934,nan,-0.00877225,-0.000598911,-0.00374869,-0.0348384,nan,-0.0387778,-0.00921887,-0.0340062,-0.0144138,0.00216369,-4.01145e-05,0.000816697,-0.0641639
3,-3.35599,22.0225,0.000219705,0,22.2083,0.148042,1.50991,0.000166338,-0.0131584,6.23145,0.000296296,0.0351067,0.406702,13622,0.658333,0.243738,-0.1,0.02,1,2.75362,36864,0.00693309,0.000141881,0,0.000599539,-0.00878573,nan,-0.00126326,nan,nan,nan,nan,-0.00129381,-0.00443117,-0.00128658,nan,-0.00970056,-0.000643527,-0.00419663,-0.0378941,nan,-0.0433363,-0.00962043,-0.0376631,-0.016531,0.00234378,-4.35188e-05,0.000900563,-0.0636048
4,-3.41007,22.6716,0.000197479,0,22.5833,0.146095,1.4858,0.000101128,-0.0141991,6.23184,0.000197531,0.0248387,0.406791,13723.4,0.651919,0.243488,-0.1,0.02,1,3.65058,49152,0.00711611,0.00018139,0,0.000594898,-0.00914721,nan,-0.00128974,nan,nan,nan,nan,-0.00138625,-0.00479122,-0.00132922,nan,-0.00999965,-0.000619926,-0.0044748,-0.038523,nan,-0.0437632,-0.00933944,-0.0389678,-0.0172103,0.00243651,-4.68939e-05,0.00135609,-0.046964
5,-3.5811,23.626,0.000228828,0,21.8333,0.144825,1.51481,0.000119579,-0.0141062,6.23235,0.000131687,0.0214706,0.406654,13509.6,0.660217,0.249357,-0.1,0.02,1,4.56168,61440,0.0074985,0.000176099,0,0.000635771,-0.0095901,nan,-0.00137141,nan,nan,nan,nan,-0.00145003,-0.00512424,-0.00143118,nan,-0.0104476,-0.000677481,-0.00486506,-0.0397812,nan,-0.0464173,-0.0102396,-0.0405058,-0.0178206,0.00249923,-5.08913e-05,0.00100191,-0.0818768
6,-3.54235,23.4212,0.000227965,0,20.875,0.144473,1.54017,0.000110944,-0.0117581,6.22701,8.77915e-05,0.0218651,0.406498,12731.2,0.717474,0.247712,-0.1,0.02,1,5.5284,73728,0.00740768,0.000149723,0,0.000620999,-0.00953127,nan,-0.0013119,nan,nan,nan,nan,-0.00142162,-0.00478759,-0.00137664,nan,-0.0103512,-0.000672655,-0.00458803,-0.0406333,nan,-0.0456741,-0.00998944,-0.0402809,-0.0174491,0.00249624,-5.00501e-05,0.00156687,-0.0478326
7,-3.823,25.3027,0.000221057,0,18.5833,0.143644,1.52261,9.38798e-05,-0.0103136,6.22429,8.77915e-05,0.0162448,0.406481,13775.1,0.637673,0.254373,-0.1,0.02,1,6.42195,86016,0.00859213,0.000152118,0,0.000666795,-0.010243,nan,-0.00144081,nan,nan,nan,nan,-0.00156067,-0.0053911,-0.00151395,nan,-0.0112232,-0.000704036,-0.0050278,-0.0428425,nan,-0.0495836,-0.0110686,-0.043424,-0.019,0.00271645,-5.66925e-05,0.00141256,-0.079782
8,-3.93061,26.1282,0.000284374,0,19.8333,0.148729,1.50074,0.00015872,-0.0100665,6.2234,8.77915e-05,0.0169595,0.406431,13348.8,0.652601,0.267934,-0.1,0.02,1,7.34392,98304,0.00784893,0.000161386,0,0.00069271,-0.0106356,nan,-0.00144315,nan,nan,nan,nan,-0.00155837,-0.00556664,-0.00155875,nan,-0.0115838,-0.000506303,-0.00560063,-0.0440715,nan,-0.0507511,-0.0106046,-0.044816,-0.0192689,0.0028273,-6.14078e-05,0.00179622,-0.0871133
9,-3.99626,26.7442,0.000334208,0,17.9167,0.149908,1.54218,0.000169699,-0.0115906,6.22185,8.77915e-05,0.0180269,0.40636,11071.7,0.738289,0.371566,-0.1,0.02,1,8.45516,110592,0.00799751,0.000166088,0,0.000720925,-0.0109398,nan,-0.00151107,nan,nan,nan,nan,-0.00165331,-0.00618382,-0.00163783,nan,-0.0118578,-0.000374419,-0.00568324,-0.0455835,nan,-0.050549,-0.0106846,-0.0461546,-0.0196721,0.00293802,-5.77803e-05,0.00184884,-0.0506025
10,-4.4366,29.2165,0.000332651,0,17.125,0.154471,1.53882,0.000169973,-0.0107146,6.2185,8.77915e-05,0.0160685,0.406195,10579.7,0.818439,0.34303,-0.1,0.02,1,9.61908,122880,0.008812,0.000178269,0,0.000736901,-0.012017,nan,-0.00159873,nan,nan,nan,nan,-0.00182372,-0.00659342,-0.00180688,nan,-0.0129927,-0.000717762,-0.00663831,-0.050199,nan,-0.0569624,-0.0124613,-0.0506717,-0.0214112,0.0031447,-7.31383e-05,0.00221411,-0.0975078
11,-4.50034,29.4404,0.000285389,0,17.125,0.154261,1.53101,0.000142219,-0.0104501,6.21421,8.77915e-05,0.0185448,0.406103,10736.4,0.806264,0.338252,-0.1,0.02,1,10.7656,135168,0.00821834,0.000205418,0,0.000734338,-0.0122301,nan,-0.00161552,nan,nan,nan,nan,-0.00178516,-0.00648127,-0.00184163,nan,-0.0130753,-0.000635036,-0.00664172,-0.0501904,nan,-0.0591456,-0.012068,-0.0506679,-0.0212287,0.0032017,-7.0754e-05,0.00242092,-0.0726353
12,-4.19417,27.7589,0.000304335,0,17.4583,0.1528,1.55591,0.00016625,-0.01096,6.21221,8.77915e-05,0.0198163,0.406058,11450.1,0.71601,0.357164,-0.1,0.02,1,11.8406,147456,0.00801205,0.000194415,0,0.000707518,-0.0114525,nan,-0.00148773,nan,nan,nan,nan,-0.00180021,-0.00634351,-0.00173343,nan,-0.0123065,-0.000522673,-0.00637176,-0.0470669,nan,-0.0545175,-0.0117945,-0.0476405,-0.0194916,0.00304982,-6.75215e-05,0.0022673,-0.0803874
13,-4.40563,29.2556,0.000336237,0,16.625,0.152982,1.50046,0.000183843,-0.0103627,6.21,5.85277e-05,0.0205802,0.405944,11044.8,0.782838,0.32972,-0.1,0.02,1,12.9549,159744,0.00818327,0.000215309,0,0.000770403,-0.0120788,nan,-0.00153444,nan,nan,nan,nan,-0.00182051,-0.00651974,-0.00179418,nan,-0.0129905,-0.000553885,-0.00668476,-0.0475698,nan,-0.0584604,-0.0124452,-0.0498646,-0.0204336,0.00323497,-7.02628e-05,0.00274436,-0.13014
14,-4.57175,30.5192,0.000295656,0,16.2917,0.15466,1.52585,0.000129466,-0.010111,6.20751,5.85277e-05,0.0122527,0.405892,10193.7,0.830768,0.374678,-0.1,0.02,1,14.1618,172032,0.00993463,0.00017069,0,0.000784405,-0.012671,nan,-0.00170711,nan,nan,nan,nan,-0.00188054,-0.00675007,-0.00192476,nan,-0.013578,-0.000626598,-0.00708311,-0.050398,nan,-0.0598563,-0.0123582,-0.0523678,-0.0217161,0.00347166,-7.41068e-05,0.00200767,-0.0698478
15,-4.85394,32.0373,0.000274378,0,16.75,0.153366,1.52592,0.00013839,-0.0104912,6.20489,5.85277e-05,0.0137761,0.405754,11463.6,0.784065,0.287853,-0.1,0.02,1,15.2355,184320,0.00916936,0.000179086,0,0.000798755,-0.0133734,nan,-0.00167682,nan,nan,nan,nan,-0.00201572,-0.00733616,-0.00196514,nan,-0.014289,-0.000619403,-0.00720521,-0.0529758,nan,-0.0635429,-0.013451,-0.0550082,-0.0228035,0.00361428,-8.43759e-05,0.00245025,-0.103002
16,-4.88682,31.9356,0.000334106,0,13.5833,0.156586,1.54644,0.000168209,-0.0103718,6.2011,5.85277e-05,0.0118397,0.405662,11645.8,0.730003,0.325139,-0.1,0.02,1,16.2925,196608,0.00881906,0.00017459,0,0.000792315,-0.0132484,nan,-0.00166644,nan,nan,nan,nan,-0.00212757,-0.00745814,-0.00197176,nan,-0.0142331,-0.000588957,-0.0078895,-0.0539796,nan,-0.0634942,-0.0140958,-0.0549378,-0.0222914,0.00354758,-8.19737e-05,0.00216258,-0.0825417
17,-5.10847,34.5994,0.000336832,0,15.0833,0.156304,1.55927,0.000151723,-0.0088598,6.19906,5.85277e-05,0.0179627,0.405615,11322.8,0.74365,0.341596,-0.1,0.02,1,17.3793,208896,0.00915214,0.000210124,0,0.000845278,-0.0143338,nan,-0.00193006,nan,nan,nan,nan,-0.00223356,-0.00791268,-0.00222885,nan,-0.0153655,-0.000574586,-0.00881859,-0.0554216,nan,-0.0661629,-0.0141377,-0.058944,-0.0239807,0.00381266,-8.95172e-05,0.00323204,-0.0490227
18,-5.3969,35.9506,0.000437782,0,14.3333,0.153601,1.56336,0.000244675,-0.00951944,6.19783,5.85277e-05,0.0188373,0.405567,11966.9,0.742479,0.284357,-0.1,0.02,1,18.4077,221184,0.00937436,0.000180442,0,0.000890012,-0.0148741,nan,-0.00199791,nan,nan,nan,nan,-0.00234282,-0.00848441,-0.00233645,nan,-0.0160089,-0.000514535,-0.00862499,-0.0596395,nan,-0.0702673,-0.0144574,-0.0618129,-0.0253808,0.00405418,-9.55478e-05,0.00311047,-0.0707156
19,-5.35229,35.6239,0.00031788,0,14.2917,0.15613,1.56937,0.000187823,-0.00900994,6.19623,5.85277e-05,0.00860432,0.405515,11060.1,0.755023,0.355993,-0.1,0.02,1,19.5203,233472,0.0100567,0.000224946,0,0.000900137,-0.0148806,nan,-0.00193195,nan,nan,nan,nan,-0.00226867,-0.00829812,-0.002295,nan,-0.0158501,-0.000591837,-0.00940862,-0.0581983,nan,-0.0707334,-0.014209,-0.0611779,-0.024551,0.00408188,-9.4955e-05,0.00306122,-0.099458
20,-5.51872,35.8584,0.00031897,0,14.4167,0.155464,1.56596,0.000175138,-0.00981963,6.19498,5.85277e-05,0.0157927,0.405493,11213.6,0.766997,0.328818,-0.1,0.02,1,20.6182,245760,0.0103774,0.000200793,0,0.000851657,-0.0151014,nan,-0.00187769,nan,nan,nan,nan,-0.00234231,-0.00825126,-0.00224686,nan,-0.0160539,-0.00067341,-0.00931152,-0.0587981,nan,-0.0754717,-0.0151754,-0.0621366,-0.0247197,0.00405936,-9.76396e-05,0.00393064,-0.153155
21,-5.24806,34.3719,0.000394931,0,13.3333,0.153539,1.54055,0.000179322,-0.01017,6.19438,5.85277e-05,0.0158694,0.405462,10818.3,0.80955,0.326299,-0.1,0.02,1,21.7558,258048,0.00904304,0.000190955,0,0.000827788,-0.0145927,nan,-0.00180094,nan,nan,nan,nan,-0.00223964,-0.00788317,-0.00220973,nan,-0.0153291,-0.00051875,-0.00895028,-0.0566162,nan,-0.0696503,-0.0141612,-0.0592388,-0.0239156,0.0038956,-9.43157e-05,0.00210938,-0.0580199
22,-5.65028,37.736,0.000339354,0,13.4167,0.155271,1.54168,0.00017386,-0.0097471,6.19353,5.85277e-05,0.0110256,0.405441,11666.3,0.720598,0.332694,-0.1,0.02,1,22.8106,270336,0.010514,0.000206917,0,0.0009121,-0.0159138,nan,-0.00196398,nan,nan,nan,nan,-0.00240637,-0.00926569,-0.00243827,nan,-0.0168182,-0.000506211,-0.00949898,-0.0597661,nan,-0.0753676,-0.0143569,-0.0647738,-0.0264845,0.00432764,-0.000101506,0.00343168,-0.120448
23,-5.89343,37.7603,0.000400936,0,11.125,0.15872,1.55574,0.00024991,-0.00869025,6.19286,5.85277e-05,0.0157957,0.405419,10613.5,0.773057,0.384715,-0.1,0.02,1,23.9699,282624,0.00950363,0.000229701,0,0.000855059,-0.0160787,nan,-0.0019424,nan,nan,nan,nan,-0.00254482,-0.00934588,-0.00244206,nan,-0.0168741,-0.000558052,-0.0102494,-0.0629094,nan,-0.0800273,-0.0159684,-0.0650043,-0.025839,0.00430441,-0.000106458,0.00370787,-0.150495
24,-6.28208,40.7464,0.000346186,0,11.6667,0.162014,1.57772,0.00015631,-0.00974528,6.19159,5.85277e-05,0.0142845,0.405332,9945.67,0.787528,0.447985,-0.1,0.02,1,25.2071,294912,0.0112247,0.000223518,0,0.000894912,-0.0171781,nan,-0.00210414,nan,nan,nan,nan,-0.00268953,-0.0101851,-0.00261574,nan,-0.0181935,-0.00045,-0.0107918,-0.0663621,nan,-0.0862721,-0.0163249,-0.0701775,-0.0280429,0.00473506,-0.000116812,0.00380357,-0.12185
25,-6.67028,43.5104,0.000471677,0,12,0.159897,1.58064,0.000269303,-0.00952579,6.18853,5.85277e-05,0.0145041,0.405229,10903.9,0.760933,0.366005,-0.1,0.02,1,26.3366,307200,0.0107396,0.000270564,0,0.000936708,-0.018311,nan,-0.00218396,nan,nan,nan,nan,-0.00284776,-0.0106091,-0.00279249,nan,-0.0194013,-0.000493056,-0.0113633,-0.0702343,nan,-0.0908581,-0.0174233,-0.0750214,-0.0297639,0.00501033,-0.000132285,0.00449653,-0.169571
26,-7.12183,46.6411,0.000533925,0,10.3333,0.160899,1.55884,0.000283067,-0.00985643,6.18645,3.90184e-05,0.0232595,0.405207,10397.2,0.766414,0.415444,-0.1,0.02,1,27.5198,319488,0.0103578,0.000273751,0,0.00107662,-0.0198418,nan,-0.00237177,nan,nan,nan,nan,-0.00314137,-0.0116159,-0.00303398,nan,-0.0208706,-0.000524194,-0.0128327,-0.0751189,nan,-0.096214,-0.0179618,-0.0808436,-0.0324274,0.00525647,-0.000148723,0.005,-0.275176
27,-7.25182,47.2609,0.000379283,0,10.5417,0.161579,1.5624,0.000191545,-0.00704918,6.18623,3.90184e-05,0.00741142,0.405196,10949.1,0.764763,0.357522,-0.1,0.02,1,28.6439,331776,0.0128115,0.000240313,0,0.00102788,-0.0201588,nan,-0.00239818,nan,nan,nan,nan,-0.00305114,-0.0117967,-0.00303867,nan,-0.0211533,-0.000517787,-0.0129362,-0.0763185,nan,-0.100429,-0.0175522,-0.0812102,-0.032498,0.00555846,-0.000147004,0.00474308,-0.136128
28,-6.92302,44.9506,0.000457194,0,10.125,0.160385,1.56357,0.000236905,-0.00809427,6.18539,3.90184e-05,0.0130123,0.405158,11814.3,0.765149,0.274945,-0.1,0.02,1,29.6855,344064,0.0117399,0.000267494,0,0.000980251,-0.0192213,nan,-0.00225226,nan,nan,nan,nan,-0.00287713,-0.0105714,-0.00283639,nan,-0.0201347,-0.000518519,-0.0123159,-0.071344,nan,-0.0965789,-0.0184269,-0.0774362,-0.0309753,0.0051719,-0.000135827,0.00454733,-0.130926
29,-7.75939,51.1725,0.000401676,0,10.625,0.161481,1.54751,0.000194888,-0.00863443,6.18429,3.90184e-05,0.0108405,0.405123,11394.4,0.747187,0.331241,-0.1,0.02,1,30.7654,356352,0.0117272,0.000267705,0,0.00105935,-0.0217701,nan,-0.00262525,nan,nan,nan,nan,-0.00343149,-0.0130163,-0.00343123,nan,-0.0230181,-0.000329412,-0.0139398,-0.0816581,nan,-0.105321,-0.0199149,-0.0886033,-0.0350392,0.00581488,-0.000159978,0.00627451,-0.108987
30,-7.5781,50.2667,0.00033562,0,9.375,0.15832,1.53676,0.000154564,-0.00824097,6.1834,3.90184e-05,0.0130878,0.405103,11387.9,0.732747,0.346296,-0.1,0.02,1,31.8459,368640,0.0121372,0.000250204,0,0.00108007,-0.0215518,nan,-0.0026776,nan,nan,nan,nan,-0.00329135,-0.0135376,-0.00345619,nan,-0.0225869,-0.000444444,-0.0136801,-0.0794853,nan,-0.104255,-0.0181244,-0.086489,-0.0340311,0.00566326,-0.000145861,0.006,-0.0627665
31,-7.69567,50.9113,0.000504692,0,8.45833,0.158016,1.55965,0.00024221,-0.0089019,6.18292,5.85277e-05,0.00487073,0.405082,12224.2,0.703566,0.301654,-0.1,0.02,1,32.8526,380928,0.0137751,0.000280175,0,0.00109329,-0.0218735,nan,-0.00270975,nan,nan,nan,nan,-0.00336028,-0.0126663,-0.00341915,nan,-0.0228241,-0.000359606,-0.0138413,-0.0799183,nan,-0.106336,-0.0193004,-0.0877082,-0.0336108,0.00598533,-0.000145884,0.0053202,-0.160587
32,-8.94968,58.2135,0.000348352,0,8,0.16127,1.58394,0.000155016,-0.00930591,6.182,5.85277e-05,0.0186603,0.405046,12134.5,0.67391,0.338738,-0.1,0.02,1,33.8666,393216,0.0139207,0.000344275,0,0.00119612,-0.0250559,nan,-0.00295948,nan,nan,nan,nan,-0.00374275,-0.0147182,-0.00386113,nan,-0.0260989,-0.000708333,-0.0162038,-0.0926091,nan,-0.124298,-0.0218425,-0.0993819,-0.0401875,0.0067008,-0.000181806,0.0053125,-0.149237
33,-8.21062,53.5769,0.000448251,0,8.66667,0.163679,1.58669,0.000213292,-0.00893536,6.18141,5.85277e-05,0.00864611,0.405042,11279.2,0.730838,0.358602,-0.1,0.02,1,34.9577,405504,0.0128914,0.000290905,0,0.00108857,-0.0230569,nan,-0.00275779,nan,nan,nan,nan,-0.00342322,-0.0128806,-0.00354657,nan,-0.0239812,-0.000514423,-0.0159357,-0.0847913,nan,-0.113835,-0.0210507,-0.0915383,-0.0348846,0.00610162,-0.000166987,0.00512019,-0.126882
34,-9.11729,59.7971,0.000443923,0,8.625,0.162353,1.5356,0.000250101,-0.00986745,6.18067,5.85277e-05,0.0169838,0.404986,11043.8,0.749648,0.363012,-0.1,0.02,1,36.0724,417792,0.0151404,0.000292957,0,0.00117256,-0.0256255,nan,-0.00285324,nan,nan,nan,nan,-0.00413309,-0.0157637,-0.00397716,nan,-0.026843,-0.000512077,-0.0193298,-0.096918,nan,-0.123804,-0.0234941,-0.103278,-0.0382609,0.00698261,-0.000210788,0.0065942,-0.107995
35,-9.11108,59.6033,0.000504899,0,7.66667,0.160494,1.53163,0.000336395,-0.00880874,6.1787,5.85277e-05,0.01668,0.404916,11935.3,0.722753,0.306799,-0.1,0.02,1,37.1038,430080,0.013374,0.000263829,0,0.00123379,-0.0257384,nan,-0.00296,nan,nan,nan,nan,-0.00394295,-0.014986,-0.00399349,nan,-0.0267917,-0.000521739,-0.0182779,-0.0944399,nan,-0.126012,-0.0223457,-0.102553,-0.0388207,0.00683957,-0.000199001,0.00701087,-0.165189
36,-8.97499,59.109,0.000460828,0,8.79167,0.163135,1.58677,0.000217119,-0.010923,6.17633,5.85277e-05,0.0149309,0.404825,11255.4,0.731147,0.360594,-0.1,0.02,1,38.1971,442368,0.0145776,0.000338247,0,0.00121139,-0.0256379,nan,-0.00294171,nan,nan,nan,nan,-0.0038942,-0.0152271,-0.00402751,nan,-0.0265423,-0.000450237,-0.0175451,-0.092062,nan,-0.124556,-0.0224279,-0.101376,-0.0389953,0.00683003,-0.000188545,0.00706161,-0.152795
37,-8.66922,56.9021,0.000498507,0,8.08333,0.165014,1.56575,0.000278897,-0.00923619,6.17367,5.85277e-05,0.0102732,0.404747,11130.8,0.735757,0.368209,-0.1,0.02,1,39.3025,454656,0.0138389,0.000312032,0,0.00123231,-0.0249158,nan,-0.00282268,nan,nan,nan,nan,-0.00375683,-0.0140188,-0.00378798,nan,-0.0255775,-0.000283505,-0.0186184,-0.0899633,nan,-0.118932,-0.0220841,-0.0975719,-0.0354433,0.00662489,-0.000175247,0.00631443,-0.185854
38,-8.63093,56.8915,0.000471469,0,8.83333,0.165038,1.58011,0.000273303,-0.00988965,6.17182,5.85277e-05,0.0158413,0.404707,11259.6,0.717093,0.374247,-0.1,0.02,1,40.3957,466944,0.0156919,0.00031465,0,0.00118043,-0.0248344,nan,-0.00281019,nan,nan,nan,nan,-0.00372633,-0.014309,-0.00374321,nan,-0.0255388,-0.000287736,-0.0167432,-0.0882141,nan,-0.122932,-0.0222514,-0.0963273,-0.0355802,0.00652774,-0.00017929,0.00683962,-0.245033
39,-9.90112,66.1056,0.000571896,0,7.5,0.166837,1.5799,0.000365354,-0.0107187,6.17163,5.85277e-05,0.0121696,0.404739,11746.5,0.710149,0.335954,-0.1,0.02,1,41.4459,479232,0.0138787,0.000357642,0,0.00131169,-0.0287817,nan,-0.00334444,nan,nan,nan,nan,-0.00442309,-0.0167666,-0.00452644,nan,-0.029697,-0.000372222,-0.0200778,-0.103998,nan,-0.136283,-0.0248426,-0.112816,-0.0402167,0.00769448,-0.000229234,0.00911111,-0.0465602
40,-9.97767,65.1077,0.000535725,0,8.125,0.166518,1.58335,0.000326742,-0.00907948,6.17157,5.85277e-05,0.0183697,0.404665,10371.7,0.79117,0.393597,-0.1,0.02,1,42.6326,491520,0.0155272,0.000333248,0,0.00128465,-0.0286651,nan,-0.00324421,nan,nan,nan,nan,-0.00432126,-0.0161876,-0.00438415,nan,-0.0293028,-0.000374359,-0.021103,-0.103482,nan,-0.141522,-0.0247743,-0.111357,-0.0389231,0.00747706,-0.000216657,0.00789744,-0.345716
41,-9.17056,60.0157,0.000610494,0,7.95833,0.164679,1.54761,0.000368041,-0.00930483,6.16842,5.85277e-05,0.0187093,0.404545,11183.7,0.735072,0.363675,-0.1,0.02,1,43.7331,503808,0.0136754,0.000343195,0,0.00117924,-0.0263859,nan,-0.00297309,nan,nan,nan,nan,-0.0039094,-0.0147396,-0.00400776,nan,-0.026974,-0.00039267,-0.0204427,-0.0939861,nan,-0.128436,-0.0219757,-0.103051,-0.0360419,0.00704719,-0.000192332,0.00659686,-0.184385
42,-9.68857,63.2948,0.00045348,0,7.20833,0.160748,1.54593,0.00025033,-0.0098114,6.16596,5.85277e-05,0.0137105,0.404511,11151.5,0.798114,0.303805,-0.1,0.02,1,44.8368,516096,0.0132001,0.000371101,0,0.00129597,-0.027655,nan,-0.00303225,nan,nan,nan,nan,-0.00416097,-0.015597,-0.00426374,nan,-0.0284164,-0.000248555,-0.0208908,-0.097449,nan,-0.136453,-0.0228869,-0.1082,-0.0389827,0.00746024,-0.000206483,0.00632948,-0.200798
43,-10.6636,70.0457,0.000621082,0,7.29167,0.16549,1.57361,0.000318229,-0.00996007,6.16532,5.85277e-05,0.0161236,0.404498,10570.9,0.745438,0.417001,-0.1,0.02,1,46.0006,528384,0.0163781,0.000375104,0,0.00139128,-0.0308203,nan,-0.00339794,nan,nan,nan,nan,-0.00470704,-0.0183098,-0.00466118,nan,-0.0315015,-0.000331429,-0.0232375,-0.109363,nan,-0.150082,-0.0261496,-0.120081,-0.0414571,0.00813069,-0.000236674,0.00897143,-0.179043
44,-9.65983,64.1551,0.000449895,0,7.79167,0.163893,1.6135,0.000231816,-0.0103088,6.16433,5.85277e-05,0.0116881,0.404425,11199.4,0.753273,0.343929,-0.1,0.02,1,47.0995,540672,0.0165398,0.00032474,0,0.00128349,-0.0281582,nan,-0.00321818,nan,nan,nan,nan,-0.00436603,-0.0164569,-0.00439182,nan,-0.0289394,-0.000299465,-0.0217655,-0.0995581,nan,-0.135119,-0.0238928,-0.109926,-0.0386684,0.00748864,-0.000209826,0.00834225,-0.187163
45,-10.7257,68.5848,0.000515628,0,7.125,0.165621,1.57511,0.000240175,-0.010189,6.16176,5.85277e-05,0.0103815,0.404346,12487,0.702841,0.281224,-0.1,0.02,1,48.0853,552960,0.0141801,0.00039721,0,0.00127202,-0.0303383,nan,-0.00321485,nan,nan,nan,nan,-0.00475963,-0.017017,-0.00449052,nan,-0.0309461,-0.00048538,-0.024435,-0.106201,nan,-0.155675,-0.02616,-0.117837,-0.0394678,0.0079562,-0.000235018,0.00780702,-0.28373
46,-10.0149,65.2115,0.000486976,0,6.5,0.163215,1.5492,0.000257373,-0.0101519,6.15907,5.85277e-05,0.0196563,0.404219,11505.1,0.712335,0.35571,-0.1,0.02,1,49.1552,565248,0.0147302,0.00041438,0,0.00128353,-0.0291966,nan,-0.00312449,nan,nan,nan,nan,-0.00439819,-0.016639,-0.00431835,nan,-0.0294407,-0.000403846,-0.0227598,-0.0997588,nan,-0.142223,-0.0241363,-0.112289,-0.0377372,0.0076694,-0.000237081,0.00698718,-0.201587
47,-11.3343,73.5,0.000546016,0,6.16667,0.164804,1.57555,0.000282341,-0.00926907,6.15522,5.85277e-05,0.011623,0.404121,11676.1,0.717214,0.33519,-0.1,0.02,1,50.2092,577536,0.017337,0.000394963,0,0.00142544,-0.0328257,nan,-0.00341608,nan,nan,nan,nan,-0.00481253,-0.0185383,-0.00483907,nan,-0.0331687,-0.000290541,-0.0245306,-0.114077,nan,-0.162326,-0.0266878,-0.126923,-0.0443514,0.00872891,-0.000255281,0.00996622,-0.278434
48,-11.6398,77.6646,0.000490357,0,6.83333,0.167822,1.60296,0.000267196,-0.00994337,6.15419,5.85277e-05,0.0099694,0.404144,11954.9,0.695666,0.332197,-0.1,0.02,1,51.2386,589824,0.0183884,0.000496924,0,0.00153415,-0.0344864,nan,-0.00373037,nan,nan,nan,nan,-0.00528888,-0.0200024,-0.00533327,nan,-0.0350002,-0.000378049,-0.026453,-0.118954,nan,-0.162025,-0.0282792,-0.132923,-0.0456159,0.00929995,-0.000273694,0.0103659,-0.182216
49,-12.1075,78.8679,0.000586948,0,6.625,0.162261,1.57803,0.00029599,-0.00989393,6.15384,5.85277e-05,0.0165458,0.404064,11942.4,0.677615,0.351328,-0.1,0.02,1,52.2693,602112,0.0175275,0.000425566,0,0.00144582,-0.0352688,nan,-0.00377107,nan,nan,nan,nan,-0.00527802,-0.0201659,-0.00541387,nan,-0.0357196,-0.00027673,-0.0278915,-0.123131,nan,-0.174949,-0.0284214,-0.135436,-0.0451321,0.00931648,-0.000281981,0.0113208,-0.339857
50,-12.5598,78.7325,0.000552842,0,6.54167,0.168007,1.5859,0.000330345,-0.0108308,6.14989,3.90184e-05,0.0249041,0.403888,9928.13,0.743763,0.493933,-0.1,0.02,1,53.5085,614400,0.0173891,0.000434526,0,0.00141214,-0.0348465,nan,-0.00350624,nan,nan,nan,nan,-0.00509139,-0.0184186,-0.00508659,nan,-0.0355776,-0.000254777,-0.0278205,-0.119509,nan,-0.190474,-0.0284943,-0.134978,-0.0445223,0.00918103,-0.000297796,0.00964968,-0.299688
51,-12.6735,81.4813,0.000486114,0,6.66667,0.167367,1.57019,0.000269039,-0.00755332,6.14581,3.90184e-05,0.00886618,0.403816,10534.6,0.7642,0.402247,-0.1,0.02,1,54.6768,626688,0.017648,0.000397574,0,0.00149226,-0.0361973,nan,-0.00377825,nan,nan,nan,nan,-0.00535388,-0.0208628,-0.00553488,nan,-0.03679,-0.00053125,-0.0272646,-0.126307,nan,-0.188282,-0.0271837,-0.139543,-0.0465688,0.00958102,-0.000281872,0.0109375,-0.246686
52,-10.4037,66.9872,0.000548645,0,6.5,0.16346,1.57369,0.000320877,-0.00852209,6.14438,3.90184e-05,0.0102869,0.403786,11543.1,0.748013,0.316516,-0.1,0.02,1,55.7431,638976,0.0148521,0.000361065,0,0.00124877,-0.0293974,nan,-0.00306654,nan,nan,nan,nan,-0.00450934,-0.0163166,-0.00436233,nan,-0.0301496,-0.000320513,-0.0238095,-0.104043,nan,-0.152364,-0.0246036,-0.114313,-0.0373141,0.00789808,-0.000234785,0.00791667,-0.298643
53,-11.4613,73.0515,0.000557895,0,5.66667,0.170984,1.54972,0.000316514,-0.0078507,6.14413,3.90184e-05,0.0114445,0.403806,11594.1,0.728735,0.331116,-0.1,0.02,1,56.8045,651264,0.0160831,0.000387766,0,0.00133891,-0.0325673,nan,-0.00333309,nan,nan,nan,nan,-0.00499114,-0.0186593,-0.00478582,nan,-0.0330412,-0.000227941,-0.0242894,-0.115946,nan,-0.165687,-0.0267139,-0.125732,-0.0412868,0.00863022,-0.000260289,0.00849265,-0.356176
54,-12.156,82,0.000540722,0,6.95833,0.173325,1.57278,0.000264095,-0.00819714,6.14475,3.90184e-05,0.0136861,0.40381,11693.8,0.711476,0.339337,-0.1,0.02,1,57.8569,663552,0.0176315,0.000475945,0,0.00157976,-0.0366716,nan,-0.00404503,nan,nan,nan,nan,-0.00563507,-0.0210989,-0.00566156,nan,-0.0370176,-0.000383234,-0.0297295,-0.121634,nan,-0.170977,-0.0282544,-0.13989,-0.0465749,0.0098059,-0.000293669,0.0111377,-0.0471884
55,-13.7982,90.1429,0.000514498,0,5.83333,0.168856,1.58037,0.000283176,-0.00757578,6.14458,3.90184e-05,0.0107849,0.403801,10573.5,0.723679,0.43847,-0.1,0.02,1,59.021,675840,0.0201099,0.000489162,0,0.00173196,-0.0403548,nan,-0.00417043,nan,nan,nan,nan,-0.00602114,-0.021618,-0.00607521,nan,-0.0407167,-0.000235714,-0.0325568,-0.139133,nan,-0.201122,-0.0317699,-0.153741,-0.0501857,0.0107567,-0.00035065,0.0131429,-0.377607
56,-12.7,81.7852,0.00062257,0,5.625,0.165513,1.55088,0.000399891,-0.00888641,6.14434,3.90184e-05,0.00979359,0.403795,11936.1,0.695093,0.33439,-0.1,0.02,1,60.0522,688128,0.016479,0.000453224,0,0.00150188,-0.036792,nan,-0.00384933,nan,nan,nan,nan,-0.00522121,-0.0194169,-0.00549665,nan,-0.0369219,-0.000414815,-0.0287929,-0.124645,nan,-0.188929,-0.0267062,-0.140124,-0.0446296,0.00981436,-0.000289069,0.0092963,-0.278529
57,-12.7773,84.5347,0.000506469,0,6,0.167478,1.55243,0.000276422,-0.00786957,6.14353,5.85277e-05,0.00424992,0.403735,11474.6,0.704302,0.366589,-0.1,0.02,1,61.1247,700416,0.0166768,0.000489246,0,0.00164704,-0.0380148,nan,-0.00388972,nan,nan,nan,nan,-0.00589577,-0.0226374,-0.00567669,nan,-0.0381813,-0.000368056,-0.029659,-0.130585,nan,-0.177516,-0.0310361,-0.144977,-0.0484306,0.00996523,-0.000300324,0.0104167,-0.0643693
58,-13.6898,90.1812,0.000491277,0,6.20833,0.166603,1.5478,0.000278859,-0.0103105,6.14108,5.85277e-05,0.0134208,0.403647,11941.9,0.690007,0.338972,-0.1,0.02,1,62.1554,712704,0.0185898,0.00051719,0,0.00172789,-0.0404201,nan,-0.00425973,nan,nan,nan,nan,-0.00593926,-0.0219529,-0.00614592,nan,-0.0406777,-0.000328859,-0.0329696,-0.135735,nan,-0.197761,-0.0310893,-0.153779,-0.0494966,0.0105735,-0.000343577,0.0113087,-0.156682
59,-11.653,76.5263,0.000585001,0,6.33333,0.167604,1.56221,0.000348037,-0.00958649,6.13889,5.85277e-05,0.0134963,0.403572,12010.6,0.716593,0.306507,-0.1,0.02,1,63.1799,724992,0.0175848,0.000399753,0,0.00147498,-0.0343048,nan,-0.00374197,nan,nan,nan,nan,-0.0052384,-0.0187662,-0.00508755,nan,-0.0345981,-0.000375,-0.0275553,-0.116609,nan,-0.166953,-0.0280248,-0.130299,-0.0414211,0.00902084,-0.000264308,0.00868421,-0.333174
60,-11.1597,73.8816,0.000543295,0,6.33333,0.161774,1.56411,0.000269072,-0.00965521,6.13653,5.85277e-05,0.0113246,0.403492,11537.5,0.697377,0.36767,-0.1,0.02,1,64.2464,737280,0.016218,0.00034496,0,0.00148274,-0.0331247,nan,-0.00351763,nan,nan,nan,nan,-0.0052073,-0.0183833,-0.00489357,nan,-0.0333171,-0.000171053,-0.0253598,-0.110489,nan,-0.15866,-0.027507,-0.125541,-0.0414539,0.00877082,-0.000263327,0.00802632,-0.375516
61,-13.239,86.7619,0.000571713,0,6.125,0.159103,1.56621,0.000306108,-0.0110846,6.13366,5.85277e-05,0.0185407,0.403379,11544.2,0.71419,0.350241,-0.1,0.02,1,65.3122,749568,0.0181593,0.000407833,0,0.00159895,-0.0390394,nan,-0.00413891,nan,nan,nan,nan,-0.00601386,-0.0228269,-0.00587306,nan,-0.0392301,-0.000217687,-0.0324111,-0.130115,nan,-0.191621,-0.0300723,-0.148032,-0.0469932,0.0103821,-0.000318554,0.01,-0.205656
62,-13.3665,89.6483,0.00056289,0,6.04167,0.163239,1.58778,0.000298752,-0.00976021,6.13052,5.85277e-05,0.012857,0.403274,11918.7,0.744214,0.286769,-0.1,0.02,1,66.3448,761856,0.0192555,0.000480574,0,0.00171879,-0.0403057,nan,-0.00427614,nan,nan,nan,nan,-0.0059921,-0.0224967,-0.00620727,nan,-0.0404986,-0.000303448,-0.0325182,-0.135286,nan,-0.189751,-0.030031,-0.152579,-0.0483172,0.010536,-0.000329447,0.0121379,-0.129141
63,-13.1153,88.3286,0.000546379,0,5.83333,0.164696,1.59335,0.000316111,-0.00981746,6.12857,5.85277e-05,0.0154472,0.403293,8083.43,1.1669,0.353245,-0.1,0.02,1,67.8666,774144,0.0185988,0.000418146,0,0.00166534,-0.0394563,nan,-0.00404343,nan,nan,nan,nan,-0.00613948,-0.0228439,-0.00608168,nan,-0.0399141,-0.000335714,-0.0326471,-0.134751,nan,-0.18277,-0.0313874,-0.150056,-0.0478071,0.0104435,-0.000345685,0.0126071,-0.128881
64,-11.3248,75.8767,0.000580653,0,6.08333,0.166135,1.56419,0.000352167,-0.0100968,6.12895,5.85277e-05,0.0158002,0.403247,11426.3,0.72362,0.351789,-0.1,0.02,1,68.9436,786432,0.0175474,0.000377052,0,0.0015329,-0.0337739,nan,-0.00349493,nan,nan,nan,nan,-0.00538384,-0.0193871,-0.00512254,nan,-0.0342545,-0.000191781,-0.0283313,-0.117929,nan,-0.157783,-0.0274856,-0.129175,-0.0401575,0.0089577,-0.000274625,0.00962329,-0.224345
65,-12.8995,88.0634,0.000522347,0,5.91667,0.168413,1.56243,0.000316454,-0.00964577,6.12668,5.85277e-05,0.0119519,0.403157,12297.8,0.71571,0.283493,-0.1,0.02,1,69.945,798720,0.0201866,0.000466408,0,0.00163738,-0.0393361,nan,-0.00420085,nan,nan,nan,nan,-0.00603097,-0.021734,-0.00622085,nan,-0.0398577,-0.000204225,-0.0298779,-0.131732,nan,-0.182262,-0.0299784,-0.15014,-0.0468732,0.0106336,-0.000330025,0.0108803,nan
66,-12.3731,82.6397,0.000586014,0,5.66667,0.166415,1.53863,0.000336665,-0.00956948,6.12459,3.90184e-05,0.0226096,0.403122,12078.6,0.684149,0.333185,-0.1,0.02,1,70.9641,811008,0.0177105,0.000442193,0,0.00153878,-0.036908,nan,-0.00377735,nan,nan,nan,nan,-0.00576066,-0.0201211,-0.00560012,nan,-0.0373198,-0.000345588,-0.0307361,-0.125897,nan,-0.176229,-0.0284905,-0.140172,-0.0448088,0.00971218,-0.000310987,0.00841912,nan
67,-12.7863,83.9237,0.000567114,0,5.45833,0.172848,1.56466,0.000332171,-0.00830901,6.12323,3.90184e-05,0.00968971,0.403047,11945,0.691334,0.337381,-0.1,0.02,1,71.9944,823296,0.0180056,0.000440977,0,0.00158916,-0.038055,nan,-0.00381237,nan,nan,nan,nan,-0.00573501,-0.020746,-0.00556642,nan,-0.0378883,-0.000129771,-0.0295236,-0.125277,nan,-0.185793,-0.0299808,-0.143879,-0.0461908,0.00992413,-0.000312553,0.0111069,-0.245371
68,-12.6955,86.3028,0.000665767,0,5.91667,0.170494,1.54783,0.000374305,-0.00857613,6.12079,3.90184e-05,0.0129599,0.402972,12013.9,0.736177,0.286638,-0.1,0.02,1,73.019,835584,0.019356,0.000516854,0,0.00167836,-0.0388029,nan,-0.00401521,nan,nan,nan,nan,-0.0058831,-0.022635,-0.00600386,nan,-0.0391214,-0.000253521,-0.029434,-0.129993,nan,-0.178517,-0.0283207,-0.147802,-0.0466338,0.0101714,-0.000324231,0.0120423,-0.113885
69,-13.497,90.0177,0.000541978,0,4.70833,0.166897,1.54517,0.000341654,-0.00818887,6.11867,3.90184e-05,0.00763933,0.402907,13901.2,0.632885,0.251068,-0.1,0.02,1,73.9044,847872,0.0224716,0.000461181,0,0.00167877,-0.0402683,nan,-0.00418637,nan,nan,nan,nan,-0.00612935,-0.0223724,-0.00611458,nan,-0.040665,-0.000309735,-0.0309211,-0.134587,nan,-0.195228,-0.0311083,-0.153914,-0.0492389,0.0104717,-0.000330859,0.0117699,-0.14302
70,-14.0036,91.7984,0.000660717,0,5.16667,0.170777,1.55928,0.000302413,-0.00838126,6.11743,3.90184e-05,0.00932813,0.402903,14521.3,0.598203,0.248003,-0.1,0.02,1,74.7519,860160,0.0187578,0.000416874,0,0.00169973,-0.0415587,nan,-0.00408306,nan,nan,nan,nan,-0.0062317,-0.024323,-0.00632545,nan,-0.0416955,-0.000274194,-0.0308137,-0.139272,nan,-0.203902,-0.0310731,-0.157645,-0.0508468,0.0108096,-0.000354684,0.0122984,-0.238131
71,-13.3623,89.7185,0.000672244,0,5.625,0.172436,1.55416,0.000394086,-0.00775385,6.11747,3.90184e-05,0.0111388,0.402896,14139.4,0.617002,0.25206,-0.1,0.02,1,75.6225,872448,0.0181405,0.000516209,0,0.00164656,-0.0408803,nan,-0.00424474,nan,nan,nan,nan,-0.00612408,-0.022399,-0.00623369,nan,-0.0406616,-0.000162963,-0.0300421,-0.134978,nan,-0.190032,-0.0304401,-0.152746,-0.0487926,0.0105373,-0.000323146,0.0102222,-0.150615
72,-16.6017,108.634,0.000644105,0,4.66667,0.167314,1.56704,0.000346214,-0.00877748,6.11753,3.90184e-05,0.0156871,0.402923,14426.9,0.599463,0.252277,-0.1,0.02,1,76.4756,884736,0.0230612,0.000641385,0,0.00186777,-0.0491506,nan,-0.00496732,nan,nan,nan,nan,-0.00710766,-0.0275459,-0.0075579,nan,-0.0492358,-0.000517857,-0.0354729,-0.163799,nan,-0.245375,-0.035197,-0.186799,-0.0616786,0.0126642,-0.00039958,0.0152232,-0.326324
73,-12.9215,86.7222,0.000700207,0,5.25,0.1733,1.55669,0.000453241,-0.00755148,6.11763,3.90184e-05,0.0131646,0.402872,14167.4,0.611718,0.255627,-0.1,0.02,1,77.3443,897024,0.0180229,0.000529542,0,0.00166309,-0.0397003,nan,-0.00396238,nan,nan,nan,nan,-0.00595425,-0.0211606,-0.00589529,nan,-0.0394909,-0.000230159,-0.0287372,-0.129059,nan,-0.183679,-0.0306865,-0.148612,-0.0465238,0.0102636,-0.000301446,0.0112698,-0.241432
74,-15.8179,104.378,0.00060056,0,4.625,0.170217,1.56011,0.000355058,-0.00777719,6.11599,3.90184e-05,0.00984698,0.402843,13565.8,0.642247,0.26356,-0.1,0.02,1,78.2515,909312,0.0230361,0.000451755,0,0.00183249,-0.0479383,nan,-0.00468595,nan,nan,nan,nan,-0.00717631,-0.0275146,-0.00734253,nan,-0.0475011,-0.000153153,-0.0357139,-0.155363,nan,-0.233023,-0.0339197,-0.180933,-0.055027,0.0118939,-0.000412204,0.0136036,-0.277945
75,-15.1141,101.41,0.000677781,0,6,0.171249,1.56933,0.000364819,-0.00855589,6.11569,3.90184e-05,0.00718861,0.402851,14690,0.5855,0.250987,-0.1,0.02,1,79.0893,921600,0.0218309,0.000527923,0,0.00185005,-0.0465024,nan,-0.0045325,nan,nan,nan,nan,-0.00718459,-0.0264982,-0.00708382,nan,-0.0460971,-0.000291667,-0.0339642,-0.157228,nan,-0.214644,-0.0340889,-0.174329,-0.0529653,0.0119193,-0.000390614,0.0148611,-0.128622
76,-16.2223,108.669,0.000651712,0,5.66667,0.17132,1.56212,0.000419247,-0.00761499,6.11522,3.90184e-05,0.00826622,0.402789,14835.4,0.583406,0.244885,-0.1,0.02,1,79.9189,933888,0.0240649,0.000577363,0,0.00189059,-0.0496787,nan,-0.0049275,nan,nan,nan,nan,-0.00744116,-0.0276071,-0.0076549,nan,-0.0493333,-0.000360294,-0.0379989,-0.162048,nan,-0.236246,-0.0354181,-0.186702,-0.0565735,0.0127938,-0.000424498,0.0177206,-0.260633
77,-13.3768,86.9769,0.00054295,0,5.41667,0.17072,1.56335,0.000332486,-0.00798221,6.11261,3.90184e-05,0.0079415,0.402691,14041.9,0.607456,0.267637,-0.1,0.02,1,80.7954,946176,0.0185239,0.000452663,0,0.00157595,-0.0400476,nan,-0.00387523,nan,nan,nan,nan,-0.00599018,-0.0209219,-0.00588752,nan,-0.039538,-0.000330769,-0.0312594,-0.132655,nan,-0.196851,-0.0304957,-0.14986,-0.0435077,0.0103702,-0.000325572,0.0121154,-0.268658
78,-13.286,89.8972,0.000731198,0,4.45833,0.17017,1.60524,0.000428301,-0.00862801,6.10986,3.90184e-05,0.0115044,0.402605,14344.4,0.608086,0.248554,-0.1,0.02,1,81.6534,958464,0.0188082,0.00050778,0,0.00167672,-0.0414552,nan,-0.00409234,nan,nan,nan,nan,-0.00632901,-0.021125,-0.00607108,nan,-0.0408025,-0.000242991,-0.0313258,-0.135793,nan,-0.189198,-0.0314631,-0.153406,-0.0439065,0.0105068,-0.000324857,0.0119159,-0.233245
79,-13.9526,94.5789,0.000786018,0,4.75,0.170385,1.57456,0.000468134,-0.00864861,6.10783,3.90184e-05,0.0120444,0.402561,14651,0.595485,0.24323,-0.1,0.02,1,82.4934,970752,0.0202081,0.000585698,0,0.00178496,-0.0440966,nan,-0.00414404,nan,nan,nan,nan,-0.00674876,-0.0243894,-0.00647409,nan,-0.0430308,-0.000368421,-0.0316587,-0.141849,nan,-0.198023,-0.0318519,-0.162129,-0.0466404,0.0112317,-0.000354029,0.0121491,-0.104487
80,-13.7173,91.9307,0.000569675,0,4.20833,0.170092,1.54805,0.000336253,-0.00825537,6.10624,3.90184e-05,0.0152444,0.402486,14674.9,0.588202,0.249146,-0.1,0.02,1,83.3321,983040,0.0190691,0.000439046,0,0.0016496,-0.0424795,nan,-0.00405307,nan,nan,nan,nan,-0.00662034,-0.0226303,-0.00639129,nan,-0.0417378,-0.000237624,-0.0349659,-0.14229,nan,-0.193555,-0.0322733,-0.157582,-0.0428911,0.0109318,-0.00037213,0.0120297,-0.0641257
81,-17.0619,113.82,0.000668183,0,4.625,0.176625,1.55107,0.000410828,-0.00909942,6.10382,3.90184e-05,0.0117104,0.402406,14014.6,0.588909,0.287891,-0.1,0.02,1,84.2102,995328,0.0228603,0.000572668,0,0.00195915,-0.0526674,nan,-0.00508937,nan,nan,nan,nan,-0.00774922,-0.0296475,-0.00797945,nan,-0.0517715,-0.000234234,-0.0398063,-0.1705,nan,-0.247931,-0.0358756,-0.194422,-0.0579009,0.013486,-0.000434414,0.0169369,-0.255289
82,-15.8823,102.922,0.000654583,0,4.83333,0.179931,1.57351,0.000332455,-0.00832688,6.10216,3.90184e-05,0.0110015,0.402388,9857.21,0.74711,0.49949,-0.1,0.02,1,85.4582,1.00762e+06,0.0200393,0.000553866,0,0.00167562,-0.0477284,nan,-0.00446931,nan,nan,nan,nan,-0.00719273,-0.0250761,-0.00691674,nan,-0.0467576,-0.00012931,-0.0385495,-0.153805,nan,-0.240198,-0.0350454,-0.176003,-0.0485431,0.0120072,-0.000399042,0.0156034,-0.218421
83,-16.024,103.558,0.000700275,0,4.70833,0.17838,1.5879,0.000496969,-0.00798549,6.10201,3.90184e-05,0.0153392,0.402381,11859.9,0.716111,0.319989,-0.1,0.02,1,86.4969,1.0199e+06,0.0226178,0.000569505,0,0.00180793,-0.0483219,nan,-0.00440124,nan,nan,nan,nan,-0.00701209,-0.0255441,-0.0070325,nan,-0.0470826,-0.000168142,-0.0366229,-0.156881,nan,-0.241536,-0.0341764,-0.177121,-0.0502655,0.0120581,-0.000398491,0.015708,-0.393153
84,-16.0287,109.182,0.000655164,0,4.58333,0.175401,1.54911,0.00037114,-0.00823413,6.10108,3.90184e-05,0.00984493,0.402318,11427.7,0.724568,0.350716,-0.1,0.02,1,87.5734,1.03219e+06,0.0194524,0.000586937,0,0.00200074,-0.0511841,nan,-0.00534491,nan,nan,nan,nan,-0.0073109,-0.0266376,-0.00790684,nan,-0.0496073,-0.000227273,-0.0367098,-0.160803,nan,-0.231083,-0.0340597,-0.185521,-0.0537818,0.0131159,-0.000406215,0.0164545,-0.135452
85,-17.4628,115.922,0.000589073,0,4.29167,0.171767,1.56073,0.000304062,-0.0084046,6.09932,3.90184e-05,0.0131715,0.40228,11947.5,0.652327,0.376173,-0.1,0.02,1,88.6034,1.04448e+06,0.0192964,0.000522079,0,0.00208485,-0.0542041,nan,-0.00491883,nan,nan,nan,nan,-0.00780476,-0.0291941,-0.0080341,nan,-0.0526143,-0.000223301,-0.0411952,-0.170576,nan,-0.255999,-0.0360524,-0.197839,-0.0569417,0.0136715,-0.000447906,0.0170874,-0.200957
86,-17.0211,114.233,0.0006486,0,4.29167,0.171746,1.57529,0.000348817,-0.00874993,6.09781,3.90184e-05,0.00726697,0.402198,11794.4,0.674271,0.367578,-0.1,0.02,1,89.6467,1.05677e+06,0.0231518,0.000529753,0,0.00205858,-0.0531699,nan,-0.00502427,nan,nan,nan,nan,-0.00757073,-0.0297299,-0.00803501,nan,-0.0519696,-0.000281553,-0.0398549,-0.166912,nan,-0.248572,-0.033594,-0.195357,-0.0578447,0.0134033,-0.000460861,0.0132524,-0.261292
87,-15.9946,109.438,0.000579411,0,4,0.171886,1.57259,0.000303322,-0.00772626,6.09574,3.90184e-05,0.00776537,0.402171,11776.9,0.689996,0.353406,-0.1,0.02,1,90.6917,1.06906e+06,0.0242598,0.000625586,0,0.0020084,-0.0511643,nan,-0.00493292,nan,nan,nan,nan,-0.00752302,-0.0278264,-0.0078329,nan,-0.0496997,-0.0001875,-0.0373047,-0.163084,nan,-0.230035,-0.0334958,-0.186414,-0.0546146,0.0130045,-0.000403933,0.0158333,-0.0905171
88,-18.2769,122.984,0.000798028,0,5.125,0.175891,1.59656,0.000474242,-0.00864652,6.09548,3.90184e-05,0.00922074,0.40216,12662.9,0.682862,0.287531,-0.1,0.02,1,91.6637,1.08134e+06,0.0243929,0.00061324,0,0.00216687,-0.0573264,nan,-0.00516797,nan,nan,nan,nan,-0.00839487,-0.0322591,-0.0085149,nan,-0.0559079,-0.000170732,-0.0426297,-0.182278,nan,-0.267256,-0.0380342,-0.20935,-0.0609024,0.0144341,-0.000478272,0.0215854,-0.514588
89,-17.1241,116.449,0.000640775,0,4.45833,0.172008,1.59636,0.000347149,-0.00855371,6.09544,3.90184e-05,0.0102624,0.40218,14377.3,0.608825,0.245853,-0.1,0.02,1,92.5196,1.09363e+06,0.0221523,0.000544174,0,0.00199728,-0.0542731,nan,-0.00508037,nan,nan,nan,nan,-0.00813815,-0.0306523,-0.0081814,nan,-0.0530179,-0.00035514,-0.0403609,-0.17085,nan,-0.246154,-0.0376133,-0.199128,-0.0585981,0.013988,-0.000472883,0.0179907,nan
90,-14.461,97.2016,0.000654056,0,5.16667,0.166354,1.57939,0.000394385,-0.00796629,6.09614,3.90184e-05,0.0109839,0.402198,11812.3,0.690839,0.349429,-0.1,0.02,1,93.5612,1.10592e+06,0.0213716,0.000518404,0,0.00167757,-0.0457134,nan,-0.00423887,nan,nan,nan,nan,-0.0069451,-0.0257113,-0.00683335,nan,-0.044293,-0.000532258,-0.0352424,-0.143464,nan,-0.211621,-0.0326898,-0.165621,-0.0463629,0.0115588,-0.000392883,0.0152823,-0.15689
91,-16.8338,111.648,0.000771955,0,5.08333,0.172788,1.55217,0.000430688,-0.00789384,6.09617,3.90184e-05,0.0172962,0.402181,11348.3,0.738273,0.344531,-0.1,0.02,1,94.6453,1.11821e+06,0.0206761,0.00049727,0,0.00205913,-0.0527459,nan,-0.00476049,nan,nan,nan,nan,-0.00806017,-0.0291833,-0.00761043,nan,-0.0508277,-0.000327869,-0.0406782,-0.164298,nan,-0.242933,-0.0379561,-0.191296,-0.0546967,0.0132067,-0.000455451,0.0162705,-0.522812
92,-16.7826,109.064,0.000778325,0,4.54167,0.170058,1.55234,0.000447061,-0.00856459,6.09549,3.90184e-05,0.0130492,0.402156,11698.5,0.684464,0.365926,-0.1,0.02,1,95.6972,1.1305e+06,0.0246424,0.000562558,0,0.00189819,-0.0519132,nan,-0.00444202,nan,nan,nan,nan,-0.00745453,-0.0268249,-0.00727422,nan,-0.0496717,-0.000183486,-0.040904,-0.159124,nan,-0.254498,-0.0358316,-0.187828,-0.0520642,0.0127946,-0.000427754,0.0163303,-0.368742
93,-15.9234,107.333,0.000638524,0,4.375,0.17018,1.58024,0.000353719,-0.00763705,6.09434,3.90184e-05,0.00986558,0.402099,13168,0.669917,0.263252,-0.1,0.02,1,96.6319,1.14278e+06,0.0207114,0.000521172,0,0.00188519,-0.0505717,nan,-0.00458381,nan,nan,nan,nan,-0.00772865,-0.0284557,-0.00738228,nan,-0.0487819,-0.000333333,-0.0402887,-0.155649,nan,-0.228667,-0.0348619,-0.1833,-0.0516381,0.0126068,-0.000426987,0.0154286,-0.244167
94,-17.0833,113.075,0.000629454,0,4.41667,0.172078,1.5755,0.00037613,-0.00734001,6.09271,3.90184e-05,0.0122835,0.402057,14269.1,0.596622,0.264539,-0.1,0.02,1,97.4944,1.15507e+06,0.0237274,0.000547644,0,0.00186603,-0.0533848,nan,-0.00465849,nan,nan,nan,nan,-0.00796696,-0.0293676,-0.00764444,nan,-0.0514803,-0.000301887,-0.0438528,-0.165452,nan,-0.249921,-0.0363405,-0.193504,-0.0540943,0.0131446,-0.000460927,0.0159434,-0.387485
95,-17.5317,117.582,0.000713736,0,5.08333,0.170081,1.5655,0.000404807,-0.00858088,6.0919,3.90184e-05,0.00990016,0.40204,14920.5,0.585228,0.238339,-0.1,0.02,1,98.3193,1.16736e+06,0.024222,0.000623266,0,0.00211764,-0.0548334,nan,-0.00500213,nan,nan,nan,nan,-0.00833402,-0.032013,-0.00809984,nan,-0.0534982,-0.000237705,-0.0445575,-0.17423,nan,-0.254715,-0.0369963,-0.20131,-0.0577951,0.013662,-0.000469299,0.0186066,-0.227046
96,-15.5244,104.241,0.000689946,0,4.5,0.174339,1.59866,0.000398588,-0.00858778,6.09141,3.90184e-05,0.0114127,0.402027,12780.9,0.610438,0.350993,-0.1,0.02,1,99.2821,1.17965e+06,0.0239151,0.000473915,0,0.0018638,-0.0490843,nan,-0.00430759,nan,nan,nan,nan,-0.00743636,-0.026681,-0.00720794,nan,-0.0474515,-0.000324074,-0.0395509,-0.152833,nan,-0.228273,-0.0343462,-0.177565,-0.049,0.0122638,-0.00039616,0.0166204,-0.248452
97,-17.7024,116.737,0.000578045,0,4.91667,0.172317,1.60399,0.00039233,-0.00753126,6.09134,3.90184e-05,0.0137653,0.402026,11596.9,0.702446,0.35715,-0.1,0.02,1,100.343,1.19194e+06,0.0218235,0.000630528,0,0.00196333,-0.0546266,nan,-0.00492695,nan,nan,nan,nan,-0.00813564,-0.0297638,-0.00793182,nan,-0.0531271,-6.77966e-05,-0.043048,-0.168649,nan,-0.264068,-0.0379479,-0.199795,-0.0547966,0.0137064,-0.000464943,0.0159746,-0.280059
98,-16.6854,113.018,0.000616599,0,4.66667,0.173324,1.59336,0.000403329,-0.00799803,6.09103,3.90184e-05,0.0156291,0.402009,11855.8,0.688948,0.347505,-0.1,0.02,1,101.381,1.20422e+06,0.0221388,0.000569004,0,0.00185421,-0.0536128,nan,-0.00490964,nan,nan,nan,nan,-0.00825508,-0.0285451,-0.00795499,nan,-0.051462,-0.000321429,-0.042535,-0.165265,nan,-0.243446,-0.0382104,-0.193165,-0.0528214,0.0131627,-0.000459721,0.0209375,-0.22059
99,-15.9789,104.353,0.000752456,0,4.83333,0.170334,1.58065,0.000419655,-0.00858273,6.09048,3.90184e-05,0.00696208,0.401989,12996.5,0.669092,0.276396,-0.1,0.02,1,102.329,1.21651e+06,0.020597,0.00054456,0,0.00177941,-0.0490432,nan,-0.00416138,nan,nan,nan,nan,-0.00742324,-0.0272053,-0.00716522,nan,-0.0476344,-0.000224138,-0.0382139,-0.15414,nan,-0.240978,-0.0335631,-0.179912,-0.0504483,0.0119616,-0.000427599,0.0168534,-0.392152
100,-17.539,113.398,0.000739357,0,4.08333,0.171065,1.58603,0.000427539,-0.00762485,6.08989,3.90184e-05,0.00925976,0.401969,13698.8,0.583734,0.313276,-0.1,0.02,1,103.227,1.2288e+06,0.0234383,0.000596148,0,0.00186028,-0.0538459,nan,-0.00489551,nan,nan,nan,nan,-0.00757006,-0.027107,-0.00777378,nan,-0.0516357,-0.000183673,-0.0416219,-0.166912,nan,-0.271059,-0.0354506,-0.192858,-0.0525612,0.0133702,-0.000444201,0.0168878,-0.376038
101,-18.1372,121.681,0.000660824,0,3.79167,0.169966,1.58906,0.000335985,-0.00868897,6.08885,3.90184e-05,0.0140235,0.40191,12961.7,0.674946,0.273078,-0.1,0.02,1,106.255,1.24109e+06,0.0234729,0.00069758,0,0.00200806,-0.0577057,nan,-0.00506879,nan,nan,nan,nan,-0.00850663,-0.031739,-0.00841181,nan,-0.0555017,-0.000208791,-0.0410323,-0.179392,nan,-0.270225,-0.0371964,-0.209165,-0.0591099,0.0138975,-0.00047752,0.0233516,-0.595801
102,-16.474,109.268,0.000720986,0,4.66667,0.17294,1.54825,0.000459329,-0.00854658,6.08654,3.90184e-05,0.00959542,0.40181,14076.4,0.632673,0.24028,-0.1,0.02,1,107.13,1.25338e+06,0.0227078,0.000545228,0,0.00172944,-0.051741,nan,-0.00455036,nan,nan,nan,nan,-0.00754705,-0.0269469,-0.00743287,nan,-0.0497425,-0.000223214,-0.0398,-0.160534,nan,-0.246651,-0.0342334,-0.186839,-0.0531339,0.0126115,-0.000414834,0.0163393,-0.439263
103,-13.7948,91.5275,0.000633297,0,3.79167,0.175347,1.54851,0.000329627,-0.00740353,6.08407,3.90184e-05,0.0110186,0.401772,14775.4,0.59311,0.238543,-0.1,0.02,1,107.962,1.26566e+06,0.0161869,0.000446736,0,0.00150376,-0.0430338,nan,-0.00391714,nan,nan,nan,nan,-0.00661117,-0.0230722,-0.00628048,nan,-0.0415836,-0.00010989,-0.0343294,-0.137015,nan,-0.202109,-0.0310599,-0.155644,-0.0428681,0.0105889,-0.000340095,0.0128571,-0.152388
104,-18.8001,127.742,0.00076366,0,4.04167,0.173397,1.55308,0.000495068,-0.00752388,6.08296,3.90184e-05,0.00973182,0.401712,13686.7,0.583054,0.314755,-0.1,0.02,1,108.862,1.27795e+06,0.0223245,0.000730025,0,0.00212021,-0.060174,nan,-0.00531196,nan,nan,nan,nan,-0.00905499,-0.0337135,-0.00914793,nan,-0.0581652,-0.000443299,-0.047169,-0.186891,nan,-0.272934,-0.0386607,-0.218826,-0.0595155,0.0145702,-0.000513534,0.0207732,nan
105,-17.5072,117.743,0.000798611,0,4.20833,0.172288,1.55117,0.000571,-0.00793486,6.08074,3.90184e-05,0.0123346,0.401632,10969.4,0.696183,0.424026,-0.1,0.02,1,109.983,1.29024e+06,0.0211821,0.000645047,0,0.00179983,-0.0556325,nan,-0.00482218,nan,nan,nan,nan,-0.0084925,-0.0307599,-0.00810899,nan,-0.0538223,-0.000435644,-0.0442696,-0.173763,nan,-0.256841,-0.0363725,-0.202648,-0.0559307,0.0135505,-0.000491575,0.0198515,nan
106,-16.929,111.76,0.000771364,0,4,0.17173,1.54409,0.000483794,-0.00772247,6.07809,3.90184e-05,0.00802589,0.40153,12020.4,0.678818,0.343441,-0.1,0.02,1,111.007,1.30253e+06,0.0231039,0.00066437,0,0.00188545,-0.0528103,nan,-0.00467958,nan,nan,nan,nan,-0.00817046,-0.0293486,-0.00777415,nan,-0.0509127,-0.00028125,-0.044433,-0.16361,nan,-0.25115,-0.0374345,-0.191464,-0.0510417,0.0128141,-0.000434347,0.0186458,-0.480989
107,-20.6559,133.514,0.000622761,0,4.45833,0.174151,1.54575,0.000422137,-0.00913516,6.07513,3.90184e-05,0.0162694,0.401444,12229.3,0.698085,0.306717,-0.1,0.02,1,112.014,1.31482e+06,0.0287104,0.000730898,0,0.00214162,-0.0635119,nan,-0.00538093,nan,nan,nan,nan,-0.00930972,-0.0348523,-0.00915832,nan,-0.0609836,-0.000299065,-0.0499232,-0.200833,nan,-0.312514,-0.0425871,-0.228877,-0.0622056,0.0153916,-0.000550307,0.0197196,-0.395943
108,-18.8427,123.707,0.000764363,0,3.41667,0.173622,1.58922,0.000437883,-0.00755486,6.07274,3.90184e-05,0.00736632,0.401369,12153.3,0.669365,0.341722,-0.1,0.02,1,113.026,1.3271e+06,0.0244258,0.000671795,0,0.00193279,-0.0585255,nan,-0.00504439,nan,nan,nan,nan,-0.00837261,-0.0319331,-0.00865359,nan,-0.0564248,-0.000195122,-0.0446136,-0.18049,nan,-0.288475,-0.0372096,-0.211214,-0.0565366,0.0139848,-0.000475772,0.0209146,-0.651851
109,-19.9225,135.396,0.000741437,0,4.41667,0.175351,1.5649,0.00043765,-0.00746551,6.07069,3.90184e-05,0.00607821,0.401302,11947.7,0.689802,0.338681,-0.1,0.02,1,114.056,1.33939e+06,0.0253012,0.000744748,0,0.00226439,-0.0644304,nan,-0.00585075,nan,nan,nan,nan,-0.00936695,-0.0353718,-0.0097385,nan,-0.0617268,-0.000330189,-0.0483506,-0.196027,nan,-0.289145,-0.04081,-0.231515,-0.0653019,0.0155696,-0.000551239,0.0212736,-0.292691
110,-17.8033,115.162,0.000675213,0,4.125,0.17502,1.56427,0.000398408,-0.00877016,6.0685,3.90184e-05,0.01111,0.401227,12654.1,0.673917,0.29715,-0.1,0.02,1,115.029,1.35168e+06,0.0246203,0.000649915,0,0.00185998,-0.0546795,nan,-0.00466687,nan,nan,nan,nan,-0.00785849,-0.0284805,-0.00769978,nan,-0.052471,-0.000212121,-0.0421409,-0.170121,nan,-0.272215,-0.0369211,-0.197463,-0.0553939,0.0133289,-0.000459347,0.0193939,-0.634772
111,-17.9017,122,0.000696708,0,3.75,0.172767,1.57046,0.000426522,-0.00862343,6.06698,3.90184e-05,0.011447,0.401213,13831.1,0.644875,0.243557,-0.1,0.02,1,115.919,1.36397e+06,0.0224174,0.000754152,0,0.00208219,-0.0579258,nan,-0.005214,nan,nan,nan,nan,-0.0086076,-0.0305559,-0.00877723,nan,-0.0555237,-0.000177778,-0.0458983,-0.178649,nan,-0.259839,-0.038829,-0.207049,-0.0555444,0.0137787,-0.000469953,0.0189444,nan
112,-17.5986,115.814,0.000769201,0,3.58333,0.173423,1.59229,0.000420656,-0.00834364,6.06666,3.90184e-05,0.0112046,0.401191,14937.4,0.583662,0.238969,-0.1,0.02,1,116.743,1.37626e+06,0.0271564,0.000611772,0,0.00204547,-0.0553299,nan,-0.00498488,nan,nan,nan,nan,-0.00834986,-0.0299638,-0.00798148,nan,-0.0528392,-0.000488372,-0.0446089,-0.171477,nan,-0.25853,-0.0393455,-0.197856,-0.0537791,0.0132556,-0.000447439,0.015,-0.258383
113,-19.1277,129.407,0.000778487,0,3.58333,0.171287,1.62556,0.000440318,-0.00696096,6.0657,3.90184e-05,0.0072013,0.401153,15034.8,0.576986,0.240317,-0.1,0.02,1,117.561,1.38854e+06,0.0230603,0.000687004,0,0.00212826,-0.0625092,nan,-0.00534814,nan,nan,nan,nan,-0.0090913,-0.0324891,-0.00903587,nan,-0.0593181,-0.000383721,-0.0474309,-0.190371,nan,-0.279379,-0.0397639,-0.223182,-0.0596163,0.014941,-0.000522733,0.0233721,-0.0917057
114,-20.2493,134.717,0.000672497,0,4.125,0.171751,1.62226,0.000411629,-0.00879278,6.06489,3.90184e-05,0.0147067,0.401143,14755.6,0.589207,0.243563,-0.1,0.02,1,118.395,1.40083e+06,0.0235017,0.000558623,0,0.00219727,-0.0642905,nan,-0.00571475,nan,nan,nan,nan,-0.00938156,-0.0346507,-0.00951293,nan,-0.0615268,-0.000414141,-0.0489132,-0.194421,nan,-0.299809,-0.0411404,-0.230006,-0.0634949,0.015376,-0.000536075,0.0185859,-0.439311
115,-20.5948,139.87,0.000654667,0,3.83333,0.176196,1.61864,0.000362481,-0.00834196,6.06475,3.90184e-05,0.0169152,0.401138,11158.1,0.735066,0.366195,-0.1,0.02,1,119.498,1.41312e+06,0.0271067,0.000634627,0,0.00229176,-0.0674073,nan,-0.00609913,nan,nan,nan,nan,-0.00989966,-0.0364621,-0.0101143,nan,-0.0639098,-0.000467391,-0.0497261,-0.204237,nan,-0.297991,-0.0422475,-0.240725,-0.0645,0.0163547,-0.000535643,0.0197826,-0.0729732
116,-15.8057,105.432,0.000789374,0,3.375,0.172506,1.59521,0.000496398,-0.00896158,6.06469,3.90184e-05,0.0115638,0.401141,10728.1,0.796968,0.34843,-0.1,0.02,1,120.645,1.42541e+06,0.0223006,0.000500388,0,0.00184534,-0.0503617,nan,-0.00449432,nan,nan,nan,nan,-0.00721389,-0.0265404,-0.00734751,nan,-0.0479179,-0.00037037,-0.0383586,-0.152805,nan,-0.235482,-0.0340208,-0.178907,-0.0497037,0.0118655,-0.000404492,0.0169753,-0.398633
117,-20.2844,133.235,0.00076442,0,4.08333,0.175269,1.59263,0.00051044,-0.00791614,6.06388,3.90184e-05,0.0102487,0.401064,12044.3,0.692611,0.327625,-0.1,0.02,1,121.667,1.4377e+06,0.0257696,0.000737105,0,0.00210516,-0.0641865,nan,-0.00557286,nan,nan,nan,nan,-0.00905373,-0.0328391,-0.00928116,nan,-0.0609103,-0.000377551,-0.0474089,-0.193384,nan,-0.304027,-0.0399354,-0.228886,-0.0643163,0.0154002,-0.000519424,0.0211224,-0.365656
118,-19.6992,131.405,0.000593942,0,4.625,0.175762,1.59605,0.000356202,-0.00806412,6.06094,3.90184e-05,0.00873805,0.400973,14012.3,0.634661,0.242284,-0.1,0.02,1,122.546,1.44998e+06,0.0267742,0.00073025,0,0.00221225,-0.0630603,nan,-0.00539928,nan,nan,nan,nan,-0.0090755,-0.0330537,-0.00920256,nan,-0.0600195,-0.000198198,-0.0466918,-0.191855,nan,-0.292633,-0.0399446,-0.225556,-0.0622432,0.0150838,-0.000538283,0.0212162,-0.425718
119,-19.7971,130.213,0.000671056,0,4.5,0.174829,1.58177,0.000378592,-0.00838015,6.05914,3.90184e-05,0.0153836,0.400946,12851,0.606404,0.349783,-0.1,0.02,1,123.503,1.46227e+06,0.0264519,0.000652994,0,0.00210841,-0.0626323,nan,-0.0053313,nan,nan,nan,nan,-0.00915736,-0.0337656,-0.00915877,nan,-0.0595461,-0.00037037,-0.0487761,-0.192868,nan,-0.292555,-0.0407336,-0.22424,-0.0621389,0.0148673,-0.000524144,0.0177778,-0.535574
120,-19.8996,129.815,0.000734931,0,3.83333,0.175269,1.61445,0.000390926,-0.00896106,6.05829,3.90184e-05,0.0140572,0.4009,11654.1,0.690586,0.363811,-0.1,0.02,1,124.559,1.47456e+06,0.0253515,0.000763399,0,0.00215773,-0.0626084,nan,-0.00523239,nan,nan,nan,nan,-0.00909623,-0.0336034,-0.00886975,nan,-0.0593381,-0.000663043,-0.045895,-0.189904,nan,-0.299829,-0.041273,-0.223448,-0.0627935,0.0148756,-0.000545469,0.0203804,-0.472505
121,-20.0132,138.967,0.000787531,0,3.75,0.173835,1.58717,0.000497989,-0.00865878,6.05658,3.90184e-05,0.00759052,0.400838,12064.2,0.689228,0.329326,-0.1,0.02,1,125.579,1.48685e+06,0.0282397,0.000790514,0,0.0024077,-0.0670621,nan,-0.00622489,nan,nan,nan,nan,-0.00954832,-0.0356258,-0.0103371,nan,-0.0634252,-7.77778e-05,-0.047013,-0.198531,nan,-0.290886,-0.0403779,-0.236516,-0.0650556,0.0159536,-0.000535647,0.0231667,nan
122,-16.5128,108.181,0.000694053,0,3.91667,0.172145,1.61425,0.000430156,-0.0080648,6.05469,3.90184e-05,0.01095,0.400776,12878.1,0.684414,0.269767,-0.1,0.02,1,126.535,1.49914e+06,0.0197833,0.000595983,0,0.00186024,-0.0519238,nan,-0.00435596,nan,nan,nan,nan,-0.00806514,-0.0278309,-0.0074275,nan,-0.0493163,-0.000489362,-0.0404303,-0.157177,nan,-0.242171,-0.0385826,-0.186058,-0.0492979,0.0125116,-0.000439952,0.0140957,-0.342132
123,-18.5357,125.375,0.000761417,0,3,0.17072,1.57679,0.000449493,-0.00796063,6.05297,3.90184e-05,0.0134546,0.400726,13908.5,0.642086,0.241402,-0.1,0.02,1,127.419,1.51142e+06,0.0247831,0.000713883,0,0.00210737,-0.0606586,nan,-0.00555944,nan,nan,nan,nan,-0.00891581,-0.0331089,-0.00919277,nan,-0.0573026,-0.000388889,-0.043864,-0.184885,nan,-0.268,-0.03972,-0.21657,-0.0596667,0.0142353,-0.000512281,0.0197222,nan
124,-16.3202,108.351,0.000717025,0,3.91667,0.172447,1.56587,0.000467771,-0.00846291,6.052,3.90184e-05,0.011381,0.400719,11867.6,0.673989,0.361435,-0.1,0.02,1,128.456,1.52371e+06,0.02422,0.000667086,0,0.00178666,-0.0515342,nan,-0.00447128,nan,nan,nan,nan,-0.00764196,-0.0269371,-0.00733469,nan,-0.0495163,-0.000606383,-0.0377603,-0.157061,nan,-0.242482,-0.0367916,-0.185791,-0.0511383,0.0126058,-0.000416543,0.0147872,-0.497927
125,-21.4663,150.196,0.000770848,0,4.04167,0.175925,1.54923,0.000482073,-0.00879023,6.05208,3.90184e-05,0.0175298,0.400718,11771.8,0.718593,0.325257,-0.1,0.02,1,129.502,1.536e+06,0.0333113,0.000791855,0,0.00268848,-0.0720115,nan,-0.00649361,nan,nan,nan,nan,-0.0104224,-0.0385085,-0.0108947,nan,-0.0684979,-0.00028866,-0.0525554,-0.215226,nan,-0.304815,-0.043497,-0.256561,-0.071,0.0173902,-0.000593637,0.023866,nan
126,-18.6159,126.483,0.000700584,0,3.70833,0.181428,1.5554,0.000393675,-0.00863055,6.05198,3.90184e-05,0.0151012,0.400723,11708.7,0.680974,0.368505,-0.1,0.02,1,130.553,1.54829e+06,0.0236549,0.000726241,0,0.00215175,-0.0607499,nan,-0.00563955,nan,nan,nan,nan,-0.008727,-0.0327438,-0.00906447,nan,-0.0578653,-0.000348315,-0.0445151,-0.185848,nan,-0.266314,-0.0386642,-0.216772,-0.0609551,0.0143966,-0.000474434,0.0196629,-0.24101
127,-21.5489,144.464,0.000701539,0,4.04167,0.181089,1.54176,0.000450727,-0.00898653,6.05234,3.90184e-05,0.012851,0.400739,13163.4,0.657356,0.276141,-0.1,0.02,1,131.488,1.56058e+06,0.0271291,0.000684031,0,0.00248637,-0.0690601,nan,-0.00592536,nan,nan,nan,nan,-0.00999898,-0.0368571,-0.0102275,nan,-0.0660541,-0.000123711,-0.0512329,-0.213223,nan,-0.316912,-0.0421382,-0.246812,-0.0675773,0.0165883,-0.000567483,0.0234021,-0.534789
128,-19.3332,126.616,0.000773689,0,3.58333,0.176618,1.56176,0.000442323,-0.00744075,6.05261,3.90184e-05,0.0105108,0.400736,14862.4,0.586745,0.240041,-0.1,0.02,1,132.316,1.57286e+06,0.0222656,0.000613135,0,0.00218109,-0.0611299,nan,-0.00527674,nan,nan,nan,nan,-0.0091003,-0.0332782,-0.00871043,nan,-0.0578135,-0.000453488,-0.0453808,-0.189821,nan,-0.282853,-0.0421655,-0.216871,-0.060186,0.0143042,-0.00050707,0.0218605,-0.308281
129,-20.3378,134.333,0.000671288,0,2.875,0.176385,1.59621,0.00034722,-0.00896839,6.05185,3.90184e-05,0.0114865,0.40068,13307.7,0.588242,0.335136,-0.1,0.02,1,133.241,1.58515e+06,0.0226068,0.000646966,0,0.00235182,-0.0642725,nan,-0.00556174,nan,nan,nan,nan,-0.00936578,-0.034429,-0.00943291,nan,-0.0612462,-0.000536232,-0.0491395,-0.199102,nan,-0.297109,-0.0424166,-0.230132,-0.0615072,0.0155778,-0.000535301,0.0197826,-0.450918
130,-19.0613,127.702,0.000738578,0,3.5,0.178017,1.56613,0.000449371,-0.00878372,6.05074,3.90184e-05,0.0104404,0.400685,11309,0.702794,0.383778,-0.1,0.02,1,134.329,1.59744e+06,0.0241572,0.00069418,0,0.00207666,-0.0605779,nan,-0.00521833,nan,nan,nan,nan,-0.00936448,-0.0357328,-0.00898895,nan,-0.0582611,-0.000238095,-0.0467595,-0.191075,nan,-0.276347,-0.0407034,-0.21937,-0.0597619,0.01438,-0.000517342,0.023631,-0.427662
131,-20.385,138.948,0.000723903,0,4.04167,0.172548,1.58599,0.000414865,-0.00823863,6.05083,3.90184e-05,0.0113534,0.400673,12128.5,0.67902,0.334128,-0.1,0.02,1,135.344,1.60973e+06,0.0260051,0.000801966,0,0.00231394,-0.0663137,nan,-0.00618928,nan,nan,nan,nan,-0.00993279,-0.0381035,-0.0100737,nan,-0.0633868,-0.000113402,-0.0518579,-0.204956,nan,-0.29191,-0.0413456,-0.238647,-0.0654639,0.0159876,-0.000547681,0.0244845,nan
132,-19.5439,131.449,0.000726757,0,3.25,0.173247,1.54856,0.000473939,-0.00834564,6.04924,3.90184e-05,0.0130091,0.400562,12361.6,0.703969,0.29008,-0.1,0.02,1,136.34,1.62202e+06,0.026061,0.000731189,0,0.00204029,-0.0632565,nan,-0.0058559,nan,nan,nan,nan,-0.00907712,-0.0331522,-0.00925563,nan,-0.0600794,-6.41026e-05,-0.0468414,-0.190278,nan,-0.290971,-0.0395672,-0.225174,-0.0625256,0.0150512,-0.00052198,0.0222436,-0.522709
133,-18.227,120.595,0.000709765,0,3.5,0.172645,1.55735,0.000420072,-0.00779594,6.04603,3.90184e-05,0.0099191,0.400499,14883.2,0.586554,0.239072,-0.1,0.02,1,137.168,1.6343e+06,0.0222121,0.00073531,0,0.00194104,-0.0579751,nan,-0.00520881,nan,nan,nan,nan,-0.00811868,-0.0291538,-0.00839525,nan,-0.0550016,-0.000369048,-0.0433326,-0.175346,nan,-0.272802,-0.0366007,-0.205659,-0.0577024,0.0137622,-0.000479464,0.0166667,-0.442053
134,-22.331,143.322,0.000735912,0,3.625,0.1755,1.5664,0.000382282,-0.00783739,6.04489,3.90184e-05,0.00862824,0.400465,13279.6,0.600146,0.325186,-0.1,0.02,1,138.095,1.64659e+06,0.0238412,0.000726262,0,0.00223944,-0.0689723,nan,-0.00594506,nan,nan,nan,nan,-0.00995903,-0.0371729,-0.0100925,nan,-0.0654746,-0.000195402,-0.0502334,-0.207307,nan,-0.341762,-0.0452784,-0.246239,-0.0697471,0.0162423,-0.00058813,0.0217816,-0.487538
135,-19.7693,133.4,0.000652257,0,3.33333,0.177017,1.55384,0.000387404,-0.00843335,6.04337,3.90184e-05,0.00824441,0.400399,11063.6,0.704086,0.406587,-0.1,0.02,1,139.207,1.65888e+06,0.0260938,0.000846082,0,0.00232925,-0.0640161,nan,-0.005675,nan,nan,nan,nan,-0.00940412,-0.0352263,-0.00945972,nan,-0.0609143,-0.0002125,-0.0449535,-0.195106,nan,-0.290048,-0.0425208,-0.226869,-0.0647875,0.0151265,-0.000558724,0.023875,-0.279364
136,-22.7284,152.024,0.000842984,0,3.45833,0.174367,1.55022,0.000519769,-0.00797945,6.04173,3.90184e-05,0.00848034,0.40037,12184.3,0.676437,0.332077,-0.1,0.02,1,140.217,1.67117e+06,0.0280592,0.00089095,0,0.00242343,-0.073164,nan,-0.00617349,nan,nan,nan,nan,-0.0107552,-0.0409465,-0.0108224,nan,-0.0695194,-0.000421687,-0.0545516,-0.223548,nan,-0.335132,-0.0458823,-0.260209,-0.0717831,0.0173004,-0.000658691,0.0260241,-0.626638
137,-21.9766,149.254,0.000696378,0,2.79167,0.173968,1.5526,0.000393069,-0.008918,6.04154,3.90184e-05,0.0129615,0.400378,12398.3,0.679218,0.311889,-0.1,0.02,1,141.21,1.68346e+06,0.0254362,0.000830326,0,0.00241322,-0.0716828,nan,-0.00674567,nan,nan,nan,nan,-0.0103802,-0.0382564,-0.0110595,nan,-0.068247,-0.000298507,-0.0519709,-0.219553,nan,-0.321407,-0.0442322,-0.254451,-0.070403,0.0171795,-0.000554469,0.0245522,nan
138,-24.0664,160.048,0.000746128,0,2.58333,0.177801,1.55695,0.000393954,-0.00754595,6.04103,3.90184e-05,0.00909856,0.400322,14760.1,0.593452,0.239061,-0.1,0.02,1,142.044,1.69574e+06,0.0263833,0.000611362,0,0.00232158,-0.0769468,nan,-0.00687194,nan,nan,nan,nan,-0.011221,-0.0438216,-0.011607,nan,-0.0732229,-0.0005,-0.0560242,-0.237273,nan,-0.356826,-0.0467648,-0.27578,-0.0776613,0.0185689,-0.000629431,0.0264516,-0.155351
139,-26.6663,168.444,0.000713756,0,3.375,0.180624,1.54892,0.000407965,-0.00847269,6.03919,3.90184e-05,0.0150691,0.40027,12366.7,0.606956,0.386678,-0.1,0.02,1,143.039,1.70803e+06,0.0319169,0.000973108,0,0.00245705,-0.0801336,nan,-0.00704148,nan,nan,nan,nan,-0.0110474,-0.0433916,-0.0117889,nan,-0.0768961,-0.000148148,-0.0574652,-0.244486,nan,-0.430225,-0.0482047,-0.288075,-0.0794568,0.0190277,-0.000662357,0.0283951,-0.600407
140,-26.3709,172.869,0.000707603,0,3.5,0.174411,1.53862,0.000381518,-0.00781156,6.03832,3.90184e-05,0.0106187,0.40027,10633.4,0.741388,0.414212,-0.1,0.02,1,144.196,1.72032e+06,0.0286807,0.000944518,0,0.00264561,-0.0824189,nan,-0.00710905,nan,nan,nan,nan,-0.0116105,-0.0447615,-0.0122398,nan,-0.0790426,-0.000178571,-0.0596769,-0.252648,nan,-0.40482,-0.0494577,-0.295031,-0.0826071,0.0197417,-0.000675902,0.0282738,-0.46344
141,-22.4222,153.573,0.00083227,0,3.125,0.173987,1.60601,0.000475732,-0.00829876,6.03834,3.90184e-05,0.0102542,0.40026,11019.9,0.737903,0.377167,-0.1,0.02,1,145.313,1.73261e+06,0.0306595,0.000876469,0,0.00236504,-0.0741208,nan,-0.006664,nan,nan,nan,nan,-0.0106169,-0.0402953,-0.0111553,nan,-0.0700979,-0.000346667,-0.0567422,-0.222349,nan,-0.330528,-0.0437096,-0.260381,-0.0718133,0.0171372,-0.000594498,0.0272667,nan
142,-21.7143,146.742,0.000685985,0,3.70833,0.176574,1.55515,0.000440769,-0.00816488,6.03751,3.90184e-05,0.0113155,0.400216,11804.7,0.732052,0.308893,-0.1,0.02,1,146.356,1.7449e+06,0.030322,0.00074242,0,0.00222462,-0.0707074,nan,-0.00629236,nan,nan,nan,nan,-0.0105122,-0.0395911,-0.0107503,nan,-0.0670371,-0.000438202,-0.0527433,-0.219351,nan,-0.319609,-0.0438572,-0.253401,-0.0681798,0.0163636,-0.000594488,0.0276966,nan
143,-22.4926,149.975,0.000883338,0,3.375,0.173363,1.55464,0.000506678,-0.0089493,6.03569,3.90184e-05,0.017307,0.400134,12316.9,0.748947,0.248703,-0.1,0.02,1,147.355,1.75718e+06,0.0307477,0.000824463,0,0.00222608,-0.0720949,nan,-0.00667086,nan,nan,nan,nan,-0.00993261,-0.0381028,-0.0108226,nan,-0.0684926,-0.000320988,-0.0526398,-0.216225,nan,-0.342142,-0.0423676,-0.255982,-0.0722593,0.0172501,-0.000573696,0.0232716,-0.418203
144,-24.1815,161.291,0.000768551,0,3.58333,0.173836,1.54731,0.000516846,-0.00802916,6.03315,3.90184e-05,0.0121719,0.400062,14661.2,0.590862,0.247269,-0.1,0.02,1,148.194,1.76947e+06,0.0303715,0.000864626,0,0.0024965,-0.0777229,nan,-0.00690605,nan,nan,nan,nan,-0.0110046,-0.042012,-0.0116059,nan,-0.0736314,-0.000186047,-0.056327,-0.234741,nan,-0.362938,-0.0472299,-0.275553,-0.0770814,0.0183737,-0.000630901,0.0262791,-0.212625
145,-22.2776,149.835,0.000771936,0,3.54167,0.174749,1.52676,0.000458636,-0.00854163,6.03166,3.90184e-05,0.0119127,0.400046,14730,0.591313,0.242905,-0.1,0.02,1,149.03,1.78176e+06,0.0290921,0.000927556,0,0.00237681,-0.071604,nan,-0.00623482,nan,nan,nan,nan,-0.0106332,-0.0390869,-0.0106937,nan,-0.0684633,-0.000388235,-0.0516287,-0.214056,nan,-0.334801,-0.0424827,-0.256858,-0.0697059,0.0167858,-0.00059283,0.0247059,-0.298631
146,-18.4691,124.392,0.000764292,0,3.29167,0.179444,1.57639,0.000529366,-0.00859359,6.03124,3.90184e-05,0.0115595,0.400012,14954.3,0.577429,0.244272,-0.1,0.02,1,149.853,1.79405e+06,0.0212816,0.00070793,0,0.00199638,-0.0599104,nan,-0.00526835,nan,nan,nan,nan,-0.00892047,-0.0340253,-0.00889889,nan,-0.0568002,-0.000113924,-0.0440849,-0.183524,nan,-0.269204,-0.0369534,-0.213612,-0.0590759,0.013876,-0.000487269,0.0217089,-0.169583
147,-26.3092,177.436,0.000694927,0,4.20833,0.175033,1.53001,0.000442442,-0.00752986,6.03022,3.90184e-05,0.0107319,0.399997,14624.7,0.587292,0.252932,-0.1,0.02,1,150.694,1.80634e+06,0.0346761,0.000972068,0,0.00276906,-0.0852478,nan,-0.00731426,nan,nan,nan,nan,-0.0123421,-0.0481462,-0.0125932,nan,-0.0810849,-0.000366337,-0.0618919,-0.258559,nan,-0.388381,-0.0510622,-0.303268,-0.0830495,0.0197847,-0.000728139,0.0306436,-0.345808
148,-25.1688,167.966,0.000784729,0,3.66667,0.174333,1.56939,0.000556808,-0.00881643,6.02985,3.90184e-05,0.0130526,0.399977,14785.5,0.584454,0.246633,-0.1,0.02,1,151.527,1.81862e+06,0.0295724,0.000881106,0,0.00252918,-0.0805709,nan,-0.00720591,nan,nan,nan,nan,-0.0113547,-0.0440708,-0.0122478,nan,-0.0767711,-0.000227273,-0.0575595,-0.247554,nan,-0.376371,-0.0477363,-0.287188,-0.0772614,0.0188595,-0.000649654,0.0260795,-0.844252
149,-21.4513,146.514,0.000819936,0,2.91667,0.173581,1.54871,0.000447474,-0.00888268,6.02891,3.90184e-05,0.0115782,0.399931,14886.9,0.575369,0.250057,-0.1,0.02,1,152.354,1.83091e+06,0.0308102,0.000686684,0,0.00238546,-0.0704843,nan,-0.00619943,nan,nan,nan,nan,-0.0101586,-0.0390458,-0.0105777,nan,-0.0670092,-0.000242857,-0.0500074,-0.214389,nan,-0.311533,-0.0417298,-0.252415,-0.067,0.0163944,-0.000564376,0.0226429,-0.289164
150,-20.5137,141.494,0.000887775,0,3.29167,0.17695,1.52563,0.000501495,-0.00777173,6.02696,3.90184e-05,0.00766777,0.399849,14116,0.610922,0.259582,-0.1,0.02,1,153.225,1.8432e+06,0.0245273,0.000843325,0,0.00235579,-0.0688315,nan,-0.00610253,nan,nan,nan,nan,-0.00997279,-0.0374985,-0.0102496,nan,-0.064706,-0.000303797,-0.0462061,-0.205329,nan,-0.294388,-0.0406893,-0.243995,-0.0660886,0.0157709,-0.000572806,0.026519,-0.0608414
151,-25.1642,169.276,0.000799573,0,3.16667,0.177947,1.53296,0.00048233,-0.00776826,6.02466,3.90184e-05,0.0113162,0.399787,14912,0.582863,0.241169,-0.1,0.02,1,154.051,1.85549e+06,0.0332179,0.000919681,0,0.00269226,-0.0817852,nan,-0.00699184,nan,nan,nan,nan,-0.0116964,-0.0446343,-0.0122734,nan,-0.0774343,-0.000355263,-0.0574099,-0.242147,nan,-0.376292,-0.0478369,-0.291656,-0.0762895,0.0185944,-0.000692299,0.0268421,-0.986566
152,-20.2126,133.406,0.000798153,0,4,0.176606,1.52341,0.000482573,-0.00766626,6.02343,3.90184e-05,0.00716029,0.399779,14783.2,0.58277,0.248444,-0.1,0.02,1,154.883,1.86778e+06,0.0257789,0.000711538,0,0.00216146,-0.0645062,nan,-0.00532208,nan,nan,nan,nan,-0.00913401,-0.0341234,-0.00912048,nan,-0.0611281,-0.0003125,-0.0444791,-0.194974,nan,-0.303558,-0.0400757,-0.229792,-0.0619375,0.0147027,-0.000551662,0.0172396,-0.390728
153,-20.5338,137.793,0.000690938,0.0416667,3.58333,0.176235,1.54048,0.000405818,-0.00835055,6.02359,3.90184e-05,0.0155639,0.39978,14672,0.588123,0.249388,-0.1,0.02,1,155.722,1.88006e+06,0.0273887,0.00081805,0,0.00222667,-0.0667451,nan,-0.00547931,nan,nan,nan,nan,-0.0100267,-0.0363428,-0.00953742,nan,-0.0629649,-0.000298851,-0.0491259,-0.198013,nan,-0.301037,-0.0432696,-0.237527,-0.061931,0.0152115,-0.000565331,0.0232184,-1.10398
154,-23.0397,157.957,0.00080894,0,2.875,0.177559,1.53005,0.000554319,-0.00775784,6.0232,3.90184e-05,0.0108912,0.399754,15135.3,0.57015,0.241726,-0.1,0.02,1,156.535,1.89235e+06,0.030223,0.00086536,0,0.00262363,-0.0760334,nan,-0.00662261,nan,nan,nan,nan,-0.0112253,-0.0429185,-0.0113182,nan,-0.0723534,-0.000217391,-0.053658,-0.231338,nan,-0.328823,-0.0470357,-0.271075,-0.0711594,0.0174996,-0.000653918,0.0254348,-0.289609
155,-21.5208,149.299,0.000694231,0,3.20833,0.17605,1.54171,0.000383509,-0.00821148,6.02265,3.90184e-05,0.00697618,0.399755,14982.9,0.575634,0.2445,-0.1,0.02,1,157.357,1.90464e+06,0.0336366,0.000829844,0,0.00254094,-0.0726501,nan,-0.00640571,nan,nan,nan,nan,-0.0106399,-0.0389272,-0.011003,nan,-0.0681964,-0.000571429,-0.049759,-0.217301,nan,-0.308148,-0.0442313,-0.254033,-0.0687662,0.016695,-0.00060268,0.0214935,nan
156,-20.4815,140.762,0.000745929,0,4.375,0.17153,1.53226,0.000501669,-0.007934,6.02232,3.90184e-05,0.0127652,0.399715,14359,0.605045,0.250727,-0.1,0.02,1,158.214,1.91693e+06,0.0253221,0.000748556,0,0.00247457,-0.0677492,nan,-0.00595638,nan,nan,nan,nan,-0.00967123,-0.0360446,-0.0100314,nan,-0.0643692,-0.000609524,-0.047677,-0.204583,nan,-0.291254,-0.0422767,-0.240358,-0.0653619,0.0157511,-0.000551636,0.0214762,-0.175971
157,-18.1786,121.435,0.000700582,0,3.83333,0.167345,1.54392,0.00039801,-0.00851027,6.0206,3.90184e-05,0.0103343,0.399649,14020.6,0.615437,0.260985,-0.1,0.02,1,159.092,1.92922e+06,0.0277044,0.000821052,0,0.0021061,-0.0583721,nan,-0.00500239,nan,nan,nan,nan,-0.00865294,-0.031412,-0.00834659,nan,-0.0554801,-0.000347826,-0.0406414,-0.173105,nan,-0.275275,-0.0386717,-0.206226,-0.0554022,0.0134067,-0.000491565,0.0195652,-0.695032
158,-17.3225,118.403,0.00079801,0,3.20833,0.167093,1.55724,0.000489494,-0.00827578,6.01973,3.90184e-05,0.0173549,0.399683,14572.1,0.599009,0.244246,-0.1,0.02,1,159.937,1.9415e+06,0.0198683,0.000561753,0,0.00197952,-0.0569633,nan,-0.00478649,nan,nan,nan,nan,-0.00863953,-0.0304864,-0.0082262,nan,-0.0540125,-0.00025974,-0.0429391,-0.168177,nan,-0.250274,-0.0367164,-0.202374,-0.0517922,0.0128084,-0.000467946,0.0198052,-0.193699
159,-22.0823,153.578,0.000809753,0,3.75,0.168683,1.5182,0.000501704,-0.00752114,6.02058,3.90184e-05,0.00987421,0.399671,14670.9,0.580284,0.25729,-0.1,0.02,1,160.775,1.95379e+06,0.0319393,0.0007,0,0.00243621,-0.0730832,nan,-0.00634889,nan,nan,nan,nan,-0.0113811,-0.0423497,-0.0110655,nan,-0.0700972,-0.000211111,-0.0502757,-0.219701,nan,-0.318517,-0.0471267,-0.2612,-0.0674111,0.0166424,-0.000622653,0.0235556,nan
160,-21.7365,146.909,0.000838933,0,3.66667,0.168507,1.55491,0.000531751,-0.00880211,6.01999,3.90184e-05,0.0125626,0.399676,14731.3,0.588305,0.24584,-0.1,0.02,1,161.611,1.96608e+06,0.027868,0.000859732,0,0.00244237,-0.0709966,nan,-0.00623659,nan,nan,nan,nan,-0.0102253,-0.0390144,-0.0104827,nan,-0.0672777,-0.000409091,-0.0517489,-0.20671,nan,-0.320296,-0.0421469,-0.25133,-0.0659432,0.0161975,-0.000568584,0.0199432,-0.945897
161,-23.5424,161.106,0.000832081,0,3.54167,0.168858,1.58415,0.000533756,-0.00727218,6.02006,3.90184e-05,0.00953493,0.399654,14185.5,0.605511,0.260725,-0.1,0.02,1,162.479,1.97837e+06,0.0298433,0.000798471,0,0.00259448,-0.0775247,nan,-0.00646,nan,nan,nan,nan,-0.0116862,-0.043387,-0.0114713,nan,-0.0737089,-0.000505882,-0.0556386,-0.231898,nan,-0.342132,-0.047779,-0.27699,-0.0713882,0.0173504,-0.000693335,0.0312353,-0.326247
162,-22.9014,155.767,0.000796396,0,3.58333,0.172233,1.53565,0.000429368,-0.00856112,6.01905,3.90184e-05,0.00826955,0.399615,15021,0.578221,0.239836,-0.1,0.02,1,163.298,1.99066e+06,0.0287841,0.000888766,0,0.00244749,-0.07511,nan,-0.00613419,nan,nan,nan,nan,-0.0109698,-0.0396216,-0.0111293,nan,-0.0713914,-0.000337209,-0.0553657,-0.225454,nan,-0.33547,-0.0449209,-0.269001,-0.0666395,0.0169143,-0.000607631,0.0242442,-0.532791
163,-17.8758,123.5,0.000880589,0,3,0.171024,1.53926,0.000519928,-0.00808131,6.01778,3.90184e-05,0.0126639,0.399565,14956.4,0.571242,0.250345,-0.1,0.02,1,164.121,2.00294e+06,0.02599,0.00061504,0,0.00203344,-0.0596943,nan,-0.00491694,nan,nan,nan,nan,-0.00919713,-0.0314575,-0.00885364,nan,-0.056481,-0.000152778,-0.0460045,-0.181167,nan,-0.252898,-0.0385534,-0.212058,-0.0516528,0.0133536,-0.000474763,0.0177778,nan
164,-22.5697,154.382,0.000767031,0,3.70833,0.166356,1.56824,0.000412823,-0.00841657,6.01656,3.90184e-05,0.0125642,0.399545,12468.5,0.627801,0.357724,-0.1,0.02,1,165.108,2.01523e+06,0.0295967,0.000891004,0,0.00264512,-0.0742125,nan,-0.00622517,nan,nan,nan,nan,-0.0106648,-0.0385871,-0.010999,nan,-0.0706245,-0.000449438,-0.0549179,-0.219431,nan,-0.331448,-0.044803,-0.263317,-0.067191,0.0168244,-0.00061825,0.0244944,-0.840971
165,-22.1884,149.329,0.000945007,0,3.54167,0.169596,1.5566,0.00052811,-0.00876238,6.01596,3.90184e-05,0.0137408,0.399521,10866.4,0.726128,0.404693,-0.1,0.02,1,166.24,2.02752e+06,0.0316286,0.000664773,0,0.0024166,-0.0728173,nan,-0.005656,nan,nan,nan,nan,-0.0107828,-0.037765,-0.0100807,nan,-0.0683409,-0.000317647,-0.0559118,-0.215383,nan,-0.326397,-0.0449997,-0.257318,-0.0631647,0.0160462,-0.000614094,0.0238824,-0.411094
166,-27.1778,185.973,0.00083938,0,3.04167,0.167104,1.56503,0.000555684,-0.00801269,6.01585,3.90184e-05,0.0124009,0.399549,11854.7,0.667278,0.369273,-0.1,0.02,1,167.278,2.03981e+06,0.0388779,0.00110411,0,0.00296852,-0.0900895,nan,-0.0074137,nan,nan,nan,nan,-0.0127588,-0.0478068,-0.0131453,nan,-0.085006,-0.000246575,-0.0669899,-0.267102,nan,-0.40236,-0.0500246,-0.318095,-0.078726,0.0202602,-0.000775815,0.0299315,-0.419512
167,-23.3688,159.12,0.000816764,0,3.45833,0.172124,1.57017,0.000498781,-0.00830097,6.01672,3.90184e-05,0.0126774,0.399562,12869.3,0.659853,0.294977,-0.1,0.02,1,168.235,2.0521e+06,0.0307878,0.000849092,0,0.00261154,-0.0773582,nan,-0.0061959,nan,nan,nan,nan,-0.0109291,-0.0407464,-0.0110898,nan,-0.0727789,-0.000108434,-0.0554987,-0.232865,nan,-0.339108,-0.0454245,-0.271547,-0.0678916,0.0170784,-0.000650674,0.0254819,-0.270926
168,-20.0459,139.654,0.000810609,0,3.375,0.17278,1.5523,0.000462914,-0.00744633,6.0162,3.90184e-05,0.00920148,0.399516,11552.1,0.69184,0.371863,-0.1,0.02,1,169.3,2.06438e+06,0.0291166,0.000658654,0,0.00229391,-0.0683133,nan,-0.00565728,nan,nan,nan,nan,-0.0100615,-0.0355484,-0.00998584,nan,-0.0638701,-0.000197531,-0.0506234,-0.200604,nan,-0.286948,-0.0410845,-0.239221,-0.0589136,0.0148688,-0.000579843,0.0239506,-0.127757
169,-21.3447,145.273,0.000808426,0,3.20833,0.17263,1.53928,0.000474452,-0.00734445,6.01457,3.90184e-05,0.0120147,0.39946,11514,0.701733,0.365486,-0.1,0.02,1,170.369,2.07667e+06,0.0296124,0.000928335,0,0.00246975,-0.071035,nan,-0.00551117,nan,nan,nan,nan,-0.0102719,-0.0369673,-0.0100619,nan,-0.0664786,-0.000207792,-0.0516873,-0.207209,nan,-0.312993,-0.0427939,-0.249878,-0.0615325,0.0156497,-0.000606756,0.0255844,-0.365681
170,-22.5682,150.564,0.000899998,0,3.25,0.171853,1.54351,0.000547463,-0.00820006,6.01311,3.90184e-05,0.0111787,0.399418,11378.7,0.732912,0.347002,-0.1,0.02,1,171.45,2.08896e+06,0.0291255,0.00104921,0,0.00235449,-0.0734072,nan,-0.00569667,nan,nan,nan,nan,-0.010547,-0.0381409,-0.0103251,nan,-0.068929,-0.000538462,-0.050478,-0.215586,nan,-0.339333,-0.0447441,-0.258874,-0.0666923,0.0166445,-0.000594984,0.0267949,-0.532747
171,-21.0375,144.915,0.000924841,0,2.95833,0.175061,1.52993,0.000569411,-0.00796448,6.01129,3.90184e-05,0.00962986,0.399328,13498.9,0.636089,0.27421,-0.1,0.02,1,172.362,2.10125e+06,0.0287883,0.000759061,0,0.00250835,-0.0709733,nan,-0.00536394,nan,nan,nan,nan,-0.0106342,-0.0376087,-0.010007,nan,-0.0665047,-0.000422535,-0.0523337,-0.208292,nan,-0.301848,-0.0455759,-0.250542,-0.0597746,0.0156296,-0.00063509,0.0276761,-0.477165
172,-20.2821,140.167,0.000688432,0,3.5,0.170109,1.54133,0.00039879,-0.00888647,6.00805,3.90184e-05,0.00908502,0.399209,12270.6,0.642786,0.358636,-0.1,0.02,1,173.365,2.11354e+06,0.0291367,0.000732628,0,0.00231095,-0.0684401,nan,-0.00573619,nan,nan,nan,nan,-0.00987019,-0.0361562,-0.00990175,nan,-0.0642714,-0.00027381,-0.0463714,-0.201828,nan,-0.293613,-0.0409693,-0.24117,-0.0614524,0.0152763,-0.000581078,0.0236905,-0.193978
173,-22.1322,151.851,0.000836134,0,2.79167,0.169672,1.54489,0.000445857,-0.00828307,6.00529,3.90184e-05,0.012428,0.399161,11623.5,0.69585,0.361316,-0.1,0.02,1,174.424,2.12582e+06,0.0291393,0.000728698,0,0.00260901,-0.07482,nan,-0.00587254,nan,nan,nan,nan,-0.0111471,-0.0403651,-0.0106881,nan,-0.0694747,-0.000313433,-0.0556528,-0.221125,nan,-0.31392,-0.0461606,-0.261195,-0.0669104,0.0161389,-0.000640068,0.0285821,-0.185002
174,-26.159,176.066,0.000970305,0,2.54167,0.173466,1.51979,0.000563272,-0.0085802,6.00452,3.90184e-05,0.0120153,0.399148,10927.1,0.72563,0.398918,-0.1,0.02,1,175.55,2.13811e+06,0.0346517,0.00102301,0,0.00281686,-0.0861384,nan,-0.00694852,nan,nan,nan,nan,-0.0123606,-0.0462984,-0.0125647,nan,-0.0807167,-0.000327869,-0.0661965,-0.255922,nan,-0.382002,-0.0515725,-0.302586,-0.0747869,0.0186477,-0.000726606,0.0290164,-0.456189
175,-22.4094,156.5,0.000873609,0,3.58333,0.17568,1.52185,0.000553879,-0.00854077,6.00405,3.90184e-05,0.0101136,0.399123,12847.1,0.648314,0.308168,-0.1,0.02,1,176.508,2.1504e+06,0.0357887,0.000887383,0,0.00254265,-0.0762919,nan,-0.00636233,nan,nan,nan,nan,-0.0114397,-0.0407465,-0.0113074,nan,-0.0716424,-0.000360465,-0.0561826,-0.224784,nan,-0.320395,-0.0474711,-0.269793,-0.0669767,0.0167322,-0.000634457,0.0279651,nan
176,-24.4788,167.673,0.000793472,0,4.33333,0.172751,1.53526,0.000546817,-0.00810275,6.00337,3.90184e-05,0.00811076,0.399113,14658.7,0.596774,0.241501,-0.1,0.02,1,177.347,2.16269e+06,0.0293474,0.000819475,0,0.00275951,-0.0825285,nan,-0.00643635,nan,nan,nan,nan,-0.0117514,-0.0422692,-0.011777,nan,-0.0767498,-9.61538e-05,-0.0614879,-0.242906,nan,-0.352501,-0.0496269,-0.286632,-0.0711731,0.017943,-0.000662552,0.0324038,-0.275927
177,-22.5883,151.914,0.000816112,0,3.875,0.172717,1.54792,0.000504102,-0.00833474,6.00322,3.90184e-05,0.00726288,0.399115,15332.1,0.565045,0.236413,-0.1,0.02,1,178.15,2.17498e+06,0.0317097,0.000943317,0,0.00257562,-0.0750367,nan,-0.00570839,nan,nan,nan,nan,-0.0105582,-0.0385203,-0.0101888,nan,-0.0694067,-0.000408602,-0.0588169,-0.215496,nan,-0.332246,-0.0442067,-0.260198,-0.0629892,0.0160537,-0.000623656,0.0248387,-0.491295
178,-19.4921,133.061,0.000745462,0,4.08333,0.170694,1.53943,0.000524902,-0.00783916,6.00351,3.90184e-05,0.0130241,0.399126,14908.5,0.575076,0.249152,-0.1,0.02,1,178.976,2.18726e+06,0.0239266,0.000784797,0,0.00237716,-0.0648423,nan,-0.00495,nan,nan,nan,nan,-0.00961081,-0.0327847,-0.00913869,nan,-0.0609093,-0.000244898,-0.0482992,-0.188681,nan,-0.280199,-0.0405419,-0.227103,-0.0557245,0.0140575,-0.000539473,0.0212755,-0.32977
179,-18.617,125.922,0.000813931,0,3.20833,0.171962,1.54708,0.00045389,-0.00752492,6.00409,5.85277e-05,0.00463103,0.399169,11680.8,0.692792,0.35919,-0.1,0.02,1,180.029,2.19955e+06,0.0267443,0.000576509,0,0.00214903,-0.061736,nan,-0.00485429,nan,nan,nan,nan,-0.00889271,-0.0306587,-0.00867547,nan,-0.0575243,-0.000246753,-0.0479538,-0.17885,nan,-0.272252,-0.0380169,-0.216819,-0.053039,0.0134893,-0.000472321,0.02,-0.532027
180,-22.4231,153.61,0.00080956,0,3.20833,0.173399,1.55665,0.000496335,-0.0094439,6.0048,5.85277e-05,0.0105163,0.399137,11879.7,0.679441,0.354928,-0.1,0.02,1,181.065,2.21184e+06,0.0327336,0.000782608,0,0.00255029,-0.0750908,nan,-0.00614052,nan,nan,nan,nan,-0.0110134,-0.0384326,-0.0110288,nan,-0.0702442,-9.09091e-05,-0.0591266,-0.222018,nan,-0.320392,-0.0472369,-0.263059,-0.0647273,0.0164791,-0.000620314,0.0257143,-0.784832
181,-22.2335,151.549,0.000805111,0,3.41667,0.170991,1.54868,0.00054854,-0.00842778,6.00317,5.85277e-05,0.0116761,0.399088,12193,0.673291,0.334504,-0.1,0.02,1,182.074,2.22413e+06,0.0286194,0.0008035,0,0.00257374,-0.0743566,nan,-0.00618488,nan,nan,nan,nan,-0.0103005,-0.0387123,-0.0110114,nan,-0.0692962,-0.000170732,-0.0576988,-0.218113,nan,-0.322073,-0.042438,-0.260089,-0.0647683,0.0162442,-0.000585727,0.0256098,-0.398803
182,-21.2629,148.656,0.000734896,0,3.875,0.16969,1.52003,0.000451674,-0.00924479,6.00189,5.85277e-05,0.0175216,0.399051,14104.1,0.615601,0.255637,-0.1,0.02,1,182.947,2.23642e+06,0.0267258,0.000842743,0,0.00256837,-0.0721063,nan,-0.00572817,nan,nan,nan,nan,-0.0110008,-0.0382359,-0.0105482,nan,-0.0678949,-0.000311828,-0.0572601,-0.211182,nan,-0.294037,-0.0464088,-0.254043,-0.0613656,0.015534,-0.000614899,0.0226882,-0.0711367
183,-23.1426,160.703,0.000671011,0.0416667,3.04167,0.167688,1.52648,0.00037153,-0.00866066,6.00044,5.85277e-05,0.0112345,0.398993,11815.4,0.669561,0.370441,-0.1,0.02,1,183.988,2.2487e+06,0.0319657,0.000760508,0,0.00284174,-0.0789168,nan,-0.00626189,nan,nan,nan,nan,-0.0113715,-0.0427483,-0.0112087,nan,-0.0734602,-0.000189189,-0.0608868,-0.228061,nan,-0.328236,-0.0453708,-0.275875,-0.0673649,0.0168281,-0.000650836,0.0237162,-0.195347
184,-21.8809,151.959,0.00080939,0,3.04167,0.170893,1.52193,0.000435545,-0.0100563,5.99918,5.85277e-05,0.0125089,0.398968,12173.3,0.681635,0.327787,-0.1,0.02,1,184.999,2.26099e+06,0.0276402,0.000852879,0,0.00265235,-0.0747995,nan,-0.00553699,nan,nan,nan,nan,-0.0106807,-0.0376517,-0.0106339,nan,-0.0693787,-0.000232877,-0.05769,-0.216572,nan,-0.308131,-0.0451371,-0.261027,-0.0637808,0.0158595,-0.000607798,0.0302055,-0.342975
185,-22.1045,155.275,0.000855314,0,3.79167,0.17632,1.52733,0.000517316,-0.0104261,5.9976,5.85277e-05,0.00716501,0.398874,11257,0.684118,0.407469,-0.1,0.02,1,186.093,2.27328e+06,0.0330679,0.000872755,0,0.00264093,-0.0763448,nan,-0.00592571,nan,nan,nan,nan,-0.0110688,-0.0389304,-0.0109714,nan,-0.0709008,-0.000175824,-0.0600148,-0.22078,nan,-0.309887,-0.0455299,-0.265204,-0.0642527,0.0164331,-0.000629475,0.0267582,-0.398698
186,-19.2532,131.296,0.00095375,0,3.375,0.174035,1.53464,0.000553899,-0.0100633,5.99391,5.85277e-05,0.0114503,0.398731,12640.3,0.629176,0.342953,-0.1,0.02,1,187.066,2.28557e+06,0.0272102,0.000712743,0,0.00235159,-0.064416,nan,-0.00495605,nan,nan,nan,nan,-0.0097069,-0.0338303,-0.00905006,nan,-0.0601715,-0.000234568,-0.0497307,-0.1897,nan,-0.27214,-0.0432109,-0.226244,-0.0553704,0.013705,-0.000541986,0.0230864,-0.281373
187,-19.6336,133.577,0.000863541,0,3.25,0.168548,1.52056,0.000526896,-0.0099496,5.99046,5.85277e-05,0.0100535,0.398669,11646.2,0.666045,0.389061,-0.1,0.02,1,188.123,2.29786e+06,0.0244472,0.000816396,0,0.00237078,-0.0656494,nan,-0.00506949,nan,nan,nan,nan,-0.00924722,-0.0301671,-0.00893452,nan,-0.0609634,-0.000423077,-0.0511451,-0.188763,nan,-0.282173,-0.0417169,-0.227118,-0.0549231,0.0137013,-0.000538043,0.0197436,-0.621284
188,-24.3127,167.175,0.000819137,0,2.625,0.171674,1.51623,0.000482947,-0.0101204,5.98884,5.85277e-05,0.0126657,0.398593,11915.5,0.695453,0.33581,-0.1,0.02,1,189.156,2.31014e+06,0.0335527,0.000887957,0,0.00290081,-0.082104,nan,-0.00599651,nan,nan,nan,nan,-0.0117483,-0.0426656,-0.0114385,nan,-0.0764712,-0.000269841,-0.0641433,-0.238128,nan,-0.343914,-0.0489523,-0.285554,-0.0691111,0.0174626,-0.000722537,0.0262698,-0.487882
189,-21.8735,152.592,0.00100719,0,2.95833,0.164343,1.51391,0.000635645,-0.00997634,5.98627,5.85277e-05,0.0137516,0.398517,11739.5,0.749651,0.297072,-0.1,0.02,1,190.204,2.32243e+06,0.0329243,0.000787617,0,0.00269277,-0.0748295,nan,-0.00571099,nan,nan,nan,nan,-0.0108009,-0.0386037,-0.0106832,nan,-0.0698586,-0.000352113,-0.0560848,-0.217643,nan,-0.307962,-0.0448424,-0.262226,-0.0623521,0.0159016,-0.000668889,0.0249296,-0.58892
190,-26.0064,176.771,0.000894733,0.0416667,3.41667,0.166323,1.50525,0.000642869,-0.0108572,5.9845,5.85277e-05,0.0162615,0.398483,12364.1,0.64681,0.347036,-0.1,0.02,1,191.199,2.33472e+06,0.0338922,0.000865452,0,0.00299956,-0.0869217,nan,-0.00676145,nan,nan,nan,nan,-0.011952,-0.0426868,-0.0121892,nan,-0.0807207,-0.000313253,-0.0666124,-0.249874,nan,-0.379451,-0.0523337,-0.300086,-0.072506,0.0190184,-0.000720838,0.0283133,-0.924673
191,-23.6367,165.604,0.000958289,0,3.79167,0.169699,1.53195,0.000646092,-0.00932883,5.9833,5.85277e-05,0.0111248,0.398426,12456.1,0.652011,0.334491,-0.1,0.02,1,192.187,2.34701e+06,0.0367355,0.000946534,0,0.00285106,-0.0813505,nan,-0.00627912,nan,nan,nan,nan,-0.0115634,-0.0416735,-0.0115795,nan,-0.0759018,-0.000615385,-0.0627858,-0.234923,nan,-0.333481,-0.0485036,-0.28348,-0.0700549,0.0174007,-0.000698756,0.028956,-0.531101
192,-23.9848,167.803,0.000855339,0,2.54167,0.169377,1.52589,0.000557657,-0.0116696,5.98196,5.85277e-05,0.0188008,0.398408,11846.9,0.692859,0.344373,-0.1,0.02,1,193.226,2.3593e+06,0.0307262,0.000954319,0,0.00290981,-0.0827988,nan,-0.00657508,nan,nan,nan,nan,-0.0116271,-0.0413356,-0.011786,nan,-0.0767975,-0.000229508,-0.0649135,-0.23347,nan,-0.339145,-0.0474058,-0.286206,-0.0712459,0.0175465,-0.000680247,0.027377,-0.276812
193,-20.4553,141.724,0.000932904,0,3.16667,0.169669,1.51826,0.000537253,-0.0101408,5.98134,5.85277e-05,0.015423,0.398378,13339.8,0.640663,0.280488,-0.1,0.02,1,194.149,2.37158e+06,0.0277724,0.000783371,0,0.00244331,-0.069888,nan,-0.00568026,nan,nan,nan,nan,-0.00989089,-0.0344154,-0.00976342,nan,-0.0649134,-0.000394737,-0.0529906,-0.198097,nan,-0.291107,-0.0431959,-0.2437,-0.05925,0.01455,-0.000557837,0.0251974,-0.367323
194,-22.1542,153.634,0.00100987,0,3.41667,0.173242,1.51894,0.000684315,-0.0107708,5.98052,5.85277e-05,0.0144304,0.398369,12131.6,0.682636,0.33026,-0.1,0.02,1,195.163,2.38387e+06,0.0339207,0.000908861,0,0.00261988,-0.0756091,nan,-0.00563805,nan,nan,nan,nan,-0.0104125,-0.0371479,-0.0105388,nan,-0.0702024,-0.000353659,-0.0564358,-0.215773,nan,-0.322452,-0.0457773,-0.262136,-0.0640366,0.0159858,-0.000657201,0.0295122,-0.368618
195,-20.6221,142.256,0.00088653,0,3.41667,0.175569,1.51181,0.000573684,-0.0102981,5.98016,5.85277e-05,0.0106721,0.39833,11663.5,0.662368,0.391171,-0.1,0.02,1,196.218,2.39616e+06,0.0265215,0.000761433,0,0.00250068,-0.0698591,nan,-0.00519659,nan,nan,nan,nan,-0.0101872,-0.0359645,-0.00974972,nan,-0.0652566,-7.31707e-05,-0.0517877,-0.205947,nan,-0.289592,-0.0467152,-0.243792,-0.0577927,0.0148897,-0.000616391,0.0257927,-0.247137
196,-26.0164,179.407,0.000861068,0,3.58333,0.173188,1.52117,0.000526495,-0.0104923,5.97858,5.85277e-05,0.0154243,0.39829,12266.9,0.696692,0.305026,-0.1,0.02,1,197.222,2.40845e+06,0.031986,0.00100098,0,0.00324931,-0.0886791,nan,-0.0065986,nan,nan,nan,nan,-0.0127615,-0.045903,-0.0123551,nan,-0.0820368,-6.97674e-05,-0.0691665,-0.251803,nan,-0.366172,-0.0536864,-0.306937,-0.0742442,0.0187816,-0.000799731,0.0325581,-0.492622
197,-20.4121,135.116,0.00092532,0,3.58333,0.172385,1.54165,0.000560786,-0.0102071,5.97757,5.85277e-05,0.0156064,0.398247,13401,0.604195,0.312754,-0.1,0.02,1,198.14,2.42074e+06,0.029847,0.000926886,0,0.00233979,-0.0667719,nan,-0.00484349,nan,nan,nan,nan,-0.00909574,-0.0316721,-0.00899871,nan,-0.0619391,-0.000325581,-0.0510674,-0.189864,nan,-0.30807,-0.0415952,-0.231252,-0.0559186,0.0139324,-0.000557003,0.0257558,-0.675828
198,-22.1295,152.554,0.000964407,0,3.08333,0.168764,1.54097,0.00057193,-0.00908362,5.97594,5.85277e-05,0.0155808,0.398191,11279,0.684412,0.405051,-0.1,0.02,1,199.231,2.43302e+06,0.0293257,0.000887965,0,0.00272431,-0.0755523,nan,-0.00535514,nan,nan,nan,nan,-0.0108975,-0.0365957,-0.0103757,nan,-0.0697859,-0.000175676,-0.0602394,-0.213547,nan,-0.313249,-0.047767,-0.261049,-0.0628108,0.0160341,-0.000655548,0.0271622,-1.07691
199,-19.7285,139.707,0.000848946,0,3.125,0.162123,1.51488,0.000499937,-0.0112133,5.97523,5.85277e-05,0.0103512,0.398215,12130.1,0.667325,0.345694,-0.1,0.02,1,200.246,2.44531e+06,0.0272649,0.000677668,0,0.00253052,-0.0691497,nan,-0.0052824,nan,nan,nan,nan,-0.0103014,-0.0344274,-0.009733,nan,-0.063868,-0.00032,-0.05464,-0.197078,nan,-0.272754,-0.0448982,-0.238682,-0.05676,0.0145978,-0.000603169,0.027,nan
200,-20.916,148.579,0.000765613,0,3.16667,0.173062,1.5362,0.000463125,-0.0107436,5.97519,5.85277e-05,0.0160352,0.398152,12719.2,0.676816,0.289285,-0.1,0.02,1,201.213,2.4576e+06,0.0349134,0.000740994,0,0.00264448,-0.0732372,nan,-0.00550842,nan,nan,nan,nan,-0.010851,-0.0378487,-0.0104841,nan,-0.0680749,-0.000342105,-0.0616778,-0.209396,nan,-0.291403,-0.0445715,-0.255837,-0.0605263,0.0147802,-0.000631611,0.0315132,nan
201,-21.2838,149.939,0.000885607,0,3.41667,0.176601,1.53233,0.000568257,-0.01043,5.97212,5.85277e-05,0.0165832,0.39802,11152.3,0.700024,0.401815,-0.1,0.02,1,204.114,2.46989e+06,0.0301445,0.000813938,0,0.00258208,-0.0741608,nan,-0.00579049,nan,nan,nan,nan,-0.0109383,-0.0388281,-0.010795,nan,-0.0686339,-0.00054878,-0.0619162,-0.213831,nan,-0.29504,-0.0466202,-0.258398,-0.0606463,0.0157519,-0.000629583,0.0332927,nan
202,-19.8123,141.287,0.000853881,0,3.625,0.169118,1.55156,0.000556992,-0.00996588,5.96833,5.85277e-05,0.0154365,0.397913,11910.3,0.664237,0.367471,-0.1,0.02,1,205.147,2.48218e+06,0.0250814,0.000828425,0,0.00261754,-0.070283,nan,-0.00529264,nan,nan,nan,nan,-0.0104485,-0.0355945,-0.00995639,nan,-0.0646838,-0.00045977,-0.0576033,-0.194877,nan,-0.268032,-0.0444025,-0.242801,-0.0561034,0.0142614,-0.000623843,0.0277586,nan
203,-16.766,116.139,0.000888736,0,3,0.165067,1.56974,0.000541767,-0.0091325,5.966,5.85277e-05,0.0128732,0.397864,11141.2,0.704933,0.397996,-0.1,0.02,1,206.251,2.49446e+06,0.0250365,0.00066752,0,0.00206809,-0.0580416,nan,-0.00441444,nan,nan,nan,nan,-0.00842665,-0.0295575,-0.00832642,nan,-0.0531858,-0.000291667,-0.0472953,-0.167091,nan,-0.231951,-0.0362697,-0.201262,-0.0472361,0.0118496,-0.000449778,0.0204861,-0.331933
204,-25.7355,179.035,0.000790698,0,3.54167,0.164951,1.54371,0.000471904,-0.0102414,5.96502,5.85277e-05,0.0141322,0.397861,11993.1,0.678611,0.345975,-0.1,0.02,1,207.278,2.50675e+06,0.030577,0.00106105,0,0.00319479,-0.0877077,nan,-0.00646541,nan,nan,nan,nan,-0.0127984,-0.0457931,-0.0122533,nan,-0.0820334,-0.000341176,-0.0747094,-0.252481,nan,-0.3562,-0.0533411,-0.30677,-0.0729294,0.0186328,-0.000787902,0.0300588,-0.483323
205,-24.5465,165.375,0.000954299,0,3.33333,0.163941,1.53892,0.000645523,-0.0102125,5.965,5.85277e-05,0.011165,0.397849,12035.3,0.677274,0.34372,-0.1,0.02,1,208.301,2.51904e+06,0.035822,0.000915357,0,0.00275809,-0.0812713,nan,-0.005972,nan,nan,nan,nan,-0.011558,-0.0413746,-0.0114966,nan,-0.0755504,-0.00035,-0.06739,-0.235134,nan,-0.360333,-0.0482054,-0.282774,-0.0655625,0.0170556,-0.00069987,0.0278125,-0.480301
206,-22.3358,147.351,0.000869619,0,3.20833,0.170382,1.53695,0.000527495,-0.0096295,5.96435,5.85277e-05,0.00974096,0.397816,11529.2,0.717493,0.348322,-0.1,0.02,1,209.369,2.53133e+06,0.0314735,0.000787793,0,0.00249188,-0.0729485,nan,-0.00521377,nan,nan,nan,nan,-0.0100264,-0.0341103,-0.00995058,nan,-0.0674235,-0.000337662,-0.0594479,-0.204457,nan,-0.332651,-0.0449231,-0.253228,-0.0576623,0.0149578,-0.000651645,0.0214935,-0.897331
207,-24.031,159.699,0.000994239,0,3.875,0.161817,1.50523,0.000624009,-0.00809185,5.96281,5.85277e-05,0.0148129,0.397743,12683.6,0.645008,0.323806,-0.1,0.02,1,210.34,2.54362e+06,0.03148,0.000933499,0,0.00266752,-0.0799368,nan,-0.00590473,nan,nan,nan,nan,-0.0107413,-0.0372857,-0.0107431,nan,-0.0731373,-0.00027957,-0.0642578,-0.222647,nan,-0.358068,-0.0483098,-0.274304,-0.0631613,0.0164082,-0.000675198,0.0302688,-0.787225
208,-28.0116,193.159,0.000876108,0,3.41667,0.167333,1.53746,0.000599005,-0.00993007,5.96049,5.85277e-05,0.0146273,0.397683,11711.8,0.711632,0.337564,-0.1,0.02,1,211.39,2.5559e+06,0.0408643,0.00114706,0,0.0033128,-0.0954067,nan,-0.00711073,nan,nan,nan,nan,-0.013581,-0.0505867,-0.0132806,nan,-0.0884371,-0.000560976,-0.0764115,-0.268024,nan,-0.403097,-0.0549144,-0.332751,-0.0792195,0.0197365,-0.000829156,0.0354878,-0.693685
209,-19.71,136.407,0.000986556,0,3.79167,0.166601,1.51992,0.000703869,-0.0108146,5.95946,5.85277e-05,0.0140768,0.397677,12420,0.673248,0.316123,-0.1,0.02,1,212.381,2.56819e+06,0.0308192,0.000757662,0,0.00233791,-0.0677919,nan,-0.00508703,nan,nan,nan,nan,-0.00975276,-0.0322163,-0.00958844,nan,-0.06245,-0.000120879,-0.0553963,-0.197425,nan,-0.274818,-0.0425424,-0.235454,-0.0551209,0.0143678,-0.000575514,0.0224725,-0.720495
210,-21.3976,149.855,0.000846901,0,3.45833,0.168588,1.52295,0.000577456,-0.0105956,5.95922,5.85277e-05,0.0157129,0.397661,13083.7,0.658972,0.280213,-0.1,0.02,1,213.322,2.58048e+06,0.0314119,0.000870981,0,0.00251473,-0.0745307,nan,-0.00595301,nan,nan,nan,nan,-0.0109832,-0.0376377,-0.0106012,nan,-0.0685327,-0.000566265,-0.0614751,-0.2123,nan,-0.296037,-0.046682,-0.257505,-0.0598193,0.0155729,-0.000644138,0.0249398,-0.0796761
211,-22.2768,150.726,0.000795369,0,3.5,0.166102,1.53996,0.000552812,-0.0100364,5.9587,5.85277e-05,0.011914,0.39764,11564,0.705842,0.356767,-0.1,0.02,1,214.386,2.59277e+06,0.030677,0.000854169,0,0.0025307,-0.075126,nan,-0.00580548,nan,nan,nan,nan,-0.0102784,-0.0373796,-0.0107272,nan,-0.0690227,-0.000416667,-0.0624669,-0.2124,nan,-0.324573,-0.0439695,-0.259615,-0.0599762,0.01589,-0.000585969,0.0274405,-0.317372
212,-18.6174,132.022,0.00088059,0,3.70833,0.167589,1.52534,0.000581129,-0.00973854,5.95715,5.85277e-05,0.0157825,0.39755,12070.1,0.687926,0.330128,-0.1,0.02,1,215.405,2.60506e+06,0.0292214,0.000710894,0,0.00245386,-0.0659832,nan,-0.00498517,nan,nan,nan,nan,-0.00963955,-0.0323311,-0.00912398,nan,-0.0605584,-0.000134831,-0.0532477,-0.187725,nan,-0.252177,-0.0409036,-0.227576,-0.053236,0.0134611,-0.000554176,0.0214607,nan
213,-21.5053,141.174,0.000937289,0.0416667,2.83333,0.169149,1.516,0.000632393,-0.0091504,5.95397,5.85277e-05,0.0122331,0.39744,11892.6,0.670445,0.362802,-0.1,0.02,1,216.44,2.61734e+06,0.0266553,0.000818461,0,0.00227583,-0.0709349,nan,-0.00506638,nan,nan,nan,nan,-0.00939815,-0.032183,-0.00940708,nan,-0.064873,-0.000188406,-0.055961,-0.199681,nan,-0.319907,-0.0410961,-0.243699,-0.057913,0.0146619,-0.000604887,0.0225362,-0.719876
214,-23.5026,154.933,0.00086914,0,3.125,0.171585,1.52112,0.000566053,-0.0109692,5.95154,5.85277e-05,0.0165903,0.397394,13613,0.628716,0.273948,-0.1,0.02,1,217.344,2.62963e+06,0.0334075,0.000969229,0,0.00252161,-0.0771187,nan,-0.00581947,nan,nan,nan,nan,-0.0109244,-0.0383614,-0.0104959,nan,-0.0708009,-0.000413333,-0.0643307,-0.216686,nan,-0.349107,-0.0489513,-0.266945,-0.0608267,0.0156313,-0.000647636,0.0244,-0.574303
215,-22.3024,153.729,0.00097873,0,2.91667,0.169447,1.5007,0.000649672,-0.0096343,5.94947,5.85277e-05,0.0181607,0.397285,11994.2,0.677765,0.346732,-0.1,0.02,1,218.37,2.64192e+06,0.0313562,0.000746269,0,0.00263239,-0.0767031,nan,-0.00577171,nan,nan,nan,nan,-0.0113253,-0.0387925,-0.0107639,nan,-0.0703332,-0.0003,-0.0600719,-0.2211,nan,-0.318516,-0.0486476,-0.262913,-0.0591429,0.0155537,-0.000676683,0.0300714,-0.729549
216,-22.3359,156.901,0.000901394,0,3.79167,0.169929,1.52313,0.000533003,-0.0098288,5.94633,5.85277e-05,0.0160028,0.397202,11675.6,0.681604,0.37085,-0.1,0.02,1,219.424,2.65421e+06,0.0314706,0.000898368,0,0.00275506,-0.0781772,nan,-0.00595253,nan,nan,nan,nan,-0.0118543,-0.0423267,-0.0110569,nan,-0.0719929,-0.000472527,-0.0604361,-0.223057,nan,-0.304571,-0.0491427,-0.2722,-0.0658571,0.015814,-0.000690906,0.0300549,nan
217,-22.3563,157.806,0.000857245,0,2.79167,0.16644,1.5312,0.000503084,-0.00957558,5.94384,5.85277e-05,0.0191531,0.397102,12348.6,0.66823,0.32686,-0.1,0.02,1,220.421,2.6665e+06,0.032906,0.000808573,0,0.00285482,-0.07878,nan,-0.0060394,nan,nan,nan,nan,-0.0111453,-0.0397059,-0.0114886,nan,-0.0723998,-0.000462687,-0.0628822,-0.226769,nan,-0.306832,-0.0450411,-0.272782,-0.0641642,0.0162514,-0.000652528,0.0285075,nan
218,-21.415,148.978,0.000931596,0.0416667,3.75,0.167288,1.52035,0.000565847,-0.0107187,5.94079,5.85277e-05,0.0176724,0.397017,12614.6,0.64594,0.328168,-0.1,0.02,1,221.397,2.67878e+06,0.03161,0.000807215,0,0.00258044,-0.0751114,nan,-0.00562044,nan,nan,nan,nan,-0.0107028,-0.0377091,-0.0106464,nan,-0.0683951,-0.000186813,-0.0590042,-0.216074,nan,-0.297114,-0.0443873,-0.259245,-0.0583956,0.0153581,-0.00062876,0.0259341,-0.347528
219,-24.1851,165.691,0.000967367,0,3.375,0.165221,1.52498,0.000583591,-0.00936417,5.93891,5.85277e-05,0.00811512,0.396968,12275,0.666148,0.334908,-0.1,0.02,1,222.399,2.69107e+06,0.0310988,0.000866613,0,0.00293935,-0.0828112,nan,-0.00603852,nan,nan,nan,nan,-0.0117771,-0.0420647,-0.0114104,nan,-0.0760124,-0.000271605,-0.0653499,-0.238529,nan,-0.338738,-0.0490471,-0.286576,-0.0674444,0.0167422,-0.000719032,0.0285802,-0.514045
220,-21.4415,148.863,0.000857322,0,3.95833,0.165991,1.53064,0.000578591,-0.0106886,5.9367,5.85277e-05,0.0135806,0.396872,12147.1,0.680193,0.331404,-0.1,0.02,1,223.412,2.70336e+06,0.0286174,0.000983336,0,0.00255791,-0.0748093,nan,-0.00525474,nan,nan,nan,nan,-0.0109073,-0.0375006,-0.0104928,nan,-0.0683387,-0.000347368,-0.059486,-0.213602,nan,-0.299735,-0.0472069,-0.25589,-0.0576947,0.0146792,-0.000667879,0.029,-0.189339
221,-24.5972,161.11,0.000952068,0,3.79167,0.166572,1.51487,0.000536728,-0.00990099,5.93475,5.85277e-05,0.0176093,0.396863,14169.7,0.621367,0.245835,-0.1,0.02,1,224.281,2.71565e+06,0.0304357,0.000872972,0,0.00256656,-0.0811183,nan,-0.00570286,nan,nan,nan,nan,-0.011048,-0.0386453,-0.0105753,nan,-0.0739786,-0.000714286,-0.062084,-0.230263,nan,-0.365323,-0.0490069,-0.279664,-0.0652527,0.0162868,-0.000716319,0.0287912,-0.789954
222,-22.6643,150.629,0.000889135,0,3.70833,0.168773,1.50496,0.000526105,-0.0101896,5.93412,5.85277e-05,0.0147951,0.396796,14729.6,0.591802,0.242437,-0.1,0.02,1,225.117,2.72794e+06,0.0340718,0.000834613,0,0.00260896,-0.0755675,nan,-0.00516382,nan,nan,nan,nan,-0.0103261,-0.0366379,-0.0100768,nan,-0.069087,-0.000224719,-0.0586681,-0.217509,nan,-0.335087,-0.0450137,-0.260742,-0.0610225,0.0151377,-0.000672918,0.0267978,-1.19555
223,-21.9131,149.165,0.00101362,0,3.54167,0.164467,1.50434,0.000632854,-0.0100428,5.93116,5.85277e-05,0.0137272,0.396682,14399.1,0.58712,0.266267,-0.1,0.02,1,225.971,2.74022e+06,0.0281268,0.000882343,0,0.00268107,-0.0744435,nan,-0.00517929,nan,nan,nan,nan,-0.0104829,-0.0371794,-0.0101597,nan,-0.0684015,-0.000235294,-0.0607754,-0.215283,nan,-0.307821,-0.045301,-0.25835,-0.0601176,0.0149833,-0.000642151,0.0261176,-0.598066
224,-20.2341,143.986,0.000948579,0,3.04167,0.165718,1.52342,0.000605063,-0.00993607,5.92755,5.85277e-05,0.0154829,0.396551,14881.9,0.577766,0.247937,-0.1,0.02,1,226.798,2.75251e+06,0.0267634,0.000756904,0,0.00269762,-0.072836,nan,-0.00522795,nan,nan,nan,nan,-0.0105137,-0.0360077,-0.0100214,nan,-0.0660938,-0.000369863,-0.05829,-0.198336,nan,-0.272386,-0.0450428,-0.247978,-0.0590274,0.0141384,-0.000641231,0.0267123,nan
225,-20.1285,139.467,0.000882044,0,3.125,0.162436,1.55211,0.000470268,-0.0110947,5.92451,5.85277e-05,0.0196219,0.396514,15036,0.57515,0.242088,-0.1,0.02,1,227.617,2.7648e+06,0.0274559,0.000893029,0,0.00245236,-0.0702189,nan,-0.00497627,nan,nan,nan,nan,-0.0106505,-0.03776,-0.00981142,nan,-0.0640543,-0.000373333,-0.0552427,-0.202064,nan,-0.274721,-0.0450357,-0.243325,-0.0563067,0.0139436,-0.00064585,0.0255333,-0.113664
226,-19.3805,137.045,0.000825492,0,2.75,0.159266,1.54663,0.000501731,-0.0100281,5.92384,5.85277e-05,0.014177,0.39649,15075.5,0.57334,0.241755,-0.1,0.02,1,228.434,2.77709e+06,0.0256216,0.000768733,0,0.00250966,-0.0686771,nan,-0.00519758,nan,nan,nan,nan,-0.0100294,-0.0347818,-0.00962078,nan,-0.0628627,-0.000469697,-0.0554964,-0.192257,nan,-0.261903,-0.042061,-0.238715,-0.0556212,0.0138908,-0.000562566,0.0264394,nan
227,-20.9933,144.712,0.00107619,0,2.75,0.158716,1.54409,0.000703302,-0.00936717,5.92212,5.85277e-05,0.00933791,0.396395,15051.9,0.569408,0.246966,-0.1,0.02,1,229.251,2.78938e+06,0.0310577,0.000936618,0,0.00241829,-0.0727129,nan,-0.00543818,nan,nan,nan,nan,-0.0101888,-0.0360192,-0.0101895,nan,-0.0663265,-0.000378788,-0.0558007,-0.20677,nan,-0.295271,-0.0429569,-0.249559,-0.0595909,0.0146118,-0.000620632,0.0225758,-0.623139
228,-26.8515,190.08,0.000895964,0,3.125,0.161976,1.52553,0.000560106,-0.0102975,5.91878,5.85277e-05,0.0190776,0.396294,15168.9,0.568097,0.24198,-0.1,0.02,1,230.063,2.80166e+06,0.0376784,0.00110152,0,0.00336028,-0.0960934,nan,-0.00720427,nan,nan,nan,nan,-0.0138299,-0.0505652,-0.0133313,nan,-0.0870424,-0.000213333,-0.0754005,-0.267893,nan,-0.366357,-0.0566393,-0.326666,-0.0763733,0.0181585,-0.000836287,0.0388,-0.242085
229,-23.3268,161.987,0.000931624,0,3.16667,0.160978,1.49692,0.000596115,-0.0101308,5.9164,5.85277e-05,0.012131,0.396241,15068.6,0.567701,0.247771,-0.1,0.02,1,230.879,2.81395e+06,0.0387881,0.000872717,0,0.00274506,-0.0813949,nan,-0.00568263,nan,nan,nan,nan,-0.0116425,-0.039978,-0.0112252,nan,-0.0742952,-0.000486842,-0.0665858,-0.229436,nan,-0.329283,-0.0480975,-0.27998,-0.0649737,0.0158959,-0.000704657,0.0305921,-0.435737
230,-19.7364,134.361,0.000899093,0,2.54167,0.164319,1.5527,0.000496123,-0.0104895,5.91554,5.85277e-05,0.0122692,0.396236,15069.2,0.57236,0.24308,-0.1,0.02,1,231.696,2.82624e+06,0.032776,0.000703165,0,0.00227661,-0.0679052,nan,-0.00481377,nan,nan,nan,nan,-0.00950501,-0.0329614,-0.0094801,nan,-0.0616906,-0.00047541,-0.0521948,-0.191705,nan,-0.284621,-0.0435622,-0.233486,-0.0547541,0.0134951,-0.000563143,0.0251639,-0.274882
231,-20.5616,141.247,0.00092409,0,3.04167,0.16515,1.58034,0.00050703,-0.00988654,5.91526,5.85277e-05,0.00990959,0.396218,15073.4,0.570454,0.244758,-0.1,0.02,1,232.513,2.83853e+06,0.030096,0.000875867,0,0.00256773,-0.0718325,nan,-0.00487479,nan,nan,nan,nan,-0.0103209,-0.0354284,-0.00980096,nan,-0.0649159,-0.000315068,-0.0525198,-0.203338,nan,-0.287423,-0.045234,-0.246024,-0.0576301,0.0138527,-0.000623705,0.0265753,-0.859091
232,-27.1924,182.558,0.000963952,0,3.20833,0.165692,1.53259,0.00067081,-0.0100751,5.91412,5.85277e-05,0.0168609,0.396165,15224.3,0.566323,0.24081,-0.1,0.02,1,233.321,2.85082e+06,0.0365028,0.00109519,0,0.00297324,-0.0919936,nan,-0.0066374,nan,nan,nan,nan,-0.012933,-0.0481069,-0.0128011,nan,-0.083774,-0.000324675,-0.0742832,-0.260195,nan,-0.393176,-0.0538604,-0.317757,-0.0749351,0.0181148,-0.000773091,0.0342208,-0.807578
233,-22.8602,160.069,0.000889741,0,3,0.162163,1.52092,0.000636329,-0.00941197,5.912,5.85277e-05,0.0142017,0.396065,15162.5,0.568739,0.241679,-0.1,0.02,1,234.133,2.8631e+06,0.0310615,0.000843718,0,0.00272924,-0.0818256,nan,-0.00610361,nan,nan,nan,nan,-0.0113673,-0.0406535,-0.0113188,nan,-0.0735574,-0.000430556,-0.0624101,-0.229346,nan,-0.314076,-0.0460152,-0.278983,-0.0653889,0.0157835,-0.000632044,0.0286806,nan
234,-23.5387,159.718,0.000819664,0,2.95833,0.159566,1.52961,0.000542938,-0.0091179,5.90833,5.85277e-05,0.0134897,0.395931,14939.3,0.572025,0.250503,-0.1,0.02,1,234.957,2.87539e+06,0.0336246,0.000975931,0,0.00262778,-0.0820918,nan,-0.0057831,nan,nan,nan,nan,-0.0113593,-0.0414496,-0.0110568,nan,-0.073461,-0.000647887,-0.0635687,-0.230231,nan,-0.329882,-0.0481998,-0.279672,-0.0663521,0.015729,-0.000675676,0.0276761,-0.310914
235,-26.9756,189.185,0.000843361,0,3.375,0.159499,1.52537,0.000502323,-0.0102914,5.9054,5.85277e-05,0.014804,0.395898,14972.2,0.578864,0.241856,-0.1,0.02,1,235.779,2.88768e+06,0.0455523,0.000945263,0,0.0030412,-0.0966209,nan,-0.00716321,nan,nan,nan,nan,-0.0132008,-0.047372,-0.013539,nan,-0.0871713,-0.000604938,-0.0709172,-0.269053,nan,-0.382723,-0.0545547,-0.329958,-0.0787284,0.0188136,-0.000817092,0.04,-0.190832
236,-25.5582,174.871,0.000961341,0,2.58333,0.162586,1.55416,0.000563988,-0.010653,5.90474,5.85277e-05,0.0153347,0.395861,15182.3,0.565123,0.244238,-0.1,0.02,1,236.59,2.89997e+06,0.036231,0.00103224,0,0.00278489,-0.0894879,nan,-0.00686935,nan,nan,nan,nan,-0.0121174,-0.0437046,-0.0122556,nan,-0.0801499,-0.000274194,-0.0718503,-0.2531,nan,-0.363947,-0.0515034,-0.303301,-0.0706452,0.0173217,-0.000700677,0.0365323,-0.738249
237,-22.8692,160.189,0.000881741,0,3.08333,0.163758,1.54968,0.000522855,-0.00997441,5.90237,5.85277e-05,0.0112134,0.395751,14925,0.56961,0.253709,-0.1,0.02,1,237.415,2.91226e+06,0.0374792,0.000798689,0,0.00265513,-0.0817676,nan,-0.00606351,nan,nan,nan,nan,-0.0115714,-0.0407804,-0.0111644,nan,-0.0736583,-0.000459459,-0.0652237,-0.229367,nan,-0.315924,-0.0476526,-0.277965,-0.0665405,0.0157788,-0.000661906,0.0317568,-0.231633
238,-24.7117,169.973,0.000997387,0,3.08333,0.165876,1.5164,0.000605849,-0.0102327,5.89939,5.85277e-05,0.0155848,0.395686,11911,0.667688,0.363966,-0.1,0.02,1,238.448,2.92454e+06,0.0344713,0.000968979,0,0.00287071,-0.0871607,nan,-0.00632108,nan,nan,nan,nan,-0.012437,-0.0446788,-0.0120658,nan,-0.0781249,-0.00072973,-0.0672335,-0.246944,nan,-0.342429,-0.0536756,-0.29507,-0.0688649,0.0169754,-0.000710944,0.0302703,-0.347344
239,-21.3826,147.114,0.00101618,0,2.91667,0.168366,1.51802,0.0006093,-0.0103973,5.89842,5.85277e-05,0.0162929,0.395685,11665.6,0.726374,0.326978,-0.1,0.02,1,239.503,2.93683e+06,0.0276507,0.000917388,0,0.00244571,-0.0747224,nan,-0.00571571,nan,nan,nan,nan,-0.0103239,-0.0360997,-0.0103954,nan,-0.0674667,-0.0002,-0.0572691,-0.207766,nan,-0.299197,-0.0464886,-0.254948,-0.0601286,0.0144878,-0.000612452,0.024,-0.25549
240,-23.568,164.606,0.000943092,0,2.95833,0.164811,1.52412,0.000536991,-0.0109152,5.89809,5.85277e-05,0.0171197,0.39565,12216.2,0.655768,0.350113,-0.1,0.02,1,240.51,2.94912e+06,0.03618,0.000912446,0,0.00289445,-0.0845334,nan,-0.00616282,nan,nan,nan,nan,-0.0117476,-0.0411807,-0.0114093,nan,-0.0756642,-0.00015493,-0.062067,-0.234106,nan,-0.326978,-0.0508502,-0.283638,-0.0679014,0.0163526,-0.000721715,0.0292958,-0.245607
241,-27.1934,188.561,0.000934015,0,2.75,0.164793,1.55502,0.000594167,-0.0099947,5.89659,5.85277e-05,0.0169579,0.395587,12221.1,0.640271,0.365199,-0.1,0.02,1,241.517,2.96141e+06,0.0390409,0.000889725,0,0.00300989,-0.0960192,nan,-0.00680091,nan,nan,nan,nan,-0.013436,-0.0495104,-0.0134589,nan,-0.0865406,-0.000242424,-0.0741453,-0.271806,nan,-0.380404,-0.0564274,-0.326215,-0.079,0.0185504,-0.000834377,0.0375,-0.25218
242,-28.3497,186.836,0.000808164,0,3.04167,0.166796,1.55214,0.000543151,-0.0101606,5.89474,5.85277e-05,0.017639,0.395541,11982.8,0.663797,0.361669,-0.1,0.02,1,242.544,2.9737e+06,0.0359865,0.000902268,0,0.00293821,-0.0954979,nan,-0.00670932,nan,nan,nan,nan,-0.0128704,-0.0469556,-0.0128408,nan,-0.0858464,-0.000424658,-0.0743195,-0.268057,nan,-0.420148,-0.0552444,-0.322964,-0.076274,0.0185895,-0.000794697,0.034863,-1.16129
243,-24.7269,175.87,0.000856823,0.0416667,3.16667,0.161425,1.50796,0.000515732,-0.00999177,5.89382,5.85277e-05,0.0160742,0.395522,12258.3,0.674274,0.328147,-0.1,0.02,1,243.548,2.98598e+06,0.0405221,0.000830733,0,0.003166,-0.0902673,nan,-0.00638234,nan,nan,nan,nan,-0.0127047,-0.0458253,-0.0125659,nan,-0.0807585,-0.000454545,-0.069259,-0.250298,nan,-0.331594,-0.0528166,-0.30373,-0.0701948,0.016994,-0.000750351,0.0297403,nan
244,-19.6175,137.515,0.000906684,0,2.75,0.160584,1.52715,0.000539565,-0.00915751,5.89301,5.85277e-05,0.0169262,0.39548,13219,0.642679,0.286893,-0.1,0.02,1,244.479,2.99827e+06,0.0256461,0.000745029,0,0.00245792,-0.0705064,nan,-0.00501333,nan,nan,nan,nan,-0.0103515,-0.0347367,-0.00973244,nan,-0.0631721,-0.00030303,-0.0569971,-0.190571,nan,-0.266679,-0.0473469,-0.238266,-0.0553939,0.0131464,-0.000603781,0.0291667,-0.156052
245,-27.5841,184.726,0.000862014,0,3.04167,0.158095,1.5412,0.000536792,-0.0108922,5.89215,5.85277e-05,0.0162516,0.395491,14908.7,0.581574,0.242642,-0.1,0.02,1,245.305,3.01056e+06,0.0389509,0.000896847,0,0.00294996,-0.0953107,nan,-0.00672822,nan,nan,nan,nan,-0.0127169,-0.045672,-0.0127706,nan,-0.0848955,-0.000753425,-0.071968,-0.266465,nan,-0.399704,-0.0545043,-0.32134,-0.0742192,0.0180799,-0.000800091,0.0326712,-0.606091
246,-22.8879,152.722,0.0009873,0,3,0.162513,1.53191,0.000561836,-0.0112202,5.8924,5.85277e-05,0.0191126,0.395471,15170.8,0.572539,0.237436,-0.1,0.02,1,246.116,3.02285e+06,0.0294433,0.000870482,0,0.00257672,-0.0786642,nan,-0.00552944,nan,nan,nan,nan,-0.0107623,-0.0382875,-0.0101203,nan,-0.0701211,-0.000347222,-0.0586033,-0.216042,nan,-0.333971,-0.0492746,-0.262632,-0.0629583,0.0147313,-0.000646488,0.0286111,-0.54408
247,-22.6957,154.493,0.000969318,0,3.04167,0.165716,1.5497,0.000633264,-0.0105356,5.89131,3.90184e-05,0.0211997,0.395438,15238.1,0.561512,0.244889,-0.1,0.02,1,246.924,3.03514e+06,0.0321482,0.000837945,0,0.00265938,-0.0788019,nan,-0.00529342,nan,nan,nan,nan,-0.0112912,-0.0381743,-0.010398,nan,-0.0710596,-0.000219178,-0.0612052,-0.222343,nan,-0.318044,-0.0505753,-0.269188,-0.0625479,0.0150231,-0.000682621,0.0296575,-0.557962
248,-22.4804,158.307,0.000938082,0,3.66667,0.164995,1.53214,0.000639708,-0.00828614,5.89068,3.90184e-05,0.0115481,0.395431,15094.2,0.577363,0.236725,-0.1,0.02,1,247.739,3.04742e+06,0.0376634,0.00087941,0,0.00282874,-0.08199,nan,-0.00574932,nan,nan,nan,nan,-0.0116836,-0.0409606,-0.0110497,nan,-0.0726824,-0.000409091,-0.0611853,-0.227844,nan,-0.302739,-0.050555,-0.275061,-0.065,0.0154007,-0.000722979,0.0286932,-0.163259
249,-24.5464,164.302,0.00101369,0,2.625,0.16725,1.55668,0.000665883,-0.00798633,5.8904,3.90184e-05,0.0154555,0.39542,15186.4,0.559576,0.24957,-0.1,0.02,1,248.55,3.05971e+06,0.0359935,0.000905646,0,0.00278848,-0.085334,nan,-0.00574381,nan,nan,nan,nan,-0.0114696,-0.0397485,-0.0110856,nan,-0.0757236,-0.000380952,-0.0622517,-0.231776,nan,-0.358303,-0.0497512,-0.286024,-0.066127,0.0159895,-0.000720093,0.0296032,-0.443539
250,-22.7766,158.564,0.00111888,0.0416667,3.20833,0.170604,1.56988,0.000711463,-0.0086634,5.88998,3.90184e-05,0.0131628,0.395408,11867.7,0.678539,0.35688,-0.1,0.02,1,249.586,3.072e+06,0.0326096,0.00103529,0,0.00274654,-0.0817336,nan,-0.00570897,nan,nan,nan,nan,-0.0115665,-0.0399379,-0.0109736,nan,-0.0729668,-0.000179487,-0.0607498,-0.223188,nan,-0.315555,-0.0502105,-0.275011,-0.0644103,0.015761,-0.000673741,0.0283974,-0.508258
251,-23.9557,168.72,0.000894346,0,3.125,0.168265,1.51512,0.000556773,-0.0080906,5.88919,3.90184e-05,0.00977677,0.395361,11744.1,0.702134,0.344175,-0.1,0.02,1,250.634,3.08429e+06,0.0359057,0.000866736,0,0.00289746,-0.0874738,nan,-0.00604427,nan,nan,nan,nan,-0.0120375,-0.0434988,-0.0120539,nan,-0.0776444,-0.000413333,-0.0643996,-0.242845,nan,-0.326963,-0.0500629,-0.295059,-0.06892,0.0166281,-0.000737374,0.0340667,nan
252,-25.7281,178.175,0.000925182,0,3.33333,0.169406,1.50228,0.000610772,-0.00837783,5.88758,3.90184e-05,0.0147331,0.39531,12073.4,0.658155,0.359619,-0.1,0.02,1,251.653,3.09658e+06,0.0368756,0.000888605,0,0.0031515,-0.0920772,nan,-0.00641425,nan,nan,nan,nan,-0.012777,-0.0453426,-0.0124321,nan,-0.0819145,-0.0005875,-0.0692805,-0.254352,nan,-0.354731,-0.0566226,-0.308651,-0.0745,0.0173996,-0.00079965,0.033875,-0.649034
253,-20.9844,142.012,0.00103586,0,3.54167,0.165079,1.50833,0.000652807,-0.0082113,5.88613,3.90184e-05,0.010918,0.395275,13624.9,0.657863,0.244018,-0.1,0.02,1,252.557,3.10886e+06,0.0284563,0.000825503,0,0.00270028,-0.0731806,nan,-0.00467788,nan,nan,nan,nan,-0.0102162,-0.0358757,-0.00950688,nan,-0.0654462,-0.000517647,-0.0550054,-0.207325,nan,-0.28715,-0.0469784,-0.24762,-0.0599294,0.0137263,-0.00065984,0.0259412,-0.356621
254,-28.8676,202.047,0.000982952,0.0833333,3.45833,0.164215,1.53572,0.000637127,-0.00945101,5.88538,3.90184e-05,0.0145836,0.395251,12614.3,0.625117,0.349018,-0.1,0.02,1,253.532,3.12115e+06,0.0390937,0.00104163,0,0.00348632,-0.10444,nan,-0.007428,nan,nan,nan,nan,-0.0140981,-0.051845,-0.0141953,nan,-0.0930128,-0.000247059,-0.0781536,-0.290259,nan,-0.397221,-0.0584787,-0.350951,-0.0829176,0.0196543,-0.000882843,0.0410588,-0.152348
255,-18.9417,128.494,0.00113809,0,3.375,0.16454,1.54971,0.000760205,-0.0096351,5.88406,3.90184e-05,0.0129018,0.395193,11740.9,0.686492,0.360102,-0.1,0.02,1,254.58,3.13344e+06,0.0276906,0.000703717,0,0.00227887,-0.0658375,nan,-0.00463605,nan,nan,nan,nan,-0.00921997,-0.0310061,-0.00861968,nan,-0.058959,-0.000209877,-0.049302,-0.187461,nan,-0.260739,-0.0440123,-0.223857,-0.0527531,0.0124291,-0.000535995,0.02,-0.352038
256,-24.1119,158.972,0.00108885,0,3,0.163562,1.52981,0.000752439,-0.00859744,5.88223,3.90184e-05,0.015395,0.395135,12222.4,0.671361,0.334005,-0.1,0.02,1,255.587,3.14573e+06,0.0366436,0.0008205,0,0.00274088,-0.0821868,nan,-0.00536833,nan,nan,nan,nan,-0.010688,-0.0375492,-0.010679,nan,-0.0729439,-0.000305556,-0.0587452,-0.228885,nan,-0.35592,-0.0488016,-0.275174,-0.0643611,0.0154039,-0.000698181,0.0284028,-0.671418
257,-24.7232,170.311,0.000957658,0,3.08333,0.164336,1.53649,0.000636944,-0.00848492,5.88104,3.90184e-05,0.00969249,0.395122,13369.3,0.644033,0.275091,-0.1,0.02,1,256.507,3.15802e+06,0.0378975,0.00089584,0,0.00314811,-0.0880139,nan,-0.00589622,nan,nan,nan,nan,-0.0121725,-0.0432053,-0.0118237,nan,-0.0783608,-0.00022973,-0.0655378,-0.246521,nan,-0.345848,-0.0523765,-0.298347,-0.0702162,0.016357,-0.000729615,0.0385811,-0.509179
258,-24.8598,177.099,0.00117575,0,3.375,0.165708,1.5505,0.000703466,-0.00910184,5.88084,3.90184e-05,0.0155851,0.395113,14882,0.587165,0.238529,-0.1,0.02,1,257.334,3.1703e+06,0.037971,0.000934617,0,0.00324868,-0.0911156,nan,-0.00656395,nan,nan,nan,nan,-0.0126842,-0.0461048,-0.0127737,nan,-0.0815898,-0.000333333,-0.065347,-0.255125,nan,-0.336741,-0.052498,-0.307487,-0.0719506,0.0172466,-0.000779654,0.0387037,nan
259,-25.8102,181.074,0.00102349,0.0416667,2.79167,0.165063,1.52666,0.000614581,-0.00895347,5.88079,3.90184e-05,0.0111851,0.395125,13058.5,0.588239,0.35276,-0.1,0.02,1,258.277,3.18259e+06,0.0369265,0.00116483,0,0.00321858,-0.0931204,nan,-0.00631559,nan,nan,nan,nan,-0.0131595,-0.0487053,-0.0125227,nan,-0.0835825,-0.000426471,-0.0680738,-0.264785,nan,-0.353303,-0.0540106,-0.317249,-0.0738971,0.0174362,-0.000843897,0.0424265,-0.114796
260,-20.6687,147.013,0.000951025,0,3.20833,0.168937,1.55764,0.000607607,-0.00864364,5.8811,5.85277e-05,0.00444436,0.39513,11858.8,0.682075,0.354118,-0.1,0.02,1,259.315,3.19488e+06,0.0341124,0.000873118,0,0.0028037,-0.0748962,nan,-0.00527688,nan,nan,nan,nan,-0.0108854,-0.0365992,-0.0100769,nan,-0.0675542,-0.000142857,-0.0569779,-0.212373,nan,-0.275222,-0.0489686,-0.254865,-0.0604935,0.0139862,-0.000659772,0.0335714,-0.145871
261,-26.1918,184.362,0.000976828,0,2.875,0.16318,1.57786,0.000571393,-0.0107067,5.88114,5.85277e-05,0.0123476,0.395123,12399.2,0.669143,0.321885,-0.1,0.02,1,260.307,3.20717e+06,0.0405504,0.000871322,0,0.00337904,-0.0954329,nan,-0.00649797,nan,nan,nan,nan,-0.0131935,-0.0476537,-0.0126701,nan,-0.0849778,-0.000565217,-0.0713847,-0.269631,nan,-0.347273,-0.0570796,-0.32091,-0.0742609,0.0174447,-0.000845024,0.0334783,-0.202767
262,-19.8349,136.281,0.0011066,0,3.70833,0.161231,1.57591,0.0007124,-0.0100853,5.88018,5.85277e-05,0.0164571,0.395068,12995.4,0.681276,0.264286,-0.1,0.02,1,261.254,3.21946e+06,0.0285423,0.000750056,0,0.00249213,-0.0704128,nan,-0.00457753,nan,nan,nan,nan,-0.00989443,-0.0330225,-0.00915794,nan,-0.0627435,-0.000325843,-0.0511257,-0.199021,nan,-0.273208,-0.044248,-0.238236,-0.0549213,0.0129267,-0.000622635,0.0274719,-0.368117
263,-20.4024,141.568,0.000967638,0,3.95833,0.162798,1.53244,0.000654852,-0.0107832,5.87828,5.85277e-05,0.00921213,0.394997,14112.8,0.624951,0.245748,-0.1,0.02,1,262.126,3.23174e+06,0.0294394,0.000767115,0,0.0025908,-0.0736421,nan,-0.00457389,nan,nan,nan,nan,-0.0104963,-0.036146,-0.00957547,nan,-0.0653837,-0.000578947,-0.0552752,-0.2038,nan,-0.276809,-0.0454777,-0.247426,-0.0566,0.0131204,-0.000669829,0.0287895,-0.397754
264,-24.6932,172.6,0.000881467,0,3.125,0.165503,1.52095,0.000608304,-0.00935595,5.87587,5.85277e-05,0.011896,0.39492,13858.1,0.574056,0.312647,-0.1,0.02,1,263.014,3.24403e+06,0.0385054,0.000916765,0,0.00313607,-0.0889927,nan,-0.00623227,nan,nan,nan,nan,-0.0119445,-0.0411898,-0.0117046,nan,-0.0795166,-0.000533333,-0.0631418,-0.249183,nan,-0.338871,-0.0529005,-0.300464,-0.0697733,0.0164355,-0.00077263,0.0340667,-0.468681
265,-22.6677,158.08,0.00105116,0,3.125,0.174023,1.51035,0.000685354,-0.0102649,5.87414,5.85277e-05,0.0140322,0.394896,10565.6,0.710605,0.452413,-0.1,0.02,1,264.179,3.25632e+06,0.0374189,0.000880604,0,0.00296219,-0.0818123,nan,-0.00551733,nan,nan,nan,nan,-0.0117895,-0.0427995,-0.0108544,nan,-0.0727639,-0.000573333,-0.0579937,-0.232566,nan,-0.306272,-0.0494083,-0.276779,-0.0640667,0.0148901,-0.000703552,0.0325333,-0.612819
266,-23.9692,168.869,0.00106805,0,3.5,0.17022,1.51826,0.000656627,-0.0103316,5.87304,5.85277e-05,0.0159036,0.394827,11685.3,0.675438,0.376139,-0.1,0.02,1,265.232,3.26861e+06,0.0350081,0.000972704,0,0.00327858,-0.0877277,nan,-0.00595762,nan,nan,nan,nan,-0.0121372,-0.0432603,-0.0116839,nan,-0.0776446,-0.000464286,-0.0642259,-0.24122,nan,-0.325782,-0.0520567,-0.293457,-0.0667262,0.0161115,-0.00078996,0.0359524,-0.279363
267,-17.8113,123.871,0.00107524,0,3.875,0.167684,1.57051,0.000632496,-0.00992791,5.87046,5.85277e-05,0.00878183,0.394748,12428.9,0.691428,0.297238,-0.1,0.02,1,266.223,3.2809e+06,0.0239999,0.00065896,0,0.00232375,-0.0641527,nan,-0.00448344,nan,nan,nan,nan,-0.00942908,-0.031485,-0.00847326,nan,-0.0571023,-0.000365591,-0.0491804,-0.179436,nan,-0.238244,-0.0426069,-0.215081,-0.0494624,0.0116639,-0.000550499,0.0230108,-0.201793
268,-18.8853,129.475,0.00114419,0,2.54167,0.166873,1.539,0.000903036,-0.00878337,5.86866,5.85277e-05,0.010985,0.394711,14447.6,0.610843,0.239681,-0.1,0.02,1,267.075,3.29318e+06,0.0238427,0.000803935,0,0.00247113,-0.0661083,nan,-0.00440984,nan,nan,nan,nan,-0.00927393,-0.0314643,-0.00871275,nan,-0.0594753,-0.000344262,-0.0494919,-0.189903,nan,-0.258778,-0.042044,-0.225273,-0.0517049,0.0120087,-0.000566725,0.0280328,-0.423114
269,-24.7888,164.753,0.00101668,0.0416667,3,0.17301,1.57062,0.000616453,-0.0110207,5.86822,5.85277e-05,0.0157336,0.394736,15399.1,0.561374,0.236596,-0.1,0.02,1,267.874,3.30547e+06,0.0318081,0.000871474,0,0.00294782,-0.084844,nan,-0.00536603,nan,nan,nan,nan,-0.0117595,-0.0419406,-0.0110724,nan,-0.0757397,-0.000479452,-0.0656831,-0.240433,nan,-0.35525,-0.0520562,-0.286739,-0.064137,0.0152478,-0.000796476,0.0328082,-0.489564
270,-25.3101,171.645,0.000965585,0,2.58333,0.170662,1.54616,0.000691289,-0.0103592,5.8692,5.85277e-05,0.0147538,0.394749,12285.4,0.655847,0.344361,-0.1,0.02,1,268.876,3.31776e+06,0.0291224,0.000881504,0,0.00310216,-0.0890957,nan,-0.00560516,nan,nan,nan,nan,-0.0126022,-0.0445717,-0.0118085,nan,-0.0788778,-0.000274194,-0.0681205,-0.253479,nan,-0.346995,-0.0538442,-0.29969,-0.067871,0.0158015,-0.000811418,0.0368548,-0.546334
271,-23.4694,167.848,0.001005,0,3.29167,0.169224,1.52268,0.000646801,-0.0100975,5.86989,5.85277e-05,0.0171783,0.394791,11764.5,0.689216,0.355284,-0.1,0.02,1,269.922,3.33005e+06,0.0337237,0.000938467,0,0.0031778,-0.0864223,nan,-0.00604557,nan,nan,nan,nan,-0.012298,-0.0444123,-0.0115882,nan,-0.0772213,-0.000481013,-0.064668,-0.239677,nan,-0.30927,-0.0508973,-0.291535,-0.0671139,0.0161165,-0.000731543,0.0349367,nan
272,-20.4513,145.87,0.000933816,0,2.875,0.171957,1.51902,0.000590611,-0.0101773,5.86972,5.85277e-05,0.0171962,0.394724,13012,0.655168,0.289192,-0.1,0.02,1,270.868,3.34234e+06,0.0311809,0.00083946,0,0.0027465,-0.0747291,nan,-0.00510986,nan,nan,nan,nan,-0.011126,-0.0379091,-0.0100997,nan,-0.0670929,-0.000231884,-0.0585549,-0.211074,nan,-0.269072,-0.0470059,-0.253772,-0.0562899,0.0135365,-0.00068514,0.0318841,nan
273,-28.5995,189.304,0.000847543,0,2.875,0.168929,1.49907,0.000517424,-0.00994007,5.86751,5.85277e-05,0.0150856,0.394653,13985.1,0.629951,0.248698,-0.1,0.02,1,271.748,3.35462e+06,0.0331129,0.00115718,0,0.00326722,-0.0966414,nan,-0.00595768,nan,nan,nan,nan,-0.0129534,-0.0440695,-0.0125101,nan,-0.0871371,-0.000869565,-0.0730713,-0.268572,nan,-0.415001,-0.0576197,-0.327825,-0.0750145,0.0176399,-0.000900729,0.0355072,-0.977874
274,-24.6637,175.319,0.00104942,0,2.875,0.170105,1.54062,0.000636402,-0.0102547,5.86537,5.85277e-05,0.0131242,0.394593,14947.1,0.57793,0.244167,-0.1,0.02,1,272.571,3.36691e+06,0.0343249,0.000974302,0,0.00312529,-0.090211,nan,-0.00599304,nan,nan,nan,nan,-0.0129567,-0.0453764,-0.0122326,nan,-0.0806125,-0.000115942,-0.0675533,-0.252392,nan,-0.327834,-0.0517619,-0.306882,-0.0704203,0.016354,-0.000796518,0.0371739,nan
275,-28.3166,193.127,0.00103572,0,2.625,0.170166,1.53719,0.000657823,-0.00951021,5.86524,5.85277e-05,0.0194945,0.39467,14079.6,0.56051,0.312239,-0.1,0.02,1,273.445,3.3792e+06,0.0418091,0.00109687,0,0.00353521,-0.0986824,nan,-0.00690762,nan,nan,nan,nan,-0.0134921,-0.0487092,-0.0130766,nan,-0.0889195,-0.000412698,-0.0774522,-0.274837,nan,-0.400651,-0.0576449,-0.334862,-0.0730317,0.0180801,-0.000841172,0.0370635,-0.585767
276,-26.7644,186.711,0.00117083,0,3.45833,0.168729,1.5104,0.000823301,-0.0103391,5.86749,5.85277e-05,0.0184086,0.3947,11248.9,0.685396,0.406976,-0.1,0.02,1,274.539,3.39149e+06,0.0393794,0.00102456,0,0.00338489,-0.0963756,nan,-0.00646217,nan,nan,nan,nan,-0.0134627,-0.0477435,-0.0127289,nan,-0.085881,-0.000518072,-0.0741518,-0.267303,nan,-0.369957,-0.0549285,-0.325469,-0.0740843,0.0174315,-0.000826073,0.0421084,-0.483757
277,-25.5496,177.765,0.00110766,0,3.54167,0.167984,1.47208,0.000778435,-0.00939841,5.8674,5.85277e-05,0.0158102,0.394679,12278.6,0.676922,0.323842,-0.1,0.02,1,275.541,3.40378e+06,0.0303009,0.000978567,0,0.00329243,-0.0912905,nan,-0.00612847,nan,nan,nan,nan,-0.0126191,-0.0463867,-0.0120876,nan,-0.0816858,-0.000517647,-0.0659212,-0.252414,nan,-0.351514,-0.0535095,-0.30775,-0.0699294,0.0167978,-0.000785168,0.0381765,-0.410494
278,-23.7486,163.571,0.00097592,0,3.79167,0.166192,1.49291,0.000696853,-0.0107556,5.86595,5.85277e-05,0.00921604,0.394601,12646.6,0.675458,0.29619,-0.1,0.02,1,276.514,3.41606e+06,0.0356116,0.00085504,0,0.00291373,-0.0842943,nan,-0.00569341,nan,nan,nan,nan,-0.0117885,-0.0396911,-0.0110389,nan,-0.0751787,-0.000318681,-0.0640196,-0.232686,nan,-0.332698,-0.051024,-0.282927,-0.063,0.0154213,-0.000712535,0.0313736,-0.562185
279,-22.4053,154.676,0.00109096,0.0416667,2.91667,0.168724,1.52882,0.000664419,-0.0107404,5.86364,5.85277e-05,0.0159986,0.394546,14484.6,0.609382,0.238965,-0.1,0.02,1,277.364,3.42835e+06,0.0264707,0.0008391,0,0.0028335,-0.0793041,nan,-0.00540366,nan,nan,nan,nan,-0.0109814,-0.0396152,-0.0107095,nan,-0.0712907,-0.000774648,-0.0545757,-0.220202,nan,-0.314708,-0.0479506,-0.26871,-0.060169,0.0147527,-0.000694394,0.0335211,-0.482611
280,-23.1635,156.391,0.00103251,0,2.66667,0.16736,1.50152,0.000679553,-0.00978524,5.86258,5.85277e-05,0.0152398,0.394539,14019.7,0.578252,0.29823,-0.1,0.02,1,278.242,3.44064e+06,0.0345311,0.00106035,0,0.00281119,-0.080332,nan,-0.00557938,nan,nan,nan,nan,-0.010587,-0.0356852,-0.0102637,nan,-0.0719604,-0.000328125,-0.0563164,-0.215688,nan,-0.339904,-0.0475214,-0.269885,-0.0621875,0.0147571,-0.000657104,0.0264062,-0.658082
281,-21.8128,154.631,0.0010468,0.0416667,3.45833,0.173766,1.54687,0.000648786,-0.009274,5.86288,5.85277e-05,0.0127191,0.394557,10759.7,0.728857,0.41318,-0.1,0.02,1,279.386,3.45293e+06,0.0282096,0.000936482,0,0.00275384,-0.0792572,nan,-0.00561786,nan,nan,nan,nan,-0.0113925,-0.0391234,-0.0110098,nan,-0.0709077,-0.000452381,-0.0605481,-0.216551,nan,-0.29445,-0.0486603,-0.265209,-0.057619,0.0143227,-0.000705201,0.0272024,-0.215209
282,-25.0494,171.357,0.0010495,0,2.91667,0.167893,1.55513,0.000601494,-0.0105232,5.86369,5.85277e-05,0.018323,0.394589,12012.4,0.696876,0.326064,-0.1,0.02,1,280.41,3.46522e+06,0.0304213,0.00100117,0,0.00306512,-0.0883744,nan,-0.00578771,nan,nan,nan,nan,-0.0120538,-0.0418573,-0.0115018,nan,-0.0788871,-0.000114286,-0.0589438,-0.243731,nan,-0.354901,-0.0523929,-0.295713,-0.0679143,0.0157944,-0.000778844,0.0353571,-0.440225
283,-22.689,157.929,0.00110903,0,2.91667,0.168752,1.58005,0.000670212,-0.0102078,5.86465,5.85277e-05,0.00755636,0.394622,12600,0.701445,0.273793,-0.1,0.02,1,281.387,3.4775e+06,0.0286625,0.000864628,0,0.00298323,-0.0819531,nan,-0.00545057,nan,nan,nan,nan,-0.0121429,-0.0424173,-0.0108533,nan,-0.0726775,-0.000814286,-0.0587628,-0.226377,nan,-0.301482,-0.0533392,-0.274579,-0.0632429,0.0144134,-0.000743354,0.0303571,-0.241292
284,-20.5134,144.41,0.00102982,0,2.54167,0.170446,1.56429,0.000634427,-0.00993796,5.86466,5.85277e-05,0.0119749,0.394576,14050.9,0.626732,0.247804,-0.1,0.02,1,282.263,3.48979e+06,0.0307594,0.000835141,0,0.00279376,-0.0745603,nan,-0.0049223,nan,nan,nan,nan,-0.0106244,-0.0346618,-0.00981346,nan,-0.0666,-0.000147541,-0.051405,-0.204188,nan,-0.280314,-0.047654,-0.250535,-0.0575738,0.0135089,-0.000638239,0.0315574,-0.700672
285,-27.34,189.437,0.00103108,0,3.625,0.172684,1.5614,0.000639548,-0.010528,5.86337,5.85277e-05,0.0143501,0.394577,13488.7,0.593023,0.31796,-0.1,0.02,1,283.175,3.50208e+06,0.034251,0.000916696,0,0.00334859,-0.0974056,nan,-0.00641425,nan,nan,nan,nan,-0.013825,-0.0490352,-0.0132127,nan,-0.0872906,-0.000264368,-0.0701446,-0.267326,nan,-0.378511,-0.0583457,-0.328263,-0.0728736,0.017441,-0.000931932,0.0394828,-0.404439
286,-24.1138,169.794,0.00117551,0,2.625,0.167751,1.56033,0.000774139,-0.0108548,5.86446,5.85277e-05,0.0123248,0.394641,11297.8,0.746531,0.341117,-0.1,0.02,1,284.265,3.51437e+06,0.0373767,0.0011889,0,0.00301918,-0.0868214,nan,-0.00624159,nan,nan,nan,nan,-0.012197,-0.0415303,-0.0117915,nan,-0.0781164,-0.000412698,-0.0633558,-0.235406,nan,-0.34087,-0.05004,-0.292932,-0.0635714,0.015571,-0.000776648,0.034127,-0.81329
287,-20.2692,145.172,0.00111931,0,2.41667,0.168181,1.55923,0.000671926,-0.0106328,5.86595,5.85277e-05,0.0099726,0.39466,11495.5,0.735881,0.333055,-0.1,0.02,1,285.335,3.52666e+06,0.0255309,0.000846587,0,0.00285498,-0.074748,nan,-0.00496241,nan,nan,nan,nan,-0.0110252,-0.0376474,-0.0100307,nan,-0.0667882,-0.000534483,-0.052271,-0.20396,nan,-0.2662,-0.0490162,-0.249901,-0.0559138,0.0129612,-0.000704252,0.0312069,-0.0916364
288,-25.4645,174.889,0.00108003,0,3,0.171522,1.51938,0.000636487,-0.0107895,5.8661,5.85277e-05,0.014119,0.394672,12427.4,0.720574,0.268206,-0.1,0.02,1,286.326,3.53894e+06,0.0323546,0.000905406,0,0.00322594,-0.0904582,nan,-0.00550444,nan,nan,nan,nan,-0.0127887,-0.043683,-0.0117571,nan,-0.0805313,-0.000611111,-0.0679846,-0.245626,nan,-0.35093,-0.0559974,-0.304195,-0.0680556,0.0154228,-0.000831243,0.0315972,-0.640025
289,-23.2554,163.562,0.00101233,0,3.04167,0.171034,1.50133,0.000705668,-0.00942575,5.8662,5.85277e-05,0.0134646,0.394647,13606.6,0.640216,0.262876,-0.1,0.02,1,287.23,3.55123e+06,0.0326191,0.000803674,0,0.00292059,-0.0841221,nan,-0.00560192,nan,nan,nan,nan,-0.0118226,-0.0413438,-0.0114587,nan,-0.0752387,-0.00030137,-0.0605065,-0.23389,nan,-0.321408,-0.0499983,-0.281979,-0.0625205,0.0143571,-0.000747238,0.0379452,-0.764843
290,-23.5383,168.636,0.00107422,0,3.20833,0.170734,1.56917,0.000679222,-0.00959173,5.86478,5.85277e-05,0.00630199,0.39458,15012.6,0.57643,0.242081,-0.1,0.02,1,288.05,3.56352e+06,0.0306783,0.000838024,0,0.00308467,-0.0867934,nan,-0.00585325,nan,nan,nan,nan,-0.012488,-0.0426788,-0.0115334,nan,-0.0775926,-0.000662338,-0.0604299,-0.24035,nan,-0.316638,-0.0523599,-0.29033,-0.0650909,0.0149811,-0.000775938,0.0370779,nan
291,-28.3035,196.903,0.00113006,0,2.58333,0.172435,1.56215,0.00070339,-0.010304,5.86213,5.85277e-05,0.0179443,0.394479,11503.1,0.716653,0.351583,-0.1,0.02,1,289.119,3.57581e+06,0.0363794,0.00132464,0,0.00350296,-0.101675,nan,-0.00647677,nan,nan,nan,nan,-0.014395,-0.0515167,-0.0132917,nan,-0.0905651,-0.000354839,-0.0708758,-0.272452,nan,-0.393509,-0.0605797,-0.339849,-0.0744516,0.0175869,-0.000975695,0.0394355,-1.39087
292,-25.293,177.372,0.00108452,0,3.25,0.171276,1.51708,0.000704348,-0.0106585,5.85938,5.85277e-05,0.0134005,0.394421,11626.4,0.715701,0.341201,-0.1,0.02,1,290.178,3.5881e+06,0.0365894,0.00102697,0,0.00310127,-0.0917012,nan,-0.00602744,nan,nan,nan,nan,-0.012813,-0.044869,-0.0122354,nan,-0.0819528,-0.000435897,-0.0604956,-0.245371,nan,-0.35358,-0.0542235,-0.308466,-0.0691282,0.016019,-0.000835105,0.0405769,-0.515568
293,-24.3786,174.589,0.000945901,0,3.04167,0.170208,1.54073,0.000577084,-0.0107145,5.85815,5.85277e-05,0.0178504,0.394391,11790.5,0.720046,0.322153,-0.1,0.02,1,291.222,3.60038e+06,0.0360396,0.000886378,0,0.00316916,-0.0901978,nan,-0.00617041,nan,nan,nan,nan,-0.0129857,-0.0448371,-0.0125182,nan,-0.0804807,-0.000219178,-0.0634651,-0.243138,nan,-0.333275,-0.0527422,-0.30147,-0.0673425,0.0156031,-0.000819293,0.0364384,-0.102703
294,-20.2778,139.545,0.00111476,0,2.29167,0.167464,1.53401,0.000723142,-0.0114769,5.85876,5.85277e-05,0.0178435,0.394487,12419.9,0.702394,0.286984,-0.1,0.02,1,292.213,3.61267e+06,0.0302728,0.000876581,0,0.00249652,-0.0726277,nan,-0.00486691,nan,nan,nan,nan,-0.0104865,-0.0342323,-0.00945074,nan,-0.0642308,-0.000363636,-0.0509771,-0.203235,nan,-0.281137,-0.0452758,-0.242208,-0.0529455,0.0124911,-0.000616143,0.0232727,-0.29277
295,-24.8216,174.699,0.000975182,0,3.45833,0.170749,1.54785,0.000613176,-0.00992383,5.86141,5.85277e-05,0.016649,0.394517,13582,0.651814,0.252915,-0.1,0.02,1,293.119,3.62496e+06,0.0316635,0.000882726,0,0.00309536,-0.0905477,nan,-0.00600843,nan,nan,nan,nan,-0.0126752,-0.0448891,-0.0120531,nan,-0.0806843,-0.000156627,-0.0617658,-0.246669,nan,-0.340566,-0.0531591,-0.303682,-0.0676024,0.0156329,-0.000847426,0.0368072,-0.651933
296,-24.8083,175.348,0.00118643,0,2.75,0.166006,1.53862,0.000698949,-0.0108607,5.86236,5.85277e-05,0.0144567,0.394593,10930.2,0.778565,0.345664,-0.1,0.02,1,294.245,3.63725e+06,0.031153,0.000810101,0,0.00304877,-0.090926,nan,-0.00623273,nan,nan,nan,nan,-0.0125392,-0.0448936,-0.0124138,nan,-0.0809673,-0.000681818,-0.0622065,-0.246298,nan,-0.341044,-0.0521042,-0.303101,-0.0669091,0.0158531,-0.000855019,0.0365152,-0.437192
297,-26.7001,185.153,0.000995771,0,2.45833,0.174488,1.56664,0.000635169,-0.00986346,5.86473,5.85277e-05,0.014053,0.394645,11946.2,0.71414,0.31447,-0.1,0.02,1,295.275,3.64954e+06,0.0386592,0.000916849,0,0.00330609,-0.0975849,nan,-0.00631864,nan,nan,nan,nan,-0.013086,-0.0468462,-0.0127631,nan,-0.0855543,-0.000440678,-0.0646519,-0.26495,nan,-0.373198,-0.0541105,-0.323379,-0.070661,0.0164265,-0.000886369,0.0373729,-0.339383
298,-26.4939,191.625,0.00101039,0,3.33333,0.173643,1.52924,0.000590109,-0.0106545,5.86595,5.85277e-05,0.0184317,0.394688,11774.4,0.721562,0.322058,-0.1,0.02,1,296.32,3.66182e+06,0.0377976,0.00119511,0,0.00332225,-0.0998611,nan,-0.006936,nan,nan,nan,nan,-0.0139391,-0.0489062,-0.0133622,nan,-0.0883151,-0.000425,-0.066452,-0.264048,nan,-0.356741,-0.0575647,-0.329638,-0.0743875,0.0168434,-0.000899642,0.037625,nan
299,-23.3444,162.778,0.00100986,0,3,0.16943,1.56847,0.000665916,-0.0102185,5.86575,5.85277e-05,0.00916333,0.39461,12920,0.673574,0.277509,-0.1,0.02,1,297.273,3.67411e+06,0.0302872,0.000785959,0,0.00272793,-0.085534,nan,-0.00587167,nan,nan,nan,nan,-0.0116954,-0.042058,-0.011263,nan,-0.0751474,-0.000527778,-0.0541822,-0.230433,nan,-0.326337,-0.0484866,-0.281318,-0.0648889,0.0147812,-0.000763715,0.0328472,-0.365159
300,-27.5137,182.182,0.0010068,0,2.75,0.16909,1.56258,0.000649707,-0.009859,5.86277,5.85277e-05,0.0127094,0.394527,13816.2,0.637774,0.251617,-0.1,0.02,1,298.163,3.6864e+06,0.032481,0.000915009,0,0.00293262,-0.096249,nan,-0.00624818,nan,nan,nan,nan,-0.0126171,-0.0464538,-0.0123219,nan,-0.0842317,-0.00069697,-0.0635709,-0.259944,nan,-0.405457,-0.0531808,-0.316409,-0.0703636,0.0159512,-0.000875045,0.0364394,-0.590477
301,-22.4078,158.882,0.00112156,0,2.83333,0.169097,1.52174,0.000649781,-0.0103258,5.86054,5.85277e-05,0.0152811,0.394445,14663.4,0.592405,0.245599,-0.1,0.02,1,300.787,3.69869e+06,0.0269005,0.000753649,0,0.00287485,-0.0839164,nan,-0.00570471,nan,nan,nan,nan,-0.0117588,-0.0413046,-0.0115613,nan,-0.073346,-0.000220588,-0.0578643,-0.224289,nan,-0.300776,-0.0481435,-0.276475,-0.0599706,0.0132741,-0.000772308,0.0347059,-0.190071
302,-29.0837,198.661,0.000895271,0.0416667,2.54167,0.169412,1.54303,0.000507503,-0.0107778,5.8575,5.85277e-05,0.0115382,0.394344,15152.9,0.565846,0.245088,-0.1,0.02,1,301.6,3.71098e+06,0.0415217,0.00108751,0,0.00309734,-0.105146,nan,-0.00695226,nan,nan,nan,nan,-0.014203,-0.0522322,-0.0138456,nan,-0.0918944,-0.000274194,-0.0701907,-0.27389,nan,-0.426327,-0.0573183,-0.347709,-0.0765968,0.017849,-0.000935029,0.0429032,-0.716955
303,-22.0129,155.921,0.000973877,0,2.625,0.172637,1.55299,0.000532197,-0.010696,5.85509,5.85277e-05,0.019194,0.394299,14900.4,0.573555,0.25112,-0.1,0.02,1,302.426,3.72326e+06,0.0311812,0.000883273,0,0.00270331,-0.0831795,nan,-0.00575841,nan,nan,nan,nan,-0.0114083,-0.0392199,-0.0111312,nan,-0.0720787,-0.00015873,-0.0543255,-0.218429,nan,-0.304213,-0.0468933,-0.270023,-0.0633651,0.0143231,-0.000742769,0.0311905,nan
304,-24.2068,162.892,0.000990249,0,2.70833,0.168889,1.54236,0.000582015,-0.0109484,5.85446,5.85277e-05,0.0141742,0.394308,14150.7,0.61321,0.255154,-0.1,0.02,1,303.295,3.73555e+06,0.029194,0.000930284,0,0.00269238,-0.0854686,nan,-0.00541077,nan,nan,nan,nan,-0.011891,-0.0392306,-0.010971,nan,-0.0752026,-0.000523077,-0.0603931,-0.226021,nan,-0.348913,-0.0508507,-0.282583,-0.0631538,0.0141,-0.000770074,0.0316923,-0.895919
305,-28.0103,192.074,0.00121347,0,2.83333,0.167097,1.55655,0.000697124,-0.00964434,5.85388,5.85277e-05,0.0147283,0.394227,14948.6,0.573558,0.248456,-0.1,0.02,1,304.119,3.74784e+06,0.0351898,0.00108949,0,0.00319112,-0.10127,nan,-0.00618559,nan,nan,nan,nan,-0.0138211,-0.0490081,-0.0130593,nan,-0.0889066,-0.000338235,-0.068202,-0.269096,nan,-0.397217,-0.0577293,-0.337386,-0.0759706,0.0169866,-0.000967694,0.0427206,-0.465423
306,-27.8677,194.282,0.00106042,0,2.95833,0.170986,1.54652,0.000708295,-0.0103348,5.85116,5.85277e-05,0.013927,0.394166,14853.8,0.580176,0.247086,-0.1,0.02,1,304.947,3.76013e+06,0.0356969,0.00107247,0,0.00323323,-0.102348,nan,-0.00683521,nan,nan,nan,nan,-0.0143064,-0.0511466,-0.0135766,nan,-0.0896805,-0.000408451,-0.0686432,-0.270989,nan,-0.387279,-0.0570147,-0.33971,-0.0766479,0.0168993,-0.000929104,0.0379577,-0.309894
307,-27.0138,190.6,0.00102411,0,2.91667,0.165064,1.51749,0.000590075,-0.00988149,5.8492,5.85277e-05,0.00961891,0.394071,14637.6,0.588451,0.25103,-0.1,0.02,1,305.788,3.77242e+06,0.0366682,0.000965902,0,0.00318408,-0.101003,nan,-0.00639029,nan,nan,nan,nan,-0.0138215,-0.0500306,-0.0135575,nan,-0.0879209,-0.0006,-0.0700634,-0.264809,nan,-0.36889,-0.0541977,-0.33345,-0.0768,0.0168026,-0.000901715,0.0394286,-0.371096
308,-29.0239,202.521,0.00109813,0,2.95833,0.166026,1.53718,0.000662063,-0.0109061,5.84556,5.85277e-05,0.0145943,0.393949,14916,0.578942,0.244871,-0.1,0.02,1,306.613,3.7847e+06,0.0365953,0.000904347,0,0.00325383,-0.107493,nan,-0.0069662,nan,nan,nan,nan,-0.0152215,-0.0543542,-0.0142168,nan,-0.0937556,-0.000591549,-0.0754401,-0.284869,nan,-0.401331,-0.0617281,-0.354126,-0.0790563,0.0178105,-0.000983511,0.0444366,-0.288438
309,-31.7501,226.029,0.000990636,0,2.83333,0.163622,1.57082,0.000615701,-0.0105213,5.8436,5.85277e-05,0.0111992,0.393975,14974.7,0.575058,0.245526,-0.1,0.02,1,307.435,3.79699e+06,0.0443974,0.00130646,0,0.00380718,-0.120675,nan,-0.00794059,nan,nan,nan,nan,-0.0166408,-0.0607543,-0.016315,nan,-0.104289,-0.000279412,-0.0815164,-0.319398,nan,-0.433595,-0.0642972,-0.395349,-0.0870588,0.0201324,-0.00110011,0.0520588,nan
310,-22.624,159.519,0.00104869,0,3.20833,0.164951,1.57197,0.000659902,-0.010742,5.8441,5.85277e-05,0.013218,0.393932,14961.2,0.578781,0.242546,-0.1,0.02,1,308.258,3.80928e+06,0.0337831,0.000869229,0,0.002644,-0.0856944,nan,-0.00565403,nan,nan,nan,nan,-0.0115158,-0.0404899,-0.0112218,nan,-0.0738266,-0.000350649,-0.0576351,-0.22585,nan,-0.309396,-0.0468511,-0.27893,-0.0617013,0.0142361,-0.000725045,0.031039,-0.151385
311,-23.451,164.82,0.00111626,0,2.54167,0.165775,1.5473,0.000681893,-0.0107842,5.84177,5.85277e-05,0.0150354,0.393845,14885.8,0.577954,0.247528,-0.1,0.02,1,309.085,3.82157e+06,0.0310382,0.000920402,0,0.00272554,-0.0879074,nan,-0.00578328,nan,nan,nan,nan,-0.0126102,-0.044686,-0.0114722,nan,-0.0762416,-0.000344262,-0.0590973,-0.232146,nan,-0.322834,-0.0511682,-0.288211,-0.0641311,0.014674,-0.000846685,0.0355738,nan
312,-25.654,162.726,0.00105914,0,3.04167,0.168478,1.5521,0.000599637,-0.00973536,5.83918,5.85277e-05,0.017631,0.393784,14528.7,0.579882,0.265891,-0.1,0.02,1,309.932,3.83386e+06,0.0379174,0.000866023,0,0.00247851,-0.0867769,nan,-0.0053663,nan,nan,nan,nan,-0.0108334,-0.0384565,-0.0105218,nan,-0.0750338,-0.000232877,-0.0602241,-0.233213,nan,-0.395663,-0.0485359,-0.281634,-0.0635342,0.0146702,-0.000764472,0.0252055,-0.968091
313,-19.8295,139.111,0.00109421,0,3,0.171384,1.55162,0.000635687,-0.0114639,5.83792,5.85277e-05,0.0176473,0.393755,14809.2,0.584621,0.245131,-0.1,0.02,1,310.763,3.84614e+06,0.0258266,0.000785268,0,0.00249482,-0.0741086,nan,-0.00485944,nan,nan,nan,nan,-0.0105304,-0.0344096,-0.00961686,nan,-0.0642303,-0.000263889,-0.0519387,-0.197966,nan,-0.267167,-0.0449203,-0.241988,-0.0523889,0.0124375,-0.000628697,0.0285417,-0.235601
314,-27.6395,190.446,0.00110749,0,3.45833,0.171625,1.52295,0.000701922,-0.0104345,5.83619,5.85277e-05,0.0140534,0.39366,14697.1,0.587751,0.248332,-0.1,0.02,1,311.6,3.85843e+06,0.0373273,0.00114766,0,0.00295991,-0.101095,nan,-0.0068959,nan,nan,nan,nan,-0.0138775,-0.0502671,-0.013393,nan,-0.0878477,-0.000710843,-0.0722372,-0.269052,nan,-0.389318,-0.0565987,-0.332358,-0.0731325,0.0165608,-0.000883555,0.0384337,-0.891406
315,-25.0782,172.786,0.000937431,0,2.33333,0.169914,1.53565,0.000602586,-0.010362,5.83298,5.85277e-05,0.0132588,0.393558,14722.7,0.578618,0.256013,-0.1,0.02,1,312.436,3.87072e+06,0.0328882,0.000918303,0,0.00276716,-0.0926297,nan,-0.00593036,nan,nan,nan,nan,-0.0128893,-0.0425181,-0.011972,nan,-0.0800705,-0.000410714,-0.065403,-0.242426,nan,-0.352549,-0.0551465,-0.301266,-0.0657143,0.0152626,-0.000895324,0.0376786,-0.761856
316,-24.7617,175.385,0.0011798,0,2.16667,0.172512,1.54123,0.000713265,-0.0107236,5.82976,5.85277e-05,0.0180344,0.39345,15028.3,0.569942,0.247717,-0.1,0.02,1,313.256,3.88301e+06,0.0387798,0.00100431,0,0.00297603,-0.0936692,nan,-0.00658577,nan,nan,nan,nan,-0.0128655,-0.043293,-0.0124065,nan,-0.0811772,-0.000326923,-0.0653722,-0.245781,nan,-0.340816,-0.0550497,-0.30437,-0.0672885,0.0158021,-0.000791369,0.0379808,-0.251436
317,-24.1348,170.288,0.00108594,0,2.45833,0.169689,1.53721,0.000654211,-0.00975663,5.82742,5.85277e-05,0.017842,0.393429,14810.8,0.584455,0.245211,-0.1,0.02,1,314.087,3.8953e+06,0.0302103,0.00074667,0,0.0030589,-0.0913264,nan,-0.00590508,nan,nan,nan,nan,-0.0127028,-0.0434048,-0.0119502,nan,-0.0787252,-0.000254237,-0.0631238,-0.242516,nan,-0.326223,-0.0512621,-0.297767,-0.0662881,0.0151217,-0.00078329,0.0363559,nan
318,-28.2245,199.676,0.00100288,0,3.08333,0.173567,1.56285,0.000625267,-0.00968818,5.82728,5.85277e-05,0.0110201,0.393435,14597.7,0.578126,0.263651,-0.1,0.02,1,314.93,3.90758e+06,0.0377114,0.00102124,0,0.00329517,-0.106297,nan,-0.0070227,nan,nan,nan,nan,-0.0144074,-0.0534395,-0.0142011,nan,-0.0922516,-0.000567568,-0.0749733,-0.278171,nan,-0.383755,-0.0582625,-0.348192,-0.0784595,0.0178333,-0.000951896,0.0398649,nan
319,-25.2282,176.9,0.00113133,0,2.5,0.171776,1.57775,0.000650283,-0.010498,5.82801,5.85277e-05,0.0153485,0.393488,11263.2,0.750687,0.340297,-0.1,0.02,1,316.022,3.91987e+06,0.0340229,0.00115249,0,0.00303922,-0.0953605,nan,-0.00658733,nan,nan,nan,nan,-0.0125895,-0.043387,-0.0123389,nan,-0.0816049,-0.000433333,-0.0708899,-0.245821,nan,-0.345618,-0.0524736,-0.305669,-0.0682,0.0155473,-0.000812825,0.0343333,-0.463009
320,-24.6454,173.371,0.00104655,0,2.91667,0.167515,1.56793,0.000719175,-0.0107058,5.82876,3.90184e-05,0.0202386,0.39345,11504.6,0.742347,0.325745,-0.1,0.02,1,317.092,3.93216e+06,0.0322343,0.000978016,0,0.00280862,-0.0932781,nan,-0.00576086,nan,nan,nan,nan,-0.0132304,-0.0468927,-0.0120521,nan,-0.080243,-0.000514286,-0.0677653,-0.244587,nan,-0.334606,-0.0537045,-0.304352,-0.0661571,0.0153135,-0.000891579,0.0404286,nan
321,-30.3196,216.506,0.00105762,0.0416667,3.25,0.165774,1.51824,0.000671747,-0.00971175,5.82708,3.90184e-05,0.00607473,0.393414,10475.7,0.770358,0.40264,-0.1,0.02,1,318.267,3.94445e+06,0.0391589,0.00130472,0,0.00372663,-0.116325,nan,-0.00733342,nan,nan,nan,nan,-0.0159085,-0.057222,-0.0155515,nan,-0.100039,-0.000227848,-0.081418,-0.303506,nan,-0.406042,-0.0621765,-0.376979,-0.0834937,0.0190031,-0.00105279,0.0481013,nan
322,-24.6372,172,0.00128189,0,2.75,0.166486,1.54108,0.00080984,-0.00901377,5.82587,3.90184e-05,0.0113904,0.393359,11800.6,0.718988,0.322313,-0.1,0.02,1,319.309,3.95674e+06,0.0276759,0.0009348,0,0.00303732,-0.0927801,nan,-0.0060197,nan,nan,nan,nan,-0.0126195,-0.0436969,-0.0118529,nan,-0.0794418,-0.000318182,-0.0662807,-0.24188,nan,-0.332311,-0.053539,-0.298674,-0.0664242,0.0150927,-0.000763115,0.0372727,-0.306019
323,-20.6738,146.667,0.00114743,0,3.125,0.165987,1.55498,0.00074135,-0.00730935,5.82374,3.90184e-05,0.0144517,0.393278,11485.3,0.714649,0.355238,-0.1,0.02,1,320.381,3.96902e+06,0.0318832,0.000956842,0,0.00256828,-0.0788899,nan,-0.00530747,nan,nan,nan,nan,-0.0111051,-0.0381446,-0.0100247,nan,-0.0678435,-0.000266667,-0.0580496,-0.206861,nan,-0.28403,-0.0455361,-0.255738,-0.0555733,0.0129318,-0.00072761,0.0360667,nan
324,-32.0278,217.797,0.000983076,0,2.45833,0.165656,1.53894,0.000617517,-0.00924874,5.82153,3.90184e-05,0.01946,0.393239,11397.2,0.708588,0.369576,-0.1,0.02,1,321.46,3.98131e+06,0.0453356,0.00111945,0,0.00362576,-0.116683,nan,-0.00741153,nan,nan,nan,nan,-0.0148675,-0.0539069,-0.0150234,nan,-0.100517,-0.000440678,-0.0829182,-0.296329,nan,-0.470617,-0.0598228,-0.380113,-0.0867288,0.0198256,-0.00104561,0.0531356,-1.12118
325,-24.9432,170.562,0.0010354,0,2.66667,0.168362,1.53385,0.000636792,-0.00942177,5.82124,3.90184e-05,0.0119416,0.393251,11291.3,0.696226,0.392045,-0.1,0.02,1,322.55,3.9936e+06,0.0362743,0.000937352,0,0.00272733,-0.0911707,nan,-0.00623094,nan,nan,nan,nan,-0.0123022,-0.0429356,-0.0121439,nan,-0.0788463,-0.000578125,-0.0654101,-0.240557,nan,-0.356991,-0.0518778,-0.29778,-0.0662344,0.015896,-0.00078533,0.0347656,-0.445291
326,-27.993,191.541,0.00100329,0,2.54167,0.171436,1.50749,0.0005953,-0.0083511,5.82114,3.90184e-05,0.0095324,0.39322,11774.4,0.743171,0.300445,-0.1,0.02,1,323.595,4.00589e+06,0.0353822,0.00106178,0,0.00318046,-0.102857,nan,-0.00695016,nan,nan,nan,nan,-0.0137577,-0.0498933,-0.013857,nan,-0.0883982,-8.19672e-05,-0.0745662,-0.270561,nan,-0.391459,-0.0561952,-0.332249,-0.0737541,0.0172063,-0.000923377,0.0379508,-0.384906
327,-22.6174,151,0.00120691,0,2,0.170133,1.52408,0.000757263,-0.00872251,5.82012,3.90184e-05,0.0100065,0.3932,12469.9,0.663123,0.322291,-0.1,0.02,1,324.582,4.01818e+06,0.0291131,0.000847078,0,0.00245445,-0.0818582,nan,-0.00505,nan,nan,nan,nan,-0.0114283,-0.0391646,-0.0102595,nan,-0.0698885,-0.000895833,-0.0596812,-0.216775,nan,-0.324271,-0.0486616,-0.264688,-0.0602292,0.0137795,-0.000725701,0.0316667,-0.363735
328,-25.2989,180.019,0.000994228,0,2.25,0.16714,1.5544,0.000630974,-0.00919881,5.81979,3.90184e-05,0.0185639,0.393201,10800,0.760001,0.377777,-0.1,0.02,1,325.722,4.03046e+06,0.033179,0.000915355,0,0.00309538,-0.0957225,nan,-0.00643963,nan,nan,nan,nan,-0.0131881,-0.0459612,-0.0129164,nan,-0.0828019,-0.000518519,-0.0689761,-0.252041,nan,-0.346673,-0.053062,-0.312061,-0.0692778,0.0160502,-0.000859584,0.0423148,nan
329,-29.7858,200.357,0.00112873,0,2.33333,0.169745,1.48304,0.00061224,-0.00843319,5.81971,3.90184e-05,0.0127155,0.393187,10940,0.713922,0.409291,-0.1,0.02,1,326.846,4.04275e+06,0.0312522,0.00106274,0,0.00324928,-0.107396,nan,-0.00695179,nan,nan,nan,nan,-0.0140111,-0.0484,-0.0136185,nan,-0.0923678,-0.000196429,-0.0778089,-0.279018,nan,-0.435778,-0.0571932,-0.346231,-0.0792857,0.0179503,-0.000962388,0.0441964,-0.777902
330,-26.786,185.158,0.0010819,0,2.375,0.167868,1.50891,0.000656573,-0.00826898,5.81886,3.90184e-05,0.011156,0.393151,12310.8,0.670255,0.327896,-0.1,0.02,1,327.846,4.05504e+06,0.0380348,0.000934405,0,0.00303217,-0.0991221,nan,-0.00651754,nan,nan,nan,nan,-0.0130145,-0.0476153,-0.0129001,nan,-0.0854145,-0.00045614,-0.0753006,-0.256126,nan,-0.377804,-0.0519304,-0.322201,-0.0724035,0.0169698,-0.000890925,0.032807,-0.267412
331,-27.9853,189.041,0.00106458,0,2.04167,0.166862,1.531,0.000716542,-0.00822872,5.81787,3.90184e-05,0.0133664,0.393124,11837.1,0.685345,0.352744,-0.1,0.02,1,328.885,4.06733e+06,0.0319408,0.00100792,0,0.00310493,-0.100971,nan,-0.00687265,nan,nan,nan,nan,-0.0130234,-0.0462495,-0.0129147,nan,-0.0869583,-0.000244898,-0.0743863,-0.259769,nan,-0.408967,-0.054243,-0.326329,-0.0747551,0.0176963,-0.000866386,0.0408163,-0.445602
332,-32.7757,224.297,0.00113928,0,2.66667,0.17004,1.49382,0.000713258,-0.00935123,5.8167,3.90184e-05,0.0131089,0.393068,11629.2,0.730302,0.326348,-0.1,0.02,1,329.944,4.07962e+06,0.0446977,0.00113092,0,0.00355991,-0.120418,nan,-0.00744688,nan,nan,nan,nan,-0.0157284,-0.0574641,-0.0154586,nan,-0.103588,-0.00046875,-0.0890661,-0.315216,nan,-0.468994,-0.0625894,-0.390921,-0.0873437,0.0206879,-0.00111468,0.0476562,-0.66239
333,-30.4688,211.592,0.00107543,0.0416667,3.125,0.168342,1.52033,0.000683979,-0.00927721,5.81478,3.90184e-05,0.0113693,0.393004,12316.3,0.70869,0.289015,-0.1,0.02,1,330.943,4.0919e+06,0.0426903,0.00125734,0,0.00353852,-0.11323,nan,-0.00762105,nan,nan,nan,nan,-0.0147402,-0.0541321,-0.0148097,nan,-0.0976447,-0.000447368,-0.0812911,-0.303478,nan,-0.423178,-0.0602265,-0.367825,-0.0823684,0.0192907,-0.000988303,0.0432895,-0.87603
334,-23.2316,155.333,0.00102503,0,2.5,0.168211,1.50544,0.000615888,-0.00830441,5.81324,3.90184e-05,0.0114171,0.392979,12279.1,0.667424,0.333298,-0.1,0.02,1,331.945,4.10419e+06,0.0345229,0.000795252,0,0.00245524,-0.0819183,nan,-0.00516133,nan,nan,nan,nan,-0.0106823,-0.0363367,-0.0104161,nan,-0.0715887,-0.0004,-0.0620057,-0.217963,nan,-0.346142,-0.0467189,-0.268927,-0.0597333,0.0142666,-0.000737854,0.0339167,-0.432092
335,-27.5982,192.386,0.00105879,0,2.375,0.168648,1.50056,0.00059489,-0.0077531,5.81242,3.90184e-05,0.010573,0.392934,11805.9,0.690995,0.349844,-0.1,0.02,1,332.988,4.11648e+06,0.0389364,0.00100009,0,0.00324153,-0.101971,nan,-0.00670386,nan,nan,nan,nan,-0.0133196,-0.0480297,-0.0131507,nan,-0.0887861,-0.000315789,-0.0751688,-0.258114,nan,-0.392843,-0.0552831,-0.331622,-0.0750877,0.0177943,-0.000890364,0.037193,-0.319031
336,-27.0635,188.408,0.00111568,0,2.04167,0.16279,1.56745,0.000651118,-0.00778965,5.81095,3.90184e-05,0.00787151,0.392896,11003.5,0.742361,0.374372,-0.1,0.02,1,334.106,4.12877e+06,0.0386967,0.00100312,0,0.00309032,-0.100397,nan,-0.00690694,nan,nan,nan,nan,-0.0132396,-0.0470677,-0.0130164,nan,-0.0866773,-0.000142857,-0.0720747,-0.260403,nan,-0.385809,-0.055726,-0.325187,-0.0728776,0.0174741,-0.000867946,0.0393878,-0.304657
337,-35.4944,242.963,0.00121233,0,2.25,0.162848,1.57207,0.000744999,-0.00924125,5.80971,3.90184e-05,0.010145,0.392863,12294.7,0.634078,0.365379,-0.1,0.02,1,335.107,4.14106e+06,0.0475122,0.00118226,0,0.0037598,-0.128889,nan,-0.00836,nan,nan,nan,nan,-0.0163392,-0.0592117,-0.0168936,nan,-0.111848,-0.00112963,-0.0995672,-0.337253,nan,-0.514149,-0.0631304,-0.421291,-0.0941667,0.0221351,-0.00112854,0.0542593,-0.815719
338,-33.3602,225.448,0.00113134,0,2.41667,0.168691,1.5375,0.000736902,-0.00813235,5.80896,3.90184e-05,0.00996413,0.392853,11176.3,0.715962,0.383508,-0.1,0.02,1,336.208,4.15334e+06,0.0492056,0.00129229,0,0.00374426,-0.119557,nan,-0.00789241,nan,nan,nan,nan,-0.0151997,-0.0549625,-0.0154971,nan,-0.10384,-0.000344828,-0.0868939,-0.309646,nan,-0.496877,-0.0627084,-0.388961,-0.0871552,0.0209134,-0.00100479,0.0459483,-0.745723
339,-21.8832,150.787,0.00104141,0,2.54167,0.167071,1.5191,0.000663778,-0.0087653,5.80861,3.90184e-05,0.0136619,0.392845,12097.9,0.706003,0.309707,-0.1,0.02,1,337.225,4.16563e+06,0.0311192,0.000753898,0,0.00249173,-0.0799338,nan,-0.00538689,nan,nan,nan,nan,-0.0107931,-0.0360927,-0.0101086,nan,-0.0694692,-0.000459016,-0.0574152,-0.212214,nan,-0.309436,-0.0476494,-0.260475,-0.0590328,0.0139828,-0.00066548,0.029918,-0.810976
340,-43.0248,304.821,0.00102328,0.125,2.66667,0.168468,1.50172,0.000708102,-0.00806634,5.80815,3.90184e-05,0.0182053,0.39282,11484.6,0.733518,0.336436,-0.1,0.02,1,338.297,4.17792e+06,0.0650106,0.00147405,0,0.00470355,-0.162793,nan,-0.0110039,nan,nan,nan,nan,-0.0204143,-0.0772007,-0.0217126,nan,-0.140399,-0.000656716,-0.117089,-0.423776,nan,-0.604564,-0.0773446,-0.528421,-0.120045,0.0281439,-0.00146298,0.0676119,-0.252389
341,-30.5385,218.118,0.00114048,0,3.16667,0.164295,1.5056,0.000663944,-0.00926346,5.80692,3.90184e-05,0.0135897,0.392763,12166.3,0.656477,0.353526,-0.1,0.02,1,339.308,4.19021e+06,0.0474974,0.00129374,0,0.0037447,-0.115834,nan,-0.00792737,nan,nan,nan,nan,-0.0152878,-0.0544379,-0.0154397,nan,-0.10031,-0.000276316,-0.0866825,-0.298925,nan,-0.423516,-0.061853,-0.374536,-0.0826184,0.0196953,-0.0010077,0.0471711,-0.583504
342,-30.118,206.242,0.00111545,0,2.75,0.166093,1.53207,0.000648329,-0.00778146,5.80532,3.90184e-05,0.0062076,0.39273,11736.6,0.671759,0.375222,-0.1,0.02,1,340.357,4.2025e+06,0.0414009,0.00123099,0,0.0033121,-0.109324,nan,-0.00739424,nan,nan,nan,nan,-0.0142407,-0.0495279,-0.014087,nan,-0.0950071,-0.000439394,-0.082251,-0.280273,nan,-0.4355,-0.061396,-0.35681,-0.0773939,0.0185759,-0.00101645,0.0424242,-0.929992
343,-27.2704,188.226,0.000907487,0,2.20833,0.168831,1.54115,0.000554857,-0.00890817,5.80452,3.90184e-05,0.00843197,0.392709,12303.9,0.677299,0.321411,-0.1,0.02,1,341.357,4.21478e+06,0.0354379,0.00105912,0,0.00327366,-0.100457,nan,-0.00673094,nan,nan,nan,nan,-0.0130788,-0.0466594,-0.0129945,nan,-0.0866459,-0.000264151,-0.071186,-0.257178,nan,-0.389461,-0.0551209,-0.32546,-0.0730943,0.0170261,-0.000819283,0.0395283,-0.548422
344,-27.2156,190.013,0.00107032,0,3.16667,0.167744,1.50022,0.000653848,-0.00744336,5.80373,3.90184e-05,0.00861206,0.392678,12745.7,0.68026,0.283829,-0.1,0.02,1,342.322,4.22707e+06,0.037776,0.000886133,0,0.00304565,-0.101085,nan,-0.00700737,nan,nan,nan,nan,-0.0133397,-0.04777,-0.0133663,nan,-0.0874665,-0.000381579,-0.080926,-0.263342,nan,-0.379997,-0.0545723,-0.328332,-0.0755658,0.0176082,-0.000855852,0.0409211,-0.532579
345,-29.2098,209.323,0.00122968,0.0416667,2.66667,0.171218,1.47076,0.00084799,-0.00766548,5.80292,3.90184e-05,0.0156824,0.392665,11708.7,0.701935,0.347541,-0.1,0.02,1,343.373,4.23936e+06,0.0412547,0.0010806,0,0.0034594,-0.110117,nan,-0.00737538,nan,nan,nan,nan,-0.0151553,-0.0529477,-0.0145292,nan,-0.0962667,-0.000630769,-0.0809317,-0.287308,nan,-0.397729,-0.0635744,-0.35843,-0.0778308,0.0186631,-0.00100517,0.0410769,-0.142568
346,-30.121,206.954,0.000998587,0,2.70833,0.166235,1.47543,0.000560692,-0.00839962,5.80238,3.90184e-05,0.0122149,0.392641,10272.4,0.791803,0.404416,-0.1,0.02,1,344.571,4.25165e+06,0.0407359,0.000885763,0,0.00327095,-0.108704,nan,-0.00719477,nan,nan,nan,nan,-0.014069,-0.0501831,-0.014592,nan,-0.0952385,-0.000446154,-0.0855031,-0.283542,nan,-0.439802,-0.0586676,-0.355615,-0.0757231,0.0181006,-0.000968056,0.047,-0.335359
347,-26.5686,187.957,0.00121942,0,1.95833,0.16626,1.5169,0.000697462,-0.00861947,5.80185,3.90184e-05,0.010247,0.392636,12204.7,0.699012,0.307811,-0.1,0.02,1,345.58,4.26394e+06,0.0345555,0.00112192,0,0.00336424,-0.100149,nan,-0.00672511,nan,nan,nan,nan,-0.0135729,-0.0482114,-0.0133929,nan,-0.0867854,-0.000425532,-0.0768667,-0.259465,nan,-0.358864,-0.0560226,-0.326106,-0.0726383,0.0165983,-0.000873274,0.037766,-0.04082
348,-29.7398,209.125,0.0011976,0.0416667,2.29167,0.172221,1.54246,0.000663987,-0.00858911,5.80218,3.90184e-05,0.0141193,0.392662,11685.1,0.656632,0.394961,-0.1,0.02,1,346.633,4.27622e+06,0.0449258,0.00128766,0,0.00321743,-0.11004,nan,-0.00744821,nan,nan,nan,nan,-0.0144572,-0.0500705,-0.014436,nan,-0.0959678,-0.000142857,-0.0862315,-0.289665,nan,-0.418698,-0.0590536,-0.359991,-0.0802679,0.0187522,-0.000985846,0.0444643,-0.682169
349,-24.8827,170.518,0.00112306,0,2.33333,0.174355,1.50546,0.000711852,-0.00789382,5.8027,3.90184e-05,0.0108396,0.392666,10858.9,0.787489,0.344118,-0.1,0.02,1,347.766,4.28851e+06,0.0321935,0.00103468,0,0.00280129,-0.0896186,nan,-0.00611571,nan,nan,nan,nan,-0.011978,-0.0405563,-0.0121903,nan,-0.0784911,-0.000446429,-0.0679943,-0.236885,nan,-0.353044,-0.052877,-0.294135,-0.0634821,0.0149454,-0.000792588,0.0319643,-0.517076
350,-24.6521,165.387,0.000841158,0,2.58333,0.171784,1.51421,0.000577507,-0.00905209,5.80289,3.90184e-05,0.0149348,0.392681,10555.6,0.746937,0.417185,-0.1,0.02,1,348.931,4.3008e+06,0.0322728,0.000889219,0,0.00259903,-0.0862004,nan,-0.00548387,nan,nan,nan,nan,-0.0121675,-0.0411723,-0.0110894,nan,-0.0760339,-0.000274194,-0.0696864,-0.22767,nan,-0.360925,-0.0534773,-0.283791,-0.0621774,0.0145892,-0.000783738,0.0325,-0.76026
351,-28.0152,196.636,0.00108819,0,2.29167,0.166928,1.52248,0.000657575,-0.00865754,5.80324,3.90184e-05,0.0155238,0.392679,11460,0.773399,0.298851,-0.1,0.02,1,350.005,4.31309e+06,0.0373104,0.00101211,0,0.00318086,-0.104807,nan,-0.00707091,nan,nan,nan,nan,-0.0142267,-0.0501549,-0.0138412,nan,-0.0906653,-0.0008,-0.0790073,-0.276439,nan,-0.383161,-0.0576494,-0.342639,-0.0771273,0.0178724,-0.00090811,0.0383636,nan
352,-29.7059,214.712,0.00114119,0.0416667,2.41667,0.166933,1.50257,0.000678151,-0.00809555,5.80304,3.90184e-05,0.00759393,0.392678,11584,0.687005,0.373772,-0.1,0.02,1,351.067,4.32538e+06,0.0398695,0.00110023,0,0.00354019,-0.112395,nan,-0.00806881,nan,nan,nan,nan,-0.0149781,-0.0539078,-0.0153372,nan,-0.0986468,-0.000305085,-0.0859517,-0.288653,nan,-0.403003,-0.0597909,-0.369247,-0.0835254,0.019308,-0.000980076,0.045678,nan
353,-28.5625,202.326,0.000947007,0,1.91667,0.167706,1.54953,0.000564444,-0.00849192,5.80279,3.90184e-05,0.0154224,0.392657,11538.7,0.736325,0.32861,-0.1,0.02,1,352.134,4.33766e+06,0.0377216,0.00102211,0,0.00332813,-0.106685,nan,-0.00727087,nan,nan,nan,nan,-0.0147498,-0.0512736,-0.0141978,nan,-0.0927765,-0.000152174,-0.0864772,-0.275956,nan,-0.393126,-0.0610213,-0.346897,-0.0761522,0.0176749,-0.000916627,0.0397826,nan
354,-28.9631,206.371,0.00121511,0,2.58333,0.161449,1.51527,0.000713907,-0.00798933,5.80136,3.90184e-05,0.00921494,0.392586,11924.2,0.695785,0.334723,-0.1,0.02,1,353.166,4.34995e+06,0.0412908,0.00112565,0,0.00332944,-0.108771,nan,-0.00759032,nan,nan,nan,nan,-0.0143235,-0.0512638,-0.0148582,nan,-0.0948168,-0.000532258,-0.0840843,-0.284302,nan,-0.400312,-0.0568217,-0.354487,-0.0774677,0.0186062,-0.000917885,0.0425806,-0.281601
355,-29.4748,207.269,0.00120838,0.0416667,2.75,0.166311,1.52575,0.000746612,-0.00812721,5.79926,3.90184e-05,0.0130224,0.392542,11800.2,0.685282,0.356059,-0.1,0.02,1,354.213,4.36224e+06,0.0423588,0.00116536,0,0.00335687,-0.108551,nan,-0.00746358,nan,nan,nan,nan,-0.0142818,-0.0509295,-0.0145741,nan,-0.0953176,-0.000522388,-0.0862393,-0.282646,nan,-0.413493,-0.0582295,-0.357199,-0.079194,0.018692,-0.000970051,0.0444776,-0.316653
356,-25.2353,179.662,0.00103039,0,2.95833,0.168026,1.54124,0.000719474,-0.00901006,5.79781,3.90184e-05,0.0144497,0.392479,11370.2,0.719866,0.360849,-0.1,0.02,1,355.295,4.37453e+06,0.0359807,0.00097137,0,0.00294643,-0.0938593,nan,-0.0066062,nan,nan,nan,nan,-0.0127519,-0.0437128,-0.0124001,nan,-0.0824764,-0.000253521,-0.071897,-0.244827,nan,-0.352948,-0.0522852,-0.307583,-0.0677746,0.0166573,-0.000820117,0.0400704,-0.581894
357,-29.7805,208.444,0.0010363,0,2.625,0.163871,1.50911,0.000658858,-0.00791509,5.79586,3.90184e-05,0.0133755,0.392424,11582.4,0.727314,0.333607,-0.1,0.02,1,356.358,4.38682e+06,0.0415715,0.00116357,0,0.00331495,-0.109407,nan,-0.00753746,nan,nan,nan,nan,-0.0143977,-0.0505578,-0.0144877,nan,-0.0959482,-0.000301587,-0.0848773,-0.288553,nan,-0.422303,-0.0588828,-0.359253,-0.0784127,0.01889,-0.000961799,0.0455556,-0.85934
358,-29.0961,210.314,0.00114878,0,2.91667,0.167251,1.51871,0.000700335,-0.00936108,5.7943,3.90184e-05,0.0133403,0.392375,11700.8,0.74422,0.305967,-0.1,0.02,1,357.41,4.3991e+06,0.0507497,0.00125554,0,0.00332482,-0.110732,nan,-0.00762914,nan,nan,nan,nan,-0.0148523,-0.0514728,-0.0148485,nan,-0.0968408,-0.000342857,-0.0868215,-0.281668,nan,-0.402687,-0.0595759,-0.361782,-0.0786429,0.0188562,-0.000951498,0.0398571,nan
359,-24.0673,164.288,0.00110766,0.0416667,2.41667,0.166308,1.47921,0.000709166,-0.00830723,5.79255,3.90184e-05,0.00952623,0.392311,12592.1,0.616706,0.35914,-0.1,0.02,1,358.388,4.41139e+06,0.0330445,0.000914669,0,0.00271181,-0.0860623,nan,-0.0057478,nan,nan,nan,nan,-0.0115944,-0.0409749,-0.0113134,nan,-0.0756924,-0.000338983,-0.0665272,-0.228758,nan,-0.342269,-0.0498317,-0.284774,-0.0607288,0.014263,-0.000699993,0.0333898,-0.440034
360,-40.4311,268.178,0.00115567,0,1.875,0.1705,1.51032,0.000718894,-0.00961476,5.79052,3.90184e-05,0.00920032,0.392251,11432.6,0.71375,0.361071,-0.1,0.02,1,359.464,4.42368e+06,0.0537959,0.00145727,0,0.00431459,-0.140931,nan,-0.00866844,nan,nan,nan,nan,-0.0182388,-0.0673545,-0.017801,nan,-0.123505,-0.000311111,-0.108942,-0.365616,nan,-0.603776,-0.0736026,-0.464178,-0.100422,0.0238866,-0.00128333,0.0527778,-0.710501
361,-29.6755,202.478,0.0010764,0,2.875,0.173422,1.54723,0.000633996,-0.00881349,5.78935,3.90184e-05,0.0120553,0.392244,10869.1,0.765652,0.364896,-0.1,0.02,1,360.596,4.43597e+06,0.0373402,0.00119119,0,0.00306954,-0.105073,nan,-0.00732899,nan,nan,nan,nan,-0.013578,-0.0474689,-0.0141639,nan,-0.0931129,-0.000289855,-0.0813009,-0.274276,nan,-0.43482,-0.0557752,-0.346671,-0.0763913,0.0183892,-0.000872807,0.036087,-0.99107
362,-32.7516,230.963,0.00110709,0,2.25,0.171871,1.50561,0.000724472,-0.00898565,5.78959,3.90184e-05,0.00529912,0.392258,11906.6,0.710197,0.321839,-0.1,0.02,1,361.629,4.44826e+06,0.0502458,0.00140369,0,0.00364227,-0.120432,nan,-0.00778593,nan,nan,nan,nan,-0.0158615,-0.0567575,-0.0161347,nan,-0.106228,-0.000259259,-0.0957835,-0.318699,nan,-0.4665,-0.0653326,-0.398415,-0.0875,0.0203295,-0.00115854,0.0564815,-0.346497
363,-27.4476,197.083,0.00117333,0,2,0.170025,1.51304,0.000710847,-0.00871994,5.78987,3.90184e-05,0.0122397,0.392262,11733.1,0.708624,0.338665,-0.1,0.02,1,362.678,4.46054e+06,0.0431997,0.00127409,0,0.00310968,-0.102517,nan,-0.00721792,nan,nan,nan,nan,-0.0141249,-0.0494804,-0.0143826,nan,-0.0907975,-0.0001875,-0.0813963,-0.268929,nan,-0.373124,-0.0574115,-0.340483,-0.0726042,0.0172396,-0.000902681,0.0363542,nan
364,-29.1051,206.167,0.00107214,0,2.25,0.170137,1.53228,0.000623042,-0.00859341,5.7901,3.90184e-05,0.00529963,0.392281,11187.8,0.727423,0.370921,-0.1,0.02,1,363.778,4.47283e+06,0.043583,0.00114378,0,0.00335585,-0.108017,nan,-0.00724926,nan,nan,nan,nan,-0.0144291,-0.0514893,-0.0147441,nan,-0.0948454,-0.000259259,-0.0791944,-0.284793,nan,-0.405113,-0.0614107,-0.354346,-0.0765185,0.0179627,-0.00101421,0.0417593,-0.260189
365,-32.7242,225.803,0.00115375,0.0416667,2.5,0.17201,1.53889,0.000647864,-0.0087364,5.79031,3.90184e-05,0.0118001,0.392264,11246.5,0.745983,0.34662,-0.1,0.02,1,364.872,4.48512e+06,0.042503,0.00126141,0,0.00348139,-0.117307,nan,-0.00760656,nan,nan,nan,nan,-0.0154921,-0.0544418,-0.0156686,nan,-0.103674,-0.000901639,-0.0934735,-0.311986,nan,-0.468321,-0.0624064,-0.388533,-0.0874262,0.0200656,-0.00102124,0.0472131,-0.685453
366,-27.0582,193.437,0.00116399,0,2.95833,0.178879,1.52273,0.000673123,-0.00917343,5.78956,3.90184e-05,0.00796826,0.392248,11412.8,0.760342,0.316345,-0.1,0.02,1,365.951,4.49741e+06,0.0374596,0.000996906,0,0.00309352,-0.10065,nan,-0.00682197,nan,nan,nan,nan,-0.0139258,-0.0489448,-0.0138393,nan,-0.0891061,-0.000169014,-0.0740635,-0.269701,nan,-0.373466,-0.054631,-0.333339,-0.0742535,0.0169671,-0.000927424,0.044507,-0.14892
367,-28.667,207.156,0.000913751,0,1.875,0.17328,1.48995,0.000592479,-0.00813372,5.78895,3.90184e-05,0.0110227,0.392225,12078.7,0.672453,0.344875,-0.1,0.02,1,366.969,4.5097e+06,0.0421977,0.00122297,0,0.00323149,-0.107344,nan,-0.00760978,nan,nan,nan,nan,-0.0143027,-0.0508877,-0.0146688,nan,-0.0950382,-0.000711111,-0.0828354,-0.276294,nan,-0.403283,-0.0562522,-0.353054,-0.0783333,0.0180149,-0.000958758,0.0435556,nan
368,-31.1159,222.576,0.00111325,0,2.75,0.180358,1.51101,0.000616924,-0.00921128,5.78756,3.90184e-05,0.00965109,0.392146,11724.7,0.689366,0.358681,-0.1,0.02,1,368.019,4.52198e+06,0.046895,0.00128095,0,0.00346707,-0.115144,nan,-0.00787121,nan,nan,nan,nan,-0.0159295,-0.0570964,-0.0159189,nan,-0.102139,-0.00019697,-0.0920985,-0.301583,nan,-0.436052,-0.0636048,-0.383256,-0.0822727,0.0196196,-0.00115581,0.0491667,-0.125758
369,-25.6858,166.069,0.00116968,0,2.41667,0.17447,1.50045,0.000688449,-0.00828345,5.78553,3.90184e-05,0.0149318,0.392134,11112.7,0.751803,0.353956,-0.1,0.02,1,369.126,4.53427e+06,0.0275383,0.000892492,0,0.00228105,-0.0856833,nan,-0.00530793,nan,nan,nan,nan,-0.0115124,-0.0399089,-0.010806,nan,-0.0760337,-0.000155172,-0.0722611,-0.23036,nan,-0.392107,-0.0510962,-0.28318,-0.0628966,0.0142673,-0.00084671,0.0338793,-0.594428
370,-31.37,215.55,0.00118673,0,2.5,0.172928,1.51569,0.000721721,-0.00786714,5.78578,3.90184e-05,0.00863488,0.392138,12499.8,0.693769,0.289285,-0.1,0.02,1,370.111,4.54656e+06,0.0388794,0.00122242,0,0.00312321,-0.111106,nan,-0.007282,nan,nan,nan,nan,-0.0157265,-0.0566549,-0.0150161,nan,-0.0988829,-0.00015,-0.0882763,-0.294185,nan,-0.453663,-0.0655312,-0.368235,-0.0804667,0.0184156,-0.00110317,0.0468333,-0.310417
371,-26.3309,178,0.00092856,0,2.20833,0.171635,1.52471,0.000608298,-0.00888046,5.78576,3.90184e-05,0.0126557,0.392144,12359,0.626332,0.367926,-0.1,0.02,1,371.107,4.55885e+06,0.0360358,0.000847787,0,0.00258608,-0.0929583,nan,-0.00579472,nan,nan,nan,nan,-0.0127906,-0.0431738,-0.0119046,nan,-0.0820221,-0.000245283,-0.0694079,-0.243413,nan,-0.390892,-0.0535582,-0.307456,-0.0655849,0.0155759,-0.000900397,0.0370755,-0.504654
372,-29.5074,209.947,0.00113874,0,2.375,0.167662,1.51327,0.000624394,-0.00859662,5.78572,3.90184e-05,0.0143805,0.392124,12150.8,0.703797,0.307492,-0.1,0.02,1,372.119,4.57114e+06,0.0385958,0.0011717,0,0.00314166,-0.108724,nan,-0.00743263,nan,nan,nan,nan,-0.0149294,-0.0512814,-0.0150169,nan,-0.0963641,-0.000631579,-0.0908162,-0.277729,nan,-0.418887,-0.0620561,-0.356501,-0.0804737,0.0185889,-0.00102578,0.045,nan
373,-34.184,234.357,0.000968822,0,1.75,0.171156,1.52807,0.000612947,-0.00886581,5.7843,3.90184e-05,0.0107888,0.39205,11132.2,0.754,0.34983,-0.1,0.02,1,373.225,4.58342e+06,0.0423425,0.00137403,0,0.00337621,-0.120495,nan,-0.00731286,nan,nan,nan,nan,-0.0167988,-0.0612973,-0.015791,nan,-0.107455,-0.000190476,-0.092991,-0.312521,nan,-0.512087,-0.0678711,-0.39953,-0.0863095,0.0204094,-0.00127809,0.0591667,-0.712803
374,-37.3097,252.578,0.00109409,0,1.875,0.17499,1.52214,0.000726184,-0.00842773,5.78303,3.90184e-05,0.00758145,0.392075,11951,0.7291,0.299098,-0.1,0.02,1,374.255,4.59571e+06,0.0503942,0.00151892,0,0.00356613,-0.130989,nan,-0.00861244,nan,nan,nan,nan,-0.0173518,-0.0628333,-0.0172247,nan,-0.115993,-0.000333333,-0.102048,-0.342121,nan,-0.566375,-0.0712333,-0.429551,-0.0947556,0.0224194,-0.00129272,0.0548889,-0.563396
375,-38.9549,256.113,0.00103786,0.0416667,2.16667,0.172245,1.51123,0.000578572,-0.00909676,5.78381,3.90184e-05,0.00646271,0.392062,11814.7,0.688221,0.351843,-0.1,0.02,1,375.297,4.608e+06,0.0489142,0.00137554,0,0.00364219,-0.133007,nan,-0.00899434,nan,nan,nan,nan,-0.0168493,-0.0603143,-0.0175206,nan,-0.117747,-0.000339623,-0.104268,-0.349287,nan,-0.608654,-0.066462,-0.43957,-0.0967547,0.0226308,-0.00123369,0.0525472,-0.740057
376,-35.7811,243.381,0.0011173,0,2.625,0.171974,1.50116,0.000604249,-0.00789335,5.78265,3.90184e-05,0.0132819,0.392017,10838.6,0.752555,0.381169,-0.1,0.02,1,376.432,4.62029e+06,0.045473,0.00133758,0,0.00334265,-0.125908,nan,-0.00761143,nan,nan,nan,nan,-0.018156,-0.0638662,-0.0171317,nan,-0.111889,-0.000301587,-0.10059,-0.329565,nan,-0.530468,-0.0738192,-0.417848,-0.0932063,0.0213515,-0.00131064,0.0542857,-1.46009
377,-33.347,223.119,0.00104689,0,2.45833,0.167202,1.4967,0.000725672,-0.00830573,5.78121,3.90184e-05,0.00829725,0.391965,11105,0.754794,0.351734,-0.1,0.02,1,377.54,4.63258e+06,0.0385606,0.00134938,0,0.00308593,-0.115394,nan,-0.00765525,nan,nan,nan,nan,-0.0156877,-0.0584498,-0.015455,nan,-0.102423,-0.000322034,-0.0913385,-0.308268,nan,-0.497391,-0.0620776,-0.380887,-0.0846441,0.0189834,-0.00110407,0.0404237,-0.422686
378,-30.2827,213.789,0.000997598,0,2.375,0.166015,1.54074,0.000582527,-0.00841811,5.77951,3.90184e-05,0.0125038,0.391905,12159.1,0.70386,0.306742,-0.1,0.02,1,378.553,4.64486e+06,0.0369767,0.00122262,0,0.00288311,-0.109767,nan,-0.00741614,nan,nan,nan,nan,-0.0157046,-0.0552446,-0.0152843,nan,-0.0982845,-0.000368421,-0.085769,-0.288498,nan,-0.436338,-0.0621915,-0.365632,-0.0799474,0.0185704,-0.00114819,0.047807,nan
379,-33.4366,221.54,0.00101875,0.0416667,2.04167,0.16862,1.51716,0.000595846,-0.00857623,5.77812,3.90184e-05,0.0114357,0.391885,13617.1,0.636497,0.265896,-0.1,0.02,1,379.456,4.65715e+06,0.0426206,0.00128272,0,0.00284285,-0.114645,nan,-0.0072188,nan,nan,nan,nan,-0.015961,-0.0580056,-0.0152333,nan,-0.1017,-0.00096,-0.0925762,-0.304998,nan,-0.512919,-0.0664822,-0.376338,-0.08222,0.0195328,-0.001188,0.047,-0.577754
380,-30.1686,208.019,0.00105885,0.0416667,2.16667,0.170246,1.49783,0.000633901,-0.00753515,5.77726,3.90184e-05,0.0117428,0.391839,14385.5,0.60269,0.251502,-0.1,0.02,1,380.312,4.66944e+06,0.036975,0.00132358,0,0.00286391,-0.108646,nan,-0.00698755,nan,nan,nan,nan,-0.014997,-0.0548563,-0.0142079,nan,-0.0953445,-0.000169811,-0.0889127,-0.271118,nan,-0.449242,-0.0582502,-0.353842,-0.0786604,0.0178733,-0.00106528,0.0477358,-0.500888
381,-31.0815,216.531,0.00105569,0,2.04167,0.167541,1.48717,0.000667775,-0.00862187,5.77591,3.90184e-05,0.0105715,0.391809,14742.8,0.582487,0.251005,-0.1,0.02,1,381.147,4.68173e+06,0.0413737,0.00121254,0,0.00290529,-0.111496,nan,-0.00767551,nan,nan,nan,nan,-0.0152068,-0.0537142,-0.0153174,nan,-0.0991647,-0.000163265,-0.0963838,-0.290602,nan,-0.460372,-0.0602916,-0.369043,-0.0808571,0.0188477,-0.00106109,0.0487755,-0.286164
382,-26.9948,191.348,0.0011064,0,1.91667,0.172706,1.53242,0.000754407,-0.00861217,5.77543,3.90184e-05,0.0106984,0.391814,14510.7,0.595553,0.251272,-0.1,0.02,1,381.995,4.69402e+06,0.0371616,0.0013409,0,0.00251256,-0.097819,nan,-0.00689652,nan,nan,nan,nan,-0.0139596,-0.047732,-0.0135542,nan,-0.087658,-0.000152174,-0.082142,-0.254853,nan,-0.395128,-0.0576349,-0.323537,-0.0693913,0.0169888,-0.000981428,0.0436957,nan
383,-30.6221,215.477,0.000958728,0.0416667,2.66667,0.165717,1.49399,0.000598805,-0.00828711,5.77553,3.90184e-05,0.0114086,0.391802,14248.8,0.610873,0.251518,-0.1,0.02,1,382.859,4.7063e+06,0.0394722,0.00109318,0,0.00290967,-0.10998,nan,-0.00745354,nan,nan,nan,nan,-0.0154601,-0.0554936,-0.0152724,nan,-0.0988179,-0.000123077,-0.0913752,-0.291363,nan,-0.444277,-0.0630517,-0.365557,-0.0805846,0.0190773,-0.00107973,0.0462308,nan
384,-32.08,221.326,0.00102039,0,1.79167,0.167212,1.51281,0.000635946,-0.00886592,5.77493,3.90184e-05,0.0147981,0.391781,13806.5,0.62492,0.265095,-0.1,0.02,1,383.75,4.71859e+06,0.0397067,0.00129314,0,0.00277211,-0.114452,nan,-0.0073014,nan,nan,nan,nan,-0.0160564,-0.058249,-0.015494,nan,-0.101626,-0.000860465,-0.0924163,-0.293003,nan,-0.480958,-0.0624271,-0.377655,-0.0865814,0.0193769,-0.00114141,0.0509302,-0.423925
385,-31.6408,213.98,0.00124667,0,2.08333,0.165123,1.4878,0.000706948,-0.00879677,5.7742,3.90184e-05,0.0146052,0.391757,12782.8,0.694944,0.266348,-0.1,0.02,1,384.713,4.73088e+06,0.0387615,0.00137935,0,0.00278883,-0.110893,nan,-0.0072812,nan,nan,nan,nan,-0.014884,-0.0535231,-0.0151994,nan,-0.0982239,-0.00012,-0.0954872,-0.283051,nan,-0.483234,-0.060136,-0.364365,-0.07854,0.0183755,-0.00109701,0.0459,-0.580281
386,-37.4589,257.702,0.00117369,0,2.375,0.16907,1.54298,0.000714299,-0.00799238,5.77345,3.90184e-05,0.0105699,0.391728,13938.1,0.622275,0.259339,-0.1,0.02,1,385.596,4.74317e+06,0.0505328,0.00154204,0,0.00331332,-0.133356,nan,-0.00841579,nan,nan,nan,nan,-0.0187439,-0.0692885,-0.0178437,nan,-0.118201,-0.000368421,-0.109993,-0.352581,nan,-0.555511,-0.0729777,-0.440367,-0.0979825,0.0222256,-0.0013187,0.0565789,-0.580907
387,-38.0983,257.638,0.00115923,0,1.95833,0.168536,1.52424,0.000646681,-0.00820599,5.77197,3.90184e-05,0.0117238,0.391651,14117.5,0.612053,0.258358,-0.1,0.02,1,386.468,4.75546e+06,0.0546557,0.00150766,0,0.00330614,-0.132826,nan,-0.00884638,nan,nan,nan,nan,-0.0175407,-0.0618611,-0.0178293,nan,-0.117976,-0.000680851,-0.110323,-0.349151,nan,-0.59022,-0.0692596,-0.437151,-0.097383,0.0230309,-0.00128503,0.0555319,-1.43889
388,-33.7338,222.574,0.00110313,0,1.95833,0.164383,1.57202,0.000648518,-0.00790135,5.76985,3.90184e-05,0.0118237,0.391625,14176.9,0.620165,0.246599,-0.1,0.02,1,387.336,4.76774e+06,0.0404223,0.00100788,0,0.00278551,-0.115357,nan,-0.00724255,nan,nan,nan,nan,-0.0156667,-0.0561322,-0.0150227,nan,-0.102186,-0.000148936,-0.0931286,-0.308887,nan,-0.522228,-0.0652857,-0.378171,-0.0823617,0.019377,-0.00111841,0.0502128,-0.882695
389,-35.8926,247.125,0.00116415,0.0416667,2.625,0.163634,1.53155,0.00076506,-0.00842742,5.76967,3.90184e-05,0.0114684,0.391618,14808.7,0.583572,0.246208,-0.1,0.02,1,388.167,4.78003e+06,0.0435582,0.00146996,0,0.0031907,-0.12764,nan,-0.00823125,nan,nan,nan,nan,-0.0181436,-0.0665038,-0.0175704,nan,-0.113631,-0.000625,-0.107077,-0.344369,nan,-0.52525,-0.0711706,-0.424378,-0.0939375,0.0214646,-0.00125666,0.0554688,nan
390,-26.0717,182.661,0.00101331,0.0416667,2.29167,0.166085,1.53919,0.000643086,-0.00843652,5.76895,3.90184e-05,0.0103649,0.391587,15002.4,0.560496,0.258572,-0.1,0.02,1,388.987,4.79232e+06,0.0337543,0.00109454,0,0.00250524,-0.094057,nan,-0.00639929,nan,nan,nan,nan,-0.0136526,-0.0475131,-0.0128803,nan,-0.0836861,-0.000107143,-0.0764971,-0.256441,nan,-0.373609,-0.0557527,-0.311757,-0.0670714,0.0156635,-0.000928014,0.04375,nan
391,-32.5426,226.107,0.00137052,0.0416667,2.29167,0.166364,1.51843,0.000787007,-0.00925241,5.76781,3.90184e-05,0.00957667,0.391547,12126,0.697094,0.316267,-0.1,0.02,1,390.002,4.80461e+06,0.0479163,0.00135567,0,0.00292838,-0.116348,nan,-0.00782143,nan,nan,nan,nan,-0.0157129,-0.055674,-0.0159482,nan,-0.103645,-0.000339286,-0.0921714,-0.3071,nan,-0.496391,-0.0644285,-0.381096,-0.0835714,0.0196425,-0.00111942,0.0548214,-0.696095
392,-40.1952,260.396,0.00109462,0.0833333,2.125,0.168079,1.50408,0.000586113,-0.00798309,5.76666,3.90184e-05,0.00789241,0.391531,13218.1,0.639071,0.29056,-0.1,0.02,1,390.933,4.8169e+06,0.0533407,0.0016608,0,0.00321408,-0.13416,nan,-0.00856,nan,nan,nan,nan,-0.017239,-0.063944,-0.0179264,nan,-0.11958,-0.000150943,-0.107297,-0.352818,nan,-0.646624,-0.0719524,-0.44611,-0.0969434,0.0227314,-0.00131716,0.059717,-0.871851
393,-38.8164,259.115,0.00112899,0,2.16667,0.16921,1.52898,0.000619824,-0.00821282,5.76621,3.90184e-05,0.0126338,0.391508,12714.3,0.662898,0.303576,-0.1,0.02,1,391.901,4.82918e+06,0.0619779,0.00138375,0,0.00312281,-0.133522,nan,-0.00845808,nan,nan,nan,nan,-0.01792,-0.0649596,-0.0177296,nan,-0.119065,-0.000576923,-0.110771,-0.357074,nan,-0.609514,-0.0722116,-0.441516,-0.0980577,0.0218827,-0.00129615,0.0655769,-0.729608
394,-34.8622,247.018,0.00107588,0,2.29167,0.166087,1.53401,0.000676195,-0.00776825,5.76547,3.90184e-05,0.0130633,0.391499,13420,0.628501,0.287147,-0.1,0.02,1,392.818,4.84147e+06,0.0459601,0.00119679,0,0.00342387,-0.126422,nan,-0.00856473,nan,nan,nan,nan,-0.0176806,-0.0635469,-0.0178253,nan,-0.113326,-0.000381818,-0.097837,-0.333764,nan,-0.503897,-0.071229,-0.418731,-0.0957455,0.0214902,-0.00122977,0.055,nan
395,-29.346,206.877,0.00123458,0.0833333,2.29167,0.167459,1.49952,0.000804537,-0.00838948,5.76509,3.90184e-05,0.00768523,0.391485,13039.8,0.633219,0.309129,-0.1,0.02,1,393.762,4.85376e+06,0.0415841,0.00135194,0,0.00274274,-0.107106,nan,-0.00786281,nan,nan,nan,nan,-0.014192,-0.0496047,-0.0153926,nan,-0.0951447,-0.000140351,-0.0845734,-0.276606,nan,-0.430218,-0.0563696,-0.353068,-0.0787719,0.0183362,-0.000902465,0.044386,-0.327719
396,-32.6449,228.067,0.00103517,0.0416667,2.45833,0.171511,1.52741,0.000566312,-0.00850482,5.76477,3.90184e-05,0.00978991,0.391485,14669.8,0.590404,0.247237,-0.1,0.02,1,394.601,4.86605e+06,0.0470328,0.00139829,0,0.00316238,-0.117509,nan,-0.00774033,nan,nan,nan,nan,-0.0164269,-0.0607066,-0.0163756,nan,-0.104742,-0.0001,-0.0961169,-0.313681,nan,-0.474944,-0.0705336,-0.38643,-0.0886833,0.0195917,-0.00109939,0.0535,-0.110529
397,-37.607,260.511,0.000973375,0.0416667,1.83333,0.16687,1.5063,0.000540704,-0.00936509,5.76467,3.90184e-05,0.00972911,0.391481,14093.9,0.576396,0.295469,-0.1,0.02,1,395.474,4.87834e+06,0.0546102,0.00157655,0,0.00339547,-0.134295,nan,-0.00941111,nan,nan,nan,nan,-0.0182205,-0.0670261,-0.0183187,nan,-0.119502,-0.0002,-0.114716,-0.348236,nan,-0.566155,-0.0733626,-0.441914,-0.0974444,0.0225181,-0.00125542,0.06,-0.557616
398,-34.0434,237.843,0.00119876,0,2.125,0.166191,1.51054,0.000728989,-0.00846441,5.76433,3.90184e-05,0.012805,0.391458,12412.1,0.726933,0.263072,-0.1,0.02,1,396.466,4.89062e+06,0.0473174,0.0011551,0,0.00307408,-0.122349,nan,-0.00874824,nan,nan,nan,nan,-0.0170303,-0.060969,-0.0172198,nan,-0.109032,-0.000156863,-0.100101,-0.321563,nan,-0.498032,-0.0673499,-0.406123,-0.0908235,0.0208823,-0.0010861,0.052549,-0.334796
399,-34.5805,238.439,0.00115507,0.0416667,2.33333,0.164138,1.52906,0.000770922,-0.00823852,5.76278,3.90184e-05,0.0140185,0.391375,13597.5,0.614251,0.289445,-0.1,0.02,1,397.371,4.90291e+06,0.042587,0.00132766,0,0.00310785,-0.1235,nan,-0.00852316,nan,nan,nan,nan,-0.0165832,-0.0608315,-0.0169712,nan,-0.109202,-0.000105263,-0.100915,-0.318969,nan,-0.515926,-0.0669569,-0.404003,-0.0909298,0.0205128,-0.00108733,0.055614,-1.00726
400,-34.8673,243.913,0.0010036,0,1.91667,0.165144,1.51078,0.000614331,-0.00843527,5.76053,3.90184e-05,0.00944129,0.39133,10939.7,0.629961,0.493292,-0.1,0.02,1,398.496,4.9152e+06,0.0481791,0.00130933,0,0.0031489,-0.124966,nan,-0.00815,nan,nan,nan,nan,-0.0177692,-0.0654738,-0.0176223,nan,-0.111859,-0.0005,-0.101916,-0.335354,nan,-0.513562,-0.0682127,-0.416748,-0.0898261,0.0203061,-0.00119855,0.0568478,nan
401,-31.5985,222.727,0.00113719,0.0416667,2.25,0.167209,1.49581,0.000643794,-0.00873903,5.76039,3.90184e-05,0.0055536,0.391383,12792.1,0.688275,0.272319,-0.1,0.02,1,401.716,4.92749e+06,0.0433778,0.00114327,0,0.00301451,-0.114226,nan,-0.00779273,nan,nan,nan,nan,-0.0158609,-0.0569749,-0.0158164,nan,-0.102432,-0.000309091,-0.0913302,-0.296462,nan,-0.465645,-0.0629278,-0.380196,-0.0805273,0.0187787,-0.00103388,0.0504545,-0.283873
402,-34.6759,239.263,0.00101757,0,1.58333,0.167412,1.52909,0.000669858,-0.00818375,5.7621,3.90184e-05,0.012066,0.391421,12627.4,0.597814,0.375305,-0.1,0.02,1,402.69,4.93978e+06,0.0499009,0.00115007,0,0.00316716,-0.122863,nan,-0.00771895,nan,nan,nan,nan,-0.0171797,-0.0635304,-0.0168509,nan,-0.109579,-0.000210526,-0.100642,-0.32485,nan,-0.512727,-0.0702464,-0.407644,-0.0932895,0.0200046,-0.00121217,0.0539474,-0.50999
403,-26.1774,184.875,0.00126559,0,1.66667,0.165443,1.54041,0.000725362,-0.0083584,5.76222,3.90184e-05,0.0124203,0.39139,11113.2,0.723048,0.382667,-0.1,0.02,1,403.797,4.95206e+06,0.0431826,0.0010062,0,0.00245936,-0.0949286,nan,-0.0064225,nan,nan,nan,nan,-0.0137403,-0.0463458,-0.0133485,nan,-0.0848543,-0.00045,-0.0782393,-0.252505,nan,-0.381649,-0.0577953,-0.314415,-0.067675,0.0153953,-0.000919804,0.042375,nan
404,-34.4805,223.56,0.00107073,0,2.08333,0.166926,1.53115,0.000627846,-0.00807115,5.76061,3.90184e-05,0.008407,0.391325,11434.6,0.720144,0.354486,-0.1,0.02,1,404.873,4.96435e+06,0.0549638,0.00130497,0,0.00286933,-0.115435,nan,-0.0072032,nan,nan,nan,nan,-0.0149662,-0.05386,-0.0152871,nan,-0.102705,-0.00044,-0.0989522,-0.306279,nan,-0.550404,-0.063739,-0.380388,-0.08054,0.0195713,-0.00111531,0.0434,-1.37054
405,-34.3585,232.96,0.00111112,0,2.08333,0.175289,1.51935,0.000663238,-0.00840291,5.75858,3.90184e-05,0.0132749,0.391258,12221,0.709705,0.295777,-0.1,0.02,1,405.88,4.97664e+06,0.0427389,0.00120213,0,0.00285004,-0.119433,nan,-0.008216,nan,nan,nan,nan,-0.0167299,-0.0609206,-0.0164458,nan,-0.107048,-0.00028,-0.0996166,-0.321153,nan,-0.522215,-0.0677213,-0.398892,-0.08746,0.0196362,-0.00117441,0.0572,-0.712471
406,-38.5073,256.926,0.00109328,0,2.25,0.171957,1.53012,0.000779085,-0.00844554,5.7566,3.90184e-05,0.0132639,0.391205,11721.2,0.686263,0.362094,-0.1,0.02,1,406.93,4.98893e+06,0.058992,0.00132142,0,0.00328574,-0.132106,nan,-0.00852,nan,nan,nan,nan,-0.0176238,-0.0641102,-0.0178878,nan,-0.117629,-0.000166667,-0.111751,-0.352643,nan,-0.59641,-0.0749856,-0.436442,-0.0979444,0.0216345,-0.00124628,0.0592593,-0.727036
407,-28.2276,198,0.00108308,0,2.16667,0.169165,1.49478,0.000746086,-0.00830551,5.7551,3.90184e-05,0.0123935,0.391144,11476.8,0.705687,0.364994,-0.1,0.02,1,408.003,5.00122e+06,0.0404812,0.00107906,0,0.00264246,-0.100567,nan,-0.00665769,nan,nan,nan,nan,-0.0144984,-0.0496167,-0.0133848,nan,-0.0905214,-9.61538e-05,-0.080842,-0.266501,nan,-0.417708,-0.0588757,-0.334561,-0.0711923,0.0167295,-0.000957204,0.0402885,-0.344379
408,-42.5436,288.211,0.00102143,0,2.375,0.167772,1.52608,0.000608601,-0.00869503,5.75295,3.90184e-05,0.00902894,0.39107,10702.4,0.698138,0.450016,-0.1,0.02,1,409.152,5.0135e+06,0.0540938,0.00175208,0,0.0037146,-0.147447,nan,-0.00981649,nan,nan,nan,nan,-0.0196146,-0.0720404,-0.0201264,nan,-0.132154,-0.000245614,-0.125184,-0.378448,nan,-0.657296,-0.0821622,-0.486602,-0.101158,0.0243753,-0.0014544,0.0655263,-1.2224
409,-31.5063,216.179,0.000997845,0,2.33333,0.166275,1.52681,0.000617164,-0.00951662,5.7515,3.90184e-05,0.0130732,0.391068,12555.4,0.674814,0.303886,-0.1,0.02,1,410.133,5.02579e+06,0.0487739,0.00142575,0,0.00267372,-0.109693,nan,-0.00765929,nan,nan,nan,nan,-0.0149245,-0.0517574,-0.0153509,nan,-0.0986012,-0.000178571,-0.0983404,-0.285301,nan,-0.483094,-0.0642034,-0.363382,-0.075,0.0176745,-0.00103009,0.0442857,-0.403824
410,-33.971,236.052,0.000980367,0,2.41667,0.168779,1.53712,0.000611927,-0.00889135,5.75109,3.90184e-05,0.0127719,0.391018,12082.7,0.681815,0.335175,-0.1,0.02,1,411.152,5.03808e+06,0.046094,0.00130116,0,0.00301036,-0.121174,nan,-0.00872172,nan,nan,nan,nan,-0.0161162,-0.0554993,-0.0167586,nan,-0.108148,-0.000603448,-0.0996582,-0.311652,nan,-0.513962,-0.0671078,-0.398146,-0.0863621,0.0199744,-0.00112103,0.052069,-0.463083
411,-38.1602,257.543,0.00110824,0,1.91667,0.170617,1.54909,0.000715863,-0.00810135,5.74944,3.90184e-05,0.0134427,0.390985,12379.5,0.666115,0.326492,-0.1,0.02,1,412.146,5.05037e+06,0.0515969,0.00112194,0,0.00326025,-0.133302,nan,-0.00819522,nan,nan,nan,nan,-0.018465,-0.0646016,-0.0182315,nan,-0.11821,-0.000673913,-0.111626,-0.352216,nan,-0.580957,-0.0753283,-0.439249,-0.0928261,0.0213286,-0.00126132,0.0555435,-1.18292
412,-33.2904,223.639,0.00113348,0,2.54167,0.171476,1.53554,0.000717819,-0.00928636,5.74811,3.90184e-05,0.00919313,0.390913,12976.2,0.671076,0.275889,-0.1,0.02,1,413.094,5.06266e+06,0.042257,0.00128982,0,0.00278928,-0.114275,nan,-0.00773082,nan,nan,nan,nan,-0.0156609,-0.0553704,-0.0158304,nan,-0.10244,-0.000131148,-0.0950484,-0.303883,nan,-0.501012,-0.0685256,-0.38075,-0.0786885,0.0183493,-0.00108478,0.0390164,-0.847661
413,-29.667,209.812,0.00107653,0.0416667,2.83333,0.169393,1.48956,0.000616334,-0.00798987,5.74585,3.90184e-05,0.00656443,0.390862,12006.1,0.682361,0.341121,-0.1,0.02,1,414.119,5.07494e+06,0.0388878,0.00104047,0,0.00284861,-0.107126,nan,-0.00730232,nan,nan,nan,nan,-0.0150922,-0.0529991,-0.0152558,nan,-0.0961538,-0.000318841,-0.0876176,-0.283377,nan,-0.429293,-0.0587542,-0.359304,-0.075913,0.0164357,-0.000938159,0.0468841,nan
414,-33.397,232.254,0.00118162,0.0416667,2.41667,0.164638,1.50668,0.000726264,-0.00753298,5.74488,3.90184e-05,0.00636142,0.390844,12093.5,0.688078,0.328002,-0.1,0.02,1,415.137,5.08723e+06,0.0438736,0.00144622,0,0.00281499,-0.117621,nan,-0.00809254,nan,nan,nan,nan,-0.0174076,-0.0614537,-0.0164394,nan,-0.106215,-0.000135593,-0.100797,-0.313019,nan,-0.488704,-0.0702053,-0.396492,-0.0829831,0.0183127,-0.00121022,0.0463559,-0.110962
415,-37.8696,245.975,0.00117771,0,1.66667,0.164302,1.49926,0.000753472,-0.00918937,5.74418,3.90184e-05,0.0118814,0.390814,12063.4,0.663094,0.355525,-0.1,0.02,1,416.157,5.09952e+06,0.0436973,0.00137062,0,0.00288712,-0.126721,nan,-0.008216,nan,nan,nan,nan,-0.0176806,-0.0621762,-0.0169273,nan,-0.112987,-5e-05,-0.11067,-0.329067,nan,-0.588813,-0.077235,-0.419697,-0.083425,0.0191668,-0.00125296,0.046,-1.03367
416,-35.7986,245.179,0.00108121,0,2.79167,0.164374,1.5091,0.000628764,-0.00868708,5.74312,3.90184e-05,0.0105773,0.390784,14041.1,0.627085,0.248061,-0.1,0.02,1,417.033,5.11181e+06,0.0473945,0.00148123,0,0.0029933,-0.125222,nan,-0.00821672,nan,nan,nan,nan,-0.0183244,-0.0646015,-0.0172819,nan,-0.112559,-0.000761194,-0.109618,-0.333035,nan,-0.528173,-0.0774892,-0.421052,-0.0889851,0.019532,-0.00125799,0.0538806,-0.289247
417,-31.0637,221.778,0.00112299,0.0416667,1.83333,0.167513,1.47609,0.000743851,-0.00813574,5.7423,3.90184e-05,0.0104285,0.390762,15250.9,0.568139,0.237584,-0.1,0.02,1,417.84,5.1241e+06,0.0468787,0.00122171,0,0.00290031,-0.11354,nan,-0.00742089,nan,nan,nan,nan,-0.0166324,-0.0594024,-0.0161378,nan,-0.101789,-0.000488889,-0.0955545,-0.292396,nan,-0.450861,-0.0682045,-0.377873,-0.0766889,0.0170637,-0.00114583,0.0568889,nan
418,-41.1291,268.455,0.00117067,0.0416667,2.70833,0.168228,1.49193,0.000735306,-0.00945049,5.74145,3.90184e-05,0.0160904,0.39073,12026.9,0.656283,0.365427,-0.1,0.02,1,418.863,5.13638e+06,0.0503917,0.0015594,0,0.00322171,-0.137079,nan,-0.00888273,nan,nan,nan,nan,-0.0185549,-0.0671287,-0.0184526,nan,-0.123101,-0.000560606,-0.114381,-0.363378,nan,-0.6525,-0.076317,-0.459522,-0.0958182,0.0211914,-0.0013009,0.0612879,-1.88531
419,-30.359,207.983,0.00122736,0,2.41667,0.166309,1.51162,0.000737406,-0.00732694,5.74073,3.90184e-05,0.0111047,0.390725,11270.6,0.731066,0.359202,-0.1,0.02,1,419.956,5.14867e+06,0.0450638,0.00111883,0,0.00267925,-0.107476,nan,-0.00699931,nan,nan,nan,nan,-0.0146736,-0.0515725,-0.0146017,nan,-0.0955405,-0.000344828,-0.0824026,-0.280826,nan,-0.462385,-0.0613885,-0.354973,-0.0741207,0.0165025,-0.000982152,0.0482759,-1.35158
420,-25.7378,177.458,0.00117329,0,3,0.169962,1.50126,0.000806104,-0.00860707,5.74064,3.90184e-05,0.0164726,0.390714,12352.9,0.65904,0.335709,-0.1,0.02,1,420.952,5.16096e+06,0.038129,0.00121395,0,0.00231872,-0.0905253,nan,-0.00570944,nan,nan,nan,nan,-0.0128044,-0.0428017,-0.0125361,nan,-0.0815461,-0.000263889,-0.0720974,-0.239006,nan,-0.388092,-0.0530318,-0.305515,-0.0619444,0.0137543,-0.000864206,0.0392361,-0.532929
421,-33.4901,234.655,0.00112487,0,2.41667,0.168081,1.50169,0.000679035,-0.00875276,5.7397,3.90184e-05,0.0123023,0.390664,14136.2,0.632302,0.236955,-0.1,0.02,1,421.823,5.17325e+06,0.0437093,0.00140781,0,0.00295157,-0.121017,nan,-0.00793207,nan,nan,nan,nan,-0.0174302,-0.0599356,-0.016826,nan,-0.107747,-0.000396552,-0.0973739,-0.315315,nan,-0.490757,-0.0703987,-0.402049,-0.0819138,0.0177362,-0.00113527,0.0499138,nan
422,-27.8832,185.559,0.00126286,0.0416667,2.41667,0.169515,1.49942,0.000814256,-0.00847384,5.73797,3.90184e-05,0.0136553,0.390615,15263.7,0.568646,0.236399,-0.1,0.02,1,422.629,5.18554e+06,0.0303759,0.00110574,0,0.00250322,-0.0956171,nan,-0.00599695,nan,nan,nan,nan,-0.013458,-0.0452837,-0.0128364,nan,-0.0853759,-0.000271186,-0.0773119,-0.251258,nan,-0.421922,-0.0583907,-0.318601,-0.064661,0.0145813,-0.000893916,0.0392373,-0.591723
423,-38.973,248.345,0.00116514,0.0416667,2.375,0.174835,1.49051,0.000745664,-0.0078726,5.73671,3.90184e-05,0.0119318,0.39059,13197.4,0.576384,0.354709,-0.1,0.02,1,423.561,5.19782e+06,0.0569006,0.00144773,0,0.00313378,-0.128065,nan,-0.00706241,nan,nan,nan,nan,-0.0162726,-0.0568247,-0.0165443,nan,-0.114218,-0.000310345,-0.101211,-0.330472,nan,-0.649067,-0.0709673,-0.424486,-0.0867069,0.0189577,-0.0013283,0.0632759,-1.03046
424,-39.2682,269.19,0.00137555,0.0416667,2.375,0.164469,1.49355,0.000805555,-0.00837948,5.73557,3.90184e-05,0.00941,0.390525,11452.3,0.686235,0.386737,-0.1,0.02,1,424.636,5.21011e+06,0.05183,0.00156135,0,0.00332365,-0.138403,nan,-0.00904483,nan,nan,nan,nan,-0.018957,-0.0685013,-0.0187102,nan,-0.123618,-0.0005,-0.107957,-0.359998,nan,-0.596023,-0.0741419,-0.460533,-0.0938793,0.0205578,-0.00138549,0.0584483,-0.531279
425,-34.4127,235.778,0.00116084,0,2.25,0.161837,1.48921,0.000742455,-0.00923139,5.7331,3.90184e-05,0.01557,0.390435,12275.2,0.656302,0.344737,-0.1,0.02,1,425.638,5.2224e+06,0.0482173,0.00143418,0,0.00314039,-0.120611,nan,-0.00742222,nan,nan,nan,nan,-0.0173415,-0.0605975,-0.0160008,nan,-0.108301,-0.000333333,-0.0941017,-0.309789,nan,-0.525786,-0.0738059,-0.402678,-0.0814815,0.0176616,-0.00118633,0.0557407,-1.47935
426,-21.9846,153.576,0.00116532,0,2.75,0.1687,1.49104,0.000753364,-0.0085765,5.73041,3.90184e-05,0.0119397,0.390356,12611.4,0.690328,0.284032,-0.1,0.02,1,426.614,5.23469e+06,0.0348118,0.00079459,0,0.00223469,-0.0797775,nan,-0.00519939,nan,nan,nan,nan,-0.0124868,-0.0412931,-0.010953,nan,-0.0705639,-0.000606061,-0.0665354,-0.208439,nan,-0.310071,-0.0572043,-0.264644,-0.0540152,0.0115533,-0.000775544,0.0339394,nan
427,-27.4027,195.03,0.00120701,0.0416667,2.75,0.169486,1.47008,0.000789143,-0.00846223,5.72849,3.90184e-05,0.00718818,0.390323,15210.9,0.570995,0.236844,-0.1,0.02,1,427.426,5.24698e+06,0.0366056,0.00112079,0,0.00283054,-0.100338,nan,-0.00655045,nan,nan,nan,nan,-0.0143713,-0.049554,-0.014201,nan,-0.0897019,-0.000208955,-0.0801121,-0.263173,nan,-0.389691,-0.0589148,-0.336469,-0.067,0.0147598,-0.000989293,0.0458209,nan
428,-29.8233,194.159,0.00111047,0,2.625,0.171211,1.52191,0.000716838,-0.00844809,5.7279,5.85277e-05,0.00462959,0.390318,14295.7,0.559342,0.300219,-0.1,0.02,1,428.287,5.25926e+06,0.0377864,0.00100926,0,0.00249461,-0.10045,nan,-0.0059054,nan,nan,nan,nan,-0.014189,-0.0477198,-0.0128175,nan,-0.0895879,-0.000396825,-0.0773231,-0.254656,nan,-0.473146,-0.0624051,-0.334895,-0.0659048,0.0144994,-0.000987773,0.0426984,-1.03469
429,-25.366,173,0.00123309,0,2.41667,0.174408,1.54028,0.000722193,-0.00998163,5.72778,5.85277e-05,0.0148583,0.390312,11019,0.685806,0.429362,-0.1,0.02,1,429.404,5.27155e+06,0.0367501,0.00107713,0,0.00233262,-0.0892048,nan,-0.00563586,nan,nan,nan,nan,-0.012548,-0.0415599,-0.0118358,nan,-0.0795489,-0.000396552,-0.069395,-0.232094,nan,-0.385388,-0.053409,-0.298111,-0.0570345,0.0130769,-0.000852306,0.0388793,-0.678662
430,-31.3647,219.563,0.00113718,0,2.95833,0.176437,1.52839,0.000777078,-0.0105823,5.72677,5.85277e-05,0.0150248,0.390242,11566.1,0.694024,0.368388,-0.1,0.02,1,430.468,5.28384e+06,0.0399813,0.00120379,0,0.00284608,-0.113942,nan,-0.0066969,nan,nan,nan,nan,-0.0167177,-0.0602818,-0.0155926,nan,-0.100995,-0.000591549,-0.0869456,-0.298673,nan,-0.454906,-0.0661116,-0.379239,-0.0765634,0.0159892,-0.00112148,0.0562676,-0.436456
431,-25.9659,183.22,0.00121014,0,2.45833,0.170152,1.5128,0.000715616,-0.0103927,5.72436,5.85277e-05,0.0186445,0.390177,11121.5,0.797363,0.307526,-0.1,0.02,1,431.574,5.29613e+06,0.0343324,0.000930497,0,0.00247118,-0.0943017,nan,-0.00613797,nan,nan,nan,nan,-0.0133803,-0.0447269,-0.0127763,nan,-0.0843147,-0.000694915,-0.0748434,-0.243523,nan,-0.376,-0.0550014,-0.313898,-0.0607627,0.0130811,-0.00087299,0.0431356,-0.64969
432,-26.0875,174.379,0.0011254,0,2.75,0.169855,1.50246,0.000673285,-0.0109005,5.72319,5.85277e-05,0.0166579,0.390176,14034.1,0.62055,0.255033,-0.1,0.02,1,432.451,5.30842e+06,0.0318784,0.000940525,0,0.00242569,-0.0897193,nan,-0.00565727,nan,nan,nan,nan,-0.0129476,-0.0417224,-0.0118019,nan,-0.0802896,-0.000439394,-0.0716495,-0.235465,nan,-0.389728,-0.0587557,-0.298441,-0.0588636,0.0125456,-0.000899866,0.0365152,-0.710632
433,-30.4416,215.472,0.00130275,0,2.20833,0.169372,1.49802,0.000829757,-0.0098657,5.72351,5.85277e-05,0.0109428,0.390195,13899.7,0.579683,0.304365,-0.1,0.02,1,433.337,5.3207e+06,0.0478333,0.00142302,0,0.00292644,-0.110497,nan,-0.00673623,nan,nan,nan,nan,-0.0154532,-0.0528854,-0.0149934,nan,-0.0988422,-0.000358491,-0.0892737,-0.288994,nan,-0.441673,-0.0615314,-0.369251,-0.0736792,0.0157788,-0.0010838,0.0490566,-0.733878
434,-30.2499,201.426,0.00114298,0,2.54167,0.162886,1.48003,0.000740192,-0.00995053,5.72428,5.85277e-05,0.0161447,0.390247,11204.8,0.687733,0.408942,-0.1,0.02,1,434.435,5.33299e+06,0.0349585,0.00132089,0,0.00266928,-0.104123,nan,-0.00601541,nan,nan,nan,nan,-0.014892,-0.0519525,-0.0132592,nan,-0.0925581,-0.000409836,-0.082982,-0.271243,nan,-0.454014,-0.0639095,-0.345361,-0.0680164,0.0143304,-0.00111032,0.0427049,-0.589119
435,-31.2601,220.462,0.00126995,0,2.70833,0.163199,1.49049,0.000771735,-0.0097738,5.72572,5.85277e-05,0.00920021,0.390272,11819,0.674919,0.364759,-0.1,0.02,1,435.477,5.34528e+06,0.0453771,0.00130257,0,0.00300169,-0.113232,nan,-0.007068,nan,nan,nan,nan,-0.0160602,-0.0547413,-0.0154125,nan,-0.101119,-0.000107692,-0.0910423,-0.294655,nan,-0.454294,-0.0650388,-0.376794,-0.0736308,0.0163382,-0.0011719,0.0463846,-0.717748
436,-28.5328,202.348,0.00127383,0,2.75,0.170255,1.48206,0.000816222,-0.00987938,5.72484,5.85277e-05,0.0105607,0.390179,11899.1,0.717097,0.315589,-0.1,0.02,1,436.511,5.35757e+06,0.0404096,0.00114981,0,0.00299961,-0.103655,nan,-0.00599606,nan,nan,nan,nan,-0.0158028,-0.0544191,-0.0138178,nan,-0.0931078,-0.000606061,-0.0828689,-0.270496,nan,-0.401792,-0.0678874,-0.346308,-0.0698939,0.0143705,-0.00113947,0.0469697,-0.313344
437,-30.8176,209.517,0.00111355,0,2.41667,0.172263,1.52399,0.000670042,-0.0103057,5.72131,5.85277e-05,0.0199971,0.390071,13002.2,0.655281,0.289789,-0.1,0.02,1,437.457,5.36986e+06,0.0447073,0.00127282,0,0.00300887,-0.108975,nan,-0.00611207,nan,nan,nan,nan,-0.0157963,-0.054859,-0.0144306,nan,-0.096417,-0.000862069,-0.0912285,-0.281945,nan,-0.454251,-0.0662583,-0.361434,-0.0711379,0.0152149,-0.00119088,0.0472414,-0.795429
438,-26.7502,188.072,0.00131503,0,2.875,0.173434,1.50379,0.00072199,-0.0104534,5.71814,5.85277e-05,0.0156263,0.389962,14376.4,0.595821,0.258914,-0.1,0.02,1,438.313,5.38214e+06,0.0362837,0.00118193,0,0.00262889,-0.0969724,nan,-0.00560841,nan,nan,nan,nan,-0.0143922,-0.0483535,-0.0128341,nan,-0.0864964,-0.000449275,-0.0810055,-0.25312,nan,-0.378261,-0.0598359,-0.32428,-0.0621594,0.0135806,-0.00103936,0.0441304,-0.725104
439,-28.8443,203.595,0.00129516,0,3.29167,0.172941,1.49895,0.00079347,-0.0101073,5.71499,5.85277e-05,0.0142771,0.389879,11078.7,0.702149,0.407008,-0.1,0.02,1,439.424,5.39443e+06,0.041925,0.00126965,0,0.00292525,-0.105458,nan,-0.00605443,nan,nan,nan,nan,-0.0147537,-0.05122,-0.0141227,nan,-0.0936322,-0.000531646,-0.084518,-0.269899,nan,-0.415492,-0.0621504,-0.348982,-0.0687215,0.0147722,-0.00108996,0.0451266,-0.458424
440,-22.5984,160.719,0.00124727,0,2.375,0.172501,1.49446,0.000861672,-0.0103817,5.7126,5.85277e-05,0.0164688,0.389799,12003.5,0.70149,0.322212,-0.1,0.02,1,440.449,5.40672e+06,0.0308485,0.000930741,0,0.0023121,-0.0827974,nan,-0.00537088,nan,nan,nan,nan,-0.0124256,-0.042049,-0.011498,nan,-0.0738697,-0.00045614,-0.066581,-0.219775,nan,-0.311636,-0.0515731,-0.27463,-0.0557018,0.011372,-0.000789677,0.0337719,nan
441,-33.6876,234.29,0.00104,0.0416667,2.54167,0.173003,1.48937,0.000773876,-0.0106364,5.71075,5.85277e-05,0.0128558,0.389778,12149.4,0.670687,0.340718,-0.1,0.02,1,441.462,5.41901e+06,0.0429894,0.00106389,0,0.00325067,-0.121367,nan,-0.00703032,nan,nan,nan,nan,-0.0175083,-0.060789,-0.0160448,nan,-0.107549,-0.000451613,-0.099141,-0.315365,nan,-0.484901,-0.0712746,-0.404548,-0.0782258,0.0168129,-0.00125785,0.0583871,-0.664339
442,-28.675,196.557,0.00132981,0,2.54167,0.170466,1.48787,0.000844807,-0.0104131,5.7097,5.85277e-05,0.0163184,0.389714,14251,0.613451,0.248803,-0.1,0.02,1,442.326,5.4313e+06,0.0368595,0.00114778,0,0.00271953,-0.100895,nan,-0.00610525,nan,nan,nan,nan,-0.0141371,-0.0466581,-0.01327,nan,-0.0902516,-0.000934426,-0.0807394,-0.264996,nan,-0.421102,-0.061864,-0.338173,-0.0651311,0.0144643,-0.00100295,0.0427049,-0.536517
443,-28.2058,183.172,0.00121293,0,2.66667,0.171413,1.49812,0.000907042,-0.0104446,5.7074,5.85277e-05,0.0179954,0.38963,13636.8,0.559858,0.341233,-0.1,0.02,1,443.228,5.44358e+06,0.0330015,0.00117901,0,0.00267723,-0.0948102,nan,-0.00538125,nan,nan,nan,nan,-0.0133886,-0.0444942,-0.0122141,nan,-0.0841687,-0.000265625,-0.0782522,-0.246063,nan,-0.432199,-0.0579598,-0.315976,-0.0638125,0.0132466,-0.000978963,0.0410938,-0.65953
444,-22.7924,157.333,0.00120361,0,2.875,0.17181,1.5283,0.00082028,-0.0112137,5.70475,5.85277e-05,0.0132419,0.38955,11626,0.688243,0.368699,-0.1,0.02,1,444.287,5.45587e+06,0.0295612,0.000980371,0,0.00235846,-0.0804449,nan,-0.00444319,nan,nan,nan,nan,-0.0118984,-0.0400482,-0.010673,nan,-0.0721994,-0.00042029,-0.0665036,-0.209302,nan,-0.330459,-0.0513393,-0.269607,-0.0526957,0.0112701,-0.000840243,0.0385507,-0.370344
445,-25.5528,180.358,0.00122435,0,2.20833,0.168079,1.48872,0.000749819,-0.010153,5.70289,5.85277e-05,0.00684252,0.389504,11790.6,0.66908,0.37311,-0.1,0.02,1,445.331,5.46816e+06,0.0332841,0.000857404,0,0.00262318,-0.0923304,nan,-0.00537132,nan,nan,nan,nan,-0.0135876,-0.0479137,-0.0121236,nan,-0.0828649,-0.000150943,-0.0808932,-0.24912,nan,-0.352738,-0.055607,-0.311491,-0.0627736,0.0132727,-0.000932275,0.0445283,-0.228266
446,-29.5128,201.533,0.00127285,0,2.5,0.168935,1.51833,0.00080062,-0.0107404,5.70165,5.85277e-05,0.0108842,0.389488,11826,0.768684,0.270385,-0.1,0.02,1,446.372,5.48045e+06,0.0360421,0.00117212,0,0.00279549,-0.103881,nan,-0.00611167,nan,nan,nan,nan,-0.0148534,-0.0524592,-0.013671,nan,-0.0926453,-0.000266667,-0.0862977,-0.269186,nan,-0.43022,-0.0606279,-0.345231,-0.0690167,0.0145079,-0.00107481,0.0413333,-0.778558
447,-27.1502,194.793,0.00127356,0,2.41667,0.165245,1.4832,0.000772246,-0.0107062,5.70189,5.85277e-05,0.0136588,0.389526,13980,0.636994,0.241978,-0.1,0.02,1,447.254,5.49274e+06,0.0376522,0.0012941,0,0.00287224,-0.0997602,nan,-0.00558069,nan,nan,nan,nan,-0.0147027,-0.0513524,-0.0133136,nan,-0.0895293,-0.000431034,-0.0833977,-0.262406,nan,-0.376296,-0.0583783,-0.335963,-0.0666552,0.0140041,-0.00099174,0.0507759,-0.310304
448,-31.6306,222.224,0.0012463,0.0416667,2.75,0.168606,1.46868,0.00078448,-0.00976285,5.70259,5.85277e-05,0.0165842,0.389515,12827.9,0.604768,0.353142,-0.1,0.02,1,448.214,5.50502e+06,0.0408957,0.00108778,0,0.00308871,-0.113255,nan,-0.00656836,nan,nan,nan,nan,-0.0171591,-0.0610307,-0.0153127,nan,-0.101927,-0.000567164,-0.100549,-0.300135,nan,-0.44652,-0.0681554,-0.382625,-0.0741493,0.0157205,-0.00124093,0.0576119,-0.719534
449,-30.1583,217.25,0.00123122,0,2.66667,0.169933,1.49839,0.000770638,-0.00990708,5.70157,5.85277e-05,0.0172307,0.389476,12086.3,0.687772,0.328916,-0.1,0.02,1,449.232,5.51731e+06,0.0407959,0.00132285,0,0.00318632,-0.110788,nan,-0.00674125,nan,nan,nan,nan,-0.0164102,-0.0580497,-0.0152657,nan,-0.0996986,-0.00025,-0.09369,-0.291372,nan,-0.413866,-0.0653442,-0.373114,-0.0742656,0.0159864,-0.00113391,0.0507812,nan
450,-35.909,239.636,0.00136955,0,1.83333,0.172269,1.51124,0.000844972,-0.0105031,5.7004,5.85277e-05,0.0156999,0.38945,11718.6,0.672148,0.376443,-0.1,0.02,1,450.282,5.5296e+06,0.0454133,0.00122193,0,0.00330753,-0.122208,nan,-0.00711227,nan,nan,nan,nan,-0.0171212,-0.0617706,-0.0158606,nan,-0.109815,-0.000340909,-0.105742,-0.325846,nan,-0.540649,-0.0724222,-0.409182,-0.0858636,0.0179365,-0.00126906,0.0585227,-1.02637
451,-27.2151,197.309,0.00121922,0,2.83333,0.167916,1.52366,0.000796209,-0.010886,5.69957,5.85277e-05,0.014274,0.389437,12968.1,0.65744,0.290118,-0.1,0.02,1,451.232,5.54189e+06,0.0407666,0.00135197,0,0.00292082,-0.100692,nan,-0.00609647,nan,nan,nan,nan,-0.0149229,-0.05341,-0.0136916,nan,-0.0905907,-0.0005,-0.0813434,-0.265543,nan,-0.380484,-0.0573987,-0.339471,-0.0672353,0.0143608,-0.00103384,0.0543382,-0.141357
452,-26.3228,187.904,0.00120729,0,2.16667,0.166232,1.49521,0.000749773,-0.0107522,5.69918,3.90184e-05,0.021178,0.389411,14136.6,0.620531,0.248703,-0.1,0.02,1,452.103,5.55418e+06,0.0332187,0.000970083,0,0.00279458,-0.095767,nan,-0.005835,nan,nan,nan,nan,-0.0146373,-0.0499264,-0.0130662,nan,-0.0861002,-0.000557692,-0.0789181,-0.252573,nan,-0.364816,-0.0590301,-0.323328,-0.0655577,0.0133652,-0.000951788,0.0456731,-0.0570679
453,-30.539,206.85,0.00120461,0,2.5,0.169106,1.50398,0.000790285,-0.00899217,5.69832,3.90184e-05,0.0117603,0.389395,15239.7,0.567609,0.238704,-0.1,0.02,1,452.911,5.56646e+06,0.0398382,0.00119875,0,0.00286312,-0.106267,nan,-0.00630933,nan,nan,nan,nan,-0.0148854,-0.0512717,-0.0138798,nan,-0.0951821,-0.0004,-0.08875,-0.269097,nan,-0.458708,-0.0618644,-0.354984,-0.0706,0.0152602,-0.00107224,0.0463333,-0.7834
454,-30.2225,209.103,0.00119677,0,2.41667,0.171107,1.51563,0.000770588,-0.00825882,5.69764,3.90184e-05,0.0176205,0.389367,11904.3,0.658879,0.373353,-0.1,0.02,1,453.944,5.57875e+06,0.03756,0.00126879,0,0.00294007,-0.107302,nan,-0.0059869,nan,nan,nan,nan,-0.0161863,-0.0575127,-0.0140207,nan,-0.0960833,-0.000637931,-0.0885084,-0.286772,nan,-0.428452,-0.0657581,-0.363004,-0.072569,0.0152189,-0.00116059,0.0508621,-0.43564
455,-33.7624,235.067,0.00129662,0.0416667,2.45833,0.167277,1.52349,0.000778101,-0.00829553,5.69663,3.90184e-05,0.0123144,0.389333,11261.6,0.721557,0.369589,-0.1,0.02,1,455.037,5.59104e+06,0.0468951,0.00146306,0,0.00326794,-0.120441,nan,-0.00705333,nan,nan,nan,nan,-0.016807,-0.0594987,-0.0156392,nan,-0.107898,-0.00055,-0.0975901,-0.308113,nan,-0.500552,-0.0654461,-0.402999,-0.0784333,0.0173065,-0.00129908,0.0550833,-0.894497
456,-28.0805,194.319,0.00125913,0,1.95833,0.169857,1.48965,0.000793951,-0.00776575,5.69547,3.90184e-05,0.00556561,0.389302,11757,0.687043,0.358123,-0.1,0.02,1,456.083,5.60333e+06,0.0350294,0.00137557,0,0.00279048,-0.0993597,nan,-0.00612255,nan,nan,nan,nan,-0.0147312,-0.0504998,-0.0136128,nan,-0.0891079,-0.000553191,-0.079726,-0.261075,nan,-0.406164,-0.0624258,-0.334407,-0.0670638,0.0147224,-0.00106508,0.0426596,-0.69046
457,-30.5621,214.42,0.00110297,0,2.08333,0.169683,1.51133,0.000697667,-0.00858136,5.69453,3.90184e-05,0.00941504,0.38927,13650.9,0.626516,0.273644,-0.1,0.02,1,456.985,5.61562e+06,0.0399962,0.00133666,0,0.00312365,-0.109728,nan,-0.0062208,nan,nan,nan,nan,-0.0158824,-0.0558539,-0.014766,nan,-0.098608,-0.00016,-0.0894195,-0.282852,nan,-0.438092,-0.0646654,-0.37028,-0.07394,0.015746,-0.00122502,0.0521,-0.935749
458,-32.0541,221.241,0.00121264,0,2.25,0.169918,1.51416,0.000742925,-0.0103244,5.69355,3.90184e-05,0.0194978,0.389239,14508.7,0.589896,0.257047,-0.1,0.02,1,457.834,5.6279e+06,0.0494701,0.00130371,0,0.00304459,-0.112808,nan,-0.00656926,nan,nan,nan,nan,-0.016177,-0.0575132,-0.0150169,nan,-0.101735,-0.000388889,-0.0904484,-0.29387,nan,-0.474015,-0.0652711,-0.380241,-0.0778148,0.0157551,-0.00117896,0.0491667,-0.766665
459,-24.3363,169.119,0.00126204,0,2.45833,0.168329,1.48662,0.000858836,-0.00873695,5.69298,3.90184e-05,0.0072518,0.389245,14355.4,0.588875,0.267107,-0.1,0.02,1,458.691,5.64019e+06,0.0326294,0.00105255,0,0.0023957,-0.0858818,nan,-0.00516068,nan,nan,nan,nan,-0.0126316,-0.0422659,-0.0116445,nan,-0.0775647,-0.000661017,-0.0686235,-0.223456,nan,-0.35662,-0.0511507,-0.290049,-0.0606441,0.0127816,-0.000911567,0.0391525,-0.518148
460,-26.8411,189.963,0.00126926,0,2.25,0.168876,1.49277,0.00081978,-0.00749894,5.69339,3.90184e-05,0.0074358,0.389259,13950.3,0.606439,0.274405,-0.1,0.02,1,459.573,5.65248e+06,0.0376119,0.00104093,0,0.00285102,-0.096021,nan,-0.00601519,nan,nan,nan,nan,-0.0144543,-0.0519229,-0.0133793,nan,-0.0872366,-0.000259259,-0.0812852,-0.258502,nan,-0.369513,-0.0607933,-0.327188,-0.0673333,0.0136401,-0.0009727,0.0419444,-0.230299
461,-23.986,171.547,0.00120084,0,2.20833,0.163107,1.50616,0.000757601,-0.00890553,5.69298,3.90184e-05,0.0110972,0.389207,14243.2,0.597858,0.26487,-0.1,0.02,1,460.437,5.66477e+06,0.0309321,0.000862034,0,0.0024235,-0.0879345,nan,-0.00545472,nan,nan,nan,nan,-0.0131519,-0.0432889,-0.0120448,nan,-0.0787897,-0.000490566,-0.0683859,-0.225813,nan,-0.340254,-0.0519303,-0.297633,-0.0596038,0.0132675,-0.000880475,0.0388679,nan
462,-32.2714,224.695,0.00126041,0.0416667,2.41667,0.169701,1.4951,0.000744784,-0.00869646,5.69128,3.90184e-05,0.0146181,0.38917,13998.3,0.613128,0.264694,-0.1,0.02,1,461.317,5.67706e+06,0.0383762,0.00120651,0,0.00311366,-0.114653,nan,-0.00668712,nan,nan,nan,nan,-0.0164594,-0.060057,-0.0153477,nan,-0.103124,-0.000355932,-0.093587,-0.294177,nan,-0.468424,-0.0655305,-0.385129,-0.0800678,0.0164957,-0.00126308,0.05,-1.05616
463,-31.7581,218.878,0.00116167,0,2.04167,0.167858,1.49217,0.000732695,-0.00845339,5.69014,3.90184e-05,0.01048,0.389117,15082,0.573201,0.241544,-0.1,0.02,1,462.133,5.68934e+06,0.0469506,0.00112202,0,0.00293453,-0.111975,nan,-0.00680163,nan,nan,nan,nan,-0.0165647,-0.0578476,-0.0152876,nan,-0.100526,-0.00022449,-0.0924585,-0.297598,nan,-0.460246,-0.0694534,-0.378669,-0.0784694,0.0163035,-0.00116868,0.0477551,-0.768443
464,-26.1943,187.694,0.00119027,0,2.04167,0.166436,1.52074,0.000694715,-0.0093734,5.68844,3.90184e-05,0.01488,0.389072,15030.3,0.568868,0.248678,-0.1,0.02,1,462.952,5.70163e+06,0.0343161,0.00115627,0,0.00257907,-0.0952061,nan,-0.00564163,nan,nan,nan,nan,-0.0144383,-0.0498648,-0.0132882,nan,-0.0861106,-0.000428571,-0.0748426,-0.25121,nan,-0.373766,-0.0578631,-0.322562,-0.0654694,0.0138605,-0.0010024,0.0508163,-0.0367976
465,-35.8808,253.561,0.00125265,0,1.70833,0.163192,1.50353,0.000773002,-0.00809136,5.68802,3.90184e-05,0.00709102,0.389098,14203.4,0.592737,0.272408,-0.1,0.02,1,463.818,5.71392e+06,0.0518475,0.00163638,0,0.00370462,-0.128981,nan,-0.00730195,nan,nan,nan,nan,-0.0193923,-0.067966,-0.0176706,nan,-0.116509,-0.000536585,-0.108717,-0.338008,nan,-0.510549,-0.0761183,-0.43771,-0.0866829,0.0180185,-0.00140324,0.0632927,-0.307332
466,-30.8576,216.556,0.00125605,0.0833333,2.16667,0.165128,1.46622,0.000730292,-0.00847393,5.68846,3.90184e-05,0.0144573,0.389081,14739.8,0.589144,0.244519,-0.1,0.02,1,464.653,5.72621e+06,0.037515,0.00125386,0,0.00279529,-0.111022,nan,-0.00685963,nan,nan,nan,nan,-0.016767,-0.0614925,-0.0151926,nan,-0.0996179,-0.000148148,-0.0927944,-0.288765,nan,-0.440341,-0.0644207,-0.375779,-0.0760556,0.0161846,-0.00119011,0.0498148,nan
467,-34.3424,246,0.0013743,0.0416667,2.29167,0.16851,1.49813,0.000832801,-0.00932816,5.68705,3.90184e-05,0.0110845,0.389016,14718.6,0.582076,0.252785,-0.1,0.02,1,465.489,5.7385e+06,0.0519271,0.00130182,0,0.00335918,-0.124919,nan,-0.00778929,nan,nan,nan,nan,-0.0185492,-0.066658,-0.0177767,nan,-0.113027,-0.000339286,-0.103104,-0.332183,nan,-0.480967,-0.0711914,-0.422921,-0.0879107,0.0177734,-0.00136792,0.0588393,-0.0907447
468,-31.7617,217.552,0.00112546,0.0416667,2.375,0.168869,1.48431,0.00067667,-0.00861714,5.68547,3.90184e-05,0.0102221,0.388998,14302,0.61299,0.246191,-0.1,0.02,1,466.35,5.75078e+06,0.0395413,0.00128589,0,0.00292637,-0.110571,nan,-0.0069869,nan,nan,nan,nan,-0.0158679,-0.0546791,-0.0153614,nan,-0.0998094,-0.000465517,-0.0940366,-0.291275,nan,-0.467799,-0.0637147,-0.375184,-0.0780345,0.0164775,-0.00111234,0.0461207,-0.566587
469,-34.3638,231.085,0.00116492,0.0416667,2.41667,0.169833,1.50461,0.000693035,-0.00821153,5.6853,3.90184e-05,0.00956459,0.388995,15066,0.568184,0.247426,-0.1,0.02,1,467.167,5.76307e+06,0.0435144,0.0012943,0,0.00291427,-0.117215,nan,-0.00696542,nan,nan,nan,nan,-0.0165645,-0.0584389,-0.0156036,nan,-0.105869,-0.000576271,-0.100262,-0.302633,nan,-0.525984,-0.0679243,-0.395269,-0.0808983,0.017122,-0.00125613,0.0511864,-0.762318
470,-31.2151,205.286,0.00113319,0,2.04167,0.167488,1.47554,0.000724694,-0.00856745,5.6847,3.90184e-05,0.00782547,0.388957,14851.8,0.56924,0.258134,-0.1,0.02,1,467.995,5.77536e+06,0.0430534,0.00116436,0,0.00271174,-0.103057,nan,-0.00574041,nan,nan,nan,nan,-0.01451,-0.0491482,-0.0131602,nan,-0.0938185,-0.000755102,-0.0916229,-0.265373,nan,-0.49324,-0.0615054,-0.349064,-0.0727959,0.014652,-0.00120497,0.0458163,-0.868231
471,-42.1792,296.951,0.00112015,0,1.70833,0.167404,1.51181,0.000631851,-0.00951488,5.68341,3.90184e-05,0.0092731,0.388926,15145.9,0.565097,0.246214,-0.1,0.02,1,468.808,5.78765e+06,0.0636066,0.00187827,0,0.00386061,-0.151068,nan,-0.00919902,nan,nan,nan,nan,-0.0219621,-0.0803682,-0.020171,nan,-0.13616,-0.000487805,-0.133199,-0.386978,nan,-0.612998,-0.0849192,-0.510409,-0.109707,0.0221658,-0.00164957,0.0734146,-0.598907
472,-28.2664,197.175,0.00124039,0,2.375,0.167197,1.52917,0.000771099,-0.00879206,5.68296,3.90184e-05,0.00919344,0.388932,14887.6,0.571233,0.254154,-0.1,0.02,1,469.635,5.79994e+06,0.0360927,0.00121238,0,0.00257622,-0.0994215,nan,-0.00624035,nan,nan,nan,nan,-0.014785,-0.0520427,-0.0136559,nan,-0.0905992,-0.000122807,-0.0881519,-0.258069,nan,-0.415417,-0.0605936,-0.338048,-0.071,0.0145412,-0.00108556,0.0488596,-0.41995
473,-31.7549,215.377,0.00141974,0,2.20833,0.168329,1.49825,0.000840772,-0.00846215,5.68241,3.90184e-05,0.015313,0.388873,15105.7,0.570383,0.243086,-0.1,0.02,1,470.449,5.81222e+06,0.0483852,0.0013883,0,0.00276946,-0.108777,nan,-0.00609396,nan,nan,nan,nan,-0.0159446,-0.0543097,-0.0141909,nan,-0.0986311,-0.00054717,-0.0943662,-0.28557,nan,-0.47636,-0.0659094,-0.370587,-0.0777547,0.0153937,-0.00124315,0.0468868,-0.855474
474,-35.5279,248.6,0.00105489,0,2.08333,0.167696,1.48309,0.000669667,-0.00893787,5.68062,3.90184e-05,0.0102847,0.388853,15085.9,0.573094,0.24144,-0.1,0.02,1,471.265,5.82451e+06,0.0473202,0.00143429,0,0.00312628,-0.126511,nan,-0.0075872,nan,nan,nan,nan,-0.0182848,-0.0666762,-0.0172849,nan,-0.114061,-0.00054,-0.109442,-0.327182,nan,-0.517531,-0.0693273,-0.428618,-0.08502,0.0175336,-0.00145149,0.0594,-0.78468
475,-33.7768,229.671,0.00126109,0.0416667,2.875,0.166707,1.52828,0.000756008,-0.00858782,5.68085,3.90184e-05,0.011107,0.388878,14804.5,0.583411,0.246606,-0.1,0.02,1,472.097,5.8368e+06,0.0431067,0.00132747,0,0.00304167,-0.117109,nan,-0.00676257,nan,nan,nan,nan,-0.0170991,-0.0619441,-0.0154775,nan,-0.105461,-0.000285714,-0.101178,-0.307697,nan,-0.502604,-0.0705904,-0.395018,-0.0811,0.0168916,-0.0012573,0.0580714,-0.9693
476,-32.365,224.944,0.0012033,0.0416667,2.20833,0.169305,1.50806,0.000734471,-0.00922976,5.68122,3.90184e-05,0.0137631,0.388866,14757.9,0.584898,0.24774,-0.1,0.02,1,472.931,5.84909e+06,0.041911,0.00123438,0,0.00295182,-0.114065,nan,-0.00754,nan,nan,nan,nan,-0.0165443,-0.0588905,-0.0160314,nan,-0.103322,-5.55556e-05,-0.0995678,-0.295783,nan,-0.474884,-0.0656538,-0.384579,-0.0810185,0.0170585,-0.00118742,0.0530556,-0.828274
477,-30.6772,218.532,0.00119966,0,2.58333,0.164245,1.48309,0.000717821,-0.00834942,5.67947,3.90184e-05,0.0123817,0.388754,15020.2,0.577106,0.240994,-0.1,0.02,1,473.75,5.86138e+06,0.0379149,0.00139807,0,0.00292975,-0.110698,nan,-0.00677935,nan,nan,nan,nan,-0.0163723,-0.0587529,-0.0152102,nan,-0.0998627,-0.000645161,-0.101023,-0.280853,nan,-0.438646,-0.0650804,-0.371966,-0.0745161,0.0159633,-0.00126238,0.0532258,-0.224919
478,-36.212,257.977,0.00117654,0,1.79167,0.165276,1.53031,0.000765328,-0.00890813,5.6767,3.90184e-05,0.0115992,0.388724,14974.6,0.574034,0.246557,-0.1,0.02,1,474.572,5.87366e+06,0.0529352,0.00146578,0,0.00360389,-0.13011,nan,-0.00837488,nan,nan,nan,nan,-0.0194217,-0.069755,-0.0181102,nan,-0.117999,-0.000302326,-0.113163,-0.340679,nan,-0.515165,-0.0781135,-0.439942,-0.0895581,0.0191795,-0.0013833,0.0611628,-0.295353
479,-43.1881,284.118,0.00125474,0.0416667,2.08333,0.163414,1.51317,0.000768466,-0.00837304,5.676,3.90184e-05,0.00844507,0.388681,11916.8,0.663763,0.367386,-0.1,0.02,1,475.604,5.88595e+06,0.0586125,0.00168207,0,0.00348321,-0.144337,nan,-0.00825922,nan,nan,nan,nan,-0.0200718,-0.0713524,-0.0190159,nan,-0.130284,-0.000156863,-0.126108,-0.372539,nan,-0.673087,-0.0814679,-0.488867,-0.100922,0.0202903,-0.00159214,0.0642157,-0.887768
480,-33.3487,231.585,0.001351,0.0416667,2.16667,0.160086,1.51672,0.000747459,-0.00833591,5.67391,3.90184e-05,0.0107395,0.388598,11253.7,0.739442,0.352465,-0.1,0.02,1,476.698,5.89824e+06,0.0469643,0.00144966,0,0.00327202,-0.117582,nan,-0.00716264,nan,nan,nan,nan,-0.0170658,-0.0605593,-0.0158214,nan,-0.105988,-0.000641509,-0.107772,-0.299719,nan,-0.486652,-0.0679759,-0.39531,-0.0816038,0.0163815,-0.00129034,0.0506604,-1.11407
481,-35.5296,240.983,0.00134851,0,2.41667,0.161632,1.51669,0.000914023,-0.00850144,5.67172,3.90184e-05,0.0139137,0.388554,11790.4,0.715019,0.327181,-0.1,0.02,1,477.741,5.91053e+06,0.0483809,0.00138544,0,0.00302626,-0.122449,nan,-0.0073469,nan,nan,nan,nan,-0.0164802,-0.0603225,-0.0163071,nan,-0.110006,-0.000362069,-0.113559,-0.316549,nan,-0.538945,-0.0658952,-0.40923,-0.0848793,0.0174499,-0.0013699,0.052931,-0.521257
482,-28.9358,203.183,0.00133852,0,2.5,0.158565,1.50448,0.000949957,-0.00911881,5.67051,3.90184e-05,0.0110724,0.388509,11522.4,0.723637,0.342806,-0.1,0.02,1,478.809,5.92282e+06,0.0393683,0.00127574,0,0.00286032,-0.103098,nan,-0.005608,nan,nan,nan,nan,-0.015427,-0.053355,-0.0137057,nan,-0.0930427,-0.000183333,-0.0913528,-0.273627,nan,-0.407409,-0.0625856,-0.349139,-0.0709667,0.0137395,-0.00114146,0.0464167,-0.588526
483,-30.0448,214.611,0.00130242,0,2.25,0.160131,1.49503,0.000693265,-0.00827022,5.66909,3.90184e-05,0.00903842,0.38847,10855.4,0.778379,0.353595,-0.1,0.02,1,479.943,5.9351e+06,0.0490149,0.00113834,0,0.0028819,-0.109489,nan,-0.0063763,nan,nan,nan,nan,-0.0160081,-0.0552174,-0.0145044,nan,-0.0982857,-0.000296296,-0.0990147,-0.278669,nan,-0.433501,-0.0649162,-0.36614,-0.074037,0.0147831,-0.00123096,0.0557407,-0.219042
484,-34.3466,222.412,0.00125657,0.0416667,2.79167,0.167923,1.52079,0.000826155,-0.00930561,5.66808,5.85277e-05,0.00481698,0.388444,11054.1,0.740499,0.371127,-0.1,0.02,1,481.056,5.94739e+06,0.0435958,0.00131058,0,0.00286587,-0.11304,nan,-0.00633912,nan,nan,nan,nan,-0.0153126,-0.0543852,-0.0144934,nan,-0.101769,-0.000441176,-0.0999005,-0.292546,nan,-0.544625,-0.0635845,-0.37925,-0.0753382,0.0156815,-0.00125399,0.0515441,-0.79387
485,-28.0828,198.887,0.00122886,0,2.20833,0.170621,1.50899,0.000674432,-0.0103019,5.66661,5.85277e-05,0.0131777,0.388369,11848.4,0.71889,0.318213,-0.1,0.02,1,482.095,5.95968e+06,0.0456054,0.00107729,0,0.00266055,-0.101553,nan,-0.0059966,nan,nan,nan,nan,-0.0150969,-0.0520691,-0.0137596,nan,-0.0909906,-5.66038e-05,-0.0890915,-0.259931,nan,-0.407848,-0.059577,-0.33875,-0.0676415,0.0133929,-0.00110827,0.0439623,-0.390558
486,-32.1402,224.868,0.00134687,0.0416667,2.16667,0.168561,1.51676,0.00082204,-0.010142,5.66458,5.85277e-05,0.0130472,0.388322,13020.1,0.648661,0.295113,-0.1,0.02,1,483.04,5.97197e+06,0.045922,0.00126542,0,0.00301401,-0.113649,nan,-0.0069766,nan,nan,nan,nan,-0.0164711,-0.0563282,-0.0155385,nan,-0.102768,-9.43396e-05,-0.103416,-0.295585,nan,-0.46578,-0.0672546,-0.383099,-0.0784906,0.0158149,-0.00126679,0.0528302,-1.01431
487,-25.6945,179.525,0.00123808,0,2.45833,0.166778,1.46036,0.000711932,-0.0104699,5.66326,5.85277e-05,0.0142709,0.388285,11226.7,0.708496,0.386034,-0.1,0.02,1,484.136,5.98426e+06,0.0336287,0.00110584,0,0.00238119,-0.09108,nan,-0.00548407,nan,nan,nan,nan,-0.0142364,-0.0471584,-0.0123822,nan,-0.0822386,-0.000305085,-0.0817492,-0.240118,nan,-0.366759,-0.0608229,-0.30537,-0.0634407,0.0122348,-0.00102716,0.0439831,-0.347439
488,-36.9598,255.593,0.00126185,0,2.45833,0.16793,1.50974,0.000785209,-0.0110099,5.66169,5.85277e-05,0.0166795,0.388215,11203.3,0.7512,0.34562,-0.1,0.02,1,485.234,5.99654e+06,0.059136,0.0014949,0,0.00323812,-0.130358,nan,-0.00756237,nan,nan,nan,nan,-0.018298,-0.0654803,-0.0175624,nan,-0.117132,-0.000423729,-0.113617,-0.33162,nan,-0.552951,-0.0723194,-0.438606,-0.0876102,0.0178501,-0.00148306,0.0599153,-0.680477
489,-30.1447,202.735,0.00133588,0,2.04167,0.166551,1.46743,0.000753116,-0.0107789,5.6595,5.85277e-05,0.0131526,0.388165,11190.8,0.70025,0.397792,-0.1,0.02,1,486.334,6.00883e+06,0.040209,0.00111381,0,0.00255268,-0.103744,nan,-0.00611306,nan,nan,nan,nan,-0.0151734,-0.0538107,-0.0136806,nan,-0.092983,-0.000183673,-0.0885695,-0.272273,nan,-0.450847,-0.0642854,-0.347766,-0.0715306,0.0144805,-0.00116362,0.0462245,-0.727398
490,-37.1191,243,0.00123184,0,2.16667,0.166448,1.4759,0.000729624,-0.010373,5.65803,5.85277e-05,0.00963187,0.38809,11753,0.72708,0.318444,-0.1,0.02,1,487.382,6.02112e+06,0.0517807,0.00144763,0,0.00305813,-0.123389,nan,-0.00703885,nan,nan,nan,nan,-0.0171659,-0.0643214,-0.0163409,nan,-0.111264,-0.000961538,-0.106332,-0.326722,nan,-0.580682,-0.0709762,-0.415537,-0.0851154,0.0173241,-0.00138492,0.0548077,-0.990481
491,-35.3057,251.34,0.00128789,0,2.08333,0.1646,1.49321,0.000743595,-0.0105992,5.65452,5.85277e-05,0.0153195,0.387945,12791.1,0.598451,0.362216,-0.1,0.02,1,488.344,6.03341e+06,0.0544396,0.00114178,0,0.00347229,-0.127691,nan,-0.0080164,nan,nan,nan,nan,-0.0184787,-0.0647636,-0.0178767,nan,-0.115096,-0.00036,-0.108832,-0.332331,nan,-0.506679,-0.0719009,-0.430269,-0.08814,0.0178828,-0.00139885,0.0566,-0.174794
492,-32.2066,215.017,0.00134441,0.0416667,2.375,0.167481,1.49132,0.000835086,-0.0104239,5.65115,5.85277e-05,0.00698831,0.387902,9146.39,0.78453,0.558951,-0.1,0.02,1,489.69,6.0457e+06,0.0471381,0.00127622,0,0.00282948,-0.108794,nan,-0.00631138,nan,nan,nan,nan,-0.0162978,-0.0575884,-0.0142501,nan,-0.0985692,-0.000551724,-0.0989417,-0.283595,nan,-0.485979,-0.068264,-0.369946,-0.0752069,0.01511,-0.00121821,0.0461207,-1.08137
493,-30.5892,219.571,0.00115983,0,2.625,0.167022,1.52072,0.000731209,-0.0104242,5.65017,5.85277e-05,0.0160648,0.387862,11601.4,0.746299,0.312881,-0.1,0.02,1,490.751,6.05798e+06,0.0453529,0.00122778,0,0.00298732,-0.111234,nan,-0.00687048,nan,nan,nan,nan,-0.0163458,-0.0571322,-0.0154876,nan,-0.100511,-0.000428571,-0.0956769,-0.291815,nan,-0.434083,-0.0654109,-0.374085,-0.0751905,0.0152472,-0.00120543,0.0524603,-0.0793643
494,-38.03,259.83,0.00130526,0.125,2.08333,0.163558,1.51393,0.000866173,-0.0108835,5.64881,5.85277e-05,0.015694,0.387828,12787.3,0.693141,0.267813,-0.1,0.02,1,491.713,6.07027e+06,0.0563933,0.00159364,0,0.003357,-0.132831,nan,-0.00783623,nan,nan,nan,nan,-0.0191759,-0.0714418,-0.0173849,nan,-0.119331,-0.000471698,-0.111876,-0.346083,nan,-0.566959,-0.0752903,-0.448059,-0.0933208,0.018561,-0.00155449,0.0646226,-0.607942
495,-30.8925,216.333,0.00124419,0,2.875,0.166085,1.50084,0.000789797,-0.0111446,5.64836,5.85277e-05,0.0174139,0.387846,14217.7,0.61614,0.248132,-0.1,0.02,1,492.579,6.08256e+06,0.0436859,0.00119636,0,0.00278927,-0.109315,nan,-0.00636928,nan,nan,nan,nan,-0.0164151,-0.0600143,-0.0150087,nan,-0.0991608,-0.000521739,-0.0938793,-0.288735,nan,-0.448011,-0.0668928,-0.369915,-0.0746812,0.0147349,-0.00125295,0.0542754,-0.384184
496,-28.22,201.86,0.00119001,0.0416667,2.33333,0.167645,1.51224,0.000746188,-0.009936,5.64813,5.85277e-05,0.0162545,0.387782,12603.3,0.618286,0.356695,-0.1,0.02,1,493.555,6.09485e+06,0.0462286,0.00140573,0,0.00280152,-0.102681,nan,-0.00659544,nan,nan,nan,nan,-0.0151184,-0.052512,-0.014069,nan,-0.0924061,-0.000280702,-0.0902257,-0.269665,nan,-0.399576,-0.0603543,-0.344869,-0.0680702,0.0145995,-0.00110419,0.0414912,nan
497,-30.5152,212.1,0.00114488,0,2.08333,0.163518,1.49723,0.000784357,-0.00993661,5.64589,5.85277e-05,0.016802,0.387743,11966.7,0.682886,0.343961,-0.1,0.02,1,494.583,6.10714e+06,0.0387666,0.00134987,0,0.00261582,-0.106894,nan,-0.0063708,nan,nan,nan,nan,-0.0154591,-0.05276,-0.013876,nan,-0.0969435,-0.0007,-0.0936776,-0.280363,nan,-0.458975,-0.0611471,-0.35871,-0.0724,0.014861,-0.00127392,0.0566,-1.02019
498,-32.0516,226.694,0.00122376,0,2.04167,0.1621,1.5045,0.000735645,-0.00985453,5.64485,5.85277e-05,0.0182325,0.387695,11750.7,0.731612,0.314113,-0.1,0.02,1,495.63,6.11942e+06,0.044198,0.00128492,0,0.00294677,-0.115249,nan,-0.00690163,nan,nan,nan,nan,-0.016915,-0.059379,-0.0156468,nan,-0.103967,-0.00022449,-0.102575,-0.294823,nan,-0.461487,-0.0685043,-0.388929,-0.076449,0.0158561,-0.00134261,0.0514286,-0.289203
499,-29.7018,208.234,0.00129627,0,1.95833,0.169653,1.47618,0.000728814,-0.0105969,5.64315,5.85277e-05,0.0175995,0.387662,12435.6,0.696255,0.291878,-0.1,0.02,1,496.62,6.13171e+06,0.0431693,0.00131757,0,0.00280046,-0.104586,nan,-0.00583574,nan,nan,nan,nan,-0.0158261,-0.053615,-0.0139904,nan,-0.0951131,-0.000553191,-0.0949009,-0.273359,nan,-0.4329,-0.0644618,-0.353283,-0.0717872,0.0141946,-0.00124669,0.0491489,-0.670246
500,-33.5555,238.963,0.00122457,0.0416667,2.20833,0.162298,1.49742,0.000755119,-0.00966426,5.64279,5.85277e-05,0.00954751,0.38768,13988.6,0.640176,0.238253,-0.1,0.02,1,497.5,6.144e+06,0.0458637,0.00143304,0,0.00316261,-0.120642,nan,-0.00727926,nan,nan,nan,nan,-0.0183782,-0.0651625,-0.0170754,nan,-0.109464,-0.000185185,-0.110571,-0.313994,nan,-0.473314,-0.0718592,-0.409443,-0.0827037,0.0170463,-0.00139106,0.0592593,-0.166017
501,-30.1005,214.227,0.0011421,0,1.83333,0.16129,1.49147,0.000655886,-0.0100183,5.64287,5.85277e-05,0.0195983,0.38765,11684.7,0.721149,0.330479,-0.1,0.05,1,500.599,6.15629e+06,0.0462765,0.00111524,0,0.00287531,-0.108499,nan,-0.00648682,nan,nan,nan,nan,-0.016063,-0.056212,-0.0150026,nan,-0.0982019,-0.000522727,-0.0971954,-0.288296,nan,-0.428788,-0.0640239,-0.367164,-0.0742273,0.0157794,-0.001297,0.0509091,nan
502,-32.3583,219.627,0.00114558,0.0416667,2.41667,0.161068,1.48148,0.000750762,-0.00911124,5.64217,5.85277e-05,0.0113993,0.387655,13693.3,0.630149,0.267225,-0.1,0.05,1,501.498,6.16858e+06,0.0409737,0.00123682,0,0.00274902,-0.111094,nan,-0.00666034,nan,nan,nan,nan,-0.0158486,-0.0550265,-0.0148011,nan,-0.100587,-0.000237288,-0.0943965,-0.288002,nan,-0.488524,-0.0655396,-0.373588,-0.0737458,0.0157462,-0.00132494,0.0414407,-0.603489
503,-32.8263,238.196,0.00112285,0.0416667,2.08333,0.163227,1.4848,0.000625316,-0.0101692,5.64226,5.85277e-05,0.0125319,0.387638,15266,0.564279,0.240648,-0.1,0.05,1,502.304,6.18086e+06,0.051813,0.00161878,0,0.00328052,-0.120647,nan,-0.00707451,nan,nan,nan,nan,-0.0174577,-0.0610716,-0.0164897,nan,-0.108981,-0.000215686,-0.102895,-0.312732,nan,-0.466127,-0.0654247,-0.405276,-0.0816667,0.0173475,-0.001376,0.0520588,nan
504,-41.3,282.8,0.00124216,0,2.08333,0.167357,1.49473,0.00073629,-0.0100368,5.64053,5.85277e-05,0.0151946,0.38755,13543.9,0.5794,0.327872,-0.1,0.05,1,503.213,6.19315e+06,0.0595727,0.00184084,0,0.00373782,-0.14354,nan,-0.007972,nan,nan,nan,nan,-0.0213937,-0.0795419,-0.0194679,nan,-0.129561,-0.00072,-0.122214,-0.379318,nan,-0.615327,-0.0836056,-0.486098,-0.09864,0.0198668,-0.00177675,0.0749,-0.893561
505,-34.8248,239.75,0.00120529,0.0416667,1.79167,0.166818,1.52034,0.000690856,-0.0104617,5.63894,5.85277e-05,0.0107011,0.387558,10433.7,0.778655,0.399073,-0.1,0.05,1,504.392,6.20544e+06,0.0498245,0.00128197,0,0.00320015,-0.121894,nan,-0.00714227,nan,nan,nan,nan,-0.017598,-0.0617299,-0.0158759,nan,-0.110082,-0.000477273,-0.0971376,-0.313678,nan,-0.524029,-0.0713911,-0.410008,-0.0822045,0.0166934,-0.00145701,0.0559091,-0.490546
506,-31.3904,224.965,0.00129536,0,2.375,0.166816,1.50199,0.000928582,-0.0114627,5.63901,5.85277e-05,0.0110851,0.387538,10207.2,0.791379,0.412482,-0.1,0.05,1,505.598,6.21773e+06,0.0433323,0.0013238,0,0.00302217,-0.114673,nan,-0.00652947,nan,nan,nan,nan,-0.0172852,-0.0611675,-0.0157916,nan,-0.103219,-0.000333333,-0.0949575,-0.299136,nan,-0.441188,-0.0666218,-0.386808,-0.0778596,0.0156745,-0.00134018,0.0540351,nan
507,-24.6582,174.119,0.00113345,0,2.45833,0.169305,1.51214,0.000769652,-0.0102022,5.63849,5.85277e-05,0.0159818,0.38755,10894.2,0.771304,0.356635,-0.1,0.05,1,506.728,6.23002e+06,0.0367046,0.00104217,0,0.00251717,-0.0870236,nan,-0.00538508,nan,nan,nan,nan,-0.0135406,-0.0450875,-0.0122189,nan,-0.0797027,-0.000288136,-0.0779739,-0.231857,nan,-0.353713,-0.0577757,-0.295125,-0.0574237,0.0122483,-0.000967545,0.0375424,-0.288026
508,-31.7588,211.796,0.00124357,0,2.04167,0.168174,1.50269,0.000758603,-0.0102083,5.63851,3.90184e-05,0.0205088,0.38751,12281.4,0.697352,0.303187,-0.1,0.05,1,507.73,6.2423e+06,0.0447346,0.00117027,0,0.00285244,-0.107898,nan,-0.00614776,nan,nan,nan,nan,-0.0152377,-0.0570004,-0.0142587,nan,-0.0970453,-0.000612245,-0.0901401,-0.282825,nan,-0.487524,-0.0617103,-0.362203,-0.0737755,0.0151881,-0.00115256,0.0439796,-0.626131
509,-40.7454,288.393,0.00133407,0.0416667,2.29167,0.160706,1.46211,0.000831445,-0.00780827,5.63677,3.90184e-05,0.0102416,0.387451,11566.6,0.703937,0.358432,-0.1,0.05,1,508.793,6.25459e+06,0.0581833,0.00150325,0,0.0038122,-0.145399,nan,-0.00889786,nan,nan,nan,nan,-0.0209184,-0.0756482,-0.0201497,nan,-0.131947,-0.000785714,-0.126238,-0.373172,nan,-0.595454,-0.0804905,-0.490733,-0.0985179,0.0203017,-0.00168607,0.0709821,-0.616447
510,-28.5469,204.3,0.00125916,0,2.08333,0.16578,1.4853,0.000761884,-0.00780174,5.63439,3.90184e-05,0.0111219,0.387359,11254.7,0.744981,0.34683,-0.1,0.05,1,509.887,6.26688e+06,0.0411981,0.00120056,0,0.00266158,-0.102336,nan,-0.0064436,nan,nan,nan,nan,-0.0153045,-0.0533957,-0.0144457,nan,-0.093161,-0.0005,-0.0897008,-0.264178,nan,-0.405337,-0.0613742,-0.348251,-0.07078,0.0149647,-0.00116367,0.039,nan
511,-32.6042,229.917,0.000974303,0,2.5,0.165775,1.49031,0.000695916,-0.00870843,5.63256,3.90184e-05,0.0100697,0.387363,12002.3,0.704203,0.319603,-0.1,0.05,1,510.912,6.27917e+06,0.0470995,0.00135553,0,0.00321451,-0.115969,nan,-0.007101,nan,nan,nan,nan,-0.0168953,-0.0605322,-0.015965,nan,-0.105269,-0.00025,-0.100024,-0.303744,nan,-0.472357,-0.0685452,-0.391078,-0.0812,0.0168644,-0.00127505,0.0540833,-0.378769
512,-38.1353,270.02,0.00126451,0,2.08333,0.166634,1.50521,0.000755626,-0.00760041,5.63293,3.90184e-05,0.0112781,0.387361,12228.7,0.657464,0.347388,-0.1,0.05,1,511.919,6.29146e+06,0.0458594,0.00153681,0,0.00340531,-0.134061,nan,-0.0083832,nan,nan,nan,nan,-0.0202342,-0.0726246,-0.0188733,nan,-0.12316,-0.00074,-0.12775,-0.352306,nan,-0.547723,-0.0800598,-0.456473,-0.09032,0.0190751,-0.00166872,0.06,-0.113192
513,-29.0574,207.855,0.00103657,0,2.58333,0.166608,1.49028,0.000632773,-0.00831464,5.6323,3.90184e-05,0.00969069,0.387323,12007.6,0.663618,0.359733,-0.1,0.05,1,512.943,6.30374e+06,0.0485249,0.00122224,0,0.00277218,-0.103772,nan,-0.00643903,nan,nan,nan,nan,-0.0158952,-0.0548945,-0.0142917,nan,-0.0950715,-0.000322581,-0.0940884,-0.278711,nan,-0.407573,-0.0648897,-0.355859,-0.0737742,0.015006,-0.00118419,0.046371,nan
514,-37.3376,260.467,0.00108996,0.0416667,1.83333,0.16416,1.48738,0.000701725,-0.0080659,5.63108,3.90184e-05,0.0115694,0.387287,11402.2,0.727014,0.350674,-0.1,0.05,1,514.023,6.31603e+06,0.0553177,0.0017795,0,0.00337258,-0.130306,nan,-0.00808222,nan,nan,nan,nan,-0.0188487,-0.0674662,-0.0175373,nan,-0.119058,-0.0006,-0.117237,-0.342013,nan,-0.541601,-0.0798656,-0.442766,-0.0937333,0.0183872,-0.00149704,0.0556667,-0.467833
515,-30.0583,214.038,0.00123127,0,2.16667,0.160829,1.51134,0.000705658,-0.00858712,5.63001,3.90184e-05,0.0135553,0.387249,11945.9,0.72839,0.300249,-0.1,0.05,1,515.053,6.32832e+06,0.0461982,0.00124787,0,0.00288445,-0.106487,nan,-0.00676769,nan,nan,nan,nan,-0.0164237,-0.0571526,-0.0150663,nan,-0.0979476,-0.000538462,-0.09879,-0.281498,nan,-0.425477,-0.0661204,-0.365028,-0.07475,0.015458,-0.00119183,0.0473077,-0.144169
516,-36.5743,247.595,0.00119926,0.0416667,1.70833,0.164305,1.48663,0.000681831,-0.0083646,5.62929,3.90184e-05,0.00749987,0.387254,13138.4,0.611847,0.323429,-0.1,0.05,1,515.989,6.34061e+06,0.0501251,0.00134401,0,0.00321695,-0.123607,nan,-0.0074781,nan,nan,nan,nan,-0.0177241,-0.061284,-0.0168312,nan,-0.11334,-0.000142857,-0.109626,-0.330988,nan,-0.551249,-0.0749963,-0.420344,-0.087381,0.018394,-0.00144236,0.0539286,-0.825074
517,-32.5717,212.231,0.00131206,0.0416667,2.125,0.163896,1.48351,0.00075602,-0.00850149,5.62951,3.90184e-05,0.00963791,0.387248,11511.8,0.746647,0.320779,-0.1,0.05,1,517.059,6.3529e+06,0.0424782,0.00139645,0,0.00274926,-0.106232,nan,-0.00627923,nan,nan,nan,nan,-0.0147032,-0.0523645,-0.013927,nan,-0.0967929,-0.000211538,-0.100575,-0.269083,nan,-0.513316,-0.0634953,-0.360301,-0.0731923,0.0155655,-0.00115493,0.0440385,-0.65712
518,-37.1177,243.712,0.00128767,0.0416667,2.125,0.170229,1.48168,0.000792235,-0.00795696,5.62896,3.90184e-05,0.0144608,0.387226,11788.2,0.697519,0.344876,-0.1,0.05,1,518.102,6.36518e+06,0.0497601,0.00151104,0,0.00303249,-0.122208,nan,-0.00742385,nan,nan,nan,nan,-0.0173243,-0.0630735,-0.0163536,nan,-0.111385,-0.000230769,-0.105986,-0.329194,nan,-0.574578,-0.0702636,-0.417729,-0.0864808,0.0177355,-0.0013589,0.0525962,-1.48025
519,-32.7248,214.633,0.00131141,0,2.04167,0.1661,1.48195,0.000743525,-0.00781868,5.6279,3.90184e-05,0.0119747,0.38718,12223.9,0.685117,0.320129,-0.1,0.05,1,519.109,6.37747e+06,0.0494257,0.00130109,0,0.00285152,-0.107202,nan,-0.00628041,nan,nan,nan,nan,-0.0150283,-0.0528046,-0.0142258,nan,-0.0979959,-0.000469388,-0.0948454,-0.279201,nan,-0.515711,-0.0652078,-0.366768,-0.0756327,0.015249,-0.00117955,0.0480612,-0.494702
520,-41.2326,285.415,0.00124206,0,2.20833,0.161164,1.50399,0.000790549,-0.0089831,5.62625,3.90184e-05,0.0168828,0.387126,11769,0.678781,0.365315,-0.1,0.05,1,520.155,6.38976e+06,0.0609658,0.00163869,0,0.00362591,-0.142462,nan,-0.00866189,nan,nan,nan,nan,-0.020159,-0.0727881,-0.0197929,nan,-0.130429,-0.000320755,-0.130384,-0.369104,nan,-0.615339,-0.0788334,-0.486295,-0.101981,0.0203533,-0.00163557,0.0653774,-0.938282
521,-33.1663,230.895,0.00104999,0.0416667,2.33333,0.157937,1.46727,0.000657486,-0.0083677,5.62486,3.90184e-05,0.0126864,0.387102,11971.3,0.674526,0.351929,-0.1,0.05,1,521.183,6.40205e+06,0.0511162,0.00142602,0,0.00318298,-0.115482,nan,-0.00687368,nan,nan,nan,nan,-0.0171611,-0.0607238,-0.0157246,nan,-0.105491,-0.000929825,-0.106111,-0.307579,nan,-0.48493,-0.0700551,-0.392017,-0.0825263,0.0171809,-0.00128794,0.057807,-1.26179
522,-40.4638,271.34,0.00114906,0.125,1.95833,0.161809,1.46069,0.000759378,-0.00834272,5.62388,3.90184e-05,0.00994513,0.387059,11547.9,0.721401,0.342693,-0.1,0.05,1,522.248,6.41434e+06,0.0483346,0.0015479,0,0.00341215,-0.136041,nan,-0.007972,nan,nan,nan,nan,-0.0190564,-0.0699721,-0.0182003,nan,-0.12392,-8e-05,-0.12275,-0.352645,nan,-0.619788,-0.0779112,-0.460529,-0.0952,0.0193142,-0.00155395,0.0633,-1.33698
523,-33.401,224.688,0.0011276,0,2,0.164949,1.48329,0.000656596,-0.00865093,5.62209,3.90184e-05,0.0159385,0.386991,14086.7,0.625072,0.247239,-0.1,0.05,1,523.122,6.42662e+06,0.042823,0.00131387,0,0.00299184,-0.112958,nan,-0.00689333,nan,nan,nan,nan,-0.0156504,-0.0531279,-0.0151815,nan,-0.10268,-0.000583333,-0.104443,-0.296073,nan,-0.496823,-0.0662318,-0.384866,-0.0804167,0.0169254,-0.00118832,0.041875,-0.621824
524,-33.4359,235.392,0.00114306,0.0416667,2.08333,0.166182,1.5016,0.000705797,-0.00879085,5.62009,3.90184e-05,0.0115416,0.386928,12939.8,0.594228,0.355402,-0.1,0.05,1,524.073,6.43891e+06,0.0470562,0.00171185,0,0.0028918,-0.118464,nan,-0.00694549,nan,nan,nan,nan,-0.0174939,-0.0629804,-0.0160874,nan,-0.107821,-0.00045098,-0.10676,-0.309363,nan,-0.487226,-0.0700542,-0.403108,-0.0854902,0.018077,-0.00135596,0.0560784,-0.204542
525,-34.2534,226.848,0.00129795,0.0416667,1.875,0.164171,1.49854,0.000796774,-0.00866774,5.61821,3.90184e-05,0.00866501,0.386879,11408.7,0.703934,0.373139,-0.1,0.05,1,525.151,6.4512e+06,0.049269,0.00115695,0,0.00273162,-0.112565,nan,-0.00701348,nan,nan,nan,nan,-0.015681,-0.0554062,-0.0149515,nan,-0.103554,-0.000347826,-0.106882,-0.298087,nan,-0.535424,-0.0667222,-0.38372,-0.0791739,0.0168869,-0.00125394,0.0531522,-0.633453
526,-27.9309,197.636,0.00105055,0,1.83333,0.16183,1.46725,0.000647126,-0.0076716,5.61641,3.90184e-05,0.00969448,0.386811,11616.8,0.711414,0.346364,-0.1,0.05,1,526.211,6.46349e+06,0.0424832,0.00125209,0,0.00270775,-0.0990586,nan,-0.00669,nan,nan,nan,nan,-0.0138775,-0.0487186,-0.0138405,nan,-0.0901423,-0.000659091,-0.0881447,-0.264328,nan,-0.402763,-0.0579971,-0.334665,-0.0725227,0.0150856,-0.0011039,0.0434091,-0.153368
527,-33.7696,220.5,0.00119928,0.0416667,2.54167,0.162478,1.49542,0.000713986,-0.00844117,5.61444,3.90184e-05,0.00969253,0.386767,12473,0.692407,0.292761,-0.1,0.05,1,527.197,6.47578e+06,0.0449003,0.0012107,0,0.0029135,-0.11096,nan,-0.00697194,nan,nan,nan,nan,-0.0147162,-0.0504965,-0.0147053,nan,-0.100677,-0.000354839,-0.0982658,-0.285103,nan,-0.533621,-0.0620867,-0.3752,-0.0778548,0.0164421,-0.00118148,0.0428226,-0.800737
528,-41.84,262.07,0.0012415,0,1.79167,0.161683,1.47016,0.000748437,-0.00840303,5.61356,3.90184e-05,0.0134135,0.386749,11932.2,0.667226,0.362589,-0.1,0.05,1,528.229,6.48806e+06,0.0560907,0.00144858,0,0.00308952,-0.131002,nan,-0.00758744,nan,nan,nan,nan,-0.0175271,-0.0618575,-0.0163224,nan,-0.119656,-9.30233e-05,-0.117505,-0.340812,nan,-0.694071,-0.0767633,-0.440215,-0.0951163,0.0196178,-0.00147721,0.0604651,-0.969282
529,-39.7825,240.936,0.00127854,0,1.95833,0.162156,1.47144,0.000758599,-0.00831724,5.6124,3.90184e-05,0.0164313,0.386686,11050.9,0.77583,0.336119,-0.1,0.05,1,529.342,6.50035e+06,0.0520118,0.00137585,0,0.0029194,-0.120504,nan,-0.00676128,nan,nan,nan,nan,-0.0149434,-0.0541418,-0.0148663,nan,-0.110041,-0.000468085,-0.103354,-0.31333,nan,-0.682794,-0.0647301,-0.410052,-0.0862553,0.0179382,-0.00136058,0.0539362,-0.897718
530,-32.4868,232.462,0.00130992,0,1.625,0.165881,1.49162,0.00071535,-0.00791685,5.60999,3.90184e-05,0.0104301,0.386602,12000.8,0.689108,0.334822,-0.1,0.05,1,530.368,6.51264e+06,0.0521732,0.00138959,0,0.00320061,-0.117061,nan,-0.00701487,nan,nan,nan,nan,-0.0164558,-0.0582901,-0.0156975,nan,-0.106231,-5.12821e-05,-0.103493,-0.304363,nan,-0.464895,-0.0692466,-0.394248,-0.0847436,0.0169683,-0.00126292,0.0539744,-0.175314
531,-40.1285,238.422,0.00118504,0.0416667,1.83333,0.167995,1.46383,0.000693862,-0.00820324,5.6078,3.90184e-05,0.0119607,0.386549,13119.5,0.652584,0.28404,-0.1,0.05,1,531.318,6.52493e+06,0.0496178,0.0014933,0,0.002784,-0.120224,nan,-0.006952,nan,nan,nan,nan,-0.0147976,-0.0505175,-0.0142862,nan,-0.108999,-0.000155556,-0.104347,-0.3089,nan,-0.697197,-0.0670945,-0.403931,-0.0840222,0.0178185,-0.00126656,0.0466667,-0.799399
532,-34.313,231.591,0.00110058,0.0416667,2.70833,0.166736,1.48482,0.00070281,-0.00884104,5.6064,3.90184e-05,0.0088462,0.386511,14848.2,0.587289,0.240285,-0.1,0.05,1,532.147,6.53722e+06,0.0497926,0.00148341,0,0.00321753,-0.116831,nan,-0.00725909,nan,nan,nan,nan,-0.0165745,-0.0595259,-0.0155074,nan,-0.106055,-0.000621212,-0.0990707,-0.303358,nan,-0.521156,-0.0698651,-0.395133,-0.0822727,0.0173456,-0.00129471,0.0508333,-0.722649
533,-37.1614,261.145,0.00134868,0,2.29167,0.161681,1.51032,0.000843622,-0.0084828,5.60536,3.90184e-05,0.0153634,0.386474,14625.8,0.597459,0.2427,-0.1,0.05,1,532.988,6.5495e+06,0.0588866,0.00142729,0,0.00364352,-0.131282,nan,-0.00829309,nan,nan,nan,nan,-0.0176834,-0.0624354,-0.017814,nan,-0.119578,-0.000418182,-0.109326,-0.342587,nan,-0.548006,-0.0688378,-0.442429,-0.0931818,0.0193764,-0.00140155,0.0515455,-0.816079
534,-38.1726,246.92,0.00135384,0.0416667,2.04167,0.166217,1.50633,0.000783388,-0.00734856,5.60438,3.90184e-05,0.00830797,0.386454,15064.6,0.573473,0.242216,-0.1,0.05,1,533.805,6.56179e+06,0.0506982,0.00151615,0,0.00330155,-0.123608,nan,-0.007916,nan,nan,nan,nan,-0.0165413,-0.059955,-0.0163605,nan,-0.112636,-0.00064,-0.10893,-0.32395,nan,-0.602185,-0.071644,-0.41769,-0.09056,0.0189023,-0.0013081,0.0468,-0.6327
535,-31.8531,217.578,0.00111646,0,1.875,0.166107,1.50806,0.000684081,-0.00852301,5.60333,3.90184e-05,0.0121319,0.386391,15061.8,0.569093,0.246747,-0.1,0.05,1,534.623,6.57408e+06,0.0433351,0.00110112,0,0.0029061,-0.109044,nan,-0.00708711,nan,nan,nan,nan,-0.0152123,-0.0541344,-0.0149352,nan,-0.0994588,-0.000355556,-0.0972121,-0.286821,nan,-0.475492,-0.062677,-0.369222,-0.0744,0.016402,-0.00119725,0.0454444,-0.778324
536,-41.0277,292.383,0.00139758,0.0833333,2.41667,0.165791,1.5417,0.000826384,-0.00896508,5.60172,3.90184e-05,0.0114623,0.386382,14909.4,0.581108,0.24307,-0.1,0.05,1,535.448,6.58637e+06,0.0649451,0.00169856,0,0.00418824,-0.146705,nan,-0.00971667,nan,nan,nan,nan,-0.0205789,-0.0733598,-0.0203162,nan,-0.133684,-0.000233333,-0.125841,-0.386602,nan,-0.587387,-0.081545,-0.496931,-0.1038,0.0217624,-0.00163383,0.0666667,-0.334683
537,-32.7747,220.392,0.0012096,0.0416667,2.08333,0.161807,1.52639,0.00074907,-0.00878259,5.60211,3.90184e-05,0.0129399,0.38639,14815.7,0.579628,0.249764,-0.1,0.05,1,536.279,6.59866e+06,0.0467057,0.00127217,0,0.00320461,-0.110105,nan,-0.0061902,nan,nan,nan,nan,-0.0157348,-0.0571704,-0.0146717,nan,-0.101056,-0.000176471,-0.0986482,-0.288836,nan,-0.491588,-0.0649939,-0.380285,-0.077549,0.0161632,-0.00127865,0.0490196,-1.19379
538,-35.9946,250.591,0.0012352,0,1.83333,0.166247,1.46797,0.000801865,-0.00879126,5.60191,3.90184e-05,0.0148163,0.386372,15121.1,0.569752,0.242887,-0.1,0.05,1,537.093,6.61094e+06,0.0486222,0.00131542,0,0.00336132,-0.12474,nan,-0.00781864,nan,nan,nan,nan,-0.0170139,-0.0596649,-0.0173516,nan,-0.114526,-0.000727273,-0.10736,-0.322811,nan,-0.536259,-0.0667803,-0.426594,-0.089,0.0186898,-0.00139176,0.0518182,-0.34648
539,-36.7881,260.017,0.00124922,0.0416667,2.45833,0.172395,1.49167,0.000779058,-0.00887381,5.6004,3.90184e-05,0.0118201,0.386289,15157.7,0.562935,0.247744,-0.1,0.05,1,537.905,6.62323e+06,0.0565703,0.00143455,0,0.00343983,-0.128976,nan,-0.00832767,nan,nan,nan,nan,-0.018481,-0.0659358,-0.0181131,nan,-0.118832,-0.000466667,-0.112946,-0.343543,nan,-0.53613,-0.072785,-0.441108,-0.0932333,0.019445,-0.00147986,0.0575833,-1.05122
540,-32.1936,209.362,0.00139269,0,1.95833,0.166316,1.5154,0.000814421,-0.00969593,5.59837,3.90184e-05,0.0109975,0.386274,14923.3,0.571354,0.252055,-0.1,0.05,1,538.73,6.63552e+06,0.0388963,0.00152237,0,0.0029481,-0.104779,nan,-0.00652255,nan,nan,nan,nan,-0.0139597,-0.0474199,-0.0136453,nan,-0.0956001,-0.000489362,-0.0842801,-0.274934,nan,-0.510486,-0.0598752,-0.351881,-0.0718723,0.0148526,-0.00115124,0.0431915,-0.697464
541,-33.9983,244.5,0.00121453,0.0833333,1.75,0.163026,1.52627,0.000705414,-0.00850771,5.59842,3.90184e-05,0.0107013,0.386277,14877,0.570694,0.255281,-0.1,0.05,1,539.557,6.64781e+06,0.0535023,0.00141577,0,0.00320987,-0.121933,nan,-0.00818773,nan,nan,nan,nan,-0.0177935,-0.0625232,-0.0176872,nan,-0.111756,-0.00025,-0.111604,-0.329447,nan,-0.481958,-0.0689288,-0.416734,-0.0868409,0.0186669,-0.00129167,0.0602273,nan
542,-33.8072,232.061,0.0010729,0,2.04167,0.162268,1.52593,0.000693587,-0.00990371,5.59785,3.90184e-05,0.0164319,0.386243,14761.9,0.582,0.250413,-0.1,0.05,1,540.391,6.6601e+06,0.0463617,0.00145393,0,0.00323635,-0.11673,nan,-0.00704327,nan,nan,nan,nan,-0.0160741,-0.0553655,-0.0155539,nan,-0.10587,-0.000204082,-0.100869,-0.303372,nan,-0.505342,-0.0640499,-0.395107,-0.084102,0.0171179,-0.00130048,0.0529592,-0.992449
543,-36.5454,256.771,0.00125925,0,1.45833,0.167275,1.53619,0.000692976,-0.00828997,5.59692,3.90184e-05,0.00834568,0.386219,14600.8,0.599062,0.242538,-0.1,0.05,1,541.234,6.67238e+06,0.0510507,0.001468,0,0.00356137,-0.128429,nan,-0.00876971,nan,nan,nan,nan,-0.0177116,-0.0600459,-0.0181884,nan,-0.117454,-0.000228571,-0.11393,-0.336265,nan,-0.527628,-0.0719058,-0.433941,-0.0884,0.0189075,-0.0014316,0.0528571,-0.538775
544,-37.5728,267.882,0.00131706,0.0416667,2.08333,0.165819,1.51537,0.000770545,-0.00867847,5.59576,3.90184e-05,0.0131132,0.386163,14857.2,0.570964,0.256109,-0.1,0.05,1,542.062,6.68467e+06,0.051653,0.00153919,0,0.00353618,-0.135108,nan,-0.00897725,nan,nan,nan,nan,-0.0186805,-0.0679585,-0.019045,nan,-0.122652,-0.00054902,-0.112428,-0.354413,nan,-0.540594,-0.0735677,-0.456094,-0.0925686,0.0196667,-0.00146253,0.0638235,-0.25092
545,-28.1244,187.565,0.00108976,0,1.91667,0.162958,1.52533,0.000695439,-0.00822324,5.59363,3.90184e-05,0.00882429,0.386093,15142.4,0.566003,0.245491,-0.1,0.05,1,542.875,6.69696e+06,0.0327599,0.000976355,0,0.00267098,-0.0941656,nan,-0.0056213,nan,nan,nan,nan,-0.0134065,-0.0454447,-0.0125951,nan,-0.0859086,-0.000608696,-0.0784131,-0.254528,nan,-0.418824,-0.0579196,-0.321305,-0.0645217,0.0131889,-0.00105646,0.0351087,-0.841951
546,-39.0204,270.5,0.00139634,0.0416667,2.04167,0.158988,1.51611,0.000894699,-0.00852685,5.59184,3.90184e-05,0.00922944,0.38606,14862.7,0.576612,0.250158,-0.1,0.05,1,543.703,6.70925e+06,0.0573038,0.00166899,0,0.0038136,-0.136414,nan,-0.0089472,nan,nan,nan,nan,-0.019169,-0.0689368,-0.0191427,nan,-0.123638,-0.0002,-0.118201,-0.358863,nan,-0.570477,-0.0772096,-0.460383,-0.09876,0.0210028,-0.00151885,0.0538,-0.66877
547,-47.6087,314.395,0.00101781,0.0833333,1.70833,0.163403,1.52757,0.000642408,-0.00757342,5.59104,3.90184e-05,0.0165061,0.386035,14633.1,0.596014,0.243728,-0.1,0.05,1,544.544,6.72154e+06,0.0746018,0.00184408,0,0.00404149,-0.157815,nan,-0.0100414,nan,nan,nan,nan,-0.0197026,-0.0706834,-0.0206587,nan,-0.143375,-0.000534884,-0.135229,-0.406695,nan,-0.766102,-0.0784757,-0.53014,-0.109465,0.0231122,-0.00172387,0.0705814,-0.745161
548,-45.5184,294.019,0.00129091,0.0416667,2.20833,0.166643,1.51763,0.000764767,-0.00878653,5.59072,3.90184e-05,0.0114834,0.386048,14793.6,0.582943,0.247689,-0.1,0.05,1,545.376,6.73382e+06,0.0632729,0.00200522,0,0.00356964,-0.147082,nan,-0.00904,nan,nan,nan,nan,-0.0193234,-0.0687992,-0.0192048,nan,-0.134214,-0.000444444,-0.12665,-0.381947,nan,-0.734916,-0.0813576,-0.498047,-0.104481,0.0221173,-0.0016611,0.057037,-0.870787
549,-31.5997,226.143,0.00131012,0.0416667,1.70833,0.164447,1.51034,0.000792706,-0.0079367,5.5909,3.90184e-05,0.0069087,0.386036,14961.9,0.570596,0.250688,-0.1,0.05,1,546.199,6.74611e+06,0.044479,0.00114762,0,0.00333628,-0.112245,nan,-0.00802714,nan,nan,nan,nan,-0.0162127,-0.0555239,-0.0161023,nan,-0.103333,-0.000428571,-0.0962944,-0.296373,nan,-0.446471,-0.0650361,-0.384289,-0.08,0.0159016,-0.00111066,0.045119,-0.357958
550,-39.2016,243.696,0.00133735,0,1.91667,0.166972,1.55403,0.000810246,-0.00828825,5.58988,3.90184e-05,0.0103709,0.385999,15128.2,0.563449,0.248809,-0.1,0.05,1,547.012,6.7584e+06,0.0561745,0.00130738,0,0.0029034,-0.121584,nan,-0.00758565,nan,nan,nan,nan,-0.0159558,-0.056489,-0.0157645,nan,-0.11149,-0.000717391,-0.103781,-0.330281,nan,-0.647251,-0.0684187,-0.416578,-0.0884565,0.0180088,-0.00132258,0.053587,-0.978779
551,-43.8266,295.02,0.00128289,0.0833333,2,0.165562,1.52542,0.000799306,-0.00891506,5.5888,3.90184e-05,0.0113788,0.385976,15108.6,0.563687,0.249625,-0.1,0.05,1,547.827,6.77069e+06,0.0658911,0.00142219,0,0.0039323,-0.148109,nan,-0.0087856,nan,nan,nan,nan,-0.0198995,-0.0710038,-0.0194824,nan,-0.135171,-0.00016,-0.129331,-0.393846,nan,-0.670597,-0.0838962,-0.501367,-0.1007,0.020681,-0.00173073,0.0732,-0.603145
552,-38.2177,241.962,0.0013609,0,2.16667,0.16986,1.51724,0.00083389,-0.00835805,5.58823,3.90184e-05,0.0141623,0.38596,12828,0.608022,0.349886,-0.1,0.05,1,548.786,6.78298e+06,0.0498093,0.00136806,0,0.00314448,-0.121294,nan,-0.00709385,nan,nan,nan,nan,-0.0157459,-0.0547058,-0.0152313,nan,-0.110757,-0.000461538,-0.1024,-0.320594,nan,-0.62181,-0.0695498,-0.409115,-0.0845192,0.0171286,-0.00135012,0.0540385,-0.881791
553,-47.0227,309.145,0.00100149,0.208333,2.375,0.170473,1.52865,0.000607469,-0.00826584,5.58737,3.90184e-05,0.0109278,0.385912,10599.2,0.76069,0.398644,-0.1,0.05,1,549.947,6.79526e+06,0.0607379,0.00148648,0,0.00398668,-0.155019,nan,-0.00930194,nan,nan,nan,nan,-0.0210313,-0.0720676,-0.0204664,nan,-0.141244,-0.000709677,-0.136142,-0.408029,nan,-0.740015,-0.0861325,-0.525795,-0.105597,0.0225799,-0.00183026,0.0673387,-1.04018
554,-30.6681,205.298,0.00136211,0.0416667,2.33333,0.169513,1.52424,0.000813001,-0.00818974,5.58659,3.90184e-05,0.0102722,0.385945,11659.2,0.732907,0.321023,-0.1,0.05,1,551.002,6.80755e+06,0.0453313,0.00127095,0,0.00264459,-0.10325,nan,-0.0064814,nan,nan,nan,nan,-0.0137601,-0.0474779,-0.013593,nan,-0.0941393,-0.000438596,-0.0865352,-0.269141,nan,-0.478255,-0.0568416,-0.348092,-0.072193,0.0147808,-0.00111252,0.0439474,-0.713504
555,-43.625,283.297,0.00131781,0,2.66667,0.17511,1.51043,0.000822,-0.00808281,5.58723,3.90184e-05,0.0126603,0.385909,11961.4,0.685189,0.342118,-0.1,0.05,1,552.031,6.81984e+06,0.0607077,0.00165128,0,0.00377899,-0.142294,nan,-0.00867813,nan,nan,nan,nan,-0.0190099,-0.0683311,-0.0182775,nan,-0.12967,-0.000375,-0.117832,-0.372341,nan,-0.692835,-0.0787732,-0.48266,-0.0993125,0.0201202,-0.00165096,0.0571875,-1.18598
556,-32.3635,205.48,0.00124032,0,2.08333,0.172812,1.504,0.000808935,-0.00876838,5.58528,3.90184e-05,0.0131854,0.385849,12806.8,0.633291,0.326196,-0.1,0.05,1,552.992,6.83213e+06,0.0448747,0.00106991,0,0.00264915,-0.103298,nan,-0.0064716,nan,nan,nan,nan,-0.0135686,-0.045648,-0.0130046,nan,-0.0942195,-0.00044,-0.0862428,-0.269389,nan,-0.534237,-0.0603882,-0.348004,-0.06732,0.0142959,-0.00118164,0.0475,-0.709604
557,-35.6239,245.429,0.00138894,0,1.75,0.169979,1.5341,0.000825951,-0.00944987,5.58361,3.90184e-05,0.0133245,0.385794,12116.3,0.695426,0.318741,-0.1,0.05,1,554.008,6.84442e+06,0.0491177,0.00141279,0,0.00327603,-0.124108,nan,-0.00742333,nan,nan,nan,nan,-0.0179174,-0.0602652,-0.0169173,nan,-0.112385,-0.000309524,-0.102495,-0.31684,nan,-0.533796,-0.0719932,-0.417365,-0.085,0.0172247,-0.0013919,0.0539286,-0.796915
558,-31.6268,223.647,0.00129899,0,2.125,0.169198,1.5202,0.00078461,-0.00816581,5.58196,3.90184e-05,0.00964922,0.385751,11084.9,0.7361,0.372435,-0.1,0.05,1,555.119,6.8567e+06,0.0434765,0.00102299,0,0.00311233,-0.112091,nan,-0.00702392,nan,nan,nan,nan,-0.0160521,-0.0541456,-0.0157502,nan,-0.102583,-0.00109804,-0.0875733,-0.292432,nan,-0.458851,-0.0652507,-0.382611,-0.0765882,0.0152895,-0.00127517,0.0512745,-0.565817
559,-40.4096,256.667,0.00123788,0.0416667,2.45833,0.16892,1.48286,0.000849908,-0.00788097,5.5813,3.90184e-05,0.0118011,0.385761,12537.9,0.696142,0.283928,-0.1,0.05,1,556.1,6.86899e+06,0.0627819,0.00142766,0,0.00330746,-0.129408,nan,-0.00701867,nan,nan,nan,nan,-0.0173192,-0.0618392,-0.0160613,nan,-0.117822,-0.000666667,-0.107149,-0.338464,nan,-0.659127,-0.0745232,-0.43969,-0.0902333,0.018444,-0.00154063,0.056,-0.677181
560,-41.1469,270.092,0.00112488,0.0833333,2.625,0.16937,1.50793,0.000835893,-0.00854131,5.58172,3.90184e-05,0.0107217,0.385765,14339.1,0.616846,0.240111,-0.1,0.05,1,556.959,6.88128e+06,0.057463,0.00158536,0,0.00367977,-0.135348,nan,-0.00823108,nan,nan,nan,nan,-0.018216,-0.0655491,-0.0178818,nan,-0.123461,-0.000323077,-0.109846,-0.354586,nan,-0.649248,-0.0747174,-0.459874,-0.0938,0.0184316,-0.00152366,0.0595385,-1.11069
561,-32.746,216.382,0.00125487,0,2.83333,0.168944,1.51205,0.000863899,-0.00884981,5.5814,3.90184e-05,0.012008,0.385747,14840.5,0.572678,0.255325,-0.1,0.05,1,557.788,6.89357e+06,0.0440873,0.00121799,0,0.00294915,-0.108938,nan,-0.00628176,nan,nan,nan,nan,-0.0155228,-0.053092,-0.0141224,nan,-0.0992249,-0.000264706,-0.0885511,-0.286257,nan,-0.510901,-0.0651506,-0.368026,-0.0749559,0.0148912,-0.00126238,0.0505147,-0.794346
562,-29.4023,208.852,0.0013763,0,2.54167,0.164967,1.4888,0.000824929,-0.00833342,5.58076,3.90184e-05,0.0113423,0.385726,12524.5,0.641507,0.339609,-0.1,0.05,1,558.77,6.90586e+06,0.0474399,0.00132585,0,0.00283092,-0.105535,nan,-0.0063459,nan,nan,nan,nan,-0.0157226,-0.0543367,-0.0142872,nan,-0.0956666,-0.000114754,-0.087765,-0.276091,nan,-0.422835,-0.0624051,-0.355394,-0.0729344,0.0142918,-0.00131495,0.047541,-0.780684
563,-36.3421,238.708,0.00117571,0.0416667,1.95833,0.16842,1.49013,0.000830379,-0.00832849,5.58006,3.90184e-05,0.010708,0.385709,10664.4,0.764229,0.388013,-0.1,0.05,1,559.924,6.91814e+06,0.0484434,0.00129507,0,0.00307609,-0.119323,nan,-0.00708167,nan,nan,nan,nan,-0.0164701,-0.0562608,-0.0152686,nan,-0.109252,-0.000333333,-0.0988654,-0.307593,nan,-0.571898,-0.0685864,-0.404251,-0.0833958,0.016841,-0.00142747,0.0475,-1.18804
564,-32.1288,209.959,0.00148436,0.0416667,2,0.171672,1.48912,0.000864783,-0.00830541,5.57967,3.90184e-05,0.0154303,0.385711,10859,0.74836,0.38324,-0.1,0.05,1,561.057,6.93043e+06,0.0377032,0.00116609,0,0.0029696,-0.106064,nan,-0.00611837,nan,nan,nan,nan,-0.0141494,-0.0482619,-0.0138585,nan,-0.0962623,-0.000265306,-0.0871905,-0.272085,nan,-0.509866,-0.0580124,-0.356321,-0.0717551,0.0143948,-0.00119083,0.047449,-0.673465
565,-23.0978,160.175,0.00114007,0,1.66667,0.175239,1.48317,0.000788238,-0.00845204,5.57978,3.90184e-05,0.0157465,0.385715,11048,0.722442,0.389791,-0.1,0.05,1,562.171,6.94272e+06,0.0332431,0.000931479,0,0.00210092,-0.0811945,nan,-0.0048605,nan,nan,nan,nan,-0.0118952,-0.0411599,-0.0111454,nan,-0.0734937,-0.00015,-0.0626819,-0.218518,nan,-0.333459,-0.0507767,-0.276192,-0.056925,0.0114779,-0.000910871,0.03475,-0.280648
566,-32.2604,219.896,0.00101844,0,2.79167,0.17598,1.51296,0.000691448,-0.00856309,5.57949,3.90184e-05,0.00942868,0.385698,13464.2,0.645009,0.267635,-0.1,0.05,1,563.086,6.95501e+06,0.0497804,0.00124933,0,0.00310912,-0.111247,nan,-0.0065194,nan,nan,nan,nan,-0.0158504,-0.0555515,-0.0147827,nan,-0.101102,-0.000283582,-0.0881276,-0.292366,nan,-0.480814,-0.064337,-0.376415,-0.0771791,0.0145373,-0.00121678,0.0473881,-0.725174
567,-35.2371,239.179,0.00119967,0,2.79167,0.170325,1.46249,0.000731061,-0.00814389,5.57943,3.90184e-05,0.00942218,0.385721,13932.3,0.614023,0.267957,-0.1,0.05,1,563.97,6.9673e+06,0.0521651,0.00128975,0,0.00327134,-0.120107,nan,-0.00744209,nan,nan,nan,nan,-0.0166644,-0.058796,-0.0157936,nan,-0.109645,-0.000447761,-0.0954462,-0.312779,nan,-0.540894,-0.0662402,-0.405884,-0.0834328,0.0162973,-0.00133718,0.0540299,-0.904511
568,-26.5432,186.787,0.00127816,0,2.54167,0.172176,1.48426,0.000840987,-0.00803974,5.58035,3.90184e-05,0.0120988,0.38575,14817.8,0.586239,0.243035,-0.1,0.05,1,564.801,6.97958e+06,0.0324112,0.00109232,0,0.00270108,-0.0941214,nan,-0.00577213,nan,nan,nan,nan,-0.0141308,-0.0473522,-0.0128209,nan,-0.085895,-9.83607e-05,-0.0711626,-0.250011,nan,-0.376458,-0.0555443,-0.320331,-0.0652951,0.012523,-0.00110569,0.0406557,-1.0033
569,-27.7623,176.826,0.00121482,0.0416667,1.875,0.175879,1.4938,0.000822444,-0.00842549,5.58054,3.90184e-05,0.0119682,0.385733,10636,0.790327,0.364994,-0.1,0.05,1,565.957,6.99187e+06,0.0342281,0.00113039,0,0.00231444,-0.0901305,nan,-0.00538,nan,nan,nan,nan,-0.0119939,-0.0396298,-0.011041,nan,-0.0814232,-0.000217391,-0.0681806,-0.227267,nan,-0.451371,-0.0533641,-0.30326,-0.0603913,0.0119249,-0.000937085,0.0403261,-0.675766
570,-30.5704,215.138,0.00133752,0,2.41667,0.176448,1.46956,0.000784674,-0.00787096,5.5798,3.90184e-05,0.0136819,0.385708,10669.8,0.785581,0.366086,-0.1,0.05,1,567.111,7.00416e+06,0.0405344,0.00119304,0,0.00298222,-0.108417,nan,-0.00721759,nan,nan,nan,nan,-0.0154847,-0.0543597,-0.0148448,nan,-0.0985723,-0.000327586,-0.0873119,-0.27883,nan,-0.444281,-0.0612778,-0.365894,-0.0758621,0.0148459,-0.00120536,0.0491379,-0.338257
571,-33.7059,219.709,0.00135178,0.0416667,2.25,0.175152,1.48955,0.000871867,-0.00831801,5.57895,3.90184e-05,0.0100621,0.385681,10536.6,0.775885,0.390339,-0.1,0.05,1,568.278,7.01645e+06,0.0417072,0.00134541,0,0.00291891,-0.111971,nan,-0.00658182,nan,nan,nan,nan,-0.0147606,-0.0529525,-0.0143752,nan,-0.100777,-0.000327273,-0.0880992,-0.286969,nan,-0.529428,-0.0612422,-0.371442,-0.0772545,0.0147551,-0.00126733,0.0438182,-0.99536
572,-33.1743,223.109,0.00134108,0.0416667,2.25,0.171411,1.50518,0.000807416,-0.00777617,5.57849,3.90184e-05,0.00788643,0.385697,11458.3,0.715566,0.356848,-0.1,0.05,1,569.352,7.02874e+06,0.0477798,0.00113544,0,0.00302693,-0.113029,nan,-0.006708,nan,nan,nan,nan,-0.015811,-0.0550674,-0.0148818,nan,-0.102523,-0.000709091,-0.0892658,-0.294081,nan,-0.505757,-0.0645602,-0.382355,-0.0769818,0.0153472,-0.00134025,0.0439091,-0.858742
573,-34.3743,225.2,0.00126447,0,2.08333,0.170101,1.49411,0.000737662,-0.00866191,5.57927,3.90184e-05,0.00754178,0.38572,11965.6,0.717995,0.308952,-0.1,0.05,1,570.381,7.04102e+06,0.034995,0.00133163,0,0.00280016,-0.114413,nan,-0.0067016,nan,nan,nan,nan,-0.0151815,-0.0530177,-0.0151284,nan,-0.103264,-0.00016,-0.092611,-0.29566,nan,-0.536438,-0.0609674,-0.385293,-0.07834,0.0155033,-0.00128486,0.0481,-1.04974
574,-36.2575,243.78,0.00114002,0.0416667,2.04167,0.170426,1.48673,0.000669416,-0.00891576,5.57965,3.90184e-05,0.0111426,0.385722,11815.5,0.705566,0.334428,-0.1,0.05,1,571.422,7.05331e+06,0.044538,0.00159025,0,0.00344859,-0.123625,nan,-0.0072532,nan,nan,nan,nan,-0.016933,-0.0604918,-0.016147,nan,-0.111679,-0.00032,-0.101885,-0.322867,nan,-0.550104,-0.0683444,-0.416774,-0.0851,0.0165109,-0.00140305,0.0567,-0.878955
575,-29.4952,210.326,0.00122327,0,1.91667,0.170434,1.48291,0.000773893,-0.00820515,5.57977,3.90184e-05,0.0105959,0.385743,11230.1,0.779671,0.314535,-0.1,0.05,1,572.518,7.0656e+06,0.0354994,0.00131322,0,0.00290419,-0.107112,nan,-0.0067113,nan,nan,nan,nan,-0.0153803,-0.0545309,-0.0146863,nan,-0.0965024,-0.00023913,-0.0865596,-0.275081,nan,-0.422639,-0.0607568,-0.357434,-0.0714565,0.0142742,-0.00120068,0.0518478,-0.237104
576,-40.0562,261.275,0.00129097,0,2.125,0.169171,1.47256,0.000752412,-0.00767983,5.58103,3.90184e-05,0.00897241,0.385807,11351.5,0.69604,0.386462,-0.1,0.05,1,573.602,7.07789e+06,0.0542115,0.00150917,0,0.00331289,-0.132364,nan,-0.00783529,nan,nan,nan,nan,-0.0176195,-0.0628134,-0.0173283,nan,-0.119778,-0.000176471,-0.106518,-0.34258,nan,-0.640722,-0.072353,-0.443635,-0.0898627,0.0176843,-0.00152856,0.060098,-1.07751
577,-30.898,214.143,0.00108931,0.0416667,2,0.172572,1.4509,0.000637077,-0.0085926,5.58298,3.90184e-05,0.0111666,0.385855,11381.6,0.702496,0.377142,-0.1,0.05,1,574.684,7.09018e+06,0.0410162,0.0014682,0,0.00295002,-0.1093,nan,-0.00701429,nan,nan,nan,nan,-0.0146084,-0.0505495,-0.0146868,nan,-0.0982475,-0.000306122,-0.0909624,-0.275649,nan,-0.459475,-0.0598229,-0.364125,-0.0755306,0.0150853,-0.0011948,0.0438776,-1.36353
578,-35.7193,235.31,0.00120079,0,1.75,0.175427,1.5138,0.000738731,-0.00854054,5.58391,3.90184e-05,0.0109987,0.385877,11876.1,0.693476,0.341206,-0.1,0.05,1,575.72,7.10246e+06,0.0431444,0.00122783,0,0.00306093,-0.119637,nan,-0.00742476,nan,nan,nan,nan,-0.0156167,-0.054666,-0.0157982,nan,-0.107857,-0.000142857,-0.0979406,-0.310103,nan,-0.555469,-0.0640704,-0.399467,-0.0817381,0.0164661,-0.00127832,0.0463095,-1.3642
579,-35.4531,234.915,0.00108732,0.0416667,2.41667,0.173631,1.48807,0.000626578,-0.00940063,5.5847,3.90184e-05,0.00877939,0.385908,12644.3,0.678215,0.29361,-0.1,0.05,1,576.694,7.11475e+06,0.0472522,0.00160884,0,0.00311561,-0.119347,nan,-0.0069322,nan,nan,nan,nan,-0.0160759,-0.0550001,-0.0152898,nan,-0.107656,-0.000237288,-0.100342,-0.308042,nan,-0.547519,-0.0653515,-0.4014,-0.0839661,0.0159978,-0.00129987,0.0515254,-0.751635
580,-34.6407,236.5,0.00127603,0.0833333,1.25,0.172993,1.47666,0.000660368,-0.0083558,5.58487,3.90184e-05,0.00955793,0.385879,15052.6,0.579826,0.23651,-0.1,0.05,1,577.511,7.12704e+06,0.0570521,0.00154197,0,0.00319068,-0.120294,nan,-0.00773875,nan,nan,nan,nan,-0.0160321,-0.0559702,-0.0164904,nan,-0.108307,-0.00034375,-0.0985719,-0.316579,nan,-0.528039,-0.0659425,-0.403078,-0.081375,0.016161,-0.00132589,0.0520313,-0.335397
581,-44.8869,296.537,0.00120385,0.0833333,1.625,0.173708,1.46821,0.000653019,-0.00906029,5.5834,3.90184e-05,0.0111919,0.38583,15222.6,0.56433,0.24289,-0.1,0.05,1,578.32,7.13933e+06,0.0624491,0.00167503,0,0.00392236,-0.150593,nan,-0.00884732,nan,nan,nan,nan,-0.0201798,-0.0743255,-0.019998,nan,-0.135937,-0.000487805,-0.122135,-0.395387,nan,-0.696299,-0.081924,-0.506044,-0.104293,0.0196509,-0.00180117,0.0641463,-0.798847
582,-38.4315,261.023,0.00123593,0.125,1.66667,0.168217,1.48512,0.000726913,-0.00827757,5.58241,3.90184e-05,0.0164791,0.385825,11250,0.682838,0.409432,-0.1,0.05,1,579.413,7.15162e+06,0.0491024,0.00138806,0,0.00329694,-0.131754,nan,-0.00817581,nan,nan,nan,nan,-0.0175715,-0.0614279,-0.0183144,nan,-0.119375,-0.000837209,-0.115784,-0.33529,nan,-0.585956,-0.0684774,-0.445021,-0.0915116,0.0174942,-0.00149555,0.0586047,-0.72338
583,-37.3142,241.824,0.00121111,0,2.125,0.169838,1.46961,0.000763628,-0.0089931,5.58223,3.90184e-05,0.00938165,0.3858,10842,0.78479,0.348584,-0.1,0.05,1,580.548,7.1639e+06,0.0424288,0.00135005,0,0.0029118,-0.124272,nan,-0.00719137,nan,nan,nan,nan,-0.0168196,-0.0598564,-0.0156541,nan,-0.111065,-0.000372549,-0.1021,-0.314304,nan,-0.590411,-0.0693255,-0.411031,-0.081,0.0160198,-0.00145767,0.0497059,-0.747308
584,-45.8968,295.647,0.00144109,0,2.125,0.167596,1.47739,0.00078582,-0.00823241,5.58115,3.90184e-05,0.0133498,0.385766,10953.5,0.703129,0.4187,-0.1,0.05,1,581.672,7.17619e+06,0.0571175,0.00164207,0,0.00353,-0.151765,nan,-0.00896275,nan,nan,nan,nan,-0.0198382,-0.0717309,-0.0192505,nan,-0.1353,-0.000529412,-0.128187,-0.377644,nan,-0.747133,-0.0825056,-0.497575,-0.0989412,0.0205131,-0.00177328,0.0654902,-0.866988
585,-36.2364,230.357,0.0011863,0,2.33333,0.16709,1.49003,0.000790939,-0.00945565,5.58005,3.90184e-05,0.00638426,0.38573,14398.5,0.609724,0.2437,-0.1,0.05,1,582.527,7.18848e+06,0.0400875,0.00158203,0,0.00282598,-0.118796,nan,-0.0071625,nan,nan,nan,nan,-0.0147509,-0.0517676,-0.0149157,nan,-0.105716,-0.000928571,-0.100144,-0.297127,nan,-0.592176,-0.0611696,-0.39118,-0.0808214,0.0160404,-0.00126136,0.0503571,-0.791435
586,-40.1356,274.346,0.00132135,0.0416667,2.125,0.16448,1.45232,0.000775268,-0.00898688,5.57853,3.90184e-05,0.00956662,0.385665,12736.1,0.60851,0.356309,-0.1,0.05,1,583.493,7.20077e+06,0.048505,0.0015163,0,0.00355276,-0.141075,nan,-0.00858692,nan,nan,nan,nan,-0.0194954,-0.0699393,-0.0188504,nan,-0.125676,-0.000673077,-0.123401,-0.361418,nan,-0.591825,-0.0751324,-0.468399,-0.0931346,0.018358,-0.00161427,0.0576923,-0.644543
587,-32.3307,215.286,0.00110298,0,1.75,0.169732,1.47907,0.000689186,-0.00926083,5.57709,3.90184e-05,0.0151241,0.385664,11548.4,0.706259,0.357783,-0.1,0.05,1,584.558,7.21306e+06,0.0438701,0.00140858,0,0.00271787,-0.10941,nan,-0.00723048,nan,nan,nan,nan,-0.0143276,-0.0504008,-0.0140594,nan,-0.0987379,-0.000357143,-0.0927588,-0.281824,nan,-0.504978,-0.0617249,-0.3614,-0.0738571,0.0149494,-0.00120739,0.0489286,-0.471537
588,-28.7368,203.793,0.00121075,0,2.41667,0.164679,1.46718,0.000675031,-0.00835719,5.57696,3.90184e-05,0.012615,0.385626,11765.9,0.678232,0.366144,-0.1,0.05,1,585.604,7.22534e+06,0.0429599,0.00120766,0,0.00287283,-0.103887,nan,-0.00696517,nan,nan,nan,nan,-0.0144693,-0.0480567,-0.0142171,nan,-0.0931842,-0.00103448,-0.0881088,-0.268409,nan,-0.415216,-0.059019,-0.344398,-0.0708966,0.0138497,-0.00111509,0.0403448,-0.527643
589,-33.5179,233.509,0.00122834,0.0833333,2.20833,0.163698,1.50149,0.000799175,-0.00853466,5.57529,3.90184e-05,0.00852091,0.385575,13468,0.650333,0.262049,-0.1,0.05,1,586.518,7.23763e+06,0.0447773,0.00138189,0,0.0030636,-0.1194,nan,-0.00739818,nan,nan,nan,nan,-0.0168041,-0.0597801,-0.0162698,nan,-0.10701,-0.000781818,-0.103278,-0.308051,nan,-0.488819,-0.0678196,-0.396211,-0.081,0.0158699,-0.00140155,0.0512727,-0.501533
590,-37.7272,220.136,0.0011222,0,2.45833,0.167274,1.51645,0.000828762,-0.00721842,5.5738,3.90184e-05,0.0118874,0.385523,14522.8,0.592661,0.253455,-0.1,0.05,1,587.366,7.24992e+06,0.0416696,0.00138203,0,0.00267035,-0.11196,nan,-0.00623559,nan,nan,nan,nan,-0.0140013,-0.0499787,-0.0133421,nan,-0.100618,-0.000728814,-0.0979846,-0.287896,nan,-0.653951,-0.0660879,-0.375009,-0.0763898,0.014456,-0.0012477,0.0434746,-0.79405
591,-35.7181,224.958,0.00130168,0,2,0.164463,1.46794,0.000680276,-0.00756128,5.57228,3.90184e-05,0.00832139,0.385473,14519.8,0.561436,0.284859,-0.1,0.05,1,588.213,7.26221e+06,0.0414651,0.00142105,0,0.00258014,-0.11586,nan,-0.00714917,nan,nan,nan,nan,-0.0148399,-0.0525245,-0.0144635,nan,-0.10321,-0.000708333,-0.0996304,-0.293031,nan,-0.582413,-0.063877,-0.383292,-0.0773542,0.015544,-0.00128565,0.0442708,-0.6524
592,-42.0581,270.81,0.00136056,0,1.75,0.167189,1.51667,0.00077306,-0.00757306,5.57068,3.90184e-05,0.0106105,0.385428,10600.5,0.715927,0.443264,-0.1,0.05,1,589.374,7.2745e+06,0.0544683,0.00150555,0,0.00324028,-0.138393,nan,-0.00822524,nan,nan,nan,nan,-0.01772,-0.0662807,-0.0181523,nan,-0.123672,-0.000666667,-0.122169,-0.349304,nan,-0.684963,-0.0735071,-0.456223,-0.0931429,0.0182973,-0.0016352,0.0633333,-1.25574
593,-35.3996,223.116,0.00132554,0,1.79167,0.16755,1.50441,0.000806632,-0.00851166,5.56932,3.90184e-05,0.0116749,0.385382,11603.7,0.727513,0.331457,-0.1,0.05,1,590.435,7.28678e+06,0.0403742,0.00122736,0,0.00270969,-0.115196,nan,-0.00670558,nan,nan,nan,nan,-0.0151171,-0.0533544,-0.0143269,nan,-0.102268,-0.000581395,-0.0987473,-0.292705,nan,-0.574137,-0.062708,-0.38274,-0.0775814,0.0153089,-0.00132071,0.0496512,-0.878955
594,-42.8457,269.691,0.0011291,0.0416667,2.25,0.168669,1.48081,0.000621191,-0.00847544,5.56831,3.90184e-05,0.0126585,0.385383,11829.2,0.744119,0.294664,-0.1,0.05,1,591.476,7.29907e+06,0.0568934,0.00157117,0,0.00313577,-0.138425,nan,-0.00844255,nan,nan,nan,nan,-0.0173945,-0.0613855,-0.0174441,nan,-0.123785,-0.000690909,-0.116088,-0.350457,nan,-0.710742,-0.0719057,-0.460279,-0.0943273,0.0189058,-0.00153505,0.0551818,-0.963152
595,-43.9262,304.875,0.00129755,0,2,0.167383,1.47909,0.000779042,-0.00943748,5.56889,3.90184e-05,0.0110683,0.385411,14369.5,0.611627,0.243519,-0.1,0.05,1,592.332,7.31136e+06,0.0640618,0.00177228,0,0.00351901,-0.156476,nan,-0.009905,nan,nan,nan,nan,-0.0211474,-0.0770648,-0.0212832,nan,-0.139592,-0.000916667,-0.131232,-0.392813,nan,-0.663054,-0.080452,-0.519956,-0.110458,0.0207878,-0.00176411,0.0725,-0.525413
596,-41.1885,239.278,0.00133591,0.0416667,2.20833,0.170137,1.48919,0.000818116,-0.00795483,5.56905,3.90184e-05,0.0120945,0.385376,13076.9,0.580578,0.359093,-0.1,0.05,1,593.273,7.32365e+06,0.0550608,0.00147985,0,0.00264938,-0.122474,nan,-0.00673074,nan,nan,nan,nan,-0.0144705,-0.0491375,-0.0143068,nan,-0.109606,-0.000703704,-0.0997321,-0.306802,nan,-0.742727,-0.0626024,-0.406085,-0.0814444,0.0163621,-0.00150412,0.0499074,-1.12428
597,-34.1664,221.83,0.00138854,0,2.20833,0.16821,1.491,0.000892074,-0.00886198,5.56697,3.90184e-05,0.00874665,0.385296,11151.8,0.716057,0.385833,-0.1,0.05,1,594.377,7.33594e+06,0.0524357,0.00125667,0,0.00263595,-0.113378,nan,-0.00711736,nan,nan,nan,nan,-0.0157811,-0.0543629,-0.0147567,nan,-0.101747,-0.000471698,-0.0979477,-0.294271,nan,-0.542439,-0.0695705,-0.378739,-0.0771698,0.0149455,-0.00122496,0.0476415,-0.617553
598,-41.14,279.345,0.00138206,0.0833333,2.20833,0.169666,1.47365,0.000806272,-0.00851661,5.56499,3.90184e-05,0.0137385,0.385258,12357.7,0.665157,0.329201,-0.1,0.05,1,595.373,7.34822e+06,0.058611,0.00144511,0,0.00334956,-0.143584,nan,-0.00897673,nan,nan,nan,nan,-0.0190047,-0.0693817,-0.0191822,nan,-0.12797,-0.000727273,-0.11907,-0.368278,nan,-0.638504,-0.072755,-0.473771,-0.1002,0.0192775,-0.00168349,0.0713636,-1.31882
599,-34.718,249.717,0.00118424,0.0833333,2.41667,0.169624,1.51592,0.000837198,-0.00872695,5.56387,3.90184e-05,0.0148929,0.385207,13345.3,0.664231,0.256545,-0.1,0.05,1,596.295,7.36051e+06,0.0455812,0.00154681,0,0.00316383,-0.127928,nan,-0.00873667,nan,nan,nan,nan,-0.0172417,-0.0594499,-0.0180831,nan,-0.114189,-0.000633333,-0.106073,-0.319258,nan,-0.502739,-0.0662457,-0.421594,-0.0859833,0.0169952,-0.00142678,0.0546667,-0.248125
600,-39.0924,259.979,0.00121173,0,1.95833,0.170415,1.51755,0.000691359,-0.00825638,5.56188,3.90184e-05,0.0129595,0.385137,14591.2,0.599964,0.242185,-0.1,0.05,1,597.139,7.3728e+06,0.049207,0.00167858,0,0.00310761,-0.133071,nan,-0.00799021,nan,nan,nan,nan,-0.0177741,-0.06376,-0.0171537,nan,-0.118958,-0.000510638,-0.110871,-0.338789,nan,-0.612748,-0.0709921,-0.439753,-0.0907234,0.0176749,-0.00149639,0.0630851,-0.608947
601,-34.4099,222.339,0.00134609,0,2.33333,0.169864,1.49022,0.000733886,-0.00944976,5.55982,3.90184e-05,0.0122574,0.385086,11461.3,0.697253,0.374881,-0.1,0.05,1,600.002,7.38509e+06,0.0426469,0.00131723,0,0.00261877,-0.113535,nan,-0.00668071,nan,nan,nan,nan,-0.0155972,-0.0552017,-0.0152358,nan,-0.102135,-0.000446429,-0.10452,-0.289224,nan,-0.537893,-0.0670209,-0.381147,-0.0778393,0.0141588,-0.00131599,0.0460714,-0.66661
602,-32.4466,217.195,0.00125121,0,1.70833,0.168958,1.5133,0.000755005,-0.00815841,5.55924,3.90184e-05,0.0112268,0.385109,12361.7,0.64569,0.348347,-0.1,0.05,1,600.998,7.39738e+06,0.0402831,0.0011686,0,0.00251866,-0.111168,nan,-0.00697024,nan,nan,nan,nan,-0.0152558,-0.0517018,-0.0148767,nan,-0.0993728,-0.000487805,-0.0973414,-0.276711,nan,-0.511717,-0.0615274,-0.367849,-0.0746341,0.0146476,-0.00125857,0.0490244,-1.6032
603,-27.2143,198.548,0.00133619,0,1.75,0.167344,1.486,0.000770882,-0.00917316,5.55978,3.90184e-05,0.0103407,0.385096,13383.4,0.642562,0.275588,-0.1,0.05,1,601.918,7.40966e+06,0.0452617,0.00115292,0,0.00270952,-0.101147,nan,-0.00680143,nan,nan,nan,nan,-0.0146345,-0.0490236,-0.0142001,nan,-0.0908337,-0.000595238,-0.0891491,-0.260825,nan,-0.382189,-0.0572738,-0.336511,-0.0656905,0.0131583,-0.00114497,0.0470238,nan
604,-46.7171,286.022,0.0012483,0.0416667,1.83333,0.164841,1.49521,0.000680951,-0.00813774,5.55888,3.90184e-05,0.0115694,0.385057,11401.6,0.67944,0.398301,-0.1,0.05,1,602.997,7.42195e+06,0.0590739,0.00190048,0,0.00299761,-0.146196,nan,-0.00855911,nan,nan,nan,nan,-0.0176817,-0.0641303,-0.0183109,nan,-0.130748,-0.000777778,-0.125351,-0.367398,nan,-0.806513,-0.0742661,-0.482527,-0.098,0.0192546,-0.00173094,0.0612222,-0.887874
605,-26.514,195.909,0.00124415,0,2.29167,0.164691,1.48588,0.000711985,-0.00860647,5.55772,3.90184e-05,0.00619937,0.385039,11194.6,0.71414,0.383532,-0.1,0.05,1,604.097,7.43424e+06,0.0428002,0.00112649,0,0.00267883,-0.100271,nan,-0.00649709,nan,nan,nan,nan,-0.0143549,-0.0473822,-0.0136237,nan,-0.0896415,-0.000254545,-0.0819844,-0.248284,nan,-0.377692,-0.0557831,-0.330321,-0.0667273,0.0123891,-0.00116427,0.0495455,-0.0142378
606,-34.4574,245.306,0.00137491,0.0833333,1.95833,0.168571,1.47216,0.000878921,-0.00886419,5.5572,3.90184e-05,0.0126209,0.385024,11731.2,0.65078,0.396684,-0.1,0.05,1,605.146,7.44653e+06,0.0437407,0.00137214,0,0.0030764,-0.126124,nan,-0.00791102,nan,nan,nan,nan,-0.0175305,-0.060729,-0.0172141,nan,-0.112429,-0.000571429,-0.105736,-0.317863,nan,-0.496381,-0.0691875,-0.417331,-0.0865306,0.0166439,-0.00145997,0.057551,-0.404699
607,-47.1764,312.314,0.00121323,0.0833333,2.04167,0.170206,1.48713,0.000691632,-0.00839238,5.55693,3.90184e-05,0.0120354,0.385031,11277.6,0.744178,0.345419,-0.1,0.05,1,606.237,7.45882e+06,0.0556975,0.00192351,0,0.00348043,-0.159669,nan,-0.00992941,nan,nan,nan,nan,-0.0203878,-0.0739287,-0.0211533,nan,-0.142729,-0.000529412,-0.142469,-0.401427,nan,-0.747439,-0.0826154,-0.527655,-0.109216,0.0214129,-0.00187987,0.0727451,-0.745105
608,-39.9553,262.149,0.00122736,0.0416667,1.91667,0.171138,1.48214,0.000679151,-0.00761992,5.55642,3.90184e-05,0.00897114,0.384972,12509.5,0.657323,0.324968,-0.1,0.05,1,607.221,7.4711e+06,0.0492969,0.00188101,0,0.00294067,-0.134559,nan,-0.00846809,nan,nan,nan,nan,-0.017033,-0.0607061,-0.0175087,nan,-0.119766,-0.000361702,-0.117464,-0.335485,nan,-0.638189,-0.0706172,-0.442013,-0.0909787,0.0180773,-0.00165255,0.0558511,-0.667514
609,-43.9094,271.526,0.00128213,0.0416667,2.33333,0.167172,1.47919,0.000819391,-0.00900651,5.55406,3.90184e-05,0.0147489,0.384899,12277.9,0.64866,0.35216,-0.1,0.05,1,608.224,7.48339e+06,0.053543,0.00152213,0,0.00321314,-0.137604,nan,-0.00782596,nan,nan,nan,nan,-0.0171741,-0.0616344,-0.0174938,nan,-0.124313,-0.000631579,-0.117124,-0.356177,nan,-0.738693,-0.0717306,-0.461605,-0.0936667,0.0178664,-0.00155763,0.0569298,-0.864377
610,-30.1626,200.155,0.00124106,0.0416667,2.375,0.169108,1.49248,0.000746506,-0.00815396,5.55285,3.90184e-05,0.00982669,0.384905,13000.1,0.670837,0.274385,-0.1,0.05,1,609.17,7.49568e+06,0.0400031,0.00111892,0,0.00260674,-0.101311,nan,-0.00635517,nan,nan,nan,nan,-0.0141934,-0.0491912,-0.013438,nan,-0.0919041,-0.000706897,-0.0866925,-0.263427,nan,-0.463942,-0.0590456,-0.341676,-0.0704138,0.0136933,-0.00107864,0.0387931,-0.792061
611,-35.0035,217.825,0.00148312,0,1.66667,0.169208,1.50389,0.000840808,-0.00840355,5.55319,3.90184e-05,0.00897596,0.384903,14095.3,0.614361,0.257416,-0.1,0.05,1,610.044,7.50797e+06,0.0465867,0.00135513,0,0.00240753,-0.111668,nan,-0.0071625,nan,nan,nan,nan,-0.0134624,-0.045677,-0.0143964,nan,-0.0998042,-0.000475,-0.0923599,-0.269279,nan,-0.600126,-0.0595603,-0.365937,-0.075575,0.0142481,-0.0012732,0.041125,-0.660946
612,-31.5033,210.885,0.00122877,0,2.16667,0.172725,1.50313,0.00071658,-0.00898644,5.55253,3.90184e-05,0.00958775,0.384863,15250.3,0.563821,0.241933,-0.1,0.05,1,610.851,7.52026e+06,0.0390932,0.00107005,0,0.00267904,-0.107411,nan,-0.00682154,nan,nan,nan,nan,-0.0145536,-0.0492311,-0.0138734,nan,-0.0965089,-0.000942308,-0.0919245,-0.268675,nan,-0.493672,-0.0618424,-0.35555,-0.0744808,0.0147319,-0.00124293,0.0478846,-1.14129
613,-47.6211,298.902,0.00118611,0.0833333,2.04167,0.170506,1.48753,0.000723607,-0.00859899,5.55105,3.90184e-05,0.00867737,0.384824,15084.2,0.567847,0.246778,-0.1,0.05,1,611.667,7.53254e+06,0.0602187,0.00165502,0,0.00336398,-0.152831,nan,-0.00896039,nan,nan,nan,nan,-0.0189212,-0.0668848,-0.019114,nan,-0.13667,-0.000490196,-0.127636,-0.383067,nan,-0.803397,-0.0766544,-0.505032,-0.100902,0.019709,-0.00184379,0.0643137,-1.08722
614,-29.1114,208.565,0.00132921,0,1.91667,0.16442,1.47271,0.000738622,-0.0073006,5.54984,3.90184e-05,0.0108703,0.384786,14846,0.57126,0.25644,-0.1,0.05,1,612.496,7.54483e+06,0.0313058,0.00128836,0,0.00266461,-0.104973,nan,-0.00719826,nan,nan,nan,nan,-0.0144797,-0.0486074,-0.014447,nan,-0.0954382,-0.00076087,-0.0878728,-0.268132,nan,-0.422854,-0.0606456,-0.34913,-0.0706304,0.0139984,-0.00118985,0.0433696,-0.0846657
615,-39.1006,245.367,0.00136693,0,2.04167,0.165533,1.50324,0.00083907,-0.00951522,5.54814,3.90184e-05,0.0140232,0.384715,14993.6,0.56975,0.249802,-0.1,0.05,1,613.317,7.55712e+06,0.055385,0.00119548,0,0.0026013,-0.124509,nan,-0.00779633,nan,nan,nan,nan,-0.0158937,-0.053413,-0.0163114,nan,-0.112217,-0.000469388,-0.109096,-0.314845,nan,-0.662029,-0.0701592,-0.413123,-0.0826939,0.0168963,-0.00144591,0.0495918,-0.947645
616,-37.0017,236.7,0.00128301,0,1.25,0.166019,1.46189,0.000774177,-0.00827101,5.54602,3.90184e-05,0.0123551,0.38466,14136.3,0.599989,0.269262,-0.1,0.05,1,614.187,7.56941e+06,0.0506021,0.0015988,0,0.00284631,-0.120891,nan,-0.00726667,nan,nan,nan,nan,-0.0158223,-0.0540785,-0.0155822,nan,-0.108302,-0.000166667,-0.108637,-0.308932,nan,-0.60292,-0.0676084,-0.400499,-0.0820333,0.015298,-0.00146909,0.056,-0.822189
617,-36.5604,252.52,0.00126245,0,2.08333,0.168589,1.47111,0.000768246,-0.00882463,5.54464,3.90184e-05,0.0146928,0.384628,14620.3,0.588762,0.251715,-0.1,0.05,1,615.029,7.5817e+06,0.0532467,0.00144107,0,0.00286537,-0.127842,nan,-0.0079284,nan,nan,nan,nan,-0.0174578,-0.061636,-0.0168674,nan,-0.115162,-0.00016,-0.114717,-0.32317,nan,-0.560663,-0.068892,-0.426067,-0.0865,0.0162944,-0.00157393,0.0565,-0.495551
618,-41.934,278.094,0.00150153,0.0833333,2.125,0.170551,1.46257,0.000963377,-0.00839157,5.54324,3.90184e-05,0.0101499,0.384572,15049.2,0.576522,0.240002,-0.1,0.05,1,615.847,7.59398e+06,0.0586579,0.00164325,0,0.0031389,-0.141252,nan,-0.0086034,nan,nan,nan,nan,-0.0185227,-0.0643661,-0.01843,nan,-0.127324,-0.00133962,-0.12108,-0.354561,nan,-0.673598,-0.0760028,-0.465851,-0.0943962,0.0182061,-0.00166445,0.0634906,-0.661135
619,-33.7486,218.709,0.00117222,0,2.29167,0.176874,1.45698,0.000696894,-0.00837508,5.54098,3.90184e-05,0.00933687,0.38448,14601.3,0.57389,0.26768,-0.1,0.05,1,616.69,7.60627e+06,0.0427009,0.00132447,0,0.00266653,-0.111895,nan,-0.00647055,nan,nan,nan,nan,-0.0151334,-0.0519658,-0.0141665,nan,-0.100296,-0.000490909,-0.101175,-0.28106,nan,-0.539094,-0.0658851,-0.371648,-0.0766909,0.0145761,-0.00128418,0.0468182,-0.457771
620,-43.98,277.725,0.00148166,0.0833333,2.04167,0.168473,1.45223,0.00079225,-0.00794123,5.53828,3.90184e-05,0.013264,0.38441,14422.9,0.612824,0.239157,-0.1,0.05,1,617.543,7.61856e+06,0.0589181,0.00195044,0,0.00308489,-0.139827,nan,-0.00804118,nan,nan,nan,nan,-0.0173537,-0.0615522,-0.0179578,nan,-0.126917,-0.000313725,-0.12631,-0.350041,nan,-0.745733,-0.071689,-0.466557,-0.0933529,0.0177851,-0.001694,0.0638235,-0.99638
621,-49.6656,306.676,0.0014335,0,1.54167,0.172035,1.49656,0.000896945,-0.00808184,5.53588,3.90184e-05,0.0182434,0.384323,14422.1,0.580572,0.271455,-0.1,0.05,1,618.397,7.63085e+06,0.0631664,0.0019927,0,0.00322168,-0.154564,nan,-0.00933405,nan,nan,nan,nan,-0.0196264,-0.0686958,-0.0196087,nan,-0.140248,-0.000837838,-0.130373,-0.396519,nan,-0.849809,-0.0815053,-0.518564,-0.106784,0.0213774,-0.00191324,0.0639189,-1.28181
622,-30.0726,198.642,0.00131955,0,2.20833,0.173888,1.50813,0.000833755,-0.00838361,5.53379,3.90184e-05,0.00991405,0.384291,14688.3,0.594409,0.242176,-0.1,0.05,1,619.234,7.64314e+06,0.0377928,0.0012564,0,0.00229566,-0.10005,nan,-0.00615472,nan,nan,nan,nan,-0.0137969,-0.04817,-0.0129143,nan,-0.090692,-0.000377358,-0.0853939,-0.255691,nan,-0.480887,-0.0580246,-0.335482,-0.0704528,0.0131668,-0.00118431,0.0479245,-0.82675
623,-35.9553,254.113,0.00132969,0,2.20833,0.175257,1.49687,0.000764954,-0.00954503,5.53318,3.90184e-05,0.0108178,0.384275,14925,0.571519,0.251798,-0.1,0.05,1,620.059,7.65542e+06,0.0397969,0.00186926,0,0.00303092,-0.128592,nan,-0.00866377,nan,nan,nan,nan,-0.017904,-0.062086,-0.017422,nan,-0.115895,-0.000245283,-0.112856,-0.320982,nan,-0.528553,-0.0737004,-0.42561,-0.0886981,0.0171089,-0.00147083,0.0572642,-0.375096
624,-44.2448,298.366,0.00144886,0.0833333,1.625,0.166254,1.45642,0.000906505,-0.00834921,5.53254,3.90184e-05,0.0127255,0.384247,14805.5,0.576636,0.253326,-0.1,0.05,1,620.89,7.66771e+06,0.0683099,0.00187231,0,0.00363702,-0.149847,nan,-0.00936049,nan,nan,nan,nan,-0.019601,-0.0686574,-0.0198775,nan,-0.136149,-0.000780488,-0.131694,-0.364923,nan,-0.711722,-0.0761922,-0.50149,-0.101268,0.019644,-0.00185872,0.0657317,-1.06621
625,-36.0414,246.326,0.00137977,0,1.79167,0.167693,1.49751,0.000807935,-0.0081927,5.5318,3.90184e-05,0.0108731,0.384236,14259.3,0.593559,0.268191,-0.1,0.05,1,621.754,7.68e+06,0.0494719,0.00154635,0,0.00304791,-0.124591,nan,-0.00771023,nan,nan,nan,nan,-0.0169516,-0.0596724,-0.01658,nan,-0.112827,-0.000186047,-0.110284,-0.317942,nan,-0.55368,-0.0686945,-0.41772,-0.083186,0.0167395,-0.00145235,0.0582558,-0.56837
626,-42.1645,274.372,0.00128444,0.0416667,1.75,0.165867,1.49066,0.000751875,-0.00799587,5.53098,3.90184e-05,0.0062626,0.384179,14070.1,0.609878,0.263463,-0.1,0.05,1,622.628,7.69229e+06,0.0519402,0.00175857,0,0.00311123,-0.138652,nan,-0.00841767,nan,nan,nan,nan,-0.0176265,-0.0599847,-0.017967,nan,-0.125341,-0.000302326,-0.116923,-0.342219,nan,-0.696654,-0.0732674,-0.458069,-0.0927442,0.0184486,-0.00173867,0.0543023,-0.75577
627,-31.709,204.485,0.00142582,0,1.375,0.164611,1.47074,0.00073381,-0.00849455,5.52908,3.90184e-05,0.0086069,0.384128,13500.8,0.634099,0.276072,-0.1,0.05,1,623.54,7.70458e+06,0.0428079,0.000813337,0,0.00240442,-0.103145,nan,-0.00622788,nan,nan,nan,nan,-0.0139582,-0.0467746,-0.0128226,nan,-0.0931656,-0.000151515,-0.0908563,-0.258285,nan,-0.51926,-0.0606846,-0.342162,-0.0689697,0.0140714,-0.00116919,0.0422727,-1.15814
628,-44.0083,274.852,0.00123486,0,2.25,0.169163,1.44857,0.000853971,-0.0087018,5.52813,3.90184e-05,0.00732674,0.384113,12897,0.666361,0.286416,-0.1,0.05,1,624.494,7.71686e+06,0.0545055,0.00175454,0,0.00314029,-0.137921,nan,-0.00794593,nan,nan,nan,nan,-0.0177993,-0.0612669,-0.0174047,nan,-0.125418,-0.000685185,-0.114155,-0.343693,nan,-0.754285,-0.074926,-0.462592,-0.0929815,0.0183388,-0.00171027,0.0574074,-1.10501
629,-40.7255,281.712,0.00128972,0,2.45833,0.168945,1.47855,0.00083058,-0.00899282,5.52759,3.90184e-05,0.0120278,0.384099,13942.2,0.620844,0.260512,-0.1,0.05,1,625.376,7.72915e+06,0.059412,0.00158505,0,0.00339239,-0.142134,nan,-0.00890373,nan,nan,nan,nan,-0.0197052,-0.0697651,-0.0192433,nan,-0.128607,-0.000338983,-0.125021,-0.363239,nan,-0.621809,-0.07788,-0.475899,-0.0959492,0.0199027,-0.00168366,0.0638136,-1.00888
630,-31.8036,209.547,0.0012764,0.0416667,2.16667,0.166814,1.47056,0.000798515,-0.00831268,5.52739,3.90184e-05,0.00748509,0.384103,12022.6,0.666046,0.35603,-0.1,0.05,1,626.4,7.74144e+06,0.0435609,0.0012637,0,0.00256717,-0.106426,nan,-0.00627434,nan,nan,nan,nan,-0.0145611,-0.0493582,-0.0136885,nan,-0.0959567,-0.000509434,-0.0950862,-0.265918,nan,-0.503434,-0.0611844,-0.355215,-0.0681321,0.0135122,-0.00128893,0.0407547,-0.726137
631,-35.8957,252.4,0.0012768,0,1.875,0.16451,1.45944,0.000730921,-0.0084996,5.52732,3.90184e-05,0.0141383,0.384085,11664.2,0.706193,0.347285,-0.1,0.05,1,627.456,7.75373e+06,0.0509677,0.00140398,0,0.00307935,-0.128155,nan,-0.00762178,nan,nan,nan,nan,-0.0180603,-0.0639725,-0.0170255,nan,-0.115452,-0.000688889,-0.11039,-0.327581,nan,-0.534792,-0.0704523,-0.429722,-0.0877778,0.0169393,-0.00156193,0.0646667,-0.418273
632,-31.1776,222.231,0.00140451,0.0416667,2.125,0.169055,1.48432,0.000817712,-0.00836351,5.52616,3.90184e-05,0.0105564,0.384028,11962,0.676373,0.350879,-0.1,0.05,1,628.485,7.76602e+06,0.0465621,0.00137257,0,0.00287185,-0.111916,nan,-0.00728615,nan,nan,nan,nan,-0.0164377,-0.0562427,-0.0154674,nan,-0.101691,-0.000288462,-0.0916972,-0.284714,nan,-0.462478,-0.0641191,-0.374851,-0.0743269,0.0152244,-0.00134666,0.0528846,-0.776531
633,-34.7501,232.776,0.00135111,0.0416667,2,0.167116,1.46245,0.000777771,-0.00889687,5.52417,3.90184e-05,0.0121559,0.383962,11306.8,0.702451,0.384325,-0.1,0.05,1,629.573,7.7783e+06,0.0387017,0.00131028,0,0.00269013,-0.118662,nan,-0.00688163,nan,nan,nan,nan,-0.0166472,-0.0569183,-0.015127,nan,-0.106821,-0.000510204,-0.101519,-0.300346,nan,-0.537009,-0.0675621,-0.394605,-0.0807959,0.0152562,-0.00146969,0.0564286,-0.767955
634,-32.554,237.804,0.00135375,0,1.91667,0.166969,1.49398,0.000874499,-0.00800477,5.52236,3.90184e-05,0.0117056,0.383921,11563.2,0.697122,0.365559,-0.1,0.05,1,630.638,7.79059e+06,0.0492669,0.0016942,0,0.00297334,-0.120108,nan,-0.00756957,nan,nan,nan,nan,-0.017428,-0.0583578,-0.0165876,nan,-0.108757,-0.000391304,-0.0976507,-0.30755,nan,-0.472253,-0.0676364,-0.400249,-0.0811087,0.0160272,-0.0014688,0.0594565,nan
635,-36.649,247.609,0.00117831,0.0416667,2.625,0.1695,1.4629,0.000843982,-0.00796243,5.5217,3.90184e-05,0.00801257,0.383928,12286.9,0.669779,0.330308,-0.1,0.05,1,631.64,7.80288e+06,0.0524948,0.00163831,0,0.00295861,-0.125364,nan,-0.00762375,nan,nan,nan,nan,-0.0171581,-0.0581171,-0.016495,nan,-0.113069,-0.000515625,-0.108362,-0.314717,nan,-0.574108,-0.0685941,-0.417998,-0.0837656,0.0162947,-0.00150247,0.0507812,-0.787604
636,-36.8664,244.889,0.00116859,0,2.25,0.17101,1.47596,0.000704526,-0.00801755,5.52168,3.90184e-05,0.00708062,0.383903,13914.7,0.612727,0.270366,-0.1,0.05,1,632.524,7.81517e+06,0.0599354,0.00148496,0,0.00293664,-0.124109,nan,-0.00702444,nan,nan,nan,nan,-0.0166129,-0.0573224,-0.0157549,nan,-0.112174,-0.000388889,-0.10409,-0.308972,nan,-0.597253,-0.0682514,-0.410409,-0.082537,0.0161647,-0.00161651,0.0515741,-1.24016
637,-39.6786,271.4,0.00135997,0.0416667,2.04167,0.165075,1.46977,0.000873445,-0.00938445,5.52092,3.90184e-05,0.00963667,0.383909,12979.6,0.595755,0.350964,-0.1,0.05,1,633.472,7.82746e+06,0.0576972,0.00163779,0,0.00327957,-0.137965,nan,-0.0081416,nan,nan,nan,nan,-0.0186433,-0.0666439,-0.0180196,nan,-0.124223,-0.00062,-0.109489,-0.34723,nan,-0.616816,-0.0722645,-0.457173,-0.09562,0.0182695,-0.00164308,0.0607,-0.510237
638,-32.4192,210.26,0.0013296,0.0416667,2.04167,0.164931,1.44703,0.000825122,-0.00854914,5.52109,3.90184e-05,0.00797629,0.383902,11632.1,0.682916,0.373471,-0.1,0.05,1,634.53,7.83974e+06,0.0466668,0.00125734,0,0.00262988,-0.106761,nan,-0.0059568,nan,nan,nan,nan,-0.014265,-0.0501556,-0.0130288,nan,-0.0962016,-0.00092,-0.0908626,-0.270428,nan,-0.531552,-0.0585867,-0.355291,-0.06854,0.0137571,-0.0013153,0.0499,-0.594207
639,-36.1459,240.164,0.00126963,0.0416667,2.5,0.164854,1.45605,0.000738693,-0.00706896,5.52027,3.90184e-05,0.0075286,0.383863,12026.7,0.663398,0.358325,-0.1,0.05,1,635.554,7.85203e+06,0.049361,0.00145181,0,0.00297452,-0.120965,nan,-0.00719902,nan,nan,nan,nan,-0.0168052,-0.059303,-0.0158417,nan,-0.109845,-0.000786885,-0.105797,-0.313069,nan,-0.56769,-0.0669003,-0.406072,-0.0801311,0.0154865,-0.00147596,0.0545082,-1.20367
640,-38.9094,276.576,0.00129294,0.0416667,2.70833,0.162285,1.46049,0.000806669,-0.00916663,5.5194,3.90184e-05,0.0146772,0.383868,12355.1,0.700864,0.293707,-0.1,0.05,1,636.55,7.86432e+06,0.0525512,0.00190591,0,0.00349898,-0.140419,nan,-0.0082403,nan,nan,nan,nan,-0.0197275,-0.070129,-0.0189902,nan,-0.126678,-0.0005,-0.114582,-0.351675,nan,-0.574867,-0.0755901,-0.467566,-0.0956515,0.0180755,-0.00172844,0.0668182,-0.725204
641,-32.567,220.61,0.00132368,0.0416667,1.66667,0.163896,1.43548,0.000863382,-0.00891641,5.51957,3.90184e-05,0.00984077,0.383859,14558.4,0.597958,0.246092,-0.1,0.05,1,637.396,7.87661e+06,0.0511084,0.00144706,0,0.0026741,-0.112208,nan,-0.00663122,nan,nan,nan,nan,-0.0155761,-0.0544936,-0.0144862,nan,-0.100987,-0.000609756,-0.0959613,-0.283149,nan,-0.509116,-0.062522,-0.370635,-0.073878,0.0140883,-0.00134734,0.0493902,-0.465939
642,-28.5469,193.643,0.00142636,0.0416667,2.29167,0.16384,1.45052,0.000894133,-0.00812767,5.51862,3.90184e-05,0.0116762,0.38382,12485.1,0.626541,0.357674,-0.1,0.05,1,638.382,7.8889e+06,0.0369662,0.00114071,0,0.00246599,-0.0982335,nan,-0.0059225,nan,nan,nan,nan,-0.0139524,-0.0462325,-0.0128693,nan,-0.0887325,-0.000678571,-0.0782223,-0.250371,nan,-0.438824,-0.0576446,-0.327767,-0.0651964,0.0123899,-0.00112868,0.0424107,-0.517164
643,-35.6207,226.172,0.0015379,0,2.41667,0.162678,1.46987,0.000986584,-0.00918542,5.51703,3.90184e-05,0.0112228,0.383749,11668.4,0.68851,0.364594,-0.1,0.05,1,639.437,7.90118e+06,0.0502283,0.00126647,0,0.00275714,-0.11512,nan,-0.00612241,nan,nan,nan,nan,-0.0151691,-0.0535166,-0.0140111,nan,-0.10367,-0.000672414,-0.0941571,-0.290691,nan,-0.588031,-0.0638089,-0.384035,-0.0778621,0.0148769,-0.00137105,0.049569,-0.884424
644,-45.0922,290.286,0.00143133,0.0416667,2,0.168075,1.43817,0.000819565,-0.00797447,5.51484,3.90184e-05,0.00993895,0.383705,11279.4,0.688802,0.40062,-0.1,0.05,1,640.528,7.91347e+06,0.059814,0.00182566,0,0.00339933,-0.147919,nan,-0.00815265,nan,nan,nan,nan,-0.0192703,-0.0701008,-0.0184426,nan,-0.132756,-0.000653061,-0.123664,-0.377256,nan,-0.732009,-0.076104,-0.493237,-0.0983265,0.019133,-0.00191358,0.0611224,-0.700694
645,-33.8349,231.038,0.00133124,0,2.16667,0.166533,1.43241,0.000809453,-0.00901379,5.51376,3.90184e-05,0.0106454,0.383667,12458,0.722519,0.263836,-0.1,0.05,1,641.516,7.92576e+06,0.0614609,0.00136042,0,0.00298608,-0.117738,nan,-0.00706,nan,nan,nan,nan,-0.0158697,-0.054681,-0.0153701,nan,-0.105552,-0.000307692,-0.0989597,-0.289506,nan,-0.534611,-0.0645798,-0.389347,-0.0743077,0.0143119,-0.00140423,0.0539423,-0.734657
646,-40.274,267.759,0.00134257,0.0416667,2.20833,0.164914,1.47102,0.000836699,-0.00824192,5.51257,3.90184e-05,0.0120344,0.383636,12575.8,0.644343,0.332773,-0.1,0.05,1,642.494,7.93805e+06,0.0586841,0.00166812,0,0.00332179,-0.136014,nan,-0.00822963,nan,nan,nan,nan,-0.0181409,-0.0616558,-0.0174894,nan,-0.122551,-0.000666667,-0.109156,-0.341859,nan,-0.646928,-0.0747151,-0.451251,-0.0909259,0.017553,-0.00161235,0.0607407,-0.670238
647,-36.191,247.704,0.00124617,0.0416667,2.20833,0.166882,1.45281,0.000758848,-0.00798286,5.51173,3.90184e-05,0.00864499,0.383626,11503.4,0.689439,0.378769,-0.1,0.05,1,643.564,7.95034e+06,0.0537057,0.00149314,0,0.00325901,-0.124816,nan,-0.00786593,nan,nan,nan,nan,-0.0167112,-0.059622,-0.0164081,nan,-0.113286,-0.00114815,-0.109229,-0.31541,nan,-0.560623,-0.0669725,-0.415171,-0.0823704,0.0155291,-0.00145766,0.0551852,-0.428683
648,-31.9722,227.54,0.00124559,0.0833333,2.54167,0.168854,1.50371,0.000857254,-0.00824689,5.51154,3.90184e-05,0.0118237,0.383621,10389.9,0.785373,0.397311,-0.1,0.05,1,644.748,7.96262e+06,0.0455926,0.00128703,0,0.00297546,-0.115698,nan,-0.00740603,nan,nan,nan,nan,-0.0160299,-0.0563256,-0.0156998,nan,-0.104078,-0.000492063,-0.0970752,-0.29028,nan,-0.470845,-0.0641335,-0.384514,-0.0772063,0.015999,-0.0013305,0.053254,-1.04599
649,-27.4096,188.961,0.00129354,0,2.125,0.167426,1.47692,0.000758354,-0.0090707,5.51102,3.90184e-05,0.0107995,0.383593,12379.3,0.694584,0.29804,-0.1,0.05,1,645.742,7.97491e+06,0.0429545,0.00115902,0,0.00262721,-0.0958316,nan,-0.00560235,nan,nan,nan,nan,-0.0132513,-0.0452927,-0.0125913,nan,-0.0863283,-0.000372549,-0.0836466,-0.244613,nan,-0.415838,-0.0536293,-0.319445,-0.0619412,0.0119001,-0.00106537,0.044902,-0.587789
650,-35.3885,239.684,0.00144222,0,2.375,0.16541,1.48587,0.000946659,-0.00829106,5.51031,5.85277e-05,0.00423891,0.383585,9106.7,0.770402,0.578934,-0.1,0.05,1,647.093,7.9872e+06,0.0454852,0.00158314,0,0.00302972,-0.121558,nan,-0.00731018,nan,nan,nan,nan,-0.0167577,-0.0574584,-0.0162312,nan,-0.109277,-0.000122807,-0.104348,-0.311766,nan,-0.547525,-0.0677894,-0.401828,-0.0807544,0.0152867,-0.00141318,0.0570175,-0.543671
651,-39.2123,269.947,0.00144784,0,1.58333,0.165226,1.4822,0.000815926,-0.00944139,5.50975,5.85277e-05,0.0142225,0.383546,8827.2,0.880616,0.511445,-0.1,0.05,1,648.487,7.99949e+06,0.0482875,0.00183851,0,0.00352403,-0.13797,nan,-0.00861789,nan,nan,nan,nan,-0.0188398,-0.0634293,-0.0180176,nan,-0.123687,-0.000605263,-0.118095,-0.34768,nan,-0.589747,-0.0758046,-0.459238,-0.0944737,0.0189731,-0.00165187,0.0618421,-0.707294
652,-31.6146,199.364,0.0014036,0.0416667,2.25,0.164176,1.5117,0.000936364,-0.0106098,5.50841,5.85277e-05,0.00991537,0.383517,9347.6,0.8797,0.434862,-0.1,0.05,1,649.804,8.01178e+06,0.0422594,0.00114374,0,0.00251808,-0.100769,nan,-0.00584109,nan,nan,nan,nan,-0.0138034,-0.0449124,-0.0126331,nan,-0.0912347,-0.000745455,-0.0877898,-0.263067,nan,-0.523223,-0.0596236,-0.336481,-0.065,0.0129504,-0.00117515,0.0448182,-1.0742
653,-34.8194,239.354,0.00130028,0,2,0.161852,1.47762,0.000711256,-0.00919776,5.50781,5.85277e-05,0.0157377,0.383528,12485.9,0.704032,0.280121,-0.1,0.05,1,650.79,8.02406e+06,0.0527778,0.0015721,0,0.0031623,-0.121617,nan,-0.00743458,nan,nan,nan,nan,-0.0162577,-0.0570684,-0.0159362,nan,-0.108742,-0.00104167,-0.109355,-0.30786,nan,-0.535559,-0.0657483,-0.39994,-0.0830417,0.0157711,-0.00153467,0.0576042,-0.651497
654,-34.3224,229.34,0.00132856,0,1.95833,0.160691,1.48738,0.000831075,-0.00954649,5.5083,5.85277e-05,0.00918253,0.383545,10942.3,0.735912,0.387069,-0.1,0.05,1,651.914,8.03635e+06,0.0406077,0.00141872,0,0.00292551,-0.117455,nan,-0.00708,nan,nan,nan,nan,-0.0158242,-0.0561843,-0.0147776,nan,-0.104755,-0.000255319,-0.106078,-0.292841,nan,-0.536712,-0.0655643,-0.38546,-0.0786596,0.0160649,-0.00143968,0.0561702,-1.18015
655,-31.8865,221.918,0.00132062,0.0833333,1.95833,0.163791,1.43135,0.000803384,-0.00858252,5.50824,5.85277e-05,0.0165812,0.383531,12320.9,0.665071,0.332258,-0.1,0.05,1,652.912,8.04864e+06,0.0434539,0.0012409,0,0.00293982,-0.112013,nan,-0.00673673,nan,nan,nan,nan,-0.0155273,-0.0542327,-0.0149797,nan,-0.101563,-0.000632653,-0.0969009,-0.287219,nan,-0.473354,-0.0643501,-0.378058,-0.0740612,0.0143325,-0.0013091,0.0515306,-0.439141
656,-31.2669,200.806,0.00150807,0.0416667,1.45833,0.167508,1.47341,0.000864002,-0.0099782,5.50719,5.85277e-05,0.00658443,0.383474,11530.3,0.717819,0.347891,-0.1,0.05,1,653.98,8.06093e+06,0.0458629,0.00113943,0,0.00233848,-0.100975,nan,-0.00568722,nan,nan,nan,nan,-0.0134322,-0.0453687,-0.0126196,nan,-0.091593,-0.000361111,-0.0838538,-0.257219,nan,-0.518265,-0.0543192,-0.336823,-0.0634167,0.0118495,-0.00117045,0.0444444,-0.75487
657,-37.5252,265.5,0.00118595,0.0416667,1.95833,0.167814,1.48519,0.000702571,-0.0100604,5.50504,3.90184e-05,0.0202642,0.383415,12671.8,0.633783,0.335929,-0.1,0.05,1,654.951,8.07322e+06,0.0550635,0.0015326,0,0.00368509,-0.134597,nan,-0.0079075,nan,nan,nan,nan,-0.0180789,-0.062157,-0.0176546,nan,-0.1214,-0.000895833,-0.120274,-0.339846,nan,-0.551686,-0.0709874,-0.445361,-0.0892083,0.016495,-0.00159752,0.0596875,-0.745705
658,-29.5099,196.509,0.00137659,0,2.29167,0.165806,1.46916,0.000765239,-0.00924456,5.50355,3.90184e-05,0.0105963,0.383383,11830.2,0.700543,0.338153,-0.1,0.05,1,655.991,8.0855e+06,0.0435653,0.00128949,0,0.00256831,-0.100375,nan,-0.00605491,nan,nan,nan,nan,-0.0134896,-0.0457884,-0.0127216,nan,-0.0896666,-0.000327273,-0.0935899,-0.257033,nan,-0.453505,-0.056726,-0.330809,-0.0640909,0.0123023,-0.00114041,0.0395455,-0.543955
659,-39.7258,254.44,0.00133838,0,2.08333,0.165778,1.45676,0.000845653,-0.00843205,5.5027,3.90184e-05,0.0109071,0.38336,12156.5,0.676242,0.334573,-0.1,0.05,1,657.003,8.09779e+06,0.0573299,0.00175288,0,0.00331147,-0.13011,nan,-0.006884,nan,nan,nan,nan,-0.0173994,-0.0597841,-0.0157983,nan,-0.116298,-0.00022,-0.11749,-0.329546,nan,-0.644352,-0.0732664,-0.430236,-0.08448,0.0162111,-0.00147455,0.0577,-1.1907
660,-38.2894,245.891,0.00144013,0.0833333,2.20833,0.165586,1.49869,0.000900567,-0.00914004,5.50189,3.90184e-05,0.0106187,0.383335,13059.9,0.618681,0.322214,-0.1,0.05,1,657.945,8.11008e+06,0.0541497,0.00170339,0,0.0031273,-0.125426,nan,-0.007004,nan,nan,nan,nan,-0.0162445,-0.0553908,-0.0161264,nan,-0.111962,-0.000218182,-0.111451,-0.322364,nan,-0.621962,-0.0668141,-0.413748,-0.0810727,0.0158171,-0.00146509,0.0558182,-1.29022
661,-40.4552,291.322,0.00134494,0.0833333,2.375,0.160614,1.51166,0.000845863,-0.00893548,5.50085,3.90184e-05,0.0110625,0.383288,11360.7,0.716634,0.364992,-0.1,0.05,1,659.029,8.12237e+06,0.0632725,0.00182449,0,0.00378454,-0.148143,nan,-0.00904034,nan,nan,nan,nan,-0.0206194,-0.0723096,-0.0199067,nan,-0.13293,-0.000542373,-0.134598,-0.365032,nan,-0.597693,-0.0758908,-0.488067,-0.097678,0.0194495,-0.001854,0.0719492,-1.10532
662,-32.4979,222.145,0.00121272,0,2.29167,0.162871,1.48451,0.000822679,-0.00823433,5.49915,3.90184e-05,0.0123268,0.383242,11683.9,0.713134,0.338572,-0.1,0.05,1,660.082,8.13466e+06,0.0471996,0.00130057,0,0.00308245,-0.112462,nan,-0.00633273,nan,nan,nan,nan,-0.0152568,-0.0519789,-0.0147273,nan,-0.101401,-0.000363636,-0.103188,-0.284753,nan,-0.495662,-0.0616907,-0.374049,-0.0722545,0.014155,-0.00137138,0.0516364,-0.514585
663,-34.2185,238.094,0.00132676,0.0416667,2.16667,0.161882,1.45965,0.000844128,-0.00890603,5.49809,3.90184e-05,0.0118194,0.383213,12128,0.673632,0.339563,-0.1,0.05,1,661.097,8.14694e+06,0.0572197,0.00129827,0,0.00303388,-0.120829,nan,-0.00715547,nan,nan,nan,nan,-0.0162677,-0.0570627,-0.0158214,nan,-0.10886,-0.00090566,-0.110709,-0.304464,nan,-0.520887,-0.0626514,-0.400138,-0.0796226,0.0153619,-0.00145811,0.0541509,-0.62108
664,-43.8611,323.935,0.00128501,0.0833333,1.83333,0.160881,1.4621,0.000806111,-0.00918242,5.49715,3.90184e-05,0.011623,0.383183,13820.7,0.630307,0.258793,-0.1,0.05,1,661.987,8.15923e+06,0.0722339,0.00186941,0,0.00445861,-0.165604,nan,-0.00974696,nan,nan,nan,nan,-0.0228373,-0.0799751,-0.0219604,nan,-0.147922,-0.00128261,-0.147932,-0.411206,nan,-0.623708,-0.0827105,-0.546634,-0.109391,0.0215138,-0.00208401,0.0841304,-0.196342
665,-29.7636,209.771,0.00132307,0.0416667,1.95833,0.158753,1.48681,0.000811414,-0.0093519,5.49631,3.90184e-05,0.0118637,0.383162,12696.9,0.641674,0.32612,-0.1,0.05,1,662.957,8.17152e+06,0.0410568,0.00130476,0,0.00267903,-0.105306,nan,-0.00658458,nan,nan,nan,nan,-0.0146746,-0.0503632,-0.0140006,nan,-0.0959533,-0.000229167,-0.0893318,-0.267698,nan,-0.445252,-0.0573563,-0.353882,-0.0710625,0.0125856,-0.00125626,0.0539583,-1.28702
666,-39.1027,249.627,0.00127711,0,2.125,0.16564,1.47365,0.000823532,-0.00905765,5.49509,3.90184e-05,0.0155843,0.383103,10766.5,0.762037,0.379285,-0.1,0.05,1,664.099,8.18381e+06,0.0562288,0.00146243,0,0.00296832,-0.126636,nan,-0.00702196,nan,nan,nan,nan,-0.0175442,-0.0599692,-0.0159539,nan,-0.113799,-0.00072549,-0.116581,-0.317797,nan,-0.637048,-0.0718742,-0.419706,-0.0826471,0.0153954,-0.00153785,0.0496078,-0.937948
667,-28.3951,200.78,0.00140745,0,1.70833,0.164027,1.47401,0.000807177,-0.00849237,5.49336,3.90184e-05,0.00991555,0.383075,12006.4,0.675229,0.348227,-0.1,0.05,1,665.124,8.1961e+06,0.0371675,0.00132113,0,0.00276663,-0.100914,nan,-0.00638634,nan,nan,nan,nan,-0.0140679,-0.0466429,-0.0136857,nan,-0.0915111,-0.00095122,-0.0905303,-0.256337,nan,-0.417214,-0.0547696,-0.336026,-0.0645122,0.0127303,-0.00117428,0.0412195,-0.414897
668,-41.8143,278.08,0.00144326,0,2.08333,0.162807,1.48053,0.000947325,-0.00748,5.49295,3.90184e-05,0.0104878,0.383073,13911.2,0.624855,0.258461,-0.1,0.05,1,666.009,8.20838e+06,0.0591423,0.001876,0,0.00319565,-0.140244,nan,-0.008698,nan,nan,nan,nan,-0.0179555,-0.0629684,-0.0182643,nan,-0.127036,-0.00032,-0.121063,-0.350422,nan,-0.674932,-0.0709666,-0.465945,-0.08882,0.0171911,-0.00178597,0.0629,-0.713292
669,-36.4009,229.869,0.00124999,0.0416667,2.5,0.167091,1.43019,0.000885812,-0.00789908,5.49255,3.90184e-05,0.00799871,0.383049,9206.85,0.847372,0.487286,-0.1,0.05,1,667.345,8.22067e+06,0.0521336,0.00141997,0,0.00274451,-0.116184,nan,-0.00626295,nan,nan,nan,nan,-0.0151844,-0.0521653,-0.0146372,nan,-0.10509,-0.000360656,-0.105167,-0.298035,nan,-0.60332,-0.0623386,-0.38766,-0.0740656,0.0132182,-0.00137839,0.0497541,-0.743189
670,-36.2038,230.122,0.00128309,0.0833333,1.95833,0.162947,1.45984,0.00088612,-0.00919887,5.4916,3.90184e-05,0.0126345,0.383021,11589.8,0.694547,0.365697,-0.1,0.05,1,668.407,8.23296e+06,0.0504293,0.00152512,0,0.00268639,-0.115839,nan,-0.00643143,nan,nan,nan,nan,-0.0147695,-0.0515434,-0.0144,nan,-0.104998,-0.000306122,-0.103863,-0.293209,nan,-0.604325,-0.0605094,-0.384768,-0.0764898,0.0146296,-0.00142222,0.05,-0.676092
671,-30.1705,211.4,0.0013165,0,2.08333,0.164422,1.48226,0.000811051,-0.00811344,5.49099,3.90184e-05,0.0123627,0.383011,11948,0.71155,0.316903,-0.1,0.05,1,669.437,8.24525e+06,0.0440555,0.00128276,0,0.00264132,-0.106079,nan,-0.006538,nan,nan,nan,nan,-0.0146881,-0.049222,-0.0143588,nan,-0.0963791,-0.00038,-0.0946659,-0.268401,nan,-0.454602,-0.0571567,-0.354041,-0.06908,0.0124723,-0.0012344,0.0483,-0.507527
672,-40.7652,275.885,0.00131919,0,2.16667,0.162761,1.50665,0.000800558,-0.00853919,5.49066,3.90184e-05,0.0136,0.382991,12947.6,0.603725,0.34533,-0.1,0.05,1,670.388,8.25754e+06,0.0554573,0.00154411,0,0.00327886,-0.139088,nan,-0.00852615,nan,nan,nan,nan,-0.0189863,-0.0664995,-0.018858,nan,-0.126135,-0.000846154,-0.120959,-0.356706,nan,-0.630412,-0.0765045,-0.466897,-0.0891731,0.0162506,-0.00176189,0.06125,-0.568774
673,-31.9848,226.059,0.00136941,0,2.125,0.167855,1.47557,0.000780032,-0.0081404,5.48966,3.90184e-05,0.0092454,0.382952,12288,0.666792,0.333212,-0.1,0.05,1,671.389,8.26982e+06,0.0522558,0.00140584,0,0.00282299,-0.114275,nan,-0.0073102,nan,nan,nan,nan,-0.0158625,-0.0537365,-0.0154767,nan,-0.103182,-0.000588235,-0.105371,-0.287028,nan,-0.476219,-0.0654125,-0.378884,-0.0719804,0.0131461,-0.0013794,0.0513725,-0.600292
674,-44.8659,291.867,0.00134546,0.0833333,1.79167,0.166505,1.47032,0.000864173,-0.00801006,5.48772,3.90184e-05,0.00974477,0.382865,12312.7,0.67077,0.32722,-0.1,0.05,1,672.388,8.28211e+06,0.0594754,0.00197233,0,0.00355764,-0.147549,nan,-0.00865378,nan,nan,nan,nan,-0.01895,-0.0668792,-0.0190936,nan,-0.133105,-0.000488889,-0.132955,-0.368174,nan,-0.726643,-0.0757511,-0.490996,-0.0946,0.0176937,-0.00180814,0.0591111,-1.1189
675,-38.475,271.46,0.00147344,0,2.625,0.161507,1.46243,0.000865039,-0.00915586,5.48483,3.90184e-05,0.0123784,0.38278,12370.3,0.656279,0.337069,-0.1,0.05,1,673.383,8.2944e+06,0.0622285,0.00154982,0,0.00338011,-0.137414,nan,-0.00863111,nan,nan,nan,nan,-0.0186521,-0.0641885,-0.0182781,nan,-0.123899,-0.000666667,-0.124042,-0.343503,nan,-0.583394,-0.0745054,-0.454129,-0.0887937,0.0165688,-0.00167602,0.0664286,-0.674835
676,-33.8749,234.609,0.00120641,0.0416667,1.875,0.163462,1.50185,0.000776234,-0.00889661,5.48246,3.90184e-05,0.0115028,0.382719,11256.6,0.692064,0.399566,-0.1,0.05,1,674.476,8.30669e+06,0.0529877,0.00134911,0,0.00293812,-0.118215,nan,-0.00737,nan,nan,nan,nan,-0.0165689,-0.0563018,-0.0159338,nan,-0.106897,-0.00023913,-0.112511,-0.297169,nan,-0.517535,-0.0655783,-0.392211,-0.0738696,0.0140936,-0.00137531,0.0479348,-0.719249
677,-39.6031,267.021,0.00142744,0.0416667,1.95833,0.16983,1.51637,0.000842785,-0.00802938,5.48089,3.90184e-05,0.0115993,0.382688,12407.3,0.667996,0.32239,-0.1,0.05,1,675.468,8.31898e+06,0.0606657,0.00181859,0,0.00320509,-0.134392,nan,-0.00827333,nan,nan,nan,nan,-0.0182278,-0.0642189,-0.018478,nan,-0.121708,-0.0008125,-0.12645,-0.339631,nan,-0.623408,-0.0694117,-0.44691,-0.0878125,0.0163739,-0.00156188,0.0517708,-0.632351
678,-36.7987,230.269,0.00138315,0,2.16667,0.165529,1.48667,0.000822086,-0.00809805,5.47972,3.90184e-05,0.0106593,0.382642,12751.3,0.668423,0.295245,-0.1,0.05,1,676.434,8.33126e+06,0.0478481,0.00145508,0,0.00263528,-0.115499,nan,-0.00644846,nan,nan,nan,nan,-0.0149527,-0.0504451,-0.0144571,nan,-0.105206,-0.000346154,-0.101308,-0.288364,nan,-0.625915,-0.0625241,-0.384131,-0.0731538,0.0129607,-0.00140331,0.0489423,-0.814355
679,-30.6143,216.906,0.00139628,0,2.20833,0.167353,1.45254,0.000823102,-0.00732008,5.47823,3.90184e-05,0.00943744,0.38261,14046.9,0.619519,0.255266,-0.1,0.05,1,677.31,8.34355e+06,0.0511118,0.00140924,0,0.00256622,-0.108717,nan,-0.00719887,nan,nan,nan,nan,-0.0153842,-0.0509627,-0.0150504,nan,-0.0990872,-0.000679245,-0.101433,-0.275855,nan,-0.454768,-0.0609057,-0.363054,-0.0698113,0.0130819,-0.00121844,0.0435849,-0.324117
680,-41.3101,301.911,0.00119479,0.0416667,1.83333,0.164179,1.48926,0.000765059,-0.00769888,5.47732,3.90184e-05,0.00822459,0.38258,13147,0.585176,0.349488,-0.1,0.05,1,678.246,8.35584e+06,0.0540638,0.0016734,0,0.00369418,-0.151307,nan,-0.00973778,nan,nan,nan,nan,-0.0213663,-0.0745061,-0.0215017,nan,-0.137322,-0.000911111,-0.141728,-0.382386,nan,-0.589826,-0.0811565,-0.50078,-0.0943333,0.0177542,-0.00182632,0.066,nan
681,-37.9497,236.391,0.00144603,0.0416667,1.875,0.160773,1.49427,0.00087021,-0.00727421,5.47621,3.90184e-05,0.0124653,0.382542,11466,0.6985,0.373191,-0.1,0.05,1,679.319,8.36813e+06,0.0447425,0.00168906,0,0.00256288,-0.117912,nan,-0.00701652,nan,nan,nan,nan,-0.01567,-0.0561837,-0.0152771,nan,-0.107666,-0.000173913,-0.112541,-0.297449,nan,-0.639662,-0.0652858,-0.394991,-0.0793478,0.0140065,-0.00136075,0.0471739,-0.89352
682,-40.8342,280.949,0.00123604,0.0833333,1.54167,0.165979,1.48022,0.000792371,-0.0093646,5.47579,3.90184e-05,0.00750804,0.382562,12138.7,0.672595,0.339701,-0.1,0.05,1,680.333,8.38042e+06,0.0614832,0.00188218,0,0.00330694,-0.140716,nan,-0.0089,nan,nan,nan,nan,-0.0182451,-0.0632455,-0.019255,nan,-0.128379,-0.000128205,-0.124268,-0.350102,nan,-0.646106,-0.0687749,-0.46988,-0.0876154,0.0158625,-0.00169018,0.0664103,-1.2353
683,-36.1551,263.632,0.0012055,0.0416667,1.54167,0.168891,1.50001,0.000661663,-0.00859126,5.47643,3.90184e-05,0.00905832,0.382573,13168.9,0.670531,0.262576,-0.1,0.05,1,681.267,8.3927e+06,0.0583232,0.00165577,0,0.00317131,-0.13221,nan,-0.00833421,nan,nan,nan,nan,-0.0182743,-0.0641664,-0.0184228,nan,-0.120159,-0.000421053,-0.112258,-0.328204,nan,-0.543114,-0.0691899,-0.437859,-0.0849737,0.0150536,-0.00151497,0.0632895,-0.385522
684,-31.9125,214.417,0.00123782,0,1.5,0.160451,1.4855,0.000688687,-0.00877752,5.47686,3.90184e-05,0.00861053,0.382588,14793.3,0.585438,0.245208,-0.1,0.05,1,682.1,8.40499e+06,0.0438592,0.00152457,0,0.00243875,-0.107789,nan,-0.00674944,nan,nan,nan,nan,-0.0150577,-0.049684,-0.014451,nan,-0.0979748,-0.000305556,-0.0940969,-0.270561,nan,-0.511695,-0.0615653,-0.357581,-0.0678611,0.0127542,-0.00124533,0.0461111,-0.54836
685,-41.4705,250.043,0.00143114,0,1.95833,0.161474,1.47125,0.000798229,-0.00856502,5.47676,3.90184e-05,0.00651585,0.382566,14118.6,0.567363,0.302975,-0.1,0.05,1,682.971,8.41728e+06,0.0421496,0.00153356,0,0.00257715,-0.124834,nan,-0.00713447,nan,nan,nan,nan,-0.0161189,-0.05708,-0.0159275,nan,-0.114413,-0.000787234,-0.106128,-0.315561,nan,-0.721258,-0.0703194,-0.419223,-0.0824894,0.0141113,-0.00142524,0.0535106,-0.791417
686,-33.2593,240.723,0.00130282,0,1.95833,0.163519,1.51243,0.000814187,-0.00818133,5.47558,3.90184e-05,0.00850092,0.382524,11359.8,0.689502,0.392212,-0.1,0.05,1,684.054,8.42957e+06,0.0483433,0.00160086,0,0.00277519,-0.119765,nan,-0.00791532,nan,nan,nan,nan,-0.0166029,-0.0572902,-0.0172063,nan,-0.109671,-0.000659574,-0.103128,-0.309611,nan,-0.482869,-0.0644882,-0.400534,-0.0782553,0.0134998,-0.00129064,0.0458511,-0.270191
687,-37.8149,266.545,0.0014517,0.0416667,1.79167,0.166609,1.46621,0.000853982,-0.00789833,5.47434,3.90184e-05,0.0114608,0.382494,11479.4,0.712606,0.357832,-0.1,0.05,1,685.127,8.44186e+06,0.0527901,0.00169142,0,0.00306299,-0.133417,nan,-0.00880636,nan,nan,nan,nan,-0.0181071,-0.0633944,-0.0186734,nan,-0.121342,-0.000727273,-0.124585,-0.339096,nan,-0.573123,-0.0699891,-0.443558,-0.0878182,0.0160786,-0.00158987,0.0597727,-0.292043
688,-41.8256,273.233,0.0012925,0.0416667,1.75,0.168865,1.47191,0.000780909,-0.00881034,5.4738,3.90184e-05,0.0123117,0.382487,12189,0.671544,0.336575,-0.1,0.05,1,686.136,8.45414e+06,0.0545612,0.00177201,0,0.00301457,-0.137253,nan,-0.00813581,nan,nan,nan,nan,-0.0181711,-0.0650239,-0.0177754,nan,-0.12455,-0.000976744,-0.132382,-0.348369,nan,-0.6774,-0.0735817,-0.4538,-0.0887674,0.0159854,-0.00159478,0.0634884,-0.884973
689,-33.2299,229.111,0.00137809,0.0416667,2.20833,0.163416,1.45741,0.000841561,-0.00845483,5.47329,3.90184e-05,0.00666262,0.382463,13167.4,0.661013,0.272198,-0.1,0.05,1,687.071,8.46643e+06,0.044424,0.00155218,0,0.0026105,-0.114076,nan,-0.00712333,nan,nan,nan,nan,-0.0160372,-0.0543194,-0.0156511,nan,-0.104381,-0.000666667,-0.109108,-0.287632,nan,-0.517006,-0.0631767,-0.382683,-0.0741481,0.0141298,-0.00136527,0.0521296,-1.5642
690,-42.4309,288.49,0.00135544,0.0833333,1.95833,0.168016,1.46638,0.000790027,-0.00806907,5.47241,3.90184e-05,0.012196,0.382441,15065.3,0.573781,0.241866,-0.1,0.05,1,687.888,8.47872e+06,0.0571712,0.00197812,0,0.00329532,-0.144729,nan,-0.00923918,nan,nan,nan,nan,-0.0195431,-0.0701967,-0.0196699,nan,-0.131721,-0.000510204,-0.134837,-0.363915,nan,-0.664637,-0.0734889,-0.483579,-0.0944286,0.0171943,-0.00166057,0.0632653,-0.854116
691,-39.3375,243.383,0.00138491,0,1.95833,0.166165,1.49086,0.000821642,-0.00857267,5.4715,3.90184e-05,0.0139664,0.382397,15075.7,0.566466,0.248621,-0.1,0.05,1,688.705,8.49101e+06,0.0598353,0.00131824,0,0.00272637,-0.122031,nan,-0.00713191,nan,nan,nan,nan,-0.015393,-0.0534389,-0.0153801,nan,-0.110689,-0.00012766,-0.117758,-0.307605,nan,-0.680639,-0.067626,-0.402533,-0.0778511,0.0145535,-0.00143413,0.0485106,-0.670827
692,-44.9467,288.75,0.00122998,0.0416667,1.95833,0.166891,1.47975,0.000788573,-0.00798571,5.46973,3.90184e-05,0.0117266,0.382341,14487.8,0.594951,0.253209,-0.1,0.05,1,689.554,8.5033e+06,0.0623098,0.00158558,0,0.00317529,-0.145977,nan,-0.00866333,nan,nan,nan,nan,-0.0187166,-0.0643232,-0.0189871,nan,-0.131681,-0.00075,-0.137237,-0.366453,nan,-0.744081,-0.0735851,-0.483072,-0.0963958,0.0173998,-0.00171754,0.0579167,-1.17697
693,-38.457,278.436,0.00124356,0,2.29167,0.165171,1.48647,0.000857972,-0.00867488,5.46844,3.90184e-05,0.0091149,0.382315,14781.3,0.588163,0.24316,-0.1,0.05,1,690.387,8.51558e+06,0.0492623,0.00179983,0,0.00309295,-0.138781,nan,-0.00912836,nan,nan,nan,nan,-0.0192323,-0.0696599,-0.0198237,nan,-0.127052,-0.00116364,-0.126492,-0.354076,nan,-0.569847,-0.0713863,-0.462516,-0.0924182,0.0171443,-0.00157292,0.069,nan
694,-33.4942,236.24,0.00121853,0,2.08333,0.166159,1.46257,0.00071948,-0.00790369,5.46735,3.90184e-05,0.0065032,0.382286,15076.4,0.570995,0.244056,-0.1,0.05,1,691.203,8.52787e+06,0.0559239,0.00135146,0,0.00271511,-0.118997,nan,-0.0078244,nan,nan,nan,nan,-0.0168675,-0.0598127,-0.0165176,nan,-0.10791,-0.00066,-0.107494,-0.301302,nan,-0.510481,-0.066396,-0.394635,-0.07632,0.0144208,-0.00141078,0.0565,-0.316556
695,-29.4368,201.448,0.00134593,0,2.41667,0.165201,1.47327,0.000842617,-0.00804473,5.4664,3.90184e-05,0.00802999,0.382258,15011.7,0.565566,0.252993,-0.1,0.05,1,692.023,8.54016e+06,0.0414738,0.00115177,0,0.00239757,-0.100762,nan,-0.00636103,nan,nan,nan,nan,-0.0137867,-0.0471714,-0.0138478,nan,-0.0917548,-0.001,-0.0952687,-0.25627,nan,-0.451516,-0.0551899,-0.335807,-0.0671379,0.0119356,-0.00109523,0.0462069,-0.441222
696,-35.9329,255.447,0.00134048,0,1.95833,0.166341,1.48761,0.000864029,-0.00873666,5.46551,3.90184e-05,0.0127153,0.382226,14771.9,0.562877,0.268974,-0.1,0.05,1,692.856,8.55245e+06,0.0507424,0.00158054,0,0.00286834,-0.127809,nan,-0.00834809,nan,nan,nan,nan,-0.0186588,-0.0656559,-0.017587,nan,-0.11618,-0.000489362,-0.123258,-0.322933,nan,-0.527657,-0.0717683,-0.426686,-0.0835106,0.0155636,-0.00149212,0.0521277,-0.352157
697,-36.1713,239.283,0.0014211,0.0416667,2.45833,0.169493,1.48001,0.000836663,-0.00774486,5.46448,3.90184e-05,0.00741552,0.382195,15207.1,0.567386,0.240656,-0.1,0.05,1,693.666,8.56474e+06,0.0527624,0.00145119,0,0.00289854,-0.120816,nan,-0.007024,nan,nan,nan,nan,-0.0164148,-0.0567925,-0.0161278,nan,-0.109268,-0.00101667,-0.112379,-0.302055,nan,-0.581862,-0.0672234,-0.400238,-0.0775,0.0139573,-0.00144159,0.0533333,-0.628093
698,-37.2111,243.353,0.00125596,0,2.125,0.160225,1.51375,0.000856134,-0.00795478,5.4631,3.90184e-05,0.0097384,0.38213,15165.8,0.563636,0.246608,-0.1,0.05,1,694.477,8.57702e+06,0.0518072,0.001493,0,0.00279293,-0.12234,nan,-0.0073149,nan,nan,nan,nan,-0.0160057,-0.0545757,-0.0159008,nan,-0.111017,-0.000509804,-0.115326,-0.310401,nan,-0.603452,-0.0665146,-0.40532,-0.0813333,0.014972,-0.00143996,0.0517647,-1.2229
699,-38.9247,279.442,0.00127298,0.0833333,2.08333,0.162091,1.51177,0.000898441,-0.00897438,5.46204,3.90184e-05,0.0117858,0.382162,14768.4,0.586312,0.245734,-0.1,0.05,1,695.31,8.58931e+06,0.0556232,0.00183843,0,0.00337123,-0.139965,nan,-0.00948,nan,nan,nan,nan,-0.0191876,-0.068165,-0.0199875,nan,-0.127215,-0.000403846,-0.128923,-0.355168,nan,-0.572791,-0.07187,-0.46425,-0.0901923,0.01665,-0.00155894,0.0592308,-0.358527
700,-37.077,254.866,0.00119282,0.0833333,2.70833,0.163136,1.51427,0.000858866,-0.0100993,5.46276,3.90184e-05,0.0150879,0.382134,15177.6,0.567028,0.242587,-0.1,0.05,1,696.121,8.6016e+06,0.0508734,0.00139574,0,0.00292468,-0.128399,nan,-0.00807373,nan,nan,nan,nan,-0.016917,-0.0589174,-0.017481,nan,-0.116384,-0.000358209,-0.114691,-0.322213,nan,-0.578882,-0.0659872,-0.424514,-0.0834627,0.0144632,-0.00143293,0.0626119,-0.648633
701,-40.1083,274.547,0.00114903,0.0416667,2.16667,0.165203,1.50346,0.000764589,-0.00765728,5.46128,3.90184e-05,0.00606897,0.382102,15169.6,0.566404,0.243636,-0.1,0.05,1,698.688,8.61389e+06,0.0597854,0.00173645,0,0.00309917,-0.137969,nan,-0.00859019,nan,nan,nan,nan,-0.0181218,-0.063216,-0.0189982,nan,-0.125171,-0.000415094,-0.133324,-0.344903,nan,-0.628564,-0.0727811,-0.456662,-0.088566,0.0165064,-0.00166299,0.0619811,-0.87592
702,-43.2374,284.51,0.00127142,0,2.04167,0.167761,1.48943,0.000711334,-0.00829151,5.46081,3.90184e-05,0.010427,0.382102,15230.5,0.563079,0.243723,-0.1,0.05,1,699.497,8.62618e+06,0.0594819,0.00201394,0,0.00329708,-0.142597,nan,-0.00905102,nan,nan,nan,nan,-0.0183703,-0.0647809,-0.0188095,nan,-0.129642,-0.000408163,-0.130359,-0.357042,nan,-0.708797,-0.0717393,-0.47442,-0.0903878,0.0163751,-0.00168193,0.0646939,-0.878531
703,-34.369,216.707,0.00144358,0.0416667,2.375,0.165136,1.49791,0.000828895,-0.00921432,5.46047,3.90184e-05,0.0106159,0.382081,15136,0.571535,0.240302,-0.1,0.05,1,700.31,8.63846e+06,0.0436914,0.00156057,0,0.00255265,-0.109765,nan,-0.00630552,nan,nan,nan,nan,-0.0140134,-0.0487715,-0.0140033,nan,-0.0990248,-0.000258621,-0.0965887,-0.278121,nan,-0.568655,-0.0617295,-0.360078,-0.0682069,0.0123548,-0.00128626,0.0439655,-0.793496
704,-38.3238,253.571,0.00131361,0.0416667,1.70833,0.164523,1.49668,0.000784972,-0.00796594,5.45995,3.90184e-05,0.00861269,0.382085,15002.1,0.575654,0.243433,-0.1,0.05,1,701.13,8.65075e+06,0.045988,0.00162044,0,0.00290491,-0.128027,nan,-0.00740333,nan,nan,nan,nan,-0.0167369,-0.058541,-0.0165618,nan,-0.115969,-0.0005,-0.113927,-0.327176,nan,-0.606721,-0.0726108,-0.426103,-0.0853571,0.0151948,-0.00142279,0.0575,-0.654576
705,-36.7273,248.587,0.00123511,0.0416667,2.58333,0.162159,1.53029,0.000711756,-0.00815489,5.45975,3.90184e-05,0.013313,0.382054,14975.1,0.579301,0.241261,-0.1,0.05,1,701.952,8.66304e+06,0.0507615,0.00137452,0,0.00293283,-0.125383,nan,-0.00741238,nan,nan,nan,nan,-0.0169666,-0.0580684,-0.0168698,nan,-0.113442,-0.00031746,-0.117666,-0.313662,nan,-0.576381,-0.0669538,-0.414693,-0.0804921,0.0143034,-0.00157269,0.0571429,-1.66947
706,-28.4982,199.766,0.00140844,0,1.95833,0.162183,1.51325,0.00083686,-0.00858594,5.45858,3.90184e-05,0.00828386,0.382027,15248.4,0.561672,0.244185,-0.1,0.05,1,702.759,8.67533e+06,0.0464506,0.00114298,0,0.00258894,-0.100552,nan,-0.00621362,nan,nan,nan,nan,-0.0138893,-0.0454487,-0.0136589,nan,-0.0910339,-0.000638298,-0.0914092,-0.250734,nan,-0.436414,-0.0589137,-0.33206,-0.0609362,0.0112523,-0.00116479,0.0512766,-0.541326
707,-31.4777,197.143,0.00135877,0.0416667,2.29167,0.163455,1.48567,0.000863925,-0.00840581,5.45822,3.90184e-05,0.0101946,0.382032,12381.6,0.648641,0.3438,-0.1,0.05,1,703.753,8.68762e+06,0.0503287,0.00113275,0,0.00220036,-0.0988179,nan,-0.0059425,nan,nan,nan,nan,-0.0130584,-0.0449171,-0.0126529,nan,-0.090076,-0.000589286,-0.0885739,-0.263491,nan,-0.529299,-0.0569097,-0.330244,-0.0625893,0.0117382,-0.00113348,0.0398214,-0.64649
708,-27.603,197.413,0.0011744,0,1.91667,0.164697,1.48894,0.000701139,-0.00801354,5.45865,3.90184e-05,0.0135026,0.382058,11834.8,0.662389,0.375907,-0.1,0.05,1,704.793,8.6999e+06,0.047328,0.000966529,0,0.00263594,-0.0999884,nan,-0.00631348,nan,nan,nan,nan,-0.014225,-0.0451863,-0.0138014,nan,-0.0902936,-0.000304348,-0.0886764,-0.248101,nan,-0.405413,-0.0582914,-0.331393,-0.0632826,0.011688,-0.00116362,0.0406522,-0.390744
709,-34.6497,239.543,0.00142885,0,1.91667,0.167483,1.4797,0.000963938,-0.00860056,5.45944,3.90184e-05,0.0124521,0.382076,12580.7,0.655831,0.320903,-0.1,0.05,1,705.771,8.71219e+06,0.0468075,0.00139199,0,0.00289405,-0.120083,nan,-0.00745348,nan,nan,nan,nan,-0.0165483,-0.0575273,-0.0167593,nan,-0.109057,-0.000130435,-0.109066,-0.305847,nan,-0.527457,-0.0673697,-0.396811,-0.0778261,0.0148047,-0.00148464,0.051087,-0.41456
710,-43.0727,275.388,0.00121317,0.0833333,1.95833,0.170585,1.52336,0.000739693,-0.00737904,5.45882,3.90184e-05,0.00731704,0.382007,13543.2,0.628644,0.278678,-0.1,0.05,1,706.68,8.72448e+06,0.0608636,0.00144213,0,0.00299726,-0.138474,nan,-0.00845224,nan,nan,nan,nan,-0.0179451,-0.0619947,-0.0180892,nan,-0.125656,-0.000408163,-0.128129,-0.350491,nan,-0.720344,-0.0735923,-0.460342,-0.0917755,0.0165101,-0.00175259,0.060102,-0.961432
711,-44.3269,287.907,0.00138201,0.0833333,1.70833,0.169965,1.50706,0.000759603,-0.00797394,5.45663,3.90184e-05,0.00711399,0.381959,11480.1,0.725829,0.344546,-0.1,0.05,1,707.751,8.73677e+06,0.0584412,0.00154492,0,0.0033745,-0.145002,nan,-0.00896233,nan,nan,nan,nan,-0.019124,-0.0675327,-0.0189812,nan,-0.131742,-0.000232558,-0.132706,-0.370457,nan,-0.718139,-0.0781577,-0.483058,-0.0928605,0.0170474,-0.00178026,0.0646512,-0.996212
712,-40.7326,295.512,0.00121456,0.125,1.58333,0.168536,1.48191,0.000795259,-0.00875618,5.45536,3.90184e-05,0.0106409,0.381919,12204.9,0.672092,0.334714,-0.1,0.05,1,708.762,8.74906e+06,0.0622578,0.00185167,0,0.00376961,-0.149093,nan,-0.00961122,nan,nan,nan,nan,-0.0211095,-0.0766052,-0.0209711,nan,-0.134965,-0.000195122,-0.125286,-0.377216,nan,-0.5925,-0.0806145,-0.492077,-0.0936585,0.0176559,-0.00177959,0.0647561,-0.46087
713,-30.8549,217.681,0.00126898,0,1.95833,0.163802,1.46082,0.000810264,-0.0087369,5.45432,3.90184e-05,0.0130422,0.381899,11790.9,0.711604,0.33056,-0.1,0.05,1,709.806,8.76134e+06,0.0500369,0.00131405,0,0.00279936,-0.109673,nan,-0.00695191,nan,nan,nan,nan,-0.0155502,-0.0527837,-0.0151579,nan,-0.0995773,-0.000808511,-0.0920047,-0.288193,nan,-0.456508,-0.0635982,-0.364995,-0.0722553,0.0133803,-0.0012726,0.0474468,-0.864366
714,-43.5482,281.061,0.00128522,0.0833333,1.95833,0.164634,1.48449,0.000828971,-0.00818126,5.45421,3.90184e-05,0.011483,0.381924,12711.9,0.6199,0.346755,-0.1,0.05,1,710.774,8.77363e+06,0.0452452,0.00149429,0,0.00320454,-0.142921,nan,-0.00859388,nan,nan,nan,nan,-0.0185204,-0.0660319,-0.018667,nan,-0.128582,-0.000530612,-0.12398,-0.362325,nan,-0.706056,-0.0739554,-0.474557,-0.0962653,0.0180841,-0.00172053,0.0697959,-0.906746
715,-36.6776,240.246,0.00121176,0,2.375,0.166288,1.51369,0.000728261,-0.00892383,5.45547,3.90184e-05,0.00837041,0.381971,11557.7,0.682234,0.380956,-0.1,0.05,1,711.839,8.78592e+06,0.0552211,0.0015271,0,0.00305502,-0.120952,nan,-0.00726807,nan,nan,nan,nan,-0.0155423,-0.054115,-0.0156366,nan,-0.109892,-0.000280702,-0.100004,-0.31297,nan,-0.59381,-0.0650906,-0.404227,-0.0807719,0.0146704,-0.0013762,0.0522807,-0.560712
716,-32.3223,215.408,0.00117502,0.0416667,2,0.166815,1.50695,0.000773846,-0.00811859,5.45592,3.90184e-05,0.0109435,0.381934,12411.1,0.667101,0.322982,-0.1,0.05,1,712.831,8.79821e+06,0.050104,0.00127622,0,0.00277403,-0.108109,nan,-0.00657143,nan,nan,nan,nan,-0.0146084,-0.0490298,-0.0140647,nan,-0.098212,-0.000408163,-0.0844226,-0.278981,nan,-0.515784,-0.063136,-0.360219,-0.0712653,0.0127913,-0.00130274,0.0464286,-0.77636
717,-43.9308,260.933,0.00124626,0,1.875,0.159106,1.50529,0.000747663,-0.00869304,5.45375,3.90184e-05,0.00869901,0.381834,12145.1,0.692656,0.319107,-0.1,0.05,1,713.844,8.8105e+06,0.056245,0.00158872,0,0.00289354,-0.131684,nan,-0.00738667,nan,nan,nan,nan,-0.0159724,-0.0536265,-0.015738,nan,-0.119075,-0.000288889,-0.108418,-0.338057,nan,-0.78205,-0.0684071,-0.433166,-0.0869333,0.0158499,-0.00149912,0.0475556,-1.01811
718,-44.7704,271.821,0.00138193,0.0416667,1.58333,0.159511,1.4675,0.000831378,-0.00847403,5.45127,3.90184e-05,0.00985863,0.381809,12301.4,0.644732,0.354178,-0.1,0.05,1,714.844,8.82278e+06,0.0535543,0.0015249,0,0.00294845,-0.137766,nan,-0.00746256,nan,nan,nan,nan,-0.0169903,-0.0599863,-0.0169557,nan,-0.124585,-0.001,-0.118031,-0.353926,nan,-0.766147,-0.0721022,-0.457555,-0.0921282,0.0166019,-0.00166699,0.060641,-0.719
719,-34.7245,242.268,0.00130161,0,1.70833,0.157738,1.4843,0.000713027,-0.00835527,5.45108,3.90184e-05,0.00715851,0.381802,12184.9,0.652074,0.356389,-0.1,0.05,1,715.854,8.83507e+06,0.0552447,0.00123513,0,0.00295026,-0.122317,nan,-0.00840537,nan,nan,nan,nan,-0.0166434,-0.0569455,-0.0172465,nan,-0.110546,-0.000560976,-0.100196,-0.313777,nan,-0.527833,-0.064142,-0.405981,-0.084122,0.0148683,-0.00129879,0.0545122,-0.717936
720,-31.9729,204.091,0.00125115,0.0833333,1.75,0.164576,1.49005,0.000767006,-0.00861604,5.45085,3.90184e-05,0.00724105,0.381803,12544.1,0.667865,0.311718,-0.1,0.05,1,716.835,8.84736e+06,0.0444651,0.00119563,0,0.00251743,-0.101698,nan,-0.00547773,nan,nan,nan,nan,-0.0134483,-0.0468093,-0.0127648,nan,-0.0932071,-0.000113636,-0.0769704,-0.264895,nan,-0.537761,-0.0549343,-0.342852,-0.06675,0.0122102,-0.00116847,0.04875,-0.978291
721,-40.919,261,0.00138282,0.0416667,2.125,0.163955,1.49262,0.000829169,-0.00827685,5.45092,3.90184e-05,0.0121036,0.381803,13052.8,0.613469,0.327941,-0.1,0.05,1,717.778,8.85965e+06,0.055633,0.00179291,0,0.00325853,-0.132133,nan,-0.00778,nan,nan,nan,nan,-0.0171595,-0.0584501,-0.0171547,nan,-0.119708,-0.000480769,-0.104528,-0.339349,nan,-0.675933,-0.0706268,-0.438947,-0.08675,0.0163324,-0.00156994,0.05125,-1.07794
722,-39.6654,278.038,0.00140506,0,2.20833,0.161498,1.51645,0.000893711,-0.00875499,5.45018,3.90184e-05,0.0149142,0.381744,11883.6,0.675101,0.358928,-0.1,0.05,1,718.813,8.87194e+06,0.0525438,0.00173898,0,0.00370825,-0.141965,nan,-0.0088766,nan,nan,nan,nan,-0.0195182,-0.068716,-0.0193198,nan,-0.127578,-0.000867925,-0.112603,-0.35741,nan,-0.593062,-0.0764746,-0.468344,-0.0925849,0.0170909,-0.00167792,0.0630189,-0.571976
723,-39.9142,265.551,0.00160722,0,2.04167,0.162063,1.521,0.00109952,-0.00905663,5.44815,3.90184e-05,0.0110483,0.381692,11936.5,0.678381,0.351066,-0.1,0.05,1,719.844,8.88422e+06,0.0502934,0.00145326,0,0.00333557,-0.134403,nan,-0.00828122,nan,nan,nan,nan,-0.0175157,-0.0618073,-0.0182191,nan,-0.121594,-0.000857143,-0.106168,-0.327058,nan,-0.644019,-0.0702968,-0.442484,-0.0881429,0.0158191,-0.00160127,0.0572449,-1.32964
724,-41.17,275.684,0.00135932,0,2.375,0.15954,1.50622,0.000869762,-0.00815876,5.44682,3.90184e-05,0.0117239,0.381649,12817,0.656654,0.302072,-0.1,0.05,1,720.804,8.89651e+06,0.0574578,0.0016221,0,0.00342741,-0.140216,nan,-0.00821509,nan,nan,nan,nan,-0.0180075,-0.0635145,-0.0187073,nan,-0.126561,-0.00054386,-0.100484,-0.349514,nan,-0.663536,-0.0758536,-0.462015,-0.0911228,0.0169451,-0.0016244,0.0611404,-1.50432
725,-37.2493,259.479,0.00139362,0,2.95833,0.15896,1.52163,0.000942206,-0.00837874,5.44593,3.90184e-05,0.0162275,0.381639,12600.4,0.649092,0.326117,-0.1,0.05,1,721.781,8.9088e+06,0.0567341,0.00168949,0,0.00340131,-0.130811,nan,-0.00821042,nan,nan,nan,nan,-0.0176899,-0.0635907,-0.017275,nan,-0.118654,-0.000295775,-0.103508,-0.332428,nan,-0.563951,-0.0716549,-0.431767,-0.0878732,0.0159605,-0.00150509,0.0548592,-0.651735
726,-37.3261,228.327,0.0013474,0,2.29167,0.15877,1.50445,0.00084695,-0.00825818,5.44539,3.90184e-05,0.00915872,0.381603,12332.2,0.654887,0.341526,-0.1,0.05,1,722.779,8.92109e+06,0.043718,0.00130615,0,0.00290519,-0.114779,nan,-0.00629527,nan,nan,nan,nan,-0.0147241,-0.0499909,-0.0143779,nan,-0.104401,-0.000418182,-0.0901418,-0.292573,nan,-0.641125,-0.0651955,-0.381162,-0.0755818,0.0141587,-0.00135096,0.0461818,-0.748368
727,-33.1059,229.361,0.00134502,0.0416667,2.5,0.16596,1.50492,0.000846027,-0.0081685,5.44377,3.90184e-05,0.00736104,0.381546,12574.7,0.682874,0.29433,-0.1,0.05,1,723.758,8.93338e+06,0.0459906,0.00134378,0,0.00321125,-0.115523,nan,-0.00701475,nan,nan,nan,nan,-0.0158493,-0.0530292,-0.0152949,nan,-0.105174,-0.00042623,-0.0891574,-0.300072,nan,-0.497096,-0.0660664,-0.384664,-0.0764918,0.0139833,-0.00142371,0.050082,-0.649988
728,-34.1881,246.298,0.00136234,0.0416667,2.33333,0.162909,1.49524,0.000899494,-0.00843754,5.44278,3.90184e-05,0.0136635,0.381561,12492.8,0.641294,0.342313,-0.1,0.05,1,724.742,8.94566e+06,0.0542999,0.00144274,0,0.00330282,-0.124804,nan,-0.00734175,nan,nan,nan,nan,-0.0175604,-0.0598545,-0.0168754,nan,-0.11268,-0.000333333,-0.0978202,-0.314908,nan,-0.502819,-0.0698249,-0.411364,-0.0827193,0.0152696,-0.00148204,0.0544737,-0.338294
729,-26.7958,186.246,0.00129882,0,2.70833,0.164828,1.4992,0.000790466,-0.00843516,5.4431,3.90184e-05,0.0158013,0.381539,12181.7,0.658378,0.350347,-0.1,0.05,1,725.753,8.95795e+06,0.039017,0.00102138,0,0.00253302,-0.0935849,nan,-0.00601231,nan,nan,nan,nan,-0.0130496,-0.0432738,-0.0126917,nan,-0.0853203,-0.000261538,-0.0725393,-0.241841,nan,-0.396262,-0.0558552,-0.31344,-0.0629538,0.011272,-0.00108144,0.0358462,-0.407051
730,-33.1456,213.042,0.00145265,0,2,0.162581,1.51472,0.000895991,-0.00883277,5.44206,3.90184e-05,0.0111974,0.381515,12985.6,0.660938,0.28534,-0.1,0.05,1,726.7,8.97024e+06,0.0519445,0.00131142,0,0.00279305,-0.107196,nan,-0.00628125,nan,nan,nan,nan,-0.0133873,-0.0440697,-0.0136147,nan,-0.0977298,-0.000583333,-0.0741479,-0.271253,nan,-0.556464,-0.0585527,-0.358115,-0.0693542,0.012362,-0.001204,0.0455208,-1.1911
731,-36.5776,244.156,0.00140745,0.0416667,1.83333,0.159266,1.50616,0.000840504,-0.00902865,5.441,3.90184e-05,0.0119801,0.381477,14754.6,0.592159,0.240664,-0.1,0.05,1,727.535,8.98253e+06,0.0574379,0.00131249,0,0.00318634,-0.122528,nan,-0.00690933,nan,nan,nan,nan,-0.0168627,-0.0594787,-0.0160455,nan,-0.112328,-0.000422222,-0.0914439,-0.319424,nan,-0.58244,-0.0700459,-0.411736,-0.0803111,0.0148297,-0.00143399,0.0567778,-1.06522
732,-24.8639,176.691,0.00145035,0,2.29167,0.165572,1.50892,0.000896316,-0.00812192,5.44016,3.90184e-05,0.0127042,0.381474,14675.3,0.572452,0.264876,-0.1,0.05,1,728.373,8.99482e+06,0.0388499,0.00107629,0,0.00253974,-0.0884493,nan,-0.005492,nan,nan,nan,nan,-0.0127322,-0.0414295,-0.0120791,nan,-0.0809375,-0.000618182,-0.0685481,-0.230174,nan,-0.370091,-0.0544849,-0.295613,-0.0595091,0.0106346,-0.0010357,0.044,-1.05069
733,-38.85,273.417,0.00139025,0.0416667,1.95833,0.162865,1.50082,0.000874933,-0.00779977,5.43987,3.90184e-05,0.0137973,0.381447,11552.6,0.712408,0.351245,-0.1,0.05,1,729.439,9.0071e+06,0.0608745,0.00164875,0,0.00356576,-0.137107,nan,-0.00847167,nan,nan,nan,nan,-0.0181915,-0.063475,-0.0188801,nan,-0.125071,-0.0001875,-0.104068,-0.341512,nan,-0.598259,-0.0723008,-0.457036,-0.0918125,0.0166486,-0.00165809,0.0602083,-0.569018
734,-29.0382,202.288,0.00129456,0,2.16667,0.157529,1.49478,0.000933259,-0.00760833,5.43823,3.90184e-05,0.0103943,0.381364,12045,0.69208,0.328091,-0.1,0.05,1,730.46,9.01939e+06,0.0371999,0.00114992,0,0.00284955,-0.101835,nan,-0.006415,nan,nan,nan,nan,-0.0140078,-0.0485164,-0.0136046,nan,-0.092537,-0.000653846,-0.0794861,-0.259691,nan,-0.433162,-0.0575615,-0.335129,-0.0680192,0.0121629,-0.00115641,0.0415385,-0.910972
735,-30.9254,222.481,0.00145068,0.0833333,2.16667,0.156696,1.47735,0.0008614,-0.00809528,5.43601,3.90184e-05,0.0110119,0.381332,12927.1,0.661828,0.288733,-0.1,0.05,1,731.413,9.03168e+06,0.0490755,0.00147751,0,0.00315625,-0.111902,nan,-0.00706741,nan,nan,nan,nan,-0.0156304,-0.0553591,-0.0154226,nan,-0.101726,-0.000981481,-0.0899609,-0.296709,nan,-0.447812,-0.0613709,-0.371632,-0.0744074,0.0136027,-0.00132834,0.0511111,-0.722557
736,-31.9438,221.62,0.00124995,0,2.08333,0.165149,1.49378,0.000782422,-0.00852811,5.43567,3.90184e-05,0.00968395,0.38133,14791.9,0.594214,0.236513,-0.1,0.05,1,732.245,9.04397e+06,0.0489336,0.00123475,0,0.00301494,-0.111036,nan,-0.0065252,nan,nan,nan,nan,-0.0147837,-0.0531788,-0.0151713,nan,-0.101403,-0.00042,-0.0852693,-0.291407,nan,-0.488866,-0.0583704,-0.371732,-0.07354,0.0133413,-0.00121818,0.0547,-0.568652
737,-33.0119,242.212,0.00132506,0,2.16667,0.162376,1.49438,0.000879058,-0.0086748,5.43549,3.90184e-05,0.00837674,0.381327,15423.2,0.559319,0.237404,-0.1,0.05,1,733.043,9.05626e+06,0.0504167,0.00137938,0,0.00341058,-0.121891,nan,-0.00735385,nan,nan,nan,nan,-0.0174163,-0.0625311,-0.0168351,nan,-0.111103,-0.000519231,-0.0911414,-0.309192,nan,-0.472118,-0.0694501,-0.407624,-0.0810385,0.0143237,-0.00143261,0.0606731,-0.289965
738,-38.3966,259.69,0.00138486,0,1.75,0.164695,1.49924,0.000844829,-0.00829476,5.43525,3.90184e-05,0.0114799,0.381319,12787.3,0.606453,0.354497,-0.1,0.05,1,734.005,9.06854e+06,0.0568815,0.0017617,0,0.00332937,-0.130772,nan,-0.00757381,nan,nan,nan,nan,-0.018295,-0.0634139,-0.0173143,nan,-0.11906,-0.00097619,-0.0939344,-0.334306,nan,-0.601257,-0.0739864,-0.436075,-0.0869762,0.015588,-0.00158377,0.052381,-0.6746
739,-36.8535,252.299,0.00131885,0.0416667,2.75,0.160123,1.49788,0.000851078,-0.0079177,5.43503,3.90184e-05,0.0128062,0.381323,11647.2,0.686111,0.368907,-0.1,0.05,1,735.062,9.08083e+06,0.0525386,0.00148499,0,0.00332369,-0.126501,nan,-0.00756896,nan,nan,nan,nan,-0.0167176,-0.0584589,-0.0168603,nan,-0.11564,-0.000343284,-0.0969676,-0.322561,nan,-0.577578,-0.0681984,-0.422184,-0.0810299,0.0149208,-0.0015491,0.0555224,-0.558081
740,-36.4876,246.765,0.00127643,0,2.125,0.162262,1.47997,0.000754817,-0.00851267,5.43468,3.90184e-05,0.0156989,0.381283,12006.1,0.653005,0.370473,-0.1,0.05,1,736.087,9.09312e+06,0.0532695,0.00144692,0,0.00327868,-0.123178,nan,-0.00722824,nan,nan,nan,nan,-0.01611,-0.0552243,-0.016279,nan,-0.112607,-0.00131373,-0.0936073,-0.308939,nan,-0.575289,-0.0690103,-0.409497,-0.083451,0.0149568,-0.00147953,0.0492157,-0.93503
741,-34.5933,241.807,0.00142246,0.0833333,2.29167,0.165357,1.5033,0.000961907,-0.00748214,5.43245,3.90184e-05,0.0139664,0.381189,13522.1,0.649128,0.259603,-0.1,0.05,1,736.997,9.10541e+06,0.056833,0.00124648,0,0.00309721,-0.120857,nan,-0.00681614,nan,nan,nan,nan,-0.0173697,-0.0597181,-0.0161768,nan,-0.110778,-0.00117544,-0.093085,-0.312815,nan,-0.526664,-0.0727049,-0.404668,-0.0814211,0.0147056,-0.00151219,0.0572807,-0.704266
742,-36.9441,258.18,0.00143923,0.0416667,2.5,0.16518,1.50176,0.000982417,-0.00908808,5.42962,3.90184e-05,0.00827965,0.381114,14187.4,0.565879,0.300242,-0.1,0.05,1,737.865,9.1177e+06,0.0547277,0.00166688,0,0.00346472,-0.128593,nan,-0.00770754,nan,nan,nan,nan,-0.017315,-0.0598151,-0.0175639,nan,-0.11811,-0.000590164,-0.0993323,-0.327119,nan,-0.561588,-0.0716069,-0.430079,-0.0858525,0.0152477,-0.00148823,0.0543443,-0.507256
743,-40.0244,239.725,0.00128868,0.0416667,2.08333,0.162076,1.44493,0.000877708,-0.00824172,5.42773,3.90184e-05,0.00681912,0.381075,11165.1,0.688647,0.411926,-0.1,0.05,1,738.967,9.12998e+06,0.0492767,0.00121222,0,0.00277459,-0.119856,nan,-0.00685922,nan,nan,nan,nan,-0.0149286,-0.048753,-0.0145609,nan,-0.109907,-0.00054902,-0.0898645,-0.306417,nan,-0.704803,-0.0718576,-0.399467,-0.0798235,0.0146956,-0.00139966,0.0483333,-0.841321
744,-38.6942,252.846,0.00120686,0.0416667,2.125,0.158157,1.46216,0.000832735,-0.00772655,5.42685,3.90184e-05,0.0094521,0.381052,12261.8,0.66695,0.335187,-0.1,0.05,1,739.97,9.14227e+06,0.0552252,0.00157437,0,0.00327652,-0.125699,nan,-0.00745115,nan,nan,nan,nan,-0.0169806,-0.0600764,-0.0163499,nan,-0.115762,-0.000403846,-0.0968947,-0.330811,nan,-0.622693,-0.0728046,-0.423522,-0.0850577,0.0151271,-0.00149918,0.0547115,-0.576015
745,-35.3855,226.214,0.00144387,0,2.33333,0.156347,1.50533,0.000799311,-0.00808842,5.42615,3.90184e-05,0.00988092,0.381039,12462.3,0.688905,0.297108,-0.1,0.05,1,740.958,9.15456e+06,0.0386679,0.00131451,0,0.00283752,-0.111825,nan,-0.00592464,nan,nan,nan,nan,-0.0152746,-0.0517984,-0.0143515,nan,-0.103364,-0.00103571,-0.0923171,-0.286092,nan,-0.583073,-0.0671202,-0.376804,-0.0734643,0.0137386,-0.00146311,0.0475,-0.83463
746,-35.6867,240.191,0.0014454,0.0416667,1.91667,0.159982,1.47291,0.000970003,-0.00848309,5.42583,3.90184e-05,0.0145502,0.381029,14700.8,0.598438,0.237434,-0.1,0.05,1,741.795,9.16685e+06,0.0490746,0.00140611,0,0.0029661,-0.118295,nan,-0.00715957,nan,nan,nan,nan,-0.01618,-0.056048,-0.0161603,nan,-0.10935,-0.000404255,-0.0952498,-0.308945,nan,-0.566321,-0.0665369,-0.400835,-0.0765319,0.0140113,-0.00142342,0.0548936,-1.05351
747,-32.917,222.824,0.00146128,0,2.125,0.163842,1.47139,0.00091335,-0.0084188,5.42503,3.90184e-05,0.0128253,0.380984,15378.4,0.563373,0.235669,-0.1,0.05,1,742.595,9.17914e+06,0.0550068,0.00131282,0,0.00284064,-0.109955,nan,-0.0063451,nan,nan,nan,nan,-0.0154191,-0.0530609,-0.0146505,nan,-0.101774,-0.000627451,-0.0901323,-0.290141,nan,-0.520451,-0.0639966,-0.374091,-0.0751569,0.0130333,-0.00131753,0.0548039,-0.947421
748,-37.8593,255.091,0.00136122,0.0416667,2.25,0.162644,1.45085,0.000776412,-0.00696974,5.42397,3.90184e-05,0.00607127,0.380987,11531.3,0.672671,0.392946,-0.1,0.05,1,743.662,9.19142e+06,0.054801,0.00143214,0,0.00326078,-0.125939,nan,-0.00723236,nan,nan,nan,nan,-0.0174271,-0.0615813,-0.0168278,nan,-0.116796,-0.000763636,-0.102247,-0.325007,nan,-0.599241,-0.0700598,-0.428737,-0.0858364,0.0151218,-0.00149172,0.0570909,-0.720326
749,-27.0853,192.381,0.00146969,0,1.75,0.164051,1.44961,0.000888218,-0.00807687,5.4236,3.90184e-05,0.0135139,0.380939,10876.9,0.722216,0.407514,-0.1,0.05,1,744.794,9.20371e+06,0.0391374,0.00125941,0,0.00266914,-0.0946318,nan,-0.00557905,nan,nan,nan,nan,-0.014322,-0.0491529,-0.0130984,nan,-0.0880031,-0.000452381,-0.0757043,-0.247439,nan,-0.400487,-0.0591,-0.32333,-0.0630952,0.0114068,-0.00117454,0.0467857,-0.279333
750,-31.6964,200.617,0.00130727,0,1.95833,0.166118,1.46228,0.000828482,-0.00834162,5.4222,3.90184e-05,0.0119835,0.380928,12282,0.675802,0.324683,-0.1,0.05,1,745.795,9.216e+06,0.0442198,0.00127794,0,0.00243352,-0.0984919,nan,-0.00561872,nan,nan,nan,nan,-0.0133859,-0.0441756,-0.0125787,nan,-0.0918252,-0.00093617,-0.0795943,-0.260687,nan,-0.525953,-0.06246,-0.337234,-0.0670851,0.0120613,-0.00117625,0.042766,-0.81194
751,-32.5032,219.706,0.00131855,0,2.125,0.164839,1.45045,0.000757603,-0.00857818,5.42197,3.90184e-05,0.00742421,0.380911,13606.7,0.656487,0.246595,-0.1,0.1,1,746.7,9.22829e+06,0.0450266,0.00137744,0,0.00270541,-0.108862,nan,-0.00640431,nan,nan,nan,nan,-0.0152616,-0.0514809,-0.0147897,nan,-0.10056,-0.00045098,-0.0891526,-0.281889,nan,-0.515468,-0.0619819,-0.368668,-0.072098,0.0129529,-0.00133377,0.0529412,-0.659977
752,-39.0471,293.744,0.0011773,0,1.79167,0.162032,1.4645,0.000764625,-0.00823894,5.42122,3.90184e-05,0.0132776,0.380889,15281.3,0.557701,0.24642,-0.1,0.1,1,747.506,9.24058e+06,0.0578601,0.00148594,0,0.00389208,-0.143673,nan,-0.00915256,nan,nan,nan,nan,-0.0207046,-0.0710904,-0.0209822,nan,-0.133819,-0.00109302,-0.11297,-0.369869,nan,-0.561134,-0.0811207,-0.484509,-0.093907,0.0172896,-0.00176364,0.072907,nan
753,-41.2057,259.128,0.00122937,0,1.625,0.16293,1.50382,0.00071647,-0.00826317,5.42055,3.90184e-05,0.0128205,0.380874,12830.9,0.607035,0.350653,-0.1,0.1,1,748.465,9.25286e+06,0.0522965,0.00150193,0,0.00292852,-0.127888,nan,-0.00749128,nan,nan,nan,nan,-0.0167311,-0.0590859,-0.0167877,nan,-0.118236,-0.00148718,-0.106689,-0.333134,nan,-0.696557,-0.0734115,-0.432097,-0.0842821,0.0155896,-0.00157194,0.0521795,-1.066
754,-35.9294,236.264,0.00133705,0.0416667,2.16667,0.164382,1.50366,0.000842063,-0.00775839,5.41959,3.90184e-05,0.00939296,0.38083,11806.7,0.684542,0.356219,-0.1,0.1,1,749.507,9.26515e+06,0.0535303,0.00146104,0,0.00277781,-0.116626,nan,-0.00693698,nan,nan,nan,nan,-0.0151959,-0.0511788,-0.015408,nan,-0.107835,-0.000490566,-0.0916576,-0.301292,nan,-0.594753,-0.0634795,-0.390968,-0.0775094,0.0141733,-0.00139056,0.0501887,-0.740947
755,-34.7218,228.74,0.00141509,0.0416667,2.04167,0.163943,1.46995,0.00080423,-0.00837868,5.41864,3.90184e-05,0.0151349,0.380839,12245.6,0.669494,0.333972,-0.1,0.1,1,750.512,9.27744e+06,0.0468361,0.00144493,0,0.00260499,-0.113228,nan,-0.0062004,nan,nan,nan,nan,-0.016084,-0.0558489,-0.0151413,nan,-0.104601,-0.00058,-0.096431,-0.291928,nan,-0.563386,-0.065383,-0.381653,-0.0733,0.0137526,-0.00148429,0.0515,-0.558155
756,-29.3002,194.58,0.00132906,0,2.08333,0.163909,1.48888,0.00079187,-0.00790225,5.41892,3.90184e-05,0.011103,0.380819,13007.2,0.662433,0.282278,-0.1,0.1,1,751.459,9.28973e+06,0.0390389,0.00131502,0,0.00253715,-0.0954266,nan,-0.005464,nan,nan,nan,nan,-0.0133668,-0.0460458,-0.0127103,nan,-0.0886924,-0.00048,-0.0832086,-0.252126,nan,-0.46104,-0.0591675,-0.324148,-0.06224,0.0110545,-0.00122739,0.0411,-0.911861
757,-37.0641,245.327,0.00130783,0.0416667,2,0.161621,1.48115,0.000791659,-0.00881654,5.41776,3.90184e-05,0.0099304,0.380783,14682.6,0.597536,0.239372,-0.1,0.1,1,752.297,9.30202e+06,0.0520542,0.00151062,0,0.0030288,-0.12034,nan,-0.00702449,nan,nan,nan,nan,-0.0167448,-0.0574958,-0.0160962,nan,-0.112176,-0.00204082,-0.102987,-0.314747,nan,-0.598504,-0.0691,-0.410185,-0.0804898,0.0142165,-0.00138329,0.0560204,-0.69307
758,-39.3095,263.614,0.00135223,0,1.83333,0.157275,1.46361,0.000880531,-0.00779325,5.41633,3.90184e-05,0.0100335,0.380718,13257.4,0.569383,0.357498,-0.1,0.1,1,753.225,9.3143e+06,0.0596512,0.00166138,0,0.00306247,-0.130561,nan,-0.00751318,nan,nan,nan,nan,-0.0176081,-0.0594438,-0.0174853,nan,-0.120441,-0.00113636,-0.1055,-0.331149,nan,-0.637231,-0.0731472,-0.43805,-0.0844091,0.0158838,-0.0016144,0.0545455,-0.659933
759,-40.5768,268.146,0.00129247,0,1.70833,0.155957,1.47741,0.000740163,-0.00760736,5.41408,3.90184e-05,0.0136444,0.380659,10586.5,0.733641,0.427084,-0.1,0.1,1,754.388,9.32659e+06,0.0555106,0.00159305,0,0.00317126,-0.132309,nan,-0.00812049,nan,nan,nan,nan,-0.0185627,-0.066751,-0.0176581,nan,-0.122387,-0.000512195,-0.115698,-0.346051,nan,-0.6414,-0.0775857,-0.450364,-0.0898537,0.0160242,-0.00153503,0.0581707,-0.611086
760,-36.8666,254.179,0.0013358,0,1.625,0.159803,1.48753,0.000826011,-0.00900868,5.41263,3.90184e-05,0.0066836,0.380631,12221,0.676687,0.328796,-0.1,0.1,1,755.395,9.33888e+06,0.0523503,0.00156489,0,0.00321764,-0.12527,nan,-0.00733487,nan,nan,nan,nan,-0.0180224,-0.0613018,-0.0167919,nan,-0.115993,-0.000948718,-0.10558,-0.323953,nan,-0.565209,-0.0754193,-0.426219,-0.0844872,0.0153771,-0.00167083,0.0557692,-0.846432
761,-40.1969,254.32,0.00123201,0.0833333,2,0.159883,1.47202,0.000748078,-0.00787482,5.41162,3.90184e-05,0.0088678,0.380592,13830.5,0.63093,0.257539,-0.1,0.1,1,756.285,9.35117e+06,0.0618169,0.0014427,0,0.00288277,-0.124652,nan,-0.007124,nan,nan,nan,nan,-0.0169195,-0.0585797,-0.01625,nan,-0.11602,-0.00042,-0.107827,-0.327387,nan,-0.677616,-0.0736592,-0.424423,-0.07886,0.014645,-0.00159108,0.054,-0.809305
762,-43.2189,270.571,0.00137649,0,1.75,0.159463,1.45447,0.000882683,-0.0084145,5.41021,3.90184e-05,0.0143746,0.380544,15304.8,0.565214,0.237673,-0.1,0.1,1,757.089,9.36346e+06,0.0607822,0.00178913,0,0.00309941,-0.132231,nan,-0.00736571,nan,nan,nan,nan,-0.0173369,-0.0612609,-0.0173573,nan,-0.123532,-0.000761905,-0.112776,-0.343183,nan,-0.742076,-0.0750876,-0.453696,-0.0856905,0.0157293,-0.00173101,0.0582143,-0.885314
763,-33.1777,226.933,0.0012334,0.0416667,1.20833,0.159161,1.47858,0.000754111,-0.00803141,5.40869,3.90184e-05,0.00894195,0.380506,15259.4,0.557287,0.247986,-0.1,0.1,1,757.896,9.37574e+06,0.052173,0.00152971,0,0.00287066,-0.111482,nan,-0.00702,nan,nan,nan,nan,-0.0154025,-0.0523546,-0.0154815,nan,-0.103153,-0.0007,-0.100452,-0.283706,nan,-0.520598,-0.0609225,-0.376984,-0.0728667,0.0133494,-0.00128215,0.044,-0.756026
764,-36.2557,259.071,0.001373,0,1.75,0.159854,1.47668,0.000782571,-0.00865745,5.40753,3.90184e-05,0.00984664,0.38048,12662.5,0.6173,0.353123,-0.1,0.1,1,758.868,9.38803e+06,0.0595587,0.00162712,0,0.00298832,-0.127532,nan,-0.00817714,nan,nan,nan,nan,-0.0180787,-0.0623551,-0.0180878,nan,-0.118425,-0.000547619,-0.111308,-0.330174,nan,-0.544745,-0.0726598,-0.43098,-0.0838571,0.0153632,-0.00150014,0.0580952,-0.461794
765,-42.479,285.848,0.00120734,0,1.91667,0.160423,1.4807,0.000769209,-0.00722724,5.40732,3.90184e-05,0.00759513,0.380512,12051.7,0.684681,0.334922,-0.1,0.1,1,759.889,9.40032e+06,0.0647958,0.00176807,0,0.0032148,-0.139592,nan,-0.00857391,nan,nan,nan,nan,-0.0187237,-0.0680041,-0.0192577,nan,-0.130304,-0.000434783,-0.127879,-0.365563,nan,-0.687014,-0.0739166,-0.474073,-0.0897391,0.0170419,-0.00175952,0.0692391,-0.384238
766,-38.1312,260.038,0.00134878,0.0416667,1.04167,0.159323,1.49138,0.000879577,-0.00827865,5.40873,3.90184e-05,0.00715804,0.380559,12418.6,0.657049,0.332433,-0.1,0.1,1,760.88,9.41261e+06,0.0585263,0.00171056,0,0.00285841,-0.12642,nan,-0.00848154,nan,nan,nan,nan,-0.0175591,-0.0582885,-0.0176633,nan,-0.11793,-0.000923077,-0.115921,-0.329566,nan,-0.612415,-0.070322,-0.428651,-0.0818077,0.0153604,-0.00162744,0.0565385,-0.46782
767,-42.3843,291.255,0.00135402,0.0833333,2.20833,0.160293,1.49025,0.000789703,-0.00840121,5.40963,3.90184e-05,0.00728077,0.380558,14371.7,0.614748,0.240266,-0.1,0.1,1,761.736,9.4249e+06,0.0581229,0.00201751,0,0.00328315,-0.141969,nan,-0.00869491,nan,nan,nan,nan,-0.0198558,-0.0716636,-0.0201864,nan,-0.132845,-0.000454545,-0.126269,-0.371551,nan,-0.659381,-0.0806962,-0.485139,-0.0936182,0.0170901,-0.00186636,0.0640909,-0.545936
768,-40.5645,270.837,0.00127536,0,2.04167,0.160968,1.46779,0.000790851,-0.00769858,5.40892,3.90184e-05,0.010707,0.380518,15227.7,0.569013,0.237939,-0.1,0.1,1,762.545,9.43718e+06,0.0578103,0.001443,0,0.00294426,-0.132688,nan,-0.0082098,nan,nan,nan,nan,-0.0184181,-0.0649336,-0.0178983,nan,-0.123279,-0.000836735,-0.118519,-0.346565,nan,-0.652055,-0.0762603,-0.44778,-0.0870816,0.0160143,-0.00169422,0.0616327,-0.704145
769,-45.3955,291.278,0.00114895,0.0416667,2.20833,0.157693,1.44508,0.000758356,-0.00722841,5.40756,3.90184e-05,0.0093246,0.380479,14884.3,0.586148,0.239418,-0.1,0.1,1,763.372,9.44947e+06,0.0542243,0.00178467,0,0.00326807,-0.142936,nan,-0.00833889,nan,nan,nan,nan,-0.0189851,-0.0658584,-0.0186607,nan,-0.132899,-0.000685185,-0.126031,-0.369558,nan,-0.757151,-0.0767744,-0.484664,-0.0934444,0.01676,-0.00179385,0.0683333,-0.785487
770,-46.9859,264.635,0.00129195,0.0416667,2.125,0.160876,1.46676,0.000812765,-0.00725629,5.40662,3.90184e-05,0.0137102,0.380465,15033.2,0.577715,0.239674,-0.1,0.1,1,764.191,9.46176e+06,0.0566161,0.00137001,0,0.00245479,-0.128998,nan,-0.00721731,nan,nan,nan,nan,-0.0157706,-0.0532812,-0.0157114,nan,-0.120373,-0.000346154,-0.114753,-0.340245,nan,-0.872854,-0.0742368,-0.438218,-0.0858846,0.0158245,-0.00159094,0.0476923,-0.815099
771,-29.5965,186.3,0.00125737,0,2.08333,0.160067,1.48502,0.000764024,-0.00833229,5.40627,3.90184e-05,0.0117916,0.38046,15110.6,0.566229,0.246973,-0.1,0.1,1,765.005,9.47405e+06,0.0376151,0.00100811,0,0.00191509,-0.0894112,nan,-0.0055348,nan,nan,nan,nan,-0.0122919,-0.0419446,-0.0120447,nan,-0.0846883,-0.00038,-0.082035,-0.240245,nan,-0.499507,-0.0552677,-0.308448,-0.0594,0.0113498,-0.00115417,0.0364,-0.473507
772,-41.8527,265.932,0.00141848,0,1.83333,0.158169,1.48169,0.000774362,-0.00880543,5.40612,3.90184e-05,0.0132338,0.380457,15146.4,0.570039,0.241243,-0.1,0.1,1,765.818,9.48634e+06,0.0512712,0.00169946,0,0.0029498,-0.130381,nan,-0.00771273,nan,nan,nan,nan,-0.0181755,-0.0633379,-0.0174779,nan,-0.121333,-0.000590909,-0.106663,-0.340224,nan,-0.694385,-0.0770665,-0.441707,-0.0851364,0.0148566,-0.00167277,0.0489773,-0.669588
773,-44.995,263.805,0.00136261,0,1.70833,0.155812,1.46228,0.000808862,-0.00799701,5.40636,3.90184e-05,0.0115053,0.380483,15083.2,0.563887,0.250794,-0.1,0.1,1,766.634,9.49862e+06,0.0492515,0.00204914,0,0.00267467,-0.12812,nan,-0.00749024,nan,nan,nan,nan,-0.0165397,-0.0567794,-0.0166134,nan,-0.120365,-0.000268293,-0.111314,-0.33454,nan,-0.806052,-0.0743467,-0.439797,-0.0869512,0.0152509,-0.00164603,0.052439,-0.999195
774,-48.8037,311.02,0.00144177,0.0833333,2,0.156074,1.49057,0.000783689,-0.00705158,5.40649,3.90184e-05,0.0104607,0.380452,15144.1,0.569094,0.242311,-0.1,0.1,1,767.447,9.51091e+06,0.0741807,0.00178286,0,0.00324089,-0.152147,nan,-0.0093296,nan,nan,nan,nan,-0.0200776,-0.069988,-0.0204472,nan,-0.141818,-0.0003,-0.135762,-0.40017,nan,-0.828123,-0.0825017,-0.516104,-0.09992,0.017582,-0.00190583,0.0661,-0.691551
775,-39.4696,252.019,0.00146741,0,2.25,0.160096,1.45863,0.000911433,-0.00804284,5.40562,3.90184e-05,0.0135635,0.38046,14980.1,0.574709,0.245581,-0.1,0.1,1,768.268,9.5232e+06,0.0478363,0.00164131,0,0.00281979,-0.123104,nan,-0.00757778,nan,nan,nan,nan,-0.0164408,-0.0557333,-0.0165282,nan,-0.114619,-0.0005,-0.11213,-0.32619,nan,-0.656464,-0.0705524,-0.417879,-0.0782778,0.0145646,-0.0014731,0.0563889,-0.765751
776,-44.1674,247.628,0.00141353,0,1.79167,0.157505,1.47494,0.00086338,-0.00849492,5.40597,3.90184e-05,0.0115695,0.380445,14800.1,0.576478,0.253787,-0.1,0.1,1,769.1,9.53549e+06,0.0513483,0.00154256,0,0.00243719,-0.120715,nan,-0.00613767,nan,nan,nan,nan,-0.0152194,-0.052372,-0.0145849,nan,-0.112942,-0.000348837,-0.106702,-0.319523,nan,-0.822698,-0.0720739,-0.412557,-0.0801163,0.0144318,-0.00161937,0.0540698,-0.836739
777,-39.0553,266.024,0.00141551,0.0833333,1.625,0.158562,1.46919,0.00089912,-0.00889158,5.40403,3.90184e-05,0.0132385,0.380342,15184.6,0.567668,0.241574,-0.1,0.1,1,769.91,9.54778e+06,0.0577215,0.0016876,0,0.00301271,-0.129116,nan,-0.0083761,nan,nan,nan,nan,-0.0177374,-0.0606219,-0.0173917,nan,-0.12091,-0.00112195,-0.120579,-0.337235,nan,-0.611777,-0.0703586,-0.437099,-0.0847317,0.0149088,-0.00164543,0.0491463,-1.24108
778,-37.7748,231.125,0.00129836,0,2.33333,0.161662,1.45673,0.000842521,-0.00877472,5.4008,3.90184e-05,0.0101059,0.380262,15091.2,0.56993,0.244321,-0.1,0.1,1,770.726,9.56006e+06,0.0570182,0.00135992,0,0.00256124,-0.111972,nan,-0.00648821,nan,nan,nan,nan,-0.0147531,-0.0498843,-0.0142755,nan,-0.104939,-0.000285714,-0.104595,-0.294887,nan,-0.658739,-0.0659361,-0.37963,-0.073375,0.012834,-0.00151723,0.0465179,-0.715422
779,-39.151,269.652,0.00131472,0.0416667,1.875,0.157038,1.48141,0.000889404,-0.0082312,5.39868,3.90184e-05,0.00615044,0.380198,15013.6,0.566147,0.252313,-0.1,0.1,1,771.546,9.57235e+06,0.0616534,0.00152521,0,0.0030699,-0.131677,nan,-0.00832565,nan,nan,nan,nan,-0.0180587,-0.0634725,-0.0183202,nan,-0.122625,-0.000586957,-0.12056,-0.353355,nan,-0.610846,-0.0700806,-0.445511,-0.0848696,0.014989,-0.00171174,0.0625,-0.471849
780,-45.5025,297.509,0.00128984,0.125,2.08333,0.158421,1.46922,0.000819542,-0.00836393,5.39699,3.90184e-05,0.0149861,0.38018,15193.5,0.559335,0.24943,-0.1,0.1,1,772.356,9.58464e+06,0.0685537,0.00176546,0,0.00329394,-0.144634,nan,-0.00887925,nan,nan,nan,nan,-0.0192132,-0.0666813,-0.019389,nan,-0.135404,-0.000603774,-0.129031,-0.376948,nan,-0.755183,-0.0789421,-0.488795,-0.0928113,0.0162998,-0.00187019,0.0656604,-0.744074
781,-46.1067,268.519,0.00129319,0.0416667,2.125,0.158876,1.46308,0.000822163,-0.00769787,5.39669,3.90184e-05,0.00857863,0.380171,15028.3,0.5608,0.256859,-0.1,0.1,1,773.175,9.59693e+06,0.0566385,0.0016356,0,0.00275651,-0.131034,nan,-0.00713115,nan,nan,nan,nan,-0.0162177,-0.0576668,-0.0163348,nan,-0.122203,-0.000307692,-0.113666,-0.34202,nan,-0.841754,-0.0718143,-0.447556,-0.0879615,0.0154478,-0.001781,0.0608654,-1.20401
782,-49.3998,312.463,0.00124527,0.0416667,2.20833,0.159863,1.4885,0.000887817,-0.00882945,5.39628,3.90184e-05,0.00686953,0.380152,15043.9,0.566896,0.249916,-0.1,0.1,1,773.993,9.60922e+06,0.0718283,0.00197604,0,0.00329185,-0.152265,nan,-0.00933481,nan,nan,nan,nan,-0.0197096,-0.0673484,-0.0203788,nan,-0.142254,-0.000907407,-0.13568,-0.391175,nan,-0.846371,-0.080667,-0.516944,-0.0974444,0.0174523,-0.00192238,0.0640741,-0.877275
783,-35.6446,230.304,0.00126439,0.0416667,1.875,0.165578,1.46602,0.000733321,-0.00772165,5.39582,5.85277e-05,0.00481668,0.380146,15191.5,0.563406,0.245466,-0.1,0.1,1,774.803,9.6215e+06,0.053204,0.00126935,0,0.00247495,-0.112877,nan,-0.00663696,nan,nan,nan,nan,-0.0157236,-0.0533017,-0.0148207,nan,-0.104896,-0.000652174,-0.0999591,-0.296426,nan,-0.584557,-0.0660122,-0.381551,-0.0717391,0.0123503,-0.00141725,0.0416304,-0.54272
784,-39.0212,254.821,0.00121538,0.0416667,2.29167,0.167762,1.49184,0.000723132,-0.00929058,5.39466,5.85277e-05,0.0119881,0.380064,15160.9,0.564386,0.24612,-0.1,0.1,1,775.615,9.63379e+06,0.0503834,0.00179296,0,0.00272442,-0.124217,nan,-0.00738536,nan,nan,nan,nan,-0.0168273,-0.0591328,-0.0167767,nan,-0.115831,-0.000357143,-0.107431,-0.320215,nan,-0.645303,-0.0711904,-0.42097,-0.0830357,0.0140243,-0.00162528,0.0634821,-0.745377
785,-41.4689,280.882,0.00139931,0.0416667,2.08333,0.161582,1.45265,0.000859033,-0.00969209,5.39289,5.85277e-05,0.0138473,0.38007,15036.9,0.566821,0.250369,-0.1,0.1,1,776.434,9.64608e+06,0.0637468,0.0018736,0,0.00299849,-0.136685,nan,-0.00861137,nan,nan,nan,nan,-0.0189898,-0.0656227,-0.0189652,nan,-0.12751,-0.000313725,-0.122887,-0.355697,nan,-0.66603,-0.0745798,-0.462777,-0.087549,0.0156994,-0.00175905,0.0630392,-0.619022
786,-39.0433,262.51,0.00119125,0.0416667,2,0.160159,1.47507,0.000755107,-0.00998754,5.39369,5.85277e-05,0.0124799,0.380095,15156.1,0.565124,0.245638,-0.1,0.1,1,777.246,9.65837e+06,0.0557923,0.00168483,0,0.00303209,-0.127778,nan,-0.00801429,nan,nan,nan,nan,-0.0172743,-0.058105,-0.0175146,nan,-0.119323,-0.00022449,-0.110066,-0.330112,nan,-0.630336,-0.0703026,-0.432651,-0.0830408,0.0141483,-0.00161842,0.0626531,-0.581817
787,-33.8464,217.98,0.00111147,0.0416667,2,0.159163,1.4912,0.000697903,-0.0114926,5.39357,5.85277e-05,0.0189036,0.38006,13954,0.595461,0.285149,-0.1,0.1,1,778.128,9.67066e+06,0.0509557,0.00124618,0,0.00244657,-0.106482,nan,-0.00575184,nan,nan,nan,nan,-0.0141632,-0.047716,-0.0139475,nan,-0.0994975,-0.000122449,-0.0915046,-0.280803,nan,-0.565624,-0.0597725,-0.361726,-0.0707143,0.0120698,-0.00137169,0.0464286,-0.845436
788,-36.3543,236,0.00142267,0,2.33333,0.156808,1.4497,0.000857202,-0.00967361,5.39156,5.85277e-05,0.0101976,0.379982,13918.1,0.610598,0.272278,-0.1,0.1,1,779.012,9.68294e+06,0.0538486,0.0014723,0,0.00258817,-0.114252,nan,-0.00784679,nan,nan,nan,nan,-0.0150663,-0.0504847,-0.015758,nan,-0.107591,-0.000607143,-0.100049,-0.300928,nan,-0.603519,-0.0640212,-0.389451,-0.0740357,0.0134525,-0.00136482,0.0435714,-0.545516
789,-29.5139,199.826,0.00131177,0.0416667,1.875,0.158523,1.48223,0.000781024,-0.00949242,5.38977,5.85277e-05,0.0149076,0.379975,13339.5,0.582185,0.338991,-0.1,0.1,1,779.935,9.69523e+06,0.0468536,0.00117151,0,0.0022885,-0.0980978,nan,-0.00582957,nan,nan,nan,nan,-0.0141952,-0.0502005,-0.0136536,nan,-0.0910049,-0.000391304,-0.0887459,-0.26387,nan,-0.460839,-0.0598888,-0.333228,-0.0639348,0.0108163,-0.00124535,0.0527174,-0.510815
790,-38.4864,258.674,0.00121334,0.0833333,1.83333,0.158407,1.51434,0.000709656,-0.0103514,5.38976,5.85277e-05,0.0114953,0.379976,11146.6,0.708794,0.393609,-0.1,0.1,1,781.041,9.70752e+06,0.0559365,0.00169356,0,0.00296231,-0.126438,nan,-0.00798087,nan,nan,nan,nan,-0.0171694,-0.0592893,-0.0172187,nan,-0.117955,-0.0005,-0.104651,-0.326176,nan,-0.616572,-0.0706288,-0.431075,-0.0845217,0.0145663,-0.00151841,0.0584783,-0.58467
791,-53.1667,328.133,0.00149191,0.0416667,1.83333,0.156742,1.46299,0.000803848,-0.00955153,5.38915,5.85277e-05,0.0165364,0.379949,12231,0.681577,0.323087,-0.1,0.1,1,782.048,9.71981e+06,0.0749267,0.00231555,0,0.00334877,-0.159454,nan,-0.00912711,nan,nan,nan,nan,-0.0203815,-0.0723429,-0.0202683,nan,-0.149132,-0.000577778,-0.137964,-0.414784,nan,-0.93737,-0.0855161,-0.537617,-0.101844,0.0177881,-0.00207991,0.0714444,-1.01082
792,-36.99,234.212,0.00115575,0,2.16667,0.156277,1.4712,0.000739649,-0.0098388,5.3875,5.85277e-05,0.0104344,0.379878,13404,0.632282,0.284456,-0.1,0.1,1,782.966,9.7321e+06,0.0489348,0.00121914,0,0.0024093,-0.114265,nan,-0.00701346,nan,nan,nan,nan,-0.0155286,-0.0522563,-0.0153141,nan,-0.106636,-0.000788462,-0.102236,-0.304599,nan,-0.620696,-0.0680015,-0.387417,-0.0755192,0.0131546,-0.0014278,0.0473077,-1.18077
793,-42.6721,246.5,0.0012454,0,2.16667,0.15881,1.51521,0.000755315,-0.010092,5.38582,5.85277e-05,0.0148915,0.379881,15140.7,0.575595,0.23599,-0.1,0.1,1,783.779,9.74438e+06,0.0602577,0.00163191,0,0.00253581,-0.119872,nan,-0.00671346,nan,nan,nan,nan,-0.0149875,-0.0518179,-0.0148768,nan,-0.112278,-0.000288462,-0.101421,-0.317395,nan,-0.786102,-0.0683122,-0.406057,-0.0770192,0.0130668,-0.001524,0.0461538,-0.714346
794,-36.6448,199.769,0.00128172,0,1.625,0.159897,1.47963,0.000774199,-0.00974953,5.38606,5.85277e-05,0.0138182,0.379866,13153.2,0.583114,0.351104,-0.1,0.1,1,784.714,9.75667e+06,0.0397405,0.0012439,0,0.00193154,-0.0979847,nan,-0.00500769,nan,nan,nan,nan,-0.011809,-0.040158,-0.0109827,nan,-0.0912618,-0.000974359,-0.0820399,-0.263989,nan,-0.680658,-0.0616214,-0.33317,-0.0642821,0.0111646,-0.00122018,0.0383333,-0.777811
795,-47.8565,305.245,0.00132424,0.0416667,2,0.156395,1.47091,0.000825667,-0.00975767,5.3849,5.85277e-05,0.0110002,0.379816,11618.3,0.676121,0.381523,-0.1,0.1,1,785.773,9.76896e+06,0.0620309,0.00181396,0,0.00311173,-0.150047,nan,-0.00913388,nan,nan,nan,nan,-0.0196862,-0.0700152,-0.019307,nan,-0.139264,-0.000755102,-0.127907,-0.399095,nan,-0.797677,-0.079306,-0.506872,-0.0992041,0.017184,-0.00194685,0.062449,-1.16814
796,-40.6907,246.267,0.00124757,0,1.875,0.155259,1.47457,0.000757982,-0.0103611,5.38371,5.85277e-05,0.00968738,0.379797,12491.1,0.647959,0.33578,-0.1,0.1,1,786.759,9.78125e+06,0.0604499,0.00137892,0,0.00243496,-0.120946,nan,-0.00687733,nan,nan,nan,nan,-0.015662,-0.0558779,-0.0154453,nan,-0.112409,-0.000288889,-0.107903,-0.319535,nan,-0.713488,-0.0687476,-0.408998,-0.0823333,0.0142033,-0.00153308,0.0477778,-1.17661
797,-39.4385,242.927,0.00129625,0.0416667,1.66667,0.154481,1.4604,0.00077466,-0.0102329,5.3827,5.85277e-05,0.00935286,0.379754,13070.9,0.627851,0.312255,-0.1,0.1,1,787.7,9.79354e+06,0.049894,0.00140205,0,0.00250533,-0.119415,nan,-0.00725317,nan,nan,nan,nan,-0.015493,-0.0533899,-0.0153859,nan,-0.110574,-0.000292683,-0.100858,-0.31501,nan,-0.682259,-0.0674915,-0.404851,-0.0800976,0.0136575,-0.00153837,0.0560976,-0.996879
798,-46.6473,290.707,0.00123215,0.0416667,1.66667,0.155794,1.47477,0.000806537,-0.0106728,5.38183,5.85277e-05,0.0150814,0.379757,12181.4,0.660306,0.348442,-0.1,0.1,1,788.711,9.80582e+06,0.0683811,0.00154151,0,0.00295894,-0.142267,nan,-0.00809902,nan,nan,nan,nan,-0.0187693,-0.0709534,-0.0182598,nan,-0.132298,-0.000585366,-0.121927,-0.371533,nan,-0.801212,-0.078205,-0.480592,-0.0924146,0.0156287,-0.00182886,0.0582927,-0.638783
799,-48.5972,276.953,0.00120583,0.0416667,1.75,0.155227,1.4721,0.000733488,-0.00877907,5.38098,5.85277e-05,0.0137638,0.379673,10882.8,0.692887,0.436238,-0.1,0.1,1,789.841,9.81811e+06,0.0559357,0.00171805,0,0.00264412,-0.135529,nan,-0.00726419,nan,nan,nan,nan,-0.0171115,-0.0608378,-0.0163481,nan,-0.126134,-0.000348837,-0.11686,-0.350134,nan,-0.891728,-0.0797768,-0.458188,-0.0922326,0.0156762,-0.00174067,0.0511628,-0.968761
800,-45.2466,270.521,0.00129491,0,2,0.155971,1.44921,0.000801299,-0.010691,5.3779,5.85277e-05,0.0183828,0.379606,12640.3,0.649466,0.322666,-0.1,0.1,1,790.815,9.8304e+06,0.0630525,0.00174061,0,0.00258998,-0.132939,nan,-0.00772542,nan,nan,nan,nan,-0.0166633,-0.0568148,-0.0170347,nan,-0.123134,-0.000208333,-0.122186,-0.346495,nan,-0.807981,-0.0722469,-0.448275,-0.0875833,0.0158861,-0.00170737,0.0496875,-0.7406
801,-37.8182,245.949,0.00130088,0,2.45833,0.157596,1.4285,0.000740795,-0.0104103,5.37657,5.85277e-05,0.0110966,0.379585,14591.9,0.563001,0.279113,-0.1,0.1,1,793.401,9.84269e+06,0.0622589,0.00156482,0,0.00250804,-0.121812,nan,-0.00774475,nan,nan,nan,nan,-0.0163266,-0.0590695,-0.0162258,nan,-0.112207,-0.000186441,-0.105741,-0.310668,nan,-0.634922,-0.0673371,-0.406321,-0.0775085,0.0136546,-0.00156195,0.05,-0.614064
802,-40.1368,248.962,0.0012082,0,2.16667,0.15879,1.46662,0.000747751,-0.0102043,5.37503,5.85277e-05,0.0135592,0.379485,11739.6,0.667947,0.378767,-0.1,0.1,1,794.449,9.85498e+06,0.060974,0.00159799,0,0.00251237,-0.12278,nan,-0.00733423,nan,nan,nan,nan,-0.0158047,-0.0566873,-0.0156368,nan,-0.113357,-0.000480769,-0.105052,-0.309994,nan,-0.705371,-0.067592,-0.412176,-0.0800385,0.0135824,-0.00153154,0.0538462,-0.725218
803,-50.7967,311.795,0.00126528,0.0833333,1.75,0.158884,1.46527,0.000795506,-0.00971644,5.37127,5.85277e-05,0.0131596,0.379378,11860.4,0.709352,0.326701,-0.1,0.1,1,795.488,9.86726e+06,0.0709708,0.00179126,0,0.00328673,-0.153406,nan,-0.00877,nan,nan,nan,nan,-0.0194265,-0.0704316,-0.0196193,nan,-0.142119,-0.000931818,-0.136282,-0.403767,nan,-0.888242,-0.082414,-0.517233,-0.101477,0.0179535,-0.00192036,0.0721591,-1.00544
804,-42.7552,269.396,0.00127833,0.0833333,1.91667,0.15806,1.46762,0.000743034,-0.0103027,5.36883,5.85277e-05,0.0125508,0.379315,13111,0.667597,0.269628,-0.1,0.1,1,796.426,9.87955e+06,0.0615224,0.00156564,0,0.00283739,-0.132374,nan,-0.00776125,nan,nan,nan,nan,-0.0172099,-0.0607338,-0.0169331,nan,-0.122664,-0.0001875,-0.121854,-0.347613,nan,-0.730944,-0.0723807,-0.445392,-0.0847708,0.0149543,-0.00172206,0.0586458,-0.91797
805,-31.067,188.167,0.0013038,0,1.5,0.157162,1.48038,0.000755249,-0.00981691,5.36707,5.85277e-05,0.01449,0.379279,12283.2,0.650189,0.350198,-0.1,0.1,1,797.428,9.89184e+06,0.0392081,0.0012387,0,0.00186286,-0.0947721,nan,-0.00546833,nan,nan,nan,nan,-0.0119519,-0.0420376,-0.0113977,nan,-0.0858604,-0.000527778,-0.0867707,-0.244573,nan,-0.535609,-0.0538007,-0.314513,-0.0636944,0.0116847,-0.00115592,0.0340278,-0.642541
806,-44.2639,307.583,0.00131593,0.0416667,1.45833,0.155338,1.4747,0.000796884,-0.010308,5.36645,5.85277e-05,0.0140549,0.379262,11632.4,0.682399,0.373957,-0.1,0.1,1,798.486,9.90413e+06,0.0771329,0.00203785,0,0.00339468,-0.15266,nan,-0.00927,nan,nan,nan,nan,-0.0206451,-0.0733007,-0.0204531,nan,-0.140411,-0.000388889,-0.135872,-0.385746,nan,-0.695337,-0.0816561,-0.507131,-0.0986389,0.0168041,-0.00188817,0.0727778,-0.743306
807,-43.7747,280.404,0.00133013,0,2.16667,0.155916,1.47754,0.000838316,-0.00971978,5.36617,5.85277e-05,0.0105256,0.379274,12149.6,0.657316,0.354072,-0.1,0.1,1,799.499,9.91642e+06,0.0708375,0.0016304,0,0.00282551,-0.138235,nan,-0.00798615,nan,nan,nan,nan,-0.0186422,-0.066973,-0.0183925,nan,-0.127593,-0.000923077,-0.123999,-0.364958,nan,-0.737153,-0.0747495,-0.465023,-0.0861346,0.01509,-0.00171591,0.0643269,-0.824317
808,-37.7791,247.271,0.00132305,0.0416667,1.95833,0.156641,1.45258,0.000801039,-0.00970911,5.36701,5.85277e-05,0.0114491,0.379309,12685.4,0.698399,0.270276,-0.1,0.1,1,800.469,9.9287e+06,0.0562675,0.00148522,0,0.00265402,-0.122223,nan,-0.00702375,nan,nan,nan,nan,-0.0162513,-0.0588312,-0.0160873,nan,-0.112383,-0.000395833,-0.114869,-0.317227,nan,-0.620973,-0.0653254,-0.408432,-0.077625,0.013704,-0.00156957,0.0590625,-1.32662
809,-49.3272,297.531,0.00139223,0.0416667,2,0.159922,1.47549,0.000845015,-0.0102797,5.36824,5.85277e-05,0.0119175,0.379367,12292.8,0.65869,0.340916,-0.1,0.1,1,801.47,9.94099e+06,0.0663145,0.00222936,0,0.00300427,-0.146835,nan,-0.00814245,nan,nan,nan,nan,-0.0189829,-0.0694983,-0.0182047,nan,-0.135791,-0.000408163,-0.126761,-0.381729,nan,-0.87252,-0.082784,-0.494344,-0.0970612,0.0166716,-0.00197731,0.070102,-0.923599
810,-34.5225,226.824,0.00133423,0,1.41667,0.160764,1.46718,0.000879549,-0.00975716,5.36894,5.85277e-05,0.0100788,0.379327,12456.7,0.653093,0.333361,-0.1,0.1,1,802.458,9.95328e+06,0.0516956,0.00138912,0,0.00255569,-0.111601,nan,-0.00645824,nan,nan,nan,nan,-0.0158275,-0.0587892,-0.0150572,nan,-0.103438,-0.000558824,-0.101105,-0.298444,nan,-0.55369,-0.0660546,-0.379417,-0.0746765,0.0132613,-0.00143848,0.0510294,-0.674343
811,-43.4718,288.833,0.00142085,0.0416667,1.95833,0.1586,1.47613,0.000804043,-0.0101982,5.36699,5.85277e-05,0.0117981,0.379264,12068.4,0.668088,0.350106,-0.1,0.1,1,803.477,9.96557e+06,0.066131,0.00170713,0,0.0028892,-0.141939,nan,-0.00862708,nan,nan,nan,nan,-0.0194916,-0.0686464,-0.0188083,nan,-0.131604,-0.000270833,-0.132689,-0.358196,nan,-0.715751,-0.0770953,-0.47451,-0.0935833,0.0163357,-0.00185985,0.061875,-0.762788
812,-29.5637,201.578,0.00122922,0,1.875,0.15963,1.49117,0.000693615,-0.0100026,5.36535,5.85277e-05,0.0175361,0.379248,13210,0.64747,0.282737,-0.1,0.1,1,804.409,9.97786e+06,0.0480786,0.00117372,0,0.00227298,-0.097901,nan,-0.00605156,nan,nan,nan,nan,-0.0146979,-0.0508971,-0.0136214,nan,-0.0915188,-0.000311111,-0.0958429,-0.256211,nan,-0.465308,-0.0649661,-0.33249,-0.0630889,0.0111037,-0.00134344,0.05,-0.411363
813,-35.9425,240.867,0.00122093,0.0833333,1.79167,0.163502,1.44269,0.000745755,-0.00960233,5.36517,5.85277e-05,0.0102867,0.379237,12040.7,0.669756,0.350782,-0.1,0.1,1,805.431,9.99014e+06,0.0574668,0.00155841,0,0.00258247,-0.117158,nan,-0.00737244,nan,nan,nan,nan,-0.0164693,-0.0580841,-0.0159462,nan,-0.109512,-0.000244444,-0.103843,-0.309518,nan,-0.583727,-0.0681946,-0.397215,-0.0728889,0.0131599,-0.00149847,0.0528889,-0.473314
814,-35.9917,228.065,0.00124452,0.0416667,1.875,0.162286,1.45748,0.000729307,-0.00987655,5.36504,5.85277e-05,0.0159937,0.379256,12269.1,0.65507,0.346469,-0.1,0.1,1,806.435,1.00024e+07,0.0472134,0.00140881,0,0.0024159,-0.111409,nan,-0.00652696,nan,nan,nan,nan,-0.0151516,-0.0550311,-0.0143689,nan,-0.103513,-0.000304348,-0.102894,-0.290881,nan,-0.604354,-0.0611778,-0.377252,-0.0733913,0.0125115,-0.00140953,0.0495652,-0.72863
815,-43.2814,262.561,0.00113813,0.0416667,1.66667,0.157865,1.445,0.000707791,-0.0106012,5.36521,3.90184e-05,0.0221363,0.379243,12923.2,0.678719,0.272126,-0.1,0.1,1,807.387,1.00147e+07,0.0667644,0.0018243,0,0.00266852,-0.128374,nan,-0.00714537,nan,nan,nan,nan,-0.0164044,-0.0592999,-0.015982,nan,-0.119208,-0.000146341,-0.118651,-0.332229,nan,-0.770247,-0.0712822,-0.431594,-0.0850732,0.0149402,-0.00169052,0.055,-0.758179
816,-39.5741,284.974,0.0013735,0,1.58333,0.156214,1.49672,0.000763497,-0.00860843,5.36459,3.90184e-05,0.0136614,0.379223,13499.8,0.588675,0.321558,-0.1,0.1,1,808.299,1.0027e+07,0.0634247,0.00171224,0,0.00347995,-0.14025,nan,-0.00876421,nan,nan,nan,nan,-0.0206267,-0.0742059,-0.0199029,nan,-0.129857,-0.000342105,-0.121757,-0.352606,nan,-0.587504,-0.083682,-0.47148,-0.0877105,0.0160263,-0.0017986,0.0577632,-0.391852
817,-49.4129,296.492,0.00118821,0.0416667,2.5,0.15795,1.43153,0.000813497,-0.00832782,5.36409,3.90184e-05,0.0116312,0.379224,11773.8,0.678282,0.365389,-0.1,0.1,1,809.344,1.00393e+07,0.0605529,0.00195662,0,0.00301958,-0.146136,nan,-0.00810754,nan,nan,nan,nan,-0.0181153,-0.0651513,-0.0181835,nan,-0.134749,-0.000409836,-0.135476,-0.375395,nan,-0.880211,-0.0784779,-0.488063,-0.0942131,0.0167359,-0.0018986,0.0640984,-0.956158
818,-39.549,248.273,0.00124329,0,2.29167,0.162873,1.46807,0.000820845,-0.00931251,5.36415,3.90184e-05,0.00776531,0.37921,11919.7,0.685053,0.345846,-0.1,0.1,1,810.377,1.00516e+07,0.0505242,0.00159501,0,0.00265256,-0.121116,nan,-0.007088,nan,nan,nan,nan,-0.015878,-0.0578915,-0.0156577,nan,-0.112912,-0.0004,-0.111045,-0.317529,nan,-0.674984,-0.0657966,-0.408439,-0.0804545,0.0139217,-0.00153383,0.0526364,-0.990495
819,-42.8009,297.294,0.00133198,0,1.41667,0.155897,1.47079,0.00081005,-0.00892809,5.3636,3.90184e-05,0.01399,0.379195,12792.4,0.657988,0.30258,-0.1,0.1,1,811.339,1.00639e+07,0.0663103,0.00199004,0,0.00314724,-0.145221,nan,-0.00894353,nan,nan,nan,nan,-0.020731,-0.0740766,-0.0205488,nan,-0.134851,-0.000941176,-0.13624,-0.375508,nan,-0.672735,-0.0805305,-0.487496,-0.0939706,0.0160963,-0.00198287,0.0719118,-0.518219
820,-44.3525,262.911,0.0011987,0,1.875,0.14964,1.47575,0.000699204,-0.00752873,5.3625,3.90184e-05,0.00854748,0.379142,14511.4,0.610478,0.236304,-0.1,0.1,1,812.187,1.00762e+07,0.0594459,0.00136676,0,0.00258193,-0.128926,nan,-0.00672133,nan,nan,nan,nan,-0.0172201,-0.0613527,-0.0156965,nan,-0.119747,-0.0012,-0.118959,-0.339978,nan,-0.782885,-0.0786227,-0.435898,-0.0856,0.0149361,-0.00173373,0.0514444,-0.76429
821,-48.0878,288.227,0.00136685,0.125,1.70833,0.15798,1.45575,0.000764395,-0.00846249,5.36068,3.90184e-05,0.00871052,0.379088,13632.2,0.568064,0.333332,-0.1,0.1,1,813.09,1.00884e+07,0.0650168,0.00195026,0,0.00274044,-0.141975,nan,-0.00803636,nan,nan,nan,nan,-0.0177127,-0.0630189,-0.0177597,nan,-0.130719,-0.000295455,-0.134566,-0.36299,nan,-0.858142,-0.0772129,-0.471999,-0.0885682,0.0158026,-0.00192792,0.0543182,-0.931123
822,-44.7843,275.644,0.0012259,0.0416667,1.83333,0.155919,1.47419,0.000719365,-0.00821128,5.35963,3.90184e-05,0.00623551,0.379083,11551.3,0.687311,0.376467,-0.1,0.1,1,814.155,1.01007e+07,0.0483245,0.00170993,0,0.00271716,-0.135597,nan,-0.00796489,nan,nan,nan,nan,-0.0175252,-0.0615434,-0.0172403,nan,-0.125289,-0.000155556,-0.134653,-0.34804,nan,-0.771019,-0.0764348,-0.453027,-0.0870667,0.0160663,-0.00170441,0.0588889,-0.833545
823,-45.7524,254.838,0.00136088,0.0416667,1.5,0.153729,1.49867,0.000801865,-0.00832874,5.35959,3.90184e-05,0.0077074,0.379071,12337.8,0.669742,0.326219,-0.1,0.1,1,815.153,1.0113e+07,0.0644997,0.00157217,0,0.00236414,-0.12472,nan,-0.00656865,nan,nan,nan,nan,-0.0156945,-0.0558334,-0.0148409,nan,-0.115731,-0.000324324,-0.122172,-0.32906,nan,-0.854016,-0.0718917,-0.423417,-0.0831622,0.0143154,-0.00154095,0.0522973,-1.07667
824,-46.9282,304.577,0.00132481,0.0416667,2.125,0.157886,1.46856,0.00081787,-0.00857225,5.35914,3.90184e-05,0.00872613,0.379065,13558.3,0.636412,0.269894,-0.1,0.1,1,816.061,1.01253e+07,0.0727742,0.00197498,0,0.00327846,-0.150256,nan,-0.00887731,nan,nan,nan,nan,-0.0198942,-0.0722503,-0.0199426,nan,-0.138877,-0.000211538,-0.136875,-0.388721,nan,-0.784155,-0.0809244,-0.504231,-0.0942885,0.0175926,-0.00194538,0.0655769,-0.690019
825,-44.2699,250.439,0.00120728,0,1.70833,0.155498,1.48559,0.000714322,-0.00842125,5.35929,3.90184e-05,0.0141622,0.379085,15238.1,0.566922,0.239478,-0.1,0.1,1,816.868,1.01376e+07,0.0654963,0.0017546,0,0.00244389,-0.121311,nan,-0.00672195,nan,nan,nan,nan,-0.0149837,-0.0525577,-0.0144605,nan,-0.113614,-0.000658537,-0.123636,-0.314938,nan,-0.832703,-0.0717415,-0.407515,-0.076439,0.0136279,-0.00163131,0.0513415,-1.14361
826,-48.0284,294.844,0.00131817,0.0416667,1.83333,0.155311,1.47517,0.000794646,-0.00917298,5.35949,3.90184e-05,0.0122604,0.379062,14736.6,0.566285,0.267558,-0.1,0.1,1,817.703,1.01499e+07,0.0721603,0.0017729,0,0.0028199,-0.142641,nan,-0.00824578,nan,nan,nan,nan,-0.0190055,-0.067639,-0.0183077,nan,-0.134044,-0.000622222,-0.141762,-0.378282,nan,-0.848737,-0.0795556,-0.487618,-0.0940444,0.01704,-0.00188056,0.072,-0.93104
827,-36.5358,230.219,0.0012894,0,1.33333,0.152834,1.48805,0.000657207,-0.00918184,5.35841,3.90184e-05,0.0120589,0.379031,11151.3,0.675582,0.426356,-0.1,0.1,1,818.807,1.01622e+07,0.0596585,0.00143021,0,0.00238127,-0.11498,nan,-0.00635438,nan,nan,nan,nan,-0.0155277,-0.0526923,-0.0144569,nan,-0.105227,-0.000375,-0.106428,-0.295439,nan,-0.624723,-0.0688759,-0.384406,-0.0728125,0.0129042,-0.00148516,0.0529687,-0.492533
828,-46.439,287.568,0.00130175,0.0416667,1.79167,0.155205,1.47274,0.00077125,-0.00859398,5.35764,3.90184e-05,0.0116082,0.379013,12231.5,0.678886,0.325731,-0.1,0.1,1,819.814,1.01745e+07,0.0648425,0.00181782,0,0.00299966,-0.141996,nan,-0.00794636,nan,nan,nan,nan,-0.0183557,-0.0667818,-0.0182193,nan,-0.130627,-0.000409091,-0.140679,-0.366673,nan,-0.800438,-0.0794683,-0.472355,-0.0903636,0.0159247,-0.00177227,0.0653409,-0.859833
829,-37.4211,239.196,0.00112998,0.0416667,1.875,0.157071,1.49188,0.000762357,-0.00935862,5.35679,3.90184e-05,0.0119341,0.378987,12844.7,0.660428,0.296234,-0.1,0.1,1,820.772,1.01868e+07,0.0604593,0.00133166,0,0.00240458,-0.117777,nan,-0.00712565,nan,nan,nan,nan,-0.0157632,-0.0539818,-0.0156789,nan,-0.108788,-0.000217391,-0.115254,-0.311273,nan,-0.626016,-0.0701486,-0.392964,-0.078,0.0137494,-0.00150193,0.0518478,-0.993157
830,-46.3335,262.545,0.00132175,0,2.75,0.155624,1.54081,0.000831308,-0.00807383,5.35566,3.90184e-05,0.00921769,0.378932,14391.7,0.613193,0.240633,-0.1,0.1,1,821.627,1.0199e+07,0.0589436,0.00168533,0,0.00241536,-0.129201,nan,-0.00680879,nan,nan,nan,nan,-0.016282,-0.0594923,-0.015323,nan,-0.119214,-0.00030303,-0.127102,-0.339037,nan,-0.848598,-0.077514,-0.433406,-0.0838939,0.0149515,-0.0016726,0.052197,-0.891092
831,-50.7045,296.438,0.00141871,0,2,0.153427,1.51126,0.000930033,-0.00860101,5.3537,3.90184e-05,0.0106372,0.378882,15145.3,0.573713,0.237627,-0.1,0.1,1,822.439,1.02113e+07,0.0682712,0.00173868,0,0.0029655,-0.147189,nan,-0.00820333,nan,nan,nan,nan,-0.0181458,-0.0658248,-0.018532,nan,-0.135021,-0.000333333,-0.145833,-0.385628,nan,-0.911157,-0.0800752,-0.489405,-0.094,0.0167812,-0.00188448,0.0628125,-1.27929
832,-32.3365,209.339,0.00134231,0.0416667,2.29167,0.160583,1.54683,0.000873545,-0.00851503,5.35205,3.90184e-05,0.00963209,0.378814,13708,0.57003,0.326382,-0.1,0.1,1,823.337,1.02236e+07,0.0516277,0.00126172,0,0.00234314,-0.103488,nan,-0.00573357,nan,nan,nan,nan,-0.0144741,-0.0480353,-0.0133594,nan,-0.0953965,-0.000196429,-0.104782,-0.268933,nan,-0.530493,-0.0643527,-0.346349,-0.061625,0.0114624,-0.00139278,0.0483036,-0.820005
833,-35.3246,223.122,0.00123409,0.0416667,1.66667,0.159924,1.52126,0.000776258,-0.00815661,5.35002,3.90184e-05,0.0102445,0.378771,11583.1,0.679326,0.381526,-0.1,0.1,1,824.399,1.02359e+07,0.045192,0.0014854,0,0.00252216,-0.110207,nan,-0.0060522,nan,nan,nan,nan,-0.0148432,-0.0501443,-0.0141658,nan,-0.101362,-0.000317073,-0.107068,-0.278695,nan,-0.593949,-0.0610855,-0.366855,-0.0691951,0.0122395,-0.00146997,0.0417073,-0.963129
834,-43.7705,305.6,0.00146043,0.0416667,1.41667,0.154933,1.54391,0.000891493,-0.00853226,5.34885,3.90184e-05,0.00977034,0.378728,12361.8,0.660259,0.333773,-0.1,0.1,1,825.395,1.02482e+07,0.0613047,0.00179284,0,0.0033303,-0.150494,nan,-0.00883371,nan,nan,nan,nan,-0.0220442,-0.0808523,-0.0205696,nan,-0.139008,-0.000457143,-0.153553,-0.388487,nan,-0.666681,-0.0839052,-0.50251,-0.0972571,0.0169148,-0.00201564,0.0781429,-0.388996
835,-50.9935,315.041,0.00127842,0.0833333,1.95833,0.153671,1.52627,0.000701444,-0.00838734,5.34758,3.90184e-05,0.00781614,0.378708,13133.9,0.677813,0.257785,-0.1,0.1,1,826.332,1.02605e+07,0.0789108,0.00162489,0,0.00312024,-0.155299,nan,-0.00866531,nan,nan,nan,nan,-0.0207812,-0.0757225,-0.0201716,nan,-0.143476,-0.000204082,-0.157439,-0.409364,nan,-0.878439,-0.0879339,-0.520106,-0.0986735,0.0175287,-0.0020344,0.075,-0.80333
836,-39.9704,247.642,0.00136677,0.125,2.08333,0.16101,1.49421,0.000869251,-0.00832958,5.34697,3.90184e-05,0.00811845,0.378678,14908.1,0.587732,0.236519,-0.1,0.1,1,827.158,1.02728e+07,0.0599404,0.00151131,0,0.00280027,-0.122401,nan,-0.0065883,nan,nan,nan,nan,-0.0161593,-0.0562046,-0.0150642,nan,-0.112516,-0.000339623,-0.120365,-0.320274,nan,-0.687811,-0.0724846,-0.405934,-0.077283,0.0142402,-0.00158632,0.0518868,-1.50901
837,-50.6677,324.864,0.00135468,0.208333,2.25,0.162239,1.4846,0.000849243,-0.00765569,5.34582,3.90184e-05,0.00930848,0.378641,15234.7,0.559914,0.246664,-0.1,0.1,1,827.966,1.02851e+07,0.071068,0.00152422,0,0.00351821,-0.159179,nan,-0.00914407,nan,nan,nan,nan,-0.0213763,-0.0794481,-0.0211938,nan,-0.147577,-0.000932203,-0.151505,-0.415416,nan,-0.843074,-0.0838109,-0.537582,-0.10478,0.0177509,-0.00207809,0.0747458,-0.818751
838,-43.9603,273.412,0.00134011,0.0833333,2.04167,0.16066,1.5323,0.000836062,-0.00802122,5.34472,3.90184e-05,0.00994048,0.378605,11794.7,0.670833,0.37099,-0.1,0.1,1,829.009,1.02973e+07,0.0554107,0.00160734,0,0.00288921,-0.134488,nan,-0.00768824,nan,nan,nan,nan,-0.0180579,-0.0634046,-0.0173711,nan,-0.124352,-0.00027451,-0.13008,-0.343675,nan,-0.749155,-0.0778521,-0.452017,-0.085,0.0155174,-0.00181862,0.0566667,-0.796046
839,-32.016,212.622,0.00158404,0,1.875,0.159273,1.52134,0.000942036,-0.00897076,5.34348,3.90184e-05,0.00831701,0.378559,12101.3,0.688784,0.326641,-0.1,0.1,1,830.026,1.03096e+07,0.0514632,0.0011285,0,0.00266382,-0.106133,nan,-0.00615067,nan,nan,nan,nan,-0.0147862,-0.0504406,-0.0139552,nan,-0.0970843,-0.000133333,-0.102084,-0.28207,nan,-0.496425,-0.0653943,-0.353716,-0.0685111,0.0124825,-0.00131223,0.047,-0.516079
840,-45.6928,274.704,0.00133036,0.0416667,2.20833,0.160678,1.51147,0.000873013,-0.00830975,5.34287,3.90184e-05,0.00842865,0.378595,12199.3,0.67414,0.333132,-0.1,0.1,1,831.034,1.03219e+07,0.0644254,0.00152138,0,0.00273234,-0.135055,nan,-0.00760148,nan,nan,nan,nan,-0.0178871,-0.0630791,-0.0168923,nan,-0.124709,-0.000611111,-0.140322,-0.359277,nan,-0.800604,-0.0782703,-0.450017,-0.0856481,0.0150227,-0.00170143,0.0672222,-0.831006
841,-43.1985,272.25,0.00138735,0.0416667,1.95833,0.159133,1.49609,0.000810972,-0.00827181,5.34396,3.90184e-05,0.00911338,0.378598,14176.6,0.626311,0.240472,-0.1,0.1,1,831.903,1.03342e+07,0.0635141,0.00155211,0,0.00307181,-0.134324,nan,-0.00781042,nan,nan,nan,nan,-0.0176646,-0.0605359,-0.0173162,nan,-0.12407,-0.000791667,-0.123217,-0.350465,nan,-0.736875,-0.0709948,-0.453513,-0.0855208,0.0149236,-0.00158494,0.0626042,-0.967262
842,-33.4262,214.16,0.00126065,0,2.08333,0.160764,1.48436,0.00088686,-0.00793523,5.34367,5.85277e-05,0.0041301,0.378601,15369.7,0.562268,0.237227,-0.1,0.1,1,832.703,1.03465e+07,0.0462059,0.00138037,0,0.00239418,-0.104347,nan,-0.006076,nan,nan,nan,nan,-0.0145307,-0.047504,-0.0136222,nan,-0.0975497,-0.00014,-0.101939,-0.271971,nan,-0.554395,-0.0625915,-0.351682,-0.06532,0.0111204,-0.00147074,0.0443,-0.835715
843,-43.1857,262.758,0.00120993,0.0833333,2.5,0.159171,1.46859,0.000741574,-0.00974039,5.3445,5.85277e-05,0.00825651,0.378653,11988.6,0.663497,0.36148,-0.1,0.1,1,833.73,1.03588e+07,0.0597345,0.00145157,0,0.00280052,-0.129084,nan,-0.00702194,nan,nan,nan,nan,-0.0172333,-0.0599477,-0.0163329,nan,-0.119369,-0.000435484,-0.127428,-0.333349,nan,-0.752406,-0.0745372,-0.432828,-0.0807419,0.0133038,-0.00166157,0.0560484,-0.724614
844,-36.9585,217.5,0.00143188,0.0833333,1.66667,0.159793,1.47094,0.00085596,-0.00894963,5.34582,5.85277e-05,0.0122004,0.378675,11390.3,0.681594,0.397221,-0.1,0.1,1,834.81,1.03711e+07,0.0512717,0.00137934,0,0.00211801,-0.106322,nan,-0.00598571,nan,nan,nan,nan,-0.0141944,-0.0475594,-0.0129672,nan,-0.0987026,-0.000380952,-0.112458,-0.2756,nan,-0.669072,-0.0647784,-0.354953,-0.0662857,0.0117828,-0.00129268,0.0504762,-0.940819
845,-37.5654,257.375,0.00128051,0.125,2.20833,0.161168,1.48358,0.0008567,-0.0105893,5.34581,5.85277e-05,0.0167329,0.378657,12447.1,0.660678,0.326537,-0.1,0.1,1,835.799,1.03834e+07,0.0614342,0.00144253,0,0.00309354,-0.126279,nan,-0.00729036,nan,nan,nan,nan,-0.0185876,-0.0652963,-0.0175207,nan,-0.117021,-0.000553571,-0.12394,-0.330239,nan,-0.58029,-0.0764328,-0.423682,-0.0781607,0.0128076,-0.0016547,0.0570536,-0.528142
846,-49.279,272.5,0.00137933,0.0416667,2.20833,0.157599,1.46431,0.000889195,-0.00993947,5.34451,5.85277e-05,0.0147855,0.378624,13039.4,0.644875,0.297501,-0.1,0.1,1,836.743,1.03956e+07,0.0607399,0.00165452,0,0.00269667,-0.134034,nan,-0.00633852,nan,nan,nan,nan,-0.0165889,-0.0574118,-0.0151411,nan,-0.123851,-0.000148148,-0.133552,-0.344452,nan,-0.922067,-0.0761873,-0.449946,-0.0840741,0.0141213,-0.00167246,0.0575,-0.976976
847,-36.2347,227.348,0.00138132,0,1.91667,0.157737,1.46557,0.000863054,-0.0100873,5.3439,5.85277e-05,0.0161733,0.378633,15121.9,0.567699,0.244895,-0.1,0.1,1,837.557,1.04079e+07,0.0543643,0.00131226,0,0.00230559,-0.11115,nan,-0.00621652,nan,nan,nan,nan,-0.0150781,-0.0491985,-0.0143526,nan,-0.10312,-0.000304348,-0.111738,-0.290572,nan,-0.612751,-0.0673924,-0.373402,-0.0688043,0.0116098,-0.00138237,0.0490217,-0.53609
848,-42.6427,263.578,0.00135127,0,1.875,0.159406,1.49789,0.000899194,-0.00994302,5.34357,5.85277e-05,0.014547,0.378572,15176.2,0.564789,0.2449,-0.1,0.1,1,838.368,1.04202e+07,0.0606256,0.0017479,0,0.00285264,-0.129873,nan,-0.00699467,nan,nan,nan,nan,-0.0173085,-0.0590307,-0.0159938,nan,-0.120109,-0.0004,-0.127068,-0.341345,nan,-0.727684,-0.0758489,-0.435959,-0.0809333,0.013561,-0.00161532,0.0566667,-0.955687
849,-45.2162,280.633,0.00150716,0.0833333,1.95833,0.163808,1.46804,0.000991412,-0.00927756,5.34124,5.85277e-05,0.00750333,0.378509,11914.9,0.649552,0.381759,-0.1,0.1,1,839.4,1.04325e+07,0.0645886,0.00177107,0,0.00298215,-0.138744,nan,-0.0072902,nan,nan,nan,nan,-0.018374,-0.0624468,-0.0178324,nan,-0.127637,-0.00055102,-0.135392,-0.359304,nan,-0.780845,-0.0781161,-0.462211,-0.0857959,0.014822,-0.00192644,0.0665306,-0.945286
850,-38.2944,248.354,0.00131828,0.0416667,2.66667,0.16195,1.45799,0.000839072,-0.0102288,5.34012,5.85277e-05,0.0130627,0.378519,11041.4,0.761613,0.351289,-0.1,0.1,1,840.515,1.04448e+07,0.0579813,0.00142229,0,0.00286049,-0.122465,nan,-0.00717538,nan,nan,nan,nan,-0.0169842,-0.0583887,-0.0161195,nan,-0.112934,-0.0002,-0.12552,-0.320268,nan,-0.618903,-0.0763831,-0.409813,-0.076,0.013101,-0.00152707,0.0553846,-0.597907
851,-30.1902,181.058,0.00125719,0,2.16667,0.162825,1.48342,0.000907783,-0.00981529,5.34066,5.85277e-05,0.0129629,0.378534,11768.5,0.712501,0.331641,-0.1,0.1,1,841.56,1.04571e+07,0.0414466,0.00118301,0,0.00194969,-0.0894482,nan,-0.00482923,nan,nan,nan,nan,-0.0121633,-0.0389317,-0.0109275,nan,-0.0824244,-0.000557692,-0.0889895,-0.230033,nan,-0.525937,-0.0561899,-0.300057,-0.054,0.00927506,-0.00111237,0.0361538,-0.600421
852,-40.3354,240.167,0.00139751,0,1.75,0.161074,1.4589,0.000948643,-0.00920338,5.34088,5.85277e-05,0.015008,0.378548,12214,0.73962,0.266436,-0.1,0.1,1,842.568,1.04694e+07,0.056129,0.00139042,0,0.00254366,-0.118033,nan,-0.0066019,nan,nan,nan,nan,-0.0149246,-0.048938,-0.0144815,nan,-0.109055,-0.000214286,-0.11882,-0.303688,nan,-0.723335,-0.0691506,-0.393135,-0.0702857,0.0124651,-0.00146083,0.0567857,-0.923766
853,-45.3225,261.696,0.00152012,0,1.91667,0.158007,1.48875,0.000958047,-0.0104339,5.34112,5.85277e-05,0.00948424,0.378545,14489.9,0.605101,0.242939,-0.1,0.1,1,843.417,1.04817e+07,0.0585586,0.00158434,0,0.00265924,-0.129272,nan,-0.00669348,nan,nan,nan,nan,-0.0155325,-0.0567296,-0.0157661,nan,-0.118757,-0.000217391,-0.137704,-0.337858,nan,-0.823485,-0.0733619,-0.428228,-0.0811304,0.0131415,-0.00167683,0.0634783,-0.633868
854,-39.9688,260.185,0.00131897,0.0833333,2.625,0.157337,1.48399,0.000924952,-0.010495,5.33993,5.85277e-05,0.0117761,0.378465,14958.7,0.578262,0.243202,-0.1,0.1,1,844.24,1.0494e+07,0.0545056,0.00166988,0,0.00304268,-0.128538,nan,-0.00726862,nan,nan,nan,nan,-0.0172119,-0.0587801,-0.0166222,nan,-0.118325,-0.000138462,-0.124217,-0.331151,nan,-0.651386,-0.0723814,-0.426828,-0.0807385,0.0132297,-0.00164876,0.0592308,-0.560691
855,-32.3839,210.891,0.00144769,0.0416667,1.875,0.15333,1.48594,0.000918751,-0.00967568,5.3369,5.85277e-05,0.0102415,0.378369,14800.5,0.584234,0.246006,-0.1,0.1,1,845.071,1.05062e+07,0.0508636,0.0012828,0,0.00237821,-0.10479,nan,-0.00578957,nan,nan,nan,nan,-0.0139362,-0.0461416,-0.0135019,nan,-0.0960392,-0.000347826,-0.10627,-0.266736,nan,-0.536378,-0.0589299,-0.344984,-0.0617391,0.0104089,-0.00125623,0.0504348,-0.446905
856,-36.2971,251.242,0.00141414,0.0416667,2.54167,0.156755,1.49083,0.000894692,-0.0100736,5.33445,5.85277e-05,0.0106558,0.37834,14851.6,0.580749,0.246639,-0.1,0.1,1,845.9,1.05185e+07,0.0549975,0.00149371,0,0.00311899,-0.123637,nan,-0.00714548,nan,nan,nan,nan,-0.01759,-0.0598435,-0.0167895,nan,-0.114065,-0.000177419,-0.123961,-0.309165,nan,-0.56117,-0.0715367,-0.412156,-0.0762903,0.0123319,-0.00161189,0.0608065,-0.650559
857,-37.9286,227.178,0.00144681,0,1.875,0.15992,1.43358,0.0009382,-0.0104747,5.33384,5.85277e-05,0.0132045,0.378307,14926.5,0.575007,0.248229,-0.1,0.1,1,846.725,1.05308e+07,0.053596,0.00147063,0,0.00237092,-0.111009,nan,-0.00629289,nan,nan,nan,nan,-0.0143428,-0.0480912,-0.0138012,nan,-0.102804,-0.000133333,-0.113883,-0.279649,nan,-0.678938,-0.0632786,-0.369133,-0.0656444,0.0109654,-0.00138024,0.0478889,-0.649527
858,-35.3463,210.106,0.00152615,0.0833333,1.875,0.162095,1.42824,0.00100346,-0.00904925,5.33193,5.85277e-05,0.0141398,0.378247,14987.4,0.566037,0.253853,-0.1,0.1,1,847.546,1.05431e+07,0.0451206,0.00127141,0,0.00235587,-0.103313,nan,-0.00552213,nan,nan,nan,nan,-0.013169,-0.041215,-0.0125218,nan,-0.0955231,-0.000148936,-0.0996112,-0.261472,nan,-0.629887,-0.0588117,-0.343765,-0.0629362,0.00982973,-0.00127834,0.0440426,-0.945116
859,-41.7968,245.286,0.00140098,0.0416667,2.29167,0.158576,1.42493,0.000873432,-0.00996813,5.32992,5.85277e-05,0.0163833,0.378191,14745.2,0.581078,0.252278,-0.1,0.1,1,848.381,1.05554e+07,0.0565662,0.00190919,0,0.00270741,-0.121133,nan,-0.00646143,nan,nan,nan,nan,-0.0150882,-0.0518186,-0.0150252,nan,-0.111461,-0.000410714,-0.123187,-0.310334,nan,-0.750821,-0.0678631,-0.401973,-0.074375,0.0123613,-0.00154618,0.0540179,-1.03231
860,-33.3253,233.25,0.00128909,0,2,0.155743,1.46792,0.00082673,-0.00958868,5.32869,5.85277e-05,0.0106263,0.378182,14672.5,0.579809,0.257676,-0.1,0.1,1,849.219,1.05677e+07,0.0441845,0.00151647,0,0.00284316,-0.114332,nan,-0.00689125,nan,nan,nan,nan,-0.0160892,-0.0536651,-0.0158482,nan,-0.105699,-0.000375,-0.113078,-0.297455,nan,-0.502873,-0.0656287,-0.38245,-0.066875,0.0117562,-0.00147269,0.055,-0.621377
861,-36.1522,206.619,0.00141858,0,1.75,0.15407,1.4636,0.000846463,-0.00964712,5.32819,5.85277e-05,0.0116383,0.37815,14722.7,0.584624,0.250005,-0.1,0.1,1,850.055,1.058e+07,0.0431473,0.00155251,0,0.00209044,-0.101807,nan,-0.00526524,nan,nan,nan,nan,-0.013343,-0.0422838,-0.0119279,nan,-0.0935848,-0.000642857,-0.114749,-0.260176,nan,-0.652684,-0.0657951,-0.339657,-0.0624286,0.0107655,-0.0013589,0.0432143,-0.856049
862,-29.7469,212.321,0.00122393,0,2.20833,0.149936,1.45356,0.000785388,-0.00986335,5.3268,5.85277e-05,0.0155714,0.378088,14944.1,0.573,0.249265,-0.1,0.1,1,850.879,1.05923e+07,0.0442435,0.00135718,0,0.00278468,-0.104958,nan,-0.00612981,nan,nan,nan,nan,-0.0159698,-0.0539865,-0.0145023,nan,-0.0966152,-0.000150943,-0.10201,-0.273657,nan,-0.430056,-0.0659421,-0.349446,-0.0627547,0.0105046,-0.00134771,0.0508491,-0.518266
863,-43.3236,292.692,0.00121046,0.0833333,1.54167,0.155234,1.45871,0.000780199,-0.0101184,5.32393,5.85277e-05,0.0140046,0.377965,15043.2,0.568279,0.24857,-0.1,0.1,1,851.697,1.06045e+07,0.0680843,0.00196399,0,0.00342319,-0.144562,nan,-0.00825282,nan,nan,nan,nan,-0.0195907,-0.0683604,-0.0194061,nan,-0.13327,-0.000948718,-0.138678,-0.37642,nan,-0.684525,-0.0810126,-0.48217,-0.0888205,0.0138427,-0.00180396,0.0732051,-0.439482
864,-46.8451,296.952,0.00142876,0.0416667,1.70833,0.154324,1.43155,0.000846274,-0.0106399,5.32041,5.85277e-05,0.0170951,0.37788,14763.9,0.584464,0.247835,-0.1,0.1,1,852.531,1.06168e+07,0.0709485,0.00176469,0,0.00308084,-0.146632,nan,-0.00831571,nan,nan,nan,nan,-0.0195503,-0.0673155,-0.0196894,nan,-0.135278,-0.000452381,-0.144336,-0.378868,nan,-0.784625,-0.0862523,-0.489225,-0.0932619,0.0149667,-0.00186659,0.0675,-0.749092
865,-33.0513,199.677,0.00135138,0,1.29167,0.15428,1.4429,0.00087834,-0.0117628,5.31857,5.85277e-05,0.0160974,0.377844,15193.2,0.563249,0.245533,-0.1,0.1,1,853.341,1.06291e+07,0.0414843,0.00131259,0,0.00212546,-0.0987288,nan,-0.00542258,nan,nan,nan,nan,-0.0132957,-0.0445018,-0.0122684,nan,-0.0905845,-0.000258065,-0.0972596,-0.255315,nan,-0.569069,-0.0612969,-0.328492,-0.0579355,0.00986858,-0.0012256,0.0380645,-0.850677
866,-40.0429,254.868,0.00129729,0,2.20833,0.15243,1.4564,0.00083546,-0.0105555,5.31736,5.85277e-05,0.0116539,0.377811,14989.8,0.571487,0.248271,-0.1,0.1,1,854.162,1.06414e+07,0.065796,0.00147367,0,0.00282628,-0.127357,nan,-0.00708792,nan,nan,nan,nan,-0.0170424,-0.0593644,-0.0161194,nan,-0.115831,-0.000509434,-0.125596,-0.331755,nan,-0.665057,-0.0727482,-0.416937,-0.0791321,0.0129835,-0.00155064,0.0590566,-0.819194
867,-39.9089,248.774,0.00141641,0,2.20833,0.157068,1.4543,0.000888301,-0.0105067,5.31647,5.85277e-05,0.012285,0.377795,15016.3,0.572726,0.245584,-0.1,0.1,1,854.982,1.06537e+07,0.0538708,0.00147102,0,0.00281978,-0.123349,nan,-0.0071434,nan,nan,nan,nan,-0.0158091,-0.0534574,-0.0157086,nan,-0.113128,-0.000584906,-0.120035,-0.313171,nan,-0.676962,-0.0710191,-0.40686,-0.0762642,0.0127025,-0.00146021,0.0532075,-0.825227
868,-36.0644,256.404,0.00137457,0.0833333,2.08333,0.157061,1.43808,0.000893156,-0.00920157,5.31591,5.85277e-05,0.0159926,0.377786,14985.8,0.577171,0.242805,-0.1,0.1,1,855.803,1.0666e+07,0.0624273,0.0015858,0,0.0030537,-0.127227,nan,-0.00807615,nan,nan,nan,nan,-0.0181998,-0.0599066,-0.0178251,nan,-0.116367,-0.000153846,-0.127274,-0.316158,nan,-0.541717,-0.073292,-0.419151,-0.07825,0.0125507,-0.00152574,0.0549038,-0.565433
869,-53.0406,300.229,0.00115252,0.0416667,1.95833,0.157824,1.44598,0.0008124,-0.0102543,5.31481,5.85277e-05,0.0138873,0.377706,14894.1,0.57692,0.248105,-0.1,0.1,1,856.629,1.06783e+07,0.0768787,0.00192649,0,0.00303743,-0.148391,nan,-0.00704875,nan,nan,nan,nan,-0.0175837,-0.059746,-0.0170184,nan,-0.136443,-0.000166667,-0.147341,-0.37199,nan,-0.994068,-0.0835995,-0.489533,-0.0863542,0.0143681,-0.00192673,0.0721875,-1.03688
870,-36.5578,243.74,0.00130632,0.0416667,2.04167,0.156335,1.45033,0.000815118,-0.010414,5.31234,5.85277e-05,0.0155735,0.377655,14851,0.5755,0.251918,-0.1,0.1,1,857.458,1.06906e+07,0.0551448,0.00162899,0,0.0029075,-0.119708,nan,-0.0069616,nan,nan,nan,nan,-0.0164759,-0.0563168,-0.0161271,nan,-0.110684,-0.0003,-0.113759,-0.305844,nan,-0.586259,-0.0675782,-0.398928,-0.0745,0.0117888,-0.00140363,0.0518,-0.635981
871,-50.7567,287.366,0.00147507,0.0416667,1.66667,0.149032,1.44673,0.000884869,-0.0101752,5.31106,5.85277e-05,0.0140087,0.377633,12592,0.630568,0.345289,-0.1,0.1,1,858.435,1.07028e+07,0.0658757,0.00144855,0,0.00277163,-0.142431,nan,-0.00749415,nan,nan,nan,nan,-0.0160444,-0.0583417,-0.0170052,nan,-0.130452,-0.000463415,-0.14362,-0.360841,nan,-0.936894,-0.0737465,-0.470394,-0.0823902,0.0139199,-0.00170316,0.0556098,-0.878291
872,-39.6938,284.462,0.00133218,0.0416667,1.58333,0.155927,1.44096,0.000834106,-0.0106397,5.30997,5.85277e-05,0.0113084,0.377572,11200.8,0.755833,0.341236,-0.1,0.1,1,859.534,1.07151e+07,0.0721103,0.00157922,0,0.00347195,-0.139785,nan,-0.0085241,nan,nan,nan,nan,-0.0200349,-0.0689383,-0.0194852,nan,-0.129275,-0.000487179,-0.141611,-0.357006,nan,-0.596392,-0.076819,-0.467601,-0.0847436,0.0141687,-0.00172478,0.0684615,-0.416676
873,-41.9507,263.105,0.00139041,0.0416667,2.33333,0.158174,1.46275,0.000987015,-0.00955539,5.30849,5.85277e-05,0.0134356,0.377581,11577.5,0.725617,0.335748,-0.1,0.1,1,860.601,1.07274e+07,0.0647428,0.00173958,0,0.00305981,-0.128691,nan,-0.00762596,nan,nan,nan,nan,-0.0165584,-0.0529656,-0.0162805,nan,-0.119202,-0.000315789,-0.123799,-0.333683,nan,-0.716613,-0.0748574,-0.428371,-0.0775263,0.0131266,-0.00148819,0.0557895,-0.715159
874,-34.4738,234.723,0.00129686,0,1.95833,0.160924,1.47069,0.000895715,-0.00930186,5.30887,5.85277e-05,0.0161246,0.377573,12450.5,0.702015,0.284931,-0.1,0.1,1,861.589,1.07397e+07,0.0497544,0.0015367,0,0.00288517,-0.114716,nan,-0.00691787,nan,nan,nan,nan,-0.0156073,-0.0519183,-0.0154228,nan,-0.106333,-0.000617021,-0.120216,-0.297024,nan,-0.540438,-0.06622,-0.384675,-0.0689574,0.0114582,-0.00139333,0.0542553,-0.624186
875,-33.6785,209.125,0.00142687,0,2,0.154863,1.43288,0.000869826,-0.0102778,5.30906,5.85277e-05,0.0101479,0.377617,11896.1,0.670793,0.362148,-0.1,0.1,1,862.624,1.0752e+07,0.0517149,0.00130715,0,0.00228452,-0.10232,nan,-0.00590625,nan,nan,nan,nan,-0.0131369,-0.0422033,-0.0131265,nan,-0.0948071,-0.0004375,-0.0998367,-0.263274,nan,-0.578466,-0.0637303,-0.341857,-0.0624583,0.0103451,-0.00115555,0.043125,-0.754195
876,-41.1338,236.816,0.00128989,0.0416667,1.54167,0.155563,1.42899,0.000834093,-0.00961593,5.31126,5.85277e-05,0.0123156,0.377691,11470.5,0.709262,0.362005,-0.1,0.1,1,863.697,1.07643e+07,0.05814,0.0014895,0,0.00268101,-0.116061,nan,-0.00588211,nan,nan,nan,nan,-0.0140736,-0.0469341,-0.0136249,nan,-0.10738,-0.000447368,-0.116363,-0.30051,nan,-0.73988,-0.0679387,-0.388151,-0.0728421,0.0119378,-0.00137448,0.0447368,-1
877,-36.6513,254.825,0.001381,0,1.66667,0.154365,1.42165,0.000743782,-0.0103839,5.31334,5.85277e-05,0.0145825,0.377752,11290.1,0.734409,0.353979,-0.1,0.1,1,864.787,1.07766e+07,0.0471335,0.00163728,0,0.00281419,-0.124925,nan,-0.007715,nan,nan,nan,nan,-0.0173763,-0.0595654,-0.0172612,nan,-0.115743,-0.00035,-0.123852,-0.320093,nan,-0.556011,-0.0731514,-0.416229,-0.077725,0.01254,-0.00149114,0.055375,-0.3246
878,-46.5775,307.677,0.00143555,0.0416667,1.25,0.156698,1.43623,0.000966538,-0.0103532,5.31524,5.85277e-05,0.0151409,0.377805,12130.5,0.723918,0.289066,-0.1,0.1,1,865.802,1.07889e+07,0.0723536,0.00197445,0,0.00341059,-0.1511,nan,-0.00924645,nan,nan,nan,nan,-0.0203358,-0.072053,-0.0207286,nan,-0.139728,-0.000580645,-0.152811,-0.394727,nan,-0.739426,-0.0845805,-0.508459,-0.0910323,0.0146561,-0.00186511,0.0603226,-0.58849
879,-32.8093,226.047,0.00130663,0.0833333,1.70833,0.151402,1.43511,0.000811056,-0.0114992,5.31658,5.85277e-05,0.0113775,0.377844,14409.4,0.609219,0.243558,-0.1,0.1,1,866.656,1.08012e+07,0.0534836,0.00164637,0,0.00270141,-0.110875,nan,-0.00666837,nan,nan,nan,nan,-0.0158867,-0.055285,-0.0152448,nan,-0.102785,-0.000488372,-0.115478,-0.282432,nan,-0.504536,-0.0666288,-0.371048,-0.0668837,0.0109974,-0.00130252,0.0505814,-0.381293
880,-45.5278,287.204,0.00144645,0.0833333,1.95833,0.152838,1.45314,0.000931443,-0.0107471,5.31655,5.85277e-05,0.0170842,0.37779,15087,0.568288,0.246188,-0.1,0.1,1,867.472,1.08134e+07,0.070887,0.00206085,0,0.00315321,-0.140553,nan,-0.00786449,nan,nan,nan,nan,-0.0176853,-0.0599887,-0.0182978,nan,-0.129949,-0.000469388,-0.142986,-0.358679,nan,-0.779784,-0.07451,-0.470014,-0.0871837,0.0135435,-0.00165604,0.0635714,-0.979912
881,-39.2553,250.162,0.00130539,0,1.54167,0.154999,1.45736,0.000832035,-0.00938738,5.31424,5.85277e-05,0.00881089,0.377732,13019.5,0.594379,0.349436,-0.1,0.1,1,868.417,1.08257e+07,0.0593157,0.00146972,0,0.00276743,-0.123287,nan,-0.00740216,nan,nan,nan,nan,-0.0165968,-0.0572812,-0.0160395,nan,-0.113188,-0.000702703,-0.130265,-0.315848,nan,-0.654054,-0.0747733,-0.40893,-0.072027,0.0121305,-0.00147576,0.0572973,-0.640558
882,-49.9108,312.352,0.00124498,0.0833333,2.16667,0.150982,1.43631,0.000827507,-0.0094317,5.3123,5.85277e-05,0.0161876,0.377676,10979.4,0.734394,0.384789,-0.1,0.1,1,869.538,1.0838e+07,0.0743533,0.00194858,0,0.00322248,-0.153134,nan,-0.00891407,nan,nan,nan,nan,-0.0194888,-0.0670199,-0.0197332,nan,-0.141788,-0.000166667,-0.155376,-0.396855,nan,-0.848636,-0.0880261,-0.509037,-0.0948889,0.0149559,-0.00188571,0.0648148,-1.15627
883,-54.6154,344.841,0.00141142,0.0416667,1.79167,0.15301,1.45568,0.00091903,-0.0106465,5.31057,5.85277e-05,0.0117328,0.377635,12161.3,0.702506,0.307915,-0.1,0.1,1,870.55,1.08503e+07,0.0856236,0.00221441,0,0.00380506,-0.170868,nan,-0.00941545,nan,nan,nan,nan,-0.021345,-0.0743656,-0.0217645,nan,-0.155942,-0.000363636,-0.178448,-0.429305,nan,-0.929412,-0.0911368,-0.562851,-0.104318,0.0175568,-0.00210753,0.0755682,-0.901445
884,-44.4774,300.941,0.00125913,0.0833333,2.04167,0.156618,1.43722,0.000907923,-0.00959098,5.30944,5.85277e-05,0.0145983,0.377622,12107.2,0.716387,0.298549,-0.1,0.1,1,871.567,1.08626e+07,0.0603399,0.00189989,0,0.00350019,-0.148353,nan,-0.00908235,nan,nan,nan,nan,-0.0199399,-0.0682638,-0.0202652,nan,-0.136218,-0.000333333,-0.156998,-0.370481,nan,-0.697029,-0.0842658,-0.489285,-0.0903333,0.0147758,-0.00170423,0.0662745,-0.796722
885,-40.0542,230.264,0.00134332,0,2.20833,0.151154,1.43086,0.000863004,-0.0106803,5.30858,5.85277e-05,0.0147742,0.377557,14391.5,0.607332,0.246503,-0.1,0.1,1,872.422,1.08749e+07,0.0585928,0.00139212,0,0.00236492,-0.113267,nan,-0.00611698,nan,nan,nan,nan,-0.0137504,-0.0445015,-0.0133385,nan,-0.104406,-0.000641509,-0.118027,-0.293188,nan,-0.730499,-0.0669082,-0.378941,-0.0700943,0.0117678,-0.00129931,0.0483019,-0.901796
886,-33.9066,207.771,0.00139914,0.0416667,1.41667,0.152068,1.40495,0.000829022,-0.0105272,5.30677,5.85277e-05,0.0184146,0.377552,14770.4,0.589759,0.242175,-0.1,0.1,1,873.255,1.08872e+07,0.051637,0.00127189,0,0.00240227,-0.101864,nan,-0.00595143,nan,nan,nan,nan,-0.013089,-0.0419743,-0.0127323,nan,-0.0938765,-0.000514286,-0.106225,-0.256624,nan,-0.588273,-0.0603493,-0.33759,-0.0622571,0.010505,-0.00117684,0.0377143,-0.81453
887,-37.671,240.947,0.00130236,0,1.58333,0.152825,1.41966,0.000746142,-0.010398,5.30789,5.85277e-05,0.0107052,0.37762,12336.9,0.658849,0.337188,-0.1,0.1,1,874.253,1.08995e+07,0.0579978,0.00173213,0,0.00262834,-0.119048,nan,-0.00669474,nan,nan,nan,nan,-0.0163524,-0.0552221,-0.0151002,nan,-0.109097,-0.000131579,-0.118253,-0.304242,nan,-0.632163,-0.0711927,-0.397952,-0.0731316,0.0117006,-0.00137845,0.06,-0.618457
888,-45.8691,303.459,0.00115097,0.0833333,1.45833,0.154786,1.42332,0.000673756,-0.00995442,5.30932,5.85277e-05,0.0128712,0.377635,11749,0.736515,0.309363,-0.1,0.1,1,875.3,1.09117e+07,0.0674906,0.00238807,0,0.00312763,-0.149505,nan,-0.00841784,nan,nan,nan,nan,-0.0203898,-0.0707828,-0.0203426,nan,-0.137916,-0.000378378,-0.160645,-0.377407,nan,-0.745109,-0.0847553,-0.496984,-0.0904324,0.0145186,-0.00181681,0.0743243,-0.836414
889,-38.6406,266.903,0.00120337,0,1.29167,0.153295,1.45647,0.000775858,-0.00940428,5.30771,5.85277e-05,0.0164428,0.377494,11986.5,0.683521,0.341628,-0.1,0.1,1,876.326,1.0924e+07,0.067455,0.00190313,0,0.00302787,-0.131148,nan,-0.00818645,nan,nan,nan,nan,-0.018042,-0.0606223,-0.0181012,nan,-0.120587,-6.45161e-05,-0.135778,-0.33262,nan,-0.600876,-0.0769745,-0.436517,-0.0765484,0.0128052,-0.00158518,0.056129,-0.575568
890,-38.5838,247.26,0.00142598,0.0416667,2.04167,0.152377,1.43048,0.00089963,-0.00947786,5.30265,5.85277e-05,0.0155781,0.377358,12944,0.675593,0.273724,-0.1,0.1,1,877.277,1.09363e+07,0.05319,0.00159945,0,0.00282987,-0.1227,nan,-0.00692,nan,nan,nan,nan,-0.0161096,-0.0549474,-0.0159343,nan,-0.111984,-0.00026,-0.121225,-0.315115,nan,-0.636239,-0.0692174,-0.405691,-0.07652,0.0121798,-0.00138373,0.054,-0.705285
891,-39.1365,242.979,0.00137017,0.0416667,1.91667,0.152573,1.44669,0.000904362,-0.0107604,5.29993,5.85277e-05,0.0144541,0.377319,14325.6,0.597032,0.260733,-0.1,0.1,1,878.137,1.09486e+07,0.0549509,0.00163793,0,0.00249549,-0.118825,nan,-0.00672043,nan,nan,nan,nan,-0.0161109,-0.0519809,-0.0154182,nan,-0.110032,-0.000148936,-0.124123,-0.308357,nan,-0.669846,-0.0718559,-0.398033,-0.0720638,0.0115941,-0.00143964,0.0544681,-0.916631
892,-43.5029,276.771,0.00136487,0.0416667,1.41667,0.150343,1.41528,0.000804959,-0.0101532,5.29835,5.85277e-05,0.0125695,0.377221,11925.4,0.682519,0.34789,-0.1,0.1,1,879.168,1.09609e+07,0.0679152,0.00191463,0,0.00307524,-0.13766,nan,-0.00792629,nan,nan,nan,nan,-0.0178448,-0.0637757,-0.0178877,nan,-0.125696,-0.000314286,-0.138866,-0.345826,nan,-0.72114,-0.0782731,-0.452523,-0.0851714,0.0138708,-0.0016004,0.0535714,-0.604935
893,-55.3965,322.39,0.00141563,0,1.70833,0.152541,1.41498,0.000906304,-0.0105106,5.29532,5.85277e-05,0.00567092,0.37717,11949.2,0.693183,0.335174,-0.1,0.1,1,880.198,1.09732e+07,0.0781046,0.00213561,0,0.00324895,-0.159579,nan,-0.00917659,nan,nan,nan,nan,-0.0184901,-0.0622317,-0.0197684,nan,-0.146526,-0.000146341,-0.16187,-0.401958,nan,-1.00754,-0.0850097,-0.52771,-0.0989756,0.0158615,-0.00188825,0.0634146,-0.950044
894,-53.1494,322.58,0.00137181,0.125,1.95833,0.153532,1.42216,0.000966767,-0.0103058,5.2942,5.85277e-05,0.0122779,0.377147,12202.9,0.714871,0.292102,-0.1,0.1,1,881.207,1.09855e+07,0.0739159,0.00209518,0,0.0034819,-0.158382,nan,-0.00872,nan,nan,nan,nan,-0.0191562,-0.0645755,-0.0203222,nan,-0.146291,-0.00048,-0.161523,-0.394775,nan,-0.929712,-0.0836862,-0.528703,-0.0986,0.01508,-0.0018167,0.0609,-1.22627
895,-44.3466,278.348,0.00121463,0.0833333,1.83333,0.152205,1.44369,0.00083597,-0.00969599,5.29335,5.85277e-05,0.0124489,0.377112,14088.6,0.628677,0.243518,-0.1,0.1,1,882.081,1.09978e+07,0.0710513,0.00151399,0,0.00300113,-0.137581,nan,-0.00821609,nan,nan,nan,nan,-0.0165992,-0.0593486,-0.0174675,nan,-0.126029,-0.000369565,-0.139757,-0.343558,nan,-0.758587,-0.0747328,-0.453683,-0.0841957,0.0132267,-0.00157842,0.0588043,-1.09805
896,-54.5339,335.429,0.00137681,0.0833333,2.25,0.153088,1.46268,0.000877927,-0.00999425,5.29211,5.85277e-05,0.017617,0.377079,15090.1,0.567399,0.246908,-0.1,0.1,1,882.896,1.101e+07,0.0904461,0.00193705,0,0.00340509,-0.165542,nan,-0.00970214,nan,nan,nan,nan,-0.0204107,-0.0728414,-0.0210171,nan,-0.151968,-0.000428571,-0.169269,-0.414562,nan,-0.956799,-0.0874051,-0.550762,-0.101875,0.0166283,-0.0020033,0.0745536,-0.882365
897,-32.6473,212.382,0.00128995,0,1.41667,0.154944,1.43019,0.000804623,-0.00946085,5.29124,5.85277e-05,0.0131659,0.377069,11908.2,0.687934,0.343958,-0.1,0.1,1,883.93,1.10223e+07,0.0590744,0.00146921,0,0.00264013,-0.103791,nan,-0.00623412,nan,nan,nan,nan,-0.0138497,-0.044039,-0.0138038,nan,-0.0964754,-0.000176471,-0.104065,-0.266375,nan,-0.535609,-0.0626565,-0.352444,-0.0669412,0.0107497,-0.00125948,0.0404412,-0.895534
898,-54.189,325.49,0.00124369,0.166667,1.95833,0.157245,1.45513,0.000874871,-0.00921373,5.29129,5.85277e-05,0.0139137,0.377103,11797.1,0.731294,0.310317,-0.1,0.1,1,884.973,1.10346e+07,0.0843083,0.00221264,0,0.00334064,-0.159537,nan,-0.00903608,nan,nan,nan,nan,-0.0195052,-0.0700238,-0.0199818,nan,-0.147793,-0.000254902,-0.160881,-0.40723,nan,-0.95606,-0.08595,-0.537132,-0.100294,0.0155512,-0.00187586,0.0626471,-0.792292
899,-37.0085,228.879,0.00120543,0,1.375,0.156275,1.43242,0.000743284,-0.0101486,5.2925,5.85277e-05,0.0131886,0.377145,12226.8,0.677935,0.327072,-0.1,0.1,1,885.979,1.10469e+07,0.0587385,0.0013806,0,0.00273352,-0.113411,nan,-0.00588061,nan,nan,nan,nan,-0.0146428,-0.0504509,-0.0142219,nan,-0.10417,-0.000181818,-0.112097,-0.290208,nan,-0.618666,-0.0679705,-0.381836,-0.0719091,0.0109047,-0.00133336,0.045303,-1.01067
900,-49.6546,333.167,0.00146603,0.0416667,1.45833,0.15718,1.45786,0.000836007,-0.0100533,5.29399,5.85277e-05,0.0144666,0.377201,12240.8,0.715552,0.288306,-0.1,0.1,1,886.985,1.10592e+07,0.0794743,0.00216042,0,0.00372397,-0.163894,nan,-0.0101394,nan,nan,nan,nan,-0.0213181,-0.0727979,-0.022003,nan,-0.150779,-0.000305556,-0.174354,-0.401646,nan,-0.806109,-0.0900423,-0.544003,-0.100389,0.0171952,-0.00192372,0.0802778,-0.952715
901,-41.6236,255.76,0.00136123,0.0416667,2.04167,0.158447,1.44716,0.000828003,-0.0106925,5.29458,5.85277e-05,0.014257,0.377162,10530.9,0.742466,0.424387,-0.1,0.1,1,889.889,1.10715e+07,0.0550007,0.00172143,0,0.00281991,-0.126818,nan,-0.0074236,nan,nan,nan,nan,-0.0157668,-0.0527978,-0.0165032,nan,-0.11648,-0.00046,-0.12807,-0.320085,nan,-0.71131,-0.0701633,-0.421399,-0.07572,0.012323,-0.00142079,0.0507,-0.995181
902,-40.1905,274.786,0.00140889,0.0416667,1.70833,0.155557,1.44828,0.000901582,-0.00996473,5.29281,5.85277e-05,0.0140455,0.377131,11810,0.710968,0.329508,-0.1,0.1,1,890.931,1.10838e+07,0.0716083,0.00181794,0,0.00312801,-0.135387,nan,-0.00798048,nan,nan,nan,nan,-0.0182172,-0.064926,-0.0182998,nan,-0.124564,-0.000238095,-0.138571,-0.342251,nan,-0.632558,-0.0727921,-0.453107,-0.0864524,0.0129751,-0.00153025,0.0684524,-0.593343
903,-49.5711,287.643,0.00145677,0,1.75,0.156402,1.4215,0.000958709,-0.00959395,5.2922,5.85277e-05,0.0146874,0.377116,12277.9,0.685389,0.315432,-0.1,0.1,1,891.933,1.10961e+07,0.0689519,0.00181144,0,0.00304122,-0.14244,nan,-0.00785048,nan,nan,nan,nan,-0.0168981,-0.0574915,-0.0175611,nan,-0.130728,-0.000547619,-0.141397,-0.352698,nan,-0.896545,-0.079053,-0.475574,-0.0882381,0.0141441,-0.0015398,0.0571429,-1.00372
904,-58.1663,375.208,0.001364,0.0833333,1.91667,0.159633,1.43884,0.000877474,-0.00942809,5.29148,5.85277e-05,0.0120748,0.377096,12285,0.667074,0.333169,-0.1,0.1,1,892.934,1.11084e+07,0.0997574,0.00237672,0,0.00417678,-0.185548,nan,-0.0109829,nan,nan,nan,nan,-0.0227586,-0.0804052,-0.0244126,nan,-0.170361,-0.000208333,-0.184557,-0.470843,nan,-0.981732,-0.0938135,-0.617773,-0.114562,0.0180171,-0.00221789,0.080625,-0.918537
905,-55.2323,322.561,0.00130825,0.0833333,2.29167,0.154621,1.46251,0.0009126,-0.0106159,5.29048,5.85277e-05,0.0189443,0.377052,11641.8,0.721553,0.333958,-0.1,0.1,1,893.992,1.11206e+07,0.0816977,0.00191387,0,0.00335454,-0.15897,nan,-0.00866491,nan,nan,nan,nan,-0.0185475,-0.0653475,-0.0193275,nan,-0.146556,-0.000385965,-0.154594,-0.404666,nan,-1.00476,-0.0859302,-0.529356,-0.098386,0.0160788,-0.00177975,0.0667544,-0.953293
906,-38.6928,259.191,0.00123255,0,1.95833,0.152529,1.4177,0.000794039,-0.00976477,5.28916,5.85277e-05,0.0110774,0.377028,11602.5,0.72193,0.337151,-0.1,0.1,1,895.052,1.11329e+07,0.0589424,0.0017584,0,0.00300906,-0.128498,nan,-0.00769532,nan,nan,nan,nan,-0.0174582,-0.0587449,-0.0170287,nan,-0.11787,-0.000851064,-0.124185,-0.3272,nan,-0.612666,-0.0756382,-0.428684,-0.0772979,0.0128002,-0.00146826,0.0575532,-0.862654
907,-36.072,227.204,0.00128913,0.0416667,2.20833,0.153497,1.46583,0.000814151,-0.00958251,5.28885,5.85277e-05,0.00627706,0.37703,11231,0.752507,0.341606,-0.1,0.1,1,896.148,1.11452e+07,0.0535118,0.00142221,0,0.00252722,-0.11159,nan,-0.00675222,nan,nan,nan,nan,-0.0147911,-0.0505439,-0.0147519,nan,-0.103424,-0.000166667,-0.113424,-0.284575,nan,-0.602306,-0.0700043,-0.372949,-0.0720556,0.0118147,-0.00125196,0.0439815,-0.884466
908,-39.7211,267.878,0.00153772,0.0416667,1.66667,0.154025,1.45097,0.000822604,-0.0104151,5.28899,5.85277e-05,0.0165659,0.377038,12378.4,0.660711,0.331982,-0.1,0.1,1,897.142,1.11575e+07,0.0529119,0.00161436,0,0.00321809,-0.133486,nan,-0.0084439,nan,nan,nan,nan,-0.0176384,-0.0626838,-0.0188212,nan,-0.122141,-0.000512195,-0.12805,-0.33313,nan,-0.622683,-0.0738356,-0.445526,-0.0824146,0.0128364,-0.00154584,0.0613415,-0.687412
909,-43.3255,280.857,0.00127218,0.0833333,1.66667,0.15844,1.49252,0.000755135,-0.0104389,5.28949,5.85277e-05,0.0143843,0.377077,12042.7,0.689653,0.330716,-0.1,0.1,1,898.164,1.11698e+07,0.0691611,0.00164709,0,0.00306881,-0.139009,nan,-0.00848381,nan,nan,nan,nan,-0.0186427,-0.0677192,-0.0184256,nan,-0.127364,-0.000428571,-0.139,-0.356586,nan,-0.700925,-0.0817625,-0.462613,-0.0881905,0.0135874,-0.00164007,0.0557143,-0.690646
910,-45.8787,269.315,0.00120005,0.125,2.125,0.159325,1.45723,0.000837794,-0.0091386,5.29033,5.85277e-05,0.00952184,0.377066,11049.2,0.745813,0.366299,-0.1,0.1,1,899.278,1.11821e+07,0.0649988,0.00191681,0,0.00291959,-0.13301,nan,-0.00775593,nan,nan,nan,nan,-0.0161107,-0.0564926,-0.0167338,nan,-0.122493,-0.0005,-0.132716,-0.338997,nan,-0.818537,-0.0742249,-0.444499,-0.0836667,0.0136495,-0.00146452,0.0525,-0.896976
911,-43.3561,294.372,0.00147485,0.0416667,1.75,0.156799,1.43521,0.000879166,-0.0110968,5.29029,5.85277e-05,0.014347,0.377104,11383.8,0.757375,0.322052,-0.1,0.1,1,900.359,1.11944e+07,0.0768671,0.00196319,0,0.00329045,-0.145782,nan,-0.00893767,nan,nan,nan,nan,-0.0189691,-0.0667202,-0.0203248,nan,-0.133711,-0.000209302,-0.147871,-0.362224,nan,-0.691698,-0.0763743,-0.486967,-0.0916977,0.0149207,-0.00169357,0.0643023,-1.08885
912,-38.6326,247.731,0.0010699,0.0416667,2.125,0.156659,1.46329,0.000656907,-0.0102232,5.29156,5.85277e-05,0.0162798,0.377132,12357.9,0.65238,0.341967,-0.1,0.1,1,901.355,1.12067e+07,0.0559093,0.00162707,0,0.00291687,-0.122608,nan,-0.00738,nan,nan,nan,nan,-0.0157377,-0.0538433,-0.0154524,nan,-0.112615,-0.000192308,-0.117564,-0.311494,nan,-0.636063,-0.0705548,-0.408586,-0.07625,0.012433,-0.0014546,0.0520192,-1.38766
913,-38.9958,254.255,0.00127286,0.0833333,2.04167,0.159396,1.42205,0.000822229,-0.0112398,5.29196,5.85277e-05,0.0194734,0.377127,12062.1,0.684063,0.334666,-0.1,0.1,1,902.375,1.12189e+07,0.0495966,0.00150707,0,0.00293924,-0.126578,nan,-0.00733176,nan,nan,nan,nan,-0.0165333,-0.0560323,-0.0167425,nan,-0.115854,-0.000215686,-0.125348,-0.315748,nan,-0.635995,-0.0718905,-0.4214,-0.0771176,0.0131766,-0.00149261,0.0595098,-0.562528
914,-38.7998,263.696,0.0012507,0.0416667,2.29167,0.153526,1.42919,0.000769523,-0.00981704,5.29173,5.85277e-05,0.0125708,0.377121,11758.7,0.703295,0.341722,-0.1,0.1,1,903.422,1.12312e+07,0.0628155,0.00164142,0,0.00303038,-0.130506,nan,-0.00803643,nan,nan,nan,nan,-0.0174115,-0.0584838,-0.0178721,nan,-0.12003,-0.000910714,-0.132615,-0.329347,nan,-0.613529,-0.0706146,-0.435913,-0.0828214,0.0133905,-0.0015092,0.0624107,-0.713181
915,-47.0601,294.366,0.00136354,0.125,1.58333,0.158492,1.40294,0.000911471,-0.00914964,5.29114,5.85277e-05,0.0100072,0.377069,11645,0.710404,0.344817,-0.1,0.1,1,904.478,1.12435e+07,0.0638534,0.00190409,0,0.00320941,-0.146334,nan,-0.00859463,nan,nan,nan,nan,-0.018597,-0.0655831,-0.019255,nan,-0.133868,-0.000268293,-0.144853,-0.363941,nan,-0.80385,-0.0756314,-0.485834,-0.0906098,0.0147967,-0.00165641,0.0619512,-1.14675
916,-43.7287,260.814,0.00130165,0,1.79167,0.160916,1.40771,0.000733452,-0.0105918,5.28917,5.85277e-05,0.00838441,0.377008,11600.2,0.684856,0.374435,-0.1,0.1,1,905.539,1.12558e+07,0.0596129,0.00200068,0,0.00265286,-0.130856,nan,-0.00741907,nan,nan,nan,nan,-0.0159795,-0.0569132,-0.0161495,nan,-0.118533,-0.000139535,-0.129844,-0.327051,nan,-0.771166,-0.073798,-0.430171,-0.0792326,0.0133615,-0.00143181,0.0554651,-0.864526
917,-49.7172,307.61,0.00136248,0.0416667,1.66667,0.157774,1.42012,0.000803487,-0.0109771,5.2877,5.85277e-05,0.0198278,0.376981,12167.8,0.683176,0.326703,-0.1,0.1,1,906.55,1.12681e+07,0.0720256,0.00190244,0,0.00332764,-0.152468,nan,-0.0086122,nan,nan,nan,nan,-0.0193631,-0.0700983,-0.019544,nan,-0.139598,-0.000292683,-0.156271,-0.379613,nan,-0.866687,-0.0849997,-0.502429,-0.0946098,0.0150701,-0.00174112,0.075,-0.803909
918,-42.0695,290.771,0.00122103,0.0416667,1.95833,0.154541,1.42803,0.000665706,-0.0105647,5.28815,5.85277e-05,0.0133946,0.377041,12990.4,0.681073,0.264858,-0.1,0.1,1,907.497,1.12804e+07,0.069635,0.00208981,0,0.00325931,-0.1438,nan,-0.00890958,nan,nan,nan,nan,-0.0187019,-0.063348,-0.0198762,nan,-0.132014,-0.000270833,-0.147525,-0.358269,nan,-0.666959,-0.0767638,-0.474538,-0.0899167,0.0149525,-0.00171193,0.0703125,-0.977968
919,-46.6501,283.361,0.00135749,0.0416667,1.45833,0.156492,1.40922,0.000885499,-0.00949254,5.28945,5.85277e-05,0.0104846,0.377058,15152.4,0.563069,0.24789,-0.1,0.1,1,908.31,1.12927e+07,0.0579955,0.00170077,0,0.00303718,-0.138925,nan,-0.00832833,nan,nan,nan,nan,-0.0173311,-0.0623078,-0.018494,nan,-0.128312,-0.000388889,-0.143873,-0.346587,nan,-0.804851,-0.079201,-0.465075,-0.0926389,0.0149531,-0.0015582,0.0561111,-0.814787
920,-36.5178,232.528,0.00148357,0.0416667,2.16667,0.156604,1.43389,0.00086387,-0.011645,5.28944,3.90184e-05,0.0226502,0.37705,11091.9,0.762445,0.345386,-0.1,0.1,1,909.419,1.1305e+07,0.0501976,0.00164819,0,0.00258438,-0.115581,nan,-0.00703094,nan,nan,nan,nan,-0.015342,-0.0510951,-0.0147595,nan,-0.1057,-0.000132075,-0.114364,-0.289047,nan,-0.607168,-0.0700529,-0.382705,-0.0727358,0.012212,-0.00133289,0.0512264,-0.640715
921,-36.8021,264.39,0.00117135,0,1.70833,0.154991,1.434,0.000691373,-0.00796737,5.28917,3.90184e-05,0.0116186,0.377045,11429.4,0.75887,0.316251,-0.1,0.1,1,910.496,1.13172e+07,0.0562381,0.00155729,0,0.0030479,-0.13088,nan,-0.00922585,nan,nan,nan,nan,-0.0169165,-0.0571017,-0.0188382,nan,-0.120263,-0.000268293,-0.123043,-0.320557,nan,-0.558159,-0.0691352,-0.433943,-0.0837805,0.0143515,-0.00146475,0.0596341,-0.642835
922,-44.19,274.176,0.00145322,0.0416667,1.375,0.150034,1.44976,0.000894847,-0.00801121,5.28794,3.90184e-05,0.0154176,0.376951,11333.4,0.710558,0.373671,-0.1,0.1,1,911.581,1.13295e+07,0.065275,0.00173405,0,0.0030348,-0.13598,nan,-0.00824824,nan,nan,nan,nan,-0.0168527,-0.0575819,-0.0173487,nan,-0.124479,-0.000382353,-0.139724,-0.333883,nan,-0.763106,-0.0756542,-0.450283,-0.0850294,0.0141942,-0.00157398,0.0611765,-0.984554
923,-55.6216,313.104,0.00128617,0.166667,1.83333,0.153005,1.46138,0.00081378,-0.00814389,5.28459,3.90184e-05,0.0104811,0.376875,13171.2,0.681241,0.251705,-0.1,0.1,1,912.516,1.13418e+07,0.0731885,0.00196687,0,0.00315331,-0.156179,nan,-0.00824417,nan,nan,nan,nan,-0.0179729,-0.0644987,-0.0182742,nan,-0.142371,-0.000541667,-0.154454,-0.392132,nan,-1.03256,-0.0866182,-0.514377,-0.0993542,0.0163645,-0.00174707,0.0683333,-0.940675
924,-43.957,268,0.00126704,0,1.66667,0.152692,1.42502,0.000785337,-0.00910265,5.28292,3.90184e-05,0.0123116,0.376843,12815,0.604721,0.354155,-0.1,0.1,1,913.476,1.13541e+07,0.0618038,0.00209699,0,0.0027822,-0.133523,nan,-0.007455,nan,nan,nan,nan,-0.0166693,-0.0569757,-0.0168231,nan,-0.121794,-0.0006,-0.134072,-0.331283,nan,-0.767185,-0.0739184,-0.443157,-0.082775,0.0136501,-0.00157596,0.053,-0.955844
925,-48.8834,320.089,0.00125417,0.0416667,1.83333,0.152594,1.40318,0.000777639,-0.00904709,5.28194,3.90184e-05,0.0122987,0.376801,10842.7,0.738604,0.394698,-0.1,0.1,1,914.611,1.13664e+07,0.0751571,0.00212077,0,0.00364995,-0.158651,nan,-0.00923289,nan,nan,nan,nan,-0.0205302,-0.071539,-0.0207063,nan,-0.145367,-0.000666667,-0.158981,-0.386972,nan,-0.809051,-0.0852416,-0.529188,-0.101467,0.0162893,-0.00185814,0.0735556,-0.866191
926,-42.7252,270.341,0.0013393,0.0833333,1.75,0.160855,1.41672,0.000836913,-0.00871417,5.28066,3.90184e-05,0.0119278,0.376767,11767.6,0.707366,0.336857,-0.1,0.1,1,915.657,1.13787e+07,0.0637227,0.00179879,0,0.00293864,-0.13391,nan,-0.00790409,nan,nan,nan,nan,-0.0168971,-0.0590386,-0.017216,nan,-0.122744,-0.000159091,-0.140881,-0.338267,nan,-0.722892,-0.075037,-0.44442,-0.08325,0.0134986,-0.00157662,0.0628409,-0.734593
927,-32.9437,202.981,0.00131845,0,2.20833,0.159914,1.45626,0.000872034,-0.00897762,5.2793,3.90184e-05,0.0118855,0.37672,11908.3,0.740653,0.291232,-0.1,0.1,1,916.69,1.1391e+07,0.0444489,0.00148502,0,0.00224728,-0.100583,nan,-0.00603245,nan,nan,nan,nan,-0.0127139,-0.0426925,-0.0131334,nan,-0.0923173,-0.000509434,-0.101028,-0.248867,nan,-0.566551,-0.0592755,-0.33618,-0.0636038,0.010587,-0.00114583,0.040566,-0.771432
928,-45.8759,286.093,0.00138572,0,2.25,0.156001,1.4473,0.000912885,-0.00915001,5.27808,3.90184e-05,0.0103405,0.376716,14134.5,0.619918,0.249444,-0.1,0.1,1,917.561,1.14033e+07,0.071393,0.00187509,0,0.00315542,-0.142118,nan,-0.00820815,nan,nan,nan,nan,-0.0188677,-0.0650966,-0.0182249,nan,-0.130193,-0.000333333,-0.140108,-0.356942,nan,-0.778095,-0.0836342,-0.474133,-0.0916667,0.0152106,-0.00171428,0.0565741,-0.895495
929,-44.0035,286.935,0.00127118,0,1.91667,0.157798,1.46304,0.000952436,-0.0089589,5.27837,3.90184e-05,0.00927143,0.376727,15200.6,0.5653,0.243091,-0.1,0.1,1,918.37,1.14156e+07,0.0648023,0.001836,0,0.00327404,-0.143302,nan,-0.00854783,nan,nan,nan,nan,-0.0184441,-0.0645401,-0.0191555,nan,-0.130354,-0.000152174,-0.142243,-0.358174,nan,-0.715233,-0.0767352,-0.474736,-0.0908261,0.0145156,-0.00155766,0.0603261,-1.16068
930,-42.3671,275.296,0.00125606,0,2.25,0.156325,1.42144,0.000827147,-0.00882051,5.27804,5.85277e-05,0.00470875,0.376696,14744.6,0.567891,0.2655,-0.1,0.1,1,919.205,1.14278e+07,0.0638237,0.0017813,0,0.0032416,-0.137293,nan,-0.00749556,nan,nan,nan,nan,-0.0179323,-0.0636375,-0.0176949,nan,-0.125303,-0.000111111,-0.130855,-0.346058,nan,-0.686532,-0.0779965,-0.457392,-0.0884259,0.0140553,-0.001667,0.062037,-0.809252
931,-35.3116,224.921,0.0013078,0,1.58333,0.154279,1.44231,0.000806849,-0.0103254,5.27676,5.85277e-05,0.0140676,0.376667,14699.8,0.575279,0.260651,-0.1,0.1,1,920.042,1.14401e+07,0.0548598,0.00146486,0,0.00260635,-0.112753,nan,-0.00651105,nan,nan,nan,nan,-0.0146768,-0.050922,-0.0145114,nan,-0.102274,-0.000289474,-0.112762,-0.277987,nan,-0.589116,-0.0625382,-0.372915,-0.0719737,0.0113748,-0.00131377,0.0490789,-1.19596
932,-39.0506,251.24,0.00122053,0.0416667,2.04167,0.156364,1.48715,0.000731286,-0.0103856,5.2754,5.85277e-05,0.0161421,0.376611,14695.5,0.580536,0.255636,-0.1,0.1,1,920.88,1.14524e+07,0.0492419,0.00170522,0,0.00305965,-0.124684,nan,-0.0071356,nan,nan,nan,nan,-0.0166049,-0.0600392,-0.0166308,nan,-0.11444,-8e-05,-0.121189,-0.320693,nan,-0.629804,-0.072057,-0.417653,-0.08138,0.0131686,-0.0014219,0.0533,-1.48656
933,-32.1422,190.976,0.0011508,0,1.75,0.158492,1.4467,0.000675993,-0.0110536,5.27384,5.85277e-05,0.0130031,0.376572,14947.4,0.567042,0.255043,-0.1,0.1,1,921.703,1.14647e+07,0.041263,0.00116448,0,0.00230885,-0.0959127,nan,-0.00515476,nan,nan,nan,nan,-0.0119782,-0.0411317,-0.0117298,nan,-0.0869838,-0.000238095,-0.0897268,-0.238032,nan,-0.555395,-0.0598015,-0.320183,-0.0644286,0.0099413,-0.00110983,0.0397619,-0.718477
934,-34.801,236.976,0.00137603,0,1.70833,0.151618,1.43798,0.000864371,-0.0100877,5.27258,5.85277e-05,0.0130845,0.376541,14914.4,0.577827,0.246073,-0.1,0.1,1,922.528,1.1477e+07,0.0618298,0.00146328,0,0.00275634,-0.117577,nan,-0.00716195,nan,nan,nan,nan,-0.0159911,-0.0566731,-0.0163699,nan,-0.107615,-0.00114634,-0.118557,-0.298468,nan,-0.542115,-0.0696177,-0.391951,-0.0757073,0.0125915,-0.00130949,0.052439,-0.695251
935,-43.3024,276.075,0.00126663,0,1.66667,0.15259,1.44484,0.000828313,-0.0106485,5.27108,5.85277e-05,0.0164665,0.376483,14835.1,0.572887,0.255421,-0.1,0.1,1,923.358,1.14893e+07,0.0684092,0.00153297,0,0.00319532,-0.136219,nan,-0.007705,nan,nan,nan,nan,-0.0178349,-0.0627794,-0.0173355,nan,-0.12564,-0.0002,-0.132136,-0.345495,nan,-0.718622,-0.0771166,-0.460275,-0.0878,0.0145629,-0.00168162,0.052375,-0.914832
936,-38.6334,245.731,0.00124886,0.0416667,2.125,0.151768,1.41662,0.000787535,-0.0101782,5.2693,5.85277e-05,0.0121253,0.376454,14463,0.597704,0.251913,-0.1,0.1,1,924.209,1.15016e+07,0.060974,0.00173278,0,0.0028561,-0.122515,nan,-0.00751654,nan,nan,nan,nan,-0.0153341,-0.0539227,-0.0161944,nan,-0.112013,-0.000673077,-0.11249,-0.311044,nan,-0.642137,-0.0707715,-0.407027,-0.0801923,0.0132459,-0.00136451,0.0493269,-0.791971
937,-49.0463,296.294,0.00137626,0.0416667,2.08333,0.152184,1.4168,0.00087997,-0.00979938,5.26836,5.85277e-05,0.0122388,0.376416,14823.1,0.57285,0.256125,-0.1,0.1,1,925.039,1.15139e+07,0.0739159,0.00187752,0,0.00322843,-0.146758,nan,-0.00775961,nan,nan,nan,nan,-0.0182022,-0.0659607,-0.0184016,nan,-0.134453,-0.000352941,-0.146551,-0.370109,nan,-0.862555,-0.0807303,-0.488516,-0.0963333,0.0154081,-0.00173337,0.0673529,-1.11998
938,-39.7655,253.055,0.00130668,0.0416667,2.25,0.155559,1.40411,0.000859068,-0.0119069,5.26695,5.85277e-05,0.0132116,0.37638,14615.8,0.587695,0.253041,-0.1,0.1,1,925.881,1.15261e+07,0.0605939,0.00169419,0,0.00305538,-0.126734,nan,-0.00719855,nan,nan,nan,nan,-0.0161688,-0.0567954,-0.016439,nan,-0.115262,-0.000236364,-0.116738,-0.314693,nan,-0.664355,-0.0699852,-0.42254,-0.0813273,0.0131163,-0.00143632,0.0532727,-0.865052
939,-41.918,260.6,0.00116482,0.0416667,1.83333,0.1564,1.40913,0.000716117,-0.0104881,5.26548,5.85277e-05,0.0168319,0.37632,13996.5,0.626351,0.251582,-0.1,0.1,1,926.761,1.15384e+07,0.0591486,0.00161422,0,0.00317798,-0.12982,nan,-0.00729378,nan,nan,nan,nan,-0.0161113,-0.0547261,-0.0160801,nan,-0.118937,-0.000155556,-0.120506,-0.321836,nan,-0.7136,-0.0712463,-0.433476,-0.0809778,0.0134706,-0.00140075,0.0523333,-0.896653
940,-48.204,290.415,0.00116112,0.0416667,1.66667,0.159179,1.44931,0.000678467,-0.0096904,5.26371,5.85277e-05,0.0169056,0.376274,15087.9,0.571389,0.243039,-0.1,0.1,1,927.576,1.15507e+07,0.0696283,0.00208691,0,0.00332012,-0.144361,nan,-0.00821951,nan,nan,nan,nan,-0.0179358,-0.0624284,-0.0184399,nan,-0.1322,-0.000634146,-0.139011,-0.359557,nan,-0.855069,-0.0808168,-0.484216,-0.091561,0.015007,-0.00167416,0.0686585,-1.01196
941,-43.2054,263.067,0.001218,0,1.875,0.1537,1.45613,0.000786693,-0.010528,5.26197,5.85277e-05,0.0120153,0.376206,14416.9,0.608774,0.243561,-0.1,0.1,1,928.43,1.1563e+07,0.0573007,0.00169818,0,0.00288414,-0.130823,nan,-0.00764978,nan,nan,nan,nan,-0.0164892,-0.0583,-0.0166615,nan,-0.119855,-0.000333333,-0.129155,-0.33133,nan,-0.743756,-0.072738,-0.43745,-0.0864222,0.0134963,-0.00145919,0.0598889,-0.805036
942,-40.206,237.905,0.00138709,0,1.75,0.152153,1.4108,0.000798425,-0.01036,5.25994,5.85277e-05,0.0147846,0.376167,15153.1,0.560996,0.249926,-0.1,0.1,1,929.242,1.15753e+07,0.0579129,0.00161277,0,0.00266805,-0.118588,nan,-0.0067519,nan,nan,nan,nan,-0.0145355,-0.0499378,-0.0149134,nan,-0.108347,-0.000714286,-0.111852,-0.300826,nan,-0.710026,-0.0670075,-0.394519,-0.0763571,0.0121913,-0.0012886,0.0436905,-0.91628
943,-42.3956,273.615,0.0013546,0,1.625,0.155921,1.46226,0.000793242,-0.00994315,5.25939,5.85277e-05,0.0134793,0.376184,14725.9,0.581847,0.252603,-0.1,0.1,1,930.078,1.15876e+07,0.0615299,0.00197143,0,0.00314661,-0.137287,nan,-0.0076359,nan,nan,nan,nan,-0.0180924,-0.0656632,-0.0179583,nan,-0.124884,-0.000717949,-0.131069,-0.346537,nan,-0.682564,-0.0768765,-0.458145,-0.0837436,0.0142655,-0.00153458,0.0562821,-0.813295
944,-33.0879,239.062,0.00138682,0.0416667,1.29167,0.155121,1.42565,0.000882693,-0.00996421,5.25948,5.85277e-05,0.0145113,0.376165,15116.1,0.565894,0.247013,-0.1,0.1,1,930.893,1.15999e+07,0.0517844,0.00187596,0,0.00315894,-0.119154,nan,-0.00728,nan,nan,nan,nan,-0.0163804,-0.0564223,-0.0163296,nan,-0.108954,-0.00015625,-0.111867,-0.29664,nan,-0.482956,-0.071669,-0.396954,-0.0779687,0.0128648,-0.00137739,0.0614063,-0.228026
945,-45.1001,275.982,0.00140186,0.0833333,2.20833,0.157343,1.42539,0.000823699,-0.0100636,5.25785,5.85277e-05,0.0159936,0.376097,15081.2,0.572161,0.242629,-0.1,0.1,1,931.709,1.16122e+07,0.0650242,0.00181907,0,0.00318192,-0.137428,nan,-0.00761236,nan,nan,nan,nan,-0.0174539,-0.0624555,-0.0174465,nan,-0.125455,-0.000745455,-0.140372,-0.348544,nan,-0.766276,-0.0783454,-0.458063,-0.0836364,0.0144259,-0.00167753,0.0565455,-1.03462
946,-44.9209,270.674,0.00136209,0.0416667,1.875,0.153301,1.45766,0.000934306,-0.0112823,5.25592,5.85277e-05,0.0151396,0.376063,14787.2,0.581869,0.249122,-0.1,0.1,1,932.541,1.16244e+07,0.0631084,0.00208826,0,0.00324332,-0.135794,nan,-0.00734043,nan,nan,nan,nan,-0.0165446,-0.0570583,-0.0167806,nan,-0.123294,-0.000173913,-0.135907,-0.33344,nan,-0.785911,-0.0740714,-0.449151,-0.0846522,0.0140429,-0.00159665,0.0632609,-0.977917
947,-46.7804,274.917,0.00124588,0.166667,2.33333,0.157943,1.44676,0.000845909,-0.010868,5.25515,5.85277e-05,0.0113052,0.376054,14666.2,0.594292,0.243552,-0.1,0.1,1,933.38,1.16367e+07,0.0669985,0.00164986,0,0.00303445,-0.137641,nan,-0.006892,nan,nan,nan,nan,-0.0170277,-0.061002,-0.0165236,nan,-0.125332,-0.000283333,-0.134595,-0.34185,nan,-0.828272,-0.0781873,-0.459273,-0.0877,0.0145292,-0.00164513,0.05875,-1.02414
948,-44.7257,288.8,0.00135318,0.0416667,2.04167,0.152962,1.45097,0.000936725,-0.0101466,5.25403,5.85277e-05,0.0142685,0.376005,15114.1,0.570937,0.242079,-0.1,0.1,1,934.195,1.1649e+07,0.0667027,0.00184601,0,0.00331789,-0.144709,nan,-0.0082572,nan,nan,nan,nan,-0.0188091,-0.0656883,-0.018806,nan,-0.131469,-0.0002,-0.142059,-0.363752,nan,-0.729204,-0.077818,-0.48206,-0.09348,0.0155417,-0.00174372,0.0628,-0.774541
949,-37.263,237.244,0.00155534,0,1.875,0.158176,1.47299,0.000928486,-0.0098158,5.25321,5.85277e-05,0.0113085,0.376017,14979,0.574731,0.245618,-0.1,0.1,1,935.016,1.16613e+07,0.0602698,0.00144433,0,0.00278088,-0.117893,nan,-0.00671911,nan,nan,nan,nan,-0.0160515,-0.055532,-0.0153993,nan,-0.108076,-0.000266667,-0.118704,-0.303038,nan,-0.605817,-0.0709076,-0.396422,-0.0745333,0.0126515,-0.00138195,0.0437778,-0.600001
950,-44.1441,284.34,0.00127579,0.0416667,2.04167,0.157401,1.443,0.000944163,-0.0108081,5.25373,5.85277e-05,0.012815,0.376023,11220.1,0.739823,0.355353,-0.1,0.1,1,936.113,1.16736e+07,0.0598253,0.00155566,0,0.00336456,-0.142322,nan,-0.0083908,nan,nan,nan,nan,-0.0188502,-0.0671617,-0.0189125,nan,-0.129666,-0.00024,-0.138928,-0.35942,nan,-0.71328,-0.0777,-0.478007,-0.08894,0.0146622,-0.00162671,0.0633,-0.760494
951,-51.0675,313.255,0.00137132,0.0416667,2.25,0.156903,1.44034,0.00080328,-0.0100569,5.25274,5.85277e-05,0.0154599,0.375937,11660.2,0.731329,0.322517,-0.1,0.1,1,937.168,1.16859e+07,0.0626732,0.00201597,0,0.00353885,-0.15632,nan,-0.00836291,nan,nan,nan,nan,-0.0197646,-0.0693727,-0.0199527,nan,-0.142813,-0.0004,-0.149319,-0.394393,nan,-0.867409,-0.0877682,-0.524,-0.100964,0.0167716,-0.0018865,0.0694545,-0.908052
952,-43.8088,276.271,0.00120944,0.125,2.33333,0.157054,1.43271,0.00079321,-0.0117524,5.24968,5.85277e-05,0.019605,0.375852,12428.6,0.675608,0.313078,-0.1,0.1,1,938.158,1.16982e+07,0.0657514,0.00179719,0,0.00319353,-0.137617,nan,-0.00759763,nan,nan,nan,nan,-0.0174517,-0.0609565,-0.0175873,nan,-0.125791,-0.000389831,-0.133616,-0.337164,nan,-0.736497,-0.0757196,-0.459135,-0.0879831,0.014713,-0.00157332,0.0571186,-0.878035
953,-46.1962,293.444,0.00132992,0.0416667,1.83333,0.155665,1.42906,0.000831842,-0.0105587,5.24777,3.90184e-05,0.0201954,0.375784,11959.4,0.709192,0.318282,-0.1,0.1,1,939.187,1.17105e+07,0.0685713,0.0019531,0,0.00329862,-0.146888,nan,-0.00823022,nan,nan,nan,nan,-0.018889,-0.067158,-0.0188513,nan,-0.133728,-0.000511111,-0.136175,-0.366983,nan,-0.769479,-0.0823677,-0.490358,-0.0946222,0.0155686,-0.00174702,0.0693333,-0.994124
954,-38.8304,260.075,0.00124128,0,1.66667,0.157026,1.46058,0.000805795,-0.0088987,5.24592,3.90184e-05,0.0119408,0.375746,12336.5,0.677428,0.318637,-0.1,0.1,1,940.185,1.17228e+07,0.0669792,0.00183902,0,0.00327682,-0.129769,nan,-0.008035,nan,nan,nan,nan,-0.0173425,-0.0622104,-0.0178715,nan,-0.118682,-0.00025,-0.125188,-0.325983,nan,-0.613114,-0.0748119,-0.433283,-0.083875,0.0138769,-0.00147486,0.060875,-0.611809
955,-38.5415,252.647,0.00124263,0.0416667,2.08333,0.155015,1.46239,0.000866396,-0.00875397,5.2445,3.90184e-05,0.0136955,0.375666,11462.9,0.722532,0.349451,-0.1,0.1,1,941.258,1.1735e+07,0.0563757,0.00170887,0,0.00287381,-0.126541,nan,-0.00765882,nan,nan,nan,nan,-0.0161752,-0.0557063,-0.0173297,nan,-0.115078,-0.000372549,-0.126897,-0.317935,nan,-0.6205,-0.0712305,-0.41905,-0.0813922,0.0139565,-0.00139283,0.0561765,-0.687725
956,-39.7926,223.381,0.00143806,0,1.75,0.156557,1.44958,0.000924419,-0.00888662,5.24182,3.90184e-05,0.0139889,0.375606,11945.3,0.68987,0.338819,-0.1,0.1,1,942.288,1.17473e+07,0.0560471,0.0015796,0,0.00241459,-0.111184,nan,-0.00564095,nan,nan,nan,nan,-0.0124314,-0.041698,-0.0126871,nan,-0.101734,-0.000357143,-0.107947,-0.278049,nan,-0.734311,-0.0617373,-0.369689,-0.0697619,0.0121206,-0.00126789,0.0390476,-0.577026
957,-35.7886,226.511,0.0013998,0,1.875,0.154606,1.44766,0.000875724,-0.00854074,5.24024,3.90184e-05,0.0114043,0.375551,12593,0.65813,0.317653,-0.1,0.1,1,943.266,1.17596e+07,0.0463814,0.00152622,0,0.0028201,-0.113665,nan,-0.00655289,nan,nan,nan,nan,-0.0147224,-0.0494234,-0.0147246,nan,-0.103245,-0.000466667,-0.114968,-0.287862,nan,-0.587359,-0.0663044,-0.374706,-0.0717333,0.0125989,-0.00128514,0.0496667,-0.715545
958,-35.5078,243.447,0.00132855,0.0416667,1.91667,0.161171,1.45955,0.000925895,-0.00837325,5.23867,3.90184e-05,0.00770437,0.375537,11514.6,0.737591,0.329574,-0.1,0.1,1,944.334,1.17719e+07,0.0634712,0.00176443,0,0.00302952,-0.121453,nan,-0.0070966,nan,nan,nan,nan,-0.0163292,-0.0535916,-0.016747,nan,-0.110712,-0.000255319,-0.12119,-0.301026,nan,-0.552639,-0.0656348,-0.406219,-0.0772128,0.012823,-0.00139381,0.0538298,-0.460665
959,-45.3829,301.681,0.00138258,0.0416667,1.91667,0.158047,1.45325,0.00092475,-0.00859015,5.23823,3.90184e-05,0.0101561,0.37551,11552,0.727625,0.336091,-0.1,0.1,1,945.4,1.17842e+07,0.0763861,0.00186978,0,0.00366865,-0.150487,nan,-0.00873021,nan,nan,nan,nan,-0.0199493,-0.0694693,-0.0199606,nan,-0.137622,-0.000531915,-0.148679,-0.37527,nan,-0.728551,-0.0825554,-0.502075,-0.0925106,0.0160018,-0.00177775,0.0688298,-0.918678
960,-43.5479,263.064,0.00148081,0.0416667,1.91667,0.154119,1.41,0.000834254,-0.0079068,5.23728,3.90184e-05,0.00808837,0.37551,12156.9,0.697914,0.312874,-0.1,0.1,1,946.413,1.17965e+07,0.0593168,0.00164372,0,0.00292724,-0.13274,nan,-0.00742681,nan,nan,nan,nan,-0.0157137,-0.0547984,-0.0164237,nan,-0.119847,-0.000553191,-0.128419,-0.32797,nan,-0.756187,-0.0694294,-0.436112,-0.0847234,0.0141158,-0.00150543,0.0502128,-0.802976
961,-44.9071,298.343,0.00132431,0.0416667,1.41667,0.163239,1.41239,0.000790609,-0.00876148,5.23746,3.90184e-05,0.0112757,0.375508,14679.7,0.60195,0.235126,-0.1,0.1,1,947.251,1.18088e+07,0.0587289,0.00234502,0,0.00374791,-0.149808,nan,-0.008564,nan,nan,nan,nan,-0.0195816,-0.0686002,-0.0200078,nan,-0.135788,-0.000342857,-0.146353,-0.362742,nan,-0.715027,-0.0846742,-0.494768,-0.0946,0.0167391,-0.00195031,0.0715714,-0.669772
962,-37.7638,247.651,0.00140315,0,1.79167,0.164657,1.42885,0.000859496,-0.00906084,5.23698,3.90184e-05,0.0114867,0.375483,13176,0.589723,0.342883,-0.1,0.1,1,948.185,1.18211e+07,0.0574949,0.00144369,0,0.00287668,-0.123747,nan,-0.0070186,nan,nan,nan,nan,-0.0162548,-0.0568475,-0.01635,nan,-0.112492,-0.000534884,-0.123177,-0.307327,nan,-0.612725,-0.0694308,-0.408406,-0.0786047,0.013086,-0.00152154,0.057093,-0.737419
963,-50.618,277.9,0.00151233,0.0416667,1.625,0.162781,1.41282,0.000842836,-0.00874766,5.2364,3.90184e-05,0.00882673,0.375488,12118.4,0.674782,0.339215,-0.1,0.1,1,949.2,1.18333e+07,0.0627576,0.00184028,0,0.00274423,-0.138443,nan,-0.0070605,nan,nan,nan,nan,-0.0161576,-0.0554914,-0.016014,nan,-0.126341,-0.00025,-0.138495,-0.342153,nan,-0.948654,-0.0774738,-0.459584,-0.088375,0.0145449,-0.00171084,0.052375,-1.10649
964,-43.0306,256.264,0.00133148,0.0416667,2.16667,0.158495,1.4392,0.000890563,-0.00871992,5.23618,3.90184e-05,0.0121986,0.375452,12200.5,0.677078,0.330095,-0.1,0.1,1,950.209,1.18456e+07,0.0631917,0.00152901,0,0.00275873,-0.127028,nan,-0.00705396,nan,nan,nan,nan,-0.0154068,-0.0528202,-0.0160306,nan,-0.116411,-0.000471698,-0.133909,-0.317308,nan,-0.756032,-0.0709556,-0.423216,-0.0801132,0.0138089,-0.00156111,0.0460377,-0.709042
965,-42.7402,236.476,0.00132061,0,1.75,0.160239,1.3935,0.000871737,-0.00861367,5.23504,3.90184e-05,0.0108098,0.375433,13274,0.660601,0.265117,-0.1,0.1,1,951.136,1.18579e+07,0.0477212,0.00132944,0,0.00262409,-0.118089,nan,-0.00613619,nan,nan,nan,nan,-0.0135004,-0.0463223,-0.0136659,nan,-0.107779,-0.000880952,-0.114541,-0.297006,nan,-0.797473,-0.0654936,-0.391349,-0.0747143,0.013352,-0.00140169,0.052619,-0.962751
966,-38.4655,244.043,0.00127932,0,1.91667,0.155885,1.42693,0.000862982,-0.00906184,5.23438,3.90184e-05,0.0117077,0.375411,14914.6,0.586441,0.237449,-0.1,0.1,1,951.962,1.18702e+07,0.0614841,0.00165949,0,0.00259645,-0.122306,nan,-0.00713522,nan,nan,nan,nan,-0.0151848,-0.052153,-0.0156636,nan,-0.110737,-0.000847826,-0.126975,-0.306155,nan,-0.651666,-0.0663733,-0.40131,-0.0737609,0.0133874,-0.00143223,0.0534783,-0.684624
967,-35.7834,259.022,0.00135925,0.0833333,1.79167,0.158248,1.44165,0.000858547,-0.00812619,5.23353,3.90184e-05,0.0105808,0.375391,15215.8,0.565951,0.24163,-0.1,0.1,1,952.771,1.18825e+07,0.0603317,0.00147889,0,0.00319265,-0.129334,nan,-0.00782578,nan,nan,nan,nan,-0.0179732,-0.0639764,-0.0178972,nan,-0.117971,-0.000533333,-0.128585,-0.330973,nan,-0.509835,-0.0722811,-0.431552,-0.0837333,0.0144964,-0.00155446,0.0607778,-0.13878
968,-50.4755,352.348,0.00142498,0.0416667,1.875,0.161558,1.42425,0.000894842,-0.00887564,5.23256,3.90184e-05,0.0121083,0.375343,12090.9,0.664459,0.35184,-0.1,0.1,1,953.788,1.18948e+07,0.082676,0.0019887,0,0.004429,-0.175967,nan,-0.0109778,nan,nan,nan,nan,-0.0229808,-0.0807518,-0.0247079,nan,-0.160667,-0.000521739,-0.176433,-0.434737,nan,-0.771776,-0.0886605,-0.582248,-0.111239,0.0188421,-0.00207337,0.0826087,-0.811682
969,-40.1156,254.521,0.00138798,0,2,0.162036,1.4296,0.000886099,-0.00789572,5.23142,3.90184e-05,0.00667448,0.375353,11893.4,0.677038,0.35614,-0.1,0.1,1,954.823,1.19071e+07,0.0567636,0.00181723,0,0.00309164,-0.126653,nan,-0.00712667,nan,nan,nan,nan,-0.0156703,-0.0542967,-0.0160925,nan,-0.115814,-0.000416667,-0.123627,-0.310191,nan,-0.677989,-0.0662803,-0.418919,-0.0796042,0.013849,-0.00162705,0.0555208,-0.84011
970,-44.7024,289.952,0.0013011,0.0416667,1.70833,0.159753,1.42175,0.000823313,-0.0090857,5.23267,3.90184e-05,0.0111951,0.375403,12224.8,0.680086,0.325084,-0.1,0.1,1,955.83,1.19194e+07,0.0645209,0.0019308,0,0.00332236,-0.144393,nan,-0.00861476,nan,nan,nan,nan,-0.0184806,-0.0646992,-0.0191719,nan,-0.131661,-0.00047619,-0.145311,-0.358303,nan,-0.730463,-0.0778451,-0.476483,-0.0924524,0.0162115,-0.0017325,0.0632143,-0.959566
971,-38.5239,261.098,0.00138844,0,2.125,0.159114,1.41696,0.000904843,-0.0093464,5.23367,3.90184e-05,0.0138768,0.375415,14530.4,0.609792,0.235885,-0.1,0.1,1,956.677,1.19316e+07,0.0572304,0.00157331,0,0.0030215,-0.129733,nan,-0.00779922,nan,nan,nan,nan,-0.017012,-0.0579021,-0.0178747,nan,-0.118811,-0.000490196,-0.128688,-0.323694,nan,-0.610882,-0.0732603,-0.428421,-0.0806667,0.0141738,-0.00161883,0.0615686,-0.68246
972,-43.5956,277.778,0.00142106,0.0833333,2.16667,0.157461,1.43156,0.000823255,-0.00795257,5.23375,3.90184e-05,0.0101196,0.375416,15374.5,0.560814,0.238433,-0.1,0.1,1,957.477,1.19439e+07,0.0551394,0.00179584,0,0.00320324,-0.138717,nan,-0.00805111,nan,nan,nan,nan,-0.0175462,-0.0612343,-0.0180024,nan,-0.126218,-0.000314815,-0.142101,-0.343268,nan,-0.712661,-0.0741062,-0.456614,-0.0887407,0.014972,-0.00167125,0.0533333,-0.803089
973,-37.37,210.488,0.00119506,0,1.70833,0.156456,1.42234,0.000793166,-0.00713099,5.23368,3.90184e-05,0.0120191,0.375422,12726.1,0.611325,0.354249,-0.1,0.1,1,958.444,1.19562e+07,0.0474858,0.00136395,0,0.00237534,-0.104914,nan,-0.00572585,nan,nan,nan,nan,-0.0120229,-0.0388175,-0.0125679,nan,-0.095843,-0.000439024,-0.0958712,-0.255512,nan,-0.697191,-0.0576696,-0.347262,-0.065122,0.0112245,-0.00117252,0.0410976,-1.06552
974,-43.9083,281.269,0.0013973,0.0416667,2.125,0.154824,1.39938,0.000917137,-0.00819346,5.2337,3.90184e-05,0.0115953,0.375417,11580.8,0.683069,0.377995,-0.1,0.1,1,959.507,1.19685e+07,0.0641619,0.0019416,0,0.00332084,-0.140253,nan,-0.00831462,nan,nan,nan,nan,-0.0174732,-0.0610398,-0.0183481,nan,-0.127789,-0.000480769,-0.137291,-0.351106,nan,-0.726929,-0.0766795,-0.461289,-0.0883269,0.0156056,-0.00162823,0.0602885,-0.919532
975,-42.4017,262.366,0.00127884,0.0416667,1.66667,0.157265,1.42756,0.00074294,-0.00923683,5.23296,3.90184e-05,0.0162595,0.375386,12332.4,0.660378,0.336022,-0.1,0.1,1,960.504,1.19808e+07,0.0700222,0.00170535,0,0.00294172,-0.129449,nan,-0.00771756,nan,nan,nan,nan,-0.015675,-0.0540531,-0.016282,nan,-0.119334,-0.000121951,-0.12333,-0.32974,nan,-0.73662,-0.0702301,-0.430603,-0.0825122,0.0144406,-0.00151792,0.0584146,-0.68526
976,-32.9113,220.133,0.0012075,0,1.875,0.154911,1.46212,0.000768484,-0.00880729,5.23215,3.90184e-05,0.0130345,0.375381,12894.8,0.66402,0.288924,-0.1,0.1,1,961.459,1.19931e+07,0.0528859,0.00158996,0,0.00274182,-0.110793,nan,-0.00657911,nan,nan,nan,nan,-0.0140962,-0.0491253,-0.0151391,nan,-0.100184,-0.000244444,-0.109803,-0.271647,nan,-0.517703,-0.0630541,-0.363484,-0.0710667,0.0119728,-0.001204,0.0457778,-0.498085
977,-39.2435,268.045,0.00136326,0.0833333,1.75,0.15836,1.45304,0.000899343,-0.0083524,5.23195,3.90184e-05,0.0131158,0.37536,15354.5,0.56269,0.237599,-0.1,0.1,1,962.26,1.20054e+07,0.0567049,0.00183971,0,0.00351945,-0.134185,nan,-0.00759955,nan,nan,nan,nan,-0.0178357,-0.0604622,-0.0181589,nan,-0.122109,-0.000227273,-0.126813,-0.335684,nan,-0.598294,-0.0760985,-0.444292,-0.0829545,0.0142233,-0.0015926,0.0546591,-0.734971
978,-39.82,233.816,0.00145629,0.0416667,2,0.158394,1.44293,0.000925548,-0.00867508,5.23105,3.90184e-05,0.01758,0.37534,13763.3,0.5693,0.32351,-0.1,0.1,1,963.154,1.20177e+07,0.0688337,0.0014544,0,0.00257241,-0.117222,nan,-0.00635102,nan,nan,nan,nan,-0.0138284,-0.0467349,-0.0141624,nan,-0.106667,-0.000306122,-0.112007,-0.286158,nan,-0.724573,-0.0619867,-0.386785,-0.0737347,0.0125172,-0.00133131,0.0497959,-0.711842
979,-40.2241,261.081,0.00141686,0.0416667,1.5,0.157063,1.44566,0.000865213,-0.00968366,5.23033,3.90184e-05,0.0115263,0.375318,11724.1,0.688541,0.359558,-0.1,0.1,1,964.204,1.203e+07,0.0521939,0.0017034,0,0.0030815,-0.130503,nan,-0.0076173,nan,nan,nan,nan,-0.017038,-0.0583118,-0.0173238,nan,-0.118686,-0.00072973,-0.135752,-0.327985,nan,-0.643078,-0.0686948,-0.432153,-0.0811351,0.0134925,-0.0015517,0.0517568,-1.14549
980,-42.451,266.14,0.00137032,0.0833333,1.70833,0.153367,1.39568,0.000966113,-0.00924171,5.22918,3.90184e-05,0.0135348,0.375277,12086.5,0.678188,0.338486,-0.1,0.1,1,965.222,1.20422e+07,0.0495899,0.00171075,0,0.00325847,-0.134038,nan,-0.00772558,nan,nan,nan,nan,-0.0165567,-0.0559318,-0.0173004,nan,-0.121278,-0.0012093,-0.133928,-0.328141,nan,-0.706764,-0.0745455,-0.438865,-0.0818605,0.0148513,-0.00154334,0.0555814,-0.916283
981,-40.4062,274.872,0.00128503,0,1.625,0.154192,1.39313,0.000782977,-0.00814856,5.22808,3.90184e-05,0.0148003,0.375268,12873,0.678512,0.276042,-0.1,0.1,1,966.178,1.20545e+07,0.0650346,0.00165519,0,0.00337571,-0.136989,nan,-0.00866205,nan,nan,nan,nan,-0.017039,-0.0567299,-0.0182717,nan,-0.124747,-0.000923077,-0.145239,-0.345056,nan,-0.630873,-0.0743547,-0.447675,-0.0874103,0.0148986,-0.00152603,0.059359,-0.674076
982,-43.2623,263.17,0.00119743,0.0416667,1.91667,0.15921,1.40677,0.000817857,-0.00786271,5.22828,3.90184e-05,0.00950335,0.375297,14829.4,0.592845,0.235778,-0.1,0.1,1,967.008,1.20668e+07,0.0654841,0.00175042,0,0.00288848,-0.132899,nan,-0.00744681,nan,nan,nan,nan,-0.0152597,-0.0508083,-0.0165582,nan,-0.119844,-0.000489362,-0.13046,-0.325518,nan,-0.754966,-0.0671632,-0.43473,-0.083,0.0142026,-0.00150405,0.0524468,-0.83159
983,-42.5888,269.444,0.00143605,0.0416667,2.20833,0.156514,1.44614,0.000879931,-0.00876401,5.22904,3.90184e-05,0.0126094,0.375294,15145.4,0.564662,0.246673,-0.1,0.1,1,967.821,1.20791e+07,0.0642293,0.00188425,0,0.0030073,-0.13558,nan,-0.00744074,nan,nan,nan,nan,-0.0164204,-0.0555701,-0.0174729,nan,-0.122542,-0.000703704,-0.139524,-0.339953,nan,-0.714059,-0.0725234,-0.442237,-0.0849444,0.0142785,-0.00163581,0.0593519,-0.937942
984,-39.073,247.622,0.00114255,0,1.875,0.157047,1.40793,0.000736619,-0.00848827,5.22808,3.90184e-05,0.0133938,0.37525,13389.3,0.575469,0.342278,-0.1,0.1,1,968.74,1.20914e+07,0.0588951,0.00154695,0,0.00288373,-0.12312,nan,-0.00696622,nan,nan,nan,nan,-0.015657,-0.0533178,-0.0157957,nan,-0.112401,-0.000377778,-0.119031,-0.309721,nan,-0.654966,-0.0666598,-0.408007,-0.0744222,0.0127958,-0.0014491,0.0484444,-0.74778
985,-51.3979,304.025,0.00132237,0.0833333,1.58333,0.158298,1.43368,0.000835303,-0.00812824,5.2272,3.90184e-05,0.0103464,0.375247,11407.9,0.677748,0.399401,-0.1,0.1,1,969.819,1.21037e+07,0.059854,0.00217595,0,0.00350008,-0.152053,nan,-0.0081145,nan,nan,nan,nan,-0.0182694,-0.0627005,-0.0184333,nan,-0.138269,-0.000875,-0.154945,-0.37574,nan,-0.901817,-0.0872184,-0.500922,-0.091675,0.016391,-0.00185479,0.061375,-0.801213
986,-40.5597,253.925,0.00143177,0.0833333,1.58333,0.155214,1.41924,0.000848808,-0.00745403,5.22678,3.90184e-05,0.0115516,0.375208,12320.1,0.657609,0.339789,-0.1,0.1,1,970.818,1.2116e+07,0.0544999,0.00140579,0,0.0027479,-0.126014,nan,-0.0075095,nan,nan,nan,nan,-0.0162353,-0.0536788,-0.0166113,nan,-0.115723,-0.00065,-0.136948,-0.319241,nan,-0.672005,-0.0767286,-0.417918,-0.076925,0.0136155,-0.00149693,0.0525,-0.767147
987,-46.9089,289.45,0.0013404,0.0416667,2.45833,0.155547,1.43475,0.000816623,-0.00839061,5.22534,3.90184e-05,0.011555,0.375168,12494.3,0.716038,0.267453,-0.1,0.1,1,971.803,1.21283e+07,0.0693074,0.00186626,0,0.00334708,-0.144252,nan,-0.00761867,nan,nan,nan,nan,-0.0176232,-0.0604968,-0.0179667,nan,-0.131404,-0.000216667,-0.15188,-0.364932,nan,-0.796891,-0.079853,-0.473656,-0.0896667,0.0145788,-0.00169281,0.06325,-0.736819
988,-35.5084,223.4,0.0013469,0,1.45833,0.157106,1.40187,0.000822383,-0.00805704,5.22434,3.90184e-05,0.0086925,0.375139,14623.7,0.586146,0.254136,-0.1,0.1,1,972.645,1.21405e+07,0.0533289,0.00158276,0,0.00251654,-0.112756,nan,-0.00621886,nan,nan,nan,nan,-0.0141051,-0.0453797,-0.0148779,nan,-0.10156,-0.000514286,-0.119781,-0.277679,nan,-0.591486,-0.066478,-0.367838,-0.0720571,0.0114831,-0.0012966,0.0528571,-0.920158
989,-44.825,284.614,0.0014552,0.0833333,1.75,0.158239,1.40982,0.00091212,-0.00808938,5.22384,3.90184e-05,0.0129209,0.37513,11807.9,0.688368,0.352293,-0.1,0.1,1,973.687,1.21528e+07,0.0654699,0.00198989,0,0.00320332,-0.14207,nan,-0.00808409,nan,nan,nan,nan,-0.0176805,-0.0622901,-0.0187373,nan,-0.12892,-0.000409091,-0.14901,-0.352632,nan,-0.743131,-0.0793257,-0.466365,-0.0908636,0.0144707,-0.00171839,0.0569318,-0.767337
990,-52.6152,341.083,0.00147948,0.0833333,1.91667,0.151449,1.42968,0.000877938,-0.00901563,5.22392,3.90184e-05,0.00704674,0.375157,11840.4,0.704429,0.33337,-0.1,0.1,1,974.726,1.21651e+07,0.0703161,0.00243012,0,0.00385144,-0.170835,nan,-0.00962958,nan,nan,nan,nan,-0.0220841,-0.0776115,-0.021865,nan,-0.154793,-0.000479167,-0.174632,-0.421661,nan,-0.855416,-0.0920049,-0.561851,-0.107667,0.0178214,-0.00210691,0.0758333,-1.027
991,-46.7034,270.345,0.00139132,0.0833333,2.20833,0.153784,1.4203,0.000931239,-0.00837767,5.22464,3.90184e-05,0.00835052,0.375158,12130.1,0.678771,0.33425,-0.1,0.1,1,975.741,1.21774e+07,0.0638063,0.00169702,0,0.00287422,-0.134347,nan,-0.00733055,nan,nan,nan,nan,-0.0156183,-0.0520778,-0.0161131,nan,-0.122618,-0.0002,-0.145437,-0.333897,nan,-0.840491,-0.0752878,-0.441222,-0.0834545,0.0137892,-0.0016878,0.0524545,-1.22228
992,-47.6592,304.293,0.00127331,0.208333,2.20833,0.155264,1.40192,0.000801595,-0.00880384,5.22422,3.90184e-05,0.015204,0.375137,14187.3,0.624809,0.24132,-0.1,0.1,1,976.609,1.21897e+07,0.0717321,0.00244503,0,0.00360845,-0.152309,nan,-0.00843138,nan,nan,nan,nan,-0.0189484,-0.0648079,-0.0198316,nan,-0.138084,-0.000568966,-0.156857,-0.377755,nan,-0.793628,-0.0825789,-0.498462,-0.0948276,0.0155618,-0.00183128,0.0665517,-0.863146
993,-46.585,278.068,0.00153763,0.125,1.70833,0.155938,1.44831,0.000903859,-0.00924245,5.22311,3.90184e-05,0.00971644,0.375088,15442.2,0.556688,0.239055,-0.1,0.1,1,977.406,1.2202e+07,0.0621113,0.00198356,0,0.00308306,-0.138283,nan,-0.00731818,nan,nan,nan,nan,-0.016982,-0.0581424,-0.0173066,nan,-0.126339,-0.000409091,-0.144793,-0.351959,nan,-0.812871,-0.0810101,-0.456941,-0.0881591,0.0145845,-0.00173094,0.0630682,-1.26012
994,-37.6998,245.841,0.0014735,0,1.83333,0.153306,1.45751,0.000919535,-0.00877786,5.22229,3.90184e-05,0.0141281,0.375121,12495.3,0.6303,0.353108,-0.1,0.1,1,978.39,1.22143e+07,0.0594208,0.00158185,0,0.00292841,-0.123487,nan,-0.00729182,nan,nan,nan,nan,-0.0155375,-0.0509095,-0.0158992,nan,-0.111502,-0.000545455,-0.128071,-0.309931,nan,-0.608512,-0.0727459,-0.403016,-0.0764773,0.0130971,-0.00148935,0.0572727,-0.688408
995,-35.655,250.822,0.00135818,0,1.875,0.157196,1.41716,0.000879348,-0.00768344,5.22384,3.90184e-05,0.0108302,0.375165,11433.8,0.686469,0.388238,-0.1,0.1,1,979.466,1.22266e+07,0.0669342,0.00170248,0,0.00311461,-0.125426,nan,-0.00740489,nan,nan,nan,nan,-0.0171538,-0.0569386,-0.0171369,nan,-0.113734,-0.0004,-0.136492,-0.309593,nan,-0.541789,-0.0739096,-0.409485,-0.0746667,0.0130289,-0.00154791,0.0646667,-0.697781
996,-33.5758,235.163,0.00137241,0.0416667,2,0.160551,1.43426,0.000867402,-0.00798759,5.22514,3.90184e-05,0.0136568,0.375214,12490.5,0.6681,0.315689,-0.1,0.1,1,980.451,1.22388e+07,0.0490274,0.0015123,0,0.0030039,-0.11767,nan,-0.00696857,nan,nan,nan,nan,-0.0162939,-0.0540163,-0.0160027,nan,-0.106766,-0.000408163,-0.12506,-0.294161,nan,-0.490502,-0.0733732,-0.384623,-0.0719388,0.0123965,-0.00144602,0.0517347,-0.456121
997,-30.1826,210.024,0.00156732,0,1.70833,0.155877,1.43537,0.000974068,-0.00885582,5.22541,3.90184e-05,0.0136826,0.375157,13759.1,0.630088,0.262991,-0.1,0.1,1,981.346,1.22511e+07,0.051032,0.00111618,0,0.00269187,-0.104458,nan,-0.00639561,nan,nan,nan,nan,-0.0141389,-0.0458236,-0.0141986,nan,-0.0953298,-0.000414634,-0.110371,-0.263975,nan,-0.455141,-0.0601741,-0.343527,-0.0663902,0.0111193,-0.00121239,0.0464634,-0.546723
998,-43.1415,282.6,0.00158229,0.0833333,1.79167,0.153212,1.42738,0.000805999,-0.00832693,5.22279,3.90184e-05,0.00577658,0.375088,15352.3,0.560762,0.23964,-0.1,0.1,1,982.147,1.22634e+07,0.068367,0.0019594,0,0.00327295,-0.142044,nan,-0.00780222,nan,nan,nan,nan,-0.0180846,-0.0614604,-0.0189574,nan,-0.128392,-0.000444444,-0.154799,-0.358414,nan,-0.690857,-0.0789217,-0.464266,-0.0862444,0.0143037,-0.00178974,0.0623333,-0.853513
999,-45.4074,297.6,0.00157559,0.0833333,1.79167,0.155786,1.41958,0.00101387,-0.00861493,5.22056,3.90184e-05,0.0111458,0.375028,15256.9,0.564155,0.241249,-0.1,0.1,1,982.954,1.22757e+07,0.0600123,0.00178691,0,0.00337584,-0.148417,nan,-0.00881556,nan,nan,nan,nan,-0.0191973,-0.0655985,-0.019932,nan,-0.134974,-0.000466667,-0.164068,-0.365182,nan,-0.725348,-0.0807764,-0.486919,-0.0902,0.014557,-0.00187778,0.0624444,-0.755791
1000,-53.0854,306,0.00145597,0,2.08333,0.15771,1.39903,0.000865751,-0.00857865,5.21951,3.90184e-05,0.00679143,0.375051,11884.3,0.626599,0.407368,-0.1,0.1,1,983.989,1.2288e+07,0.0721604,0.00231397,0,0.00301903,-0.152987,nan,-0.007584,nan,nan,nan,nan,-0.0179762,-0.0613814,-0.0181996,nan,-0.138692,-0.00064,-0.163794,-0.383085,nan,-0.954885,-0.0836956,-0.502964,-0.0931,0.0146718,-0.00190593,0.0626,-0.877489
1001,-41.7291,239.13,0.00117912,0.0833333,2.16667,0.153418,1.42811,0.000750935,-0.00951551,5.22102,3.90184e-05,0.014696,0.375107,13134.4,0.661179,0.274378,-0.2,0.15,1,987.001,1.23003e+07,0.0583366,0.00153974,0,0.00250318,-0.124586,nan,-0.00598593,nan,nan,nan,nan,-0.0137914,-0.0466631,-0.0139853,nan,-0.108178,-0.000351852,-0.125617,-0.29902,nan,-0.752844,-0.0645806,-0.392375,-0.0715926,0.0117625,-0.00152492,0.0461111,-0.668206
1002,-45.1079,249.659,0.00106827,0,1.70833,0.156648,1.41374,0.000698403,-0.00892311,5.22221,3.90184e-05,0.0111699,0.375125,15152.9,0.571964,0.238971,-0.2,0.15,1,987.813,1.23126e+07,0.0611471,0.00132488,0,0.00270278,-0.143945,nan,-0.00611024,nan,nan,nan,nan,-0.014805,-0.0498008,-0.0145098,nan,-0.113116,-0.000634146,-0.140716,-0.315498,nan,-0.820878,-0.0734326,-0.41031,-0.0747073,0.0123834,-0.00149489,0.0584146,-0.963097
1003,-38.7676,268.037,0.00115634,0.0833333,2.16667,0.161666,1.40703,0.000808302,-0.00823648,5.22231,3.90184e-05,0.0100238,0.375119,15415.8,0.558504,0.238598,-0.2,0.15,1,988.612,1.23249e+07,0.0644713,0.00167204,0,0.00341306,-0.164827,nan,-0.00792593,nan,nan,nan,nan,-0.0177009,-0.059045,-0.0179103,nan,-0.121016,-0.000407407,-0.148177,-0.332613,nan,-0.573388,-0.0757119,-0.43487,-0.0813148,0.0130923,-0.00168535,0.0650926,-0.668679
1004,-51.2841,306.327,0.00120463,0.0833333,1.95833,0.158283,1.41448,0.000739641,-0.00843261,5.22206,3.90184e-05,0.0102594,0.375103,12970.5,0.599564,0.347813,-0.2,0.15,1,989.56,1.23372e+07,0.0744122,0.00208147,0,0.00334026,-0.19265,nan,-0.00809959,nan,nan,nan,nan,-0.018491,-0.0632226,-0.0191266,nan,-0.138584,-0.000632653,-0.170408,-0.375121,nan,-0.872865,-0.0871739,-0.499027,-0.0950816,0.0157844,-0.00205345,0.065,-0.992455
1005,-41.6328,262.25,0.00105169,0.0416667,1.95833,0.155239,1.41646,0.000661598,-0.0091844,5.22131,3.90184e-05,0.0144045,0.375077,11483.9,0.700247,0.369771,-0.2,0.15,1,990.632,1.23494e+07,0.0521009,0.00166287,0,0.0031277,-0.183873,nan,-0.00738083,nan,nan,nan,nan,-0.0173533,-0.0573073,-0.0170017,nan,-0.118943,-0.000291667,-0.151871,-0.323308,nan,-0.652577,-0.0767447,-0.430005,-0.0823125,0.0128573,-0.00170052,0.0628125,-0.897888
1006,-43.8266,272.457,0.000999184,0.0833333,1.83333,0.157019,1.44155,0.000668359,-0.00912548,5.22069,3.90184e-05,0.0143648,0.375076,12211.9,0.661572,0.344661,-0.2,0.15,1,991.64,1.23617e+07,0.0608197,0.00185998,0,0.00332935,-0.196191,nan,-0.00753478,nan,nan,nan,nan,-0.0168834,-0.0567435,-0.0177134,nan,-0.123403,-0.000413043,-0.149453,-0.33723,nan,-0.69903,-0.0785804,-0.444373,-0.0855217,0.0137177,-0.00167161,0.0626087,-0.683806
1007,-53.7562,309.686,0.00113676,0.0416667,2.08333,0.155017,1.43486,0.000694959,-0.00985365,5.22076,3.90184e-05,0.00782648,0.375071,11953.5,0.690243,0.33774,-0.2,0.15,1,992.67,1.2374e+07,0.0723239,0.00208091,0,0.00320048,-0.219096,nan,-0.00795647,nan,nan,nan,nan,-0.0180936,-0.0602621,-0.0182412,nan,-0.140136,-0.000196078,-0.168012,-0.375201,nan,-0.936303,-0.0835704,-0.505557,-0.0967647,0.0158474,-0.00196093,0.0642157,-0.840044
1008,-39.0268,238.957,0.00118604,0.0416667,1.875,0.155315,1.42962,0.000720421,-0.00891665,5.21995,3.90184e-05,0.00696105,0.375034,10887.7,0.710986,0.417627,-0.2,0.15,1,993.8,1.23863e+07,0.0538371,0.00188045,0,0.00281433,-0.186128,nan,-0.0064287,nan,nan,nan,nan,-0.0153744,-0.0515562,-0.0151423,nan,-0.108546,-0.000456522,-0.131131,-0.298623,nan,-0.615122,-0.0698062,-0.391612,-0.0762609,0.0124867,-0.00149947,0.0513043,-0.696427
1009,-36.2099,232.487,0.00111111,0,1.625,0.156837,1.41378,0.000601122,-0.00873157,5.21852,3.90184e-05,0.0122185,0.374986,11725.8,0.702062,0.345888,-0.2,0.15,1,994.85,1.23986e+07,0.054575,0.00161368,0,0.00277215,-0.189996,nan,-0.00644205,nan,nan,nan,nan,-0.0153924,-0.0498045,-0.0147617,nan,-0.105573,-0.000487179,-0.12519,-0.286481,nan,-0.546331,-0.0690079,-0.380869,-0.0730769,0.0125388,-0.00146006,0.0511538,-0.380379
1010,-40.4333,242.047,0.00119589,0,1.79167,0.15367,1.38476,0.000688949,-0.00863186,5.21696,3.90184e-05,0.0134665,0.374939,12178,0.679516,0.329515,-0.2,0.15,1,995.86,1.24109e+07,0.0565713,0.00160112,0,0.00293973,-0.210349,nan,-0.00703535,nan,nan,nan,nan,-0.0147457,-0.0491669,-0.0152509,nan,-0.109596,-0.000209302,-0.128582,-0.303055,nan,-0.64606,-0.069899,-0.395446,-0.075093,0.0125874,-0.00141325,0.0512791,-0.576881
1011,-34.6301,220.429,0.0010888,0.0416667,1.70833,0.157283,1.41261,0.000609921,-0.00899709,5.21593,3.90184e-05,0.0110313,0.374938,12418.6,0.640122,0.349363,-0.2,0.15,1,996.851,1.24232e+07,0.0415079,0.00156845,0,0.00264152,-0.193154,nan,-0.00622667,nan,nan,nan,nan,-0.0144316,-0.0473216,-0.0144355,nan,-0.100192,-0.000380952,-0.119202,-0.273767,nan,-0.510725,-0.0638618,-0.361737,-0.0701667,0.0118545,-0.00135644,0.0519048,-0.448182
1012,-44.602,252.676,0.00126692,0.0416667,1.375,0.155457,1.40496,0.000753384,-0.00814772,5.21551,3.90184e-05,0.00865564,0.374901,12114.2,0.676005,0.338345,-0.2,0.15,1,997.866,1.24355e+07,0.0589188,0.00177425,0,0.00283463,-0.223654,nan,-0.00677471,nan,nan,nan,nan,-0.0147378,-0.0492917,-0.0155325,nan,-0.114687,-0.000147059,-0.137874,-0.320688,nan,-0.74021,-0.0733439,-0.415307,-0.0783529,0.0127474,-0.00154823,0.0519118,-0.806953
1013,-63.4965,382.767,0.00125845,0,1.79167,0.154161,1.39618,0.000809702,-0.00945835,5.21399,3.90184e-05,0.0073408,0.374872,12014,0.6892,0.333605,-0.2,0.15,1,998.891,1.24477e+07,0.103401,0.00266143,0,0.0039288,-0.316201,nan,-0.0101698,nan,nan,nan,nan,-0.0230834,-0.0810706,-0.0239048,nan,-0.173342,-0.000976744,-0.213428,-0.468072,nan,-1.04307,-0.102563,-0.623778,-0.116767,0.0194882,-0.0025268,0.0866279,-0.634993
1014,-41.541,236.85,0.00101095,0,1.66667,0.159071,1.39697,0.000662108,-0.0077187,5.21315,3.90184e-05,0.0140371,0.374849,13921.1,0.618653,0.264033,-0.2,0.15,1,999.775,1.246e+07,0.0492314,0.00152908,0,0.00256265,-0.210545,nan,-0.0059595,nan,nan,nan,nan,-0.0146673,-0.0483742,-0.0142102,nan,-0.107576,-0.000825,-0.12647,-0.293855,nan,-0.69491,-0.0677441,-0.390463,-0.0725,0.0124088,-0.00146959,0.05975,-0.874077
1015,-47.004,263.238,0.00103004,0,1.75,0.161052,1.39756,0.000704739,-0.00811753,5.21203,3.90184e-05,0.0101938,0.374804,14999.2,0.57938,0.239866,-0.2,0.15,1,1000.6,1.24723e+07,0.0637158,0.00158637,0,0.00275274,-0.235105,nan,-0.00681762,nan,nan,nan,nan,-0.015566,-0.0508794,-0.0159907,nan,-0.119336,-0.0005,-0.146009,-0.32014,nan,-0.801278,-0.0729967,-0.428477,-0.0785476,0.0125217,-0.00172381,0.0521429,-0.884573
1016,-53.0815,297.462,0.00101181,0.0416667,1.58333,0.161782,1.38628,0.00063407,-0.00832048,5.20991,3.90184e-05,0.00549963,0.374731,14982.1,0.570876,0.249303,-0.2,0.15,1,1001.42,1.24846e+07,0.0635079,0.00213817,0,0.0030885,-0.276296,nan,-0.00765231,nan,nan,nan,nan,-0.0172558,-0.0587044,-0.0176532,nan,-0.134688,-0.000358974,-0.161728,-0.366983,nan,-0.890213,-0.0820002,-0.487624,-0.0929744,0.016626,-0.00187843,0.0608974,-0.885414
1017,-45.4502,276.426,0.00108692,0.0416667,1.91667,0.155883,1.39709,0.000701952,-0.00863135,5.20806,3.90184e-05,0.00722096,0.374702,15055.1,0.563878,0.252325,-0.2,0.15,1,1002.23,1.24969e+07,0.0606386,0.00181238,0,0.00310244,-0.250043,nan,-0.00737574,nan,nan,nan,nan,-0.0178481,-0.0621062,-0.017998,nan,-0.125309,-0.000361702,-0.157418,-0.345106,nan,-0.703564,-0.0820775,-0.452956,-0.0858298,0.0138494,-0.00169564,0.068617,-0.744227
1018,-49.706,292.146,0.00128301,0.0416667,1.66667,0.158206,1.39911,0.000668559,-0.0093951,5.20751,3.90184e-05,0.0114965,0.374692,15211.1,0.563756,0.244076,-0.2,0.15,1,1003.04,1.25092e+07,0.0594201,0.00179801,0,0.00334456,-0.275133,nan,-0.0079478,nan,nan,nan,nan,-0.0176351,-0.0601351,-0.0179598,nan,-0.132149,-0.000390244,-0.164329,-0.354001,nan,-0.804097,-0.0780473,-0.47566,-0.0878293,0.0146304,-0.00187987,0.0657317,-0.784279
1019,-48.7081,282.36,0.00117758,0.0416667,2.04167,0.155482,1.40177,0.000691038,-0.0090963,5.20685,3.90184e-05,0.0113359,0.374672,15064.3,0.569902,0.245801,-0.2,0.15,1,1003.86,1.25215e+07,0.0683913,0.00189762,0,0.00316864,-0.26225,nan,-0.007482,nan,nan,nan,nan,-0.0179925,-0.0608802,-0.0175147,nan,-0.128266,-0.0003,-0.15456,-0.350255,nan,-0.785832,-0.084908,-0.461987,-0.09082,0.0147112,-0.0018568,0.0591,-0.986064
1020,-41.4906,238.381,0.00113903,0.0416667,1.70833,0.15875,1.45233,0.000658162,-0.00853842,5.20616,3.90184e-05,0.0100855,0.374657,15088.2,0.572775,0.241635,-0.2,0.15,1,1004.68,1.25338e+07,0.0581167,0.00170898,0,0.00246368,-0.224397,nan,-0.00662048,nan,nan,nan,nan,-0.014388,-0.0492242,-0.014872,nan,-0.107912,-0.000952381,-0.133712,-0.297249,nan,-0.682351,-0.0649757,-0.386966,-0.0714524,0.0115924,-0.00147482,0.0470238,-0.972226
1021,-53.1929,275.947,0.00123352,0.0416667,1.54167,0.164412,1.43459,0.000699608,-0.00808469,5.20541,3.90184e-05,0.0123246,0.374617,15193.4,0.567531,0.241239,-0.2,0.15,1,1005.49,1.2546e+07,0.0608186,0.00171197,0,0.00280786,-0.260943,nan,-0.00654105,nan,nan,nan,nan,-0.0156263,-0.0528633,-0.0156717,nan,-0.125141,-0.000342105,-0.146456,-0.347677,nan,-0.950662,-0.075861,-0.456684,-0.0842895,0.0141076,-0.00175455,0.055,-1.37655
1022,-47.1866,269.862,0.000977043,0.0833333,2.33333,0.158845,1.42914,0.000569953,-0.00972848,5.20397,3.90184e-05,0.0148483,0.374575,15163.4,0.569867,0.240506,-0.2,0.15,1,1006.3,1.25583e+07,0.0725127,0.00170706,0,0.00286014,-0.258947,nan,-0.00711138,nan,nan,nan,nan,-0.0161898,-0.0533162,-0.0163181,nan,-0.122247,-0.000413793,-0.143701,-0.336413,nan,-0.780267,-0.0772998,-0.442436,-0.0816379,0.0135564,-0.00175351,0.0581897,-0.896902
1023,-48.5828,293.615,0.00109586,0.0416667,1.58333,0.155566,1.41306,0.000653766,-0.00847765,5.20277,3.90184e-05,0.0126148,0.374545,14941.2,0.56131,0.261116,-0.2,0.15,1,1007.12,1.25706e+07,0.0723479,0.0018215,0,0.00328451,-0.279963,nan,-0.00786051,nan,nan,nan,nan,-0.0185971,-0.0619023,-0.0187316,nan,-0.133192,-0.000102564,-0.159469,-0.361328,nan,-0.767937,-0.082368,-0.479804,-0.0918462,0.015429,-0.00191073,0.069359,-0.821411
1024,-51.4068,309.842,0.00107532,0.0416667,1.54167,0.158449,1.40502,0.000593894,-0.00833007,5.20148,3.90184e-05,0.00994116,0.374496,15259.6,0.562604,0.242661,-0.2,0.15,1,1007.93,1.25829e+07,0.0785361,0.00213906,0,0.00355002,-0.303511,nan,-0.00901895,nan,nan,nan,nan,-0.0192287,-0.0640531,-0.0194285,nan,-0.140295,-0.000815789,-0.164568,-0.378306,nan,-0.805829,-0.0848608,-0.505939,-0.0963684,0.0164031,-0.0019982,0.0613158,-0.874406
1025,-49.8258,289.512,0.00100889,0.0416667,1.75,0.161163,1.37742,0.000644737,-0.00868611,5.20027,3.90184e-05,0.00947314,0.37447,15241.7,0.563008,0.243199,-0.2,0.15,1,1008.74,1.25952e+07,0.0626123,0.00167879,0,0.00340174,-0.274478,nan,-0.00712512,nan,nan,nan,nan,-0.0177093,-0.0591912,-0.0175606,nan,-0.131403,-0.000906977,-0.15124,-0.353921,nan,-0.80677,-0.0873113,-0.471951,-0.0898372,0.0146082,-0.00191939,0.0583721,-0.767498
1026,-52.7857,294.183,0.00114155,0,2.5,0.15797,1.4119,0.000721674,-0.00776949,5.19908,3.90184e-05,0.015374,0.374417,15281.5,0.562385,0.241723,-0.2,0.15,1,1009.54,1.26075e+07,0.0742091,0.00183779,0,0.00306937,-0.287872,nan,-0.00747267,nan,nan,nan,nan,-0.0172215,-0.0576866,-0.0176553,nan,-0.133472,-0.000483333,-0.152446,-0.364351,nan,-0.88985,-0.0825867,-0.482088,-0.09005,0.0147838,-0.00187208,0.05375,-0.807305
1027,-46.1352,283.63,0.00102867,0,2.25,0.158273,1.43017,0.000668436,-0.00896145,5.19704,3.90184e-05,0.0137508,0.374352,15012.3,0.572102,0.246426,-0.2,0.15,1,1010.36,1.26198e+07,0.0679562,0.0019507,0,0.00324254,-0.277605,nan,-0.00769704,nan,nan,nan,nan,-0.0174916,-0.0573665,-0.0175853,nan,-0.128318,-0.000518519,-0.145739,-0.34299,nan,-0.718256,-0.0788911,-0.459564,-0.0837778,0.0143523,-0.00178444,0.0626852,-0.716181
1028,-43.1819,219.625,0.00111248,0,1.66667,0.154342,1.40719,0.000575241,-0.00820742,5.19546,5.85277e-05,0.00445892,0.374318,15181.2,0.566845,0.242578,-0.2,0.15,1,1011.17,1.26321e+07,0.0589805,0.00149552,0,0.0021591,-0.218831,nan,-0.005357,nan,nan,nan,nan,-0.0115544,-0.039218,-0.0117531,nan,-0.0996909,-0.000275,-0.110752,-0.27296,nan,-0.780755,-0.0645085,-0.358551,-0.069075,0.0122258,-0.00138326,0.03875,-0.760136
1029,-49.8731,288.237,0.00115556,0.0833333,1.5,0.159073,1.44212,0.000621701,-0.0106583,5.19443,5.85277e-05,0.0134676,0.37429,14984,0.56664,0.253433,-0.2,0.15,1,1011.99,1.26444e+07,0.0664499,0.00199398,0,0.00307544,-0.280222,nan,-0.00752474,nan,nan,nan,nan,-0.0171527,-0.0568558,-0.0178454,nan,-0.130621,-5.26316e-05,-0.148774,-0.357942,nan,-0.81825,-0.0815576,-0.469761,-0.0898421,0.0159087,-0.00183817,0.0688158,-0.931863
1030,-40.9582,223.32,0.0011443,0.0416667,2.04167,0.15665,1.41491,0.000651787,-0.0103453,5.19298,5.85277e-05,0.0129442,0.374219,11761.9,0.667457,0.377276,-0.2,0.15,1,1013.04,1.26566e+07,0.0594501,0.00174201,0,0.00238969,-0.216797,nan,-0.006,nan,nan,nan,nan,-0.013051,-0.0420661,-0.0128796,nan,-0.101602,-0.00038,-0.110918,-0.274454,nan,-0.713551,-0.0642421,-0.368523,-0.07014,0.0124393,-0.0013254,0.0449,-0.864525
1031,-47.7436,279.59,0.00115822,0.0833333,1.54167,0.161934,1.41647,0.000672186,-0.010138,5.1901,5.85277e-05,0.00948807,0.374122,12161.6,0.686901,0.323495,-0.2,0.15,1,1014.05,1.26689e+07,0.0589481,0.00206767,0,0.003131,-0.272558,nan,-0.00713179,nan,nan,nan,nan,-0.0168122,-0.055341,-0.017516,nan,-0.126923,-0.000435897,-0.148987,-0.336871,nan,-0.765828,-0.0756442,-0.4571,-0.0893846,0.0144758,-0.00173497,0.0582051,-0.986318
1032,-46.3691,230.062,0.00113776,0,2,0.162698,1.39126,0.000746572,-0.00977017,5.18695,5.85277e-05,0.011117,0.374013,12027.3,0.676606,0.345069,-0.2,0.15,1,1015.08,1.26812e+07,0.054348,0.00150725,0,0.00224347,-0.229111,nan,-0.00514417,nan,nan,nan,nan,-0.0124244,-0.0392122,-0.0119744,nan,-0.104524,-0.000583333,-0.118628,-0.280981,nan,-0.861976,-0.065563,-0.375972,-0.0729792,0.0125187,-0.00149715,0.0441667,-1.01069
1033,-56.9429,302.03,0.00107699,0.0416667,1.33333,0.162086,1.43476,0.000568046,-0.0104491,5.18398,5.85277e-05,0.00826278,0.373974,11679.8,0.646234,0.405843,-0.2,0.15,1,1016.13,1.26935e+07,0.0662481,0.00212966,0,0.00326816,-0.296542,nan,-0.00716485,nan,nan,nan,nan,-0.0163825,-0.0555642,-0.0170533,nan,-0.13696,-0.000515152,-0.153617,-0.379249,nan,-0.99349,-0.0856474,-0.49168,-0.0962121,0.0158848,-0.00201465,0.0621212,-0.794114
1034,-61.6708,317.978,0.00123865,0.0833333,1.79167,0.160325,1.40656,0.000690742,-0.0100517,5.18284,5.85277e-05,0.0110646,0.373914,12149.2,0.66872,0.342706,-0.2,0.15,1,1017.14,1.27058e+07,0.0641969,0.00186471,0,0.00314041,-0.307611,nan,-0.00759644,nan,nan,nan,nan,-0.0178853,-0.0593982,-0.0174442,nan,-0.144314,-0.000311111,-0.161182,-0.387687,nan,-1.10921,-0.0879354,-0.522299,-0.0995556,0.0166498,-0.00218118,0.0611111,-1.05887
1035,-38.9534,240.864,0.00120969,0.0416667,1.79167,0.160793,1.40359,0.000691982,-0.00985472,5.18015,5.85277e-05,0.0180358,0.373837,12678.1,0.648233,0.320998,-0.2,0.15,1,1018.11,1.27181e+07,0.0584485,0.00163053,0,0.00291136,-0.23551,nan,-0.00700455,nan,nan,nan,nan,-0.0154897,-0.0502643,-0.0154539,nan,-0.109093,-0.000522727,-0.11906,-0.299237,nan,-0.590864,-0.0732537,-0.395399,-0.0743409,0.0127593,-0.00159286,0.0523864,-0.487973
1036,-48.2464,270.171,0.00110221,0.0416667,1.66667,0.161749,1.42468,0.000658554,-0.0103942,5.17827,5.85277e-05,0.0106655,0.373807,13592.6,0.622998,0.28102,-0.2,0.15,1,1019.02,1.27304e+07,0.0617105,0.00178935,0,0.002939,-0.26479,nan,-0.00655073,nan,nan,nan,nan,-0.0163163,-0.0567517,-0.0157831,nan,-0.122502,-0.000439024,-0.136757,-0.332336,nan,-0.808923,-0.0778368,-0.442684,-0.0851707,0.0144388,-0.00189899,0.0603659,-0.688895
1037,-54.7621,288.3,0.00104451,0.0416667,1.625,0.157152,1.39425,0.000607694,-0.0107602,5.17721,5.85277e-05,0.0129549,0.373764,14938.1,0.581748,0.240849,-0.2,0.15,1,1019.84,1.27427e+07,0.0636517,0.00214517,0,0.0029559,-0.28456,nan,-0.0067405,nan,nan,nan,nan,-0.0161355,-0.0554494,-0.016095,nan,-0.130657,-0.0007,-0.142908,-0.354091,nan,-0.974683,-0.0766985,-0.471507,-0.0926,0.0157057,-0.00181483,0.055875,-0.922904
1038,-47.2791,264.694,0.00109455,0,1.5,0.156701,1.43483,0.000675532,-0.00898121,5.17509,5.85277e-05,0.0085784,0.373697,14728.4,0.593841,0.240467,-0.2,0.15,1,1020.68,1.27549e+07,0.0493157,0.00152879,0,0.0026382,-0.263835,nan,-0.00664778,nan,nan,nan,nan,-0.0163665,-0.0550188,-0.015973,nan,-0.120202,-0.0005,-0.132729,-0.330467,nan,-0.789744,-0.0787697,-0.435701,-0.0826389,0.0150953,-0.00174945,0.0677778,-0.679883
1039,-46.7462,265.071,0.00121726,0.0416667,1.70833,0.152423,1.44341,0.000730325,-0.0110429,5.17311,5.85277e-05,0.0160429,0.373646,15345.7,0.557592,0.243153,-0.2,0.15,1,1021.48,1.27672e+07,0.0556225,0.00175861,0,0.00287965,-0.260445,nan,-0.00705238,nan,nan,nan,nan,-0.0162867,-0.0530366,-0.0158221,nan,-0.120283,-0.00052381,-0.136416,-0.327133,nan,-0.774104,-0.0774399,-0.434866,-0.081381,0.014139,-0.00171841,0.0580952,-0.979788
1040,-57.7902,304.444,0.00107391,0.0833333,1.41667,0.159437,1.42678,0.000638454,-0.0103035,5.17061,5.85277e-05,0.0126554,0.373524,15355,0.556699,0.243559,-0.2,0.15,1,1022.28,1.27795e+07,0.0735729,0.00211109,0,0.003058,-0.301987,nan,-0.00729611,nan,nan,nan,nan,-0.0168256,-0.0561738,-0.0175086,nan,-0.138344,-0.000777778,-0.154983,-0.369381,nan,-1.03056,-0.0843054,-0.500783,-0.0956389,0.0175052,-0.00198547,0.0652778,-1.23518
1041,-55.8103,303.304,0.00115441,0.0833333,1.83333,0.158801,1.44309,0.000713164,-0.00995898,5.16665,5.85277e-05,0.015836,0.373437,15489.6,0.554903,0.238404,-0.2,0.15,1,1023.08,1.27918e+07,0.0639755,0.00174095,0,0.00293363,-0.301287,nan,-0.00773739,nan,nan,nan,nan,-0.017465,-0.0582327,-0.0174871,nan,-0.137543,-0.00108696,-0.156388,-0.377642,nan,-0.964399,-0.0833979,-0.496646,-0.0958043,0.0172223,-0.00212958,0.0681522,-1.04555
1042,-70.7375,381.178,0.00115242,0.0833333,1.79167,0.154883,1.40502,0.000653969,-0.00894492,5.16426,5.85277e-05,0.0121259,0.373343,13694.4,0.562785,0.334517,-0.2,0.15,1,1023.98,1.28041e+07,0.084623,0.00250754,0,0.00378412,-0.376587,nan,-0.00923333,nan,nan,nan,nan,-0.0220723,-0.0755056,-0.0219385,nan,-0.17295,-0.000866667,-0.195443,-0.473674,nan,-1.228,-0.107036,-0.627747,-0.122178,0.0217502,-0.0025588,0.0853333,-1.12155
1043,-49.496,260.604,0.00104448,0.0416667,2.16667,0.155182,1.40527,0.000708882,-0.0100537,5.16144,5.85277e-05,0.0127482,0.373278,11269,0.681382,0.409046,-0.2,0.15,1,1025.07,1.28164e+07,0.0534467,0.00166211,0,0.00270904,-0.257356,nan,-0.00634868,nan,nan,nan,nan,-0.0147461,-0.0501193,-0.0139798,nan,-0.117963,-0.000283019,-0.133393,-0.323078,nan,-0.874424,-0.0746624,-0.424167,-0.0808868,0.0142578,-0.00162762,0.0553774,-0.759291
1044,-65.5051,323.762,0.00114355,0.0833333,1.66667,0.149957,1.4211,0.000641448,-0.00978371,5.15998,5.85277e-05,0.0159465,0.373239,12665.5,0.648138,0.322054,-0.2,0.15,1,1026.04,1.28287e+07,0.0736256,0.00226152,0,0.00280835,-0.319363,nan,-0.00726857,nan,nan,nan,nan,-0.0169248,-0.0587735,-0.0164754,nan,-0.146746,-0.00052381,-0.164494,-0.4038,nan,-1.21218,-0.096083,-0.529473,-0.102667,0.0181722,-0.00218321,0.0614286,-0.936061
1045,-54.1953,274.722,0.00108941,0.0416667,2.20833,0.154555,1.40756,0.000689887,-0.00960955,5.15819,5.85277e-05,0.0111311,0.373155,13795,0.63885,0.251906,-0.2,0.15,1,1026.93,1.2841e+07,0.0720615,0.00184054,0,0.00265925,-0.271067,nan,-0.00668815,nan,nan,nan,nan,-0.0150451,-0.0515542,-0.0143525,nan,-0.124399,-0.00111111,-0.140505,-0.341324,nan,-0.99535,-0.0785849,-0.445902,-0.0856111,0.0154037,-0.00180449,0.0562037,-0.96065
1046,-47.3486,248.776,0.00118616,0,2.04167,0.158173,1.44244,0.000701235,-0.0101792,5.15584,5.85277e-05,0.0119364,0.373113,14469.9,0.606454,0.242755,-0.2,0.15,1,1027.78,1.28532e+07,0.0669737,0.0015908,0,0.00251953,-0.243544,nan,-0.00600041,nan,nan,nan,nan,-0.0141764,-0.0468287,-0.0135189,nan,-0.112636,-0.000653061,-0.126386,-0.313636,nan,-0.838954,-0.0758661,-0.407775,-0.0777755,0.013589,-0.00160146,0.0503061,-0.728667
1047,-49.2065,252.686,0.00106026,0,2.125,0.162305,1.42737,0.000617598,-0.0112819,5.15403,5.85277e-05,0.00929912,0.373013,12217.9,0.659729,0.346011,-0.2,0.15,1,1028.79,1.28655e+07,0.0582496,0.00157793,0,0.00249562,-0.248967,nan,-0.00607137,nan,nan,nan,nan,-0.014672,-0.0506809,-0.0139536,nan,-0.114834,-0.000647059,-0.129008,-0.319116,nan,-0.880097,-0.0779971,-0.414773,-0.080451,0.0144349,-0.00164951,0.0515686,-1.09296
1048,-38.7036,230.235,0.00122311,0.0833333,2.04167,0.15381,1.42288,0.000692247,-0.0101859,5.15043,5.85277e-05,0.0137172,0.372916,12027.3,0.678922,0.342753,-0.2,0.15,1,1029.81,1.28778e+07,0.0526405,0.00140925,0,0.00254015,-0.222488,nan,-0.00641804,nan,nan,nan,nan,-0.0148696,-0.0485408,-0.0143294,nan,-0.104326,-0.000529412,-0.112991,-0.283839,nan,-0.616432,-0.0709243,-0.376458,-0.073,0.0127803,-0.0015068,0.0453922,-0.658467
1049,-37.5834,225.791,0.00128456,0,1.79167,0.157063,1.45271,0.000829365,-0.00933412,5.14808,5.85277e-05,0.0171861,0.372861,13017.3,0.653135,0.290837,-0.2,0.15,1,1030.76,1.28901e+07,0.053602,0.00138035,0,0.00268601,-0.2176,nan,-0.00626605,nan,nan,nan,nan,-0.014784,-0.0495534,-0.0147228,nan,-0.102178,-0.000418605,-0.112715,-0.273842,nan,-0.59664,-0.0688165,-0.368249,-0.0714884,0.0126298,-0.00145673,0.0484884,-0.711114
1050,-43.4584,247.721,0.00129735,0.0416667,1.75,0.161445,1.43343,0.000749176,-0.0104241,5.14645,5.85277e-05,0.0116284,0.372815,14378.9,0.616994,0.237593,-0.2,0.15,1,1031.61,1.29024e+07,0.053752,0.00172212,0,0.00275673,-0.242172,nan,-0.00599721,nan,nan,nan,nan,-0.0153928,-0.0510456,-0.0143719,nan,-0.112294,-0.000534884,-0.127349,-0.305892,nan,-0.71763,-0.0752369,-0.407668,-0.0737907,0.0137343,-0.00172912,0.0613953,-0.834064
1051,-62.1346,347.816,0.0011031,0.0833333,1.5,0.160701,1.42383,0.000713563,-0.0106571,5.14505,5.85277e-05,0.0183895,0.372763,15361.6,0.557837,0.242082,-0.2,0.15,1,1032.41,1.29147e+07,0.0835227,0.00228345,0,0.00347403,-0.337527,nan,-0.00888526,nan,nan,nan,nan,-0.0202953,-0.0699361,-0.02068,nan,-0.157438,-0.001,-0.181216,-0.420112,nan,-1.0651,-0.0980479,-0.564929,-0.108658,0.0199124,-0.00235598,0.0692105,-0.669258
1052,-46.7544,282.143,0.00120915,0.0416667,1.41667,0.156944,1.41265,0.000668763,-0.00925001,5.14308,5.85277e-05,0.0122774,0.372681,12324,0.606282,0.390796,-0.2,0.15,1,1033.41,1.2927e+07,0.0681115,0.00166331,0,0.00312712,-0.275307,nan,-0.00688057,nan,nan,nan,nan,-0.0179347,-0.0634313,-0.0174114,nan,-0.127517,-0.000485714,-0.142578,-0.350615,nan,-0.734134,-0.0792026,-0.460804,-0.0934,0.0154029,-0.00185457,0.0674286,-0.853291
1053,-48.1482,302.326,0.00126558,0.0416667,1.75,0.155711,1.42027,0.00075634,-0.00959253,5.14021,5.85277e-05,0.0127816,0.372585,11567.4,0.69135,0.370948,-0.2,0.15,1,1034.48,1.29393e+07,0.0689183,0.00183802,0,0.00344884,-0.294785,nan,-0.00892093,nan,nan,nan,nan,-0.0196267,-0.0690174,-0.0202698,nan,-0.13692,-0.000976744,-0.155277,-0.373121,nan,-0.725727,-0.0831829,-0.499791,-0.0946279,0.0167605,-0.00193232,0.0710465,-0.916392
1054,-53.0162,289.702,0.0011765,0.0833333,1.875,0.154817,1.40486,0.000703098,-0.0104397,5.13744,5.85277e-05,0.0161385,0.372517,12097.2,0.675076,0.3407,-0.2,0.15,1,1035.5,1.29516e+07,0.070669,0.00207688,0,0.00289922,-0.27898,nan,-0.00745745,nan,nan,nan,nan,-0.016089,-0.0537827,-0.0165922,nan,-0.130917,-0.0013617,-0.148394,-0.352593,nan,-0.92535,-0.081574,-0.468443,-0.090766,0.0157679,-0.00187924,0.0561702,-1.31726
1055,-43.5935,273.587,0.00122411,0,1.91667,0.149807,1.42584,0.000679319,-0.00982854,5.13561,5.85277e-05,0.00808029,0.372458,13272.2,0.644062,0.28178,-0.2,0.15,1,1036.42,1.29638e+07,0.0612374,0.00194407,0,0.00314205,-0.263611,nan,-0.00759087,nan,nan,nan,nan,-0.0180132,-0.0597859,-0.0173611,nan,-0.123472,-0.000978261,-0.140011,-0.33339,nan,-0.668874,-0.0782486,-0.444598,-0.0844348,0.0151876,-0.00188922,0.0680435,-0.800139
1056,-48.121,269.976,0.00121903,0,1.70833,0.151927,1.39939,0.000664127,-0.00914386,5.1334,5.85277e-05,0.015512,0.372376,15401.2,0.557547,0.240312,-0.2,0.15,1,1037.22,1.29761e+07,0.058471,0.00186801,0,0.00293976,-0.258535,nan,-0.00685463,nan,nan,nan,nan,-0.0156685,-0.0531331,-0.0161469,nan,-0.121906,-0.000536585,-0.141134,-0.322734,nan,-0.823547,-0.0742307,-0.439242,-0.0840244,0.0144959,-0.00186329,0.0586585,-0.937502
1057,-55.4483,329.806,0.0012903,0.0416667,1.45833,0.156424,1.41243,0.000754409,-0.0100308,5.13078,5.85277e-05,0.0108363,0.372298,15528.1,0.552962,0.238377,-0.2,0.15,1,1038.02,1.29884e+07,0.0807007,0.00208476,0,0.00337447,-0.317601,nan,-0.00859722,nan,nan,nan,nan,-0.0200471,-0.0684704,-0.0207509,nan,-0.149074,-0.00113889,-0.167817,-0.403228,nan,-0.904898,-0.0812152,-0.541751,-0.104167,0.0177303,-0.002135,0.0751389,-0.82571
1058,-50.2149,277.568,0.00116482,0.0416667,1.5,0.158283,1.4161,0.000666238,-0.00944462,5.12931,5.85277e-05,0.00703993,0.372302,12846.1,0.605592,0.350965,-0.2,0.15,1,1038.97,1.30007e+07,0.0737076,0.0018055,0,0.00277769,-0.267209,nan,-0.00650811,nan,nan,nan,nan,-0.0164155,-0.054668,-0.0158741,nan,-0.125606,-0.000459459,-0.142082,-0.334402,nan,-0.880478,-0.0772687,-0.452298,-0.0858378,0.0151733,-0.00199609,0.0574324,-0.927504
1059,-47.0972,273.683,0.00105409,0.125,2.375,0.161199,1.41615,0.000613211,-0.0106007,5.12962,5.85277e-05,0.0115895,0.372311,11449.4,0.706605,0.366639,-0.2,0.15,1,1040.05,1.3013e+07,0.0600073,0.00195357,0,0.00296695,-0.262775,nan,-0.00742167,nan,nan,nan,nan,-0.0171855,-0.056576,-0.0171106,nan,-0.123694,-0.00126667,-0.144382,-0.329236,nan,-0.775456,-0.0795924,-0.446431,-0.0868333,0.0147128,-0.00180536,0.062,-0.677233
1060,-57.5406,322.758,0.00116447,0.0833333,1.29167,0.154637,1.44701,0.000686571,-0.0103303,5.12946,5.85277e-05,0.0118645,0.372273,12573.2,0.648115,0.329201,-0.2,0.15,1,1041.03,1.30253e+07,0.0660902,0.00186745,0,0.00329925,-0.310527,nan,-0.00799273,nan,nan,nan,nan,-0.0192161,-0.0652566,-0.0188452,nan,-0.146182,-0.000666667,-0.166033,-0.402069,nan,-0.970558,-0.086876,-0.529579,-0.101061,0.0182556,-0.00225116,0.0701515,-0.768467
1061,-53.8266,300.683,0.00111746,0.0416667,1.66667,0.156596,1.44901,0.00073177,-0.00893328,5.12717,5.85277e-05,0.0114615,0.372186,13006.5,0.646337,0.298421,-0.2,0.15,1,1041.97,1.30376e+07,0.0600495,0.00185823,0,0.00306856,-0.288105,nan,-0.00761805,nan,nan,nan,nan,-0.0179975,-0.0623719,-0.0174132,nan,-0.135653,-0.00104878,-0.147286,-0.371361,nan,-0.911785,-0.0848298,-0.490553,-0.0963659,0.0168275,-0.00217095,0.0654878,-0.929614
1062,-42.4823,224.795,0.00116417,0,1.83333,0.154667,1.43584,0.000665585,-0.00998496,5.12428,5.85277e-05,0.00504208,0.372096,14817.7,0.59192,0.237361,-0.2,0.15,1,1042.8,1.30499e+07,0.0550412,0.00156835,0,0.00225399,-0.213646,nan,-0.00522682,nan,nan,nan,nan,-0.0126489,-0.040103,-0.0126148,nan,-0.101827,-0.000977273,-0.107923,-0.271848,nan,-0.767261,-0.0652062,-0.363952,-0.0712273,0.0122641,-0.00149671,0.0425,-0.807139
1063,-52.678,315.92,0.00113237,0,2.08333,0.160278,1.43413,0.000722089,-0.011102,5.12131,5.85277e-05,0.014739,0.372012,12577.2,0.619625,0.357383,-0.2,0.15,1,1043.78,1.30621e+07,0.0769154,0.00220688,0,0.00331519,-0.301953,nan,-0.008024,nan,nan,nan,nan,-0.0207853,-0.0700657,-0.0193618,nan,-0.142788,-0.0005,-0.163277,-0.385381,nan,-0.843936,-0.09192,-0.515093,-0.098,0.0166489,-0.00227744,0.0747,-1.20271
1064,-61.3323,332.774,0.00113783,0.0416667,2.16667,0.158207,1.43754,0.000724249,-0.0111459,5.11918,5.85277e-05,0.0129753,0.371982,11532.5,0.694312,0.371198,-0.2,0.15,1,1044.85,1.30744e+07,0.0804928,0.00213897,0,0.00323665,-0.318626,nan,-0.00829245,nan,nan,nan,nan,-0.0189843,-0.06596,-0.0193967,nan,-0.15013,-0.00158491,-0.170719,-0.406907,nan,-1.08077,-0.0915359,-0.539945,-0.104075,0.0191375,-0.00229955,0.0714151,-1.07553
1065,-56.8228,310.122,0.00116162,0,2.04167,0.154881,1.41887,0.000706677,-0.010734,5.11849,5.85277e-05,0.00766289,0.371949,11663,0.710965,0.342625,-0.2,0.15,1,1045.9,1.30867e+07,0.0732977,0.00205086,0,0.00315181,-0.293779,nan,-0.00694163,nan,nan,nan,nan,-0.0186867,-0.0643867,-0.0174544,nan,-0.139627,-0.00120408,-0.155358,-0.377171,nan,-1.00087,-0.087476,-0.504114,-0.0956122,0.0160339,-0.00224348,0.0728571,-1.19368
1066,-44.964,245.642,0.00126499,0.0416667,2.16667,0.156725,1.44229,0.000811813,-0.00944717,5.11606,5.85277e-05,0.0100669,0.371843,12221.3,0.651575,0.353882,-0.2,0.15,1,1046.91,1.3099e+07,0.0528856,0.00174111,0,0.0026866,-0.23267,nan,-0.00587962,nan,nan,nan,nan,-0.0149628,-0.0501115,-0.0138393,nan,-0.110882,-0.000490566,-0.124051,-0.297793,nan,-0.780874,-0.0723779,-0.401837,-0.0754151,0.0131891,-0.00174423,0.0507547,-0.898727
1067,-48.8212,270.938,0.00113837,0,2,0.155607,1.42893,0.00062866,-0.0116863,5.11372,5.85277e-05,0.0140825,0.371843,15081.6,0.571636,0.243131,-0.2,0.15,1,1047.73,1.31113e+07,0.0741365,0.00167534,0,0.00290454,-0.257835,nan,-0.00626458,nan,nan,nan,nan,-0.0165496,-0.0561784,-0.0153158,nan,-0.122611,-0.000666667,-0.133722,-0.333351,nan,-0.838601,-0.0786173,-0.442462,-0.0837917,0.0142173,-0.00184486,0.05375,-0.872433
1068,-46.3718,263.245,0.00119113,0.0416667,2.16667,0.158318,1.43073,0.000739613,-0.0108264,5.1143,5.85277e-05,0.0139813,0.371847,12413.4,0.633112,0.356785,-0.2,0.15,1,1048.72,1.31236e+07,0.0620329,0.00176904,0,0.00295797,-0.249064,nan,-0.00634642,nan,nan,nan,nan,-0.0160087,-0.0543388,-0.015237,nan,-0.119085,-0.000679245,-0.130725,-0.323597,nan,-0.78164,-0.0769447,-0.428398,-0.0847547,0.014697,-0.00178664,0.0604717,-0.700878
1069,-45.4853,253.073,0.00129474,0,1.70833,0.157335,1.43395,0.000742691,-0.00885168,5.11357,5.85277e-05,0.0135283,0.371804,11886.6,0.699367,0.334398,-0.2,0.15,1,1049.75,1.31359e+07,0.063965,0.00164337,0,0.00270112,-0.237958,nan,-0.00654683,nan,nan,nan,nan,-0.0152754,-0.0494917,-0.0148424,nan,-0.114331,-0.000609756,-0.126265,-0.310866,nan,-0.786126,-0.0773974,-0.410373,-0.0735122,0.0130748,-0.00187051,0.0532927,-0.940314
1070,-43.3527,243.059,0.00123219,0.0416667,2.08333,0.160002,1.44487,0.000763242,-0.0101494,5.11211,5.85277e-05,0.0186118,0.371762,12167.4,0.673396,0.336515,-0.2,0.15,1,1050.77,1.31482e+07,0.0594135,0.00175409,0,0.00260164,-0.228597,nan,-0.00615961,nan,nan,nan,nan,-0.0144863,-0.0472939,-0.013946,nan,-0.109755,-0.000745098,-0.117458,-0.296813,nan,-0.743177,-0.0703597,-0.396675,-0.0758627,0.0131171,-0.00174426,0.0481373,-1.08112
1071,-45.9988,248.119,0.00111851,0,1.75,0.154279,1.41791,0.000631525,-0.0101557,5.1115,5.85277e-05,0.0178663,0.371778,13278.1,0.646581,0.278854,-0.2,0.15,1,1051.69,1.31604e+07,0.0609847,0.00166704,0,0.00253591,-0.234226,nan,-0.00652857,nan,nan,nan,nan,-0.0149436,-0.0490306,-0.0141,nan,-0.112176,-0.00178571,-0.125669,-0.303409,nan,-0.813216,-0.0743894,-0.405346,-0.0795,0.0142382,-0.00169476,0.0509524,-0.741888
1072,-46.8074,263.159,0.00114866,0.0833333,1.75,0.158245,1.39261,0.00073951,-0.0109601,5.11118,5.85277e-05,0.0168528,0.371733,15228.1,0.561283,0.245648,-0.2,0.15,1,1052.5,1.31727e+07,0.0571814,0.00165179,0,0.00272022,-0.248364,nan,-0.00650227,nan,nan,nan,nan,-0.0160916,-0.0524197,-0.0153035,nan,-0.119,-0.000590909,-0.131284,-0.317175,nan,-0.795204,-0.074938,-0.428694,-0.0808636,0.0140569,-0.00185099,0.0529545,-0.993591
1073,-35.822,200.61,0.00119128,0,1.70833,0.157411,1.42682,0.000687574,-0.00911924,5.10953,5.85277e-05,0.0090983,0.371718,14440.5,0.559313,0.291625,-0.2,0.15,1,1053.35,1.3185e+07,0.0462716,0.00125797,0,0.00210108,-0.188902,nan,-0.00466293,nan,nan,nan,nan,-0.0121027,-0.0408765,-0.0114195,nan,-0.0906618,-0.000341463,-0.100159,-0.250211,nan,-0.616651,-0.0572052,-0.328389,-0.061878,0.0108137,-0.00137322,0.052439,-0.950871
1074,-39.3964,237.893,0.00118312,0,2.33333,0.158349,1.46258,0.000733621,-0.0103518,5.10909,5.85277e-05,0.0133823,0.371702,11370.8,0.67258,0.408087,-0.2,0.15,1,1054.44,1.31973e+07,0.054488,0.00150272,0,0.0027422,-0.224112,nan,-0.00612893,nan,nan,nan,nan,-0.0152644,-0.0502837,-0.0142772,nan,-0.107297,-0.000517857,-0.116899,-0.284887,nan,-0.633681,-0.0682881,-0.386992,-0.0720179,0.0129606,-0.001625,0.0538393,-0.633275
1075,-48.7904,268.362,0.00123544,0.125,2.29167,0.157026,1.44472,0.0007666,-0.0103196,5.1082,5.85277e-05,0.0169788,0.37165,12305.2,0.669675,0.328925,-0.2,0.15,1,1055.44,1.32096e+07,0.0698555,0.00172618,0,0.00265941,-0.25416,nan,-0.00625034,nan,nan,nan,nan,-0.0158246,-0.0533017,-0.0151582,nan,-0.12112,-0.000793103,-0.135165,-0.323618,nan,-0.862016,-0.0739339,-0.435359,-0.0804483,0.0141468,-0.00189817,0.0590517,-0.753688
1076,-51.029,277.429,0.00120241,0.125,1.91667,0.158499,1.44037,0.000754558,-0.00963312,5.10632,5.85277e-05,0.0102062,0.371622,12461.7,0.694534,0.291531,-0.2,0.15,1,1056.42,1.32219e+07,0.0639155,0.00181586,0,0.00272723,-0.261508,nan,-0.00672163,nan,nan,nan,nan,-0.0162691,-0.0558153,-0.0159207,nan,-0.125313,-0.000673469,-0.134967,-0.33421,nan,-0.90664,-0.0748345,-0.452022,-0.0834082,0.0149976,-0.00193327,0.0585714,-0.781353
1077,-56.6514,291.136,0.00121931,0.0416667,1.79167,0.157865,1.43877,0.000693312,-0.00973846,5.1046,5.85277e-05,0.0109753,0.371518,14590.4,0.59726,0.24494,-0.2,0.15,1,1057.27,1.32342e+07,0.0739835,0.0017065,0,0.00268384,-0.274367,nan,-0.00693545,nan,nan,nan,nan,-0.0161615,-0.0532574,-0.015772,nan,-0.131794,-0.000840909,-0.145344,-0.357113,nan,-1.04524,-0.0772658,-0.478592,-0.0913409,0.0159953,-0.00201509,0.0547727,-1.04747
1078,-53.4045,268.796,0.00126638,0.0833333,1.95833,0.157074,1.44586,0.000808971,-0.0112366,5.1006,5.85277e-05,0.0179417,0.371395,13101.8,0.597757,0.340131,-0.2,0.15,1,1058.21,1.32465e+07,0.0622651,0.00166244,0,0.00271606,-0.25429,nan,-0.00581551,nan,nan,nan,nan,-0.014677,-0.0490067,-0.0141565,nan,-0.12145,-0.00108163,-0.134541,-0.331248,nan,-0.994496,-0.0769179,-0.437473,-0.082551,0.0145741,-0.00199888,0.0546939,-1.07963
1079,-42.3788,214.591,0.0011629,0.0833333,1.75,0.154384,1.44096,0.000663758,-0.00966072,5.09781,5.85277e-05,0.00949631,0.371373,11082.5,0.698726,0.410053,-0.2,0.15,1,1059.32,1.32588e+07,0.0439387,0.00134917,0,0.00226112,-0.201847,nan,-0.00491136,nan,nan,nan,nan,-0.0116671,-0.0370629,-0.0109066,nan,-0.0970793,-0.000613636,-0.105672,-0.25783,nan,-0.783409,-0.0630662,-0.351666,-0.0643864,0.0112656,-0.00146444,0.0420455,-1.00416
1080,-43.7184,228.364,0.00108536,0,1.83333,0.155476,1.43763,0.000624413,-0.0101068,5.09713,5.85277e-05,0.0115488,0.371326,12269.5,0.671546,0.329965,-0.2,0.15,1,1060.32,1.3271e+07,0.0453277,0.00148188,0,0.00230985,-0.21409,nan,-0.00588864,nan,nan,nan,nan,-0.012825,-0.0406275,-0.0129992,nan,-0.102828,-0.000931818,-0.119358,-0.272351,nan,-0.800641,-0.0640722,-0.370059,-0.0661591,0.0122106,-0.00147456,0.0431818,-1.13371
1081,-42.7953,250.164,0.0010893,0,2.29167,0.155407,1.42086,0.000637165,-0.0103873,5.09598,5.85277e-05,0.0089149,0.371326,13194.6,0.664352,0.266937,-0.2,0.15,1,1061.25,1.32833e+07,0.0576537,0.00164374,0,0.00271579,-0.235457,nan,-0.006388,nan,nan,nan,nan,-0.0157589,-0.0520759,-0.015076,nan,-0.113078,-0.000527273,-0.120129,-0.304328,nan,-0.71088,-0.0727899,-0.408537,-0.0762364,0.0132514,-0.00164965,0.0551818,-0.755147
1082,-43.7402,272,0.0011957,0,1.54167,0.159934,1.4054,0.000653447,-0.0101246,5.09691,5.85277e-05,0.0132122,0.371367,14674.3,0.598603,0.238781,-0.2,0.15,1,1062.09,1.32956e+07,0.060211,0.00219922,0,0.00290232,-0.252665,nan,-0.00752973,nan,nan,nan,nan,-0.0174904,-0.0595809,-0.0171216,nan,-0.122685,-0.000378378,-0.139555,-0.330564,nan,-0.684388,-0.0773149,-0.44179,-0.0840811,0.0145716,-0.00184577,0.0625676,-0.570251
1083,-42.1329,242.788,0.00124549,0,2.16667,0.160961,1.40994,0.00080275,-0.0101796,5.09826,5.85277e-05,0.0099801,0.371413,15223.4,0.558835,0.248343,-0.2,0.15,1,1062.9,1.33079e+07,0.0576598,0.00159103,0,0.00258245,-0.226395,nan,-0.00656731,nan,nan,nan,nan,-0.0152666,-0.0533286,-0.0148555,nan,-0.109719,-0.000326923,-0.118294,-0.299006,nan,-0.707137,-0.0683623,-0.396678,-0.0761923,0.0131164,-0.00164913,0.0514423,-0.804602
1084,-44.5122,244.209,0.00117783,0.0833333,1.70833,0.15885,1.41883,0.000806811,-0.0109683,5.0995,5.85277e-05,0.0179125,0.371457,14161.6,0.562085,0.305612,-0.2,0.15,1,1063.77,1.33202e+07,0.0596815,0.00166421,0,0.00253358,-0.231263,nan,-0.00621442,nan,nan,nan,nan,-0.0148559,-0.0477846,-0.0141357,nan,-0.110255,-0.000348837,-0.12481,-0.293509,nan,-0.783139,-0.0703239,-0.395815,-0.0778372,0.0134103,-0.00173844,0.0469767,-0.955935
1085,-50.9465,276.146,0.0010323,0,2,0.157095,1.3849,0.000624267,-0.010518,5.10003,5.85277e-05,0.0143987,0.371417,11282,0.683528,0.405636,-0.2,0.15,1,1064.86,1.33325e+07,0.0586147,0.00193934,0,0.00292263,-0.259563,nan,-0.0065625,nan,nan,nan,nan,-0.0158202,-0.0519849,-0.0156457,nan,-0.124929,-0.00166667,-0.135418,-0.331479,nan,-0.900029,-0.0765993,-0.450812,-0.0870625,0.0149658,-0.0018612,0.0578125,-0.978099
1086,-48.1738,267.05,0.00109996,0.0416667,1.625,0.15755,1.3702,0.000615344,-0.00942766,5.09884,5.85277e-05,0.0148169,0.371419,12397.9,0.653966,0.337173,-0.2,0.15,1,1065.85,1.33448e+07,0.0630198,0.00177158,0,0.00272083,-0.249268,nan,-0.006981,nan,nan,nan,nan,-0.0155136,-0.0510054,-0.0155062,nan,-0.120405,-0.00055,-0.132775,-0.321659,nan,-0.832977,-0.0731439,-0.43793,-0.086275,0.0141225,-0.00189765,0.0495,-0.705228
1087,-57.7772,317.171,0.00117535,0.0416667,1.66667,0.157399,1.40197,0.000659597,-0.0108323,5.09841,5.85277e-05,0.0172533,0.37137,12722.4,0.689448,0.276405,-0.2,0.15,1,1066.82,1.33571e+07,0.0740439,0.00219188,0,0.00299264,-0.299255,nan,-0.00816732,nan,nan,nan,nan,-0.0185916,-0.0636,-0.0184104,nan,-0.143207,-0.000707317,-0.158222,-0.381504,nan,-1.02507,-0.0844753,-0.517199,-0.0963171,0.0172484,-0.00215904,0.0713415,-1.09238
1088,-55.6252,320.56,0.00107694,0.125,1.95833,0.162703,1.37669,0.000584924,-0.00906638,5.09655,5.85277e-05,0.0114036,0.371323,14450.2,0.60523,0.245138,-0.2,0.15,1,1067.67,1.33693e+07,0.075629,0.00241231,0,0.00329756,-0.30101,nan,-0.0084472,nan,nan,nan,nan,-0.0198159,-0.068533,-0.0192285,nan,-0.145074,-0.00092,-0.15556,-0.389266,nan,-0.936331,-0.0873036,-0.525013,-0.09862,0.0171612,-0.00223533,0.0627,-0.771268
1089,-43.0287,253.194,0.00101384,0.0833333,1.41667,0.164674,1.3781,0.000580516,-0.00937944,5.09517,5.85277e-05,0.00845231,0.371285,12716.8,0.614252,0.352026,-0.2,0.15,1,1068.64,1.33816e+07,0.0514327,0.00164169,0,0.0025629,-0.237046,nan,-0.00710667,nan,nan,nan,nan,-0.0154667,-0.0499447,-0.0150037,nan,-0.114319,-0.000416667,-0.120727,-0.304334,nan,-0.71934,-0.070153,-0.409293,-0.0803333,0.0140686,-0.00185191,0.0569444,-0.597371
1090,-54.8367,288.207,0.00111919,0.0416667,1.16667,0.159178,1.40869,0.000584463,-0.0107311,5.09462,5.85277e-05,0.015454,0.371326,11538,0.685354,0.379648,-0.2,0.15,1,1069.71,1.33939e+07,0.0689036,0.00210647,0,0.0027843,-0.268722,nan,-0.00726897,nan,nan,nan,nan,-0.0160578,-0.0539974,-0.0155772,nan,-0.130096,-0.000793103,-0.134033,-0.350627,nan,-1.01226,-0.0773687,-0.467135,-0.0858966,0.0152182,-0.00203181,0.0606897,-0.868924
1091,-32.76,189.64,0.00117351,0,2.08333,0.16138,1.44088,0.000697426,-0.00975785,5.09575,5.85277e-05,0.0139677,0.371344,12195,0.669355,0.33827,-0.2,0.15,1,1070.71,1.34062e+07,0.0461338,0.00106077,0,0.00207704,-0.177436,nan,-0.005012,nan,nan,nan,nan,-0.0123564,-0.0401563,-0.0115606,nan,-0.0858718,-0.00042,-0.0909889,-0.23458,nan,-0.54305,-0.057639,-0.311163,-0.0589,0.0103096,-0.00121482,0.0388,-0.757371
1092,-47.7219,294.05,0.00125553,0.0833333,1.58333,0.156994,1.41139,0.000689801,-0.00978579,5.09472,5.85277e-05,0.0127628,0.371269,13565.6,0.640165,0.265656,-0.2,0.15,1,1071.62,1.34185e+07,0.0614833,0.00217451,0,0.00294128,-0.275842,nan,-0.007882,nan,nan,nan,nan,-0.019189,-0.0676983,-0.0184352,nan,-0.132786,-0.001325,-0.149012,-0.35745,nan,-0.760566,-0.0795608,-0.478598,-0.0928,0.0167658,-0.00194383,0.073625,-0.799966
1093,-46.6904,251.458,0.0011741,0.0416667,1.95833,0.157361,1.39953,0.000696093,-0.0101323,5.09194,5.85277e-05,0.01288,0.371201,14990.2,0.576606,0.243128,-0.2,0.15,1,1072.44,1.34308e+07,0.0617187,0.00166162,0,0.00256618,-0.234263,nan,-0.00609292,nan,nan,nan,nan,-0.0144211,-0.0472009,-0.014029,nan,-0.113529,-0.0015,-0.117453,-0.307725,nan,-0.840734,-0.0688027,-0.408268,-0.0752708,0.0135785,-0.00172794,0.0464583,-1.11726
1094,-56.0838,310.548,0.0011661,0.0416667,1.25,0.158559,1.38864,0.000657951,-0.0102818,5.08945,5.85277e-05,0.0147635,0.371104,15092.4,0.563584,0.250598,-0.2,0.15,1,1073.26,1.34431e+07,0.0667632,0.00206793,0,0.00303849,-0.288758,nan,-0.00875032,nan,nan,nan,nan,-0.0186316,-0.0613008,-0.0182993,nan,-0.140215,-0.001,-0.151885,-0.385554,nan,-0.970898,-0.0904043,-0.501569,-0.0950645,0.0168454,-0.00222786,0.0601613,-0.967673
1095,-55.3578,282.421,0.00124935,0.0416667,1.54167,0.162427,1.4234,0.000691284,-0.0110785,5.08568,5.85277e-05,0.0131743,0.370984,14903.2,0.579643,0.244879,-0.2,0.15,1,1074.08,1.34554e+07,0.0697986,0.00159119,0,0.00259125,-0.264221,nan,-0.00654737,nan,nan,nan,nan,-0.0158571,-0.0532587,-0.0154768,nan,-0.127743,-0.000605263,-0.141698,-0.353123,nan,-1.02406,-0.0776625,-0.461296,-0.0878421,0.0141611,-0.00189074,0.0526316,-0.878388
1096,-50.0336,274.119,0.00117183,0.0416667,1.70833,0.161279,1.42687,0.00067437,-0.0100414,5.08231,5.85277e-05,0.0125056,0.370934,15140.9,0.569153,0.242422,-0.2,0.15,1,1074.9,1.34676e+07,0.0635674,0.00199065,0,0.00255695,-0.255986,nan,-0.00698667,nan,nan,nan,nan,-0.016408,-0.0567827,-0.0158675,nan,-0.123889,-0.000857143,-0.127813,-0.330111,nan,-0.887573,-0.0775739,-0.443747,-0.0860476,0.0151864,-0.00190044,0.057619,-0.886434
1097,-59.3471,333.881,0.00122321,0,1.75,0.160581,1.42638,0.000613887,-0.0108766,5.08046,5.85277e-05,0.0120427,0.370851,15391,0.559796,0.238592,-0.2,0.15,1,1075.7,1.34799e+07,0.0725138,0.00234127,0,0.00337084,-0.310639,nan,-0.0086419,nan,nan,nan,nan,-0.0196999,-0.0688396,-0.0199379,nan,-0.150595,-0.000619048,-0.166225,-0.399713,nan,-1.02586,-0.0859517,-0.54331,-0.105929,0.017838,-0.00228742,0.0678571,-0.936739
1098,-52.4163,290.441,0.000990956,0.0833333,1.33333,0.15873,1.42206,0.000549321,-0.00988653,5.07739,5.85277e-05,0.0113276,0.370756,14622.8,0.574029,0.266304,-0.2,0.15,1,1076.54,1.34922e+07,0.0688252,0.00202751,0,0.0029633,-0.271577,nan,-0.00744294,nan,nan,nan,nan,-0.0168547,-0.0571359,-0.0170009,nan,-0.131353,-0.00102941,-0.140569,-0.347909,nan,-0.925157,-0.0744181,-0.475131,-0.0899118,0.0155045,-0.00202524,0.0617647,-1.04129
1099,-59.4587,355.225,0.00122254,0.0833333,1.58333,0.156438,1.44501,0.000748157,-0.00991652,5.07365,5.85277e-05,0.0180162,0.370614,15219.3,0.567166,0.240231,-0.2,0.15,1,1077.35,1.35045e+07,0.0850105,0.00220016,0,0.00354243,-0.330887,nan,-0.009486,nan,nan,nan,nan,-0.0215753,-0.0757806,-0.0221728,nan,-0.160251,-0.0006,-0.171713,-0.428912,nan,-0.986933,-0.09028,-0.573409,-0.11115,0.0187468,-0.00261524,0.081375,-0.712181
1100,-53.9286,278.023,0.00122437,0.0416667,1.75,0.159213,1.4055,0.000644467,-0.0101089,5.06843,5.85277e-05,0.0125614,0.370448,15353.6,0.559966,0.240369,-0.2,0.15,1,1078.15,1.35168e+07,0.0746848,0.0019892,0,0.0027519,-0.259206,nan,-0.00641953,nan,nan,nan,nan,-0.0151349,-0.0535236,-0.014945,nan,-0.125889,-0.00044186,-0.12616,-0.340309,nan,-1.00057,-0.0735475,-0.4549,-0.0870698,0.0145131,-0.00187272,0.0544186,-0.874741
1101,-43.4902,253.587,0.00111227,0.0416667,1.875,0.161197,1.41607,0.000686794,-0.0109314,5.06433,5.85277e-05,0.00964141,0.370402,15116.1,0.567357,0.24555,-0.2,0.15,1,1080.72,1.35291e+07,0.0608439,0.00171009,0,0.00260532,-0.236238,nan,-0.00627957,nan,nan,nan,nan,-0.0151759,-0.0514282,-0.0149611,nan,-0.114576,-0.00132609,-0.117125,-0.300783,nan,-0.740446,-0.0638003,-0.411937,-0.0821957,0.0137853,-0.00161605,0.0534783,-0.761785
1102,-46.7735,266.412,0.00122182,0,1.41667,0.161487,1.38696,0.000721656,-0.01034,5.06377,5.85277e-05,0.0130151,0.370396,15204.9,0.560288,0.24787,-0.2,0.15,1,1081.52,1.35414e+07,0.0645442,0.00189155,0,0.00274274,-0.245341,nan,-0.00719412,nan,nan,nan,nan,-0.016379,-0.0556443,-0.015838,nan,-0.120068,-0.000441176,-0.128245,-0.316849,nan,-0.82093,-0.0711155,-0.432724,-0.0851765,0.015854,-0.0017778,0.06,-1.12867
1103,-50.1326,297.087,0.0010963,0.0833333,1.83333,0.159282,1.40096,0.000630606,-0.0104716,5.06299,5.85277e-05,0.0155992,0.370345,15325.5,0.558578,0.243222,-0.2,0.15,1,1082.33,1.35537e+07,0.067491,0.00198878,0,0.0029768,-0.274148,nan,-0.00786478,nan,nan,nan,nan,-0.0182553,-0.061908,-0.0179275,nan,-0.133761,-0.000521739,-0.144833,-0.355106,nan,-0.834559,-0.0749602,-0.481428,-0.0930217,0.0156287,-0.00201858,0.0627174,-1.03249
1104,-38.9001,225.854,0.00114365,0.0416667,1.66667,0.157462,1.45522,0.00066861,-0.0110952,5.06149,5.85277e-05,0.00769188,0.370321,15177.7,0.563025,0.246582,-0.2,0.15,1,1083.14,1.3566e+07,0.0501225,0.00156449,0,0.00232984,-0.210019,nan,-0.00588585,nan,nan,nan,nan,-0.0137403,-0.047765,-0.0134558,nan,-0.101753,-0.0012439,-0.110266,-0.276867,nan,-0.662403,-0.0628953,-0.364619,-0.0697561,0.0124856,-0.00157011,0.0592683,-0.47908
1105,-59.7542,337.667,0.00127016,0.0416667,1.83333,0.163441,1.44265,0.000629989,-0.00971761,5.0605,5.85277e-05,0.0171137,0.370279,15182.3,0.560962,0.248402,-0.2,0.15,1,1083.95,1.35782e+07,0.0742217,0.00205781,0,0.00329875,-0.312706,nan,-0.00881111,nan,nan,nan,nan,-0.0204985,-0.0727788,-0.0201901,nan,-0.152079,-0.000488889,-0.164592,-0.410245,nan,-1.02844,-0.0860211,-0.546468,-0.107178,0.0182267,-0.00242524,0.0647778,-0.75243
1106,-58.1018,299.5,0.00120067,0.0833333,1.58333,0.162639,1.43373,0.000719499,-0.0118707,5.05902,5.85277e-05,0.0174931,0.370263,15185.7,0.562573,0.246608,-0.2,0.15,1,1084.76,1.35905e+07,0.0721355,0.00216185,0,0.00256694,-0.27705,nan,-0.006567,nan,nan,nan,nan,-0.0164693,-0.0554371,-0.0162584,nan,-0.13492,-0.000575,-0.149605,-0.363569,nan,-1.08304,-0.0767674,-0.486165,-0.0907,0.0154867,-0.00209418,0.05825,-1.18588
1107,-51.3091,296.816,0.00114974,0.0416667,1.54167,0.162511,1.43781,0.000582497,-0.00942778,5.0586,5.85277e-05,0.00683922,0.370219,15160,0.56456,0.245992,-0.2,0.15,1,1085.57,1.36028e+07,0.0642254,0.0018626,0,0.00293672,-0.273563,nan,-0.00722474,nan,nan,nan,nan,-0.0189144,-0.0660486,-0.0184254,nan,-0.133653,-0.000631579,-0.142519,-0.357511,nan,-0.868597,-0.0803451,-0.481903,-0.0932368,0.0160146,-0.00217181,0.0696053,-1.11057
1108,-45.8976,263.8,0.00120903,0,1.45833,0.163861,1.44067,0.000595226,-0.0104372,5.05692,3.90184e-05,0.0203523,0.370185,15278.8,0.556267,0.247984,-0.2,0.15,1,1086.38,1.36151e+07,0.0603043,0.00145418,0,0.00251337,-0.24624,nan,-0.00665143,nan,nan,nan,nan,-0.0161971,-0.0537197,-0.015718,nan,-0.11879,-0.000542857,-0.130684,-0.310763,nan,-0.786916,-0.0709707,-0.425773,-0.0780286,0.0135541,-0.00185465,0.0527143,-0.948348
1109,-46.217,253.5,0.00119527,0.0416667,1.70833,0.163419,1.40919,0.000710829,-0.00848172,5.05651,3.90184e-05,0.00984471,0.370174,15192.2,0.567098,0.241736,-0.2,0.15,1,1087.19,1.36274e+07,0.062627,0.00140773,0,0.00265168,-0.236757,nan,-0.00603238,nan,nan,nan,nan,-0.0153741,-0.0528368,-0.014608,nan,-0.114483,-0.00052381,-0.122617,-0.305871,nan,-0.819053,-0.0676673,-0.412124,-0.0785,0.0133523,-0.00180561,0.0538095,-1.03135
1110,-63.4086,353.237,0.00116968,0.0416667,1.54167,0.160726,1.43532,0.000579364,-0.0091563,5.0559,3.90184e-05,0.0120455,0.370147,15238.1,0.560505,0.245892,-0.2,0.15,1,1088,1.36397e+07,0.0788323,0.00220822,0,0.00348272,-0.32709,nan,-0.00913158,nan,nan,nan,nan,-0.0204731,-0.0699501,-0.0212865,nan,-0.159073,-0.000710526,-0.176434,-0.425262,nan,-1.12718,-0.0867475,-0.569423,-0.109,0.0177449,-0.00243608,0.0817105,-0.950813
1111,-72.9472,404.921,0.00114521,0.0833333,1.5,0.163652,1.42524,0.000559646,-0.00858228,5.05496,3.90184e-05,0.0154928,0.37012,15507.9,0.552237,0.240134,-0.2,0.15,1,1088.79,1.3652e+07,0.0907025,0.00274197,0,0.00370634,-0.376582,nan,-0.0101984,nan,nan,nan,nan,-0.0233729,-0.0803032,-0.0246775,nan,-0.182628,-0.000605263,-0.197363,-0.487796,nan,-1.29297,-0.0972299,-0.656237,-0.124684,0.0210878,-0.00282665,0.0855263,-1.11587
1112,-54.2229,324.6,0.00148836,0.0833333,2.20833,0.162627,1.42575,0.000808349,-0.00844079,5.05391,3.90184e-05,0.0143121,0.370086,12092.1,0.641968,0.374229,-0.2,0.15,1,1089.81,1.36643e+07,0.0728521,0.00230769,0,0.00326096,-0.302165,nan,-0.00850109,nan,nan,nan,nan,-0.0207647,-0.0723583,-0.0209663,nan,-0.146491,-0.00114545,-0.159901,-0.393045,nan,-0.89063,-0.0835775,-0.526923,-0.0989091,0.0167536,-0.00227662,0.0752727,-0.769699
1113,-43.0728,271.486,0.00121717,0,1.54167,0.159834,1.39446,0.000663346,-0.00905253,5.05313,3.90184e-05,0.00738699,0.370088,10997.6,0.744802,0.372532,-0.2,0.15,1,1090.93,1.36765e+07,0.0525255,0.00178977,0,0.0028756,-0.25116,nan,-0.00789459,nan,nan,nan,nan,-0.018102,-0.060473,-0.0176128,nan,-0.122555,-0.000783784,-0.131665,-0.331647,nan,-0.668381,-0.0722068,-0.439902,-0.0779189,0.0134007,-0.00193593,0.0645946,-0.800952
1114,-43.53,288.742,0.00132968,0.0416667,1.25,0.161286,1.40437,0.000682414,-0.00788241,5.05303,3.90184e-05,0.0130299,0.370076,12627.6,0.641656,0.331449,-0.2,0.15,1,1091.9,1.36888e+07,0.0548841,0.0016746,0,0.00317778,-0.268386,nan,-0.00852903,nan,nan,nan,nan,-0.0204541,-0.0721369,-0.0201721,nan,-0.130166,-0.000548387,-0.147059,-0.349158,nan,-0.634016,-0.082046,-0.468182,-0.0863548,0.0146278,-0.0020643,0.0766129,-0.394794
1115,-45.9042,279.118,0.00131136,0,1.41667,0.163885,1.42133,0.00066863,-0.00831117,5.05172,3.90184e-05,0.00732666,0.370008,13768.3,0.616886,0.275601,-0.2,0.15,1,1092.79,1.37011e+07,0.0618467,0.0016467,0,0.00311405,-0.257545,nan,-0.00732824,nan,nan,nan,nan,-0.0179951,-0.0577681,-0.0176051,nan,-0.126122,-0.000411765,-0.125759,-0.338712,nan,-0.73979,-0.0790231,-0.455212,-0.0829706,0.0142746,-0.00192829,0.0573529,-0.851885
1116,-49.3163,284.067,0.00128128,0.0833333,1.16667,0.160928,1.38111,0.000635109,-0.0085451,5.0496,3.90184e-05,0.0110706,0.369959,15387.4,0.561068,0.237509,-0.2,0.15,1,1093.59,1.37134e+07,0.0593291,0.00180786,0,0.00293765,-0.262641,nan,-0.00698,nan,nan,nan,nan,-0.0181678,-0.0631077,-0.016656,nan,-0.128231,-0.000833333,-0.138687,-0.347908,nan,-0.825069,-0.0835099,-0.463892,-0.0874,0.0141921,-0.00212633,0.0658333,-0.988235
1117,-53.3898,331.633,0.00125543,0.0833333,1.16667,0.158903,1.42083,0.000635648,-0.00864066,5.04821,3.90184e-05,0.0123486,0.369913,15416.1,0.557345,0.239744,-0.2,0.15,1,1094.39,1.37257e+07,0.0848706,0.00229634,0,0.00348962,-0.308265,nan,-0.00902933,nan,nan,nan,nan,-0.021627,-0.0777337,-0.0213426,nan,-0.150033,-0.000533333,-0.151264,-0.402951,nan,-0.851484,-0.0878259,-0.542408,-0.1037,0.0172145,-0.00243691,0.0838333,-0.559548
1118,-59.0299,327.03,0.00135807,0.0833333,1.29167,0.163084,1.42879,0.000717188,-0.00847397,5.04732,3.90184e-05,0.009752,0.369917,15159,0.565426,0.245183,-0.2,0.15,1,1095.21,1.3738e+07,0.0616737,0.0021187,0,0.00310548,-0.304295,nan,-0.00830727,nan,nan,nan,nan,-0.0200324,-0.071265,-0.0194382,nan,-0.1477,-0.000333333,-0.163261,-0.398914,nan,-1.03272,-0.0864213,-0.532675,-0.0991818,0.0174671,-0.00226087,0.08,-1.07983
1119,-60.5487,332.257,0.00116548,0.0833333,1.375,0.167661,1.39624,0.00070564,-0.00837706,5.04746,3.90184e-05,0.014478,0.369909,15525.1,0.552288,0.239203,-0.2,0.15,1,1096,1.37503e+07,0.0865312,0.00225144,0,0.00293587,-0.306251,nan,-0.008392,nan,nan,nan,nan,-0.0187701,-0.0641327,-0.0195914,nan,-0.149639,-0.000857143,-0.162535,-0.396056,nan,-1.09187,-0.0815196,-0.535145,-0.100429,0.0171364,-0.00237967,0.0714286,-0.859567
1120,-50.3302,293.54,0.0011358,0,2.08333,0.166893,1.39892,0.000760137,-0.00837158,5.04702,3.90184e-05,0.0114754,0.369892,12930.2,0.580127,0.370204,-0.2,0.15,1,1096.95,1.37626e+07,0.0638511,0.00198203,0,0.00302982,-0.272539,nan,-0.00735,nan,nan,nan,nan,-0.0187478,-0.0637851,-0.0180457,nan,-0.132653,-0.00076,-0.143106,-0.354964,nan,-0.836537,-0.079207,-0.480097,-0.09156,0.0151614,-0.00212902,0.0634,-0.902527
1121,-64.9633,347.275,0.00128313,0.125,1.54167,0.164145,1.42176,0.00069977,-0.00759081,5.04666,3.90184e-05,0.00669334,0.369884,11576.3,0.688482,0.372999,-0.2,0.15,1,1098.01,1.37748e+07,0.0788795,0.00243197,0,0.00332152,-0.321381,nan,-0.0082265,nan,nan,nan,nan,-0.0197701,-0.0716198,-0.0192848,nan,-0.156763,-0.0009,-0.158113,-0.418455,nan,-1.18229,-0.0887582,-0.562966,-0.105125,0.0175233,-0.00254017,0.074625,-0.950015
1122,-41.0126,267.174,0.00122625,0.0833333,1.83333,0.168338,1.41616,0.000658439,-0.00789858,5.04617,3.90184e-05,0.00579292,0.369858,12837.7,0.636956,0.320222,-0.2,0.15,1,1098.97,1.37871e+07,0.0587349,0.0017898,0,0.00322488,-0.245254,nan,-0.00769217,nan,nan,nan,nan,-0.0176815,-0.059792,-0.0177414,nan,-0.120328,-0.00106522,-0.126161,-0.320987,nan,-0.617924,-0.0711624,-0.431676,-0.0820435,0.0137995,-0.00185927,0.0568478,-0.585676
1123,-55.8176,316.368,0.00105565,0.0416667,1.54167,0.168638,1.4466,0.000634715,-0.00862568,5.0448,3.90184e-05,0.00652258,0.369804,13862.8,0.626581,0.25982,-0.2,0.15,1,1099.86,1.37994e+07,0.0708668,0.00213676,0,0.0032656,-0.294116,nan,-0.00825158,nan,nan,nan,nan,-0.0190216,-0.0637253,-0.0191479,nan,-0.142555,-0.000473684,-0.148519,-0.386166,nan,-0.965122,-0.081848,-0.512066,-0.0996053,0.0170917,-0.00217974,0.0651316,-1.12141
1124,-48.0574,282.45,0.00103444,0.0833333,1.58333,0.163097,1.45979,0.000569316,-0.00807536,5.04256,3.90184e-05,0.00970171,0.369732,14218.4,0.621077,0.243154,-0.2,0.15,1,1100.72,1.38117e+07,0.0637742,0.00178097,0,0.00292357,-0.263284,nan,-0.0074885,nan,nan,nan,nan,-0.0170753,-0.0582155,-0.0176755,nan,-0.12779,-0.00055,-0.130858,-0.33476,nan,-0.817542,-0.0705142,-0.458841,-0.08605,0.0149433,-0.00197354,0.067625,-0.645202
1125,-61.5774,286.718,0.00119166,0.125,1.5,0.160989,1.44927,0.000685518,-0.00860396,5.04081,3.90184e-05,0.00973892,0.369709,15365.9,0.560957,0.238737,-0.2,0.15,1,1101.53,1.3824e+07,0.0627396,0.00219482,0,0.00253282,-0.268227,nan,-0.00584974,nan,nan,nan,nan,-0.0145359,-0.0505159,-0.0142211,nan,-0.129627,-0.000769231,-0.132766,-0.341078,nan,-1.22333,-0.0733687,-0.469478,-0.0887436,0.0144017,-0.00196447,0.049359,-1.28577
1126,-47.8839,262.306,0.0012279,0.0416667,1.45833,0.15942,1.4286,0.000671024,-0.00846233,5.0405,3.90184e-05,0.00851425,0.369701,15333.9,0.559029,0.242332,-0.2,0.15,1,1102.33,1.38363e+07,0.0617157,0.0017761,0,0.00244735,-0.242749,nan,-0.00676611,nan,nan,nan,nan,-0.0147169,-0.0494863,-0.0151504,nan,-0.118273,-0.000416667,-0.124229,-0.311645,nan,-0.863502,-0.0631632,-0.423788,-0.0792778,0.0135824,-0.00179841,0.0525,-0.950653
1127,-68.1607,372.367,0.00134097,0.208333,1.04167,0.159217,1.42497,0.000739073,-0.00778251,5.03981,3.90184e-05,0.0100929,0.369686,15094.1,0.559028,0.255065,-0.2,0.15,1,1103.14,1.38486e+07,0.0841955,0.00263034,0,0.00342265,-0.346181,nan,-0.00912733,nan,nan,nan,nan,-0.0219771,-0.077911,-0.0218061,nan,-0.16827,-0.0007,-0.18015,-0.445963,nan,-1.22358,-0.0894936,-0.60747,-0.116433,0.0196044,-0.00257551,0.0848333,-1.09156
1128,-54.4881,300.026,0.00124696,0.0416667,1.54167,0.160793,1.42159,0.00071483,-0.00867193,5.03873,3.90184e-05,0.0108872,0.369639,13239.6,0.587471,0.340651,-0.2,0.15,1,1104.07,1.38609e+07,0.064379,0.00195276,0,0.00269337,-0.279611,nan,-0.00760211,nan,nan,nan,nan,-0.0182939,-0.0644393,-0.0178846,nan,-0.13542,-0.000605263,-0.152482,-0.361698,nan,-0.958311,-0.0796308,-0.488794,-0.0959737,0.0160966,-0.00214258,0.0611842,-0.717935
1129,-64.075,396.5,0.00105257,0.125,1.20833,0.15908,1.46452,0.00061544,-0.00909623,5.03743,3.90184e-05,0.0125318,0.369626,11367.2,0.725661,0.355348,-0.2,0.15,1,1105.16,1.38732e+07,0.0866273,0.00274299,0,0.0038405,-0.364967,nan,-0.0110925,nan,nan,nan,nan,-0.0235398,-0.0847444,-0.0251731,nan,-0.178567,-0.00134375,-0.197636,-0.469116,nan,-1.03778,-0.0905677,-0.639177,-0.122281,0.0214224,-0.00278948,0.0910938,-0.734636
1130,-69.2692,376.878,0.00116223,0.0833333,1.625,0.163437,1.47392,0.000666286,-0.00958002,5.03679,3.90184e-05,0.00897505,0.369584,11963,0.692666,0.334498,-0.2,0.15,1,1106.19,1.38854e+07,0.0882625,0.00249598,0,0.00324857,-0.348379,nan,-0.00963659,nan,nan,nan,nan,-0.0219564,-0.0767057,-0.0220319,nan,-0.170018,-0.00129268,-0.183609,-0.444424,nan,-1.25959,-0.0955877,-0.606293,-0.113756,0.0192604,-0.00278233,0.087561,-1.14884
1131,-62.5235,380.857,0.00122728,0.0833333,1.375,0.15985,1.42493,0.000723169,-0.00915372,5.03506,3.90184e-05,0.00866915,0.369533,12026.8,0.701036,0.320682,-0.2,0.15,1,1107.21,1.38977e+07,0.0770197,0.00276124,0,0.00390815,-0.350171,nan,-0.0109,nan,nan,nan,nan,-0.0224536,-0.0791982,-0.0239563,nan,-0.171228,-0.000342857,-0.178029,-0.454084,nan,-1.03067,-0.0855191,-0.614002,-0.116943,0.0199439,-0.00254982,0.087,-0.773336
1132,-58.0814,342.071,0.000998854,0.0833333,1.66667,0.157626,1.45839,0.000594986,-0.00845501,5.03383,3.90184e-05,0.0102952,0.369511,14658.1,0.590869,0.24744,-0.2,0.15,1,1108.05,1.391e+07,0.0709991,0.00247313,0,0.00322074,-0.31765,nan,-0.00916048,nan,nan,nan,nan,-0.0209492,-0.0721685,-0.0211913,nan,-0.154651,-0.000595238,-0.161776,-0.418749,nan,-0.974643,-0.0831879,-0.557397,-0.0995952,0.0173294,-0.00238108,0.0742857,-0.935989
1133,-43.6739,244.421,0.00136021,0,1.58333,0.159866,1.47452,0.000721737,-0.00805129,5.03338,3.90184e-05,0.0114095,0.36951,12102.1,0.672808,0.342555,-0.2,0.15,1,1109.07,1.39223e+07,0.0537615,0.00161729,0,0.0023904,-0.225599,nan,-0.00621421,nan,nan,nan,nan,-0.015067,-0.0522391,-0.0145678,nan,-0.110598,-0.0005,-0.113081,-0.302295,nan,-0.754541,-0.0649913,-0.398085,-0.0734474,0.0127065,-0.00155609,0.0522368,-0.733097
1134,-61.968,381.514,0.00117754,0.0833333,1.45833,0.155935,1.47209,0.000679198,-0.00758705,5.03287,5.85277e-05,0.00460769,0.369459,12027.1,0.681344,0.340349,-0.2,0.15,1,1110.09,1.39346e+07,0.067034,0.00247083,0,0.00369304,-0.35204,nan,-0.0103773,nan,nan,nan,nan,-0.0232802,-0.0821351,-0.0244492,nan,-0.172049,-0.000567568,-0.176127,-0.456106,nan,-0.998489,-0.0881396,-0.619113,-0.119946,0.0198,-0.00253156,0.0887838,-0.818397
1135,-56.4352,327.7,0.00128622,0.0416667,1.625,0.155873,1.45426,0.00072114,-0.00932129,5.03024,5.85277e-05,0.00921432,0.369366,12295.3,0.658168,0.341242,-0.2,0.15,1,1111.09,1.39469e+07,0.0790844,0.00204533,0,0.00330866,-0.300494,nan,-0.0089835,nan,nan,nan,nan,-0.0197234,-0.0672027,-0.0198368,nan,-0.147707,-0.000975,-0.156234,-0.388908,nan,-0.974784,-0.0825034,-0.529889,-0.102125,0.0171137,-0.00221912,0.07725,-0.884337
1136,-63.5611,330.281,0.00114806,0.125,1.20833,0.153344,1.44572,0.000657167,-0.00955425,5.02785,5.85277e-05,0.0115476,0.369322,14644.9,0.59932,0.239743,-0.2,0.15,1,1111.93,1.39592e+07,0.0766877,0.00206619,0,0.00269505,-0.301659,nan,-0.00823688,nan,nan,nan,nan,-0.0184788,-0.0658318,-0.018921,nan,-0.148979,-0.00015625,-0.166884,-0.407663,nan,-1.18314,-0.0809005,-0.534657,-0.0991875,0.0172876,-0.00227255,0.0635938,-0.746874
1137,-52.1961,326.476,0.00127113,0.125,1.625,0.152695,1.44283,0.000646883,-0.00978734,5.02643,5.85277e-05,0.0131389,0.369279,15222.3,0.569387,0.23785,-0.2,0.15,1,1112.74,1.39715e+07,0.075581,0.0020435,0,0.00343248,-0.300951,nan,-0.0093719,nan,nan,nan,nan,-0.0210943,-0.0719755,-0.0213922,nan,-0.147264,-0.000261905,-0.155663,-0.390947,nan,-0.828393,-0.081148,-0.532104,-0.101214,0.0174219,-0.00235639,0.0757143,-0.629278
1138,-73.6764,409.938,0.00124742,0.125,1.20833,0.154367,1.44647,0.000685983,-0.00959975,5.02477,5.85277e-05,0.0100716,0.369236,13036.8,0.590034,0.352528,-0.2,0.15,1,1113.68,1.39837e+07,0.0825306,0.0025391,0,0.00373538,-0.376166,nan,-0.0103088,nan,nan,nan,nan,-0.024634,-0.089419,-0.0252178,nan,-0.184955,-0.00028125,-0.20763,-0.494698,nan,-1.29007,-0.104052,-0.666136,-0.1275,0.0211303,-0.00295478,0.0920313,-0.90163
1139,-59.7773,319.615,0.0012906,0.0833333,1.54167,0.156252,1.41793,0.000664475,-0.0100188,5.02315,5.85277e-05,0.0113498,0.369186,11756,0.672808,0.372443,-0.2,0.15,1,1114.73,1.3996e+07,0.0636392,0.00226475,0,0.00290013,-0.292755,nan,-0.00788564,nan,nan,nan,nan,-0.0189002,-0.0667642,-0.0186378,nan,-0.144048,-0.000384615,-0.161548,-0.387839,nan,-1.07566,-0.0808345,-0.518459,-0.0938205,0.0162296,-0.00221952,0.0651282,-1.16684
1140,-53.9205,320.714,0.00130961,0.125,1.33333,0.156951,1.4401,0.000671662,-0.0095149,5.02194,5.85277e-05,0.0121976,0.369183,12644.2,0.642338,0.329491,-0.2,0.15,1,1115.7,1.40083e+07,0.0714418,0.00224144,0,0.00307004,-0.294646,nan,-0.008352,nan,nan,nan,nan,-0.0197804,-0.0687726,-0.0198149,nan,-0.144518,-0.000514286,-0.151329,-0.383835,nan,-0.893963,-0.0801706,-0.518082,-0.0974857,0.0159128,-0.00236015,0.0665714,-0.858203
1141,-64.6625,321.2,0.00123372,0.125,1.54167,0.157713,1.46851,0.000748917,-0.0112618,5.02256,5.85277e-05,0.0142988,0.369236,12824.9,0.673634,0.284505,-0.2,0.15,1,1116.66,1.40206e+07,0.0673208,0.00205048,0,0.00261745,-0.295721,nan,-0.0073645,nan,nan,nan,nan,-0.0174871,-0.0609952,-0.0172672,nan,-0.145365,-0.000425,-0.157543,-0.393792,nan,-1.23407,-0.0870249,-0.525711,-0.097475,0.016647,-0.00228087,0.070375,-0.998883
1142,-66.4938,353.871,0.00123311,0.0416667,1.25,0.155835,1.44585,0.000672181,-0.00886088,5.024,5.85277e-05,0.0148857,0.369263,15284.9,0.556692,0.247236,-0.2,0.15,1,1117.47,1.40329e+07,0.0736117,0.00228395,0,0.00325545,-0.323281,nan,-0.00931097,nan,nan,nan,nan,-0.0192668,-0.0668303,-0.0202192,nan,-0.158961,-0.000806452,-0.171715,-0.427703,nan,-1.21614,-0.0883904,-0.570311,-0.106806,0.0186797,-0.00245576,0.068871,-1.36929
1143,-77.8495,418.267,0.00118587,0.166667,1.70833,0.159448,1.43077,0.000687198,-0.00961944,5.02392,5.85277e-05,0.0114178,0.369241,13971.7,0.564269,0.315225,-0.2,0.15,1,1118.35,1.40452e+07,0.0935399,0.00275678,0,0.00383058,-0.379123,nan,-0.0102102,nan,nan,nan,nan,-0.0229483,-0.0809415,-0.0241662,nan,-0.18843,-0.000422222,-0.203543,-0.492162,nan,-1.43163,-0.0974789,-0.674004,-0.127467,0.0212144,-0.00290191,0.0925556,-1.11285
1144,-59.3843,364.958,0.00122305,0.0833333,0.916667,0.163811,1.42134,0.000689264,-0.0113545,5.02244,5.85277e-05,0.0122125,0.369188,11429.6,0.66854,0.406565,-0.2,0.15,1,1119.43,1.40575e+07,0.0784923,0.00226526,0,0.00379337,-0.330315,nan,-0.009745,nan,nan,nan,nan,-0.0233063,-0.0809537,-0.0234902,nan,-0.164469,-0.000166667,-0.173247,-0.434145,nan,-0.96827,-0.0891783,-0.589581,-0.113792,0.0182431,-0.00253136,0.0852083,-0.924156
1145,-57.1433,302.517,0.00121742,0.0833333,1.125,0.162012,1.42106,0.000673576,-0.0101611,5.02059,5.85277e-05,0.0150641,0.369137,12720.4,0.638396,0.327612,-0.2,0.15,1,1120.39,1.40698e+07,0.0694376,0.00185019,0,0.00273746,-0.27632,nan,-0.00751586,nan,nan,nan,nan,-0.0168688,-0.0597399,-0.01724,nan,-0.13679,-0.001,-0.143693,-0.372265,nan,-1.03364,-0.0752374,-0.492724,-0.0892414,0.0152224,-0.00193219,0.0581034,-0.812907
1146,-54.4103,318.222,0.00135232,0.0416667,1.45833,0.166647,1.42444,0.000713885,-0.0107925,5.01874,5.85277e-05,0.0153994,0.369087,13001.5,0.665596,0.279529,-0.2,0.15,1,1121.34,1.4082e+07,0.0757923,0.00201884,0,0.00294201,-0.289532,nan,-0.00902667,nan,nan,nan,nan,-0.0194222,-0.0671425,-0.0196924,nan,-0.143134,-0.001,-0.158473,-0.381103,nan,-0.918674,-0.0798619,-0.513809,-0.0975556,0.0164354,-0.00209317,0.0648611,-0.819211
1147,-61.6034,350.069,0.00115255,0.125,1.08333,0.158269,1.45703,0.000650398,-0.00947298,5.01697,5.85277e-05,0.0147411,0.369048,15095.1,0.577711,0.236328,-0.2,0.15,1,1122.16,1.40943e+07,0.0728811,0.00272736,0,0.00309303,-0.317466,nan,-0.00896828,nan,nan,nan,nan,-0.0206886,-0.0736688,-0.0220773,nan,-0.157972,-0.00186207,-0.169871,-0.417567,nan,-1.08031,-0.0839113,-0.566523,-0.104414,0.0177647,-0.00245118,0.0768966,-0.818441
1148,-52.3275,329.421,0.0011649,0.0833333,1.5,0.160845,1.43949,0.000620216,-0.0107758,5.01656,5.85277e-05,0.0149105,0.369088,14581.5,0.565142,0.277572,-0.2,0.15,1,1123,1.41066e+07,0.0842912,0.00222882,0,0.00358814,-0.302487,nan,-0.00913526,nan,nan,nan,nan,-0.021091,-0.0734552,-0.0212999,nan,-0.148139,-0.00134211,-0.155238,-0.396548,nan,-0.832513,-0.0817632,-0.532675,-0.1005,0.0171601,-0.00220609,0.0773684,-0.931895
1149,-59.0945,344.844,0.00127256,0.166667,1.16667,0.161108,1.43598,0.000684517,-0.0103289,5.0172,5.85277e-05,0.012409,0.369072,11978.1,0.675358,0.350515,-0.2,0.15,1,1124.03,1.41189e+07,0.0805718,0.00236827,0,0.00346629,-0.313349,nan,-0.0101,nan,nan,nan,nan,-0.0211419,-0.0743746,-0.0216037,nan,-0.155381,-0.00090625,-0.165751,-0.411115,nan,-1.00501,-0.0851484,-0.557841,-0.103687,0.0183935,-0.00220102,0.0634375,-1.04188
1150,-60.801,348.162,0.00105683,0.0416667,1.5,0.164985,1.42807,0.000685322,-0.00984782,5.01582,5.85277e-05,0.00972122,0.369012,12115.5,0.688671,0.325569,-0.2,0.15,1,1125.05,1.41312e+07,0.0739195,0.00210969,0,0.00338447,-0.317622,nan,-0.00962216,nan,nan,nan,nan,-0.0209864,-0.0725771,-0.0208518,nan,-0.156449,-0.000351351,-0.170617,-0.423444,nan,-1.03651,-0.0938266,-0.558931,-0.108162,0.018293,-0.0023951,0.0735135,-1.15717
1151,-63.2676,371.814,0.00105204,0.0416667,1.75,0.163742,1.43505,0.00062084,-0.00966613,5.01419,5.85277e-05,0.0148477,0.369,12851.3,0.668617,0.287554,-0.2,0.15,1,1126,1.41435e+07,0.0800763,0.00232467,0,0.00394091,-0.338073,nan,-0.00977767,nan,nan,nan,nan,-0.022823,-0.0794811,-0.0225162,nan,-0.167695,-0.000418605,-0.175725,-0.454227,nan,-1.05675,-0.0916271,-0.602443,-0.116279,0.0192629,-0.00259222,0.0819767,-1.13165
1152,-52.5148,279.537,0.00120441,0.0416667,1.66667,0.161269,1.45346,0.00069971,-0.0102086,5.0142,5.85277e-05,0.017398,0.368994,14826.1,0.593584,0.235222,-0.2,0.15,1,1126.83,1.41558e+07,0.0708205,0.00177107,0,0.00258202,-0.252911,nan,-0.00645951,nan,nan,nan,nan,-0.0160919,-0.0538657,-0.0157902,nan,-0.125835,-0.000170732,-0.133021,-0.331204,nan,-0.961164,-0.0740672,-0.450865,-0.0838293,0.013733,-0.00197219,0.0515854,-1.06183
1153,-48.3995,285.971,0.00113162,0.0416667,1.41667,0.15753,1.42922,0.000598897,-0.0113764,5.0134,5.85277e-05,0.0118545,0.368961,15353.4,0.556356,0.243987,-0.2,0.15,1,1127.64,1.41681e+07,0.0677996,0.00199413,0,0.00286849,-0.260243,nan,-0.00832171,nan,nan,nan,nan,-0.016457,-0.0570697,-0.0174809,nan,-0.128815,-0.0002,-0.133556,-0.3422,nan,-0.815339,-0.0742115,-0.461508,-0.0857143,0.0143934,-0.00189324,0.0615714,-0.52689
1154,-61.9983,363.265,0.00123832,0.166667,1.25,0.156412,1.44111,0.000597913,-0.0105831,5.01402,5.85277e-05,0.0155263,0.369051,12372.4,0.649431,0.343749,-0.2,0.15,1,1128.63,1.41804e+07,0.0702644,0.00220005,0,0.00361421,-0.329525,nan,-0.0102006,nan,nan,nan,nan,-0.0218085,-0.0754469,-0.0224554,nan,-0.163401,-0.000794118,-0.176403,-0.435724,nan,-1.04653,-0.0891181,-0.586798,-0.112765,0.0184031,-0.00228532,0.0925,-0.907982
1155,-52.2995,319.444,0.00121103,0.0833333,1.41667,0.159098,1.44087,0.000651557,-0.0102684,5.01635,5.85277e-05,0.017948,0.369066,12273,0.675676,0.325549,-0.2,0.15,1,1129.63,1.41926e+07,0.0672851,0.00192336,0,0.00338149,-0.291265,nan,-0.00919556,nan,nan,nan,nan,-0.0196878,-0.0700261,-0.0206925,nan,-0.143714,-0.000416667,-0.157757,-0.394136,nan,-0.839647,-0.0823421,-0.513722,-0.0979444,0.01709,-0.00207588,0.0761111,-1.24328
1156,-66.0462,368.118,0.00113328,0.0416667,2.08333,0.159366,1.43523,0.000632909,-0.0101332,5.01611,5.85277e-05,0.0162306,0.369053,12347.4,0.647925,0.347263,-0.2,0.15,1,1130.63,1.42049e+07,0.0806942,0.00249466,0,0.00364538,-0.335978,nan,-0.00979176,nan,nan,nan,nan,-0.0210789,-0.0748838,-0.0220948,nan,-0.16561,-0.000529412,-0.178822,-0.443294,nan,-1.16195,-0.0929149,-0.592614,-0.111588,0.0189899,-0.00249806,0.0776471,-1.06758
1157,-62.7385,334.967,0.00113975,0,1.25,0.158146,1.45732,0.000682416,-0.0101467,5.01545,5.85277e-05,0.00907837,0.369,14233.9,0.625812,0.237478,-0.2,0.15,1,1131.49,1.42172e+07,0.0764108,0.00214525,0,0.00320772,-0.305216,nan,-0.00879667,nan,nan,nan,nan,-0.0181206,-0.0621236,-0.0189596,nan,-0.151026,-0.0001,-0.159393,-0.401179,nan,-1.14799,-0.0833995,-0.538913,-0.0995,0.0176773,-0.00222182,0.0648333,-0.912766
1158,-49.157,275.735,0.00135595,0,1.41667,0.160412,1.4785,0.000749085,-0.00992556,5.01419,5.85277e-05,0.0136129,0.36899,15392.1,0.558021,0.24031,-0.2,0.15,1,1132.29,1.42295e+07,0.0515907,0.0017729,0,0.00274096,-0.252417,nan,-0.00697941,nan,nan,nan,nan,-0.0173584,-0.0596277,-0.0160454,nan,-0.124408,-0.000588235,-0.134582,-0.34385,nan,-0.832321,-0.0786315,-0.449519,-0.0877059,0.0149856,-0.00192678,0.0569118,-0.764539
1159,-75.737,442.567,0.0012874,0.0416667,1.20833,0.15209,1.49991,0.000694164,-0.00972341,5.01391,5.85277e-05,0.0118017,0.368953,13058.5,0.587948,0.353051,-0.2,0.15,1,1133.24,1.42418e+07,0.0867509,0.00289828,0,0.00438651,-0.404289,nan,-0.0126827,nan,nan,nan,nan,-0.0262345,-0.0918895,-0.0268762,nan,-0.199256,-0.000333333,-0.213964,-0.541837,nan,-1.27186,-0.105743,-0.713242,-0.133833,0.0232554,-0.00278637,0.0985,-0.773452
1160,-54.7366,305.139,0.00121787,0.0416667,1.45833,0.155396,1.48131,0.000696023,-0.0105905,5.01269,5.85277e-05,0.0139969,0.36893,11825.3,0.681265,0.35786,-0.2,0.15,1,1134.28,1.42541e+07,0.0692505,0.0022836,0,0.00303512,-0.277441,nan,-0.00848333,nan,nan,nan,nan,-0.0176397,-0.0595636,-0.0182877,nan,-0.137376,-0.000305556,-0.139632,-0.367316,nan,-0.969082,-0.0797021,-0.489567,-0.0904722,0.0160664,-0.00209283,0.0616667,-1.19403
1161,-61.0034,349.024,0.00128055,0.125,1.58333,0.154822,1.48485,0.000727069,-0.00931321,5.0117,5.85277e-05,0.0135834,0.368895,12536.3,0.652645,0.327547,-0.2,0.15,1,1135.26,1.42664e+07,0.0891085,0.002365,0,0.00327096,-0.318381,nan,-0.00897415,nan,nan,nan,nan,-0.0206178,-0.0706475,-0.0213277,nan,-0.156832,-0.000390244,-0.173584,-0.4243,nan,-1.06299,-0.0849562,-0.561739,-0.106317,0.0183658,-0.00232381,0.0847561,-1.06898
1162,-46.287,270.289,0.00125329,0,1.58333,0.159389,1.47729,0.000720892,-0.0101185,5.01033,5.85277e-05,0.0110427,0.368863,13400.8,0.643908,0.273054,-0.2,0.15,1,1136.18,1.42787e+07,0.057009,0.0017769,0,0.0027211,-0.246575,nan,-0.00698632,nan,nan,nan,nan,-0.0172296,-0.058877,-0.0164977,nan,-0.12157,-5.26316e-05,-0.137755,-0.337107,nan,-0.767875,-0.0741132,-0.43723,-0.0830526,0.0142197,-0.00184241,0.0609211,-0.913498
1163,-66.6909,374.75,0.00116325,0.125,1.70833,0.161462,1.45092,0.000676275,-0.00939854,5.00919,5.85277e-05,0.0111156,0.368818,15329.5,0.562651,0.238941,-0.2,0.15,1,1136.98,1.42909e+07,0.0859596,0.00217965,0,0.00375174,-0.33979,nan,-0.00960727,nan,nan,nan,nan,-0.0224896,-0.0813881,-0.0224174,nan,-0.168809,-0.000772727,-0.180914,-0.463733,nan,-1.15834,-0.0952808,-0.60772,-0.117364,0.0202812,-0.00255691,0.0807955,-1.12786
1164,-80.2902,453.222,0.00114936,0.125,1,0.160869,1.48145,0.000640401,-0.00912437,5.00768,5.85277e-05,0.0120373,0.368817,15228.8,0.560672,0.246219,-0.2,0.15,1,1137.79,1.43032e+07,0.104519,0.00257688,0,0.00439512,-0.412269,nan,-0.0112163,nan,nan,nan,nan,-0.0274545,-0.102398,-0.026989,nan,-0.204115,-0.000111111,-0.224825,-0.566723,nan,-1.3868,-0.11035,-0.732522,-0.14137,0.0246889,-0.00324515,0.101111,-0.904229
1165,-61.1853,336.075,0.00121303,0.125,1.54167,0.153478,1.45726,0.00062989,-0.00862407,5.00738,5.85277e-05,0.00938874,0.368775,12637.7,0.616895,0.35543,-0.2,0.15,1,1138.76,1.43155e+07,0.0704712,0.00190223,0,0.00327793,-0.305336,nan,-0.0090155,nan,nan,nan,nan,-0.0192535,-0.0662972,-0.019675,nan,-0.151355,-0.0003,-0.162744,-0.403587,nan,-1.08519,-0.0853051,-0.545141,-0.102425,0.0175532,-0.00222823,0.072125,-0.969958
1166,-47.8281,302.471,0.00130922,0.0416667,1.375,0.156656,1.47434,0.000713316,-0.0104849,5.00485,5.85277e-05,0.00792473,0.368686,11426.8,0.69809,0.377273,-0.2,0.15,1,1139.84,1.43278e+07,0.0725008,0.00157672,0,0.00308892,-0.27393,nan,-0.00845471,nan,nan,nan,nan,-0.0186789,-0.0620748,-0.019203,nan,-0.135586,-0.000117647,-0.153449,-0.3549,nan,-0.760252,-0.0741848,-0.483186,-0.0886765,0.0147042,-0.00206309,0.0679412,-0.791932
1167,-48.0743,312.365,0.00117873,0.0833333,2.08333,0.155019,1.48405,0.000792654,-0.00966819,5.00327,5.85277e-05,0.00808179,0.368716,11875,0.665899,0.368876,-0.2,0.15,1,1140.87,1.43401e+07,0.0699449,0.00219647,0,0.00359881,-0.284396,nan,-0.00912231,nan,nan,nan,nan,-0.0200791,-0.0707404,-0.0199296,nan,-0.140219,-0.000288462,-0.153356,-0.380751,nan,-0.71991,-0.0801158,-0.504055,-0.0955962,0.0167281,-0.0020775,0.0700962,-0.742271
1168,-58.4842,314.22,0.00116339,0.0833333,2,0.156894,1.49403,0.000709481,-0.0105104,5.00356,5.85277e-05,0.013252,0.368668,12401.8,0.705205,0.28562,-0.2,0.15,1,1141.87,1.43524e+07,0.0865284,0.00189204,0,0.0033065,-0.285531,nan,-0.0076132,nan,nan,nan,nan,-0.0176279,-0.0590829,-0.017341,nan,-0.141486,-0.0002,-0.153416,-0.384481,nan,-1.06269,-0.0799415,-0.506998,-0.09748,0.0170818,-0.00205517,0.0657,-1.00992
1169,-70.624,367.63,0.00120895,0.166667,1.75,0.158062,1.4906,0.000721022,-0.00967845,5.00087,5.85277e-05,0.0159211,0.368585,14039.6,0.632589,0.242651,-0.2,0.15,1,1142.74,1.43647e+07,0.0970824,0.002148,0,0.00319882,-0.332071,nan,-0.00852609,nan,nan,nan,nan,-0.0199551,-0.0737912,-0.0201057,nan,-0.164885,-0.000391304,-0.183492,-0.451677,nan,-1.31835,-0.0905647,-0.589567,-0.111391,0.0189765,-0.00252602,0.0807609,-1.05245
1170,-54.1319,305.341,0.00116333,0.0416667,1.66667,0.158185,1.4841,0.000653848,-0.0108586,4.99839,5.85277e-05,0.014072,0.368522,15076.2,0.571045,0.244012,-0.2,0.15,1,1143.56,1.4377e+07,0.0699407,0.0018626,0,0.00319729,-0.27819,nan,-0.00762049,nan,nan,nan,nan,-0.0182387,-0.06279,-0.01798,nan,-0.137396,-0.000780488,-0.152863,-0.383468,nan,-0.936183,-0.0787822,-0.492477,-0.0947073,0.0165507,-0.00210793,0.072561,-1.21315
1171,-52.8479,299.054,0.00108615,0.0833333,1.45833,0.16044,1.48544,0.000617634,-0.0105415,4.99636,5.85277e-05,0.00881984,0.368464,13914.6,0.577534,0.305564,-0.2,0.15,1,1144.45,1.43892e+07,0.0699631,0.00166566,0,0.00306698,-0.273203,nan,-0.00811243,nan,nan,nan,nan,-0.0175726,-0.062123,-0.0179568,nan,-0.134141,-0.000891892,-0.142709,-0.364213,nan,-0.913637,-0.0744587,-0.481285,-0.0928108,0.0156882,-0.00204081,0.0589189,-0.694739
1172,-55.5883,270.816,0.00122142,0.0416667,1.54167,0.156473,1.47554,0.000712036,-0.00992724,4.99484,5.85277e-05,0.0132943,0.368457,11381.4,0.738786,0.34087,-0.2,0.15,1,1145.53,1.44015e+07,0.0730638,0.00152848,0,0.00258535,-0.24613,nan,-0.00605053,nan,nan,nan,nan,-0.014516,-0.0512284,-0.013605,nan,-0.121518,-0.000157895,-0.134255,-0.337115,nan,-1.06618,-0.0748474,-0.439143,-0.0830789,0.0151929,-0.00188219,0.0525,-0.977987
1173,-54.1633,290.37,0.00133751,0.125,1.79167,0.157508,1.47483,0.000746445,-0.00981412,4.99469,5.85277e-05,0.0151877,0.368446,11560.3,0.729486,0.333467,-0.2,0.15,1,1146.59,1.44138e+07,0.0612056,0.00180672,0,0.00281312,-0.263755,nan,-0.00752696,nan,nan,nan,nan,-0.0168643,-0.060114,-0.0163933,nan,-0.130051,-0.00026087,-0.144318,-0.355713,nan,-0.968242,-0.078593,-0.465491,-0.0879565,0.0149748,-0.00201406,0.0577174,-0.955986
1174,-58.0879,337.235,0.00113419,0.0416667,1.375,0.156344,1.52522,0.000670369,-0.0104496,4.99329,5.85277e-05,0.0154698,0.368376,12293.1,0.685295,0.314286,-0.2,0.15,1,1147.59,1.44261e+07,0.0833714,0.00215493,0,0.00348565,-0.305375,nan,-0.00895059,nan,nan,nan,nan,-0.0201837,-0.0680938,-0.0205343,nan,-0.151008,-0.00111765,-0.170785,-0.416723,nan,-0.989578,-0.0851872,-0.541362,-0.101294,0.0184884,-0.00238377,0.0730882,-0.983125
1175,-60.3746,352.737,0.00135908,0,1.58333,0.156357,1.50254,0.000785172,-0.00999513,4.99008,5.85277e-05,0.0148888,0.368238,12715.9,0.636252,0.330097,-0.2,0.15,1,1148.56,1.44384e+07,0.0820456,0.00230551,0,0.00367366,-0.320098,nan,-0.00930368,nan,nan,nan,nan,-0.0213224,-0.0759973,-0.0209252,nan,-0.158503,-7.89474e-05,-0.172691,-0.428016,nan,-1.01439,-0.0927018,-0.566729,-0.108053,0.0184452,-0.0024275,0.0843421,-1.03698
1176,-53.9422,294.886,0.000953978,0.0416667,1.79167,0.159009,1.47274,0.000575096,-0.0102065,4.9862,5.85277e-05,0.0101109,0.368169,11396.2,0.724884,0.353366,-0.2,0.15,1,1149.64,1.44507e+07,0.0717716,0.0015414,0,0.00301914,-0.266887,nan,-0.007685,nan,nan,nan,nan,-0.0166597,-0.0560678,-0.0167586,nan,-0.132139,-0.000522727,-0.1493,-0.358999,nan,-0.959974,-0.0764076,-0.474576,-0.08825,0.0149913,-0.00201667,0.0553409,-0.950122
1177,-49.132,298.053,0.00116591,0.0833333,1.5,0.154653,1.49608,0.000654578,-0.00938488,4.98477,5.85277e-05,0.017285,0.368119,11593.2,0.722378,0.33755,-0.2,0.15,1,1150.7,1.4463e+07,0.0638729,0.00132013,0,0.00303383,-0.270991,nan,-0.00793895,nan,nan,nan,nan,-0.0185625,-0.064256,-0.0185751,nan,-0.133883,-0.000368421,-0.155461,-0.369864,nan,-0.792736,-0.0769576,-0.477943,-0.0904211,0.0155652,-0.00218964,0.0722368,-0.629299
1178,-64.8844,355.229,0.00108447,0.25,1.75,0.156725,1.43428,0.000664318,-0.00960084,4.98334,5.85277e-05,0.0112997,0.36809,12406,0.689408,0.301081,-0.2,0.15,1,1151.69,1.44753e+07,0.0836802,0.00226572,0,0.0035124,-0.323368,nan,-0.0090325,nan,nan,nan,nan,-0.0204565,-0.0699741,-0.0206153,nan,-0.159031,-0.000270833,-0.18324,-0.434418,nan,-1.1551,-0.0886962,-0.569697,-0.108646,0.0186171,-0.00238526,0.0791667,-1.25031
1179,-55.8172,279,0.00109373,0.0833333,1.875,0.155694,1.43898,0.000670199,-0.0105712,4.98238,5.85277e-05,0.0111081,0.368046,14526.8,0.586565,0.259322,-0.2,0.15,1,1152.54,1.44876e+07,0.0624875,0.00202126,0,0.00239051,-0.252454,nan,-0.00626681,nan,nan,nan,nan,-0.0149781,-0.0503233,-0.0146959,nan,-0.125102,-0.00110638,-0.14684,-0.345175,nan,-1.06077,-0.0730129,-0.447547,-0.0845532,0.0145266,-0.0020042,0.0544681,-1.18255
1180,-57.4392,298.542,0.00103747,0.125,1.875,0.160474,1.48224,0.000618129,-0.00982611,4.98109,5.85277e-05,0.0140284,0.368042,14602.1,0.599662,0.241858,-0.2,0.15,1,1153.38,1.44998e+07,0.0726602,0.00206507,0,0.00283441,-0.271496,nan,-0.00730458,nan,nan,nan,nan,-0.0164223,-0.0572415,-0.0162413,nan,-0.134079,-0.0003125,-0.150677,-0.367796,nan,-1.05179,-0.0812259,-0.481199,-0.09075,0.0154897,-0.00211904,0.0609375,-0.792776
1181,-50.9381,259.477,0.00125215,0.0833333,1.75,0.158745,1.46653,0.000711687,-0.009974,4.98071,5.85277e-05,0.0108282,0.368035,14873.9,0.583864,0.242282,-0.2,0.15,1,1154.21,1.45121e+07,0.0645657,0.0014515,0,0.0023733,-0.234416,nan,-0.00602545,nan,nan,nan,nan,-0.0144742,-0.0472152,-0.0133408,nan,-0.116489,-0.000409091,-0.136792,-0.322165,nan,-0.942577,-0.0728612,-0.418584,-0.0818182,0.0142784,-0.00187694,0.0486364,-0.911023
1182,-51.0125,288.133,0.00117526,0.0833333,1.79167,0.162449,1.47089,0.000678631,-0.0105657,4.98109,5.85277e-05,0.014979,0.36807,14845.8,0.584334,0.243376,-0.2,0.15,1,1155.04,1.45244e+07,0.0624392,0.00192507,0,0.00273535,-0.260109,nan,-0.0077,nan,nan,nan,nan,-0.0176017,-0.0603858,-0.0170671,nan,-0.128771,-0.000288889,-0.152151,-0.350832,nan,-0.879193,-0.0778879,-0.46135,-0.0883333,0.014829,-0.00203681,0.0597778,-1.06102
1183,-45.9153,253.4,0.00119887,0.0833333,1.79167,0.159753,1.49316,0.000664226,-0.0111728,4.98041,5.85277e-05,0.015193,0.367951,14956.1,0.579221,0.242384,-0.2,0.15,1,1155.86,1.45367e+07,0.0544475,0.00133763,0,0.00267265,-0.229122,nan,-0.00634533,nan,nan,nan,nan,-0.0154888,-0.0533709,-0.0142905,nan,-0.113999,-0.000777778,-0.13122,-0.316449,nan,-0.789906,-0.0742728,-0.411011,-0.0788667,0.0135187,-0.00191655,0.0543333,-0.832678
1184,-60.0346,330.538,0.00130934,0.0833333,1.54167,0.163122,1.46898,0.000806747,-0.0098213,4.97622,5.85277e-05,0.0113874,0.367846,14918.9,0.571675,0.25198,-0.2,0.15,1,1156.69,1.4549e+07,0.0801817,0.00194378,0,0.0031699,-0.299598,nan,-0.00817128,nan,nan,nan,nan,-0.0195445,-0.0701156,-0.0185412,nan,-0.147973,-0.000384615,-0.174442,-0.400767,nan,-1.06163,-0.0843916,-0.527949,-0.0988462,0.0177177,-0.00237992,0.0666667,-1.25129
1185,-47.3733,255.225,0.00112639,0.0833333,1.58333,0.164375,1.45594,0.000670865,-0.0103077,4.97329,5.85277e-05,0.0153668,0.36776,15104.1,0.567087,0.246466,-0.2,0.15,1,1157.5,1.45613e+07,0.0552641,0.00177347,0,0.00259959,-0.228773,nan,-0.006147,nan,nan,nan,nan,-0.0141643,-0.0494091,-0.0141851,nan,-0.114054,-0.000575,-0.129441,-0.309206,nan,-0.850489,-0.0664804,-0.406545,-0.0789,0.013039,-0.00167246,0.04725,-0.794719
1186,-54.5708,308.319,0.00110039,0.0416667,1.91667,0.161424,1.51103,0.000632284,-0.0110789,4.97168,5.85277e-05,0.0170062,0.36777,14985.5,0.57187,0.248122,-0.2,0.15,1,1158.32,1.45736e+07,0.0687132,0.00201281,0,0.00289063,-0.278173,nan,-0.00791234,nan,nan,nan,nan,-0.0187325,-0.0651288,-0.0183518,nan,-0.138355,-0.000255319,-0.156675,-0.387343,nan,-0.927757,-0.0795185,-0.498251,-0.0937021,0.0161018,-0.00227001,0.0606383,-0.808691
1187,-40.159,236.13,0.00116048,0.0416667,1.875,0.161216,1.47595,0.000773185,-0.0103889,4.97241,5.85277e-05,0.00750539,0.367782,14415.2,0.610777,0.241656,-0.2,0.15,1,1159.18,1.45859e+07,0.0585929,0.00167693,0,0.00249032,-0.21558,nan,-0.0059513,nan,nan,nan,nan,-0.0147116,-0.0504098,-0.0140401,nan,-0.106027,-0.00026087,-0.118927,-0.296686,nan,-0.66572,-0.0623587,-0.381703,-0.0698478,0.0126339,-0.00173389,0.0536957,-0.510142
1188,-48.8951,268.65,0.00101854,0,1.66667,0.159955,1.50317,0.000521753,-0.00893501,4.97266,5.85277e-05,0.00942418,0.367823,14884.3,0.580176,0.245392,-0.2,0.15,1,1160,1.45981e+07,0.0683366,0.00157774,0,0.00246996,-0.241502,nan,-0.0070625,nan,nan,nan,nan,-0.0156243,-0.0547605,-0.0154085,nan,-0.120018,-0.0001,-0.146572,-0.337345,nan,-0.866428,-0.0714463,-0.429105,-0.07785,0.0141254,-0.00185027,0.0585,-0.682309
1189,-76.2555,376.306,0.00116879,0.0416667,1.45833,0.159094,1.49151,0.000627549,-0.00967276,4.9732,5.85277e-05,0.0177005,0.367809,14975.3,0.566756,0.253797,-0.2,0.15,1,1160.83,1.46104e+07,0.0838922,0.00238174,0,0.00302353,-0.339697,nan,-0.00868278,nan,nan,nan,nan,-0.0200584,-0.0706732,-0.0200739,nan,-0.168301,-0.000361111,-0.197592,-0.469054,nan,-1.44696,-0.0963034,-0.602818,-0.114444,0.0193447,-0.00259763,0.0631944,-1.28099
1190,-55.0415,335.07,0.00116465,0.0416667,1.75,0.16249,1.48733,0.000652855,-0.0110136,4.97202,5.85277e-05,0.0143586,0.367775,15100.3,0.564254,0.249503,-0.2,0.15,1,1161.64,1.46227e+07,0.0682132,0.00183836,0,0.00326398,-0.303877,nan,-0.0098293,nan,nan,nan,nan,-0.0206563,-0.0720037,-0.0211683,nan,-0.149972,-0.000534884,-0.173589,-0.407658,nan,-0.882124,-0.0824821,-0.534874,-0.102698,0.017166,-0.00227768,0.0652326,-1.03233
1191,-47.4793,252.4,0.001326,0,1.25,0.159075,1.49173,0.000700213,-0.00987608,4.97017,5.85277e-05,0.0119039,0.367676,15119.3,0.560066,0.252671,-0.2,0.15,1,1162.46,1.4635e+07,0.0593855,0.00135252,0,0.00253735,-0.229983,nan,-0.00598067,nan,nan,nan,nan,-0.0147549,-0.0491261,-0.0143344,nan,-0.113072,-0.0005,-0.13603,-0.320249,nan,-0.844271,-0.0710056,-0.407926,-0.0781333,0.012709,-0.00175464,0.0568333,-1.09831
1192,-55.3777,316.634,0.00118373,0.0416667,1.66667,0.159963,1.46846,0.00063875,-0.0096462,4.96748,5.85277e-05,0.0104636,0.367644,14991.8,0.568664,0.250986,-0.2,0.15,1,1163.28,1.46473e+07,0.0591466,0.0019727,0,0.00302974,-0.287612,nan,-0.00863415,nan,nan,nan,nan,-0.01922,-0.0678698,-0.0196018,nan,-0.141813,-0.000487805,-0.167566,-0.384781,nan,-0.932315,-0.0849751,-0.508006,-0.0979512,0.0171833,-0.00218334,0.064878,-0.875036
1193,-49.46,238.871,0.0011262,0.0416667,1.25,0.155578,1.47014,0.00064272,-0.0112231,4.96691,5.85277e-05,0.0134051,0.367621,15018.1,0.566138,0.252077,-0.2,0.15,1,1164.1,1.46596e+07,0.0648414,0.00163688,0,0.00208432,-0.215612,nan,-0.00541355,nan,nan,nan,nan,-0.0127811,-0.042932,-0.01212,nan,-0.107006,-0.000129032,-0.132686,-0.30332,nan,-0.94771,-0.0673907,-0.383258,-0.0696452,0.0124469,-0.00155246,0.0456452,-0.924103
1194,-45.5229,259.868,0.00105999,0,1.58333,0.159231,1.47605,0.000645046,-0.00919776,4.96566,5.85277e-05,0.0122742,0.367582,14860.8,0.576425,0.250448,-0.2,0.15,1,1164.92,1.46719e+07,0.0616567,0.00157529,0,0.00260994,-0.234757,nan,-0.00693895,nan,nan,nan,nan,-0.0152403,-0.0494674,-0.0145489,nan,-0.116599,-0.000605263,-0.140774,-0.318463,nan,-0.774367,-0.0737988,-0.416383,-0.0793684,0.0139015,-0.00184909,0.0463158,-0.75547
1195,-45.3628,243.97,0.00130842,0,1.375,0.160209,1.46027,0.000751119,-0.00985817,4.96354,5.85277e-05,0.0160694,0.367485,14774.3,0.584194,0.247523,-0.2,0.15,1,1165.76,1.46842e+07,0.0586465,0.00139629,0,0.00233851,-0.222117,nan,-0.00590424,nan,nan,nan,nan,-0.0140932,-0.0472136,-0.0136242,nan,-0.109268,-0.000212121,-0.12949,-0.296299,nan,-0.807757,-0.0651426,-0.391277,-0.0720909,0.0126051,-0.00163706,0.0469697,-0.784555
1196,-46.9384,280.881,0.00110448,0,1.75,0.157842,1.47635,0.000644323,-0.0108136,4.9602,5.85277e-05,0.0164306,0.367422,14233.3,0.602871,0.260459,-0.2,0.15,1,1166.62,1.46964e+07,0.0562831,0.0017933,0,0.00289471,-0.253861,nan,-0.00735476,nan,nan,nan,nan,-0.0177587,-0.0599344,-0.0169783,nan,-0.125824,-0.000547619,-0.149592,-0.34442,nan,-0.761359,-0.0760906,-0.452388,-0.0841905,0.0141404,-0.00201651,0.0647619,-0.806864
1197,-54.4066,324.4,0.00116459,0.125,1.33333,0.161255,1.44515,0.000670444,-0.0101818,4.95857,5.85277e-05,0.0155127,0.367374,14936,0.575576,0.247136,-0.2,0.15,1,1167.45,1.47087e+07,0.0625628,0.00207064,0,0.00331435,-0.295071,nan,-0.00848914,nan,nan,nan,nan,-0.0207879,-0.0734381,-0.0197691,nan,-0.14562,-0.000571429,-0.180082,-0.394806,nan,-0.877589,-0.0876783,-0.524965,-0.0977143,0.0175678,-0.00240075,0.0704286,-0.644403
1198,-69.4596,394.955,0.00125768,0.208333,1.625,0.155828,1.46194,0.000656691,-0.0106387,4.95618,5.85277e-05,0.0154991,0.367265,14824.5,0.568147,0.26075,-0.2,0.15,1,1168.28,1.4721e+07,0.0916949,0.00236186,0,0.00389564,-0.356506,nan,-0.00956273,nan,nan,nan,nan,-0.0234614,-0.0869115,-0.0232401,nan,-0.176738,-0.00025,-0.210057,-0.479381,nan,-1.19825,-0.0977774,-0.636005,-0.120136,0.020864,-0.00285404,0.0948864,-0.898803
1199,-52.0946,338.5,0.0011491,0.125,1.04167,0.15293,1.44696,0.000668174,-0.0105379,4.95244,5.85277e-05,0.0103131,0.367171,15213.9,0.566021,0.241663,-0.2,0.15,1,1169.09,1.47333e+07,0.0661885,0.00206358,0,0.00341371,-0.307688,nan,-0.00954,nan,nan,nan,nan,-0.0229704,-0.0833659,-0.0225638,nan,-0.152117,-0.000607143,-0.18025,-0.427375,nan,-0.767662,-0.0867571,-0.549477,-0.1025,0.0177923,-0.0022888,0.0858929,-0.908877
1200,-60.7792,322.816,0.00105509,0.0416667,1.54167,0.15488,1.45313,0.000733466,-0.00938788,4.94986,5.85277e-05,0.014139,0.367113,15179.8,0.571895,0.237604,-0.2,0.15,1,1169.9,1.47456e+07,0.0666651,0.00214732,0,0.00296684,-0.290712,nan,-0.0072,nan,nan,nan,nan,-0.0193872,-0.066573,-0.0177787,nan,-0.144537,-0.000947368,-0.174713,-0.396017,nan,-1.09278,-0.0893142,-0.515541,-0.0983158,0.0168427,-0.00235462,0.0652632,-0.955795
1201,-57.5057,307,0.00119345,0.0416667,2,0.156281,1.45364,0.000659249,-0.0103607,4.94818,5.85277e-05,0.0106032,0.367065,11634.7,0.730384,0.325766,-0.2,0.15,1,1172.91,1.47579e+07,0.0717266,0.00187897,0,0.00295808,-0.276448,nan,-0.00730694,nan,nan,nan,nan,-0.0171085,-0.0588508,-0.0169783,nan,-0.137357,-0.000530612,-0.165917,-0.368027,nan,-1.04119,-0.0791874,-0.48946,-0.0924898,0.015678,-0.00217676,0.0620408,-0.846907
1202,-47.8691,247.297,0.00126112,0,1.54167,0.158079,1.46765,0.000692663,-0.0110759,4.94595,5.85277e-05,0.0152881,0.366981,12393.3,0.701895,0.289606,-0.2,0.15,1,1173.9,1.47702e+07,0.0524356,0.00192891,0,0.00231788,-0.222295,nan,-0.00526919,nan,nan,nan,nan,-0.0143365,-0.0476615,-0.0130143,nan,-0.110647,-0.000351351,-0.134449,-0.310622,nan,-0.867493,-0.0764216,-0.399384,-0.0737838,0.0129494,-0.00180058,0.0540541,-0.738807
1203,-67.1886,369,0.00132857,0.125,1.58333,0.162849,1.44522,0.000823918,-0.009803,4.94385,5.85277e-05,0.0147312,0.366956,13865.8,0.62031,0.265897,-0.2,0.15,1,1174.79,1.47825e+07,0.0794118,0.00242135,0,0.00361092,-0.334215,nan,-0.00972341,nan,nan,nan,nan,-0.0217717,-0.0767476,-0.0212086,nan,-0.165059,-0.000609756,-0.197395,-0.443947,nan,-1.18634,-0.0946761,-0.594199,-0.109146,0.0191279,-0.00260046,0.0768293,-1.16109
1204,-61.3557,308.927,0.00119613,0.125,1.58333,0.162259,1.47063,0.000743859,-0.0106641,4.94371,5.85277e-05,0.0112567,0.366996,12419.9,0.627051,0.362326,-0.2,0.15,1,1175.78,1.47948e+07,0.0766095,0.00185548,0,0.00246643,-0.279031,nan,-0.00644341,nan,nan,nan,nan,-0.0171294,-0.0600579,-0.0160435,nan,-0.138228,-0.000487805,-0.166055,-0.387666,nan,-1.14779,-0.0807413,-0.494488,-0.0932683,0.0159864,-0.00227711,0.0578049,-1.24045
1205,-59.4311,314.695,0.00127761,0.166667,2.29167,0.156044,1.48734,0.000753106,-0.0102081,4.94469,5.85277e-05,0.0138638,0.367,11719.9,0.718041,0.330436,-0.2,0.15,1,1176.83,1.4807e+07,0.069001,0.00196348,0,0.00289879,-0.283658,nan,-0.00770271,nan,nan,nan,nan,-0.0180073,-0.0631793,-0.017436,nan,-0.14076,-0.000372881,-0.172721,-0.382888,nan,-1.07433,-0.0838353,-0.503903,-0.0932542,0.0161717,-0.00222485,0.0677119,-0.8851
1206,-61.4044,322.8,0.0011694,0.0416667,1.20833,0.154292,1.45477,0.000613776,-0.010421,4.94428,5.85277e-05,0.0127886,0.366973,11733.8,0.696436,0.350794,-0.2,0.15,1,1177.87,1.48193e+07,0.0785877,0.00217296,0,0.00314246,-0.290844,nan,-0.00708933,nan,nan,nan,nan,-0.018426,-0.0638326,-0.0173921,nan,-0.144486,-0.000166667,-0.174477,-0.386116,nan,-1.11819,-0.0888282,-0.517543,-0.101567,0.0167934,-0.00225266,0.0713333,-1.33306
1207,-52.186,285.656,0.0012844,0,1.33333,0.151851,1.446,0.00076828,-0.00966988,4.94285,5.85277e-05,0.0159038,0.36693,12117.2,0.720657,0.293438,-0.2,0.15,1,1178.89,1.48316e+07,0.0644525,0.00173075,0,0.00263314,-0.260013,nan,-0.00676625,nan,nan,nan,nan,-0.0170804,-0.0610475,-0.0161553,nan,-0.127946,-0.00015625,-0.158358,-0.350363,nan,-0.911656,-0.0791598,-0.459953,-0.090375,0.0153573,-0.00230995,0.0610938,-1.13722
1208,-37.8676,220.514,0.00122886,0,1.54167,0.153145,1.46546,0.000714831,-0.00879825,4.94155,5.85277e-05,0.0155153,0.366902,11909.9,0.675997,0.355753,-0.2,0.15,1,1179.92,1.48439e+07,0.0513723,0.0013276,0,0.00239751,-0.199651,nan,-0.00588054,nan,nan,nan,nan,-0.0137338,-0.0453087,-0.0130338,nan,-0.0987623,-0.000459459,-0.116664,-0.275277,nan,-0.628938,-0.0613136,-0.35365,-0.0643243,0.0116305,-0.00153757,0.0472973,-0.596026
1209,-64.3911,324.29,0.00101567,0,1.29167,0.153237,1.47569,0.000591375,-0.0104865,4.94048,5.85277e-05,0.00864237,0.366862,12014.8,0.704829,0.317913,-0.2,0.15,1,1180.95,1.48562e+07,0.0799777,0.00213878,0,0.00272445,-0.292047,nan,-0.00685742,nan,nan,nan,nan,-0.0173202,-0.0596606,-0.0169552,nan,-0.144891,-0.000387097,-0.176103,-0.388338,nan,-1.21671,-0.0822165,-0.520473,-0.0978065,0.016332,-0.00230923,0.0630645,-1.12132
1210,-60.1353,342.846,0.00123977,0.125,0.958333,0.155726,1.42247,0.000673533,-0.0106281,4.93864,5.85277e-05,0.0150636,0.366768,12337.1,0.676465,0.319559,-0.2,0.15,1,1181.95,1.48685e+07,0.0830765,0.0019626,0,0.00324481,-0.308509,nan,-0.00880846,nan,nan,nan,nan,-0.0206831,-0.0742278,-0.020931,nan,-0.153263,-0.000269231,-0.194064,-0.41931,nan,-1.0313,-0.0887157,-0.546341,-0.103423,0.0186147,-0.00252501,0.0755769,-0.805504
1211,-54.1124,335.37,0.00136586,0.0416667,1.08333,0.157539,1.44143,0.000767348,-0.00932404,4.93548,5.85277e-05,0.00925623,0.36669,12944.3,0.678307,0.270988,-0.2,0.15,1,1182.9,1.48808e+07,0.0707227,0.00248837,0,0.00346752,-0.300763,nan,-0.0085437,nan,nan,nan,nan,-0.0216767,-0.0769357,-0.0210338,nan,-0.150092,-0.000407407,-0.183402,-0.407347,nan,-0.85094,-0.0875224,-0.53772,-0.104519,0.0177916,-0.00242283,0.0783333,-0.844413
1212,-64.5467,368.944,0.001274,0.125,1.375,0.150392,1.45625,0.000724403,-0.0107479,4.93279,5.85277e-05,0.0155507,0.366602,11555.5,0.726991,0.336395,-0.2,0.15,1,1183.96,1.48931e+07,0.083966,0.00243334,0,0.00355085,-0.330183,nan,-0.00971,nan,nan,nan,nan,-0.0219237,-0.0789059,-0.0214505,nan,-0.164472,-0.000666667,-0.208463,-0.44438,nan,-1.11757,-0.0907287,-0.584185,-0.110556,0.019673,-0.0027072,0.0888889,-0.719847
1213,-61.0151,317.816,0.00125471,0.0416667,1.54167,0.151927,1.43559,0.000744432,-0.00916418,4.93003,5.85277e-05,0.0120238,0.366541,11589.2,0.722184,0.338114,-0.2,0.15,1,1185.02,1.49053e+07,0.073364,0.00184415,0,0.00266905,-0.286732,nan,-0.00765316,nan,nan,nan,nan,-0.0178723,-0.0640803,-0.0172405,nan,-0.142293,-0.000184211,-0.174907,-0.393852,nan,-1.11704,-0.082625,-0.509918,-0.0976842,0.016864,-0.00227326,0.0643421,-0.863723
1214,-59.0931,365.632,0.00119499,0.166667,1.41667,0.151242,1.41053,0.000687203,-0.0109084,4.92796,5.85277e-05,0.0118666,0.366471,12525.9,0.687514,0.293492,-0.2,0.15,1,1186.01,1.49176e+07,0.0789884,0.00231241,0,0.00372838,-0.327703,nan,-0.0104053,nan,nan,nan,nan,-0.0229989,-0.0818103,-0.0234916,nan,-0.163623,-0.000921053,-0.188563,-0.443645,nan,-0.953538,-0.089948,-0.583091,-0.107211,0.0188088,-0.00262677,0.0928947,-1.15377
1215,-60.0186,375.229,0.00133173,0.125,1.33333,0.150235,1.4279,0.000754341,-0.00993461,4.92576,5.85277e-05,0.0173172,0.366405,12404.8,0.665427,0.325158,-0.2,0.15,1,1187,1.49299e+07,0.0919302,0.00235341,0,0.00388181,-0.338053,nan,-0.00997486,nan,nan,nan,nan,-0.0238349,-0.0859243,-0.0234616,nan,-0.167568,-0.000742857,-0.205091,-0.45559,nan,-0.951745,-0.0976434,-0.599885,-0.112086,0.0205881,-0.00269966,0.0941429,-0.813911
1216,-50.8401,327.941,0.00128255,0.0416667,1.375,0.153825,1.45314,0.00066088,-0.0101969,4.92263,5.85277e-05,0.012096,0.36628,12091.5,0.662888,0.353361,-0.2,0.15,1,1188.02,1.49422e+07,0.0768545,0.00184628,0,0.00345772,-0.294145,nan,-0.00924529,nan,nan,nan,nan,-0.0219951,-0.0778007,-0.021593,nan,-0.146303,-0.000264706,-0.187822,-0.402722,nan,-0.764001,-0.0834501,-0.524986,-0.0969412,0.017201,-0.00241299,0.0741176,-0.927037
1217,-59.4,335.743,0.00118781,0.0833333,1.375,0.156502,1.4272,0.000641782,-0.00986926,4.91918,5.85277e-05,0.0121715,0.366241,11624.5,0.710265,0.346809,-0.2,0.15,1,1189.07,1.49545e+07,0.069621,0.00200099,0,0.00313573,-0.303114,nan,-0.00814686,nan,nan,nan,nan,-0.020342,-0.0731744,-0.0197543,nan,-0.150205,-0.000485714,-0.182024,-0.4141,nan,-1.01639,-0.0868555,-0.538255,-0.100029,0.0179094,-0.00253591,0.0757143,-0.650316
1218,-68.7531,334.775,0.00126532,0.0833333,1.58333,0.154779,1.4598,0.000715862,-0.00992822,4.91854,5.85277e-05,0.0155877,0.366208,12937.3,0.633259,0.316551,-0.2,0.15,1,1190.03,1.49668e+07,0.0861258,0.00216318,0,0.00318285,-0.303643,nan,-0.0074535,nan,nan,nan,nan,-0.0171679,-0.05858,-0.0164728,nan,-0.149513,-0.00055,-0.177996,-0.411082,nan,-1.32382,-0.0878325,-0.536377,-0.103375,0.0179087,-0.00229638,0.066625,-1.39167
1219,-53.1428,296.771,0.0013256,0.0416667,1.41667,0.15895,1.4569,0.000867678,-0.00939559,4.91667,5.85277e-05,0.0174164,0.366133,11761.7,0.715141,0.329607,-0.2,0.15,1,1191.07,1.49791e+07,0.0641951,0.00173947,0,0.00283583,-0.263944,nan,-0.007612,nan,nan,nan,nan,-0.0176911,-0.0605197,-0.0169521,nan,-0.132407,-0.000514286,-0.16442,-0.361284,nan,-0.924941,-0.0802015,-0.46965,-0.0909429,0.0160851,-0.00208972,0.0601429,-0.914241
1220,-72.9071,391.786,0.00118594,0.166667,1,0.155162,1.43912,0.000646052,-0.00966277,4.913,5.85277e-05,0.00726802,0.365981,12740.5,0.66583,0.298651,-0.2,0.15,1,1192.04,1.49914e+07,0.0841992,0.0023869,0,0.00339842,-0.351231,nan,-0.00991357,nan,nan,nan,nan,-0.0219582,-0.0795278,-0.0225776,nan,-0.175057,-0.000821429,-0.222958,-0.478024,nan,-1.31029,-0.0966215,-0.622824,-0.120143,0.0209139,-0.00297375,0.0901786,-1.32605
1221,-62.5787,384.872,0.00131252,0.166667,1.45833,0.155705,1.48217,0.000740723,-0.0107351,4.90864,5.85277e-05,0.0120709,0.365898,12429.3,0.706103,0.282528,-0.2,0.15,1,1193.03,1.50036e+07,0.0894074,0.0023686,0,0.00399431,-0.345365,nan,-0.0102892,nan,nan,nan,nan,-0.0245349,-0.087163,-0.0237212,nan,-0.171957,-0.000794872,-0.217792,-0.46872,nan,-0.999418,-0.102248,-0.612028,-0.117923,0.0206967,-0.00293457,0.0964103,-1.22399
1222,-48.6886,275.774,0.00124532,0,1.29167,0.157579,1.45241,0.000702535,-0.0105963,4.9068,5.85277e-05,0.0103527,0.365863,12183.6,0.660114,0.348453,-0.2,0.15,1,1194.04,1.50159e+07,0.0731588,0.00196767,0,0.00266643,-0.247817,nan,-0.00716129,nan,nan,nan,nan,-0.0164956,-0.056117,-0.0165,nan,-0.123432,-0.001,-0.152089,-0.33573,nan,-0.849727,-0.0741223,-0.439957,-0.0825484,0.0150842,-0.00199584,0.066129,-0.731389
1223,-49.611,295.265,0.00121071,0.125,1.29167,0.152789,1.49184,0.000707865,-0.00930313,4.90596,5.85277e-05,0.0125146,0.36588,11686.1,0.718026,0.333481,-0.2,0.15,1,1195.09,1.50282e+07,0.067963,0.00214529,0,0.0030071,-0.263737,nan,-0.00783235,nan,nan,nan,nan,-0.0187147,-0.0651592,-0.0175962,nan,-0.131838,-5.88235e-05,-0.163148,-0.361684,nan,-0.814138,-0.0784821,-0.470077,-0.0913235,0.015709,-0.0021995,0.0654412,-1.01201
1224,-68.3775,365.222,0.0012132,0.125,1.75,0.155506,1.46407,0.000685827,-0.00997081,4.9069,5.85277e-05,0.0102893,0.365926,11561.2,0.71095,0.351914,-0.2,0.15,1,1196.15,1.50405e+07,0.0962059,0.002149,0,0.00324559,-0.327814,nan,-0.00874889,nan,nan,nan,nan,-0.0201471,-0.0701233,-0.0199952,nan,-0.16337,-0.000333333,-0.189366,-0.445207,nan,-1.25469,-0.095143,-0.58306,-0.1124,0.0192845,-0.00265651,0.0845556,-0.931654
1225,-71.3166,374.686,0.00118049,0.0833333,1.375,0.148833,1.44117,0.000729051,-0.00928004,4.90778,5.85277e-05,0.0162486,0.365928,12718.4,0.701121,0.265038,-0.2,0.15,1,1197.12,1.50528e+07,0.0843603,0.00235543,0,0.00350431,-0.336123,nan,-0.00896286,nan,nan,nan,nan,-0.0209865,-0.0750975,-0.0212753,nan,-0.167352,-0.000428571,-0.205755,-0.457631,nan,-1.30018,-0.098278,-0.598949,-0.115657,0.0197502,-0.00271151,0.0788571,-0.929571
1226,-70.4896,417.476,0.00130951,0.125,1.625,0.148024,1.46304,0.000702863,-0.00974728,4.90799,5.85277e-05,0.0131466,0.365944,14778,0.590539,0.240967,-0.2,0.15,1,1197.96,1.50651e+07,0.08351,0.00318146,0,0.00394775,-0.373721,nan,-0.0110476,nan,nan,nan,nan,-0.0256428,-0.0896649,-0.0257995,nan,-0.186135,-0.000380952,-0.235725,-0.501955,nan,-1.17196,-0.103188,-0.668136,-0.126571,0.0225186,-0.00323078,0.0996429,-0.691776
1227,-74.618,378.553,0.0013416,0.125,1.45833,0.152153,1.49463,0.000734163,-0.0103279,4.90887,5.85277e-05,0.00978077,0.36598,12634.1,0.631851,0.340756,-0.2,0.15,1,1198.93,1.50774e+07,0.0766984,0.00236105,0,0.00338685,-0.339743,nan,-0.00958895,nan,nan,nan,nan,-0.0200491,-0.0715109,-0.0208148,nan,-0.169495,-7.89474e-05,-0.205109,-0.471992,nan,-1.39021,-0.0959255,-0.607131,-0.117184,0.0207497,-0.00267993,0.0747368,-1.13216
1228,-62.4844,362.667,0.00114942,0.125,1.375,0.154361,1.49003,0.000769002,-0.00989534,4.90914,5.85277e-05,0.0148201,0.36596,11202.8,0.716002,0.380869,-0.2,0.15,1,1200.03,1.50897e+07,0.0849851,0.00213986,0,0.00347202,-0.323676,nan,-0.010035,nan,nan,nan,nan,-0.0212287,-0.0716916,-0.0216722,nan,-0.161319,-0.0005,-0.199172,-0.437404,nan,-1.07152,-0.0881561,-0.573315,-0.109167,0.0195128,-0.00253597,0.0744444,-0.869511
1229,-64.7619,368.595,0.00117026,0.125,1.625,0.154374,1.50453,0.000664919,-0.00976039,4.90777,5.85277e-05,0.0133403,0.365912,11802.5,0.689965,0.351171,-0.2,0.15,1,1201.07,1.5102e+07,0.0916774,0.0024782,0,0.00340994,-0.330498,nan,-0.00949762,nan,nan,nan,nan,-0.0215572,-0.0770259,-0.0216248,nan,-0.164704,-0.00111905,-0.200035,-0.451616,nan,-1.12224,-0.0952919,-0.587992,-0.10831,0.0193487,-0.00273566,0.0858333,-1.03567
1230,-47.0841,286.365,0.00128897,0,2.16667,0.155217,1.49972,0.000767228,-0.00965498,4.90547,5.85277e-05,0.00944417,0.365835,13869.4,0.630888,0.25509,-0.2,0.15,1,1201.96,1.51142e+07,0.0684751,0.00180069,0,0.00281308,-0.256236,nan,-0.00793192,nan,nan,nan,nan,-0.0182912,-0.0621174,-0.0177624,nan,-0.128033,-0.000269231,-0.156459,-0.351259,nan,-0.772775,-0.076769,-0.455456,-0.0860192,0.0153607,-0.00201822,0.0707692,-0.634537
1231,-81.3655,409.681,0.00132044,0.125,1.83333,0.156383,1.46257,0.000852216,-0.00996074,4.90251,5.85277e-05,0.0102529,0.365737,13473.6,0.571412,0.340597,-0.2,0.15,1,1202.87,1.51265e+07,0.111274,0.00246419,0,0.00322507,-0.366157,nan,-0.00975489,nan,nan,nan,nan,-0.0213265,-0.077466,-0.0214147,nan,-0.183468,-0.00123404,-0.226275,-0.503552,nan,-1.55761,-0.100386,-0.655643,-0.125766,0.0228135,-0.00297021,0.0848936,-1.14868
1232,-53.6266,311.333,0.00124795,0.125,2.125,0.157284,1.44101,0.000684815,-0.0100882,4.89994,5.85277e-05,0.0122935,0.365706,10910.6,0.735605,0.390636,-0.2,0.15,1,1204.01,1.51388e+07,0.0770547,0.00203521,0,0.00306875,-0.280263,nan,-0.00830704,nan,nan,nan,nan,-0.0187263,-0.0661854,-0.0187225,nan,-0.139405,-0.000555556,-0.166618,-0.387487,nan,-0.911165,-0.0837093,-0.497735,-0.0940926,0.0176394,-0.00218114,0.07,-0.863875
1233,-47.6745,283.3,0.00125178,0.0833333,1.16667,0.157236,1.45316,0.000712703,-0.00916656,4.89926,5.85277e-05,0.0132667,0.36569,12011,0.69787,0.325193,-0.2,0.15,1,1205.04,1.51511e+07,0.0677976,0.00197699,0,0.00278533,-0.253256,nan,-0.00734267,nan,nan,nan,nan,-0.0180727,-0.0612453,-0.0169155,nan,-0.126375,-0.0007,-0.152936,-0.355169,nan,-0.78533,-0.0822366,-0.451844,-0.0878333,0.0152025,-0.00196623,0.0705,-0.703827
1234,-39.9166,254.722,0.00118191,0.0416667,2.20833,0.155216,1.45822,0.000789913,-0.0105691,4.89802,5.85277e-05,0.0137818,0.365658,12904.6,0.667856,0.28436,-0.2,0.15,1,1205.99,1.51634e+07,0.0561211,0.00164982,0,0.00265599,-0.228355,nan,-0.00706704,nan,nan,nan,nan,-0.0167952,-0.0576876,-0.0163275,nan,-0.114328,-0.000277778,-0.131892,-0.319142,nan,-0.616681,-0.0691953,-0.407992,-0.0774259,0.0137881,-0.00177808,0.065,-0.540784
1235,-55.7081,310.587,0.0011679,0.0416667,1.875,0.152849,1.44192,0.000700662,-0.00973978,4.89657,5.85277e-05,0.0165841,0.365594,14857.2,0.588903,0.238172,-0.2,0.15,1,1206.82,1.51757e+07,0.0694922,0.00190416,0,0.00292988,-0.276834,nan,-0.00789565,nan,nan,nan,nan,-0.0181049,-0.0610342,-0.0180859,nan,-0.139241,-0.000326087,-0.161899,-0.38515,nan,-0.982088,-0.0811646,-0.495729,-0.0936304,0.0170594,-0.00225095,0.0704348,-1.14381
1236,-54.5237,301.425,0.00121835,0.0833333,1.58333,0.150878,1.45109,0.000747502,-0.00923459,4.89444,5.85277e-05,0.0108346,0.365557,14959.2,0.569206,0.252227,-0.2,0.15,1,1207.64,1.5188e+07,0.0619294,0.00218488,0,0.00293155,-0.26808,nan,-0.008282,nan,nan,nan,nan,-0.0176551,-0.0600896,-0.0178756,nan,-0.134979,-0.000275,-0.154306,-0.369784,nan,-0.952161,-0.0825548,-0.482821,-0.092475,0.0162648,-0.00205465,0.057875,-0.895917
1237,-38.8471,236.226,0.00112173,0.0416667,1.25,0.15149,1.47869,0.000687595,-0.00938854,4.89323,5.85277e-05,0.0153852,0.365515,11792.8,0.700939,0.34105,-0.2,0.15,1,1208.68,1.52003e+07,0.0608251,0.00149564,0,0.00235147,-0.209729,nan,-0.00651677,nan,nan,nan,nan,-0.0152504,-0.0522981,-0.014964,nan,-0.105705,-0.000258065,-0.122944,-0.298411,nan,-0.629119,-0.0641595,-0.377475,-0.0722581,0.0126484,-0.00154103,0.055,-0.645107
1238,-47.5613,277.837,0.00111836,0.0833333,1.70833,0.154732,1.48194,0.000742228,-0.0106108,4.89133,5.85277e-05,0.0116617,0.365442,11788.5,0.72033,0.322043,-0.2,0.15,1,1209.73,1.52125e+07,0.0597308,0.00204824,0,0.00281705,-0.24854,nan,-0.00776419,nan,nan,nan,nan,-0.0176141,-0.0642323,-0.0173155,nan,-0.124173,-0.000209302,-0.145027,-0.346574,nan,-0.802083,-0.0751385,-0.444983,-0.0820233,0.0150818,-0.0019456,0.067907,-0.90932
1239,-56.9561,296.851,0.00124308,0.208333,1.75,0.155462,1.47706,0.000707257,-0.00966778,4.88914,5.85277e-05,0.00755898,0.3654,11339.2,0.757078,0.326601,-0.2,0.15,1,1210.81,1.52248e+07,0.0640546,0.00192872,0,0.00258963,-0.26367,nan,-0.00737617,nan,nan,nan,nan,-0.0163469,-0.0551352,-0.0163788,nan,-0.132755,-0.000787234,-0.156372,-0.360991,nan,-1.05916,-0.0736597,-0.47261,-0.0911277,0.0160883,-0.00193065,0.0602128,-1.1138
1240,-41.0371,229.333,0.00124726,0,1.375,0.152462,1.46007,0.000637648,-0.0101333,4.88744,5.85277e-05,0.0156509,0.365333,13709.2,0.62415,0.27218,-0.2,0.15,1,1211.71,1.52371e+07,0.0523536,0.00155518,0,0.00239824,-0.205019,nan,-0.00637636,nan,nan,nan,nan,-0.0136774,-0.0439893,-0.013717,nan,-0.102889,-0.000484848,-0.108274,-0.283456,nan,-0.719742,-0.0591129,-0.36787,-0.0711212,0.0122481,-0.00140059,0.0451515,-1.11166
1241,-39.6981,217.429,0.00130755,0.0833333,1.375,0.151701,1.51224,0.000716327,-0.00985077,4.88489,5.85277e-05,0.00927879,0.365243,15181.4,0.564461,0.244949,-0.2,0.15,1,1212.52,1.52494e+07,0.055008,0.00133966,0,0.00204197,-0.191853,nan,-0.00566457,nan,nan,nan,nan,-0.0129431,-0.0439407,-0.0125487,nan,-0.0971116,-0.000342857,-0.114054,-0.269866,nan,-0.709171,-0.0591136,-0.344514,-0.0646571,0.011318,-0.00148668,0.0447143,-0.860305
1242,-65.2295,337.903,0.00130805,0.0416667,1.25,0.150339,1.49065,0.000651611,-0.0089974,4.88213,5.85277e-05,0.0142566,0.365185,12014,0.668987,0.35382,-0.2,0.15,1,1213.55,1.52617e+07,0.0850431,0.00202644,0,0.00282214,-0.29852,nan,-0.00803742,nan,nan,nan,nan,-0.0189022,-0.0677135,-0.0183911,nan,-0.151431,-0.000129032,-0.175797,-0.414361,nan,-1.22161,-0.0853677,-0.541716,-0.107161,0.0190421,-0.00248905,0.0680645,-1.26653
1243,-55.5784,273.27,0.00130068,0.0416667,1.5,0.157889,1.47697,0.000778387,-0.00999893,4.87966,5.85277e-05,0.00854631,0.365062,11886,0.677067,0.356754,-0.2,0.15,1,1214.58,1.5274e+07,0.0596934,0.00164575,0,0.00226598,-0.244565,nan,-0.00614811,nan,nan,nan,nan,-0.0140181,-0.0519423,-0.0138922,nan,-0.122364,-0.000405405,-0.144984,-0.328781,nan,-1.07542,-0.066967,-0.43806,-0.0821351,0.0150049,-0.00194393,0.0531081,-0.786898
1244,-41.07,241.375,0.00123796,0,1.66667,0.153761,1.49317,0.000738128,-0.0102496,4.87589,5.85277e-05,0.0183536,0.364993,11394.6,0.731078,0.347323,-0.2,0.15,1,1215.66,1.52863e+07,0.0602234,0.00167714,0,0.0023494,-0.214015,nan,-0.006608,nan,nan,nan,nan,-0.0150508,-0.0529483,-0.0149171,nan,-0.107812,-0.0009,-0.124627,-0.300545,nan,-0.688588,-0.06377,-0.385759,-0.0763,0.0128925,-0.0016527,0.04975,-0.725141
1245,-72.4156,393.917,0.0011294,0.25,1.75,0.146877,1.48803,0.000654337,-0.0102868,4.87442,5.85277e-05,0.00942725,0.364959,13175.1,0.662134,0.270531,-0.2,0.15,1,1216.6,1.52986e+07,0.0933393,0.00243119,0,0.00349905,-0.350695,nan,-0.01,nan,nan,nan,nan,-0.0219414,-0.0790795,-0.0225749,nan,-0.176122,-0.000770833,-0.207045,-0.478626,nan,-1.31267,-0.0968169,-0.627599,-0.120917,0.0213593,-0.00277003,0.0897917,-1.10939
1246,-61.7564,336.073,0.00126326,0.0416667,1.66667,0.150322,1.4747,0.000767323,-0.00987897,4.873,5.85277e-05,0.015854,0.364911,14879.8,0.584062,0.241756,-0.2,0.15,1,1217.42,1.53108e+07,0.0757715,0.00210321,0,0.0027462,-0.297104,nan,-0.00867951,nan,nan,nan,nan,-0.0191241,-0.0687435,-0.019978,nan,-0.150189,-0.000682927,-0.180998,-0.418089,nan,-1.11482,-0.0818717,-0.533696,-0.102634,0.0180903,-0.00233272,0.0719512,-0.886737
1247,-45.6082,276.091,0.00126161,0.0416667,1.79167,0.151143,1.46602,0.000726818,-0.00942683,4.87112,5.85277e-05,0.0131443,0.364856,11839.6,0.693853,0.344022,-0.2,0.15,1,1218.46,1.53231e+07,0.0658142,0.00182861,0,0.00283159,-0.244683,nan,-0.00768,nan,nan,nan,nan,-0.0176662,-0.0613814,-0.0170126,nan,-0.123669,-0.000318182,-0.144296,-0.342492,nan,-0.746059,-0.0754908,-0.44137,-0.0884773,0.0156561,-0.00186826,0.0672727,-0.762756
1248,-51.3386,298.343,0.00123137,0.125,1.33333,0.155918,1.4584,0.00074831,-0.0109773,4.86969,5.85277e-05,0.011769,0.364841,11067.3,0.723732,0.386563,-0.2,0.15,1,1219.57,1.53354e+07,0.0747993,0.00182645,0,0.00310068,-0.26617,nan,-0.00792,nan,nan,nan,nan,-0.0187738,-0.0669721,-0.0177213,nan,-0.133684,-0.000571429,-0.152218,-0.373176,nan,-0.862044,-0.0808687,-0.479029,-0.0935714,0.016202,-0.00206458,0.0685714,-0.618261
1249,-48.9672,271.208,0.00121239,0,2,0.151944,1.47017,0.000827263,-0.010213,4.86871,5.85277e-05,0.0128102,0.364781,11410.3,0.731057,0.345863,-0.2,0.15,1,1220.65,1.53477e+07,0.0543274,0.00180162,0,0.00254638,-0.240416,nan,-0.00700083,nan,nan,nan,nan,-0.0159496,-0.05554,-0.0161449,nan,-0.121526,-0.000145833,-0.145053,-0.33933,nan,-0.861018,-0.0722363,-0.433197,-0.0853125,0.0152232,-0.0018382,0.0589583,-0.994703
1250,-60.5927,330.231,0.00122346,0.0833333,2.08333,0.150621,1.47296,0.00072105,-0.0101743,4.86586,5.85277e-05,0.0125488,0.364681,12743.5,0.702199,0.262056,-0.2,0.15,1,1221.62,1.536e+07,0.0870105,0.00210445,0,0.00315083,-0.289475,nan,-0.00866808,nan,nan,nan,nan,-0.0189193,-0.065507,-0.0190473,nan,-0.147559,-0.000307692,-0.175117,-0.390175,nan,-1.09909,-0.084051,-0.52474,-0.100904,0.0176856,-0.00224836,0.0560577,-1.00224
1251,-42.6732,250.936,0.00129205,0.0416667,1.91667,0.150331,1.51354,0.000743333,-0.0108803,4.86182,5.85277e-05,0.0170218,0.364532,14266.3,0.611655,0.249674,-0.2,0.15,1,1222.48,1.53723e+07,0.0535564,0.00151153,0,0.00250714,-0.221514,nan,-0.00722766,nan,nan,nan,nan,-0.0158941,-0.0555827,-0.0153595,nan,-0.112309,-0.000425532,-0.131569,-0.312319,nan,-0.704929,-0.0678488,-0.401444,-0.0804468,0.0144696,-0.00164334,0.0520213,-0.674773
1252,-57.5745,321.378,0.00129676,0.0833333,1.45833,0.149522,1.49513,0.000746299,-0.00946735,4.85704,5.85277e-05,0.0155225,0.364409,15017.6,0.560503,0.257739,-0.2,0.15,1,1223.3,1.53846e+07,0.0763368,0.00197128,0,0.00309542,-0.283881,nan,-0.00814973,nan,nan,nan,nan,-0.0193048,-0.068146,-0.0188523,nan,-0.143713,-0.00110811,-0.168246,-0.390666,nan,-1.02547,-0.0837871,-0.510923,-0.095,0.0174283,-0.00224182,0.0724324,-0.775314
1253,-56.7969,329.295,0.00134104,0,1.83333,0.151064,1.50761,0.000827947,-0.00991845,4.85297,5.85277e-05,0.0128415,0.364279,12826.2,0.633417,0.324619,-0.2,0.15,1,1224.26,1.53969e+07,0.070737,0.00204584,0,0.00318399,-0.287397,nan,-0.00927591,nan,nan,nan,nan,-0.0195909,-0.0706272,-0.0203432,nan,-0.146842,-0.000295455,-0.178398,-0.407228,nan,-0.971144,-0.0852972,-0.520617,-0.100386,0.018682,-0.00223206,0.0754545,-0.761102
1254,-61.7988,342.905,0.00139088,0.125,1.625,0.152021,1.47904,0.000808682,-0.00995458,4.84882,5.85277e-05,0.011487,0.364171,10738.5,0.788339,0.355952,-0.2,0.15,1,1225.41,1.54092e+07,0.0824028,0.00202758,0,0.00322813,-0.301757,nan,-0.00884095,nan,nan,nan,nan,-0.0194064,-0.0712746,-0.0199474,nan,-0.153334,-0.000261905,-0.18381,-0.415594,nan,-1.09948,-0.088877,-0.546962,-0.106,0.0193285,-0.00246703,0.0730952,-1.05846
1255,-58.8697,321.851,0.00135905,0.0833333,1.875,0.153961,1.44914,0.00085062,-0.0102142,4.84627,5.85277e-05,0.0128809,0.364133,10000.2,0.791093,0.437677,-0.2,0.15,1,1226.64,1.54214e+07,0.0813194,0.00192842,0,0.00302981,-0.283016,nan,-0.00860936,nan,nan,nan,nan,-0.0180139,-0.0643617,-0.0184149,nan,-0.143386,-0.000340426,-0.172401,-0.391056,nan,-1.0684,-0.0809384,-0.509816,-0.101468,0.0174824,-0.00222708,0.0717021,-1.0046
1256,-49.7646,281.4,0.00122182,0.0833333,1.58333,0.155498,1.43788,0.000842513,-0.0102942,4.84508,5.85277e-05,0.0111034,0.364096,11052.8,0.786953,0.324802,-0.2,0.15,1,1227.75,1.54337e+07,0.079443,0.00189193,0,0.00270599,-0.248217,nan,-0.0069695,nan,nan,nan,nan,-0.0170932,-0.0611838,-0.0161348,nan,-0.125912,-0.000125,-0.147935,-0.35693,nan,-0.874159,-0.0783799,-0.446101,-0.0894,0.0159352,-0.00203554,0.075125,-0.963767
1257,-50.5844,312.806,0.00134925,0.125,1.375,0.154783,1.47628,0.000732982,-0.010071,4.8431,5.85277e-05,0.015641,0.364006,14317.1,0.608032,0.250242,-0.2,0.15,1,1228.61,1.5446e+07,0.0708105,0.00212869,0,0.00336114,-0.275061,nan,-0.00864278,nan,nan,nan,nan,-0.0197241,-0.0674765,-0.019123,nan,-0.139899,-0.000277778,-0.159544,-0.380906,nan,-0.812085,-0.0792908,-0.500645,-0.100833,0.0173402,-0.00225746,0.0693056,-1.13759
1258,-42.3335,251.844,0.00140536,0,1.875,0.156786,1.49225,0.000842507,-0.00962339,4.83857,5.85277e-05,0.0107258,0.363828,14994.7,0.573028,0.246461,-0.2,0.15,1,1229.43,1.54583e+07,0.0571607,0.00165026,0,0.0025985,-0.219034,nan,-0.006688,nan,nan,nan,nan,-0.0161165,-0.0583285,-0.0155123,nan,-0.112409,-0.000377778,-0.131489,-0.304822,nan,-0.707525,-0.0674984,-0.40311,-0.0792667,0.0138036,-0.00167901,0.062,-0.731439
1259,-62.387,318.794,0.00146527,0.125,1.29167,0.155829,1.45751,0.000834482,-0.0105803,4.8335,5.85277e-05,0.014302,0.363748,14443.7,0.59062,0.260133,-0.2,0.15,1,1230.28,1.54706e+07,0.0884065,0.00182057,0,0.00281499,-0.281087,nan,-0.00753353,nan,nan,nan,nan,-0.0163725,-0.0572609,-0.0165421,nan,-0.141991,-0.000323529,-0.169107,-0.385469,nan,-1.19359,-0.0767802,-0.505668,-0.0964412,0.0182398,-0.00227815,0.0608824,-1.15963
1260,-46.936,301.745,0.00119531,0.166667,1.95833,0.15507,1.46905,0.000792863,-0.00977289,4.83249,5.85277e-05,0.0142306,0.363779,13941.8,0.623251,0.258129,-0.2,0.15,1,1231.17,1.54829e+07,0.0770959,0.00169364,0,0.00302014,-0.261906,nan,-0.0085349,nan,nan,nan,nan,-0.0193694,-0.068218,-0.019204,nan,-0.134296,-0.000215686,-0.161461,-0.36005,nan,-0.747975,-0.0761603,-0.478172,-0.0925098,0.0165199,-0.00210055,0.0767647,-0.668254
1261,-53.652,295.7,0.00124098,0.0833333,2,0.15571,1.46594,0.000744783,-0.0101886,4.83275,5.85277e-05,0.0116714,0.363723,15013.1,0.568369,0.250118,-0.2,0.15,1,1231.99,1.54952e+07,0.0762577,0.00187056,0,0.00293241,-0.261569,nan,-0.0071776,nan,nan,nan,nan,-0.0169622,-0.0595415,-0.016418,nan,-0.132363,-0.00038,-0.149493,-0.353018,nan,-0.970824,-0.0764381,-0.469515,-0.08988,0.0163396,-0.00208032,0.0659,-0.923997
1262,-56.1281,319.83,0.0012179,0.0833333,1.875,0.15584,1.47373,0.000746861,-0.0105001,4.82967,5.85277e-05,0.0171638,0.363608,14924.2,0.577126,0.246234,-0.2,0.15,1,1232.81,1.55075e+07,0.0800947,0.00189763,0,0.00304527,-0.281368,nan,-0.00818468,nan,nan,nan,nan,-0.0192475,-0.0686533,-0.0185887,nan,-0.142862,-0.00129787,-0.169948,-0.386169,nan,-0.983661,-0.0850999,-0.50803,-0.0972979,0.0171986,-0.0022784,0.0732979,-0.819567
1263,-54.598,342.462,0.00147841,0.0833333,1.54167,0.156228,1.47361,0.000948671,-0.00954416,4.82576,5.85277e-05,0.0156501,0.363511,14892.5,0.574536,0.250577,-0.2,0.15,1,1233.64,1.55197e+07,0.0822602,0.00196984,0,0.00350599,-0.299576,nan,-0.00929487,nan,nan,nan,nan,-0.0217347,-0.0758304,-0.0210362,nan,-0.152895,-0.000410256,-0.172843,-0.413749,nan,-0.87349,-0.0873179,-0.545707,-0.103333,0.0178897,-0.00236401,0.079359,-0.879479
1264,-50.0373,291.939,0.00118064,0,1.375,0.1555,1.47394,0.000771748,-0.0107445,4.82414,5.85277e-05,0.012466,0.363514,14833.6,0.573117,0.255272,-0.2,0.15,1,1234.47,1.5532e+07,0.0682475,0.00170607,0,0.00296925,-0.253088,nan,-0.00748303,nan,nan,nan,nan,-0.0187182,-0.0660917,-0.0171667,nan,-0.130249,-0.000545455,-0.151639,-0.354802,nan,-0.848456,-0.0811927,-0.464494,-0.0896061,0.016137,-0.00206384,0.0669697,-0.710739
1265,-52.6487,262.739,0.00123195,0.125,1.79167,0.151342,1.46816,0.000738742,-0.0111677,4.82401,5.85277e-05,0.0142878,0.363485,14581.7,0.573177,0.269522,-0.2,0.15,1,1235.31,1.55443e+07,0.064755,0.00170194,0,0.00223789,-0.229973,nan,-0.00583043,nan,nan,nan,nan,-0.0138937,-0.0470228,-0.013215,nan,-0.117141,-0.000217391,-0.139284,-0.318737,nan,-1.01112,-0.0732833,-0.417739,-0.0801304,0.0141925,-0.00191089,0.0519565,-0.978445
1266,-56.5543,280.854,0.0012403,0.0833333,1.625,0.147079,1.4439,0.000681035,-0.00990054,4.82311,5.85277e-05,0.0104662,0.363485,14777.5,0.576184,0.25535,-0.2,0.15,1,1236.14,1.55566e+07,0.0706046,0.00191428,0,0.00231381,-0.246064,nan,-0.00673756,nan,nan,nan,nan,-0.0149741,-0.053766,-0.0142396,nan,-0.125263,-0.000463415,-0.150584,-0.332366,nan,-1.09287,-0.0788679,-0.442091,-0.0865366,0.0155584,-0.00193103,0.0515854,-1.01851
1267,-44.7101,261.923,0.00135548,0.0416667,1.58333,0.15271,1.46951,0.000837228,-0.0104268,4.82312,5.85277e-05,0.0140646,0.363482,15061.6,0.570162,0.24569,-0.2,0.15,1,1236.96,1.55689e+07,0.0676238,0.00182577,0,0.00288168,-0.230946,nan,-0.00667744,nan,nan,nan,nan,-0.0161972,-0.0577621,-0.0159049,nan,-0.116996,-0.000205128,-0.136571,-0.312473,nan,-0.765817,-0.0691796,-0.417924,-0.0815897,0.0141854,-0.00182078,0.0633333,-0.865182
1268,-48.3636,263.233,0.00131255,0,1.79167,0.15268,1.46647,0.000733045,-0.0111675,4.82211,5.85277e-05,0.0156935,0.363428,15114.1,0.568931,0.244083,-0.2,0.15,1,1237.78,1.55812e+07,0.0667072,0.00168434,0,0.00251342,-0.233572,nan,-0.00671023,nan,nan,nan,nan,-0.0155945,-0.0517608,-0.0148343,nan,-0.11779,-6.97674e-05,-0.137181,-0.314705,nan,-0.87616,-0.0717715,-0.421026,-0.0787209,0.0143096,-0.00182747,0.0586047,-1.18399
1269,-51.5241,296.25,0.0011651,0.0416667,1.79167,0.151226,1.44128,0.000772639,-0.0100265,4.81951,5.85277e-05,0.0113837,0.363343,15058.1,0.561799,0.254239,-0.2,0.15,1,1238.59,1.55935e+07,0.0709186,0.00226343,0,0.00277505,-0.259267,nan,-0.00802682,nan,nan,nan,nan,-0.0170595,-0.0592984,-0.0177015,nan,-0.131989,-0.000545455,-0.159252,-0.350918,nan,-0.902214,-0.0727572,-0.469369,-0.0915,0.0161908,-0.00206048,0.0626136,-0.831624
1270,-48.6495,290.629,0.00133219,0.125,1.33333,0.149708,1.46609,0.000703908,-0.0103167,4.81691,5.85277e-05,0.0120385,0.3633,15016.4,0.575569,0.242737,-0.2,0.15,1,1239.41,1.56058e+07,0.0674587,0.00190848,0,0.00316576,-0.257075,nan,-0.00779543,nan,nan,nan,nan,-0.0175056,-0.0608088,-0.0171807,nan,-0.129567,-0.0002,-0.151873,-0.344134,nan,-0.815635,-0.07616,-0.461687,-0.0900857,0.0160062,-0.00199616,0.0657143,-0.678241
1271,-55.312,302.527,0.00122385,0.0416667,2.25,0.158262,1.45811,0.000728078,-0.010749,4.81609,5.85277e-05,0.0179358,0.363295,14769.7,0.585508,0.246464,-0.2,0.15,1,1240.25,1.5618e+07,0.0792396,0.00185349,0,0.00306126,-0.266489,nan,-0.00733745,nan,nan,nan,nan,-0.0175398,-0.0627824,-0.0168109,nan,-0.13512,-0.000836364,-0.157606,-0.365475,nan,-0.999246,-0.0791354,-0.481809,-0.0943091,0.0160933,-0.00212864,0.0712727,-0.98409
1272,-45.3304,278.438,0.00112463,0.0416667,1.29167,0.15277,1.4792,0.000546819,-0.00993731,4.81526,5.85277e-05,0.0137275,0.363263,14871.2,0.576407,0.249888,-0.2,0.15,1,1241.07,1.56303e+07,0.0594178,0.00202537,0,0.00289204,-0.242002,nan,-0.00854687,nan,nan,nan,nan,-0.0171362,-0.0603969,-0.017664,nan,-0.124159,-0.000125,-0.143239,-0.340119,nan,-0.740372,-0.072252,-0.441663,-0.0833437,0.015705,-0.00168156,0.0621875,-0.53051
1273,-53.9468,312.35,0.00119442,0.0416667,1.625,0.154442,1.48935,0.000716653,-0.0111023,4.81405,5.85277e-05,0.0173136,0.363242,15066.7,0.571176,0.244395,-0.2,0.15,1,1241.89,1.56426e+07,0.0782248,0.0020606,0,0.00300327,-0.272877,nan,-0.0079815,nan,nan,nan,nan,-0.0184851,-0.0638437,-0.0183196,nan,-0.139572,-0.000325,-0.162489,-0.374222,nan,-0.941071,-0.0801024,-0.497385,-0.0966,0.0178904,-0.00208559,0.068625,-0.958937
1274,-31.8169,216.393,0.00133326,0,1.16667,0.154296,1.50387,0.00074836,-0.0108615,4.81323,5.85277e-05,0.0127334,0.3632,15034.5,0.575419,0.241899,-0.2,0.15,1,1242.71,1.56549e+07,0.0467262,0.00146789,0,0.00261222,-0.185993,nan,-0.00647929,nan,nan,nan,nan,-0.0141435,-0.0463184,-0.0144235,nan,-0.0964218,-0.000107143,-0.110571,-0.253274,nan,-0.475921,-0.0547397,-0.343525,-0.0629643,0.0113412,-0.0013546,0.0473214,-0.31803
1275,-45.8032,290.742,0.00129647,0,1.29167,0.1528,1.48694,0.000680316,-0.00956019,4.81179,5.85277e-05,0.0111066,0.363185,15165.6,0.562471,0.247782,-0.2,0.15,1,1243.52,1.56672e+07,0.0659935,0.0016796,0,0.00331855,-0.255759,nan,-0.00794129,nan,nan,nan,nan,-0.0187696,-0.0665177,-0.0184916,nan,-0.130224,-0.000225806,-0.148344,-0.337525,nan,-0.720772,-0.0748627,-0.466063,-0.0850645,0.0160238,-0.00194813,0.0577419,-0.793679
1276,-47.5838,256.657,0.00130585,0.0416667,1.41667,0.152398,1.51035,0.000784794,-0.0105507,4.81094,5.85277e-05,0.0190791,0.363117,14797.2,0.576814,0.253616,-0.2,0.15,1,1244.35,1.56795e+07,0.0612991,0.0015055,0,0.00259551,-0.226219,nan,-0.00669486,nan,nan,nan,nan,-0.0144661,-0.0502087,-0.0140537,nan,-0.114491,-0.0004,-0.136056,-0.30885,nan,-0.865113,-0.0691799,-0.408668,-0.0767143,0.0143369,-0.0017265,0.0577143,-0.979128
1277,-55.7259,351.795,0.00137963,0,1.625,0.150931,1.49158,0.000769504,-0.0100676,4.80816,5.85277e-05,0.0104588,0.363038,11418.4,0.738043,0.338119,-0.2,0.15,1,1245.43,1.56918e+07,0.0712774,0.00220747,0,0.00381893,-0.310644,nan,-0.00983026,nan,nan,nan,nan,-0.0222213,-0.0768071,-0.0227193,nan,-0.157226,-0.000102564,-0.180443,-0.423034,nan,-0.879974,-0.0937876,-0.560076,-0.106897,0.019213,-0.00241307,0.0861538,-0.684113
1278,-60.307,315.656,0.00120907,0.0416667,1.29167,0.153809,1.45822,0.000765458,-0.00994033,4.80534,5.85277e-05,0.0165955,0.362947,11626.3,0.730211,0.326704,-0.2,0.15,1,1246.49,1.57041e+07,0.0894523,0.00188024,0,0.00275744,-0.278014,nan,-0.00755,nan,nan,nan,nan,-0.0178656,-0.0628705,-0.0168655,nan,-0.140625,-0.000375,-0.170908,-0.374764,nan,-1.12538,-0.0865446,-0.499575,-0.0957812,0.0163442,-0.00224327,0.0621875,-0.897783
1279,-59.1225,351.512,0.00120044,0.0833333,1.625,0.156414,1.49314,0.000731357,-0.00954849,4.80273,5.85277e-05,0.0144235,0.362897,11943.2,0.712753,0.31612,-0.2,0.15,1,1247.52,1.57164e+07,0.0899444,0.00229104,0,0.00368834,-0.309627,nan,-0.00906,nan,nan,nan,nan,-0.021486,-0.076489,-0.0210013,nan,-0.157022,-0.000682927,-0.180012,-0.412578,nan,-0.998224,-0.0900743,-0.559791,-0.111098,0.0190791,-0.00246038,0.0815854,-0.925272
1280,-42.0117,262.763,0.00122439,0.0416667,1.54167,0.153705,1.50625,0.000787007,-0.0106798,4.80172,5.85277e-05,0.018668,0.36288,12537.4,0.630085,0.350023,-0.2,0.15,1,1248.5,1.57286e+07,0.0550519,0.0015674,0,0.00280849,-0.231121,nan,-0.00724263,nan,nan,nan,nan,-0.0169356,-0.059152,-0.0164095,nan,-0.117282,-0.000552632,-0.147918,-0.307938,nan,-0.667459,-0.0712838,-0.419072,-0.0763947,0.0137461,-0.00184336,0.0653947,-0.534976
1281,-67.2677,371.692,0.00135354,0.0416667,1.58333,0.151221,1.4876,0.000658849,-0.0114851,4.80164,5.85277e-05,0.01131,0.362903,11804.5,0.706704,0.334252,-0.2,0.15,1,1249.54,1.57409e+07,0.0900449,0.00230175,0,0.0034825,-0.325146,nan,-0.00931231,nan,nan,nan,nan,-0.0218135,-0.0780469,-0.0215881,nan,-0.16615,-0.000333333,-0.193418,-0.449793,nan,-1.19559,-0.0968421,-0.597168,-0.116615,0.0203791,-0.0026039,0.0797436,-0.925963
1282,-64.3063,393.29,0.00143748,0.0416667,1.25,0.156242,1.44913,0.000785527,-0.0104121,4.80114,5.85277e-05,0.0147499,0.362838,12388.4,0.679048,0.312849,-0.2,0.15,1,1250.54,1.57532e+07,0.0947151,0.00257163,0,0.00391378,-0.344096,nan,-0.0105665,nan,nan,nan,nan,-0.0249152,-0.0888757,-0.0242813,nan,-0.175281,-0.000516129,-0.219352,-0.463351,nan,-1.06404,-0.100314,-0.623974,-0.119968,0.0214371,-0.00280451,0.0998387,-0.906517
1283,-53.1182,312.471,0.00130087,0.0416667,2.08333,0.151187,1.45834,0.000805298,-0.00965966,4.79806,5.85277e-05,0.0124056,0.362757,12151.5,0.711614,0.299616,-0.2,0.15,1,1251.55,1.57655e+07,0.0772037,0.00192383,0,0.00330769,-0.27585,nan,-0.00827686,nan,nan,nan,nan,-0.0189687,-0.0674266,-0.0188149,nan,-0.139281,-0.000235294,-0.171753,-0.376621,nan,-0.897319,-0.0784744,-0.497568,-0.0920784,0.0163709,-0.00209692,0.0684314,-0.827051
1284,-61.7009,345.727,0.00137342,0.0416667,1.33333,0.153005,1.49182,0.000857019,-0.0108034,4.79629,5.85277e-05,0.0191765,0.362736,14405.4,0.605771,0.247241,-0.2,0.15,1,1252.4,1.57778e+07,0.080485,0.00218635,0,0.00343544,-0.302838,nan,-0.00910303,nan,nan,nan,nan,-0.0198691,-0.069453,-0.0199132,nan,-0.154329,-0.00169697,-0.183608,-0.416438,nan,-1.0938,-0.0829258,-0.550452,-0.102818,0.0181742,-0.00240887,0.0784848,-1.21702
1285,-53.0104,311.737,0.00117501,0.0416667,2.33333,0.154147,1.46252,0.000819739,-0.0104543,4.79602,5.85277e-05,0.0131488,0.36273,15246.7,0.566192,0.239751,-0.2,0.15,1,1253.21,1.57901e+07,0.0732594,0.00202575,0,0.00328711,-0.272835,nan,-0.00859789,nan,nan,nan,nan,-0.0190604,-0.0663369,-0.0189182,nan,-0.139083,-0.000350877,-0.16692,-0.369061,nan,-0.899326,-0.0811241,-0.497862,-0.0929825,0.0164845,-0.00216861,0.0719298,-0.947658
1286,-53.097,289.356,0.0014184,0.0416667,1.83333,0.153645,1.45624,0.000876426,-0.0092587,4.79622,5.85277e-05,0.011525,0.362754,14869.8,0.565432,0.260942,-0.2,0.15,1,1254.04,1.58024e+07,0.0679273,0.00197796,0,0.00271527,-0.254003,nan,-0.00723244,nan,nan,nan,nan,-0.0168399,-0.057206,-0.0159152,nan,-0.128889,-8.88889e-05,-0.15979,-0.350311,nan,-0.946702,-0.0789477,-0.459396,-0.0848667,0.0154745,-0.00190557,0.0576667,-0.894447
1287,-69.7705,374,0.00123517,0.25,1.75,0.155144,1.46536,0.000714703,-0.00974119,4.79707,5.85277e-05,0.0176474,0.362768,14098.6,0.573928,0.297651,-0.2,0.15,1,1254.91,1.58147e+07,0.0923399,0.00223722,0,0.00364879,-0.327437,nan,-0.00864625,nan,nan,nan,nan,-0.0207394,-0.0745513,-0.0205768,nan,-0.166882,-0.000583333,-0.200796,-0.447172,nan,-1.27403,-0.0950275,-0.596119,-0.113083,0.0194432,-0.0026477,0.0785417,-1.07661
1288,-56.2747,319.619,0.00124812,0.0833333,1.66667,0.15365,1.45284,0.000725026,-0.0105264,4.79719,3.90184e-05,0.0224694,0.362781,10360.8,0.74378,0.442231,-0.2,0.15,1,1256.1,1.58269e+07,0.0756254,0.00220528,0,0.00333394,-0.281744,nan,-0.00787905,nan,nan,nan,nan,-0.0195298,-0.0673174,-0.0185697,nan,-0.142769,-0.000214286,-0.165782,-0.39466,nan,-0.976661,-0.0870777,-0.512739,-0.0990952,0.0172686,-0.00224802,0.0786905,-1.28741
1289,-49.8792,299.081,0.00116774,0.0833333,1.45833,0.147477,1.45112,0.000683366,-0.0079808,4.79781,3.90184e-05,0.0102228,0.362809,12001.1,0.700605,0.323303,-0.2,0.15,1,1257.12,1.58392e+07,0.0590101,0.00202938,0,0.00322699,-0.262398,nan,-0.00836378,nan,nan,nan,nan,-0.0185399,-0.0643112,-0.0188319,nan,-0.133671,-0.000378378,-0.166984,-0.365157,nan,-0.80926,-0.0775781,-0.477998,-0.0908378,0.0159075,-0.00193575,0.0593243,-1.01537
1290,-50.2216,253.571,0.00126207,0.0833333,1.375,0.151708,1.43139,0.000707082,-0.00906367,4.7985,3.90184e-05,0.0174553,0.362828,11666,0.710972,0.342346,-0.2,0.15,1,1258.18,1.58515e+07,0.0644629,0.00162493,0,0.00240248,-0.222673,nan,-0.00593429,nan,nan,nan,nan,-0.0140422,-0.0488171,-0.0133241,nan,-0.112815,-0.000628571,-0.146555,-0.311687,nan,-0.942853,-0.0727737,-0.403269,-0.0774,0.013991,-0.0017326,0.0464286,-1.03245
1291,-52.7358,299.366,0.00128754,0.0833333,1.625,0.155055,1.48594,0.00079334,-0.00787573,4.79866,3.90184e-05,0.0116809,0.362817,12949.3,0.628097,0.320836,-0.2,0.15,1,1259.13,1.58638e+07,0.0629353,0.00191604,0,0.00327915,-0.262465,nan,-0.00718732,nan,nan,nan,nan,-0.0174027,-0.0611264,-0.0168134,nan,-0.133685,-0.000536585,-0.153082,-0.364688,nan,-0.911249,-0.0803226,-0.477999,-0.090439,0.0159994,-0.00204343,0.0728049,-0.733516
1292,-52.8071,352.273,0.00113463,0.125,1.70833,0.15259,1.46657,0.000718929,-0.00872826,4.79837,3.90184e-05,0.00943567,0.362833,12023.9,0.687997,0.33397,-0.2,0.15,1,1260.15,1.58761e+07,0.0825535,0.00216169,0,0.00409717,-0.309681,nan,-0.0105655,nan,nan,nan,nan,-0.0223644,-0.0774732,-0.0231339,nan,-0.157062,-0.000159091,-0.190201,-0.421491,nan,-0.791964,-0.0855155,-0.558309,-0.107,0.0190497,-0.00232309,0.0902273,-0.714593
1293,-41.5922,271.324,0.00122165,0.0416667,1.375,0.155958,1.47661,0.000640405,-0.00825563,4.79893,3.90184e-05,0.0139226,0.362844,12280.2,0.656621,0.344014,-0.2,0.15,1,1261.15,1.58884e+07,0.0642483,0.00177702,0,0.00306775,-0.238525,nan,-0.00706412,nan,nan,nan,nan,-0.0179828,-0.0609679,-0.0166804,nan,-0.120533,-0.000147059,-0.163001,-0.322921,nan,-0.630718,-0.0733229,-0.430316,-0.0827353,0.0151807,-0.00186063,0.0732353,-0.797203
1294,-71.4632,351.763,0.00121056,0.0416667,1.54167,0.153417,1.44395,0.000675801,-0.00989794,4.79888,3.90184e-05,0.010543,0.362845,12797.4,0.702838,0.257356,-0.2,0.15,1,1262.12,1.59007e+07,0.0865902,0.00236041,0,0.00318139,-0.307735,nan,-0.00767158,nan,nan,nan,nan,-0.0171664,-0.0578665,-0.0175085,nan,-0.156455,-0.0005,-0.193587,-0.425801,nan,-1.3773,-0.0876681,-0.559295,-0.104026,0.0186009,-0.0024087,0.0702632,-1.39071
1295,-44.5734,275.467,0.00133786,0,1.25,0.157344,1.4424,0.000733634,-0.00848008,4.7988,3.90184e-05,0.0145334,0.362838,14968.8,0.583675,0.237233,-0.2,0.15,1,1262.94,1.5913e+07,0.0712419,0.0017184,0,0.00305776,-0.242972,nan,-0.00777733,nan,nan,nan,nan,-0.0168409,-0.0581808,-0.0170133,nan,-0.122904,-0.000166667,-0.147392,-0.326899,nan,-0.730425,-0.0696317,-0.438858,-0.0829333,0.0153849,-0.00178497,0.0671667,-0.740756
1296,-45.8176,233.875,0.00122333,0,1.33333,0.155089,1.46117,0.000732092,-0.0085042,4.79788,3.90184e-05,0.00899332,0.362775,12443.8,0.630349,0.357127,-0.2,0.15,1,1263.93,1.59252e+07,0.056909,0.00154876,0,0.00244028,-0.203627,nan,-0.00538625,nan,nan,nan,nan,-0.0121822,-0.0388037,-0.0115904,nan,-0.104355,-0.00015625,-0.124268,-0.281871,nan,-0.858222,-0.0617673,-0.371853,-0.0706875,0.0130487,-0.00147974,0.0407813,-0.829954
1297,-75.4985,401.261,0.00135741,0.0833333,0.875,0.152864,1.44835,0.000746953,-0.00811496,4.79508,3.90184e-05,0.0112076,0.362674,11568.9,0.696493,0.365664,-0.2,0.15,1,1264.99,1.59375e+07,0.105056,0.00233382,0,0.00418026,-0.356514,nan,-0.00997391,nan,nan,nan,nan,-0.0210156,-0.0772735,-0.0220989,nan,-0.178999,-8.69565e-05,-0.215736,-0.484597,nan,-1.37467,-0.0957075,-0.637392,-0.120087,0.0215907,-0.00274324,0.0723913,-0.882235
1298,-62.0037,328.744,0.00141787,0,1.79167,0.150947,1.43855,0.00084846,-0.00827151,4.79177,3.90184e-05,0.0122129,0.362577,11931.8,0.672774,0.35708,-0.2,0.15,1,1266.02,1.59498e+07,0.0858653,0.0017311,0,0.00332325,-0.28657,nan,-0.00790698,nan,nan,nan,nan,-0.0171219,-0.0587041,-0.0176058,nan,-0.145922,-0.000302326,-0.18529,-0.400409,nan,-1.1251,-0.0876337,-0.521808,-0.0991163,0.0175134,-0.00234334,0.0636047,-0.906993
1299,-54.5339,344.816,0.00147369,0.0416667,1.54167,0.156515,1.44698,0.000862166,-0.00794433,4.78928,3.90184e-05,0.0115478,0.36253,9534.15,0.794693,0.494148,-0.2,0.15,1,1267.31,1.59621e+07,0.0718307,0.00220939,0,0.00407655,-0.30328,nan,-0.00908947,nan,nan,nan,nan,-0.0213936,-0.0719655,-0.0211906,nan,-0.153787,-0.000368421,-0.190268,-0.417387,nan,-0.846222,-0.0852623,-0.551859,-0.104447,0.0185195,-0.00238496,0.0831579,-0.692597
1300,-52.5494,288.077,0.00131207,0.0416667,1.58333,0.158008,1.43427,0.000826699,-0.00874643,4.78856,3.90184e-05,0.0110439,0.362528,12026.3,0.659969,0.361789,-0.2,0.15,1,1268.34,1.59744e+07,0.062099,0.00196026,0,0.00318221,-0.251967,nan,-0.00710462,nan,nan,nan,nan,-0.0165033,-0.0562982,-0.0159744,nan,-0.128621,-0.000846154,-0.154318,-0.355197,nan,-0.920729,-0.081527,-0.457994,-0.0857949,0.0159241,-0.00202311,0.060641,-0.921882
1301,-49.6653,285,0.0015812,0.0416667,1.625,0.15643,1.48016,0.00101621,-0.00931294,4.78852,3.90184e-05,0.00978245,0.362525,14111.3,0.610139,0.260655,-0.2,0.15,1,1271.14,1.59867e+07,0.0715847,0.00175596,0,0.00329921,-0.247695,nan,-0.0065705,nan,nan,nan,nan,-0.0164058,-0.0564046,-0.0163195,nan,-0.126883,-0.000375,-0.156681,-0.351243,nan,-0.840014,-0.07387,-0.453446,-0.084775,0.0149865,-0.00196033,0.058625,-0.892776
1302,-48.3215,294.267,0.00127869,0.0416667,1.83333,0.158707,1.43217,0.000775923,-0.00872952,4.7881,3.90184e-05,0.0180816,0.362501,15242.4,0.561873,0.2443,-0.2,0.15,1,1271.94,1.5999e+07,0.0680311,0.00190137,0,0.00329992,-0.259684,nan,-0.007572,nan,nan,nan,nan,-0.0184191,-0.0623413,-0.0175768,nan,-0.130916,-0.000444444,-0.172007,-0.362956,nan,-0.770148,-0.0799194,-0.466961,-0.09,0.0161337,-0.00190717,0.0728889,-1.2373
1303,-51.3541,307.524,0.00157028,0.125,1.625,0.155359,1.46925,0.000910322,-0.00862924,4.78703,3.90184e-05,0.0142087,0.362456,15381.1,0.56169,0.237215,-0.2,0.15,1,1272.74,1.60113e+07,0.0631873,0.00163276,0,0.00353609,-0.26854,nan,-0.00845429,nan,nan,nan,nan,-0.018855,-0.0654927,-0.0185743,nan,-0.13707,-0.000333333,-0.171883,-0.375133,nan,-0.837655,-0.0788164,-0.490599,-0.093381,0.0165731,-0.00201518,0.0725,-0.831255
1304,-62.6905,359.318,0.00119656,0.125,1.70833,0.153628,1.45103,0.000837516,-0.00890529,4.78563,3.90184e-05,0.0107837,0.362416,15465.2,0.556874,0.237682,-0.2,0.15,1,1273.54,1.60236e+07,0.0875904,0.00239526,0,0.00402521,-0.316202,nan,-0.00919909,nan,nan,nan,nan,-0.0202499,-0.0714642,-0.0208791,nan,-0.159848,-4.54545e-05,-0.198327,-0.442511,nan,-1.07111,-0.0885084,-0.572697,-0.108341,0.0189536,-0.00248318,0.0788636,-1.19528
1305,-48.7937,257.452,0.00136473,0,1.75,0.154719,1.42813,0.000745081,-0.00835703,4.78449,3.90184e-05,0.0114228,0.362402,15269.3,0.561733,0.24302,-0.2,0.15,1,1274.35,1.60358e+07,0.063863,0.00168589,0,0.00274381,-0.22623,nan,-0.00597571,nan,nan,nan,nan,-0.0148744,-0.0497562,-0.0136458,nan,-0.114792,-0.000214286,-0.145543,-0.321831,nan,-0.880831,-0.0754645,-0.41418,-0.0782857,0.014001,-0.00177001,0.0596429,-1.00056
1306,-56.1837,330.545,0.00123258,0.0416667,1.79167,0.151132,1.47025,0.000798797,-0.00795895,4.78399,3.90184e-05,0.0156446,0.362392,15228.3,0.565705,0.241213,-0.2,0.15,1,1275.15,1.60481e+07,0.0775184,0.00215038,0,0.00370009,-0.287921,nan,-0.00901864,nan,nan,nan,nan,-0.0198405,-0.0676591,-0.0198338,nan,-0.146884,-0.000363636,-0.18315,-0.398654,nan,-0.936658,-0.0891812,-0.525756,-0.0982273,0.0182482,-0.00197439,0.0698864,-1.0756
1307,-59.2222,361.143,0.00136239,0.125,1.33333,0.15254,1.47398,0.000793771,-0.00895079,4.78358,3.90184e-05,0.00731755,0.36239,14935.9,0.584525,0.238189,-0.2,0.15,1,1275.98,1.60604e+07,0.0870858,0.00227877,0,0.00405134,-0.316024,nan,-0.00978114,nan,nan,nan,nan,-0.0221843,-0.0788955,-0.0221272,nan,-0.160682,-0.0004,-0.204056,-0.438187,nan,-0.95896,-0.0909976,-0.575579,-0.109714,0.0196415,-0.00236107,0.0858571,-0.744084
1308,-52.7718,329.344,0.00154686,0.0416667,1.29167,0.153607,1.47324,0.000892305,-0.00780226,4.7829,3.90184e-05,0.0102733,0.362345,15310.1,0.55934,0.243269,-0.2,0.15,1,1276.78,1.60727e+07,0.0763552,0.00200035,0,0.00376802,-0.286238,nan,-0.00850438,nan,nan,nan,nan,-0.0207279,-0.0722144,-0.020271,nan,-0.146224,-0.0004375,-0.195043,-0.400386,nan,-0.825317,-0.087307,-0.525422,-0.09525,0.0173802,-0.00226625,0.079375,-1.0549
1309,-39.5448,224.639,0.00151309,0,1.5,0.157595,1.45252,0.000893363,-0.00856623,4.78076,3.90184e-05,0.0160067,0.362286,15405.4,0.555719,0.241924,-0.2,0.15,1,1277.58,1.6085e+07,0.0441459,0.00148718,0,0.00262969,-0.196168,nan,-0.00515944,nan,nan,nan,nan,-0.0137063,-0.0459214,-0.0126691,nan,-0.0997992,-0.00025,-0.127759,-0.271829,nan,-0.662576,-0.068244,-0.358881,-0.0684167,0.0114622,-0.00155265,0.0490278,-0.787158
1310,-53.1967,320.682,0.00140723,0,1.83333,0.15816,1.45471,0.000944969,-0.00735482,4.77884,3.90184e-05,0.00870741,0.362228,15581,0.550852,0.2378,-0.2,0.15,1,1278.37,1.60973e+07,0.0736625,0.00208795,0,0.00377541,-0.276465,nan,-0.00864682,nan,nan,nan,nan,-0.0191034,-0.0653056,-0.0194374,nan,-0.142668,-4.54545e-05,-0.173448,-0.390584,nan,-0.866567,-0.0849953,-0.510845,-0.0952955,0.0169833,-0.00203219,0.0727273,-0.84887
1311,-59.2962,319.87,0.00114982,0.0833333,1.83333,0.152715,1.46149,0.000679337,-0.00850886,4.77719,3.90184e-05,0.00993246,0.362204,14846.3,0.558725,0.268957,-0.2,0.15,1,1279.2,1.61096e+07,0.0823639,0.00208322,0,0.00335058,-0.277694,nan,-0.00781696,nan,nan,nan,nan,-0.0170343,-0.0573825,-0.0171903,nan,-0.142258,-0.00113043,-0.175361,-0.394266,nan,-1.06789,-0.0811039,-0.509032,-0.0960652,0.0169353,-0.0020453,0.0693478,-1.03542
1312,-46.4099,279.971,0.0013262,0.0416667,1.41667,0.151287,1.43603,0.000845288,-0.00872895,4.77669,3.90184e-05,0.00707139,0.362192,14895.4,0.585551,0.239399,-0.2,0.15,1,1280.03,1.61219e+07,0.0612145,0.0019519,0,0.00348428,-0.240194,nan,-0.00730629,nan,nan,nan,nan,-0.0172468,-0.0568059,-0.0164688,nan,-0.124371,-0.000142857,-0.149887,-0.336654,nan,-0.759642,-0.078018,-0.443033,-0.0837143,0.0150074,-0.00180054,0.0644286,-0.882575
1313,-43.4196,293.459,0.00150077,0.0416667,1.5,0.153379,1.4491,0.000915888,-0.00836421,4.77615,3.90184e-05,0.010974,0.36217,13250.2,0.581518,0.345863,-0.2,0.15,1,1280.95,1.61341e+07,0.0635355,0.00166419,0,0.00395688,-0.253027,nan,-0.00814973,nan,nan,nan,nan,-0.0190858,-0.0652884,-0.0187863,nan,-0.130666,-0.000243243,-0.151629,-0.363561,nan,-0.622967,-0.0783706,-0.467053,-0.0850541,0.0145581,-0.00186567,0.0774324,-0.614026
1314,-64.2808,327.436,0.0013635,0.0833333,1.54167,0.150517,1.49871,0.000793194,-0.00784594,4.77525,3.90184e-05,0.00649884,0.362154,11543.9,0.683964,0.380491,-0.2,0.15,1,1282.02,1.61464e+07,0.0862781,0.00186656,0,0.0032726,-0.282995,nan,-0.00747538,nan,nan,nan,nan,-0.0166167,-0.0561879,-0.0162564,nan,-0.145498,-0.000153846,-0.173369,-0.389353,nan,-1.21003,-0.0857213,-0.513407,-0.099641,0.0173709,-0.00217826,0.0566667,-0.989587
1315,-63.0206,364.279,0.00126181,0.0833333,1.70833,0.153701,1.43871,0.000724772,-0.00807102,4.77451,3.90184e-05,0.00931275,0.362103,12330,0.651808,0.344789,-0.2,0.15,1,1283.02,1.61587e+07,0.0814868,0.00253856,0,0.00402427,-0.315931,nan,-0.0097386,nan,nan,nan,nan,-0.0206318,-0.0730974,-0.0212577,nan,-0.162173,-0.000418605,-0.195845,-0.441147,nan,-1.07165,-0.0924852,-0.57839,-0.108326,0.0193879,-0.00240206,0.077907,-0.949467
1316,-54.1167,274.822,0.00126723,0.0416667,1.83333,0.156037,1.46501,0.000792674,-0.00788143,4.77321,3.90184e-05,0.0118325,0.362108,12578.7,0.697445,0.279441,-0.2,0.15,1,1284,1.6171e+07,0.0694031,0.00216741,0,0.00284909,-0.234988,nan,-0.006048,nan,nan,nan,nan,-0.0148873,-0.0492933,-0.0139305,nan,-0.122202,-6.66667e-05,-0.151996,-0.330473,nan,-1.01787,-0.0778597,-0.435608,-0.0814,0.0139065,-0.00179535,0.0573333,-0.93924
1317,-63.4316,365.821,0.00116047,0.125,1.5,0.156555,1.45717,0.000695876,-0.00855408,4.77348,3.90184e-05,0.0128206,0.362087,11354.8,0.693811,0.388372,-0.2,0.15,1,1285.08,1.61833e+07,0.0852028,0.00211374,0,0.00430884,-0.3156,nan,-0.00971385,nan,nan,nan,nan,-0.0208982,-0.0721123,-0.0215689,nan,-0.162935,-0.00025641,-0.190579,-0.446025,nan,-1.07113,-0.096669,-0.582141,-0.110744,0.0189688,-0.0023189,0.0742308,-0.824577
1318,-59.4525,352.154,0.00149355,0.125,1.5,0.151064,1.48485,0.000883313,-0.00839169,4.77186,3.90184e-05,0.0103744,0.362019,12393.6,0.64801,0.343469,-0.2,0.15,1,1286.07,1.61956e+07,0.0803821,0.00217178,0,0.00417549,-0.304469,nan,-0.00895282,nan,nan,nan,nan,-0.0208752,-0.0746749,-0.0207624,nan,-0.157022,-0.000205128,-0.180252,-0.438035,nan,-0.982963,-0.0925157,-0.560933,-0.110385,0.0181106,-0.00233961,0.089359,-1.03564
1319,-57.8074,318.053,0.00136584,0.0833333,1.5,0.151989,1.45745,0.000828466,-0.009251,4.77035,3.90184e-05,0.00970689,0.362017,12680.9,0.661237,0.307782,-0.2,0.15,1,1287.04,1.62079e+07,0.0816947,0.00213702,0,0.00352737,-0.275639,nan,-0.00810526,nan,nan,nan,nan,-0.0159289,-0.0544811,-0.0173758,nan,-0.141533,-0.000289474,-0.16099,-0.387077,nan,-1.03594,-0.0738547,-0.502288,-0.0923421,0.0161907,-0.00193825,0.0627632,-0.998013
1320,-58.2517,329.375,0.00121384,0.0416667,1.625,0.151548,1.41613,0.000749535,-0.00804082,4.7706,3.90184e-05,0.00773824,0.362013,14405.9,0.613589,0.239396,-0.2,0.15,1,1287.9,1.62202e+07,0.0828913,0.0023203,0,0.00372399,-0.28438,nan,-0.0084735,nan,nan,nan,nan,-0.0181272,-0.0604522,-0.0185525,nan,-0.14658,-0.0006,-0.169487,-0.392439,nan,-1.01283,-0.0850075,-0.523058,-0.100075,0.0162641,-0.00208471,0.067,-0.808097
1321,-47.4115,301.738,0.00142085,0.125,1.625,0.150488,1.43921,0.000938778,-0.00847894,4.76998,3.90184e-05,0.0087302,0.361976,15407.1,0.562638,0.234916,-0.2,0.15,1,1288.7,1.62324e+07,0.076149,0.00193574,0,0.00372536,-0.25862,nan,-0.00829095,nan,nan,nan,nan,-0.0185261,-0.0621721,-0.0190835,nan,-0.134194,-2.38095e-05,-0.161207,-0.370033,nan,-0.743825,-0.0773903,-0.479339,-0.09,0.0157553,-0.00194323,0.080119,-0.648964
1322,-45.1473,303.467,0.00127147,0.0833333,1.16667,0.151175,1.43223,0.000806789,-0.00841425,4.76847,3.90184e-05,0.00661082,0.361928,15049.9,0.572597,0.243886,-0.2,0.15,1,1289.52,1.62447e+07,0.0661438,0.00214148,0,0.00389274,-0.263031,nan,-0.00922067,nan,nan,nan,nan,-0.0203968,-0.0716917,-0.0201976,nan,-0.135126,-6.66667e-05,-0.1535,-0.378977,nan,-0.648101,-0.083967,-0.484707,-0.0931333,0.0163889,-0.0019953,0.0731667,-0.549848
1323,-44.9915,258.394,0.00146531,0.0416667,1.33333,0.147597,1.45079,0.000846719,-0.00916822,4.76694,3.90184e-05,0.0120872,0.361892,15055.7,0.575578,0.240591,-0.2,0.15,1,1290.33,1.6257e+07,0.0691064,0.00182298,0,0.00311606,-0.224764,nan,-0.00679818,nan,nan,nan,nan,-0.0148512,-0.0485253,-0.0149344,nan,-0.115648,0,-0.133487,-0.3192,nan,-0.760958,-0.0712741,-0.412942,-0.0780909,0.014399,-0.00161778,0.0468182,-0.666404
1324,-52.4074,316.367,0.00127629,0.0416667,1.20833,0.147523,1.44701,0.000788342,-0.00854453,4.7659,3.90184e-05,0.016151,0.361869,15160.8,0.563757,0.246754,-0.2,0.15,1,1291.14,1.62693e+07,0.0802446,0.00225501,0,0.00390016,-0.275143,nan,-0.00754667,nan,nan,nan,nan,-0.0199656,-0.070845,-0.0187084,nan,-0.141086,-0.00116667,-0.160234,-0.390278,nan,-0.854744,-0.0895373,-0.504649,-0.0998667,0.0170837,-0.00215787,0.0863333,-1.04556
1325,-39.7747,267,0.00134171,0.0416667,1.79167,0.154767,1.45228,0.000798885,-0.00821843,4.76517,3.90184e-05,0.00793651,0.361849,15489.7,0.553619,0.239682,-0.2,0.15,1,1291.94,1.62816e+07,0.058521,0.001506,0,0.0035904,-0.229445,nan,-0.00789909,nan,nan,nan,nan,-0.0166885,-0.0568182,-0.0167654,nan,-0.119017,-0.000659091,-0.126562,-0.321056,nan,-0.58869,-0.0718638,-0.423367,-0.0806136,0.0137675,-0.00165234,0.0656818,-0.622198
1326,-51.2432,310.692,0.00129202,0.0416667,1.58333,0.151996,1.46712,0.000857902,-0.00872357,4.76459,3.90184e-05,0.0126246,0.361842,14959.5,0.577514,0.243904,-0.2,0.15,1,1292.76,1.62939e+07,0.078535,0.00197924,0,0.00376893,-0.266881,nan,-0.00793641,nan,nan,nan,nan,-0.0187539,-0.0646222,-0.0184176,nan,-0.138456,-0.000128205,-0.161058,-0.381272,nan,-0.830377,-0.0831045,-0.494103,-0.0946667,0.0169988,-0.0019969,0.0661538,-1.09086
1327,-54.3122,308.963,0.00131435,0.166667,2.08333,0.150237,1.44726,0.000753877,-0.00854654,4.76425,3.90184e-05,0.0118712,0.361823,13975.6,0.565181,0.314068,-0.2,0.15,1,1293.64,1.63062e+07,0.0788628,0.00215909,0,0.00360104,-0.266577,nan,-0.00757296,nan,nan,nan,nan,-0.0171533,-0.0589688,-0.0168273,nan,-0.137628,-0.000462963,-0.154022,-0.369972,nan,-0.944187,-0.0804396,-0.492221,-0.0932593,0.01588,-0.00210045,0.0699074,-0.88067
1328,-49.4472,268.811,0.00128976,0,1.54167,0.153469,1.44477,0.000840078,-0.00908757,4.76418,3.90184e-05,0.00747279,0.361859,11347.1,0.670931,0.411992,-0.2,0.15,1,1294.73,1.63185e+07,0.0682662,0.00174719,0,0.00319746,-0.228278,nan,-0.00704919,nan,nan,nan,nan,-0.0139799,-0.0467088,-0.0145439,nan,-0.119659,-0.000108108,-0.131199,-0.323205,nan,-0.8933,-0.0694017,-0.423155,-0.0821351,0.0146276,-0.00173365,0.0512162,-1.18844
1329,-55.3501,321.763,0.0013989,0.0833333,1.5,0.151554,1.44422,0.000816052,-0.0086744,4.76472,3.90184e-05,0.019722,0.361829,12552.1,0.647089,0.331871,-0.2,0.15,1,1295.71,1.63308e+07,0.0727422,0.00208978,0,0.00368612,-0.276842,nan,-0.00744737,nan,nan,nan,nan,-0.0190768,-0.0658573,-0.0186389,nan,-0.14339,-0.000289474,-0.163882,-0.391911,nan,-0.939575,-0.0891801,-0.511594,-0.0987632,0.0172903,-0.00214171,0.0763158,-0.891059
1330,-51.6442,316.65,0.00142435,0.0833333,1.58333,0.152113,1.45619,0.000798851,-0.00906918,4.76326,3.90184e-05,0.0122049,0.361805,12316.3,0.679464,0.318241,-0.2,0.15,1,1296.71,1.6343e+07,0.0784527,0.00225988,0,0.0038552,-0.271806,nan,-0.0078875,nan,nan,nan,nan,-0.0194194,-0.0672824,-0.0188597,nan,-0.140622,-0.0005,-0.163841,-0.383716,nan,-0.834805,-0.0841573,-0.502039,-0.096875,0.0161584,-0.00209604,0.077875,-0.953749
1331,-52.9147,295.606,0.00131917,0,1.375,0.152578,1.44862,0.000823113,-0.00814563,4.76314,3.90184e-05,0.011881,0.361813,12157.7,0.644641,0.36608,-0.2,0.15,1,1297.72,1.63553e+07,0.0793286,0.00192628,0,0.00338107,-0.254778,nan,-0.00717091,nan,nan,nan,nan,-0.0159665,-0.054519,-0.0166822,nan,-0.131833,-0.000909091,-0.143413,-0.356141,nan,-0.93247,-0.0786007,-0.470014,-0.0881515,0.0153693,-0.00191945,0.0598485,-0.927743
1332,-65.4336,359.479,0.0015177,0.125,1.875,0.150586,1.44474,0.000854071,-0.0079057,4.76303,3.90184e-05,0.0114169,0.361788,11650.8,0.682218,0.37247,-0.2,0.15,1,1298.78,1.63676e+07,0.082074,0.00226237,0,0.00386088,-0.307626,nan,-0.00872208,nan,nan,nan,nan,-0.0197557,-0.0678763,-0.0203777,nan,-0.159812,-0.000604167,-0.18584,-0.443875,nan,-1.15841,-0.0933136,-0.569622,-0.113187,0.0191803,-0.00221848,0.076875,-1.21878
1333,-64.0943,359.405,0.00123773,0.0833333,1.45833,0.153981,1.47402,0.000774872,-0.00883003,4.7624,3.90184e-05,0.011261,0.361793,12121.1,0.682766,0.331007,-0.2,0.15,1,1299.79,1.63799e+07,0.0957728,0.00262445,0,0.0040182,-0.308129,nan,-0.00900649,nan,nan,nan,nan,-0.0197656,-0.0714544,-0.0202168,nan,-0.160219,-0.000594595,-0.181381,-0.446187,nan,-1.11827,-0.0890968,-0.570752,-0.108703,0.0185788,-0.00231358,0.0704054,-0.825462
1334,-41.3848,262.027,0.00142016,0.0416667,1.5,0.152582,1.44494,0.000868628,-0.00788817,4.7628,3.90184e-05,0.013145,0.361797,13080.7,0.658944,0.280456,-0.2,0.15,1,1300.73,1.63922e+07,0.0677567,0.00177256,0,0.00331979,-0.224121,nan,-0.00686,nan,nan,nan,nan,-0.0170008,-0.0574529,-0.0160325,nan,-0.116597,-0.000432432,-0.13585,-0.315855,nan,-0.654146,-0.0712616,-0.418434,-0.0806757,0.0140097,-0.00175841,0.0654054,-0.971496
1335,-39.6068,252.861,0.00130109,0.0416667,1.45833,0.149853,1.4514,0.000749997,-0.0081002,4.76269,3.90184e-05,0.0128582,0.361791,12488.4,0.655812,0.328143,-0.2,0.15,1,1301.72,1.64045e+07,0.0596971,0.00156501,0,0.0033145,-0.21508,nan,-0.00711444,nan,nan,nan,nan,-0.0154478,-0.0507131,-0.0156521,nan,-0.11259,-2.77778e-05,-0.129905,-0.302285,nan,-0.61621,-0.0651395,-0.400597,-0.0761944,0.0135193,-0.00164856,0.0498611,-0.897227
1336,-65.0258,382.561,0.00124831,0.125,1.58333,0.151704,1.44995,0.000789852,-0.00893475,4.76251,3.90184e-05,0.0106399,0.36179,12086,0.660254,0.356458,-0.2,0.15,1,1302.74,1.64168e+07,0.0885283,0.00265179,0,0.00458666,-0.324193,nan,-0.00976146,nan,nan,nan,nan,-0.0221514,-0.0783098,-0.0223662,nan,-0.169979,-0.000682927,-0.188883,-0.472172,nan,-1.09006,-0.101665,-0.604956,-0.120049,0.0198837,-0.00254902,0.0909756,-0.78891
1337,-64.8334,354.848,0.00143763,0.0833333,1.29167,0.153668,1.45866,0.000909318,-0.00819031,4.76234,3.90184e-05,0.0125803,0.36178,13453.8,0.627294,0.286051,-0.2,0.15,1,1303.65,1.64291e+07,0.0897137,0.00232873,0,0.00400088,-0.303071,nan,-0.00889939,nan,nan,nan,nan,-0.0187679,-0.0690686,-0.0195164,nan,-0.157481,-0.000363636,-0.184579,-0.427799,nan,-1.15848,-0.0917669,-0.561205,-0.112909,0.0191457,-0.00221637,0.0742424,-0.944922
1338,-60.1837,318.692,0.00127926,0.0416667,1.04167,0.152966,1.43093,0.000843833,-0.00767498,4.76154,3.90184e-05,0.0127043,0.361757,12415.8,0.609434,0.380274,-0.2,0.15,1,1304.64,1.64413e+07,0.0720437,0.0024747,0,0.00350034,-0.27225,nan,-0.00713692,nan,nan,nan,nan,-0.0173848,-0.0597741,-0.0167991,nan,-0.142335,-0.000307692,-0.153339,-0.392628,nan,-1.09414,-0.088104,-0.510511,-0.0994231,0.0168369,-0.00210524,0.0673077,-1.1704
1339,-42.5452,261.186,0.00148112,0.0416667,1.75,0.157878,1.44603,0.000888023,-0.00842199,4.75999,3.90184e-05,0.0118327,0.361692,11146.2,0.745642,0.3568,-0.2,0.15,1,1305.75,1.64536e+07,0.0657771,0.00158433,0,0.0030813,-0.223151,nan,-0.00726605,nan,nan,nan,nan,-0.016069,-0.0523051,-0.016064,nan,-0.11626,-0.000186047,-0.131382,-0.32134,nan,-0.687117,-0.0699322,-0.41547,-0.0820698,0.014177,-0.00171366,0.052093,-0.590773
1340,-81.1435,425.725,0.00118296,0.0416667,1.625,0.15473,1.42024,0.000825338,-0.00853202,4.75756,3.90184e-05,0.0104102,0.361633,12164.2,0.670504,0.339675,-0.2,0.15,1,1306.76,1.64659e+07,0.107665,0.00255431,0,0.0044032,-0.364458,nan,-0.0095095,nan,nan,nan,nan,-0.0226095,-0.081959,-0.0220832,nan,-0.18995,-0.000325,-0.208687,-0.517313,nan,-1.50104,-0.108229,-0.680626,-0.130475,0.0231347,-0.00276967,0.0905,-1.18774
1341,-57.9668,326,0.00129422,0.0416667,1.25,0.155365,1.43339,0.000766082,-0.00881404,4.75568,3.90184e-05,0.0078216,0.361579,13456.4,0.636396,0.276776,-0.2,0.15,1,1307.67,1.64782e+07,0.0769359,0.00191846,0,0.00356717,-0.277548,nan,-0.00789806,nan,nan,nan,nan,-0.0184316,-0.0656077,-0.0186252,nan,-0.145024,-0.000354839,-0.159252,-0.392628,nan,-1.01614,-0.086394,-0.517103,-0.10071,0.0168795,-0.00215112,0.0666129,-0.883101
1342,-56.8328,364.033,0.00132234,0.125,1.125,0.15441,1.45745,0.000865679,-0.00906507,4.7539,3.90184e-05,0.00981784,0.361538,15134,0.56267,0.249278,-0.2,0.15,1,1308.49,1.64905e+07,0.0930341,0.00251512,0,0.00453897,-0.306548,nan,-0.0103213,nan,nan,nan,nan,-0.0219372,-0.0788186,-0.022892,nan,-0.162146,-0.000666667,-0.17489,-0.45224,nan,-0.882707,-0.0950751,-0.576333,-0.109533,0.0201772,-0.00250355,0.0828333,-0.740628
1343,-63.41,319.256,0.00122752,0.0833333,1.54167,0.150652,1.42241,0.000798796,-0.0076537,4.7524,3.90184e-05,0.011621,0.361508,15148,0.560768,0.250428,-0.2,0.15,1,1309.3,1.65028e+07,0.080365,0.00230309,0,0.00319739,-0.271586,nan,-0.00760359,nan,nan,nan,nan,-0.0160653,-0.0554179,-0.0162969,nan,-0.141912,-0.00025641,-0.163642,-0.39475,nan,-1.20129,-0.0876753,-0.505926,-0.100923,0.0174766,-0.00207715,0.0623077,-0.90365
1344,-60.1917,324.097,0.0015048,0,1.29167,0.149928,1.46022,0.000814132,-0.00901366,4.75104,3.90184e-05,0.0125808,0.361465,14965.9,0.567435,0.253631,-0.2,0.15,1,1310.12,1.65151e+07,0.0761626,0.00204848,0,0.00338454,-0.278926,nan,-0.00821871,nan,nan,nan,nan,-0.0183971,-0.0644874,-0.0174598,nan,-0.144674,-0.000483871,-0.163958,-0.397045,nan,-1.07643,-0.0901929,-0.518316,-0.0981613,0.0171529,-0.00233792,0.0646774,-1.13896
1345,-59.1725,369.8,0.00132528,0.0416667,1,0.151163,1.43308,0.000853093,-0.00782169,4.74994,3.90184e-05,0.00639391,0.36146,15352.1,0.554844,0.245565,-0.2,0.15,1,1310.92,1.65274e+07,0.0779708,0.00252319,0,0.00457438,-0.316467,nan,-0.0092488,nan,nan,nan,nan,-0.022908,-0.0857913,-0.0229068,nan,-0.164621,-0.00036,-0.181323,-0.44674,nan,-0.940804,-0.0935708,-0.592112,-0.11472,0.0199522,-0.0025306,0.0894,-0.794701
1346,-66.8837,365.433,0.00138214,0.0833333,1.16667,0.151577,1.45898,0.000740181,-0.00787065,4.74955,3.90184e-05,0.00885809,0.361437,15415.8,0.554735,0.242371,-0.2,0.15,1,1311.72,1.65396e+07,0.0964064,0.00222065,0,0.00379019,-0.310576,nan,-0.008634,nan,nan,nan,nan,-0.0198359,-0.0693548,-0.0197252,nan,-0.1627,-0.000233333,-0.18283,-0.442192,nan,-1.20296,-0.0958022,-0.580419,-0.115967,0.0204784,-0.00251012,0.0795,-0.832106
1347,-44.4651,295.524,0.00137543,0.0416667,1.70833,0.154328,1.45427,0.000783559,-0.00831169,4.74857,3.90184e-05,0.0170135,0.361427,15064.3,0.568199,0.247503,-0.2,0.15,1,1312.54,1.65519e+07,0.0694617,0.00176527,0,0.00352079,-0.249653,nan,-0.00818048,nan,nan,nan,nan,-0.0198433,-0.0678645,-0.018703,nan,-0.131607,-0.000380952,-0.146309,-0.359489,nan,-0.671063,-0.0798556,-0.471215,-0.0900952,0.0164443,-0.0020518,0.0785714,-0.460251
1348,-62.1946,384.576,0.00138368,0.125,1.25,0.154425,1.45,0.00086049,-0.00916762,4.74813,3.90184e-05,0.0109969,0.361403,15073.2,0.574637,0.240584,-0.2,0.15,1,1313.35,1.65642e+07,0.0920271,0.00233645,0,0.00478229,-0.326925,nan,-0.00962667,nan,nan,nan,nan,-0.0238131,-0.0869628,-0.0233875,nan,-0.171758,-0.000969697,-0.192044,-0.473085,nan,-1.00445,-0.0980898,-0.614981,-0.123909,0.0218043,-0.00259194,0.099697,-0.977797
1349,-51.9502,310.821,0.00131682,0,1.16667,0.153785,1.46157,0.000707528,-0.00850105,4.74757,3.90184e-05,0.0145512,0.361422,15195,0.567346,0.241341,-0.2,0.15,1,1314.16,1.65765e+07,0.0793205,0.00163547,0,0.00376984,-0.263416,nan,-0.00806429,nan,nan,nan,nan,-0.0188665,-0.0677155,-0.0182352,nan,-0.138146,-0.000142857,-0.152116,-0.381439,nan,-0.863339,-0.0823587,-0.494649,-0.095,0.0172889,-0.00190486,0.0692857,-0.855943
1350,-41.699,293.412,0.00138157,0,0.708333,0.151668,1.44195,0.000905766,-0.00815814,4.7477,3.90184e-05,0.00704505,0.361397,14759.7,0.564882,0.267655,-0.2,0.15,1,1315,1.65888e+07,0.063233,0.00136144,0,0.0039114,-0.251246,nan,-0.00932941,nan,nan,nan,nan,-0.0195766,-0.067803,-0.0194228,nan,-0.130622,-0.000117647,-0.145525,-0.370267,nan,-0.564526,-0.0758255,-0.464164,-0.0885882,0.0169448,-0.00182569,0.0620588,-0.401561
1351,-65.4564,394.103,0.00133074,0.0833333,1.54167,0.152904,1.47395,0.000849643,-0.0086654,4.74645,3.90184e-05,0.0148892,0.361366,14983.2,0.564043,0.256076,-0.2,0.15,1,1315.82,1.66011e+07,0.0904863,0.0022752,0,0.00445225,-0.335228,nan,-0.0107692,nan,nan,nan,nan,-0.0231326,-0.0842295,-0.0237849,nan,-0.175243,-0.000820513,-0.20245,-0.477764,nan,-1.08215,-0.0977501,-0.626402,-0.121308,0.0226087,-0.00268813,0.0905128,-1.06977
1352,-57.8231,374.528,0.00115261,0.0833333,1.41667,0.155569,1.43665,0.000758322,-0.00773166,4.74537,3.90184e-05,0.00915066,0.361316,14478.8,0.603551,0.245137,-0.2,0.15,1,1316.67,1.66134e+07,0.0831892,0.00237822,0,0.00450033,-0.31885,nan,-0.0108283,nan,nan,nan,nan,-0.023658,-0.0859457,-0.0239537,nan,-0.166624,-0.000388889,-0.182633,-0.455407,nan,-0.895463,-0.0949425,-0.592891,-0.118222,0.0213084,-0.00250599,0.0916667,-1.09694
1353,-52.1353,324.939,0.00124811,0,1.375,0.159961,1.41561,0.000811987,-0.00832378,4.74369,3.90184e-05,0.00529249,0.36128,15222.3,0.559639,0.247599,-0.2,0.15,1,1317.48,1.66257e+07,0.0747698,0.00209318,0,0.00339189,-0.277544,nan,-0.00849758,nan,nan,nan,nan,-0.0199782,-0.068171,-0.0196733,nan,-0.144594,-0.000787879,-0.164407,-0.390538,nan,-0.838173,-0.0813038,-0.516523,-0.102303,0.018633,-0.00232169,0.0724242,-0.787928
1354,-58.9086,349.871,0.00133369,0.125,1.16667,0.156666,1.42595,0.000829077,-0.00912613,4.74296,3.90184e-05,0.00911335,0.361261,15479.4,0.552201,0.241626,-0.2,0.15,1,1318.27,1.6638e+07,0.0756419,0.0023807,0,0.00392076,-0.296432,nan,-0.00883226,nan,nan,nan,nan,-0.020629,-0.0737271,-0.0204516,nan,-0.155363,-0.000580645,-0.171439,-0.419765,nan,-1.00078,-0.0867357,-0.554018,-0.107419,0.0199993,-0.00234803,0.0809677,-0.813056
1355,-75.045,425.5,0.00139698,0.125,1.54167,0.153606,1.4337,0.000870674,-0.00895171,4.7427,3.90184e-05,0.00837017,0.361279,15484,0.552436,0.241159,-0.2,0.15,1,1319.07,1.66502e+07,0.105069,0.00263486,0,0.00439171,-0.365283,nan,-0.011377,nan,nan,nan,nan,-0.0234594,-0.0862543,-0.0247692,nan,-0.189265,-0.000325,-0.212563,-0.519044,nan,-1.31124,-0.102614,-0.675528,-0.137025,0.0254672,-0.0027053,0.087375,-0.902105
1356,-62.998,348.973,0.00131784,0.0416667,1.5,0.152965,1.43353,0.000758698,-0.00844145,4.74302,3.90184e-05,0.0123921,0.361275,14890.1,0.573421,0.251823,-0.2,0.15,1,1319.89,1.66625e+07,0.0868859,0.00248413,0,0.00387367,-0.298125,nan,-0.00843676,nan,nan,nan,nan,-0.0202317,-0.0723698,-0.0192382,nan,-0.15554,-0.000216216,-0.17677,-0.423277,nan,-1.11963,-0.0922258,-0.556502,-0.109919,0.0208642,-0.00231015,0.0790541,-1.18512
1357,-41.3074,234.682,0.00140292,0,0.916667,0.154359,1.47154,0.000703951,-0.00839492,4.74292,3.90184e-05,0.00962245,0.36129,15082.4,0.56316,0.251566,-0.2,0.15,1,1320.71,1.66748e+07,0.0602386,0.00171902,0,0.00250363,-0.199986,nan,-0.00524455,nan,nan,nan,nan,-0.0131587,-0.0467813,-0.0128724,nan,-0.104187,-0.000318182,-0.114919,-0.290308,nan,-0.714772,-0.0607967,-0.369518,-0.0735455,0.0127384,-0.001585,0.0481818,-0.502594
1358,-53.549,356.316,0.00143601,0.0833333,0.708333,0.153668,1.42088,0.000855823,-0.00883062,4.74351,3.90184e-05,0.0143798,0.361315,15000.7,0.569153,0.25001,-0.2,0.15,1,1321.53,1.66871e+07,0.0943465,0.00241534,0,0.00430816,-0.301626,nan,-0.0109537,nan,nan,nan,nan,-0.022218,-0.0778401,-0.0229833,nan,-0.158399,-0.000473684,-0.175242,-0.425815,nan,-0.827041,-0.0900431,-0.562735,-0.115105,0.0211562,-0.00237649,0.0931579,-0.633217
1359,-58.657,356.211,0.00142046,0.125,1.45833,0.154317,1.43934,0.000872543,-0.00810944,4.74391,3.90184e-05,0.00896195,0.36132,15418.4,0.555201,0.241769,-0.2,0.15,1,1322.33,1.66994e+07,0.0916007,0.00223685,0,0.00417319,-0.30279,nan,-0.00985526,nan,nan,nan,nan,-0.0208229,-0.0746613,-0.0218726,nan,-0.158528,-0.000394737,-0.176399,-0.420971,nan,-0.969309,-0.0860636,-0.564599,-0.114447,0.020904,-0.00249029,0.0734211,-0.767536
1360,-57.1809,342.028,0.001252,0.0833333,1.41667,0.156321,1.40493,0.00088552,-0.00755115,4.74367,3.90184e-05,0.00671431,0.361313,15263.3,0.561806,0.243262,-0.2,0.15,1,1323.14,1.67117e+07,0.0731982,0.00244477,0,0.00406634,-0.290941,nan,-0.00875222,nan,nan,nan,nan,-0.0206567,-0.0738146,-0.0201501,nan,-0.152036,-0.000222222,-0.174,-0.410515,nan,-0.951126,-0.0894766,-0.542421,-0.106361,0.0198783,-0.00240904,0.08125,-0.788
1361,-78.6861,456.469,0.00138569,0.166667,1.16667,0.157713,1.41956,0.000887927,-0.00757867,4.74299,3.90184e-05,0.0148138,0.361285,15141.9,0.568012,0.243511,-0.2,0.15,1,1323.95,1.6724e+07,0.112802,0.00287628,0,0.00500883,-0.389635,nan,-0.0126963,nan,nan,nan,nan,-0.0253209,-0.0931412,-0.0270547,nan,-0.202981,-0.000375,-0.219885,-0.540903,nan,-1.36847,-0.10634,-0.722893,-0.143687,0.0257533,-0.00279339,0.100625,-1.15623
1362,-77.6597,428.206,0.00137025,0.166667,1.25,0.158187,1.41981,0.000863113,-0.00830266,4.74209,3.90184e-05,0.0134162,0.361265,12993.8,0.577356,0.368325,-0.2,0.15,1,1324.9,1.67363e+07,0.103074,0.00277846,0,0.00448354,-0.365922,nan,-0.0108406,nan,nan,nan,nan,-0.0229657,-0.0805195,-0.0240968,nan,-0.190501,-5.88235e-05,-0.220662,-0.518108,nan,-1.3855,-0.0992037,-0.680659,-0.137882,0.0257738,-0.00278073,0.0854412,-1.37829
1363,-61.8847,392.4,0.00122856,0.166667,1.29167,0.16159,1.44439,0.000780319,-0.00737765,4.74146,3.90184e-05,0.0116658,0.361253,12167.2,0.672312,0.337616,-0.2,0.15,1,1325.91,1.67485e+07,0.0948692,0.00245456,0,0.00477088,-0.334852,nan,-0.0106903,nan,nan,nan,nan,-0.0240016,-0.0877503,-0.0246088,nan,-0.174903,-0.000314286,-0.199248,-0.477119,nan,-0.971313,-0.096605,-0.62429,-0.122057,0.0231225,-0.00268849,0.0912857,-0.935064
1364,-80.958,457.973,0.00132197,0.125,1.41667,0.157672,1.41047,0.000744415,-0.00803407,4.74124,3.90184e-05,0.0132682,0.361256,12406.4,0.668705,0.32175,-0.2,0.15,1,1326.9,1.67608e+07,0.10282,0.00278126,0,0.00515124,-0.395002,nan,-0.0116735,nan,nan,nan,nan,-0.0259989,-0.0968424,-0.0257873,nan,-0.204502,-0.000216216,-0.232277,-0.555456,nan,-1.40764,-0.112617,-0.734669,-0.149054,0.0278011,-0.00296535,0.109865,-1.05333
1365,-57.4984,304.568,0.00137826,0,1.54167,0.156343,1.40366,0.000781228,-0.00883102,4.74065,3.90184e-05,0.0119504,0.361198,13485.2,0.627542,0.283682,-0.2,0.15,1,1327.81,1.67731e+07,0.0705229,0.00227498,0,0.00324986,-0.262564,nan,-0.00731297,nan,nan,nan,nan,-0.0160189,-0.0546004,-0.0160072,nan,-0.135726,-0.000513514,-0.152432,-0.375552,nan,-1.0469,-0.0790741,-0.488157,-0.0981892,0.0187746,-0.00186576,0.0663514,-1.11438
1366,-54.9708,299.917,0.00142518,0.0416667,1.45833,0.153558,1.40128,0.000820517,-0.00891942,4.73867,3.90184e-05,0.00852307,0.361151,12465.9,0.64074,0.344985,-0.2,0.15,1,1328.8,1.67854e+07,0.0726591,0.00193831,0,0.00320645,-0.257062,nan,-0.00749722,nan,nan,nan,nan,-0.0168093,-0.0577886,-0.0160295,nan,-0.13367,-0.000111111,-0.160057,-0.363503,nan,-0.974375,-0.0803766,-0.477354,-0.0936944,0.0177182,-0.00198403,0.0605556,-0.9515
1367,-59.1548,320.188,0.00127154,0.0833333,1.25,0.155529,1.41214,0.000766179,-0.0083814,4.73725,3.90184e-05,0.00676896,0.361109,12349.4,0.673599,0.321432,-0.2,0.15,1,1329.8,1.67977e+07,0.0768212,0.00210837,0,0.00368113,-0.274297,nan,-0.00777438,nan,nan,nan,nan,-0.0175793,-0.063589,-0.0168975,nan,-0.142576,-9.375e-05,-0.167301,-0.381952,nan,-1.05801,-0.0831797,-0.510199,-0.103812,0.019241,-0.00211563,0.0689063,-1.06356
1368,-57.4217,368.238,0.00115295,0.125,1.625,0.156561,1.40889,0.000781402,-0.0080194,4.7351,3.90184e-05,0.0121744,0.361027,12352.4,0.652563,0.342225,-0.2,0.15,1,1330.79,1.681e+07,0.0990835,0.00242487,0,0.00453143,-0.314711,nan,-0.0106981,nan,nan,nan,nan,-0.0219804,-0.0779055,-0.0227228,nan,-0.163983,-0.0005,-0.185141,-0.440012,nan,-0.906098,-0.0851795,-0.582423,-0.11869,0.0215144,-0.00241595,0.0840476,-0.788692
1369,-62.2069,317.829,0.00143502,0.125,1.33333,0.152389,1.44222,0.000951898,-0.00758223,4.73279,3.90184e-05,0.00901882,0.361003,13718.4,0.625233,0.2705,-0.2,0.15,1,1331.69,1.68223e+07,0.0773269,0.00220456,0,0.00318366,-0.270921,nan,-0.00782171,nan,nan,nan,nan,-0.0162207,-0.0554882,-0.0164255,nan,-0.141338,-5.71429e-05,-0.160573,-0.384104,nan,-1.17196,-0.0825405,-0.505825,-0.105914,0.0192194,-0.00193474,0.0554286,-0.933119
1370,-56.4219,375.73,0.00123501,0.0833333,1.45833,0.15224,1.41521,0.000745297,-0.00851051,4.73239,3.90184e-05,0.0109354,0.36101,15111.9,0.569553,0.243579,-0.2,0.15,1,1332.5,1.68346e+07,0.0953267,0.00185114,0,0.00490853,-0.321736,nan,-0.0109708,nan,nan,nan,nan,-0.0240536,-0.0872107,-0.0244001,nan,-0.167501,-0.000594595,-0.185937,-0.446031,nan,-0.853543,-0.0961684,-0.598374,-0.119784,0.0215521,-0.00240554,0.0972973,-0.764575
1371,-61.7922,398.485,0.00132258,0.166667,1.20833,0.153659,1.42343,0.00079037,-0.00790949,4.73248,3.90184e-05,0.0094225,0.361003,12107.5,0.627929,0.386978,-0.2,0.15,1,1333.52,1.68468e+07,0.10414,0.00283152,0,0.00479993,-0.343118,nan,-0.0117927,nan,nan,nan,nan,-0.0241195,-0.085664,-0.0256422,nan,-0.177605,-0.000939394,-0.201563,-0.46763,nan,-0.97419,-0.0924427,-0.635998,-0.127697,0.0230275,-0.00257909,0.0954545,-1.22829
1372,-73.2086,460.71,0.00152536,0.166667,1.125,0.149091,1.40053,0.000833861,-0.00852526,4.73183,3.90184e-05,0.0101312,0.360971,12174.1,0.68204,0.327318,-0.2,0.15,1,1334.53,1.68591e+07,0.109181,0.00293028,0,0.00557525,-0.393514,nan,-0.0131,nan,nan,nan,nan,-0.0281966,-0.104868,-0.028459,nan,-0.205115,-0.000709677,-0.230379,-0.562762,nan,-1.1578,-0.114655,-0.735499,-0.151387,0.0285527,-0.00297577,0.117903,-1.00832
1373,-76.4308,402.583,0.00119194,0.0833333,1.41667,0.155462,1.44704,0.000668571,-0.00766624,4.7303,3.90184e-05,0.0118975,0.360912,12288.2,0.653056,0.346927,-0.2,0.15,1,1335.53,1.68714e+07,0.100057,0.00259853,0,0.00437686,-0.347926,nan,-0.00988056,nan,nan,nan,nan,-0.0207763,-0.0753111,-0.0211303,nan,-0.179105,-0.000194444,-0.204439,-0.486039,nan,-1.39939,-0.102546,-0.638434,-0.132333,0.0244005,-0.0025972,0.0806944,-1.14526
1374,-63.4037,346.559,0.00129058,0.0833333,1.33333,0.157626,1.44766,0.000782662,-0.00887531,4.72833,3.90184e-05,0.011978,0.360866,13060.7,0.662996,0.277844,-0.2,0.15,1,1336.48,1.68837e+07,0.0749982,0.00216959,0,0.00386783,-0.295929,nan,-0.00849765,nan,nan,nan,nan,-0.018613,-0.0649144,-0.0187585,nan,-0.153954,-0.000352941,-0.177732,-0.415419,nan,-1.1349,-0.081215,-0.552222,-0.110706,0.0211107,-0.00215335,0.0798529,-0.897652
1375,-68.4331,367.167,0.00109087,0.0416667,1.45833,0.158226,1.45389,0.000713075,-0.00831244,4.72702,3.90184e-05,0.01322,0.360834,14983.5,0.572625,0.247476,-0.2,0.15,1,1337.3,1.6896e+07,0.0920559,0.00236306,0,0.00400245,-0.313364,nan,-0.00870889,nan,nan,nan,nan,-0.0203863,-0.073045,-0.0193818,nan,-0.163434,-0.000138889,-0.185425,-0.440036,nan,-1.23672,-0.0991503,-0.585159,-0.120194,0.0219136,-0.00239508,0.0777778,-0.905727
1376,-58.5156,343.784,0.00137745,0.125,1.41667,0.157508,1.41364,0.000941619,-0.0083547,4.72619,3.90184e-05,0.0103531,0.360827,15384.2,0.56077,0.237974,-0.2,0.15,1,1338.1,1.69083e+07,0.0764454,0.00229472,0,0.0044126,-0.295754,nan,-0.00900108,nan,nan,nan,nan,-0.0197473,-0.0717822,-0.0200355,nan,-0.153182,-0.000162162,-0.171431,-0.410309,nan,-0.975718,-0.0829166,-0.548597,-0.112946,0.020244,-0.00229079,0.0706757,-1.19447
1377,-62.5183,363.324,0.00145186,0.208333,1.33333,0.154313,1.38852,0.000763041,-0.0078018,4.72503,3.90184e-05,0.0072858,0.360746,12611.3,0.629044,0.34532,-0.2,0.15,1,1339.07,1.69206e+07,0.0795368,0.00244967,0,0.0043608,-0.31284,nan,-0.00868649,nan,nan,nan,nan,-0.0219549,-0.0785514,-0.0208811,nan,-0.161867,-0.000189189,-0.184148,-0.434528,nan,-1.05305,-0.0935026,-0.581486,-0.117541,0.0222735,-0.00244512,0.0801351,-0.998987
1378,-54.557,340.981,0.0014398,0.208333,1.95833,0.157136,1.38599,0.00101492,-0.00848124,4.72233,3.90184e-05,0.0140023,0.360708,11943.7,0.666789,0.362037,-0.2,0.15,1,1340.1,1.69329e+07,0.0772027,0.0022257,0,0.00451514,-0.29029,nan,-0.00959577,nan,nan,nan,nan,-0.0204162,-0.0741949,-0.0211427,nan,-0.151822,-0.000423077,-0.168398,-0.402248,nan,-0.872759,-0.0835022,-0.542095,-0.111615,0.0209174,-0.00212182,0.0754808,-0.744855
1379,-41.7637,266.964,0.00146209,0,1.16667,0.154592,1.41019,0.000986427,-0.00828768,4.72133,3.90184e-05,0.00671414,0.360684,12429.9,0.657852,0.330731,-0.2,0.15,1,1341.09,1.69452e+07,0.0510922,0.0018844,0,0.00369416,-0.230102,nan,-0.00782357,nan,nan,nan,nan,-0.0168374,-0.0571526,-0.0165533,nan,-0.119136,-0.000714286,-0.130418,-0.323857,nan,-0.637831,-0.068426,-0.427167,-0.0875357,0.0172397,-0.00186144,0.0542857,-1.27351
1380,-59.5054,318.27,0.00124615,0.125,1.41667,0.155276,1.42929,0.00079148,-0.00876517,4.72077,3.90184e-05,0.00618018,0.360685,14609.2,0.600446,0.24067,-0.2,0.15,1,1341.94,1.69574e+07,0.0745307,0.00220708,0,0.00371404,-0.272891,nan,-0.00801568,nan,nan,nan,nan,-0.0172475,-0.0587052,-0.0172589,nan,-0.141949,-0.000405405,-0.159202,-0.381967,nan,-1.07856,-0.0803975,-0.507681,-0.105486,0.0201369,-0.00197283,0.0633784,-1.13773
1381,-54.8456,305.816,0.00130045,0.166667,1.41667,0.154462,1.4006,0.000804944,-0.00881879,4.72119,3.90184e-05,0.00587456,0.360718,15143.2,0.559098,0.252356,-0.2,0.15,1,1342.75,1.69697e+07,0.0790931,0.00215293,0,0.00357206,-0.261671,nan,-0.00764684,nan,nan,nan,nan,-0.0167705,-0.0582191,-0.0168825,nan,-0.136356,-0.000236842,-0.153164,-0.366885,nan,-0.962942,-0.0785902,-0.485001,-0.0996316,0.0188091,-0.00195527,0.0586842,-0.819019
1382,-56.3217,342.4,0.00139883,0.125,1.54167,0.14956,1.43112,0.000859539,-0.00866487,4.72217,3.90184e-05,0.0121924,0.360749,11301.3,0.675374,0.411931,-0.2,0.15,1,1343.84,1.6982e+07,0.0878576,0.00208084,0,0.00423803,-0.294418,nan,-0.009114,nan,nan,nan,nan,-0.0207043,-0.0747796,-0.0201448,nan,-0.152922,-0.000325,-0.173674,-0.404552,nan,-0.920218,-0.0883379,-0.544907,-0.1139,0.0213622,-0.00228455,0.07025,-0.807069
1383,-71.8345,400.341,0.0013747,0.125,1.58333,0.150377,1.39418,0.000726326,-0.00799918,4.72254,3.90184e-05,0.0104616,0.360739,11550.4,0.710591,0.35327,-0.2,0.15,1,1344.9,1.69943e+07,0.0956567,0.0027336,0,0.00474183,-0.343578,nan,-0.00937659,nan,nan,nan,nan,-0.0211562,-0.0745683,-0.0210253,nan,-0.177863,-0.000414634,-0.205668,-0.47067,nan,-1.27929,-0.0932133,-0.631847,-0.126537,0.0243717,-0.00264497,0.0884146,-1.02439
1384,-60.4248,339.718,0.00140465,0.125,1.5,0.151865,1.42982,0.000838071,-0.00863692,4.72139,3.90184e-05,0.00814435,0.360702,11791.3,0.660527,0.381597,-0.2,0.15,1,1345.95,1.70066e+07,0.076802,0.0020863,0,0.00405908,-0.293203,nan,-0.00893333,nan,nan,nan,nan,-0.0189131,-0.0675238,-0.0193331,nan,-0.151216,-0.000410256,-0.169841,-0.409373,nan,-1.04409,-0.0901125,-0.539158,-0.109718,0.0207593,-0.00216519,0.069359,-1.31778
1385,-52.8173,302.721,0.00136229,0.0416667,1.75,0.152208,1.39152,0.000965376,-0.00808721,4.72,3.90184e-05,0.0105079,0.360677,12014.7,0.717161,0.305587,-0.2,0.15,1,1346.97,1.70189e+07,0.0800782,0.00230769,0,0.00364268,-0.261448,nan,-0.00731814,nan,nan,nan,nan,-0.0172992,-0.0589416,-0.017024,nan,-0.135036,-0.000325581,-0.158272,-0.351149,nan,-0.918665,-0.0780526,-0.481912,-0.0977907,0.0189111,-0.0020738,0.067907,-0.755491
1386,-52.9897,314.189,0.00154453,0.0833333,1.45833,0.150846,1.42649,0.000979422,-0.0073379,4.71925,3.90184e-05,0.011838,0.360659,14842.6,0.571372,0.256515,-0.2,0.15,1,1347.8,1.70312e+07,0.0722204,0.00233935,0,0.00400856,-0.269147,nan,-0.00813243,nan,nan,nan,nan,-0.0180228,-0.0627178,-0.0179912,nan,-0.139953,-0.000513514,-0.16196,-0.377199,nan,-0.89265,-0.0770782,-0.497206,-0.101703,0.0193585,-0.00210761,0.0783784,-0.670741
1387,-61.4227,382.138,0.00144132,0.208333,1,0.149766,1.39763,0.000784818,-0.00754979,4.71842,3.90184e-05,0.012484,0.36064,12243.6,0.627907,0.37572,-0.2,0.15,1,1348.8,1.70435e+07,0.0955173,0.00257811,0,0.00492684,-0.325341,nan,-0.0105538,nan,nan,nan,nan,-0.0226758,-0.0833708,-0.0235555,nan,-0.169865,-0.000344828,-0.197522,-0.448745,nan,-0.98662,-0.0923425,-0.60782,-0.122276,0.0242588,-0.00254568,0.077069,-1.05507
1388,-51.3968,312.522,0.00135104,0.0833333,1.83333,0.151441,1.38716,0.000807215,-0.00828191,4.71751,3.90184e-05,0.0180919,0.360621,11947.6,0.698625,0.329868,-0.2,0.15,1,1349.83,1.70557e+07,0.0819228,0.00199689,0,0.00373745,-0.266085,nan,-0.00880087,nan,nan,nan,nan,-0.0181973,-0.0637819,-0.0183689,nan,-0.138455,-8.69565e-05,-0.15712,-0.363951,nan,-0.84435,-0.0799149,-0.491225,-0.0995435,0.0187863,-0.00193757,0.0619565,-0.857533
1389,-65.5939,342.562,0.00126953,0.0416667,1.29167,0.152477,1.42296,0.000831777,-0.00862065,4.7165,3.90184e-05,0.00981551,0.360577,12307.2,0.668339,0.330101,-0.2,0.15,1,1350.84,1.7068e+07,0.087604,0.00220839,0,0.00387443,-0.29322,nan,-0.008515,nan,nan,nan,nan,-0.017425,-0.0622594,-0.0179739,nan,-0.152078,-0.00040625,-0.179353,-0.401814,nan,-1.2209,-0.083645,-0.541057,-0.105219,0.0224512,-0.00216044,0.0635938,-1.08625
1390,-62.1229,374.921,0.00148995,0.0833333,1.5,0.146397,1.42642,0.000988577,-0.00843406,4.71516,3.90184e-05,0.00568689,0.360563,13992.5,0.613203,0.264983,-0.2,0.15,1,1351.71,1.70803e+07,0.0801893,0.00268299,0,0.00467943,-0.321242,nan,-0.00983263,nan,nan,nan,nan,-0.0215486,-0.0755571,-0.0220887,nan,-0.166609,-5.26316e-05,-0.192807,-0.437675,nan,-1.03117,-0.0885083,-0.597108,-0.121737,0.0239411,-0.00243604,0.0946053,-0.945247
1391,-60.0406,332.875,0.00129997,0.0833333,1.58333,0.148447,1.41297,0.000747794,-0.00864317,4.71493,3.90184e-05,0.0121027,0.360557,15234.3,0.56619,0.240413,-0.2,0.15,1,1352.52,1.70926e+07,0.0773081,0.00209646,0,0.00375945,-0.28577,nan,-0.008229,nan,nan,nan,nan,-0.0181571,-0.0610329,-0.0180361,nan,-0.14801,-0.00035,-0.168009,-0.386716,nan,-1.06584,-0.08217,-0.52858,-0.1047,0.0195378,-0.0021412,0.0675,-0.906118
1392,-50.6394,312.793,0.00137509,0.0833333,1.125,0.145977,1.40451,0.000756566,-0.00800519,4.71438,3.90184e-05,0.00991665,0.360537,13908.5,0.555003,0.328484,-0.2,0.15,1,1353.41,1.71049e+07,0.0829501,0.00238065,0,0.00404262,-0.26775,nan,-0.00912345,nan,nan,nan,nan,-0.0183442,-0.0643329,-0.0185828,nan,-0.138545,-0.000206897,-0.170532,-0.37317,nan,-0.819585,-0.0772806,-0.494585,-0.100103,0.0187043,-0.0020473,0.0706897,-0.756637
1393,-53.8067,302.345,0.0015256,0.0833333,1.125,0.148608,1.4267,0.00080942,-0.00756177,4.71353,3.90184e-05,0.0107849,0.360502,11174.6,0.700251,0.399381,-0.2,0.15,1,1354.51,1.71172e+07,0.0819435,0.00230546,0,0.00348086,-0.259843,nan,-0.00736069,nan,nan,nan,nan,-0.0170889,-0.0596584,-0.0163465,nan,-0.134805,-3.44828e-05,-0.152687,-0.353966,nan,-0.942785,-0.0769593,-0.479596,-0.097069,0.018126,-0.00195843,0.0644828,-0.839434
1394,-56.266,312.778,0.00145097,0,1.5,0.14642,1.4572,0.000826563,-0.00795427,4.71218,3.90184e-05,0.0133339,0.360461,12289.7,0.668184,0.331676,-0.2,0.15,1,1355.51,1.71295e+07,0.0761181,0.00212796,0,0.00360225,-0.26853,nan,-0.00810889,nan,nan,nan,nan,-0.01733,-0.0552738,-0.0168971,nan,-0.138772,-0.000194444,-0.161976,-0.361474,nan,-0.998989,-0.0846316,-0.491943,-0.0973333,0.0193096,-0.00205903,0.0602778,-0.887636
1395,-72.1241,387.19,0.00145758,0.125,0.75,0.145887,1.41153,0.000763496,-0.00858528,4.71111,3.90184e-05,0.00954963,0.360451,12969.5,0.675823,0.27163,-0.2,0.15,1,1356.46,1.71418e+07,0.0923079,0.00224789,0,0.00425206,-0.331542,nan,-0.00987714,nan,nan,nan,nan,-0.0192886,-0.0648733,-0.0206416,nan,-0.171778,-0.00047619,-0.204572,-0.441814,nan,-1.31113,-0.0910519,-0.610411,-0.123429,0.0235871,-0.00243122,0.0657143,-1.02638
1396,-47.6125,331.969,0.00132985,0,1.33333,0.150965,1.40699,0.000860034,-0.00799882,4.71048,3.90184e-05,0.0102,0.360417,14395.4,0.616696,0.236912,-0.2,0.15,1,1357.31,1.7154e+07,0.0726248,0.00229343,0,0.00455071,-0.284803,nan,-0.00974688,nan,nan,nan,nan,-0.0224157,-0.0780635,-0.0216281,nan,-0.147124,-0.00040625,-0.180596,-0.390109,nan,-0.672448,-0.0882822,-0.52152,-0.103844,0.0202837,-0.00238684,0.08375,-0.434728
1397,-73.6645,409.719,0.00133864,0.208333,1.125,0.148216,1.44097,0.000796066,-0.0079497,4.70926,3.90184e-05,0.0100017,0.360388,14538.2,0.557265,0.287958,-0.2,0.15,1,1358.16,1.71663e+07,0.0930927,0.00296747,0,0.00463897,-0.35178,nan,-0.00979063,nan,nan,nan,nan,-0.0229437,-0.0820474,-0.022394,nan,-0.182147,-0.0005,-0.220885,-0.485619,nan,-1.29992,-0.102694,-0.649021,-0.133,0.0261878,-0.00286614,0.0939063,-1.08293
1398,-48.5927,294.324,0.00127783,0.0416667,1.375,0.151605,1.46417,0.000684883,-0.00785181,4.70818,3.90184e-05,0.00631075,0.360343,10908.3,0.732239,0.394242,-0.2,0.15,1,1359.29,1.71786e+07,0.0773492,0.00184764,0,0.00366212,-0.251793,nan,-0.00831,nan,nan,nan,nan,-0.0170089,-0.0586556,-0.0177731,nan,-0.131285,-0.000323529,-0.151919,-0.348981,nan,-0.801873,-0.0710604,-0.469066,-0.0913235,0.01726,-0.00184705,0.0652941,-0.985038
1399,-58.3874,355.115,0.00142685,0.0416667,1.04167,0.148814,1.45416,0.00087749,-0.00850051,4.70661,3.90184e-05,0.0149007,0.360309,12539.4,0.654403,0.325548,-0.2,0.15,1,1360.27,1.71909e+07,0.0796665,0.00236736,0,0.00448813,-0.300786,nan,-0.00925615,nan,nan,nan,nan,-0.0211248,-0.0712802,-0.0204388,nan,-0.15786,-0.000423077,-0.187476,-0.4227,nan,-0.955039,-0.0896584,-0.558488,-0.109731,0.0205218,-0.00240689,0.085,-0.887236
1400,-65.943,397.841,0.00139044,0.0833333,1.75,0.150583,1.43721,0.000797167,-0.00926618,4.70553,3.90184e-05,0.0140976,0.360284,13356.4,0.652442,0.267567,-0.2,0.15,1,1361.19,1.72032e+07,0.0963762,0.00293124,0,0.00507226,-0.339233,nan,-0.0108859,nan,nan,nan,nan,-0.0227489,-0.0819304,-0.0231564,nan,-0.176654,-0.000204545,-0.202151,-0.472609,nan,-1.09228,-0.0941952,-0.628166,-0.129227,0.024533,-0.00257918,0.0878409,-1.04666
1401,-47.3477,304.971,0.00132812,0.0416667,1.41667,0.146838,1.46843,0.000796602,-0.00908635,4.70474,3.90184e-05,0.0128814,0.360285,12235.6,0.658432,0.345853,-0.2,0.15,1,1363.91,1.72155e+07,0.0718602,0.00224106,0,0.00409109,-0.259245,nan,-0.00866286,nan,nan,nan,nan,-0.0193473,-0.0655669,-0.0184913,nan,-0.135365,-0.0002,-0.172291,-0.369855,nan,-0.715899,-0.0809311,-0.485355,-0.0992,0.0186402,-0.00199027,0.075,-0.934664
1402,-63.0408,320.69,0.00141197,0.125,1.08333,0.150058,1.41928,0.000829532,-0.00868034,4.70474,3.90184e-05,0.00916536,0.360289,12191.5,0.679995,0.327917,-0.2,0.15,1,1364.92,1.72278e+07,0.085506,0.00221011,0,0.00342883,-0.275859,nan,-0.00737862,nan,nan,nan,nan,-0.0157224,-0.0542054,-0.0162986,nan,-0.142113,-0.000344828,-0.177184,-0.382889,nan,-1.18139,-0.076466,-0.509014,-0.102655,0.0194143,-0.00200292,0.0562069,-1.20924
1403,-64.5728,356.909,0.00127764,0.0416667,1.33333,0.151308,1.40438,0.000753276,-0.00865385,4.70476,3.90184e-05,0.0125393,0.360298,12623,0.647669,0.32579,-0.2,0.15,1,1365.89,1.72401e+07,0.0878624,0.00218705,0,0.00422928,-0.305249,nan,-0.00941273,nan,nan,nan,nan,-0.0191311,-0.0654284,-0.0193142,nan,-0.158195,-0.00030303,-0.198463,-0.418135,nan,-1.1507,-0.0870279,-0.560294,-0.111,0.0218504,-0.00237932,0.0751515,-1.03914
1404,-52.1496,322.577,0.00132475,0.0833333,1,0.153857,1.39648,0.000797753,-0.00781086,4.70453,3.90184e-05,0.0114364,0.360263,13354.7,0.618446,0.301677,-0.2,0.15,1,1366.82,1.72524e+07,0.0885817,0.0018951,0,0.00420454,-0.277216,nan,-0.00850538,nan,nan,nan,nan,-0.0200025,-0.0704018,-0.0194362,nan,-0.143461,-0.000269231,-0.171529,-0.385303,nan,-0.841839,-0.0836532,-0.510785,-0.0994615,0.0194078,-0.00221773,0.0811538,-0.876951
1405,-76.7663,407.756,0.00146669,0.208333,1.5,0.15613,1.43039,0.000830338,-0.00775425,4.70322,3.90184e-05,0.0138959,0.360234,12457.6,0.657992,0.328391,-0.2,0.15,1,1367.8,1.72646e+07,0.0898449,0.00241383,0,0.00457902,-0.352074,nan,-0.00959024,nan,nan,nan,nan,-0.0206424,-0.0708426,-0.0209539,nan,-0.181246,-0.000341463,-0.224928,-0.479024,nan,-1.39694,-0.0976554,-0.646336,-0.129244,0.0260908,-0.00268148,0.0846341,-1.21061
1406,-61.1407,349.433,0.00136237,0.0833333,1.16667,0.152364,1.42271,0.000854519,-0.00842214,4.70239,3.90184e-05,0.0100849,0.36022,11583.3,0.643647,0.417192,-0.2,0.15,1,1368.87,1.72769e+07,0.0978736,0.00266554,0,0.00417509,-0.298849,nan,-0.00887,nan,nan,nan,nan,-0.0190426,-0.0660335,-0.0194126,nan,-0.154973,-0.000466667,-0.192537,-0.415166,nan,-1.0623,-0.08476,-0.553884,-0.108267,0.0217579,-0.00230118,0.0756667,-1.02116
1407,-55.9506,360.436,0.00139231,0.125,1.5,0.155299,1.42782,0.000907411,-0.0087054,4.702,3.90184e-05,0.0135646,0.360213,13300.4,0.660737,0.263147,-0.2,0.15,1,1369.79,1.72892e+07,0.0898837,0.00209079,0,0.00449413,-0.308126,nan,-0.00985846,nan,nan,nan,nan,-0.0220253,-0.0770853,-0.0226775,nan,-0.159706,-7.69231e-05,-0.207799,-0.431444,nan,-0.864491,-0.0839191,-0.571199,-0.116718,0.0228595,-0.00247433,0.0908974,-0.634505
1408,-53.5517,339.769,0.00118829,0.0833333,1.54167,0.154908,1.43266,0.00070924,-0.00874043,4.70168,3.90184e-05,0.0139593,0.3602,11737.5,0.69091,0.355993,-0.2,0.15,1,1370.84,1.73015e+07,0.0891577,0.00198787,0,0.0045074,-0.292559,nan,-0.00928256,nan,nan,nan,nan,-0.0223912,-0.0821431,-0.0207585,nan,-0.150688,-0.000512821,-0.190958,-0.409588,nan,-0.829713,-0.0928327,-0.536253,-0.109333,0.0211015,-0.00231041,0.0851282,-0.725087
1409,-63.9604,381.27,0.00133981,0.208333,1.33333,0.150138,1.44601,0.000877632,-0.00839061,4.70093,3.90184e-05,0.00959513,0.360181,11925.2,0.700912,0.329514,-0.2,0.15,1,1371.87,1.73138e+07,0.0947757,0.00238772,0,0.00479646,-0.326802,nan,-0.00945676,nan,nan,nan,nan,-0.0218868,-0.0776849,-0.0219782,nan,-0.16955,-0.000135135,-0.207879,-0.45248,nan,-1.06539,-0.0972702,-0.603761,-0.117405,0.0239019,-0.00276807,0.0874324,-0.876414
1410,-61.6732,351.361,0.00136496,0.125,1.375,0.148949,1.42387,0.000779215,-0.00763959,4.69975,3.90184e-05,0.0147726,0.360132,12170.4,0.654687,0.354977,-0.2,0.15,1,1372.88,1.73261e+07,0.086712,0.00226847,0,0.00423686,-0.299755,nan,-0.00860167,nan,nan,nan,nan,-0.0197803,-0.0689757,-0.0190473,nan,-0.155531,-0.000444444,-0.201297,-0.406076,nan,-1.07255,-0.0886971,-0.551231,-0.111694,0.0218664,-0.00245007,0.0784722,-0.975925
1411,-62.8037,354.409,0.00145007,0.166667,1.66667,0.151751,1.38727,0.000916648,-0.00863057,4.69813,3.90184e-05,0.0128268,0.360107,12117.8,0.683957,0.330089,-0.2,0.15,1,1373.9,1.73384e+07,0.102597,0.00225595,0,0.00409851,-0.304607,nan,-0.00845227,nan,nan,nan,nan,-0.0187994,-0.0646877,-0.018791,nan,-0.156993,-0.000454545,-0.201509,-0.408367,nan,-1.10539,-0.0838195,-0.556141,-0.112091,0.0215687,-0.00245627,0.0767045,-1.03179
1412,-61.6215,371.308,0.00139107,0.125,1.5,0.153494,1.39816,0.000856443,-0.00844362,4.6979,3.90184e-05,0.00984903,0.360113,11826.5,0.681998,0.357024,-0.2,0.15,1,1374.94,1.73507e+07,0.0872444,0.00269233,0,0.00457152,-0.315564,nan,-0.0100026,nan,nan,nan,nan,-0.021152,-0.0733707,-0.0218988,nan,-0.164732,-0.000769231,-0.203678,-0.434173,nan,-1.01578,-0.0900059,-0.588635,-0.115436,0.0219513,-0.00236415,0.0832051,-0.967098
1413,-51.2661,323.219,0.00149515,0.0416667,1.29167,0.152049,1.39644,0.00075865,-0.00876679,4.69827,3.90184e-05,0.0154916,0.36013,12078.1,0.658227,0.359153,-0.2,0.15,1,1375.96,1.73629e+07,0.0804998,0.00200865,0,0.00433579,-0.277936,nan,-0.00946875,nan,nan,nan,nan,-0.01957,-0.0693607,-0.0194799,nan,-0.143154,-0.0008125,-0.178672,-0.385934,nan,-0.802578,-0.0826134,-0.509657,-0.0983125,0.0198216,-0.0020926,0.0754688,-0.933107
1414,-55.753,305.694,0.00130325,0.125,1.375,0.153359,1.42494,0.000835011,-0.00789935,4.69881,3.90184e-05,0.0112591,0.360163,13534.4,0.646589,0.261317,-0.2,0.15,1,1376.87,1.73752e+07,0.0835815,0.00215779,0,0.00353638,-0.264672,nan,-0.00776778,nan,nan,nan,nan,-0.0161596,-0.0578224,-0.0162061,nan,-0.13537,-0.00147222,-0.17577,-0.353974,nan,-1.00021,-0.0756117,-0.4831,-0.0971667,0.0193915,-0.0019852,0.0623611,-0.814166
1415,-77.2463,432.162,0.00132972,0.166667,1.375,0.152471,1.43495,0.000864309,-0.00752417,4.70005,3.90184e-05,0.0106564,0.360206,12411.6,0.653386,0.336656,-0.2,0.15,1,1377.86,1.73875e+07,0.113333,0.00322451,0,0.00486829,-0.366157,nan,-0.01014,nan,nan,nan,nan,-0.0234174,-0.083039,-0.0227751,nan,-0.191415,-0.000297297,-0.23704,-0.504052,nan,-1.36852,-0.103735,-0.678895,-0.133919,0.0251391,-0.00283501,0.092027,-1.06636
1416,-69.8707,416.308,0.00147418,0.0833333,1,0.147347,1.42075,0.000813463,-0.00884761,4.70108,3.90184e-05,0.0120665,0.360202,11349.6,0.709267,0.373412,-0.2,0.15,1,1378.94,1.73998e+07,0.0958888,0.00272718,0,0.00508429,-0.357789,nan,-0.01015,nan,nan,nan,nan,-0.0246365,-0.0864332,-0.0237287,nan,-0.184616,-0.000153846,-0.228174,-0.488418,nan,-1.15452,-0.106712,-0.657111,-0.128885,0.0247344,-0.00292375,0.0940385,-0.972251
1417,-42.0181,263.083,0.00136443,0,1,0.151242,1.42623,0.000800454,-0.00872411,4.69996,3.90184e-05,0.00754266,0.360144,11875,0.675469,0.359312,-0.2,0.15,1,1379.98,1.74121e+07,0.0684068,0.0013205,0,0.00349228,-0.228732,nan,-0.0064875,nan,nan,nan,nan,-0.0162278,-0.0562394,-0.0155035,nan,-0.116845,-0.000125,-0.139599,-0.321088,nan,-0.661289,-0.066068,-0.421329,-0.0815,0.0156535,-0.00178075,0.0579167,-0.689292
1418,-46.2782,320.278,0.00129485,0.125,1.375,0.155238,1.42398,0.00088154,-0.00899223,4.69844,3.90184e-05,0.00952085,0.360127,13176.8,0.619853,0.312698,-0.2,0.15,1,1380.91,1.74244e+07,0.0770355,0.00234339,0,0.00445829,-0.27372,nan,-0.00925778,nan,nan,nan,nan,-0.0212342,-0.0724799,-0.0207343,nan,-0.142074,-0.000444444,-0.173856,-0.37441,nan,-0.662833,-0.0829785,-0.509649,-0.100056,0.0196616,-0.00212837,0.0822222,-0.322642
1419,-74.1896,457.95,0.00122842,0.208333,1.45833,0.152338,1.40774,0.000785555,-0.00893444,4.69789,3.90184e-05,0.0148223,0.360096,12030.6,0.696032,0.325362,-0.2,0.15,1,1381.94,1.74367e+07,0.10775,0.00283745,0,0.00566045,-0.39117,nan,-0.0121725,nan,nan,nan,nan,-0.0274281,-0.0993139,-0.0275982,nan,-0.202951,-0.000725,-0.247579,-0.534916,nan,-1.20246,-0.11004,-0.720789,-0.140225,0.0273443,-0.00300688,0.0985,-1.15599
1420,-57.5891,339.469,0.00152925,0.166667,1.16667,0.151489,1.42798,0.000791237,-0.00779994,4.69672,3.90184e-05,0.0140577,0.360067,12333.4,0.660206,0.336114,-0.2,0.15,1,1382.93,1.7449e+07,0.0952583,0.00201431,0,0.00403008,-0.29033,nan,-0.00838437,nan,nan,nan,nan,-0.019863,-0.0696374,-0.0190781,nan,-0.150463,-0.00025,-0.183126,-0.398311,nan,-0.976124,-0.0860879,-0.538449,-0.103625,0.0204107,-0.00224332,0.0773438,-1.24022
1421,-48.4832,287.031,0.00157215,0,1.33333,0.150933,1.423,0.00110149,-0.0083893,4.69583,3.90184e-05,0.0100301,0.360045,13374.1,0.65605,0.262743,-0.2,0.15,1,1383.85,1.74612e+07,0.064413,0.00190765,0,0.00360426,-0.246639,nan,-0.00696563,nan,nan,nan,nan,-0.0170824,-0.0597975,-0.0158976,nan,-0.126939,-0.00071875,-0.159914,-0.340633,nan,-0.805887,-0.0728338,-0.455476,-0.092625,0.0169279,-0.00190878,0.070625,-0.951028
1422,-66.1905,389.706,0.00138479,0.208333,1.20833,0.152343,1.41156,0.00078617,-0.00812203,4.69535,3.90184e-05,0.0166941,0.360053,14401.8,0.611039,0.242188,-0.2,0.15,1,1384.71,1.74735e+07,0.0931892,0.00267319,0,0.00468864,-0.331657,nan,-0.0104206,nan,nan,nan,nan,-0.0217274,-0.0770107,-0.0222263,nan,-0.172217,-0.000352941,-0.218266,-0.456353,nan,-1.11465,-0.0903796,-0.613465,-0.1195,0.0231228,-0.00242928,0.0798529,-1.11521
1423,-48.3497,324.111,0.00116916,0.0833333,1.41667,0.155401,1.40591,0.000830806,-0.00818024,4.69541,3.90184e-05,0.00988371,0.360043,14993.3,0.570672,0.248892,-0.2,0.15,1,1385.53,1.74858e+07,0.0840968,0.00195791,0,0.00440516,-0.277062,nan,-0.00952556,nan,nan,nan,nan,-0.0202595,-0.0715978,-0.0203651,nan,-0.143532,-0.000611111,-0.174601,-0.375367,nan,-0.732927,-0.0774716,-0.510001,-0.0981944,0.018884,-0.00211301,0.0852778,-0.590863
1424,-53.3568,312.944,0.00125904,0.0416667,1.45833,0.154527,1.42543,0.000712436,-0.00874091,4.69449,3.90184e-05,0.0143145,0.360005,15226.2,0.563826,0.243205,-0.2,0.15,1,1386.34,1.74981e+07,0.0809366,0.00216408,0,0.00369613,-0.265864,nan,-0.00742,nan,nan,nan,nan,-0.0182841,-0.0646376,-0.0174606,nan,-0.138664,-0.000333333,-0.168318,-0.36233,nan,-0.911981,-0.0822333,-0.495225,-0.0948333,0.0178865,-0.00215192,0.0744444,-0.868922
1425,-64.3274,385.457,0.0014638,0.166667,1.29167,0.155318,1.42688,0.000907643,-0.00842006,4.69291,3.90184e-05,0.00998754,0.359949,15290.9,0.56285,0.240767,-0.2,0.15,1,1387.14,1.75104e+07,0.0818652,0.00242527,0,0.00456642,-0.330939,nan,-0.0104297,nan,nan,nan,nan,-0.0230667,-0.08219,-0.0228058,nan,-0.170771,-0.000371429,-0.217344,-0.453733,nan,-1.05858,-0.092736,-0.611097,-0.121343,0.0242259,-0.00257988,0.083,-0.834028
1426,-44.8498,282.182,0.00142565,0,0.916667,0.158144,1.45452,0.000798121,-0.00794726,4.69149,3.90184e-05,0.0119939,0.359947,15308.2,0.56105,0.241658,-0.2,0.15,1,1387.95,1.75227e+07,0.0730408,0.0020379,0,0.00346021,-0.24046,nan,-0.00731818,nan,nan,nan,nan,-0.0169344,-0.0569967,-0.0163625,nan,-0.12472,-0.000318182,-0.152376,-0.336892,nan,-0.718447,-0.0732396,-0.44797,-0.0879545,0.016495,-0.00178098,0.0756818,-0.578323
1427,-55.552,324,0.00127055,0.125,1.29167,0.161159,1.42973,0.000751852,-0.00913815,4.6916,3.90184e-05,0.00882959,0.359946,15286.6,0.561215,0.242628,-0.2,0.15,1,1388.75,1.7535e+07,0.0766828,0.0022349,0,0.00402742,-0.276949,nan,-0.00764941,nan,nan,nan,nan,-0.0191852,-0.0711049,-0.0181741,nan,-0.143822,-0.000470588,-0.17774,-0.381179,nan,-0.939263,-0.0828932,-0.517522,-0.103735,0.0191665,-0.00222343,0.0763235,-0.808919
1428,-62.1377,346.541,0.00130683,0.0833333,1.45833,0.156266,1.47297,0.000703416,-0.00777625,4.69153,3.90184e-05,0.0138286,0.359961,15408.7,0.556616,0.240856,-0.2,0.15,1,1389.55,1.75473e+07,0.0893938,0.00214668,0,0.00408515,-0.298394,nan,-0.00867568,nan,nan,nan,nan,-0.0196502,-0.0700962,-0.0194137,nan,-0.153794,-0.000378378,-0.18238,-0.406073,nan,-1.09785,-0.0870735,-0.549764,-0.10473,0.0199167,-0.00225002,0.0724324,-0.837737
1429,-66.8337,375.897,0.00121309,0,1.20833,0.155528,1.42279,0.0006659,-0.00799235,4.6917,3.90184e-05,0.00914158,0.359947,14175.1,0.621193,0.245679,-0.2,0.15,1,1390.42,1.75596e+07,0.0916335,0.00236192,0,0.00417613,-0.322718,nan,-0.00886069,nan,nan,nan,nan,-0.0215657,-0.0819499,-0.0206416,nan,-0.167314,-0.000482759,-0.204255,-0.44873,nan,-1.16795,-0.0939516,-0.600186,-0.118276,0.0230546,-0.00251316,0.09,-1.41866
1430,-58.1375,388.25,0.0013045,0.0833333,1.25,0.152634,1.40977,0.000762283,-0.00812121,4.69086,3.90184e-05,0.00809107,0.359914,15342.1,0.556741,0.24419,-0.2,0.15,1,1391.22,1.75718e+07,0.105186,0.00253883,0,0.00502235,-0.329543,nan,-0.0107463,nan,nan,nan,nan,-0.0241374,-0.0871642,-0.0246859,nan,-0.172415,-0.00053125,-0.206538,-0.463635,nan,-0.869093,-0.0933048,-0.616315,-0.119875,0.0234979,-0.00244466,0.0879688,-0.885287
1431,-75.8999,434.605,0.00126787,0.25,1.54167,0.152265,1.40241,0.000748417,-0.00823506,4.6898,3.90184e-05,0.0137318,0.359889,15029.6,0.572256,0.245328,-0.2,0.15,1,1392.04,1.75841e+07,0.101552,0.00315001,0,0.00495519,-0.368486,nan,-0.011034,nan,nan,nan,nan,-0.0241289,-0.0869368,-0.0246572,nan,-0.192273,-0.000511628,-0.233383,-0.508077,nan,-1.31487,-0.103182,-0.687257,-0.135256,0.0253814,-0.00300546,0.0953488,-1.19083
1432,-75.6308,442.522,0.00147393,0.333333,1.58333,0.150656,1.40118,0.0009098,-0.00793871,4.68864,3.90184e-05,0.00661956,0.359841,15191.3,0.563138,0.245747,-0.2,0.15,1,1392.85,1.75964e+07,0.114525,0.00304324,0,0.00512131,-0.378779,nan,-0.011653,nan,nan,nan,nan,-0.0251587,-0.0922363,-0.0255419,nan,-0.196645,-0.00023913,-0.241318,-0.516422,nan,-1.2946,-0.109083,-0.702648,-0.142,0.0273394,-0.00290137,0.103152,-0.970921
1433,-58.8239,331.308,0.001348,0.166667,1.45833,0.156285,1.41718,0.000823609,-0.00814832,4.68713,3.90184e-05,0.00683754,0.35982,14976.3,0.562343,0.258152,-0.2,0.15,1,1393.67,1.76087e+07,0.0831307,0.00219463,0,0.0038423,-0.282561,nan,-0.00820513,nan,nan,nan,nan,-0.0187534,-0.0668979,-0.0182354,nan,-0.146781,-0.000205128,-0.186334,-0.386815,nan,-1.03089,-0.07999,-0.528905,-0.106462,0.0203657,-0.00214566,0.0730769,-1.12936
1434,-68.8986,357.833,0.00119119,0,1.5,0.155264,1.40407,0.000719407,-0.00891891,4.68622,3.90184e-05,0.00991945,0.35977,15103.7,0.562991,0.250584,-0.2,0.15,1,1394.49,1.7621e+07,0.0856174,0.00253004,0,0.00403644,-0.303613,nan,-0.00859722,nan,nan,nan,nan,-0.0183481,-0.0667993,-0.0186618,nan,-0.15854,-0.000527778,-0.191882,-0.414181,nan,-1.29091,-0.0897082,-0.562991,-0.112083,0.0209805,-0.00239221,0.0741667,-1.17909
1435,-54.3205,331.225,0.00144578,0.0833333,1.58333,0.14927,1.40045,0.000744395,-0.00785847,4.68385,3.90184e-05,0.0115872,0.359688,15034.7,0.565822,0.251489,-0.2,0.15,1,1395.31,1.76333e+07,0.0772178,0.00219101,0,0.00391476,-0.283431,nan,-0.0084505,nan,nan,nan,nan,-0.0203186,-0.0698595,-0.0191232,nan,-0.147204,-0.000275,-0.169971,-0.395641,nan,-0.885546,-0.0841403,-0.52585,-0.1044,0.0201669,-0.00216197,0.078,-1.20763
1436,-58.1037,365,0.00144075,0.0833333,1.04167,0.149049,1.40861,0.00087099,-0.00819809,4.68156,3.90184e-05,0.0122099,0.359653,15138,0.571229,0.240504,-0.2,0.15,1,1396.12,1.76456e+07,0.080751,0.00223513,0,0.0044423,-0.31351,nan,-0.00978963,nan,nan,nan,nan,-0.0239286,-0.0872903,-0.0222683,nan,-0.162456,-0.000222222,-0.198061,-0.436778,nan,-0.893246,-0.0989199,-0.585086,-0.122222,0.022709,-0.00252972,0.0831481,-0.548354
1437,-64.6629,347.65,0.00133355,0.125,1.54167,0.149172,1.41845,0.000889044,-0.00823901,4.68099,3.90184e-05,0.0122583,0.35966,15154.3,0.561585,0.249273,-0.2,0.15,1,1396.93,1.76579e+07,0.0919133,0.00247241,0,0.00379326,-0.293646,nan,-0.008674,nan,nan,nan,nan,-0.0179663,-0.0630452,-0.0186351,nan,-0.154218,-0.0004,-0.17955,-0.409028,nan,-1.18467,-0.0784021,-0.549656,-0.10965,0.0203187,-0.00229176,0.065375,-0.925837
1438,-45.5589,294.3,0.00122168,0.0833333,1.58333,0.152471,1.43285,0.000802561,-0.00834564,4.68129,3.90184e-05,0.0110851,0.359654,15270.9,0.557081,0.247589,-0.2,0.15,1,1397.74,1.76701e+07,0.0588393,0.00201123,0,0.00387029,-0.251268,nan,-0.0087835,nan,nan,nan,nan,-0.0191187,-0.0712864,-0.0189745,nan,-0.13057,-0.00025,-0.1543,-0.350565,nan,-0.691497,-0.0766889,-0.469417,-0.0948,0.017876,-0.00185592,0.0695,-0.604435
1439,-59.1509,344.941,0.00138562,0.0833333,1.33333,0.152297,1.41263,0.000853048,-0.00763911,4.68031,3.90184e-05,0.013569,0.359606,12287.2,0.654993,0.345076,-0.2,0.15,1,1398.74,1.76824e+07,0.0864333,0.00259468,0,0.00394945,-0.29363,nan,-0.00930471,nan,nan,nan,nan,-0.0198396,-0.0707599,-0.0201718,nan,-0.153119,-0.000323529,-0.180658,-0.406023,nan,-1.01359,-0.0823259,-0.550926,-0.113,0.0212571,-0.002306,0.0776471,-0.992169
1440,-66.8862,381.308,0.00141746,0.166667,1.45833,0.155133,1.45427,0.000855257,-0.00902675,4.67845,3.90184e-05,0.0134852,0.359555,11961.4,0.673764,0.353544,-0.2,0.15,1,1399.77,1.76947e+07,0.082762,0.00269046,0,0.00454978,-0.322176,nan,-0.00981538,nan,nan,nan,nan,-0.0218717,-0.0773713,-0.0215425,nan,-0.169213,-0.000102564,-0.197787,-0.44554,nan,-1.15277,-0.0909534,-0.605852,-0.120692,0.0226133,-0.00253851,0.0760256,-1.27712
1441,-64.3871,361.325,0.00141827,0.0833333,1.58333,0.154665,1.44079,0.000867139,-0.00745522,4.67589,3.90184e-05,0.00996097,0.359438,12465.5,0.644465,0.341292,-0.2,0.15,1,1400.76,1.7707e+07,0.0827296,0.00268573,0,0.00395943,-0.309073,nan,-0.0090825,nan,nan,nan,nan,-0.0192656,-0.0703493,-0.0199883,nan,-0.160222,-0.000725,-0.188595,-0.424698,nan,-1.13374,-0.0873,-0.572556,-0.116,0.0225732,-0.00234881,0.076125,-0.838522
1442,-54.7964,339.477,0.00114072,0.125,1.70833,0.153441,1.39889,0.000731302,-0.0093101,4.67265,3.90184e-05,0.0128718,0.359396,11014.7,0.700655,0.414944,-0.2,0.15,1,1401.87,1.77193e+07,0.0836199,0.00225285,0,0.00408548,-0.28958,nan,-0.00913636,nan,nan,nan,nan,-0.0208084,-0.0745058,-0.0207393,nan,-0.151158,-0.000363636,-0.173407,-0.396189,nan,-0.886399,-0.0798212,-0.541479,-0.105523,0.020256,-0.00223301,0.0740909,-0.950295
1443,-51.2332,283.033,0.00135262,0.0833333,1.16667,0.153326,1.41267,0.000878401,-0.00770242,4.67232,3.90184e-05,0.0110308,0.359414,11314.9,0.725544,0.360459,-0.2,0.15,1,1402.96,1.77316e+07,0.0780112,0.00190669,0,0.00316592,-0.242185,nan,-0.00713533,nan,nan,nan,nan,-0.0156745,-0.0552882,-0.0155281,nan,-0.125784,-0.000266667,-0.154615,-0.337426,nan,-0.912395,-0.0718179,-0.453971,-0.0918333,0.0178838,-0.00173489,0.0641667,-0.8038
1444,-49.8642,304.105,0.00127363,0.0416667,1.54167,0.15789,1.39406,0.000785141,-0.00767605,4.67206,3.90184e-05,0.0086913,0.35938,10894.5,0.745697,0.382215,-0.2,0.15,1,1404.09,1.77439e+07,0.0747924,0.00166157,0,0.00364224,-0.25909,nan,-0.00771263,nan,nan,nan,nan,-0.0187393,-0.0673496,-0.0179972,nan,-0.135206,-0.000289474,-0.161673,-0.359846,nan,-0.810845,-0.0760457,-0.486735,-0.0990789,0.0189122,-0.00194105,0.0675,-0.74655
1445,-70.9533,381.882,0.00146952,0.0416667,1.375,0.154792,1.43169,0.000963132,-0.00810944,4.66985,3.90184e-05,0.012009,0.359301,12124,0.657268,0.356263,-0.2,0.15,1,1405.1,1.77562e+07,0.087471,0.00252671,0,0.00408944,-0.32383,nan,-0.00933235,nan,nan,nan,nan,-0.0205874,-0.0750542,-0.0198582,nan,-0.16978,-8.82353e-05,-0.201815,-0.452012,nan,-1.28782,-0.0926734,-0.604123,-0.119676,0.0225191,-0.00252579,0.0813235,-0.958322
1446,-65.3868,377.267,0.00136136,0.0833333,1.16667,0.153392,1.4003,0.000904921,-0.00814688,4.6676,3.90184e-05,0.00677479,0.359251,13632.7,0.637734,0.263627,-0.2,0.15,1,1406.01,1.77684e+07,0.100546,0.00261925,0,0.00452387,-0.319255,nan,-0.00929733,nan,nan,nan,nan,-0.0215889,-0.0753676,-0.0216106,nan,-0.167762,-0.001,-0.193701,-0.446467,nan,-1.12941,-0.0873965,-0.602475,-0.1207,0.0219785,-0.00256339,0.0796667,-1.20032
1447,-62.4543,283.233,0.00147922,0,1.25,0.151192,1.41052,0.000791208,-0.00815325,4.66622,3.90184e-05,0.0072401,0.359222,14887,0.583411,0.242009,-0.2,0.15,1,1406.83,1.77807e+07,0.0629592,0.00167175,0,0.00250014,-0.240112,nan,-0.00567933,nan,nan,nan,nan,-0.0136009,-0.0458875,-0.0123702,nan,-0.12598,-0.000166667,-0.146814,-0.334152,nan,-1.25377,-0.0747425,-0.452552,-0.0934667,0.0172127,-0.00181797,0.0453333,-1.35383
1448,-51.5975,327,0.00161845,0,1.41667,0.149385,1.44887,0.000837988,-0.00765015,4.66527,3.90184e-05,0.010852,0.359181,15213.6,0.564413,0.243285,-0.2,0.15,1,1407.64,1.7793e+07,0.0692364,0.00231477,0,0.003874,-0.278205,nan,-0.00904,nan,nan,nan,nan,-0.0205735,-0.0732211,-0.0202888,nan,-0.14508,-2.94118e-05,-0.174355,-0.384852,nan,-0.806227,-0.0811074,-0.52219,-0.107441,0.0202338,-0.00203112,0.0811765,-0.641474
1449,-57.6963,376.167,0.00157839,0.125,1.125,0.149973,1.40711,0.000868942,-0.00853286,4.66393,3.90184e-05,0.0104814,0.359138,14983.1,0.56545,0.254676,-0.2,0.15,1,1408.46,1.78053e+07,0.0832983,0.00239052,0,0.00459317,-0.318431,nan,-0.00992133,nan,nan,nan,nan,-0.0224395,-0.078394,-0.0225858,nan,-0.166935,-0.000466667,-0.189209,-0.43481,nan,-0.903003,-0.0879354,-0.6003,-0.1241,0.0228925,-0.0023784,0.101,-0.828481
1450,-57.6599,346.838,0.00139934,0.0833333,1.45833,0.156269,1.41,0.000923541,-0.00804291,4.66256,3.90184e-05,0.0125381,0.359108,11733.7,0.691331,0.355913,-0.2,0.15,1,1409.51,1.78176e+07,0.0910607,0.00241333,0,0.0041469,-0.294612,nan,-0.00895622,nan,nan,nan,nan,-0.0207186,-0.0743933,-0.0200181,nan,-0.154116,-0.000513514,-0.17917,-0.408719,nan,-0.959868,-0.0846101,-0.553086,-0.111514,0.020832,-0.0022832,0.0766216,-0.844789
1451,-58.2331,372.156,0.00127789,0.0416667,1.29167,0.155011,1.39338,0.000745646,-0.00851279,4.6617,3.90184e-05,0.0075113,0.359094,11842.2,0.686028,0.351616,-0.2,0.15,1,1410.55,1.78299e+07,0.0931953,0.0025409,0,0.0046939,-0.313719,nan,-0.00996563,nan,nan,nan,nan,-0.0232392,-0.0811507,-0.022496,nan,-0.165185,-0.00034375,-0.196554,-0.435101,nan,-0.918651,-0.0929791,-0.588833,-0.120187,0.0223004,-0.00243196,0.0982813,-1.72619
1452,-57.2829,331.976,0.00140221,0.0833333,1.66667,0.159146,1.40236,0.000880895,-0.008251,4.66151,3.90184e-05,0.0131794,0.359098,12619.1,0.660382,0.31338,-0.2,0.15,1,1411.53,1.78422e+07,0.0843802,0.00221817,0,0.00384091,-0.278684,nan,-0.00855619,nan,nan,nan,nan,-0.0193461,-0.0708404,-0.0187097,nan,-0.14691,-0.000571429,-0.174633,-0.393697,nan,-0.980187,-0.0839856,-0.523178,-0.104929,0.019296,-0.00215695,0.0682143,-0.899983
1453,-48.1196,308.419,0.00134945,0,1.79167,0.155918,1.42793,0.000892137,-0.00859873,4.66135,3.90184e-05,0.0126999,0.359091,13872.1,0.628677,0.257131,-0.2,0.15,1,1412.42,1.78545e+07,0.0733772,0.00216454,0,0.00390835,-0.256614,nan,-0.00876465,nan,nan,nan,nan,-0.0191807,-0.0663219,-0.0190536,nan,-0.136322,-0.00055814,-0.16162,-0.359245,nan,-0.765294,-0.0747362,-0.484942,-0.0966744,0.0184872,-0.00188973,0.0725581,-0.769451
1454,-58.3839,338.872,0.00124542,0.0416667,1.58333,0.158119,1.43741,0.000847193,-0.00781276,4.66143,3.90184e-05,0.0114867,0.359125,12519.7,0.609987,0.371504,-0.2,0.15,1,1413.4,1.78668e+07,0.082269,0.0022621,0,0.00396419,-0.285723,nan,-0.00881231,nan,nan,nan,nan,-0.0189774,-0.0705888,-0.0196742,nan,-0.150429,-0.000333333,-0.179164,-0.39405,nan,-1.0142,-0.0770479,-0.540351,-0.113872,0.0211701,-0.00202671,0.0867949,-0.852363
1455,-65.7781,373.294,0.00129232,0.0833333,1.33333,0.158747,1.43499,0.000775912,-0.00757901,4.66254,3.90184e-05,0.00867089,0.359142,11490.6,0.680895,0.388501,-0.2,0.15,1,1414.47,1.7879e+07,0.0865286,0.00232467,0,0.00429943,-0.314735,nan,-0.00916824,nan,nan,nan,nan,-0.0209225,-0.0786933,-0.0213106,nan,-0.165483,-0.000352941,-0.191868,-0.433012,nan,-1.15007,-0.09195,-0.591639,-0.123206,0.0219047,-0.00249246,0.0867647,-1.11755
1456,-60.2126,296.467,0.00126914,0.0833333,1.16667,0.157132,1.41262,0.000761232,-0.00904437,4.66305,3.90184e-05,0.0113457,0.359155,12226.5,0.678617,0.326413,-0.2,0.15,1,1415.48,1.78913e+07,0.0701897,0.00239725,0,0.00277128,-0.250061,nan,-0.00642067,nan,nan,nan,nan,-0.0152457,-0.0559647,-0.0141437,nan,-0.131526,-0.000366667,-0.160967,-0.34716,nan,-1.17029,-0.0783136,-0.469318,-0.0942,0.0182388,-0.00205396,0.063,-0.927987
1457,-61.7942,369.424,0.00146,0.166667,1.20833,0.160615,1.42421,0.000884757,-0.00758855,4.66309,3.90184e-05,0.0101327,0.359143,13907,0.635042,0.248541,-0.2,0.15,1,1416.36,1.79036e+07,0.0791287,0.0018114,0,0.00416829,-0.30965,nan,-0.00982,nan,nan,nan,nan,-0.0214338,-0.0801975,-0.0215481,nan,-0.163352,-0.000181818,-0.204246,-0.433607,nan,-1.02944,-0.0859497,-0.584553,-0.119333,0.023474,-0.00254004,0.0824242,-0.886319
1458,-63.3114,375.625,0.00138853,0.0416667,1.29167,0.159205,1.42133,0.000810087,-0.00781994,4.66204,3.90184e-05,0.0117889,0.359105,14974.6,0.573103,0.247486,-0.2,0.15,1,1417.18,1.79159e+07,0.0891838,0.00286751,0,0.00444361,-0.314412,nan,-0.00973437,nan,nan,nan,nan,-0.0218613,-0.0784907,-0.0221522,nan,-0.166475,-0.00040625,-0.195123,-0.438236,nan,-1.07212,-0.0888921,-0.595922,-0.122687,0.0229563,-0.00240917,0.0875,-0.974388
1459,-80.7095,437.212,0.00132817,0.125,1.25,0.159255,1.4177,0.000816411,-0.00825804,4.66097,3.90184e-05,0.00974567,0.359098,14954.4,0.578,0.243697,-0.2,0.15,1,1418.01,1.79282e+07,0.106594,0.00304968,0,0.00450211,-0.370955,nan,-0.0103873,nan,nan,nan,nan,-0.0234267,-0.0857943,-0.0236866,nan,-0.193537,-0.000272727,-0.229348,-0.509255,nan,-1.47219,-0.0965496,-0.69349,-0.142364,0.0257654,-0.00277659,0.0881818,-1.35147
1460,-54.816,349.344,0.00141149,0.125,1.20833,0.153513,1.41674,0.000935398,-0.00778372,4.66008,3.90184e-05,0.014751,0.359041,11804.1,0.681052,0.35994,-0.2,0.15,1,1419.05,1.79405e+07,0.0807956,0.0022079,0,0.00402838,-0.29388,nan,-0.00986813,nan,nan,nan,nan,-0.021766,-0.0843789,-0.0219485,nan,-0.155299,-0.0005625,-0.179823,-0.405997,nan,-0.851523,-0.0825359,-0.557274,-0.117344,0.0214872,-0.00219557,0.0720313,-0.62608
1461,-61.1855,382.079,0.00132298,0.166667,1.41667,0.155894,1.42716,0.000880763,-0.00774328,4.65791,3.90184e-05,0.0104018,0.358995,12059.5,0.661582,0.357366,-0.2,0.15,1,1420.07,1.79528e+07,0.083106,0.00234811,0,0.00443459,-0.320426,nan,-0.0101711,nan,nan,nan,nan,-0.0227915,-0.0828287,-0.0234136,nan,-0.169337,-0.000763158,-0.195504,-0.442159,nan,-0.99609,-0.0882048,-0.600864,-0.121816,0.0229882,-0.00247611,0.0915789,-1.18361
1462,-49.0219,330.472,0.00143685,0.0833333,1.41667,0.154153,1.39794,0.000882616,-0.00824983,4.65668,3.90184e-05,0.0117452,0.35896,11332.1,0.684306,0.400052,-0.2,0.15,1,1421.15,1.79651e+07,0.0800001,0.00215603,0,0.00430794,-0.277157,nan,-0.00933444,nan,nan,nan,nan,-0.0213582,-0.0764173,-0.020732,nan,-0.146536,-0.000722222,-0.167511,-0.381587,nan,-0.736261,-0.0815122,-0.519261,-0.105667,0.0192317,-0.00214153,0.0770833,-0.789071
1463,-65.0123,358.032,0.00145864,0.0416667,1.25,0.153643,1.40156,0.000829459,-0.00843635,4.65525,3.90184e-05,0.0121251,0.358908,13768.7,0.649154,0.243303,-0.2,0.15,1,1422.05,1.79773e+07,0.0779485,0.00264008,0,0.00385416,-0.30168,nan,-0.00907097,nan,nan,nan,nan,-0.0198222,-0.0739454,-0.0191827,nan,-0.158788,-0.000258065,-0.189957,-0.423948,nan,-1.16072,-0.0866477,-0.566267,-0.115387,0.0223149,-0.00226126,0.0745161,-1.04694
1464,-57.8467,308.575,0.00136695,0,1.66667,0.157865,1.4491,0.000834332,-0.00828897,4.65368,3.90184e-05,0.0134615,0.358892,14621,0.574697,0.26574,-0.2,0.15,1,1422.89,1.79896e+07,0.0739741,0.00216256,0,0.00295567,-0.257361,nan,-0.007424,nan,nan,nan,nan,-0.0160477,-0.0583695,-0.0163849,nan,-0.136783,-0.0003,-0.156182,-0.361509,nan,-1.06762,-0.0770769,-0.487541,-0.1019,0.0192325,-0.00191959,0.061625,-1.11223
1465,-63.5122,377.911,0.00119454,0.0833333,1.79167,0.155082,1.42664,0.00079547,-0.00839376,4.65371,3.90184e-05,0.00815296,0.358907,13112,0.581068,0.356092,-0.2,0.15,1,1423.83,1.80019e+07,0.0885206,0.00256982,0,0.00461411,-0.314474,nan,-0.00959156,nan,nan,nan,nan,-0.0220969,-0.0768045,-0.021726,nan,-0.167913,-0.000133333,-0.184995,-0.437328,nan,-1.07833,-0.0917875,-0.596234,-0.120356,0.0215366,-0.00242476,0.0854444,-0.816753
1466,-62.4689,400.929,0.00132649,0.0833333,1.08333,0.15426,1.42567,0.000720229,-0.00821253,4.65387,3.90184e-05,0.00915936,0.358894,11103.8,0.705661,0.400988,-0.2,0.15,1,1424.94,1.80142e+07,0.0917251,0.00306503,0,0.0049268,-0.334592,nan,-0.0111571,nan,nan,nan,nan,-0.0248735,-0.0922876,-0.0251075,nan,-0.177746,-0.000464286,-0.193724,-0.463417,nan,-0.989349,-0.0917646,-0.636504,-0.130357,0.0232275,-0.00257407,0.0921429,-0.768192
1467,-58.6402,361.657,0.00153156,0.125,1.33333,0.154038,1.43456,0.000951081,-0.00729127,4.65301,3.90184e-05,0.00973106,0.358867,12128.9,0.668208,0.344911,-0.2,0.15,1,1425.95,1.80265e+07,0.0867057,0.00233105,0,0.00425224,-0.302198,nan,-0.00978457,nan,nan,nan,nan,-0.0217207,-0.0797196,-0.0220734,nan,-0.160826,-0.000114286,-0.181325,-0.424548,nan,-0.96617,-0.0847033,-0.571895,-0.119514,0.0217129,-0.00225027,0.0875714,-1.09516
1468,-49.9119,325.969,0.00132445,0,1.33333,0.153083,1.40124,0.000779151,-0.00761157,4.65168,3.90184e-05,0.00692881,0.358817,12820.8,0.68977,0.268672,-0.2,0.15,1,1426.91,1.80388e+07,0.0865073,0.00211983,0,0.00408993,-0.272886,nan,-0.0089625,nan,nan,nan,nan,-0.0206036,-0.0750449,-0.0201641,nan,-0.144779,-0.00034375,-0.161709,-0.377249,nan,-0.789129,-0.0791971,-0.513887,-0.106719,0.0195324,-0.00206633,0.0842188,-1.27277
1469,-37.3164,237.5,0.00129187,0,1.58333,0.149323,1.40315,0.000819722,-0.00806016,4.65002,5.85277e-05,0.0032827,0.358775,14996.9,0.580765,0.238604,-0.2,0.15,1,1427.73,1.80511e+07,0.0559148,0.00169606,0,0.00287522,-0.196897,nan,-0.00599211,nan,nan,nan,nan,-0.0146714,-0.050496,-0.014303,nan,-0.105541,-0.000315789,-0.115053,-0.280978,nan,-0.590563,-0.0602281,-0.375496,-0.0767895,0.0135069,-0.00148392,0.0542105,-0.571177
1470,-74.5709,416.031,0.00129379,0.166667,1.16667,0.151304,1.42826,0.000779242,-0.00869294,4.64812,5.85277e-05,0.0167412,0.358681,12556.6,0.628562,0.350048,-0.2,0.15,1,1428.71,1.80634e+07,0.101545,0.00245855,0,0.00431567,-0.3475,nan,-0.0103481,nan,nan,nan,nan,-0.0229981,-0.0849341,-0.0232822,nan,-0.18477,-0.00034375,-0.20987,-0.49295,nan,-1.33107,-0.0974383,-0.661343,-0.134344,0.0243848,-0.00262578,0.0901563,-1.11229
1471,-57.2958,318.324,0.00135879,0.125,1.41667,0.154963,1.4393,0.00077287,-0.00945177,4.64531,5.85277e-05,0.0116701,0.358628,11464.6,0.692318,0.379499,-0.2,0.15,1,1429.79,1.80756e+07,0.0728047,0.00190749,0,0.00331741,-0.264228,nan,-0.00827189,nan,nan,nan,nan,-0.0172186,-0.0627135,-0.0176766,nan,-0.141149,-0.000297297,-0.157071,-0.371054,nan,-1.02536,-0.0784269,-0.498996,-0.104054,0.0174362,-0.00205522,0.0605405,-1.00723
1472,-63.7094,373.643,0.00147934,0.208333,1.54167,0.151063,1.4306,0.000860786,-0.0101545,4.6439,5.85277e-05,0.0105044,0.358605,12422.4,0.658815,0.330366,-0.2,0.15,1,1430.78,1.80879e+07,0.0902976,0.00262053,0,0.00432557,-0.31221,nan,-0.00952619,nan,nan,nan,nan,-0.0209335,-0.0767006,-0.0221039,nan,-0.165907,-0.000142857,-0.179729,-0.435786,nan,-1.10334,-0.085763,-0.593087,-0.120071,0.0212501,-0.00234113,0.0869048,-1.00504
1473,-72.188,414.212,0.00132698,0.125,1.25,0.149098,1.41582,0.0007531,-0.0105362,4.64279,5.85277e-05,0.0115341,0.358547,13454.2,0.637903,0.275421,-0.2,0.15,1,1431.69,1.81002e+07,0.102388,0.00239183,0,0.00455284,-0.343947,nan,-0.0106303,nan,nan,nan,nan,-0.0224064,-0.0824351,-0.0229879,nan,-0.18334,-0.000424242,-0.205343,-0.484154,nan,-1.27435,-0.0916224,-0.650871,-0.135424,0.0242832,-0.00264432,0.0892424,-0.88462
1474,-56.1801,323.964,0.00166393,0.0416667,1.125,0.155266,1.41512,0.000888646,-0.00946836,4.64023,5.85277e-05,0.0158009,0.358466,14908.7,0.582268,0.241946,-0.2,0.15,1,1432.52,1.81125e+07,0.0860555,0.00205875,0,0.00358938,-0.271228,nan,-0.00854929,nan,nan,nan,nan,-0.0183949,-0.0666203,-0.0180951,nan,-0.144282,-0.000571429,-0.15177,-0.386259,nan,-0.97906,-0.0835551,-0.510815,-0.108929,0.0203725,-0.00195516,0.0707143,-0.845998
1475,-66.0468,365.471,0.00134946,0.166667,1.25,0.15671,1.4316,0.000821195,-0.0105009,4.63782,5.85277e-05,0.0161634,0.358408,15501.1,0.555278,0.23744,-0.2,0.15,1,1433.31,1.81248e+07,0.0886881,0.00246126,0,0.00384653,-0.303193,nan,-0.00978529,nan,nan,nan,nan,-0.0183438,-0.0670506,-0.020186,nan,-0.161565,-0.00132353,-0.17898,-0.429282,nan,-1.19337,-0.0811109,-0.571907,-0.115529,0.0214018,-0.00233001,0.0658824,-1.02206
1476,-59.3707,335.737,0.00138839,0.0416667,1.54167,0.158945,1.42931,0.00084309,-0.0101999,4.63598,5.85277e-05,0.0181983,0.358344,11663.5,0.647948,0.405596,-0.2,0.15,1,1434.37,1.81371e+07,0.0869094,0.00216073,0,0.00372381,-0.277841,nan,-0.00930579,nan,nan,nan,nan,-0.0179902,-0.0634567,-0.0188375,nan,-0.148512,-0.000342105,-0.162921,-0.382791,nan,-1.06832,-0.0803157,-0.523433,-0.108211,0.0191292,-0.00221976,0.0652632,-1.06866
1477,-53.2611,343.057,0.00136803,0.125,1.33333,0.151896,1.46194,0.000756581,-0.00938384,4.63438,5.85277e-05,0.00730368,0.35832,12074.5,0.693055,0.324625,-0.2,0.15,1,1435.38,1.81494e+07,0.07716,0.00206041,0,0.00423375,-0.285084,nan,-0.0101046,nan,nan,nan,nan,-0.0202557,-0.0718049,-0.021174,nan,-0.151597,-0.000314286,-0.168376,-0.392024,nan,-0.854557,-0.0798626,-0.538813,-0.110229,0.0205588,-0.00230927,0.0808571,-0.824943
1478,-46.5603,310.833,0.0012774,0.0833333,1.16667,0.147294,1.44088,0.000830702,-0.0102145,4.63429,5.85277e-05,0.0133776,0.358344,12249,0.669629,0.333554,-0.2,0.15,1,1436.39,1.81617e+07,0.0808225,0.00188316,0,0.00409153,-0.257363,nan,-0.00928333,nan,nan,nan,nan,-0.0185968,-0.0650232,-0.019988,nan,-0.137691,-0.000133333,-0.148673,-0.359002,nan,-0.726943,-0.0708126,-0.488621,-0.0989333,0.0184966,-0.00190998,0.0695,-0.499175
1479,-61.2089,350.059,0.00145307,0.166667,1.25,0.150953,1.44314,0.0007514,-0.00987587,4.6349,5.85277e-05,0.0145662,0.358352,13477.8,0.648693,0.263028,-0.2,0.15,1,1437.3,1.8174e+07,0.0784317,0.0021954,0,0.00408147,-0.288625,nan,-0.00951176,nan,nan,nan,nan,-0.0178756,-0.0609813,-0.0193664,nan,-0.154328,-0.000264706,-0.16828,-0.404015,nan,-1.0873,-0.0822644,-0.544274,-0.113147,0.0203747,-0.00231658,0.0692647,-1.06625
1480,-65.2203,421.452,0.00118863,0.125,1.16667,0.15318,1.43522,0.000727292,-0.00969407,4.63466,5.85277e-05,0.0127244,0.358363,13212.6,0.606248,0.323771,-0.2,0.15,1,1438.23,1.81862e+07,0.084358,0.00233205,0,0.00523646,-0.352186,nan,-0.0120355,nan,nan,nan,nan,-0.0255206,-0.0963039,-0.0267705,nan,-0.186804,-0.000741935,-0.198583,-0.497662,nan,-1.01426,-0.0963788,-0.662797,-0.138613,0.024425,-0.00258376,0.100484,-0.645591
1481,-69.8775,376.658,0.00116404,0.166667,1.41667,0.15482,1.44031,0.000667459,-0.0102827,4.63414,5.85277e-05,0.0111467,0.35829,10642.7,0.732768,0.42183,-0.2,0.15,1,1439.39,1.81985e+07,0.0884166,0.00219555,0,0.00410078,-0.314712,nan,-0.00966105,nan,nan,nan,nan,-0.0200873,-0.0726174,-0.0205207,nan,-0.167318,-0.000763158,-0.182354,-0.441477,nan,-1.28357,-0.0918896,-0.592519,-0.126605,0.0222816,-0.00235494,0.0764474,-1.05482
1482,-51.7789,330.765,0.00127688,0.125,1.29167,0.156526,1.43839,0.00068083,-0.00897557,4.63109,5.85277e-05,0.0117673,0.358218,11314.7,0.720131,0.36589,-0.2,0.15,1,1440.48,1.82108e+07,0.0746662,0.00241338,0,0.0040518,-0.274977,nan,-0.00999118,nan,nan,nan,nan,-0.0187559,-0.0688768,-0.0211741,nan,-0.146498,-0.000617647,-0.161053,-0.38544,nan,-0.833877,-0.0765853,-0.519975,-0.108765,0.0200162,-0.00206759,0.0725,-0.505991
1483,-60.2677,375.968,0.00148204,0.125,1.16667,0.158186,1.43461,0.000816868,-0.00951047,4.62931,5.85277e-05,0.016494,0.358176,11576,0.737782,0.323725,-0.2,0.15,1,1441.54,1.82231e+07,0.0858472,0.00245692,0,0.00425682,-0.308792,nan,-0.0107303,nan,nan,nan,nan,-0.0225793,-0.0812987,-0.0229728,nan,-0.166732,-0.000225806,-0.1818,-0.443902,nan,-0.984401,-0.0928533,-0.590352,-0.125548,0.0221728,-0.00246051,0.0890323,-0.707194
1484,-78.0729,413.387,0.00139328,0.125,1.16667,0.150609,1.45625,0.00078679,-0.0110343,4.62729,5.85277e-05,0.0165481,0.358089,11803.4,0.746416,0.294643,-0.2,0.15,1,1442.58,1.82354e+07,0.0903228,0.00271221,0,0.00445925,-0.342137,nan,-0.0102716,nan,nan,nan,nan,-0.0214839,-0.079342,-0.0221097,nan,-0.183437,-0.000483871,-0.204472,-0.489458,nan,-1.43772,-0.0982163,-0.651696,-0.135548,0.0239034,-0.00263305,0.0727419,-1.29822
1485,-61.9105,356.676,0.00134016,0.0416667,1.375,0.156097,1.41968,0.000881043,-0.00939856,4.624,5.85277e-05,0.00790489,0.357997,11748.9,0.685214,0.360667,-0.2,0.15,1,1443.63,1.82477e+07,0.086696,0.00215679,0,0.00403231,-0.295697,nan,-0.00918235,nan,nan,nan,nan,-0.0202305,-0.0714382,-0.0202258,nan,-0.158297,-0.000294118,-0.169236,-0.408574,nan,-1.08326,-0.0926218,-0.562271,-0.113618,0.0207732,-0.00216221,0.0727941,-1.03838
1486,-49.1703,271.188,0.00138368,0.0833333,1.25,0.156333,1.44483,0.000894197,-0.010891,4.62148,5.85277e-05,0.0130703,0.357965,11925.3,0.694957,0.335459,-0.2,0.15,1,1444.66,1.826e+07,0.0608669,0.00194783,0,0.00312333,-0.224048,nan,-0.00701,nan,nan,nan,nan,-0.0146684,-0.0519355,-0.0148745,nan,-0.120077,-0.0004375,-0.130105,-0.321046,nan,-0.885704,-0.0682915,-0.423842,-0.089875,0.0159862,-0.0017343,0.0504687,-0.949029
1487,-75.6328,444.179,0.00122364,0.125,1.04167,0.150528,1.44274,0.000720973,-0.00965299,4.62103,5.85277e-05,0.0110889,0.357964,11614,0.696766,0.361266,-0.2,0.15,1,1445.72,1.82723e+07,0.110897,0.00298429,0,0.0051579,-0.368416,nan,-0.0117693,nan,nan,nan,nan,-0.0240733,-0.0892385,-0.0255431,nan,-0.197444,-0.000285714,-0.200833,-0.518293,nan,-1.30778,-0.10152,-0.700566,-0.142143,0.026093,-0.00273872,0.0944643,-1.54275
1488,-48.7266,281.829,0.00140065,0.0833333,1.375,0.151077,1.42586,0.000858657,-0.0105577,4.62091,5.85277e-05,0.0138246,0.357998,13506.2,0.643227,0.26658,-0.2,0.15,1,1446.63,1.82845e+07,0.0804939,0.00166995,0,0.00336584,-0.234695,nan,-0.00736114,nan,nan,nan,nan,-0.0152034,-0.0550186,-0.0158705,nan,-0.124927,-0.000285714,-0.125108,-0.331245,nan,-0.85051,-0.0688059,-0.444147,-0.0978286,0.0160231,-0.00170435,0.0572857,-0.707819
1489,-60.9121,364.346,0.00140389,0.0833333,1,0.155369,1.43416,0.000745177,-0.0105066,4.62085,5.85277e-05,0.00678237,0.357948,13923.1,0.626706,0.255856,-0.2,0.15,1,1447.52,1.82968e+07,0.0767707,0.00265024,0,0.00386765,-0.301206,nan,-0.0101854,nan,nan,nan,nan,-0.0216849,-0.0778072,-0.0217741,nan,-0.162176,-0.00123077,-0.173681,-0.427408,nan,-1.02735,-0.0938383,-0.575593,-0.114962,0.0213006,-0.00243117,0.0763462,-0.699455
1490,-40.5881,274.038,0.00136562,0.0416667,1.04167,0.151811,1.46091,0.000742636,-0.00958805,4.61788,5.85277e-05,0.013758,0.357848,12934,0.666551,0.283505,-0.2,0.15,1,1448.47,1.83091e+07,0.0644732,0.00176145,0,0.00384536,-0.226834,nan,-0.00770538,nan,nan,nan,nan,-0.0175,-0.062657,-0.0174075,nan,-0.122366,-0.000538462,-0.118223,-0.320758,nan,-0.613088,-0.0730844,-0.431991,-0.0932692,0.016121,-0.00183238,0.0644231,-0.63072
1491,-62.7784,331.25,0.00120595,0.0416667,0.958333,0.154059,1.43139,0.000709107,-0.0102207,4.61494,5.85277e-05,0.0140026,0.357776,14666.9,0.598919,0.238886,-0.2,0.15,1,1449.31,1.83214e+07,0.0751845,0.00215465,0,0.00358674,-0.273141,nan,-0.00784,nan,nan,nan,nan,-0.0171808,-0.0581604,-0.0171753,nan,-0.147402,-8.33333e-05,-0.141367,-0.389492,nan,-1.16895,-0.0824959,-0.521975,-0.105083,0.01803,-0.00209619,0.0577083,-0.968388
1492,-55.3005,341.136,0.00131514,0,0.916667,0.150011,1.45205,0.000797288,-0.00960803,4.6136,5.85277e-05,0.00750057,0.357773,11371.5,0.712029,0.368568,-0.2,0.15,1,1450.39,1.83337e+07,0.0850038,0.00210727,0,0.0042842,-0.282311,nan,-0.00910273,nan,nan,nan,nan,-0.0204177,-0.0719862,-0.0203359,nan,-0.151697,-0.000136364,-0.159963,-0.402572,nan,-0.912884,-0.0872345,-0.540457,-0.108409,0.0204313,-0.00226233,0.075,-0.667636
1493,-76.7152,444.143,0.0012915,0.208333,1.54167,0.153402,1.44843,0.000738093,-0.0100661,4.61339,5.85277e-05,0.0138688,0.35774,11105.8,0.713249,0.393197,-0.2,0.15,1,1451.5,1.8346e+07,0.108404,0.00333949,0,0.00517129,-0.368042,nan,-0.0122314,nan,nan,nan,nan,-0.0234007,-0.0834349,-0.0254424,nan,-0.196728,-0.000380952,-0.206362,-0.507132,nan,-1.35568,-0.0992862,-0.699041,-0.147095,0.0257007,-0.00268754,0.0891667,-1.10041
1494,-57.3009,338.556,0.00124981,0.0833333,1.04167,0.156397,1.44793,0.000709811,-0.00996493,4.61181,5.85277e-05,0.0132069,0.357705,12136.3,0.677175,0.335326,-0.2,0.15,1,1452.51,1.83583e+07,0.0822906,0.00214891,0,0.0038022,-0.281835,nan,-0.0089,nan,nan,nan,nan,-0.0195111,-0.0713793,-0.0203622,nan,-0.150558,-0.000740741,-0.153561,-0.401845,nan,-0.984156,-0.0844767,-0.5384,-0.109778,0.0196196,-0.00221621,0.0759259,-0.746251
1495,-64.468,370.29,0.00127946,0.125,1.16667,0.153711,1.42448,0.000750975,-0.00942912,4.61102,5.85277e-05,0.0160157,0.357675,12611.6,0.635811,0.338531,-0.2,0.15,1,1453.49,1.83706e+07,0.0952715,0.00218679,0,0.00415033,-0.308004,nan,-0.00968387,nan,nan,nan,nan,-0.020154,-0.0771377,-0.0213634,nan,-0.164701,-0.000258065,-0.166989,-0.43654,nan,-1.13926,-0.0884888,-0.584766,-0.122968,0.0214649,-0.00227288,0.0769355,-0.791412
1496,-77.0997,427.488,0.00129339,0.208333,1.58333,0.153796,1.43428,0.000783433,-0.0092144,4.61023,5.85277e-05,0.015698,0.357668,10964.1,0.713975,0.406778,-0.2,0.15,1,1454.61,1.83828e+07,0.0997937,0.00239408,0,0.00477392,-0.354575,nan,-0.0111498,nan,nan,nan,nan,-0.0233731,-0.0863633,-0.0237489,nan,-0.189763,-0.000860465,-0.195623,-0.503707,nan,-1.39734,-0.100784,-0.674253,-0.143721,0.0245925,-0.00263756,0.0948837,-1.23551
1497,-63.311,353.586,0.00123416,0.0416667,1.16667,0.154285,1.40702,0.000718995,-0.00957273,4.61014,5.85277e-05,0.0148379,0.357673,12315.5,0.670172,0.327592,-0.2,0.15,1,1455.61,1.83951e+07,0.0779339,0.00244698,0,0.0037166,-0.294117,nan,-0.00919448,nan,nan,nan,nan,-0.0188267,-0.0667127,-0.0194653,nan,-0.15698,-0.000137931,-0.156414,-0.413805,nan,-1.14365,-0.0827871,-0.556855,-0.120414,0.0213362,-0.00212952,0.0768966,-0.888543
1498,-80.3921,472.345,0.00142468,0.125,1.08333,0.15134,1.42213,0.0008824,-0.00891653,4.61017,5.85277e-05,0.013191,0.357678,12548.7,0.680507,0.298714,-0.2,0.15,1,1456.59,1.84074e+07,0.109051,0.00314324,0,0.00563496,-0.394365,nan,-0.0134662,nan,nan,nan,nan,-0.0259995,-0.101711,-0.0281196,nan,-0.209494,0,-0.207913,-0.554726,nan,-1.39421,-0.108332,-0.738299,-0.156034,0.0269595,-0.00290268,0.103276,-0.963085
1499,-66.7175,406.75,0.00133985,0.0833333,1.41667,0.152052,1.42813,0.000792242,-0.00997895,4.60944,5.85277e-05,0.0118048,0.357638,14223.7,0.61215,0.25176,-0.2,0.15,1,1457.46,1.84197e+07,0.0917323,0.00279557,0,0.00464911,-0.33859,nan,-0.0112439,nan,nan,nan,nan,-0.0238021,-0.0878885,-0.0247581,nan,-0.180956,-0.000611111,-0.186051,-0.470143,nan,-1.12214,-0.0930898,-0.643775,-0.133889,0.0232685,-0.00251155,0.0904167,-0.917163
1500,-78.4915,444.773,0.00139798,0.166667,1.66667,0.152937,1.4389,0.000899392,-0.00947449,4.60763,5.85277e-05,0.0101834,0.357584,15374.9,0.559541,0.239684,-0.2,0.15,1,1458.26,1.8432e+07,0.109691,0.00295939,0,0.00478897,-0.371409,nan,-0.0119923,nan,nan,nan,nan,-0.0241986,-0.0901381,-0.0248461,nan,-0.197053,-0.000568182,-0.203016,-0.5164,nan,-1.41329,-0.0985988,-0.699552,-0.145682,0.0250891,-0.00280928,0.0997727,-1.34684
1501,-72.1749,357.581,0.00106455,0.125,1.16667,0.151278,1.39458,0.000663022,-0.0103856,4.60692,3.90184e-05,0.0220161,0.357602,13891.5,0.63477,0.249797,-0.4,0.2,1,1460.9,1.84443e+07,0.0837953,0.00239501,0,0.00323683,-0.311041,nan,-0.00846645,nan,nan,nan,nan,-0.0171788,-0.0631827,-0.0175998,nan,-0.159202,-0.000516129,-0.164516,-0.41033,nan,-1.41046,-0.0871451,-0.567337,-0.116871,0.0219729,-0.0022548,0.0645161,-1.06964
1502,-103.106,593.821,0.00115425,0.25,0.916667,0.155405,1.42946,0.000664508,-0.0090798,4.60742,3.90184e-05,0.0078354,0.35759,13776.2,0.642593,0.249382,-0.4,0.2,1,1461.8,1.84566e+07,0.158908,0.00376895,0,0.00616914,-0.522176,nan,-0.016155,nan,nan,nan,nan,-0.0316772,-0.121372,-0.0339348,nan,-0.262939,-0.000964286,-0.278592,-0.686214,nan,-1.82508,-0.131946,-0.931427,-0.192357,0.0340195,-0.00397696,0.125179,-1.38295
1503,-64.3792,347.714,0.00114554,0.0416667,1.41667,0.156221,1.37255,0.00066204,-0.00799814,4.6059,3.90184e-05,0.0119475,0.357512,13193.5,0.659428,0.271939,-0.4,0.2,1,1462.73,1.84689e+07,0.0941555,0.00176844,0,0.00387847,-0.335219,nan,-0.00870229,nan,nan,nan,nan,-0.0184207,-0.0669947,-0.0188445,nan,-0.154355,-0.000285714,-0.15773,-0.401464,nan,-1.16891,-0.0815434,-0.55014,-0.111114,0.0193249,-0.00214598,0.0681429,-1.05115
1504,-64.8966,369.242,0.000893385,0,1.375,0.155319,1.40474,0.000562377,-0.00766485,4.60335,3.90184e-05,0.00902625,0.357458,14109.9,0.589525,0.281352,-0.4,0.2,1,1463.6,1.84812e+07,0.0836124,0.00248756,0,0.00442158,-0.377811,nan,-0.0100806,nan,nan,nan,nan,-0.0204968,-0.073387,-0.0213144,nan,-0.164204,-0.000242424,-0.158719,-0.425105,nan,-1.10667,-0.0848922,-0.582556,-0.116939,0.0204207,-0.00233528,0.070303,-1.16046
1505,-66.6,363.525,0.000988834,0.0833333,1.58333,0.154979,1.40742,0.000622251,-0.00843638,4.60204,3.90184e-05,0.0124175,0.357436,13671.3,0.640204,0.258611,-0.4,0.2,1,1464.5,1.84934e+07,0.0912558,0.00249172,0,0.00379375,-0.386923,nan,-0.0097655,nan,nan,nan,nan,-0.0198131,-0.071852,-0.0201303,nan,-0.16166,-0.000625,-0.171128,-0.418673,nan,-1.17295,-0.0871567,-0.572223,-0.1199,0.0215142,-0.00234718,0.072,-1.11239
1506,-58.6864,320.958,0.000980829,0.0416667,0.958333,0.151185,1.44517,0.000548332,-0.00941298,4.60123,3.90184e-05,0.00796499,0.357393,14401.2,0.589344,0.26392,-0.4,0.2,1,1465.36,1.85057e+07,0.0803685,0.00179861,0,0.00368127,-0.371375,nan,-0.00867583,nan,nan,nan,nan,-0.0179407,-0.0640291,-0.0179834,nan,-0.143102,-0.000125,-0.138252,-0.381502,nan,-0.999329,-0.0815477,-0.506182,-0.107083,0.018331,-0.00196897,0.0597917,-1.55516
1507,-66.1246,380.436,0.00106277,0.0833333,1.54167,0.147194,1.43505,0.000603313,-0.00824393,4.59957,3.90184e-05,0.00924202,0.357345,14273.1,0.597919,0.263002,-0.4,0.2,1,1466.22,1.8518e+07,0.0841266,0.0025885,0,0.00441268,-0.434531,nan,-0.0104785,nan,nan,nan,nan,-0.0215054,-0.0768469,-0.0226559,nan,-0.169128,-0.000410256,-0.173224,-0.451924,nan,-1.08146,-0.0922017,-0.602518,-0.12641,0.0219573,-0.00243647,0.0901282,-0.864091
1508,-56.3336,323.333,0.00106137,0.125,1.375,0.149501,1.40503,0.000616204,-0.00794785,4.59806,3.90184e-05,0.0081242,0.357303,14669.6,0.591714,0.245937,-0.4,0.2,1,1467.06,1.85303e+07,0.0694145,0.00222904,0,0.00379208,-0.386151,nan,-0.00811778,nan,nan,nan,nan,-0.0187203,-0.0700173,-0.019263,nan,-0.143831,-0.000722222,-0.145153,-0.384105,nan,-0.907999,-0.0714186,-0.517646,-0.111667,0.0192949,-0.00209415,0.07,-0.700228
1509,-77.8339,409.432,0.000967527,0.166667,1.375,0.144738,1.44518,0.000563397,-0.00765666,4.59695,3.90184e-05,0.0112876,0.357283,15107.5,0.567667,0.245706,-0.4,0.2,1,1467.87,1.85426e+07,0.100073,0.00271611,0,0.00419922,-0.488578,nan,-0.0103562,nan,nan,nan,nan,-0.0219126,-0.0806268,-0.0223097,nan,-0.182227,-0.000378378,-0.191339,-0.485073,nan,-1.36797,-0.0982415,-0.649413,-0.130703,0.0229018,-0.00267044,0.0906757,-1.08286
1510,-47.969,262.097,0.00103626,0.0833333,1.20833,0.149007,1.40642,0.000680325,-0.00821631,4.59592,3.90184e-05,0.00949132,0.357237,15155,0.56759,0.243229,-0.4,0.2,1,1468.68,1.85549e+07,0.0627208,0.00183867,0,0.00293837,-0.337852,nan,-0.00738839,nan,nan,nan,nan,-0.0144195,-0.0497957,-0.0148792,nan,-0.115864,-0.000322581,-0.123078,-0.310035,nan,-0.804727,-0.0602553,-0.412712,-0.0861613,0.0154531,-0.00156537,0.0545161,-0.871821
1511,-68.9383,370.361,0.000927224,0.0833333,1.41667,0.150404,1.41036,0.000557488,-0.00796391,4.59361,3.90184e-05,0.0112518,0.357161,14278.1,0.614072,0.246545,-0.4,0.2,1,1469.55,1.85672e+07,0.0955997,0.00257397,0,0.00403922,-0.478587,nan,-0.00976222,nan,nan,nan,nan,-0.0203965,-0.0743744,-0.0203543,nan,-0.164878,-0.00025,-0.169291,-0.433331,nan,-1.17008,-0.0928434,-0.585461,-0.125139,0.0224249,-0.00234726,0.0819444,-1.00277
1512,-59.9492,309.049,0.00104758,0.0416667,1.66667,0.148476,1.44741,0.000597183,-0.00905705,4.59113,3.90184e-05,0.0148021,0.357108,15005.7,0.579111,0.239778,-0.4,0.2,1,1470.37,1.85795e+07,0.0745584,0.00230736,0,0.00337369,-0.419041,nan,-0.00790976,nan,nan,nan,nan,-0.0167558,-0.0611225,-0.0166908,nan,-0.137452,-0.000365854,-0.147195,-0.363162,nan,-1.03965,-0.0766012,-0.490257,-0.100683,0.0185461,-0.00193746,0.0623171,-1.14693
1513,-65.4112,305.938,0.000955781,0.0416667,1.29167,0.147153,1.45369,0.000571181,-0.00908387,4.58948,3.90184e-05,0.0114393,0.357053,15278.2,0.558004,0.246279,-0.4,0.2,1,1471.17,1.85917e+07,0.0726645,0.00190614,0,0.00311451,-0.4276,nan,-0.00741563,nan,nan,nan,nan,-0.0146026,-0.0532115,-0.015248,nan,-0.135671,-0.00071875,-0.138809,-0.359748,nan,-1.21507,-0.0768536,-0.477231,-0.0994687,0.0183558,-0.00190113,0.0554687,-1.27528
1514,-73.9901,362.265,0.000945264,0.125,1.29167,0.148557,1.41044,0.000546367,-0.00792902,4.58707,3.90184e-05,0.00509034,0.356963,15066.9,0.56547,0.250092,-0.4,0.2,1,1471.99,1.8604e+07,0.0942654,0.00252911,0,0.00396135,-0.499219,nan,-0.00909765,nan,nan,nan,nan,-0.0174924,-0.0656939,-0.0190338,nan,-0.16097,-0.000235294,-0.163895,-0.418302,nan,-1.35009,-0.0816026,-0.568788,-0.117088,0.0205606,-0.00221824,0.0698529,-0.945067
1515,-67.3087,342.806,0.00095259,0.0416667,1.45833,0.149018,1.43461,0.000504308,-0.00813703,4.5841,3.90184e-05,0.0119373,0.356881,15152.5,0.567624,0.24333,-0.4,0.2,1,1472.8,1.86163e+07,0.0890265,0.00212822,0,0.00372258,-0.492922,nan,-0.00852056,nan,nan,nan,nan,-0.0181388,-0.0654756,-0.0183549,nan,-0.152425,-0.000111111,-0.163788,-0.394652,nan,-1.16774,-0.0841634,-0.537869,-0.109639,0.0192246,-0.00224219,0.0622222,-0.977153
1516,-63.719,331.321,0.0010997,0,1.16667,0.145466,1.41613,0.000623953,-0.00944467,4.58156,3.90184e-05,0.0131058,0.356822,15212.1,0.564575,0.243202,-0.4,0.2,1,1473.61,1.86286e+07,0.0814232,0.00208293,0,0.0036217,-0.475092,nan,-0.00886857,nan,nan,nan,nan,-0.0169355,-0.0592334,-0.0177869,nan,-0.147385,0,-0.14828,-0.375077,nan,-1.08736,-0.0750035,-0.52451,-0.108964,0.0189325,-0.00201385,0.0657143,-0.792178
1517,-86.0187,403.32,0.000958492,0.0416667,1,0.145358,1.41751,0.000532137,-0.0088979,4.57959,3.90184e-05,0.0116284,0.356769,15309,0.559798,0.242867,-0.4,0.2,1,1474.41,1.86409e+07,0.09193,0.00328599,0,0.00417656,-0.593651,nan,-0.0092864,nan,nan,nan,nan,-0.0202034,-0.0733161,-0.019946,nan,-0.179505,-0.00012,-0.183396,-0.474847,nan,-1.57421,-0.100315,-0.639559,-0.13176,0.022924,-0.00266275,0.087,-1.40965
1518,-75.6925,392.375,0.000957192,0.166667,1.16667,0.147012,1.41901,0.000522518,-0.00846465,4.57768,3.90184e-05,0.0144501,0.356724,14061.5,0.570012,0.303865,-0.4,0.2,1,1475.29,1.86532e+07,0.103181,0.00239354,0,0.00424745,-0.551295,nan,-0.00996938,nan,nan,nan,nan,-0.0198715,-0.0748832,-0.0207411,nan,-0.174596,-0.000625,-0.17446,-0.457643,nan,-1.30583,-0.0884714,-0.619939,-0.126469,0.0225832,-0.00251224,0.0764063,-0.901253
1519,-76.6975,419.057,0.00103116,0.208333,1.25,0.149877,1.42074,0.00055948,-0.00855108,4.576,3.90184e-05,0.0145285,0.356664,11066.8,0.674009,0.436338,-0.4,0.2,1,1476.4,1.86655e+07,0.0979046,0.00294539,0,0.00480267,-0.583747,nan,-0.0106971,nan,nan,nan,nan,-0.0230685,-0.0855768,-0.0234972,nan,-0.18612,-0.0008,-0.200001,-0.484349,nan,-1.26168,-0.098382,-0.660346,-0.1402,0.0241526,-0.00276702,0.0982857,-0.96008
1520,-65.3117,332.029,0.000989837,0.0833333,1.33333,0.146692,1.42826,0.000631408,-0.00780112,4.57387,3.90184e-05,0.0112625,0.356609,12496.4,0.656905,0.326418,-0.4,0.2,1,1477.39,1.86778e+07,0.0819024,0.00238651,0,0.00351295,-0.495,nan,-0.00790176,nan,nan,nan,nan,-0.0174564,-0.0657106,-0.0172217,nan,-0.147305,-0.000323529,-0.161847,-0.389269,nan,-1.11253,-0.0757243,-0.524265,-0.108618,0.0187001,-0.00213741,0.0677941,-0.891282
1521,-51.449,284.645,0.00108164,0.0833333,1.20833,0.144847,1.41127,0.000621372,-0.00795746,4.57193,3.90184e-05,0.0114248,0.356541,12942.1,0.674752,0.27471,-0.4,0.2,1,1478.34,1.869e+07,0.0601146,0.00168817,0,0.00347972,-0.444521,nan,-0.00748129,nan,nan,nan,nan,-0.0166765,-0.0588938,-0.0166774,nan,-0.126388,-0.000225806,-0.132491,-0.340124,nan,-0.790707,-0.0690515,-0.453666,-0.0936129,0.0166416,-0.00189139,0.0653226,-1.03719
1522,-79.1743,400.086,0.00123603,0.0833333,1.375,0.146644,1.47554,0.00067356,-0.00798577,4.56958,3.90184e-05,0.0147398,0.356471,14359.8,0.616178,0.239546,-0.4,0.2,1,1479.2,1.87023e+07,0.112672,0.00250156,0,0.00430548,-0.596889,nan,-0.00962286,nan,nan,nan,nan,-0.0205066,-0.0778269,-0.0214434,nan,-0.177626,-0.000142857,-0.190469,-0.457991,nan,-1.37429,-0.0915125,-0.63019,-0.129286,0.0230497,-0.00262849,0.0804286,-1.2767
1523,-76.2351,413.8,0.00101947,0.208333,1.45833,0.145358,1.42942,0.000578523,-0.00848123,4.56772,3.90184e-05,0.0123466,0.356432,15313.4,0.562555,0.239879,-0.4,0.2,1,1480,1.87146e+07,0.10582,0.00264923,0,0.00467826,-0.624911,nan,-0.0114185,nan,nan,nan,nan,-0.0225163,-0.0853118,-0.0242964,nan,-0.184004,-0.000225,-0.190064,-0.478868,nan,-1.2343,-0.0933352,-0.653747,-0.134,0.0237193,-0.00256843,0.090125,-0.997263
1524,-75.3821,410.724,0.00108636,0.0833333,1.125,0.14665,1.42148,0.000559544,-0.0080221,4.56649,3.90184e-05,0.00698523,0.35639,15490,0.553032,0.240256,-0.4,0.2,1,1480.8,1.87269e+07,0.0918237,0.0024282,0,0.00482699,-0.64569,nan,-0.0112462,nan,nan,nan,nan,-0.0229647,-0.0829567,-0.0241541,nan,-0.182449,-0.000275862,-0.192715,-0.469993,nan,-1.19327,-0.0970736,-0.647967,-0.133655,0.024509,-0.00263132,0.0901724,-0.888775
1525,-86.8408,414.581,0.000868219,0.208333,1.58333,0.147674,1.43551,0.000514611,-0.00874163,4.56515,3.90184e-05,0.0149839,0.356369,15505.4,0.554862,0.237636,-0.4,0.2,1,1481.59,1.87392e+07,0.106412,0.0025079,0,0.00425814,-0.623906,nan,-0.00981209,nan,nan,nan,nan,-0.0202346,-0.0736033,-0.0208159,nan,-0.18371,-0.000325581,-0.186162,-0.482842,nan,-1.56438,-0.0925585,-0.652388,-0.132605,0.0243224,-0.00264345,0.0795349,-1.29782
1526,-65.6346,343.306,0.00108397,0.0833333,1.41667,0.147704,1.40283,0.000596641,-0.00910463,4.56448,3.90184e-05,0.0107741,0.356338,14361.6,0.554009,0.301604,-0.4,0.2,1,1482.45,1.87515e+07,0.0869668,0.00217341,0,0.00378603,-0.539463,nan,-0.00862278,nan,nan,nan,nan,-0.0199043,-0.0707668,-0.018985,nan,-0.153072,-0.000277778,-0.160715,-0.407955,nan,-1.07921,-0.0872219,-0.542167,-0.11675,0.0203873,-0.00211991,0.075,-0.788447
1527,-73.809,392.68,0.00105157,0.125,0.916667,0.143899,1.43353,0.000619206,-0.00785088,4.56326,3.90184e-05,0.010218,0.356313,11345.8,0.658029,0.425013,-0.4,0.2,1,1483.53,1.87638e+07,0.0995373,0.00240273,0,0.00467038,-0.61844,nan,-0.0092104,nan,nan,nan,nan,-0.0215712,-0.0768314,-0.021667,nan,-0.174594,-0.0004,-0.17769,-0.450654,nan,-1.19762,-0.0893732,-0.619246,-0.124,0.0216764,-0.00261466,0.0812,-1.12867
1528,-73.4956,392.594,0.00106951,0.125,1.20833,0.150098,1.44092,0.000681574,-0.00846037,4.56259,3.90184e-05,0.00759431,0.356282,12184,0.645472,0.363065,-0.4,0.2,1,1484.54,1.87761e+07,0.107428,0.00262325,0,0.00439922,-0.623869,nan,-0.0107706,nan,nan,nan,nan,-0.0204924,-0.0794433,-0.0224673,nan,-0.174014,-0.00028125,-0.174821,-0.446224,nan,-1.20019,-0.0869074,-0.616735,-0.125781,0.0223388,-0.00256361,0.0828125,-0.762634
1529,-72.8789,413.235,0.00117403,0.166667,1.25,0.147196,1.44814,0.000602835,-0.00846024,4.56225,3.90184e-05,0.0133595,0.356315,12444.1,0.689733,0.29772,-0.4,0.2,1,1485.53,1.87884e+07,0.115131,0.00287906,0,0.0049664,-0.65099,nan,-0.0119559,nan,nan,nan,nan,-0.0238069,-0.0899303,-0.0247866,nan,-0.182921,-0.000794118,-0.195478,-0.477655,nan,-1.1226,-0.0941628,-0.647282,-0.134088,0.0242064,-0.00270485,0.0945588,-0.855784
1530,-67.6288,371.077,0.00105101,0,1.625,0.146293,1.44343,0.000550676,-0.00790517,4.56304,3.90184e-05,0.0127265,0.356312,12786.3,0.639121,0.321909,-0.4,0.2,1,1486.49,1.88006e+07,0.105585,0.00234724,0,0.00461252,-0.6063,nan,-0.00980718,nan,nan,nan,nan,-0.0218992,-0.0811868,-0.0220081,nan,-0.16488,-0.000230769,-0.170314,-0.432339,nan,-1.05015,-0.0899244,-0.584901,-0.119872,0.020759,-0.00257296,0.0824359,-0.782563
1531,-75.8287,378.529,0.0010831,0.0416667,1.375,0.150755,1.42458,0.000580292,-0.00757054,4.5624,3.90184e-05,0.0106465,0.356301,12492.4,0.65526,0.328379,-0.4,0.2,1,1487.48,1.88129e+07,0.109796,0.00229408,0,0.00407531,-0.618156,nan,-0.00956471,nan,nan,nan,nan,-0.0197451,-0.0703795,-0.0200653,nan,-0.168124,-0.000470588,-0.179713,-0.431579,nan,-1.30444,-0.0871944,-0.596698,-0.124588,0.0217268,-0.00253274,0.0829412,-0.991277
1532,-71.2405,367.324,0.00115453,0.0416667,1.375,0.150813,1.43015,0.000585763,-0.00740725,4.56177,3.90184e-05,0.0123765,0.356276,11892,0.675949,0.357354,-0.4,0.2,1,1488.51,1.88252e+07,0.102894,0.00221627,0,0.00406164,-0.607157,nan,-0.00961765,nan,nan,nan,nan,-0.0194928,-0.0705812,-0.0200792,nan,-0.162766,-5.88235e-05,-0.180033,-0.421355,nan,-1.18104,-0.0838463,-0.578647,-0.122118,0.0217331,-0.0023462,0.0752941,-1.16764
1533,-69.256,352.091,0.00110437,0.0833333,1.29167,0.145841,1.45094,0.000608737,-0.00775279,4.5609,3.90184e-05,0.00692951,0.356261,12191.5,0.680581,0.327334,-0.4,0.2,1,1489.52,1.88375e+07,0.0937754,0.00228171,0,0.00382643,-0.568651,nan,-0.00972242,nan,nan,nan,nan,-0.0181532,-0.0683027,-0.0191668,nan,-0.156112,-0.000787879,-0.16588,-0.413069,nan,-1.16331,-0.0857538,-0.552032,-0.112879,0.020843,-0.00235515,0.0763636,-0.76304
1534,-83.3364,418.143,0.00108922,0.0833333,1.08333,0.144696,1.4769,0.000593551,-0.00767031,4.56039,3.90184e-05,0.0138708,0.356246,12469.5,0.657519,0.327923,-0.4,0.2,1,1490.51,1.88498e+07,0.114747,0.00275828,0,0.00468364,-0.671999,nan,-0.00996929,nan,nan,nan,nan,-0.0211305,-0.0772287,-0.0221682,nan,-0.185661,-0.000214286,-0.199393,-0.487745,nan,-1.42271,-0.0930285,-0.656959,-0.134929,0.0232012,-0.00273637,0.0853571,-1.92122
1535,-59.1202,276.55,0.00103061,0.0833333,1.58333,0.146556,1.42768,0.000619676,-0.00844117,4.55953,3.90184e-05,0.0108241,0.356207,11861.7,0.70237,0.333566,-0.4,0.2,1,1491.55,1.88621e+07,0.0711802,0.00215288,0,0.00292633,-0.450221,nan,-0.0063835,nan,nan,nan,nan,-0.0129704,-0.0466128,-0.0135781,nan,-0.122905,0,-0.131398,-0.317146,nan,-1.0623,-0.0662911,-0.433816,-0.0896,0.0162218,-0.00171589,0.053125,-0.866697
1536,-66.6194,340.588,0.00112456,0.166667,1.25,0.152835,1.47038,0.000569968,-0.0082886,4.55816,3.90184e-05,0.0080161,0.356173,14284.7,0.611646,0.248574,-0.4,0.2,1,1492.41,1.88744e+07,0.0857615,0.00222369,0,0.00369239,-0.55362,nan,-0.00845353,nan,nan,nan,nan,-0.0185227,-0.0649756,-0.0181454,nan,-0.151006,-0.000147059,-0.165142,-0.39188,nan,-1.10937,-0.0785079,-0.537779,-0.113647,0.0191002,-0.00225813,0.075,-1.14576
1537,-57.9115,299.281,0.000989566,0.0416667,1.29167,0.150288,1.44768,0.000542312,-0.00865801,4.55759,3.90184e-05,0.0147594,0.356172,14186.2,0.56498,0.301211,-0.4,0.2,1,1493.28,1.88867e+07,0.0850468,0.00206398,0,0.00331202,-0.496607,nan,-0.00793875,nan,nan,nan,nan,-0.0164405,-0.0588531,-0.0167601,nan,-0.132693,-0.00034375,-0.144325,-0.347877,nan,-0.954277,-0.0770682,-0.469481,-0.0977187,0.0176814,-0.00193926,0.0734375,-0.815347
1538,-72.4614,407.094,0.00112948,0.0833333,1.25,0.145839,1.43892,0.000652208,-0.0078485,4.55677,3.90184e-05,0.00884099,0.356121,10839.1,0.688006,0.445664,-0.4,0.2,1,1494.41,1.88989e+07,0.104723,0.00275998,0,0.00493297,-0.674593,nan,-0.0108738,nan,nan,nan,nan,-0.0247339,-0.0917678,-0.0243548,nan,-0.180876,-0.000125,-0.192534,-0.471753,nan,-1.08746,-0.0963981,-0.641359,-0.132469,0.0231293,-0.00270246,0.0896875,-0.988822
1539,-73.8274,364.195,0.00107562,0.0416667,1.66667,0.144834,1.42054,0.000627777,-0.00803272,4.55461,3.90184e-05,0.0133071,0.356062,12569.7,0.651629,0.32596,-0.4,0.2,1,1495.39,1.89112e+07,0.0916925,0.00228773,0,0.00393466,-0.605691,nan,-0.00905317,nan,nan,nan,nan,-0.0188406,-0.064351,-0.0187908,nan,-0.161244,-0.000365854,-0.172408,-0.41456,nan,-1.26759,-0.0854208,-0.56838,-0.114683,0.0200346,-0.00234648,0.0687805,-1.0233
1540,-60.9873,332.281,0.00103309,0.0416667,1.29167,0.148954,1.40899,0.000588221,-0.00801776,4.55295,3.90184e-05,0.0131548,0.356034,13250.1,0.649106,0.278283,-0.4,0.2,1,1496.32,1.89235e+07,0.0865327,0.00206848,0,0.00408287,-0.550379,nan,-0.00944,nan,nan,nan,nan,-0.0188476,-0.0656106,-0.0197796,nan,-0.147238,-0.00034375,-0.153519,-0.375763,nan,-0.963613,-0.0783073,-0.518049,-0.103281,0.018983,-0.00204156,0.0767188,-0.926153
1541,-67.3095,391.069,0.00107479,0.166667,1.04167,0.14638,1.42692,0.000585048,-0.00782356,4.55215,3.90184e-05,0.0123707,0.356003,14942.2,0.585022,0.237348,-0.4,0.2,1,1497.14,1.89358e+07,0.0785109,0.0024295,0,0.00504899,-0.644225,nan,-0.0119152,nan,nan,nan,nan,-0.022886,-0.0791556,-0.0238494,nan,-0.172736,-0.000103448,-0.188025,-0.44812,nan,-0.971643,-0.0910674,-0.610167,-0.128897,0.0224406,-0.00239231,0.0932759,-0.623503
1542,-86.0715,416.053,0.00101624,0.166667,1.41667,0.14897,1.43495,0.000643834,-0.0080743,4.55167,3.90184e-05,0.0112772,0.356014,15379.6,0.559186,0.239792,-0.4,0.2,1,1497.94,1.89481e+07,0.115703,0.00279116,0,0.00443171,-0.68742,nan,-0.00992,nan,nan,nan,nan,-0.0212748,-0.0752272,-0.0215194,nan,-0.184771,-5.26316e-05,-0.200935,-0.479951,nan,-1.49082,-0.100937,-0.654092,-0.130342,0.0224886,-0.00280102,0.0769737,-1.18028
1543,-73.1524,387.081,0.00100535,0.0833333,1.45833,0.152658,1.4132,0.0005541,-0.00764222,4.55175,3.90184e-05,0.0134848,0.35599,12536.2,0.628083,0.352117,-0.4,0.2,1,1498.92,1.89604e+07,0.101186,0.00248863,0,0.00451116,-0.647088,nan,-0.0105697,nan,nan,nan,nan,-0.0211202,-0.0766694,-0.0220308,nan,-0.17147,-0.000162162,-0.189348,-0.446716,nan,-1.17407,-0.0927963,-0.603714,-0.124378,0.0222301,-0.00251766,0.09,-0.910751
1544,-61.3122,281.306,0.001052,0.0416667,1.45833,0.147944,1.42132,0.000567895,-0.00723619,4.55034,5.85277e-05,0.00476089,0.355948,11781.1,0.711729,0.331293,-0.4,0.2,1,1499.97,1.89727e+07,0.0727367,0.00167814,0,0.00281857,-0.46341,nan,-0.00686833,nan,nan,nan,nan,-0.0135448,-0.0446203,-0.0138977,nan,-0.124769,-0.000166667,-0.134892,-0.329625,nan,-1.10527,-0.0702886,-0.439567,-0.0871111,0.015471,-0.00181142,0.0470833,-1.02339
1545,-78.9186,406.273,0.00107808,0.125,1.25,0.148411,1.39495,0.000580535,-0.00866943,4.54856,5.85277e-05,0.0154805,0.355904,12627.1,0.64317,0.329978,-0.4,0.2,1,1500.94,1.8985e+07,0.109505,0.00240337,0,0.00437899,-0.663663,nan,-0.0105533,nan,nan,nan,nan,-0.0216332,-0.074695,-0.0225864,nan,-0.179508,-0.000212121,-0.201072,-0.465837,nan,-1.31336,-0.0936766,-0.630171,-0.125152,0.0223618,-0.00256505,0.079697,-1.07878
1546,-68.9955,359.362,0.00100823,0.125,1.83333,0.150235,1.39812,0.000601059,-0.00991043,4.54672,5.85277e-05,0.019538,0.355853,13335.3,0.644459,0.277003,-0.4,0.2,1,1501.87,1.89972e+07,0.0891007,0.0020792,0,0.00397105,-0.591709,nan,-0.00962213,nan,nan,nan,nan,-0.0187101,-0.0657598,-0.0199643,nan,-0.15916,-0.000425532,-0.171844,-0.415065,nan,-1.11854,-0.0819807,-0.560154,-0.11483,0.0197298,-0.0021996,0.0692553,-0.952364
1547,-64.0708,317.903,0.00101073,0.0416667,1.25,0.146977,1.39959,0.000587367,-0.0107014,4.54482,5.85277e-05,0.00938364,0.355806,15202.9,0.566404,0.241862,-0.4,0.2,1,1502.68,1.90095e+07,0.0824014,0.00214451,0,0.00366997,-0.51956,nan,-0.00820516,nan,nan,nan,nan,-0.01693,-0.0571122,-0.0171271,nan,-0.140608,-0.000419355,-0.15254,-0.370528,nan,-1.09319,-0.0787136,-0.492422,-0.101419,0.0173518,-0.00203931,0.0553226,-1.08025
1548,-69.3698,361.098,0.000999463,0.0833333,1.625,0.151499,1.40454,0.000550719,-0.00945611,4.54323,5.85277e-05,0.0121815,0.355768,12865.8,0.611324,0.343766,-0.4,0.2,1,1503.63,1.90218e+07,0.0923928,0.00223042,0,0.00411893,-0.597843,nan,-0.0096239,nan,nan,nan,nan,-0.0195431,-0.064945,-0.0201906,nan,-0.159831,-9.7561e-05,-0.171556,-0.416721,nan,-1.13238,-0.0840317,-0.564815,-0.109561,0.0188256,-0.00235171,0.0703659,-0.955399
1549,-73.5538,324.61,0.00115684,0.125,1.58333,0.148436,1.40348,0.000643116,-0.0094804,4.54241,5.85277e-05,0.0116254,0.355763,11548.5,0.710745,0.353288,-0.4,0.2,1,1504.7,1.90341e+07,0.0841001,0.0020406,0,0.00307782,-0.534017,nan,-0.0069761,nan,nan,nan,nan,-0.0148372,-0.0500003,-0.0148902,nan,-0.14417,-0.000268293,-0.153226,-0.372642,nan,-1.37177,-0.0793336,-0.50601,-0.100293,0.0170111,-0.0022044,0.0497561,-1.16498
1550,-74.2526,335.128,0.00120218,0.0416667,1.58333,0.145211,1.41644,0.000618739,-0.00868295,4.54251,5.85277e-05,0.0124878,0.355759,12275.8,0.668731,0.332264,-0.4,0.2,1,1505.7,1.90464e+07,0.0842788,0.00191869,0,0.00315842,-0.552911,nan,-0.00749641,nan,nan,nan,nan,-0.016084,-0.0575374,-0.0162898,nan,-0.148759,-0.000358974,-0.159522,-0.395337,nan,-1.35271,-0.0843611,-0.524189,-0.104615,0.018,-0.00213026,0.0546154,-1.17599
1551,-63.9563,307.111,0.0010238,0.0416667,1.08333,0.149539,1.41015,0.000615359,-0.00958755,4.5419,5.85277e-05,0.00797588,0.355758,13373,0.6444,0.274468,-0.4,0.2,1,1506.62,1.90587e+07,0.0792024,0.00172119,0,0.00290356,-0.501602,nan,-0.00706889,nan,nan,nan,nan,-0.0153711,-0.052499,-0.0162328,nan,-0.135658,-0.000925926,-0.153633,-0.358655,nan,-1.11264,-0.0744898,-0.479416,-0.0967407,0.0166812,-0.00193417,0.0505556,-0.769525
1552,-61.1598,338.405,0.00115182,0.125,1.41667,0.151956,1.40636,0.00062214,-0.00963273,4.54166,5.85277e-05,0.0154671,0.355746,15309.9,0.567873,0.234747,-0.4,0.2,1,1507.43,1.9071e+07,0.0874122,0.00237123,0,0.00377796,-0.551783,nan,-0.00932216,nan,nan,nan,nan,-0.0192965,-0.0670565,-0.0201708,nan,-0.149778,-0.000567568,-0.162192,-0.391953,nan,-0.953072,-0.0788318,-0.524975,-0.102324,0.0177735,-0.00227562,0.0704054,-0.847442
1553,-44.5565,226.423,0.001057,0,1.08333,0.153364,1.41229,0.000632571,-0.0109241,4.54091,5.85277e-05,0.0116518,0.355723,15357.7,0.55755,0.24257,-0.4,0.2,1,1508.23,1.90833e+07,0.0562148,0.00175368,0,0.00265962,-0.369164,nan,-0.00563308,nan,nan,nan,nan,-0.0120837,-0.0385194,-0.012262,nan,-0.100368,-3.84615e-05,-0.108096,-0.257692,nan,-0.750294,-0.0562098,-0.353857,-0.0725385,0.0116581,-0.00145828,0.0494231,-1.37359
1554,-60.408,312.543,0.0010502,0.125,1.79167,0.144917,1.43841,0.000601296,-0.0103056,4.54088,5.85277e-05,0.0147795,0.355736,12785.7,0.6183,0.342777,-0.4,0.2,1,1509.19,1.90956e+07,0.0747146,0.00186513,0,0.00341256,-0.514964,nan,-0.00830783,nan,nan,nan,nan,-0.0172146,-0.0604863,-0.0177118,nan,-0.138028,-0.00023913,-0.153079,-0.368948,nan,-0.98732,-0.0766365,-0.487002,-0.0966522,0.0171071,-0.00194841,0.0692391,-0.913634
1555,-88.356,436.143,0.00107739,0.25,1.5,0.145347,1.43918,0.000604923,-0.0104272,4.54111,8.77915e-05,0.00442307,0.355738,11441.4,0.673622,0.400375,-0.4,0.2,1,1510.27,1.91078e+07,0.10743,0.00249711,0,0.00423321,-0.713474,nan,-0.0113981,nan,nan,nan,nan,-0.0218849,-0.0772924,-0.0236219,nan,-0.192891,-0.000119048,-0.210841,-0.50357,nan,-1.53276,-0.0966256,-0.675505,-0.132571,0.0234028,-0.00289348,0.0878571,-1.0448
1556,-79.3939,399.778,0.00103077,0.0833333,1.04167,0.151188,1.42816,0.000548444,-0.0120796,4.54099,8.77915e-05,0.0156567,0.355749,12487.9,0.657863,0.326133,-0.4,0.2,1,1511.25,1.91201e+07,0.102275,0.00262385,0,0.00437727,-0.654897,nan,-0.00965704,nan,nan,nan,nan,-0.021409,-0.0773581,-0.0217318,nan,-0.177267,-0.000185185,-0.183304,-0.469703,nan,-1.33816,-0.0950879,-0.624584,-0.125667,0.0212223,-0.00264292,0.0855556,-1.29633
1557,-72.0364,334.16,0.00115496,0.0416667,1,0.152404,1.40554,0.000626531,-0.0111469,4.54068,8.77915e-05,0.0162263,0.355725,13637.7,0.637549,0.263482,-0.4,0.2,1,1512.16,1.91324e+07,0.0905756,0.0020468,0,0.00324052,-0.545505,nan,-0.0081096,nan,nan,nan,nan,-0.0152602,-0.0522103,-0.0161393,nan,-0.147788,-0.00024,-0.156104,-0.387138,nan,-1.31129,-0.0762299,-0.518807,-0.10404,0.0181344,-0.00206006,0.0564,-1.19804
1558,-50.6723,279.75,0.00109504,0,1.5,0.150837,1.43001,0.00066111,-0.0114574,4.53967,8.77915e-05,0.0163295,0.355697,13656.5,0.642299,0.25749,-0.4,0.2,1,1513.06,1.91447e+07,0.0651177,0.00191122,0,0.00342943,-0.456312,nan,-0.00761722,nan,nan,nan,nan,-0.0163047,-0.0551817,-0.0161454,nan,-0.123738,-5.55556e-05,-0.13141,-0.32465,nan,-0.780608,-0.0735149,-0.432741,-0.0850556,0.0148098,-0.00189053,0.0620833,-0.903818
1559,-66.6605,371.794,0.00100409,0.0833333,1.33333,0.152975,1.42585,0.00066999,-0.0112687,4.5388,8.77915e-05,0.0178365,0.355675,10940.3,0.720733,0.402456,-0.4,0.2,1,1514.18,1.9157e+07,0.106551,0.00259928,0,0.00417099,-0.608619,nan,-0.0103194,nan,nan,nan,nan,-0.0207136,-0.0731856,-0.022315,nan,-0.16431,-0.000529412,-0.17979,-0.433014,nan,-1.03746,-0.0886528,-0.576267,-0.117941,0.0200359,-0.0024819,0.0925,-0.690137
1560,-47.7794,260.029,0.00113841,0,1.41667,0.146787,1.42796,0.000654614,-0.0114369,4.53736,8.77915e-05,0.0160497,0.355598,10565.5,0.760343,0.402689,-0.4,0.2,1,1515.35,1.91693e+07,0.065957,0.00155721,0,0.00320056,-0.424009,nan,-0.00692941,nan,nan,nan,nan,-0.0156061,-0.0495344,-0.0149074,nan,-0.114996,-8.82353e-05,-0.123584,-0.303135,nan,-0.744969,-0.0716594,-0.399206,-0.0797647,0.0129112,-0.00173383,0.0570588,-0.678228
1561,-86.6355,418,0.000993325,0.0416667,1.41667,0.148875,1.42858,0.000590758,-0.0116934,4.53424,8.77915e-05,0.00995954,0.355536,10333.2,0.831621,0.357553,-0.4,0.2,1,1516.54,1.91816e+07,0.113143,0.00315015,0,0.00421668,-0.678796,nan,-0.00947543,nan,nan,nan,nan,-0.0203469,-0.0742045,-0.0211993,nan,-0.184172,-0.000114286,-0.194393,-0.480756,nan,-1.53437,-0.0949335,-0.641511,-0.1282,0.0204113,-0.00289237,0.08,-1.21834
1562,-76.0969,365.269,0.00105561,0.166667,0.916667,0.149221,1.41463,0.000550684,-0.0113329,4.5311,8.77915e-05,0.0185777,0.355421,12778.4,0.680708,0.280914,-0.4,0.2,1,1517.5,1.91939e+07,0.0885007,0.00216835,0,0.00358556,-0.596832,nan,-0.00872231,nan,nan,nan,nan,-0.0175619,-0.0616957,-0.0185616,nan,-0.161706,-0.000692308,-0.166091,-0.42361,nan,-1.3522,-0.0788153,-0.568984,-0.113654,0.0187618,-0.00245258,0.0757692,-0.997583
1563,-71.945,379.875,0.00114993,0.0416667,0.958333,0.147366,1.41786,0.000613845,-0.0114314,4.52693,5.85277e-05,0.0217001,0.35532,12178,0.627245,0.381786,-0.4,0.2,1,1518.51,1.92061e+07,0.0948578,0.00260262,0,0.00459148,-0.620757,nan,-0.0095875,nan,nan,nan,nan,-0.0213844,-0.0763929,-0.02126,nan,-0.167864,-0.000125,-0.174666,-0.445089,nan,-1.16577,-0.0930132,-0.588028,-0.117792,0.0196417,-0.00263772,0.09125,-0.815542
1564,-73.9581,404.871,0.00122257,0.0833333,1.20833,0.147127,1.41116,0.00063663,-0.0098332,4.52448,5.85277e-05,0.00871566,0.355274,9736.92,0.774399,0.487602,-0.4,0.2,1,1519.77,1.92184e+07,0.109635,0.0029343,0,0.0046347,-0.654469,nan,-0.0116258,nan,nan,nan,nan,-0.0215551,-0.074378,-0.0237972,nan,-0.179051,-0.000612903,-0.188795,-0.467566,nan,-1.18469,-0.0873316,-0.623563,-0.124774,0.0218172,-0.00256412,0.0867742,-1.08083
1565,-70.1878,341.343,0.00106691,0.125,1.33333,0.147505,1.41187,0.000640014,-0.0104305,4.52242,5.85277e-05,0.0147294,0.355208,11267.3,0.719324,0.371267,-0.4,0.2,1,1520.87,1.92307e+07,0.0860064,0.00225733,0,0.00339798,-0.561118,nan,-0.007976,nan,nan,nan,nan,-0.0171877,-0.0598244,-0.0172764,nan,-0.151119,-0.000171429,-0.159395,-0.388978,nan,-1.23125,-0.0784337,-0.529797,-0.100857,0.0174387,-0.00223886,0.0678571,-1.11043
1566,-56.2587,296,0.00117319,0,1.16667,0.149722,1.4258,0.000715704,-0.00942677,4.52049,5.85277e-05,0.00835961,0.355179,10430.1,0.748571,0.429559,-0.4,0.2,1,1522.05,1.9243e+07,0.0697563,0.0022322,0,0.00341755,-0.485716,nan,-0.008145,nan,nan,nan,nan,-0.0164105,-0.0531954,-0.0168418,nan,-0.131049,-0.00025,-0.134278,-0.343424,nan,-0.918421,-0.0723469,-0.460745,-0.0908571,0.0155356,-0.00193083,0.0603571,-1.07624
1567,-74.6727,353.462,0.00119851,0.166667,1.45833,0.145466,1.43123,0.000705928,-0.0106023,4.51958,5.85277e-05,0.0142185,0.355145,12050.8,0.703305,0.316376,-0.4,0.2,1,1523.07,1.92553e+07,0.0976657,0.00249954,0,0.00333033,-0.572028,nan,-0.00843795,nan,nan,nan,nan,-0.0163721,-0.0561203,-0.0175205,nan,-0.156107,-0.000153846,-0.161736,-0.399124,nan,-1.3606,-0.0771189,-0.542798,-0.105564,0.0177551,-0.00240477,0.0674359,-1.24308
1568,-76.1634,376.974,0.00106259,0.125,1.45833,0.150762,1.43909,0.000578641,-0.0110148,4.51811,5.85277e-05,0.018518,0.355091,12129.5,0.63957,0.373497,-0.4,0.2,1,1524.08,1.92676e+07,0.10978,0.00257807,0,0.00395274,-0.614605,nan,-0.00896053,nan,nan,nan,nan,-0.0194491,-0.0661512,-0.0190049,nan,-0.166645,-0.000210526,-0.175546,-0.442963,nan,-1.32603,-0.0871087,-0.579513,-0.112289,0.0197981,-0.00239863,0.0753947,-0.947146
1569,-96.1178,493.261,0.00103425,0.166667,0.791667,0.143825,1.41516,0.000561638,-0.0103808,4.51565,5.85277e-05,0.0143272,0.355003,11356.1,0.717154,0.364904,-0.4,0.2,1,1525.16,1.92799e+07,0.140041,0.0035605,0,0.00551519,-0.806436,nan,-0.0120843,nan,nan,nan,nan,-0.0245665,-0.0867188,-0.0270224,nan,-0.217861,-0.000173913,-0.231804,-0.560971,nan,-1.6336,-0.103717,-0.76419,-0.151087,0.0257755,-0.00337159,0.0965217,-1.30439
1570,-84.9543,441.111,0.00101542,0.125,1.375,0.147718,1.43288,0.000593992,-0.00961796,4.51273,5.85277e-05,0.00818473,0.354925,10428.7,0.711373,0.466915,-0.4,0.2,1,1526.34,1.92922e+07,0.106467,0.00257396,0,0.00469224,-0.711137,nan,-0.0117756,nan,nan,nan,nan,-0.0227892,-0.0780355,-0.0250251,nan,-0.194766,-0.000694444,-0.204415,-0.513681,nan,-1.40966,-0.0943712,-0.681591,-0.137667,0.0232715,-0.00278642,0.0819444,-1.23799
1571,-67.0322,327.2,0.0010826,0,1.04167,0.149313,1.42083,0.000555044,-0.00978629,4.51015,5.85277e-05,0.0124643,0.354859,11303.9,0.710478,0.376576,-0.4,0.2,1,1527.43,1.93044e+07,0.0784728,0.00232847,0,0.00318827,-0.533067,nan,-0.0080072,nan,nan,nan,nan,-0.016206,-0.0543654,-0.016446,nan,-0.144644,-0.00024,-0.150037,-0.379999,nan,-1.16682,-0.0797582,-0.509739,-0.10724,0.0183999,-0.00207314,0.067,-1.10114
1572,-67.6532,336.711,0.0010414,0,1.58333,0.150004,1.43052,0.000552535,-0.00916498,4.50802,5.85277e-05,0.0121711,0.354802,14699.5,0.580154,0.25579,-0.4,0.2,1,1528.27,1.93167e+07,0.0881491,0.00240511,0,0.00351167,-0.544639,nan,-0.00821842,nan,nan,nan,nan,-0.016735,-0.0575537,-0.0175552,nan,-0.148194,-0.000447368,-0.154286,-0.392,nan,-1.17867,-0.0795968,-0.514942,-0.104605,0.0174956,-0.00224716,0.0725,-0.775707
1573,-79.587,486.286,0.00101016,0.125,0.75,0.15012,1.44609,0.000489821,-0.00894172,4.50603,5.85277e-05,0.00894078,0.354748,11829.3,0.6319,0.406881,-0.4,0.2,1,1529.31,1.9329e+07,0.125215,0.00407207,0,0.0062976,-0.791212,nan,-0.0133552,nan,nan,nan,nan,-0.0298386,-0.105917,-0.030629,nan,-0.214857,-0.000428571,-0.226798,-0.552171,nan,-1.11506,-0.114228,-0.749779,-0.15019,0.0256246,-0.00347982,0.114286,-0.658971
1574,-77.1122,376.429,0.00105037,0.125,1.04167,0.147833,1.46637,0.000556983,-0.00942133,4.50485,5.85277e-05,0.0151909,0.354739,9177.38,0.819003,0.519941,-0.4,0.2,1,1530.65,1.93413e+07,0.0960105,0.00229151,0,0.00382965,-0.609197,nan,-0.00892214,nan,nan,nan,nan,-0.0181393,-0.0648287,-0.0190211,nan,-0.166636,-0.000892857,-0.174384,-0.438908,nan,-1.35127,-0.0838872,-0.584694,-0.115857,0.0202141,-0.00243313,0.0851786,-0.84812
1575,-63.615,345.343,0.00104304,0.125,1.33333,0.147679,1.43317,0.000555788,-0.00976118,4.50432,5.85277e-05,0.0137385,0.354702,9876.23,0.797775,0.446425,-0.4,0.2,1,1531.9,1.93536e+07,0.0930378,0.00197219,0,0.00393974,-0.56011,nan,-0.00917486,nan,nan,nan,nan,-0.0197744,-0.0681967,-0.020022,nan,-0.152492,-0.000228571,-0.167945,-0.402389,nan,-1.01252,-0.0810548,-0.534684,-0.103429,0.0182227,-0.00245183,0.0727143,-1.03322
1576,-79.0634,375.781,0.00101577,0.125,1.20833,0.142512,1.45251,0.000589427,-0.00916464,4.50339,5.85277e-05,0.0115039,0.35469,9202.37,0.844372,0.490936,-0.4,0.2,1,1533.24,1.93659e+07,0.0968951,0.0028158,0,0.00376212,-0.616411,nan,-0.00875438,nan,nan,nan,nan,-0.0184141,-0.0630051,-0.01852,nan,-0.166695,-0.00065625,-0.174215,-0.423541,nan,-1.41918,-0.0827327,-0.583387,-0.113187,0.0196765,-0.00247912,0.0717188,-1.12459
1577,-68.7636,367.967,0.001124,0.125,1.125,0.14245,1.44423,0.000608833,-0.00946764,4.50309,5.85277e-05,0.0127304,0.354658,9432.63,0.82148,0.481232,-0.4,0.2,1,1534.54,1.93782e+07,0.0920707,0.00258023,0,0.00405119,-0.594976,nan,-0.00921867,nan,nan,nan,nan,-0.0218675,-0.0790591,-0.0214084,nan,-0.162788,-0.000233333,-0.177888,-0.434619,nan,-1.10397,-0.089455,-0.571842,-0.1153,0.0195327,-0.00253289,0.0871667,-1.55054
1578,-59.2413,363.7,0.00107422,0.125,1.125,0.149159,1.43118,0.000690195,-0.0107365,4.50134,5.85277e-05,0.00979078,0.354597,11630.1,0.693625,0.362947,-0.4,0.2,1,1535.6,1.93905e+07,0.0922594,0.00205847,0,0.00468576,-0.592306,nan,-0.0111373,nan,nan,nan,nan,-0.0214448,-0.0765725,-0.0240056,nan,-0.16095,-0.000133333,-0.162804,-0.423154,nan,-0.831325,-0.0803037,-0.564775,-0.113367,0.0199655,-0.00241018,0.0886667,-0.450058
1579,-66.5313,358.175,0.00100521,0.0833333,1.58333,0.150051,1.43397,0.000567702,-0.0106447,4.49892,5.85277e-05,0.0059356,0.354538,11440.3,0.700025,0.374073,-0.4,0.2,1,1536.67,1.94028e+07,0.09792,0.00225939,0,0.00406866,-0.579048,nan,-0.010024,nan,nan,nan,nan,-0.0193762,-0.0691377,-0.0207832,nan,-0.158356,-0.00055,-0.161352,-0.423842,nan,-1.06876,-0.0815852,-0.556363,-0.113575,0.0200653,-0.00242652,0.071125,-0.856086
1580,-94.6766,443.25,0.00103419,0.0833333,1.41667,0.144281,1.39502,0.000576807,-0.00999142,4.49683,5.85277e-05,0.00789917,0.354476,11570.2,0.731706,0.330333,-0.4,0.2,1,1537.74,1.9415e+07,0.126563,0.0026857,0,0.00425169,-0.720594,nan,-0.00987333,nan,nan,nan,nan,-0.0211861,-0.0758285,-0.0221268,nan,-0.196222,-0.00075,-0.199565,-0.510061,nan,-1.72225,-0.100113,-0.685622,-0.142833,0.0239731,-0.00310236,0.0858333,-1.13402
1581,-94.0921,459.281,0.00114642,0.166667,1.16667,0.139515,1.38627,0.000560849,-0.0101632,4.49437,5.85277e-05,0.012745,0.354401,11798.2,0.692063,0.349453,-0.4,0.2,1,1538.78,1.94273e+07,0.123538,0.00309649,0,0.0043066,-0.745781,nan,-0.0116081,nan,nan,nan,nan,-0.0216199,-0.0771195,-0.0235961,nan,-0.203181,-0.0005,-0.205569,-0.52423,nan,-1.65263,-0.10073,-0.708025,-0.144719,0.024708,-0.00296274,0.083125,-0.980918
1582,-76.8888,362.216,0.00107993,0.0416667,1.5,0.14525,1.42226,0.000630831,-0.010298,4.49167,5.85277e-05,0.012074,0.354323,10956,0.748067,0.373513,-0.4,0.2,1,1539.9,1.94396e+07,0.095472,0.00259594,0,0.0036272,-0.586588,nan,-0.00823838,nan,nan,nan,nan,-0.0175147,-0.0644932,-0.0177389,nan,-0.159888,-0.000675676,-0.167815,-0.425597,nan,-1.37248,-0.088198,-0.561408,-0.115486,0.0192864,-0.00263901,0.0645946,-1.02041
1583,-64.4924,352.861,0.0010934,0.125,1.375,0.147047,1.42532,0.000549196,-0.0108228,4.48817,5.85277e-05,0.017935,0.35419,12796.7,0.682746,0.277499,-0.4,0.2,1,1540.86,1.94519e+07,0.0831767,0.00204563,0,0.00402157,-0.57025,nan,-0.00909,nan,nan,nan,nan,-0.0208389,-0.0767673,-0.020662,nan,-0.155892,-0.000361111,-0.161147,-0.411033,nan,-1.0067,-0.0872766,-0.547327,-0.112139,0.019886,-0.00250969,0.0756944,-0.818831
1584,-73.9332,395.7,0.00109353,0.166667,1.08333,0.145428,1.44869,0.000606031,-0.0103676,4.48357,5.85277e-05,0.0102921,0.354091,12816.3,0.668456,0.290322,-0.4,0.2,1,1541.82,1.94642e+07,0.111415,0.00268142,0,0.00422238,-0.639068,nan,-0.0104267,nan,nan,nan,nan,-0.021948,-0.0800343,-0.0233451,nan,-0.175172,-0.000233333,-0.185068,-0.468471,nan,-1.19485,-0.0882238,-0.616591,-0.125833,0.021925,-0.00261215,0.0883333,-0.977874
1585,-55.7435,294.676,0.00115158,0.0833333,1.45833,0.148451,1.41839,0.000636199,-0.0107391,4.48118,5.85277e-05,0.0174189,0.354072,14471.9,0.609532,0.239563,-0.4,0.2,1,1542.68,1.94765e+07,0.0781771,0.00190426,0,0.00320608,-0.478424,nan,-0.00779243,nan,nan,nan,nan,-0.0166481,-0.0607677,-0.0168659,nan,-0.130436,-0.00027027,-0.138098,-0.353392,nan,-0.898409,-0.0722776,-0.459406,-0.091973,0.0171335,-0.00211778,0.0591892,-0.625894
1586,-94.8678,441.4,0.00109344,0.0833333,0.958333,0.151987,1.41046,0.000642863,-0.00929223,4.48016,5.85277e-05,0.00912956,0.35402,15285.7,0.561564,0.242326,-0.4,0.2,1,1543.48,1.94888e+07,0.128437,0.00290115,0,0.00427347,-0.705322,nan,-0.0092208,nan,nan,nan,nan,-0.0204781,-0.071335,-0.0203854,nan,-0.194565,-0.00032,-0.197949,-0.507025,nan,-1.74878,-0.0971054,-0.682046,-0.13488,0.0235293,-0.0031862,0.0872,-1.35713
1587,-77.9736,377.643,0.00110752,0.0833333,1.08333,0.147678,1.40497,0.000604803,-0.0103578,4.47739,5.85277e-05,0.0136563,0.353934,15335.4,0.562655,0.23863,-0.4,0.2,1,1544.28,1.95011e+07,0.100689,0.00264663,0,0.00373476,-0.607374,nan,-0.00864929,nan,nan,nan,nan,-0.0186455,-0.0688212,-0.0188997,nan,-0.166261,-0.000285714,-0.178763,-0.453459,nan,-1.36972,-0.0905447,-0.585163,-0.118643,0.0214796,-0.00263706,0.0775,-0.833732
1588,-84.5869,433.471,0.00110587,0.166667,1.25,0.148051,1.42486,0.000588676,-0.0105159,4.47483,5.85277e-05,0.0147714,0.353865,14414.3,0.605682,0.246803,-0.4,0.2,1,1545.14,1.95133e+07,0.114402,0.00306593,0,0.00453458,-0.699621,nan,-0.0104159,nan,nan,nan,nan,-0.0222416,-0.0809643,-0.0236846,nan,-0.19179,-0.000352941,-0.201392,-0.499432,nan,-1.42465,-0.0968768,-0.67406,-0.137,0.0239289,-0.00298859,0.0879412,-0.965956
1589,-71.3166,370.194,0.00115432,0.0416667,1.25,0.148243,1.43355,0.000681524,-0.0100747,4.47234,5.85277e-05,0.0141544,0.353783,14980.2,0.574469,0.245813,-0.4,0.2,1,1545.96,1.95256e+07,0.100431,0.00246421,0,0.00406003,-0.591717,nan,-0.00886968,nan,nan,nan,nan,-0.0192955,-0.0725232,-0.0205576,nan,-0.163101,-0.000322581,-0.165606,-0.435619,nan,-1.19694,-0.0832979,-0.574057,-0.114194,0.0200999,-0.00266109,0.0806452,-0.838979
1590,-60.9287,292.231,0.00111389,0.0416667,1.04167,0.150209,1.41069,0.000642131,-0.010393,4.46925,5.85277e-05,0.0151472,0.353697,15185.2,0.568577,0.24063,-0.4,0.2,1,1546.77,1.95379e+07,0.0776782,0.00171192,0,0.003116,-0.469196,nan,-0.00610923,nan,nan,nan,nan,-0.0151363,-0.0508755,-0.0149135,nan,-0.128893,-0.000269231,-0.139903,-0.350547,nan,-1.08172,-0.0724087,-0.451803,-0.0930385,0.0169977,-0.00205017,0.0603846,-1.42767
1591,-82.861,386.469,0.000983334,0.166667,1.875,0.151696,1.42808,0.000587048,-0.00981469,4.46653,5.85277e-05,0.00804444,0.353627,14999.5,0.567838,0.251389,-0.4,0.2,1,1547.59,1.95502e+07,0.101308,0.00237892,0,0.00383023,-0.620694,nan,-0.0082951,nan,nan,nan,nan,-0.0184079,-0.0682822,-0.0190813,nan,-0.170697,-0.00112245,-0.183243,-0.454821,nan,-1.49821,-0.0892162,-0.600844,-0.126612,0.0225393,-0.00275408,0.0756122,-1.19178
1592,-68.9856,358.583,0.00116104,0.0833333,1.41667,0.148233,1.41548,0.000739643,-0.0102248,4.46333,8.77915e-05,0.00413919,0.353494,15052.4,0.567681,0.248668,-0.4,0.2,1,1548.41,1.95625e+07,0.0899896,0.00243362,0,0.00386061,-0.573742,nan,-0.00923722,nan,nan,nan,nan,-0.0192399,-0.0718161,-0.0200439,nan,-0.158585,-0.000444444,-0.169325,-0.41857,nan,-1.14612,-0.081229,-0.557256,-0.114861,0.02065,-0.00234778,0.0705556,-1.32281
1593,-69.4964,331.727,0.00104122,0.166667,1.20833,0.150302,1.42595,0.000552592,-0.0118656,4.45846,8.77915e-05,0.0156097,0.353384,15347.1,0.558052,0.242621,-0.4,0.2,1,1549.21,1.95748e+07,0.0859917,0.00189992,0,0.00344196,-0.531946,nan,-0.0069497,nan,nan,nan,nan,-0.0163034,-0.0579611,-0.0163929,nan,-0.146311,-0.000242424,-0.163828,-0.378953,nan,-1.241,-0.0769666,-0.512087,-0.103939,0.0192663,-0.00238311,0.0627273,-0.997317
1594,-79.3605,388.457,0.0010402,0.125,1.33333,0.1509,1.38454,0.000660356,-0.0121714,4.45462,8.77915e-05,0.0124495,0.353223,15038.1,0.566488,0.250635,-0.4,0.2,1,1550.03,1.95871e+07,0.11026,0.00217177,0,0.00407097,-0.620618,nan,-0.00914857,nan,nan,nan,nan,-0.0192457,-0.0699109,-0.0195437,nan,-0.171252,-0.0002,-0.180279,-0.448779,nan,-1.40105,-0.0947509,-0.598643,-0.124286,0.0223718,-0.00292042,0.0784286,-0.929031
1595,-80.7092,422.056,0.00115947,0.125,1.375,0.144136,1.39174,0.000516852,-0.0123251,4.44938,8.77915e-05,0.0129106,0.353142,14934.6,0.582699,0.240086,-0.4,0.2,1,1550.85,1.95994e+07,0.104032,0.0027576,0,0.0047152,-0.67783,nan,-0.0104439,nan,nan,nan,nan,-0.0236053,-0.0861699,-0.0235303,nan,-0.185857,-0.000166667,-0.194711,-0.48177,nan,-1.33946,-0.0970613,-0.652221,-0.131306,0.0242412,-0.00303752,0.0881944,-1.05668
1596,-62.5817,327.968,0.000996264,0.0833333,1.20833,0.142786,1.41844,0.000581904,-0.0120702,4.4474,8.77915e-05,0.0196896,0.35308,15036.5,0.575862,0.241347,-0.4,0.2,1,1551.67,1.96116e+07,0.085761,0.002175,0,0.00371683,-0.524432,nan,-0.00807548,nan,nan,nan,nan,-0.0175638,-0.0629709,-0.0176397,nan,-0.14435,-6.45161e-05,-0.160076,-0.377588,nan,-1.03268,-0.0814805,-0.503758,-0.104677,0.0199449,-0.00233858,0.066129,-0.926941
1597,-92.205,416.106,0.00100336,0.208333,1.75,0.145717,1.39036,0.000599253,-0.0112328,4.44636,8.77915e-05,0.017448,0.35308,15261.2,0.564266,0.240915,-0.4,0.2,1,1552.48,1.96239e+07,0.112398,0.00267089,0,0.00385124,-0.666244,nan,-0.00827021,nan,nan,nan,nan,-0.0188798,-0.0672676,-0.019109,nan,-0.183823,-0.000425532,-0.196633,-0.479443,nan,-1.72296,-0.0957021,-0.644596,-0.131596,0.0245125,-0.00296637,0.0784043,-1.26936
1598,-92.645,437.524,0.00101756,0.125,0.75,0.15111,1.41365,0.000570857,-0.011406,4.44566,8.77915e-05,0.0148014,0.352996,12950.2,0.570619,0.378246,-0.4,0.2,1,1553.43,1.96362e+07,0.118001,0.00287117,0,0.00418921,-0.699709,nan,-0.0093381,nan,nan,nan,nan,-0.0207334,-0.0777748,-0.0216066,nan,-0.193233,-0.00109524,-0.202481,-0.513488,nan,-1.66245,-0.0965534,-0.683427,-0.140619,0.0257912,-0.00310249,0.0838095,-0.947282
1599,-61.0925,293.265,0.00109745,0,1.41667,0.153153,1.38347,0.000571239,-0.0118711,4.44128,5.85277e-05,0.0218697,0.352833,11423.6,0.675281,0.400387,-0.4,0.2,1,1554.5,1.96485e+07,0.0798635,0.0017777,0,0.00330337,-0.463144,nan,-0.00688706,nan,nan,nan,nan,-0.0139604,-0.0491707,-0.0146896,nan,-0.129195,-0.000470588,-0.136092,-0.336948,nan,-1.08826,-0.0712698,-0.455821,-0.0931471,0.0179956,-0.00203987,0.0497059,-0.735623
1600,-86.7929,452.931,0.00111811,0.25,0.958333,0.150955,1.39704,0.000623114,-0.0103876,4.43728,5.85277e-05,0.0117041,0.352776,12736.1,0.647499,0.317317,-0.4,0.2,1,1555.47,1.96608e+07,0.110837,0.00304477,0,0.00532376,-0.7169,nan,-0.0108034,nan,nan,nan,nan,-0.023888,-0.0848185,-0.024401,nan,-0.199619,-0.000310345,-0.206115,-0.522755,nan,-1.44073,-0.106143,-0.7006,-0.141655,0.0257945,-0.00305694,0.0931034,-1.14826
1601,-68.0078,382.645,0.00101186,0.0416667,1.25,0.154546,1.40619,0.000628559,-0.0100669,4.43655,5.85277e-05,0.0118893,0.352789,12335.6,0.674101,0.322044,-0.4,0.2,1,1558.4,1.96731e+07,0.0965381,0.00239307,0,0.00475629,-0.606115,nan,-0.010171,nan,nan,nan,nan,-0.0224327,-0.0807457,-0.0229041,nan,-0.168748,-0.000483871,-0.186268,-0.433605,nan,-1.04614,-0.0912282,-0.595516,-0.121613,0.0219788,-0.00267947,0.0832258,-0.977071
1602,-77.6488,429,0.000988014,0.166667,1.25,0.154305,1.41602,0.000489803,-0.0102965,4.43689,5.85277e-05,0.013333,0.352774,12575.9,0.640926,0.336181,-0.4,0.2,1,1559.38,1.96854e+07,0.100365,0.00270459,0,0.0049643,-0.680436,nan,-0.0104882,nan,nan,nan,nan,-0.0243831,-0.0884807,-0.0248384,nan,-0.188656,-0.000382353,-0.200207,-0.50768,nan,-1.21006,-0.100547,-0.662646,-0.138676,0.0249361,-0.00315601,0.0995588,-0.932723
1603,-72.9888,354.07,0.000998883,0.208333,1.58333,0.153482,1.38073,0.000622894,-0.00964248,4.43515,5.85277e-05,0.0157151,0.352668,12870.5,0.641741,0.312998,-0.4,0.2,1,1560.33,1.96977e+07,0.0906685,0.00254401,0,0.00376455,-0.567073,nan,-0.00751767,nan,nan,nan,nan,-0.0179189,-0.0678362,-0.0181788,nan,-0.15628,-0.000232558,-0.168699,-0.410271,nan,-1.27065,-0.0838737,-0.551328,-0.113023,0.0202978,-0.00259993,0.0652326,-1.0655
1604,-54.3741,302.083,0.00111069,0.0833333,1.41667,0.151758,1.41617,0.000596713,-0.0107943,4.43032,5.85277e-05,0.0101457,0.352502,11593.8,0.660945,0.398934,-0.4,0.2,1,1561.4,1.971e+07,0.0740914,0.00196416,0,0.00384304,-0.478787,nan,-0.00728611,nan,nan,nan,nan,-0.0184434,-0.0669553,-0.0176489,nan,-0.133097,-0.000305556,-0.144808,-0.356025,nan,-0.840389,-0.0778006,-0.469634,-0.0946667,0.0177917,-0.00219613,0.0791667,-0.964378
1605,-57.8192,271.8,0.0012256,0.0416667,1.41667,0.150386,1.37532,0.000745929,-0.00954541,4.42505,5.85277e-05,0.0123577,0.35238,12279,0.663056,0.337681,-0.4,0.2,1,1562.4,1.97222e+07,0.0685482,0.00191256,0,0.00269999,-0.431086,nan,-0.006084,nan,nan,nan,nan,-0.0131082,-0.0462083,-0.0137623,nan,-0.119984,-8.57143e-05,-0.134254,-0.316618,nan,-1.03714,-0.0691602,-0.42329,-0.0863429,0.0160445,-0.00201901,0.0527143,-0.973382
1606,-55.5468,299.886,0.00121,0.0833333,1.375,0.149587,1.38454,0.000662251,-0.0104287,4.42145,5.85277e-05,0.0129708,0.3523,12314.3,0.701606,0.296258,-0.4,0.2,1,1563.4,1.97345e+07,0.0785837,0.00195899,0,0.00369398,-0.474453,nan,-0.007504,nan,nan,nan,nan,-0.0175148,-0.0626435,-0.0166137,nan,-0.131968,-0.00122857,-0.145235,-0.349301,nan,-0.888416,-0.0777734,-0.461868,-0.0975714,0.0182131,-0.00229226,0.0647143,-1.0506
1607,-55.683,297.607,0.00105244,0,1.16667,0.152416,1.40366,0.000650492,-0.0101717,4.41906,5.85277e-05,0.0122113,0.352252,12061.2,0.630954,0.387852,-0.4,0.2,1,1564.42,1.97468e+07,0.0658924,0.00184151,0,0.00368374,-0.47426,nan,-0.00707071,nan,nan,nan,nan,-0.0170633,-0.0619715,-0.0164776,nan,-0.131108,-0.000678571,-0.140874,-0.35189,nan,-0.890806,-0.0762281,-0.459938,-0.095,0.0181123,-0.0021949,0.0725,-1.23547
1608,-101.678,490.31,0.00108158,0.125,1.08333,0.147679,1.40493,0.000551641,-0.00997511,4.41739,5.85277e-05,0.0116974,0.352176,11401.7,0.728571,0.349159,-0.4,0.2,1,1565.5,1.97591e+07,0.126963,0.00340054,0,0.00542554,-0.776055,nan,-0.011071,nan,nan,nan,nan,-0.0240512,-0.0923545,-0.0251683,nan,-0.21588,-0.000931034,-0.233563,-0.566134,nan,-1.79866,-0.112324,-0.761575,-0.159724,0.0278358,-0.00356839,0.0931034,-0.954567
1609,-79.2862,441.875,0.00113082,0.166667,1.16667,0.148773,1.41273,0.000634812,-0.0092524,4.4142,5.85277e-05,0.0132947,0.352083,11301.8,0.73187,0.355387,-0.4,0.2,1,1566.59,1.97714e+07,0.0992122,0.00239668,0,0.00520887,-0.696,nan,-0.0115119,nan,nan,nan,nan,-0.0261708,-0.0976671,-0.0262801,nan,-0.19461,-0.000375,-0.215771,-0.518492,nan,-1.21699,-0.106933,-0.685001,-0.14625,0.0256628,-0.00322462,0.1025,-0.812857
1610,-75.8361,400.825,0.00110218,0.208333,1.45833,0.147793,1.42815,0.000634663,-0.010353,4.41078,5.85277e-05,0.011099,0.351973,12680.3,0.683588,0.285475,-0.4,0.2,1,1567.56,1.97837e+07,0.0972042,0.00250369,0,0.00462018,-0.631684,nan,-0.009751,nan,nan,nan,nan,-0.0223502,-0.0820093,-0.0222423,nan,-0.176371,-0.000275,-0.193887,-0.471077,nan,-1.23646,-0.101343,-0.620703,-0.128275,0.022978,-0.00299849,0.093625,-0.96403
1611,-63.632,309.714,0.00104488,0.0416667,1.125,0.147909,1.39149,0.000573784,-0.0102786,4.40688,5.85277e-05,0.00980597,0.351883,12946.6,0.618078,0.331054,-0.4,0.2,1,1568.51,1.9796e+07,0.0926648,0.00202574,0,0.00304895,-0.488644,nan,-0.00732714,nan,nan,nan,nan,-0.0165002,-0.0595929,-0.0155455,nan,-0.136059,-0.0005,-0.15526,-0.366653,nan,-1.11517,-0.0774685,-0.479769,-0.0998214,0.0179248,-0.00215802,0.0598214,-1.34644
1612,-67.5237,338.4,0.000982923,0.166667,1.29167,0.148324,1.39657,0.000537825,-0.0101355,4.40375,5.85277e-05,0.00682257,0.351772,12220.2,0.673249,0.332302,-0.4,0.2,1,1569.52,1.98083e+07,0.0819221,0.00209694,0,0.00378513,-0.534739,nan,-0.00769086,nan,nan,nan,nan,-0.0180715,-0.0668981,-0.0178374,nan,-0.148415,-0.000171429,-0.168034,-0.409504,nan,-1.1439,-0.0844477,-0.528755,-0.111171,0.020609,-0.00250601,0.0791429,-0.93801
1613,-65.8654,369.533,0.00117732,0.0416667,1.20833,0.150685,1.41455,0.000620681,-0.0103664,4.39973,5.85277e-05,0.0166189,0.351663,12491.5,0.655838,0.327871,-0.4,0.2,1,1570.5,1.98205e+07,0.0995158,0.00236426,0,0.00447804,-0.580098,nan,-0.00905133,nan,nan,nan,nan,-0.022092,-0.0803284,-0.0211934,nan,-0.162274,-0.000166667,-0.176196,-0.423955,nan,-1.02068,-0.0910185,-0.571054,-0.121967,0.0213612,-0.00262398,0.0818333,-0.943374
1614,-81.5766,425.5,0.0011805,0.166667,1,0.150599,1.38646,0.000718055,-0.00979167,4.39635,5.85277e-05,0.0165583,0.351575,12381.4,0.638133,0.354322,-0.4,0.2,1,1571.5,1.98328e+07,0.108741,0.00311893,0,0.00482882,-0.669478,nan,-0.0101386,nan,nan,nan,nan,-0.0224047,-0.0825862,-0.0238042,nan,-0.187632,-0.0005,-0.205183,-0.508888,nan,-1.34628,-0.0921014,-0.664751,-0.137464,0.0251139,-0.00301215,0.100357,-1.02694
1615,-61.4319,333.935,0.00109919,0.0416667,1.25,0.15205,1.38368,0.000570744,-0.0100137,4.39426,5.85277e-05,0.0121988,0.351584,12459.3,0.657746,0.328504,-0.4,0.2,1,1572.48,1.98451e+07,0.0910787,0.00197434,0,0.00362534,-0.521794,nan,-0.00805548,nan,nan,nan,nan,-0.0198335,-0.0723962,-0.0184383,nan,-0.146904,-9.67742e-05,-0.168998,-0.391023,nan,-0.986895,-0.081292,-0.519741,-0.10571,0.0195662,-0.00257288,0.0822581,-0.584737
1616,-89.5795,405.935,0.000932045,0.0833333,1.20833,0.150686,1.39971,0.000582546,-0.00947392,4.3945,5.85277e-05,0.0128902,0.351572,11733.5,0.677231,0.370024,-0.4,0.2,1,1573.53,1.98574e+07,0.0976774,0.00273392,0,0.00384258,-0.639802,nan,-0.00758,nan,nan,nan,nan,-0.0202734,-0.0749201,-0.0194325,nan,-0.178496,-0.002,-0.198617,-0.472885,nan,-1.64539,-0.102038,-0.629408,-0.12871,0.0236961,-0.00297197,0.0724194,-1.43847
1617,-69.1268,312.581,0.00109777,0.0416667,1.25,0.148053,1.40706,0.000560551,-0.0105461,4.39275,5.85277e-05,0.0116804,0.35149,12485.8,0.687661,0.2965,-0.4,0.2,1,1574.52,1.98697e+07,0.0809013,0.00243117,0,0.00286733,-0.489738,nan,-0.00628516,nan,nan,nan,nan,-0.0149608,-0.0550469,-0.0142197,nan,-0.137326,-0.000419355,-0.161135,-0.363922,nan,-1.27389,-0.0783171,-0.485636,-0.101355,0.0185097,-0.00245722,0.0574194,-1.12055
1618,-68.1422,327.231,0.00116453,0.0416667,1.04167,0.151819,1.41128,0.000620988,-0.00972542,4.38993,5.85277e-05,0.0124078,0.351449,12141.1,0.681916,0.330183,-0.4,0.2,1,1575.53,1.9882e+07,0.0853576,0.00250615,0,0.00340238,-0.508488,nan,-0.00673077,nan,nan,nan,nan,-0.0166891,-0.0623023,-0.0164134,nan,-0.143498,-0.000269231,-0.163497,-0.385686,nan,-1.2159,-0.0788578,-0.507732,-0.103115,0.0190456,-0.00238097,0.0644231,-1.06973
1619,-68.7731,419.667,0.00109591,0.125,1.25,0.14824,1.41573,0.000649394,-0.0103536,4.38918,5.85277e-05,0.0142772,0.351432,12385.5,0.657678,0.334451,-0.4,0.2,1,1576.53,1.98943e+07,0.107761,0.00247849,0,0.00522855,-0.656697,nan,-0.010937,nan,nan,nan,nan,-0.0261369,-0.0950197,-0.0258059,nan,-0.184162,-0.000363636,-0.200911,-0.491066,nan,-0.97452,-0.0988876,-0.652168,-0.134333,0.0242177,-0.00304862,0.105909,-0.716069
1620,-82.9584,410.605,0.00113662,0.125,1.45833,0.152395,1.42581,0.000710424,-0.0104276,4.38922,5.85277e-05,0.0142321,0.351472,12924.2,0.667309,0.283464,-0.4,0.2,1,1577.48,1.99066e+07,0.107263,0.00266039,0,0.00444239,-0.640009,nan,-0.00908211,nan,nan,nan,nan,-0.021376,-0.0799542,-0.0210594,nan,-0.180565,-0.000631579,-0.204255,-0.4877,nan,-1.43753,-0.0988855,-0.640738,-0.131368,0.0242895,-0.00286292,0.0930263,-0.894241
1621,-91.3048,448.6,0.00116842,0.125,1.125,0.146242,1.3998,0.000650237,-0.00926345,4.39015,5.85277e-05,0.0165877,0.351457,14427.4,0.589166,0.262546,-0.4,0.2,1,1578.33,1.99188e+07,0.112289,0.00331292,0,0.00418787,-0.702293,nan,-0.010346,nan,nan,nan,nan,-0.0228026,-0.0834125,-0.0235507,nan,-0.196933,-0.000933333,-0.223126,-0.514106,nan,-1.60186,-0.101836,-0.695844,-0.144767,0.0259709,-0.00325299,0.088,-1.42183
1622,-61.9493,296.464,0.00107036,0.0833333,1.08333,0.148208,1.41079,0.000594197,-0.0102344,4.38872,5.85277e-05,0.0147122,0.351401,11392.3,0.696311,0.382316,-0.4,0.2,1,1579.41,1.99311e+07,0.0668696,0.00228096,0,0.00287252,-0.462404,nan,-0.00624571,nan,nan,nan,nan,-0.0161262,-0.0585327,-0.0146188,nan,-0.130338,0,-0.149528,-0.35094,nan,-1.08952,-0.0805035,-0.458525,-0.0929286,0.0174053,-0.00209418,0.0628571,-0.94485
1623,-71.2042,336.533,0.00119854,0.0416667,1.20833,0.149621,1.39483,0.000698058,-0.00972318,4.38645,5.85277e-05,0.00963947,0.351334,11890.1,0.688037,0.345428,-0.4,0.2,1,1580.45,1.99434e+07,0.0967332,0.00224006,0,0.00321232,-0.527631,nan,-0.006784,nan,nan,nan,nan,-0.0177628,-0.0630114,-0.0168393,nan,-0.147861,-0.0002,-0.16264,-0.390222,nan,-1.2814,-0.0876111,-0.522897,-0.104,0.019231,-0.00258851,0.063,-1.12685
1624,-72.6109,380.1,0.00111109,0.0833333,1.16667,0.150595,1.39254,0.000639167,-0.0103151,4.38369,5.85277e-05,0.0197784,0.35125,11870.6,0.700639,0.334526,-0.4,0.2,1,1581.48,1.99557e+07,0.0989324,0.00228976,0,0.00423492,-0.591582,nan,-0.00802267,nan,nan,nan,nan,-0.0221488,-0.0803299,-0.0210857,nan,-0.16688,-0.000166667,-0.189459,-0.452772,nan,-1.19479,-0.0926488,-0.593854,-0.1225,0.0208593,-0.00274274,0.0906667,-0.771378
1625,-67.6489,346.481,0.00105955,0.0833333,1.04167,0.14978,1.39415,0.000545742,-0.010304,4.38099,5.85277e-05,0.0113417,0.351198,14717.5,0.59304,0.241887,-0.4,0.2,1,1582.32,1.9968e+07,0.0841459,0.00270326,0,0.00368575,-0.54438,nan,-0.00765556,nan,nan,nan,nan,-0.0200609,-0.0718851,-0.0184504,nan,-0.152517,-0.000333333,-0.168253,-0.404901,nan,-1.12398,-0.0901935,-0.542019,-0.107889,0.0199684,-0.00258305,0.0731481,-0.839707
1626,-77.9808,425.821,0.0010922,0.166667,1.45833,0.14797,1.41886,0.000589566,-0.00867037,4.37923,5.85277e-05,0.0106392,0.351116,11894,0.645368,0.387761,-0.4,0.2,1,1583.35,1.99803e+07,0.105088,0.00272844,0,0.00486725,-0.665683,nan,-0.00945744,nan,nan,nan,nan,-0.0251551,-0.0917434,-0.0237905,nan,-0.187187,-0.000717949,-0.212634,-0.489214,nan,-1.24574,-0.101623,-0.661709,-0.138231,0.0240201,-0.00309943,0.116154,-0.961713
1627,-99.3225,492.161,0.00110379,0.25,1.04167,0.152809,1.42124,0.000608728,-0.0100169,4.37533,5.85277e-05,0.00847296,0.350976,10507.6,0.73088,0.438555,-0.4,0.2,1,1584.53,1.99926e+07,0.119011,0.00335207,0,0.00485438,-0.766258,nan,-0.0111297,nan,nan,nan,nan,-0.0261001,-0.0993864,-0.0260088,nan,-0.216443,-0.000451613,-0.240843,-0.581669,nan,-1.71669,-0.115044,-0.769505,-0.157516,0.0278687,-0.00356681,0.112419,-1.55936
1628,-82.1411,387.794,0.00109788,0.125,1.29167,0.15014,1.38545,0.000692509,-0.00985626,4.37037,5.85277e-05,0.0129543,0.350841,11505.3,0.716822,0.351205,-0.4,0.2,1,1585.59,2.00049e+07,0.10513,0.00271308,0,0.00397484,-0.605494,nan,-0.00835471,nan,nan,nan,nan,-0.0192778,-0.0693119,-0.0189206,nan,-0.170541,-0.000147059,-0.192359,-0.457899,nan,-1.47641,-0.0919426,-0.603656,-0.123647,0.0222142,-0.00287285,0.0722059,-1.0709
1629,-87.8049,428.333,0.0012156,0.0833333,1.29167,0.150743,1.36724,0.00059878,-0.00918234,4.36579,5.85277e-05,0.016095,0.350733,14043.9,0.632688,0.242285,-0.4,0.2,1,1586.47,2.00172e+07,0.12007,0.00282869,0,0.00427136,-0.666798,nan,-0.0096503,nan,nan,nan,nan,-0.0228258,-0.0866008,-0.021895,nan,-0.188355,-0.001,-0.211131,-0.509333,nan,-1.54125,-0.104596,-0.665128,-0.140485,0.0244473,-0.00311036,0.0887879,-1.26086
1630,-80.7397,389.321,0.00111979,0.0833333,1.08333,0.151046,1.3993,0.000563489,-0.00981163,4.36261,5.85277e-05,0.0108519,0.350657,14874,0.577512,0.248627,-0.4,0.2,1,1587.3,2.00294e+07,0.0986899,0.00260157,0,0.00393689,-0.609335,nan,-0.00835071,nan,nan,nan,nan,-0.0198832,-0.0695764,-0.0195381,nan,-0.17071,-0.00025,-0.180943,-0.461106,nan,-1.44103,-0.0962596,-0.601828,-0.123821,0.0216814,-0.00282131,0.0833929,-1.23713
1631,-73.4764,379.867,0.00106169,0.125,1.125,0.15051,1.4223,0.000593952,-0.0103798,4.35959,5.85277e-05,0.0151659,0.350565,13677.8,0.563436,0.334954,-0.4,0.2,1,1588.2,2.00417e+07,0.0942837,0.00241017,0,0.00408925,-0.594386,nan,-0.009194,nan,nan,nan,nan,-0.0218405,-0.0842221,-0.0208379,nan,-0.167087,-0.000366667,-0.183876,-0.4525,nan,-1.21595,-0.095517,-0.589533,-0.116467,0.0212408,-0.00270266,0.0858333,-1.63598
1632,-75.4064,424.655,0.00112421,0.0833333,1.125,0.153037,1.41643,0.000625217,-0.0104182,4.35674,5.85277e-05,0.0165037,0.350514,11119.4,0.697701,0.407398,-0.4,0.2,1,1589.31,2.0054e+07,0.097388,0.00264005,0,0.0050668,-0.659139,nan,-0.0111945,nan,nan,nan,nan,-0.0265583,-0.101234,-0.0255986,nan,-0.18685,-0.00062069,-0.205484,-0.50509,nan,-1.13551,-0.106673,-0.663045,-0.136586,0.0242857,-0.00301653,0.0918966,-0.81563
1633,-69.2062,362.886,0.00106742,0.166667,1.29167,0.15184,1.38846,0.000674933,-0.00964272,4.35552,5.85277e-05,0.0133959,0.350467,12448.6,0.661027,0.326072,-0.4,0.2,1,1590.3,2.00663e+07,0.0892378,0.00242861,0,0.00416979,-0.567946,nan,-0.00869657,nan,nan,nan,nan,-0.019531,-0.0746377,-0.0201937,nan,-0.159898,-0.000171429,-0.16147,-0.430921,nan,-1.14613,-0.0826413,-0.563496,-0.118171,0.0196479,-0.00242301,0.0898571,-1.08262
1634,-73.9668,385.419,0.00107839,0.208333,1.58333,0.146817,1.40659,0.00056454,-0.0101742,4.35399,5.85277e-05,0.0134584,0.350423,11880.1,0.67526,0.359071,-0.4,0.2,1,1591.33,2.00786e+07,0.100059,0.0025146,0,0.00428513,-0.598521,nan,-0.00834837,nan,nan,nan,nan,-0.0218366,-0.0791026,-0.0206384,nan,-0.169551,-0.000255814,-0.187736,-0.450133,nan,-1.23191,-0.0928431,-0.5961,-0.123581,0.022058,-0.00286178,0.0884884,-0.952666
1635,-83.3469,411.9,0.0012038,0.125,1.125,0.145335,1.42042,0.00065706,-0.00937767,4.35254,5.85277e-05,0.0196863,0.35039,14959.5,0.579044,0.242377,-0.4,0.2,1,1592.15,2.00909e+07,0.0968763,0.00332496,0,0.00412316,-0.638009,nan,-0.00910267,nan,nan,nan,nan,-0.0212066,-0.0765669,-0.0211878,nan,-0.181149,-0.0021,-0.196576,-0.478644,nan,-1.45845,-0.09309,-0.639683,-0.1334,0.0228997,-0.00283653,0.0991667,-1.32519
1636,-75.9486,394.906,0.00128995,0.208333,1.125,0.147049,1.41316,0.000623936,-0.00969788,4.35024,5.85277e-05,0.0145757,0.350268,15138.7,0.556318,0.255374,-0.4,0.2,1,1592.97,2.01032e+07,0.103089,0.00246324,0,0.00451629,-0.613812,nan,-0.00875938,nan,nan,nan,nan,-0.0231237,-0.0882314,-0.0218845,nan,-0.173876,-3.125e-05,-0.198305,-0.468372,nan,-1.24946,-0.0969863,-0.611296,-0.124281,0.0223546,-0.00275924,0.0759375,-1.15417
1637,-65.1881,298.172,0.00101352,0.0416667,1.16667,0.150184,1.4079,0.000613746,-0.0100301,4.34598,5.85277e-05,0.0134545,0.350169,11755.1,0.651648,0.393685,-0.4,0.2,1,1594.01,2.01155e+07,0.0703654,0.00222771,0,0.00279061,-0.459539,nan,-0.00623172,nan,nan,nan,nan,-0.0149728,-0.0531212,-0.0139522,nan,-0.131375,-0.000482759,-0.135625,-0.347813,nan,-1.19976,-0.07688,-0.462504,-0.0924483,0.0161982,-0.00192335,0.0548276,-1.31848
1638,-73.4071,414.324,0.00115377,0.0416667,1.5,0.146533,1.43235,0.000695245,-0.00927173,4.34447,5.85277e-05,0.0120203,0.350177,10765.4,0.758097,0.383336,-0.4,0.2,1,1595.16,2.01277e+07,0.102277,0.00253128,0,0.00507084,-0.636051,nan,-0.010093,nan,nan,nan,nan,-0.0244526,-0.0894876,-0.024211,nan,-0.181877,-0.000351351,-0.186126,-0.48701,nan,-1.14029,-0.0909693,-0.640993,-0.131865,0.021939,-0.00278809,0.0977027,-0.937253
1639,-74.9699,363.286,0.00119797,0.166667,1.29167,0.148555,1.40759,0.00071203,-0.0103988,4.34361,5.85277e-05,0.0170205,0.35006,11883.8,0.686448,0.347561,-0.4,0.2,1,1596.19,2.014e+07,0.0794315,0.00266529,0,0.00349186,-0.554819,nan,-0.00831543,nan,nan,nan,nan,-0.0181452,-0.0680579,-0.0182041,nan,-0.15888,0,-0.1675,-0.428411,nan,-1.33568,-0.0850413,-0.556809,-0.114686,0.0198191,-0.00257375,0.0722857,-1.19313
1640,-64.0869,353.731,0.00113022,0.0416667,1.04167,0.150726,1.44669,0.000688075,-0.0103671,4.33888,5.85277e-05,0.0172051,0.349945,12752.7,0.686995,0.276566,-0.4,0.2,1,1597.16,2.01523e+07,0.0952455,0.00209089,0,0.00419806,-0.548281,nan,-0.00811462,nan,nan,nan,nan,-0.0206066,-0.0791395,-0.0203645,nan,-0.155834,-0.000576923,-0.161169,-0.410254,nan,-1.0252,-0.0794926,-0.548638,-0.113615,0.0188438,-0.00245831,0.0844231,-0.874357
1641,-68.0213,375.727,0.00107644,0.125,1.25,0.148668,1.43176,0.000543554,-0.00914074,4.33532,5.85277e-05,0.0138782,0.349845,15025,0.578655,0.239184,-0.4,0.2,1,1597.98,2.01646e+07,0.102741,0.00283911,0,0.00447202,-0.58292,nan,-0.00886,nan,nan,nan,nan,-0.0213603,-0.0811303,-0.021105,nan,-0.165131,-0.001,-0.167549,-0.436372,nan,-1.09654,-0.0828499,-0.577869,-0.11903,0.0201951,-0.00250635,0.0978788,-0.728681
1642,-67.8916,407.321,0.00110403,0.0833333,1.08333,0.153696,1.41606,0.00058291,-0.00992321,4.33194,5.85277e-05,0.0188756,0.34975,14371.5,0.584413,0.27061,-0.4,0.2,1,1598.83,2.01769e+07,0.0979334,0.00291351,0,0.00476643,-0.630601,nan,-0.0113679,nan,nan,nan,nan,-0.0257836,-0.0948291,-0.0257552,nan,-0.178741,-0.000107143,-0.203411,-0.472374,nan,-0.986849,-0.0956782,-0.627924,-0.12925,0.0220919,-0.00288518,0.100357,-0.9596
1643,-84.0472,399.825,0.00122206,0.0833333,1.58333,0.152466,1.42495,0.000718113,-0.0109222,4.32987,5.85277e-05,0.0121404,0.349746,11269.3,0.709322,0.381074,-0.4,0.2,1,1599.92,2.01892e+07,0.109013,0.00280021,0,0.00402268,-0.616803,nan,-0.0083465,nan,nan,nan,nan,-0.0208351,-0.0780531,-0.0202625,nan,-0.175551,-0.00065,-0.18678,-0.467685,nan,-1.52088,-0.0933916,-0.617273,-0.122725,0.0214162,-0.00280789,0.078875,-1.081
1644,-66.7476,338.176,0.0010683,0.0416667,1.375,0.152163,1.44696,0.000683033,-0.00993774,4.32922,5.85277e-05,0.00788596,0.349672,11190.4,0.740695,0.357385,-0.4,0.2,1,1601.02,2.02015e+07,0.0940048,0.00226915,0,0.00354996,-0.51962,nan,-0.00726294,nan,nan,nan,nan,-0.0187841,-0.0665297,-0.0176651,nan,-0.148665,-0.000323529,-0.156568,-0.397031,nan,-1.15877,-0.0848131,-0.520853,-0.104471,0.0180826,-0.00233395,0.0760294,-1.11392
1645,-79.4761,401.029,0.000960375,0.125,1.29167,0.152335,1.42292,0.000537216,-0.00963946,4.32557,5.85277e-05,0.0107059,0.34955,12205.7,0.676423,0.330321,-0.4,0.2,1,1602.03,2.02138e+07,0.104238,0.00291336,0,0.00409616,-0.620371,nan,-0.00909118,nan,nan,nan,nan,-0.0216038,-0.0798604,-0.0210906,nan,-0.176197,-0.000382353,-0.191673,-0.463659,nan,-1.37586,-0.0913836,-0.621263,-0.121265,0.0212993,-0.00296223,0.0888235,-0.967807
1646,-74.5269,327.816,0.00114314,0.166667,1.41667,0.149068,1.38355,0.000684717,-0.00997294,4.32271,5.85277e-05,0.00819984,0.34954,13554.8,0.618708,0.287837,-0.4,0.2,1,1602.94,2.0226e+07,0.0819168,0.00211251,0,0.00295194,-0.509006,nan,-0.00665263,nan,nan,nan,nan,-0.0152603,-0.055537,-0.015059,nan,-0.144378,-0.000552632,-0.154794,-0.387472,nan,-1.41551,-0.0790905,-0.509917,-0.101395,0.0178265,-0.00221181,0.0585526,-1.10172
1647,-68.8832,341.698,0.00118219,0.166667,1.625,0.144073,1.40512,0.0006414,-0.0089928,4.32246,5.85277e-05,0.00950017,0.349497,9910.1,0.759374,0.480573,-0.4,0.2,1,1604.18,2.02383e+07,0.0937485,0.00225897,0,0.00321987,-0.52304,nan,-0.00703953,nan,nan,nan,nan,-0.0181909,-0.0667332,-0.0177815,nan,-0.149733,-0.000813953,-0.153971,-0.398415,nan,-1.22309,-0.0790283,-0.526096,-0.101209,0.017921,-0.00240171,0.0773256,-0.997317
1648,-70.5998,381.037,0.00113837,0.125,1,0.151939,1.44276,0.000690616,-0.00991805,4.32085,5.85277e-05,0.00902648,0.349484,11303.7,0.743338,0.343741,-0.4,0.2,1,1605.27,2.02506e+07,0.0933599,0.00296319,0,0.00451134,-0.586128,nan,-0.00847926,nan,nan,nan,nan,-0.0211269,-0.074695,-0.0216059,nan,-0.167824,-0.000407407,-0.171683,-0.448532,nan,-1.14486,-0.0849365,-0.587667,-0.121185,0.0201952,-0.00259211,0.0838889,-0.989493
1649,-56.7393,297.794,0.00106525,0,1.41667,0.155404,1.43388,0.000657272,-0.0098133,4.3198,5.85277e-05,0.0149206,0.349417,12459.7,0.680712,0.305506,-0.4,0.2,1,1606.26,2.02629e+07,0.0713114,0.0018731,0,0.00310435,-0.457635,nan,-0.00764706,nan,nan,nan,nan,-0.0165757,-0.0586932,-0.0169394,nan,-0.130806,-0.000470588,-0.139573,-0.345373,nan,-0.94815,-0.0753207,-0.457602,-0.0932647,0.0163297,-0.00203501,0.0595588,-1.016
1650,-64.8491,383.9,0.00111254,0.166667,1.5,0.152102,1.41453,0.000616162,-0.00983651,4.31581,5.85277e-05,0.0166998,0.349282,15274.3,0.56712,0.237367,-0.4,0.2,1,1607.07,2.02752e+07,0.096037,0.00267406,0,0.00472511,-0.590794,nan,-0.0099955,nan,nan,nan,nan,-0.0237385,-0.0852406,-0.0234172,nan,-0.168443,-0.000725,-0.184575,-0.449836,nan,-0.954001,-0.0908842,-0.59209,-0.120825,0.0207052,-0.00263035,0.094375,-0.727894
1651,-66.9679,372.4,0.00106077,0.125,1.33333,0.149045,1.39543,0.000645565,-0.00946311,4.31084,5.85277e-05,0.0121957,0.349145,15471.3,0.558937,0.235306,-0.4,0.2,1,1607.86,2.02875e+07,0.0967884,0.00271319,0,0.00421059,-0.572582,nan,-0.00890343,nan,nan,nan,nan,-0.021577,-0.0803549,-0.0216523,nan,-0.163553,-0.000428571,-0.168794,-0.432065,nan,-1.07334,-0.0828355,-0.573652,-0.1192,0.0196395,-0.0026016,0.0911429,-0.767936
1652,-79.2822,426.743,0.00119803,0.208333,1.25,0.148722,1.42136,0.000646986,-0.00890348,4.30589,5.85277e-05,0.00914008,0.349002,12385.7,0.63282,0.359294,-0.4,0.2,1,1608.85,2.02998e+07,0.109786,0.00303184,0,0.00473532,-0.655415,nan,-0.0112577,nan,nan,nan,nan,-0.0231542,-0.0848878,-0.0244553,nan,-0.186874,-0.0004,-0.195965,-0.494592,nan,-1.30619,-0.0918095,-0.655405,-0.127629,0.0217003,-0.00280055,0.0884286,-1.05305
1653,-78.6918,394.448,0.0011626,0.125,1.08333,0.149597,1.41605,0.000596364,-0.0102829,4.30155,5.85277e-05,0.0143266,0.348923,11008.6,0.688734,0.427485,-0.4,0.2,1,1609.97,2.03121e+07,0.0967721,0.00242009,0,0.00392377,-0.602181,nan,-0.00846552,nan,nan,nan,nan,-0.0214409,-0.0775718,-0.0212964,nan,-0.173076,-0.00037931,-0.186532,-0.462171,nan,-1.36985,-0.0921857,-0.607157,-0.123966,0.0208506,-0.00275138,0.0858621,-1.27405
1654,-60.9853,333.652,0.00126755,0.0416667,0.916667,0.146672,1.39794,0.000625341,-0.00971394,4.29789,5.85277e-05,0.0133127,0.348772,12446.5,0.658224,0.329038,-0.4,0.2,1,1610.96,2.03244e+07,0.0778492,0.00246087,0,0.0036315,-0.509486,nan,-0.00761478,nan,nan,nan,nan,-0.0191249,-0.0695098,-0.0189261,nan,-0.146258,-0.00026087,-0.151034,-0.383637,nan,-0.985215,-0.0773288,-0.509847,-0.105043,0.017555,-0.00233836,0.0765217,-0.794025
1655,-70.1121,383.424,0.00112178,0.166667,1.20833,0.147569,1.38837,0.000643646,-0.00965147,4.29294,5.85277e-05,0.011872,0.348682,13400.8,0.642987,0.273974,-0.4,0.2,1,1611.88,2.03366e+07,0.0972162,0.002778,0,0.00432974,-0.583923,nan,-0.00938121,nan,nan,nan,nan,-0.0217409,-0.0764423,-0.0217903,nan,-0.168245,-0.000363636,-0.172263,-0.437066,nan,-1.13987,-0.0860027,-0.589978,-0.11903,0.0199396,-0.00264638,0.0795455,-0.926225
1656,-68.6142,346.571,0.00122546,0.0416667,1.125,0.150363,1.40411,0.000645824,-0.00958092,4.28966,5.85277e-05,0.0131707,0.348579,15377.7,0.562931,0.236147,-0.4,0.2,1,1612.68,2.03489e+07,0.0872515,0.00261185,0,0.00364939,-0.527804,nan,-0.00819571,nan,nan,nan,nan,-0.0190066,-0.068509,-0.018372,nan,-0.152352,-0.00075,-0.159154,-0.406243,nan,-1.19424,-0.0848434,-0.53037,-0.105643,0.0185363,-0.00237707,0.0739286,-1.35533
1657,-79.4335,381.282,0.00118438,0.125,1.5,0.149648,1.43651,0.000657597,-0.00889901,4.28537,5.85277e-05,0.0130667,0.348456,15241.7,0.560524,0.245687,-0.4,0.2,1,1613.49,2.03612e+07,0.0997034,0.00238158,0,0.00393182,-0.58058,nan,-0.00826513,nan,nan,nan,nan,-0.0189023,-0.0713757,-0.019529,nan,-0.167431,-0.000461538,-0.17325,-0.450403,nan,-1.44707,-0.0837419,-0.58395,-0.115487,0.0194435,-0.00249684,0.0785897,-1.26132
1658,-72.8919,423.226,0.0011219,0.125,1.16667,0.149026,1.41892,0.00060375,-0.0110182,4.28177,5.85277e-05,0.00992423,0.348395,15357.9,0.559118,0.240993,-0.4,0.2,1,1614.29,2.03735e+07,0.117229,0.00314237,0,0.00503607,-0.647397,nan,-0.01144,nan,nan,nan,nan,-0.0249586,-0.0941038,-0.0255073,nan,-0.186161,-0.000387097,-0.189862,-0.477797,nan,-1.12803,-0.0928868,-0.645045,-0.133839,0.0223053,-0.00285441,0.095,-0.782015
1659,-83.3189,428.655,0.00105842,0.125,1.08333,0.150718,1.40029,0.000628338,-0.00987923,4.28086,5.85277e-05,0.0117775,0.348389,15345.4,0.556698,0.244064,-0.4,0.2,1,1615.09,2.03858e+07,0.101455,0.00272477,0,0.0042436,-0.654958,nan,-0.00985172,nan,nan,nan,nan,-0.0237909,-0.0866985,-0.0237643,nan,-0.188166,-0.000206897,-0.197888,-0.502624,nan,-1.42044,-0.0959285,-0.658451,-0.134621,0.0224565,-0.00297554,0.0946552,-1.13424
1660,-79.4119,398.519,0.00117921,0.166667,0.958333,0.148526,1.41487,0.000618308,-0.00934522,4.28016,5.85277e-05,0.0152639,0.348344,15305.5,0.558838,0.244013,-0.4,0.2,1,1615.89,2.03981e+07,0.101896,0.00293984,0,0.00409097,-0.604432,nan,-0.00909926,nan,nan,nan,nan,-0.0208671,-0.0839521,-0.0204926,nan,-0.174269,-0.0012963,-0.186622,-0.457628,nan,-1.40421,-0.0887957,-0.607868,-0.124074,0.0214084,-0.00280736,0.0907407,-0.841682
1661,-79.3998,363.5,0.0012148,0.0833333,1.08333,0.149241,1.40996,0.000603904,-0.009449,4.27779,5.85277e-05,0.00956615,0.348272,15310.8,0.558873,0.243698,-0.4,0.2,1,1616.7,2.04104e+07,0.0892856,0.00266346,0,0.00315234,-0.551,nan,-0.00720714,nan,nan,nan,nan,-0.0179085,-0.0682333,-0.0173721,nan,-0.159332,-0.000321429,-0.171526,-0.420034,nan,-1.48785,-0.0845561,-0.555725,-0.111679,0.0189632,-0.00252416,0.0694643,-1.07316
1662,-69.4134,355.303,0.000989131,0.0416667,1.33333,0.14733,1.41917,0.000603074,-0.00946068,4.27534,5.85277e-05,0.0139084,0.348221,15092,0.565617,0.248587,-0.4,0.2,1,1617.51,2.04227e+07,0.0847217,0.00260759,0,0.0036915,-0.533745,nan,-0.00865818,nan,nan,nan,nan,-0.0196808,-0.0722904,-0.0188497,nan,-0.155181,-0.000515152,-0.170571,-0.410898,nan,-1.19868,-0.0844238,-0.538231,-0.104758,0.0182124,-0.00246511,0.0754545,-0.853963
1663,-84.3072,389.268,0.00121021,0.125,1.58333,0.150914,1.42534,0.000651424,-0.0101392,4.27371,5.85277e-05,0.0157249,0.348179,15175.7,0.564257,0.245459,-0.4,0.2,1,1618.33,2.04349e+07,0.0969868,0.00234254,0,0.00346699,-0.585365,nan,-0.00843463,nan,nan,nan,nan,-0.0189083,-0.0682847,-0.0187543,nan,-0.170232,-0.000195122,-0.18076,-0.461406,nan,-1.57316,-0.0916762,-0.593704,-0.12061,0.0205114,-0.0027268,0.0726829,-1.41351
1664,-71.2065,385.206,0.00124657,0.0833333,1.33333,0.151472,1.41804,0.000617037,-0.0103898,4.27214,5.85277e-05,0.00874389,0.348127,15267.8,0.560163,0.244667,-0.4,0.2,1,1619.13,2.04472e+07,0.096013,0.0024701,0,0.00425668,-0.583471,nan,-0.00924588,nan,nan,nan,nan,-0.0222873,-0.0834385,-0.0220496,nan,-0.168931,-0.000411765,-0.178061,-0.45624,nan,-1.1698,-0.0896149,-0.588776,-0.119147,0.0195732,-0.00263106,0.0895588,-0.945494
1665,-81.3698,382.269,0.00120132,0.0416667,1.04167,0.150729,1.41782,0.000681031,-0.00995135,4.26978,5.85277e-05,0.0097139,0.348034,15093.3,0.562959,0.251178,-0.4,0.2,1,1619.95,2.04595e+07,0.0985562,0.00247873,0,0.00369167,-0.57523,nan,-0.00806923,nan,nan,nan,nan,-0.018356,-0.0677789,-0.0185657,nan,-0.167012,-0.000615385,-0.172573,-0.439796,nan,-1.50489,-0.089243,-0.57789,-0.119577,0.0202497,-0.00265999,0.07,-1.18469
1666,-79.6333,387.65,0.00127522,0.208333,1.45833,0.146994,1.42665,0.00066981,-0.0104024,4.26665,5.85277e-05,0.0127197,0.347979,15019.5,0.568181,0.249956,-0.4,0.2,1,1620.77,2.04718e+07,0.09312,0.0028447,0,0.00391927,-0.585543,nan,-0.0088485,nan,nan,nan,nan,-0.0193206,-0.0727007,-0.0197909,nan,-0.169396,-0.0003,-0.179358,-0.448444,nan,-1.4377,-0.0871164,-0.588373,-0.12015,0.0207321,-0.002596,0.07375,-1.09097
1667,-56.1842,320.556,0.00103315,0.0416667,1.45833,0.149945,1.4275,0.000553112,-0.00987196,4.26499,5.85277e-05,0.0116743,0.347933,14850.8,0.574939,0.252492,-0.4,0.2,1,1621.59,2.04841e+07,0.0777566,0.00178857,0,0.00377452,-0.483288,nan,-0.009055,nan,nan,nan,nan,-0.0190255,-0.0719,-0.0192472,nan,-0.140193,-0.000194444,-0.150135,-0.374566,nan,-0.875304,-0.0759482,-0.487409,-0.100028,0.0175424,-0.00211275,0.0720833,-0.893554
1668,-68.6606,373.105,0.00124279,0.0833333,1.5,0.152657,1.42088,0.000687206,-0.00940167,4.26178,5.85277e-05,0.0117698,0.347789,14983.2,0.574565,0.245555,-0.4,0.2,1,1622.42,2.04964e+07,0.094904,0.0027731,0,0.00428402,-0.567417,nan,-0.00981737,nan,nan,nan,nan,-0.0207339,-0.0738261,-0.0209017,nan,-0.163483,-0.000368421,-0.158843,-0.425105,nan,-1.13923,-0.084765,-0.566075,-0.116053,0.0198694,-0.00248141,0.0807895,-1.20986
1669,-69.7388,388,0.00106951,0.0833333,1.16667,0.1497,1.44325,0.000599611,-0.0095667,4.25734,5.85277e-05,0.00863842,0.347722,15253.2,0.560432,0.245171,-0.4,0.2,1,1623.22,2.05087e+07,0.091953,0.00225922,0,0.00430349,-0.584515,nan,-0.0100027,nan,nan,nan,nan,-0.0230092,-0.0882327,-0.0227881,nan,-0.169559,-0.000233333,-0.18478,-0.444017,nan,-1.11582,-0.0921726,-0.592362,-0.124133,0.0208914,-0.00260166,0.093,-1.05053
1670,-71.1726,380.419,0.0012798,0.125,1.16667,0.147054,1.42063,0.000676919,-0.0102846,4.25516,5.85277e-05,0.0117379,0.34764,15037,0.566649,0.250536,-0.4,0.2,1,1624.04,2.0521e+07,0.106311,0.00248547,0,0.00387461,-0.575258,nan,-0.00967484,nan,nan,nan,nan,-0.0209998,-0.0762123,-0.0211386,nan,-0.166488,-0.000419355,-0.174368,-0.444657,nan,-1.2008,-0.0849166,-0.581971,-0.121355,0.0202902,-0.00249423,0.0882258,-1.03011
1671,-71.0109,365.439,0.00114041,0.0833333,1.625,0.147745,1.42466,0.000681121,-0.0109082,4.25285,5.85277e-05,0.0091155,0.347622,14733.5,0.591341,0.242678,-0.4,0.2,1,1624.88,2.05332e+07,0.105708,0.00244548,0,0.00368252,-0.551307,nan,-0.00864,nan,nan,nan,nan,-0.0192197,-0.0712216,-0.0195222,nan,-0.159806,-0.000634146,-0.162571,-0.421089,nan,-1.24175,-0.0844224,-0.554093,-0.119341,0.0200316,-0.00248145,0.085,-0.900232
1672,-67.2728,369.562,0.00108154,0.0833333,1.25,0.149891,1.42096,0.000644697,-0.00969717,4.25242,5.85277e-05,0.0054885,0.347598,15366.6,0.556285,0.243373,-0.4,0.2,1,1625.68,2.05455e+07,0.0791235,0.0025152,0,0.00386432,-0.556496,nan,-0.00989125,nan,nan,nan,nan,-0.0217049,-0.0790567,-0.021449,nan,-0.161928,-0.00059375,-0.173976,-0.429591,nan,-1.08833,-0.0904502,-0.56203,-0.122187,0.0210843,-0.00245155,0.0915625,-0.859226
1673,-68.2766,356.057,0.00118468,0,1.45833,0.150569,1.38223,0.00059777,-0.0102624,4.25073,5.85277e-05,0.0132584,0.347535,15345.7,0.557497,0.24325,-0.4,0.2,1,1626.48,2.05578e+07,0.0764903,0.00239736,0,0.00394566,-0.540457,nan,-0.00900686,nan,nan,nan,nan,-0.0190703,-0.0681617,-0.0197674,nan,-0.155607,-0.000257143,-0.157606,-0.398516,nan,-1.16451,-0.0804315,-0.54014,-0.112686,0.019459,-0.00240658,0.0708571,-1.23804
1674,-63.907,331.697,0.00125109,0.0833333,1.29167,0.148983,1.40956,0.000704509,-0.00970012,4.24802,5.85277e-05,0.00945661,0.34744,15318.2,0.555755,0.246429,-0.4,0.2,1,1627.28,2.05701e+07,0.0850139,0.00214264,0,0.00387188,-0.502681,nan,-0.00872727,nan,nan,nan,nan,-0.0170679,-0.0599371,-0.0179821,nan,-0.144941,-0.000212121,-0.142492,-0.375465,nan,-1.1156,-0.0736995,-0.502655,-0.0998182,0.0179114,-0.0021587,0.0751515,-1.04282
1675,-67.4763,385.389,0.00102498,0.125,1.375,0.15121,1.43011,0.000560908,-0.0103419,4.24469,5.85277e-05,0.0119922,0.347369,15296.2,0.559027,0.24431,-0.4,0.2,1,1628.09,2.05824e+07,0.0943333,0.00270572,0,0.00446287,-0.583541,nan,-0.00972111,nan,nan,nan,nan,-0.0216378,-0.0797912,-0.022434,nan,-0.16884,-0.000722222,-0.163448,-0.432835,nan,-1.08339,-0.0867041,-0.581772,-0.120167,0.021133,-0.00255978,0.0979167,-0.947199
1676,-63.1677,356.625,0.00114971,0,1,0.146344,1.43556,0.000707898,-0.00934924,4.24226,5.85277e-05,0.0138114,0.347302,15280,0.560673,0.243514,-0.4,0.2,1,1628.89,2.05947e+07,0.0780937,0.00254513,0,0.00438609,-0.538766,nan,-0.00903917,nan,nan,nan,nan,-0.0213632,-0.079348,-0.0209845,nan,-0.156049,-0.0005,-0.159535,-0.413776,nan,-0.992028,-0.0863185,-0.53994,-0.112833,0.0194243,-0.00245067,0.0816667,-0.63471
1677,-70.7039,372.686,0.00113079,0.125,1.33333,0.152574,1.38807,0.000629576,-0.0100102,4.24077,5.85277e-05,0.0135822,0.347302,15010,0.557822,0.260833,-0.4,0.2,1,1629.71,2.0607e+07,0.0909168,0.00248664,0,0.00398961,-0.560586,nan,-0.008508,nan,nan,nan,nan,-0.0207118,-0.0777145,-0.0200646,nan,-0.163156,-0.000542857,-0.164556,-0.434994,nan,-1.19973,-0.0878173,-0.56134,-0.117914,0.0202576,-0.00268734,0.0857143,-1.0126
1678,-65.563,311.29,0.00119513,0.0416667,1.25,0.153238,1.37968,0.000611588,-0.0100925,4.24076,5.85277e-05,0.0114376,0.347271,11442.9,0.679736,0.39412,-0.4,0.2,1,1630.79,2.06193e+07,0.089757,0.00237437,0,0.00310054,-0.470004,nan,-0.00761935,nan,nan,nan,nan,-0.0150815,-0.0527874,-0.0154501,nan,-0.136248,-0.00016129,-0.133438,-0.356212,nan,-1.21674,-0.0705116,-0.471009,-0.10271,0.0173411,-0.00203247,0.0485484,-1.20674
1679,-69.8193,367.35,0.000966976,0.166667,1.5,0.152414,1.40156,0.000561652,-0.00978099,4.23944,5.85277e-05,0.0116719,0.347238,12365,0.674503,0.319268,-0.4,0.2,1,1631.78,2.06316e+07,0.0988559,0.00269004,0,0.00409596,-0.554321,nan,-0.0089995,nan,nan,nan,nan,-0.0202083,-0.0735597,-0.0202624,nan,-0.160783,-0.000225,-0.157943,-0.427755,nan,-1.19219,-0.0886467,-0.556267,-0.1163,0.0199673,-0.00250444,0.08225,-0.981101
1680,-51.7833,304.343,0.00119092,0.125,1.33333,0.150583,1.40541,0.000603466,-0.010006,4.2382,5.85277e-05,0.0123879,0.347205,12263.3,0.662893,0.339125,-0.4,0.2,1,1632.79,2.06438e+07,0.0607851,0.00242054,0,0.00393702,-0.455618,nan,-0.00813429,nan,nan,nan,nan,-0.0187112,-0.0687403,-0.0181225,nan,-0.133054,-0.000142857,-0.139017,-0.35778,nan,-0.770214,-0.07653,-0.461169,-0.0988571,0.0171475,-0.00221556,0.066,-0.655753
1681,-68.7183,353.515,0.00124818,0.125,1.25,0.152179,1.40524,0.00069526,-0.00956095,4.23653,5.85277e-05,0.0150369,0.347138,11893.9,0.660764,0.372374,-0.4,0.2,1,1633.82,2.06561e+07,0.082945,0.00219641,0,0.00364203,-0.528473,nan,-0.00873273,nan,nan,nan,nan,-0.0176811,-0.0679862,-0.01903,nan,-0.154282,-0.000333333,-0.15798,-0.403969,nan,-1.2032,-0.0774502,-0.528389,-0.109303,0.0194326,-0.0022959,0.0754545,-0.802553
1682,-60.7717,320.14,0.00110094,0.0416667,1.75,0.153758,1.41812,0.000685846,-0.0100396,4.23362,5.85277e-05,0.0108445,0.347064,12549.6,0.652566,0.326591,-0.4,0.2,1,1634.8,2.06684e+07,0.0808865,0.00211874,0,0.0037424,-0.483969,nan,-0.00800419,nan,nan,nan,nan,-0.0169074,-0.0581174,-0.01708,nan,-0.13992,-0.000232558,-0.138255,-0.36442,nan,-1.03867,-0.0730053,-0.482534,-0.0979302,0.017074,-0.00209407,0.0655814,-0.822296
1683,-68.0784,337.848,0.00117836,0.0833333,1.29167,0.151909,1.39107,0.000694472,-0.0104351,4.23108,5.85277e-05,0.0132465,0.34699,12800.6,0.638873,0.321083,-0.4,0.2,1,1635.76,2.06807e+07,0.0736346,0.00222101,0,0.00339464,-0.509453,nan,-0.00786788,nan,nan,nan,nan,-0.017703,-0.0653803,-0.0172454,nan,-0.147916,-0.000484848,-0.151818,-0.389673,nan,-1.2048,-0.0801562,-0.513487,-0.105545,0.0184644,-0.00231693,0.0674242,-1.17218
1684,-78.8026,369.533,0.00119591,0.166667,1.08333,0.150284,1.39032,0.000609098,-0.00917794,4.22776,5.85277e-05,0.00868015,0.346875,13210.5,0.644888,0.285282,-0.4,0.2,1,1636.7,2.0693e+07,0.101165,0.00250057,0,0.00350124,-0.557242,nan,-0.00823467,nan,nan,nan,nan,-0.0174216,-0.0644899,-0.0175255,nan,-0.161567,-0.000266667,-0.155948,-0.428044,nan,-1.46459,-0.0841592,-0.559836,-0.1142,0.0197938,-0.00257395,0.0645,-1.23874
1685,-86.6242,441.778,0.00117073,0.291667,1.20833,0.151702,1.39501,0.000661177,-0.00929248,4.22403,5.85277e-05,0.0104285,0.346789,15276.3,0.564841,0.239543,-0.4,0.2,1,1637.5,2.07053e+07,0.114632,0.0032067,0,0.00462958,-0.663952,nan,-0.0103983,nan,nan,nan,nan,-0.0220962,-0.0826444,-0.022401,nan,-0.193055,-0.000444444,-0.192127,-0.496068,nan,-1.53227,-0.0924752,-0.667143,-0.141667,0.0235983,-0.00306345,0.0865278,-0.940224
1686,-51.1283,271.185,0.00120744,0.0416667,1.08333,0.151595,1.38378,0.000617823,-0.0106154,4.22176,5.85277e-05,0.0119474,0.346749,15323.3,0.555996,0.245921,-0.4,0.2,1,1638.31,2.07176e+07,0.0691099,0.00201541,0,0.00314764,-0.40346,nan,-0.00653556,nan,nan,nan,nan,-0.0157038,-0.0565478,-0.0147681,nan,-0.118426,-3.7037e-05,-0.126092,-0.319704,nan,-0.853778,-0.0689984,-0.411377,-0.0878889,0.014548,-0.00178983,0.0555556,-0.582344
1687,-63.4234,321.606,0.00127781,0.0833333,1.29167,0.153405,1.36534,0.000668746,-0.00891995,4.22032,5.85277e-05,0.0139334,0.346712,15088.5,0.568885,0.245512,-0.4,0.2,1,1639.12,2.07299e+07,0.0942245,0.00222144,0,0.00331973,-0.476745,nan,-0.00697455,nan,nan,nan,nan,-0.0163172,-0.0573536,-0.0154062,nan,-0.140431,-0.000636364,-0.142502,-0.36899,nan,-1.13169,-0.0760623,-0.481664,-0.0989697,0.0169005,-0.00237777,0.0637879,-0.922618
1688,-64.4628,350.147,0.00121952,0.166667,1.25,0.150361,1.36981,0.00070585,-0.00971308,4.21833,5.85277e-05,0.0053368,0.346654,12148.6,0.670441,0.341037,-0.4,0.2,1,1640.13,2.07421e+07,0.0965512,0.00244313,0,0.00388828,-0.523448,nan,-0.00876118,nan,nan,nan,nan,-0.0191852,-0.0689134,-0.0192574,nan,-0.153013,-0.000970588,-0.145033,-0.399714,nan,-1.07995,-0.0809471,-0.528786,-0.114853,0.0192316,-0.00243908,0.0773529,-1.34704
1689,-88.6221,452.75,0.00119724,0.0833333,1.08333,0.15294,1.36597,0.000632232,-0.00901832,4.21641,5.85277e-05,0.0180774,0.34663,12481,0.664211,0.320328,-0.4,0.2,1,1641.12,2.07544e+07,0.123622,0.00322434,0,0.00501799,-0.678245,nan,-0.0111771,nan,nan,nan,nan,-0.0224716,-0.0828014,-0.0238779,nan,-0.197444,-0.000142857,-0.188503,-0.516904,nan,-1.57038,-0.0974243,-0.6792,-0.14075,0.0236533,-0.00308173,0.0917857,-1.0037
1690,-72.324,405.634,0.00128294,0.125,1.58333,0.151588,1.33617,0.000769982,-0.00992635,4.21566,5.85277e-05,0.0163097,0.346637,12627.5,0.661707,0.311411,-0.4,0.2,1,1642.1,2.07667e+07,0.101955,0.00266316,0,0.00458413,-0.607259,nan,-0.0108468,nan,nan,nan,nan,-0.0222464,-0.0798131,-0.0231877,nan,-0.177121,0,-0.175006,-0.455072,nan,-1.178,-0.0911625,-0.611335,-0.128512,0.0225639,-0.00280068,0.0887805,-0.865382
1691,-75.2869,365.789,0.00121497,0.0416667,1.54167,0.153056,1.38878,0.0007285,-0.0103577,4.21568,5.85277e-05,0.0180829,0.34663,14514,0.603126,0.243507,-0.4,0.2,1,1642.94,2.0779e+07,0.0960483,0.00237627,0,0.00363196,-0.542864,nan,-0.00818632,nan,nan,nan,nan,-0.017529,-0.0619841,-0.0177377,nan,-0.15936,-0.000157895,-0.163817,-0.413472,nan,-1.38592,-0.0806681,-0.546646,-0.116711,0.0204364,-0.00257007,0.0648684,-1.09967
1692,-56.319,279.75,0.00121903,0.0416667,1.45833,0.155472,1.37893,0.000683034,-0.0100052,4.21446,5.85277e-05,0.00919638,0.346558,12259.2,0.657806,0.344547,-0.4,0.2,1,1643.95,2.07913e+07,0.058851,0.0019298,0,0.00281151,-0.415728,nan,-0.00666222,nan,nan,nan,nan,-0.0138431,-0.049452,-0.0140742,nan,-0.122191,-0.000416667,-0.124225,-0.318763,nan,-1.00394,-0.0635436,-0.420642,-0.0902778,0.0157167,-0.00193095,0.0530556,-0.838024
1693,-69.1843,380.188,0.0013408,0.291667,1.04167,0.156951,1.36426,0.000756343,-0.00912708,4.21059,5.85277e-05,0.012971,0.346408,11846,0.676465,0.360846,-0.4,0.2,1,1644.99,2.08036e+07,0.0762114,0.00284954,0,0.00420521,-0.563563,nan,-0.00982375,nan,nan,nan,nan,-0.0204622,-0.0771433,-0.0219159,nan,-0.165701,-0.00015625,-0.176419,-0.435975,nan,-1.14108,-0.0823293,-0.574018,-0.118969,0.0214851,-0.00272057,0.0864063,-0.693592
1694,-86.5952,468.244,0.00128219,0.208333,1.5,0.15212,1.39816,0.000829648,-0.0103354,4.20592,5.85277e-05,0.013121,0.346327,11359.6,0.648056,0.433669,-0.4,0.2,1,1646.07,2.08159e+07,0.109105,0.00316316,0,0.004964,-0.692941,nan,-0.012661,nan,nan,nan,nan,-0.0250629,-0.0941457,-0.0262257,nan,-0.204004,-7.31707e-05,-0.218238,-0.538109,nan,-1.45901,-0.104203,-0.700351,-0.151512,0.0266232,-0.00338078,0.108659,-1.0319
1695,-77.9608,379.111,0.0011389,0,1.125,0.156977,1.36966,0.00060415,-0.00949832,4.20429,5.85277e-05,0.0106492,0.346301,12843.2,0.697535,0.259239,-0.4,0.2,1,1647.03,2.08282e+07,0.0903436,0.00238769,0,0.00360935,-0.56081,nan,-0.00853407,nan,nan,nan,nan,-0.0187155,-0.0689189,-0.0186156,nan,-0.164887,-0.000259259,-0.172149,-0.428116,nan,-1.43447,-0.087253,-0.56645,-0.119741,0.0212497,-0.00255693,0.0709259,-1.06792
1696,-63.7344,331.941,0.00115494,0.0416667,1.375,0.157164,1.37045,0.000596154,-0.00978125,4.20369,5.85277e-05,0.00611914,0.346292,15466.4,0.555487,0.239012,-0.4,0.2,1,1647.82,2.08404e+07,0.0869119,0.00235767,0,0.00329145,-0.491948,nan,-0.00796647,nan,nan,nan,nan,-0.0178578,-0.0613444,-0.0176252,nan,-0.144545,-0.000294118,-0.151121,-0.377697,nan,-1.10431,-0.0789088,-0.500118,-0.103118,0.0184672,-0.00235684,0.0641176,-0.791562
1697,-68.9232,381.152,0.00123626,0.0833333,1.29167,0.153496,1.33151,0.000685553,-0.00944787,4.20326,5.85277e-05,0.00600578,0.346268,12607.3,0.620355,0.354319,-0.4,0.2,1,1648.8,2.08527e+07,0.0937776,0.00258671,0,0.00425889,-0.568597,nan,-0.00951697,nan,nan,nan,nan,-0.0229129,-0.08532,-0.0217542,nan,-0.166441,-0.000121212,-0.173167,-0.435601,nan,-1.1286,-0.0983289,-0.571842,-0.123364,0.0219221,-0.00286125,0.095,-1.05303
1698,-88.0275,433.147,0.00116951,0.166667,1.25,0.154653,1.37498,0.000878666,-0.010038,4.20284,5.85277e-05,0.011633,0.346287,11953.2,0.687701,0.340312,-0.4,0.2,1,1649.83,2.0865e+07,0.104157,0.00324938,0,0.00438426,-0.643682,nan,-0.00947882,nan,nan,nan,nan,-0.0219111,-0.0841847,-0.022236,nan,-0.188912,-0.000941176,-0.194091,-0.490161,nan,-1.60062,-0.099059,-0.656145,-0.140235,0.0247233,-0.00301154,0.103235,-1.27225
1699,-46.7971,243.129,0.00126658,0.0416667,1.25,0.153923,1.39507,0.000659104,-0.00891665,4.20216,5.85277e-05,0.0142696,0.346197,12267.2,0.674184,0.327511,-0.4,0.2,1,1650.83,2.08773e+07,0.0562622,0.0020293,0,0.00240874,-0.361232,nan,-0.00613161,nan,nan,nan,nan,-0.0127183,-0.0433437,-0.0130517,nan,-0.105963,-0.00132258,-0.101409,-0.274181,nan,-0.820319,-0.0611425,-0.362557,-0.0760323,0.0139313,-0.001709,0.0516129,-0.634059
1700,-86.0856,451.969,0.0012706,0.0833333,1.25,0.152619,1.41359,0.000768995,-0.00965035,4.19767,5.85277e-05,0.017977,0.346072,13228.3,0.646028,0.282892,-0.4,0.2,1,1651.76,2.08896e+07,0.122407,0.00310904,0,0.00475678,-0.668606,nan,-0.0114,nan,nan,nan,nan,-0.0237946,-0.0889887,-0.0241441,nan,-0.196704,-0.00146875,-0.206094,-0.510664,nan,-1.50149,-0.101722,-0.675052,-0.141562,0.025142,-0.00313534,0.103906,-1.09006
1701,-69.2579,285.545,0.00117459,0,0.916667,0.154607,1.40503,0.000672273,-0.0091336,4.19335,5.85277e-05,0.00699638,0.345948,12476.4,0.658571,0.326332,-0.4,0.2,1,1654.72,2.09019e+07,0.0680648,0.00164024,0,0.00206328,-0.424454,nan,-0.00489545,nan,nan,nan,nan,-0.0117749,-0.0395767,-0.0113698,nan,-0.124556,-4.54545e-05,-0.126302,-0.326574,nan,-1.40612,-0.0718489,-0.428343,-0.0939091,0.0168207,-0.00206064,0.0418182,-1.04295
1702,-87.3593,457.379,0.0010885,0.0833333,1.125,0.155718,1.40545,0.000623528,-0.0089494,4.1895,5.85277e-05,0.0103089,0.345873,13465.8,0.647089,0.265448,-0.4,0.2,1,1655.63,2.09142e+07,0.118268,0.00318207,0,0.00468296,-0.678496,nan,-0.0110434,nan,nan,nan,nan,-0.0233743,-0.0860672,-0.0242874,nan,-0.199333,-0.000758621,-0.19578,-0.511042,nan,-1.52687,-0.100783,-0.686338,-0.145345,0.0252449,-0.00325056,0.101552,-0.827715
1703,-69.0223,348.2,0.00137185,0,1.25,0.153954,1.388,0.000739333,-0.00867989,4.18775,5.85277e-05,0.0112424,0.345851,14164.3,0.606558,0.260975,-0.4,0.2,1,1656.5,2.09265e+07,0.0893548,0.00272211,0,0.00371982,-0.51559,nan,-0.00834267,nan,nan,nan,nan,-0.0179459,-0.0672688,-0.0180388,nan,-0.151654,-0.0002,-0.158328,-0.387607,nan,-1.23493,-0.0844409,-0.521005,-0.112967,0.0197751,-0.00257444,0.0776667,-0.991272
1704,-68.7692,348.75,0.00118986,0.0416667,1.625,0.154674,1.38984,0.000756078,-0.00961208,4.1868,5.85277e-05,0.00901934,0.345807,14927.2,0.562565,0.260631,-0.4,0.2,1,1657.32,2.09388e+07,0.0821998,0.0026896,0,0.00342952,-0.516139,nan,-0.008114,nan,nan,nan,nan,-0.0177086,-0.0647107,-0.0179819,nan,-0.152116,-0.00065,-0.161078,-0.393976,nan,-1.22823,-0.0798977,-0.526064,-0.1121,0.0209759,-0.00245013,0.084625,-1.17055
1705,-91.9979,476.276,0.00120229,0.208333,1,0.15197,1.40163,0.000694473,-0.00939032,4.18446,5.85277e-05,0.0168462,0.345733,12845.9,0.614768,0.341802,-0.4,0.2,1,1658.28,2.0951e+07,0.130056,0.00356847,0,0.00502225,-0.707409,nan,-0.0122503,nan,nan,nan,nan,-0.0249843,-0.0942189,-0.0255274,nan,-0.207192,-0.00037931,-0.220847,-0.538278,nan,-1.61498,-0.107811,-0.710916,-0.151138,0.0271129,-0.00338834,0.0917241,-1.05864
1706,-66.438,344.026,0.00116741,0,1.625,0.152645,1.40358,0.000679042,-0.0104579,4.18154,5.85277e-05,0.0114483,0.345662,11814.7,0.676172,0.363888,-0.4,0.2,1,1659.32,2.09633e+07,0.0872749,0.00227867,0,0.0036711,-0.510637,nan,-0.00815897,nan,nan,nan,nan,-0.0174949,-0.0634847,-0.0178682,nan,-0.149819,-7.69231e-05,-0.156936,-0.382192,nan,-1.18032,-0.0788507,-0.512625,-0.10859,0.0198086,-0.00241508,0.084359,-1.07193
1707,-67.0065,390.077,0.00122291,0,1.08333,0.154202,1.39116,0.00072236,-0.00937842,4.17929,5.85277e-05,0.00623353,0.345608,12285.9,0.655767,0.344406,-0.4,0.2,1,1660.33,2.09756e+07,0.0910621,0.00239997,0,0.00444216,-0.575134,nan,-0.0104369,nan,nan,nan,nan,-0.0227025,-0.0806898,-0.0222238,nan,-0.169447,-0.000461538,-0.181948,-0.43067,nan,-1.05786,-0.0892863,-0.586995,-0.123,0.0224361,-0.00274892,0.1,-0.940595
1708,-68.5831,367.108,0.00137586,0.0833333,1.45833,0.153082,1.39034,0.000896869,-0.00975121,4.1774,5.85277e-05,0.0178179,0.345567,12549,0.703506,0.275696,-0.4,0.2,1,1661.31,2.09879e+07,0.0894964,0.00209703,0,0.00374991,-0.548711,nan,-0.00889135,nan,nan,nan,nan,-0.020699,-0.0737317,-0.0198596,nan,-0.159824,-0.000459459,-0.176916,-0.41667,nan,-1.16536,-0.087549,-0.552284,-0.117243,0.0216872,-0.00274469,0.0902703,-0.960368
1709,-57.7994,309.737,0.00124557,0.0833333,1.5,0.151169,1.42349,0.000783369,-0.0104984,4.17573,5.85277e-05,0.0067067,0.345505,12694.3,0.643939,0.324052,-0.4,0.2,1,1662.28,2.10002e+07,0.0678452,0.00239675,0,0.00362568,-0.457188,nan,-0.00741421,nan,nan,nan,nan,-0.016453,-0.0573997,-0.0164686,nan,-0.134981,-0.000552632,-0.137386,-0.346746,nan,-0.99197,-0.0713124,-0.461847,-0.0974474,0.0184715,-0.00222775,0.0753947,-0.892335
1710,-50.3065,257.897,0.0011332,0,1.20833,0.151301,1.41542,0.00065258,-0.0104036,4.17267,5.85277e-05,0.00880563,0.345396,11068.5,0.710232,0.399949,-0.4,0.2,1,1663.39,2.10125e+07,0.0617083,0.0020653,0,0.00256328,-0.383894,nan,-0.00615172,nan,nan,nan,nan,-0.0134588,-0.0496074,-0.0133139,nan,-0.112417,-6.89655e-05,-0.117827,-0.279909,nan,-0.884434,-0.0647,-0.384138,-0.0799655,0.0147857,-0.00193961,0.0551724,-0.627842
1711,-75.9463,427.292,0.00119601,0.125,1.875,0.15487,1.41367,0.000841865,-0.010312,4.16992,5.85277e-05,0.0189342,0.34537,11880,0.698697,0.335643,-0.4,0.2,1,1664.42,2.10248e+07,0.0999747,0.00338053,0,0.00474015,-0.629422,nan,-0.0106038,nan,nan,nan,nan,-0.0241144,-0.0880902,-0.0237741,nan,-0.186279,-0.000770833,-0.19162,-0.477779,nan,-1.23238,-0.100921,-0.640864,-0.137812,0.0237666,-0.00295277,0.102083,-1.13553
1712,-114.899,543.968,0.00130424,0.25,1.04167,0.152413,1.41464,0.000728724,-0.0100724,4.16994,5.85277e-05,0.010584,0.345361,12175.5,0.634563,0.374676,-0.4,0.2,1,1665.43,2.10371e+07,0.13213,0.00364202,0,0.00466769,-0.800368,nan,-0.0125652,nan,nan,nan,nan,-0.0252739,-0.0938211,-0.0270949,nan,-0.236894,-0.000870968,-0.252824,-0.620905,nan,-2.1603,-0.117685,-0.815014,-0.177194,0.0317869,-0.00397074,0.109355,-1.32086
1713,-63.5748,365.483,0.00115249,0.125,1.08333,0.15405,1.41649,0.00068019,-0.00929132,4.1685,5.85277e-05,0.016926,0.345307,12334.4,0.663991,0.332244,-0.4,0.2,1,1666.43,2.10493e+07,0.092632,0.00256762,0,0.00420847,-0.539517,nan,-0.00949034,nan,nan,nan,nan,-0.0211583,-0.0787034,-0.0210841,nan,-0.158775,-0.000241379,-0.171725,-0.418621,nan,-1.00711,-0.0871658,-0.547651,-0.119724,0.0215695,-0.00254932,0.087069,-0.982474
1714,-62.023,352.357,0.001215,0.166667,1.58333,0.151453,1.45937,0.000708784,-0.00949011,4.16699,5.85277e-05,0.0147243,0.345291,12375,0.664109,0.328857,-0.4,0.2,1,1667.43,2.10616e+07,0.0863157,0.00264851,0,0.00430301,-0.522225,nan,-0.00875619,nan,nan,nan,nan,-0.020109,-0.0738199,-0.0195641,nan,-0.153127,-0.000333333,-0.162084,-0.40178,nan,-0.988015,-0.0826466,-0.528483,-0.115667,0.0204524,-0.0024283,0.0879762,-0.783329
1715,-84.8105,414.276,0.00108937,0.166667,1.04167,0.144987,1.4364,0.00069604,-0.00924958,4.16567,5.85277e-05,0.00857755,0.345205,12633.4,0.624562,0.348099,-0.4,0.2,1,1668.4,2.10739e+07,0.108121,0.00298814,0,0.00396594,-0.614527,nan,-0.00926828,nan,nan,nan,nan,-0.0199376,-0.0743159,-0.0199511,nan,-0.180629,-6.89655e-05,-0.190854,-0.480625,nan,-1.54263,-0.0958125,-0.619836,-0.133552,0.0241962,-0.00302049,0.0877586,-0.999518
1716,-63.3565,369.167,0.00123921,0.125,1.125,0.149757,1.43453,0.000623425,-0.00987962,4.16246,5.85277e-05,0.0142292,0.345159,10732.2,0.703478,0.441487,-0.4,0.2,1,1669.55,2.10862e+07,0.0894279,0.00234945,0,0.00426556,-0.545885,nan,-0.00968533,nan,nan,nan,nan,-0.0215663,-0.0772239,-0.0218313,nan,-0.160421,-0.000366667,-0.172779,-0.413703,nan,-0.9859,-0.0893301,-0.555107,-0.124133,0.022388,-0.00266944,0.089,-0.648843
1717,-58.1619,344.562,0.00119682,0,1.33333,0.148228,1.47368,0.000690503,-0.0102941,4.16194,5.85277e-05,0.0186817,0.345175,10958.9,0.718133,0.403143,-0.4,0.2,1,1670.67,2.10985e+07,0.0719923,0.00239736,0,0.00454557,-0.506716,nan,-0.00918438,nan,nan,nan,nan,-0.0199799,-0.0763434,-0.0205433,nan,-0.150289,-3.125e-05,-0.154448,-0.392842,nan,-0.888882,-0.0841294,-0.519364,-0.108844,0.0204771,-0.00244818,0.088125,-0.517083
1718,-79.6783,381.605,0.00127213,0.125,1.66667,0.14687,1.44423,0.000798142,-0.00947676,4.16127,5.85277e-05,0.0135184,0.345113,12814.7,0.668118,0.290783,-0.4,0.2,1,1671.63,2.11108e+07,0.0920597,0.00295278,0,0.00378249,-0.562545,nan,-0.00893907,nan,nan,nan,nan,-0.017703,-0.0622364,-0.0183874,nan,-0.166055,-0.000465116,-0.17898,-0.428984,nan,-1.47633,-0.085836,-0.572028,-0.11807,0.0222382,-0.00272324,0.0651163,-1.26523
1719,-60.5,293.208,0.00142936,0.0833333,1.91667,0.151627,1.45245,0.000848693,-0.0111194,4.15821,5.85277e-05,0.0164862,0.345016,14626.5,0.59474,0.245377,-0.4,0.2,1,1672.47,2.11231e+07,0.0727335,0.001749,0,0.00312205,-0.430782,nan,-0.00666208,nan,nan,nan,nan,-0.0140516,-0.0516731,-0.0140675,nan,-0.127747,-8.33333e-05,-0.131868,-0.33534,nan,-1.10164,-0.067188,-0.441516,-0.0945417,0.0171773,-0.00184368,0.0602083,-0.911968
1720,-60.6369,306.321,0.00130634,0,1.16667,0.152153,1.47516,0.000763903,-0.00970054,4.15438,5.85277e-05,0.00869642,0.344909,15632.4,0.551654,0.234406,-0.4,0.2,1,1673.26,2.11354e+07,0.0827065,0.00244785,0,0.00357201,-0.449386,nan,-0.00731143,nan,nan,nan,nan,-0.0160504,-0.0558606,-0.0160461,nan,-0.133261,-0.000357143,-0.144769,-0.349822,nan,-1.07324,-0.0748589,-0.464512,-0.0963214,0.0177146,-0.00194652,0.0667857,-0.99969
1721,-74.616,416.061,0.00126194,0.25,1.125,0.152871,1.50459,0.000651109,-0.0105761,4.15063,5.85277e-05,0.010525,0.34481,14911.4,0.567293,0.256773,-0.4,0.2,1,1674.09,2.11476e+07,0.0989179,0.00256239,0,0.00507007,-0.611395,nan,-0.0106685,nan,nan,nan,nan,-0.0231668,-0.0888883,-0.0234712,nan,-0.181378,-0.000363636,-0.189146,-0.469462,nan,-1.21829,-0.0958769,-0.621869,-0.135667,0.0242334,-0.00292586,0.103788,-1.07361
1722,-66.3065,335.444,0.00121891,0.125,1.375,0.1499,1.4664,0.000749235,-0.00954414,4.14741,5.85277e-05,0.0124829,0.344706,12220.2,0.655359,0.350192,-0.4,0.2,1,1675.09,2.11599e+07,0.0814545,0.00226737,0,0.00361294,-0.492832,nan,-0.00725944,nan,nan,nan,nan,-0.0171709,-0.0622261,-0.0168724,nan,-0.145947,-0.000305556,-0.162363,-0.38449,nan,-1.16465,-0.0847975,-0.501655,-0.108583,0.0196182,-0.00246152,0.07375,-1.03326
1723,-60.0746,314.209,0.00114905,0.0833333,1.70833,0.150994,1.46709,0.000680186,-0.00956094,4.1437,5.85277e-05,0.0120597,0.344604,11777.6,0.717521,0.325812,-0.4,0.2,1,1676.14,2.11722e+07,0.083226,0.00213506,0,0.00358198,-0.463923,nan,-0.00709163,nan,nan,nan,nan,-0.0172166,-0.0623902,-0.0165377,nan,-0.137022,-0.000372093,-0.150231,-0.362917,nan,-1.02959,-0.0762626,-0.474236,-0.0992326,0.018099,-0.00218214,0.0715116,-0.936328
1724,-64.2345,352.6,0.00128442,0,1.25,0.15048,1.48502,0.000710748,-0.00987248,4.14087,5.85277e-05,0.0104287,0.344574,12945.2,0.657285,0.291944,-0.4,0.2,1,1677.09,2.11845e+07,0.0991117,0.00244779,0,0.00429057,-0.51815,nan,-0.00817,nan,nan,nan,nan,-0.0189557,-0.0681091,-0.0194021,nan,-0.15347,-0.0007,-0.167591,-0.402804,nan,-1.06935,-0.0797711,-0.53125,-0.1188,0.0197703,-0.00244084,0.0893333,-1.14733
1725,-65.1097,334.783,0.00129778,0.0833333,1.83333,0.154886,1.4828,0.000773152,-0.0100362,4.13954,5.85277e-05,0.0179374,0.344523,14807.6,0.584006,0.245838,-0.4,0.2,1,1677.92,2.11968e+07,0.0897094,0.00202986,0,0.00358866,-0.492381,nan,-0.00803261,nan,nan,nan,nan,-0.0175664,-0.0617281,-0.0173067,nan,-0.145649,-0.000152174,-0.158079,-0.387009,nan,-1.13756,-0.0809435,-0.503249,-0.10587,0.01934,-0.00238189,0.0707609,-0.990564
1726,-65.0633,327.919,0.00127925,0.166667,1.375,0.150132,1.44998,0.000696624,-0.010221,4.13746,5.85277e-05,0.00605236,0.344465,11941,0.667272,0.36179,-0.4,0.2,1,1678.95,2.12091e+07,0.079072,0.00228419,0,0.00351823,-0.484986,nan,-0.00774973,nan,nan,nan,nan,-0.0163563,-0.0576392,-0.016771,nan,-0.142919,-8.10811e-05,-0.152811,-0.368625,nan,-1.14367,-0.0830101,-0.492191,-0.104,0.0199813,-0.00235217,0.065,-0.862994
1727,-58.525,330.222,0.00125684,0.0416667,1.45833,0.151722,1.46396,0.000762662,-0.0103013,4.13588,5.85277e-05,0.0134574,0.34443,10615.1,0.812307,0.345292,-0.4,0.2,1,1680.11,2.12214e+07,0.0724539,0.00174195,0,0.00427531,-0.481469,nan,-0.00854833,nan,nan,nan,nan,-0.0189662,-0.066723,-0.0189889,nan,-0.144002,-0.00025,-0.151625,-0.383904,nan,-0.935147,-0.0813802,-0.499473,-0.1075,0.0203256,-0.00234154,0.0804167,-0.820574
1728,-69.9799,373.419,0.00134581,0.125,1.66667,0.152183,1.4558,0.000796766,-0.0100736,4.13471,5.85277e-05,0.010038,0.34439,12010.9,0.671829,0.351242,-0.4,0.2,1,1681.13,2.12337e+07,0.0916292,0.00232186,0,0.0045119,-0.545731,nan,-0.00941163,nan,nan,nan,nan,-0.0194232,-0.0683186,-0.0199184,nan,-0.162409,-0.00044186,-0.172556,-0.424404,nan,-1.18397,-0.0878215,-0.558741,-0.117535,0.0207575,-0.00258679,0.0847674,-1.28887
1729,-49.8012,255.167,0.000962663,0.0416667,1.45833,0.152101,1.44799,0.000680615,-0.0102484,4.13221,5.85277e-05,0.00977001,0.344285,12948,0.683545,0.265479,-0.4,0.2,1,1682.08,2.1246e+07,0.0625712,0.00145727,0,0.00279289,-0.374016,nan,-0.00652889,nan,nan,nan,nan,-0.0130155,-0.0441501,-0.0136338,nan,-0.111181,-0.000194444,-0.118607,-0.298639,nan,-0.864627,-0.0622072,-0.382763,-0.0825833,0.0148781,-0.00172466,0.0470833,-0.734922
1730,-64.1459,337.781,0.00138526,0.125,1.20833,0.153033,1.46049,0.000748732,-0.00972039,4.1282,5.85277e-05,0.0171403,0.344172,11125,0.693668,0.410867,-0.4,0.2,1,1683.19,2.12582e+07,0.0886084,0.00218406,0,0.00400881,-0.496484,nan,-0.00799875,nan,nan,nan,nan,-0.0179936,-0.065955,-0.0179153,nan,-0.147231,-0.000125,-0.151428,-0.39725,nan,-1.08649,-0.0823491,-0.509988,-0.106937,0.0199435,-0.00234149,0.07625,-1.09441
1731,-69.413,400.323,0.0013236,0.125,1.16667,0.148088,1.44526,0.000724623,-0.0104955,4.12463,5.85277e-05,0.0105268,0.344105,10467,0.753919,0.420061,-0.4,0.2,1,1684.37,2.12705e+07,0.095031,0.00254387,0,0.00514457,-0.583763,nan,-0.0101755,nan,nan,nan,nan,-0.0232964,-0.0899589,-0.0224992,nan,-0.17454,-0.000129032,-0.18744,-0.456809,nan,-1.09134,-0.0944377,-0.598169,-0.126419,0.0229554,-0.00295949,0.106935,-0.748096
1732,-94.853,455.444,0.00113128,0.166667,1.33333,0.146217,1.44152,0.000718074,-0.00955285,4.12195,5.85277e-05,0.00965042,0.344006,9685.03,0.857108,0.411654,-0.4,0.2,1,1685.64,2.12828e+07,0.111362,0.00323484,0,0.00461794,-0.667406,nan,-0.00985111,nan,nan,nan,nan,-0.0199247,-0.0714829,-0.0215042,nan,-0.197683,-0.000638889,-0.207543,-0.517354,nan,-1.74664,-0.0978329,-0.67932,-0.142861,0.0251275,-0.00324896,0.0826389,-1.31926
1733,-41.4705,238.5,0.00121841,0,1.16667,0.150913,1.42817,0.000636712,-0.00890535,4.1188,5.85277e-05,0.0106526,0.343955,13182.5,0.689307,0.242837,-0.4,0.2,1,1686.57,2.12951e+07,0.0641711,0.00140585,0,0.00318476,-0.352856,nan,-0.006485,nan,nan,nan,nan,-0.0143336,-0.0513409,-0.0137063,nan,-0.103866,-0.000964286,-0.106208,-0.279179,nan,-0.649688,-0.0642554,-0.360027,-0.0804643,0.0142741,-0.00162939,0.0594643,-0.73373
1734,-79.4684,409.964,0.00131726,0.125,1.04167,0.151065,1.45829,0.000753719,-0.00967877,4.11731,5.85277e-05,0.0128405,0.343902,15337.6,0.556635,0.244536,-0.4,0.2,1,1687.37,2.13074e+07,0.0952578,0.0026354,0,0.00462964,-0.599724,nan,-0.00942,nan,nan,nan,nan,-0.0208539,-0.076323,-0.0212729,nan,-0.178306,-3.57143e-05,-0.183467,-0.470737,nan,-1.3837,-0.0943939,-0.615832,-0.131893,0.0233709,-0.00287457,0.0932143,-0.807397
1735,-64.2881,320.212,0.00123315,0.0416667,1.33333,0.152614,1.43759,0.000748078,-0.00932353,4.11548,5.85277e-05,0.00969117,0.343866,15347.9,0.551401,0.249229,-0.4,0.2,1,1688.17,2.13197e+07,0.0719718,0.00186284,0,0.0037309,-0.471396,nan,-0.00728121,nan,nan,nan,nan,-0.0162515,-0.0574731,-0.015972,nan,-0.139759,-0.000484848,-0.140734,-0.379354,nan,-1.13524,-0.0784678,-0.480139,-0.101727,0.0181066,-0.00227024,0.0663636,-1.15463
1736,-67.9473,341.167,0.00126322,0.0833333,1.66667,0.149934,1.43308,0.000718229,-0.00980556,4.11358,5.85277e-05,0.0180354,0.343784,11361.3,0.674597,0.406969,-0.4,0.2,1,1689.26,2.1332e+07,0.0891577,0.00251107,0,0.00382899,-0.49671,nan,-0.00793238,nan,nan,nan,nan,-0.0171113,-0.0568155,-0.0172703,nan,-0.148621,-7.14286e-05,-0.158292,-0.387587,nan,-1.2059,-0.0807003,-0.512874,-0.106976,0.0190591,-0.00252893,0.0672619,-1.06342
1737,-57.977,294.447,0.00124139,0,1.58333,0.152474,1.40928,0.000748522,-0.0107021,4.11057,5.85277e-05,0.0109654,0.343715,10361.1,0.742012,0.443957,-0.4,0.2,1,1690.45,2.13443e+07,0.0611545,0.00178293,0,0.0035602,-0.430405,nan,-0.00680632,nan,nan,nan,nan,-0.0149634,-0.0526508,-0.0150012,nan,-0.128087,-0.000236842,-0.132917,-0.341827,nan,-1.00485,-0.0731824,-0.438441,-0.0930526,0.0171056,-0.00208857,0.0568421,-0.965173
1738,-81.9207,419.605,0.00120088,0.208333,1.58333,0.15119,1.40565,0.000679274,-0.00940883,4.10855,5.85277e-05,0.00783604,0.34367,11397.3,0.712102,0.366051,-0.4,0.2,1,1691.52,2.13565e+07,0.111244,0.00257843,0,0.00471088,-0.613577,nan,-0.00951907,nan,nan,nan,nan,-0.0213468,-0.0803453,-0.0216421,nan,-0.182324,-0.000186047,-0.187335,-0.488015,nan,-1.43534,-0.0961697,-0.630983,-0.132512,0.0229754,-0.00314761,0.0913953,-1.01885
1739,-50.9044,318.086,0.00123047,0.125,1.33333,0.157125,1.41014,0.000711942,-0.0104377,4.10689,5.85277e-05,0.0120051,0.343627,12749.6,0.676798,0.286995,-0.4,0.2,1,1692.49,2.13688e+07,0.0811986,0.0022063,0,0.00437286,-0.465496,nan,-0.00851886,nan,nan,nan,nan,-0.0191907,-0.068803,-0.0190671,nan,-0.138158,-0.000828571,-0.142825,-0.357412,nan,-0.733993,-0.0746258,-0.476352,-0.1036,0.0184345,-0.00221399,0.0792857,-0.837438
1740,-60.3775,302.562,0.00136666,0,1.33333,0.152022,1.41775,0.000724543,-0.0086928,4.10502,5.85277e-05,0.0138269,0.343574,15038.8,0.574454,0.24263,-0.4,0.2,1,1693.31,2.13811e+07,0.0785938,0.00186495,0,0.00328839,-0.43946,nan,-0.00683625,nan,nan,nan,nan,-0.0148738,-0.0494757,-0.015053,nan,-0.131875,-0.0001875,-0.132306,-0.355804,nan,-1.08026,-0.073488,-0.450848,-0.0960625,0.0182383,-0.00219276,0.0614063,-1.06733
1741,-57.4773,335.719,0.0012436,0.0416667,1.29167,0.151027,1.41933,0.000761592,-0.00940708,4.10311,5.85277e-05,0.00940563,0.343551,15228.2,0.56762,0.239303,-0.4,0.2,1,1694.12,2.13934e+07,0.0812732,0.00231778,0,0.00442071,-0.488974,nan,-0.00863813,nan,nan,nan,nan,-0.0185076,-0.0666991,-0.0186302,nan,-0.145961,-0.0003125,-0.147467,-0.386404,nan,-0.901383,-0.074185,-0.502792,-0.10525,0.0192655,-0.00248585,0.0792188,-0.68505
1742,-64.2196,367.296,0.00141058,0,1.125,0.152606,1.3982,0.000736527,-0.00976351,4.10219,5.85277e-05,0.0112299,0.343525,14717.8,0.580204,0.254702,-0.4,0.2,1,1694.95,2.14057e+07,0.0948984,0.00262427,0,0.00454114,-0.531103,nan,-0.00896741,nan,nan,nan,nan,-0.0206456,-0.072965,-0.0203909,nan,-0.159852,-0.000296296,-0.166845,-0.420672,nan,-1.02773,-0.084693,-0.552736,-0.110111,0.0196586,-0.00264878,0.0846296,-0.80214
1743,-66.6697,365.688,0.00132781,0.0833333,1.25,0.151082,1.41819,0.000775381,-0.00931236,4.10154,5.85277e-05,0.0141483,0.34354,14256.8,0.608656,0.253248,-0.4,0.2,1,1695.82,2.1418e+07,0.0984433,0.00274586,0,0.00460018,-0.525472,nan,-0.00894563,nan,nan,nan,nan,-0.0184141,-0.0633176,-0.0198072,nan,-0.159134,-9.375e-05,-0.155195,-0.416482,nan,-1.12066,-0.0772665,-0.540906,-0.110812,0.018895,-0.00258721,0.06875,-1.2313
1744,-74.1066,407.786,0.00137088,0.0416667,1.125,0.148806,1.42025,0.000855155,-0.010997,4.10126,5.85277e-05,0.014117,0.343494,13755.3,0.619644,0.273687,-0.4,0.2,1,1696.71,2.14303e+07,0.107599,0.00269472,0,0.00486688,-0.589818,nan,-0.0105236,nan,nan,nan,nan,-0.0218905,-0.0791145,-0.0231315,nan,-0.177504,-0.00121429,-0.190739,-0.46911,nan,-1.22354,-0.0940461,-0.614177,-0.129893,0.022657,-0.00288288,0.0889286,-0.947303
1745,-60.9039,295.8,0.00125407,0.125,1.54167,0.150751,1.42933,0.00069786,-0.0101155,4.09981,5.85277e-05,0.0140937,0.343498,14600.5,0.579661,0.261954,-0.4,0.2,1,1697.55,2.14426e+07,0.0874549,0.00202394,0,0.00324443,-0.425243,nan,-0.0066705,nan,nan,nan,nan,-0.0135733,-0.0461678,-0.0138278,nan,-0.128481,-0.00065,-0.137121,-0.339526,nan,-1.12121,-0.0665906,-0.441124,-0.087675,0.0159504,-0.0021375,0.055,-1.16574
1746,-65.9399,333.455,0.00132263,0.0416667,1.33333,0.147869,1.4043,0.000715885,-0.010339,4.10015,5.85277e-05,0.0130765,0.343499,14182.5,0.614998,0.251421,-0.4,0.2,1,1698.42,2.14548e+07,0.0957293,0.00223295,0,0.00375458,-0.482026,nan,-0.00724667,nan,nan,nan,nan,-0.0158839,-0.0558568,-0.0162844,nan,-0.145087,-9.09091e-05,-0.149269,-0.387193,nan,-1.16709,-0.0772428,-0.500768,-0.107909,0.019006,-0.00227909,0.0713636,-1.37446
1747,-69.9093,393.241,0.00119886,0.125,1.08333,0.149091,1.41109,0.000656602,-0.0082431,4.09895,5.85277e-05,0.0121791,0.343443,14332.9,0.582021,0.27531,-0.4,0.2,1,1699.28,2.14671e+07,0.100437,0.0025153,0,0.00514827,-0.56822,nan,-0.0099869,nan,nan,nan,nan,-0.0208471,-0.0762834,-0.0219702,nan,-0.171072,-0.000206897,-0.171664,-0.439738,nan,-1.13916,-0.0855655,-0.585012,-0.122483,0.0217287,-0.00278788,0.0825862,-0.707815
1748,-54.5153,353.227,0.00139533,0.125,0.791667,0.148184,1.38437,0.000702588,-0.0102216,4.09593,5.85277e-05,0.0142907,0.343343,13382.6,0.645371,0.272837,-0.4,0.2,1,1700.2,2.14794e+07,0.0814383,0.00271269,0,0.00528346,-0.513868,nan,-0.00989,nan,nan,nan,nan,-0.0212845,-0.0779997,-0.0217902,nan,-0.153438,-0.000363636,-0.169806,-0.399043,nan,-0.746062,-0.084348,-0.527921,-0.117273,0.0213449,-0.00253353,0.0945455,-0.940158
1749,-77.9812,391.973,0.00133748,0.0833333,1.45833,0.143912,1.43188,0.00067513,-0.00857539,4.09196,5.85277e-05,0.0104547,0.343236,14746,0.591093,0.24222,-0.4,0.2,1,1701.04,2.14917e+07,0.107782,0.00262802,0,0.00431469,-0.567895,nan,-0.00916,nan,nan,nan,nan,-0.01914,-0.0663965,-0.0197849,nan,-0.170633,-0.000621622,-0.179991,-0.452985,nan,-1.39069,-0.0886122,-0.586808,-0.117946,0.0211203,-0.0026897,0.0816216,-1.02483
1750,-61.5569,340.303,0.00117799,0.0833333,1.29167,0.146205,1.42592,0.000666646,-0.0091622,4.08828,5.85277e-05,0.0145376,0.343148,14702.5,0.585826,0.249952,-0.4,0.2,1,1701.87,2.1504e+07,0.0948467,0.00208392,0,0.00393525,-0.493584,nan,-0.00802485,nan,nan,nan,nan,-0.0182918,-0.0661238,-0.0188624,nan,-0.148158,-0.00139394,-0.154645,-0.391964,nan,-1.02238,-0.079956,-0.511087,-0.108515,0.0192911,-0.00232226,0.0890909,-0.664536
1751,-67.7841,385.97,0.00125345,0.0833333,1.29167,0.145424,1.4201,0.000769662,-0.00969091,4.08549,5.85277e-05,0.0116262,0.343076,15030.6,0.570404,0.247131,-0.4,0.2,1,1702.69,2.15163e+07,0.0805094,0.00223082,0,0.00461469,-0.561473,nan,-0.0104515,nan,nan,nan,nan,-0.0214667,-0.0819878,-0.0225279,nan,-0.167563,-0.000909091,-0.17428,-0.443435,nan,-1.08738,-0.0855385,-0.57684,-0.124364,0.0223727,-0.00284549,0.103636,-0.885516
1752,-74.4797,411.421,0.00133326,0.0416667,0.75,0.146387,1.44895,0.000721164,-0.00919035,4.08338,5.85277e-05,0.0069695,0.343033,14974.3,0.570344,0.250263,-0.4,0.2,1,1703.51,2.15286e+07,0.11068,0.00317601,0,0.00469799,-0.595965,nan,-0.00946,nan,nan,nan,nan,-0.0214246,-0.0752599,-0.0225859,nan,-0.178988,-0.000210526,-0.185597,-0.473921,nan,-1.24531,-0.0885091,-0.616409,-0.130684,0.0239369,-0.00311264,0.0960526,-0.99779
1753,-73.8768,358.882,0.00123672,0.0416667,1.375,0.147893,1.45336,0.000788221,-0.00906374,4.08219,5.85277e-05,0.00834674,0.342999,13965.7,0.620319,0.259554,-0.4,0.2,1,1704.39,2.15409e+07,0.0969277,0.00227094,0,0.00374588,-0.516058,nan,-0.00759235,nan,nan,nan,nan,-0.0167866,-0.0590563,-0.0169681,nan,-0.155966,-2.94118e-05,-0.162637,-0.416246,nan,-1.34938,-0.0829382,-0.537767,-0.111,0.0198676,-0.00248042,0.0664706,-1.01596
1754,-59.9424,345.297,0.00118257,0.125,1.41667,0.147458,1.4558,0.000707263,-0.0100308,4.08098,5.85277e-05,0.0128675,0.34299,14949.6,0.58012,0.241843,-0.4,0.2,1,1705.22,2.15532e+07,0.0872404,0.00223914,0,0.00445318,-0.495371,nan,-0.00869838,nan,nan,nan,nan,-0.0200861,-0.0703783,-0.0201299,nan,-0.149789,-8.10811e-05,-0.158745,-0.406192,nan,-0.93833,-0.0863523,-0.522298,-0.108486,0.0188399,-0.00238307,0.087973,-0.865565
1755,-88.6832,427.042,0.00115906,0.166667,0.833333,0.149836,1.44339,0.000687057,-0.0104063,4.08045,5.85277e-05,0.0160522,0.342975,14654,0.581644,0.2569,-0.4,0.2,1,1706.06,2.15654e+07,0.114576,0.00292902,0,0.00420727,-0.613855,nan,-0.0087625,nan,nan,nan,nan,-0.0193914,-0.0695428,-0.020199,nan,-0.18505,-8.33333e-05,-0.185612,-0.482822,nan,-1.65294,-0.0951115,-0.633867,-0.134958,0.0227515,-0.00304851,0.0870833,-1.12093
1756,-74.8191,425.2,0.00116002,0.125,1.54167,0.149639,1.40949,0.00069447,-0.00911113,4.07934,5.85277e-05,0.00789805,0.342938,14250.9,0.604667,0.257596,-0.4,0.2,1,1706.92,2.15777e+07,0.103949,0.00293506,0,0.00506509,-0.612718,nan,-0.010718,nan,nan,nan,nan,-0.0234644,-0.0850482,-0.023821,nan,-0.184223,-0.0002,-0.196882,-0.495019,nan,-1.20159,-0.0985106,-0.635014,-0.13505,0.0239071,-0.00301226,0.10625,-1.23461
1757,-70.1478,314.514,0.00113291,0.125,1.33333,0.147184,1.43347,0.000592449,-0.0101511,4.0776,5.85277e-05,0.00981861,0.342871,14371.4,0.598898,0.256132,-0.4,0.2,1,1707.78,2.159e+07,0.0910995,0.00212433,0,0.00301949,-0.454999,nan,-0.00600457,nan,nan,nan,nan,-0.0137617,-0.0463895,-0.0135441,nan,-0.136597,-0.000171429,-0.141708,-0.355669,nan,-1.35538,-0.0791041,-0.467967,-0.0938286,0.0165241,-0.00226986,0.0457143,-1.16311
1758,-67.5787,357.16,0.00122127,0.0416667,1,0.148286,1.42775,0.000724883,-0.00986177,4.07463,5.85277e-05,0.0176114,0.342797,14171.8,0.598829,0.268244,-0.4,0.2,1,1708.65,2.16023e+07,0.0911626,0.00212028,0,0.00442756,-0.516645,nan,-0.0090248,nan,nan,nan,nan,-0.0182469,-0.0664226,-0.0186469,nan,-0.155037,-4e-05,-0.160489,-0.410244,nan,-1.15614,-0.0862513,-0.531901,-0.1084,0.0189996,-0.00244827,0.0822,-0.844776
1759,-71.5804,398.333,0.00120005,0.166667,1.58333,0.145061,1.42246,0.000677634,-0.0095217,4.0715,5.85277e-05,0.0142468,0.342677,13979.2,0.614352,0.26467,-0.4,0.2,1,1709.53,2.16146e+07,0.0942643,0.00276408,0,0.00471299,-0.569432,nan,-0.00959286,nan,nan,nan,nan,-0.020891,-0.0726998,-0.0214398,nan,-0.172649,-0.000714286,-0.177233,-0.451991,nan,-1.17781,-0.0910104,-0.592346,-0.118952,0.0196076,-0.00282144,0.0878571,-0.997175
1760,-84.4964,432.276,0.00120344,0.125,1.08333,0.141923,1.44029,0.000791221,-0.00867194,4.06751,5.85277e-05,0.0124639,0.3426,14843,0.589798,0.238065,-0.4,0.2,1,1710.36,2.16269e+07,0.118263,0.00296973,0,0.00450613,-0.620427,nan,-0.00990207,nan,nan,nan,nan,-0.0210119,-0.0736167,-0.0211992,nan,-0.187504,-0.000275862,-0.199688,-0.490711,nan,-1.50322,-0.0931106,-0.646823,-0.132207,0.0226453,-0.00338103,0.0881034,-1.10738
1761,-74.6017,393.622,0.00125019,0.0833333,1.45833,0.146394,1.45595,0.000816229,-0.0103442,4.06678,5.85277e-05,0.0132348,0.342642,11783.9,0.620958,0.421824,-0.4,0.2,1,1711.4,2.16392e+07,0.0958885,0.0026615,0,0.00449475,-0.566061,nan,-0.00870973,nan,nan,nan,nan,-0.0205908,-0.0734143,-0.0203531,nan,-0.17057,-0.000702703,-0.183017,-0.453771,nan,-1.27079,-0.0929039,-0.588085,-0.12473,0.0209903,-0.00295627,0.0785135,-0.823191
1762,-72.4687,321.969,0.00108982,0,1.33333,0.146811,1.42197,0.000631431,-0.00941251,4.06754,5.85277e-05,0.0103117,0.342619,10720.1,0.784042,0.362211,-0.4,0.2,1,1712.55,2.16515e+07,0.092322,0.00235796,0,0.00299266,-0.464915,nan,-0.00621438,nan,nan,nan,nan,-0.0136288,-0.0469055,-0.0134819,nan,-0.140127,-0.0006875,-0.143694,-0.376898,nan,-1.4131,-0.0769333,-0.483033,-0.10075,0.0172363,-0.00221708,0.0575,-1.17316
1763,-67.486,372.533,0.00144921,0,1.25,0.145948,1.40507,0.000764418,-0.00960291,4.06491,5.85277e-05,0.0140483,0.342509,12107.1,0.689879,0.325065,-0.4,0.2,1,1713.57,2.16637e+07,0.0912254,0.00214356,0,0.00459956,-0.536532,nan,-0.008886,nan,nan,nan,nan,-0.0197874,-0.0697314,-0.0205228,nan,-0.161586,-0.000566667,-0.170946,-0.433124,nan,-1.11855,-0.086959,-0.555755,-0.113433,0.020068,-0.00246507,0.0991667,-1.25424
1764,-63.817,334.241,0.00117856,0.0833333,1.125,0.148464,1.44439,0.000686768,-0.010618,4.06117,5.85277e-05,0.0154488,0.342435,12439.1,0.663529,0.324326,-0.4,0.2,1,1714.56,2.1676e+07,0.0817706,0.0023106,0,0.00375817,-0.478264,nan,-0.00729655,nan,nan,nan,nan,-0.0172734,-0.0594434,-0.0170956,nan,-0.144872,-0.00037931,-0.156236,-0.380374,nan,-1.10564,-0.0805648,-0.501668,-0.10131,0.0178389,-0.00235511,0.0774138,-0.846719
1765,-63.9857,345.306,0.00133256,0.125,1.375,0.150745,1.39696,0.000806061,-0.00972892,4.05882,5.85277e-05,0.0104953,0.342362,14847.4,0.58443,0.243191,-0.4,0.2,1,1715.38,2.16883e+07,0.0857393,0.00248661,0,0.0040232,-0.490083,nan,-0.00838667,nan,nan,nan,nan,-0.0179577,-0.0618946,-0.0185052,nan,-0.14993,-0.00025,-0.160919,-0.403986,nan,-1.08015,-0.0818163,-0.517086,-0.107528,0.0189942,-0.00242739,0.0766667,-0.936919
1766,-79.4494,414.4,0.00131394,0.166667,1.29167,0.146905,1.37527,0.000839859,-0.0103007,4.05668,5.85277e-05,0.0118146,0.342338,15378,0.562699,0.236365,-0.4,0.2,1,1716.18,2.17006e+07,0.0892367,0.00291985,0,0.00430252,-0.595304,nan,-0.00946,nan,nan,nan,nan,-0.0212551,-0.0761035,-0.0215071,nan,-0.179641,-0.000685714,-0.192452,-0.469505,nan,-1.37437,-0.0931844,-0.622944,-0.135,0.0235108,-0.00303,0.0888571,-1.2309
1767,-63.835,317.036,0.00118321,0.125,1.04167,0.142521,1.42083,0.00061887,-0.00941771,4.05638,5.85277e-05,0.0104789,0.342334,15161.1,0.571064,0.239431,-0.4,0.2,1,1717,2.17129e+07,0.0767992,0.00195887,0,0.00349461,-0.453564,nan,-0.00696071,nan,nan,nan,nan,-0.0152235,-0.0532584,-0.0156849,nan,-0.137392,-3.57143e-05,-0.141903,-0.356178,nan,-1.15282,-0.0748631,-0.470419,-0.0961786,0.0166947,-0.00220215,0.0598214,-0.872276
1768,-78.2906,423.158,0.00130616,0.208333,1.375,0.142882,1.38825,0.000741473,-0.0101168,4.05467,5.85277e-05,0.0150773,0.342224,14811.5,0.58157,0.248053,-0.4,0.2,1,1717.83,2.17252e+07,0.115841,0.00263015,0,0.00492755,-0.611902,nan,-0.0103695,nan,nan,nan,nan,-0.0222167,-0.0827793,-0.0232599,nan,-0.184153,-0.000421053,-0.19207,-0.487544,nan,-1.31201,-0.0975339,-0.633236,-0.135895,0.0228553,-0.0028562,0.0921053,-1.23204
1769,-75.701,386.875,0.00110839,0.125,1.54167,0.142722,1.42479,0.00070125,-0.0102492,4.05049,5.85277e-05,0.0110891,0.342112,11383,0.654216,0.425292,-0.4,0.2,1,1718.91,2.17375e+07,0.0990118,0.00288115,0,0.00410333,-0.556416,nan,-0.008683,nan,nan,nan,nan,-0.0194176,-0.0689626,-0.0195184,nan,-0.167741,-0.000675,-0.179197,-0.445226,nan,-1.34127,-0.093138,-0.5781,-0.1241,0.0215511,-0.00272968,0.0895,-1.2213
1770,-82.0646,415.857,0.0012605,0.208333,1.25,0.145837,1.40651,0.000682904,-0.00968113,4.04618,5.85277e-05,0.0127429,0.341958,10533.9,0.757329,0.409189,-0.4,0.2,1,1720.08,2.17498e+07,0.106841,0.00292098,0,0.00445988,-0.597723,nan,-0.00896,nan,nan,nan,nan,-0.0197128,-0.0731698,-0.0207214,nan,-0.180181,-0.000571429,-0.190902,-0.473003,nan,-1.46009,-0.0935614,-0.62296,-0.131971,0.0237455,-0.00299879,0.089,-1.05857
1771,-80.2631,410.179,0.00129113,0.166667,1.45833,0.145262,1.412,0.000823772,-0.0092601,4.04124,5.85277e-05,0.0129539,0.341845,11990.6,0.675993,0.348808,-0.4,0.2,1,1721.1,2.1762e+07,0.109721,0.00290673,0,0.00459334,-0.591207,nan,-0.00848,nan,nan,nan,nan,-0.021112,-0.0793129,-0.0206419,nan,-0.177622,-0.000487179,-0.190487,-0.478865,nan,-1.40487,-0.0946048,-0.616239,-0.131821,0.0223736,-0.00286496,0.0882051,-1.09809
1772,-71.4988,379.194,0.00129829,0.0833333,1.41667,0.149596,1.40741,0.000738283,-0.0105781,4.03834,5.85277e-05,0.0107666,0.341795,12445.7,0.682609,0.304723,-0.4,0.2,1,1722.09,2.17743e+07,0.0960139,0.00264055,0,0.00419746,-0.544889,nan,-0.00903778,nan,nan,nan,nan,-0.0192316,-0.0693796,-0.0200082,nan,-0.164527,-2.77778e-05,-0.166851,-0.435638,nan,-1.22363,-0.0895214,-0.565311,-0.119833,0.0209532,-0.00257846,0.0830556,-0.972938
1773,-59.4006,359.6,0.0012726,0.125,1.54167,0.146134,1.42191,0.000751984,-0.0105833,4.03697,5.85277e-05,0.0147059,0.341763,14983.7,0.577081,0.243011,-0.4,0.2,1,1722.91,2.17866e+07,0.107624,0.00257756,0,0.00502683,-0.516874,nan,-0.009726,nan,nan,nan,nan,-0.0203367,-0.0754513,-0.0210628,nan,-0.156018,-0.00035,-0.153948,-0.412763,nan,-0.904427,-0.0818989,-0.537297,-0.114125,0.0190851,-0.00233352,0.089875,-0.938024
1774,-68.2125,355.828,0.00131736,0,1.20833,0.148077,1.37947,0.000731535,-0.00996286,4.03581,5.85277e-05,0.0148578,0.341738,12691.9,0.615971,0.352208,-0.4,0.2,1,1723.88,2.17989e+07,0.102527,0.00284129,0,0.00421701,-0.506522,nan,-0.00818828,nan,nan,nan,nan,-0.0178432,-0.0607251,-0.0182243,nan,-0.154239,-0.000206897,-0.159846,-0.410502,nan,-1.18693,-0.0902722,-0.528985,-0.109414,0.0189509,-0.00252866,0.0737931,-0.945203
1775,-56.4439,298.185,0.00140655,0.0416667,1.08333,0.145213,1.3884,0.00077104,-0.0095837,4.03513,5.85277e-05,0.0132896,0.341694,10604.7,0.765122,0.393606,-0.4,0.2,1,1725.04,2.18112e+07,0.0682169,0.00172309,0,0.00327802,-0.425305,nan,-0.0069437,nan,nan,nan,nan,-0.0154191,-0.0505611,-0.0153622,nan,-0.128709,-0.000148148,-0.14421,-0.35159,nan,-0.956514,-0.0797393,-0.438944,-0.0958519,0.0166301,-0.0020581,0.0688889,-0.808737
1776,-70.6555,346.484,0.00126988,0.0416667,1.25,0.144073,1.44242,0.000676293,-0.00991227,4.03331,5.85277e-05,0.0152105,0.341641,11899.6,0.686574,0.346063,-0.4,0.2,1,1726.08,2.18235e+07,0.098896,0.00204631,0,0.00352663,-0.497305,nan,-0.00724645,nan,nan,nan,nan,-0.0169567,-0.0611219,-0.0166473,nan,-0.150247,-0.000129032,-0.163236,-0.407102,nan,-1.28075,-0.0872598,-0.519678,-0.112968,0.0194581,-0.00241469,0.0812903,-0.989458
1777,-55.4271,261.212,0.00126425,0.0833333,1.29167,0.147534,1.39433,0.00070912,-0.00914136,4.03146,5.85277e-05,0.0105827,0.341593,13169.6,0.661854,0.271206,-0.4,0.2,1,1727.01,2.18358e+07,0.0692915,0.00182417,0,0.00295694,-0.372677,nan,-0.00565273,nan,nan,nan,nan,-0.0114168,-0.0394465,-0.011884,nan,-0.113307,-0.000666667,-0.121669,-0.305336,nan,-1.04073,-0.0626641,-0.38922,-0.0808788,0.0145419,-0.00168904,0.0492424,-1.05591
1778,-67.7433,406.688,0.00137304,0.125,1.20833,0.145321,1.42964,0.00074396,-0.00937658,4.02961,5.85277e-05,0.00992653,0.341565,13086.4,0.581639,0.35735,-0.4,0.2,1,1727.95,2.18481e+07,0.108147,0.0025472,0,0.00524626,-0.579995,nan,-0.0101238,nan,nan,nan,nan,-0.023692,-0.0826185,-0.0230639,nan,-0.176102,-0.0001875,-0.186278,-0.469229,nan,-1.03828,-0.0923664,-0.609827,-0.128656,0.0223753,-0.00283588,0.106406,-1.33524
1779,-80.6212,401.176,0.00138639,0.125,1.29167,0.145989,1.41394,0.000812386,-0.0102112,4.02761,5.85277e-05,0.0112838,0.341492,10417.7,0.758251,0.421284,-0.4,0.2,1,1729.13,2.18604e+07,0.10318,0.00287828,0,0.00454011,-0.570507,nan,-0.00936235,nan,nan,nan,nan,-0.0190567,-0.0686613,-0.0193782,nan,-0.173398,-0.000176471,-0.186431,-0.472591,nan,-1.44635,-0.0923551,-0.595899,-0.121647,0.0215585,-0.00261653,0.0779412,-1.31105
1780,-73.8503,404.867,0.00130092,0.166667,1.08333,0.149207,1.42869,0.000803693,-0.00980229,4.02489,5.85277e-05,0.0129513,0.341451,12031.1,0.680383,0.340966,-0.4,0.2,1,1730.16,2.18726e+07,0.0988417,0.00277767,0,0.00459978,-0.578374,nan,-0.009492,nan,nan,nan,nan,-0.0218931,-0.0758415,-0.0228376,nan,-0.175548,-0.0002,-0.192475,-0.473169,nan,-1.22841,-0.0960898,-0.607863,-0.126333,0.0224433,-0.00279601,0.101,-1.03619
1781,-79.1342,407.237,0.00123868,0.0833333,1.5,0.143228,1.41978,0.000781601,-0.00958762,4.02283,5.85277e-05,0.0090053,0.341375,12678.3,0.684147,0.285069,-0.4,0.2,1,1731.13,2.18849e+07,0.108559,0.00291396,0,0.00442626,-0.581332,nan,-0.00953105,nan,nan,nan,nan,-0.019635,-0.0671544,-0.0211827,nan,-0.176403,-0.000289474,-0.187199,-0.466754,nan,-1.40119,-0.0926591,-0.609552,-0.130184,0.0228442,-0.00268539,0.0897368,-1.06257
1782,-62.0524,313.85,0.00124619,0.0416667,0.791667,0.144859,1.42272,0.000721189,-0.0099237,4.01873,5.85277e-05,0.00732665,0.341242,14601.1,0.596137,0.245444,-0.4,0.2,1,1731.97,2.18972e+07,0.0897464,0.0020418,0,0.00357223,-0.448525,nan,-0.007113,nan,nan,nan,nan,-0.0148463,-0.049528,-0.0155831,nan,-0.135428,-0.00055,-0.153002,-0.365106,nan,-1.09607,-0.0734825,-0.467156,-0.10235,0.0178055,-0.00204685,0.06125,-1.15415
1783,-47.1539,284.818,0.00123725,0.0833333,1.29167,0.140686,1.38769,0.00075858,-0.00936989,4.01403,5.85277e-05,0.0124297,0.341146,14701.2,0.556614,0.279237,-0.4,0.2,1,1732.81,2.19095e+07,0.0727896,0.00178162,0,0.00391185,-0.40493,nan,-0.0075897,nan,nan,nan,nan,-0.0169052,-0.0583299,-0.0164833,nan,-0.123554,-0.00139394,-0.133166,-0.33774,nan,-0.698187,-0.0711725,-0.426247,-0.0905152,0.0153738,-0.00190433,0.0636364,-0.599035
1784,-106.548,495.767,0.00124471,0.0833333,1.16667,0.146421,1.40453,0.000730344,-0.0103629,4.01101,5.85277e-05,0.00850744,0.341063,12048.2,0.668614,0.351286,-0.4,0.2,1,1733.83,2.19218e+07,0.131197,0.00315337,0,0.00487332,-0.70391,nan,-0.010476,nan,nan,nan,nan,-0.0208783,-0.0774374,-0.0223124,nan,-0.214583,-0.000566667,-0.239466,-0.560785,nan,-2.02601,-0.110306,-0.736336,-0.153433,0.0281231,-0.00358445,0.100833,-1.2626
1785,-58.5068,320.704,0.00128207,0.0416667,1.08333,0.143424,1.41693,0.000796294,-0.0106161,4.00816,5.85277e-05,0.00959275,0.340993,11902.8,0.70494,0.327418,-0.4,0.2,1,1734.87,2.19341e+07,0.0837921,0.00224503,0,0.00396109,-0.453952,nan,-0.00814593,nan,nan,nan,nan,-0.0165813,-0.0576733,-0.0172216,nan,-0.138747,-3.7037e-05,-0.146049,-0.370188,nan,-0.978506,-0.0757483,-0.476433,-0.0989259,0.0171876,-0.00206849,0.0748148,-0.901348
1786,-95.1237,451.97,0.00127413,0.125,1.25,0.145444,1.38359,0.000736671,-0.00928847,4.0053,5.85277e-05,0.01819,0.340896,13005,0.665845,0.279022,-0.4,0.2,1,1735.82,2.19464e+07,0.117949,0.0027103,0,0.00452974,-0.640999,nan,-0.00902788,nan,nan,nan,nan,-0.0202106,-0.0731,-0.0205507,nan,-0.195857,-0.000151515,-0.218709,-0.508205,nan,-1.77763,-0.106188,-0.673816,-0.138727,0.0253385,-0.00324131,0.0931818,-1.26531
1787,-76.9986,399.842,0.00138441,0.125,1.45833,0.145804,1.36961,0.000787753,-0.0104924,4.00227,5.85277e-05,0.00907145,0.340858,13602.2,0.638179,0.265207,-0.4,0.2,1,1736.72,2.19587e+07,0.0993176,0.00264594,0,0.00452601,-0.565625,nan,-0.00905579,nan,nan,nan,nan,-0.0198847,-0.0708929,-0.0203617,nan,-0.173273,-0.000394737,-0.188768,-0.454136,nan,-1.34134,-0.097612,-0.593177,-0.120763,0.0219289,-0.00270096,0.0838158,-0.903466
1788,-95.0519,518.6,0.00147962,0.25,1.20833,0.141887,1.41532,0.000866647,-0.00992854,4.00031,5.85277e-05,0.0147816,0.340769,14232.5,0.617066,0.246309,-0.4,0.2,1,1737.59,2.19709e+07,0.141742,0.00343581,0,0.00613431,-0.738272,nan,-0.012968,nan,nan,nan,nan,-0.026643,-0.096977,-0.0283098,nan,-0.224523,-0.000885714,-0.255713,-0.596807,nan,-1.58729,-0.117207,-0.777635,-0.159914,0.0283862,-0.00346191,0.113571,-0.978269
1789,-66.7234,386.379,0.0011298,0.0416667,1.16667,0.149053,1.36374,0.00067324,-0.0100554,3.99685,5.85277e-05,0.0100311,0.340702,12389.3,0.627067,0.364757,-0.4,0.2,1,1738.58,2.19832e+07,0.0993872,0.00312173,0,0.00484999,-0.542419,nan,-0.0104428,nan,nan,nan,nan,-0.0208334,-0.0723616,-0.0222643,nan,-0.166511,-0.000448276,-0.194693,-0.447834,nan,-1.04898,-0.0911288,-0.576122,-0.121655,0.0212103,-0.00253611,0.0887931,-0.85297
1790,-81.559,414.795,0.00135817,0.208333,1.41667,0.145825,1.36516,0.000871368,-0.00992019,3.99479,3.90184e-05,0.0201375,0.340641,10781.6,0.743332,0.396386,-0.4,0.2,1,1739.72,2.19955e+07,0.113787,0.00261438,0,0.00435153,-0.588039,nan,-0.00908872,nan,nan,nan,nan,-0.0202431,-0.0710318,-0.0201458,nan,-0.179197,-0.000102564,-0.207053,-0.482105,nan,-1.44292,-0.0996436,-0.618165,-0.12759,0.0234682,-0.002972,0.0897436,-1.23578
1791,-82.9064,452.438,0.00130103,0.125,1.20833,0.148343,1.38496,0.000727951,-0.00797624,3.99284,3.90184e-05,0.00984466,0.3406,11730.1,0.663175,0.384383,-0.4,0.2,1,1740.77,2.20078e+07,0.110834,0.00275486,0,0.00511583,-0.637375,nan,-0.0111319,nan,nan,nan,nan,-0.0249248,-0.0924454,-0.0246451,nan,-0.195246,-0.0003125,-0.231159,-0.522246,nan,-1.37445,-0.113247,-0.675392,-0.141531,0.0260228,-0.00319591,0.11375,-1.14078
1792,-63.1355,339.4,0.00124514,0.125,1.33333,0.144114,1.38403,0.000853662,-0.00758002,3.99097,3.90184e-05,0.00839748,0.340538,12522.7,0.704613,0.276649,-0.4,0.2,1,1741.75,2.20201e+07,0.0934052,0.00259697,0,0.00412248,-0.478704,nan,-0.00921657,nan,nan,nan,nan,-0.017203,-0.0592387,-0.0181798,nan,-0.146677,-0.000285714,-0.168943,-0.384549,nan,-1.08326,-0.081925,-0.502124,-0.1004,0.0183968,-0.00222383,0.0761429,-1.16087
1793,-61.422,313.839,0.00124703,0.0833333,1.20833,0.141756,1.40185,0.00077763,-0.00772306,3.9887,3.90184e-05,0.0102565,0.340466,15386.7,0.560049,0.238562,-0.4,0.2,1,1742.56,2.20324e+07,0.0939593,0.00215762,0,0.0037849,-0.442294,nan,-0.00690968,nan,nan,nan,nan,-0.0154495,-0.056952,-0.0156222,nan,-0.135527,-6.45161e-05,-0.152597,-0.364405,nan,-1.08204,-0.0778044,-0.468132,-0.097129,0.017157,-0.00213749,0.0635484,-0.943098
1794,-63.7909,356.355,0.00111839,0.0416667,1.25,0.14226,1.41316,0.000711308,-0.00749251,3.98705,3.90184e-05,0.00947257,0.340453,14181.6,0.561685,0.30479,-0.4,0.2,1,1743.42,2.20447e+07,0.0968624,0.00222612,0,0.00423469,-0.505079,nan,-0.00946194,nan,nan,nan,nan,-0.0193866,-0.0688842,-0.0198409,nan,-0.154075,-0.000225806,-0.173365,-0.407926,nan,-1.04267,-0.089129,-0.528417,-0.109968,0.0195431,-0.00242555,0.0803226,-0.73803
1795,-76.4839,396.438,0.00120075,0.125,1.20833,0.147393,1.39991,0.000704237,-0.00852757,3.98668,3.90184e-05,0.0160661,0.34044,11063.3,0.689448,0.421255,-0.4,0.2,1,1744.53,2.2057e+07,0.135388,0.00253921,0,0.0041939,-0.561347,nan,-0.00951813,nan,nan,nan,nan,-0.0199354,-0.0732167,-0.0202425,nan,-0.17136,-9.375e-05,-0.193272,-0.453082,nan,-1.35382,-0.0956011,-0.588806,-0.124187,0.0216893,-0.00275045,0.0870313,-0.767638
1796,-74.4991,400.846,0.00127783,0.125,0.958333,0.144861,1.38071,0.000669345,-0.0074825,3.98637,3.90184e-05,0.00940111,0.340441,12288.3,0.679444,0.320533,-0.4,0.2,1,1745.54,2.20692e+07,0.101203,0.00242922,0,0.00463487,-0.567357,nan,-0.00979769,nan,nan,nan,nan,-0.0205174,-0.0753824,-0.0214097,nan,-0.173641,-0.000653846,-0.195199,-0.457761,nan,-1.25141,-0.0935912,-0.602541,-0.1245,0.0217501,-0.00249444,0.0886538,-1.12895
1797,-69.5131,374.68,0.00130096,0.0833333,0.958333,0.14288,1.37768,0.000792993,-0.00841439,3.98692,3.90184e-05,0.0147405,0.340458,12119.2,0.723904,0.290025,-0.4,0.2,1,1746.55,2.20815e+07,0.104446,0.00261418,0,0.00430892,-0.52142,nan,-0.0089456,nan,nan,nan,nan,-0.0190554,-0.0701343,-0.0199808,nan,-0.161937,-0.00028,-0.179901,-0.421224,nan,-1.18547,-0.0861968,-0.556916,-0.11396,0.0199625,-0.00252835,0.0706,-1.03013
1798,-90.0647,436,0.00132189,0.0833333,0.833333,0.145359,1.38423,0.000694797,-0.00736363,3.98631,3.90184e-05,0.00771821,0.340397,14392.1,0.604601,0.249202,-0.4,0.2,1,1747.41,2.20938e+07,0.12693,0.0034441,0,0.00431456,-0.611408,nan,-0.0100791,nan,nan,nan,nan,-0.0202909,-0.0736728,-0.021477,nan,-0.188389,-0.000181818,-0.217566,-0.496098,nan,-1.67467,-0.100366,-0.651291,-0.136545,0.0241699,-0.00297466,0.0909091,-1.33954
1799,-74.6617,403.857,0.00144891,0,1.16667,0.146282,1.38844,0.000834163,-0.00806933,3.98415,3.90184e-05,0.0118558,0.340363,12648,0.621633,0.349901,-0.4,0.2,1,1748.38,2.21061e+07,0.116142,0.00312001,0,0.00462666,-0.571082,nan,-0.0101329,nan,nan,nan,nan,-0.0204312,-0.0743971,-0.0221375,nan,-0.174512,-0.000392857,-0.2017,-0.459252,nan,-1.2648,-0.0902506,-0.604545,-0.12225,0.0220208,-0.00268154,0.0873214,-0.749011
1800,-69.9547,383.8,0.00120396,0.166667,1.08333,0.143837,1.42004,0.000721081,-0.00799891,3.98302,3.90184e-05,0.0140705,0.340318,11747.5,0.705405,0.340601,-0.4,0.2,1,1749.43,2.21184e+07,0.0898029,0.00270283,0,0.00413066,-0.539043,nan,-0.00999067,nan,nan,nan,nan,-0.0203268,-0.0742497,-0.0215071,nan,-0.165428,-0.000433333,-0.19218,-0.439579,nan,-1.16771,-0.0908785,-0.57493,-0.123167,0.0228973,-0.00249288,0.092,-0.78368
1801,-77.163,378.758,0.0012629,0.0833333,1.29167,0.144001,1.42109,0.00076474,-0.00794318,3.98128,3.90184e-05,0.00808558,0.340271,15495.4,0.558298,0.234714,-0.4,0.2,1,1752.08,2.21307e+07,0.108919,0.00241184,0,0.00395563,-0.531035,nan,-0.00806848,nan,nan,nan,nan,-0.0183271,-0.0657207,-0.0182775,nan,-0.163599,-0.000121212,-0.185953,-0.433304,nan,-1.41635,-0.0945903,-0.563692,-0.121,0.0217133,-0.00253743,0.0778788,-0.990987
1802,-84.7602,458.862,0.0013618,0.166667,1.04167,0.141019,1.41872,0.000764315,-0.00739328,3.97989,3.90184e-05,0.00975017,0.340245,15537.7,0.553638,0.237215,-0.4,0.2,1,1752.87,2.2143e+07,0.106009,0.00295988,0,0.00530419,-0.644998,nan,-0.0107745,nan,nan,nan,nan,-0.0237914,-0.0898244,-0.0248901,nan,-0.198538,-6.89655e-05,-0.219975,-0.53006,nan,-1.42911,-0.10613,-0.687391,-0.143897,0.0255797,-0.00312939,0.114655,-1.00166
1803,-59.5577,354.962,0.00122338,0.125,0.958333,0.144313,1.41195,0.000774543,-0.00791718,3.97911,3.90184e-05,0.00839806,0.340227,15497,0.555934,0.236991,-0.4,0.2,1,1753.66,2.21553e+07,0.08205,0.00231774,0,0.00460661,-0.495236,nan,-0.00971769,nan,nan,nan,nan,-0.0201726,-0.0686857,-0.020593,nan,-0.153302,-0.000923077,-0.17634,-0.402906,nan,-0.909897,-0.0854287,-0.53019,-0.111962,0.0198264,-0.00222041,0.0857692,-1.20173
1804,-76.4377,365.31,0.00134325,0.0416667,1.16667,0.1481,1.41536,0.000797728,-0.00800223,3.97857,3.90184e-05,0.0102586,0.34021,15604.2,0.550938,0.236544,-0.4,0.2,1,1754.45,2.21676e+07,0.0948756,0.00271503,0,0.00408685,-0.510478,nan,-0.00732069,nan,nan,nan,nan,-0.0173895,-0.0620722,-0.0166056,nan,-0.157048,-0.000413793,-0.179156,-0.41812,nan,-1.41724,-0.0911196,-0.54372,-0.115517,0.0195382,-0.00245316,0.07,-1.05839
1805,-74.7927,413.407,0.00130379,0.0833333,1.04167,0.149261,1.44923,0.000813374,-0.00818376,3.97756,3.90184e-05,0.0118283,0.340175,15309.7,0.553547,0.249081,-0.4,0.2,1,1755.26,2.21798e+07,0.110806,0.00250901,0,0.00513023,-0.577539,nan,-0.0108978,nan,nan,nan,nan,-0.0219942,-0.081877,-0.0232986,nan,-0.177905,-3.7037e-05,-0.215501,-0.465783,nan,-1.24184,-0.0960202,-0.616034,-0.127963,0.0245883,-0.00276206,0.0909259,-1.06024
1806,-66.7491,365.31,0.00125291,0.0416667,1.70833,0.145108,1.43951,0.00075729,-0.00726793,3.97602,3.90184e-05,0.0116722,0.340125,14670.9,0.560756,0.276822,-0.4,0.2,1,1756.09,2.21921e+07,0.106669,0.00255128,0,0.00449773,-0.509505,nan,-0.00913333,nan,nan,nan,nan,-0.0191003,-0.0690422,-0.019891,nan,-0.15757,-0.000166667,-0.174279,-0.419909,nan,-1.12698,-0.0881892,-0.541748,-0.11119,0.0200011,-0.00233251,0.0770238,-0.897484
1807,-80.5253,397.355,0.00118853,0.0833333,1.20833,0.142198,1.39898,0.000650121,-0.00734662,3.97454,3.90184e-05,0.00980039,0.340108,12183.5,0.660279,0.348296,-0.4,0.2,1,1757.1,2.22044e+07,0.10708,0.00273014,0,0.00458063,-0.557433,nan,-0.00869032,nan,nan,nan,nan,-0.019044,-0.0708474,-0.019407,nan,-0.171271,-0.000451613,-0.205481,-0.45709,nan,-1.46465,-0.0951266,-0.589571,-0.125806,0.0236295,-0.00273123,0.0846774,-1.30019
1808,-55.0125,278.429,0.00148856,0,0.875,0.144763,1.40702,0.000844781,-0.00792144,3.97383,5.85277e-05,0.00363605,0.340082,12086,0.697406,0.31931,-0.4,0.2,1,1758.12,2.22167e+07,0.0719751,0.00154312,0,0.00351209,-0.387259,nan,-0.00719048,nan,nan,nan,nan,-0.0131927,-0.0448126,-0.013977,nan,-0.120032,-0.000666667,-0.138356,-0.322661,nan,-0.967823,-0.0668096,-0.41592,-0.0879048,0.0164327,-0.00157118,0.0433333,-1.04735
1809,-74.4884,402.906,0.00134722,0.0416667,1.29167,0.144215,1.45069,0.000807229,-0.0102989,3.97182,5.85277e-05,0.0140257,0.339994,11773.2,0.661541,0.382187,-0.4,0.2,1,1759.17,2.2229e+07,0.114474,0.00258844,0,0.00472803,-0.564172,nan,-0.0100938,nan,nan,nan,nan,-0.0207345,-0.0760848,-0.0210503,nan,-0.17367,-3.125e-05,-0.207209,-0.465267,nan,-1.26061,-0.096728,-0.600631,-0.12825,0.0235073,-0.00268476,0.0996875,-0.995464
1810,-75.7102,362.533,0.00133733,0.0833333,1.16667,0.144258,1.45594,0.000820919,-0.0100269,3.96857,5.85277e-05,0.0116266,0.339935,13135.8,0.613655,0.321802,-0.4,0.2,1,1760.1,2.22413e+07,0.0941983,0.00261896,0,0.00368507,-0.506104,nan,-0.00756667,nan,nan,nan,nan,-0.0170228,-0.061901,-0.0172359,nan,-0.156607,-0.0002,-0.186791,-0.419216,nan,-1.39866,-0.0896725,-0.540821,-0.113467,0.0215851,-0.00258962,0.07,-1.25386
1811,-77.6441,407.122,0.00142255,0.0833333,1.625,0.144301,1.46541,0.00079218,-0.00940978,3.96541,5.85277e-05,0.00983276,0.339811,12613.3,0.651706,0.322504,-0.4,0.2,1,1761.08,2.22536e+07,0.10781,0.00283342,0,0.00468612,-0.569215,nan,-0.00947366,nan,nan,nan,nan,-0.021377,-0.0785599,-0.0208574,nan,-0.175385,-0.000146341,-0.208856,-0.4646,nan,-1.34921,-0.100407,-0.604725,-0.132098,0.024172,-0.0028313,0.100854,-1.05183
1812,-77.5116,399.312,0.00139898,0.166667,1.16667,0.149846,1.45101,0.000861826,-0.00956982,3.961,5.85277e-05,0.00839533,0.339719,12608,0.652311,0.322307,-0.4,0.2,1,1762.06,2.22659e+07,0.119188,0.00298439,0,0.00462519,-0.557822,nan,-0.00959625,nan,nan,nan,nan,-0.0198566,-0.0740381,-0.0201276,nan,-0.172641,-0.0001875,-0.198878,-0.458773,nan,-1.35086,-0.100386,-0.599031,-0.130344,0.0231399,-0.00273126,0.0875,-1.21527
1813,-62.3139,382.704,0.00131997,0.0833333,1.04167,0.1477,1.45757,0.000864575,-0.00875335,3.95844,5.85277e-05,0.014553,0.339645,13719.2,0.612859,0.282818,-0.4,0.2,1,1762.95,2.22781e+07,0.111287,0.00238195,0,0.00508383,-0.5333,nan,-0.0106548,nan,nan,nan,nan,-0.0223254,-0.0850753,-0.0230537,nan,-0.165215,-0.000407407,-0.193896,-0.432895,nan,-0.939036,-0.0982285,-0.571948,-0.122296,0.0210425,-0.00264508,0.112037,-0.562103
1814,-66.679,383.639,0.00126796,0.125,1.375,0.144015,1.45037,0.000760574,-0.0101167,3.95601,5.85277e-05,0.018498,0.339592,11202.7,0.70881,0.388066,-0.4,0.2,1,1764.05,2.22904e+07,0.101104,0.00251857,0,0.00504317,-0.532617,nan,-0.0096,nan,nan,nan,nan,-0.0215813,-0.0816232,-0.0217032,nan,-0.165643,-0.000361111,-0.187226,-0.446864,nan,-1.05935,-0.092948,-0.573145,-0.121444,0.0223985,-0.00256757,0.0940278,-0.969463
1815,-71.0905,385.027,0.00128503,0.25,1.29167,0.146541,1.42607,0.000757727,-0.00877414,3.95349,5.85277e-05,0.0138244,0.339493,11198.4,0.73067,0.366632,-0.4,0.2,1,1765.15,2.23027e+07,0.0893199,0.00268385,0,0.0045349,-0.53976,nan,-0.00979946,nan,nan,nan,nan,-0.0206617,-0.0773715,-0.021164,nan,-0.16611,-0.000297297,-0.204175,-0.451033,nan,-1.18925,-0.0932869,-0.578153,-0.125838,0.0235564,-0.00246235,0.0959459,-0.769622
1816,-61.7789,343.3,0.00134622,0,1.25,0.149759,1.46532,0.000779224,-0.0103445,3.94919,5.85277e-05,0.0153828,0.339383,9518.68,0.802395,0.48854,-0.4,0.2,1,1766.44,2.2315e+07,0.0956647,0.00196506,0,0.00419345,-0.479262,nan,-0.00856867,nan,nan,nan,nan,-0.0191301,-0.0713136,-0.0187116,nan,-0.148075,-0.000133333,-0.174401,-0.395331,nan,-1.02035,-0.0865057,-0.50992,-0.1094,0.0206703,-0.00224379,0.0828333,-1.07539
1817,-87.0402,488.96,0.00138702,0.166667,0.875,0.147055,1.42655,0.000774431,-0.00972481,3.9449,5.85277e-05,0.00792002,0.339261,12167.3,0.717241,0.292678,-0.4,0.2,1,1767.46,2.23273e+07,0.147923,0.0030097,0,0.00621707,-0.684124,nan,-0.0122952,nan,nan,nan,nan,-0.0254622,-0.0938706,-0.0271528,nan,-0.211071,-0.0006,-0.2422,-0.553814,nan,-1.43543,-0.113989,-0.728781,-0.14668,0.027452,-0.00330897,0.1152,-1.03621
1818,-81.912,425,0.00135458,0.166667,1,0.146372,1.4096,0.000811387,-0.0096112,3.94144,5.85277e-05,0.0113461,0.339195,14518.3,0.597943,0.248435,-0.4,0.2,1,1768.3,2.23396e+07,0.0969262,0.00262268,0,0.00450917,-0.591391,nan,-0.0113893,nan,nan,nan,nan,-0.0200937,-0.0735541,-0.0228563,nan,-0.182668,-0.000464286,-0.216713,-0.4856,nan,-1.42898,-0.0963853,-0.630423,-0.129893,0.0242565,-0.00254974,0.0823214,-1.28577
1819,-63.689,379.923,0.00143443,0.166667,0.916667,0.144874,1.41915,0.000769608,-0.0106253,3.93971,5.85277e-05,0.00847999,0.339142,13817.3,0.626523,0.262799,-0.4,0.2,1,1769.19,2.23519e+07,0.0888323,0.00230301,0,0.00537204,-0.528303,nan,-0.0101469,nan,nan,nan,nan,-0.0219583,-0.0794607,-0.0221403,nan,-0.164152,-0.000153846,-0.18576,-0.44375,nan,-0.976447,-0.0957287,-0.568413,-0.124654,0.0229971,-0.00252934,0.114615,-0.724184
1820,-69.8398,361.333,0.00140734,0,1.375,0.146559,1.41991,0.000781293,-0.0097247,3.93665,5.85277e-05,0.00965348,0.339007,13717.3,0.623558,0.272245,-0.4,0.2,1,1770.09,2.23642e+07,0.0972421,0.00226536,0,0.00399987,-0.500809,nan,-0.0086097,nan,nan,nan,nan,-0.0184673,-0.0663491,-0.0187375,nan,-0.155771,0,-0.180401,-0.413254,nan,-1.22471,-0.0887717,-0.537651,-0.111242,0.0208914,-0.00244227,0.0772727,-1.00773
1821,-95.2213,428.947,0.00133564,0.125,1.45833,0.14635,1.41092,0.000800926,-0.00868738,3.93259,5.85277e-05,0.0134554,0.338959,13377.5,0.654977,0.263582,-0.4,0.2,1,1771.01,2.23764e+07,0.106124,0.00277812,0,0.00402711,-0.5963,nan,-0.00860211,nan,nan,nan,nan,-0.0182291,-0.064373,-0.0182835,nan,-0.185144,-5.26316e-05,-0.205755,-0.492977,nan,-1.83324,-0.103233,-0.639592,-0.132632,0.0239342,-0.00277566,0.0692105,-1.26532
1822,-66.6424,348.171,0.00124514,0.0833333,1.625,0.150559,1.45264,0.000758559,-0.00943736,3.93138,5.85277e-05,0.0104709,0.338918,14588.2,0.582049,0.260278,-0.4,0.2,1,1771.85,2.23887e+07,0.0961204,0.0024284,0,0.00387343,-0.482257,nan,-0.00799805,nan,nan,nan,nan,-0.0181009,-0.0640742,-0.0178282,nan,-0.149494,-0.000146341,-0.176434,-0.39971,nan,-1.16304,-0.0915517,-0.514066,-0.104805,0.0187435,-0.00238179,0.0795122,-1.27067
1823,-76.3118,429.676,0.00142913,0.208333,1.20833,0.15201,1.4719,0.000832448,-0.00926215,3.92966,5.85277e-05,0.0100517,0.338865,13898.9,0.625011,0.25909,-0.4,0.2,1,1772.74,2.2401e+07,0.11614,0.00279269,0,0.00535514,-0.594409,nan,-0.0111647,nan,nan,nan,nan,-0.0231856,-0.0824588,-0.0235581,nan,-0.185125,-0.000117647,-0.213402,-0.503476,nan,-1.23603,-0.104175,-0.635577,-0.133559,0.0230971,-0.00300038,0.0914706,-1.15299
1824,-85.7089,446.483,0.00127226,0.0416667,1.16667,0.149021,1.46333,0.000759224,-0.0097804,3.92687,5.85277e-05,0.0173703,0.338742,15059.5,0.571062,0.244902,-0.4,0.2,1,1773.56,2.24133e+07,0.128059,0.00344213,0,0.00506846,-0.621634,nan,-0.0108703,nan,nan,nan,nan,-0.0230892,-0.0848592,-0.0234223,nan,-0.1924,-0.000448276,-0.22163,-0.51339,nan,-1.49321,-0.112299,-0.664315,-0.143966,0.0249745,-0.00295491,0.0967241,-1.26215
1825,-83.0473,425.267,0.00134121,0.166667,1.08333,0.151308,1.43778,0.000762765,-0.00984004,3.92275,5.85277e-05,0.00897789,0.338647,15003.3,0.569046,0.249971,-0.4,0.2,1,1774.38,2.24256e+07,0.104545,0.00283548,0,0.00472895,-0.593681,nan,-0.010432,nan,nan,nan,nan,-0.0204165,-0.074535,-0.0223169,nan,-0.183378,-0.000133333,-0.210939,-0.484157,nan,-1.46652,-0.096851,-0.634931,-0.131067,0.0236641,-0.00282333,0.0885,-1.21216
1826,-67.5712,396.517,0.00152132,0.0833333,1.125,0.149945,1.43292,0.00086757,-0.010447,3.91954,5.85277e-05,0.0135625,0.338556,14802.8,0.577334,0.25278,-0.4,0.2,1,1775.21,2.24379e+07,0.10748,0.00260065,0,0.00504846,-0.550705,nan,-0.0106724,nan,nan,nan,nan,-0.0226461,-0.0843899,-0.0231198,nan,-0.170761,-0.000137931,-0.205641,-0.463912,nan,-1.05597,-0.0944646,-0.590592,-0.126069,0.0225659,-0.00263145,0.1,-0.777737
1827,-75.7656,405.818,0.00143143,0.0416667,1.33333,0.15176,1.4287,0.000826284,-0.0108927,3.91594,5.85277e-05,0.0122127,0.338443,14598.8,0.586267,0.255444,-0.4,0.2,1,1776.05,2.24502e+07,0.106258,0.00245655,0,0.00464394,-0.563209,nan,-0.0103745,nan,nan,nan,nan,-0.0214716,-0.0776216,-0.0221091,nan,-0.174598,-0.000121212,-0.214723,-0.461858,nan,-1.28513,-0.103083,-0.603072,-0.124939,0.021983,-0.00269284,0.0881818,-1.63492
1828,-67.0908,383.706,0.00129522,0.125,1.29167,0.151664,1.42742,0.000725974,-0.00976138,3.91163,5.85277e-05,0.00938102,0.338334,13500.9,0.627989,0.28217,-0.4,0.2,1,1776.96,2.24625e+07,0.0998553,0.00249258,0,0.00476329,-0.535829,nan,-0.00961176,nan,nan,nan,nan,-0.0212642,-0.0773449,-0.0214672,nan,-0.164668,-0.000352941,-0.194206,-0.43311,nan,-1.08537,-0.0936591,-0.566954,-0.122971,0.0219722,-0.00247191,0.104412,-0.977502
1829,-71.9185,355.667,0.00127169,0.166667,1.20833,0.151998,1.42124,0.000806874,-0.00862112,3.90807,5.85277e-05,0.00657352,0.33825,14060.5,0.612571,0.261366,-0.4,0.2,1,1777.84,2.24748e+07,0.0924458,0.00268023,0,0.00379227,-0.496729,nan,-0.00836667,nan,nan,nan,nan,-0.0166612,-0.0615328,-0.0175662,nan,-0.152981,-0.000393939,-0.175982,-0.418644,nan,-1.30054,-0.0847132,-0.528225,-0.110182,0.0194315,-0.00221678,0.0733333,-1.04807
1830,-52.3659,260.788,0.00137671,0.0416667,1.33333,0.152382,1.44606,0.000810098,-0.0105394,3.90471,5.85277e-05,0.0125744,0.338164,13798.3,0.620797,0.269749,-0.4,0.2,1,1778.73,2.2487e+07,0.0726445,0.0015522,0,0.00309173,-0.362398,nan,-0.00620364,nan,nan,nan,nan,-0.0121099,-0.0413971,-0.0128373,nan,-0.11207,-0.000121212,-0.127966,-0.296501,nan,-0.951422,-0.0637707,-0.386984,-0.0819394,0.0152127,-0.00162124,0.0495455,-0.833245
1831,-63.6405,356.022,0.00131317,0.25,1.66667,0.153607,1.47477,0.000742212,-0.0100553,3.90172,5.85277e-05,0.0102683,0.33809,13898.9,0.625334,0.258762,-0.4,0.2,1,1779.62,2.24993e+07,0.0882051,0.00226084,0,0.00429374,-0.492586,nan,-0.00901391,nan,nan,nan,nan,-0.0187808,-0.066666,-0.0195945,nan,-0.153259,-0.000369565,-0.177828,-0.40387,nan,-1.04934,-0.0857647,-0.526167,-0.111391,0.019787,-0.00224981,0.0831522,-0.930078
1832,-81.2316,425.107,0.00123999,0.0833333,1.08333,0.151908,1.46781,0.000706727,-0.00990715,3.89839,5.85277e-05,0.00943802,0.337972,14509,0.602777,0.244145,-0.4,0.2,1,1780.46,2.25116e+07,0.104289,0.0023276,0,0.00526341,-0.587009,nan,-0.00989643,nan,nan,nan,nan,-0.0217365,-0.0799152,-0.0225797,nan,-0.182814,-0.000142857,-0.203978,-0.491946,nan,-1.39973,-0.102939,-0.632908,-0.1315,0.0227792,-0.00277598,0.0869643,-1.28592
1833,-86.0478,432.081,0.00134317,0.166667,1.375,0.146638,1.44932,0.000798442,-0.00983076,3.8941,5.85277e-05,0.00675368,0.337867,14424,0.594269,0.257647,-0.4,0.2,1,1781.32,2.25239e+07,0.115868,0.00279883,0,0.00464308,-0.595796,nan,-0.00967784,nan,nan,nan,nan,-0.021015,-0.077866,-0.0211806,nan,-0.185878,-0.000513514,-0.215921,-0.500433,nan,-1.54414,-0.108984,-0.638051,-0.137189,0.0239043,-0.00305701,0.0937838,-0.941909
1834,-66.5243,376.364,0.00129648,0.25,1.125,0.145442,1.4392,0.000740597,-0.0100962,3.89033,5.85277e-05,0.00542254,0.337739,14827.6,0.586671,0.242053,-0.4,0.2,1,1782.15,2.25362e+07,0.103158,0.0020229,0,0.00467721,-0.522936,nan,-0.00932424,nan,nan,nan,nan,-0.0205875,-0.0768478,-0.0210435,nan,-0.161949,-0.000484848,-0.202706,-0.44233,nan,-1.07131,-0.0963297,-0.561221,-0.121667,0.0215477,-0.00246196,0.0966667,-0.729268
1835,-71.9168,418.074,0.00144712,0.125,1,0.153541,1.41648,0.000808376,-0.0104189,3.88573,5.85277e-05,0.0108055,0.337626,15105.5,0.566913,0.246566,-0.4,0.2,1,1782.96,2.25485e+07,0.114145,0.0030543,0,0.00530719,-0.578224,nan,-0.0109793,nan,nan,nan,nan,-0.0233035,-0.0856924,-0.0238931,nan,-0.179804,-0.000296296,-0.214946,-0.484052,nan,-1.15164,-0.10398,-0.619845,-0.136667,0.0258031,-0.00265563,0.115,-0.82071
1836,-82.1516,388.257,0.00128168,0.0833333,1.375,0.154836,1.44858,0.000747304,-0.00978281,3.88262,5.85277e-05,0.00689053,0.337577,14503.2,0.584401,0.26286,-0.4,0.2,1,1783.81,2.25608e+07,0.0990804,0.00248834,0,0.00388413,-0.538128,nan,-0.00844971,nan,nan,nan,nan,-0.0176809,-0.0618927,-0.0182509,nan,-0.166904,-0.000342857,-0.199055,-0.446216,nan,-1.53934,-0.0981921,-0.572724,-0.118486,0.0208415,-0.0026117,0.0792857,-1.14818
1837,-64.2903,359.302,0.00132572,0.0833333,1.70833,0.155236,1.42051,0.000696567,-0.0101681,3.88037,5.85277e-05,0.0102906,0.337487,13114.7,0.60233,0.334632,-0.4,0.2,1,1784.75,2.25731e+07,0.0896694,0.00200394,0,0.0043522,-0.494422,nan,-0.00919442,nan,nan,nan,nan,-0.0197094,-0.0733046,-0.0202853,nan,-0.15463,-0.000325581,-0.186107,-0.420231,nan,-1.05506,-0.0900227,-0.53657,-0.109581,0.020105,-0.00235131,0.0983721,-0.921722
1838,-66.9244,361.72,0.00139354,0.0416667,1,0.150339,1.40989,0.000759406,-0.0103964,3.87714,5.85277e-05,0.012437,0.337418,10238.9,0.775126,0.425003,-0.4,0.2,1,1785.95,2.25853e+07,0.0801436,0.00262602,0,0.00392362,-0.499677,nan,-0.0082168,nan,nan,nan,nan,-0.0196703,-0.0729781,-0.0197943,nan,-0.155773,-0.0002,-0.192915,-0.432096,nan,-1.1065,-0.0942195,-0.54104,-0.11536,0.0210219,-0.00246413,0.0856,-0.995116
1839,-52.5232,281,0.00127219,0.0416667,1.625,0.152105,1.42783,0.000798594,-0.0100842,3.87643,5.85277e-05,0.00978306,0.337436,10689.6,0.754204,0.395328,-0.4,0.2,1,1787.1,2.25976e+07,0.0646196,0.0017235,0,0.00330751,-0.386392,nan,-0.0062845,nan,nan,nan,nan,-0.0154681,-0.0552158,-0.0148904,nan,-0.120829,-2.5e-05,-0.142525,-0.323274,nan,-0.885442,-0.076202,-0.41761,-0.089225,0.016785,-0.00187542,0.063,-0.873953
1840,-80.0175,413.024,0.00128456,0.25,1.45833,0.147951,1.4195,0.000749663,-0.00962816,3.87715,5.85277e-05,0.00946943,0.337429,9811.81,0.822067,0.430302,-0.4,0.2,1,1788.36,2.26099e+07,0.10722,0.00256066,0,0.00463931,-0.573146,nan,-0.00935659,nan,nan,nan,nan,-0.0206491,-0.076695,-0.0213748,nan,-0.177518,-0.000219512,-0.213177,-0.476887,nan,-1.40229,-0.102128,-0.612472,-0.131683,0.0233763,-0.00277543,0.0970732,-1.13535
1841,-83.4939,414.276,0.00120702,0.0833333,1.125,0.148218,1.44107,0.000657577,-0.009956,3.87599,5.85277e-05,0.0136252,0.337387,11329.1,0.737129,0.347516,-0.4,0.2,1,1789.44,2.26222e+07,0.112077,0.00302893,0,0.00450433,-0.57489,nan,-0.00981172,nan,nan,nan,nan,-0.0204191,-0.073875,-0.0206056,nan,-0.177964,0,-0.222133,-0.464188,nan,-1.51082,-0.112887,-0.614151,-0.125759,0.0232243,-0.00282811,0.0893103,-1.38188
1842,-73.8807,399.429,0.00135254,0.0833333,1.66667,0.152286,1.46557,0.000741288,-0.0101889,3.87399,5.85277e-05,0.0165468,0.337331,10392.6,0.772433,0.409943,-0.4,0.2,1,1790.63,2.26345e+07,0.0952591,0.00271294,0,0.0046505,-0.554148,nan,-0.00989714,nan,nan,nan,nan,-0.0218932,-0.0789024,-0.0217046,nan,-0.171561,-9.52381e-05,-0.213889,-0.45693,nan,-1.23345,-0.108503,-0.589655,-0.119214,0.0224592,-0.00264365,0.0902381,-1.24804
1843,-49.9107,266.344,0.0014435,0.0416667,1.29167,0.153377,1.44932,0.000821276,-0.00922825,3.87111,8.77915e-05,0.00364756,0.337243,10794.5,0.751785,0.38657,-0.4,0.2,1,1791.77,2.26468e+07,0.0667502,0.00164767,0,0.00323075,-0.366483,nan,-0.00666375,nan,nan,nan,nan,-0.014439,-0.0499386,-0.013958,nan,-0.114136,-0.0005625,-0.137518,-0.306311,nan,-0.84013,-0.0774704,-0.394119,-0.0800312,0.0151761,-0.00181176,0.0573438,-0.839505
1844,-60.627,308.135,0.00137689,0.0833333,1.45833,0.152938,1.4145,0.000840727,-0.0108754,3.86731,8.77915e-05,0.0197556,0.337131,11784,0.749342,0.293425,-0.4,0.2,1,1792.81,2.26591e+07,0.0864626,0.00195358,0,0.00343306,-0.429739,nan,-0.00695297,nan,nan,nan,nan,-0.015577,-0.0573394,-0.0157365,nan,-0.132625,-0.000108108,-0.159022,-0.355384,nan,-1.07392,-0.0797443,-0.45925,-0.0968108,0.0172759,-0.00206447,0.0678378,-0.999137
1845,-72.8306,381.033,0.00130717,0.0833333,1.16667,0.153141,1.40736,0.000730697,-0.0120281,3.86394,8.77915e-05,0.0144546,0.337039,12947.5,0.665801,0.283262,-0.4,0.2,1,1793.76,2.26714e+07,0.0964721,0.00206283,0,0.00436322,-0.527464,nan,-0.00865733,nan,nan,nan,nan,-0.0194892,-0.070345,-0.0198961,nan,-0.163837,-0.0001,-0.198509,-0.436381,nan,-1.26635,-0.0940233,-0.561951,-0.115367,0.020847,-0.00262795,0.0863333,-0.84603
1846,-55.2094,314.706,0.00130169,0.0416667,1.375,0.150776,1.41191,0.000759463,-0.0124508,3.86002,8.77915e-05,0.0162287,0.336899,9233,0.886654,0.444225,-0.4,0.2,1,1795.09,2.26836e+07,0.0786126,0.00218523,0,0.00372101,-0.430565,nan,-0.00841824,nan,nan,nan,nan,-0.0172922,-0.0642458,-0.0174729,nan,-0.134815,-5.88235e-05,-0.169137,-0.352506,nan,-0.899154,-0.0806407,-0.46122,-0.0984412,0.0176171,-0.00207397,0.0804412,-0.879776
1847,-77.2116,366.63,0.00135617,0.0416667,1.08333,0.152385,1.43932,0.000790477,-0.0114712,3.85558,8.77915e-05,0.0157204,0.33682,10672.9,0.768022,0.383303,-0.4,0.2,1,1796.25,2.26959e+07,0.0969381,0.0025232,0,0.00384082,-0.504094,nan,-0.00677704,nan,nan,nan,nan,-0.0173446,-0.0618896,-0.0164181,nan,-0.157729,-0.000222222,-0.188624,-0.42624,nan,-1.43947,-0.100312,-0.541749,-0.11437,0.0207521,-0.00253407,0.077963,-1.09085
1848,-56.4696,298.643,0.00141131,0.0416667,1.125,0.150398,1.44409,0.000809571,-0.0110095,3.85451,8.77915e-05,0.0130584,0.336853,10692.3,0.780958,0.368283,-0.4,0.2,1,1797.4,2.27082e+07,0.0752655,0.00180557,0,0.00352482,-0.414439,nan,-0.00729571,nan,nan,nan,nan,-0.0159885,-0.0585953,-0.0156681,nan,-0.128811,-0.0005,-0.149874,-0.34439,nan,-0.95119,-0.0807284,-0.44564,-0.0910357,0.0168419,-0.0018536,0.0557143,-0.841941
1849,-54.7636,319.167,0.00131138,0.0416667,1.20833,0.150097,1.43304,0.000661611,-0.0113473,3.85555,8.77915e-05,0.0130786,0.336874,13439.2,0.630389,0.283949,-0.4,0.2,1,1798.32,2.27205e+07,0.0965703,0.00228104,0,0.00417224,-0.438029,nan,-0.00826467,nan,nan,nan,nan,-0.0177004,-0.0631186,-0.0174363,nan,-0.136834,-0.000366667,-0.167466,-0.36144,nan,-0.883782,-0.0818726,-0.468717,-0.0953667,0.0168248,-0.00226118,0.0858333,-0.503016
1850,-69.2924,401.308,0.00125257,0.0833333,1,0.154365,1.46191,0.000723447,-0.0113861,3.85564,8.77915e-05,0.0130512,0.336875,11274.7,0.708359,0.381514,-0.4,0.2,1,1799.41,2.27328e+07,0.102182,0.00300523,0,0.0049765,-0.548896,nan,-0.0103,nan,nan,nan,nan,-0.022214,-0.0797116,-0.0225142,nan,-0.171927,-0.000269231,-0.21396,-0.46011,nan,-1.10799,-0.102163,-0.595664,-0.124346,0.0222113,-0.0026297,0.115385,-0.811487
1851,-79.8894,442.059,0.00146863,0.166667,1.25,0.149487,1.45838,0.000823105,-0.0103196,3.85478,8.77915e-05,0.011975,0.336829,11443.2,0.737653,0.336175,-0.4,0.2,1,1800.48,2.27451e+07,0.109398,0.00307769,0,0.00497563,-0.607391,nan,-0.0110271,nan,nan,nan,nan,-0.0237901,-0.089371,-0.024092,nan,-0.189536,-0.000382353,-0.231971,-0.502202,nan,-1.31929,-0.110985,-0.651176,-0.138059,0.0243423,-0.00298013,0.0994118,-1.03059
1852,-71.2263,389.8,0.00153093,0.0833333,1.16667,0.149209,1.42139,0.000826865,-0.0119206,3.85284,8.77915e-05,0.0170227,0.336768,11296.3,0.757963,0.329826,-0.4,0.2,1,1801.57,2.27574e+07,0.101045,0.00248246,0,0.00493946,-0.543288,nan,-0.00963867,nan,nan,nan,nan,-0.02173,-0.0832805,-0.0211272,nan,-0.167668,-0.001,-0.215799,-0.462946,nan,-1.16347,-0.103506,-0.57902,-0.1228,0.0236523,-0.0026476,0.0931667,-0.866055
1853,-95.1722,527.846,0.00129104,0.291667,1.33333,0.152273,1.44471,0.000745588,-0.0111265,3.8508,8.77915e-05,0.0138317,0.336694,12672.3,0.703801,0.265876,-0.4,0.2,1,1802.54,2.27697e+07,0.13094,0.00361019,0,0.0064594,-0.724502,nan,-0.0127036,nan,nan,nan,nan,-0.0269466,-0.0992754,-0.0286647,nan,-0.225921,-0.000435897,-0.278682,-0.605096,nan,-1.56428,-0.126961,-0.775286,-0.159667,0.0282771,-0.00377324,0.125513,-1.09517
1854,-80.5854,403.581,0.00148882,0.0833333,1.20833,0.153926,1.44329,0.000894933,-0.0107728,3.84728,8.77915e-05,0.0142495,0.336558,13774.6,0.581127,0.310952,-0.4,0.2,1,1803.44,2.2782e+07,0.118574,0.00264012,0,0.00451585,-0.552579,nan,-0.00859548,nan,nan,nan,nan,-0.0193994,-0.073004,-0.0195281,nan,-0.172581,-0.000322581,-0.214699,-0.46823,nan,-1.46104,-0.101788,-0.594413,-0.126903,0.0231073,-0.00276148,0.0983871,-1.29821
1855,-71.8349,372.553,0.00123306,0,1.58333,0.152585,1.44965,0.000905218,-0.0121697,3.84222,8.77915e-05,0.0148555,0.336456,10728.6,0.764277,0.381068,-0.4,0.2,1,1804.58,2.27942e+07,0.0934444,0.00225615,0,0.00470039,-0.510171,nan,-0.00820947,nan,nan,nan,nan,-0.0185615,-0.0656131,-0.01809,nan,-0.159635,-0.000394737,-0.192877,-0.421014,nan,-1.25532,-0.0955473,-0.550895,-0.113263,0.0211132,-0.00250253,0.0886842,-1.23451
1856,-65.2943,383.774,0.00127191,0.125,1.16667,0.149278,1.43942,0.000660644,-0.0124119,3.83967,8.77915e-05,0.0119375,0.336409,10833.9,0.760449,0.373773,-0.4,0.2,1,1805.72,2.28065e+07,0.0886115,0.00226519,0,0.00514522,-0.529498,nan,-0.0103671,nan,nan,nan,nan,-0.0217272,-0.0791494,-0.02196,nan,-0.164417,-0.000580645,-0.201159,-0.431261,nan,-1.01329,-0.102494,-0.561793,-0.118258,0.0213264,-0.00252583,0.0937097,-0.962294
1857,-57.5903,328.848,0.00124275,0.0416667,1.33333,0.147748,1.43093,0.00071523,-0.0106577,3.83812,8.77915e-05,0.01817,0.33634,11157.4,0.764202,0.337126,-0.4,0.2,1,1806.82,2.28188e+07,0.0768946,0.00215895,0,0.0043763,-0.447635,nan,-0.00823455,nan,nan,nan,nan,-0.0182851,-0.0649602,-0.018282,nan,-0.140638,-0.000212121,-0.171045,-0.375937,nan,-0.932831,-0.0882126,-0.480252,-0.101424,0.0176471,-0.00226499,0.0898485,-0.726753
1858,-73.6706,329.619,0.00155955,0.0416667,0.833333,0.145803,1.42849,0.000836445,-0.0111115,3.83486,8.77915e-05,0.00990735,0.336236,13766.3,0.618916,0.273696,-0.4,0.2,1,1807.71,2.28311e+07,0.0960241,0.00195166,0,0.00314205,-0.449,nan,-0.00635714,nan,nan,nan,nan,-0.0140067,-0.0485864,-0.013362,nan,-0.141342,-0.000190476,-0.18253,-0.381569,nan,-1.42826,-0.0887284,-0.485083,-0.103571,0.0186879,-0.00212481,0.0680952,-1.58016
1859,-62.1644,373.667,0.0012897,0.0416667,1.45833,0.149754,1.44014,0.000707939,-0.0114891,3.83081,8.77915e-05,0.00976146,0.336139,11290.5,0.691262,0.397086,-0.4,0.2,1,1808.8,2.28434e+07,0.0908848,0.00266156,0,0.00489593,-0.508913,nan,-0.0103117,nan,nan,nan,nan,-0.0216785,-0.0796389,-0.0224017,nan,-0.159912,-0.000555556,-0.199584,-0.426041,nan,-0.952911,-0.0975915,-0.547585,-0.114194,0.0209897,-0.00253537,0.09375,-0.710184
1860,-68.909,390.375,0.00127986,0.0416667,1.29167,0.15055,1.4223,0.000846578,-0.0109082,3.82769,8.77915e-05,0.0135639,0.336068,10887.1,0.765072,0.363608,-0.4,0.2,1,1809.94,2.28557e+07,0.0992445,0.00254952,0,0.00505451,-0.535551,nan,-0.0090075,nan,nan,nan,nan,-0.0226005,-0.0817313,-0.0204916,nan,-0.167597,-0.0001875,-0.21109,-0.438736,nan,-1.12086,-0.10636,-0.577425,-0.115594,0.0219403,-0.00274259,0.102188,-1.06579
1861,-85.122,420.229,0.00135965,0.0833333,1.375,0.146654,1.40556,0.000911146,-0.0118963,3.82715,8.77915e-05,0.0136305,0.33611,11867.8,0.698676,0.336728,-0.4,0.2,1,1810.97,2.2868e+07,0.106322,0.00301299,0,0.00469418,-0.581799,nan,-0.00944229,nan,nan,nan,nan,-0.0200622,-0.0728455,-0.0203516,nan,-0.179925,-0.000342857,-0.224619,-0.476486,nan,-1.54468,-0.107372,-0.613113,-0.1344,0.0243217,-0.00268602,0.0858571,-1.23045
1862,-84.8301,445.795,0.00134343,0.25,1.375,0.146834,1.43402,0.00078894,-0.0108196,3.8293,8.77915e-05,0.0138872,0.336163,11720.1,0.725158,0.323295,-0.4,0.2,1,1812.02,2.28803e+07,0.111919,0.00290082,0,0.00514597,-0.614945,nan,-0.0108918,nan,nan,nan,nan,-0.0224595,-0.083355,-0.0227528,nan,-0.190769,-0.000307692,-0.240486,-0.504646,nan,-1.46721,-0.116357,-0.652715,-0.133359,0.0244859,-0.00308573,0.0998718,-1.02981
1863,-73.7214,423.714,0.00137277,0.0416667,1.125,0.146242,1.42436,0.000753014,-0.0112599,3.82944,8.77915e-05,0.0186106,0.336131,14413,0.609893,0.242668,-0.4,0.2,1,1812.88,2.28925e+07,0.103744,0.00277492,0,0.0056299,-0.580621,nan,-0.0109443,nan,nan,nan,nan,-0.0236333,-0.0873862,-0.0242398,nan,-0.180957,-0.0005,-0.230466,-0.481558,nan,-1.17228,-0.108309,-0.619668,-0.13175,0.0235278,-0.00281802,0.0983929,-1.06003
1864,-79.995,372.657,0.00130047,0.0833333,1.375,0.150958,1.45245,0.000984177,-0.0119918,3.82743,8.77915e-05,0.0134087,0.336035,11187,0.699473,0.398943,-0.4,0.2,1,1813.98,2.29048e+07,0.0935109,0.00259935,0,0.00357471,-0.508764,nan,-0.00736857,nan,nan,nan,nan,-0.0168093,-0.0569001,-0.0169169,nan,-0.15914,-0.000314286,-0.211215,-0.431506,nan,-1.50994,-0.0974799,-0.542775,-0.114714,0.020515,-0.00250911,0.08,-1.22172
1865,-69.2927,407.396,0.00129133,0.208333,1.79167,0.15368,1.44922,0.000819372,-0.0123628,3.82277,8.77915e-05,0.0163039,0.33591,11481.8,0.749508,0.320711,-0.4,0.2,1,1815.05,2.29171e+07,0.106131,0.00260717,0,0.0053548,-0.554165,nan,-0.00970667,nan,nan,nan,nan,-0.0233072,-0.0823997,-0.0231645,nan,-0.17415,-0.000416667,-0.23284,-0.464342,nan,-1.08762,-0.108663,-0.596716,-0.122708,0.0221326,-0.00285558,0.106354,-0.827678
1866,-56.7405,288.808,0.00132469,0,1.08333,0.151174,1.482,0.000732916,-0.011783,3.81866,8.77915e-05,0.0180143,0.33581,12134,0.694306,0.318386,-0.4,0.2,1,1816.06,2.29294e+07,0.0769717,0.00163183,0,0.00328075,-0.39689,nan,-0.00636462,nan,nan,nan,nan,-0.0154514,-0.0538429,-0.0146361,nan,-0.123385,-3.84615e-05,-0.17172,-0.330662,nan,-0.999965,-0.0842389,-0.427047,-0.0895769,0.0178473,-0.00209578,0.0638462,-1.05742
1867,-50.9027,282.974,0.00139958,0.0416667,1.58333,0.148119,1.4639,0.000852072,-0.0116397,3.8157,8.77915e-05,0.0161652,0.335767,12646.3,0.707505,0.264159,-0.4,0.2,1,1817.03,2.29417e+07,0.0614258,0.00155272,0,0.00345921,-0.382373,nan,-0.00716667,nan,nan,nan,nan,-0.0166854,-0.0595307,-0.0154052,nan,-0.120817,-0.000153846,-0.16486,-0.322075,nan,-0.826702,-0.0842715,-0.413196,-0.0819487,0.0160476,-0.00199804,0.0647436,-0.95151
1868,-67.988,344.379,0.00142537,0.0833333,1.125,0.146501,1.44854,0.00075523,-0.0111472,3.81368,8.77915e-05,0.0154877,0.335707,14683,0.592604,0.244282,-0.4,0.2,1,1817.87,2.2954e+07,0.0723197,0.00245808,0,0.00397128,-0.465015,nan,-0.00779241,nan,nan,nan,nan,-0.018512,-0.0667678,-0.0176039,nan,-0.147051,-0.000689655,-0.202402,-0.392061,nan,-1.18911,-0.099801,-0.5029,-0.099069,0.0185428,-0.00229603,0.0701724,-0.938007
1869,-71.2371,332,0.00122373,0.125,1.66667,0.140682,1.46565,0.0006894,-0.0109519,3.81157,8.77915e-05,0.0178694,0.335679,13469,0.579037,0.333283,-0.4,0.2,1,1818.79,2.29663e+07,0.0890328,0.00249258,0,0.00338668,-0.452028,nan,-0.00653628,nan,nan,nan,nan,-0.0154803,-0.053995,-0.0151034,nan,-0.141574,-0.00027907,-0.200853,-0.38175,nan,-1.33828,-0.0954863,-0.484512,-0.0998372,0.0187516,-0.00234988,0.0647674,-1.14385
1870,-68.8827,373.75,0.00115108,0.125,1.20833,0.146194,1.43767,0.000667311,-0.0104011,3.81009,8.77915e-05,0.0142829,0.335648,10900.8,0.720014,0.407241,-0.4,0.2,1,1819.92,2.29786e+07,0.0990118,0.00205586,0,0.00436118,-0.510104,nan,-0.00900188,nan,nan,nan,nan,-0.0199278,-0.0725263,-0.0207254,nan,-0.159309,-0.00053125,-0.221895,-0.419931,nan,-1.16691,-0.100614,-0.543934,-0.107812,0.0202272,-0.00258333,0.0946875,-0.987756
1871,-57.2818,313.367,0.00125356,0.0416667,1.20833,0.148694,1.47441,0.000726996,-0.0114888,3.8089,8.77915e-05,0.0166228,0.335639,12075.9,0.687575,0.329987,-0.4,0.2,1,1820.94,2.29908e+07,0.0765637,0.00234565,0,0.00363627,-0.419443,nan,-0.00803133,nan,nan,nan,nan,-0.0172124,-0.0578415,-0.0170247,nan,-0.132904,-0.000133333,-0.193452,-0.345743,nan,-0.959846,-0.0901027,-0.45242,-0.0939333,0.0176174,-0.00218421,0.0683333,-0.726947
1872,-74.7633,313.37,0.00132346,0.0833333,1.04167,0.148065,1.46787,0.000653082,-0.0111178,3.80801,8.77915e-05,0.0096706,0.335598,11556,0.743212,0.32013,-0.4,0.2,1,1822,2.30031e+07,0.0915133,0.00195107,0,0.00275144,-0.426793,nan,-0.00566148,nan,nan,nan,nan,-0.0126416,-0.0406902,-0.0124365,nan,-0.133645,-0.000703704,-0.188488,-0.357849,nan,-1.51722,-0.0856603,-0.457466,-0.0927037,0.0174066,-0.00206986,0.0472222,-1.2712
1873,-80.55,414.143,0.00131244,0.125,1.04167,0.147342,1.46031,0.000766716,-0.0117424,3.80617,8.77915e-05,0.0134764,0.335525,14527.8,0.601286,0.244543,-0.4,0.2,1,1822.85,2.30154e+07,0.0959851,0.00268139,0,0.00451566,-0.558627,nan,-0.0101657,nan,nan,nan,nan,-0.0210082,-0.0755168,-0.0214492,nan,-0.17608,-0.000178571,-0.254545,-0.464551,nan,-1.40894,-0.112985,-0.598413,-0.124429,0.0233805,-0.00281863,0.0739286,-1.01381
1874,-38.8497,224.28,0.00133206,0.0416667,1,0.147552,1.49673,0.000695353,-0.0111793,3.80327,8.77915e-05,0.0124704,0.335461,10310.2,0.765454,0.426372,-0.4,0.2,1,1824.04,2.30277e+07,0.0618163,0.00133414,0,0.00257452,-0.301596,nan,-0.006152,nan,nan,nan,nan,-0.0134852,-0.0485718,-0.0130283,nan,-0.0954334,-8e-05,-0.1372,-0.25058,nan,-0.629483,-0.0626756,-0.327579,-0.0654,0.0137514,-0.0015771,0.0544,-0.617597
1875,-78.2308,437.409,0.00148157,0.166667,0.75,0.146833,1.48863,0.000824761,-0.0105406,3.80032,8.77915e-05,0.0151407,0.335348,9990.49,0.79073,0.43924,-0.4,0.2,1,1825.28,2.304e+07,0.111838,0.00245129,0,0.00512311,-0.598509,nan,-0.0108427,nan,nan,nan,nan,-0.0254813,-0.0966427,-0.024436,nan,-0.187196,-0.000227273,-0.252982,-0.509778,nan,-1.27274,-0.121692,-0.647715,-0.137818,0.0261316,-0.00297963,0.121818,-1.06282
1876,-59.7721,330.586,0.00146366,0.0416667,1.16667,0.148387,1.45363,0.000838443,-0.0112537,3.79685,8.77915e-05,0.0105273,0.335293,11682,0.730621,0.32125,-0.4,0.2,1,1826.34,2.30523e+07,0.0760973,0.00215037,0,0.0036253,-0.448763,nan,-0.00824552,nan,nan,nan,nan,-0.0189341,-0.0666915,-0.0188415,nan,-0.140351,-0.000172414,-0.203901,-0.373625,nan,-0.984388,-0.09256,-0.477608,-0.0983103,0.0186026,-0.00226843,0.0636207,-0.790406
1877,-97.6452,425.769,0.0012897,0.125,0.958333,0.14458,1.46668,0.000687218,-0.010613,3.79451,8.77915e-05,0.00851812,0.335184,12346.6,0.700765,0.294492,-0.4,0.2,1,1827.33,2.30646e+07,0.11304,0.00265674,0,0.0038563,-0.583077,nan,-0.00775538,nan,nan,nan,nan,-0.0167824,-0.0630227,-0.0175387,nan,-0.181431,-0.000192308,-0.245667,-0.472327,nan,-1.95671,-0.105604,-0.610832,-0.125885,0.0232823,-0.00298454,0.0821154,-1.4348
1878,-82.1093,422.4,0.00145631,0.166667,1.08333,0.146628,1.4986,0.000877465,-0.0117514,3.79002,8.77915e-05,0.00805834,0.335082,15184.3,0.569904,0.239353,-0.4,0.2,1,1828.14,2.30769e+07,0.109279,0.00258424,0,0.004315,-0.576814,nan,-0.0106493,nan,nan,nan,nan,-0.0213,-0.0797038,-0.0227714,nan,-0.179805,-0.0002,-0.270338,-0.476493,nan,-1.45858,-0.108257,-0.615274,-0.129633,0.0245417,-0.00283848,0.0983333,-1.06872
1879,-81.6109,395.643,0.00135175,0.0833333,1.08333,0.145264,1.49516,0.000796974,-0.0115982,3.78736,8.77915e-05,0.0138083,0.335026,12020,0.67357,0.348724,-0.4,0.2,1,1829.17,2.30892e+07,0.098092,0.00240786,0,0.00368116,-0.542557,nan,-0.00846429,nan,nan,nan,nan,-0.0195792,-0.0752408,-0.0192702,nan,-0.168235,-0.000357143,-0.255939,-0.45683,nan,-1.50831,-0.10944,-0.572365,-0.116357,0.0237362,-0.00294073,0.09375,-1.13612
1880,-76.3571,392.486,0.00129563,0.125,1.33333,0.149642,1.4739,0.000726804,-0.0112553,3.78536,8.77915e-05,0.0122829,0.334971,10307.3,0.764871,0.427291,-0.4,0.2,1,1830.36,2.31014e+07,0.111552,0.00243102,0,0.00388823,-0.528326,nan,-0.00949943,nan,nan,nan,nan,-0.0203089,-0.0781646,-0.0197399,nan,-0.166801,-0.000685714,-0.250565,-0.436747,nan,-1.3588,-0.109973,-0.570488,-0.115914,0.0215133,-0.00279904,0.0882857,-1.09875
1881,-92.5048,475.269,0.00145072,0.208333,0.875,0.149058,1.4736,0.000743232,-0.0112366,3.78186,8.77915e-05,0.011639,0.334836,11387.2,0.716474,0.362631,-0.4,0.2,1,1831.44,2.31137e+07,0.113837,0.00288485,0,0.00452632,-0.643239,nan,-0.0111738,nan,nan,nan,nan,-0.023243,-0.0863071,-0.0242948,nan,-0.202545,-0.000115385,-0.293453,-0.530587,nan,-1.66386,-0.115556,-0.690593,-0.140962,0.0276128,-0.00339968,0.117692,-0.801609
1882,-77.7846,415.314,0.0013197,0.166667,1.29167,0.147776,1.46706,0.000713481,-0.0115106,3.77691,8.77915e-05,0.016526,0.334744,13045.6,0.677508,0.264419,-0.4,0.2,1,1832.38,2.3126e+07,0.112518,0.00260439,0,0.00423766,-0.561055,nan,-0.0103377,nan,nan,nan,nan,-0.0212862,-0.081152,-0.0227567,nan,-0.176282,-0.000171429,-0.263213,-0.475928,nan,-1.33265,-0.107476,-0.603998,-0.120886,0.0236258,-0.00291234,0.086,-0.845289
1883,-87.5065,471.606,0.00138606,0.125,1.25,0.143199,1.52098,0.000822555,-0.0123846,3.77486,8.77915e-05,0.0112014,0.334726,12871.5,0.602872,0.351797,-0.4,0.2,1,1833.34,2.31383e+07,0.126873,0.00297033,0,0.00480395,-0.637606,nan,-0.0110242,nan,nan,nan,nan,-0.0251658,-0.0910934,-0.0249128,nan,-0.200274,-0.000212121,-0.30483,-0.532067,nan,-1.49943,-0.122592,-0.68262,-0.138879,0.0247714,-0.00349528,0.113182,-0.948695
1884,-84.1468,441.167,0.0012485,0.208333,1.04167,0.145384,1.48103,0.000731478,-0.0122468,3.77447,8.77915e-05,0.0102903,0.334711,10939.4,0.748443,0.374839,-0.4,0.2,1,1834.47,2.31506e+07,0.126199,0.00282269,0,0.0047861,-0.599771,nan,-0.0107887,nan,nan,nan,nan,-0.0226284,-0.0858404,-0.0231081,nan,-0.18768,-0.000466667,-0.276345,-0.490272,nan,-1.4826,-0.115459,-0.640344,-0.129767,0.0238177,-0.00316477,0.0996667,-0.914755
1885,-75.2327,419.897,0.00127974,0.0416667,1.16667,0.146814,1.46611,0.000746911,-0.0120395,3.77365,5.85277e-05,0.0210018,0.334727,11398.9,0.718755,0.359242,-0.4,0.2,1,1835.55,2.31629e+07,0.114774,0.00257795,0,0.00463518,-0.567653,nan,-0.0104097,nan,nan,nan,nan,-0.023494,-0.0868707,-0.0233172,nan,-0.178539,-0.000344828,-0.269457,-0.471512,nan,-1.25152,-0.113622,-0.605878,-0.122138,0.0228382,-0.00314871,0.103276,-1.02166
1886,-68.1928,363.64,0.00140515,0.0833333,0.958333,0.146981,1.49111,0.000837883,-0.00956448,3.77498,5.85277e-05,0.0146882,0.334793,11636.6,0.753435,0.302546,-0.4,0.2,1,1836.6,2.31752e+07,0.100311,0.00232136,0,0.00345865,-0.494956,nan,-0.0089744,nan,nan,nan,nan,-0.0204187,-0.0772051,-0.0192124,nan,-0.154036,-0.00016,-0.243046,-0.406883,nan,-1.18306,-0.09735,-0.527915,-0.10788,0.0216853,-0.00272278,0.0922,-1.02069
1887,-85.4222,433.533,0.00126421,0.0833333,1.16667,0.150434,1.54766,0.000772777,-0.00948519,3.77669,5.85277e-05,0.00979391,0.334832,14569.3,0.602221,0.241194,-0.4,0.2,1,1837.45,2.31875e+07,0.12179,0.00276267,0,0.00424335,-0.586341,nan,-0.0101793,nan,nan,nan,nan,-0.0222312,-0.0801289,-0.0222419,nan,-0.184028,-0.000333333,-0.276741,-0.475411,nan,-1.55083,-0.116961,-0.625504,-0.1221,0.0223051,-0.00307272,0.0931667,-1.19803
1888,-93.2164,420.192,0.00129556,0,1.08333,0.147392,1.51255,0.000701285,-0.00998007,3.77638,5.85277e-05,0.0130454,0.334766,12237.6,0.655215,0.3489,-0.4,0.2,1,1838.45,2.31997e+07,0.106049,0.00259929,0,0.00342723,-0.564341,nan,-0.00812615,nan,nan,nan,nan,-0.0191952,-0.0684766,-0.0184295,nan,-0.178431,0,-0.261953,-0.481221,nan,-1.80918,-0.10852,-0.61151,-0.1265,0.0227768,-0.00300051,0.0748077,-1.13582
1889,-95.2644,467.588,0.00145202,0.166667,1.25,0.145323,1.52766,0.000841132,-0.00993919,3.77234,5.85277e-05,0.0102079,0.334641,11016.8,0.757158,0.358233,-0.4,0.2,1,1839.57,2.3212e+07,0.136149,0.00272109,0,0.00449519,-0.632297,nan,-0.0105041,nan,nan,nan,nan,-0.0237614,-0.0877792,-0.0236051,nan,-0.198746,-0.000235294,-0.309928,-0.528455,nan,-1.76098,-0.1281,-0.679577,-0.137971,0.026575,-0.00349453,0.104559,-1.16119
1890,-79.8522,385.038,0.00132062,0.0416667,1.04167,0.148846,1.46802,0.000718359,-0.0106967,3.76753,5.85277e-05,0.00866255,0.334516,11876.4,0.712096,0.32256,-0.4,0.2,1,1840.61,2.32243e+07,0.109712,0.00193086,0,0.00357918,-0.519693,nan,-0.00882615,nan,nan,nan,nan,-0.0190363,-0.0682101,-0.0186014,nan,-0.163667,-0.000115385,-0.250498,-0.443926,nan,-1.48864,-0.102887,-0.561292,-0.114615,0.0210827,-0.00277563,0.0821154,-1.16544
1891,-69.9993,385.514,0.00147469,0.166667,1.375,0.144422,1.4778,0.000774841,-0.0092018,3.76344,5.85277e-05,0.00852049,0.334407,11749.8,0.753133,0.292673,-0.4,0.2,1,1841.65,2.32366e+07,0.0956702,0.00248631,0,0.00413703,-0.520161,nan,-0.00893946,nan,nan,nan,nan,-0.0212624,-0.0783812,-0.0212171,nan,-0.163728,-0.00027027,-0.249884,-0.436811,nan,-1.18032,-0.102566,-0.56183,-0.112432,0.0206843,-0.00281419,0.108919,-0.912359
1892,-82.8279,402.25,0.00136307,0.0416667,1.29167,0.142018,1.48347,0.000782275,-0.00923701,3.75937,5.85277e-05,0.0136138,0.334301,14592.1,0.598094,0.244007,-0.4,0.2,1,1842.5,2.32489e+07,0.107409,0.00228343,0,0.00357795,-0.545411,nan,-0.00941188,nan,nan,nan,nan,-0.0200355,-0.0761802,-0.0203345,nan,-0.170725,-0.000125,-0.256632,-0.456038,nan,-1.54227,-0.10256,-0.587664,-0.118594,0.0232543,-0.00278798,0.0864063,-0.97185
1893,-74.4867,396.138,0.00132181,0.0833333,1.125,0.14412,1.51585,0.00073101,-0.00988124,3.7553,5.85277e-05,0.0138428,0.334207,13736.8,0.569967,0.324567,-0.4,0.2,1,1843.39,2.32612e+07,0.112814,0.00231453,0,0.00411934,-0.541707,nan,-0.00904276,nan,nan,nan,nan,-0.0230713,-0.082553,-0.0209383,nan,-0.168455,-0.000206897,-0.257117,-0.44704,nan,-1.2834,-0.107276,-0.580758,-0.114931,0.0210805,-0.00301402,0.0946552,-1.3249
1894,-56.2744,359.885,0.001328,0.125,0.958333,0.144987,1.45862,0.000732689,-0.00939896,3.75264,5.85277e-05,0.0102236,0.334162,10621,0.755796,0.401159,-0.4,0.2,1,1844.55,2.32735e+07,0.0942445,0.00199257,0,0.00416668,-0.488698,nan,-0.00977846,nan,nan,nan,nan,-0.0230851,-0.0848595,-0.0217881,nan,-0.152993,-0.000269231,-0.241329,-0.404018,nan,-0.796515,-0.0998068,-0.52422,-0.111,0.0211302,-0.00255922,0.0994231,-0.383535
1895,-68.7989,292.231,0.00147264,0.125,0.958333,0.146872,1.45839,0.00075443,-0.0100839,3.752,5.85277e-05,0.0148631,0.334202,11918.4,0.71439,0.316619,-0.4,0.2,1,1845.58,2.32858e+07,0.0789513,0.00166946,0,0.00242777,-0.399034,nan,-0.00525538,nan,nan,nan,nan,-0.0131174,-0.0480628,-0.0117116,nan,-0.124259,-0.000153846,-0.183448,-0.340412,nan,-1.36585,-0.0782135,-0.429717,-0.0842308,0.0154928,-0.00215453,0.0469231,-1.62432
1896,-62.3878,378.034,0.00135946,0.125,1.08333,0.150236,1.43692,0.000815302,-0.00961514,3.75258,5.85277e-05,0.0150572,0.334184,11538,0.749366,0.315639,-0.4,0.2,1,1846.65,2.3298e+07,0.0938032,0.00241052,0,0.00437622,-0.516801,nan,-0.00984621,nan,nan,nan,nan,-0.023032,-0.0876276,-0.0225831,nan,-0.160887,-0.000344828,-0.243167,-0.429167,nan,-0.94508,-0.0960223,-0.551963,-0.114931,0.0202775,-0.00281314,0.103103,-1.00845
1897,-95.2968,467.333,0.00125649,0.0416667,1.08333,0.147938,1.45545,0.000722354,-0.00909984,3.75075,5.85277e-05,0.00908133,0.33412,14190,0.615577,0.250385,-0.4,0.2,1,1847.52,2.33103e+07,0.129765,0.00298217,0,0.00456387,-0.632002,nan,-0.00960963,nan,nan,nan,nan,-0.0236729,-0.0880693,-0.023802,nan,-0.197577,-0.000333333,-0.316906,-0.52881,nan,-1.75698,-0.123676,-0.677441,-0.140704,0.024841,-0.00352994,0.114074,-1.27135
1898,-60.8117,298.538,0.00146206,0.0416667,1.04167,0.144202,1.4719,0.000731204,-0.0106356,3.74802,5.85277e-05,0.012467,0.334043,15053.8,0.572334,0.243939,-0.4,0.2,1,1848.34,2.33226e+07,0.079462,0.00174167,0,0.00274151,-0.404364,nan,-0.00653769,nan,nan,nan,nan,-0.015129,-0.0563955,-0.0151921,nan,-0.126685,-0.000230769,-0.197206,-0.349987,nan,-1.11199,-0.079346,-0.437967,-0.0904615,0.0171672,-0.00214748,0.0736538,-0.836441
1899,-102.044,504.423,0.00131609,0.208333,0.875,0.144361,1.47608,0.000697858,-0.00973857,3.74508,5.85277e-05,0.0184292,0.333963,13998.4,0.622732,0.255082,-0.4,0.2,1,1849.21,2.33349e+07,0.117154,0.00318944,0,0.00502696,-0.683059,nan,-0.0118585,nan,nan,nan,nan,-0.0249298,-0.0924236,-0.0256822,nan,-0.214351,-0.000307692,-0.318799,-0.573991,nan,-1.86178,-0.125549,-0.735479,-0.147654,0.0269231,-0.00348283,0.107308,-1.17536
1900,-62.532,334.087,0.00158102,0.125,0.833333,0.148126,1.473,0.000839031,-0.0102053,3.74244,5.85277e-05,0.0127188,0.33391,14980,0.57024,0.250054,-0.4,0.2,1,1850.04,2.33472e+07,0.0923525,0.00192792,0,0.00334938,-0.452533,nan,-0.00816348,nan,nan,nan,nan,-0.0193015,-0.0677086,-0.0177175,nan,-0.142174,-0.000391304,-0.222585,-0.372676,nan,-1.07756,-0.0901506,-0.489082,-0.0994348,0.0185695,-0.00252959,0.0815217,-1.50828
1901,-93.0141,449.73,0.0012622,0.166667,1.375,0.148903,1.44532,0.000746983,-0.00957029,3.74045,5.85277e-05,0.00905378,0.333831,15101.8,0.567681,0.245995,-0.4,0.2,1,1852.65,2.33595e+07,0.122964,0.0026088,0,0.00392421,-0.603242,nan,-0.0098227,nan,nan,nan,nan,-0.0209864,-0.0744588,-0.0216656,nan,-0.19065,-0.000675676,-0.283287,-0.495059,nan,-1.75025,-0.110182,-0.652343,-0.127595,0.0219302,-0.00352207,0.092973,-1.20003
1902,-65.1816,350.258,0.00132406,0.125,1.16667,0.148511,1.45398,0.000802063,-0.00964688,3.73769,5.85277e-05,0.0117438,0.33379,14757.7,0.581732,0.250916,-0.4,0.2,1,1853.48,2.33718e+07,0.0952813,0.00255154,0,0.00394833,-0.474624,nan,-0.00803806,nan,nan,nan,nan,-0.0205413,-0.0776402,-0.0186192,nan,-0.148533,-9.67742e-05,-0.236483,-0.407203,nan,-1.10695,-0.10078,-0.510282,-0.103161,0.0189154,-0.00273433,0.0983871,-0.904079
1903,-69.1501,377.087,0.00133655,0.0833333,0.875,0.149322,1.43764,0.000663745,-0.00917739,3.73684,5.85277e-05,0.00997624,0.333768,14988.7,0.570928,0.248888,-0.4,0.2,1,1854.3,2.33841e+07,0.119557,0.00166254,0,0.00363869,-0.511489,nan,-0.00870609,nan,nan,nan,nan,-0.0220091,-0.0793843,-0.0206292,nan,-0.159956,-0.000478261,-0.258925,-0.435068,nan,-1.15965,-0.113534,-0.551977,-0.112435,0.020558,-0.00279956,0.0997826,-0.872896
1904,-79.9111,472.167,0.00152192,0.291667,0.708333,0.146772,1.4541,0.000919625,-0.0091028,3.73589,5.85277e-05,0.00797391,0.333736,15136.6,0.564323,0.247482,-0.4,0.2,1,1855.11,2.33964e+07,0.120961,0.00262256,0,0.00515757,-0.639482,nan,-0.01157,nan,nan,nan,nan,-0.0293658,-0.113382,-0.0279939,nan,-0.200175,-0.00075,-0.312764,-0.536302,nan,-1.24404,-0.126038,-0.692259,-0.140792,0.0254629,-0.00357255,0.137083,-0.833408
1905,-96.241,472.417,0.00135926,0.208333,1.29167,0.148838,1.44228,0.000804254,-0.00906058,3.73467,5.85277e-05,0.0140562,0.333686,14708.2,0.570174,0.265279,-0.4,0.2,1,1855.95,2.34086e+07,0.125696,0.00323991,0,0.00449996,-0.63279,nan,-0.01063,nan,nan,nan,nan,-0.0237752,-0.0895249,-0.023268,nan,-0.199772,-0.00075,-0.31809,-0.538679,nan,-1.77304,-0.118475,-0.683809,-0.136444,0.0243575,-0.0034894,0.110139,-1.11694
1906,-96.1179,456.114,0.00146687,0.291667,1.16667,0.15061,1.46858,0.000871769,-0.00905887,3.73264,5.85277e-05,0.0141127,0.333605,15101,0.569096,0.244627,-0.4,0.2,1,1856.77,2.34209e+07,0.114223,0.00273211,0,0.00402084,-0.61248,nan,-0.00902743,nan,nan,nan,nan,-0.0218044,-0.0844787,-0.0211515,nan,-0.193033,-0.000142857,-0.2959,-0.519323,nan,-1.80414,-0.12017,-0.659502,-0.132771,0.023177,-0.0033981,0.101,-1.33871
1907,-68.3167,422.16,0.0013561,0.166667,0.875,0.148581,1.46268,0.000943056,-0.00931211,3.72912,5.85277e-05,0.011218,0.333499,15157.6,0.56304,0.247645,-0.4,0.2,1,1857.58,2.34332e+07,0.106008,0.00268566,0,0.00467655,-0.568583,nan,-0.0105488,nan,nan,nan,nan,-0.0261777,-0.0963007,-0.0259519,nan,-0.178948,-0.00052,-0.290773,-0.47901,nan,-1.00575,-0.110662,-0.614961,-0.12528,0.0219864,-0.0031361,0.1194,-0.669937
1908,-87.7008,439.806,0.00149024,0.166667,1.33333,0.144848,1.46179,0.000888924,-0.00994609,3.72545,5.85277e-05,0.00926062,0.3334,15073.9,0.570334,0.244849,-0.4,0.2,1,1858.39,2.34455e+07,0.104523,0.00276987,0,0.0042807,-0.589598,nan,-0.00901,nan,nan,nan,nan,-0.0243099,-0.0914967,-0.0221798,nan,-0.186278,-0.000194444,-0.299653,-0.514478,nan,-1.55974,-0.125606,-0.642045,-0.1275,0.0225299,-0.00353586,0.103611,-1.18281
1909,-68.0516,352.559,0.00154313,0.125,1.29167,0.142995,1.485,0.000928036,-0.0103046,3.72259,5.85277e-05,0.0152087,0.333337,15055.1,0.56523,0.250973,-0.4,0.2,1,1859.21,2.34578e+07,0.0921062,0.00201153,0,0.00368161,-0.477278,nan,-0.00810765,nan,nan,nan,nan,-0.0192601,-0.0710545,-0.0185461,nan,-0.149755,-0.000529412,-0.224349,-0.401772,nan,-1.18808,-0.0985968,-0.51302,-0.101618,0.0188868,-0.00266244,0.0848529,-1.01844
1910,-89.4353,445.216,0.00128074,0.291667,1.25,0.14532,1.47714,0.000787722,-0.0101676,3.71969,5.85277e-05,0.00848636,0.333229,14678.8,0.591979,0.245144,-0.4,0.2,1,1860.05,2.34701e+07,0.110411,0.0026742,0,0.00459292,-0.599064,nan,-0.0100762,nan,nan,nan,nan,-0.0216226,-0.0800711,-0.0223526,nan,-0.188186,-0.000297297,-0.28422,-0.507083,nan,-1.63889,-0.108259,-0.643477,-0.123459,0.0225053,-0.00331384,0.100811,-1.27489
1911,-89.3486,470.333,0.00148337,0.208333,1.16667,0.147108,1.49668,0.000901014,-0.0101703,3.7151,5.85277e-05,0.0103332,0.333107,14912.7,0.578039,0.245957,-0.4,0.2,1,1860.88,2.34824e+07,0.122405,0.00277454,0,0.00483369,-0.638796,nan,-0.0101145,nan,nan,nan,nan,-0.0262329,-0.100234,-0.0245029,nan,-0.199705,-0.00030303,-0.312271,-0.537013,nan,-1.55363,-0.1169,-0.684267,-0.137273,0.0245501,-0.00368267,0.119545,-1.09069
1912,-77.2496,396.727,0.00135736,0.0416667,1.33333,0.148952,1.48527,0.000777463,-0.00903179,3.71244,5.85277e-05,0.00702243,0.333086,14568.9,0.598232,0.245209,-0.4,0.2,1,1861.72,2.34947e+07,0.107169,0.00220565,0,0.00399114,-0.53209,nan,-0.00911273,nan,nan,nan,nan,-0.0212457,-0.0776045,-0.020678,nan,-0.168302,-0.000242424,-0.258336,-0.450455,nan,-1.37145,-0.102919,-0.576786,-0.114515,0.0199357,-0.00286525,0.0910606,-1.25478
1913,-76.5544,423.351,0.00145774,0.125,1.41667,0.14972,1.50312,0.000871897,-0.0102554,3.71145,5.85277e-05,0.01756,0.333022,15127.4,0.567094,0.245206,-0.4,0.2,1,1862.53,2.35069e+07,0.113344,0.00209343,0,0.00438388,-0.569663,nan,-0.0105178,nan,nan,nan,nan,-0.023695,-0.0871097,-0.0231916,nan,-0.179748,-0.000648649,-0.267725,-0.482407,nan,-1.28178,-0.104157,-0.618665,-0.12227,0.0210081,-0.00299681,0.107027,-0.856707
1914,-64.3167,334.732,0.00148654,0.0416667,1.66667,0.146734,1.50495,0.000850857,-0.0103029,3.70864,5.85277e-05,0.0118233,0.332953,15232.8,0.561225,0.245455,-0.4,0.2,1,1863.34,2.35192e+07,0.0917868,0.00208546,0,0.00346727,-0.451449,nan,-0.00757756,nan,nan,nan,nan,-0.0181467,-0.065233,-0.0174871,nan,-0.141806,-0.000463415,-0.221071,-0.382795,nan,-1.13,-0.0914776,-0.48532,-0.0924878,0.0164589,-0.00247886,0.0791463,-0.822707
1915,-58.8621,317.417,0.00143763,0.0833333,0.916667,0.150187,1.53829,0.000986247,-0.0105372,3.70668,5.85277e-05,0.0144914,0.332896,15144.1,0.570404,0.241,-0.4,0.2,1,1864.16,2.35315e+07,0.0834858,0.00175597,0,0.00343888,-0.426434,nan,-0.00720833,nan,nan,nan,nan,-0.0178407,-0.062962,-0.0172204,nan,-0.134896,-0.000416667,-0.206015,-0.364282,nan,-0.995817,-0.0860748,-0.46267,-0.0895833,0.0151289,-0.00241629,0.0758333,-0.995648
1916,-96.7189,497.722,0.00136386,0.25,1.25,0.151802,1.55763,0.000730411,-0.00966228,3.70415,5.85277e-05,0.0100805,0.332828,15348.2,0.559255,0.241358,-0.4,0.2,1,1864.96,2.35438e+07,0.136848,0.00298145,0,0.00513021,-0.666973,nan,-0.0111861,nan,nan,nan,nan,-0.025916,-0.0944282,-0.0250127,nan,-0.210446,-0.000361111,-0.317255,-0.564275,nan,-1.72494,-0.12387,-0.721858,-0.144278,0.0254944,-0.00372512,0.115278,-1.25268
1917,-71.1065,374.061,0.00147253,0.0833333,1.29167,0.154614,1.53917,0.000785052,-0.00920423,3.70112,5.85277e-05,0.0162975,0.332739,15443.6,0.552133,0.243534,-0.4,0.2,1,1865.75,2.35561e+07,0.107046,0.00208059,0,0.004104,-0.501633,nan,-0.0082,nan,nan,nan,nan,-0.0203606,-0.0702925,-0.0193816,nan,-0.158432,-0.000212121,-0.242455,-0.425012,nan,-1.24254,-0.101152,-0.544348,-0.106121,0.0178644,-0.0027766,0.0959091,-1.01823
1918,-86.6081,418.515,0.00140144,0.208333,1.16667,0.150526,1.51743,0.000747422,-0.00989096,3.69799,5.85277e-05,0.0107895,0.332678,9579.07,0.632043,0.650754,-0.4,0.2,1,1867.04,2.35684e+07,0.101243,0.00238088,0,0.00411312,-0.563535,nan,-0.0096697,nan,nan,nan,nan,-0.0214286,-0.0739304,-0.0204652,nan,-0.177869,-0.000454545,-0.264369,-0.478489,nan,-1.6113,-0.106547,-0.612125,-0.117667,0.0210867,-0.00305741,0.0922727,-1.34912
1919,-76.0431,398.2,0.00133712,0.0416667,1.41667,0.149385,1.54304,0.00089693,-0.010206,3.69577,5.85277e-05,0.00906424,0.332607,11389.2,0.776514,0.302399,-0.4,0.2,1,1868.12,2.35807e+07,0.0972947,0.00234832,0,0.00417906,-0.531722,nan,-0.00874,nan,nan,nan,nan,-0.0209655,-0.0725579,-0.0206404,nan,-0.168389,-0.000171429,-0.249685,-0.4449,nan,-1.33942,-0.1006,-0.575636,-0.113286,0.0198426,-0.00307667,0.0995714,-1.3146
1920,-81.9172,413.394,0.00144422,0.166667,1.20833,0.149877,1.53805,0.000909177,-0.0105922,3.69259,5.85277e-05,0.0139244,0.332506,11953.2,0.70644,0.321573,-0.4,0.2,1,1869.15,2.3593e+07,0.108723,0.00219644,0,0.00421082,-0.556644,nan,-0.00936121,nan,nan,nan,nan,-0.0222833,-0.0837896,-0.0211404,nan,-0.175228,-0.000515152,-0.263527,-0.476634,nan,-1.46062,-0.109318,-0.603697,-0.120364,0.0209226,-0.00317182,0.0951515,-1.54284
1921,-73.9042,351.765,0.001429,0.125,1.29167,0.148839,1.51825,0.000831767,-0.0106018,3.6891,5.85277e-05,0.0120104,0.332425,11842,0.710647,0.327018,-0.4,0.2,1,1870.19,2.36052e+07,0.0944647,0.00194298,0,0.00327033,-0.474197,nan,-0.00743529,nan,nan,nan,nan,-0.0175999,-0.0619716,-0.0169471,nan,-0.149199,-0.000264706,-0.232072,-0.398171,nan,-1.3881,-0.0885046,-0.513372,-0.0990588,0.0174527,-0.00260842,0.0673529,-1.32969
1922,-78.3767,369.735,0.00161016,0.0833333,1.33333,0.147862,1.4923,0.000998231,-0.00942216,3.6869,5.85277e-05,0.00839626,0.332393,12801.2,0.636739,0.323172,-0.4,0.2,1,1871.15,2.36175e+07,0.0994612,0.00220137,0,0.00364623,-0.498144,nan,-0.00724059,nan,nan,nan,nan,-0.0189783,-0.0696785,-0.0173765,nan,-0.157063,-0.000264706,-0.236615,-0.428273,nan,-1.47888,-0.0992521,-0.539096,-0.109824,0.019555,-0.00280103,0.0870588,-1.32395
1923,-83.5266,401.417,0.00141473,0.0833333,0.916667,0.148805,1.4829,0.000818387,-0.0103268,3.68573,5.85277e-05,0.0141347,0.332343,11550,0.720456,0.34344,-0.4,0.2,1,1872.21,2.36298e+07,0.111971,0.00247675,0,0.00410486,-0.54171,nan,-0.00810417,nan,nan,nan,nan,-0.0202591,-0.0751714,-0.0195343,nan,-0.170436,-0.000291667,-0.262059,-0.457636,nan,-1.56127,-0.100067,-0.590705,-0.116,0.0205554,-0.00309764,0.095,-1.45229
1924,-90.5162,485.929,0.00162409,0.125,1.04167,0.150249,1.48562,0.00087072,-0.0103211,3.68352,5.85277e-05,0.0142935,0.332269,11922,0.712602,0.318097,-0.4,0.2,1,1873.25,2.36421e+07,0.136823,0.0034722,0,0.00502146,-0.653401,nan,-0.0118786,nan,nan,nan,nan,-0.0266189,-0.0979442,-0.0272885,nan,-0.205907,-0.000142857,-0.322039,-0.546556,nan,-1.57042,-0.118257,-0.709201,-0.137857,0.0241288,-0.00380306,0.120179,-1.07554
1925,-73.6867,408.594,0.00149546,0.125,1.20833,0.155843,1.47343,0.000859872,-0.00953791,3.68115,5.85277e-05,0.00643691,0.332235,11979,0.706799,0.318994,-0.4,0.2,1,1874.27,2.36544e+07,0.100101,0.00235503,0,0.00461123,-0.550328,nan,-0.00997687,nan,nan,nan,nan,-0.0230539,-0.0839796,-0.0218106,nan,-0.173211,-0.00025,-0.265397,-0.460874,nan,-1.21923,-0.105983,-0.595503,-0.117312,0.0212965,-0.00318863,0.107813,-1.16163
1926,-69.5959,352.107,0.00137298,0.0833333,1.08333,0.152554,1.47237,0.000739627,-0.0101377,3.68054,5.85277e-05,0.0108955,0.332236,12529.2,0.635552,0.345196,-0.4,0.2,1,1875.26,2.36667e+07,0.087789,0.00213431,0,0.00387225,-0.473106,nan,-0.00823571,nan,nan,nan,nan,-0.0178687,-0.0655043,-0.0181146,nan,-0.149732,-0.000321429,-0.218517,-0.396066,nan,-1.25368,-0.0926751,-0.515162,-0.101821,0.0178813,-0.00246852,0.0835714,-1.01297
1927,-71.6748,373.516,0.00125801,0.0416667,1.25,0.149152,1.46148,0.000845279,-0.0101994,3.68014,5.85277e-05,0.0121564,0.332216,12505.8,0.653232,0.329356,-0.4,0.2,1,1876.24,2.3679e+07,0.0946082,0.0021107,0,0.0038874,-0.503103,nan,-0.00769226,nan,nan,nan,nan,-0.0197688,-0.0698958,-0.0193443,nan,-0.158063,-0.000387097,-0.245096,-0.427322,nan,-1.25055,-0.096336,-0.544593,-0.110903,0.0197636,-0.00297761,0.0848387,-1.29005
1928,-63.4531,354.909,0.00147382,0.125,1.25,0.148181,1.48425,0.000784236,-0.00980359,3.67835,5.85277e-05,0.015066,0.332139,11528.1,0.697125,0.36879,-0.4,0.2,1,1877.31,2.36913e+07,0.0841407,0.00210873,0,0.00396497,-0.482228,nan,-0.0085703,nan,nan,nan,nan,-0.0213912,-0.0770698,-0.0199377,nan,-0.15053,-0.000333333,-0.244688,-0.399503,nan,-1.03068,-0.0985495,-0.521041,-0.10103,0.0185696,-0.00271461,0.0933333,-0.89309
1929,-72.2878,394.455,0.00143784,0.166667,0.75,0.149873,1.48903,0.000738995,-0.0111789,3.67596,5.85277e-05,0.00841281,0.332108,11017.9,0.65235,0.462923,-0.4,0.2,1,1878.43,2.37036e+07,0.109093,0.00268671,0,0.00428959,-0.528191,nan,-0.00924,nan,nan,nan,nan,-0.0236841,-0.0859798,-0.0212622,nan,-0.167265,0,-0.261421,-0.446466,nan,-1.21049,-0.108832,-0.578235,-0.114136,0.0197683,-0.00302743,0.0979545,-1.59476
1930,-91.1983,434.103,0.00141883,0.0416667,1.16667,0.150515,1.49797,0.000915355,-0.00923502,3.67424,5.85277e-05,0.0110169,0.332004,10555.2,0.750388,0.413777,-0.4,0.2,1,1879.59,2.37158e+07,0.116387,0.00265816,0,0.0042962,-0.587722,nan,-0.00874552,nan,nan,nan,nan,-0.0207859,-0.0764404,-0.0211049,nan,-0.184301,-0.000827586,-0.270329,-0.492201,nan,-1.71005,-0.107958,-0.631807,-0.126621,0.022452,-0.00302188,0.0896552,-1.45909
1931,-81.9414,403.033,0.00163844,0.0833333,1.16667,0.149645,1.45492,0.000853537,-0.00956062,3.6698,5.85277e-05,0.00954175,0.331899,10403.3,0.78891,0.392248,-0.4,0.2,1,1880.77,2.37281e+07,0.110999,0.00240103,0,0.00406097,-0.54521,nan,-0.00909333,nan,nan,nan,nan,-0.0202347,-0.070724,-0.0203884,nan,-0.171076,-0.0005,-0.261047,-0.458175,nan,-1.49158,-0.109274,-0.588065,-0.113933,0.0191905,-0.00301039,0.0821667,-1.04672
1932,-62.6963,304.964,0.0014652,0,1.16667,0.151162,1.517,0.000937043,-0.00985269,3.66631,5.85277e-05,0.0148899,0.331819,9515.89,0.898729,0.392585,-0.4,0.2,1,1882.07,2.37404e+07,0.0757689,0.00201512,0,0.00316165,-0.413276,nan,-0.00644643,nan,nan,nan,nan,-0.0156557,-0.0536134,-0.0150773,nan,-0.129192,-0.000142857,-0.208303,-0.350817,nan,-1.13885,-0.0849852,-0.449061,-0.0865357,0.0155725,-0.0022323,0.0717857,-0.888192
1933,-82.7858,441.611,0.00146647,0.125,1.375,0.156182,1.50038,0.000919798,-0.0100458,3.66321,5.85277e-05,0.0163369,0.331742,11962.6,0.646703,0.380496,-0.4,0.2,1,1883.1,2.37527e+07,0.107786,0.00281016,0,0.00482695,-0.591225,nan,-0.00964444,nan,nan,nan,nan,-0.0250927,-0.0924274,-0.0232047,nan,-0.186872,-0.000555556,-0.290688,-0.498379,nan,-1.41374,-0.125014,-0.639876,-0.127722,0.022112,-0.00352374,0.118056,-1.01607
1934,-68.4452,382.857,0.00155591,0.125,1.33333,0.151007,1.5176,0.000954512,-0.00925601,3.66079,5.85277e-05,0.0114786,0.33172,10503.3,0.738569,0.431347,-0.4,0.2,1,1884.27,2.3765e+07,0.0942617,0.00242688,0,0.00436301,-0.514601,nan,-0.00970971,nan,nan,nan,nan,-0.0225482,-0.0813509,-0.0219525,nan,-0.162402,-0.000142857,-0.255196,-0.435982,nan,-1.11847,-0.101565,-0.559017,-0.109714,0.02006,-0.002805,0.0882857,-1.181
1935,-66.0768,382.606,0.00155462,0,1.375,0.144615,1.51886,0.000928986,-0.0101866,3.65968,5.85277e-05,0.0149511,0.331664,9580.68,0.857865,0.424716,-0.4,0.2,1,1885.55,2.37773e+07,0.0921673,0.00207605,0,0.0044632,-0.512254,nan,-0.00904,nan,nan,nan,nan,-0.0216818,-0.0779678,-0.0214025,nan,-0.161985,-0.000212121,-0.247661,-0.430936,nan,-1.0517,-0.0979452,-0.552787,-0.108394,0.0196518,-0.0030124,0.0931818,-0.900884
1936,-85.3521,387.133,0.00138114,0.166667,1.08333,0.149033,1.52807,0.000925777,-0.0101223,3.65619,5.85277e-05,0.0101822,0.331533,10072.2,0.776486,0.443502,-0.4,0.2,1,1886.77,2.37896e+07,0.105579,0.00243615,0,0.00350337,-0.518051,nan,-0.00747933,nan,nan,nan,nan,-0.0175101,-0.0610113,-0.0167966,nan,-0.16405,-0.0001,-0.254421,-0.439567,nan,-1.65886,-0.0990269,-0.561293,-0.110467,0.0197431,-0.0028021,0.0825,-1.22128
1937,-75.0233,434.489,0.00150469,0.166667,1.70833,0.14847,1.5742,0.000865058,-0.00886523,3.65224,5.85277e-05,0.0114205,0.331473,10026,0.798102,0.427516,-0.4,0.2,1,1888,2.38019e+07,0.10462,0.00233927,0,0.00541735,-0.586417,nan,-0.0110622,nan,nan,nan,nan,-0.0260016,-0.097594,-0.0253978,nan,-0.184122,-0.000155556,-0.279715,-0.49228,nan,-1.18568,-0.111609,-0.634088,-0.124556,0.021437,-0.00320067,0.118667,-1.08793
1938,-67.5777,394.6,0.00152241,0.0833333,1.16667,0.1489,1.54183,0.00100406,-0.00977328,3.65086,5.85277e-05,0.0157473,0.331446,10724.2,0.750511,0.395312,-0.4,0.2,1,1889.15,2.38141e+07,0.100489,0.00194523,0,0.0048167,-0.52887,nan,-0.009932,nan,nan,nan,nan,-0.0231671,-0.0865074,-0.0226349,nan,-0.166774,-0.000566667,-0.259404,-0.446882,nan,-1.05652,-0.101828,-0.570233,-0.113233,0.0204134,-0.00310126,0.0928333,-0.898827
1939,-76.1206,382.172,0.0013828,0.0833333,1.125,0.147433,1.51679,0.000935692,-0.00912416,3.64953,5.85277e-05,0.0148053,0.331389,9560.89,0.763945,0.521291,-0.4,0.2,1,1890.44,2.38264e+07,0.101663,0.00230856,0,0.00436621,-0.508775,nan,-0.00826966,nan,nan,nan,nan,-0.0191224,-0.0694367,-0.0193173,nan,-0.161667,-0.000241379,-0.250786,-0.433649,nan,-1.38459,-0.0986832,-0.552207,-0.107207,0.0187686,-0.00275203,0.0955172,-1.19466
1940,-58.7806,291.966,0.00156755,0,1.20833,0.147147,1.52205,0.000846101,-0.00926723,3.64656,5.85277e-05,0.00671385,0.331321,11293.5,0.738302,0.349753,-0.4,0.2,1,1891.53,2.38387e+07,0.0750027,0.00149849,0,0.00315738,-0.391257,nan,-0.00601586,nan,nan,nan,nan,-0.015513,-0.0559357,-0.0139707,nan,-0.123688,-0.000310345,-0.191357,-0.338359,nan,-1.05575,-0.0824622,-0.427267,-0.0820345,0.0141952,-0.00204635,0.0724138,-1.15758
1941,-67.9792,374.412,0.00139914,0.0833333,1.33333,0.148623,1.53786,0.000971465,-0.009284,3.64407,5.85277e-05,0.00868613,0.331284,11738.5,0.70238,0.344429,-0.4,0.2,1,1892.57,2.3851e+07,0.0954397,0.00238209,0,0.00455554,-0.499461,nan,-0.00926353,nan,nan,nan,nan,-0.0204881,-0.0771639,-0.0208841,nan,-0.158304,-0.000264706,-0.247033,-0.4156,nan,-1.13882,-0.0914666,-0.542733,-0.107794,0.0186263,-0.00278153,0.095,-1.92376
1942,-60.8656,342.6,0.00166604,0.0833333,1.16667,0.149052,1.51959,0.000960357,-0.0099518,3.64332,5.85277e-05,0.00844135,0.331265,10608.9,0.748471,0.409804,-0.4,0.2,1,1893.73,2.38633e+07,0.0905942,0.00236646,0,0.00417665,-0.455575,nan,-0.00815933,nan,nan,nan,nan,-0.0194993,-0.0664307,-0.0190434,nan,-0.145178,-0.0001,-0.215731,-0.386712,nan,-1.00305,-0.0894741,-0.494057,-0.0956667,0.0155188,-0.00253733,0.0783333,-0.77685
1943,-77.7714,405.853,0.00146,0.208333,1.20833,0.154653,1.53225,0.000871788,-0.00983175,3.64172,5.85277e-05,0.0109686,0.331185,11341.5,0.745241,0.338214,-0.4,0.2,1,1894.82,2.38756e+07,0.108079,0.00233911,0,0.00434355,-0.543848,nan,-0.00919882,nan,nan,nan,nan,-0.0208471,-0.0769186,-0.0213958,nan,-0.172037,-0.000147059,-0.251968,-0.454426,nan,-1.37223,-0.100509,-0.588966,-0.115735,0.0192626,-0.00291075,0.0975,-1.10204
1944,-72.6592,369.071,0.00146736,0.0833333,1.08333,0.147213,1.5418,0.000888599,-0.0102857,3.63912,5.85277e-05,0.0103625,0.331132,12478.4,0.641476,0.343265,-0.4,0.2,1,1895.81,2.38879e+07,0.094267,0.00170675,0,0.00404992,-0.494028,nan,-0.00805571,nan,nan,nan,nan,-0.020268,-0.0730852,-0.019116,nan,-0.156919,-0.000535714,-0.243776,-0.426048,nan,-1.289,-0.103389,-0.539014,-0.10625,0.0184929,-0.00279171,0.0873214,-1.24781
1945,-70.9705,348.148,0.00133913,0.0416667,1.08333,0.147331,1.51039,0.000741921,-0.0101359,3.63709,5.85277e-05,0.0138956,0.331069,10634.2,0.791656,0.363862,-0.4,0.2,1,1896.96,2.39002e+07,0.0936365,0.00210932,0,0.00369436,-0.465313,nan,-0.00745333,nan,nan,nan,nan,-0.0183553,-0.0659949,-0.0174108,nan,-0.147289,-0.000481481,-0.235178,-0.400828,nan,-1.28855,-0.100845,-0.506601,-0.0997407,0.0179474,-0.00256621,0.0781481,-0.871782
1946,-75.5781,421,0.00149739,0.125,0.958333,0.146089,1.52609,0.000932006,-0.00879085,3.63445,5.85277e-05,0.0124523,0.330988,11763.9,0.683832,0.360721,-0.4,0.2,1,1898.01,2.39124e+07,0.123062,0.00211409,0,0.00501286,-0.566999,nan,-0.00953692,nan,nan,nan,nan,-0.0241515,-0.0884379,-0.0238367,nan,-0.178432,-0.000269231,-0.278208,-0.473641,nan,-1.23917,-0.10669,-0.612492,-0.114846,0.019699,-0.0032418,0.0873077,-0.962489
1947,-62.6042,311.655,0.0015422,0.125,1.08333,0.149247,1.53881,0.000983996,-0.00903649,3.63183,5.85277e-05,0.0108092,0.330948,13813.8,0.628393,0.261152,-0.4,0.2,1,1898.9,2.39247e+07,0.0703022,0.0017546,0,0.0035425,-0.417657,nan,-0.00698207,nan,nan,nan,nan,-0.0158877,-0.0593869,-0.0156528,nan,-0.131707,-0.000241379,-0.204552,-0.348705,nan,-1.12035,-0.0868046,-0.452834,-0.0875517,0.0159655,-0.0021284,0.0689655,-0.986867
1948,-81.7836,406.395,0.00150059,0.125,1.45833,0.149415,1.48897,0.000961341,-0.00991809,3.62984,5.85277e-05,0.0119174,0.330879,11474.9,0.677702,0.393153,-0.4,0.2,1,1899.97,2.3937e+07,0.106335,0.00214804,0,0.00442767,-0.54403,nan,-0.00817579,nan,nan,nan,nan,-0.0209028,-0.0779051,-0.0201723,nan,-0.17189,-0.000131579,-0.270183,-0.456252,nan,-1.48257,-0.105939,-0.591289,-0.118842,0.0202692,-0.00313048,0.0910526,-1.11974
1949,-72.0321,341.065,0.00136296,0.166667,1.125,0.147726,1.51087,0.000810105,-0.00864395,3.62676,5.85277e-05,0.0112418,0.330785,10236.1,0.785488,0.414966,-0.4,0.2,1,1901.17,2.39493e+07,0.0926308,0.00200496,0,0.00378224,-0.457098,nan,-0.00715226,nan,nan,nan,nan,-0.0168038,-0.0575326,-0.0163302,nan,-0.144747,-6.45161e-05,-0.224262,-0.379083,nan,-1.34605,-0.0930144,-0.496213,-0.0972581,0.0162238,-0.00240838,0.0646774,-1.14417
1950,-68.4821,384.08,0.0015236,0,1.04167,0.148339,1.48098,0.000825171,-0.00939275,3.62333,5.85277e-05,0.0128037,0.330701,11096.6,0.71975,0.387614,-0.4,0.2,1,1902.28,2.39616e+07,0.0986225,0.00239533,0,0.00467529,-0.5197,nan,-0.0086616,nan,nan,nan,nan,-0.0213283,-0.0745756,-0.0207101,nan,-0.163244,-4e-05,-0.246825,-0.428403,nan,-1.1267,-0.101218,-0.559837,-0.10912,0.0183731,-0.00290424,0.1016,-1.11043
1951,-78.526,411.636,0.00145472,0.125,1.25,0.151211,1.4794,0.000876986,-0.00938839,3.62106,5.85277e-05,0.0140452,0.330672,12197.5,0.644329,0.363088,-0.4,0.2,1,1903.29,2.39739e+07,0.103152,0.00250904,0,0.00464759,-0.552592,nan,-0.00968182,nan,nan,nan,nan,-0.0220319,-0.0822401,-0.0219727,nan,-0.174407,-9.09091e-05,-0.260046,-0.453813,nan,-1.37812,-0.101215,-0.597222,-0.118152,0.0202451,-0.00293383,0.0951515,-1.03808
1952,-77.1648,445.844,0.00146121,0.166667,1.16667,0.148673,1.50336,0.000955113,-0.00960939,3.62045,5.85277e-05,0.0162131,0.330648,11025.3,0.71696,0.39757,-0.4,0.2,1,1904.41,2.39862e+07,0.112631,0.00268794,0,0.00518262,-0.597772,nan,-0.0115675,nan,nan,nan,nan,-0.0262129,-0.0954973,-0.0254876,nan,-0.189198,-0.00034375,-0.284071,-0.486932,nan,-1.2357,-0.114689,-0.649798,-0.124219,0.0215271,-0.00333877,0.1125,-1.22487
1953,-72.0326,362.964,0.00145974,0.0833333,1.08333,0.149805,1.50015,0.000837717,-0.00994288,3.61933,5.85277e-05,0.0104046,0.330614,11213.3,0.686108,0.409733,-0.4,0.2,1,1905.51,2.39985e+07,0.115192,0.00202849,0,0.00412365,-0.487719,nan,-0.00786071,nan,nan,nan,nan,-0.0184047,-0.0671709,-0.0174464,nan,-0.154037,-0.000285714,-0.237117,-0.407754,nan,-1.30317,-0.0915291,-0.529657,-0.104036,0.017868,-0.00261608,0.0860714,-1.23856
1954,-80.9105,396.594,0.00141908,0.125,1.20833,0.150466,1.42647,0.000956928,-0.0096493,3.61736,5.85277e-05,0.0152127,0.330527,10969.4,0.771158,0.349047,-0.4,0.2,1,1906.63,2.40108e+07,0.0975979,0.00234161,0,0.0041436,-0.532576,nan,-0.00845687,nan,nan,nan,nan,-0.0202414,-0.0739543,-0.0196337,nan,-0.168779,-0.00028125,-0.253769,-0.444128,nan,-1.47517,-0.0999464,-0.579741,-0.112187,0.0202099,-0.00285126,0.07875,-1.21827
1955,-78.1696,440.029,0.00139883,0.208333,1.20833,0.151808,1.45617,0.000896184,-0.00983067,3.61345,5.85277e-05,0.0121398,0.330426,13852,0.639496,0.247598,-0.4,0.2,1,1907.52,2.4023e+07,0.119227,0.00252673,0,0.0049281,-0.585211,nan,-0.0100124,nan,nan,nan,nan,-0.0248344,-0.0926729,-0.0239414,nan,-0.186494,-0.000823529,-0.28329,-0.480877,nan,-1.30446,-0.110155,-0.641097,-0.124441,0.021965,-0.00329847,0.115735,-1.13809
1956,-89.9838,428.194,0.00136912,0.125,1.16667,0.149446,1.47626,0.000739666,-0.00942073,3.60971,5.85277e-05,0.011425,0.330317,12168.1,0.633987,0.37587,-0.4,0.2,1,1908.53,2.40353e+07,0.129736,0.00269948,0,0.00430956,-0.575731,nan,-0.00867419,nan,nan,nan,nan,-0.0203655,-0.0742592,-0.0202104,nan,-0.182367,-0.000129032,-0.27264,-0.481443,nan,-1.6987,-0.106837,-0.626953,-0.124452,0.0211434,-0.00300362,0.0983871,-1.44589
1957,-74.6993,380.727,0.00128891,0.0416667,0.875,0.14619,1.41519,0.00070386,-0.00874063,3.60606,5.85277e-05,0.0143781,0.330247,10874.3,0.747507,0.382501,-0.4,0.2,1,1909.66,2.40476e+07,0.0869397,0.00212548,0,0.00402792,-0.50837,nan,-0.00834818,nan,nan,nan,nan,-0.0196879,-0.0764387,-0.0192883,nan,-0.161171,-0.000181818,-0.258854,-0.426823,nan,-1.32436,-0.0929436,-0.552152,-0.110409,0.0198372,-0.00283976,0.0888636,-1.17822
1958,-60.525,309.345,0.0014765,0.0416667,1.16667,0.145556,1.45169,0.00095982,-0.0105852,3.60462,5.85277e-05,0.00969087,0.330264,11787.7,0.680913,0.361527,-0.4,0.2,1,1910.7,2.40599e+07,0.0834092,0.00171571,0,0.00344918,-0.415729,nan,-0.00684552,nan,nan,nan,nan,-0.0164692,-0.0586529,-0.0158475,nan,-0.131114,-0.000241379,-0.200794,-0.344383,nan,-1.08873,-0.0837182,-0.451987,-0.0865517,0.0149316,-0.0022502,0.0803448,-0.8897
1959,-107.443,567.345,0.00134166,0.208333,1,0.14781,1.48007,0.000856923,-0.00964589,3.60492,5.85277e-05,0.0120635,0.330258,12405.9,0.710761,0.279738,-0.4,0.2,1,1911.7,2.40722e+07,0.141743,0.00289375,0,0.00655879,-0.764326,nan,-0.0122662,nan,nan,nan,nan,-0.0290805,-0.108817,-0.0301665,nan,-0.240489,-6.89655e-05,-0.362087,-0.625224,nan,-1.87865,-0.135314,-0.830615,-0.16369,0.0289556,-0.00427234,0.15431,-1.00829
1960,-80.1974,405.343,0.00145405,0.125,1.33333,0.147519,1.5083,0.00094342,-0.0103614,3.60395,5.85277e-05,0.00815938,0.330222,13176.9,0.677848,0.254691,-0.4,0.2,1,1912.63,2.40845e+07,0.0897951,0.00241956,0,0.00423297,-0.542389,nan,-0.00863714,nan,nan,nan,nan,-0.0204204,-0.0765196,-0.0207954,nan,-0.171829,-0.000228571,-0.249715,-0.446128,nan,-1.43937,-0.101509,-0.588739,-0.113971,0.0199644,-0.002912,0.0865714,-1.25327
1961,-79.2597,395.077,0.00143404,0.0833333,1,0.148429,1.47386,0.000935147,-0.0100742,3.60117,5.85277e-05,0.0121729,0.330109,11612.6,0.673434,0.384725,-0.4,0.2,1,1913.69,2.40968e+07,0.101913,0.00266709,0,0.00414269,-0.534067,nan,-0.00796692,nan,nan,nan,nan,-0.0198635,-0.0725319,-0.0195849,nan,-0.167997,-3.84615e-05,-0.247226,-0.439038,nan,-1.44372,-0.0944855,-0.578332,-0.1125,0.0189553,-0.0028909,0.0959615,-1.28955
1962,-78.4654,413.257,0.00137885,0.125,1.33333,0.146343,1.44334,0.000850854,-0.00899656,3.59716,5.85277e-05,0.0141186,0.330042,11211.8,0.723077,0.372915,-0.4,0.2,1,1914.79,2.41091e+07,0.112804,0.00282961,0,0.0044343,-0.552139,nan,-0.00914457,nan,nan,nan,nan,-0.0221882,-0.0843508,-0.0210632,nan,-0.17531,-0.000142857,-0.263548,-0.445534,nan,-1.37587,-0.10333,-0.600067,-0.118343,0.0204833,-0.003219,0.0915714,-1.11165
1963,-81.1627,405.889,0.00162585,0.208333,1.29167,0.145623,1.47039,0.000968987,-0.0096732,3.59434,5.85277e-05,0.0106673,0.329929,11900.4,0.686213,0.346353,-0.4,0.2,1,1915.82,2.41213e+07,0.109364,0.00226884,0,0.0042954,-0.545625,nan,-0.00869389,nan,nan,nan,nan,-0.0212003,-0.0811881,-0.020532,nan,-0.172254,-0.000333333,-0.261187,-0.461985,nan,-1.46658,-0.104161,-0.594341,-0.120806,0.0210694,-0.00295929,0.104167,-1.12489
1964,-83.76,373.214,0.00153773,0.0416667,1.125,0.146388,1.49327,0.000874435,-0.0107221,3.59038,5.85277e-05,0.0123267,0.329845,13365.3,0.658332,0.261065,-0.4,0.2,1,1916.74,2.41336e+07,0.0998967,0.00188584,0,0.00365401,-0.502336,nan,-0.00658214,nan,nan,nan,nan,-0.0161598,-0.0568066,-0.0156318,nan,-0.159134,-0.000214286,-0.220906,-0.416295,nan,-1.64172,-0.0950128,-0.546076,-0.107893,0.0184961,-0.00289876,0.0701786,-1.38704
1965,-91.5678,435.792,0.00156664,0.166667,0.833333,0.147113,1.49009,0.000926616,-0.00968051,3.58895,5.85277e-05,0.0093057,0.329838,14918.3,0.576917,0.24677,-0.4,0.2,1,1917.57,2.41459e+07,0.117259,0.00271491,0,0.00428613,-0.586958,nan,-0.00898833,nan,nan,nan,nan,-0.0206301,-0.0774501,-0.0204687,nan,-0.185088,-0.000416667,-0.265616,-0.481751,nan,-1.73186,-0.107153,-0.634426,-0.12575,0.0215005,-0.00337976,0.0975,-1.14343
1966,-77.6635,394.235,0.00136111,0.208333,1.20833,0.144795,1.4631,0.000797321,-0.010744,3.58812,5.85277e-05,0.0121616,0.329793,12658.5,0.593144,0.377587,-0.4,0.2,1,1918.54,2.41582e+07,0.106522,0.00204608,0,0.00414544,-0.533052,nan,-0.00849412,nan,nan,nan,nan,-0.020159,-0.0777662,-0.0195802,nan,-0.167161,0,-0.250021,-0.426778,nan,-1.40455,-0.100107,-0.57358,-0.115235,0.0205871,-0.00281133,0.0989706,-0.943268
1967,-89.6729,439.424,0.00144961,0.166667,1.20833,0.146017,1.45064,0.000860733,-0.0101453,3.58654,5.85277e-05,0.0155525,0.329769,10634.7,0.783939,0.371525,-0.4,0.2,1,1919.7,2.41705e+07,0.118577,0.00286799,0,0.00440525,-0.58479,nan,-0.00908061,nan,nan,nan,nan,-0.0210686,-0.079997,-0.0214081,nan,-0.186223,-9.09091e-05,-0.272747,-0.483284,nan,-1.67651,-0.104019,-0.63975,-0.124182,0.0219105,-0.00321876,0.101818,-1.44884
1968,-63.7923,348.844,0.00142976,0.125,1.20833,0.142206,1.48237,0.000959923,-0.0104558,3.58511,5.85277e-05,0.00986191,0.329714,10538.2,0.786998,0.379044,-0.4,0.2,1,1920.86,2.41828e+07,0.0898852,0.00187677,0,0.00403179,-0.465704,nan,-0.00802563,nan,nan,nan,nan,-0.0189575,-0.0719382,-0.0185113,nan,-0.147768,-0.00025,-0.212247,-0.375358,nan,-1.0948,-0.0859822,-0.506843,-0.100781,0.0169628,-0.00254881,0.0829688,-0.980013
1969,-66.3049,354.68,0.00155057,0.0833333,0.958333,0.14992,1.47308,0.00101221,-0.0106832,3.58302,5.85277e-05,0.011446,0.329677,11806.9,0.717253,0.32349,-0.4,0.2,1,1921.91,2.41951e+07,0.0968692,0.00210543,0,0.003964,-0.477538,nan,-0.0068984,nan,nan,nan,nan,-0.0200132,-0.0771092,-0.0185052,nan,-0.150665,-0.00032,-0.222933,-0.388772,nan,-1.13939,-0.0948635,-0.51989,-0.1042,0.0179471,-0.00281079,0.0918,-1.52008
1970,-51.6972,274.483,0.00140348,0.0833333,1.125,0.151532,1.43777,0.000857523,-0.00975054,3.58148,5.85277e-05,0.0136143,0.32964,14113.1,0.614005,0.256676,-0.4,0.2,1,1922.78,2.42074e+07,0.0626665,0.00152746,0,0.00320725,-0.367534,nan,-0.0061069,nan,nan,nan,nan,-0.015657,-0.0566197,-0.0144519,nan,-0.11666,0,-0.171772,-0.297684,nan,-0.889701,-0.0763885,-0.400188,-0.0815517,0.0140264,-0.00200729,0.0677586,-0.984858
1971,-68.0376,365.424,0.00145807,0.0833333,1.29167,0.146463,1.4314,0.000937833,-0.0103598,3.5806,5.85277e-05,0.0128612,0.329635,13224.7,0.664147,0.265021,-0.4,0.2,1,1923.71,2.42196e+07,0.0868195,0.0024782,0,0.00414378,-0.493272,nan,-0.00803515,nan,nan,nan,nan,-0.0206483,-0.0801982,-0.019721,nan,-0.154686,-0.000424242,-0.2435,-0.398789,nan,-1.15785,-0.0966612,-0.532137,-0.106212,0.0196398,-0.00279281,0.0916667,-1.06957
1972,-90.5722,482.864,0.00136961,0.208333,0.708333,0.142685,1.4294,0.000745367,-0.0097379,3.58057,5.85277e-05,0.0112083,0.329645,14082.9,0.583335,0.28921,-0.4,0.2,1,1924.58,2.42319e+07,0.120798,0.00268412,0,0.00534978,-0.64409,nan,-0.0115364,nan,nan,nan,nan,-0.0246659,-0.0968406,-0.0252535,nan,-0.204831,-0.000227273,-0.298902,-0.517142,nan,-1.58113,-0.110005,-0.701441,-0.1425,0.0247059,-0.00345923,0.1175,-1.20347
1973,-68.079,381.97,0.00142651,0.166667,1.20833,0.143834,1.42777,0.000782879,-0.00989961,3.57932,5.85277e-05,0.0161021,0.329579,14468,0.602279,0.247044,-0.4,0.2,1,1925.43,2.42442e+07,0.0894646,0.00264532,0,0.0047556,-0.510072,nan,-0.00943515,nan,nan,nan,nan,-0.0208361,-0.0777506,-0.0208312,nan,-0.161667,-0.000121212,-0.236977,-0.415148,nan,-1.13274,-0.0943476,-0.550748,-0.110242,0.0191084,-0.00281464,0.0933333,-0.988265
1974,-85.6214,477.923,0.00148113,0.0833333,1,0.149004,1.46078,0.000793533,-0.00923073,3.57658,5.85277e-05,0.00842766,0.329511,14785.3,0.576862,0.254235,-0.4,0.2,1,1926.27,2.42565e+07,0.126048,0.00299002,0,0.00530729,-0.640564,nan,-0.0120031,nan,nan,nan,nan,-0.0266558,-0.10157,-0.0267724,nan,-0.202588,-0.000269231,-0.298876,-0.514218,nan,-1.42533,-0.120836,-0.695356,-0.142731,0.0257874,-0.00346905,0.105577,-0.96933
1975,-93.3534,432.696,0.00145023,0.0833333,0.875,0.145658,1.43915,0.000884748,-0.00990939,3.57418,5.85277e-05,0.0116153,0.329446,14569.9,0.577588,0.265797,-0.4,0.2,1,1927.11,2.42688e+07,0.110588,0.00306582,0,0.0042645,-0.583197,nan,-0.00868783,nan,nan,nan,nan,-0.0208045,-0.0750083,-0.0196034,nan,-0.184117,-0.000434783,-0.263995,-0.472942,nan,-1.78634,-0.110649,-0.630799,-0.12,0.0214203,-0.00321563,0.0808696,-1.16549
1976,-86.8181,512.963,0.00148031,0.166667,0.958333,0.143472,1.44431,0.000851167,-0.0105619,3.57152,5.85277e-05,0.015635,0.329387,14472.3,0.571137,0.277932,-0.4,0.2,1,1927.96,2.42811e+07,0.129243,0.00434063,0,0.00582002,-0.691078,nan,-0.0126304,nan,nan,nan,nan,-0.0289879,-0.108843,-0.0297173,nan,-0.217852,-0.000925926,-0.316051,-0.55003,nan,-1.38612,-0.125328,-0.742612,-0.146185,0.0250907,-0.0037805,0.128704,-1.4794
1977,-70.6177,382.444,0.00132548,0.208333,1.29167,0.143569,1.40676,0.00072752,-0.0105683,3.56866,5.85277e-05,0.013818,0.329288,13438,0.658899,0.255521,-0.4,0.2,1,1928.88,2.42934e+07,0.102969,0.00243549,0,0.00419759,-0.512806,nan,-0.00901778,nan,nan,nan,nan,-0.0212152,-0.0804348,-0.020663,nan,-0.162418,-0.000694444,-0.239028,-0.41234,nan,-1.21916,-0.0976706,-0.556377,-0.111417,0.0202502,-0.00298431,0.0972222,-0.863258
1978,-76.0686,423.2,0.00153566,0.166667,1.29167,0.148013,1.40951,0.000995536,-0.0105299,3.56492,5.85277e-05,0.0129795,0.329224,14198.5,0.589533,0.275908,-0.4,0.2,1,1929.74,2.43057e+07,0.102496,0.00272024,0,0.00485512,-0.568051,nan,-0.0100394,nan,nan,nan,nan,-0.0241708,-0.0901895,-0.023295,nan,-0.180219,-8.57143e-05,-0.260098,-0.470661,nan,-1.26864,-0.107301,-0.620348,-0.126314,0.022894,-0.00315158,0.112857,-1.15377
1979,-92.5146,478,0.0013654,0.166667,0.958333,0.144546,1.4183,0.000825598,-0.0111921,3.56279,5.85277e-05,0.0089909,0.329139,13729.6,0.646856,0.248144,-0.4,0.2,1,1930.64,2.4318e+07,0.133555,0.00281492,0,0.00538966,-0.643715,nan,-0.0102756,nan,nan,nan,nan,-0.0242315,-0.0902496,-0.0236784,nan,-0.202727,-0.000222222,-0.28384,-0.512499,nan,-1.67253,-0.122044,-0.690475,-0.13837,0.0232206,-0.00358321,0.131667,-1.36063
1980,-72.8429,354.864,0.00166115,0.0416667,0.875,0.146384,1.42239,0.000777309,-0.0100476,3.56001,5.85277e-05,0.011525,0.329075,14636.6,0.586767,0.252773,-0.4,0.2,1,1931.48,2.43302e+07,0.0986616,0.00224303,0,0.0036296,-0.475869,nan,-0.00715,nan,nan,nan,nan,-0.0181255,-0.0626002,-0.016459,nan,-0.151385,-0.000181818,-0.207837,-0.388808,nan,-1.35733,-0.093202,-0.517306,-0.105364,0.0180212,-0.0027309,0.0786364,-1.37968
1981,-103.635,521.139,0.00142337,0.416667,1.08333,0.148194,1.41121,0.00083742,-0.0100665,3.55902,5.85277e-05,0.010855,0.329079,14219.6,0.595621,0.268541,-0.4,0.2,1,1932.35,2.43425e+07,0.131579,0.00356982,0,0.00534301,-0.69722,nan,-0.0116478,nan,nan,nan,nan,-0.024999,-0.0927311,-0.0264111,nan,-0.22109,-0.000194444,-0.318827,-0.555226,nan,-1.9113,-0.11879,-0.755791,-0.152583,0.0259301,-0.00383261,0.114861,-1.14476
1982,-112.197,528.692,0.00135739,0.208333,1.41667,0.151749,1.3883,0.000816292,-0.0101329,3.55932,5.85277e-05,0.0117699,0.329083,14268,0.579809,0.28142,-0.4,0.2,1,1933.21,2.43548e+07,0.140748,0.00330368,0,0.00528689,-0.714389,nan,-0.00987949,nan,nan,nan,nan,-0.0242695,-0.0945335,-0.0238786,nan,-0.224665,-0.000282051,-0.331929,-0.571173,nan,-2.13856,-0.122615,-0.770539,-0.158333,0.0277848,-0.00385423,0.115,-1.46365
1983,-66.4927,357.125,0.00133943,0.125,1.20833,0.148654,1.40226,0.000789631,-0.0109117,3.55911,5.85277e-05,0.0121585,0.329065,13982.2,0.6034,0.275432,-0.4,0.2,1,1934.09,2.43671e+07,0.0937584,0.0023016,0,0.00362412,-0.479043,nan,-0.00805938,nan,nan,nan,nan,-0.020072,-0.0731647,-0.0190201,nan,-0.151465,-0.0003125,-0.238004,-0.380217,nan,-1.15334,-0.098266,-0.51883,-0.103844,0.0195397,-0.00270322,0.0920313,-1.02953
1984,-83.1588,433.778,0.00138315,0.208333,0.916667,0.144798,1.39611,0.000836414,-0.010101,3.55823,5.85277e-05,0.0119179,0.329061,14474.2,0.592147,0.25681,-0.4,0.2,1,1934.94,2.43794e+07,0.129062,0.00292479,0,0.00469255,-0.58134,nan,-0.00988222,nan,nan,nan,nan,-0.0221014,-0.0823306,-0.0221739,nan,-0.183851,-0.000259259,-0.262017,-0.476957,nan,-1.49103,-0.104867,-0.625709,-0.127222,0.0212041,-0.00318018,0.106667,-0.966529
1985,-67.0218,362,0.0015009,0.0833333,1.45833,0.146293,1.40753,0.000856493,-0.0104436,3.55752,5.85277e-05,0.00750984,0.32902,14264.4,0.600291,0.261155,-0.4,0.2,1,1935.8,2.43917e+07,0.0963217,0.002159,0,0.00386733,-0.482977,nan,-0.0083427,nan,nan,nan,nan,-0.0200844,-0.0717301,-0.0187524,nan,-0.153508,-0.000108108,-0.229704,-0.386642,nan,-1.16249,-0.0964688,-0.525702,-0.105,0.0190644,-0.00263666,0.087027,-0.840704
1986,-43.8568,258.4,0.0014623,0,0.833333,0.143382,1.42956,0.000909569,-0.00883447,3.55518,5.85277e-05,0.0112849,0.328937,13662,0.62893,0.270498,-0.4,0.2,1,1936.7,2.4404e+07,0.0677917,0.00201315,0,0.00295745,-0.346769,nan,-0.006606,nan,nan,nan,nan,-0.0155074,-0.0533197,-0.0148308,nan,-0.109833,-5e-05,-0.163711,-0.279114,nan,-0.693784,-0.0736067,-0.378137,-0.0724,0.0135603,-0.00191227,0.0625,-0.660408
1987,-70.0308,364.444,0.00145346,0,1.125,0.146522,1.42678,0.000854453,-0.00971121,3.55247,5.85277e-05,0.0148007,0.328882,14033.2,0.611432,0.264204,-0.4,0.2,1,1937.58,2.44163e+07,0.0914568,0.0024752,0,0.00417757,-0.488836,nan,-0.0073237,nan,nan,nan,nan,-0.0199207,-0.0734398,-0.0187822,nan,-0.154908,-0.00037037,-0.225958,-0.391995,nan,-1.23925,-0.0923226,-0.529503,-0.102963,0.0190381,-0.00281046,0.0801852,-0.946318
1988,-103.826,510.476,0.00137802,0.0833333,0.791667,0.147213,1.40551,0.000842982,-0.00959879,3.55028,5.85277e-05,0.0121957,0.328805,14486.8,0.60145,0.246769,-0.4,0.2,1,1938.43,2.44285e+07,0.145665,0.00382724,0,0.00489263,-0.681926,nan,-0.0109267,nan,nan,nan,nan,-0.0241576,-0.0875401,-0.0248186,nan,-0.216904,-0.000142857,-0.317587,-0.543013,nan,-1.97389,-0.114468,-0.739187,-0.146333,0.0253934,-0.00388903,0.125476,-1.07062
1989,-84.8683,425.667,0.00162146,0.166667,1.08333,0.147753,1.42037,0.000897467,-0.0103778,3.54696,5.85277e-05,0.00970138,0.328739,13938.3,0.610953,0.270648,-0.4,0.2,1,1939.31,2.44408e+07,0.107368,0.00281832,0,0.00436465,-0.570063,nan,-0.00917933,nan,nan,nan,nan,-0.021727,-0.082122,-0.0216167,nan,-0.180487,-0.000133333,-0.267166,-0.451363,nan,-1.55162,-0.108415,-0.614452,-0.121067,0.0210441,-0.00316845,0.0853333,-1.15441
1990,-80.5454,419.964,0.00142525,0.208333,0.958333,0.14364,1.42402,0.00107119,-0.0111469,3.54477,5.85277e-05,0.0149375,0.32869,13460.8,0.635652,0.277222,-0.4,0.2,1,1940.23,2.44531e+07,0.106171,0.00275908,0,0.00433836,-0.559971,nan,-0.0101071,nan,nan,nan,nan,-0.0219264,-0.0803679,-0.0219808,nan,-0.178219,-0.000214286,-0.26261,-0.454932,nan,-1.42496,-0.101245,-0.611105,-0.117679,0.0207139,-0.00307638,0.0939286,-1.26557
1991,-70.8276,380.636,0.00149761,0.166667,1.66667,0.147099,1.4328,0.000891331,-0.0101657,3.54295,5.85277e-05,0.0167715,0.328669,10771.1,0.743083,0.397747,-0.4,0.2,1,1941.37,2.44654e+07,0.100846,0.00248262,0,0.00407086,-0.504922,nan,-0.00913318,nan,nan,nan,nan,-0.0203223,-0.0757418,-0.0200414,nan,-0.161156,0,-0.238204,-0.404058,nan,-1.23234,-0.096188,-0.548563,-0.106795,0.0194172,-0.00276399,0.0815909,-1.03577
1992,-90.6436,510.037,0.00180324,0.0833333,1.04167,0.147024,1.4074,0.00115835,-0.0100719,3.5418,5.85277e-05,0.0167187,0.328618,10276.6,0.751194,0.44453,-0.4,0.2,1,1942.57,2.44777e+07,0.132005,0.00270563,0,0.0054611,-0.681849,nan,-0.012763,nan,nan,nan,nan,-0.0288325,-0.108933,-0.0285388,nan,-0.216882,-0.000296296,-0.323441,-0.554579,nan,-1.50226,-0.12251,-0.746814,-0.149593,0.0269133,-0.00372735,0.121852,-1.31181
1993,-71.3001,339.296,0.00140233,0.0416667,1.08333,0.144918,1.40726,0.000910864,-0.0103614,3.53984,5.85277e-05,0.0102273,0.328579,12135.5,0.670741,0.341822,-0.4,0.2,1,1943.58,2.449e+07,0.0845242,0.00250589,0,0.00323713,-0.451588,nan,-0.00713259,nan,nan,nan,nan,-0.0166724,-0.0595438,-0.0157102,nan,-0.143938,-7.40741e-05,-0.221775,-0.367263,nan,-1.35117,-0.0885101,-0.488657,-0.0946667,0.0169138,-0.00248078,0.0688889,-1.29569
1994,-89.7901,456.724,0.0014981,0.125,1.08333,0.148679,1.41076,0.000886173,-0.00902054,3.53897,5.85277e-05,0.0122727,0.328589,10691.3,0.720585,0.428763,-0.4,0.2,1,1944.73,2.45023e+07,0.127033,0.00320042,0,0.0045034,-0.601979,nan,-0.00996207,nan,nan,nan,nan,-0.0226625,-0.0801078,-0.0228762,nan,-0.193596,-3.44828e-05,-0.287386,-0.490479,nan,-1.65008,-0.103538,-0.659909,-0.133655,0.0227179,-0.00349034,0.103448,-1.42288
1995,-60.6696,364.355,0.00146519,0.125,1.16667,0.144867,1.39592,0.000856201,-0.00949239,3.53919,5.85277e-05,0.00762588,0.328574,11603.9,0.718801,0.340157,-0.4,0.2,1,1945.8,2.45146e+07,0.0960322,0.00264579,0,0.00443969,-0.482893,nan,-0.00880129,nan,nan,nan,nan,-0.0215149,-0.0792554,-0.0210955,nan,-0.154709,-3.22581e-05,-0.225726,-0.392724,nan,-0.954109,-0.0934644,-0.527052,-0.106258,0.0182196,-0.00268352,0.0962903,-0.800641
1996,-64.9077,376.469,0.00130959,0.166667,1.16667,0.145945,1.39408,0.000756166,-0.0101378,3.53737,5.85277e-05,0.0107658,0.328507,10963.8,0.689116,0.431661,-0.4,0.2,1,1946.92,2.45268e+07,0.102818,0.00266343,0,0.00449942,-0.50459,nan,-0.009315,nan,nan,nan,nan,-0.0216436,-0.0843942,-0.0215816,nan,-0.159465,-0.00025,-0.249125,-0.4098,nan,-1.0528,-0.0898902,-0.545551,-0.107969,0.019712,-0.00278212,0.098125,-0.97848
1997,-101.713,525.133,0.00147966,0.375,0.875,0.149161,1.4442,0.000752473,-0.0104463,3.53465,5.85277e-05,0.01424,0.328435,12897.8,0.667537,0.285186,-0.4,0.2,1,1947.87,2.45391e+07,0.143666,0.00352655,0,0.00521428,-0.699713,nan,-0.0112133,nan,nan,nan,nan,-0.026738,-0.0987787,-0.0264995,nan,-0.222354,-0.0005,-0.320925,-0.558356,nan,-1.84046,-0.124437,-0.758335,-0.148,0.0251809,-0.00403991,0.118167,-1.08213
1998,-83.3056,488.087,0.00162228,0.125,0.833333,0.146221,1.42899,0.000933035,-0.00952268,3.53262,5.85277e-05,0.0148955,0.3284,10876,0.68196,0.447867,-0.4,0.2,1,1949,2.45514e+07,0.131143,0.00287452,0,0.00534052,-0.649423,nan,-0.0117626,nan,nan,nan,nan,-0.0290984,-0.110437,-0.0276881,nan,-0.207269,-0.000347826,-0.305239,-0.5293,nan,-1.33384,-0.124901,-0.709175,-0.141,0.0251806,-0.00378205,0.123478,-1.03515
1999,-64.9035,405.957,0.00130505,0.0833333,0.875,0.146236,1.39789,0.000802525,-0.0100492,3.53117,5.85277e-05,0.0117944,0.328368,11399.3,0.723842,0.354117,-0.4,0.2,1,1950.08,2.45637e+07,0.107142,0.00230144,0,0.00482224,-0.54086,nan,-0.0106139,nan,nan,nan,nan,-0.0244153,-0.0916011,-0.0247512,nan,-0.17237,-8.69565e-05,-0.248495,-0.436608,nan,-0.977511,-0.10264,-0.586042,-0.121217,0.020781,-0.00284624,0.109348,-0.859688
2000,-56.6655,328.5,0.00162879,0,1.08333,0.150128,1.38128,0.000934275,-0.00976201,3.52948,5.85277e-05,0.0110706,0.32831,11868.5,0.692315,0.343027,-0.4,0.2,1,1951.12,2.4576e+07,0.0786482,0.00228319,0,0.00387784,-0.429425,nan,-0.00730385,nan,nan,nan,nan,-0.0195255,-0.0692847,-0.0178242,nan,-0.138801,-0.000115385,-0.222643,-0.351931,nan,-0.923152,-0.0818081,-0.475367,-0.0945385,0.0157694,-0.00256917,0.0934615,-0.836451
2001,-82.648,402.645,0.00153453,0.0833333,1.20833,0.151034,1.40015,0.000829104,-0.0101906,3.52679,5.85277e-05,0.010776,0.328229,10928.7,0.73296,0.391414,-0.4,0.25,1,1954.14,2.45883e+07,0.0986286,0.00246134,0,0.00378884,-0.533439,nan,-0.00816,nan,nan,nan,nan,-0.0199036,-0.069494,-0.0192096,nan,-0.170902,-9.67742e-05,-0.244707,-0.435418,nan,-1.54409,-0.0980592,-0.582522,-0.115097,0.0193015,-0.00298811,0.0812903,-1.39158
2002,-76.7749,395.133,0.00163759,0.0833333,1.16667,0.146296,1.42186,0.0011047,-0.00936499,3.52394,5.85277e-05,0.0133563,0.328162,11262.3,0.736065,0.355013,-0.4,0.25,1,1955.23,2.46006e+07,0.100016,0.00276569,0,0.00434632,-0.52146,nan,-0.00841333,nan,nan,nan,nan,-0.0196163,-0.0718113,-0.0200142,nan,-0.16763,-0.0002,-0.249638,-0.422755,nan,-1.37962,-0.0918317,-0.573459,-0.111367,0.0205319,-0.0032137,0.0805,-1.10692
2003,-72.5681,426.769,0.00152185,0.0833333,1,0.142971,1.43264,0.00085186,-0.00924942,3.52138,5.85277e-05,0.00559627,0.328094,10542.9,0.817651,0.347872,-0.4,0.25,1,1956.4,2.46129e+07,0.112517,0.00260646,0,0.00503781,-0.565113,nan,-0.0104354,nan,nan,nan,nan,-0.024521,-0.0941326,-0.0237625,nan,-0.180464,-0.000153846,-0.272154,-0.457071,nan,-1.16955,-0.100845,-0.616945,-0.119115,0.0206568,-0.00321222,0.109808,-0.785056
2004,-88.7972,450.409,0.00165887,0.166667,0.75,0.141402,1.40522,0.000844062,-0.00961747,3.51893,5.85277e-05,0.0109304,0.32805,11316.9,0.692382,0.393427,-0.4,0.25,1,1957.49,2.46252e+07,0.135604,0.00311888,0,0.00419507,-0.597563,nan,-0.0104664,nan,nan,nan,nan,-0.022299,-0.0804683,-0.0227478,nan,-0.190952,-0.000318182,-0.291309,-0.488628,nan,-1.63851,-0.104177,-0.64742,-0.124045,0.0221909,-0.00334425,0.103864,-1.33811
2005,-62.2636,363.652,0.00163334,0.0416667,0.916667,0.144394,1.41952,0.00103062,-0.00951593,3.51707,5.85277e-05,0.014395,0.327986,10475.2,0.769627,0.403434,-0.4,0.25,1,1958.66,2.46374e+07,0.0896617,0.00248416,0,0.00398289,-0.478152,nan,-0.00868174,nan,nan,nan,nan,-0.0202522,-0.070557,-0.0198794,nan,-0.154254,0,-0.21999,-0.3859,nan,-1.02253,-0.0900885,-0.526274,-0.101087,0.0181332,-0.00257066,0.0921739,-0.630793
2006,-84.6199,428.857,0.00144205,0.166667,1,0.143638,1.38099,0.000911737,-0.00997275,3.51479,5.85277e-05,0.0130358,0.327955,10509,0.75197,0.417314,-0.4,0.25,1,1959.83,2.46497e+07,0.125402,0.00294378,0,0.00435634,-0.566084,nan,-0.00899214,nan,nan,nan,nan,-0.0210446,-0.0792252,-0.0207922,nan,-0.181163,-0.000107143,-0.269505,-0.457029,nan,-1.57448,-0.0979863,-0.617438,-0.117464,0.0201042,-0.00332853,0.1075,-1.21332
2007,-73.7981,413.312,0.00146941,0.166667,1.16667,0.14898,1.44448,0.00103875,-0.00979386,3.51379,5.85277e-05,0.0139356,0.327946,11522.3,0.729872,0.336582,-0.4,0.25,1,1960.9,2.4662e+07,0.115891,0.00259902,0,0.00450631,-0.541937,nan,-0.0097475,nan,nan,nan,nan,-0.02242,-0.0795035,-0.0227553,nan,-0.175105,0,-0.251348,-0.44209,nan,-1.27141,-0.0947024,-0.598211,-0.115687,0.0195123,-0.00305591,0.107031,-0.90611
2008,-86.6774,420.688,0.00161151,0.0833333,1.25,0.147158,1.37748,0.00103298,-0.00982695,3.51235,5.85277e-05,0.0109802,0.327864,12068.6,0.651019,0.36716,-0.4,0.25,1,1961.92,2.46743e+07,0.118639,0.00266349,0,0.00411841,-0.549634,nan,-0.00828813,nan,nan,nan,nan,-0.0211034,-0.0775451,-0.0202471,nan,-0.177708,-6.25e-05,-0.27678,-0.467837,nan,-1.63381,-0.105958,-0.604033,-0.122844,0.020767,-0.00309359,0.0895313,-1.23237
2009,-92.9877,485.4,0.0013531,0.416667,1.04167,0.144633,1.40903,0.000858025,-0.010205,3.51,5.85277e-05,0.00901157,0.327849,11448.9,0.688469,0.384821,-0.4,0.25,1,1962.99,2.46866e+07,0.131012,0.00336489,0,0.00528734,-0.637022,nan,-0.0110686,nan,nan,nan,nan,-0.0247503,-0.0950641,-0.0249059,nan,-0.205728,-0.000142857,-0.300247,-0.520696,nan,-1.67847,-0.114003,-0.698812,-0.139771,0.0241053,-0.00327388,0.114714,-1.18478
2010,-85.0398,459.923,0.00158763,0.125,0.958333,0.14384,1.39665,0.00103002,-0.0104039,3.51011,5.85277e-05,0.0125032,0.327819,11486.2,0.71765,0.352154,-0.4,0.25,1,1964.07,2.46989e+07,0.112851,0.00340088,0,0.00519126,-0.603227,nan,-0.0109392,nan,nan,nan,nan,-0.0241881,-0.0903344,-0.0250529,nan,-0.194827,-7.69231e-05,-0.291055,-0.494193,nan,-1.4827,-0.110029,-0.665772,-0.135577,0.023675,-0.00349317,0.117308,-0.905148
2011,-79.3984,388.385,0.00166678,0.0416667,1.04167,0.144654,1.40133,0.00105429,-0.00916717,3.50805,5.85277e-05,0.0116295,0.327729,12143.3,0.659091,0.352825,-0.4,0.25,1,1965.08,2.47112e+07,0.105508,0.00299426,0,0.00384048,-0.508367,nan,-0.00739,nan,nan,nan,nan,-0.0187527,-0.0647318,-0.0183997,nan,-0.164604,-0.000346154,-0.226518,-0.416703,nan,-1.4955,-0.0987918,-0.558003,-0.112923,0.018639,-0.00279817,0.0761538,-0.966446
2012,-80.1679,400.857,0.00158821,0.125,1.04167,0.148419,1.41177,0.000906841,-0.00855429,3.50522,5.85277e-05,0.0121289,0.327694,12052.8,0.67616,0.343356,-0.4,0.25,1,1966.1,2.47235e+07,0.114834,0.00270272,0,0.00441674,-0.527391,nan,-0.00886214,nan,nan,nan,nan,-0.0196768,-0.0724533,-0.0197365,nan,-0.169691,-0.000214286,-0.247276,-0.423577,nan,-1.48221,-0.10171,-0.580814,-0.1125,0.0197182,-0.00288543,0.0875,-1.19273
2013,-88.9557,510.258,0.00157386,0.166667,1.125,0.149632,1.41836,0.000952369,-0.009626,3.50418,5.85277e-05,0.0146545,0.327666,12012.5,0.682977,0.339959,-0.4,0.25,1,1967.12,2.47357e+07,0.132721,0.00344089,0,0.00582219,-0.669591,nan,-0.0125097,nan,nan,nan,nan,-0.026984,-0.099845,-0.0280062,nan,-0.216183,-0.000225806,-0.31344,-0.546987,nan,-1.48025,-0.114206,-0.737567,-0.13971,0.0239307,-0.00371161,0.120968,-0.973547
2014,-86.0634,375.071,0.00149917,0.0833333,1.08333,0.147789,1.42678,0.00112014,-0.00942203,3.50331,5.85277e-05,0.0158376,0.327671,12365.9,0.64435,0.349354,-0.4,0.25,1,1968.12,2.4748e+07,0.0934807,0.00226981,0,0.00331519,-0.494802,nan,-0.00698357,nan,nan,nan,nan,-0.0162854,-0.0609293,-0.0163997,nan,-0.158767,0,-0.249271,-0.410198,nan,-1.72724,-0.0887142,-0.543952,-0.106143,0.0183877,-0.0027733,0.0744643,-1.07211
2015,-93.2021,482.679,0.00141246,0.166667,1,0.146863,1.41766,0.000906996,-0.0103674,3.50347,5.85277e-05,0.0118333,0.32767,10514.7,0.7948,0.37385,-0.4,0.25,1,1969.29,2.47603e+07,0.123515,0.00345768,0,0.00526588,-0.63066,nan,-0.010985,nan,nan,nan,nan,-0.0243696,-0.091733,-0.0249923,nan,-0.203684,-7.14286e-05,-0.317999,-0.507429,nan,-1.68333,-0.114252,-0.691103,-0.135107,0.0244282,-0.00360523,0.108571,-1.36088
2016,-76.661,394.966,0.00143095,0.0833333,1.125,0.146416,1.44185,0.0009221,-0.0105712,3.50228,5.85277e-05,0.0108493,0.327585,12068.1,0.679608,0.338617,-0.4,0.25,1,1970.31,2.47726e+07,0.100142,0.0025561,0,0.00423226,-0.517866,nan,-0.00831448,nan,nan,nan,nan,-0.0206001,-0.0757073,-0.0197155,nan,-0.166845,-0.000482759,-0.248928,-0.42576,nan,-1.39114,-0.0929039,-0.570986,-0.112759,0.0190274,-0.00283063,0.1,-1.17208
2017,-84.7688,426.421,0.00156193,0.0833333,0.708333,0.144586,1.42032,0.000961324,-0.0109251,3.49894,5.85277e-05,0.0127659,0.327507,12288.2,0.71303,0.286955,-0.4,0.25,1,1971.31,2.47849e+07,0.0992077,0.00303036,0,0.0044772,-0.56348,nan,-0.00832632,nan,nan,nan,nan,-0.0216468,-0.0756587,-0.0207579,nan,-0.181396,0,-0.25687,-0.469288,nan,-1.54234,-0.10443,-0.618964,-0.124526,0.0205636,-0.00308632,0.0955263,-1.27701
2018,-92.0757,506.615,0.00143648,0.166667,0.916667,0.144462,1.40907,0.000802029,-0.00952392,3.49669,5.85277e-05,0.00997682,0.327455,12090.2,0.665366,0.350998,-0.4,0.25,1,1972.33,2.47972e+07,0.132135,0.00424299,0,0.00595073,-0.66596,nan,-0.0108031,nan,nan,nan,nan,-0.0272461,-0.0965669,-0.0264373,nan,-0.215019,-0.000115385,-0.320446,-0.53737,nan,-1.57886,-0.119088,-0.733823,-0.143192,0.0251147,-0.00367749,0.127308,-0.992575
2019,-96.2393,473.889,0.00146126,0.125,0.625,0.146768,1.41996,0.000771978,-0.00927516,3.49457,5.85277e-05,0.00853539,0.327387,10558.8,0.742054,0.421715,-0.4,0.25,1,1973.5,2.48095e+07,0.126547,0.00318303,0,0.00472187,-0.626469,nan,-0.00977444,nan,nan,nan,nan,-0.0233595,-0.0856008,-0.0233972,nan,-0.201069,0,-0.303499,-0.509926,nan,-1.81191,-0.110667,-0.683259,-0.136111,0.0228776,-0.00345113,0.114444,-1.66575
2020,-94.5306,511.182,0.00154725,0.291667,1.08333,0.148647,1.41387,0.000911752,-0.0100915,3.49306,5.85277e-05,0.0059024,0.327394,10962.3,0.742308,0.378626,-0.4,0.25,1,1974.62,2.48218e+07,0.146421,0.00316877,0,0.00561295,-0.66739,nan,-0.0112552,nan,nan,nan,nan,-0.0265247,-0.100396,-0.0273264,nan,-0.216327,-0.000212121,-0.326447,-0.535621,nan,-1.68052,-0.1185,-0.73556,-0.142152,0.0249944,-0.00377249,0.135,-1.14161
2021,-71.9911,429.935,0.00123628,0.125,1.16667,0.144855,1.43729,0.000812297,-0.0105385,3.49415,5.85277e-05,0.0124462,0.327443,11286,0.747137,0.341645,-0.4,0.25,1,1975.71,2.4834e+07,0.107635,0.00297797,0,0.00526247,-0.563518,nan,-0.010631,nan,nan,nan,nan,-0.0248114,-0.095459,-0.0249471,nan,-0.18195,-0.000548387,-0.270886,-0.461192,nan,-1.14832,-0.106352,-0.619049,-0.122,0.0218939,-0.00301471,0.130161,-0.90989
2022,-90.6186,432.31,0.00150563,0.0833333,1.66667,0.149348,1.47733,0.000867133,-0.00939335,3.49553,5.85277e-05,0.00535137,0.327468,10682.1,0.792058,0.358273,-0.4,0.25,1,1976.86,2.48463e+07,0.102344,0.0027423,0,0.00426378,-0.566354,nan,-0.00833571,nan,nan,nan,nan,-0.0209207,-0.0777378,-0.0194461,nan,-0.183049,-9.52381e-05,-0.271218,-0.463202,nan,-1.72359,-0.111096,-0.620933,-0.124881,0.021401,-0.00323723,0.0946429,-1.18069
2023,-96.5045,471.536,0.00154178,0.166667,1,0.144958,1.45508,0.000891581,-0.0110329,3.4959,5.85277e-05,0.0125783,0.32746,12099.9,0.674268,0.341281,-0.4,0.25,1,1977.88,2.48586e+07,0.112299,0.00341484,0,0.00459243,-0.61974,nan,-0.00994,nan,nan,nan,nan,-0.0222593,-0.0799787,-0.0222663,nan,-0.200163,0,-0.289921,-0.519963,nan,-1.79973,-0.110579,-0.683451,-0.137821,0.0236035,-0.00337774,0.101786,-1.23142
2024,-73.9998,391.765,0.00159391,0.208333,1.20833,0.143977,1.45534,0.00104871,-0.00939589,3.49509,5.85277e-05,0.0118352,0.327406,12555.7,0.677756,0.300924,-0.4,0.25,1,1978.86,2.48709e+07,0.10531,0.0028136,0,0.00409616,-0.509577,nan,-0.00839118,nan,nan,nan,nan,-0.0194914,-0.0701252,-0.0197243,nan,-0.165338,-0.000117647,-0.24597,-0.413227,nan,-1.33133,-0.0926688,-0.560392,-0.110147,0.0181863,-0.00290244,0.0941176,-1.15943
2025,-79.7359,424.333,0.00151845,0.0833333,0.666667,0.144636,1.41947,0.000948133,-0.00906834,3.49343,5.85277e-05,0.0114084,0.32739,14181.5,0.607922,0.25856,-0.4,0.25,1,1979.73,2.48832e+07,0.1296,0.00231634,0,0.00445115,-0.549156,nan,-0.00875,nan,nan,nan,nan,-0.0212974,-0.0729788,-0.0217464,nan,-0.179269,0,-0.263132,-0.44532,nan,-1.44102,-0.0940913,-0.608736,-0.112167,0.0188386,-0.00313446,0.0980556,-1.2578
2026,-75.9272,418.062,0.00145048,0.166667,1.16667,0.148253,1.39314,0.000817595,-0.0103373,3.49405,5.85277e-05,0.0098244,0.327415,11555.3,0.700669,0.362741,-0.4,0.25,1,1980.79,2.48955e+07,0.118283,0.00325967,0,0.00451103,-0.546446,nan,-0.00985313,nan,nan,nan,nan,-0.0221937,-0.0815198,-0.0222156,nan,-0.176753,0,-0.273474,-0.444705,nan,-1.32034,-0.0933281,-0.600189,-0.110281,0.0190044,-0.00303236,0.102188,-1.20631
2027,-56.8155,322.359,0.00143933,0.166667,1.45833,0.144122,1.38369,0.000965262,-0.00921239,3.49435,5.85277e-05,0.013844,0.327426,11362.9,0.729853,0.351558,-0.4,0.25,1,1981.87,2.49078e+07,0.0849033,0.00220191,0,0.00387563,-0.422301,nan,-0.00778667,nan,nan,nan,nan,-0.0179415,-0.0642016,-0.0175801,nan,-0.136514,-0.000358974,-0.201872,-0.343933,nan,-0.947884,-0.0818035,-0.465366,-0.0904615,0.0154947,-0.00231245,0.0769231,-0.793673
2028,-85.1893,480.406,0.00138375,0.25,1.08333,0.150887,1.38842,0.00100117,-0.0101727,3.49372,5.85277e-05,0.0113529,0.327387,11484.3,0.681346,0.388641,-0.4,0.25,1,1982.94,2.49201e+07,0.119785,0.00322957,0,0.00568025,-0.628062,nan,-0.0111206,nan,nan,nan,nan,-0.0251481,-0.0943007,-0.0263875,nan,-0.203654,-9.375e-05,-0.289476,-0.508894,nan,-1.44802,-0.111673,-0.692227,-0.135562,0.0234823,-0.00331758,0.132344,-0.836676
2029,-76.077,459.867,0.00128847,0.208333,1.04167,0.152275,1.40461,0.000914628,-0.00982132,3.49214,5.85277e-05,0.0084112,0.32736,11222.6,0.725051,0.369886,-0.4,0.25,1,1984.04,2.49324e+07,0.108353,0.00364437,0,0.00546163,-0.600883,nan,-0.0113993,nan,nan,nan,nan,-0.0262438,-0.0982039,-0.0263978,nan,-0.194384,-6.66667e-05,-0.292186,-0.486623,nan,-1.19296,-0.107192,-0.662784,-0.130267,0.0221179,-0.00320252,0.121,-0.992718
2030,-76.1435,417.944,0.00145389,0.166667,1.33333,0.149417,1.36917,0.000864621,-0.00926393,3.49115,5.85277e-05,0.0121873,0.3273,11486.4,0.691593,0.37819,-0.4,0.25,1,1985.11,2.49446e+07,0.10419,0.00256041,0,0.00467031,-0.549875,nan,-0.00939778,nan,nan,nan,nan,-0.0224692,-0.0864171,-0.0222861,nan,-0.177026,-8.33333e-05,-0.273634,-0.442629,nan,-1.30034,-0.105921,-0.601271,-0.118611,0.0210375,-0.00314199,0.105694,-0.920001
2031,-73.1619,389.538,0.00142849,0.125,0.958333,0.146659,1.42261,0.000934585,-0.00998421,3.48918,5.85277e-05,0.0127407,0.327268,12005.4,0.684371,0.339169,-0.4,0.25,1,1986.14,2.49569e+07,0.0983259,0.00289014,0,0.00409584,-0.510313,nan,-0.00832154,nan,nan,nan,nan,-0.0206993,-0.0753896,-0.0205632,nan,-0.165119,-0.000653846,-0.252795,-0.410307,nan,-1.2935,-0.0945783,-0.561859,-0.110962,0.0182727,-0.002903,0.104423,-1.03461
2032,-76.1311,391.84,0.00145657,0.208333,0.833333,0.146139,1.42052,0.000793744,-0.0101878,3.48837,5.85277e-05,0.0119932,0.327271,13845,0.641744,0.245795,-0.4,0.25,1,1987.03,2.49692e+07,0.101764,0.00282417,0,0.00407236,-0.51319,nan,-0.0088352,nan,nan,nan,nan,-0.0189404,-0.0685349,-0.0195214,nan,-0.166073,-0.00044,-0.240385,-0.408866,nan,-1.39696,-0.0897717,-0.562205,-0.11064,0.0192467,-0.00272209,0.0872,-1.29554
2033,-96.5052,468.971,0.00134236,0.25,1.16667,0.147687,1.41745,0.000900118,-0.0106419,3.48742,5.85277e-05,0.00938615,0.327202,14557.5,0.568065,0.276035,-0.4,0.25,1,1987.87,2.49815e+07,0.13039,0.00306932,0,0.00439672,-0.616603,nan,-0.0102741,nan,nan,nan,nan,-0.0210977,-0.0781036,-0.0223473,nan,-0.198609,-0.000176471,-0.281842,-0.49231,nan,-1.84786,-0.0999573,-0.672939,-0.128559,0.0221867,-0.00330492,0.0880882,-1.13222
2034,-126.751,561.941,0.00145532,0.125,1.29167,0.148448,1.40309,0.000900995,-0.00963013,3.484,5.85277e-05,0.0163471,0.327104,10778.7,0.712096,0.427934,-0.4,0.25,1,1989.01,2.49938e+07,0.148952,0.00366767,0,0.00480193,-0.732418,nan,-0.00929,nan,nan,nan,nan,-0.0238785,-0.0893592,-0.0235201,nan,-0.238412,-0.000117647,-0.3537,-0.591638,nan,-2.54448,-0.129524,-0.814646,-0.157824,0.0270638,-0.00405029,0.1125,-1.74093
2035,-78.5958,417.233,0.00144108,0.208333,1.04167,0.146304,1.41334,0.000951498,-0.0102852,3.48088,5.85277e-05,0.0152354,0.327044,11081.8,0.763584,0.345265,-0.4,0.25,1,1990.13,2.50061e+07,0.110656,0.00269098,0,0.00401043,-0.548757,nan,-0.009684,nan,nan,nan,nan,-0.0211589,-0.0798773,-0.021906,nan,-0.176622,-0.000333333,-0.257839,-0.445924,nan,-1.39519,-0.0992355,-0.597307,-0.121067,0.0208288,-0.00282064,0.0933333,-1.27865
2036,-51.5529,263.188,0.00135525,0.0416667,1.29167,0.147205,1.40184,0.000886834,-0.0104779,3.47874,5.85277e-05,0.0108631,0.326987,11398.9,0.760599,0.317402,-0.4,0.25,1,1991.2,2.50184e+07,0.0689744,0.00181679,0,0.00266812,-0.345526,nan,-0.00568938,nan,nan,nan,nan,-0.0129952,-0.045181,-0.013194,nan,-0.111763,-0.000125,-0.161655,-0.282795,nan,-0.944409,-0.0686402,-0.378876,-0.0730938,0.0127443,-0.00187428,0.0617188,-0.746004
2037,-75.6752,408.871,0.00131649,0.208333,1.08333,0.14523,1.4163,0.000804101,-0.0101225,3.47639,5.85277e-05,0.0108768,0.326913,14225.9,0.617614,0.246163,-0.4,0.25,1,1992.07,2.50307e+07,0.112387,0.00273473,0,0.00429518,-0.533306,nan,-0.0091071,nan,nan,nan,nan,-0.0226799,-0.083519,-0.0210398,nan,-0.1731,0,-0.25889,-0.435621,nan,-1.3278,-0.102813,-0.590926,-0.117323,0.0196733,-0.0029025,0.109032,-1.09386
2038,-86.3878,413.571,0.00108881,0.125,0.75,0.146762,1.40565,0.000772542,-0.00875691,3.47523,5.85277e-05,0.00945838,0.326932,12939,0.586667,0.363022,-0.4,0.25,1,1993.02,2.50429e+07,0.103425,0.00269468,0,0.00382614,-0.541905,nan,-0.0083981,nan,nan,nan,nan,-0.0200342,-0.0734462,-0.01959,nan,-0.174856,0,-0.27429,-0.430528,nan,-1.65194,-0.0999658,-0.594697,-0.113857,0.0193186,-0.00294185,0.0954762,-1.88187
2039,-74.4107,342.812,0.00133345,0.125,1.20833,0.144976,1.40211,0.000899992,-0.0103631,3.47638,5.85277e-05,0.0169471,0.32695,10531.4,0.73531,0.431492,-0.4,0.25,1,1994.19,2.50552e+07,0.0897406,0.00238252,0,0.00302863,-0.45198,nan,-0.00610688,nan,nan,nan,nan,-0.0161022,-0.060803,-0.0148832,nan,-0.144846,-0.00025,-0.207121,-0.365722,nan,-1.454,-0.0865824,-0.495112,-0.0979375,0.0170549,-0.00257153,0.073125,-1.07061
2040,-95.7511,505.783,0.00137573,0.125,0.833333,0.14421,1.41052,0.000896465,-0.00983118,3.47583,5.85277e-05,0.0126262,0.326915,11694,0.673589,0.377208,-0.4,0.25,1,1995.24,2.50675e+07,0.133204,0.0036651,0,0.00493285,-0.660573,nan,-0.0110409,nan,nan,nan,nan,-0.0248702,-0.0942986,-0.0256585,nan,-0.214761,-8.69565e-05,-0.313686,-0.528184,nan,-1.72301,-0.112513,-0.731889,-0.144435,0.0255982,-0.00377953,0.11413,-1.00426
2041,-74.666,350.667,0.0013164,0.125,0.75,0.144043,1.40288,0.000923605,-0.0104096,3.47485,5.85277e-05,0.0144538,0.32691,11878.4,0.730028,0.304455,-0.4,0.25,1,1996.28,2.50798e+07,0.0902013,0.00260633,0,0.00355971,-0.461965,nan,-0.00725238,nan,nan,nan,nan,-0.0151582,-0.0568099,-0.015778,nan,-0.148678,-9.52381e-05,-0.214359,-0.369219,nan,-1.43478,-0.0844696,-0.505728,-0.100286,0.0166939,-0.00222591,0.0669048,-0.801984
2042,-112.984,518.273,0.0014821,0.166667,0.75,0.151424,1.38403,0.000797369,-0.0104192,3.47511,5.85277e-05,0.0120858,0.326908,14781.5,0.585707,0.2456,-0.4,0.25,1,1997.11,2.50921e+07,0.153922,0.00398446,0,0.00429178,-0.670989,nan,-0.00991909,nan,nan,nan,nan,-0.022957,-0.0879229,-0.0227124,nan,-0.218925,-0.000363636,-0.333699,-0.536364,nan,-2.2455,-0.11675,-0.745643,-0.144273,0.0243006,-0.00384469,0.105227,-1.43194
2043,-102.808,530.643,0.001502,0.166667,1,0.151291,1.40002,0.000940742,-0.0105175,3.47514,5.85277e-05,0.0113941,0.326941,14596.3,0.576457,0.265401,-0.4,0.25,1,1997.95,2.51044e+07,0.150938,0.0033536,0,0.00527543,-0.698129,nan,-0.0113929,nan,nan,nan,nan,-0.0263898,-0.0981519,-0.0262141,nan,-0.224262,-0.000321429,-0.329679,-0.552482,nan,-1.88417,-0.123209,-0.764606,-0.153286,0.0266854,-0.0039306,0.121071,-1.40385
2044,-94.5119,401.864,0.00137556,0,0.916667,0.147198,1.39208,0.000815627,-0.0105498,3.47689,5.85277e-05,0.00879275,0.326972,11707.2,0.601153,0.448456,-0.4,0.25,1,1999.01,2.51167e+07,0.106986,0.00264855,0,0.00315964,-0.527105,nan,-0.00648545,nan,nan,nan,nan,-0.0167277,-0.0619945,-0.0157971,nan,-0.170329,-0.000136364,-0.250818,-0.429445,nan,-1.93488,-0.0961536,-0.584152,-0.111636,0.0196487,-0.00275695,0.0725,-1.76518
2045,-81.5583,459.586,0.0014366,0.125,1.08333,0.147394,1.36972,0.000977867,-0.0103985,3.47696,5.85277e-05,0.00961515,0.326965,11034.9,0.731853,0.381709,-0.4,0.25,1,2000.12,2.5129e+07,0.114775,0.00327955,0,0.00502277,-0.606204,nan,-0.01046,nan,nan,nan,nan,-0.0253175,-0.0965234,-0.0252363,nan,-0.194319,0,-0.295341,-0.484591,nan,-1.38245,-0.105376,-0.6613,-0.13469,0.0219643,-0.00321704,0.123966,-1.16687
2046,-70.9029,401.812,0.00126316,0.125,1.20833,0.1503,1.41117,0.000749185,-0.0102835,3.47669,5.85277e-05,0.00935874,0.326974,11127.3,0.729887,0.374422,-0.4,0.25,1,2001.23,2.51412e+07,0.0904717,0.00304523,0,0.00425954,-0.526994,nan,-0.0095775,nan,nan,nan,nan,-0.0220097,-0.0787156,-0.022225,nan,-0.170171,-0.000125,-0.252002,-0.415432,nan,-1.19865,-0.0931322,-0.576088,-0.109437,0.020573,-0.0030524,0.0978125,-1.13478
2047,-70.3767,392.3,0.00139815,0.0416667,1.20833,0.148236,1.4218,0.00087164,-0.0103491,3.47566,5.85277e-05,0.0114778,0.326901,10635.2,0.728106,0.427297,-0.4,0.25,1,2002.38,2.51535e+07,0.106263,0.00269452,0,0.00427416,-0.514778,nan,-0.009078,nan,nan,nan,nan,-0.0217909,-0.0807364,-0.0206254,nan,-0.166284,-3.33333e-05,-0.240724,-0.412482,nan,-1.21061,-0.0924243,-0.567254,-0.110867,0.0197024,-0.00278812,0.1075,-1.02931
2048,-94.9756,482.321,0.00140201,0.125,1.04167,0.144494,1.38596,0.000829598,-0.00958491,3.47234,5.85277e-05,0.00897755,0.326831,12788.6,0.691771,0.269085,-0.4,0.25,1,2003.35,2.51658e+07,0.140296,0.00335094,0,0.00447872,-0.632158,nan,-0.00996429,nan,nan,nan,nan,-0.0244882,-0.0911342,-0.0236416,nan,-0.203817,-7.14286e-05,-0.310697,-0.507883,nan,-1.76142,-0.115482,-0.697227,-0.139821,0.0236266,-0.00353391,0.122321,-1.21687
2049,-97.6113,388.5,0.0013614,0.166667,1.08333,0.146239,1.41055,0.000847525,-0.00942096,3.46989,5.85277e-05,0.00868279,0.326768,14678.1,0.585018,0.252149,-0.4,0.25,1,2004.18,2.51781e+07,0.128419,0.00269962,0,0.00271195,-0.514561,nan,-0.00617333,nan,nan,nan,nan,-0.0141274,-0.0522607,-0.0139286,nan,-0.164537,-0.000466667,-0.247901,-0.415133,nan,-2.08654,-0.0905673,-0.564282,-0.112967,0.0181285,-0.00266125,0.0628333,-1.51735
2050,-79.5575,420.938,0.00128751,0.208333,1.125,0.145733,1.40396,0.000866021,-0.0107059,3.46731,5.85277e-05,0.0132636,0.3267,14689.7,0.579465,0.25704,-0.4,0.25,1,2005.02,2.51904e+07,0.103912,0.00319116,0,0.00431185,-0.551591,nan,-0.00930188,nan,nan,nan,nan,-0.022671,-0.081714,-0.0218042,nan,-0.178013,-0.00053125,-0.274755,-0.439737,nan,-1.41035,-0.101743,-0.608029,-0.117469,0.020353,-0.00301974,0.099375,-1.24251
2051,-126.705,518.55,0.00147545,0.0833333,0.75,0.144279,1.40274,0.000838507,-0.0102791,3.46494,5.85277e-05,0.00872481,0.326645,14506.7,0.580975,0.266079,-0.4,0.25,1,2005.87,2.52027e+07,0.152818,0.00379622,0,0.00410692,-0.682691,nan,-0.009077,nan,nan,nan,nan,-0.01931,-0.0672005,-0.0200736,nan,-0.219458,-0.00055,-0.324178,-0.544388,nan,-2.66274,-0.122661,-0.752026,-0.1519,0.0251343,-0.00353866,0.0755,-1.45261
2052,-99.8746,484.333,0.00139229,0.166667,0.833333,0.150486,1.37782,0.000859001,-0.0096925,3.46284,5.85277e-05,0.0183707,0.326581,13771.2,0.590059,0.302235,-0.4,0.25,1,2006.76,2.5215e+07,0.131428,0.00326562,0,0.00457161,-0.635741,nan,-0.0101083,nan,nan,nan,nan,-0.0211971,-0.0790366,-0.0224856,nan,-0.204602,-0.00025,-0.300429,-0.498317,nan,-1.91727,-0.106062,-0.699796,-0.134292,0.0236325,-0.00319159,0.107708,-1.16596
2053,-88.8297,465.4,0.00158135,0.125,0.916667,0.148622,1.38493,0.000872225,-0.0104323,3.46084,5.85277e-05,0.010833,0.326537,14738.7,0.582297,0.251424,-0.4,0.25,1,2007.6,2.52273e+07,0.109678,0.00268799,0,0.00447003,-0.608024,nan,-0.0105848,nan,nan,nan,nan,-0.02355,-0.0886564,-0.024305,nan,-0.196585,-8e-05,-0.302646,-0.491099,nan,-1.58124,-0.118134,-0.6704,-0.13232,0.0237678,-0.00331074,0.1034,-1.35799
2054,-96.6831,477.944,0.00123502,0.375,1.125,0.150104,1.38256,0.000765315,-0.00946733,3.46022,5.85277e-05,0.0139237,0.326545,14657.9,0.59023,0.248091,-0.4,0.25,1,2008.44,2.52396e+07,0.136227,0.00328253,0,0.00441105,-0.624232,nan,-0.00989889,nan,nan,nan,nan,-0.0220997,-0.0783982,-0.0226261,nan,-0.201912,-0.000277778,-0.304899,-0.503971,nan,-1.83217,-0.106973,-0.687057,-0.133278,0.0228992,-0.00339844,0.109028,-1.48839
2055,-93.6893,441.788,0.00152529,0.208333,1.16667,0.149614,1.39462,0.000896497,-0.0102373,3.46079,5.85277e-05,0.012108,0.326562,14933.6,0.576412,0.246428,-0.4,0.25,1,2009.26,2.52518e+07,0.120665,0.00291787,0,0.0042734,-0.579254,nan,-0.00813758,nan,nan,nan,nan,-0.0209576,-0.0808928,-0.0202866,nan,-0.186714,-0.000212121,-0.296168,-0.464452,nan,-1.81439,-0.107828,-0.640467,-0.121697,0.0217379,-0.0031504,0.0959091,-1.28781
2056,-85.3465,421.667,0.0015224,0.0416667,0.958333,0.148339,1.39183,0.000962929,-0.0103337,3.46038,5.85277e-05,0.0112356,0.3265,15087.6,0.568533,0.245913,-0.4,0.25,1,2010.08,2.52641e+07,0.109222,0.00341418,0,0.00364416,-0.546181,nan,-0.0096875,nan,nan,nan,nan,-0.0194193,-0.0691084,-0.0197263,nan,-0.177519,-0.000291667,-0.277384,-0.445677,nan,-1.60886,-0.0964637,-0.599826,-0.113,0.0194093,-0.00282338,0.08625,-1.0981
2057,-78.9217,379.132,0.00143568,0.125,1.45833,0.149381,1.42579,0.000957363,-0.0112606,3.45717,3.90184e-05,0.0215898,0.326409,14979.1,0.574833,0.245509,-0.4,0.25,1,2010.9,2.52764e+07,0.0949444,0.00268082,0,0.00377497,-0.49598,nan,-0.00764421,nan,nan,nan,nan,-0.0168324,-0.0627281,-0.017623,nan,-0.160121,-0.000184211,-0.23097,-0.396918,nan,-1.51826,-0.0846008,-0.544748,-0.107053,0.0192184,-0.00255031,0.0869737,-1.48337
2058,-78.8755,349.815,0.00148896,0.0833333,1.04167,0.149717,1.4153,0.000929024,-0.00824362,3.45471,3.90184e-05,0.0113918,0.326375,15022.6,0.572878,0.24509,-0.4,0.25,1,2011.72,2.52887e+07,0.084272,0.00258021,0,0.00283136,-0.457861,nan,-0.00655407,nan,nan,nan,nan,-0.0156662,-0.0521688,-0.014848,nan,-0.147617,-0.000111111,-0.231531,-0.370149,nan,-1.57312,-0.0906252,-0.503602,-0.0994815,0.0173606,-0.00237375,0.0635185,-1.34663
2059,-66.823,368.833,0.00167617,0.0833333,0.916667,0.148285,1.43434,0.00104241,-0.00855895,3.45367,3.90184e-05,0.0147954,0.326363,14152.4,0.586966,0.281296,-0.4,0.25,1,2012.59,2.5301e+07,0.095792,0.00228409,0,0.0038765,-0.479472,nan,-0.0094175,nan,nan,nan,nan,-0.0195641,-0.0697897,-0.0193333,nan,-0.155314,-8.33333e-05,-0.233394,-0.39114,nan,-1.14084,-0.0896222,-0.52556,-0.105958,0.0178481,-0.00231514,0.0789583,-1.19241
2060,-68.5926,326.704,0.00129111,0.0416667,1.08333,0.148022,1.43068,0.000805391,-0.00791955,3.4537,3.90184e-05,0.010412,0.326377,14221.8,0.613287,0.250737,-0.4,0.25,1,2013.45,2.53133e+07,0.0841713,0.00189606,0,0.00308425,-0.421965,nan,-0.00687259,nan,nan,nan,nan,-0.0144818,-0.0491911,-0.0150005,nan,-0.137539,-0.000185185,-0.218454,-0.347868,nan,-1.33204,-0.0789906,-0.467893,-0.0871481,0.0155359,-0.00239719,0.0787037,-1.1691
2061,-97.4606,528.652,0.00133181,0.166667,0.791667,0.144267,1.4102,0.00072989,-0.00845239,3.454,3.90184e-05,0.011644,0.326375,14439.1,0.592002,0.259023,-0.4,0.25,1,2014.31,2.53256e+07,0.139025,0.00346838,0,0.00582384,-0.687518,nan,-0.0129096,nan,nan,nan,nan,-0.0262586,-0.0992541,-0.0287305,nan,-0.223193,0,-0.322265,-0.548771,nan,-1.71711,-0.115275,-0.761445,-0.151739,0.0252254,-0.00364634,0.128696,-1.2194
2062,-109.873,501.87,0.00148519,0.125,0.833333,0.145685,1.42569,0.000736082,-0.00842763,3.45391,3.90184e-05,0.0101366,0.326387,14668.5,0.586147,0.251569,-0.4,0.25,1,2015.15,2.53379e+07,0.117768,0.00340858,0,0.00433968,-0.64777,nan,-0.0104548,nan,nan,nan,nan,-0.0208078,-0.0754843,-0.0225602,nan,-0.212099,-8.69565e-05,-0.316261,-0.531206,nan,-2.17365,-0.115765,-0.716184,-0.14287,0.0249041,-0.00337005,0.0930435,-1.32434
2063,-75.8172,407.846,0.00145,0.0833333,1,0.148469,1.4331,0.000899881,-0.00852137,3.45405,3.90184e-05,0.00709802,0.326391,14967.3,0.573077,0.247912,-0.4,0.25,1,2015.97,2.53501e+07,0.0911561,0.00224768,0,0.00468305,-0.531307,nan,-0.00961692,nan,nan,nan,nan,-0.0222915,-0.0871965,-0.0217376,nan,-0.172187,-0.000115385,-0.266551,-0.42597,nan,-1.32104,-0.10959,-0.586575,-0.114423,0.0200679,-0.00297013,0.109615,-0.902363
2064,-83.5982,433.393,0.00133138,0.291667,0.875,0.148367,1.38568,0.000770261,-0.00802048,3.45413,3.90184e-05,0.00771448,0.326407,14598.5,0.586381,0.255351,-0.4,0.25,1,2016.81,2.53624e+07,0.114793,0.00303282,0,0.0044478,-0.568004,nan,-0.0103821,nan,nan,nan,nan,-0.0226981,-0.0896008,-0.0225739,nan,-0.182592,-3.57143e-05,-0.300034,-0.459681,nan,-1.50562,-0.103997,-0.621328,-0.126964,0.021583,-0.00303773,0.105893,-1.05156
2065,-113.05,537.514,0.00130079,0.208333,1.33333,0.148331,1.42066,0.000831333,-0.00872079,3.45502,3.90184e-05,0.0118512,0.326437,15043.7,0.572415,0.244406,-0.4,0.25,1,2017.63,2.53747e+07,0.153784,0.00343168,0,0.00483278,-0.701852,nan,-0.0109919,nan,nan,nan,nan,-0.0232223,-0.0856858,-0.0243657,nan,-0.226344,-0.000162162,-0.352563,-0.565457,nan,-2.19391,-0.121293,-0.770914,-0.151297,0.0259266,-0.00372828,0.113378,-1.66975
2066,-91.2465,445.743,0.00137983,0.208333,1.25,0.147375,1.4341,0.000889028,-0.00742857,3.45528,3.90184e-05,0.0169283,0.326406,11597.5,0.690693,0.36885,-0.4,0.25,1,2018.69,2.5387e+07,0.114173,0.00318957,0,0.00419059,-0.583264,nan,-0.009652,nan,nan,nan,nan,-0.0219585,-0.0867534,-0.0223372,nan,-0.188074,-0.0002,-0.303102,-0.471891,nan,-1.71654,-0.110622,-0.642152,-0.126286,0.0214796,-0.00309316,0.099,-1.06736
2067,-83.4825,463.385,0.00138269,0.125,0.958333,0.14665,1.45018,0.00085882,-0.00790268,3.45356,3.90184e-05,0.00764056,0.326364,11352.8,0.710199,0.372178,-0.4,0.25,1,2019.77,2.53993e+07,0.116322,0.00330343,0,0.00475053,-0.602516,nan,-0.0120523,nan,nan,nan,nan,-0.024547,-0.0972326,-0.02494,nan,-0.195372,-0.000230769,-0.312843,-0.478959,nan,-1.43659,-0.109443,-0.665141,-0.132308,0.022723,-0.00343837,0.122692,-0.82325
2068,-100.441,514.107,0.00135476,0.25,0.916667,0.145654,1.42137,0.000793803,-0.00830532,3.45221,3.90184e-05,0.0114282,0.32634,12101.4,0.667688,0.347733,-0.4,0.25,1,2020.79,2.54116e+07,0.125098,0.0030017,0,0.0051248,-0.670712,nan,-0.0107679,nan,nan,nan,nan,-0.025267,-0.0965081,-0.0257468,nan,-0.21643,0,-0.337858,-0.540471,nan,-1.82584,-0.122966,-0.739837,-0.142286,0.0244886,-0.00368165,0.121071,-1.08488
2069,-87.2958,422.679,0.00151788,0.0833333,1.08333,0.146041,1.41215,0.000974211,-0.00754555,3.45121,3.90184e-05,0.00796952,0.326305,12480.8,0.693155,0.2914,-0.4,0.25,1,2021.78,2.54239e+07,0.114811,0.00270909,0,0.00413142,-0.546053,nan,-0.008805,nan,nan,nan,nan,-0.0194881,-0.0718783,-0.0201542,nan,-0.177855,-7.14286e-05,-0.289714,-0.43728,nan,-1.66127,-0.100647,-0.610109,-0.120821,0.0208335,-0.00299107,0.0958929,-0.938044
2070,-80.2557,456.222,0.00149015,0.0416667,1.08333,0.147818,1.39822,0.000940056,-0.00867664,3.45026,3.90184e-05,0.0148981,0.326298,12612.4,0.642835,0.331442,-0.4,0.25,1,2022.75,2.54362e+07,0.108901,0.00301004,0,0.00505352,-0.590044,nan,-0.0104126,nan,nan,nan,nan,-0.0246816,-0.0913691,-0.0253508,nan,-0.191949,-0.000185185,-0.297966,-0.489008,nan,-1.33956,-0.107841,-0.657379,-0.132222,0.023352,-0.00314103,0.114444,-0.752173
2071,-83.4585,468.471,0.00125303,0.25,1.16667,0.150788,1.41445,0.00082499,-0.00851269,3.45,3.90184e-05,0.011043,0.326282,11083.8,0.699755,0.408891,-0.4,0.25,1,2023.86,2.54484e+07,0.123986,0.0034673,0,0.00495488,-0.606148,nan,-0.0115276,nan,nan,nan,nan,-0.0240164,-0.0906509,-0.0254687,nan,-0.19712,-5.88235e-05,-0.295821,-0.485468,nan,-1.44637,-0.102646,-0.669667,-0.130853,0.0227558,-0.00341975,0.120294,-0.814067
2072,-82.2778,418.265,0.00138105,0.125,1.29167,0.14866,1.41439,0.000769516,-0.00850775,3.44959,3.90184e-05,0.0127031,0.326295,11697.9,0.679679,0.370764,-0.4,0.25,1,2024.92,2.54607e+07,0.103118,0.00325961,0,0.0044476,-0.545322,nan,-0.00906529,nan,nan,nan,nan,-0.0213173,-0.0795344,-0.0202376,nan,-0.176106,-0.000323529,-0.278795,-0.431846,nan,-1.49934,-0.107946,-0.599838,-0.115824,0.0204639,-0.00301162,0.0916176,-1.17245
2073,-85.3181,369.045,0.00140167,0.125,0.791667,0.147743,1.40688,0.000804614,-0.0082409,3.44981,3.90184e-05,0.00848214,0.326285,12078.9,0.67747,0.339844,-0.4,0.25,1,2025.93,2.5473e+07,0.101535,0.00242615,0,0.00310085,-0.475425,nan,-0.00668,nan,nan,nan,nan,-0.0147918,-0.0536061,-0.0146839,nan,-0.155022,-4.54545e-05,-0.254855,-0.390006,nan,-1.74546,-0.0890997,-0.529783,-0.103909,0.0180083,-0.00248779,0.0743182,-1.15398
2074,-108.471,454.71,0.00142388,0.166667,1.125,0.148026,1.4016,0.000881836,-0.00836253,3.44856,3.90184e-05,0.00827431,0.326234,12292.6,0.663213,0.336409,-0.4,0.25,1,2026.94,2.54853e+07,0.117087,0.00323829,0,0.00347242,-0.587152,nan,-0.00837097,nan,nan,nan,nan,-0.0173191,-0.062513,-0.0178754,nan,-0.190824,0,-0.317563,-0.47517,nan,-2.2514,-0.108664,-0.644075,-0.128452,0.0225539,-0.00323344,0.0762903,-1.52009
2075,-77.2237,347.739,0.00121204,0.0833333,0.875,0.14788,1.37857,0.000772816,-0.00849329,3.44649,3.90184e-05,0.0146139,0.32618,11887.6,0.672011,0.36167,-0.4,0.25,1,2027.97,2.54976e+07,0.0994415,0.00236445,0,0.00299975,-0.44841,nan,-0.00677913,nan,nan,nan,nan,-0.0150276,-0.054862,-0.0153704,nan,-0.146629,0,-0.238651,-0.376198,nan,-1.53494,-0.0797497,-0.502256,-0.0966522,0.0160558,-0.00237562,0.0747826,-1.23955
2076,-95.0752,480.652,0.00159702,0.125,0.833333,0.147263,1.34851,0.000953318,-0.0079334,3.44475,3.90184e-05,0.00767475,0.326139,12241.2,0.67832,0.325503,-0.4,0.25,1,2028.98,2.55099e+07,0.133968,0.00294897,0,0.0045544,-0.619478,nan,-0.0112009,nan,nan,nan,nan,-0.0222131,-0.0836435,-0.0242474,nan,-0.201495,-4.34783e-05,-0.34243,-0.498544,nan,-1.76316,-0.105659,-0.686409,-0.131783,0.0223045,-0.00344875,0.104348,-0.934388
2077,-71.9501,376.077,0.00133149,0.0833333,1,0.149338,1.37166,0.000855201,-0.00826788,3.44358,3.90184e-05,0.00727551,0.326111,11297.8,0.707628,0.38002,-0.4,0.25,1,2030.07,2.55222e+07,0.0992405,0.00257129,0,0.00379046,-0.485913,nan,-0.00875615,nan,nan,nan,nan,-0.0193368,-0.0739421,-0.0194605,nan,-0.157987,-0.000230769,-0.26034,-0.395269,nan,-1.28738,-0.0926616,-0.53964,-0.107923,0.0185327,-0.00272099,0.0898077,-0.850642
2078,-116.72,580.5,0.00138867,0.208333,0.625,0.146873,1.37468,0.000714782,-0.00803153,3.44218,3.90184e-05,0.00850896,0.326061,11385.9,0.713419,0.365809,-0.4,0.25,1,2031.15,2.55345e+07,0.153384,0.00412515,0,0.00573744,-0.757177,nan,-0.012321,nan,nan,nan,nan,-0.0275364,-0.102515,-0.0275045,nan,-0.244307,-0.0001,-0.387994,-0.598926,nan,-2.20918,-0.12375,-0.827758,-0.158,0.0278084,-0.00401645,0.12725,-1.49606
2079,-83.3088,385.615,0.0015397,0.125,0.958333,0.146956,1.38214,0.000897006,-0.00733324,3.44056,3.90184e-05,0.00939815,0.326043,11886.2,0.674536,0.359266,-0.4,0.25,1,2032.18,2.55468e+07,0.103998,0.00286878,0,0.00367995,-0.502142,nan,-0.00773308,nan,nan,nan,nan,-0.0175681,-0.06653,-0.0175331,nan,-0.162177,-0.000153846,-0.264939,-0.411419,nan,-1.61757,-0.0986819,-0.552157,-0.105538,0.01839,-0.00280438,0.0773077,-1.41632
2080,-109.161,473.808,0.00134687,0.25,0.833333,0.149121,1.37801,0.00083242,-0.0075127,3.44045,3.90184e-05,0.0134977,0.326074,11898.6,0.718732,0.313998,-0.4,0.25,1,2033.22,2.5559e+07,0.138391,0.0034136,0,0.00411003,-0.615542,nan,-0.00870308,nan,nan,nan,nan,-0.0182879,-0.0643252,-0.0192926,nan,-0.199625,-0.000269231,-0.314522,-0.504188,nan,-2.22796,-0.111736,-0.680339,-0.130962,0.0232363,-0.00329858,0.0871154,-1.63055
2081,-80.3101,396.533,0.00147822,0.0416667,1.20833,0.145952,1.38116,0.000919522,-0.00752546,3.44095,3.90184e-05,0.0108849,0.326065,11141.9,0.741856,0.361003,-0.4,0.25,1,2034.32,2.55713e+07,0.100187,0.00306797,0,0.00405457,-0.511831,nan,-0.008486,nan,nan,nan,nan,-0.0201657,-0.072288,-0.0193507,nan,-0.16649,-0.000133333,-0.274379,-0.417483,nan,-1.49703,-0.104874,-0.568636,-0.112633,0.0191459,-0.00285807,0.0886667,-1.23816
2082,-92.4339,452.1,0.00137019,0.0416667,0.791667,0.140221,1.38393,0.000938691,-0.00817583,3.43964,3.90184e-05,0.00963009,0.326014,11112.1,0.740686,0.365131,-0.4,0.25,1,2035.43,2.55836e+07,0.109001,0.0030473,0,0.00497141,-0.58409,nan,-0.009113,nan,nan,nan,nan,-0.0215965,-0.0819459,-0.0212125,nan,-0.190351,-0.00015,-0.300474,-0.4813,nan,-1.7428,-0.111522,-0.648431,-0.1296,0.0221103,-0.00348173,0.10575,-1.20112
2083,-110.437,498.567,0.00153998,0.166667,1.08333,0.142752,1.3607,0.000915522,-0.00757235,3.43795,5.85277e-05,0.00432458,0.325992,12232.6,0.695691,0.308841,-0.4,0.25,1,2036.43,2.55959e+07,0.147003,0.00306771,0,0.00443715,-0.644889,nan,-0.009482,nan,nan,nan,nan,-0.0218221,-0.0829372,-0.0216595,nan,-0.209868,-0.0007,-0.340551,-0.528704,nan,-2.1911,-0.117277,-0.715462,-0.145567,0.0242262,-0.00365771,0.0985,-1.35069
2084,-100.988,475.105,0.00145899,0.125,0.666667,0.145019,1.34303,0.000895866,-0.010096,3.4372,5.85277e-05,0.0152213,0.325977,12636.9,0.628438,0.343953,-0.4,0.25,1,2037.41,2.56082e+07,0.127103,0.00303598,0,0.0042804,-0.616453,nan,-0.00971789,nan,nan,nan,nan,-0.0212157,-0.0760477,-0.0219911,nan,-0.19964,0,-0.322642,-0.499537,nan,-1.95603,-0.105405,-0.681315,-0.131316,0.0228935,-0.00336737,0.100789,-1.39934
2085,-102.475,523.944,0.00156869,0.166667,0.583333,0.146427,1.37705,0.00085325,-0.010037,3.43629,5.85277e-05,0.00840512,0.325942,11211.7,0.719503,0.376494,-0.4,0.25,1,2038.51,2.56205e+07,0.131823,0.00343655,0,0.00562765,-0.672572,nan,-0.0103333,nan,nan,nan,nan,-0.0261103,-0.0999565,-0.0261165,nan,-0.219769,-0.000388889,-0.354721,-0.558652,nan,-1.86143,-0.116253,-0.751502,-0.147722,0.023508,-0.00387096,0.12,-1.00579
2086,-77.6988,434.519,0.00141189,0,1.125,0.147125,1.38244,0.000791737,-0.00929837,3.43497,5.85277e-05,0.015893,0.325913,11460.9,0.71959,0.352577,-0.4,0.25,1,2039.58,2.56328e+07,0.104307,0.00302363,0,0.00468851,-0.556548,nan,-0.0108289,nan,nan,nan,nan,-0.0233852,-0.0840153,-0.0233178,nan,-0.182031,-0.000333333,-0.32811,-0.450056,nan,-1.30633,-0.106211,-0.618349,-0.12163,0.0214375,-0.00332595,0.103704,-0.922893
2087,-106.52,471.821,0.00141173,0.208333,0.958333,0.149697,1.35155,0.00087265,-0.00933397,3.43386,5.85277e-05,0.00902515,0.325897,12110.4,0.679038,0.33563,-0.4,0.25,1,2040.59,2.56451e+07,0.132409,0.0032293,0,0.00416194,-0.611738,nan,-0.00841571,nan,nan,nan,nan,-0.018975,-0.0659923,-0.0195037,nan,-0.198512,-0.000714286,-0.321088,-0.48907,nan,-2.15442,-0.103885,-0.677609,-0.132643,0.0222286,-0.00340347,0.0980357,-1.36515
2088,-84.6039,441.731,0.00162649,0.166667,0.916667,0.148249,1.37425,0.000891123,-0.0105597,3.43335,5.85277e-05,0.0120453,0.325894,11509.9,0.70381,0.363792,-0.4,0.25,1,2041.66,2.56573e+07,0.108063,0.00287608,0,0.00442029,-0.568045,nan,-0.00958923,nan,nan,nan,nan,-0.0228177,-0.0857026,-0.0229163,nan,-0.185425,-0.000115385,-0.325114,-0.471398,nan,-1.51921,-0.107996,-0.629051,-0.124385,0.0222955,-0.00337155,0.108269,-1.04256
2089,-92.4391,486.393,0.00152188,0.166667,1,0.144995,1.39394,0.000866266,-0.00947876,3.43217,5.85277e-05,0.00970966,0.325796,12110.7,0.679887,0.334755,-0.4,0.25,1,2042.68,2.56696e+07,0.123316,0.00360983,0,0.00473242,-0.626877,nan,-0.0112807,nan,nan,nan,nan,-0.0248213,-0.0900239,-0.0247396,nan,-0.203422,-0.000642857,-0.356166,-0.515801,nan,-1.63524,-0.116483,-0.6894,-0.13275,0.0228404,-0.00359463,0.113214,-1.16689
2090,-85.6709,458.207,0.00131678,0.0833333,1.125,0.146973,1.35061,0.000827808,-0.0100458,3.4283,5.85277e-05,0.0122382,0.325727,12086.7,0.71509,0.301563,-0.4,0.25,1,2043.7,2.56819e+07,0.117341,0.00310105,0,0.00478173,-0.590348,nan,-0.00992966,nan,nan,nan,nan,-0.0236822,-0.0890413,-0.0234475,nan,-0.192091,-6.89655e-05,-0.326721,-0.489361,nan,-1.50608,-0.110313,-0.650846,-0.126276,0.0224312,-0.00339149,0.118966,-1.18485
2091,-79.4021,403.529,0.00157076,0.0416667,1.375,0.146849,1.35451,0.000999123,-0.0103178,3.4263,5.85277e-05,0.0121025,0.325662,11844.5,0.666223,0.371219,-0.4,0.25,1,2044.74,2.56942e+07,0.108637,0.00321665,0,0.00399385,-0.517676,nan,-0.00855765,nan,nan,nan,nan,-0.0203604,-0.0742777,-0.0203055,nan,-0.169114,-0.000205882,-0.307456,-0.430425,nan,-1.45246,-0.0984535,-0.57841,-0.111941,0.0200185,-0.00312064,0.101176,-0.939273
2092,-79.9382,380,0.00141833,0.0833333,0.708333,0.148987,1.37534,0.000894838,-0.0108568,3.42352,5.85277e-05,0.0123624,0.32559,11169.1,0.727398,0.372784,-0.4,0.25,1,2045.84,2.57065e+07,0.111418,0.00260815,0,0.0035551,-0.488762,nan,-0.00759789,nan,nan,nan,nan,-0.0185675,-0.0697729,-0.0176005,nan,-0.159136,-5.26316e-05,-0.295364,-0.418317,nan,-1.51665,-0.097105,-0.540925,-0.110474,0.0189596,-0.00290129,0.0863158,-1.29348
2093,-98.7025,477.889,0.00156747,0.125,1,0.14929,1.36483,0.000994964,-0.00956601,3.42168,5.85277e-05,0.0109174,0.3256,11304.9,0.717831,0.369136,-0.4,0.25,1,2046.93,2.57188e+07,0.115769,0.00387882,0,0.00465352,-0.61842,nan,-0.00988889,nan,nan,nan,nan,-0.0223973,-0.0814969,-0.0217751,nan,-0.200402,-0.000111111,-0.350484,-0.505186,nan,-1.85589,-0.119646,-0.680207,-0.127704,0.0233082,-0.00357208,0.10463,-1.06233
2094,-84.3325,404.188,0.00146453,0.125,1.20833,0.148703,1.36244,0.000877564,-0.0101664,3.4215,5.85277e-05,0.01071,0.325558,12886,0.663879,0.289712,-0.4,0.25,1,2047.88,2.57311e+07,0.0943986,0.00283963,0,0.00381344,-0.527641,nan,-0.00788063,nan,nan,nan,nan,-0.0197505,-0.0680924,-0.0185777,nan,-0.169845,-0.00028125,-0.29844,-0.436283,nan,-1.57676,-0.103291,-0.581287,-0.115781,0.0195599,-0.00302112,0.08875,-1.1407
2095,-85.5107,448.769,0.00133099,0.291667,1.33333,0.143691,1.37732,0.000871916,-0.0108351,3.41915,5.85277e-05,0.0131068,0.325492,11843,0.690815,0.346763,-0.4,0.25,1,2048.92,2.57434e+07,0.119863,0.00323399,0,0.00470051,-0.576601,nan,-0.00985333,nan,nan,nan,nan,-0.0223132,-0.0817137,-0.0229991,nan,-0.188365,-0.000205128,-0.322389,-0.469886,nan,-1.53249,-0.101127,-0.641533,-0.123051,0.0207113,-0.00329561,0.115,-1.15239
2096,-90.2939,488.111,0.00139028,0.208333,0.916667,0.14602,1.34952,0.000736861,-0.0104125,3.41734,5.85277e-05,0.00980201,0.325476,11559.7,0.681302,0.381702,-0.4,0.25,1,2049.99,2.57556e+07,0.126093,0.00339898,0,0.00527261,-0.631538,nan,-0.0112637,nan,nan,nan,nan,-0.0251421,-0.0921187,-0.0252298,nan,-0.205061,-0.000296296,-0.338688,-0.509969,nan,-1.57483,-0.110369,-0.693065,-0.134259,0.0229946,-0.00354321,0.115741,-1.29846
2097,-105.831,553.973,0.00147219,0.291667,1.25,0.143464,1.35184,0.00101978,-0.0103004,3.41697,5.85277e-05,0.0123412,0.325477,12048.1,0.679708,0.340204,-0.4,0.25,1,2051.01,2.57679e+07,0.152005,0.00432724,0,0.00589021,-0.70731,nan,-0.0121238,nan,nan,nan,nan,-0.027249,-0.0988178,-0.0276472,nan,-0.232281,-0.000513514,-0.387655,-0.591168,nan,-1.90361,-0.121116,-0.791205,-0.148081,0.0250875,-0.0042558,0.129189,-1.28343
2098,-80.7431,389.583,0.00138311,0.125,0.875,0.142931,1.34896,0.000742038,-0.00922865,3.41647,5.85277e-05,0.0100806,0.32546,12909.2,0.67505,0.27683,-0.4,0.25,1,2051.96,2.57802e+07,0.0995974,0.00300047,0,0.00378443,-0.499071,nan,-0.00774083,nan,nan,nan,nan,-0.0193155,-0.0697936,-0.0176406,nan,-0.163116,0,-0.293845,-0.412935,nan,-1.52096,-0.0985393,-0.555449,-0.102667,0.017886,-0.00282069,0.0947917,-1.47696
2099,-77.7821,364.69,0.0012805,0.125,1.08333,0.142833,1.34503,0.000832694,-0.0100636,3.41498,5.85277e-05,0.0133609,0.325402,12299.7,0.642271,0.35678,-0.4,0.25,1,2052.96,2.57925e+07,0.0900017,0.00271426,0,0.00323899,-0.471049,nan,-0.00727034,nan,nan,nan,nan,-0.0166176,-0.0606524,-0.0163437,nan,-0.153019,-0.000448276,-0.268774,-0.383223,nan,-1.49423,-0.0887863,-0.521506,-0.097931,0.0167571,-0.00267907,0.082931,-1.12034
2100,-96.7958,472.375,0.0014075,0.125,1.20833,0.144845,1.34022,0.00096681,-0.0103522,3.41164,5.85277e-05,0.00733312,0.325312,11043.8,0.738465,0.3742,-0.4,0.25,1,2054.08,2.58048e+07,0.123751,0.00345079,0,0.00482452,-0.609522,nan,-0.00976688,nan,nan,nan,nan,-0.0216261,-0.0773562,-0.0223403,nan,-0.198231,-0.00021875,-0.336061,-0.497421,nan,-1.80989,-0.106224,-0.66938,-0.128125,0.0206797,-0.0035846,0.0920313,-1.26886
2101,-71.1238,401.824,0.00145713,0.0833333,0.625,0.14673,1.34432,0.00083724,-0.00975274,3.40842,5.85277e-05,0.00793892,0.325225,12398.4,0.649934,0.341159,-0.4,0.25,1,2057.04,2.58171e+07,0.109292,0.00277924,0,0.00478226,-0.515118,nan,-0.00873647,nan,nan,nan,nan,-0.0225699,-0.0777854,-0.0213277,nan,-0.168634,-0.000117647,-0.288468,-0.430618,nan,-1.19541,-0.0967738,-0.571391,-0.108647,0.0179673,-0.00306781,0.102647,-1.21121
2102,-85.9151,415.857,0.00147921,0.125,0.75,0.14622,1.35671,0.000761017,-0.0103904,3.40575,5.85277e-05,0.0100169,0.325167,12015.9,0.685766,0.33688,-0.4,0.25,1,2058.07,2.58294e+07,0.123364,0.00330411,0,0.0038194,-0.533901,nan,-0.00890952,nan,nan,nan,nan,-0.0199076,-0.0760327,-0.0199716,nan,-0.174312,0,-0.321826,-0.43722,nan,-1.63533,-0.0924077,-0.595233,-0.113667,0.0180334,-0.00303632,0.111429,-1.1003
2103,-112.699,564.688,0.00150788,0.166667,0.5,0.144187,1.38324,0.000688105,-0.0093885,3.40417,5.85277e-05,0.0120026,0.325154,13153.6,0.621879,0.312313,-0.4,0.25,1,2059,2.58417e+07,0.140796,0.00444152,0,0.00557871,-0.720593,nan,-0.0116825,nan,nan,nan,nan,-0.026708,-0.0982548,-0.0280594,nan,-0.236585,-0.000125,-0.400784,-0.573584,nan,-2.10367,-0.11908,-0.803319,-0.148937,0.0248209,-0.0041861,0.119688,-1.49653
