/Users/robertonavoni/Desktop/Lavoro/Progetti-2026/Progetti Software/microduck-ap-ppo-sitl/tools/robots/train_velocity.py:835: UserWarning: Converting a tensor with requires_grad=True to a scalar may lead to unexpected behavior.
Consider using tensor.detach() first. (Triggered internally at /Users/runner/work/pytorch/pytorch/torch/csrc/autograd/generated/python_variable_methods.cpp:821.)
  "Policy/mean_std": float(log_std.exp().mean()),
resumed from robots/microban/policies/getup_v10_root_run/getup_it4000.pt at iteration 4000; std 0.217
gesture getup: std [0.25, 0.25, 0.25, 0.20000000298023224, 0.20000000298023224, 0.20000000298023224, 0.20000000298023224, 0.20000000298023224, 0.20000000298023224, 0.25, 0.25, 0.25, 0.20000000298023224, 0.20000000298023224, 0.20000000298023224, 0.20000000298023224, 0.20000000298023224, 0.20000000298023224] (capped), fixed learning rate
it 4001/8000  reward     nan  ep_len    nan  fell    0  err_xy 0.362  std 0.217  lr 1.0e-04  fps   8514     0.3s
it 4002/8000  reward     nan  ep_len    nan  fell    0  err_xy 0.214  std 0.217  lr 1.0e-04  fps   9071     0.5s
it 4003/8000  reward     nan  ep_len    nan  fell    0  err_xy 0.156  std 0.217  lr 1.0e-04  fps   8205     0.8s
it 4004/8000  reward     nan  ep_len    nan  fell    0  err_xy 0.183  std 0.217  lr 1.0e-04  fps   9110     1.1s
it 4005/8000  reward     nan  ep_len    nan  fell    0  err_xy 0.215  std 0.217  lr 1.0e-04  fps   9070     1.3s
it 4006/8000  reward     nan  ep_len    nan  fell    0  err_xy 0.228  std 0.217  lr 1.0e-04  fps   8893     1.6s
it 4007/8000  reward     nan  ep_len    nan  fell    0  err_xy 0.187  std 0.217  lr 1.0e-04  fps   8737     1.8s
it 4008/8000  reward     nan  ep_len    nan  fell    0  err_xy 0.184  std 0.217  lr 1.0e-04  fps   8643     2.1s
it 4009/8000  reward     nan  ep_len    nan  fell    0  err_xy 0.148  std 0.217  lr 1.0e-04  fps   8722     2.4s
it 4010/8000  reward     nan  ep_len    nan  fell    0  err_xy 0.146  std 0.217  lr 1.0e-04  fps   8713     2.6s
it 4011/8000  reward     nan  ep_len    nan  fell    0  err_xy 0.128  std 0.217  lr 1.0e-04  fps   8717     2.9s
it 4012/8000  reward     nan  ep_len    nan  fell    0  err_xy 0.132  std 0.217  lr 1.0e-04  fps   8518     3.2s
it 4013/8000  reward     nan  ep_len    nan  fell    0  err_xy 0.132  std 0.217  lr 1.0e-04  fps   8546     3.4s
it 4014/8000  reward     nan  ep_len    nan  fell    0  err_xy 0.112  std 0.217  lr 1.0e-04  fps   8615     3.7s
it 4015/8000  reward     nan  ep_len    nan  fell    0  err_xy 0.117  std 0.217  lr 1.0e-04  fps   8383     4.0s
it 4016/8000  reward     nan  ep_len    nan  fell    0  err_xy 0.124  std 0.217  lr 1.0e-04  fps   8210     4.3s
it 4017/8000  reward     nan  ep_len    nan  fell    0  err_xy 0.115  std 0.217  lr 1.0e-04  fps   7883     4.6s
it 4018/8000  reward     nan  ep_len    nan  fell    0  err_xy 0.100  std 0.217  lr 1.0e-04  fps   8564     4.8s
it 4019/8000  reward     nan  ep_len    nan  fell    0  err_xy 0.104  std 0.217  lr 1.0e-04  fps   8549     5.1s
it 4020/8000  reward     nan  ep_len    nan  fell    0  err_xy 0.089  std 0.217  lr 1.0e-04  fps   8359     5.4s
it 4021/8000  reward     nan  ep_len    nan  fell    0  err_xy 0.089  std 0.217  lr 1.0e-04  fps   7795     5.7s
it 4022/8000  reward     nan  ep_len    nan  fell    0  err_xy 0.079  std 0.217  lr 1.0e-04  fps   8259     5.9s
it 4023/8000  reward     nan  ep_len    nan  fell    0  err_xy 0.084  std 0.217  lr 1.0e-04  fps   8182     6.2s
it 4024/8000  reward     nan  ep_len    nan  fell    0  err_xy 0.094  std 0.217  lr 1.0e-04  fps   8339     6.5s
it 4025/8000  reward     nan  ep_len    nan  fell    0  err_xy 0.087  std 0.217  lr 1.0e-04  fps   8381     6.8s
it 4026/8000  reward     nan  ep_len    nan  fell    0  err_xy 0.089  std 0.217  lr 1.0e-04  fps   8407     7.1s
it 4027/8000  reward     nan  ep_len    nan  fell    0  err_xy 0.086  std 0.217  lr 1.0e-04  fps   8406     7.3s
it 4028/8000  reward     nan  ep_len    nan  fell    0  err_xy 0.086  std 0.217  lr 1.0e-04  fps   8234     7.6s
it 4029/8000  reward     nan  ep_len    nan  fell    0  err_xy 0.071  std 0.217  lr 1.0e-04  fps   8324     7.9s
it 4030/8000  reward     nan  ep_len    nan  fell    0  err_xy 0.073  std 0.217  lr 1.0e-04  fps   8276     8.2s
it 4031/8000  reward     nan  ep_len    nan  fell    0  err_xy 0.066  std 0.217  lr 1.0e-04  fps   8476     8.4s
it 4032/8000  reward     nan  ep_len    nan  fell    0  err_xy 0.064  std 0.217  lr 1.0e-04  fps   8455     8.7s
it 4033/8000  reward     nan  ep_len    nan  fell    0  err_xy 0.054  std 0.217  lr 1.0e-04  fps   8332     9.0s
it 4034/8000  reward  208.60  ep_len  808.0  fell    0  err_xy 0.135  std 0.217  lr 1.0e-04  fps   7209     9.3s
it 4035/8000  reward     nan  ep_len    nan  fell    0  err_xy 0.366  std 0.217  lr 1.0e-04  fps   9176     9.6s
it 4036/8000  reward     nan  ep_len    nan  fell    0  err_xy 0.199  std 0.217  lr 1.0e-04  fps   9083     9.8s
it 4037/8000  reward     nan  ep_len    nan  fell    0  err_xy 0.193  std 0.217  lr 1.0e-04  fps   8978    10.1s
it 4038/8000  reward     nan  ep_len    nan  fell    0  err_xy 0.231  std 0.217  lr 1.0e-04  fps   8862    10.3s
it 4039/8000  reward     nan  ep_len    nan  fell    0  err_xy 0.224  std 0.217  lr 1.0e-04  fps   8652    10.6s
it 4040/8000  reward     nan  ep_len    nan  fell    0  err_xy 0.185  std 0.217  lr 1.0e-04  fps   8631    10.9s
it 4041/8000  reward     nan  ep_len    nan  fell    0  err_xy 0.142  std 0.217  lr 1.0e-04  fps   8690    11.1s
it 4042/8000  reward     nan  ep_len    nan  fell    0  err_xy 0.117  std 0.217  lr 1.0e-04  fps   8516    11.4s
it 4043/8000  reward     nan  ep_len    nan  fell    0  err_xy 0.111  std 0.217  lr 1.0e-04  fps   8490    11.7s
it 4044/8000  reward     nan  ep_len    nan  fell    0  err_xy 0.099  std 0.217  lr 1.0e-04  fps   8444    11.9s
it 4045/8000  reward     nan  ep_len    nan  fell    0  err_xy 0.102  std 0.217  lr 1.0e-04  fps   8354    12.2s
it 4046/8000  reward     nan  ep_len    nan  fell    0  err_xy 0.080  std 0.217  lr 1.0e-04  fps   7692    12.5s
it 4047/8000  reward     nan  ep_len    nan  fell    0  err_xy 0.069  std 0.217  lr 1.0e-04  fps   8314    12.8s
it 4048/8000  reward     nan  ep_len    nan  fell    0  err_xy 0.075  std 0.217  lr 1.0e-04  fps   7900    13.1s
it 4049/8000  reward     nan  ep_len    nan  fell    0  err_xy 0.077  std 0.217  lr 1.0e-04  fps   7844    13.4s
it 4050/8000  reward     nan  ep_len    nan  fell    0  err_xy 0.071  std 0.217  lr 1.0e-04  fps   8387    13.7s
it 4051/8000  reward     nan  ep_len    nan  fell    0  err_xy 0.073  std 0.217  lr 1.0e-04  fps   8469    13.9s
it 4052/8000  reward     nan  ep_len    nan  fell    0  err_xy 0.065  std 0.217  lr 1.0e-04  fps   8486    14.2s
it 4053/8000  reward     nan  ep_len    nan  fell    0  err_xy 0.069  std 0.217  lr 1.0e-04  fps   8524    14.5s
it 4054/8000  reward     nan  ep_len    nan  fell    0  err_xy 0.080  std 0.217  lr 1.0e-04  fps   8459    14.7s
it 4055/8000  reward     nan  ep_len    nan  fell    0  err_xy 0.056  std 0.217  lr 1.0e-04  fps   8440    15.0s
it 4056/8000  reward     nan  ep_len    nan  fell    0  err_xy 0.061  std 0.217  lr 1.0e-04  fps   7732    15.3s
it 4057/8000  reward     nan  ep_len    nan  fell    0  err_xy 0.071  std 0.217  lr 1.0e-04  fps   8577    15.6s
it 4058/8000  reward     nan  ep_len    nan  fell    0  err_xy 0.064  std 0.217  lr 1.0e-04  fps   8517    15.9s
it 4059/8000  reward     nan  ep_len    nan  fell    0  err_xy 0.064  std 0.217  lr 1.0e-04  fps   8435    16.1s
it 4060/8000  reward     nan  ep_len    nan  fell    0  err_xy 0.066  std 0.217  lr 1.0e-04  fps   8400    16.4s
it 4061/8000  reward     nan  ep_len    nan  fell    0  err_xy 0.062  std 0.217  lr 1.0e-04  fps   8379    16.7s
it 4062/8000  reward     nan  ep_len    nan  fell    0  err_xy 0.042  std 0.217  lr 1.0e-04  fps   7956    17.0s
it 4063/8000  reward     nan  ep_len    nan  fell    0  err_xy 0.039  std 0.217  lr 1.0e-04  fps   8272    17.2s
it 4064/8000  reward     nan  ep_len    nan  fell    0  err_xy 0.042  std 0.217  lr 1.0e-04  fps   8396    17.5s
it 4065/8000  reward     nan  ep_len    nan  fell    0  err_xy 0.059  std 0.217  lr 1.0e-04  fps   8378    17.8s
it 4066/8000  reward     nan  ep_len    nan  fell    0  err_xy 0.055  std 0.217  lr 1.0e-04  fps   8277    18.1s
it 4067/8000  reward     nan  ep_len    nan  fell    0  err_xy 0.040  std 0.217  lr 1.0e-04  fps   8255    18.4s
it 4068/8000  reward  246.20  ep_len  808.0  fell    0  err_xy 0.253  std 0.217  lr 1.0e-04  fps   7327    18.7s
it 4069/8000  reward     nan  ep_len    nan  fell    0  err_xy 0.266  std 0.217  lr 1.0e-04  fps   9051    18.9s
it 4070/8000  reward     nan  ep_len    nan  fell    0  err_xy 0.210  std 0.217  lr 1.0e-04  fps   9196    19.2s
it 4071/8000  reward     nan  ep_len    nan  fell    0  err_xy 0.233  std 0.217  lr 1.0e-04  fps   8976    19.4s
it 4072/8000  reward     nan  ep_len    nan  fell    0  err_xy 0.242  std 0.217  lr 1.0e-04  fps   8895    19.7s
it 4073/8000  reward     nan  ep_len    nan  fell    0  err_xy 0.204  std 0.217  lr 1.0e-04  fps   8723    20.0s
it 4074/8000  reward     nan  ep_len    nan  fell    0  err_xy 0.156  std 0.217  lr 1.0e-04  fps   8554    20.2s
it 4075/8000  reward     nan  ep_len    nan  fell    0  err_xy 0.143  std 0.217  lr 1.0e-04  fps   8428    20.5s
it 4076/8000  reward     nan  ep_len    nan  fell    0  err_xy 0.133  std 0.217  lr 1.0e-04  fps   8544    20.8s
it 4077/8000  reward     nan  ep_len    nan  fell    0  err_xy 0.125  std 0.217  lr 1.0e-04  fps   8413    21.0s
it 4078/8000  reward     nan  ep_len    nan  fell    0  err_xy 0.116  std 0.217  lr 1.0e-04  fps   8301    21.3s
it 4079/8000  reward     nan  ep_len    nan  fell    0  err_xy 0.109  std 0.217  lr 1.0e-04  fps   8308    21.6s
it 4080/8000  reward     nan  ep_len    nan  fell    0  err_xy 0.115  std 0.217  lr 1.0e-04  fps   8406    21.9s
it 4081/8000  reward     nan  ep_len    nan  fell    0  err_xy 0.094  std 0.217  lr 1.0e-04  fps   8526    22.1s
it 4082/8000  reward     nan  ep_len    nan  fell    0  err_xy 0.109  std 0.217  lr 1.0e-04  fps   8546    22.4s
it 4083/8000  reward     nan  ep_len    nan  fell    0  err_xy 0.096  std 0.217  lr 1.0e-04  fps   8445    22.7s
it 4084/8000  reward     nan  ep_len    nan  fell    0  err_xy 0.087  std 0.217  lr 1.0e-04  fps   8469    23.0s
it 4085/8000  reward     nan  ep_len    nan  fell    0  err_xy 0.090  std 0.217  lr 1.0e-04  fps   8365    23.2s
it 4086/8000  reward     nan  ep_len    nan  fell    0  err_xy 0.100  std 0.217  lr 1.0e-04  fps   8051    23.5s
it 4087/8000  reward     nan  ep_len    nan  fell    0  err_xy 0.101  std 0.217  lr 1.0e-04  fps   8291    23.8s
it 4088/8000  reward     nan  ep_len    nan  fell    0  err_xy 0.096  std 0.217  lr 1.0e-04  fps   8386    24.1s
it 4089/8000  reward     nan  ep_len    nan  fell    0  err_xy 0.071  std 0.217  lr 1.0e-04  fps   8498    24.3s
it 4090/8000  reward     nan  ep_len    nan  fell    0  err_xy 0.080  std 0.217  lr 1.0e-04  fps   8433    24.6s
it 4091/8000  reward     nan  ep_len    nan  fell    0  err_xy 0.083  std 0.217  lr 1.0e-04  fps   8515    24.9s
it 4092/8000  reward     nan  ep_len    nan  fell    0  err_xy 0.076  std 0.217  lr 1.0e-04  fps   8356    25.2s
it 4093/8000  reward     nan  ep_len    nan  fell    0  err_xy 0.079  std 0.217  lr 1.0e-04  fps   8239    25.4s
it 4094/8000  reward     nan  ep_len    nan  fell    0  err_xy 0.076  std 0.217  lr 1.0e-04  fps   8203    25.7s
it 4095/8000  reward     nan  ep_len    nan  fell    0  err_xy 0.060  std 0.217  lr 1.0e-04  fps   8062    26.0s
it 4096/8000  reward     nan  ep_len    nan  fell    0  err_xy 0.058  std 0.217  lr 1.0e-04  fps   8314    26.3s
it 4097/8000  reward     nan  ep_len    nan  fell    0  err_xy 0.054  std 0.217  lr 1.0e-04  fps   8405    26.6s
it 4098/8000  reward     nan  ep_len    nan  fell    0  err_xy 0.055  std 0.217  lr 1.0e-04  fps   8442    26.8s
it 4099/8000  reward     nan  ep_len    nan  fell    0  err_xy 0.044  std 0.217  lr 1.0e-04  fps   8286    27.1s
it 4100/8000  reward     nan  ep_len    nan  fell    0  err_xy 0.044  std 0.217  lr 1.0e-04  fps   8393    27.4s
it 4101/8000  reward  230.80  ep_len  808.0  fell    0  err_xy 0.043  std 0.217  lr 1.0e-04  fps   6943    27.7s
it 4102/8000  reward     nan  ep_len    nan  fell    0  err_xy 0.357  std 0.217  lr 1.0e-04  fps   9053    28.0s
it 4103/8000  reward     nan  ep_len    nan  fell    0  err_xy 0.217  std 0.217  lr 1.0e-04  fps   8776    28.2s
it 4104/8000  reward     nan  ep_len    nan  fell    0  err_xy 0.201  std 0.217  lr 1.0e-04  fps   8731    28.5s
it 4105/8000  reward     nan  ep_len    nan  fell    0  err_xy 0.204  std 0.217  lr 1.0e-04  fps   8789    28.8s
it 4106/8000  reward     nan  ep_len    nan  fell    0  err_xy 0.188  std 0.217  lr 1.0e-04  fps   8576    29.0s
it 4107/8000  reward     nan  ep_len    nan  fell    0  err_xy 0.132  std 0.217  lr 1.0e-04  fps   8243    29.3s
it 4108/8000  reward     nan  ep_len    nan  fell    0  err_xy 0.116  std 0.217  lr 1.0e-04  fps   7972    29.6s
it 4109/8000  reward     nan  ep_len    nan  fell    0  err_xy 0.090  std 0.217  lr 1.0e-04  fps   7730    29.9s
it 4110/8000  reward     nan  ep_len    nan  fell    0  err_xy 0.093  std 0.217  lr 1.0e-04  fps   7881    30.2s
it 4111/8000  reward     nan  ep_len    nan  fell    0  err_xy 0.083  std 0.217  lr 1.0e-04  fps   7998    30.5s
it 4112/8000  reward     nan  ep_len    nan  fell    0  err_xy 0.074  std 0.217  lr 1.0e-04  fps   8087    30.8s
it 4113/8000  reward     nan  ep_len    nan  fell    0  err_xy 0.075  std 0.217  lr 1.0e-04  fps   7879    31.1s
it 4114/8000  reward     nan  ep_len    nan  fell    0  err_xy 0.070  std 0.217  lr 1.0e-04  fps   8027    31.4s
it 4115/8000  reward     nan  ep_len    nan  fell    0  err_xy 0.071  std 0.217  lr 1.0e-04  fps   8181    31.6s
it 4116/8000  reward     nan  ep_len    nan  fell    0  err_xy 0.061  std 0.217  lr 1.0e-04  fps   8115    31.9s
it 4117/8000  reward     nan  ep_len    nan  fell    0  err_xy 0.076  std 0.217  lr 1.0e-04  fps   8165    32.2s
it 4118/8000  reward     nan  ep_len    nan  fell    0  err_xy 0.062  std 0.217  lr 1.0e-04  fps   8029    32.5s
it 4119/8000  reward     nan  ep_len    nan  fell    0  err_xy 0.070  std 0.217  lr 1.0e-04  fps   8096    32.8s
it 4120/8000  reward     nan  ep_len    nan  fell    0  err_xy 0.073  std 0.217  lr 1.0e-04  fps   7511    33.1s
it 4121/8000  reward     nan  ep_len    nan  fell    0  err_xy 0.057  std 0.217  lr 1.0e-04  fps   8005    33.4s
it 4122/8000  reward     nan  ep_len    nan  fell    0  err_xy 0.050  std 0.217  lr 1.0e-04  fps   8056    33.7s
it 4123/8000  reward     nan  ep_len    nan  fell    0  err_xy 0.052  std 0.217  lr 1.0e-04  fps   8079    33.9s
it 4124/8000  reward     nan  ep_len    nan  fell    0  err_xy 0.056  std 0.217  lr 1.0e-04  fps   7879    34.2s
it 4125/8000  reward     nan  ep_len    nan  fell    0  err_xy 0.047  std 0.217  lr 1.0e-04  fps   7847    34.5s
it 4126/8000  reward     nan  ep_len    nan  fell    0  err_xy 0.038  std 0.217  lr 1.0e-04  fps   8054    34.8s
it 4127/8000  reward     nan  ep_len    nan  fell    0  err_xy 0.040  std 0.217  lr 1.0e-04  fps   8129    35.1s
it 4128/8000  reward     nan  ep_len    nan  fell    0  err_xy 0.043  std 0.217  lr 1.0e-04  fps   8187    35.4s
it 4129/8000  reward     nan  ep_len    nan  fell    0  err_xy 0.035  std 0.217  lr 1.0e-04  fps   8142    35.7s
it 4130/8000  reward     nan  ep_len    nan  fell    0  err_xy 0.033  std 0.217  lr 1.0e-04  fps   8115    36.0s
it 4131/8000  reward     nan  ep_len    nan  fell    0  err_xy 0.026  std 0.217  lr 1.0e-04  fps   8125    36.2s
it 4132/8000  reward     nan  ep_len    nan  fell    0  err_xy 0.035  std 0.217  lr 1.0e-04  fps   7981    36.5s
it 4133/8000  reward     nan  ep_len    nan  fell    0  err_xy 0.033  std 0.217  lr 1.0e-04  fps   8146    36.8s
it 4134/8000  reward     nan  ep_len    nan  fell    0  err_xy 0.023  std 0.217  lr 1.0e-04  fps   8008    37.1s
it 4135/8000  reward  261.53  ep_len  808.0  fell    0  err_xy 0.100  std 0.217  lr 1.0e-04  fps   6799    37.4s
it 4136/8000  reward     nan  ep_len    nan  fell    0  err_xy 0.350  std 0.217  lr 1.0e-04  fps   8913    37.7s
it 4137/8000  reward     nan  ep_len    nan  fell    0  err_xy 0.209  std 0.217  lr 1.0e-04  fps   8941    38.0s
it 4138/8000  reward     nan  ep_len    nan  fell    0  err_xy 0.207  std 0.217  lr 1.0e-04  fps   8936    38.2s
it 4139/8000  reward     nan  ep_len    nan  fell    0  err_xy 0.206  std 0.217  lr 1.0e-04  fps   8171    38.5s
it 4140/8000  reward     nan  ep_len    nan  fell    0  err_xy 0.184  std 0.217  lr 1.0e-04  fps   8324    38.8s
it 4141/8000  reward     nan  ep_len    nan  fell    0  err_xy 0.149  std 0.217  lr 1.0e-04  fps   8405    39.0s
it 4142/8000  reward     nan  ep_len    nan  fell    0  err_xy 0.106  std 0.217  lr 1.0e-04  fps   8353    39.3s
it 4143/8000  reward     nan  ep_len    nan  fell    0  err_xy 0.113  std 0.217  lr 1.0e-04  fps   7691    39.6s
it 4144/8000  reward     nan  ep_len    nan  fell    0  err_xy 0.100  std 0.217  lr 1.0e-04  fps   8376    39.9s
it 4145/8000  reward     nan  ep_len    nan  fell    0  err_xy 0.074  std 0.217  lr 1.0e-04  fps   8280    40.2s
it 4146/8000  reward     nan  ep_len    nan  fell    0  err_xy 0.067  std 0.217  lr 1.0e-04  fps   8163    40.5s
it 4147/8000  reward     nan  ep_len    nan  fell    0  err_xy 0.056  std 0.217  lr 1.0e-04  fps   8113    40.7s
it 4148/8000  reward     nan  ep_len    nan  fell    0  err_xy 0.065  std 0.217  lr 1.0e-04  fps   8238    41.0s
it 4149/8000  reward     nan  ep_len    nan  fell    0  err_xy 0.064  std 0.217  lr 1.0e-04  fps   8213    41.3s
it 4150/8000  reward     nan  ep_len    nan  fell    0  err_xy 0.051  std 0.217  lr 1.0e-04  fps   7906    41.6s
it 4151/8000  reward     nan  ep_len    nan  fell    0  err_xy 0.058  std 0.217  lr 1.0e-04  fps   8264    41.9s
it 4152/8000  reward     nan  ep_len    nan  fell    0  err_xy 0.044  std 0.217  lr 1.0e-04  fps   8120    42.2s
it 4153/8000  reward     nan  ep_len    nan  fell    0  err_xy 0.036  std 0.217  lr 1.0e-04  fps   8194    42.4s
it 4154/8000  reward     nan  ep_len    nan  fell    0  err_xy 0.031  std 0.217  lr 1.0e-04  fps   8186    42.7s
it 4155/8000  reward     nan  ep_len    nan  fell    0  err_xy 0.039  std 0.217  lr 1.0e-04  fps   8242    43.0s
it 4156/8000  reward     nan  ep_len    nan  fell    0  err_xy 0.044  std 0.217  lr 1.0e-04  fps   8230    43.3s
it 4157/8000  reward     nan  ep_len    nan  fell    0  err_xy 0.035  std 0.217  lr 1.0e-04  fps   8020    43.6s
it 4158/8000  reward     nan  ep_len    nan  fell    0  err_xy 0.033  std 0.217  lr 1.0e-04  fps   8074    43.9s
it 4159/8000  reward     nan  ep_len    nan  fell    0  err_xy 0.031  std 0.217  lr 1.0e-04  fps   8332    44.1s
it 4160/8000  reward     nan  ep_len    nan  fell    0  err_xy 0.033  std 0.217  lr 1.0e-04  fps   8266    44.4s
it 4161/8000  reward     nan  ep_len    nan  fell    0  err_xy 0.042  std 0.217  lr 1.0e-04  fps   8286    44.7s
it 4162/8000  reward     nan  ep_len    nan  fell    0  err_xy 0.032  std 0.217  lr 1.0e-04  fps   8254    45.0s
it 4163/8000  reward     nan  ep_len    nan  fell    0  err_xy 0.033  std 0.217  lr 1.0e-04  fps   8240    45.2s
it 4164/8000  reward     nan  ep_len    nan  fell    0  err_xy 0.024  std 0.217  lr 1.0e-04  fps   8272    45.5s
it 4165/8000  reward     nan  ep_len    nan  fell    0  err_xy 0.022  std 0.217  lr 1.0e-04  fps   8186    45.8s
it 4166/8000  reward     nan  ep_len    nan  fell    0  err_xy 0.018  std 0.217  lr 1.0e-04  fps   8357    46.1s
it 4167/8000  reward     nan  ep_len    nan  fell    0  err_xy 0.018  std 0.217  lr 1.0e-04  fps   8240    46.4s
it 4168/8000  reward     nan  ep_len    nan  fell    0  err_xy 0.018  std 0.216  lr 1.0e-04  fps   8252    46.6s
it 4169/8000  reward  260.62  ep_len  808.0  fell    0  err_xy 0.286  std 0.216  lr 1.0e-04  fps   7309    47.0s
it 4170/8000  reward     nan  ep_len    nan  fell    0  err_xy 0.246  std 0.217  lr 1.0e-04  fps   9143    47.2s
it 4171/8000  reward     nan  ep_len    nan  fell    0  err_xy 0.189  std 0.217  lr 1.0e-04  fps   8843    47.5s
it 4172/8000  reward     nan  ep_len    nan  fell    0  err_xy 0.203  std 0.217  lr 1.0e-04  fps   8696    47.7s
it 4173/8000  reward     nan  ep_len    nan  fell    0  err_xy 0.213  std 0.217  lr 1.0e-04  fps   8418    48.0s
it 4174/8000  reward     nan  ep_len    nan  fell    0  err_xy 0.187  std 0.217  lr 1.0e-04  fps   8497    48.3s
it 4175/8000  reward     nan  ep_len    nan  fell    0  err_xy 0.131  std 0.217  lr 1.0e-04  fps   8381    48.6s
it 4176/8000  reward     nan  ep_len    nan  fell    0  err_xy 0.110  std 0.217  lr 1.0e-04  fps   8239    48.8s
it 4177/8000  reward     nan  ep_len    nan  fell    0  err_xy 0.105  std 0.217  lr 1.0e-04  fps   8448    49.1s
it 4178/8000  reward     nan  ep_len    nan  fell    0  err_xy 0.097  std 0.217  lr 1.0e-04  fps   8404    49.4s
it 4179/8000  reward     nan  ep_len    nan  fell    0  err_xy 0.089  std 0.217  lr 1.0e-04  fps   8285    49.7s
it 4180/8000  reward     nan  ep_len    nan  fell    0  err_xy 0.088  std 0.217  lr 1.0e-04  fps   8350    49.9s
it 4181/8000  reward     nan  ep_len    nan  fell    0  err_xy 0.078  std 0.217  lr 1.0e-04  fps   8248    50.2s
it 4182/8000  reward     nan  ep_len    nan  fell    0  err_xy 0.074  std 0.217  lr 1.0e-04  fps   8233    50.5s
it 4183/8000  reward     nan  ep_len    nan  fell    0  err_xy 0.061  std 0.217  lr 1.0e-04  fps   8152    50.8s
it 4184/8000  reward     nan  ep_len    nan  fell    0  err_xy 0.056  std 0.217  lr 1.0e-04  fps   8106    51.1s
it 4185/8000  reward     nan  ep_len    nan  fell    0  err_xy 0.056  std 0.217  lr 1.0e-04  fps   8013    51.4s
it 4186/8000  reward     nan  ep_len    nan  fell    0  err_xy 0.061  std 0.217  lr 1.0e-04  fps   8239    51.6s
it 4187/8000  reward     nan  ep_len    nan  fell    0  err_xy 0.053  std 0.217  lr 1.0e-04  fps   8319    51.9s
it 4188/8000  reward     nan  ep_len    nan  fell    0  err_xy 0.040  std 0.217  lr 1.0e-04  fps   8113    52.2s
it 4189/8000  reward     nan  ep_len    nan  fell    0  err_xy 0.048  std 0.217  lr 1.0e-04  fps   8454    52.5s
it 4190/8000  reward     nan  ep_len    nan  fell    0  err_xy 0.043  std 0.217  lr 1.0e-04  fps   8313    52.7s
it 4191/8000  reward     nan  ep_len    nan  fell    0  err_xy 0.037  std 0.217  lr 1.0e-04  fps   8265    53.0s
it 4192/8000  reward     nan  ep_len    nan  fell    0  err_xy 0.040  std 0.217  lr 1.0e-04  fps   8337    53.3s
it 4193/8000  reward     nan  ep_len    nan  fell    0  err_xy 0.032  std 0.217  lr 1.0e-04  fps   8349    53.6s
it 4194/8000  reward     nan  ep_len    nan  fell    0  err_xy 0.028  std 0.217  lr 1.0e-04  fps   8364    53.9s
it 4195/8000  reward     nan  ep_len    nan  fell    0  err_xy 0.030  std 0.217  lr 1.0e-04  fps   8317    54.1s
it 4196/8000  reward     nan  ep_len    nan  fell    0  err_xy 0.033  std 0.217  lr 1.0e-04  fps   8179    54.4s
it 4197/8000  reward     nan  ep_len    nan  fell    0  err_xy 0.026  std 0.217  lr 1.0e-04  fps   8275    54.7s
it 4198/8000  reward     nan  ep_len    nan  fell    0  err_xy 0.021  std 0.217  lr 1.0e-04  fps   8339    55.0s
it 4199/8000  reward     nan  ep_len    nan  fell    0  err_xy 0.023  std 0.217  lr 1.0e-04  fps   8337    55.2s
it 4200/8000  reward     nan  ep_len    nan  fell    0  err_xy 0.021  std 0.217  lr 1.0e-04  fps   8355    55.5s
it 4201/8000  reward     nan  ep_len    nan  fell    0  err_xy 0.018  std 0.217  lr 1.0e-04  fps   8171    55.8s
it 4202/8000  reward  257.93  ep_len  808.0  fell    0  err_xy 0.024  std 0.217  lr 1.0e-04  fps   6833    56.1s
it 4203/8000  reward     nan  ep_len    nan  fell    0  err_xy 0.376  std 0.217  lr 1.0e-04  fps   8968    56.4s
it 4204/8000  reward     nan  ep_len    nan  fell    0  err_xy 0.222  std 0.217  lr 1.0e-04  fps   8614    56.7s
it 4205/8000  reward     nan  ep_len    nan  fell    0  err_xy 0.203  std 0.217  lr 1.0e-04  fps   8844    56.9s
it 4206/8000  reward     nan  ep_len    nan  fell    0  err_xy 0.217  std 0.217  lr 1.0e-04  fps   8792    57.2s
it 4207/8000  reward     nan  ep_len    nan  fell    0  err_xy 0.187  std 0.217  lr 1.0e-04  fps   8521    57.5s
it 4208/8000  reward     nan  ep_len    nan  fell    0  err_xy 0.173  std 0.217  lr 1.0e-04  fps   8410    57.7s
it 4209/8000  reward     nan  ep_len    nan  fell    0  err_xy 0.149  std 0.217  lr 1.0e-04  fps   8372    58.0s
it 4210/8000  reward     nan  ep_len    nan  fell    0  err_xy 0.101  std 0.217  lr 1.0e-04  fps   8365    58.3s
it 4211/8000  reward     nan  ep_len    nan  fell    0  err_xy 0.099  std 0.217  lr 1.0e-04  fps   8165    58.6s
it 4212/8000  reward     nan  ep_len    nan  fell    0  err_xy 0.080  std 0.217  lr 1.0e-04  fps   8120    58.9s
it 4213/8000  reward     nan  ep_len    nan  fell    0  err_xy 0.086  std 0.217  lr 1.0e-04  fps   8119    59.1s
it 4214/8000  reward     nan  ep_len    nan  fell    0  err_xy 0.079  std 0.217  lr 1.0e-04  fps   8019    59.4s
it 4215/8000  reward     nan  ep_len    nan  fell    0  err_xy 0.063  std 0.217  lr 1.0e-04  fps   7928    59.7s
it 4216/8000  reward     nan  ep_len    nan  fell    0  err_xy 0.052  std 0.217  lr 1.0e-04  fps   8142    60.0s
it 4217/8000  reward     nan  ep_len    nan  fell    0  err_xy 0.051  std 0.217  lr 1.0e-04  fps   8246    60.3s
it 4218/8000  reward     nan  ep_len    nan  fell    0  err_xy 0.052  std 0.217  lr 1.0e-04  fps   8125    60.6s
it 4219/8000  reward     nan  ep_len    nan  fell    0  err_xy 0.050  std 0.217  lr 1.0e-04  fps   8162    60.8s
it 4220/8000  reward     nan  ep_len    nan  fell    0  err_xy 0.045  std 0.217  lr 1.0e-04  fps   8158    61.1s
it 4221/8000  reward     nan  ep_len    nan  fell    0  err_xy 0.031  std 0.217  lr 1.0e-04  fps   8036    61.4s
it 4222/8000  reward     nan  ep_len    nan  fell    0  err_xy 0.033  std 0.217  lr 1.0e-04  fps   7484    61.7s
it 4223/8000  reward     nan  ep_len    nan  fell    0  err_xy 0.034  std 0.217  lr 1.0e-04  fps   8028    62.0s
it 4224/8000  reward     nan  ep_len    nan  fell    0  err_xy 0.041  std 0.217  lr 1.0e-04  fps   8068    62.3s
it 4225/8000  reward     nan  ep_len    nan  fell    0  err_xy 0.036  std 0.217  lr 1.0e-04  fps   8157    62.6s
it 4226/8000  reward     nan  ep_len    nan  fell    0  err_xy 0.029  std 0.217  lr 1.0e-04  fps   8211    62.9s
it 4227/8000  reward     nan  ep_len    nan  fell    0  err_xy 0.028  std 0.217  lr 1.0e-04  fps   8179    63.1s
it 4228/8000  reward     nan  ep_len    nan  fell    0  err_xy 0.030  std 0.217  lr 1.0e-04  fps   8204    63.4s
it 4229/8000  reward     nan  ep_len    nan  fell    0  err_xy 0.038  std 0.217  lr 1.0e-04  fps   8224    63.7s
it 4230/8000  reward     nan  ep_len    nan  fell    0  err_xy 0.027  std 0.217  lr 1.0e-04  fps   7940    64.0s
it 4231/8000  reward     nan  ep_len    nan  fell    0  err_xy 0.028  std 0.217  lr 1.0e-04  fps   8079    64.3s
it 4232/8000  reward     nan  ep_len    nan  fell    0  err_xy 0.026  std 0.217  lr 1.0e-04  fps   8147    64.6s
it 4233/8000  reward     nan  ep_len    nan  fell    0  err_xy 0.027  std 0.217  lr 1.0e-04  fps   8330    64.8s
it 4234/8000  reward     nan  ep_len    nan  fell    0  err_xy 0.029  std 0.217  lr 1.0e-04  fps   8292    65.1s
it 4235/8000  reward     nan  ep_len    nan  fell    0  err_xy 0.022  std 0.217  lr 1.0e-04  fps   8196    65.4s
it 4236/8000  reward  263.25  ep_len  808.0  fell    0  err_xy 0.113  std 0.217  lr 1.0e-04  fps   7038    65.7s
it 4237/8000  reward     nan  ep_len    nan  fell    0  err_xy 0.338  std 0.217  lr 1.0e-04  fps   9317    66.0s
it 4238/8000  reward     nan  ep_len    nan  fell    0  err_xy 0.220  std 0.217  lr 1.0e-04  fps   9025    66.2s
it 4239/8000  reward     nan  ep_len    nan  fell    0  err_xy 0.208  std 0.217  lr 1.0e-04  fps   9087    66.5s
it 4240/8000  reward     nan  ep_len    nan  fell    0  err_xy 0.229  std 0.217  lr 1.0e-04  fps   8982    66.7s
it 4241/8000  reward     nan  ep_len    nan  fell    0  err_xy 0.201  std 0.217  lr 1.0e-04  fps   8741    67.0s
it 4242/8000  reward     nan  ep_len    nan  fell    0  err_xy 0.149  std 0.217  lr 1.0e-04  fps   8685    67.3s
it 4243/8000  reward     nan  ep_len    nan  fell    0  err_xy 0.130  std 0.217  lr 1.0e-04  fps   8523    67.5s
it 4244/8000  reward     nan  ep_len    nan  fell    0  err_xy 0.136  std 0.217  lr 1.0e-04  fps   8503    67.8s
it 4245/8000  reward     nan  ep_len    nan  fell    0  err_xy 0.126  std 0.217  lr 1.0e-04  fps   8512    68.1s
it 4246/8000  reward     nan  ep_len    nan  fell    0  err_xy 0.111  std 0.217  lr 1.0e-04  fps   8386    68.4s
it 4247/8000  reward     nan  ep_len    nan  fell    0  err_xy 0.100  std 0.217  lr 1.0e-04  fps   8358    68.6s
it 4248/8000  reward     nan  ep_len    nan  fell    0  err_xy 0.077  std 0.217  lr 1.0e-04  fps   8274    68.9s
it 4249/8000  reward     nan  ep_len    nan  fell    0  err_xy 0.074  std 0.217  lr 1.0e-04  fps   8314    69.2s
it 4250/8000  reward     nan  ep_len    nan  fell    0  err_xy 0.072  std 0.217  lr 1.0e-04  fps   8331    69.5s
it 4251/8000  reward     nan  ep_len    nan  fell    0  err_xy 0.063  std 0.217  lr 1.0e-04  fps   8284    69.7s
it 4252/8000  reward     nan  ep_len    nan  fell    0  err_xy 0.061  std 0.217  lr 1.0e-04  fps   8282    70.0s
it 4253/8000  reward     nan  ep_len    nan  fell    0  err_xy 0.058  std 0.217  lr 1.0e-04  fps   8240    70.3s
it 4254/8000  reward     nan  ep_len    nan  fell    0  err_xy 0.049  std 0.217  lr 1.0e-04  fps   8346    70.6s
it 4255/8000  reward     nan  ep_len    nan  fell    0  err_xy 0.051  std 0.217  lr 1.0e-04  fps   8384    70.9s
it 4256/8000  reward     nan  ep_len    nan  fell    0  err_xy 0.055  std 0.217  lr 1.0e-04  fps   8336    71.1s
it 4257/8000  reward     nan  ep_len    nan  fell    0  err_xy 0.043  std 0.217  lr 1.0e-04  fps   8371    71.4s
it 4258/8000  reward     nan  ep_len    nan  fell    0  err_xy 0.034  std 0.217  lr 1.0e-04  fps   8340    71.7s
it 4259/8000  reward     nan  ep_len    nan  fell    0  err_xy 0.028  std 0.217  lr 1.0e-04  fps   8347    72.0s
it 4260/8000  reward     nan  ep_len    nan  fell    0  err_xy 0.027  std 0.217  lr 1.0e-04  fps   8270    72.2s
it 4261/8000  reward     nan  ep_len    nan  fell    0  err_xy 0.023  std 0.217  lr 1.0e-04  fps   8284    72.5s
it 4262/8000  reward     nan  ep_len    nan  fell    0  err_xy 0.027  std 0.217  lr 1.0e-04  fps   8299    72.8s
it 4263/8000  reward     nan  ep_len    nan  fell    0  err_xy 0.020  std 0.217  lr 1.0e-04  fps   8357    73.1s
it 4264/8000  reward     nan  ep_len    nan  fell    0  err_xy 0.021  std 0.217  lr 1.0e-04  fps   8360    73.3s
it 4265/8000  reward     nan  ep_len    nan  fell    0  err_xy 0.019  std 0.217  lr 1.0e-04  fps   8393    73.6s
it 4266/8000  reward     nan  ep_len    nan  fell    0  err_xy 0.018  std 0.217  lr 1.0e-04  fps   8391    73.9s
it 4267/8000  reward     nan  ep_len    nan  fell    0  err_xy 0.017  std 0.217  lr 1.0e-04  fps   8401    74.2s
it 4268/8000  reward     nan  ep_len    nan  fell    0  err_xy 0.017  std 0.217  lr 1.0e-04  fps   8343    74.4s
it 4269/8000  reward     nan  ep_len    nan  fell    0  err_xy 0.016  std 0.217  lr 1.0e-04  fps   8366    74.7s
it 4270/8000  reward  252.56  ep_len  808.0  fell    0  err_xy 0.266  std 0.217  lr 1.0e-04  fps   7375    75.0s
it 4271/8000  reward     nan  ep_len    nan  fell    0  err_xy 0.269  std 0.217  lr 1.0e-04  fps   7940    75.3s
it 4272/8000  reward     nan  ep_len    nan  fell    0  err_xy 0.173  std 0.217  lr 1.0e-04  fps   8883    75.6s
it 4273/8000  reward     nan  ep_len    nan  fell    0  err_xy 0.197  std 0.217  lr 1.0e-04  fps   9045    75.8s
it 4274/8000  reward     nan  ep_len    nan  fell    0  err_xy 0.220  std 0.217  lr 1.0e-04  fps   8974    76.1s
it 4275/8000  reward     nan  ep_len    nan  fell    0  err_xy 0.237  std 0.217  lr 1.0e-04  fps   8833    76.4s
it 4276/8000  reward     nan  ep_len    nan  fell    0  err_xy 0.195  std 0.217  lr 1.0e-04  fps   8684    76.6s
it 4277/8000  reward     nan  ep_len    nan  fell    0  err_xy 0.135  std 0.217  lr 1.0e-04  fps   8671    76.9s
it 4278/8000  reward     nan  ep_len    nan  fell    0  err_xy 0.095  std 0.217  lr 1.0e-04  fps   8485    77.2s
it 4279/8000  reward     nan  ep_len    nan  fell    0  err_xy 0.087  std 0.217  lr 1.0e-04  fps   8498    77.4s
it 4280/8000  reward     nan  ep_len    nan  fell    0  err_xy 0.095  std 0.217  lr 1.0e-04  fps   8435    77.7s
it 4281/8000  reward     nan  ep_len    nan  fell    0  err_xy 0.079  std 0.217  lr 1.0e-04  fps   8406    78.0s
it 4282/8000  reward     nan  ep_len    nan  fell    0  err_xy 0.062  std 0.216  lr 1.0e-04  fps   8424    78.3s
it 4283/8000  reward     nan  ep_len    nan  fell    0  err_xy 0.056  std 0.216  lr 1.0e-04  fps   8206    78.5s
it 4284/8000  reward     nan  ep_len    nan  fell    0  err_xy 0.045  std 0.216  lr 1.0e-04  fps   8338    78.8s
it 4285/8000  reward     nan  ep_len    nan  fell    0  err_xy 0.047  std 0.216  lr 1.0e-04  fps   8354    79.1s
it 4286/8000  reward     nan  ep_len    nan  fell    0  err_xy 0.030  std 0.216  lr 1.0e-04  fps   8231    79.4s
it 4287/8000  reward     nan  ep_len    nan  fell    0  err_xy 0.029  std 0.217  lr 1.0e-04  fps   8255    79.7s
it 4288/8000  reward     nan  ep_len    nan  fell    0  err_xy 0.027  std 0.217  lr 1.0e-04  fps   8245    79.9s
it 4289/8000  reward     nan  ep_len    nan  fell    0  err_xy 0.023  std 0.217  lr 1.0e-04  fps   8352    80.2s
it 4290/8000  reward     nan  ep_len    nan  fell    0  err_xy 0.021  std 0.217  lr 1.0e-04  fps   8358    80.5s
it 4291/8000  reward     nan  ep_len    nan  fell    0  err_xy 0.021  std 0.217  lr 1.0e-04  fps   8101    80.8s
it 4292/8000  reward     nan  ep_len    nan  fell    0  err_xy 0.022  std 0.217  lr 1.0e-04  fps   7523    81.1s
it 4293/8000  reward     nan  ep_len    nan  fell    0  err_xy 0.021  std 0.217  lr 1.0e-04  fps   8313    81.4s
it 4294/8000  reward     nan  ep_len    nan  fell    0  err_xy 0.022  std 0.217  lr 1.0e-04  fps   8258    81.6s
it 4295/8000  reward     nan  ep_len    nan  fell    0  err_xy 0.023  std 0.217  lr 1.0e-04  fps   8301    81.9s
it 4296/8000  reward     nan  ep_len    nan  fell    0  err_xy 0.024  std 0.217  lr 1.0e-04  fps   7755    82.2s
it 4297/8000  reward     nan  ep_len    nan  fell    0  err_xy 0.020  std 0.217  lr 1.0e-04  fps   8335    82.5s
it 4298/8000  reward     nan  ep_len    nan  fell    0  err_xy 0.016  std 0.217  lr 1.0e-04  fps   8344    82.8s
it 4299/8000  reward     nan  ep_len    nan  fell    0  err_xy 0.020  std 0.217  lr 1.0e-04  fps   8292    83.0s
it 4300/8000  reward     nan  ep_len    nan  fell    0  err_xy 0.020  std 0.217  lr 1.0e-04  fps   8291    83.3s
it 4301/8000  reward     nan  ep_len    nan  fell    0  err_xy 0.023  std 0.217  lr 1.0e-04  fps   8340    83.6s
it 4302/8000  reward     nan  ep_len    nan  fell    0  err_xy 0.020  std 0.217  lr 1.0e-04  fps   8407    83.9s
it 4303/8000  reward  262.83  ep_len  808.0  fell    0  err_xy 0.022  std 0.217  lr 1.0e-04  fps   6957    84.2s
it 4304/8000  reward     nan  ep_len    nan  fell    0  err_xy 0.345  std 0.217  lr 1.0e-04  fps   9429    84.4s
it 4305/8000  reward     nan  ep_len    nan  fell    0  err_xy 0.233  std 0.217  lr 1.0e-04  fps   9134    84.7s
it 4306/8000  reward     nan  ep_len    nan  fell    0  err_xy 0.186  std 0.217  lr 1.0e-04  fps   8999    85.0s
it 4307/8000  reward     nan  ep_len    nan  fell    0  err_xy 0.203  std 0.217  lr 1.0e-04  fps   9094    85.2s
it 4308/8000  reward     nan  ep_len    nan  fell    0  err_xy 0.217  std 0.217  lr 1.0e-04  fps   8935    85.5s
it 4309/8000  reward     nan  ep_len    nan  fell    0  err_xy 0.183  std 0.217  lr 1.0e-04  fps   8837    85.7s
it 4310/8000  reward     nan  ep_len    nan  fell    0  err_xy 0.166  std 0.217  lr 1.0e-04  fps   8720    86.0s
it 4311/8000  reward     nan  ep_len    nan  fell    0  err_xy 0.136  std 0.217  lr 1.0e-04  fps   8561    86.3s
it 4312/8000  reward     nan  ep_len    nan  fell    0  err_xy 0.127  std 0.217  lr 1.0e-04  fps   8567    86.5s
it 4313/8000  reward     nan  ep_len    nan  fell    0  err_xy 0.105  std 0.217  lr 1.0e-04  fps   8433    86.8s
it 4314/8000  reward     nan  ep_len    nan  fell    0  err_xy 0.096  std 0.217  lr 1.0e-04  fps   8394    87.1s
it 4315/8000  reward     nan  ep_len    nan  fell    0  err_xy 0.090  std 0.217  lr 1.0e-04  fps   8292    87.4s
it 4316/8000  reward     nan  ep_len    nan  fell    0  err_xy 0.075  std 0.217  lr 1.0e-04  fps   8140    87.6s
it 4317/8000  reward     nan  ep_len    nan  fell    0  err_xy 0.057  std 0.217  lr 1.0e-04  fps   8359    87.9s
it 4318/8000  reward     nan  ep_len    nan  fell    0  err_xy 0.065  std 0.217  lr 1.0e-04  fps   8309    88.2s
it 4319/8000  reward     nan  ep_len    nan  fell    0  err_xy 0.058  std 0.217  lr 1.0e-04  fps   8210    88.5s
it 4320/8000  reward     nan  ep_len    nan  fell    0  err_xy 0.059  std 0.217  lr 1.0e-04  fps   8197    88.8s
it 4321/8000  reward     nan  ep_len    nan  fell    0  err_xy 0.078  std 0.217  lr 1.0e-04  fps   8225    89.0s
it 4322/8000  reward     nan  ep_len    nan  fell    0  err_xy 0.056  std 0.217  lr 1.0e-04  fps   8121    89.3s
it 4323/8000  reward     nan  ep_len    nan  fell    0  err_xy 0.040  std 0.217  lr 1.0e-04  fps   8159    89.6s
it 4324/8000  reward     nan  ep_len    nan  fell    0  err_xy 0.035  std 0.217  lr 1.0e-04  fps   8307    89.9s
it 4325/8000  reward     nan  ep_len    nan  fell    0  err_xy 0.029  std 0.217  lr 1.0e-04  fps   7443    90.2s
it 4326/8000  reward     nan  ep_len    nan  fell    0  err_xy 0.024  std 0.217  lr 1.0e-04  fps   8295    90.5s
it 4327/8000  reward     nan  ep_len    nan  fell    0  err_xy 0.021  std 0.217  lr 1.0e-04  fps   8268    90.7s
it 4328/8000  reward     nan  ep_len    nan  fell    0  err_xy 0.017  std 0.217  lr 1.0e-04  fps   8092    91.0s
it 4329/8000  reward     nan  ep_len    nan  fell    0  err_xy 0.017  std 0.217  lr 1.0e-04  fps   8092    91.3s
it 4330/8000  reward     nan  ep_len    nan  fell    0  err_xy 0.017  std 0.217  lr 1.0e-04  fps   8052    91.6s
it 4331/8000  reward     nan  ep_len    nan  fell    0  err_xy 0.017  std 0.217  lr 1.0e-04  fps   8202    91.9s
it 4332/8000  reward     nan  ep_len    nan  fell    0  err_xy 0.016  std 0.217  lr 1.0e-04  fps   8303    92.2s
it 4333/8000  reward     nan  ep_len    nan  fell    0  err_xy 0.017  std 0.217  lr 1.0e-04  fps   8395    92.4s
it 4334/8000  reward     nan  ep_len    nan  fell    0  err_xy 0.015  std 0.217  lr 1.0e-04  fps   8415    92.7s
it 4335/8000  reward     nan  ep_len    nan  fell    0  err_xy 0.014  std 0.217  lr 1.0e-04  fps   8135    93.0s
it 4336/8000  reward     nan  ep_len    nan  fell    0  err_xy 0.015  std 0.217  lr 1.0e-04  fps   8272    93.3s
it 4337/8000  reward  267.67  ep_len  808.0  fell    0  err_xy 0.104  std 0.217  lr 1.0e-04  fps   7105    93.6s
it 4338/8000  reward     nan  ep_len    nan  fell    0  err_xy 0.343  std 0.217  lr 1.0e-04  fps   8991    93.9s
it 4339/8000  reward     nan  ep_len    nan  fell    0  err_xy 0.220  std 0.217  lr 1.0e-04  fps   8684    94.1s
it 4340/8000  reward     nan  ep_len    nan  fell    0  err_xy 0.203  std 0.217  lr 1.0e-04  fps   8992    94.4s
it 4341/8000  reward     nan  ep_len    nan  fell    0  err_xy 0.234  std 0.217  lr 1.0e-04  fps   8875    94.6s
it 4342/8000  reward     nan  ep_len    nan  fell    0  err_xy 0.205  std 0.217  lr 1.0e-04  fps   8677    94.9s
it 4343/8000  reward     nan  ep_len    nan  fell    0  err_xy 0.185  std 0.217  lr 1.0e-04  fps   8503    95.2s
it 4344/8000  reward     nan  ep_len    nan  fell    0  err_xy 0.129  std 0.217  lr 1.0e-04  fps   8592    95.4s
it 4345/8000  reward     nan  ep_len    nan  fell    0  err_xy 0.116  std 0.217  lr 1.0e-04  fps   8502    95.7s
it 4346/8000  reward     nan  ep_len    nan  fell    0  err_xy 0.107  std 0.217  lr 1.0e-04  fps   8453    96.0s
it 4347/8000  reward     nan  ep_len    nan  fell    0  err_xy 0.106  std 0.217  lr 1.0e-04  fps   8396    96.3s
it 4348/8000  reward     nan  ep_len    nan  fell    0  err_xy 0.090  std 0.217  lr 1.0e-04  fps   8320    96.5s
it 4349/8000  reward     nan  ep_len    nan  fell    0  err_xy 0.069  std 0.217  lr 1.0e-04  fps   8386    96.8s
it 4350/8000  reward     nan  ep_len    nan  fell    0  err_xy 0.065  std 0.217  lr 1.0e-04  fps   8326    97.1s
it 4351/8000  reward     nan  ep_len    nan  fell    0  err_xy 0.075  std 0.217  lr 1.0e-04  fps   8369    97.4s
it 4352/8000  reward     nan  ep_len    nan  fell    0  err_xy 0.065  std 0.217  lr 1.0e-04  fps   8410    97.6s
it 4353/8000  reward     nan  ep_len    nan  fell    0  err_xy 0.062  std 0.217  lr 1.0e-04  fps   8325    97.9s
it 4354/8000  reward     nan  ep_len    nan  fell    0  err_xy 0.054  std 0.217  lr 1.0e-04  fps   8357    98.2s
it 4355/8000  reward     nan  ep_len    nan  fell    0  err_xy 0.045  std 0.217  lr 1.0e-04  fps   8318    98.5s
it 4356/8000  reward     nan  ep_len    nan  fell    0  err_xy 0.050  std 0.217  lr 1.0e-04  fps   8369    98.7s
it 4357/8000  reward     nan  ep_len    nan  fell    0  err_xy 0.048  std 0.217  lr 1.0e-04  fps   8264    99.0s
it 4358/8000  reward     nan  ep_len    nan  fell    0  err_xy 0.040  std 0.217  lr 1.0e-04  fps   8269    99.3s
it 4359/8000  reward     nan  ep_len    nan  fell    0  err_xy 0.043  std 0.217  lr 1.0e-04  fps   7642    99.6s
it 4360/8000  reward     nan  ep_len    nan  fell    0  err_xy 0.039  std 0.217  lr 1.0e-04  fps   8392    99.9s
it 4361/8000  reward     nan  ep_len    nan  fell    0  err_xy 0.036  std 0.217  lr 1.0e-04  fps   8398   100.2s
it 4362/8000  reward     nan  ep_len    nan  fell    0  err_xy 0.034  std 0.217  lr 1.0e-04  fps   8368   100.4s
it 4363/8000  reward     nan  ep_len    nan  fell    0  err_xy 0.036  std 0.217  lr 1.0e-04  fps   8396   100.7s
it 4364/8000  reward     nan  ep_len    nan  fell    0  err_xy 0.029  std 0.217  lr 1.0e-04  fps   8422   101.0s
it 4365/8000  reward     nan  ep_len    nan  fell    0  err_xy 0.021  std 0.217  lr 1.0e-04  fps   8480   101.3s
it 4366/8000  reward     nan  ep_len    nan  fell    0  err_xy 0.018  std 0.217  lr 1.0e-04  fps   8488   101.5s
it 4367/8000  reward     nan  ep_len    nan  fell    0  err_xy 0.022  std 0.217  lr 1.0e-04  fps   8564   101.8s
it 4368/8000  reward     nan  ep_len    nan  fell    0  err_xy 0.023  std 0.217  lr 1.0e-04  fps   8470   102.1s
it 4369/8000  reward     nan  ep_len    nan  fell    0  err_xy 0.019  std 0.217  lr 1.0e-04  fps   7740   102.4s
it 4370/8000  reward     nan  ep_len    nan  fell    0  err_xy 0.016  std 0.217  lr 1.0e-04  fps   8628   102.6s
it 4371/8000  reward  265.71  ep_len  808.0  fell    0  err_xy 0.280  std 0.217  lr 1.0e-04  fps   7453   102.9s
it 4372/8000  reward     nan  ep_len    nan  fell    0  err_xy 0.254  std 0.217  lr 1.0e-04  fps   9122   103.2s
it 4373/8000  reward     nan  ep_len    nan  fell    0  err_xy 0.187  std 0.217  lr 1.0e-04  fps   9071   103.4s
it 4374/8000  reward     nan  ep_len    nan  fell    0  err_xy 0.196  std 0.217  lr 1.0e-04  fps   8950   103.7s
it 4375/8000  reward     nan  ep_len    nan  fell    0  err_xy 0.196  std 0.217  lr 1.0e-04  fps   8738   104.0s
it 4376/8000  reward     nan  ep_len    nan  fell    0  err_xy 0.174  std 0.217  lr 1.0e-04  fps   8524   104.2s
it 4377/8000  reward     nan  ep_len    nan  fell    0  err_xy 0.150  std 0.217  lr 1.0e-04  fps   8516   104.5s
it 4378/8000  reward     nan  ep_len    nan  fell    0  err_xy 0.122  std 0.217  lr 1.0e-04  fps   8526   104.8s
it 4379/8000  reward     nan  ep_len    nan  fell    0  err_xy 0.112  std 0.217  lr 1.0e-04  fps   8501   105.1s
it 4380/8000  reward     nan  ep_len    nan  fell    0  err_xy 0.125  std 0.217  lr 1.0e-04  fps   8469   105.3s
it 4381/8000  reward     nan  ep_len    nan  fell    0  err_xy 0.100  std 0.217  lr 1.0e-04  fps   8269   105.6s
it 4382/8000  reward     nan  ep_len    nan  fell    0  err_xy 0.073  std 0.217  lr 1.0e-04  fps   8318   105.9s
it 4383/8000  reward     nan  ep_len    nan  fell    0  err_xy 0.071  std 0.217  lr 1.0e-04  fps   8205   106.2s
it 4384/8000  reward     nan  ep_len    nan  fell    0  err_xy 0.064  std 0.217  lr 1.0e-04  fps   8084   106.4s
it 4385/8000  reward     nan  ep_len    nan  fell    0  err_xy 0.060  std 0.217  lr 1.0e-04  fps   8074   106.7s
it 4386/8000  reward     nan  ep_len    nan  fell    0  err_xy 0.057  std 0.217  lr 1.0e-04  fps   7819   107.0s
it 4387/8000  reward     nan  ep_len    nan  fell    0  err_xy 0.045  std 0.217  lr 1.0e-04  fps   8053   107.3s
it 4388/8000  reward     nan  ep_len    nan  fell    0  err_xy 0.046  std 0.217  lr 1.0e-04  fps   8194   107.6s
it 4389/8000  reward     nan  ep_len    nan  fell    0  err_xy 0.040  std 0.217  lr 1.0e-04  fps   8250   107.9s
it 4390/8000  reward     nan  ep_len    nan  fell    0  err_xy 0.039  std 0.217  lr 1.0e-04  fps   8174   108.2s
it 4391/8000  reward     nan  ep_len    nan  fell    0  err_xy 0.035  std 0.217  lr 1.0e-04  fps   8254   108.4s
it 4392/8000  reward     nan  ep_len    nan  fell    0  err_xy 0.031  std 0.217  lr 1.0e-04  fps   8264   108.7s
it 4393/8000  reward     nan  ep_len    nan  fell    0  err_xy 0.031  std 0.217  lr 1.0e-04  fps   8262   109.0s
it 4394/8000  reward     nan  ep_len    nan  fell    0  err_xy 0.026  std 0.217  lr 1.0e-04  fps   8240   109.3s
it 4395/8000  reward     nan  ep_len    nan  fell    0  err_xy 0.021  std 0.217  lr 1.0e-04  fps   8284   109.6s
it 4396/8000  reward     nan  ep_len    nan  fell    0  err_xy 0.025  std 0.217  lr 1.0e-04  fps   8306   109.8s
it 4397/8000  reward     nan  ep_len    nan  fell    0  err_xy 0.025  std 0.217  lr 1.0e-04  fps   8249   110.1s
it 4398/8000  reward     nan  ep_len    nan  fell    0  err_xy 0.018  std 0.217  lr 1.0e-04  fps   8405   110.4s
it 4399/8000  reward     nan  ep_len    nan  fell    0  err_xy 0.023  std 0.217  lr 1.0e-04  fps   8122   110.7s
it 4400/8000  reward     nan  ep_len    nan  fell    0  err_xy 0.026  std 0.217  lr 1.0e-04  fps   8194   111.0s
it 4401/8000  reward     nan  ep_len    nan  fell    0  err_xy 0.021  std 0.217  lr 1.0e-04  fps   8281   111.2s
it 4402/8000  reward     nan  ep_len    nan  fell    0  err_xy 0.020  std 0.217  lr 1.0e-04  fps   8391   111.5s
it 4403/8000  reward     nan  ep_len    nan  fell    0  err_xy 0.018  std 0.217  lr 1.0e-04  fps   8468   111.8s
it 4404/8000  reward  272.16  ep_len  808.0  fell    0  err_xy 0.017  std 0.217  lr 1.0e-04  fps   6972   112.1s
it 4405/8000  reward     nan  ep_len    nan  fell    0  err_xy 0.360  std 0.217  lr 1.0e-04  fps   9403   112.4s
it 4406/8000  reward     nan  ep_len    nan  fell    0  err_xy 0.204  std 0.217  lr 1.0e-04  fps   9157   112.6s
it 4407/8000  reward     nan  ep_len    nan  fell    0  err_xy 0.184  std 0.217  lr 1.0e-04  fps   9057   112.9s
it 4408/8000  reward     nan  ep_len    nan  fell    0  err_xy 0.186  std 0.217  lr 1.0e-04  fps   8961   113.1s
it 4409/8000  reward     nan  ep_len    nan  fell    0  err_xy 0.181  std 0.217  lr 1.0e-04  fps   8832   113.4s
it 4410/8000  reward     nan  ep_len    nan  fell    0  err_xy 0.131  std 0.217  lr 1.0e-04  fps   8458   113.7s
it 4411/8000  reward     nan  ep_len    nan  fell    0  err_xy 0.109  std 0.217  lr 1.0e-04  fps   8228   113.9s
it 4412/8000  reward     nan  ep_len    nan  fell    0  err_xy 0.088  std 0.217  lr 1.0e-04  fps   8128   114.2s
it 4413/8000  reward     nan  ep_len    nan  fell    0  err_xy 0.091  std 0.217  lr 1.0e-04  fps   8043   114.5s
it 4414/8000  reward     nan  ep_len    nan  fell    0  err_xy 0.074  std 0.217  lr 1.0e-04  fps   7878   114.8s
it 4415/8000  reward     nan  ep_len    nan  fell    0  err_xy 0.067  std 0.217  lr 1.0e-04  fps   8029   115.1s
it 4416/8000  reward     nan  ep_len    nan  fell    0  err_xy 0.059  std 0.217  lr 1.0e-04  fps   8074   115.4s
it 4417/8000  reward     nan  ep_len    nan  fell    0  err_xy 0.049  std 0.217  lr 1.0e-04  fps   8030   115.7s
it 4418/8000  reward     nan  ep_len    nan  fell    0  err_xy 0.044  std 0.217  lr 1.0e-04  fps   8057   115.9s
it 4419/8000  reward     nan  ep_len    nan  fell    0  err_xy 0.040  std 0.217  lr 1.0e-04  fps   8079   116.2s
it 4420/8000  reward     nan  ep_len    nan  fell    0  err_xy 0.038  std 0.217  lr 1.0e-04  fps   8065   116.5s
it 4421/8000  reward     nan  ep_len    nan  fell    0  err_xy 0.040  std 0.217  lr 1.0e-04  fps   8112   116.8s
it 4422/8000  reward     nan  ep_len    nan  fell    0  err_xy 0.030  std 0.217  lr 1.0e-04  fps   8104   117.1s
it 4423/8000  reward     nan  ep_len    nan  fell    0  err_xy 0.029  std 0.217  lr 1.0e-04  fps   8143   117.4s
it 4424/8000  reward     nan  ep_len    nan  fell    0  err_xy 0.033  std 0.217  lr 1.0e-04  fps   8202   117.7s
it 4425/8000  reward     nan  ep_len    nan  fell    0  err_xy 0.025  std 0.217  lr 1.0e-04  fps   8222   117.9s
it 4426/8000  reward     nan  ep_len    nan  fell    0  err_xy 0.023  std 0.217  lr 1.0e-04  fps   8295   118.2s
it 4427/8000  reward     nan  ep_len    nan  fell    0  err_xy 0.023  std 0.217  lr 1.0e-04  fps   8172   118.5s
it 4428/8000  reward     nan  ep_len    nan  fell    0  err_xy 0.021  std 0.217  lr 1.0e-04  fps   8179   118.8s
it 4429/8000  reward     nan  ep_len    nan  fell    0  err_xy 0.019  std 0.217  lr 1.0e-04  fps   8191   119.1s
it 4430/8000  reward     nan  ep_len    nan  fell    0  err_xy 0.018  std 0.217  lr 1.0e-04  fps   8240   119.3s
it 4431/8000  reward     nan  ep_len    nan  fell    0  err_xy 0.016  std 0.217  lr 1.0e-04  fps   7989   119.6s
it 4432/8000  reward     nan  ep_len    nan  fell    0  err_xy 0.013  std 0.217  lr 1.0e-04  fps   8334   119.9s
it 4433/8000  reward     nan  ep_len    nan  fell    0  err_xy 0.014  std 0.217  lr 1.0e-04  fps   8342   120.2s
it 4434/8000  reward     nan  ep_len    nan  fell    0  err_xy 0.017  std 0.217  lr 1.0e-04  fps   8266   120.5s
it 4435/8000  reward     nan  ep_len    nan  fell    0  err_xy 0.021  std 0.217  lr 1.0e-04  fps   8174   120.7s
it 4436/8000  reward     nan  ep_len    nan  fell    0  err_xy 0.023  std 0.217  lr 1.0e-04  fps   8088   121.0s
it 4437/8000  reward     nan  ep_len    nan  fell    0  err_xy 0.021  std 0.217  lr 1.0e-04  fps   8165   121.3s
it 4438/8000  reward  275.88  ep_len  808.0  fell    0  err_xy 0.112  std 0.217  lr 1.0e-04  fps   7095   121.6s
it 4439/8000  reward     nan  ep_len    nan  fell    0  err_xy 0.355  std 0.217  lr 1.0e-04  fps   9187   121.9s
it 4440/8000  reward     nan  ep_len    nan  fell    0  err_xy 0.171  std 0.217  lr 1.0e-04  fps   8943   122.1s
it 4441/8000  reward     nan  ep_len    nan  fell    0  err_xy 0.141  std 0.217  lr 1.0e-04  fps   8937   122.4s
it 4442/8000  reward     nan  ep_len    nan  fell    0  err_xy 0.163  std 0.217  lr 1.0e-04  fps   8820   122.7s
it 4443/8000  reward     nan  ep_len    nan  fell    0  err_xy 0.187  std 0.217  lr 1.0e-04  fps   8623   122.9s
it 4444/8000  reward     nan  ep_len    nan  fell    0  err_xy 0.160  std 0.217  lr 1.0e-04  fps   8400   123.2s
it 4445/8000  reward     nan  ep_len    nan  fell    0  err_xy 0.120  std 0.217  lr 1.0e-04  fps   8220   123.5s
it 4446/8000  reward     nan  ep_len    nan  fell    0  err_xy 0.094  std 0.217  lr 1.0e-04  fps   8207   123.8s
it 4447/8000  reward     nan  ep_len    nan  fell    0  err_xy 0.076  std 0.217  lr 1.0e-04  fps   8172   124.0s
it 4448/8000  reward     nan  ep_len    nan  fell    0  err_xy 0.064  std 0.217  lr 1.0e-04  fps   8167   124.3s
it 4449/8000  reward     nan  ep_len    nan  fell    0  err_xy 0.050  std 0.217  lr 1.0e-04  fps   8164   124.6s
it 4450/8000  reward     nan  ep_len    nan  fell    0  err_xy 0.044  std 0.217  lr 1.0e-04  fps   8161   124.9s
it 4451/8000  reward     nan  ep_len    nan  fell    0  err_xy 0.029  std 0.217  lr 1.0e-04  fps   8151   125.2s
it 4452/8000  reward     nan  ep_len    nan  fell    0  err_xy 0.031  std 0.217  lr 1.0e-04  fps   8188   125.5s
it 4453/8000  reward     nan  ep_len    nan  fell    0  err_xy 0.024  std 0.217  lr 1.0e-04  fps   8224   125.7s
it 4454/8000  reward     nan  ep_len    nan  fell    0  err_xy 0.021  std 0.217  lr 1.0e-04  fps   8179   126.0s
it 4455/8000  reward     nan  ep_len    nan  fell    0  err_xy 0.023  std 0.217  lr 1.0e-04  fps   7603   126.3s
it 4456/8000  reward     nan  ep_len    nan  fell    0  err_xy 0.029  std 0.217  lr 1.0e-04  fps   8248   126.6s
it 4457/8000  reward     nan  ep_len    nan  fell    0  err_xy 0.031  std 0.217  lr 1.0e-04  fps   8332   126.9s
it 4458/8000  reward     nan  ep_len    nan  fell    0  err_xy 0.022  std 0.217  lr 1.0e-04  fps   8254   127.2s
it 4459/8000  reward     nan  ep_len    nan  fell    0  err_xy 0.022  std 0.217  lr 1.0e-04  fps   8341   127.4s
it 4460/8000  reward     nan  ep_len    nan  fell    0  err_xy 0.019  std 0.217  lr 1.0e-04  fps   8121   127.7s
it 4461/8000  reward     nan  ep_len    nan  fell    0  err_xy 0.016  std 0.217  lr 1.0e-04  fps   8256   128.0s
it 4462/8000  reward     nan  ep_len    nan  fell    0  err_xy 0.017  std 0.217  lr 1.0e-04  fps   8337   128.3s
it 4463/8000  reward     nan  ep_len    nan  fell    0  err_xy 0.015  std 0.217  lr 1.0e-04  fps   8456   128.5s
it 4464/8000  reward     nan  ep_len    nan  fell    0  err_xy 0.019  std 0.217  lr 1.0e-04  fps   8508   128.8s
it 4465/8000  reward     nan  ep_len    nan  fell    0  err_xy 0.018  std 0.217  lr 1.0e-04  fps   8574   129.1s
it 4466/8000  reward     nan  ep_len    nan  fell    0  err_xy 0.017  std 0.217  lr 1.0e-04  fps   8487   129.4s
it 4467/8000  reward     nan  ep_len    nan  fell    0  err_xy 0.020  std 0.217  lr 1.0e-04  fps   8412   129.6s
it 4468/8000  reward     nan  ep_len    nan  fell    0  err_xy 0.020  std 0.217  lr 1.0e-04  fps   8642   129.9s
it 4469/8000  reward     nan  ep_len    nan  fell    0  err_xy 0.018  std 0.217  lr 1.0e-04  fps   8629   130.2s
it 4470/8000  reward     nan  ep_len    nan  fell    0  err_xy 0.029  std 0.217  lr 1.0e-04  fps   8648   130.4s
it 4471/8000  reward     nan  ep_len    nan  fell    0  err_xy 0.032  std 0.217  lr 1.0e-04  fps   8725   130.7s
it 4472/8000  reward  261.56  ep_len  808.0  fell    0  err_xy 0.267  std 0.217  lr 1.0e-04  fps   7400   131.0s
it 4473/8000  reward     nan  ep_len    nan  fell    0  err_xy 0.279  std 0.217  lr 1.0e-04  fps   9066   131.3s
it 4474/8000  reward     nan  ep_len    nan  fell    0  err_xy 0.197  std 0.217  lr 1.0e-04  fps   8952   131.5s
it 4475/8000  reward     nan  ep_len    nan  fell    0  err_xy 0.180  std 0.217  lr 1.0e-04  fps   8822   131.8s
it 4476/8000  reward     nan  ep_len    nan  fell    0  err_xy 0.176  std 0.217  lr 1.0e-04  fps   8563   132.1s
it 4477/8000  reward     nan  ep_len    nan  fell    0  err_xy 0.153  std 0.217  lr 1.0e-04  fps   8361   132.3s
it 4478/8000  reward     nan  ep_len    nan  fell    0  err_xy 0.108  std 0.217  lr 1.0e-04  fps   8321   132.6s
it 4479/8000  reward     nan  ep_len    nan  fell    0  err_xy 0.082  std 0.217  lr 1.0e-04  fps   8313   132.9s
it 4480/8000  reward     nan  ep_len    nan  fell    0  err_xy 0.075  std 0.217  lr 1.0e-04  fps   8102   133.2s
it 4481/8000  reward     nan  ep_len    nan  fell    0  err_xy 0.070  std 0.217  lr 1.0e-04  fps   8110   133.5s
it 4482/8000  reward     nan  ep_len    nan  fell    0  err_xy 0.066  std 0.217  lr 1.0e-04  fps   8230   133.7s
it 4483/8000  reward     nan  ep_len    nan  fell    0  err_xy 0.054  std 0.217  lr 1.0e-04  fps   8048   134.0s
it 4484/8000  reward     nan  ep_len    nan  fell    0  err_xy 0.050  std 0.217  lr 1.0e-04  fps   8155   134.3s
it 4485/8000  reward     nan  ep_len    nan  fell    0  err_xy 0.047  std 0.217  lr 1.0e-04  fps   7829   134.6s
it 4486/8000  reward     nan  ep_len    nan  fell    0  err_xy 0.035  std 0.217  lr 1.0e-04  fps   8036   134.9s
it 4487/8000  reward     nan  ep_len    nan  fell    0  err_xy 0.034  std 0.217  lr 1.0e-04  fps   8063   135.2s
it 4488/8000  reward     nan  ep_len    nan  fell    0  err_xy 0.030  std 0.217  lr 1.0e-04  fps   7881   135.5s
it 4489/8000  reward     nan  ep_len    nan  fell    0  err_xy 0.033  std 0.217  lr 1.0e-04  fps   7549   135.8s
it 4490/8000  reward     nan  ep_len    nan  fell    0  err_xy 0.027  std 0.217  lr 1.0e-04  fps   8133   136.1s
it 4491/8000  reward     nan  ep_len    nan  fell    0  err_xy 0.031  std 0.217  lr 1.0e-04  fps   8157   136.3s
it 4492/8000  reward     nan  ep_len    nan  fell    0  err_xy 0.023  std 0.217  lr 1.0e-04  fps   7674   136.6s
it 4493/8000  reward     nan  ep_len    nan  fell    0  err_xy 0.022  std 0.217  lr 1.0e-04  fps   7877   136.9s
it 4494/8000  reward     nan  ep_len    nan  fell    0  err_xy 0.023  std 0.217  lr 1.0e-04  fps   8046   137.2s
it 4495/8000  reward     nan  ep_len    nan  fell    0  err_xy 0.023  std 0.217  lr 1.0e-04  fps   8122   137.5s
it 4496/8000  reward     nan  ep_len    nan  fell    0  err_xy 0.019  std 0.217  lr 1.0e-04  fps   8082   137.8s
it 4497/8000  reward     nan  ep_len    nan  fell    0  err_xy 0.023  std 0.217  lr 1.0e-04  fps   7916   138.1s
it 4498/8000  reward     nan  ep_len    nan  fell    0  err_xy 0.022  std 0.217  lr 1.0e-04  fps   8115   138.4s
it 4499/8000  reward     nan  ep_len    nan  fell    0  err_xy 0.021  std 0.217  lr 1.0e-04  fps   8010   138.7s
it 4500/8000  reward     nan  ep_len    nan  fell    0  err_xy 0.023  std 0.217  lr 1.0e-04  fps   8027   138.9s
eval iteration 4500:
  prone          success   0.0%  time 16.16s  peak_τ 0.95 Nm  return 260.42
  supine         success   0.0%  time 16.16s  peak_τ 0.94 Nm  return 297.77
  score 0.000
it 4501/8000  reward     nan  ep_len    nan  fell    0  err_xy 0.022  std 0.217  lr 1.0e-04  fps   8244   143.4s
it 4502/8000  reward     nan  ep_len    nan  fell    0  err_xy 0.020  std 0.216  lr 1.0e-04  fps   8339   143.7s
it 4503/8000  reward     nan  ep_len    nan  fell    0  err_xy 0.021  std 0.216  lr 1.0e-04  fps   8332   144.0s
it 4504/8000  reward     nan  ep_len    nan  fell    0  err_xy 0.016  std 0.216  lr 1.0e-04  fps   8369   144.2s
it 4505/8000  reward  279.82  ep_len  808.0  fell    0  err_xy 0.019  std 0.216  lr 1.0e-04  fps   6964   144.6s
it 4506/8000  reward     nan  ep_len    nan  fell    0  err_xy 0.354  std 0.216  lr 1.0e-04  fps   9302   144.8s
it 4507/8000  reward     nan  ep_len    nan  fell    0  err_xy 0.233  std 0.216  lr 1.0e-04  fps   9218   145.1s
it 4508/8000  reward     nan  ep_len    nan  fell    0  err_xy 0.184  std 0.216  lr 1.0e-04  fps   8899   145.3s
it 4509/8000  reward     nan  ep_len    nan  fell    0  err_xy 0.166  std 0.216  lr 1.0e-04  fps   8172   145.6s
it 4510/8000  reward     nan  ep_len    nan  fell    0  err_xy 0.154  std 0.216  lr 1.0e-04  fps   8365   145.9s
it 4511/8000  reward     nan  ep_len    nan  fell    0  err_xy 0.133  std 0.216  lr 1.0e-04  fps   8292   146.2s
it 4512/8000  reward     nan  ep_len    nan  fell    0  err_xy 0.112  std 0.217  lr 1.0e-04  fps   8347   146.5s
it 4513/8000  reward     nan  ep_len    nan  fell    0  err_xy 0.086  std 0.217  lr 1.0e-04  fps   8206   146.7s
it 4514/8000  reward     nan  ep_len    nan  fell    0  err_xy 0.077  std 0.217  lr 1.0e-04  fps   8208   147.0s
it 4515/8000  reward     nan  ep_len    nan  fell    0  err_xy 0.070  std 0.217  lr 1.0e-04  fps   6316   147.4s
it 4516/8000  reward     nan  ep_len    nan  fell    0  err_xy 0.069  std 0.217  lr 1.0e-04  fps   7594   147.7s
it 4517/8000  reward     nan  ep_len    nan  fell    0  err_xy 0.056  std 0.217  lr 1.0e-04  fps   7218   148.0s
it 4518/8000  reward     nan  ep_len    nan  fell    0  err_xy 0.055  std 0.217  lr 1.0e-04  fps   7032   148.3s
it 4519/8000  reward     nan  ep_len    nan  fell    0  err_xy 0.053  std 0.217  lr 1.0e-04  fps   7820   148.6s
it 4520/8000  reward     nan  ep_len    nan  fell    0  err_xy 0.056  std 0.217  lr 1.0e-04  fps   8024   148.9s
it 4521/8000  reward     nan  ep_len    nan  fell    0  err_xy 0.037  std 0.217  lr 1.0e-04  fps   7413   149.2s
it 4522/8000  reward     nan  ep_len    nan  fell    0  err_xy 0.045  std 0.217  lr 1.0e-04  fps   7734   149.5s
it 4523/8000  reward     nan  ep_len    nan  fell    0  err_xy 0.051  std 0.217  lr 1.0e-04  fps   7758   149.8s
it 4524/8000  reward     nan  ep_len    nan  fell    0  err_xy 0.045  std 0.217  lr 1.0e-04  fps   8408   150.1s
it 4525/8000  reward     nan  ep_len    nan  fell    0  err_xy 0.041  std 0.217  lr 1.0e-04  fps   7930   150.4s
it 4526/8000  reward     nan  ep_len    nan  fell    0  err_xy 0.041  std 0.217  lr 1.0e-04  fps   8241   150.7s
it 4527/8000  reward     nan  ep_len    nan  fell    0  err_xy 0.040  std 0.217  lr 1.0e-04  fps   8317   150.9s
it 4528/8000  reward     nan  ep_len    nan  fell    0  err_xy 0.034  std 0.217  lr 1.0e-04  fps   8528   151.2s
it 4529/8000  reward     nan  ep_len    nan  fell    0  err_xy 0.033  std 0.217  lr 1.0e-04  fps   8439   151.5s
it 4530/8000  reward     nan  ep_len    nan  fell    0  err_xy 0.033  std 0.217  lr 1.0e-04  fps   8608   151.8s
it 4531/8000  reward     nan  ep_len    nan  fell    0  err_xy 0.030  std 0.217  lr 1.0e-04  fps   8389   152.0s
it 4532/8000  reward     nan  ep_len    nan  fell    0  err_xy 0.029  std 0.217  lr 1.0e-04  fps   8517   152.3s
it 4533/8000  reward     nan  ep_len    nan  fell    0  err_xy 0.027  std 0.217  lr 1.0e-04  fps   8594   152.6s
it 4534/8000  reward     nan  ep_len    nan  fell    0  err_xy 0.024  std 0.217  lr 1.0e-04  fps   8752   152.8s
it 4535/8000  reward     nan  ep_len    nan  fell    0  err_xy 0.022  std 0.217  lr 1.0e-04  fps   8163   153.1s
it 4536/8000  reward     nan  ep_len    nan  fell    0  err_xy 0.028  std 0.217  lr 1.0e-04  fps   8468   153.4s
it 4537/8000  reward     nan  ep_len    nan  fell    0  err_xy 0.021  std 0.217  lr 1.0e-04  fps   8489   153.7s
it 4538/8000  reward     nan  ep_len    nan  fell    0  err_xy 0.020  std 0.217  lr 1.0e-04  fps   7313   154.0s
it 4539/8000  reward  281.99  ep_len  808.0  fell    0  err_xy 0.099  std 0.217  lr 1.0e-04  fps   7310   154.3s
it 4540/8000  reward     nan  ep_len    nan  fell    0  err_xy 0.368  std 0.217  lr 1.0e-04  fps   9345   154.5s
it 4541/8000  reward     nan  ep_len    nan  fell    0  err_xy 0.228  std 0.217  lr 1.0e-04  fps   9109   154.8s
it 4542/8000  reward     nan  ep_len    nan  fell    0  err_xy 0.169  std 0.217  lr 1.0e-04  fps   8658   155.1s
it 4543/8000  reward     nan  ep_len    nan  fell    0  err_xy 0.203  std 0.217  lr 1.0e-04  fps   8788   155.3s
it 4544/8000  reward     nan  ep_len    nan  fell    0  err_xy 0.195  std 0.217  lr 1.0e-04  fps   8751   155.6s
it 4545/8000  reward     nan  ep_len    nan  fell    0  err_xy 0.144  std 0.217  lr 1.0e-04  fps   6978   155.9s
it 4546/8000  reward     nan  ep_len    nan  fell    0  err_xy 0.112  std 0.217  lr 1.0e-04  fps   8517   156.2s
it 4547/8000  reward     nan  ep_len    nan  fell    0  err_xy 0.122  std 0.217  lr 1.0e-04  fps   8474   156.5s
it 4548/8000  reward     nan  ep_len    nan  fell    0  err_xy 0.119  std 0.217  lr 1.0e-04  fps   8386   156.7s
it 4549/8000  reward     nan  ep_len    nan  fell    0  err_xy 0.098  std 0.217  lr 1.0e-04  fps   8117   157.0s
it 4550/8000  reward     nan  ep_len    nan  fell    0  err_xy 0.085  std 0.217  lr 1.0e-04  fps   7978   157.3s
it 4551/8000  reward     nan  ep_len    nan  fell    0  err_xy 0.086  std 0.217  lr 1.0e-04  fps   8270   157.6s
it 4552/8000  reward     nan  ep_len    nan  fell    0  err_xy 0.095  std 0.217  lr 1.0e-04  fps   8426   157.9s
it 4553/8000  reward     nan  ep_len    nan  fell    0  err_xy 0.082  std 0.217  lr 1.0e-04  fps   8548   158.1s
it 4554/8000  reward     nan  ep_len    nan  fell    0  err_xy 0.077  std 0.217  lr 1.0e-04  fps   8657   158.4s
it 4555/8000  reward     nan  ep_len    nan  fell    0  err_xy 0.072  std 0.217  lr 1.0e-04  fps   8598   158.7s
it 4556/8000  reward     nan  ep_len    nan  fell    0  err_xy 0.068  std 0.217  lr 1.0e-04  fps   8707   158.9s
it 4557/8000  reward     nan  ep_len    nan  fell    0  err_xy 0.059  std 0.217  lr 1.0e-04  fps   8735   159.2s
it 4558/8000  reward     nan  ep_len    nan  fell    0  err_xy 0.071  std 0.217  lr 1.0e-04  fps   8683   159.5s
it 4559/8000  reward     nan  ep_len    nan  fell    0  err_xy 0.074  std 0.217  lr 1.0e-04  fps   8696   159.7s
it 4560/8000  reward     nan  ep_len    nan  fell    0  err_xy 0.057  std 0.217  lr 1.0e-04  fps   8715   160.0s
it 4561/8000  reward     nan  ep_len    nan  fell    0  err_xy 0.060  std 0.217  lr 1.0e-04  fps   8699   160.2s
it 4562/8000  reward     nan  ep_len    nan  fell    0  err_xy 0.057  std 0.217  lr 1.0e-04  fps   8716   160.5s
it 4563/8000  reward     nan  ep_len    nan  fell    0  err_xy 0.046  std 0.217  lr 1.0e-04  fps   8515   160.8s
it 4564/8000  reward     nan  ep_len    nan  fell    0  err_xy 0.054  std 0.217  lr 1.0e-04  fps   8764   161.0s
it 4565/8000  reward     nan  ep_len    nan  fell    0  err_xy 0.059  std 0.217  lr 1.0e-04  fps   8536   161.3s
it 4566/8000  reward     nan  ep_len    nan  fell    0  err_xy 0.048  std 0.217  lr 1.0e-04  fps   7916   161.6s
it 4567/8000  reward     nan  ep_len    nan  fell    0  err_xy 0.048  std 0.217  lr 1.0e-04  fps   7499   161.9s
it 4568/8000  reward     nan  ep_len    nan  fell    0  err_xy 0.043  std 0.217  lr 1.0e-04  fps   7995   162.2s
it 4569/8000  reward     nan  ep_len    nan  fell    0  err_xy 0.041  std 0.217  lr 1.0e-04  fps   8547   162.5s
it 4570/8000  reward     nan  ep_len    nan  fell    0  err_xy 0.044  std 0.217  lr 1.0e-04  fps   8846   162.7s
it 4571/8000  reward     nan  ep_len    nan  fell    0  err_xy 0.036  std 0.217  lr 1.0e-04  fps   8781   163.0s
it 4572/8000  reward     nan  ep_len    nan  fell    0  err_xy 0.030  std 0.217  lr 1.0e-04  fps   8724   163.3s
it 4573/8000  reward  259.16  ep_len  808.0  fell    0  err_xy 0.235  std 0.217  lr 1.0e-04  fps   7631   163.6s
it 4574/8000  reward     nan  ep_len    nan  fell    0  err_xy 0.288  std 0.217  lr 1.0e-04  fps   9509   163.8s
it 4575/8000  reward     nan  ep_len    nan  fell    0  err_xy 0.209  std 0.217  lr 1.0e-04  fps   9172   164.1s
it 4576/8000  reward     nan  ep_len    nan  fell    0  err_xy 0.185  std 0.217  lr 1.0e-04  fps   9086   164.3s
it 4577/8000  reward     nan  ep_len    nan  fell    0  err_xy 0.183  std 0.217  lr 1.0e-04  fps   8955   164.6s
it 4578/8000  reward     nan  ep_len    nan  fell    0  err_xy 0.167  std 0.217  lr 1.0e-04  fps   8778   164.8s
it 4579/8000  reward     nan  ep_len    nan  fell    0  err_xy 0.159  std 0.217  lr 1.0e-04  fps   8690   165.1s
it 4580/8000  reward     nan  ep_len    nan  fell    0  err_xy 0.138  std 0.217  lr 1.0e-04  fps   8586   165.4s
it 4581/8000  reward     nan  ep_len    nan  fell    0  err_xy 0.124  std 0.217  lr 1.0e-04  fps   8646   165.6s
it 4582/8000  reward     nan  ep_len    nan  fell    0  err_xy 0.108  std 0.217  lr 1.0e-04  fps   8464   165.9s
it 4583/8000  reward     nan  ep_len    nan  fell    0  err_xy 0.085  std 0.217  lr 1.0e-04  fps   8230   166.2s
it 4584/8000  reward     nan  ep_len    nan  fell    0  err_xy 0.075  std 0.217  lr 1.0e-04  fps   8167   166.5s
it 4585/8000  reward     nan  ep_len    nan  fell    0  err_xy 0.077  std 0.217  lr 1.0e-04  fps   8295   166.7s
it 4586/8000  reward     nan  ep_len    nan  fell    0  err_xy 0.078  std 0.217  lr 1.0e-04  fps   7919   167.0s
it 4587/8000  reward     nan  ep_len    nan  fell    0  err_xy 0.061  std 0.217  lr 1.0e-04  fps   8408   167.3s
it 4588/8000  reward     nan  ep_len    nan  fell    0  err_xy 0.058  std 0.217  lr 1.0e-04  fps   8417   167.6s
it 4589/8000  reward     nan  ep_len    nan  fell    0  err_xy 0.050  std 0.217  lr 1.0e-04  fps   8333   167.9s
it 4590/8000  reward     nan  ep_len    nan  fell    0  err_xy 0.045  std 0.217  lr 1.0e-04  fps   7862   168.2s
it 4591/8000  reward     nan  ep_len    nan  fell    0  err_xy 0.047  std 0.217  lr 1.0e-04  fps   8226   168.4s
it 4592/8000  reward     nan  ep_len    nan  fell    0  err_xy 0.046  std 0.217  lr 1.0e-04  fps   8287   168.7s
it 4593/8000  reward     nan  ep_len    nan  fell    0  err_xy 0.053  std 0.217  lr 1.0e-04  fps   8333   169.0s
it 4594/8000  reward     nan  ep_len    nan  fell    0  err_xy 0.049  std 0.217  lr 1.0e-04  fps   7938   169.3s
it 4595/8000  reward     nan  ep_len    nan  fell    0  err_xy 0.044  std 0.217  lr 1.0e-04  fps   8218   169.6s
it 4596/8000  reward     nan  ep_len    nan  fell    0  err_xy 0.049  std 0.217  lr 1.0e-04  fps   8226   169.8s
it 4597/8000  reward     nan  ep_len    nan  fell    0  err_xy 0.047  std 0.217  lr 1.0e-04  fps   8503   170.1s
it 4598/8000  reward     nan  ep_len    nan  fell    0  err_xy 0.043  std 0.217  lr 1.0e-04  fps   8335   170.4s
it 4599/8000  reward     nan  ep_len    nan  fell    0  err_xy 0.038  std 0.217  lr 1.0e-04  fps   7818   170.7s
it 4600/8000  reward     nan  ep_len    nan  fell    0  err_xy 0.038  std 0.217  lr 1.0e-04  fps   8296   171.0s
it 4601/8000  reward     nan  ep_len    nan  fell    0  err_xy 0.032  std 0.217  lr 1.0e-04  fps   8325   171.2s
it 4602/8000  reward     nan  ep_len    nan  fell    0  err_xy 0.031  std 0.217  lr 1.0e-04  fps   8242   171.5s
it 4603/8000  reward     nan  ep_len    nan  fell    0  err_xy 0.037  std 0.217  lr 1.0e-04  fps   8314   171.8s
it 4604/8000  reward     nan  ep_len    nan  fell    0  err_xy 0.036  std 0.217  lr 1.0e-04  fps   8264   172.1s
it 4605/8000  reward     nan  ep_len    nan  fell    0  err_xy 0.032  std 0.217  lr 1.0e-04  fps   8576   172.4s
it 4606/8000  reward  262.33  ep_len  808.0  fell    0  err_xy 0.028  std 0.217  lr 1.0e-04  fps   7235   172.7s
it 4607/8000  reward     nan  ep_len    nan  fell    0  err_xy 0.324  std 0.217  lr 1.0e-04  fps   9228   172.9s
it 4608/8000  reward     nan  ep_len    nan  fell    0  err_xy 0.262  std 0.217  lr 1.0e-04  fps   8856   173.2s
it 4609/8000  reward     nan  ep_len    nan  fell    0  err_xy 0.186  std 0.217  lr 1.0e-04  fps   8859   173.4s
it 4610/8000  reward     nan  ep_len    nan  fell    0  err_xy 0.195  std 0.217  lr 1.0e-04  fps   8796   173.7s
it 4611/8000  reward     nan  ep_len    nan  fell    0  err_xy 0.188  std 0.217  lr 1.0e-04  fps   8777   174.0s
it 4612/8000  reward     nan  ep_len    nan  fell    0  err_xy 0.171  std 0.217  lr 1.0e-04  fps   8851   174.2s
it 4613/8000  reward     nan  ep_len    nan  fell    0  err_xy 0.140  std 0.217  lr 1.0e-04  fps   8590   174.5s
it 4614/8000  reward     nan  ep_len    nan  fell    0  err_xy 0.119  std 0.217  lr 1.0e-04  fps   8553   174.8s
it 4615/8000  reward     nan  ep_len    nan  fell    0  err_xy 0.102  std 0.217  lr 1.0e-04  fps   8242   175.0s
it 4616/8000  reward     nan  ep_len    nan  fell    0  err_xy 0.076  std 0.217  lr 1.0e-04  fps   8412   175.3s
it 4617/8000  reward     nan  ep_len    nan  fell    0  err_xy 0.069  std 0.217  lr 1.0e-04  fps   8435   175.6s
it 4618/8000  reward     nan  ep_len    nan  fell    0  err_xy 0.065  std 0.217  lr 1.0e-04  fps   8197   175.9s
it 4619/8000  reward     nan  ep_len    nan  fell    0  err_xy 0.058  std 0.217  lr 1.0e-04  fps   7962   176.2s
it 4620/8000  reward     nan  ep_len    nan  fell    0  err_xy 0.045  std 0.217  lr 1.0e-04  fps   8061   176.5s
it 4621/8000  reward     nan  ep_len    nan  fell    0  err_xy 0.034  std 0.217  lr 1.0e-04  fps   8141   176.7s
it 4622/8000  reward     nan  ep_len    nan  fell    0  err_xy 0.047  std 0.217  lr 1.0e-04  fps   8248   177.0s
it 4623/8000  reward     nan  ep_len    nan  fell    0  err_xy 0.042  std 0.217  lr 1.0e-04  fps   8292   177.3s
it 4624/8000  reward     nan  ep_len    nan  fell    0  err_xy 0.034  std 0.217  lr 1.0e-04  fps   8242   177.6s
it 4625/8000  reward     nan  ep_len    nan  fell    0  err_xy 0.030  std 0.217  lr 1.0e-04  fps   8003   177.9s
it 4626/8000  reward     nan  ep_len    nan  fell    0  err_xy 0.027  std 0.217  lr 1.0e-04  fps   7930   178.2s
it 4627/8000  reward     nan  ep_len    nan  fell    0  err_xy 0.023  std 0.217  lr 1.0e-04  fps   7922   178.4s
it 4628/8000  reward     nan  ep_len    nan  fell    0  err_xy 0.033  std 0.217  lr 1.0e-04  fps   8336   178.7s
it 4629/8000  reward     nan  ep_len    nan  fell    0  err_xy 0.029  std 0.217  lr 1.0e-04  fps   7896   179.0s
it 4630/8000  reward     nan  ep_len    nan  fell    0  err_xy 0.024  std 0.217  lr 1.0e-04  fps   8519   179.3s
it 4631/8000  reward     nan  ep_len    nan  fell    0  err_xy 0.019  std 0.217  lr 1.0e-04  fps   8431   179.6s
it 4632/8000  reward     nan  ep_len    nan  fell    0  err_xy 0.025  std 0.217  lr 1.0e-04  fps   7999   179.8s
it 4633/8000  reward     nan  ep_len    nan  fell    0  err_xy 0.023  std 0.217  lr 1.0e-04  fps   7680   180.1s
it 4634/8000  reward     nan  ep_len    nan  fell    0  err_xy 0.022  std 0.217  lr 1.0e-04  fps   8136   180.4s
it 4635/8000  reward     nan  ep_len    nan  fell    0  err_xy 0.015  std 0.217  lr 1.0e-04  fps   8434   180.7s
it 4636/8000  reward     nan  ep_len    nan  fell    0  err_xy 0.021  std 0.217  lr 1.0e-04  fps   8630   181.0s
it 4637/8000  reward     nan  ep_len    nan  fell    0  err_xy 0.019  std 0.217  lr 1.0e-04  fps   8692   181.2s
it 4638/8000  reward     nan  ep_len    nan  fell    0  err_xy 0.016  std 0.217  lr 1.0e-04  fps   8680   181.5s
it 4639/8000  reward     nan  ep_len    nan  fell    0  err_xy 0.018  std 0.217  lr 1.0e-04  fps   8768   181.8s
it 4640/8000  reward  277.60  ep_len  808.0  fell    0  err_xy 0.098  std 0.217  lr 1.0e-04  fps   7370   182.1s
it 4641/8000  reward     nan  ep_len    nan  fell    0  err_xy 0.385  std 0.217  lr 1.0e-04  fps   9545   182.3s
it 4642/8000  reward     nan  ep_len    nan  fell    0  err_xy 0.204  std 0.217  lr 1.0e-04  fps   9136   182.6s
it 4643/8000  reward     nan  ep_len    nan  fell    0  err_xy 0.218  std 0.217  lr 1.0e-04  fps   8986   182.8s
it 4644/8000  reward     nan  ep_len    nan  fell    0  err_xy 0.197  std 0.217  lr 1.0e-04  fps   8699   183.1s
it 4645/8000  reward     nan  ep_len    nan  fell    0  err_xy 0.144  std 0.217  lr 1.0e-04  fps   8601   183.4s
it 4646/8000  reward     nan  ep_len    nan  fell    0  err_xy 0.116  std 0.217  lr 1.0e-04  fps   8545   183.6s
it 4647/8000  reward     nan  ep_len    nan  fell    0  err_xy 0.100  std 0.217  lr 1.0e-04  fps   8535   183.9s
it 4648/8000  reward     nan  ep_len    nan  fell    0  err_xy 0.101  std 0.217  lr 1.0e-04  fps   8510   184.2s
it 4649/8000  reward     nan  ep_len    nan  fell    0  err_xy 0.082  std 0.217  lr 1.0e-04  fps   8394   184.4s
it 4650/8000  reward     nan  ep_len    nan  fell    0  err_xy 0.068  std 0.217  lr 1.0e-04  fps   8299   184.7s
it 4651/8000  reward     nan  ep_len    nan  fell    0  err_xy 0.054  std 0.217  lr 1.0e-04  fps   7888   185.0s
it 4652/8000  reward     nan  ep_len    nan  fell    0  err_xy 0.046  std 0.217  lr 1.0e-04  fps   8282   185.3s
it 4653/8000  reward     nan  ep_len    nan  fell    0  err_xy 0.046  std 0.217  lr 1.0e-04  fps   8206   185.6s
it 4654/8000  reward     nan  ep_len    nan  fell    0  err_xy 0.040  std 0.217  lr 1.0e-04  fps   7875   185.9s
it 4655/8000  reward     nan  ep_len    nan  fell    0  err_xy 0.035  std 0.217  lr 1.0e-04  fps   7948   186.2s
it 4656/8000  reward     nan  ep_len    nan  fell    0  err_xy 0.028  std 0.217  lr 1.0e-04  fps   8294   186.4s
it 4657/8000  reward     nan  ep_len    nan  fell    0  err_xy 0.026  std 0.217  lr 1.0e-04  fps   8322   186.7s
it 4658/8000  reward     nan  ep_len    nan  fell    0  err_xy 0.024  std 0.217  lr 1.0e-04  fps   8190   187.0s
it 4659/8000  reward     nan  ep_len    nan  fell    0  err_xy 0.028  std 0.217  lr 1.0e-04  fps   7714   187.3s
it 4660/8000  reward     nan  ep_len    nan  fell    0  err_xy 0.024  std 0.217  lr 1.0e-04  fps   8006   187.6s
it 4661/8000  reward     nan  ep_len    nan  fell    0  err_xy 0.025  std 0.217  lr 1.0e-04  fps   8260   187.9s
it 4662/8000  reward     nan  ep_len    nan  fell    0  err_xy 0.029  std 0.217  lr 1.0e-04  fps   8534   188.1s
it 4663/8000  reward     nan  ep_len    nan  fell    0  err_xy 0.025  std 0.217  lr 1.0e-04  fps   8115   188.4s
it 4664/8000  reward     nan  ep_len    nan  fell    0  err_xy 0.026  std 0.217  lr 1.0e-04  fps   8556   188.7s
it 4665/8000  reward     nan  ep_len    nan  fell    0  err_xy 0.024  std 0.217  lr 1.0e-04  fps   8481   189.0s
it 4666/8000  reward     nan  ep_len    nan  fell    0  err_xy 0.018  std 0.217  lr 1.0e-04  fps   8489   189.2s
it 4667/8000  reward     nan  ep_len    nan  fell    0  err_xy 0.021  std 0.217  lr 1.0e-04  fps   8517   189.5s
it 4668/8000  reward     nan  ep_len    nan  fell    0  err_xy 0.021  std 0.217  lr 1.0e-04  fps   8437   189.8s
it 4669/8000  reward     nan  ep_len    nan  fell    0  err_xy 0.017  std 0.216  lr 1.0e-04  fps   8343   190.1s
it 4670/8000  reward     nan  ep_len    nan  fell    0  err_xy 0.018  std 0.216  lr 1.0e-04  fps   8564   190.3s
it 4671/8000  reward     nan  ep_len    nan  fell    0  err_xy 0.020  std 0.217  lr 1.0e-04  fps   8665   190.6s
it 4672/8000  reward     nan  ep_len    nan  fell    0  err_xy 0.021  std 0.217  lr 1.0e-04  fps   8876   190.8s
it 4673/8000  reward     nan  ep_len    nan  fell    0  err_xy 0.022  std 0.217  lr 1.0e-04  fps   8921   191.1s
it 4674/8000  reward  294.76  ep_len  808.0  fell    0  err_xy 0.272  std 0.217  lr 1.0e-04  fps   7547   191.4s
it 4675/8000  reward     nan  ep_len    nan  fell    0  err_xy 0.292  std 0.217  lr 1.0e-04  fps   9284   191.7s
it 4676/8000  reward     nan  ep_len    nan  fell    0  err_xy 0.195  std 0.217  lr 1.0e-04  fps   9013   191.9s
it 4677/8000  reward     nan  ep_len    nan  fell    0  err_xy 0.219  std 0.217  lr 1.0e-04  fps   8951   192.2s
it 4678/8000  reward     nan  ep_len    nan  fell    0  err_xy 0.188  std 0.217  lr 1.0e-04  fps   8847   192.4s
it 4679/8000  reward     nan  ep_len    nan  fell    0  err_xy 0.157  std 0.217  lr 1.0e-04  fps   8670   192.7s
it 4680/8000  reward     nan  ep_len    nan  fell    0  err_xy 0.124  std 0.217  lr 1.0e-04  fps   8549   193.0s
it 4681/8000  reward     nan  ep_len    nan  fell    0  err_xy 0.112  std 0.217  lr 1.0e-04  fps   8395   193.2s
it 4682/8000  reward     nan  ep_len    nan  fell    0  err_xy 0.097  std 0.217  lr 1.0e-04  fps   8474   193.5s
it 4683/8000  reward     nan  ep_len    nan  fell    0  err_xy 0.080  std 0.217  lr 1.0e-04  fps   8426   193.8s
it 4684/8000  reward     nan  ep_len    nan  fell    0  err_xy 0.058  std 0.217  lr 1.0e-04  fps   6848   194.1s
it 4685/8000  reward     nan  ep_len    nan  fell    0  err_xy 0.046  std 0.217  lr 1.0e-04  fps   7881   194.4s
it 4686/8000  reward     nan  ep_len    nan  fell    0  err_xy 0.046  std 0.217  lr 1.0e-04  fps   8333   194.7s
it 4687/8000  reward     nan  ep_len    nan  fell    0  err_xy 0.039  std 0.217  lr 1.0e-04  fps   8347   195.0s
it 4688/8000  reward     nan  ep_len    nan  fell    0  err_xy 0.034  std 0.217  lr 1.0e-04  fps   6710   195.3s
it 4689/8000  reward     nan  ep_len    nan  fell    0  err_xy 0.028  std 0.217  lr 1.0e-04  fps   8449   195.6s
it 4690/8000  reward     nan  ep_len    nan  fell    0  err_xy 0.027  std 0.217  lr 1.0e-04  fps   8415   195.9s
it 4691/8000  reward     nan  ep_len    nan  fell    0  err_xy 0.019  std 0.217  lr 1.0e-04  fps   8303   196.1s
it 4692/8000  reward     nan  ep_len    nan  fell    0  err_xy 0.018  std 0.217  lr 1.0e-04  fps   8107   196.4s
it 4693/8000  reward     nan  ep_len    nan  fell    0  err_xy 0.022  std 0.217  lr 1.0e-04  fps   8386   196.7s
it 4694/8000  reward     nan  ep_len    nan  fell    0  err_xy 0.022  std 0.217  lr 1.0e-04  fps   8404   197.0s
it 4695/8000  reward     nan  ep_len    nan  fell    0  err_xy 0.024  std 0.217  lr 1.0e-04  fps   8604   197.2s
it 4696/8000  reward     nan  ep_len    nan  fell    0  err_xy 0.031  std 0.217  lr 1.0e-04  fps   8572   197.5s
it 4697/8000  reward     nan  ep_len    nan  fell    0  err_xy 0.025  std 0.216  lr 1.0e-04  fps   8622   197.8s
it 4698/8000  reward     nan  ep_len    nan  fell    0  err_xy 0.022  std 0.216  lr 1.0e-04  fps   8149   198.1s
it 4699/8000  reward     nan  ep_len    nan  fell    0  err_xy 0.021  std 0.216  lr 1.0e-04  fps   8662   198.3s
it 4700/8000  reward     nan  ep_len    nan  fell    0  err_xy 0.017  std 0.216  lr 1.0e-04  fps   8679   198.6s
it 4701/8000  reward     nan  ep_len    nan  fell    0  err_xy 0.017  std 0.216  lr 1.0e-04  fps   8680   198.9s
it 4702/8000  reward     nan  ep_len    nan  fell    0  err_xy 0.020  std 0.216  lr 1.0e-04  fps   8633   199.1s
it 4703/8000  reward     nan  ep_len    nan  fell    0  err_xy 0.030  std 0.216  lr 1.0e-04  fps   8659   199.4s
it 4704/8000  reward     nan  ep_len    nan  fell    0  err_xy 0.026  std 0.216  lr 1.0e-04  fps   8704   199.7s
it 4705/8000  reward     nan  ep_len    nan  fell    0  err_xy 0.023  std 0.217  lr 1.0e-04  fps   8558   199.9s
it 4706/8000  reward     nan  ep_len    nan  fell    0  err_xy 0.023  std 0.217  lr 1.0e-04  fps   8575   200.2s
it 4707/8000  reward  289.45  ep_len  808.0  fell    0  err_xy 0.021  std 0.217  lr 1.0e-04  fps   7058   200.5s
it 4708/8000  reward     nan  ep_len    nan  fell    0  err_xy 0.345  std 0.217  lr 1.0e-04  fps   9289   200.8s
it 4709/8000  reward     nan  ep_len    nan  fell    0  err_xy 0.254  std 0.217  lr 1.0e-04  fps   9060   201.0s
it 4710/8000  reward     nan  ep_len    nan  fell    0  err_xy 0.230  std 0.217  lr 1.0e-04  fps   9074   201.3s
it 4711/8000  reward     nan  ep_len    nan  fell    0  err_xy 0.245  std 0.217  lr 1.0e-04  fps   8668   201.6s
it 4712/8000  reward     nan  ep_len    nan  fell    0  err_xy 0.195  std 0.217  lr 1.0e-04  fps   8583   201.8s
it 4713/8000  reward     nan  ep_len    nan  fell    0  err_xy 0.153  std 0.217  lr 1.0e-04  fps   8362   202.1s
it 4714/8000  reward     nan  ep_len    nan  fell    0  err_xy 0.117  std 0.217  lr 1.0e-04  fps   8515   202.4s
it 4715/8000  reward     nan  ep_len    nan  fell    0  err_xy 0.107  std 0.217  lr 1.0e-04  fps   8438   202.6s
it 4716/8000  reward     nan  ep_len    nan  fell    0  err_xy 0.099  std 0.217  lr 1.0e-04  fps   8361   202.9s
it 4717/8000  reward     nan  ep_len    nan  fell    0  err_xy 0.077  std 0.217  lr 1.0e-04  fps   8208   203.2s
it 4718/8000  reward     nan  ep_len    nan  fell    0  err_xy 0.064  std 0.217  lr 1.0e-04  fps   8347   203.5s
it 4719/8000  reward     nan  ep_len    nan  fell    0  err_xy 0.045  std 0.217  lr 1.0e-04  fps   8159   203.8s
it 4720/8000  reward     nan  ep_len    nan  fell    0  err_xy 0.047  std 0.217  lr 1.0e-04  fps   8053   204.0s
it 4721/8000  reward     nan  ep_len    nan  fell    0  err_xy 0.045  std 0.217  lr 1.0e-04  fps   8331   204.3s
it 4722/8000  reward     nan  ep_len    nan  fell    0  err_xy 0.030  std 0.217  lr 1.0e-04  fps   8230   204.6s
it 4723/8000  reward     nan  ep_len    nan  fell    0  err_xy 0.026  std 0.217  lr 1.0e-04  fps   8206   204.9s
it 4724/8000  reward     nan  ep_len    nan  fell    0  err_xy 0.025  std 0.217  lr 1.0e-04  fps   8258   205.2s
it 4725/8000  reward     nan  ep_len    nan  fell    0  err_xy 0.031  std 0.217  lr 1.0e-04  fps   8401   205.4s
it 4726/8000  reward     nan  ep_len    nan  fell    0  err_xy 0.029  std 0.217  lr 1.0e-04  fps   8497   205.7s
it 4727/8000  reward     nan  ep_len    nan  fell    0  err_xy 0.025  std 0.217  lr 1.0e-04  fps   8433   206.0s
it 4728/8000  reward     nan  ep_len    nan  fell    0  err_xy 0.025  std 0.217  lr 1.0e-04  fps   8116   206.3s
it 4729/8000  reward     nan  ep_len    nan  fell    0  err_xy 0.020  std 0.217  lr 1.0e-04  fps   7887   206.6s
it 4730/8000  reward     nan  ep_len    nan  fell    0  err_xy 0.021  std 0.217  lr 1.0e-04  fps   8107   206.8s
it 4731/8000  reward     nan  ep_len    nan  fell    0  err_xy 0.019  std 0.217  lr 1.0e-04  fps   8537   207.1s
it 4732/8000  reward     nan  ep_len    nan  fell    0  err_xy 0.018  std 0.217  lr 1.0e-04  fps   8641   207.4s
it 4733/8000  reward     nan  ep_len    nan  fell    0  err_xy 0.030  std 0.217  lr 1.0e-04  fps   8727   207.6s
it 4734/8000  reward     nan  ep_len    nan  fell    0  err_xy 0.047  std 0.217  lr 1.0e-04  fps   8815   207.9s
it 4735/8000  reward     nan  ep_len    nan  fell    0  err_xy 0.036  std 0.217  lr 1.0e-04  fps   8818   208.2s
it 4736/8000  reward     nan  ep_len    nan  fell    0  err_xy 0.045  std 0.217  lr 1.0e-04  fps   8815   208.4s
it 4737/8000  reward     nan  ep_len    nan  fell    0  err_xy 0.043  std 0.217  lr 1.0e-04  fps   8602   208.7s
it 4738/8000  reward     nan  ep_len    nan  fell    0  err_xy 0.043  std 0.217  lr 1.0e-04  fps   8761   209.0s
it 4739/8000  reward     nan  ep_len    nan  fell    0  err_xy 0.040  std 0.217  lr 1.0e-04  fps   8805   209.2s
it 4740/8000  reward     nan  ep_len    nan  fell    0  err_xy 0.036  std 0.217  lr 1.0e-04  fps   8819   209.5s
it 4741/8000  reward  275.45  ep_len  808.0  fell    0  err_xy 0.105  std 0.217  lr 1.0e-04  fps   7390   209.8s
it 4742/8000  reward     nan  ep_len    nan  fell    0  err_xy 0.383  std 0.217  lr 1.0e-04  fps   9248   210.0s
it 4743/8000  reward     nan  ep_len    nan  fell    0  err_xy 0.248  std 0.217  lr 1.0e-04  fps   9063   210.3s
it 4744/8000  reward     nan  ep_len    nan  fell    0  err_xy 0.240  std 0.217  lr 1.0e-04  fps   9147   210.6s
it 4745/8000  reward     nan  ep_len    nan  fell    0  err_xy 0.249  std 0.217  lr 1.0e-04  fps   9060   210.8s
it 4746/8000  reward     nan  ep_len    nan  fell    0  err_xy 0.202  std 0.217  lr 1.0e-04  fps   8844   211.1s
it 4747/8000  reward     nan  ep_len    nan  fell    0  err_xy 0.188  std 0.217  lr 1.0e-04  fps   8711   211.3s
it 4748/8000  reward     nan  ep_len    nan  fell    0  err_xy 0.180  std 0.217  lr 1.0e-04  fps   8782   211.6s
it 4749/8000  reward     nan  ep_len    nan  fell    0  err_xy 0.146  std 0.217  lr 1.0e-04  fps   8832   211.9s
it 4750/8000  reward     nan  ep_len    nan  fell    0  err_xy 0.131  std 0.217  lr 1.0e-04  fps   8643   212.1s
it 4751/8000  reward     nan  ep_len    nan  fell    0  err_xy 0.122  std 0.217  lr 1.0e-04  fps   8576   212.4s
it 4752/8000  reward     nan  ep_len    nan  fell    0  err_xy 0.107  std 0.217  lr 1.0e-04  fps   8496   212.7s
it 4753/8000  reward     nan  ep_len    nan  fell    0  err_xy 0.102  std 0.217  lr 1.0e-04  fps   8112   212.9s
it 4754/8000  reward     nan  ep_len    nan  fell    0  err_xy 0.089  std 0.217  lr 1.0e-04  fps   8291   213.2s
it 4755/8000  reward     nan  ep_len    nan  fell    0  err_xy 0.075  std 0.217  lr 1.0e-04  fps   8447   213.5s
it 4756/8000  reward     nan  ep_len    nan  fell    0  err_xy 0.086  std 0.217  lr 1.0e-04  fps   8420   213.8s
it 4757/8000  reward     nan  ep_len    nan  fell    0  err_xy 0.073  std 0.217  lr 1.0e-04  fps   8340   214.0s
it 4758/8000  reward     nan  ep_len    nan  fell    0  err_xy 0.063  std 0.217  lr 1.0e-04  fps   8392   214.3s
it 4759/8000  reward     nan  ep_len    nan  fell    0  err_xy 0.060  std 0.217  lr 1.0e-04  fps   8385   214.6s
it 4760/8000  reward     nan  ep_len    nan  fell    0  err_xy 0.055  std 0.217  lr 1.0e-04  fps   8420   214.9s
it 4761/8000  reward     nan  ep_len    nan  fell    0  err_xy 0.052  std 0.217  lr 1.0e-04  fps   8398   215.1s
it 4762/8000  reward     nan  ep_len    nan  fell    0  err_xy 0.054  std 0.217  lr 1.0e-04  fps   8431   215.4s
it 4763/8000  reward     nan  ep_len    nan  fell    0  err_xy 0.038  std 0.217  lr 1.0e-04  fps   8462   215.7s
it 4764/8000  reward     nan  ep_len    nan  fell    0  err_xy 0.041  std 0.217  lr 1.0e-04  fps   8536   216.0s
it 4765/8000  reward     nan  ep_len    nan  fell    0  err_xy 0.035  std 0.217  lr 1.0e-04  fps   8508   216.2s
it 4766/8000  reward     nan  ep_len    nan  fell    0  err_xy 0.045  std 0.217  lr 1.0e-04  fps   8562   216.5s
it 4767/8000  reward     nan  ep_len    nan  fell    0  err_xy 0.043  std 0.217  lr 1.0e-04  fps   8549   216.8s
it 4768/8000  reward     nan  ep_len    nan  fell    0  err_xy 0.032  std 0.217  lr 1.0e-04  fps   8554   217.0s
it 4769/8000  reward     nan  ep_len    nan  fell    0  err_xy 0.038  std 0.217  lr 1.0e-04  fps   8733   217.3s
it 4770/8000  reward     nan  ep_len    nan  fell    0  err_xy 0.049  std 0.217  lr 1.0e-04  fps   8691   217.6s
it 4771/8000  reward     nan  ep_len    nan  fell    0  err_xy 0.037  std 0.217  lr 1.0e-04  fps   8680   217.8s
it 4772/8000  reward     nan  ep_len    nan  fell    0  err_xy 0.039  std 0.217  lr 1.0e-04  fps   8655   218.1s
it 4773/8000  reward     nan  ep_len    nan  fell    0  err_xy 0.037  std 0.217  lr 1.0e-04  fps   8721   218.4s
it 4774/8000  reward     nan  ep_len    nan  fell    0  err_xy 0.027  std 0.217  lr 1.0e-04  fps   8693   218.6s
it 4775/8000  reward  260.11  ep_len  808.0  fell    0  err_xy 0.249  std 0.217  lr 1.0e-04  fps   7443   218.9s
it 4776/8000  reward     nan  ep_len    nan  fell    0  err_xy 0.310  std 0.217  lr 1.0e-04  fps   9246   219.2s
it 4777/8000  reward     nan  ep_len    nan  fell    0  err_xy 0.234  std 0.217  lr 1.0e-04  fps   8973   219.5s
it 4778/8000  reward     nan  ep_len    nan  fell    0  err_xy 0.228  std 0.217  lr 1.0e-04  fps   8864   219.7s
it 4779/8000  reward     nan  ep_len    nan  fell    0  err_xy 0.169  std 0.217  lr 1.0e-04  fps   8671   220.0s
it 4780/8000  reward     nan  ep_len    nan  fell    0  err_xy 0.137  std 0.217  lr 1.0e-04  fps   8520   220.2s
it 4781/8000  reward     nan  ep_len    nan  fell    0  err_xy 0.108  std 0.217  lr 1.0e-04  fps   8391   220.5s
it 4782/8000  reward     nan  ep_len    nan  fell    0  err_xy 0.097  std 0.217  lr 1.0e-04  fps   8493   220.8s
it 4783/8000  reward     nan  ep_len    nan  fell    0  err_xy 0.098  std 0.217  lr 1.0e-04  fps   8422   221.1s
it 4784/8000  reward     nan  ep_len    nan  fell    0  err_xy 0.085  std 0.217  lr 1.0e-04  fps   8368   221.3s
it 4785/8000  reward     nan  ep_len    nan  fell    0  err_xy 0.079  std 0.217  lr 1.0e-04  fps   8535   221.6s
it 4786/8000  reward     nan  ep_len    nan  fell    0  err_xy 0.078  std 0.217  lr 1.0e-04  fps   8447   221.9s
it 4787/8000  reward     nan  ep_len    nan  fell    0  err_xy 0.065  std 0.217  lr 1.0e-04  fps   8480   222.2s
it 4788/8000  reward     nan  ep_len    nan  fell    0  err_xy 0.055  std 0.217  lr 1.0e-04  fps   8439   222.4s
it 4789/8000  reward     nan  ep_len    nan  fell    0  err_xy 0.042  std 0.217  lr 1.0e-04  fps   8390   222.7s
it 4790/8000  reward     nan  ep_len    nan  fell    0  err_xy 0.042  std 0.217  lr 1.0e-04  fps   8395   223.0s
it 4791/8000  reward     nan  ep_len    nan  fell    0  err_xy 0.041  std 0.217  lr 1.0e-04  fps   8420   223.3s
it 4792/8000  reward     nan  ep_len    nan  fell    0  err_xy 0.036  std 0.217  lr 1.0e-04  fps   8506   223.5s
it 4793/8000  reward     nan  ep_len    nan  fell    0  err_xy 0.035  std 0.217  lr 1.0e-04  fps   8454   223.8s
it 4794/8000  reward     nan  ep_len    nan  fell    0  err_xy 0.037  std 0.217  lr 1.0e-04  fps   8483   224.1s
it 4795/8000  reward     nan  ep_len    nan  fell    0  err_xy 0.037  std 0.217  lr 1.0e-04  fps   8508   224.3s
it 4796/8000  reward     nan  ep_len    nan  fell    0  err_xy 0.036  std 0.217  lr 1.0e-04  fps   8601   224.6s
it 4797/8000  reward     nan  ep_len    nan  fell    0  err_xy 0.036  std 0.217  lr 1.0e-04  fps   8571   224.9s
it 4798/8000  reward     nan  ep_len    nan  fell    0  err_xy 0.039  std 0.217  lr 1.0e-04  fps   8557   225.2s
it 4799/8000  reward     nan  ep_len    nan  fell    0  err_xy 0.035  std 0.217  lr 1.0e-04  fps   8523   225.4s
it 4800/8000  reward     nan  ep_len    nan  fell    0  err_xy 0.037  std 0.217  lr 1.0e-04  fps   8648   225.7s
it 4801/8000  reward     nan  ep_len    nan  fell    0  err_xy 0.026  std 0.217  lr 1.0e-04  fps   8520   226.0s
it 4802/8000  reward     nan  ep_len    nan  fell    0  err_xy 0.021  std 0.217  lr 1.0e-04  fps   8626   226.2s
it 4803/8000  reward     nan  ep_len    nan  fell    0  err_xy 0.039  std 0.217  lr 1.0e-04  fps   8679   226.5s
it 4804/8000  reward     nan  ep_len    nan  fell    0  err_xy 0.042  std 0.217  lr 1.0e-04  fps   8692   226.8s
it 4805/8000  reward     nan  ep_len    nan  fell    0  err_xy 0.040  std 0.217  lr 1.0e-04  fps   8652   227.0s
it 4806/8000  reward     nan  ep_len    nan  fell    0  err_xy 0.044  std 0.217  lr 1.0e-04  fps   8645   227.3s
it 4807/8000  reward     nan  ep_len    nan  fell    0  err_xy 0.039  std 0.217  lr 1.0e-04  fps   8537   227.6s
it 4808/8000  reward  284.70  ep_len  808.0  fell    0  err_xy 0.041  std 0.217  lr 1.0e-04  fps   7144   227.9s
it 4809/8000  reward     nan  ep_len    nan  fell    0  err_xy 0.383  std 0.217  lr 1.0e-04  fps   9117   228.1s
it 4810/8000  reward     nan  ep_len    nan  fell    0  err_xy 0.282  std 0.217  lr 1.0e-04  fps   6021   228.5s
it 4811/8000  reward     nan  ep_len    nan  fell    0  err_xy 0.259  std 0.217  lr 1.0e-04  fps   7909   228.8s
it 4812/8000  reward     nan  ep_len    nan  fell    0  err_xy 0.201  std 0.217  lr 1.0e-04  fps   7590   229.1s
it 4813/8000  reward     nan  ep_len    nan  fell    0  err_xy 0.153  std 0.217  lr 1.0e-04  fps   8346   229.4s
it 4814/8000  reward     nan  ep_len    nan  fell    0  err_xy 0.146  std 0.217  lr 1.0e-04  fps   8254   229.7s
it 4815/8000  reward     nan  ep_len    nan  fell    0  err_xy 0.129  std 0.217  lr 1.0e-04  fps   8226   230.0s
it 4816/8000  reward     nan  ep_len    nan  fell    0  err_xy 0.119  std 0.217  lr 1.0e-04  fps   8155   230.2s
it 4817/8000  reward     nan  ep_len    nan  fell    0  err_xy 0.107  std 0.217  lr 1.0e-04  fps   8255   230.5s
it 4818/8000  reward     nan  ep_len    nan  fell    0  err_xy 0.097  std 0.217  lr 1.0e-04  fps   8283   230.8s
it 4819/8000  reward     nan  ep_len    nan  fell    0  err_xy 0.094  std 0.217  lr 1.0e-04  fps   8140   231.1s
it 4820/8000  reward     nan  ep_len    nan  fell    0  err_xy 0.085  std 0.217  lr 1.0e-04  fps   8269   231.4s
it 4821/8000  reward     nan  ep_len    nan  fell    0  err_xy 0.071  std 0.217  lr 1.0e-04  fps   8257   231.6s
it 4822/8000  reward     nan  ep_len    nan  fell    0  err_xy 0.060  std 0.217  lr 1.0e-04  fps   8189   231.9s
it 4823/8000  reward     nan  ep_len    nan  fell    0  err_xy 0.060  std 0.217  lr 1.0e-04  fps   8114   232.2s
it 4824/8000  reward     nan  ep_len    nan  fell    0  err_xy 0.056  std 0.217  lr 1.0e-04  fps   8041   232.5s
it 4825/8000  reward     nan  ep_len    nan  fell    0  err_xy 0.050  std 0.217  lr 1.0e-04  fps   8340   232.8s
it 4826/8000  reward     nan  ep_len    nan  fell    0  err_xy 0.052  std 0.217  lr 1.0e-04  fps   8434   233.0s
it 4827/8000  reward     nan  ep_len    nan  fell    0  err_xy 0.049  std 0.217  lr 1.0e-04  fps   8521   233.3s
it 4828/8000  reward     nan  ep_len    nan  fell    0  err_xy 0.039  std 0.217  lr 1.0e-04  fps   8625   233.6s
it 4829/8000  reward     nan  ep_len    nan  fell    0  err_xy 0.041  std 0.217  lr 1.0e-04  fps   8672   233.8s
it 4830/8000  reward     nan  ep_len    nan  fell    0  err_xy 0.043  std 0.217  lr 1.0e-04  fps   8513   234.1s
it 4831/8000  reward     nan  ep_len    nan  fell    0  err_xy 0.046  std 0.217  lr 1.0e-04  fps   8568   234.4s
it 4832/8000  reward     nan  ep_len    nan  fell    0  err_xy 0.040  std 0.217  lr 1.0e-04  fps   8439   234.7s
it 4833/8000  reward     nan  ep_len    nan  fell    0  err_xy 0.044  std 0.217  lr 1.0e-04  fps   8723   234.9s
it 4834/8000  reward     nan  ep_len    nan  fell    0  err_xy 0.042  std 0.217  lr 1.0e-04  fps   8776   235.2s
it 4835/8000  reward     nan  ep_len    nan  fell    0  err_xy 0.039  std 0.217  lr 1.0e-04  fps   8730   235.4s
it 4836/8000  reward     nan  ep_len    nan  fell    0  err_xy 0.036  std 0.217  lr 1.0e-04  fps   8920   235.7s
it 4837/8000  reward     nan  ep_len    nan  fell    0  err_xy 0.028  std 0.217  lr 1.0e-04  fps   8768   236.0s
it 4838/8000  reward     nan  ep_len    nan  fell    0  err_xy 0.033  std 0.217  lr 1.0e-04  fps   8853   236.2s
it 4839/8000  reward     nan  ep_len    nan  fell    0  err_xy 0.029  std 0.217  lr 1.0e-04  fps   8856   236.5s
it 4840/8000  reward     nan  ep_len    nan  fell    0  err_xy 0.026  std 0.217  lr 1.0e-04  fps   8854   236.8s
it 4841/8000  reward     nan  ep_len    nan  fell    0  err_xy 0.028  std 0.217  lr 1.0e-04  fps   8941   237.0s
it 4842/8000  reward  279.20  ep_len  808.0  fell    0  err_xy 0.108  std 0.217  lr 1.0e-04  fps   7356   237.3s
it 4843/8000  reward     nan  ep_len    nan  fell    0  err_xy 0.405  std 0.217  lr 1.0e-04  fps   9288   237.6s
it 4844/8000  reward     nan  ep_len    nan  fell    0  err_xy 0.240  std 0.217  lr 1.0e-04  fps   9081   237.8s
it 4845/8000  reward     nan  ep_len    nan  fell    0  err_xy 0.232  std 0.217  lr 1.0e-04  fps   8843   238.1s
it 4846/8000  reward     nan  ep_len    nan  fell    0  err_xy 0.188  std 0.217  lr 1.0e-04  fps   8490   238.4s
it 4847/8000  reward     nan  ep_len    nan  fell    0  err_xy 0.146  std 0.217  lr 1.0e-04  fps   8347   238.6s
it 4848/8000  reward     nan  ep_len    nan  fell    0  err_xy 0.120  std 0.217  lr 1.0e-04  fps   8281   238.9s
it 4849/8000  reward     nan  ep_len    nan  fell    0  err_xy 0.084  std 0.217  lr 1.0e-04  fps   8292   239.2s
it 4850/8000  reward     nan  ep_len    nan  fell    0  err_xy 0.080  std 0.217  lr 1.0e-04  fps   8316   239.5s
it 4851/8000  reward     nan  ep_len    nan  fell    0  err_xy 0.064  std 0.217  lr 1.0e-04  fps   8299   239.7s
it 4852/8000  reward     nan  ep_len    nan  fell    0  err_xy 0.064  std 0.217  lr 1.0e-04  fps   8306   240.0s
it 4853/8000  reward     nan  ep_len    nan  fell    0  err_xy 0.063  std 0.217  lr 1.0e-04  fps   8351   240.3s
it 4854/8000  reward     nan  ep_len    nan  fell    0  err_xy 0.054  std 0.217  lr 1.0e-04  fps   8462   240.6s
it 4855/8000  reward     nan  ep_len    nan  fell    0  err_xy 0.049  std 0.217  lr 1.0e-04  fps   8471   240.8s
it 4856/8000  reward     nan  ep_len    nan  fell    0  err_xy 0.038  std 0.217  lr 1.0e-04  fps   8479   241.1s
it 4857/8000  reward     nan  ep_len    nan  fell    0  err_xy 0.035  std 0.217  lr 1.0e-04  fps   8563   241.4s
it 4858/8000  reward     nan  ep_len    nan  fell    0  err_xy 0.031  std 0.217  lr 1.0e-04  fps   8484   241.7s
it 4859/8000  reward     nan  ep_len    nan  fell    0  err_xy 0.034  std 0.217  lr 1.0e-04  fps   8492   241.9s
it 4860/8000  reward     nan  ep_len    nan  fell    0  err_xy 0.028  std 0.217  lr 1.0e-04  fps   8503   242.2s
it 4861/8000  reward     nan  ep_len    nan  fell    0  err_xy 0.026  std 0.217  lr 1.0e-04  fps   8637   242.5s
it 4862/8000  reward     nan  ep_len    nan  fell    0  err_xy 0.021  std 0.217  lr 1.0e-04  fps   8680   242.7s
it 4863/8000  reward     nan  ep_len    nan  fell    0  err_xy 0.020  std 0.217  lr 1.0e-04  fps   8650   243.0s
it 4864/8000  reward     nan  ep_len    nan  fell    0  err_xy 0.015  std 0.217  lr 1.0e-04  fps   8678   243.3s
it 4865/8000  reward     nan  ep_len    nan  fell    0  err_xy 0.023  std 0.217  lr 1.0e-04  fps   8762   243.5s
it 4866/8000  reward     nan  ep_len    nan  fell    0  err_xy 0.019  std 0.217  lr 1.0e-04  fps   8821   243.8s
it 4867/8000  reward     nan  ep_len    nan  fell    0  err_xy 0.029  std 0.217  lr 1.0e-04  fps   8787   244.1s
it 4868/8000  reward     nan  ep_len    nan  fell    0  err_xy 0.037  std 0.217  lr 1.0e-04  fps   8766   244.3s
it 4869/8000  reward     nan  ep_len    nan  fell    0  err_xy 0.023  std 0.217  lr 1.0e-04  fps   8755   244.6s
it 4870/8000  reward     nan  ep_len    nan  fell    0  err_xy 0.018  std 0.217  lr 1.0e-04  fps   8812   244.8s
it 4871/8000  reward     nan  ep_len    nan  fell    0  err_xy 0.019  std 0.217  lr 1.0e-04  fps   8816   245.1s
it 4872/8000  reward     nan  ep_len    nan  fell    0  err_xy 0.023  std 0.217  lr 1.0e-04  fps   8840   245.4s
it 4873/8000  reward     nan  ep_len    nan  fell    0  err_xy 0.027  std 0.217  lr 1.0e-04  fps   8790   245.6s
it 4874/8000  reward     nan  ep_len    nan  fell    0  err_xy 0.021  std 0.217  lr 1.0e-04  fps   8824   245.9s
it 4875/8000  reward     nan  ep_len    nan  fell    0  err_xy 0.019  std 0.217  lr 1.0e-04  fps   8797   246.2s
it 4876/8000  reward  293.10  ep_len  808.0  fell    0  err_xy 0.279  std 0.217  lr 1.0e-04  fps   7503   246.5s
it 4877/8000  reward     nan  ep_len    nan  fell    0  err_xy 0.309  std 0.217  lr 1.0e-04  fps   9326   246.7s
it 4878/8000  reward     nan  ep_len    nan  fell    0  err_xy 0.244  std 0.217  lr 1.0e-04  fps   9076   247.0s
it 4879/8000  reward     nan  ep_len    nan  fell    0  err_xy 0.253  std 0.217  lr 1.0e-04  fps   8864   247.2s
it 4880/8000  reward     nan  ep_len    nan  fell    0  err_xy 0.180  std 0.217  lr 1.0e-04  fps   8724   247.5s
it 4881/8000  reward     nan  ep_len    nan  fell    0  err_xy 0.161  std 0.217  lr 1.0e-04  fps   8520   247.8s
it 4882/8000  reward     nan  ep_len    nan  fell    0  err_xy 0.139  std 0.217  lr 1.0e-04  fps   8543   248.0s
it 4883/8000  reward     nan  ep_len    nan  fell    0  err_xy 0.112  std 0.217  lr 1.0e-04  fps   8457   248.3s
it 4884/8000  reward     nan  ep_len    nan  fell    0  err_xy 0.080  std 0.217  lr 1.0e-04  fps   8363   248.6s
it 4885/8000  reward     nan  ep_len    nan  fell    0  err_xy 0.059  std 0.217  lr 1.0e-04  fps   8368   248.9s
it 4886/8000  reward     nan  ep_len    nan  fell    0  err_xy 0.079  std 0.217  lr 1.0e-04  fps   8191   249.1s
it 4887/8000  reward     nan  ep_len    nan  fell    0  err_xy 0.074  std 0.217  lr 1.0e-04  fps   8282   249.4s
it 4888/8000  reward     nan  ep_len    nan  fell    0  err_xy 0.054  std 0.217  lr 1.0e-04  fps   8238   249.7s
it 4889/8000  reward     nan  ep_len    nan  fell    0  err_xy 0.058  std 0.217  lr 1.0e-04  fps   8235   250.0s
it 4890/8000  reward     nan  ep_len    nan  fell    0  err_xy 0.057  std 0.217  lr 1.0e-04  fps   8285   250.2s
it 4891/8000  reward     nan  ep_len    nan  fell    0  err_xy 0.036  std 0.217  lr 1.0e-04  fps   8296   250.5s
it 4892/8000  reward     nan  ep_len    nan  fell    0  err_xy 0.041  std 0.217  lr 1.0e-04  fps   8240   250.8s
it 4893/8000  reward     nan  ep_len    nan  fell    0  err_xy 0.037  std 0.217  lr 1.0e-04  fps   8308   251.1s
it 4894/8000  reward     nan  ep_len    nan  fell    0  err_xy 0.030  std 0.217  lr 1.0e-04  fps   8221   251.4s
it 4895/8000  reward     nan  ep_len    nan  fell    0  err_xy 0.028  std 0.217  lr 1.0e-04  fps   8336   251.6s
it 4896/8000  reward     nan  ep_len    nan  fell    0  err_xy 0.024  std 0.217  lr 1.0e-04  fps   8024   251.9s
it 4897/8000  reward     nan  ep_len    nan  fell    0  err_xy 0.028  std 0.217  lr 1.0e-04  fps   8311   252.2s
it 4898/8000  reward     nan  ep_len    nan  fell    0  err_xy 0.025  std 0.217  lr 1.0e-04  fps   8351   252.5s
it 4899/8000  reward     nan  ep_len    nan  fell    0  err_xy 0.023  std 0.217  lr 1.0e-04  fps   8421   252.8s
it 4900/8000  reward     nan  ep_len    nan  fell    0  err_xy 0.023  std 0.217  lr 1.0e-04  fps   8472   253.0s
it 4901/8000  reward     nan  ep_len    nan  fell    0  err_xy 0.029  std 0.217  lr 1.0e-04  fps   8485   253.3s
it 4902/8000  reward     nan  ep_len    nan  fell    0  err_xy 0.027  std 0.217  lr 1.0e-04  fps   8583   253.6s
it 4903/8000  reward     nan  ep_len    nan  fell    0  err_xy 0.032  std 0.217  lr 1.0e-04  fps   8546   253.8s
it 4904/8000  reward     nan  ep_len    nan  fell    0  err_xy 0.031  std 0.217  lr 1.0e-04  fps   8549   254.1s
it 4905/8000  reward     nan  ep_len    nan  fell    0  err_xy 0.031  std 0.217  lr 1.0e-04  fps   7908   254.4s
it 4906/8000  reward     nan  ep_len    nan  fell    0  err_xy 0.039  std 0.217  lr 1.0e-04  fps   8588   254.7s
it 4907/8000  reward     nan  ep_len    nan  fell    0  err_xy 0.027  std 0.217  lr 1.0e-04  fps   8726   254.9s
it 4908/8000  reward     nan  ep_len    nan  fell    0  err_xy 0.027  std 0.217  lr 1.0e-04  fps   6644   255.3s
it 4909/8000  reward  285.69  ep_len  808.0  fell    0  err_xy 0.035  std 0.217  lr 1.0e-04  fps   7351   255.6s
it 4910/8000  reward     nan  ep_len    nan  fell    0  err_xy 0.404  std 0.217  lr 1.0e-04  fps   9251   255.8s
it 4911/8000  reward     nan  ep_len    nan  fell    0  err_xy 0.266  std 0.217  lr 1.0e-04  fps   9143   256.1s
it 4912/8000  reward     nan  ep_len    nan  fell    0  err_xy 0.215  std 0.217  lr 1.0e-04  fps   8995   256.4s
it 4913/8000  reward     nan  ep_len    nan  fell    0  err_xy 0.224  std 0.217  lr 1.0e-04  fps   8809   256.6s
it 4914/8000  reward     nan  ep_len    nan  fell    0  err_xy 0.168  std 0.217  lr 1.0e-04  fps   8432   256.9s
it 4915/8000  reward     nan  ep_len    nan  fell    0  err_xy 0.162  std 0.217  lr 1.0e-04  fps   8414   257.2s
it 4916/8000  reward     nan  ep_len    nan  fell    0  err_xy 0.140  std 0.217  lr 1.0e-04  fps   8404   257.4s
it 4917/8000  reward     nan  ep_len    nan  fell    0  err_xy 0.116  std 0.217  lr 1.0e-04  fps   8442   257.7s
it 4918/8000  reward     nan  ep_len    nan  fell    0  err_xy 0.098  std 0.217  lr 1.0e-04  fps   8367   258.0s
it 4919/8000  reward     nan  ep_len    nan  fell    0  err_xy 0.092  std 0.217  lr 1.0e-04  fps   8317   258.3s
it 4920/8000  reward     nan  ep_len    nan  fell    0  err_xy 0.085  std 0.217  lr 1.0e-04  fps   8246   258.5s
it 4921/8000  reward     nan  ep_len    nan  fell    0  err_xy 0.086  std 0.217  lr 1.0e-04  fps   8507   258.8s
it 4922/8000  reward     nan  ep_len    nan  fell    0  err_xy 0.082  std 0.217  lr 1.0e-04  fps   8619   259.1s
it 4923/8000  reward     nan  ep_len    nan  fell    0  err_xy 0.087  std 0.217  lr 1.0e-04  fps   8607   259.4s
it 4924/8000  reward     nan  ep_len    nan  fell    0  err_xy 0.073  std 0.217  lr 1.0e-04  fps   8526   259.6s
it 4925/8000  reward     nan  ep_len    nan  fell    0  err_xy 0.060  std 0.217  lr 1.0e-04  fps   8654   259.9s
it 4926/8000  reward     nan  ep_len    nan  fell    0  err_xy 0.063  std 0.217  lr 1.0e-04  fps   8465   260.2s
it 4927/8000  reward     nan  ep_len    nan  fell    0  err_xy 0.063  std 0.217  lr 1.0e-04  fps   8280   260.4s
it 4928/8000  reward     nan  ep_len    nan  fell    0  err_xy 0.060  std 0.217  lr 1.0e-04  fps   8359   260.7s
it 4929/8000  reward     nan  ep_len    nan  fell    0  err_xy 0.057  std 0.217  lr 1.0e-04  fps   8632   261.0s
it 4930/8000  reward     nan  ep_len    nan  fell    0  err_xy 0.042  std 0.217  lr 1.0e-04  fps   8691   261.2s
it 4931/8000  reward     nan  ep_len    nan  fell    0  err_xy 0.047  std 0.217  lr 1.0e-04  fps   8657   261.5s
it 4932/8000  reward     nan  ep_len    nan  fell    0  err_xy 0.046  std 0.217  lr 1.0e-04  fps   8706   261.8s
it 4933/8000  reward     nan  ep_len    nan  fell    0  err_xy 0.041  std 0.217  lr 1.0e-04  fps   8678   262.0s
it 4934/8000  reward     nan  ep_len    nan  fell    0  err_xy 0.050  std 0.217  lr 1.0e-04  fps   8791   262.3s
it 4935/8000  reward     nan  ep_len    nan  fell    0  err_xy 0.047  std 0.217  lr 1.0e-04  fps   8779   262.6s
it 4936/8000  reward     nan  ep_len    nan  fell    0  err_xy 0.048  std 0.217  lr 1.0e-04  fps   8685   262.8s
it 4937/8000  reward     nan  ep_len    nan  fell    0  err_xy 0.047  std 0.217  lr 1.0e-04  fps   8712   263.1s
it 4938/8000  reward     nan  ep_len    nan  fell    0  err_xy 0.042  std 0.217  lr 1.0e-04  fps   8823   263.4s
it 4939/8000  reward     nan  ep_len    nan  fell    0  err_xy 0.038  std 0.217  lr 1.0e-04  fps   8773   263.6s
it 4940/8000  reward     nan  ep_len    nan  fell    0  err_xy 0.035  std 0.217  lr 1.0e-04  fps   8431   263.9s
it 4941/8000  reward     nan  ep_len    nan  fell    0  err_xy 0.036  std 0.217  lr 1.0e-04  fps   8856   264.2s
it 4942/8000  reward     nan  ep_len    nan  fell    0  err_xy 0.034  std 0.217  lr 1.0e-04  fps   8765   264.4s
it 4943/8000  reward  274.39  ep_len  808.0  fell    0  err_xy 0.110  std 0.217  lr 1.0e-04  fps   7450   264.7s
it 4944/8000  reward     nan  ep_len    nan  fell    0  err_xy 0.402  std 0.217  lr 1.0e-04  fps   9417   265.0s
it 4945/8000  reward     nan  ep_len    nan  fell    0  err_xy 0.207  std 0.217  lr 1.0e-04  fps   9192   265.2s
it 4946/8000  reward     nan  ep_len    nan  fell    0  err_xy 0.200  std 0.217  lr 1.0e-04  fps   9073   265.5s
it 4947/8000  reward     nan  ep_len    nan  fell    0  err_xy 0.200  std 0.217  lr 1.0e-04  fps   8690   265.7s
it 4948/8000  reward     nan  ep_len    nan  fell    0  err_xy 0.170  std 0.217  lr 1.0e-04  fps   8636   266.0s
it 4949/8000  reward     nan  ep_len    nan  fell    0  err_xy 0.125  std 0.217  lr 1.0e-04  fps   8544   266.3s
it 4950/8000  reward     nan  ep_len    nan  fell    0  err_xy 0.109  std 0.217  lr 1.0e-04  fps   8513   266.6s
it 4951/8000  reward     nan  ep_len    nan  fell    0  err_xy 0.095  std 0.217  lr 1.0e-04  fps   8419   266.8s
it 4952/8000  reward     nan  ep_len    nan  fell    0  err_xy 0.074  std 0.217  lr 1.0e-04  fps   8403   267.1s
it 4953/8000  reward     nan  ep_len    nan  fell    0  err_xy 0.073  std 0.217  lr 1.0e-04  fps   8469   267.4s
it 4954/8000  reward     nan  ep_len    nan  fell    0  err_xy 0.077  std 0.217  lr 1.0e-04  fps   8491   267.6s
it 4955/8000  reward     nan  ep_len    nan  fell    0  err_xy 0.060  std 0.217  lr 1.0e-04  fps   8517   267.9s
it 4956/8000  reward     nan  ep_len    nan  fell    0  err_xy 0.062  std 0.217  lr 1.0e-04  fps   8537   268.2s
it 4957/8000  reward     nan  ep_len    nan  fell    0  err_xy 0.057  std 0.217  lr 1.0e-04  fps   8544   268.5s
it 4958/8000  reward     nan  ep_len    nan  fell    0  err_xy 0.058  std 0.217  lr 1.0e-04  fps   8636   268.7s
it 4959/8000  reward     nan  ep_len    nan  fell    0  err_xy 0.050  std 0.217  lr 1.0e-04  fps   8575   269.0s
it 4960/8000  reward     nan  ep_len    nan  fell    0  err_xy 0.042  std 0.217  lr 1.0e-04  fps   8547   269.3s
it 4961/8000  reward     nan  ep_len    nan  fell    0  err_xy 0.036  std 0.217  lr 1.0e-04  fps   8356   269.5s
it 4962/8000  reward     nan  ep_len    nan  fell    0  err_xy 0.041  std 0.217  lr 1.0e-04  fps   8329   269.8s
it 4963/8000  reward     nan  ep_len    nan  fell    0  err_xy 0.048  std 0.217  lr 1.0e-04  fps   8688   270.1s
it 4964/8000  reward     nan  ep_len    nan  fell    0  err_xy 0.043  std 0.217  lr 1.0e-04  fps   8725   270.3s
it 4965/8000  reward     nan  ep_len    nan  fell    0  err_xy 0.039  std 0.217  lr 1.0e-04  fps   8666   270.6s
it 4966/8000  reward     nan  ep_len    nan  fell    0  err_xy 0.039  std 0.217  lr 1.0e-04  fps   8711   270.9s
it 4967/8000  reward     nan  ep_len    nan  fell    0  err_xy 0.036  std 0.217  lr 1.0e-04  fps   8686   271.1s
it 4968/8000  reward     nan  ep_len    nan  fell    0  err_xy 0.032  std 0.217  lr 1.0e-04  fps   8665   271.4s
it 4969/8000  reward     nan  ep_len    nan  fell    0  err_xy 0.028  std 0.217  lr 1.0e-04  fps   8757   271.7s
it 4970/8000  reward     nan  ep_len    nan  fell    0  err_xy 0.027  std 0.217  lr 1.0e-04  fps   8735   271.9s
it 4971/8000  reward     nan  ep_len    nan  fell    0  err_xy 0.041  std 0.217  lr 1.0e-04  fps   8654   272.2s
it 4972/8000  reward     nan  ep_len    nan  fell    0  err_xy 0.034  std 0.217  lr 1.0e-04  fps   8765   272.5s
it 4973/8000  reward     nan  ep_len    nan  fell    0  err_xy 0.030  std 0.217  lr 1.0e-04  fps   8729   272.7s
it 4974/8000  reward     nan  ep_len    nan  fell    0  err_xy 0.030  std 0.217  lr 1.0e-04  fps   8465   273.0s
it 4975/8000  reward     nan  ep_len    nan  fell    0  err_xy 0.021  std 0.217  lr 1.0e-04  fps   8562   273.3s
it 4976/8000  reward     nan  ep_len    nan  fell    0  err_xy 0.023  std 0.217  lr 1.0e-04  fps   8599   273.5s
it 4977/8000  reward  278.53  ep_len  808.0  fell    0  err_xy 0.265  std 0.217  lr 1.0e-04  fps   7400   273.9s
it 4978/8000  reward     nan  ep_len    nan  fell    0  err_xy 0.273  std 0.217  lr 1.0e-04  fps   9256   274.1s
it 4979/8000  reward     nan  ep_len    nan  fell    0  err_xy 0.187  std 0.217  lr 1.0e-04  fps   9134   274.4s
it 4980/8000  reward     nan  ep_len    nan  fell    0  err_xy 0.221  std 0.217  lr 1.0e-04  fps   9022   274.6s
it 4981/8000  reward     nan  ep_len    nan  fell    0  err_xy 0.221  std 0.217  lr 1.0e-04  fps   8839   274.9s
it 4982/8000  reward     nan  ep_len    nan  fell    0  err_xy 0.164  std 0.217  lr 1.0e-04  fps   8643   275.1s
it 4983/8000  reward     nan  ep_len    nan  fell    0  err_xy 0.127  std 0.217  lr 1.0e-04  fps   8643   275.4s
it 4984/8000  reward     nan  ep_len    nan  fell    0  err_xy 0.098  std 0.217  lr 1.0e-04  fps   8451   275.7s
it 4985/8000  reward     nan  ep_len    nan  fell    0  err_xy 0.117  std 0.217  lr 1.0e-04  fps   8566   275.9s
it 4986/8000  reward     nan  ep_len    nan  fell    0  err_xy 0.118  std 0.217  lr 1.0e-04  fps   8494   276.2s
it 4987/8000  reward     nan  ep_len    nan  fell    0  err_xy 0.083  std 0.217  lr 1.0e-04  fps   8517   276.5s
it 4988/8000  reward     nan  ep_len    nan  fell    0  err_xy 0.089  std 0.217  lr 1.0e-04  fps   8502   276.8s
it 4989/8000  reward     nan  ep_len    nan  fell    0  err_xy 0.080  std 0.217  lr 1.0e-04  fps   8513   277.0s
it 4990/8000  reward     nan  ep_len    nan  fell    0  err_xy 0.084  std 0.217  lr 1.0e-04  fps   8510   277.3s
it 4991/8000  reward     nan  ep_len    nan  fell    0  err_xy 0.086  std 0.217  lr 1.0e-04  fps   8506   277.6s
it 4992/8000  reward     nan  ep_len    nan  fell    0  err_xy 0.071  std 0.217  lr 1.0e-04  fps   8404   277.9s
it 4993/8000  reward     nan  ep_len    nan  fell    0  err_xy 0.063  std 0.217  lr 1.0e-04  fps   8501   278.1s
it 4994/8000  reward     nan  ep_len    nan  fell    0  err_xy 0.053  std 0.217  lr 1.0e-04  fps   8596   278.4s
it 4995/8000  reward     nan  ep_len    nan  fell    0  err_xy 0.050  std 0.217  lr 1.0e-04  fps   8572   278.7s
it 4996/8000  reward     nan  ep_len    nan  fell    0  err_xy 0.058  std 0.217  lr 1.0e-04  fps   8629   278.9s
it 4997/8000  reward     nan  ep_len    nan  fell    0  err_xy 0.056  std 0.217  lr 1.0e-04  fps   8660   279.2s
it 4998/8000  reward     nan  ep_len    nan  fell    0  err_xy 0.053  std 0.217  lr 1.0e-04  fps   8731   279.5s
it 4999/8000  reward     nan  ep_len    nan  fell    0  err_xy 0.063  std 0.217  lr 1.0e-04  fps   8729   279.7s
it 5000/8000  reward     nan  ep_len    nan  fell    0  err_xy 0.063  std 0.217  lr 1.0e-04  fps   8801   280.0s
eval iteration 5000:
  prone          success   0.0%  time 16.16s  peak_τ 0.96 Nm  return 151.39
  supine         success   0.0%  time 16.16s  peak_τ 0.95 Nm  return 261.87
  score 0.000
it 5001/8000  reward     nan  ep_len    nan  fell    0  err_xy 0.057  std 0.217  lr 1.0e-04  fps   8708   284.0s
it 5002/8000  reward     nan  ep_len    nan  fell    0  err_xy 0.062  std 0.217  lr 1.0e-04  fps   8839   284.2s
it 5003/8000  reward     nan  ep_len    nan  fell    0  err_xy 0.052  std 0.217  lr 1.0e-04  fps   8712   284.5s
it 5004/8000  reward     nan  ep_len    nan  fell    0  err_xy 0.041  std 0.217  lr 1.0e-04  fps   8743   284.8s
it 5005/8000  reward     nan  ep_len    nan  fell    0  err_xy 0.048  std 0.217  lr 1.0e-04  fps   8371   285.0s
it 5006/8000  reward     nan  ep_len    nan  fell    0  err_xy 0.036  std 0.217  lr 1.0e-04  fps   8566   285.3s
it 5007/8000  reward     nan  ep_len    nan  fell    0  err_xy 0.045  std 0.217  lr 1.0e-04  fps   8546   285.6s
it 5008/8000  reward     nan  ep_len    nan  fell    0  err_xy 0.046  std 0.217  lr 1.0e-04  fps   8637   285.9s
it 5009/8000  reward     nan  ep_len    nan  fell    0  err_xy 0.040  std 0.217  lr 1.0e-04  fps   8793   286.1s
it 5010/8000  reward  267.22  ep_len  808.0  fell    0  err_xy 0.025  std 0.217  lr 1.0e-04  fps   7371   286.4s
it 5011/8000  reward     nan  ep_len    nan  fell    0  err_xy 0.387  std 0.217  lr 1.0e-04  fps   9333   286.7s
it 5012/8000  reward     nan  ep_len    nan  fell    0  err_xy 0.270  std 0.217  lr 1.0e-04  fps   9160   286.9s
it 5013/8000  reward     nan  ep_len    nan  fell    0  err_xy 0.236  std 0.217  lr 1.0e-04  fps   8856   287.2s
it 5014/8000  reward     nan  ep_len    nan  fell    0  err_xy 0.271  std 0.217  lr 1.0e-04  fps   8700   287.5s
it 5015/8000  reward     nan  ep_len    nan  fell    0  err_xy 0.193  std 0.217  lr 1.0e-04  fps   8589   287.7s
it 5016/8000  reward     nan  ep_len    nan  fell    0  err_xy 0.145  std 0.217  lr 1.0e-04  fps   8623   288.0s
it 5017/8000  reward     nan  ep_len    nan  fell    0  err_xy 0.144  std 0.217  lr 1.0e-04  fps   8694   288.3s
it 5018/8000  reward     nan  ep_len    nan  fell    0  err_xy 0.115  std 0.217  lr 1.0e-04  fps   8710   288.5s
it 5019/8000  reward     nan  ep_len    nan  fell    0  err_xy 0.099  std 0.217  lr 1.0e-04  fps   7778   288.8s
it 5020/8000  reward     nan  ep_len    nan  fell    0  err_xy 0.095  std 0.217  lr 1.0e-04  fps   8485   289.1s
it 5021/8000  reward     nan  ep_len    nan  fell    0  err_xy 0.071  std 0.217  lr 1.0e-04  fps   8295   289.4s
it 5022/8000  reward     nan  ep_len    nan  fell    0  err_xy 0.053  std 0.217  lr 1.0e-04  fps   8496   289.6s
it 5023/8000  reward     nan  ep_len    nan  fell    0  err_xy 0.055  std 0.217  lr 1.0e-04  fps   8662   289.9s
it 5024/8000  reward     nan  ep_len    nan  fell    0  err_xy 0.060  std 0.217  lr 1.0e-04  fps   8601   290.2s
it 5025/8000  reward     nan  ep_len    nan  fell    0  err_xy 0.061  std 0.217  lr 1.0e-04  fps   8603   290.4s
it 5026/8000  reward     nan  ep_len    nan  fell    0  err_xy 0.055  std 0.217  lr 1.0e-04  fps   8652   290.7s
it 5027/8000  reward     nan  ep_len    nan  fell    0  err_xy 0.040  std 0.217  lr 1.0e-04  fps   8636   291.0s
it 5028/8000  reward     nan  ep_len    nan  fell    0  err_xy 0.038  std 0.217  lr 1.0e-04  fps   8650   291.2s
it 5029/8000  reward     nan  ep_len    nan  fell    0  err_xy 0.026  std 0.217  lr 1.0e-04  fps   8674   291.5s
it 5030/8000  reward     nan  ep_len    nan  fell    0  err_xy 0.033  std 0.217  lr 1.0e-04  fps   8768   291.8s
it 5031/8000  reward     nan  ep_len    nan  fell    0  err_xy 0.042  std 0.217  lr 1.0e-04  fps   8722   292.0s
it 5032/8000  reward     nan  ep_len    nan  fell    0  err_xy 0.036  std 0.217  lr 1.0e-04  fps   8804   292.3s
it 5033/8000  reward     nan  ep_len    nan  fell    0  err_xy 0.038  std 0.217  lr 1.0e-04  fps   8568   292.6s
it 5034/8000  reward     nan  ep_len    nan  fell    0  err_xy 0.044  std 0.217  lr 1.0e-04  fps   8761   292.8s
it 5035/8000  reward     nan  ep_len    nan  fell    0  err_xy 0.034  std 0.217  lr 1.0e-04  fps   8695   293.1s
it 5036/8000  reward     nan  ep_len    nan  fell    0  err_xy 0.033  std 0.217  lr 1.0e-04  fps   8784   293.4s
it 5037/8000  reward     nan  ep_len    nan  fell    0  err_xy 0.031  std 0.217  lr 1.0e-04  fps   8802   293.6s
it 5038/8000  reward     nan  ep_len    nan  fell    0  err_xy 0.027  std 0.217  lr 1.0e-04  fps   8833   293.9s
it 5039/8000  reward     nan  ep_len    nan  fell    0  err_xy 0.032  std 0.217  lr 1.0e-04  fps   8783   294.1s
it 5040/8000  reward     nan  ep_len    nan  fell    0  err_xy 0.026  std 0.217  lr 1.0e-04  fps   8821   294.4s
it 5041/8000  reward     nan  ep_len    nan  fell    0  err_xy 0.032  std 0.217  lr 1.0e-04  fps   8713   294.7s
it 5042/8000  reward     nan  ep_len    nan  fell    0  err_xy 0.028  std 0.217  lr 1.0e-04  fps   8783   294.9s
it 5043/8000  reward     nan  ep_len    nan  fell    0  err_xy 0.023  std 0.217  lr 1.0e-04  fps   8848   295.2s
it 5044/8000  reward  283.15  ep_len  808.0  fell    0  err_xy 0.129  std 0.217  lr 1.0e-04  fps   7365   295.5s
it 5045/8000  reward     nan  ep_len    nan  fell    0  err_xy 0.373  std 0.217  lr 1.0e-04  fps   9334   295.8s
it 5046/8000  reward     nan  ep_len    nan  fell    0  err_xy 0.236  std 0.217  lr 1.0e-04  fps   9191   296.0s
it 5047/8000  reward     nan  ep_len    nan  fell    0  err_xy 0.219  std 0.217  lr 1.0e-04  fps   8994   296.3s
it 5048/8000  reward     nan  ep_len    nan  fell    0  err_xy 0.227  std 0.217  lr 1.0e-04  fps   8783   296.5s
it 5049/8000  reward     nan  ep_len    nan  fell    0  err_xy 0.154  std 0.217  lr 1.0e-04  fps   8663   296.8s
it 5050/8000  reward     nan  ep_len    nan  fell    0  err_xy 0.116  std 0.217  lr 1.0e-04  fps   8591   297.1s
it 5051/8000  reward     nan  ep_len    nan  fell    0  err_xy 0.120  std 0.217  lr 1.0e-04  fps   8705   297.3s
it 5052/8000  reward     nan  ep_len    nan  fell    0  err_xy 0.123  std 0.217  lr 1.0e-04  fps   8691   297.6s
it 5053/8000  reward     nan  ep_len    nan  fell    0  err_xy 0.105  std 0.217  lr 1.0e-04  fps   8552   297.9s
it 5054/8000  reward     nan  ep_len    nan  fell    0  err_xy 0.088  std 0.217  lr 1.0e-04  fps   8588   298.1s
it 5055/8000  reward     nan  ep_len    nan  fell    0  err_xy 0.098  std 0.217  lr 1.0e-04  fps   8800   298.4s
it 5056/8000  reward     nan  ep_len    nan  fell    0  err_xy 0.094  std 0.217  lr 1.0e-04  fps   8707   298.7s
it 5057/8000  reward     nan  ep_len    nan  fell    0  err_xy 0.093  std 0.217  lr 1.0e-04  fps   8560   298.9s
it 5058/8000  reward     nan  ep_len    nan  fell    0  err_xy 0.075  std 0.217  lr 1.0e-04  fps   8639   299.2s
it 5059/8000  reward     nan  ep_len    nan  fell    0  err_xy 0.072  std 0.217  lr 1.0e-04  fps   8628   299.5s
it 5060/8000  reward     nan  ep_len    nan  fell    0  err_xy 0.056  std 0.217  lr 1.0e-04  fps   8661   299.7s
it 5061/8000  reward     nan  ep_len    nan  fell    0  err_xy 0.063  std 0.217  lr 1.0e-04  fps   8581   300.0s
it 5062/8000  reward     nan  ep_len    nan  fell    0  err_xy 0.069  std 0.217  lr 1.0e-04  fps   8478   300.3s
it 5063/8000  reward     nan  ep_len    nan  fell    0  err_xy 0.066  std 0.217  lr 1.0e-04  fps   8536   300.5s
it 5064/8000  reward     nan  ep_len    nan  fell    0  err_xy 0.060  std 0.217  lr 1.0e-04  fps   8425   300.8s
it 5065/8000  reward     nan  ep_len    nan  fell    0  err_xy 0.054  std 0.217  lr 1.0e-04  fps   8608   301.1s
it 5066/8000  reward     nan  ep_len    nan  fell    0  err_xy 0.044  std 0.217  lr 1.0e-04  fps   8643   301.3s
it 5067/8000  reward     nan  ep_len    nan  fell    0  err_xy 0.044  std 0.217  lr 1.0e-04  fps   8604   301.6s
it 5068/8000  reward     nan  ep_len    nan  fell    0  err_xy 0.035  std 0.217  lr 1.0e-04  fps   8526   301.9s
it 5069/8000  reward     nan  ep_len    nan  fell    0  err_xy 0.042  std 0.217  lr 1.0e-04  fps   8564   302.1s
it 5070/8000  reward     nan  ep_len    nan  fell    0  err_xy 0.041  std 0.217  lr 1.0e-04  fps   8564   302.4s
it 5071/8000  reward     nan  ep_len    nan  fell    0  err_xy 0.035  std 0.217  lr 1.0e-04  fps   8626   302.7s
it 5072/8000  reward     nan  ep_len    nan  fell    0  err_xy 0.029  std 0.217  lr 1.0e-04  fps   8580   303.0s
it 5073/8000  reward     nan  ep_len    nan  fell    0  err_xy 0.030  std 0.217  lr 1.0e-04  fps   8634   303.2s
it 5074/8000  reward     nan  ep_len    nan  fell    0  err_xy 0.026  std 0.217  lr 1.0e-04  fps   8557   303.5s
it 5075/8000  reward     nan  ep_len    nan  fell    0  err_xy 0.018  std 0.217  lr 1.0e-04  fps   8665   303.8s
it 5076/8000  reward     nan  ep_len    nan  fell    0  err_xy 0.022  std 0.217  lr 1.0e-04  fps   8609   304.0s
it 5077/8000  reward     nan  ep_len    nan  fell    0  err_xy 0.025  std 0.217  lr 1.0e-04  fps   8415   304.3s
it 5078/8000  reward  268.11  ep_len  808.0  fell    0  err_xy 0.252  std 0.217  lr 1.0e-04  fps   7267   304.6s
it 5079/8000  reward     nan  ep_len    nan  fell    0  err_xy 0.288  std 0.217  lr 1.0e-04  fps   8984   304.9s
it 5080/8000  reward     nan  ep_len    nan  fell    0  err_xy 0.245  std 0.217  lr 1.0e-04  fps   8894   305.1s
it 5081/8000  reward     nan  ep_len    nan  fell    0  err_xy 0.216  std 0.217  lr 1.0e-04  fps   8750   305.4s
it 5082/8000  reward     nan  ep_len    nan  fell    0  err_xy 0.166  std 0.217  lr 1.0e-04  fps   8474   305.7s
it 5083/8000  reward     nan  ep_len    nan  fell    0  err_xy 0.118  std 0.217  lr 1.0e-04  fps   8346   305.9s
it 5084/8000  reward     nan  ep_len    nan  fell    0  err_xy 0.107  std 0.217  lr 1.0e-04  fps   8387   306.2s
it 5085/8000  reward     nan  ep_len    nan  fell    0  err_xy 0.097  std 0.217  lr 1.0e-04  fps   8455   306.5s
it 5086/8000  reward     nan  ep_len    nan  fell    0  err_xy 0.082  std 0.217  lr 1.0e-04  fps   8431   306.8s
it 5087/8000  reward     nan  ep_len    nan  fell    0  err_xy 0.056  std 0.217  lr 1.0e-04  fps   8367   307.0s
it 5088/8000  reward     nan  ep_len    nan  fell    0  err_xy 0.057  std 0.217  lr 1.0e-04  fps   8097   307.3s
it 5089/8000  reward     nan  ep_len    nan  fell    0  err_xy 0.044  std 0.217  lr 1.0e-04  fps   8246   307.6s
it 5090/8000  reward     nan  ep_len    nan  fell    0  err_xy 0.040  std 0.217  lr 1.0e-04  fps   8079   307.9s
it 5091/8000  reward     nan  ep_len    nan  fell    0  err_xy 0.047  std 0.217  lr 1.0e-04  fps   8402   308.2s
it 5092/8000  reward     nan  ep_len    nan  fell    0  err_xy 0.036  std 0.217  lr 1.0e-04  fps   8505   308.4s
it 5093/8000  reward     nan  ep_len    nan  fell    0  err_xy 0.043  std 0.217  lr 1.0e-04  fps   8548   308.7s
it 5094/8000  reward     nan  ep_len    nan  fell    0  err_xy 0.037  std 0.217  lr 1.0e-04  fps   8434   309.0s
it 5095/8000  reward     nan  ep_len    nan  fell    0  err_xy 0.032  std 0.217  lr 1.0e-04  fps   8471   309.3s
it 5096/8000  reward     nan  ep_len    nan  fell    0  err_xy 0.032  std 0.217  lr 1.0e-04  fps   8486   309.5s
it 5097/8000  reward     nan  ep_len    nan  fell    0  err_xy 0.029  std 0.217  lr 1.0e-04  fps   8567   309.8s
it 5098/8000  reward     nan  ep_len    nan  fell    0  err_xy 0.030  std 0.217  lr 1.0e-04  fps   8523   310.1s
it 5099/8000  reward     nan  ep_len    nan  fell    0  err_xy 0.030  std 0.217  lr 1.0e-04  fps   8592   310.3s
it 5100/8000  reward     nan  ep_len    nan  fell    0  err_xy 0.022  std 0.217  lr 1.0e-04  fps   8550   310.6s
it 5101/8000  reward     nan  ep_len    nan  fell    0  err_xy 0.023  std 0.217  lr 1.0e-04  fps   8411   310.9s
it 5102/8000  reward     nan  ep_len    nan  fell    0  err_xy 0.022  std 0.217  lr 1.0e-04  fps   8148   311.2s
it 5103/8000  reward     nan  ep_len    nan  fell    0  err_xy 0.016  std 0.217  lr 1.0e-04  fps   8399   311.4s
it 5104/8000  reward     nan  ep_len    nan  fell    0  err_xy 0.017  std 0.217  lr 1.0e-04  fps   8540   311.7s
it 5105/8000  reward     nan  ep_len    nan  fell    0  err_xy 0.022  std 0.217  lr 1.0e-04  fps   8512   312.0s
it 5106/8000  reward     nan  ep_len    nan  fell    0  err_xy 0.019  std 0.217  lr 1.0e-04  fps   8466   312.3s
it 5107/8000  reward     nan  ep_len    nan  fell    0  err_xy 0.017  std 0.217  lr 1.0e-04  fps   8344   312.5s
it 5108/8000  reward     nan  ep_len    nan  fell    0  err_xy 0.017  std 0.217  lr 1.0e-04  fps   8492   312.8s
it 5109/8000  reward     nan  ep_len    nan  fell    0  err_xy 0.014  std 0.217  lr 1.0e-04  fps   8452   313.1s
it 5110/8000  reward     nan  ep_len    nan  fell    0  err_xy 0.023  std 0.217  lr 1.0e-04  fps   8366   313.3s
it 5111/8000  reward  287.04  ep_len  808.0  fell    0  err_xy 0.018  std 0.217  lr 1.0e-04  fps   7027   313.7s
it 5112/8000  reward     nan  ep_len    nan  fell    0  err_xy 0.379  std 0.217  lr 1.0e-04  fps   9372   313.9s
it 5113/8000  reward     nan  ep_len    nan  fell    0  err_xy 0.258  std 0.217  lr 1.0e-04  fps   9219   314.2s
it 5114/8000  reward     nan  ep_len    nan  fell    0  err_xy 0.215  std 0.217  lr 1.0e-04  fps   8987   314.4s
it 5115/8000  reward     nan  ep_len    nan  fell    0  err_xy 0.218  std 0.217  lr 1.0e-04  fps   8986   314.7s
it 5116/8000  reward     nan  ep_len    nan  fell    0  err_xy 0.231  std 0.217  lr 1.0e-04  fps   8743   315.0s
it 5117/8000  reward     nan  ep_len    nan  fell    0  err_xy 0.164  std 0.217  lr 1.0e-04  fps   8338   315.2s
it 5118/8000  reward     nan  ep_len    nan  fell    0  err_xy 0.133  std 0.217  lr 1.0e-04  fps   8554   315.5s
it 5119/8000  reward     nan  ep_len    nan  fell    0  err_xy 0.103  std 0.217  lr 1.0e-04  fps   8420   315.8s
it 5120/8000  reward     nan  ep_len    nan  fell    0  err_xy 0.083  std 0.217  lr 1.0e-04  fps   8421   316.0s
it 5121/8000  reward     nan  ep_len    nan  fell    0  err_xy 0.069  std 0.217  lr 1.0e-04  fps   8571   316.3s
it 5122/8000  reward     nan  ep_len    nan  fell    0  err_xy 0.067  std 0.217  lr 1.0e-04  fps   8533   316.6s
it 5123/8000  reward     nan  ep_len    nan  fell    0  err_xy 0.057  std 0.217  lr 1.0e-04  fps   8419   316.9s
it 5124/8000  reward     nan  ep_len    nan  fell    0  err_xy 0.040  std 0.217  lr 1.0e-04  fps   7975   317.1s
it 5125/8000  reward     nan  ep_len    nan  fell    0  err_xy 0.041  std 0.217  lr 1.0e-04  fps   8249   317.4s
it 5126/8000  reward     nan  ep_len    nan  fell    0  err_xy 0.050  std 0.217  lr 1.0e-04  fps   8328   317.7s
it 5127/8000  reward     nan  ep_len    nan  fell    0  err_xy 0.043  std 0.217  lr 1.0e-04  fps   8476   318.0s
it 5128/8000  reward     nan  ep_len    nan  fell    0  err_xy 0.033  std 0.217  lr 1.0e-04  fps   8568   318.2s
it 5129/8000  reward     nan  ep_len    nan  fell    0  err_xy 0.038  std 0.217  lr 1.0e-04  fps   8496   318.5s
it 5130/8000  reward     nan  ep_len    nan  fell    0  err_xy 0.036  std 0.217  lr 1.0e-04  fps   8573   318.8s
it 5131/8000  reward     nan  ep_len    nan  fell    0  err_xy 0.034  std 0.217  lr 1.0e-04  fps   7765   319.1s
it 5132/8000  reward     nan  ep_len    nan  fell    0  err_xy 0.027  std 0.217  lr 1.0e-04  fps   8306   319.4s
it 5133/8000  reward     nan  ep_len    nan  fell    0  err_xy 0.022  std 0.217  lr 1.0e-04  fps   8279   319.6s
it 5134/8000  reward     nan  ep_len    nan  fell    0  err_xy 0.020  std 0.217  lr 1.0e-04  fps   8467   319.9s
it 5135/8000  reward     nan  ep_len    nan  fell    0  err_xy 0.020  std 0.217  lr 1.0e-04  fps   8541   320.2s
it 5136/8000  reward     nan  ep_len    nan  fell    0  err_xy 0.016  std 0.217  lr 1.0e-04  fps   8397   320.5s
it 5137/8000  reward     nan  ep_len    nan  fell    0  err_xy 0.012  std 0.217  lr 1.0e-04  fps   8509   320.7s
it 5138/8000  reward     nan  ep_len    nan  fell    0  err_xy 0.013  std 0.216  lr 1.0e-04  fps   8532   321.0s
it 5139/8000  reward     nan  ep_len    nan  fell    0  err_xy 0.010  std 0.216  lr 1.0e-04  fps   8560   321.3s
it 5140/8000  reward     nan  ep_len    nan  fell    0  err_xy 0.010  std 0.216  lr 1.0e-04  fps   8713   321.5s
it 5141/8000  reward     nan  ep_len    nan  fell    0  err_xy 0.010  std 0.216  lr 1.0e-04  fps   8629   321.8s
it 5142/8000  reward     nan  ep_len    nan  fell    0  err_xy 0.010  std 0.216  lr 1.0e-04  fps   8597   322.1s
it 5143/8000  reward     nan  ep_len    nan  fell    0  err_xy 0.011  std 0.216  lr 1.0e-04  fps   8684   322.3s
it 5144/8000  reward     nan  ep_len    nan  fell    0  err_xy 0.021  std 0.216  lr 1.0e-04  fps   8627   322.6s
it 5145/8000  reward  282.38  ep_len  808.0  fell    0  err_xy 0.124  std 0.216  lr 1.0e-04  fps   7160   322.9s
it 5146/8000  reward     nan  ep_len    nan  fell    0  err_xy 0.348  std 0.216  lr 1.0e-04  fps   9380   323.2s
it 5147/8000  reward     nan  ep_len    nan  fell    0  err_xy 0.224  std 0.216  lr 1.0e-04  fps   9208   323.4s
it 5148/8000  reward     nan  ep_len    nan  fell    0  err_xy 0.219  std 0.216  lr 1.0e-04  fps   8978   323.7s
it 5149/8000  reward     nan  ep_len    nan  fell    0  err_xy 0.219  std 0.216  lr 1.0e-04  fps   8720   323.9s
it 5150/8000  reward     nan  ep_len    nan  fell    0  err_xy 0.141  std 0.216  lr 1.0e-04  fps   8635   324.2s
it 5151/8000  reward     nan  ep_len    nan  fell    0  err_xy 0.116  std 0.216  lr 1.0e-04  fps   8574   324.5s
it 5152/8000  reward     nan  ep_len    nan  fell    0  err_xy 0.123  std 0.216  lr 1.0e-04  fps   8606   324.7s
it 5153/8000  reward     nan  ep_len    nan  fell    0  err_xy 0.108  std 0.216  lr 1.0e-04  fps   8425   325.0s
it 5154/8000  reward     nan  ep_len    nan  fell    0  err_xy 0.087  std 0.217  lr 1.0e-04  fps   8492   325.3s
it 5155/8000  reward     nan  ep_len    nan  fell    0  err_xy 0.069  std 0.217  lr 1.0e-04  fps   8531   325.6s
it 5156/8000  reward     nan  ep_len    nan  fell    0  err_xy 0.055  std 0.217  lr 1.0e-04  fps   8502   325.8s
it 5157/8000  reward     nan  ep_len    nan  fell    0  err_xy 0.050  std 0.217  lr 1.0e-04  fps   8450   326.1s
it 5158/8000  reward     nan  ep_len    nan  fell    0  err_xy 0.047  std 0.217  lr 1.0e-04  fps   8401   326.4s
it 5159/8000  reward     nan  ep_len    nan  fell    0  err_xy 0.036  std 0.217  lr 1.0e-04  fps   8424   326.7s
it 5160/8000  reward     nan  ep_len    nan  fell    0  err_xy 0.031  std 0.217  lr 1.0e-04  fps   8369   326.9s
it 5161/8000  reward     nan  ep_len    nan  fell    0  err_xy 0.022  std 0.217  lr 1.0e-04  fps   8367   327.2s
it 5162/8000  reward     nan  ep_len    nan  fell    0  err_xy 0.021  std 0.217  lr 1.0e-04  fps   8485   327.5s
it 5163/8000  reward     nan  ep_len    nan  fell    0  err_xy 0.020  std 0.217  lr 1.0e-04  fps   8455   327.8s
it 5164/8000  reward     nan  ep_len    nan  fell    0  err_xy 0.020  std 0.217  lr 1.0e-04  fps   8386   328.0s
it 5165/8000  reward     nan  ep_len    nan  fell    0  err_xy 0.017  std 0.217  lr 1.0e-04  fps   8538   328.3s
it 5166/8000  reward     nan  ep_len    nan  fell    0  err_xy 0.020  std 0.217  lr 1.0e-04  fps   8507   328.6s
it 5167/8000  reward     nan  ep_len    nan  fell    0  err_xy 0.018  std 0.217  lr 1.0e-04  fps   8504   328.8s
it 5168/8000  reward     nan  ep_len    nan  fell    0  err_xy 0.017  std 0.217  lr 1.0e-04  fps   8557   329.1s
it 5169/8000  reward     nan  ep_len    nan  fell    0  err_xy 0.013  std 0.217  lr 1.0e-04  fps   8599   329.4s
it 5170/8000  reward     nan  ep_len    nan  fell    0  err_xy 0.012  std 0.217  lr 1.0e-04  fps   8630   329.6s
it 5171/8000  reward     nan  ep_len    nan  fell    0  err_xy 0.013  std 0.217  lr 1.0e-04  fps   8617   329.9s
it 5172/8000  reward     nan  ep_len    nan  fell    0  err_xy 0.013  std 0.217  lr 1.0e-04  fps   8563   330.2s
it 5173/8000  reward     nan  ep_len    nan  fell    0  err_xy 0.013  std 0.217  lr 1.0e-04  fps   8689   330.4s
it 5174/8000  reward     nan  ep_len    nan  fell    0  err_xy 0.011  std 0.217  lr 1.0e-04  fps   8394   330.7s
it 5175/8000  reward     nan  ep_len    nan  fell    0  err_xy 0.011  std 0.217  lr 1.0e-04  fps   8113   331.0s
it 5176/8000  reward     nan  ep_len    nan  fell    0  err_xy 0.014  std 0.217  lr 1.0e-04  fps   8562   331.3s
it 5177/8000  reward     nan  ep_len    nan  fell    0  err_xy 0.012  std 0.217  lr 1.0e-04  fps   8706   331.5s
it 5178/8000  reward     nan  ep_len    nan  fell    0  err_xy 0.012  std 0.217  lr 1.0e-04  fps   8801   331.8s
it 5179/8000  reward  288.70  ep_len  808.0  fell    0  err_xy 0.241  std 0.217  lr 1.0e-04  fps   7443   332.1s
it 5180/8000  reward     nan  ep_len    nan  fell    0  err_xy 0.250  std 0.217  lr 1.0e-04  fps   9287   332.4s
it 5181/8000  reward     nan  ep_len    nan  fell    0  err_xy 0.254  std 0.217  lr 1.0e-04  fps   8848   332.6s
it 5182/8000  reward     nan  ep_len    nan  fell    0  err_xy 0.272  std 0.217  lr 1.0e-04  fps   8646   332.9s
it 5183/8000  reward     nan  ep_len    nan  fell    0  err_xy 0.242  std 0.217  lr 1.0e-04  fps   8479   333.2s
it 5184/8000  reward     nan  ep_len    nan  fell    0  err_xy 0.204  std 0.217  lr 1.0e-04  fps   8972   333.4s
it 5185/8000  reward     nan  ep_len    nan  fell    0  err_xy 0.166  std 0.217  lr 1.0e-04  fps   8884   333.7s
it 5186/8000  reward     nan  ep_len    nan  fell    0  err_xy 0.141  std 0.217  lr 1.0e-04  fps   8784   333.9s
it 5187/8000  reward     nan  ep_len    nan  fell    0  err_xy 0.141  std 0.217  lr 1.0e-04  fps   8773   334.2s
it 5188/8000  reward     nan  ep_len    nan  fell    0  err_xy 0.106  std 0.217  lr 1.0e-04  fps   8737   334.5s
it 5189/8000  reward     nan  ep_len    nan  fell    0  err_xy 0.077  std 0.217  lr 1.0e-04  fps   8727   334.7s
it 5190/8000  reward     nan  ep_len    nan  fell    0  err_xy 0.073  std 0.217  lr 1.0e-04  fps   8434   335.0s
it 5191/8000  reward     nan  ep_len    nan  fell    0  err_xy 0.066  std 0.217  lr 1.0e-04  fps   8555   335.3s
it 5192/8000  reward     nan  ep_len    nan  fell    0  err_xy 0.055  std 0.217  lr 1.0e-04  fps   8489   335.5s
it 5193/8000  reward     nan  ep_len    nan  fell    0  err_xy 0.048  std 0.217  lr 1.0e-04  fps   8751   335.8s
it 5194/8000  reward     nan  ep_len    nan  fell    0  err_xy 0.041  std 0.217  lr 1.0e-04  fps   8759   336.1s
it 5195/8000  reward     nan  ep_len    nan  fell    0  err_xy 0.030  std 0.217  lr 1.0e-04  fps   8829   336.3s
it 5196/8000  reward     nan  ep_len    nan  fell    0  err_xy 0.027  std 0.217  lr 1.0e-04  fps   8652   336.6s
it 5197/8000  reward     nan  ep_len    nan  fell    0  err_xy 0.027  std 0.217  lr 1.0e-04  fps   8655   336.9s
it 5198/8000  reward     nan  ep_len    nan  fell    0  err_xy 0.026  std 0.217  lr 1.0e-04  fps   8520   337.1s
it 5199/8000  reward     nan  ep_len    nan  fell    0  err_xy 0.020  std 0.217  lr 1.0e-04  fps   8685   337.4s
it 5200/8000  reward     nan  ep_len    nan  fell    0  err_xy 0.019  std 0.217  lr 1.0e-04  fps   8628   337.7s
it 5201/8000  reward     nan  ep_len    nan  fell    0  err_xy 0.015  std 0.217  lr 1.0e-04  fps   8604   337.9s
it 5202/8000  reward     nan  ep_len    nan  fell    0  err_xy 0.018  std 0.217  lr 1.0e-04  fps   8608   338.2s
it 5203/8000  reward     nan  ep_len    nan  fell    0  err_xy 0.019  std 0.217  lr 1.0e-04  fps   8652   338.5s
it 5204/8000  reward     nan  ep_len    nan  fell    0  err_xy 0.024  std 0.217  lr 1.0e-04  fps   8656   338.7s
it 5205/8000  reward     nan  ep_len    nan  fell    0  err_xy 0.019  std 0.217  lr 1.0e-04  fps   8653   339.0s
it 5206/8000  reward     nan  ep_len    nan  fell    0  err_xy 0.019  std 0.217  lr 1.0e-04  fps   8733   339.3s
it 5207/8000  reward     nan  ep_len    nan  fell    0  err_xy 0.021  std 0.217  lr 1.0e-04  fps   8612   339.5s
it 5208/8000  reward     nan  ep_len    nan  fell    0  err_xy 0.017  std 0.217  lr 1.0e-04  fps   8176   339.8s
it 5209/8000  reward     nan  ep_len    nan  fell    0  err_xy 0.016  std 0.217  lr 1.0e-04  fps   8645   340.1s
it 5210/8000  reward     nan  ep_len    nan  fell    0  err_xy 0.014  std 0.217  lr 1.0e-04  fps   8671   340.4s
it 5211/8000  reward     nan  ep_len    nan  fell    0  err_xy 0.013  std 0.217  lr 1.0e-04  fps   8715   340.6s
it 5212/8000  reward  275.17  ep_len  808.0  fell    0  err_xy 0.012  std 0.217  lr 1.0e-04  fps   7007   341.0s
it 5213/8000  reward     nan  ep_len    nan  fell    0  err_xy 0.369  std 0.217  lr 1.0e-04  fps   8843   341.2s
it 5214/8000  reward     nan  ep_len    nan  fell    0  err_xy 0.251  std 0.217  lr 1.0e-04  fps   9064   341.5s
it 5215/8000  reward     nan  ep_len    nan  fell    0  err_xy 0.246  std 0.217  lr 1.0e-04  fps   8743   341.7s
it 5216/8000  reward     nan  ep_len    nan  fell    0  err_xy 0.228  std 0.217  lr 1.0e-04  fps   8649   342.0s
it 5217/8000  reward     nan  ep_len    nan  fell    0  err_xy 0.177  std 0.217  lr 1.0e-04  fps   8689   342.3s
it 5218/8000  reward     nan  ep_len    nan  fell    0  err_xy 0.136  std 0.217  lr 1.0e-04  fps   8649   342.5s
it 5219/8000  reward     nan  ep_len    nan  fell    0  err_xy 0.110  std 0.217  lr 1.0e-04  fps   8575   342.8s
it 5220/8000  reward     nan  ep_len    nan  fell    0  err_xy 0.094  std 0.217  lr 1.0e-04  fps   8286   343.1s
it 5221/8000  reward     nan  ep_len    nan  fell    0  err_xy 0.087  std 0.217  lr 1.0e-04  fps   8475   343.3s
it 5222/8000  reward     nan  ep_len    nan  fell    0  err_xy 0.055  std 0.217  lr 1.0e-04  fps   8646   343.6s
it 5223/8000  reward     nan  ep_len    nan  fell    0  err_xy 0.047  std 0.217  lr 1.0e-04  fps   8551   343.9s
it 5224/8000  reward     nan  ep_len    nan  fell    0  err_xy 0.039  std 0.217  lr 1.0e-04  fps   8507   344.2s
it 5225/8000  reward     nan  ep_len    nan  fell    0  err_xy 0.033  std 0.217  lr 1.0e-04  fps   8581   344.4s
it 5226/8000  reward     nan  ep_len    nan  fell    0  err_xy 0.028  std 0.217  lr 1.0e-04  fps   8678   344.7s
it 5227/8000  reward     nan  ep_len    nan  fell    0  err_xy 0.026  std 0.217  lr 1.0e-04  fps   8299   345.0s
it 5228/8000  reward     nan  ep_len    nan  fell    0  err_xy 0.023  std 0.217  lr 1.0e-04  fps   8385   345.2s
it 5229/8000  reward     nan  ep_len    nan  fell    0  err_xy 0.023  std 0.217  lr 1.0e-04  fps   8667   345.5s
it 5230/8000  reward     nan  ep_len    nan  fell    0  err_xy 0.030  std 0.217  lr 1.0e-04  fps   8718   345.8s
it 5231/8000  reward     nan  ep_len    nan  fell    0  err_xy 0.021  std 0.217  lr 1.0e-04  fps   8737   346.0s
it 5232/8000  reward     nan  ep_len    nan  fell    0  err_xy 0.021  std 0.217  lr 1.0e-04  fps   8778   346.3s
it 5233/8000  reward     nan  ep_len    nan  fell    0  err_xy 0.025  std 0.217  lr 1.0e-04  fps   8674   346.6s
it 5234/8000  reward     nan  ep_len    nan  fell    0  err_xy 0.022  std 0.217  lr 1.0e-04  fps   8541   346.8s
it 5235/8000  reward     nan  ep_len    nan  fell    0  err_xy 0.017  std 0.217  lr 1.0e-04  fps   8395   347.1s
it 5236/8000  reward     nan  ep_len    nan  fell    0  err_xy 0.017  std 0.217  lr 1.0e-04  fps   8436   347.4s
it 5237/8000  reward     nan  ep_len    nan  fell    0  err_xy 0.013  std 0.217  lr 1.0e-04  fps   8767   347.6s
it 5238/8000  reward     nan  ep_len    nan  fell    0  err_xy 0.013  std 0.217  lr 1.0e-04  fps   8708   347.9s
it 5239/8000  reward     nan  ep_len    nan  fell    0  err_xy 0.015  std 0.217  lr 1.0e-04  fps   8769   348.2s
it 5240/8000  reward     nan  ep_len    nan  fell    0  err_xy 0.020  std 0.217  lr 1.0e-04  fps   8719   348.4s
it 5241/8000  reward     nan  ep_len    nan  fell    0  err_xy 0.020  std 0.217  lr 1.0e-04  fps   8724   348.7s
it 5242/8000  reward     nan  ep_len    nan  fell    0  err_xy 0.018  std 0.217  lr 1.0e-04  fps   8778   349.0s
it 5243/8000  reward     nan  ep_len    nan  fell    0  err_xy 0.015  std 0.217  lr 1.0e-04  fps   8787   349.2s
it 5244/8000  reward     nan  ep_len    nan  fell    0  err_xy 0.016  std 0.217  lr 1.0e-04  fps   8672   349.5s
it 5245/8000  reward     nan  ep_len    nan  fell    0  err_xy 0.011  std 0.217  lr 1.0e-04  fps   8623   349.8s
it 5246/8000  reward  286.62  ep_len  808.0  fell    0  err_xy 0.103  std 0.217  lr 1.0e-04  fps   7381   350.1s
it 5247/8000  reward     nan  ep_len    nan  fell    0  err_xy 0.343  std 0.217  lr 1.0e-04  fps   9494   350.3s
it 5248/8000  reward     nan  ep_len    nan  fell    0  err_xy 0.235  std 0.217  lr 1.0e-04  fps   9278   350.6s
it 5249/8000  reward     nan  ep_len    nan  fell    0  err_xy 0.251  std 0.217  lr 1.0e-04  fps   9080   350.8s
it 5250/8000  reward     nan  ep_len    nan  fell    0  err_xy 0.233  std 0.217  lr 1.0e-04  fps   8960   351.1s
it 5251/8000  reward     nan  ep_len    nan  fell    0  err_xy 0.186  std 0.217  lr 1.0e-04  fps   8928   351.3s
it 5252/8000  reward     nan  ep_len    nan  fell    0  err_xy 0.148  std 0.217  lr 1.0e-04  fps   8897   351.6s
it 5253/8000  reward     nan  ep_len    nan  fell    0  err_xy 0.133  std 0.217  lr 1.0e-04  fps   8818   351.9s
it 5254/8000  reward     nan  ep_len    nan  fell    0  err_xy 0.127  std 0.217  lr 1.0e-04  fps   8823   352.1s
it 5255/8000  reward     nan  ep_len    nan  fell    0  err_xy 0.149  std 0.217  lr 1.0e-04  fps   8730   352.4s
it 5256/8000  reward     nan  ep_len    nan  fell    0  err_xy 0.122  std 0.217  lr 1.0e-04  fps   8728   352.7s
it 5257/8000  reward     nan  ep_len    nan  fell    0  err_xy 0.100  std 0.217  lr 1.0e-04  fps   8657   352.9s
it 5258/8000  reward     nan  ep_len    nan  fell    0  err_xy 0.089  std 0.217  lr 1.0e-04  fps   8652   353.2s
it 5259/8000  reward     nan  ep_len    nan  fell    0  err_xy 0.069  std 0.217  lr 1.0e-04  fps   8610   353.5s
it 5260/8000  reward     nan  ep_len    nan  fell    0  err_xy 0.062  std 0.217  lr 1.0e-04  fps   8690   353.7s
it 5261/8000  reward     nan  ep_len    nan  fell    0  err_xy 0.060  std 0.217  lr 1.0e-04  fps   8632   354.0s
it 5262/8000  reward     nan  ep_len    nan  fell    0  err_xy 0.063  std 0.217  lr 1.0e-04  fps   8561   354.3s
it 5263/8000  reward     nan  ep_len    nan  fell    0  err_xy 0.048  std 0.217  lr 1.0e-04  fps   8531   354.5s
it 5264/8000  reward     nan  ep_len    nan  fell    0  err_xy 0.044  std 0.217  lr 1.0e-04  fps   8248   354.8s
it 5265/8000  reward     nan  ep_len    nan  fell    0  err_xy 0.046  std 0.217  lr 1.0e-04  fps   8698   355.1s
it 5266/8000  reward     nan  ep_len    nan  fell    0  err_xy 0.046  std 0.217  lr 1.0e-04  fps   8654   355.3s
it 5267/8000  reward     nan  ep_len    nan  fell    0  err_xy 0.046  std 0.217  lr 1.0e-04  fps   8681   355.6s
it 5268/8000  reward     nan  ep_len    nan  fell    0  err_xy 0.036  std 0.217  lr 1.0e-04  fps   8693   355.9s
it 5269/8000  reward     nan  ep_len    nan  fell    0  err_xy 0.035  std 0.217  lr 1.0e-04  fps   8608   356.1s
it 5270/8000  reward     nan  ep_len    nan  fell    0  err_xy 0.032  std 0.217  lr 1.0e-04  fps   8701   356.4s
it 5271/8000  reward     nan  ep_len    nan  fell    0  err_xy 0.032  std 0.217  lr 1.0e-04  fps   8644   356.7s
it 5272/8000  reward     nan  ep_len    nan  fell    0  err_xy 0.032  std 0.217  lr 1.0e-04  fps   8595   356.9s
it 5273/8000  reward     nan  ep_len    nan  fell    0  err_xy 0.030  std 0.217  lr 1.0e-04  fps   8342   357.2s
it 5274/8000  reward     nan  ep_len    nan  fell    0  err_xy 0.022  std 0.217  lr 1.0e-04  fps   8617   357.5s
it 5275/8000  reward     nan  ep_len    nan  fell    0  err_xy 0.023  std 0.217  lr 1.0e-04  fps   8747   357.7s
it 5276/8000  reward     nan  ep_len    nan  fell    0  err_xy 0.020  std 0.217  lr 1.0e-04  fps   8758   358.0s
it 5277/8000  reward     nan  ep_len    nan  fell    0  err_xy 0.018  std 0.217  lr 1.0e-04  fps   8781   358.3s
it 5278/8000  reward     nan  ep_len    nan  fell    0  err_xy 0.015  std 0.217  lr 1.0e-04  fps   8775   358.5s
it 5279/8000  reward     nan  ep_len    nan  fell    0  err_xy 0.014  std 0.217  lr 1.0e-04  fps   8726   358.8s
it 5280/8000  reward  273.23  ep_len  808.0  fell    0  err_xy 0.284  std 0.217  lr 1.0e-04  fps   7506   359.1s
it 5281/8000  reward     nan  ep_len    nan  fell    0  err_xy 0.267  std 0.217  lr 1.0e-04  fps   9475   359.3s
it 5282/8000  reward     nan  ep_len    nan  fell    0  err_xy 0.217  std 0.217  lr 1.0e-04  fps   9295   359.6s
it 5283/8000  reward     nan  ep_len    nan  fell    0  err_xy 0.219  std 0.217  lr 1.0e-04  fps   8961   359.9s
it 5284/8000  reward     nan  ep_len    nan  fell    0  err_xy 0.216  std 0.217  lr 1.0e-04  fps   8853   360.1s
it 5285/8000  reward     nan  ep_len    nan  fell    0  err_xy 0.146  std 0.217  lr 1.0e-04  fps   8820   360.4s
it 5286/8000  reward     nan  ep_len    nan  fell    0  err_xy 0.102  std 0.217  lr 1.0e-04  fps   8722   360.6s
it 5287/8000  reward     nan  ep_len    nan  fell    0  err_xy 0.089  std 0.217  lr 1.0e-04  fps   8757   360.9s
it 5288/8000  reward     nan  ep_len    nan  fell    0  err_xy 0.083  std 0.217  lr 1.0e-04  fps   8762   361.2s
it 5289/8000  reward     nan  ep_len    nan  fell    0  err_xy 0.073  std 0.217  lr 1.0e-04  fps   8743   361.4s
it 5290/8000  reward     nan  ep_len    nan  fell    0  err_xy 0.066  std 0.217  lr 1.0e-04  fps   8765   361.7s
it 5291/8000  reward     nan  ep_len    nan  fell    0  err_xy 0.049  std 0.217  lr 1.0e-04  fps   8774   362.0s
it 5292/8000  reward     nan  ep_len    nan  fell    0  err_xy 0.054  std 0.217  lr 1.0e-04  fps   8854   362.2s
it 5293/8000  reward     nan  ep_len    nan  fell    0  err_xy 0.061  std 0.217  lr 1.0e-04  fps   8817   362.5s
it 5294/8000  reward     nan  ep_len    nan  fell    0  err_xy 0.062  std 0.217  lr 1.0e-04  fps   8943   362.7s
it 5295/8000  reward     nan  ep_len    nan  fell    0  err_xy 0.058  std 0.217  lr 1.0e-04  fps   8856   363.0s
it 5296/8000  reward     nan  ep_len    nan  fell    0  err_xy 0.055  std 0.217  lr 1.0e-04  fps   8794   363.3s
it 5297/8000  reward     nan  ep_len    nan  fell    0  err_xy 0.044  std 0.217  lr 1.0e-04  fps   8875   363.5s
it 5298/8000  reward     nan  ep_len    nan  fell    0  err_xy 0.037  std 0.217  lr 1.0e-04  fps   8916   363.8s
it 5299/8000  reward     nan  ep_len    nan  fell    0  err_xy 0.030  std 0.217  lr 1.0e-04  fps   8917   364.0s
it 5300/8000  reward     nan  ep_len    nan  fell    0  err_xy 0.026  std 0.217  lr 1.0e-04  fps   8928   364.3s
it 5301/8000  reward     nan  ep_len    nan  fell    0  err_xy 0.025  std 0.217  lr 1.0e-04  fps   8911   364.6s
it 5302/8000  reward     nan  ep_len    nan  fell    0  err_xy 0.025  std 0.217  lr 1.0e-04  fps   8882   364.8s
it 5303/8000  reward     nan  ep_len    nan  fell    0  err_xy 0.025  std 0.217  lr 1.0e-04  fps   8058   365.1s
it 5304/8000  reward     nan  ep_len    nan  fell    0  err_xy 0.028  std 0.217  lr 1.0e-04  fps   8822   365.4s
it 5305/8000  reward     nan  ep_len    nan  fell    0  err_xy 0.020  std 0.217  lr 1.0e-04  fps   8728   365.6s
it 5306/8000  reward     nan  ep_len    nan  fell    0  err_xy 0.022  std 0.217  lr 1.0e-04  fps   8759   365.9s
it 5307/8000  reward     nan  ep_len    nan  fell    0  err_xy 0.019  std 0.217  lr 1.0e-04  fps   8712   366.2s
it 5308/8000  reward     nan  ep_len    nan  fell    0  err_xy 0.015  std 0.217  lr 1.0e-04  fps   8711   366.4s
it 5309/8000  reward     nan  ep_len    nan  fell    0  err_xy 0.014  std 0.217  lr 1.0e-04  fps   8787   366.7s
it 5310/8000  reward     nan  ep_len    nan  fell    0  err_xy 0.012  std 0.217  lr 1.0e-04  fps   8741   366.9s
it 5311/8000  reward     nan  ep_len    nan  fell    0  err_xy 0.011  std 0.217  lr 1.0e-04  fps   8762   367.2s
it 5312/8000  reward     nan  ep_len    nan  fell    0  err_xy 0.012  std 0.217  lr 1.0e-04  fps   8750   367.5s
it 5313/8000  reward  280.16  ep_len  808.0  fell    0  err_xy 0.013  std 0.217  lr 1.0e-04  fps   7215   367.8s
it 5314/8000  reward     nan  ep_len    nan  fell    0  err_xy 0.364  std 0.217  lr 1.0e-04  fps   9232   368.0s
it 5315/8000  reward     nan  ep_len    nan  fell    0  err_xy 0.232  std 0.217  lr 1.0e-04  fps   9334   368.3s
it 5316/8000  reward     nan  ep_len    nan  fell    0  err_xy 0.189  std 0.217  lr 1.0e-04  fps   9242   368.5s
it 5317/8000  reward     nan  ep_len    nan  fell    0  err_xy 0.212  std 0.217  lr 1.0e-04  fps   9034   368.8s
it 5318/8000  reward     nan  ep_len    nan  fell    0  err_xy 0.190  std 0.217  lr 1.0e-04  fps   8936   369.1s
it 5319/8000  reward     nan  ep_len    nan  fell    0  err_xy 0.155  std 0.217  lr 1.0e-04  fps   8701   369.3s
it 5320/8000  reward     nan  ep_len    nan  fell    0  err_xy 0.149  std 0.217  lr 1.0e-04  fps   8708   369.6s
it 5321/8000  reward     nan  ep_len    nan  fell    0  err_xy 0.130  std 0.217  lr 1.0e-04  fps   8599   369.9s
it 5322/8000  reward     nan  ep_len    nan  fell    0  err_xy 0.116  std 0.217  lr 1.0e-04  fps   8528   370.1s
it 5323/8000  reward     nan  ep_len    nan  fell    0  err_xy 0.096  std 0.217  lr 1.0e-04  fps   8161   370.4s
it 5324/8000  reward     nan  ep_len    nan  fell    0  err_xy 0.087  std 0.217  lr 1.0e-04  fps   8688   370.7s
it 5325/8000  reward     nan  ep_len    nan  fell    0  err_xy 0.087  std 0.217  lr 1.0e-04  fps   8668   370.9s
it 5326/8000  reward     nan  ep_len    nan  fell    0  err_xy 0.082  std 0.217  lr 1.0e-04  fps   8778   371.2s
it 5327/8000  reward     nan  ep_len    nan  fell    0  err_xy 0.079  std 0.217  lr 1.0e-04  fps   8700   371.5s
it 5328/8000  reward     nan  ep_len    nan  fell    0  err_xy 0.075  std 0.217  lr 1.0e-04  fps   8803   371.7s
it 5329/8000  reward     nan  ep_len    nan  fell    0  err_xy 0.066  std 0.217  lr 1.0e-04  fps   8487   372.0s
it 5330/8000  reward     nan  ep_len    nan  fell    0  err_xy 0.052  std 0.217  lr 1.0e-04  fps   8525   372.3s
it 5331/8000  reward     nan  ep_len    nan  fell    0  err_xy 0.057  std 0.217  lr 1.0e-04  fps   8660   372.5s
it 5332/8000  reward     nan  ep_len    nan  fell    0  err_xy 0.047  std 0.217  lr 1.0e-04  fps   8882   372.8s
it 5333/8000  reward     nan  ep_len    nan  fell    0  err_xy 0.042  std 0.217  lr 1.0e-04  fps   8929   373.1s
it 5334/8000  reward     nan  ep_len    nan  fell    0  err_xy 0.042  std 0.217  lr 1.0e-04  fps   8899   373.3s
it 5335/8000  reward     nan  ep_len    nan  fell    0  err_xy 0.035  std 0.217  lr 1.0e-04  fps   8946   373.6s
it 5336/8000  reward     nan  ep_len    nan  fell    0  err_xy 0.035  std 0.217  lr 1.0e-04  fps   8956   373.8s
it 5337/8000  reward     nan  ep_len    nan  fell    0  err_xy 0.030  std 0.217  lr 1.0e-04  fps   8948   374.1s
it 5338/8000  reward     nan  ep_len    nan  fell    0  err_xy 0.031  std 0.217  lr 1.0e-04  fps   8844   374.3s
it 5339/8000  reward     nan  ep_len    nan  fell    0  err_xy 0.024  std 0.217  lr 1.0e-04  fps   8988   374.6s
it 5340/8000  reward     nan  ep_len    nan  fell    0  err_xy 0.027  std 0.217  lr 1.0e-04  fps   8969   374.9s
it 5341/8000  reward     nan  ep_len    nan  fell    0  err_xy 0.030  std 0.217  lr 1.0e-04  fps   8947   375.1s
it 5342/8000  reward     nan  ep_len    nan  fell    0  err_xy 0.032  std 0.217  lr 1.0e-04  fps   7690   375.4s
it 5343/8000  reward     nan  ep_len    nan  fell    0  err_xy 0.031  std 0.217  lr 1.0e-04  fps   7521   375.7s
it 5344/8000  reward     nan  ep_len    nan  fell    0  err_xy 0.030  std 0.217  lr 1.0e-04  fps   8923   376.0s
it 5345/8000  reward     nan  ep_len    nan  fell    0  err_xy 0.028  std 0.217  lr 1.0e-04  fps   8888   376.2s
it 5346/8000  reward     nan  ep_len    nan  fell    0  err_xy 0.024  std 0.217  lr 1.0e-04  fps   8899   376.5s
it 5347/8000  reward  261.38  ep_len  808.0  fell    0  err_xy 0.109  std 0.217  lr 1.0e-04  fps   7441   376.8s
it 5348/8000  reward     nan  ep_len    nan  fell    0  err_xy 0.361  std 0.217  lr 1.0e-04  fps   9242   377.1s
it 5349/8000  reward     nan  ep_len    nan  fell    0  err_xy 0.229  std 0.217  lr 1.0e-04  fps   9280   377.3s
it 5350/8000  reward     nan  ep_len    nan  fell    0  err_xy 0.229  std 0.217  lr 1.0e-04  fps   9031   377.6s
it 5351/8000  reward     nan  ep_len    nan  fell    0  err_xy 0.246  std 0.217  lr 1.0e-04  fps   9012   377.8s
it 5352/8000  reward     nan  ep_len    nan  fell    0  err_xy 0.236  std 0.217  lr 1.0e-04  fps   8844   378.1s
it 5353/8000  reward     nan  ep_len    nan  fell    0  err_xy 0.180  std 0.217  lr 1.0e-04  fps   8844   378.3s
it 5354/8000  reward     nan  ep_len    nan  fell    0  err_xy 0.164  std 0.217  lr 1.0e-04  fps   8857   378.6s
it 5355/8000  reward     nan  ep_len    nan  fell    0  err_xy 0.127  std 0.217  lr 1.0e-04  fps   8851   378.9s
it 5356/8000  reward     nan  ep_len    nan  fell    0  err_xy 0.105  std 0.217  lr 1.0e-04  fps   8353   379.1s
it 5357/8000  reward     nan  ep_len    nan  fell    0  err_xy 0.100  std 0.217  lr 1.0e-04  fps   8690   379.4s
it 5358/8000  reward     nan  ep_len    nan  fell    0  err_xy 0.100  std 0.217  lr 1.0e-04  fps   8632   379.7s
it 5359/8000  reward     nan  ep_len    nan  fell    0  err_xy 0.078  std 0.217  lr 1.0e-04  fps   8445   379.9s
it 5360/8000  reward     nan  ep_len    nan  fell    0  err_xy 0.064  std 0.217  lr 1.0e-04  fps   7874   380.2s
it 5361/8000  reward     nan  ep_len    nan  fell    0  err_xy 0.052  std 0.217  lr 1.0e-04  fps   8301   380.5s
it 5362/8000  reward     nan  ep_len    nan  fell    0  err_xy 0.051  std 0.217  lr 1.0e-04  fps   8374   380.8s
it 5363/8000  reward     nan  ep_len    nan  fell    0  err_xy 0.049  std 0.217  lr 1.0e-04  fps   8627   381.1s
it 5364/8000  reward     nan  ep_len    nan  fell    0  err_xy 0.046  std 0.217  lr 1.0e-04  fps   8643   381.3s
it 5365/8000  reward     nan  ep_len    nan  fell    0  err_xy 0.034  std 0.217  lr 1.0e-04  fps   8706   381.6s
it 5366/8000  reward     nan  ep_len    nan  fell    0  err_xy 0.028  std 0.217  lr 1.0e-04  fps   8580   381.9s
it 5367/8000  reward     nan  ep_len    nan  fell    0  err_xy 0.031  std 0.217  lr 1.0e-04  fps   8591   382.1s
it 5368/8000  reward     nan  ep_len    nan  fell    0  err_xy 0.033  std 0.217  lr 1.0e-04  fps   8605   382.4s
it 5369/8000  reward     nan  ep_len    nan  fell    0  err_xy 0.026  std 0.217  lr 1.0e-04  fps   8676   382.7s
it 5370/8000  reward     nan  ep_len    nan  fell    0  err_xy 0.020  std 0.217  lr 1.0e-04  fps   8636   382.9s
it 5371/8000  reward     nan  ep_len    nan  fell    0  err_xy 0.017  std 0.217  lr 1.0e-04  fps   8621   383.2s
it 5372/8000  reward     nan  ep_len    nan  fell    0  err_xy 0.018  std 0.217  lr 1.0e-04  fps   8655   383.5s
it 5373/8000  reward     nan  ep_len    nan  fell    0  err_xy 0.014  std 0.217  lr 1.0e-04  fps   8765   383.7s
it 5374/8000  reward     nan  ep_len    nan  fell    0  err_xy 0.017  std 0.217  lr 1.0e-04  fps   8745   384.0s
it 5375/8000  reward     nan  ep_len    nan  fell    0  err_xy 0.018  std 0.217  lr 1.0e-04  fps   8696   384.3s
it 5376/8000  reward     nan  ep_len    nan  fell    0  err_xy 0.021  std 0.217  lr 1.0e-04  fps   8598   384.5s
it 5377/8000  reward     nan  ep_len    nan  fell    0  err_xy 0.018  std 0.217  lr 1.0e-04  fps   8650   384.8s
it 5378/8000  reward     nan  ep_len    nan  fell    0  err_xy 0.015  std 0.217  lr 1.0e-04  fps   8648   385.1s
it 5379/8000  reward     nan  ep_len    nan  fell    0  err_xy 0.013  std 0.217  lr 1.0e-04  fps   8642   385.3s
it 5380/8000  reward     nan  ep_len    nan  fell    0  err_xy 0.017  std 0.217  lr 1.0e-04  fps   8552   385.6s
it 5381/8000  reward  274.43  ep_len  808.0  fell    0  err_xy 0.261  std 0.217  lr 1.0e-04  fps   7356   385.9s
it 5382/8000  reward     nan  ep_len    nan  fell    0  err_xy 0.279  std 0.217  lr 1.0e-04  fps   9239   386.2s
it 5383/8000  reward     nan  ep_len    nan  fell    0  err_xy 0.220  std 0.217  lr 1.0e-04  fps   9038   386.4s
it 5384/8000  reward     nan  ep_len    nan  fell    0  err_xy 0.232  std 0.217  lr 1.0e-04  fps   8894   386.7s
it 5385/8000  reward     nan  ep_len    nan  fell    0  err_xy 0.223  std 0.217  lr 1.0e-04  fps   8765   386.9s
it 5386/8000  reward     nan  ep_len    nan  fell    0  err_xy 0.182  std 0.217  lr 1.0e-04  fps   8655   387.2s
it 5387/8000  reward     nan  ep_len    nan  fell    0  err_xy 0.134  std 0.217  lr 1.0e-04  fps   8544   387.5s
it 5388/8000  reward     nan  ep_len    nan  fell    0  err_xy 0.132  std 0.217  lr 1.0e-04  fps   8586   387.7s
it 5389/8000  reward     nan  ep_len    nan  fell    0  err_xy 0.113  std 0.217  lr 1.0e-04  fps   8571   388.0s
it 5390/8000  reward     nan  ep_len    nan  fell    0  err_xy 0.103  std 0.217  lr 1.0e-04  fps   8656   388.3s
it 5391/8000  reward     nan  ep_len    nan  fell    0  err_xy 0.092  std 0.217  lr 1.0e-04  fps   8529   388.5s
it 5392/8000  reward     nan  ep_len    nan  fell    0  err_xy 0.071  std 0.217  lr 1.0e-04  fps   7756   388.8s
it 5393/8000  reward     nan  ep_len    nan  fell    0  err_xy 0.073  std 0.217  lr 1.0e-04  fps   8571   389.1s
it 5394/8000  reward     nan  ep_len    nan  fell    0  err_xy 0.063  std 0.217  lr 1.0e-04  fps   8291   389.4s
it 5395/8000  reward     nan  ep_len    nan  fell    0  err_xy 0.060  std 0.217  lr 1.0e-04  fps   8413   389.7s
it 5396/8000  reward     nan  ep_len    nan  fell    0  err_xy 0.045  std 0.217  lr 1.0e-04  fps   8563   389.9s
it 5397/8000  reward     nan  ep_len    nan  fell    0  err_xy 0.042  std 0.217  lr 1.0e-04  fps   8540   390.2s
it 5398/8000  reward     nan  ep_len    nan  fell    0  err_xy 0.041  std 0.217  lr 1.0e-04  fps   8680   390.5s
it 5399/8000  reward     nan  ep_len    nan  fell    0  err_xy 0.037  std 0.217  lr 1.0e-04  fps   8769   390.7s
it 5400/8000  reward     nan  ep_len    nan  fell    0  err_xy 0.030  std 0.217  lr 1.0e-04  fps   8665   391.0s
it 5401/8000  reward     nan  ep_len    nan  fell    0  err_xy 0.027  std 0.217  lr 1.0e-04  fps   8593   391.3s
it 5402/8000  reward     nan  ep_len    nan  fell    0  err_xy 0.023  std 0.217  lr 1.0e-04  fps   8621   391.5s
it 5403/8000  reward     nan  ep_len    nan  fell    0  err_xy 0.026  std 0.217  lr 1.0e-04  fps   8666   391.8s
it 5404/8000  reward     nan  ep_len    nan  fell    0  err_xy 0.025  std 0.217  lr 1.0e-04  fps   8628   392.1s
it 5405/8000  reward     nan  ep_len    nan  fell    0  err_xy 0.017  std 0.217  lr 1.0e-04  fps   8423   392.3s
it 5406/8000  reward     nan  ep_len    nan  fell    0  err_xy 0.015  std 0.217  lr 1.0e-04  fps   8598   392.6s
it 5407/8000  reward     nan  ep_len    nan  fell    0  err_xy 0.017  std 0.217  lr 1.0e-04  fps   8591   392.9s
it 5408/8000  reward     nan  ep_len    nan  fell    0  err_xy 0.021  std 0.217  lr 1.0e-04  fps   8216   393.2s
it 5409/8000  reward     nan  ep_len    nan  fell    0  err_xy 0.021  std 0.217  lr 1.0e-04  fps   8665   393.4s
it 5410/8000  reward     nan  ep_len    nan  fell    0  err_xy 0.018  std 0.217  lr 1.0e-04  fps   8559   393.7s
it 5411/8000  reward     nan  ep_len    nan  fell    0  err_xy 0.015  std 0.217  lr 1.0e-04  fps   8551   394.0s
it 5412/8000  reward     nan  ep_len    nan  fell    0  err_xy 0.020  std 0.217  lr 1.0e-04  fps   8427   394.2s
it 5413/8000  reward     nan  ep_len    nan  fell    0  err_xy 0.014  std 0.217  lr 1.0e-04  fps   8722   394.5s
it 5414/8000  reward  277.22  ep_len  808.0  fell    0  err_xy 0.017  std 0.217  lr 1.0e-04  fps   7242   394.8s
it 5415/8000  reward     nan  ep_len    nan  fell    0  err_xy 0.383  std 0.217  lr 1.0e-04  fps   9129   395.1s
it 5416/8000  reward     nan  ep_len    nan  fell    0  err_xy 0.252  std 0.217  lr 1.0e-04  fps   9072   395.3s
it 5417/8000  reward     nan  ep_len    nan  fell    0  err_xy 0.226  std 0.217  lr 1.0e-04  fps   8667   395.6s
it 5418/8000  reward     nan  ep_len    nan  fell    0  err_xy 0.201  std 0.217  lr 1.0e-04  fps   8298   395.9s
it 5419/8000  reward     nan  ep_len    nan  fell    0  err_xy 0.126  std 0.217  lr 1.0e-04  fps   8147   396.2s
it 5420/8000  reward     nan  ep_len    nan  fell    0  err_xy 0.086  std 0.217  lr 1.0e-04  fps   8209   396.4s
it 5421/8000  reward     nan  ep_len    nan  fell    0  err_xy 0.069  std 0.217  lr 1.0e-04  fps   8083   396.7s
it 5422/8000  reward     nan  ep_len    nan  fell    0  err_xy 0.050  std 0.217  lr 1.0e-04  fps   8187   397.0s
it 5423/8000  reward     nan  ep_len    nan  fell    0  err_xy 0.038  std 0.217  lr 1.0e-04  fps   8400   397.3s
it 5424/8000  reward     nan  ep_len    nan  fell    0  err_xy 0.038  std 0.217  lr 1.0e-04  fps   8375   397.6s
it 5425/8000  reward     nan  ep_len    nan  fell    0  err_xy 0.035  std 0.217  lr 1.0e-04  fps   8410   397.8s
it 5426/8000  reward     nan  ep_len    nan  fell    0  err_xy 0.023  std 0.217  lr 1.0e-04  fps   8386   398.1s
it 5427/8000  reward     nan  ep_len    nan  fell    0  err_xy 0.022  std 0.217  lr 1.0e-04  fps   8430   398.4s
it 5428/8000  reward     nan  ep_len    nan  fell    0  err_xy 0.018  std 0.217  lr 1.0e-04  fps   8288   398.7s
it 5429/8000  reward     nan  ep_len    nan  fell    0  err_xy 0.021  std 0.217  lr 1.0e-04  fps   8263   398.9s
it 5430/8000  reward     nan  ep_len    nan  fell    0  err_xy 0.019  std 0.217  lr 1.0e-04  fps   8591   399.2s
it 5431/8000  reward     nan  ep_len    nan  fell    0  err_xy 0.020  std 0.217  lr 1.0e-04  fps   8449   399.5s
it 5432/8000  reward     nan  ep_len    nan  fell    0  err_xy 0.021  std 0.217  lr 1.0e-04  fps   8504   399.8s
it 5433/8000  reward     nan  ep_len    nan  fell    0  err_xy 0.021  std 0.217  lr 1.0e-04  fps   8569   400.0s
it 5434/8000  reward     nan  ep_len    nan  fell    0  err_xy 0.019  std 0.217  lr 1.0e-04  fps   8597   400.3s
it 5435/8000  reward     nan  ep_len    nan  fell    0  err_xy 0.021  std 0.217  lr 1.0e-04  fps   8594   400.6s
it 5436/8000  reward     nan  ep_len    nan  fell    0  err_xy 0.016  std 0.217  lr 1.0e-04  fps   8661   400.8s
it 5437/8000  reward     nan  ep_len    nan  fell    0  err_xy 0.017  std 0.217  lr 1.0e-04  fps   8753   401.1s
it 5438/8000  reward     nan  ep_len    nan  fell    0  err_xy 0.020  std 0.217  lr 1.0e-04  fps   8759   401.4s
it 5439/8000  reward     nan  ep_len    nan  fell    0  err_xy 0.017  std 0.216  lr 1.0e-04  fps   8710   401.6s
it 5440/8000  reward     nan  ep_len    nan  fell    0  err_xy 0.017  std 0.216  lr 1.0e-04  fps   8905   401.9s
it 5441/8000  reward     nan  ep_len    nan  fell    0  err_xy 0.015  std 0.216  lr 1.0e-04  fps   8872   402.1s
it 5442/8000  reward     nan  ep_len    nan  fell    0  err_xy 0.013  std 0.216  lr 1.0e-04  fps   8898   402.4s
it 5443/8000  reward     nan  ep_len    nan  fell    0  err_xy 0.014  std 0.216  lr 1.0e-04  fps   8840   402.7s
it 5444/8000  reward     nan  ep_len    nan  fell    0  err_xy 0.019  std 0.216  lr 1.0e-04  fps   8832   402.9s
it 5445/8000  reward     nan  ep_len    nan  fell    0  err_xy 0.015  std 0.216  lr 1.0e-04  fps   8768   403.2s
it 5446/8000  reward     nan  ep_len    nan  fell    0  err_xy 0.015  std 0.216  lr 1.0e-04  fps   8847   403.4s
it 5447/8000  reward     nan  ep_len    nan  fell    0  err_xy 0.014  std 0.216  lr 1.0e-04  fps   8573   403.7s
it 5448/8000  reward  301.42  ep_len  808.0  fell    0  err_xy 0.118  std 0.216  lr 1.0e-04  fps   7068   404.0s
it 5449/8000  reward     nan  ep_len    nan  fell    0  err_xy 0.363  std 0.216  lr 1.0e-04  fps   9319   404.3s
it 5450/8000  reward     nan  ep_len    nan  fell    0  err_xy 0.212  std 0.216  lr 1.0e-04  fps   9182   404.5s
it 5451/8000  reward     nan  ep_len    nan  fell    0  err_xy 0.207  std 0.216  lr 1.0e-04  fps   8883   404.8s
it 5452/8000  reward     nan  ep_len    nan  fell    0  err_xy 0.178  std 0.216  lr 1.0e-04  fps   8612   405.1s
it 5453/8000  reward     nan  ep_len    nan  fell    0  err_xy 0.141  std 0.216  lr 1.0e-04  fps   8540   405.3s
it 5454/8000  reward     nan  ep_len    nan  fell    0  err_xy 0.093  std 0.216  lr 1.0e-04  fps   8419   405.6s
it 5455/8000  reward     nan  ep_len    nan  fell    0  err_xy 0.083  std 0.217  lr 1.0e-04  fps   8435   405.9s
it 5456/8000  reward     nan  ep_len    nan  fell    0  err_xy 0.074  std 0.217  lr 1.0e-04  fps   8106   406.2s
it 5457/8000  reward     nan  ep_len    nan  fell    0  err_xy 0.062  std 0.217  lr 1.0e-04  fps   8263   406.4s
it 5458/8000  reward     nan  ep_len    nan  fell    0  err_xy 0.059  std 0.217  lr 1.0e-04  fps   8227   406.7s
it 5459/8000  reward     nan  ep_len    nan  fell    0  err_xy 0.053  std 0.217  lr 1.0e-04  fps   8224   407.0s
it 5460/8000  reward     nan  ep_len    nan  fell    0  err_xy 0.043  std 0.217  lr 1.0e-04  fps   7982   407.3s
it 5461/8000  reward     nan  ep_len    nan  fell    0  err_xy 0.033  std 0.217  lr 1.0e-04  fps   8251   407.6s
it 5462/8000  reward     nan  ep_len    nan  fell    0  err_xy 0.029  std 0.217  lr 1.0e-04  fps   7863   407.9s
it 5463/8000  reward     nan  ep_len    nan  fell    0  err_xy 0.020  std 0.217  lr 1.0e-04  fps   8179   408.1s
it 5464/8000  reward     nan  ep_len    nan  fell    0  err_xy 0.019  std 0.217  lr 1.0e-04  fps   8276   408.4s
it 5465/8000  reward     nan  ep_len    nan  fell    0  err_xy 0.016  std 0.217  lr 1.0e-04  fps   8283   408.7s
it 5466/8000  reward     nan  ep_len    nan  fell    0  err_xy 0.015  std 0.217  lr 1.0e-04  fps   8265   409.0s
it 5467/8000  reward     nan  ep_len    nan  fell    0  err_xy 0.013  std 0.217  lr 1.0e-04  fps   8448   409.3s
it 5468/8000  reward     nan  ep_len    nan  fell    0  err_xy 0.014  std 0.216  lr 1.0e-04  fps   7773   409.6s
it 5469/8000  reward     nan  ep_len    nan  fell    0  err_xy 0.014  std 0.216  lr 1.0e-04  fps   8037   409.8s
it 5470/8000  reward     nan  ep_len    nan  fell    0  err_xy 0.012  std 0.216  lr 1.0e-04  fps   8546   410.1s
it 5471/8000  reward     nan  ep_len    nan  fell    0  err_xy 0.012  std 0.216  lr 1.0e-04  fps   8651   410.4s
it 5472/8000  reward     nan  ep_len    nan  fell    0  err_xy 0.013  std 0.216  lr 1.0e-04  fps   8682   410.6s
it 5473/8000  reward     nan  ep_len    nan  fell    0  err_xy 0.019  std 0.216  lr 1.0e-04  fps   8446   410.9s
it 5474/8000  reward     nan  ep_len    nan  fell    0  err_xy 0.015  std 0.216  lr 1.0e-04  fps   8744   411.2s
it 5475/8000  reward     nan  ep_len    nan  fell    0  err_xy 0.019  std 0.216  lr 1.0e-04  fps   8369   411.5s
it 5476/8000  reward     nan  ep_len    nan  fell    0  err_xy 0.025  std 0.216  lr 1.0e-04  fps   8608   411.7s
it 5477/8000  reward     nan  ep_len    nan  fell    0  err_xy 0.030  std 0.216  lr 1.0e-04  fps   8499   412.0s
it 5478/8000  reward     nan  ep_len    nan  fell    0  err_xy 0.032  std 0.216  lr 1.0e-04  fps   8827   412.3s
it 5479/8000  reward     nan  ep_len    nan  fell    0  err_xy 0.036  std 0.216  lr 1.0e-04  fps   8815   412.5s
it 5480/8000  reward     nan  ep_len    nan  fell    0  err_xy 0.031  std 0.216  lr 1.0e-04  fps   8698   412.8s
it 5481/8000  reward     nan  ep_len    nan  fell    0  err_xy 0.043  std 0.216  lr 1.0e-04  fps   8754   413.0s
it 5482/8000  reward  296.82  ep_len  808.0  fell    0  err_xy 0.302  std 0.216  lr 1.0e-04  fps   7457   413.4s
it 5483/8000  reward     nan  ep_len    nan  fell    0  err_xy 0.259  std 0.216  lr 1.0e-04  fps   9222   413.6s
it 5484/8000  reward     nan  ep_len    nan  fell    0  err_xy 0.213  std 0.216  lr 1.0e-04  fps   8995   413.9s
it 5485/8000  reward     nan  ep_len    nan  fell    0  err_xy 0.210  std 0.216  lr 1.0e-04  fps   8545   414.1s
it 5486/8000  reward     nan  ep_len    nan  fell    0  err_xy 0.157  std 0.216  lr 1.0e-04  fps   8397   414.4s
it 5487/8000  reward     nan  ep_len    nan  fell    0  err_xy 0.096  std 0.216  lr 1.0e-04  fps   8285   414.7s
it 5488/8000  reward     nan  ep_len    nan  fell    0  err_xy 0.076  std 0.216  lr 1.0e-04  fps   8213   415.0s
it 5489/8000  reward     nan  ep_len    nan  fell    0  err_xy 0.062  std 0.216  lr 1.0e-04  fps   8176   415.2s
it 5490/8000  reward     nan  ep_len    nan  fell    0  err_xy 0.056  std 0.216  lr 1.0e-04  fps   8115   415.5s
it 5491/8000  reward     nan  ep_len    nan  fell    0  err_xy 0.051  std 0.216  lr 1.0e-04  fps   8192   415.8s
it 5492/8000  reward     nan  ep_len    nan  fell    0  err_xy 0.044  std 0.217  lr 1.0e-04  fps   8195   416.1s
it 5493/8000  reward     nan  ep_len    nan  fell    0  err_xy 0.031  std 0.217  lr 1.0e-04  fps   8186   416.4s
it 5494/8000  reward     nan  ep_len    nan  fell    0  err_xy 0.023  std 0.217  lr 1.0e-04  fps   8144   416.7s
it 5495/8000  reward     nan  ep_len    nan  fell    0  err_xy 0.018  std 0.217  lr 1.0e-04  fps   8225   416.9s
it 5496/8000  reward     nan  ep_len    nan  fell    0  err_xy 0.015  std 0.217  lr 1.0e-04  fps   8259   417.2s
it 5497/8000  reward     nan  ep_len    nan  fell    0  err_xy 0.015  std 0.217  lr 1.0e-04  fps   8375   417.5s
it 5498/8000  reward     nan  ep_len    nan  fell    0  err_xy 0.017  std 0.217  lr 1.0e-04  fps   8404   417.8s
it 5499/8000  reward     nan  ep_len    nan  fell    0  err_xy 0.016  std 0.217  lr 1.0e-04  fps   8405   418.0s
it 5500/8000  reward     nan  ep_len    nan  fell    0  err_xy 0.014  std 0.217  lr 1.0e-04  fps   8512   418.3s
/Users/robertonavoni/Desktop/Lavoro/Progetti-2026/Progetti Software/microduck-ap-ppo-sitl/tools/robots/deploy_contract.py:204: RuntimeWarning: overflow encountered in expm1
  x = np.where(y > 0, y, np.expm1(y)).astype(np.float32) if elu else y.astype(np.float32)
eval iteration 5500:
  prone          success   0.0%  time 16.16s  peak_τ 0.96 Nm  return 272.03
  supine         success   0.0%  time 16.16s  peak_τ 0.96 Nm  return 294.25
  score 0.000
it 5501/8000  reward     nan  ep_len    nan  fell    0  err_xy 0.014  std 0.217  lr 1.0e-04  fps   8518   422.6s
it 5502/8000  reward     nan  ep_len    nan  fell    0  err_xy 0.015  std 0.217  lr 1.0e-04  fps   8611   422.9s
it 5503/8000  reward     nan  ep_len    nan  fell    0  err_xy 0.014  std 0.217  lr 1.0e-04  fps   8346   423.1s
it 5504/8000  reward     nan  ep_len    nan  fell    0  err_xy 0.013  std 0.217  lr 1.0e-04  fps   8611   423.4s
it 5505/8000  reward     nan  ep_len    nan  fell    0  err_xy 0.013  std 0.216  lr 1.0e-04  fps   8697   423.7s
it 5506/8000  reward     nan  ep_len    nan  fell    0  err_xy 0.013  std 0.216  lr 1.0e-04  fps   8589   423.9s
it 5507/8000  reward     nan  ep_len    nan  fell    0  err_xy 0.014  std 0.217  lr 1.0e-04  fps   7981   424.2s
it 5508/8000  reward     nan  ep_len    nan  fell    0  err_xy 0.014  std 0.216  lr 1.0e-04  fps   8556   424.5s
it 5509/8000  reward     nan  ep_len    nan  fell    0  err_xy 0.013  std 0.216  lr 1.0e-04  fps   8664   424.8s
it 5510/8000  reward     nan  ep_len    nan  fell    0  err_xy 0.011  std 0.216  lr 1.0e-04  fps   8783   425.0s
it 5511/8000  reward     nan  ep_len    nan  fell    0  err_xy 0.014  std 0.216  lr 1.0e-04  fps   8804   425.3s
it 5512/8000  reward     nan  ep_len    nan  fell    0  err_xy 0.017  std 0.216  lr 1.0e-04  fps   8932   425.6s
it 5513/8000  reward     nan  ep_len    nan  fell    0  err_xy 0.015  std 0.216  lr 1.0e-04  fps   8749   425.8s
it 5514/8000  reward     nan  ep_len    nan  fell    0  err_xy 0.019  std 0.216  lr 1.0e-04  fps   8753   426.1s
it 5515/8000  reward  296.27  ep_len  808.0  fell    0  err_xy 0.019  std 0.216  lr 1.0e-04  fps   7095   426.4s
it 5516/8000  reward     nan  ep_len    nan  fell    0  err_xy 0.381  std 0.216  lr 1.0e-04  fps   9188   426.7s
it 5517/8000  reward     nan  ep_len    nan  fell    0  err_xy 0.229  std 0.217  lr 1.0e-04  fps   9306   426.9s
it 5518/8000  reward     nan  ep_len    nan  fell    0  err_xy 0.216  std 0.217  lr 1.0e-04  fps   9025   427.2s
it 5519/8000  reward     nan  ep_len    nan  fell    0  err_xy 0.216  std 0.216  lr 1.0e-04  fps   8896   427.4s
it 5520/8000  reward     nan  ep_len    nan  fell    0  err_xy 0.167  std 0.216  lr 1.0e-04  fps   8880   427.7s
it 5521/8000  reward     nan  ep_len    nan  fell    0  err_xy 0.119  std 0.216  lr 1.0e-04  fps   8359   428.0s
it 5522/8000  reward     nan  ep_len    nan  fell    0  err_xy 0.103  std 0.216  lr 1.0e-04  fps   8370   428.2s
it 5523/8000  reward     nan  ep_len    nan  fell    0  err_xy 0.084  std 0.216  lr 1.0e-04  fps   8348   428.5s
it 5524/8000  reward     nan  ep_len    nan  fell    0  err_xy 0.079  std 0.216  lr 1.0e-04  fps   8466   428.8s
it 5525/8000  reward     nan  ep_len    nan  fell    0  err_xy 0.064  std 0.217  lr 1.0e-04  fps   8441   429.1s
it 5526/8000  reward     nan  ep_len    nan  fell    0  err_xy 0.055  std 0.217  lr 1.0e-04  fps   8389   429.3s
it 5527/8000  reward     nan  ep_len    nan  fell    0  err_xy 0.039  std 0.217  lr 1.0e-04  fps   8420   429.6s
it 5528/8000  reward     nan  ep_len    nan  fell    0  err_xy 0.038  std 0.217  lr 1.0e-04  fps   8472   429.9s
it 5529/8000  reward     nan  ep_len    nan  fell    0  err_xy 0.031  std 0.217  lr 1.0e-04  fps   8314   430.2s
it 5530/8000  reward     nan  ep_len    nan  fell    0  err_xy 0.027  std 0.217  lr 1.0e-04  fps   8374   430.4s
it 5531/8000  reward     nan  ep_len    nan  fell    0  err_xy 0.027  std 0.217  lr 1.0e-04  fps   8362   430.7s
it 5532/8000  reward     nan  ep_len    nan  fell    0  err_xy 0.020  std 0.217  lr 1.0e-04  fps   8350   431.0s
it 5533/8000  reward     nan  ep_len    nan  fell    0  err_xy 0.021  std 0.217  lr 1.0e-04  fps   7439   431.3s
it 5534/8000  reward     nan  ep_len    nan  fell    0  err_xy 0.015  std 0.217  lr 1.0e-04  fps   8239   431.6s
it 5535/8000  reward     nan  ep_len    nan  fell    0  err_xy 0.016  std 0.217  lr 1.0e-04  fps   8356   431.8s
it 5536/8000  reward     nan  ep_len    nan  fell    0  err_xy 0.016  std 0.217  lr 1.0e-04  fps   8380   432.1s
it 5537/8000  reward     nan  ep_len    nan  fell    0  err_xy 0.014  std 0.217  lr 1.0e-04  fps   8419   432.4s
it 5538/8000  reward     nan  ep_len    nan  fell    0  err_xy 0.015  std 0.217  lr 1.0e-04  fps   8438   432.7s
it 5539/8000  reward     nan  ep_len    nan  fell    0  err_xy 0.013  std 0.217  lr 1.0e-04  fps   8466   432.9s
it 5540/8000  reward     nan  ep_len    nan  fell    0  err_xy 0.012  std 0.217  lr 1.0e-04  fps   8398   433.2s
it 5541/8000  reward     nan  ep_len    nan  fell    0  err_xy 0.012  std 0.217  lr 1.0e-04  fps   8506   433.5s
it 5542/8000  reward     nan  ep_len    nan  fell    0  err_xy 0.014  std 0.217  lr 1.0e-04  fps   8581   433.8s
it 5543/8000  reward     nan  ep_len    nan  fell    0  err_xy 0.015  std 0.217  lr 1.0e-04  fps   8449   434.0s
it 5544/8000  reward     nan  ep_len    nan  fell    0  err_xy 0.018  std 0.217  lr 1.0e-04  fps   7845   434.3s
it 5545/8000  reward     nan  ep_len    nan  fell    0  err_xy 0.018  std 0.217  lr 1.0e-04  fps   8632   434.6s
it 5546/8000  reward     nan  ep_len    nan  fell    0  err_xy 0.015  std 0.217  lr 1.0e-04  fps   8691   434.9s
it 5547/8000  reward     nan  ep_len    nan  fell    0  err_xy 0.015  std 0.217  lr 1.0e-04  fps   8805   435.1s
it 5548/8000  reward     nan  ep_len    nan  fell    0  err_xy 0.020  std 0.217  lr 1.0e-04  fps   8773   435.4s
it 5549/8000  reward  292.82  ep_len  808.0  fell    0  err_xy 0.110  std 0.217  lr 1.0e-04  fps   7439   435.7s
it 5550/8000  reward     nan  ep_len    nan  fell    0  err_xy 0.380  std 0.217  lr 1.0e-04  fps   9348   435.9s
it 5551/8000  reward     nan  ep_len    nan  fell    0  err_xy 0.200  std 0.217  lr 1.0e-04  fps   9326   436.2s
it 5552/8000  reward     nan  ep_len    nan  fell    0  err_xy 0.185  std 0.217  lr 1.0e-04  fps   8754   436.4s
it 5553/8000  reward     nan  ep_len    nan  fell    0  err_xy 0.174  std 0.217  lr 1.0e-04  fps   8944   436.7s
it 5554/8000  reward     nan  ep_len    nan  fell    0  err_xy 0.159  std 0.217  lr 1.0e-04  fps   8627   437.0s
it 5555/8000  reward     nan  ep_len    nan  fell    0  err_xy 0.131  std 0.217  lr 1.0e-04  fps   8657   437.2s
it 5556/8000  reward     nan  ep_len    nan  fell    0  err_xy 0.104  std 0.217  lr 1.0e-04  fps   8569   437.5s
it 5557/8000  reward     nan  ep_len    nan  fell    0  err_xy 0.082  std 0.217  lr 1.0e-04  fps   8532   437.8s
it 5558/8000  reward     nan  ep_len    nan  fell    0  err_xy 0.066  std 0.217  lr 1.0e-04  fps   8474   438.1s
it 5559/8000  reward     nan  ep_len    nan  fell    0  err_xy 0.048  std 0.217  lr 1.0e-04  fps   8510   438.3s
it 5560/8000  reward     nan  ep_len    nan  fell    0  err_xy 0.044  std 0.217  lr 1.0e-04  fps   8467   438.6s
it 5561/8000  reward     nan  ep_len    nan  fell    0  err_xy 0.040  std 0.217  lr 1.0e-04  fps   8468   438.9s
it 5562/8000  reward     nan  ep_len    nan  fell    0  err_xy 0.038  std 0.217  lr 1.0e-04  fps   8472   439.1s
it 5563/8000  reward     nan  ep_len    nan  fell    0  err_xy 0.034  std 0.217  lr 1.0e-04  fps   8504   439.4s
it 5564/8000  reward     nan  ep_len    nan  fell    0  err_xy 0.031  std 0.217  lr 1.0e-04  fps   8554   439.7s
it 5565/8000  reward     nan  ep_len    nan  fell    0  err_xy 0.030  std 0.217  lr 1.0e-04  fps   8597   439.9s
it 5566/8000  reward     nan  ep_len    nan  fell    0  err_xy 0.040  std 0.217  lr 1.0e-04  fps   8590   440.2s
it 5567/8000  reward     nan  ep_len    nan  fell    0  err_xy 0.034  std 0.217  lr 1.0e-04  fps   7808   440.5s
it 5568/8000  reward     nan  ep_len    nan  fell    0  err_xy 0.038  std 0.217  lr 1.0e-04  fps   8279   440.8s
it 5569/8000  reward     nan  ep_len    nan  fell    0  err_xy 0.046  std 0.217  lr 1.0e-04  fps   8409   441.1s
it 5570/8000  reward     nan  ep_len    nan  fell    0  err_xy 0.033  std 0.217  lr 1.0e-04  fps   8462   441.3s
it 5571/8000  reward     nan  ep_len    nan  fell    0  err_xy 0.036  std 0.217  lr 1.0e-04  fps   8540   441.6s
it 5572/8000  reward     nan  ep_len    nan  fell    0  err_xy 0.033  std 0.217  lr 1.0e-04  fps   8535   441.9s
it 5573/8000  reward     nan  ep_len    nan  fell    0  err_xy 0.027  std 0.217  lr 1.0e-04  fps   8374   442.2s
it 5574/8000  reward     nan  ep_len    nan  fell    0  err_xy 0.021  std 0.217  lr 1.0e-04  fps   8563   442.4s
it 5575/8000  reward     nan  ep_len    nan  fell    0  err_xy 0.019  std 0.217  lr 1.0e-04  fps   8119   442.7s
it 5576/8000  reward     nan  ep_len    nan  fell    0  err_xy 0.020  std 0.217  lr 1.0e-04  fps   8192   443.0s
it 5577/8000  reward     nan  ep_len    nan  fell    0  err_xy 0.016  std 0.217  lr 1.0e-04  fps   8332   443.3s
it 5578/8000  reward     nan  ep_len    nan  fell    0  err_xy 0.023  std 0.217  lr 1.0e-04  fps   7947   443.6s
it 5579/8000  reward     nan  ep_len    nan  fell    0  err_xy 0.034  std 0.216  lr 1.0e-04  fps   8607   443.8s
it 5580/8000  reward     nan  ep_len    nan  fell    0  err_xy 0.024  std 0.216  lr 1.0e-04  fps   8704   444.1s
it 5581/8000  reward     nan  ep_len    nan  fell    0  err_xy 0.025  std 0.217  lr 1.0e-04  fps   8204   444.4s
it 5582/8000  reward     nan  ep_len    nan  fell    0  err_xy 0.021  std 0.216  lr 1.0e-04  fps   8730   444.6s
it 5583/8000  reward  281.80  ep_len  808.0  fell    0  err_xy 0.268  std 0.216  lr 1.0e-04  fps   7533   444.9s
it 5584/8000  reward     nan  ep_len    nan  fell    0  err_xy 0.282  std 0.216  lr 1.0e-04  fps   8157   445.2s
it 5585/8000  reward     nan  ep_len    nan  fell    0  err_xy 0.215  std 0.216  lr 1.0e-04  fps   9204   445.5s
it 5586/8000  reward     nan  ep_len    nan  fell    0  err_xy 0.222  std 0.216  lr 1.0e-04  fps   8956   445.7s
it 5587/8000  reward     nan  ep_len    nan  fell    0  err_xy 0.172  std 0.216  lr 1.0e-04  fps   8728   446.0s
it 5588/8000  reward     nan  ep_len    nan  fell    0  err_xy 0.142  std 0.216  lr 1.0e-04  fps   8526   446.3s
it 5589/8000  reward     nan  ep_len    nan  fell    0  err_xy 0.115  std 0.216  lr 1.0e-04  fps   8349   446.5s
it 5590/8000  reward     nan  ep_len    nan  fell    0  err_xy 0.097  std 0.216  lr 1.0e-04  fps   8361   446.8s
it 5591/8000  reward     nan  ep_len    nan  fell    0  err_xy 0.091  std 0.216  lr 1.0e-04  fps   8344   447.1s
it 5592/8000  reward     nan  ep_len    nan  fell    0  err_xy 0.075  std 0.217  lr 1.0e-04  fps   8424   447.4s
it 5593/8000  reward     nan  ep_len    nan  fell    0  err_xy 0.063  std 0.217  lr 1.0e-04  fps   8249   447.6s
it 5594/8000  reward     nan  ep_len    nan  fell    0  err_xy 0.044  std 0.217  lr 1.0e-04  fps   8365   447.9s
it 5595/8000  reward     nan  ep_len    nan  fell    0  err_xy 0.036  std 0.217  lr 1.0e-04  fps   8323   448.2s
it 5596/8000  reward     nan  ep_len    nan  fell    0  err_xy 0.030  std 0.216  lr 1.0e-04  fps   8364   448.5s
it 5597/8000  reward     nan  ep_len    nan  fell    0  err_xy 0.025  std 0.216  lr 1.0e-04  fps   8331   448.8s
it 5598/8000  reward     nan  ep_len    nan  fell    0  err_xy 0.024  std 0.217  lr 1.0e-04  fps   8307   449.0s
it 5599/8000  reward     nan  ep_len    nan  fell    0  err_xy 0.022  std 0.217  lr 1.0e-04  fps   8324   449.3s
it 5600/8000  reward     nan  ep_len    nan  fell    0  err_xy 0.023  std 0.217  lr 1.0e-04  fps   8345   449.6s
it 5601/8000  reward     nan  ep_len    nan  fell    0  err_xy 0.025  std 0.217  lr 1.0e-04  fps   8350   449.9s
it 5602/8000  reward     nan  ep_len    nan  fell    0  err_xy 0.020  std 0.217  lr 1.0e-04  fps   7751   450.2s
it 5603/8000  reward     nan  ep_len    nan  fell    0  err_xy 0.022  std 0.217  lr 1.0e-04  fps   8228   450.4s
it 5604/8000  reward     nan  ep_len    nan  fell    0  err_xy 0.023  std 0.217  lr 1.0e-04  fps   8261   450.7s
it 5605/8000  reward     nan  ep_len    nan  fell    0  err_xy 0.021  std 0.217  lr 1.0e-04  fps   8184   451.0s
it 5606/8000  reward     nan  ep_len    nan  fell    0  err_xy 0.022  std 0.217  lr 1.0e-04  fps   8258   451.3s
it 5607/8000  reward     nan  ep_len    nan  fell    0  err_xy 0.022  std 0.217  lr 1.0e-04  fps   8251   451.6s
it 5608/8000  reward     nan  ep_len    nan  fell    0  err_xy 0.019  std 0.216  lr 1.0e-04  fps   8193   451.8s
it 5609/8000  reward     nan  ep_len    nan  fell    0  err_xy 0.021  std 0.216  lr 1.0e-04  fps   8123   452.1s
it 5610/8000  reward     nan  ep_len    nan  fell    0  err_xy 0.020  std 0.216  lr 1.0e-04  fps   8322   452.4s
it 5611/8000  reward     nan  ep_len    nan  fell    0  err_xy 0.024  std 0.216  lr 1.0e-04  fps   8356   452.7s
it 5612/8000  reward     nan  ep_len    nan  fell    0  err_xy 0.019  std 0.216  lr 1.0e-04  fps   7902   453.0s
it 5613/8000  reward     nan  ep_len    nan  fell    0  err_xy 0.020  std 0.216  lr 1.0e-04  fps   7973   453.3s
it 5614/8000  reward     nan  ep_len    nan  fell    0  err_xy 0.019  std 0.216  lr 1.0e-04  fps   8357   453.5s
it 5615/8000  reward     nan  ep_len    nan  fell    0  err_xy 0.016  std 0.216  lr 1.0e-04  fps   7989   453.8s
it 5616/8000  reward  288.34  ep_len  808.0  fell    0  err_xy 0.016  std 0.216  lr 1.0e-04  fps   6325   454.2s
it 5617/8000  reward     nan  ep_len    nan  fell    0  err_xy 0.354  std 0.216  lr 1.0e-04  fps   9014   454.4s
it 5618/8000  reward     nan  ep_len    nan  fell    0  err_xy 0.197  std 0.217  lr 1.0e-04  fps   9120   454.7s
it 5619/8000  reward     nan  ep_len    nan  fell    0  err_xy 0.145  std 0.217  lr 1.0e-04  fps   9168   455.0s
it 5620/8000  reward     nan  ep_len    nan  fell    0  err_xy 0.126  std 0.217  lr 1.0e-04  fps   8554   455.2s
it 5621/8000  reward     nan  ep_len    nan  fell    0  err_xy 0.111  std 0.217  lr 1.0e-04  fps   8689   455.5s
it 5622/8000  reward     nan  ep_len    nan  fell    0  err_xy 0.099  std 0.217  lr 1.0e-04  fps   8984   455.7s
it 5623/8000  reward     nan  ep_len    nan  fell    0  err_xy 0.104  std 0.217  lr 1.0e-04  fps   7124   456.1s
it 5624/8000  reward     nan  ep_len    nan  fell    0  err_xy 0.098  std 0.217  lr 1.0e-04  fps   8902   456.3s
it 5625/8000  reward     nan  ep_len    nan  fell    0  err_xy 0.110  std 0.217  lr 1.0e-04  fps   8582   456.6s
it 5626/8000  reward     nan  ep_len    nan  fell    0  err_xy 0.122  std 0.217  lr 1.0e-04  fps   7480   456.9s
it 5627/8000  reward     nan  ep_len    nan  fell    0  err_xy 0.127  std 0.217  lr 1.0e-04  fps   8655   457.2s
it 5628/8000  reward     nan  ep_len    nan  fell    0  err_xy 0.117  std 0.217  lr 1.0e-04  fps   8710   457.4s
it 5629/8000  reward     nan  ep_len    nan  fell    0  err_xy 0.110  std 0.217  lr 1.0e-04  fps   8790   457.7s
it 5630/8000  reward     nan  ep_len    nan  fell    0  err_xy 0.099  std 0.217  lr 1.0e-04  fps   8655   458.0s
it 5631/8000  reward     nan  ep_len    nan  fell    0  err_xy 0.098  std 0.217  lr 1.0e-04  fps   8808   458.2s
it 5632/8000  reward     nan  ep_len    nan  fell    0  err_xy 0.100  std 0.217  lr 1.0e-04  fps   8658   458.5s
it 5633/8000  reward     nan  ep_len    nan  fell    0  err_xy 0.087  std 0.217  lr 1.0e-04  fps   8623   458.8s
it 5634/8000  reward     nan  ep_len    nan  fell    0  err_xy 0.091  std 0.217  lr 1.0e-04  fps   7394   459.1s
it 5635/8000  reward     nan  ep_len    nan  fell    0  err_xy 0.102  std 0.217  lr 1.0e-04  fps   7893   459.4s
it 5636/8000  reward     nan  ep_len    nan  fell    0  err_xy 0.094  std 0.217  lr 1.0e-04  fps   7571   459.7s
it 5637/8000  reward     nan  ep_len    nan  fell    0  err_xy 0.093  std 0.217  lr 1.0e-04  fps   8018   460.0s
it 5638/8000  reward     nan  ep_len    nan  fell    0  err_xy 0.088  std 0.217  lr 1.0e-04  fps   7532   460.3s
it 5639/8000  reward     nan  ep_len    nan  fell    0  err_xy 0.079  std 0.217  lr 1.0e-04  fps   8473   460.5s
it 5640/8000  reward     nan  ep_len    nan  fell    0  err_xy 0.055  std 0.217  lr 1.0e-04  fps   8473   460.8s
it 5641/8000  reward     nan  ep_len    nan  fell    0  err_xy 0.052  std 0.217  lr 1.0e-04  fps   7975   461.1s
it 5642/8000  reward     nan  ep_len    nan  fell    0  err_xy 0.051  std 0.217  lr 1.0e-04  fps   7765   461.4s
it 5643/8000  reward     nan  ep_len    nan  fell    0  err_xy 0.043  std 0.217  lr 1.0e-04  fps   8250   461.7s
it 5644/8000  reward     nan  ep_len    nan  fell    0  err_xy 0.042  std 0.217  lr 1.0e-04  fps   8461   461.9s
it 5645/8000  reward     nan  ep_len    nan  fell    0  err_xy 0.047  std 0.217  lr 1.0e-04  fps   8368   462.2s
it 5646/8000  reward     nan  ep_len    nan  fell    0  err_xy 0.038  std 0.217  lr 1.0e-04  fps   8460   462.5s
it 5647/8000  reward     nan  ep_len    nan  fell    0  err_xy 0.031  std 0.217  lr 1.0e-04  fps   8340   462.8s
it 5648/8000  reward     nan  ep_len    nan  fell    0  err_xy 0.038  std 0.217  lr 1.0e-04  fps   7854   463.1s
it 5649/8000  reward     nan  ep_len    nan  fell    0  err_xy 0.037  std 0.217  lr 1.0e-04  fps   7864   463.4s
it 5650/8000  reward  207.67  ep_len  808.0  fell    0  err_xy 0.140  std 0.217  lr 1.0e-04  fps   7079   463.7s
it 5651/8000  reward     nan  ep_len    nan  fell    0  err_xy 0.353  std 0.217  lr 1.0e-04  fps   7985   464.0s
it 5652/8000  reward     nan  ep_len    nan  fell    0  err_xy 0.178  std 0.217  lr 1.0e-04  fps   7952   464.3s
it 5653/8000  reward     nan  ep_len    nan  fell    0  err_xy 0.159  std 0.217  lr 1.0e-04  fps   8383   464.5s
it 5654/8000  reward     nan  ep_len    nan  fell    0  err_xy 0.159  std 0.217  lr 1.0e-04  fps   8966   464.8s
it 5655/8000  reward     nan  ep_len    nan  fell    0  err_xy 0.145  std 0.217  lr 1.0e-04  fps   8809   465.1s
it 5656/8000  reward     nan  ep_len    nan  fell    0  err_xy 0.139  std 0.217  lr 1.0e-04  fps   8906   465.3s
it 5657/8000  reward     nan  ep_len    nan  fell    0  err_xy 0.128  std 0.217  lr 1.0e-04  fps   8712   465.6s
it 5658/8000  reward     nan  ep_len    nan  fell    0  err_xy 0.103  std 0.217  lr 1.0e-04  fps   8592   465.8s
it 5659/8000  reward     nan  ep_len    nan  fell    0  err_xy 0.084  std 0.217  lr 1.0e-04  fps   8211   466.1s
it 5660/8000  reward     nan  ep_len    nan  fell    0  err_xy 0.066  std 0.217  lr 1.0e-04  fps   7796   466.4s
it 5661/8000  reward     nan  ep_len    nan  fell    0  err_xy 0.059  std 0.217  lr 1.0e-04  fps   8083   466.7s
it 5662/8000  reward     nan  ep_len    nan  fell    0  err_xy 0.049  std 0.217  lr 1.0e-04  fps   7926   467.0s
it 5663/8000  reward     nan  ep_len    nan  fell    0  err_xy 0.046  std 0.217  lr 1.0e-04  fps   8154   467.3s
it 5664/8000  reward     nan  ep_len    nan  fell    0  err_xy 0.047  std 0.217  lr 1.0e-04  fps   7939   467.6s
it 5665/8000  reward     nan  ep_len    nan  fell    0  err_xy 0.039  std 0.217  lr 1.0e-04  fps   8189   467.9s
it 5666/8000  reward     nan  ep_len    nan  fell    0  err_xy 0.036  std 0.217  lr 1.0e-04  fps   7906   468.1s
it 5667/8000  reward     nan  ep_len    nan  fell    0  err_xy 0.028  std 0.217  lr 1.0e-04  fps   7803   468.4s
it 5668/8000  reward     nan  ep_len    nan  fell    0  err_xy 0.030  std 0.217  lr 1.0e-04  fps   7779   468.7s
it 5669/8000  reward     nan  ep_len    nan  fell    0  err_xy 0.032  std 0.217  lr 1.0e-04  fps   7893   469.0s
it 5670/8000  reward     nan  ep_len    nan  fell    0  err_xy 0.038  std 0.217  lr 1.0e-04  fps   8370   469.3s
it 5671/8000  reward     nan  ep_len    nan  fell    0  err_xy 0.036  std 0.217  lr 1.0e-04  fps   7360   469.6s
it 5672/8000  reward     nan  ep_len    nan  fell    0  err_xy 0.025  std 0.217  lr 1.0e-04  fps   8277   469.9s
it 5673/8000  reward     nan  ep_len    nan  fell    0  err_xy 0.025  std 0.217  lr 1.0e-04  fps   8202   470.2s
it 5674/8000  reward     nan  ep_len    nan  fell    0  err_xy 0.024  std 0.217  lr 1.0e-04  fps   8253   470.5s
it 5675/8000  reward     nan  ep_len    nan  fell    0  err_xy 0.020  std 0.217  lr 1.0e-04  fps   8216   470.7s
it 5676/8000  reward     nan  ep_len    nan  fell    0  err_xy 0.026  std 0.217  lr 1.0e-04  fps   7904   471.0s
it 5677/8000  reward     nan  ep_len    nan  fell    0  err_xy 0.023  std 0.217  lr 1.0e-04  fps   8015   471.3s
it 5678/8000  reward     nan  ep_len    nan  fell    0  err_xy 0.020  std 0.217  lr 1.0e-04  fps   8461   471.6s
it 5679/8000  reward     nan  ep_len    nan  fell    0  err_xy 0.020  std 0.217  lr 1.0e-04  fps   8549   471.9s
it 5680/8000  reward     nan  ep_len    nan  fell    0  err_xy 0.019  std 0.217  lr 1.0e-04  fps   8636   472.1s
it 5681/8000  reward     nan  ep_len    nan  fell    0  err_xy 0.020  std 0.217  lr 1.0e-04  fps   8468   472.4s
it 5682/8000  reward     nan  ep_len    nan  fell    0  err_xy 0.018  std 0.217  lr 1.0e-04  fps   8620   472.7s
it 5683/8000  reward     nan  ep_len    nan  fell    0  err_xy 0.016  std 0.217  lr 1.0e-04  fps   8411   472.9s
it 5684/8000  reward  254.64  ep_len  808.0  fell    0  err_xy 0.291  std 0.217  lr 1.0e-04  fps   7510   473.3s
it 5685/8000  reward     nan  ep_len    nan  fell    0  err_xy 0.276  std 0.217  lr 1.0e-04  fps   9429   473.5s
it 5686/8000  reward     nan  ep_len    nan  fell    0  err_xy 0.181  std 0.217  lr 1.0e-04  fps   9430   473.7s
it 5687/8000  reward     nan  ep_len    nan  fell    0  err_xy 0.176  std 0.217  lr 1.0e-04  fps   9187   474.0s
it 5688/8000  reward     nan  ep_len    nan  fell    0  err_xy 0.178  std 0.217  lr 1.0e-04  fps   9262   474.2s
it 5689/8000  reward     nan  ep_len    nan  fell    0  err_xy 0.175  std 0.217  lr 1.0e-04  fps   8953   474.5s
it 5690/8000  reward     nan  ep_len    nan  fell    0  err_xy 0.157  std 0.217  lr 1.0e-04  fps   8440   474.8s
it 5691/8000  reward     nan  ep_len    nan  fell    0  err_xy 0.138  std 0.217  lr 1.0e-04  fps   8911   475.0s
it 5692/8000  reward     nan  ep_len    nan  fell    0  err_xy 0.132  std 0.217  lr 1.0e-04  fps   8849   475.3s
it 5693/8000  reward     nan  ep_len    nan  fell    0  err_xy 0.130  std 0.217  lr 1.0e-04  fps   8486   475.6s
it 5694/8000  reward     nan  ep_len    nan  fell    0  err_xy 0.111  std 0.217  lr 1.0e-04  fps   8408   475.8s
it 5695/8000  reward     nan  ep_len    nan  fell    0  err_xy 0.097  std 0.217  lr 1.0e-04  fps   8440   476.1s
it 5696/8000  reward     nan  ep_len    nan  fell    0  err_xy 0.079  std 0.217  lr 1.0e-04  fps   8469   476.4s
it 5697/8000  reward     nan  ep_len    nan  fell    0  err_xy 0.060  std 0.217  lr 1.0e-04  fps   8245   476.7s
it 5698/8000  reward     nan  ep_len    nan  fell    0  err_xy 0.056  std 0.217  lr 1.0e-04  fps   8342   476.9s
it 5699/8000  reward     nan  ep_len    nan  fell    0  err_xy 0.047  std 0.217  lr 1.0e-04  fps   8433   477.2s
it 5700/8000  reward     nan  ep_len    nan  fell    0  err_xy 0.042  std 0.217  lr 1.0e-04  fps   8376   477.5s
it 5701/8000  reward     nan  ep_len    nan  fell    0  err_xy 0.036  std 0.217  lr 1.0e-04  fps   8395   477.8s
it 5702/8000  reward     nan  ep_len    nan  fell    0  err_xy 0.040  std 0.217  lr 1.0e-04  fps   8353   478.0s
Process SpawnProcess-12:
Process SpawnProcess-9:
Process SpawnProcess-10:
Process SpawnProcess-11:
Process SpawnProcess-8:
Process SpawnProcess-3:
Process SpawnProcess-1:
Process SpawnProcess-2:
Process SpawnProcess-4:
Process SpawnProcess-6:
Process SpawnProcess-5:
Process SpawnProcess-7:
Traceback (most recent call last):
Traceback (most recent call last):
Traceback (most recent call last):
Traceback (most recent call last):
Traceback (most recent call last):
Traceback (most recent call last):
Traceback (most recent call last):
Traceback (most recent call last):
Traceback (most recent call last):
Traceback (most recent call last):
Traceback (most recent call last):
Traceback (most recent call last):
  File "/Users/robertonavoni/.local/share/uv/python/cpython-3.12.11-macos-aarch64-none/lib/python3.12/multiprocessing/process.py", line 314, in _bootstrap
    self.run()
  File "/Users/robertonavoni/.local/share/uv/python/cpython-3.12.11-macos-aarch64-none/lib/python3.12/multiprocessing/process.py", line 108, in run
    self._target(*self._args, **self._kwargs)
  File "/Users/robertonavoni/Desktop/Lavoro/Progetti-2026/Progetti Software/microduck-ap-ppo-sitl/tools/robots/train_velocity.py", line 326, in _worker
    conn.send(_step_envs(envs, data))
  File "/Users/robertonavoni/.local/share/uv/python/cpython-3.12.11-macos-aarch64-none/lib/python3.12/multiprocessing/connection.py", line 206, in send
    self._send_bytes(_ForkingPickler.dumps(obj))
  File "/Users/robertonavoni/.local/share/uv/python/cpython-3.12.11-macos-aarch64-none/lib/python3.12/multiprocessing/process.py", line 314, in _bootstrap
    self.run()
  File "/Users/robertonavoni/.local/share/uv/python/cpython-3.12.11-macos-aarch64-none/lib/python3.12/multiprocessing/process.py", line 314, in _bootstrap
    self.run()
  File "/Users/robertonavoni/.local/share/uv/python/cpython-3.12.11-macos-aarch64-none/lib/python3.12/multiprocessing/process.py", line 108, in run
    self._target(*self._args, **self._kwargs)
  File "/Users/robertonavoni/.local/share/uv/python/cpython-3.12.11-macos-aarch64-none/lib/python3.12/multiprocessing/process.py", line 314, in _bootstrap
    self.run()
  File "/Users/robertonavoni/.local/share/uv/python/cpython-3.12.11-macos-aarch64-none/lib/python3.12/multiprocessing/process.py", line 108, in run
    self._target(*self._args, **self._kwargs)
  File "/Users/robertonavoni/.local/share/uv/python/cpython-3.12.11-macos-aarch64-none/lib/python3.12/multiprocessing/process.py", line 314, in _bootstrap
    self.run()
  File "/Users/robertonavoni/Desktop/Lavoro/Progetti-2026/Progetti Software/microduck-ap-ppo-sitl/tools/robots/train_velocity.py", line 326, in _worker
    conn.send(_step_envs(envs, data))
  File "/Users/robertonavoni/.local/share/uv/python/cpython-3.12.11-macos-aarch64-none/lib/python3.12/multiprocessing/process.py", line 314, in _bootstrap
    self.run()
  File "/Users/robertonavoni/.local/share/uv/python/cpython-3.12.11-macos-aarch64-none/lib/python3.12/multiprocessing/connection.py", line 206, in send
    self._send_bytes(_ForkingPickler.dumps(obj))
  File "/Users/robertonavoni/.local/share/uv/python/cpython-3.12.11-macos-aarch64-none/lib/python3.12/multiprocessing/process.py", line 314, in _bootstrap
    self.run()
  File "/Users/robertonavoni/.local/share/uv/python/cpython-3.12.11-macos-aarch64-none/lib/python3.12/multiprocessing/process.py", line 314, in _bootstrap
    self.run()
  File "/Users/robertonavoni/.local/share/uv/python/cpython-3.12.11-macos-aarch64-none/lib/python3.12/multiprocessing/process.py", line 314, in _bootstrap
    self.run()
  File "/Users/robertonavoni/.local/share/uv/python/cpython-3.12.11-macos-aarch64-none/lib/python3.12/multiprocessing/process.py", line 108, in run
    self._target(*self._args, **self._kwargs)
  File "/Users/robertonavoni/Desktop/Lavoro/Progetti-2026/Progetti Software/microduck-ap-ppo-sitl/tools/robots/train_velocity.py", line 326, in _worker
    conn.send(_step_envs(envs, data))
  File "/Users/robertonavoni/.local/share/uv/python/cpython-3.12.11-macos-aarch64-none/lib/python3.12/multiprocessing/process.py", line 314, in _bootstrap
    self.run()
  File "/Users/robertonavoni/.local/share/uv/python/cpython-3.12.11-macos-aarch64-none/lib/python3.12/multiprocessing/process.py", line 108, in run
    self._target(*self._args, **self._kwargs)
  File "/Users/robertonavoni/.local/share/uv/python/cpython-3.12.11-macos-aarch64-none/lib/python3.12/multiprocessing/process.py", line 314, in _bootstrap
    self.run()
  File "/Users/robertonavoni/.local/share/uv/python/cpython-3.12.11-macos-aarch64-none/lib/python3.12/multiprocessing/process.py", line 108, in run
    self._target(*self._args, **self._kwargs)
  File "/Users/robertonavoni/.local/share/uv/python/cpython-3.12.11-macos-aarch64-none/lib/python3.12/multiprocessing/connection.py", line 427, in _send_bytes
    self._send(header + buf)
  File "/Users/robertonavoni/.local/share/uv/python/cpython-3.12.11-macos-aarch64-none/lib/python3.12/multiprocessing/process.py", line 108, in run
    self._target(*self._args, **self._kwargs)
  File "/Users/robertonavoni/.local/share/uv/python/cpython-3.12.11-macos-aarch64-none/lib/python3.12/multiprocessing/process.py", line 108, in run
    self._target(*self._args, **self._kwargs)
  File "/Users/robertonavoni/Desktop/Lavoro/Progetti-2026/Progetti Software/microduck-ap-ppo-sitl/tools/robots/train_velocity.py", line 326, in _worker
    conn.send(_step_envs(envs, data))
  File "/Users/robertonavoni/.local/share/uv/python/cpython-3.12.11-macos-aarch64-none/lib/python3.12/multiprocessing/connection.py", line 427, in _send_bytes
    self._send(header + buf)
  File "/Users/robertonavoni/.local/share/uv/python/cpython-3.12.11-macos-aarch64-none/lib/python3.12/multiprocessing/process.py", line 314, in _bootstrap
    self.run()
  File "/Users/robertonavoni/Desktop/Lavoro/Progetti-2026/Progetti Software/microduck-ap-ppo-sitl/tools/robots/train_velocity.py", line 326, in _worker
    conn.send(_step_envs(envs, data))
  File "/Users/robertonavoni/.local/share/uv/python/cpython-3.12.11-macos-aarch64-none/lib/python3.12/multiprocessing/connection.py", line 206, in send
    self._send_bytes(_ForkingPickler.dumps(obj))
  File "/Users/robertonavoni/.local/share/uv/python/cpython-3.12.11-macos-aarch64-none/lib/python3.12/multiprocessing/connection.py", line 384, in _send
    n = write(self._handle, buf)
        ^^^^^^^^^^^^^^^^^^^^^^^^
  File "/Users/robertonavoni/Desktop/Lavoro/Progetti-2026/Progetti Software/microduck-ap-ppo-sitl/tools/robots/train_velocity.py", line 326, in _worker
    conn.send(_step_envs(envs, data))
  File "/Users/robertonavoni/.local/share/uv/python/cpython-3.12.11-macos-aarch64-none/lib/python3.12/multiprocessing/process.py", line 108, in run
    self._target(*self._args, **self._kwargs)
  File "/Users/robertonavoni/Desktop/Lavoro/Progetti-2026/Progetti Software/microduck-ap-ppo-sitl/tools/robots/train_velocity.py", line 326, in _worker
    conn.send(_step_envs(envs, data))
  File "/Users/robertonavoni/.local/share/uv/python/cpython-3.12.11-macos-aarch64-none/lib/python3.12/multiprocessing/process.py", line 108, in run
    self._target(*self._args, **self._kwargs)
  File "/Users/robertonavoni/.local/share/uv/python/cpython-3.12.11-macos-aarch64-none/lib/python3.12/multiprocessing/connection.py", line 384, in _send
    n = write(self._handle, buf)
        ^^^^^^^^^^^^^^^^^^^^^^^^
  File "/Users/robertonavoni/Desktop/Lavoro/Progetti-2026/Progetti Software/microduck-ap-ppo-sitl/tools/robots/train_velocity.py", line 326, in _worker
    conn.send(_step_envs(envs, data))
  File "/Users/robertonavoni/.local/share/uv/python/cpython-3.12.11-macos-aarch64-none/lib/python3.12/multiprocessing/connection.py", line 206, in send
    self._send_bytes(_ForkingPickler.dumps(obj))
BrokenPipeError: [Errno 32] Broken pipe
  File "/Users/robertonavoni/.local/share/uv/python/cpython-3.12.11-macos-aarch64-none/lib/python3.12/multiprocessing/connection.py", line 427, in _send_bytes
    self._send(header + buf)
  File "/Users/robertonavoni/.local/share/uv/python/cpython-3.12.11-macos-aarch64-none/lib/python3.12/multiprocessing/connection.py", line 206, in send
    self._send_bytes(_ForkingPickler.dumps(obj))
  File "/Users/robertonavoni/.local/share/uv/python/cpython-3.12.11-macos-aarch64-none/lib/python3.12/multiprocessing/connection.py", line 384, in _send
    n = write(self._handle, buf)
        ^^^^^^^^^^^^^^^^^^^^^^^^
  File "/Users/robertonavoni/.local/share/uv/python/cpython-3.12.11-macos-aarch64-none/lib/python3.12/multiprocessing/connection.py", line 427, in _send_bytes
    self._send(header + buf)
  File "/Users/robertonavoni/.local/share/uv/python/cpython-3.12.11-macos-aarch64-none/lib/python3.12/multiprocessing/process.py", line 108, in run
    self._target(*self._args, **self._kwargs)
  File "/Users/robertonavoni/.local/share/uv/python/cpython-3.12.11-macos-aarch64-none/lib/python3.12/multiprocessing/connection.py", line 206, in send
    self._send_bytes(_ForkingPickler.dumps(obj))
  File "/Users/robertonavoni/Desktop/Lavoro/Progetti-2026/Progetti Software/microduck-ap-ppo-sitl/tools/robots/train_velocity.py", line 326, in _worker
    conn.send(_step_envs(envs, data))
  File "/Users/robertonavoni/.local/share/uv/python/cpython-3.12.11-macos-aarch64-none/lib/python3.12/multiprocessing/connection.py", line 427, in _send_bytes
    self._send(header + buf)
BrokenPipeError: [Errno 32] Broken pipe
  File "/Users/robertonavoni/.local/share/uv/python/cpython-3.12.11-macos-aarch64-none/lib/python3.12/multiprocessing/connection.py", line 427, in _send_bytes
    self._send(header + buf)
  File "/Users/robertonavoni/.local/share/uv/python/cpython-3.12.11-macos-aarch64-none/lib/python3.12/multiprocessing/connection.py", line 384, in _send
    n = write(self._handle, buf)
        ^^^^^^^^^^^^^^^^^^^^^^^^
  File "/Users/robertonavoni/.local/share/uv/python/cpython-3.12.11-macos-aarch64-none/lib/python3.12/multiprocessing/process.py", line 108, in run
    self._target(*self._args, **self._kwargs)
  File "/Users/robertonavoni/.local/share/uv/python/cpython-3.12.11-macos-aarch64-none/lib/python3.12/multiprocessing/connection.py", line 206, in send
    self._send_bytes(_ForkingPickler.dumps(obj))
  File "/Users/robertonavoni/Desktop/Lavoro/Progetti-2026/Progetti Software/microduck-ap-ppo-sitl/tools/robots/train_velocity.py", line 326, in _worker
    conn.send(_step_envs(envs, data))
  File "/Users/robertonavoni/.local/share/uv/python/cpython-3.12.11-macos-aarch64-none/lib/python3.12/multiprocessing/connection.py", line 384, in _send
    n = write(self._handle, buf)
        ^^^^^^^^^^^^^^^^^^^^^^^^
  File "/Users/robertonavoni/.local/share/uv/python/cpython-3.12.11-macos-aarch64-none/lib/python3.12/multiprocessing/connection.py", line 206, in send
    self._send_bytes(_ForkingPickler.dumps(obj))
  File "/Users/robertonavoni/.local/share/uv/python/cpython-3.12.11-macos-aarch64-none/lib/python3.12/multiprocessing/connection.py", line 384, in _send
    n = write(self._handle, buf)
        ^^^^^^^^^^^^^^^^^^^^^^^^
  File "/Users/robertonavoni/Desktop/Lavoro/Progetti-2026/Progetti Software/microduck-ap-ppo-sitl/tools/robots/train_velocity.py", line 326, in _worker
    conn.send(_step_envs(envs, data))
  File "/Users/robertonavoni/.local/share/uv/python/cpython-3.12.11-macos-aarch64-none/lib/python3.12/multiprocessing/connection.py", line 427, in _send_bytes
    self._send(header + buf)
  File "/Users/robertonavoni/.local/share/uv/python/cpython-3.12.11-macos-aarch64-none/lib/python3.12/multiprocessing/connection.py", line 206, in send
    self._send_bytes(_ForkingPickler.dumps(obj))
  File "/Users/robertonavoni/.local/share/uv/python/cpython-3.12.11-macos-aarch64-none/lib/python3.12/multiprocessing/connection.py", line 206, in send
    self._send_bytes(_ForkingPickler.dumps(obj))
  File "/Users/robertonavoni/.local/share/uv/python/cpython-3.12.11-macos-aarch64-none/lib/python3.12/multiprocessing/connection.py", line 427, in _send_bytes
    self._send(header + buf)
BrokenPipeError: [Errno 32] Broken pipe
BrokenPipeError: [Errno 32] Broken pipe
  File "/Users/robertonavoni/.local/share/uv/python/cpython-3.12.11-macos-aarch64-none/lib/python3.12/multiprocessing/connection.py", line 206, in send
    self._send_bytes(_ForkingPickler.dumps(obj))
  File "/Users/robertonavoni/.local/share/uv/python/cpython-3.12.11-macos-aarch64-none/lib/python3.12/multiprocessing/connection.py", line 427, in _send_bytes
    self._send(header + buf)
  File "/Users/robertonavoni/Desktop/Lavoro/Progetti-2026/Progetti Software/microduck-ap-ppo-sitl/tools/robots/train_velocity.py", line 326, in _worker
    conn.send(_step_envs(envs, data))
  File "/Users/robertonavoni/.local/share/uv/python/cpython-3.12.11-macos-aarch64-none/lib/python3.12/multiprocessing/connection.py", line 384, in _send
    n = write(self._handle, buf)
        ^^^^^^^^^^^^^^^^^^^^^^^^
  File "/Users/robertonavoni/.local/share/uv/python/cpython-3.12.11-macos-aarch64-none/lib/python3.12/multiprocessing/connection.py", line 206, in send
    self._send_bytes(_ForkingPickler.dumps(obj))
  File "/Users/robertonavoni/.local/share/uv/python/cpython-3.12.11-macos-aarch64-none/lib/python3.12/multiprocessing/connection.py", line 384, in _send
    n = write(self._handle, buf)
        ^^^^^^^^^^^^^^^^^^^^^^^^
  File "/Users/robertonavoni/.local/share/uv/python/cpython-3.12.11-macos-aarch64-none/lib/python3.12/multiprocessing/connection.py", line 427, in _send_bytes
    self._send(header + buf)
  File "/Users/robertonavoni/.local/share/uv/python/cpython-3.12.11-macos-aarch64-none/lib/python3.12/multiprocessing/connection.py", line 384, in _send
    n = write(self._handle, buf)
        ^^^^^^^^^^^^^^^^^^^^^^^^
BrokenPipeError: [Errno 32] Broken pipe
BrokenPipeError: [Errno 32] Broken pipe
  File "/Users/robertonavoni/.local/share/uv/python/cpython-3.12.11-macos-aarch64-none/lib/python3.12/multiprocessing/connection.py", line 427, in _send_bytes
    self._send(header + buf)
BrokenPipeError: [Errno 32] Broken pipe
BrokenPipeError: [Errno 32] Broken pipe
  File "/Users/robertonavoni/.local/share/uv/python/cpython-3.12.11-macos-aarch64-none/lib/python3.12/multiprocessing/connection.py", line 427, in _send_bytes
    self._send(header + buf)
  File "/Users/robertonavoni/.local/share/uv/python/cpython-3.12.11-macos-aarch64-none/lib/python3.12/multiprocessing/connection.py", line 384, in _send
    n = write(self._handle, buf)
        ^^^^^^^^^^^^^^^^^^^^^^^^
  File "/Users/robertonavoni/.local/share/uv/python/cpython-3.12.11-macos-aarch64-none/lib/python3.12/multiprocessing/connection.py", line 384, in _send
    n = write(self._handle, buf)
        ^^^^^^^^^^^^^^^^^^^^^^^^
  File "/Users/robertonavoni/.local/share/uv/python/cpython-3.12.11-macos-aarch64-none/lib/python3.12/multiprocessing/connection.py", line 384, in _send
    n = write(self._handle, buf)
        ^^^^^^^^^^^^^^^^^^^^^^^^
BrokenPipeError: [Errno 32] Broken pipe
BrokenPipeError: [Errno 32] Broken pipe
BrokenPipeError: [Errno 32] Broken pipe
BrokenPipeError: [Errno 32] Broken pipe
