resumed from robots/microban/policies/getup_discover_run/getup_discover_it11000.pt at iteration 11000; std 0.264
gesture getup_discover: std [0.30000001192092896, 0.30000001192092896, 0.30000001192092896, 0.25, 0.25, 0.25, 0.25, 0.25, 0.25, 0.30000001192092896, 0.30000001192092896, 0.30000001192092896, 0.25, 0.25, 0.25, 0.25, 0.25, 0.25] (capped), fixed learning rate, qat=off
getup_discover assist start 1.00 N (mass=0.819 kg, stand_head_z=0.294)
/Users/robertonavoni/Desktop/Lavoro/Progetti-2026/Progetti Software/microduck-ap-ppo-sitl/tools/robots/train_velocity.py:835: UserWarning: Converting a tensor with requires_grad=True to a scalar may lead to unexpected behavior.
Consider using tensor.detach() first. (Triggered internally at /Users/runner/work/pytorch/pytorch/torch/csrc/autograd/generated/python_variable_methods.cpp:821.)
  "Policy/mean_std": float(log_std.exp().mean()),
it 11001/15000  reward     nan  ep_len    nan  fell    0  err_xy 0.291  std 0.267  lr 1.0e-04  fps   9024     0.3s
it 11002/15000  reward     nan  ep_len    nan  fell    0  err_xy 0.171  std 0.267  lr 1.0e-04  fps   8621     0.5s
it 11003/15000  reward     nan  ep_len    nan  fell    0  err_xy 0.143  std 0.267  lr 1.0e-04  fps   9050     0.8s
it 11004/15000  reward     nan  ep_len    nan  fell    0  err_xy 0.091  std 0.267  lr 1.0e-04  fps   8842     1.0s
it 11005/15000  reward     nan  ep_len    nan  fell    0  err_xy 0.095  std 0.267  lr 1.0e-04  fps   8749     1.3s
it 11006/15000  reward     nan  ep_len    nan  fell    0  err_xy 0.074  std 0.267  lr 1.0e-04  fps   8828     1.6s
it 11007/15000  reward     nan  ep_len    nan  fell    0  err_xy 0.053  std 0.267  lr 1.0e-04  fps   8843     1.8s
it 11008/15000  reward     nan  ep_len    nan  fell    0  err_xy 0.041  std 0.267  lr 1.0e-04  fps   8775     2.1s
it 11009/15000  reward     nan  ep_len    nan  fell    0  err_xy 0.032  std 0.267  lr 1.0e-04  fps   8796     2.4s
it 11010/15000  reward     nan  ep_len    nan  fell    0  err_xy 0.018  std 0.267  lr 1.0e-04  fps   8623     2.6s
it 11011/15000  reward     nan  ep_len    nan  fell    0  err_xy 0.022  std 0.266  lr 1.0e-04  fps   8867     2.9s
it 11012/15000  reward     nan  ep_len    nan  fell    0  err_xy 0.023  std 0.266  lr 1.0e-04  fps   8933     3.1s
it 11013/15000  reward     nan  ep_len    nan  fell    0  err_xy 0.020  std 0.266  lr 1.0e-04  fps   8931     3.4s
it 11014/15000  reward     nan  ep_len    nan  fell    0  err_xy 0.027  std 0.266  lr 1.0e-04  fps   8959     3.7s
it 11015/15000  reward     nan  ep_len    nan  fell    0  err_xy 0.020  std 0.266  lr 1.0e-04  fps   8999     3.9s
it 11016/15000  reward     nan  ep_len    nan  fell    0  err_xy 0.021  std 0.266  lr 1.0e-04  fps   9075     4.2s
  assist curriculum: 1.00 → 0.60 N (lying stood=49% of 55, all stood=59%, peak_head=0.225/0.294)
it 11017/15000  reward   64.65  ep_len  400.0  fell    0  err_xy 0.102  std 0.266  lr 1.0e-04  fps   7294     4.5s
it 11018/15000  reward     nan  ep_len    nan  fell    0  err_xy 0.272  std 0.266  lr 1.0e-04  fps   9813     4.7s
it 11019/15000  reward     nan  ep_len    nan  fell    0  err_xy 0.122  std 0.266  lr 1.0e-04  fps   9226     5.0s
it 11020/15000  reward     nan  ep_len    nan  fell    0  err_xy 0.094  std 0.266  lr 1.0e-04  fps   8930     5.2s
it 11021/15000  reward     nan  ep_len    nan  fell    0  err_xy 0.073  std 0.266  lr 1.0e-04  fps   9008     5.5s
it 11022/15000  reward     nan  ep_len    nan  fell    0  err_xy 0.057  std 0.266  lr 1.0e-04  fps   8792     5.7s
it 11023/15000  reward     nan  ep_len    nan  fell    0  err_xy 0.044  std 0.267  lr 1.0e-04  fps   8689     6.0s
it 11024/15000  reward     nan  ep_len    nan  fell    0  err_xy 0.034  std 0.267  lr 1.0e-04  fps   8704     6.3s
it 11025/15000  reward     nan  ep_len    nan  fell    0  err_xy 0.032  std 0.267  lr 1.0e-04  fps   8717     6.5s
it 11026/15000  reward     nan  ep_len    nan  fell    0  err_xy 0.025  std 0.266  lr 1.0e-04  fps   8796     6.8s
it 11027/15000  reward     nan  ep_len    nan  fell    0  err_xy 0.015  std 0.266  lr 1.0e-04  fps   8774     7.1s
it 11028/15000  reward     nan  ep_len    nan  fell    0  err_xy 0.014  std 0.266  lr 1.0e-04  fps   8559     7.3s
it 11029/15000  reward     nan  ep_len    nan  fell    0  err_xy 0.016  std 0.266  lr 1.0e-04  fps   8622     7.6s
it 11030/15000  reward     nan  ep_len    nan  fell    0  err_xy 0.013  std 0.266  lr 1.0e-04  fps   8948     7.9s
it 11031/15000  reward     nan  ep_len    nan  fell    0  err_xy 0.014  std 0.266  lr 1.0e-04  fps   9001     8.1s
it 11032/15000  reward     nan  ep_len    nan  fell    0  err_xy 0.018  std 0.266  lr 1.0e-04  fps   8998     8.4s
it 11033/15000  reward     nan  ep_len    nan  fell    0  err_xy 0.017  std 0.266  lr 1.0e-04  fps   8329     8.7s
  assist curriculum: 0.60 → 0.20 N (lying stood=33% of 54, all stood=49%, peak_head=0.207/0.294)
it 11034/15000  reward   51.11  ep_len  400.0  fell    0  err_xy 0.209  std 0.266  lr 1.0e-04  fps   7407     9.0s
it 11035/15000  reward     nan  ep_len    nan  fell    0  err_xy 0.201  std 0.266  lr 1.0e-04  fps   8572     9.2s
it 11036/15000  reward     nan  ep_len    nan  fell    0  err_xy 0.125  std 0.266  lr 1.0e-04  fps   9382     9.5s
it 11037/15000  reward     nan  ep_len    nan  fell    0  err_xy 0.084  std 0.266  lr 1.0e-04  fps   9140     9.7s
it 11038/15000  reward     nan  ep_len    nan  fell    0  err_xy 0.060  std 0.266  lr 1.0e-04  fps   8865    10.0s
it 11039/15000  reward     nan  ep_len    nan  fell    0  err_xy 0.027  std 0.266  lr 1.0e-04  fps   8392    10.3s
it 11040/15000  reward     nan  ep_len    nan  fell    0  err_xy 0.024  std 0.266  lr 1.0e-04  fps   8488    10.5s
it 11041/15000  reward     nan  ep_len    nan  fell    0  err_xy 0.019  std 0.266  lr 1.0e-04  fps   8611    10.8s
it 11042/15000  reward     nan  ep_len    nan  fell    0  err_xy 0.013  std 0.266  lr 1.0e-04  fps   8456    11.1s
it 11043/15000  reward     nan  ep_len    nan  fell    0  err_xy 0.011  std 0.266  lr 1.0e-04  fps   8562    11.4s
it 11044/15000  reward     nan  ep_len    nan  fell    0  err_xy 0.012  std 0.266  lr 1.0e-04  fps   8150    11.6s
it 11045/15000  reward     nan  ep_len    nan  fell    0  err_xy 0.013  std 0.265  lr 1.0e-04  fps   8830    11.9s
it 11046/15000  reward     nan  ep_len    nan  fell    0  err_xy 0.013  std 0.265  lr 1.0e-04  fps   8971    12.2s
it 11047/15000  reward     nan  ep_len    nan  fell    0  err_xy 0.014  std 0.265  lr 1.0e-04  fps   8950    12.4s
it 11048/15000  reward     nan  ep_len    nan  fell    0  err_xy 0.015  std 0.265  lr 1.0e-04  fps   8965    12.7s
it 11049/15000  reward     nan  ep_len    nan  fell    0  err_xy 0.017  std 0.265  lr 1.0e-04  fps   8959    12.9s
  assist curriculum: 0.20 → 0.00 N (lying stood=46% of 59, all stood=50%, peak_head=0.205/0.294)
it 11050/15000  reward   55.53  ep_len  400.0  fell    0  err_xy 0.015  std 0.265  lr 1.0e-04  fps   7148    13.2s
it 11051/15000  reward     nan  ep_len    nan  fell    0  err_xy 0.285  std 0.265  lr 1.0e-04  fps   9934    13.5s
it 11052/15000  reward     nan  ep_len    nan  fell    0  err_xy 0.157  std 0.265  lr 1.0e-04  fps   9754    13.7s
it 11053/15000  reward     nan  ep_len    nan  fell    0  err_xy 0.103  std 0.265  lr 1.0e-04  fps   9336    14.0s
it 11054/15000  reward     nan  ep_len    nan  fell    0  err_xy 0.065  std 0.265  lr 1.0e-04  fps   9087    14.2s
it 11055/15000  reward     nan  ep_len    nan  fell    0  err_xy 0.060  std 0.265  lr 1.0e-04  fps   8846    14.5s
it 11056/15000  reward     nan  ep_len    nan  fell    0  err_xy 0.045  std 0.265  lr 1.0e-04  fps   8814    14.7s
it 11057/15000  reward     nan  ep_len    nan  fell    0  err_xy 0.025  std 0.265  lr 1.0e-04  fps   8784    15.0s
it 11058/15000  reward     nan  ep_len    nan  fell    0  err_xy 0.027  std 0.265  lr 1.0e-04  fps   8766    15.3s
it 11059/15000  reward     nan  ep_len    nan  fell    0  err_xy 0.018  std 0.266  lr 1.0e-04  fps   8395    15.5s
it 11060/15000  reward     nan  ep_len    nan  fell    0  err_xy 0.019  std 0.265  lr 1.0e-04  fps   8664    15.8s
it 11061/15000  reward     nan  ep_len    nan  fell    0  err_xy 0.013  std 0.265  lr 1.0e-04  fps   8650    16.1s
it 11062/15000  reward     nan  ep_len    nan  fell    0  err_xy 0.010  std 0.265  lr 1.0e-04  fps   8665    16.3s
it 11063/15000  reward     nan  ep_len    nan  fell    0  err_xy 0.011  std 0.265  lr 1.0e-04  fps   8920    16.6s
it 11064/15000  reward     nan  ep_len    nan  fell    0  err_xy 0.010  std 0.265  lr 1.0e-04  fps   9014    16.9s
it 11065/15000  reward     nan  ep_len    nan  fell    0  err_xy 0.011  std 0.265  lr 1.0e-04  fps   9012    17.1s
it 11066/15000  reward     nan  ep_len    nan  fell    0  err_xy 0.011  std 0.265  lr 1.0e-04  fps   9013    17.4s
it 11067/15000  reward   56.57  ep_len  400.0  fell    0  err_xy 0.100  std 0.265  lr 1.0e-04  fps   7261    17.7s
it 11068/15000  reward     nan  ep_len    nan  fell    0  err_xy 0.263  std 0.265  lr 1.0e-04  fps   9937    17.9s
it 11069/15000  reward     nan  ep_len    nan  fell    0  err_xy 0.135  std 0.265  lr 1.0e-04  fps   9613    18.2s
it 11070/15000  reward     nan  ep_len    nan  fell    0  err_xy 0.102  std 0.265  lr 1.0e-04  fps   9096    18.4s
it 11071/15000  reward     nan  ep_len    nan  fell    0  err_xy 0.065  std 0.265  lr 1.0e-04  fps   8881    18.7s
it 11072/15000  reward     nan  ep_len    nan  fell    0  err_xy 0.052  std 0.265  lr 1.0e-04  fps   8809    18.9s
it 11073/15000  reward     nan  ep_len    nan  fell    0  err_xy 0.041  std 0.265  lr 1.0e-04  fps   8746    19.2s
it 11074/15000  reward     nan  ep_len    nan  fell    0  err_xy 0.029  std 0.265  lr 1.0e-04  fps   8650    19.5s
it 11075/15000  reward     nan  ep_len    nan  fell    0  err_xy 0.024  std 0.265  lr 1.0e-04  fps   8810    19.7s
it 11076/15000  reward     nan  ep_len    nan  fell    0  err_xy 0.017  std 0.265  lr 1.0e-04  fps   8759    20.0s
it 11077/15000  reward     nan  ep_len    nan  fell    0  err_xy 0.016  std 0.265  lr 1.0e-04  fps   8752    20.2s
it 11078/15000  reward     nan  ep_len    nan  fell    0  err_xy 0.017  std 0.265  lr 1.0e-04  fps   8788    20.5s
it 11079/15000  reward     nan  ep_len    nan  fell    0  err_xy 0.015  std 0.265  lr 1.0e-04  fps   8804    20.8s
it 11080/15000  reward     nan  ep_len    nan  fell    0  err_xy 0.013  std 0.265  lr 1.0e-04  fps   8709    21.0s
it 11081/15000  reward     nan  ep_len    nan  fell    0  err_xy 0.013  std 0.265  lr 1.0e-04  fps   8708    21.3s
it 11082/15000  reward     nan  ep_len    nan  fell    0  err_xy 0.013  std 0.265  lr 1.0e-04  fps   8646    21.6s
it 11083/15000  reward     nan  ep_len    nan  fell    0  err_xy 0.013  std 0.265  lr 1.0e-04  fps   8564    21.8s
it 11084/15000  reward   57.88  ep_len  400.0  fell    0  err_xy 0.215  std 0.265  lr 1.0e-04  fps   7225    22.2s
it 11085/15000  reward     nan  ep_len    nan  fell    0  err_xy 0.190  std 0.265  lr 1.0e-04  fps   9554    22.4s
it 11086/15000  reward     nan  ep_len    nan  fell    0  err_xy 0.118  std 0.265  lr 1.0e-04  fps   9344    22.6s
it 11087/15000  reward     nan  ep_len    nan  fell    0  err_xy 0.068  std 0.265  lr 1.0e-04  fps   8919    22.9s
it 11088/15000  reward     nan  ep_len    nan  fell    0  err_xy 0.058  std 0.265  lr 1.0e-04  fps   8720    23.2s
it 11089/15000  reward     nan  ep_len    nan  fell    0  err_xy 0.045  std 0.265  lr 1.0e-04  fps   8662    23.4s
it 11090/15000  reward     nan  ep_len    nan  fell    0  err_xy 0.025  std 0.265  lr 1.0e-04  fps   8693    23.7s
it 11091/15000  reward     nan  ep_len    nan  fell    0  err_xy 0.026  std 0.265  lr 1.0e-04  fps   8748    24.0s
it 11092/15000  reward     nan  ep_len    nan  fell    0  err_xy 0.014  std 0.265  lr 1.0e-04  fps   8695    24.2s
it 11093/15000  reward     nan  ep_len    nan  fell    0  err_xy 0.013  std 0.265  lr 1.0e-04  fps   8718    24.5s
it 11094/15000  reward     nan  ep_len    nan  fell    0  err_xy 0.013  std 0.265  lr 1.0e-04  fps   8820    24.8s
it 11095/15000  reward     nan  ep_len    nan  fell    0  err_xy 0.012  std 0.265  lr 1.0e-04  fps   8869    25.0s
it 11096/15000  reward     nan  ep_len    nan  fell    0  err_xy 0.012  std 0.265  lr 1.0e-04  fps   8940    25.3s
it 11097/15000  reward     nan  ep_len    nan  fell    0  err_xy 0.012  std 0.264  lr 1.0e-04  fps   8914    25.5s
it 11098/15000  reward     nan  ep_len    nan  fell    0  err_xy 0.012  std 0.264  lr 1.0e-04  fps   8939    25.8s
it 11099/15000  reward     nan  ep_len    nan  fell    0  err_xy 0.012  std 0.264  lr 1.0e-04  fps   8998    26.0s
it 11100/15000  reward   54.31  ep_len  400.0  fell    0  err_xy 0.012  std 0.264  lr 1.0e-04  fps   7059    26.4s
it 11101/15000  reward     nan  ep_len    nan  fell    0  err_xy 0.283  std 0.264  lr 1.0e-04  fps   9825    26.6s
it 11102/15000  reward     nan  ep_len    nan  fell    0  err_xy 0.164  std 0.264  lr 1.0e-04  fps   9626    26.8s
it 11103/15000  reward     nan  ep_len    nan  fell    0  err_xy 0.108  std 0.264  lr 1.0e-04  fps   9090    27.1s
it 11104/15000  reward     nan  ep_len    nan  fell    0  err_xy 0.061  std 0.264  lr 1.0e-04  fps   8722    27.4s
it 11105/15000  reward     nan  ep_len    nan  fell    0  err_xy 0.042  std 0.264  lr 1.0e-04  fps   8612    27.6s
it 11106/15000  reward     nan  ep_len    nan  fell    0  err_xy 0.028  std 0.264  lr 1.0e-04  fps   8196    27.9s
it 11107/15000  reward     nan  ep_len    nan  fell    0  err_xy 0.020  std 0.264  lr 1.0e-04  fps   8596    28.2s
it 11108/15000  reward     nan  ep_len    nan  fell    0  err_xy 0.019  std 0.264  lr 1.0e-04  fps   8579    28.5s
it 11109/15000  reward     nan  ep_len    nan  fell    0  err_xy 0.020  std 0.264  lr 1.0e-04  fps   8632    28.7s
it 11110/15000  reward     nan  ep_len    nan  fell    0  err_xy 0.015  std 0.264  lr 1.0e-04  fps   8653    29.0s
it 11111/15000  reward     nan  ep_len    nan  fell    0  err_xy 0.011  std 0.264  lr 1.0e-04  fps   8707    29.3s
it 11112/15000  reward     nan  ep_len    nan  fell    0  err_xy 0.011  std 0.264  lr 1.0e-04  fps   8676    29.5s
it 11113/15000  reward     nan  ep_len    nan  fell    0  err_xy 0.011  std 0.264  lr 1.0e-04  fps   8759    29.8s
it 11114/15000  reward     nan  ep_len    nan  fell    0  err_xy 0.011  std 0.264  lr 1.0e-04  fps   8803    30.0s
it 11115/15000  reward     nan  ep_len    nan  fell    0  err_xy 0.011  std 0.264  lr 1.0e-04  fps   8656    30.3s
it 11116/15000  reward     nan  ep_len    nan  fell    0  err_xy 0.012  std 0.264  lr 1.0e-04  fps   8797    30.6s
it 11117/15000  reward   56.08  ep_len  400.0  fell    0  err_xy 0.099  std 0.264  lr 1.0e-04  fps   7175    30.9s
it 11118/15000  reward     nan  ep_len    nan  fell    0  err_xy 0.276  std 0.264  lr 1.0e-04  fps   9891    31.1s
it 11119/15000  reward     nan  ep_len    nan  fell    0  err_xy 0.143  std 0.264  lr 1.0e-04  fps   9532    31.4s
it 11120/15000  reward     nan  ep_len    nan  fell    0  err_xy 0.091  std 0.264  lr 1.0e-04  fps   9201    31.6s
it 11121/15000  reward     nan  ep_len    nan  fell    0  err_xy 0.066  std 0.264  lr 1.0e-04  fps   8275    31.9s
it 11122/15000  reward     nan  ep_len    nan  fell    0  err_xy 0.056  std 0.264  lr 1.0e-04  fps   8727    32.2s
it 11123/15000  reward     nan  ep_len    nan  fell    0  err_xy 0.037  std 0.264  lr 1.0e-04  fps   8623    32.4s
it 11124/15000  reward     nan  ep_len    nan  fell    0  err_xy 0.025  std 0.264  lr 1.0e-04  fps   8729    32.7s
it 11125/15000  reward     nan  ep_len    nan  fell    0  err_xy 0.019  std 0.264  lr 1.0e-04  fps   8610    33.0s
it 11126/15000  reward     nan  ep_len    nan  fell    0  err_xy 0.014  std 0.264  lr 1.0e-04  fps   7965    33.3s
it 11127/15000  reward     nan  ep_len    nan  fell    0  err_xy 0.013  std 0.264  lr 1.0e-04  fps   8606    33.5s
it 11128/15000  reward     nan  ep_len    nan  fell    0  err_xy 0.017  std 0.264  lr 1.0e-04  fps   8768    33.8s
it 11129/15000  reward     nan  ep_len    nan  fell    0  err_xy 0.015  std 0.264  lr 1.0e-04  fps   8835    34.0s
it 11130/15000  reward     nan  ep_len    nan  fell    0  err_xy 0.013  std 0.264  lr 1.0e-04  fps   8660    34.3s
it 11131/15000  reward     nan  ep_len    nan  fell    0  err_xy 0.012  std 0.264  lr 1.0e-04  fps   8892    34.6s
it 11132/15000  reward     nan  ep_len    nan  fell    0  err_xy 0.012  std 0.264  lr 1.0e-04  fps   8898    34.8s
it 11133/15000  reward     nan  ep_len    nan  fell    0  err_xy 0.013  std 0.264  lr 1.0e-04  fps   9029    35.1s
it 11134/15000  reward   58.77  ep_len  400.0  fell    0  err_xy 0.222  std 0.264  lr 1.0e-04  fps   7400    35.4s
it 11135/15000  reward     nan  ep_len    nan  fell    0  err_xy 0.208  std 0.264  lr 1.0e-04  fps   9746    35.6s
it 11136/15000  reward     nan  ep_len    nan  fell    0  err_xy 0.136  std 0.264  lr 1.0e-04  fps   9414    35.9s
it 11137/15000  reward     nan  ep_len    nan  fell    0  err_xy 0.095  std 0.264  lr 1.0e-04  fps   9160    36.1s
it 11138/15000  reward     nan  ep_len    nan  fell    0  err_xy 0.099  std 0.264  lr 1.0e-04  fps   8942    36.4s
it 11139/15000  reward     nan  ep_len    nan  fell    0  err_xy 0.085  std 0.264  lr 1.0e-04  fps   8889    36.6s
it 11140/15000  reward     nan  ep_len    nan  fell    0  err_xy 0.067  std 0.264  lr 1.0e-04  fps   8931    36.9s
it 11141/15000  reward     nan  ep_len    nan  fell    0  err_xy 0.071  std 0.264  lr 1.0e-04  fps   8882    37.2s
it 11142/15000  reward     nan  ep_len    nan  fell    0  err_xy 0.060  std 0.264  lr 1.0e-04  fps   8757    37.4s
it 11143/15000  reward     nan  ep_len    nan  fell    0  err_xy 0.030  std 0.264  lr 1.0e-04  fps   8726    37.7s
it 11144/15000  reward     nan  ep_len    nan  fell    0  err_xy 0.014  std 0.264  lr 1.0e-04  fps   8612    38.0s
it 11145/15000  reward     nan  ep_len    nan  fell    0  err_xy 0.014  std 0.264  lr 1.0e-04  fps   8653    38.2s
it 11146/15000  reward     nan  ep_len    nan  fell    0  err_xy 0.014  std 0.264  lr 1.0e-04  fps   8637    38.5s
it 11147/15000  reward     nan  ep_len    nan  fell    0  err_xy 0.015  std 0.264  lr 1.0e-04  fps   8665    38.8s
it 11148/15000  reward     nan  ep_len    nan  fell    0  err_xy 0.015  std 0.264  lr 1.0e-04  fps   8641    39.0s
it 11149/15000  reward     nan  ep_len    nan  fell    0  err_xy 0.012  std 0.264  lr 1.0e-04  fps   8660    39.3s
it 11150/15000  reward   58.73  ep_len  400.0  fell    0  err_xy 0.012  std 0.264  lr 1.0e-04  fps   7004    39.6s
it 11151/15000  reward     nan  ep_len    nan  fell    0  err_xy 0.283  std 0.264  lr 1.0e-04  fps   9962    39.9s
it 11152/15000  reward     nan  ep_len    nan  fell    0  err_xy 0.161  std 0.264  lr 1.0e-04  fps   9700    40.1s
it 11153/15000  reward     nan  ep_len    nan  fell    0  err_xy 0.108  std 0.264  lr 1.0e-04  fps   9196    40.3s
it 11154/15000  reward     nan  ep_len    nan  fell    0  err_xy 0.073  std 0.264  lr 1.0e-04  fps   8978    40.6s
it 11155/15000  reward     nan  ep_len    nan  fell    0  err_xy 0.059  std 0.264  lr 1.0e-04  fps   8937    40.9s
it 11156/15000  reward     nan  ep_len    nan  fell    0  err_xy 0.052  std 0.264  lr 1.0e-04  fps   8816    41.1s
it 11157/15000  reward     nan  ep_len    nan  fell    0  err_xy 0.036  std 0.264  lr 1.0e-04  fps   8700    41.4s
it 11158/15000  reward     nan  ep_len    nan  fell    0  err_xy 0.037  std 0.264  lr 1.0e-04  fps   8638    41.7s
it 11159/15000  reward     nan  ep_len    nan  fell    0  err_xy 0.035  std 0.264  lr 1.0e-04  fps   8812    41.9s
it 11160/15000  reward     nan  ep_len    nan  fell    0  err_xy 0.025  std 0.264  lr 1.0e-04  fps   8687    42.2s
it 11161/15000  reward     nan  ep_len    nan  fell    0  err_xy 0.020  std 0.264  lr 1.0e-04  fps   8680    42.4s
it 11162/15000  reward     nan  ep_len    nan  fell    0  err_xy 0.015  std 0.264  lr 1.0e-04  fps   8869    42.7s
it 11163/15000  reward     nan  ep_len    nan  fell    0  err_xy 0.013  std 0.264  lr 1.0e-04  fps   8796    43.0s
it 11164/15000  reward     nan  ep_len    nan  fell    0  err_xy 0.013  std 0.264  lr 1.0e-04  fps   8797    43.2s
it 11165/15000  reward     nan  ep_len    nan  fell    0  err_xy 0.013  std 0.264  lr 1.0e-04  fps   8855    43.5s
it 11166/15000  reward     nan  ep_len    nan  fell    0  err_xy 0.013  std 0.264  lr 1.0e-04  fps   8954    43.7s
it 11167/15000  reward   57.58  ep_len  400.0  fell    0  err_xy 0.091  std 0.264  lr 1.0e-04  fps   7140    44.1s
it 11168/15000  reward     nan  ep_len    nan  fell    0  err_xy 0.242  std 0.264  lr 1.0e-04  fps   9755    44.3s
it 11169/15000  reward     nan  ep_len    nan  fell    0  err_xy 0.150  std 0.264  lr 1.0e-04  fps   9515    44.6s
it 11170/15000  reward     nan  ep_len    nan  fell    0  err_xy 0.104  std 0.264  lr 1.0e-04  fps   8998    44.8s
it 11171/15000  reward     nan  ep_len    nan  fell    0  err_xy 0.086  std 0.264  lr 1.0e-04  fps   8806    45.1s
it 11172/15000  reward     nan  ep_len    nan  fell    0  err_xy 0.077  std 0.264  lr 1.0e-04  fps   7742    45.4s
it 11173/15000  reward     nan  ep_len    nan  fell    0  err_xy 0.049  std 0.264  lr 1.0e-04  fps   8430    45.6s
it 11174/15000  reward     nan  ep_len    nan  fell    0  err_xy 0.033  std 0.264  lr 1.0e-04  fps   8359    45.9s
it 11175/15000  reward     nan  ep_len    nan  fell    0  err_xy 0.029  std 0.264  lr 1.0e-04  fps   7766    46.2s
it 11176/15000  reward     nan  ep_len    nan  fell    0  err_xy 0.023  std 0.264  lr 1.0e-04  fps   5780    46.6s
it 11177/15000  reward     nan  ep_len    nan  fell    0  err_xy 0.024  std 0.264  lr 1.0e-04  fps   8072    46.9s
it 11178/15000  reward     nan  ep_len    nan  fell    0  err_xy 0.022  std 0.264  lr 1.0e-04  fps   8175    47.2s
it 11179/15000  reward     nan  ep_len    nan  fell    0  err_xy 0.016  std 0.264  lr 1.0e-04  fps   8570    47.5s
it 11180/15000  reward     nan  ep_len    nan  fell    0  err_xy 0.015  std 0.264  lr 1.0e-04  fps   8343    47.7s
it 11181/15000  reward     nan  ep_len    nan  fell    0  err_xy 0.016  std 0.263  lr 1.0e-04  fps   8434    48.0s
it 11182/15000  reward     nan  ep_len    nan  fell    0  err_xy 0.013  std 0.263  lr 1.0e-04  fps   8466    48.3s
it 11183/15000  reward     nan  ep_len    nan  fell    0  err_xy 0.013  std 0.263  lr 1.0e-04  fps   8534    48.5s
it 11184/15000  reward   65.81  ep_len  400.0  fell    0  err_xy 0.197  std 0.263  lr 1.0e-04  fps   7384    48.9s
it 11185/15000  reward     nan  ep_len    nan  fell    0  err_xy 0.200  std 0.263  lr 1.0e-04  fps   9864    49.1s
it 11186/15000  reward     nan  ep_len    nan  fell    0  err_xy 0.124  std 0.263  lr 1.0e-04  fps   9564    49.3s
it 11187/15000  reward     nan  ep_len    nan  fell    0  err_xy 0.087  std 0.263  lr 1.0e-04  fps   9150    49.6s
it 11188/15000  reward     nan  ep_len    nan  fell    0  err_xy 0.061  std 0.263  lr 1.0e-04  fps   8999    49.8s
it 11189/15000  reward     nan  ep_len    nan  fell    0  err_xy 0.041  std 0.263  lr 1.0e-04  fps   8871    50.1s
it 11190/15000  reward     nan  ep_len    nan  fell    0  err_xy 0.026  std 0.264  lr 1.0e-04  fps   8719    50.4s
it 11191/15000  reward     nan  ep_len    nan  fell    0  err_xy 0.025  std 0.264  lr 1.0e-04  fps   8802    50.6s
it 11192/15000  reward     nan  ep_len    nan  fell    0  err_xy 0.019  std 0.264  lr 1.0e-04  fps   8763    50.9s
it 11193/15000  reward     nan  ep_len    nan  fell    0  err_xy 0.015  std 0.264  lr 1.0e-04  fps   8875    51.1s
it 11194/15000  reward     nan  ep_len    nan  fell    0  err_xy 0.012  std 0.264  lr 1.0e-04  fps   8825    51.4s
it 11195/15000  reward     nan  ep_len    nan  fell    0  err_xy 0.013  std 0.264  lr 1.0e-04  fps   8788    51.7s
it 11196/15000  reward     nan  ep_len    nan  fell    0  err_xy 0.013  std 0.264  lr 1.0e-04  fps   8828    51.9s
it 11197/15000  reward     nan  ep_len    nan  fell    0  err_xy 0.014  std 0.264  lr 1.0e-04  fps   8955    52.2s
it 11198/15000  reward     nan  ep_len    nan  fell    0  err_xy 0.015  std 0.264  lr 1.0e-04  fps   9009    52.4s
it 11199/15000  reward     nan  ep_len    nan  fell    0  err_xy 0.013  std 0.264  lr 1.0e-04  fps   8997    52.7s
it 11200/15000  reward   54.85  ep_len  400.0  fell    0  err_xy 0.014  std 0.264  lr 1.0e-04  fps   6943    53.0s
eval iteration 11200:
  prone          success   0.0%  time 8.00s  peak_τ 0.91 Nm  return -6.18
  supine         success 100.0%  time 1.71s  peak_τ 0.94 Nm  return 39.80
  score 0.500
it 11201/15000  reward     nan  ep_len    nan  fell    0  err_xy 0.278  std 0.264  lr 1.0e-04  fps   9627    54.8s
it 11202/15000  reward     nan  ep_len    nan  fell    0  err_xy 0.121  std 0.264  lr 1.0e-04  fps   9799    55.1s
it 11203/15000  reward     nan  ep_len    nan  fell    0  err_xy 0.075  std 0.264  lr 1.0e-04  fps   9508    55.3s
it 11204/15000  reward     nan  ep_len    nan  fell    0  err_xy 0.059  std 0.264  lr 1.0e-04  fps   9160    55.5s
it 11205/15000  reward     nan  ep_len    nan  fell    0  err_xy 0.051  std 0.264  lr 1.0e-04  fps   9054    55.8s
it 11206/15000  reward     nan  ep_len    nan  fell    0  err_xy 0.045  std 0.264  lr 1.0e-04  fps   8865    56.1s
it 11207/15000  reward     nan  ep_len    nan  fell    0  err_xy 0.033  std 0.264  lr 1.0e-04  fps   8794    56.3s
it 11208/15000  reward     nan  ep_len    nan  fell    0  err_xy 0.016  std 0.264  lr 1.0e-04  fps   8797    56.6s
it 11209/15000  reward     nan  ep_len    nan  fell    0  err_xy 0.014  std 0.264  lr 1.0e-04  fps   8775    56.9s
it 11210/15000  reward     nan  ep_len    nan  fell    0  err_xy 0.013  std 0.264  lr 1.0e-04  fps   8776    57.1s
it 11211/15000  reward     nan  ep_len    nan  fell    0  err_xy 0.013  std 0.264  lr 1.0e-04  fps   8755    57.4s
it 11212/15000  reward     nan  ep_len    nan  fell    0  err_xy 0.011  std 0.264  lr 1.0e-04  fps   8848    57.6s
it 11213/15000  reward     nan  ep_len    nan  fell    0  err_xy 0.011  std 0.263  lr 1.0e-04  fps   8916    57.9s
it 11214/15000  reward     nan  ep_len    nan  fell    0  err_xy 0.011  std 0.263  lr 1.0e-04  fps   8969    58.2s
it 11215/15000  reward     nan  ep_len    nan  fell    0  err_xy 0.011  std 0.263  lr 1.0e-04  fps   8930    58.4s
it 11216/15000  reward     nan  ep_len    nan  fell    0  err_xy 0.011  std 0.263  lr 1.0e-04  fps   9064    58.7s
it 11217/15000  reward   46.06  ep_len  400.0  fell    0  err_xy 0.100  std 0.263  lr 1.0e-04  fps   7287    59.0s
it 11218/15000  reward     nan  ep_len    nan  fell    0  err_xy 0.251  std 0.263  lr 1.0e-04  fps   9956    59.2s
it 11219/15000  reward     nan  ep_len    nan  fell    0  err_xy 0.125  std 0.263  lr 1.0e-04  fps   9361    59.5s
it 11220/15000  reward     nan  ep_len    nan  fell    0  err_xy 0.088  std 0.263  lr 1.0e-04  fps   9096    59.7s
it 11221/15000  reward     nan  ep_len    nan  fell    0  err_xy 0.083  std 0.263  lr 1.0e-04  fps   9076    60.0s
it 11222/15000  reward     nan  ep_len    nan  fell    0  err_xy 0.073  std 0.263  lr 1.0e-04  fps   8924    60.2s
it 11223/15000  reward     nan  ep_len    nan  fell    0  err_xy 0.044  std 0.263  lr 1.0e-04  fps   8784    60.5s
it 11224/15000  reward     nan  ep_len    nan  fell    0  err_xy 0.036  std 0.263  lr 1.0e-04  fps   8808    60.8s
it 11225/15000  reward     nan  ep_len    nan  fell    0  err_xy 0.029  std 0.263  lr 1.0e-04  fps   8836    61.0s
it 11226/15000  reward     nan  ep_len    nan  fell    0  err_xy 0.027  std 0.263  lr 1.0e-04  fps   8873    61.3s
it 11227/15000  reward     nan  ep_len    nan  fell    0  err_xy 0.021  std 0.263  lr 1.0e-04  fps   8877    61.5s
it 11228/15000  reward     nan  ep_len    nan  fell    0  err_xy 0.018  std 0.263  lr 1.0e-04  fps   8809    61.8s
it 11229/15000  reward     nan  ep_len    nan  fell    0  err_xy 0.018  std 0.263  lr 1.0e-04  fps   8821    62.1s
it 11230/15000  reward     nan  ep_len    nan  fell    0  err_xy 0.014  std 0.263  lr 1.0e-04  fps   8632    62.3s
it 11231/15000  reward     nan  ep_len    nan  fell    0  err_xy 0.014  std 0.263  lr 1.0e-04  fps   8512    62.6s
it 11232/15000  reward     nan  ep_len    nan  fell    0  err_xy 0.016  std 0.263  lr 1.0e-04  fps   8817    62.9s
it 11233/15000  reward     nan  ep_len    nan  fell    0  err_xy 0.017  std 0.263  lr 1.0e-04  fps   8991    63.1s
it 11234/15000  reward   60.50  ep_len  400.0  fell    0  err_xy 0.213  std 0.263  lr 1.0e-04  fps   7425    63.4s
it 11235/15000  reward     nan  ep_len    nan  fell    0  err_xy 0.199  std 0.263  lr 1.0e-04  fps   9735    63.7s
it 11236/15000  reward     nan  ep_len    nan  fell    0  err_xy 0.134  std 0.263  lr 1.0e-04  fps   9471    63.9s
it 11237/15000  reward     nan  ep_len    nan  fell    0  err_xy 0.097  std 0.263  lr 1.0e-04  fps   9275    64.2s
it 11238/15000  reward     nan  ep_len    nan  fell    0  err_xy 0.077  std 0.263  lr 1.0e-04  fps   8958    64.4s
it 11239/15000  reward     nan  ep_len    nan  fell    0  err_xy 0.064  std 0.263  lr 1.0e-04  fps   8616    64.7s
it 11240/15000  reward     nan  ep_len    nan  fell    0  err_xy 0.047  std 0.263  lr 1.0e-04  fps   8061    65.0s
it 11241/15000  reward     nan  ep_len    nan  fell    0  err_xy 0.038  std 0.263  lr 1.0e-04  fps   8682    65.2s
it 11242/15000  reward     nan  ep_len    nan  fell    0  err_xy 0.019  std 0.263  lr 1.0e-04  fps   8722    65.5s
it 11243/15000  reward     nan  ep_len    nan  fell    0  err_xy 0.014  std 0.263  lr 1.0e-04  fps   8641    65.8s
it 11244/15000  reward     nan  ep_len    nan  fell    0  err_xy 0.013  std 0.263  lr 1.0e-04  fps   8820    66.0s
it 11245/15000  reward     nan  ep_len    nan  fell    0  err_xy 0.013  std 0.263  lr 1.0e-04  fps   8762    66.3s
it 11246/15000  reward     nan  ep_len    nan  fell    0  err_xy 0.013  std 0.262  lr 1.0e-04  fps   8760    66.6s
it 11247/15000  reward     nan  ep_len    nan  fell    0  err_xy 0.013  std 0.262  lr 1.0e-04  fps   8855    66.8s
it 11248/15000  reward     nan  ep_len    nan  fell    0  err_xy 0.013  std 0.262  lr 1.0e-04  fps   8906    67.1s
it 11249/15000  reward     nan  ep_len    nan  fell    0  err_xy 0.013  std 0.262  lr 1.0e-04  fps   9004    67.3s
it 11250/15000  reward   62.44  ep_len  400.0  fell    0  err_xy 0.013  std 0.262  lr 1.0e-04  fps   7187    67.6s
it 11251/15000  reward     nan  ep_len    nan  fell    0  err_xy 0.292  std 0.262  lr 1.0e-04  fps   9963    67.9s
it 11252/15000  reward     nan  ep_len    nan  fell    0  err_xy 0.138  std 0.262  lr 1.0e-04  fps   9750    68.1s
it 11253/15000  reward     nan  ep_len    nan  fell    0  err_xy 0.120  std 0.262  lr 1.0e-04  fps   9544    68.4s
it 11254/15000  reward     nan  ep_len    nan  fell    0  err_xy 0.093  std 0.262  lr 1.0e-04  fps   9137    68.6s
it 11255/15000  reward     nan  ep_len    nan  fell    0  err_xy 0.072  std 0.262  lr 1.0e-04  fps   9087    68.9s
it 11256/15000  reward     nan  ep_len    nan  fell    0  err_xy 0.041  std 0.262  lr 1.0e-04  fps   8929    69.1s
it 11257/15000  reward     nan  ep_len    nan  fell    0  err_xy 0.038  std 0.262  lr 1.0e-04  fps   8854    69.4s
it 11258/15000  reward     nan  ep_len    nan  fell    0  err_xy 0.028  std 0.263  lr 1.0e-04  fps   8847    69.6s
it 11259/15000  reward     nan  ep_len    nan  fell    0  err_xy 0.024  std 0.263  lr 1.0e-04  fps   8848    69.9s
it 11260/15000  reward     nan  ep_len    nan  fell    0  err_xy 0.016  std 0.262  lr 1.0e-04  fps   8758    70.2s
it 11261/15000  reward     nan  ep_len    nan  fell    0  err_xy 0.013  std 0.262  lr 1.0e-04  fps   8772    70.4s
it 11262/15000  reward     nan  ep_len    nan  fell    0  err_xy 0.011  std 0.262  lr 1.0e-04  fps   8831    70.7s
it 11263/15000  reward     nan  ep_len    nan  fell    0  err_xy 0.011  std 0.262  lr 1.0e-04  fps   8835    71.0s
it 11264/15000  reward     nan  ep_len    nan  fell    0  err_xy 0.012  std 0.262  lr 1.0e-04  fps   8858    71.2s
it 11265/15000  reward     nan  ep_len    nan  fell    0  err_xy 0.012  std 0.262  lr 1.0e-04  fps   8801    71.5s
it 11266/15000  reward     nan  ep_len    nan  fell    0  err_xy 0.012  std 0.262  lr 1.0e-04  fps   8824    71.7s
it 11267/15000  reward   57.77  ep_len  400.0  fell    0  err_xy 0.108  std 0.262  lr 1.0e-04  fps   7288    72.1s
it 11268/15000  reward     nan  ep_len    nan  fell    0  err_xy 0.275  std 0.262  lr 1.0e-04  fps   9864    72.3s
it 11269/15000  reward     nan  ep_len    nan  fell    0  err_xy 0.132  std 0.262  lr 1.0e-04  fps   9627    72.5s
it 11270/15000  reward     nan  ep_len    nan  fell    0  err_xy 0.097  std 0.262  lr 1.0e-04  fps   9348    72.8s
it 11271/15000  reward     nan  ep_len    nan  fell    0  err_xy 0.077  std 0.262  lr 1.0e-04  fps   9164    73.0s
it 11272/15000  reward     nan  ep_len    nan  fell    0  err_xy 0.063  std 0.262  lr 1.0e-04  fps   9002    73.3s
it 11273/15000  reward     nan  ep_len    nan  fell    0  err_xy 0.047  std 0.262  lr 1.0e-04  fps   8828    73.5s
it 11274/15000  reward     nan  ep_len    nan  fell    0  err_xy 0.032  std 0.262  lr 1.0e-04  fps   8900    73.8s
it 11275/15000  reward     nan  ep_len    nan  fell    0  err_xy 0.021  std 0.262  lr 1.0e-04  fps   8848    74.1s
it 11276/15000  reward     nan  ep_len    nan  fell    0  err_xy 0.018  std 0.262  lr 1.0e-04  fps   8750    74.3s
it 11277/15000  reward     nan  ep_len    nan  fell    0  err_xy 0.016  std 0.262  lr 1.0e-04  fps   8807    74.6s
it 11278/15000  reward     nan  ep_len    nan  fell    0  err_xy 0.011  std 0.262  lr 1.0e-04  fps   8777    74.9s
it 11279/15000  reward     nan  ep_len    nan  fell    0  err_xy 0.010  std 0.262  lr 1.0e-04  fps   8890    75.1s
it 11280/15000  reward     nan  ep_len    nan  fell    0  err_xy 0.011  std 0.262  lr 1.0e-04  fps   8930    75.4s
it 11281/15000  reward     nan  ep_len    nan  fell    0  err_xy 0.012  std 0.262  lr 1.0e-04  fps   8939    75.6s
it 11282/15000  reward     nan  ep_len    nan  fell    0  err_xy 0.016  std 0.262  lr 1.0e-04  fps   8940    75.9s
it 11283/15000  reward     nan  ep_len    nan  fell    0  err_xy 0.015  std 0.262  lr 1.0e-04  fps   9081    76.1s
it 11284/15000  reward   53.77  ep_len  400.0  fell    0  err_xy 0.205  std 0.262  lr 1.0e-04  fps   7348    76.5s
it 11285/15000  reward     nan  ep_len    nan  fell    0  err_xy 0.192  std 0.262  lr 1.0e-04  fps   9767    76.7s
it 11286/15000  reward     nan  ep_len    nan  fell    0  err_xy 0.102  std 0.262  lr 1.0e-04  fps   9610    76.9s
it 11287/15000  reward     nan  ep_len    nan  fell    0  err_xy 0.081  std 0.262  lr 1.0e-04  fps   9356    77.2s
it 11288/15000  reward     nan  ep_len    nan  fell    0  err_xy 0.084  std 0.262  lr 1.0e-04  fps   9201    77.4s
it 11289/15000  reward     nan  ep_len    nan  fell    0  err_xy 0.065  std 0.262  lr 1.0e-04  fps   8997    77.7s
it 11290/15000  reward     nan  ep_len    nan  fell    0  err_xy 0.044  std 0.262  lr 1.0e-04  fps   8941    77.9s
it 11291/15000  reward     nan  ep_len    nan  fell    0  err_xy 0.037  std 0.262  lr 1.0e-04  fps   8854    78.2s
it 11292/15000  reward     nan  ep_len    nan  fell    0  err_xy 0.036  std 0.262  lr 1.0e-04  fps   8793    78.5s
it 11293/15000  reward     nan  ep_len    nan  fell    0  err_xy 0.024  std 0.262  lr 1.0e-04  fps   8805    78.7s
it 11294/15000  reward     nan  ep_len    nan  fell    0  err_xy 0.018  std 0.262  lr 1.0e-04  fps   8851    79.0s
it 11295/15000  reward     nan  ep_len    nan  fell    0  err_xy 0.013  std 0.262  lr 1.0e-04  fps   8848    79.2s
it 11296/15000  reward     nan  ep_len    nan  fell    0  err_xy 0.012  std 0.262  lr 1.0e-04  fps   8841    79.5s
it 11297/15000  reward     nan  ep_len    nan  fell    0  err_xy 0.010  std 0.262  lr 1.0e-04  fps   8901    79.8s
it 11298/15000  reward     nan  ep_len    nan  fell    0  err_xy 0.010  std 0.262  lr 1.0e-04  fps   8627    80.0s
it 11299/15000  reward     nan  ep_len    nan  fell    0  err_xy 0.010  std 0.262  lr 1.0e-04  fps   8322    80.3s
it 11300/15000  reward   52.87  ep_len  400.0  fell    0  err_xy 0.010  std 0.262  lr 1.0e-04  fps   6652    80.7s
it 11301/15000  reward     nan  ep_len    nan  fell    0  err_xy 0.293  std 0.262  lr 1.0e-04  fps   9875    80.9s
it 11302/15000  reward     nan  ep_len    nan  fell    0  err_xy 0.154  std 0.262  lr 1.0e-04  fps   9725    81.1s
it 11303/15000  reward     nan  ep_len    nan  fell    0  err_xy 0.124  std 0.262  lr 1.0e-04  fps   9460    81.4s
it 11304/15000  reward     nan  ep_len    nan  fell    0  err_xy 0.094  std 0.262  lr 1.0e-04  fps   9092    81.6s
it 11305/15000  reward     nan  ep_len    nan  fell    0  err_xy 0.082  std 0.262  lr 1.0e-04  fps   8907    81.9s
it 11306/15000  reward     nan  ep_len    nan  fell    0  err_xy 0.054  std 0.262  lr 1.0e-04  fps   8638    82.2s
it 11307/15000  reward     nan  ep_len    nan  fell    0  err_xy 0.033  std 0.262  lr 1.0e-04  fps   8670    82.4s
it 11308/15000  reward     nan  ep_len    nan  fell    0  err_xy 0.027  std 0.262  lr 1.0e-04  fps   8652    82.7s
it 11309/15000  reward     nan  ep_len    nan  fell    0  err_xy 0.022  std 0.262  lr 1.0e-04  fps   8606    83.0s
it 11310/15000  reward     nan  ep_len    nan  fell    0  err_xy 0.016  std 0.262  lr 1.0e-04  fps   8646    83.2s
it 11311/15000  reward     nan  ep_len    nan  fell    0  err_xy 0.014  std 0.262  lr 1.0e-04  fps   8505    83.5s
it 11312/15000  reward     nan  ep_len    nan  fell    0  err_xy 0.013  std 0.262  lr 1.0e-04  fps   8598    83.8s
it 11313/15000  reward     nan  ep_len    nan  fell    0  err_xy 0.014  std 0.262  lr 1.0e-04  fps   8685    84.0s
it 11314/15000  reward     nan  ep_len    nan  fell    0  err_xy 0.012  std 0.262  lr 1.0e-04  fps   8564    84.3s
it 11315/15000  reward     nan  ep_len    nan  fell    0  err_xy 0.010  std 0.262  lr 1.0e-04  fps   8610    84.6s
it 11316/15000  reward     nan  ep_len    nan  fell    0  err_xy 0.011  std 0.261  lr 1.0e-04  fps   8723    84.8s
it 11317/15000  reward   60.25  ep_len  400.0  fell    0  err_xy 0.090  std 0.261  lr 1.0e-04  fps   7180    85.1s
it 11318/15000  reward     nan  ep_len    nan  fell    0  err_xy 0.269  std 0.261  lr 1.0e-04  fps   9919    85.4s
it 11319/15000  reward     nan  ep_len    nan  fell    0  err_xy 0.141  std 0.261  lr 1.0e-04  fps   9704    85.6s
it 11320/15000  reward     nan  ep_len    nan  fell    0  err_xy 0.117  std 0.261  lr 1.0e-04  fps   9420    85.9s
it 11321/15000  reward     nan  ep_len    nan  fell    0  err_xy 0.097  std 0.261  lr 1.0e-04  fps   9052    86.1s
it 11322/15000  reward     nan  ep_len    nan  fell    0  err_xy 0.078  std 0.262  lr 1.0e-04  fps   8813    86.4s
it 11323/15000  reward     nan  ep_len    nan  fell    0  err_xy 0.047  std 0.262  lr 1.0e-04  fps   8721    86.6s
it 11324/15000  reward     nan  ep_len    nan  fell    0  err_xy 0.038  std 0.262  lr 1.0e-04  fps   8613    86.9s
it 11325/15000  reward     nan  ep_len    nan  fell    0  err_xy 0.027  std 0.262  lr 1.0e-04  fps   8543    87.2s
it 11326/15000  reward     nan  ep_len    nan  fell    0  err_xy 0.020  std 0.262  lr 1.0e-04  fps   8615    87.4s
it 11327/15000  reward     nan  ep_len    nan  fell    0  err_xy 0.021  std 0.262  lr 1.0e-04  fps   8608    87.7s
it 11328/15000  reward     nan  ep_len    nan  fell    0  err_xy 0.017  std 0.262  lr 1.0e-04  fps   8570    88.0s
it 11329/15000  reward     nan  ep_len    nan  fell    0  err_xy 0.021  std 0.262  lr 1.0e-04  fps   8601    88.3s
it 11330/15000  reward     nan  ep_len    nan  fell    0  err_xy 0.019  std 0.262  lr 1.0e-04  fps   8603    88.5s
it 11331/15000  reward     nan  ep_len    nan  fell    0  err_xy 0.014  std 0.262  lr 1.0e-04  fps   8417    88.8s
it 11332/15000  reward     nan  ep_len    nan  fell    0  err_xy 0.012  std 0.262  lr 1.0e-04  fps   8633    89.1s
it 11333/15000  reward     nan  ep_len    nan  fell    0  err_xy 0.012  std 0.261  lr 1.0e-04  fps   8605    89.3s
it 11334/15000  reward   66.08  ep_len  400.0  fell    0  err_xy 0.208  std 0.261  lr 1.0e-04  fps   7327    89.6s
it 11335/15000  reward     nan  ep_len    nan  fell    0  err_xy 0.204  std 0.261  lr 1.0e-04  fps   9857    89.9s
it 11336/15000  reward     nan  ep_len    nan  fell    0  err_xy 0.147  std 0.261  lr 1.0e-04  fps   9564    90.1s
it 11337/15000  reward     nan  ep_len    nan  fell    0  err_xy 0.105  std 0.261  lr 1.0e-04  fps   9180    90.4s
it 11338/15000  reward     nan  ep_len    nan  fell    0  err_xy 0.087  std 0.261  lr 1.0e-04  fps   8884    90.6s
it 11339/15000  reward     nan  ep_len    nan  fell    0  err_xy 0.061  std 0.261  lr 1.0e-04  fps   8552    90.9s
it 11340/15000  reward     nan  ep_len    nan  fell    0  err_xy 0.035  std 0.261  lr 1.0e-04  fps   8501    91.2s
it 11341/15000  reward     nan  ep_len    nan  fell    0  err_xy 0.028  std 0.261  lr 1.0e-04  fps   8293    91.5s
it 11342/15000  reward     nan  ep_len    nan  fell    0  err_xy 0.020  std 0.262  lr 1.0e-04  fps   8504    91.7s
it 11343/15000  reward     nan  ep_len    nan  fell    0  err_xy 0.014  std 0.261  lr 1.0e-04  fps   8667    92.0s
it 11344/15000  reward     nan  ep_len    nan  fell    0  err_xy 0.015  std 0.262  lr 1.0e-04  fps   8683    92.3s
it 11345/15000  reward     nan  ep_len    nan  fell    0  err_xy 0.015  std 0.262  lr 1.0e-04  fps   8641    92.5s
it 11346/15000  reward     nan  ep_len    nan  fell    0  err_xy 0.015  std 0.262  lr 1.0e-04  fps   8620    92.8s
it 11347/15000  reward     nan  ep_len    nan  fell    0  err_xy 0.013  std 0.262  lr 1.0e-04  fps   8239    93.1s
it 11348/15000  reward     nan  ep_len    nan  fell    0  err_xy 0.015  std 0.262  lr 1.0e-04  fps   8549    93.3s
it 11349/15000  reward     nan  ep_len    nan  fell    0  err_xy 0.015  std 0.261  lr 1.0e-04  fps   8084    93.6s
it 11350/15000  reward   66.87  ep_len  400.0  fell    0  err_xy 0.013  std 0.261  lr 1.0e-04  fps   6967    94.0s
it 11351/15000  reward     nan  ep_len    nan  fell    0  err_xy 0.296  std 0.261  lr 1.0e-04  fps   9904    94.2s
it 11352/15000  reward     nan  ep_len    nan  fell    0  err_xy 0.161  std 0.261  lr 1.0e-04  fps   8870    94.4s
it 11353/15000  reward     nan  ep_len    nan  fell    0  err_xy 0.154  std 0.261  lr 1.0e-04  fps   9360    94.7s
it 11354/15000  reward     nan  ep_len    nan  fell    0  err_xy 0.109  std 0.262  lr 1.0e-04  fps   9128    94.9s
it 11355/15000  reward     nan  ep_len    nan  fell    0  err_xy 0.077  std 0.262  lr 1.0e-04  fps   8899    95.2s
it 11356/15000  reward     nan  ep_len    nan  fell    0  err_xy 0.065  std 0.262  lr 1.0e-04  fps   8736    95.5s
it 11357/15000  reward     nan  ep_len    nan  fell    0  err_xy 0.043  std 0.262  lr 1.0e-04  fps   8820    95.7s
it 11358/15000  reward     nan  ep_len    nan  fell    0  err_xy 0.032  std 0.262  lr 1.0e-04  fps   8701    96.0s
it 11359/15000  reward     nan  ep_len    nan  fell    0  err_xy 0.033  std 0.262  lr 1.0e-04  fps   8741    96.3s
it 11360/15000  reward     nan  ep_len    nan  fell    0  err_xy 0.023  std 0.262  lr 1.0e-04  fps   8779    96.5s
it 11361/15000  reward     nan  ep_len    nan  fell    0  err_xy 0.017  std 0.262  lr 1.0e-04  fps   8679    96.8s
it 11362/15000  reward     nan  ep_len    nan  fell    0  err_xy 0.014  std 0.262  lr 1.0e-04  fps   8768    97.1s
it 11363/15000  reward     nan  ep_len    nan  fell    0  err_xy 0.012  std 0.262  lr 1.0e-04  fps   8680    97.3s
it 11364/15000  reward     nan  ep_len    nan  fell    0  err_xy 0.012  std 0.262  lr 1.0e-04  fps   8735    97.6s
it 11365/15000  reward     nan  ep_len    nan  fell    0  err_xy 0.013  std 0.262  lr 1.0e-04  fps   8710    97.8s
it 11366/15000  reward     nan  ep_len    nan  fell    0  err_xy 0.012  std 0.261  lr 1.0e-04  fps   8786    98.1s
it 11367/15000  reward   58.68  ep_len  400.0  fell    0  err_xy 0.091  std 0.261  lr 1.0e-04  fps   7174    98.4s
it 11368/15000  reward     nan  ep_len    nan  fell    0  err_xy 0.254  std 0.261  lr 1.0e-04  fps  10059    98.7s
it 11369/15000  reward     nan  ep_len    nan  fell    0  err_xy 0.130  std 0.261  lr 1.0e-04  fps   9693    98.9s
it 11370/15000  reward     nan  ep_len    nan  fell    0  err_xy 0.106  std 0.261  lr 1.0e-04  fps   9311    99.1s
it 11371/15000  reward     nan  ep_len    nan  fell    0  err_xy 0.066  std 0.261  lr 1.0e-04  fps   9028    99.4s
it 11372/15000  reward     nan  ep_len    nan  fell    0  err_xy 0.050  std 0.262  lr 1.0e-04  fps   8912    99.7s
it 11373/15000  reward     nan  ep_len    nan  fell    0  err_xy 0.037  std 0.262  lr 1.0e-04  fps   8821    99.9s
it 11374/15000  reward     nan  ep_len    nan  fell    0  err_xy 0.030  std 0.262  lr 1.0e-04  fps   8798   100.2s
it 11375/15000  reward     nan  ep_len    nan  fell    0  err_xy 0.020  std 0.262  lr 1.0e-04  fps   8692   100.5s
it 11376/15000  reward     nan  ep_len    nan  fell    0  err_xy 0.018  std 0.262  lr 1.0e-04  fps   8736   100.7s
it 11377/15000  reward     nan  ep_len    nan  fell    0  err_xy 0.017  std 0.262  lr 1.0e-04  fps   8703   101.0s
it 11378/15000  reward     nan  ep_len    nan  fell    0  err_xy 0.017  std 0.262  lr 1.0e-04  fps   8702   101.2s
it 11379/15000  reward     nan  ep_len    nan  fell    0  err_xy 0.015  std 0.262  lr 1.0e-04  fps   8799   101.5s
it 11380/15000  reward     nan  ep_len    nan  fell    0  err_xy 0.014  std 0.262  lr 1.0e-04  fps   8691   101.8s
it 11381/15000  reward     nan  ep_len    nan  fell    0  err_xy 0.013  std 0.261  lr 1.0e-04  fps   8761   102.0s
it 11382/15000  reward     nan  ep_len    nan  fell    0  err_xy 0.013  std 0.261  lr 1.0e-04  fps   8650   102.3s
it 11383/15000  reward     nan  ep_len    nan  fell    0  err_xy 0.011  std 0.261  lr 1.0e-04  fps   8822   102.6s
it 11384/15000  reward   54.83  ep_len  400.0  fell    0  err_xy 0.189  std 0.261  lr 1.0e-04  fps   7445   102.9s
it 11385/15000  reward     nan  ep_len    nan  fell    0  err_xy 0.171  std 0.261  lr 1.0e-04  fps   9779   103.1s
it 11386/15000  reward     nan  ep_len    nan  fell    0  err_xy 0.117  std 0.261  lr 1.0e-04  fps   9611   103.4s
it 11387/15000  reward     nan  ep_len    nan  fell    0  err_xy 0.090  std 0.261  lr 1.0e-04  fps   9330   103.6s
it 11388/15000  reward     nan  ep_len    nan  fell    0  err_xy 0.065  std 0.261  lr 1.0e-04  fps   8938   103.9s
it 11389/15000  reward     nan  ep_len    nan  fell    0  err_xy 0.055  std 0.262  lr 1.0e-04  fps   8855   104.1s
it 11390/15000  reward     nan  ep_len    nan  fell    0  err_xy 0.039  std 0.262  lr 1.0e-04  fps   8807   104.4s
it 11391/15000  reward     nan  ep_len    nan  fell    0  err_xy 0.035  std 0.262  lr 1.0e-04  fps   8687   104.6s
it 11392/15000  reward     nan  ep_len    nan  fell    0  err_xy 0.027  std 0.262  lr 1.0e-04  fps   8757   104.9s
it 11393/15000  reward     nan  ep_len    nan  fell    0  err_xy 0.020  std 0.262  lr 1.0e-04  fps   8817   105.2s
it 11394/15000  reward     nan  ep_len    nan  fell    0  err_xy 0.013  std 0.262  lr 1.0e-04  fps   8400   105.4s
it 11395/15000  reward     nan  ep_len    nan  fell    0  err_xy 0.012  std 0.261  lr 1.0e-04  fps   7624   105.7s
it 11396/15000  reward     nan  ep_len    nan  fell    0  err_xy 0.011  std 0.261  lr 1.0e-04  fps   8773   106.0s
it 11397/15000  reward     nan  ep_len    nan  fell    0  err_xy 0.012  std 0.261  lr 1.0e-04  fps   8865   106.3s
it 11398/15000  reward     nan  ep_len    nan  fell    0  err_xy 0.012  std 0.261  lr 1.0e-04  fps   8879   106.5s
it 11399/15000  reward     nan  ep_len    nan  fell    0  err_xy 0.012  std 0.261  lr 1.0e-04  fps   8870   106.8s
it 11400/15000  reward   54.64  ep_len  400.0  fell    0  err_xy 0.011  std 0.261  lr 1.0e-04  fps   6160   107.2s
eval iteration 11400:
  prone          success   0.0%  time 8.00s  peak_τ 0.89 Nm  return -5.19
  supine         success 100.0%  time 1.24s  peak_τ 0.91 Nm  return 37.78
  score 0.500
it 11401/15000  reward     nan  ep_len    nan  fell    0  err_xy 0.275  std 0.261  lr 1.0e-04  fps   9543   108.9s
it 11402/15000  reward     nan  ep_len    nan  fell    0  err_xy 0.138  std 0.261  lr 1.0e-04  fps   9380   109.1s
it 11403/15000  reward     nan  ep_len    nan  fell    0  err_xy 0.128  std 0.261  lr 1.0e-04  fps   9259   109.4s
it 11404/15000  reward     nan  ep_len    nan  fell    0  err_xy 0.071  std 0.261  lr 1.0e-04  fps   9254   109.6s
it 11405/15000  reward     nan  ep_len    nan  fell    0  err_xy 0.061  std 0.261  lr 1.0e-04  fps   9035   109.9s
it 11406/15000  reward     nan  ep_len    nan  fell    0  err_xy 0.052  std 0.261  lr 1.0e-04  fps   8825   110.1s
it 11407/15000  reward     nan  ep_len    nan  fell    0  err_xy 0.047  std 0.261  lr 1.0e-04  fps   8723   110.4s
it 11408/15000  reward     nan  ep_len    nan  fell    0  err_xy 0.035  std 0.261  lr 1.0e-04  fps   8664   110.7s
it 11409/15000  reward     nan  ep_len    nan  fell    0  err_xy 0.021  std 0.261  lr 1.0e-04  fps   8674   110.9s
it 11410/15000  reward     nan  ep_len    nan  fell    0  err_xy 0.019  std 0.261  lr 1.0e-04  fps   8674   111.2s
it 11411/15000  reward     nan  ep_len    nan  fell    0  err_xy 0.014  std 0.261  lr 1.0e-04  fps   8684   111.5s
it 11412/15000  reward     nan  ep_len    nan  fell    0  err_xy 0.014  std 0.261  lr 1.0e-04  fps   8777   111.7s
it 11413/15000  reward     nan  ep_len    nan  fell    0  err_xy 0.012  std 0.261  lr 1.0e-04  fps   8671   112.0s
it 11414/15000  reward     nan  ep_len    nan  fell    0  err_xy 0.012  std 0.261  lr 1.0e-04  fps   8647   112.3s
it 11415/15000  reward     nan  ep_len    nan  fell    0  err_xy 0.011  std 0.261  lr 1.0e-04  fps   8763   112.5s
it 11416/15000  reward     nan  ep_len    nan  fell    0  err_xy 0.011  std 0.260  lr 1.0e-04  fps   8602   112.8s
it 11417/15000  reward   59.96  ep_len  400.0  fell    0  err_xy 0.097  std 0.260  lr 1.0e-04  fps   7024   113.1s
it 11418/15000  reward     nan  ep_len    nan  fell    0  err_xy 0.256  std 0.260  lr 1.0e-04  fps   9663   113.4s
it 11419/15000  reward     nan  ep_len    nan  fell    0  err_xy 0.124  std 0.260  lr 1.0e-04  fps   9529   113.6s
it 11420/15000  reward     nan  ep_len    nan  fell    0  err_xy 0.100  std 0.261  lr 1.0e-04  fps   9260   113.9s
it 11421/15000  reward     nan  ep_len    nan  fell    0  err_xy 0.063  std 0.261  lr 1.0e-04  fps   8715   114.1s
it 11422/15000  reward     nan  ep_len    nan  fell    0  err_xy 0.043  std 0.261  lr 1.0e-04  fps   8651   114.4s
it 11423/15000  reward     nan  ep_len    nan  fell    0  err_xy 0.034  std 0.261  lr 1.0e-04  fps   8678   114.7s
it 11424/15000  reward     nan  ep_len    nan  fell    0  err_xy 0.025  std 0.261  lr 1.0e-04  fps   8453   114.9s
it 11425/15000  reward     nan  ep_len    nan  fell    0  err_xy 0.017  std 0.261  lr 1.0e-04  fps   8380   115.2s
it 11426/15000  reward     nan  ep_len    nan  fell    0  err_xy 0.013  std 0.261  lr 1.0e-04  fps   8553   115.5s
it 11427/15000  reward     nan  ep_len    nan  fell    0  err_xy 0.011  std 0.260  lr 1.0e-04  fps   8622   115.7s
it 11428/15000  reward     nan  ep_len    nan  fell    0  err_xy 0.011  std 0.260  lr 1.0e-04  fps   8611   116.0s
it 11429/15000  reward     nan  ep_len    nan  fell    0  err_xy 0.011  std 0.260  lr 1.0e-04  fps   8764   116.3s
it 11430/15000  reward     nan  ep_len    nan  fell    0  err_xy 0.012  std 0.260  lr 1.0e-04  fps   8805   116.5s
it 11431/15000  reward     nan  ep_len    nan  fell    0  err_xy 0.012  std 0.260  lr 1.0e-04  fps   8774   116.8s
it 11432/15000  reward     nan  ep_len    nan  fell    0  err_xy 0.012  std 0.260  lr 1.0e-04  fps   8807   117.1s
it 11433/15000  reward     nan  ep_len    nan  fell    0  err_xy 0.011  std 0.260  lr 1.0e-04  fps   8896   117.3s
it 11434/15000  reward   60.22  ep_len  400.0  fell    0  err_xy 0.197  std 0.260  lr 1.0e-04  fps   7476   117.6s
it 11435/15000  reward     nan  ep_len    nan  fell    0  err_xy 0.181  std 0.260  lr 1.0e-04  fps   9794   117.9s
it 11436/15000  reward     nan  ep_len    nan  fell    0  err_xy 0.137  std 0.260  lr 1.0e-04  fps   9599   118.1s
it 11437/15000  reward     nan  ep_len    nan  fell    0  err_xy 0.080  std 0.260  lr 1.0e-04  fps   9165   118.4s
it 11438/15000  reward     nan  ep_len    nan  fell    0  err_xy 0.058  std 0.260  lr 1.0e-04  fps   8907   118.6s
it 11439/15000  reward     nan  ep_len    nan  fell    0  err_xy 0.049  std 0.260  lr 1.0e-04  fps   8831   118.9s
it 11440/15000  reward     nan  ep_len    nan  fell    0  err_xy 0.038  std 0.260  lr 1.0e-04  fps   8823   119.1s
it 11441/15000  reward     nan  ep_len    nan  fell    0  err_xy 0.027  std 0.260  lr 1.0e-04  fps   7857   119.4s
it 11442/15000  reward     nan  ep_len    nan  fell    0  err_xy 0.024  std 0.260  lr 1.0e-04  fps   8652   119.7s
it 11443/15000  reward     nan  ep_len    nan  fell    0  err_xy 0.019  std 0.260  lr 1.0e-04  fps   8797   120.0s
it 11444/15000  reward     nan  ep_len    nan  fell    0  err_xy 0.014  std 0.260  lr 1.0e-04  fps   8839   120.2s
it 11445/15000  reward     nan  ep_len    nan  fell    0  err_xy 0.017  std 0.260  lr 1.0e-04  fps   8791   120.5s
it 11446/15000  reward     nan  ep_len    nan  fell    0  err_xy 0.013  std 0.260  lr 1.0e-04  fps   8852   120.7s
it 11447/15000  reward     nan  ep_len    nan  fell    0  err_xy 0.014  std 0.260  lr 1.0e-04  fps   8798   121.0s
it 11448/15000  reward     nan  ep_len    nan  fell    0  err_xy 0.013  std 0.260  lr 1.0e-04  fps   8850   121.3s
it 11449/15000  reward     nan  ep_len    nan  fell    0  err_xy 0.013  std 0.260  lr 1.0e-04  fps   8887   121.5s
it 11450/15000  reward   60.21  ep_len  400.0  fell    0  err_xy 0.012  std 0.259  lr 1.0e-04  fps   7039   121.9s
it 11451/15000  reward     nan  ep_len    nan  fell    0  err_xy 0.300  std 0.259  lr 1.0e-04  fps   9802   122.1s
it 11452/15000  reward     nan  ep_len    nan  fell    0  err_xy 0.157  std 0.259  lr 1.0e-04  fps   9690   122.3s
it 11453/15000  reward     nan  ep_len    nan  fell    0  err_xy 0.123  std 0.259  lr 1.0e-04  fps   9410   122.6s
it 11454/15000  reward     nan  ep_len    nan  fell    0  err_xy 0.069  std 0.259  lr 1.0e-04  fps   9218   122.8s
it 11455/15000  reward     nan  ep_len    nan  fell    0  err_xy 0.056  std 0.259  lr 1.0e-04  fps   9116   123.1s
it 11456/15000  reward     nan  ep_len    nan  fell    0  err_xy 0.044  std 0.260  lr 1.0e-04  fps   8979   123.3s
it 11457/15000  reward     nan  ep_len    nan  fell    0  err_xy 0.029  std 0.260  lr 1.0e-04  fps   8976   123.6s
it 11458/15000  reward     nan  ep_len    nan  fell    0  err_xy 0.023  std 0.260  lr 1.0e-04  fps   8943   123.9s
it 11459/15000  reward     nan  ep_len    nan  fell    0  err_xy 0.021  std 0.260  lr 1.0e-04  fps   8950   124.1s
it 11460/15000  reward     nan  ep_len    nan  fell    0  err_xy 0.018  std 0.260  lr 1.0e-04  fps   8948   124.4s
it 11461/15000  reward     nan  ep_len    nan  fell    0  err_xy 0.014  std 0.260  lr 1.0e-04  fps   8987   124.6s
it 11462/15000  reward     nan  ep_len    nan  fell    0  err_xy 0.011  std 0.259  lr 1.0e-04  fps   8433   124.9s
it 11463/15000  reward     nan  ep_len    nan  fell    0  err_xy 0.011  std 0.259  lr 1.0e-04  fps   8989   125.2s
it 11464/15000  reward     nan  ep_len    nan  fell    0  err_xy 0.011  std 0.259  lr 1.0e-04  fps   8895   125.4s
it 11465/15000  reward     nan  ep_len    nan  fell    0  err_xy 0.011  std 0.259  lr 1.0e-04  fps   8991   125.7s
it 11466/15000  reward     nan  ep_len    nan  fell    0  err_xy 0.016  std 0.259  lr 1.0e-04  fps   8968   125.9s
it 11467/15000  reward   55.72  ep_len  400.0  fell    0  err_xy 0.092  std 0.259  lr 1.0e-04  fps   7281   126.2s
it 11468/15000  reward     nan  ep_len    nan  fell    0  err_xy 0.276  std 0.259  lr 1.0e-04  fps   9885   126.5s
it 11469/15000  reward     nan  ep_len    nan  fell    0  err_xy 0.143  std 0.259  lr 1.0e-04  fps   9620   126.7s
it 11470/15000  reward     nan  ep_len    nan  fell    0  err_xy 0.119  std 0.259  lr 1.0e-04  fps   9342   127.0s
it 11471/15000  reward     nan  ep_len    nan  fell    0  err_xy 0.087  std 0.259  lr 1.0e-04  fps   9188   127.2s
it 11472/15000  reward     nan  ep_len    nan  fell    0  err_xy 0.075  std 0.259  lr 1.0e-04  fps   9104   127.5s
it 11473/15000  reward     nan  ep_len    nan  fell    0  err_xy 0.051  std 0.259  lr 1.0e-04  fps   9019   127.7s
it 11474/15000  reward     nan  ep_len    nan  fell    0  err_xy 0.025  std 0.259  lr 1.0e-04  fps   8872   128.0s
it 11475/15000  reward     nan  ep_len    nan  fell    0  err_xy 0.019  std 0.259  lr 1.0e-04  fps   8817   128.2s
it 11476/15000  reward     nan  ep_len    nan  fell    0  err_xy 0.012  std 0.259  lr 1.0e-04  fps   8754   128.5s
it 11477/15000  reward     nan  ep_len    nan  fell    0  err_xy 0.010  std 0.259  lr 1.0e-04  fps   8755   128.8s
it 11478/15000  reward     nan  ep_len    nan  fell    0  err_xy 0.011  std 0.259  lr 1.0e-04  fps   8823   129.0s
it 11479/15000  reward     nan  ep_len    nan  fell    0  err_xy 0.011  std 0.259  lr 1.0e-04  fps   8860   129.3s
it 11480/15000  reward     nan  ep_len    nan  fell    0  err_xy 0.011  std 0.259  lr 1.0e-04  fps   8852   129.6s
it 11481/15000  reward     nan  ep_len    nan  fell    0  err_xy 0.011  std 0.259  lr 1.0e-04  fps   8861   129.8s
it 11482/15000  reward     nan  ep_len    nan  fell    0  err_xy 0.011  std 0.259  lr 1.0e-04  fps   8945   130.1s
it 11483/15000  reward     nan  ep_len    nan  fell    0  err_xy 0.011  std 0.259  lr 1.0e-04  fps   8866   130.3s
it 11484/15000  reward   60.16  ep_len  400.0  fell    0  err_xy 0.197  std 0.259  lr 1.0e-04  fps   7387   130.6s
it 11485/15000  reward     nan  ep_len    nan  fell    0  err_xy 0.187  std 0.259  lr 1.0e-04  fps   9794   130.9s
it 11486/15000  reward     nan  ep_len    nan  fell    0  err_xy 0.140  std 0.259  lr 1.0e-04  fps   9566   131.1s
it 11487/15000  reward     nan  ep_len    nan  fell    0  err_xy 0.116  std 0.259  lr 1.0e-04  fps   9130   131.4s
it 11488/15000  reward     nan  ep_len    nan  fell    0  err_xy 0.060  std 0.259  lr 1.0e-04  fps   8910   131.6s
it 11489/15000  reward     nan  ep_len    nan  fell    0  err_xy 0.044  std 0.259  lr 1.0e-04  fps   8897   131.9s
it 11490/15000  reward     nan  ep_len    nan  fell    0  err_xy 0.029  std 0.259  lr 1.0e-04  fps   8824   132.2s
it 11491/15000  reward     nan  ep_len    nan  fell    0  err_xy 0.021  std 0.259  lr 1.0e-04  fps   8687   132.4s
it 11492/15000  reward     nan  ep_len    nan  fell    0  err_xy 0.016  std 0.259  lr 1.0e-04  fps   8641   132.7s
it 11493/15000  reward     nan  ep_len    nan  fell    0  err_xy 0.017  std 0.259  lr 1.0e-04  fps   8708   133.0s
it 11494/15000  reward     nan  ep_len    nan  fell    0  err_xy 0.018  std 0.259  lr 1.0e-04  fps   8732   133.2s
it 11495/15000  reward     nan  ep_len    nan  fell    0  err_xy 0.015  std 0.259  lr 1.0e-04  fps   8755   133.5s
it 11496/15000  reward     nan  ep_len    nan  fell    0  err_xy 0.016  std 0.259  lr 1.0e-04  fps   8804   133.7s
it 11497/15000  reward     nan  ep_len    nan  fell    0  err_xy 0.012  std 0.259  lr 1.0e-04  fps   8852   134.0s
it 11498/15000  reward     nan  ep_len    nan  fell    0  err_xy 0.012  std 0.259  lr 1.0e-04  fps   8813   134.3s
it 11499/15000  reward     nan  ep_len    nan  fell    0  err_xy 0.013  std 0.259  lr 1.0e-04  fps   8762   134.5s
it 11500/15000  reward   63.96  ep_len  400.0  fell    0  err_xy 0.012  std 0.259  lr 1.0e-04  fps   6966   134.9s
it 11501/15000  reward     nan  ep_len    nan  fell    0  err_xy 0.289  std 0.259  lr 1.0e-04  fps   9840   135.1s
it 11502/15000  reward     nan  ep_len    nan  fell    0  err_xy 0.162  std 0.259  lr 1.0e-04  fps   9748   135.3s
it 11503/15000  reward     nan  ep_len    nan  fell    0  err_xy 0.155  std 0.259  lr 1.0e-04  fps   9394   135.6s
it 11504/15000  reward     nan  ep_len    nan  fell    0  err_xy 0.081  std 0.259  lr 1.0e-04  fps   9034   135.8s
it 11505/15000  reward     nan  ep_len    nan  fell    0  err_xy 0.069  std 0.259  lr 1.0e-04  fps   8840   136.1s
it 11506/15000  reward     nan  ep_len    nan  fell    0  err_xy 0.057  std 0.259  lr 1.0e-04  fps   8739   136.4s
it 11507/15000  reward     nan  ep_len    nan  fell    0  err_xy 0.045  std 0.259  lr 1.0e-04  fps   8697   136.6s
it 11508/15000  reward     nan  ep_len    nan  fell    0  err_xy 0.029  std 0.259  lr 1.0e-04  fps   8558   136.9s
it 11509/15000  reward     nan  ep_len    nan  fell    0  err_xy 0.027  std 0.259  lr 1.0e-04  fps   8624   137.2s
it 11510/15000  reward     nan  ep_len    nan  fell    0  err_xy 0.021  std 0.259  lr 1.0e-04  fps   8526   137.4s
it 11511/15000  reward     nan  ep_len    nan  fell    0  err_xy 0.015  std 0.259  lr 1.0e-04  fps   8663   137.7s
it 11512/15000  reward     nan  ep_len    nan  fell    0  err_xy 0.017  std 0.259  lr 1.0e-04  fps   8644   138.0s
it 11513/15000  reward     nan  ep_len    nan  fell    0  err_xy 0.019  std 0.259  lr 1.0e-04  fps   8643   138.2s
it 11514/15000  reward     nan  ep_len    nan  fell    0  err_xy 0.016  std 0.259  lr 1.0e-04  fps   8640   138.5s
it 11515/15000  reward     nan  ep_len    nan  fell    0  err_xy 0.016  std 0.259  lr 1.0e-04  fps   8785   138.8s
it 11516/15000  reward     nan  ep_len    nan  fell    0  err_xy 0.015  std 0.259  lr 1.0e-04  fps   8688   139.0s
it 11517/15000  reward   66.28  ep_len  400.0  fell    0  err_xy 0.091  std 0.259  lr 1.0e-04  fps   7167   139.3s
it 11518/15000  reward     nan  ep_len    nan  fell    0  err_xy 0.277  std 0.259  lr 1.0e-04  fps   9846   139.6s
it 11519/15000  reward     nan  ep_len    nan  fell    0  err_xy 0.152  std 0.259  lr 1.0e-04  fps   9670   139.8s
it 11520/15000  reward     nan  ep_len    nan  fell    0  err_xy 0.119  std 0.259  lr 1.0e-04  fps   9324   140.1s
it 11521/15000  reward     nan  ep_len    nan  fell    0  err_xy 0.090  std 0.259  lr 1.0e-04  fps   8898   140.3s
it 11522/15000  reward     nan  ep_len    nan  fell    0  err_xy 0.069  std 0.259  lr 1.0e-04  fps   9063   140.6s
it 11523/15000  reward     nan  ep_len    nan  fell    0  err_xy 0.063  std 0.259  lr 1.0e-04  fps   9040   140.8s
it 11524/15000  reward     nan  ep_len    nan  fell    0  err_xy 0.036  std 0.259  lr 1.0e-04  fps   8873   141.1s
it 11525/15000  reward     nan  ep_len    nan  fell    0  err_xy 0.026  std 0.259  lr 1.0e-04  fps   8841   141.4s
it 11526/15000  reward     nan  ep_len    nan  fell    0  err_xy 0.023  std 0.259  lr 1.0e-04  fps   8803   141.6s
it 11527/15000  reward     nan  ep_len    nan  fell    0  err_xy 0.021  std 0.259  lr 1.0e-04  fps   8794   141.9s
it 11528/15000  reward     nan  ep_len    nan  fell    0  err_xy 0.020  std 0.260  lr 1.0e-04  fps   8694   142.1s
it 11529/15000  reward     nan  ep_len    nan  fell    0  err_xy 0.019  std 0.260  lr 1.0e-04  fps   8753   142.4s
it 11530/15000  reward     nan  ep_len    nan  fell    0  err_xy 0.017  std 0.260  lr 1.0e-04  fps   8777   142.7s
it 11531/15000  reward     nan  ep_len    nan  fell    0  err_xy 0.014  std 0.260  lr 1.0e-04  fps   8830   142.9s
it 11532/15000  reward     nan  ep_len    nan  fell    0  err_xy 0.014  std 0.260  lr 1.0e-04  fps   8798   143.2s
it 11533/15000  reward     nan  ep_len    nan  fell    0  err_xy 0.013  std 0.259  lr 1.0e-04  fps   8786   143.5s
it 11534/15000  reward   56.49  ep_len  400.0  fell    0  err_xy 0.192  std 0.259  lr 1.0e-04  fps   7406   143.8s
it 11535/15000  reward     nan  ep_len    nan  fell    0  err_xy 0.203  std 0.259  lr 1.0e-04  fps   9866   144.0s
it 11536/15000  reward     nan  ep_len    nan  fell    0  err_xy 0.148  std 0.259  lr 1.0e-04  fps   9562   144.2s
it 11537/15000  reward     nan  ep_len    nan  fell    0  err_xy 0.099  std 0.259  lr 1.0e-04  fps   9184   144.5s
it 11538/15000  reward     nan  ep_len    nan  fell    0  err_xy 0.065  std 0.259  lr 1.0e-04  fps   9107   144.7s
it 11539/15000  reward     nan  ep_len    nan  fell    0  err_xy 0.067  std 0.259  lr 1.0e-04  fps   8966   145.0s
it 11540/15000  reward     nan  ep_len    nan  fell    0  err_xy 0.047  std 0.259  lr 1.0e-04  fps   8923   145.3s
it 11541/15000  reward     nan  ep_len    nan  fell    0  err_xy 0.028  std 0.260  lr 1.0e-04  fps   8854   145.5s
it 11542/15000  reward     nan  ep_len    nan  fell    0  err_xy 0.021  std 0.260  lr 1.0e-04  fps   8884   145.8s
it 11543/15000  reward     nan  ep_len    nan  fell    0  err_xy 0.020  std 0.260  lr 1.0e-04  fps   8838   146.0s
it 11544/15000  reward     nan  ep_len    nan  fell    0  err_xy 0.013  std 0.259  lr 1.0e-04  fps   8842   146.3s
it 11545/15000  reward     nan  ep_len    nan  fell    0  err_xy 0.014  std 0.259  lr 1.0e-04  fps   8752   146.6s
it 11546/15000  reward     nan  ep_len    nan  fell    0  err_xy 0.012  std 0.259  lr 1.0e-04  fps   8811   146.8s
it 11547/15000  reward     nan  ep_len    nan  fell    0  err_xy 0.011  std 0.259  lr 1.0e-04  fps   8797   147.1s
it 11548/15000  reward     nan  ep_len    nan  fell    0  err_xy 0.012  std 0.259  lr 1.0e-04  fps   8885   147.4s
it 11549/15000  reward     nan  ep_len    nan  fell    0  err_xy 0.014  std 0.259  lr 1.0e-04  fps   8847   147.6s
it 11550/15000  reward   61.38  ep_len  400.0  fell    0  err_xy 0.016  std 0.259  lr 1.0e-04  fps   6994   147.9s
it 11551/15000  reward     nan  ep_len    nan  fell    0  err_xy 0.281  std 0.259  lr 1.0e-04  fps   9881   148.2s
it 11552/15000  reward     nan  ep_len    nan  fell    0  err_xy 0.176  std 0.259  lr 1.0e-04  fps   9712   148.4s
it 11553/15000  reward     nan  ep_len    nan  fell    0  err_xy 0.133  std 0.259  lr 1.0e-04  fps   9446   148.7s
it 11554/15000  reward     nan  ep_len    nan  fell    0  err_xy 0.085  std 0.259  lr 1.0e-04  fps   9165   148.9s
it 11555/15000  reward     nan  ep_len    nan  fell    0  err_xy 0.055  std 0.259  lr 1.0e-04  fps   8956   149.2s
it 11556/15000  reward     nan  ep_len    nan  fell    0  err_xy 0.036  std 0.259  lr 1.0e-04  fps   8809   149.4s
it 11557/15000  reward     nan  ep_len    nan  fell    0  err_xy 0.033  std 0.259  lr 1.0e-04  fps   8711   149.7s
it 11558/15000  reward     nan  ep_len    nan  fell    0  err_xy 0.022  std 0.259  lr 1.0e-04  fps   8616   150.0s
it 11559/15000  reward     nan  ep_len    nan  fell    0  err_xy 0.020  std 0.259  lr 1.0e-04  fps   8552   150.2s
it 11560/15000  reward     nan  ep_len    nan  fell    0  err_xy 0.018  std 0.259  lr 1.0e-04  fps   8571   150.5s
it 11561/15000  reward     nan  ep_len    nan  fell    0  err_xy 0.014  std 0.259  lr 1.0e-04  fps   8565   150.8s
it 11562/15000  reward     nan  ep_len    nan  fell    0  err_xy 0.012  std 0.259  lr 1.0e-04  fps   8672   151.0s
it 11563/15000  reward     nan  ep_len    nan  fell    0  err_xy 0.011  std 0.259  lr 1.0e-04  fps   8701   151.3s
it 11564/15000  reward     nan  ep_len    nan  fell    0  err_xy 0.011  std 0.259  lr 1.0e-04  fps   8725   151.6s
it 11565/15000  reward     nan  ep_len    nan  fell    0  err_xy 0.012  std 0.259  lr 1.0e-04  fps   8682   151.8s
it 11566/15000  reward     nan  ep_len    nan  fell    0  err_xy 0.012  std 0.259  lr 1.0e-04  fps   8703   152.1s
it 11567/15000  reward   60.07  ep_len  400.0  fell    0  err_xy 0.098  std 0.259  lr 1.0e-04  fps   7063   152.4s
it 11568/15000  reward     nan  ep_len    nan  fell    0  err_xy 0.269  std 0.259  lr 1.0e-04  fps   9840   152.7s
it 11569/15000  reward     nan  ep_len    nan  fell    0  err_xy 0.151  std 0.259  lr 1.0e-04  fps   9585   152.9s
it 11570/15000  reward     nan  ep_len    nan  fell    0  err_xy 0.106  std 0.259  lr 1.0e-04  fps   9297   153.1s
it 11571/15000  reward     nan  ep_len    nan  fell    0  err_xy 0.073  std 0.259  lr 1.0e-04  fps   8876   153.4s
it 11572/15000  reward     nan  ep_len    nan  fell    0  err_xy 0.057  std 0.259  lr 1.0e-04  fps   8908   153.7s
it 11573/15000  reward     nan  ep_len    nan  fell    0  err_xy 0.070  std 0.259  lr 1.0e-04  fps   8845   153.9s
it 11574/15000  reward     nan  ep_len    nan  fell    0  err_xy 0.043  std 0.259  lr 1.0e-04  fps   8656   154.2s
it 11575/15000  reward     nan  ep_len    nan  fell    0  err_xy 0.037  std 0.259  lr 1.0e-04  fps   8692   154.5s
it 11576/15000  reward     nan  ep_len    nan  fell    0  err_xy 0.034  std 0.259  lr 1.0e-04  fps   8712   154.7s
it 11577/15000  reward     nan  ep_len    nan  fell    0  err_xy 0.025  std 0.259  lr 1.0e-04  fps   8716   155.0s
it 11578/15000  reward     nan  ep_len    nan  fell    0  err_xy 0.030  std 0.259  lr 1.0e-04  fps   8737   155.3s
it 11579/15000  reward     nan  ep_len    nan  fell    0  err_xy 0.026  std 0.259  lr 1.0e-04  fps   8864   155.5s
it 11580/15000  reward     nan  ep_len    nan  fell    0  err_xy 0.019  std 0.259  lr 1.0e-04  fps   8819   155.8s
it 11581/15000  reward     nan  ep_len    nan  fell    0  err_xy 0.013  std 0.259  lr 1.0e-04  fps   8817   156.0s
it 11582/15000  reward     nan  ep_len    nan  fell    0  err_xy 0.012  std 0.259  lr 1.0e-04  fps   8792   156.3s
it 11583/15000  reward     nan  ep_len    nan  fell    0  err_xy 0.012  std 0.259  lr 1.0e-04  fps   8944   156.6s
it 11584/15000  reward   58.08  ep_len  400.0  fell    0  err_xy 0.191  std 0.259  lr 1.0e-04  fps   7426   156.9s
it 11585/15000  reward     nan  ep_len    nan  fell    0  err_xy 0.191  std 0.259  lr 1.0e-04  fps   9831   157.1s
it 11586/15000  reward     nan  ep_len    nan  fell    0  err_xy 0.139  std 0.259  lr 1.0e-04  fps   9479   157.3s
it 11587/15000  reward     nan  ep_len    nan  fell    0  err_xy 0.106  std 0.259  lr 1.0e-04  fps   9257   157.6s
it 11588/15000  reward     nan  ep_len    nan  fell    0  err_xy 0.104  std 0.259  lr 1.0e-04  fps   8997   157.9s
it 11589/15000  reward     nan  ep_len    nan  fell    0  err_xy 0.094  std 0.259  lr 1.0e-04  fps   8988   158.1s
it 11590/15000  reward     nan  ep_len    nan  fell    0  err_xy 0.063  std 0.259  lr 1.0e-04  fps   8877   158.4s
it 11591/15000  reward     nan  ep_len    nan  fell    0  err_xy 0.042  std 0.260  lr 1.0e-04  fps   8806   158.6s
it 11592/15000  reward     nan  ep_len    nan  fell    0  err_xy 0.034  std 0.260  lr 1.0e-04  fps   8835   158.9s
it 11593/15000  reward     nan  ep_len    nan  fell    0  err_xy 0.032  std 0.260  lr 1.0e-04  fps   8886   159.1s
it 11594/15000  reward     nan  ep_len    nan  fell    0  err_xy 0.030  std 0.260  lr 1.0e-04  fps   8808   159.4s
it 11595/15000  reward     nan  ep_len    nan  fell    0  err_xy 0.030  std 0.260  lr 1.0e-04  fps   8890   159.7s
it 11596/15000  reward     nan  ep_len    nan  fell    0  err_xy 0.033  std 0.260  lr 1.0e-04  fps   8859   159.9s
it 11597/15000  reward     nan  ep_len    nan  fell    0  err_xy 0.021  std 0.260  lr 1.0e-04  fps   8773   160.2s
it 11598/15000  reward     nan  ep_len    nan  fell    0  err_xy 0.020  std 0.260  lr 1.0e-04  fps   8833   160.5s
it 11599/15000  reward     nan  ep_len    nan  fell    0  err_xy 0.014  std 0.260  lr 1.0e-04  fps   8737   160.7s
it 11600/15000  reward   61.98  ep_len  400.0  fell    0  err_xy 0.017  std 0.259  lr 1.0e-04  fps   7057   161.0s
eval iteration 11600:
  prone          success   0.0%  time 8.00s  peak_τ 0.90 Nm  return -5.88
  supine         success 100.0%  time 1.38s  peak_τ 0.91 Nm  return 38.69
  score 0.500
it 11601/15000  reward     nan  ep_len    nan  fell    0  err_xy 0.256  std 0.259  lr 1.0e-04  fps   9356   162.8s
it 11602/15000  reward     nan  ep_len    nan  fell    0  err_xy 0.148  std 0.259  lr 1.0e-04  fps   9140   163.0s
it 11603/15000  reward     nan  ep_len    nan  fell    0  err_xy 0.114  std 0.259  lr 1.0e-04  fps   9350   163.3s
it 11604/15000  reward     nan  ep_len    nan  fell    0  err_xy 0.092  std 0.260  lr 1.0e-04  fps   9149   163.5s
it 11605/15000  reward     nan  ep_len    nan  fell    0  err_xy 0.086  std 0.260  lr 1.0e-04  fps   8782   163.8s
it 11606/15000  reward     nan  ep_len    nan  fell    0  err_xy 0.054  std 0.260  lr 1.0e-04  fps   8688   164.1s
it 11607/15000  reward     nan  ep_len    nan  fell    0  err_xy 0.042  std 0.260  lr 1.0e-04  fps   8453   164.3s
it 11608/15000  reward     nan  ep_len    nan  fell    0  err_xy 0.035  std 0.260  lr 1.0e-04  fps   8805   164.6s
it 11609/15000  reward     nan  ep_len    nan  fell    0  err_xy 0.030  std 0.260  lr 1.0e-04  fps   8875   164.9s
it 11610/15000  reward     nan  ep_len    nan  fell    0  err_xy 0.026  std 0.260  lr 1.0e-04  fps   8919   165.1s
it 11611/15000  reward     nan  ep_len    nan  fell    0  err_xy 0.017  std 0.260  lr 1.0e-04  fps   8824   165.4s
it 11612/15000  reward     nan  ep_len    nan  fell    0  err_xy 0.014  std 0.260  lr 1.0e-04  fps   8837   165.6s
it 11613/15000  reward     nan  ep_len    nan  fell    0  err_xy 0.012  std 0.260  lr 1.0e-04  fps   8813   165.9s
it 11614/15000  reward     nan  ep_len    nan  fell    0  err_xy 0.011  std 0.260  lr 1.0e-04  fps   8631   166.2s
it 11615/15000  reward     nan  ep_len    nan  fell    0  err_xy 0.011  std 0.260  lr 1.0e-04  fps   8682   166.4s
it 11616/15000  reward     nan  ep_len    nan  fell    0  err_xy 0.010  std 0.259  lr 1.0e-04  fps   8646   166.7s
it 11617/15000  reward   55.63  ep_len  400.0  fell    0  err_xy 0.099  std 0.260  lr 1.0e-04  fps   6972   167.0s
it 11618/15000  reward     nan  ep_len    nan  fell    0  err_xy 0.284  std 0.260  lr 1.0e-04  fps   9696   167.3s
it 11619/15000  reward     nan  ep_len    nan  fell    0  err_xy 0.152  std 0.260  lr 1.0e-04  fps   9618   167.5s
it 11620/15000  reward     nan  ep_len    nan  fell    0  err_xy 0.095  std 0.260  lr 1.0e-04  fps   9317   167.8s
it 11621/15000  reward     nan  ep_len    nan  fell    0  err_xy 0.075  std 0.260  lr 1.0e-04  fps   8849   168.0s
it 11622/15000  reward     nan  ep_len    nan  fell    0  err_xy 0.068  std 0.260  lr 1.0e-04  fps   8601   168.3s
it 11623/15000  reward     nan  ep_len    nan  fell    0  err_xy 0.038  std 0.260  lr 1.0e-04  fps   8670   168.6s
it 11624/15000  reward     nan  ep_len    nan  fell    0  err_xy 0.031  std 0.260  lr 1.0e-04  fps   8695   168.8s
it 11625/15000  reward     nan  ep_len    nan  fell    0  err_xy 0.030  std 0.260  lr 1.0e-04  fps   8734   169.1s
it 11626/15000  reward     nan  ep_len    nan  fell    0  err_xy 0.020  std 0.260  lr 1.0e-04  fps   8834   169.4s
it 11627/15000  reward     nan  ep_len    nan  fell    0  err_xy 0.016  std 0.260  lr 1.0e-04  fps   8879   169.6s
it 11628/15000  reward     nan  ep_len    nan  fell    0  err_xy 0.016  std 0.260  lr 1.0e-04  fps   8756   169.9s
it 11629/15000  reward     nan  ep_len    nan  fell    0  err_xy 0.018  std 0.260  lr 1.0e-04  fps   8679   170.1s
it 11630/15000  reward     nan  ep_len    nan  fell    0  err_xy 0.016  std 0.260  lr 1.0e-04  fps   8602   170.4s
it 11631/15000  reward     nan  ep_len    nan  fell    0  err_xy 0.014  std 0.260  lr 1.0e-04  fps   8622   170.7s
it 11632/15000  reward     nan  ep_len    nan  fell    0  err_xy 0.014  std 0.260  lr 1.0e-04  fps   8727   170.9s
it 11633/15000  reward     nan  ep_len    nan  fell    0  err_xy 0.012  std 0.260  lr 1.0e-04  fps   8774   171.2s
it 11634/15000  reward   56.67  ep_len  400.0  fell    0  err_xy 0.210  std 0.260  lr 1.0e-04  fps   7426   171.5s
it 11635/15000  reward     nan  ep_len    nan  fell    0  err_xy 0.209  std 0.260  lr 1.0e-04  fps   9813   171.7s
it 11636/15000  reward     nan  ep_len    nan  fell    0  err_xy 0.144  std 0.260  lr 1.0e-04  fps   9564   172.0s
it 11637/15000  reward     nan  ep_len    nan  fell    0  err_xy 0.099  std 0.260  lr 1.0e-04  fps   9255   172.2s
it 11638/15000  reward     nan  ep_len    nan  fell    0  err_xy 0.094  std 0.260  lr 1.0e-04  fps   9154   172.5s
it 11639/15000  reward     nan  ep_len    nan  fell    0  err_xy 0.075  std 0.260  lr 1.0e-04  fps   9077   172.7s
it 11640/15000  reward     nan  ep_len    nan  fell    0  err_xy 0.059  std 0.260  lr 1.0e-04  fps   8954   173.0s
it 11641/15000  reward     nan  ep_len    nan  fell    0  err_xy 0.044  std 0.260  lr 1.0e-04  fps   8024   173.3s
it 11642/15000  reward     nan  ep_len    nan  fell    0  err_xy 0.038  std 0.260  lr 1.0e-04  fps   8691   173.6s
it 11643/15000  reward     nan  ep_len    nan  fell    0  err_xy 0.026  std 0.260  lr 1.0e-04  fps   8770   173.8s
it 11644/15000  reward     nan  ep_len    nan  fell    0  err_xy 0.030  std 0.260  lr 1.0e-04  fps   8891   174.1s
it 11645/15000  reward     nan  ep_len    nan  fell    0  err_xy 0.026  std 0.260  lr 1.0e-04  fps   8799   174.3s
it 11646/15000  reward     nan  ep_len    nan  fell    0  err_xy 0.018  std 0.260  lr 1.0e-04  fps   8848   174.6s
it 11647/15000  reward     nan  ep_len    nan  fell    0  err_xy 0.022  std 0.260  lr 1.0e-04  fps   8787   174.9s
it 11648/15000  reward     nan  ep_len    nan  fell    0  err_xy 0.019  std 0.260  lr 1.0e-04  fps   8813   175.1s
it 11649/15000  reward     nan  ep_len    nan  fell    0  err_xy 0.016  std 0.260  lr 1.0e-04  fps   8776   175.4s
it 11650/15000  reward   55.07  ep_len  400.0  fell    0  err_xy 0.012  std 0.260  lr 1.0e-04  fps   6918   175.7s
it 11651/15000  reward     nan  ep_len    nan  fell    0  err_xy 0.297  std 0.260  lr 1.0e-04  fps   9903   176.0s
it 11652/15000  reward     nan  ep_len    nan  fell    0  err_xy 0.174  std 0.260  lr 1.0e-04  fps   9730   176.2s
it 11653/15000  reward     nan  ep_len    nan  fell    0  err_xy 0.119  std 0.260  lr 1.0e-04  fps   9334   176.4s
it 11654/15000  reward     nan  ep_len    nan  fell    0  err_xy 0.090  std 0.260  lr 1.0e-04  fps   9102   176.7s
it 11655/15000  reward     nan  ep_len    nan  fell    0  err_xy 0.085  std 0.260  lr 1.0e-04  fps   9014   176.9s
it 11656/15000  reward     nan  ep_len    nan  fell    0  err_xy 0.058  std 0.260  lr 1.0e-04  fps   8934   177.2s
it 11657/15000  reward     nan  ep_len    nan  fell    0  err_xy 0.038  std 0.260  lr 1.0e-04  fps   8763   177.5s
it 11658/15000  reward     nan  ep_len    nan  fell    0  err_xy 0.022  std 0.260  lr 1.0e-04  fps   8677   177.7s
it 11659/15000  reward     nan  ep_len    nan  fell    0  err_xy 0.016  std 0.260  lr 1.0e-04  fps   8729   178.0s
it 11660/15000  reward     nan  ep_len    nan  fell    0  err_xy 0.014  std 0.260  lr 1.0e-04  fps   8647   178.3s
it 11661/15000  reward     nan  ep_len    nan  fell    0  err_xy 0.011  std 0.260  lr 1.0e-04  fps   8659   178.5s
it 11662/15000  reward     nan  ep_len    nan  fell    0  err_xy 0.010  std 0.260  lr 1.0e-04  fps   8559   178.8s
it 11663/15000  reward     nan  ep_len    nan  fell    0  err_xy 0.010  std 0.260  lr 1.0e-04  fps   8689   179.1s
it 11664/15000  reward     nan  ep_len    nan  fell    0  err_xy 0.010  std 0.260  lr 1.0e-04  fps   8764   179.3s
it 11665/15000  reward     nan  ep_len    nan  fell    0  err_xy 0.010  std 0.260  lr 1.0e-04  fps   8769   179.6s
it 11666/15000  reward     nan  ep_len    nan  fell    0  err_xy 0.010  std 0.260  lr 1.0e-04  fps   8689   179.9s
it 11667/15000  reward   57.94  ep_len  400.0  fell    0  err_xy 0.100  std 0.259  lr 1.0e-04  fps   7150   180.2s
it 11668/15000  reward     nan  ep_len    nan  fell    0  err_xy 0.269  std 0.260  lr 1.0e-04  fps   9915   180.4s
it 11669/15000  reward     nan  ep_len    nan  fell    0  err_xy 0.147  std 0.260  lr 1.0e-04  fps   9638   180.7s
it 11670/15000  reward     nan  ep_len    nan  fell    0  err_xy 0.109  std 0.260  lr 1.0e-04  fps   9260   180.9s
it 11671/15000  reward     nan  ep_len    nan  fell    0  err_xy 0.090  std 0.260  lr 1.0e-04  fps   9169   181.2s
it 11672/15000  reward     nan  ep_len    nan  fell    0  err_xy 0.059  std 0.260  lr 1.0e-04  fps   8961   181.4s
it 11673/15000  reward     nan  ep_len    nan  fell    0  err_xy 0.039  std 0.260  lr 1.0e-04  fps   8818   181.7s
it 11674/15000  reward     nan  ep_len    nan  fell    0  err_xy 0.024  std 0.260  lr 1.0e-04  fps   8763   181.9s
it 11675/15000  reward     nan  ep_len    nan  fell    0  err_xy 0.017  std 0.260  lr 1.0e-04  fps   8487   182.2s
it 11676/15000  reward     nan  ep_len    nan  fell    0  err_xy 0.013  std 0.260  lr 1.0e-04  fps   8625   182.5s
it 11677/15000  reward     nan  ep_len    nan  fell    0  err_xy 0.010  std 0.260  lr 1.0e-04  fps   8734   182.7s
it 11678/15000  reward     nan  ep_len    nan  fell    0  err_xy 0.011  std 0.260  lr 1.0e-04  fps   8749   183.0s
it 11679/15000  reward     nan  ep_len    nan  fell    0  err_xy 0.019  std 0.260  lr 1.0e-04  fps   8821   183.3s
it 11680/15000  reward     nan  ep_len    nan  fell    0  err_xy 0.014  std 0.260  lr 1.0e-04  fps   8831   183.5s
it 11681/15000  reward     nan  ep_len    nan  fell    0  err_xy 0.013  std 0.260  lr 1.0e-04  fps   8904   183.8s
it 11682/15000  reward     nan  ep_len    nan  fell    0  err_xy 0.011  std 0.260  lr 1.0e-04  fps   8931   184.0s
it 11683/15000  reward     nan  ep_len    nan  fell    0  err_xy 0.010  std 0.260  lr 1.0e-04  fps   8864   184.3s
it 11684/15000  reward   51.39  ep_len  400.0  fell    0  err_xy 0.221  std 0.260  lr 1.0e-04  fps   7543   184.6s
it 11685/15000  reward     nan  ep_len    nan  fell    0  err_xy 0.203  std 0.260  lr 1.0e-04  fps   9791   184.8s
it 11686/15000  reward     nan  ep_len    nan  fell    0  err_xy 0.132  std 0.260  lr 1.0e-04  fps   9632   185.1s
it 11687/15000  reward     nan  ep_len    nan  fell    0  err_xy 0.095  std 0.260  lr 1.0e-04  fps   9286   185.3s
it 11688/15000  reward     nan  ep_len    nan  fell    0  err_xy 0.075  std 0.260  lr 1.0e-04  fps   9192   185.6s
it 11689/15000  reward     nan  ep_len    nan  fell    0  err_xy 0.048  std 0.260  lr 1.0e-04  fps   9071   185.8s
it 11690/15000  reward     nan  ep_len    nan  fell    0  err_xy 0.037  std 0.260  lr 1.0e-04  fps   8970   186.1s
it 11691/15000  reward     nan  ep_len    nan  fell    0  err_xy 0.025  std 0.260  lr 1.0e-04  fps   8800   186.4s
it 11692/15000  reward     nan  ep_len    nan  fell    0  err_xy 0.012  std 0.260  lr 1.0e-04  fps   8751   186.6s
it 11693/15000  reward     nan  ep_len    nan  fell    0  err_xy 0.016  std 0.260  lr 1.0e-04  fps   8880   186.9s
it 11694/15000  reward     nan  ep_len    nan  fell    0  err_xy 0.013  std 0.260  lr 1.0e-04  fps   8932   187.1s
it 11695/15000  reward     nan  ep_len    nan  fell    0  err_xy 0.012  std 0.260  lr 1.0e-04  fps   8905   187.4s
it 11696/15000  reward     nan  ep_len    nan  fell    0  err_xy 0.010  std 0.260  lr 1.0e-04  fps   9003   187.7s
it 11697/15000  reward     nan  ep_len    nan  fell    0  err_xy 0.010  std 0.260  lr 1.0e-04  fps   8954   187.9s
it 11698/15000  reward     nan  ep_len    nan  fell    0  err_xy 0.010  std 0.260  lr 1.0e-04  fps   9069   188.2s
it 11699/15000  reward     nan  ep_len    nan  fell    0  err_xy 0.010  std 0.260  lr 1.0e-04  fps   9013   188.4s
it 11700/15000  reward   48.26  ep_len  400.0  fell    0  err_xy 0.010  std 0.260  lr 1.0e-04  fps   7046   188.8s
it 11701/15000  reward     nan  ep_len    nan  fell    0  err_xy 0.285  std 0.260  lr 1.0e-04  fps   9864   189.0s
it 11702/15000  reward     nan  ep_len    nan  fell    0  err_xy 0.153  std 0.260  lr 1.0e-04  fps   9690   189.2s
it 11703/15000  reward     nan  ep_len    nan  fell    0  err_xy 0.129  std 0.260  lr 1.0e-04  fps   9307   189.5s
it 11704/15000  reward     nan  ep_len    nan  fell    0  err_xy 0.101  std 0.260  lr 1.0e-04  fps   9258   189.7s
it 11705/15000  reward     nan  ep_len    nan  fell    0  err_xy 0.104  std 0.260  lr 1.0e-04  fps   9141   190.0s
it 11706/15000  reward     nan  ep_len    nan  fell    0  err_xy 0.071  std 0.260  lr 1.0e-04  fps   8952   190.2s
it 11707/15000  reward     nan  ep_len    nan  fell    0  err_xy 0.054  std 0.260  lr 1.0e-04  fps   8363   190.5s
it 11708/15000  reward     nan  ep_len    nan  fell    0  err_xy 0.033  std 0.260  lr 1.0e-04  fps   8857   190.8s
it 11709/15000  reward     nan  ep_len    nan  fell    0  err_xy 0.024  std 0.260  lr 1.0e-04  fps   8792   191.0s
it 11710/15000  reward     nan  ep_len    nan  fell    0  err_xy 0.013  std 0.260  lr 1.0e-04  fps   8768   191.3s
it 11711/15000  reward     nan  ep_len    nan  fell    0  err_xy 0.012  std 0.260  lr 1.0e-04  fps   8061   191.6s
it 11712/15000  reward     nan  ep_len    nan  fell    0  err_xy 0.012  std 0.260  lr 1.0e-04  fps   8562   191.8s
it 11713/15000  reward     nan  ep_len    nan  fell    0  err_xy 0.015  std 0.260  lr 1.0e-04  fps   8689   192.1s
it 11714/15000  reward     nan  ep_len    nan  fell    0  err_xy 0.012  std 0.260  lr 1.0e-04  fps   8668   192.4s
it 11715/15000  reward     nan  ep_len    nan  fell    0  err_xy 0.014  std 0.260  lr 1.0e-04  fps   8598   192.6s
it 11716/15000  reward     nan  ep_len    nan  fell    0  err_xy 0.011  std 0.259  lr 1.0e-04  fps   8662   192.9s
it 11717/15000  reward   59.24  ep_len  400.0  fell    0  err_xy 0.103  std 0.259  lr 1.0e-04  fps   7136   193.2s
it 11718/15000  reward     nan  ep_len    nan  fell    0  err_xy 0.258  std 0.260  lr 1.0e-04  fps   9872   193.5s
it 11719/15000  reward     nan  ep_len    nan  fell    0  err_xy 0.139  std 0.260  lr 1.0e-04  fps   9526   193.7s
it 11720/15000  reward     nan  ep_len    nan  fell    0  err_xy 0.104  std 0.260  lr 1.0e-04  fps   9090   194.0s
it 11721/15000  reward     nan  ep_len    nan  fell    0  err_xy 0.061  std 0.260  lr 1.0e-04  fps   9043   194.2s
it 11722/15000  reward     nan  ep_len    nan  fell    0  err_xy 0.047  std 0.260  lr 1.0e-04  fps   8870   194.5s
it 11723/15000  reward     nan  ep_len    nan  fell    0  err_xy 0.032  std 0.260  lr 1.0e-04  fps   8813   194.7s
it 11724/15000  reward     nan  ep_len    nan  fell    0  err_xy 0.021  std 0.260  lr 1.0e-04  fps   8798   195.0s
it 11725/15000  reward     nan  ep_len    nan  fell    0  err_xy 0.016  std 0.260  lr 1.0e-04  fps   8726   195.3s
it 11726/15000  reward     nan  ep_len    nan  fell    0  err_xy 0.017  std 0.260  lr 1.0e-04  fps   8771   195.5s
it 11727/15000  reward     nan  ep_len    nan  fell    0  err_xy 0.014  std 0.260  lr 1.0e-04  fps   8764   195.8s
it 11728/15000  reward     nan  ep_len    nan  fell    0  err_xy 0.013  std 0.260  lr 1.0e-04  fps   8780   196.1s
it 11729/15000  reward     nan  ep_len    nan  fell    0  err_xy 0.017  std 0.260  lr 1.0e-04  fps   8709   196.3s
it 11730/15000  reward     nan  ep_len    nan  fell    0  err_xy 0.019  std 0.260  lr 1.0e-04  fps   8787   196.6s
it 11731/15000  reward     nan  ep_len    nan  fell    0  err_xy 0.012  std 0.260  lr 1.0e-04  fps   8858   196.8s
it 11732/15000  reward     nan  ep_len    nan  fell    0  err_xy 0.012  std 0.260  lr 1.0e-04  fps   8877   197.1s
it 11733/15000  reward     nan  ep_len    nan  fell    0  err_xy 0.012  std 0.260  lr 1.0e-04  fps   8885   197.4s
it 11734/15000  reward   50.81  ep_len  400.0  fell    0  err_xy 0.218  std 0.260  lr 1.0e-04  fps   7515   197.7s
it 11735/15000  reward     nan  ep_len    nan  fell    0  err_xy 0.204  std 0.260  lr 1.0e-04  fps   9623   197.9s
it 11736/15000  reward     nan  ep_len    nan  fell    0  err_xy 0.147  std 0.260  lr 1.0e-04  fps   9495   198.2s
it 11737/15000  reward     nan  ep_len    nan  fell    0  err_xy 0.095  std 0.260  lr 1.0e-04  fps   9060   198.4s
it 11738/15000  reward     nan  ep_len    nan  fell    0  err_xy 0.073  std 0.260  lr 1.0e-04  fps   8942   198.7s
it 11739/15000  reward     nan  ep_len    nan  fell    0  err_xy 0.043  std 0.260  lr 1.0e-04  fps   8809   198.9s
it 11740/15000  reward     nan  ep_len    nan  fell    0  err_xy 0.033  std 0.260  lr 1.0e-04  fps   8755   199.2s
it 11741/15000  reward     nan  ep_len    nan  fell    0  err_xy 0.025  std 0.260  lr 1.0e-04  fps   8730   199.5s
it 11742/15000  reward     nan  ep_len    nan  fell    0  err_xy 0.017  std 0.260  lr 1.0e-04  fps   8659   199.7s
it 11743/15000  reward     nan  ep_len    nan  fell    0  err_xy 0.013  std 0.260  lr 1.0e-04  fps   8393   200.0s
it 11744/15000  reward     nan  ep_len    nan  fell    0  err_xy 0.013  std 0.260  lr 1.0e-04  fps   7941   200.3s
it 11745/15000  reward     nan  ep_len    nan  fell    0  err_xy 0.014  std 0.260  lr 1.0e-04  fps   8591   200.6s
it 11746/15000  reward     nan  ep_len    nan  fell    0  err_xy 0.012  std 0.260  lr 1.0e-04  fps   8654   200.8s
it 11747/15000  reward     nan  ep_len    nan  fell    0  err_xy 0.011  std 0.260  lr 1.0e-04  fps   8739   201.1s
it 11748/15000  reward     nan  ep_len    nan  fell    0  err_xy 0.011  std 0.260  lr 1.0e-04  fps   8766   201.4s
it 11749/15000  reward     nan  ep_len    nan  fell    0  err_xy 0.011  std 0.260  lr 1.0e-04  fps   8744   201.6s
it 11750/15000  reward   59.58  ep_len  400.0  fell    0  err_xy 0.011  std 0.259  lr 1.0e-04  fps   6962   201.9s
it 11751/15000  reward     nan  ep_len    nan  fell    0  err_xy 0.304  std 0.259  lr 1.0e-04  fps   9880   202.2s
it 11752/15000  reward     nan  ep_len    nan  fell    0  err_xy 0.162  std 0.259  lr 1.0e-04  fps   9598   202.4s
it 11753/15000  reward     nan  ep_len    nan  fell    0  err_xy 0.124  std 0.259  lr 1.0e-04  fps   9204   202.7s
it 11754/15000  reward     nan  ep_len    nan  fell    0  err_xy 0.076  std 0.259  lr 1.0e-04  fps   9132   202.9s
it 11755/15000  reward     nan  ep_len    nan  fell    0  err_xy 0.054  std 0.260  lr 1.0e-04  fps   8892   203.2s
it 11756/15000  reward     nan  ep_len    nan  fell    0  err_xy 0.040  std 0.260  lr 1.0e-04  fps   8704   203.4s
it 11757/15000  reward     nan  ep_len    nan  fell    0  err_xy 0.024  std 0.260  lr 1.0e-04  fps   8789   203.7s
it 11758/15000  reward     nan  ep_len    nan  fell    0  err_xy 0.019  std 0.260  lr 1.0e-04  fps   8684   204.0s
it 11759/15000  reward     nan  ep_len    nan  fell    0  err_xy 0.018  std 0.260  lr 1.0e-04  fps   8731   204.2s
it 11760/15000  reward     nan  ep_len    nan  fell    0  err_xy 0.014  std 0.260  lr 1.0e-04  fps   8741   204.5s
it 11761/15000  reward     nan  ep_len    nan  fell    0  err_xy 0.012  std 0.259  lr 1.0e-04  fps   8734   204.8s
it 11762/15000  reward     nan  ep_len    nan  fell    0  err_xy 0.011  std 0.259  lr 1.0e-04  fps   8775   205.0s
it 11763/15000  reward     nan  ep_len    nan  fell    0  err_xy 0.011  std 0.259  lr 1.0e-04  fps   8824   205.3s
it 11764/15000  reward     nan  ep_len    nan  fell    0  err_xy 0.012  std 0.259  lr 1.0e-04  fps   8771   205.6s
it 11765/15000  reward     nan  ep_len    nan  fell    0  err_xy 0.011  std 0.259  lr 1.0e-04  fps   8758   205.8s
it 11766/15000  reward     nan  ep_len    nan  fell    0  err_xy 0.011  std 0.259  lr 1.0e-04  fps   8784   206.1s
it 11767/15000  reward   61.54  ep_len  400.0  fell    0  err_xy 0.096  std 0.259  lr 1.0e-04  fps   6968   206.4s
it 11768/15000  reward     nan  ep_len    nan  fell    0  err_xy 0.283  std 0.259  lr 1.0e-04  fps   9492   206.7s
it 11769/15000  reward     nan  ep_len    nan  fell    0  err_xy 0.150  std 0.259  lr 1.0e-04  fps   9629   206.9s
it 11770/15000  reward     nan  ep_len    nan  fell    0  err_xy 0.125  std 0.259  lr 1.0e-04  fps   9278   207.1s
it 11771/15000  reward     nan  ep_len    nan  fell    0  err_xy 0.094  std 0.259  lr 1.0e-04  fps   8982   207.4s
it 11772/15000  reward     nan  ep_len    nan  fell    0  err_xy 0.069  std 0.259  lr 1.0e-04  fps   8884   207.7s
it 11773/15000  reward     nan  ep_len    nan  fell    0  err_xy 0.043  std 0.259  lr 1.0e-04  fps   8750   207.9s
it 11774/15000  reward     nan  ep_len    nan  fell    0  err_xy 0.031  std 0.259  lr 1.0e-04  fps   8717   208.2s
it 11775/15000  reward     nan  ep_len    nan  fell    0  err_xy 0.023  std 0.259  lr 1.0e-04  fps   8681   208.5s
it 11776/15000  reward     nan  ep_len    nan  fell    0  err_xy 0.023  std 0.259  lr 1.0e-04  fps   8708   208.7s
it 11777/15000  reward     nan  ep_len    nan  fell    0  err_xy 0.015  std 0.259  lr 1.0e-04  fps   8721   209.0s
it 11778/15000  reward     nan  ep_len    nan  fell    0  err_xy 0.012  std 0.259  lr 1.0e-04  fps   8750   209.2s
it 11779/15000  reward     nan  ep_len    nan  fell    0  err_xy 0.012  std 0.259  lr 1.0e-04  fps   8736   209.5s
it 11780/15000  reward     nan  ep_len    nan  fell    0  err_xy 0.011  std 0.259  lr 1.0e-04  fps   8806   209.8s
it 11781/15000  reward     nan  ep_len    nan  fell    0  err_xy 0.011  std 0.258  lr 1.0e-04  fps   8913   210.0s
it 11782/15000  reward     nan  ep_len    nan  fell    0  err_xy 0.011  std 0.258  lr 1.0e-04  fps   8866   210.3s
it 11783/15000  reward     nan  ep_len    nan  fell    0  err_xy 0.012  std 0.258  lr 1.0e-04  fps   8916   210.6s
it 11784/15000  reward   60.60  ep_len  400.0  fell    0  err_xy 0.203  std 0.258  lr 1.0e-04  fps   7462   210.9s
it 11785/15000  reward     nan  ep_len    nan  fell    0  err_xy 0.229  std 0.258  lr 1.0e-04  fps   9692   211.1s
it 11786/15000  reward     nan  ep_len    nan  fell    0  err_xy 0.146  std 0.258  lr 1.0e-04  fps   9388   211.3s
it 11787/15000  reward     nan  ep_len    nan  fell    0  err_xy 0.088  std 0.258  lr 1.0e-04  fps   8151   211.6s
it 11788/15000  reward     nan  ep_len    nan  fell    0  err_xy 0.074  std 0.258  lr 1.0e-04  fps   8859   211.9s
it 11789/15000  reward     nan  ep_len    nan  fell    0  err_xy 0.052  std 0.258  lr 1.0e-04  fps   8251   212.2s
it 11790/15000  reward     nan  ep_len    nan  fell    0  err_xy 0.046  std 0.258  lr 1.0e-04  fps   8797   212.4s
it 11791/15000  reward     nan  ep_len    nan  fell    0  err_xy 0.028  std 0.258  lr 1.0e-04  fps   8826   212.7s
it 11792/15000  reward     nan  ep_len    nan  fell    0  err_xy 0.019  std 0.258  lr 1.0e-04  fps   8641   213.0s
it 11793/15000  reward     nan  ep_len    nan  fell    0  err_xy 0.020  std 0.258  lr 1.0e-04  fps   8739   213.2s
it 11794/15000  reward     nan  ep_len    nan  fell    0  err_xy 0.017  std 0.258  lr 1.0e-04  fps   7977   213.5s
it 11795/15000  reward     nan  ep_len    nan  fell    0  err_xy 0.016  std 0.258  lr 1.0e-04  fps   8557   213.8s
it 11796/15000  reward     nan  ep_len    nan  fell    0  err_xy 0.017  std 0.258  lr 1.0e-04  fps   8862   214.0s
it 11797/15000  reward     nan  ep_len    nan  fell    0  err_xy 0.014  std 0.258  lr 1.0e-04  fps   8779   214.3s
it 11798/15000  reward     nan  ep_len    nan  fell    0  err_xy 0.014  std 0.258  lr 1.0e-04  fps   8348   214.6s
it 11799/15000  reward     nan  ep_len    nan  fell    0  err_xy 0.013  std 0.258  lr 1.0e-04  fps   8771   214.8s
it 11800/15000  reward   65.38  ep_len  400.0  fell    0  err_xy 0.012  std 0.258  lr 1.0e-04  fps   7088   215.2s
/Users/robertonavoni/Desktop/Lavoro/Progetti-2026/Progetti Software/microduck-ap-ppo-sitl/tools/robots/deploy_contract.py:204: RuntimeWarning: overflow encountered in expm1
  x = np.where(y > 0, y, np.expm1(y)).astype(np.float32) if elu else y.astype(np.float32)
eval iteration 11800:
  prone          success   0.0%  time 8.00s  peak_τ 0.91 Nm  return -6.41
  supine         success 100.0%  time 2.01s  peak_τ 0.92 Nm  return 41.77
  score 0.500
it 11801/15000  reward     nan  ep_len    nan  fell    0  err_xy 0.308  std 0.258  lr 1.0e-04  fps   9310   217.0s
it 11802/15000  reward     nan  ep_len    nan  fell    0  err_xy 0.167  std 0.258  lr 1.0e-04  fps   9110   217.2s
it 11803/15000  reward     nan  ep_len    nan  fell    0  err_xy 0.140  std 0.258  lr 1.0e-04  fps   6858   217.6s
it 11804/15000  reward     nan  ep_len    nan  fell    0  err_xy 0.107  std 0.258  lr 1.0e-04  fps   8944   217.8s
it 11805/15000  reward     nan  ep_len    nan  fell    0  err_xy 0.094  std 0.258  lr 1.0e-04  fps   8973   218.1s
it 11806/15000  reward     nan  ep_len    nan  fell    0  err_xy 0.061  std 0.258  lr 1.0e-04  fps   8735   218.4s
it 11807/15000  reward     nan  ep_len    nan  fell    0  err_xy 0.042  std 0.258  lr 1.0e-04  fps   8737   218.6s
it 11808/15000  reward     nan  ep_len    nan  fell    0  err_xy 0.036  std 0.258  lr 1.0e-04  fps   8717   218.9s
it 11809/15000  reward     nan  ep_len    nan  fell    0  err_xy 0.032  std 0.258  lr 1.0e-04  fps   8671   219.2s
it 11810/15000  reward     nan  ep_len    nan  fell    0  err_xy 0.023  std 0.258  lr 1.0e-04  fps   8671   219.4s
it 11811/15000  reward     nan  ep_len    nan  fell    0  err_xy 0.017  std 0.259  lr 1.0e-04  fps   8643   219.7s
it 11812/15000  reward     nan  ep_len    nan  fell    0  err_xy 0.012  std 0.258  lr 1.0e-04  fps   8483   220.0s
it 11813/15000  reward     nan  ep_len    nan  fell    0  err_xy 0.012  std 0.258  lr 1.0e-04  fps   8469   220.2s
it 11814/15000  reward     nan  ep_len    nan  fell    0  err_xy 0.011  std 0.258  lr 1.0e-04  fps   8708   220.5s
it 11815/15000  reward     nan  ep_len    nan  fell    0  err_xy 0.011  std 0.258  lr 1.0e-04  fps   8812   220.8s
it 11816/15000  reward     nan  ep_len    nan  fell    0  err_xy 0.011  std 0.258  lr 1.0e-04  fps   8877   221.0s
it 11817/15000  reward   66.72  ep_len  400.0  fell    0  err_xy 0.088  std 0.258  lr 1.0e-04  fps   7154   221.3s
it 11818/15000  reward     nan  ep_len    nan  fell    0  err_xy 0.267  std 0.258  lr 1.0e-04  fps   9872   221.6s
it 11819/15000  reward     nan  ep_len    nan  fell    0  err_xy 0.168  std 0.258  lr 1.0e-04  fps   9271   221.8s
it 11820/15000  reward     nan  ep_len    nan  fell    0  err_xy 0.118  std 0.258  lr 1.0e-04  fps   8498   222.1s
it 11821/15000  reward     nan  ep_len    nan  fell    0  err_xy 0.079  std 0.258  lr 1.0e-04  fps   7785   222.4s
it 11822/15000  reward     nan  ep_len    nan  fell    0  err_xy 0.061  std 0.258  lr 1.0e-04  fps   8684   222.7s
it 11823/15000  reward     nan  ep_len    nan  fell    0  err_xy 0.041  std 0.258  lr 1.0e-04  fps   8569   222.9s
it 11824/15000  reward     nan  ep_len    nan  fell    0  err_xy 0.035  std 0.258  lr 1.0e-04  fps   8574   223.2s
it 11825/15000  reward     nan  ep_len    nan  fell    0  err_xy 0.028  std 0.258  lr 1.0e-04  fps   8459   223.5s
it 11826/15000  reward     nan  ep_len    nan  fell    0  err_xy 0.022  std 0.258  lr 1.0e-04  fps   8270   223.7s
it 11827/15000  reward     nan  ep_len    nan  fell    0  err_xy 0.017  std 0.258  lr 1.0e-04  fps   7804   224.0s
it 11828/15000  reward     nan  ep_len    nan  fell    0  err_xy 0.015  std 0.258  lr 1.0e-04  fps   8205   224.3s
it 11829/15000  reward     nan  ep_len    nan  fell    0  err_xy 0.014  std 0.258  lr 1.0e-04  fps   8287   224.6s
it 11830/15000  reward     nan  ep_len    nan  fell    0  err_xy 0.012  std 0.258  lr 1.0e-04  fps   8629   224.9s
it 11831/15000  reward     nan  ep_len    nan  fell    0  err_xy 0.011  std 0.258  lr 1.0e-04  fps   8750   225.1s
it 11832/15000  reward     nan  ep_len    nan  fell    0  err_xy 0.011  std 0.258  lr 1.0e-04  fps   8727   225.4s
it 11833/15000  reward     nan  ep_len    nan  fell    0  err_xy 0.011  std 0.258  lr 1.0e-04  fps   8624   225.7s
it 11834/15000  reward   70.71  ep_len  400.0  fell    0  err_xy 0.194  std 0.258  lr 1.0e-04  fps   7368   226.0s
it 11835/15000  reward     nan  ep_len    nan  fell    0  err_xy 0.203  std 0.258  lr 1.0e-04  fps   9778   226.2s
it 11836/15000  reward     nan  ep_len    nan  fell    0  err_xy 0.120  std 0.258  lr 1.0e-04  fps   9293   226.5s
it 11837/15000  reward     nan  ep_len    nan  fell    0  err_xy 0.086  std 0.258  lr 1.0e-04  fps   9156   226.7s
it 11838/15000  reward     nan  ep_len    nan  fell    0  err_xy 0.082  std 0.258  lr 1.0e-04  fps   8970   227.0s
it 11839/15000  reward     nan  ep_len    nan  fell    0  err_xy 0.056  std 0.258  lr 1.0e-04  fps   8664   227.2s
it 11840/15000  reward     nan  ep_len    nan  fell    0  err_xy 0.038  std 0.258  lr 1.0e-04  fps   8442   227.5s
it 11841/15000  reward     nan  ep_len    nan  fell    0  err_xy 0.027  std 0.258  lr 1.0e-04  fps   8714   227.8s
it 11842/15000  reward     nan  ep_len    nan  fell    0  err_xy 0.018  std 0.258  lr 1.0e-04  fps   8771   228.0s
it 11843/15000  reward     nan  ep_len    nan  fell    0  err_xy 0.015  std 0.258  lr 1.0e-04  fps   8759   228.3s
it 11844/15000  reward     nan  ep_len    nan  fell    0  err_xy 0.013  std 0.258  lr 1.0e-04  fps   8803   228.6s
it 11845/15000  reward     nan  ep_len    nan  fell    0  err_xy 0.013  std 0.258  lr 1.0e-04  fps   8735   228.8s
it 11846/15000  reward     nan  ep_len    nan  fell    0  err_xy 0.013  std 0.258  lr 1.0e-04  fps   8852   229.1s
it 11847/15000  reward     nan  ep_len    nan  fell    0  err_xy 0.012  std 0.258  lr 1.0e-04  fps   8785   229.3s
it 11848/15000  reward     nan  ep_len    nan  fell    0  err_xy 0.012  std 0.258  lr 1.0e-04  fps   8849   229.6s
it 11849/15000  reward     nan  ep_len    nan  fell    0  err_xy 0.013  std 0.258  lr 1.0e-04  fps   8881   229.9s
it 11850/15000  reward   55.65  ep_len  400.0  fell    0  err_xy 0.013  std 0.258  lr 1.0e-04  fps   7044   230.2s
it 11851/15000  reward     nan  ep_len    nan  fell    0  err_xy 0.272  std 0.258  lr 1.0e-04  fps   9872   230.4s
it 11852/15000  reward     nan  ep_len    nan  fell    0  err_xy 0.161  std 0.258  lr 1.0e-04  fps   9572   230.7s
it 11853/15000  reward     nan  ep_len    nan  fell    0  err_xy 0.120  std 0.258  lr 1.0e-04  fps   9304   230.9s
it 11854/15000  reward     nan  ep_len    nan  fell    0  err_xy 0.076  std 0.258  lr 1.0e-04  fps   9140   231.2s
it 11855/15000  reward     nan  ep_len    nan  fell    0  err_xy 0.063  std 0.258  lr 1.0e-04  fps   9008   231.4s
it 11856/15000  reward     nan  ep_len    nan  fell    0  err_xy 0.049  std 0.258  lr 1.0e-04  fps   8935   231.7s
it 11857/15000  reward     nan  ep_len    nan  fell    0  err_xy 0.036  std 0.258  lr 1.0e-04  fps   8863   231.9s
it 11858/15000  reward     nan  ep_len    nan  fell    0  err_xy 0.022  std 0.258  lr 1.0e-04  fps   8781   232.2s
it 11859/15000  reward     nan  ep_len    nan  fell    0  err_xy 0.016  std 0.258  lr 1.0e-04  fps   8747   232.5s
it 11860/15000  reward     nan  ep_len    nan  fell    0  err_xy 0.012  std 0.258  lr 1.0e-04  fps   8857   232.7s
it 11861/15000  reward     nan  ep_len    nan  fell    0  err_xy 0.012  std 0.257  lr 1.0e-04  fps   8867   233.0s
it 11862/15000  reward     nan  ep_len    nan  fell    0  err_xy 0.011  std 0.257  lr 1.0e-04  fps   8872   233.3s
it 11863/15000  reward     nan  ep_len    nan  fell    0  err_xy 0.011  std 0.257  lr 1.0e-04  fps   8852   233.5s
it 11864/15000  reward     nan  ep_len    nan  fell    0  err_xy 0.011  std 0.257  lr 1.0e-04  fps   8810   233.8s
it 11865/15000  reward     nan  ep_len    nan  fell    0  err_xy 0.011  std 0.257  lr 1.0e-04  fps   8910   234.0s
it 11866/15000  reward     nan  ep_len    nan  fell    0  err_xy 0.011  std 0.257  lr 1.0e-04  fps   8855   234.3s
it 11867/15000  reward   55.83  ep_len  400.0  fell    0  err_xy 0.080  std 0.257  lr 1.0e-04  fps   7206   234.6s
it 11868/15000  reward     nan  ep_len    nan  fell    0  err_xy 0.274  std 0.257  lr 1.0e-04  fps   9852   234.8s
it 11869/15000  reward     nan  ep_len    nan  fell    0  err_xy 0.132  std 0.257  lr 1.0e-04  fps   9469   235.1s
it 11870/15000  reward     nan  ep_len    nan  fell    0  err_xy 0.108  std 0.257  lr 1.0e-04  fps   9026   235.3s
it 11871/15000  reward     nan  ep_len    nan  fell    0  err_xy 0.078  std 0.257  lr 1.0e-04  fps   8708   235.6s
it 11872/15000  reward     nan  ep_len    nan  fell    0  err_xy 0.068  std 0.257  lr 1.0e-04  fps   8504   235.9s
it 11873/15000  reward     nan  ep_len    nan  fell    0  err_xy 0.044  std 0.257  lr 1.0e-04  fps   8739   236.1s
it 11874/15000  reward     nan  ep_len    nan  fell    0  err_xy 0.034  std 0.257  lr 1.0e-04  fps   8700   236.4s
it 11875/15000  reward     nan  ep_len    nan  fell    0  err_xy 0.019  std 0.257  lr 1.0e-04  fps   8705   236.7s
it 11876/15000  reward     nan  ep_len    nan  fell    0  err_xy 0.023  std 0.257  lr 1.0e-04  fps   8672   236.9s
it 11877/15000  reward     nan  ep_len    nan  fell    0  err_xy 0.018  std 0.257  lr 1.0e-04  fps   8853   237.2s
it 11878/15000  reward     nan  ep_len    nan  fell    0  err_xy 0.014  std 0.257  lr 1.0e-04  fps   8805   237.5s
it 11879/15000  reward     nan  ep_len    nan  fell    0  err_xy 0.015  std 0.257  lr 1.0e-04  fps   8838   237.7s
it 11880/15000  reward     nan  ep_len    nan  fell    0  err_xy 0.015  std 0.258  lr 1.0e-04  fps   8935   238.0s
it 11881/15000  reward     nan  ep_len    nan  fell    0  err_xy 0.012  std 0.257  lr 1.0e-04  fps   8945   238.2s
it 11882/15000  reward     nan  ep_len    nan  fell    0  err_xy 0.012  std 0.258  lr 1.0e-04  fps   8743   238.5s
it 11883/15000  reward     nan  ep_len    nan  fell    0  err_xy 0.016  std 0.258  lr 1.0e-04  fps   8814   238.8s
it 11884/15000  reward   54.31  ep_len  400.0  fell    0  err_xy 0.187  std 0.258  lr 1.0e-04  fps   7415   239.1s
it 11885/15000  reward     nan  ep_len    nan  fell    0  err_xy 0.216  std 0.258  lr 1.0e-04  fps   9738   239.3s
it 11886/15000  reward     nan  ep_len    nan  fell    0  err_xy 0.139  std 0.258  lr 1.0e-04  fps   9440   239.6s
it 11887/15000  reward     nan  ep_len    nan  fell    0  err_xy 0.099  std 0.258  lr 1.0e-04  fps   9223   239.8s
it 11888/15000  reward     nan  ep_len    nan  fell    0  err_xy 0.079  std 0.258  lr 1.0e-04  fps   9179   240.1s
it 11889/15000  reward     nan  ep_len    nan  fell    0  err_xy 0.065  std 0.258  lr 1.0e-04  fps   8807   240.3s
it 11890/15000  reward     nan  ep_len    nan  fell    0  err_xy 0.050  std 0.258  lr 1.0e-04  fps   8779   240.6s
it 11891/15000  reward     nan  ep_len    nan  fell    0  err_xy 0.039  std 0.258  lr 1.0e-04  fps   8718   240.9s
it 11892/15000  reward     nan  ep_len    nan  fell    0  err_xy 0.025  std 0.258  lr 1.0e-04  fps   8661   241.1s
it 11893/15000  reward     nan  ep_len    nan  fell    0  err_xy 0.019  std 0.258  lr 1.0e-04  fps   8703   241.4s
it 11894/15000  reward     nan  ep_len    nan  fell    0  err_xy 0.014  std 0.258  lr 1.0e-04  fps   8720   241.6s
it 11895/15000  reward     nan  ep_len    nan  fell    0  err_xy 0.011  std 0.258  lr 1.0e-04  fps   8719   241.9s
it 11896/15000  reward     nan  ep_len    nan  fell    0  err_xy 0.011  std 0.258  lr 1.0e-04  fps   8596   242.2s
it 11897/15000  reward     nan  ep_len    nan  fell    0  err_xy 0.010  std 0.257  lr 1.0e-04  fps   8739   242.4s
it 11898/15000  reward     nan  ep_len    nan  fell    0  err_xy 0.011  std 0.257  lr 1.0e-04  fps   8739   242.7s
it 11899/15000  reward     nan  ep_len    nan  fell    0  err_xy 0.011  std 0.257  lr 1.0e-04  fps   8794   243.0s
it 11900/15000  reward   51.50  ep_len  400.0  fell    0  err_xy 0.010  std 0.257  lr 1.0e-04  fps   7074   243.3s
it 11901/15000  reward     nan  ep_len    nan  fell    0  err_xy 0.304  std 0.257  lr 1.0e-04  fps   9783   243.5s
it 11902/15000  reward     nan  ep_len    nan  fell    0  err_xy 0.201  std 0.257  lr 1.0e-04  fps   9691   243.8s
it 11903/15000  reward     nan  ep_len    nan  fell    0  err_xy 0.153  std 0.257  lr 1.0e-04  fps   9339   244.0s
it 11904/15000  reward     nan  ep_len    nan  fell    0  err_xy 0.093  std 0.257  lr 1.0e-04  fps   8905   244.3s
it 11905/15000  reward     nan  ep_len    nan  fell    0  err_xy 0.075  std 0.257  lr 1.0e-04  fps   8703   244.5s
it 11906/15000  reward     nan  ep_len    nan  fell    0  err_xy 0.038  std 0.257  lr 1.0e-04  fps   8669   244.8s
it 11907/15000  reward     nan  ep_len    nan  fell    0  err_xy 0.028  std 0.257  lr 1.0e-04  fps   8535   245.1s
it 11908/15000  reward     nan  ep_len    nan  fell    0  err_xy 0.025  std 0.257  lr 1.0e-04  fps   8586   245.3s
it 11909/15000  reward     nan  ep_len    nan  fell    0  err_xy 0.021  std 0.258  lr 1.0e-04  fps   8640   245.6s
it 11910/15000  reward     nan  ep_len    nan  fell    0  err_xy 0.015  std 0.258  lr 1.0e-04  fps   8576   245.9s
it 11911/15000  reward     nan  ep_len    nan  fell    0  err_xy 0.015  std 0.258  lr 1.0e-04  fps   8600   246.2s
it 11912/15000  reward     nan  ep_len    nan  fell    0  err_xy 0.014  std 0.257  lr 1.0e-04  fps   8584   246.4s
it 11913/15000  reward     nan  ep_len    nan  fell    0  err_xy 0.013  std 0.257  lr 1.0e-04  fps   8628   246.7s
it 11914/15000  reward     nan  ep_len    nan  fell    0  err_xy 0.014  std 0.257  lr 1.0e-04  fps   8680   247.0s
it 11915/15000  reward     nan  ep_len    nan  fell    0  err_xy 0.015  std 0.257  lr 1.0e-04  fps   8703   247.2s
it 11916/15000  reward     nan  ep_len    nan  fell    0  err_xy 0.014  std 0.257  lr 1.0e-04  fps   8642   247.5s
it 11917/15000  reward   67.17  ep_len  400.0  fell    0  err_xy 0.091  std 0.257  lr 1.0e-04  fps   7071   247.8s
it 11918/15000  reward     nan  ep_len    nan  fell    0  err_xy 0.295  std 0.257  lr 1.0e-04  fps   9859   248.0s
it 11919/15000  reward     nan  ep_len    nan  fell    0  err_xy 0.166  std 0.257  lr 1.0e-04  fps   9477   248.3s
it 11920/15000  reward     nan  ep_len    nan  fell    0  err_xy 0.115  std 0.257  lr 1.0e-04  fps   9208   248.5s
it 11921/15000  reward     nan  ep_len    nan  fell    0  err_xy 0.077  std 0.257  lr 1.0e-04  fps   8888   248.8s
it 11922/15000  reward     nan  ep_len    nan  fell    0  err_xy 0.063  std 0.257  lr 1.0e-04  fps   8724   249.1s
it 11923/15000  reward     nan  ep_len    nan  fell    0  err_xy 0.044  std 0.257  lr 1.0e-04  fps   8546   249.3s
it 11924/15000  reward     nan  ep_len    nan  fell    0  err_xy 0.041  std 0.257  lr 1.0e-04  fps   8517   249.6s
it 11925/15000  reward     nan  ep_len    nan  fell    0  err_xy 0.026  std 0.257  lr 1.0e-04  fps   8562   249.9s
it 11926/15000  reward     nan  ep_len    nan  fell    0  err_xy 0.024  std 0.257  lr 1.0e-04  fps   8461   250.1s
it 11927/15000  reward     nan  ep_len    nan  fell    0  err_xy 0.021  std 0.257  lr 1.0e-04  fps   8045   250.4s
it 11928/15000  reward     nan  ep_len    nan  fell    0  err_xy 0.018  std 0.258  lr 1.0e-04  fps   7997   250.7s
it 11929/15000  reward     nan  ep_len    nan  fell    0  err_xy 0.014  std 0.257  lr 1.0e-04  fps   8599   251.0s
it 11930/15000  reward     nan  ep_len    nan  fell    0  err_xy 0.013  std 0.257  lr 1.0e-04  fps   8538   251.3s
it 11931/15000  reward     nan  ep_len    nan  fell    0  err_xy 0.011  std 0.257  lr 1.0e-04  fps   8703   251.5s
it 11932/15000  reward     nan  ep_len    nan  fell    0  err_xy 0.011  std 0.257  lr 1.0e-04  fps   7671   251.8s
it 11933/15000  reward     nan  ep_len    nan  fell    0  err_xy 0.011  std 0.257  lr 1.0e-04  fps   8644   252.1s
it 11934/15000  reward   61.97  ep_len  400.0  fell    0  err_xy 0.193  std 0.257  lr 1.0e-04  fps   7299   252.4s
it 11935/15000  reward     nan  ep_len    nan  fell    0  err_xy 0.262  std 0.257  lr 1.0e-04  fps   9897   252.6s
it 11936/15000  reward     nan  ep_len    nan  fell    0  err_xy 0.162  std 0.257  lr 1.0e-04  fps   9556   252.9s
it 11937/15000  reward     nan  ep_len    nan  fell    0  err_xy 0.110  std 0.257  lr 1.0e-04  fps   9303   253.1s
it 11938/15000  reward     nan  ep_len    nan  fell    0  err_xy 0.101  std 0.257  lr 1.0e-04  fps   9017   253.4s
it 11939/15000  reward     nan  ep_len    nan  fell    0  err_xy 0.072  std 0.257  lr 1.0e-04  fps   8936   253.6s
it 11940/15000  reward     nan  ep_len    nan  fell    0  err_xy 0.054  std 0.257  lr 1.0e-04  fps   8724   253.9s
it 11941/15000  reward     nan  ep_len    nan  fell    0  err_xy 0.050  std 0.257  lr 1.0e-04  fps   8701   254.2s
it 11942/15000  reward     nan  ep_len    nan  fell    0  err_xy 0.035  std 0.257  lr 1.0e-04  fps   8501   254.4s
it 11943/15000  reward     nan  ep_len    nan  fell    0  err_xy 0.022  std 0.257  lr 1.0e-04  fps   8564   254.7s
it 11944/15000  reward     nan  ep_len    nan  fell    0  err_xy 0.017  std 0.257  lr 1.0e-04  fps   8682   255.0s
it 11945/15000  reward     nan  ep_len    nan  fell    0  err_xy 0.014  std 0.257  lr 1.0e-04  fps   8669   255.2s
it 11946/15000  reward     nan  ep_len    nan  fell    0  err_xy 0.012  std 0.257  lr 1.0e-04  fps   8703   255.5s
it 11947/15000  reward     nan  ep_len    nan  fell    0  err_xy 0.012  std 0.257  lr 1.0e-04  fps   8659   255.8s
it 11948/15000  reward     nan  ep_len    nan  fell    0  err_xy 0.012  std 0.257  lr 1.0e-04  fps   8720   256.0s
it 11949/15000  reward     nan  ep_len    nan  fell    0  err_xy 0.012  std 0.257  lr 1.0e-04  fps   8817   256.3s
it 11950/15000  reward   62.68  ep_len  400.0  fell    0  err_xy 0.012  std 0.257  lr 1.0e-04  fps   7005   256.6s
it 11951/15000  reward     nan  ep_len    nan  fell    0  err_xy 0.258  std 0.257  lr 1.0e-04  fps   9876   256.9s
it 11952/15000  reward     nan  ep_len    nan  fell    0  err_xy 0.180  std 0.257  lr 1.0e-04  fps   9844   257.1s
it 11953/15000  reward     nan  ep_len    nan  fell    0  err_xy 0.129  std 0.257  lr 1.0e-04  fps   9494   257.3s
it 11954/15000  reward     nan  ep_len    nan  fell    0  err_xy 0.084  std 0.257  lr 1.0e-04  fps   9216   257.6s
it 11955/15000  reward     nan  ep_len    nan  fell    0  err_xy 0.067  std 0.257  lr 1.0e-04  fps   8942   257.9s
it 11956/15000  reward     nan  ep_len    nan  fell    0  err_xy 0.034  std 0.257  lr 1.0e-04  fps   9046   258.1s
it 11957/15000  reward     nan  ep_len    nan  fell    0  err_xy 0.037  std 0.257  lr 1.0e-04  fps   8892   258.4s
it 11958/15000  reward     nan  ep_len    nan  fell    0  err_xy 0.024  std 0.257  lr 1.0e-04  fps   8955   258.6s
it 11959/15000  reward     nan  ep_len    nan  fell    0  err_xy 0.023  std 0.257  lr 1.0e-04  fps   8836   258.9s
it 11960/15000  reward     nan  ep_len    nan  fell    0  err_xy 0.021  std 0.257  lr 1.0e-04  fps   8922   259.1s
it 11961/15000  reward     nan  ep_len    nan  fell    0  err_xy 0.013  std 0.257  lr 1.0e-04  fps   8806   259.4s
it 11962/15000  reward     nan  ep_len    nan  fell    0  err_xy 0.013  std 0.257  lr 1.0e-04  fps   8908   259.7s
it 11963/15000  reward     nan  ep_len    nan  fell    0  err_xy 0.011  std 0.257  lr 1.0e-04  fps   8795   259.9s
it 11964/15000  reward     nan  ep_len    nan  fell    0  err_xy 0.012  std 0.257  lr 1.0e-04  fps   8835   260.2s
it 11965/15000  reward     nan  ep_len    nan  fell    0  err_xy 0.011  std 0.257  lr 1.0e-04  fps   8828   260.5s
it 11966/15000  reward     nan  ep_len    nan  fell    0  err_xy 0.010  std 0.257  lr 1.0e-04  fps   8818   260.7s
it 11967/15000  reward   46.24  ep_len  400.0  fell    0  err_xy 0.079  std 0.257  lr 1.0e-04  fps   7132   261.0s
it 11968/15000  reward     nan  ep_len    nan  fell    0  err_xy 0.273  std 0.257  lr 1.0e-04  fps   9902   261.3s
it 11969/15000  reward     nan  ep_len    nan  fell    0  err_xy 0.149  std 0.257  lr 1.0e-04  fps   9763   261.5s
it 11970/15000  reward     nan  ep_len    nan  fell    0  err_xy 0.123  std 0.257  lr 1.0e-04  fps   9452   261.7s
it 11971/15000  reward     nan  ep_len    nan  fell    0  err_xy 0.091  std 0.257  lr 1.0e-04  fps   9223   262.0s
it 11972/15000  reward     nan  ep_len    nan  fell    0  err_xy 0.082  std 0.257  lr 1.0e-04  fps   8975   262.3s
it 11973/15000  reward     nan  ep_len    nan  fell    0  err_xy 0.061  std 0.257  lr 1.0e-04  fps   8900   262.5s
it 11974/15000  reward     nan  ep_len    nan  fell    0  err_xy 0.053  std 0.257  lr 1.0e-04  fps   8723   262.8s
it 11975/15000  reward     nan  ep_len    nan  fell    0  err_xy 0.031  std 0.257  lr 1.0e-04  fps   8684   263.0s
it 11976/15000  reward     nan  ep_len    nan  fell    0  err_xy 0.021  std 0.257  lr 1.0e-04  fps   8681   263.3s
it 11977/15000  reward     nan  ep_len    nan  fell    0  err_xy 0.020  std 0.257  lr 1.0e-04  fps   8530   263.6s
it 11978/15000  reward     nan  ep_len    nan  fell    0  err_xy 0.016  std 0.257  lr 1.0e-04  fps   8618   263.8s
it 11979/15000  reward     nan  ep_len    nan  fell    0  err_xy 0.016  std 0.257  lr 1.0e-04  fps   8677   264.1s
it 11980/15000  reward     nan  ep_len    nan  fell    0  err_xy 0.013  std 0.257  lr 1.0e-04  fps   8537   264.4s
it 11981/15000  reward     nan  ep_len    nan  fell    0  err_xy 0.013  std 0.257  lr 1.0e-04  fps   8628   264.7s
it 11982/15000  reward     nan  ep_len    nan  fell    0  err_xy 0.012  std 0.257  lr 1.0e-04  fps   8615   264.9s
it 11983/15000  reward     nan  ep_len    nan  fell    0  err_xy 0.012  std 0.257  lr 1.0e-04  fps   8776   265.2s
it 11984/15000  reward   53.54  ep_len  400.0  fell    0  err_xy 0.178  std 0.257  lr 1.0e-04  fps   7460   265.5s
it 11985/15000  reward     nan  ep_len    nan  fell    0  err_xy 0.234  std 0.257  lr 1.0e-04  fps   9940   265.7s
it 11986/15000  reward     nan  ep_len    nan  fell    0  err_xy 0.136  std 0.257  lr 1.0e-04  fps   9698   266.0s
it 11987/15000  reward     nan  ep_len    nan  fell    0  err_xy 0.114  std 0.257  lr 1.0e-04  fps   9473   266.2s
it 11988/15000  reward     nan  ep_len    nan  fell    0  err_xy 0.108  std 0.257  lr 1.0e-04  fps   9167   266.5s
it 11989/15000  reward     nan  ep_len    nan  fell    0  err_xy 0.071  std 0.257  lr 1.0e-04  fps   8918   266.7s
it 11990/15000  reward     nan  ep_len    nan  fell    0  err_xy 0.050  std 0.257  lr 1.0e-04  fps   8774   267.0s
it 11991/15000  reward     nan  ep_len    nan  fell    0  err_xy 0.033  std 0.257  lr 1.0e-04  fps   8681   267.2s
it 11992/15000  reward     nan  ep_len    nan  fell    0  err_xy 0.021  std 0.257  lr 1.0e-04  fps   8728   267.5s
it 11993/15000  reward     nan  ep_len    nan  fell    0  err_xy 0.018  std 0.257  lr 1.0e-04  fps   8742   267.8s
it 11994/15000  reward     nan  ep_len    nan  fell    0  err_xy 0.014  std 0.257  lr 1.0e-04  fps   8687   268.0s
it 11995/15000  reward     nan  ep_len    nan  fell    0  err_xy 0.013  std 0.257  lr 1.0e-04  fps   8664   268.3s
it 11996/15000  reward     nan  ep_len    nan  fell    0  err_xy 0.012  std 0.257  lr 1.0e-04  fps   8692   268.6s
it 11997/15000  reward     nan  ep_len    nan  fell    0  err_xy 0.016  std 0.257  lr 1.0e-04  fps   8809   268.8s
it 11998/15000  reward     nan  ep_len    nan  fell    0  err_xy 0.014  std 0.257  lr 1.0e-04  fps   8806   269.1s
it 11999/15000  reward     nan  ep_len    nan  fell    0  err_xy 0.014  std 0.257  lr 1.0e-04  fps   8860   269.4s
it 12000/15000  reward   56.22  ep_len  400.0  fell    0  err_xy 0.020  std 0.257  lr 1.0e-04  fps   7072   269.7s
eval iteration 12000:
  prone          success  25.0%  time 6.92s  peak_τ 0.93 Nm  return 4.24
  supine         success 100.0%  time 1.44s  peak_τ 0.92 Nm  return 34.24
  score 0.625
it 12001/15000  reward     nan  ep_len    nan  fell    0  err_xy 0.287  std 0.257  lr 1.0e-04  fps   9681   271.4s
it 12002/15000  reward     nan  ep_len    nan  fell    0  err_xy 0.193  std 0.257  lr 1.0e-04  fps   9861   271.6s
it 12003/15000  reward     nan  ep_len    nan  fell    0  err_xy 0.139  std 0.257  lr 1.0e-04  fps   9572   271.9s
it 12004/15000  reward     nan  ep_len    nan  fell    0  err_xy 0.119  std 0.257  lr 1.0e-04  fps   9400   272.1s
it 12005/15000  reward     nan  ep_len    nan  fell    0  err_xy 0.088  std 0.257  lr 1.0e-04  fps   8740   272.4s
it 12006/15000  reward     nan  ep_len    nan  fell    0  err_xy 0.057  std 0.257  lr 1.0e-04  fps   8446   272.6s
it 12007/15000  reward     nan  ep_len    nan  fell    0  err_xy 0.042  std 0.258  lr 1.0e-04  fps   7973   272.9s
it 12008/15000  reward     nan  ep_len    nan  fell    0  err_xy 0.026  std 0.257  lr 1.0e-04  fps   8558   273.2s
it 12009/15000  reward     nan  ep_len    nan  fell    0  err_xy 0.021  std 0.257  lr 1.0e-04  fps   7378   273.5s
it 12010/15000  reward     nan  ep_len    nan  fell    0  err_xy 0.014  std 0.258  lr 1.0e-04  fps   8476   273.8s
it 12011/15000  reward     nan  ep_len    nan  fell    0  err_xy 0.012  std 0.257  lr 1.0e-04  fps   8710   274.0s
it 12012/15000  reward     nan  ep_len    nan  fell    0  err_xy 0.011  std 0.257  lr 1.0e-04  fps   8636   274.3s
it 12013/15000  reward     nan  ep_len    nan  fell    0  err_xy 0.011  std 0.257  lr 1.0e-04  fps   8746   274.6s
it 12014/15000  reward     nan  ep_len    nan  fell    0  err_xy 0.011  std 0.257  lr 1.0e-04  fps   8736   274.8s
it 12015/15000  reward     nan  ep_len    nan  fell    0  err_xy 0.011  std 0.257  lr 1.0e-04  fps   8796   275.1s
it 12016/15000  reward     nan  ep_len    nan  fell    0  err_xy 0.011  std 0.257  lr 1.0e-04  fps   8725   275.4s
it 12017/15000  reward   54.07  ep_len  400.0  fell    0  err_xy 0.081  std 0.257  lr 1.0e-04  fps   7274   275.7s
it 12018/15000  reward     nan  ep_len    nan  fell    0  err_xy 0.285  std 0.257  lr 1.0e-04  fps   9623   275.9s
it 12019/15000  reward     nan  ep_len    nan  fell    0  err_xy 0.166  std 0.257  lr 1.0e-04  fps   9494   276.2s
it 12020/15000  reward     nan  ep_len    nan  fell    0  err_xy 0.141  std 0.257  lr 1.0e-04  fps   9201   276.4s
it 12021/15000  reward     nan  ep_len    nan  fell    0  err_xy 0.112  std 0.257  lr 1.0e-04  fps   8720   276.7s
it 12022/15000  reward     nan  ep_len    nan  fell    0  err_xy 0.073  std 0.257  lr 1.0e-04  fps   8617   276.9s
it 12023/15000  reward     nan  ep_len    nan  fell    0  err_xy 0.065  std 0.257  lr 1.0e-04  fps   8443   277.2s
it 12024/15000  reward     nan  ep_len    nan  fell    0  err_xy 0.058  std 0.257  lr 1.0e-04  fps   8299   277.5s
it 12025/15000  reward     nan  ep_len    nan  fell    0  err_xy 0.030  std 0.258  lr 1.0e-04  fps   8114   277.8s
it 12026/15000  reward     nan  ep_len    nan  fell    0  err_xy 0.021  std 0.258  lr 1.0e-04  fps   8275   278.1s
it 12027/15000  reward     nan  ep_len    nan  fell    0  err_xy 0.022  std 0.258  lr 1.0e-04  fps   8333   278.3s
it 12028/15000  reward     nan  ep_len    nan  fell    0  err_xy 0.018  std 0.258  lr 1.0e-04  fps   8446   278.6s
it 12029/15000  reward     nan  ep_len    nan  fell    0  err_xy 0.018  std 0.258  lr 1.0e-04  fps   8471   278.9s
it 12030/15000  reward     nan  ep_len    nan  fell    0  err_xy 0.016  std 0.258  lr 1.0e-04  fps   8533   279.2s
it 12031/15000  reward     nan  ep_len    nan  fell    0  err_xy 0.014  std 0.258  lr 1.0e-04  fps   8381   279.4s
it 12032/15000  reward     nan  ep_len    nan  fell    0  err_xy 0.015  std 0.258  lr 1.0e-04  fps   8654   279.7s
it 12033/15000  reward     nan  ep_len    nan  fell    0  err_xy 0.014  std 0.258  lr 1.0e-04  fps   8705   280.0s
it 12034/15000  reward   58.07  ep_len  400.0  fell    0  err_xy 0.192  std 0.258  lr 1.0e-04  fps   7291   280.3s
it 12035/15000  reward     nan  ep_len    nan  fell    0  err_xy 0.247  std 0.258  lr 1.0e-04  fps   9680   280.5s
it 12036/15000  reward     nan  ep_len    nan  fell    0  err_xy 0.149  std 0.258  lr 1.0e-04  fps   9471   280.8s
it 12037/15000  reward     nan  ep_len    nan  fell    0  err_xy 0.105  std 0.258  lr 1.0e-04  fps   9112   281.0s
it 12038/15000  reward     nan  ep_len    nan  fell    0  err_xy 0.085  std 0.258  lr 1.0e-04  fps   9166   281.3s
it 12039/15000  reward     nan  ep_len    nan  fell    0  err_xy 0.072  std 0.258  lr 1.0e-04  fps   8885   281.5s
it 12040/15000  reward     nan  ep_len    nan  fell    0  err_xy 0.051  std 0.258  lr 1.0e-04  fps   8812   281.8s
it 12041/15000  reward     nan  ep_len    nan  fell    0  err_xy 0.041  std 0.258  lr 1.0e-04  fps   8661   282.1s
it 12042/15000  reward     nan  ep_len    nan  fell    0  err_xy 0.019  std 0.258  lr 1.0e-04  fps   8559   282.3s
it 12043/15000  reward     nan  ep_len    nan  fell    0  err_xy 0.016  std 0.258  lr 1.0e-04  fps   8580   282.6s
it 12044/15000  reward     nan  ep_len    nan  fell    0  err_xy 0.015  std 0.258  lr 1.0e-04  fps   8349   282.9s
it 12045/15000  reward     nan  ep_len    nan  fell    0  err_xy 0.014  std 0.258  lr 1.0e-04  fps   8439   283.1s
it 12046/15000  reward     nan  ep_len    nan  fell    0  err_xy 0.014  std 0.258  lr 1.0e-04  fps   8535   283.4s
it 12047/15000  reward     nan  ep_len    nan  fell    0  err_xy 0.014  std 0.258  lr 1.0e-04  fps   8647   283.7s
it 12048/15000  reward     nan  ep_len    nan  fell    0  err_xy 0.012  std 0.258  lr 1.0e-04  fps   8504   283.9s
it 12049/15000  reward     nan  ep_len    nan  fell    0  err_xy 0.014  std 0.258  lr 1.0e-04  fps   8689   284.2s
it 12050/15000  reward   55.10  ep_len  400.0  fell    0  err_xy 0.014  std 0.258  lr 1.0e-04  fps   6987   284.5s
it 12051/15000  reward     nan  ep_len    nan  fell    0  err_xy 0.282  std 0.258  lr 1.0e-04  fps   9838   284.8s
it 12052/15000  reward     nan  ep_len    nan  fell    0  err_xy 0.220  std 0.258  lr 1.0e-04  fps   9807   285.0s
it 12053/15000  reward     nan  ep_len    nan  fell    0  err_xy 0.152  std 0.258  lr 1.0e-04  fps   9623   285.3s
it 12054/15000  reward     nan  ep_len    nan  fell    0  err_xy 0.103  std 0.258  lr 1.0e-04  fps   9214   285.5s
it 12055/15000  reward     nan  ep_len    nan  fell    0  err_xy 0.073  std 0.258  lr 1.0e-04  fps   9036   285.8s
it 12056/15000  reward     nan  ep_len    nan  fell    0  err_xy 0.062  std 0.258  lr 1.0e-04  fps   8869   286.0s
it 12057/15000  reward     nan  ep_len    nan  fell    0  err_xy 0.051  std 0.258  lr 1.0e-04  fps   8705   286.3s
it 12058/15000  reward     nan  ep_len    nan  fell    0  err_xy 0.035  std 0.258  lr 1.0e-04  fps   8688   286.6s
it 12059/15000  reward     nan  ep_len    nan  fell    0  err_xy 0.032  std 0.258  lr 1.0e-04  fps   8534   286.8s
it 12060/15000  reward     nan  ep_len    nan  fell    0  err_xy 0.022  std 0.258  lr 1.0e-04  fps   8208   287.1s
it 12061/15000  reward     nan  ep_len    nan  fell    0  err_xy 0.019  std 0.258  lr 1.0e-04  fps   8579   287.4s
it 12062/15000  reward     nan  ep_len    nan  fell    0  err_xy 0.016  std 0.258  lr 1.0e-04  fps   8585   287.6s
it 12063/15000  reward     nan  ep_len    nan  fell    0  err_xy 0.020  std 0.258  lr 1.0e-04  fps   8494   287.9s
it 12064/15000  reward     nan  ep_len    nan  fell    0  err_xy 0.015  std 0.258  lr 1.0e-04  fps   8611   288.2s
it 12065/15000  reward     nan  ep_len    nan  fell    0  err_xy 0.015  std 0.258  lr 1.0e-04  fps   8647   288.4s
it 12066/15000  reward     nan  ep_len    nan  fell    0  err_xy 0.014  std 0.258  lr 1.0e-04  fps   8662   288.7s
it 12067/15000  reward   58.70  ep_len  400.0  fell    0  err_xy 0.088  std 0.258  lr 1.0e-04  fps   7098   289.0s
it 12068/15000  reward     nan  ep_len    nan  fell    0  err_xy 0.286  std 0.258  lr 1.0e-04  fps  10007   289.3s
it 12069/15000  reward     nan  ep_len    nan  fell    0  err_xy 0.170  std 0.258  lr 1.0e-04  fps   9849   289.5s
it 12070/15000  reward     nan  ep_len    nan  fell    0  err_xy 0.127  std 0.258  lr 1.0e-04  fps   9608   289.7s
it 12071/15000  reward     nan  ep_len    nan  fell    0  err_xy 0.099  std 0.258  lr 1.0e-04  fps   9407   290.0s
it 12072/15000  reward     nan  ep_len    nan  fell    0  err_xy 0.077  std 0.258  lr 1.0e-04  fps   9115   290.2s
it 12073/15000  reward     nan  ep_len    nan  fell    0  err_xy 0.057  std 0.258  lr 1.0e-04  fps   8904   290.5s
it 12074/15000  reward     nan  ep_len    nan  fell    0  err_xy 0.044  std 0.258  lr 1.0e-04  fps   8784   290.8s
it 12075/15000  reward     nan  ep_len    nan  fell    0  err_xy 0.030  std 0.258  lr 1.0e-04  fps   8664   291.0s
it 12076/15000  reward     nan  ep_len    nan  fell    0  err_xy 0.021  std 0.258  lr 1.0e-04  fps   8621   291.3s
it 12077/15000  reward     nan  ep_len    nan  fell    0  err_xy 0.017  std 0.258  lr 1.0e-04  fps   8661   291.6s
it 12078/15000  reward     nan  ep_len    nan  fell    0  err_xy 0.011  std 0.258  lr 1.0e-04  fps   8631   291.8s
it 12079/15000  reward     nan  ep_len    nan  fell    0  err_xy 0.011  std 0.258  lr 1.0e-04  fps   8671   292.1s
it 12080/15000  reward     nan  ep_len    nan  fell    0  err_xy 0.011  std 0.258  lr 1.0e-04  fps   8661   292.4s
it 12081/15000  reward     nan  ep_len    nan  fell    0  err_xy 0.011  std 0.258  lr 1.0e-04  fps   8707   292.6s
it 12082/15000  reward     nan  ep_len    nan  fell    0  err_xy 0.011  std 0.258  lr 1.0e-04  fps   8748   292.9s
it 12083/15000  reward     nan  ep_len    nan  fell    0  err_xy 0.012  std 0.258  lr 1.0e-04  fps   8789   293.2s
it 12084/15000  reward   50.14  ep_len  400.0  fell    0  err_xy 0.181  std 0.258  lr 1.0e-04  fps   7442   293.5s
it 12085/15000  reward     nan  ep_len    nan  fell    0  err_xy 0.251  std 0.258  lr 1.0e-04  fps   9959   293.7s
it 12086/15000  reward     nan  ep_len    nan  fell    0  err_xy 0.164  std 0.258  lr 1.0e-04  fps   9741   293.9s
it 12087/15000  reward     nan  ep_len    nan  fell    0  err_xy 0.145  std 0.258  lr 1.0e-04  fps   9425   294.2s
it 12088/15000  reward     nan  ep_len    nan  fell    0  err_xy 0.099  std 0.258  lr 1.0e-04  fps   8533   294.4s
it 12089/15000  reward     nan  ep_len    nan  fell    0  err_xy 0.065  std 0.258  lr 1.0e-04  fps   8860   294.7s
it 12090/15000  reward     nan  ep_len    nan  fell    0  err_xy 0.048  std 0.258  lr 1.0e-04  fps   8664   295.0s
it 12091/15000  reward     nan  ep_len    nan  fell    0  err_xy 0.031  std 0.258  lr 1.0e-04  fps   8620   295.2s
it 12092/15000  reward     nan  ep_len    nan  fell    0  err_xy 0.021  std 0.258  lr 1.0e-04  fps   8487   295.5s
it 12093/15000  reward     nan  ep_len    nan  fell    0  err_xy 0.017  std 0.258  lr 1.0e-04  fps   8558   295.8s
it 12094/15000  reward     nan  ep_len    nan  fell    0  err_xy 0.016  std 0.258  lr 1.0e-04  fps   8503   296.1s
it 12095/15000  reward     nan  ep_len    nan  fell    0  err_xy 0.013  std 0.258  lr 1.0e-04  fps   8499   296.3s
it 12096/15000  reward     nan  ep_len    nan  fell    0  err_xy 0.012  std 0.258  lr 1.0e-04  fps   8508   296.6s
it 12097/15000  reward     nan  ep_len    nan  fell    0  err_xy 0.012  std 0.257  lr 1.0e-04  fps   8523   296.9s
it 12098/15000  reward     nan  ep_len    nan  fell    0  err_xy 0.012  std 0.257  lr 1.0e-04  fps   8574   297.1s
it 12099/15000  reward     nan  ep_len    nan  fell    0  err_xy 0.011  std 0.257  lr 1.0e-04  fps   8542   297.4s
it 12100/15000  reward   55.19  ep_len  400.0  fell    0  err_xy 0.011  std 0.257  lr 1.0e-04  fps   6894   297.7s
it 12101/15000  reward     nan  ep_len    nan  fell    0  err_xy 0.284  std 0.257  lr 1.0e-04  fps   9879   298.0s
it 12102/15000  reward     nan  ep_len    nan  fell    0  err_xy 0.208  std 0.257  lr 1.0e-04  fps   9863   298.2s
it 12103/15000  reward     nan  ep_len    nan  fell    0  err_xy 0.133  std 0.257  lr 1.0e-04  fps   9750   298.4s
it 12104/15000  reward     nan  ep_len    nan  fell    0  err_xy 0.091  std 0.257  lr 1.0e-04  fps   9488   298.7s
it 12105/15000  reward     nan  ep_len    nan  fell    0  err_xy 0.074  std 0.257  lr 1.0e-04  fps   9183   298.9s
it 12106/15000  reward     nan  ep_len    nan  fell    0  err_xy 0.047  std 0.257  lr 1.0e-04  fps   8934   299.2s
it 12107/15000  reward     nan  ep_len    nan  fell    0  err_xy 0.031  std 0.257  lr 1.0e-04  fps   8874   299.5s
it 12108/15000  reward     nan  ep_len    nan  fell    0  err_xy 0.026  std 0.257  lr 1.0e-04  fps   8868   299.7s
it 12109/15000  reward     nan  ep_len    nan  fell    0  err_xy 0.020  std 0.257  lr 1.0e-04  fps   8849   300.0s
it 12110/15000  reward     nan  ep_len    nan  fell    0  err_xy 0.017  std 0.257  lr 1.0e-04  fps   8810   300.2s
it 12111/15000  reward     nan  ep_len    nan  fell    0  err_xy 0.015  std 0.257  lr 1.0e-04  fps   8845   300.5s
it 12112/15000  reward     nan  ep_len    nan  fell    0  err_xy 0.014  std 0.257  lr 1.0e-04  fps   8824   300.8s
it 12113/15000  reward     nan  ep_len    nan  fell    0  err_xy 0.014  std 0.257  lr 1.0e-04  fps   8893   301.0s
it 12114/15000  reward     nan  ep_len    nan  fell    0  err_xy 0.012  std 0.257  lr 1.0e-04  fps   8831   301.3s
it 12115/15000  reward     nan  ep_len    nan  fell    0  err_xy 0.012  std 0.257  lr 1.0e-04  fps   8869   301.5s
it 12116/15000  reward     nan  ep_len    nan  fell    0  err_xy 0.012  std 0.257  lr 1.0e-04  fps   8863   301.8s
it 12117/15000  reward   46.93  ep_len  400.0  fell    0  err_xy 0.085  std 0.257  lr 1.0e-04  fps   7116   302.1s
it 12118/15000  reward     nan  ep_len    nan  fell    0  err_xy 0.270  std 0.257  lr 1.0e-04  fps   9724   302.4s
it 12119/15000  reward     nan  ep_len    nan  fell    0  err_xy 0.181  std 0.257  lr 1.0e-04  fps   9627   302.6s
it 12120/15000  reward     nan  ep_len    nan  fell    0  err_xy 0.129  std 0.257  lr 1.0e-04  fps   9461   302.8s
it 12121/15000  reward     nan  ep_len    nan  fell    0  err_xy 0.087  std 0.257  lr 1.0e-04  fps   9215   303.1s
it 12122/15000  reward     nan  ep_len    nan  fell    0  err_xy 0.062  std 0.257  lr 1.0e-04  fps   8960   303.4s
it 12123/15000  reward     nan  ep_len    nan  fell    0  err_xy 0.051  std 0.257  lr 1.0e-04  fps   8819   303.6s
it 12124/15000  reward     nan  ep_len    nan  fell    0  err_xy 0.045  std 0.258  lr 1.0e-04  fps   8809   303.9s
it 12125/15000  reward     nan  ep_len    nan  fell    0  err_xy 0.039  std 0.258  lr 1.0e-04  fps   8729   304.1s
it 12126/15000  reward     nan  ep_len    nan  fell    0  err_xy 0.030  std 0.258  lr 1.0e-04  fps   8690   304.4s
it 12127/15000  reward     nan  ep_len    nan  fell    0  err_xy 0.025  std 0.258  lr 1.0e-04  fps   8713   304.7s
it 12128/15000  reward     nan  ep_len    nan  fell    0  err_xy 0.020  std 0.258  lr 1.0e-04  fps   8648   304.9s
it 12129/15000  reward     nan  ep_len    nan  fell    0  err_xy 0.014  std 0.258  lr 1.0e-04  fps   8665   305.2s
it 12130/15000  reward     nan  ep_len    nan  fell    0  err_xy 0.014  std 0.258  lr 1.0e-04  fps   8695   305.5s
it 12131/15000  reward     nan  ep_len    nan  fell    0  err_xy 0.015  std 0.258  lr 1.0e-04  fps   8772   305.7s
it 12132/15000  reward     nan  ep_len    nan  fell    0  err_xy 0.013  std 0.257  lr 1.0e-04  fps   8680   306.0s
it 12133/15000  reward     nan  ep_len    nan  fell    0  err_xy 0.012  std 0.257  lr 1.0e-04  fps   8789   306.3s
it 12134/15000  reward   53.42  ep_len  400.0  fell    0  err_xy 0.204  std 0.257  lr 1.0e-04  fps   7346   306.6s
it 12135/15000  reward     nan  ep_len    nan  fell    0  err_xy 0.242  std 0.257  lr 1.0e-04  fps   9903   306.8s
it 12136/15000  reward     nan  ep_len    nan  fell    0  err_xy 0.149  std 0.257  lr 1.0e-04  fps   9829   307.0s
it 12137/15000  reward     nan  ep_len    nan  fell    0  err_xy 0.132  std 0.257  lr 1.0e-04  fps   9537   307.3s
it 12138/15000  reward     nan  ep_len    nan  fell    0  err_xy 0.111  std 0.257  lr 1.0e-04  fps   9283   307.5s
it 12139/15000  reward     nan  ep_len    nan  fell    0  err_xy 0.090  std 0.257  lr 1.0e-04  fps   9112   307.8s
it 12140/15000  reward     nan  ep_len    nan  fell    0  err_xy 0.079  std 0.258  lr 1.0e-04  fps   8994   308.0s
it 12141/15000  reward     nan  ep_len    nan  fell    0  err_xy 0.062  std 0.258  lr 1.0e-04  fps   8856   308.3s
it 12142/15000  reward     nan  ep_len    nan  fell    0  err_xy 0.048  std 0.258  lr 1.0e-04  fps   8844   308.6s
it 12143/15000  reward     nan  ep_len    nan  fell    0  err_xy 0.035  std 0.258  lr 1.0e-04  fps   8770   308.8s
it 12144/15000  reward     nan  ep_len    nan  fell    0  err_xy 0.025  std 0.258  lr 1.0e-04  fps   8694   309.1s
it 12145/15000  reward     nan  ep_len    nan  fell    0  err_xy 0.020  std 0.258  lr 1.0e-04  fps   8074   309.4s
it 12146/15000  reward     nan  ep_len    nan  fell    0  err_xy 0.018  std 0.258  lr 1.0e-04  fps   8729   309.6s
it 12147/15000  reward     nan  ep_len    nan  fell    0  err_xy 0.016  std 0.258  lr 1.0e-04  fps   8732   309.9s
it 12148/15000  reward     nan  ep_len    nan  fell    0  err_xy 0.015  std 0.258  lr 1.0e-04  fps   8740   310.2s
it 12149/15000  reward     nan  ep_len    nan  fell    0  err_xy 0.015  std 0.257  lr 1.0e-04  fps   8716   310.4s
it 12150/15000  reward   57.87  ep_len  400.0  fell    0  err_xy 0.015  std 0.257  lr 1.0e-04  fps   7058   310.8s
it 12151/15000  reward     nan  ep_len    nan  fell    0  err_xy 0.285  std 0.257  lr 1.0e-04  fps   9966   311.0s
it 12152/15000  reward     nan  ep_len    nan  fell    0  err_xy 0.205  std 0.257  lr 1.0e-04  fps  10033   311.2s
it 12153/15000  reward     nan  ep_len    nan  fell    0  err_xy 0.128  std 0.257  lr 1.0e-04  fps   9787   311.5s
it 12154/15000  reward     nan  ep_len    nan  fell    0  err_xy 0.094  std 0.257  lr 1.0e-04  fps   9088   311.7s
it 12155/15000  reward     nan  ep_len    nan  fell    0  err_xy 0.062  std 0.257  lr 1.0e-04  fps   9271   312.0s
it 12156/15000  reward     nan  ep_len    nan  fell    0  err_xy 0.061  std 0.257  lr 1.0e-04  fps   9152   312.2s
it 12157/15000  reward     nan  ep_len    nan  fell    0  err_xy 0.055  std 0.258  lr 1.0e-04  fps   9122   312.5s
it 12158/15000  reward     nan  ep_len    nan  fell    0  err_xy 0.042  std 0.258  lr 1.0e-04  fps   8957   312.7s
it 12159/15000  reward     nan  ep_len    nan  fell    0  err_xy 0.038  std 0.258  lr 1.0e-04  fps   8944   313.0s
it 12160/15000  reward     nan  ep_len    nan  fell    0  err_xy 0.030  std 0.258  lr 1.0e-04  fps   8988   313.2s
it 12161/15000  reward     nan  ep_len    nan  fell    0  err_xy 0.024  std 0.258  lr 1.0e-04  fps   8875   313.5s
it 12162/15000  reward     nan  ep_len    nan  fell    0  err_xy 0.017  std 0.258  lr 1.0e-04  fps   8958   313.8s
it 12163/15000  reward     nan  ep_len    nan  fell    0  err_xy 0.014  std 0.258  lr 1.0e-04  fps   8998   314.0s
it 12164/15000  reward     nan  ep_len    nan  fell    0  err_xy 0.015  std 0.258  lr 1.0e-04  fps   8992   314.3s
it 12165/15000  reward     nan  ep_len    nan  fell    0  err_xy 0.013  std 0.258  lr 1.0e-04  fps   9066   314.5s
it 12166/15000  reward     nan  ep_len    nan  fell    0  err_xy 0.015  std 0.258  lr 1.0e-04  fps   9148   314.8s
it 12167/15000  reward   40.94  ep_len  400.0  fell    0  err_xy 0.084  std 0.258  lr 1.0e-04  fps   7315   315.1s
it 12168/15000  reward     nan  ep_len    nan  fell    0  err_xy 0.281  std 0.258  lr 1.0e-04  fps   9935   315.3s
it 12169/15000  reward     nan  ep_len    nan  fell    0  err_xy 0.195  std 0.258  lr 1.0e-04  fps   9882   315.6s
it 12170/15000  reward     nan  ep_len    nan  fell    0  err_xy 0.134  std 0.258  lr 1.0e-04  fps   9607   315.8s
it 12171/15000  reward     nan  ep_len    nan  fell    0  err_xy 0.121  std 0.258  lr 1.0e-04  fps   9281   316.0s
it 12172/15000  reward     nan  ep_len    nan  fell    0  err_xy 0.083  std 0.258  lr 1.0e-04  fps   9077   316.3s
it 12173/15000  reward     nan  ep_len    nan  fell    0  err_xy 0.062  std 0.258  lr 1.0e-04  fps   8985   316.6s
it 12174/15000  reward     nan  ep_len    nan  fell    0  err_xy 0.052  std 0.258  lr 1.0e-04  fps   8929   316.8s
it 12175/15000  reward     nan  ep_len    nan  fell    0  err_xy 0.042  std 0.258  lr 1.0e-04  fps   8756   317.1s
it 12176/15000  reward     nan  ep_len    nan  fell    0  err_xy 0.034  std 0.258  lr 1.0e-04  fps   8681   317.3s
it 12177/15000  reward     nan  ep_len    nan  fell    0  err_xy 0.024  std 0.258  lr 1.0e-04  fps   8639   317.6s
it 12178/15000  reward     nan  ep_len    nan  fell    0  err_xy 0.021  std 0.258  lr 1.0e-04  fps   8709   317.9s
it 12179/15000  reward     nan  ep_len    nan  fell    0  err_xy 0.016  std 0.258  lr 1.0e-04  fps   8783   318.1s
it 12180/15000  reward     nan  ep_len    nan  fell    0  err_xy 0.018  std 0.258  lr 1.0e-04  fps   8699   318.4s
it 12181/15000  reward     nan  ep_len    nan  fell    0  err_xy 0.015  std 0.258  lr 1.0e-04  fps   8662   318.7s
it 12182/15000  reward     nan  ep_len    nan  fell    0  err_xy 0.014  std 0.258  lr 1.0e-04  fps   8643   318.9s
it 12183/15000  reward     nan  ep_len    nan  fell    0  err_xy 0.013  std 0.258  lr 1.0e-04  fps   8651   319.2s
it 12184/15000  reward   48.48  ep_len  400.0  fell    0  err_xy 0.208  std 0.258  lr 1.0e-04  fps   7086   319.5s
it 12185/15000  reward     nan  ep_len    nan  fell    0  err_xy 0.246  std 0.258  lr 1.0e-04  fps   9741   319.8s
it 12186/15000  reward     nan  ep_len    nan  fell    0  err_xy 0.135  std 0.258  lr 1.0e-04  fps   9265   320.0s
it 12187/15000  reward     nan  ep_len    nan  fell    0  err_xy 0.120  std 0.258  lr 1.0e-04  fps   9101   320.3s
it 12188/15000  reward     nan  ep_len    nan  fell    0  err_xy 0.099  std 0.258  lr 1.0e-04  fps   9422   320.5s
it 12189/15000  reward     nan  ep_len    nan  fell    0  err_xy 0.069  std 0.258  lr 1.0e-04  fps   9146   320.8s
it 12190/15000  reward     nan  ep_len    nan  fell    0  err_xy 0.063  std 0.258  lr 1.0e-04  fps   9045   321.0s
it 12191/15000  reward     nan  ep_len    nan  fell    0  err_xy 0.051  std 0.258  lr 1.0e-04  fps   8970   321.3s
it 12192/15000  reward     nan  ep_len    nan  fell    0  err_xy 0.037  std 0.258  lr 1.0e-04  fps   8807   321.5s
it 12193/15000  reward     nan  ep_len    nan  fell    0  err_xy 0.026  std 0.258  lr 1.0e-04  fps   8794   321.8s
it 12194/15000  reward     nan  ep_len    nan  fell    0  err_xy 0.018  std 0.258  lr 1.0e-04  fps   8685   322.1s
it 12195/15000  reward     nan  ep_len    nan  fell    0  err_xy 0.015  std 0.258  lr 1.0e-04  fps   8885   322.3s
it 12196/15000  reward     nan  ep_len    nan  fell    0  err_xy 0.013  std 0.258  lr 1.0e-04  fps   8887   322.6s
it 12197/15000  reward     nan  ep_len    nan  fell    0  err_xy 0.013  std 0.258  lr 1.0e-04  fps   8921   322.8s
it 12198/15000  reward     nan  ep_len    nan  fell    0  err_xy 0.011  std 0.258  lr 1.0e-04  fps   9017   323.1s
it 12199/15000  reward     nan  ep_len    nan  fell    0  err_xy 0.012  std 0.258  lr 1.0e-04  fps   8964   323.4s
it 12200/15000  reward   39.24  ep_len  400.0  fell    0  err_xy 0.011  std 0.258  lr 1.0e-04  fps   7078   323.7s
eval iteration 12200:
  prone          success  25.0%  time 6.59s  peak_τ 0.95 Nm  return 3.60
  supine         success 100.0%  time 1.85s  peak_τ 0.92 Nm  return 32.66
  score 0.625
it 12201/15000  reward     nan  ep_len    nan  fell    0  err_xy 0.287  std 0.258  lr 1.0e-04  fps   9799   325.4s
it 12202/15000  reward     nan  ep_len    nan  fell    0  err_xy 0.200  std 0.258  lr 1.0e-04  fps   9933   325.6s
it 12203/15000  reward     nan  ep_len    nan  fell    0  err_xy 0.118  std 0.258  lr 1.0e-04  fps   9775   325.8s
it 12204/15000  reward     nan  ep_len    nan  fell    0  err_xy 0.113  std 0.258  lr 1.0e-04  fps   9564   326.1s
it 12205/15000  reward     nan  ep_len    nan  fell    0  err_xy 0.094  std 0.258  lr 1.0e-04  fps   9005   326.3s
it 12206/15000  reward     nan  ep_len    nan  fell    0  err_xy 0.068  std 0.258  lr 1.0e-04  fps   8633   326.6s
it 12207/15000  reward     nan  ep_len    nan  fell    0  err_xy 0.047  std 0.258  lr 1.0e-04  fps   8915   326.9s
it 12208/15000  reward     nan  ep_len    nan  fell    0  err_xy 0.037  std 0.258  lr 1.0e-04  fps   8934   327.1s
it 12209/15000  reward     nan  ep_len    nan  fell    0  err_xy 0.029  std 0.258  lr 1.0e-04  fps   8937   327.4s
it 12210/15000  reward     nan  ep_len    nan  fell    0  err_xy 0.020  std 0.258  lr 1.0e-04  fps   8927   327.6s
it 12211/15000  reward     nan  ep_len    nan  fell    0  err_xy 0.015  std 0.258  lr 1.0e-04  fps   8848   327.9s
it 12212/15000  reward     nan  ep_len    nan  fell    0  err_xy 0.012  std 0.258  lr 1.0e-04  fps   8884   328.2s
it 12213/15000  reward     nan  ep_len    nan  fell    0  err_xy 0.011  std 0.258  lr 1.0e-04  fps   8841   328.4s
it 12214/15000  reward     nan  ep_len    nan  fell    0  err_xy 0.011  std 0.258  lr 1.0e-04  fps   8280   328.7s
it 12215/15000  reward     nan  ep_len    nan  fell    0  err_xy 0.011  std 0.258  lr 1.0e-04  fps   8903   329.0s
it 12216/15000  reward     nan  ep_len    nan  fell    0  err_xy 0.011  std 0.257  lr 1.0e-04  fps   8912   329.2s
it 12217/15000  reward   44.66  ep_len  400.0  fell    0  err_xy 0.095  std 0.257  lr 1.0e-04  fps   7172   329.5s
it 12218/15000  reward     nan  ep_len    nan  fell    0  err_xy 0.304  std 0.257  lr 1.0e-04  fps   9617   329.8s
it 12219/15000  reward     nan  ep_len    nan  fell    0  err_xy 0.144  std 0.257  lr 1.0e-04  fps   9743   330.0s
it 12220/15000  reward     nan  ep_len    nan  fell    0  err_xy 0.100  std 0.257  lr 1.0e-04  fps   9513   330.3s
it 12221/15000  reward     nan  ep_len    nan  fell    0  err_xy 0.084  std 0.257  lr 1.0e-04  fps   9324   330.5s
it 12222/15000  reward     nan  ep_len    nan  fell    0  err_xy 0.062  std 0.257  lr 1.0e-04  fps   9116   330.8s
it 12223/15000  reward     nan  ep_len    nan  fell    0  err_xy 0.046  std 0.258  lr 1.0e-04  fps   9050   331.0s
it 12224/15000  reward     nan  ep_len    nan  fell    0  err_xy 0.031  std 0.258  lr 1.0e-04  fps   8882   331.3s
it 12225/15000  reward     nan  ep_len    nan  fell    0  err_xy 0.026  std 0.258  lr 1.0e-04  fps   8841   331.5s
it 12226/15000  reward     nan  ep_len    nan  fell    0  err_xy 0.023  std 0.258  lr 1.0e-04  fps   8390   331.8s
it 12227/15000  reward     nan  ep_len    nan  fell    0  err_xy 0.020  std 0.258  lr 1.0e-04  fps   8027   332.1s
it 12228/15000  reward     nan  ep_len    nan  fell    0  err_xy 0.020  std 0.258  lr 1.0e-04  fps   9022   332.3s
it 12229/15000  reward     nan  ep_len    nan  fell    0  err_xy 0.017  std 0.258  lr 1.0e-04  fps   9058   332.6s
it 12230/15000  reward     nan  ep_len    nan  fell    0  err_xy 0.012  std 0.258  lr 1.0e-04  fps   9066   332.9s
it 12231/15000  reward     nan  ep_len    nan  fell    0  err_xy 0.011  std 0.258  lr 1.0e-04  fps   8892   333.1s
it 12232/15000  reward     nan  ep_len    nan  fell    0  err_xy 0.012  std 0.258  lr 1.0e-04  fps   8910   333.4s
it 12233/15000  reward     nan  ep_len    nan  fell    0  err_xy 0.012  std 0.257  lr 1.0e-04  fps   8725   333.6s
it 12234/15000  reward   40.82  ep_len  400.0  fell    0  err_xy 0.182  std 0.257  lr 1.0e-04  fps   7281   334.0s
it 12235/15000  reward     nan  ep_len    nan  fell    0  err_xy 0.260  std 0.257  lr 1.0e-04  fps   9968   334.2s
it 12236/15000  reward     nan  ep_len    nan  fell    0  err_xy 0.127  std 0.258  lr 1.0e-04  fps   9887   334.4s
it 12237/15000  reward     nan  ep_len    nan  fell    0  err_xy 0.101  std 0.258  lr 1.0e-04  fps   9759   334.7s
it 12238/15000  reward     nan  ep_len    nan  fell    0  err_xy 0.083  std 0.258  lr 1.0e-04  fps   9433   334.9s
it 12239/15000  reward     nan  ep_len    nan  fell    0  err_xy 0.056  std 0.258  lr 1.0e-04  fps   9382   335.1s
it 12240/15000  reward     nan  ep_len    nan  fell    0  err_xy 0.047  std 0.258  lr 1.0e-04  fps   9295   335.4s
it 12241/15000  reward     nan  ep_len    nan  fell    0  err_xy 0.035  std 0.258  lr 1.0e-04  fps   9206   335.6s
it 12242/15000  reward     nan  ep_len    nan  fell    0  err_xy 0.032  std 0.258  lr 1.0e-04  fps   9166   335.9s
it 12243/15000  reward     nan  ep_len    nan  fell    0  err_xy 0.023  std 0.258  lr 1.0e-04  fps   9222   336.1s
it 12244/15000  reward     nan  ep_len    nan  fell    0  err_xy 0.019  std 0.258  lr 1.0e-04  fps   9108   336.4s
it 12245/15000  reward     nan  ep_len    nan  fell    0  err_xy 0.015  std 0.258  lr 1.0e-04  fps   9132   336.7s
it 12246/15000  reward     nan  ep_len    nan  fell    0  err_xy 0.015  std 0.258  lr 1.0e-04  fps   8873   336.9s
it 12247/15000  reward     nan  ep_len    nan  fell    0  err_xy 0.019  std 0.258  lr 1.0e-04  fps   8862   337.2s
it 12248/15000  reward     nan  ep_len    nan  fell    0  err_xy 0.016  std 0.258  lr 1.0e-04  fps   9066   337.4s
it 12249/15000  reward     nan  ep_len    nan  fell    0  err_xy 0.020  std 0.258  lr 1.0e-04  fps   9013   337.7s
it 12250/15000  reward   34.45  ep_len  400.0  fell    0  err_xy 0.019  std 0.258  lr 1.0e-04  fps   7131   338.0s
it 12251/15000  reward     nan  ep_len    nan  fell    0  err_xy 0.280  std 0.258  lr 1.0e-04  fps   9677   338.2s
it 12252/15000  reward     nan  ep_len    nan  fell    0  err_xy 0.218  std 0.258  lr 1.0e-04  fps   9791   338.5s
it 12253/15000  reward     nan  ep_len    nan  fell    0  err_xy 0.119  std 0.258  lr 1.0e-04  fps   9534   338.7s
it 12254/15000  reward     nan  ep_len    nan  fell    0  err_xy 0.108  std 0.258  lr 1.0e-04  fps   9221   339.0s
it 12255/15000  reward     nan  ep_len    nan  fell    0  err_xy 0.084  std 0.258  lr 1.0e-04  fps   8922   339.2s
it 12256/15000  reward     nan  ep_len    nan  fell    0  err_xy 0.070  std 0.258  lr 1.0e-04  fps   9010   339.5s
it 12257/15000  reward     nan  ep_len    nan  fell    0  err_xy 0.061  std 0.258  lr 1.0e-04  fps   8846   339.7s
it 12258/15000  reward     nan  ep_len    nan  fell    0  err_xy 0.056  std 0.258  lr 1.0e-04  fps   8765   340.0s
it 12259/15000  reward     nan  ep_len    nan  fell    0  err_xy 0.034  std 0.258  lr 1.0e-04  fps   8656   340.3s
it 12260/15000  reward     nan  ep_len    nan  fell    0  err_xy 0.026  std 0.258  lr 1.0e-04  fps   8582   340.5s
it 12261/15000  reward     nan  ep_len    nan  fell    0  err_xy 0.029  std 0.258  lr 1.0e-04  fps   8654   340.8s
it 12262/15000  reward     nan  ep_len    nan  fell    0  err_xy 0.023  std 0.258  lr 1.0e-04  fps   8656   341.1s
it 12263/15000  reward     nan  ep_len    nan  fell    0  err_xy 0.018  std 0.258  lr 1.0e-04  fps   8632   341.3s
it 12264/15000  reward     nan  ep_len    nan  fell    0  err_xy 0.020  std 0.258  lr 1.0e-04  fps   8646   341.6s
it 12265/15000  reward     nan  ep_len    nan  fell    0  err_xy 0.017  std 0.258  lr 1.0e-04  fps   8639   341.9s
it 12266/15000  reward     nan  ep_len    nan  fell    0  err_xy 0.014  std 0.258  lr 1.0e-04  fps   8314   342.2s
it 12267/15000  reward   53.68  ep_len  400.0  fell    0  err_xy 0.084  std 0.258  lr 1.0e-04  fps   6985   342.5s
it 12268/15000  reward     nan  ep_len    nan  fell    0  err_xy 0.279  std 0.258  lr 1.0e-04  fps   9956   342.7s
it 12269/15000  reward     nan  ep_len    nan  fell    0  err_xy 0.174  std 0.258  lr 1.0e-04  fps   9891   343.0s
it 12270/15000  reward     nan  ep_len    nan  fell    0  err_xy 0.121  std 0.258  lr 1.0e-04  fps   9841   343.2s
it 12271/15000  reward     nan  ep_len    nan  fell    0  err_xy 0.117  std 0.258  lr 1.0e-04  fps   9427   343.4s
it 12272/15000  reward     nan  ep_len    nan  fell    0  err_xy 0.090  std 0.258  lr 1.0e-04  fps   9270   343.7s
it 12273/15000  reward     nan  ep_len    nan  fell    0  err_xy 0.073  std 0.258  lr 1.0e-04  fps   8838   343.9s
it 12274/15000  reward     nan  ep_len    nan  fell    0  err_xy 0.069  std 0.258  lr 1.0e-04  fps   8541   344.2s
it 12275/15000  reward     nan  ep_len    nan  fell    0  err_xy 0.058  std 0.258  lr 1.0e-04  fps   8987   344.5s
it 12276/15000  reward     nan  ep_len    nan  fell    0  err_xy 0.045  std 0.258  lr 1.0e-04  fps   8984   344.7s
it 12277/15000  reward     nan  ep_len    nan  fell    0  err_xy 0.028  std 0.258  lr 1.0e-04  fps   8756   345.0s
it 12278/15000  reward     nan  ep_len    nan  fell    0  err_xy 0.025  std 0.258  lr 1.0e-04  fps   8537   345.3s
it 12279/15000  reward     nan  ep_len    nan  fell    0  err_xy 0.020  std 0.258  lr 1.0e-04  fps   8648   345.5s
it 12280/15000  reward     nan  ep_len    nan  fell    0  err_xy 0.018  std 0.258  lr 1.0e-04  fps   8634   345.8s
it 12281/15000  reward     nan  ep_len    nan  fell    0  err_xy 0.013  std 0.258  lr 1.0e-04  fps   8387   346.1s
it 12282/15000  reward     nan  ep_len    nan  fell    0  err_xy 0.013  std 0.259  lr 1.0e-04  fps   6928   346.4s
it 12283/15000  reward     nan  ep_len    nan  fell    0  err_xy 0.013  std 0.259  lr 1.0e-04  fps   7034   346.7s
it 12284/15000  reward   40.03  ep_len  400.0  fell    0  err_xy 0.187  std 0.259  lr 1.0e-04  fps   6779   347.1s
it 12285/15000  reward     nan  ep_len    nan  fell    0  err_xy 0.259  std 0.259  lr 1.0e-04  fps   9806   347.3s
it 12286/15000  reward     nan  ep_len    nan  fell    0  err_xy 0.137  std 0.259  lr 1.0e-04  fps   9824   347.5s
it 12287/15000  reward     nan  ep_len    nan  fell    0  err_xy 0.110  std 0.259  lr 1.0e-04  fps   9606   347.8s
it 12288/15000  reward     nan  ep_len    nan  fell    0  err_xy 0.106  std 0.259  lr 1.0e-04  fps   9427   348.0s
it 12289/15000  reward     nan  ep_len    nan  fell    0  err_xy 0.107  std 0.259  lr 1.0e-04  fps   8898   348.3s
it 12290/15000  reward     nan  ep_len    nan  fell    0  err_xy 0.085  std 0.259  lr 1.0e-04  fps   9099   348.5s
it 12291/15000  reward     nan  ep_len    nan  fell    0  err_xy 0.068  std 0.259  lr 1.0e-04  fps   8983   348.8s
it 12292/15000  reward     nan  ep_len    nan  fell    0  err_xy 0.056  std 0.259  lr 1.0e-04  fps   8931   349.1s
it 12293/15000  reward     nan  ep_len    nan  fell    0  err_xy 0.035  std 0.259  lr 1.0e-04  fps   8805   349.3s
it 12294/15000  reward     nan  ep_len    nan  fell    0  err_xy 0.031  std 0.259  lr 1.0e-04  fps   8822   349.6s
it 12295/15000  reward     nan  ep_len    nan  fell    0  err_xy 0.026  std 0.259  lr 1.0e-04  fps   8765   349.8s
it 12296/15000  reward     nan  ep_len    nan  fell    0  err_xy 0.022  std 0.259  lr 1.0e-04  fps   8599   350.1s
it 12297/15000  reward     nan  ep_len    nan  fell    0  err_xy 0.022  std 0.259  lr 1.0e-04  fps   8691   350.4s
it 12298/15000  reward     nan  ep_len    nan  fell    0  err_xy 0.014  std 0.259  lr 1.0e-04  fps   8658   350.6s
it 12299/15000  reward     nan  ep_len    nan  fell    0  err_xy 0.013  std 0.259  lr 1.0e-04  fps   8753   350.9s
it 12300/15000  reward   42.81  ep_len  400.0  fell    0  err_xy 0.013  std 0.259  lr 1.0e-04  fps   6974   351.2s
it 12301/15000  reward     nan  ep_len    nan  fell    0  err_xy 0.283  std 0.259  lr 1.0e-04  fps   9863   351.5s
it 12302/15000  reward     nan  ep_len    nan  fell    0  err_xy 0.221  std 0.259  lr 1.0e-04  fps   9894   351.7s
it 12303/15000  reward     nan  ep_len    nan  fell    0  err_xy 0.138  std 0.259  lr 1.0e-04  fps   9634   351.9s
it 12304/15000  reward     nan  ep_len    nan  fell    0  err_xy 0.100  std 0.259  lr 1.0e-04  fps   9348   352.2s
it 12305/15000  reward     nan  ep_len    nan  fell    0  err_xy 0.085  std 0.259  lr 1.0e-04  fps   9141   352.4s
it 12306/15000  reward     nan  ep_len    nan  fell    0  err_xy 0.058  std 0.259  lr 1.0e-04  fps   8906   352.7s
it 12307/15000  reward     nan  ep_len    nan  fell    0  err_xy 0.043  std 0.259  lr 1.0e-04  fps   8804   353.0s
it 12308/15000  reward     nan  ep_len    nan  fell    0  err_xy 0.035  std 0.259  lr 1.0e-04  fps   8795   353.2s
it 12309/15000  reward     nan  ep_len    nan  fell    0  err_xy 0.036  std 0.259  lr 1.0e-04  fps   8771   353.5s
it 12310/15000  reward     nan  ep_len    nan  fell    0  err_xy 0.027  std 0.259  lr 1.0e-04  fps   8802   353.7s
it 12311/15000  reward     nan  ep_len    nan  fell    0  err_xy 0.021  std 0.259  lr 1.0e-04  fps   8733   354.0s
it 12312/15000  reward     nan  ep_len    nan  fell    0  err_xy 0.022  std 0.259  lr 1.0e-04  fps   8722   354.3s
it 12313/15000  reward     nan  ep_len    nan  fell    0  err_xy 0.018  std 0.259  lr 1.0e-04  fps   8648   354.5s
it 12314/15000  reward     nan  ep_len    nan  fell    0  err_xy 0.016  std 0.259  lr 1.0e-04  fps   8697   354.8s
it 12315/15000  reward     nan  ep_len    nan  fell    0  err_xy 0.018  std 0.259  lr 1.0e-04  fps   8805   355.1s
it 12316/15000  reward     nan  ep_len    nan  fell    0  err_xy 0.012  std 0.259  lr 1.0e-04  fps   8652   355.3s
it 12317/15000  reward   52.19  ep_len  400.0  fell    0  err_xy 0.089  std 0.259  lr 1.0e-04  fps   7255   355.7s
it 12318/15000  reward     nan  ep_len    nan  fell    0  err_xy 0.278  std 0.259  lr 1.0e-04  fps   9955   355.9s
it 12319/15000  reward     nan  ep_len    nan  fell    0  err_xy 0.201  std 0.259  lr 1.0e-04  fps   9939   356.1s
it 12320/15000  reward     nan  ep_len    nan  fell    0  err_xy 0.138  std 0.259  lr 1.0e-04  fps   9723   356.4s
it 12321/15000  reward     nan  ep_len    nan  fell    0  err_xy 0.135  std 0.259  lr 1.0e-04  fps   9444   356.6s
it 12322/15000  reward     nan  ep_len    nan  fell    0  err_xy 0.097  std 0.259  lr 1.0e-04  fps   9012   356.9s
it 12323/15000  reward     nan  ep_len    nan  fell    0  err_xy 0.056  std 0.259  lr 1.0e-04  fps   8984   357.1s
it 12324/15000  reward     nan  ep_len    nan  fell    0  err_xy 0.050  std 0.259  lr 1.0e-04  fps   8711   357.4s
it 12325/15000  reward     nan  ep_len    nan  fell    0  err_xy 0.032  std 0.259  lr 1.0e-04  fps   8631   357.6s
it 12326/15000  reward     nan  ep_len    nan  fell    0  err_xy 0.023  std 0.259  lr 1.0e-04  fps   8583   357.9s
it 12327/15000  reward     nan  ep_len    nan  fell    0  err_xy 0.017  std 0.259  lr 1.0e-04  fps   8541   358.2s
it 12328/15000  reward     nan  ep_len    nan  fell    0  err_xy 0.018  std 0.259  lr 1.0e-04  fps   8489   358.5s
it 12329/15000  reward     nan  ep_len    nan  fell    0  err_xy 0.013  std 0.259  lr 1.0e-04  fps   8500   358.7s
it 12330/15000  reward     nan  ep_len    nan  fell    0  err_xy 0.013  std 0.259  lr 1.0e-04  fps   8542   359.0s
it 12331/15000  reward     nan  ep_len    nan  fell    0  err_xy 0.013  std 0.259  lr 1.0e-04  fps   8547   359.3s
it 12332/15000  reward     nan  ep_len    nan  fell    0  err_xy 0.012  std 0.259  lr 1.0e-04  fps   8573   359.5s
it 12333/15000  reward     nan  ep_len    nan  fell    0  err_xy 0.012  std 0.259  lr 1.0e-04  fps   8629   359.8s
it 12334/15000  reward   52.68  ep_len  400.0  fell    0  err_xy 0.189  std 0.259  lr 1.0e-04  fps   7369   360.1s
it 12335/15000  reward     nan  ep_len    nan  fell    0  err_xy 0.255  std 0.259  lr 1.0e-04  fps   9792   360.4s
it 12336/15000  reward     nan  ep_len    nan  fell    0  err_xy 0.148  std 0.259  lr 1.0e-04  fps   9824   360.6s
it 12337/15000  reward     nan  ep_len    nan  fell    0  err_xy 0.114  std 0.259  lr 1.0e-04  fps   9746   360.8s
it 12338/15000  reward     nan  ep_len    nan  fell    0  err_xy 0.123  std 0.259  lr 1.0e-04  fps   9668   361.1s
it 12339/15000  reward     nan  ep_len    nan  fell    0  err_xy 0.097  std 0.259  lr 1.0e-04  fps   9359   361.3s
it 12340/15000  reward     nan  ep_len    nan  fell    0  err_xy 0.076  std 0.259  lr 1.0e-04  fps   9252   361.6s
it 12341/15000  reward     nan  ep_len    nan  fell    0  err_xy 0.066  std 0.259  lr 1.0e-04  fps   9184   361.8s
it 12342/15000  reward     nan  ep_len    nan  fell    0  err_xy 0.051  std 0.259  lr 1.0e-04  fps   8929   362.1s
it 12343/15000  reward     nan  ep_len    nan  fell    0  err_xy 0.037  std 0.259  lr 1.0e-04  fps   8746   362.3s
it 12344/15000  reward     nan  ep_len    nan  fell    0  err_xy 0.024  std 0.259  lr 1.0e-04  fps   8835   362.6s
it 12345/15000  reward     nan  ep_len    nan  fell    0  err_xy 0.014  std 0.259  lr 1.0e-04  fps   8770   362.9s
it 12346/15000  reward     nan  ep_len    nan  fell    0  err_xy 0.011  std 0.259  lr 1.0e-04  fps   8798   363.1s
it 12347/15000  reward     nan  ep_len    nan  fell    0  err_xy 0.011  std 0.259  lr 1.0e-04  fps   8882   363.4s
it 12348/15000  reward     nan  ep_len    nan  fell    0  err_xy 0.011  std 0.259  lr 1.0e-04  fps   8933   363.6s
it 12349/15000  reward     nan  ep_len    nan  fell    0  err_xy 0.010  std 0.259  lr 1.0e-04  fps   8845   363.9s
it 12350/15000  reward   40.24  ep_len  400.0  fell    0  err_xy 0.011  std 0.259  lr 1.0e-04  fps   7211   364.2s
it 12351/15000  reward     nan  ep_len    nan  fell    0  err_xy 0.289  std 0.259  lr 1.0e-04  fps   9849   364.5s
it 12352/15000  reward     nan  ep_len    nan  fell    0  err_xy 0.204  std 0.259  lr 1.0e-04  fps   9806   364.7s
it 12353/15000  reward     nan  ep_len    nan  fell    0  err_xy 0.142  std 0.259  lr 1.0e-04  fps   9765   364.9s
it 12354/15000  reward     nan  ep_len    nan  fell    0  err_xy 0.128  std 0.259  lr 1.0e-04  fps   9612   365.2s
it 12355/15000  reward     nan  ep_len    nan  fell    0  err_xy 0.113  std 0.259  lr 1.0e-04  fps   9164   365.4s
it 12356/15000  reward     nan  ep_len    nan  fell    0  err_xy 0.079  std 0.259  lr 1.0e-04  fps   8998   365.7s
it 12357/15000  reward     nan  ep_len    nan  fell    0  err_xy 0.053  std 0.259  lr 1.0e-04  fps   8833   365.9s
it 12358/15000  reward     nan  ep_len    nan  fell    0  err_xy 0.046  std 0.259  lr 1.0e-04  fps   8798   366.2s
it 12359/15000  reward     nan  ep_len    nan  fell    0  err_xy 0.026  std 0.259  lr 1.0e-04  fps   8675   366.5s
it 12360/15000  reward     nan  ep_len    nan  fell    0  err_xy 0.020  std 0.259  lr 1.0e-04  fps   8619   366.7s
it 12361/15000  reward     nan  ep_len    nan  fell    0  err_xy 0.020  std 0.259  lr 1.0e-04  fps   8655   367.0s
it 12362/15000  reward     nan  ep_len    nan  fell    0  err_xy 0.018  std 0.259  lr 1.0e-04  fps   8547   367.3s
it 12363/15000  reward     nan  ep_len    nan  fell    0  err_xy 0.014  std 0.259  lr 1.0e-04  fps   8636   367.5s
it 12364/15000  reward     nan  ep_len    nan  fell    0  err_xy 0.014  std 0.259  lr 1.0e-04  fps   8603   367.8s
it 12365/15000  reward     nan  ep_len    nan  fell    0  err_xy 0.017  std 0.259  lr 1.0e-04  fps   8706   368.1s
it 12366/15000  reward     nan  ep_len    nan  fell    0  err_xy 0.014  std 0.259  lr 1.0e-04  fps   8669   368.3s
it 12367/15000  reward   58.63  ep_len  400.0  fell    0  err_xy 0.088  std 0.259  lr 1.0e-04  fps   7272   368.6s
it 12368/15000  reward     nan  ep_len    nan  fell    0  err_xy 0.312  std 0.259  lr 1.0e-04  fps   9904   368.9s
it 12369/15000  reward     nan  ep_len    nan  fell    0  err_xy 0.177  std 0.259  lr 1.0e-04  fps   9873   369.1s
it 12370/15000  reward     nan  ep_len    nan  fell    0  err_xy 0.145  std 0.259  lr 1.0e-04  fps   9571   369.4s
it 12371/15000  reward     nan  ep_len    nan  fell    0  err_xy 0.124  std 0.259  lr 1.0e-04  fps   9367   369.6s
it 12372/15000  reward     nan  ep_len    nan  fell    0  err_xy 0.101  std 0.259  lr 1.0e-04  fps   9288   369.9s
it 12373/15000  reward     nan  ep_len    nan  fell    0  err_xy 0.082  std 0.259  lr 1.0e-04  fps   9134   370.1s
it 12374/15000  reward     nan  ep_len    nan  fell    0  err_xy 0.083  std 0.259  lr 1.0e-04  fps   8999   370.4s
it 12375/15000  reward     nan  ep_len    nan  fell    0  err_xy 0.070  std 0.259  lr 1.0e-04  fps   8869   370.6s
it 12376/15000  reward     nan  ep_len    nan  fell    0  err_xy 0.046  std 0.259  lr 1.0e-04  fps   8734   370.9s
it 12377/15000  reward     nan  ep_len    nan  fell    0  err_xy 0.030  std 0.259  lr 1.0e-04  fps   8743   371.1s
it 12378/15000  reward     nan  ep_len    nan  fell    0  err_xy 0.030  std 0.260  lr 1.0e-04  fps   8600   371.4s
it 12379/15000  reward     nan  ep_len    nan  fell    0  err_xy 0.026  std 0.260  lr 1.0e-04  fps   8134   371.7s
it 12380/15000  reward     nan  ep_len    nan  fell    0  err_xy 0.021  std 0.260  lr 1.0e-04  fps   8633   372.0s
it 12381/15000  reward     nan  ep_len    nan  fell    0  err_xy 0.016  std 0.260  lr 1.0e-04  fps   8719   372.2s
it 12382/15000  reward     nan  ep_len    nan  fell    0  err_xy 0.014  std 0.260  lr 1.0e-04  fps   8709   372.5s
it 12383/15000  reward     nan  ep_len    nan  fell    0  err_xy 0.013  std 0.260  lr 1.0e-04  fps   8669   372.8s
it 12384/15000  reward   56.22  ep_len  400.0  fell    0  err_xy 0.193  std 0.260  lr 1.0e-04  fps   7268   373.1s
it 12385/15000  reward     nan  ep_len    nan  fell    0  err_xy 0.264  std 0.260  lr 1.0e-04  fps   9896   373.3s
it 12386/15000  reward     nan  ep_len    nan  fell    0  err_xy 0.128  std 0.260  lr 1.0e-04  fps   9912   373.5s
it 12387/15000  reward     nan  ep_len    nan  fell    0  err_xy 0.112  std 0.260  lr 1.0e-04  fps   9644   373.8s
it 12388/15000  reward     nan  ep_len    nan  fell    0  err_xy 0.105  std 0.260  lr 1.0e-04  fps   9390   374.0s
it 12389/15000  reward     nan  ep_len    nan  fell    0  err_xy 0.074  std 0.260  lr 1.0e-04  fps   9271   374.3s
it 12390/15000  reward     nan  ep_len    nan  fell    0  err_xy 0.062  std 0.260  lr 1.0e-04  fps   9034   374.5s
it 12391/15000  reward     nan  ep_len    nan  fell    0  err_xy 0.042  std 0.260  lr 1.0e-04  fps   8917   374.8s
it 12392/15000  reward     nan  ep_len    nan  fell    0  err_xy 0.038  std 0.260  lr 1.0e-04  fps   8859   375.1s
it 12393/15000  reward     nan  ep_len    nan  fell    0  err_xy 0.035  std 0.260  lr 1.0e-04  fps   8688   375.3s
it 12394/15000  reward     nan  ep_len    nan  fell    0  err_xy 0.021  std 0.260  lr 1.0e-04  fps   8698   375.6s
it 12395/15000  reward     nan  ep_len    nan  fell    0  err_xy 0.021  std 0.260  lr 1.0e-04  fps   8726   375.8s
it 12396/15000  reward     nan  ep_len    nan  fell    0  err_xy 0.017  std 0.260  lr 1.0e-04  fps   8689   376.1s
it 12397/15000  reward     nan  ep_len    nan  fell    0  err_xy 0.015  std 0.260  lr 1.0e-04  fps   8694   376.4s
it 12398/15000  reward     nan  ep_len    nan  fell    0  err_xy 0.014  std 0.260  lr 1.0e-04  fps   8670   376.6s
it 12399/15000  reward     nan  ep_len    nan  fell    0  err_xy 0.012  std 0.260  lr 1.0e-04  fps   8727   376.9s
it 12400/15000  reward   53.57  ep_len  400.0  fell    0  err_xy 0.012  std 0.260  lr 1.0e-04  fps   6879   377.2s
eval iteration 12400:
  prone          success   0.0%  time 8.00s  peak_τ 0.95 Nm  return -7.84
  supine         success 100.0%  time 2.52s  peak_τ 0.93 Nm  return 35.83
  score 0.500
it 12401/15000  reward     nan  ep_len    nan  fell    0  err_xy 0.290  std 0.260  lr 1.0e-04  fps   9377   379.1s
it 12402/15000  reward     nan  ep_len    nan  fell    0  err_xy 0.182  std 0.260  lr 1.0e-04  fps   8560   379.3s
it 12403/15000  reward     nan  ep_len    nan  fell    0  err_xy 0.125  std 0.260  lr 1.0e-04  fps   9629   379.6s
it 12404/15000  reward     nan  ep_len    nan  fell    0  err_xy 0.103  std 0.260  lr 1.0e-04  fps   9418   379.8s
it 12405/15000  reward     nan  ep_len    nan  fell    0  err_xy 0.076  std 0.260  lr 1.0e-04  fps   9106   380.1s
it 12406/15000  reward     nan  ep_len    nan  fell    0  err_xy 0.057  std 0.260  lr 1.0e-04  fps   9015   380.3s
it 12407/15000  reward     nan  ep_len    nan  fell    0  err_xy 0.045  std 0.260  lr 1.0e-04  fps   8879   380.6s
it 12408/15000  reward     nan  ep_len    nan  fell    0  err_xy 0.039  std 0.260  lr 1.0e-04  fps   8891   380.9s
it 12409/15000  reward     nan  ep_len    nan  fell    0  err_xy 0.040  std 0.260  lr 1.0e-04  fps   8885   381.1s
it 12410/15000  reward     nan  ep_len    nan  fell    0  err_xy 0.034  std 0.260  lr 1.0e-04  fps   8920   381.4s
it 12411/15000  reward     nan  ep_len    nan  fell    0  err_xy 0.030  std 0.260  lr 1.0e-04  fps   8949   381.6s
it 12412/15000  reward     nan  ep_len    nan  fell    0  err_xy 0.029  std 0.260  lr 1.0e-04  fps   8840   381.9s
it 12413/15000  reward     nan  ep_len    nan  fell    0  err_xy 0.020  std 0.260  lr 1.0e-04  fps   8727   382.2s
it 12414/15000  reward     nan  ep_len    nan  fell    0  err_xy 0.019  std 0.260  lr 1.0e-04  fps   8524   382.4s
it 12415/15000  reward     nan  ep_len    nan  fell    0  err_xy 0.016  std 0.260  lr 1.0e-04  fps   8664   382.7s
it 12416/15000  reward     nan  ep_len    nan  fell    0  err_xy 0.013  std 0.260  lr 1.0e-04  fps   8614   383.0s
it 12417/15000  reward   56.77  ep_len  400.0  fell    0  err_xy 0.085  std 0.260  lr 1.0e-04  fps   7049   383.3s
it 12418/15000  reward     nan  ep_len    nan  fell    0  err_xy 0.306  std 0.260  lr 1.0e-04  fps   9687   383.5s
it 12419/15000  reward     nan  ep_len    nan  fell    0  err_xy 0.170  std 0.260  lr 1.0e-04  fps   9792   383.8s
it 12420/15000  reward     nan  ep_len    nan  fell    0  err_xy 0.123  std 0.260  lr 1.0e-04  fps   9530   384.0s
it 12421/15000  reward     nan  ep_len    nan  fell    0  err_xy 0.101  std 0.260  lr 1.0e-04  fps   9199   384.3s
it 12422/15000  reward     nan  ep_len    nan  fell    0  err_xy 0.095  std 0.260  lr 1.0e-04  fps   9021   384.5s
it 12423/15000  reward     nan  ep_len    nan  fell    0  err_xy 0.068  std 0.260  lr 1.0e-04  fps   8888   384.8s
it 12424/15000  reward     nan  ep_len    nan  fell    0  err_xy 0.053  std 0.260  lr 1.0e-04  fps   8847   385.0s
it 12425/15000  reward     nan  ep_len    nan  fell    0  err_xy 0.045  std 0.260  lr 1.0e-04  fps   8649   385.3s
it 12426/15000  reward     nan  ep_len    nan  fell    0  err_xy 0.027  std 0.260  lr 1.0e-04  fps   8664   385.6s
it 12427/15000  reward     nan  ep_len    nan  fell    0  err_xy 0.023  std 0.260  lr 1.0e-04  fps   8624   385.8s
it 12428/15000  reward     nan  ep_len    nan  fell    0  err_xy 0.020  std 0.260  lr 1.0e-04  fps   8697   386.1s
it 12429/15000  reward     nan  ep_len    nan  fell    0  err_xy 0.015  std 0.260  lr 1.0e-04  fps   8633   386.4s
it 12430/15000  reward     nan  ep_len    nan  fell    0  err_xy 0.011  std 0.260  lr 1.0e-04  fps   8670   386.6s
it 12431/15000  reward     nan  ep_len    nan  fell    0  err_xy 0.010  std 0.260  lr 1.0e-04  fps   8639   386.9s
it 12432/15000  reward     nan  ep_len    nan  fell    0  err_xy 0.012  std 0.260  lr 1.0e-04  fps   8683   387.2s
it 12433/15000  reward     nan  ep_len    nan  fell    0  err_xy 0.015  std 0.260  lr 1.0e-04  fps   8643   387.4s
it 12434/15000  reward   47.67  ep_len  400.0  fell    0  err_xy 0.195  std 0.260  lr 1.0e-04  fps   7454   387.7s
it 12435/15000  reward     nan  ep_len    nan  fell    0  err_xy 0.265  std 0.260  lr 1.0e-04  fps   9923   388.0s
it 12436/15000  reward     nan  ep_len    nan  fell    0  err_xy 0.158  std 0.260  lr 1.0e-04  fps   9801   388.2s
it 12437/15000  reward     nan  ep_len    nan  fell    0  err_xy 0.146  std 0.260  lr 1.0e-04  fps   9409   388.5s
it 12438/15000  reward     nan  ep_len    nan  fell    0  err_xy 0.092  std 0.260  lr 1.0e-04  fps   9026   388.7s
it 12439/15000  reward     nan  ep_len    nan  fell    0  err_xy 0.054  std 0.260  lr 1.0e-04  fps   8785   389.0s
it 12440/15000  reward     nan  ep_len    nan  fell    0  err_xy 0.045  std 0.260  lr 1.0e-04  fps   8657   389.2s
it 12441/15000  reward     nan  ep_len    nan  fell    0  err_xy 0.041  std 0.260  lr 1.0e-04  fps   8657   389.5s
it 12442/15000  reward     nan  ep_len    nan  fell    0  err_xy 0.036  std 0.260  lr 1.0e-04  fps   8541   389.8s
it 12443/15000  reward     nan  ep_len    nan  fell    0  err_xy 0.026  std 0.260  lr 1.0e-04  fps   8515   390.1s
it 12444/15000  reward     nan  ep_len    nan  fell    0  err_xy 0.018  std 0.260  lr 1.0e-04  fps   8434   390.3s
it 12445/15000  reward     nan  ep_len    nan  fell    0  err_xy 0.020  std 0.260  lr 1.0e-04  fps   8265   390.6s
it 12446/15000  reward     nan  ep_len    nan  fell    0  err_xy 0.017  std 0.260  lr 1.0e-04  fps   8437   390.9s
it 12447/15000  reward     nan  ep_len    nan  fell    0  err_xy 0.016  std 0.260  lr 1.0e-04  fps   8606   391.1s
it 12448/15000  reward     nan  ep_len    nan  fell    0  err_xy 0.013  std 0.260  lr 1.0e-04  fps   8718   391.4s
it 12449/15000  reward     nan  ep_len    nan  fell    0  err_xy 0.014  std 0.260  lr 1.0e-04  fps   8795   391.7s
it 12450/15000  reward   69.74  ep_len  400.0  fell    0  err_xy 0.014  std 0.260  lr 1.0e-04  fps   7095   392.0s
it 12451/15000  reward     nan  ep_len    nan  fell    0  err_xy 0.296  std 0.260  lr 1.0e-04  fps   9876   392.2s
it 12452/15000  reward     nan  ep_len    nan  fell    0  err_xy 0.181  std 0.260  lr 1.0e-04  fps   9830   392.5s
it 12453/15000  reward     nan  ep_len    nan  fell    0  err_xy 0.125  std 0.260  lr 1.0e-04  fps   9700   392.7s
it 12454/15000  reward     nan  ep_len    nan  fell    0  err_xy 0.102  std 0.260  lr 1.0e-04  fps   9293   393.0s
it 12455/15000  reward     nan  ep_len    nan  fell    0  err_xy 0.058  std 0.260  lr 1.0e-04  fps   9038   393.2s
it 12456/15000  reward     nan  ep_len    nan  fell    0  err_xy 0.047  std 0.260  lr 1.0e-04  fps   8948   393.5s
it 12457/15000  reward     nan  ep_len    nan  fell    0  err_xy 0.038  std 0.260  lr 1.0e-04  fps   8525   393.7s
it 12458/15000  reward     nan  ep_len    nan  fell    0  err_xy 0.041  std 0.260  lr 1.0e-04  fps   9013   394.0s
it 12459/15000  reward     nan  ep_len    nan  fell    0  err_xy 0.035  std 0.260  lr 1.0e-04  fps   8958   394.2s
it 12460/15000  reward     nan  ep_len    nan  fell    0  err_xy 0.026  std 0.260  lr 1.0e-04  fps   8986   394.5s
it 12461/15000  reward     nan  ep_len    nan  fell    0  err_xy 0.030  std 0.260  lr 1.0e-04  fps   8944   394.8s
it 12462/15000  reward     nan  ep_len    nan  fell    0  err_xy 0.018  std 0.260  lr 1.0e-04  fps   8855   395.0s
it 12463/15000  reward     nan  ep_len    nan  fell    0  err_xy 0.018  std 0.260  lr 1.0e-04  fps   8892   395.3s
it 12464/15000  reward     nan  ep_len    nan  fell    0  err_xy 0.016  std 0.260  lr 1.0e-04  fps   8881   395.5s
it 12465/15000  reward     nan  ep_len    nan  fell    0  err_xy 0.013  std 0.260  lr 1.0e-04  fps   8883   395.8s
it 12466/15000  reward     nan  ep_len    nan  fell    0  err_xy 0.013  std 0.260  lr 1.0e-04  fps   8791   396.1s
it 12467/15000  reward   53.66  ep_len  400.0  fell    0  err_xy 0.090  std 0.260  lr 1.0e-04  fps   7179   396.4s
it 12468/15000  reward     nan  ep_len    nan  fell    0  err_xy 0.300  std 0.260  lr 1.0e-04  fps   9879   396.6s
it 12469/15000  reward     nan  ep_len    nan  fell    0  err_xy 0.142  std 0.260  lr 1.0e-04  fps   9909   396.9s
it 12470/15000  reward     nan  ep_len    nan  fell    0  err_xy 0.117  std 0.260  lr 1.0e-04  fps   9691   397.1s
it 12471/15000  reward     nan  ep_len    nan  fell    0  err_xy 0.093  std 0.260  lr 1.0e-04  fps   9175   397.3s
it 12472/15000  reward     nan  ep_len    nan  fell    0  err_xy 0.089  std 0.260  lr 1.0e-04  fps   9028   397.6s
it 12473/15000  reward     nan  ep_len    nan  fell    0  err_xy 0.066  std 0.260  lr 1.0e-04  fps   8825   397.9s
it 12474/15000  reward     nan  ep_len    nan  fell    0  err_xy 0.060  std 0.260  lr 1.0e-04  fps   8741   398.1s
it 12475/15000  reward     nan  ep_len    nan  fell    0  err_xy 0.054  std 0.260  lr 1.0e-04  fps   8710   398.4s
it 12476/15000  reward     nan  ep_len    nan  fell    0  err_xy 0.035  std 0.260  lr 1.0e-04  fps   8581   398.7s
it 12477/15000  reward     nan  ep_len    nan  fell    0  err_xy 0.028  std 0.260  lr 1.0e-04  fps   8616   398.9s
it 12478/15000  reward     nan  ep_len    nan  fell    0  err_xy 0.020  std 0.260  lr 1.0e-04  fps   8654   399.2s
it 12479/15000  reward     nan  ep_len    nan  fell    0  err_xy 0.015  std 0.260  lr 1.0e-04  fps   8634   399.5s
it 12480/15000  reward     nan  ep_len    nan  fell    0  err_xy 0.014  std 0.260  lr 1.0e-04  fps   8666   399.7s
it 12481/15000  reward     nan  ep_len    nan  fell    0  err_xy 0.013  std 0.260  lr 1.0e-04  fps   8696   400.0s
it 12482/15000  reward     nan  ep_len    nan  fell    0  err_xy 0.012  std 0.260  lr 1.0e-04  fps   8718   400.3s
it 12483/15000  reward     nan  ep_len    nan  fell    0  err_xy 0.013  std 0.260  lr 1.0e-04  fps   8733   400.5s
it 12484/15000  reward   56.04  ep_len  400.0  fell    0  err_xy 0.216  std 0.260  lr 1.0e-04  fps   7349   400.8s
it 12485/15000  reward     nan  ep_len    nan  fell    0  err_xy 0.258  std 0.260  lr 1.0e-04  fps   9838   401.1s
it 12486/15000  reward     nan  ep_len    nan  fell    0  err_xy 0.158  std 0.260  lr 1.0e-04  fps   9790   401.3s
it 12487/15000  reward     nan  ep_len    nan  fell    0  err_xy 0.128  std 0.260  lr 1.0e-04  fps   9515   401.5s
it 12488/15000  reward     nan  ep_len    nan  fell    0  err_xy 0.120  std 0.260  lr 1.0e-04  fps   9110   401.8s
it 12489/15000  reward     nan  ep_len    nan  fell    0  err_xy 0.088  std 0.261  lr 1.0e-04  fps   8796   402.1s
it 12490/15000  reward     nan  ep_len    nan  fell    0  err_xy 0.065  std 0.261  lr 1.0e-04  fps   8610   402.3s
it 12491/15000  reward     nan  ep_len    nan  fell    0  err_xy 0.068  std 0.261  lr 1.0e-04  fps   8677   402.6s
it 12492/15000  reward     nan  ep_len    nan  fell    0  err_xy 0.057  std 0.261  lr 1.0e-04  fps   8588   402.9s
it 12493/15000  reward     nan  ep_len    nan  fell    0  err_xy 0.040  std 0.261  lr 1.0e-04  fps   8605   403.1s
it 12494/15000  reward     nan  ep_len    nan  fell    0  err_xy 0.034  std 0.261  lr 1.0e-04  fps   8510   403.4s
it 12495/15000  reward     nan  ep_len    nan  fell    0  err_xy 0.038  std 0.261  lr 1.0e-04  fps   8652   403.7s
it 12496/15000  reward     nan  ep_len    nan  fell    0  err_xy 0.027  std 0.261  lr 1.0e-04  fps   8514   403.9s
it 12497/15000  reward     nan  ep_len    nan  fell    0  err_xy 0.029  std 0.261  lr 1.0e-04  fps   8567   404.2s
it 12498/15000  reward     nan  ep_len    nan  fell    0  err_xy 0.027  std 0.261  lr 1.0e-04  fps   8558   404.5s
it 12499/15000  reward     nan  ep_len    nan  fell    0  err_xy 0.022  std 0.261  lr 1.0e-04  fps   8559   404.7s
it 12500/15000  reward   57.53  ep_len  400.0  fell    0  err_xy 0.018  std 0.261  lr 1.0e-04  fps   6951   405.1s
it 12501/15000  reward     nan  ep_len    nan  fell    0  err_xy 0.295  std 0.261  lr 1.0e-04  fps   9795   405.3s
it 12502/15000  reward     nan  ep_len    nan  fell    0  err_xy 0.187  std 0.261  lr 1.0e-04  fps   6941   405.6s
it 12503/15000  reward     nan  ep_len    nan  fell    0  err_xy 0.117  std 0.261  lr 1.0e-04  fps   9575   405.9s
it 12504/15000  reward     nan  ep_len    nan  fell    0  err_xy 0.103  std 0.261  lr 1.0e-04  fps   9476   406.1s
it 12505/15000  reward     nan  ep_len    nan  fell    0  err_xy 0.082  std 0.261  lr 1.0e-04  fps   9174   406.4s
it 12506/15000  reward     nan  ep_len    nan  fell    0  err_xy 0.064  std 0.261  lr 1.0e-04  fps   9044   406.6s
it 12507/15000  reward     nan  ep_len    nan  fell    0  err_xy 0.057  std 0.261  lr 1.0e-04  fps   8885   406.9s
it 12508/15000  reward     nan  ep_len    nan  fell    0  err_xy 0.048  std 0.261  lr 1.0e-04  fps   8205   407.2s
it 12509/15000  reward     nan  ep_len    nan  fell    0  err_xy 0.039  std 0.261  lr 1.0e-04  fps   8794   407.4s
it 12510/15000  reward     nan  ep_len    nan  fell    0  err_xy 0.031  std 0.261  lr 1.0e-04  fps   8625   407.7s
it 12511/15000  reward     nan  ep_len    nan  fell    0  err_xy 0.025  std 0.261  lr 1.0e-04  fps   8635   408.0s
it 12512/15000  reward     nan  ep_len    nan  fell    0  err_xy 0.022  std 0.261  lr 1.0e-04  fps   8686   408.2s
it 12513/15000  reward     nan  ep_len    nan  fell    0  err_xy 0.015  std 0.261  lr 1.0e-04  fps   8617   408.5s
it 12514/15000  reward     nan  ep_len    nan  fell    0  err_xy 0.012  std 0.261  lr 1.0e-04  fps   8686   408.8s
it 12515/15000  reward     nan  ep_len    nan  fell    0  err_xy 0.012  std 0.261  lr 1.0e-04  fps   8767   409.0s
it 12516/15000  reward     nan  ep_len    nan  fell    0  err_xy 0.012  std 0.261  lr 1.0e-04  fps   8761   409.3s
it 12517/15000  reward   46.59  ep_len  400.0  fell    0  err_xy 0.091  std 0.261  lr 1.0e-04  fps   7120   409.6s
it 12518/15000  reward     nan  ep_len    nan  fell    0  err_xy 0.298  std 0.261  lr 1.0e-04  fps   9951   409.9s
it 12519/15000  reward     nan  ep_len    nan  fell    0  err_xy 0.143  std 0.261  lr 1.0e-04  fps   9828   410.1s
it 12520/15000  reward     nan  ep_len    nan  fell    0  err_xy 0.130  std 0.261  lr 1.0e-04  fps   9550   410.3s
it 12521/15000  reward     nan  ep_len    nan  fell    0  err_xy 0.120  std 0.261  lr 1.0e-04  fps   9185   410.6s
it 12522/15000  reward     nan  ep_len    nan  fell    0  err_xy 0.087  std 0.261  lr 1.0e-04  fps   8868   410.8s
it 12523/15000  reward     nan  ep_len    nan  fell    0  err_xy 0.073  std 0.261  lr 1.0e-04  fps   8703   411.1s
it 12524/15000  reward     nan  ep_len    nan  fell    0  err_xy 0.053  std 0.261  lr 1.0e-04  fps   8616   411.4s
it 12525/15000  reward     nan  ep_len    nan  fell    0  err_xy 0.045  std 0.261  lr 1.0e-04  fps   8732   411.6s
it 12526/15000  reward     nan  ep_len    nan  fell    0  err_xy 0.036  std 0.261  lr 1.0e-04  fps   8724   411.9s
it 12527/15000  reward     nan  ep_len    nan  fell    0  err_xy 0.021  std 0.261  lr 1.0e-04  fps   8476   412.2s
it 12528/15000  reward     nan  ep_len    nan  fell    0  err_xy 0.018  std 0.261  lr 1.0e-04  fps   8543   412.4s
it 12529/15000  reward     nan  ep_len    nan  fell    0  err_xy 0.014  std 0.261  lr 1.0e-04  fps   8651   412.7s
it 12530/15000  reward     nan  ep_len    nan  fell    0  err_xy 0.012  std 0.261  lr 1.0e-04  fps   8609   413.0s
it 12531/15000  reward     nan  ep_len    nan  fell    0  err_xy 0.014  std 0.261  lr 1.0e-04  fps   8619   413.3s
it 12532/15000  reward     nan  ep_len    nan  fell    0  err_xy 0.014  std 0.261  lr 1.0e-04  fps   8641   413.5s
it 12533/15000  reward     nan  ep_len    nan  fell    0  err_xy 0.012  std 0.261  lr 1.0e-04  fps   8639   413.8s
it 12534/15000  reward   58.27  ep_len  400.0  fell    0  err_xy 0.191  std 0.261  lr 1.0e-04  fps   7471   414.1s
it 12535/15000  reward     nan  ep_len    nan  fell    0  err_xy 0.250  std 0.261  lr 1.0e-04  fps   9899   414.3s
it 12536/15000  reward     nan  ep_len    nan  fell    0  err_xy 0.142  std 0.261  lr 1.0e-04  fps   9740   414.6s
it 12537/15000  reward     nan  ep_len    nan  fell    0  err_xy 0.138  std 0.261  lr 1.0e-04  fps   9489   414.8s
it 12538/15000  reward     nan  ep_len    nan  fell    0  err_xy 0.112  std 0.261  lr 1.0e-04  fps   9123   415.1s
it 12539/15000  reward     nan  ep_len    nan  fell    0  err_xy 0.077  std 0.261  lr 1.0e-04  fps   9061   415.3s
it 12540/15000  reward     nan  ep_len    nan  fell    0  err_xy 0.071  std 0.261  lr 1.0e-04  fps   9014   415.6s
it 12541/15000  reward     nan  ep_len    nan  fell    0  err_xy 0.062  std 0.262  lr 1.0e-04  fps   8848   415.8s
it 12542/15000  reward     nan  ep_len    nan  fell    0  err_xy 0.038  std 0.262  lr 1.0e-04  fps   8693   416.1s
it 12543/15000  reward     nan  ep_len    nan  fell    0  err_xy 0.031  std 0.262  lr 1.0e-04  fps   8684   416.4s
it 12544/15000  reward     nan  ep_len    nan  fell    0  err_xy 0.024  std 0.262  lr 1.0e-04  fps   8717   416.6s
it 12545/15000  reward     nan  ep_len    nan  fell    0  err_xy 0.020  std 0.262  lr 1.0e-04  fps   8730   416.9s
it 12546/15000  reward     nan  ep_len    nan  fell    0  err_xy 0.022  std 0.262  lr 1.0e-04  fps   8724   417.2s
it 12547/15000  reward     nan  ep_len    nan  fell    0  err_xy 0.020  std 0.262  lr 1.0e-04  fps   8748   417.4s
it 12548/15000  reward     nan  ep_len    nan  fell    0  err_xy 0.018  std 0.262  lr 1.0e-04  fps   8774   417.7s
it 12549/15000  reward     nan  ep_len    nan  fell    0  err_xy 0.020  std 0.262  lr 1.0e-04  fps   8723   417.9s
it 12550/15000  reward   54.22  ep_len  400.0  fell    0  err_xy 0.016  std 0.262  lr 1.0e-04  fps   6973   418.3s
it 12551/15000  reward     nan  ep_len    nan  fell    0  err_xy 0.293  std 0.262  lr 1.0e-04  fps   9775   418.5s
it 12552/15000  reward     nan  ep_len    nan  fell    0  err_xy 0.182  std 0.262  lr 1.0e-04  fps   9960   418.7s
it 12553/15000  reward     nan  ep_len    nan  fell    0  err_xy 0.094  std 0.262  lr 1.0e-04  fps   9794   419.0s
it 12554/15000  reward     nan  ep_len    nan  fell    0  err_xy 0.098  std 0.262  lr 1.0e-04  fps   9513   419.2s
it 12555/15000  reward     nan  ep_len    nan  fell    0  err_xy 0.069  std 0.262  lr 1.0e-04  fps   9189   419.5s
it 12556/15000  reward     nan  ep_len    nan  fell    0  err_xy 0.048  std 0.262  lr 1.0e-04  fps   9052   419.7s
it 12557/15000  reward     nan  ep_len    nan  fell    0  err_xy 0.043  std 0.262  lr 1.0e-04  fps   8882   420.0s
it 12558/15000  reward     nan  ep_len    nan  fell    0  err_xy 0.034  std 0.262  lr 1.0e-04  fps   8919   420.2s
it 12559/15000  reward     nan  ep_len    nan  fell    0  err_xy 0.023  std 0.262  lr 1.0e-04  fps   8896   420.5s
it 12560/15000  reward     nan  ep_len    nan  fell    0  err_xy 0.015  std 0.262  lr 1.0e-04  fps   8924   420.8s
it 12561/15000  reward     nan  ep_len    nan  fell    0  err_xy 0.011  std 0.262  lr 1.0e-04  fps   8853   421.0s
it 12562/15000  reward     nan  ep_len    nan  fell    0  err_xy 0.011  std 0.262  lr 1.0e-04  fps   8863   421.3s
it 12563/15000  reward     nan  ep_len    nan  fell    0  err_xy 0.015  std 0.262  lr 1.0e-04  fps   8879   421.5s
it 12564/15000  reward     nan  ep_len    nan  fell    0  err_xy 0.012  std 0.262  lr 1.0e-04  fps   8918   421.8s
it 12565/15000  reward     nan  ep_len    nan  fell    0  err_xy 0.011  std 0.262  lr 1.0e-04  fps   8850   422.1s
it 12566/15000  reward     nan  ep_len    nan  fell    0  err_xy 0.010  std 0.262  lr 1.0e-04  fps   8730   422.3s
it 12567/15000  reward   44.10  ep_len  400.0  fell    0  err_xy 0.078  std 0.262  lr 1.0e-04  fps   7331   422.6s
it 12568/15000  reward     nan  ep_len    nan  fell    0  err_xy 0.299  std 0.262  lr 1.0e-04  fps   9860   422.9s
it 12569/15000  reward     nan  ep_len    nan  fell    0  err_xy 0.147  std 0.262  lr 1.0e-04  fps   9629   423.1s
it 12570/15000  reward     nan  ep_len    nan  fell    0  err_xy 0.122  std 0.262  lr 1.0e-04  fps   9301   423.4s
it 12571/15000  reward     nan  ep_len    nan  fell    0  err_xy 0.095  std 0.262  lr 1.0e-04  fps   9096   423.6s
it 12572/15000  reward     nan  ep_len    nan  fell    0  err_xy 0.072  std 0.262  lr 1.0e-04  fps   8873   423.9s
it 12573/15000  reward     nan  ep_len    nan  fell    0  err_xy 0.060  std 0.262  lr 1.0e-04  fps   8802   424.1s
it 12574/15000  reward     nan  ep_len    nan  fell    0  err_xy 0.053  std 0.262  lr 1.0e-04  fps   8651   424.4s
it 12575/15000  reward     nan  ep_len    nan  fell    0  err_xy 0.045  std 0.262  lr 1.0e-04  fps   8719   424.7s
it 12576/15000  reward     nan  ep_len    nan  fell    0  err_xy 0.038  std 0.262  lr 1.0e-04  fps   8634   424.9s
it 12577/15000  reward     nan  ep_len    nan  fell    0  err_xy 0.029  std 0.262  lr 1.0e-04  fps   8680   425.2s
it 12578/15000  reward     nan  ep_len    nan  fell    0  err_xy 0.025  std 0.262  lr 1.0e-04  fps   8652   425.5s
it 12579/15000  reward     nan  ep_len    nan  fell    0  err_xy 0.022  std 0.262  lr 1.0e-04  fps   8174   425.8s
it 12580/15000  reward     nan  ep_len    nan  fell    0  err_xy 0.018  std 0.262  lr 1.0e-04  fps   8580   426.0s
it 12581/15000  reward     nan  ep_len    nan  fell    0  err_xy 0.018  std 0.262  lr 1.0e-04  fps   8632   426.3s
it 12582/15000  reward     nan  ep_len    nan  fell    0  err_xy 0.017  std 0.262  lr 1.0e-04  fps   8750   426.6s
it 12583/15000  reward     nan  ep_len    nan  fell    0  err_xy 0.015  std 0.262  lr 1.0e-04  fps   8710   426.8s
it 12584/15000  reward   53.70  ep_len  400.0  fell    0  err_xy 0.204  std 0.262  lr 1.0e-04  fps   7466   427.1s
it 12585/15000  reward     nan  ep_len    nan  fell    0  err_xy 0.221  std 0.262  lr 1.0e-04  fps   9894   427.4s
it 12586/15000  reward     nan  ep_len    nan  fell    0  err_xy 0.126  std 0.262  lr 1.0e-04  fps   9783   427.6s
it 12587/15000  reward     nan  ep_len    nan  fell    0  err_xy 0.116  std 0.262  lr 1.0e-04  fps   9449   427.8s
it 12588/15000  reward     nan  ep_len    nan  fell    0  err_xy 0.095  std 0.262  lr 1.0e-04  fps   9239   428.1s
it 12589/15000  reward     nan  ep_len    nan  fell    0  err_xy 0.063  std 0.262  lr 1.0e-04  fps   9116   428.3s
it 12590/15000  reward     nan  ep_len    nan  fell    0  err_xy 0.044  std 0.262  lr 1.0e-04  fps   8921   428.6s
it 12591/15000  reward     nan  ep_len    nan  fell    0  err_xy 0.040  std 0.262  lr 1.0e-04  fps   8888   428.9s
it 12592/15000  reward     nan  ep_len    nan  fell    0  err_xy 0.040  std 0.262  lr 1.0e-04  fps   8972   429.1s
it 12593/15000  reward     nan  ep_len    nan  fell    0  err_xy 0.036  std 0.262  lr 1.0e-04  fps   8917   429.4s
it 12594/15000  reward     nan  ep_len    nan  fell    0  err_xy 0.028  std 0.262  lr 1.0e-04  fps   9013   429.6s
it 12595/15000  reward     nan  ep_len    nan  fell    0  err_xy 0.027  std 0.262  lr 1.0e-04  fps   8947   429.9s
it 12596/15000  reward     nan  ep_len    nan  fell    0  err_xy 0.016  std 0.262  lr 1.0e-04  fps   8900   430.1s
it 12597/15000  reward     nan  ep_len    nan  fell    0  err_xy 0.011  std 0.262  lr 1.0e-04  fps   8863   430.4s
it 12598/15000  reward     nan  ep_len    nan  fell    0  err_xy 0.011  std 0.262  lr 1.0e-04  fps   8920   430.7s
it 12599/15000  reward     nan  ep_len    nan  fell    0  err_xy 0.010  std 0.262  lr 1.0e-04  fps   9053   430.9s
it 12600/15000  reward   42.47  ep_len  400.0  fell    0  err_xy 0.011  std 0.262  lr 1.0e-04  fps   7170   431.2s
eval iteration 12600:
  prone          success   0.0%  time 8.00s  peak_τ 0.96 Nm  return -5.46
  supine         success  75.0%  time 3.12s  peak_τ 0.95 Nm  return 24.88
  score 0.375
it 12601/15000  reward     nan  ep_len    nan  fell    0  err_xy 0.288  std 0.262  lr 1.0e-04  fps   9267   433.1s
it 12602/15000  reward     nan  ep_len    nan  fell    0  err_xy 0.193  std 0.262  lr 1.0e-04  fps   9499   433.4s
it 12603/15000  reward     nan  ep_len    nan  fell    0  err_xy 0.129  std 0.262  lr 1.0e-04  fps   9577   433.6s
it 12604/15000  reward     nan  ep_len    nan  fell    0  err_xy 0.097  std 0.262  lr 1.0e-04  fps   9197   433.9s
it 12605/15000  reward     nan  ep_len    nan  fell    0  err_xy 0.066  std 0.262  lr 1.0e-04  fps   9183   434.1s
it 12606/15000  reward     nan  ep_len    nan  fell    0  err_xy 0.059  std 0.262  lr 1.0e-04  fps   9096   434.4s
it 12607/15000  reward     nan  ep_len    nan  fell    0  err_xy 0.055  std 0.262  lr 1.0e-04  fps   9142   434.6s
it 12608/15000  reward     nan  ep_len    nan  fell    0  err_xy 0.044  std 0.262  lr 1.0e-04  fps   8851   434.9s
it 12609/15000  reward     nan  ep_len    nan  fell    0  err_xy 0.045  std 0.262  lr 1.0e-04  fps   8969   435.1s
it 12610/15000  reward     nan  ep_len    nan  fell    0  err_xy 0.040  std 0.262  lr 1.0e-04  fps   9023   435.4s
it 12611/15000  reward     nan  ep_len    nan  fell    0  err_xy 0.042  std 0.262  lr 1.0e-04  fps   8997   435.6s
it 12612/15000  reward     nan  ep_len    nan  fell    0  err_xy 0.036  std 0.262  lr 1.0e-04  fps   8915   435.9s
it 12613/15000  reward     nan  ep_len    nan  fell    0  err_xy 0.026  std 0.262  lr 1.0e-04  fps   9004   436.2s
it 12614/15000  reward     nan  ep_len    nan  fell    0  err_xy 0.026  std 0.262  lr 1.0e-04  fps   8738   436.4s
it 12615/15000  reward     nan  ep_len    nan  fell    0  err_xy 0.023  std 0.262  lr 1.0e-04  fps   8640   436.7s
it 12616/15000  reward     nan  ep_len    nan  fell    0  err_xy 0.023  std 0.263  lr 1.0e-04  fps   8810   437.0s
it 12617/15000  reward   40.14  ep_len  400.0  fell    0  err_xy 0.087  std 0.263  lr 1.0e-04  fps   7247   437.3s
it 12618/15000  reward     nan  ep_len    nan  fell    0  err_xy 0.290  std 0.263  lr 1.0e-04  fps   9873   437.5s
it 12619/15000  reward     nan  ep_len    nan  fell    0  err_xy 0.147  std 0.263  lr 1.0e-04  fps   9803   437.7s
it 12620/15000  reward     nan  ep_len    nan  fell    0  err_xy 0.136  std 0.263  lr 1.0e-04  fps   9290   438.0s
it 12621/15000  reward     nan  ep_len    nan  fell    0  err_xy 0.091  std 0.263  lr 1.0e-04  fps   8630   438.3s
it 12622/15000  reward     nan  ep_len    nan  fell    0  err_xy 0.071  std 0.263  lr 1.0e-04  fps   8763   438.5s
it 12623/15000  reward     nan  ep_len    nan  fell    0  err_xy 0.046  std 0.263  lr 1.0e-04  fps   8682   438.8s
it 12624/15000  reward     nan  ep_len    nan  fell    0  err_xy 0.043  std 0.263  lr 1.0e-04  fps   8786   439.0s
it 12625/15000  reward     nan  ep_len    nan  fell    0  err_xy 0.046  std 0.263  lr 1.0e-04  fps   8798   439.3s
it 12626/15000  reward     nan  ep_len    nan  fell    0  err_xy 0.046  std 0.263  lr 1.0e-04  fps   8784   439.6s
it 12627/15000  reward     nan  ep_len    nan  fell    0  err_xy 0.028  std 0.263  lr 1.0e-04  fps   8777   439.8s
it 12628/15000  reward     nan  ep_len    nan  fell    0  err_xy 0.025  std 0.263  lr 1.0e-04  fps   8549   440.1s
it 12629/15000  reward     nan  ep_len    nan  fell    0  err_xy 0.023  std 0.263  lr 1.0e-04  fps   8238   440.4s
it 12630/15000  reward     nan  ep_len    nan  fell    0  err_xy 0.023  std 0.263  lr 1.0e-04  fps   8803   440.6s
it 12631/15000  reward     nan  ep_len    nan  fell    0  err_xy 0.021  std 0.263  lr 1.0e-04  fps   8987   440.9s
it 12632/15000  reward     nan  ep_len    nan  fell    0  err_xy 0.015  std 0.263  lr 1.0e-04  fps   9018   441.2s
it 12633/15000  reward     nan  ep_len    nan  fell    0  err_xy 0.016  std 0.263  lr 1.0e-04  fps   9070   441.4s
it 12634/15000  reward   51.83  ep_len  400.0  fell    0  err_xy 0.217  std 0.263  lr 1.0e-04  fps   7531   441.7s
it 12635/15000  reward     nan  ep_len    nan  fell    0  err_xy 0.225  std 0.263  lr 1.0e-04  fps   9938   442.0s
it 12636/15000  reward     nan  ep_len    nan  fell    0  err_xy 0.136  std 0.263  lr 1.0e-04  fps   9549   442.2s
it 12637/15000  reward     nan  ep_len    nan  fell    0  err_xy 0.110  std 0.263  lr 1.0e-04  fps   9345   442.4s
it 12638/15000  reward     nan  ep_len    nan  fell    0  err_xy 0.063  std 0.263  lr 1.0e-04  fps   9167   442.7s
it 12639/15000  reward     nan  ep_len    nan  fell    0  err_xy 0.058  std 0.263  lr 1.0e-04  fps   9034   442.9s
it 12640/15000  reward     nan  ep_len    nan  fell    0  err_xy 0.044  std 0.263  lr 1.0e-04  fps   9117   443.2s
it 12641/15000  reward     nan  ep_len    nan  fell    0  err_xy 0.046  std 0.263  lr 1.0e-04  fps   9002   443.5s
it 12642/15000  reward     nan  ep_len    nan  fell    0  err_xy 0.043  std 0.263  lr 1.0e-04  fps   8993   443.7s
it 12643/15000  reward     nan  ep_len    nan  fell    0  err_xy 0.032  std 0.263  lr 1.0e-04  fps   8981   444.0s
it 12644/15000  reward     nan  ep_len    nan  fell    0  err_xy 0.021  std 0.263  lr 1.0e-04  fps   8942   444.2s
it 12645/15000  reward     nan  ep_len    nan  fell    0  err_xy 0.018  std 0.263  lr 1.0e-04  fps   8922   444.5s
it 12646/15000  reward     nan  ep_len    nan  fell    0  err_xy 0.017  std 0.263  lr 1.0e-04  fps   8967   444.7s
it 12647/15000  reward     nan  ep_len    nan  fell    0  err_xy 0.015  std 0.263  lr 1.0e-04  fps   8884   445.0s
it 12648/15000  reward     nan  ep_len    nan  fell    0  err_xy 0.015  std 0.263  lr 1.0e-04  fps   8948   445.3s
it 12649/15000  reward     nan  ep_len    nan  fell    0  err_xy 0.014  std 0.263  lr 1.0e-04  fps   8884   445.5s
it 12650/15000  reward   45.07  ep_len  400.0  fell    0  err_xy 0.013  std 0.263  lr 1.0e-04  fps   7021   445.8s
it 12651/15000  reward     nan  ep_len    nan  fell    0  err_xy 0.305  std 0.263  lr 1.0e-04  fps   9815   446.1s
it 12652/15000  reward     nan  ep_len    nan  fell    0  err_xy 0.198  std 0.263  lr 1.0e-04  fps   9855   446.3s
it 12653/15000  reward     nan  ep_len    nan  fell    0  err_xy 0.127  std 0.263  lr 1.0e-04  fps   9561   446.6s
it 12654/15000  reward     nan  ep_len    nan  fell    0  err_xy 0.086  std 0.263  lr 1.0e-04  fps   9121   446.8s
it 12655/15000  reward     nan  ep_len    nan  fell    0  err_xy 0.056  std 0.263  lr 1.0e-04  fps   9025   447.1s
it 12656/15000  reward     nan  ep_len    nan  fell    0  err_xy 0.043  std 0.263  lr 1.0e-04  fps   8787   447.3s
it 12657/15000  reward     nan  ep_len    nan  fell    0  err_xy 0.042  std 0.263  lr 1.0e-04  fps   8922   447.6s
it 12658/15000  reward     nan  ep_len    nan  fell    0  err_xy 0.046  std 0.263  lr 1.0e-04  fps   8863   447.8s
it 12659/15000  reward     nan  ep_len    nan  fell    0  err_xy 0.043  std 0.263  lr 1.0e-04  fps   8790   448.1s
it 12660/15000  reward     nan  ep_len    nan  fell    0  err_xy 0.043  std 0.263  lr 1.0e-04  fps   8742   448.4s
it 12661/15000  reward     nan  ep_len    nan  fell    0  err_xy 0.031  std 0.263  lr 1.0e-04  fps   8744   448.6s
it 12662/15000  reward     nan  ep_len    nan  fell    0  err_xy 0.031  std 0.263  lr 1.0e-04  fps   8697   448.9s
it 12663/15000  reward     nan  ep_len    nan  fell    0  err_xy 0.023  std 0.263  lr 1.0e-04  fps   8675   449.2s
it 12664/15000  reward     nan  ep_len    nan  fell    0  err_xy 0.018  std 0.263  lr 1.0e-04  fps   8731   449.4s
it 12665/15000  reward     nan  ep_len    nan  fell    0  err_xy 0.012  std 0.263  lr 1.0e-04  fps   8729   449.7s
it 12666/15000  reward     nan  ep_len    nan  fell    0  err_xy 0.011  std 0.263  lr 1.0e-04  fps   8779   450.0s
it 12667/15000  reward   49.03  ep_len  400.0  fell    0  err_xy 0.080  std 0.263  lr 1.0e-04  fps   7202   450.3s
it 12668/15000  reward     nan  ep_len    nan  fell    0  err_xy 0.306  std 0.263  lr 1.0e-04  fps   9906   450.5s
it 12669/15000  reward     nan  ep_len    nan  fell    0  err_xy 0.147  std 0.263  lr 1.0e-04  fps   9922   450.7s
it 12670/15000  reward     nan  ep_len    nan  fell    0  err_xy 0.108  std 0.263  lr 1.0e-04  fps   9635   451.0s
it 12671/15000  reward     nan  ep_len    nan  fell    0  err_xy 0.080  std 0.263  lr 1.0e-04  fps   9187   451.2s
it 12672/15000  reward     nan  ep_len    nan  fell    0  err_xy 0.055  std 0.263  lr 1.0e-04  fps   9030   451.5s
it 12673/15000  reward     nan  ep_len    nan  fell    0  err_xy 0.044  std 0.263  lr 1.0e-04  fps   9042   451.7s
it 12674/15000  reward     nan  ep_len    nan  fell    0  err_xy 0.044  std 0.263  lr 1.0e-04  fps   9044   452.0s
it 12675/15000  reward     nan  ep_len    nan  fell    0  err_xy 0.045  std 0.263  lr 1.0e-04  fps   8958   452.3s
it 12676/15000  reward     nan  ep_len    nan  fell    0  err_xy 0.043  std 0.263  lr 1.0e-04  fps   9078   452.5s
it 12677/15000  reward     nan  ep_len    nan  fell    0  err_xy 0.035  std 0.263  lr 1.0e-04  fps   8788   452.8s
it 12678/15000  reward     nan  ep_len    nan  fell    0  err_xy 0.024  std 0.263  lr 1.0e-04  fps   8922   453.0s
it 12679/15000  reward     nan  ep_len    nan  fell    0  err_xy 0.022  std 0.263  lr 1.0e-04  fps   8880   453.3s
it 12680/15000  reward     nan  ep_len    nan  fell    0  err_xy 0.020  std 0.263  lr 1.0e-04  fps   7665   453.6s
it 12681/15000  reward     nan  ep_len    nan  fell    0  err_xy 0.023  std 0.263  lr 1.0e-04  fps   8722   453.9s
it 12682/15000  reward     nan  ep_len    nan  fell    0  err_xy 0.017  std 0.263  lr 1.0e-04  fps   8926   454.1s
it 12683/15000  reward     nan  ep_len    nan  fell    0  err_xy 0.016  std 0.263  lr 1.0e-04  fps   8842   454.4s
it 12684/15000  reward   38.89  ep_len  400.0  fell    0  err_xy 0.188  std 0.263  lr 1.0e-04  fps   7349   454.7s
it 12685/15000  reward     nan  ep_len    nan  fell    0  err_xy 0.252  std 0.263  lr 1.0e-04  fps   9991   454.9s
it 12686/15000  reward     nan  ep_len    nan  fell    0  err_xy 0.128  std 0.263  lr 1.0e-04  fps   9844   455.2s
it 12687/15000  reward     nan  ep_len    nan  fell    0  err_xy 0.102  std 0.263  lr 1.0e-04  fps   9505   455.4s
it 12688/15000  reward     nan  ep_len    nan  fell    0  err_xy 0.083  std 0.263  lr 1.0e-04  fps   9254   455.7s
it 12689/15000  reward     nan  ep_len    nan  fell    0  err_xy 0.066  std 0.263  lr 1.0e-04  fps   9049   455.9s
it 12690/15000  reward     nan  ep_len    nan  fell    0  err_xy 0.066  std 0.263  lr 1.0e-04  fps   8979   456.2s
it 12691/15000  reward     nan  ep_len    nan  fell    0  err_xy 0.058  std 0.263  lr 1.0e-04  fps   9009   456.4s
it 12692/15000  reward     nan  ep_len    nan  fell    0  err_xy 0.059  std 0.263  lr 1.0e-04  fps   9012   456.7s
it 12693/15000  reward     nan  ep_len    nan  fell    0  err_xy 0.050  std 0.264  lr 1.0e-04  fps   9010   456.9s
it 12694/15000  reward     nan  ep_len    nan  fell    0  err_xy 0.042  std 0.264  lr 1.0e-04  fps   8959   457.2s
it 12695/15000  reward     nan  ep_len    nan  fell    0  err_xy 0.047  std 0.264  lr 1.0e-04  fps   8920   457.4s
it 12696/15000  reward     nan  ep_len    nan  fell    0  err_xy 0.036  std 0.264  lr 1.0e-04  fps   8908   457.7s
it 12697/15000  reward     nan  ep_len    nan  fell    0  err_xy 0.030  std 0.264  lr 1.0e-04  fps   8831   458.0s
it 12698/15000  reward     nan  ep_len    nan  fell    0  err_xy 0.023  std 0.264  lr 1.0e-04  fps   8864   458.2s
it 12699/15000  reward     nan  ep_len    nan  fell    0  err_xy 0.026  std 0.264  lr 1.0e-04  fps   8816   458.5s
it 12700/15000  reward   46.32  ep_len  400.0  fell    0  err_xy 0.017  std 0.264  lr 1.0e-04  fps   6924   458.8s
it 12701/15000  reward     nan  ep_len    nan  fell    0  err_xy 0.301  std 0.264  lr 1.0e-04  fps   9746   459.1s
it 12702/15000  reward     nan  ep_len    nan  fell    0  err_xy 0.212  std 0.264  lr 1.0e-04  fps   9954   459.3s
it 12703/15000  reward     nan  ep_len    nan  fell    0  err_xy 0.132  std 0.264  lr 1.0e-04  fps   9645   459.5s
it 12704/15000  reward     nan  ep_len    nan  fell    0  err_xy 0.103  std 0.264  lr 1.0e-04  fps   9376   459.8s
it 12705/15000  reward     nan  ep_len    nan  fell    0  err_xy 0.082  std 0.264  lr 1.0e-04  fps   9247   460.0s
it 12706/15000  reward     nan  ep_len    nan  fell    0  err_xy 0.061  std 0.264  lr 1.0e-04  fps   9155   460.3s
it 12707/15000  reward     nan  ep_len    nan  fell    0  err_xy 0.048  std 0.264  lr 1.0e-04  fps   9203   460.5s
it 12708/15000  reward     nan  ep_len    nan  fell    0  err_xy 0.051  std 0.264  lr 1.0e-04  fps   9151   460.8s
it 12709/15000  reward     nan  ep_len    nan  fell    0  err_xy 0.045  std 0.264  lr 1.0e-04  fps   9174   461.0s
it 12710/15000  reward     nan  ep_len    nan  fell    0  err_xy 0.040  std 0.264  lr 1.0e-04  fps   9035   461.3s
it 12711/15000  reward     nan  ep_len    nan  fell    0  err_xy 0.038  std 0.264  lr 1.0e-04  fps   8990   461.5s
it 12712/15000  reward     nan  ep_len    nan  fell    0  err_xy 0.033  std 0.264  lr 1.0e-04  fps   9089   461.8s
it 12713/15000  reward     nan  ep_len    nan  fell    0  err_xy 0.026  std 0.264  lr 1.0e-04  fps   9002   462.1s
it 12714/15000  reward     nan  ep_len    nan  fell    0  err_xy 0.030  std 0.264  lr 1.0e-04  fps   8899   462.3s
it 12715/15000  reward     nan  ep_len    nan  fell    0  err_xy 0.026  std 0.264  lr 1.0e-04  fps   9060   462.6s
it 12716/15000  reward     nan  ep_len    nan  fell    0  err_xy 0.026  std 0.264  lr 1.0e-04  fps   8980   462.8s
it 12717/15000  reward   40.31  ep_len  400.0  fell    0  err_xy 0.089  std 0.264  lr 1.0e-04  fps   7225   463.1s
it 12718/15000  reward     nan  ep_len    nan  fell    0  err_xy 0.335  std 0.264  lr 1.0e-04  fps   9811   463.4s
it 12719/15000  reward     nan  ep_len    nan  fell    0  err_xy 0.190  std 0.264  lr 1.0e-04  fps   9763   463.6s
it 12720/15000  reward     nan  ep_len    nan  fell    0  err_xy 0.149  std 0.264  lr 1.0e-04  fps   9343   463.9s
it 12721/15000  reward     nan  ep_len    nan  fell    0  err_xy 0.120  std 0.264  lr 1.0e-04  fps   9193   464.1s
it 12722/15000  reward     nan  ep_len    nan  fell    0  err_xy 0.096  std 0.264  lr 1.0e-04  fps   9078   464.4s
it 12723/15000  reward     nan  ep_len    nan  fell    0  err_xy 0.082  std 0.264  lr 1.0e-04  fps   9175   464.6s
it 12724/15000  reward     nan  ep_len    nan  fell    0  err_xy 0.078  std 0.264  lr 1.0e-04  fps   9097   464.9s
it 12725/15000  reward     nan  ep_len    nan  fell    0  err_xy 0.086  std 0.264  lr 1.0e-04  fps   9123   465.1s
it 12726/15000  reward     nan  ep_len    nan  fell    0  err_xy 0.078  std 0.264  lr 1.0e-04  fps   9014   465.4s
it 12727/15000  reward     nan  ep_len    nan  fell    0  err_xy 0.082  std 0.264  lr 1.0e-04  fps   9020   465.6s
it 12728/15000  reward     nan  ep_len    nan  fell    0  err_xy 0.060  std 0.264  lr 1.0e-04  fps   9033   465.9s
it 12729/15000  reward     nan  ep_len    nan  fell    0  err_xy 0.046  std 0.264  lr 1.0e-04  fps   9083   466.1s
it 12730/15000  reward     nan  ep_len    nan  fell    0  err_xy 0.044  std 0.264  lr 1.0e-04  fps   9075   466.4s
it 12731/15000  reward     nan  ep_len    nan  fell    0  err_xy 0.046  std 0.264  lr 1.0e-04  fps   9034   466.7s
it 12732/15000  reward     nan  ep_len    nan  fell    0  err_xy 0.034  std 0.264  lr 1.0e-04  fps   8989   466.9s
it 12733/15000  reward     nan  ep_len    nan  fell    0  err_xy 0.031  std 0.264  lr 1.0e-04  fps   8143   467.2s
it 12734/15000  reward   38.95  ep_len  400.0  fell    0  err_xy 0.206  std 0.264  lr 1.0e-04  fps   7513   467.5s
it 12735/15000  reward     nan  ep_len    nan  fell    0  err_xy 0.280  std 0.264  lr 1.0e-04  fps   9923   467.7s
it 12736/15000  reward     nan  ep_len    nan  fell    0  err_xy 0.159  std 0.264  lr 1.0e-04  fps   9703   468.0s
it 12737/15000  reward     nan  ep_len    nan  fell    0  err_xy 0.149  std 0.264  lr 1.0e-04  fps   9653   468.2s
it 12738/15000  reward     nan  ep_len    nan  fell    0  err_xy 0.134  std 0.264  lr 1.0e-04  fps   9454   468.5s
it 12739/15000  reward     nan  ep_len    nan  fell    0  err_xy 0.102  std 0.264  lr 1.0e-04  fps   9378   468.7s
it 12740/15000  reward     nan  ep_len    nan  fell    0  err_xy 0.072  std 0.264  lr 1.0e-04  fps   9285   469.0s
it 12741/15000  reward     nan  ep_len    nan  fell    0  err_xy 0.063  std 0.264  lr 1.0e-04  fps   9320   469.2s
it 12742/15000  reward     nan  ep_len    nan  fell    0  err_xy 0.066  std 0.264  lr 1.0e-04  fps   9217   469.4s
it 12743/15000  reward     nan  ep_len    nan  fell    0  err_xy 0.057  std 0.264  lr 1.0e-04  fps   9262   469.7s
it 12744/15000  reward     nan  ep_len    nan  fell    0  err_xy 0.053  std 0.264  lr 1.0e-04  fps   9234   469.9s
it 12745/15000  reward     nan  ep_len    nan  fell    0  err_xy 0.040  std 0.264  lr 1.0e-04  fps   9226   470.2s
it 12746/15000  reward     nan  ep_len    nan  fell    0  err_xy 0.032  std 0.264  lr 1.0e-04  fps   9150   470.4s
it 12747/15000  reward     nan  ep_len    nan  fell    0  err_xy 0.029  std 0.264  lr 1.0e-04  fps   9295   470.7s
it 12748/15000  reward     nan  ep_len    nan  fell    0  err_xy 0.027  std 0.264  lr 1.0e-04  fps   9115   471.0s
it 12749/15000  reward     nan  ep_len    nan  fell    0  err_xy 0.030  std 0.264  lr 1.0e-04  fps   9181   471.2s
it 12750/15000  reward   27.31  ep_len  400.0  fell    0  err_xy 0.025  std 0.264  lr 1.0e-04  fps   7294   471.5s
it 12751/15000  reward     nan  ep_len    nan  fell    0  err_xy 0.299  std 0.264  lr 1.0e-04  fps   9678   471.8s
it 12752/15000  reward     nan  ep_len    nan  fell    0  err_xy 0.217  std 0.264  lr 1.0e-04  fps   9950   472.0s
it 12753/15000  reward     nan  ep_len    nan  fell    0  err_xy 0.163  std 0.264  lr 1.0e-04  fps   9651   472.2s
it 12754/15000  reward     nan  ep_len    nan  fell    0  err_xy 0.143  std 0.264  lr 1.0e-04  fps   9491   472.5s
it 12755/15000  reward     nan  ep_len    nan  fell    0  err_xy 0.110  std 0.264  lr 1.0e-04  fps   9336   472.7s
it 12756/15000  reward     nan  ep_len    nan  fell    0  err_xy 0.088  std 0.264  lr 1.0e-04  fps   9264   473.0s
it 12757/15000  reward     nan  ep_len    nan  fell    0  err_xy 0.073  std 0.264  lr 1.0e-04  fps   9192   473.2s
it 12758/15000  reward     nan  ep_len    nan  fell    0  err_xy 0.066  std 0.264  lr 1.0e-04  fps   7593   473.5s
it 12759/15000  reward     nan  ep_len    nan  fell    0  err_xy 0.059  std 0.264  lr 1.0e-04  fps   7195   473.8s
it 12760/15000  reward     nan  ep_len    nan  fell    0  err_xy 0.044  std 0.264  lr 1.0e-04  fps   9177   474.1s
it 12761/15000  reward     nan  ep_len    nan  fell    0  err_xy 0.032  std 0.264  lr 1.0e-04  fps   9169   474.3s
it 12762/15000  reward     nan  ep_len    nan  fell    0  err_xy 0.031  std 0.264  lr 1.0e-04  fps   9144   474.6s
it 12763/15000  reward     nan  ep_len    nan  fell    0  err_xy 0.025  std 0.264  lr 1.0e-04  fps   9154   474.8s
it 12764/15000  reward     nan  ep_len    nan  fell    0  err_xy 0.023  std 0.264  lr 1.0e-04  fps   9187   475.1s
it 12765/15000  reward     nan  ep_len    nan  fell    0  err_xy 0.021  std 0.264  lr 1.0e-04  fps   9172   475.4s
it 12766/15000  reward     nan  ep_len    nan  fell    0  err_xy 0.015  std 0.264  lr 1.0e-04  fps   9266   475.6s
it 12767/15000  reward   38.37  ep_len  400.0  fell    0  err_xy 0.087  std 0.264  lr 1.0e-04  fps   7449   475.9s
it 12768/15000  reward     nan  ep_len    nan  fell    0  err_xy 0.303  std 0.264  lr 1.0e-04  fps  10165   476.1s
it 12769/15000  reward     nan  ep_len    nan  fell    0  err_xy 0.166  std 0.264  lr 1.0e-04  fps  10001   476.4s
it 12770/15000  reward     nan  ep_len    nan  fell    0  err_xy 0.140  std 0.264  lr 1.0e-04  fps   9801   476.6s
it 12771/15000  reward     nan  ep_len    nan  fell    0  err_xy 0.108  std 0.264  lr 1.0e-04  fps   9024   476.9s
it 12772/15000  reward     nan  ep_len    nan  fell    0  err_xy 0.092  std 0.264  lr 1.0e-04  fps   8535   477.1s
it 12773/15000  reward     nan  ep_len    nan  fell    0  err_xy 0.076  std 0.264  lr 1.0e-04  fps   7548   477.4s
it 12774/15000  reward     nan  ep_len    nan  fell    0  err_xy 0.071  std 0.264  lr 1.0e-04  fps   7115   477.8s
it 12775/15000  reward     nan  ep_len    nan  fell    0  err_xy 0.063  std 0.264  lr 1.0e-04  fps   6521   478.1s
it 12776/15000  reward     nan  ep_len    nan  fell    0  err_xy 0.050  std 0.264  lr 1.0e-04  fps   6549   478.5s
it 12777/15000  reward     nan  ep_len    nan  fell    0  err_xy 0.038  std 0.264  lr 1.0e-04  fps   9274   478.7s
it 12778/15000  reward     nan  ep_len    nan  fell    0  err_xy 0.045  std 0.264  lr 1.0e-04  fps   9357   479.0s
it 12779/15000  reward     nan  ep_len    nan  fell    0  err_xy 0.052  std 0.264  lr 1.0e-04  fps   9252   479.2s
it 12780/15000  reward     nan  ep_len    nan  fell    0  err_xy 0.044  std 0.264  lr 1.0e-04  fps   9164   479.5s
it 12781/15000  reward     nan  ep_len    nan  fell    0  err_xy 0.032  std 0.264  lr 1.0e-04  fps   9173   479.7s
it 12782/15000  reward     nan  ep_len    nan  fell    0  err_xy 0.028  std 0.264  lr 1.0e-04  fps     65   515.1s
it 12783/15000  reward     nan  ep_len    nan  fell    0  err_xy 0.027  std 0.264  lr 1.0e-04  fps   7305   515.4s
it 12784/15000  reward   41.95  ep_len  400.0  fell    0  err_xy 0.183  std 0.264  lr 1.0e-04  fps   6855   515.7s
it 12785/15000  reward     nan  ep_len    nan  fell    0  err_xy 0.278  std 0.264  lr 1.0e-04  fps  10112   515.9s
it 12786/15000  reward     nan  ep_len    nan  fell    0  err_xy 0.172  std 0.264  lr 1.0e-04  fps  10059   516.2s
it 12787/15000  reward     nan  ep_len    nan  fell    0  err_xy 0.132  std 0.264  lr 1.0e-04  fps   9810   516.4s
it 12788/15000  reward     nan  ep_len    nan  fell    0  err_xy 0.099  std 0.264  lr 1.0e-04  fps   9573   516.7s
it 12789/15000  reward     nan  ep_len    nan  fell    0  err_xy 0.079  std 0.264  lr 1.0e-04  fps   9457   516.9s
it 12790/15000  reward     nan  ep_len    nan  fell    0  err_xy 0.078  std 0.264  lr 1.0e-04  fps   9359   517.1s
it 12791/15000  reward     nan  ep_len    nan  fell    0  err_xy 0.065  std 0.264  lr 1.0e-04  fps   2296   518.1s
it 12792/15000  reward     nan  ep_len    nan  fell    0  err_xy 0.058  std 0.264  lr 1.0e-04  fps   1073   520.3s
it 12793/15000  reward     nan  ep_len    nan  fell    0  err_xy 0.041  std 0.264  lr 1.0e-04  fps   9200   520.5s
it 12794/15000  reward     nan  ep_len    nan  fell    0  err_xy 0.041  std 0.264  lr 1.0e-04  fps   9154   520.8s
it 12795/15000  reward     nan  ep_len    nan  fell    0  err_xy 0.036  std 0.264  lr 1.0e-04  fps      2  1583.9s
it 12796/15000  reward     nan  ep_len    nan  fell    0  err_xy 0.028  std 0.264  lr 1.0e-04  fps   7714  1584.2s
it 12797/15000  reward     nan  ep_len    nan  fell    0  err_xy 0.020  std 0.265  lr 1.0e-04  fps   8966  1584.5s
it 12798/15000  reward     nan  ep_len    nan  fell    0  err_xy 0.020  std 0.265  lr 1.0e-04  fps   8535  1584.7s
it 12799/15000  reward     nan  ep_len    nan  fell    0  err_xy 0.018  std 0.264  lr 1.0e-04  fps   8968  1585.0s
it 12800/15000  reward   44.60  ep_len  400.0  fell    0  err_xy 0.015  std 0.264  lr 1.0e-04  fps   7299  1585.3s
eval iteration 12800:
  prone          success  50.0%  time 5.23s  peak_τ 0.95 Nm  return 15.45
  supine         success  75.0%  time 3.24s  peak_τ 0.93 Nm  return 27.67
  score 0.625
it 12801/15000  reward     nan  ep_len    nan  fell    0  err_xy 0.293  std 0.264  lr 1.0e-04  fps   9062  1587.0s
it 12802/15000  reward     nan  ep_len    nan  fell    0  err_xy 0.225  std 0.264  lr 1.0e-04  fps   7594  1587.3s
it 12803/15000  reward     nan  ep_len    nan  fell    0  err_xy 0.164  std 0.264  lr 1.0e-04  fps   6412  1587.6s
it 12804/15000  reward     nan  ep_len    nan  fell    0  err_xy 0.147  std 0.264  lr 1.0e-04  fps   4280  1588.2s
it 12805/15000  reward     nan  ep_len    nan  fell    0  err_xy 0.135  std 0.265  lr 1.0e-04  fps   1483  1589.7s
it 12806/15000  reward     nan  ep_len    nan  fell    0  err_xy 0.118  std 0.265  lr 1.0e-04  fps   6338  1590.1s
it 12807/15000  reward     nan  ep_len    nan  fell    0  err_xy 0.112  std 0.265  lr 1.0e-04  fps   9157  1590.4s
it 12808/15000  reward     nan  ep_len    nan  fell    0  err_xy 0.091  std 0.265  lr 1.0e-04  fps   9055  1590.6s
it 12809/15000  reward     nan  ep_len    nan  fell    0  err_xy 0.070  std 0.265  lr 1.0e-04  fps   8947  1590.9s
it 12810/15000  reward     nan  ep_len    nan  fell    0  err_xy 0.049  std 0.265  lr 1.0e-04  fps   9014  1591.1s
it 12811/15000  reward     nan  ep_len    nan  fell    0  err_xy 0.055  std 0.265  lr 1.0e-04  fps   8917  1591.4s
it 12812/15000  reward     nan  ep_len    nan  fell    0  err_xy 0.044  std 0.265  lr 1.0e-04  fps      7  1925.6s
it 12813/15000  reward     nan  ep_len    nan  fell    0  err_xy 0.042  std 0.265  lr 1.0e-04  fps   8114  1925.9s
it 12814/15000  reward     nan  ep_len    nan  fell    0  err_xy 0.040  std 0.265  lr 1.0e-04  fps   8718  1926.1s
it 12815/15000  reward     nan  ep_len    nan  fell    0  err_xy 0.034  std 0.265  lr 1.0e-04  fps   8607  1926.4s
it 12816/15000  reward     nan  ep_len    nan  fell    0  err_xy 0.028  std 0.265  lr 1.0e-04  fps   8694  1926.7s
it 12817/15000  reward   49.17  ep_len  400.0  fell    0  err_xy 0.088  std 0.265  lr 1.0e-04  fps   7254  1927.0s
it 12818/15000  reward     nan  ep_len    nan  fell    0  err_xy 0.319  std 0.265  lr 1.0e-04  fps   9885  1927.2s
it 12819/15000  reward     nan  ep_len    nan  fell    0  err_xy 0.181  std 0.265  lr 1.0e-04  fps   9714  1927.4s
it 12820/15000  reward     nan  ep_len    nan  fell    0  err_xy 0.152  std 0.265  lr 1.0e-04  fps   9625  1927.7s
it 12821/15000  reward     nan  ep_len    nan  fell    0  err_xy 0.146  std 0.265  lr 1.0e-04  fps   9382  1927.9s
it 12822/15000  reward     nan  ep_len    nan  fell    0  err_xy 0.127  std 0.265  lr 1.0e-04  fps   9321  1928.2s
it 12823/15000  reward     nan  ep_len    nan  fell    0  err_xy 0.104  std 0.265  lr 1.0e-04  fps   9297  1928.4s
it 12824/15000  reward     nan  ep_len    nan  fell    0  err_xy 0.101  std 0.265  lr 1.0e-04  fps   9022  1928.7s
it 12825/15000  reward     nan  ep_len    nan  fell    0  err_xy 0.097  std 0.265  lr 1.0e-04  fps   7521  1929.0s
it 12826/15000  reward     nan  ep_len    nan  fell    0  err_xy 0.088  std 0.265  lr 1.0e-04  fps   5837  1929.4s
it 12827/15000  reward     nan  ep_len    nan  fell    0  err_xy 0.063  std 0.265  lr 1.0e-04  fps   6272  1929.8s
it 12828/15000  reward     nan  ep_len    nan  fell    0  err_xy 0.055  std 0.265  lr 1.0e-04  fps   5024  1930.2s
it 12829/15000  reward     nan  ep_len    nan  fell    0  err_xy 0.040  std 0.265  lr 1.0e-04  fps   2233  1931.2s
it 12830/15000  reward     nan  ep_len    nan  fell    0  err_xy 0.027  std 0.265  lr 1.0e-04  fps   1059  1933.4s
it 12831/15000  reward     nan  ep_len    nan  fell    0  err_xy 0.027  std 0.265  lr 1.0e-04  fps   2595  1934.3s
it 12832/15000  reward     nan  ep_len    nan  fell    0  err_xy 0.025  std 0.265  lr 1.0e-04  fps   9120  1934.6s
it 12833/15000  reward     nan  ep_len    nan  fell    0  err_xy 0.018  std 0.265  lr 1.0e-04  fps   9037  1934.8s
it 12834/15000  reward   37.52  ep_len  400.0  fell    0  err_xy 0.190  std 0.265  lr 1.0e-04  fps   7487  1935.1s
it 12835/15000  reward     nan  ep_len    nan  fell    0  err_xy 0.238  std 0.265  lr 1.0e-04  fps   9705  1935.4s
it 12836/15000  reward     nan  ep_len    nan  fell    0  err_xy 0.169  std 0.265  lr 1.0e-04  fps   9677  1935.6s
it 12837/15000  reward     nan  ep_len    nan  fell    0  err_xy 0.184  std 0.265  lr 1.0e-04  fps      3  2841.7s
it 12838/15000  reward     nan  ep_len    nan  fell    0  err_xy 0.153  std 0.265  lr 1.0e-04  fps   8650  2842.0s
it 12839/15000  reward     nan  ep_len    nan  fell    0  err_xy 0.114  std 0.265  lr 1.0e-04  fps   9346  2842.3s
it 12840/15000  reward     nan  ep_len    nan  fell    0  err_xy 0.100  std 0.265  lr 1.0e-04  fps   9370  2842.5s
it 12841/15000  reward     nan  ep_len    nan  fell    0  err_xy 0.101  std 0.265  lr 1.0e-04  fps   9410  2842.8s
it 12842/15000  reward     nan  ep_len    nan  fell    0  err_xy 0.077  std 0.265  lr 1.0e-04  fps   9280  2843.0s
it 12843/15000  reward     nan  ep_len    nan  fell    0  err_xy 0.075  std 0.265  lr 1.0e-04  fps   8861  2843.3s
it 12844/15000  reward     nan  ep_len    nan  fell    0  err_xy 0.055  std 0.265  lr 1.0e-04  fps   9104  2843.5s
it 12845/15000  reward     nan  ep_len    nan  fell    0  err_xy 0.047  std 0.265  lr 1.0e-04  fps   9162  2843.8s
it 12846/15000  reward     nan  ep_len    nan  fell    0  err_xy 0.047  std 0.265  lr 1.0e-04  fps   8977  2844.0s
it 12847/15000  reward     nan  ep_len    nan  fell    0  err_xy 0.049  std 0.265  lr 1.0e-04  fps   9185  2844.3s
it 12848/15000  reward     nan  ep_len    nan  fell    0  err_xy 0.042  std 0.265  lr 1.0e-04  fps   9043  2844.5s
it 12849/15000  reward     nan  ep_len    nan  fell    0  err_xy 0.030  std 0.265  lr 1.0e-04  fps   9061  2844.8s
it 12850/15000  reward   43.20  ep_len  400.0  fell    0  err_xy 0.027  std 0.265  lr 1.0e-04  fps   7065  2845.1s
it 12851/15000  reward     nan  ep_len    nan  fell    0  err_xy 0.278  std 0.265  lr 1.0e-04  fps   9532  2845.4s
it 12852/15000  reward     nan  ep_len    nan  fell    0  err_xy 0.217  std 0.265  lr 1.0e-04  fps   9679  2845.6s
it 12853/15000  reward     nan  ep_len    nan  fell    0  err_xy 0.176  std 0.265  lr 1.0e-04  fps   9942  2845.8s
it 12854/15000  reward     nan  ep_len    nan  fell    0  err_xy 0.158  std 0.265  lr 1.0e-04  fps   9510  2846.1s
it 12855/15000  reward     nan  ep_len    nan  fell    0  err_xy 0.146  std 0.265  lr 1.0e-04  fps   9557  2846.3s
it 12856/15000  reward     nan  ep_len    nan  fell    0  err_xy 0.105  std 0.265  lr 1.0e-04  fps   9357  2846.6s
it 12857/15000  reward     nan  ep_len    nan  fell    0  err_xy 0.103  std 0.265  lr 1.0e-04  fps   1636  2848.0s
it 12858/15000  reward     nan  ep_len    nan  fell    0  err_xy 0.096  std 0.265  lr 1.0e-04  fps   8154  2848.2s
it 12859/15000  reward     nan  ep_len    nan  fell    0  err_xy 0.067  std 0.265  lr 1.0e-04  fps   9324  2848.5s
it 12860/15000  reward     nan  ep_len    nan  fell    0  err_xy 0.063  std 0.265  lr 1.0e-04  fps   9283  2848.7s
it 12861/15000  reward     nan  ep_len    nan  fell    0  err_xy 0.049  std 0.265  lr 1.0e-04  fps   9161  2849.0s
it 12862/15000  reward     nan  ep_len    nan  fell    0  err_xy 0.053  std 0.265  lr 1.0e-04  fps   9172  2849.2s
it 12863/15000  reward     nan  ep_len    nan  fell    0  err_xy 0.035  std 0.265  lr 1.0e-04  fps   8997  2849.5s
it 12864/15000  reward     nan  ep_len    nan  fell    0  err_xy 0.030  std 0.265  lr 1.0e-04  fps   9188  2849.8s
it 12865/15000  reward     nan  ep_len    nan  fell    0  err_xy 0.027  std 0.265  lr 1.0e-04  fps   9245  2850.0s
it 12866/15000  reward     nan  ep_len    nan  fell    0  err_xy 0.024  std 0.265  lr 1.0e-04  fps   9294  2850.2s
it 12867/15000  reward   33.35  ep_len  400.0  fell    0  err_xy 0.095  std 0.265  lr 1.0e-04  fps   7547  2850.6s
it 12868/15000  reward     nan  ep_len    nan  fell    0  err_xy 0.297  std 0.265  lr 1.0e-04  fps  10151  2850.8s
it 12869/15000  reward     nan  ep_len    nan  fell    0  err_xy 0.184  std 0.265  lr 1.0e-04  fps   9697  2851.0s
it 12870/15000  reward     nan  ep_len    nan  fell    0  err_xy 0.163  std 0.265  lr 1.0e-04  fps   9019  2851.3s
it 12871/15000  reward     nan  ep_len    nan  fell    0  err_xy 0.157  std 0.265  lr 1.0e-04  fps   7042  2851.6s
it 12872/15000  reward     nan  ep_len    nan  fell    0  err_xy 0.121  std 0.265  lr 1.0e-04  fps   7034  2851.9s
it 12873/15000  reward     nan  ep_len    nan  fell    0  err_xy 0.101  std 0.265  lr 1.0e-04  fps   5177  2852.4s
it 12874/15000  reward     nan  ep_len    nan  fell    0  err_xy 0.080  std 0.265  lr 1.0e-04  fps   4298  2852.9s
it 12875/15000  reward     nan  ep_len    nan  fell    0  err_xy 0.060  std 0.265  lr 1.0e-04  fps   1440  2854.5s
it 12876/15000  reward     nan  ep_len    nan  fell    0  err_xy 0.069  std 0.265  lr 1.0e-04  fps    658  2858.0s
it 12877/15000  reward     nan  ep_len    nan  fell    0  err_xy 0.066  std 0.265  lr 1.0e-04  fps    907  2860.6s
it 12878/15000  reward     nan  ep_len    nan  fell    0  err_xy 0.048  std 0.265  lr 1.0e-04  fps    628  2864.2s
it 12879/15000  reward     nan  ep_len    nan  fell    0  err_xy 0.053  std 0.265  lr 1.0e-04  fps    842  2867.0s
it 12880/15000  reward     nan  ep_len    nan  fell    0  err_xy 0.050  std 0.265  lr 1.0e-04  fps   8950  2867.2s
it 12881/15000  reward     nan  ep_len    nan  fell    0  err_xy 0.046  std 0.265  lr 1.0e-04  fps   8895  2867.5s
it 12882/15000  reward     nan  ep_len    nan  fell    0  err_xy 0.037  std 0.265  lr 1.0e-04  fps   8948  2867.7s
it 12883/15000  reward     nan  ep_len    nan  fell    0  err_xy 0.035  std 0.265  lr 1.0e-04  fps   9287  2868.0s
it 12884/15000  reward   41.51  ep_len  400.0  fell    0  err_xy 0.201  std 0.265  lr 1.0e-04  fps   7643  2868.3s
it 12885/15000  reward     nan  ep_len    nan  fell    0  err_xy 0.270  std 0.265  lr 1.0e-04  fps      3  3770.9s
it 12886/15000  reward     nan  ep_len    nan  fell    0  err_xy 0.158  std 0.265  lr 1.0e-04  fps   8440  3771.1s
it 12887/15000  reward     nan  ep_len    nan  fell    0  err_xy 0.139  std 0.265  lr 1.0e-04  fps   9729  3771.4s
it 12888/15000  reward     nan  ep_len    nan  fell    0  err_xy 0.127  std 0.265  lr 1.0e-04  fps   9705  3771.6s
it 12889/15000  reward     nan  ep_len    nan  fell    0  err_xy 0.097  std 0.265  lr 1.0e-04  fps   9408  3771.9s
it 12890/15000  reward     nan  ep_len    nan  fell    0  err_xy 0.077  std 0.265  lr 1.0e-04  fps   9594  3772.1s
it 12891/15000  reward     nan  ep_len    nan  fell    0  err_xy 0.065  std 0.265  lr 1.0e-04  fps   9680  3772.3s
it 12892/15000  reward     nan  ep_len    nan  fell    0  err_xy 0.067  std 0.265  lr 1.0e-04  fps   9534  3772.6s
it 12893/15000  reward     nan  ep_len    nan  fell    0  err_xy 0.056  std 0.265  lr 1.0e-04  fps   9125  3772.8s
it 12894/15000  reward     nan  ep_len    nan  fell    0  err_xy 0.048  std 0.265  lr 1.0e-04  fps   9216  3773.1s
it 12895/15000  reward     nan  ep_len    nan  fell    0  err_xy 0.051  std 0.266  lr 1.0e-04  fps   9454  3773.3s
it 12896/15000  reward     nan  ep_len    nan  fell    0  err_xy 0.034  std 0.266  lr 1.0e-04  fps   9295  3773.6s
it 12897/15000  reward     nan  ep_len    nan  fell    0  err_xy 0.023  std 0.266  lr 1.0e-04  fps   9405  3773.8s
it 12898/15000  reward     nan  ep_len    nan  fell    0  err_xy 0.025  std 0.266  lr 1.0e-04  fps   9345  3774.1s
it 12899/15000  reward     nan  ep_len    nan  fell    0  err_xy 0.022  std 0.266  lr 1.0e-04  fps   9402  3774.3s
it 12900/15000  reward   29.21  ep_len  400.0  fell    0  err_xy 0.019  std 0.266  lr 1.0e-04  fps   7502  3774.6s
it 12901/15000  reward     nan  ep_len    nan  fell    0  err_xy 0.271  std 0.266  lr 1.0e-04  fps  10001  3774.9s
it 12902/15000  reward     nan  ep_len    nan  fell    0  err_xy 0.206  std 0.266  lr 1.0e-04  fps  10221  3775.1s
it 12903/15000  reward     nan  ep_len    nan  fell    0  err_xy 0.148  std 0.266  lr 1.0e-04  fps   9997  3775.3s
it 12904/15000  reward     nan  ep_len    nan  fell    0  err_xy 0.139  std 0.266  lr 1.0e-04  fps   9703  3775.6s
it 12905/15000  reward     nan  ep_len    nan  fell    0  err_xy 0.127  std 0.266  lr 1.0e-04  fps     41  3832.2s
it 12906/15000  reward     nan  ep_len    nan  fell    0  err_xy 0.087  std 0.266  lr 1.0e-04  fps   5710  3832.6s
it 12907/15000  reward     nan  ep_len    nan  fell    0  err_xy 0.071  std 0.266  lr 1.0e-04  fps   7401  3832.9s
it 12908/15000  reward     nan  ep_len    nan  fell    0  err_xy 0.077  std 0.266  lr 1.0e-04  fps   7386  3833.2s
it 12909/15000  reward     nan  ep_len    nan  fell    0  err_xy 0.059  std 0.266  lr 1.0e-04  fps   7750  3833.5s
it 12910/15000  reward     nan  ep_len    nan  fell    0  err_xy 0.042  std 0.266  lr 1.0e-04  fps   6715  3833.9s
it 12911/15000  reward     nan  ep_len    nan  fell    0  err_xy 0.040  std 0.266  lr 1.0e-04  fps   5597  3834.3s
it 12912/15000  reward     nan  ep_len    nan  fell    0  err_xy 0.032  std 0.266  lr 1.0e-04  fps   8084  3834.6s
it 12913/15000  reward     nan  ep_len    nan  fell    0  err_xy 0.031  std 0.266  lr 1.0e-04  fps   7813  3834.9s
it 12914/15000  reward     nan  ep_len    nan  fell    0  err_xy 0.031  std 0.266  lr 1.0e-04  fps   8230  3835.2s
it 12915/15000  reward     nan  ep_len    nan  fell    0  err_xy 0.025  std 0.266  lr 1.0e-04  fps   8903  3835.4s
it 12916/15000  reward     nan  ep_len    nan  fell    0  err_xy 0.025  std 0.266  lr 1.0e-04  fps   8880  3835.7s
it 12917/15000  reward   40.33  ep_len  400.0  fell    0  err_xy 0.089  std 0.266  lr 1.0e-04  fps   6915  3836.0s
it 12918/15000  reward     nan  ep_len    nan  fell    0  err_xy 0.288  std 0.266  lr 1.0e-04  fps   9560  3836.3s
it 12919/15000  reward     nan  ep_len    nan  fell    0  err_xy 0.183  std 0.266  lr 1.0e-04  fps   9675  3836.5s
it 12920/15000  reward     nan  ep_len    nan  fell    0  err_xy 0.137  std 0.266  lr 1.0e-04  fps   9359  3836.7s
it 12921/15000  reward     nan  ep_len    nan  fell    0  err_xy 0.104  std 0.266  lr 1.0e-04  fps   9103  3837.0s
it 12922/15000  reward     nan  ep_len    nan  fell    0  err_xy 0.074  std 0.266  lr 1.0e-04  fps   8832  3837.3s
it 12923/15000  reward     nan  ep_len    nan  fell    0  err_xy 0.058  std 0.266  lr 1.0e-04  fps   8747  3837.5s
it 12924/15000  reward     nan  ep_len    nan  fell    0  err_xy 0.051  std 0.266  lr 1.0e-04  fps   8591  3837.8s
it 12925/15000  reward     nan  ep_len    nan  fell    0  err_xy 0.035  std 0.266  lr 1.0e-04  fps   8611  3838.1s
it 12926/15000  reward     nan  ep_len    nan  fell    0  err_xy 0.025  std 0.266  lr 1.0e-04  fps   8613  3838.3s
it 12927/15000  reward     nan  ep_len    nan  fell    0  err_xy 0.021  std 0.266  lr 1.0e-04  fps   8706  3838.6s
it 12928/15000  reward     nan  ep_len    nan  fell    0  err_xy 0.014  std 0.266  lr 1.0e-04  fps   8588  3838.9s
it 12929/15000  reward     nan  ep_len    nan  fell    0  err_xy 0.015  std 0.266  lr 1.0e-04  fps   8439  3839.1s
it 12930/15000  reward     nan  ep_len    nan  fell    0  err_xy 0.013  std 0.266  lr 1.0e-04  fps   8003  3839.4s
it 12931/15000  reward     nan  ep_len    nan  fell    0  err_xy 0.013  std 0.266  lr 1.0e-04  fps   7794  3839.7s
it 12932/15000  reward     nan  ep_len    nan  fell    0  err_xy 0.012  std 0.266  lr 1.0e-04  fps   8633  3840.0s
it 12933/15000  reward     nan  ep_len    nan  fell    0  err_xy 0.010  std 0.266  lr 1.0e-04  fps   8624  3840.2s
it 12934/15000  reward   48.73  ep_len  400.0  fell    0  err_xy 0.186  std 0.266  lr 1.0e-04  fps   7343  3840.6s
it 12935/15000  reward     nan  ep_len    nan  fell    0  err_xy 0.262  std 0.266  lr 1.0e-04  fps   9430  3840.8s
it 12936/15000  reward     nan  ep_len    nan  fell    0  err_xy 0.149  std 0.266  lr 1.0e-04  fps   9602  3841.0s
it 12937/15000  reward     nan  ep_len    nan  fell    0  err_xy 0.102  std 0.266  lr 1.0e-04  fps   9321  3841.3s
it 12938/15000  reward     nan  ep_len    nan  fell    0  err_xy 0.065  std 0.266  lr 1.0e-04  fps   9135  3841.5s
it 12939/15000  reward     nan  ep_len    nan  fell    0  err_xy 0.055  std 0.266  lr 1.0e-04  fps   8537  3841.8s
it 12940/15000  reward     nan  ep_len    nan  fell    0  err_xy 0.053  std 0.266  lr 1.0e-04  fps   8870  3842.1s
it 12941/15000  reward     nan  ep_len    nan  fell    0  err_xy 0.044  std 0.266  lr 1.0e-04  fps   8989  3842.3s
it 12942/15000  reward     nan  ep_len    nan  fell    0  err_xy 0.045  std 0.266  lr 1.0e-04  fps   8861  3842.6s
it 12943/15000  reward     nan  ep_len    nan  fell    0  err_xy 0.034  std 0.266  lr 1.0e-04  fps   8823  3842.9s
it 12944/15000  reward     nan  ep_len    nan  fell    0  err_xy 0.035  std 0.266  lr 1.0e-04  fps   8652  3843.1s
it 12945/15000  reward     nan  ep_len    nan  fell    0  err_xy 0.035  std 0.266  lr 1.0e-04  fps   8839  3843.4s
it 12946/15000  reward     nan  ep_len    nan  fell    0  err_xy 0.034  std 0.266  lr 1.0e-04  fps   8839  3843.6s
it 12947/15000  reward     nan  ep_len    nan  fell    0  err_xy 0.029  std 0.266  lr 1.0e-04  fps   8889  3843.9s
it 12948/15000  reward     nan  ep_len    nan  fell    0  err_xy 0.029  std 0.266  lr 1.0e-04  fps   8701  3844.2s
it 12949/15000  reward     nan  ep_len    nan  fell    0  err_xy 0.024  std 0.266  lr 1.0e-04  fps   8831  3844.4s
it 12950/15000  reward   46.09  ep_len  400.0  fell    0  err_xy 0.018  std 0.266  lr 1.0e-04  fps   7068  3844.8s
it 12951/15000  reward     nan  ep_len    nan  fell    0  err_xy 0.290  std 0.266  lr 1.0e-04  fps   9651  3845.0s
it 12952/15000  reward     nan  ep_len    nan  fell    0  err_xy 0.223  std 0.266  lr 1.0e-04  fps   9796  3845.2s
it 12953/15000  reward     nan  ep_len    nan  fell    0  err_xy 0.165  std 0.266  lr 1.0e-04  fps   9677  3845.5s
it 12954/15000  reward     nan  ep_len    nan  fell    0  err_xy 0.137  std 0.266  lr 1.0e-04  fps   9382  3845.7s
it 12955/15000  reward     nan  ep_len    nan  fell    0  err_xy 0.100  std 0.266  lr 1.0e-04  fps   9167  3846.0s
it 12956/15000  reward     nan  ep_len    nan  fell    0  err_xy 0.099  std 0.266  lr 1.0e-04  fps   9008  3846.2s
it 12957/15000  reward     nan  ep_len    nan  fell    0  err_xy 0.096  std 0.266  lr 1.0e-04  fps   9032  3846.5s
it 12958/15000  reward     nan  ep_len    nan  fell    0  err_xy 0.077  std 0.266  lr 1.0e-04  fps   8837  3846.7s
it 12959/15000  reward     nan  ep_len    nan  fell    0  err_xy 0.067  std 0.266  lr 1.0e-04  fps   8732  3847.0s
it 12960/15000  reward     nan  ep_len    nan  fell    0  err_xy 0.052  std 0.266  lr 1.0e-04  fps   8546  3847.3s
it 12961/15000  reward     nan  ep_len    nan  fell    0  err_xy 0.042  std 0.266  lr 1.0e-04  fps   7935  3847.6s
it 12962/15000  reward     nan  ep_len    nan  fell    0  err_xy 0.035  std 0.266  lr 1.0e-04  fps   8534  3847.8s
it 12963/15000  reward     nan  ep_len    nan  fell    0  err_xy 0.022  std 0.266  lr 1.0e-04  fps   8450  3848.1s
it 12964/15000  reward     nan  ep_len    nan  fell    0  err_xy 0.022  std 0.266  lr 1.0e-04  fps   8573  3848.4s
it 12965/15000  reward     nan  ep_len    nan  fell    0  err_xy 0.019  std 0.266  lr 1.0e-04  fps   8631  3848.6s
it 12966/15000  reward     nan  ep_len    nan  fell    0  err_xy 0.016  std 0.266  lr 1.0e-04  fps   8176  3848.9s
it 12967/15000  reward   52.26  ep_len  400.0  fell    0  err_xy 0.083  std 0.266  lr 1.0e-04  fps   5875  3849.3s
it 12968/15000  reward     nan  ep_len    nan  fell    0  err_xy 0.283  std 0.266  lr 1.0e-04  fps   8810  3849.6s
it 12969/15000  reward     nan  ep_len    nan  fell    0  err_xy 0.176  std 0.266  lr 1.0e-04  fps   8621  3849.8s
it 12970/15000  reward     nan  ep_len    nan  fell    0  err_xy 0.129  std 0.266  lr 1.0e-04  fps   8294  3850.1s
it 12971/15000  reward     nan  ep_len    nan  fell    0  err_xy 0.116  std 0.266  lr 1.0e-04  fps   8339  3850.4s
it 12972/15000  reward     nan  ep_len    nan  fell    0  err_xy 0.103  std 0.266  lr 1.0e-04  fps   7856  3850.7s
it 12973/15000  reward     nan  ep_len    nan  fell    0  err_xy 0.085  std 0.266  lr 1.0e-04  fps   7902  3851.0s
it 12974/15000  reward     nan  ep_len    nan  fell    0  err_xy 0.068  std 0.266  lr 1.0e-04  fps   8015  3851.3s
it 12975/15000  reward     nan  ep_len    nan  fell    0  err_xy 0.057  std 0.266  lr 1.0e-04  fps   8943  3851.5s
it 12976/15000  reward     nan  ep_len    nan  fell    0  err_xy 0.056  std 0.266  lr 1.0e-04  fps   7992  3851.8s
it 12977/15000  reward     nan  ep_len    nan  fell    0  err_xy 0.058  std 0.266  lr 1.0e-04  fps   7680  3852.1s
it 12978/15000  reward     nan  ep_len    nan  fell    0  err_xy 0.054  std 0.266  lr 1.0e-04  fps   8489  3852.4s
it 12979/15000  reward     nan  ep_len    nan  fell    0  err_xy 0.042  std 0.266  lr 1.0e-04  fps   9004  3852.7s
it 12980/15000  reward     nan  ep_len    nan  fell    0  err_xy 0.033  std 0.266  lr 1.0e-04  fps   8589  3852.9s
it 12981/15000  reward     nan  ep_len    nan  fell    0  err_xy 0.026  std 0.266  lr 1.0e-04  fps   8810  3853.2s
it 12982/15000  reward     nan  ep_len    nan  fell    0  err_xy 0.024  std 0.266  lr 1.0e-04  fps   8431  3853.5s
it 12983/15000  reward     nan  ep_len    nan  fell    0  err_xy 0.022  std 0.266  lr 1.0e-04  fps   8003  3853.7s
it 12984/15000  reward   47.29  ep_len  400.0  fell    0  err_xy 0.193  std 0.266  lr 1.0e-04  fps   6726  3854.1s
it 12985/15000  reward     nan  ep_len    nan  fell    0  err_xy 0.272  std 0.266  lr 1.0e-04  fps   8190  3854.4s
it 12986/15000  reward     nan  ep_len    nan  fell    0  err_xy 0.150  std 0.266  lr 1.0e-04  fps   8297  3854.6s
it 12987/15000  reward     nan  ep_len    nan  fell    0  err_xy 0.111  std 0.266  lr 1.0e-04  fps   8544  3854.9s
it 12988/15000  reward     nan  ep_len    nan  fell    0  err_xy 0.093  std 0.266  lr 1.0e-04  fps   9214  3855.2s
it 12989/15000  reward     nan  ep_len    nan  fell    0  err_xy 0.070  std 0.266  lr 1.0e-04  fps   9286  3855.4s
it 12990/15000  reward     nan  ep_len    nan  fell    0  err_xy 0.072  std 0.266  lr 1.0e-04  fps   9388  3855.7s
it 12991/15000  reward     nan  ep_len    nan  fell    0  err_xy 0.064  std 0.266  lr 1.0e-04  fps   9372  3855.9s
it 12992/15000  reward     nan  ep_len    nan  fell    0  err_xy 0.066  std 0.266  lr 1.0e-04  fps   9299  3856.2s
it 12993/15000  reward     nan  ep_len    nan  fell    0  err_xy 0.052  std 0.266  lr 1.0e-04  fps   9144  3856.4s
it 12994/15000  reward     nan  ep_len    nan  fell    0  err_xy 0.056  std 0.266  lr 1.0e-04  fps   9134  3856.7s
it 12995/15000  reward     nan  ep_len    nan  fell    0  err_xy 0.054  std 0.266  lr 1.0e-04  fps   8869  3856.9s
it 12996/15000  reward     nan  ep_len    nan  fell    0  err_xy 0.045  std 0.266  lr 1.0e-04  fps   9095  3857.2s
it 12997/15000  reward     nan  ep_len    nan  fell    0  err_xy 0.037  std 0.266  lr 1.0e-04  fps   9197  3857.4s
it 12998/15000  reward     nan  ep_len    nan  fell    0  err_xy 0.028  std 0.266  lr 1.0e-04  fps   8813  3857.7s
it 12999/15000  reward     nan  ep_len    nan  fell    0  err_xy 0.023  std 0.266  lr 1.0e-04  fps   8941  3857.9s
it 13000/15000  reward   41.96  ep_len  400.0  fell    0  err_xy 0.025  std 0.266  lr 1.0e-04  fps   7105  3858.3s
eval iteration 13000:
  prone          success   0.0%  time 8.00s  peak_τ 0.96 Nm  return -6.17
  supine         success 100.0%  time 1.75s  peak_τ 0.88 Nm  return 42.07
  score 0.500
it 13001/15000  reward     nan  ep_len    nan  fell    0  err_xy 0.277  std 0.266  lr 1.0e-04  fps   8525  3860.2s
it 13002/15000  reward     nan  ep_len    nan  fell    0  err_xy 0.206  std 0.266  lr 1.0e-04  fps   7532  3860.5s
it 13003/15000  reward     nan  ep_len    nan  fell    0  err_xy 0.161  std 0.266  lr 1.0e-04  fps   7566  3860.8s
it 13004/15000  reward     nan  ep_len    nan  fell    0  err_xy 0.107  std 0.266  lr 1.0e-04  fps   8498  3861.1s
it 13005/15000  reward     nan  ep_len    nan  fell    0  err_xy 0.089  std 0.266  lr 1.0e-04  fps   5021  3861.6s
it 13006/15000  reward     nan  ep_len    nan  fell    0  err_xy 0.085  std 0.266  lr 1.0e-04  fps   5671  3862.0s
it 13007/15000  reward     nan  ep_len    nan  fell    0  err_xy 0.076  std 0.266  lr 1.0e-04  fps   5259  3862.4s
it 13008/15000  reward     nan  ep_len    nan  fell    0  err_xy 0.060  std 0.266  lr 1.0e-04  fps   7381  3862.7s
it 13009/15000  reward     nan  ep_len    nan  fell    0  err_xy 0.052  std 0.266  lr 1.0e-04  fps   7378  3863.0s
it 13010/15000  reward     nan  ep_len    nan  fell    0  err_xy 0.054  std 0.266  lr 1.0e-04  fps   3686  3863.7s
it 13011/15000  reward     nan  ep_len    nan  fell    0  err_xy 0.033  std 0.266  lr 1.0e-04  fps   6444  3864.0s
it 13012/15000  reward     nan  ep_len    nan  fell    0  err_xy 0.029  std 0.266  lr 1.0e-04  fps   6681  3864.4s
it 13013/15000  reward     nan  ep_len    nan  fell    0  err_xy 0.028  std 0.266  lr 1.0e-04  fps   7171  3864.7s
it 13014/15000  reward     nan  ep_len    nan  fell    0  err_xy 0.017  std 0.266  lr 1.0e-04  fps   6937  3865.0s
it 13015/15000  reward     nan  ep_len    nan  fell    0  err_xy 0.020  std 0.266  lr 1.0e-04  fps   6366  3865.4s
it 13016/15000  reward     nan  ep_len    nan  fell    0  err_xy 0.017  std 0.266  lr 1.0e-04  fps   7403  3865.7s
it 13017/15000  reward   55.94  ep_len  400.0  fell    0  err_xy 0.086  std 0.266  lr 1.0e-04  fps   6598  3866.0s
it 13018/15000  reward     nan  ep_len    nan  fell    0  err_xy 0.299  std 0.266  lr 1.0e-04  fps   7398  3866.4s
it 13019/15000  reward     nan  ep_len    nan  fell    0  err_xy 0.173  std 0.266  lr 1.0e-04  fps   9209  3866.6s
it 13020/15000  reward     nan  ep_len    nan  fell    0  err_xy 0.132  std 0.266  lr 1.0e-04  fps   9416  3866.9s
it 13021/15000  reward     nan  ep_len    nan  fell    0  err_xy 0.120  std 0.266  lr 1.0e-04  fps   8909  3867.1s
it 13022/15000  reward     nan  ep_len    nan  fell    0  err_xy 0.086  std 0.266  lr 1.0e-04  fps   9075  3867.4s
it 13023/15000  reward     nan  ep_len    nan  fell    0  err_xy 0.062  std 0.266  lr 1.0e-04  fps   8336  3867.6s
it 13024/15000  reward     nan  ep_len    nan  fell    0  err_xy 0.069  std 0.266  lr 1.0e-04  fps   7911  3867.9s
it 13025/15000  reward     nan  ep_len    nan  fell    0  err_xy 0.059  std 0.267  lr 1.0e-04  fps   8538  3868.2s
it 13026/15000  reward     nan  ep_len    nan  fell    0  err_xy 0.051  std 0.267  lr 1.0e-04  fps   8632  3868.5s
it 13027/15000  reward     nan  ep_len    nan  fell    0  err_xy 0.051  std 0.267  lr 1.0e-04  fps   8568  3868.7s
it 13028/15000  reward     nan  ep_len    nan  fell    0  err_xy 0.038  std 0.266  lr 1.0e-04  fps   8725  3869.0s
it 13029/15000  reward     nan  ep_len    nan  fell    0  err_xy 0.033  std 0.267  lr 1.0e-04  fps   8737  3869.3s
it 13030/15000  reward     nan  ep_len    nan  fell    0  err_xy 0.025  std 0.267  lr 1.0e-04  fps   8366  3869.5s
it 13031/15000  reward     nan  ep_len    nan  fell    0  err_xy 0.021  std 0.267  lr 1.0e-04  fps   8680  3869.8s
it 13032/15000  reward     nan  ep_len    nan  fell    0  err_xy 0.015  std 0.267  lr 1.0e-04  fps   8800  3870.1s
it 13033/15000  reward     nan  ep_len    nan  fell    0  err_xy 0.013  std 0.266  lr 1.0e-04  fps   8774  3870.3s
it 13034/15000  reward   53.88  ep_len  400.0  fell    0  err_xy 0.193  std 0.266  lr 1.0e-04  fps   7527  3870.6s
it 13035/15000  reward     nan  ep_len    nan  fell    0  err_xy 0.286  std 0.266  lr 1.0e-04  fps   9975  3870.9s
it 13036/15000  reward     nan  ep_len    nan  fell    0  err_xy 0.169  std 0.266  lr 1.0e-04  fps   9945  3871.1s
it 13037/15000  reward     nan  ep_len    nan  fell    0  err_xy 0.139  std 0.267  lr 1.0e-04  fps   9746  3871.3s
it 13038/15000  reward     nan  ep_len    nan  fell    0  err_xy 0.114  std 0.267  lr 1.0e-04  fps   9470  3871.6s
it 13039/15000  reward     nan  ep_len    nan  fell    0  err_xy 0.092  std 0.267  lr 1.0e-04  fps   9177  3871.8s
it 13040/15000  reward     nan  ep_len    nan  fell    0  err_xy 0.073  std 0.267  lr 1.0e-04  fps   9001  3872.1s
it 13041/15000  reward     nan  ep_len    nan  fell    0  err_xy 0.058  std 0.267  lr 1.0e-04  fps   8789  3872.4s
it 13042/15000  reward     nan  ep_len    nan  fell    0  err_xy 0.048  std 0.267  lr 1.0e-04  fps   8452  3872.6s
it 13043/15000  reward     nan  ep_len    nan  fell    0  err_xy 0.031  std 0.267  lr 1.0e-04  fps   8395  3872.9s
it 13044/15000  reward     nan  ep_len    nan  fell    0  err_xy 0.021  std 0.267  lr 1.0e-04  fps   8638  3873.2s
it 13045/15000  reward     nan  ep_len    nan  fell    0  err_xy 0.015  std 0.267  lr 1.0e-04  fps   8770  3873.4s
it 13046/15000  reward     nan  ep_len    nan  fell    0  err_xy 0.017  std 0.267  lr 1.0e-04  fps   8479  3873.7s
it 13047/15000  reward     nan  ep_len    nan  fell    0  err_xy 0.015  std 0.267  lr 1.0e-04  fps   8171  3874.0s
it 13048/15000  reward     nan  ep_len    nan  fell    0  err_xy 0.014  std 0.267  lr 1.0e-04  fps   8383  3874.3s
it 13049/15000  reward     nan  ep_len    nan  fell    0  err_xy 0.013  std 0.267  lr 1.0e-04  fps   8742  3874.5s
it 13050/15000  reward   56.39  ep_len  400.0  fell    0  err_xy 0.012  std 0.266  lr 1.0e-04  fps   6847  3874.9s
it 13051/15000  reward     nan  ep_len    nan  fell    0  err_xy 0.285  std 0.266  lr 1.0e-04  fps   9724  3875.1s
it 13052/15000  reward     nan  ep_len    nan  fell    0  err_xy 0.219  std 0.266  lr 1.0e-04  fps   9687  3875.3s
it 13053/15000  reward     nan  ep_len    nan  fell    0  err_xy 0.150  std 0.266  lr 1.0e-04  fps   9340  3875.6s
it 13054/15000  reward     nan  ep_len    nan  fell    0  err_xy 0.117  std 0.266  lr 1.0e-04  fps   9147  3875.8s
it 13055/15000  reward     nan  ep_len    nan  fell    0  err_xy 0.100  std 0.266  lr 1.0e-04  fps   8708  3876.1s
it 13056/15000  reward     nan  ep_len    nan  fell    0  err_xy 0.090  std 0.266  lr 1.0e-04  fps   8765  3876.4s
it 13057/15000  reward     nan  ep_len    nan  fell    0  err_xy 0.084  std 0.266  lr 1.0e-04  fps   8726  3876.6s
it 13058/15000  reward     nan  ep_len    nan  fell    0  err_xy 0.069  std 0.266  lr 1.0e-04  fps   5743  3877.0s
it 13059/15000  reward     nan  ep_len    nan  fell    0  err_xy 0.056  std 0.266  lr 1.0e-04  fps   6587  3877.4s
it 13060/15000  reward     nan  ep_len    nan  fell    0  err_xy 0.045  std 0.266  lr 1.0e-04  fps   5125  3877.8s
it 13061/15000  reward     nan  ep_len    nan  fell    0  err_xy 0.034  std 0.267  lr 1.0e-04  fps   4105  3878.4s
it 13062/15000  reward     nan  ep_len    nan  fell    0  err_xy 0.024  std 0.267  lr 1.0e-04  fps   4352  3878.9s
it 13063/15000  reward     nan  ep_len    nan  fell    0  err_xy 0.019  std 0.267  lr 1.0e-04  fps   4714  3879.4s
it 13064/15000  reward     nan  ep_len    nan  fell    0  err_xy 0.018  std 0.266  lr 1.0e-04  fps   6297  3879.8s
it 13065/15000  reward     nan  ep_len    nan  fell    0  err_xy 0.016  std 0.266  lr 1.0e-04  fps   6922  3880.1s
it 13066/15000  reward     nan  ep_len    nan  fell    0  err_xy 0.013  std 0.266  lr 1.0e-04  fps   4414  3880.6s
it 13067/15000  reward   58.26  ep_len  400.0  fell    0  err_xy 0.084  std 0.266  lr 1.0e-04  fps   6472  3881.0s
it 13068/15000  reward     nan  ep_len    nan  fell    0  err_xy 0.299  std 0.266  lr 1.0e-04  fps   9465  3881.2s
it 13069/15000  reward     nan  ep_len    nan  fell    0  err_xy 0.191  std 0.266  lr 1.0e-04  fps   9602  3881.5s
it 13070/15000  reward     nan  ep_len    nan  fell    0  err_xy 0.131  std 0.266  lr 1.0e-04  fps   9343  3881.7s
it 13071/15000  reward     nan  ep_len    nan  fell    0  err_xy 0.106  std 0.266  lr 1.0e-04  fps   9105  3882.0s
it 13072/15000  reward     nan  ep_len    nan  fell    0  err_xy 0.090  std 0.266  lr 1.0e-04  fps   8939  3882.2s
it 13073/15000  reward     nan  ep_len    nan  fell    0  err_xy 0.083  std 0.266  lr 1.0e-04  fps   8875  3882.5s
it 13074/15000  reward     nan  ep_len    nan  fell    0  err_xy 0.064  std 0.266  lr 1.0e-04  fps   8737  3882.8s
it 13075/15000  reward     nan  ep_len    nan  fell    0  err_xy 0.046  std 0.266  lr 1.0e-04  fps   8534  3883.0s
it 13076/15000  reward     nan  ep_len    nan  fell    0  err_xy 0.028  std 0.267  lr 1.0e-04  fps   8488  3883.3s
it 13077/15000  reward     nan  ep_len    nan  fell    0  err_xy 0.022  std 0.267  lr 1.0e-04  fps   8398  3883.6s
it 13078/15000  reward     nan  ep_len    nan  fell    0  err_xy 0.016  std 0.266  lr 1.0e-04  fps   8263  3883.9s
it 13079/15000  reward     nan  ep_len    nan  fell    0  err_xy 0.015  std 0.266  lr 1.0e-04  fps   8298  3884.1s
it 13080/15000  reward     nan  ep_len    nan  fell    0  err_xy 0.013  std 0.266  lr 1.0e-04  fps   8324  3884.4s
it 13081/15000  reward     nan  ep_len    nan  fell    0  err_xy 0.012  std 0.266  lr 1.0e-04  fps   8327  3884.7s
it 13082/15000  reward     nan  ep_len    nan  fell    0  err_xy 0.012  std 0.266  lr 1.0e-04  fps   8089  3885.0s
it 13083/15000  reward     nan  ep_len    nan  fell    0  err_xy 0.012  std 0.266  lr 1.0e-04  fps   8297  3885.2s
it 13084/15000  reward   58.22  ep_len  400.0  fell    0  err_xy 0.190  std 0.266  lr 1.0e-04  fps   7067  3885.6s
it 13085/15000  reward     nan  ep_len    nan  fell    0  err_xy 0.287  std 0.266  lr 1.0e-04  fps   9628  3885.8s
it 13086/15000  reward     nan  ep_len    nan  fell    0  err_xy 0.177  std 0.266  lr 1.0e-04  fps   9533  3886.1s
it 13087/15000  reward     nan  ep_len    nan  fell    0  err_xy 0.125  std 0.266  lr 1.0e-04  fps   9145  3886.3s
it 13088/15000  reward     nan  ep_len    nan  fell    0  err_xy 0.093  std 0.266  lr 1.0e-04  fps   8785  3886.6s
it 13089/15000  reward     nan  ep_len    nan  fell    0  err_xy 0.073  std 0.266  lr 1.0e-04  fps   8700  3886.8s
it 13090/15000  reward     nan  ep_len    nan  fell    0  err_xy 0.055  std 0.266  lr 1.0e-04  fps   8527  3887.1s
it 13091/15000  reward     nan  ep_len    nan  fell    0  err_xy 0.053  std 0.266  lr 1.0e-04  fps   8598  3887.4s
it 13092/15000  reward     nan  ep_len    nan  fell    0  err_xy 0.053  std 0.266  lr 1.0e-04  fps   8673  3887.6s
it 13093/15000  reward     nan  ep_len    nan  fell    0  err_xy 0.046  std 0.266  lr 1.0e-04  fps   8725  3887.9s
it 13094/15000  reward     nan  ep_len    nan  fell    0  err_xy 0.037  std 0.266  lr 1.0e-04  fps   8555  3888.2s
it 13095/15000  reward     nan  ep_len    nan  fell    0  err_xy 0.029  std 0.266  lr 1.0e-04  fps   8333  3888.5s
it 13096/15000  reward     nan  ep_len    nan  fell    0  err_xy 0.027  std 0.266  lr 1.0e-04  fps   8441  3888.7s
it 13097/15000  reward     nan  ep_len    nan  fell    0  err_xy 0.020  std 0.266  lr 1.0e-04  fps   8428  3889.0s
it 13098/15000  reward     nan  ep_len    nan  fell    0  err_xy 0.018  std 0.266  lr 1.0e-04  fps   7992  3889.3s
it 13099/15000  reward     nan  ep_len    nan  fell    0  err_xy 0.018  std 0.266  lr 1.0e-04  fps   7880  3889.6s
it 13100/15000  reward   63.67  ep_len  400.0  fell    0  err_xy 0.016  std 0.266  lr 1.0e-04  fps   6583  3889.9s
it 13101/15000  reward     nan  ep_len    nan  fell    0  err_xy 0.302  std 0.266  lr 1.0e-04  fps   9368  3890.2s
it 13102/15000  reward     nan  ep_len    nan  fell    0  err_xy 0.248  std 0.266  lr 1.0e-04  fps   9839  3890.4s
it 13103/15000  reward     nan  ep_len    nan  fell    0  err_xy 0.157  std 0.266  lr 1.0e-04  fps   9588  3890.7s
it 13104/15000  reward     nan  ep_len    nan  fell    0  err_xy 0.121  std 0.266  lr 1.0e-04  fps   9061  3890.9s
it 13105/15000  reward     nan  ep_len    nan  fell    0  err_xy 0.083  std 0.266  lr 1.0e-04  fps   8504  3891.2s
it 13106/15000  reward     nan  ep_len    nan  fell    0  err_xy 0.064  std 0.266  lr 1.0e-04  fps   8263  3891.5s
it 13107/15000  reward     nan  ep_len    nan  fell    0  err_xy 0.047  std 0.266  lr 1.0e-04  fps   8652  3891.7s
it 13108/15000  reward     nan  ep_len    nan  fell    0  err_xy 0.041  std 0.266  lr 1.0e-04  fps   8707  3892.0s
it 13109/15000  reward     nan  ep_len    nan  fell    0  err_xy 0.036  std 0.266  lr 1.0e-04  fps   8391  3892.3s
it 13110/15000  reward     nan  ep_len    nan  fell    0  err_xy 0.028  std 0.266  lr 1.0e-04  fps   8704  3892.5s
it 13111/15000  reward     nan  ep_len    nan  fell    0  err_xy 0.024  std 0.266  lr 1.0e-04  fps   8758  3892.8s
it 13112/15000  reward     nan  ep_len    nan  fell    0  err_xy 0.021  std 0.266  lr 1.0e-04  fps   8798  3893.1s
it 13113/15000  reward     nan  ep_len    nan  fell    0  err_xy 0.018  std 0.266  lr 1.0e-04  fps   8762  3893.3s
it 13114/15000  reward     nan  ep_len    nan  fell    0  err_xy 0.014  std 0.266  lr 1.0e-04  fps   8648  3893.6s
it 13115/15000  reward     nan  ep_len    nan  fell    0  err_xy 0.013  std 0.266  lr 1.0e-04  fps   8649  3893.9s
it 13116/15000  reward     nan  ep_len    nan  fell    0  err_xy 0.015  std 0.266  lr 1.0e-04  fps   8692  3894.1s
it 13117/15000  reward   57.28  ep_len  400.0  fell    0  err_xy 0.080  std 0.266  lr 1.0e-04  fps   7033  3894.4s
it 13118/15000  reward     nan  ep_len    nan  fell    0  err_xy 0.293  std 0.266  lr 1.0e-04  fps   9491  3894.7s
it 13119/15000  reward     nan  ep_len    nan  fell    0  err_xy 0.170  std 0.266  lr 1.0e-04  fps   9079  3894.9s
it 13120/15000  reward     nan  ep_len    nan  fell    0  err_xy 0.123  std 0.266  lr 1.0e-04  fps   9180  3895.2s
it 13121/15000  reward     nan  ep_len    nan  fell    0  err_xy 0.096  std 0.266  lr 1.0e-04  fps   8249  3895.5s
it 13122/15000  reward     nan  ep_len    nan  fell    0  err_xy 0.079  std 0.267  lr 1.0e-04  fps   7977  3895.8s
it 13123/15000  reward     nan  ep_len    nan  fell    0  err_xy 0.062  std 0.267  lr 1.0e-04  fps   8579  3896.0s
it 13124/15000  reward     nan  ep_len    nan  fell    0  err_xy 0.064  std 0.267  lr 1.0e-04  fps   8729  3896.3s
it 13125/15000  reward     nan  ep_len    nan  fell    0  err_xy 0.065  std 0.267  lr 1.0e-04  fps   9005  3896.6s
it 13126/15000  reward     nan  ep_len    nan  fell    0  err_xy 0.046  std 0.267  lr 1.0e-04  fps   9044  3896.8s
it 13127/15000  reward     nan  ep_len    nan  fell    0  err_xy 0.040  std 0.267  lr 1.0e-04  fps   8490  3897.1s
it 13128/15000  reward     nan  ep_len    nan  fell    0  err_xy 0.039  std 0.267  lr 1.0e-04  fps   8787  3897.3s
it 13129/15000  reward     nan  ep_len    nan  fell    0  err_xy 0.028  std 0.267  lr 1.0e-04  fps   8831  3897.6s
it 13130/15000  reward     nan  ep_len    nan  fell    0  err_xy 0.025  std 0.267  lr 1.0e-04  fps   8826  3897.9s
it 13131/15000  reward     nan  ep_len    nan  fell    0  err_xy 0.022  std 0.267  lr 1.0e-04  fps   8889  3898.1s
it 13132/15000  reward     nan  ep_len    nan  fell    0  err_xy 0.019  std 0.267  lr 1.0e-04  fps   8956  3898.4s
it 13133/15000  reward     nan  ep_len    nan  fell    0  err_xy 0.019  std 0.267  lr 1.0e-04  fps   8911  3898.6s
it 13134/15000  reward   51.77  ep_len  400.0  fell    0  err_xy 0.175  std 0.267  lr 1.0e-04  fps   7583  3898.9s
it 13135/15000  reward     nan  ep_len    nan  fell    0  err_xy 0.273  std 0.267  lr 1.0e-04  fps  10007  3899.2s
it 13136/15000  reward     nan  ep_len    nan  fell    0  err_xy 0.172  std 0.267  lr 1.0e-04  fps   9927  3899.4s
it 13137/15000  reward     nan  ep_len    nan  fell    0  err_xy 0.140  std 0.267  lr 1.0e-04  fps   7953  3899.7s
it 13138/15000  reward     nan  ep_len    nan  fell    0  err_xy 0.113  std 0.267  lr 1.0e-04  fps   7154  3900.0s
it 13139/15000  reward     nan  ep_len    nan  fell    0  err_xy 0.090  std 0.267  lr 1.0e-04  fps   8546  3900.3s
it 13140/15000  reward     nan  ep_len    nan  fell    0  err_xy 0.082  std 0.267  lr 1.0e-04  fps   8916  3900.5s
it 13141/15000  reward     nan  ep_len    nan  fell    0  err_xy 0.060  std 0.267  lr 1.0e-04  fps   8922  3900.8s
it 13142/15000  reward     nan  ep_len    nan  fell    0  err_xy 0.052  std 0.267  lr 1.0e-04  fps   8905  3901.1s
it 13143/15000  reward     nan  ep_len    nan  fell    0  err_xy 0.059  std 0.267  lr 1.0e-04  fps   8504  3901.3s
it 13144/15000  reward     nan  ep_len    nan  fell    0  err_xy 0.053  std 0.267  lr 1.0e-04  fps   8423  3901.6s
it 13145/15000  reward     nan  ep_len    nan  fell    0  err_xy 0.045  std 0.267  lr 1.0e-04  fps   8423  3901.9s
it 13146/15000  reward     nan  ep_len    nan  fell    0  err_xy 0.043  std 0.267  lr 1.0e-04  fps   7398  3902.2s
it 13147/15000  reward     nan  ep_len    nan  fell    0  err_xy 0.041  std 0.267  lr 1.0e-04  fps   7650  3902.5s
it 13148/15000  reward     nan  ep_len    nan  fell    0  err_xy 0.035  std 0.267  lr 1.0e-04  fps   8350  3902.8s
it 13149/15000  reward     nan  ep_len    nan  fell    0  err_xy 0.026  std 0.267  lr 1.0e-04  fps   8807  3903.0s
it 13150/15000  reward   48.65  ep_len  400.0  fell    0  err_xy 0.025  std 0.267  lr 1.0e-04  fps   6894  3903.4s
it 13151/15000  reward     nan  ep_len    nan  fell    0  err_xy 0.291  std 0.267  lr 1.0e-04  fps   9654  3903.6s
it 13152/15000  reward     nan  ep_len    nan  fell    0  err_xy 0.213  std 0.267  lr 1.0e-04  fps   9946  3903.8s
it 13153/15000  reward     nan  ep_len    nan  fell    0  err_xy 0.122  std 0.267  lr 1.0e-04  fps   9037  3904.1s
it 13154/15000  reward     nan  ep_len    nan  fell    0  err_xy 0.085  std 0.267  lr 1.0e-04  fps   8720  3904.4s
it 13155/15000  reward     nan  ep_len    nan  fell    0  err_xy 0.078  std 0.267  lr 1.0e-04  fps   9331  3904.6s
it 13156/15000  reward     nan  ep_len    nan  fell    0  err_xy 0.071  std 0.267  lr 1.0e-04  fps   8576  3904.9s
it 13157/15000  reward     nan  ep_len    nan  fell    0  err_xy 0.059  std 0.267  lr 1.0e-04  fps   7958  3905.2s
it 13158/15000  reward     nan  ep_len    nan  fell    0  err_xy 0.057  std 0.267  lr 1.0e-04  fps   8272  3905.4s
it 13159/15000  reward     nan  ep_len    nan  fell    0  err_xy 0.040  std 0.267  lr 1.0e-04  fps   9315  3905.7s
it 13160/15000  reward     nan  ep_len    nan  fell    0  err_xy 0.031  std 0.267  lr 1.0e-04  fps   9068  3906.0s
it 13161/15000  reward     nan  ep_len    nan  fell    0  err_xy 0.032  std 0.267  lr 1.0e-04  fps   8587  3906.2s
it 13162/15000  reward     nan  ep_len    nan  fell    0  err_xy 0.032  std 0.267  lr 1.0e-04  fps   8832  3906.5s
it 13163/15000  reward     nan  ep_len    nan  fell    0  err_xy 0.024  std 0.267  lr 1.0e-04  fps   8384  3906.8s
it 13164/15000  reward     nan  ep_len    nan  fell    0  err_xy 0.022  std 0.267  lr 1.0e-04  fps   9099  3907.0s
it 13165/15000  reward     nan  ep_len    nan  fell    0  err_xy 0.024  std 0.267  lr 1.0e-04  fps   9261  3907.3s
it 13166/15000  reward     nan  ep_len    nan  fell    0  err_xy 0.021  std 0.267  lr 1.0e-04  fps   9369  3907.5s
it 13167/15000  reward   37.52  ep_len  400.0  fell    0  err_xy 0.091  std 0.267  lr 1.0e-04  fps   7125  3907.8s
it 13168/15000  reward     nan  ep_len    nan  fell    0  err_xy 0.317  std 0.267  lr 1.0e-04  fps   9900  3908.1s
it 13169/15000  reward     nan  ep_len    nan  fell    0  err_xy 0.191  std 0.267  lr 1.0e-04  fps   9909  3908.3s
it 13170/15000  reward     nan  ep_len    nan  fell    0  err_xy 0.138  std 0.267  lr 1.0e-04  fps   9351  3908.5s
it 13171/15000  reward     nan  ep_len    nan  fell    0  err_xy 0.109  std 0.267  lr 1.0e-04  fps   9401  3908.8s
it 13172/15000  reward     nan  ep_len    nan  fell    0  err_xy 0.076  std 0.267  lr 1.0e-04  fps   8964  3909.0s
it 13173/15000  reward     nan  ep_len    nan  fell    0  err_xy 0.073  std 0.267  lr 1.0e-04  fps   5501  3909.5s
it 13174/15000  reward     nan  ep_len    nan  fell    0  err_xy 0.065  std 0.267  lr 1.0e-04  fps   8512  3909.7s
it 13175/15000  reward     nan  ep_len    nan  fell    0  err_xy 0.057  std 0.267  lr 1.0e-04  fps   8684  3910.0s
it 13176/15000  reward     nan  ep_len    nan  fell    0  err_xy 0.049  std 0.267  lr 1.0e-04  fps   8674  3910.3s
it 13177/15000  reward     nan  ep_len    nan  fell    0  err_xy 0.040  std 0.267  lr 1.0e-04  fps   8487  3910.5s
it 13178/15000  reward     nan  ep_len    nan  fell    0  err_xy 0.041  std 0.267  lr 1.0e-04  fps   8421  3910.8s
it 13179/15000  reward     nan  ep_len    nan  fell    0  err_xy 0.033  std 0.267  lr 1.0e-04  fps   8528  3911.1s
it 13180/15000  reward     nan  ep_len    nan  fell    0  err_xy 0.028  std 0.267  lr 1.0e-04  fps   8538  3911.4s
it 13181/15000  reward     nan  ep_len    nan  fell    0  err_xy 0.019  std 0.267  lr 1.0e-04  fps   8725  3911.6s
it 13182/15000  reward     nan  ep_len    nan  fell    0  err_xy 0.014  std 0.267  lr 1.0e-04  fps   8645  3911.9s
it 13183/15000  reward     nan  ep_len    nan  fell    0  err_xy 0.014  std 0.267  lr 1.0e-04  fps   8434  3912.2s
it 13184/15000  reward   57.77  ep_len  400.0  fell    0  err_xy 0.182  std 0.267  lr 1.0e-04  fps   7064  3912.5s
it 13185/15000  reward     nan  ep_len    nan  fell    0  err_xy 0.288  std 0.267  lr 1.0e-04  fps   9738  3912.7s
it 13186/15000  reward     nan  ep_len    nan  fell    0  err_xy 0.178  std 0.267  lr 1.0e-04  fps   9638  3913.0s
it 13187/15000  reward     nan  ep_len    nan  fell    0  err_xy 0.126  std 0.267  lr 1.0e-04  fps   9175  3913.2s
it 13188/15000  reward     nan  ep_len    nan  fell    0  err_xy 0.102  std 0.267  lr 1.0e-04  fps   9136  3913.5s
it 13189/15000  reward     nan  ep_len    nan  fell    0  err_xy 0.088  std 0.267  lr 1.0e-04  fps   8954  3913.7s
it 13190/15000  reward     nan  ep_len    nan  fell    0  err_xy 0.086  std 0.267  lr 1.0e-04  fps   8654  3914.0s
it 13191/15000  reward     nan  ep_len    nan  fell    0  err_xy 0.073  std 0.267  lr 1.0e-04  fps   8721  3914.3s
it 13192/15000  reward     nan  ep_len    nan  fell    0  err_xy 0.062  std 0.267  lr 1.0e-04  fps   8634  3914.5s
it 13193/15000  reward     nan  ep_len    nan  fell    0  err_xy 0.046  std 0.267  lr 1.0e-04  fps   8576  3914.8s
it 13194/15000  reward     nan  ep_len    nan  fell    0  err_xy 0.038  std 0.267  lr 1.0e-04  fps   8535  3915.1s
it 13195/15000  reward     nan  ep_len    nan  fell    0  err_xy 0.038  std 0.267  lr 1.0e-04  fps   8481  3915.3s
it 13196/15000  reward     nan  ep_len    nan  fell    0  err_xy 0.030  std 0.267  lr 1.0e-04  fps   8483  3915.6s
it 13197/15000  reward     nan  ep_len    nan  fell    0  err_xy 0.025  std 0.267  lr 1.0e-04  fps   8552  3915.9s
it 13198/15000  reward     nan  ep_len    nan  fell    0  err_xy 0.021  std 0.267  lr 1.0e-04  fps   8362  3916.1s
it 13199/15000  reward     nan  ep_len    nan  fell    0  err_xy 0.017  std 0.267  lr 1.0e-04  fps   8366  3916.4s
it 13200/15000  reward   65.22  ep_len  400.0  fell    0  err_xy 0.014  std 0.266  lr 1.0e-04  fps   6804  3916.8s
eval iteration 13200:
  prone          success   0.0%  time 8.00s  peak_τ 0.96 Nm  return -4.51
  supine         success 100.0%  time 1.28s  peak_τ 0.91 Nm  return 40.27
  score 0.500
it 13201/15000  reward     nan  ep_len    nan  fell    0  err_xy 0.290  std 0.266  lr 1.0e-04  fps   9646  3918.5s
it 13202/15000  reward     nan  ep_len    nan  fell    0  err_xy 0.214  std 0.266  lr 1.0e-04  fps   9815  3918.7s
it 13203/15000  reward     nan  ep_len    nan  fell    0  err_xy 0.124  std 0.266  lr 1.0e-04  fps   9439  3919.0s
it 13204/15000  reward     nan  ep_len    nan  fell    0  err_xy 0.079  std 0.266  lr 1.0e-04  fps   8924  3919.2s
it 13205/15000  reward     nan  ep_len    nan  fell    0  err_xy 0.066  std 0.267  lr 1.0e-04  fps   8905  3919.5s
it 13206/15000  reward     nan  ep_len    nan  fell    0  err_xy 0.063  std 0.267  lr 1.0e-04  fps   8989  3919.7s
it 13207/15000  reward     nan  ep_len    nan  fell    0  err_xy 0.051  std 0.267  lr 1.0e-04  fps   8920  3920.0s
it 13208/15000  reward     nan  ep_len    nan  fell    0  err_xy 0.042  std 0.267  lr 1.0e-04  fps   8875  3920.3s
it 13209/15000  reward     nan  ep_len    nan  fell    0  err_xy 0.046  std 0.267  lr 1.0e-04  fps   8554  3920.5s
it 13210/15000  reward     nan  ep_len    nan  fell    0  err_xy 0.045  std 0.267  lr 1.0e-04  fps   8333  3920.8s
it 13211/15000  reward     nan  ep_len    nan  fell    0  err_xy 0.030  std 0.267  lr 1.0e-04  fps   8674  3921.1s
it 13212/15000  reward     nan  ep_len    nan  fell    0  err_xy 0.020  std 0.267  lr 1.0e-04  fps   8172  3921.4s
it 13213/15000  reward     nan  ep_len    nan  fell    0  err_xy 0.019  std 0.267  lr 1.0e-04  fps   8087  3921.6s
it 13214/15000  reward     nan  ep_len    nan  fell    0  err_xy 0.015  std 0.267  lr 1.0e-04  fps   8488  3921.9s
it 13215/15000  reward     nan  ep_len    nan  fell    0  err_xy 0.015  std 0.267  lr 1.0e-04  fps   8684  3922.2s
it 13216/15000  reward     nan  ep_len    nan  fell    0  err_xy 0.016  std 0.266  lr 1.0e-04  fps   8733  3922.4s
it 13217/15000  reward   58.10  ep_len  400.0  fell    0  err_xy 0.093  std 0.266  lr 1.0e-04  fps   7148  3922.8s
it 13218/15000  reward     nan  ep_len    nan  fell    0  err_xy 0.325  std 0.266  lr 1.0e-04  fps   9827  3923.0s
it 13219/15000  reward     nan  ep_len    nan  fell    0  err_xy 0.182  std 0.267  lr 1.0e-04  fps   9688  3923.2s
it 13220/15000  reward     nan  ep_len    nan  fell    0  err_xy 0.115  std 0.267  lr 1.0e-04  fps   9254  3923.5s
it 13221/15000  reward     nan  ep_len    nan  fell    0  err_xy 0.070  std 0.267  lr 1.0e-04  fps   8876  3923.7s
it 13222/15000  reward     nan  ep_len    nan  fell    0  err_xy 0.059  std 0.267  lr 1.0e-04  fps   8924  3924.0s
it 13223/15000  reward     nan  ep_len    nan  fell    0  err_xy 0.049  std 0.267  lr 1.0e-04  fps   8963  3924.3s
it 13224/15000  reward     nan  ep_len    nan  fell    0  err_xy 0.037  std 0.267  lr 1.0e-04  fps   8921  3924.5s
it 13225/15000  reward     nan  ep_len    nan  fell    0  err_xy 0.029  std 0.267  lr 1.0e-04  fps   8835  3924.8s
it 13226/15000  reward     nan  ep_len    nan  fell    0  err_xy 0.035  std 0.267  lr 1.0e-04  fps   8903  3925.0s
it 13227/15000  reward     nan  ep_len    nan  fell    0  err_xy 0.024  std 0.267  lr 1.0e-04  fps   8813  3925.3s
it 13228/15000  reward     nan  ep_len    nan  fell    0  err_xy 0.019  std 0.267  lr 1.0e-04  fps   8900  3925.6s
it 13229/15000  reward     nan  ep_len    nan  fell    0  err_xy 0.017  std 0.266  lr 1.0e-04  fps   8843  3925.8s
it 13230/15000  reward     nan  ep_len    nan  fell    0  err_xy 0.013  std 0.266  lr 1.0e-04  fps   8848  3926.1s
it 13231/15000  reward     nan  ep_len    nan  fell    0  err_xy 0.012  std 0.266  lr 1.0e-04  fps   8882  3926.3s
it 13232/15000  reward     nan  ep_len    nan  fell    0  err_xy 0.012  std 0.266  lr 1.0e-04  fps   8426  3926.6s
it 13233/15000  reward     nan  ep_len    nan  fell    0  err_xy 0.013  std 0.266  lr 1.0e-04  fps   9055  3926.9s
it 13234/15000  reward   57.93  ep_len  400.0  fell    0  err_xy 0.193  std 0.266  lr 1.0e-04  fps   7404  3927.2s
it 13235/15000  reward     nan  ep_len    nan  fell    0  err_xy 0.270  std 0.266  lr 1.0e-04  fps   9727  3927.4s
it 13236/15000  reward     nan  ep_len    nan  fell    0  err_xy 0.143  std 0.266  lr 1.0e-04  fps   9664  3927.7s
it 13237/15000  reward     nan  ep_len    nan  fell    0  err_xy 0.104  std 0.266  lr 1.0e-04  fps   9422  3927.9s
it 13238/15000  reward     nan  ep_len    nan  fell    0  err_xy 0.081  std 0.266  lr 1.0e-04  fps   8803  3928.2s
it 13239/15000  reward     nan  ep_len    nan  fell    0  err_xy 0.077  std 0.266  lr 1.0e-04  fps   8612  3928.4s
it 13240/15000  reward     nan  ep_len    nan  fell    0  err_xy 0.056  std 0.266  lr 1.0e-04  fps   8704  3928.7s
it 13241/15000  reward     nan  ep_len    nan  fell    0  err_xy 0.053  std 0.266  lr 1.0e-04  fps   8682  3929.0s
it 13242/15000  reward     nan  ep_len    nan  fell    0  err_xy 0.035  std 0.266  lr 1.0e-04  fps   8547  3929.2s
it 13243/15000  reward     nan  ep_len    nan  fell    0  err_xy 0.030  std 0.266  lr 1.0e-04  fps   8479  3929.5s
it 13244/15000  reward     nan  ep_len    nan  fell    0  err_xy 0.022  std 0.266  lr 1.0e-04  fps   8672  3929.8s
it 13245/15000  reward     nan  ep_len    nan  fell    0  err_xy 0.019  std 0.266  lr 1.0e-04  fps   8269  3930.1s
it 13246/15000  reward     nan  ep_len    nan  fell    0  err_xy 0.014  std 0.266  lr 1.0e-04  fps   8465  3930.3s
it 13247/15000  reward     nan  ep_len    nan  fell    0  err_xy 0.014  std 0.266  lr 1.0e-04  fps   8518  3930.6s
it 13248/15000  reward     nan  ep_len    nan  fell    0  err_xy 0.012  std 0.266  lr 1.0e-04  fps   8743  3930.9s
it 13249/15000  reward     nan  ep_len    nan  fell    0  err_xy 0.013  std 0.266  lr 1.0e-04  fps   8678  3931.1s
it 13250/15000  reward   62.81  ep_len  400.0  fell    0  err_xy 0.014  std 0.266  lr 1.0e-04  fps   6937  3931.5s
it 13251/15000  reward     nan  ep_len    nan  fell    0  err_xy 0.302  std 0.266  lr 1.0e-04  fps   9166  3931.7s
it 13252/15000  reward     nan  ep_len    nan  fell    0  err_xy 0.241  std 0.266  lr 1.0e-04  fps   9818  3931.9s
it 13253/15000  reward     nan  ep_len    nan  fell    0  err_xy 0.147  std 0.266  lr 1.0e-04  fps   9326  3932.2s
it 13254/15000  reward     nan  ep_len    nan  fell    0  err_xy 0.100  std 0.266  lr 1.0e-04  fps   9164  3932.4s
it 13255/15000  reward     nan  ep_len    nan  fell    0  err_xy 0.079  std 0.266  lr 1.0e-04  fps   8941  3932.7s
it 13256/15000  reward     nan  ep_len    nan  fell    0  err_xy 0.061  std 0.266  lr 1.0e-04  fps   8938  3933.0s
it 13257/15000  reward     nan  ep_len    nan  fell    0  err_xy 0.053  std 0.266  lr 1.0e-04  fps   8719  3933.2s
it 13258/15000  reward     nan  ep_len    nan  fell    0  err_xy 0.051  std 0.266  lr 1.0e-04  fps   8749  3933.5s
it 13259/15000  reward     nan  ep_len    nan  fell    0  err_xy 0.037  std 0.266  lr 1.0e-04  fps   8214  3933.8s
it 13260/15000  reward     nan  ep_len    nan  fell    0  err_xy 0.029  std 0.266  lr 1.0e-04  fps   8559  3934.0s
it 13261/15000  reward     nan  ep_len    nan  fell    0  err_xy 0.017  std 0.266  lr 1.0e-04  fps   8524  3934.3s
it 13262/15000  reward     nan  ep_len    nan  fell    0  err_xy 0.014  std 0.266  lr 1.0e-04  fps   8688  3934.6s
it 13263/15000  reward     nan  ep_len    nan  fell    0  err_xy 0.013  std 0.266  lr 1.0e-04  fps   8706  3934.8s
it 13264/15000  reward     nan  ep_len    nan  fell    0  err_xy 0.014  std 0.266  lr 1.0e-04  fps   8754  3935.1s
it 13265/15000  reward     nan  ep_len    nan  fell    0  err_xy 0.014  std 0.266  lr 1.0e-04  fps   8758  3935.4s
it 13266/15000  reward     nan  ep_len    nan  fell    0  err_xy 0.015  std 0.266  lr 1.0e-04  fps   8862  3935.6s
it 13267/15000  reward   63.01  ep_len  400.0  fell    0  err_xy 0.079  std 0.266  lr 1.0e-04  fps   7284  3935.9s
it 13268/15000  reward     nan  ep_len    nan  fell    0  err_xy 0.308  std 0.266  lr 1.0e-04  fps   9891  3936.2s
it 13269/15000  reward     nan  ep_len    nan  fell    0  err_xy 0.190  std 0.266  lr 1.0e-04  fps   9836  3936.4s
it 13270/15000  reward     nan  ep_len    nan  fell    0  err_xy 0.143  std 0.266  lr 1.0e-04  fps   9388  3936.7s
it 13271/15000  reward     nan  ep_len    nan  fell    0  err_xy 0.105  std 0.266  lr 1.0e-04  fps   9255  3936.9s
it 13272/15000  reward     nan  ep_len    nan  fell    0  err_xy 0.070  std 0.266  lr 1.0e-04  fps   8996  3937.2s
it 13273/15000  reward     nan  ep_len    nan  fell    0  err_xy 0.059  std 0.266  lr 1.0e-04  fps   8810  3937.4s
it 13274/15000  reward     nan  ep_len    nan  fell    0  err_xy 0.055  std 0.266  lr 1.0e-04  fps   8711  3937.7s
it 13275/15000  reward     nan  ep_len    nan  fell    0  err_xy 0.040  std 0.266  lr 1.0e-04  fps   8454  3938.0s
it 13276/15000  reward     nan  ep_len    nan  fell    0  err_xy 0.036  std 0.266  lr 1.0e-04  fps   8580  3938.2s
it 13277/15000  reward     nan  ep_len    nan  fell    0  err_xy 0.025  std 0.266  lr 1.0e-04  fps   8677  3938.5s
it 13278/15000  reward     nan  ep_len    nan  fell    0  err_xy 0.019  std 0.266  lr 1.0e-04  fps   8634  3938.8s
it 13279/15000  reward     nan  ep_len    nan  fell    0  err_xy 0.017  std 0.266  lr 1.0e-04  fps   8691  3939.0s
it 13280/15000  reward     nan  ep_len    nan  fell    0  err_xy 0.016  std 0.266  lr 1.0e-04  fps   8687  3939.3s
it 13281/15000  reward     nan  ep_len    nan  fell    0  err_xy 0.017  std 0.266  lr 1.0e-04  fps   8773  3939.6s
it 13282/15000  reward     nan  ep_len    nan  fell    0  err_xy 0.016  std 0.266  lr 1.0e-04  fps   8608  3939.8s
it 13283/15000  reward     nan  ep_len    nan  fell    0  err_xy 0.015  std 0.266  lr 1.0e-04  fps   8822  3940.1s
it 13284/15000  reward   63.51  ep_len  400.0  fell    0  err_xy 0.177  std 0.266  lr 1.0e-04  fps   7393  3940.4s
it 13285/15000  reward     nan  ep_len    nan  fell    0  err_xy 0.276  std 0.266  lr 1.0e-04  fps   9633  3940.6s
it 13286/15000  reward     nan  ep_len    nan  fell    0  err_xy 0.173  std 0.266  lr 1.0e-04  fps   9535  3940.9s
it 13287/15000  reward     nan  ep_len    nan  fell    0  err_xy 0.117  std 0.266  lr 1.0e-04  fps   9051  3941.1s
it 13288/15000  reward     nan  ep_len    nan  fell    0  err_xy 0.071  std 0.266  lr 1.0e-04  fps   8789  3941.4s
it 13289/15000  reward     nan  ep_len    nan  fell    0  err_xy 0.068  std 0.266  lr 1.0e-04  fps   8741  3941.7s
it 13290/15000  reward     nan  ep_len    nan  fell    0  err_xy 0.054  std 0.266  lr 1.0e-04  fps   8832  3941.9s
it 13291/15000  reward     nan  ep_len    nan  fell    0  err_xy 0.056  std 0.266  lr 1.0e-04  fps   8695  3942.2s
it 13292/15000  reward     nan  ep_len    nan  fell    0  err_xy 0.039  std 0.266  lr 1.0e-04  fps   8671  3942.5s
it 13293/15000  reward     nan  ep_len    nan  fell    0  err_xy 0.037  std 0.266  lr 1.0e-04  fps   8776  3942.7s
it 13294/15000  reward     nan  ep_len    nan  fell    0  err_xy 0.027  std 0.266  lr 1.0e-04  fps   8543  3943.0s
it 13295/15000  reward     nan  ep_len    nan  fell    0  err_xy 0.023  std 0.266  lr 1.0e-04  fps   8566  3943.3s
it 13296/15000  reward     nan  ep_len    nan  fell    0  err_xy 0.017  std 0.266  lr 1.0e-04  fps   8792  3943.5s
it 13297/15000  reward     nan  ep_len    nan  fell    0  err_xy 0.016  std 0.266  lr 1.0e-04  fps   8643  3943.8s
it 13298/15000  reward     nan  ep_len    nan  fell    0  err_xy 0.016  std 0.266  lr 1.0e-04  fps   8046  3944.1s
it 13299/15000  reward     nan  ep_len    nan  fell    0  err_xy 0.018  std 0.266  lr 1.0e-04  fps   8859  3944.3s
it 13300/15000  reward   62.96  ep_len  400.0  fell    0  err_xy 0.016  std 0.266  lr 1.0e-04  fps   7126  3944.7s
it 13301/15000  reward     nan  ep_len    nan  fell    0  err_xy 0.303  std 0.266  lr 1.0e-04  fps   9842  3944.9s
it 13302/15000  reward     nan  ep_len    nan  fell    0  err_xy 0.231  std 0.266  lr 1.0e-04  fps   9857  3945.1s
it 13303/15000  reward     nan  ep_len    nan  fell    0  err_xy 0.179  std 0.266  lr 1.0e-04  fps   9534  3945.4s
it 13304/15000  reward     nan  ep_len    nan  fell    0  err_xy 0.130  std 0.266  lr 1.0e-04  fps   9237  3945.6s
it 13305/15000  reward     nan  ep_len    nan  fell    0  err_xy 0.103  std 0.266  lr 1.0e-04  fps   9050  3945.9s
it 13306/15000  reward     nan  ep_len    nan  fell    0  err_xy 0.082  std 0.266  lr 1.0e-04  fps   8821  3946.1s
it 13307/15000  reward     nan  ep_len    nan  fell    0  err_xy 0.064  std 0.266  lr 1.0e-04  fps   8950  3946.4s
it 13308/15000  reward     nan  ep_len    nan  fell    0  err_xy 0.052  std 0.266  lr 1.0e-04  fps   8813  3946.7s
it 13309/15000  reward     nan  ep_len    nan  fell    0  err_xy 0.044  std 0.266  lr 1.0e-04  fps   8761  3946.9s
it 13310/15000  reward     nan  ep_len    nan  fell    0  err_xy 0.044  std 0.266  lr 1.0e-04  fps   8633  3947.2s
it 13311/15000  reward     nan  ep_len    nan  fell    0  err_xy 0.027  std 0.266  lr 1.0e-04  fps   8650  3947.5s
it 13312/15000  reward     nan  ep_len    nan  fell    0  err_xy 0.021  std 0.266  lr 1.0e-04  fps   8714  3947.7s
it 13313/15000  reward     nan  ep_len    nan  fell    0  err_xy 0.019  std 0.266  lr 1.0e-04  fps   8672  3948.0s
it 13314/15000  reward     nan  ep_len    nan  fell    0  err_xy 0.017  std 0.266  lr 1.0e-04  fps   8663  3948.2s
it 13315/15000  reward     nan  ep_len    nan  fell    0  err_xy 0.015  std 0.266  lr 1.0e-04  fps   8737  3948.5s
it 13316/15000  reward     nan  ep_len    nan  fell    0  err_xy 0.015  std 0.266  lr 1.0e-04  fps   8748  3948.8s
it 13317/15000  reward   65.28  ep_len  400.0  fell    0  err_xy 0.077  std 0.266  lr 1.0e-04  fps   7255  3949.1s
it 13318/15000  reward     nan  ep_len    nan  fell    0  err_xy 0.323  std 0.266  lr 1.0e-04  fps   9815  3949.3s
it 13319/15000  reward     nan  ep_len    nan  fell    0  err_xy 0.193  std 0.266  lr 1.0e-04  fps   9877  3949.6s
it 13320/15000  reward     nan  ep_len    nan  fell    0  err_xy 0.161  std 0.266  lr 1.0e-04  fps   9455  3949.8s
it 13321/15000  reward     nan  ep_len    nan  fell    0  err_xy 0.105  std 0.266  lr 1.0e-04  fps   9134  3950.1s
it 13322/15000  reward     nan  ep_len    nan  fell    0  err_xy 0.085  std 0.266  lr 1.0e-04  fps   8926  3950.3s
it 13323/15000  reward     nan  ep_len    nan  fell    0  err_xy 0.076  std 0.266  lr 1.0e-04  fps   8948  3950.6s
it 13324/15000  reward     nan  ep_len    nan  fell    0  err_xy 0.064  std 0.266  lr 1.0e-04  fps   8887  3950.8s
it 13325/15000  reward     nan  ep_len    nan  fell    0  err_xy 0.064  std 0.266  lr 1.0e-04  fps   8824  3951.1s
it 13326/15000  reward     nan  ep_len    nan  fell    0  err_xy 0.045  std 0.266  lr 1.0e-04  fps   8818  3951.4s
it 13327/15000  reward     nan  ep_len    nan  fell    0  err_xy 0.031  std 0.266  lr 1.0e-04  fps   8761  3951.6s
it 13328/15000  reward     nan  ep_len    nan  fell    0  err_xy 0.029  std 0.266  lr 1.0e-04  fps   8815  3951.9s
it 13329/15000  reward     nan  ep_len    nan  fell    0  err_xy 0.020  std 0.266  lr 1.0e-04  fps   8601  3952.2s
it 13330/15000  reward     nan  ep_len    nan  fell    0  err_xy 0.017  std 0.266  lr 1.0e-04  fps   8683  3952.4s
it 13331/15000  reward     nan  ep_len    nan  fell    0  err_xy 0.016  std 0.266  lr 1.0e-04  fps   8901  3952.7s
it 13332/15000  reward     nan  ep_len    nan  fell    0  err_xy 0.015  std 0.266  lr 1.0e-04  fps   8864  3952.9s
it 13333/15000  reward     nan  ep_len    nan  fell    0  err_xy 0.016  std 0.265  lr 1.0e-04  fps   8882  3953.2s
it 13334/15000  reward   67.35  ep_len  400.0  fell    0  err_xy 0.182  std 0.265  lr 1.0e-04  fps   7613  3953.5s
it 13335/15000  reward     nan  ep_len    nan  fell    0  err_xy 0.301  std 0.265  lr 1.0e-04  fps   9984  3953.7s
it 13336/15000  reward     nan  ep_len    nan  fell    0  err_xy 0.198  std 0.265  lr 1.0e-04  fps   9774  3954.0s
it 13337/15000  reward     nan  ep_len    nan  fell    0  err_xy 0.169  std 0.265  lr 1.0e-04  fps   9415  3954.2s
it 13338/15000  reward     nan  ep_len    nan  fell    0  err_xy 0.124  std 0.265  lr 1.0e-04  fps   9220  3954.5s
it 13339/15000  reward     nan  ep_len    nan  fell    0  err_xy 0.094  std 0.265  lr 1.0e-04  fps   9081  3954.7s
it 13340/15000  reward     nan  ep_len    nan  fell    0  err_xy 0.095  std 0.265  lr 1.0e-04  fps   9105  3955.0s
it 13341/15000  reward     nan  ep_len    nan  fell    0  err_xy 0.099  std 0.265  lr 1.0e-04  fps   8990  3955.2s
it 13342/15000  reward     nan  ep_len    nan  fell    0  err_xy 0.099  std 0.266  lr 1.0e-04  fps   8940  3955.5s
it 13343/15000  reward     nan  ep_len    nan  fell    0  err_xy 0.064  std 0.266  lr 1.0e-04  fps   8770  3955.7s
it 13344/15000  reward     nan  ep_len    nan  fell    0  err_xy 0.042  std 0.266  lr 1.0e-04  fps   8881  3956.0s
it 13345/15000  reward     nan  ep_len    nan  fell    0  err_xy 0.030  std 0.266  lr 1.0e-04  fps   8702  3956.3s
it 13346/15000  reward     nan  ep_len    nan  fell    0  err_xy 0.024  std 0.266  lr 1.0e-04  fps   8781  3956.5s
it 13347/15000  reward     nan  ep_len    nan  fell    0  err_xy 0.024  std 0.266  lr 1.0e-04  fps   8758  3956.8s
it 13348/15000  reward     nan  ep_len    nan  fell    0  err_xy 0.025  std 0.266  lr 1.0e-04  fps   8696  3957.1s
it 13349/15000  reward     nan  ep_len    nan  fell    0  err_xy 0.020  std 0.266  lr 1.0e-04  fps   8678  3957.3s
it 13350/15000  reward   59.43  ep_len  400.0  fell    0  err_xy 0.016  std 0.266  lr 1.0e-04  fps   6926  3957.7s
it 13351/15000  reward     nan  ep_len    nan  fell    0  err_xy 0.281  std 0.266  lr 1.0e-04  fps   9824  3957.9s
it 13352/15000  reward     nan  ep_len    nan  fell    0  err_xy 0.250  std 0.266  lr 1.0e-04  fps   9686  3958.1s
it 13353/15000  reward     nan  ep_len    nan  fell    0  err_xy 0.151  std 0.266  lr 1.0e-04  fps   9860  3958.4s
it 13354/15000  reward     nan  ep_len    nan  fell    0  err_xy 0.129  std 0.266  lr 1.0e-04  fps   9465  3958.6s
it 13355/15000  reward     nan  ep_len    nan  fell    0  err_xy 0.095  std 0.266  lr 1.0e-04  fps   9385  3958.9s
it 13356/15000  reward     nan  ep_len    nan  fell    0  err_xy 0.066  std 0.266  lr 1.0e-04  fps   9194  3959.1s
it 13357/15000  reward     nan  ep_len    nan  fell    0  err_xy 0.064  std 0.266  lr 1.0e-04  fps   9095  3959.4s
it 13358/15000  reward     nan  ep_len    nan  fell    0  err_xy 0.055  std 0.266  lr 1.0e-04  fps   9042  3959.6s
it 13359/15000  reward     nan  ep_len    nan  fell    0  err_xy 0.050  std 0.266  lr 1.0e-04  fps   9010  3959.9s
it 13360/15000  reward     nan  ep_len    nan  fell    0  err_xy 0.041  std 0.266  lr 1.0e-04  fps   8857  3960.1s
it 13361/15000  reward     nan  ep_len    nan  fell    0  err_xy 0.033  std 0.266  lr 1.0e-04  fps   9004  3960.4s
it 13362/15000  reward     nan  ep_len    nan  fell    0  err_xy 0.027  std 0.266  lr 1.0e-04  fps   8990  3960.6s
it 13363/15000  reward     nan  ep_len    nan  fell    0  err_xy 0.029  std 0.266  lr 1.0e-04  fps   8581  3960.9s
it 13364/15000  reward     nan  ep_len    nan  fell    0  err_xy 0.021  std 0.266  lr 1.0e-04  fps   8784  3961.2s
it 13365/15000  reward     nan  ep_len    nan  fell    0  err_xy 0.020  std 0.266  lr 1.0e-04  fps   8842  3961.4s
it 13366/15000  reward     nan  ep_len    nan  fell    0  err_xy 0.017  std 0.266  lr 1.0e-04  fps   8693  3961.7s
it 13367/15000  reward   49.33  ep_len  400.0  fell    0  err_xy 0.082  std 0.266  lr 1.0e-04  fps   7153  3962.0s
it 13368/15000  reward     nan  ep_len    nan  fell    0  err_xy 0.332  std 0.266  lr 1.0e-04  fps   9645  3962.3s
it 13369/15000  reward     nan  ep_len    nan  fell    0  err_xy 0.201  std 0.266  lr 1.0e-04  fps   9425  3962.5s
it 13370/15000  reward     nan  ep_len    nan  fell    0  err_xy 0.159  std 0.266  lr 1.0e-04  fps   9454  3962.8s
it 13371/15000  reward     nan  ep_len    nan  fell    0  err_xy 0.132  std 0.266  lr 1.0e-04  fps   9266  3963.0s
it 13372/15000  reward     nan  ep_len    nan  fell    0  err_xy 0.099  std 0.266  lr 1.0e-04  fps   8970  3963.3s
it 13373/15000  reward     nan  ep_len    nan  fell    0  err_xy 0.080  std 0.266  lr 1.0e-04  fps   9067  3963.5s
it 13374/15000  reward     nan  ep_len    nan  fell    0  err_xy 0.067  std 0.266  lr 1.0e-04  fps   8927  3963.8s
it 13375/15000  reward     nan  ep_len    nan  fell    0  err_xy 0.066  std 0.266  lr 1.0e-04  fps   8800  3964.0s
it 13376/15000  reward     nan  ep_len    nan  fell    0  err_xy 0.046  std 0.266  lr 1.0e-04  fps   8571  3964.3s
it 13377/15000  reward     nan  ep_len    nan  fell    0  err_xy 0.048  std 0.266  lr 1.0e-04  fps   8699  3964.6s
it 13378/15000  reward     nan  ep_len    nan  fell    0  err_xy 0.033  std 0.266  lr 1.0e-04  fps   8463  3964.8s
it 13379/15000  reward     nan  ep_len    nan  fell    0  err_xy 0.032  std 0.266  lr 1.0e-04  fps   8534  3965.1s
it 13380/15000  reward     nan  ep_len    nan  fell    0  err_xy 0.025  std 0.266  lr 1.0e-04  fps   8543  3965.4s
it 13381/15000  reward     nan  ep_len    nan  fell    0  err_xy 0.024  std 0.266  lr 1.0e-04  fps   8432  3965.7s
it 13382/15000  reward     nan  ep_len    nan  fell    0  err_xy 0.021  std 0.266  lr 1.0e-04  fps   8688  3965.9s
it 13383/15000  reward     nan  ep_len    nan  fell    0  err_xy 0.020  std 0.266  lr 1.0e-04  fps   8700  3966.2s
it 13384/15000  reward   63.26  ep_len  400.0  fell    0  err_xy 0.177  std 0.266  lr 1.0e-04  fps   7547  3966.5s
it 13385/15000  reward     nan  ep_len    nan  fell    0  err_xy 0.275  std 0.266  lr 1.0e-04  fps   9910  3966.7s
it 13386/15000  reward     nan  ep_len    nan  fell    0  err_xy 0.209  std 0.266  lr 1.0e-04  fps   9842  3967.0s
it 13387/15000  reward     nan  ep_len    nan  fell    0  err_xy 0.160  std 0.266  lr 1.0e-04  fps   9276  3967.2s
it 13388/15000  reward     nan  ep_len    nan  fell    0  err_xy 0.110  std 0.266  lr 1.0e-04  fps   9177  3967.5s
it 13389/15000  reward     nan  ep_len    nan  fell    0  err_xy 0.087  std 0.266  lr 1.0e-04  fps   9103  3967.7s
it 13390/15000  reward     nan  ep_len    nan  fell    0  err_xy 0.065  std 0.266  lr 1.0e-04  fps   9081  3968.0s
it 13391/15000  reward     nan  ep_len    nan  fell    0  err_xy 0.068  std 0.266  lr 1.0e-04  fps   8856  3968.2s
it 13392/15000  reward     nan  ep_len    nan  fell    0  err_xy 0.073  std 0.266  lr 1.0e-04  fps   8939  3968.5s
it 13393/15000  reward     nan  ep_len    nan  fell    0  err_xy 0.062  std 0.266  lr 1.0e-04  fps   8811  3968.7s
it 13394/15000  reward     nan  ep_len    nan  fell    0  err_xy 0.058  std 0.266  lr 1.0e-04  fps   8859  3969.0s
it 13395/15000  reward     nan  ep_len    nan  fell    0  err_xy 0.052  std 0.266  lr 1.0e-04  fps   8800  3969.3s
it 13396/15000  reward     nan  ep_len    nan  fell    0  err_xy 0.047  std 0.266  lr 1.0e-04  fps   8120  3969.6s
it 13397/15000  reward     nan  ep_len    nan  fell    0  err_xy 0.041  std 0.266  lr 1.0e-04  fps   8911  3969.8s
it 13398/15000  reward     nan  ep_len    nan  fell    0  err_xy 0.038  std 0.266  lr 1.0e-04  fps   8871  3970.1s
it 13399/15000  reward     nan  ep_len    nan  fell    0  err_xy 0.039  std 0.266  lr 1.0e-04  fps   8854  3970.3s
it 13400/15000  reward   47.44  ep_len  400.0  fell    0  err_xy 0.030  std 0.266  lr 1.0e-04  fps   7036  3970.7s
eval iteration 13400:
  prone          success   0.0%  time 8.00s  peak_τ 0.94 Nm  return -5.83
  supine         success 100.0%  time 1.60s  peak_τ 0.93 Nm  return 39.26
  score 0.500
it 13401/15000  reward     nan  ep_len    nan  fell    0  err_xy 0.284  std 0.266  lr 1.0e-04  fps   9737  3972.4s
it 13402/15000  reward     nan  ep_len    nan  fell    0  err_xy 0.225  std 0.266  lr 1.0e-04  fps   9850  3972.6s
it 13403/15000  reward     nan  ep_len    nan  fell    0  err_xy 0.166  std 0.266  lr 1.0e-04  fps   9695  3972.9s
it 13404/15000  reward     nan  ep_len    nan  fell    0  err_xy 0.133  std 0.266  lr 1.0e-04  fps   9283  3973.1s
it 13405/15000  reward     nan  ep_len    nan  fell    0  err_xy 0.084  std 0.266  lr 1.0e-04  fps   9137  3973.4s
it 13406/15000  reward     nan  ep_len    nan  fell    0  err_xy 0.078  std 0.266  lr 1.0e-04  fps   9055  3973.6s
it 13407/15000  reward     nan  ep_len    nan  fell    0  err_xy 0.065  std 0.266  lr 1.0e-04  fps   9067  3973.9s
it 13408/15000  reward     nan  ep_len    nan  fell    0  err_xy 0.060  std 0.266  lr 1.0e-04  fps   8999  3974.1s
it 13409/15000  reward     nan  ep_len    nan  fell    0  err_xy 0.058  std 0.266  lr 1.0e-04  fps   9069  3974.4s
it 13410/15000  reward     nan  ep_len    nan  fell    0  err_xy 0.053  std 0.266  lr 1.0e-04  fps   9113  3974.6s
it 13411/15000  reward     nan  ep_len    nan  fell    0  err_xy 0.042  std 0.266  lr 1.0e-04  fps   9153  3974.9s
it 13412/15000  reward     nan  ep_len    nan  fell    0  err_xy 0.038  std 0.266  lr 1.0e-04  fps   8763  3975.2s
it 13413/15000  reward     nan  ep_len    nan  fell    0  err_xy 0.032  std 0.266  lr 1.0e-04  fps   8844  3975.4s
it 13414/15000  reward     nan  ep_len    nan  fell    0  err_xy 0.039  std 0.266  lr 1.0e-04  fps   8863  3975.7s
it 13415/15000  reward     nan  ep_len    nan  fell    0  err_xy 0.029  std 0.266  lr 1.0e-04  fps   8856  3975.9s
it 13416/15000  reward     nan  ep_len    nan  fell    0  err_xy 0.023  std 0.266  lr 1.0e-04  fps   8710  3976.2s
it 13417/15000  reward   48.78  ep_len  400.0  fell    0  err_xy 0.084  std 0.266  lr 1.0e-04  fps   7195  3976.5s
it 13418/15000  reward     nan  ep_len    nan  fell    0  err_xy 0.330  std 0.266  lr 1.0e-04  fps   9837  3976.8s
it 13419/15000  reward     nan  ep_len    nan  fell    0  err_xy 0.214  std 0.266  lr 1.0e-04  fps   9681  3977.0s
it 13420/15000  reward     nan  ep_len    nan  fell    0  err_xy 0.168  std 0.266  lr 1.0e-04  fps   9627  3977.2s
it 13421/15000  reward     nan  ep_len    nan  fell    0  err_xy 0.154  std 0.266  lr 1.0e-04  fps   9516  3977.5s
it 13422/15000  reward     nan  ep_len    nan  fell    0  err_xy 0.123  std 0.266  lr 1.0e-04  fps   9234  3977.7s
it 13423/15000  reward     nan  ep_len    nan  fell    0  err_xy 0.117  std 0.266  lr 1.0e-04  fps   9065  3978.0s
it 13424/15000  reward     nan  ep_len    nan  fell    0  err_xy 0.104  std 0.266  lr 1.0e-04  fps   8802  3978.2s
it 13425/15000  reward     nan  ep_len    nan  fell    0  err_xy 0.075  std 0.266  lr 1.0e-04  fps   8865  3978.5s
it 13426/15000  reward     nan  ep_len    nan  fell    0  err_xy 0.069  std 0.266  lr 1.0e-04  fps   8869  3978.8s
it 13427/15000  reward     nan  ep_len    nan  fell    0  err_xy 0.046  std 0.266  lr 1.0e-04  fps   8946  3979.0s
it 13428/15000  reward     nan  ep_len    nan  fell    0  err_xy 0.048  std 0.266  lr 1.0e-04  fps   8785  3979.3s
it 13429/15000  reward     nan  ep_len    nan  fell    0  err_xy 0.045  std 0.266  lr 1.0e-04  fps   8874  3979.5s
it 13430/15000  reward     nan  ep_len    nan  fell    0  err_xy 0.032  std 0.266  lr 1.0e-04  fps   8856  3979.8s
it 13431/15000  reward     nan  ep_len    nan  fell    0  err_xy 0.026  std 0.266  lr 1.0e-04  fps   8800  3980.1s
it 13432/15000  reward     nan  ep_len    nan  fell    0  err_xy 0.019  std 0.266  lr 1.0e-04  fps   8500  3980.3s
it 13433/15000  reward     nan  ep_len    nan  fell    0  err_xy 0.018  std 0.266  lr 1.0e-04  fps   8649  3980.6s
it 13434/15000  reward   52.95  ep_len  400.0  fell    0  err_xy 0.195  std 0.266  lr 1.0e-04  fps   7586  3980.9s
it 13435/15000  reward     nan  ep_len    nan  fell    0  err_xy 0.295  std 0.266  lr 1.0e-04  fps   9885  3981.1s
it 13436/15000  reward     nan  ep_len    nan  fell    0  err_xy 0.199  std 0.266  lr 1.0e-04  fps   9795  3981.4s
it 13437/15000  reward     nan  ep_len    nan  fell    0  err_xy 0.133  std 0.266  lr 1.0e-04  fps   9309  3981.6s
it 13438/15000  reward     nan  ep_len    nan  fell    0  err_xy 0.104  std 0.266  lr 1.0e-04  fps   9058  3981.9s
it 13439/15000  reward     nan  ep_len    nan  fell    0  err_xy 0.081  std 0.266  lr 1.0e-04  fps   8943  3982.1s
it 13440/15000  reward     nan  ep_len    nan  fell    0  err_xy 0.071  std 0.266  lr 1.0e-04  fps   8983  3982.4s
it 13441/15000  reward     nan  ep_len    nan  fell    0  err_xy 0.062  std 0.266  lr 1.0e-04  fps   8914  3982.7s
it 13442/15000  reward     nan  ep_len    nan  fell    0  err_xy 0.052  std 0.266  lr 1.0e-04  fps   8934  3982.9s
it 13443/15000  reward     nan  ep_len    nan  fell    0  err_xy 0.042  std 0.266  lr 1.0e-04  fps   8129  3983.2s
it 13444/15000  reward     nan  ep_len    nan  fell    0  err_xy 0.034  std 0.266  lr 1.0e-04  fps   8961  3983.5s
it 13445/15000  reward     nan  ep_len    nan  fell    0  err_xy 0.026  std 0.266  lr 1.0e-04  fps   8891  3983.7s
it 13446/15000  reward     nan  ep_len    nan  fell    0  err_xy 0.024  std 0.266  lr 1.0e-04  fps   8884  3984.0s
it 13447/15000  reward     nan  ep_len    nan  fell    0  err_xy 0.020  std 0.266  lr 1.0e-04  fps   8711  3984.2s
it 13448/15000  reward     nan  ep_len    nan  fell    0  err_xy 0.019  std 0.266  lr 1.0e-04  fps   8808  3984.5s
it 13449/15000  reward     nan  ep_len    nan  fell    0  err_xy 0.019  std 0.266  lr 1.0e-04  fps   8822  3984.8s
it 13450/15000  reward   56.04  ep_len  400.0  fell    0  err_xy 0.019  std 0.266  lr 1.0e-04  fps   6999  3985.1s
it 13451/15000  reward     nan  ep_len    nan  fell    0  err_xy 0.303  std 0.266  lr 1.0e-04  fps   9929  3985.3s
it 13452/15000  reward     nan  ep_len    nan  fell    0  err_xy 0.242  std 0.266  lr 1.0e-04  fps   9837  3985.6s
it 13453/15000  reward     nan  ep_len    nan  fell    0  err_xy 0.178  std 0.266  lr 1.0e-04  fps   9710  3985.8s
it 13454/15000  reward     nan  ep_len    nan  fell    0  err_xy 0.135  std 0.266  lr 1.0e-04  fps   9166  3986.1s
it 13455/15000  reward     nan  ep_len    nan  fell    0  err_xy 0.110  std 0.266  lr 1.0e-04  fps   9115  3986.3s
it 13456/15000  reward     nan  ep_len    nan  fell    0  err_xy 0.085  std 0.266  lr 1.0e-04  fps   9006  3986.6s
it 13457/15000  reward     nan  ep_len    nan  fell    0  err_xy 0.078  std 0.266  lr 1.0e-04  fps   8927  3986.8s
it 13458/15000  reward     nan  ep_len    nan  fell    0  err_xy 0.063  std 0.266  lr 1.0e-04  fps   8847  3987.1s
it 13459/15000  reward     nan  ep_len    nan  fell    0  err_xy 0.058  std 0.266  lr 1.0e-04  fps   8772  3987.3s
it 13460/15000  reward     nan  ep_len    nan  fell    0  err_xy 0.045  std 0.266  lr 1.0e-04  fps   8677  3987.6s
it 13461/15000  reward     nan  ep_len    nan  fell    0  err_xy 0.034  std 0.266  lr 1.0e-04  fps   8668  3987.9s
it 13462/15000  reward     nan  ep_len    nan  fell    0  err_xy 0.024  std 0.266  lr 1.0e-04  fps   8708  3988.1s
it 13463/15000  reward     nan  ep_len    nan  fell    0  err_xy 0.023  std 0.266  lr 1.0e-04  fps   8698  3988.4s
it 13464/15000  reward     nan  ep_len    nan  fell    0  err_xy 0.019  std 0.266  lr 1.0e-04  fps   8701  3988.7s
it 13465/15000  reward     nan  ep_len    nan  fell    0  err_xy 0.018  std 0.266  lr 1.0e-04  fps   8709  3988.9s
it 13466/15000  reward     nan  ep_len    nan  fell    0  err_xy 0.018  std 0.266  lr 1.0e-04  fps   8728  3989.2s
it 13467/15000  reward   60.19  ep_len  400.0  fell    0  err_xy 0.081  std 0.266  lr 1.0e-04  fps   7294  3989.5s
it 13468/15000  reward     nan  ep_len    nan  fell    0  err_xy 0.325  std 0.266  lr 1.0e-04  fps   9918  3989.7s
it 13469/15000  reward     nan  ep_len    nan  fell    0  err_xy 0.222  std 0.266  lr 1.0e-04  fps   9625  3990.0s
it 13470/15000  reward     nan  ep_len    nan  fell    0  err_xy 0.182  std 0.266  lr 1.0e-04  fps   9237  3990.2s
it 13471/15000  reward     nan  ep_len    nan  fell    0  err_xy 0.153  std 0.266  lr 1.0e-04  fps   9393  3990.5s
it 13472/15000  reward     nan  ep_len    nan  fell    0  err_xy 0.117  std 0.266  lr 1.0e-04  fps   9271  3990.7s
it 13473/15000  reward     nan  ep_len    nan  fell    0  err_xy 0.103  std 0.266  lr 1.0e-04  fps   9142  3991.0s
it 13474/15000  reward     nan  ep_len    nan  fell    0  err_xy 0.101  std 0.266  lr 1.0e-04  fps   9051  3991.2s
it 13475/15000  reward     nan  ep_len    nan  fell    0  err_xy 0.085  std 0.266  lr 1.0e-04  fps   9003  3991.5s
it 13476/15000  reward     nan  ep_len    nan  fell    0  err_xy 0.071  std 0.266  lr 1.0e-04  fps   8743  3991.8s
it 13477/15000  reward     nan  ep_len    nan  fell    0  err_xy 0.054  std 0.266  lr 1.0e-04  fps   8606  3992.0s
it 13478/15000  reward     nan  ep_len    nan  fell    0  err_xy 0.050  std 0.266  lr 1.0e-04  fps   8683  3992.3s
it 13479/15000  reward     nan  ep_len    nan  fell    0  err_xy 0.045  std 0.266  lr 1.0e-04  fps   8628  3992.6s
it 13480/15000  reward     nan  ep_len    nan  fell    0  err_xy 0.034  std 0.266  lr 1.0e-04  fps   8568  3992.8s
it 13481/15000  reward     nan  ep_len    nan  fell    0  err_xy 0.032  std 0.266  lr 1.0e-04  fps   8507  3993.1s
it 13482/15000  reward     nan  ep_len    nan  fell    0  err_xy 0.027  std 0.266  lr 1.0e-04  fps   8457  3993.4s
it 13483/15000  reward     nan  ep_len    nan  fell    0  err_xy 0.023  std 0.266  lr 1.0e-04  fps   8107  3993.7s
it 13484/15000  reward   59.80  ep_len  400.0  fell    0  err_xy 0.198  std 0.266  lr 1.0e-04  fps   7080  3994.0s
it 13485/15000  reward     nan  ep_len    nan  fell    0  err_xy 0.279  std 0.266  lr 1.0e-04  fps   9646  3994.2s
it 13486/15000  reward     nan  ep_len    nan  fell    0  err_xy 0.180  std 0.266  lr 1.0e-04  fps   9778  3994.5s
it 13487/15000  reward     nan  ep_len    nan  fell    0  err_xy 0.140  std 0.266  lr 1.0e-04  fps   9428  3994.7s
it 13488/15000  reward     nan  ep_len    nan  fell    0  err_xy 0.111  std 0.267  lr 1.0e-04  fps   9300  3995.0s
it 13489/15000  reward     nan  ep_len    nan  fell    0  err_xy 0.093  std 0.267  lr 1.0e-04  fps   8985  3995.2s
it 13490/15000  reward     nan  ep_len    nan  fell    0  err_xy 0.073  std 0.267  lr 1.0e-04  fps   8435  3995.5s
it 13491/15000  reward     nan  ep_len    nan  fell    0  err_xy 0.079  std 0.267  lr 1.0e-04  fps   8686  3995.7s
it 13492/15000  reward     nan  ep_len    nan  fell    0  err_xy 0.087  std 0.266  lr 1.0e-04  fps   9120  3996.0s
it 13493/15000  reward     nan  ep_len    nan  fell    0  err_xy 0.090  std 0.266  lr 1.0e-04  fps   8097  3996.3s
it 13494/15000  reward     nan  ep_len    nan  fell    0  err_xy 0.078  std 0.266  lr 1.0e-04  fps   8473  3996.6s
it 13495/15000  reward     nan  ep_len    nan  fell    0  err_xy 0.058  std 0.267  lr 1.0e-04  fps   8383  3996.8s
it 13496/15000  reward     nan  ep_len    nan  fell    0  err_xy 0.053  std 0.267  lr 1.0e-04  fps   8681  3997.1s
it 13497/15000  reward     nan  ep_len    nan  fell    0  err_xy 0.035  std 0.267  lr 1.0e-04  fps   8684  3997.4s
it 13498/15000  reward     nan  ep_len    nan  fell    0  err_xy 0.041  std 0.267  lr 1.0e-04  fps   8728  3997.6s
it 13499/15000  reward     nan  ep_len    nan  fell    0  err_xy 0.027  std 0.267  lr 1.0e-04  fps   8640  3997.9s
it 13500/15000  reward   51.85  ep_len  400.0  fell    0  err_xy 0.021  std 0.267  lr 1.0e-04  fps   6808  3998.2s
it 13501/15000  reward     nan  ep_len    nan  fell    0  err_xy 0.278  std 0.267  lr 1.0e-04  fps   9689  3998.5s
it 13502/15000  reward     nan  ep_len    nan  fell    0  err_xy 0.254  std 0.267  lr 1.0e-04  fps   9743  3998.7s
it 13503/15000  reward     nan  ep_len    nan  fell    0  err_xy 0.171  std 0.267  lr 1.0e-04  fps   9549  3998.9s
it 13504/15000  reward     nan  ep_len    nan  fell    0  err_xy 0.170  std 0.267  lr 1.0e-04  fps   9161  3999.2s
it 13505/15000  reward     nan  ep_len    nan  fell    0  err_xy 0.132  std 0.267  lr 1.0e-04  fps   9053  3999.5s
it 13506/15000  reward     nan  ep_len    nan  fell    0  err_xy 0.116  std 0.267  lr 1.0e-04  fps   8721  3999.7s
it 13507/15000  reward     nan  ep_len    nan  fell    0  err_xy 0.088  std 0.267  lr 1.0e-04  fps   8753  4000.0s
it 13508/15000  reward     nan  ep_len    nan  fell    0  err_xy 0.080  std 0.267  lr 1.0e-04  fps   8600  4000.3s
it 13509/15000  reward     nan  ep_len    nan  fell    0  err_xy 0.069  std 0.267  lr 1.0e-04  fps   8464  4000.5s
it 13510/15000  reward     nan  ep_len    nan  fell    0  err_xy 0.049  std 0.267  lr 1.0e-04  fps   8546  4000.8s
it 13511/15000  reward     nan  ep_len    nan  fell    0  err_xy 0.034  std 0.267  lr 1.0e-04  fps   8349  4001.1s
it 13512/15000  reward     nan  ep_len    nan  fell    0  err_xy 0.027  std 0.267  lr 1.0e-04  fps   8289  4001.3s
it 13513/15000  reward     nan  ep_len    nan  fell    0  err_xy 0.024  std 0.267  lr 1.0e-04  fps   8320  4001.6s
it 13514/15000  reward     nan  ep_len    nan  fell    0  err_xy 0.022  std 0.267  lr 1.0e-04  fps   8367  4001.9s
it 13515/15000  reward     nan  ep_len    nan  fell    0  err_xy 0.018  std 0.267  lr 1.0e-04  fps   8315  4002.2s
it 13516/15000  reward     nan  ep_len    nan  fell    0  err_xy 0.017  std 0.266  lr 1.0e-04  fps   8428  4002.5s
it 13517/15000  reward   60.14  ep_len  400.0  fell    0  err_xy 0.078  std 0.266  lr 1.0e-04  fps   6980  4002.8s
it 13518/15000  reward     nan  ep_len    nan  fell    0  err_xy 0.343  std 0.266  lr 1.0e-04  fps   9729  4003.0s
it 13519/15000  reward     nan  ep_len    nan  fell    0  err_xy 0.251  std 0.266  lr 1.0e-04  fps   9550  4003.3s
it 13520/15000  reward     nan  ep_len    nan  fell    0  err_xy 0.228  std 0.266  lr 1.0e-04  fps   9381  4003.5s
it 13521/15000  reward     nan  ep_len    nan  fell    0  err_xy 0.174  std 0.266  lr 1.0e-04  fps   9089  4003.8s
it 13522/15000  reward     nan  ep_len    nan  fell    0  err_xy 0.138  std 0.266  lr 1.0e-04  fps   8802  4004.0s
it 13523/15000  reward     nan  ep_len    nan  fell    0  err_xy 0.095  std 0.266  lr 1.0e-04  fps   8705  4004.3s
it 13524/15000  reward     nan  ep_len    nan  fell    0  err_xy 0.084  std 0.266  lr 1.0e-04  fps   8644  4004.6s
it 13525/15000  reward     nan  ep_len    nan  fell    0  err_xy 0.072  std 0.266  lr 1.0e-04  fps   8509  4004.8s
it 13526/15000  reward     nan  ep_len    nan  fell    0  err_xy 0.056  std 0.267  lr 1.0e-04  fps   8470  4005.1s
it 13527/15000  reward     nan  ep_len    nan  fell    0  err_xy 0.035  std 0.267  lr 1.0e-04  fps   8367  4005.4s
it 13528/15000  reward     nan  ep_len    nan  fell    0  err_xy 0.028  std 0.267  lr 1.0e-04  fps   8351  4005.7s
it 13529/15000  reward     nan  ep_len    nan  fell    0  err_xy 0.025  std 0.267  lr 1.0e-04  fps   8415  4005.9s
it 13530/15000  reward     nan  ep_len    nan  fell    0  err_xy 0.024  std 0.267  lr 1.0e-04  fps   8383  4006.2s
it 13531/15000  reward     nan  ep_len    nan  fell    0  err_xy 0.025  std 0.267  lr 1.0e-04  fps   8380  4006.5s
it 13532/15000  reward     nan  ep_len    nan  fell    0  err_xy 0.024  std 0.267  lr 1.0e-04  fps   8379  4006.8s
it 13533/15000  reward     nan  ep_len    nan  fell    0  err_xy 0.024  std 0.267  lr 1.0e-04  fps   8423  4007.0s
it 13534/15000  reward   65.38  ep_len  400.0  fell    0  err_xy 0.197  std 0.267  lr 1.0e-04  fps   7214  4007.3s
it 13535/15000  reward     nan  ep_len    nan  fell    0  err_xy 0.313  std 0.267  lr 1.0e-04  fps   9724  4007.6s
it 13536/15000  reward     nan  ep_len    nan  fell    0  err_xy 0.196  std 0.267  lr 1.0e-04  fps   9659  4007.8s
it 13537/15000  reward     nan  ep_len    nan  fell    0  err_xy 0.166  std 0.267  lr 1.0e-04  fps   9464  4008.1s
it 13538/15000  reward     nan  ep_len    nan  fell    0  err_xy 0.130  std 0.267  lr 1.0e-04  fps   9106  4008.3s
it 13539/15000  reward     nan  ep_len    nan  fell    0  err_xy 0.102  std 0.267  lr 1.0e-04  fps   9037  4008.6s
it 13540/15000  reward     nan  ep_len    nan  fell    0  err_xy 0.087  std 0.267  lr 1.0e-04  fps   8842  4008.8s
it 13541/15000  reward     nan  ep_len    nan  fell    0  err_xy 0.072  std 0.267  lr 1.0e-04  fps   8766  4009.1s
it 13542/15000  reward     nan  ep_len    nan  fell    0  err_xy 0.054  std 0.267  lr 1.0e-04  fps   8589  4009.4s
it 13543/15000  reward     nan  ep_len    nan  fell    0  err_xy 0.038  std 0.267  lr 1.0e-04  fps   8583  4009.6s
it 13544/15000  reward     nan  ep_len    nan  fell    0  err_xy 0.034  std 0.267  lr 1.0e-04  fps   8442  4009.9s
it 13545/15000  reward     nan  ep_len    nan  fell    0  err_xy 0.031  std 0.267  lr 1.0e-04  fps   8463  4010.2s
it 13546/15000  reward     nan  ep_len    nan  fell    0  err_xy 0.023  std 0.267  lr 1.0e-04  fps   8518  4010.5s
it 13547/15000  reward     nan  ep_len    nan  fell    0  err_xy 0.019  std 0.267  lr 1.0e-04  fps   8410  4010.7s
it 13548/15000  reward     nan  ep_len    nan  fell    0  err_xy 0.022  std 0.267  lr 1.0e-04  fps   8067  4011.0s
it 13549/15000  reward     nan  ep_len    nan  fell    0  err_xy 0.022  std 0.267  lr 1.0e-04  fps   8451  4011.3s
it 13550/15000  reward   56.15  ep_len  400.0  fell    0  err_xy 0.020  std 0.267  lr 1.0e-04  fps   6659  4011.6s
it 13551/15000  reward     nan  ep_len    nan  fell    0  err_xy 0.290  std 0.267  lr 1.0e-04  fps   9556  4011.9s
it 13552/15000  reward     nan  ep_len    nan  fell    0  err_xy 0.256  std 0.267  lr 1.0e-04  fps   9417  4012.1s
it 13553/15000  reward     nan  ep_len    nan  fell    0  err_xy 0.170  std 0.267  lr 1.0e-04  fps   9397  4012.4s
it 13554/15000  reward     nan  ep_len    nan  fell    0  err_xy 0.159  std 0.267  lr 1.0e-04  fps   8794  4012.6s
it 13555/15000  reward     nan  ep_len    nan  fell    0  err_xy 0.097  std 0.267  lr 1.0e-04  fps   8697  4012.9s
it 13556/15000  reward     nan  ep_len    nan  fell    0  err_xy 0.084  std 0.267  lr 1.0e-04  fps   8606  4013.2s
it 13557/15000  reward     nan  ep_len    nan  fell    0  err_xy 0.080  std 0.267  lr 1.0e-04  fps   8470  4013.4s
it 13558/15000  reward     nan  ep_len    nan  fell    0  err_xy 0.069  std 0.267  lr 1.0e-04  fps   8627  4013.7s
it 13559/15000  reward     nan  ep_len    nan  fell    0  err_xy 0.055  std 0.267  lr 1.0e-04  fps   8572  4014.0s
it 13560/15000  reward     nan  ep_len    nan  fell    0  err_xy 0.045  std 0.267  lr 1.0e-04  fps   8452  4014.2s
it 13561/15000  reward     nan  ep_len    nan  fell    0  err_xy 0.032  std 0.267  lr 1.0e-04  fps   8607  4014.5s
it 13562/15000  reward     nan  ep_len    nan  fell    0  err_xy 0.025  std 0.267  lr 1.0e-04  fps   8437  4014.8s
it 13563/15000  reward     nan  ep_len    nan  fell    0  err_xy 0.021  std 0.267  lr 1.0e-04  fps   8463  4015.1s
it 13564/15000  reward     nan  ep_len    nan  fell    0  err_xy 0.023  std 0.267  lr 1.0e-04  fps   8510  4015.3s
it 13565/15000  reward     nan  ep_len    nan  fell    0  err_xy 0.018  std 0.266  lr 1.0e-04  fps   8719  4015.6s
it 13566/15000  reward     nan  ep_len    nan  fell    0  err_xy 0.020  std 0.266  lr 1.0e-04  fps   8790  4015.9s
it 13567/15000  reward   65.36  ep_len  400.0  fell    0  err_xy 0.080  std 0.266  lr 1.0e-04  fps   7205  4016.2s
it 13568/15000  reward     nan  ep_len    nan  fell    0  err_xy 0.312  std 0.267  lr 1.0e-04  fps   9682  4016.4s
it 13569/15000  reward     nan  ep_len    nan  fell    0  err_xy 0.196  std 0.267  lr 1.0e-04  fps   9597  4016.7s
it 13570/15000  reward     nan  ep_len    nan  fell    0  err_xy 0.125  std 0.267  lr 1.0e-04  fps   9373  4016.9s
it 13571/15000  reward     nan  ep_len    nan  fell    0  err_xy 0.090  std 0.267  lr 1.0e-04  fps   8171  4017.2s
it 13572/15000  reward     nan  ep_len    nan  fell    0  err_xy 0.071  std 0.267  lr 1.0e-04  fps   8942  4017.4s
it 13573/15000  reward     nan  ep_len    nan  fell    0  err_xy 0.072  std 0.267  lr 1.0e-04  fps   8902  4017.7s
it 13574/15000  reward     nan  ep_len    nan  fell    0  err_xy 0.069  std 0.267  lr 1.0e-04  fps   8778  4018.0s
it 13575/15000  reward     nan  ep_len    nan  fell    0  err_xy 0.063  std 0.267  lr 1.0e-04  fps   8656  4018.2s
it 13576/15000  reward     nan  ep_len    nan  fell    0  err_xy 0.047  std 0.267  lr 1.0e-04  fps   8561  4018.5s
it 13577/15000  reward     nan  ep_len    nan  fell    0  err_xy 0.036  std 0.267  lr 1.0e-04  fps   8546  4018.8s
it 13578/15000  reward     nan  ep_len    nan  fell    0  err_xy 0.028  std 0.267  lr 1.0e-04  fps   8469  4019.0s
it 13579/15000  reward     nan  ep_len    nan  fell    0  err_xy 0.023  std 0.267  lr 1.0e-04  fps   8394  4019.3s
it 13580/15000  reward     nan  ep_len    nan  fell    0  err_xy 0.017  std 0.266  lr 1.0e-04  fps   8455  4019.6s
it 13581/15000  reward     nan  ep_len    nan  fell    0  err_xy 0.016  std 0.266  lr 1.0e-04  fps   8420  4019.9s
it 13582/15000  reward     nan  ep_len    nan  fell    0  err_xy 0.016  std 0.266  lr 1.0e-04  fps   8446  4020.1s
it 13583/15000  reward     nan  ep_len    nan  fell    0  err_xy 0.015  std 0.266  lr 1.0e-04  fps   8553  4020.4s
it 13584/15000  reward   68.06  ep_len  400.0  fell    0  err_xy 0.186  std 0.266  lr 1.0e-04  fps   7183  4020.7s
it 13585/15000  reward     nan  ep_len    nan  fell    0  err_xy 0.295  std 0.266  lr 1.0e-04  fps   9703  4021.0s
it 13586/15000  reward     nan  ep_len    nan  fell    0  err_xy 0.179  std 0.266  lr 1.0e-04  fps   9627  4021.2s
it 13587/15000  reward     nan  ep_len    nan  fell    0  err_xy 0.119  std 0.266  lr 1.0e-04  fps   9399  4021.4s
it 13588/15000  reward     nan  ep_len    nan  fell    0  err_xy 0.084  std 0.266  lr 1.0e-04  fps   9067  4021.7s
it 13589/15000  reward     nan  ep_len    nan  fell    0  err_xy 0.082  std 0.266  lr 1.0e-04  fps   8906  4022.0s
it 13590/15000  reward     nan  ep_len    nan  fell    0  err_xy 0.091  std 0.266  lr 1.0e-04  fps   8547  4022.2s
it 13591/15000  reward     nan  ep_len    nan  fell    0  err_xy 0.087  std 0.266  lr 1.0e-04  fps   8666  4022.5s
it 13592/15000  reward     nan  ep_len    nan  fell    0  err_xy 0.074  std 0.266  lr 1.0e-04  fps   8572  4022.8s
it 13593/15000  reward     nan  ep_len    nan  fell    0  err_xy 0.058  std 0.266  lr 1.0e-04  fps   8434  4023.0s
it 13594/15000  reward     nan  ep_len    nan  fell    0  err_xy 0.046  std 0.266  lr 1.0e-04  fps   8487  4023.3s
it 13595/15000  reward     nan  ep_len    nan  fell    0  err_xy 0.035  std 0.266  lr 1.0e-04  fps   8530  4023.6s
it 13596/15000  reward     nan  ep_len    nan  fell    0  err_xy 0.024  std 0.266  lr 1.0e-04  fps   8602  4023.8s
it 13597/15000  reward     nan  ep_len    nan  fell    0  err_xy 0.026  std 0.266  lr 1.0e-04  fps   8553  4024.1s
it 13598/15000  reward     nan  ep_len    nan  fell    0  err_xy 0.019  std 0.266  lr 1.0e-04  fps   8545  4024.4s
it 13599/15000  reward     nan  ep_len    nan  fell    0  err_xy 0.019  std 0.266  lr 1.0e-04  fps   8565  4024.7s
it 13600/15000  reward   65.27  ep_len  400.0  fell    0  err_xy 0.019  std 0.266  lr 1.0e-04  fps   6601  4025.0s
eval iteration 13600:
  prone          success  50.0%  time 5.35s  peak_τ 0.96 Nm  return 13.82
  supine         success 100.0%  time 1.18s  peak_τ 0.93 Nm  return 40.15
  score 0.750
it 13601/15000  reward     nan  ep_len    nan  fell    0  err_xy 0.292  std 0.266  lr 1.0e-04  fps   9579  4026.6s
it 13602/15000  reward     nan  ep_len    nan  fell    0  err_xy 0.284  std 0.266  lr 1.0e-04  fps   9570  4026.8s
it 13603/15000  reward     nan  ep_len    nan  fell    0  err_xy 0.169  std 0.266  lr 1.0e-04  fps   9422  4027.1s
it 13604/15000  reward     nan  ep_len    nan  fell    0  err_xy 0.109  std 0.266  lr 1.0e-04  fps   8937  4027.3s
it 13605/15000  reward     nan  ep_len    nan  fell    0  err_xy 0.082  std 0.266  lr 1.0e-04  fps   8954  4027.6s
it 13606/15000  reward     nan  ep_len    nan  fell    0  err_xy 0.094  std 0.266  lr 1.0e-04  fps   8836  4027.9s
it 13607/15000  reward     nan  ep_len    nan  fell    0  err_xy 0.087  std 0.266  lr 1.0e-04  fps   8669  4028.1s
it 13608/15000  reward     nan  ep_len    nan  fell    0  err_xy 0.081  std 0.266  lr 1.0e-04  fps   8642  4028.4s
it 13609/15000  reward     nan  ep_len    nan  fell    0  err_xy 0.058  std 0.266  lr 1.0e-04  fps   8559  4028.7s
it 13610/15000  reward     nan  ep_len    nan  fell    0  err_xy 0.040  std 0.266  lr 1.0e-04  fps   8672  4028.9s
it 13611/15000  reward     nan  ep_len    nan  fell    0  err_xy 0.035  std 0.266  lr 1.0e-04  fps   8499  4029.2s
it 13612/15000  reward     nan  ep_len    nan  fell    0  err_xy 0.035  std 0.266  lr 1.0e-04  fps   8481  4029.5s
it 13613/15000  reward     nan  ep_len    nan  fell    0  err_xy 0.041  std 0.266  lr 1.0e-04  fps   8342  4029.7s
it 13614/15000  reward     nan  ep_len    nan  fell    0  err_xy 0.033  std 0.266  lr 1.0e-04  fps   8486  4030.0s
it 13615/15000  reward     nan  ep_len    nan  fell    0  err_xy 0.024  std 0.266  lr 1.0e-04  fps   8496  4030.3s
it 13616/15000  reward     nan  ep_len    nan  fell    0  err_xy 0.021  std 0.266  lr 1.0e-04  fps   8595  4030.6s
it 13617/15000  reward   70.87  ep_len  400.0  fell    0  err_xy 0.084  std 0.266  lr 1.0e-04  fps   7107  4030.9s
it 13618/15000  reward     nan  ep_len    nan  fell    0  err_xy 0.320  std 0.266  lr 1.0e-04  fps   9710  4031.1s
it 13619/15000  reward     nan  ep_len    nan  fell    0  err_xy 0.203  std 0.266  lr 1.0e-04  fps   9502  4031.4s
it 13620/15000  reward     nan  ep_len    nan  fell    0  err_xy 0.138  std 0.266  lr 1.0e-04  fps   9154  4031.6s
it 13621/15000  reward     nan  ep_len    nan  fell    0  err_xy 0.107  std 0.266  lr 1.0e-04  fps   8851  4031.9s
it 13622/15000  reward     nan  ep_len    nan  fell    0  err_xy 0.093  std 0.266  lr 1.0e-04  fps   8673  4032.1s
it 13623/15000  reward     nan  ep_len    nan  fell    0  err_xy 0.094  std 0.266  lr 1.0e-04  fps   8852  4032.4s
it 13624/15000  reward     nan  ep_len    nan  fell    0  err_xy 0.080  std 0.266  lr 1.0e-04  fps   8801  4032.7s
it 13625/15000  reward     nan  ep_len    nan  fell    0  err_xy 0.052  std 0.266  lr 1.0e-04  fps   8712  4032.9s
it 13626/15000  reward     nan  ep_len    nan  fell    0  err_xy 0.034  std 0.266  lr 1.0e-04  fps   8474  4033.2s
it 13627/15000  reward     nan  ep_len    nan  fell    0  err_xy 0.028  std 0.266  lr 1.0e-04  fps   8536  4033.5s
it 13628/15000  reward     nan  ep_len    nan  fell    0  err_xy 0.030  std 0.266  lr 1.0e-04  fps   8509  4033.7s
it 13629/15000  reward     nan  ep_len    nan  fell    0  err_xy 0.027  std 0.266  lr 1.0e-04  fps   8651  4034.0s
it 13630/15000  reward     nan  ep_len    nan  fell    0  err_xy 0.021  std 0.266  lr 1.0e-04  fps   8544  4034.3s
it 13631/15000  reward     nan  ep_len    nan  fell    0  err_xy 0.019  std 0.266  lr 1.0e-04  fps   7664  4034.6s
it 13632/15000  reward     nan  ep_len    nan  fell    0  err_xy 0.019  std 0.266  lr 1.0e-04  fps   8560  4034.9s
it 13633/15000  reward     nan  ep_len    nan  fell    0  err_xy 0.021  std 0.266  lr 1.0e-04  fps   8633  4035.1s
it 13634/15000  reward   81.21  ep_len  400.0  fell    0  err_xy 0.181  std 0.266  lr 1.0e-04  fps   7212  4035.4s
it 13635/15000  reward     nan  ep_len    nan  fell    0  err_xy 0.316  std 0.266  lr 1.0e-04  fps   9717  4035.7s
it 13636/15000  reward     nan  ep_len    nan  fell    0  err_xy 0.217  std 0.266  lr 1.0e-04  fps   9524  4035.9s
it 13637/15000  reward     nan  ep_len    nan  fell    0  err_xy 0.181  std 0.266  lr 1.0e-04  fps   9208  4036.2s
it 13638/15000  reward     nan  ep_len    nan  fell    0  err_xy 0.130  std 0.266  lr 1.0e-04  fps   9024  4036.4s
it 13639/15000  reward     nan  ep_len    nan  fell    0  err_xy 0.119  std 0.266  lr 1.0e-04  fps   8883  4036.7s
it 13640/15000  reward     nan  ep_len    nan  fell    0  err_xy 0.104  std 0.266  lr 1.0e-04  fps   8768  4036.9s
it 13641/15000  reward     nan  ep_len    nan  fell    0  err_xy 0.091  std 0.266  lr 1.0e-04  fps   8659  4037.2s
it 13642/15000  reward     nan  ep_len    nan  fell    0  err_xy 0.062  std 0.266  lr 1.0e-04  fps   8515  4037.5s
it 13643/15000  reward     nan  ep_len    nan  fell    0  err_xy 0.053  std 0.266  lr 1.0e-04  fps   8503  4037.8s
it 13644/15000  reward     nan  ep_len    nan  fell    0  err_xy 0.042  std 0.266  lr 1.0e-04  fps   8518  4038.0s
it 13645/15000  reward     nan  ep_len    nan  fell    0  err_xy 0.031  std 0.266  lr 1.0e-04  fps   8436  4038.3s
it 13646/15000  reward     nan  ep_len    nan  fell    0  err_xy 0.027  std 0.266  lr 1.0e-04  fps   8570  4038.6s
it 13647/15000  reward     nan  ep_len    nan  fell    0  err_xy 0.028  std 0.266  lr 1.0e-04  fps   8585  4038.8s
it 13648/15000  reward     nan  ep_len    nan  fell    0  err_xy 0.023  std 0.266  lr 1.0e-04  fps   8577  4039.1s
it 13649/15000  reward     nan  ep_len    nan  fell    0  err_xy 0.025  std 0.266  lr 1.0e-04  fps   8510  4039.4s
it 13650/15000  reward   70.90  ep_len  400.0  fell    0  err_xy 0.026  std 0.266  lr 1.0e-04  fps   6703  4039.7s
it 13651/15000  reward     nan  ep_len    nan  fell    0  err_xy 0.277  std 0.266  lr 1.0e-04  fps   9724  4040.0s
it 13652/15000  reward     nan  ep_len    nan  fell    0  err_xy 0.258  std 0.266  lr 1.0e-04  fps   9687  4040.2s
it 13653/15000  reward     nan  ep_len    nan  fell    0  err_xy 0.174  std 0.266  lr 1.0e-04  fps   9706  4040.4s
it 13654/15000  reward     nan  ep_len    nan  fell    0  err_xy 0.148  std 0.266  lr 1.0e-04  fps   9365  4040.7s
it 13655/15000  reward     nan  ep_len    nan  fell    0  err_xy 0.124  std 0.266  lr 1.0e-04  fps   9132  4040.9s
it 13656/15000  reward     nan  ep_len    nan  fell    0  err_xy 0.109  std 0.266  lr 1.0e-04  fps   8931  4041.2s
it 13657/15000  reward     nan  ep_len    nan  fell    0  err_xy 0.116  std 0.266  lr 1.0e-04  fps   8951  4041.4s
it 13658/15000  reward     nan  ep_len    nan  fell    0  err_xy 0.111  std 0.266  lr 1.0e-04  fps   8534  4041.7s
it 13659/15000  reward     nan  ep_len    nan  fell    0  err_xy 0.071  std 0.266  lr 1.0e-04  fps   8671  4042.0s
it 13660/15000  reward     nan  ep_len    nan  fell    0  err_xy 0.053  std 0.266  lr 1.0e-04  fps   7975  4042.3s
it 13661/15000  reward     nan  ep_len    nan  fell    0  err_xy 0.042  std 0.266  lr 1.0e-04  fps   8579  4042.5s
it 13662/15000  reward     nan  ep_len    nan  fell    0  err_xy 0.031  std 0.266  lr 1.0e-04  fps   8652  4042.8s
it 13663/15000  reward     nan  ep_len    nan  fell    0  err_xy 0.023  std 0.266  lr 1.0e-04  fps   8721  4043.1s
it 13664/15000  reward     nan  ep_len    nan  fell    0  err_xy 0.020  std 0.266  lr 1.0e-04  fps   8696  4043.3s
it 13665/15000  reward     nan  ep_len    nan  fell    0  err_xy 0.026  std 0.266  lr 1.0e-04  fps   8789  4043.6s
it 13666/15000  reward     nan  ep_len    nan  fell    0  err_xy 0.023  std 0.266  lr 1.0e-04  fps   8855  4043.9s
it 13667/15000  reward   68.41  ep_len  400.0  fell    0  err_xy 0.088  std 0.266  lr 1.0e-04  fps   7167  4044.2s
it 13668/15000  reward     nan  ep_len    nan  fell    0  err_xy 0.311  std 0.266  lr 1.0e-04  fps   9842  4044.4s
it 13669/15000  reward     nan  ep_len    nan  fell    0  err_xy 0.212  std 0.266  lr 1.0e-04  fps   9800  4044.7s
it 13670/15000  reward     nan  ep_len    nan  fell    0  err_xy 0.144  std 0.266  lr 1.0e-04  fps   9528  4044.9s
it 13671/15000  reward     nan  ep_len    nan  fell    0  err_xy 0.118  std 0.266  lr 1.0e-04  fps   9209  4045.1s
it 13672/15000  reward     nan  ep_len    nan  fell    0  err_xy 0.091  std 0.266  lr 1.0e-04  fps   8976  4045.4s
it 13673/15000  reward     nan  ep_len    nan  fell    0  err_xy 0.095  std 0.266  lr 1.0e-04  fps   8943  4045.7s
it 13674/15000  reward     nan  ep_len    nan  fell    0  err_xy 0.074  std 0.266  lr 1.0e-04  fps   8846  4045.9s
it 13675/15000  reward     nan  ep_len    nan  fell    0  err_xy 0.068  std 0.266  lr 1.0e-04  fps   8771  4046.2s
it 13676/15000  reward     nan  ep_len    nan  fell    0  err_xy 0.053  std 0.266  lr 1.0e-04  fps   8823  4046.4s
it 13677/15000  reward     nan  ep_len    nan  fell    0  err_xy 0.035  std 0.266  lr 1.0e-04  fps   8681  4046.7s
it 13678/15000  reward     nan  ep_len    nan  fell    0  err_xy 0.030  std 0.266  lr 1.0e-04  fps   8729  4047.0s
it 13679/15000  reward     nan  ep_len    nan  fell    0  err_xy 0.029  std 0.266  lr 1.0e-04  fps   8193  4047.3s
it 13680/15000  reward     nan  ep_len    nan  fell    0  err_xy 0.028  std 0.266  lr 1.0e-04  fps   8869  4047.5s
it 13681/15000  reward     nan  ep_len    nan  fell    0  err_xy 0.021  std 0.266  lr 1.0e-04  fps   8755  4047.8s
it 13682/15000  reward     nan  ep_len    nan  fell    0  err_xy 0.020  std 0.266  lr 1.0e-04  fps   8830  4048.0s
it 13683/15000  reward     nan  ep_len    nan  fell    0  err_xy 0.021  std 0.266  lr 1.0e-04  fps   8764  4048.3s
it 13684/15000  reward   55.81  ep_len  400.0  fell    0  err_xy 0.177  std 0.266  lr 1.0e-04  fps   7306  4048.6s
it 13685/15000  reward     nan  ep_len    nan  fell    0  err_xy 0.293  std 0.266  lr 1.0e-04  fps   9654  4048.9s
it 13686/15000  reward     nan  ep_len    nan  fell    0  err_xy 0.190  std 0.266  lr 1.0e-04  fps   9527  4049.1s
it 13687/15000  reward     nan  ep_len    nan  fell    0  err_xy 0.124  std 0.266  lr 1.0e-04  fps   9321  4049.4s
it 13688/15000  reward     nan  ep_len    nan  fell    0  err_xy 0.127  std 0.266  lr 1.0e-04  fps   9183  4049.6s
it 13689/15000  reward     nan  ep_len    nan  fell    0  err_xy 0.095  std 0.266  lr 1.0e-04  fps   8910  4049.9s
it 13690/15000  reward     nan  ep_len    nan  fell    0  err_xy 0.094  std 0.266  lr 1.0e-04  fps   8831  4050.1s
it 13691/15000  reward     nan  ep_len    nan  fell    0  err_xy 0.078  std 0.266  lr 1.0e-04  fps   8705  4050.4s
it 13692/15000  reward     nan  ep_len    nan  fell    0  err_xy 0.056  std 0.266  lr 1.0e-04  fps   8742  4050.7s
it 13693/15000  reward     nan  ep_len    nan  fell    0  err_xy 0.047  std 0.266  lr 1.0e-04  fps   8566  4050.9s
it 13694/15000  reward     nan  ep_len    nan  fell    0  err_xy 0.042  std 0.266  lr 1.0e-04  fps   8606  4051.2s
it 13695/15000  reward     nan  ep_len    nan  fell    0  err_xy 0.031  std 0.266  lr 1.0e-04  fps   8641  4051.5s
it 13696/15000  reward     nan  ep_len    nan  fell    0  err_xy 0.035  std 0.266  lr 1.0e-04  fps   8575  4051.7s
it 13697/15000  reward     nan  ep_len    nan  fell    0  err_xy 0.029  std 0.266  lr 1.0e-04  fps   8631  4052.0s
it 13698/15000  reward     nan  ep_len    nan  fell    0  err_xy 0.030  std 0.266  lr 1.0e-04  fps   8567  4052.3s
it 13699/15000  reward     nan  ep_len    nan  fell    0  err_xy 0.025  std 0.266  lr 1.0e-04  fps   8639  4052.5s
it 13700/15000  reward   64.76  ep_len  400.0  fell    0  err_xy 0.024  std 0.266  lr 1.0e-04  fps   6982  4052.9s
it 13701/15000  reward     nan  ep_len    nan  fell    0  err_xy 0.280  std 0.266  lr 1.0e-04  fps   9678  4053.1s
it 13702/15000  reward     nan  ep_len    nan  fell    0  err_xy 0.229  std 0.266  lr 1.0e-04  fps   9669  4053.3s
it 13703/15000  reward     nan  ep_len    nan  fell    0  err_xy 0.156  std 0.266  lr 1.0e-04  fps   9437  4053.6s
it 13704/15000  reward     nan  ep_len    nan  fell    0  err_xy 0.133  std 0.266  lr 1.0e-04  fps   9147  4053.8s
it 13705/15000  reward     nan  ep_len    nan  fell    0  err_xy 0.108  std 0.266  lr 1.0e-04  fps   9058  4054.1s
it 13706/15000  reward     nan  ep_len    nan  fell    0  err_xy 0.104  std 0.266  lr 1.0e-04  fps   8802  4054.3s
it 13707/15000  reward     nan  ep_len    nan  fell    0  err_xy 0.090  std 0.266  lr 1.0e-04  fps   8349  4054.6s
it 13708/15000  reward     nan  ep_len    nan  fell    0  err_xy 0.086  std 0.266  lr 1.0e-04  fps   8652  4054.9s
it 13709/15000  reward     nan  ep_len    nan  fell    0  err_xy 0.059  std 0.266  lr 1.0e-04  fps   8398  4055.2s
it 13710/15000  reward     nan  ep_len    nan  fell    0  err_xy 0.045  std 0.266  lr 1.0e-04  fps   8477  4055.4s
it 13711/15000  reward     nan  ep_len    nan  fell    0  err_xy 0.031  std 0.266  lr 1.0e-04  fps   8540  4055.7s
it 13712/15000  reward     nan  ep_len    nan  fell    0  err_xy 0.026  std 0.266  lr 1.0e-04  fps   8563  4056.0s
it 13713/15000  reward     nan  ep_len    nan  fell    0  err_xy 0.023  std 0.266  lr 1.0e-04  fps   8488  4056.3s
it 13714/15000  reward     nan  ep_len    nan  fell    0  err_xy 0.024  std 0.266  lr 1.0e-04  fps   8619  4056.5s
it 13715/15000  reward     nan  ep_len    nan  fell    0  err_xy 0.028  std 0.266  lr 1.0e-04  fps   8721  4056.8s
it 13716/15000  reward     nan  ep_len    nan  fell    0  err_xy 0.031  std 0.266  lr 1.0e-04  fps   8728  4057.0s
it 13717/15000  reward   68.96  ep_len  400.0  fell    0  err_xy 0.091  std 0.266  lr 1.0e-04  fps   6929  4057.4s
it 13718/15000  reward     nan  ep_len    nan  fell    0  err_xy 0.297  std 0.266  lr 1.0e-04  fps   9484  4057.6s
it 13719/15000  reward     nan  ep_len    nan  fell    0  err_xy 0.205  std 0.266  lr 1.0e-04  fps   9612  4057.9s
it 13720/15000  reward     nan  ep_len    nan  fell    0  err_xy 0.116  std 0.266  lr 1.0e-04  fps   9268  4058.1s
it 13721/15000  reward     nan  ep_len    nan  fell    0  err_xy 0.106  std 0.266  lr 1.0e-04  fps   9315  4058.4s
it 13722/15000  reward     nan  ep_len    nan  fell    0  err_xy 0.107  std 0.266  lr 1.0e-04  fps   8968  4058.6s
it 13723/15000  reward     nan  ep_len    nan  fell    0  err_xy 0.106  std 0.266  lr 1.0e-04  fps   8879  4058.9s
it 13724/15000  reward     nan  ep_len    nan  fell    0  err_xy 0.089  std 0.266  lr 1.0e-04  fps   8685  4059.1s
it 13725/15000  reward     nan  ep_len    nan  fell    0  err_xy 0.065  std 0.266  lr 1.0e-04  fps   8773  4059.4s
it 13726/15000  reward     nan  ep_len    nan  fell    0  err_xy 0.052  std 0.266  lr 1.0e-04  fps   8249  4059.7s
it 13727/15000  reward     nan  ep_len    nan  fell    0  err_xy 0.047  std 0.266  lr 1.0e-04  fps   8563  4060.0s
it 13728/15000  reward     nan  ep_len    nan  fell    0  err_xy 0.037  std 0.266  lr 1.0e-04  fps   8546  4060.2s
it 13729/15000  reward     nan  ep_len    nan  fell    0  err_xy 0.040  std 0.266  lr 1.0e-04  fps   8610  4060.5s
it 13730/15000  reward     nan  ep_len    nan  fell    0  err_xy 0.038  std 0.266  lr 1.0e-04  fps   8625  4060.8s
it 13731/15000  reward     nan  ep_len    nan  fell    0  err_xy 0.035  std 0.266  lr 1.0e-04  fps   8582  4061.0s
it 13732/15000  reward     nan  ep_len    nan  fell    0  err_xy 0.027  std 0.266  lr 1.0e-04  fps   8644  4061.3s
it 13733/15000  reward     nan  ep_len    nan  fell    0  err_xy 0.028  std 0.267  lr 1.0e-04  fps   8682  4061.6s
it 13734/15000  reward   51.92  ep_len  400.0  fell    0  err_xy 0.198  std 0.267  lr 1.0e-04  fps   7285  4061.9s
it 13735/15000  reward     nan  ep_len    nan  fell    0  err_xy 0.283  std 0.267  lr 1.0e-04  fps   9704  4062.1s
it 13736/15000  reward     nan  ep_len    nan  fell    0  err_xy 0.168  std 0.267  lr 1.0e-04  fps   9412  4062.4s
it 13737/15000  reward     nan  ep_len    nan  fell    0  err_xy 0.101  std 0.267  lr 1.0e-04  fps   9350  4062.6s
it 13738/15000  reward     nan  ep_len    nan  fell    0  err_xy 0.084  std 0.267  lr 1.0e-04  fps   9162  4062.9s
it 13739/15000  reward     nan  ep_len    nan  fell    0  err_xy 0.079  std 0.267  lr 1.0e-04  fps   9025  4063.1s
it 13740/15000  reward     nan  ep_len    nan  fell    0  err_xy 0.076  std 0.267  lr 1.0e-04  fps   8948  4063.4s
it 13741/15000  reward     nan  ep_len    nan  fell    0  err_xy 0.068  std 0.267  lr 1.0e-04  fps   8912  4063.6s
it 13742/15000  reward     nan  ep_len    nan  fell    0  err_xy 0.050  std 0.267  lr 1.0e-04  fps   7373  4063.9s
it 13743/15000  reward     nan  ep_len    nan  fell    0  err_xy 0.049  std 0.267  lr 1.0e-04  fps   8653  4064.2s
it 13744/15000  reward     nan  ep_len    nan  fell    0  err_xy 0.039  std 0.267  lr 1.0e-04  fps   8884  4064.5s
it 13745/15000  reward     nan  ep_len    nan  fell    0  err_xy 0.035  std 0.267  lr 1.0e-04  fps   8831  4064.7s
it 13746/15000  reward     nan  ep_len    nan  fell    0  err_xy 0.031  std 0.267  lr 1.0e-04  fps   8877  4065.0s
it 13747/15000  reward     nan  ep_len    nan  fell    0  err_xy 0.035  std 0.267  lr 1.0e-04  fps   8828  4065.3s
it 13748/15000  reward     nan  ep_len    nan  fell    0  err_xy 0.037  std 0.267  lr 1.0e-04  fps   8896  4065.5s
it 13749/15000  reward     nan  ep_len    nan  fell    0  err_xy 0.036  std 0.267  lr 1.0e-04  fps   8902  4065.8s
it 13750/15000  reward   52.60  ep_len  400.0  fell    0  err_xy 0.027  std 0.267  lr 1.0e-04  fps   7031  4066.1s
it 13751/15000  reward     nan  ep_len    nan  fell    0  err_xy 0.292  std 0.267  lr 1.0e-04  fps   9686  4066.3s
it 13752/15000  reward     nan  ep_len    nan  fell    0  err_xy 0.239  std 0.267  lr 1.0e-04  fps   9749  4066.6s
it 13753/15000  reward     nan  ep_len    nan  fell    0  err_xy 0.133  std 0.267  lr 1.0e-04  fps   9629  4066.8s
it 13754/15000  reward     nan  ep_len    nan  fell    0  err_xy 0.118  std 0.267  lr 1.0e-04  fps   8968  4067.1s
it 13755/15000  reward     nan  ep_len    nan  fell    0  err_xy 0.113  std 0.267  lr 1.0e-04  fps   9006  4067.3s
it 13756/15000  reward     nan  ep_len    nan  fell    0  err_xy 0.099  std 0.267  lr 1.0e-04  fps   9018  4067.6s
it 13757/15000  reward     nan  ep_len    nan  fell    0  err_xy 0.078  std 0.267  lr 1.0e-04  fps   8947  4067.8s
it 13758/15000  reward     nan  ep_len    nan  fell    0  err_xy 0.071  std 0.267  lr 1.0e-04  fps   8879  4068.1s
it 13759/15000  reward     nan  ep_len    nan  fell    0  err_xy 0.078  std 0.267  lr 1.0e-04  fps   8884  4068.4s
it 13760/15000  reward     nan  ep_len    nan  fell    0  err_xy 0.059  std 0.267  lr 1.0e-04  fps   8761  4068.6s
it 13761/15000  reward     nan  ep_len    nan  fell    0  err_xy 0.052  std 0.267  lr 1.0e-04  fps   8726  4068.9s
it 13762/15000  reward     nan  ep_len    nan  fell    0  err_xy 0.057  std 0.267  lr 1.0e-04  fps   8691  4069.2s
it 13763/15000  reward     nan  ep_len    nan  fell    0  err_xy 0.048  std 0.267  lr 1.0e-04  fps   8615  4069.4s
it 13764/15000  reward     nan  ep_len    nan  fell    0  err_xy 0.043  std 0.267  lr 1.0e-04  fps   8597  4069.7s
it 13765/15000  reward     nan  ep_len    nan  fell    0  err_xy 0.030  std 0.267  lr 1.0e-04  fps   8572  4070.0s
it 13766/15000  reward     nan  ep_len    nan  fell    0  err_xy 0.030  std 0.267  lr 1.0e-04  fps   8557  4070.2s
it 13767/15000  reward   58.63  ep_len  400.0  fell    0  err_xy 0.086  std 0.267  lr 1.0e-04  fps   7120  4070.6s
it 13768/15000  reward     nan  ep_len    nan  fell    0  err_xy 0.328  std 0.267  lr 1.0e-04  fps   9640  4070.8s
it 13769/15000  reward     nan  ep_len    nan  fell    0  err_xy 0.196  std 0.267  lr 1.0e-04  fps   9686  4071.0s
it 13770/15000  reward     nan  ep_len    nan  fell    0  err_xy 0.118  std 0.267  lr 1.0e-04  fps   9473  4071.3s
it 13771/15000  reward     nan  ep_len    nan  fell    0  err_xy 0.097  std 0.267  lr 1.0e-04  fps   9256  4071.5s
it 13772/15000  reward     nan  ep_len    nan  fell    0  err_xy 0.093  std 0.267  lr 1.0e-04  fps   9226  4071.8s
it 13773/15000  reward     nan  ep_len    nan  fell    0  err_xy 0.099  std 0.267  lr 1.0e-04  fps   8963  4072.0s
it 13774/15000  reward     nan  ep_len    nan  fell    0  err_xy 0.087  std 0.267  lr 1.0e-04  fps   8716  4072.3s
it 13775/15000  reward     nan  ep_len    nan  fell    0  err_xy 0.066  std 0.267  lr 1.0e-04  fps   8630  4072.6s
it 13776/15000  reward     nan  ep_len    nan  fell    0  err_xy 0.058  std 0.267  lr 1.0e-04  fps   8649  4072.8s
it 13777/15000  reward     nan  ep_len    nan  fell    0  err_xy 0.048  std 0.267  lr 1.0e-04  fps   8588  4073.1s
it 13778/15000  reward     nan  ep_len    nan  fell    0  err_xy 0.038  std 0.267  lr 1.0e-04  fps   8426  4073.4s
it 13779/15000  reward     nan  ep_len    nan  fell    0  err_xy 0.027  std 0.267  lr 1.0e-04  fps   8370  4073.6s
it 13780/15000  reward     nan  ep_len    nan  fell    0  err_xy 0.027  std 0.267  lr 1.0e-04  fps   8540  4073.9s
it 13781/15000  reward     nan  ep_len    nan  fell    0  err_xy 0.029  std 0.267  lr 1.0e-04  fps   8504  4074.2s
it 13782/15000  reward     nan  ep_len    nan  fell    0  err_xy 0.028  std 0.267  lr 1.0e-04  fps   8642  4074.5s
it 13783/15000  reward     nan  ep_len    nan  fell    0  err_xy 0.030  std 0.267  lr 1.0e-04  fps   8608  4074.7s
it 13784/15000  reward   73.11  ep_len  400.0  fell    0  err_xy 0.190  std 0.267  lr 1.0e-04  fps   7361  4075.0s
it 13785/15000  reward     nan  ep_len    nan  fell    0  err_xy 0.306  std 0.267  lr 1.0e-04  fps   9706  4075.3s
it 13786/15000  reward     nan  ep_len    nan  fell    0  err_xy 0.183  std 0.267  lr 1.0e-04  fps   9605  4075.5s
it 13787/15000  reward     nan  ep_len    nan  fell    0  err_xy 0.133  std 0.267  lr 1.0e-04  fps   9339  4075.8s
it 13788/15000  reward     nan  ep_len    nan  fell    0  err_xy 0.142  std 0.267  lr 1.0e-04  fps   9117  4076.0s
it 13789/15000  reward     nan  ep_len    nan  fell    0  err_xy 0.123  std 0.267  lr 1.0e-04  fps   8765  4076.3s
it 13790/15000  reward     nan  ep_len    nan  fell    0  err_xy 0.106  std 0.267  lr 1.0e-04  fps   8826  4076.5s
it 13791/15000  reward     nan  ep_len    nan  fell    0  err_xy 0.092  std 0.267  lr 1.0e-04  fps   8766  4076.8s
it 13792/15000  reward     nan  ep_len    nan  fell    0  err_xy 0.067  std 0.267  lr 1.0e-04  fps   8538  4077.1s
it 13793/15000  reward     nan  ep_len    nan  fell    0  err_xy 0.051  std 0.267  lr 1.0e-04  fps   8440  4077.3s
it 13794/15000  reward     nan  ep_len    nan  fell    0  err_xy 0.041  std 0.267  lr 1.0e-04  fps   8488  4077.6s
it 13795/15000  reward     nan  ep_len    nan  fell    0  err_xy 0.034  std 0.267  lr 1.0e-04  fps   8413  4077.9s
it 13796/15000  reward     nan  ep_len    nan  fell    0  err_xy 0.031  std 0.267  lr 1.0e-04  fps   8273  4078.2s
it 13797/15000  reward     nan  ep_len    nan  fell    0  err_xy 0.031  std 0.267  lr 1.0e-04  fps   8450  4078.4s
it 13798/15000  reward     nan  ep_len    nan  fell    0  err_xy 0.033  std 0.267  lr 1.0e-04  fps   8500  4078.7s
it 13799/15000  reward     nan  ep_len    nan  fell    0  err_xy 0.033  std 0.266  lr 1.0e-04  fps   8575  4079.0s
it 13800/15000  reward   75.96  ep_len  400.0  fell    0  err_xy 0.027  std 0.266  lr 1.0e-04  fps   6818  4079.3s
eval iteration 13800:
  prone          success 100.0%  time 3.89s  peak_τ 0.96 Nm  return 32.16
  supine         success 100.0%  time 1.29s  peak_τ 0.91 Nm  return 38.22
  score 1.000
it 13801/15000  reward     nan  ep_len    nan  fell    0  err_xy 0.283  std 0.266  lr 1.0e-04  fps   9578  4080.9s
it 13802/15000  reward     nan  ep_len    nan  fell    0  err_xy 0.265  std 0.266  lr 1.0e-04  fps   9678  4081.1s
it 13803/15000  reward     nan  ep_len    nan  fell    0  err_xy 0.175  std 0.266  lr 1.0e-04  fps   9365  4081.4s
it 13804/15000  reward     nan  ep_len    nan  fell    0  err_xy 0.167  std 0.266  lr 1.0e-04  fps   9164  4081.6s
it 13805/15000  reward     nan  ep_len    nan  fell    0  err_xy 0.153  std 0.266  lr 1.0e-04  fps   8926  4081.9s
it 13806/15000  reward     nan  ep_len    nan  fell    0  err_xy 0.112  std 0.266  lr 1.0e-04  fps   8812  4082.1s
it 13807/15000  reward     nan  ep_len    nan  fell    0  err_xy 0.093  std 0.266  lr 1.0e-04  fps   8802  4082.4s
it 13808/15000  reward     nan  ep_len    nan  fell    0  err_xy 0.080  std 0.266  lr 1.0e-04  fps   8685  4082.7s
it 13809/15000  reward     nan  ep_len    nan  fell    0  err_xy 0.067  std 0.266  lr 1.0e-04  fps   8684  4082.9s
it 13810/15000  reward     nan  ep_len    nan  fell    0  err_xy 0.057  std 0.267  lr 1.0e-04  fps   8574  4083.2s
it 13811/15000  reward     nan  ep_len    nan  fell    0  err_xy 0.062  std 0.267  lr 1.0e-04  fps   8693  4083.5s
it 13812/15000  reward     nan  ep_len    nan  fell    0  err_xy 0.049  std 0.267  lr 1.0e-04  fps   8712  4083.7s
it 13813/15000  reward     nan  ep_len    nan  fell    0  err_xy 0.049  std 0.266  lr 1.0e-04  fps   8644  4084.0s
it 13814/15000  reward     nan  ep_len    nan  fell    0  err_xy 0.043  std 0.267  lr 1.0e-04  fps   8562  4084.3s
it 13815/15000  reward     nan  ep_len    nan  fell    0  err_xy 0.039  std 0.267  lr 1.0e-04  fps   8439  4084.5s
it 13816/15000  reward     nan  ep_len    nan  fell    0  err_xy 0.039  std 0.267  lr 1.0e-04  fps   8522  4084.8s
it 13817/15000  reward   69.28  ep_len  400.0  fell    0  err_xy 0.091  std 0.267  lr 1.0e-04  fps   7047  4085.1s
it 13818/15000  reward     nan  ep_len    nan  fell    0  err_xy 0.322  std 0.267  lr 1.0e-04  fps   9631  4085.4s
it 13819/15000  reward     nan  ep_len    nan  fell    0  err_xy 0.219  std 0.267  lr 1.0e-04  fps   9610  4085.6s
it 13820/15000  reward     nan  ep_len    nan  fell    0  err_xy 0.137  std 0.267  lr 1.0e-04  fps   9421  4085.9s
it 13821/15000  reward     nan  ep_len    nan  fell    0  err_xy 0.147  std 0.267  lr 1.0e-04  fps   9124  4086.1s
it 13822/15000  reward     nan  ep_len    nan  fell    0  err_xy 0.132  std 0.267  lr 1.0e-04  fps   8845  4086.4s
it 13823/15000  reward     nan  ep_len    nan  fell    0  err_xy 0.119  std 0.267  lr 1.0e-04  fps   8588  4086.6s
it 13824/15000  reward     nan  ep_len    nan  fell    0  err_xy 0.091  std 0.267  lr 1.0e-04  fps   8404  4086.9s
it 13825/15000  reward     nan  ep_len    nan  fell    0  err_xy 0.078  std 0.267  lr 1.0e-04  fps   8520  4087.2s
it 13826/15000  reward     nan  ep_len    nan  fell    0  err_xy 0.068  std 0.267  lr 1.0e-04  fps   8523  4087.5s
it 13827/15000  reward     nan  ep_len    nan  fell    0  err_xy 0.060  std 0.267  lr 1.0e-04  fps   8547  4087.7s
it 13828/15000  reward     nan  ep_len    nan  fell    0  err_xy 0.062  std 0.267  lr 1.0e-04  fps   8492  4088.0s
it 13829/15000  reward     nan  ep_len    nan  fell    0  err_xy 0.048  std 0.267  lr 1.0e-04  fps   8422  4088.3s
it 13830/15000  reward     nan  ep_len    nan  fell    0  err_xy 0.049  std 0.267  lr 1.0e-04  fps   8321  4088.6s
it 13831/15000  reward     nan  ep_len    nan  fell    0  err_xy 0.043  std 0.267  lr 1.0e-04  fps   8481  4088.8s
it 13832/15000  reward     nan  ep_len    nan  fell    0  err_xy 0.041  std 0.267  lr 1.0e-04  fps   8459  4089.1s
it 13833/15000  reward     nan  ep_len    nan  fell    0  err_xy 0.040  std 0.267  lr 1.0e-04  fps   8184  4089.4s
it 13834/15000  reward   76.58  ep_len  400.0  fell    0  err_xy 0.192  std 0.267  lr 1.0e-04  fps   7408  4089.7s
it 13835/15000  reward     nan  ep_len    nan  fell    0  err_xy 0.287  std 0.267  lr 1.0e-04  fps   9763  4089.9s
it 13836/15000  reward     nan  ep_len    nan  fell    0  err_xy 0.191  std 0.267  lr 1.0e-04  fps   9199  4090.2s
it 13837/15000  reward     nan  ep_len    nan  fell    0  err_xy 0.150  std 0.267  lr 1.0e-04  fps   7557  4090.5s
it 13838/15000  reward     nan  ep_len    nan  fell    0  err_xy 0.149  std 0.267  lr 1.0e-04  fps   8846  4090.7s
it 13839/15000  reward     nan  ep_len    nan  fell    0  err_xy 0.138  std 0.267  lr 1.0e-04  fps   8625  4091.0s
it 13840/15000  reward     nan  ep_len    nan  fell    0  err_xy 0.092  std 0.267  lr 1.0e-04  fps   8598  4091.3s
it 13841/15000  reward     nan  ep_len    nan  fell    0  err_xy 0.078  std 0.267  lr 1.0e-04  fps   8481  4091.6s
it 13842/15000  reward     nan  ep_len    nan  fell    0  err_xy 0.081  std 0.267  lr 1.0e-04  fps   8486  4091.8s
it 13843/15000  reward     nan  ep_len    nan  fell    0  err_xy 0.075  std 0.267  lr 1.0e-04  fps   8347  4092.1s
it 13844/15000  reward     nan  ep_len    nan  fell    0  err_xy 0.068  std 0.267  lr 1.0e-04  fps   8287  4092.4s
it 13845/15000  reward     nan  ep_len    nan  fell    0  err_xy 0.043  std 0.267  lr 1.0e-04  fps   7731  4092.7s
it 13846/15000  reward     nan  ep_len    nan  fell    0  err_xy 0.041  std 0.267  lr 1.0e-04  fps   7036  4093.0s
it 13847/15000  reward     nan  ep_len    nan  fell    0  err_xy 0.042  std 0.267  lr 1.0e-04  fps   8098  4093.3s
it 13848/15000  reward     nan  ep_len    nan  fell    0  err_xy 0.041  std 0.267  lr 1.0e-04  fps   8194  4093.6s
it 13849/15000  reward     nan  ep_len    nan  fell    0  err_xy 0.031  std 0.267  lr 1.0e-04  fps   8342  4093.8s
it 13850/15000  reward   80.76  ep_len  400.0  fell    0  err_xy 0.028  std 0.267  lr 1.0e-04  fps   6682  4094.2s
it 13851/15000  reward     nan  ep_len    nan  fell    0  err_xy 0.300  std 0.267  lr 1.0e-04  fps   9317  4094.4s
it 13852/15000  reward     nan  ep_len    nan  fell    0  err_xy 0.298  std 0.267  lr 1.0e-04  fps   9251  4094.7s
it 13853/15000  reward     nan  ep_len    nan  fell    0  err_xy 0.201  std 0.267  lr 1.0e-04  fps   8914  4094.9s
it 13854/15000  reward     nan  ep_len    nan  fell    0  err_xy 0.173  std 0.267  lr 1.0e-04  fps   8607  4095.2s
it 13855/15000  reward     nan  ep_len    nan  fell    0  err_xy 0.159  std 0.267  lr 1.0e-04  fps   8779  4095.5s
it 13856/15000  reward     nan  ep_len    nan  fell    0  err_xy 0.146  std 0.267  lr 1.0e-04  fps   8684  4095.7s
it 13857/15000  reward     nan  ep_len    nan  fell    0  err_xy 0.104  std 0.267  lr 1.0e-04  fps   8489  4096.0s
it 13858/15000  reward     nan  ep_len    nan  fell    0  err_xy 0.087  std 0.267  lr 1.0e-04  fps   8319  4096.3s
it 13859/15000  reward     nan  ep_len    nan  fell    0  err_xy 0.068  std 0.267  lr 1.0e-04  fps   8043  4096.6s
it 13860/15000  reward     nan  ep_len    nan  fell    0  err_xy 0.061  std 0.267  lr 1.0e-04  fps   8198  4096.9s
it 13861/15000  reward     nan  ep_len    nan  fell    0  err_xy 0.051  std 0.267  lr 1.0e-04  fps   8221  4097.1s
it 13862/15000  reward     nan  ep_len    nan  fell    0  err_xy 0.049  std 0.267  lr 1.0e-04  fps   8361  4097.4s
it 13863/15000  reward     nan  ep_len    nan  fell    0  err_xy 0.037  std 0.267  lr 1.0e-04  fps   8415  4097.7s
it 13864/15000  reward     nan  ep_len    nan  fell    0  err_xy 0.032  std 0.267  lr 1.0e-04  fps   8301  4098.0s
it 13865/15000  reward     nan  ep_len    nan  fell    0  err_xy 0.033  std 0.267  lr 1.0e-04  fps   8351  4098.2s
it 13866/15000  reward     nan  ep_len    nan  fell    0  err_xy 0.032  std 0.267  lr 1.0e-04  fps   8475  4098.5s
it 13867/15000  reward   81.83  ep_len  400.0  fell    0  err_xy 0.095  std 0.267  lr 1.0e-04  fps   7048  4098.8s
it 13868/15000  reward     nan  ep_len    nan  fell    0  err_xy 0.329  std 0.267  lr 1.0e-04  fps   9602  4099.1s
it 13869/15000  reward     nan  ep_len    nan  fell    0  err_xy 0.242  std 0.267  lr 1.0e-04  fps   9431  4099.3s
it 13870/15000  reward     nan  ep_len    nan  fell    0  err_xy 0.176  std 0.267  lr 1.0e-04  fps   9133  4099.6s
it 13871/15000  reward     nan  ep_len    nan  fell    0  err_xy 0.157  std 0.267  lr 1.0e-04  fps   8929  4099.8s
it 13872/15000  reward     nan  ep_len    nan  fell    0  err_xy 0.141  std 0.267  lr 1.0e-04  fps   8660  4100.1s
it 13873/15000  reward     nan  ep_len    nan  fell    0  err_xy 0.121  std 0.267  lr 1.0e-04  fps   8603  4100.4s
it 13874/15000  reward     nan  ep_len    nan  fell    0  err_xy 0.088  std 0.267  lr 1.0e-04  fps   8511  4100.6s
it 13875/15000  reward     nan  ep_len    nan  fell    0  err_xy 0.071  std 0.267  lr 1.0e-04  fps   8507  4100.9s
it 13876/15000  reward     nan  ep_len    nan  fell    0  err_xy 0.061  std 0.267  lr 1.0e-04  fps   8463  4101.2s
it 13877/15000  reward     nan  ep_len    nan  fell    0  err_xy 0.057  std 0.267  lr 1.0e-04  fps   8495  4101.5s
it 13878/15000  reward     nan  ep_len    nan  fell    0  err_xy 0.053  std 0.267  lr 1.0e-04  fps   8415  4101.7s
it 13879/15000  reward     nan  ep_len    nan  fell    0  err_xy 0.050  std 0.267  lr 1.0e-04  fps   8297  4102.0s
it 13880/15000  reward     nan  ep_len    nan  fell    0  err_xy 0.043  std 0.267  lr 1.0e-04  fps   8278  4102.3s
it 13881/15000  reward     nan  ep_len    nan  fell    0  err_xy 0.049  std 0.267  lr 1.0e-04  fps   8424  4102.6s
it 13882/15000  reward     nan  ep_len    nan  fell    0  err_xy 0.041  std 0.267  lr 1.0e-04  fps   8543  4102.8s
it 13883/15000  reward     nan  ep_len    nan  fell    0  err_xy 0.042  std 0.267  lr 1.0e-04  fps   8300  4103.1s
it 13884/15000  reward   82.36  ep_len  400.0  fell    0  err_xy 0.186  std 0.267  lr 1.0e-04  fps   7236  4103.4s
it 13885/15000  reward     nan  ep_len    nan  fell    0  err_xy 0.295  std 0.267  lr 1.0e-04  fps   9582  4103.7s
it 13886/15000  reward     nan  ep_len    nan  fell    0  err_xy 0.189  std 0.267  lr 1.0e-04  fps   9520  4103.9s
it 13887/15000  reward     nan  ep_len    nan  fell    0  err_xy 0.159  std 0.267  lr 1.0e-04  fps   9150  4104.2s
it 13888/15000  reward     nan  ep_len    nan  fell    0  err_xy 0.148  std 0.267  lr 1.0e-04  fps   9011  4104.4s
it 13889/15000  reward     nan  ep_len    nan  fell    0  err_xy 0.143  std 0.267  lr 1.0e-04  fps   8351  4104.7s
it 13890/15000  reward     nan  ep_len    nan  fell    0  err_xy 0.117  std 0.267  lr 1.0e-04  fps   8840  4105.0s
it 13891/15000  reward     nan  ep_len    nan  fell    0  err_xy 0.085  std 0.267  lr 1.0e-04  fps   8760  4105.2s
it 13892/15000  reward     nan  ep_len    nan  fell    0  err_xy 0.066  std 0.267  lr 1.0e-04  fps   8727  4105.5s
it 13893/15000  reward     nan  ep_len    nan  fell    0  err_xy 0.065  std 0.267  lr 1.0e-04  fps   8726  4105.8s
it 13894/15000  reward     nan  ep_len    nan  fell    0  err_xy 0.048  std 0.267  lr 1.0e-04  fps   8708  4106.0s
it 13895/15000  reward     nan  ep_len    nan  fell    0  err_xy 0.050  std 0.267  lr 1.0e-04  fps   8716  4106.3s
it 13896/15000  reward     nan  ep_len    nan  fell    0  err_xy 0.048  std 0.267  lr 1.0e-04  fps   8712  4106.5s
it 13897/15000  reward     nan  ep_len    nan  fell    0  err_xy 0.047  std 0.267  lr 1.0e-04  fps   8632  4106.8s
it 13898/15000  reward     nan  ep_len    nan  fell    0  err_xy 0.034  std 0.267  lr 1.0e-04  fps   8662  4107.1s
it 13899/15000  reward     nan  ep_len    nan  fell    0  err_xy 0.032  std 0.267  lr 1.0e-04  fps   8495  4107.4s
it 13900/15000  reward   77.05  ep_len  400.0  fell    0  err_xy 0.039  std 0.267  lr 1.0e-04  fps   6867  4107.7s
it 13901/15000  reward     nan  ep_len    nan  fell    0  err_xy 0.286  std 0.267  lr 1.0e-04  fps   9910  4107.9s
it 13902/15000  reward     nan  ep_len    nan  fell    0  err_xy 0.288  std 0.267  lr 1.0e-04  fps   9662  4108.2s
it 13903/15000  reward     nan  ep_len    nan  fell    0  err_xy 0.218  std 0.267  lr 1.0e-04  fps   9494  4108.4s
it 13904/15000  reward     nan  ep_len    nan  fell    0  err_xy 0.228  std 0.267  lr 1.0e-04  fps   9114  4108.7s
it 13905/15000  reward     nan  ep_len    nan  fell    0  err_xy 0.187  std 0.267  lr 1.0e-04  fps   8915  4108.9s
it 13906/15000  reward     nan  ep_len    nan  fell    0  err_xy 0.156  std 0.267  lr 1.0e-04  fps   8729  4109.2s
it 13907/15000  reward     nan  ep_len    nan  fell    0  err_xy 0.147  std 0.267  lr 1.0e-04  fps   8784  4109.4s
it 13908/15000  reward     nan  ep_len    nan  fell    0  err_xy 0.125  std 0.267  lr 1.0e-04  fps   8345  4109.7s
it 13909/15000  reward     nan  ep_len    nan  fell    0  err_xy 0.093  std 0.267  lr 1.0e-04  fps   8723  4110.0s
it 13910/15000  reward     nan  ep_len    nan  fell    0  err_xy 0.075  std 0.267  lr 1.0e-04  fps   8553  4110.3s
it 13911/15000  reward     nan  ep_len    nan  fell    0  err_xy 0.073  std 0.267  lr 1.0e-04  fps   7880  4110.5s
it 13912/15000  reward     nan  ep_len    nan  fell    0  err_xy 0.055  std 0.267  lr 1.0e-04  fps   8364  4110.8s
it 13913/15000  reward     nan  ep_len    nan  fell    0  err_xy 0.056  std 0.267  lr 1.0e-04  fps   8596  4111.1s
it 13914/15000  reward     nan  ep_len    nan  fell    0  err_xy 0.060  std 0.267  lr 1.0e-04  fps   8580  4111.4s
it 13915/15000  reward     nan  ep_len    nan  fell    0  err_xy 0.055  std 0.267  lr 1.0e-04  fps   8543  4111.6s
it 13916/15000  reward     nan  ep_len    nan  fell    0  err_xy 0.052  std 0.267  lr 1.0e-04  fps   8385  4111.9s
it 13917/15000  reward   72.53  ep_len  400.0  fell    0  err_xy 0.100  std 0.267  lr 1.0e-04  fps   6990  4112.2s
it 13918/15000  reward     nan  ep_len    nan  fell    0  err_xy 0.302  std 0.267  lr 1.0e-04  fps   9778  4112.5s
it 13919/15000  reward     nan  ep_len    nan  fell    0  err_xy 0.257  std 0.267  lr 1.0e-04  fps   9786  4112.7s
it 13920/15000  reward     nan  ep_len    nan  fell    0  err_xy 0.257  std 0.267  lr 1.0e-04  fps   9655  4112.9s
it 13921/15000  reward     nan  ep_len    nan  fell    0  err_xy 0.289  std 0.267  lr 1.0e-04  fps   9487  4113.2s
it 13922/15000  reward     nan  ep_len    nan  fell    0  err_xy 0.259  std 0.267  lr 1.0e-04  fps   9471  4113.4s
it 13923/15000  reward     nan  ep_len    nan  fell    0  err_xy 0.186  std 0.267  lr 1.0e-04  fps   8965  4113.7s
it 13924/15000  reward     nan  ep_len    nan  fell    0  err_xy 0.156  std 0.267  lr 1.0e-04  fps   8928  4113.9s
it 13925/15000  reward     nan  ep_len    nan  fell    0  err_xy 0.126  std 0.267  lr 1.0e-04  fps   8758  4114.2s
it 13926/15000  reward     nan  ep_len    nan  fell    0  err_xy 0.106  std 0.267  lr 1.0e-04  fps   7293  4114.5s
it 13927/15000  reward     nan  ep_len    nan  fell    0  err_xy 0.085  std 0.267  lr 1.0e-04  fps   8628  4114.8s
it 13928/15000  reward     nan  ep_len    nan  fell    0  err_xy 0.065  std 0.267  lr 1.0e-04  fps   8517  4115.1s
it 13929/15000  reward     nan  ep_len    nan  fell    0  err_xy 0.059  std 0.267  lr 1.0e-04  fps   8501  4115.3s
it 13930/15000  reward     nan  ep_len    nan  fell    0  err_xy 0.059  std 0.267  lr 1.0e-04  fps   8506  4115.6s
it 13931/15000  reward     nan  ep_len    nan  fell    0  err_xy 0.052  std 0.267  lr 1.0e-04  fps   8540  4115.9s
it 13932/15000  reward     nan  ep_len    nan  fell    0  err_xy 0.051  std 0.267  lr 1.0e-04  fps   8480  4116.2s
it 13933/15000  reward     nan  ep_len    nan  fell    0  err_xy 0.048  std 0.267  lr 1.0e-04  fps   8494  4116.4s
it 13934/15000  reward   72.96  ep_len  400.0  fell    0  err_xy 0.194  std 0.267  lr 1.0e-04  fps   7372  4116.7s
it 13935/15000  reward     nan  ep_len    nan  fell    0  err_xy 0.300  std 0.267  lr 1.0e-04  fps   9807  4117.0s
it 13936/15000  reward     nan  ep_len    nan  fell    0  err_xy 0.275  std 0.267  lr 1.0e-04  fps   9679  4117.2s
it 13937/15000  reward     nan  ep_len    nan  fell    0  err_xy 0.233  std 0.267  lr 1.0e-04  fps   9528  4117.5s
it 13938/15000  reward     nan  ep_len    nan  fell    0  err_xy 0.221  std 0.267  lr 1.0e-04  fps   9406  4117.7s
it 13939/15000  reward     nan  ep_len    nan  fell    0  err_xy 0.214  std 0.267  lr 1.0e-04  fps   9231  4117.9s
it 13940/15000  reward     nan  ep_len    nan  fell    0  err_xy 0.179  std 0.267  lr 1.0e-04  fps   9033  4118.2s
it 13941/15000  reward     nan  ep_len    nan  fell    0  err_xy 0.131  std 0.267  lr 1.0e-04  fps   8810  4118.5s
it 13942/15000  reward     nan  ep_len    nan  fell    0  err_xy 0.127  std 0.267  lr 1.0e-04  fps   8756  4118.7s
it 13943/15000  reward     nan  ep_len    nan  fell    0  err_xy 0.090  std 0.267  lr 1.0e-04  fps   8574  4119.0s
it 13944/15000  reward     nan  ep_len    nan  fell    0  err_xy 0.071  std 0.267  lr 1.0e-04  fps   8591  4119.3s
it 13945/15000  reward     nan  ep_len    nan  fell    0  err_xy 0.060  std 0.267  lr 1.0e-04  fps   8504  4119.5s
it 13946/15000  reward     nan  ep_len    nan  fell    0  err_xy 0.040  std 0.267  lr 1.0e-04  fps   7380  4119.8s
it 13947/15000  reward     nan  ep_len    nan  fell    0  err_xy 0.032  std 0.267  lr 1.0e-04  fps   7862  4120.1s
it 13948/15000  reward     nan  ep_len    nan  fell    0  err_xy 0.026  std 0.267  lr 1.0e-04  fps   8154  4120.4s
it 13949/15000  reward     nan  ep_len    nan  fell    0  err_xy 0.032  std 0.267  lr 1.0e-04  fps   8262  4120.7s
it 13950/15000  reward   73.26  ep_len  400.0  fell    0  err_xy 0.032  std 0.267  lr 1.0e-04  fps   6658  4121.1s
it 13951/15000  reward     nan  ep_len    nan  fell    0  err_xy 0.282  std 0.267  lr 1.0e-04  fps   9858  4121.3s
it 13952/15000  reward     nan  ep_len    nan  fell    0  err_xy 0.276  std 0.267  lr 1.0e-04  fps   9792  4121.5s
it 13953/15000  reward     nan  ep_len    nan  fell    0  err_xy 0.214  std 0.267  lr 1.0e-04  fps   9352  4121.8s
it 13954/15000  reward     nan  ep_len    nan  fell    0  err_xy 0.217  std 0.267  lr 1.0e-04  fps   9137  4122.0s
it 13955/15000  reward     nan  ep_len    nan  fell    0  err_xy 0.197  std 0.267  lr 1.0e-04  fps   8999  4122.3s
it 13956/15000  reward     nan  ep_len    nan  fell    0  err_xy 0.148  std 0.267  lr 1.0e-04  fps   8853  4122.5s
it 13957/15000  reward     nan  ep_len    nan  fell    0  err_xy 0.126  std 0.267  lr 1.0e-04  fps   8648  4122.8s
it 13958/15000  reward     nan  ep_len    nan  fell    0  err_xy 0.094  std 0.267  lr 1.0e-04  fps   8603  4123.1s
it 13959/15000  reward     nan  ep_len    nan  fell    0  err_xy 0.079  std 0.267  lr 1.0e-04  fps   8557  4123.3s
it 13960/15000  reward     nan  ep_len    nan  fell    0  err_xy 0.064  std 0.267  lr 1.0e-04  fps   8541  4123.6s
it 13961/15000  reward     nan  ep_len    nan  fell    0  err_xy 0.062  std 0.267  lr 1.0e-04  fps   7772  4123.9s
it 13962/15000  reward     nan  ep_len    nan  fell    0  err_xy 0.050  std 0.267  lr 1.0e-04  fps   8426  4124.2s
it 13963/15000  reward     nan  ep_len    nan  fell    0  err_xy 0.040  std 0.267  lr 1.0e-04  fps   8512  4124.5s
it 13964/15000  reward     nan  ep_len    nan  fell    0  err_xy 0.033  std 0.267  lr 1.0e-04  fps   8423  4124.7s
it 13965/15000  reward     nan  ep_len    nan  fell    0  err_xy 0.032  std 0.267  lr 1.0e-04  fps   8424  4125.0s
it 13966/15000  reward     nan  ep_len    nan  fell    0  err_xy 0.021  std 0.267  lr 1.0e-04  fps   8393  4125.3s
it 13967/15000  reward   79.87  ep_len  400.0  fell    0  err_xy 0.084  std 0.267  lr 1.0e-04  fps   7150  4125.6s
it 13968/15000  reward     nan  ep_len    nan  fell    0  err_xy 0.311  std 0.267  lr 1.0e-04  fps   9849  4125.8s
it 13969/15000  reward     nan  ep_len    nan  fell    0  err_xy 0.256  std 0.267  lr 1.0e-04  fps   9651  4126.1s
it 13970/15000  reward     nan  ep_len    nan  fell    0  err_xy 0.199  std 0.267  lr 1.0e-04  fps   9229  4126.3s
it 13971/15000  reward     nan  ep_len    nan  fell    0  err_xy 0.175  std 0.267  lr 1.0e-04  fps   9004  4126.6s
it 13972/15000  reward     nan  ep_len    nan  fell    0  err_xy 0.160  std 0.267  lr 1.0e-04  fps   8705  4126.8s
it 13973/15000  reward     nan  ep_len    nan  fell    0  err_xy 0.122  std 0.267  lr 1.0e-04  fps   8555  4127.1s
it 13974/15000  reward     nan  ep_len    nan  fell    0  err_xy 0.083  std 0.267  lr 1.0e-04  fps   8488  4127.4s
it 13975/15000  reward     nan  ep_len    nan  fell    0  err_xy 0.066  std 0.267  lr 1.0e-04  fps   8356  4127.7s
it 13976/15000  reward     nan  ep_len    nan  fell    0  err_xy 0.057  std 0.267  lr 1.0e-04  fps   8412  4127.9s
it 13977/15000  reward     nan  ep_len    nan  fell    0  err_xy 0.046  std 0.267  lr 1.0e-04  fps   8305  4128.2s
it 13978/15000  reward     nan  ep_len    nan  fell    0  err_xy 0.035  std 0.267  lr 1.0e-04  fps   8298  4128.5s
it 13979/15000  reward     nan  ep_len    nan  fell    0  err_xy 0.033  std 0.267  lr 1.0e-04  fps   8331  4128.8s
it 13980/15000  reward     nan  ep_len    nan  fell    0  err_xy 0.032  std 0.267  lr 1.0e-04  fps   8272  4129.0s
it 13981/15000  reward     nan  ep_len    nan  fell    0  err_xy 0.026  std 0.267  lr 1.0e-04  fps   8329  4129.3s
it 13982/15000  reward     nan  ep_len    nan  fell    0  err_xy 0.022  std 0.267  lr 1.0e-04  fps   8393  4129.6s
it 13983/15000  reward     nan  ep_len    nan  fell    0  err_xy 0.023  std 0.267  lr 1.0e-04  fps   8372  4129.9s
it 13984/15000  reward   91.02  ep_len  400.0  fell    0  err_xy 0.188  std 0.267  lr 1.0e-04  fps   7253  4130.2s
it 13985/15000  reward     nan  ep_len    nan  fell    0  err_xy 0.270  std 0.267  lr 1.0e-04  fps   9969  4130.4s
it 13986/15000  reward     nan  ep_len    nan  fell    0  err_xy 0.239  std 0.267  lr 1.0e-04  fps   9624  4130.7s
it 13987/15000  reward     nan  ep_len    nan  fell    0  err_xy 0.233  std 0.267  lr 1.0e-04  fps   9216  4130.9s
it 13988/15000  reward     nan  ep_len    nan  fell    0  err_xy 0.202  std 0.267  lr 1.0e-04  fps   8747  4131.2s
it 13989/15000  reward     nan  ep_len    nan  fell    0  err_xy 0.176  std 0.267  lr 1.0e-04  fps   9151  4131.4s
it 13990/15000  reward     nan  ep_len    nan  fell    0  err_xy 0.145  std 0.267  lr 1.0e-04  fps   8947  4131.7s
it 13991/15000  reward     nan  ep_len    nan  fell    0  err_xy 0.105  std 0.267  lr 1.0e-04  fps   8777  4131.9s
it 13992/15000  reward     nan  ep_len    nan  fell    0  err_xy 0.088  std 0.267  lr 1.0e-04  fps   8480  4132.2s
it 13993/15000  reward     nan  ep_len    nan  fell    0  err_xy 0.088  std 0.267  lr 1.0e-04  fps   8644  4132.5s
it 13994/15000  reward     nan  ep_len    nan  fell    0  err_xy 0.060  std 0.267  lr 1.0e-04  fps   8563  4132.8s
it 13995/15000  reward     nan  ep_len    nan  fell    0  err_xy 0.052  std 0.267  lr 1.0e-04  fps   8489  4133.0s
it 13996/15000  reward     nan  ep_len    nan  fell    0  err_xy 0.042  std 0.267  lr 1.0e-04  fps   8389  4133.3s
it 13997/15000  reward     nan  ep_len    nan  fell    0  err_xy 0.041  std 0.267  lr 1.0e-04  fps   8471  4133.6s
it 13998/15000  reward     nan  ep_len    nan  fell    0  err_xy 0.041  std 0.267  lr 1.0e-04  fps   8526  4133.8s
it 13999/15000  reward     nan  ep_len    nan  fell    0  err_xy 0.038  std 0.267  lr 1.0e-04  fps   8402  4134.1s
it 14000/15000  reward   75.70  ep_len  400.0  fell    0  err_xy 0.032  std 0.267  lr 1.0e-04  fps   6876  4134.5s
eval iteration 14000:
  prone          success 100.0%  time 2.10s  peak_τ 0.95 Nm  return 32.87
  supine         success 100.0%  time 1.26s  peak_τ 0.93 Nm  return 36.28
  score 1.000
it 14001/15000  reward     nan  ep_len    nan  fell    0  err_xy 0.283  std 0.267  lr 1.0e-04  fps   9569  4135.9s
it 14002/15000  reward     nan  ep_len    nan  fell    0  err_xy 0.281  std 0.267  lr 1.0e-04  fps   9671  4136.1s
it 14003/15000  reward     nan  ep_len    nan  fell    0  err_xy 0.236  std 0.267  lr 1.0e-04  fps   9484  4136.4s
it 14004/15000  reward     nan  ep_len    nan  fell    0  err_xy 0.216  std 0.267  lr 1.0e-04  fps   9285  4136.6s
it 14005/15000  reward     nan  ep_len    nan  fell    0  err_xy 0.197  std 0.267  lr 1.0e-04  fps   8785  4136.9s
it 14006/15000  reward     nan  ep_len    nan  fell    0  err_xy 0.164  std 0.267  lr 1.0e-04  fps   8556  4137.1s
it 14007/15000  reward     nan  ep_len    nan  fell    0  err_xy 0.127  std 0.267  lr 1.0e-04  fps   8361  4137.4s
it 14008/15000  reward     nan  ep_len    nan  fell    0  err_xy 0.097  std 0.267  lr 1.0e-04  fps   8356  4137.7s
it 14009/15000  reward     nan  ep_len    nan  fell    0  err_xy 0.074  std 0.267  lr 1.0e-04  fps   8389  4138.0s
it 14010/15000  reward     nan  ep_len    nan  fell    0  err_xy 0.054  std 0.267  lr 1.0e-04  fps   8371  4138.2s
it 14011/15000  reward     nan  ep_len    nan  fell    0  err_xy 0.052  std 0.267  lr 1.0e-04  fps   8373  4138.5s
it 14012/15000  reward     nan  ep_len    nan  fell    0  err_xy 0.051  std 0.267  lr 1.0e-04  fps   8381  4138.8s
it 14013/15000  reward     nan  ep_len    nan  fell    0  err_xy 0.041  std 0.267  lr 1.0e-04  fps   8299  4139.1s
it 14014/15000  reward     nan  ep_len    nan  fell    0  err_xy 0.040  std 0.267  lr 1.0e-04  fps   8027  4139.3s
it 14015/15000  reward     nan  ep_len    nan  fell    0  err_xy 0.034  std 0.267  lr 1.0e-04  fps   8392  4139.6s
it 14016/15000  reward     nan  ep_len    nan  fell    0  err_xy 0.040  std 0.267  lr 1.0e-04  fps   8407  4139.9s
it 14017/15000  reward   80.50  ep_len  400.0  fell    0  err_xy 0.094  std 0.267  lr 1.0e-04  fps   7095  4140.2s
it 14018/15000  reward     nan  ep_len    nan  fell    0  err_xy 0.303  std 0.267  lr 1.0e-04  fps   9826  4140.5s
it 14019/15000  reward     nan  ep_len    nan  fell    0  err_xy 0.234  std 0.267  lr 1.0e-04  fps   9606  4140.7s
it 14020/15000  reward     nan  ep_len    nan  fell    0  err_xy 0.172  std 0.267  lr 1.0e-04  fps   9278  4140.9s
it 14021/15000  reward     nan  ep_len    nan  fell    0  err_xy 0.158  std 0.267  lr 1.0e-04  fps   8912  4141.2s
it 14022/15000  reward     nan  ep_len    nan  fell    0  err_xy 0.147  std 0.267  lr 1.0e-04  fps   8845  4141.5s
it 14023/15000  reward     nan  ep_len    nan  fell    0  err_xy 0.125  std 0.267  lr 1.0e-04  fps   8834  4141.7s
it 14024/15000  reward     nan  ep_len    nan  fell    0  err_xy 0.109  std 0.267  lr 1.0e-04  fps   8608  4142.0s
it 14025/15000  reward     nan  ep_len    nan  fell    0  err_xy 0.095  std 0.267  lr 1.0e-04  fps   8332  4142.3s
it 14026/15000  reward     nan  ep_len    nan  fell    0  err_xy 0.078  std 0.267  lr 1.0e-04  fps   8458  4142.5s
it 14027/15000  reward     nan  ep_len    nan  fell    0  err_xy 0.041  std 0.267  lr 1.0e-04  fps   8220  4142.8s
it 14028/15000  reward     nan  ep_len    nan  fell    0  err_xy 0.039  std 0.267  lr 1.0e-04  fps   8315  4143.1s
it 14029/15000  reward     nan  ep_len    nan  fell    0  err_xy 0.035  std 0.267  lr 1.0e-04  fps   8315  4143.4s
it 14030/15000  reward     nan  ep_len    nan  fell    0  err_xy 0.043  std 0.267  lr 1.0e-04  fps   8320  4143.7s
it 14031/15000  reward     nan  ep_len    nan  fell    0  err_xy 0.042  std 0.267  lr 1.0e-04  fps   8349  4143.9s
it 14032/15000  reward     nan  ep_len    nan  fell    0  err_xy 0.032  std 0.267  lr 1.0e-04  fps   8020  4144.2s
it 14033/15000  reward     nan  ep_len    nan  fell    0  err_xy 0.024  std 0.267  lr 1.0e-04  fps   8236  4144.5s
it 14034/15000  reward   86.35  ep_len  400.0  fell    0  err_xy 0.194  std 0.267  lr 1.0e-04  fps   7215  4144.8s
it 14035/15000  reward     nan  ep_len    nan  fell    0  err_xy 0.268  std 0.267  lr 1.0e-04  fps   9828  4145.1s
it 14036/15000  reward     nan  ep_len    nan  fell    0  err_xy 0.213  std 0.267  lr 1.0e-04  fps   9240  4145.3s
it 14037/15000  reward     nan  ep_len    nan  fell    0  err_xy 0.176  std 0.267  lr 1.0e-04  fps   9185  4145.6s
it 14038/15000  reward     nan  ep_len    nan  fell    0  err_xy 0.178  std 0.267  lr 1.0e-04  fps   8948  4145.8s
it 14039/15000  reward     nan  ep_len    nan  fell    0  err_xy 0.166  std 0.267  lr 1.0e-04  fps   8887  4146.1s
it 14040/15000  reward     nan  ep_len    nan  fell    0  err_xy 0.143  std 0.267  lr 1.0e-04  fps   8640  4146.3s
it 14041/15000  reward     nan  ep_len    nan  fell    0  err_xy 0.135  std 0.267  lr 1.0e-04  fps   8618  4146.6s
it 14042/15000  reward     nan  ep_len    nan  fell    0  err_xy 0.111  std 0.267  lr 1.0e-04  fps   8538  4146.9s
it 14043/15000  reward     nan  ep_len    nan  fell    0  err_xy 0.109  std 0.267  lr 1.0e-04  fps   8505  4147.2s
it 14044/15000  reward     nan  ep_len    nan  fell    0  err_xy 0.084  std 0.267  lr 1.0e-04  fps   8441  4147.4s
it 14045/15000  reward     nan  ep_len    nan  fell    0  err_xy 0.072  std 0.267  lr 1.0e-04  fps   8345  4147.7s
it 14046/15000  reward     nan  ep_len    nan  fell    0  err_xy 0.063  std 0.267  lr 1.0e-04  fps   8403  4148.0s
it 14047/15000  reward     nan  ep_len    nan  fell    0  err_xy 0.057  std 0.267  lr 1.0e-04  fps   8331  4148.3s
it 14048/15000  reward     nan  ep_len    nan  fell    0  err_xy 0.045  std 0.267  lr 1.0e-04  fps   8454  4148.5s
it 14049/15000  reward     nan  ep_len    nan  fell    0  err_xy 0.057  std 0.267  lr 1.0e-04  fps   7971  4148.8s
it 14050/15000  reward   78.03  ep_len  400.0  fell    0  err_xy 0.047  std 0.267  lr 1.0e-04  fps   6774  4149.2s
it 14051/15000  reward     nan  ep_len    nan  fell    0  err_xy 0.292  std 0.267  lr 1.0e-04  fps   9724  4149.4s
it 14052/15000  reward     nan  ep_len    nan  fell    0  err_xy 0.264  std 0.267  lr 1.0e-04  fps   9821  4149.6s
it 14053/15000  reward     nan  ep_len    nan  fell    0  err_xy 0.196  std 0.267  lr 1.0e-04  fps   9500  4149.9s
it 14054/15000  reward     nan  ep_len    nan  fell    0  err_xy 0.163  std 0.267  lr 1.0e-04  fps   9076  4150.1s
it 14055/15000  reward     nan  ep_len    nan  fell    0  err_xy 0.148  std 0.267  lr 1.0e-04  fps   7505  4150.4s
it 14056/15000  reward     nan  ep_len    nan  fell    0  err_xy 0.150  std 0.267  lr 1.0e-04  fps   8696  4150.7s
it 14057/15000  reward     nan  ep_len    nan  fell    0  err_xy 0.132  std 0.267  lr 1.0e-04  fps   8686  4151.0s
it 14058/15000  reward     nan  ep_len    nan  fell    0  err_xy 0.113  std 0.267  lr 1.0e-04  fps   8469  4151.2s
it 14059/15000  reward     nan  ep_len    nan  fell    0  err_xy 0.097  std 0.267  lr 1.0e-04  fps   7841  4151.5s
it 14060/15000  reward     nan  ep_len    nan  fell    0  err_xy 0.080  std 0.267  lr 1.0e-04  fps   8384  4151.8s
it 14061/15000  reward     nan  ep_len    nan  fell    0  err_xy 0.062  std 0.267  lr 1.0e-04  fps   8328  4152.1s
it 14062/15000  reward     nan  ep_len    nan  fell    0  err_xy 0.057  std 0.267  lr 1.0e-04  fps   7170  4152.4s
it 14063/15000  reward     nan  ep_len    nan  fell    0  err_xy 0.048  std 0.267  lr 1.0e-04  fps   8320  4152.7s
it 14064/15000  reward     nan  ep_len    nan  fell    0  err_xy 0.050  std 0.267  lr 1.0e-04  fps   7519  4153.0s
it 14065/15000  reward     nan  ep_len    nan  fell    0  err_xy 0.052  std 0.267  lr 1.0e-04  fps   8100  4153.3s
it 14066/15000  reward     nan  ep_len    nan  fell    0  err_xy 0.036  std 0.267  lr 1.0e-04  fps   7910  4153.6s
it 14067/15000  reward   85.34  ep_len  400.0  fell    0  err_xy 0.091  std 0.267  lr 1.0e-04  fps   7143  4153.9s
it 14068/15000  reward     nan  ep_len    nan  fell    0  err_xy 0.300  std 0.267  lr 1.0e-04  fps   9667  4154.1s
it 14069/15000  reward     nan  ep_len    nan  fell    0  err_xy 0.232  std 0.267  lr 1.0e-04  fps   9618  4154.4s
it 14070/15000  reward     nan  ep_len    nan  fell    0  err_xy 0.163  std 0.267  lr 1.0e-04  fps   8999  4154.6s
it 14071/15000  reward     nan  ep_len    nan  fell    0  err_xy 0.178  std 0.267  lr 1.0e-04  fps   8971  4154.9s
it 14072/15000  reward     nan  ep_len    nan  fell    0  err_xy 0.176  std 0.267  lr 1.0e-04  fps   8821  4155.1s
it 14073/15000  reward     nan  ep_len    nan  fell    0  err_xy 0.146  std 0.267  lr 1.0e-04  fps   7698  4155.4s
it 14074/15000  reward     nan  ep_len    nan  fell    0  err_xy 0.113  std 0.267  lr 1.0e-04  fps   8054  4155.7s
it 14075/15000  reward     nan  ep_len    nan  fell    0  err_xy 0.085  std 0.267  lr 1.0e-04  fps   8477  4156.0s
it 14076/15000  reward     nan  ep_len    nan  fell    0  err_xy 0.075  std 0.267  lr 1.0e-04  fps   8393  4156.3s
it 14077/15000  reward     nan  ep_len    nan  fell    0  err_xy 0.063  std 0.267  lr 1.0e-04  fps   8475  4156.5s
it 14078/15000  reward     nan  ep_len    nan  fell    0  err_xy 0.050  std 0.267  lr 1.0e-04  fps   8507  4156.8s
it 14079/15000  reward     nan  ep_len    nan  fell    0  err_xy 0.047  std 0.267  lr 1.0e-04  fps   8474  4157.1s
it 14080/15000  reward     nan  ep_len    nan  fell    0  err_xy 0.039  std 0.267  lr 1.0e-04  fps   8417  4157.4s
it 14081/15000  reward     nan  ep_len    nan  fell    0  err_xy 0.042  std 0.267  lr 1.0e-04  fps   8555  4157.6s
it 14082/15000  reward     nan  ep_len    nan  fell    0  err_xy 0.041  std 0.267  lr 1.0e-04  fps   8608  4157.9s
it 14083/15000  reward     nan  ep_len    nan  fell    0  err_xy 0.031  std 0.267  lr 1.0e-04  fps   8636  4158.2s
it 14084/15000  reward   89.24  ep_len  400.0  fell    0  err_xy 0.187  std 0.267  lr 1.0e-04  fps   6845  4158.5s
it 14085/15000  reward     nan  ep_len    nan  fell    0  err_xy 0.276  std 0.267  lr 1.0e-04  fps   9733  4158.7s
it 14086/15000  reward     nan  ep_len    nan  fell    0  err_xy 0.212  std 0.267  lr 1.0e-04  fps   9647  4159.0s
it 14087/15000  reward     nan  ep_len    nan  fell    0  err_xy 0.171  std 0.267  lr 1.0e-04  fps   9298  4159.2s
it 14088/15000  reward     nan  ep_len    nan  fell    0  err_xy 0.163  std 0.267  lr 1.0e-04  fps   8959  4159.5s
it 14089/15000  reward     nan  ep_len    nan  fell    0  err_xy 0.134  std 0.267  lr 1.0e-04  fps   8740  4159.8s
it 14090/15000  reward     nan  ep_len    nan  fell    0  err_xy 0.112  std 0.267  lr 1.0e-04  fps   8600  4160.0s
it 14091/15000  reward     nan  ep_len    nan  fell    0  err_xy 0.090  std 0.267  lr 1.0e-04  fps   8403  4160.3s
it 14092/15000  reward     nan  ep_len    nan  fell    0  err_xy 0.072  std 0.267  lr 1.0e-04  fps   8418  4160.6s
it 14093/15000  reward     nan  ep_len    nan  fell    0  err_xy 0.075  std 0.267  lr 1.0e-04  fps   8528  4160.8s
it 14094/15000  reward     nan  ep_len    nan  fell    0  err_xy 0.065  std 0.267  lr 1.0e-04  fps   8493  4161.1s
it 14095/15000  reward     nan  ep_len    nan  fell    0  err_xy 0.052  std 0.267  lr 1.0e-04  fps   8392  4161.4s
it 14096/15000  reward     nan  ep_len    nan  fell    0  err_xy 0.038  std 0.267  lr 1.0e-04  fps   8387  4161.7s
it 14097/15000  reward     nan  ep_len    nan  fell    0  err_xy 0.028  std 0.266  lr 1.0e-04  fps   8301  4161.9s
it 14098/15000  reward     nan  ep_len    nan  fell    0  err_xy 0.020  std 0.266  lr 1.0e-04  fps   8297  4162.2s
it 14099/15000  reward     nan  ep_len    nan  fell    0  err_xy 0.017  std 0.266  lr 1.0e-04  fps   8255  4162.5s
it 14100/15000  reward   95.52  ep_len  400.0  fell    0  err_xy 0.017  std 0.266  lr 1.0e-04  fps   6773  4162.8s
it 14101/15000  reward     nan  ep_len    nan  fell    0  err_xy 0.291  std 0.266  lr 1.0e-04  fps   9784  4163.1s
it 14102/15000  reward     nan  ep_len    nan  fell    0  err_xy 0.263  std 0.266  lr 1.0e-04  fps   9737  4163.3s
it 14103/15000  reward     nan  ep_len    nan  fell    0  err_xy 0.213  std 0.266  lr 1.0e-04  fps   9669  4163.5s
it 14104/15000  reward     nan  ep_len    nan  fell    0  err_xy 0.206  std 0.266  lr 1.0e-04  fps   9340  4163.8s
it 14105/15000  reward     nan  ep_len    nan  fell    0  err_xy 0.194  std 0.266  lr 1.0e-04  fps   9093  4164.0s
it 14106/15000  reward     nan  ep_len    nan  fell    0  err_xy 0.147  std 0.266  lr 1.0e-04  fps   8824  4164.3s
it 14107/15000  reward     nan  ep_len    nan  fell    0  err_xy 0.121  std 0.266  lr 1.0e-04  fps   8592  4164.6s
it 14108/15000  reward     nan  ep_len    nan  fell    0  err_xy 0.115  std 0.266  lr 1.0e-04  fps   8547  4164.8s
it 14109/15000  reward     nan  ep_len    nan  fell    0  err_xy 0.096  std 0.266  lr 1.0e-04  fps   8431  4165.1s
it 14110/15000  reward     nan  ep_len    nan  fell    0  err_xy 0.076  std 0.266  lr 1.0e-04  fps   8523  4165.4s
it 14111/15000  reward     nan  ep_len    nan  fell    0  err_xy 0.055  std 0.266  lr 1.0e-04  fps   8437  4165.7s
it 14112/15000  reward     nan  ep_len    nan  fell    0  err_xy 0.056  std 0.266  lr 1.0e-04  fps   8517  4165.9s
it 14113/15000  reward     nan  ep_len    nan  fell    0  err_xy 0.041  std 0.267  lr 1.0e-04  fps   8380  4166.2s
it 14114/15000  reward     nan  ep_len    nan  fell    0  err_xy 0.041  std 0.267  lr 1.0e-04  fps   8407  4166.5s
it 14115/15000  reward     nan  ep_len    nan  fell    0  err_xy 0.027  std 0.267  lr 1.0e-04  fps   8312  4166.8s
it 14116/15000  reward     nan  ep_len    nan  fell    0  err_xy 0.024  std 0.267  lr 1.0e-04  fps   8456  4167.0s
it 14117/15000  reward   88.82  ep_len  400.0  fell    0  err_xy 0.083  std 0.267  lr 1.0e-04  fps   7049  4167.4s
it 14118/15000  reward     nan  ep_len    nan  fell    0  err_xy 0.319  std 0.267  lr 1.0e-04  fps   9784  4167.6s
it 14119/15000  reward     nan  ep_len    nan  fell    0  err_xy 0.266  std 0.267  lr 1.0e-04  fps   9476  4167.8s
it 14120/15000  reward     nan  ep_len    nan  fell    0  err_xy 0.189  std 0.267  lr 1.0e-04  fps   9134  4168.1s
it 14121/15000  reward     nan  ep_len    nan  fell    0  err_xy 0.204  std 0.267  lr 1.0e-04  fps   8950  4168.4s
it 14122/15000  reward     nan  ep_len    nan  fell    0  err_xy 0.162  std 0.267  lr 1.0e-04  fps   8781  4168.6s
it 14123/15000  reward     nan  ep_len    nan  fell    0  err_xy 0.120  std 0.267  lr 1.0e-04  fps   8718  4168.9s
it 14124/15000  reward     nan  ep_len    nan  fell    0  err_xy 0.095  std 0.267  lr 1.0e-04  fps   8326  4169.2s
it 14125/15000  reward     nan  ep_len    nan  fell    0  err_xy 0.081  std 0.267  lr 1.0e-04  fps   8165  4169.4s
it 14126/15000  reward     nan  ep_len    nan  fell    0  err_xy 0.057  std 0.267  lr 1.0e-04  fps   8117  4169.7s
it 14127/15000  reward     nan  ep_len    nan  fell    0  err_xy 0.051  std 0.267  lr 1.0e-04  fps   8130  4170.0s
it 14128/15000  reward     nan  ep_len    nan  fell    0  err_xy 0.044  std 0.267  lr 1.0e-04  fps   8094  4170.3s
it 14129/15000  reward     nan  ep_len    nan  fell    0  err_xy 0.044  std 0.267  lr 1.0e-04  fps   8318  4170.6s
it 14130/15000  reward     nan  ep_len    nan  fell    0  err_xy 0.033  std 0.267  lr 1.0e-04  fps   8462  4170.8s
it 14131/15000  reward     nan  ep_len    nan  fell    0  err_xy 0.034  std 0.267  lr 1.0e-04  fps   8345  4171.1s
it 14132/15000  reward     nan  ep_len    nan  fell    0  err_xy 0.031  std 0.267  lr 1.0e-04  fps   8347  4171.4s
it 14133/15000  reward     nan  ep_len    nan  fell    0  err_xy 0.025  std 0.267  lr 1.0e-04  fps   8491  4171.7s
it 14134/15000  reward   95.26  ep_len  400.0  fell    0  err_xy 0.201  std 0.267  lr 1.0e-04  fps   7215  4172.0s
it 14135/15000  reward     nan  ep_len    nan  fell    0  err_xy 0.298  std 0.267  lr 1.0e-04  fps   9656  4172.2s
it 14136/15000  reward     nan  ep_len    nan  fell    0  err_xy 0.238  std 0.267  lr 1.0e-04  fps   9467  4172.5s
it 14137/15000  reward     nan  ep_len    nan  fell    0  err_xy 0.220  std 0.267  lr 1.0e-04  fps   9062  4172.7s
it 14138/15000  reward     nan  ep_len    nan  fell    0  err_xy 0.182  std 0.267  lr 1.0e-04  fps   8676  4173.0s
it 14139/15000  reward     nan  ep_len    nan  fell    0  err_xy 0.136  std 0.267  lr 1.0e-04  fps   8584  4173.3s
it 14140/15000  reward     nan  ep_len    nan  fell    0  err_xy 0.083  std 0.267  lr 1.0e-04  fps   8345  4173.5s
it 14141/15000  reward     nan  ep_len    nan  fell    0  err_xy 0.068  std 0.267  lr 1.0e-04  fps   8258  4173.8s
it 14142/15000  reward     nan  ep_len    nan  fell    0  err_xy 0.052  std 0.267  lr 1.0e-04  fps   8454  4174.1s
it 14143/15000  reward     nan  ep_len    nan  fell    0  err_xy 0.051  std 0.267  lr 1.0e-04  fps   8443  4174.4s
it 14144/15000  reward     nan  ep_len    nan  fell    0  err_xy 0.054  std 0.267  lr 1.0e-04  fps   8404  4174.6s
it 14145/15000  reward     nan  ep_len    nan  fell    0  err_xy 0.055  std 0.267  lr 1.0e-04  fps   8386  4174.9s
it 14146/15000  reward     nan  ep_len    nan  fell    0  err_xy 0.035  std 0.267  lr 1.0e-04  fps   8302  4175.2s
it 14147/15000  reward     nan  ep_len    nan  fell    0  err_xy 0.029  std 0.266  lr 1.0e-04  fps   8330  4175.5s
it 14148/15000  reward     nan  ep_len    nan  fell    0  err_xy 0.020  std 0.266  lr 1.0e-04  fps   8360  4175.7s
it 14149/15000  reward     nan  ep_len    nan  fell    0  err_xy 0.017  std 0.266  lr 1.0e-04  fps   8061  4176.0s
it 14150/15000  reward   97.46  ep_len  400.0  fell    0  err_xy 0.016  std 0.266  lr 1.0e-04  fps   6766  4176.4s
it 14151/15000  reward     nan  ep_len    nan  fell    0  err_xy 0.282  std 0.266  lr 1.0e-04  fps   9895  4176.6s
it 14152/15000  reward     nan  ep_len    nan  fell    0  err_xy 0.281  std 0.266  lr 1.0e-04  fps   9734  4176.8s
it 14153/15000  reward     nan  ep_len    nan  fell    0  err_xy 0.231  std 0.266  lr 1.0e-04  fps   9567  4177.1s
it 14154/15000  reward     nan  ep_len    nan  fell    0  err_xy 0.215  std 0.266  lr 1.0e-04  fps   9050  4177.3s
it 14155/15000  reward     nan  ep_len    nan  fell    0  err_xy 0.169  std 0.266  lr 1.0e-04  fps   8875  4177.6s
it 14156/15000  reward     nan  ep_len    nan  fell    0  err_xy 0.152  std 0.266  lr 1.0e-04  fps   8388  4177.9s
it 14157/15000  reward     nan  ep_len    nan  fell    0  err_xy 0.127  std 0.266  lr 1.0e-04  fps   8540  4178.1s
it 14158/15000  reward     nan  ep_len    nan  fell    0  err_xy 0.118  std 0.266  lr 1.0e-04  fps   8528  4178.4s
it 14159/15000  reward     nan  ep_len    nan  fell    0  err_xy 0.098  std 0.266  lr 1.0e-04  fps   8484  4178.7s
it 14160/15000  reward     nan  ep_len    nan  fell    0  err_xy 0.077  std 0.266  lr 1.0e-04  fps   8493  4179.0s
it 14161/15000  reward     nan  ep_len    nan  fell    0  err_xy 0.075  std 0.266  lr 1.0e-04  fps   8444  4179.2s
it 14162/15000  reward     nan  ep_len    nan  fell    0  err_xy 0.051  std 0.266  lr 1.0e-04  fps   8425  4179.5s
it 14163/15000  reward     nan  ep_len    nan  fell    0  err_xy 0.046  std 0.266  lr 1.0e-04  fps   8171  4179.8s
it 14164/15000  reward     nan  ep_len    nan  fell    0  err_xy 0.037  std 0.266  lr 1.0e-04  fps   8461  4180.1s
it 14165/15000  reward     nan  ep_len    nan  fell    0  err_xy 0.040  std 0.266  lr 1.0e-04  fps   8403  4180.3s
it 14166/15000  reward     nan  ep_len    nan  fell    0  err_xy 0.038  std 0.266  lr 1.0e-04  fps   8417  4180.6s
it 14167/15000  reward   85.23  ep_len  400.0  fell    0  err_xy 0.096  std 0.266  lr 1.0e-04  fps   6907  4180.9s
it 14168/15000  reward     nan  ep_len    nan  fell    0  err_xy 0.322  std 0.266  lr 1.0e-04  fps   9706  4181.2s
it 14169/15000  reward     nan  ep_len    nan  fell    0  err_xy 0.251  std 0.266  lr 1.0e-04  fps   9813  4181.4s
it 14170/15000  reward     nan  ep_len    nan  fell    0  err_xy 0.212  std 0.266  lr 1.0e-04  fps   9572  4181.7s
it 14171/15000  reward     nan  ep_len    nan  fell    0  err_xy 0.208  std 0.266  lr 1.0e-04  fps   9213  4181.9s
it 14172/15000  reward     nan  ep_len    nan  fell    0  err_xy 0.159  std 0.266  lr 1.0e-04  fps   8993  4182.2s
it 14173/15000  reward     nan  ep_len    nan  fell    0  err_xy 0.144  std 0.266  lr 1.0e-04  fps   8853  4182.4s
it 14174/15000  reward     nan  ep_len    nan  fell    0  err_xy 0.111  std 0.266  lr 1.0e-04  fps   8700  4182.7s
it 14175/15000  reward     nan  ep_len    nan  fell    0  err_xy 0.107  std 0.266  lr 1.0e-04  fps   8645  4182.9s
it 14176/15000  reward     nan  ep_len    nan  fell    0  err_xy 0.076  std 0.266  lr 1.0e-04  fps   8518  4183.2s
it 14177/15000  reward     nan  ep_len    nan  fell    0  err_xy 0.058  std 0.266  lr 1.0e-04  fps   8485  4183.5s
it 14178/15000  reward     nan  ep_len    nan  fell    0  err_xy 0.062  std 0.266  lr 1.0e-04  fps   8388  4183.8s
it 14179/15000  reward     nan  ep_len    nan  fell    0  err_xy 0.050  std 0.266  lr 1.0e-04  fps   8429  4184.0s
it 14180/15000  reward     nan  ep_len    nan  fell    0  err_xy 0.053  std 0.266  lr 1.0e-04  fps   8371  4184.3s
it 14181/15000  reward     nan  ep_len    nan  fell    0  err_xy 0.050  std 0.266  lr 1.0e-04  fps   8446  4184.6s
it 14182/15000  reward     nan  ep_len    nan  fell    0  err_xy 0.035  std 0.266  lr 1.0e-04  fps   8428  4184.9s
it 14183/15000  reward     nan  ep_len    nan  fell    0  err_xy 0.031  std 0.266  lr 1.0e-04  fps   8509  4185.1s
it 14184/15000  reward   78.42  ep_len  400.0  fell    0  err_xy 0.202  std 0.266  lr 1.0e-04  fps   7473  4185.4s
it 14185/15000  reward     nan  ep_len    nan  fell    0  err_xy 0.276  std 0.267  lr 1.0e-04  fps   9905  4185.7s
it 14186/15000  reward     nan  ep_len    nan  fell    0  err_xy 0.248  std 0.267  lr 1.0e-04  fps   9645  4185.9s
it 14187/15000  reward     nan  ep_len    nan  fell    0  err_xy 0.207  std 0.267  lr 1.0e-04  fps   9200  4186.2s
it 14188/15000  reward     nan  ep_len    nan  fell    0  err_xy 0.159  std 0.267  lr 1.0e-04  fps   8844  4186.4s
it 14189/15000  reward     nan  ep_len    nan  fell    0  err_xy 0.136  std 0.267  lr 1.0e-04  fps   8718  4186.7s
it 14190/15000  reward     nan  ep_len    nan  fell    0  err_xy 0.108  std 0.267  lr 1.0e-04  fps   8688  4187.0s
it 14191/15000  reward     nan  ep_len    nan  fell    0  err_xy 0.098  std 0.267  lr 1.0e-04  fps   8492  4187.2s
it 14192/15000  reward     nan  ep_len    nan  fell    0  err_xy 0.082  std 0.267  lr 1.0e-04  fps   8473  4187.5s
it 14193/15000  reward     nan  ep_len    nan  fell    0  err_xy 0.059  std 0.267  lr 1.0e-04  fps   8414  4187.8s
it 14194/15000  reward     nan  ep_len    nan  fell    0  err_xy 0.050  std 0.267  lr 1.0e-04  fps   8416  4188.0s
it 14195/15000  reward     nan  ep_len    nan  fell    0  err_xy 0.044  std 0.267  lr 1.0e-04  fps   8413  4188.3s
it 14196/15000  reward     nan  ep_len    nan  fell    0  err_xy 0.042  std 0.267  lr 1.0e-04  fps   8396  4188.6s
it 14197/15000  reward     nan  ep_len    nan  fell    0  err_xy 0.041  std 0.267  lr 1.0e-04  fps   8428  4188.9s
it 14198/15000  reward     nan  ep_len    nan  fell    0  err_xy 0.036  std 0.267  lr 1.0e-04  fps   8494  4189.1s
it 14199/15000  reward     nan  ep_len    nan  fell    0  err_xy 0.028  std 0.267  lr 1.0e-04  fps   8445  4189.4s
it 14200/15000  reward   86.96  ep_len  400.0  fell    0  err_xy 0.032  std 0.267  lr 1.0e-04  fps   6927  4189.7s
eval iteration 14200:
  prone          success  75.0%  time 4.54s  peak_τ 0.93 Nm  return 29.51
  supine         success 100.0%  time 2.08s  peak_τ 0.92 Nm  return 35.14
  score 0.875
it 14201/15000  reward     nan  ep_len    nan  fell    0  err_xy 0.291  std 0.267  lr 1.0e-04  fps   9765  4191.4s
it 14202/15000  reward     nan  ep_len    nan  fell    0  err_xy 0.281  std 0.267  lr 1.0e-04  fps   9704  4191.6s
it 14203/15000  reward     nan  ep_len    nan  fell    0  err_xy 0.208  std 0.267  lr 1.0e-04  fps   9529  4191.9s
it 14204/15000  reward     nan  ep_len    nan  fell    0  err_xy 0.237  std 0.267  lr 1.0e-04  fps   9136  4192.1s
it 14205/15000  reward     nan  ep_len    nan  fell    0  err_xy 0.162  std 0.267  lr 1.0e-04  fps   8735  4192.4s
it 14206/15000  reward     nan  ep_len    nan  fell    0  err_xy 0.118  std 0.267  lr 1.0e-04  fps   8274  4192.7s
it 14207/15000  reward     nan  ep_len    nan  fell    0  err_xy 0.086  std 0.267  lr 1.0e-04  fps   8238  4193.0s
it 14208/15000  reward     nan  ep_len    nan  fell    0  err_xy 0.079  std 0.267  lr 1.0e-04  fps   8096  4193.3s
it 14209/15000  reward     nan  ep_len    nan  fell    0  err_xy 0.065  std 0.267  lr 1.0e-04  fps   8131  4193.5s
it 14210/15000  reward     nan  ep_len    nan  fell    0  err_xy 0.061  std 0.267  lr 1.0e-04  fps   8283  4193.8s
it 14211/15000  reward     nan  ep_len    nan  fell    0  err_xy 0.052  std 0.267  lr 1.0e-04  fps   8357  4194.1s
it 14212/15000  reward     nan  ep_len    nan  fell    0  err_xy 0.046  std 0.267  lr 1.0e-04  fps   8422  4194.4s
it 14213/15000  reward     nan  ep_len    nan  fell    0  err_xy 0.036  std 0.267  lr 1.0e-04  fps   8360  4194.6s
it 14214/15000  reward     nan  ep_len    nan  fell    0  err_xy 0.031  std 0.267  lr 1.0e-04  fps   8420  4194.9s
it 14215/15000  reward     nan  ep_len    nan  fell    0  err_xy 0.037  std 0.267  lr 1.0e-04  fps   8194  4195.2s
it 14216/15000  reward     nan  ep_len    nan  fell    0  err_xy 0.038  std 0.267  lr 1.0e-04  fps   8327  4195.5s
it 14217/15000  reward   91.66  ep_len  400.0  fell    0  err_xy 0.095  std 0.267  lr 1.0e-04  fps   6977  4195.8s
it 14218/15000  reward     nan  ep_len    nan  fell    0  err_xy 0.313  std 0.267  lr 1.0e-04  fps   9889  4196.0s
it 14219/15000  reward     nan  ep_len    nan  fell    0  err_xy 0.266  std 0.267  lr 1.0e-04  fps   9651  4196.3s
it 14220/15000  reward     nan  ep_len    nan  fell    0  err_xy 0.215  std 0.267  lr 1.0e-04  fps   9363  4196.5s
it 14221/15000  reward     nan  ep_len    nan  fell    0  err_xy 0.207  std 0.267  lr 1.0e-04  fps   8969  4196.8s
it 14222/15000  reward     nan  ep_len    nan  fell    0  err_xy 0.158  std 0.267  lr 1.0e-04  fps   8599  4197.0s
it 14223/15000  reward     nan  ep_len    nan  fell    0  err_xy 0.138  std 0.267  lr 1.0e-04  fps   8355  4197.3s
it 14224/15000  reward     nan  ep_len    nan  fell    0  err_xy 0.118  std 0.267  lr 1.0e-04  fps   8278  4197.6s
it 14225/15000  reward     nan  ep_len    nan  fell    0  err_xy 0.094  std 0.267  lr 1.0e-04  fps   8236  4197.9s
it 14226/15000  reward     nan  ep_len    nan  fell    0  err_xy 0.076  std 0.267  lr 1.0e-04  fps   8298  4198.2s
it 14227/15000  reward     nan  ep_len    nan  fell    0  err_xy 0.060  std 0.267  lr 1.0e-04  fps   8398  4198.4s
it 14228/15000  reward     nan  ep_len    nan  fell    0  err_xy 0.049  std 0.267  lr 1.0e-04  fps   8290  4198.7s
it 14229/15000  reward     nan  ep_len    nan  fell    0  err_xy 0.047  std 0.267  lr 1.0e-04  fps   8246  4199.0s
it 14230/15000  reward     nan  ep_len    nan  fell    0  err_xy 0.035  std 0.267  lr 1.0e-04  fps   8123  4199.3s
it 14231/15000  reward     nan  ep_len    nan  fell    0  err_xy 0.031  std 0.267  lr 1.0e-04  fps   8239  4199.6s
it 14232/15000  reward     nan  ep_len    nan  fell    0  err_xy 0.034  std 0.267  lr 1.0e-04  fps   8351  4199.8s
it 14233/15000  reward     nan  ep_len    nan  fell    0  err_xy 0.033  std 0.267  lr 1.0e-04  fps   8322  4200.1s
it 14234/15000  reward   90.31  ep_len  400.0  fell    0  err_xy 0.204  std 0.267  lr 1.0e-04  fps   7370  4200.4s
it 14235/15000  reward     nan  ep_len    nan  fell    0  err_xy 0.288  std 0.267  lr 1.0e-04  fps   9773  4200.7s
it 14236/15000  reward     nan  ep_len    nan  fell    0  err_xy 0.259  std 0.267  lr 1.0e-04  fps   9696  4200.9s
it 14237/15000  reward     nan  ep_len    nan  fell    0  err_xy 0.237  std 0.267  lr 1.0e-04  fps   9355  4201.1s
it 14238/15000  reward     nan  ep_len    nan  fell    0  err_xy 0.188  std 0.267  lr 1.0e-04  fps   9051  4201.4s
it 14239/15000  reward     nan  ep_len    nan  fell    0  err_xy 0.175  std 0.267  lr 1.0e-04  fps   8816  4201.7s
it 14240/15000  reward     nan  ep_len    nan  fell    0  err_xy 0.162  std 0.267  lr 1.0e-04  fps   8661  4201.9s
it 14241/15000  reward     nan  ep_len    nan  fell    0  err_xy 0.118  std 0.267  lr 1.0e-04  fps   8486  4202.2s
it 14242/15000  reward     nan  ep_len    nan  fell    0  err_xy 0.105  std 0.267  lr 1.0e-04  fps   8448  4202.5s
it 14243/15000  reward     nan  ep_len    nan  fell    0  err_xy 0.106  std 0.267  lr 1.0e-04  fps   8476  4202.7s
it 14244/15000  reward     nan  ep_len    nan  fell    0  err_xy 0.077  std 0.267  lr 1.0e-04  fps   8445  4203.0s
it 14245/15000  reward     nan  ep_len    nan  fell    0  err_xy 0.080  std 0.267  lr 1.0e-04  fps   8396  4203.3s
it 14246/15000  reward     nan  ep_len    nan  fell    0  err_xy 0.066  std 0.267  lr 1.0e-04  fps   8412  4203.6s
it 14247/15000  reward     nan  ep_len    nan  fell    0  err_xy 0.047  std 0.267  lr 1.0e-04  fps   8489  4203.8s
it 14248/15000  reward     nan  ep_len    nan  fell    0  err_xy 0.049  std 0.267  lr 1.0e-04  fps   8336  4204.1s
it 14249/15000  reward     nan  ep_len    nan  fell    0  err_xy 0.042  std 0.267  lr 1.0e-04  fps   8261  4204.4s
it 14250/15000  reward   84.59  ep_len  400.0  fell    0  err_xy 0.035  std 0.267  lr 1.0e-04  fps   6790  4204.7s
it 14251/15000  reward     nan  ep_len    nan  fell    0  err_xy 0.290  std 0.267  lr 1.0e-04  fps   9993  4205.0s
it 14252/15000  reward     nan  ep_len    nan  fell    0  err_xy 0.301  std 0.267  lr 1.0e-04  fps   9683  4205.2s
it 14253/15000  reward     nan  ep_len    nan  fell    0  err_xy 0.230  std 0.267  lr 1.0e-04  fps   9501  4205.4s
it 14254/15000  reward     nan  ep_len    nan  fell    0  err_xy 0.216  std 0.267  lr 1.0e-04  fps   9145  4205.7s
it 14255/15000  reward     nan  ep_len    nan  fell    0  err_xy 0.151  std 0.267  lr 1.0e-04  fps   8702  4206.0s
it 14256/15000  reward     nan  ep_len    nan  fell    0  err_xy 0.139  std 0.267  lr 1.0e-04  fps   8573  4206.2s
it 14257/15000  reward     nan  ep_len    nan  fell    0  err_xy 0.102  std 0.267  lr 1.0e-04  fps   8476  4206.5s
it 14258/15000  reward     nan  ep_len    nan  fell    0  err_xy 0.087  std 0.267  lr 1.0e-04  fps   8444  4206.8s
it 14259/15000  reward     nan  ep_len    nan  fell    0  err_xy 0.080  std 0.267  lr 1.0e-04  fps   8414  4207.0s
it 14260/15000  reward     nan  ep_len    nan  fell    0  err_xy 0.084  std 0.267  lr 1.0e-04  fps   8281  4207.3s
it 14261/15000  reward     nan  ep_len    nan  fell    0  err_xy 0.070  std 0.267  lr 1.0e-04  fps   8343  4207.6s
it 14262/15000  reward     nan  ep_len    nan  fell    0  err_xy 0.064  std 0.267  lr 1.0e-04  fps   8416  4207.9s
it 14263/15000  reward     nan  ep_len    nan  fell    0  err_xy 0.038  std 0.267  lr 1.0e-04  fps   8319  4208.2s
it 14264/15000  reward     nan  ep_len    nan  fell    0  err_xy 0.033  std 0.267  lr 1.0e-04  fps   8093  4208.4s
it 14265/15000  reward     nan  ep_len    nan  fell    0  err_xy 0.034  std 0.267  lr 1.0e-04  fps   8179  4208.7s
it 14266/15000  reward     nan  ep_len    nan  fell    0  err_xy 0.032  std 0.267  lr 1.0e-04  fps   8314  4209.0s
it 14267/15000  reward   93.31  ep_len  400.0  fell    0  err_xy 0.092  std 0.267  lr 1.0e-04  fps   7007  4209.3s
it 14268/15000  reward     nan  ep_len    nan  fell    0  err_xy 0.313  std 0.267  lr 1.0e-04  fps   9290  4209.6s
it 14269/15000  reward     nan  ep_len    nan  fell    0  err_xy 0.272  std 0.267  lr 1.0e-04  fps   9789  4209.8s
it 14270/15000  reward     nan  ep_len    nan  fell    0  err_xy 0.234  std 0.267  lr 1.0e-04  fps   9485  4210.1s
it 14271/15000  reward     nan  ep_len    nan  fell    0  err_xy 0.202  std 0.267  lr 1.0e-04  fps   8187  4210.3s
it 14272/15000  reward     nan  ep_len    nan  fell    0  err_xy 0.185  std 0.267  lr 1.0e-04  fps   8741  4210.6s
it 14273/15000  reward     nan  ep_len    nan  fell    0  err_xy 0.161  std 0.267  lr 1.0e-04  fps   8723  4210.9s
it 14274/15000  reward     nan  ep_len    nan  fell    0  err_xy 0.150  std 0.267  lr 1.0e-04  fps   8615  4211.1s
it 14275/15000  reward     nan  ep_len    nan  fell    0  err_xy 0.116  std 0.267  lr 1.0e-04  fps   8633  4211.4s
it 14276/15000  reward     nan  ep_len    nan  fell    0  err_xy 0.099  std 0.267  lr 1.0e-04  fps   8595  4211.7s
it 14277/15000  reward     nan  ep_len    nan  fell    0  err_xy 0.082  std 0.267  lr 1.0e-04  fps   8495  4211.9s
it 14278/15000  reward     nan  ep_len    nan  fell    0  err_xy 0.067  std 0.267  lr 1.0e-04  fps   8317  4212.2s
it 14279/15000  reward     nan  ep_len    nan  fell    0  err_xy 0.053  std 0.267  lr 1.0e-04  fps   8400  4212.5s
it 14280/15000  reward     nan  ep_len    nan  fell    0  err_xy 0.048  std 0.267  lr 1.0e-04  fps   8346  4212.8s
it 14281/15000  reward     nan  ep_len    nan  fell    0  err_xy 0.043  std 0.267  lr 1.0e-04  fps   8402  4213.0s
it 14282/15000  reward     nan  ep_len    nan  fell    0  err_xy 0.046  std 0.267  lr 1.0e-04  fps   8282  4213.3s
it 14283/15000  reward     nan  ep_len    nan  fell    0  err_xy 0.027  std 0.267  lr 1.0e-04  fps   8368  4213.6s
it 14284/15000  reward   79.87  ep_len  400.0  fell    0  err_xy 0.183  std 0.267  lr 1.0e-04  fps   7217  4213.9s
it 14285/15000  reward     nan  ep_len    nan  fell    0  err_xy 0.293  std 0.267  lr 1.0e-04  fps   9745  4214.2s
it 14286/15000  reward     nan  ep_len    nan  fell    0  err_xy 0.221  std 0.267  lr 1.0e-04  fps   9624  4214.4s
it 14287/15000  reward     nan  ep_len    nan  fell    0  err_xy 0.231  std 0.267  lr 1.0e-04  fps   9199  4214.6s
it 14288/15000  reward     nan  ep_len    nan  fell    0  err_xy 0.197  std 0.267  lr 1.0e-04  fps   8814  4214.9s
it 14289/15000  reward     nan  ep_len    nan  fell    0  err_xy 0.164  std 0.267  lr 1.0e-04  fps   8690  4215.2s
it 14290/15000  reward     nan  ep_len    nan  fell    0  err_xy 0.134  std 0.267  lr 1.0e-04  fps   8581  4215.4s
it 14291/15000  reward     nan  ep_len    nan  fell    0  err_xy 0.103  std 0.267  lr 1.0e-04  fps   8589  4215.7s
it 14292/15000  reward     nan  ep_len    nan  fell    0  err_xy 0.085  std 0.267  lr 1.0e-04  fps   8466  4216.0s
it 14293/15000  reward     nan  ep_len    nan  fell    0  err_xy 0.075  std 0.267  lr 1.0e-04  fps   8328  4216.3s
it 14294/15000  reward     nan  ep_len    nan  fell    0  err_xy 0.058  std 0.267  lr 1.0e-04  fps   8392  4216.5s
it 14295/15000  reward     nan  ep_len    nan  fell    0  err_xy 0.056  std 0.267  lr 1.0e-04  fps   8403  4216.8s
it 14296/15000  reward     nan  ep_len    nan  fell    0  err_xy 0.044  std 0.267  lr 1.0e-04  fps   8317  4217.1s
it 14297/15000  reward     nan  ep_len    nan  fell    0  err_xy 0.031  std 0.267  lr 1.0e-04  fps   8301  4217.4s
it 14298/15000  reward     nan  ep_len    nan  fell    0  err_xy 0.028  std 0.267  lr 1.0e-04  fps   7815  4217.7s
it 14299/15000  reward     nan  ep_len    nan  fell    0  err_xy 0.023  std 0.267  lr 1.0e-04  fps   8218  4217.9s
it 14300/15000  reward   85.04  ep_len  400.0  fell    0  err_xy 0.018  std 0.267  lr 1.0e-04  fps   6511  4218.3s
it 14301/15000  reward     nan  ep_len    nan  fell    0  err_xy 0.297  std 0.267  lr 1.0e-04  fps   9774  4218.5s
it 14302/15000  reward     nan  ep_len    nan  fell    0  err_xy 0.269  std 0.267  lr 1.0e-04  fps   9518  4218.8s
it 14303/15000  reward     nan  ep_len    nan  fell    0  err_xy 0.230  std 0.267  lr 1.0e-04  fps   9524  4219.0s
it 14304/15000  reward     nan  ep_len    nan  fell    0  err_xy 0.230  std 0.267  lr 1.0e-04  fps   9161  4219.3s
it 14305/15000  reward     nan  ep_len    nan  fell    0  err_xy 0.173  std 0.267  lr 1.0e-04  fps   9010  4219.5s
it 14306/15000  reward     nan  ep_len    nan  fell    0  err_xy 0.131  std 0.267  lr 1.0e-04  fps   8781  4219.8s
it 14307/15000  reward     nan  ep_len    nan  fell    0  err_xy 0.116  std 0.267  lr 1.0e-04  fps   8681  4220.1s
it 14308/15000  reward     nan  ep_len    nan  fell    0  err_xy 0.097  std 0.267  lr 1.0e-04  fps   8529  4220.3s
it 14309/15000  reward     nan  ep_len    nan  fell    0  err_xy 0.077  std 0.267  lr 1.0e-04  fps   8540  4220.6s
it 14310/15000  reward     nan  ep_len    nan  fell    0  err_xy 0.070  std 0.267  lr 1.0e-04  fps   8536  4220.9s
it 14311/15000  reward     nan  ep_len    nan  fell    0  err_xy 0.066  std 0.267  lr 1.0e-04  fps   8434  4221.1s
it 14312/15000  reward     nan  ep_len    nan  fell    0  err_xy 0.065  std 0.267  lr 1.0e-04  fps   8379  4221.4s
it 14313/15000  reward     nan  ep_len    nan  fell    0  err_xy 0.043  std 0.267  lr 1.0e-04  fps   8387  4221.7s
it 14314/15000  reward     nan  ep_len    nan  fell    0  err_xy 0.033  std 0.267  lr 1.0e-04  fps   8267  4222.0s
it 14315/15000  reward     nan  ep_len    nan  fell    0  err_xy 0.025  std 0.267  lr 1.0e-04  fps   8158  4222.2s
it 14316/15000  reward     nan  ep_len    nan  fell    0  err_xy 0.026  std 0.267  lr 1.0e-04  fps   8314  4222.5s
it 14317/15000  reward   83.61  ep_len  400.0  fell    0  err_xy 0.093  std 0.267  lr 1.0e-04  fps   6549  4222.9s
it 14318/15000  reward     nan  ep_len    nan  fell    0  err_xy 0.310  std 0.267  lr 1.0e-04  fps   9692  4223.1s
it 14319/15000  reward     nan  ep_len    nan  fell    0  err_xy 0.255  std 0.267  lr 1.0e-04  fps   9609  4223.4s
it 14320/15000  reward     nan  ep_len    nan  fell    0  err_xy 0.205  std 0.267  lr 1.0e-04  fps   9267  4223.6s
it 14321/15000  reward     nan  ep_len    nan  fell    0  err_xy 0.161  std 0.267  lr 1.0e-04  fps   8903  4223.9s
it 14322/15000  reward     nan  ep_len    nan  fell    0  err_xy 0.169  std 0.267  lr 1.0e-04  fps   8838  4224.1s
it 14323/15000  reward     nan  ep_len    nan  fell    0  err_xy 0.136  std 0.267  lr 1.0e-04  fps   8594  4224.4s
it 14324/15000  reward     nan  ep_len    nan  fell    0  err_xy 0.110  std 0.267  lr 1.0e-04  fps   8443  4224.7s
it 14325/15000  reward     nan  ep_len    nan  fell    0  err_xy 0.091  std 0.267  lr 1.0e-04  fps   8431  4224.9s
it 14326/15000  reward     nan  ep_len    nan  fell    0  err_xy 0.070  std 0.267  lr 1.0e-04  fps   8345  4225.2s
it 14327/15000  reward     nan  ep_len    nan  fell    0  err_xy 0.059  std 0.267  lr 1.0e-04  fps   8200  4225.5s
it 14328/15000  reward     nan  ep_len    nan  fell    0  err_xy 0.046  std 0.267  lr 1.0e-04  fps   7981  4225.8s
it 14329/15000  reward     nan  ep_len    nan  fell    0  err_xy 0.037  std 0.267  lr 1.0e-04  fps   8160  4226.1s
it 14330/15000  reward     nan  ep_len    nan  fell    0  err_xy 0.035  std 0.267  lr 1.0e-04  fps   8201  4226.4s
it 14331/15000  reward     nan  ep_len    nan  fell    0  err_xy 0.037  std 0.267  lr 1.0e-04  fps   8173  4226.6s
it 14332/15000  reward     nan  ep_len    nan  fell    0  err_xy 0.026  std 0.267  lr 1.0e-04  fps   8269  4226.9s
it 14333/15000  reward     nan  ep_len    nan  fell    0  err_xy 0.022  std 0.266  lr 1.0e-04  fps   8182  4227.2s
it 14334/15000  reward   90.56  ep_len  400.0  fell    0  err_xy 0.193  std 0.267  lr 1.0e-04  fps   7185  4227.5s
it 14335/15000  reward     nan  ep_len    nan  fell    0  err_xy 0.278  std 0.267  lr 1.0e-04  fps   9741  4227.8s
it 14336/15000  reward     nan  ep_len    nan  fell    0  err_xy 0.231  std 0.267  lr 1.0e-04  fps   9529  4228.0s
it 14337/15000  reward     nan  ep_len    nan  fell    0  err_xy 0.197  std 0.267  lr 1.0e-04  fps   8941  4228.3s
it 14338/15000  reward     nan  ep_len    nan  fell    0  err_xy 0.156  std 0.267  lr 1.0e-04  fps   8752  4228.5s
it 14339/15000  reward     nan  ep_len    nan  fell    0  err_xy 0.144  std 0.267  lr 1.0e-04  fps   8644  4228.8s
it 14340/15000  reward     nan  ep_len    nan  fell    0  err_xy 0.113  std 0.267  lr 1.0e-04  fps   8579  4229.1s
it 14341/15000  reward     nan  ep_len    nan  fell    0  err_xy 0.099  std 0.267  lr 1.0e-04  fps   8523  4229.3s
it 14342/15000  reward     nan  ep_len    nan  fell    0  err_xy 0.069  std 0.267  lr 1.0e-04  fps   8439  4229.6s
it 14343/15000  reward     nan  ep_len    nan  fell    0  err_xy 0.051  std 0.267  lr 1.0e-04  fps   8403  4229.9s
it 14344/15000  reward     nan  ep_len    nan  fell    0  err_xy 0.056  std 0.267  lr 1.0e-04  fps   8464  4230.1s
it 14345/15000  reward     nan  ep_len    nan  fell    0  err_xy 0.046  std 0.267  lr 1.0e-04  fps   8330  4230.4s
it 14346/15000  reward     nan  ep_len    nan  fell    0  err_xy 0.041  std 0.267  lr 1.0e-04  fps   8358  4230.7s
it 14347/15000  reward     nan  ep_len    nan  fell    0  err_xy 0.031  std 0.267  lr 1.0e-04  fps   8364  4231.0s
it 14348/15000  reward     nan  ep_len    nan  fell    0  err_xy 0.027  std 0.267  lr 1.0e-04  fps   8307  4231.2s
it 14349/15000  reward     nan  ep_len    nan  fell    0  err_xy 0.029  std 0.267  lr 1.0e-04  fps   8355  4231.5s
it 14350/15000  reward   91.11  ep_len  400.0  fell    0  err_xy 0.025  std 0.267  lr 1.0e-04  fps   6707  4231.9s
it 14351/15000  reward     nan  ep_len    nan  fell    0  err_xy 0.266  std 0.267  lr 1.0e-04  fps   9813  4232.1s
it 14352/15000  reward     nan  ep_len    nan  fell    0  err_xy 0.258  std 0.267  lr 1.0e-04  fps   9745  4232.3s
it 14353/15000  reward     nan  ep_len    nan  fell    0  err_xy 0.189  std 0.267  lr 1.0e-04  fps   9602  4232.6s
it 14354/15000  reward     nan  ep_len    nan  fell    0  err_xy 0.203  std 0.267  lr 1.0e-04  fps   9305  4232.8s
it 14355/15000  reward     nan  ep_len    nan  fell    0  err_xy 0.197  std 0.267  lr 1.0e-04  fps   9278  4233.1s
it 14356/15000  reward     nan  ep_len    nan  fell    0  err_xy 0.156  std 0.267  lr 1.0e-04  fps   8941  4233.3s
it 14357/15000  reward     nan  ep_len    nan  fell    0  err_xy 0.145  std 0.267  lr 1.0e-04  fps   8859  4233.6s
it 14358/15000  reward     nan  ep_len    nan  fell    0  err_xy 0.116  std 0.267  lr 1.0e-04  fps   8748  4233.9s
it 14359/15000  reward     nan  ep_len    nan  fell    0  err_xy 0.097  std 0.267  lr 1.0e-04  fps   8578  4234.1s
it 14360/15000  reward     nan  ep_len    nan  fell    0  err_xy 0.067  std 0.267  lr 1.0e-04  fps   8500  4234.4s
it 14361/15000  reward     nan  ep_len    nan  fell    0  err_xy 0.063  std 0.267  lr 1.0e-04  fps   8585  4234.7s
it 14362/15000  reward     nan  ep_len    nan  fell    0  err_xy 0.061  std 0.267  lr 1.0e-04  fps   8572  4234.9s
it 14363/15000  reward     nan  ep_len    nan  fell    0  err_xy 0.058  std 0.267  lr 1.0e-04  fps   8447  4235.2s
it 14364/15000  reward     nan  ep_len    nan  fell    0  err_xy 0.056  std 0.267  lr 1.0e-04  fps   8513  4235.5s
it 14365/15000  reward     nan  ep_len    nan  fell    0  err_xy 0.045  std 0.267  lr 1.0e-04  fps   8431  4235.8s
it 14366/15000  reward     nan  ep_len    nan  fell    0  err_xy 0.031  std 0.267  lr 1.0e-04  fps   8414  4236.0s
it 14367/15000  reward   79.05  ep_len  400.0  fell    0  err_xy 0.092  std 0.267  lr 1.0e-04  fps   6837  4236.4s
it 14368/15000  reward     nan  ep_len    nan  fell    0  err_xy 0.292  std 0.267  lr 1.0e-04  fps   9790  4236.6s
it 14369/15000  reward     nan  ep_len    nan  fell    0  err_xy 0.256  std 0.267  lr 1.0e-04  fps   9743  4236.8s
it 14370/15000  reward     nan  ep_len    nan  fell    0  err_xy 0.194  std 0.267  lr 1.0e-04  fps   9426  4237.1s
it 14371/15000  reward     nan  ep_len    nan  fell    0  err_xy 0.182  std 0.267  lr 1.0e-04  fps   9112  4237.3s
it 14372/15000  reward     nan  ep_len    nan  fell    0  err_xy 0.131  std 0.267  lr 1.0e-04  fps   8813  4237.6s
it 14373/15000  reward     nan  ep_len    nan  fell    0  err_xy 0.100  std 0.267  lr 1.0e-04  fps   8668  4237.9s
it 14374/15000  reward     nan  ep_len    nan  fell    0  err_xy 0.090  std 0.267  lr 1.0e-04  fps   8387  4238.1s
it 14375/15000  reward     nan  ep_len    nan  fell    0  err_xy 0.060  std 0.267  lr 1.0e-04  fps   8420  4238.4s
it 14376/15000  reward     nan  ep_len    nan  fell    0  err_xy 0.045  std 0.267  lr 1.0e-04  fps   8479  4238.7s
it 14377/15000  reward     nan  ep_len    nan  fell    0  err_xy 0.042  std 0.267  lr 1.0e-04  fps   8366  4239.0s
it 14378/15000  reward     nan  ep_len    nan  fell    0  err_xy 0.040  std 0.267  lr 1.0e-04  fps   8315  4239.2s
it 14379/15000  reward     nan  ep_len    nan  fell    0  err_xy 0.030  std 0.267  lr 1.0e-04  fps   8292  4239.5s
it 14380/15000  reward     nan  ep_len    nan  fell    0  err_xy 0.030  std 0.267  lr 1.0e-04  fps   8090  4239.8s
it 14381/15000  reward     nan  ep_len    nan  fell    0  err_xy 0.031  std 0.267  lr 1.0e-04  fps   8299  4240.1s
it 14382/15000  reward     nan  ep_len    nan  fell    0  err_xy 0.025  std 0.267  lr 1.0e-04  fps   8236  4240.4s
it 14383/15000  reward     nan  ep_len    nan  fell    0  err_xy 0.025  std 0.267  lr 1.0e-04  fps   8230  4240.6s
it 14384/15000  reward   93.91  ep_len  400.0  fell    0  err_xy 0.175  std 0.267  lr 1.0e-04  fps   7345  4241.0s
it 14385/15000  reward     nan  ep_len    nan  fell    0  err_xy 0.269  std 0.267  lr 1.0e-04  fps   9773  4241.2s
it 14386/15000  reward     nan  ep_len    nan  fell    0  err_xy 0.223  std 0.267  lr 1.0e-04  fps   9690  4241.4s
it 14387/15000  reward     nan  ep_len    nan  fell    0  err_xy 0.205  std 0.267  lr 1.0e-04  fps   9493  4241.7s
it 14388/15000  reward     nan  ep_len    nan  fell    0  err_xy 0.190  std 0.267  lr 1.0e-04  fps   9168  4241.9s
it 14389/15000  reward     nan  ep_len    nan  fell    0  err_xy 0.167  std 0.267  lr 1.0e-04  fps   8816  4242.2s
it 14390/15000  reward     nan  ep_len    nan  fell    0  err_xy 0.134  std 0.267  lr 1.0e-04  fps   8676  4242.5s
it 14391/15000  reward     nan  ep_len    nan  fell    0  err_xy 0.114  std 0.267  lr 1.0e-04  fps   8354  4242.7s
it 14392/15000  reward     nan  ep_len    nan  fell    0  err_xy 0.088  std 0.267  lr 1.0e-04  fps   8414  4243.0s
it 14393/15000  reward     nan  ep_len    nan  fell    0  err_xy 0.085  std 0.267  lr 1.0e-04  fps   8274  4243.3s
it 14394/15000  reward     nan  ep_len    nan  fell    0  err_xy 0.067  std 0.267  lr 1.0e-04  fps   8229  4243.6s
it 14395/15000  reward     nan  ep_len    nan  fell    0  err_xy 0.054  std 0.267  lr 1.0e-04  fps   8228  4243.8s
it 14396/15000  reward     nan  ep_len    nan  fell    0  err_xy 0.038  std 0.267  lr 1.0e-04  fps   7475  4244.1s
it 14397/15000  reward     nan  ep_len    nan  fell    0  err_xy 0.041  std 0.267  lr 1.0e-04  fps   8121  4244.4s
it 14398/15000  reward     nan  ep_len    nan  fell    0  err_xy 0.036  std 0.267  lr 1.0e-04  fps   8280  4244.7s
it 14399/15000  reward     nan  ep_len    nan  fell    0  err_xy 0.030  std 0.267  lr 1.0e-04  fps   8291  4245.0s
it 14400/15000  reward   85.61  ep_len  400.0  fell    0  err_xy 0.029  std 0.267  lr 1.0e-04  fps   6656  4245.3s
eval iteration 14400:
  prone          success  50.0%  time 5.41s  peak_τ 0.95 Nm  return 17.75
  supine         success 100.0%  time 2.48s  peak_τ 0.95 Nm  return 39.71
  score 0.750
it 14401/15000  reward     nan  ep_len    nan  fell    0  err_xy 0.264  std 0.267  lr 1.0e-04  fps   9471  4247.1s
it 14402/15000  reward     nan  ep_len    nan  fell    0  err_xy 0.245  std 0.267  lr 1.0e-04  fps   9683  4247.3s
it 14403/15000  reward     nan  ep_len    nan  fell    0  err_xy 0.202  std 0.267  lr 1.0e-04  fps   9688  4247.6s
it 14404/15000  reward     nan  ep_len    nan  fell    0  err_xy 0.199  std 0.267  lr 1.0e-04  fps   9368  4247.8s
it 14405/15000  reward     nan  ep_len    nan  fell    0  err_xy 0.200  std 0.267  lr 1.0e-04  fps   9211  4248.1s
it 14406/15000  reward     nan  ep_len    nan  fell    0  err_xy 0.192  std 0.267  lr 1.0e-04  fps   9031  4248.3s
it 14407/15000  reward     nan  ep_len    nan  fell    0  err_xy 0.166  std 0.267  lr 1.0e-04  fps   8812  4248.6s
it 14408/15000  reward     nan  ep_len    nan  fell    0  err_xy 0.126  std 0.267  lr 1.0e-04  fps   8646  4248.8s
it 14409/15000  reward     nan  ep_len    nan  fell    0  err_xy 0.089  std 0.267  lr 1.0e-04  fps   8498  4249.1s
it 14410/15000  reward     nan  ep_len    nan  fell    0  err_xy 0.065  std 0.267  lr 1.0e-04  fps   8412  4249.4s
it 14411/15000  reward     nan  ep_len    nan  fell    0  err_xy 0.069  std 0.267  lr 1.0e-04  fps   8310  4249.7s
it 14412/15000  reward     nan  ep_len    nan  fell    0  err_xy 0.054  std 0.267  lr 1.0e-04  fps   8350  4249.9s
it 14413/15000  reward     nan  ep_len    nan  fell    0  err_xy 0.041  std 0.267  lr 1.0e-04  fps   8184  4250.2s
it 14414/15000  reward     nan  ep_len    nan  fell    0  err_xy 0.035  std 0.267  lr 1.0e-04  fps   8193  4250.5s
it 14415/15000  reward     nan  ep_len    nan  fell    0  err_xy 0.034  std 0.267  lr 1.0e-04  fps   7815  4250.8s
it 14416/15000  reward     nan  ep_len    nan  fell    0  err_xy 0.038  std 0.267  lr 1.0e-04  fps   7807  4251.1s
it 14417/15000  reward   80.39  ep_len  400.0  fell    0  err_xy 0.088  std 0.267  lr 1.0e-04  fps   6611  4251.4s
it 14418/15000  reward     nan  ep_len    nan  fell    0  err_xy 0.286  std 0.267  lr 1.0e-04  fps   9896  4251.7s
it 14419/15000  reward     nan  ep_len    nan  fell    0  err_xy 0.244  std 0.267  lr 1.0e-04  fps   9861  4251.9s
it 14420/15000  reward     nan  ep_len    nan  fell    0  err_xy 0.178  std 0.267  lr 1.0e-04  fps   9377  4252.2s
it 14421/15000  reward     nan  ep_len    nan  fell    0  err_xy 0.174  std 0.267  lr 1.0e-04  fps   9317  4252.4s
it 14422/15000  reward     nan  ep_len    nan  fell    0  err_xy 0.149  std 0.267  lr 1.0e-04  fps   8882  4252.7s
it 14423/15000  reward     nan  ep_len    nan  fell    0  err_xy 0.126  std 0.267  lr 1.0e-04  fps   8602  4252.9s
it 14424/15000  reward     nan  ep_len    nan  fell    0  err_xy 0.115  std 0.267  lr 1.0e-04  fps   8412  4253.2s
it 14425/15000  reward     nan  ep_len    nan  fell    0  err_xy 0.085  std 0.267  lr 1.0e-04  fps   8322  4253.5s
it 14426/15000  reward     nan  ep_len    nan  fell    0  err_xy 0.069  std 0.267  lr 1.0e-04  fps   8433  4253.8s
it 14427/15000  reward     nan  ep_len    nan  fell    0  err_xy 0.069  std 0.267  lr 1.0e-04  fps   8324  4254.0s
it 14428/15000  reward     nan  ep_len    nan  fell    0  err_xy 0.053  std 0.267  lr 1.0e-04  fps   8208  4254.3s
it 14429/15000  reward     nan  ep_len    nan  fell    0  err_xy 0.040  std 0.267  lr 1.0e-04  fps   8319  4254.6s
it 14430/15000  reward     nan  ep_len    nan  fell    0  err_xy 0.033  std 0.267  lr 1.0e-04  fps   8288  4254.9s
it 14431/15000  reward     nan  ep_len    nan  fell    0  err_xy 0.029  std 0.267  lr 1.0e-04  fps   8210  4255.2s
it 14432/15000  reward     nan  ep_len    nan  fell    0  err_xy 0.031  std 0.267  lr 1.0e-04  fps   8202  4255.4s
it 14433/15000  reward     nan  ep_len    nan  fell    0  err_xy 0.019  std 0.266  lr 1.0e-04  fps   8248  4255.7s
it 14434/15000  reward   90.97  ep_len  400.0  fell    0  err_xy 0.184  std 0.266  lr 1.0e-04  fps   7379  4256.0s
it 14435/15000  reward     nan  ep_len    nan  fell    0  err_xy 0.267  std 0.266  lr 1.0e-04  fps   9824  4256.3s
it 14436/15000  reward     nan  ep_len    nan  fell    0  err_xy 0.217  std 0.266  lr 1.0e-04  fps   9795  4256.5s
it 14437/15000  reward     nan  ep_len    nan  fell    0  err_xy 0.214  std 0.266  lr 1.0e-04  fps   9387  4256.7s
it 14438/15000  reward     nan  ep_len    nan  fell    0  err_xy 0.209  std 0.266  lr 1.0e-04  fps   8984  4257.0s
it 14439/15000  reward     nan  ep_len    nan  fell    0  err_xy 0.162  std 0.266  lr 1.0e-04  fps   8657  4257.3s
it 14440/15000  reward     nan  ep_len    nan  fell    0  err_xy 0.136  std 0.266  lr 1.0e-04  fps   8705  4257.5s
it 14441/15000  reward     nan  ep_len    nan  fell    0  err_xy 0.128  std 0.266  lr 1.0e-04  fps   8550  4257.8s
it 14442/15000  reward     nan  ep_len    nan  fell    0  err_xy 0.087  std 0.266  lr 1.0e-04  fps   8366  4258.1s
it 14443/15000  reward     nan  ep_len    nan  fell    0  err_xy 0.065  std 0.266  lr 1.0e-04  fps   8247  4258.4s
it 14444/15000  reward     nan  ep_len    nan  fell    0  err_xy 0.044  std 0.266  lr 1.0e-04  fps   8016  4258.6s
it 14445/15000  reward     nan  ep_len    nan  fell    0  err_xy 0.041  std 0.267  lr 1.0e-04  fps   8162  4258.9s
it 14446/15000  reward     nan  ep_len    nan  fell    0  err_xy 0.038  std 0.267  lr 1.0e-04  fps   8158  4259.2s
it 14447/15000  reward     nan  ep_len    nan  fell    0  err_xy 0.029  std 0.267  lr 1.0e-04  fps   8171  4259.5s
it 14448/15000  reward     nan  ep_len    nan  fell    0  err_xy 0.028  std 0.267  lr 1.0e-04  fps   8240  4259.8s
it 14449/15000  reward     nan  ep_len    nan  fell    0  err_xy 0.031  std 0.267  lr 1.0e-04  fps   8225  4260.1s
it 14450/15000  reward   87.13  ep_len  400.0  fell    0  err_xy 0.029  std 0.266  lr 1.0e-04  fps   6638  4260.4s
it 14451/15000  reward     nan  ep_len    nan  fell    0  err_xy 0.257  std 0.266  lr 1.0e-04  fps   9820  4260.6s
it 14452/15000  reward     nan  ep_len    nan  fell    0  err_xy 0.248  std 0.266  lr 1.0e-04  fps   9645  4260.9s
it 14453/15000  reward     nan  ep_len    nan  fell    0  err_xy 0.192  std 0.266  lr 1.0e-04  fps   9536  4261.1s
it 14454/15000  reward     nan  ep_len    nan  fell    0  err_xy 0.200  std 0.266  lr 1.0e-04  fps   9244  4261.4s
it 14455/15000  reward     nan  ep_len    nan  fell    0  err_xy 0.202  std 0.267  lr 1.0e-04  fps   9012  4261.6s
it 14456/15000  reward     nan  ep_len    nan  fell    0  err_xy 0.155  std 0.266  lr 1.0e-04  fps   8779  4261.9s
it 14457/15000  reward     nan  ep_len    nan  fell    0  err_xy 0.111  std 0.267  lr 1.0e-04  fps   8503  4262.2s
it 14458/15000  reward     nan  ep_len    nan  fell    0  err_xy 0.066  std 0.267  lr 1.0e-04  fps   8282  4262.4s
it 14459/15000  reward     nan  ep_len    nan  fell    0  err_xy 0.055  std 0.267  lr 1.0e-04  fps   8160  4262.7s
it 14460/15000  reward     nan  ep_len    nan  fell    0  err_xy 0.051  std 0.267  lr 1.0e-04  fps   8259  4263.0s
it 14461/15000  reward     nan  ep_len    nan  fell    0  err_xy 0.048  std 0.267  lr 1.0e-04  fps   6900  4263.3s
it 14462/15000  reward     nan  ep_len    nan  fell    0  err_xy 0.036  std 0.267  lr 1.0e-04  fps   7801  4263.6s
it 14463/15000  reward     nan  ep_len    nan  fell    0  err_xy 0.030  std 0.267  lr 1.0e-04  fps   7683  4263.9s
it 14464/15000  reward     nan  ep_len    nan  fell    0  err_xy 0.024  std 0.266  lr 1.0e-04  fps   8355  4264.2s
it 14465/15000  reward     nan  ep_len    nan  fell    0  err_xy 0.020  std 0.266  lr 1.0e-04  fps   8360  4264.5s
it 14466/15000  reward     nan  ep_len    nan  fell    0  err_xy 0.021  std 0.267  lr 1.0e-04  fps   8465  4264.7s
it 14467/15000  reward   94.60  ep_len  400.0  fell    0  err_xy 0.087  std 0.267  lr 1.0e-04  fps   7216  4265.1s
it 14468/15000  reward     nan  ep_len    nan  fell    0  err_xy 0.299  std 0.267  lr 1.0e-04  fps  10091  4265.3s
it 14469/15000  reward     nan  ep_len    nan  fell    0  err_xy 0.257  std 0.267  lr 1.0e-04  fps   9964  4265.5s
it 14470/15000  reward     nan  ep_len    nan  fell    0  err_xy 0.183  std 0.267  lr 1.0e-04  fps   9642  4265.8s
it 14471/15000  reward     nan  ep_len    nan  fell    0  err_xy 0.174  std 0.267  lr 1.0e-04  fps   9289  4266.0s
it 14472/15000  reward     nan  ep_len    nan  fell    0  err_xy 0.144  std 0.267  lr 1.0e-04  fps   8926  4266.3s
it 14473/15000  reward     nan  ep_len    nan  fell    0  err_xy 0.123  std 0.267  lr 1.0e-04  fps   8744  4266.5s
it 14474/15000  reward     nan  ep_len    nan  fell    0  err_xy 0.087  std 0.267  lr 1.0e-04  fps   8529  4266.8s
it 14475/15000  reward     nan  ep_len    nan  fell    0  err_xy 0.080  std 0.267  lr 1.0e-04  fps   8508  4267.1s
it 14476/15000  reward     nan  ep_len    nan  fell    0  err_xy 0.060  std 0.267  lr 1.0e-04  fps   7802  4267.4s
it 14477/15000  reward     nan  ep_len    nan  fell    0  err_xy 0.043  std 0.267  lr 1.0e-04  fps   7446  4267.7s
it 14478/15000  reward     nan  ep_len    nan  fell    0  err_xy 0.033  std 0.267  lr 1.0e-04  fps   7735  4268.0s
it 14479/15000  reward     nan  ep_len    nan  fell    0  err_xy 0.024  std 0.266  lr 1.0e-04  fps   8160  4268.3s
it 14480/15000  reward     nan  ep_len    nan  fell    0  err_xy 0.020  std 0.266  lr 1.0e-04  fps   8016  4268.6s
it 14481/15000  reward     nan  ep_len    nan  fell    0  err_xy 0.017  std 0.266  lr 1.0e-04  fps   7967  4268.8s
it 14482/15000  reward     nan  ep_len    nan  fell    0  err_xy 0.017  std 0.266  lr 1.0e-04  fps   8075  4269.1s
it 14483/15000  reward     nan  ep_len    nan  fell    0  err_xy 0.017  std 0.265  lr 1.0e-04  fps   8005  4269.4s
it 14484/15000  reward   99.16  ep_len  400.0  fell    0  err_xy 0.193  std 0.265  lr 1.0e-04  fps   7219  4269.7s
it 14485/15000  reward     nan  ep_len    nan  fell    0  err_xy 0.287  std 0.265  lr 1.0e-04  fps   9788  4270.0s
it 14486/15000  reward     nan  ep_len    nan  fell    0  err_xy 0.225  std 0.265  lr 1.0e-04  fps   9508  4270.2s
it 14487/15000  reward     nan  ep_len    nan  fell    0  err_xy 0.184  std 0.265  lr 1.0e-04  fps   8725  4270.5s
it 14488/15000  reward     nan  ep_len    nan  fell    0  err_xy 0.206  std 0.265  lr 1.0e-04  fps   9254  4270.7s
it 14489/15000  reward     nan  ep_len    nan  fell    0  err_xy 0.182  std 0.265  lr 1.0e-04  fps   9052  4271.0s
it 14490/15000  reward     nan  ep_len    nan  fell    0  err_xy 0.123  std 0.265  lr 1.0e-04  fps   8711  4271.2s
it 14491/15000  reward     nan  ep_len    nan  fell    0  err_xy 0.102  std 0.266  lr 1.0e-04  fps   8669  4271.5s
it 14492/15000  reward     nan  ep_len    nan  fell    0  err_xy 0.087  std 0.266  lr 1.0e-04  fps   8389  4271.8s
it 14493/15000  reward     nan  ep_len    nan  fell    0  err_xy 0.060  std 0.266  lr 1.0e-04  fps   8449  4272.1s
it 14494/15000  reward     nan  ep_len    nan  fell    0  err_xy 0.057  std 0.266  lr 1.0e-04  fps   7594  4272.4s
it 14495/15000  reward     nan  ep_len    nan  fell    0  err_xy 0.052  std 0.266  lr 1.0e-04  fps   7937  4272.7s
it 14496/15000  reward     nan  ep_len    nan  fell    0  err_xy 0.046  std 0.266  lr 1.0e-04  fps   8267  4272.9s
it 14497/15000  reward     nan  ep_len    nan  fell    0  err_xy 0.034  std 0.266  lr 1.0e-04  fps   8302  4273.2s
it 14498/15000  reward     nan  ep_len    nan  fell    0  err_xy 0.033  std 0.266  lr 1.0e-04  fps   8181  4273.5s
it 14499/15000  reward     nan  ep_len    nan  fell    0  err_xy 0.026  std 0.266  lr 1.0e-04  fps   8400  4273.8s
it 14500/15000  reward   85.41  ep_len  400.0  fell    0  err_xy 0.022  std 0.266  lr 1.0e-04  fps   6637  4274.1s
it 14501/15000  reward     nan  ep_len    nan  fell    0  err_xy 0.275  std 0.266  lr 1.0e-04  fps   9792  4274.4s
it 14502/15000  reward     nan  ep_len    nan  fell    0  err_xy 0.266  std 0.266  lr 1.0e-04  fps   9387  4274.6s
it 14503/15000  reward     nan  ep_len    nan  fell    0  err_xy 0.180  std 0.266  lr 1.0e-04  fps   9472  4274.8s
it 14504/15000  reward     nan  ep_len    nan  fell    0  err_xy 0.175  std 0.266  lr 1.0e-04  fps   8906  4275.1s
it 14505/15000  reward     nan  ep_len    nan  fell    0  err_xy 0.167  std 0.266  lr 1.0e-04  fps   8100  4275.4s
it 14506/15000  reward     nan  ep_len    nan  fell    0  err_xy 0.124  std 0.266  lr 1.0e-04  fps   8578  4275.7s
it 14507/15000  reward     nan  ep_len    nan  fell    0  err_xy 0.101  std 0.266  lr 1.0e-04  fps   8787  4275.9s
it 14508/15000  reward     nan  ep_len    nan  fell    0  err_xy 0.069  std 0.266  lr 1.0e-04  fps   8596  4276.2s
it 14509/15000  reward     nan  ep_len    nan  fell    0  err_xy 0.059  std 0.266  lr 1.0e-04  fps   8462  4276.5s
it 14510/15000  reward     nan  ep_len    nan  fell    0  err_xy 0.042  std 0.266  lr 1.0e-04  fps   8410  4276.7s
it 14511/15000  reward     nan  ep_len    nan  fell    0  err_xy 0.033  std 0.266  lr 1.0e-04  fps   8416  4277.0s
it 14512/15000  reward     nan  ep_len    nan  fell    0  err_xy 0.034  std 0.266  lr 1.0e-04  fps   8508  4277.3s
it 14513/15000  reward     nan  ep_len    nan  fell    0  err_xy 0.031  std 0.266  lr 1.0e-04  fps   7515  4277.6s
it 14514/15000  reward     nan  ep_len    nan  fell    0  err_xy 0.024  std 0.266  lr 1.0e-04  fps   7543  4277.9s
it 14515/15000  reward     nan  ep_len    nan  fell    0  err_xy 0.023  std 0.266  lr 1.0e-04  fps   8307  4278.2s
it 14516/15000  reward     nan  ep_len    nan  fell    0  err_xy 0.020  std 0.266  lr 1.0e-04  fps   8122  4278.5s
it 14517/15000  reward   95.62  ep_len  400.0  fell    0  err_xy 0.091  std 0.266  lr 1.0e-04  fps   6312  4278.8s
it 14518/15000  reward     nan  ep_len    nan  fell    0  err_xy 0.314  std 0.266  lr 1.0e-04  fps   8594  4279.1s
it 14519/15000  reward     nan  ep_len    nan  fell    0  err_xy 0.245  std 0.266  lr 1.0e-04  fps   7920  4279.4s
it 14520/15000  reward     nan  ep_len    nan  fell    0  err_xy 0.187  std 0.266  lr 1.0e-04  fps   7452  4279.7s
it 14521/15000  reward     nan  ep_len    nan  fell    0  err_xy 0.179  std 0.266  lr 1.0e-04  fps   8685  4280.0s
it 14522/15000  reward     nan  ep_len    nan  fell    0  err_xy 0.161  std 0.266  lr 1.0e-04  fps   8964  4280.2s
it 14523/15000  reward     nan  ep_len    nan  fell    0  err_xy 0.124  std 0.266  lr 1.0e-04  fps   8916  4280.5s
it 14524/15000  reward     nan  ep_len    nan  fell    0  err_xy 0.082  std 0.266  lr 1.0e-04  fps   8529  4280.7s
it 14525/15000  reward     nan  ep_len    nan  fell    0  err_xy 0.082  std 0.266  lr 1.0e-04  fps   8512  4281.0s
it 14526/15000  reward     nan  ep_len    nan  fell    0  err_xy 0.062  std 0.266  lr 1.0e-04  fps   8456  4281.3s
it 14527/15000  reward     nan  ep_len    nan  fell    0  err_xy 0.060  std 0.266  lr 1.0e-04  fps   8365  4281.6s
it 14528/15000  reward     nan  ep_len    nan  fell    0  err_xy 0.048  std 0.266  lr 1.0e-04  fps   8383  4281.8s
it 14529/15000  reward     nan  ep_len    nan  fell    0  err_xy 0.047  std 0.266  lr 1.0e-04  fps   8382  4282.1s
it 14530/15000  reward     nan  ep_len    nan  fell    0  err_xy 0.035  std 0.266  lr 1.0e-04  fps   8540  4282.4s
it 14531/15000  reward     nan  ep_len    nan  fell    0  err_xy 0.031  std 0.266  lr 1.0e-04  fps   8545  4282.7s
it 14532/15000  reward     nan  ep_len    nan  fell    0  err_xy 0.037  std 0.266  lr 1.0e-04  fps   8099  4282.9s
it 14533/15000  reward     nan  ep_len    nan  fell    0  err_xy 0.034  std 0.266  lr 1.0e-04  fps   8495  4283.2s
it 14534/15000  reward   90.60  ep_len  400.0  fell    0  err_xy 0.201  std 0.266  lr 1.0e-04  fps   7591  4283.5s
it 14535/15000  reward     nan  ep_len    nan  fell    0  err_xy 0.290  std 0.266  lr 1.0e-04  fps  10099  4283.7s
it 14536/15000  reward     nan  ep_len    nan  fell    0  err_xy 0.203  std 0.266  lr 1.0e-04  fps   9960  4284.0s
it 14537/15000  reward     nan  ep_len    nan  fell    0  err_xy 0.175  std 0.266  lr 1.0e-04  fps   9453  4284.2s
it 14538/15000  reward     nan  ep_len    nan  fell    0  err_xy 0.163  std 0.266  lr 1.0e-04  fps   9153  4284.5s
it 14539/15000  reward     nan  ep_len    nan  fell    0  err_xy 0.144  std 0.266  lr 1.0e-04  fps   8892  4284.7s
it 14540/15000  reward     nan  ep_len    nan  fell    0  err_xy 0.117  std 0.266  lr 1.0e-04  fps   8820  4285.0s
it 14541/15000  reward     nan  ep_len    nan  fell    0  err_xy 0.079  std 0.266  lr 1.0e-04  fps   8729  4285.3s
it 14542/15000  reward     nan  ep_len    nan  fell    0  err_xy 0.070  std 0.266  lr 1.0e-04  fps   8577  4285.5s
it 14543/15000  reward     nan  ep_len    nan  fell    0  err_xy 0.057  std 0.266  lr 1.0e-04  fps   8582  4285.8s
it 14544/15000  reward     nan  ep_len    nan  fell    0  err_xy 0.054  std 0.266  lr 1.0e-04  fps   8688  4286.1s
it 14545/15000  reward     nan  ep_len    nan  fell    0  err_xy 0.053  std 0.266  lr 1.0e-04  fps   8600  4286.3s
it 14546/15000  reward     nan  ep_len    nan  fell    0  err_xy 0.042  std 0.266  lr 1.0e-04  fps   8578  4286.6s
it 14547/15000  reward     nan  ep_len    nan  fell    0  err_xy 0.031  std 0.266  lr 1.0e-04  fps   8614  4286.9s
it 14548/15000  reward     nan  ep_len    nan  fell    0  err_xy 0.024  std 0.266  lr 1.0e-04  fps   8568  4287.1s
it 14549/15000  reward     nan  ep_len    nan  fell    0  err_xy 0.022  std 0.266  lr 1.0e-04  fps   8607  4287.4s
it 14550/15000  reward   94.66  ep_len  400.0  fell    0  err_xy 0.018  std 0.266  lr 1.0e-04  fps   6896  4287.7s
it 14551/15000  reward     nan  ep_len    nan  fell    0  err_xy 0.289  std 0.266  lr 1.0e-04  fps  10179  4288.0s
it 14552/15000  reward     nan  ep_len    nan  fell    0  err_xy 0.260  std 0.266  lr 1.0e-04  fps  10163  4288.2s
it 14553/15000  reward     nan  ep_len    nan  fell    0  err_xy 0.168  std 0.266  lr 1.0e-04  fps   9895  4288.4s
it 14554/15000  reward     nan  ep_len    nan  fell    0  err_xy 0.158  std 0.266  lr 1.0e-04  fps   9244  4288.7s
it 14555/15000  reward     nan  ep_len    nan  fell    0  err_xy 0.169  std 0.266  lr 1.0e-04  fps   8970  4288.9s
it 14556/15000  reward     nan  ep_len    nan  fell    0  err_xy 0.127  std 0.266  lr 1.0e-04  fps   9050  4289.2s
it 14557/15000  reward     nan  ep_len    nan  fell    0  err_xy 0.102  std 0.266  lr 1.0e-04  fps   8940  4289.4s
it 14558/15000  reward     nan  ep_len    nan  fell    0  err_xy 0.093  std 0.266  lr 1.0e-04  fps   8714  4289.7s
it 14559/15000  reward     nan  ep_len    nan  fell    0  err_xy 0.091  std 0.266  lr 1.0e-04  fps   8747  4290.0s
it 14560/15000  reward     nan  ep_len    nan  fell    0  err_xy 0.077  std 0.266  lr 1.0e-04  fps   8662  4290.2s
it 14561/15000  reward     nan  ep_len    nan  fell    0  err_xy 0.061  std 0.266  lr 1.0e-04  fps   8632  4290.5s
it 14562/15000  reward     nan  ep_len    nan  fell    0  err_xy 0.047  std 0.266  lr 1.0e-04  fps   8589  4290.8s
it 14563/15000  reward     nan  ep_len    nan  fell    0  err_xy 0.042  std 0.266  lr 1.0e-04  fps   8612  4291.0s
it 14564/15000  reward     nan  ep_len    nan  fell    0  err_xy 0.048  std 0.266  lr 1.0e-04  fps   8648  4291.3s
it 14565/15000  reward     nan  ep_len    nan  fell    0  err_xy 0.033  std 0.266  lr 1.0e-04  fps   8573  4291.6s
it 14566/15000  reward     nan  ep_len    nan  fell    0  err_xy 0.027  std 0.266  lr 1.0e-04  fps   8722  4291.8s
it 14567/15000  reward   86.86  ep_len  400.0  fell    0  err_xy 0.097  std 0.266  lr 1.0e-04  fps   7142  4292.2s
it 14568/15000  reward     nan  ep_len    nan  fell    0  err_xy 0.327  std 0.266  lr 1.0e-04  fps  10116  4292.4s
it 14569/15000  reward     nan  ep_len    nan  fell    0  err_xy 0.219  std 0.266  lr 1.0e-04  fps  10045  4292.6s
it 14570/15000  reward     nan  ep_len    nan  fell    0  err_xy 0.177  std 0.266  lr 1.0e-04  fps   9734  4292.9s
it 14571/15000  reward     nan  ep_len    nan  fell    0  err_xy 0.179  std 0.266  lr 1.0e-04  fps   9572  4293.1s
it 14572/15000  reward     nan  ep_len    nan  fell    0  err_xy 0.164  std 0.266  lr 1.0e-04  fps   9328  4293.3s
it 14573/15000  reward     nan  ep_len    nan  fell    0  err_xy 0.156  std 0.266  lr 1.0e-04  fps   9202  4293.6s
it 14574/15000  reward     nan  ep_len    nan  fell    0  err_xy 0.122  std 0.266  lr 1.0e-04  fps   9044  4293.8s
it 14575/15000  reward     nan  ep_len    nan  fell    0  err_xy 0.110  std 0.266  lr 1.0e-04  fps   8814  4294.1s
it 14576/15000  reward     nan  ep_len    nan  fell    0  err_xy 0.082  std 0.266  lr 1.0e-04  fps   8735  4294.4s
it 14577/15000  reward     nan  ep_len    nan  fell    0  err_xy 0.063  std 0.266  lr 1.0e-04  fps   8657  4294.6s
it 14578/15000  reward     nan  ep_len    nan  fell    0  err_xy 0.054  std 0.266  lr 1.0e-04  fps   8575  4294.9s
it 14579/15000  reward     nan  ep_len    nan  fell    0  err_xy 0.045  std 0.266  lr 1.0e-04  fps   8585  4295.2s
it 14580/15000  reward     nan  ep_len    nan  fell    0  err_xy 0.041  std 0.266  lr 1.0e-04  fps   8601  4295.4s
it 14581/15000  reward     nan  ep_len    nan  fell    0  err_xy 0.033  std 0.266  lr 1.0e-04  fps   8554  4295.7s
it 14582/15000  reward     nan  ep_len    nan  fell    0  err_xy 0.029  std 0.266  lr 1.0e-04  fps   8638  4296.0s
it 14583/15000  reward     nan  ep_len    nan  fell    0  err_xy 0.037  std 0.266  lr 1.0e-04  fps   8730  4296.2s
it 14584/15000  reward   83.41  ep_len  400.0  fell    0  err_xy 0.204  std 0.266  lr 1.0e-04  fps   7558  4296.6s
it 14585/15000  reward     nan  ep_len    nan  fell    0  err_xy 0.306  std 0.266  lr 1.0e-04  fps  10098  4296.8s
it 14586/15000  reward     nan  ep_len    nan  fell    0  err_xy 0.226  std 0.266  lr 1.0e-04  fps   9966  4297.0s
it 14587/15000  reward     nan  ep_len    nan  fell    0  err_xy 0.195  std 0.266  lr 1.0e-04  fps   9435  4297.3s
it 14588/15000  reward     nan  ep_len    nan  fell    0  err_xy 0.154  std 0.266  lr 1.0e-04  fps   9243  4297.5s
it 14589/15000  reward     nan  ep_len    nan  fell    0  err_xy 0.131  std 0.266  lr 1.0e-04  fps   8970  4297.8s
it 14590/15000  reward     nan  ep_len    nan  fell    0  err_xy 0.084  std 0.266  lr 1.0e-04  fps   8381  4298.0s
it 14591/15000  reward     nan  ep_len    nan  fell    0  err_xy 0.076  std 0.266  lr 1.0e-04  fps   8535  4298.3s
it 14592/15000  reward     nan  ep_len    nan  fell    0  err_xy 0.064  std 0.266  lr 1.0e-04  fps   8330  4298.6s
it 14593/15000  reward     nan  ep_len    nan  fell    0  err_xy 0.059  std 0.266  lr 1.0e-04  fps   8431  4298.9s
it 14594/15000  reward     nan  ep_len    nan  fell    0  err_xy 0.044  std 0.266  lr 1.0e-04  fps   8139  4299.1s
it 14595/15000  reward     nan  ep_len    nan  fell    0  err_xy 0.036  std 0.266  lr 1.0e-04  fps   8183  4299.4s
it 14596/15000  reward     nan  ep_len    nan  fell    0  err_xy 0.036  std 0.266  lr 1.0e-04  fps   8385  4299.7s
it 14597/15000  reward     nan  ep_len    nan  fell    0  err_xy 0.025  std 0.266  lr 1.0e-04  fps   8169  4300.0s
it 14598/15000  reward     nan  ep_len    nan  fell    0  err_xy 0.022  std 0.266  lr 1.0e-04  fps   8110  4300.3s
it 14599/15000  reward     nan  ep_len    nan  fell    0  err_xy 0.020  std 0.266  lr 1.0e-04  fps   8385  4300.5s
it 14600/15000  reward   96.72  ep_len  400.0  fell    0  err_xy 0.017  std 0.266  lr 1.0e-04  fps   6729  4300.9s
eval iteration 14600:
  prone          success  75.0%  time 4.09s  peak_τ 0.95 Nm  return 19.13
  supine         success 100.0%  time 1.00s  peak_τ 0.93 Nm  return 34.48
  score 0.875
it 14601/15000  reward     nan  ep_len    nan  fell    0  err_xy 0.282  std 0.266  lr 1.0e-04  fps   8435  4302.4s
it 14602/15000  reward     nan  ep_len    nan  fell    0  err_xy 0.258  std 0.266  lr 1.0e-04  fps   8341  4302.7s
it 14603/15000  reward     nan  ep_len    nan  fell    0  err_xy 0.187  std 0.266  lr 1.0e-04  fps   8063  4303.0s
it 14604/15000  reward     nan  ep_len    nan  fell    0  err_xy 0.164  std 0.266  lr 1.0e-04  fps   8342  4303.2s
it 14605/15000  reward     nan  ep_len    nan  fell    0  err_xy 0.170  std 0.266  lr 1.0e-04  fps   8328  4303.5s
it 14606/15000  reward     nan  ep_len    nan  fell    0  err_xy 0.148  std 0.266  lr 1.0e-04  fps   8094  4303.8s
it 14607/15000  reward     nan  ep_len    nan  fell    0  err_xy 0.096  std 0.266  lr 1.0e-04  fps   7732  4304.1s
it 14608/15000  reward     nan  ep_len    nan  fell    0  err_xy 0.063  std 0.266  lr 1.0e-04  fps   7191  4304.4s
it 14609/15000  reward     nan  ep_len    nan  fell    0  err_xy 0.043  std 0.266  lr 1.0e-04  fps   7553  4304.7s
it 14610/15000  reward     nan  ep_len    nan  fell    0  err_xy 0.034  std 0.266  lr 1.0e-04  fps   7096  4305.0s
it 14611/15000  reward     nan  ep_len    nan  fell    0  err_xy 0.028  std 0.266  lr 1.0e-04  fps   6563  4305.4s
it 14612/15000  reward     nan  ep_len    nan  fell    0  err_xy 0.029  std 0.266  lr 1.0e-04  fps   7773  4305.7s
it 14613/15000  reward     nan  ep_len    nan  fell    0  err_xy 0.026  std 0.267  lr 1.0e-04  fps   7236  4306.0s
it 14614/15000  reward     nan  ep_len    nan  fell    0  err_xy 0.022  std 0.266  lr 1.0e-04  fps   8227  4306.3s
it 14615/15000  reward     nan  ep_len    nan  fell    0  err_xy 0.026  std 0.266  lr 1.0e-04  fps   7755  4306.6s
it 14616/15000  reward     nan  ep_len    nan  fell    0  err_xy 0.024  std 0.266  lr 1.0e-04  fps   8289  4306.9s
it 14617/15000  reward   84.45  ep_len  400.0  fell    0  err_xy 0.083  std 0.266  lr 1.0e-04  fps   6306  4307.2s
it 14618/15000  reward     nan  ep_len    nan  fell    0  err_xy 0.302  std 0.266  lr 1.0e-04  fps   8382  4307.5s
it 14619/15000  reward     nan  ep_len    nan  fell    0  err_xy 0.239  std 0.266  lr 1.0e-04  fps   7842  4307.8s
it 14620/15000  reward     nan  ep_len    nan  fell    0  err_xy 0.203  std 0.266  lr 1.0e-04  fps   8066  4308.1s
it 14621/15000  reward     nan  ep_len    nan  fell    0  err_xy 0.200  std 0.266  lr 1.0e-04  fps   8343  4308.4s
it 14622/15000  reward     nan  ep_len    nan  fell    0  err_xy 0.167  std 0.266  lr 1.0e-04  fps   8664  4308.6s
it 14623/15000  reward     nan  ep_len    nan  fell    0  err_xy 0.133  std 0.266  lr 1.0e-04  fps   8320  4308.9s
it 14624/15000  reward     nan  ep_len    nan  fell    0  err_xy 0.108  std 0.266  lr 1.0e-04  fps   8790  4309.2s
it 14625/15000  reward     nan  ep_len    nan  fell    0  err_xy 0.078  std 0.266  lr 1.0e-04  fps   7996  4309.5s
it 14626/15000  reward     nan  ep_len    nan  fell    0  err_xy 0.057  std 0.266  lr 1.0e-04  fps   8573  4309.7s
it 14627/15000  reward     nan  ep_len    nan  fell    0  err_xy 0.052  std 0.267  lr 1.0e-04  fps   8437  4310.0s
it 14628/15000  reward     nan  ep_len    nan  fell    0  err_xy 0.058  std 0.267  lr 1.0e-04  fps   8482  4310.3s
it 14629/15000  reward     nan  ep_len    nan  fell    0  err_xy 0.059  std 0.267  lr 1.0e-04  fps   7834  4310.6s
it 14630/15000  reward     nan  ep_len    nan  fell    0  err_xy 0.060  std 0.266  lr 1.0e-04  fps   7547  4310.9s
it 14631/15000  reward     nan  ep_len    nan  fell    0  err_xy 0.044  std 0.266  lr 1.0e-04  fps   7825  4311.2s
it 14632/15000  reward     nan  ep_len    nan  fell    0  err_xy 0.030  std 0.266  lr 1.0e-04  fps   7472  4311.5s
it 14633/15000  reward     nan  ep_len    nan  fell    0  err_xy 0.032  std 0.266  lr 1.0e-04  fps   8168  4311.8s
it 14634/15000  reward   77.93  ep_len  400.0  fell    0  err_xy 0.201  std 0.266  lr 1.0e-04  fps   7221  4312.1s
it 14635/15000  reward     nan  ep_len    nan  fell    0  err_xy 0.289  std 0.266  lr 1.0e-04  fps   9852  4312.3s
it 14636/15000  reward     nan  ep_len    nan  fell    0  err_xy 0.225  std 0.266  lr 1.0e-04  fps   9711  4312.5s
it 14637/15000  reward     nan  ep_len    nan  fell    0  err_xy 0.166  std 0.266  lr 1.0e-04  fps   9296  4312.8s
it 14638/15000  reward     nan  ep_len    nan  fell    0  err_xy 0.133  std 0.267  lr 1.0e-04  fps   9139  4313.0s
it 14639/15000  reward     nan  ep_len    nan  fell    0  err_xy 0.107  std 0.267  lr 1.0e-04  fps   8987  4313.3s
it 14640/15000  reward     nan  ep_len    nan  fell    0  err_xy 0.099  std 0.267  lr 1.0e-04  fps   8859  4313.6s
it 14641/15000  reward     nan  ep_len    nan  fell    0  err_xy 0.085  std 0.267  lr 1.0e-04  fps   8528  4313.8s
it 14642/15000  reward     nan  ep_len    nan  fell    0  err_xy 0.074  std 0.267  lr 1.0e-04  fps   8450  4314.1s
it 14643/15000  reward     nan  ep_len    nan  fell    0  err_xy 0.067  std 0.267  lr 1.0e-04  fps   7521  4314.4s
it 14644/15000  reward     nan  ep_len    nan  fell    0  err_xy 0.056  std 0.267  lr 1.0e-04  fps   7657  4314.7s
it 14645/15000  reward     nan  ep_len    nan  fell    0  err_xy 0.047  std 0.267  lr 1.0e-04  fps   8219  4315.0s
it 14646/15000  reward     nan  ep_len    nan  fell    0  err_xy 0.043  std 0.267  lr 1.0e-04  fps   7531  4315.3s
it 14647/15000  reward     nan  ep_len    nan  fell    0  err_xy 0.036  std 0.267  lr 1.0e-04  fps   7969  4315.6s
it 14648/15000  reward     nan  ep_len    nan  fell    0  err_xy 0.026  std 0.267  lr 1.0e-04  fps   8299  4315.9s
it 14649/15000  reward     nan  ep_len    nan  fell    0  err_xy 0.024  std 0.267  lr 1.0e-04  fps   7860  4316.2s
it 14650/15000  reward   88.30  ep_len  400.0  fell    0  err_xy 0.018  std 0.266  lr 1.0e-04  fps   6847  4316.5s
it 14651/15000  reward     nan  ep_len    nan  fell    0  err_xy 0.319  std 0.266  lr 1.0e-04  fps   8931  4316.8s
it 14652/15000  reward     nan  ep_len    nan  fell    0  err_xy 0.249  std 0.266  lr 1.0e-04  fps   8640  4317.0s
it 14653/15000  reward     nan  ep_len    nan  fell    0  err_xy 0.207  std 0.266  lr 1.0e-04  fps   9091  4317.3s
it 14654/15000  reward     nan  ep_len    nan  fell    0  err_xy 0.191  std 0.266  lr 1.0e-04  fps   9206  4317.5s
it 14655/15000  reward     nan  ep_len    nan  fell    0  err_xy 0.158  std 0.266  lr 1.0e-04  fps   8963  4317.8s
it 14656/15000  reward     nan  ep_len    nan  fell    0  err_xy 0.126  std 0.266  lr 1.0e-04  fps   8124  4318.1s
it 14657/15000  reward     nan  ep_len    nan  fell    0  err_xy 0.112  std 0.266  lr 1.0e-04  fps   8226  4318.4s
it 14658/15000  reward     nan  ep_len    nan  fell    0  err_xy 0.088  std 0.266  lr 1.0e-04  fps   8557  4318.6s
it 14659/15000  reward     nan  ep_len    nan  fell    0  err_xy 0.078  std 0.266  lr 1.0e-04  fps   7722  4318.9s
it 14660/15000  reward     nan  ep_len    nan  fell    0  err_xy 0.057  std 0.267  lr 1.0e-04  fps   7965  4319.2s
it 14661/15000  reward     nan  ep_len    nan  fell    0  err_xy 0.043  std 0.267  lr 1.0e-04  fps   8420  4319.5s
it 14662/15000  reward     nan  ep_len    nan  fell    0  err_xy 0.040  std 0.267  lr 1.0e-04  fps   8359  4319.8s
it 14663/15000  reward     nan  ep_len    nan  fell    0  err_xy 0.037  std 0.267  lr 1.0e-04  fps   8518  4320.0s
it 14664/15000  reward     nan  ep_len    nan  fell    0  err_xy 0.023  std 0.267  lr 1.0e-04  fps   8297  4320.3s
it 14665/15000  reward     nan  ep_len    nan  fell    0  err_xy 0.020  std 0.267  lr 1.0e-04  fps   8377  4320.6s
it 14666/15000  reward     nan  ep_len    nan  fell    0  err_xy 0.020  std 0.267  lr 1.0e-04  fps   8514  4320.9s
it 14667/15000  reward   94.73  ep_len  400.0  fell    0  err_xy 0.084  std 0.267  lr 1.0e-04  fps   7205  4321.2s
it 14668/15000  reward     nan  ep_len    nan  fell    0  err_xy 0.316  std 0.267  lr 1.0e-04  fps  10207  4321.4s
it 14669/15000  reward     nan  ep_len    nan  fell    0  err_xy 0.250  std 0.267  lr 1.0e-04  fps   9604  4321.6s
it 14670/15000  reward     nan  ep_len    nan  fell    0  err_xy 0.224  std 0.267  lr 1.0e-04  fps   8546  4321.9s
it 14671/15000  reward     nan  ep_len    nan  fell    0  err_xy 0.208  std 0.267  lr 1.0e-04  fps   8501  4322.2s
it 14672/15000  reward     nan  ep_len    nan  fell    0  err_xy 0.188  std 0.267  lr 1.0e-04  fps   8780  4322.4s
it 14673/15000  reward     nan  ep_len    nan  fell    0  err_xy 0.177  std 0.267  lr 1.0e-04  fps   8700  4322.7s
it 14674/15000  reward     nan  ep_len    nan  fell    0  err_xy 0.123  std 0.267  lr 1.0e-04  fps   8590  4323.0s
it 14675/15000  reward     nan  ep_len    nan  fell    0  err_xy 0.110  std 0.267  lr 1.0e-04  fps   8531  4323.2s
it 14676/15000  reward     nan  ep_len    nan  fell    0  err_xy 0.107  std 0.267  lr 1.0e-04  fps   8537  4323.5s
it 14677/15000  reward     nan  ep_len    nan  fell    0  err_xy 0.064  std 0.267  lr 1.0e-04  fps   7672  4323.8s
it 14678/15000  reward     nan  ep_len    nan  fell    0  err_xy 0.056  std 0.267  lr 1.0e-04  fps   7475  4324.1s
it 14679/15000  reward     nan  ep_len    nan  fell    0  err_xy 0.041  std 0.267  lr 1.0e-04  fps   7219  4324.4s
it 14680/15000  reward     nan  ep_len    nan  fell    0  err_xy 0.035  std 0.267  lr 1.0e-04  fps   8114  4324.7s
it 14681/15000  reward     nan  ep_len    nan  fell    0  err_xy 0.034  std 0.267  lr 1.0e-04  fps   7953  4325.0s
it 14682/15000  reward     nan  ep_len    nan  fell    0  err_xy 0.030  std 0.267  lr 1.0e-04  fps   7739  4325.3s
it 14683/15000  reward     nan  ep_len    nan  fell    0  err_xy 0.028  std 0.267  lr 1.0e-04  fps   8262  4325.6s
it 14684/15000  reward   83.62  ep_len  400.0  fell    0  err_xy 0.204  std 0.267  lr 1.0e-04  fps   7482  4325.9s
it 14685/15000  reward     nan  ep_len    nan  fell    0  err_xy 0.296  std 0.267  lr 1.0e-04  fps   9214  4326.2s
it 14686/15000  reward     nan  ep_len    nan  fell    0  err_xy 0.248  std 0.267  lr 1.0e-04  fps   9693  4326.4s
it 14687/15000  reward     nan  ep_len    nan  fell    0  err_xy 0.236  std 0.267  lr 1.0e-04  fps   9423  4326.6s
it 14688/15000  reward     nan  ep_len    nan  fell    0  err_xy 0.234  std 0.267  lr 1.0e-04  fps   9323  4326.9s
it 14689/15000  reward     nan  ep_len    nan  fell    0  err_xy 0.244  std 0.267  lr 1.0e-04  fps   9278  4327.1s
it 14690/15000  reward     nan  ep_len    nan  fell    0  err_xy 0.226  std 0.267  lr 1.0e-04  fps   9226  4327.4s
it 14691/15000  reward     nan  ep_len    nan  fell    0  err_xy 0.145  std 0.267  lr 1.0e-04  fps   8958  4327.6s
it 14692/15000  reward     nan  ep_len    nan  fell    0  err_xy 0.132  std 0.267  lr 1.0e-04  fps   8867  4327.9s
it 14693/15000  reward     nan  ep_len    nan  fell    0  err_xy 0.112  std 0.267  lr 1.0e-04  fps   8681  4328.2s
it 14694/15000  reward     nan  ep_len    nan  fell    0  err_xy 0.077  std 0.267  lr 1.0e-04  fps   7632  4328.5s
it 14695/15000  reward     nan  ep_len    nan  fell    0  err_xy 0.054  std 0.267  lr 1.0e-04  fps   7595  4328.8s
it 14696/15000  reward     nan  ep_len    nan  fell    0  err_xy 0.042  std 0.267  lr 1.0e-04  fps   7549  4329.1s
it 14697/15000  reward     nan  ep_len    nan  fell    0  err_xy 0.036  std 0.267  lr 1.0e-04  fps   7620  4329.4s
it 14698/15000  reward     nan  ep_len    nan  fell    0  err_xy 0.036  std 0.267  lr 1.0e-04  fps   7761  4329.7s
it 14699/15000  reward     nan  ep_len    nan  fell    0  err_xy 0.029  std 0.267  lr 1.0e-04  fps   7598  4330.0s
it 14700/15000  reward   80.92  ep_len  400.0  fell    0  err_xy 0.028  std 0.266  lr 1.0e-04  fps   6181  4330.4s
it 14701/15000  reward     nan  ep_len    nan  fell    0  err_xy 0.295  std 0.266  lr 1.0e-04  fps   8623  4330.6s
it 14702/15000  reward     nan  ep_len    nan  fell    0  err_xy 0.278  std 0.266  lr 1.0e-04  fps   8985  4330.9s
it 14703/15000  reward     nan  ep_len    nan  fell    0  err_xy 0.238  std 0.266  lr 1.0e-04  fps   8978  4331.1s
it 14704/15000  reward     nan  ep_len    nan  fell    0  err_xy 0.240  std 0.267  lr 1.0e-04  fps   9504  4331.4s
it 14705/15000  reward     nan  ep_len    nan  fell    0  err_xy 0.211  std 0.267  lr 1.0e-04  fps   9396  4331.6s
it 14706/15000  reward     nan  ep_len    nan  fell    0  err_xy 0.190  std 0.267  lr 1.0e-04  fps   9264  4331.9s
it 14707/15000  reward     nan  ep_len    nan  fell    0  err_xy 0.167  std 0.267  lr 1.0e-04  fps   9162  4332.1s
it 14708/15000  reward     nan  ep_len    nan  fell    0  err_xy 0.149  std 0.267  lr 1.0e-04  fps   8796  4332.4s
it 14709/15000  reward     nan  ep_len    nan  fell    0  err_xy 0.125  std 0.267  lr 1.0e-04  fps   8390  4332.7s
it 14710/15000  reward     nan  ep_len    nan  fell    0  err_xy 0.088  std 0.267  lr 1.0e-04  fps   8628  4332.9s
it 14711/15000  reward     nan  ep_len    nan  fell    0  err_xy 0.067  std 0.267  lr 1.0e-04  fps   7887  4333.2s
it 14712/15000  reward     nan  ep_len    nan  fell    0  err_xy 0.041  std 0.267  lr 1.0e-04  fps   7728  4333.5s
it 14713/15000  reward     nan  ep_len    nan  fell    0  err_xy 0.023  std 0.267  lr 1.0e-04  fps   8202  4333.8s
it 14714/15000  reward     nan  ep_len    nan  fell    0  err_xy 0.024  std 0.267  lr 1.0e-04  fps   8317  4334.1s
it 14715/15000  reward     nan  ep_len    nan  fell    0  err_xy 0.025  std 0.267  lr 1.0e-04  fps   8249  4334.4s
it 14716/15000  reward     nan  ep_len    nan  fell    0  err_xy 0.027  std 0.266  lr 1.0e-04  fps   8464  4334.6s
it 14717/15000  reward   86.15  ep_len  400.0  fell    0  err_xy 0.098  std 0.267  lr 1.0e-04  fps   7241  4335.0s
it 14718/15000  reward     nan  ep_len    nan  fell    0  err_xy 0.303  std 0.267  lr 1.0e-04  fps  10144  4335.2s
it 14719/15000  reward     nan  ep_len    nan  fell    0  err_xy 0.238  std 0.267  lr 1.0e-04  fps   9147  4335.4s
it 14720/15000  reward     nan  ep_len    nan  fell    0  err_xy 0.223  std 0.267  lr 1.0e-04  fps   9093  4335.7s
it 14721/15000  reward     nan  ep_len    nan  fell    0  err_xy 0.224  std 0.267  lr 1.0e-04  fps   8825  4336.0s
it 14722/15000  reward     nan  ep_len    nan  fell    0  err_xy 0.201  std 0.267  lr 1.0e-04  fps   8722  4336.2s
it 14723/15000  reward     nan  ep_len    nan  fell    0  err_xy 0.173  std 0.267  lr 1.0e-04  fps   8944  4336.5s
it 14724/15000  reward     nan  ep_len    nan  fell    0  err_xy 0.169  std 0.267  lr 1.0e-04  fps   8022  4336.8s
it 14725/15000  reward     nan  ep_len    nan  fell    0  err_xy 0.128  std 0.267  lr 1.0e-04  fps   8048  4337.1s
it 14726/15000  reward     nan  ep_len    nan  fell    0  err_xy 0.109  std 0.267  lr 1.0e-04  fps   7924  4337.3s
it 14727/15000  reward     nan  ep_len    nan  fell    0  err_xy 0.112  std 0.267  lr 1.0e-04  fps   7510  4337.7s
it 14728/15000  reward     nan  ep_len    nan  fell    0  err_xy 0.081  std 0.267  lr 1.0e-04  fps   7276  4338.0s
it 14729/15000  reward     nan  ep_len    nan  fell    0  err_xy 0.059  std 0.267  lr 1.0e-04  fps   7437  4338.3s
it 14730/15000  reward     nan  ep_len    nan  fell    0  err_xy 0.050  std 0.267  lr 1.0e-04  fps   7642  4338.6s
it 14731/15000  reward     nan  ep_len    nan  fell    0  err_xy 0.043  std 0.267  lr 1.0e-04  fps   7899  4338.9s
it 14732/15000  reward     nan  ep_len    nan  fell    0  err_xy 0.042  std 0.267  lr 1.0e-04  fps   7751  4339.2s
it 14733/15000  reward     nan  ep_len    nan  fell    0  err_xy 0.030  std 0.267  lr 1.0e-04  fps   8143  4339.5s
it 14734/15000  reward   75.42  ep_len  400.0  fell    0  err_xy 0.192  std 0.267  lr 1.0e-04  fps   7036  4339.8s
it 14735/15000  reward     nan  ep_len    nan  fell    0  err_xy 0.272  std 0.267  lr 1.0e-04  fps   9367  4340.0s
it 14736/15000  reward     nan  ep_len    nan  fell    0  err_xy 0.253  std 0.267  lr 1.0e-04  fps   9258  4340.3s
it 14737/15000  reward     nan  ep_len    nan  fell    0  err_xy 0.246  std 0.267  lr 1.0e-04  fps   8836  4340.5s
it 14738/15000  reward     nan  ep_len    nan  fell    0  err_xy 0.230  std 0.267  lr 1.0e-04  fps   9036  4340.8s
it 14739/15000  reward     nan  ep_len    nan  fell    0  err_xy 0.238  std 0.267  lr 1.0e-04  fps   8947  4341.1s
it 14740/15000  reward     nan  ep_len    nan  fell    0  err_xy 0.194  std 0.267  lr 1.0e-04  fps   8637  4341.3s
it 14741/15000  reward     nan  ep_len    nan  fell    0  err_xy 0.185  std 0.267  lr 1.0e-04  fps   8466  4341.6s
it 14742/15000  reward     nan  ep_len    nan  fell    0  err_xy 0.148  std 0.267  lr 1.0e-04  fps   7711  4341.9s
it 14743/15000  reward     nan  ep_len    nan  fell    0  err_xy 0.130  std 0.267  lr 1.0e-04  fps   7584  4342.2s
it 14744/15000  reward     nan  ep_len    nan  fell    0  err_xy 0.095  std 0.267  lr 1.0e-04  fps   7730  4342.5s
it 14745/15000  reward     nan  ep_len    nan  fell    0  err_xy 0.085  std 0.267  lr 1.0e-04  fps   8246  4342.8s
it 14746/15000  reward     nan  ep_len    nan  fell    0  err_xy 0.060  std 0.267  lr 1.0e-04  fps   8240  4343.1s
it 14747/15000  reward     nan  ep_len    nan  fell    0  err_xy 0.058  std 0.267  lr 1.0e-04  fps   8408  4343.3s
it 14748/15000  reward     nan  ep_len    nan  fell    0  err_xy 0.049  std 0.267  lr 1.0e-04  fps   8253  4343.6s
it 14749/15000  reward     nan  ep_len    nan  fell    0  err_xy 0.041  std 0.267  lr 1.0e-04  fps   8474  4343.9s
it 14750/15000  reward   79.29  ep_len  400.0  fell    0  err_xy 0.028  std 0.266  lr 1.0e-04  fps   6394  4344.2s
it 14751/15000  reward     nan  ep_len    nan  fell    0  err_xy 0.298  std 0.267  lr 1.0e-04  fps   9600  4344.5s
it 14752/15000  reward     nan  ep_len    nan  fell    0  err_xy 0.240  std 0.267  lr 1.0e-04  fps   9544  4344.7s
it 14753/15000  reward     nan  ep_len    nan  fell    0  err_xy 0.203  std 0.267  lr 1.0e-04  fps   9229  4345.0s
it 14754/15000  reward     nan  ep_len    nan  fell    0  err_xy 0.223  std 0.267  lr 1.0e-04  fps   9183  4345.2s
it 14755/15000  reward     nan  ep_len    nan  fell    0  err_xy 0.224  std 0.266  lr 1.0e-04  fps   9051  4345.5s
it 14756/15000  reward     nan  ep_len    nan  fell    0  err_xy 0.192  std 0.266  lr 1.0e-04  fps   8742  4345.7s
it 14757/15000  reward     nan  ep_len    nan  fell    0  err_xy 0.155  std 0.266  lr 1.0e-04  fps   8686  4346.0s
it 14758/15000  reward     nan  ep_len    nan  fell    0  err_xy 0.116  std 0.266  lr 1.0e-04  fps   8497  4346.3s
it 14759/15000  reward     nan  ep_len    nan  fell    0  err_xy 0.088  std 0.266  lr 1.0e-04  fps   8220  4346.6s
it 14760/15000  reward     nan  ep_len    nan  fell    0  err_xy 0.071  std 0.266  lr 1.0e-04  fps   8305  4346.8s
it 14761/15000  reward     nan  ep_len    nan  fell    0  err_xy 0.075  std 0.266  lr 1.0e-04  fps   8528  4347.1s
it 14762/15000  reward     nan  ep_len    nan  fell    0  err_xy 0.054  std 0.267  lr 1.0e-04  fps   7761  4347.4s
it 14763/15000  reward     nan  ep_len    nan  fell    0  err_xy 0.046  std 0.267  lr 1.0e-04  fps   7591  4347.7s
it 14764/15000  reward     nan  ep_len    nan  fell    0  err_xy 0.043  std 0.267  lr 1.0e-04  fps   8202  4348.0s
it 14765/15000  reward     nan  ep_len    nan  fell    0  err_xy 0.045  std 0.267  lr 1.0e-04  fps   8449  4348.3s
it 14766/15000  reward     nan  ep_len    nan  fell    0  err_xy 0.037  std 0.267  lr 1.0e-04  fps   8079  4348.5s
it 14767/15000  reward   82.45  ep_len  400.0  fell    0  err_xy 0.094  std 0.267  lr 1.0e-04  fps   6797  4348.9s
it 14768/15000  reward     nan  ep_len    nan  fell    0  err_xy 0.292  std 0.267  lr 1.0e-04  fps   9907  4349.1s
it 14769/15000  reward     nan  ep_len    nan  fell    0  err_xy 0.222  std 0.267  lr 1.0e-04  fps   9931  4349.4s
it 14770/15000  reward     nan  ep_len    nan  fell    0  err_xy 0.194  std 0.267  lr 1.0e-04  fps   9795  4349.6s
it 14771/15000  reward     nan  ep_len    nan  fell    0  err_xy 0.202  std 0.267  lr 1.0e-04  fps   9360  4349.8s
it 14772/15000  reward     nan  ep_len    nan  fell    0  err_xy 0.193  std 0.267  lr 1.0e-04  fps   8996  4350.1s
it 14773/15000  reward     nan  ep_len    nan  fell    0  err_xy 0.171  std 0.267  lr 1.0e-04  fps   8928  4350.3s
it 14774/15000  reward     nan  ep_len    nan  fell    0  err_xy 0.134  std 0.267  lr 1.0e-04  fps   8863  4350.6s
it 14775/15000  reward     nan  ep_len    nan  fell    0  err_xy 0.100  std 0.267  lr 1.0e-04  fps   8675  4350.9s
it 14776/15000  reward     nan  ep_len    nan  fell    0  err_xy 0.074  std 0.267  lr 1.0e-04  fps   8585  4351.1s
it 14777/15000  reward     nan  ep_len    nan  fell    0  err_xy 0.057  std 0.267  lr 1.0e-04  fps   8543  4351.4s
it 14778/15000  reward     nan  ep_len    nan  fell    0  err_xy 0.044  std 0.267  lr 1.0e-04  fps   8480  4351.7s
it 14779/15000  reward     nan  ep_len    nan  fell    0  err_xy 0.035  std 0.267  lr 1.0e-04  fps   8466  4352.0s
it 14780/15000  reward     nan  ep_len    nan  fell    0  err_xy 0.034  std 0.267  lr 1.0e-04  fps   8028  4352.2s
it 14781/15000  reward     nan  ep_len    nan  fell    0  err_xy 0.023  std 0.266  lr 1.0e-04  fps   6088  4352.6s
it 14782/15000  reward     nan  ep_len    nan  fell    0  err_xy 0.021  std 0.266  lr 1.0e-04  fps   8212  4352.9s
it 14783/15000  reward     nan  ep_len    nan  fell    0  err_xy 0.021  std 0.266  lr 1.0e-04  fps   8235  4353.2s
it 14784/15000  reward   84.28  ep_len  400.0  fell    0  err_xy 0.177  std 0.266  lr 1.0e-04  fps   7232  4353.5s
it 14785/15000  reward     nan  ep_len    nan  fell    0  err_xy 0.268  std 0.266  lr 1.0e-04  fps   9467  4353.7s
it 14786/15000  reward     nan  ep_len    nan  fell    0  err_xy 0.202  std 0.266  lr 1.0e-04  fps   9506  4354.0s
it 14787/15000  reward     nan  ep_len    nan  fell    0  err_xy 0.184  std 0.266  lr 1.0e-04  fps   9028  4354.2s
it 14788/15000  reward     nan  ep_len    nan  fell    0  err_xy 0.156  std 0.266  lr 1.0e-04  fps   8820  4354.5s
it 14789/15000  reward     nan  ep_len    nan  fell    0  err_xy 0.130  std 0.266  lr 1.0e-04  fps   8557  4354.8s
it 14790/15000  reward     nan  ep_len    nan  fell    0  err_xy 0.083  std 0.266  lr 1.0e-04  fps   8338  4355.1s
it 14791/15000  reward     nan  ep_len    nan  fell    0  err_xy 0.062  std 0.266  lr 1.0e-04  fps   8172  4355.3s
it 14792/15000  reward     nan  ep_len    nan  fell    0  err_xy 0.045  std 0.266  lr 1.0e-04  fps   8184  4355.6s
it 14793/15000  reward     nan  ep_len    nan  fell    0  err_xy 0.043  std 0.267  lr 1.0e-04  fps   8216  4355.9s
it 14794/15000  reward     nan  ep_len    nan  fell    0  err_xy 0.038  std 0.267  lr 1.0e-04  fps   8218  4356.2s
it 14795/15000  reward     nan  ep_len    nan  fell    0  err_xy 0.032  std 0.267  lr 1.0e-04  fps   8169  4356.5s
it 14796/15000  reward     nan  ep_len    nan  fell    0  err_xy 0.027  std 0.267  lr 1.0e-04  fps   8053  4356.7s
it 14797/15000  reward     nan  ep_len    nan  fell    0  err_xy 0.025  std 0.266  lr 1.0e-04  fps   8334  4357.0s
it 14798/15000  reward     nan  ep_len    nan  fell    0  err_xy 0.026  std 0.266  lr 1.0e-04  fps   8036  4357.3s
it 14799/15000  reward     nan  ep_len    nan  fell    0  err_xy 0.018  std 0.266  lr 1.0e-04  fps   8261  4357.6s
it 14800/15000  reward   97.66  ep_len  400.0  fell    0  err_xy 0.015  std 0.266  lr 1.0e-04  fps   6727  4357.9s
eval iteration 14800:
  prone          success 100.0%  time 2.77s  peak_τ 0.96 Nm  return 31.00
  supine         success 100.0%  time 1.10s  peak_τ 0.92 Nm  return 35.88
  score 1.000
it 14801/15000  reward     nan  ep_len    nan  fell    0  err_xy 0.278  std 0.266  lr 1.0e-04  fps   9800  4359.4s
it 14802/15000  reward     nan  ep_len    nan  fell    0  err_xy 0.214  std 0.266  lr 1.0e-04  fps   9711  4359.6s
it 14803/15000  reward     nan  ep_len    nan  fell    0  err_xy 0.163  std 0.266  lr 1.0e-04  fps   7856  4359.9s
it 14804/15000  reward     nan  ep_len    nan  fell    0  err_xy 0.140  std 0.266  lr 1.0e-04  fps   8933  4360.2s
it 14805/15000  reward     nan  ep_len    nan  fell    0  err_xy 0.117  std 0.266  lr 1.0e-04  fps   8368  4360.4s
it 14806/15000  reward     nan  ep_len    nan  fell    0  err_xy 0.085  std 0.266  lr 1.0e-04  fps   8345  4360.7s
it 14807/15000  reward     nan  ep_len    nan  fell    0  err_xy 0.075  std 0.266  lr 1.0e-04  fps   7912  4361.0s
it 14808/15000  reward     nan  ep_len    nan  fell    0  err_xy 0.073  std 0.266  lr 1.0e-04  fps   8249  4361.3s
it 14809/15000  reward     nan  ep_len    nan  fell    0  err_xy 0.044  std 0.266  lr 1.0e-04  fps   8199  4361.6s
it 14810/15000  reward     nan  ep_len    nan  fell    0  err_xy 0.034  std 0.266  lr 1.0e-04  fps   8172  4361.9s
it 14811/15000  reward     nan  ep_len    nan  fell    0  err_xy 0.028  std 0.266  lr 1.0e-04  fps   8261  4362.1s
it 14812/15000  reward     nan  ep_len    nan  fell    0  err_xy 0.021  std 0.266  lr 1.0e-04  fps   8245  4362.4s
it 14813/15000  reward     nan  ep_len    nan  fell    0  err_xy 0.018  std 0.266  lr 1.0e-04  fps   8154  4362.7s
it 14814/15000  reward     nan  ep_len    nan  fell    0  err_xy 0.019  std 0.266  lr 1.0e-04  fps   8147  4363.0s
it 14815/15000  reward     nan  ep_len    nan  fell    0  err_xy 0.026  std 0.266  lr 1.0e-04  fps   8176  4363.3s
it 14816/15000  reward     nan  ep_len    nan  fell    0  err_xy 0.027  std 0.266  lr 1.0e-04  fps   8214  4363.5s
it 14817/15000  reward   92.11  ep_len  400.0  fell    0  err_xy 0.087  std 0.266  lr 1.0e-04  fps   6836  4363.9s
it 14818/15000  reward     nan  ep_len    nan  fell    0  err_xy 0.299  std 0.266  lr 1.0e-04  fps   9731  4364.1s
it 14819/15000  reward     nan  ep_len    nan  fell    0  err_xy 0.207  std 0.266  lr 1.0e-04  fps   9563  4364.4s
it 14820/15000  reward     nan  ep_len    nan  fell    0  err_xy 0.161  std 0.266  lr 1.0e-04  fps   9287  4364.6s
it 14821/15000  reward     nan  ep_len    nan  fell    0  err_xy 0.170  std 0.266  lr 1.0e-04  fps   8542  4364.9s
it 14822/15000  reward     nan  ep_len    nan  fell    0  err_xy 0.150  std 0.266  lr 1.0e-04  fps   8516  4365.1s
it 14823/15000  reward     nan  ep_len    nan  fell    0  err_xy 0.130  std 0.266  lr 1.0e-04  fps   8302  4365.4s
it 14824/15000  reward     nan  ep_len    nan  fell    0  err_xy 0.095  std 0.266  lr 1.0e-04  fps   8479  4365.7s
it 14825/15000  reward     nan  ep_len    nan  fell    0  err_xy 0.067  std 0.266  lr 1.0e-04  fps   8290  4366.0s
it 14826/15000  reward     nan  ep_len    nan  fell    0  err_xy 0.049  std 0.266  lr 1.0e-04  fps   8301  4366.3s
it 14827/15000  reward     nan  ep_len    nan  fell    0  err_xy 0.038  std 0.266  lr 1.0e-04  fps   7943  4366.5s
it 14828/15000  reward     nan  ep_len    nan  fell    0  err_xy 0.034  std 0.266  lr 1.0e-04  fps   8046  4366.8s
it 14829/15000  reward     nan  ep_len    nan  fell    0  err_xy 0.038  std 0.266  lr 1.0e-04  fps   8156  4367.1s
it 14830/15000  reward     nan  ep_len    nan  fell    0  err_xy 0.029  std 0.266  lr 1.0e-04  fps   8220  4367.4s
it 14831/15000  reward     nan  ep_len    nan  fell    0  err_xy 0.021  std 0.266  lr 1.0e-04  fps   8235  4367.7s
it 14832/15000  reward     nan  ep_len    nan  fell    0  err_xy 0.022  std 0.266  lr 1.0e-04  fps   8290  4368.0s
it 14833/15000  reward     nan  ep_len    nan  fell    0  err_xy 0.024  std 0.266  lr 1.0e-04  fps   8245  4368.2s
it 14834/15000  reward   92.89  ep_len  400.0  fell    0  err_xy 0.203  std 0.266  lr 1.0e-04  fps   7427  4368.5s
it 14835/15000  reward     nan  ep_len    nan  fell    0  err_xy 0.283  std 0.266  lr 1.0e-04  fps   9727  4368.8s
it 14836/15000  reward     nan  ep_len    nan  fell    0  err_xy 0.202  std 0.266  lr 1.0e-04  fps   9564  4369.0s
it 14837/15000  reward     nan  ep_len    nan  fell    0  err_xy 0.197  std 0.266  lr 1.0e-04  fps   9181  4369.3s
it 14838/15000  reward     nan  ep_len    nan  fell    0  err_xy 0.178  std 0.266  lr 1.0e-04  fps   8871  4369.5s
it 14839/15000  reward     nan  ep_len    nan  fell    0  err_xy 0.154  std 0.266  lr 1.0e-04  fps   8618  4369.8s
it 14840/15000  reward     nan  ep_len    nan  fell    0  err_xy 0.109  std 0.266  lr 1.0e-04  fps   8493  4370.1s
it 14841/15000  reward     nan  ep_len    nan  fell    0  err_xy 0.089  std 0.266  lr 1.0e-04  fps   8274  4370.3s
it 14842/15000  reward     nan  ep_len    nan  fell    0  err_xy 0.069  std 0.266  lr 1.0e-04  fps   7845  4370.6s
it 14843/15000  reward     nan  ep_len    nan  fell    0  err_xy 0.058  std 0.266  lr 1.0e-04  fps   8139  4370.9s
it 14844/15000  reward     nan  ep_len    nan  fell    0  err_xy 0.052  std 0.266  lr 1.0e-04  fps   7886  4371.2s
it 14845/15000  reward     nan  ep_len    nan  fell    0  err_xy 0.047  std 0.266  lr 1.0e-04  fps   8272  4371.5s
it 14846/15000  reward     nan  ep_len    nan  fell    0  err_xy 0.044  std 0.266  lr 1.0e-04  fps   8217  4371.8s
it 14847/15000  reward     nan  ep_len    nan  fell    0  err_xy 0.034  std 0.266  lr 1.0e-04  fps   8159  4372.1s
it 14848/15000  reward     nan  ep_len    nan  fell    0  err_xy 0.027  std 0.267  lr 1.0e-04  fps   8211  4372.3s
it 14849/15000  reward     nan  ep_len    nan  fell    0  err_xy 0.023  std 0.267  lr 1.0e-04  fps   8260  4372.6s
it 14850/15000  reward   92.25  ep_len  400.0  fell    0  err_xy 0.019  std 0.266  lr 1.0e-04  fps   6801  4373.0s
it 14851/15000  reward     nan  ep_len    nan  fell    0  err_xy 0.282  std 0.266  lr 1.0e-04  fps   9822  4373.2s
it 14852/15000  reward     nan  ep_len    nan  fell    0  err_xy 0.212  std 0.266  lr 1.0e-04  fps   9668  4373.4s
it 14853/15000  reward     nan  ep_len    nan  fell    0  err_xy 0.178  std 0.266  lr 1.0e-04  fps   9328  4373.7s
it 14854/15000  reward     nan  ep_len    nan  fell    0  err_xy 0.169  std 0.266  lr 1.0e-04  fps   9204  4373.9s
it 14855/15000  reward     nan  ep_len    nan  fell    0  err_xy 0.149  std 0.266  lr 1.0e-04  fps   8952  4374.2s
it 14856/15000  reward     nan  ep_len    nan  fell    0  err_xy 0.120  std 0.266  lr 1.0e-04  fps   8733  4374.5s
it 14857/15000  reward     nan  ep_len    nan  fell    0  err_xy 0.100  std 0.267  lr 1.0e-04  fps   8351  4374.7s
it 14858/15000  reward     nan  ep_len    nan  fell    0  err_xy 0.094  std 0.267  lr 1.0e-04  fps   8441  4375.0s
it 14859/15000  reward     nan  ep_len    nan  fell    0  err_xy 0.074  std 0.267  lr 1.0e-04  fps   8232  4375.3s
it 14860/15000  reward     nan  ep_len    nan  fell    0  err_xy 0.058  std 0.267  lr 1.0e-04  fps   8314  4375.6s
it 14861/15000  reward     nan  ep_len    nan  fell    0  err_xy 0.044  std 0.267  lr 1.0e-04  fps   8341  4375.8s
it 14862/15000  reward     nan  ep_len    nan  fell    0  err_xy 0.032  std 0.267  lr 1.0e-04  fps   8360  4376.1s
it 14863/15000  reward     nan  ep_len    nan  fell    0  err_xy 0.021  std 0.266  lr 1.0e-04  fps   8284  4376.4s
it 14864/15000  reward     nan  ep_len    nan  fell    0  err_xy 0.022  std 0.266  lr 1.0e-04  fps   8331  4376.7s
it 14865/15000  reward     nan  ep_len    nan  fell    0  err_xy 0.024  std 0.266  lr 1.0e-04  fps   8423  4376.9s
it 14866/15000  reward     nan  ep_len    nan  fell    0  err_xy 0.018  std 0.266  lr 1.0e-04  fps   7920  4377.2s
it 14867/15000  reward   91.02  ep_len  400.0  fell    0  err_xy 0.084  std 0.266  lr 1.0e-04  fps   6727  4377.6s
it 14868/15000  reward     nan  ep_len    nan  fell    0  err_xy 0.284  std 0.266  lr 1.0e-04  fps   9495  4377.8s
it 14869/15000  reward     nan  ep_len    nan  fell    0  err_xy 0.199  std 0.266  lr 1.0e-04  fps   8911  4378.1s
it 14870/15000  reward     nan  ep_len    nan  fell    0  err_xy 0.144  std 0.266  lr 1.0e-04  fps   9281  4378.3s
it 14871/15000  reward     nan  ep_len    nan  fell    0  err_xy 0.151  std 0.266  lr 1.0e-04  fps   8986  4378.6s
it 14872/15000  reward     nan  ep_len    nan  fell    0  err_xy 0.155  std 0.267  lr 1.0e-04  fps   9003  4378.8s
it 14873/15000  reward     nan  ep_len    nan  fell    0  err_xy 0.124  std 0.267  lr 1.0e-04  fps   8919  4379.1s
it 14874/15000  reward     nan  ep_len    nan  fell    0  err_xy 0.082  std 0.267  lr 1.0e-04  fps   8515  4379.4s
it 14875/15000  reward     nan  ep_len    nan  fell    0  err_xy 0.067  std 0.267  lr 1.0e-04  fps   8422  4379.6s
it 14876/15000  reward     nan  ep_len    nan  fell    0  err_xy 0.060  std 0.267  lr 1.0e-04  fps   8374  4379.9s
it 14877/15000  reward     nan  ep_len    nan  fell    0  err_xy 0.051  std 0.267  lr 1.0e-04  fps   8572  4380.2s
it 14878/15000  reward     nan  ep_len    nan  fell    0  err_xy 0.040  std 0.267  lr 1.0e-04  fps   8069  4380.5s
it 14879/15000  reward     nan  ep_len    nan  fell    0  err_xy 0.037  std 0.267  lr 1.0e-04  fps   8362  4380.7s
it 14880/15000  reward     nan  ep_len    nan  fell    0  err_xy 0.032  std 0.267  lr 1.0e-04  fps   8214  4381.0s
it 14881/15000  reward     nan  ep_len    nan  fell    0  err_xy 0.029  std 0.267  lr 1.0e-04  fps   8326  4381.3s
it 14882/15000  reward     nan  ep_len    nan  fell    0  err_xy 0.027  std 0.267  lr 1.0e-04  fps   8222  4381.6s
it 14883/15000  reward     nan  ep_len    nan  fell    0  err_xy 0.026  std 0.267  lr 1.0e-04  fps   8483  4381.9s
it 14884/15000  reward   85.18  ep_len  400.0  fell    0  err_xy 0.191  std 0.267  lr 1.0e-04  fps   7428  4382.2s
it 14885/15000  reward     nan  ep_len    nan  fell    0  err_xy 0.239  std 0.267  lr 1.0e-04  fps  10117  4382.4s
it 14886/15000  reward     nan  ep_len    nan  fell    0  err_xy 0.176  std 0.267  lr 1.0e-04  fps   9752  4382.6s
it 14887/15000  reward     nan  ep_len    nan  fell    0  err_xy 0.146  std 0.267  lr 1.0e-04  fps   9541  4382.9s
it 14888/15000  reward     nan  ep_len    nan  fell    0  err_xy 0.159  std 0.267  lr 1.0e-04  fps   9434  4383.1s
it 14889/15000  reward     nan  ep_len    nan  fell    0  err_xy 0.156  std 0.267  lr 1.0e-04  fps   7954  4383.4s
it 14890/15000  reward     nan  ep_len    nan  fell    0  err_xy 0.112  std 0.266  lr 1.0e-04  fps   8547  4383.7s
it 14891/15000  reward     nan  ep_len    nan  fell    0  err_xy 0.086  std 0.266  lr 1.0e-04  fps   8412  4384.0s
it 14892/15000  reward     nan  ep_len    nan  fell    0  err_xy 0.070  std 0.267  lr 1.0e-04  fps   8488  4384.2s
it 14893/15000  reward     nan  ep_len    nan  fell    0  err_xy 0.064  std 0.267  lr 1.0e-04  fps   8405  4384.5s
it 14894/15000  reward     nan  ep_len    nan  fell    0  err_xy 0.050  std 0.267  lr 1.0e-04  fps   8095  4384.8s
it 14895/15000  reward     nan  ep_len    nan  fell    0  err_xy 0.033  std 0.267  lr 1.0e-04  fps   8067  4385.1s
it 14896/15000  reward     nan  ep_len    nan  fell    0  err_xy 0.037  std 0.267  lr 1.0e-04  fps   8479  4385.3s
it 14897/15000  reward     nan  ep_len    nan  fell    0  err_xy 0.030  std 0.267  lr 1.0e-04  fps   8485  4385.6s
it 14898/15000  reward     nan  ep_len    nan  fell    0  err_xy 0.026  std 0.267  lr 1.0e-04  fps   8465  4385.9s
it 14899/15000  reward     nan  ep_len    nan  fell    0  err_xy 0.018  std 0.266  lr 1.0e-04  fps   8619  4386.2s
it 14900/15000  reward   84.51  ep_len  400.0  fell    0  err_xy 0.020  std 0.266  lr 1.0e-04  fps   6935  4386.5s
it 14901/15000  reward     nan  ep_len    nan  fell    0  err_xy 0.301  std 0.266  lr 1.0e-04  fps   9938  4386.7s
it 14902/15000  reward     nan  ep_len    nan  fell    0  err_xy 0.249  std 0.266  lr 1.0e-04  fps   9456  4387.0s
it 14903/15000  reward     nan  ep_len    nan  fell    0  err_xy 0.170  std 0.266  lr 1.0e-04  fps   9434  4387.2s
it 14904/15000  reward     nan  ep_len    nan  fell    0  err_xy 0.152  std 0.266  lr 1.0e-04  fps   9010  4387.5s
it 14905/15000  reward     nan  ep_len    nan  fell    0  err_xy 0.162  std 0.266  lr 1.0e-04  fps   8804  4387.7s
it 14906/15000  reward     nan  ep_len    nan  fell    0  err_xy 0.153  std 0.266  lr 1.0e-04  fps   8697  4388.0s
it 14907/15000  reward     nan  ep_len    nan  fell    0  err_xy 0.125  std 0.266  lr 1.0e-04  fps   8529  4388.3s
it 14908/15000  reward     nan  ep_len    nan  fell    0  err_xy 0.088  std 0.266  lr 1.0e-04  fps   8388  4388.5s
it 14909/15000  reward     nan  ep_len    nan  fell    0  err_xy 0.074  std 0.266  lr 1.0e-04  fps   8251  4388.8s
it 14910/15000  reward     nan  ep_len    nan  fell    0  err_xy 0.058  std 0.267  lr 1.0e-04  fps   8173  4389.1s
it 14911/15000  reward     nan  ep_len    nan  fell    0  err_xy 0.047  std 0.267  lr 1.0e-04  fps   8134  4389.4s
it 14912/15000  reward     nan  ep_len    nan  fell    0  err_xy 0.035  std 0.267  lr 1.0e-04  fps   8201  4389.7s
it 14913/15000  reward     nan  ep_len    nan  fell    0  err_xy 0.038  std 0.267  lr 1.0e-04  fps   8262  4389.9s
it 14914/15000  reward     nan  ep_len    nan  fell    0  err_xy 0.048  std 0.267  lr 1.0e-04  fps   8253  4390.2s
it 14915/15000  reward     nan  ep_len    nan  fell    0  err_xy 0.049  std 0.267  lr 1.0e-04  fps   8356  4390.5s
it 14916/15000  reward     nan  ep_len    nan  fell    0  err_xy 0.037  std 0.267  lr 1.0e-04  fps   8530  4390.8s
it 14917/15000  reward   75.64  ep_len  400.0  fell    0  err_xy 0.087  std 0.267  lr 1.0e-04  fps   7011  4391.1s
it 14918/15000  reward     nan  ep_len    nan  fell    0  err_xy 0.302  std 0.267  lr 1.0e-04  fps  10160  4391.3s
it 14919/15000  reward     nan  ep_len    nan  fell    0  err_xy 0.231  std 0.267  lr 1.0e-04  fps   9787  4391.6s
it 14920/15000  reward     nan  ep_len    nan  fell    0  err_xy 0.187  std 0.267  lr 1.0e-04  fps   9532  4391.8s
it 14921/15000  reward     nan  ep_len    nan  fell    0  err_xy 0.200  std 0.267  lr 1.0e-04  fps   9235  4392.1s
it 14922/15000  reward     nan  ep_len    nan  fell    0  err_xy 0.161  std 0.267  lr 1.0e-04  fps   8889  4392.3s
it 14923/15000  reward     nan  ep_len    nan  fell    0  err_xy 0.133  std 0.267  lr 1.0e-04  fps   8566  4392.6s
it 14924/15000  reward     nan  ep_len    nan  fell    0  err_xy 0.103  std 0.267  lr 1.0e-04  fps   8629  4392.9s
it 14925/15000  reward     nan  ep_len    nan  fell    0  err_xy 0.069  std 0.267  lr 1.0e-04  fps   8494  4393.1s
it 14926/15000  reward     nan  ep_len    nan  fell    0  err_xy 0.055  std 0.267  lr 1.0e-04  fps   8400  4393.4s
it 14927/15000  reward     nan  ep_len    nan  fell    0  err_xy 0.053  std 0.267  lr 1.0e-04  fps   8422  4393.7s
it 14928/15000  reward     nan  ep_len    nan  fell    0  err_xy 0.045  std 0.267  lr 1.0e-04  fps   8403  4393.9s
it 14929/15000  reward     nan  ep_len    nan  fell    0  err_xy 0.046  std 0.267  lr 1.0e-04  fps   8478  4394.2s
it 14930/15000  reward     nan  ep_len    nan  fell    0  err_xy 0.039  std 0.267  lr 1.0e-04  fps   8397  4394.5s
it 14931/15000  reward     nan  ep_len    nan  fell    0  err_xy 0.029  std 0.267  lr 1.0e-04  fps   8393  4394.8s
it 14932/15000  reward     nan  ep_len    nan  fell    0  err_xy 0.029  std 0.266  lr 1.0e-04  fps   8358  4395.0s
it 14933/15000  reward     nan  ep_len    nan  fell    0  err_xy 0.024  std 0.266  lr 1.0e-04  fps   8602  4395.3s
it 14934/15000  reward   83.79  ep_len  400.0  fell    0  err_xy 0.204  std 0.266  lr 1.0e-04  fps   7287  4395.6s
it 14935/15000  reward     nan  ep_len    nan  fell    0  err_xy 0.291  std 0.266  lr 1.0e-04  fps  10107  4395.9s
it 14936/15000  reward     nan  ep_len    nan  fell    0  err_xy 0.226  std 0.266  lr 1.0e-04  fps   9883  4396.1s
it 14937/15000  reward     nan  ep_len    nan  fell    0  err_xy 0.215  std 0.266  lr 1.0e-04  fps   9529  4396.3s
it 14938/15000  reward     nan  ep_len    nan  fell    0  err_xy 0.197  std 0.266  lr 1.0e-04  fps   9312  4396.6s
it 14939/15000  reward     nan  ep_len    nan  fell    0  err_xy 0.156  std 0.266  lr 1.0e-04  fps   8865  4396.8s
it 14940/15000  reward     nan  ep_len    nan  fell    0  err_xy 0.117  std 0.266  lr 1.0e-04  fps   8860  4397.1s
it 14941/15000  reward     nan  ep_len    nan  fell    0  err_xy 0.105  std 0.266  lr 1.0e-04  fps   8852  4397.4s
it 14942/15000  reward     nan  ep_len    nan  fell    0  err_xy 0.073  std 0.266  lr 1.0e-04  fps   8622  4397.6s
it 14943/15000  reward     nan  ep_len    nan  fell    0  err_xy 0.058  std 0.267  lr 1.0e-04  fps   8445  4397.9s
it 14944/15000  reward     nan  ep_len    nan  fell    0  err_xy 0.056  std 0.267  lr 1.0e-04  fps   8264  4398.2s
it 14945/15000  reward     nan  ep_len    nan  fell    0  err_xy 0.051  std 0.267  lr 1.0e-04  fps   8320  4398.5s
it 14946/15000  reward     nan  ep_len    nan  fell    0  err_xy 0.035  std 0.267  lr 1.0e-04  fps   7838  4398.8s
it 14947/15000  reward     nan  ep_len    nan  fell    0  err_xy 0.031  std 0.267  lr 1.0e-04  fps   8367  4399.0s
it 14948/15000  reward     nan  ep_len    nan  fell    0  err_xy 0.027  std 0.267  lr 1.0e-04  fps   8006  4399.3s
it 14949/15000  reward     nan  ep_len    nan  fell    0  err_xy 0.028  std 0.266  lr 1.0e-04  fps   8234  4399.6s
it 14950/15000  reward   85.61  ep_len  400.0  fell    0  err_xy 0.026  std 0.266  lr 1.0e-04  fps   6698  4399.9s
it 14951/15000  reward     nan  ep_len    nan  fell    0  err_xy 0.299  std 0.266  lr 1.0e-04  fps   9746  4400.2s
it 14952/15000  reward     nan  ep_len    nan  fell    0  err_xy 0.258  std 0.266  lr 1.0e-04  fps   9765  4400.4s
it 14953/15000  reward     nan  ep_len    nan  fell    0  err_xy 0.187  std 0.266  lr 1.0e-04  fps   9464  4400.7s
it 14954/15000  reward     nan  ep_len    nan  fell    0  err_xy 0.169  std 0.266  lr 1.0e-04  fps   9107  4400.9s
it 14955/15000  reward     nan  ep_len    nan  fell    0  err_xy 0.169  std 0.266  lr 1.0e-04  fps   8926  4401.2s
it 14956/15000  reward     nan  ep_len    nan  fell    0  err_xy 0.125  std 0.266  lr 1.0e-04  fps   8875  4401.4s
it 14957/15000  reward     nan  ep_len    nan  fell    0  err_xy 0.113  std 0.266  lr 1.0e-04  fps   8804  4401.7s
it 14958/15000  reward     nan  ep_len    nan  fell    0  err_xy 0.095  std 0.266  lr 1.0e-04  fps   8888  4401.9s
it 14959/15000  reward     nan  ep_len    nan  fell    0  err_xy 0.064  std 0.266  lr 1.0e-04  fps   8292  4402.2s
it 14960/15000  reward     nan  ep_len    nan  fell    0  err_xy 0.056  std 0.267  lr 1.0e-04  fps   8540  4402.5s
it 14961/15000  reward     nan  ep_len    nan  fell    0  err_xy 0.047  std 0.267  lr 1.0e-04  fps   8293  4402.8s
it 14962/15000  reward     nan  ep_len    nan  fell    0  err_xy 0.046  std 0.267  lr 1.0e-04  fps   8241  4403.1s
it 14963/15000  reward     nan  ep_len    nan  fell    0  err_xy 0.039  std 0.267  lr 1.0e-04  fps   8190  4403.3s
it 14964/15000  reward     nan  ep_len    nan  fell    0  err_xy 0.040  std 0.267  lr 1.0e-04  fps   8365  4403.6s
it 14965/15000  reward     nan  ep_len    nan  fell    0  err_xy 0.038  std 0.267  lr 1.0e-04  fps   8413  4403.9s
it 14966/15000  reward     nan  ep_len    nan  fell    0  err_xy 0.036  std 0.267  lr 1.0e-04  fps   8537  4404.2s
it 14967/15000  reward   74.66  ep_len  400.0  fell    0  err_xy 0.089  std 0.267  lr 1.0e-04  fps   6231  4404.5s
it 14968/15000  reward     nan  ep_len    nan  fell    0  err_xy 0.317  std 0.267  lr 1.0e-04  fps   9067  4404.8s
it 14969/15000  reward     nan  ep_len    nan  fell    0  err_xy 0.213  std 0.267  lr 1.0e-04  fps   9600  4405.0s
it 14970/15000  reward     nan  ep_len    nan  fell    0  err_xy 0.152  std 0.267  lr 1.0e-04  fps   9266  4405.3s
it 14971/15000  reward     nan  ep_len    nan  fell    0  err_xy 0.170  std 0.267  lr 1.0e-04  fps   8882  4405.5s
it 14972/15000  reward     nan  ep_len    nan  fell    0  err_xy 0.167  std 0.267  lr 1.0e-04  fps   8716  4405.8s
it 14973/15000  reward     nan  ep_len    nan  fell    0  err_xy 0.140  std 0.267  lr 1.0e-04  fps   8781  4406.1s
it 14974/15000  reward     nan  ep_len    nan  fell    0  err_xy 0.116  std 0.267  lr 1.0e-04  fps   8192  4406.3s
it 14975/15000  reward     nan  ep_len    nan  fell    0  err_xy 0.092  std 0.267  lr 1.0e-04  fps   8382  4406.6s
it 14976/15000  reward     nan  ep_len    nan  fell    0  err_xy 0.070  std 0.267  lr 1.0e-04  fps   8168  4406.9s
it 14977/15000  reward     nan  ep_len    nan  fell    0  err_xy 0.058  std 0.267  lr 1.0e-04  fps   8111  4407.2s
it 14978/15000  reward     nan  ep_len    nan  fell    0  err_xy 0.045  std 0.267  lr 1.0e-04  fps   8235  4407.5s
it 14979/15000  reward     nan  ep_len    nan  fell    0  err_xy 0.034  std 0.267  lr 1.0e-04  fps   8184  4407.7s
it 14980/15000  reward     nan  ep_len    nan  fell    0  err_xy 0.032  std 0.267  lr 1.0e-04  fps   8201  4408.0s
it 14981/15000  reward     nan  ep_len    nan  fell    0  err_xy 0.035  std 0.267  lr 1.0e-04  fps   8142  4408.3s
it 14982/15000  reward     nan  ep_len    nan  fell    0  err_xy 0.031  std 0.267  lr 1.0e-04  fps   8215  4408.6s
it 14983/15000  reward     nan  ep_len    nan  fell    0  err_xy 0.026  std 0.267  lr 1.0e-04  fps   8067  4408.9s
it 14984/15000  reward   81.05  ep_len  400.0  fell    0  err_xy 0.185  std 0.267  lr 1.0e-04  fps   7144  4409.2s
it 14985/15000  reward     nan  ep_len    nan  fell    0  err_xy 0.256  std 0.267  lr 1.0e-04  fps   9140  4409.5s
it 14986/15000  reward     nan  ep_len    nan  fell    0  err_xy 0.180  std 0.267  lr 1.0e-04  fps   8088  4409.7s
it 14987/15000  reward     nan  ep_len    nan  fell    0  err_xy 0.164  std 0.267  lr 1.0e-04  fps   6785  4410.1s
it 14988/15000  reward     nan  ep_len    nan  fell    0  err_xy 0.169  std 0.267  lr 1.0e-04  fps   8973  4410.3s
it 14989/15000  reward     nan  ep_len    nan  fell    0  err_xy 0.143  std 0.267  lr 1.0e-04  fps   7888  4410.6s
it 14990/15000  reward     nan  ep_len    nan  fell    0  err_xy 0.112  std 0.267  lr 1.0e-04  fps   8568  4410.9s
it 14991/15000  reward     nan  ep_len    nan  fell    0  err_xy 0.093  std 0.267  lr 1.0e-04  fps   8371  4411.2s
it 14992/15000  reward     nan  ep_len    nan  fell    0  err_xy 0.097  std 0.267  lr 1.0e-04  fps   8384  4411.4s
it 14993/15000  reward     nan  ep_len    nan  fell    0  err_xy 0.090  std 0.267  lr 1.0e-04  fps   8394  4411.7s
it 14994/15000  reward     nan  ep_len    nan  fell    0  err_xy 0.066  std 0.267  lr 1.0e-04  fps   8206  4412.0s
it 14995/15000  reward     nan  ep_len    nan  fell    0  err_xy 0.051  std 0.267  lr 1.0e-04  fps   8327  4412.3s
it 14996/15000  reward     nan  ep_len    nan  fell    0  err_xy 0.045  std 0.267  lr 1.0e-04  fps   8340  4412.6s
it 14997/15000  reward     nan  ep_len    nan  fell    0  err_xy 0.042  std 0.267  lr 1.0e-04  fps   8314  4412.8s
it 14998/15000  reward     nan  ep_len    nan  fell    0  err_xy 0.038  std 0.267  lr 1.0e-04  fps   8240  4413.1s
it 14999/15000  reward     nan  ep_len    nan  fell    0  err_xy 0.035  std 0.267  lr 1.0e-04  fps   8114  4413.4s
it 15000/15000  reward   80.28  ep_len  400.0  fell    0  err_xy 0.026  std 0.267  lr 1.0e-04  fps   6553  4413.7s
eval iteration 15000:
  prone          success  75.0%  time 4.27s  peak_τ 0.95 Nm  return 15.94
  supine         success 100.0%  time 1.36s  peak_τ 0.93 Nm  return 35.05
  score 0.875
best 1: iteration 13800 score 1.000
best 2: iteration 14000 score 1.000
best 3: iteration 14800 score 1.000
policy file robots/microban/policies/getup_discover.nnm = checkpoint of iteration 13800 (score 1.000)
wrote robots/microban/policies/getup_discover.nnm (211530 bytes). last iteration: max |train - deployed| = 5.99e-01
final evaluation of getup_discover.nnm (iteration 13800, deployed int8 network):
  prone          success  62.5%  time 4.27s  peak_τ 0.96 Nm  return 21.16
  supine         success 100.0%  time 1.14s  peak_τ 0.90 Nm  return 38.11
  score 0.812
curves: robots/microban/policies/getup_discover_run/training_curves.png
