initialised actor and normalizer from robots/microban/policies/getup_discover.nnm; exploration std 0.1
gesture getup: std [0.25, 0.25, 0.25, 0.20000000298023224, 0.20000000298023224, 0.20000000298023224, 0.20000000298023224, 0.20000000298023224, 0.20000000298023224, 0.25, 0.25, 0.25, 0.20000000298023224, 0.20000000298023224, 0.20000000298023224, 0.20000000298023224, 0.20000000298023224, 0.20000000298023224] (capped), fixed learning rate
eval iteration 0:
  prone          success   0.0%  time 18.16s  peak_τ 0.96 Nm  return 171.77
  supine         success   0.0%  time 18.16s  peak_τ 0.96 Nm  return 126.36
  score 0.000
/Users/robertonavoni/Desktop/Lavoro/Progetti-2026/Progetti Software/microduck-ap-ppo-sitl/tools/robots/train_velocity.py:835: UserWarning: Converting a tensor with requires_grad=True to a scalar may lead to unexpected behavior.
Consider using tensor.detach() first. (Triggered internally at /Users/runner/work/pytorch/pytorch/torch/csrc/autograd/generated/python_variable_methods.cpp:821.)
  "Policy/mean_std": float(log_std.exp().mean()),
it    1/4000  reward     nan  ep_len    nan  fell    0  err_xy 0.251  std 0.217  lr 1.0e-04  fps   8073     0.3s
it    2/4000  reward     nan  ep_len    nan  fell    0  err_xy 0.260  std 0.217  lr 1.0e-04  fps   9097     0.5s
it    3/4000  reward     nan  ep_len    nan  fell    0  err_xy 0.207  std 0.217  lr 1.0e-04  fps   9302     0.8s
it    4/4000  reward     nan  ep_len    nan  fell    0  err_xy 0.165  std 0.217  lr 1.0e-04  fps   8792     1.0s
it    5/4000  reward     nan  ep_len    nan  fell    0  err_xy 0.166  std 0.217  lr 1.0e-04  fps   8361     1.3s
it    6/4000  reward     nan  ep_len    nan  fell    0  err_xy 0.132  std 0.217  lr 1.0e-04  fps   8217     1.6s
it    7/4000  reward     nan  ep_len    nan  fell    0  err_xy 0.081  std 0.217  lr 1.0e-04  fps   8542     1.9s
it    8/4000  reward     nan  ep_len    nan  fell    0  err_xy 0.058  std 0.217  lr 1.0e-04  fps   8301     2.2s
it    9/4000  reward     nan  ep_len    nan  fell    0  err_xy 0.059  std 0.217  lr 1.0e-04  fps   8267     2.4s
it   10/4000  reward     nan  ep_len    nan  fell    0  err_xy 0.053  std 0.217  lr 1.0e-04  fps   8416     2.7s
it   11/4000  reward     nan  ep_len    nan  fell    0  err_xy 0.031  std 0.217  lr 1.0e-04  fps   8239     3.0s
it   12/4000  reward     nan  ep_len    nan  fell    0  err_xy 0.027  std 0.217  lr 1.0e-04  fps   8037     3.3s
it   13/4000  reward     nan  ep_len    nan  fell    0  err_xy 0.030  std 0.217  lr 1.0e-04  fps   8039     3.6s
it   14/4000  reward     nan  ep_len    nan  fell    0  err_xy 0.018  std 0.217  lr 1.0e-04  fps   8043     3.8s
it   15/4000  reward     nan  ep_len    nan  fell    0  err_xy 0.019  std 0.217  lr 1.0e-04  fps   7541     4.2s
it   16/4000  reward     nan  ep_len    nan  fell    0  err_xy 0.019  std 0.217  lr 1.0e-04  fps   7655     4.5s
it   17/4000  reward     nan  ep_len    nan  fell    0  err_xy 0.021  std 0.217  lr 1.0e-04  fps   8104     4.7s
it   18/4000  reward     nan  ep_len    nan  fell    0  err_xy 0.019  std 0.217  lr 1.0e-04  fps   7168     5.1s
it   19/4000  reward     nan  ep_len    nan  fell    0  err_xy 0.017  std 0.217  lr 1.0e-04  fps   7890     5.4s
it   20/4000  reward     nan  ep_len    nan  fell    0  err_xy 0.016  std 0.217  lr 1.0e-04  fps   7848     5.6s
it   21/4000  reward     nan  ep_len    nan  fell    0  err_xy 0.013  std 0.217  lr 1.0e-04  fps   7930     5.9s
it   22/4000  reward     nan  ep_len    nan  fell    0  err_xy 0.013  std 0.217  lr 1.0e-04  fps   7779     6.2s
it   23/4000  reward     nan  ep_len    nan  fell    0  err_xy 0.014  std 0.217  lr 1.0e-04  fps   7835     6.5s
it   24/4000  reward     nan  ep_len    nan  fell    0  err_xy 0.015  std 0.217  lr 1.0e-04  fps   7924     6.8s
it   25/4000  reward     nan  ep_len    nan  fell    0  err_xy 0.012  std 0.217  lr 1.0e-04  fps   7475     7.1s
it   26/4000  reward     nan  ep_len    nan  fell    0  err_xy 0.012  std 0.217  lr 1.0e-04  fps   5637     7.5s
it   27/4000  reward     nan  ep_len    nan  fell    0  err_xy 0.011  std 0.217  lr 1.0e-04  fps   7156     7.9s
it   28/4000  reward     nan  ep_len    nan  fell    0  err_xy 0.009  std 0.217  lr 1.0e-04  fps   7356     8.2s
it   29/4000  reward     nan  ep_len    nan  fell    0  err_xy 0.009  std 0.217  lr 1.0e-04  fps   7529     8.5s
it   30/4000  reward     nan  ep_len    nan  fell    0  err_xy 0.008  std 0.217  lr 1.0e-04  fps   7402     8.8s
it   31/4000  reward     nan  ep_len    nan  fell    0  err_xy 0.008  std 0.217  lr 1.0e-04  fps   7558     9.1s
it   32/4000  reward     nan  ep_len    nan  fell    0  err_xy 0.008  std 0.217  lr 1.0e-04  fps   7740     9.4s
it   33/4000  reward     nan  ep_len    nan  fell    0  err_xy 0.008  std 0.216  lr 1.0e-04  fps   7775     9.7s
it   34/4000  reward     nan  ep_len    nan  fell    0  err_xy 0.008  std 0.216  lr 1.0e-04  fps   7997    10.0s
it   35/4000  reward     nan  ep_len    nan  fell    0  err_xy 0.008  std 0.216  lr 1.0e-04  fps   7641    10.3s
it   36/4000  reward     nan  ep_len    nan  fell    0  err_xy 0.008  std 0.216  lr 1.0e-04  fps   8173    10.6s
it   37/4000  reward     nan  ep_len    nan  fell    0  err_xy 0.008  std 0.216  lr 1.0e-04  fps   8287    10.8s
it   38/4000  reward  139.16  ep_len  908.0  fell    0  err_xy 0.033  std 0.216  lr 1.0e-04  fps   6933    11.2s
it   39/4000  reward     nan  ep_len    nan  fell    0  err_xy 0.232  std 0.217  lr 1.0e-04  fps   8764    11.4s
it   40/4000  reward     nan  ep_len    nan  fell    0  err_xy 0.235  std 0.217  lr 1.0e-04  fps   8835    11.7s
it   41/4000  reward     nan  ep_len    nan  fell    0  err_xy 0.172  std 0.217  lr 1.0e-04  fps   8671    12.0s
it   42/4000  reward     nan  ep_len    nan  fell    0  err_xy 0.156  std 0.217  lr 1.0e-04  fps   8470    12.2s
it   43/4000  reward     nan  ep_len    nan  fell    0  err_xy 0.141  std 0.217  lr 1.0e-04  fps   8526    12.5s
it   44/4000  reward     nan  ep_len    nan  fell    0  err_xy 0.116  std 0.217  lr 1.0e-04  fps   8196    12.8s
it   45/4000  reward     nan  ep_len    nan  fell    0  err_xy 0.112  std 0.217  lr 1.0e-04  fps   7347    13.1s
it   46/4000  reward     nan  ep_len    nan  fell    0  err_xy 0.088  std 0.217  lr 1.0e-04  fps   8062    13.4s
it   47/4000  reward     nan  ep_len    nan  fell    0  err_xy 0.093  std 0.217  lr 1.0e-04  fps   8198    13.7s
it   48/4000  reward     nan  ep_len    nan  fell    0  err_xy 0.068  std 0.217  lr 1.0e-04  fps   7596    14.0s
it   49/4000  reward     nan  ep_len    nan  fell    0  err_xy 0.055  std 0.217  lr 1.0e-04  fps   8004    14.3s
it   50/4000  reward     nan  ep_len    nan  fell    0  err_xy 0.056  std 0.217  lr 1.0e-04  fps   7001    14.6s
it   51/4000  reward     nan  ep_len    nan  fell    0  err_xy 0.058  std 0.217  lr 1.0e-04  fps   7450    14.9s
it   52/4000  reward     nan  ep_len    nan  fell    0  err_xy 0.051  std 0.217  lr 1.0e-04  fps   8542    15.2s
it   53/4000  reward     nan  ep_len    nan  fell    0  err_xy 0.043  std 0.217  lr 1.0e-04  fps   8612    15.4s
it   54/4000  reward     nan  ep_len    nan  fell    0  err_xy 0.035  std 0.217  lr 1.0e-04  fps   8405    15.7s
it   55/4000  reward     nan  ep_len    nan  fell    0  err_xy 0.035  std 0.217  lr 1.0e-04  fps   8405    16.0s
it   56/4000  reward     nan  ep_len    nan  fell    0  err_xy 0.038  std 0.217  lr 1.0e-04  fps   8610    16.3s
it   57/4000  reward     nan  ep_len    nan  fell    0  err_xy 0.037  std 0.217  lr 1.0e-04  fps   6984    16.6s
it   58/4000  reward     nan  ep_len    nan  fell    0  err_xy 0.033  std 0.217  lr 1.0e-04  fps   8316    16.9s
it   59/4000  reward     nan  ep_len    nan  fell    0  err_xy 0.026  std 0.217  lr 1.0e-04  fps   8391    17.1s
it   60/4000  reward     nan  ep_len    nan  fell    0  err_xy 0.025  std 0.217  lr 1.0e-04  fps   8286    17.4s
it   61/4000  reward     nan  ep_len    nan  fell    0  err_xy 0.024  std 0.217  lr 1.0e-04  fps   8036    17.7s
it   62/4000  reward     nan  ep_len    nan  fell    0  err_xy 0.024  std 0.217  lr 1.0e-04  fps   7907    18.0s
it   63/4000  reward     nan  ep_len    nan  fell    0  err_xy 0.029  std 0.217  lr 1.0e-04  fps   7783    18.3s
it   64/4000  reward     nan  ep_len    nan  fell    0  err_xy 0.024  std 0.217  lr 1.0e-04  fps   8159    18.6s
it   65/4000  reward     nan  ep_len    nan  fell    0  err_xy 0.022  std 0.217  lr 1.0e-04  fps   8357    18.9s
it   66/4000  reward     nan  ep_len    nan  fell    0  err_xy 0.023  std 0.217  lr 1.0e-04  fps   8465    19.1s
it   67/4000  reward     nan  ep_len    nan  fell    0  err_xy 0.028  std 0.217  lr 1.0e-04  fps   8529    19.4s
it   68/4000  reward     nan  ep_len    nan  fell    0  err_xy 0.025  std 0.217  lr 1.0e-04  fps   8037    19.7s
it   69/4000  reward     nan  ep_len    nan  fell    0  err_xy 0.018  std 0.217  lr 1.0e-04  fps   8096    20.0s
it   70/4000  reward     nan  ep_len    nan  fell    0  err_xy 0.018  std 0.217  lr 1.0e-04  fps   8529    20.2s
it   71/4000  reward     nan  ep_len    nan  fell    0  err_xy 0.013  std 0.217  lr 1.0e-04  fps   8656    20.5s
it   72/4000  reward     nan  ep_len    nan  fell    0  err_xy 0.013  std 0.217  lr 1.0e-04  fps   8643    20.8s
it   73/4000  reward     nan  ep_len    nan  fell    0  err_xy 0.014  std 0.217  lr 1.0e-04  fps   8664    21.0s
it   74/4000  reward     nan  ep_len    nan  fell    0  err_xy 0.011  std 0.217  lr 1.0e-04  fps   8641    21.3s
it   75/4000  reward     nan  ep_len    nan  fell    0  err_xy 0.010  std 0.217  lr 1.0e-04  fps   8533    21.6s
it   76/4000  reward  135.53  ep_len  908.0  fell    0  err_xy 0.066  std 0.217  lr 1.0e-04  fps   6708    21.9s
it   77/4000  reward     nan  ep_len    nan  fell    0  err_xy 0.232  std 0.217  lr 1.0e-04  fps   8601    22.2s
it   78/4000  reward     nan  ep_len    nan  fell    0  err_xy 0.190  std 0.217  lr 1.0e-04  fps   8750    22.5s
it   79/4000  reward     nan  ep_len    nan  fell    0  err_xy 0.159  std 0.217  lr 1.0e-04  fps   8730    22.7s
it   80/4000  reward     nan  ep_len    nan  fell    0  err_xy 0.191  std 0.217  lr 1.0e-04  fps   8622    23.0s
it   81/4000  reward     nan  ep_len    nan  fell    0  err_xy 0.185  std 0.217  lr 1.0e-04  fps   8598    23.3s
it   82/4000  reward     nan  ep_len    nan  fell    0  err_xy 0.204  std 0.217  lr 1.0e-04  fps   8600    23.5s
it   83/4000  reward     nan  ep_len    nan  fell    0  err_xy 0.212  std 0.217  lr 1.0e-04  fps   8456    23.8s
it   84/4000  reward     nan  ep_len    nan  fell    0  err_xy 0.203  std 0.217  lr 1.0e-04  fps   8371    24.1s
it   85/4000  reward     nan  ep_len    nan  fell    0  err_xy 0.209  std 0.217  lr 1.0e-04  fps   8061    24.4s
it   86/4000  reward     nan  ep_len    nan  fell    0  err_xy 0.218  std 0.217  lr 1.0e-04  fps   8267    24.6s
it   87/4000  reward     nan  ep_len    nan  fell    0  err_xy 0.185  std 0.217  lr 1.0e-04  fps   8069    24.9s
it   88/4000  reward     nan  ep_len    nan  fell    0  err_xy 0.167  std 0.217  lr 1.0e-04  fps   8010    25.2s
it   89/4000  reward     nan  ep_len    nan  fell    0  err_xy 0.160  std 0.217  lr 1.0e-04  fps   7852    25.5s
it   90/4000  reward     nan  ep_len    nan  fell    0  err_xy 0.159  std 0.217  lr 1.0e-04  fps   8019    25.8s
it   91/4000  reward     nan  ep_len    nan  fell    0  err_xy 0.145  std 0.217  lr 1.0e-04  fps   7675    26.1s
it   92/4000  reward     nan  ep_len    nan  fell    0  err_xy 0.129  std 0.217  lr 1.0e-04  fps   8575    26.4s
it   93/4000  reward     nan  ep_len    nan  fell    0  err_xy 0.115  std 0.217  lr 1.0e-04  fps   8695    26.6s
it   94/4000  reward     nan  ep_len    nan  fell    0  err_xy 0.112  std 0.217  lr 1.0e-04  fps   8606    26.9s
it   95/4000  reward     nan  ep_len    nan  fell    0  err_xy 0.092  std 0.217  lr 1.0e-04  fps   8502    27.2s
it   96/4000  reward     nan  ep_len    nan  fell    0  err_xy 0.094  std 0.217  lr 1.0e-04  fps   8539    27.4s
it   97/4000  reward     nan  ep_len    nan  fell    0  err_xy 0.091  std 0.217  lr 1.0e-04  fps   8666    27.7s
it   98/4000  reward     nan  ep_len    nan  fell    0  err_xy 0.098  std 0.217  lr 1.0e-04  fps   8700    28.0s
it   99/4000  reward     nan  ep_len    nan  fell    0  err_xy 0.081  std 0.217  lr 1.0e-04  fps   8709    28.2s
it  100/4000  reward     nan  ep_len    nan  fell    0  err_xy 0.087  std 0.217  lr 1.0e-04  fps   8661    28.5s
it  101/4000  reward     nan  ep_len    nan  fell    0  err_xy 0.074  std 0.217  lr 1.0e-04  fps   8588    28.8s
it  102/4000  reward     nan  ep_len    nan  fell    0  err_xy 0.074  std 0.217  lr 1.0e-04  fps   8716    29.0s
it  103/4000  reward     nan  ep_len    nan  fell    0  err_xy 0.071  std 0.217  lr 1.0e-04  fps   8613    29.3s
it  104/4000  reward     nan  ep_len    nan  fell    0  err_xy 0.079  std 0.217  lr 1.0e-04  fps   8655    29.6s
it  105/4000  reward     nan  ep_len    nan  fell    0  err_xy 0.078  std 0.217  lr 1.0e-04  fps   8648    29.8s
it  106/4000  reward     nan  ep_len    nan  fell    0  err_xy 0.069  std 0.217  lr 1.0e-04  fps   8709    30.1s
it  107/4000  reward     nan  ep_len    nan  fell    0  err_xy 0.070  std 0.217  lr 1.0e-04  fps   8508    30.4s
it  108/4000  reward     nan  ep_len    nan  fell    0  err_xy 0.063  std 0.217  lr 1.0e-04  fps   8674    30.6s
it  109/4000  reward     nan  ep_len    nan  fell    0  err_xy 0.059  std 0.217  lr 1.0e-04  fps   8450    30.9s
it  110/4000  reward     nan  ep_len    nan  fell    0  err_xy 0.058  std 0.217  lr 1.0e-04  fps   8603    31.2s
it  111/4000  reward     nan  ep_len    nan  fell    0  err_xy 0.046  std 0.217  lr 1.0e-04  fps   8458    31.4s
it  112/4000  reward     nan  ep_len    nan  fell    0  err_xy 0.045  std 0.217  lr 1.0e-04  fps   8202    31.7s
it  113/4000  reward     nan  ep_len    nan  fell    0  err_xy 0.050  std 0.217  lr 1.0e-04  fps   8211    32.0s
it  114/4000  reward  123.97  ep_len  908.0  fell    0  err_xy 0.129  std 0.217  lr 1.0e-04  fps   6649    32.4s
it  115/4000  reward     nan  ep_len    nan  fell    0  err_xy 0.266  std 0.217  lr 1.0e-04  fps   7907    32.6s
it  116/4000  reward     nan  ep_len    nan  fell    0  err_xy 0.274  std 0.217  lr 1.0e-04  fps   8287    32.9s
it  117/4000  reward     nan  ep_len    nan  fell    0  err_xy 0.234  std 0.217  lr 1.0e-04  fps   8246    33.2s
it  118/4000  reward     nan  ep_len    nan  fell    0  err_xy 0.254  std 0.217  lr 1.0e-04  fps   8540    33.5s
it  119/4000  reward     nan  ep_len    nan  fell    0  err_xy 0.259  std 0.217  lr 1.0e-04  fps   8733    33.7s
it  120/4000  reward     nan  ep_len    nan  fell    0  err_xy 0.294  std 0.217  lr 1.0e-04  fps   8778    34.0s
it  121/4000  reward     nan  ep_len    nan  fell    0  err_xy 0.278  std 0.217  lr 1.0e-04  fps   8683    34.3s
it  122/4000  reward     nan  ep_len    nan  fell    0  err_xy 0.261  std 0.217  lr 1.0e-04  fps   8811    34.5s
it  123/4000  reward     nan  ep_len    nan  fell    0  err_xy 0.218  std 0.217  lr 1.0e-04  fps   8644    34.8s
it  124/4000  reward     nan  ep_len    nan  fell    0  err_xy 0.224  std 0.217  lr 1.0e-04  fps   8767    35.1s
it  125/4000  reward     nan  ep_len    nan  fell    0  err_xy 0.209  std 0.217  lr 1.0e-04  fps   8816    35.3s
it  126/4000  reward     nan  ep_len    nan  fell    0  err_xy 0.201  std 0.217  lr 1.0e-04  fps   8826    35.6s
it  127/4000  reward     nan  ep_len    nan  fell    0  err_xy 0.174  std 0.217  lr 1.0e-04  fps   8596    35.8s
it  128/4000  reward     nan  ep_len    nan  fell    0  err_xy 0.180  std 0.217  lr 1.0e-04  fps   8725    36.1s
it  129/4000  reward     nan  ep_len    nan  fell    0  err_xy 0.166  std 0.217  lr 1.0e-04  fps   8729    36.4s
it  130/4000  reward     nan  ep_len    nan  fell    0  err_xy 0.159  std 0.217  lr 1.0e-04  fps   8595    36.6s
it  131/4000  reward     nan  ep_len    nan  fell    0  err_xy 0.153  std 0.217  lr 1.0e-04  fps   8637    36.9s
it  132/4000  reward     nan  ep_len    nan  fell    0  err_xy 0.157  std 0.217  lr 1.0e-04  fps   8680    37.2s
it  133/4000  reward     nan  ep_len    nan  fell    0  err_xy 0.148  std 0.217  lr 1.0e-04  fps   8161    37.5s
it  134/4000  reward     nan  ep_len    nan  fell    0  err_xy 0.134  std 0.217  lr 1.0e-04  fps   8564    37.7s
it  135/4000  reward     nan  ep_len    nan  fell    0  err_xy 0.132  std 0.217  lr 1.0e-04  fps   8612    38.0s
it  136/4000  reward     nan  ep_len    nan  fell    0  err_xy 0.118  std 0.217  lr 1.0e-04  fps   8444    38.3s
it  137/4000  reward     nan  ep_len    nan  fell    0  err_xy 0.129  std 0.217  lr 1.0e-04  fps   8376    38.5s
it  138/4000  reward     nan  ep_len    nan  fell    0  err_xy 0.124  std 0.217  lr 1.0e-04  fps   8535    38.8s
it  139/4000  reward     nan  ep_len    nan  fell    0  err_xy 0.110  std 0.217  lr 1.0e-04  fps   8496    39.1s
it  140/4000  reward     nan  ep_len    nan  fell    0  err_xy 0.108  std 0.217  lr 1.0e-04  fps   8399    39.4s
it  141/4000  reward     nan  ep_len    nan  fell    0  err_xy 0.097  std 0.217  lr 1.0e-04  fps   8263    39.6s
it  142/4000  reward     nan  ep_len    nan  fell    0  err_xy 0.103  std 0.217  lr 1.0e-04  fps   8264    39.9s
it  143/4000  reward     nan  ep_len    nan  fell    0  err_xy 0.105  std 0.217  lr 1.0e-04  fps   7716    40.2s
it  144/4000  reward     nan  ep_len    nan  fell    0  err_xy 0.097  std 0.217  lr 1.0e-04  fps   7790    40.5s
it  145/4000  reward     nan  ep_len    nan  fell    0  err_xy 0.096  std 0.217  lr 1.0e-04  fps   7868    40.8s
it  146/4000  reward     nan  ep_len    nan  fell    0  err_xy 0.107  std 0.217  lr 1.0e-04  fps   7967    41.1s
it  147/4000  reward     nan  ep_len    nan  fell    0  err_xy 0.088  std 0.217  lr 1.0e-04  fps   8635    41.4s
it  148/4000  reward     nan  ep_len    nan  fell    0  err_xy 0.088  std 0.217  lr 1.0e-04  fps   8404    41.6s
it  149/4000  reward     nan  ep_len    nan  fell    0  err_xy 0.088  std 0.217  lr 1.0e-04  fps   8083    41.9s
it  150/4000  reward     nan  ep_len    nan  fell    0  err_xy 0.105  std 0.217  lr 1.0e-04  fps   8001    42.2s
it  151/4000  reward     nan  ep_len    nan  fell    0  err_xy 0.110  std 0.217  lr 1.0e-04  fps   8028    42.5s
it  152/4000  reward  120.79  ep_len  908.0  fell    0  err_xy 0.190  std 0.217  lr 1.0e-04  fps   7028    42.8s
it  153/4000  reward     nan  ep_len    nan  fell    0  err_xy 0.237  std 0.217  lr 1.0e-04  fps   8617    43.1s
it  154/4000  reward     nan  ep_len    nan  fell    0  err_xy 0.223  std 0.217  lr 1.0e-04  fps   8862    43.4s
it  155/4000  reward     nan  ep_len    nan  fell    0  err_xy 0.208  std 0.217  lr 1.0e-04  fps   8883    43.6s
it  156/4000  reward     nan  ep_len    nan  fell    0  err_xy 0.188  std 0.217  lr 1.0e-04  fps   8692    43.9s
it  157/4000  reward     nan  ep_len    nan  fell    0  err_xy 0.220  std 0.217  lr 1.0e-04  fps   8533    44.2s
it  158/4000  reward     nan  ep_len    nan  fell    0  err_xy 0.243  std 0.217  lr 1.0e-04  fps   8781    44.4s
it  159/4000  reward     nan  ep_len    nan  fell    0  err_xy 0.251  std 0.217  lr 1.0e-04  fps   8827    44.7s
it  160/4000  reward     nan  ep_len    nan  fell    0  err_xy 0.243  std 0.217  lr 1.0e-04  fps   8677    44.9s
it  161/4000  reward     nan  ep_len    nan  fell    0  err_xy 0.253  std 0.217  lr 1.0e-04  fps   8829    45.2s
it  162/4000  reward     nan  ep_len    nan  fell    0  err_xy 0.247  std 0.217  lr 1.0e-04  fps   8819    45.5s
it  163/4000  reward     nan  ep_len    nan  fell    0  err_xy 0.242  std 0.217  lr 1.0e-04  fps   8657    45.7s
it  164/4000  reward     nan  ep_len    nan  fell    0  err_xy 0.255  std 0.217  lr 1.0e-04  fps   8651    46.0s
it  165/4000  reward     nan  ep_len    nan  fell    0  err_xy 0.235  std 0.217  lr 1.0e-04  fps   8380    46.3s
it  166/4000  reward     nan  ep_len    nan  fell    0  err_xy 0.213  std 0.217  lr 1.0e-04  fps   8671    46.5s
it  167/4000  reward     nan  ep_len    nan  fell    0  err_xy 0.215  std 0.217  lr 1.0e-04  fps   8534    46.8s
it  168/4000  reward     nan  ep_len    nan  fell    0  err_xy 0.226  std 0.217  lr 1.0e-04  fps   8600    47.1s
it  169/4000  reward     nan  ep_len    nan  fell    0  err_xy 0.226  std 0.217  lr 1.0e-04  fps   8274    47.4s
it  170/4000  reward     nan  ep_len    nan  fell    0  err_xy 0.218  std 0.217  lr 1.0e-04  fps   8335    47.6s
it  171/4000  reward     nan  ep_len    nan  fell    0  err_xy 0.227  std 0.217  lr 1.0e-04  fps   8204    47.9s
it  172/4000  reward     nan  ep_len    nan  fell    0  err_xy 0.215  std 0.217  lr 1.0e-04  fps   8186    48.2s
it  173/4000  reward     nan  ep_len    nan  fell    0  err_xy 0.222  std 0.217  lr 1.0e-04  fps   8031    48.5s
it  174/4000  reward     nan  ep_len    nan  fell    0  err_xy 0.227  std 0.217  lr 1.0e-04  fps   8491    48.8s
it  175/4000  reward     nan  ep_len    nan  fell    0  err_xy 0.228  std 0.217  lr 1.0e-04  fps   8563    49.0s
it  176/4000  reward     nan  ep_len    nan  fell    0  err_xy 0.234  std 0.217  lr 1.0e-04  fps   8768    49.3s
it  177/4000  reward     nan  ep_len    nan  fell    0  err_xy 0.225  std 0.217  lr 1.0e-04  fps   8694    49.6s
it  178/4000  reward     nan  ep_len    nan  fell    0  err_xy 0.240  std 0.217  lr 1.0e-04  fps   8465    49.8s
it  179/4000  reward     nan  ep_len    nan  fell    0  err_xy 0.245  std 0.217  lr 1.0e-04  fps   8204    50.1s
it  180/4000  reward     nan  ep_len    nan  fell    0  err_xy 0.231  std 0.217  lr 1.0e-04  fps   8095    50.4s
it  181/4000  reward     nan  ep_len    nan  fell    0  err_xy 0.214  std 0.217  lr 1.0e-04  fps   8575    50.7s
it  182/4000  reward     nan  ep_len    nan  fell    0  err_xy 0.227  std 0.217  lr 1.0e-04  fps   8697    50.9s
it  183/4000  reward     nan  ep_len    nan  fell    0  err_xy 0.219  std 0.217  lr 1.0e-04  fps   8135    51.2s
it  184/4000  reward     nan  ep_len    nan  fell    0  err_xy 0.214  std 0.217  lr 1.0e-04  fps   8073    51.5s
it  185/4000  reward     nan  ep_len    nan  fell    0  err_xy 0.193  std 0.217  lr 1.0e-04  fps   8567    51.8s
it  186/4000  reward     nan  ep_len    nan  fell    0  err_xy 0.192  std 0.217  lr 1.0e-04  fps   8320    52.0s
it  187/4000  reward     nan  ep_len    nan  fell    0  err_xy 0.179  std 0.217  lr 1.0e-04  fps   8150    52.3s
it  188/4000  reward     nan  ep_len    nan  fell    0  err_xy 0.181  std 0.217  lr 1.0e-04  fps   8400    52.6s
it  189/4000  reward     nan  ep_len    nan  fell    0  err_xy 0.163  std 0.217  lr 1.0e-04  fps   8638    52.9s
it  190/4000  reward  101.82  ep_len  908.0  fell    0  err_xy 0.220  std 0.217  lr 1.0e-04  fps   7036    53.2s
it  191/4000  reward     nan  ep_len    nan  fell    0  err_xy 0.256  std 0.217  lr 1.0e-04  fps   8673    53.5s
it  192/4000  reward     nan  ep_len    nan  fell    0  err_xy 0.208  std 0.217  lr 1.0e-04  fps   8276    53.7s
it  193/4000  reward     nan  ep_len    nan  fell    0  err_xy 0.207  std 0.217  lr 1.0e-04  fps   8298    54.0s
it  194/4000  reward     nan  ep_len    nan  fell    0  err_xy 0.199  std 0.217  lr 1.0e-04  fps   8474    54.3s
it  195/4000  reward     nan  ep_len    nan  fell    0  err_xy 0.216  std 0.217  lr 1.0e-04  fps   8160    54.6s
it  196/4000  reward     nan  ep_len    nan  fell    0  err_xy 0.222  std 0.217  lr 1.0e-04  fps   7813    54.9s
it  197/4000  reward     nan  ep_len    nan  fell    0  err_xy 0.234  std 0.217  lr 1.0e-04  fps   8356    55.1s
it  198/4000  reward     nan  ep_len    nan  fell    0  err_xy 0.238  std 0.217  lr 1.0e-04  fps   8259    55.4s
it  199/4000  reward     nan  ep_len    nan  fell    0  err_xy 0.241  std 0.217  lr 1.0e-04  fps   7082    55.7s
it  200/4000  reward     nan  ep_len    nan  fell    0  err_xy 0.214  std 0.217  lr 1.0e-04  fps   8265    56.0s
eval iteration 200:
  prone          success   0.0%  time 18.16s  peak_τ 0.96 Nm  return 128.59
  supine         success   0.0%  time 18.16s  peak_τ 0.96 Nm  return 130.54
  score 0.000
it  201/4000  reward     nan  ep_len    nan  fell    0  err_xy 0.205  std 0.217  lr 1.0e-04  fps   7067    60.4s
it  202/4000  reward     nan  ep_len    nan  fell    0  err_xy 0.194  std 0.217  lr 1.0e-04  fps   8230    60.7s
it  203/4000  reward     nan  ep_len    nan  fell    0  err_xy 0.183  std 0.217  lr 1.0e-04  fps   6591    61.0s
it  204/4000  reward     nan  ep_len    nan  fell    0  err_xy 0.178  std 0.217  lr 1.0e-04  fps   6724    61.4s
it  205/4000  reward     nan  ep_len    nan  fell    0  err_xy 0.159  std 0.217  lr 1.0e-04  fps   7159    61.7s
it  206/4000  reward     nan  ep_len    nan  fell    0  err_xy 0.173  std 0.217  lr 1.0e-04  fps   8713    62.0s
it  207/4000  reward     nan  ep_len    nan  fell    0  err_xy 0.179  std 0.217  lr 1.0e-04  fps   8643    62.2s
it  208/4000  reward     nan  ep_len    nan  fell    0  err_xy 0.172  std 0.217  lr 1.0e-04  fps   8813    62.5s
it  209/4000  reward     nan  ep_len    nan  fell    0  err_xy 0.172  std 0.217  lr 1.0e-04  fps   8640    62.8s
it  210/4000  reward     nan  ep_len    nan  fell    0  err_xy 0.165  std 0.217  lr 1.0e-04  fps   8774    63.0s
it  211/4000  reward     nan  ep_len    nan  fell    0  err_xy 0.161  std 0.217  lr 1.0e-04  fps   8797    63.3s
it  212/4000  reward     nan  ep_len    nan  fell    0  err_xy 0.165  std 0.217  lr 1.0e-04  fps   8770    63.5s
it  213/4000  reward     nan  ep_len    nan  fell    0  err_xy 0.146  std 0.217  lr 1.0e-04  fps   8673    63.8s
it  214/4000  reward     nan  ep_len    nan  fell    0  err_xy 0.138  std 0.217  lr 1.0e-04  fps   8743    64.1s
it  215/4000  reward     nan  ep_len    nan  fell    0  err_xy 0.122  std 0.217  lr 1.0e-04  fps   8131    64.4s
it  216/4000  reward     nan  ep_len    nan  fell    0  err_xy 0.128  std 0.217  lr 1.0e-04  fps   8291    64.6s
it  217/4000  reward     nan  ep_len    nan  fell    0  err_xy 0.135  std 0.217  lr 1.0e-04  fps   8263    64.9s
it  218/4000  reward     nan  ep_len    nan  fell    0  err_xy 0.125  std 0.217  lr 1.0e-04  fps   8341    65.2s
it  219/4000  reward     nan  ep_len    nan  fell    0  err_xy 0.129  std 0.217  lr 1.0e-04  fps   8714    65.5s
it  220/4000  reward     nan  ep_len    nan  fell    0  err_xy 0.126  std 0.217  lr 1.0e-04  fps   8402    65.7s
it  221/4000  reward     nan  ep_len    nan  fell    0  err_xy 0.124  std 0.217  lr 1.0e-04  fps   8703    66.0s
it  222/4000  reward     nan  ep_len    nan  fell    0  err_xy 0.115  std 0.217  lr 1.0e-04  fps   8292    66.3s
it  223/4000  reward     nan  ep_len    nan  fell    0  err_xy 0.120  std 0.217  lr 1.0e-04  fps   8533    66.5s
it  224/4000  reward     nan  ep_len    nan  fell    0  err_xy 0.125  std 0.217  lr 1.0e-04  fps   8005    66.8s
it  225/4000  reward     nan  ep_len    nan  fell    0  err_xy 0.114  std 0.217  lr 1.0e-04  fps   8317    67.1s
it  226/4000  reward     nan  ep_len    nan  fell    0  err_xy 0.113  std 0.217  lr 1.0e-04  fps   8703    67.4s
it  227/4000  reward  117.77  ep_len  908.0  fell    0  err_xy 0.112  std 0.217  lr 1.0e-04  fps   7247    67.7s
it  228/4000  reward     nan  ep_len    nan  fell    0  err_xy 0.213  std 0.217  lr 1.0e-04  fps   8874    68.0s
it  229/4000  reward     nan  ep_len    nan  fell    0  err_xy 0.238  std 0.217  lr 1.0e-04  fps   8897    68.2s
it  230/4000  reward     nan  ep_len    nan  fell    0  err_xy 0.180  std 0.217  lr 1.0e-04  fps   8736    68.5s
it  231/4000  reward     nan  ep_len    nan  fell    0  err_xy 0.175  std 0.217  lr 1.0e-04  fps   8865    68.7s
it  232/4000  reward     nan  ep_len    nan  fell    0  err_xy 0.175  std 0.217  lr 1.0e-04  fps   8785    69.0s
it  233/4000  reward     nan  ep_len    nan  fell    0  err_xy 0.208  std 0.217  lr 1.0e-04  fps   7770    69.3s
it  234/4000  reward     nan  ep_len    nan  fell    0  err_xy 0.207  std 0.217  lr 1.0e-04  fps   6895    69.6s
it  235/4000  reward     nan  ep_len    nan  fell    0  err_xy 0.216  std 0.217  lr 1.0e-04  fps   7536    69.9s
it  236/4000  reward     nan  ep_len    nan  fell    0  err_xy 0.220  std 0.217  lr 1.0e-04  fps   6943    70.3s
it  237/4000  reward     nan  ep_len    nan  fell    0  err_xy 0.201  std 0.217  lr 1.0e-04  fps   7789    70.6s
it  238/4000  reward     nan  ep_len    nan  fell    0  err_xy 0.200  std 0.217  lr 1.0e-04  fps   7724    70.9s
it  239/4000  reward     nan  ep_len    nan  fell    0  err_xy 0.180  std 0.217  lr 1.0e-04  fps   7249    71.2s
it  240/4000  reward     nan  ep_len    nan  fell    0  err_xy 0.192  std 0.217  lr 1.0e-04  fps   7433    71.5s
it  241/4000  reward     nan  ep_len    nan  fell    0  err_xy 0.201  std 0.217  lr 1.0e-04  fps   7878    71.8s
it  242/4000  reward     nan  ep_len    nan  fell    0  err_xy 0.197  std 0.217  lr 1.0e-04  fps   8062    72.1s
it  243/4000  reward     nan  ep_len    nan  fell    0  err_xy 0.180  std 0.217  lr 1.0e-04  fps   7947    72.4s
it  244/4000  reward     nan  ep_len    nan  fell    0  err_xy 0.159  std 0.217  lr 1.0e-04  fps   7934    72.7s
it  245/4000  reward     nan  ep_len    nan  fell    0  err_xy 0.137  std 0.217  lr 1.0e-04  fps   7814    72.9s
it  246/4000  reward     nan  ep_len    nan  fell    0  err_xy 0.151  std 0.217  lr 1.0e-04  fps   7352    73.3s
it  247/4000  reward     nan  ep_len    nan  fell    0  err_xy 0.143  std 0.217  lr 1.0e-04  fps   7122    73.6s
it  248/4000  reward     nan  ep_len    nan  fell    0  err_xy 0.135  std 0.217  lr 1.0e-04  fps   7254    73.9s
it  249/4000  reward     nan  ep_len    nan  fell    0  err_xy 0.118  std 0.217  lr 1.0e-04  fps   7484    74.2s
it  250/4000  reward     nan  ep_len    nan  fell    0  err_xy 0.113  std 0.217  lr 1.0e-04  fps   7725    74.5s
it  251/4000  reward     nan  ep_len    nan  fell    0  err_xy 0.105  std 0.217  lr 1.0e-04  fps   7167    74.8s
it  252/4000  reward     nan  ep_len    nan  fell    0  err_xy 0.117  std 0.217  lr 1.0e-04  fps   7370    75.1s
it  253/4000  reward     nan  ep_len    nan  fell    0  err_xy 0.114  std 0.217  lr 1.0e-04  fps   7479    75.5s
it  254/4000  reward     nan  ep_len    nan  fell    0  err_xy 0.106  std 0.217  lr 1.0e-04  fps   7661    75.8s
it  255/4000  reward     nan  ep_len    nan  fell    0  err_xy 0.103  std 0.217  lr 1.0e-04  fps   7563    76.1s
it  256/4000  reward     nan  ep_len    nan  fell    0  err_xy 0.085  std 0.217  lr 1.0e-04  fps   7522    76.4s
it  257/4000  reward     nan  ep_len    nan  fell    0  err_xy 0.092  std 0.217  lr 1.0e-04  fps   7476    76.7s
it  258/4000  reward     nan  ep_len    nan  fell    0  err_xy 0.089  std 0.217  lr 1.0e-04  fps   7409    77.0s
it  259/4000  reward     nan  ep_len    nan  fell    0  err_xy 0.094  std 0.217  lr 1.0e-04  fps   7088    77.3s
it  260/4000  reward     nan  ep_len    nan  fell    0  err_xy 0.090  std 0.217  lr 1.0e-04  fps   7169    77.6s
it  261/4000  reward     nan  ep_len    nan  fell    0  err_xy 0.092  std 0.217  lr 1.0e-04  fps   7384    77.9s
it  262/4000  reward     nan  ep_len    nan  fell    0  err_xy 0.095  std 0.217  lr 1.0e-04  fps   7256    78.3s
it  263/4000  reward     nan  ep_len    nan  fell    0  err_xy 0.108  std 0.217  lr 1.0e-04  fps   7135    78.6s
it  264/4000  reward     nan  ep_len    nan  fell    0  err_xy 0.104  std 0.217  lr 1.0e-04  fps   7392    78.9s
it  265/4000  reward  121.44  ep_len  908.0  fell    0  err_xy 0.111  std 0.217  lr 1.0e-04  fps   6041    79.3s
it  266/4000  reward     nan  ep_len    nan  fell    0  err_xy 0.229  std 0.217  lr 1.0e-04  fps   7376    79.6s
it  267/4000  reward     nan  ep_len    nan  fell    0  err_xy 0.232  std 0.217  lr 1.0e-04  fps   7402    79.9s
it  268/4000  reward     nan  ep_len    nan  fell    0  err_xy 0.182  std 0.217  lr 1.0e-04  fps   6895    80.2s
it  269/4000  reward     nan  ep_len    nan  fell    0  err_xy 0.183  std 0.217  lr 1.0e-04  fps   7117    80.6s
it  270/4000  reward     nan  ep_len    nan  fell    0  err_xy 0.196  std 0.217  lr 1.0e-04  fps   6758    80.9s
it  271/4000  reward     nan  ep_len    nan  fell    0  err_xy 0.194  std 0.217  lr 1.0e-04  fps   6640    81.3s
it  272/4000  reward     nan  ep_len    nan  fell    0  err_xy 0.190  std 0.217  lr 1.0e-04  fps   7103    81.6s
it  273/4000  reward     nan  ep_len    nan  fell    0  err_xy 0.168  std 0.217  lr 1.0e-04  fps   7326    81.9s
it  274/4000  reward     nan  ep_len    nan  fell    0  err_xy 0.137  std 0.217  lr 1.0e-04  fps   6785    82.2s
it  275/4000  reward     nan  ep_len    nan  fell    0  err_xy 0.127  std 0.217  lr 1.0e-04  fps   7313    82.5s
it  276/4000  reward     nan  ep_len    nan  fell    0  err_xy 0.113  std 0.217  lr 1.0e-04  fps   6951    82.9s
it  277/4000  reward     nan  ep_len    nan  fell    0  err_xy 0.093  std 0.217  lr 1.0e-04  fps   7026    83.2s
it  278/4000  reward     nan  ep_len    nan  fell    0  err_xy 0.092  std 0.217  lr 1.0e-04  fps   7364    83.5s
it  279/4000  reward     nan  ep_len    nan  fell    0  err_xy 0.085  std 0.217  lr 1.0e-04  fps   7334    83.8s
it  280/4000  reward     nan  ep_len    nan  fell    0  err_xy 0.077  std 0.217  lr 1.0e-04  fps   7389    84.1s
it  281/4000  reward     nan  ep_len    nan  fell    0  err_xy 0.071  std 0.217  lr 1.0e-04  fps   7578    84.5s
it  282/4000  reward     nan  ep_len    nan  fell    0  err_xy 0.069  std 0.217  lr 1.0e-04  fps   7127    84.8s
it  283/4000  reward     nan  ep_len    nan  fell    0  err_xy 0.066  std 0.217  lr 1.0e-04  fps   7546    85.1s
it  284/4000  reward     nan  ep_len    nan  fell    0  err_xy 0.056  std 0.217  lr 1.0e-04  fps   6845    85.4s
it  285/4000  reward     nan  ep_len    nan  fell    0  err_xy 0.051  std 0.217  lr 1.0e-04  fps   7961    85.7s
it  286/4000  reward     nan  ep_len    nan  fell    0  err_xy 0.052  std 0.217  lr 1.0e-04  fps   8535    86.0s
it  287/4000  reward     nan  ep_len    nan  fell    0  err_xy 0.043  std 0.217  lr 1.0e-04  fps   8494    86.2s
it  288/4000  reward     nan  ep_len    nan  fell    0  err_xy 0.043  std 0.216  lr 1.0e-04  fps   8349    86.5s
it  289/4000  reward     nan  ep_len    nan  fell    0  err_xy 0.047  std 0.217  lr 1.0e-04  fps   8036    86.8s
it  290/4000  reward     nan  ep_len    nan  fell    0  err_xy 0.040  std 0.217  lr 1.0e-04  fps   8116    87.1s
it  291/4000  reward     nan  ep_len    nan  fell    0  err_xy 0.037  std 0.217  lr 1.0e-04  fps   8660    87.4s
it  292/4000  reward     nan  ep_len    nan  fell    0  err_xy 0.035  std 0.217  lr 1.0e-04  fps   8687    87.6s
it  293/4000  reward     nan  ep_len    nan  fell    0  err_xy 0.045  std 0.217  lr 1.0e-04  fps   8760    87.9s
it  294/4000  reward     nan  ep_len    nan  fell    0  err_xy 0.039  std 0.217  lr 1.0e-04  fps   8804    88.2s
it  295/4000  reward     nan  ep_len    nan  fell    0  err_xy 0.041  std 0.217  lr 1.0e-04  fps   8874    88.4s
it  296/4000  reward     nan  ep_len    nan  fell    0  err_xy 0.044  std 0.217  lr 1.0e-04  fps   8876    88.7s
it  297/4000  reward     nan  ep_len    nan  fell    0  err_xy 0.064  std 0.217  lr 1.0e-04  fps   8900    88.9s
it  298/4000  reward     nan  ep_len    nan  fell    0  err_xy 0.076  std 0.217  lr 1.0e-04  fps   8838    89.2s
it  299/4000  reward     nan  ep_len    nan  fell    0  err_xy 0.102  std 0.217  lr 1.0e-04  fps   8997    89.5s
it  300/4000  reward     nan  ep_len    nan  fell    0  err_xy 0.116  std 0.217  lr 1.0e-04  fps   8891    89.7s
it  301/4000  reward     nan  ep_len    nan  fell    0  err_xy 0.125  std 0.217  lr 1.0e-04  fps   8819    90.0s
it  302/4000  reward     nan  ep_len    nan  fell    0  err_xy 0.110  std 0.217  lr 1.0e-04  fps   8917    90.2s
it  303/4000  reward  127.19  ep_len  908.0  fell    0  err_xy 0.139  std 0.217  lr 1.0e-04  fps   7219    90.5s
it  304/4000  reward     nan  ep_len    nan  fell    0  err_xy 0.266  std 0.217  lr 1.0e-04  fps   8352    90.8s
it  305/4000  reward     nan  ep_len    nan  fell    0  err_xy 0.300  std 0.217  lr 1.0e-04  fps   8553    91.1s
it  306/4000  reward     nan  ep_len    nan  fell    0  err_xy 0.235  std 0.217  lr 1.0e-04  fps   8708    91.4s
it  307/4000  reward     nan  ep_len    nan  fell    0  err_xy 0.238  std 0.217  lr 1.0e-04  fps   8497    91.6s
it  308/4000  reward     nan  ep_len    nan  fell    0  err_xy 0.247  std 0.217  lr 1.0e-04  fps   8835    91.9s
it  309/4000  reward     nan  ep_len    nan  fell    0  err_xy 0.195  std 0.217  lr 1.0e-04  fps   8864    92.2s
it  310/4000  reward     nan  ep_len    nan  fell    0  err_xy 0.151  std 0.217  lr 1.0e-04  fps   8767    92.4s
it  311/4000  reward     nan  ep_len    nan  fell    0  err_xy 0.123  std 0.217  lr 1.0e-04  fps   8858    92.7s
it  312/4000  reward     nan  ep_len    nan  fell    0  err_xy 0.107  std 0.217  lr 1.0e-04  fps   8881    92.9s
it  313/4000  reward     nan  ep_len    nan  fell    0  err_xy 0.089  std 0.217  lr 1.0e-04  fps   8758    93.2s
it  314/4000  reward     nan  ep_len    nan  fell    0  err_xy 0.092  std 0.217  lr 1.0e-04  fps   8923    93.5s
it  315/4000  reward     nan  ep_len    nan  fell    0  err_xy 0.087  std 0.217  lr 1.0e-04  fps   8881    93.7s
it  316/4000  reward     nan  ep_len    nan  fell    0  err_xy 0.073  std 0.217  lr 1.0e-04  fps   8951    94.0s
it  317/4000  reward     nan  ep_len    nan  fell    0  err_xy 0.092  std 0.217  lr 1.0e-04  fps   8913    94.2s
it  318/4000  reward     nan  ep_len    nan  fell    0  err_xy 0.086  std 0.217  lr 1.0e-04  fps   8966    94.5s
it  319/4000  reward     nan  ep_len    nan  fell    0  err_xy 0.081  std 0.217  lr 1.0e-04  fps   8863    94.8s
it  320/4000  reward     nan  ep_len    nan  fell    0  err_xy 0.069  std 0.217  lr 1.0e-04  fps   8957    95.0s
it  321/4000  reward     nan  ep_len    nan  fell    0  err_xy 0.088  std 0.217  lr 1.0e-04  fps   8848    95.3s
it  322/4000  reward     nan  ep_len    nan  fell    0  err_xy 0.092  std 0.217  lr 1.0e-04  fps   8945    95.5s
it  323/4000  reward     nan  ep_len    nan  fell    0  err_xy 0.074  std 0.217  lr 1.0e-04  fps   8903    95.8s
it  324/4000  reward     nan  ep_len    nan  fell    0  err_xy 0.070  std 0.217  lr 1.0e-04  fps   8901    96.0s
it  325/4000  reward     nan  ep_len    nan  fell    0  err_xy 0.075  std 0.217  lr 1.0e-04  fps   8970    96.3s
it  326/4000  reward     nan  ep_len    nan  fell    0  err_xy 0.065  std 0.217  lr 1.0e-04  fps   8828    96.6s
it  327/4000  reward     nan  ep_len    nan  fell    0  err_xy 0.062  std 0.217  lr 1.0e-04  fps   8003    96.9s
it  328/4000  reward     nan  ep_len    nan  fell    0  err_xy 0.067  std 0.217  lr 1.0e-04  fps   8856    97.1s
it  329/4000  reward     nan  ep_len    nan  fell    0  err_xy 0.074  std 0.217  lr 1.0e-04  fps   8994    97.4s
it  330/4000  reward     nan  ep_len    nan  fell    0  err_xy 0.059  std 0.217  lr 1.0e-04  fps   8865    97.6s
it  331/4000  reward     nan  ep_len    nan  fell    0  err_xy 0.071  std 0.217  lr 1.0e-04  fps   8862    97.9s
it  332/4000  reward     nan  ep_len    nan  fell    0  err_xy 0.068  std 0.217  lr 1.0e-04  fps   8989    98.1s
it  333/4000  reward     nan  ep_len    nan  fell    0  err_xy 0.063  std 0.217  lr 1.0e-04  fps   9014    98.4s
it  334/4000  reward     nan  ep_len    nan  fell    0  err_xy 0.045  std 0.217  lr 1.0e-04  fps   8905    98.7s
it  335/4000  reward     nan  ep_len    nan  fell    0  err_xy 0.041  std 0.217  lr 1.0e-04  fps   8998    98.9s
it  336/4000  reward     nan  ep_len    nan  fell    0  err_xy 0.051  std 0.217  lr 1.0e-04  fps   8848    99.2s
it  337/4000  reward     nan  ep_len    nan  fell    0  err_xy 0.055  std 0.217  lr 1.0e-04  fps   8965    99.4s
it  338/4000  reward     nan  ep_len    nan  fell    0  err_xy 0.049  std 0.217  lr 1.0e-04  fps   8893    99.7s
it  339/4000  reward     nan  ep_len    nan  fell    0  err_xy 0.041  std 0.217  lr 1.0e-04  fps   8856   100.0s
it  340/4000  reward     nan  ep_len    nan  fell    0  err_xy 0.037  std 0.217  lr 1.0e-04  fps   8962   100.2s
it  341/4000  reward  129.39  ep_len  908.0  fell    0  err_xy 0.126  std 0.217  lr 1.0e-04  fps   7357   100.5s
it  342/4000  reward     nan  ep_len    nan  fell    0  err_xy 0.253  std 0.217  lr 1.0e-04  fps   9003   100.8s
it  343/4000  reward     nan  ep_len    nan  fell    0  err_xy 0.221  std 0.217  lr 1.0e-04  fps   9009   101.0s
it  344/4000  reward     nan  ep_len    nan  fell    0  err_xy 0.211  std 0.217  lr 1.0e-04  fps   9042   101.3s
it  345/4000  reward     nan  ep_len    nan  fell    0  err_xy 0.229  std 0.217  lr 1.0e-04  fps   9034   101.6s
it  346/4000  reward     nan  ep_len    nan  fell    0  err_xy 0.194  std 0.217  lr 1.0e-04  fps   8859   101.8s
it  347/4000  reward     nan  ep_len    nan  fell    0  err_xy 0.181  std 0.217  lr 1.0e-04  fps   8860   102.1s
it  348/4000  reward     nan  ep_len    nan  fell    0  err_xy 0.150  std 0.217  lr 1.0e-04  fps   8976   102.3s
it  349/4000  reward     nan  ep_len    nan  fell    0  err_xy 0.143  std 0.217  lr 1.0e-04  fps   8945   102.6s
it  350/4000  reward     nan  ep_len    nan  fell    0  err_xy 0.139  std 0.217  lr 1.0e-04  fps   8889   102.8s
it  351/4000  reward     nan  ep_len    nan  fell    0  err_xy 0.112  std 0.217  lr 1.0e-04  fps   8973   103.1s
it  352/4000  reward     nan  ep_len    nan  fell    0  err_xy 0.093  std 0.217  lr 1.0e-04  fps   8899   103.4s
it  353/4000  reward     nan  ep_len    nan  fell    0  err_xy 0.094  std 0.217  lr 1.0e-04  fps   8961   103.6s
it  354/4000  reward     nan  ep_len    nan  fell    0  err_xy 0.080  std 0.217  lr 1.0e-04  fps   8929   103.9s
it  355/4000  reward     nan  ep_len    nan  fell    0  err_xy 0.076  std 0.217  lr 1.0e-04  fps   8852   104.1s
it  356/4000  reward     nan  ep_len    nan  fell    0  err_xy 0.075  std 0.217  lr 1.0e-04  fps   8899   104.4s
it  357/4000  reward     nan  ep_len    nan  fell    0  err_xy 0.077  std 0.217  lr 1.0e-04  fps   8837   104.7s
it  358/4000  reward     nan  ep_len    nan  fell    0  err_xy 0.061  std 0.217  lr 1.0e-04  fps   8869   104.9s
it  359/4000  reward     nan  ep_len    nan  fell    0  err_xy 0.063  std 0.217  lr 1.0e-04  fps   8943   105.2s
it  360/4000  reward     nan  ep_len    nan  fell    0  err_xy 0.059  std 0.217  lr 1.0e-04  fps   8834   105.4s
it  361/4000  reward     nan  ep_len    nan  fell    0  err_xy 0.065  std 0.217  lr 1.0e-04  fps   8936   105.7s
it  362/4000  reward     nan  ep_len    nan  fell    0  err_xy 0.058  std 0.217  lr 1.0e-04  fps   8927   106.0s
it  363/4000  reward     nan  ep_len    nan  fell    0  err_xy 0.062  std 0.217  lr 1.0e-04  fps   8474   106.2s
it  364/4000  reward     nan  ep_len    nan  fell    0  err_xy 0.067  std 0.217  lr 1.0e-04  fps   8734   106.5s
it  365/4000  reward     nan  ep_len    nan  fell    0  err_xy 0.064  std 0.217  lr 1.0e-04  fps   8735   106.8s
it  366/4000  reward     nan  ep_len    nan  fell    0  err_xy 0.067  std 0.217  lr 1.0e-04  fps   8844   107.0s
it  367/4000  reward     nan  ep_len    nan  fell    0  err_xy 0.055  std 0.217  lr 1.0e-04  fps   8964   107.3s
it  368/4000  reward     nan  ep_len    nan  fell    0  err_xy 0.056  std 0.217  lr 1.0e-04  fps   8910   107.5s
it  369/4000  reward     nan  ep_len    nan  fell    0  err_xy 0.052  std 0.217  lr 1.0e-04  fps   8939   107.8s
it  370/4000  reward     nan  ep_len    nan  fell    0  err_xy 0.045  std 0.217  lr 1.0e-04  fps   8822   108.1s
it  371/4000  reward     nan  ep_len    nan  fell    0  err_xy 0.039  std 0.217  lr 1.0e-04  fps   8965   108.3s
it  372/4000  reward     nan  ep_len    nan  fell    0  err_xy 0.039  std 0.217  lr 1.0e-04  fps   8910   108.6s
it  373/4000  reward     nan  ep_len    nan  fell    0  err_xy 0.040  std 0.217  lr 1.0e-04  fps   8877   108.8s
it  374/4000  reward     nan  ep_len    nan  fell    0  err_xy 0.036  std 0.217  lr 1.0e-04  fps   8836   109.1s
it  375/4000  reward     nan  ep_len    nan  fell    0  err_xy 0.035  std 0.217  lr 1.0e-04  fps   8848   109.3s
it  376/4000  reward     nan  ep_len    nan  fell    0  err_xy 0.040  std 0.217  lr 1.0e-04  fps   8958   109.6s
it  377/4000  reward     nan  ep_len    nan  fell    0  err_xy 0.046  std 0.217  lr 1.0e-04  fps   8884   109.9s
it  378/4000  reward     nan  ep_len    nan  fell    0  err_xy 0.048  std 0.217  lr 1.0e-04  fps   8918   110.1s
it  379/4000  reward  120.38  ep_len  908.0  fell    0  err_xy 0.177  std 0.217  lr 1.0e-04  fps   7200   110.4s
it  380/4000  reward     nan  ep_len    nan  fell    0  err_xy 0.254  std 0.217  lr 1.0e-04  fps   9078   110.7s
it  381/4000  reward     nan  ep_len    nan  fell    0  err_xy 0.234  std 0.217  lr 1.0e-04  fps   8852   111.0s
it  382/4000  reward     nan  ep_len    nan  fell    0  err_xy 0.207  std 0.217  lr 1.0e-04  fps   9098   111.2s
it  383/4000  reward     nan  ep_len    nan  fell    0  err_xy 0.241  std 0.217  lr 1.0e-04  fps   8964   111.5s
it  384/4000  reward     nan  ep_len    nan  fell    0  err_xy 0.219  std 0.217  lr 1.0e-04  fps   8872   111.7s
it  385/4000  reward     nan  ep_len    nan  fell    0  err_xy 0.189  std 0.217  lr 1.0e-04  fps   8367   112.0s
it  386/4000  reward     nan  ep_len    nan  fell    0  err_xy 0.182  std 0.217  lr 1.0e-04  fps   8309   112.3s
it  387/4000  reward     nan  ep_len    nan  fell    0  err_xy 0.173  std 0.217  lr 1.0e-04  fps   8686   112.6s
it  388/4000  reward     nan  ep_len    nan  fell    0  err_xy 0.155  std 0.217  lr 1.0e-04  fps   8488   112.8s
it  389/4000  reward     nan  ep_len    nan  fell    0  err_xy 0.145  std 0.217  lr 1.0e-04  fps   8788   113.1s
it  390/4000  reward     nan  ep_len    nan  fell    0  err_xy 0.126  std 0.217  lr 1.0e-04  fps   8820   113.3s
it  391/4000  reward     nan  ep_len    nan  fell    0  err_xy 0.115  std 0.217  lr 1.0e-04  fps   8793   113.6s
it  392/4000  reward     nan  ep_len    nan  fell    0  err_xy 0.095  std 0.217  lr 1.0e-04  fps   8810   113.9s
it  393/4000  reward     nan  ep_len    nan  fell    0  err_xy 0.086  std 0.217  lr 1.0e-04  fps   8634   114.1s
it  394/4000  reward     nan  ep_len    nan  fell    0  err_xy 0.089  std 0.217  lr 1.0e-04  fps   8511   114.4s
it  395/4000  reward     nan  ep_len    nan  fell    0  err_xy 0.074  std 0.217  lr 1.0e-04  fps   8796   114.7s
it  396/4000  reward     nan  ep_len    nan  fell    0  err_xy 0.059  std 0.217  lr 1.0e-04  fps   8710   114.9s
it  397/4000  reward     nan  ep_len    nan  fell    0  err_xy 0.056  std 0.217  lr 1.0e-04  fps   8733   115.2s
it  398/4000  reward     nan  ep_len    nan  fell    0  err_xy 0.055  std 0.217  lr 1.0e-04  fps   8770   115.5s
it  399/4000  reward     nan  ep_len    nan  fell    0  err_xy 0.056  std 0.217  lr 1.0e-04  fps   8727   115.7s
it  400/4000  reward     nan  ep_len    nan  fell    0  err_xy 0.048  std 0.217  lr 1.0e-04  fps   8782   116.0s
eval iteration 400:
  prone          success   0.0%  time 18.16s  peak_τ 0.96 Nm  return 145.24
  supine         success   0.0%  time 18.16s  peak_τ 0.96 Nm  return 133.31
  score 0.000
it  401/4000  reward     nan  ep_len    nan  fell    0  err_xy 0.039  std 0.217  lr 1.0e-04  fps   8856   120.2s
it  402/4000  reward     nan  ep_len    nan  fell    0  err_xy 0.037  std 0.217  lr 1.0e-04  fps   8800   120.5s
it  403/4000  reward     nan  ep_len    nan  fell    0  err_xy 0.033  std 0.217  lr 1.0e-04  fps   8820   120.7s
it  404/4000  reward     nan  ep_len    nan  fell    0  err_xy 0.036  std 0.217  lr 1.0e-04  fps   8857   121.0s
it  405/4000  reward     nan  ep_len    nan  fell    0  err_xy 0.027  std 0.217  lr 1.0e-04  fps   8550   121.3s
it  406/4000  reward     nan  ep_len    nan  fell    0  err_xy 0.027  std 0.217  lr 1.0e-04  fps   8544   121.5s
it  407/4000  reward     nan  ep_len    nan  fell    0  err_xy 0.024  std 0.217  lr 1.0e-04  fps   8863   121.8s
it  408/4000  reward     nan  ep_len    nan  fell    0  err_xy 0.022  std 0.217  lr 1.0e-04  fps   8710   122.1s
it  409/4000  reward     nan  ep_len    nan  fell    0  err_xy 0.017  std 0.217  lr 1.0e-04  fps   8805   122.3s
it  410/4000  reward     nan  ep_len    nan  fell    0  err_xy 0.016  std 0.217  lr 1.0e-04  fps   8848   122.6s
it  411/4000  reward     nan  ep_len    nan  fell    0  err_xy 0.016  std 0.217  lr 1.0e-04  fps   8737   122.9s
it  412/4000  reward     nan  ep_len    nan  fell    0  err_xy 0.026  std 0.217  lr 1.0e-04  fps   8821   123.1s
it  413/4000  reward     nan  ep_len    nan  fell    0  err_xy 0.032  std 0.217  lr 1.0e-04  fps   8772   123.4s
it  414/4000  reward     nan  ep_len    nan  fell    0  err_xy 0.037  std 0.217  lr 1.0e-04  fps   8841   123.6s
it  415/4000  reward     nan  ep_len    nan  fell    0  err_xy 0.039  std 0.217  lr 1.0e-04  fps   8818   123.9s
it  416/4000  reward     nan  ep_len    nan  fell    0  err_xy 0.039  std 0.217  lr 1.0e-04  fps   8743   124.2s
it  417/4000  reward  130.34  ep_len  908.0  fell    0  err_xy 0.167  std 0.217  lr 1.0e-04  fps   7341   124.5s
it  418/4000  reward     nan  ep_len    nan  fell    0  err_xy 0.212  std 0.217  lr 1.0e-04  fps   8944   124.7s
it  419/4000  reward     nan  ep_len    nan  fell    0  err_xy 0.190  std 0.217  lr 1.0e-04  fps   8915   125.0s
it  420/4000  reward     nan  ep_len    nan  fell    0  err_xy 0.192  std 0.217  lr 1.0e-04  fps   8980   125.3s
it  421/4000  reward     nan  ep_len    nan  fell    0  err_xy 0.216  std 0.217  lr 1.0e-04  fps   8905   125.5s
it  422/4000  reward     nan  ep_len    nan  fell    0  err_xy 0.210  std 0.217  lr 1.0e-04  fps   8703   125.8s
it  423/4000  reward     nan  ep_len    nan  fell    0  err_xy 0.176  std 0.217  lr 1.0e-04  fps   8876   126.0s
it  424/4000  reward     nan  ep_len    nan  fell    0  err_xy 0.151  std 0.217  lr 1.0e-04  fps   8632   126.3s
it  425/4000  reward     nan  ep_len    nan  fell    0  err_xy 0.153  std 0.217  lr 1.0e-04  fps   8840   126.6s
it  426/4000  reward     nan  ep_len    nan  fell    0  err_xy 0.144  std 0.217  lr 1.0e-04  fps   8795   126.8s
it  427/4000  reward     nan  ep_len    nan  fell    0  err_xy 0.138  std 0.217  lr 1.0e-04  fps   6796   127.2s
it  428/4000  reward     nan  ep_len    nan  fell    0  err_xy 0.111  std 0.217  lr 1.0e-04  fps   8618   127.4s
it  429/4000  reward     nan  ep_len    nan  fell    0  err_xy 0.112  std 0.217  lr 1.0e-04  fps   8595   127.7s
it  430/4000  reward     nan  ep_len    nan  fell    0  err_xy 0.099  std 0.217  lr 1.0e-04  fps   8816   128.0s
it  431/4000  reward     nan  ep_len    nan  fell    0  err_xy 0.097  std 0.217  lr 1.0e-04  fps   8783   128.2s
it  432/4000  reward     nan  ep_len    nan  fell    0  err_xy 0.065  std 0.217  lr 1.0e-04  fps   8888   128.5s
it  433/4000  reward     nan  ep_len    nan  fell    0  err_xy 0.070  std 0.217  lr 1.0e-04  fps   8951   128.7s
it  434/4000  reward     nan  ep_len    nan  fell    0  err_xy 0.079  std 0.217  lr 1.0e-04  fps   8238   129.0s
it  435/4000  reward     nan  ep_len    nan  fell    0  err_xy 0.062  std 0.217  lr 1.0e-04  fps   8851   129.3s
it  436/4000  reward     nan  ep_len    nan  fell    0  err_xy 0.060  std 0.217  lr 1.0e-04  fps   8905   129.5s
it  437/4000  reward     nan  ep_len    nan  fell    0  err_xy 0.056  std 0.217  lr 1.0e-04  fps   8884   129.8s
it  438/4000  reward     nan  ep_len    nan  fell    0  err_xy 0.045  std 0.217  lr 1.0e-04  fps   8820   130.1s
it  439/4000  reward     nan  ep_len    nan  fell    0  err_xy 0.053  std 0.217  lr 1.0e-04  fps   8382   130.3s
it  440/4000  reward     nan  ep_len    nan  fell    0  err_xy 0.041  std 0.217  lr 1.0e-04  fps   8894   130.6s
it  441/4000  reward     nan  ep_len    nan  fell    0  err_xy 0.039  std 0.217  lr 1.0e-04  fps   8645   130.9s
it  442/4000  reward     nan  ep_len    nan  fell    0  err_xy 0.039  std 0.217  lr 1.0e-04  fps   8814   131.1s
it  443/4000  reward     nan  ep_len    nan  fell    0  err_xy 0.037  std 0.217  lr 1.0e-04  fps   8556   131.4s
it  444/4000  reward     nan  ep_len    nan  fell    0  err_xy 0.041  std 0.217  lr 1.0e-04  fps   8585   131.7s
it  445/4000  reward     nan  ep_len    nan  fell    0  err_xy 0.040  std 0.217  lr 1.0e-04  fps   8482   131.9s
it  446/4000  reward     nan  ep_len    nan  fell    0  err_xy 0.038  std 0.217  lr 1.0e-04  fps   8520   132.2s
it  447/4000  reward     nan  ep_len    nan  fell    0  err_xy 0.048  std 0.217  lr 1.0e-04  fps   8818   132.5s
it  448/4000  reward     nan  ep_len    nan  fell    0  err_xy 0.053  std 0.217  lr 1.0e-04  fps   8790   132.7s
it  449/4000  reward     nan  ep_len    nan  fell    0  err_xy 0.050  std 0.217  lr 1.0e-04  fps   8801   133.0s
it  450/4000  reward     nan  ep_len    nan  fell    0  err_xy 0.061  std 0.217  lr 1.0e-04  fps   8850   133.3s
it  451/4000  reward     nan  ep_len    nan  fell    0  err_xy 0.063  std 0.217  lr 1.0e-04  fps   8830   133.5s
it  452/4000  reward     nan  ep_len    nan  fell    0  err_xy 0.061  std 0.217  lr 1.0e-04  fps   8800   133.8s
it  453/4000  reward     nan  ep_len    nan  fell    0  err_xy 0.058  std 0.217  lr 1.0e-04  fps   8799   134.0s
it  454/4000  reward  129.58  ep_len  908.0  fell    0  err_xy 0.061  std 0.217  lr 1.0e-04  fps   7206   134.4s
it  455/4000  reward     nan  ep_len    nan  fell    0  err_xy 0.270  std 0.217  lr 1.0e-04  fps   8700   134.6s
it  456/4000  reward     nan  ep_len    nan  fell    0  err_xy 0.282  std 0.217  lr 1.0e-04  fps   8567   134.9s
it  457/4000  reward     nan  ep_len    nan  fell    0  err_xy 0.226  std 0.217  lr 1.0e-04  fps   9102   135.2s
it  458/4000  reward     nan  ep_len    nan  fell    0  err_xy 0.227  std 0.217  lr 1.0e-04  fps   9036   135.4s
it  459/4000  reward     nan  ep_len    nan  fell    0  err_xy 0.233  std 0.217  lr 1.0e-04  fps   9072   135.7s
it  460/4000  reward     nan  ep_len    nan  fell    0  err_xy 0.199  std 0.217  lr 1.0e-04  fps   8761   135.9s
it  461/4000  reward     nan  ep_len    nan  fell    0  err_xy 0.178  std 0.217  lr 1.0e-04  fps   8940   136.2s
it  462/4000  reward     nan  ep_len    nan  fell    0  err_xy 0.177  std 0.217  lr 1.0e-04  fps   8976   136.4s
it  463/4000  reward     nan  ep_len    nan  fell    0  err_xy 0.157  std 0.217  lr 1.0e-04  fps   8980   136.7s
it  464/4000  reward     nan  ep_len    nan  fell    0  err_xy 0.131  std 0.217  lr 1.0e-04  fps   8959   137.0s
it  465/4000  reward     nan  ep_len    nan  fell    0  err_xy 0.118  std 0.217  lr 1.0e-04  fps   8618   137.2s
it  466/4000  reward     nan  ep_len    nan  fell    0  err_xy 0.115  std 0.217  lr 1.0e-04  fps   8533   137.5s
it  467/4000  reward     nan  ep_len    nan  fell    0  err_xy 0.103  std 0.217  lr 1.0e-04  fps   8924   137.8s
it  468/4000  reward     nan  ep_len    nan  fell    0  err_xy 0.096  std 0.217  lr 1.0e-04  fps   8922   138.0s
it  469/4000  reward     nan  ep_len    nan  fell    0  err_xy 0.086  std 0.217  lr 1.0e-04  fps   8889   138.3s
it  470/4000  reward     nan  ep_len    nan  fell    0  err_xy 0.079  std 0.217  lr 1.0e-04  fps   8909   138.5s
it  471/4000  reward     nan  ep_len    nan  fell    0  err_xy 0.076  std 0.217  lr 1.0e-04  fps   8845   138.8s
it  472/4000  reward     nan  ep_len    nan  fell    0  err_xy 0.079  std 0.217  lr 1.0e-04  fps   8901   139.0s
it  473/4000  reward     nan  ep_len    nan  fell    0  err_xy 0.062  std 0.217  lr 1.0e-04  fps   8894   139.3s
it  474/4000  reward     nan  ep_len    nan  fell    0  err_xy 0.066  std 0.217  lr 1.0e-04  fps   8884   139.6s
it  475/4000  reward     nan  ep_len    nan  fell    0  err_xy 0.068  std 0.217  lr 1.0e-04  fps   8899   139.8s
it  476/4000  reward     nan  ep_len    nan  fell    0  err_xy 0.058  std 0.217  lr 1.0e-04  fps   8859   140.1s
it  477/4000  reward     nan  ep_len    nan  fell    0  err_xy 0.048  std 0.217  lr 1.0e-04  fps   8885   140.3s
it  478/4000  reward     nan  ep_len    nan  fell    0  err_xy 0.032  std 0.217  lr 1.0e-04  fps   8877   140.6s
it  479/4000  reward     nan  ep_len    nan  fell    0  err_xy 0.032  std 0.217  lr 1.0e-04  fps   8846   140.9s
it  480/4000  reward     nan  ep_len    nan  fell    0  err_xy 0.028  std 0.217  lr 1.0e-04  fps   8901   141.1s
it  481/4000  reward     nan  ep_len    nan  fell    0  err_xy 0.031  std 0.217  lr 1.0e-04  fps   8923   141.4s
it  482/4000  reward     nan  ep_len    nan  fell    0  err_xy 0.036  std 0.217  lr 1.0e-04  fps   8940   141.6s
it  483/4000  reward     nan  ep_len    nan  fell    0  err_xy 0.041  std 0.217  lr 1.0e-04  fps   8779   141.9s
it  484/4000  reward     nan  ep_len    nan  fell    0  err_xy 0.045  std 0.217  lr 1.0e-04  fps   8470   142.2s
it  485/4000  reward     nan  ep_len    nan  fell    0  err_xy 0.047  std 0.217  lr 1.0e-04  fps   8899   142.4s
it  486/4000  reward     nan  ep_len    nan  fell    0  err_xy 0.052  std 0.217  lr 1.0e-04  fps   8887   142.7s
it  487/4000  reward     nan  ep_len    nan  fell    0  err_xy 0.062  std 0.217  lr 1.0e-04  fps   8833   143.0s
it  488/4000  reward     nan  ep_len    nan  fell    0  err_xy 0.052  std 0.217  lr 1.0e-04  fps   8872   143.2s
it  489/4000  reward     nan  ep_len    nan  fell    0  err_xy 0.052  std 0.217  lr 1.0e-04  fps   8901   143.5s
it  490/4000  reward     nan  ep_len    nan  fell    0  err_xy 0.057  std 0.217  lr 1.0e-04  fps   8872   143.7s
it  491/4000  reward     nan  ep_len    nan  fell    0  err_xy 0.053  std 0.217  lr 1.0e-04  fps   8672   144.0s
it  492/4000  reward  128.56  ep_len  908.0  fell    0  err_xy 0.061  std 0.217  lr 1.0e-04  fps   7234   144.3s
it  493/4000  reward     nan  ep_len    nan  fell    0  err_xy 0.246  std 0.217  lr 1.0e-04  fps   8839   144.6s
it  494/4000  reward     nan  ep_len    nan  fell    0  err_xy 0.233  std 0.217  lr 1.0e-04  fps   8911   144.8s
it  495/4000  reward     nan  ep_len    nan  fell    0  err_xy 0.178  std 0.217  lr 1.0e-04  fps   9010   145.1s
it  496/4000  reward     nan  ep_len    nan  fell    0  err_xy 0.199  std 0.217  lr 1.0e-04  fps   9000   145.4s
it  497/4000  reward     nan  ep_len    nan  fell    0  err_xy 0.186  std 0.217  lr 1.0e-04  fps   8939   145.6s
it  498/4000  reward     nan  ep_len    nan  fell    0  err_xy 0.168  std 0.217  lr 1.0e-04  fps   8900   145.9s
it  499/4000  reward     nan  ep_len    nan  fell    0  err_xy 0.149  std 0.217  lr 1.0e-04  fps   8958   146.1s
it  500/4000  reward     nan  ep_len    nan  fell    0  err_xy 0.125  std 0.217  lr 1.0e-04  fps   8993   146.4s
it  501/4000  reward     nan  ep_len    nan  fell    0  err_xy 0.127  std 0.217  lr 1.0e-04  fps   8863   146.6s
it  502/4000  reward     nan  ep_len    nan  fell    0  err_xy 0.120  std 0.217  lr 1.0e-04  fps   8848   146.9s
it  503/4000  reward     nan  ep_len    nan  fell    0  err_xy 0.107  std 0.217  lr 1.0e-04  fps   8861   147.2s
it  504/4000  reward     nan  ep_len    nan  fell    0  err_xy 0.090  std 0.217  lr 1.0e-04  fps   8883   147.4s
it  505/4000  reward     nan  ep_len    nan  fell    0  err_xy 0.081  std 0.217  lr 1.0e-04  fps   8870   147.7s
it  506/4000  reward     nan  ep_len    nan  fell    0  err_xy 0.076  std 0.217  lr 1.0e-04  fps   8865   147.9s
it  507/4000  reward     nan  ep_len    nan  fell    0  err_xy 0.058  std 0.217  lr 1.0e-04  fps   8875   148.2s
it  508/4000  reward     nan  ep_len    nan  fell    0  err_xy 0.058  std 0.217  lr 1.0e-04  fps   8880   148.5s
it  509/4000  reward     nan  ep_len    nan  fell    0  err_xy 0.048  std 0.217  lr 1.0e-04  fps   8826   148.7s
it  510/4000  reward     nan  ep_len    nan  fell    0  err_xy 0.044  std 0.217  lr 1.0e-04  fps   8784   149.0s
it  511/4000  reward     nan  ep_len    nan  fell    0  err_xy 0.038  std 0.217  lr 1.0e-04  fps   8814   149.3s
it  512/4000  reward     nan  ep_len    nan  fell    0  err_xy 0.044  std 0.217  lr 1.0e-04  fps   8793   149.5s
it  513/4000  reward     nan  ep_len    nan  fell    0  err_xy 0.038  std 0.216  lr 1.0e-04  fps   8830   149.8s
it  514/4000  reward     nan  ep_len    nan  fell    0  err_xy 0.033  std 0.217  lr 1.0e-04  fps   8835   150.0s
it  515/4000  reward     nan  ep_len    nan  fell    0  err_xy 0.032  std 0.217  lr 1.0e-04  fps   8815   150.3s
it  516/4000  reward     nan  ep_len    nan  fell    0  err_xy 0.037  std 0.217  lr 1.0e-04  fps   8803   150.6s
it  517/4000  reward     nan  ep_len    nan  fell    0  err_xy 0.028  std 0.217  lr 1.0e-04  fps   8666   150.8s
it  518/4000  reward     nan  ep_len    nan  fell    0  err_xy 0.026  std 0.217  lr 1.0e-04  fps   8678   151.1s
it  519/4000  reward     nan  ep_len    nan  fell    0  err_xy 0.028  std 0.217  lr 1.0e-04  fps   8673   151.4s
it  520/4000  reward     nan  ep_len    nan  fell    0  err_xy 0.038  std 0.217  lr 1.0e-04  fps   8745   151.6s
it  521/4000  reward     nan  ep_len    nan  fell    0  err_xy 0.041  std 0.217  lr 1.0e-04  fps   8680   151.9s
it  522/4000  reward     nan  ep_len    nan  fell    0  err_xy 0.037  std 0.217  lr 1.0e-04  fps   8647   152.2s
it  523/4000  reward     nan  ep_len    nan  fell    0  err_xy 0.033  std 0.217  lr 1.0e-04  fps   8625   152.4s
it  524/4000  reward     nan  ep_len    nan  fell    0  err_xy 0.036  std 0.217  lr 1.0e-04  fps   8644   152.7s
it  525/4000  reward     nan  ep_len    nan  fell    0  err_xy 0.035  std 0.217  lr 1.0e-04  fps   8613   153.0s
it  526/4000  reward     nan  ep_len    nan  fell    0  err_xy 0.032  std 0.216  lr 1.0e-04  fps   8668   153.2s
it  527/4000  reward     nan  ep_len    nan  fell    0  err_xy 0.035  std 0.216  lr 1.0e-04  fps   8638   153.5s
it  528/4000  reward     nan  ep_len    nan  fell    0  err_xy 0.039  std 0.217  lr 1.0e-04  fps   8628   153.8s
it  529/4000  reward     nan  ep_len    nan  fell    0  err_xy 0.035  std 0.217  lr 1.0e-04  fps   8667   154.0s
it  530/4000  reward  129.10  ep_len  908.0  fell    0  err_xy 0.093  std 0.217  lr 1.0e-04  fps   7282   154.3s
it  531/4000  reward     nan  ep_len    nan  fell    0  err_xy 0.284  std 0.217  lr 1.0e-04  fps   9115   154.6s
it  532/4000  reward     nan  ep_len    nan  fell    0  err_xy 0.212  std 0.217  lr 1.0e-04  fps   9007   154.8s
it  533/4000  reward     nan  ep_len    nan  fell    0  err_xy 0.189  std 0.217  lr 1.0e-04  fps   9107   155.1s
it  534/4000  reward     nan  ep_len    nan  fell    0  err_xy 0.229  std 0.217  lr 1.0e-04  fps   8975   155.4s
it  535/4000  reward     nan  ep_len    nan  fell    0  err_xy 0.208  std 0.217  lr 1.0e-04  fps   9097   155.6s
it  536/4000  reward     nan  ep_len    nan  fell    0  err_xy 0.210  std 0.217  lr 1.0e-04  fps   8966   155.9s
it  537/4000  reward     nan  ep_len    nan  fell    0  err_xy 0.207  std 0.217  lr 1.0e-04  fps   8904   156.1s
it  538/4000  reward     nan  ep_len    nan  fell    0  err_xy 0.183  std 0.217  lr 1.0e-04  fps   9003   156.4s
it  539/4000  reward     nan  ep_len    nan  fell    0  err_xy 0.187  std 0.217  lr 1.0e-04  fps   8915   156.6s
it  540/4000  reward     nan  ep_len    nan  fell    0  err_xy 0.168  std 0.217  lr 1.0e-04  fps   8941   156.9s
it  541/4000  reward     nan  ep_len    nan  fell    0  err_xy 0.152  std 0.217  lr 1.0e-04  fps   8966   157.2s
it  542/4000  reward     nan  ep_len    nan  fell    0  err_xy 0.135  std 0.217  lr 1.0e-04  fps   8976   157.4s
it  543/4000  reward     nan  ep_len    nan  fell    0  err_xy 0.135  std 0.217  lr 1.0e-04  fps   8933   157.7s
it  544/4000  reward     nan  ep_len    nan  fell    0  err_xy 0.124  std 0.217  lr 1.0e-04  fps   8924   157.9s
it  545/4000  reward     nan  ep_len    nan  fell    0  err_xy 0.112  std 0.217  lr 1.0e-04  fps   8928   158.2s
it  546/4000  reward     nan  ep_len    nan  fell    0  err_xy 0.100  std 0.217  lr 1.0e-04  fps   8915   158.5s
it  547/4000  reward     nan  ep_len    nan  fell    0  err_xy 0.100  std 0.217  lr 1.0e-04  fps   8980   158.7s
it  548/4000  reward     nan  ep_len    nan  fell    0  err_xy 0.088  std 0.217  lr 1.0e-04  fps   8852   159.0s
it  549/4000  reward     nan  ep_len    nan  fell    0  err_xy 0.087  std 0.217  lr 1.0e-04  fps   8884   159.2s
it  550/4000  reward     nan  ep_len    nan  fell    0  err_xy 0.082  std 0.217  lr 1.0e-04  fps   8863   159.5s
it  551/4000  reward     nan  ep_len    nan  fell    0  err_xy 0.091  std 0.217  lr 1.0e-04  fps   8820   159.7s
it  552/4000  reward     nan  ep_len    nan  fell    0  err_xy 0.089  std 0.217  lr 1.0e-04  fps   8829   160.0s
it  553/4000  reward     nan  ep_len    nan  fell    0  err_xy 0.079  std 0.217  lr 1.0e-04  fps   8856   160.3s
it  554/4000  reward     nan  ep_len    nan  fell    0  err_xy 0.086  std 0.217  lr 1.0e-04  fps   8901   160.5s
it  555/4000  reward     nan  ep_len    nan  fell    0  err_xy 0.084  std 0.217  lr 1.0e-04  fps   8726   160.8s
it  556/4000  reward     nan  ep_len    nan  fell    0  err_xy 0.072  std 0.217  lr 1.0e-04  fps   8742   161.1s
it  557/4000  reward     nan  ep_len    nan  fell    0  err_xy 0.075  std 0.217  lr 1.0e-04  fps   8733   161.3s
it  558/4000  reward     nan  ep_len    nan  fell    0  err_xy 0.068  std 0.217  lr 1.0e-04  fps   8605   161.6s
it  559/4000  reward     nan  ep_len    nan  fell    0  err_xy 0.064  std 0.217  lr 1.0e-04  fps   8302   161.9s
it  560/4000  reward     nan  ep_len    nan  fell    0  err_xy 0.055  std 0.217  lr 1.0e-04  fps   8047   162.2s
it  561/4000  reward     nan  ep_len    nan  fell    0  err_xy 0.058  std 0.216  lr 1.0e-04  fps   8438   162.4s
it  562/4000  reward     nan  ep_len    nan  fell    0  err_xy 0.057  std 0.216  lr 1.0e-04  fps   8522   162.7s
it  563/4000  reward     nan  ep_len    nan  fell    0  err_xy 0.063  std 0.216  lr 1.0e-04  fps   8296   163.0s
it  564/4000  reward     nan  ep_len    nan  fell    0  err_xy 0.061  std 0.216  lr 1.0e-04  fps   8448   163.3s
it  565/4000  reward     nan  ep_len    nan  fell    0  err_xy 0.043  std 0.217  lr 1.0e-04  fps   8552   163.5s
it  566/4000  reward     nan  ep_len    nan  fell    0  err_xy 0.044  std 0.217  lr 1.0e-04  fps   8466   163.8s
it  567/4000  reward     nan  ep_len    nan  fell    0  err_xy 0.043  std 0.217  lr 1.0e-04  fps   8316   164.1s
it  568/4000  reward  125.64  ep_len  908.0  fell    0  err_xy 0.128  std 0.217  lr 1.0e-04  fps   7118   164.4s
it  569/4000  reward     nan  ep_len    nan  fell    0  err_xy 0.289  std 0.217  lr 1.0e-04  fps   9003   164.7s
it  570/4000  reward     nan  ep_len    nan  fell    0  err_xy 0.245  std 0.217  lr 1.0e-04  fps   9088   164.9s
it  571/4000  reward     nan  ep_len    nan  fell    0  err_xy 0.208  std 0.217  lr 1.0e-04  fps   9163   165.2s
it  572/4000  reward     nan  ep_len    nan  fell    0  err_xy 0.227  std 0.217  lr 1.0e-04  fps   9080   165.4s
it  573/4000  reward     nan  ep_len    nan  fell    0  err_xy 0.240  std 0.217  lr 1.0e-04  fps   9087   165.7s
it  574/4000  reward     nan  ep_len    nan  fell    0  err_xy 0.227  std 0.217  lr 1.0e-04  fps   8905   165.9s
it  575/4000  reward     nan  ep_len    nan  fell    0  err_xy 0.215  std 0.217  lr 1.0e-04  fps   8996   166.2s
it  576/4000  reward     nan  ep_len    nan  fell    0  err_xy 0.180  std 0.217  lr 1.0e-04  fps   8012   166.5s
it  577/4000  reward     nan  ep_len    nan  fell    0  err_xy 0.146  std 0.217  lr 1.0e-04  fps   8909   166.7s
it  578/4000  reward     nan  ep_len    nan  fell    0  err_xy 0.138  std 0.217  lr 1.0e-04  fps   8899   167.0s
it  579/4000  reward     nan  ep_len    nan  fell    0  err_xy 0.120  std 0.217  lr 1.0e-04  fps   8944   167.2s
it  580/4000  reward     nan  ep_len    nan  fell    0  err_xy 0.091  std 0.217  lr 1.0e-04  fps   8824   167.5s
it  581/4000  reward     nan  ep_len    nan  fell    0  err_xy 0.085  std 0.217  lr 1.0e-04  fps   8763   167.8s
it  582/4000  reward     nan  ep_len    nan  fell    0  err_xy 0.065  std 0.217  lr 1.0e-04  fps   8786   168.0s
it  583/4000  reward     nan  ep_len    nan  fell    0  err_xy 0.059  std 0.217  lr 1.0e-04  fps   8694   168.3s
it  584/4000  reward     nan  ep_len    nan  fell    0  err_xy 0.050  std 0.217  lr 1.0e-04  fps   8714   168.6s
it  585/4000  reward     nan  ep_len    nan  fell    0  err_xy 0.049  std 0.217  lr 1.0e-04  fps   8512   168.8s
it  586/4000  reward     nan  ep_len    nan  fell    0  err_xy 0.049  std 0.217  lr 1.0e-04  fps   8353   169.1s
it  587/4000  reward     nan  ep_len    nan  fell    0  err_xy 0.036  std 0.217  lr 1.0e-04  fps   8523   169.4s
it  588/4000  reward     nan  ep_len    nan  fell    0  err_xy 0.029  std 0.217  lr 1.0e-04  fps   8485   169.7s
it  589/4000  reward     nan  ep_len    nan  fell    0  err_xy 0.028  std 0.217  lr 1.0e-04  fps   8459   169.9s
it  590/4000  reward     nan  ep_len    nan  fell    0  err_xy 0.024  std 0.217  lr 1.0e-04  fps   8584   170.2s
it  591/4000  reward     nan  ep_len    nan  fell    0  err_xy 0.029  std 0.217  lr 1.0e-04  fps   8428   170.5s
it  592/4000  reward     nan  ep_len    nan  fell    0  err_xy 0.032  std 0.217  lr 1.0e-04  fps   8390   170.7s
it  593/4000  reward     nan  ep_len    nan  fell    0  err_xy 0.031  std 0.217  lr 1.0e-04  fps   8375   171.0s
it  594/4000  reward     nan  ep_len    nan  fell    0  err_xy 0.032  std 0.217  lr 1.0e-04  fps   8257   171.3s
it  595/4000  reward     nan  ep_len    nan  fell    0  err_xy 0.026  std 0.217  lr 1.0e-04  fps   8465   171.6s
it  596/4000  reward     nan  ep_len    nan  fell    0  err_xy 0.024  std 0.217  lr 1.0e-04  fps   8409   171.8s
it  597/4000  reward     nan  ep_len    nan  fell    0  err_xy 0.020  std 0.217  lr 1.0e-04  fps   8329   172.1s
it  598/4000  reward     nan  ep_len    nan  fell    0  err_xy 0.030  std 0.217  lr 1.0e-04  fps   8469   172.4s
it  599/4000  reward     nan  ep_len    nan  fell    0  err_xy 0.033  std 0.217  lr 1.0e-04  fps   8451   172.7s
it  600/4000  reward     nan  ep_len    nan  fell    0  err_xy 0.029  std 0.217  lr 1.0e-04  fps   8371   172.9s
eval iteration 600:
  prone          success   0.0%  time 18.16s  peak_τ 0.96 Nm  return 156.35
  supine         success   0.0%  time 18.16s  peak_τ 0.94 Nm  return 137.34
  score 0.000
it  601/4000  reward     nan  ep_len    nan  fell    0  err_xy 0.031  std 0.217  lr 1.0e-04  fps   8010   177.3s
it  602/4000  reward     nan  ep_len    nan  fell    0  err_xy 0.027  std 0.217  lr 1.0e-04  fps   8169   177.6s
it  603/4000  reward     nan  ep_len    nan  fell    0  err_xy 0.028  std 0.217  lr 1.0e-04  fps   7610   177.9s
it  604/4000  reward     nan  ep_len    nan  fell    0  err_xy 0.025  std 0.217  lr 1.0e-04  fps   7634   178.2s
it  605/4000  reward     nan  ep_len    nan  fell    0  err_xy 0.019  std 0.217  lr 1.0e-04  fps   7717   178.5s
it  606/4000  reward  131.03  ep_len  908.0  fell    0  err_xy 0.180  std 0.217  lr 1.0e-04  fps   7035   178.8s
it  607/4000  reward     nan  ep_len    nan  fell    0  err_xy 0.287  std 0.217  lr 1.0e-04  fps   8697   179.1s
it  608/4000  reward     nan  ep_len    nan  fell    0  err_xy 0.228  std 0.217  lr 1.0e-04  fps   9152   179.3s
it  609/4000  reward     nan  ep_len    nan  fell    0  err_xy 0.214  std 0.217  lr 1.0e-04  fps   9149   179.6s
it  610/4000  reward     nan  ep_len    nan  fell    0  err_xy 0.215  std 0.217  lr 1.0e-04  fps   9003   179.8s
it  611/4000  reward     nan  ep_len    nan  fell    0  err_xy 0.209  std 0.217  lr 1.0e-04  fps   8950   180.1s
it  612/4000  reward     nan  ep_len    nan  fell    0  err_xy 0.187  std 0.217  lr 1.0e-04  fps   8802   180.3s
it  613/4000  reward     nan  ep_len    nan  fell    0  err_xy 0.182  std 0.217  lr 1.0e-04  fps   8584   180.6s
it  614/4000  reward     nan  ep_len    nan  fell    0  err_xy 0.146  std 0.217  lr 1.0e-04  fps   8323   180.9s
it  615/4000  reward     nan  ep_len    nan  fell    0  err_xy 0.118  std 0.217  lr 1.0e-04  fps   8964   181.1s
it  616/4000  reward     nan  ep_len    nan  fell    0  err_xy 0.119  std 0.217  lr 1.0e-04  fps   9008   181.4s
it  617/4000  reward     nan  ep_len    nan  fell    0  err_xy 0.104  std 0.217  lr 1.0e-04  fps   8863   181.7s
it  618/4000  reward     nan  ep_len    nan  fell    0  err_xy 0.087  std 0.217  lr 1.0e-04  fps   8621   181.9s
it  619/4000  reward     nan  ep_len    nan  fell    0  err_xy 0.076  std 0.217  lr 1.0e-04  fps   8395   182.2s
it  620/4000  reward     nan  ep_len    nan  fell    0  err_xy 0.067  std 0.217  lr 1.0e-04  fps   8520   182.5s
it  621/4000  reward     nan  ep_len    nan  fell    0  err_xy 0.061  std 0.217  lr 1.0e-04  fps   8821   182.7s
it  622/4000  reward     nan  ep_len    nan  fell    0  err_xy 0.052  std 0.217  lr 1.0e-04  fps   8718   183.0s
it  623/4000  reward     nan  ep_len    nan  fell    0  err_xy 0.048  std 0.217  lr 1.0e-04  fps   8786   183.3s
it  624/4000  reward     nan  ep_len    nan  fell    0  err_xy 0.037  std 0.217  lr 1.0e-04  fps   8775   183.5s
it  625/4000  reward     nan  ep_len    nan  fell    0  err_xy 0.031  std 0.217  lr 1.0e-04  fps   8705   183.8s
it  626/4000  reward     nan  ep_len    nan  fell    0  err_xy 0.034  std 0.217  lr 1.0e-04  fps   8320   184.1s
it  627/4000  reward     nan  ep_len    nan  fell    0  err_xy 0.029  std 0.217  lr 1.0e-04  fps   8400   184.3s
it  628/4000  reward     nan  ep_len    nan  fell    0  err_xy 0.025  std 0.217  lr 1.0e-04  fps   8654   184.6s
it  629/4000  reward     nan  ep_len    nan  fell    0  err_xy 0.020  std 0.217  lr 1.0e-04  fps   8761   184.9s
it  630/4000  reward     nan  ep_len    nan  fell    0  err_xy 0.021  std 0.217  lr 1.0e-04  fps   8782   185.1s
it  631/4000  reward     nan  ep_len    nan  fell    0  err_xy 0.024  std 0.217  lr 1.0e-04  fps   8605   185.4s
it  632/4000  reward     nan  ep_len    nan  fell    0  err_xy 0.025  std 0.217  lr 1.0e-04  fps   8665   185.7s
it  633/4000  reward     nan  ep_len    nan  fell    0  err_xy 0.026  std 0.217  lr 1.0e-04  fps   8577   185.9s
it  634/4000  reward     nan  ep_len    nan  fell    0  err_xy 0.026  std 0.217  lr 1.0e-04  fps   8553   186.2s
it  635/4000  reward     nan  ep_len    nan  fell    0  err_xy 0.025  std 0.217  lr 1.0e-04  fps   8587   186.5s
it  636/4000  reward     nan  ep_len    nan  fell    0  err_xy 0.024  std 0.217  lr 1.0e-04  fps   8425   186.7s
it  637/4000  reward     nan  ep_len    nan  fell    0  err_xy 0.028  std 0.217  lr 1.0e-04  fps   8435   187.0s
it  638/4000  reward     nan  ep_len    nan  fell    0  err_xy 0.022  std 0.217  lr 1.0e-04  fps   8556   187.3s
it  639/4000  reward     nan  ep_len    nan  fell    0  err_xy 0.024  std 0.216  lr 1.0e-04  fps   8378   187.6s
it  640/4000  reward     nan  ep_len    nan  fell    0  err_xy 0.020  std 0.216  lr 1.0e-04  fps   8274   187.8s
it  641/4000  reward     nan  ep_len    nan  fell    0  err_xy 0.020  std 0.216  lr 1.0e-04  fps   8341   188.1s
it  642/4000  reward     nan  ep_len    nan  fell    0  err_xy 0.020  std 0.216  lr 1.0e-04  fps   8407   188.4s
it  643/4000  reward     nan  ep_len    nan  fell    0  err_xy 0.024  std 0.216  lr 1.0e-04  fps   8462   188.7s
it  644/4000  reward  130.81  ep_len  908.0  fell    0  err_xy 0.221  std 0.216  lr 1.0e-04  fps   7249   189.0s
it  645/4000  reward     nan  ep_len    nan  fell    0  err_xy 0.243  std 0.216  lr 1.0e-04  fps   9053   189.2s
it  646/4000  reward     nan  ep_len    nan  fell    0  err_xy 0.219  std 0.216  lr 1.0e-04  fps   9131   189.5s
it  647/4000  reward     nan  ep_len    nan  fell    0  err_xy 0.228  std 0.216  lr 1.0e-04  fps   9013   189.8s
it  648/4000  reward     nan  ep_len    nan  fell    0  err_xy 0.253  std 0.216  lr 1.0e-04  fps   8766   190.0s
it  649/4000  reward     nan  ep_len    nan  fell    0  err_xy 0.238  std 0.216  lr 1.0e-04  fps   7777   190.3s
it  650/4000  reward     nan  ep_len    nan  fell    0  err_xy 0.236  std 0.217  lr 1.0e-04  fps   6479   190.7s
it  651/4000  reward     nan  ep_len    nan  fell    0  err_xy 0.215  std 0.217  lr 1.0e-04  fps   8928   190.9s
it  652/4000  reward     nan  ep_len    nan  fell    0  err_xy 0.203  std 0.217  lr 1.0e-04  fps   8785   191.2s
it  653/4000  reward     nan  ep_len    nan  fell    0  err_xy 0.173  std 0.217  lr 1.0e-04  fps   9083   191.4s
it  654/4000  reward     nan  ep_len    nan  fell    0  err_xy 0.150  std 0.217  lr 1.0e-04  fps   8948   191.7s
it  655/4000  reward     nan  ep_len    nan  fell    0  err_xy 0.154  std 0.217  lr 1.0e-04  fps   8962   192.0s
it  656/4000  reward     nan  ep_len    nan  fell    0  err_xy 0.127  std 0.217  lr 1.0e-04  fps   8899   192.2s
it  657/4000  reward     nan  ep_len    nan  fell    0  err_xy 0.099  std 0.217  lr 1.0e-04  fps   8597   192.5s
it  658/4000  reward     nan  ep_len    nan  fell    0  err_xy 0.088  std 0.217  lr 1.0e-04  fps   8864   192.7s
it  659/4000  reward     nan  ep_len    nan  fell    0  err_xy 0.079  std 0.217  lr 1.0e-04  fps   8852   193.0s
it  660/4000  reward     nan  ep_len    nan  fell    0  err_xy 0.065  std 0.217  lr 1.0e-04  fps   8854   193.3s
it  661/4000  reward     nan  ep_len    nan  fell    0  err_xy 0.067  std 0.217  lr 1.0e-04  fps   8709   193.5s
it  662/4000  reward     nan  ep_len    nan  fell    0  err_xy 0.055  std 0.217  lr 1.0e-04  fps   8762   193.8s
it  663/4000  reward     nan  ep_len    nan  fell    0  err_xy 0.048  std 0.217  lr 1.0e-04  fps   8421   194.1s
it  664/4000  reward     nan  ep_len    nan  fell    0  err_xy 0.050  std 0.217  lr 1.0e-04  fps   8364   194.3s
it  665/4000  reward     nan  ep_len    nan  fell    0  err_xy 0.053  std 0.217  lr 1.0e-04  fps   8691   194.6s
it  666/4000  reward     nan  ep_len    nan  fell    0  err_xy 0.046  std 0.217  lr 1.0e-04  fps   8692   194.9s
it  667/4000  reward     nan  ep_len    nan  fell    0  err_xy 0.040  std 0.217  lr 1.0e-04  fps   8844   195.1s
it  668/4000  reward     nan  ep_len    nan  fell    0  err_xy 0.038  std 0.217  lr 1.0e-04  fps   8688   195.4s
it  669/4000  reward     nan  ep_len    nan  fell    0  err_xy 0.043  std 0.217  lr 1.0e-04  fps   8813   195.7s
it  670/4000  reward     nan  ep_len    nan  fell    0  err_xy 0.041  std 0.216  lr 1.0e-04  fps   8614   195.9s
it  671/4000  reward     nan  ep_len    nan  fell    0  err_xy 0.047  std 0.217  lr 1.0e-04  fps   8416   196.2s
it  672/4000  reward     nan  ep_len    nan  fell    0  err_xy 0.057  std 0.217  lr 1.0e-04  fps   8666   196.5s
it  673/4000  reward     nan  ep_len    nan  fell    0  err_xy 0.060  std 0.217  lr 1.0e-04  fps   7870   196.8s
it  674/4000  reward     nan  ep_len    nan  fell    0  err_xy 0.069  std 0.217  lr 1.0e-04  fps   8727   197.0s
it  675/4000  reward     nan  ep_len    nan  fell    0  err_xy 0.087  std 0.217  lr 1.0e-04  fps   8816   197.3s
it  676/4000  reward     nan  ep_len    nan  fell    0  err_xy 0.088  std 0.217  lr 1.0e-04  fps   8725   197.6s
it  677/4000  reward     nan  ep_len    nan  fell    0  err_xy 0.101  std 0.217  lr 1.0e-04  fps   8645   197.8s
it  678/4000  reward     nan  ep_len    nan  fell    0  err_xy 0.079  std 0.217  lr 1.0e-04  fps   8736   198.1s
it  679/4000  reward     nan  ep_len    nan  fell    0  err_xy 0.083  std 0.217  lr 1.0e-04  fps   8710   198.3s
it  680/4000  reward     nan  ep_len    nan  fell    0  err_xy 0.095  std 0.217  lr 1.0e-04  fps   8465   198.6s
it  681/4000  reward  129.96  ep_len  908.0  fell    0  err_xy 0.090  std 0.217  lr 1.0e-04  fps   7058   198.9s
it  682/4000  reward     nan  ep_len    nan  fell    0  err_xy 0.232  std 0.217  lr 1.0e-04  fps   8851   199.2s
it  683/4000  reward     nan  ep_len    nan  fell    0  err_xy 0.229  std 0.217  lr 1.0e-04  fps   8885   199.5s
it  684/4000  reward     nan  ep_len    nan  fell    0  err_xy 0.212  std 0.217  lr 1.0e-04  fps   8964   199.7s
it  685/4000  reward     nan  ep_len    nan  fell    0  err_xy 0.216  std 0.217  lr 1.0e-04  fps   8830   200.0s
it  686/4000  reward     nan  ep_len    nan  fell    0  err_xy 0.246  std 0.217  lr 1.0e-04  fps   7489   200.3s
it  687/4000  reward     nan  ep_len    nan  fell    0  err_xy 0.242  std 0.217  lr 1.0e-04  fps   5589   200.7s
it  688/4000  reward     nan  ep_len    nan  fell    0  err_xy 0.219  std 0.217  lr 1.0e-04  fps   8260   201.0s
it  689/4000  reward     nan  ep_len    nan  fell    0  err_xy 0.213  std 0.217  lr 1.0e-04  fps   8413   201.3s
it  690/4000  reward     nan  ep_len    nan  fell    0  err_xy 0.189  std 0.217  lr 1.0e-04  fps   8185   201.5s
it  691/4000  reward     nan  ep_len    nan  fell    0  err_xy 0.162  std 0.217  lr 1.0e-04  fps   7960   201.8s
it  692/4000  reward     nan  ep_len    nan  fell    0  err_xy 0.141  std 0.217  lr 1.0e-04  fps   8487   202.1s
it  693/4000  reward     nan  ep_len    nan  fell    0  err_xy 0.118  std 0.217  lr 1.0e-04  fps   8740   202.4s
it  694/4000  reward     nan  ep_len    nan  fell    0  err_xy 0.099  std 0.217  lr 1.0e-04  fps   8826   202.6s
it  695/4000  reward     nan  ep_len    nan  fell    0  err_xy 0.102  std 0.217  lr 1.0e-04  fps   8805   202.9s
it  696/4000  reward     nan  ep_len    nan  fell    0  err_xy 0.093  std 0.217  lr 1.0e-04  fps   8692   203.2s
it  697/4000  reward     nan  ep_len    nan  fell    0  err_xy 0.072  std 0.217  lr 1.0e-04  fps   8720   203.4s
it  698/4000  reward     nan  ep_len    nan  fell    0  err_xy 0.066  std 0.217  lr 1.0e-04  fps   7619   203.7s
it  699/4000  reward     nan  ep_len    nan  fell    0  err_xy 0.066  std 0.217  lr 1.0e-04  fps   7849   204.0s
it  700/4000  reward     nan  ep_len    nan  fell    0  err_xy 0.062  std 0.217  lr 1.0e-04  fps   8274   204.3s
it  701/4000  reward     nan  ep_len    nan  fell    0  err_xy 0.060  std 0.217  lr 1.0e-04  fps   8509   204.6s
it  702/4000  reward     nan  ep_len    nan  fell    0  err_xy 0.057  std 0.217  lr 1.0e-04  fps   8480   204.8s
it  703/4000  reward     nan  ep_len    nan  fell    0  err_xy 0.050  std 0.217  lr 1.0e-04  fps   8508   205.1s
it  704/4000  reward     nan  ep_len    nan  fell    0  err_xy 0.043  std 0.217  lr 1.0e-04  fps   8507   205.4s
it  705/4000  reward     nan  ep_len    nan  fell    0  err_xy 0.041  std 0.217  lr 1.0e-04  fps   7649   205.7s
it  706/4000  reward     nan  ep_len    nan  fell    0  err_xy 0.041  std 0.217  lr 1.0e-04  fps   8259   206.0s
it  707/4000  reward     nan  ep_len    nan  fell    0  err_xy 0.031  std 0.217  lr 1.0e-04  fps   8065   206.3s
it  708/4000  reward     nan  ep_len    nan  fell    0  err_xy 0.033  std 0.217  lr 1.0e-04  fps   8504   206.5s
it  709/4000  reward     nan  ep_len    nan  fell    0  err_xy 0.032  std 0.217  lr 1.0e-04  fps   7650   206.8s
it  710/4000  reward     nan  ep_len    nan  fell    0  err_xy 0.030  std 0.217  lr 1.0e-04  fps   8429   207.1s
it  711/4000  reward     nan  ep_len    nan  fell    0  err_xy 0.039  std 0.217  lr 1.0e-04  fps   8770   207.4s
it  712/4000  reward     nan  ep_len    nan  fell    0  err_xy 0.032  std 0.217  lr 1.0e-04  fps   9025   207.6s
it  713/4000  reward     nan  ep_len    nan  fell    0  err_xy 0.035  std 0.216  lr 1.0e-04  fps   8962   207.9s
it  714/4000  reward     nan  ep_len    nan  fell    0  err_xy 0.037  std 0.216  lr 1.0e-04  fps   9102   208.1s
it  715/4000  reward     nan  ep_len    nan  fell    0  err_xy 0.036  std 0.216  lr 1.0e-04  fps   8652   208.4s
it  716/4000  reward     nan  ep_len    nan  fell    0  err_xy 0.036  std 0.216  lr 1.0e-04  fps   8705   208.7s
it  717/4000  reward     nan  ep_len    nan  fell    0  err_xy 0.029  std 0.217  lr 1.0e-04  fps   7659   209.0s
it  718/4000  reward     nan  ep_len    nan  fell    0  err_xy 0.033  std 0.217  lr 1.0e-04  fps   8719   209.2s
it  719/4000  reward  132.55  ep_len  908.0  fell    0  err_xy 0.052  std 0.217  lr 1.0e-04  fps   7325   209.5s
it  720/4000  reward     nan  ep_len    nan  fell    0  err_xy 0.267  std 0.217  lr 1.0e-04  fps   9307   209.8s
it  721/4000  reward     nan  ep_len    nan  fell    0  err_xy 0.245  std 0.217  lr 1.0e-04  fps   9409   210.0s
it  722/4000  reward     nan  ep_len    nan  fell    0  err_xy 0.235  std 0.217  lr 1.0e-04  fps   9461   210.3s
it  723/4000  reward     nan  ep_len    nan  fell    0  err_xy 0.246  std 0.217  lr 1.0e-04  fps   9091   210.5s
it  724/4000  reward     nan  ep_len    nan  fell    0  err_xy 0.275  std 0.217  lr 1.0e-04  fps   8961   210.8s
it  725/4000  reward     nan  ep_len    nan  fell    0  err_xy 0.269  std 0.217  lr 1.0e-04  fps   8848   211.0s
it  726/4000  reward     nan  ep_len    nan  fell    0  err_xy 0.243  std 0.217  lr 1.0e-04  fps   9073   211.3s
it  727/4000  reward     nan  ep_len    nan  fell    0  err_xy 0.213  std 0.217  lr 1.0e-04  fps   9060   211.6s
it  728/4000  reward     nan  ep_len    nan  fell    0  err_xy 0.200  std 0.217  lr 1.0e-04  fps   9219   211.8s
it  729/4000  reward     nan  ep_len    nan  fell    0  err_xy 0.198  std 0.217  lr 1.0e-04  fps   9043   212.1s
it  730/4000  reward     nan  ep_len    nan  fell    0  err_xy 0.164  std 0.217  lr 1.0e-04  fps   9212   212.3s
it  731/4000  reward     nan  ep_len    nan  fell    0  err_xy 0.160  std 0.217  lr 1.0e-04  fps   8053   212.6s
it  732/4000  reward     nan  ep_len    nan  fell    0  err_xy 0.148  std 0.217  lr 1.0e-04  fps   8553   212.9s
it  733/4000  reward     nan  ep_len    nan  fell    0  err_xy 0.128  std 0.217  lr 1.0e-04  fps   9084   213.1s
it  734/4000  reward     nan  ep_len    nan  fell    0  err_xy 0.107  std 0.217  lr 1.0e-04  fps   9151   213.4s
it  735/4000  reward     nan  ep_len    nan  fell    0  err_xy 0.116  std 0.217  lr 1.0e-04  fps   9106   213.6s
it  736/4000  reward     nan  ep_len    nan  fell    0  err_xy 0.095  std 0.217  lr 1.0e-04  fps   9151   213.9s
it  737/4000  reward     nan  ep_len    nan  fell    0  err_xy 0.091  std 0.217  lr 1.0e-04  fps   9125   214.1s
it  738/4000  reward     nan  ep_len    nan  fell    0  err_xy 0.087  std 0.217  lr 1.0e-04  fps   9173   214.4s
it  739/4000  reward     nan  ep_len    nan  fell    0  err_xy 0.073  std 0.217  lr 1.0e-04  fps   9154   214.6s
it  740/4000  reward     nan  ep_len    nan  fell    0  err_xy 0.065  std 0.217  lr 1.0e-04  fps   9071   214.9s
it  741/4000  reward     nan  ep_len    nan  fell    0  err_xy 0.060  std 0.217  lr 1.0e-04  fps   9150   215.1s
it  742/4000  reward     nan  ep_len    nan  fell    0  err_xy 0.057  std 0.217  lr 1.0e-04  fps   8969   215.4s
it  743/4000  reward     nan  ep_len    nan  fell    0  err_xy 0.047  std 0.217  lr 1.0e-04  fps   9072   215.7s
it  744/4000  reward     nan  ep_len    nan  fell    0  err_xy 0.059  std 0.217  lr 1.0e-04  fps   9052   215.9s
it  745/4000  reward     nan  ep_len    nan  fell    0  err_xy 0.052  std 0.217  lr 1.0e-04  fps   9195   216.2s
it  746/4000  reward     nan  ep_len    nan  fell    0  err_xy 0.050  std 0.217  lr 1.0e-04  fps   9101   216.4s
it  747/4000  reward     nan  ep_len    nan  fell    0  err_xy 0.049  std 0.217  lr 1.0e-04  fps   9167   216.7s
it  748/4000  reward     nan  ep_len    nan  fell    0  err_xy 0.047  std 0.217  lr 1.0e-04  fps   9269   216.9s
it  749/4000  reward     nan  ep_len    nan  fell    0  err_xy 0.044  std 0.217  lr 1.0e-04  fps   9189   217.2s
it  750/4000  reward     nan  ep_len    nan  fell    0  err_xy 0.036  std 0.217  lr 1.0e-04  fps   9311   217.4s
it  751/4000  reward     nan  ep_len    nan  fell    0  err_xy 0.039  std 0.217  lr 1.0e-04  fps   9344   217.7s
it  752/4000  reward     nan  ep_len    nan  fell    0  err_xy 0.032  std 0.217  lr 1.0e-04  fps   9274   217.9s
it  753/4000  reward     nan  ep_len    nan  fell    0  err_xy 0.036  std 0.217  lr 1.0e-04  fps   9307   218.2s
it  754/4000  reward     nan  ep_len    nan  fell    0  err_xy 0.028  std 0.217  lr 1.0e-04  fps   8133   218.4s
it  755/4000  reward     nan  ep_len    nan  fell    0  err_xy 0.026  std 0.217  lr 1.0e-04  fps   6774   218.8s
it  756/4000  reward     nan  ep_len    nan  fell    0  err_xy 0.026  std 0.217  lr 1.0e-04  fps   8407   219.1s
it  757/4000  reward  133.97  ep_len  908.0  fell    0  err_xy 0.095  std 0.217  lr 1.0e-04  fps   6963   219.4s
it  758/4000  reward     nan  ep_len    nan  fell    0  err_xy 0.324  std 0.217  lr 1.0e-04  fps   8700   219.7s
it  759/4000  reward     nan  ep_len    nan  fell    0  err_xy 0.294  std 0.217  lr 1.0e-04  fps   8656   219.9s
it  760/4000  reward     nan  ep_len    nan  fell    0  err_xy 0.264  std 0.217  lr 1.0e-04  fps   8352   220.2s
it  761/4000  reward     nan  ep_len    nan  fell    0  err_xy 0.289  std 0.217  lr 1.0e-04  fps   8972   220.5s
it  762/4000  reward     nan  ep_len    nan  fell    0  err_xy 0.297  std 0.217  lr 1.0e-04  fps   8707   220.7s
it  763/4000  reward     nan  ep_len    nan  fell    0  err_xy 0.290  std 0.217  lr 1.0e-04  fps   8842   221.0s
it  764/4000  reward     nan  ep_len    nan  fell    0  err_xy 0.271  std 0.217  lr 1.0e-04  fps   8897   221.2s
it  765/4000  reward     nan  ep_len    nan  fell    0  err_xy 0.255  std 0.217  lr 1.0e-04  fps   8860   221.5s
it  766/4000  reward     nan  ep_len    nan  fell    0  err_xy 0.211  std 0.217  lr 1.0e-04  fps   8896   221.8s
it  767/4000  reward     nan  ep_len    nan  fell    0  err_xy 0.197  std 0.217  lr 1.0e-04  fps   8812   222.0s
it  768/4000  reward     nan  ep_len    nan  fell    0  err_xy 0.172  std 0.217  lr 1.0e-04  fps   8908   222.3s
it  769/4000  reward     nan  ep_len    nan  fell    0  err_xy 0.167  std 0.217  lr 1.0e-04  fps   8831   222.5s
it  770/4000  reward     nan  ep_len    nan  fell    0  err_xy 0.141  std 0.217  lr 1.0e-04  fps   8838   222.8s
it  771/4000  reward     nan  ep_len    nan  fell    0  err_xy 0.136  std 0.217  lr 1.0e-04  fps   8822   223.1s
it  772/4000  reward     nan  ep_len    nan  fell    0  err_xy 0.118  std 0.217  lr 1.0e-04  fps   8866   223.3s
it  773/4000  reward     nan  ep_len    nan  fell    0  err_xy 0.124  std 0.217  lr 1.0e-04  fps   8873   223.6s
it  774/4000  reward     nan  ep_len    nan  fell    0  err_xy 0.102  std 0.217  lr 1.0e-04  fps   8876   223.8s
it  775/4000  reward     nan  ep_len    nan  fell    0  err_xy 0.108  std 0.217  lr 1.0e-04  fps   8806   224.1s
it  776/4000  reward     nan  ep_len    nan  fell    0  err_xy 0.096  std 0.217  lr 1.0e-04  fps   8848   224.4s
it  777/4000  reward     nan  ep_len    nan  fell    0  err_xy 0.090  std 0.217  lr 1.0e-04  fps   8800   224.6s
it  778/4000  reward     nan  ep_len    nan  fell    0  err_xy 0.093  std 0.217  lr 1.0e-04  fps   8813   224.9s
it  779/4000  reward     nan  ep_len    nan  fell    0  err_xy 0.091  std 0.217  lr 1.0e-04  fps   8786   225.1s
it  780/4000  reward     nan  ep_len    nan  fell    0  err_xy 0.076  std 0.217  lr 1.0e-04  fps   8795   225.4s
it  781/4000  reward     nan  ep_len    nan  fell    0  err_xy 0.078  std 0.217  lr 1.0e-04  fps   8789   225.7s
it  782/4000  reward     nan  ep_len    nan  fell    0  err_xy 0.057  std 0.217  lr 1.0e-04  fps   8805   225.9s
it  783/4000  reward     nan  ep_len    nan  fell    0  err_xy 0.059  std 0.217  lr 1.0e-04  fps   8831   226.2s
it  784/4000  reward     nan  ep_len    nan  fell    0  err_xy 0.054  std 0.217  lr 1.0e-04  fps   8457   226.5s
it  785/4000  reward     nan  ep_len    nan  fell    0  err_xy 0.053  std 0.217  lr 1.0e-04  fps   8795   226.7s
it  786/4000  reward     nan  ep_len    nan  fell    0  err_xy 0.048  std 0.217  lr 1.0e-04  fps   8849   227.0s
it  787/4000  reward     nan  ep_len    nan  fell    0  err_xy 0.046  std 0.217  lr 1.0e-04  fps   8845   227.3s
it  788/4000  reward     nan  ep_len    nan  fell    0  err_xy 0.046  std 0.217  lr 1.0e-04  fps   8870   227.5s
it  789/4000  reward     nan  ep_len    nan  fell    0  err_xy 0.039  std 0.217  lr 1.0e-04  fps   8814   227.8s
it  790/4000  reward     nan  ep_len    nan  fell    0  err_xy 0.043  std 0.217  lr 1.0e-04  fps   8843   228.0s
it  791/4000  reward     nan  ep_len    nan  fell    0  err_xy 0.041  std 0.217  lr 1.0e-04  fps   8707   228.3s
it  792/4000  reward     nan  ep_len    nan  fell    0  err_xy 0.035  std 0.217  lr 1.0e-04  fps   8674   228.6s
it  793/4000  reward     nan  ep_len    nan  fell    0  err_xy 0.034  std 0.217  lr 1.0e-04  fps   8618   228.8s
it  794/4000  reward     nan  ep_len    nan  fell    0  err_xy 0.032  std 0.217  lr 1.0e-04  fps   8687   229.1s
it  795/4000  reward  128.68  ep_len  908.0  fell    0  err_xy 0.128  std 0.217  lr 1.0e-04  fps   7259   229.4s
it  796/4000  reward     nan  ep_len    nan  fell    0  err_xy 0.260  std 0.217  lr 1.0e-04  fps   8935   229.7s
it  797/4000  reward     nan  ep_len    nan  fell    0  err_xy 0.240  std 0.217  lr 1.0e-04  fps   8952   229.9s
it  798/4000  reward     nan  ep_len    nan  fell    0  err_xy 0.228  std 0.217  lr 1.0e-04  fps   9074   230.2s
it  799/4000  reward     nan  ep_len    nan  fell    0  err_xy 0.239  std 0.217  lr 1.0e-04  fps   9023   230.4s
it  800/4000  reward     nan  ep_len    nan  fell    0  err_xy 0.234  std 0.217  lr 1.0e-04  fps   8986   230.7s
eval iteration 800:
  prone          success   0.0%  time 18.16s  peak_τ 0.96 Nm  return 161.92
  supine         success   0.0%  time 18.16s  peak_τ 0.96 Nm  return 137.34
  score 0.000
it  801/4000  reward     nan  ep_len    nan  fell    0  err_xy 0.223  std 0.217  lr 1.0e-04  fps   8815   235.0s
it  802/4000  reward     nan  ep_len    nan  fell    0  err_xy 0.201  std 0.217  lr 1.0e-04  fps   8798   235.3s
it  803/4000  reward     nan  ep_len    nan  fell    0  err_xy 0.198  std 0.217  lr 1.0e-04  fps   9058   235.5s
it  804/4000  reward     nan  ep_len    nan  fell    0  err_xy 0.188  std 0.217  lr 1.0e-04  fps   8404   235.8s
it  805/4000  reward     nan  ep_len    nan  fell    0  err_xy 0.178  std 0.217  lr 1.0e-04  fps   6625   236.2s
it  806/4000  reward     nan  ep_len    nan  fell    0  err_xy 0.176  std 0.217  lr 1.0e-04  fps   5884   236.6s
it  807/4000  reward     nan  ep_len    nan  fell    0  err_xy 0.167  std 0.217  lr 1.0e-04  fps   6205   236.9s
it  808/4000  reward     nan  ep_len    nan  fell    0  err_xy 0.147  std 0.217  lr 1.0e-04  fps   7879   237.2s
it  809/4000  reward     nan  ep_len    nan  fell    0  err_xy 0.143  std 0.217  lr 1.0e-04  fps   8635   237.5s
it  810/4000  reward     nan  ep_len    nan  fell    0  err_xy 0.123  std 0.217  lr 1.0e-04  fps   8503   237.8s
it  811/4000  reward     nan  ep_len    nan  fell    0  err_xy 0.108  std 0.216  lr 1.0e-04  fps   8450   238.0s
it  812/4000  reward     nan  ep_len    nan  fell    0  err_xy 0.086  std 0.217  lr 1.0e-04  fps   8110   238.3s
it  813/4000  reward     nan  ep_len    nan  fell    0  err_xy 0.085  std 0.217  lr 1.0e-04  fps   7959   238.6s
it  814/4000  reward     nan  ep_len    nan  fell    0  err_xy 0.076  std 0.217  lr 1.0e-04  fps   7856   238.9s
it  815/4000  reward     nan  ep_len    nan  fell    0  err_xy 0.067  std 0.217  lr 1.0e-04  fps   7824   239.2s
it  816/4000  reward     nan  ep_len    nan  fell    0  err_xy 0.056  std 0.217  lr 1.0e-04  fps   8084   239.5s
it  817/4000  reward     nan  ep_len    nan  fell    0  err_xy 0.064  std 0.217  lr 1.0e-04  fps   7684   239.8s
it  818/4000  reward     nan  ep_len    nan  fell    0  err_xy 0.061  std 0.217  lr 1.0e-04  fps   8222   240.1s
it  819/4000  reward     nan  ep_len    nan  fell    0  err_xy 0.059  std 0.217  lr 1.0e-04  fps   8215   240.3s
it  820/4000  reward     nan  ep_len    nan  fell    0  err_xy 0.061  std 0.217  lr 1.0e-04  fps   8469   240.6s
it  821/4000  reward     nan  ep_len    nan  fell    0  err_xy 0.053  std 0.217  lr 1.0e-04  fps   8340   240.9s
it  822/4000  reward     nan  ep_len    nan  fell    0  err_xy 0.048  std 0.217  lr 1.0e-04  fps   8856   241.1s
it  823/4000  reward     nan  ep_len    nan  fell    0  err_xy 0.041  std 0.217  lr 1.0e-04  fps   8754   241.4s
it  824/4000  reward     nan  ep_len    nan  fell    0  err_xy 0.042  std 0.217  lr 1.0e-04  fps   8900   241.7s
it  825/4000  reward     nan  ep_len    nan  fell    0  err_xy 0.038  std 0.217  lr 1.0e-04  fps   8860   241.9s
it  826/4000  reward     nan  ep_len    nan  fell    0  err_xy 0.035  std 0.217  lr 1.0e-04  fps   9004   242.2s
it  827/4000  reward     nan  ep_len    nan  fell    0  err_xy 0.036  std 0.217  lr 1.0e-04  fps   9033   242.4s
it  828/4000  reward     nan  ep_len    nan  fell    0  err_xy 0.041  std 0.217  lr 1.0e-04  fps   8975   242.7s
it  829/4000  reward     nan  ep_len    nan  fell    0  err_xy 0.033  std 0.217  lr 1.0e-04  fps   8877   243.0s
it  830/4000  reward     nan  ep_len    nan  fell    0  err_xy 0.036  std 0.217  lr 1.0e-04  fps   8970   243.2s
it  831/4000  reward     nan  ep_len    nan  fell    0  err_xy 0.030  std 0.217  lr 1.0e-04  fps   8923   243.5s
it  832/4000  reward     nan  ep_len    nan  fell    0  err_xy 0.031  std 0.217  lr 1.0e-04  fps   8888   243.7s
it  833/4000  reward  132.99  ep_len  908.0  fell    0  err_xy 0.196  std 0.217  lr 1.0e-04  fps   7116   244.1s
it  834/4000  reward     nan  ep_len    nan  fell    0  err_xy 0.252  std 0.217  lr 1.0e-04  fps   9078   244.3s
it  835/4000  reward     nan  ep_len    nan  fell    0  err_xy 0.224  std 0.217  lr 1.0e-04  fps   9189   244.6s
it  836/4000  reward     nan  ep_len    nan  fell    0  err_xy 0.218  std 0.217  lr 1.0e-04  fps   9153   244.8s
it  837/4000  reward     nan  ep_len    nan  fell    0  err_xy 0.251  std 0.217  lr 1.0e-04  fps   9126   245.1s
it  838/4000  reward     nan  ep_len    nan  fell    0  err_xy 0.240  std 0.217  lr 1.0e-04  fps   9078   245.3s
it  839/4000  reward     nan  ep_len    nan  fell    0  err_xy 0.217  std 0.217  lr 1.0e-04  fps   9047   245.6s
it  840/4000  reward     nan  ep_len    nan  fell    0  err_xy 0.206  std 0.217  lr 1.0e-04  fps   8898   245.8s
it  841/4000  reward     nan  ep_len    nan  fell    0  err_xy 0.191  std 0.217  lr 1.0e-04  fps   8986   246.1s
it  842/4000  reward     nan  ep_len    nan  fell    0  err_xy 0.170  std 0.217  lr 1.0e-04  fps   8930   246.4s
it  843/4000  reward     nan  ep_len    nan  fell    0  err_xy 0.183  std 0.217  lr 1.0e-04  fps   8740   246.6s
it  844/4000  reward     nan  ep_len    nan  fell    0  err_xy 0.158  std 0.217  lr 1.0e-04  fps   8496   246.9s
it  845/4000  reward     nan  ep_len    nan  fell    0  err_xy 0.158  std 0.217  lr 1.0e-04  fps   8903   247.1s
it  846/4000  reward     nan  ep_len    nan  fell    0  err_xy 0.127  std 0.217  lr 1.0e-04  fps   8833   247.4s
it  847/4000  reward     nan  ep_len    nan  fell    0  err_xy 0.117  std 0.217  lr 1.0e-04  fps   8829   247.7s
it  848/4000  reward     nan  ep_len    nan  fell    0  err_xy 0.101  std 0.217  lr 1.0e-04  fps   8770   247.9s
it  849/4000  reward     nan  ep_len    nan  fell    0  err_xy 0.098  std 0.217  lr 1.0e-04  fps   8543   248.2s
it  850/4000  reward     nan  ep_len    nan  fell    0  err_xy 0.091  std 0.217  lr 1.0e-04  fps   8338   248.5s
it  851/4000  reward     nan  ep_len    nan  fell    0  err_xy 0.098  std 0.217  lr 1.0e-04  fps   8684   248.7s
it  852/4000  reward     nan  ep_len    nan  fell    0  err_xy 0.085  std 0.217  lr 1.0e-04  fps   8822   249.0s
it  853/4000  reward     nan  ep_len    nan  fell    0  err_xy 0.077  std 0.217  lr 1.0e-04  fps   8829   249.3s
it  854/4000  reward     nan  ep_len    nan  fell    0  err_xy 0.072  std 0.217  lr 1.0e-04  fps   8770   249.5s
it  855/4000  reward     nan  ep_len    nan  fell    0  err_xy 0.081  std 0.217  lr 1.0e-04  fps   8799   249.8s
it  856/4000  reward     nan  ep_len    nan  fell    0  err_xy 0.073  std 0.217  lr 1.0e-04  fps   8769   250.1s
it  857/4000  reward     nan  ep_len    nan  fell    0  err_xy 0.063  std 0.217  lr 1.0e-04  fps   8613   250.3s
it  858/4000  reward     nan  ep_len    nan  fell    0  err_xy 0.061  std 0.217  lr 1.0e-04  fps   8799   250.6s
it  859/4000  reward     nan  ep_len    nan  fell    0  err_xy 0.056  std 0.217  lr 1.0e-04  fps   8900   250.8s
it  860/4000  reward     nan  ep_len    nan  fell    0  err_xy 0.050  std 0.217  lr 1.0e-04  fps   8819   251.1s
it  861/4000  reward     nan  ep_len    nan  fell    0  err_xy 0.051  std 0.217  lr 1.0e-04  fps   8994   251.4s
it  862/4000  reward     nan  ep_len    nan  fell    0  err_xy 0.043  std 0.217  lr 1.0e-04  fps   8994   251.6s
it  863/4000  reward     nan  ep_len    nan  fell    0  err_xy 0.037  std 0.217  lr 1.0e-04  fps   8775   251.9s
it  864/4000  reward     nan  ep_len    nan  fell    0  err_xy 0.036  std 0.217  lr 1.0e-04  fps   8954   252.1s
it  865/4000  reward     nan  ep_len    nan  fell    0  err_xy 0.030  std 0.217  lr 1.0e-04  fps   9005   252.4s
it  866/4000  reward     nan  ep_len    nan  fell    0  err_xy 0.032  std 0.217  lr 1.0e-04  fps   8906   252.7s
it  867/4000  reward     nan  ep_len    nan  fell    0  err_xy 0.026  std 0.217  lr 1.0e-04  fps   9036   252.9s
it  868/4000  reward     nan  ep_len    nan  fell    0  err_xy 0.030  std 0.217  lr 1.0e-04  fps   9086   253.2s
it  869/4000  reward     nan  ep_len    nan  fell    0  err_xy 0.019  std 0.217  lr 1.0e-04  fps   8989   253.4s
it  870/4000  reward     nan  ep_len    nan  fell    0  err_xy 0.018  std 0.217  lr 1.0e-04  fps   8959   253.7s
it  871/4000  reward  135.02  ep_len  908.0  fell    0  err_xy 0.230  std 0.217  lr 1.0e-04  fps   7410   254.0s
it  872/4000  reward     nan  ep_len    nan  fell    0  err_xy 0.243  std 0.217  lr 1.0e-04  fps   9059   254.2s
it  873/4000  reward     nan  ep_len    nan  fell    0  err_xy 0.221  std 0.217  lr 1.0e-04  fps   9079   254.5s
it  874/4000  reward     nan  ep_len    nan  fell    0  err_xy 0.194  std 0.217  lr 1.0e-04  fps   9059   254.8s
it  875/4000  reward     nan  ep_len    nan  fell    0  err_xy 0.205  std 0.217  lr 1.0e-04  fps   8970   255.0s
it  876/4000  reward     nan  ep_len    nan  fell    0  err_xy 0.214  std 0.217  lr 1.0e-04  fps   9010   255.3s
it  877/4000  reward     nan  ep_len    nan  fell    0  err_xy 0.197  std 0.217  lr 1.0e-04  fps   8895   255.5s
it  878/4000  reward     nan  ep_len    nan  fell    0  err_xy 0.183  std 0.217  lr 1.0e-04  fps   8787   255.8s
it  879/4000  reward     nan  ep_len    nan  fell    0  err_xy 0.147  std 0.217  lr 1.0e-04  fps   8740   256.1s
it  880/4000  reward     nan  ep_len    nan  fell    0  err_xy 0.142  std 0.217  lr 1.0e-04  fps   8789   256.3s
it  881/4000  reward     nan  ep_len    nan  fell    0  err_xy 0.109  std 0.217  lr 1.0e-04  fps   8798   256.6s
it  882/4000  reward     nan  ep_len    nan  fell    0  err_xy 0.102  std 0.217  lr 1.0e-04  fps   8748   256.8s
it  883/4000  reward     nan  ep_len    nan  fell    0  err_xy 0.083  std 0.217  lr 1.0e-04  fps   8630   257.1s
it  884/4000  reward     nan  ep_len    nan  fell    0  err_xy 0.088  std 0.217  lr 1.0e-04  fps   8772   257.4s
it  885/4000  reward     nan  ep_len    nan  fell    0  err_xy 0.090  std 0.217  lr 1.0e-04  fps   8691   257.6s
it  886/4000  reward     nan  ep_len    nan  fell    0  err_xy 0.087  std 0.217  lr 1.0e-04  fps   8660   257.9s
it  887/4000  reward     nan  ep_len    nan  fell    0  err_xy 0.079  std 0.217  lr 1.0e-04  fps   8578   258.2s
it  888/4000  reward     nan  ep_len    nan  fell    0  err_xy 0.062  std 0.217  lr 1.0e-04  fps   8399   258.4s
it  889/4000  reward     nan  ep_len    nan  fell    0  err_xy 0.060  std 0.217  lr 1.0e-04  fps   8531   258.7s
it  890/4000  reward     nan  ep_len    nan  fell    0  err_xy 0.051  std 0.217  lr 1.0e-04  fps   8589   259.0s
it  891/4000  reward     nan  ep_len    nan  fell    0  err_xy 0.047  std 0.217  lr 1.0e-04  fps   8642   259.3s
it  892/4000  reward     nan  ep_len    nan  fell    0  err_xy 0.036  std 0.217  lr 1.0e-04  fps   8640   259.5s
it  893/4000  reward     nan  ep_len    nan  fell    0  err_xy 0.029  std 0.217  lr 1.0e-04  fps   8680   259.8s
it  894/4000  reward     nan  ep_len    nan  fell    0  err_xy 0.028  std 0.217  lr 1.0e-04  fps   8688   260.1s
it  895/4000  reward     nan  ep_len    nan  fell    0  err_xy 0.032  std 0.217  lr 1.0e-04  fps   8707   260.3s
it  896/4000  reward     nan  ep_len    nan  fell    0  err_xy 0.033  std 0.217  lr 1.0e-04  fps   8734   260.6s
it  897/4000  reward     nan  ep_len    nan  fell    0  err_xy 0.034  std 0.217  lr 1.0e-04  fps   8685   260.8s
it  898/4000  reward     nan  ep_len    nan  fell    0  err_xy 0.029  std 0.217  lr 1.0e-04  fps   8693   261.1s
it  899/4000  reward     nan  ep_len    nan  fell    0  err_xy 0.030  std 0.217  lr 1.0e-04  fps   8732   261.4s
it  900/4000  reward     nan  ep_len    nan  fell    0  err_xy 0.026  std 0.217  lr 1.0e-04  fps   8757   261.6s
it  901/4000  reward     nan  ep_len    nan  fell    0  err_xy 0.025  std 0.217  lr 1.0e-04  fps   8740   261.9s
it  902/4000  reward     nan  ep_len    nan  fell    0  err_xy 0.025  std 0.217  lr 1.0e-04  fps   8088   262.2s
it  903/4000  reward     nan  ep_len    nan  fell    0  err_xy 0.026  std 0.217  lr 1.0e-04  fps   8757   262.5s
it  904/4000  reward     nan  ep_len    nan  fell    0  err_xy 0.025  std 0.217  lr 1.0e-04  fps   8622   262.7s
it  905/4000  reward     nan  ep_len    nan  fell    0  err_xy 0.025  std 0.217  lr 1.0e-04  fps   8659   263.0s
it  906/4000  reward     nan  ep_len    nan  fell    0  err_xy 0.021  std 0.217  lr 1.0e-04  fps   8607   263.3s
it  907/4000  reward     nan  ep_len    nan  fell    0  err_xy 0.019  std 0.217  lr 1.0e-04  fps   8501   263.5s
it  908/4000  reward  137.03  ep_len  908.0  fell    0  err_xy 0.018  std 0.217  lr 1.0e-04  fps   6915   263.9s
it  909/4000  reward     nan  ep_len    nan  fell    0  err_xy 0.230  std 0.217  lr 1.0e-04  fps   8819   264.1s
it  910/4000  reward     nan  ep_len    nan  fell    0  err_xy 0.222  std 0.217  lr 1.0e-04  fps   8903   264.4s
it  911/4000  reward     nan  ep_len    nan  fell    0  err_xy 0.187  std 0.217  lr 1.0e-04  fps   8918   264.6s
it  912/4000  reward     nan  ep_len    nan  fell    0  err_xy 0.204  std 0.217  lr 1.0e-04  fps   8919   264.9s
it  913/4000  reward     nan  ep_len    nan  fell    0  err_xy 0.241  std 0.217  lr 1.0e-04  fps   9137   265.2s
it  914/4000  reward     nan  ep_len    nan  fell    0  err_xy 0.253  std 0.217  lr 1.0e-04  fps   9067   265.4s
it  915/4000  reward     nan  ep_len    nan  fell    0  err_xy 0.206  std 0.217  lr 1.0e-04  fps   9013   265.7s
it  916/4000  reward     nan  ep_len    nan  fell    0  err_xy 0.187  std 0.217  lr 1.0e-04  fps   8947   265.9s
it  917/4000  reward     nan  ep_len    nan  fell    0  err_xy 0.198  std 0.217  lr 1.0e-04  fps   8962   266.2s
it  918/4000  reward     nan  ep_len    nan  fell    0  err_xy 0.165  std 0.217  lr 1.0e-04  fps   8989   266.4s
it  919/4000  reward     nan  ep_len    nan  fell    0  err_xy 0.161  std 0.217  lr 1.0e-04  fps   8888   266.7s
it  920/4000  reward     nan  ep_len    nan  fell    0  err_xy 0.131  std 0.217  lr 1.0e-04  fps   8786   267.0s
it  921/4000  reward     nan  ep_len    nan  fell    0  err_xy 0.123  std 0.217  lr 1.0e-04  fps   8833   267.2s
it  922/4000  reward     nan  ep_len    nan  fell    0  err_xy 0.114  std 0.217  lr 1.0e-04  fps   8867   267.5s
it  923/4000  reward     nan  ep_len    nan  fell    0  err_xy 0.089  std 0.217  lr 1.0e-04  fps   8763   267.7s
it  924/4000  reward     nan  ep_len    nan  fell    0  err_xy 0.087  std 0.217  lr 1.0e-04  fps   8523   268.0s
it  925/4000  reward     nan  ep_len    nan  fell    0  err_xy 0.064  std 0.217  lr 1.0e-04  fps   8603   268.3s
it  926/4000  reward     nan  ep_len    nan  fell    0  err_xy 0.072  std 0.217  lr 1.0e-04  fps   8669   268.5s
it  927/4000  reward     nan  ep_len    nan  fell    0  err_xy 0.072  std 0.217  lr 1.0e-04  fps   8645   268.8s
it  928/4000  reward     nan  ep_len    nan  fell    0  err_xy 0.068  std 0.217  lr 1.0e-04  fps   8618   269.1s
it  929/4000  reward     nan  ep_len    nan  fell    0  err_xy 0.067  std 0.217  lr 1.0e-04  fps   8672   269.3s
it  930/4000  reward     nan  ep_len    nan  fell    0  err_xy 0.046  std 0.217  lr 1.0e-04  fps   8661   269.6s
it  931/4000  reward     nan  ep_len    nan  fell    0  err_xy 0.028  std 0.217  lr 1.0e-04  fps   8547   269.9s
it  932/4000  reward     nan  ep_len    nan  fell    0  err_xy 0.027  std 0.217  lr 1.0e-04  fps   8645   270.1s
it  933/4000  reward     nan  ep_len    nan  fell    0  err_xy 0.026  std 0.217  lr 1.0e-04  fps   8728   270.4s
it  934/4000  reward     nan  ep_len    nan  fell    0  err_xy 0.026  std 0.217  lr 1.0e-04  fps   8704   270.7s
it  935/4000  reward     nan  ep_len    nan  fell    0  err_xy 0.028  std 0.217  lr 1.0e-04  fps   8619   270.9s
it  936/4000  reward     nan  ep_len    nan  fell    0  err_xy 0.017  std 0.217  lr 1.0e-04  fps   8675   271.2s
it  937/4000  reward     nan  ep_len    nan  fell    0  err_xy 0.017  std 0.217  lr 1.0e-04  fps   8665   271.5s
it  938/4000  reward     nan  ep_len    nan  fell    0  err_xy 0.019  std 0.217  lr 1.0e-04  fps   8719   271.7s
it  939/4000  reward     nan  ep_len    nan  fell    0  err_xy 0.014  std 0.217  lr 1.0e-04  fps   8435   272.0s
it  940/4000  reward     nan  ep_len    nan  fell    0  err_xy 0.013  std 0.216  lr 1.0e-04  fps   8702   272.3s
it  941/4000  reward     nan  ep_len    nan  fell    0  err_xy 0.014  std 0.216  lr 1.0e-04  fps   8728   272.5s
it  942/4000  reward     nan  ep_len    nan  fell    0  err_xy 0.016  std 0.216  lr 1.0e-04  fps   8668   272.8s
it  943/4000  reward     nan  ep_len    nan  fell    0  err_xy 0.017  std 0.216  lr 1.0e-04  fps   8624   273.1s
it  944/4000  reward     nan  ep_len    nan  fell    0  err_xy 0.016  std 0.216  lr 1.0e-04  fps   8558   273.3s
it  945/4000  reward     nan  ep_len    nan  fell    0  err_xy 0.013  std 0.216  lr 1.0e-04  fps   8501   273.6s
it  946/4000  reward  133.26  ep_len  908.0  fell    0  err_xy 0.037  std 0.216  lr 1.0e-04  fps   7022   273.9s
it  947/4000  reward     nan  ep_len    nan  fell    0  err_xy 0.244  std 0.216  lr 1.0e-04  fps   9053   274.2s
it  948/4000  reward     nan  ep_len    nan  fell    0  err_xy 0.226  std 0.216  lr 1.0e-04  fps   9080   274.5s
it  949/4000  reward     nan  ep_len    nan  fell    0  err_xy 0.215  std 0.216  lr 1.0e-04  fps   9064   274.7s
it  950/4000  reward     nan  ep_len    nan  fell    0  err_xy 0.203  std 0.217  lr 1.0e-04  fps   9065   275.0s
it  951/4000  reward     nan  ep_len    nan  fell    0  err_xy 0.205  std 0.217  lr 1.0e-04  fps   9054   275.2s
it  952/4000  reward     nan  ep_len    nan  fell    0  err_xy 0.212  std 0.217  lr 1.0e-04  fps   9061   275.5s
it  953/4000  reward     nan  ep_len    nan  fell    0  err_xy 0.180  std 0.217  lr 1.0e-04  fps   9001   275.7s
it  954/4000  reward     nan  ep_len    nan  fell    0  err_xy 0.169  std 0.217  lr 1.0e-04  fps   8973   276.0s
it  955/4000  reward     nan  ep_len    nan  fell    0  err_xy 0.167  std 0.217  lr 1.0e-04  fps   8855   276.2s
it  956/4000  reward     nan  ep_len    nan  fell    0  err_xy 0.150  std 0.217  lr 1.0e-04  fps   8976   276.5s
it  957/4000  reward     nan  ep_len    nan  fell    0  err_xy 0.148  std 0.217  lr 1.0e-04  fps   8877   276.8s
it  958/4000  reward     nan  ep_len    nan  fell    0  err_xy 0.141  std 0.217  lr 1.0e-04  fps   8888   277.0s
it  959/4000  reward     nan  ep_len    nan  fell    0  err_xy 0.127  std 0.217  lr 1.0e-04  fps   8815   277.3s
it  960/4000  reward     nan  ep_len    nan  fell    0  err_xy 0.119  std 0.217  lr 1.0e-04  fps   8808   277.5s
it  961/4000  reward     nan  ep_len    nan  fell    0  err_xy 0.102  std 0.217  lr 1.0e-04  fps   8767   277.8s
it  962/4000  reward     nan  ep_len    nan  fell    0  err_xy 0.092  std 0.217  lr 1.0e-04  fps   8789   278.1s
it  963/4000  reward     nan  ep_len    nan  fell    0  err_xy 0.091  std 0.217  lr 1.0e-04  fps   8812   278.3s
it  964/4000  reward     nan  ep_len    nan  fell    0  err_xy 0.094  std 0.217  lr 1.0e-04  fps   8894   278.6s
it  965/4000  reward     nan  ep_len    nan  fell    0  err_xy 0.077  std 0.217  lr 1.0e-04  fps   8816   278.9s
it  966/4000  reward     nan  ep_len    nan  fell    0  err_xy 0.083  std 0.217  lr 1.0e-04  fps   8796   279.1s
it  967/4000  reward     nan  ep_len    nan  fell    0  err_xy 0.081  std 0.217  lr 1.0e-04  fps   8833   279.4s
it  968/4000  reward     nan  ep_len    nan  fell    0  err_xy 0.075  std 0.217  lr 1.0e-04  fps   8849   279.6s
it  969/4000  reward     nan  ep_len    nan  fell    0  err_xy 0.087  std 0.217  lr 1.0e-04  fps   8784   279.9s
it  970/4000  reward     nan  ep_len    nan  fell    0  err_xy 0.081  std 0.217  lr 1.0e-04  fps   8847   280.2s
it  971/4000  reward     nan  ep_len    nan  fell    0  err_xy 0.075  std 0.217  lr 1.0e-04  fps   8885   280.4s
it  972/4000  reward     nan  ep_len    nan  fell    0  err_xy 0.073  std 0.217  lr 1.0e-04  fps   8866   280.7s
it  973/4000  reward     nan  ep_len    nan  fell    0  err_xy 0.072  std 0.217  lr 1.0e-04  fps   8869   280.9s
it  974/4000  reward     nan  ep_len    nan  fell    0  err_xy 0.061  std 0.217  lr 1.0e-04  fps   8923   281.2s
it  975/4000  reward     nan  ep_len    nan  fell    0  err_xy 0.067  std 0.217  lr 1.0e-04  fps   8922   281.5s
it  976/4000  reward     nan  ep_len    nan  fell    0  err_xy 0.063  std 0.217  lr 1.0e-04  fps   8526   281.7s
it  977/4000  reward     nan  ep_len    nan  fell    0  err_xy 0.069  std 0.217  lr 1.0e-04  fps   8350   282.0s
it  978/4000  reward     nan  ep_len    nan  fell    0  err_xy 0.062  std 0.217  lr 1.0e-04  fps   7731   282.3s
it  979/4000  reward     nan  ep_len    nan  fell    0  err_xy 0.058  std 0.217  lr 1.0e-04  fps   8843   282.6s
it  980/4000  reward     nan  ep_len    nan  fell    0  err_xy 0.060  std 0.217  lr 1.0e-04  fps   8852   282.8s
it  981/4000  reward     nan  ep_len    nan  fell    0  err_xy 0.066  std 0.217  lr 1.0e-04  fps   8944   283.1s
it  982/4000  reward     nan  ep_len    nan  fell    0  err_xy 0.062  std 0.217  lr 1.0e-04  fps   8839   283.3s
it  983/4000  reward     nan  ep_len    nan  fell    0  err_xy 0.061  std 0.217  lr 1.0e-04  fps   8844   283.6s
it  984/4000  reward  122.13  ep_len  908.0  fell    0  err_xy 0.106  std 0.217  lr 1.0e-04  fps   7260   283.9s
it  985/4000  reward     nan  ep_len    nan  fell    0  err_xy 0.275  std 0.217  lr 1.0e-04  fps   9057   284.2s
it  986/4000  reward     nan  ep_len    nan  fell    0  err_xy 0.248  std 0.217  lr 1.0e-04  fps   9196   284.4s
it  987/4000  reward     nan  ep_len    nan  fell    0  err_xy 0.231  std 0.217  lr 1.0e-04  fps   9174   284.7s
it  988/4000  reward     nan  ep_len    nan  fell    0  err_xy 0.238  std 0.217  lr 1.0e-04  fps   9089   284.9s
it  989/4000  reward     nan  ep_len    nan  fell    0  err_xy 0.250  std 0.217  lr 1.0e-04  fps   9014   285.2s
it  990/4000  reward     nan  ep_len    nan  fell    0  err_xy 0.210  std 0.217  lr 1.0e-04  fps   9039   285.4s
it  991/4000  reward     nan  ep_len    nan  fell    0  err_xy 0.190  std 0.217  lr 1.0e-04  fps   8958   285.7s
it  992/4000  reward     nan  ep_len    nan  fell    0  err_xy 0.187  std 0.217  lr 1.0e-04  fps   8915   286.0s
it  993/4000  reward     nan  ep_len    nan  fell    0  err_xy 0.167  std 0.217  lr 1.0e-04  fps   8720   286.2s
it  994/4000  reward     nan  ep_len    nan  fell    0  err_xy 0.146  std 0.217  lr 1.0e-04  fps   8969   286.5s
it  995/4000  reward     nan  ep_len    nan  fell    0  err_xy 0.145  std 0.217  lr 1.0e-04  fps   8954   286.7s
it  996/4000  reward     nan  ep_len    nan  fell    0  err_xy 0.134  std 0.217  lr 1.0e-04  fps   8946   287.0s
it  997/4000  reward     nan  ep_len    nan  fell    0  err_xy 0.141  std 0.217  lr 1.0e-04  fps   8923   287.3s
it  998/4000  reward     nan  ep_len    nan  fell    0  err_xy 0.130  std 0.217  lr 1.0e-04  fps   8937   287.5s
it  999/4000  reward     nan  ep_len    nan  fell    0  err_xy 0.112  std 0.217  lr 1.0e-04  fps   8926   287.8s
it 1000/4000  reward     nan  ep_len    nan  fell    0  err_xy 0.110  std 0.217  lr 1.0e-04  fps   8914   288.0s
eval iteration 1000:
  prone          success   0.0%  time 18.16s  peak_τ 0.96 Nm  return 101.19
  supine         success   0.0%  time 18.16s  peak_τ 0.95 Nm  return 119.85
  score 0.000
it 1001/4000  reward     nan  ep_len    nan  fell    0  err_xy 0.124  std 0.217  lr 1.0e-04  fps   8718   292.4s
it 1002/4000  reward     nan  ep_len    nan  fell    0  err_xy 0.120  std 0.217  lr 1.0e-04  fps   8858   292.6s
it 1003/4000  reward     nan  ep_len    nan  fell    0  err_xy 0.108  std 0.217  lr 1.0e-04  fps   8629   292.9s
it 1004/4000  reward     nan  ep_len    nan  fell    0  err_xy 0.104  std 0.217  lr 1.0e-04  fps   8596   293.2s
it 1005/4000  reward     nan  ep_len    nan  fell    0  err_xy 0.112  std 0.217  lr 1.0e-04  fps   8857   293.4s
it 1006/4000  reward     nan  ep_len    nan  fell    0  err_xy 0.120  std 0.217  lr 1.0e-04  fps   8612   293.7s
it 1007/4000  reward     nan  ep_len    nan  fell    0  err_xy 0.115  std 0.217  lr 1.0e-04  fps   8684   294.0s
it 1008/4000  reward     nan  ep_len    nan  fell    0  err_xy 0.114  std 0.217  lr 1.0e-04  fps   8455   294.2s
it 1009/4000  reward     nan  ep_len    nan  fell    0  err_xy 0.106  std 0.217  lr 1.0e-04  fps   8382   294.5s
it 1010/4000  reward     nan  ep_len    nan  fell    0  err_xy 0.089  std 0.217  lr 1.0e-04  fps   8453   294.8s
it 1011/4000  reward     nan  ep_len    nan  fell    0  err_xy 0.103  std 0.217  lr 1.0e-04  fps   8824   295.1s
it 1012/4000  reward     nan  ep_len    nan  fell    0  err_xy 0.089  std 0.217  lr 1.0e-04  fps   8718   295.3s
it 1013/4000  reward     nan  ep_len    nan  fell    0  err_xy 0.080  std 0.217  lr 1.0e-04  fps   8813   295.6s
it 1014/4000  reward     nan  ep_len    nan  fell    0  err_xy 0.088  std 0.217  lr 1.0e-04  fps   8729   295.8s
it 1015/4000  reward     nan  ep_len    nan  fell    0  err_xy 0.079  std 0.217  lr 1.0e-04  fps   8492   296.1s
it 1016/4000  reward     nan  ep_len    nan  fell    0  err_xy 0.079  std 0.217  lr 1.0e-04  fps   8819   296.4s
it 1017/4000  reward     nan  ep_len    nan  fell    0  err_xy 0.089  std 0.217  lr 1.0e-04  fps   8532   296.7s
it 1018/4000  reward     nan  ep_len    nan  fell    0  err_xy 0.082  std 0.217  lr 1.0e-04  fps   8664   296.9s
it 1019/4000  reward     nan  ep_len    nan  fell    0  err_xy 0.074  std 0.217  lr 1.0e-04  fps   8792   297.2s
it 1020/4000  reward     nan  ep_len    nan  fell    0  err_xy 0.070  std 0.217  lr 1.0e-04  fps   8770   297.4s
it 1021/4000  reward     nan  ep_len    nan  fell    0  err_xy 0.064  std 0.217  lr 1.0e-04  fps   8869   297.7s
it 1022/4000  reward  120.80  ep_len  908.0  fell    0  err_xy 0.145  std 0.217  lr 1.0e-04  fps   7316   298.0s
it 1023/4000  reward     nan  ep_len    nan  fell    0  err_xy 0.268  std 0.217  lr 1.0e-04  fps   9157   298.3s
it 1024/4000  reward     nan  ep_len    nan  fell    0  err_xy 0.266  std 0.217  lr 1.0e-04  fps   9193   298.5s
it 1025/4000  reward     nan  ep_len    nan  fell    0  err_xy 0.275  std 0.217  lr 1.0e-04  fps   9153   298.8s
it 1026/4000  reward     nan  ep_len    nan  fell    0  err_xy 0.271  std 0.217  lr 1.0e-04  fps   9141   299.0s
it 1027/4000  reward     nan  ep_len    nan  fell    0  err_xy 0.265  std 0.217  lr 1.0e-04  fps   9074   299.3s
it 1028/4000  reward     nan  ep_len    nan  fell    0  err_xy 0.222  std 0.217  lr 1.0e-04  fps   9060   299.5s
it 1029/4000  reward     nan  ep_len    nan  fell    0  err_xy 0.226  std 0.217  lr 1.0e-04  fps   8190   299.8s
it 1030/4000  reward     nan  ep_len    nan  fell    0  err_xy 0.198  std 0.217  lr 1.0e-04  fps   9023   300.1s
it 1031/4000  reward     nan  ep_len    nan  fell    0  err_xy 0.189  std 0.217  lr 1.0e-04  fps   9065   300.3s
it 1032/4000  reward     nan  ep_len    nan  fell    0  err_xy 0.177  std 0.217  lr 1.0e-04  fps   8962   300.6s
it 1033/4000  reward     nan  ep_len    nan  fell    0  err_xy 0.154  std 0.217  lr 1.0e-04  fps   8981   300.8s
it 1034/4000  reward     nan  ep_len    nan  fell    0  err_xy 0.166  std 0.217  lr 1.0e-04  fps   8993   301.1s
it 1035/4000  reward     nan  ep_len    nan  fell    0  err_xy 0.144  std 0.217  lr 1.0e-04  fps   9016   301.4s
it 1036/4000  reward     nan  ep_len    nan  fell    0  err_xy 0.123  std 0.217  lr 1.0e-04  fps   8986   301.6s
it 1037/4000  reward     nan  ep_len    nan  fell    0  err_xy 0.116  std 0.217  lr 1.0e-04  fps   8914   301.9s
it 1038/4000  reward     nan  ep_len    nan  fell    0  err_xy 0.103  std 0.217  lr 1.0e-04  fps   8860   302.1s
it 1039/4000  reward     nan  ep_len    nan  fell    0  err_xy 0.107  std 0.217  lr 1.0e-04  fps   8918   302.4s
it 1040/4000  reward     nan  ep_len    nan  fell    0  err_xy 0.105  std 0.217  lr 1.0e-04  fps   8922   302.6s
it 1041/4000  reward     nan  ep_len    nan  fell    0  err_xy 0.091  std 0.217  lr 1.0e-04  fps   8922   302.9s
it 1042/4000  reward     nan  ep_len    nan  fell    0  err_xy 0.101  std 0.217  lr 1.0e-04  fps   8944   303.2s
it 1043/4000  reward     nan  ep_len    nan  fell    0  err_xy 0.081  std 0.217  lr 1.0e-04  fps   8955   303.4s
it 1044/4000  reward     nan  ep_len    nan  fell    0  err_xy 0.079  std 0.217  lr 1.0e-04  fps   8938   303.7s
it 1045/4000  reward     nan  ep_len    nan  fell    0  err_xy 0.068  std 0.217  lr 1.0e-04  fps   8887   303.9s
it 1046/4000  reward     nan  ep_len    nan  fell    0  err_xy 0.077  std 0.217  lr 1.0e-04  fps   8853   304.2s
it 1047/4000  reward     nan  ep_len    nan  fell    0  err_xy 0.073  std 0.217  lr 1.0e-04  fps   8865   304.5s
it 1048/4000  reward     nan  ep_len    nan  fell    0  err_xy 0.064  std 0.217  lr 1.0e-04  fps   8897   304.7s
it 1049/4000  reward     nan  ep_len    nan  fell    0  err_xy 0.073  std 0.217  lr 1.0e-04  fps   8867   305.0s
it 1050/4000  reward     nan  ep_len    nan  fell    0  err_xy 0.065  std 0.217  lr 1.0e-04  fps   8902   305.2s
it 1051/4000  reward     nan  ep_len    nan  fell    0  err_xy 0.075  std 0.217  lr 1.0e-04  fps   8954   305.5s
it 1052/4000  reward     nan  ep_len    nan  fell    0  err_xy 0.055  std 0.217  lr 1.0e-04  fps   8868   305.8s
it 1053/4000  reward     nan  ep_len    nan  fell    0  err_xy 0.052  std 0.217  lr 1.0e-04  fps   8847   306.0s
it 1054/4000  reward     nan  ep_len    nan  fell    0  err_xy 0.047  std 0.217  lr 1.0e-04  fps   8768   306.3s
it 1055/4000  reward     nan  ep_len    nan  fell    0  err_xy 0.050  std 0.217  lr 1.0e-04  fps   8805   306.5s
it 1056/4000  reward     nan  ep_len    nan  fell    0  err_xy 0.034  std 0.217  lr 1.0e-04  fps   8647   306.8s
it 1057/4000  reward     nan  ep_len    nan  fell    0  err_xy 0.032  std 0.217  lr 1.0e-04  fps   8510   307.1s
it 1058/4000  reward     nan  ep_len    nan  fell    0  err_xy 0.037  std 0.217  lr 1.0e-04  fps   8542   307.3s
it 1059/4000  reward     nan  ep_len    nan  fell    0  err_xy 0.024  std 0.217  lr 1.0e-04  fps   8392   307.6s
it 1060/4000  reward  127.17  ep_len  908.0  fell    0  err_xy 0.174  std 0.217  lr 1.0e-04  fps   7184   307.9s
it 1061/4000  reward     nan  ep_len    nan  fell    0  err_xy 0.241  std 0.217  lr 1.0e-04  fps   9108   308.2s
it 1062/4000  reward     nan  ep_len    nan  fell    0  err_xy 0.237  std 0.217  lr 1.0e-04  fps   8422   308.5s
it 1063/4000  reward     nan  ep_len    nan  fell    0  err_xy 0.252  std 0.217  lr 1.0e-04  fps   9111   308.7s
it 1064/4000  reward     nan  ep_len    nan  fell    0  err_xy 0.262  std 0.217  lr 1.0e-04  fps   9087   309.0s
it 1065/4000  reward     nan  ep_len    nan  fell    0  err_xy 0.256  std 0.217  lr 1.0e-04  fps   9075   309.2s
it 1066/4000  reward     nan  ep_len    nan  fell    0  err_xy 0.241  std 0.217  lr 1.0e-04  fps   8989   309.5s
it 1067/4000  reward     nan  ep_len    nan  fell    0  err_xy 0.242  std 0.217  lr 1.0e-04  fps   8906   309.7s
it 1068/4000  reward     nan  ep_len    nan  fell    0  err_xy 0.228  std 0.217  lr 1.0e-04  fps   8944   310.0s
it 1069/4000  reward     nan  ep_len    nan  fell    0  err_xy 0.201  std 0.217  lr 1.0e-04  fps   7636   310.3s
it 1070/4000  reward     nan  ep_len    nan  fell    0  err_xy 0.186  std 0.217  lr 1.0e-04  fps   8929   310.6s
it 1071/4000  reward     nan  ep_len    nan  fell    0  err_xy 0.149  std 0.217  lr 1.0e-04  fps   8962   310.8s
it 1072/4000  reward     nan  ep_len    nan  fell    0  err_xy 0.136  std 0.217  lr 1.0e-04  fps   8840   311.1s
it 1073/4000  reward     nan  ep_len    nan  fell    0  err_xy 0.111  std 0.217  lr 1.0e-04  fps   8903   311.3s
it 1074/4000  reward     nan  ep_len    nan  fell    0  err_xy 0.114  std 0.217  lr 1.0e-04  fps   8906   311.6s
it 1075/4000  reward     nan  ep_len    nan  fell    0  err_xy 0.096  std 0.217  lr 1.0e-04  fps   8742   311.9s
it 1076/4000  reward     nan  ep_len    nan  fell    0  err_xy 0.067  std 0.217  lr 1.0e-04  fps   8689   312.1s
it 1077/4000  reward     nan  ep_len    nan  fell    0  err_xy 0.076  std 0.217  lr 1.0e-04  fps   8761   312.4s
it 1078/4000  reward     nan  ep_len    nan  fell    0  err_xy 0.062  std 0.217  lr 1.0e-04  fps   8696   312.7s
it 1079/4000  reward     nan  ep_len    nan  fell    0  err_xy 0.056  std 0.217  lr 1.0e-04  fps   8683   312.9s
it 1080/4000  reward     nan  ep_len    nan  fell    0  err_xy 0.061  std 0.217  lr 1.0e-04  fps   8762   313.2s
it 1081/4000  reward     nan  ep_len    nan  fell    0  err_xy 0.056  std 0.217  lr 1.0e-04  fps   8759   313.5s
it 1082/4000  reward     nan  ep_len    nan  fell    0  err_xy 0.042  std 0.217  lr 1.0e-04  fps   8784   313.7s
it 1083/4000  reward     nan  ep_len    nan  fell    0  err_xy 0.041  std 0.217  lr 1.0e-04  fps   8737   314.0s
it 1084/4000  reward     nan  ep_len    nan  fell    0  err_xy 0.031  std 0.217  lr 1.0e-04  fps   8781   314.2s
it 1085/4000  reward     nan  ep_len    nan  fell    0  err_xy 0.026  std 0.217  lr 1.0e-04  fps   8797   314.5s
it 1086/4000  reward     nan  ep_len    nan  fell    0  err_xy 0.031  std 0.217  lr 1.0e-04  fps   8755   314.8s
it 1087/4000  reward     nan  ep_len    nan  fell    0  err_xy 0.026  std 0.217  lr 1.0e-04  fps   8713   315.0s
it 1088/4000  reward     nan  ep_len    nan  fell    0  err_xy 0.025  std 0.217  lr 1.0e-04  fps   8757   315.3s
it 1089/4000  reward     nan  ep_len    nan  fell    0  err_xy 0.025  std 0.217  lr 1.0e-04  fps   8800   315.6s
it 1090/4000  reward     nan  ep_len    nan  fell    0  err_xy 0.020  std 0.217  lr 1.0e-04  fps   8703   315.8s
it 1091/4000  reward     nan  ep_len    nan  fell    0  err_xy 0.019  std 0.217  lr 1.0e-04  fps   8859   316.1s
it 1092/4000  reward     nan  ep_len    nan  fell    0  err_xy 0.022  std 0.217  lr 1.0e-04  fps   8871   316.3s
it 1093/4000  reward     nan  ep_len    nan  fell    0  err_xy 0.022  std 0.217  lr 1.0e-04  fps   8760   316.6s
it 1094/4000  reward     nan  ep_len    nan  fell    0  err_xy 0.028  std 0.217  lr 1.0e-04  fps   8671   316.9s
it 1095/4000  reward     nan  ep_len    nan  fell    0  err_xy 0.024  std 0.217  lr 1.0e-04  fps   8668   317.1s
it 1096/4000  reward     nan  ep_len    nan  fell    0  err_xy 0.024  std 0.217  lr 1.0e-04  fps   8540   317.4s
it 1097/4000  reward     nan  ep_len    nan  fell    0  err_xy 0.024  std 0.217  lr 1.0e-04  fps   8599   317.7s
it 1098/4000  reward  134.68  ep_len  908.0  fell    0  err_xy 0.237  std 0.217  lr 1.0e-04  fps   7374   318.0s
it 1099/4000  reward     nan  ep_len    nan  fell    0  err_xy 0.251  std 0.217  lr 1.0e-04  fps   9099   318.2s
it 1100/4000  reward     nan  ep_len    nan  fell    0  err_xy 0.230  std 0.217  lr 1.0e-04  fps   9114   318.5s
it 1101/4000  reward     nan  ep_len    nan  fell    0  err_xy 0.228  std 0.217  lr 1.0e-04  fps   9078   318.8s
it 1102/4000  reward     nan  ep_len    nan  fell    0  err_xy 0.260  std 0.217  lr 1.0e-04  fps   9140   319.0s
it 1103/4000  reward     nan  ep_len    nan  fell    0  err_xy 0.253  std 0.217  lr 1.0e-04  fps   9144   319.3s
it 1104/4000  reward     nan  ep_len    nan  fell    0  err_xy 0.223  std 0.217  lr 1.0e-04  fps   9117   319.5s
it 1105/4000  reward     nan  ep_len    nan  fell    0  err_xy 0.217  std 0.217  lr 1.0e-04  fps   9051   319.8s
it 1106/4000  reward     nan  ep_len    nan  fell    0  err_xy 0.196  std 0.217  lr 1.0e-04  fps   9046   320.0s
it 1107/4000  reward     nan  ep_len    nan  fell    0  err_xy 0.185  std 0.217  lr 1.0e-04  fps   9041   320.3s
it 1108/4000  reward     nan  ep_len    nan  fell    0  err_xy 0.160  std 0.217  lr 1.0e-04  fps   8982   320.5s
it 1109/4000  reward     nan  ep_len    nan  fell    0  err_xy 0.149  std 0.217  lr 1.0e-04  fps   8951   320.8s
it 1110/4000  reward     nan  ep_len    nan  fell    0  err_xy 0.131  std 0.217  lr 1.0e-04  fps   8966   321.0s
it 1111/4000  reward     nan  ep_len    nan  fell    0  err_xy 0.123  std 0.217  lr 1.0e-04  fps   8860   321.3s
it 1112/4000  reward     nan  ep_len    nan  fell    0  err_xy 0.122  std 0.217  lr 1.0e-04  fps   8881   321.6s
it 1113/4000  reward     nan  ep_len    nan  fell    0  err_xy 0.113  std 0.217  lr 1.0e-04  fps   8968   321.8s
it 1114/4000  reward     nan  ep_len    nan  fell    0  err_xy 0.116  std 0.217  lr 1.0e-04  fps   8592   322.1s
it 1115/4000  reward     nan  ep_len    nan  fell    0  err_xy 0.110  std 0.217  lr 1.0e-04  fps   8704   322.4s
it 1116/4000  reward     nan  ep_len    nan  fell    0  err_xy 0.101  std 0.217  lr 1.0e-04  fps   8755   322.6s
it 1117/4000  reward     nan  ep_len    nan  fell    0  err_xy 0.089  std 0.217  lr 1.0e-04  fps   8927   322.9s
it 1118/4000  reward     nan  ep_len    nan  fell    0  err_xy 0.075  std 0.217  lr 1.0e-04  fps   8837   323.1s
it 1119/4000  reward     nan  ep_len    nan  fell    0  err_xy 0.074  std 0.217  lr 1.0e-04  fps   8846   323.4s
it 1120/4000  reward     nan  ep_len    nan  fell    0  err_xy 0.071  std 0.217  lr 1.0e-04  fps   8839   323.7s
it 1121/4000  reward     nan  ep_len    nan  fell    0  err_xy 0.079  std 0.217  lr 1.0e-04  fps   8865   323.9s
it 1122/4000  reward     nan  ep_len    nan  fell    0  err_xy 0.062  std 0.217  lr 1.0e-04  fps   8883   324.2s
it 1123/4000  reward     nan  ep_len    nan  fell    0  err_xy 0.070  std 0.217  lr 1.0e-04  fps   8927   324.4s
it 1124/4000  reward     nan  ep_len    nan  fell    0  err_xy 0.061  std 0.217  lr 1.0e-04  fps   8810   324.7s
it 1125/4000  reward     nan  ep_len    nan  fell    0  err_xy 0.062  std 0.217  lr 1.0e-04  fps   8813   325.0s
it 1126/4000  reward     nan  ep_len    nan  fell    0  err_xy 0.057  std 0.216  lr 1.0e-04  fps   8895   325.2s
it 1127/4000  reward     nan  ep_len    nan  fell    0  err_xy 0.056  std 0.216  lr 1.0e-04  fps   8866   325.5s
it 1128/4000  reward     nan  ep_len    nan  fell    0  err_xy 0.063  std 0.216  lr 1.0e-04  fps   8932   325.7s
it 1129/4000  reward     nan  ep_len    nan  fell    0  err_xy 0.053  std 0.216  lr 1.0e-04  fps   8782   326.0s
it 1130/4000  reward     nan  ep_len    nan  fell    0  err_xy 0.044  std 0.216  lr 1.0e-04  fps   8876   326.3s
it 1131/4000  reward     nan  ep_len    nan  fell    0  err_xy 0.039  std 0.217  lr 1.0e-04  fps   8688   326.5s
it 1132/4000  reward     nan  ep_len    nan  fell    0  err_xy 0.036  std 0.216  lr 1.0e-04  fps   8791   326.8s
it 1133/4000  reward     nan  ep_len    nan  fell    0  err_xy 0.034  std 0.216  lr 1.0e-04  fps   8806   327.1s
it 1134/4000  reward     nan  ep_len    nan  fell    0  err_xy 0.035  std 0.216  lr 1.0e-04  fps   8836   327.3s
it 1135/4000  reward  128.34  ep_len  908.0  fell    0  err_xy 0.026  std 0.216  lr 1.0e-04  fps   7222   327.6s
it 1136/4000  reward     nan  ep_len    nan  fell    0  err_xy 0.243  std 0.217  lr 1.0e-04  fps   9082   327.9s
it 1137/4000  reward     nan  ep_len    nan  fell    0  err_xy 0.233  std 0.217  lr 1.0e-04  fps   9139   328.1s
it 1138/4000  reward     nan  ep_len    nan  fell    0  err_xy 0.210  std 0.217  lr 1.0e-04  fps   9162   328.4s
it 1139/4000  reward     nan  ep_len    nan  fell    0  err_xy 0.204  std 0.217  lr 1.0e-04  fps   9168   328.6s
it 1140/4000  reward     nan  ep_len    nan  fell    0  err_xy 0.217  std 0.217  lr 1.0e-04  fps   9055   328.9s
it 1141/4000  reward     nan  ep_len    nan  fell    0  err_xy 0.232  std 0.217  lr 1.0e-04  fps   8880   329.2s
it 1142/4000  reward     nan  ep_len    nan  fell    0  err_xy 0.186  std 0.217  lr 1.0e-04  fps   9091   329.4s
it 1143/4000  reward     nan  ep_len    nan  fell    0  err_xy 0.181  std 0.217  lr 1.0e-04  fps   9023   329.7s
it 1144/4000  reward     nan  ep_len    nan  fell    0  err_xy 0.144  std 0.217  lr 1.0e-04  fps   9008   329.9s
it 1145/4000  reward     nan  ep_len    nan  fell    0  err_xy 0.154  std 0.217  lr 1.0e-04  fps   9075   330.2s
it 1146/4000  reward     nan  ep_len    nan  fell    0  err_xy 0.117  std 0.217  lr 1.0e-04  fps   8937   330.4s
it 1147/4000  reward     nan  ep_len    nan  fell    0  err_xy 0.117  std 0.217  lr 1.0e-04  fps   8945   330.7s
it 1148/4000  reward     nan  ep_len    nan  fell    0  err_xy 0.103  std 0.217  lr 1.0e-04  fps   8888   331.0s
it 1149/4000  reward     nan  ep_len    nan  fell    0  err_xy 0.100  std 0.217  lr 1.0e-04  fps   8973   331.2s
it 1150/4000  reward     nan  ep_len    nan  fell    0  err_xy 0.100  std 0.217  lr 1.0e-04  fps   9009   331.5s
it 1151/4000  reward     nan  ep_len    nan  fell    0  err_xy 0.100  std 0.217  lr 1.0e-04  fps   8972   331.7s
it 1152/4000  reward     nan  ep_len    nan  fell    0  err_xy 0.096  std 0.217  lr 1.0e-04  fps   8917   332.0s
it 1153/4000  reward     nan  ep_len    nan  fell    0  err_xy 0.096  std 0.217  lr 1.0e-04  fps   8865   332.2s
it 1154/4000  reward     nan  ep_len    nan  fell    0  err_xy 0.091  std 0.217  lr 1.0e-04  fps   8856   332.5s
it 1155/4000  reward     nan  ep_len    nan  fell    0  err_xy 0.089  std 0.217  lr 1.0e-04  fps   8752   332.8s
it 1156/4000  reward     nan  ep_len    nan  fell    0  err_xy 0.073  std 0.217  lr 1.0e-04  fps   8789   333.0s
it 1157/4000  reward     nan  ep_len    nan  fell    0  err_xy 0.071  std 0.217  lr 1.0e-04  fps   8783   333.3s
it 1158/4000  reward     nan  ep_len    nan  fell    0  err_xy 0.066  std 0.217  lr 1.0e-04  fps   8765   333.6s
it 1159/4000  reward     nan  ep_len    nan  fell    0  err_xy 0.061  std 0.217  lr 1.0e-04  fps   8606   333.8s
it 1160/4000  reward     nan  ep_len    nan  fell    0  err_xy 0.053  std 0.217  lr 1.0e-04  fps   8841   334.1s
it 1161/4000  reward     nan  ep_len    nan  fell    0  err_xy 0.049  std 0.217  lr 1.0e-04  fps   8864   334.3s
it 1162/4000  reward     nan  ep_len    nan  fell    0  err_xy 0.047  std 0.217  lr 1.0e-04  fps   8808   334.6s
it 1163/4000  reward     nan  ep_len    nan  fell    0  err_xy 0.049  std 0.217  lr 1.0e-04  fps   8755   334.9s
it 1164/4000  reward     nan  ep_len    nan  fell    0  err_xy 0.045  std 0.217  lr 1.0e-04  fps   7975   335.2s
it 1165/4000  reward     nan  ep_len    nan  fell    0  err_xy 0.043  std 0.217  lr 1.0e-04  fps   8695   335.4s
it 1166/4000  reward     nan  ep_len    nan  fell    0  err_xy 0.039  std 0.217  lr 1.0e-04  fps   8892   335.7s
it 1167/4000  reward     nan  ep_len    nan  fell    0  err_xy 0.033  std 0.217  lr 1.0e-04  fps   8836   335.9s
it 1168/4000  reward     nan  ep_len    nan  fell    0  err_xy 0.039  std 0.217  lr 1.0e-04  fps   8729   336.2s
it 1169/4000  reward     nan  ep_len    nan  fell    0  err_xy 0.035  std 0.217  lr 1.0e-04  fps   8807   336.5s
it 1170/4000  reward     nan  ep_len    nan  fell    0  err_xy 0.027  std 0.217  lr 1.0e-04  fps   8752   336.7s
it 1171/4000  reward     nan  ep_len    nan  fell    0  err_xy 0.024  std 0.217  lr 1.0e-04  fps   8843   337.0s
it 1172/4000  reward     nan  ep_len    nan  fell    0  err_xy 0.029  std 0.217  lr 1.0e-04  fps   8789   337.3s
it 1173/4000  reward  130.38  ep_len  908.0  fell    0  err_xy 0.054  std 0.217  lr 1.0e-04  fps   7254   337.6s
it 1174/4000  reward     nan  ep_len    nan  fell    0  err_xy 0.276  std 0.217  lr 1.0e-04  fps   9055   337.8s
it 1175/4000  reward     nan  ep_len    nan  fell    0  err_xy 0.242  std 0.217  lr 1.0e-04  fps   9132   338.1s
it 1176/4000  reward     nan  ep_len    nan  fell    0  err_xy 0.256  std 0.217  lr 1.0e-04  fps   9068   338.3s
it 1177/4000  reward     nan  ep_len    nan  fell    0  err_xy 0.244  std 0.217  lr 1.0e-04  fps   9059   338.6s
it 1178/4000  reward     nan  ep_len    nan  fell    0  err_xy 0.232  std 0.217  lr 1.0e-04  fps   8954   338.9s
it 1179/4000  reward     nan  ep_len    nan  fell    0  err_xy 0.216  std 0.217  lr 1.0e-04  fps   9074   339.1s
it 1180/4000  reward     nan  ep_len    nan  fell    0  err_xy 0.243  std 0.217  lr 1.0e-04  fps   9061   339.4s
it 1181/4000  reward     nan  ep_len    nan  fell    0  err_xy 0.228  std 0.217  lr 1.0e-04  fps   8988   339.6s
it 1182/4000  reward     nan  ep_len    nan  fell    0  err_xy 0.182  std 0.217  lr 1.0e-04  fps   8853   339.9s
it 1183/4000  reward     nan  ep_len    nan  fell    0  err_xy 0.175  std 0.217  lr 1.0e-04  fps   9042   340.1s
it 1184/4000  reward     nan  ep_len    nan  fell    0  err_xy 0.188  std 0.217  lr 1.0e-04  fps   8934   340.4s
it 1185/4000  reward     nan  ep_len    nan  fell    0  err_xy 0.160  std 0.217  lr 1.0e-04  fps   8874   340.7s
it 1186/4000  reward     nan  ep_len    nan  fell    0  err_xy 0.138  std 0.217  lr 1.0e-04  fps   8782   340.9s
it 1187/4000  reward     nan  ep_len    nan  fell    0  err_xy 0.113  std 0.217  lr 1.0e-04  fps   8785   341.2s
it 1188/4000  reward     nan  ep_len    nan  fell    0  err_xy 0.121  std 0.217  lr 1.0e-04  fps   8893   341.4s
it 1189/4000  reward     nan  ep_len    nan  fell    0  err_xy 0.119  std 0.217  lr 1.0e-04  fps   8798   341.7s
it 1190/4000  reward     nan  ep_len    nan  fell    0  err_xy 0.110  std 0.217  lr 1.0e-04  fps   8780   342.0s
it 1191/4000  reward     nan  ep_len    nan  fell    0  err_xy 0.089  std 0.217  lr 1.0e-04  fps   8767   342.2s
it 1192/4000  reward     nan  ep_len    nan  fell    0  err_xy 0.102  std 0.217  lr 1.0e-04  fps   8565   342.5s
it 1193/4000  reward     nan  ep_len    nan  fell    0  err_xy 0.090  std 0.217  lr 1.0e-04  fps   8785   342.8s
it 1194/4000  reward     nan  ep_len    nan  fell    0  err_xy 0.082  std 0.217  lr 1.0e-04  fps   8832   343.0s
it 1195/4000  reward     nan  ep_len    nan  fell    0  err_xy 0.079  std 0.217  lr 1.0e-04  fps   8659   343.3s
it 1196/4000  reward     nan  ep_len    nan  fell    0  err_xy 0.095  std 0.217  lr 1.0e-04  fps   8837   343.5s
it 1197/4000  reward     nan  ep_len    nan  fell    0  err_xy 0.080  std 0.217  lr 1.0e-04  fps   8808   343.8s
it 1198/4000  reward     nan  ep_len    nan  fell    0  err_xy 0.081  std 0.217  lr 1.0e-04  fps   8722   344.1s
it 1199/4000  reward     nan  ep_len    nan  fell    0  err_xy 0.078  std 0.217  lr 1.0e-04  fps   8835   344.3s
it 1200/4000  reward     nan  ep_len    nan  fell    0  err_xy 0.064  std 0.217  lr 1.0e-04  fps   8746   344.6s
eval iteration 1200:
  prone          success   0.0%  time 18.16s  peak_τ 0.96 Nm  return 112.46
  supine         success   0.0%  time 18.16s  peak_τ 0.95 Nm  return 132.53
  score 0.000
it 1201/4000  reward     nan  ep_len    nan  fell    0  err_xy 0.066  std 0.217  lr 1.0e-04  fps   8733   348.9s
it 1202/4000  reward     nan  ep_len    nan  fell    0  err_xy 0.071  std 0.217  lr 1.0e-04  fps   8733   349.1s
it 1203/4000  reward     nan  ep_len    nan  fell    0  err_xy 0.073  std 0.217  lr 1.0e-04  fps   8336   349.4s
it 1204/4000  reward     nan  ep_len    nan  fell    0  err_xy 0.075  std 0.217  lr 1.0e-04  fps   8479   349.7s
it 1205/4000  reward     nan  ep_len    nan  fell    0  err_xy 0.074  std 0.217  lr 1.0e-04  fps   8091   350.0s
it 1206/4000  reward     nan  ep_len    nan  fell    0  err_xy 0.065  std 0.217  lr 1.0e-04  fps   8084   350.2s
it 1207/4000  reward     nan  ep_len    nan  fell    0  err_xy 0.074  std 0.217  lr 1.0e-04  fps   8261   350.5s
it 1208/4000  reward     nan  ep_len    nan  fell    0  err_xy 0.073  std 0.217  lr 1.0e-04  fps   8368   350.8s
it 1209/4000  reward     nan  ep_len    nan  fell    0  err_xy 0.065  std 0.217  lr 1.0e-04  fps   8344   351.1s
it 1210/4000  reward     nan  ep_len    nan  fell    0  err_xy 0.069  std 0.217  lr 1.0e-04  fps   8247   351.4s
it 1211/4000  reward  123.80  ep_len  908.0  fell    0  err_xy 0.112  std 0.217  lr 1.0e-04  fps   6847   351.7s
it 1212/4000  reward     nan  ep_len    nan  fell    0  err_xy 0.268  std 0.217  lr 1.0e-04  fps   8785   352.0s
it 1213/4000  reward     nan  ep_len    nan  fell    0  err_xy 0.215  std 0.217  lr 1.0e-04  fps   8800   352.2s
it 1214/4000  reward     nan  ep_len    nan  fell    0  err_xy 0.211  std 0.217  lr 1.0e-04  fps   8424   352.5s
it 1215/4000  reward     nan  ep_len    nan  fell    0  err_xy 0.215  std 0.217  lr 1.0e-04  fps   8473   352.8s
it 1216/4000  reward     nan  ep_len    nan  fell    0  err_xy 0.216  std 0.217  lr 1.0e-04  fps   8757   353.0s
it 1217/4000  reward     nan  ep_len    nan  fell    0  err_xy 0.196  std 0.217  lr 1.0e-04  fps   8804   353.3s
it 1218/4000  reward     nan  ep_len    nan  fell    0  err_xy 0.182  std 0.217  lr 1.0e-04  fps   8684   353.6s
it 1219/4000  reward     nan  ep_len    nan  fell    0  err_xy 0.161  std 0.217  lr 1.0e-04  fps   8593   353.8s
it 1220/4000  reward     nan  ep_len    nan  fell    0  err_xy 0.155  std 0.217  lr 1.0e-04  fps   7877   354.1s
it 1221/4000  reward     nan  ep_len    nan  fell    0  err_xy 0.149  std 0.217  lr 1.0e-04  fps   7956   354.4s
it 1222/4000  reward     nan  ep_len    nan  fell    0  err_xy 0.150  std 0.217  lr 1.0e-04  fps   8820   354.7s
it 1223/4000  reward     nan  ep_len    nan  fell    0  err_xy 0.132  std 0.217  lr 1.0e-04  fps   8868   354.9s
it 1224/4000  reward     nan  ep_len    nan  fell    0  err_xy 0.106  std 0.217  lr 1.0e-04  fps   8838   355.2s
it 1225/4000  reward     nan  ep_len    nan  fell    0  err_xy 0.111  std 0.217  lr 1.0e-04  fps   8477   355.5s
it 1226/4000  reward     nan  ep_len    nan  fell    0  err_xy 0.103  std 0.217  lr 1.0e-04  fps   7321   355.8s
it 1227/4000  reward     nan  ep_len    nan  fell    0  err_xy 0.106  std 0.217  lr 1.0e-04  fps   6586   356.1s
it 1228/4000  reward     nan  ep_len    nan  fell    0  err_xy 0.100  std 0.217  lr 1.0e-04  fps   8209   356.4s
it 1229/4000  reward     nan  ep_len    nan  fell    0  err_xy 0.097  std 0.217  lr 1.0e-04  fps   6752   356.7s
it 1230/4000  reward     nan  ep_len    nan  fell    0  err_xy 0.097  std 0.217  lr 1.0e-04  fps   8670   357.0s
it 1231/4000  reward     nan  ep_len    nan  fell    0  err_xy 0.080  std 0.217  lr 1.0e-04  fps   8771   357.3s
it 1232/4000  reward     nan  ep_len    nan  fell    0  err_xy 0.083  std 0.217  lr 1.0e-04  fps   8670   357.5s
it 1233/4000  reward     nan  ep_len    nan  fell    0  err_xy 0.089  std 0.217  lr 1.0e-04  fps   7382   357.9s
it 1234/4000  reward     nan  ep_len    nan  fell    0  err_xy 0.088  std 0.217  lr 1.0e-04  fps   8527   358.1s
it 1235/4000  reward     nan  ep_len    nan  fell    0  err_xy 0.072  std 0.217  lr 1.0e-04  fps   8692   358.4s
it 1236/4000  reward     nan  ep_len    nan  fell    0  err_xy 0.086  std 0.217  lr 1.0e-04  fps   8620   358.7s
it 1237/4000  reward     nan  ep_len    nan  fell    0  err_xy 0.073  std 0.217  lr 1.0e-04  fps   8066   358.9s
it 1238/4000  reward     nan  ep_len    nan  fell    0  err_xy 0.068  std 0.217  lr 1.0e-04  fps   8400   359.2s
it 1239/4000  reward     nan  ep_len    nan  fell    0  err_xy 0.061  std 0.217  lr 1.0e-04  fps   8575   359.5s
it 1240/4000  reward     nan  ep_len    nan  fell    0  err_xy 0.068  std 0.217  lr 1.0e-04  fps   8645   359.8s
it 1241/4000  reward     nan  ep_len    nan  fell    0  err_xy 0.058  std 0.217  lr 1.0e-04  fps   8577   360.0s
it 1242/4000  reward     nan  ep_len    nan  fell    0  err_xy 0.061  std 0.217  lr 1.0e-04  fps   8438   360.3s
it 1243/4000  reward     nan  ep_len    nan  fell    0  err_xy 0.065  std 0.217  lr 1.0e-04  fps   8410   360.6s
it 1244/4000  reward     nan  ep_len    nan  fell    0  err_xy 0.067  std 0.217  lr 1.0e-04  fps   8068   360.9s
it 1245/4000  reward     nan  ep_len    nan  fell    0  err_xy 0.055  std 0.217  lr 1.0e-04  fps   8160   361.1s
it 1246/4000  reward     nan  ep_len    nan  fell    0  err_xy 0.039  std 0.217  lr 1.0e-04  fps   8098   361.4s
it 1247/4000  reward     nan  ep_len    nan  fell    0  err_xy 0.041  std 0.217  lr 1.0e-04  fps   8000   361.7s
it 1248/4000  reward     nan  ep_len    nan  fell    0  err_xy 0.039  std 0.217  lr 1.0e-04  fps   8062   362.0s
it 1249/4000  reward  119.16  ep_len  908.0  fell    0  err_xy 0.138  std 0.217  lr 1.0e-04  fps   6836   362.3s
it 1250/4000  reward     nan  ep_len    nan  fell    0  err_xy 0.250  std 0.217  lr 1.0e-04  fps   8805   362.6s
it 1251/4000  reward     nan  ep_len    nan  fell    0  err_xy 0.198  std 0.217  lr 1.0e-04  fps   8913   362.9s
it 1252/4000  reward     nan  ep_len    nan  fell    0  err_xy 0.175  std 0.217  lr 1.0e-04  fps   8870   363.1s
it 1253/4000  reward     nan  ep_len    nan  fell    0  err_xy 0.185  std 0.217  lr 1.0e-04  fps   8778   363.4s
it 1254/4000  reward     nan  ep_len    nan  fell    0  err_xy 0.186  std 0.217  lr 1.0e-04  fps   8801   363.6s
it 1255/4000  reward     nan  ep_len    nan  fell    0  err_xy 0.192  std 0.217  lr 1.0e-04  fps   8881   363.9s
it 1256/4000  reward     nan  ep_len    nan  fell    0  err_xy 0.201  std 0.217  lr 1.0e-04  fps   8403   364.2s
it 1257/4000  reward     nan  ep_len    nan  fell    0  err_xy 0.179  std 0.217  lr 1.0e-04  fps   8597   364.4s
it 1258/4000  reward     nan  ep_len    nan  fell    0  err_xy 0.154  std 0.217  lr 1.0e-04  fps   8880   364.7s
it 1259/4000  reward     nan  ep_len    nan  fell    0  err_xy 0.149  std 0.217  lr 1.0e-04  fps   8850   365.0s
it 1260/4000  reward     nan  ep_len    nan  fell    0  err_xy 0.135  std 0.217  lr 1.0e-04  fps   8807   365.2s
it 1261/4000  reward     nan  ep_len    nan  fell    0  err_xy 0.146  std 0.217  lr 1.0e-04  fps   8815   365.5s
it 1262/4000  reward     nan  ep_len    nan  fell    0  err_xy 0.136  std 0.217  lr 1.0e-04  fps   8601   365.8s
it 1263/4000  reward     nan  ep_len    nan  fell    0  err_xy 0.126  std 0.217  lr 1.0e-04  fps   8570   366.0s
it 1264/4000  reward     nan  ep_len    nan  fell    0  err_xy 0.108  std 0.217  lr 1.0e-04  fps   8499   366.3s
it 1265/4000  reward     nan  ep_len    nan  fell    0  err_xy 0.105  std 0.217  lr 1.0e-04  fps   8645   366.6s
it 1266/4000  reward     nan  ep_len    nan  fell    0  err_xy 0.095  std 0.217  lr 1.0e-04  fps   8072   366.8s
it 1267/4000  reward     nan  ep_len    nan  fell    0  err_xy 0.092  std 0.217  lr 1.0e-04  fps   8545   367.1s
it 1268/4000  reward     nan  ep_len    nan  fell    0  err_xy 0.088  std 0.217  lr 1.0e-04  fps   8708   367.4s
it 1269/4000  reward     nan  ep_len    nan  fell    0  err_xy 0.088  std 0.217  lr 1.0e-04  fps   8506   367.7s
it 1270/4000  reward     nan  ep_len    nan  fell    0  err_xy 0.075  std 0.217  lr 1.0e-04  fps   8547   367.9s
it 1271/4000  reward     nan  ep_len    nan  fell    0  err_xy 0.063  std 0.217  lr 1.0e-04  fps   8568   368.2s
it 1272/4000  reward     nan  ep_len    nan  fell    0  err_xy 0.048  std 0.217  lr 1.0e-04  fps   8644   368.5s
it 1273/4000  reward     nan  ep_len    nan  fell    0  err_xy 0.052  std 0.217  lr 1.0e-04  fps   8140   368.7s
it 1274/4000  reward     nan  ep_len    nan  fell    0  err_xy 0.064  std 0.217  lr 1.0e-04  fps   8501   369.0s
it 1275/4000  reward     nan  ep_len    nan  fell    0  err_xy 0.053  std 0.217  lr 1.0e-04  fps   8503   369.3s
it 1276/4000  reward     nan  ep_len    nan  fell    0  err_xy 0.049  std 0.217  lr 1.0e-04  fps   8360   369.6s
it 1277/4000  reward     nan  ep_len    nan  fell    0  err_xy 0.046  std 0.217  lr 1.0e-04  fps   8452   369.8s
it 1278/4000  reward     nan  ep_len    nan  fell    0  err_xy 0.044  std 0.217  lr 1.0e-04  fps   8403   370.1s
it 1279/4000  reward     nan  ep_len    nan  fell    0  err_xy 0.045  std 0.217  lr 1.0e-04  fps   7946   370.4s
it 1280/4000  reward     nan  ep_len    nan  fell    0  err_xy 0.037  std 0.217  lr 1.0e-04  fps   6867   370.7s
it 1281/4000  reward     nan  ep_len    nan  fell    0  err_xy 0.032  std 0.217  lr 1.0e-04  fps   7965   371.0s
it 1282/4000  reward     nan  ep_len    nan  fell    0  err_xy 0.030  std 0.217  lr 1.0e-04  fps   8088   371.3s
it 1283/4000  reward     nan  ep_len    nan  fell    0  err_xy 0.029  std 0.217  lr 1.0e-04  fps   7990   371.6s
it 1284/4000  reward     nan  ep_len    nan  fell    0  err_xy 0.030  std 0.217  lr 1.0e-04  fps   7995   371.9s
it 1285/4000  reward     nan  ep_len    nan  fell    0  err_xy 0.027  std 0.217  lr 1.0e-04  fps   7704   372.2s
it 1286/4000  reward     nan  ep_len    nan  fell    0  err_xy 0.021  std 0.217  lr 1.0e-04  fps   7987   372.5s
it 1287/4000  reward  123.56  ep_len  908.0  fell    0  err_xy 0.154  std 0.217  lr 1.0e-04  fps   6808   372.8s
it 1288/4000  reward     nan  ep_len    nan  fell    0  err_xy 0.174  std 0.217  lr 1.0e-04  fps   8560   373.1s
it 1289/4000  reward     nan  ep_len    nan  fell    0  err_xy 0.157  std 0.217  lr 1.0e-04  fps   8598   373.4s
it 1290/4000  reward     nan  ep_len    nan  fell    0  err_xy 0.180  std 0.217  lr 1.0e-04  fps   8952   373.6s
it 1291/4000  reward     nan  ep_len    nan  fell    0  err_xy 0.182  std 0.217  lr 1.0e-04  fps   8392   373.9s
it 1292/4000  reward     nan  ep_len    nan  fell    0  err_xy 0.178  std 0.217  lr 1.0e-04  fps   8557   374.2s
it 1293/4000  reward     nan  ep_len    nan  fell    0  err_xy 0.200  std 0.217  lr 1.0e-04  fps   8682   374.4s
it 1294/4000  reward     nan  ep_len    nan  fell    0  err_xy 0.204  std 0.217  lr 1.0e-04  fps   8568   374.7s
it 1295/4000  reward     nan  ep_len    nan  fell    0  err_xy 0.201  std 0.217  lr 1.0e-04  fps   8624   375.0s
it 1296/4000  reward     nan  ep_len    nan  fell    0  err_xy 0.204  std 0.217  lr 1.0e-04  fps   8781   375.2s
it 1297/4000  reward     nan  ep_len    nan  fell    0  err_xy 0.176  std 0.217  lr 1.0e-04  fps   8854   375.5s
it 1298/4000  reward     nan  ep_len    nan  fell    0  err_xy 0.173  std 0.217  lr 1.0e-04  fps   8476   375.8s
it 1299/4000  reward     nan  ep_len    nan  fell    0  err_xy 0.154  std 0.217  lr 1.0e-04  fps   8731   376.0s
it 1300/4000  reward     nan  ep_len    nan  fell    0  err_xy 0.129  std 0.217  lr 1.0e-04  fps   8590   376.3s
it 1301/4000  reward     nan  ep_len    nan  fell    0  err_xy 0.118  std 0.217  lr 1.0e-04  fps   8501   376.6s
it 1302/4000  reward     nan  ep_len    nan  fell    0  err_xy 0.115  std 0.217  lr 1.0e-04  fps   8253   376.8s
it 1303/4000  reward     nan  ep_len    nan  fell    0  err_xy 0.104  std 0.217  lr 1.0e-04  fps   8375   377.1s
it 1304/4000  reward     nan  ep_len    nan  fell    0  err_xy 0.088  std 0.217  lr 1.0e-04  fps   8369   377.4s
it 1305/4000  reward     nan  ep_len    nan  fell    0  err_xy 0.091  std 0.217  lr 1.0e-04  fps   8216   377.7s
it 1306/4000  reward     nan  ep_len    nan  fell    0  err_xy 0.076  std 0.217  lr 1.0e-04  fps   8326   377.9s
it 1307/4000  reward     nan  ep_len    nan  fell    0  err_xy 0.071  std 0.217  lr 1.0e-04  fps   8490   378.2s
it 1308/4000  reward     nan  ep_len    nan  fell    0  err_xy 0.061  std 0.217  lr 1.0e-04  fps   8388   378.5s
it 1309/4000  reward     nan  ep_len    nan  fell    0  err_xy 0.055  std 0.217  lr 1.0e-04  fps   8546   378.8s
it 1310/4000  reward     nan  ep_len    nan  fell    0  err_xy 0.053  std 0.217  lr 1.0e-04  fps   8340   379.0s
it 1311/4000  reward     nan  ep_len    nan  fell    0  err_xy 0.052  std 0.217  lr 1.0e-04  fps   8331   379.3s
it 1312/4000  reward     nan  ep_len    nan  fell    0  err_xy 0.048  std 0.217  lr 1.0e-04  fps   8179   379.6s
it 1313/4000  reward     nan  ep_len    nan  fell    0  err_xy 0.045  std 0.217  lr 1.0e-04  fps   7998   379.9s
it 1314/4000  reward     nan  ep_len    nan  fell    0  err_xy 0.053  std 0.217  lr 1.0e-04  fps   8210   380.2s
it 1315/4000  reward     nan  ep_len    nan  fell    0  err_xy 0.053  std 0.217  lr 1.0e-04  fps   8145   380.5s
it 1316/4000  reward     nan  ep_len    nan  fell    0  err_xy 0.041  std 0.217  lr 1.0e-04  fps   8167   380.7s
it 1317/4000  reward     nan  ep_len    nan  fell    0  err_xy 0.035  std 0.217  lr 1.0e-04  fps   8408   381.0s
it 1318/4000  reward     nan  ep_len    nan  fell    0  err_xy 0.042  std 0.217  lr 1.0e-04  fps   7928   381.3s
it 1319/4000  reward     nan  ep_len    nan  fell    0  err_xy 0.030  std 0.217  lr 1.0e-04  fps   7855   381.6s
it 1320/4000  reward     nan  ep_len    nan  fell    0  err_xy 0.034  std 0.217  lr 1.0e-04  fps   7705   381.9s
it 1321/4000  reward     nan  ep_len    nan  fell    0  err_xy 0.042  std 0.217  lr 1.0e-04  fps   7744   382.2s
it 1322/4000  reward     nan  ep_len    nan  fell    0  err_xy 0.044  std 0.217  lr 1.0e-04  fps   7829   382.5s
it 1323/4000  reward     nan  ep_len    nan  fell    0  err_xy 0.040  std 0.217  lr 1.0e-04  fps   7306   382.8s
it 1324/4000  reward     nan  ep_len    nan  fell    0  err_xy 0.034  std 0.217  lr 1.0e-04  fps   6834   383.1s
it 1325/4000  reward  126.87  ep_len  908.0  fell    0  err_xy 0.211  std 0.217  lr 1.0e-04  fps   6923   383.5s
it 1326/4000  reward     nan  ep_len    nan  fell    0  err_xy 0.189  std 0.217  lr 1.0e-04  fps   7822   383.8s
it 1327/4000  reward     nan  ep_len    nan  fell    0  err_xy 0.201  std 0.217  lr 1.0e-04  fps   8534   384.0s
it 1328/4000  reward     nan  ep_len    nan  fell    0  err_xy 0.193  std 0.217  lr 1.0e-04  fps   8865   384.3s
it 1329/4000  reward     nan  ep_len    nan  fell    0  err_xy 0.193  std 0.217  lr 1.0e-04  fps   8785   384.6s
it 1330/4000  reward     nan  ep_len    nan  fell    0  err_xy 0.192  std 0.217  lr 1.0e-04  fps   8910   384.8s
it 1331/4000  reward     nan  ep_len    nan  fell    0  err_xy 0.209  std 0.217  lr 1.0e-04  fps   8865   385.1s
it 1332/4000  reward     nan  ep_len    nan  fell    0  err_xy 0.200  std 0.217  lr 1.0e-04  fps   8639   385.3s
it 1333/4000  reward     nan  ep_len    nan  fell    0  err_xy 0.183  std 0.217  lr 1.0e-04  fps   8713   385.6s
it 1334/4000  reward     nan  ep_len    nan  fell    0  err_xy 0.193  std 0.217  lr 1.0e-04  fps   8787   385.9s
it 1335/4000  reward     nan  ep_len    nan  fell    0  err_xy 0.179  std 0.217  lr 1.0e-04  fps   8651   386.1s
it 1336/4000  reward     nan  ep_len    nan  fell    0  err_xy 0.166  std 0.217  lr 1.0e-04  fps   8525   386.4s
it 1337/4000  reward     nan  ep_len    nan  fell    0  err_xy 0.176  std 0.217  lr 1.0e-04  fps   8404   386.7s
it 1338/4000  reward     nan  ep_len    nan  fell    0  err_xy 0.147  std 0.217  lr 1.0e-04  fps   8578   387.0s
it 1339/4000  reward     nan  ep_len    nan  fell    0  err_xy 0.150  std 0.217  lr 1.0e-04  fps   8458   387.2s
it 1340/4000  reward     nan  ep_len    nan  fell    0  err_xy 0.138  std 0.217  lr 1.0e-04  fps   8374   387.5s
it 1341/4000  reward     nan  ep_len    nan  fell    0  err_xy 0.137  std 0.217  lr 1.0e-04  fps   8558   387.8s
it 1342/4000  reward     nan  ep_len    nan  fell    0  err_xy 0.133  std 0.217  lr 1.0e-04  fps   8664   388.0s
it 1343/4000  reward     nan  ep_len    nan  fell    0  err_xy 0.127  std 0.217  lr 1.0e-04  fps   8702   388.3s
it 1344/4000  reward     nan  ep_len    nan  fell    0  err_xy 0.113  std 0.217  lr 1.0e-04  fps   8763   388.6s
it 1345/4000  reward     nan  ep_len    nan  fell    0  err_xy 0.115  std 0.217  lr 1.0e-04  fps   8638   388.8s
it 1346/4000  reward     nan  ep_len    nan  fell    0  err_xy 0.116  std 0.217  lr 1.0e-04  fps   8594   389.1s
it 1347/4000  reward     nan  ep_len    nan  fell    0  err_xy 0.116  std 0.217  lr 1.0e-04  fps   8530   389.4s
it 1348/4000  reward     nan  ep_len    nan  fell    0  err_xy 0.104  std 0.217  lr 1.0e-04  fps   8363   389.6s
it 1349/4000  reward     nan  ep_len    nan  fell    0  err_xy 0.096  std 0.217  lr 1.0e-04  fps   8502   389.9s
it 1350/4000  reward     nan  ep_len    nan  fell    0  err_xy 0.092  std 0.217  lr 1.0e-04  fps   8531   390.2s
it 1351/4000  reward     nan  ep_len    nan  fell    0  err_xy 0.083  std 0.217  lr 1.0e-04  fps   8596   390.5s
it 1352/4000  reward     nan  ep_len    nan  fell    0  err_xy 0.086  std 0.217  lr 1.0e-04  fps   8562   390.7s
it 1353/4000  reward     nan  ep_len    nan  fell    0  err_xy 0.075  std 0.217  lr 1.0e-04  fps   8604   391.0s
it 1354/4000  reward     nan  ep_len    nan  fell    0  err_xy 0.069  std 0.217  lr 1.0e-04  fps   8697   391.3s
it 1355/4000  reward     nan  ep_len    nan  fell    0  err_xy 0.065  std 0.217  lr 1.0e-04  fps   8383   391.5s
it 1356/4000  reward     nan  ep_len    nan  fell    0  err_xy 0.064  std 0.217  lr 1.0e-04  fps   8426   391.8s
it 1357/4000  reward     nan  ep_len    nan  fell    0  err_xy 0.052  std 0.217  lr 1.0e-04  fps   8325   392.1s
it 1358/4000  reward     nan  ep_len    nan  fell    0  err_xy 0.056  std 0.217  lr 1.0e-04  fps   8280   392.4s
it 1359/4000  reward     nan  ep_len    nan  fell    0  err_xy 0.048  std 0.217  lr 1.0e-04  fps   8467   392.6s
it 1360/4000  reward     nan  ep_len    nan  fell    0  err_xy 0.040  std 0.217  lr 1.0e-04  fps   8429   392.9s
it 1361/4000  reward     nan  ep_len    nan  fell    0  err_xy 0.040  std 0.217  lr 1.0e-04  fps   8316   393.2s
it 1362/4000  reward  122.81  ep_len  908.0  fell    0  err_xy 0.039  std 0.217  lr 1.0e-04  fps   6602   393.5s
it 1363/4000  reward     nan  ep_len    nan  fell    0  err_xy 0.255  std 0.217  lr 1.0e-04  fps   8566   393.8s
it 1364/4000  reward     nan  ep_len    nan  fell    0  err_xy 0.197  std 0.217  lr 1.0e-04  fps   8537   394.1s
it 1365/4000  reward     nan  ep_len    nan  fell    0  err_xy 0.189  std 0.217  lr 1.0e-04  fps   8886   394.3s
it 1366/4000  reward     nan  ep_len    nan  fell    0  err_xy 0.187  std 0.217  lr 1.0e-04  fps   8900   394.6s
it 1367/4000  reward     nan  ep_len    nan  fell    0  err_xy 0.209  std 0.217  lr 1.0e-04  fps   8610   394.9s
it 1368/4000  reward     nan  ep_len    nan  fell    0  err_xy 0.181  std 0.217  lr 1.0e-04  fps   8559   395.1s
it 1369/4000  reward     nan  ep_len    nan  fell    0  err_xy 0.186  std 0.217  lr 1.0e-04  fps   8707   395.4s
it 1370/4000  reward     nan  ep_len    nan  fell    0  err_xy 0.175  std 0.217  lr 1.0e-04  fps   8830   395.7s
it 1371/4000  reward     nan  ep_len    nan  fell    0  err_xy 0.188  std 0.217  lr 1.0e-04  fps   8641   395.9s
it 1372/4000  reward     nan  ep_len    nan  fell    0  err_xy 0.199  std 0.217  lr 1.0e-04  fps   8065   396.2s
it 1373/4000  reward     nan  ep_len    nan  fell    0  err_xy 0.190  std 0.217  lr 1.0e-04  fps   8276   396.5s
it 1374/4000  reward     nan  ep_len    nan  fell    0  err_xy 0.171  std 0.217  lr 1.0e-04  fps   8589   396.8s
it 1375/4000  reward     nan  ep_len    nan  fell    0  err_xy 0.157  std 0.217  lr 1.0e-04  fps   8716   397.0s
it 1376/4000  reward     nan  ep_len    nan  fell    0  err_xy 0.146  std 0.217  lr 1.0e-04  fps   8546   397.3s
it 1377/4000  reward     nan  ep_len    nan  fell    0  err_xy 0.141  std 0.217  lr 1.0e-04  fps   8633   397.6s
it 1378/4000  reward     nan  ep_len    nan  fell    0  err_xy 0.129  std 0.217  lr 1.0e-04  fps   8570   397.8s
it 1379/4000  reward     nan  ep_len    nan  fell    0  err_xy 0.115  std 0.217  lr 1.0e-04  fps   8547   398.1s
it 1380/4000  reward     nan  ep_len    nan  fell    0  err_xy 0.100  std 0.217  lr 1.0e-04  fps   8664   398.4s
it 1381/4000  reward     nan  ep_len    nan  fell    0  err_xy 0.094  std 0.217  lr 1.0e-04  fps   7953   398.7s
it 1382/4000  reward     nan  ep_len    nan  fell    0  err_xy 0.089  std 0.217  lr 1.0e-04  fps   8553   398.9s
it 1383/4000  reward     nan  ep_len    nan  fell    0  err_xy 0.081  std 0.217  lr 1.0e-04  fps   8365   399.2s
it 1384/4000  reward     nan  ep_len    nan  fell    0  err_xy 0.074  std 0.217  lr 1.0e-04  fps   8053   399.5s
it 1385/4000  reward     nan  ep_len    nan  fell    0  err_xy 0.055  std 0.217  lr 1.0e-04  fps   7952   399.8s
it 1386/4000  reward     nan  ep_len    nan  fell    0  err_xy 0.064  std 0.217  lr 1.0e-04  fps   8273   400.1s
it 1387/4000  reward     nan  ep_len    nan  fell    0  err_xy 0.041  std 0.217  lr 1.0e-04  fps   7983   400.3s
it 1388/4000  reward     nan  ep_len    nan  fell    0  err_xy 0.038  std 0.217  lr 1.0e-04  fps   8266   400.6s
it 1389/4000  reward     nan  ep_len    nan  fell    0  err_xy 0.033  std 0.217  lr 1.0e-04  fps   8452   400.9s
it 1390/4000  reward     nan  ep_len    nan  fell    0  err_xy 0.034  std 0.217  lr 1.0e-04  fps   8375   401.2s
it 1391/4000  reward     nan  ep_len    nan  fell    0  err_xy 0.029  std 0.217  lr 1.0e-04  fps   8451   401.4s
it 1392/4000  reward     nan  ep_len    nan  fell    0  err_xy 0.030  std 0.217  lr 1.0e-04  fps   7398   401.8s
it 1393/4000  reward     nan  ep_len    nan  fell    0  err_xy 0.034  std 0.217  lr 1.0e-04  fps   7423   402.1s
it 1394/4000  reward     nan  ep_len    nan  fell    0  err_xy 0.031  std 0.216  lr 1.0e-04  fps   8101   402.4s
it 1395/4000  reward     nan  ep_len    nan  fell    0  err_xy 0.032  std 0.217  lr 1.0e-04  fps   7818   402.6s
it 1396/4000  reward     nan  ep_len    nan  fell    0  err_xy 0.030  std 0.217  lr 1.0e-04  fps   7767   402.9s
it 1397/4000  reward     nan  ep_len    nan  fell    0  err_xy 0.025  std 0.217  lr 1.0e-04  fps   7884   403.2s
it 1398/4000  reward     nan  ep_len    nan  fell    0  err_xy 0.031  std 0.217  lr 1.0e-04  fps   8244   403.5s
it 1399/4000  reward     nan  ep_len    nan  fell    0  err_xy 0.025  std 0.217  lr 1.0e-04  fps   7982   403.8s
it 1400/4000  reward  124.68  ep_len  908.0  fell    0  err_xy 0.051  std 0.217  lr 1.0e-04  fps   6741   404.1s
eval iteration 1400:
  prone          success   0.0%  time 18.16s  peak_τ 0.96 Nm  return 113.12
  supine         success   0.0%  time 18.16s  peak_τ 0.93 Nm  return 131.53
  score 0.000
it 1401/4000  reward     nan  ep_len    nan  fell    0  err_xy 0.261  std 0.217  lr 1.0e-04  fps   8825   408.5s
it 1402/4000  reward     nan  ep_len    nan  fell    0  err_xy 0.207  std 0.217  lr 1.0e-04  fps   8043   408.8s
it 1403/4000  reward     nan  ep_len    nan  fell    0  err_xy 0.200  std 0.217  lr 1.0e-04  fps   8026   409.1s
it 1404/4000  reward     nan  ep_len    nan  fell    0  err_xy 0.209  std 0.217  lr 1.0e-04  fps   8486   409.4s
it 1405/4000  reward     nan  ep_len    nan  fell    0  err_xy 0.218  std 0.217  lr 1.0e-04  fps   8410   409.7s
it 1406/4000  reward     nan  ep_len    nan  fell    0  err_xy 0.223  std 0.217  lr 1.0e-04  fps   8549   409.9s
it 1407/4000  reward     nan  ep_len    nan  fell    0  err_xy 0.221  std 0.217  lr 1.0e-04  fps   8293   410.2s
it 1408/4000  reward     nan  ep_len    nan  fell    0  err_xy 0.215  std 0.217  lr 1.0e-04  fps   8700   410.5s
it 1409/4000  reward     nan  ep_len    nan  fell    0  err_xy 0.197  std 0.217  lr 1.0e-04  fps   8594   410.7s
it 1410/4000  reward     nan  ep_len    nan  fell    0  err_xy 0.198  std 0.217  lr 1.0e-04  fps   8391   411.0s
it 1411/4000  reward     nan  ep_len    nan  fell    0  err_xy 0.173  std 0.217  lr 1.0e-04  fps   8569   411.3s
it 1412/4000  reward     nan  ep_len    nan  fell    0  err_xy 0.173  std 0.217  lr 1.0e-04  fps   8161   411.6s
it 1413/4000  reward     nan  ep_len    nan  fell    0  err_xy 0.155  std 0.217  lr 1.0e-04  fps   8155   411.9s
it 1414/4000  reward     nan  ep_len    nan  fell    0  err_xy 0.160  std 0.217  lr 1.0e-04  fps   8556   412.1s
it 1415/4000  reward     nan  ep_len    nan  fell    0  err_xy 0.143  std 0.217  lr 1.0e-04  fps   8585   412.4s
it 1416/4000  reward     nan  ep_len    nan  fell    0  err_xy 0.144  std 0.217  lr 1.0e-04  fps   8414   412.7s
it 1417/4000  reward     nan  ep_len    nan  fell    0  err_xy 0.139  std 0.217  lr 1.0e-04  fps   8490   412.9s
it 1418/4000  reward     nan  ep_len    nan  fell    0  err_xy 0.128  std 0.217  lr 1.0e-04  fps   8497   413.2s
it 1419/4000  reward     nan  ep_len    nan  fell    0  err_xy 0.120  std 0.217  lr 1.0e-04  fps   8577   413.5s
it 1420/4000  reward     nan  ep_len    nan  fell    0  err_xy 0.110  std 0.217  lr 1.0e-04  fps   8698   413.7s
it 1421/4000  reward     nan  ep_len    nan  fell    0  err_xy 0.098  std 0.217  lr 1.0e-04  fps   8706   414.0s
it 1422/4000  reward     nan  ep_len    nan  fell    0  err_xy 0.086  std 0.217  lr 1.0e-04  fps   8651   414.3s
it 1423/4000  reward     nan  ep_len    nan  fell    0  err_xy 0.079  std 0.217  lr 1.0e-04  fps   7912   414.6s
it 1424/4000  reward     nan  ep_len    nan  fell    0  err_xy 0.069  std 0.217  lr 1.0e-04  fps   7905   414.9s
it 1425/4000  reward     nan  ep_len    nan  fell    0  err_xy 0.066  std 0.217  lr 1.0e-04  fps   8066   415.1s
it 1426/4000  reward     nan  ep_len    nan  fell    0  err_xy 0.053  std 0.217  lr 1.0e-04  fps   8646   415.4s
it 1427/4000  reward     nan  ep_len    nan  fell    0  err_xy 0.053  std 0.217  lr 1.0e-04  fps   8375   415.7s
it 1428/4000  reward     nan  ep_len    nan  fell    0  err_xy 0.050  std 0.217  lr 1.0e-04  fps   8403   416.0s
it 1429/4000  reward     nan  ep_len    nan  fell    0  err_xy 0.042  std 0.217  lr 1.0e-04  fps   8499   416.2s
it 1430/4000  reward     nan  ep_len    nan  fell    0  err_xy 0.039  std 0.217  lr 1.0e-04  fps   8363   416.5s
it 1431/4000  reward     nan  ep_len    nan  fell    0  err_xy 0.035  std 0.217  lr 1.0e-04  fps   7589   416.8s
it 1432/4000  reward     nan  ep_len    nan  fell    0  err_xy 0.041  std 0.217  lr 1.0e-04  fps   8128   417.1s
it 1433/4000  reward     nan  ep_len    nan  fell    0  err_xy 0.045  std 0.217  lr 1.0e-04  fps   8421   417.4s
it 1434/4000  reward     nan  ep_len    nan  fell    0  err_xy 0.043  std 0.217  lr 1.0e-04  fps   8252   417.7s
it 1435/4000  reward     nan  ep_len    nan  fell    0  err_xy 0.036  std 0.217  lr 1.0e-04  fps   8465   417.9s
it 1436/4000  reward     nan  ep_len    nan  fell    0  err_xy 0.037  std 0.217  lr 1.0e-04  fps   8457   418.2s
it 1437/4000  reward     nan  ep_len    nan  fell    0  err_xy 0.033  std 0.217  lr 1.0e-04  fps   8558   418.5s
it 1438/4000  reward  125.23  ep_len  908.0  fell    0  err_xy 0.080  std 0.217  lr 1.0e-04  fps   7065   418.8s
it 1439/4000  reward     nan  ep_len    nan  fell    0  err_xy 0.236  std 0.217  lr 1.0e-04  fps   8890   419.1s
it 1440/4000  reward     nan  ep_len    nan  fell    0  err_xy 0.228  std 0.217  lr 1.0e-04  fps   9023   419.3s
it 1441/4000  reward     nan  ep_len    nan  fell    0  err_xy 0.217  std 0.217  lr 1.0e-04  fps   8988   419.6s
it 1442/4000  reward     nan  ep_len    nan  fell    0  err_xy 0.231  std 0.217  lr 1.0e-04  fps   8934   419.8s
it 1443/4000  reward     nan  ep_len    nan  fell    0  err_xy 0.225  std 0.217  lr 1.0e-04  fps   8980   420.1s
it 1444/4000  reward     nan  ep_len    nan  fell    0  err_xy 0.255  std 0.217  lr 1.0e-04  fps   8997   420.3s
it 1445/4000  reward     nan  ep_len    nan  fell    0  err_xy 0.244  std 0.217  lr 1.0e-04  fps   8922   420.6s
it 1446/4000  reward     nan  ep_len    nan  fell    0  err_xy 0.225  std 0.217  lr 1.0e-04  fps   8825   420.9s
it 1447/4000  reward     nan  ep_len    nan  fell    0  err_xy 0.202  std 0.217  lr 1.0e-04  fps   8845   421.1s
it 1448/4000  reward     nan  ep_len    nan  fell    0  err_xy 0.183  std 0.217  lr 1.0e-04  fps   8793   421.4s
it 1449/4000  reward     nan  ep_len    nan  fell    0  err_xy 0.183  std 0.217  lr 1.0e-04  fps   8649   421.6s
it 1450/4000  reward     nan  ep_len    nan  fell    0  err_xy 0.158  std 0.217  lr 1.0e-04  fps   8623   421.9s
it 1451/4000  reward     nan  ep_len    nan  fell    0  err_xy 0.148  std 0.217  lr 1.0e-04  fps   8693   422.2s
it 1452/4000  reward     nan  ep_len    nan  fell    0  err_xy 0.113  std 0.217  lr 1.0e-04  fps   8737   422.4s
it 1453/4000  reward     nan  ep_len    nan  fell    0  err_xy 0.107  std 0.217  lr 1.0e-04  fps   8551   422.7s
it 1454/4000  reward     nan  ep_len    nan  fell    0  err_xy 0.091  std 0.217  lr 1.0e-04  fps   8662   423.0s
it 1455/4000  reward     nan  ep_len    nan  fell    0  err_xy 0.080  std 0.217  lr 1.0e-04  fps   8551   423.3s
it 1456/4000  reward     nan  ep_len    nan  fell    0  err_xy 0.070  std 0.217  lr 1.0e-04  fps   8626   423.5s
it 1457/4000  reward     nan  ep_len    nan  fell    0  err_xy 0.063  std 0.217  lr 1.0e-04  fps   8509   423.8s
it 1458/4000  reward     nan  ep_len    nan  fell    0  err_xy 0.054  std 0.217  lr 1.0e-04  fps   8277   424.1s
it 1459/4000  reward     nan  ep_len    nan  fell    0  err_xy 0.053  std 0.217  lr 1.0e-04  fps   8490   424.3s
it 1460/4000  reward     nan  ep_len    nan  fell    0  err_xy 0.051  std 0.217  lr 1.0e-04  fps   8521   424.6s
it 1461/4000  reward     nan  ep_len    nan  fell    0  err_xy 0.037  std 0.217  lr 1.0e-04  fps   8456   424.9s
it 1462/4000  reward     nan  ep_len    nan  fell    0  err_xy 0.037  std 0.217  lr 1.0e-04  fps   8550   425.2s
it 1463/4000  reward     nan  ep_len    nan  fell    0  err_xy 0.034  std 0.217  lr 1.0e-04  fps   8403   425.4s
it 1464/4000  reward     nan  ep_len    nan  fell    0  err_xy 0.032  std 0.217  lr 1.0e-04  fps   8450   425.7s
it 1465/4000  reward     nan  ep_len    nan  fell    0  err_xy 0.031  std 0.217  lr 1.0e-04  fps   8319   426.0s
it 1466/4000  reward     nan  ep_len    nan  fell    0  err_xy 0.031  std 0.217  lr 1.0e-04  fps   8395   426.3s
it 1467/4000  reward     nan  ep_len    nan  fell    0  err_xy 0.028  std 0.217  lr 1.0e-04  fps   7547   426.6s
it 1468/4000  reward     nan  ep_len    nan  fell    0  err_xy 0.030  std 0.217  lr 1.0e-04  fps   8595   426.8s
it 1469/4000  reward     nan  ep_len    nan  fell    0  err_xy 0.029  std 0.217  lr 1.0e-04  fps   8462   427.1s
it 1470/4000  reward     nan  ep_len    nan  fell    0  err_xy 0.031  std 0.217  lr 1.0e-04  fps   8428   427.4s
it 1471/4000  reward     nan  ep_len    nan  fell    0  err_xy 0.028  std 0.217  lr 1.0e-04  fps   7994   427.7s
it 1472/4000  reward     nan  ep_len    nan  fell    0  err_xy 0.026  std 0.217  lr 1.0e-04  fps   8193   427.9s
it 1473/4000  reward     nan  ep_len    nan  fell    0  err_xy 0.018  std 0.217  lr 1.0e-04  fps   8309   428.2s
it 1474/4000  reward     nan  ep_len    nan  fell    0  err_xy 0.019  std 0.217  lr 1.0e-04  fps   8323   428.5s
it 1475/4000  reward     nan  ep_len    nan  fell    0  err_xy 0.015  std 0.217  lr 1.0e-04  fps   8395   428.8s
it 1476/4000  reward  131.72  ep_len  908.0  fell    0  err_xy 0.112  std 0.217  lr 1.0e-04  fps   7089   429.1s
it 1477/4000  reward     nan  ep_len    nan  fell    0  err_xy 0.234  std 0.217  lr 1.0e-04  fps   8041   429.4s
it 1478/4000  reward     nan  ep_len    nan  fell    0  err_xy 0.218  std 0.217  lr 1.0e-04  fps   8908   429.6s
it 1479/4000  reward     nan  ep_len    nan  fell    0  err_xy 0.223  std 0.217  lr 1.0e-04  fps   8889   429.9s
it 1480/4000  reward     nan  ep_len    nan  fell    0  err_xy 0.234  std 0.217  lr 1.0e-04  fps   8871   430.2s
it 1481/4000  reward     nan  ep_len    nan  fell    0  err_xy 0.226  std 0.217  lr 1.0e-04  fps   8250   430.4s
it 1482/4000  reward     nan  ep_len    nan  fell    0  err_xy 0.220  std 0.217  lr 1.0e-04  fps   8744   430.7s
it 1483/4000  reward     nan  ep_len    nan  fell    0  err_xy 0.172  std 0.217  lr 1.0e-04  fps   8780   431.0s
it 1484/4000  reward     nan  ep_len    nan  fell    0  err_xy 0.176  std 0.217  lr 1.0e-04  fps   8824   431.2s
it 1485/4000  reward     nan  ep_len    nan  fell    0  err_xy 0.156  std 0.217  lr 1.0e-04  fps   8780   431.5s
it 1486/4000  reward     nan  ep_len    nan  fell    0  err_xy 0.143  std 0.217  lr 1.0e-04  fps   8608   431.8s
it 1487/4000  reward     nan  ep_len    nan  fell    0  err_xy 0.131  std 0.217  lr 1.0e-04  fps   8647   432.0s
it 1488/4000  reward     nan  ep_len    nan  fell    0  err_xy 0.118  std 0.217  lr 1.0e-04  fps   8631   432.3s
it 1489/4000  reward     nan  ep_len    nan  fell    0  err_xy 0.093  std 0.217  lr 1.0e-04  fps   8663   432.6s
it 1490/4000  reward     nan  ep_len    nan  fell    0  err_xy 0.086  std 0.217  lr 1.0e-04  fps   8607   432.8s
it 1491/4000  reward     nan  ep_len    nan  fell    0  err_xy 0.074  std 0.217  lr 1.0e-04  fps   8556   433.1s
it 1492/4000  reward     nan  ep_len    nan  fell    0  err_xy 0.071  std 0.217  lr 1.0e-04  fps   8514   433.4s
it 1493/4000  reward     nan  ep_len    nan  fell    0  err_xy 0.073  std 0.217  lr 1.0e-04  fps   8254   433.7s
it 1494/4000  reward     nan  ep_len    nan  fell    0  err_xy 0.076  std 0.217  lr 1.0e-04  fps   8333   433.9s
it 1495/4000  reward     nan  ep_len    nan  fell    0  err_xy 0.056  std 0.217  lr 1.0e-04  fps   8331   434.2s
it 1496/4000  reward     nan  ep_len    nan  fell    0  err_xy 0.064  std 0.217  lr 1.0e-04  fps   8149   434.5s
it 1497/4000  reward     nan  ep_len    nan  fell    0  err_xy 0.053  std 0.217  lr 1.0e-04  fps   8029   434.8s
it 1498/4000  reward     nan  ep_len    nan  fell    0  err_xy 0.050  std 0.217  lr 1.0e-04  fps   7574   435.1s
it 1499/4000  reward     nan  ep_len    nan  fell    0  err_xy 0.054  std 0.217  lr 1.0e-04  fps   8160   435.4s
it 1500/4000  reward     nan  ep_len    nan  fell    0  err_xy 0.055  std 0.217  lr 1.0e-04  fps   8235   435.6s
it 1501/4000  reward     nan  ep_len    nan  fell    0  err_xy 0.053  std 0.217  lr 1.0e-04  fps   8263   435.9s
it 1502/4000  reward     nan  ep_len    nan  fell    0  err_xy 0.040  std 0.217  lr 1.0e-04  fps   8139   436.2s
it 1503/4000  reward     nan  ep_len    nan  fell    0  err_xy 0.041  std 0.217  lr 1.0e-04  fps   8218   436.5s
it 1504/4000  reward     nan  ep_len    nan  fell    0  err_xy 0.045  std 0.217  lr 1.0e-04  fps   8263   436.8s
it 1505/4000  reward     nan  ep_len    nan  fell    0  err_xy 0.039  std 0.217  lr 1.0e-04  fps   8298   437.0s
it 1506/4000  reward     nan  ep_len    nan  fell    0  err_xy 0.038  std 0.217  lr 1.0e-04  fps   8266   437.3s
it 1507/4000  reward     nan  ep_len    nan  fell    0  err_xy 0.043  std 0.217  lr 1.0e-04  fps   8222   437.6s
it 1508/4000  reward     nan  ep_len    nan  fell    0  err_xy 0.046  std 0.217  lr 1.0e-04  fps   8179   437.9s
it 1509/4000  reward     nan  ep_len    nan  fell    0  err_xy 0.042  std 0.217  lr 1.0e-04  fps   8400   438.2s
it 1510/4000  reward     nan  ep_len    nan  fell    0  err_xy 0.041  std 0.217  lr 1.0e-04  fps   8485   438.4s
it 1511/4000  reward     nan  ep_len    nan  fell    0  err_xy 0.036  std 0.217  lr 1.0e-04  fps   8178   438.7s
it 1512/4000  reward     nan  ep_len    nan  fell    0  err_xy 0.038  std 0.217  lr 1.0e-04  fps   8314   439.0s
it 1513/4000  reward     nan  ep_len    nan  fell    0  err_xy 0.037  std 0.217  lr 1.0e-04  fps   8455   439.3s
it 1514/4000  reward  129.65  ep_len  908.0  fell    0  err_xy 0.174  std 0.217  lr 1.0e-04  fps   7255   439.6s
it 1515/4000  reward     nan  ep_len    nan  fell    0  err_xy 0.223  std 0.217  lr 1.0e-04  fps   8988   439.8s
it 1516/4000  reward     nan  ep_len    nan  fell    0  err_xy 0.202  std 0.217  lr 1.0e-04  fps   8897   440.1s
it 1517/4000  reward     nan  ep_len    nan  fell    0  err_xy 0.180  std 0.217  lr 1.0e-04  fps   8972   440.4s
it 1518/4000  reward     nan  ep_len    nan  fell    0  err_xy 0.169  std 0.217  lr 1.0e-04  fps   8893   440.6s
it 1519/4000  reward     nan  ep_len    nan  fell    0  err_xy 0.165  std 0.217  lr 1.0e-04  fps   8778   440.9s
it 1520/4000  reward     nan  ep_len    nan  fell    0  err_xy 0.149  std 0.217  lr 1.0e-04  fps   8699   441.1s
it 1521/4000  reward     nan  ep_len    nan  fell    0  err_xy 0.137  std 0.217  lr 1.0e-04  fps   8788   441.4s
it 1522/4000  reward     nan  ep_len    nan  fell    0  err_xy 0.112  std 0.217  lr 1.0e-04  fps   8780   441.7s
it 1523/4000  reward     nan  ep_len    nan  fell    0  err_xy 0.097  std 0.217  lr 1.0e-04  fps   8589   441.9s
it 1524/4000  reward     nan  ep_len    nan  fell    0  err_xy 0.095  std 0.217  lr 1.0e-04  fps   8610   442.2s
it 1525/4000  reward     nan  ep_len    nan  fell    0  err_xy 0.087  std 0.217  lr 1.0e-04  fps   8619   442.5s
it 1526/4000  reward     nan  ep_len    nan  fell    0  err_xy 0.085  std 0.217  lr 1.0e-04  fps   8525   442.7s
it 1527/4000  reward     nan  ep_len    nan  fell    0  err_xy 0.072  std 0.217  lr 1.0e-04  fps   7648   443.0s
it 1528/4000  reward     nan  ep_len    nan  fell    0  err_xy 0.060  std 0.217  lr 1.0e-04  fps   8308   443.3s
it 1529/4000  reward     nan  ep_len    nan  fell    0  err_xy 0.060  std 0.217  lr 1.0e-04  fps   8418   443.6s
it 1530/4000  reward     nan  ep_len    nan  fell    0  err_xy 0.059  std 0.217  lr 1.0e-04  fps   8288   443.9s
it 1531/4000  reward     nan  ep_len    nan  fell    0  err_xy 0.055  std 0.217  lr 1.0e-04  fps   8270   444.2s
it 1532/4000  reward     nan  ep_len    nan  fell    0  err_xy 0.046  std 0.217  lr 1.0e-04  fps   8417   444.4s
it 1533/4000  reward     nan  ep_len    nan  fell    0  err_xy 0.042  std 0.217  lr 1.0e-04  fps   8340   444.7s
it 1534/4000  reward     nan  ep_len    nan  fell    0  err_xy 0.046  std 0.217  lr 1.0e-04  fps   8307   445.0s
it 1535/4000  reward     nan  ep_len    nan  fell    0  err_xy 0.048  std 0.217  lr 1.0e-04  fps   8214   445.3s
it 1536/4000  reward     nan  ep_len    nan  fell    0  err_xy 0.039  std 0.217  lr 1.0e-04  fps   8374   445.5s
it 1537/4000  reward     nan  ep_len    nan  fell    0  err_xy 0.044  std 0.217  lr 1.0e-04  fps   8337   445.8s
it 1538/4000  reward     nan  ep_len    nan  fell    0  err_xy 0.036  std 0.217  lr 1.0e-04  fps   8361   446.1s
it 1539/4000  reward     nan  ep_len    nan  fell    0  err_xy 0.036  std 0.217  lr 1.0e-04  fps   8402   446.4s
it 1540/4000  reward     nan  ep_len    nan  fell    0  err_xy 0.038  std 0.217  lr 1.0e-04  fps   8324   446.6s
it 1541/4000  reward     nan  ep_len    nan  fell    0  err_xy 0.029  std 0.217  lr 1.0e-04  fps   8336   446.9s
it 1542/4000  reward     nan  ep_len    nan  fell    0  err_xy 0.031  std 0.217  lr 1.0e-04  fps   8358   447.2s
it 1543/4000  reward     nan  ep_len    nan  fell    0  err_xy 0.034  std 0.217  lr 1.0e-04  fps   8175   447.5s
it 1544/4000  reward     nan  ep_len    nan  fell    0  err_xy 0.025  std 0.217  lr 1.0e-04  fps   8327   447.8s
it 1545/4000  reward     nan  ep_len    nan  fell    0  err_xy 0.026  std 0.217  lr 1.0e-04  fps   8230   448.0s
it 1546/4000  reward     nan  ep_len    nan  fell    0  err_xy 0.026  std 0.217  lr 1.0e-04  fps   8253   448.3s
it 1547/4000  reward     nan  ep_len    nan  fell    0  err_xy 0.023  std 0.217  lr 1.0e-04  fps   8447   448.6s
it 1548/4000  reward     nan  ep_len    nan  fell    0  err_xy 0.028  std 0.217  lr 1.0e-04  fps   8366   448.9s
it 1549/4000  reward     nan  ep_len    nan  fell    0  err_xy 0.026  std 0.217  lr 1.0e-04  fps   8420   449.1s
it 1550/4000  reward     nan  ep_len    nan  fell    0  err_xy 0.022  std 0.217  lr 1.0e-04  fps   8466   449.4s
it 1551/4000  reward     nan  ep_len    nan  fell    0  err_xy 0.018  std 0.217  lr 1.0e-04  fps   8530   449.7s
it 1552/4000  reward  131.26  ep_len  908.0  fell    0  err_xy 0.204  std 0.217  lr 1.0e-04  fps   7188   450.0s
it 1553/4000  reward     nan  ep_len    nan  fell    0  err_xy 0.199  std 0.217  lr 1.0e-04  fps   9031   450.3s
it 1554/4000  reward     nan  ep_len    nan  fell    0  err_xy 0.204  std 0.217  lr 1.0e-04  fps   9024   450.5s
it 1555/4000  reward     nan  ep_len    nan  fell    0  err_xy 0.191  std 0.217  lr 1.0e-04  fps   8932   450.8s
it 1556/4000  reward     nan  ep_len    nan  fell    0  err_xy 0.168  std 0.217  lr 1.0e-04  fps   8882   451.0s
it 1557/4000  reward     nan  ep_len    nan  fell    0  err_xy 0.150  std 0.217  lr 1.0e-04  fps   8748   451.3s
it 1558/4000  reward     nan  ep_len    nan  fell    0  err_xy 0.119  std 0.217  lr 1.0e-04  fps   8674   451.6s
it 1559/4000  reward     nan  ep_len    nan  fell    0  err_xy 0.104  std 0.217  lr 1.0e-04  fps   8521   451.8s
it 1560/4000  reward     nan  ep_len    nan  fell    0  err_xy 0.092  std 0.217  lr 1.0e-04  fps   8599   452.1s
it 1561/4000  reward     nan  ep_len    nan  fell    0  err_xy 0.088  std 0.217  lr 1.0e-04  fps   8482   452.4s
it 1562/4000  reward     nan  ep_len    nan  fell    0  err_xy 0.063  std 0.217  lr 1.0e-04  fps   8553   452.6s
it 1563/4000  reward     nan  ep_len    nan  fell    0  err_xy 0.061  std 0.217  lr 1.0e-04  fps   8413   452.9s
it 1564/4000  reward     nan  ep_len    nan  fell    0  err_xy 0.067  std 0.217  lr 1.0e-04  fps   8142   453.2s
it 1565/4000  reward     nan  ep_len    nan  fell    0  err_xy 0.053  std 0.217  lr 1.0e-04  fps   8249   453.5s
it 1566/4000  reward     nan  ep_len    nan  fell    0  err_xy 0.049  std 0.217  lr 1.0e-04  fps   8363   453.8s
it 1567/4000  reward     nan  ep_len    nan  fell    0  err_xy 0.033  std 0.217  lr 1.0e-04  fps   8345   454.0s
it 1568/4000  reward     nan  ep_len    nan  fell    0  err_xy 0.030  std 0.217  lr 1.0e-04  fps   8269   454.3s
it 1569/4000  reward     nan  ep_len    nan  fell    0  err_xy 0.028  std 0.217  lr 1.0e-04  fps   8284   454.6s
it 1570/4000  reward     nan  ep_len    nan  fell    0  err_xy 0.029  std 0.217  lr 1.0e-04  fps   8164   454.9s
it 1571/4000  reward     nan  ep_len    nan  fell    0  err_xy 0.028  std 0.217  lr 1.0e-04  fps   8142   455.2s
it 1572/4000  reward     nan  ep_len    nan  fell    0  err_xy 0.024  std 0.217  lr 1.0e-04  fps   8219   455.4s
it 1573/4000  reward     nan  ep_len    nan  fell    0  err_xy 0.023  std 0.217  lr 1.0e-04  fps   8187   455.7s
it 1574/4000  reward     nan  ep_len    nan  fell    0  err_xy 0.021  std 0.217  lr 1.0e-04  fps   8159   456.0s
it 1575/4000  reward     nan  ep_len    nan  fell    0  err_xy 0.018  std 0.217  lr 1.0e-04  fps   8089   456.3s
it 1576/4000  reward     nan  ep_len    nan  fell    0  err_xy 0.016  std 0.217  lr 1.0e-04  fps   8092   456.6s
it 1577/4000  reward     nan  ep_len    nan  fell    0  err_xy 0.016  std 0.217  lr 1.0e-04  fps   8128   456.9s
it 1578/4000  reward     nan  ep_len    nan  fell    0  err_xy 0.013  std 0.217  lr 1.0e-04  fps   8077   457.1s
it 1579/4000  reward     nan  ep_len    nan  fell    0  err_xy 0.012  std 0.217  lr 1.0e-04  fps   8272   457.4s
it 1580/4000  reward     nan  ep_len    nan  fell    0  err_xy 0.012  std 0.217  lr 1.0e-04  fps   8350   457.7s
it 1581/4000  reward     nan  ep_len    nan  fell    0  err_xy 0.012  std 0.217  lr 1.0e-04  fps   8370   458.0s
it 1582/4000  reward     nan  ep_len    nan  fell    0  err_xy 0.013  std 0.216  lr 1.0e-04  fps   8191   458.2s
it 1583/4000  reward     nan  ep_len    nan  fell    0  err_xy 0.012  std 0.217  lr 1.0e-04  fps   8225   458.5s
it 1584/4000  reward     nan  ep_len    nan  fell    0  err_xy 0.012  std 0.217  lr 1.0e-04  fps   8110   458.8s
it 1585/4000  reward     nan  ep_len    nan  fell    0  err_xy 0.013  std 0.217  lr 1.0e-04  fps   7936   459.1s
it 1586/4000  reward     nan  ep_len    nan  fell    0  err_xy 0.016  std 0.217  lr 1.0e-04  fps   8313   459.4s
it 1587/4000  reward     nan  ep_len    nan  fell    0  err_xy 0.013  std 0.217  lr 1.0e-04  fps   8360   459.7s
it 1588/4000  reward     nan  ep_len    nan  fell    0  err_xy 0.010  std 0.217  lr 1.0e-04  fps   7508   460.0s
it 1589/4000  reward  136.59  ep_len  908.0  fell    0  err_xy 0.010  std 0.217  lr 1.0e-04  fps   6976   460.3s
it 1590/4000  reward     nan  ep_len    nan  fell    0  err_xy 0.237  std 0.217  lr 1.0e-04  fps   8595   460.6s
it 1591/4000  reward     nan  ep_len    nan  fell    0  err_xy 0.201  std 0.217  lr 1.0e-04  fps   8692   460.8s
it 1592/4000  reward     nan  ep_len    nan  fell    0  err_xy 0.190  std 0.217  lr 1.0e-04  fps   8912   461.1s
it 1593/4000  reward     nan  ep_len    nan  fell    0  err_xy 0.186  std 0.217  lr 1.0e-04  fps   8845   461.3s
it 1594/4000  reward     nan  ep_len    nan  fell    0  err_xy 0.151  std 0.217  lr 1.0e-04  fps   8733   461.6s
it 1595/4000  reward     nan  ep_len    nan  fell    0  err_xy 0.120  std 0.217  lr 1.0e-04  fps   8517   461.9s
it 1596/4000  reward     nan  ep_len    nan  fell    0  err_xy 0.093  std 0.217  lr 1.0e-04  fps   8559   462.2s
it 1597/4000  reward     nan  ep_len    nan  fell    0  err_xy 0.074  std 0.217  lr 1.0e-04  fps   8579   462.4s
it 1598/4000  reward     nan  ep_len    nan  fell    0  err_xy 0.054  std 0.217  lr 1.0e-04  fps   8434   462.7s
it 1599/4000  reward     nan  ep_len    nan  fell    0  err_xy 0.068  std 0.217  lr 1.0e-04  fps   8419   463.0s
it 1600/4000  reward     nan  ep_len    nan  fell    0  err_xy 0.061  std 0.217  lr 1.0e-04  fps   8316   463.2s
eval iteration 1600:
  prone          success   0.0%  time 18.16s  peak_τ 0.96 Nm  return 140.24
  supine         success   0.0%  time 18.16s  peak_τ 0.95 Nm  return 152.50
  score 0.000
it 1601/4000  reward     nan  ep_len    nan  fell    0  err_xy 0.064  std 0.217  lr 1.0e-04  fps   8354   467.8s
it 1602/4000  reward     nan  ep_len    nan  fell    0  err_xy 0.055  std 0.217  lr 1.0e-04  fps   8545   468.0s
it 1603/4000  reward     nan  ep_len    nan  fell    0  err_xy 0.051  std 0.217  lr 1.0e-04  fps   7565   468.3s
it 1604/4000  reward     nan  ep_len    nan  fell    0  err_xy 0.047  std 0.217  lr 1.0e-04  fps   8446   468.6s
it 1605/4000  reward     nan  ep_len    nan  fell    0  err_xy 0.038  std 0.217  lr 1.0e-04  fps   8511   468.9s
it 1606/4000  reward     nan  ep_len    nan  fell    0  err_xy 0.036  std 0.217  lr 1.0e-04  fps   8477   469.1s
it 1607/4000  reward     nan  ep_len    nan  fell    0  err_xy 0.031  std 0.217  lr 1.0e-04  fps   8507   469.4s
it 1608/4000  reward     nan  ep_len    nan  fell    0  err_xy 0.025  std 0.217  lr 1.0e-04  fps   8391   469.7s
it 1609/4000  reward     nan  ep_len    nan  fell    0  err_xy 0.031  std 0.217  lr 1.0e-04  fps   8541   470.0s
it 1610/4000  reward     nan  ep_len    nan  fell    0  err_xy 0.025  std 0.217  lr 1.0e-04  fps   8505   470.2s
it 1611/4000  reward     nan  ep_len    nan  fell    0  err_xy 0.025  std 0.217  lr 1.0e-04  fps   8526   470.5s
it 1612/4000  reward     nan  ep_len    nan  fell    0  err_xy 0.028  std 0.217  lr 1.0e-04  fps   8419   470.8s
it 1613/4000  reward     nan  ep_len    nan  fell    0  err_xy 0.024  std 0.217  lr 1.0e-04  fps   8461   471.0s
it 1614/4000  reward     nan  ep_len    nan  fell    0  err_xy 0.017  std 0.217  lr 1.0e-04  fps   8395   471.3s
it 1615/4000  reward     nan  ep_len    nan  fell    0  err_xy 0.019  std 0.217  lr 1.0e-04  fps   8438   471.6s
it 1616/4000  reward     nan  ep_len    nan  fell    0  err_xy 0.016  std 0.217  lr 1.0e-04  fps   8501   471.9s
it 1617/4000  reward     nan  ep_len    nan  fell    0  err_xy 0.012  std 0.216  lr 1.0e-04  fps   8449   472.1s
it 1618/4000  reward     nan  ep_len    nan  fell    0  err_xy 0.016  std 0.216  lr 1.0e-04  fps   8472   472.4s
it 1619/4000  reward     nan  ep_len    nan  fell    0  err_xy 0.014  std 0.216  lr 1.0e-04  fps   8443   472.7s
it 1620/4000  reward     nan  ep_len    nan  fell    0  err_xy 0.017  std 0.216  lr 1.0e-04  fps   8430   473.0s
it 1621/4000  reward     nan  ep_len    nan  fell    0  err_xy 0.013  std 0.216  lr 1.0e-04  fps   8493   473.2s
it 1622/4000  reward     nan  ep_len    nan  fell    0  err_xy 0.013  std 0.216  lr 1.0e-04  fps   8428   473.5s
it 1623/4000  reward     nan  ep_len    nan  fell    0  err_xy 0.012  std 0.216  lr 1.0e-04  fps   8274   473.8s
it 1624/4000  reward     nan  ep_len    nan  fell    0  err_xy 0.014  std 0.216  lr 1.0e-04  fps   8248   474.1s
it 1625/4000  reward     nan  ep_len    nan  fell    0  err_xy 0.011  std 0.216  lr 1.0e-04  fps   8176   474.3s
it 1626/4000  reward     nan  ep_len    nan  fell    0  err_xy 0.010  std 0.216  lr 1.0e-04  fps   7859   474.6s
it 1627/4000  reward  137.87  ep_len  908.0  fell    0  err_xy 0.039  std 0.216  lr 1.0e-04  fps   6629   475.0s
it 1628/4000  reward     nan  ep_len    nan  fell    0  err_xy 0.256  std 0.217  lr 1.0e-04  fps   8965   475.2s
it 1629/4000  reward     nan  ep_len    nan  fell    0  err_xy 0.218  std 0.217  lr 1.0e-04  fps   9103   475.5s
it 1630/4000  reward     nan  ep_len    nan  fell    0  err_xy 0.215  std 0.217  lr 1.0e-04  fps   8889   475.8s
it 1631/4000  reward     nan  ep_len    nan  fell    0  err_xy 0.221  std 0.217  lr 1.0e-04  fps   8693   476.0s
it 1632/4000  reward     nan  ep_len    nan  fell    0  err_xy 0.236  std 0.217  lr 1.0e-04  fps   8489   476.3s
it 1633/4000  reward     nan  ep_len    nan  fell    0  err_xy 0.198  std 0.217  lr 1.0e-04  fps   8823   476.6s
it 1634/4000  reward     nan  ep_len    nan  fell    0  err_xy 0.163  std 0.217  lr 1.0e-04  fps   8892   476.8s
it 1635/4000  reward     nan  ep_len    nan  fell    0  err_xy 0.109  std 0.217  lr 1.0e-04  fps   8875   477.1s
it 1636/4000  reward     nan  ep_len    nan  fell    0  err_xy 0.096  std 0.217  lr 1.0e-04  fps   8807   477.3s
it 1637/4000  reward     nan  ep_len    nan  fell    0  err_xy 0.079  std 0.217  lr 1.0e-04  fps   8787   477.6s
it 1638/4000  reward     nan  ep_len    nan  fell    0  err_xy 0.078  std 0.217  lr 1.0e-04  fps   8665   477.9s
it 1639/4000  reward     nan  ep_len    nan  fell    0  err_xy 0.060  std 0.217  lr 1.0e-04  fps   8516   478.1s
it 1640/4000  reward     nan  ep_len    nan  fell    0  err_xy 0.059  std 0.217  lr 1.0e-04  fps   8307   478.4s
it 1641/4000  reward     nan  ep_len    nan  fell    0  err_xy 0.041  std 0.217  lr 1.0e-04  fps   8254   478.7s
it 1642/4000  reward     nan  ep_len    nan  fell    0  err_xy 0.053  std 0.217  lr 1.0e-04  fps   8472   479.0s
it 1643/4000  reward     nan  ep_len    nan  fell    0  err_xy 0.054  std 0.217  lr 1.0e-04  fps   8558   479.2s
it 1644/4000  reward     nan  ep_len    nan  fell    0  err_xy 0.051  std 0.217  lr 1.0e-04  fps   8462   479.5s
it 1645/4000  reward     nan  ep_len    nan  fell    0  err_xy 0.043  std 0.217  lr 1.0e-04  fps   8539   479.8s
it 1646/4000  reward     nan  ep_len    nan  fell    0  err_xy 0.040  std 0.217  lr 1.0e-04  fps   8493   480.1s
it 1647/4000  reward     nan  ep_len    nan  fell    0  err_xy 0.042  std 0.217  lr 1.0e-04  fps   8511   480.3s
it 1648/4000  reward     nan  ep_len    nan  fell    0  err_xy 0.037  std 0.217  lr 1.0e-04  fps   8472   480.6s
it 1649/4000  reward     nan  ep_len    nan  fell    0  err_xy 0.034  std 0.217  lr 1.0e-04  fps   8481   480.9s
it 1650/4000  reward     nan  ep_len    nan  fell    0  err_xy 0.031  std 0.217  lr 1.0e-04  fps   8366   481.1s
it 1651/4000  reward     nan  ep_len    nan  fell    0  err_xy 0.037  std 0.217  lr 1.0e-04  fps   8399   481.4s
it 1652/4000  reward     nan  ep_len    nan  fell    0  err_xy 0.026  std 0.217  lr 1.0e-04  fps   8465   481.7s
it 1653/4000  reward     nan  ep_len    nan  fell    0  err_xy 0.024  std 0.217  lr 1.0e-04  fps   8375   482.0s
it 1654/4000  reward     nan  ep_len    nan  fell    0  err_xy 0.027  std 0.217  lr 1.0e-04  fps   8294   482.2s
it 1655/4000  reward     nan  ep_len    nan  fell    0  err_xy 0.024  std 0.217  lr 1.0e-04  fps   8436   482.5s
it 1656/4000  reward     nan  ep_len    nan  fell    0  err_xy 0.019  std 0.217  lr 1.0e-04  fps   8216   482.8s
it 1657/4000  reward     nan  ep_len    nan  fell    0  err_xy 0.018  std 0.217  lr 1.0e-04  fps   8124   483.1s
it 1658/4000  reward     nan  ep_len    nan  fell    0  err_xy 0.018  std 0.217  lr 1.0e-04  fps   8297   483.4s
it 1659/4000  reward     nan  ep_len    nan  fell    0  err_xy 0.022  std 0.217  lr 1.0e-04  fps   8243   483.6s
it 1660/4000  reward     nan  ep_len    nan  fell    0  err_xy 0.022  std 0.217  lr 1.0e-04  fps   8130   483.9s
it 1661/4000  reward     nan  ep_len    nan  fell    0  err_xy 0.018  std 0.217  lr 1.0e-04  fps   8113   484.2s
it 1662/4000  reward     nan  ep_len    nan  fell    0  err_xy 0.017  std 0.217  lr 1.0e-04  fps   8214   484.5s
it 1663/4000  reward     nan  ep_len    nan  fell    0  err_xy 0.016  std 0.217  lr 1.0e-04  fps   8349   484.8s
it 1664/4000  reward     nan  ep_len    nan  fell    0  err_xy 0.014  std 0.217  lr 1.0e-04  fps   7826   485.1s
it 1665/4000  reward  131.40  ep_len  908.0  fell    0  err_xy 0.078  std 0.217  lr 1.0e-04  fps   6964   485.4s
it 1666/4000  reward     nan  ep_len    nan  fell    0  err_xy 0.256  std 0.217  lr 1.0e-04  fps   9050   485.6s
it 1667/4000  reward     nan  ep_len    nan  fell    0  err_xy 0.203  std 0.217  lr 1.0e-04  fps   9018   485.9s
it 1668/4000  reward     nan  ep_len    nan  fell    0  err_xy 0.188  std 0.217  lr 1.0e-04  fps   9062   486.2s
it 1669/4000  reward     nan  ep_len    nan  fell    0  err_xy 0.197  std 0.217  lr 1.0e-04  fps   9052   486.4s
it 1670/4000  reward     nan  ep_len    nan  fell    0  err_xy 0.182  std 0.217  lr 1.0e-04  fps   8913   486.7s
it 1671/4000  reward     nan  ep_len    nan  fell    0  err_xy 0.173  std 0.217  lr 1.0e-04  fps   8879   486.9s
it 1672/4000  reward     nan  ep_len    nan  fell    0  err_xy 0.154  std 0.217  lr 1.0e-04  fps   8860   487.2s
it 1673/4000  reward     nan  ep_len    nan  fell    0  err_xy 0.135  std 0.217  lr 1.0e-04  fps   8866   487.4s
it 1674/4000  reward     nan  ep_len    nan  fell    0  err_xy 0.095  std 0.217  lr 1.0e-04  fps   8802   487.7s
it 1675/4000  reward     nan  ep_len    nan  fell    0  err_xy 0.092  std 0.217  lr 1.0e-04  fps   8682   488.0s
it 1676/4000  reward     nan  ep_len    nan  fell    0  err_xy 0.084  std 0.217  lr 1.0e-04  fps   8716   488.2s
it 1677/4000  reward     nan  ep_len    nan  fell    0  err_xy 0.072  std 0.217  lr 1.0e-04  fps   8739   488.5s
it 1678/4000  reward     nan  ep_len    nan  fell    0  err_xy 0.067  std 0.217  lr 1.0e-04  fps   8679   488.8s
it 1679/4000  reward     nan  ep_len    nan  fell    0  err_xy 0.064  std 0.217  lr 1.0e-04  fps   8520   489.0s
it 1680/4000  reward     nan  ep_len    nan  fell    0  err_xy 0.064  std 0.217  lr 1.0e-04  fps   8640   489.3s
it 1681/4000  reward     nan  ep_len    nan  fell    0  err_xy 0.054  std 0.217  lr 1.0e-04  fps   8583   489.6s
it 1682/4000  reward     nan  ep_len    nan  fell    0  err_xy 0.060  std 0.217  lr 1.0e-04  fps   8458   489.9s
it 1683/4000  reward     nan  ep_len    nan  fell    0  err_xy 0.070  std 0.217  lr 1.0e-04  fps   8535   490.1s
it 1684/4000  reward     nan  ep_len    nan  fell    0  err_xy 0.056  std 0.217  lr 1.0e-04  fps   7514   490.4s
it 1685/4000  reward     nan  ep_len    nan  fell    0  err_xy 0.059  std 0.217  lr 1.0e-04  fps   7090   490.8s
it 1686/4000  reward     nan  ep_len    nan  fell    0  err_xy 0.044  std 0.217  lr 1.0e-04  fps   8499   491.0s
it 1687/4000  reward     nan  ep_len    nan  fell    0  err_xy 0.044  std 0.217  lr 1.0e-04  fps   8344   491.3s
it 1688/4000  reward     nan  ep_len    nan  fell    0  err_xy 0.041  std 0.217  lr 1.0e-04  fps   8437   491.6s
it 1689/4000  reward     nan  ep_len    nan  fell    0  err_xy 0.033  std 0.217  lr 1.0e-04  fps   8376   491.8s
it 1690/4000  reward     nan  ep_len    nan  fell    0  err_xy 0.026  std 0.217  lr 1.0e-04  fps   8408   492.1s
it 1691/4000  reward     nan  ep_len    nan  fell    0  err_xy 0.023  std 0.217  lr 1.0e-04  fps   7498   492.4s
it 1692/4000  reward     nan  ep_len    nan  fell    0  err_xy 0.022  std 0.217  lr 1.0e-04  fps   8455   492.7s
it 1693/4000  reward     nan  ep_len    nan  fell    0  err_xy 0.016  std 0.217  lr 1.0e-04  fps   8477   493.0s
it 1694/4000  reward     nan  ep_len    nan  fell    0  err_xy 0.013  std 0.217  lr 1.0e-04  fps   8383   493.3s
it 1695/4000  reward     nan  ep_len    nan  fell    0  err_xy 0.014  std 0.217  lr 1.0e-04  fps   8466   493.5s
it 1696/4000  reward     nan  ep_len    nan  fell    0  err_xy 0.014  std 0.217  lr 1.0e-04  fps   8379   493.8s
it 1697/4000  reward     nan  ep_len    nan  fell    0  err_xy 0.014  std 0.217  lr 1.0e-04  fps   8363   494.1s
it 1698/4000  reward     nan  ep_len    nan  fell    0  err_xy 0.014  std 0.217  lr 1.0e-04  fps   8327   494.4s
it 1699/4000  reward     nan  ep_len    nan  fell    0  err_xy 0.014  std 0.217  lr 1.0e-04  fps   8360   494.6s
it 1700/4000  reward     nan  ep_len    nan  fell    0  err_xy 0.014  std 0.217  lr 1.0e-04  fps   8258   494.9s
it 1701/4000  reward     nan  ep_len    nan  fell    0  err_xy 0.013  std 0.217  lr 1.0e-04  fps   8173   495.2s
it 1702/4000  reward     nan  ep_len    nan  fell    0  err_xy 0.012  std 0.217  lr 1.0e-04  fps   8220   495.5s
it 1703/4000  reward  126.56  ep_len  908.0  fell    0  err_xy 0.114  std 0.217  lr 1.0e-04  fps   7048   495.8s
it 1704/4000  reward     nan  ep_len    nan  fell    0  err_xy 0.220  std 0.217  lr 1.0e-04  fps   8798   496.1s
it 1705/4000  reward     nan  ep_len    nan  fell    0  err_xy 0.212  std 0.217  lr 1.0e-04  fps   8124   496.3s
it 1706/4000  reward     nan  ep_len    nan  fell    0  err_xy 0.208  std 0.217  lr 1.0e-04  fps   8999   496.6s
it 1707/4000  reward     nan  ep_len    nan  fell    0  err_xy 0.188  std 0.217  lr 1.0e-04  fps   8956   496.9s
it 1708/4000  reward     nan  ep_len    nan  fell    0  err_xy 0.169  std 0.217  lr 1.0e-04  fps   8908   497.1s
it 1709/4000  reward     nan  ep_len    nan  fell    0  err_xy 0.144  std 0.217  lr 1.0e-04  fps   8714   497.4s
it 1710/4000  reward     nan  ep_len    nan  fell    0  err_xy 0.122  std 0.217  lr 1.0e-04  fps   8819   497.6s
it 1711/4000  reward     nan  ep_len    nan  fell    0  err_xy 0.115  std 0.217  lr 1.0e-04  fps   8776   497.9s
it 1712/4000  reward     nan  ep_len    nan  fell    0  err_xy 0.091  std 0.217  lr 1.0e-04  fps   8744   498.2s
it 1713/4000  reward     nan  ep_len    nan  fell    0  err_xy 0.077  std 0.217  lr 1.0e-04  fps   8627   498.4s
it 1714/4000  reward     nan  ep_len    nan  fell    0  err_xy 0.062  std 0.217  lr 1.0e-04  fps   8536   498.7s
it 1715/4000  reward     nan  ep_len    nan  fell    0  err_xy 0.051  std 0.217  lr 1.0e-04  fps   8649   499.0s
it 1716/4000  reward     nan  ep_len    nan  fell    0  err_xy 0.039  std 0.217  lr 1.0e-04  fps   8622   499.2s
it 1717/4000  reward     nan  ep_len    nan  fell    0  err_xy 0.035  std 0.217  lr 1.0e-04  fps   8460   499.5s
it 1718/4000  reward     nan  ep_len    nan  fell    0  err_xy 0.033  std 0.217  lr 1.0e-04  fps   8517   499.8s
it 1719/4000  reward     nan  ep_len    nan  fell    0  err_xy 0.027  std 0.217  lr 1.0e-04  fps   8455   500.1s
it 1720/4000  reward     nan  ep_len    nan  fell    0  err_xy 0.023  std 0.217  lr 1.0e-04  fps   8473   500.3s
it 1721/4000  reward     nan  ep_len    nan  fell    0  err_xy 0.021  std 0.217  lr 1.0e-04  fps   8438   500.6s
it 1722/4000  reward     nan  ep_len    nan  fell    0  err_xy 0.019  std 0.217  lr 1.0e-04  fps   8450   500.9s
it 1723/4000  reward     nan  ep_len    nan  fell    0  err_xy 0.016  std 0.217  lr 1.0e-04  fps   8477   501.1s
it 1724/4000  reward     nan  ep_len    nan  fell    0  err_xy 0.018  std 0.217  lr 1.0e-04  fps   8441   501.4s
it 1725/4000  reward     nan  ep_len    nan  fell    0  err_xy 0.018  std 0.217  lr 1.0e-04  fps   8369   501.7s
it 1726/4000  reward     nan  ep_len    nan  fell    0  err_xy 0.018  std 0.217  lr 1.0e-04  fps   8312   502.0s
it 1727/4000  reward     nan  ep_len    nan  fell    0  err_xy 0.016  std 0.217  lr 1.0e-04  fps   8307   502.3s
it 1728/4000  reward     nan  ep_len    nan  fell    0  err_xy 0.015  std 0.216  lr 1.0e-04  fps   8264   502.5s
it 1729/4000  reward     nan  ep_len    nan  fell    0  err_xy 0.016  std 0.216  lr 1.0e-04  fps   8117   502.8s
it 1730/4000  reward     nan  ep_len    nan  fell    0  err_xy 0.014  std 0.216  lr 1.0e-04  fps   7732   503.1s
it 1731/4000  reward     nan  ep_len    nan  fell    0  err_xy 0.013  std 0.216  lr 1.0e-04  fps   5271   503.6s
it 1732/4000  reward     nan  ep_len    nan  fell    0  err_xy 0.012  std 0.216  lr 1.0e-04  fps   6575   503.9s
it 1733/4000  reward     nan  ep_len    nan  fell    0  err_xy 0.011  std 0.216  lr 1.0e-04  fps   7636   504.2s
it 1734/4000  reward     nan  ep_len    nan  fell    0  err_xy 0.011  std 0.216  lr 1.0e-04  fps   7935   504.5s
it 1735/4000  reward     nan  ep_len    nan  fell    0  err_xy 0.010  std 0.216  lr 1.0e-04  fps   7993   504.8s
it 1736/4000  reward     nan  ep_len    nan  fell    0  err_xy 0.010  std 0.216  lr 1.0e-04  fps   7448   505.1s
it 1737/4000  reward     nan  ep_len    nan  fell    0  err_xy 0.009  std 0.216  lr 1.0e-04  fps   7941   505.4s
it 1738/4000  reward     nan  ep_len    nan  fell    0  err_xy 0.009  std 0.216  lr 1.0e-04  fps   8011   505.7s
it 1739/4000  reward     nan  ep_len    nan  fell    0  err_xy 0.009  std 0.216  lr 1.0e-04  fps   8009   506.0s
it 1740/4000  reward     nan  ep_len    nan  fell    0  err_xy 0.009  std 0.216  lr 1.0e-04  fps   8017   506.2s
it 1741/4000  reward  133.71  ep_len  908.0  fell    0  err_xy 0.169  std 0.216  lr 1.0e-04  fps   7003   506.6s
it 1742/4000  reward     nan  ep_len    nan  fell    0  err_xy 0.224  std 0.216  lr 1.0e-04  fps   8395   506.9s
it 1743/4000  reward     nan  ep_len    nan  fell    0  err_xy 0.218  std 0.216  lr 1.0e-04  fps   8950   507.1s
it 1744/4000  reward     nan  ep_len    nan  fell    0  err_xy 0.220  std 0.216  lr 1.0e-04  fps   8809   507.4s
it 1745/4000  reward     nan  ep_len    nan  fell    0  err_xy 0.209  std 0.216  lr 1.0e-04  fps   8683   507.6s
it 1746/4000  reward     nan  ep_len    nan  fell    0  err_xy 0.189  std 0.216  lr 1.0e-04  fps   8793   507.9s
it 1747/4000  reward     nan  ep_len    nan  fell    0  err_xy 0.156  std 0.216  lr 1.0e-04  fps   8629   508.2s
it 1748/4000  reward     nan  ep_len    nan  fell    0  err_xy 0.142  std 0.216  lr 1.0e-04  fps   8749   508.4s
it 1749/4000  reward     nan  ep_len    nan  fell    0  err_xy 0.120  std 0.216  lr 1.0e-04  fps   8492   508.7s
it 1750/4000  reward     nan  ep_len    nan  fell    0  err_xy 0.109  std 0.216  lr 1.0e-04  fps   8458   509.0s
it 1751/4000  reward     nan  ep_len    nan  fell    0  err_xy 0.093  std 0.216  lr 1.0e-04  fps   8173   509.3s
it 1752/4000  reward     nan  ep_len    nan  fell    0  err_xy 0.081  std 0.217  lr 1.0e-04  fps   8016   509.5s
it 1753/4000  reward     nan  ep_len    nan  fell    0  err_xy 0.077  std 0.217  lr 1.0e-04  fps   8343   509.8s
it 1754/4000  reward     nan  ep_len    nan  fell    0  err_xy 0.056  std 0.217  lr 1.0e-04  fps   8412   510.1s
it 1755/4000  reward     nan  ep_len    nan  fell    0  err_xy 0.059  std 0.216  lr 1.0e-04  fps   8403   510.4s
it 1756/4000  reward     nan  ep_len    nan  fell    0  err_xy 0.044  std 0.216  lr 1.0e-04  fps   8340   510.6s
it 1757/4000  reward     nan  ep_len    nan  fell    0  err_xy 0.039  std 0.216  lr 1.0e-04  fps   7377   511.0s
it 1758/4000  reward     nan  ep_len    nan  fell    0  err_xy 0.037  std 0.216  lr 1.0e-04  fps   8006   511.2s
it 1759/4000  reward     nan  ep_len    nan  fell    0  err_xy 0.034  std 0.216  lr 1.0e-04  fps   8454   511.5s
it 1760/4000  reward     nan  ep_len    nan  fell    0  err_xy 0.028  std 0.216  lr 1.0e-04  fps   8499   511.8s
it 1761/4000  reward     nan  ep_len    nan  fell    0  err_xy 0.027  std 0.216  lr 1.0e-04  fps   8478   512.1s
it 1762/4000  reward     nan  ep_len    nan  fell    0  err_xy 0.023  std 0.216  lr 1.0e-04  fps   8574   512.3s
it 1763/4000  reward     nan  ep_len    nan  fell    0  err_xy 0.020  std 0.216  lr 1.0e-04  fps   8396   512.6s
it 1764/4000  reward     nan  ep_len    nan  fell    0  err_xy 0.016  std 0.216  lr 1.0e-04  fps   8502   512.9s
it 1765/4000  reward     nan  ep_len    nan  fell    0  err_xy 0.014  std 0.216  lr 1.0e-04  fps   8385   513.2s
it 1766/4000  reward     nan  ep_len    nan  fell    0  err_xy 0.015  std 0.216  lr 1.0e-04  fps   8507   513.4s
it 1767/4000  reward     nan  ep_len    nan  fell    0  err_xy 0.013  std 0.216  lr 1.0e-04  fps   8556   513.7s
it 1768/4000  reward     nan  ep_len    nan  fell    0  err_xy 0.011  std 0.216  lr 1.0e-04  fps   8555   514.0s
it 1769/4000  reward     nan  ep_len    nan  fell    0  err_xy 0.011  std 0.216  lr 1.0e-04  fps   8609   514.2s
it 1770/4000  reward     nan  ep_len    nan  fell    0  err_xy 0.014  std 0.216  lr 1.0e-04  fps   8597   514.5s
it 1771/4000  reward     nan  ep_len    nan  fell    0  err_xy 0.016  std 0.216  lr 1.0e-04  fps   8490   514.8s
it 1772/4000  reward     nan  ep_len    nan  fell    0  err_xy 0.016  std 0.216  lr 1.0e-04  fps   8611   515.0s
it 1773/4000  reward     nan  ep_len    nan  fell    0  err_xy 0.016  std 0.216  lr 1.0e-04  fps   8557   515.3s
it 1774/4000  reward     nan  ep_len    nan  fell    0  err_xy 0.015  std 0.216  lr 1.0e-04  fps   7674   515.6s
it 1775/4000  reward     nan  ep_len    nan  fell    0  err_xy 0.014  std 0.216  lr 1.0e-04  fps   7075   515.9s
it 1776/4000  reward     nan  ep_len    nan  fell    0  err_xy 0.015  std 0.216  lr 1.0e-04  fps   7605   516.2s
it 1777/4000  reward     nan  ep_len    nan  fell    0  err_xy 0.013  std 0.216  lr 1.0e-04  fps   8277   516.5s
it 1778/4000  reward     nan  ep_len    nan  fell    0  err_xy 0.012  std 0.216  lr 1.0e-04  fps   8356   516.8s
it 1779/4000  reward  131.05  ep_len  908.0  fell    0  err_xy 0.203  std 0.216  lr 1.0e-04  fps   6720   517.1s
it 1780/4000  reward     nan  ep_len    nan  fell    0  err_xy 0.206  std 0.216  lr 1.0e-04  fps   8516   517.4s
it 1781/4000  reward     nan  ep_len    nan  fell    0  err_xy 0.209  std 0.216  lr 1.0e-04  fps   7732   517.7s
it 1782/4000  reward     nan  ep_len    nan  fell    0  err_xy 0.225  std 0.216  lr 1.0e-04  fps   7703   518.0s
it 1783/4000  reward     nan  ep_len    nan  fell    0  err_xy 0.240  std 0.216  lr 1.0e-04  fps   7298   518.3s
it 1784/4000  reward     nan  ep_len    nan  fell    0  err_xy 0.239  std 0.216  lr 1.0e-04  fps   7783   518.6s
it 1785/4000  reward     nan  ep_len    nan  fell    0  err_xy 0.213  std 0.216  lr 1.0e-04  fps   8052   518.9s
it 1786/4000  reward     nan  ep_len    nan  fell    0  err_xy 0.180  std 0.216  lr 1.0e-04  fps   8120   519.2s
it 1787/4000  reward     nan  ep_len    nan  fell    0  err_xy 0.165  std 0.216  lr 1.0e-04  fps   8275   519.5s
it 1788/4000  reward     nan  ep_len    nan  fell    0  err_xy 0.155  std 0.217  lr 1.0e-04  fps   8445   519.7s
it 1789/4000  reward     nan  ep_len    nan  fell    0  err_xy 0.125  std 0.216  lr 1.0e-04  fps   8627   520.0s
it 1790/4000  reward     nan  ep_len    nan  fell    0  err_xy 0.110  std 0.217  lr 1.0e-04  fps   8627   520.3s
it 1791/4000  reward     nan  ep_len    nan  fell    0  err_xy 0.095  std 0.217  lr 1.0e-04  fps   8588   520.5s
it 1792/4000  reward     nan  ep_len    nan  fell    0  err_xy 0.084  std 0.217  lr 1.0e-04  fps   8577   520.8s
it 1793/4000  reward     nan  ep_len    nan  fell    0  err_xy 0.076  std 0.217  lr 1.0e-04  fps   8353   521.1s
it 1794/4000  reward     nan  ep_len    nan  fell    0  err_xy 0.055  std 0.217  lr 1.0e-04  fps   8514   521.4s
it 1795/4000  reward     nan  ep_len    nan  fell    0  err_xy 0.053  std 0.217  lr 1.0e-04  fps   8414   521.6s
it 1796/4000  reward     nan  ep_len    nan  fell    0  err_xy 0.055  std 0.216  lr 1.0e-04  fps   7781   521.9s
it 1797/4000  reward     nan  ep_len    nan  fell    0  err_xy 0.057  std 0.216  lr 1.0e-04  fps   7644   522.2s
it 1798/4000  reward     nan  ep_len    nan  fell    0  err_xy 0.044  std 0.217  lr 1.0e-04  fps   8274   522.5s
it 1799/4000  reward     nan  ep_len    nan  fell    0  err_xy 0.042  std 0.217  lr 1.0e-04  fps   8342   522.8s
it 1800/4000  reward     nan  ep_len    nan  fell    0  err_xy 0.040  std 0.217  lr 1.0e-04  fps   8343   523.1s
eval iteration 1800:
  prone          success   0.0%  time 18.16s  peak_τ 0.96 Nm  return 147.89
  supine         success   0.0%  time 18.16s  peak_τ 0.94 Nm  return 142.74
  score 0.000
it 1801/4000  reward     nan  ep_len    nan  fell    0  err_xy 0.049  std 0.217  lr 1.0e-04  fps   8438   527.5s
it 1802/4000  reward     nan  ep_len    nan  fell    0  err_xy 0.050  std 0.217  lr 1.0e-04  fps   8465   527.7s
it 1803/4000  reward     nan  ep_len    nan  fell    0  err_xy 0.040  std 0.217  lr 1.0e-04  fps   8386   528.0s
it 1804/4000  reward     nan  ep_len    nan  fell    0  err_xy 0.037  std 0.217  lr 1.0e-04  fps   8329   528.3s
it 1805/4000  reward     nan  ep_len    nan  fell    0  err_xy 0.039  std 0.217  lr 1.0e-04  fps   8477   528.6s
it 1806/4000  reward     nan  ep_len    nan  fell    0  err_xy 0.039  std 0.217  lr 1.0e-04  fps   8553   528.8s
it 1807/4000  reward     nan  ep_len    nan  fell    0  err_xy 0.039  std 0.217  lr 1.0e-04  fps   8408   529.1s
it 1808/4000  reward     nan  ep_len    nan  fell    0  err_xy 0.035  std 0.217  lr 1.0e-04  fps   8303   529.4s
it 1809/4000  reward     nan  ep_len    nan  fell    0  err_xy 0.031  std 0.217  lr 1.0e-04  fps   8333   529.7s
it 1810/4000  reward     nan  ep_len    nan  fell    0  err_xy 0.029  std 0.216  lr 1.0e-04  fps   8278   529.9s
it 1811/4000  reward     nan  ep_len    nan  fell    0  err_xy 0.029  std 0.217  lr 1.0e-04  fps   8574   530.2s
it 1812/4000  reward     nan  ep_len    nan  fell    0  err_xy 0.027  std 0.216  lr 1.0e-04  fps   8739   530.5s
it 1813/4000  reward     nan  ep_len    nan  fell    0  err_xy 0.026  std 0.217  lr 1.0e-04  fps   8749   530.7s
it 1814/4000  reward     nan  ep_len    nan  fell    0  err_xy 0.026  std 0.217  lr 1.0e-04  fps   8719   531.0s
it 1815/4000  reward     nan  ep_len    nan  fell    0  err_xy 0.027  std 0.217  lr 1.0e-04  fps   8468   531.3s
it 1816/4000  reward  132.93  ep_len  908.0  fell    0  err_xy 0.024  std 0.217  lr 1.0e-04  fps   6899   531.6s
it 1817/4000  reward     nan  ep_len    nan  fell    0  err_xy 0.281  std 0.217  lr 1.0e-04  fps   8636   531.9s
it 1818/4000  reward     nan  ep_len    nan  fell    0  err_xy 0.199  std 0.217  lr 1.0e-04  fps   8914   532.1s
it 1819/4000  reward     nan  ep_len    nan  fell    0  err_xy 0.213  std 0.217  lr 1.0e-04  fps   8874   532.4s
it 1820/4000  reward     nan  ep_len    nan  fell    0  err_xy 0.252  std 0.217  lr 1.0e-04  fps   8929   532.7s
it 1821/4000  reward     nan  ep_len    nan  fell    0  err_xy 0.237  std 0.217  lr 1.0e-04  fps   8881   532.9s
it 1822/4000  reward     nan  ep_len    nan  fell    0  err_xy 0.235  std 0.217  lr 1.0e-04  fps   8826   533.2s
it 1823/4000  reward     nan  ep_len    nan  fell    0  err_xy 0.224  std 0.217  lr 1.0e-04  fps   8800   533.4s
it 1824/4000  reward     nan  ep_len    nan  fell    0  err_xy 0.195  std 0.217  lr 1.0e-04  fps   8476   533.7s
it 1825/4000  reward     nan  ep_len    nan  fell    0  err_xy 0.187  std 0.217  lr 1.0e-04  fps   8712   534.0s
it 1826/4000  reward     nan  ep_len    nan  fell    0  err_xy 0.147  std 0.217  lr 1.0e-04  fps   8564   534.2s
it 1827/4000  reward     nan  ep_len    nan  fell    0  err_xy 0.147  std 0.217  lr 1.0e-04  fps   7852   534.5s
it 1828/4000  reward     nan  ep_len    nan  fell    0  err_xy 0.138  std 0.217  lr 1.0e-04  fps   8551   534.8s
it 1829/4000  reward     nan  ep_len    nan  fell    0  err_xy 0.127  std 0.217  lr 1.0e-04  fps   8215   535.1s
it 1830/4000  reward     nan  ep_len    nan  fell    0  err_xy 0.123  std 0.217  lr 1.0e-04  fps   8050   535.4s
it 1831/4000  reward     nan  ep_len    nan  fell    0  err_xy 0.116  std 0.217  lr 1.0e-04  fps   7952   535.7s
it 1832/4000  reward     nan  ep_len    nan  fell    0  err_xy 0.101  std 0.217  lr 1.0e-04  fps   7574   536.0s
it 1833/4000  reward     nan  ep_len    nan  fell    0  err_xy 0.095  std 0.217  lr 1.0e-04  fps   7969   536.3s
it 1834/4000  reward     nan  ep_len    nan  fell    0  err_xy 0.088  std 0.217  lr 1.0e-04  fps   7875   536.6s
it 1835/4000  reward     nan  ep_len    nan  fell    0  err_xy 0.069  std 0.217  lr 1.0e-04  fps   8117   536.8s
it 1836/4000  reward     nan  ep_len    nan  fell    0  err_xy 0.070  std 0.217  lr 1.0e-04  fps   7378   537.2s
it 1837/4000  reward     nan  ep_len    nan  fell    0  err_xy 0.062  std 0.217  lr 1.0e-04  fps   8250   537.4s
it 1838/4000  reward     nan  ep_len    nan  fell    0  err_xy 0.060  std 0.217  lr 1.0e-04  fps   7721   537.7s
it 1839/4000  reward     nan  ep_len    nan  fell    0  err_xy 0.049  std 0.217  lr 1.0e-04  fps   8058   538.0s
it 1840/4000  reward     nan  ep_len    nan  fell    0  err_xy 0.063  std 0.217  lr 1.0e-04  fps   8166   538.3s
it 1841/4000  reward     nan  ep_len    nan  fell    0  err_xy 0.064  std 0.217  lr 1.0e-04  fps   8076   538.6s
it 1842/4000  reward     nan  ep_len    nan  fell    0  err_xy 0.076  std 0.217  lr 1.0e-04  fps   8128   538.9s
it 1843/4000  reward     nan  ep_len    nan  fell    0  err_xy 0.075  std 0.217  lr 1.0e-04  fps   8135   539.2s
it 1844/4000  reward     nan  ep_len    nan  fell    0  err_xy 0.087  std 0.217  lr 1.0e-04  fps   8316   539.4s
it 1845/4000  reward     nan  ep_len    nan  fell    0  err_xy 0.083  std 0.217  lr 1.0e-04  fps   8301   539.7s
it 1846/4000  reward     nan  ep_len    nan  fell    0  err_xy 0.078  std 0.217  lr 1.0e-04  fps   8236   540.0s
it 1847/4000  reward     nan  ep_len    nan  fell    0  err_xy 0.099  std 0.217  lr 1.0e-04  fps   8219   540.3s
it 1848/4000  reward     nan  ep_len    nan  fell    0  err_xy 0.089  std 0.217  lr 1.0e-04  fps   8467   540.5s
it 1849/4000  reward     nan  ep_len    nan  fell    0  err_xy 0.106  std 0.217  lr 1.0e-04  fps   8125   540.8s
it 1850/4000  reward     nan  ep_len    nan  fell    0  err_xy 0.118  std 0.217  lr 1.0e-04  fps   8264   541.1s
it 1851/4000  reward     nan  ep_len    nan  fell    0  err_xy 0.110  std 0.217  lr 1.0e-04  fps   8279   541.4s
it 1852/4000  reward     nan  ep_len    nan  fell    0  err_xy 0.142  std 0.217  lr 1.0e-04  fps   8399   541.7s
it 1853/4000  reward     nan  ep_len    nan  fell    0  err_xy 0.150  std 0.217  lr 1.0e-04  fps   8062   541.9s
it 1854/4000  reward  121.85  ep_len  908.0  fell    0  err_xy 0.182  std 0.217  lr 1.0e-04  fps   7217   542.3s
it 1855/4000  reward     nan  ep_len    nan  fell    0  err_xy 0.249  std 0.217  lr 1.0e-04  fps   8797   542.5s
it 1856/4000  reward     nan  ep_len    nan  fell    0  err_xy 0.203  std 0.217  lr 1.0e-04  fps   8646   542.8s
it 1857/4000  reward     nan  ep_len    nan  fell    0  err_xy 0.224  std 0.217  lr 1.0e-04  fps   8631   543.1s
it 1858/4000  reward     nan  ep_len    nan  fell    0  err_xy 0.236  std 0.217  lr 1.0e-04  fps   8290   543.3s
it 1859/4000  reward     nan  ep_len    nan  fell    0  err_xy 0.231  std 0.217  lr 1.0e-04  fps   7844   543.6s
it 1860/4000  reward     nan  ep_len    nan  fell    0  err_xy 0.235  std 0.217  lr 1.0e-04  fps   8711   543.9s
it 1861/4000  reward     nan  ep_len    nan  fell    0  err_xy 0.217  std 0.217  lr 1.0e-04  fps   8729   544.2s
it 1862/4000  reward     nan  ep_len    nan  fell    0  err_xy 0.186  std 0.217  lr 1.0e-04  fps   8831   544.4s
it 1863/4000  reward     nan  ep_len    nan  fell    0  err_xy 0.157  std 0.217  lr 1.0e-04  fps   8738   544.7s
it 1864/4000  reward     nan  ep_len    nan  fell    0  err_xy 0.147  std 0.217  lr 1.0e-04  fps   7983   545.0s
it 1865/4000  reward     nan  ep_len    nan  fell    0  err_xy 0.127  std 0.217  lr 1.0e-04  fps   8479   545.2s
it 1866/4000  reward     nan  ep_len    nan  fell    0  err_xy 0.098  std 0.217  lr 1.0e-04  fps   8690   545.5s
it 1867/4000  reward     nan  ep_len    nan  fell    0  err_xy 0.096  std 0.217  lr 1.0e-04  fps   8269   545.8s
it 1868/4000  reward     nan  ep_len    nan  fell    0  err_xy 0.083  std 0.217  lr 1.0e-04  fps   8016   546.1s
it 1869/4000  reward     nan  ep_len    nan  fell    0  err_xy 0.072  std 0.217  lr 1.0e-04  fps   8433   546.4s
it 1870/4000  reward     nan  ep_len    nan  fell    0  err_xy 0.069  std 0.217  lr 1.0e-04  fps   8294   546.6s
it 1871/4000  reward     nan  ep_len    nan  fell    0  err_xy 0.071  std 0.217  lr 1.0e-04  fps   8520   546.9s
it 1872/4000  reward     nan  ep_len    nan  fell    0  err_xy 0.064  std 0.217  lr 1.0e-04  fps   7443   547.2s
it 1873/4000  reward     nan  ep_len    nan  fell    0  err_xy 0.068  std 0.217  lr 1.0e-04  fps   8059   547.5s
it 1874/4000  reward     nan  ep_len    nan  fell    0  err_xy 0.051  std 0.217  lr 1.0e-04  fps   8345   547.8s
it 1875/4000  reward     nan  ep_len    nan  fell    0  err_xy 0.052  std 0.217  lr 1.0e-04  fps   8467   548.0s
it 1876/4000  reward     nan  ep_len    nan  fell    0  err_xy 0.047  std 0.217  lr 1.0e-04  fps   8283   548.3s
it 1877/4000  reward     nan  ep_len    nan  fell    0  err_xy 0.044  std 0.217  lr 1.0e-04  fps   8134   548.6s
it 1878/4000  reward     nan  ep_len    nan  fell    0  err_xy 0.054  std 0.217  lr 1.0e-04  fps   8415   548.9s
it 1879/4000  reward     nan  ep_len    nan  fell    0  err_xy 0.042  std 0.217  lr 1.0e-04  fps   8050   549.2s
it 1880/4000  reward     nan  ep_len    nan  fell    0  err_xy 0.047  std 0.217  lr 1.0e-04  fps   7527   549.5s
it 1881/4000  reward     nan  ep_len    nan  fell    0  err_xy 0.034  std 0.217  lr 1.0e-04  fps   8253   549.8s
it 1882/4000  reward     nan  ep_len    nan  fell    0  err_xy 0.035  std 0.217  lr 1.0e-04  fps   8135   550.0s
it 1883/4000  reward     nan  ep_len    nan  fell    0  err_xy 0.039  std 0.217  lr 1.0e-04  fps   7727   550.3s
it 1884/4000  reward     nan  ep_len    nan  fell    0  err_xy 0.042  std 0.217  lr 1.0e-04  fps   8298   550.6s
it 1885/4000  reward     nan  ep_len    nan  fell    0  err_xy 0.041  std 0.216  lr 1.0e-04  fps   8005   550.9s
it 1886/4000  reward     nan  ep_len    nan  fell    0  err_xy 0.049  std 0.217  lr 1.0e-04  fps   8057   551.2s
it 1887/4000  reward     nan  ep_len    nan  fell    0  err_xy 0.040  std 0.217  lr 1.0e-04  fps   8271   551.5s
it 1888/4000  reward     nan  ep_len    nan  fell    0  err_xy 0.045  std 0.217  lr 1.0e-04  fps   8156   551.8s
it 1889/4000  reward     nan  ep_len    nan  fell    0  err_xy 0.050  std 0.217  lr 1.0e-04  fps   7997   552.0s
it 1890/4000  reward     nan  ep_len    nan  fell    0  err_xy 0.053  std 0.217  lr 1.0e-04  fps   8159   552.3s
it 1891/4000  reward     nan  ep_len    nan  fell    0  err_xy 0.051  std 0.217  lr 1.0e-04  fps   8618   552.6s
it 1892/4000  reward  133.02  ep_len  908.0  fell    0  err_xy 0.110  std 0.217  lr 1.0e-04  fps   6749   552.9s
it 1893/4000  reward     nan  ep_len    nan  fell    0  err_xy 0.237  std 0.217  lr 1.0e-04  fps   8448   553.2s
it 1894/4000  reward     nan  ep_len    nan  fell    0  err_xy 0.176  std 0.217  lr 1.0e-04  fps   7872   553.5s
it 1895/4000  reward     nan  ep_len    nan  fell    0  err_xy 0.199  std 0.217  lr 1.0e-04  fps   8782   553.8s
it 1896/4000  reward     nan  ep_len    nan  fell    0  err_xy 0.266  std 0.217  lr 1.0e-04  fps   8914   554.0s
it 1897/4000  reward     nan  ep_len    nan  fell    0  err_xy 0.247  std 0.217  lr 1.0e-04  fps   8466   554.3s
it 1898/4000  reward     nan  ep_len    nan  fell    0  err_xy 0.237  std 0.217  lr 1.0e-04  fps   8842   554.6s
it 1899/4000  reward     nan  ep_len    nan  fell    0  err_xy 0.220  std 0.217  lr 1.0e-04  fps   8789   554.8s
it 1900/4000  reward     nan  ep_len    nan  fell    0  err_xy 0.190  std 0.217  lr 1.0e-04  fps   8451   555.1s
it 1901/4000  reward     nan  ep_len    nan  fell    0  err_xy 0.176  std 0.217  lr 1.0e-04  fps   8518   555.4s
it 1902/4000  reward     nan  ep_len    nan  fell    0  err_xy 0.158  std 0.217  lr 1.0e-04  fps   8367   555.6s
it 1903/4000  reward     nan  ep_len    nan  fell    0  err_xy 0.145  std 0.217  lr 1.0e-04  fps   8497   555.9s
it 1904/4000  reward     nan  ep_len    nan  fell    0  err_xy 0.106  std 0.217  lr 1.0e-04  fps   8484   556.2s
it 1905/4000  reward     nan  ep_len    nan  fell    0  err_xy 0.120  std 0.217  lr 1.0e-04  fps   8125   556.5s
it 1906/4000  reward     nan  ep_len    nan  fell    0  err_xy 0.110  std 0.217  lr 1.0e-04  fps   8494   556.7s
it 1907/4000  reward     nan  ep_len    nan  fell    0  err_xy 0.091  std 0.217  lr 1.0e-04  fps   8060   557.0s
it 1908/4000  reward     nan  ep_len    nan  fell    0  err_xy 0.075  std 0.217  lr 1.0e-04  fps   8184   557.3s
it 1909/4000  reward     nan  ep_len    nan  fell    0  err_xy 0.076  std 0.217  lr 1.0e-04  fps   8515   557.6s
it 1910/4000  reward     nan  ep_len    nan  fell    0  err_xy 0.061  std 0.217  lr 1.0e-04  fps   8512   557.8s
it 1911/4000  reward     nan  ep_len    nan  fell    0  err_xy 0.056  std 0.217  lr 1.0e-04  fps   8410   558.1s
it 1912/4000  reward     nan  ep_len    nan  fell    0  err_xy 0.051  std 0.217  lr 1.0e-04  fps   8117   558.4s
it 1913/4000  reward     nan  ep_len    nan  fell    0  err_xy 0.046  std 0.217  lr 1.0e-04  fps   7664   558.7s
it 1914/4000  reward     nan  ep_len    nan  fell    0  err_xy 0.048  std 0.217  lr 1.0e-04  fps   8500   559.0s
it 1915/4000  reward     nan  ep_len    nan  fell    0  err_xy 0.053  std 0.217  lr 1.0e-04  fps   8586   559.2s
it 1916/4000  reward     nan  ep_len    nan  fell    0  err_xy 0.054  std 0.217  lr 1.0e-04  fps   8182   559.5s
it 1917/4000  reward     nan  ep_len    nan  fell    0  err_xy 0.047  std 0.217  lr 1.0e-04  fps   7940   559.8s
it 1918/4000  reward     nan  ep_len    nan  fell    0  err_xy 0.044  std 0.217  lr 1.0e-04  fps   8074   560.1s
it 1919/4000  reward     nan  ep_len    nan  fell    0  err_xy 0.044  std 0.217  lr 1.0e-04  fps   8547   560.4s
it 1920/4000  reward     nan  ep_len    nan  fell    0  err_xy 0.040  std 0.217  lr 1.0e-04  fps   8362   560.6s
it 1921/4000  reward     nan  ep_len    nan  fell    0  err_xy 0.045  std 0.217  lr 1.0e-04  fps   7660   560.9s
it 1922/4000  reward     nan  ep_len    nan  fell    0  err_xy 0.035  std 0.217  lr 1.0e-04  fps   8172   561.2s
it 1923/4000  reward     nan  ep_len    nan  fell    0  err_xy 0.037  std 0.217  lr 1.0e-04  fps   8539   561.5s
it 1924/4000  reward     nan  ep_len    nan  fell    0  err_xy 0.040  std 0.217  lr 1.0e-04  fps   8267   561.8s
it 1925/4000  reward     nan  ep_len    nan  fell    0  err_xy 0.042  std 0.217  lr 1.0e-04  fps   8131   562.1s
it 1926/4000  reward     nan  ep_len    nan  fell    0  err_xy 0.049  std 0.217  lr 1.0e-04  fps   8040   562.4s
it 1927/4000  reward     nan  ep_len    nan  fell    0  err_xy 0.040  std 0.217  lr 1.0e-04  fps   7457   562.7s
it 1928/4000  reward     nan  ep_len    nan  fell    0  err_xy 0.038  std 0.217  lr 1.0e-04  fps   8321   562.9s
it 1929/4000  reward     nan  ep_len    nan  fell    0  err_xy 0.039  std 0.217  lr 1.0e-04  fps   7981   563.2s
it 1930/4000  reward  129.56  ep_len  908.0  fell    0  err_xy 0.120  std 0.217  lr 1.0e-04  fps   7174   563.5s
it 1931/4000  reward     nan  ep_len    nan  fell    0  err_xy 0.244  std 0.217  lr 1.0e-04  fps   8916   563.8s
it 1932/4000  reward     nan  ep_len    nan  fell    0  err_xy 0.215  std 0.217  lr 1.0e-04  fps   8485   564.1s
it 1933/4000  reward     nan  ep_len    nan  fell    0  err_xy 0.225  std 0.217  lr 1.0e-04  fps   8799   564.3s
it 1934/4000  reward     nan  ep_len    nan  fell    0  err_xy 0.214  std 0.217  lr 1.0e-04  fps   8266   564.6s
it 1935/4000  reward     nan  ep_len    nan  fell    0  err_xy 0.210  std 0.217  lr 1.0e-04  fps   8486   564.9s
it 1936/4000  reward     nan  ep_len    nan  fell    0  err_xy 0.208  std 0.217  lr 1.0e-04  fps   8633   565.2s
it 1937/4000  reward     nan  ep_len    nan  fell    0  err_xy 0.198  std 0.217  lr 1.0e-04  fps   8765   565.4s
it 1938/4000  reward     nan  ep_len    nan  fell    0  err_xy 0.151  std 0.217  lr 1.0e-04  fps   8467   565.7s
it 1939/4000  reward     nan  ep_len    nan  fell    0  err_xy 0.129  std 0.217  lr 1.0e-04  fps   8565   566.0s
it 1940/4000  reward     nan  ep_len    nan  fell    0  err_xy 0.113  std 0.217  lr 1.0e-04  fps   8493   566.2s
it 1941/4000  reward     nan  ep_len    nan  fell    0  err_xy 0.095  std 0.217  lr 1.0e-04  fps   8729   566.5s
it 1942/4000  reward     nan  ep_len    nan  fell    0  err_xy 0.090  std 0.217  lr 1.0e-04  fps   8355   566.8s
it 1943/4000  reward     nan  ep_len    nan  fell    0  err_xy 0.081  std 0.217  lr 1.0e-04  fps   8524   567.0s
it 1944/4000  reward     nan  ep_len    nan  fell    0  err_xy 0.079  std 0.217  lr 1.0e-04  fps   8080   567.3s
it 1945/4000  reward     nan  ep_len    nan  fell    0  err_xy 0.061  std 0.217  lr 1.0e-04  fps   8687   567.6s
it 1946/4000  reward     nan  ep_len    nan  fell    0  err_xy 0.060  std 0.217  lr 1.0e-04  fps   8639   567.9s
it 1947/4000  reward     nan  ep_len    nan  fell    0  err_xy 0.049  std 0.217  lr 1.0e-04  fps   8673   568.1s
it 1948/4000  reward     nan  ep_len    nan  fell    0  err_xy 0.041  std 0.217  lr 1.0e-04  fps   8698   568.4s
it 1949/4000  reward     nan  ep_len    nan  fell    0  err_xy 0.043  std 0.217  lr 1.0e-04  fps   8534   568.7s
it 1950/4000  reward     nan  ep_len    nan  fell    0  err_xy 0.039  std 0.217  lr 1.0e-04  fps   8447   568.9s
it 1951/4000  reward     nan  ep_len    nan  fell    0  err_xy 0.038  std 0.217  lr 1.0e-04  fps   8543   569.2s
it 1952/4000  reward     nan  ep_len    nan  fell    0  err_xy 0.035  std 0.217  lr 1.0e-04  fps   8639   569.5s
it 1953/4000  reward     nan  ep_len    nan  fell    0  err_xy 0.031  std 0.217  lr 1.0e-04  fps   8699   569.7s
it 1954/4000  reward     nan  ep_len    nan  fell    0  err_xy 0.034  std 0.217  lr 1.0e-04  fps   8645   570.0s
it 1955/4000  reward     nan  ep_len    nan  fell    0  err_xy 0.028  std 0.217  lr 1.0e-04  fps   8833   570.3s
it 1956/4000  reward     nan  ep_len    nan  fell    0  err_xy 0.024  std 0.217  lr 1.0e-04  fps   8769   570.5s
it 1957/4000  reward     nan  ep_len    nan  fell    0  err_xy 0.024  std 0.217  lr 1.0e-04  fps   8760   570.8s
it 1958/4000  reward     nan  ep_len    nan  fell    0  err_xy 0.025  std 0.217  lr 1.0e-04  fps   8787   571.1s
it 1959/4000  reward     nan  ep_len    nan  fell    0  err_xy 0.023  std 0.217  lr 1.0e-04  fps   8751   571.3s
it 1960/4000  reward     nan  ep_len    nan  fell    0  err_xy 0.023  std 0.217  lr 1.0e-04  fps   8827   571.6s
it 1961/4000  reward     nan  ep_len    nan  fell    0  err_xy 0.017  std 0.217  lr 1.0e-04  fps   8682   571.8s
it 1962/4000  reward     nan  ep_len    nan  fell    0  err_xy 0.017  std 0.217  lr 1.0e-04  fps   8866   572.1s
it 1963/4000  reward     nan  ep_len    nan  fell    0  err_xy 0.018  std 0.217  lr 1.0e-04  fps   8759   572.4s
it 1964/4000  reward     nan  ep_len    nan  fell    0  err_xy 0.020  std 0.217  lr 1.0e-04  fps   8587   572.6s
it 1965/4000  reward     nan  ep_len    nan  fell    0  err_xy 0.024  std 0.217  lr 1.0e-04  fps   8695   572.9s
it 1966/4000  reward     nan  ep_len    nan  fell    0  err_xy 0.021  std 0.217  lr 1.0e-04  fps   8710   573.2s
it 1967/4000  reward     nan  ep_len    nan  fell    0  err_xy 0.021  std 0.217  lr 1.0e-04  fps   8783   573.4s
it 1968/4000  reward  132.16  ep_len  908.0  fell    0  err_xy 0.163  std 0.217  lr 1.0e-04  fps   7142   573.8s
it 1969/4000  reward     nan  ep_len    nan  fell    0  err_xy 0.217  std 0.217  lr 1.0e-04  fps   8915   574.0s
it 1970/4000  reward     nan  ep_len    nan  fell    0  err_xy 0.207  std 0.217  lr 1.0e-04  fps   8960   574.3s
it 1971/4000  reward     nan  ep_len    nan  fell    0  err_xy 0.222  std 0.217  lr 1.0e-04  fps   8363   574.5s
it 1972/4000  reward     nan  ep_len    nan  fell    0  err_xy 0.229  std 0.217  lr 1.0e-04  fps   9031   574.8s
it 1973/4000  reward     nan  ep_len    nan  fell    0  err_xy 0.226  std 0.217  lr 1.0e-04  fps   9004   575.1s
it 1974/4000  reward     nan  ep_len    nan  fell    0  err_xy 0.222  std 0.217  lr 1.0e-04  fps   9018   575.3s
it 1975/4000  reward     nan  ep_len    nan  fell    0  err_xy 0.187  std 0.217  lr 1.0e-04  fps   8940   575.6s
it 1976/4000  reward     nan  ep_len    nan  fell    0  err_xy 0.188  std 0.217  lr 1.0e-04  fps   8852   575.8s
it 1977/4000  reward     nan  ep_len    nan  fell    0  err_xy 0.150  std 0.217  lr 1.0e-04  fps   8819   576.1s
it 1978/4000  reward     nan  ep_len    nan  fell    0  err_xy 0.149  std 0.217  lr 1.0e-04  fps   8853   576.4s
it 1979/4000  reward     nan  ep_len    nan  fell    0  err_xy 0.129  std 0.217  lr 1.0e-04  fps   8785   576.6s
it 1980/4000  reward     nan  ep_len    nan  fell    0  err_xy 0.126  std 0.217  lr 1.0e-04  fps   8472   576.9s
it 1981/4000  reward     nan  ep_len    nan  fell    0  err_xy 0.122  std 0.217  lr 1.0e-04  fps   8724   577.2s
it 1982/4000  reward     nan  ep_len    nan  fell    0  err_xy 0.104  std 0.217  lr 1.0e-04  fps   8666   577.4s
it 1983/4000  reward     nan  ep_len    nan  fell    0  err_xy 0.092  std 0.217  lr 1.0e-04  fps   8552   577.7s
it 1984/4000  reward     nan  ep_len    nan  fell    0  err_xy 0.084  std 0.217  lr 1.0e-04  fps   8258   578.0s
it 1985/4000  reward     nan  ep_len    nan  fell    0  err_xy 0.083  std 0.217  lr 1.0e-04  fps   8250   578.3s
it 1986/4000  reward     nan  ep_len    nan  fell    0  err_xy 0.080  std 0.217  lr 1.0e-04  fps   8455   578.5s
it 1987/4000  reward     nan  ep_len    nan  fell    0  err_xy 0.084  std 0.217  lr 1.0e-04  fps   8136   578.8s
it 1988/4000  reward     nan  ep_len    nan  fell    0  err_xy 0.070  std 0.217  lr 1.0e-04  fps   8672   579.1s
it 1989/4000  reward     nan  ep_len    nan  fell    0  err_xy 0.077  std 0.217  lr 1.0e-04  fps   8785   579.3s
it 1990/4000  reward     nan  ep_len    nan  fell    0  err_xy 0.080  std 0.217  lr 1.0e-04  fps   8240   579.6s
it 1991/4000  reward     nan  ep_len    nan  fell    0  err_xy 0.060  std 0.217  lr 1.0e-04  fps   8590   579.9s
it 1992/4000  reward     nan  ep_len    nan  fell    0  err_xy 0.050  std 0.217  lr 1.0e-04  fps   8431   580.2s
it 1993/4000  reward     nan  ep_len    nan  fell    0  err_xy 0.058  std 0.217  lr 1.0e-04  fps   8639   580.4s
it 1994/4000  reward     nan  ep_len    nan  fell    0  err_xy 0.057  std 0.217  lr 1.0e-04  fps   8601   580.7s
it 1995/4000  reward     nan  ep_len    nan  fell    0  err_xy 0.053  std 0.217  lr 1.0e-04  fps   8364   581.0s
it 1996/4000  reward     nan  ep_len    nan  fell    0  err_xy 0.053  std 0.217  lr 1.0e-04  fps   7871   581.3s
it 1997/4000  reward     nan  ep_len    nan  fell    0  err_xy 0.055  std 0.217  lr 1.0e-04  fps   8555   581.5s
it 1998/4000  reward     nan  ep_len    nan  fell    0  err_xy 0.052  std 0.217  lr 1.0e-04  fps   8404   581.8s
it 1999/4000  reward     nan  ep_len    nan  fell    0  err_xy 0.047  std 0.217  lr 1.0e-04  fps   8598   582.1s
it 2000/4000  reward     nan  ep_len    nan  fell    0  err_xy 0.051  std 0.217  lr 1.0e-04  fps   8762   582.3s
eval iteration 2000:
  prone          success   0.0%  time 18.16s  peak_τ 0.96 Nm  return 141.26
  supine         success   0.0%  time 18.16s  peak_τ 0.96 Nm  return 141.17
  score 0.000
it 2001/4000  reward     nan  ep_len    nan  fell    0  err_xy 0.055  std 0.217  lr 1.0e-04  fps   9065   586.7s
it 2002/4000  reward     nan  ep_len    nan  fell    0  err_xy 0.062  std 0.217  lr 1.0e-04  fps   9051   587.0s
it 2003/4000  reward     nan  ep_len    nan  fell    0  err_xy 0.075  std 0.217  lr 1.0e-04  fps   9162   587.2s
it 2004/4000  reward     nan  ep_len    nan  fell    0  err_xy 0.075  std 0.217  lr 1.0e-04  fps   9065   587.5s
it 2005/4000  reward     nan  ep_len    nan  fell    0  err_xy 0.072  std 0.217  lr 1.0e-04  fps   8881   587.7s
it 2006/4000  reward  127.46  ep_len  908.0  fell    0  err_xy 0.209  std 0.217  lr 1.0e-04  fps   7316   588.0s
it 2007/4000  reward     nan  ep_len    nan  fell    0  err_xy 0.210  std 0.217  lr 1.0e-04  fps   9012   588.3s
it 2008/4000  reward     nan  ep_len    nan  fell    0  err_xy 0.234  std 0.217  lr 1.0e-04  fps   8858   588.6s
it 2009/4000  reward     nan  ep_len    nan  fell    0  err_xy 0.246  std 0.217  lr 1.0e-04  fps   8905   588.8s
it 2010/4000  reward     nan  ep_len    nan  fell    0  err_xy 0.260  std 0.217  lr 1.0e-04  fps   9211   589.1s
it 2011/4000  reward     nan  ep_len    nan  fell    0  err_xy 0.253  std 0.217  lr 1.0e-04  fps   8848   589.3s
it 2012/4000  reward     nan  ep_len    nan  fell    0  err_xy 0.227  std 0.217  lr 1.0e-04  fps   8977   589.6s
it 2013/4000  reward     nan  ep_len    nan  fell    0  err_xy 0.211  std 0.217  lr 1.0e-04  fps   8825   589.9s
it 2014/4000  reward     nan  ep_len    nan  fell    0  err_xy 0.182  std 0.217  lr 1.0e-04  fps   8535   590.1s
it 2015/4000  reward     nan  ep_len    nan  fell    0  err_xy 0.157  std 0.217  lr 1.0e-04  fps   8706   590.4s
it 2016/4000  reward     nan  ep_len    nan  fell    0  err_xy 0.145  std 0.217  lr 1.0e-04  fps   8852   590.6s
it 2017/4000  reward     nan  ep_len    nan  fell    0  err_xy 0.121  std 0.217  lr 1.0e-04  fps   7271   591.0s
it 2018/4000  reward     nan  ep_len    nan  fell    0  err_xy 0.124  std 0.217  lr 1.0e-04  fps   8639   591.2s
it 2019/4000  reward     nan  ep_len    nan  fell    0  err_xy 0.114  std 0.217  lr 1.0e-04  fps   8753   591.5s
it 2020/4000  reward     nan  ep_len    nan  fell    0  err_xy 0.113  std 0.217  lr 1.0e-04  fps   8595   591.8s
it 2021/4000  reward     nan  ep_len    nan  fell    0  err_xy 0.107  std 0.217  lr 1.0e-04  fps   8523   592.0s
it 2022/4000  reward     nan  ep_len    nan  fell    0  err_xy 0.104  std 0.217  lr 1.0e-04  fps   8616   592.3s
it 2023/4000  reward     nan  ep_len    nan  fell    0  err_xy 0.091  std 0.217  lr 1.0e-04  fps   8787   592.6s
it 2024/4000  reward     nan  ep_len    nan  fell    0  err_xy 0.087  std 0.217  lr 1.0e-04  fps   8760   592.8s
it 2025/4000  reward     nan  ep_len    nan  fell    0  err_xy 0.078  std 0.217  lr 1.0e-04  fps   8726   593.1s
it 2026/4000  reward     nan  ep_len    nan  fell    0  err_xy 0.070  std 0.217  lr 1.0e-04  fps   8748   593.4s
it 2027/4000  reward     nan  ep_len    nan  fell    0  err_xy 0.066  std 0.217  lr 1.0e-04  fps   8763   593.6s
it 2028/4000  reward     nan  ep_len    nan  fell    0  err_xy 0.051  std 0.217  lr 1.0e-04  fps   8780   593.9s
it 2029/4000  reward     nan  ep_len    nan  fell    0  err_xy 0.051  std 0.217  lr 1.0e-04  fps   8834   594.1s
it 2030/4000  reward     nan  ep_len    nan  fell    0  err_xy 0.060  std 0.217  lr 1.0e-04  fps   8758   594.4s
it 2031/4000  reward     nan  ep_len    nan  fell    0  err_xy 0.046  std 0.217  lr 1.0e-04  fps   8750   594.7s
it 2032/4000  reward     nan  ep_len    nan  fell    0  err_xy 0.050  std 0.217  lr 1.0e-04  fps   8737   594.9s
it 2033/4000  reward     nan  ep_len    nan  fell    0  err_xy 0.042  std 0.217  lr 1.0e-04  fps   8795   595.2s
it 2034/4000  reward     nan  ep_len    nan  fell    0  err_xy 0.041  std 0.217  lr 1.0e-04  fps   8857   595.5s
it 2035/4000  reward     nan  ep_len    nan  fell    0  err_xy 0.044  std 0.217  lr 1.0e-04  fps   8786   595.7s
it 2036/4000  reward     nan  ep_len    nan  fell    0  err_xy 0.039  std 0.217  lr 1.0e-04  fps   7759   596.0s
it 2037/4000  reward     nan  ep_len    nan  fell    0  err_xy 0.035  std 0.217  lr 1.0e-04  fps   7825   596.3s
it 2038/4000  reward     nan  ep_len    nan  fell    0  err_xy 0.034  std 0.217  lr 1.0e-04  fps   8618   596.6s
it 2039/4000  reward     nan  ep_len    nan  fell    0  err_xy 0.036  std 0.217  lr 1.0e-04  fps   8890   596.8s
it 2040/4000  reward     nan  ep_len    nan  fell    0  err_xy 0.033  std 0.217  lr 1.0e-04  fps   8865   597.1s
it 2041/4000  reward     nan  ep_len    nan  fell    0  err_xy 0.035  std 0.217  lr 1.0e-04  fps   8850   597.4s
it 2042/4000  reward     nan  ep_len    nan  fell    0  err_xy 0.033  std 0.217  lr 1.0e-04  fps   7285   597.7s
it 2043/4000  reward  132.67  ep_len  908.0  fell    0  err_xy 0.037  std 0.217  lr 1.0e-04  fps   6526   598.0s
it 2044/4000  reward     nan  ep_len    nan  fell    0  err_xy 0.252  std 0.217  lr 1.0e-04  fps   8198   598.3s
it 2045/4000  reward     nan  ep_len    nan  fell    0  err_xy 0.205  std 0.217  lr 1.0e-04  fps   9155   598.6s
it 2046/4000  reward     nan  ep_len    nan  fell    0  err_xy 0.201  std 0.217  lr 1.0e-04  fps   9109   598.8s
it 2047/4000  reward     nan  ep_len    nan  fell    0  err_xy 0.229  std 0.217  lr 1.0e-04  fps   9132   599.1s
it 2048/4000  reward     nan  ep_len    nan  fell    0  err_xy 0.241  std 0.217  lr 1.0e-04  fps   8960   599.3s
it 2049/4000  reward     nan  ep_len    nan  fell    0  err_xy 0.204  std 0.217  lr 1.0e-04  fps   8958   599.6s
it 2050/4000  reward     nan  ep_len    nan  fell    0  err_xy 0.171  std 0.217  lr 1.0e-04  fps   8931   599.8s
it 2051/4000  reward     nan  ep_len    nan  fell    0  err_xy 0.146  std 0.217  lr 1.0e-04  fps   8802   600.1s
it 2052/4000  reward     nan  ep_len    nan  fell    0  err_xy 0.124  std 0.217  lr 1.0e-04  fps   8757   600.4s
it 2053/4000  reward     nan  ep_len    nan  fell    0  err_xy 0.093  std 0.217  lr 1.0e-04  fps   8775   600.6s
it 2054/4000  reward     nan  ep_len    nan  fell    0  err_xy 0.077  std 0.217  lr 1.0e-04  fps   8677   600.9s
it 2055/4000  reward     nan  ep_len    nan  fell    0  err_xy 0.068  std 0.217  lr 1.0e-04  fps   8699   601.2s
it 2056/4000  reward     nan  ep_len    nan  fell    0  err_xy 0.055  std 0.217  lr 1.0e-04  fps   8617   601.4s
it 2057/4000  reward     nan  ep_len    nan  fell    0  err_xy 0.054  std 0.217  lr 1.0e-04  fps   8442   601.7s
it 2058/4000  reward     nan  ep_len    nan  fell    0  err_xy 0.045  std 0.217  lr 1.0e-04  fps   8391   602.0s
it 2059/4000  reward     nan  ep_len    nan  fell    0  err_xy 0.038  std 0.217  lr 1.0e-04  fps   8367   602.3s
it 2060/4000  reward     nan  ep_len    nan  fell    0  err_xy 0.033  std 0.217  lr 1.0e-04  fps   8361   602.5s
it 2061/4000  reward     nan  ep_len    nan  fell    0  err_xy 0.030  std 0.217  lr 1.0e-04  fps   8372   602.8s
it 2062/4000  reward     nan  ep_len    nan  fell    0  err_xy 0.028  std 0.217  lr 1.0e-04  fps   8464   603.1s
it 2063/4000  reward     nan  ep_len    nan  fell    0  err_xy 0.025  std 0.217  lr 1.0e-04  fps   8501   603.3s
it 2064/4000  reward     nan  ep_len    nan  fell    0  err_xy 0.028  std 0.217  lr 1.0e-04  fps   8322   603.6s
it 2065/4000  reward     nan  ep_len    nan  fell    0  err_xy 0.022  std 0.217  lr 1.0e-04  fps   7470   603.9s
it 2066/4000  reward     nan  ep_len    nan  fell    0  err_xy 0.019  std 0.217  lr 1.0e-04  fps   8266   604.2s
it 2067/4000  reward     nan  ep_len    nan  fell    0  err_xy 0.016  std 0.217  lr 1.0e-04  fps   8480   604.5s
it 2068/4000  reward     nan  ep_len    nan  fell    0  err_xy 0.016  std 0.217  lr 1.0e-04  fps   8461   604.8s
it 2069/4000  reward     nan  ep_len    nan  fell    0  err_xy 0.018  std 0.217  lr 1.0e-04  fps   8485   605.0s
it 2070/4000  reward     nan  ep_len    nan  fell    0  err_xy 0.013  std 0.217  lr 1.0e-04  fps   8632   605.3s
it 2071/4000  reward     nan  ep_len    nan  fell    0  err_xy 0.017  std 0.217  lr 1.0e-04  fps   8733   605.6s
it 2072/4000  reward     nan  ep_len    nan  fell    0  err_xy 0.012  std 0.217  lr 1.0e-04  fps   8699   605.8s
it 2073/4000  reward     nan  ep_len    nan  fell    0  err_xy 0.010  std 0.217  lr 1.0e-04  fps   8643   606.1s
it 2074/4000  reward     nan  ep_len    nan  fell    0  err_xy 0.010  std 0.217  lr 1.0e-04  fps   8550   606.4s
it 2075/4000  reward     nan  ep_len    nan  fell    0  err_xy 0.012  std 0.217  lr 1.0e-04  fps   8587   606.6s
it 2076/4000  reward     nan  ep_len    nan  fell    0  err_xy 0.012  std 0.217  lr 1.0e-04  fps   8578   606.9s
it 2077/4000  reward     nan  ep_len    nan  fell    0  err_xy 0.014  std 0.217  lr 1.0e-04  fps   8851   607.2s
it 2078/4000  reward     nan  ep_len    nan  fell    0  err_xy 0.010  std 0.217  lr 1.0e-04  fps   8836   607.4s
it 2079/4000  reward     nan  ep_len    nan  fell    0  err_xy 0.012  std 0.216  lr 1.0e-04  fps   8700   607.7s
it 2080/4000  reward     nan  ep_len    nan  fell    0  err_xy 0.012  std 0.216  lr 1.0e-04  fps   8736   608.0s
it 2081/4000  reward  135.39  ep_len  908.0  fell    0  err_xy 0.038  std 0.217  lr 1.0e-04  fps   7262   608.3s
it 2082/4000  reward     nan  ep_len    nan  fell    0  err_xy 0.258  std 0.217  lr 1.0e-04  fps   9120   608.5s
it 2083/4000  reward     nan  ep_len    nan  fell    0  err_xy 0.202  std 0.217  lr 1.0e-04  fps   9143   608.8s
it 2084/4000  reward     nan  ep_len    nan  fell    0  err_xy 0.205  std 0.217  lr 1.0e-04  fps   9078   609.0s
it 2085/4000  reward     nan  ep_len    nan  fell    0  err_xy 0.219  std 0.217  lr 1.0e-04  fps   9113   609.3s
it 2086/4000  reward     nan  ep_len    nan  fell    0  err_xy 0.228  std 0.217  lr 1.0e-04  fps   9007   609.5s
it 2087/4000  reward     nan  ep_len    nan  fell    0  err_xy 0.177  std 0.217  lr 1.0e-04  fps   8936   609.8s
it 2088/4000  reward     nan  ep_len    nan  fell    0  err_xy 0.185  std 0.217  lr 1.0e-04  fps   8330   610.1s
it 2089/4000  reward     nan  ep_len    nan  fell    0  err_xy 0.178  std 0.217  lr 1.0e-04  fps   8683   610.3s
it 2090/4000  reward     nan  ep_len    nan  fell    0  err_xy 0.151  std 0.217  lr 1.0e-04  fps   8809   610.6s
it 2091/4000  reward     nan  ep_len    nan  fell    0  err_xy 0.136  std 0.217  lr 1.0e-04  fps   8784   610.9s
it 2092/4000  reward     nan  ep_len    nan  fell    0  err_xy 0.117  std 0.217  lr 1.0e-04  fps   8702   611.1s
it 2093/4000  reward     nan  ep_len    nan  fell    0  err_xy 0.109  std 0.217  lr 1.0e-04  fps   8681   611.4s
it 2094/4000  reward     nan  ep_len    nan  fell    0  err_xy 0.092  std 0.217  lr 1.0e-04  fps   8631   611.7s
it 2095/4000  reward     nan  ep_len    nan  fell    0  err_xy 0.089  std 0.217  lr 1.0e-04  fps   8453   611.9s
it 2096/4000  reward     nan  ep_len    nan  fell    0  err_xy 0.073  std 0.217  lr 1.0e-04  fps   7987   612.2s
it 2097/4000  reward     nan  ep_len    nan  fell    0  err_xy 0.070  std 0.217  lr 1.0e-04  fps   8374   612.5s
it 2098/4000  reward     nan  ep_len    nan  fell    0  err_xy 0.052  std 0.217  lr 1.0e-04  fps   8489   612.8s
it 2099/4000  reward     nan  ep_len    nan  fell    0  err_xy 0.045  std 0.217  lr 1.0e-04  fps   7764   613.1s
it 2100/4000  reward     nan  ep_len    nan  fell    0  err_xy 0.040  std 0.217  lr 1.0e-04  fps   8460   613.3s
it 2101/4000  reward     nan  ep_len    nan  fell    0  err_xy 0.030  std 0.217  lr 1.0e-04  fps   8370   613.6s
it 2102/4000  reward     nan  ep_len    nan  fell    0  err_xy 0.026  std 0.217  lr 1.0e-04  fps   8278   613.9s
it 2103/4000  reward     nan  ep_len    nan  fell    0  err_xy 0.025  std 0.217  lr 1.0e-04  fps   8283   614.2s
it 2104/4000  reward     nan  ep_len    nan  fell    0  err_xy 0.025  std 0.217  lr 1.0e-04  fps   8225   614.5s
it 2105/4000  reward     nan  ep_len    nan  fell    0  err_xy 0.016  std 0.217  lr 1.0e-04  fps   8214   614.7s
it 2106/4000  reward     nan  ep_len    nan  fell    0  err_xy 0.016  std 0.217  lr 1.0e-04  fps   8278   615.0s
it 2107/4000  reward     nan  ep_len    nan  fell    0  err_xy 0.018  std 0.217  lr 1.0e-04  fps   8307   615.3s
it 2108/4000  reward     nan  ep_len    nan  fell    0  err_xy 0.019  std 0.217  lr 1.0e-04  fps   8404   615.6s
it 2109/4000  reward     nan  ep_len    nan  fell    0  err_xy 0.023  std 0.217  lr 1.0e-04  fps   8457   615.8s
it 2110/4000  reward     nan  ep_len    nan  fell    0  err_xy 0.022  std 0.217  lr 1.0e-04  fps   8445   616.1s
it 2111/4000  reward     nan  ep_len    nan  fell    0  err_xy 0.021  std 0.217  lr 1.0e-04  fps   8487   616.4s
it 2112/4000  reward     nan  ep_len    nan  fell    0  err_xy 0.018  std 0.217  lr 1.0e-04  fps   8572   616.7s
it 2113/4000  reward     nan  ep_len    nan  fell    0  err_xy 0.019  std 0.217  lr 1.0e-04  fps   8145   616.9s
it 2114/4000  reward     nan  ep_len    nan  fell    0  err_xy 0.018  std 0.216  lr 1.0e-04  fps   8442   617.2s
it 2115/4000  reward     nan  ep_len    nan  fell    0  err_xy 0.022  std 0.217  lr 1.0e-04  fps   8275   617.5s
it 2116/4000  reward     nan  ep_len    nan  fell    0  err_xy 0.024  std 0.217  lr 1.0e-04  fps   7920   617.8s
it 2117/4000  reward     nan  ep_len    nan  fell    0  err_xy 0.018  std 0.217  lr 1.0e-04  fps   7622   618.1s
it 2118/4000  reward     nan  ep_len    nan  fell    0  err_xy 0.017  std 0.217  lr 1.0e-04  fps   7653   618.4s
it 2119/4000  reward  127.26  ep_len  908.0  fell    0  err_xy 0.081  std 0.217  lr 1.0e-04  fps   6553   618.7s
it 2120/4000  reward     nan  ep_len    nan  fell    0  err_xy 0.248  std 0.217  lr 1.0e-04  fps   8518   619.0s
it 2121/4000  reward     nan  ep_len    nan  fell    0  err_xy 0.194  std 0.217  lr 1.0e-04  fps   8658   619.3s
it 2122/4000  reward     nan  ep_len    nan  fell    0  err_xy 0.189  std 0.217  lr 1.0e-04  fps   8636   619.5s
it 2123/4000  reward     nan  ep_len    nan  fell    0  err_xy 0.207  std 0.217  lr 1.0e-04  fps   8448   619.8s
it 2124/4000  reward     nan  ep_len    nan  fell    0  err_xy 0.195  std 0.217  lr 1.0e-04  fps   8614   620.1s
it 2125/4000  reward     nan  ep_len    nan  fell    0  err_xy 0.161  std 0.217  lr 1.0e-04  fps   8655   620.3s
it 2126/4000  reward     nan  ep_len    nan  fell    0  err_xy 0.136  std 0.217  lr 1.0e-04  fps   8622   620.6s
it 2127/4000  reward     nan  ep_len    nan  fell    0  err_xy 0.122  std 0.217  lr 1.0e-04  fps   8281   620.9s
it 2128/4000  reward     nan  ep_len    nan  fell    0  err_xy 0.110  std 0.217  lr 1.0e-04  fps   7395   621.2s
it 2129/4000  reward     nan  ep_len    nan  fell    0  err_xy 0.087  std 0.217  lr 1.0e-04  fps   7559   621.5s
it 2130/4000  reward     nan  ep_len    nan  fell    0  err_xy 0.072  std 0.217  lr 1.0e-04  fps   8046   621.8s
it 2131/4000  reward     nan  ep_len    nan  fell    0  err_xy 0.064  std 0.217  lr 1.0e-04  fps   7661   622.1s
it 2132/4000  reward     nan  ep_len    nan  fell    0  err_xy 0.056  std 0.217  lr 1.0e-04  fps   8175   622.4s
it 2133/4000  reward     nan  ep_len    nan  fell    0  err_xy 0.039  std 0.217  lr 1.0e-04  fps   8211   622.7s
it 2134/4000  reward     nan  ep_len    nan  fell    0  err_xy 0.042  std 0.217  lr 1.0e-04  fps   8111   622.9s
it 2135/4000  reward     nan  ep_len    nan  fell    0  err_xy 0.039  std 0.217  lr 1.0e-04  fps   7830   623.2s
it 2136/4000  reward     nan  ep_len    nan  fell    0  err_xy 0.033  std 0.217  lr 1.0e-04  fps   8013   623.5s
it 2137/4000  reward     nan  ep_len    nan  fell    0  err_xy 0.031  std 0.217  lr 1.0e-04  fps   8064   623.8s
it 2138/4000  reward     nan  ep_len    nan  fell    0  err_xy 0.031  std 0.217  lr 1.0e-04  fps   7951   624.1s
it 2139/4000  reward     nan  ep_len    nan  fell    0  err_xy 0.031  std 0.217  lr 1.0e-04  fps   8039   624.4s
it 2140/4000  reward     nan  ep_len    nan  fell    0  err_xy 0.030  std 0.217  lr 1.0e-04  fps   7825   624.7s
it 2141/4000  reward     nan  ep_len    nan  fell    0  err_xy 0.029  std 0.217  lr 1.0e-04  fps   8074   625.0s
it 2142/4000  reward     nan  ep_len    nan  fell    0  err_xy 0.030  std 0.217  lr 1.0e-04  fps   8054   625.3s
it 2143/4000  reward     nan  ep_len    nan  fell    0  err_xy 0.027  std 0.217  lr 1.0e-04  fps   8030   625.5s
it 2144/4000  reward     nan  ep_len    nan  fell    0  err_xy 0.022  std 0.217  lr 1.0e-04  fps   8114   625.8s
it 2145/4000  reward     nan  ep_len    nan  fell    0  err_xy 0.023  std 0.217  lr 1.0e-04  fps   8117   626.1s
it 2146/4000  reward     nan  ep_len    nan  fell    0  err_xy 0.020  std 0.217  lr 1.0e-04  fps   8266   626.4s
it 2147/4000  reward     nan  ep_len    nan  fell    0  err_xy 0.017  std 0.217  lr 1.0e-04  fps   8424   626.7s
it 2148/4000  reward     nan  ep_len    nan  fell    0  err_xy 0.020  std 0.217  lr 1.0e-04  fps   8471   626.9s
it 2149/4000  reward     nan  ep_len    nan  fell    0  err_xy 0.027  std 0.217  lr 1.0e-04  fps   8373   627.2s
it 2150/4000  reward     nan  ep_len    nan  fell    0  err_xy 0.025  std 0.217  lr 1.0e-04  fps   8433   627.5s
it 2151/4000  reward     nan  ep_len    nan  fell    0  err_xy 0.023  std 0.217  lr 1.0e-04  fps   8469   627.8s
it 2152/4000  reward     nan  ep_len    nan  fell    0  err_xy 0.024  std 0.217  lr 1.0e-04  fps   8369   628.0s
it 2153/4000  reward     nan  ep_len    nan  fell    0  err_xy 0.022  std 0.217  lr 1.0e-04  fps   8148   628.3s
it 2154/4000  reward     nan  ep_len    nan  fell    0  err_xy 0.024  std 0.217  lr 1.0e-04  fps   8237   628.6s
it 2155/4000  reward     nan  ep_len    nan  fell    0  err_xy 0.023  std 0.217  lr 1.0e-04  fps   8446   628.9s
it 2156/4000  reward     nan  ep_len    nan  fell    0  err_xy 0.017  std 0.217  lr 1.0e-04  fps   8512   629.1s
it 2157/4000  reward  133.26  ep_len  908.0  fell    0  err_xy 0.112  std 0.217  lr 1.0e-04  fps   6989   629.5s
it 2158/4000  reward     nan  ep_len    nan  fell    0  err_xy 0.234  std 0.217  lr 1.0e-04  fps   8496   629.7s
it 2159/4000  reward     nan  ep_len    nan  fell    0  err_xy 0.230  std 0.217  lr 1.0e-04  fps   9019   630.0s
it 2160/4000  reward     nan  ep_len    nan  fell    0  err_xy 0.216  std 0.217  lr 1.0e-04  fps   9021   630.3s
it 2161/4000  reward     nan  ep_len    nan  fell    0  err_xy 0.221  std 0.217  lr 1.0e-04  fps   8923   630.5s
it 2162/4000  reward     nan  ep_len    nan  fell    0  err_xy 0.231  std 0.217  lr 1.0e-04  fps   8845   630.8s
it 2163/4000  reward     nan  ep_len    nan  fell    0  err_xy 0.196  std 0.217  lr 1.0e-04  fps   8906   631.0s
it 2164/4000  reward     nan  ep_len    nan  fell    0  err_xy 0.188  std 0.217  lr 1.0e-04  fps   8652   631.3s
it 2165/4000  reward     nan  ep_len    nan  fell    0  err_xy 0.175  std 0.217  lr 1.0e-04  fps   8642   631.6s
it 2166/4000  reward     nan  ep_len    nan  fell    0  err_xy 0.167  std 0.217  lr 1.0e-04  fps   8676   631.8s
it 2167/4000  reward     nan  ep_len    nan  fell    0  err_xy 0.151  std 0.217  lr 1.0e-04  fps   8556   632.1s
it 2168/4000  reward     nan  ep_len    nan  fell    0  err_xy 0.132  std 0.217  lr 1.0e-04  fps   8557   632.4s
it 2169/4000  reward     nan  ep_len    nan  fell    0  err_xy 0.119  std 0.217  lr 1.0e-04  fps   8302   632.7s
it 2170/4000  reward     nan  ep_len    nan  fell    0  err_xy 0.113  std 0.217  lr 1.0e-04  fps   8387   632.9s
it 2171/4000  reward     nan  ep_len    nan  fell    0  err_xy 0.104  std 0.217  lr 1.0e-04  fps   8331   633.2s
it 2172/4000  reward     nan  ep_len    nan  fell    0  err_xy 0.094  std 0.217  lr 1.0e-04  fps   8334   633.5s
it 2173/4000  reward     nan  ep_len    nan  fell    0  err_xy 0.104  std 0.217  lr 1.0e-04  fps   8318   633.8s
it 2174/4000  reward     nan  ep_len    nan  fell    0  err_xy 0.091  std 0.217  lr 1.0e-04  fps   8329   634.0s
it 2175/4000  reward     nan  ep_len    nan  fell    0  err_xy 0.080  std 0.217  lr 1.0e-04  fps   8400   634.3s
it 2176/4000  reward     nan  ep_len    nan  fell    0  err_xy 0.068  std 0.217  lr 1.0e-04  fps   8403   634.6s
it 2177/4000  reward     nan  ep_len    nan  fell    0  err_xy 0.062  std 0.217  lr 1.0e-04  fps   8417   634.9s
it 2178/4000  reward     nan  ep_len    nan  fell    0  err_xy 0.041  std 0.217  lr 1.0e-04  fps   8372   635.1s
it 2179/4000  reward     nan  ep_len    nan  fell    0  err_xy 0.041  std 0.217  lr 1.0e-04  fps   8430   635.4s
it 2180/4000  reward     nan  ep_len    nan  fell    0  err_xy 0.040  std 0.217  lr 1.0e-04  fps   8355   635.7s
it 2181/4000  reward     nan  ep_len    nan  fell    0  err_xy 0.034  std 0.217  lr 1.0e-04  fps   8370   636.0s
it 2182/4000  reward     nan  ep_len    nan  fell    0  err_xy 0.032  std 0.217  lr 1.0e-04  fps   8327   636.2s
it 2183/4000  reward     nan  ep_len    nan  fell    0  err_xy 0.030  std 0.217  lr 1.0e-04  fps   6841   636.6s
it 2184/4000  reward     nan  ep_len    nan  fell    0  err_xy 0.030  std 0.217  lr 1.0e-04  fps   7974   636.9s
it 2185/4000  reward     nan  ep_len    nan  fell    0  err_xy 0.023  std 0.217  lr 1.0e-04  fps   8144   637.1s
it 2186/4000  reward     nan  ep_len    nan  fell    0  err_xy 0.026  std 0.217  lr 1.0e-04  fps   7506   637.5s
it 2187/4000  reward     nan  ep_len    nan  fell    0  err_xy 0.019  std 0.217  lr 1.0e-04  fps   7811   637.7s
it 2188/4000  reward     nan  ep_len    nan  fell    0  err_xy 0.015  std 0.217  lr 1.0e-04  fps   8190   638.0s
it 2189/4000  reward     nan  ep_len    nan  fell    0  err_xy 0.017  std 0.217  lr 1.0e-04  fps   8251   638.3s
it 2190/4000  reward     nan  ep_len    nan  fell    0  err_xy 0.013  std 0.216  lr 1.0e-04  fps   8001   638.6s
it 2191/4000  reward     nan  ep_len    nan  fell    0  err_xy 0.015  std 0.216  lr 1.0e-04  fps   7959   638.9s
it 2192/4000  reward     nan  ep_len    nan  fell    0  err_xy 0.013  std 0.217  lr 1.0e-04  fps   7995   639.2s
it 2193/4000  reward     nan  ep_len    nan  fell    0  err_xy 0.011  std 0.217  lr 1.0e-04  fps   7569   639.5s
it 2194/4000  reward     nan  ep_len    nan  fell    0  err_xy 0.010  std 0.216  lr 1.0e-04  fps   7759   639.8s
it 2195/4000  reward  132.33  ep_len  908.0  fell    0  err_xy 0.180  std 0.216  lr 1.0e-04  fps   6868   640.1s
it 2196/4000  reward     nan  ep_len    nan  fell    0  err_xy 0.241  std 0.216  lr 1.0e-04  fps   8532   640.4s
it 2197/4000  reward     nan  ep_len    nan  fell    0  err_xy 0.212  std 0.217  lr 1.0e-04  fps   8666   640.6s
it 2198/4000  reward     nan  ep_len    nan  fell    0  err_xy 0.220  std 0.217  lr 1.0e-04  fps   8406   640.9s
it 2199/4000  reward     nan  ep_len    nan  fell    0  err_xy 0.224  std 0.217  lr 1.0e-04  fps   7243   641.2s
it 2200/4000  reward     nan  ep_len    nan  fell    0  err_xy 0.217  std 0.217  lr 1.0e-04  fps   7719   641.5s
eval iteration 2200:
  prone          success   0.0%  time 18.16s  peak_τ 0.96 Nm  return 149.28
  supine         success   0.0%  time 18.16s  peak_τ 0.96 Nm  return 139.92
  score 0.000
it 2201/4000  reward     nan  ep_len    nan  fell    0  err_xy 0.198  std 0.217  lr 1.0e-04  fps   8385   646.0s
it 2202/4000  reward     nan  ep_len    nan  fell    0  err_xy 0.188  std 0.217  lr 1.0e-04  fps   8058   646.3s
it 2203/4000  reward     nan  ep_len    nan  fell    0  err_xy 0.172  std 0.217  lr 1.0e-04  fps   8284   646.6s
it 2204/4000  reward     nan  ep_len    nan  fell    0  err_xy 0.160  std 0.217  lr 1.0e-04  fps   8438   646.9s
it 2205/4000  reward     nan  ep_len    nan  fell    0  err_xy 0.137  std 0.217  lr 1.0e-04  fps   8741   647.1s
it 2206/4000  reward     nan  ep_len    nan  fell    0  err_xy 0.130  std 0.217  lr 1.0e-04  fps   8635   647.4s
it 2207/4000  reward     nan  ep_len    nan  fell    0  err_xy 0.119  std 0.217  lr 1.0e-04  fps   8403   647.7s
it 2208/4000  reward     nan  ep_len    nan  fell    0  err_xy 0.104  std 0.217  lr 1.0e-04  fps   8247   648.0s
it 2209/4000  reward     nan  ep_len    nan  fell    0  err_xy 0.091  std 0.217  lr 1.0e-04  fps   8417   648.2s
it 2210/4000  reward     nan  ep_len    nan  fell    0  err_xy 0.082  std 0.217  lr 1.0e-04  fps   8410   648.5s
it 2211/4000  reward     nan  ep_len    nan  fell    0  err_xy 0.074  std 0.217  lr 1.0e-04  fps   8526   648.8s
it 2212/4000  reward     nan  ep_len    nan  fell    0  err_xy 0.056  std 0.217  lr 1.0e-04  fps   8626   649.1s
it 2213/4000  reward     nan  ep_len    nan  fell    0  err_xy 0.053  std 0.217  lr 1.0e-04  fps   8681   649.3s
it 2214/4000  reward     nan  ep_len    nan  fell    0  err_xy 0.048  std 0.217  lr 1.0e-04  fps   8576   649.6s
it 2215/4000  reward     nan  ep_len    nan  fell    0  err_xy 0.033  std 0.217  lr 1.0e-04  fps   8503   649.9s
it 2216/4000  reward     nan  ep_len    nan  fell    0  err_xy 0.032  std 0.217  lr 1.0e-04  fps   8401   650.1s
it 2217/4000  reward     nan  ep_len    nan  fell    0  err_xy 0.029  std 0.217  lr 1.0e-04  fps   8528   650.4s
it 2218/4000  reward     nan  ep_len    nan  fell    0  err_xy 0.031  std 0.217  lr 1.0e-04  fps   8605   650.7s
it 2219/4000  reward     nan  ep_len    nan  fell    0  err_xy 0.024  std 0.217  lr 1.0e-04  fps   8344   650.9s
it 2220/4000  reward     nan  ep_len    nan  fell    0  err_xy 0.021  std 0.217  lr 1.0e-04  fps   7639   651.3s
it 2221/4000  reward     nan  ep_len    nan  fell    0  err_xy 0.018  std 0.217  lr 1.0e-04  fps   8254   651.5s
it 2222/4000  reward     nan  ep_len    nan  fell    0  err_xy 0.022  std 0.217  lr 1.0e-04  fps   8393   651.8s
it 2223/4000  reward     nan  ep_len    nan  fell    0  err_xy 0.022  std 0.217  lr 1.0e-04  fps   8519   652.1s
it 2224/4000  reward     nan  ep_len    nan  fell    0  err_xy 0.016  std 0.217  lr 1.0e-04  fps   8603   652.3s
it 2225/4000  reward     nan  ep_len    nan  fell    0  err_xy 0.018  std 0.217  lr 1.0e-04  fps   8782   652.6s
it 2226/4000  reward     nan  ep_len    nan  fell    0  err_xy 0.017  std 0.217  lr 1.0e-04  fps   8776   652.9s
it 2227/4000  reward     nan  ep_len    nan  fell    0  err_xy 0.019  std 0.217  lr 1.0e-04  fps   8830   653.1s
it 2228/4000  reward     nan  ep_len    nan  fell    0  err_xy 0.017  std 0.217  lr 1.0e-04  fps   8863   653.4s
it 2229/4000  reward     nan  ep_len    nan  fell    0  err_xy 0.019  std 0.217  lr 1.0e-04  fps   8828   653.7s
it 2230/4000  reward     nan  ep_len    nan  fell    0  err_xy 0.017  std 0.217  lr 1.0e-04  fps   8952   653.9s
it 2231/4000  reward     nan  ep_len    nan  fell    0  err_xy 0.015  std 0.217  lr 1.0e-04  fps   8978   654.2s
it 2232/4000  reward     nan  ep_len    nan  fell    0  err_xy 0.015  std 0.217  lr 1.0e-04  fps   8744   654.4s
it 2233/4000  reward  128.00  ep_len  908.0  fell    0  err_xy 0.222  std 0.217  lr 1.0e-04  fps   6776   654.8s
it 2234/4000  reward     nan  ep_len    nan  fell    0  err_xy 0.216  std 0.217  lr 1.0e-04  fps   8877   655.0s
it 2235/4000  reward     nan  ep_len    nan  fell    0  err_xy 0.214  std 0.217  lr 1.0e-04  fps   8789   655.3s
it 2236/4000  reward     nan  ep_len    nan  fell    0  err_xy 0.223  std 0.217  lr 1.0e-04  fps   8586   655.6s
it 2237/4000  reward     nan  ep_len    nan  fell    0  err_xy 0.203  std 0.217  lr 1.0e-04  fps   7600   655.9s
it 2238/4000  reward     nan  ep_len    nan  fell    0  err_xy 0.206  std 0.217  lr 1.0e-04  fps   8799   656.1s
it 2239/4000  reward     nan  ep_len    nan  fell    0  err_xy 0.185  std 0.217  lr 1.0e-04  fps   8635   656.4s
it 2240/4000  reward     nan  ep_len    nan  fell    0  err_xy 0.151  std 0.217  lr 1.0e-04  fps   8517   656.7s
it 2241/4000  reward     nan  ep_len    nan  fell    0  err_xy 0.141  std 0.217  lr 1.0e-04  fps   7384   657.0s
it 2242/4000  reward     nan  ep_len    nan  fell    0  err_xy 0.102  std 0.217  lr 1.0e-04  fps   8741   657.2s
it 2243/4000  reward     nan  ep_len    nan  fell    0  err_xy 0.108  std 0.217  lr 1.0e-04  fps   8734   657.5s
it 2244/4000  reward     nan  ep_len    nan  fell    0  err_xy 0.093  std 0.217  lr 1.0e-04  fps   7969   657.8s
it 2245/4000  reward     nan  ep_len    nan  fell    0  err_xy 0.078  std 0.217  lr 1.0e-04  fps   8436   658.1s
it 2246/4000  reward     nan  ep_len    nan  fell    0  err_xy 0.075  std 0.217  lr 1.0e-04  fps   8318   658.3s
it 2247/4000  reward     nan  ep_len    nan  fell    0  err_xy 0.058  std 0.217  lr 1.0e-04  fps   8416   658.6s
it 2248/4000  reward     nan  ep_len    nan  fell    0  err_xy 0.046  std 0.217  lr 1.0e-04  fps   8048   658.9s
it 2249/4000  reward     nan  ep_len    nan  fell    0  err_xy 0.043  std 0.217  lr 1.0e-04  fps   8092   659.2s
it 2250/4000  reward     nan  ep_len    nan  fell    0  err_xy 0.032  std 0.217  lr 1.0e-04  fps   8302   659.5s
it 2251/4000  reward     nan  ep_len    nan  fell    0  err_xy 0.032  std 0.217  lr 1.0e-04  fps   8237   659.7s
it 2252/4000  reward     nan  ep_len    nan  fell    0  err_xy 0.030  std 0.217  lr 1.0e-04  fps   7833   660.0s
it 2253/4000  reward     nan  ep_len    nan  fell    0  err_xy 0.028  std 0.217  lr 1.0e-04  fps   8268   660.3s
it 2254/4000  reward     nan  ep_len    nan  fell    0  err_xy 0.023  std 0.217  lr 1.0e-04  fps   8268   660.6s
it 2255/4000  reward     nan  ep_len    nan  fell    0  err_xy 0.021  std 0.217  lr 1.0e-04  fps   8102   660.9s
it 2256/4000  reward     nan  ep_len    nan  fell    0  err_xy 0.020  std 0.217  lr 1.0e-04  fps   8167   661.2s
it 2257/4000  reward     nan  ep_len    nan  fell    0  err_xy 0.019  std 0.217  lr 1.0e-04  fps   7950   661.5s
it 2258/4000  reward     nan  ep_len    nan  fell    0  err_xy 0.019  std 0.217  lr 1.0e-04  fps   7894   661.8s
it 2259/4000  reward     nan  ep_len    nan  fell    0  err_xy 0.017  std 0.217  lr 1.0e-04  fps   8061   662.0s
it 2260/4000  reward     nan  ep_len    nan  fell    0  err_xy 0.014  std 0.217  lr 1.0e-04  fps   7992   662.3s
it 2261/4000  reward     nan  ep_len    nan  fell    0  err_xy 0.012  std 0.217  lr 1.0e-04  fps   7943   662.6s
it 2262/4000  reward     nan  ep_len    nan  fell    0  err_xy 0.014  std 0.217  lr 1.0e-04  fps   8384   662.9s
it 2263/4000  reward     nan  ep_len    nan  fell    0  err_xy 0.012  std 0.216  lr 1.0e-04  fps   7998   663.2s
it 2264/4000  reward     nan  ep_len    nan  fell    0  err_xy 0.011  std 0.216  lr 1.0e-04  fps   7390   663.5s
it 2265/4000  reward     nan  ep_len    nan  fell    0  err_xy 0.012  std 0.216  lr 1.0e-04  fps   7905   663.8s
it 2266/4000  reward     nan  ep_len    nan  fell    0  err_xy 0.013  std 0.216  lr 1.0e-04  fps   8119   664.1s
it 2267/4000  reward     nan  ep_len    nan  fell    0  err_xy 0.011  std 0.216  lr 1.0e-04  fps   8372   664.3s
it 2268/4000  reward     nan  ep_len    nan  fell    0  err_xy 0.011  std 0.216  lr 1.0e-04  fps   6973   664.7s
it 2269/4000  reward     nan  ep_len    nan  fell    0  err_xy 0.011  std 0.216  lr 1.0e-04  fps   7318   665.0s
it 2270/4000  reward  133.18  ep_len  908.0  fell    0  err_xy 0.013  std 0.216  lr 1.0e-04  fps   6344   665.4s
it 2271/4000  reward     nan  ep_len    nan  fell    0  err_xy 0.245  std 0.216  lr 1.0e-04  fps   8169   665.6s
it 2272/4000  reward     nan  ep_len    nan  fell    0  err_xy 0.207  std 0.216  lr 1.0e-04  fps   7421   665.9s
it 2273/4000  reward     nan  ep_len    nan  fell    0  err_xy 0.224  std 0.216  lr 1.0e-04  fps   6923   666.3s
it 2274/4000  reward     nan  ep_len    nan  fell    0  err_xy 0.219  std 0.216  lr 1.0e-04  fps   7840   666.6s
it 2275/4000  reward     nan  ep_len    nan  fell    0  err_xy 0.212  std 0.217  lr 1.0e-04  fps   8036   666.9s
it 2276/4000  reward     nan  ep_len    nan  fell    0  err_xy 0.191  std 0.217  lr 1.0e-04  fps   7470   667.2s
it 2277/4000  reward     nan  ep_len    nan  fell    0  err_xy 0.157  std 0.217  lr 1.0e-04  fps   7261   667.5s
it 2278/4000  reward     nan  ep_len    nan  fell    0  err_xy 0.150  std 0.217  lr 1.0e-04  fps   7452   667.8s
it 2279/4000  reward     nan  ep_len    nan  fell    0  err_xy 0.105  std 0.217  lr 1.0e-04  fps   6226   668.2s
it 2280/4000  reward     nan  ep_len    nan  fell    0  err_xy 0.086  std 0.217  lr 1.0e-04  fps   7189   668.5s
it 2281/4000  reward     nan  ep_len    nan  fell    0  err_xy 0.072  std 0.217  lr 1.0e-04  fps   6912   668.8s
it 2282/4000  reward     nan  ep_len    nan  fell    0  err_xy 0.066  std 0.217  lr 1.0e-04  fps   6727   669.2s
it 2283/4000  reward     nan  ep_len    nan  fell    0  err_xy 0.057  std 0.217  lr 1.0e-04  fps   7825   669.5s
it 2284/4000  reward     nan  ep_len    nan  fell    0  err_xy 0.049  std 0.217  lr 1.0e-04  fps   7218   669.8s
it 2285/4000  reward     nan  ep_len    nan  fell    0  err_xy 0.041  std 0.217  lr 1.0e-04  fps   7699   670.1s
it 2286/4000  reward     nan  ep_len    nan  fell    0  err_xy 0.035  std 0.217  lr 1.0e-04  fps   7335   670.4s
it 2287/4000  reward     nan  ep_len    nan  fell    0  err_xy 0.034  std 0.217  lr 1.0e-04  fps   7500   670.7s
it 2288/4000  reward     nan  ep_len    nan  fell    0  err_xy 0.027  std 0.217  lr 1.0e-04  fps   7828   671.0s
it 2289/4000  reward     nan  ep_len    nan  fell    0  err_xy 0.024  std 0.216  lr 1.0e-04  fps   7833   671.3s
it 2290/4000  reward     nan  ep_len    nan  fell    0  err_xy 0.019  std 0.216  lr 1.0e-04  fps   7914   671.6s
it 2291/4000  reward     nan  ep_len    nan  fell    0  err_xy 0.015  std 0.216  lr 1.0e-04  fps   7554   671.9s
it 2292/4000  reward     nan  ep_len    nan  fell    0  err_xy 0.015  std 0.216  lr 1.0e-04  fps   7667   672.2s
it 2293/4000  reward     nan  ep_len    nan  fell    0  err_xy 0.012  std 0.216  lr 1.0e-04  fps   7747   672.5s
it 2294/4000  reward     nan  ep_len    nan  fell    0  err_xy 0.012  std 0.216  lr 1.0e-04  fps   7707   672.8s
it 2295/4000  reward     nan  ep_len    nan  fell    0  err_xy 0.011  std 0.216  lr 1.0e-04  fps   7810   673.1s
it 2296/4000  reward     nan  ep_len    nan  fell    0  err_xy 0.011  std 0.216  lr 1.0e-04  fps   7906   673.4s
it 2297/4000  reward     nan  ep_len    nan  fell    0  err_xy 0.012  std 0.216  lr 1.0e-04  fps   8000   673.7s
it 2298/4000  reward     nan  ep_len    nan  fell    0  err_xy 0.010  std 0.216  lr 1.0e-04  fps   8029   673.9s
it 2299/4000  reward     nan  ep_len    nan  fell    0  err_xy 0.011  std 0.216  lr 1.0e-04  fps   8148   674.2s
it 2300/4000  reward     nan  ep_len    nan  fell    0  err_xy 0.012  std 0.216  lr 1.0e-04  fps   8177   674.5s
it 2301/4000  reward     nan  ep_len    nan  fell    0  err_xy 0.009  std 0.216  lr 1.0e-04  fps   8055   674.8s
it 2302/4000  reward     nan  ep_len    nan  fell    0  err_xy 0.013  std 0.217  lr 1.0e-04  fps   8074   675.1s
it 2303/4000  reward     nan  ep_len    nan  fell    0  err_xy 0.011  std 0.217  lr 1.0e-04  fps   8159   675.4s
it 2304/4000  reward     nan  ep_len    nan  fell    0  err_xy 0.011  std 0.217  lr 1.0e-04  fps   7347   675.7s
it 2305/4000  reward     nan  ep_len    nan  fell    0  err_xy 0.012  std 0.217  lr 1.0e-04  fps   7952   676.0s
it 2306/4000  reward     nan  ep_len    nan  fell    0  err_xy 0.009  std 0.217  lr 1.0e-04  fps   7952   676.3s
it 2307/4000  reward     nan  ep_len    nan  fell    0  err_xy 0.009  std 0.217  lr 1.0e-04  fps   8166   676.5s
it 2308/4000  reward  136.07  ep_len  908.0  fell    0  err_xy 0.034  std 0.217  lr 1.0e-04  fps   6450   676.9s
it 2309/4000  reward     nan  ep_len    nan  fell    0  err_xy 0.261  std 0.217  lr 1.0e-04  fps   8425   677.2s
it 2310/4000  reward     nan  ep_len    nan  fell    0  err_xy 0.213  std 0.217  lr 1.0e-04  fps   8234   677.5s
it 2311/4000  reward     nan  ep_len    nan  fell    0  err_xy 0.230  std 0.217  lr 1.0e-04  fps   8288   677.7s
it 2312/4000  reward     nan  ep_len    nan  fell    0  err_xy 0.212  std 0.217  lr 1.0e-04  fps   7759   678.0s
it 2313/4000  reward     nan  ep_len    nan  fell    0  err_xy 0.189  std 0.217  lr 1.0e-04  fps   8055   678.3s
it 2314/4000  reward     nan  ep_len    nan  fell    0  err_xy 0.173  std 0.217  lr 1.0e-04  fps   8058   678.6s
it 2315/4000  reward     nan  ep_len    nan  fell    0  err_xy 0.158  std 0.217  lr 1.0e-04  fps   7701   678.9s
it 2316/4000  reward     nan  ep_len    nan  fell    0  err_xy 0.145  std 0.217  lr 1.0e-04  fps   8145   679.2s
it 2317/4000  reward     nan  ep_len    nan  fell    0  err_xy 0.123  std 0.217  lr 1.0e-04  fps   7380   679.5s
it 2318/4000  reward     nan  ep_len    nan  fell    0  err_xy 0.107  std 0.217  lr 1.0e-04  fps   7339   679.8s
it 2319/4000  reward     nan  ep_len    nan  fell    0  err_xy 0.098  std 0.217  lr 1.0e-04  fps   7321   680.1s
it 2320/4000  reward     nan  ep_len    nan  fell    0  err_xy 0.079  std 0.217  lr 1.0e-04  fps   7820   680.4s
it 2321/4000  reward     nan  ep_len    nan  fell    0  err_xy 0.075  std 0.217  lr 1.0e-04  fps   7136   680.7s
it 2322/4000  reward     nan  ep_len    nan  fell    0  err_xy 0.072  std 0.217  lr 1.0e-04  fps   7933   681.0s
it 2323/4000  reward     nan  ep_len    nan  fell    0  err_xy 0.060  std 0.217  lr 1.0e-04  fps   7713   681.3s
it 2324/4000  reward     nan  ep_len    nan  fell    0  err_xy 0.045  std 0.217  lr 1.0e-04  fps   7945   681.6s
it 2325/4000  reward     nan  ep_len    nan  fell    0  err_xy 0.040  std 0.217  lr 1.0e-04  fps   8020   681.9s
it 2326/4000  reward     nan  ep_len    nan  fell    0  err_xy 0.035  std 0.217  lr 1.0e-04  fps   8010   682.2s
it 2327/4000  reward     nan  ep_len    nan  fell    0  err_xy 0.028  std 0.217  lr 1.0e-04  fps   7965   682.5s
it 2328/4000  reward     nan  ep_len    nan  fell    0  err_xy 0.026  std 0.217  lr 1.0e-04  fps   7772   682.8s
it 2329/4000  reward     nan  ep_len    nan  fell    0  err_xy 0.022  std 0.217  lr 1.0e-04  fps   7652   683.1s
it 2330/4000  reward     nan  ep_len    nan  fell    0  err_xy 0.019  std 0.217  lr 1.0e-04  fps   6801   683.4s
it 2331/4000  reward     nan  ep_len    nan  fell    0  err_xy 0.016  std 0.217  lr 1.0e-04  fps   7887   683.7s
it 2332/4000  reward     nan  ep_len    nan  fell    0  err_xy 0.012  std 0.217  lr 1.0e-04  fps   7802   684.0s
it 2333/4000  reward     nan  ep_len    nan  fell    0  err_xy 0.012  std 0.217  lr 1.0e-04  fps   7941   684.3s
it 2334/4000  reward     nan  ep_len    nan  fell    0  err_xy 0.012  std 0.217  lr 1.0e-04  fps   7759   684.6s
it 2335/4000  reward     nan  ep_len    nan  fell    0  err_xy 0.012  std 0.217  lr 1.0e-04  fps   7774   684.9s
it 2336/4000  reward     nan  ep_len    nan  fell    0  err_xy 0.008  std 0.217  lr 1.0e-04  fps   7877   685.2s
it 2337/4000  reward     nan  ep_len    nan  fell    0  err_xy 0.009  std 0.217  lr 1.0e-04  fps   6922   685.5s
it 2338/4000  reward     nan  ep_len    nan  fell    0  err_xy 0.008  std 0.216  lr 1.0e-04  fps   7681   685.8s
it 2339/4000  reward     nan  ep_len    nan  fell    0  err_xy 0.009  std 0.216  lr 1.0e-04  fps   8283   686.1s
it 2340/4000  reward     nan  ep_len    nan  fell    0  err_xy 0.009  std 0.216  lr 1.0e-04  fps   8359   686.4s
it 2341/4000  reward     nan  ep_len    nan  fell    0  err_xy 0.009  std 0.216  lr 1.0e-04  fps   8377   686.7s
it 2342/4000  reward     nan  ep_len    nan  fell    0  err_xy 0.009  std 0.216  lr 1.0e-04  fps   8420   686.9s
it 2343/4000  reward     nan  ep_len    nan  fell    0  err_xy 0.009  std 0.216  lr 1.0e-04  fps   8407   687.2s
it 2344/4000  reward     nan  ep_len    nan  fell    0  err_xy 0.008  std 0.216  lr 1.0e-04  fps   8434   687.5s
it 2345/4000  reward     nan  ep_len    nan  fell    0  err_xy 0.008  std 0.216  lr 1.0e-04  fps   8355   687.8s
it 2346/4000  reward  133.35  ep_len  908.0  fell    0  err_xy 0.074  std 0.216  lr 1.0e-04  fps   6850   688.1s
it 2347/4000  reward     nan  ep_len    nan  fell    0  err_xy 0.232  std 0.216  lr 1.0e-04  fps   8166   688.4s
it 2348/4000  reward     nan  ep_len    nan  fell    0  err_xy 0.206  std 0.216  lr 1.0e-04  fps   7530   688.7s
it 2349/4000  reward     nan  ep_len    nan  fell    0  err_xy 0.234  std 0.216  lr 1.0e-04  fps   8237   689.0s
it 2350/4000  reward     nan  ep_len    nan  fell    0  err_xy 0.229  std 0.217  lr 1.0e-04  fps   8428   689.2s
it 2351/4000  reward     nan  ep_len    nan  fell    0  err_xy 0.217  std 0.217  lr 1.0e-04  fps   8502   689.5s
it 2352/4000  reward     nan  ep_len    nan  fell    0  err_xy 0.200  std 0.217  lr 1.0e-04  fps   8580   689.8s
it 2353/4000  reward     nan  ep_len    nan  fell    0  err_xy 0.171  std 0.217  lr 1.0e-04  fps   8603   690.0s
it 2354/4000  reward     nan  ep_len    nan  fell    0  err_xy 0.161  std 0.217  lr 1.0e-04  fps   8547   690.3s
it 2355/4000  reward     nan  ep_len    nan  fell    0  err_xy 0.134  std 0.217  lr 1.0e-04  fps   8198   690.6s
it 2356/4000  reward     nan  ep_len    nan  fell    0  err_xy 0.116  std 0.217  lr 1.0e-04  fps   8019   690.9s
it 2357/4000  reward     nan  ep_len    nan  fell    0  err_xy 0.082  std 0.217  lr 1.0e-04  fps   8246   691.2s
it 2358/4000  reward     nan  ep_len    nan  fell    0  err_xy 0.094  std 0.217  lr 1.0e-04  fps   8257   691.4s
it 2359/4000  reward     nan  ep_len    nan  fell    0  err_xy 0.073  std 0.217  lr 1.0e-04  fps   8167   691.7s
it 2360/4000  reward     nan  ep_len    nan  fell    0  err_xy 0.057  std 0.217  lr 1.0e-04  fps   8198   692.0s
it 2361/4000  reward     nan  ep_len    nan  fell    0  err_xy 0.043  std 0.217  lr 1.0e-04  fps   8143   692.3s
it 2362/4000  reward     nan  ep_len    nan  fell    0  err_xy 0.036  std 0.217  lr 1.0e-04  fps   8023   692.6s
it 2363/4000  reward     nan  ep_len    nan  fell    0  err_xy 0.025  std 0.217  lr 1.0e-04  fps   7867   692.9s
it 2364/4000  reward     nan  ep_len    nan  fell    0  err_xy 0.022  std 0.217  lr 1.0e-04  fps   7850   693.2s
it 2365/4000  reward     nan  ep_len    nan  fell    0  err_xy 0.020  std 0.217  lr 1.0e-04  fps   7601   693.5s
it 2366/4000  reward     nan  ep_len    nan  fell    0  err_xy 0.016  std 0.217  lr 1.0e-04  fps   7301   693.8s
it 2367/4000  reward     nan  ep_len    nan  fell    0  err_xy 0.012  std 0.217  lr 1.0e-04  fps   7373   694.1s
it 2368/4000  reward     nan  ep_len    nan  fell    0  err_xy 0.010  std 0.217  lr 1.0e-04  fps   7879   694.4s
it 2369/4000  reward     nan  ep_len    nan  fell    0  err_xy 0.010  std 0.216  lr 1.0e-04  fps   7982   694.7s
it 2370/4000  reward     nan  ep_len    nan  fell    0  err_xy 0.011  std 0.216  lr 1.0e-04  fps   8093   695.0s
it 2371/4000  reward     nan  ep_len    nan  fell    0  err_xy 0.009  std 0.216  lr 1.0e-04  fps   8112   695.2s
it 2372/4000  reward     nan  ep_len    nan  fell    0  err_xy 0.012  std 0.216  lr 1.0e-04  fps   8203   695.5s
it 2373/4000  reward     nan  ep_len    nan  fell    0  err_xy 0.011  std 0.216  lr 1.0e-04  fps   8187   695.8s
it 2374/4000  reward     nan  ep_len    nan  fell    0  err_xy 0.011  std 0.216  lr 1.0e-04  fps   7442   696.1s
it 2375/4000  reward     nan  ep_len    nan  fell    0  err_xy 0.014  std 0.216  lr 1.0e-04  fps   7666   696.4s
it 2376/4000  reward     nan  ep_len    nan  fell    0  err_xy 0.012  std 0.216  lr 1.0e-04  fps   7869   696.7s
it 2377/4000  reward     nan  ep_len    nan  fell    0  err_xy 0.012  std 0.216  lr 1.0e-04  fps   8225   697.0s
it 2378/4000  reward     nan  ep_len    nan  fell    0  err_xy 0.013  std 0.216  lr 1.0e-04  fps   8240   697.3s
it 2379/4000  reward     nan  ep_len    nan  fell    0  err_xy 0.012  std 0.216  lr 1.0e-04  fps   8342   697.5s
it 2380/4000  reward     nan  ep_len    nan  fell    0  err_xy 0.012  std 0.216  lr 1.0e-04  fps   7494   697.9s
it 2381/4000  reward     nan  ep_len    nan  fell    0  err_xy 0.011  std 0.217  lr 1.0e-04  fps   8003   698.1s
it 2382/4000  reward     nan  ep_len    nan  fell    0  err_xy 0.009  std 0.217  lr 1.0e-04  fps   8251   698.4s
it 2383/4000  reward     nan  ep_len    nan  fell    0  err_xy 0.008  std 0.216  lr 1.0e-04  fps   8107   698.7s
it 2384/4000  reward  140.63  ep_len  908.0  fell    0  err_xy 0.106  std 0.217  lr 1.0e-04  fps   6596   699.1s
it 2385/4000  reward     nan  ep_len    nan  fell    0  err_xy 0.230  std 0.217  lr 1.0e-04  fps   7742   699.4s
it 2386/4000  reward     nan  ep_len    nan  fell    0  err_xy 0.212  std 0.217  lr 1.0e-04  fps   7699   699.7s
it 2387/4000  reward     nan  ep_len    nan  fell    0  err_xy 0.193  std 0.217  lr 1.0e-04  fps   7773   700.0s
it 2388/4000  reward     nan  ep_len    nan  fell    0  err_xy 0.194  std 0.217  lr 1.0e-04  fps   7796   700.2s
it 2389/4000  reward     nan  ep_len    nan  fell    0  err_xy 0.171  std 0.217  lr 1.0e-04  fps   7358   700.6s
it 2390/4000  reward     nan  ep_len    nan  fell    0  err_xy 0.170  std 0.217  lr 1.0e-04  fps   7830   700.9s
it 2391/4000  reward     nan  ep_len    nan  fell    0  err_xy 0.148  std 0.217  lr 1.0e-04  fps   7571   701.2s
it 2392/4000  reward     nan  ep_len    nan  fell    0  err_xy 0.124  std 0.217  lr 1.0e-04  fps   7779   701.5s
it 2393/4000  reward     nan  ep_len    nan  fell    0  err_xy 0.106  std 0.217  lr 1.0e-04  fps   7168   701.8s
it 2394/4000  reward     nan  ep_len    nan  fell    0  err_xy 0.083  std 0.217  lr 1.0e-04  fps   7144   702.1s
it 2395/4000  reward     nan  ep_len    nan  fell    0  err_xy 0.057  std 0.217  lr 1.0e-04  fps   7406   702.4s
it 2396/4000  reward     nan  ep_len    nan  fell    0  err_xy 0.064  std 0.217  lr 1.0e-04  fps   7438   702.7s
it 2397/4000  reward     nan  ep_len    nan  fell    0  err_xy 0.050  std 0.217  lr 1.0e-04  fps   7298   703.0s
it 2398/4000  reward     nan  ep_len    nan  fell    0  err_xy 0.038  std 0.217  lr 1.0e-04  fps   7250   703.4s
it 2399/4000  reward     nan  ep_len    nan  fell    0  err_xy 0.033  std 0.217  lr 1.0e-04  fps   6482   703.7s
it 2400/4000  reward     nan  ep_len    nan  fell    0  err_xy 0.027  std 0.217  lr 1.0e-04  fps   6640   704.1s
eval iteration 2400:
  prone          success   0.0%  time 20.89s  peak_τ 0.96 Nm  return 164.81
  supine         success   0.0%  time 21.16s  peak_τ 0.96 Nm  return 163.02
  score 0.000
it 2401/4000  reward     nan  ep_len    nan  fell    0  err_xy 0.025  std 0.217  lr 1.0e-04  fps   7936   709.3s
it 2402/4000  reward     nan  ep_len    nan  fell    0  err_xy 0.025  std 0.217  lr 1.0e-04  fps   7875   709.6s
it 2403/4000  reward     nan  ep_len    nan  fell    0  err_xy 0.022  std 0.217  lr 1.0e-04  fps   7129   710.0s
it 2404/4000  reward     nan  ep_len    nan  fell    0  err_xy 0.021  std 0.217  lr 1.0e-04  fps   7591   710.3s
it 2405/4000  reward     nan  ep_len    nan  fell    0  err_xy 0.015  std 0.217  lr 1.0e-04  fps   7759   710.6s
it 2406/4000  reward     nan  ep_len    nan  fell    0  err_xy 0.019  std 0.217  lr 1.0e-04  fps   8097   710.8s
it 2407/4000  reward     nan  ep_len    nan  fell    0  err_xy 0.022  std 0.217  lr 1.0e-04  fps   8106   711.1s
it 2408/4000  reward     nan  ep_len    nan  fell    0  err_xy 0.016  std 0.217  lr 1.0e-04  fps   7792   711.4s
it 2409/4000  reward     nan  ep_len    nan  fell    0  err_xy 0.013  std 0.217  lr 1.0e-04  fps   7528   711.7s
it 2410/4000  reward     nan  ep_len    nan  fell    0  err_xy 0.015  std 0.217  lr 1.0e-04  fps   7606   712.0s
it 2411/4000  reward     nan  ep_len    nan  fell    0  err_xy 0.014  std 0.217  lr 1.0e-04  fps   7515   712.3s
it 2412/4000  reward     nan  ep_len    nan  fell    0  err_xy 0.014  std 0.217  lr 1.0e-04  fps   7242   712.7s
it 2413/4000  reward     nan  ep_len    nan  fell    0  err_xy 0.016  std 0.217  lr 1.0e-04  fps   8106   712.9s
it 2414/4000  reward     nan  ep_len    nan  fell    0  err_xy 0.014  std 0.217  lr 1.0e-04  fps   8118   713.2s
it 2415/4000  reward     nan  ep_len    nan  fell    0  err_xy 0.013  std 0.217  lr 1.0e-04  fps   7514   713.5s
it 2416/4000  reward     nan  ep_len    nan  fell    0  err_xy 0.010  std 0.217  lr 1.0e-04  fps   8036   713.8s
it 2417/4000  reward     nan  ep_len    nan  fell    0  err_xy 0.009  std 0.217  lr 1.0e-04  fps   7627   714.1s
it 2418/4000  reward     nan  ep_len    nan  fell    0  err_xy 0.009  std 0.217  lr 1.0e-04  fps   7496   714.4s
it 2419/4000  reward     nan  ep_len    nan  fell    0  err_xy 0.008  std 0.217  lr 1.0e-04  fps   7607   714.7s
it 2420/4000  reward     nan  ep_len    nan  fell    0  err_xy 0.009  std 0.216  lr 1.0e-04  fps   7648   715.0s
it 2421/4000  reward     nan  ep_len    nan  fell    0  err_xy 0.009  std 0.216  lr 1.0e-04  fps   7906   715.3s
it 2422/4000  reward  136.87  ep_len  908.0  fell    0  err_xy 0.159  std 0.216  lr 1.0e-04  fps   5778   715.7s
Process SpawnProcess-12:
Process SpawnProcess-11:
Process SpawnProcess-1:
Process SpawnProcess-3:
Process SpawnProcess-8:
Process SpawnProcess-4:
Process SpawnProcess-2:
Process SpawnProcess-9:
Process SpawnProcess-10:
Process SpawnProcess-5:
Process SpawnProcess-6:
Process SpawnProcess-7:
Traceback (most recent call last):
Traceback (most recent call last):
Traceback (most recent call last):
Traceback (most recent call last):
Traceback (most recent call last):
Traceback (most recent call last):
Traceback (most recent call last):
Traceback (most recent call last):
Traceback (most recent call last):
Traceback (most recent call last):
Traceback (most recent call last):
  File "/Users/robertonavoni/.local/share/uv/python/cpython-3.12.11-macos-aarch64-none/lib/python3.12/multiprocessing/process.py", line 314, in _bootstrap
    self.run()
  File "/Users/robertonavoni/.local/share/uv/python/cpython-3.12.11-macos-aarch64-none/lib/python3.12/multiprocessing/process.py", line 314, in _bootstrap
    self.run()
  File "/Users/robertonavoni/.local/share/uv/python/cpython-3.12.11-macos-aarch64-none/lib/python3.12/multiprocessing/process.py", line 108, in run
    self._target(*self._args, **self._kwargs)
  File "/Users/robertonavoni/.local/share/uv/python/cpython-3.12.11-macos-aarch64-none/lib/python3.12/multiprocessing/process.py", line 314, in _bootstrap
    self.run()
  File "/Users/robertonavoni/Desktop/Lavoro/Progetti-2026/Progetti Software/microduck-ap-ppo-sitl/tools/robots/train_velocity.py", line 324, in _worker
    cmd, data = conn.recv()
                ^^^^^^^^^^^
  File "/Users/robertonavoni/.local/share/uv/python/cpython-3.12.11-macos-aarch64-none/lib/python3.12/multiprocessing/process.py", line 314, in _bootstrap
    self.run()
  File "/Users/robertonavoni/.local/share/uv/python/cpython-3.12.11-macos-aarch64-none/lib/python3.12/multiprocessing/process.py", line 314, in _bootstrap
    self.run()
Traceback (most recent call last):
  File "/Users/robertonavoni/.local/share/uv/python/cpython-3.12.11-macos-aarch64-none/lib/python3.12/multiprocessing/process.py", line 108, in run
    self._target(*self._args, **self._kwargs)
  File "/Users/robertonavoni/Desktop/Lavoro/Progetti-2026/Progetti Software/microduck-ap-ppo-sitl/tools/robots/train_velocity.py", line 324, in _worker
    cmd, data = conn.recv()
                ^^^^^^^^^^^
  File "/Users/robertonavoni/.local/share/uv/python/cpython-3.12.11-macos-aarch64-none/lib/python3.12/multiprocessing/connection.py", line 250, in recv
    buf = self._recv_bytes()
          ^^^^^^^^^^^^^^^^^^
  File "/Users/robertonavoni/.local/share/uv/python/cpython-3.12.11-macos-aarch64-none/lib/python3.12/multiprocessing/process.py", line 314, in _bootstrap
    self.run()
  File "/Users/robertonavoni/.local/share/uv/python/cpython-3.12.11-macos-aarch64-none/lib/python3.12/multiprocessing/process.py", line 108, in run
    self._target(*self._args, **self._kwargs)
  File "/Users/robertonavoni/.local/share/uv/python/cpython-3.12.11-macos-aarch64-none/lib/python3.12/multiprocessing/process.py", line 108, in run
    self._target(*self._args, **self._kwargs)
  File "/Users/robertonavoni/.local/share/uv/python/cpython-3.12.11-macos-aarch64-none/lib/python3.12/multiprocessing/process.py", line 314, in _bootstrap
    self.run()
  File "/Users/robertonavoni/.local/share/uv/python/cpython-3.12.11-macos-aarch64-none/lib/python3.12/multiprocessing/process.py", line 108, in run
    self._target(*self._args, **self._kwargs)
  File "/Users/robertonavoni/.local/share/uv/python/cpython-3.12.11-macos-aarch64-none/lib/python3.12/multiprocessing/connection.py", line 430, in _recv_bytes
    buf = self._recv(4)
          ^^^^^^^^^^^^^
  File "/Users/robertonavoni/Desktop/Lavoro/Progetti-2026/Progetti Software/microduck-ap-ppo-sitl/tools/robots/train_velocity.py", line 324, in _worker
    cmd, data = conn.recv()
                ^^^^^^^^^^^
  File "/Users/robertonavoni/.local/share/uv/python/cpython-3.12.11-macos-aarch64-none/lib/python3.12/multiprocessing/process.py", line 314, in _bootstrap
    self.run()
  File "/Users/robertonavoni/.local/share/uv/python/cpython-3.12.11-macos-aarch64-none/lib/python3.12/multiprocessing/process.py", line 314, in _bootstrap
    self.run()
  File "/Users/robertonavoni/.local/share/uv/python/cpython-3.12.11-macos-aarch64-none/lib/python3.12/multiprocessing/process.py", line 314, in _bootstrap
    self.run()
  File "/Users/robertonavoni/.local/share/uv/python/cpython-3.12.11-macos-aarch64-none/lib/python3.12/multiprocessing/process.py", line 314, in _bootstrap
    self.run()
  File "/Users/robertonavoni/.local/share/uv/python/cpython-3.12.11-macos-aarch64-none/lib/python3.12/multiprocessing/connection.py", line 399, in _recv
    raise EOFError
  File "/Users/robertonavoni/.local/share/uv/python/cpython-3.12.11-macos-aarch64-none/lib/python3.12/multiprocessing/process.py", line 314, in _bootstrap
    self.run()
  File "/Users/robertonavoni/.local/share/uv/python/cpython-3.12.11-macos-aarch64-none/lib/python3.12/multiprocessing/process.py", line 108, in run
    self._target(*self._args, **self._kwargs)
  File "/Users/robertonavoni/.local/share/uv/python/cpython-3.12.11-macos-aarch64-none/lib/python3.12/multiprocessing/connection.py", line 250, in recv
    buf = self._recv_bytes()
          ^^^^^^^^^^^^^^^^^^
  File "/Users/robertonavoni/Desktop/Lavoro/Progetti-2026/Progetti Software/microduck-ap-ppo-sitl/tools/robots/train_velocity.py", line 324, in _worker
    cmd, data = conn.recv()
                ^^^^^^^^^^^
  File "/Users/robertonavoni/.local/share/uv/python/cpython-3.12.11-macos-aarch64-none/lib/python3.12/multiprocessing/process.py", line 108, in run
    self._target(*self._args, **self._kwargs)
  File "/Users/robertonavoni/.local/share/uv/python/cpython-3.12.11-macos-aarch64-none/lib/python3.12/multiprocessing/process.py", line 108, in run
    self._target(*self._args, **self._kwargs)
  File "/Users/robertonavoni/.local/share/uv/python/cpython-3.12.11-macos-aarch64-none/lib/python3.12/multiprocessing/connection.py", line 250, in recv
    buf = self._recv_bytes()
          ^^^^^^^^^^^^^^^^^^
  File "/Users/robertonavoni/.local/share/uv/python/cpython-3.12.11-macos-aarch64-none/lib/python3.12/multiprocessing/connection.py", line 430, in _recv_bytes
    buf = self._recv(4)
          ^^^^^^^^^^^^^
  File "/Users/robertonavoni/.local/share/uv/python/cpython-3.12.11-macos-aarch64-none/lib/python3.12/multiprocessing/process.py", line 108, in run
    self._target(*self._args, **self._kwargs)
  File "/Users/robertonavoni/Desktop/Lavoro/Progetti-2026/Progetti Software/microduck-ap-ppo-sitl/tools/robots/train_velocity.py", line 324, in _worker
    cmd, data = conn.recv()
                ^^^^^^^^^^^
  File "/Users/robertonavoni/Desktop/Lavoro/Progetti-2026/Progetti Software/microduck-ap-ppo-sitl/tools/robots/train_velocity.py", line 324, in _worker
    cmd, data = conn.recv()
                ^^^^^^^^^^^
  File "/Users/robertonavoni/.local/share/uv/python/cpython-3.12.11-macos-aarch64-none/lib/python3.12/multiprocessing/process.py", line 108, in run
    self._target(*self._args, **self._kwargs)
  File "/Users/robertonavoni/.local/share/uv/python/cpython-3.12.11-macos-aarch64-none/lib/python3.12/multiprocessing/connection.py", line 430, in _recv_bytes
    buf = self._recv(4)
          ^^^^^^^^^^^^^
  File "/Users/robertonavoni/Desktop/Lavoro/Progetti-2026/Progetti Software/microduck-ap-ppo-sitl/tools/robots/train_velocity.py", line 324, in _worker
    cmd, data = conn.recv()
                ^^^^^^^^^^^
  File "/Users/robertonavoni/.local/share/uv/python/cpython-3.12.11-macos-aarch64-none/lib/python3.12/multiprocessing/connection.py", line 250, in recv
    buf = self._recv_bytes()
          ^^^^^^^^^^^^^^^^^^
  File "/Users/robertonavoni/.local/share/uv/python/cpython-3.12.11-macos-aarch64-none/lib/python3.12/multiprocessing/connection.py", line 250, in recv
    buf = self._recv_bytes()
          ^^^^^^^^^^^^^^^^^^
  File "/Users/robertonavoni/.local/share/uv/python/cpython-3.12.11-macos-aarch64-none/lib/python3.12/multiprocessing/connection.py", line 250, in recv
    buf = self._recv_bytes()
          ^^^^^^^^^^^^^^^^^^
  File "/Users/robertonavoni/.local/share/uv/python/cpython-3.12.11-macos-aarch64-none/lib/python3.12/multiprocessing/connection.py", line 250, in recv
    buf = self._recv_bytes()
          ^^^^^^^^^^^^^^^^^^
  File "/Users/robertonavoni/.local/share/uv/python/cpython-3.12.11-macos-aarch64-none/lib/python3.12/multiprocessing/connection.py", line 430, in _recv_bytes
    buf = self._recv(4)
          ^^^^^^^^^^^^^
EOFError
  File "/Users/robertonavoni/.local/share/uv/python/cpython-3.12.11-macos-aarch64-none/lib/python3.12/multiprocessing/connection.py", line 430, in _recv_bytes
    buf = self._recv(4)
          ^^^^^^^^^^^^^
  File "/Users/robertonavoni/Desktop/Lavoro/Progetti-2026/Progetti Software/microduck-ap-ppo-sitl/tools/robots/train_velocity.py", line 324, in _worker
    cmd, data = conn.recv()
                ^^^^^^^^^^^
  File "/Users/robertonavoni/.local/share/uv/python/cpython-3.12.11-macos-aarch64-none/lib/python3.12/multiprocessing/connection.py", line 430, in _recv_bytes
    buf = self._recv(4)
          ^^^^^^^^^^^^^
  File "/Users/robertonavoni/.local/share/uv/python/cpython-3.12.11-macos-aarch64-none/lib/python3.12/multiprocessing/connection.py", line 399, in _recv
    raise EOFError
  File "/Users/robertonavoni/.local/share/uv/python/cpython-3.12.11-macos-aarch64-none/lib/python3.12/multiprocessing/connection.py", line 250, in recv
    buf = self._recv_bytes()
          ^^^^^^^^^^^^^^^^^^
  File "/Users/robertonavoni/.local/share/uv/python/cpython-3.12.11-macos-aarch64-none/lib/python3.12/multiprocessing/connection.py", line 399, in _recv
    raise EOFError
  File "/Users/robertonavoni/.local/share/uv/python/cpython-3.12.11-macos-aarch64-none/lib/python3.12/multiprocessing/connection.py", line 399, in _recv
    raise EOFError
  File "/Users/robertonavoni/Desktop/Lavoro/Progetti-2026/Progetti Software/microduck-ap-ppo-sitl/tools/robots/train_velocity.py", line 324, in _worker
    cmd, data = conn.recv()
                ^^^^^^^^^^^
  File "/Users/robertonavoni/.local/share/uv/python/cpython-3.12.11-macos-aarch64-none/lib/python3.12/multiprocessing/process.py", line 108, in run
    self._target(*self._args, **self._kwargs)
  File "/Users/robertonavoni/.local/share/uv/python/cpython-3.12.11-macos-aarch64-none/lib/python3.12/multiprocessing/connection.py", line 399, in _recv
    raise EOFError
  File "/Users/robertonavoni/.local/share/uv/python/cpython-3.12.11-macos-aarch64-none/lib/python3.12/multiprocessing/connection.py", line 399, in _recv
    raise EOFError
  File "/Users/robertonavoni/.local/share/uv/python/cpython-3.12.11-macos-aarch64-none/lib/python3.12/multiprocessing/connection.py", line 250, in recv
    buf = self._recv_bytes()
          ^^^^^^^^^^^^^^^^^^
  File "/Users/robertonavoni/.local/share/uv/python/cpython-3.12.11-macos-aarch64-none/lib/python3.12/multiprocessing/connection.py", line 430, in _recv_bytes
    buf = self._recv(4)
          ^^^^^^^^^^^^^
  File "/Users/robertonavoni/.local/share/uv/python/cpython-3.12.11-macos-aarch64-none/lib/python3.12/multiprocessing/connection.py", line 430, in _recv_bytes
    buf = self._recv(4)
          ^^^^^^^^^^^^^
  File "/Users/robertonavoni/.local/share/uv/python/cpython-3.12.11-macos-aarch64-none/lib/python3.12/multiprocessing/connection.py", line 399, in _recv
    raise EOFError
EOFError
  File "/Users/robertonavoni/.local/share/uv/python/cpython-3.12.11-macos-aarch64-none/lib/python3.12/multiprocessing/connection.py", line 399, in _recv
    raise EOFError
  File "/Users/robertonavoni/.local/share/uv/python/cpython-3.12.11-macos-aarch64-none/lib/python3.12/multiprocessing/connection.py", line 430, in _recv_bytes
    buf = self._recv(4)
          ^^^^^^^^^^^^^
  File "/Users/robertonavoni/.local/share/uv/python/cpython-3.12.11-macos-aarch64-none/lib/python3.12/multiprocessing/process.py", line 108, in run
    self._target(*self._args, **self._kwargs)
  File "/Users/robertonavoni/Desktop/Lavoro/Progetti-2026/Progetti Software/microduck-ap-ppo-sitl/tools/robots/train_velocity.py", line 324, in _worker
    cmd, data = conn.recv()
                ^^^^^^^^^^^
EOFError
  File "/Users/robertonavoni/.local/share/uv/python/cpython-3.12.11-macos-aarch64-none/lib/python3.12/multiprocessing/connection.py", line 250, in recv
    buf = self._recv_bytes()
          ^^^^^^^^^^^^^^^^^^
  File "/Users/robertonavoni/Desktop/Lavoro/Progetti-2026/Progetti Software/microduck-ap-ppo-sitl/tools/robots/train_velocity.py", line 324, in _worker
    cmd, data = conn.recv()
                ^^^^^^^^^^^
  File "/Users/robertonavoni/Desktop/Lavoro/Progetti-2026/Progetti Software/microduck-ap-ppo-sitl/tools/robots/train_velocity.py", line 324, in _worker
    cmd, data = conn.recv()
                ^^^^^^^^^^^
  File "/Users/robertonavoni/.local/share/uv/python/cpython-3.12.11-macos-aarch64-none/lib/python3.12/multiprocessing/connection.py", line 250, in recv
    buf = self._recv_bytes()
          ^^^^^^^^^^^^^^^^^^
  File "/Users/robertonavoni/.local/share/uv/python/cpython-3.12.11-macos-aarch64-none/lib/python3.12/multiprocessing/connection.py", line 430, in _recv_bytes
    buf = self._recv(4)
          ^^^^^^^^^^^^^
EOFError
EOFError
  File "/Users/robertonavoni/.local/share/uv/python/cpython-3.12.11-macos-aarch64-none/lib/python3.12/multiprocessing/connection.py", line 250, in recv
    buf = self._recv_bytes()
          ^^^^^^^^^^^^^^^^^^
  File "/Users/robertonavoni/.local/share/uv/python/cpython-3.12.11-macos-aarch64-none/lib/python3.12/multiprocessing/connection.py", line 399, in _recv
    raise EOFError
  File "/Users/robertonavoni/.local/share/uv/python/cpython-3.12.11-macos-aarch64-none/lib/python3.12/multiprocessing/connection.py", line 430, in _recv_bytes
    buf = self._recv(4)
          ^^^^^^^^^^^^^
EOFError
  File "/Users/robertonavoni/.local/share/uv/python/cpython-3.12.11-macos-aarch64-none/lib/python3.12/multiprocessing/connection.py", line 399, in _recv
    raise EOFError
EOFError
EOFError
  File "/Users/robertonavoni/.local/share/uv/python/cpython-3.12.11-macos-aarch64-none/lib/python3.12/multiprocessing/connection.py", line 399, in _recv
    raise EOFError
EOFError
EOFError
  File "/Users/robertonavoni/.local/share/uv/python/cpython-3.12.11-macos-aarch64-none/lib/python3.12/multiprocessing/connection.py", line 430, in _recv_bytes
    buf = self._recv(4)
          ^^^^^^^^^^^^^
EOFError
  File "/Users/robertonavoni/.local/share/uv/python/cpython-3.12.11-macos-aarch64-none/lib/python3.12/multiprocessing/connection.py", line 399, in _recv
    raise EOFError
EOFError
