iteration,Train/mean_reward,Train/mean_episode_length,Train/mean_step_reward,Episode_Termination/time_out,Episode_Termination/fell_over,Metrics/twist/error_vel_xy,Metrics/twist/error_vel_yaw,Loss/value,Loss/surrogate,Loss/entropy,Loss/learning_rate,Loss/kl,Policy/mean_std,Perf/total_fps,Perf/collection_time,Perf/learning_time,Curriculum/action_rate_weight,Curriculum/standing_envs,Curriculum/penalty_scale,time_s,env_steps,Episode_Reward/track_linear_velocity,Episode_Reward/track_angular_velocity,Episode_Reward/upright,Episode_Reward/pose,Episode_Reward/action_rate_l2,Episode_Reward/alive,Episode_Reward/air_time,Episode_Reward/single_stance,Episode_Reward/foot_lift,Episode_Reward/foot_alternation,Episode_Reward/foot_symmetry,Episode_Reward/foot_clearance,Episode_Reward/foot_swing_height,Episode_Reward/foot_slip,Episode_Reward/trot,Episode_Reward/joint_torque,Episode_Reward/self_collisions,Episode_Reward/dof_pos_limits,Episode_Reward/body_ang_vel,Episode_Reward/angular_momentum,Episode_Reward/pose_l2,Episode_Reward/no_progress,Episode_Reward/joint_vel,Episode_Reward/undesired_contacts,Episode_Reward/base_height,Episode_Reward/three_stance,Episode_Reward/under_stance,Episode_Reward/all_stance,Episode_Reward/footfall_sequence,Episode_Reward/termination
1,-9.40863,18.0407,-0.0531839,0,5.125,0.137279,1.35961,4.58812,0.149235,2.64031,0.000666667,1.68271,0.303598,12673.2,0.620107,0.349498,-0.1,0.02,0.1,0.969728,12288,0.00989942,0.000390039,0.00555928,0.000668563,-0.00408046,0.0180407,-0.000770081,nan,nan,nan,nan,-0.000128947,-0.000163292,-8.1517e-05,nan,-0.000720759,-6.91057e-05,-0.000180495,-0.00364252,nan,-0.00297913,-0.00639723,-0.00247169,-0.0036878,0.0174404,0.00712195,-0.00433821,-4.87805e-05,0,-0.5
2,-8.9335,31.4884,-0.172918,0,10.75,0.16884,1.50175,6.01595,0.0397022,2.75757,0.000444444,0.0745077,0.305217,12096.5,0.671889,0.343938,-0.1,0.02,0.1,1.98713,24576,0.0119154,0.000627406,0.0116341,0.00111261,-0.00731806,0.0314884,-0.00102457,nan,nan,nan,nan,-0.000235418,-0.000443134,-0.000158183,nan,-0.00127738,-6.82171e-05,-0.000416853,-0.00519577,nan,-0.00560631,-0.0110109,-0.00439771,-0.00727209,0.0339224,0.0134264,-0.00703411,-0.000111628,0.000469961,-0.5
3,-8.5136,40.92,-0.14391,0,9.375,0.163431,1.52879,5.24617,-0.00595391,2.7963,0.000296296,0.0280624,0.305766,13174.7,0.652502,0.280196,-0.1,0.02,0.1,2.92158,36864,0.0148975,0.000861297,0.0165182,0.00153795,-0.00962474,0.04092,-0.00106124,nan,nan,nan,nan,-0.000277614,-0.000661335,-0.000214084,nan,-0.00167004,-7.95556e-05,-0.000547325,-0.00660003,nan,-0.00638511,-0.0143414,-0.00570212,-0.00974,0.0456312,0.0181156,-0.00902044,-0.000172444,0.00187222,-0.5
4,-8.14943,48.7838,-0.110945,0,7.70833,0.164926,1.49017,4.15927,-0.0135834,2.81065,0.000197531,0.0296992,0.305852,15016.9,0.572306,0.245972,-0.1,0.02,0.1,3.74132,49152,0.0178202,0.00101984,0.020705,0.00182796,-0.0114507,0.0487838,-0.00103076,nan,nan,nan,nan,-0.000317974,-0.000820134,-0.000255392,nan,-0.00199191,-3.94595e-05,-0.000656606,-0.00746294,nan,-0.00771605,-0.0170556,-0.006753,-0.0114373,0.055367,0.0217081,-0.0107395,-0.00020973,0.00286486,-0.5
5,-7.90116,53.9444,-0.107376,0,7.5,0.167996,1.51027,3.43602,-0.0142358,2.81083,0.000197531,0.0189013,0.305835,12407.4,0.602515,0.387863,-0.1,0.02,0.1,4.73314,61440,0.0184152,0.00106771,0.0220836,0.00205351,-0.0127499,0.0539444,-0.00106117,nan,nan,nan,nan,-0.000367089,-0.00102993,-0.000296412,nan,-0.00219972,-5.38889e-05,-0.000751148,-0.00823254,nan,-0.00798064,-0.0170647,-0.00752945,-0.0127733,0.0618591,0.0243778,-0.0117089,-0.000213333,0.00515278,-0.5
6,-7.76447,58.085,-0.0850472,0,6.375,0.168245,1.51633,2.9879,-0.0149312,2.81015,0.000131687,0.0241217,0.305815,12720.7,0.634268,0.331716,-0.1,0.02,0.1,5.70098,73728,0.0192878,0.00111508,0.0238598,0.00214702,-0.0138535,0.058085,-0.000951569,nan,nan,nan,nan,-0.00037907,-0.00115442,-0.000313865,nan,-0.00238316,-4.90196e-05,-0.000768443,-0.00877653,nan,-0.0088628,-0.0198096,-0.00807874,-0.0137529,0.0673342,0.0259869,-0.0127242,-0.000226144,0.00591503,-0.5
7,-7.50332,63.0985,-0.0665014,0,5.5,0.165138,1.47596,2.58108,-0.0147344,2.8074,0.000131687,0.0190855,0.305689,12638.3,0.609843,0.36244,-0.1,0.02,0.1,6.67494,86016,0.0222367,0.0011369,0.027371,0.00223099,-0.0149749,0.0630985,-0.000837121,nan,nan,nan,nan,-0.000415068,-0.00121462,-0.000327745,nan,-0.00258842,-8.33333e-05,-0.000783064,-0.00929187,nan,-0.0104101,-0.020414,-0.0088036,-0.0148318,0.0708991,0.0276061,-0.0137364,-0.00020303,0.00855114,-0.5
8,-6.69013,81.1311,-0.058407,0,5.08333,0.169497,1.48357,2.3165,-0.013717,2.8044,8.77915e-05,0.0201443,0.305734,13408.2,0.630047,0.286407,-0.1,0.02,0.1,7.59285,98304,0.0272616,0.00140349,0.0355541,0.0029986,-0.0193157,0.0811311,-0.00102656,nan,nan,nan,nan,-0.000489886,-0.00173213,-0.000437905,nan,-0.00332273,-3.44262e-05,-0.000948332,-0.0120849,nan,-0.0121145,-0.0260461,-0.011299,-0.0196869,0.0948196,0.0371803,-0.0177902,-0.00032459,0.0111578,-0.5
9,-7.01541,76.2222,-0.0481379,0,4.5,0.176132,1.49769,2.21699,-0.0163449,2.80769,5.85277e-05,0.0217612,0.305794,13365.4,0.579839,0.339549,-0.1,0.02,0.1,8.51364,110592,0.0260297,0.00161419,0.0337841,0.00268304,-0.0181394,0.0762222,-0.00118352,nan,nan,nan,nan,-0.000467535,-0.00154016,-0.000392189,nan,-0.00312931,-4.35185e-05,-0.00099609,-0.0110886,nan,-0.0122418,-0.0260653,-0.0106194,-0.0186889,0.0866185,0.0348148,-0.0168556,-0.000316667,0.00850694,-0.5
10,-7.10069,77.1222,-0.0327562,0,3.75,0.168013,1.49652,1.62146,-0.0108347,2.80874,5.85277e-05,0.0143791,0.30578,12840.7,0.600812,0.356142,-0.1,0.02,0.1,9.47221,122880,0.0248324,0.00146127,0.0335176,0.00273544,-0.0183458,0.0771222,-0.00112878,nan,nan,nan,nan,-0.000483238,-0.00157179,-0.000404518,nan,-0.0031401,-6.77778e-05,-0.0009438,-0.011213,nan,-0.0125201,-0.0265895,-0.0107368,-0.01926,0.0853609,0.0347111,-0.0169956,-0.000308889,0.00863889,-0.5
11,-6.06601,98.3095,-0.029118,0,3.5,0.169961,1.52032,1.85607,-0.0131429,2.80759,3.90184e-05,0.0249063,0.305746,13458.3,0.5949,0.318144,-0.1,0.02,0.1,10.3868,135168,0.0354647,0.00159544,0.0440844,0.00354612,-0.0236037,0.0983095,-0.00129679,nan,nan,nan,nan,-0.000588169,-0.0021015,-0.0005244,nan,-0.0040375,-4.40476e-05,-0.00115861,-0.0139883,nan,-0.0150262,-0.0338378,-0.0137107,-0.0246786,0.111025,0.0460952,-0.0216048,-0.000404762,0.0127827,-0.5
12,-5.71569,110.845,-0.0185595,0,2.95833,0.168157,1.48631,1.65681,-0.00835659,2.80699,3.90184e-05,0.006397,0.305746,15450.3,0.551507,0.243818,-0.1,0.02,0.1,11.1836,147456,0.0324664,0.00232343,0.0511445,0.00395781,-0.0266478,0.110845,-0.00236634,nan,nan,nan,nan,-0.000644269,-0.00232712,-0.00060576,nan,-0.00454702,-9.01408e-05,-0.00119888,-0.0159305,nan,-0.0180677,-0.0341594,-0.0154832,-0.0277859,0.125589,0.0511549,-0.0241859,-0.000476056,0.01125,-0.5
13,-5.87498,105,-0.0103652,0,2.58333,0.163774,1.49259,1.58747,-0.010935,2.80699,2.60123e-05,0.0203763,0.305753,16704.1,0.499231,0.236398,-0.1,0.02,0.1,11.9206,159744,0.0356006,0.00197465,0.0482792,0.00339611,-0.0249995,0.105,-0.00142081,nan,nan,nan,nan,-0.000588504,-0.00213976,-0.000525086,nan,-0.0043043,-4.03226e-05,-0.00121321,-0.0152415,nan,-0.0183689,-0.0317113,-0.0146808,-0.0263129,0.118461,0.0459355,-0.0225677,-0.00043871,0.0121573,-0.5
14,-4.88354,134.787,0.000578351,0,1.95833,0.16505,1.48311,1.27581,-0.00506253,2.80758,2.60123e-05,0.00503291,0.305769,14886.7,0.49677,0.328663,-0.1,0.02,0.1,12.7473,172032,0.0322529,0.00265193,0.0617239,0.00457666,-0.0326363,0.134787,-0.00239383,nan,nan,nan,nan,-0.00078263,-0.00301306,-0.000745739,nan,-0.00556204,-6.80851e-05,-0.00161603,-0.018561,nan,-0.0213379,-0.0481105,-0.0189739,-0.0348319,0.15214,0.0642553,-0.0292426,-0.000617021,0.0209043,-0.5
15,-4.73244,131,0.00676631,0,1.66667,0.16426,1.46859,1.28736,-0.00970969,2.80804,2.60123e-05,0.0119263,0.305778,12294.2,0.617258,0.382237,-0.1,0.02,0.1,13.7487,184320,0.040209,0.00256023,0.0611237,0.00382397,-0.0314251,0.131,-0.00198225,nan,nan,nan,nan,-0.000757778,-0.0029145,-0.000717641,nan,-0.00536851,-5.5e-05,-0.00152025,-0.0184667,nan,-0.0210951,-0.0441665,-0.018436,-0.0351975,0.148174,0.0655,-0.02818,-0.00048,0.02175,-0.5
16,-3.53133,153.515,0.0117509,0,1.375,0.165166,1.49187,1.11358,-0.00676191,2.80829,2.60123e-05,0.0127916,0.30578,13313.9,0.588249,0.334695,-0.1,0.02,0.1,14.6731,196608,0.0590309,0.00231258,0.0737309,0.00502045,-0.0370603,0.153515,-0.00222242,nan,nan,nan,nan,-0.00088814,-0.00325588,-0.000842438,nan,-0.00626634,-5.75758e-05,-0.00161437,-0.0211315,nan,-0.024124,-0.0485327,-0.0212722,-0.0396545,0.172108,0.0718788,-0.0331758,-0.000618182,0.026553,-0.5
17,-4.22599,149.441,0.0111354,0,1.41667,0.162608,1.47612,1.09511,-0.00819365,2.80789,2.60123e-05,0.00852009,0.305749,14025,0.583736,0.292415,-0.1,0.02,0.1,15.5508,208896,0.048786,0.0024915,0.0697511,0.00395576,-0.0358424,0.149441,-0.00156324,nan,nan,nan,nan,-0.000831344,-0.00337072,-0.000800013,nan,-0.00612253,-6.76471e-05,-0.00169204,-0.0215829,nan,-0.0265759,-0.0487175,-0.0207883,-0.0386294,0.16307,0.0708235,-0.0320353,-0.000594118,0.0181618,-0.5
18,-1.97063,195.75,0.0124521,0,1.33333,0.159792,1.44876,1.00037,-0.00768291,2.80693,2.60123e-05,0.00816228,0.305758,15358.9,0.539857,0.260201,-0.1,0.02,0.1,16.3522,221184,0.0700791,0.00300247,0.0968246,0.00558346,-0.0472081,0.19575,-0.00373531,nan,nan,nan,nan,-0.00104638,-0.00427845,-0.00109783,nan,-0.00804235,-0.00014375,-0.00235586,-0.0272667,nan,-0.032206,-0.0594867,-0.0270588,-0.0504375,0.213577,0.093625,-0.0415,-0.00103125,0.0299219,-0.5
19,-0.892571,220.833,0.0284772,0,0.5,0.164976,1.46235,0.781495,-0.00733275,2.80767,2.60123e-05,0.0122842,0.305765,16612.8,0.503323,0.236347,-0.1,0.02,0.1,17.0932,233472,0.0692047,0.004234,0.105961,0.00630068,-0.0533906,0.220833,-0.000951667,nan,nan,nan,nan,-0.00129997,-0.00527692,-0.00121072,nan,-0.00909541,-8.33333e-06,-0.00304719,-0.0306849,nan,-0.0388235,-0.068782,-0.0308417,-0.056825,0.243767,0.109333,-0.0475333,-0.000866667,0.044375,-0.5
20,-3.78298,178.071,0.0248538,0,0.583333,0.166347,1.44589,0.661653,-0.00680356,2.80748,2.60123e-05,0.0129902,0.305752,16010.6,0.530631,0.23686,-0.1,0.02,0.1,17.862,245760,0.0465411,0.00346665,0.0864697,0.00413363,-0.0432481,0.178071,-0.00381214,nan,nan,nan,nan,-0.00101277,-0.00384703,-0.00100458,nan,-0.00730085,-1.42857e-05,-0.00181437,-0.0253769,nan,-0.0329798,-0.0601849,-0.0250965,-0.0483214,0.182668,0.088,-0.0387143,-0.000771429,0.015,-0.5
21,-1.27922,237.1,0.02733,0,0.416667,0.168676,1.46157,0.635182,-0.00771226,2.80694,2.60123e-05,0.0115318,0.305741,15411.7,0.488414,0.308904,-0.1,0.02,0.1,18.6606,258048,0.0700599,0.00460838,0.116567,0.00596846,-0.0580824,0.2371,-0.002961,nan,nan,nan,nan,-0.00115629,-0.00514148,-0.00119539,nan,-0.00976399,0,-0.00265227,-0.0331294,nan,-0.0532346,-0.0647343,-0.033085,-0.06357,0.253163,0.0968,-0.0516,-0.00102,0.026625,-0.5
22,-0.949686,245.632,0.0205826,0,0.791667,0.167772,1.45465,0.783495,-0.00742211,2.80651,2.60123e-05,0.0114908,0.305728,12925.8,0.601894,0.348764,-0.1,0.02,0.1,19.6128,270336,0.069251,0.00358226,0.122842,0.00576861,-0.0597514,0.245632,-0.00549947,nan,nan,nan,nan,-0.00126056,-0.00558764,-0.00139466,nan,-0.0100994,-1.05263e-05,-0.00287362,-0.0332374,nan,-0.0455002,-0.0778576,-0.0343877,-0.0665842,0.255172,0.120211,-0.0522947,-0.00116842,0.0275658,-0.5
23,-2.25034,206.909,0.0266912,0,0.458333,0.161883,1.45694,0.613447,-0.00782904,2.80592,2.60123e-05,0.011942,0.305716,13317.4,0.593956,0.328748,-0.1,0.02,0.1,20.5372,282624,0.0638486,0.00327725,0.103316,0.00401644,-0.0501804,0.206909,-0.00442364,nan,nan,nan,nan,-0.00103914,-0.00418204,-0.00102597,nan,-0.00845025,0,-0.00240784,-0.028488,nan,-0.0491696,-0.0707207,-0.0285562,-0.0546273,0.211572,0.0996364,-0.0450909,-0.001,0.0378409,-0.5
24,3.44108,347.125,0.0233477,0,0.666667,0.16153,1.46349,0.756481,-0.00886176,2.80588,2.60123e-05,0.0156512,0.305731,14188.6,0.571149,0.294897,-0.1,0.02,0.1,21.4046,294912,0.105258,0.00700552,0.177463,0.00911858,-0.0838695,0.347125,-0.0066375,nan,nan,nan,nan,-0.00176299,-0.00810758,-0.00190117,nan,-0.0142015,-3.75e-05,-0.00430178,-0.0471497,nan,-0.0619862,-0.121177,-0.0479363,-0.0926812,0.360315,0.181,-0.07375,-0.0017625,0.0520312,-0.5
25,1.37153,298.6,0.028921,0,0.416667,0.157271,1.43592,0.616481,-0.00795294,2.80682,2.60123e-05,0.0144792,0.305756,16055.2,0.528497,0.236861,-0.1,0.02,0.1,22.1713,307200,0.0907841,0.0056,0.153296,0.00693547,-0.0734771,0.2986,-0.007578,nan,nan,nan,nan,-0.00143989,-0.00616148,-0.00167618,nan,-0.0123132,-2e-05,-0.00361809,-0.0424137,nan,-0.0583632,-0.0924236,-0.0418422,-0.07971,0.299412,0.1588,-0.06372,-0.00122,0.041125,-0.5
26,0.324719,293.333,0.0271993,0,0.375,0.163271,1.44316,0.521765,-0.00824169,2.80755,2.60123e-05,0.0149244,0.305774,13460.7,0.532264,0.380614,-0.1,0.02,0.1,23.0857,319488,0.0833737,0.00531518,0.148155,0.00633189,-0.0715663,0.293333,-0.00701667,nan,nan,nan,nan,-0.00157129,-0.0072643,-0.00165703,nan,-0.0120507,0,-0.00306295,-0.039911,nan,-0.0560133,-0.0994517,-0.0409144,-0.0823333,0.29355,0.146667,-0.0627111,-0.00135556,0.0263889,-0.5
27,0.961739,312.867,0.0219348,0,0.625,0.162287,1.44813,0.728171,-0.00860404,2.80843,2.60123e-05,0.0126838,0.3058,13008.6,0.602692,0.341915,-0.1,0.02,0.1,24.0319,331776,0.0904354,0.00602699,0.158922,0.00597226,-0.0753932,0.312867,-0.00633667,nan,nan,nan,nan,-0.00155869,-0.00649796,-0.00167357,nan,-0.0128123,-0.000186667,-0.0037679,-0.0442905,nan,-0.0693378,-0.097929,-0.0434886,-0.08422,0.311683,0.149333,-0.0670133,-0.00181333,0.0291667,-0.5
28,5.07938,379.333,0.0251658,0,0.5,0.163259,1.43178,0.54395,-0.0074419,2.80897,2.60123e-05,0.00591695,0.305791,13444.5,0.575104,0.338875,-0.1,0.02,0.1,24.9473,344064,0.163018,0.00760278,0.196335,0.00705162,-0.091574,0.379333,-0.00734083,nan,nan,nan,nan,-0.00185372,-0.00813289,-0.00207305,nan,-0.0155566,-5.83333e-05,-0.00419341,-0.0528153,nan,-0.0847452,-0.119479,-0.0524755,-0.098725,0.382618,0.189,-0.08,-0.00155,0.0495833,-0.5
29,7.80141,440.25,0.0278659,0,0.333333,0.161646,1.43686,0.627956,-0.00875161,2.80859,2.60123e-05,0.0155405,0.305802,14159,0.582792,0.285066,-0.1,0.02,0.1,25.8167,356352,0.161754,0.00895396,0.228763,0.00873551,-0.107807,0.44025,-0.00899625,nan,nan,nan,nan,-0.00222147,-0.0106371,-0.00248549,nan,-0.0180241,-7.5e-05,-0.00498037,-0.0630696,nan,-0.0861334,-0.124332,-0.0607172,-0.117037,0.443781,0.231,-0.0912,-0.002325,0.066875,-0.5
30,1.29318,321.769,0.0248208,0,0.541667,0.160153,1.43952,0.573363,-0.00783734,2.80981,2.60123e-05,0.00600965,0.305846,16502.5,0.49774,0.246874,-0.1,0.02,0.1,26.5626,368640,0.110942,0.00625635,0.170687,0.00598452,-0.0784857,0.321769,-0.00799231,nan,nan,nan,nan,-0.00164288,-0.00715023,-0.00182445,nan,-0.0131931,-7.69231e-06,-0.00413553,-0.0454067,nan,-0.0688094,-0.118676,-0.0447823,-0.0882,0.316145,0.163385,-0.0685231,-0.00158462,0.0199038,-0.5
31,2.28826,353.75,0.0326129,0,0.166667,0.161983,1.43675,0.636692,-0.00784941,2.81145,2.60123e-05,0.0078472,0.305883,16552.3,0.503586,0.238787,-0.1,0.02,0.1,27.3065,380928,0.0718242,0.00714397,0.189469,0.00556576,-0.0869464,0.35375,-0.0091275,nan,nan,nan,nan,-0.00162611,-0.00818713,-0.00212192,nan,-0.0145129,-0.0001,-0.00306159,-0.0472333,nan,-0.0758636,-0.135025,-0.0490706,-0.10005,0.332273,0.204,-0.0751,-0.0019,0.0603125,-0.5
32,5.59817,423.25,0.025168,0,0.5,0.163234,1.43114,0.521818,-0.00728,2.81301,2.60123e-05,0.0103539,0.305929,13428.7,0.542641,0.372416,-0.1,0.02,0.1,28.223,393216,0.124433,0.00939732,0.225152,0.00833941,-0.103589,0.42325,-0.0107108,nan,nan,nan,nan,-0.00206863,-0.00983753,-0.00251355,nan,-0.0174303,-1.66667e-05,-0.00526836,-0.0584202,nan,-0.0883882,-0.143987,-0.0582083,-0.1145,0.403616,0.236333,-0.0876,-0.00203333,0.0539583,-0.5
33,6.28747,472.4,0.0317062,0,0.208333,0.164266,1.42438,0.387322,-0.0081467,2.8147,2.60123e-05,0.0115162,0.305961,12671.6,0.621085,0.348641,-0.1,0.02,0.1,29.1946,405504,0.107863,0.00703559,0.244117,0.00828721,-0.11444,0.4724,-0.011316,nan,nan,nan,nan,-0.00228876,-0.0106289,-0.00277377,nan,-0.0194029,0,-0.00525801,-0.0672575,nan,-0.0988457,-0.159624,-0.065565,-0.12612,0.449711,0.2552,-0.09608,-0.00264,0.052,-0.5
34,6.86731,457.6,0.0316824,0,0.208333,0.164672,1.4555,0.462463,-0.00750181,2.81575,2.60123e-05,0.00920631,0.305995,13042.9,0.616898,0.325224,-0.1,0.02,0.1,30.138,417792,0.135231,0.00803714,0.236443,0.0078011,-0.112166,0.4576,-0.00892,nan,nan,nan,nan,-0.00220921,-0.0106058,-0.00268634,nan,-0.0189201,-0.00028,-0.00436253,-0.065219,nan,-0.0949946,-0.154039,-0.064213,-0.12564,0.445829,0.2224,-0.09528,-0.00244,0.092,-0.5
35,8.89894,499,0.0321045,0,0.166667,0.165815,1.4554,0.589599,-0.00832789,2.81695,2.60123e-05,0.0115846,0.306014,13223.8,0.645669,0.283565,-0.1,0.02,0.1,31.0687,430080,0.192993,0.00812874,0.258874,0.00712342,-0.124043,0.499,-0.01153,nan,nan,nan,nan,-0.00238437,-0.0110655,-0.00290304,nan,-0.0205756,0,-0.00655787,-0.0716641,nan,-0.112788,-0.137849,-0.0696909,-0.13875,0.465016,0.267,-0.106,-0.0027,0.0653125,-0.5
36,9.99879,538.583,0.0267819,0,0.5,0.164057,1.46011,0.636251,-0.00826468,2.81776,2.60123e-05,0.0105918,0.306045,15650.5,0.541199,0.243954,-0.1,0.02,0.1,31.8554,442368,0.158608,0.00906031,0.286079,0.00929818,-0.132615,0.538583,-0.0127558,nan,nan,nan,nan,-0.00260157,-0.0129055,-0.00307667,nan,-0.0221041,-8.33333e-06,-0.00569704,-0.0728318,nan,-0.114971,-0.185233,-0.0736696,-0.14625,0.512996,0.300667,-0.112633,-0.003,0.085,-0.5
37,6.18523,457,0.027019,0,0.458333,0.164395,1.45411,0.622879,-0.00738773,2.81904,2.60123e-05,0.00594909,0.306071,16382.7,0.508353,0.241707,-0.1,0.02,0.1,32.6068,454656,0.143541,0.00723918,0.241381,0.00618838,-0.112249,0.457,-0.0108609,nan,nan,nan,nan,-0.00227493,-0.0110308,-0.00270501,nan,-0.0187236,-1.81818e-05,-0.00501262,-0.0638422,nan,-0.101671,-0.159722,-0.0636151,-0.125373,0.427409,0.246545,-0.0949455,-0.00254545,0.0545455,-0.5
38,2.4529,355.286,0.029495,0,0.291667,0.165757,1.4388,0.59295,-0.00835675,2.81988,2.60123e-05,0.00928835,0.30609,15377.5,0.545723,0.253365,-0.1,0.02,0.1,33.4071,466944,0.108512,0.00726758,0.194559,0.00430332,-0.0881406,0.355286,-0.00977857,nan,nan,nan,nan,-0.00189827,-0.0084003,-0.00207992,nan,-0.0146077,-2.85714e-05,-0.00401908,-0.0469012,nan,-0.0843015,-0.126813,-0.0495117,-0.0967286,0.319197,0.196571,-0.0753143,-0.00202857,0.0475,-0.5
39,10.9029,590.625,0.0298793,0,0.333333,0.163961,1.42425,0.371138,-0.0076681,2.82032,2.60123e-05,0.00916758,0.306088,14824.1,0.511697,0.317221,-0.1,0.02,0.1,34.2373,479232,0.173832,0.0098212,0.324837,0.00829904,-0.145081,0.590625,-0.0160687,nan,nan,nan,nan,-0.00272522,-0.0123511,-0.00329322,nan,-0.0243558,0,-0.00686492,-0.0824786,nan,-0.141696,-0.17893,-0.0825136,-0.162375,0.551444,0.309,-0.1233,-0.003025,0.0623438,-0.5
40,7.04066,521.2,0.0317446,0,0.208333,0.160985,1.45135,0.430912,-0.00868064,2.82085,3.90184e-05,0.00449573,0.306139,11996.4,0.681439,0.34287,-0.1,0.02,0.1,35.2632,491520,0.110279,0.0112804,0.276128,0.00768047,-0.127792,0.5212,-0.012814,nan,nan,nan,nan,-0.0026321,-0.0130369,-0.00308042,nan,-0.0214184,0,-0.00606712,-0.0751779,nan,-0.116442,-0.186227,-0.0724709,-0.1443,0.496935,0.276,-0.10936,-0.0024,0.04575,-0.5
41,-8.12321,92,0.0355496,0,0.0416667,0.170441,1.43418,0.303859,-0.00974585,2.8241,3.90184e-05,0.0127191,0.306236,12166.3,0.633598,0.376403,-0.1,0.02,0.1,36.2746,503808,0.0260726,0.00170962,0.0477415,0.000540058,-0.022457,0.092,-0.00402,nan,nan,nan,nan,-0.000603886,-0.00125736,-0.000586885,nan,-0.00385353,0,-0.0027606,-0.0144199,nan,-0.0338449,-0.034668,-0.0130307,-0.0282,0.0686785,0.032,-0.0148,-0.0004,0,-0.5
42,26.0065,823,0.0330012,0.166667,0.166667,0.168115,1.45517,0.296369,-0.00949831,2.82752,3.90184e-05,0.0189925,0.306326,13272.9,0.60313,0.322669,-0.1,0.02,0.1,37.202,516096,0.218696,0.0142292,0.449837,0.0147852,-0.202705,0.823,-0.0194375,nan,nan,nan,nan,-0.00378079,-0.0202984,-0.00481473,nan,-0.0339468,-0.0001,-0.00830006,-0.115172,nan,-0.167445,-0.288712,-0.11458,-0.224587,0.810188,0.474,-0.17195,-0.004675,0.126094,-0.5
43,16.9606,664.8,0.0314451,0.0833333,0.333333,0.164862,1.45442,0.424148,-0.00915995,2.83092,3.90184e-05,0.0143261,0.306404,14076.6,0.606193,0.266748,-0.1,0.02,0.1,38.0763,528384,0.210861,0.0112861,0.377507,0.00943457,-0.164717,0.6648,-0.019252,nan,nan,nan,nan,-0.00295436,-0.0145419,-0.00395138,nan,-0.0273918,-0.00018,-0.00668027,-0.0933911,nan,-0.145293,-0.232825,-0.0912691,-0.17739,0.628395,0.3772,-0.13468,-0.00356,0.086625,-0.5
44,21.6541,832,0.0356343,0.0416667,0.166667,0.165671,1.44139,0.376637,-0.00888241,2.83349,3.90184e-05,0.00687166,0.306455,15958.6,0.517018,0.252975,-0.1,0.02,0.1,38.8477,540672,0.231651,0.0118668,0.460456,0.0138644,-0.207231,0.832,-0.020358,nan,nan,nan,nan,-0.00368184,-0.0189708,-0.00484024,nan,-0.0343575,-0.00014,-0.00816594,-0.120782,nan,-0.17746,-0.275986,-0.115039,-0.22464,0.783267,0.448,-0.16848,-0.00452,0.08625,-0.5
45,24.1034,758.2,0.0320865,0.333333,0.291667,0.164727,1.44188,0.455437,-0.0089434,2.83564,3.90184e-05,0.0130801,0.306524,15994.2,0.521827,0.246452,-0.1,0.02,0.1,39.6174,552960,0.265525,0.0134372,0.424013,0.0124581,-0.18806,0.7582,-0.022122,nan,nan,nan,nan,-0.00315694,-0.0160142,-0.0042988,nan,-0.0311797,-6e-05,-0.00749295,-0.105728,nan,-0.175919,-0.23977,-0.104208,-0.20608,0.733174,0.409067,-0.153333,-0.00394667,0.084,-0.5
46,27.1955,852.95,0.0317306,0.5,0.333333,0.163344,1.41556,0.458882,-0.00930441,2.83841,3.90184e-05,0.0127036,0.306585,16205.2,0.512809,0.245467,-0.1,0.02,0.1,40.377,565248,0.230829,0.0176316,0.476844,0.0136297,-0.210781,0.85295,-0.021206,nan,nan,nan,nan,-0.00376047,-0.0201951,-0.00482164,nan,-0.0351051,-9e-05,-0.00759772,-0.117223,nan,-0.188416,-0.283207,-0.117676,-0.23769,0.816128,0.466,-0.1759,-0.00463,0.114062,-0.5
47,29.8362,904.167,0.0325049,0.25,0.25,0.16765,1.44751,0.422487,-0.00895528,2.84057,3.90184e-05,0.0101519,0.306647,16131.7,0.51132,0.250409,-0.1,0.02,0.1,41.1401,577536,0.326239,0.0168216,0.500636,0.0135249,-0.222977,0.904167,-0.0219742,nan,nan,nan,nan,-0.00375102,-0.0198028,-0.00513625,nan,-0.0372362,-3.33333e-05,-0.00879141,-0.127462,nan,-0.220249,-0.278794,-0.125331,-0.23945,0.883964,0.464,-0.1834,-0.00471667,0.131562,-0.5
48,35.7363,955.5,0.0352334,0.916667,0.166667,0.164903,1.44267,0.328773,-0.00972705,2.84305,3.90184e-05,0.0090981,0.306698,15793,0.533416,0.244649,-0.1,0.02,0.1,41.9195,589824,0.309907,0.0175055,0.536124,0.0151002,-0.235548,0.9555,-0.0264412,nan,nan,nan,nan,-0.00408456,-0.0218518,-0.00563723,nan,-0.0393209,-0.000142308,-0.00796128,-0.13226,nan,-0.204031,-0.301048,-0.131408,-0.262535,0.933449,0.535385,-0.192415,-0.00531538,0.130769,-0.5
49,33.6917,943.76,0.035005,0.875,0.166667,0.165695,1.44159,0.487041,-0.00963698,2.8452,3.90184e-05,0.0132269,0.306777,16154.4,0.507453,0.253209,-0.1,0.02,0.1,42.6813,602112,0.276111,0.0160166,0.536996,0.0127986,-0.234465,0.94376,-0.0298312,nan,nan,nan,nan,-0.00394148,-0.0211656,-0.00560794,nan,-0.038896,-5.2e-05,-0.00824747,-0.131337,nan,-0.212321,-0.314137,-0.130137,-0.25686,0.907346,0.53536,-0.188592,-0.005464,0.11725,-0.5
50,34.836,937.889,0.0358891,0.625,0.125,0.164063,1.43774,0.408058,-0.00927097,2.84852,3.90184e-05,0.0143174,0.306858,16186.1,0.507862,0.25131,-0.1,0.02,0.1,43.4419,614400,0.3144,0.0160965,0.525468,0.0128747,-0.232172,0.937889,-0.0266728,nan,nan,nan,nan,-0.00411832,-0.0224629,-0.00573123,nan,-0.0385664,-5e-05,-0.00894434,-0.130768,nan,-0.209108,-0.288331,-0.128819,-0.251133,0.912914,0.518667,-0.1876,-0.00515556,0.126458,-0.5
51,27.9831,825.571,0.0302197,0.75,0.416667,0.166243,1.43179,0.605254,-0.00938575,2.85141,3.90184e-05,0.0156178,0.306923,16067.7,0.509222,0.255543,-0.1,0.02,0.1,44.2081,626688,0.285671,0.0140493,0.469373,0.00982914,-0.205774,0.825571,-0.0256386,nan,nan,nan,nan,-0.0035786,-0.0190556,-0.0049183,nan,-0.0341119,-2.85714e-05,-0.00756919,-0.115092,nan,-0.193903,-0.259378,-0.114256,-0.224346,0.777681,0.473714,-0.167057,-0.00439286,0.100937,-0.5
52,29.5465,868.833,0.0337862,0.75,0.25,0.165464,1.4319,0.404342,-0.00962427,2.85376,3.90184e-05,0.01486,0.306978,15553,0.527319,0.262755,-0.1,0.02,0.1,44.9995,638976,0.256339,0.0176898,0.49747,0.0106365,-0.215652,0.868833,-0.024515,nan,nan,nan,nan,-0.00368672,-0.0194316,-0.00505709,nan,-0.0358356,-1.66667e-05,-0.00809759,-0.118112,nan,-0.20189,-0.289808,-0.119251,-0.234012,0.821626,0.4985,-0.174867,-0.00468333,0.0861458,-0.5
53,33.4042,934.613,0.0348007,1.04167,0.25,0.163611,1.41467,0.663266,-0.00924852,2.85581,3.90184e-05,0.0151066,0.307034,16100.8,0.515617,0.247574,-0.1,0.02,0.1,45.7641,651264,0.302252,0.0156563,0.53775,0.0111689,-0.233283,0.934613,-0.0274016,nan,nan,nan,nan,-0.00394261,-0.0210158,-0.00549999,nan,-0.0385164,-3.22581e-06,-0.00837525,-0.13037,nan,-0.219703,-0.288013,-0.129115,-0.254032,0.867341,0.531613,-0.186903,-0.00518065,0.117944,-0.5
54,27.8283,843.061,0.031884,1,0.375,0.160997,1.42512,0.422067,-0.00999374,2.85813,3.90184e-05,0.0175181,0.307094,16000.3,0.523837,0.244147,-0.1,0.02,0.1,46.5334,663552,0.237841,0.0149359,0.487039,0.00975236,-0.210574,0.843061,-0.0269521,nan,nan,nan,nan,-0.00358981,-0.0189988,-0.00510283,nan,-0.0348697,-3.0303e-06,-0.00768785,-0.115337,nan,-0.194593,-0.284232,-0.115895,-0.227336,0.784597,0.483394,-0.169091,-0.00471515,0.0861364,-0.5
55,37.3261,976.962,0.0390898,1.04167,0.0416667,0.16314,1.41436,0.246497,-0.00970657,2.86052,3.90184e-05,0.0183411,0.307162,16263.6,0.513202,0.242349,-0.1,0.02,0.1,47.2903,675840,0.329867,0.0175957,0.562256,0.0110486,-0.245169,0.976962,-0.03001,nan,nan,nan,nan,-0.00408806,-0.0222763,-0.00571678,nan,-0.0404339,-2.30769e-05,-0.00868344,-0.134742,nan,-0.233218,-0.298934,-0.135006,-0.262338,0.930523,0.557846,-0.193862,-0.00529231,0.119231,-0.5
56,32.2367,900.762,0.0379628,0.75,0.125,0.166891,1.42786,0.52138,-0.00919451,2.86325,3.90184e-05,0.0134386,0.307236,16183.8,0.513088,0.246189,-0.1,0.02,0.1,48.051,688128,0.298212,0.0172727,0.513243,0.00909722,-0.226947,0.900762,-0.0255552,nan,nan,nan,nan,-0.00385062,-0.02073,-0.00537651,nan,-0.0373192,-4.7619e-06,-0.00803098,-0.124265,nan,-0.225185,-0.274188,-0.124854,-0.244943,0.837498,0.489524,-0.179352,-0.00531429,0.123571,-0.5
57,28.4806,850.61,0.028404,1.125,0.583333,0.164963,1.40839,0.732488,-0.00933353,2.86654,3.90184e-05,0.0161951,0.307338,16088.1,0.520677,0.243118,-0.1,0.02,0.1,48.8162,700416,0.261299,0.0141755,0.492525,0.00838205,-0.21383,0.85061,-0.0267193,nan,nan,nan,nan,-0.00367796,-0.0197191,-0.00511727,nan,-0.0351746,-7.31707e-06,-0.00783359,-0.118035,nan,-0.201326,-0.285715,-0.117588,-0.225973,0.81243,0.487902,-0.169278,-0.00473171,0.102165,-0.5
58,23.9434,768.524,0.0336756,0.5,0.375,0.16004,1.42963,0.606935,-0.00974634,2.86998,3.90184e-05,0.00936755,0.307387,16365.5,0.507729,0.24312,-0.1,0.02,0.1,49.5684,712704,0.227894,0.0134604,0.438877,0.00742655,-0.195458,0.768524,-0.0217252,nan,nan,nan,nan,-0.00335572,-0.0175039,-0.00441952,nan,-0.0317962,-1.90476e-05,-0.00744883,-0.106021,nan,-0.180615,-0.251712,-0.106331,-0.206771,0.718113,0.429524,-0.153276,-0.00465714,0.09875,-0.5
59,27.517,818.762,0.037194,0.625,0.25,0.162284,1.40423,0.476524,-0.00883029,2.87113,3.90184e-05,0.0165807,0.307413,16341.5,0.504404,0.247546,-0.1,0.02,0.1,50.3216,724992,0.241607,0.0146683,0.475034,0.00754141,-0.206084,0.818762,-0.0260438,nan,nan,nan,nan,-0.00344276,-0.0178821,-0.00477915,nan,-0.0339067,-9.52381e-06,-0.00760922,-0.114301,nan,-0.209865,-0.265393,-0.112884,-0.211614,0.779479,0.464381,-0.162705,-0.0044,0.0981548,-0.5
60,30.6804,870.5,0.0387106,0.625,0.125,0.158328,1.39187,0.581242,-0.00870359,2.87222,3.90184e-05,0.0127006,0.307451,16387.8,0.50307,0.246758,-0.1,0.02,0.1,51.0729,737280,0.250763,0.0171036,0.500487,0.00843066,-0.219274,0.8705,-0.026495,nan,nan,nan,nan,-0.00385151,-0.0209975,-0.0052769,nan,-0.0360399,0,-0.00795975,-0.119195,nan,-0.208691,-0.295306,-0.120087,-0.230067,0.823663,0.521111,-0.172889,-0.00503333,0.0964583,-0.5
61,22.2023,724.909,0.032776,0.5,0.416667,0.157364,1.41529,0.62547,-0.00964162,2.8741,3.90184e-05,0.0135783,0.307504,16333.2,0.50887,0.243464,-0.1,0.02,0.1,51.8264,749568,0.195707,0.0142415,0.423655,0.00654453,-0.184579,0.724909,-0.0242282,nan,nan,nan,nan,-0.00315468,-0.0160644,-0.00443928,nan,-0.0300951,0,-0.00727503,-0.100188,nan,-0.173456,-0.243657,-0.100203,-0.189695,0.695735,0.43,-0.142127,-0.00435455,0.0701136,-0.5
62,14.1722,550.917,0.0329579,0.166667,0.333333,0.161693,1.44333,0.635622,-0.00854226,2.87612,3.90184e-05,0.0149789,0.307558,16667.7,0.496561,0.240672,-0.1,0.02,0.1,52.565,761856,0.188437,0.00934168,0.32688,0.00463627,-0.140657,0.550917,-0.0206467,nan,nan,nan,nan,-0.00232503,-0.0108856,-0.00329822,nan,-0.0228634,0,-0.00560164,-0.0754487,nan,-0.140516,-0.173188,-0.0757689,-0.145,0.521032,0.332,-0.106833,-0.00326667,0.035,-0.5
63,22.5564,722.357,0.0351071,0.333333,0.25,0.160458,1.40134,0.558424,-0.0101251,2.87807,3.90184e-05,0.0193094,0.307598,16402.6,0.501368,0.247781,-0.1,0.02,0.1,53.3155,774144,0.236229,0.0136888,0.419981,0.00639164,-0.185773,0.722357,-0.0223986,nan,nan,nan,nan,-0.00303334,-0.0163625,-0.00409536,nan,-0.0300267,-7.14286e-06,-0.00684071,-0.0999137,nan,-0.198595,-0.22735,-0.100292,-0.191786,0.687586,0.403429,-0.143486,-0.00375714,0.0861607,-0.5
64,16.4841,612.333,0.034999,0.208333,0.291667,0.158086,1.41468,0.502121,-0.00885043,2.87987,3.90184e-05,0.0107706,0.307657,16219.6,0.515145,0.242457,-0.1,0.02,0.1,54.0744,786432,0.184925,0.0134526,0.355288,0.00431678,-0.15929,0.612333,-0.0188292,nan,nan,nan,nan,-0.00281758,-0.0141809,-0.00369584,nan,-0.0255666,0,-0.00760073,-0.0850261,nan,-0.160518,-0.2012,-0.0861612,-0.15885,0.596398,0.327667,-0.121567,-0.00393333,0.0707292,-0.5
65,30.178,827.857,0.0383845,0.458333,0.125,0.158571,1.40236,0.368965,-0.00834832,2.88161,3.90184e-05,0.00686219,0.307684,15457.1,0.544837,0.250136,-0.1,0.02,0.1,54.8706,798720,0.293936,0.0149101,0.496327,0.00608971,-0.213653,0.827857,-0.0283629,nan,nan,nan,nan,-0.00353416,-0.0186711,-0.00500131,nan,-0.0344114,0,-0.00724581,-0.112648,nan,-0.209239,-0.257736,-0.11454,-0.214521,0.795658,0.494857,-0.159343,-0.00504286,0.0703571,-0.5
66,26.5805,761.2,0.0384611,0.291667,0.125,0.15834,1.41675,0.335854,-0.0102798,2.88251,3.90184e-05,0.0154688,0.307703,16205.9,0.507833,0.25041,-0.1,0.02,0.1,55.6302,811008,0.260579,0.0123158,0.448037,0.00557821,-0.196669,0.7612,-0.021547,nan,nan,nan,nan,-0.00325106,-0.0171605,-0.00447274,nan,-0.0317071,0,-0.00687997,-0.106918,nan,-0.200927,-0.221827,-0.105599,-0.19566,0.747841,0.4156,-0.15008,-0.00418,0.09475,-0.5
67,20.3033,690.467,0.0346982,0.291667,0.333333,0.154351,1.40905,0.456825,-0.00940815,2.88353,3.90184e-05,0.0139264,0.307745,16247.5,0.512353,0.243946,-0.1,0.02,0.1,56.3878,823296,0.1899,0.0119521,0.403309,0.00560706,-0.179012,0.690467,-0.0227647,nan,nan,nan,nan,-0.00297502,-0.0153551,-0.00411412,nan,-0.0287538,0,-0.00729675,-0.0981955,nan,-0.179296,-0.227337,-0.0958065,-0.17332,0.686678,0.4008,-0.135413,-0.00382667,0.0665833,-0.5
68,23.4572,757.75,0.0365179,0.208333,0.291667,0.158693,1.41043,0.729594,-0.00996943,2.88518,3.90184e-05,0.0134794,0.307789,16492.8,0.503591,0.241463,-0.1,0.02,0.1,57.1343,835584,0.263796,0.0137765,0.442016,0.00578207,-0.198488,0.75775,-0.02532,nan,nan,nan,nan,-0.00349809,-0.017862,-0.00460179,nan,-0.0315967,0,-0.00827641,-0.108714,nan,-0.187553,-0.245734,-0.106457,-0.196025,0.73839,0.464333,-0.1495,-0.00415,0.0664583,-0.5
69,23.3039,725.077,0.0373538,0.333333,0.208333,0.159335,1.41092,0.420012,-0.00897892,2.88703,3.90184e-05,0.0118092,0.307831,15737,0.537346,0.24349,-0.1,0.02,0.1,57.9165,847872,0.198763,0.0163189,0.424908,0.00545825,-0.186937,0.725077,-0.02232,nan,nan,nan,nan,-0.00325824,-0.0173824,-0.00435408,nan,-0.0301327,0,-0.00768122,-0.102549,nan,-0.187249,-0.234619,-0.101471,-0.185262,0.72606,0.416923,-0.142862,-0.00367692,0.07375,-0.5
70,25.4345,777.222,0.0388837,0.208333,0.166667,0.154518,1.40236,0.33047,-0.00897972,2.88889,3.90184e-05,0.00965237,0.307891,14636.9,0.542045,0.297476,-0.1,0.02,0.1,58.7574,860160,0.229178,0.0121395,0.457562,0.00548032,-0.202102,0.777222,-0.02491,nan,nan,nan,nan,-0.0034619,-0.0180214,-0.00462979,nan,-0.0324229,-3.33333e-05,-0.00872519,-0.109023,nan,-0.21262,-0.221667,-0.109104,-0.192333,0.798924,0.436,-0.148489,-0.0046,0.0695833,-0.5
71,30.7293,857.273,0.0402603,0.291667,0.166667,0.153573,1.45534,0.412037,-0.00975605,2.89116,3.90184e-05,0.00912571,0.307941,15229,0.549731,0.25715,-0.1,0.02,0.1,59.566,872448,0.272267,0.0178842,0.503431,0.0063582,-0.221912,0.857273,-0.0254382,nan,nan,nan,nan,-0.00380759,-0.0202541,-0.00514457,nan,-0.0358785,0,-0.00921836,-0.118669,nan,-0.218687,-0.270885,-0.119918,-0.212155,0.903422,0.512,-0.1672,-0.00507273,0.0798864,-0.5
72,29.3415,826.9,0.0395027,0.291667,0.125,0.158055,1.43211,0.404516,-0.0093737,2.89259,3.90184e-05,0.014489,0.307971,16443.7,0.502277,0.244999,-0.1,0.02,0.1,60.3146,884736,0.280854,0.0197157,0.488663,0.00626799,-0.215746,0.8269,-0.027901,nan,nan,nan,nan,-0.00345004,-0.018738,-0.0049464,nan,-0.0345369,0,-0.00913776,-0.115742,nan,-0.220642,-0.257198,-0.115198,-0.20736,0.845608,0.4704,-0.16168,-0.00506,0.076,-0.5
73,22.4979,746.111,0.0391228,0.125,0.25,0.156845,1.42396,0.493634,-0.009055,2.89331,3.90184e-05,0.0140901,0.307971,16228.2,0.506513,0.250689,-0.1,0.02,0.1,61.0731,897024,0.224471,0.0133795,0.440575,0.00586455,-0.195086,0.746111,-0.0247189,nan,nan,nan,nan,-0.00341619,-0.0175187,-0.00457609,nan,-0.0311299,0,-0.0101395,-0.100742,nan,-0.181678,-0.25941,-0.104341,-0.179767,0.789944,0.429778,-0.144933,-0.00513333,0.0706944,-0.5
74,14.9625,591.8,0.0384557,0.125,0.291667,0.157119,1.39864,0.406242,-0.00970568,2.89329,3.90184e-05,0.0144224,0.307973,11671.2,0.691059,0.361789,-0.1,0.02,0.1,62.1272,909312,0.14405,0.0090628,0.348293,0.00399386,-0.155503,0.5918,-0.019821,nan,nan,nan,nan,-0.00287813,-0.0147091,-0.00367151,nan,-0.0246583,0,-0.00761589,-0.0833513,nan,-0.150158,-0.219289,-0.0828707,-0.14172,0.617752,0.3516,-0.11588,-0.0033,0.057,-0.5
75,19.4913,676.75,0.0395208,0.0416667,0.125,0.160853,1.44555,0.35286,-0.00927332,2.89318,3.90184e-05,0.0108356,0.307972,12234.8,0.686365,0.317986,-0.1,0.02,0.1,63.1337,921600,0.212249,0.0094817,0.398751,0.00506861,-0.179007,0.67675,-0.0229025,nan,nan,nan,nan,-0.00321575,-0.0167049,-0.00418298,nan,-0.0284203,0,-0.00803522,-0.0958122,nan,-0.171048,-0.217797,-0.0945372,-0.1587,0.700017,0.408,-0.1282,-0.00375,0.0715625,-0.5
76,21.5857,723.615,0.0369003,0.208333,0.333333,0.160069,1.39057,0.654087,-0.00805418,2.89334,3.90184e-05,0.0115722,0.30799,12465.6,0.592786,0.392968,-0.1,0.02,0.1,64.1209,933888,0.237126,0.0127281,0.419704,0.0053854,-0.189734,0.723615,-0.0230077,nan,nan,nan,nan,-0.00335961,-0.0175538,-0.00438427,nan,-0.0302545,0,-0.00849789,-0.101882,nan,-0.188424,-0.241143,-0.10173,-0.179654,0.743257,0.421538,-0.141969,-0.00363077,0.0588462,-0.5
77,17.5727,577.75,0.0410943,0.0416667,0.125,0.159101,1.37281,0.364281,-0.00874376,2.89435,3.90184e-05,0.0130122,0.308008,12558.3,0.639341,0.339132,-0.1,0.02,0.1,65.1009,946176,0.257173,0.0124711,0.349266,0.00440995,-0.151181,0.57775,-0.01984,nan,nan,nan,nan,-0.0025851,-0.0122095,-0.00366437,nan,-0.0240133,0,-0.00740881,-0.0746076,nan,-0.140357,-0.198855,-0.0791088,-0.13605,0.613283,0.355,-0.1144,-0.00425,0.0528125,-0.5
78,27.9195,778.727,0.0393476,0.25,0.208333,0.1568,1.39008,0.513491,-0.00857839,2.89432,3.90184e-05,0.013817,0.307988,13004.4,0.616538,0.32837,-0.1,0.02,0.1,66.0474,958464,0.261385,0.0134717,0.465615,0.00560158,-0.205005,0.778727,-0.0263773,nan,nan,nan,nan,-0.0037378,-0.0194153,-0.00483445,nan,-0.0326779,-9.09091e-06,-0.00938517,-0.107208,nan,-0.193462,-0.243269,-0.108991,-0.186736,0.832222,0.481091,-0.150655,-0.00458182,0.0814773,-0.5
79,29.2565,818.818,0.040361,0.291667,0.166667,0.154419,1.40525,0.37325,-0.00859418,2.89383,3.90184e-05,0.0177302,0.308003,13412.5,0.60758,0.308579,-0.1,0.02,0.1,66.9648,970752,0.240684,0.0144621,0.48585,0.00567217,-0.215319,0.818818,-0.0266018,nan,nan,nan,nan,-0.00378078,-0.0192758,-0.00521314,nan,-0.0343261,0,-0.00970565,-0.114734,nan,-0.202563,-0.264448,-0.114246,-0.191018,0.867112,0.507273,-0.1576,-0.00514545,0.06875,-0.5
80,32.5836,875.5,0.0412566,0.166667,0.0833333,0.158095,1.4119,0.286043,-0.00844136,2.89526,3.90184e-05,0.00771686,0.308051,12760.4,0.60302,0.35996,-0.1,0.02,0.1,67.9293,983040,0.349983,0.0159659,0.516583,0.00577345,-0.235231,0.8755,-0.0250917,nan,nan,nan,nan,-0.0040847,-0.0217429,-0.00516289,nan,-0.0367773,-3.33333e-05,-0.0108687,-0.123148,nan,-0.245232,-0.274488,-0.123932,-0.2116,0.947209,0.502667,-0.169867,-0.00453333,0.0739583,-0.5
81,27.9954,809,0.0408521,0.166667,0.125,0.159635,1.40361,0.223891,-0.00914186,2.89682,3.90184e-05,0.0150196,0.308076,12892.9,0.634478,0.318602,-0.1,0.02,0.1,68.8839,995328,0.249903,0.015048,0.492562,0.00536469,-0.214306,0.809,-0.02729,nan,nan,nan,nan,-0.00361437,-0.0177751,-0.00517655,nan,-0.0338315,0,-0.0103911,-0.108056,nan,-0.200766,-0.296612,-0.112164,-0.183686,0.883745,0.476571,-0.157257,-0.00471429,0.0575,-0.5
82,24.3262,732.125,0.0388872,0.125,0.208333,0.16193,1.39954,0.391035,-0.00939877,2.89742,3.90184e-05,0.0115621,0.308095,12704.4,0.636544,0.330679,-0.1,0.02,0.1,69.8524,1.00762e+06,0.244535,0.0147479,0.441413,0.00492784,-0.194659,0.732125,-0.026145,nan,nan,nan,nan,-0.00322986,-0.0164088,-0.00464318,nan,-0.0307144,0,-0.00950475,-0.100498,nan,-0.18401,-0.234008,-0.102739,-0.17385,0.793403,0.443,-0.1392,-0.004325,0.0785938,-0.5
83,20.1044,668.889,0.0382882,0.0833333,0.291667,0.159757,1.39835,0.382643,-0.00909539,2.89811,3.90184e-05,0.0087587,0.308099,12807.6,0.626695,0.332733,-0.1,0.02,0.1,70.8134,1.0199e+06,0.233767,0.0109188,0.400596,0.00419641,-0.176672,0.668889,-0.0211922,nan,nan,nan,nan,-0.00323994,-0.0158057,-0.00438317,nan,-0.0282346,-1.11111e-05,-0.00938317,-0.0908469,nan,-0.169479,-0.209466,-0.0946458,-0.151567,0.723838,0.392444,-0.129911,-0.00473333,0.0690278,-0.5
84,30.2084,824.778,0.0414569,0.25,0.125,0.158136,1.4052,0.413673,-0.0081635,2.89822,3.90184e-05,0.0107661,0.308115,13363.6,0.612919,0.306592,-0.1,0.02,0.1,71.7345,1.03219e+06,0.240042,0.0142475,0.493194,0.0057362,-0.216823,0.824778,-0.0264033,nan,nan,nan,nan,-0.00390769,-0.020157,-0.00510184,nan,-0.0346021,0,-0.0108212,-0.111721,nan,-0.204109,-0.265066,-0.115445,-0.191367,0.907641,0.484889,-0.159333,-0.00511111,0.0765278,-0.5
85,20.7956,660.438,0.0360279,0.25,0.416667,0.155743,1.42602,0.46766,-0.0087117,2.89954,3.90184e-05,0.0122992,0.308168,13626.8,0.648711,0.253044,-0.1,0.02,0.1,72.6376,1.04448e+06,0.20482,0.0101916,0.3923,0.00454973,-0.174155,0.660437,-0.0223419,nan,nan,nan,nan,-0.00315159,-0.0160748,-0.00433567,nan,-0.0275607,-1.25e-05,-0.00915428,-0.0914826,nan,-0.164555,-0.215742,-0.0918316,-0.149419,0.728304,0.40225,-0.12615,-0.0041375,0.0495312,-0.5
86,34.0383,902.077,0.041986,0.375,0.166667,0.151542,1.41053,0.35921,-0.00878915,2.90156,3.90184e-05,0.0111532,0.308205,14509.2,0.535822,0.311088,-0.1,0.02,0.1,73.4861,1.05677e+06,0.254285,0.0170261,0.5459,0.006212,-0.238475,0.902077,-0.0323715,nan,nan,nan,nan,-0.00402487,-0.020409,-0.00580186,nan,-0.037791,0,-0.0117077,-0.124188,nan,-0.220787,-0.311068,-0.125188,-0.201992,1.00849,0.558462,-0.173569,-0.00536923,0.0760577,-0.5
87,35.5904,906.733,0.0424369,0.541667,0.0833333,0.158114,1.39775,0.237665,-0.0101401,2.90213,3.90184e-05,0.0155018,0.30819,12134.6,0.64719,0.36545,-0.1,0.02,0.1,74.5,1.06906e+06,0.262715,0.017167,0.548025,0.00628046,-0.238352,0.906733,-0.0321273,nan,nan,nan,nan,-0.00402991,-0.0211006,-0.00576626,nan,-0.0379921,-2e-05,-0.0106191,-0.125933,nan,-0.222528,-0.31976,-0.125739,-0.20824,0.997791,0.550667,-0.172293,-0.00577333,0.0870833,-0.5
88,35.1183,888.667,0.042311,0.375,0.125,0.158356,1.38107,0.332749,-0.00817602,2.9014,3.90184e-05,0.010076,0.308188,12523.5,0.629031,0.352161,-0.1,0.02,0.1,75.483,1.08134e+06,0.32748,0.0146449,0.533686,0.00570626,-0.235255,0.888667,-0.0316792,nan,nan,nan,nan,-0.00404246,-0.0216183,-0.00571457,nan,-0.0372182,0,-0.0103872,-0.125139,nan,-0.22092,-0.290304,-0.124377,-0.203025,0.977427,0.546333,-0.168767,-0.00541667,0.0708333,-0.5
89,33.0121,848.875,0.043098,0.25,0.0833333,0.156704,1.38724,0.344175,-0.00898081,2.90164,3.90184e-05,0.0161322,0.308192,13137.1,0.607485,0.327884,-0.1,0.02,0.1,76.42,1.09363e+06,0.260315,0.0148539,0.51264,0.00579392,-0.226662,0.848875,-0.02764,nan,nan,nan,nan,-0.003735,-0.0202998,-0.0052298,nan,-0.0356837,0,-0.0111288,-0.116368,nan,-0.217689,-0.267608,-0.118532,-0.196987,0.95514,0.5015,-0.16135,-0.005225,0.090625,-0.5
90,34.574,894.955,0.0385232,0.625,0.291667,0.162716,1.41814,0.481136,-0.00881736,2.90219,3.90184e-05,0.00964736,0.308227,14875.1,0.583955,0.242121,-0.1,0.02,0.1,77.2474,1.10592e+06,0.29622,0.0172738,0.544073,0.00595104,-0.238319,0.894955,-0.0287745,nan,nan,nan,nan,-0.00399633,-0.0204613,-0.00565667,nan,-0.0374988,-9.09091e-06,-0.0118087,-0.122072,nan,-0.225773,-0.282246,-0.12444,-0.204818,0.988681,0.536545,-0.173036,-0.00586364,0.0888636,-0.5
91,38.6875,942.421,0.0424281,0.625,0.166667,0.162535,1.40826,0.278016,-0.0088948,2.90366,3.90184e-05,0.0151053,0.308252,12371.9,0.620009,0.373208,-0.1,0.02,0.1,78.2421,1.11821e+06,0.343576,0.0171687,0.574763,0.00592098,-0.250104,0.942421,-0.0304189,nan,nan,nan,nan,-0.00422881,-0.0222596,-0.00596986,nan,-0.0395576,0,-0.0120428,-0.131496,nan,-0.240301,-0.296828,-0.131412,-0.213837,1.04265,0.564842,-0.179053,-0.00551579,0.111316,-0.5
92,31.3013,858.55,0.0389875,0.5,0.333333,0.160849,1.40482,0.68904,-0.00844387,2.90442,3.90184e-05,0.0134942,0.30828,12862.5,0.637924,0.317412,-0.1,0.02,0.1,79.1993,1.1305e+06,0.274814,0.0155393,0.51681,0.00541625,-0.229346,0.85855,-0.0279995,nan,nan,nan,nan,-0.00377992,-0.0194286,-0.00522271,nan,-0.0360811,-1.5e-05,-0.0119329,-0.119318,nan,-0.242333,-0.266058,-0.120772,-0.19239,0.974578,0.4848,-0.16502,-0.00487,0.079125,-0.5
93,36.0099,908.833,0.0409186,1,0.25,0.162303,1.39099,0.641427,-0.00883631,2.9063,3.90184e-05,0.00649086,0.308353,13215.9,0.608716,0.321071,-0.1,0.02,0.1,80.1304,1.14278e+06,0.29274,0.0156813,0.546392,0.00585113,-0.24092,0.908833,-0.029623,nan,nan,nan,nan,-0.00415435,-0.0219206,-0.00581069,nan,-0.0381258,-6.66667e-06,-0.0119648,-0.124361,nan,-0.232673,-0.298316,-0.127204,-0.20698,1.02388,0.5436,-0.173827,-0.00585333,0.08525,-0.5
94,36.5058,912.87,0.0427382,0.791667,0.166667,0.157905,1.39003,0.439714,-0.00868719,2.90893,3.90184e-05,0.00700046,0.308397,13891.5,0.581881,0.302686,-0.1,0.02,0.1,81.0166,1.15507e+06,0.295867,0.0167319,0.558942,0.00607188,-0.242742,0.91287,-0.0294352,nan,nan,nan,nan,-0.00384248,-0.0195617,-0.00563864,nan,-0.038228,-8.69565e-06,-0.0118097,-0.122038,nan,-0.24575,-0.291603,-0.126165,-0.206974,1.0306,0.537913,-0.174817,-0.00563478,0.0775,-0.5
95,33.9904,846.72,0.0402051,0.75,0.291667,0.165167,1.3943,0.493689,-0.00863742,2.91019,3.90184e-05,0.00903416,0.308434,16355.2,0.508369,0.24295,-0.1,0.02,0.1,81.7692,1.16736e+06,0.288543,0.0153037,0.512428,0.00566662,-0.22338,0.84672,-0.026396,nan,nan,nan,nan,-0.00392196,-0.0207887,-0.00545155,nan,-0.0355022,0,-0.0108891,-0.117478,nan,-0.206478,-0.271214,-0.117766,-0.186228,0.976214,0.50768,-0.162624,-0.005616,0.0807,-0.5
96,34.1154,859.84,0.0401078,0.75,0.291667,0.158475,1.41974,0.475032,-0.00732896,2.91216,3.90184e-05,0.00731096,0.308501,16297.5,0.512583,0.241399,-0.1,0.02,0.1,82.5246,1.17965e+06,0.273947,0.0155039,0.524138,0.00613067,-0.229303,0.85984,-0.0297352,nan,nan,nan,nan,-0.00384351,-0.0201057,-0.00547713,nan,-0.0360434,-8e-06,-0.0113873,-0.115948,nan,-0.21425,-0.280642,-0.119584,-0.191544,0.985052,0.52832,-0.164688,-0.005256,0.08065,-0.5
97,35.058,854.48,0.0416837,0.791667,0.25,0.159313,1.38086,0.629325,-0.00823501,2.9153,3.90184e-05,0.00997494,0.308594,11692.2,0.644132,0.406823,-0.1,0.02,0.1,83.5768,1.19194e+06,0.293445,0.0170364,0.524431,0.0060761,-0.227088,0.85448,-0.0289852,nan,nan,nan,nan,-0.00377403,-0.0191595,-0.00550097,nan,-0.0358767,-8e-06,-0.0113643,-0.11595,nan,-0.216324,-0.276402,-0.11936,-0.188724,0.991532,0.51264,-0.163296,-0.005376,0.09045,-0.5
98,40.7169,944.167,0.042118,0.875,0.125,0.162125,1.3927,0.21198,-0.00920997,2.91844,3.90184e-05,0.012632,0.308651,12333.3,0.674884,0.321444,-0.1,0.02,0.1,84.5744,1.20422e+06,0.323224,0.0164131,0.572953,0.00607622,-0.250156,0.944167,-0.0312325,nan,nan,nan,nan,-0.00424244,-0.0219623,-0.00597907,nan,-0.0396466,0,-0.0136868,-0.130168,nan,-0.238132,-0.295789,-0.131138,-0.205725,1.09924,0.584833,-0.1804,-0.00550833,0.105208,-0.5
99,37.7885,901.455,0.0425317,0.75,0.166667,0.159998,1.39343,0.389734,-0.00952504,2.92004,3.90184e-05,0.0142478,0.308683,11905.8,0.628646,0.403452,-0.1,0.02,0.1,85.6079,1.21651e+06,0.326117,0.0170906,0.550233,0.00578388,-0.241257,0.901455,-0.0287805,nan,nan,nan,nan,-0.00390152,-0.0197495,-0.00565091,nan,-0.0378714,0,-0.0120779,-0.124166,nan,-0.229576,-0.277574,-0.125559,-0.19785,1.05339,0.528,-0.172691,-0.00549091,0.0804545,-0.5
100,31.5372,812,0.0383642,0.458333,0.291667,0.161163,1.40067,0.458382,-0.00992511,2.92158,3.90184e-05,0.00843463,0.308746,13388.2,0.620071,0.29775,-0.1,0.02,0.1,86.5273,1.2288e+06,0.286246,0.0149162,0.498509,0.00593278,-0.217776,0.812,-0.0274144,nan,nan,nan,nan,-0.00359167,-0.0180036,-0.00514396,nan,-0.0340946,-1.11111e-05,-0.010777,-0.11079,nan,-0.203262,-0.252658,-0.113053,-0.1816,0.936935,0.489333,-0.154644,-0.00488889,0.0651389,-0.5
101,35.599,855.312,0.0435156,0.5,0.166667,0.157023,1.40231,0.312338,-0.00854338,2.92363,3.90184e-05,0.0131179,0.308757,12304.4,0.623725,0.374943,-0.1,0.02,0.1,89.3599,1.24109e+06,0.289484,0.015568,0.527107,0.005844,-0.228281,0.855312,-0.0302175,nan,nan,nan,nan,-0.00369752,-0.0186793,-0.00555909,nan,-0.0359066,0,-0.0110078,-0.115742,nan,-0.213379,-0.268012,-0.118957,-0.187537,1.00493,0.5295,-0.1621,-0.0052875,0.0815625,-0.5
102,30.1205,772.636,0.0394449,0.583333,0.333333,0.154667,1.41374,0.844342,-0.00790096,2.92346,3.90184e-05,0.0127046,0.308769,13038.9,0.625241,0.317169,-0.1,0.02,0.1,90.3038,1.25338e+06,0.261122,0.0135878,0.474703,0.00486621,-0.208302,0.772636,-0.0261227,nan,nan,nan,nan,-0.00329244,-0.0162634,-0.00486028,nan,-0.0324329,0,-0.011228,-0.10512,nan,-0.209531,-0.235662,-0.107309,-0.163214,0.9147,0.457273,-0.147782,-0.00401818,0.0640909,-0.5
103,19.3125,620.9,0.0351019,0.25,0.583333,0.152758,1.39517,0.492084,-0.00862987,2.92477,3.90184e-05,0.0100618,0.308818,12873.5,0.649442,0.305077,-0.1,0.02,0.1,91.2597,1.26566e+06,0.20062,0.0111226,0.373328,0.0039335,-0.167228,0.6209,-0.0199065,nan,nan,nan,nan,-0.00271452,-0.0127201,-0.00369202,nan,-0.0260672,0,-0.00959973,-0.084267,nan,-0.179246,-0.188793,-0.0861819,-0.130545,0.750401,0.3454,-0.11892,-0.00345,0.04325,-0.5
104,44.6329,1000,0.0462488,0.416667,0,0.152932,1.43885,0.333986,-0.00843565,2.92636,3.90184e-05,0.0104666,0.308841,15562.6,0.548312,0.241272,-0.1,0.02,0.1,92.0506,1.27795e+06,0.307565,0.021484,0.615927,0.00713509,-0.266612,1,-0.033017,nan,nan,nan,nan,-0.00456584,-0.0233563,-0.00658552,nan,-0.0420373,-5e-05,-0.0147504,-0.130782,nan,-0.243539,-0.308734,-0.139282,-0.20733,1.19988,0.6056,-0.19108,-0.0066,0.092375,nan
105,30.4394,777.158,0.0409991,0.5,0.291667,0.155339,1.41213,0.445405,-0.00794886,2.92699,3.90184e-05,0.0123721,0.308857,12890.3,0.535198,0.418079,-0.1,0.02,0.1,93.0052,1.29024e+06,0.260433,0.0139705,0.475374,0.00558851,-0.208179,0.777158,-0.0244611,nan,nan,nan,nan,-0.0035122,-0.018017,-0.00490805,nan,-0.0326506,0,-0.0113991,-0.106228,nan,-0.2009,-0.237359,-0.108423,-0.166611,0.933901,0.442526,-0.149011,-0.00433684,0.0732237,-0.5
106,31.2343,822.909,0.0430708,0.291667,0.166667,0.155673,1.38849,0.365045,-0.00933061,2.92768,3.90184e-05,0.0136219,0.30888,12509.4,0.645229,0.337073,-0.1,0.02,0.1,93.9892,1.30253e+06,0.282992,0.0169939,0.500281,0.00531227,-0.221509,0.822909,-0.0233945,nan,nan,nan,nan,-0.00366632,-0.0184463,-0.00482197,nan,-0.0345386,0,-0.012721,-0.108852,nan,-0.23076,-0.252066,-0.113824,-0.175418,0.960011,0.449091,-0.158473,-0.005,0.0694318,-0.5
107,24.7112,681.286,0.0416719,0.333333,0.25,0.154948,1.42126,0.460612,-0.00865027,2.92873,3.90184e-05,0.0130702,0.308914,12798.5,0.625402,0.334713,-0.1,0.02,0.1,94.9507,1.31482e+06,0.192592,0.0122175,0.417436,0.00485325,-0.183667,0.681286,-0.0211843,nan,nan,nan,nan,-0.00307119,-0.0154219,-0.00431229,nan,-0.0285564,-1.42857e-05,-0.010288,-0.092294,nan,-0.168555,-0.226793,-0.0942145,-0.1428,0.80945,0.402857,-0.1306,-0.00398571,0.0549107,-0.5
108,33.8668,843.077,0.0426314,0.375,0.166667,0.153685,1.44821,0.553056,-0.00834178,2.92979,3.90184e-05,0.0162169,0.308925,12868.2,0.616967,0.337949,-0.1,0.02,0.1,95.9072,1.3271e+06,0.249909,0.0179043,0.513092,0.00594322,-0.227389,0.843077,-0.0293885,nan,nan,nan,nan,-0.00378682,-0.0189316,-0.00544468,nan,-0.035441,0,-0.0138556,-0.115578,nan,-0.209527,-0.265466,-0.117129,-0.177854,1.00752,0.515077,-0.160492,-0.00553846,0.0804808,-0.5
109,28.5542,745.889,0.0392226,0.416667,0.333333,0.157186,1.43959,0.611386,-0.00864161,2.93005,3.90184e-05,0.0166174,0.308935,14967.1,0.550139,0.270863,-0.1,0.02,0.1,96.7298,1.33939e+06,0.246882,0.0145048,0.450768,0.00541443,-0.201513,0.745889,-0.0243094,nan,nan,nan,nan,-0.00337889,-0.0176591,-0.00472903,nan,-0.0313434,0,-0.010373,-0.101782,nan,-0.186755,-0.229255,-0.103232,-0.1595,0.895769,0.440444,-0.1434,-0.00473333,0.0722222,-0.5
110,28.4388,733.312,0.042202,0.416667,0.25,0.154514,1.43431,0.3297,-0.0091808,2.9305,3.90184e-05,0.0114425,0.308949,15579.2,0.535848,0.252895,-0.1,0.02,0.1,97.5199,1.35168e+06,0.233054,0.0173219,0.446931,0.00501549,-0.197734,0.733312,-0.0225506,nan,nan,nan,nan,-0.00318757,-0.0156274,-0.00444347,nan,-0.0308091,0,-0.0108291,-0.0966311,nan,-0.194682,-0.231509,-0.100935,-0.157969,0.874622,0.42575,-0.1402,-0.004475,0.0705469,-0.5
111,27.5386,728.455,0.0441195,0.25,0.208333,0.150894,1.41494,0.617854,-0.0104018,2.93145,3.90184e-05,0.0103751,0.30899,16598.2,0.500569,0.239752,-0.1,0.02,0.1,98.2615,1.36397e+06,0.265607,0.0137766,0.440268,0.00529798,-0.196809,0.728455,-0.0230382,nan,nan,nan,nan,-0.00338194,-0.0170578,-0.0045986,nan,-0.0306686,0,-0.0104565,-0.0993659,nan,-0.183271,-0.244184,-0.101223,-0.156382,0.876482,0.429818,-0.138364,-0.0042,0.0575,-0.5
112,13.2486,487.5,0.037522,0.125,0.458333,0.157785,1.41322,0.903255,-0.00832726,2.93348,3.90184e-05,0.0141052,0.309051,13495.8,0.554469,0.356037,-0.1,0.02,0.1,99.1733,1.37626e+06,0.159973,0.00883067,0.290926,0.00386391,-0.133069,0.4875,-0.0136464,nan,nan,nan,nan,-0.00229183,-0.0109589,-0.00296628,nan,-0.0205712,0,-0.00756826,-0.0653195,nan,-0.133985,-0.163961,-0.0680951,-0.103243,0.588773,0.280571,-0.0936286,-0.00282857,0.0452679,-0.5
113,39.2342,938,0.0441764,0.416667,0.125,0.156019,1.40754,0.260314,-0.00792249,2.93566,3.90184e-05,0.016958,0.309088,12260.7,0.646747,0.355483,-0.1,0.02,0.1,100.177,1.38854e+06,0.288126,0.0181021,0.57302,0.0070016,-0.254162,0.938,-0.0313046,nan,nan,nan,nan,-0.00409743,-0.0201984,-0.00599235,nan,-0.039465,0,-0.0150353,-0.126576,nan,-0.24322,-0.304677,-0.130257,-0.194377,1.14315,0.562154,-0.178954,-0.00558462,0.101442,-0.5
114,32.8912,794.75,0.0443972,0.208333,0.125,0.158571,1.3894,0.303061,-0.00888371,2.93685,3.90184e-05,0.0181779,0.309125,12753.6,0.628279,0.335212,-0.1,0.02,0.1,101.143,1.40083e+06,0.31693,0.0132168,0.490137,0.00597742,-0.21527,0.79475,-0.0232925,nan,nan,nan,nan,-0.0034179,-0.0167302,-0.00484746,nan,-0.0334633,0,-0.0124306,-0.109147,nan,-0.209231,-0.255547,-0.110272,-0.163987,0.97794,0.474,-0.1494,-0.004325,0.0704687,-0.5
115,29.1231,729.3,0.0433896,0.25,0.166667,0.156895,1.38246,0.52636,-0.00858303,2.9381,3.90184e-05,0.0133603,0.30915,13805.4,0.611922,0.278166,-0.1,0.02,0.1,102.034,1.41312e+06,0.243893,0.011897,0.437347,0.00489631,-0.197587,0.7293,-0.023347,nan,nan,nan,nan,-0.00343862,-0.0166902,-0.00472987,nan,-0.0306903,0,-0.0124902,-0.0993897,nan,-0.178285,-0.232609,-0.10156,-0.15081,0.889802,0.466,-0.1388,-0.00418,0.067625,-0.5
116,30.2929,760.727,0.0424494,0.25,0.208333,0.155629,1.39467,0.286156,-0.0084818,2.93874,3.90184e-05,0.0118117,0.309144,15204,0.547486,0.260724,-0.1,0.02,0.1,102.844,1.42541e+06,0.293823,0.0141375,0.467423,0.00594762,-0.205382,0.760727,-0.0250291,nan,nan,nan,nan,-0.00343034,-0.0164619,-0.00479634,nan,-0.032002,0,-0.0123233,-0.102843,nan,-0.188356,-0.229979,-0.105016,-0.1593,0.932951,0.441455,-0.144073,-0.00487273,0.0593182,-0.5
117,32.7894,774.25,0.0459679,0.125,0.0416667,0.153544,1.39667,0.164657,-0.0093348,2.93785,2.60123e-05,0.0202138,0.309112,12493.6,0.618321,0.365226,-0.1,0.02,0.1,103.829,1.4377e+06,0.236469,0.0178378,0.486784,0.0067439,-0.206248,0.77425,-0.029015,nan,nan,nan,nan,-0.00351288,-0.0178458,-0.00524154,nan,-0.0324495,0,-0.0120768,-0.101339,nan,-0.182956,-0.240876,-0.1069,-0.163875,0.948271,0.471,-0.1467,-0.00535,0.0775,-0.5
118,32.9047,815.538,0.0429189,0.333333,0.208333,0.153749,1.4113,0.542308,-0.00620416,2.93671,2.60123e-05,0.00866307,0.309095,12077.7,0.684173,0.33324,-0.1,0.02,0.1,104.848,1.44998e+06,0.259472,0.0136046,0.496652,0.00613948,-0.220016,0.815538,-0.0266246,nan,nan,nan,nan,-0.00391306,-0.0194548,-0.00527429,nan,-0.0342726,0,-0.0136137,-0.110217,nan,-0.193595,-0.263086,-0.113426,-0.165785,0.998946,0.504615,-0.154862,-0.00501538,0.0717308,-0.5
119,25.5919,680.9,0.0411457,0.166667,0.25,0.158674,1.39435,0.41865,-0.00762437,2.93619,2.60123e-05,0.00601478,0.309086,11981.2,0.641686,0.383918,-0.1,0.02,0.1,105.875,1.46227e+06,0.244536,0.0150865,0.419049,0.00495471,-0.185672,0.6809,-0.02461,nan,nan,nan,nan,-0.00316392,-0.0150742,-0.00452893,nan,-0.0285505,0,-0.0115912,-0.0907785,nan,-0.165077,-0.200694,-0.0945145,-0.14202,0.851335,0.4192,-0.129,-0.00432,0.044125,-0.5
120,36.0127,846.235,0.0420787,0.458333,0.25,0.15697,1.3943,0.377216,-0.00778795,2.93579,2.60123e-05,0.00679487,0.309068,12297.5,0.654873,0.344358,-0.1,0.02,0.1,106.876,1.47456e+06,0.311251,0.0180848,0.524007,0.00598934,-0.231119,0.846235,-0.0294229,nan,nan,nan,nan,-0.0036344,-0.017921,-0.00538568,nan,-0.035619,0,-0.0130278,-0.113848,nan,-0.210856,-0.2394,-0.117645,-0.173029,1.04776,0.492941,-0.159529,-0.00556471,0.0868382,-0.5
121,33.2028,793.455,0.0424826,0.25,0.208333,0.157662,1.39898,0.483905,-0.00657125,2.93541,3.90184e-05,0.00322388,0.309075,16370.8,0.505123,0.245482,-0.1,0.02,0.1,107.628,1.48685e+06,0.294137,0.0147207,0.494376,0.00617486,-0.217107,0.793455,-0.0295627,nan,nan,nan,nan,-0.00351573,-0.016787,-0.00527285,nan,-0.0334218,-3.63636e-05,-0.0118715,-0.105094,nan,-0.18855,-0.23191,-0.109583,-0.162655,0.979977,0.5,-0.150945,-0.00525455,0.0761364,-0.5
122,34.9336,831.667,0.0425663,0.208333,0.166667,0.155737,1.40095,0.509951,-0.00863533,2.93683,3.90184e-05,0.00742707,0.309151,14906.9,0.50172,0.322594,-0.1,0.02,0.1,108.454,1.49914e+06,0.314062,0.0180333,0.512454,0.00623735,-0.225641,0.831667,-0.0278878,nan,nan,nan,nan,-0.00367959,-0.0185918,-0.00531214,nan,-0.034915,0,-0.0126706,-0.109519,nan,-0.198439,-0.235552,-0.114372,-0.170567,1.03508,0.508889,-0.157911,-0.00537778,0.0629167,-0.5
123,30.624,811.143,0.0442426,0.125,0.166667,0.154587,1.40314,0.256538,-0.00842352,2.93936,3.90184e-05,0.00816766,0.309184,12294.7,0.652145,0.34731,-0.1,0.02,0.1,109.455,1.51142e+06,0.250163,0.0145725,0.496071,0.00609682,-0.220421,0.811143,-0.0288757,nan,nan,nan,nan,-0.00378242,-0.0179022,-0.00529826,nan,-0.0340389,0,-0.0139325,-0.109855,nan,-0.188149,-0.27444,-0.112656,-0.164829,1.01797,0.487429,-0.154971,-0.00505714,0.0676786,-0.5
124,26.824,702.333,0.0415632,0.25,0.25,0.154551,1.40636,0.391037,-0.00723609,2.94033,3.90184e-05,0.0134913,0.309213,12779.2,0.645636,0.315924,-0.1,0.02,0.1,110.418,1.52371e+06,0.226078,0.0140733,0.430566,0.00547314,-0.189677,0.702333,-0.0255483,nan,nan,nan,nan,-0.00320776,-0.0153739,-0.00467358,nan,-0.0295047,0,-0.0114865,-0.092047,nan,-0.163263,-0.227556,-0.0969033,-0.140575,0.871668,0.408333,-0.133267,-0.00445,0.0702083,-0.5
125,29.2749,735,0.0453731,0.166667,0.125,0.15445,1.36489,0.271925,-0.00906677,2.94095,3.90184e-05,0.0134852,0.3092,13407.9,0.612052,0.304423,-0.1,0.02,0.1,111.336,1.536e+06,0.223528,0.0145882,0.44725,0.00634377,-0.201626,0.735,-0.0232714,nan,nan,nan,nan,-0.00327059,-0.015988,-0.00460052,nan,-0.0307778,0,-0.0116752,-0.0982963,nan,-0.184821,-0.218189,-0.10208,-0.151071,0.919066,0.441714,-0.137829,-0.00471429,0.07875,-0.5
126,39.6005,925.111,0.045479,0.291667,0.0833333,0.156439,1.38092,0.335025,-0.00907589,2.9406,3.90184e-05,0.0186295,0.309215,14761,0.540677,0.291784,-0.1,0.02,0.1,112.17,1.54829e+06,0.28473,0.0185805,0.564104,0.00698653,-0.25293,0.925111,-0.0315811,nan,nan,nan,nan,-0.00429352,-0.021634,-0.00627486,nan,-0.0389045,-2.22222e-05,-0.0158984,-0.124364,nan,-0.215806,-0.304036,-0.129298,-0.1824,1.15132,0.556,-0.177956,-0.00571111,0.0954167,-0.5
127,35.0832,841.083,0.0436047,0.333333,0.166667,0.155554,1.39672,0.272221,-0.00896868,2.94123,3.90184e-05,0.0167354,0.309224,16289.6,0.510924,0.243424,-0.1,0.02,0.1,112.926,1.56058e+06,0.268344,0.0138484,0.525446,0.00645872,-0.230619,0.841083,-0.030405,nan,nan,nan,nan,-0.00361683,-0.0177996,-0.00547206,nan,-0.0354317,0,-0.0159938,-0.114061,nan,-0.214519,-0.260078,-0.117344,-0.1634,1.07695,0.498333,-0.161333,-0.00518333,0.065625,-0.5
128,31.0397,772.333,0.0416894,0.416667,0.333333,0.153947,1.40165,0.438468,-0.00806483,2.94171,3.90184e-05,0.00930495,0.309245,16598.7,0.500284,0.240016,-0.1,0.02,0.1,113.667,1.57286e+06,0.267069,0.0168119,0.477446,0.00531653,-0.213266,0.772333,-0.0276072,nan,nan,nan,nan,-0.00331185,-0.0154758,-0.00498282,nan,-0.032525,0,-0.0140222,-0.104445,nan,-0.194094,-0.250486,-0.107424,-0.150767,0.973992,0.466889,-0.1464,-0.00445556,0.0636111,-0.5
129,38.9842,874.091,0.0472164,0.375,0.0833333,0.149933,1.37067,0.193107,-0.00838731,2.94248,3.90184e-05,0.00961804,0.309258,12996.5,0.589837,0.355648,-0.1,0.02,0.1,114.614,1.58515e+06,0.279546,0.0168324,0.538506,0.00679754,-0.240272,0.874091,-0.03007,nan,nan,nan,nan,-0.00385568,-0.0188803,-0.005896,nan,-0.0368565,0,-0.0137182,-0.118677,nan,-0.205527,-0.273987,-0.121063,-0.178364,1.10418,0.555636,-0.164545,-0.0058,0.0820455,-0.5
130,39.9111,897.6,0.0457801,0.333333,0.0833333,0.155695,1.39285,0.418451,-0.0087131,2.9428,3.90184e-05,0.0096773,0.309269,12536.6,0.653366,0.326805,-0.1,0.02,0.1,115.596,1.59744e+06,0.286701,0.0159311,0.559422,0.00785242,-0.243906,0.8976,-0.032497,nan,nan,nan,nan,-0.00380984,-0.0188251,-0.00595051,nan,-0.0376298,0,-0.0147131,-0.118259,nan,-0.203109,-0.29692,-0.122943,-0.18174,1.13051,0.5708,-0.16836,-0.0066,0.082,-0.5
131,39.5357,900.278,0.0437185,0.541667,0.208333,0.156706,1.40164,0.381109,-0.00903167,2.94369,3.90184e-05,0.0122328,0.309306,13159.7,0.613156,0.320603,-0.1,0.02,0.1,116.531,1.60973e+06,0.352088,0.018392,0.553584,0.00679461,-0.247055,0.900278,-0.0288944,nan,nan,nan,nan,-0.00357691,-0.0172913,-0.00544601,nan,-0.0378075,0,-0.0166492,-0.121127,nan,-0.246349,-0.228585,-0.124524,-0.179017,1.13538,0.507111,-0.170644,-0.00494444,0.0739583,-0.5
132,37.2782,863.417,0.0449253,0.333333,0.166667,0.152357,1.38359,0.364284,-0.00932554,2.94578,3.90184e-05,0.0141141,0.309385,12814.3,0.630971,0.327955,-0.1,0.02,0.1,117.492,1.62202e+06,0.306092,0.0148591,0.534195,0.00623831,-0.237915,0.863417,-0.0317917,nan,nan,nan,nan,-0.00385322,-0.0185912,-0.00567807,nan,-0.0363285,-8.33333e-06,-0.0149191,-0.119656,nan,-0.205526,-0.265789,-0.119803,-0.171975,1.1053,0.534667,-0.163633,-0.00591667,0.0671875,-0.5
133,41.1058,934.864,0.0431158,0.666667,0.25,0.152328,1.3773,0.526309,-0.00741659,2.94827,3.90184e-05,0.00726669,0.309421,13276.3,0.570523,0.355036,-0.1,0.02,0.1,118.419,1.6343e+06,0.310769,0.0180032,0.581667,0.00687632,-0.257495,0.934864,-0.0345777,nan,nan,nan,nan,-0.00420066,-0.0202454,-0.00631176,nan,-0.0393641,0,-0.0168279,-0.128999,nan,-0.22669,-0.294229,-0.130141,-0.182005,1.20352,0.571818,-0.176255,-0.00562727,0.0871023,-0.5
134,42.2132,923.619,0.0450446,0.75,0.125,0.150633,1.37918,0.329252,-0.00899916,2.94936,3.90184e-05,0.0175173,0.30944,13122.2,0.613095,0.32333,-0.1,0.02,0.1,119.357,1.64659e+06,0.315029,0.0185755,0.574982,0.00757098,-0.253179,0.923619,-0.0335476,nan,nan,nan,nan,-0.00403548,-0.0192976,-0.00607813,nan,-0.0388309,0,-0.0163126,-0.122082,nan,-0.213552,-0.303373,-0.127995,-0.179829,1.18874,0.58381,-0.175029,-0.00579048,0.0686905,-0.5
135,41.2441,932.192,0.0442678,0.916667,0.166667,0.154287,1.38195,0.54693,-0.00741944,2.9496,3.90184e-05,0.0072334,0.309436,12924,0.620847,0.329942,-0.1,0.02,0.1,120.309,1.65888e+06,0.310944,0.018789,0.586018,0.00643608,-0.256011,0.932192,-0.0323012,nan,nan,nan,nan,-0.00388675,-0.019109,-0.00586025,nan,-0.0391045,-3.84615e-06,-0.0178213,-0.124772,nan,-0.250015,-0.281689,-0.128517,-0.178546,1.19775,0.525077,-0.176231,-0.00556154,0.0813462,-0.5
136,36.8778,836.824,0.0444891,0.541667,0.166667,0.150653,1.38057,0.520377,-0.00898776,2.94987,3.90184e-05,0.0127353,0.309464,14154.7,0.595776,0.272346,-0.1,0.02,0.1,121.179,1.67117e+06,0.314324,0.016067,0.523678,0.00594286,-0.229618,0.836824,-0.0279406,nan,nan,nan,nan,-0.00349625,-0.0170936,-0.00528771,nan,-0.035104,0,-0.0146484,-0.111726,nan,-0.228801,-0.245484,-0.116052,-0.165618,1.06175,0.491294,-0.158471,-0.00517647,0.0761765,-0.5
137,44.6073,947.421,0.0449419,0.666667,0.125,0.15178,1.39988,0.243144,-0.00735774,2.95116,3.90184e-05,0.00820621,0.309494,15387.6,0.552006,0.24656,-0.1,0.02,0.1,121.979,1.68346e+06,0.358476,0.0191405,0.596056,0.00731133,-0.259646,0.947421,-0.0350695,nan,nan,nan,nan,-0.00414208,-0.0206989,-0.00638583,nan,-0.039825,0,-0.0173152,-0.125006,nan,-0.220221,-0.274456,-0.131222,-0.187153,1.21463,0.581263,-0.178968,-0.006,0.0911184,-0.5
138,46.952,1000,0.0469227,0.666667,0,0.154279,1.39756,0.294403,-0.00836511,2.95233,3.90184e-05,0.014742,0.309535,16338.3,0.505466,0.246634,-0.1,0.02,0.1,122.732,1.69574e+06,0.362285,0.0187033,0.622721,0.00719413,-0.273515,1,-0.033355,nan,nan,nan,nan,-0.00426985,-0.0212123,-0.00632807,nan,-0.0419201,0,-0.0182665,-0.129853,nan,-0.255738,-0.30456,-0.1382,-0.195094,1.26397,0.58325,-0.189125,-0.0059625,0.106875,nan
139,40.6034,863.95,0.0449912,0.666667,0.166667,0.150845,1.38544,0.319052,-0.00860773,2.95381,3.90184e-05,0.0134551,0.309563,15861,0.526268,0.248464,-0.1,0.02,0.1,123.509,1.70803e+06,0.370322,0.0164257,0.548041,0.00665439,-0.238949,0.86395,-0.032835,nan,nan,nan,nan,-0.00366291,-0.0181796,-0.00571184,nan,-0.0363088,0,-0.0152784,-0.113174,nan,-0.210698,-0.252997,-0.119853,-0.171915,1.12128,0.5322,-0.16346,-0.00581,0.060125,-0.5
140,43.3332,945.769,0.0471856,0.5,0.0416667,0.152037,1.36737,0.128355,-0.00849872,2.95459,3.90184e-05,0.012881,0.309575,16415.2,0.502301,0.246274,-0.1,0.02,0.1,124.258,1.72032e+06,0.31797,0.0188041,0.593091,0.00685061,-0.261465,0.945769,-0.0335954,nan,nan,nan,nan,-0.00413598,-0.0205406,-0.0062641,nan,-0.0397424,-7.69231e-06,-0.0167425,-0.123957,nan,-0.226944,-0.301321,-0.130726,-0.190454,1.19223,0.6,-0.178185,-0.00627692,0.0707692,-0.5
141,39.1399,853.45,0.0446423,0.666667,0.166667,0.152653,1.36985,0.335217,-0.00682343,2.95547,3.90184e-05,0.00701552,0.309623,16341.5,0.507304,0.244645,-0.1,0.02,0.1,125.012,1.73261e+06,0.32544,0.0140285,0.535897,0.00669373,-0.234839,0.85345,-0.0307655,nan,nan,nan,nan,-0.00379182,-0.0182828,-0.00578171,nan,-0.0358976,0,-0.0160027,-0.114652,nan,-0.206013,-0.250497,-0.118737,-0.167805,1.09878,0.5184,-0.16298,-0.00559,0.0759375,-0.5
142,39.7623,874.444,0.0461995,0.625,0.125,0.15346,1.38349,0.43861,-0.00839291,2.95745,3.90184e-05,0.0164916,0.309659,16322.3,0.504685,0.248152,-0.1,0.02,0.1,125.766,1.7449e+06,0.320862,0.0166029,0.547666,0.00675627,-0.241667,0.874444,-0.0320667,nan,nan,nan,nan,-0.00390784,-0.0194038,-0.00581926,nan,-0.0367695,0,-0.0173388,-0.117212,nan,-0.205238,-0.283353,-0.121663,-0.167933,1.12385,0.549778,-0.169844,-0.00566667,0.059375,-0.5
143,38.1205,855.579,0.0431831,0.583333,0.208333,0.154225,1.42168,0.479525,-0.00872491,2.95869,3.90184e-05,0.0102992,0.309704,16368.3,0.506585,0.244132,-0.1,0.02,0.1,126.518,1.75718e+06,0.310691,0.0142695,0.536745,0.0067664,-0.236488,0.855579,-0.0335632,nan,nan,nan,nan,-0.00368085,-0.0175044,-0.00576512,nan,-0.0359396,-1.05263e-05,-0.0150985,-0.114458,nan,-0.201584,-0.277808,-0.117778,-0.167858,1.09546,0.542947,-0.161242,-0.00554737,0.0694737,-0.5
144,39.2388,849.8,0.0443311,0.666667,0.166667,0.151724,1.36545,0.351663,-0.00831112,2.96091,3.90184e-05,0.0117416,0.309765,16296.3,0.505183,0.248853,-0.1,0.02,0.1,127.273,1.76947e+06,0.356725,0.0178663,0.532296,0.00636854,-0.236047,0.8498,-0.030075,nan,nan,nan,nan,-0.00369982,-0.0179183,-0.00558609,nan,-0.0358262,0,-0.0156051,-0.113976,nan,-0.209057,-0.256888,-0.11826,-0.163725,1.08897,0.5134,-0.16156,-0.00564,0.070375,-0.5
145,35.3718,792.818,0.0453431,0.333333,0.125,0.154686,1.36272,0.272718,-0.00788731,2.96206,3.90184e-05,0.0188202,0.309749,16424.7,0.497424,0.250719,-0.1,0.02,0.1,128.023,1.78176e+06,0.295499,0.0140345,0.495775,0.00572884,-0.219651,0.792818,-0.02936,nan,nan,nan,nan,-0.00355577,-0.0171654,-0.00540342,nan,-0.0332711,0,-0.0156176,-0.103951,nan,-0.190035,-0.246352,-0.109717,-0.152618,1.02526,0.497818,-0.149527,-0.00541818,0.0596591,-0.5
146,43.3451,942.222,0.0491829,0.333333,0.0416667,0.14417,1.38659,0.193613,-0.00923861,2.96154,3.90184e-05,0.0144302,0.309765,16203.6,0.511505,0.246847,-0.1,0.02,0.1,128.783,1.79405e+06,0.336972,0.0202411,0.584206,0.00618515,-0.261071,0.942222,-0.0336389,nan,nan,nan,nan,-0.00422783,-0.0210757,-0.00630535,nan,-0.0395281,0,-0.0187518,-0.129201,nan,-0.227502,-0.30861,-0.130556,-0.176033,1.22622,0.565333,-0.177289,-0.00644444,0.0816667,-0.5
147,41.6973,908.812,0.0466051,0.5,0.166667,0.144357,1.37885,0.384468,-0.00808309,2.96306,3.90184e-05,0.0104926,0.309833,16307.6,0.504918,0.248595,-0.1,0.02,0.1,129.537,1.80634e+06,0.367676,0.0181051,0.57386,0.00639937,-0.249446,0.908812,-0.0340713,nan,nan,nan,nan,-0.00386932,-0.0184841,-0.0060546,nan,-0.0382097,0,-0.0172497,-0.121169,nan,-0.221046,-0.279041,-0.125695,-0.172162,1.18661,0.54575,-0.17135,-0.0054375,0.0659375,-0.5
148,36.2309,836.357,0.0458746,0.375,0.208333,0.146662,1.36432,0.355697,-0.00836937,2.96565,3.90184e-05,0.0137378,0.309881,14801.7,0.561585,0.268592,-0.1,0.02,0.1,130.369,1.81862e+06,0.328718,0.0150698,0.521125,0.00593834,-0.231135,0.836357,-0.0300521,nan,nan,nan,nan,-0.00357652,-0.0174096,-0.00545273,nan,-0.0351123,0,-0.0162198,-0.114554,nan,-0.212814,-0.262529,-0.11599,-0.160414,1.08804,0.505714,-0.157943,-0.00514286,0.0575,-0.5
149,42.753,957.714,0.0487776,0.25,0.0416667,0.148022,1.40411,0.416297,-0.00840962,2.96675,3.90184e-05,0.00989941,0.30989,16533.8,0.50084,0.242366,-0.1,0.02,0.1,131.113,1.83091e+06,0.354822,0.0185504,0.594083,0.00654061,-0.26201,0.957714,-0.0298343,nan,nan,nan,nan,-0.00395662,-0.0193311,-0.0059401,nan,-0.0401355,0,-0.0184581,-0.131104,nan,-0.272607,-0.288196,-0.132996,-0.189171,1.21501,0.542286,-0.181314,-0.00522857,0.100357,-0.5
150,37.2332,865.158,0.0433804,0.583333,0.208333,0.150191,1.40464,0.245407,-0.00856263,2.9672,3.90184e-05,0.0102315,0.309916,16150.9,0.516575,0.244248,-0.1,0.02,0.1,131.876,1.8432e+06,0.276117,0.016354,0.542867,0.00651322,-0.240239,0.865158,-0.0316716,nan,nan,nan,nan,-0.0039056,-0.0188416,-0.00571323,nan,-0.0363281,-2.63158e-05,-0.0188423,-0.115104,nan,-0.204392,-0.296381,-0.119759,-0.161921,1.10683,0.523789,-0.164463,-0.00542105,0.0786184,-0.5
151,40.9793,885.667,0.0464921,0.5,0.125,0.14578,1.39154,0.353368,-0.0081825,2.96797,3.90184e-05,0.00642768,0.309923,16277.7,0.499959,0.254941,-0.1,0.02,0.1,132.632,1.85549e+06,0.350161,0.0158999,0.556439,0.00689366,-0.244378,0.885667,-0.0323867,nan,nan,nan,nan,-0.00391214,-0.0189428,-0.00581274,nan,-0.0373241,0,-0.0178392,-0.120415,nan,-0.215686,-0.272619,-0.122847,-0.16712,1.15784,0.542133,-0.167573,-0.0058,0.0665833,-0.5
152,33.1736,764.083,0.0446475,0.333333,0.166667,0.150474,1.38277,0.330344,-0.0068906,2.96791,3.90184e-05,0.00883726,0.309912,16537.9,0.498893,0.244127,-0.1,0.02,0.1,133.376,1.86778e+06,0.275667,0.0143406,0.484719,0.00531815,-0.210206,0.764083,-0.0274008,nan,nan,nan,nan,-0.00328678,-0.0158162,-0.0049099,nan,-0.0320292,0,-0.0157073,-0.102883,nan,-0.195868,-0.236285,-0.105601,-0.1429,0.988947,0.45,-0.1449,-0.00493333,0.085,-0.5
153,33.9182,766.938,0.0440601,0.458333,0.208333,0.152116,1.38948,0.339701,-0.00757726,2.96781,3.90184e-05,0.0130465,0.309931,16476.9,0.500907,0.244865,-0.1,0.02,0.1,134.123,1.88006e+06,0.302921,0.0136912,0.479702,0.00556294,-0.212331,0.766937,-0.0281256,nan,nan,nan,nan,-0.00339861,-0.0160369,-0.00514148,nan,-0.0321586,0,-0.0158282,-0.0999881,nan,-0.189731,-0.242717,-0.10551,-0.143362,0.995578,0.4645,-0.1456,-0.0050875,0.0682813,-0.5
154,44.9192,963.769,0.0483263,0.458333,0.0833333,0.151692,1.35405,0.25619,-0.00846135,2.96873,3.90184e-05,0.0166162,0.30995,15725.3,0.535275,0.246141,-0.1,0.02,0.1,134.906,1.89235e+06,0.353543,0.0193042,0.608289,0.0066778,-0.266253,0.963769,-0.0364785,nan,nan,nan,nan,-0.00412115,-0.0194491,-0.00643297,nan,-0.0404103,0,-0.0201875,-0.124931,nan,-0.248741,-0.285132,-0.132752,-0.1866,1.25299,0.590769,-0.179477,-0.0064,0.0849038,-0.5
155,37.0198,845.25,0.045643,0.458333,0.208333,0.145881,1.3914,0.525619,-0.00781718,2.96894,3.90184e-05,0.0113236,0.309942,15843.4,0.53289,0.242703,-0.1,0.02,0.1,135.683,1.90464e+06,0.292727,0.016308,0.536346,0.00521883,-0.232368,0.84525,-0.0329006,nan,nan,nan,nan,-0.00361953,-0.016837,-0.00577604,nan,-0.0354869,0,-0.0177549,-0.11399,nan,-0.20829,-0.285052,-0.116345,-0.1584,1.10202,0.535,-0.159025,-0.005325,0.0655469,-0.5
156,31.8519,739.75,0.0439768,0.25,0.25,0.147449,1.40163,0.342694,-0.00902211,2.96921,3.90184e-05,0.0119786,0.309981,16446.9,0.501574,0.245556,-0.1,0.02,0.1,136.431,1.91693e+06,0.338644,0.0160148,0.46928,0.00575332,-0.203036,0.73975,-0.0273125,nan,nan,nan,nan,-0.0031591,-0.0146575,-0.0048619,nan,-0.0310463,0,-0.0139207,-0.0961799,nan,-0.189054,-0.213304,-0.102253,-0.138775,0.951566,0.429333,-0.139267,-0.00498333,0.0740625,-0.5
157,41.8714,909.6,0.0469713,0.5,0.125,0.147694,1.37705,0.485697,-0.00833962,2.97115,3.90184e-05,0.0175773,0.310029,16280.4,0.502094,0.252679,-0.1,0.02,0.1,137.188,1.92922e+06,0.344594,0.0176061,0.574666,0.00627193,-0.25228,0.9096,-0.0358727,nan,nan,nan,nan,-0.00402096,-0.0193033,-0.00620275,nan,-0.0381588,0,-0.0209886,-0.121696,nan,-0.220971,-0.302638,-0.126548,-0.16694,1.20543,0.560533,-0.170587,-0.00576,0.0668333,-0.5
158,26.19,642.167,0.0471634,0.125,0.125,0.14705,1.36807,0.301121,-0.00894349,2.9724,3.90184e-05,0.00594979,0.310036,16465.8,0.497212,0.249061,-0.1,0.02,0.1,137.935,1.9415e+06,0.259206,0.0123298,0.403044,0.00442036,-0.1786,0.642167,-0.0237417,nan,nan,nan,nan,-0.00291128,-0.0142989,-0.00426736,nan,-0.0268814,0,-0.013886,-0.0849969,nan,-0.157832,-0.193538,-0.088318,-0.11655,0.822448,0.384667,-0.123533,-0.0038,0.064375,-0.5
159,28.7339,726,0.0443065,0.208333,0.25,0.148691,1.37381,0.415154,-0.00709532,2.97264,3.90184e-05,0.00542052,0.310064,16297.4,0.502626,0.251361,-0.1,0.02,0.1,138.691,1.95379e+06,0.279245,0.0138614,0.451356,0.00467841,-0.199035,0.726,-0.0239109,nan,nan,nan,nan,-0.0033074,-0.0163358,-0.00452937,nan,-0.0303835,0,-0.0141054,-0.0971446,nan,-0.194558,-0.22783,-0.0987861,-0.138491,0.942894,0.425818,-0.139891,-0.00441818,0.0582955,-0.5
160,31.5983,734.6,0.0452954,0.375,0.25,0.148121,1.3821,0.445527,-0.00795138,2.97462,3.90184e-05,0.0105808,0.310128,16209.2,0.511641,0.246447,-0.1,0.02,0.1,139.45,1.96608e+06,0.275019,0.0165626,0.462679,0.00530616,-0.204032,0.7346,-0.030884,nan,nan,nan,nan,-0.00316819,-0.0151514,-0.00504913,nan,-0.0308096,0,-0.0148303,-0.0986037,nan,-0.178913,-0.228146,-0.10106,-0.13614,0.963059,0.452533,-0.138453,-0.00485333,0.06025,-0.5
161,35.3882,807.133,0.0464243,0.416667,0.208333,0.148565,1.35543,0.246336,-0.00815303,2.97709,3.90184e-05,0.00909573,0.31018,16582.6,0.499306,0.24171,-0.1,0.02,0.1,140.192,1.97837e+06,0.317461,0.0151807,0.513202,0.00526669,-0.223777,0.807133,-0.0301573,nan,nan,nan,nan,-0.0033356,-0.0154187,-0.00525346,nan,-0.0338541,0,-0.0169357,-0.106849,nan,-0.220794,-0.244074,-0.111514,-0.14914,1.07438,0.4576,-0.1528,-0.00482667,0.0645833,-0.5
162,40.133,905.385,0.0474473,0.416667,0.125,0.1496,1.3735,0.169889,-0.00749424,2.97806,3.90184e-05,0.0121983,0.31017,16433.4,0.5039,0.243847,-0.1,0.02,0.1,140.942,1.99066e+06,0.292498,0.0182734,0.573045,0.00614981,-0.251135,0.905385,-0.0332846,nan,nan,nan,nan,-0.0040669,-0.019958,-0.00607327,nan,-0.0379696,0,-0.0186145,-0.119334,nan,-0.22061,-0.295402,-0.124335,-0.167077,1.18079,0.554462,-0.1712,-0.00633846,0.0668269,-0.5
163,38.5538,875,0.0474748,0.333333,0.125,0.149662,1.3684,0.573875,-0.00861823,2.977,3.90184e-05,0.0125402,0.310156,16456.6,0.504752,0.241939,-0.1,0.02,0.1,141.69,2.00294e+06,0.298835,0.0161937,0.55299,0.00635406,-0.242136,0.875,-0.0344973,nan,nan,nan,nan,-0.0038618,-0.0186635,-0.00585069,nan,-0.0367363,0,-0.0170898,-0.116929,nan,-0.208164,-0.292412,-0.120652,-0.165736,1.16058,0.532,-0.165127,-0.00527273,0.0552273,-0.5
164,35.3272,799.286,0.0445561,0.375,0.208333,0.152263,1.37218,0.687143,-0.00677925,2.97761,3.90184e-05,0.0145172,0.310189,16588.4,0.498063,0.242696,-0.1,0.02,0.1,142.432,2.01523e+06,0.300215,0.0146642,0.501591,0.005674,-0.220353,0.799286,-0.02916,nan,nan,nan,nan,-0.00359203,-0.0163135,-0.00543109,nan,-0.0334952,0,-0.0161205,-0.105162,nan,-0.194237,-0.25391,-0.109468,-0.150557,1.05095,0.499714,-0.152029,-0.00492857,0.0675893,-0.5
165,34.7848,856.429,0.0456571,0.0833333,0.208333,0.147932,1.35788,0.553502,-0.0080135,2.97927,3.90184e-05,0.0115806,0.310247,16655,0.494236,0.243561,-0.1,0.02,0.1,143.171,2.02752e+06,0.388947,0.0227757,0.538254,0.00563054,-0.238291,0.856429,-0.02687,nan,nan,nan,nan,-0.00373117,-0.0174529,-0.00511616,nan,-0.0361328,0,-0.0151624,-0.112729,nan,-0.247606,-0.230169,-0.118877,-0.158057,1.09413,0.490286,-0.162857,-0.00522857,0.0782143,-0.5
166,33.6892,803.583,0.0452247,0.291667,0.208333,0.145191,1.39061,0.305833,-0.00761458,2.9818,3.90184e-05,0.0116105,0.310311,16671.8,0.493287,0.243767,-0.1,0.02,0.1,143.91,2.03981e+06,0.274934,0.017197,0.504354,0.00541875,-0.22155,0.803583,-0.02979,nan,nan,nan,nan,-0.00371951,-0.0173598,-0.00543633,nan,-0.0337781,0,-0.0180339,-0.105871,nan,-0.202316,-0.264066,-0.110559,-0.1485,1.05055,0.482667,-0.152933,-0.00533333,0.0733333,-0.5
167,34.9774,766.75,0.0486865,0.125,0.0416667,0.147014,1.36922,0.289573,-0.00827835,2.98368,3.90184e-05,0.0136101,0.310353,16408.8,0.504946,0.24392,-0.1,0.02,0.1,144.66,2.0521e+06,0.296812,0.0142915,0.472277,0.0050594,-0.216189,0.76675,-0.0266425,nan,nan,nan,nan,-0.00310021,-0.014894,-0.00486762,nan,-0.0321381,0,-0.016432,-0.102315,nan,-0.211439,-0.210561,-0.105397,-0.14475,1.00292,0.49,-0.147,-0.00445,0.0659375,-0.5
168,37.5049,841.333,0.0452156,0.291667,0.208333,0.147802,1.37586,0.38542,-0.00836831,2.98547,3.90184e-05,0.0128888,0.310404,16565.7,0.498311,0.243464,-0.1,0.02,0.1,145.403,2.06438e+06,0.349841,0.0169374,0.535805,0.0059743,-0.230786,0.841333,-0.0290408,nan,nan,nan,nan,-0.00365314,-0.0174894,-0.00527271,nan,-0.035191,0,-0.0170742,-0.108321,nan,-0.230951,-0.234606,-0.115189,-0.1567,1.1138,0.498333,-0.160433,-0.00498333,0.07125,-0.5
169,41.4707,894.625,0.0476482,0.291667,0.0416667,0.15037,1.37619,0.194125,-0.0089479,2.98647,3.90184e-05,0.00925808,0.310381,13320,0.565323,0.357198,-0.1,0.02,0.1,146.327,2.07667e+06,0.317402,0.0215475,0.579841,0.00558497,-0.248531,0.894625,-0.0361838,nan,nan,nan,nan,-0.00367505,-0.0185937,-0.00600851,nan,-0.0375078,0,-0.0177939,-0.114755,nan,-0.242138,-0.277581,-0.122073,-0.1617,1.17018,0.532,-0.16625,-0.00595,0.0735938,-0.5
170,43.4505,933.1,0.0471087,0.708333,0.125,0.147099,1.38376,0.412992,-0.00699606,2.98553,3.90184e-05,0.00979079,0.31039,12127.4,0.663275,0.349967,-0.1,0.02,0.1,147.342,2.08896e+06,0.351712,0.0183696,0.593175,0.00668159,-0.257876,0.9331,-0.0328675,nan,nan,nan,nan,-0.00394278,-0.0186447,-0.00600015,nan,-0.0391313,0,-0.0189591,-0.122232,nan,-0.250182,-0.285073,-0.12808,-0.172725,1.2349,0.545,-0.17536,-0.00547,0.081125,-0.5
171,20.8252,581.6,0.044743,0.166667,0.25,0.147674,1.3809,0.396323,-0.00775002,2.98679,3.90184e-05,0.00909952,0.310436,13161.6,0.625682,0.307945,-0.1,0.02,0.1,148.277,2.10125e+06,0.170273,0.013341,0.366163,0.00380041,-0.161545,0.5816,-0.021172,nan,nan,nan,nan,-0.00262756,-0.0121242,-0.00391948,nan,-0.024459,0,-0.012784,-0.0765096,nan,-0.15224,-0.178316,-0.0808794,-0.11037,0.774246,0.3396,-0.11016,-0.00378,0.043125,-0.5
172,39.2541,858.062,0.0465222,0.5,0.166667,0.150037,1.38008,0.407697,-0.0082325,2.98823,3.90184e-05,0.0180993,0.310459,12668.5,0.629455,0.340509,-0.1,0.02,0.1,149.248,2.11354e+06,0.308869,0.0156741,0.540329,0.00582098,-0.238569,0.858062,-0.0308356,nan,nan,nan,nan,-0.00388769,-0.0182129,-0.00591278,nan,-0.0360834,0,-0.0172814,-0.11384,nan,-0.206555,-0.268156,-0.118143,-0.156975,1.14073,0.5315,-0.163425,-0.00525,0.0698438,-0.5
173,42.7452,890.533,0.0479205,0.5,0.125,0.149675,1.39618,0.185698,-0.00704477,2.98891,3.90184e-05,0.00934912,0.310468,14100.8,0.556471,0.314969,-0.1,0.02,0.1,150.121,2.12582e+06,0.346639,0.0185961,0.571019,0.00664983,-0.245653,0.890533,-0.032734,nan,nan,nan,nan,-0.00387633,-0.0184476,-0.00590257,nan,-0.0373241,0,-0.0172226,-0.116194,nan,-0.215026,-0.278335,-0.121432,-0.16876,1.18862,0.5608,-0.168267,-0.00576,0.0893333,-0.5
174,39.8051,881.643,0.0469629,0.458333,0.125,0.151621,1.38663,0.342377,-0.00859603,2.98907,3.90184e-05,0.00968209,0.310474,13607,0.572011,0.331053,-0.1,0.02,0.1,151.026,2.13811e+06,0.318324,0.0169018,0.558343,0.00559132,-0.243576,0.881643,-0.033955,nan,nan,nan,nan,-0.00374742,-0.0183703,-0.00583065,nan,-0.0369545,0,-0.0171657,-0.117449,nan,-0.234057,-0.278044,-0.121101,-0.166671,1.1677,0.544571,-0.166286,-0.0055,0.0530357,-0.5
175,38.3203,865.833,0.0470846,0.541667,0.208333,0.144794,1.3937,0.258217,-0.00782619,2.98945,3.90184e-05,0.008027,0.310483,13766.2,0.574527,0.318091,-0.1,0.02,0.1,151.92,2.1504e+06,0.303229,0.0180771,0.55141,0.00550717,-0.239808,0.865833,-0.0331817,nan,nan,nan,nan,-0.00367006,-0.0171771,-0.00572089,nan,-0.0362704,-5.55556e-06,-0.0191471,-0.113872,nan,-0.231,-0.268786,-0.11909,-0.159033,1.15355,0.520444,-0.162844,-0.00555556,0.0520139,-0.5
176,47.7678,976.909,0.0496829,0.875,0.0416667,0.147229,1.38016,0.387374,-0.00845899,2.98991,3.90184e-05,0.00594393,0.310506,13366.3,0.651698,0.267628,-0.1,0.02,0.1,152.84,2.16269e+06,0.378228,0.0199857,0.624533,0.00673013,-0.270798,0.976909,-0.0364909,nan,nan,nan,nan,-0.00421267,-0.0207763,-0.00667024,nan,-0.0409688,0,-0.0208187,-0.126923,nan,-0.23878,-0.31345,-0.133675,-0.1791,1.29986,0.606909,-0.185655,-0.00628182,0.0825568,-0.5
177,43.2209,911.783,0.0463623,0.791667,0.166667,0.147589,1.36345,0.235961,-0.00818857,2.99085,3.90184e-05,0.0100915,0.310524,13089.1,0.587385,0.351415,-0.1,0.02,0.1,153.78,2.17498e+06,0.365159,0.017994,0.583308,0.00612676,-0.251853,0.911783,-0.03478,nan,nan,nan,nan,-0.00383662,-0.0190051,-0.0061327,nan,-0.0382192,0,-0.0184614,-0.119471,nan,-0.236123,-0.288938,-0.124428,-0.16723,1.22029,0.552348,-0.171357,-0.00569565,0.0765217,-0.5
178,37.5713,838,0.0468278,0.416667,0.166667,0.148132,1.36313,0.336005,-0.00853971,2.99139,3.90184e-05,0.0106713,0.310534,13022,0.622636,0.320996,-0.1,0.02,0.1,154.726,2.18726e+06,0.30085,0.019406,0.53529,0.0055571,-0.232849,0.838,-0.0318079,nan,nan,nan,nan,-0.00351054,-0.0163932,-0.00549408,nan,-0.0351879,0,-0.0180876,-0.110383,nan,-0.23127,-0.257603,-0.115311,-0.151436,1.13015,0.497143,-0.158886,-0.00442857,0.0676786,-0.5
179,50.2376,1000,0.0509005,0.666667,0,0.147302,1.37026,0.256698,-0.00735365,2.99199,3.90184e-05,0.00910276,0.310559,13396.7,0.593988,0.323254,-0.1,0.02,0.1,155.644,2.19955e+06,0.396121,0.0186638,0.637751,0.00670133,-0.277066,1,-0.0384925,nan,nan,nan,nan,-0.00419258,-0.0201705,-0.00678672,nan,-0.0420352,0,-0.0183138,-0.130872,nan,-0.252094,-0.293972,-0.136914,-0.184819,1.32809,0.6285,-0.186225,-0.0062875,0.0942969,nan
180,47.2887,979.8,0.0495652,0.583333,0.0416667,0.148363,1.34996,0.199649,-0.00940054,2.99243,3.90184e-05,0.011616,0.31055,13470,0.647609,0.264641,-0.1,0.02,0.1,156.558,2.21184e+06,0.361117,0.0205324,0.629377,0.00669487,-0.271363,0.9798,-0.038982,nan,nan,nan,nan,-0.00409358,-0.0199772,-0.00666768,nan,-0.0410438,0,-0.0208228,-0.126533,nan,-0.252611,-0.315382,-0.133931,-0.17946,1.31528,0.603467,-0.184107,-0.00636,0.0828333,-0.5
181,31.1562,703.133,0.0442911,0.375,0.25,0.152866,1.38168,0.270412,-0.0087931,2.99207,3.90184e-05,0.00946268,0.310556,15890.7,0.527965,0.245318,-0.1,0.02,0.1,157.333,2.22413e+06,0.25976,0.0124395,0.449873,0.00621683,-0.194862,0.703133,-0.0273587,nan,nan,nan,nan,-0.00309052,-0.0137954,-0.0048589,nan,-0.029505,0,-0.0147515,-0.0915096,nan,-0.166982,-0.215587,-0.0961454,-0.12976,0.94573,0.438933,-0.13272,-0.00426667,0.0669167,-0.5
182,43.273,917.955,0.0475049,0.75,0.166667,0.151749,1.3724,0.584875,-0.00810064,2.99329,3.90184e-05,0.0114224,0.310621,15752.2,0.540122,0.23996,-0.1,0.02,0.1,158.114,2.23642e+06,0.322319,0.0175611,0.587079,0.00656591,-0.25646,0.917955,-0.0365141,nan,nan,nan,nan,-0.00386073,-0.018872,-0.00619783,nan,-0.0385408,0,-0.0164745,-0.11938,nan,-0.231477,-0.283496,-0.125889,-0.170141,1.22446,0.570545,-0.173145,-0.00574545,0.0942614,-0.5
183,34.7979,775.421,0.0458076,0.541667,0.25,0.149046,1.3807,0.496462,-0.00806736,2.99579,3.90184e-05,0.00756584,0.31066,10145.1,0.544583,0.66664,-0.1,0.02,0.1,159.327,2.2487e+06,0.292132,0.0145105,0.501772,0.00486905,-0.215565,0.775421,-0.0311705,nan,nan,nan,nan,-0.0032549,-0.0152388,-0.00512603,nan,-0.0324431,0,-0.0168552,-0.101246,nan,-0.204668,-0.241015,-0.105467,-0.1401,1.05209,0.465684,-0.144568,-0.00492632,0.0529605,-0.5
184,39.4605,838,0.0465164,0.416667,0.166667,0.146839,1.35945,0.367197,-0.00731855,2.99666,3.90184e-05,0.0130648,0.310679,12329.2,0.686904,0.309758,-0.1,0.02,0.1,160.326,2.26099e+06,0.355345,0.0140959,0.537437,0.00579638,-0.233746,0.838,-0.0331464,nan,nan,nan,nan,-0.00370105,-0.0176948,-0.00573092,nan,-0.0351768,-1.42857e-05,-0.0167835,-0.10907,nan,-0.206064,-0.268256,-0.115348,-0.151907,1.11632,0.535714,-0.155971,-0.00528571,0.0710714,-0.5
185,43.1414,902.65,0.046383,0.666667,0.166667,0.146938,1.36295,0.581863,-0.00772739,2.99793,3.90184e-05,0.010931,0.310727,13429.9,0.590311,0.324663,-0.1,0.02,0.1,161.243,2.27328e+06,0.363852,0.0193973,0.576445,0.00604907,-0.250867,0.90265,-0.0345755,nan,nan,nan,nan,-0.00386803,-0.0188475,-0.00602799,nan,-0.0378538,0,-0.0187473,-0.116232,nan,-0.231235,-0.274429,-0.123177,-0.16593,1.20683,0.5622,-0.16814,-0.00586,0.0754375,-0.5
186,43.2991,895.048,0.0476445,0.708333,0.166667,0.147215,1.35058,0.179081,-0.00849202,2.9995,3.90184e-05,0.0117796,0.310751,13677.7,0.635027,0.263371,-0.1,0.02,0.1,162.142,2.28557e+06,0.361456,0.0194976,0.571129,0.00636572,-0.248744,0.895048,-0.03383,nan,nan,nan,nan,-0.0039075,-0.0189815,-0.00601461,nan,-0.0374948,0,-0.0179621,-0.117445,nan,-0.216064,-0.266862,-0.122056,-0.167629,1.19315,0.556571,-0.16819,-0.00558095,0.0877381,-0.5
187,32.7667,757.5,0.0455176,0.166667,0.166667,0.152477,1.38301,0.498403,-0.00830677,2.99982,3.90184e-05,0.0144688,0.310753,15850.1,0.523629,0.251636,-0.1,0.02,0.1,162.919,2.29786e+06,0.280715,0.0184506,0.493678,0.00468837,-0.208202,0.7575,-0.0312413,nan,nan,nan,nan,-0.00316715,-0.014674,-0.00502707,nan,-0.0317963,0,-0.0160656,-0.098207,nan,-0.194975,-0.232826,-0.103204,-0.136762,1.0199,0.457,-0.14405,-0.0048,0.0814063,-0.5
188,43.0662,874.583,0.0483095,0.416667,0.0833333,0.147446,1.36389,0.147103,-0.00877115,2.99958,3.90184e-05,0.0150331,0.31072,12731,0.621339,0.343861,-0.1,0.02,0.1,163.886,2.31014e+06,0.365514,0.0165664,0.56561,0.00586022,-0.243591,0.874583,-0.0356125,nan,nan,nan,nan,-0.00371599,-0.0176889,-0.00603141,nan,-0.0367154,0,-0.0189541,-0.114004,nan,-0.215041,-0.260562,-0.120257,-0.157775,1.18545,0.553,-0.1631,-0.00533333,0.0684375,-0.5
189,44.083,917.538,0.0495806,0.458333,0.0833333,0.144037,1.3625,0.151341,-0.00767356,2.99788,3.90184e-05,0.0083111,0.310685,12721.7,0.638487,0.327425,-0.1,0.02,0.1,164.853,2.32243e+06,0.360503,0.0209117,0.597626,0.00623402,-0.255291,0.917538,-0.0359531,nan,nan,nan,nan,-0.0038607,-0.0185636,-0.00620164,nan,-0.0384286,0,-0.0190798,-0.12014,nan,-0.230014,-0.280021,-0.126123,-0.166546,1.23052,0.568615,-0.172092,-0.00576923,0.0572115,-0.5
190,37.9501,818.167,0.046629,0.375,0.125,0.146848,1.36021,0.505388,-0.00691256,2.99725,3.90184e-05,0.00699103,0.310706,13222.4,0.593147,0.336183,-0.1,0.02,0.1,165.784,2.33472e+06,0.293901,0.0173657,0.532169,0.00529086,-0.230603,0.818167,-0.03482,nan,nan,nan,nan,-0.00347122,-0.0159551,-0.00566887,nan,-0.0342944,0,-0.017626,-0.104814,nan,-0.204021,-0.274017,-0.111841,-0.14295,1.10854,0.513,-0.152133,-0.00506667,0.0713542,-0.5
191,42.1349,911.727,0.0490407,0.333333,0.125,0.14548,1.35756,0.247898,-0.00783402,2.99842,3.90184e-05,0.00865698,0.310712,13690.7,0.630517,0.267024,-0.1,0.02,0.1,166.683,2.34701e+06,0.370803,0.0183709,0.585268,0.00627697,-0.253736,0.911727,-0.0359582,nan,nan,nan,nan,-0.00377591,-0.0181825,-0.00603427,nan,-0.0382952,0,-0.0177571,-0.115535,nan,-0.245733,-0.261593,-0.124245,-0.168682,1.21862,0.546182,-0.1712,-0.00625455,0.0528409,-0.5
192,44.0074,912.842,0.0489944,0.666667,0.125,0.145926,1.35047,0.283053,-0.00783343,2.99739,3.90184e-05,0.00863844,0.310666,15792.2,0.537821,0.240283,-0.1,0.02,0.1,167.463,2.3593e+06,0.362729,0.0210481,0.595314,0.00607158,-0.25416,0.912842,-0.0362737,nan,nan,nan,nan,-0.00395143,-0.018457,-0.00622875,nan,-0.0381832,0,-0.0197082,-0.117203,nan,-0.230978,-0.267109,-0.124058,-0.166737,1.22249,0.558526,-0.170884,-0.00576842,0.06,-0.5
193,44.1052,918.5,0.0499597,0.416667,0.0833333,0.145971,1.33753,0.173756,-0.00800799,2.99596,3.90184e-05,0.0138417,0.310645,13246.6,0.570291,0.357341,-0.1,0.02,0.1,168.392,2.37158e+06,0.342241,0.0209444,0.598423,0.00605733,-0.255588,0.9185,-0.0366383,nan,nan,nan,nan,-0.00385155,-0.0190275,-0.00618515,nan,-0.0385494,0,-0.0182066,-0.118955,nan,-0.235851,-0.28794,-0.125237,-0.164675,1.2237,0.597667,-0.173067,-0.006,0.0708333,-0.5
194,40.7091,854,0.0483936,0.416667,0.125,0.144848,1.359,0.23159,-0.00828559,2.99576,3.90184e-05,0.00741863,0.310667,12698.5,0.655669,0.312005,-0.1,0.02,0.1,169.361,2.38387e+06,0.341606,0.0175574,0.544319,0.00531866,-0.238858,0.854,-0.0324392,nan,nan,nan,nan,-0.00380411,-0.0181914,-0.00579843,nan,-0.0358346,0,-0.0185675,-0.109706,nan,-0.221863,-0.249447,-0.117266,-0.155031,1.14791,0.538154,-0.159354,-0.00523077,0.0733654,-0.5
195,44.0134,877.412,0.0489608,0.583333,0.125,0.143899,1.36971,0.217974,-0.00747292,2.9968,3.90184e-05,0.0118022,0.310677,13391.4,0.589902,0.327699,-0.1,0.02,0.1,170.28,2.39616e+06,0.411419,0.0185564,0.565383,0.00543423,-0.246427,0.877412,-0.03398,nan,nan,nan,nan,-0.00394219,-0.0188288,-0.00610562,nan,-0.0367943,0,-0.0199447,-0.113715,nan,-0.219235,-0.254509,-0.12002,-0.155224,1.19937,0.536941,-0.165624,-0.00567059,0.0744118,-0.5
196,46.1005,930.1,0.0489231,0.333333,0.0833333,0.145627,1.38616,0.24833,-0.00938975,2.99659,3.90184e-05,0.0168167,0.310669,13384.6,0.637661,0.280408,-0.1,0.02,0.1,171.2,2.40845e+06,0.39726,0.0213153,0.59797,0.00606105,-0.260617,0.9301,-0.034632,nan,nan,nan,nan,-0.00403317,-0.0189538,-0.00628268,nan,-0.0390376,0,-0.0207327,-0.119155,nan,-0.229076,-0.283059,-0.127227,-0.1692,1.27003,0.5936,-0.17428,-0.00552,0.0805,-0.5
197,41.4099,901.737,0.045878,0.583333,0.208333,0.149436,1.36392,0.400575,-0.00689218,2.9971,3.90184e-05,0.0102398,0.310712,15777.5,0.53325,0.245582,-0.1,0.02,0.1,171.98,2.42074e+06,0.307013,0.0159688,0.584545,0.00560725,-0.253789,0.901737,-0.0363963,nan,nan,nan,nan,-0.00389791,-0.0182133,-0.00618157,nan,-0.0378873,0,-0.0189012,-0.11655,nan,-0.230472,-0.278234,-0.123346,-0.163263,1.2185,0.561474,-0.167895,-0.00537895,0.0676316,-0.5
198,31.7851,731,0.0481839,0.208333,0.125,0.146218,1.38299,0.474709,-0.00893189,2.999,3.90184e-05,0.013644,0.310768,15215.1,0.508373,0.299247,-0.1,0.02,0.1,172.789,2.43302e+06,0.226587,0.0149254,0.477457,0.00409221,-0.207335,0.731,-0.0255725,nan,nan,nan,nan,-0.00317349,-0.0144504,-0.00484494,nan,-0.0308022,0,-0.0161372,-0.0968803,nan,-0.195775,-0.222543,-0.100902,-0.131625,0.995523,0.4515,-0.1365,-0.003725,0.0659375,-0.5
199,46.6468,956.889,0.0492041,0.625,0.125,0.145259,1.36034,0.156196,-0.00808632,3.001,3.90184e-05,0.0111183,0.3108,12187.3,0.65047,0.357796,-0.1,0.02,0.1,173.799,2.44531e+06,0.388781,0.0216824,0.622464,0.00598377,-0.26955,0.956889,-0.0369661,nan,nan,nan,nan,-0.00397105,-0.0187923,-0.00640836,nan,-0.0401001,0,-0.0198645,-0.124892,nan,-0.253023,-0.283703,-0.130901,-0.176817,1.29686,0.588444,-0.179111,-0.00591111,0.0845833,-0.5
200,43.1836,856.833,0.0508313,0.208333,0.0416667,0.144656,1.35865,0.270733,-0.00786138,3.002,3.90184e-05,0.00943941,0.310837,12058.5,0.694984,0.324045,-0.1,0.02,0.1,174.82,2.4576e+06,0.418222,0.0173008,0.566188,0.00551044,-0.241802,0.856833,-0.0362233,nan,nan,nan,nan,-0.00329091,-0.0154342,-0.00588772,nan,-0.0359813,0,-0.0188185,-0.108639,nan,-0.245288,-0.223341,-0.117157,-0.1568,1.17462,0.528667,-0.157533,-0.0053,0.0466667,-0.5
201,38.1544,814,0.0477723,0.333333,0.125,0.147662,1.35523,0.203398,-0.00841079,3.00324,3.90184e-05,0.010311,0.310859,15882.7,0.500462,0.27321,-0.1,0.02,0.1,177.392,2.46989e+06,0.302319,0.017895,0.529429,0.00485086,-0.231379,0.814,-0.0328855,nan,nan,nan,nan,-0.00348451,-0.0163402,-0.00565129,nan,-0.0341772,0,-0.0178995,-0.103985,nan,-0.211157,-0.230032,-0.11137,-0.141818,1.10183,0.508,-0.151818,-0.00485455,0.0626136,-0.5
202,47.3601,978.636,0.0498011,0.375,0.0833333,0.149928,1.34808,0.26897,-0.00812597,3.00394,3.90184e-05,0.00935218,0.310883,15970.4,0.527087,0.242336,-0.1,0.02,0.1,178.162,2.48218e+06,0.395877,0.0208692,0.64115,0.00585175,-0.276136,0.978636,-0.0386045,nan,nan,nan,nan,-0.00429069,-0.0204393,-0.0066407,nan,-0.0411068,0,-0.0221304,-0.125754,nan,-0.249467,-0.320821,-0.133834,-0.168764,1.30933,0.634182,-0.183091,-0.00601818,0.0701136,-0.5
203,44.7957,910,0.0499863,0.375,0.0416667,0.147031,1.36207,0.0906852,-0.00848449,3.00484,3.90184e-05,0.0110457,0.310893,12345.8,0.633734,0.361585,-0.1,0.02,0.1,179.159,2.49446e+06,0.357394,0.014489,0.588401,0.00555861,-0.257669,0.91,-0.036193,nan,nan,nan,nan,-0.00397944,-0.0195901,-0.00617198,nan,-0.0384267,0,-0.0192105,-0.120936,nan,-0.223526,-0.284763,-0.125714,-0.16509,1.25657,0.562,-0.16992,-0.00556,0.072125,-0.5
204,47.0483,943.273,0.0496327,0.416667,0.0416667,0.14746,1.36525,0.0754946,-0.00851068,3.00427,3.90184e-05,0.0110869,0.310842,12151.2,0.697784,0.313472,-0.1,0.02,0.1,180.172,2.50675e+06,0.390428,0.0185001,0.617059,0.00528464,-0.264852,0.943273,-0.03611,nan,nan,nan,nan,-0.00372179,-0.0178463,-0.00603188,nan,-0.0395371,0,-0.0200011,-0.120057,nan,-0.277678,-0.267644,-0.127979,-0.166418,1.27865,0.579273,-0.176473,-0.00570909,0.0954545,-0.5
205,45.9298,929.667,0.048459,0.416667,0.0833333,0.149083,1.39172,0.249422,-0.0083432,3.0031,3.90184e-05,0.0109962,0.31087,13407.6,0.587075,0.329419,-0.1,0.02,0.1,181.09,2.51904e+06,0.367473,0.0202723,0.608365,0.00516212,-0.262469,0.929667,-0.0378225,nan,nan,nan,nan,-0.00389962,-0.0184634,-0.00640963,nan,-0.0390578,0,-0.0231394,-0.119195,nan,-0.245468,-0.268256,-0.127876,-0.1624,1.27048,0.582,-0.172167,-0.00593333,0.0889583,-0.5
206,41.4128,864.833,0.0487422,0.166667,0.0833333,0.15016,1.36002,0.160669,-0.00868504,3.00432,3.90184e-05,0.00964769,0.310879,13239,0.669955,0.258214,-0.1,0.02,0.1,182.019,2.53133e+06,0.329754,0.018069,0.563791,0.00547926,-0.246868,0.864833,-0.0341033,nan,nan,nan,nan,-0.00383793,-0.018765,-0.00626483,nan,-0.0364798,0,-0.0168814,-0.110207,nan,-0.215371,-0.26958,-0.119479,-0.1546,1.19302,0.572,-0.159267,-0.00543333,0.0875,-0.5
207,42.4723,925.7,0.0487807,0.291667,0.125,0.145389,1.35844,0.275796,-0.00817539,3.00446,3.90184e-05,0.0126769,0.310898,15612.7,0.520498,0.266551,-0.1,0.02,0.1,182.808,2.54362e+06,0.360985,0.0173021,0.592537,0.00561443,-0.261606,0.9257,-0.038229,nan,nan,nan,nan,-0.00413579,-0.0196689,-0.00641721,nan,-0.0390109,0,-0.0191629,-0.122081,nan,-0.240886,-0.298475,-0.127176,-0.16497,1.27302,0.568,-0.16904,-0.00606,0.047375,-0.5
208,44.6176,954.625,0.0479283,0.25,0.0833333,0.14655,1.34552,0.187539,-0.00774795,3.00532,3.90184e-05,0.00786722,0.310912,12790.2,0.602707,0.358027,-0.1,0.02,0.1,183.77,2.5559e+06,0.391528,0.0189435,0.611564,0.00627817,-0.271955,0.954625,-0.0353375,nan,nan,nan,nan,-0.00406121,-0.0201004,-0.00641229,nan,-0.0402744,0,-0.020453,-0.124053,nan,-0.262333,-0.272456,-0.130987,-0.171675,1.29198,0.552,-0.17805,-0.006175,0.0732812,-0.5
209,42.2255,896.25,0.0511785,0.25,0.0833333,0.147594,1.3636,0.388117,-0.00693408,3.00547,3.90184e-05,0.0136521,0.310924,13373.6,0.598622,0.320204,-0.1,0.02,0.1,184.691,2.56819e+06,0.331114,0.0188621,0.588909,0.00599814,-0.252659,0.89625,-0.0354513,nan,nan,nan,nan,-0.00386815,-0.0192906,-0.00608321,nan,-0.0376857,0,-0.0188408,-0.113704,nan,-0.226298,-0.282327,-0.123276,-0.162375,1.22556,0.5655,-0.1684,-0.0066,0.0609375,-0.5
210,40.6181,831,0.0484769,0.375,0.125,0.149885,1.35988,0.346877,-0.00782864,3.00654,3.90184e-05,0.0178177,0.310961,12742.8,0.641455,0.322856,-0.1,0.02,0.1,185.656,2.58048e+06,0.35131,0.0171216,0.533555,0.00462798,-0.235809,0.831,-0.0292658,nan,nan,nan,nan,-0.00358387,-0.0167177,-0.00559372,nan,-0.0349654,0,-0.0182938,-0.108434,nan,-0.219069,-0.238056,-0.11398,-0.1502,1.13369,0.536667,-0.1543,-0.00505,0.08125,-0.5
211,43.7327,945.75,0.0497166,0.416667,0.0833333,0.145007,1.352,0.169244,-0.00816229,3.00788,3.90184e-05,0.0093646,0.310984,14481.4,0.562816,0.285719,-0.1,0.02,0.1,186.506,2.59277e+06,0.289043,0.0195031,0.617777,0.00509852,-0.268141,0.94575,-0.0380017,nan,nan,nan,nan,-0.00417651,-0.0193398,-0.00677432,nan,-0.0397944,0,-0.0225692,-0.122111,nan,-0.24148,-0.31597,-0.130476,-0.1633,1.29486,0.582667,-0.1778,-0.00625,0.0714583,-0.5
212,44.6389,927.615,0.0505287,0.458333,0.0833333,0.146231,1.3421,0.27055,-0.00804092,3.00829,3.90184e-05,0.00750583,0.310984,16458.6,0.501452,0.24515,-0.1,0.02,0.1,187.254,2.60506e+06,0.334844,0.0208681,0.603205,0.00540326,-0.263736,0.927615,-0.0363592,nan,nan,nan,nan,-0.00393885,-0.0187073,-0.00633584,nan,-0.0389971,0,-0.0217621,-0.120842,nan,-0.249334,-0.280462,-0.127326,-0.164954,1.26967,0.565231,-0.1748,-0.00550769,0.0950962,-0.5
213,43.5139,879.091,0.0505699,0.375,0.0833333,0.14648,1.35842,0.21991,-0.00739822,3.00818,3.90184e-05,0.0102824,0.31098,13698.1,0.539308,0.357753,-0.1,0.02,0.1,188.153,2.61734e+06,0.36628,0.0203591,0.582763,0.00508041,-0.250064,0.879091,-0.0389191,nan,nan,nan,nan,-0.00376144,-0.0180606,-0.00613501,nan,-0.0368925,0,-0.0198131,-0.114391,nan,-0.224464,-0.264928,-0.119665,-0.154582,1.20377,0.563273,-0.161127,-0.00598182,0.0647727,-0.5
214,40.1076,869.05,0.045815,0.541667,0.291667,0.146595,1.35076,0.468958,-0.00684267,3.00846,3.90184e-05,0.00986253,0.311018,12650.7,0.655426,0.3159,-0.1,0.02,0.1,189.126,2.62963e+06,0.326827,0.0146782,0.570992,0.00469584,-0.248007,0.86905,-0.0362125,nan,nan,nan,nan,-0.00372212,-0.0171346,-0.00603843,nan,-0.0365305,0,-0.0193333,-0.113225,nan,-0.228706,-0.275842,-0.119546,-0.15096,1.19731,0.553,-0.16228,-0.00533,0.0666875,-0.5
215,43.5694,905.6,0.0490114,0.5,0.125,0.14945,1.3366,0.161658,-0.007502,3.00995,3.90184e-05,0.00876221,0.311034,13206.8,0.626213,0.304217,-0.1,0.02,0.1,190.057,2.64192e+06,0.327373,0.0188712,0.595489,0.00476373,-0.258178,0.9056,-0.0389987,nan,nan,nan,nan,-0.00395149,-0.0189032,-0.00639245,nan,-0.0380837,0,-0.0212968,-0.115656,nan,-0.231408,-0.290148,-0.124771,-0.15954,1.24311,0.587467,-0.167813,-0.00614667,0.0770833,-0.5
216,44.6515,890.688,0.0496685,0.583333,0.0833333,0.147458,1.35118,0.266166,-0.00736849,3.01046,3.90184e-05,0.013524,0.311062,13010.5,0.64151,0.302957,-0.1,0.02,0.1,191.003,2.65421e+06,0.375233,0.0208578,0.577974,0.00506255,-0.252341,0.890687,-0.0353394,nan,nan,nan,nan,-0.00395932,-0.0191216,-0.00628182,nan,-0.0374424,0,-0.0203493,-0.11283,nan,-0.223851,-0.260417,-0.123032,-0.162131,1.20936,0.56425,-0.16595,-0.005775,0.0804688,-0.5
217,44.1848,912.111,0.0496319,0.625,0.125,0.151354,1.34727,0.278072,-0.00862955,3.01152,3.90184e-05,0.0115671,0.311072,15578.6,0.54452,0.244256,-0.1,0.02,0.1,191.793,2.6665e+06,0.349411,0.0193845,0.590512,0.00554529,-0.258518,0.912111,-0.0343933,nan,nan,nan,nan,-0.00389409,-0.0186468,-0.00627103,nan,-0.0383402,0,-0.0191008,-0.116025,nan,-0.235008,-0.285616,-0.124423,-0.163467,1.24629,0.576,-0.170333,-0.00625556,0.0736111,-0.5
218,49.5743,971.824,0.0498655,0.666667,0.0416667,0.150956,1.36978,0.113422,-0.00873435,3.01119,3.90184e-05,0.0110455,0.311042,16334.1,0.502542,0.249751,-0.1,0.02,0.1,192.547,2.67878e+06,0.399235,0.0181748,0.641255,0.00563635,-0.276645,0.971824,-0.0397759,nan,nan,nan,nan,-0.00398415,-0.018824,-0.00662059,nan,-0.040939,0,-0.0215716,-0.124506,nan,-0.261336,-0.282932,-0.133729,-0.168882,1.34744,0.620941,-0.180612,-0.00565882,0.0696324,-0.5
219,51.4529,1000,0.0506441,0.541667,0,0.152115,1.33817,0.316826,-0.00695109,3.01013,3.90184e-05,0.01317,0.31105,16778.6,0.492449,0.239913,-0.1,0.02,0.1,193.281,2.69107e+06,0.40487,0.021482,0.657959,0.00571277,-0.284524,1,-0.0438385,nan,nan,nan,nan,-0.00408626,-0.0194038,-0.00695278,nan,-0.0420564,0,-0.023147,-0.129225,nan,-0.257871,-0.295225,-0.136685,-0.180138,1.37393,0.630769,-0.184215,-0.00701538,0.0923077,nan
220,44.2723,922.235,0.0488704,0.583333,0.125,0.151053,1.36181,0.26926,-0.00794601,3.01089,3.90184e-05,0.011311,0.311054,16583.6,0.494581,0.24639,-0.1,0.02,0.1,194.023,2.70336e+06,0.377858,0.0189667,0.596201,0.00490597,-0.263597,0.922235,-0.0353147,nan,nan,nan,nan,-0.00394209,-0.019395,-0.00606564,nan,-0.038864,0,-0.0192149,-0.118513,nan,-0.254253,-0.271234,-0.126812,-0.168088,1.24948,0.574118,-0.172541,-0.00569412,0.0616176,-0.5
221,41.5719,857.533,0.0478002,0.458333,0.166667,0.15038,1.34442,0.179295,-0.00884042,3.01137,3.90184e-05,0.00726605,0.311093,12984.5,0.598289,0.348067,-0.1,0.02,0.1,194.971,2.71565e+06,0.331545,0.0180164,0.564308,0.00539029,-0.243429,0.857533,-0.0366073,nan,nan,nan,nan,-0.00361644,-0.0171402,-0.00592096,nan,-0.0359405,0,-0.0190425,-0.108281,nan,-0.209317,-0.258163,-0.116912,-0.15176,1.18122,0.557867,-0.15752,-0.00554667,0.06525,-0.5
222,48.2909,953.412,0.0484748,0.583333,0.125,0.151971,1.3542,0.331153,-0.00772796,3.01265,3.90184e-05,0.0121377,0.311099,11910,0.664648,0.367087,-0.1,0.02,0.1,196.004,2.72794e+06,0.421457,0.0182898,0.629264,0.00605108,-0.270761,0.953412,-0.0402582,nan,nan,nan,nan,-0.00415546,-0.019803,-0.00675827,nan,-0.0400763,0,-0.0219998,-0.119151,nan,-0.236406,-0.284122,-0.130767,-0.168512,1.31204,0.629412,-0.177106,-0.00631765,0.0590441,-0.5
223,50.4477,1000,0.0517447,0.416667,0,0.150671,1.37291,0.27637,-0.00745625,3.0126,3.90184e-05,0.00729223,0.311111,13026.4,0.623275,0.320042,-0.1,0.02,0.1,196.949,2.74022e+06,0.376335,0.0203226,0.654128,0.00598971,-0.285613,1,-0.040066,nan,nan,nan,nan,-0.00426938,-0.0205106,-0.00690445,nan,-0.0422545,0,-0.0224446,-0.127651,nan,-0.252677,-0.315349,-0.138899,-0.17979,1.38441,0.6388,-0.18652,-0.00678,0.072125,nan
224,43.0973,873.048,0.0487016,0.708333,0.166667,0.15192,1.38197,0.360423,-0.00691705,3.01369,3.90184e-05,0.00751054,0.311149,14502.1,0.576339,0.270984,-0.1,0.02,0.1,197.798,2.75251e+06,0.37435,0.0181703,0.571858,0.00512898,-0.250819,0.873048,-0.0355633,nan,nan,nan,nan,-0.00372676,-0.0180624,-0.006031,nan,-0.0368311,0,-0.0188559,-0.11281,nan,-0.224592,-0.267664,-0.120732,-0.154871,1.2042,0.552571,-0.161257,-0.00561905,0.0682143,-0.5
225,41.9719,876.421,0.0493312,0.666667,0.125,0.149162,1.35872,0.383867,-0.00762856,3.01526,3.90184e-05,0.014569,0.311192,13152.6,0.589021,0.34524,-0.1,0.02,0.1,198.734,2.7648e+06,0.297845,0.019312,0.572134,0.00486264,-0.252762,0.876421,-0.0366489,nan,nan,nan,nan,-0.00366523,-0.0178239,-0.00601422,nan,-0.0369817,0,-0.020214,-0.111533,nan,-0.234717,-0.276143,-0.120843,-0.155511,1.21634,0.562105,-0.162021,-0.00548421,0.0688816,-0.5
226,42.6166,889,0.0484554,0.625,0.166667,0.14399,1.35321,0.331263,-0.00734161,3.0173,3.90184e-05,0.00933089,0.311249,12719.4,0.629031,0.337049,-0.1,0.02,0.1,199.702,2.77709e+06,0.337854,0.018839,0.581675,0.00519993,-0.255005,0.889,-0.0366795,nan,nan,nan,nan,-0.00383127,-0.0182217,-0.00608407,nan,-0.0374141,-5.26316e-06,-0.0205104,-0.112995,nan,-0.233465,-0.279286,-0.121721,-0.155226,1.22968,0.559158,-0.164168,-0.00569474,0.065,-0.5
227,47.651,967.762,0.0492943,0.791667,0.0833333,0.148436,1.36176,0.354759,-0.00909665,3.0192,3.90184e-05,0.00822964,0.311297,13247.9,0.629087,0.298454,-0.1,0.02,0.1,200.631,2.78938e+06,0.331146,0.0202859,0.634858,0.00564996,-0.276639,0.967762,-0.0408457,nan,nan,nan,nan,-0.00417586,-0.0203123,-0.00684224,nan,-0.0407717,0,-0.022016,-0.123627,nan,-0.240558,-0.30948,-0.132961,-0.171957,1.33754,0.632,-0.179524,-0.00626667,0.0769048,-0.5
228,38.1105,800.353,0.0456417,0.416667,0.291667,0.151412,1.38737,0.26235,-0.00861305,3.02123,3.90184e-05,0.00927637,0.31135,13489.1,0.618385,0.292573,-0.1,0.02,0.1,201.543,2.80166e+06,0.347032,0.0164246,0.519078,0.00477188,-0.228787,0.800353,-0.0331553,nan,nan,nan,nan,-0.00354222,-0.016764,-0.00570944,nan,-0.0336831,0,-0.0179644,-0.102461,nan,-0.202868,-0.242813,-0.110106,-0.142924,1.11301,0.528706,-0.148494,-0.00531765,0.0766176,-0.5
229,36.843,779.667,0.0489728,0.25,0.125,0.147021,1.36129,0.320191,-0.00800914,3.02261,3.90184e-05,0.0192383,0.311365,15856.5,0.531698,0.243253,-0.1,0.02,0.1,202.32,2.81395e+06,0.290805,0.0158298,0.506102,0.00483911,-0.224136,0.779667,-0.0309133,nan,nan,nan,nan,-0.00336739,-0.0157125,-0.00539942,nan,-0.0327636,-3.33333e-05,-0.0190719,-0.0981099,nan,-0.200849,-0.230856,-0.107183,-0.1343,1.09447,0.505333,-0.144,-0.00486667,0.0633333,-0.5
230,46.6457,925.429,0.0492082,0.5,0.0833333,0.149482,1.3705,0.387063,-0.00774064,3.02374,3.90184e-05,0.0110846,0.311423,14376.8,0.519799,0.334911,-0.1,0.02,0.1,203.176,2.82624e+06,0.381793,0.021045,0.61831,0.00580821,-0.263854,0.925429,-0.0406607,nan,nan,nan,nan,-0.00392153,-0.0192151,-0.00648571,nan,-0.0388294,0,-0.0211002,-0.115349,nan,-0.225601,-0.271464,-0.12631,-0.1674,1.27179,0.603429,-0.170771,-0.00685714,0.0539286,-0.5
231,43.2316,908.176,0.0484553,0.541667,0.166667,0.150837,1.3349,0.386105,-0.00786045,3.02605,3.90184e-05,0.0153437,0.311475,12805.6,0.632294,0.327284,-0.1,0.02,0.1,204.137,2.83853e+06,0.359063,0.0182626,0.597017,0.00510098,-0.258401,0.908176,-0.0363688,nan,nan,nan,nan,-0.00374173,-0.0177634,-0.00611395,nan,-0.0382381,0,-0.0206643,-0.114381,nan,-0.245003,-0.275229,-0.124556,-0.161559,1.25896,0.557647,-0.166941,-0.00589412,0.0498529,-0.5
232,37.9843,815.923,0.0471314,0.375,0.166667,0.149057,1.34803,0.193365,-0.00823812,3.02743,3.90184e-05,0.00811507,0.311487,13241.2,0.624063,0.303952,-0.1,0.02,0.1,205.066,2.85082e+06,0.32942,0.0163078,0.537198,0.00439755,-0.235616,0.815923,-0.0330662,nan,nan,nan,nan,-0.0033557,-0.0161422,-0.0055342,nan,-0.0344045,0,-0.0198988,-0.102675,nan,-0.228742,-0.25641,-0.112667,-0.144808,1.13111,0.495077,-0.150677,-0.00507692,0.0529808,-0.5
233,50.3447,983.727,0.050103,0.416667,0.0416667,0.150268,1.36575,0.183527,-0.00781825,3.02692,3.90184e-05,0.0110569,0.311455,13129,0.631323,0.30462,-0.1,0.02,0.1,206.003,2.8631e+06,0.390707,0.0194585,0.659803,0.00604615,-0.28342,0.983727,-0.0398845,nan,nan,nan,nan,-0.00397421,-0.0190784,-0.00663529,nan,-0.0413989,0,-0.0244146,-0.124299,nan,-0.260464,-0.273376,-0.133736,-0.171191,1.38861,0.618909,-0.181236,-0.00623636,0.0647727,-0.5
234,45.5333,938.25,0.0486602,0.583333,0.0833333,0.149258,1.34828,0.123124,-0.00771103,3.026,3.90184e-05,0.012403,0.311454,15186.8,0.565462,0.24366,-0.1,0.02,0.1,206.814,2.87539e+06,0.338501,0.0216024,0.616808,0.00580127,-0.270281,0.93825,-0.0382513,nan,nan,nan,nan,-0.0039746,-0.0189229,-0.00643025,nan,-0.0395752,0,-0.0227331,-0.118611,nan,-0.241295,-0.295334,-0.129513,-0.165619,1.30927,0.58525,-0.1754,-0.0067125,0.0563281,-0.5
235,40.8405,858.4,0.0460681,0.458333,0.166667,0.153718,1.35204,0.415579,-0.00793897,3.02622,3.90184e-05,0.0102258,0.31146,16458.4,0.498385,0.248226,-0.1,0.02,0.1,207.562,2.88768e+06,0.334309,0.0184409,0.563005,0.00501529,-0.246824,0.8584,-0.0336253,nan,nan,nan,nan,-0.00384078,-0.0188944,-0.00591106,nan,-0.0360217,0,-0.0234952,-0.110757,nan,-0.223674,-0.268732,-0.118269,-0.14896,1.20038,0.5352,-0.159493,-0.00548,0.0645833,-0.5
236,41.6542,862.538,0.0486323,0.375,0.166667,0.148188,1.33982,0.343119,-0.0080423,3.02727,3.90184e-05,0.0186707,0.311514,16339.9,0.502934,0.249092,-0.1,0.02,0.1,208.315,2.89997e+06,0.39782,0.018467,0.570338,0.00504189,-0.247828,0.862538,-0.0342177,nan,nan,nan,nan,-0.00355736,-0.0164982,-0.0057819,nan,-0.0363695,0,-0.0214297,-0.107676,nan,-0.241896,-0.2291,-0.119324,-0.1497,1.20026,0.502154,-0.159785,-0.00584615,0.0589423,-0.5
237,47.9576,938.727,0.0497459,0.416667,0.0416667,0.150669,1.33471,0.197846,-0.00642163,3.02888,3.90184e-05,0.00785359,0.311528,16446.7,0.50498,0.242161,-0.1,0.02,0.1,209.064,2.91226e+06,0.371915,0.0199701,0.627632,0.00551515,-0.270747,0.938727,-0.0416164,nan,nan,nan,nan,-0.00409396,-0.0196426,-0.00678468,nan,-0.0394733,0,-0.0246937,-0.120167,nan,-0.233536,-0.288642,-0.12873,-0.161864,1.31612,0.616364,-0.173745,-0.00632727,0.0671591,-0.5
238,41.7261,885.25,0.0485838,0.416667,0.0833333,0.152765,1.35668,0.502802,-0.00766698,3.02926,3.90184e-05,0.0134019,0.311558,16125.3,0.518747,0.243285,-0.1,0.02,0.1,209.827,2.92454e+06,0.293481,0.0186855,0.585232,0.00529969,-0.256819,0.88525,-0.0353442,nan,nan,nan,nan,-0.00392163,-0.0191817,-0.00631406,nan,-0.0372802,0,-0.0222241,-0.113038,nan,-0.21986,-0.29611,-0.122441,-0.156,1.21826,0.555,-0.164,-0.00611667,0.0670833,-0.5
239,39.2302,812.467,0.0469235,0.458333,0.166667,0.152451,1.358,0.247515,-0.00793069,3.03103,3.90184e-05,0.0096185,0.311607,16466.9,0.504284,0.241941,-0.1,0.02,0.1,210.575,2.93683e+06,0.326927,0.0183117,0.540007,0.0044221,-0.234348,0.812467,-0.035878,nan,nan,nan,nan,-0.00351586,-0.0167069,-0.00575179,nan,-0.0341412,0,-0.0217511,-0.102191,nan,-0.205998,-0.252943,-0.111309,-0.14108,1.13815,0.5176,-0.15064,-0.00553333,0.05875,-0.5
240,36.034,768.5,0.0490755,0.291667,0.125,0.147734,1.36053,0.285112,-0.00912228,3.03213,3.90184e-05,0.0064554,0.311604,16217.8,0.502773,0.254914,-0.1,0.02,0.1,211.334,2.94912e+06,0.279878,0.0148749,0.500091,0.00500894,-0.219877,0.7685,-0.030167,nan,nan,nan,nan,-0.00345467,-0.0160869,-0.00539449,nan,-0.0323784,0,-0.0215228,-0.0964345,nan,-0.194002,-0.232123,-0.106633,-0.13437,1.08475,0.4716,-0.14412,-0.00506,0.068625,-0.5
241,42.4081,847.364,0.0488144,0.375,0.0833333,0.148188,1.33949,0.43477,-0.00773715,3.03198,3.90184e-05,0.0141171,0.311621,16328.2,0.501203,0.251361,-0.1,0.02,0.1,212.088,2.96141e+06,0.340575,0.0195249,0.563037,0.00522324,-0.243298,0.847364,-0.0373873,nan,nan,nan,nan,-0.00357619,-0.0165355,-0.00619808,nan,-0.0356258,-2.72727e-05,-0.0230029,-0.105855,nan,-0.212905,-0.237953,-0.115719,-0.143618,1.17124,0.558909,-0.157309,-0.00634545,0.0507955,-0.5
242,42.6718,915.6,0.0482101,0.291667,0.125,0.147875,1.3597,0.159473,-0.00916732,3.03282,3.90184e-05,0.013303,0.311632,16594.5,0.497602,0.242885,-0.1,0.02,0.1,212.83,2.9737e+06,0.340077,0.0181159,0.610115,0.00507671,-0.261993,0.9156,-0.038294,nan,nan,nan,nan,-0.00392606,-0.0184734,-0.006365,nan,-0.0384051,-1e-05,-0.0266563,-0.115983,nan,-0.240425,-0.304228,-0.124977,-0.15735,1.2714,0.5724,-0.1712,-0.00566,0.06475,-0.5
243,39.4894,838.188,0.0481489,0.458333,0.208333,0.144167,1.36531,0.364274,-0.00741141,3.03324,3.90184e-05,0.00930948,0.311656,16156.7,0.517581,0.242972,-0.1,0.02,0.1,213.592,2.98598e+06,0.320527,0.0168497,0.557181,0.00442639,-0.241018,0.838187,-0.0369038,nan,nan,nan,nan,-0.00357713,-0.0173738,-0.0059541,nan,-0.0352058,0,-0.0234313,-0.104841,nan,-0.220763,-0.266495,-0.114099,-0.142594,1.1692,0.54,-0.1544,-0.006025,0.0570313,-0.5
244,49.9299,973.154,0.0518473,0.5,0.0416667,0.147061,1.33865,0.11281,-0.00829043,3.03413,3.90184e-05,0.0135216,0.311659,15736.2,0.533564,0.247312,-0.1,0.02,0.1,214.374,2.99827e+06,0.407957,0.0215197,0.648799,0.00576589,-0.282219,0.973154,-0.0415462,nan,nan,nan,nan,-0.00402901,-0.0189264,-0.00684617,nan,-0.0409094,0,-0.026483,-0.119588,nan,-0.25176,-0.28675,-0.133303,-0.169269,1.35286,0.636615,-0.179754,-0.00676923,0.0564423,-0.5
245,44.4964,903,0.048942,0.333333,0.0833333,0.151501,1.33602,0.444478,-0.00849493,3.03408,3.90184e-05,0.00864645,0.311677,16493,0.501676,0.243367,-0.1,0.02,0.1,215.12,3.01056e+06,0.36297,0.018824,0.600064,0.00502218,-0.258616,0.903,-0.03823,nan,nan,nan,nan,-0.00389362,-0.0189818,-0.00628145,nan,-0.0379436,-6e-05,-0.0243544,-0.112858,nan,-0.232025,-0.279234,-0.1233,-0.16023,1.26553,0.5748,-0.16744,-0.00582,0.063875,-0.5
246,38.8661,825.818,0.0487296,0.333333,0.125,0.153051,1.3411,0.358316,-0.00731786,3.03505,3.90184e-05,0.0145604,0.311699,16445.1,0.501583,0.245629,-0.1,0.02,0.1,215.869,3.02285e+06,0.344769,0.0176297,0.548541,0.00425746,-0.242157,0.825818,-0.0329027,nan,nan,nan,nan,-0.00346315,-0.0164915,-0.0054476,nan,-0.0348733,0,-0.0247582,-0.105462,nan,-0.231702,-0.234543,-0.114469,-0.144109,1.13932,0.506909,-0.153455,-0.00567273,0.0419318,-0.5
247,43.1173,894.417,0.0490728,0.416667,0.0833333,0.152536,1.32987,0.127779,-0.00905848,3.0357,3.90184e-05,0.00772222,0.311702,16394.8,0.505188,0.244319,-0.1,0.02,0.1,216.619,3.03514e+06,0.302924,0.0180879,0.592353,0.00522478,-0.258533,0.894417,-0.0394258,nan,nan,nan,nan,-0.00390833,-0.0182729,-0.00632091,nan,-0.0376306,0,-0.0261349,-0.109993,nan,-0.223567,-0.296149,-0.121959,-0.1499,1.25635,0.585,-0.165067,-0.00548333,0.0471875,-0.5
248,44.8018,881,0.0490643,0.25,0.125,0.152367,1.3377,0.306824,-0.00655201,3.03556,3.90184e-05,0.00908468,0.311714,16188.5,0.500632,0.258425,-0.1,0.02,0.1,217.38,3.04742e+06,0.429224,0.0171327,0.597678,0.0053837,-0.253989,0.881,-0.0406467,nan,nan,nan,nan,-0.00373267,-0.0170466,-0.00625073,nan,-0.0368431,0,-0.0242949,-0.107334,nan,-0.215878,-0.266881,-0.119125,-0.1481,1.24916,0.582222,-0.164133,-0.0062,0.0554167,-0.5
249,45.3911,923.4,0.0490951,0.5,0.125,0.147995,1.35135,0.282079,-0.00771182,3.03621,3.90184e-05,0.0102836,0.311726,16281.9,0.507786,0.246919,-0.1,0.02,0.1,218.136,3.05971e+06,0.369623,0.0190312,0.615211,0.00532334,-0.266974,0.9234,-0.0404607,nan,nan,nan,nan,-0.00384657,-0.0183831,-0.00648101,nan,-0.0388557,0,-0.0271257,-0.116136,nan,-0.231222,-0.272425,-0.126941,-0.15778,1.28603,0.590133,-0.173093,-0.00638667,0.0469167,-0.5
250,25.0464,639,0.0494526,0.0833333,0.125,0.148535,1.33552,0.374948,-0.00839979,3.03652,3.90184e-05,0.0134385,0.311736,16703.3,0.492625,0.243036,-0.1,0.02,0.1,218.873,3.072e+06,0.205144,0.0162247,0.437454,0.00324153,-0.185834,0.639,-0.029408,nan,nan,nan,nan,-0.00273234,-0.0115323,-0.00465593,nan,-0.0268896,0,-0.0216495,-0.0791435,nan,-0.162147,-0.221704,-0.08879,-0.10602,0.888621,0.4024,-0.12152,-0.00524,0.0275,-0.5
251,42.1209,885.222,-0.00289071,0.291667,0.0833333,0.147782,1.35297,0.230201,-0.00291163,3.03709,5.85277e-05,0.00472971,0.311743,15849,0.525753,0.249562,-0.1,0.02,0.3,219.65,3.08429e+06,0.314783,0.020388,0.590423,0.00486549,-0.254967,0.885222,-0.0396556,nan,nan,nan,nan,-0.00395124,-0.0180632,-0.00639188,nan,-0.0382262,0,-0.0246329,-0.115807,nan,-0.221521,-0.291548,-0.123915,-0.156967,1.26304,0.551556,-0.165911,-0.00642222,0.0548611,-0.5
252,38.5315,853.769,-0.00516389,0.375,0.166667,0.148596,1.36352,0.366623,-0.0047694,3.03688,5.85277e-05,0.00781513,0.311742,16619.2,0.496008,0.243378,-0.1,0.02,0.3,220.39,3.09658e+06,0.310733,0.0168573,0.57358,0.00456074,-0.249261,0.853769,-0.0412777,nan,nan,nan,nan,-0.00417959,-0.0183182,-0.0063989,nan,-0.0388057,0,-0.0268383,-0.116406,nan,-0.232125,-0.29084,-0.126336,-0.1575,1.19485,0.551385,-0.173415,-0.00630769,0.0626923,-0.5
253,37.0287,841.421,-0.00568038,0.625,0.166667,0.151858,1.34504,0.626635,-0.0043248,3.03719,5.85277e-05,0.00663256,0.311752,16526.1,0.500601,0.242949,-0.1,0.02,0.3,221.135,3.10886e+06,0.308339,0.0199116,0.564525,0.00473565,-0.244393,0.841421,-0.0440416,nan,nan,nan,nan,-0.00424096,-0.0198667,-0.00692938,nan,-0.0406785,0,-0.0289715,-0.122677,nan,-0.243876,-0.317262,-0.133401,-0.166263,1.18553,0.532211,-0.180105,-0.00693684,0.0596711,-0.5
254,30.0552,782.667,-0.00335268,0.208333,0.166667,0.146588,1.3469,0.599289,-0.00663343,3.03751,5.85277e-05,0.00678433,0.31176,15623,0.508702,0.27783,-0.1,0.02,0.3,221.923,3.12115e+06,0.234294,0.016258,0.517544,0.0046369,-0.227892,0.782667,-0.0427922,nan,nan,nan,nan,-0.00444061,-0.0195793,-0.00664927,nan,-0.0399012,0,-0.027297,-0.114743,nan,-0.231094,-0.292313,-0.129683,-0.161133,1.08617,0.505333,-0.178044,-0.00733333,0.0609722,-0.5
255,27.3112,738.042,-0.00977142,0.541667,0.458333,0.145689,1.34609,0.564161,-0.0061823,3.03782,5.85277e-05,0.0111481,0.311772,16342.9,0.511159,0.240727,-0.1,0.02,0.3,222.676,3.13344e+06,0.273332,0.015805,0.493619,0.00472596,-0.215118,0.738042,-0.0431042,nan,nan,nan,nan,-0.00429304,-0.0185002,-0.00655126,nan,-0.0394246,0,-0.0289774,-0.115277,nan,-0.231487,-0.28254,-0.128791,-0.1565,1.02717,0.446,-0.175683,-0.00646667,0.04875,-0.5
256,42.5942,965.8,-9.21262e-05,0.791667,0.0416667,0.144925,1.33533,0.24572,-0.0074174,3.03799,5.85277e-05,0.0103595,0.311756,16724.8,0.495295,0.239423,-0.1,0.02,0.3,223.412,3.14573e+06,0.389409,0.0225874,0.652872,0.00586282,-0.280147,0.9658,-0.054893,nan,nan,nan,nan,-0.00509806,-0.0248577,-0.00835286,nan,-0.0516457,0,-0.0369299,-0.150984,nan,-0.32024,-0.369827,-0.168134,-0.208065,1.35416,0.611,-0.23108,-0.0086,0.071875,-0.5
257,31.3209,798.25,0.000335006,0.25,0.0833333,0.141985,1.36011,0.2364,-0.00688005,3.03701,5.85277e-05,0.00971181,0.311731,16674.6,0.493993,0.242935,-0.1,0.02,0.3,224.151,3.15802e+06,0.362313,0.0137743,0.522545,0.00511054,-0.234371,0.79825,-0.0446688,nan,nan,nan,nan,-0.0054213,-0.0266227,-0.00743794,nan,-0.0456871,0,-0.0334009,-0.134228,nan,-0.268058,-0.35688,-0.149497,-0.185587,1.10478,0.5035,-0.2056,-0.00645,0.0846875,-0.5
258,37.6,970.842,-0.000861936,0.666667,0.125,0.142308,1.33022,0.341228,-0.00795617,3.03609,5.85277e-05,0.00891164,0.311715,16229.1,0.518626,0.238533,-0.1,0.02,0.3,224.909,3.1703e+06,0.338836,0.0201447,0.656331,0.00543722,-0.284243,0.970842,-0.0589658,nan,nan,nan,nan,-0.00564106,-0.0259072,-0.0090363,nan,-0.0560629,0,-0.0407567,-0.166683,nan,-0.35682,-0.395059,-0.183612,-0.223674,1.37051,0.605053,-0.248168,-0.00844211,0.0548684,-0.5
259,35.8054,950.882,0.000240379,0.583333,0.125,0.143303,1.33494,0.36432,-0.00844941,3.03595,5.85277e-05,0.00941776,0.311722,16340.5,0.501372,0.250624,-0.1,0.02,0.3,225.663,3.18259e+06,0.36799,0.0206339,0.630519,0.00583239,-0.27605,0.950882,-0.0625706,nan,nan,nan,nan,-0.00627359,-0.0299878,-0.00969005,nan,-0.0572734,0,-0.0424064,-0.171711,nan,-0.332623,-0.434884,-0.187332,-0.230365,1.32857,0.608706,-0.257035,-0.00936471,0.0729412,-0.5
260,28.9589,884,-0.00545519,0.541667,0.291667,0.14525,1.32653,0.378494,-0.00872773,3.03589,5.85277e-05,0.012525,0.311704,15421.5,0.525566,0.271246,-0.1,0.02,0.3,226.461,3.19488e+06,0.318468,0.0163864,0.593642,0.00497294,-0.2573,0.884,-0.063981,nan,nan,nan,nan,-0.00591002,-0.026163,-0.00951882,nan,-0.0561257,0,-0.0409822,-0.164183,nan,-0.328586,-0.423932,-0.183729,-0.220905,1.23172,0.5538,-0.25354,-0.00931,0.064125,-0.5
261,32.6394,932.333,-0.000759718,0.375,0.125,0.141634,1.334,0.208633,-0.00922497,3.03399,5.85277e-05,0.0143877,0.311608,15133.7,0.569284,0.242681,-0.1,0.02,0.3,227.274,3.20717e+06,0.336728,0.0164604,0.621578,0.00566423,-0.273045,0.932333,-0.0664842,nan,nan,nan,nan,-0.00629349,-0.0284619,-0.010169,nan,-0.0605849,0,-0.0406258,-0.174467,nan,-0.341166,-0.436702,-0.197815,-0.235875,1.30262,0.607667,-0.2707,-0.00983333,0.0861458,-0.5
262,26.4354,830.059,-0.0021947,0.541667,0.166667,0.143416,1.33521,0.268821,-0.0078776,3.02938,5.85277e-05,0.0141054,0.311492,16347.3,0.504757,0.246926,-0.1,0.02,0.3,228.027,3.21946e+06,0.334388,0.0200917,0.564262,0.00498906,-0.240325,0.830059,-0.0661106,nan,nan,nan,nan,-0.00547296,-0.0246747,-0.00931599,nan,-0.0569345,0,-0.0382353,-0.168658,nan,-0.345327,-0.419565,-0.185259,-0.221082,1.17895,0.511529,-0.251765,-0.00948235,0.0373529,-0.5
263,28.0549,868.909,-0.000696791,0.375,0.0833333,0.146364,1.32008,0.133065,-0.0103164,3.02465,5.85277e-05,0.0115804,0.311339,16544.5,0.498605,0.24412,-0.1,0.02,0.3,228.771,3.23174e+06,0.353729,0.02048,0.586691,0.00537726,-0.251822,0.868909,-0.0697491,nan,nan,nan,nan,-0.0058205,-0.0264309,-0.0100552,nan,-0.0597657,0,-0.0383125,-0.171007,nan,-0.362764,-0.437312,-0.194868,-0.231845,1.23334,0.525455,-0.269164,-0.0101636,0.03875,-0.5
264,26.6614,842.167,-0.000883204,0.583333,0.166667,0.144769,1.32144,0.182189,-0.00830896,3.0183,5.85277e-05,0.0106115,0.311196,16536.2,0.499148,0.243947,-0.1,0.02,0.3,229.515,3.24403e+06,0.356873,0.0157764,0.559808,0.00520686,-0.24429,0.842167,-0.07101,nan,nan,nan,nan,-0.006142,-0.028048,-0.0102225,nan,-0.0604905,0,-0.0400193,-0.175436,nan,-0.330928,-0.435449,-0.196852,-0.239583,1.17783,0.536222,-0.266444,-0.00936667,0.0645833,-0.5
265,21.5118,750.909,-0.00146257,0.291667,0.166667,0.149235,1.36191,0.237443,-0.00855611,3.01452,5.85277e-05,0.0119768,0.311149,16384.8,0.504222,0.245742,-0.1,0.02,0.3,230.267,3.25632e+06,0.32768,0.0165721,0.501818,0.0047358,-0.218801,0.750909,-0.06614,nan,nan,nan,nan,-0.00570571,-0.0244153,-0.00929058,nan,-0.0550683,0,-0.0377768,-0.165333,nan,-0.310009,-0.375491,-0.180399,-0.216982,1.05443,0.481818,-0.247527,-0.00818182,0.0405682,-0.5
266,28.8676,932.45,0.000260112,0.75,0.0833333,0.15023,1.33778,0.294608,-0.00881886,3.01317,5.85277e-05,0.0181971,0.311135,16219.6,0.499064,0.258536,-0.1,0.02,0.3,231.026,3.26861e+06,0.394155,0.0218625,0.615043,0.00572217,-0.273177,0.93245,-0.0792095,nan,nan,nan,nan,-0.00729257,-0.0344409,-0.0115131,nan,-0.0696085,-1.5e-05,-0.0456138,-0.20361,nan,-0.396806,-0.489901,-0.227071,-0.27918,1.31642,0.5814,-0.30906,-0.01036,0.0631875,-0.5
267,24.785,889.467,-0.00102051,0.5,0.125,0.147719,1.31752,0.180391,-0.00955679,3.01302,5.85277e-05,0.0134542,0.31111,12151.9,0.65941,0.351793,-0.1,0.02,0.3,232.038,3.2809e+06,0.360672,0.0205762,0.587124,0.00579653,-0.259825,0.889467,-0.073628,nan,nan,nan,nan,-0.00697833,-0.0326695,-0.0109735,nan,-0.0682097,0,-0.0436221,-0.19757,nan,-0.40851,-0.460348,-0.223102,-0.26922,1.24225,0.5504,-0.29976,-0.0113733,0.04875,-0.5
268,26.0626,917.158,0.000741801,0.666667,0.125,0.148055,1.3318,0.318352,-0.0097291,3.01079,5.85277e-05,0.0152006,0.311042,12692.3,0.65676,0.311383,-0.1,0.02,0.3,233.008,3.29318e+06,0.402319,0.02024,0.613575,0.00592183,-0.266766,0.917158,-0.0848368,nan,nan,nan,nan,-0.00735868,-0.033292,-0.0120867,nan,-0.0728374,0,-0.0490382,-0.213586,nan,-0.414511,-0.506545,-0.237393,-0.285568,1.29724,0.597263,-0.323137,-0.0120526,0.0473684,-0.5
269,17.1316,778.769,-0.00511857,0.708333,0.375,0.151183,1.33809,0.23416,-0.00803247,3.00905,5.85277e-05,0.00964664,0.311016,13216.9,0.597274,0.332444,-0.1,0.02,0.3,233.939,3.30547e+06,0.311136,0.0162212,0.524168,0.00548427,-0.228193,0.778769,-0.0783515,nan,nan,nan,nan,-0.00678026,-0.0307254,-0.0108852,nan,-0.0648201,0,-0.0413763,-0.188807,nan,-0.351488,-0.475987,-0.210905,-0.256085,1.10137,0.496769,-0.288723,-0.0108385,0.0397115,-0.5
270,19.1452,879.438,-0.000898886,0.5,0.166667,0.150522,1.31903,0.222038,-0.00947654,3.00708,5.85277e-05,0.0114443,0.310928,13512.8,0.617469,0.291889,-0.1,0.02,0.3,234.85,3.31776e+06,0.319199,0.0188893,0.587209,0.00611778,-0.255119,0.879437,-0.0891163,nan,nan,nan,nan,-0.00777145,-0.0369183,-0.0127781,nan,-0.0755193,0,-0.0480765,-0.217351,nan,-0.412435,-0.557196,-0.244839,-0.300487,1.23822,0.5675,-0.3397,-0.0116875,0.0746875,-0.5
271,24.0358,951.5,0.000250778,0.375,0.125,0.151068,1.33678,0.30399,-0.00926394,3.0039,5.85277e-05,0.012887,0.310879,13201.1,0.591508,0.339322,-0.1,0.02,0.3,235.782,3.33005e+06,0.47506,0.0221213,0.634263,0.00661758,-0.277225,0.9515,-0.0892925,nan,nan,nan,nan,-0.00795784,-0.0364865,-0.0128899,nan,-0.0817723,0,-0.0550175,-0.239638,nan,-0.502165,-0.505279,-0.268068,-0.318725,1.35004,0.601667,-0.365267,-0.0114667,0.0567708,-0.5
272,11.8794,750.955,-0.00410159,0.541667,0.375,0.151914,1.31421,0.26124,-0.0107495,3.00182,5.85277e-05,0.0129271,0.310803,13608.5,0.579633,0.32333,-0.1,0.02,0.3,236.687,3.34234e+06,0.272482,0.0137076,0.487271,0.00553614,-0.220299,0.750955,-0.0789159,nan,nan,nan,nan,-0.00763111,-0.0351357,-0.0115682,nan,-0.0685029,0,-0.0445031,-0.19906,nan,-0.362054,-0.473352,-0.22288,-0.274159,1.0455,0.468,-0.306891,-0.0106636,0.0706818,-0.5
273,12.9612,834.875,-0.000949479,0.458333,0.208333,0.153368,1.32112,0.291358,-0.00931709,2.99837,5.85277e-05,0.0145756,0.310708,12997.8,0.601199,0.344195,-0.1,0.02,0.3,237.634,3.35462e+06,0.303909,0.0169587,0.554986,0.00674078,-0.243001,0.834875,-0.0938556,nan,nan,nan,nan,-0.00794815,-0.0355108,-0.0132691,nan,-0.0775632,0,-0.0498154,-0.223593,nan,-0.414652,-0.588564,-0.251539,-0.301556,1.17018,0.53425,-0.34665,-0.013275,0.0432031,-0.5
274,12.8973,860.75,-0.000221169,0.333333,0.166667,0.147337,1.34507,0.182773,-0.0106435,2.99392,3.90184e-05,0.0206677,0.310559,13408,0.561511,0.354954,-0.1,0.02,0.3,238.551,3.36691e+06,0.291739,0.0212098,0.578329,0.0063444,-0.251224,0.86075,-0.100425,nan,nan,nan,nan,-0.00853693,-0.0371613,-0.0137988,nan,-0.0817447,0,-0.0533816,-0.231981,nan,-0.425575,-0.603792,-0.265879,-0.322275,1.20884,0.560667,-0.361033,-0.0114167,0.051875,-0.5
275,11.1388,779.636,-0.00161919,0.625,0.291667,0.149518,1.32307,0.527189,-0.00893276,2.98868,3.90184e-05,0.0107942,0.310461,13336.8,0.616453,0.30491,-0.1,0.02,0.3,239.474,3.3792e+06,0.298464,0.016981,0.514361,0.00578691,-0.226012,0.779636,-0.0843409,nan,nan,nan,nan,-0.00756775,-0.0340942,-0.0118503,nan,-0.0737717,-4.09091e-05,-0.0483855,-0.210893,nan,-0.42046,-0.564113,-0.240873,-0.294736,1.10343,0.480909,-0.3268,-0.0118364,0.0465909,-0.5
276,9.33872,736.125,-0.002284,0.375,0.291667,0.146542,1.32492,0.290657,-0.00865049,2.98558,3.90184e-05,0.0142557,0.310404,12652.7,0.638789,0.332384,-0.1,0.02,0.3,240.446,3.39149e+06,0.319601,0.0159683,0.497202,0.00535923,-0.213122,0.736125,-0.0882375,nan,nan,nan,nan,-0.00715508,-0.0309244,-0.0118144,nan,-0.0729977,-3.75e-05,-0.0452179,-0.206323,nan,-0.421469,-0.484104,-0.237448,-0.283631,1.04804,0.46475,-0.3245,-0.0115625,0.0371875,-0.5
277,8.80783,768.286,-0.000666542,0.333333,0.25,0.145755,1.32454,0.320551,-0.00940461,2.98382,3.90184e-05,0.00994215,0.310371,13781.3,0.598126,0.293517,-0.1,0.02,0.3,241.34,3.40378e+06,0.322901,0.017102,0.511793,0.00614498,-0.220931,0.768286,-0.0937057,nan,nan,nan,nan,-0.00820254,-0.0364256,-0.0130356,nan,-0.078227,-2.14286e-05,-0.0502513,-0.221238,nan,-0.420525,-0.548035,-0.254153,-0.299036,1.09993,0.486857,-0.351486,-0.0121714,0.0491071,-0.5
278,12.004,801.765,-0.000181794,0.5,0.208333,0.145684,1.29304,0.300545,-0.00877692,2.98251,3.90184e-05,0.0104149,0.310335,15191.5,0.559015,0.249857,-0.1,0.02,0.3,242.15,3.41606e+06,0.338951,0.0192673,0.532649,0.00676595,-0.23251,0.801765,-0.0974347,nan,nan,nan,nan,-0.00810276,-0.0370999,-0.0135232,nan,-0.0806139,0,-0.04944,-0.231195,nan,-0.415484,-0.53226,-0.260282,-0.311524,1.11992,0.519765,-0.358,-0.0142118,0.0498529,-0.5
279,6.6392,749.667,-0.000770745,0.375,0.25,0.148296,1.31543,0.299508,-0.00885461,2.98153,3.90184e-05,0.0113662,0.310333,15492.7,0.49395,0.2992,-0.1,0.02,0.3,242.944,3.42835e+06,0.285551,0.0163308,0.490819,0.00593815,-0.216419,0.749667,-0.0921053,nan,nan,nan,nan,-0.00816359,-0.0370371,-0.0129404,nan,-0.0783435,0,-0.0507425,-0.224105,nan,-0.413016,-0.55655,-0.254395,-0.30246,1.05435,0.480267,-0.350213,-0.01264,0.0581667,-0.5
280,7.2067,700.385,0.00247652,0.333333,0.208333,0.14158,1.3304,0.296783,-0.00857395,2.98104,3.90184e-05,0.0119144,0.310295,11436.4,0.702866,0.371601,-0.1,0.02,0.3,244.02,3.44064e+06,0.297221,0.0135445,0.466559,0.0054823,-0.203464,0.700385,-0.0872985,nan,nan,nan,nan,-0.00741124,-0.032668,-0.0122054,nan,-0.0734697,0,-0.0454013,-0.207959,nan,-0.396044,-0.490136,-0.236572,-0.280246,0.998208,0.452,-0.327169,-0.0113846,0.0306731,-0.5
281,7.55393,795.353,0.000598864,0.458333,0.25,0.142664,1.31658,0.336686,-0.00899197,2.97925,3.90184e-05,0.0123231,0.310264,12288.8,0.663148,0.336784,-0.1,0.02,0.3,245.022,3.45293e+06,0.33116,0.0180601,0.522745,0.00673808,-0.229368,0.795353,-0.103001,nan,nan,nan,nan,-0.0087584,-0.039564,-0.0144389,nan,-0.0854228,0,-0.0492358,-0.243392,nan,-0.434107,-0.596659,-0.276778,-0.332771,1.11893,0.517176,-0.383788,-0.0148118,0.0561029,-0.5
282,4.37487,799.667,0.000261564,0.375,0.25,0.144421,1.30924,0.283763,-0.00890694,2.97809,3.90184e-05,0.0100958,0.310207,13237.9,0.612687,0.315554,-0.1,0.02,0.3,245.952,3.46522e+06,0.301481,0.0195988,0.533193,0.00681357,-0.23087,0.799667,-0.10618,nan,nan,nan,nan,-0.00893113,-0.0392554,-0.0146775,nan,-0.0884297,0,-0.0537364,-0.246949,nan,-0.457764,-0.64737,-0.287418,-0.33284,1.14294,0.4944,-0.395387,-0.01288,0.0433333,-0.5
283,1.57398,643.1,0.000427983,0.208333,0.208333,0.1478,1.30326,0.18589,-0.00880081,2.97561,3.90184e-05,0.0169561,0.310167,15030.3,0.577569,0.23998,-0.1,0.02,0.3,246.771,3.4775e+06,0.23922,0.0160645,0.430301,0.00502336,-0.187264,0.6431,-0.081378,nan,nan,nan,nan,-0.00694835,-0.0306977,-0.0115754,nan,-0.0720563,0,-0.0437755,-0.197789,nan,-0.426393,-0.451221,-0.23361,-0.27789,0.903874,0.3944,-0.31644,-0.01162,0.045375,-0.5
284,8.16444,919.643,0.00265667,0.416667,0.166667,0.146821,1.30331,0.228604,-0.00857688,2.9745,3.90184e-05,0.0121143,0.310141,16503.8,0.503995,0.24056,-0.1,0.02,0.3,247.517,3.48979e+06,0.393128,0.0206697,0.613838,0.00849769,-0.265414,0.919643,-0.119066,nan,nan,nan,nan,-0.0102147,-0.0456474,-0.0168716,nan,-0.102702,0,-0.0617709,-0.291373,nan,-0.549635,-0.698913,-0.3284,-0.394114,1.29456,0.581143,-0.4596,-0.0147143,0.0780357,-0.5
285,4.76415,831.9,0.00334819,0.333333,0.0833333,0.145699,1.29971,0.195245,-0.00905026,2.97262,3.90184e-05,0.0166482,0.310062,11766.7,0.651108,0.393193,-0.1,0.02,0.3,248.563,3.50208e+06,0.297764,0.0197772,0.555651,0.00733453,-0.242691,0.8319,-0.113778,nan,nan,nan,nan,-0.00953522,-0.0444642,-0.0161587,nan,-0.0933702,0,-0.0587693,-0.267859,nan,-0.471163,-0.714031,-0.302045,-0.35139,1.16891,0.5236,-0.41928,-0.01432,0.052125,-0.5
286,4.40643,687.308,0.000912811,0.333333,0.208333,0.144613,1.32937,0.187879,-0.00907205,2.96935,3.90184e-05,0.0157413,0.309988,11595.4,0.676629,0.383101,-0.1,0.02,0.3,249.624,3.51437e+06,0.346166,0.0146363,0.458286,0.00598242,-0.198772,0.687308,-0.0906208,nan,nan,nan,nan,-0.00772529,-0.0345416,-0.012542,nan,-0.0784703,0,-0.0509882,-0.223041,nan,-0.442065,-0.481747,-0.252601,-0.298985,0.982603,0.413231,-0.352615,-0.0118308,0.0409615,-0.5
287,6.59983,917.091,0.00229957,0.375,0.0833333,0.144889,1.33761,0.34679,-0.0083783,2.96738,3.90184e-05,0.01331,0.309971,11845.5,0.649267,0.388088,-0.1,0.02,0.3,250.663,3.52666e+06,0.35165,0.0218018,0.609186,0.00881557,-0.263522,0.917091,-0.130341,nan,nan,nan,nan,-0.0108638,-0.0498975,-0.0178542,nan,-0.107078,0,-0.0622025,-0.300079,nan,-0.532466,-0.752625,-0.345182,-0.419155,1.31338,0.585455,-0.468945,-0.0168364,0.0905682,-0.5
288,-0.69549,629.944,-0.00332144,0.375,0.375,0.145804,1.32792,0.372736,-0.00843114,2.96673,3.90184e-05,0.0118289,0.309936,12446.5,0.665978,0.321291,-0.1,0.02,0.3,251.652,3.53894e+06,0.250636,0.0147692,0.410586,0.00597962,-0.180921,0.629944,-0.0898267,nan,nan,nan,nan,-0.00788663,-0.03413,-0.0122817,nan,-0.0751647,0,-0.0471066,-0.212705,nan,-0.386394,-0.512742,-0.242295,-0.2849,0.885877,0.397111,-0.336044,-0.0116556,0.054375,-0.5
289,-2.08361,769.286,-0.000257701,0.333333,0.25,0.147004,1.31122,0.361792,-0.0083305,2.96545,3.90184e-05,0.0142487,0.309923,13721,0.58779,0.30777,-0.1,0.02,0.3,252.549,3.55123e+06,0.256928,0.0164594,0.515069,0.00773922,-0.22218,0.769286,-0.117794,nan,nan,nan,nan,-0.00924577,-0.0404076,-0.0156776,nan,-0.0929993,0,-0.0611114,-0.261771,nan,-0.468304,-0.704969,-0.299217,-0.353914,1.09986,0.474,-0.411714,-0.0152,0.0452679,-0.5
290,2.21197,843.818,0.00221145,0.333333,0.125,0.146687,1.30642,0.22274,-0.00974845,2.96498,3.90184e-05,0.0133781,0.309905,12285.9,0.660794,0.339376,-0.1,0.02,0.3,253.551,3.56352e+06,0.386447,0.0184279,0.560399,0.0072904,-0.242355,0.843818,-0.117349,nan,nan,nan,nan,-0.00988795,-0.0443936,-0.0161196,nan,-0.103174,0,-0.0626324,-0.286883,nan,-0.606936,-0.624862,-0.33246,-0.394009,1.20152,0.477818,-0.458545,-0.0149455,0.0657955,-0.5
291,-1.2037,934.154,0.00175023,0.375,0.166667,0.148154,1.30908,0.30907,-0.00984261,2.96376,3.90184e-05,0.0131112,0.309866,12312.4,0.635691,0.362326,-0.1,0.02,0.3,254.55,3.57581e+06,0.30774,0.0208691,0.616061,0.0100736,-0.271426,0.934154,-0.135165,nan,nan,nan,nan,-0.0117595,-0.0541101,-0.0188633,nan,-0.11608,-0.000161538,-0.06529,-0.326393,nan,-0.606203,-0.852288,-0.373899,-0.449008,1.33027,0.589846,-0.515692,-0.0179538,0.0989423,-0.5
292,-2.95536,656.077,-0.00185828,0.25,0.291667,0.147889,1.30687,0.240078,-0.00899144,2.96255,3.90184e-05,0.0165188,0.309851,12135,0.665778,0.346834,-0.1,0.02,0.3,255.564,3.5881e+06,0.272945,0.0165896,0.427432,0.00654175,-0.189646,0.656077,-0.09973,nan,nan,nan,nan,-0.00882239,-0.0372577,-0.0137116,nan,-0.0823751,0,-0.0543642,-0.221662,nan,-0.407241,-0.573023,-0.263744,-0.314585,0.906931,0.430769,-0.370923,-0.0133538,0.0546154,-0.5
293,-4.26831,627.4,-0.00104014,0.166667,0.25,0.153173,1.32832,0.345596,-0.00980352,2.96192,3.90184e-05,0.0175723,0.309831,14158,0.577018,0.2909,-0.1,0.02,0.3,256.434,3.60038e+06,0.24922,0.015841,0.407789,0.00708856,-0.180319,0.6274,-0.094259,nan,nan,nan,nan,-0.00852514,-0.039145,-0.0131386,nan,-0.0791121,0,-0.0451646,-0.223796,nan,-0.391909,-0.515081,-0.255876,-0.31149,0.871867,0.4008,-0.357,-0.01248,0.033875,-0.5
294,-3.29373,762.882,-0.00148742,0.375,0.333333,0.150005,1.31694,0.23735,-0.0091828,2.96042,3.90184e-05,0.0148131,0.309762,15282.6,0.545832,0.258221,-0.1,0.02,0.3,257.239,3.61267e+06,0.317415,0.0174699,0.499921,0.00776292,-0.216559,0.762882,-0.103564,nan,nan,nan,nan,-0.00935446,-0.0401406,-0.0147229,nan,-0.0959906,0,-0.0577838,-0.26463,nan,-0.54219,-0.658505,-0.308358,-0.373659,1.08301,0.442824,-0.428118,-0.0130588,0.0659559,-0.5
295,-1.64747,788.947,-0.000792206,0.458333,0.333333,0.145941,1.31914,0.53108,-0.00787172,2.9576,3.90184e-05,0.00857621,0.309708,16367.9,0.508483,0.242254,-0.1,0.02,0.3,257.991,3.62496e+06,0.312065,0.019424,0.516475,0.00848628,-0.225613,0.788947,-0.116931,nan,nan,nan,nan,-0.0100395,-0.0442968,-0.016104,nan,-0.0990442,0,-0.0617163,-0.277592,nan,-0.50407,-0.682301,-0.318103,-0.376532,1.12259,0.477895,-0.442168,-0.0166421,0.0734211,-0.5
296,-1.40046,859.143,8.29481e-05,0.333333,0.25,0.146289,1.32092,0.306273,-0.00858762,2.95604,3.90184e-05,0.0121309,0.309671,13586.1,0.552639,0.351812,-0.1,0.02,0.3,258.897,3.63725e+06,0.331747,0.0176136,0.55986,0.0095457,-0.248084,0.859143,-0.12933,nan,nan,nan,nan,-0.0115988,-0.0529431,-0.017833,nan,-0.108141,0,-0.0672356,-0.296426,nan,-0.526881,-0.718701,-0.347226,-0.420236,1.20942,0.538286,-0.483771,-0.0172286,0.0642857,-0.5
297,-0.479526,846.731,-0.00137567,0.75,0.333333,0.14563,1.3121,0.429403,-0.00789713,2.95416,3.90184e-05,0.00888315,0.309621,11686.5,0.652048,0.399419,-0.1,0.02,0.3,259.95,3.64954e+06,0.342643,0.0184466,0.557099,0.00858041,-0.242901,0.846731,-0.124604,nan,nan,nan,nan,-0.0108308,-0.0507748,-0.0172493,nan,-0.106577,0,-0.0616539,-0.296902,nan,-0.55392,-0.720022,-0.344464,-0.411819,1.1929,0.534615,-0.474877,-0.0167077,0.0621635,-0.5
298,0.714904,877.214,0.00277453,0.416667,0.166667,0.144951,1.3336,0.290607,-0.0083931,2.95287,3.90184e-05,0.0129334,0.309612,12924.7,0.614235,0.336505,-0.1,0.02,0.3,260.902,3.66182e+06,0.371373,0.0185549,0.577773,0.00892675,-0.252275,0.877214,-0.129401,nan,nan,nan,nan,-0.0108324,-0.0478796,-0.0178464,nan,-0.110298,0,-0.0677599,-0.305895,nan,-0.589442,-0.713167,-0.354593,-0.425121,1.24775,0.532,-0.491143,-0.0158571,0.0765179,-0.5
299,-1.79747,708.647,-0.00131476,0.333333,0.375,0.144676,1.296,0.370578,-0.00814227,2.95301,3.90184e-05,0.0122617,0.309622,12929.4,0.640791,0.309603,-0.1,0.02,0.3,261.854,3.67411e+06,0.306838,0.0158853,0.46881,0.00800369,-0.202624,0.708647,-0.104962,nan,nan,nan,nan,-0.00912275,-0.0394501,-0.0148127,nan,-0.0892468,0,-0.0513003,-0.249203,nan,-0.429272,-0.61853,-0.288303,-0.334588,1.00971,0.437176,-0.398965,-0.0138353,0.0639706,-0.5
300,4.40941,933.333,0.00399004,0.541667,0.0833333,0.149187,1.30861,0.185024,-0.00929449,2.95233,3.90184e-05,0.0115629,0.309558,15710.1,0.541227,0.240945,-0.1,0.02,0.3,262.638,3.6864e+06,0.418557,0.0223536,0.61592,0.00986661,-0.268562,0.933333,-0.138879,nan,nan,nan,nan,-0.0113398,-0.0521489,-0.0188034,nan,-0.117313,0,-0.0723783,-0.325053,nan,-0.606344,-0.716864,-0.374494,-0.45144,1.3375,0.562933,-0.5236,-0.01828,0.0821667,-0.5
301,1.61177,883.235,0.00420663,0.583333,0.125,0.147369,1.30813,0.232847,-0.00924484,2.94948,3.90184e-05,0.0103222,0.309499,12196.3,0.685923,0.321593,-0.1,0.02,0.3,265.682,3.69869e+06,0.344217,0.0217747,0.589037,0.00976528,-0.254362,0.883235,-0.129284,nan,nan,nan,nan,-0.0108854,-0.0498798,-0.0182056,nan,-0.111022,0,-0.0641336,-0.306425,nan,-0.579328,-0.745285,-0.357985,-0.414212,1.25243,0.554118,-0.496518,-0.0161647,0.0679412,-0.5
302,-2.97451,754.25,-0.00212043,0.375,0.291667,0.148324,1.31513,0.395189,-0.00912783,2.94774,3.90184e-05,0.0139276,0.309471,14344.1,0.587856,0.268805,-0.1,0.02,0.3,266.54,3.71098e+06,0.253607,0.0174563,0.500698,0.00850533,-0.216702,0.75425,-0.114589,nan,nan,nan,nan,-0.00964991,-0.0415486,-0.0155697,nan,-0.0947592,0,-0.0555902,-0.261511,nan,-0.459981,-0.70554,-0.30375,-0.349087,1.06094,0.4745,-0.423825,-0.0154875,0.0676563,-0.5
303,1.76603,881.143,0.00481692,0.208333,0.0833333,0.147621,1.30394,0.24156,-0.00858148,2.94675,3.90184e-05,0.0115681,0.309433,16286,0.51014,0.244371,-0.1,0.02,0.3,267.296,3.72326e+06,0.390609,0.0180731,0.59036,0.0111914,-0.252472,0.881143,-0.133474,nan,nan,nan,nan,-0.0114304,-0.049587,-0.0185852,nan,-0.111197,0,-0.0579991,-0.314039,nan,-0.511364,-0.785212,-0.358305,-0.420686,1.26654,0.550286,-0.495429,-0.0185143,0.06125,-0.5
304,-2.79685,798.3,0.00319803,0.25,0.166667,0.15122,1.27221,0.196445,-0.00896206,2.94495,3.90184e-05,0.0100345,0.30939,16430.5,0.504105,0.243774,-0.1,0.02,0.3,268.046,3.73555e+06,0.296862,0.018614,0.533095,0.00789765,-0.227731,0.7983,-0.107164,nan,nan,nan,nan,-0.00913415,-0.0405986,-0.0145335,nan,-0.100529,0,-0.0558917,-0.277674,nan,-0.604386,-0.644902,-0.321419,-0.37044,1.13094,0.4564,-0.45072,-0.0147,0.057875,-0.5
305,-0.225328,891.312,0.000354826,0.458333,0.208333,0.150957,1.31721,0.281681,-0.00840289,2.94312,3.90184e-05,0.0168278,0.309338,11978.8,0.613069,0.412739,-0.1,0.02,0.3,269.073,3.74784e+06,0.344972,0.020388,0.588528,0.0101083,-0.253783,0.891312,-0.125832,nan,nan,nan,nan,-0.0106846,-0.0459381,-0.0172582,nan,-0.112031,0,-0.066365,-0.310626,nan,-0.605295,-0.726361,-0.359377,-0.423337,1.26764,0.534,-0.498225,-0.0165375,0.0596875,-0.5
306,0.562279,776.857,0.00279633,0.375,0.208333,0.148794,1.29332,0.244623,-0.00972885,2.94109,3.90184e-05,0.0139468,0.309293,11006.3,0.73057,0.385886,-0.1,0.02,0.3,270.191,3.76013e+06,0.344351,0.016574,0.521386,0.00863121,-0.224205,0.776857,-0.114882,nan,nan,nan,nan,-0.00961985,-0.0398177,-0.0157231,nan,-0.0979251,0,-0.0550886,-0.273264,nan,-0.486434,-0.675696,-0.315245,-0.3618,1.11656,0.488571,-0.441257,-0.0156429,0.0603571,-0.5
307,-0.289012,815.053,0.0018215,0.541667,0.25,0.148311,1.28918,0.260744,-0.00910647,2.94002,3.90184e-05,0.017976,0.309282,10296.8,0.765628,0.427748,-0.1,0.02,0.3,271.386,3.77242e+06,0.30931,0.017868,0.540238,0.0102061,-0.231677,0.815053,-0.12131,nan,nan,nan,nan,-0.010357,-0.0461852,-0.0165872,nan,-0.102004,-3.15789e-05,-0.064198,-0.281444,nan,-0.49842,-0.731356,-0.327148,-0.377811,1.15742,0.500632,-0.460358,-0.0156316,0.0772368,-0.5
308,-2.22429,808.789,0.000219796,0.458333,0.333333,0.146814,1.3021,0.236858,-0.00856,2.93894,3.90184e-05,0.0106522,0.309223,12819.5,0.623538,0.335002,-0.1,0.02,0.3,272.346,3.7847e+06,0.286547,0.01822,0.533359,0.00988844,-0.230769,0.808789,-0.118017,nan,nan,nan,nan,-0.0106555,-0.0460109,-0.0167951,nan,-0.101604,0,-0.0615503,-0.27962,nan,-0.493015,-0.720061,-0.327158,-0.381932,1.14134,0.498316,-0.457137,-0.0159158,0.0630921,-0.5
309,7.2898,1000,0.0079786,0.291667,0,0.147679,1.29797,0.265996,-0.00930273,2.93659,3.90184e-05,0.0138545,0.309178,11370.1,0.614099,0.466632,-0.1,0.02,0.3,273.428,3.79699e+06,0.432946,0.0212125,0.661126,0.0128568,-0.288325,1,-0.155186,nan,nan,nan,nan,-0.0127584,-0.0577635,-0.0215739,nan,-0.125512,0,-0.0746549,-0.339335,nan,-0.583186,-0.800656,-0.402965,-0.485614,1.43602,0.648,-0.553543,-0.0194571,0.0728571,nan
310,2.09657,871,-0.000347042,0.666667,0.333333,0.146817,1.31381,0.341335,-0.00890196,2.93513,3.90184e-05,0.0168291,0.309149,11174.5,0.725877,0.373773,-0.1,0.02,0.3,274.53,3.80928e+06,0.358529,0.0201144,0.583807,0.0109459,-0.24876,0.871,-0.129948,nan,nan,nan,nan,-0.0109242,-0.0480015,-0.0180792,nan,-0.109075,0,-0.0641136,-0.300531,nan,-0.513864,-0.735111,-0.348558,-0.40995,1.23818,0.557,-0.4888,-0.017675,0.0753125,-0.5
311,1.69029,921.905,0.00357498,0.708333,0.166667,0.145439,1.29388,0.330638,-0.00832726,2.93425,3.90184e-05,0.0184467,0.309129,12222.8,0.666661,0.338674,-0.1,0.02,0.3,275.537,3.82157e+06,0.332718,0.0192017,0.617867,0.0116275,-0.262956,0.921905,-0.140436,nan,nan,nan,nan,-0.0113908,-0.0501012,-0.0188336,nan,-0.115499,-2.85714e-05,-0.0660725,-0.314131,nan,-0.535144,-0.845656,-0.368439,-0.440657,1.32768,0.591429,-0.512971,-0.0192286,0.058869,-0.5
312,-1.58776,727.412,-0.00185883,0.291667,0.416667,0.14599,1.27337,0.402253,-0.0077694,2.93443,3.90184e-05,0.00774931,0.309168,12034.1,0.708144,0.312957,-0.1,0.02,0.3,276.56,3.83386e+06,0.306153,0.0173628,0.478012,0.00915843,-0.205603,0.727412,-0.108462,nan,nan,nan,nan,-0.00952769,-0.0399915,-0.0150096,nan,-0.0910109,0,-0.0550898,-0.251075,nan,-0.430695,-0.607681,-0.291999,-0.351,1.02984,0.470118,-0.413718,-0.0149647,0.0625,-0.5
313,0.597838,821.389,-0.000989939,0.416667,0.333333,0.15109,1.29623,0.494384,-0.0088627,2.93553,3.90184e-05,0.00939132,0.309172,15016.1,0.555141,0.263181,-0.1,0.02,0.3,277.38,3.84614e+06,0.344997,0.0174531,0.54295,0.0106709,-0.232985,0.821389,-0.124454,nan,nan,nan,nan,-0.0104882,-0.0460264,-0.0168812,nan,-0.103116,0,-0.059939,-0.280328,nan,-0.473309,-0.684107,-0.327675,-0.3901,1.167,0.518889,-0.4608,-0.0162333,0.0552083,-0.5
314,-1.6305,797.211,-0.00132114,0.458333,0.333333,0.153313,1.2926,0.464665,-0.00806455,2.93572,3.90184e-05,0.00924754,0.309195,14962.6,0.510539,0.31071,-0.1,0.02,0.3,278.202,3.85843e+06,0.298476,0.0191777,0.527101,0.0100023,-0.22851,0.797211,-0.116923,nan,nan,nan,nan,-0.0103021,-0.0449723,-0.0159904,nan,-0.100111,0,-0.0576979,-0.276061,nan,-0.488815,-0.700498,-0.319244,-0.374305,1.12131,0.498105,-0.452211,-0.0151579,0.0584211,-0.5
315,-2.4514,614.05,-0.00259038,0.375,0.458333,0.148291,1.28185,0.415868,-0.00972571,2.93649,3.90184e-05,0.0154279,0.309202,12223,0.666084,0.339232,-0.1,0.02,0.3,279.209,3.87072e+06,0.228002,0.0144257,0.407182,0.00833082,-0.174865,0.61405,-0.093529,nan,nan,nan,nan,-0.00812698,-0.0345962,-0.01307,nan,-0.0770841,0,-0.0480455,-0.214513,nan,-0.353999,-0.534537,-0.24672,-0.29268,0.882413,0.3898,-0.34704,-0.01128,0.0583125,-0.5
316,0.392456,639.059,0.000951892,0.375,0.333333,0.150527,1.29426,0.422293,-0.0087111,2.9366,3.90184e-05,0.0140728,0.309206,12527.9,0.65902,0.321833,-0.1,0.02,0.3,280.192,3.88301e+06,0.27527,0.0165964,0.422377,0.00775204,-0.181428,0.639059,-0.0964024,nan,nan,nan,nan,-0.00831895,-0.0379907,-0.0128934,nan,-0.0797321,0,-0.0505328,-0.214931,nan,-0.375288,-0.491885,-0.254173,-0.306953,0.91537,0.401412,-0.357953,-0.0134824,0.0590441,-0.5
317,2.49204,870.217,0.000994903,0.75,0.208333,0.147737,1.30585,0.425557,-0.0100668,2.93625,3.90184e-05,0.0173164,0.309184,13007.9,0.599593,0.345063,-0.1,0.02,0.3,281.138,3.8953e+06,0.360349,0.0208039,0.582238,0.0112678,-0.247312,0.870217,-0.127295,nan,nan,nan,nan,-0.0101641,-0.0452175,-0.0172294,nan,-0.108963,0,-0.0612675,-0.300067,nan,-0.539692,-0.711741,-0.347193,-0.418109,1.24294,0.531652,-0.487304,-0.017713,0.0530978,-0.5
318,-0.068497,795.462,-0.000299355,0.291667,0.25,0.149636,1.29218,0.307069,-0.00799216,2.93532,3.90184e-05,0.0160973,0.309153,13583.5,0.618137,0.286488,-0.1,0.02,0.3,282.044,3.90758e+06,0.317068,0.0163683,0.525006,0.0107675,-0.227529,0.795462,-0.118554,nan,nan,nan,nan,-0.0100197,-0.0426745,-0.0164614,nan,-0.0995905,0,-0.0616652,-0.276651,nan,-0.480589,-0.654043,-0.318353,-0.377377,1.1349,0.489538,-0.445108,-0.0144923,0.0813462,-0.5
319,0.94687,800,0.000599412,0.541667,0.291667,0.147187,1.30296,0.412491,-0.00956701,2.93376,3.90184e-05,0.0158169,0.309121,14686.3,0.502711,0.333987,-0.1,0.02,0.3,282.882,3.91987e+06,0.318679,0.0167719,0.530083,0.00971802,-0.227762,0.8,-0.117677,nan,nan,nan,nan,-0.00964086,-0.0429015,-0.0162924,nan,-0.100153,0,-0.0584989,-0.274736,nan,-0.50047,-0.636338,-0.319723,-0.379395,1.14076,0.5016,-0.4512,-0.01617,0.0556875,-0.5
320,0.441698,744.882,0.00119811,0.416667,0.291667,0.14544,1.28429,0.320798,-0.00919981,2.93258,3.90184e-05,0.012841,0.309081,12864.4,0.628442,0.326753,-0.1,0.02,0.3,283.839,3.93216e+06,0.340794,0.01638,0.490227,0.00883805,-0.212163,0.744882,-0.100884,nan,nan,nan,nan,-0.0087793,-0.0377312,-0.0140509,nan,-0.0932912,0,-0.0599045,-0.256015,nan,-0.491077,-0.565891,-0.297522,-0.3636,1.06235,0.419765,-0.415482,-0.0137294,0.0748529,-0.5
321,0.110438,793.4,0.00192276,0.25,0.166667,0.149513,1.26231,0.135107,-0.00923968,2.93035,3.90184e-05,0.00967419,0.308993,12906.4,0.619547,0.332542,-0.1,0.02,0.3,284.793,3.94445e+06,0.362736,0.0219507,0.514802,0.00948956,-0.225278,0.7934,-0.109031,nan,nan,nan,nan,-0.00980034,-0.0448907,-0.0150584,nan,-0.0990332,0,-0.0582022,-0.27687,nan,-0.538362,-0.611014,-0.316426,-0.38583,1.11122,0.4656,-0.4404,-0.0141,0.070625,-0.5
322,3.62524,951.1,0.00436004,0.375,0.0416667,0.151237,1.29047,0.212563,-0.00817132,2.92617,3.90184e-05,0.0121485,0.30889,13273.4,0.613175,0.312584,-0.1,0.02,0.3,285.72,3.95674e+06,0.344951,0.0222501,0.638896,0.0133008,-0.269921,0.9511,-0.142075,nan,nan,nan,nan,-0.0115705,-0.0509664,-0.0196925,nan,-0.119025,0,-0.0626632,-0.320809,nan,-0.537273,-0.866085,-0.377048,-0.44883,1.37168,0.594,-0.53532,-0.01914,0.0755,-0.5
323,-2.46069,770.154,0.000598699,0.291667,0.25,0.149543,1.28471,0.27933,-0.00794454,2.92333,3.90184e-05,0.01334,0.308852,14452.6,0.567238,0.28299,-0.1,0.02,0.3,286.571,3.96902e+06,0.279396,0.0168175,0.511449,0.0107877,-0.221629,0.770154,-0.115061,nan,nan,nan,nan,-0.00965802,-0.043092,-0.0155641,nan,-0.0967552,0,-0.053833,-0.261786,nan,-0.465692,-0.7065,-0.306892,-0.364846,1.09545,0.499385,-0.436154,-0.0144,0.0361538,-0.5
324,1.08893,845.833,0.00227725,0.333333,0.166667,0.151628,1.29441,0.25748,-0.00765341,2.92233,3.90184e-05,0.00843158,0.30883,15856.7,0.529667,0.245273,-0.1,0.02,0.3,287.348,3.98131e+06,0.343245,0.0198205,0.561313,0.0110736,-0.240118,0.845833,-0.126849,nan,nan,nan,nan,-0.0106254,-0.0466516,-0.0172105,nan,-0.105792,0,-0.0661665,-0.285225,nan,-0.508638,-0.717708,-0.33707,-0.415125,1.20523,0.535667,-0.4774,-0.0168,0.0703125,-0.5
325,-1.17818,714.167,0.000309662,0.25,0.25,0.151295,1.30623,0.27048,-0.00819283,2.9209,5.85277e-05,0.00444219,0.308772,14147,0.523378,0.345216,-0.1,0.02,0.3,288.218,3.9936e+06,0.258373,0.0176065,0.476844,0.00987478,-0.205338,0.714167,-0.110306,nan,nan,nan,nan,-0.00886644,-0.0358776,-0.0148282,nan,-0.0893843,0,-0.0583854,-0.243014,nan,-0.407073,-0.623953,-0.283638,-0.340875,1.03756,0.453,-0.3948,-0.01385,0.0538542,-0.5
326,-1.71649,718.091,0.000164145,0.25,0.208333,0.155901,1.2939,0.509552,-0.00960867,2.9185,5.85277e-05,0.0187311,0.308735,13262.3,0.623727,0.302808,-0.1,0.02,0.3,289.146,4.00589e+06,0.272121,0.0169367,0.467175,0.00923145,-0.205283,0.718091,-0.105925,nan,nan,nan,nan,-0.00938775,-0.0412123,-0.014424,nan,-0.0902555,0,-0.0592181,-0.24512,nan,-0.431392,-0.601051,-0.288852,-0.3411,1.02297,0.435273,-0.405709,-0.0149455,0.0535227,-0.5
327,0.135052,717.5,-4.94849e-05,0.458333,0.291667,0.152578,1.2962,0.331359,-0.00984572,2.91784,5.85277e-05,0.00992041,0.308713,12789.5,0.624655,0.336131,-0.1,0.02,0.3,290.108,4.01818e+06,0.306534,0.0182094,0.47747,0.00921047,-0.204015,0.7175,-0.106621,nan,nan,nan,nan,-0.00869185,-0.0370681,-0.0144687,nan,-0.0896371,0,-0.0537944,-0.242314,nan,-0.432543,-0.599632,-0.284869,-0.3439,1.01827,0.439333,-0.401733,-0.0149333,0.0488889,-0.5
328,1.82441,725.9,0.00188561,0.208333,0.208333,0.151253,1.25694,0.314758,-0.00979025,2.91633,5.85277e-05,0.0131929,0.308666,13285,0.616516,0.308435,-0.1,0.02,0.3,291.035,4.03046e+06,0.342582,0.0171253,0.482953,0.00927261,-0.207882,0.7259,-0.111788,nan,nan,nan,nan,-0.00912483,-0.0392616,-0.0150314,nan,-0.090748,0,-0.0599585,-0.245191,nan,-0.418576,-0.539673,-0.288765,-0.34434,1.03463,0.472,-0.41364,-0.01464,0.055375,-0.5
329,-0.250531,787.417,0.00219957,0.291667,0.208333,0.147526,1.30045,0.266369,-0.0101691,2.91387,5.85277e-05,0.0145923,0.308578,14385.3,0.58162,0.272587,-0.1,0.02,0.3,291.89,4.04275e+06,0.287074,0.0187969,0.51608,0.0107805,-0.223558,0.787417,-0.11657,nan,nan,nan,nan,-0.00946748,-0.0403173,-0.0159831,nan,-0.0983197,0,-0.0586082,-0.268207,nan,-0.468079,-0.66841,-0.309506,-0.3786,1.14226,0.483,-0.4417,-0.01405,0.0617708,-0.5
330,2.76894,906,0.00223565,0.583333,0.166667,0.146173,1.29854,0.163853,-0.00836581,2.91117,5.85277e-05,0.0134947,0.30855,15575.9,0.536438,0.252472,-0.1,0.02,0.3,292.68,4.05504e+06,0.328444,0.0244322,0.604469,0.0116617,-0.25759,0.906,-0.135809,nan,nan,nan,nan,-0.0109878,-0.0482856,-0.0182972,nan,-0.113338,0,-0.0709129,-0.30272,nan,-0.543936,-0.744993,-0.361014,-0.42585,1.30543,0.565333,-0.506667,-0.0188,0.0629861,-0.5
331,3.69846,940.778,0.00430429,0.291667,0.0833333,0.147405,1.28825,0.249206,-0.00981071,2.91013,5.85277e-05,0.00931479,0.308506,16357.8,0.503037,0.248164,-0.1,0.02,0.3,293.433,4.06733e+06,0.384977,0.0201122,0.617549,0.0134498,-0.266792,0.940778,-0.139667,nan,nan,nan,nan,-0.0114232,-0.0529641,-0.0193722,nan,-0.117756,0,-0.0653307,-0.32023,nan,-0.568896,-0.797486,-0.374031,-0.4492,1.34677,0.594222,-0.517467,-0.0176,0.0963889,-0.5
332,-0.441943,829,0.00321289,0.416667,0.208333,0.149417,1.29026,0.157352,-0.00920779,2.90729,5.85277e-05,0.0176328,0.308404,16302.4,0.507079,0.246675,-0.1,0.02,0.3,294.188,4.07962e+06,0.261542,0.0201402,0.541768,0.0103525,-0.236591,0.829,-0.125413,nan,nan,nan,nan,-0.0102257,-0.0456062,-0.0171817,nan,-0.103757,0,-0.0646066,-0.279791,nan,-0.499833,-0.737372,-0.330056,-0.39156,1.19332,0.5224,-0.46112,-0.01676,0.0859167,-0.5
333,3.52758,853.273,0.00547569,0.375,0.0833333,0.144108,1.28019,0.218279,-0.00977195,2.90368,5.85277e-05,0.0164282,0.308352,16356.9,0.508692,0.24255,-0.1,0.02,0.3,294.941,4.0919e+06,0.340594,0.0218537,0.562517,0.0113493,-0.243273,0.853273,-0.129978,nan,nan,nan,nan,-0.0102685,-0.0455093,-0.0172505,nan,-0.106845,0,-0.0666428,-0.292268,nan,-0.508453,-0.666701,-0.340351,-0.4122,1.21609,0.519273,-0.472364,-0.0180545,0.0725,-0.5
334,0.527251,797,0.00490427,0.25,0.208333,0.145591,1.27535,0.201362,-0.00981919,2.90271,5.85277e-05,0.0122371,0.30834,16380.7,0.505998,0.244153,-0.1,0.02,0.3,295.692,4.10419e+06,0.295881,0.0222886,0.535745,0.00994697,-0.226539,0.797,-0.118633,nan,nan,nan,nan,-0.00944369,-0.0407653,-0.0160659,nan,-0.099584,0,-0.0615476,-0.266534,nan,-0.490233,-0.606408,-0.316626,-0.377918,1.13545,0.489818,-0.444873,-0.0164182,0.0590909,-0.5
335,-0.247961,871.385,0.00448746,0.375,0.166667,0.145517,1.29252,0.29392,-0.00924947,2.90219,5.85277e-05,0.0152149,0.308328,15604.1,0.544265,0.24322,-0.1,0.02,0.3,296.481,4.11648e+06,0.339254,0.0188636,0.577372,0.0120735,-0.245213,0.871385,-0.132209,nan,nan,nan,nan,-0.0109005,-0.0505946,-0.0176514,nan,-0.108814,0,-0.0636792,-0.293614,nan,-0.490495,-0.830757,-0.346061,-0.428954,1.23753,0.549231,-0.4884,-0.0186462,0.0617308,-0.5
336,0.209235,776.714,0.000215197,0.291667,0.291667,0.148262,1.32072,0.398039,-0.00996914,2.90126,5.85277e-05,0.0197355,0.3083,16391.3,0.500271,0.249393,-0.1,0.02,0.3,297.232,4.12877e+06,0.329692,0.0170203,0.516845,0.00998186,-0.219551,0.776714,-0.118662,nan,nan,nan,nan,-0.00975038,-0.0428014,-0.0162983,nan,-0.0968426,0,-0.0621863,-0.260508,nan,-0.446431,-0.640988,-0.306997,-0.377293,1.11007,0.496,-0.429,-0.0153429,0.0467857,-0.5
337,1.80946,816,0.00291108,0.583333,0.25,0.149225,1.28699,0.238822,-0.010134,2.89964,5.85277e-05,0.0109955,0.30824,16330,0.508299,0.244182,-0.1,0.02,0.3,297.986,4.14106e+06,0.342847,0.0209671,0.539623,0.00996188,-0.231653,0.816,-0.118383,nan,nan,nan,nan,-0.00978297,-0.0438838,-0.0160348,nan,-0.102049,-6e-05,-0.0626438,-0.276574,nan,-0.511649,-0.679846,-0.323593,-0.38718,1.18018,0.4964,-0.4524,-0.01602,0.06625,-0.5
338,0.9598,802.778,0.00120356,0.5,0.25,0.146827,1.27958,0.475765,-0.00993314,2.89679,5.85277e-05,0.0155793,0.308167,16385.5,0.503037,0.246896,-0.1,0.02,0.3,298.737,4.15334e+06,0.290002,0.0219121,0.534236,0.0116396,-0.228114,0.802778,-0.125651,nan,nan,nan,nan,-0.00986083,-0.0432412,-0.0169988,nan,-0.100234,0,-0.0601356,-0.268068,nan,-0.443484,-0.732381,-0.317836,-0.38305,1.17092,0.516889,-0.4492,-0.0162333,0.0607639,-0.5
339,2.13378,938.3,0.00241214,0.625,0.208333,0.146904,1.29608,0.296522,-0.00890395,2.89553,5.85277e-05,0.00930262,0.308197,15911.1,0.501407,0.270886,-0.1,0.02,0.3,299.511,4.16563e+06,0.353928,0.0210357,0.623341,0.0124662,-0.265109,0.9383,-0.138616,nan,nan,nan,nan,-0.0116236,-0.052798,-0.0191435,nan,-0.116904,0,-0.0773828,-0.315317,nan,-0.556904,-0.824212,-0.371737,-0.446445,1.34348,0.605,-0.52044,-0.01779,0.0685625,-0.5
340,1.13179,812.667,0.00291214,0.416667,0.208333,0.148612,1.31252,0.314122,-0.00882055,2.89679,5.85277e-05,0.0171671,0.308205,16072.1,0.517754,0.246803,-0.1,0.02,0.3,300.276,4.17792e+06,0.303025,0.019111,0.545972,0.0117846,-0.230072,0.812667,-0.124309,nan,nan,nan,nan,-0.0097407,-0.0427879,-0.0164985,nan,-0.101339,0,-0.061195,-0.272204,nan,-0.466814,-0.710812,-0.319748,-0.39282,1.1734,0.5072,-0.44872,-0.01668,0.0638333,-0.5
341,5.72793,933.105,0.00314743,0.666667,0.125,0.152755,1.31481,0.255587,-0.00971892,2.89639,5.85277e-05,0.0123372,0.308185,16281.1,0.512898,0.241843,-0.1,0.02,0.3,301.033,4.19021e+06,0.438433,0.0220355,0.622579,0.012276,-0.266244,0.933105,-0.137971,nan,nan,nan,nan,-0.0109894,-0.0498429,-0.0187213,nan,-0.116463,-6.31579e-05,-0.0723955,-0.313672,nan,-0.573454,-0.723052,-0.369511,-0.448437,1.34459,0.565684,-0.521179,-0.0186,0.0672368,-0.5
342,-0.522386,702.875,-0.0015695,0.333333,0.333333,0.150189,1.3087,0.380847,-0.0102125,2.89547,5.85277e-05,0.0142663,0.308163,16015.6,0.506603,0.26065,-0.1,0.02,0.3,301.801,4.2025e+06,0.291659,0.0194441,0.461684,0.00885981,-0.198154,0.702875,-0.104963,nan,nan,nan,nan,-0.00864277,-0.0387424,-0.0142902,nan,-0.0875196,0,-0.0585508,-0.232499,nan,-0.430125,-0.552116,-0.277501,-0.342619,1.01726,0.43175,-0.395325,-0.0139125,0.0453125,-0.5
343,6.73731,828.333,0.00469576,0.291667,0.0833333,0.15142,1.30011,0.395507,-0.00837573,2.89538,5.85277e-05,0.0153279,0.308188,15839.8,0.537654,0.238111,-0.1,0.02,0.3,302.579,4.21478e+06,0.38205,0.0223899,0.548603,0.010694,-0.233316,0.828333,-0.126406,nan,nan,nan,nan,-0.0103785,-0.0469656,-0.0173042,nan,-0.103156,0,-0.0662177,-0.274829,nan,-0.476519,-0.619492,-0.326443,-0.3897,1.19111,0.552,-0.463067,-0.0149333,0.0815278,-0.5
344,1.26344,762.556,-7.70713e-05,0.333333,0.416667,0.147454,1.3109,0.420202,-0.00971603,2.89539,5.85277e-05,0.011748,0.308149,16183.9,0.518497,0.240775,-0.1,0.02,0.3,303.339,4.22707e+06,0.338607,0.018018,0.498824,0.0110821,-0.215994,0.762556,-0.114418,nan,nan,nan,nan,-0.00958219,-0.0423628,-0.015595,nan,-0.095337,0,-0.0584339,-0.257027,nan,-0.427351,-0.604281,-0.302263,-0.3634,1.09669,0.488889,-0.4248,-0.0145333,0.0716667,-0.5
345,-1.25875,603.75,0.00328023,0.166667,0.166667,0.151603,1.31569,0.3348,-0.00981488,2.89318,5.85277e-05,0.013221,0.308087,16256.8,0.512668,0.2432,-0.1,0.02,0.3,304.096,4.23936e+06,0.258878,0.0147393,0.397686,0.00801254,-0.17027,0.60375,-0.08673,nan,nan,nan,nan,-0.00703281,-0.0299064,-0.0112816,nan,-0.0754311,0,-0.0532428,-0.205076,nan,-0.400523,-0.434913,-0.239127,-0.2952,0.878413,0.3595,-0.34065,-0.01125,0.0267187,-0.5
346,-0.116191,711.778,0.00262661,0.125,0.25,0.146405,1.33428,0.385254,-0.0104226,2.89201,5.85277e-05,0.0100994,0.30812,16598.9,0.500052,0.240239,-0.1,0.02,0.3,304.838,4.25165e+06,0.344348,0.0189648,0.463398,0.00972128,-0.201415,0.711778,-0.11017,nan,nan,nan,nan,-0.00934282,-0.0399148,-0.0147961,nan,-0.0886419,0,-0.0577688,-0.240524,nan,-0.40412,-0.516192,-0.282391,-0.3551,1.00419,0.464444,-0.404667,-0.0138667,0.0495833,-0.5
347,-0.790339,746.609,-0.00163349,0.5,0.458333,0.146115,1.30204,0.401561,-0.00921367,2.89428,5.85277e-05,0.0113188,0.308196,16135.2,0.509433,0.252132,-0.1,0.02,0.3,305.601,4.26394e+06,0.27886,0.0171174,0.491071,0.0104388,-0.208082,0.746609,-0.107866,nan,nan,nan,nan,-0.00910689,-0.0398234,-0.0150426,nan,-0.0932049,0,-0.0575047,-0.25067,nan,-0.458196,-0.601911,-0.294684,-0.35953,1.05824,0.462957,-0.422035,-0.0141652,0.0661413,-0.5
348,1.29193,725.6,0.0013593,0.333333,0.291667,0.14868,1.3079,0.377156,-0.0106085,2.89639,5.85277e-05,0.0174906,0.308223,16443.2,0.498922,0.248377,-0.1,0.02,0.3,306.35,4.27622e+06,0.312736,0.0150174,0.478196,0.0101756,-0.206037,0.7256,-0.113623,nan,nan,nan,nan,-0.00904962,-0.0399125,-0.0151032,nan,-0.0907186,-4e-05,-0.0509282,-0.241188,nan,-0.406589,-0.59028,-0.286533,-0.35292,1.04554,0.472533,-0.40192,-0.01444,0.0574167,-0.5
349,2.21696,786.214,0.00337912,0.333333,0.25,0.148065,1.27136,0.26928,-0.00987898,2.89722,5.85277e-05,0.0189171,0.308239,16245.5,0.506384,0.250008,-0.1,0.02,0.3,307.107,4.28851e+06,0.351046,0.0158848,0.519671,0.0107732,-0.220612,0.786214,-0.119971,nan,nan,nan,nan,-0.00950085,-0.042557,-0.0161333,nan,-0.0981097,0,-0.0558722,-0.258072,nan,-0.468634,-0.612677,-0.31037,-0.392336,1.13916,0.503143,-0.438086,-0.0147,0.056875,-0.5
350,0.18051,903.25,0.00212156,0.583333,0.25,0.144261,1.27614,0.251124,-0.00908278,2.89739,5.85277e-05,0.00836749,0.308235,16390.2,0.50178,0.247938,-0.1,0.02,0.3,307.858,4.3008e+06,0.314878,0.0193776,0.589378,0.0124389,-0.255407,0.90325,-0.130294,nan,nan,nan,nan,-0.0111059,-0.049386,-0.0182889,nan,-0.113088,0,-0.0695131,-0.309134,nan,-0.539369,-0.786471,-0.359734,-0.43461,1.27855,0.5586,-0.5052,-0.01647,0.080625,-0.5
351,1.43891,760.882,0.00132859,0.416667,0.291667,0.149042,1.31108,0.395558,-0.00950929,2.89752,5.85277e-05,0.0116219,0.308256,16370.3,0.505238,0.245392,-0.1,0.02,0.3,308.61,4.31309e+06,0.319795,0.016061,0.498524,0.0102806,-0.215433,0.760882,-0.116139,nan,nan,nan,nan,-0.00931652,-0.0422555,-0.0157854,nan,-0.0952289,0,-0.0588108,-0.256913,nan,-0.448055,-0.593923,-0.301395,-0.363653,1.07801,0.495765,-0.4272,-0.0151059,0.0577206,-0.5
352,1.50764,850.947,0.00431879,0.583333,0.208333,0.147209,1.29292,0.293815,-0.00950908,2.89789,5.85277e-05,0.00858285,0.308255,16359.6,0.499404,0.251716,-0.1,0.02,0.3,309.363,4.32538e+06,0.296308,0.0209834,0.56122,0.0116559,-0.239332,0.850947,-0.131017,nan,nan,nan,nan,-0.0103786,-0.0460147,-0.0177271,nan,-0.106073,-3.15789e-05,-0.0649414,-0.281652,nan,-0.483217,-0.754719,-0.335638,-0.405711,1.22147,0.545474,-0.476653,-0.0166105,0.0686184,-0.5
353,5.75058,916.952,0.00276445,0.666667,0.208333,0.149519,1.31333,0.294859,-0.0109077,2.89729,5.85277e-05,0.0159734,0.308225,16308.3,0.50517,0.24831,-0.1,0.02,0.3,310.117,4.33766e+06,0.403191,0.0206813,0.60397,0.0109295,-0.25869,0.916952,-0.138927,nan,nan,nan,nan,-0.0113557,-0.0500086,-0.018952,nan,-0.11471,0,-0.0787484,-0.312814,nan,-0.553213,-0.653134,-0.365076,-0.447257,1.30518,0.59181,-0.509543,-0.0187714,0.0850595,-0.5
354,4.02228,857.923,0.00537205,0.416667,0.125,0.145688,1.30813,0.269981,-0.0097018,2.89538,5.85277e-05,0.0100117,0.30815,16378.8,0.501444,0.248796,-0.1,0.02,0.3,310.869,4.34995e+06,0.365595,0.0216588,0.56387,0.0111673,-0.241263,0.857923,-0.124121,nan,nan,nan,nan,-0.0104356,-0.0467353,-0.0170429,nan,-0.107069,0,-0.069942,-0.285279,nan,-0.537615,-0.649283,-0.340422,-0.4122,1.22134,0.525538,-0.481662,-0.0167538,0.0892308,-0.5
355,1.85459,817.706,0.00478965,0.541667,0.166667,0.145241,1.29627,0.178835,-0.00921665,2.89222,5.85277e-05,0.0149833,0.308072,15852.9,0.526931,0.248193,-0.1,0.02,0.3,311.645,4.36224e+06,0.287246,0.0188167,0.533464,0.0107433,-0.230387,0.817706,-0.120756,nan,nan,nan,nan,-0.00985252,-0.0458492,-0.0164672,nan,-0.102042,-1.76471e-05,-0.0627032,-0.273224,nan,-0.488897,-0.659471,-0.320984,-0.398171,1.1739,0.498588,-0.454588,-0.0162353,0.0695588,-0.5
356,1.94487,791.529,0.00262428,0.5,0.208333,0.148249,1.30346,0.184692,-0.00915491,2.88947,5.85277e-05,0.00937579,0.308007,16077.1,0.49816,0.266155,-0.1,0.02,0.3,312.411,4.37453e+06,0.30321,0.0202704,0.514116,0.0103861,-0.224168,0.791529,-0.119157,nan,nan,nan,nan,-0.0100265,-0.0446651,-0.0161056,nan,-0.0987522,0,-0.0621895,-0.265673,nan,-0.452075,-0.669657,-0.312505,-0.377576,1.13801,0.501647,-0.447106,-0.0152118,0.08,-0.5
357,3.09659,875.909,0.00241369,0.708333,0.208333,0.149348,1.28649,0.316333,-0.0101833,2.88707,5.85277e-05,0.0148933,0.307968,16313.1,0.508738,0.244521,-0.1,0.02,0.3,313.166,4.38682e+06,0.353171,0.0214959,0.57692,0.0104602,-0.247645,0.875909,-0.126601,nan,nan,nan,nan,-0.0103348,-0.0482109,-0.0167781,nan,-0.109374,0,-0.0687341,-0.294296,nan,-0.555621,-0.645546,-0.346811,-0.434291,1.2506,0.526727,-0.487036,-0.0164455,0.0609091,-0.5
358,0.889666,681.818,-0.00203452,0.458333,0.458333,0.149832,1.28502,0.454698,-0.00989455,2.887,5.85277e-05,0.00838018,0.307998,16395.5,0.506606,0.242868,-0.1,0.02,0.3,313.917,4.3991e+06,0.292099,0.0167773,0.436914,0.00882725,-0.191283,0.681818,-0.102239,nan,nan,nan,nan,-0.00877521,-0.0387401,-0.0143829,nan,-0.0849631,0,-0.0546879,-0.227158,nan,-0.394138,-0.533389,-0.267777,-0.330382,0.972392,0.437273,-0.375818,-0.0126,0.0847159,-0.5
359,3.28457,888.083,0.00362143,0.791667,0.208333,0.149941,1.281,0.365755,-0.00956374,2.8879,5.85277e-05,0.011496,0.308006,16398.5,0.499903,0.249433,-0.1,0.02,0.3,314.667,4.41139e+06,0.344098,0.0198993,0.583485,0.0114352,-0.24983,0.888083,-0.132039,nan,nan,nan,nan,-0.0110321,-0.0506753,-0.0180278,nan,-0.110955,-1.25e-05,-0.0704648,-0.300639,nan,-0.53994,-0.717504,-0.352744,-0.4254,1.26907,0.560833,-0.4976,-0.017325,0.0856771,-0.5
360,2.67893,789.5,0.00390505,0.375,0.208333,0.148776,1.27358,0.296284,-0.0104767,2.88714,5.85277e-05,0.0114415,0.307951,16375.1,0.502881,0.247526,-0.1,0.02,0.3,315.419,4.42368e+06,0.365166,0.0182582,0.521081,0.0102175,-0.223349,0.7895,-0.123633,nan,nan,nan,nan,-0.0096942,-0.04285,-0.0164216,nan,-0.0987001,0,-0.0595426,-0.267259,nan,-0.46465,-0.612996,-0.313534,-0.383657,1.12921,0.504,-0.441857,-0.0164143,0.0496429,-0.5
361,1.58155,774.059,0.00275489,0.458333,0.25,0.148663,1.2946,0.226332,-0.0105218,2.88537,5.85277e-05,0.0153818,0.307949,14897.1,0.509389,0.315469,-0.1,0.02,0.3,316.245,4.43597e+06,0.324738,0.0173635,0.505821,0.00957314,-0.218284,0.774059,-0.113254,nan,nan,nan,nan,-0.00961951,-0.0428673,-0.0156472,nan,-0.0966144,-3.52941e-05,-0.0596079,-0.261149,nan,-0.484263,-0.579799,-0.306547,-0.383188,1.10451,0.476,-0.433341,-0.0153882,0.0630882,-0.5
362,4.81788,861.1,0.00791227,0.333333,0.0833333,0.149063,1.30227,0.148957,-0.00962108,2.88546,5.85277e-05,0.0115547,0.307922,11750.9,0.643148,0.402557,-0.1,0.02,0.3,317.293,4.44826e+06,0.372724,0.0216805,0.55811,0.0109183,-0.241296,0.8611,-0.120761,nan,nan,nan,nan,-0.0107518,-0.050046,-0.0170917,nan,-0.107873,0,-0.0629587,-0.293064,nan,-0.520507,-0.649248,-0.341855,-0.42417,1.23595,0.5252,-0.48876,-0.01578,0.099375,-0.5
363,3.07713,824.375,0.00651897,0.25,0.0833333,0.146414,1.30515,0.122942,-0.00996286,2.88292,5.85277e-05,0.0135115,0.307829,12907.9,0.631635,0.320341,-0.1,0.02,0.3,318.246,4.46054e+06,0.353145,0.0197821,0.549765,0.0104623,-0.23124,0.824375,-0.115793,nan,nan,nan,nan,-0.00956629,-0.0421806,-0.0159871,nan,-0.102867,0,-0.0648563,-0.271794,nan,-0.530146,-0.659916,-0.325309,-0.39465,1.17661,0.516,-0.45975,-0.0141,0.066875,-0.5
364,1.98829,816.571,0.00462232,0.125,0.166667,0.146949,1.27447,0.279906,-0.0104978,2.8801,5.85277e-05,0.015191,0.307797,13017.1,0.625745,0.318241,-0.1,0.02,0.3,319.191,4.47283e+06,0.365598,0.0191836,0.522749,0.0108331,-0.231403,0.816571,-0.122039,nan,nan,nan,nan,-0.0104812,-0.045709,-0.0168736,nan,-0.102037,-4.28571e-05,-0.0603685,-0.276468,nan,-0.47101,-0.595422,-0.321415,-0.4005,1.17931,0.528,-0.450171,-0.0158571,0.0626786,-0.5
365,4.08308,867.211,0.00512466,0.583333,0.208333,0.148585,1.30278,0.313565,-0.0100026,2.87928,5.85277e-05,0.0142828,0.307778,14272.6,0.563945,0.297002,-0.1,0.02,0.3,320.054,4.48512e+06,0.36018,0.0215222,0.564375,0.0110168,-0.241955,0.867211,-0.125882,nan,nan,nan,nan,-0.0106831,-0.0489477,-0.0175518,nan,-0.108407,0,-0.0666208,-0.288755,nan,-0.53501,-0.65575,-0.342942,-0.427074,1.23552,0.549263,-0.48,-0.0166737,0.0928947,-0.5
366,-4.82637,743.154,0.00181105,0.166667,0.375,0.144682,1.3031,0.391745,-0.00904174,2.87869,5.85277e-05,0.0163483,0.307791,13495.7,0.590175,0.320335,-0.1,0.02,0.3,320.965,4.49741e+06,0.280922,0.0166307,0.472009,0.00964901,-0.21054,0.743154,-0.101595,nan,nan,nan,nan,-0.00948321,-0.041507,-0.0144525,nan,-0.0930985,0,-0.0565608,-0.248316,nan,-0.488327,-0.611869,-0.297916,-0.370454,1.05491,0.425538,-0.418985,-0.0134308,0.0785577,-0.5
367,3.23448,821.214,0.00491438,0.375,0.208333,0.14752,1.28174,0.454637,-0.010412,2.87975,5.85277e-05,0.0174204,0.307809,12988.8,0.623514,0.322533,-0.1,0.02,0.3,321.913,4.5097e+06,0.335093,0.0169994,0.542585,0.0105052,-0.228577,0.821214,-0.127559,nan,nan,nan,nan,-0.0101428,-0.0455337,-0.017526,nan,-0.102077,0,-0.0653763,-0.27409,nan,-0.47251,-0.656701,-0.321189,-0.3879,1.17181,0.541429,-0.455829,-0.0172714,0.0829464,-0.5
368,-0.746747,672.053,0.00116203,0.416667,0.375,0.146284,1.29734,0.879276,-0.0104383,2.88008,5.85277e-05,0.0127987,0.307835,12388.4,0.641565,0.350331,-0.1,0.02,0.3,322.906,4.52198e+06,0.232793,0.016066,0.44418,0.00942658,-0.188365,0.672053,-0.101883,nan,nan,nan,nan,-0.00818613,-0.0353684,-0.0137859,nan,-0.0835167,0,-0.0471494,-0.22226,nan,-0.397173,-0.566085,-0.262616,-0.314195,0.96547,0.433684,-0.368842,-0.0140842,0.0493421,-0.5
369,-4.0701,619.833,-0.00237097,0.25,0.5,0.146289,1.32056,0.397396,-0.00992286,2.88101,5.85277e-05,0.016147,0.307825,13542,0.617275,0.290125,-0.1,0.02,0.3,323.815,4.53427e+06,0.204345,0.0157388,0.404515,0.00806884,-0.175023,0.619833,-0.0890111,nan,nan,nan,nan,-0.00749791,-0.0310481,-0.0121174,nan,-0.0775139,-0.0002,-0.0476969,-0.20644,nan,-0.404301,-0.482905,-0.244924,-0.29435,0.89135,0.365556,-0.343267,-0.0112,0.0479167,-0.5
370,-1.0506,824.727,0.00504795,0.291667,0.166667,0.150879,1.2989,0.367095,-0.00872034,2.87995,5.85277e-05,0.0172084,0.307812,13189,0.574736,0.356952,-0.1,0.02,0.3,324.748,4.54656e+06,0.270747,0.0204497,0.529748,0.0119564,-0.231908,0.824727,-0.11958,nan,nan,nan,nan,-0.0104134,-0.0456829,-0.0164832,nan,-0.10283,0,-0.0653774,-0.273827,nan,-0.475803,-0.730373,-0.326293,-0.3933,1.18119,0.494545,-0.465491,-0.0161455,0.0694318,-0.5
371,-1.78062,691,-0.000471227,0.25,0.416667,0.152435,1.31696,0.41686,-0.00960352,2.88039,5.85277e-05,0.0160538,0.307853,12075.1,0.654954,0.36268,-0.1,0.02,0.3,325.768,4.55885e+06,0.257611,0.0172678,0.443296,0.010361,-0.19476,0.691,-0.104062,nan,nan,nan,nan,-0.00882438,-0.0388174,-0.0142549,nan,-0.0860783,-0.00013125,-0.0545947,-0.225868,nan,-0.381017,-0.572728,-0.271795,-0.33345,0.985616,0.4555,-0.387825,-0.0139125,0.0509375,-0.5
372,3.03963,779.4,0.000223674,0.5,0.333333,0.1491,1.30462,0.536343,-0.0104234,2.88271,5.85277e-05,0.0140001,0.307929,12554.5,0.629327,0.349449,-0.1,0.02,0.3,326.748,4.57114e+06,0.345449,0.0182337,0.516211,0.0108535,-0.219943,0.7794,-0.119174,nan,nan,nan,nan,-0.00971108,-0.0419289,-0.0161462,nan,-0.0973151,0,-0.0576668,-0.265443,nan,-0.44411,-0.5958,-0.308524,-0.370215,1.10885,0.494,-0.43356,-0.01623,0.07475,-0.5
373,-4.03644,641.5,0.00251701,0.125,0.291667,0.147635,1.34097,0.410382,-0.010186,2.88423,5.85277e-05,0.0180795,0.307912,11626.8,0.643474,0.413398,-0.1,0.02,0.3,327.806,4.58342e+06,0.240102,0.0163087,0.417931,0.00855929,-0.179768,0.6415,-0.090969,nan,nan,nan,nan,-0.00868695,-0.0364271,-0.0126405,nan,-0.0798823,0,-0.0495618,-0.212561,nan,-0.409258,-0.516049,-0.252351,-0.29655,0.912256,0.3692,-0.35652,-0.01008,0.053625,-0.5
374,0.108065,756.158,0.00106574,0.458333,0.333333,0.148009,1.3134,0.292281,-0.0104404,2.88263,5.85277e-05,0.0132852,0.307862,13540.5,0.572771,0.33473,-0.1,0.02,0.3,328.716,4.59571e+06,0.267866,0.0210189,0.494982,0.0102239,-0.211913,0.756158,-0.114605,nan,nan,nan,nan,-0.00952764,-0.0408192,-0.0157166,nan,-0.0942382,0,-0.0565856,-0.250559,nan,-0.431374,-0.617658,-0.298274,-0.380321,1.0792,0.489053,-0.421516,-0.0144,0.0549342,-0.5
375,0.679952,728.8,0.00215067,0.166667,0.25,0.15059,1.30315,0.343501,-0.0103361,2.88043,5.85277e-05,0.0132332,0.307802,12470.5,0.629421,0.355946,-0.1,0.02,0.3,329.703,4.608e+06,0.291647,0.0185746,0.476947,0.01085,-0.203742,0.7288,-0.1038,nan,nan,nan,nan,-0.00869293,-0.0372035,-0.0143178,nan,-0.0905763,-0.00012,-0.0572269,-0.242102,nan,-0.419461,-0.563938,-0.284767,-0.34821,1.04941,0.4592,-0.40452,-0.01338,0.090625,-0.5
376,-0.341615,684.091,0.00236385,0.166667,0.291667,0.153178,1.3021,0.471392,-0.0091675,2.8794,5.85277e-05,0.0166226,0.307829,12710.2,0.631886,0.334896,-0.1,0.02,0.3,330.671,4.62029e+06,0.290914,0.017307,0.45265,0.00940103,-0.194934,0.684091,-0.108595,nan,nan,nan,nan,-0.00859513,-0.0359263,-0.0145816,nan,-0.0854571,0,-0.0473096,-0.233629,nan,-0.386009,-0.542524,-0.272213,-0.328991,0.989834,0.447636,-0.381491,-0.0130909,0.0626136,-0.5
377,-0.344206,789.533,0.00183941,0.291667,0.333333,0.148713,1.32772,0.340597,-0.00984282,2.87993,5.85277e-05,0.0119707,0.307793,12915.8,0.624633,0.326757,-0.1,0.02,0.3,331.624,4.63258e+06,0.287341,0.0196973,0.506038,0.0110409,-0.222526,0.789533,-0.116499,nan,nan,nan,nan,-0.010457,-0.0447046,-0.0163259,nan,-0.0984663,-2e-05,-0.0662505,-0.26338,nan,-0.447223,-0.629754,-0.311454,-0.38202,1.1064,0.500533,-0.4448,-0.015,0.09775,-0.5
378,4.22562,815.81,0.00180984,0.541667,0.333333,0.150597,1.27583,0.449087,-0.0102618,2.87843,5.85277e-05,0.0163217,0.307788,15314,0.549512,0.252893,-0.1,0.02,0.3,332.428,4.64486e+06,0.342169,0.0209523,0.528157,0.0115207,-0.229053,0.81581,-0.116805,nan,nan,nan,nan,-0.0104485,-0.0455711,-0.0165817,nan,-0.101687,-1.42857e-05,-0.0638196,-0.271957,nan,-0.473863,-0.563064,-0.322169,-0.397157,1.1682,0.507238,-0.452457,-0.0151429,0.0875,-0.5
379,1.56943,774.81,0.000231485,0.416667,0.458333,0.148004,1.32439,0.44036,-0.0108296,2.87886,5.85277e-05,0.0185137,0.307807,11197.4,0.590171,0.507225,-0.1,0.02,0.3,333.527,4.65715e+06,0.336628,0.0195816,0.506862,0.00948023,-0.218744,0.77481,-0.110861,nan,nan,nan,nan,-0.0096598,-0.0414858,-0.0155286,nan,-0.0968069,-1.42857e-05,-0.0598066,-0.255409,nan,-0.478567,-0.537787,-0.305809,-0.383486,1.09858,0.475048,-0.429829,-0.0149143,0.0780952,-0.5
380,1.15122,820.105,0.00454576,0.541667,0.25,0.146577,1.3191,0.413227,-0.00908629,2.88031,5.85277e-05,0.0170849,0.307875,9558.53,0.842489,0.443065,-0.1,0.02,0.3,334.815,4.66944e+06,0.30643,0.0198243,0.535941,0.0115324,-0.230366,0.820105,-0.117425,nan,nan,nan,nan,-0.0100593,-0.0460454,-0.0164079,nan,-0.102673,0,-0.0542197,-0.272504,nan,-0.503068,-0.667331,-0.324881,-0.396047,1.17101,0.493263,-0.456189,-0.0157579,0.0703289,-0.5
381,-1.44968,618.5,-0.000770877,0.375,0.458333,0.146374,1.29652,0.436372,-0.010027,2.8825,5.85277e-05,0.0139257,0.307882,11407.2,0.697641,0.37957,-0.1,0.02,0.3,335.895,4.68173e+06,0.248956,0.0149317,0.400431,0.0096657,-0.173819,0.6185,-0.095918,nan,nan,nan,nan,-0.00803169,-0.0349393,-0.0127796,nan,-0.0774105,0,-0.0411878,-0.209779,nan,-0.346889,-0.496284,-0.24446,-0.308925,0.880395,0.3904,-0.34164,-0.01245,0.04375,-0.5
382,-0.580169,660.056,-0.000266929,0.333333,0.416667,0.145893,1.29989,0.447464,-0.0105549,2.88145,5.85277e-05,0.0109906,0.307853,11669.6,0.674272,0.378717,-0.1,0.02,0.3,336.95,4.69402e+06,0.237063,0.0155864,0.426988,0.0105665,-0.188052,0.660056,-0.0995139,nan,nan,nan,nan,-0.00841979,-0.0358746,-0.0137161,nan,-0.0824017,0,-0.0504493,-0.216318,nan,-0.358384,-0.512547,-0.261515,-0.32095,0.951461,0.415556,-0.368133,-0.0114,0.0591667,-0.5
383,2.18421,829.571,0.00488291,0.375,0.208333,0.147939,1.29342,0.342592,-0.010045,2.8806,5.85277e-05,0.0182843,0.307825,10537.5,0.712744,0.453379,-0.1,0.02,0.3,338.117,4.7063e+06,0.310088,0.0187732,0.53947,0.0113181,-0.236283,0.829571,-0.122356,nan,nan,nan,nan,-0.0101026,-0.0450075,-0.0166502,nan,-0.103928,0,-0.0593459,-0.275201,nan,-0.495315,-0.620116,-0.329669,-0.416121,1.18729,0.512,-0.460114,-0.0155143,0.085,-0.5
384,1.68835,739.409,-0.00123273,0.458333,0.458333,0.14904,1.28183,0.485872,-0.00823121,2.87943,5.85277e-05,0.0131682,0.307813,9493.01,0.733583,0.560843,-0.1,0.02,0.3,339.414,4.71859e+06,0.325042,0.0163366,0.478348,0.00985391,-0.208663,0.739409,-0.106179,nan,nan,nan,nan,-0.00962285,-0.0401284,-0.0152084,nan,-0.0924132,0,-0.0567733,-0.248761,nan,-0.441144,-0.539277,-0.292992,-0.359795,1.07204,0.463273,-0.413291,-0.0126818,0.0670455,-0.5
385,4.63938,812,0.00551924,0.291667,0.166667,0.146306,1.2923,0.266591,-0.00917259,2.87992,5.85277e-05,0.0161283,0.307837,9731.13,0.807121,0.45563,-0.1,0.02,0.3,340.68,4.73088e+06,0.365414,0.0196634,0.53402,0.0124359,-0.228802,0.812,-0.123745,nan,nan,nan,nan,-0.010327,-0.0466934,-0.0170079,nan,-0.101353,0,-0.0581373,-0.273288,nan,-0.442069,-0.605406,-0.321408,-0.385773,1.16258,0.522545,-0.451418,-0.0160364,0.0665909,-0.5
386,3.31554,866.267,0.00622053,0.5,0.125,0.143584,1.28172,0.248829,-0.0102458,2.88029,5.85277e-05,0.013976,0.307833,11202.6,0.700772,0.396115,-0.1,0.02,0.3,341.778,4.74317e+06,0.317386,0.0230955,0.567752,0.0144024,-0.246967,0.866267,-0.12873,nan,nan,nan,nan,-0.0102552,-0.0450775,-0.0177116,nan,-0.108038,0,-0.0583184,-0.290254,nan,-0.489247,-0.726123,-0.342468,-0.41934,1.25331,0.524533,-0.48064,-0.0168,0.079,-0.5
387,5.79254,847.167,0.0085689,0.166667,0.0833333,0.144024,1.31243,0.222891,-0.0094604,2.87892,5.85277e-05,0.0114924,0.307764,11958.5,0.634144,0.393408,-0.1,0.02,0.3,342.808,4.75546e+06,0.359737,0.0207928,0.552183,0.0116743,-0.236476,0.847167,-0.117602,nan,nan,nan,nan,-0.010297,-0.0450669,-0.0164509,nan,-0.105525,0,-0.0609855,-0.279687,nan,-0.52178,-0.505392,-0.331581,-0.4131,1.20651,0.508,-0.4736,-0.0166,0.084375,-0.5
388,0.493834,610,0.00538541,0.166667,0.208333,0.14243,1.28974,0.230805,-0.00938283,2.87626,5.85277e-05,0.0164971,0.307717,11138.4,0.698796,0.404417,-0.1,0.02,0.3,343.912,4.76774e+06,0.263022,0.0156497,0.395356,0.00931871,-0.172469,0.61,-0.0954756,nan,nan,nan,nan,-0.0081156,-0.0333631,-0.0125518,nan,-0.075892,0,-0.0466499,-0.195989,nan,-0.332742,-0.457889,-0.238907,-0.2977,0.863072,0.407111,-0.338667,-0.0117333,0.0570833,-0.5
389,5.51274,833.286,0.00502838,0.666667,0.208333,0.141172,1.30724,0.263586,-0.0095698,2.8746,5.85277e-05,0.0149926,0.307672,11767.1,0.68276,0.361509,-0.1,0.02,0.3,344.958,4.78003e+06,0.366883,0.0204338,0.550141,0.0112466,-0.23525,0.833286,-0.126185,nan,nan,nan,nan,-0.0100164,-0.0450642,-0.0170986,nan,-0.103902,0,-0.0561652,-0.277147,nan,-0.485841,-0.612867,-0.327918,-0.407914,1.19197,0.52381,-0.4628,-0.0169429,0.0820238,-0.5
390,1.84842,705.625,0.00620602,0.166667,0.166667,0.144448,1.31095,0.434807,-0.0106207,2.87309,5.85277e-05,0.0132384,0.307649,11986.3,0.636155,0.389015,-0.1,0.02,0.3,345.985,4.79232e+06,0.28733,0.0167459,0.464547,0.00978608,-0.199219,0.705625,-0.107483,nan,nan,nan,nan,-0.00892257,-0.0406373,-0.014552,nan,-0.0878931,0,-0.0539305,-0.233011,nan,-0.399084,-0.532062,-0.277515,-0.34605,0.99729,0.4875,-0.3843,-0.0144,0.0726563,-0.5
391,2.56309,834.125,0.00330635,0.416667,0.25,0.142676,1.31842,0.424778,-0.0100559,2.87347,5.85277e-05,0.0130407,0.307712,11623.8,0.6731,0.384037,-0.1,0.02,0.3,347.043,4.80461e+06,0.324437,0.0191337,0.546228,0.0125655,-0.23463,0.834125,-0.12604,nan,nan,nan,nan,-0.0102855,-0.0459016,-0.0172929,nan,-0.103915,0,-0.0624462,-0.277522,nan,-0.470894,-0.685174,-0.327607,-0.401681,1.19102,0.54875,-0.46425,-0.0160875,0.083125,-0.5
392,0.583643,744.923,0.00256811,0.291667,0.25,0.145414,1.29308,0.263265,-0.0112983,2.87597,5.85277e-05,0.0185702,0.307755,12582,0.625533,0.351104,-0.1,0.02,0.3,348.022,4.8169e+06,0.28164,0.0185077,0.486909,0.0103061,-0.209965,0.744923,-0.112596,nan,nan,nan,nan,-0.00912,-0.0391633,-0.0153423,nan,-0.092806,0,-0.0621969,-0.24225,nan,-0.437241,-0.581003,-0.293033,-0.353977,1.07301,0.471385,-0.411323,-0.0143077,0.0475962,-0.5
393,2.01602,725.333,0.000514937,0.458333,0.416667,0.144766,1.30033,0.552999,-0.0099643,2.87708,5.85277e-05,0.0128671,0.307791,11673.1,0.685447,0.367234,-0.1,0.02,0.3,349.076,4.82918e+06,0.302439,0.0156847,0.478341,0.0106792,-0.203932,0.725333,-0.110284,nan,nan,nan,nan,-0.00908813,-0.0396739,-0.0148685,nan,-0.0905621,0,-0.051077,-0.239156,nan,-0.406467,-0.537744,-0.286734,-0.354943,1.03204,0.472762,-0.405886,-0.0145143,0.0665476,-0.5
394,5.01474,892.722,0.00563064,0.583333,0.166667,0.141125,1.29604,0.249598,-0.00949378,2.87801,5.85277e-05,0.0109155,0.307768,12253.2,0.688219,0.314619,-0.1,0.02,0.3,350.081,4.84147e+06,0.325026,0.0196699,0.590258,0.0115545,-0.251539,0.892722,-0.1327,nan,nan,nan,nan,-0.0108967,-0.0486901,-0.0182697,nan,-0.111558,0,-0.0658232,-0.290936,nan,-0.543178,-0.653045,-0.351783,-0.4327,1.28561,0.57,-0.49,-0.0167333,0.0848611,-0.5
395,12.0272,990.5,0.00761463,0.541667,0.0416667,0.144023,1.307,0.229344,-0.0104006,2.87643,5.85277e-05,0.0131836,0.307745,13789.7,0.560605,0.330494,-0.1,0.02,0.3,350.974,4.85376e+06,0.488058,0.0229482,0.655741,0.013514,-0.280516,0.9905,-0.149484,nan,nan,nan,nan,-0.0121883,-0.0561622,-0.020261,nan,-0.123822,0,-0.0767593,-0.320759,nan,-0.56385,-0.68367,-0.390252,-0.478029,1.42703,0.634857,-0.542829,-0.0196714,0.122679,-0.5
396,1.44399,829.875,0.00328672,0.375,0.291667,0.142739,1.31381,0.37706,-0.010158,2.87635,5.85277e-05,0.0170335,0.307783,13610.8,0.594744,0.308068,-0.1,0.02,0.3,351.878,4.86605e+06,0.312645,0.0183504,0.540002,0.0118565,-0.234435,0.829875,-0.125429,nan,nan,nan,nan,-0.0105303,-0.0467695,-0.0171482,nan,-0.103857,0,-0.0619798,-0.275153,nan,-0.4706,-0.631969,-0.327721,-0.414337,1.18736,0.5385,-0.463725,-0.015,0.0510156,-0.5
397,6.27038,895.667,0.00360501,0.416667,0.208333,0.143097,1.30307,0.231539,-0.00998749,2.87786,5.85277e-05,0.0160053,0.307799,12335.9,0.630231,0.365885,-0.1,0.02,0.3,352.876,4.87834e+06,0.38257,0.0216231,0.584541,0.0132279,-0.252691,0.895667,-0.132926,nan,nan,nan,nan,-0.0113363,-0.0502239,-0.0188011,nan,-0.112029,0,-0.0684217,-0.296695,nan,-0.498349,-0.629971,-0.353262,-0.43626,1.27502,0.583733,-0.49792,-0.01648,0.0991667,-0.5
398,1.47456,787.762,0.00313475,0.541667,0.333333,0.144198,1.33097,0.378122,-0.0102194,2.87797,5.85277e-05,0.0136203,0.307822,12009.8,0.646712,0.376449,-0.1,0.02,0.3,353.902,4.89062e+06,0.302891,0.0169948,0.521693,0.0114625,-0.224449,0.787762,-0.115602,nan,nan,nan,nan,-0.00966925,-0.0423413,-0.0161169,nan,-0.0983902,0,-0.0557832,-0.268327,nan,-0.465008,-0.627514,-0.314121,-0.3783,1.12268,0.485143,-0.436,-0.0148286,0.0521429,-0.5
399,2.15009,779.5,0.00243021,0.666667,0.333333,0.146667,1.31246,0.455116,-0.0105834,2.87921,5.85277e-05,0.0173329,0.307847,12457.7,0.577934,0.408445,-0.1,0.02,0.3,354.889,4.90291e+06,0.315614,0.0159644,0.510008,0.0120762,-0.220314,0.7795,-0.115884,nan,nan,nan,nan,-0.00955901,-0.0427057,-0.0159631,nan,-0.0972027,0,-0.060275,-0.260719,nan,-0.440263,-0.621988,-0.308185,-0.378862,1.11217,0.489667,-0.43095,-0.014575,0.0566146,-0.5
400,3.0414,732.444,0.000658523,0.708333,0.416667,0.145363,1.30429,0.636092,-0.0100873,2.87995,5.85277e-05,0.016703,0.307865,12763.7,0.646287,0.316442,-0.1,0.02,0.3,355.853,4.9152e+06,0.323894,0.0165532,0.481666,0.0104466,-0.207433,0.732444,-0.10891,nan,nan,nan,nan,-0.00906425,-0.0400429,-0.0150276,nan,-0.0915559,-1.11111e-05,-0.0530347,-0.244871,nan,-0.421815,-0.569411,-0.289807,-0.3557,1.04772,0.469037,-0.4084,-0.0144,0.0638889,-0.5
401,-2.32617,632.316,-0.00329979,0.291667,0.5,0.148923,1.32064,0.546962,-0.00978542,2.88048,5.85277e-05,0.0116022,0.307882,11612.3,0.628723,0.429465,-0.1,0.02,0.3,358.828,4.92749e+06,0.257838,0.0144868,0.408457,0.00958011,-0.179029,0.632316,-0.0913668,nan,nan,nan,nan,-0.00853268,-0.0345265,-0.0127618,nan,-0.0791322,0,-0.0488129,-0.207778,nan,-0.369597,-0.496896,-0.251266,-0.310026,0.908578,0.384211,-0.354758,-0.0113053,0.0398026,-0.5
402,4.31337,800.118,0.00322155,0.458333,0.25,0.144299,1.31683,0.268359,-0.0100754,2.88021,5.85277e-05,0.0128249,0.307833,12352.4,0.653957,0.340827,-0.1,0.02,0.3,359.825,4.93978e+06,0.343593,0.022251,0.527165,0.0110017,-0.226417,0.800118,-0.116278,nan,nan,nan,nan,-0.00944728,-0.0411366,-0.0162366,nan,-0.100185,0,-0.0521289,-0.264151,nan,-0.460718,-0.619501,-0.315973,-0.387794,1.14077,0.503059,-0.439482,-0.0154588,0.0726471,-0.5
403,2.22284,654.667,0.00424553,0.291667,0.208333,0.146475,1.31023,0.385093,-0.0102516,2.87766,3.90184e-05,0.0204601,0.307782,13141.3,0.600458,0.334607,-0.1,0.02,0.3,360.761,4.95206e+06,0.284893,0.0138307,0.428067,0.00882038,-0.185476,0.654667,-0.0982675,nan,nan,nan,nan,-0.00838639,-0.0348465,-0.0137838,nan,-0.0820581,0,-0.0493061,-0.224002,nan,-0.370894,-0.467664,-0.258939,-0.317475,0.932028,0.420667,-0.3651,-0.01355,0.06625,-0.5
404,-0.111183,615.263,-0.000101856,0.375,0.416667,0.145995,1.30045,0.427015,-0.00935832,2.87636,3.90184e-05,0.0138947,0.307762,13529.5,0.613622,0.294618,-0.1,0.02,0.3,361.671,4.96435e+06,0.246188,0.0145505,0.404963,0.00934672,-0.173863,0.615263,-0.0908842,nan,nan,nan,nan,-0.00782093,-0.0328879,-0.012579,nan,-0.076934,0,-0.0452692,-0.206393,nan,-0.345561,-0.488087,-0.242468,-0.291174,0.893438,0.380632,-0.339979,-0.0113684,0.0584868,-0.5
405,-2.89804,539.667,0.000390073,0.125,0.375,0.147284,1.3071,0.314002,-0.00838812,2.87569,3.90184e-05,0.0103506,0.307751,11913.8,0.627182,0.40423,-0.1,0.02,0.3,362.704,4.97664e+06,0.22755,0.0127994,0.351935,0.00749009,-0.151601,0.539667,-0.0787358,nan,nan,nan,nan,-0.00725783,-0.0287914,-0.0110275,nan,-0.0671821,0,-0.0499064,-0.181288,nan,-0.301195,-0.392825,-0.212996,-0.257925,0.771541,0.348333,-0.3042,-0.0096,0.0253125,-0.5
406,1.63213,709.714,0.00152212,0.25,0.333333,0.142025,1.29923,0.338207,-0.0075669,2.87543,3.90184e-05,0.0117284,0.307754,12209.2,0.651286,0.355169,-0.1,0.02,0.3,363.712,4.98893e+06,0.317954,0.0177665,0.467641,0.00941624,-0.201344,0.709714,-0.106829,nan,nan,nan,nan,-0.0090436,-0.0408524,-0.014647,nan,-0.0884468,0,-0.0602702,-0.236521,nan,-0.410154,-0.490226,-0.279922,-0.334221,1.00041,0.460857,-0.390857,-0.0134571,0.0603571,-0.5
407,4.65775,842.154,0.00852706,0.416667,0.125,0.141138,1.32503,0.221192,-0.00809851,2.875,3.90184e-05,0.00899325,0.307719,12105.9,0.6824,0.332639,-0.1,0.02,0.3,364.729,5.00122e+06,0.330768,0.0205277,0.557603,0.0114094,-0.238568,0.842154,-0.126799,nan,nan,nan,nan,-0.0104657,-0.0463135,-0.017405,nan,-0.105263,0,-0.0692324,-0.272169,nan,-0.475337,-0.636445,-0.33208,-0.400915,1.19298,0.547385,-0.469108,-0.0166615,0.0622115,-0.5
408,4.37028,862.857,0.00572351,0.416667,0.166667,0.144857,1.31091,0.322872,-0.00889463,2.87289,3.90184e-05,0.00820561,0.30766,14249.9,0.585477,0.276847,-0.1,0.02,0.3,365.592,5.0135e+06,0.329902,0.019711,0.562384,0.0122532,-0.246454,0.862857,-0.120894,nan,nan,nan,nan,-0.0105064,-0.0465939,-0.0171875,nan,-0.107779,0,-0.0673087,-0.286175,nan,-0.506735,-0.630426,-0.340955,-0.413357,1.22219,0.561714,-0.478714,-0.0151286,0.0785714,-0.5
409,4.91524,929.714,0.00683901,0.416667,0.166667,0.14254,1.30541,0.250189,-0.00807317,2.87127,3.90184e-05,0.00726614,0.307649,13403,0.586246,0.330564,-0.1,0.02,0.3,366.511,5.02579e+06,0.379773,0.0201145,0.62053,0.0124975,-0.264125,0.929714,-0.144125,nan,nan,nan,nan,-0.0111485,-0.0483731,-0.0197623,nan,-0.116426,0,-0.0668256,-0.310649,nan,-0.547002,-0.710391,-0.368437,-0.449679,1.3376,0.611714,-0.512057,-0.0162,0.061875,-0.5
410,1.52459,771,0.00210543,0.375,0.375,0.146168,1.30778,0.406454,-0.00644761,2.87121,3.90184e-05,0.0093483,0.307649,13411.3,0.591736,0.324505,-0.1,0.02,0.3,367.428,5.03808e+06,0.311393,0.0179591,0.505836,0.0110789,-0.218841,0.771,-0.114769,nan,nan,nan,nan,-0.00988518,-0.0415642,-0.0158348,nan,-0.0961336,0,-0.0719308,-0.259224,nan,-0.42665,-0.59175,-0.304323,-0.3582,1.10014,0.491778,-0.428067,-0.0145333,0.06875,-0.5
411,-0.22577,688.75,0.00251034,0.333333,0.333333,0.145828,1.30381,0.52884,-0.00850242,2.87111,3.90184e-05,0.0101737,0.307653,12517.6,0.65073,0.330931,-0.1,0.02,0.3,368.412,5.05037e+06,0.280975,0.0146889,0.449374,0.0106627,-0.197097,0.68875,-0.0988181,nan,nan,nan,nan,-0.00892409,-0.0382606,-0.0138379,nan,-0.0864266,-7.5e-05,-0.0478423,-0.225448,nan,-0.404185,-0.55007,-0.274401,-0.331931,0.992433,0.41225,-0.387075,-0.0118125,0.0657812,-0.5
412,1.99417,743.308,0.00349628,0.333333,0.208333,0.148508,1.30348,0.307333,-0.00825953,2.87128,3.90184e-05,0.0118843,0.307653,13482.2,0.587473,0.323954,-0.1,0.02,0.3,369.324,5.06266e+06,0.317598,0.0216728,0.490026,0.0103994,-0.209957,0.743308,-0.104483,nan,nan,nan,nan,-0.00891836,-0.040514,-0.0147661,nan,-0.0928083,0,-0.0513751,-0.240486,nan,-0.46932,-0.535891,-0.292843,-0.3573,1.05386,0.452308,-0.414738,-0.0136615,0.0499038,-0.5
413,5.4349,769.647,0.00322149,0.458333,0.25,0.148429,1.29586,0.192526,-0.00843727,2.87094,3.90184e-05,0.0103996,0.30764,13696,0.584667,0.312529,-0.1,0.02,0.3,370.223,5.07494e+06,0.351207,0.0185185,0.509142,0.0113166,-0.219551,0.769647,-0.115811,nan,nan,nan,nan,-0.00962604,-0.041304,-0.0163045,nan,-0.0963778,0,-0.0551882,-0.249977,nan,-0.430164,-0.528687,-0.304203,-0.367253,1.09459,0.501176,-0.426071,-0.0143647,0.0675,-0.5
414,6.71586,912,0.00769068,0.375,0.0833333,0.146768,1.29558,0.406695,-0.00881449,2.87045,3.90184e-05,0.0107092,0.307643,13240.3,0.591489,0.33659,-0.1,0.02,0.3,371.152,5.08723e+06,0.398752,0.0217185,0.602998,0.0131607,-0.25824,0.912,-0.134185,nan,nan,nan,nan,-0.0106582,-0.0486953,-0.0177044,nan,-0.114185,0,-0.0657918,-0.300232,nan,-0.542469,-0.640821,-0.360098,-0.450818,1.29026,0.581455,-0.508036,-0.0176182,0.0759091,-0.5
415,-2.38847,595.526,-0.000296757,0.25,0.541667,0.141733,1.31355,0.574131,-0.00910854,2.87088,3.90184e-05,0.014402,0.307659,13022.7,0.619716,0.323865,-0.1,0.02,0.3,372.097,5.09952e+06,0.263178,0.0142076,0.391399,0.00735921,-0.170114,0.595526,-0.0851284,nan,nan,nan,nan,-0.00764301,-0.032316,-0.0117901,nan,-0.0746672,0,-0.0488185,-0.197061,nan,-0.382577,-0.424391,-0.238872,-0.290179,0.849696,0.350526,-0.332526,-0.0110211,0.0578947,-0.5
416,-3.06113,657.105,-0.000107325,0.291667,0.5,0.139379,1.30881,0.60258,-0.00811045,2.87143,3.90184e-05,0.0119769,0.307666,13637.3,0.571935,0.329124,-0.1,0.02,0.3,373,5.11181e+06,0.266178,0.0151493,0.426146,0.00894097,-0.186479,0.657105,-0.0891911,nan,nan,nan,nan,-0.00835775,-0.0348721,-0.0127216,nan,-0.0821115,0,-0.0570209,-0.219074,nan,-0.421995,-0.513796,-0.260906,-0.310642,0.917801,0.384842,-0.372695,-0.0122526,0.0686842,-0.5
417,0.913712,704,0.00146171,0.208333,0.416667,0.143067,1.31921,0.655321,-0.00652285,2.87161,3.90184e-05,0.00845111,0.307673,12666.3,0.601027,0.369107,-0.1,0.02,0.3,373.971,5.1241e+06,0.344662,0.0154781,0.45508,0.00978949,-0.20088,0.704,-0.101203,nan,nan,nan,nan,-0.0090169,-0.0380032,-0.0140805,nan,-0.0878605,-4e-05,-0.0595697,-0.239866,nan,-0.413235,-0.47235,-0.279638,-0.33318,1.0051,0.433867,-0.39424,-0.01304,0.06725,-0.5
418,3.22073,746.19,0.000775868,0.416667,0.458333,0.143872,1.28764,0.363512,-0.00820681,2.87146,3.90184e-05,0.0088774,0.30765,12556.3,0.625618,0.353014,-0.1,0.02,0.3,374.951,5.13638e+06,0.347052,0.0175192,0.487903,0.00963381,-0.211306,0.74619,-0.109563,nan,nan,nan,nan,-0.00932353,-0.0409762,-0.0151718,nan,-0.0931827,-4.28571e-05,-0.0607718,-0.251929,nan,-0.445385,-0.491436,-0.294541,-0.357386,1.0731,0.46,-0.4096,-0.0133143,0.0854762,-0.5
419,0.829086,720.24,-0.00133896,0.5,0.541667,0.141659,1.29651,0.59823,-0.00847325,2.87026,3.90184e-05,0.00931098,0.307623,13231.7,0.604023,0.324657,-0.1,0.02,0.3,375.881,5.14867e+06,0.295574,0.0172153,0.48412,0.0109927,-0.204689,0.72024,-0.111135,nan,nan,nan,nan,-0.00856684,-0.0358592,-0.0147676,nan,-0.0897195,0,-0.0580886,-0.238286,nan,-0.417013,-0.555286,-0.284353,-0.341928,1.03319,0.46768,-0.400416,-0.013896,0.04645,-0.5
420,1.02955,762.773,0.0033836,0.541667,0.375,0.142104,1.29525,0.500133,-0.00895525,2.86984,3.90184e-05,0.0153742,0.307624,14510.4,0.557702,0.289139,-0.1,0.02,0.3,376.73,5.16096e+06,0.308023,0.0191932,0.512214,0.0109493,-0.217181,0.762773,-0.111056,nan,nan,nan,nan,-0.00910297,-0.0373591,-0.0150392,nan,-0.0952824,0,-0.0578652,-0.24889,nan,-0.460826,-0.616799,-0.301116,-0.362005,1.09716,0.461818,-0.419564,-0.0139636,0.0499432,-0.5
421,5.73282,877.143,0.00551473,0.375,0.208333,0.142668,1.30095,0.254729,-0.00825229,2.86989,3.90184e-05,0.00764269,0.307626,13765,0.57208,0.320618,-0.1,0.02,0.3,377.624,5.17325e+06,0.36445,0.0209835,0.583627,0.0121362,-0.250291,0.877143,-0.133255,nan,nan,nan,nan,-0.0105683,-0.0436559,-0.0179024,nan,-0.109741,0,-0.0647882,-0.289524,nan,-0.499245,-0.650482,-0.345864,-0.412393,1.26562,0.574857,-0.480086,-0.0159857,0.0901786,-0.5
422,5.64474,854.647,0.00640555,0.583333,0.125,0.145217,1.32493,0.270242,-0.00890731,2.86963,3.90184e-05,0.00642174,0.307618,12249.9,0.659908,0.343205,-0.1,0.02,0.3,378.629,5.18554e+06,0.329315,0.0207872,0.575194,0.0118146,-0.243167,0.854647,-0.131818,nan,nan,nan,nan,-0.0105511,-0.0477019,-0.0179399,nan,-0.106851,0,-0.064942,-0.28569,nan,-0.484332,-0.629678,-0.33807,-0.405212,1.2082,0.558353,-0.474706,-0.0172588,0.0700735,-0.5
423,1.16415,789.947,0.00147024,0.416667,0.375,0.147197,1.29072,0.457657,-0.00712459,2.8695,3.90184e-05,0.0121523,0.307631,12598.7,0.609736,0.365599,-0.1,0.02,0.3,379.606,5.19782e+06,0.29838,0.0164982,0.522838,0.0125832,-0.22443,0.789947,-0.114785,nan,nan,nan,nan,-0.00979072,-0.0412135,-0.0158628,nan,-0.0988491,0,-0.0623274,-0.260105,nan,-0.44326,-0.640887,-0.313692,-0.366489,1.13547,0.485474,-0.441221,-0.0140211,0.0807895,-0.5
424,2.5364,733.238,0.00451684,0.541667,0.333333,0.139713,1.31306,0.378753,-0.00859894,2.87002,3.90184e-05,0.0138679,0.307637,13962.4,0.598192,0.281883,-0.1,0.02,0.3,380.488,5.21011e+06,0.291786,0.0178334,0.490821,0.0106565,-0.208564,0.733238,-0.111606,nan,nan,nan,nan,-0.00888924,-0.0388401,-0.0149875,nan,-0.0917837,-5.71429e-05,-0.0560095,-0.243584,nan,-0.421689,-0.541635,-0.289234,-0.347657,1.05581,0.455238,-0.408171,-0.0137143,0.0583333,-0.5
425,-0.0775672,704.125,0.00348905,0.333333,0.333333,0.140568,1.31352,0.468355,-0.00885592,2.86978,3.90184e-05,0.00834621,0.307633,12882.2,0.618708,0.335165,-0.1,0.02,0.3,381.443,5.2224e+06,0.305946,0.0170228,0.464964,0.00971133,-0.199679,0.704125,-0.10023,nan,nan,nan,nan,-0.00855549,-0.0361621,-0.0136103,nan,-0.0877926,0,-0.0588163,-0.230825,nan,-0.437049,-0.553565,-0.278342,-0.323381,1.01399,0.41325,-0.391725,-0.0114375,0.0482813,-0.5
426,-0.627502,623,0.00269915,0.333333,0.458333,0.142656,1.32683,0.524523,-0.00853197,2.8705,3.90184e-05,0.0161779,0.307688,13495.3,0.592277,0.318259,-0.1,0.02,0.3,382.355,5.23469e+06,0.265146,0.014,0.40971,0.0089147,-0.177297,0.623,-0.0888263,nan,nan,nan,nan,-0.00794106,-0.0341842,-0.0125245,nan,-0.0778072,0,-0.0557392,-0.20662,nan,-0.358064,-0.468643,-0.246604,-0.284542,0.880254,0.378316,-0.352926,-0.0114316,0.0619079,-0.5
427,2.30095,737.533,0.00483046,0.333333,0.291667,0.142956,1.31199,0.56622,-0.00811923,2.87296,3.90184e-05,0.0140912,0.307744,12654.4,0.641853,0.329195,-0.1,0.02,0.3,383.327,5.24698e+06,0.31,0.0181477,0.493434,0.0124502,-0.210949,0.737533,-0.106961,nan,nan,nan,nan,-0.00910736,-0.0387596,-0.0150708,nan,-0.0920165,0,-0.061518,-0.245818,nan,-0.389991,-0.592235,-0.292666,-0.32886,1.05293,0.474133,-0.40936,-0.01268,0.05575,-0.5
428,1.35461,710.583,0.00506439,0.25,0.25,0.143727,1.31818,0.467897,-0.00739708,2.87443,3.90184e-05,0.00870703,0.307758,14469.5,0.558375,0.29086,-0.1,0.02,0.3,384.178,5.25926e+06,0.306043,0.0160977,0.4729,0.0111355,-0.203148,0.710583,-0.101931,nan,nan,nan,nan,-0.0087747,-0.037528,-0.0139297,nan,-0.0886758,0,-0.0551916,-0.237764,nan,-0.403738,-0.572104,-0.282013,-0.335775,1.03033,0.436667,-0.3907,-0.01225,0.0775,-0.5
429,-3.44154,542.714,0.000316855,0.166667,0.416667,0.147637,1.31783,0.413419,-0.00917812,2.87449,3.90184e-05,0.0125628,0.307757,14732.3,0.567218,0.266869,-0.1,0.02,0.3,385.014,5.27155e+06,0.241619,0.010879,0.347706,0.00793834,-0.155303,0.542714,-0.0761443,nan,nan,nan,nan,-0.00729131,-0.0285389,-0.0105361,nan,-0.0680317,0,-0.0510865,-0.188138,nan,-0.332146,-0.384282,-0.217024,-0.258943,0.759124,0.323714,-0.305829,-0.00908571,0.04375,-0.5
430,6.35926,864.062,0.0051477,0.5,0.166667,0.145362,1.2891,0.474044,-0.00876208,2.8741,3.90184e-05,0.012528,0.307729,15382.4,0.544651,0.254183,-0.1,0.02,0.3,385.814,5.28384e+06,0.359334,0.020328,0.575149,0.0123026,-0.24552,0.864062,-0.124767,nan,nan,nan,nan,-0.0104258,-0.0454319,-0.0173255,nan,-0.108004,0,-0.0742599,-0.286071,nan,-0.509096,-0.592092,-0.341026,-0.400725,1.2346,0.54375,-0.480825,-0.0145125,0.0835156,-0.5
431,2.95069,730.571,0.00318433,0.291667,0.291667,0.145682,1.30577,0.214165,-0.00884229,2.87282,3.90184e-05,0.00671107,0.307703,15834.2,0.529974,0.246066,-0.1,0.02,0.3,386.591,5.29613e+06,0.335464,0.0179904,0.481325,0.0113159,-0.207285,0.730571,-0.101464,nan,nan,nan,nan,-0.00863592,-0.0373473,-0.0142567,nan,-0.0914098,0,-0.0649559,-0.238607,nan,-0.450283,-0.477503,-0.287181,-0.33345,1.04009,0.442,-0.4068,-0.0131143,0.0710714,-0.5
432,3.35313,801.786,0.00578788,0.375,0.208333,0.14354,1.31727,0.371919,-0.00831062,2.87194,3.90184e-05,0.0136013,0.307689,16376.8,0.503005,0.247323,-0.1,0.02,0.3,387.343,5.30842e+06,0.322341,0.017604,0.529661,0.0118562,-0.224599,0.801786,-0.119036,nan,nan,nan,nan,-0.00985645,-0.0428327,-0.0166664,nan,-0.099764,0,-0.0721829,-0.268236,nan,-0.448428,-0.601715,-0.314388,-0.366686,1.14602,0.500286,-0.445714,-0.0148286,0.0616071,-0.5
433,2.01538,828.706,0.00350398,0.416667,0.291667,0.14368,1.3238,0.437345,-0.00841131,2.87207,3.90184e-05,0.0150634,0.307717,15827.3,0.509308,0.267073,-0.1,0.02,0.3,388.121,5.3207e+06,0.311841,0.0217648,0.545332,0.0134094,-0.234183,0.828706,-0.123299,nan,nan,nan,nan,-0.0108017,-0.0457492,-0.017209,nan,-0.103419,0,-0.0671133,-0.271048,nan,-0.450145,-0.690602,-0.327317,-0.382924,1.18022,0.529882,-0.458259,-0.0147882,0.0723529,-0.5
434,1.8598,721.571,0.00628633,0.125,0.166667,0.147796,1.32389,0.285788,-0.00866129,2.87299,3.90184e-05,0.0120403,0.307729,14838.6,0.527032,0.301079,-0.1,0.02,0.3,388.95,5.33299e+06,0.327643,0.0179014,0.469353,0.0103561,-0.207313,0.721571,-0.107087,nan,nan,nan,nan,-0.00943796,-0.0398114,-0.0143637,nan,-0.0902776,0,-0.0595587,-0.238831,nan,-0.401181,-0.511191,-0.286098,-0.336343,1.03567,0.450857,-0.406457,-0.0129429,0.06625,-0.5
435,4.42773,753.25,0.000925715,0.583333,0.416667,0.145557,1.32809,0.659427,-0.00814283,2.87324,3.90184e-05,0.00674577,0.307746,14873.2,0.544333,0.281853,-0.1,0.02,0.3,389.778,5.34528e+06,0.35203,0.0178335,0.492642,0.0113706,-0.21326,0.75325,-0.108798,nan,nan,nan,nan,-0.00968589,-0.0411848,-0.015161,nan,-0.0939358,0,-0.0705981,-0.251436,nan,-0.414966,-0.520102,-0.298743,-0.352162,1.07728,0.4645,-0.4203,-0.01375,0.0848958,-0.5
436,3.44076,801.353,0.00380238,0.458333,0.25,0.144286,1.32686,0.495708,-0.00840355,2.87406,3.90184e-05,0.00954279,0.307764,15062,0.538075,0.277752,-0.1,0.02,0.3,390.595,5.35757e+06,0.320376,0.0180848,0.530627,0.0126622,-0.227658,0.801353,-0.117832,nan,nan,nan,nan,-0.0102764,-0.0443614,-0.0161589,nan,-0.100165,0,-0.0751976,-0.261475,nan,-0.431211,-0.624428,-0.317176,-0.366671,1.14348,0.510824,-0.448447,-0.0147529,0.0669118,-0.5
437,-3.44171,619.133,0.00192643,0.208333,0.416667,0.141074,1.31407,0.295249,-0.00855677,2.87491,3.90184e-05,0.0154275,0.307801,13960.4,0.609155,0.271049,-0.1,0.02,0.3,391.479,5.36986e+06,0.239064,0.0141771,0.410757,0.00952518,-0.176476,0.619133,-0.0917973,nan,nan,nan,nan,-0.0079264,-0.0324508,-0.0123305,nan,-0.0773042,0,-0.0529521,-0.201851,nan,-0.361496,-0.517509,-0.245102,-0.2802,0.876317,0.367733,-0.34808,-0.0124,0.0424167,-0.5
438,2.38132,710.875,0.00328297,0.333333,0.333333,0.143502,1.31941,0.453721,-0.00925207,2.87664,3.90184e-05,0.017873,0.307849,15631.7,0.5382,0.247893,-0.1,0.02,0.3,392.266,5.38214e+06,0.294862,0.0158901,0.467043,0.0116551,-0.201879,0.710875,-0.100908,nan,nan,nan,nan,-0.00916621,-0.0392164,-0.0142457,nan,-0.0885785,0,-0.0598144,-0.229018,nan,-0.379772,-0.532622,-0.278327,-0.324956,1.02093,0.44225,-0.400725,-0.0108375,0.075625,-0.5
439,5.21274,896,0.0064533,0.291667,0.166667,0.142043,1.3121,0.221723,-0.00880018,2.87752,3.90184e-05,0.00825819,0.307828,15293.1,0.528723,0.274779,-0.1,0.02,0.3,393.071,5.39443e+06,0.378915,0.0196884,0.592797,0.0140015,-0.257591,0.896,-0.13333,nan,nan,nan,nan,-0.0111943,-0.0468471,-0.0185481,nan,-0.112139,0,-0.0724138,-0.297446,nan,-0.499839,-0.65145,-0.356442,-0.423164,1.2845,0.551636,-0.507055,-0.0147818,0.107159,-0.5
440,7.222,917.75,0.00924447,0.583333,0.0833333,0.141284,1.3211,0.211751,-0.00813711,2.87678,3.90184e-05,0.0100873,0.30785,15860.7,0.508749,0.265994,-0.1,0.02,0.3,393.847,5.40672e+06,0.383098,0.0212392,0.619862,0.0152389,-0.261083,0.91775,-0.135423,nan,nan,nan,nan,-0.0109478,-0.0469025,-0.0184947,nan,-0.114821,0,-0.0791467,-0.300786,nan,-0.479809,-0.759272,-0.361694,-0.402694,1.30946,0.569,-0.511275,-0.0165,0.0867969,-0.5
441,8.59665,937.733,0.0101001,0.541667,0.0833333,0.138378,1.33108,0.187925,-0.00891321,2.87798,3.90184e-05,0.00840263,0.307869,15811.7,0.527234,0.249911,-0.1,0.02,0.3,394.626,5.41901e+06,0.406298,0.0252276,0.62683,0.0138582,-0.270791,0.937733,-0.134427,nan,nan,nan,nan,-0.0111224,-0.0493181,-0.0188608,nan,-0.117339,0,-0.0767598,-0.305968,nan,-0.542265,-0.641399,-0.371908,-0.43368,1.34199,0.569867,-0.51888,-0.01684,0.08425,-0.5
442,3.81496,789.263,0.00614783,0.541667,0.25,0.139719,1.34529,0.33518,-0.00869458,2.87793,3.90184e-05,0.00617886,0.307854,15802.1,0.528093,0.249523,-0.1,0.02,0.3,395.405,5.4313e+06,0.324266,0.0194492,0.533086,0.0134792,-0.226373,0.789263,-0.120156,nan,nan,nan,nan,-0.00952213,-0.0401542,-0.016288,nan,-0.0985733,0,-0.0585821,-0.257536,nan,-0.425659,-0.661023,-0.312919,-0.354221,1.13876,0.499789,-0.440716,-0.0142421,0.0665132,-0.5
443,3.45191,793.538,0.00381581,0.291667,0.25,0.143194,1.33629,0.35238,-0.00863279,2.87755,3.90184e-05,0.0130033,0.307849,16406.3,0.503713,0.245267,-0.1,0.02,0.3,396.156,5.44358e+06,0.346964,0.0203671,0.516807,0.0122079,-0.227676,0.793538,-0.116079,nan,nan,nan,nan,-0.0103507,-0.0443128,-0.016222,nan,-0.0993242,0,-0.0687391,-0.264494,nan,-0.427533,-0.590707,-0.315001,-0.368169,1.13162,0.486154,-0.448338,-0.0139846,0.106635,-0.5
444,2.239,776.5,0.00218656,0.5,0.416667,0.141507,1.32747,0.530892,-0.00875661,2.87722,3.90184e-05,0.00667646,0.307854,15172.7,0.526669,0.283205,-0.1,0.02,0.3,396.967,5.45587e+06,0.343774,0.0175495,0.51312,0.0126565,-0.221619,0.7765,-0.112024,nan,nan,nan,nan,-0.00952175,-0.0398075,-0.0152076,nan,-0.0967909,0,-0.0728836,-0.254581,nan,-0.427455,-0.617042,-0.305855,-0.357382,1.10539,0.468909,-0.438764,-0.0137182,0.0839773,-0.5
445,-0.596659,655.167,-2.97147e-05,0.25,0.5,0.139358,1.32395,0.559954,-0.00849779,2.87759,3.90184e-05,0.0120939,0.307858,16066.5,0.511233,0.253586,-0.1,0.02,0.3,397.733,5.46816e+06,0.284088,0.0144999,0.4309,0.0103614,-0.187247,0.655167,-0.0928511,nan,nan,nan,nan,-0.00832287,-0.0334984,-0.0128403,nan,-0.0818022,0,-0.0552588,-0.220798,nan,-0.373706,-0.490047,-0.259814,-0.29915,0.944796,0.398889,-0.371533,-0.0108333,0.0625,-0.5
446,3.58542,746.938,0.00307288,0.375,0.291667,0.142964,1.32178,0.633028,-0.00851253,2.8773,3.90184e-05,0.00794905,0.307841,15126.1,0.532952,0.279417,-0.1,0.02,0.3,398.547,5.48045e+06,0.316519,0.0186839,0.496443,0.012817,-0.212554,0.746937,-0.108201,nan,nan,nan,nan,-0.00964884,-0.0417544,-0.0153669,nan,-0.0930873,0,-0.0661748,-0.240795,nan,-0.395395,-0.542109,-0.294545,-0.335812,1.06408,0.4705,-0.42,-0.01275,0.0602344,-0.5
447,2.64909,722.308,0.00384325,0.25,0.291667,0.144078,1.33464,0.409565,-0.00957921,2.87632,3.90184e-05,0.0171322,0.307819,16207,0.516299,0.241893,-0.1,0.02,0.3,399.306,5.49274e+06,0.310758,0.0188304,0.47703,0.0115151,-0.205849,0.722308,-0.104511,nan,nan,nan,nan,-0.00887277,-0.0359369,-0.0146524,nan,-0.0904262,0,-0.0590114,-0.235951,nan,-0.403486,-0.498562,-0.285444,-0.333138,1.03469,0.452308,-0.406154,-0.0126,0.0688462,-0.5
448,4.6133,891.583,0.00587914,0.333333,0.166667,0.14637,1.33938,0.171848,-0.00822127,2.87548,3.90184e-05,0.0075755,0.307777,16315,0.507324,0.245849,-0.1,0.02,0.3,400.061,5.50502e+06,0.36371,0.0189377,0.591287,0.014075,-0.254956,0.891583,-0.135527,nan,nan,nan,nan,-0.0109042,-0.0439779,-0.0184861,nan,-0.111361,0,-0.0744171,-0.295695,nan,-0.475043,-0.723853,-0.349469,-0.406125,1.29292,0.572667,-0.4997,-0.01615,0.0678125,-0.5
449,4.54558,830,0.00878063,0.166667,0.0833333,0.142237,1.32921,0.234179,-0.00802058,2.87374,3.90184e-05,0.0079047,0.307754,15229.3,0.516659,0.290207,-0.1,0.02,0.3,400.869,5.51731e+06,0.357407,0.0201759,0.561261,0.0137429,-0.238815,0.83,-0.12998,nan,nan,nan,nan,-0.00991222,-0.042793,-0.0176972,nan,-0.104159,0,-0.0643949,-0.269985,nan,-0.433285,-0.651619,-0.332482,-0.38715,1.20396,0.511333,-0.46,-0.0177,0.0560417,-0.5
450,1.87341,775.091,0.0033814,0.208333,0.25,0.145873,1.30581,0.242967,-0.00806084,2.87303,3.90184e-05,0.010965,0.307725,15715.2,0.527341,0.254576,-0.1,0.02,0.3,401.652,5.5296e+06,0.344749,0.0205557,0.505948,0.0121182,-0.223661,0.775091,-0.116468,nan,nan,nan,nan,-0.010007,-0.0401337,-0.0155378,nan,-0.0968509,0,-0.0683254,-0.25268,nan,-0.410198,-0.594032,-0.306781,-0.363518,1.09919,0.488727,-0.432327,-0.0157091,0.06625,-0.5
451,5.64475,798.727,0.00620267,0.291667,0.166667,0.142542,1.32235,0.369704,-0.00862737,2.87178,3.90184e-05,0.0124205,0.307699,15438.6,0.506585,0.28934,-0.1,0.02,0.3,402.449,5.54189e+06,0.352668,0.0200111,0.531577,0.0118635,-0.230224,0.798727,-0.12,nan,nan,nan,nan,-0.0104452,-0.0432466,-0.0161915,nan,-0.10005,0,-0.0673829,-0.259874,nan,-0.431252,-0.556748,-0.317294,-0.362455,1.1395,0.510182,-0.449018,-0.0139091,0.0776136,-0.5
452,3.94842,848.562,0.00435552,0.375,0.291667,0.143011,1.31964,0.555281,-0.00823026,2.871,3.90184e-05,0.0143098,0.307694,11946.7,0.684289,0.344283,-0.1,0.02,0.3,403.479,5.55418e+06,0.384974,0.022722,0.563397,0.0134396,-0.241964,0.848562,-0.125992,nan,nan,nan,nan,-0.0101464,-0.041927,-0.0169343,nan,-0.105647,0,-0.081281,-0.275573,nan,-0.485005,-0.603916,-0.334574,-0.392794,1.20297,0.522,-0.473175,-0.015,0.0620313,-0.5
453,0.786464,723.364,-0.000965644,0.416667,0.5,0.145216,1.3149,0.357885,-0.00929337,2.8707,3.90184e-05,0.0107554,0.307667,12931,0.635434,0.314837,-0.1,0.02,0.3,404.431,5.56646e+06,0.307901,0.0179843,0.483362,0.0134259,-0.207109,0.723364,-0.108706,nan,nan,nan,nan,-0.00896559,-0.0365286,-0.0148708,nan,-0.0903546,0,-0.0644868,-0.237018,nan,-0.376337,-0.576993,-0.286804,-0.321136,1.03126,0.434727,-0.409745,-0.0133636,0.0524432,-0.5
454,4.11939,751.1,0.00462016,0.208333,0.208333,0.143862,1.32444,0.388119,-0.00865232,2.86934,3.90184e-05,0.0111825,0.307642,12272.2,0.617432,0.383853,-0.1,0.02,0.3,405.434,5.57875e+06,0.359545,0.0188038,0.491219,0.0119294,-0.215602,0.7511,-0.110636,nan,nan,nan,nan,-0.00948314,-0.0412386,-0.0155349,nan,-0.093713,0,-0.0707125,-0.248798,nan,-0.406626,-0.507304,-0.298442,-0.35406,1.06059,0.4796,-0.42084,-0.0132,0.089375,-0.5
455,8.23905,881.636,0.00852823,0.375,0.0833333,0.14261,1.34856,0.287405,-0.00820945,2.86846,3.90184e-05,0.00527533,0.307624,13620.1,0.586185,0.316009,-0.1,0.02,0.3,406.338,5.59104e+06,0.448013,0.0197937,0.586159,0.0122531,-0.251198,0.881636,-0.127405,nan,nan,nan,nan,-0.0101992,-0.0437075,-0.0175448,nan,-0.110056,0,-0.0722479,-0.28912,nan,-0.538218,-0.569488,-0.351343,-0.419727,1.2503,0.535273,-0.492109,-0.0132,0.075,-0.5
456,3.57593,872.105,0.00279524,0.5,0.291667,0.146192,1.34439,0.316002,-0.00832714,2.86782,3.90184e-05,0.00885041,0.307609,12873.4,0.60986,0.34467,-0.1,0.02,0.3,407.294,5.60333e+06,0.33711,0.0195442,0.579869,0.015609,-0.24879,0.872105,-0.128175,nan,nan,nan,nan,-0.0104561,-0.0430174,-0.0173227,nan,-0.108791,0,-0.0824145,-0.28833,nan,-0.466947,-0.706932,-0.345179,-0.385816,1.25052,0.530316,-0.484042,-0.0157895,0.0899342,-0.5
457,4.19178,846.583,0.00437195,0.291667,0.208333,0.148174,1.34426,0.294994,-0.00697597,2.86737,3.90184e-05,0.0145149,0.3076,12896.3,0.611345,0.341487,-0.1,0.02,0.3,408.248,5.61562e+06,0.36763,0.0205231,0.563869,0.0146741,-0.243128,0.846583,-0.127655,nan,nan,nan,nan,-0.0108775,-0.0437495,-0.0173916,nan,-0.105707,0,-0.0785349,-0.277084,nan,-0.44401,-0.633579,-0.333885,-0.37695,1.20579,0.518667,-0.4806,-0.01625,0.0695833,-0.5
458,6.53322,901.6,0.00702664,0.5,0.125,0.14576,1.34415,0.229831,-0.00806961,2.86638,3.90184e-05,0.0148896,0.307551,11657.4,0.638773,0.415322,-0.1,0.02,0.3,409.303,5.6279e+06,0.405462,0.0227018,0.600175,0.015419,-0.258959,0.9016,-0.132831,nan,nan,nan,nan,-0.0106991,-0.0459612,-0.0181582,nan,-0.112651,0,-0.0786759,-0.297093,nan,-0.496705,-0.68161,-0.357781,-0.42804,1.27768,0.566667,-0.50304,-0.01576,0.0749167,-0.5
459,9.25079,869.455,0.00689506,0.375,0.0833333,0.142233,1.33312,0.250984,-0.00939037,2.86429,3.90184e-05,0.0122828,0.307506,14690.2,0.584809,0.251668,-0.1,0.02,0.3,410.141,5.64019e+06,0.426786,0.0196882,0.578598,0.0133332,-0.250292,0.869455,-0.13219,nan,nan,nan,nan,-0.0102124,-0.044839,-0.0181825,nan,-0.108785,0,-0.0727353,-0.286596,nan,-0.484377,-0.573216,-0.343453,-0.410973,1.24192,0.572,-0.488073,-0.0141818,0.0697727,-0.5
460,2.20476,754.348,0.000437914,0.5,0.458333,0.140966,1.34689,0.356837,-0.00851836,2.86345,3.90184e-05,0.013091,0.307518,16541.8,0.496653,0.246192,-0.1,0.02,0.3,410.885,5.65248e+06,0.337619,0.0165059,0.496675,0.0119084,-0.216826,0.754348,-0.108921,nan,nan,nan,nan,-0.0092944,-0.0383242,-0.014731,nan,-0.0944182,0,-0.0644615,-0.252222,nan,-0.438083,-0.545422,-0.301895,-0.339339,1.08757,0.449043,-0.42167,-0.0123913,0.0536957,-0.5
461,7.686,935.632,0.00781362,0.625,0.166667,0.142302,1.34477,0.318705,-0.00935158,2.86386,3.90184e-05,0.00903693,0.307508,16480,0.502499,0.243133,-0.1,0.02,0.3,411.632,5.66477e+06,0.435806,0.0242706,0.628376,0.0161825,-0.266614,0.935632,-0.137104,nan,nan,nan,nan,-0.0106261,-0.0441323,-0.0186315,nan,-0.116767,0,-0.0849514,-0.301724,nan,-0.530195,-0.691243,-0.370574,-0.415611,1.34736,0.568421,-0.528189,-0.0174947,0.0673684,-0.5
462,3.47113,768.769,0.00624699,0.333333,0.208333,0.140793,1.36271,0.308186,-0.00733483,2.86245,3.90184e-05,0.0137661,0.307454,16388.1,0.503575,0.246237,-0.1,0.02,0.3,412.383,5.67706e+06,0.335729,0.0202474,0.502366,0.0118239,-0.221058,0.768769,-0.105698,nan,nan,nan,nan,-0.00998643,-0.043485,-0.0150981,nan,-0.0960325,0,-0.0765329,-0.255443,nan,-0.425289,-0.531415,-0.306288,-0.347538,1.07547,0.448308,-0.4368,-0.0142615,0.0880769,-0.5
463,4.37495,871.167,0.00568417,0.291667,0.208333,0.143359,1.31718,0.43954,-0.00872304,2.86067,3.90184e-05,0.0147306,0.307441,16407.5,0.50066,0.248264,-0.1,0.02,0.3,413.134,5.68934e+06,0.359803,0.0178983,0.58405,0.0150285,-0.250503,0.871167,-0.130395,nan,nan,nan,nan,-0.0105614,-0.0428034,-0.0173612,nan,-0.108815,0,-0.0809028,-0.282253,nan,-0.474034,-0.687573,-0.345463,-0.3846,1.26138,0.536667,-0.4937,-0.0163,0.106354,-0.5
464,5.33325,812.632,0.00260606,0.458333,0.333333,0.145244,1.33408,0.327953,-0.00828716,2.86079,3.90184e-05,0.0136195,0.307445,12758.6,0.613712,0.349407,-0.1,0.02,0.3,414.098,5.70163e+06,0.383311,0.0200049,0.528886,0.0131437,-0.232506,0.812632,-0.117942,nan,nan,nan,nan,-0.0098395,-0.041603,-0.0161228,nan,-0.101524,0,-0.0725955,-0.264071,nan,-0.456582,-0.555285,-0.319982,-0.374116,1.16834,0.504,-0.458337,-0.0144632,0.0818421,-0.5
465,8.31815,894.941,0.00603666,0.541667,0.166667,0.143145,1.34197,0.256496,-0.00819609,2.8601,3.90184e-05,0.0135029,0.30741,12624.4,0.659126,0.314229,-0.1,0.02,0.3,415.073,5.71392e+06,0.410478,0.0195665,0.593026,0.0142181,-0.255099,0.894941,-0.13476,nan,nan,nan,nan,-0.0109977,-0.0469242,-0.0183911,nan,-0.11155,0,-0.0869912,-0.28734,nan,-0.481841,-0.608789,-0.352897,-0.402035,1.26507,0.568235,-0.499553,-0.0177529,0.0829412,-0.5
466,3.05021,816.429,0.00309543,0.5,0.375,0.143281,1.31438,0.436835,-0.00845282,2.85894,3.90184e-05,0.0153089,0.307402,12981.5,0.616664,0.329911,-0.1,0.02,0.3,416.021,5.72621e+06,0.326606,0.0221871,0.534343,0.014037,-0.233563,0.816429,-0.119387,nan,nan,nan,nan,-0.010162,-0.0427719,-0.0162709,nan,-0.102071,0,-0.0659297,-0.26914,nan,-0.44194,-0.60882,-0.323059,-0.382243,1.171,0.505143,-0.460686,-0.015,0.0680952,-0.5
467,1.9505,774.267,0.00518665,0.375,0.25,0.141655,1.33178,0.364209,-0.0080385,2.85957,3.90184e-05,0.0105355,0.307441,13233.1,0.633063,0.295518,-0.1,0.02,0.3,416.951,5.7385e+06,0.313784,0.0185662,0.512873,0.0140069,-0.219317,0.774267,-0.11499,nan,nan,nan,nan,-0.00964811,-0.0386977,-0.015614,nan,-0.0962363,0,-0.0708111,-0.252271,nan,-0.405643,-0.672483,-0.304398,-0.34554,1.10403,0.478933,-0.4368,-0.01532,0.0788333,-0.5
468,3.74244,873.474,0.00416459,0.541667,0.25,0.142677,1.32697,0.318389,-0.00823163,2.86034,3.90184e-05,0.0115563,0.307425,14925.7,0.573521,0.249756,-0.1,0.02,0.3,417.776,5.75078e+06,0.339534,0.0200025,0.576835,0.0158091,-0.24979,0.873474,-0.129093,nan,nan,nan,nan,-0.0106625,-0.0446175,-0.0175771,nan,-0.109131,0,-0.076208,-0.286389,nan,-0.464341,-0.705221,-0.347339,-0.387616,1.24758,0.523789,-0.492189,-0.0159789,0.0841447,-0.5
469,0.853734,700.5,0.00251492,0.375,0.375,0.143196,1.32254,0.48319,-0.00880154,2.85906,3.90184e-05,0.0111308,0.307401,16454.3,0.508646,0.238149,-0.1,0.02,0.3,418.524,5.76307e+06,0.305149,0.0179179,0.461627,0.0117278,-0.201588,0.7005,-0.100167,nan,nan,nan,nan,-0.00864123,-0.0362753,-0.0134144,nan,-0.0873311,0,-0.0621846,-0.233993,nan,-0.412434,-0.489255,-0.278761,-0.3233,0.992282,0.418,-0.3936,-0.0117667,0.0381944,-0.5
470,1.11035,664.5,0.00297268,0.291667,0.375,0.145871,1.29978,0.357014,-0.0082038,2.8589,3.90184e-05,0.00681283,0.307414,16406.1,0.504033,0.244955,-0.1,0.02,0.3,419.275,5.77536e+06,0.283285,0.0147795,0.4342,0.0122038,-0.190326,0.6645,-0.0972181,nan,nan,nan,nan,-0.00854111,-0.0333346,-0.0137244,nan,-0.0825036,0,-0.0744231,-0.217252,nan,-0.345451,-0.504402,-0.262844,-0.2871,0.948009,0.41525,-0.377025,-0.01155,0.0702344,-0.5
471,1.00867,711.118,-0.000213189,0.25,0.458333,0.145946,1.30991,0.701855,-0.00779835,2.85935,3.90184e-05,0.0151517,0.307425,13463.8,0.576283,0.336385,-0.1,0.02,0.3,420.189,5.78765e+06,0.319026,0.0153766,0.475885,0.0129913,-0.202796,0.711118,-0.106479,nan,nan,nan,nan,-0.00851437,-0.0319673,-0.0145255,nan,-0.0885483,0,-0.0616645,-0.234188,nan,-0.385259,-0.540533,-0.280305,-0.317912,1.01786,0.434588,-0.398965,-0.0130588,0.0718382,-0.5
472,2.43205,758.091,0.000724724,0.5,0.416667,0.141008,1.32577,0.562227,-0.00743528,2.85931,3.90184e-05,0.00878475,0.307405,12344.8,0.643014,0.352385,-0.1,0.02,0.3,421.186,5.79994e+06,0.32984,0.0178204,0.503604,0.0132613,-0.215581,0.758091,-0.107515,nan,nan,nan,nan,-0.00903307,-0.0369228,-0.0148519,nan,-0.0943856,0,-0.0678965,-0.249588,nan,-0.427276,-0.560811,-0.299207,-0.34335,1.07944,0.447818,-0.429927,-0.0131182,0.0684659,-0.5
473,0.745155,710.824,0.00105991,0.291667,0.416667,0.14377,1.33439,0.344029,-0.00904286,2.85806,3.90184e-05,0.0144187,0.30738,13300.7,0.612793,0.311069,-0.1,0.02,0.3,422.111,5.81222e+06,0.302967,0.0178715,0.466712,0.0115234,-0.203479,0.710824,-0.10035,nan,nan,nan,nan,-0.00872007,-0.0364092,-0.013854,nan,-0.0887208,0,-0.0678411,-0.23429,nan,-0.408097,-0.488034,-0.282361,-0.320029,1.01943,0.406824,-0.403694,-0.0132353,0.0643382,-0.5
474,-0.972038,661.556,0.00531517,0.166667,0.208333,0.141282,1.34161,0.463082,-0.00906968,2.85748,3.90184e-05,0.00735186,0.307371,12854.2,0.640802,0.315149,-0.1,0.02,0.3,423.069,5.82451e+06,0.239705,0.0154154,0.435969,0.0118735,-0.188697,0.661556,-0.100418,nan,nan,nan,nan,-0.00832813,-0.0323554,-0.0139376,nan,-0.0823537,0,-0.0636709,-0.221479,nan,-0.34395,-0.549948,-0.263088,-0.2881,0.94931,0.399556,-0.3732,-0.0126,0.0579167,-0.5
475,1.84886,810.211,0.00496269,0.416667,0.375,0.137631,1.33626,0.365755,-0.00794274,2.85683,3.90184e-05,0.00791459,0.307343,13686,0.54329,0.354561,-0.1,0.02,0.3,423.968,5.8368e+06,0.314182,0.020409,0.528451,0.0147495,-0.232822,0.810211,-0.123582,nan,nan,nan,nan,-0.0103728,-0.0437201,-0.0166627,nan,-0.10154,-1.57895e-05,-0.0684924,-0.268286,nan,-0.416805,-0.650381,-0.321182,-0.378616,1.15805,0.509474,-0.455621,-0.0155053,0.0773684,-0.5
476,-0.902858,648.333,0.00705513,0.208333,0.291667,0.141653,1.31119,0.518753,-0.00884471,2.85582,3.90184e-05,0.0102219,0.307336,12024.9,0.657814,0.364067,-0.1,0.02,0.3,424.991,5.84909e+06,0.246215,0.0143663,0.422748,0.0124363,-0.185346,0.648333,-0.0929167,nan,nan,nan,nan,-0.00786941,-0.0287073,-0.0125132,nan,-0.0809315,0,-0.0614121,-0.21914,nan,-0.364689,-0.518595,-0.257669,-0.288525,0.941301,0.396667,-0.3655,-0.00975,0.0580208,-0.5
477,3.44391,810.222,0.0052391,0.5,0.25,0.143331,1.3266,0.461079,-0.00901931,2.85537,3.90184e-05,0.00783538,0.307307,12813.5,0.61588,0.343111,-0.1,0.02,0.3,425.952,5.86138e+06,0.303208,0.0191575,0.543613,0.0156216,-0.231591,0.810222,-0.126165,nan,nan,nan,nan,-0.00992079,-0.0403598,-0.0167306,nan,-0.100766,0,-0.0773406,-0.263575,nan,-0.405606,-0.672639,-0.31916,-0.34975,1.16635,0.501778,-0.456867,-0.0151333,0.0645139,-0.5
478,1.81013,767.5,0.000262848,0.375,0.458333,0.139537,1.30515,0.500934,-0.0101269,2.85378,3.90184e-05,0.0165193,0.30727,12479.4,0.659434,0.325232,-0.1,0.02,0.3,426.938,5.87366e+06,0.342577,0.0171078,0.493856,0.012843,-0.219353,0.7675,-0.109535,nan,nan,nan,nan,-0.00989013,-0.0409542,-0.0154725,nan,-0.0958754,0,-0.0706722,-0.251024,nan,-0.421166,-0.555798,-0.305516,-0.35271,1.09452,0.4668,-0.4362,-0.01434,0.0688125,-0.5
479,8.05633,887.538,0.0069078,0.375,0.166667,0.14062,1.31323,0.484244,-0.0101512,2.85291,3.90184e-05,0.0148528,0.307279,15337.9,0.543953,0.2572,-0.1,0.02,0.3,427.741,5.88595e+06,0.406518,0.0181574,0.58863,0.0171346,-0.251505,0.887538,-0.131885,nan,nan,nan,nan,-0.0108421,-0.0443377,-0.0183398,nan,-0.110362,0,-0.0853662,-0.288102,nan,-0.447765,-0.644287,-0.349805,-0.390462,1.27072,0.571077,-0.497262,-0.0159692,0.0831731,-0.5
480,1.66625,699.429,0.000242019,0.416667,0.458333,0.145718,1.34804,0.419285,-0.00745544,2.85327,3.90184e-05,0.00551379,0.307274,14588.3,0.49761,0.344711,-0.1,0.02,0.3,428.584,5.89824e+06,0.323692,0.0158861,0.462212,0.0117793,-0.199805,0.699429,-0.102434,nan,nan,nan,nan,-0.00857469,-0.0335829,-0.0138504,nan,-0.0868413,-1.42857e-05,-0.0675836,-0.23189,nan,-0.384664,-0.498303,-0.274491,-0.320314,0.987812,0.437524,-0.396914,-0.0132571,0.0394048,-0.5
481,0.000107026,677.353,0.0035906,0.333333,0.375,0.141961,1.37322,0.614033,-0.00903363,2.85273,3.90184e-05,0.00894449,0.307268,12838.4,0.618168,0.33896,-0.1,0.02,0.3,429.543,5.91053e+06,0.300214,0.0177189,0.439189,0.0117504,-0.192849,0.677353,-0.0986965,nan,nan,nan,nan,-0.00786423,-0.0318527,-0.0126761,nan,-0.0843594,0,-0.0572397,-0.227018,nan,-0.420436,-0.484757,-0.267134,-0.305576,0.960236,0.397412,-0.378635,-0.0133765,0.0433088,-0.5
482,1.85272,699,0.00392344,0.375,0.333333,0.13975,1.32332,0.449158,-0.0084776,2.85247,5.85277e-05,0.00289178,0.307249,12463.8,0.639511,0.346381,-0.1,0.02,0.3,430.531,5.92282e+06,0.285655,0.0145005,0.461104,0.0133895,-0.199689,0.699,-0.104568,nan,nan,nan,nan,-0.00881033,-0.0344176,-0.0142509,nan,-0.0870111,0,-0.0678675,-0.233598,nan,-0.353525,-0.566086,-0.277888,-0.302612,1.01242,0.444471,-0.395788,-0.0115765,0.0550735,-0.5
483,2.21157,758.667,0.00254583,0.416667,0.333333,0.140198,1.33022,0.476784,-0.00904102,2.85247,5.85277e-05,0.0125951,0.307289,12554,0.614376,0.364432,-0.1,0.02,0.3,431.511,5.9351e+06,0.313085,0.0175155,0.493625,0.0143336,-0.215135,0.758667,-0.108774,nan,nan,nan,nan,-0.0093603,-0.0378843,-0.0150975,nan,-0.0943995,-1.66667e-05,-0.0770352,-0.251673,nan,-0.397568,-0.604351,-0.300694,-0.33445,1.09044,0.463111,-0.431933,-0.0135667,0.0739583,-0.5
484,3.79101,779.913,0.00127789,0.583333,0.375,0.140533,1.30527,0.402687,-0.0105585,2.85401,5.85277e-05,0.0145716,0.307309,15012.3,0.575875,0.242652,-0.1,0.02,0.3,432.331,5.94739e+06,0.329663,0.0179434,0.512487,0.0135498,-0.221816,0.779913,-0.109726,nan,nan,nan,nan,-0.00957393,-0.0380948,-0.0153077,nan,-0.0971137,-2.6087e-05,-0.077998,-0.252737,nan,-0.428841,-0.570033,-0.306721,-0.347909,1.1138,0.467478,-0.440713,-0.013513,0.0804891,-0.5
485,1.12582,821.9,0.00605833,0.25,0.166667,0.142757,1.31941,0.47755,-0.0103017,2.85423,5.85277e-05,0.0102441,0.30733,13993.8,0.516664,0.361439,-0.1,0.02,0.3,433.21,5.95968e+06,0.275648,0.0172161,0.534287,0.0141364,-0.231703,0.8219,-0.118974,nan,nan,nan,nan,-0.0101655,-0.0431108,-0.0163541,nan,-0.10198,0,-0.0746123,-0.272997,nan,-0.458015,-0.690172,-0.319914,-0.37242,1.17427,0.514,-0.45576,-0.01524,0.08625,-0.5
486,4.58465,835.111,0.0039308,0.5,0.25,0.143349,1.3154,0.382933,-0.0100133,2.85545,3.90184e-05,0.0212562,0.307364,12477.6,0.639185,0.345617,-0.1,0.02,0.3,434.197,5.97197e+06,0.333119,0.0213538,0.555799,0.0154237,-0.237893,0.835111,-0.126326,nan,nan,nan,nan,-0.0100276,-0.0396315,-0.0168327,nan,-0.104088,0,-0.0822576,-0.272196,nan,-0.442068,-0.621002,-0.328628,-0.37605,1.20668,0.509333,-0.475933,-0.0166667,0.0686806,-0.5
487,4.22584,837.812,0.00518067,0.458333,0.208333,0.14164,1.3265,0.311726,-0.00646028,2.85635,3.90184e-05,0.00687173,0.307366,13044.3,0.612271,0.329749,-0.1,0.02,0.3,435.141,5.98426e+06,0.32589,0.0177424,0.550025,0.0145025,-0.23924,0.837812,-0.122125,nan,nan,nan,nan,-0.0101257,-0.0420948,-0.016868,nan,-0.104206,0,-0.0864445,-0.273039,nan,-0.465406,-0.634842,-0.329118,-0.368775,1.20997,0.50675,-0.466125,-0.0135375,0.0767969,-0.5
488,3.54189,754.308,0.00786165,0.333333,0.208333,0.137041,1.32676,0.280048,-0.0091094,2.85612,3.90184e-05,0.0143499,0.307361,13488,0.608659,0.30237,-0.1,0.02,0.3,436.054,5.99654e+06,0.345488,0.0166216,0.498925,0.0134545,-0.212674,0.754308,-0.111292,nan,nan,nan,nan,-0.00900736,-0.0360294,-0.0145709,nan,-0.0931833,0,-0.0799122,-0.243147,nan,-0.420143,-0.601385,-0.29413,-0.324208,1.07393,0.451385,-0.427754,-0.0144,0.0508654,-0.5
489,-1.20882,470,0.00444809,0.125,0.291667,0.143271,1.33145,0.503944,-0.00937138,2.85621,3.90184e-05,0.0102546,0.307384,14496.9,0.573728,0.273903,-0.1,0.02,0.3,436.903,6.00883e+06,0.226691,0.011101,0.300506,0.00910895,-0.133237,0.47,-0.066851,nan,nan,nan,nan,-0.00647262,-0.0247153,-0.00917717,nan,-0.05854,0,-0.0399165,-0.160099,nan,-0.23711,-0.304774,-0.186151,-0.21672,0.674991,0.2784,-0.26628,-0.00732,0.036125,-0.5
490,-0.989701,627.789,-0.00275594,0.25,0.541667,0.145235,1.31845,0.722887,-0.00782549,2.85741,3.90184e-05,0.0126858,0.307418,16503.6,0.50454,0.240027,-0.1,0.02,0.3,437.649,6.02112e+06,0.260541,0.0158731,0.403044,0.0113877,-0.17761,0.627789,-0.0897268,nan,nan,nan,nan,-0.00824622,-0.0325246,-0.0123932,nan,-0.078117,0,-0.0659084,-0.206291,nan,-0.327123,-0.465208,-0.246689,-0.279995,0.900079,0.373474,-0.3576,-0.0110842,0.0589474,-0.5
491,-2.0668,598.824,0.000425726,0.166667,0.541667,0.137004,1.32191,0.696497,-0.00841327,2.85902,3.90184e-05,0.00692075,0.307478,12682.5,0.614446,0.354447,-0.1,0.02,0.3,438.619,6.03341e+06,0.263684,0.0124389,0.389673,0.0104713,-0.169029,0.598824,-0.0877224,nan,nan,nan,nan,-0.00774921,-0.0285448,-0.0117846,nan,-0.0744256,0,-0.05909,-0.199346,nan,-0.333092,-0.432853,-0.236377,-0.268676,0.849257,0.369176,-0.337341,-0.0109059,0.0424265,-0.5
492,-1.09652,629.846,0.00248488,0.166667,0.375,0.13543,1.33026,0.627167,-0.00914169,2.86122,3.90184e-05,0.0132401,0.307524,13079.8,0.620121,0.319344,-0.1,0.02,0.3,439.56,6.0457e+06,0.269283,0.0140481,0.402275,0.010454,-0.17816,0.629846,-0.0864,nan,nan,nan,nan,-0.00825589,-0.032059,-0.0121409,nan,-0.0783877,0,-0.0683079,-0.208486,nan,-0.356474,-0.439799,-0.249888,-0.279,0.89833,0.370154,-0.359077,-0.0105692,0.0639423,-0.5
493,-2.60598,550.824,-0.000888577,0.166667,0.541667,0.139795,1.3525,0.702388,-0.00710684,2.86276,3.90184e-05,0.00852198,0.307565,13388.6,0.597356,0.320438,-0.1,0.02,0.3,440.479,6.05798e+06,0.245826,0.0159928,0.353123,0.00912675,-0.15681,0.550824,-0.0780524,nan,nan,nan,nan,-0.00761028,-0.0289277,-0.0108762,nan,-0.0683649,0,-0.0613194,-0.179679,nan,-0.299078,-0.385495,-0.216612,-0.256447,0.777672,0.325176,-0.316306,-0.0106235,0.0505147,-0.5
494,3.18644,744.848,-0.00359922,0.708333,0.666667,0.139563,1.33209,0.61154,-0.00823778,2.86448,3.90184e-05,0.00718185,0.30761,14723.9,0.568658,0.265904,-0.1,0.02,0.3,441.315,6.07027e+06,0.334144,0.0161944,0.485679,0.0135319,-0.211279,0.744848,-0.107835,nan,nan,nan,nan,-0.00932581,-0.0367038,-0.0148535,nan,-0.0924096,-1.81818e-05,-0.082219,-0.245647,nan,-0.39072,-0.535906,-0.292902,-0.329264,1.0645,0.454909,-0.423927,-0.0140182,0.0749621,-0.5
495,-1.51225,602.957,-0.00256841,0.375,0.583333,0.139004,1.33783,0.471342,-0.00774223,2.86546,3.90184e-05,0.00889287,0.307618,16048.1,0.513897,0.251801,-0.1,0.02,0.3,442.082,6.08256e+06,0.245584,0.013055,0.390797,0.0106631,-0.171364,0.602957,-0.0835443,nan,nan,nan,nan,-0.00779459,-0.0308553,-0.0116136,nan,-0.0748018,0,-0.0667913,-0.199515,nan,-0.341982,-0.448862,-0.237984,-0.266987,0.85679,0.36,-0.343878,-0.0103565,0.0452174,-0.5
496,3.51774,830.533,0.00275966,0.375,0.25,0.142202,1.33317,0.513545,-0.00835665,2.86513,3.90184e-05,0.0153825,0.307586,14899.9,0.508579,0.316126,-0.1,0.02,0.3,442.908,6.09485e+06,0.358865,0.0177463,0.542694,0.0125452,-0.233491,0.830533,-0.117721,nan,nan,nan,nan,-0.00986472,-0.0409563,-0.0159958,nan,-0.102771,-4e-05,-0.0935271,-0.273616,nan,-0.486216,-0.581176,-0.322926,-0.37302,1.18196,0.498133,-0.4704,-0.0142,0.0693333,-0.5
497,0.424809,641.562,0.00120921,0.25,0.416667,0.138567,1.32215,0.462602,-0.00905649,2.86404,3.90184e-05,0.0114607,0.307575,12291.7,0.623546,0.376152,-0.1,0.02,0.3,443.91,6.10714e+06,0.276813,0.0132261,0.418445,0.0120512,-0.179535,0.641562,-0.0953963,nan,nan,nan,nan,-0.00833476,-0.0323896,-0.0131521,nan,-0.0792122,0,-0.0716506,-0.210536,nan,-0.328576,-0.499217,-0.251455,-0.281644,0.925747,0.40375,-0.361275,-0.01095,0.0654687,-0.5
498,3.05426,759.5,0.00144242,0.458333,0.375,0.136554,1.32561,0.480867,-0.00891665,2.86419,3.90184e-05,0.014578,0.307591,13007.3,0.615668,0.329032,-0.1,0.02,0.3,444.856,6.11942e+06,0.315029,0.0155687,0.496498,0.01397,-0.212861,0.7595,-0.112441,nan,nan,nan,nan,-0.00977756,-0.0386729,-0.0155016,nan,-0.0939726,0,-0.0904197,-0.248604,nan,-0.391943,-0.567096,-0.296868,-0.3303,1.09359,0.4584,-0.42954,-0.0141,0.07725,-0.5
499,1.13739,715.231,0.00321004,0.25,0.291667,0.138963,1.32795,0.416842,-0.00889847,2.86447,3.90184e-05,0.0102478,0.307574,13506.2,0.602187,0.307616,-0.1,0.02,0.3,445.768,6.13171e+06,0.315239,0.0171966,0.464981,0.0132597,-0.198929,0.715231,-0.104867,nan,nan,nan,nan,-0.00907901,-0.0366216,-0.0146545,nan,-0.0884679,0,-0.083215,-0.237307,nan,-0.373709,-0.55266,-0.281071,-0.315554,1.0151,0.439077,-0.407908,-0.0139846,0.0640385,-0.5
500,3.81432,717.526,0.00260028,0.416667,0.375,0.137238,1.33217,0.277396,-0.0083274,2.86349,3.90184e-05,0.0105949,0.307553,14841.2,0.578482,0.249484,-0.1,0.02,0.3,446.597,6.144e+06,0.304313,0.0173173,0.480283,0.014086,-0.201156,0.717526,-0.109394,nan,nan,nan,nan,-0.00892988,-0.034077,-0.014737,nan,-0.0886542,-4.73684e-05,-0.0774939,-0.231847,nan,-0.362475,-0.529849,-0.279638,-0.307137,1.02696,0.460842,-0.402,-0.0130421,0.0667105,-0.5
501,7.64107,867.857,-0.0619835,0.25,0.0416667,0.137007,1.34479,0.702536,-0.00140471,2.86283,5.85277e-05,0.00305342,0.307544,12635.8,0.623664,0.34881,-0.1,0.05,0.6,449.408,6.15629e+06,0.401426,0.0234798,0.565926,0.0139995,-0.246645,0.867857,-0.136587,nan,nan,nan,nan,-0.010952,-0.0456346,-0.0182938,nan,-0.109651,0,-0.0913941,-0.279003,nan,-0.470614,-0.609673,-0.345242,-0.407314,1.23836,0.537143,-0.487371,-0.0172286,0.0808929,-0.5
502,1.29606,817.444,-0.0654967,0.458333,0.291667,0.137952,1.33316,0.380387,-0.0058467,2.86229,5.85277e-05,0.0131446,0.307514,13101,0.617848,0.320094,-0.1,0.05,0.6,450.347,6.16858e+06,0.323969,0.0209496,0.526422,0.0137004,-0.230872,0.817444,-0.119315,nan,nan,nan,nan,-0.0117165,-0.0468375,-0.0171513,nan,-0.105209,-5e-05,-0.109013,-0.275831,nan,-0.452142,-0.612241,-0.332736,-0.3721,1.15252,0.504667,-0.483667,-0.0154333,0.0838889,-0.5
503,-1.77506,690,-0.0670286,0.291667,0.291667,0.140021,1.34024,0.51132,-0.00264714,2.86084,8.77915e-05,0.00398546,0.307488,14561.4,0.590336,0.253542,-0.1,0.05,0.6,451.192,6.18086e+06,0.300851,0.0172023,0.446719,0.0117644,-0.195121,0.69,-0.110594,nan,nan,nan,nan,-0.010167,-0.0406796,-0.0153813,nan,-0.0924022,0,-0.0927301,-0.246955,nan,-0.393587,-0.544058,-0.290399,-0.321814,0.984613,0.424286,-0.429343,-0.0145286,0.0835714,-0.5
504,-3.48663,710.375,-0.066249,0.333333,0.333333,0.137249,1.33994,0.487159,-0.00565549,2.85979,8.77915e-05,0.0112787,0.307463,16177.6,0.520172,0.239396,-0.1,0.05,0.6,451.954,6.19315e+06,0.335105,0.0174854,0.462619,0.0123621,-0.200002,0.710375,-0.113531,nan,nan,nan,nan,-0.0101187,-0.0387368,-0.0154129,nan,-0.0981382,0,-0.0965295,-0.26189,nan,-0.446203,-0.553429,-0.310995,-0.342731,1.02355,0.422,-0.44925,-0.0120375,0.0411719,-0.5
505,-5.93151,815.125,-0.0682054,0.333333,0.333333,0.136366,1.31304,0.478983,-0.00321479,2.85885,8.77915e-05,0.00591774,0.30742,15808.3,0.497819,0.279494,-0.1,0.05,0.6,452.732,6.20544e+06,0.353581,0.0198207,0.536522,0.0134304,-0.229245,0.815125,-0.134981,nan,nan,nan,nan,-0.011098,-0.0427321,-0.018524,nan,-0.114204,0,-0.104613,-0.306793,nan,-0.539539,-0.662747,-0.361143,-0.41265,1.16954,0.484,-0.526575,-0.018675,0.0449219,-0.5
506,-7.57519,832.357,-0.0646454,0.375,0.208333,0.139284,1.31568,0.365909,-0.00774196,2.85598,8.77915e-05,0.015714,0.307347,13176.6,0.577859,0.354702,-0.1,0.05,0.6,453.692,6.21773e+06,0.335338,0.0196397,0.524375,0.0149656,-0.236422,0.832357,-0.137199,nan,nan,nan,nan,-0.0132146,-0.0551339,-0.0190106,nan,-0.119823,0,-0.103566,-0.319578,nan,-0.526671,-0.79309,-0.379859,-0.428786,1.18294,0.504857,-0.556286,-0.0161143,0.0900893,-0.5
507,-7.80804,758.286,-0.0653439,0.5,0.375,0.136837,1.31157,0.506838,-0.00483918,2.85406,8.77915e-05,0.00992234,0.307324,12825.6,0.637105,0.320978,-0.1,0.05,0.6,454.651,6.23002e+06,0.352857,0.019486,0.498087,0.0122633,-0.214177,0.758286,-0.137117,nan,nan,nan,nan,-0.0112346,-0.044327,-0.018094,nan,-0.113057,0,-0.108612,-0.305753,nan,-0.492135,-0.694179,-0.359488,-0.4116,1.08308,0.475238,-0.516057,-0.0164286,0.0668452,-0.5
508,-8.00765,762.15,-0.0668019,0.458333,0.375,0.139928,1.319,0.398866,-0.00701239,2.85315,8.77915e-05,0.015807,0.307299,13054.5,0.632222,0.309063,-0.1,0.05,0.6,455.594,6.2423e+06,0.348111,0.018981,0.502264,0.0140969,-0.216278,0.76215,-0.141405,nan,nan,nan,nan,-0.0116924,-0.0452694,-0.0186575,nan,-0.116452,0,-0.10316,-0.304943,nan,-0.505094,-0.666409,-0.366152,-0.405225,1.09563,0.4702,-0.53532,-0.01707,0.0663125,-0.5
509,-8.23001,837.625,-0.0637486,0.375,0.291667,0.137418,1.33763,0.489909,-0.00546847,2.85197,8.77915e-05,0.0139052,0.307265,14464.2,0.594575,0.25497,-0.1,0.05,0.6,456.445,6.25459e+06,0.373324,0.0180494,0.54329,0.0144175,-0.234946,0.837625,-0.149943,nan,nan,nan,nan,-0.0129506,-0.0518276,-0.0201468,nan,-0.128057,0,-0.119162,-0.334013,nan,-0.574564,-0.663073,-0.404489,-0.46395,1.19885,0.51225,-0.5919,-0.0185625,0.0770312,-0.5
510,-15.9184,676.353,-0.0666076,0.291667,0.416667,0.139213,1.31748,0.366328,-0.00701327,2.84984,8.77915e-05,0.0146789,0.307183,15876.5,0.534637,0.239337,-0.1,0.05,0.6,457.22,6.26688e+06,0.25171,0.0173806,0.440554,0.0120789,-0.190723,0.676353,-0.132131,nan,nan,nan,nan,-0.0116126,-0.0453191,-0.0175523,nan,-0.108365,0,-0.104806,-0.285958,nan,-0.459771,-0.732979,-0.34235,-0.380647,0.95505,0.418118,-0.494259,-0.0152471,0.0486765,-0.5
511,-9.64542,828.2,-0.0602257,0.416667,0.208333,0.137972,1.32588,0.34182,-0.00671646,2.84628,8.77915e-05,0.0129243,0.307102,13113.6,0.543446,0.393595,-0.1,0.05,0.6,458.159,6.27917e+06,0.375622,0.0195347,0.54199,0.0132955,-0.231961,0.8282,-0.160014,nan,nan,nan,nan,-0.0132703,-0.054078,-0.0214719,nan,-0.130479,0,-0.121041,-0.339682,nan,-0.564512,-0.749168,-0.411867,-0.46248,1.18208,0.525867,-0.60352,-0.01756,0.0789167,-0.5
512,-18.705,622.833,-0.0645716,0.208333,0.291667,0.140247,1.31972,0.305439,-0.00663533,2.84331,8.77915e-05,0.0155207,0.307046,12756.1,0.630375,0.33293,-0.1,0.05,0.6,459.124,6.29146e+06,0.251862,0.0147715,0.400226,0.0104164,-0.176056,0.622833,-0.125715,nan,nan,nan,nan,-0.0117043,-0.0435277,-0.0169306,nan,-0.107656,0,-0.0913213,-0.28719,nan,-0.496171,-0.652883,-0.341251,-0.380175,0.889085,0.365,-0.4974,-0.01365,0.0438542,-0.5
513,-17.5066,706.909,-0.0698672,0.416667,0.5,0.14032,1.31258,0.316608,-0.00763195,2.84054,8.77915e-05,0.0077058,0.30694,13324.7,0.600771,0.321423,-0.1,0.05,0.6,460.048,6.30374e+06,0.310351,0.0146248,0.461201,0.0121723,-0.199576,0.706909,-0.143731,nan,nan,nan,nan,-0.0119751,-0.0471976,-0.0188157,nan,-0.122111,0,-0.10237,-0.324269,nan,-0.567523,-0.711151,-0.384263,-0.43155,1.01578,0.426545,-0.556691,-0.0169091,0.055625,-0.5
514,-17.2571,772.941,-0.064474,0.416667,0.291667,0.142147,1.30909,0.323246,-0.00783705,2.83482,8.77915e-05,0.00866103,0.306774,13767.3,0.616535,0.276014,-0.1,0.05,0.6,460.941,6.31603e+06,0.350517,0.016861,0.502104,0.0126265,-0.219125,0.772941,-0.154936,nan,nan,nan,nan,-0.012849,-0.0512115,-0.0203666,nan,-0.129596,0,-0.115792,-0.345511,nan,-0.621542,-0.789398,-0.410104,-0.456618,1.12288,0.450588,-0.5916,-0.0166941,0.0498529,-0.5
515,-21.1486,539.944,-0.0702791,0.166667,0.583333,0.141549,1.33298,0.399104,-0.00660827,2.82886,8.77915e-05,0.0129747,0.306668,15785.2,0.541512,0.23694,-0.1,0.05,0.6,461.721,6.32832e+06,0.246716,0.0143489,0.350876,0.00946138,-0.152845,0.539944,-0.118374,nan,nan,nan,nan,-0.0111919,-0.0372921,-0.0152638,nan,-0.100498,0,-0.0865937,-0.267602,nan,-0.444453,-0.585332,-0.316833,-0.3411,0.77521,0.311333,-0.464067,-0.0129,0.0379167,-0.5
516,-21.4927,669.263,-0.0666045,0.333333,0.458333,0.14051,1.31586,0.282697,-0.00848045,2.82464,8.77915e-05,0.0112411,0.306539,15993.3,0.529369,0.238954,-0.1,0.05,0.6,462.491,6.34061e+06,0.287833,0.0154453,0.432617,0.0112399,-0.188655,0.669263,-0.138459,nan,nan,nan,nan,-0.0120298,-0.0460681,-0.0184391,nan,-0.122337,0,-0.13046,-0.318474,nan,-0.609815,-0.691798,-0.387277,-0.416368,0.965272,0.384421,-0.565705,-0.0157895,0.0740132,-0.5
517,-22.5752,578.56,-0.0731318,0.333333,0.708333,0.142247,1.30136,0.346856,-0.00782166,2.81873,8.77915e-05,0.0132404,0.306397,16411.3,0.502954,0.245798,-0.1,0.05,0.6,463.241,6.3529e+06,0.255601,0.0127615,0.373023,0.00970712,-0.162616,0.57856,-0.131968,nan,nan,nan,nan,-0.0122166,-0.0459927,-0.0177632,nan,-0.109487,0,-0.105217,-0.295011,nan,-0.465288,-0.654575,-0.346623,-0.373752,0.822829,0.35536,-0.502512,-0.01488,0.0413,-0.5
518,-25.8348,844.75,-0.0648178,0.375,0.291667,0.144313,1.32877,0.224145,-0.00882669,2.81344,5.85277e-05,0.0201498,0.306263,15997.9,0.525023,0.243076,-0.1,0.05,0.6,464.01,6.36518e+06,0.358252,0.0227618,0.549381,0.0130297,-0.237963,0.84475,-0.186493,nan,nan,nan,nan,-0.0152047,-0.0607651,-0.0243771,nan,-0.156275,-1.875e-05,-0.158601,-0.410033,nan,-0.753816,-0.800056,-0.49486,-0.556312,1.20096,0.48825,-0.722025,-0.02295,0.049375,-0.5
519,-24.7353,658.95,-0.0665895,0.375,0.458333,0.14627,1.28745,0.226732,-0.00893533,2.80749,5.85277e-05,0.00522987,0.306099,16291.5,0.502413,0.251843,-0.1,0.05,0.6,464.766,6.37747e+06,0.307461,0.0177829,0.424296,0.0108826,-0.186645,0.65895,-0.155498,nan,nan,nan,nan,-0.0128962,-0.0496909,-0.0203002,nan,-0.126774,0,-0.108217,-0.338306,nan,-0.575548,-0.7391,-0.399243,-0.460575,0.942477,0.4012,-0.57474,-0.01803,0.04075,-0.5
520,-29.5198,787,-0.0624691,0.208333,0.166667,0.14728,1.32054,0.275899,-0.00792933,2.8011,5.85277e-05,0.0150677,0.305986,16512.9,0.498733,0.24541,-0.1,0.05,0.6,465.511,6.38976e+06,0.347887,0.0210721,0.515519,0.0133381,-0.222679,0.787,-0.179756,nan,nan,nan,nan,-0.013847,-0.0572261,-0.0232964,nan,-0.151886,0,-0.129122,-0.389162,nan,-0.727988,-0.907876,-0.479122,-0.5354,1.10975,0.447111,-0.690933,-0.0234,0.03625,-0.5
521,-25.0945,715.211,-0.0671215,0.333333,0.458333,0.142151,1.31515,0.348996,-0.00643971,2.79741,5.85277e-05,0.00915636,0.305895,15786,0.523178,0.255233,-0.1,0.05,0.6,466.291,6.40205e+06,0.353085,0.014531,0.458426,0.0128411,-0.200443,0.715211,-0.170465,nan,nan,nan,nan,-0.0147468,-0.059788,-0.0221415,nan,-0.139528,0,-0.1136,-0.363612,nan,-0.626911,-0.774225,-0.442079,-0.500968,1.02662,0.424211,-0.637326,-0.0191684,0.0740789,-0.5
522,-28.4207,732,-0.0678475,0.375,0.458333,0.14403,1.36189,0.284315,-0.00803047,2.79306,5.85277e-05,0.0153521,0.305774,14953.9,0.534301,0.287426,-0.1,0.05,0.6,467.114,6.41434e+06,0.318189,0.0180441,0.485983,0.0122072,-0.207134,0.732,-0.173421,nan,nan,nan,nan,-0.0140309,-0.0524348,-0.0223547,nan,-0.144714,0,-0.145676,-0.377851,nan,-0.685374,-0.783119,-0.454579,-0.48474,1.0462,0.4324,-0.67044,-0.01938,0.0441875,-0.5
523,-33.5557,758.167,-0.0703402,0.375,0.625,0.144551,1.30542,0.309776,-0.00720254,2.78804,5.85277e-05,0.00878853,0.305649,16132.2,0.518814,0.242894,-0.1,0.05,0.6,467.877,6.42662e+06,0.325256,0.0177732,0.490233,0.0132917,-0.213987,0.758167,-0.180875,nan,nan,nan,nan,-0.0152077,-0.0577467,-0.0233745,nan,-0.155963,0,-0.134961,-0.411481,nan,-0.707575,-0.87546,-0.490608,-0.527362,1.07862,0.437833,-0.7131,-0.02235,0.0435938,-0.5
524,-29.3757,701.188,-0.0657025,0.291667,0.375,0.142575,1.33348,0.270218,-0.00813216,2.78265,5.85277e-05,0.0150398,0.305509,16232.8,0.505627,0.251357,-0.1,0.05,0.6,468.637,6.43891e+06,0.296658,0.0176727,0.4587,0.0118714,-0.195524,0.701187,-0.172783,nan,nan,nan,nan,-0.0135894,-0.0510921,-0.0225209,nan,-0.142024,0,-0.134947,-0.366426,nan,-0.675729,-0.74138,-0.447195,-0.508219,1.00229,0.41575,-0.6498,-0.021375,0.0509375,-0.5
525,-32.3059,686.625,-0.0675051,0.458333,0.541667,0.142705,1.31044,0.256625,-0.00895742,2.77711,5.85277e-05,0.0164752,0.30538,16000,0.508438,0.25956,-0.1,0.05,0.6,469.406,6.4512e+06,0.306561,0.0174384,0.448048,0.0123833,-0.193392,0.686625,-0.174905,nan,nan,nan,nan,-0.0143554,-0.0564576,-0.0227811,nan,-0.144725,-2.5e-05,-0.119761,-0.389097,nan,-0.664948,-0.877982,-0.456418,-0.510825,0.994224,0.413333,-0.6623,-0.018875,0.0471875,-0.5
526,-31.4259,714.353,-0.0671635,0.291667,0.416667,0.146468,1.3068,0.236019,-0.0102588,2.77173,5.85277e-05,0.0168748,0.30524,16179.9,0.502897,0.256565,-0.1,0.05,0.6,470.167,6.46349e+06,0.329224,0.0173813,0.465915,0.0132453,-0.200534,0.714353,-0.181734,nan,nan,nan,nan,-0.0151269,-0.0591721,-0.0241738,nan,-0.151525,-7.05882e-05,-0.141043,-0.391231,nan,-0.66429,-0.792659,-0.476433,-0.5238,1.02703,0.432,-0.709765,-0.0196235,0.0748529,-0.5
527,-33.4507,655.462,-0.065706,0.208333,0.333333,0.148109,1.29958,0.250717,-0.00908303,2.76595,5.85277e-05,0.00672184,0.305088,16385.2,0.506891,0.243055,-0.1,0.05,0.6,470.919,6.47578e+06,0.262887,0.0154853,0.433003,0.0128878,-0.184706,0.655462,-0.172522,nan,nan,nan,nan,-0.0140482,-0.0538044,-0.0224898,nan,-0.13867,0,-0.118327,-0.361291,nan,-0.583585,-0.987446,-0.436909,-0.476169,0.936411,0.400923,-0.639231,-0.0206769,0.0520192,-0.5
528,-35.1907,734.474,-0.0669229,0.333333,0.458333,0.148376,1.31229,0.226852,-0.0106144,2.76027,5.85277e-05,0.00937102,0.30498,16434.8,0.502017,0.245663,-0.1,0.05,0.6,471.668,6.48806e+06,0.357264,0.0170299,0.477419,0.0131566,-0.206255,0.734474,-0.186054,nan,nan,nan,nan,-0.015334,-0.0602995,-0.0242791,nan,-0.159031,0,-0.131007,-0.420872,nan,-0.751036,-0.834424,-0.500204,-0.555205,1.04298,0.425053,-0.730989,-0.0210632,0.0586184,-0.5
529,-31.2571,574.833,-0.0630276,0.208333,0.291667,0.146161,1.32081,0.206002,-0.0109593,2.75518,5.85277e-05,0.0187149,0.304799,15800.8,0.507437,0.270243,-0.1,0.05,0.6,472.447,6.50035e+06,0.26185,0.0171703,0.370858,0.0107354,-0.160977,0.574833,-0.136042,nan,nan,nan,nan,-0.0123682,-0.0492186,-0.0176063,nan,-0.125378,0,-0.112169,-0.331165,nan,-0.653982,-0.669479,-0.397634,-0.44145,0.816656,0.318667,-0.5755,-0.01305,0.0540625,-0.5
530,-36.7588,568.545,-0.060105,0.125,0.333333,0.145465,1.33511,0.212831,-0.0104437,2.7461,5.85277e-05,0.00965535,0.304547,16255.3,0.503463,0.252477,-0.1,0.05,0.6,473.204,6.51264e+06,0.240633,0.0119026,0.366119,0.0113573,-0.15883,0.568545,-0.149223,nan,nan,nan,nan,-0.0122392,-0.0465856,-0.019046,nan,-0.131188,0,-0.101046,-0.347932,nan,-0.625081,-0.785007,-0.413487,-0.442473,0.83384,0.319273,-0.611782,-0.0161455,0.0340909,-0.5
531,-43.4177,821.083,-0.0611774,0.25,0.25,0.145779,1.30962,0.281302,-0.0102786,2.73707,5.85277e-05,0.0118449,0.304348,16687.3,0.490298,0.246072,-0.1,0.05,0.6,473.942,6.52493e+06,0.342432,0.0172533,0.531119,0.015832,-0.22971,0.821083,-0.222962,nan,nan,nan,nan,-0.0189732,-0.0769082,-0.0290416,nan,-0.18427,-5e-05,-0.152266,-0.487189,nan,-0.777803,-1.11886,-0.577736,-0.6546,1.18451,0.497667,-0.8524,-0.02645,0.0784375,-0.5
532,-43.126,824.423,-0.0665749,0.583333,0.5,0.146772,1.3007,0.240033,-0.0105005,2.72971,5.85277e-05,0.0119846,0.304172,16467.6,0.50174,0.244451,-0.1,0.05,0.6,474.689,6.53722e+06,0.327223,0.0199499,0.539896,0.0155457,-0.230167,0.824423,-0.223517,nan,nan,nan,nan,-0.0182255,-0.0738395,-0.0286753,nan,-0.184769,0,-0.160924,-0.477006,nan,-0.796645,-1.07104,-0.580474,-0.651946,1.16602,0.496923,-0.855323,-0.0264692,0.0635096,-0.5
533,-40.7718,628.438,-0.0658582,0.208333,0.458333,0.141787,1.31891,0.276007,-0.00965994,2.72272,5.85277e-05,0.0120407,0.304008,16561.7,0.49934,0.242612,-0.1,0.05,0.6,475.433,6.5495e+06,0.24603,0.0152086,0.41145,0.0132078,-0.176713,0.628437,-0.179482,nan,nan,nan,nan,-0.0150921,-0.055438,-0.0230819,nan,-0.145339,0,-0.12717,-0.383646,nan,-0.598757,-0.960409,-0.458388,-0.504787,0.900131,0.377,-0.672225,-0.02265,0.036875,-0.5
534,-39.8332,710.48,-0.0656886,0.458333,0.583333,0.141616,1.34225,0.253819,-0.0108942,2.71637,5.85277e-05,0.012277,0.303855,16153.9,0.508122,0.252562,-0.1,0.05,0.6,476.194,6.56179e+06,0.3184,0.0159183,0.466246,0.013003,-0.197344,0.71048,-0.1974,nan,nan,nan,nan,-0.0153501,-0.0611135,-0.0248148,nan,-0.163817,0,-0.141053,-0.434463,nan,-0.733274,-0.924157,-0.514739,-0.565956,1.01669,0.4144,-0.757968,-0.023208,0.0509,-0.5
535,-40.1268,737.524,-0.0621076,0.5,0.375,0.14594,1.32728,0.263124,-0.010232,2.71113,5.85277e-05,0.0127175,0.303762,16285.9,0.51127,0.243248,-0.1,0.05,0.6,476.95,6.57408e+06,0.318684,0.0181378,0.485831,0.0157523,-0.205583,0.737524,-0.211718,nan,nan,nan,nan,-0.0169948,-0.0684901,-0.0272173,nan,-0.169494,0,-0.136221,-0.440525,nan,-0.683383,-1.05044,-0.533049,-0.584529,1.06225,0.455619,-0.779371,-0.0249143,0.0460714,-0.5
536,-34.7174,620,-0.0668244,0.5,0.583333,0.144708,1.33182,0.24388,-0.0108352,2.70687,5.85277e-05,0.013554,0.303611,15789.5,0.53589,0.24235,-0.1,0.05,0.6,477.73,6.58637e+06,0.275235,0.0140534,0.404323,0.0126074,-0.173772,0.62,-0.184637,nan,nan,nan,nan,-0.0149629,-0.0584322,-0.0236949,nan,-0.144684,0,-0.114445,-0.376782,nan,-0.578607,-0.774511,-0.452069,-0.523835,0.888298,0.381846,-0.6654,-0.0212077,0.0440385,-0.5
537,-42.7319,786.118,-0.0592881,0.416667,0.291667,0.139351,1.29339,0.232424,-0.0107276,2.69964,5.85277e-05,0.00880214,0.303428,15902.1,0.511708,0.26102,-0.1,0.05,0.6,478.504,6.59866e+06,0.371153,0.01826,0.510839,0.0163254,-0.219285,0.786118,-0.221564,nan,nan,nan,nan,-0.0187444,-0.0811781,-0.0291403,nan,-0.185825,-0.000141176,-0.14265,-0.481538,nan,-0.779517,-1.03379,-0.582813,-0.669441,1.11726,0.481882,-0.845647,-0.0223059,0.0810294,-0.5
538,-43.4855,700.357,-0.0642884,0.125,0.458333,0.143118,1.32799,0.25962,-0.010477,2.69256,5.85277e-05,0.0183502,0.303243,15641.2,0.517545,0.26807,-0.1,0.05,0.6,479.291,6.61094e+06,0.336439,0.0156522,0.450753,0.0129895,-0.195289,0.700357,-0.209358,nan,nan,nan,nan,-0.0176476,-0.0712116,-0.0269648,nan,-0.168372,0,-0.165744,-0.445973,nan,-0.717187,-0.82662,-0.528468,-0.598179,1.00256,0.427143,-0.776743,-0.0234857,0.0439286,-0.5
539,-39.3386,640.312,-0.0634265,0.25,0.416667,0.143066,1.30438,0.244402,-0.0105756,2.6844,5.85277e-05,0.0133669,0.303027,15252.6,0.562284,0.243351,-0.1,0.05,0.6,480.098,6.62323e+06,0.303516,0.0156737,0.422221,0.0144165,-0.178701,0.640312,-0.1982,nan,nan,nan,nan,-0.0154677,-0.0619445,-0.0253108,nan,-0.154895,0,-0.105104,-0.405779,nan,-0.594737,-0.917146,-0.486624,-0.569025,0.936586,0.397,-0.70545,-0.0228,0.0570313,-0.5
540,-43.5871,732.294,-0.0613485,0.416667,0.291667,0.14515,1.31562,0.18799,-0.0109587,2.67655,5.85277e-05,0.0179136,0.302875,16771.1,0.490051,0.242637,-0.1,0.05,0.6,480.832,6.63552e+06,0.343016,0.0159426,0.478405,0.0143851,-0.203626,0.732294,-0.2167,nan,nan,nan,nan,-0.0171162,-0.0700174,-0.0274436,nan,-0.176628,0,-0.151116,-0.472484,nan,-0.740881,-1.08225,-0.550988,-0.622694,1.06225,0.438353,-0.812118,-0.0246353,0.0469118,-0.5
541,-45.4885,728.647,-0.0606974,0.375,0.333333,0.144238,1.34122,0.201953,-0.0107991,2.67134,5.85277e-05,0.0133388,0.302743,16294.7,0.512992,0.24112,-0.1,0.05,0.6,481.588,6.64781e+06,0.328902,0.0158001,0.469845,0.0171941,-0.201892,0.728647,-0.222084,nan,nan,nan,nan,-0.0187211,-0.0733378,-0.0291948,nan,-0.179308,0,-0.131535,-0.4703,nan,-0.682116,-1.07637,-0.562736,-0.636988,1.04601,0.443294,-0.826094,-0.0259412,0.0477941,-0.5
542,-40.8619,554,-0.0612929,0.208333,0.416667,0.140445,1.3522,0.307026,-0.0112196,2.66546,5.85277e-05,0.017326,0.302594,16540.1,0.490934,0.251988,-0.1,0.05,0.6,482.332,6.6601e+06,0.208181,0.012338,0.352657,0.011671,-0.153756,0.554,-0.156139,nan,nan,nan,nan,-0.0142389,-0.0554776,-0.0201784,nan,-0.136635,0,-0.110742,-0.357251,nan,-0.613609,-0.809993,-0.429852,-0.49278,0.791057,0.3104,-0.62864,-0.01644,0.0456667,-0.5
543,-39.8842,596,-0.0655815,0.25,0.625,0.141175,1.35282,0.26292,-0.0108677,2.65975,5.85277e-05,0.0145527,0.30247,16570,0.497445,0.244136,-0.1,0.05,0.6,483.075,6.67238e+06,0.264967,0.0141517,0.390837,0.0126901,-0.165236,0.596,-0.172079,nan,nan,nan,nan,-0.0143862,-0.0549703,-0.0225844,nan,-0.147439,0,-0.114484,-0.385412,nan,-0.631387,-0.835675,-0.463647,-0.510514,0.856854,0.346857,-0.676,-0.0202857,0.054881,-0.5
544,-47.1696,702,-0.0600288,0.375,0.333333,0.140833,1.29922,0.251306,-0.0109649,2.65526,5.85277e-05,0.0138335,0.302375,16642.6,0.496523,0.241824,-0.1,0.05,0.6,483.814,6.68467e+06,0.27664,0.0160383,0.463907,0.0167098,-0.194007,0.702,-0.213802,nan,nan,nan,nan,-0.017477,-0.0673352,-0.027187,nan,-0.173095,0,-0.145348,-0.455485,nan,-0.699161,-1.10724,-0.542362,-0.597494,1.01191,0.421412,-0.8136,-0.0271765,0.0489706,-0.5
545,-35.5511,431.667,-0.0659305,0.0416667,0.583333,0.142405,1.327,0.273091,-0.0111443,2.65071,5.85277e-05,0.0120457,0.302229,15511.6,0.497934,0.294245,-0.1,0.05,0.6,484.608,6.69696e+06,0.164616,0.0109768,0.2729,0.0102694,-0.118672,0.431667,-0.131499,nan,nan,nan,nan,-0.0125146,-0.0440489,-0.0164779,nan,-0.106181,0,-0.0959162,-0.287268,nan,-0.412278,-0.647163,-0.335007,-0.37128,0.611222,0.254933,-0.50048,-0.01552,0.0268333,-0.5
546,-44.6099,712.889,-0.06146,0.375,0.375,0.142867,1.32544,0.227861,-0.0105914,2.64406,5.85277e-05,0.0184723,0.302056,16538.8,0.498566,0.244412,-0.1,0.05,0.6,485.352,6.70925e+06,0.306627,0.0190987,0.469031,0.0166129,-0.19704,0.712889,-0.212797,nan,nan,nan,nan,-0.0166451,-0.0675981,-0.0274684,nan,-0.175892,0,-0.137021,-0.458805,nan,-0.736489,-1.05359,-0.552078,-0.6045,1.02726,0.416444,-0.794267,-0.0246,0.0518056,-0.5
547,-40.3931,594.4,-0.0619659,0.208333,0.416667,0.140465,1.34863,0.263219,-0.0107757,2.6362,5.85277e-05,0.0149104,0.301804,16674.2,0.496109,0.24084,-0.1,0.05,0.6,486.091,6.72154e+06,0.247983,0.015535,0.39398,0.0132803,-0.163531,0.5944,-0.177707,nan,nan,nan,nan,-0.0145721,-0.0539389,-0.0226789,nan,-0.146883,0,-0.115094,-0.38843,nan,-0.617213,-0.841077,-0.457317,-0.51,0.861969,0.346933,-0.66416,-0.0188,0.031,-0.5
548,-44.3478,641.25,-0.0669848,0.208333,0.625,0.142239,1.31905,0.299626,-0.0100504,2.62658,5.85277e-05,0.0150502,0.301616,16676.5,0.494817,0.242028,-0.1,0.05,0.6,486.829,6.73382e+06,0.27096,0.0147447,0.416643,0.0146344,-0.177294,0.64125,-0.189705,nan,nan,nan,nan,-0.0161404,-0.0604181,-0.0245645,nan,-0.158211,-3e-05,-0.131353,-0.401955,nan,-0.639285,-0.929546,-0.492423,-0.5526,0.90945,0.3826,-0.73596,-0.02256,0.039375,-0.5
549,-42.1379,635.667,-0.0690567,0.375,0.75,0.145729,1.30744,0.311004,-0.0103431,2.621,5.85277e-05,0.0158391,0.301515,14862.6,0.5059,0.320873,-0.1,0.05,0.6,487.657,6.74611e+06,0.262891,0.0164401,0.416688,0.0131761,-0.175525,0.635667,-0.174644,nan,nan,nan,nan,-0.014475,-0.0541724,-0.0225183,nan,-0.156935,0,-0.130799,-0.409195,nan,-0.730585,-0.802712,-0.491016,-0.533067,0.913215,0.357185,-0.721689,-0.0198222,0.0483333,-0.5
550,-42.2167,636.571,-0.0671435,0.333333,0.541667,0.143375,1.31738,0.33974,-0.0102031,2.61749,5.85277e-05,0.0117095,0.301442,11945,0.645705,0.38301,-0.1,0.05,0.6,488.688,6.7584e+06,0.244929,0.0150258,0.41519,0.0163596,-0.174413,0.636571,-0.197771,nan,nan,nan,nan,-0.0165202,-0.0627776,-0.0254739,nan,-0.1571,0,-0.130031,-0.40733,nan,-0.578958,-0.977045,-0.488133,-0.541457,0.921274,0.401714,-0.725257,-0.0230857,0.0529762,-0.5
551,-43.4743,623.024,-0.0779702,0.5,1.20833,0.143971,1.31876,0.37474,-0.0105488,2.61439,5.85277e-05,0.0151933,0.30137,13293.2,0.619865,0.304518,-0.1,0.05,0.6,489.613,6.77069e+06,0.245736,0.0153112,0.407118,0.0145616,-0.170821,0.623024,-0.179745,nan,nan,nan,nan,-0.0153285,-0.0587621,-0.0228576,nan,-0.153943,-8.78049e-05,-0.128951,-0.397178,nan,-0.664816,-0.923739,-0.479138,-0.535127,0.889605,0.35522,-0.707766,-0.0221268,0.0446951,-0.5
552,-44.8088,669.353,-0.0606068,0.208333,0.5,0.138265,1.32713,0.218823,-0.0102435,2.61086,5.85277e-05,0.015105,0.301244,13005.7,0.630021,0.314798,-0.1,0.05,0.6,490.56,6.78298e+06,0.275889,0.0161623,0.429263,0.0161494,-0.18249,0.669353,-0.209987,nan,nan,nan,nan,-0.0176684,-0.0683386,-0.026835,nan,-0.164608,-3.52941e-05,-0.145605,-0.423185,nan,-0.627797,-0.968159,-0.512128,-0.596012,0.962793,0.404235,-0.761506,-0.0246353,0.0676471,-0.5
553,-46.6105,688.44,-0.0661845,0.375,0.666667,0.14081,1.30724,0.301655,-0.0111381,2.60513,5.85277e-05,0.0107766,0.301114,14840.7,0.542816,0.28518,-0.1,0.05,0.6,491.389,6.79526e+06,0.263538,0.016649,0.448637,0.0174241,-0.188208,0.68844,-0.197144,nan,nan,nan,nan,-0.0163096,-0.0610435,-0.0252853,nan,-0.169675,-4.8e-05,-0.129756,-0.442932,nan,-0.70928,-1.01851,-0.530098,-0.5778,0.99254,0.38736,-0.783072,-0.021648,0.0457,-0.5
554,-40.697,618.632,-0.0608816,0.333333,0.458333,0.138489,1.29467,0.288887,-0.0100413,2.60007,5.85277e-05,0.00857735,0.300988,13018.6,0.599745,0.344137,-0.1,0.05,0.6,492.335,6.80755e+06,0.275497,0.0140967,0.400428,0.0152902,-0.170689,0.618632,-0.188235,nan,nan,nan,nan,-0.0159365,-0.0633875,-0.0235336,nan,-0.152498,0,-0.124363,-0.392815,nan,-0.599387,-0.923956,-0.476931,-0.526074,0.891108,0.366737,-0.706358,-0.0211579,0.0581579,-0.5
555,-40.4284,587,-0.065588,0.375,0.666667,0.141235,1.30447,0.231992,-0.0116186,2.59494,5.85277e-05,0.0148607,0.300857,13729.9,0.579144,0.315838,-0.1,0.05,0.6,493.232,6.81984e+06,0.253853,0.013366,0.380447,0.015023,-0.161741,0.587,-0.165206,nan,nan,nan,nan,-0.0145729,-0.0558546,-0.0222418,nan,-0.145146,0,-0.123836,-0.380145,nan,-0.596714,-0.887775,-0.455826,-0.487512,0.83477,0.3248,-0.674784,-0.020736,0.0459,-0.5
556,-41.4652,631.071,-0.0602515,0.166667,0.416667,0.136844,1.32621,0.258951,-0.0112801,2.58978,5.85277e-05,0.0152633,0.300738,13180.8,0.604274,0.327992,-0.1,0.05,0.6,494.165,6.83213e+06,0.262763,0.0151096,0.420645,0.0186207,-0.171812,0.631071,-0.193451,nan,nan,nan,nan,-0.0160367,-0.0584716,-0.0249115,nan,-0.155133,0,-0.134657,-0.407439,nan,-0.541004,-0.96359,-0.485295,-0.515186,0.903448,0.393714,-0.710571,-0.0214286,0.0375,-0.5
557,-32.7887,505.857,-0.0613389,0.166667,0.416667,0.140483,1.30902,0.263019,-0.0102586,2.58435,5.85277e-05,0.0175076,0.30058,14432.1,0.569956,0.28148,-0.1,0.05,0.6,495.018,6.84442e+06,0.25135,0.0125793,0.327668,0.013221,-0.138288,0.505857,-0.15276,nan,nan,nan,nan,-0.0132887,-0.052623,-0.0201707,nan,-0.125394,0,-0.0939331,-0.320601,nan,-0.468164,-0.665652,-0.392912,-0.443829,0.730091,0.309714,-0.575657,-0.0184286,0.0489286,-0.5
558,-43.9851,657.091,-0.0610735,0.375,0.541667,0.135965,1.3405,0.219003,-0.0106776,2.57776,5.85277e-05,0.0172809,0.300412,16418.7,0.507548,0.240868,-0.1,0.05,0.6,495.768,6.8567e+06,0.242383,0.0161012,0.432419,0.0170374,-0.177519,0.657091,-0.182607,nan,nan,nan,nan,-0.0154123,-0.0604458,-0.024236,nan,-0.161794,0,-0.138657,-0.423753,nan,-0.672712,-0.899572,-0.506436,-0.553091,0.942968,0.35,-0.7608,-0.0234,0.0386364,-0.5
559,-39.2742,597.522,-0.064251,0.291667,0.666667,0.13944,1.3155,0.237996,-0.0101592,2.57033,5.85277e-05,0.00996499,0.300223,16542.2,0.49795,0.244876,-0.1,0.05,0.6,496.512,6.86899e+06,0.264391,0.0144026,0.391126,0.0140297,-0.160865,0.597522,-0.17023,nan,nan,nan,nan,-0.0140934,-0.057014,-0.0215698,nan,-0.147718,0,-0.112913,-0.380435,nan,-0.643585,-0.748331,-0.460769,-0.521843,0.856364,0.332,-0.685252,-0.0205565,0.0594565,-0.5
560,-44.6299,735.818,-0.0580797,0.5,0.416667,0.141209,1.3085,0.23179,-0.0102929,2.56302,5.85277e-05,0.0146633,0.300064,16548,0.501469,0.2411,-0.1,0.05,0.6,497.256,6.88128e+06,0.300133,0.0182553,0.483346,0.0190851,-0.199243,0.735818,-0.217354,nan,nan,nan,nan,-0.0175308,-0.071886,-0.0276068,nan,-0.181476,0,-0.139864,-0.469914,nan,-0.71478,-1.04345,-0.566546,-0.635891,1.06164,0.438545,-0.830509,-0.0247636,0.0797727,-0.5
561,-42.9265,675.368,-0.0590309,0.333333,0.458333,0.138147,1.34291,0.272741,-0.0112957,2.55755,5.85277e-05,0.0131713,0.299963,15081.4,0.528352,0.286428,-0.1,0.05,0.6,498.072,6.89357e+06,0.286715,0.01684,0.446955,0.0173623,-0.182876,0.675368,-0.199987,nan,nan,nan,nan,-0.0157569,-0.0642989,-0.0250185,nan,-0.166597,0,-0.127408,-0.429128,nan,-0.682082,-0.974783,-0.522419,-0.5832,0.973068,0.394105,-0.766863,-0.0222316,0.0440789,-0.5
562,-45.2021,680.737,-0.0615304,0.208333,0.583333,0.137466,1.31887,0.20872,-0.00889642,2.55329,5.85277e-05,0.0105658,0.299825,12322.2,0.656059,0.341163,-0.1,0.05,0.6,499.071,6.90586e+06,0.28827,0.0156906,0.445065,0.0200815,-0.184761,0.680737,-0.196194,nan,nan,nan,nan,-0.0163204,-0.0625137,-0.0251297,nan,-0.167623,0,-0.114924,-0.435123,nan,-0.658708,-1.00156,-0.522423,-0.576758,0.988965,0.377895,-0.778484,-0.0211579,0.0532895,-0.5
563,-41.2724,647.471,-0.0583497,0.333333,0.375,0.136357,1.33835,0.300637,-0.0111389,2.54744,5.85277e-05,0.0119353,0.299686,12749.8,0.633255,0.330521,-0.1,0.05,0.6,500.036,6.91814e+06,0.268778,0.0152425,0.424295,0.0170647,-0.173406,0.647471,-0.185107,nan,nan,nan,nan,-0.0155109,-0.0596273,-0.0237399,nan,-0.158581,-3.52941e-05,-0.144399,-0.412148,nan,-0.625,-0.906288,-0.49503,-0.556412,0.930577,0.378824,-0.736235,-0.0208235,0.0311765,-0.5
564,-37.7685,578,-0.0623659,0.291667,0.583333,0.14117,1.30532,0.252559,-0.0105021,2.54222,5.85277e-05,0.0156017,0.299567,13409.4,0.605487,0.310884,-0.1,0.05,0.6,500.954,6.93043e+06,0.254521,0.0131008,0.372379,0.016156,-0.156367,0.578,-0.166931,nan,nan,nan,nan,-0.0149915,-0.0561257,-0.0218008,nan,-0.14195,0,-0.139243,-0.375685,nan,-0.519967,-0.794161,-0.445197,-0.464314,0.827757,0.328381,-0.671886,-0.0190286,0.0422619,-0.5
565,-35.7412,536.182,-0.0661876,0.25,0.666667,0.140852,1.29849,0.313516,-0.00980316,2.53784,5.85277e-05,0.0148913,0.29947,15058.5,0.534549,0.28147,-0.1,0.05,0.6,501.772,6.94272e+06,0.241502,0.0125702,0.340489,0.0152501,-0.144142,0.536182,-0.152668,nan,nan,nan,nan,-0.0136508,-0.0489803,-0.0197446,nan,-0.131578,0,-0.107537,-0.335154,nan,-0.509569,-0.729081,-0.407354,-0.448936,0.773262,0.307636,-0.623018,-0.0182182,0.0393182,-0.5
566,-42.094,696.81,-0.0591387,0.416667,0.458333,0.13732,1.27579,0.260009,-0.0102371,2.53341,5.85277e-05,0.0117142,0.29934,15488.5,0.538168,0.255194,-0.1,0.05,0.6,502.566,6.95501e+06,0.286666,0.0171549,0.456222,0.0184623,-0.188911,0.69681,-0.196384,nan,nan,nan,nan,-0.0164537,-0.0648239,-0.0254579,nan,-0.171495,0,-0.144609,-0.44106,nan,-0.698633,-0.88902,-0.533653,-0.576343,1.00775,0.382667,-0.789029,-0.0232571,0.0505952,-0.5
567,-36.5341,577.722,-0.0609652,0.125,0.625,0.134401,1.31672,0.290276,-0.0108594,2.5271,5.85277e-05,0.00725406,0.299168,15850.3,0.494977,0.280277,-0.1,0.05,0.6,503.343,6.9673e+06,0.267742,0.0139276,0.381003,0.0184166,-0.157294,0.577722,-0.177339,nan,nan,nan,nan,-0.014813,-0.0538445,-0.022896,nan,-0.142169,0,-0.106331,-0.35799,nan,-0.469526,-0.754561,-0.441439,-0.5011,0.828459,0.351556,-0.665067,-0.0204667,0.0359722,-0.5
568,-39.5477,573.412,-0.0611372,0.125,0.583333,0.13867,1.34063,0.321501,-0.0103478,2.5208,5.85277e-05,0.0155267,0.299055,12834.7,0.619052,0.338356,-0.1,0.05,0.6,504.302,6.97958e+06,0.230818,0.0135713,0.371893,0.0171586,-0.154045,0.573412,-0.160288,nan,nan,nan,nan,-0.0137747,-0.0511335,-0.020932,nan,-0.140566,0,-0.133162,-0.362629,nan,-0.553986,-0.787961,-0.436738,-0.463871,0.823431,0.311529,-0.651247,-0.0184235,0.0413235,-0.5
569,-38.1379,542.8,-0.065032,0.166667,0.875,0.13551,1.33265,0.330521,-0.0101203,2.5166,5.85277e-05,0.0116415,0.298943,12666.9,0.644034,0.326052,-0.1,0.05,0.6,505.274,6.99187e+06,0.233087,0.0136238,0.346426,0.0166153,-0.145407,0.5428,-0.151393,nan,nan,nan,nan,-0.0142738,-0.0524507,-0.0199113,nan,-0.133435,0,-0.112011,-0.345412,nan,-0.481336,-0.842302,-0.415447,-0.448128,0.781709,0.30304,-0.627168,-0.017712,0.0485,-0.5
570,-31.9557,467.167,-0.0648815,0.25,0.75,0.142077,1.34091,0.236575,-0.0112427,2.51185,5.85277e-05,0.0192059,0.298837,12711.8,0.616386,0.350277,-0.1,0.05,0.6,506.242,7.00416e+06,0.203104,0.0114066,0.307588,0.0128775,-0.126572,0.467167,-0.12855,nan,nan,nan,nan,-0.0108166,-0.0391809,-0.0166503,nan,-0.11504,0,-0.0877941,-0.296585,nan,-0.487068,-0.620304,-0.359942,-0.38445,0.675198,0.255,-0.5356,-0.01325,0.0408333,-0.5
571,-35.8088,507.889,-0.0597236,0.208333,0.541667,0.134477,1.3472,0.276696,-0.0110291,2.50814,5.85277e-05,0.0123265,0.298771,13587.4,0.574414,0.329955,-0.1,0.05,0.6,507.148,7.01645e+06,0.223205,0.0106989,0.324031,0.0142554,-0.137181,0.507889,-0.123662,nan,nan,nan,nan,-0.0117917,-0.0456723,-0.0166766,nan,-0.124659,0,-0.0904031,-0.332137,nan,-0.567051,-0.652464,-0.389432,-0.4153,0.733237,0.236667,-0.583733,-0.0154,0.02625,-0.5
572,-36.0706,536.923,-0.0661234,0.208333,0.875,0.132446,1.37598,0.297701,-0.0103845,2.50486,5.85277e-05,0.0121502,0.298664,15745.6,0.524373,0.256034,-0.1,0.05,0.6,507.93,7.02874e+06,0.255955,0.011949,0.348671,0.015988,-0.143848,0.536923,-0.142842,nan,nan,nan,nan,-0.0130726,-0.0485009,-0.018881,nan,-0.131915,0,-0.120665,-0.340374,nan,-0.543114,-0.684066,-0.411508,-0.421754,0.777249,0.276308,-0.617446,-0.0165692,0.0318269,-0.5
573,-38.3247,548.722,-0.0603712,0.125,0.625,0.133965,1.35723,0.307446,-0.0108986,2.50021,5.85277e-05,0.0160055,0.298563,11157.9,0.660958,0.440321,-0.1,0.05,0.6,509.032,7.04102e+06,0.22312,0.0121298,0.35259,0.0180158,-0.147202,0.548722,-0.156774,nan,nan,nan,nan,-0.0140301,-0.0520569,-0.0206754,nan,-0.135028,0,-0.110812,-0.350337,nan,-0.483908,-0.811841,-0.4217,-0.438,0.795965,0.298889,-0.6304,-0.0187333,0.0425,-0.5
574,-40.0951,644.346,-0.0619698,0.333333,0.75,0.131899,1.32227,0.271169,-0.00991528,2.49615,5.85277e-05,0.0119508,0.298462,11642.7,0.700305,0.355123,-0.1,0.05,0.6,510.089,7.05331e+06,0.290367,0.0166447,0.427444,0.0197399,-0.172918,0.644346,-0.192467,nan,nan,nan,nan,-0.0158586,-0.0596545,-0.024887,nan,-0.158111,0,-0.122444,-0.402435,nan,-0.568423,-0.91005,-0.492049,-0.527123,0.92494,0.379077,-0.739938,-0.0231692,0.0483654,-0.5
575,-38.0798,635.423,-0.0645757,0.333333,0.75,0.136583,1.35612,0.371104,-0.00979138,2.49165,5.85277e-05,0.010189,0.298343,12905.8,0.62166,0.330467,-0.1,0.05,0.6,511.043,7.0656e+06,0.272388,0.0163064,0.417397,0.0181023,-0.169973,0.635423,-0.183529,nan,nan,nan,nan,-0.0149118,-0.05531,-0.0235987,nan,-0.155928,0,-0.115763,-0.397554,nan,-0.59991,-0.758059,-0.481062,-0.542354,0.912673,0.366615,-0.724338,-0.0224308,0.0479808,-0.5
576,-35.8152,556.833,-0.0654921,0.333333,0.916667,0.134082,1.33669,0.29607,-0.0110951,2.48618,5.85277e-05,0.0143903,0.298185,13964.3,0.615679,0.26428,-0.1,0.05,0.6,511.924,7.07789e+06,0.236116,0.0133035,0.365575,0.0176609,-0.148441,0.556833,-0.167526,nan,nan,nan,nan,-0.0137573,-0.0514211,-0.021262,nan,-0.136512,0,-0.114585,-0.355866,nan,-0.497358,-0.729885,-0.425646,-0.46422,0.811653,0.323467,-0.63976,-0.01788,0.0354167,-0.5
577,-34.5413,521.483,-0.0651422,0.291667,0.916667,0.130637,1.36028,0.307434,-0.0112013,2.48011,5.85277e-05,0.00994012,0.298066,14999.7,0.564594,0.254622,-0.1,0.05,0.6,512.745,7.09018e+06,0.225647,0.0129943,0.341584,0.0174945,-0.140281,0.521483,-0.154504,nan,nan,nan,nan,-0.013122,-0.0487785,-0.0198987,nan,-0.127918,-4.13793e-05,-0.093348,-0.329891,nan,-0.438321,-0.752846,-0.399511,-0.439014,0.756812,0.308552,-0.595531,-0.0175034,0.0381897,-0.5
578,-36.3288,550.348,-0.0620733,0.25,0.708333,0.133631,1.38662,0.350795,-0.0110641,2.47597,5.85277e-05,0.0135725,0.29797,13173.7,0.566215,0.366556,-0.1,0.05,0.6,513.679,7.10246e+06,0.250008,0.0132027,0.356569,0.0179978,-0.14775,0.550348,-0.161001,nan,nan,nan,nan,-0.0138738,-0.0524547,-0.0207558,nan,-0.135257,-2.6087e-05,-0.113394,-0.340449,nan,-0.479574,-0.797797,-0.423037,-0.449061,0.792978,0.310261,-0.633704,-0.0183652,0.0482609,-0.5
579,-35.944,558.741,-0.0659457,0.208333,0.916667,0.133642,1.33084,0.303052,-0.00956966,2.47222,5.85277e-05,0.0126163,0.297886,12387.9,0.647804,0.344131,-0.1,0.05,0.6,514.674,7.11475e+06,0.265915,0.0124899,0.362676,0.0186751,-0.149179,0.558741,-0.156849,nan,nan,nan,nan,-0.013815,-0.0507128,-0.0205798,nan,-0.137508,-2.22222e-05,-0.102338,-0.349105,nan,-0.497571,-0.748007,-0.42985,-0.4564,0.80507,0.314519,-0.641778,-0.0178667,0.0437037,-0.5
580,-31.2935,523.588,-0.0553177,0.25,0.458333,0.131119,1.31689,0.245823,-0.00974914,2.4686,5.85277e-05,0.0145616,0.297807,11992,0.668421,0.356264,-0.1,0.05,0.6,515.7,7.12704e+06,0.253587,0.0127775,0.348818,0.0176337,-0.139404,0.523588,-0.161334,nan,nan,nan,nan,-0.0131816,-0.0467659,-0.0209988,nan,-0.128538,0,-0.10592,-0.327384,nan,-0.417267,-0.710237,-0.398608,-0.434753,0.765775,0.323294,-0.599435,-0.0176471,0.0348529,-0.5
581,-29.4036,441.409,-0.0615342,0.166667,0.75,0.134224,1.31687,0.33461,-0.0103301,2.46593,5.85277e-05,0.0180428,0.297767,13357.9,0.626811,0.293095,-0.1,0.05,0.6,516.621,7.13933e+06,0.219649,0.0100044,0.285788,0.013953,-0.11727,0.441409,-0.125166,nan,nan,nan,nan,-0.011188,-0.0399389,-0.0165362,nan,-0.108201,0,-0.0944438,-0.276659,nan,-0.39514,-0.542481,-0.341045,-0.350673,0.636763,0.244364,-0.509236,-0.0140182,0.0289773,-0.5
582,-38.6647,624.8,-0.061147,0.166667,0.666667,0.135679,1.3039,0.290589,-0.0115434,2.46354,5.85277e-05,0.0145123,0.297678,15032.5,0.557479,0.259948,-0.1,0.05,0.6,517.44,7.15162e+06,0.322019,0.0145764,0.408664,0.0200771,-0.167382,0.6248,-0.167787,nan,nan,nan,nan,-0.0144123,-0.0532558,-0.0218394,nan,-0.153257,-9e-05,-0.124482,-0.39448,nan,-0.611086,-0.743812,-0.478404,-0.52173,0.902224,0.3172,-0.71412,-0.02028,0.043625,-0.5
583,-30.6939,495.222,-0.0569388,0.25,0.5,0.133851,1.32975,0.353138,-0.00992516,2.45962,5.85277e-05,0.0112759,0.297605,14755,0.503475,0.329327,-0.1,0.05,0.6,518.274,7.1639e+06,0.220781,0.0132562,0.324753,0.0168113,-0.132562,0.495222,-0.148724,nan,nan,nan,nan,-0.0125221,-0.0457714,-0.0187248,nan,-0.121737,-0.000133333,-0.0833006,-0.314647,nan,-0.402283,-0.687268,-0.379347,-0.4025,0.711669,0.291778,-0.5612,-0.0171333,0.0522222,-0.5
584,-33.0803,506.519,-0.0637568,0.291667,0.833333,0.135664,1.315,0.308094,-0.0109281,2.45646,5.85277e-05,0.00563137,0.2975,12535.2,0.633696,0.346583,-0.1,0.05,0.6,519.256,7.17619e+06,0.235095,0.011859,0.326981,0.0166308,-0.136123,0.506519,-0.14747,nan,nan,nan,nan,-0.0126643,-0.0459705,-0.0189124,nan,-0.123922,0,-0.104219,-0.31552,nan,-0.446711,-0.690322,-0.38839,-0.404133,0.734441,0.287704,-0.582133,-0.0157333,0.0293519,-0.5
585,-36.3936,595.931,-0.060781,0.458333,0.75,0.136096,1.30223,0.352695,-0.0101919,2.4522,5.85277e-05,0.0173887,0.297425,13429.4,0.600681,0.314329,-0.1,0.05,0.6,520.173,7.18848e+06,0.276648,0.0157231,0.381241,0.0209784,-0.158601,0.595931,-0.170334,nan,nan,nan,nan,-0.0157011,-0.0582967,-0.0226407,nan,-0.146168,-0.000165517,-0.127977,-0.371608,nan,-0.484128,-0.842857,-0.456763,-0.467876,0.85974,0.333931,-0.689793,-0.0182897,0.0376724,-0.5
586,-27.5265,390.909,-0.060306,0.0833333,0.833333,0.131319,1.28462,0.269277,-0.00961362,2.44966,5.85277e-05,0.0136972,0.297358,12151.8,0.663556,0.347655,-0.1,0.05,0.6,521.185,7.20077e+06,0.207155,0.00874615,0.250486,0.0129566,-0.1031,0.390909,-0.113665,nan,nan,nan,nan,-0.00979318,-0.032324,-0.0141913,nan,-0.0957344,-2.72727e-05,-0.0792394,-0.246296,nan,-0.364818,-0.46052,-0.299331,-0.316555,0.568856,0.213273,-0.454473,-0.0121636,0.0280682,-0.5
587,-31.7935,506.643,-0.0615338,0.375,0.791667,0.132466,1.33362,0.427068,-0.0089492,2.44643,5.85277e-05,0.0120252,0.297278,15453.2,0.548965,0.24621,-0.1,0.05,0.6,521.982,7.21306e+06,0.241799,0.0120409,0.325483,0.0185027,-0.134956,0.506643,-0.146709,nan,nan,nan,nan,-0.0135494,-0.0491713,-0.019733,nan,-0.124144,0,-0.105875,-0.31665,nan,-0.398302,-0.728345,-0.387636,-0.401593,0.734695,0.295143,-0.586286,-0.0159429,0.0441964,-0.5
588,-35.1832,536.636,-0.0595299,0.166667,0.75,0.130688,1.35808,0.232378,-0.00995515,2.44315,5.85277e-05,0.0145119,0.297218,16248.4,0.510687,0.245572,-0.1,0.05,0.6,522.739,7.22534e+06,0.234016,0.0138489,0.351407,0.0200323,-0.14147,0.536636,-0.155462,nan,nan,nan,nan,-0.013811,-0.0476185,-0.0205024,nan,-0.131244,0,-0.111462,-0.330408,nan,-0.426134,-0.79454,-0.410085,-0.4131,0.782096,0.309636,-0.624218,-0.0187091,0.0410227,-0.5
589,-31.918,482.043,-0.0617258,0.0833333,0.875,0.133809,1.34198,0.373351,-0.0107294,2.44089,5.85277e-05,0.0177444,0.297152,14788.6,0.520683,0.31023,-0.1,0.05,0.6,523.572,7.23763e+06,0.228981,0.0112704,0.312972,0.0162851,-0.128579,0.482043,-0.136981,nan,nan,nan,nan,-0.0117453,-0.0405389,-0.0176512,nan,-0.118619,0,-0.0870985,-0.304955,nan,-0.430653,-0.603262,-0.371569,-0.403435,0.705703,0.269913,-0.552522,-0.0154957,0.0303261,-0.5
590,-31.8212,537.158,-0.0564273,0.208333,0.583333,0.128903,1.32054,0.36958,-0.0104997,2.43787,5.85277e-05,0.0190293,0.297083,12140.4,0.659924,0.352237,-0.1,0.05,0.6,524.585,7.24992e+06,0.268215,0.0118988,0.349072,0.0206427,-0.142275,0.537158,-0.163586,nan,nan,nan,nan,-0.0134662,-0.0482676,-0.0213483,nan,-0.131726,0,-0.0972847,-0.342482,nan,-0.401055,-0.731551,-0.411118,-0.422905,0.781469,0.319579,-0.611874,-0.0183158,0.0465789,-0.5
591,-37.4812,538.759,-0.0654624,0.208333,1,0.131084,1.32592,0.442428,-0.0108245,2.43472,5.85277e-05,0.00979585,0.296995,12258.5,0.662027,0.340379,-0.1,0.05,0.6,525.59,7.26221e+06,0.217172,0.0131141,0.347206,0.019503,-0.144174,0.538759,-0.161281,nan,nan,nan,nan,-0.0135241,-0.0476468,-0.0208312,nan,-0.132916,-6.2069e-05,-0.0915374,-0.345264,nan,-0.435204,-0.878884,-0.418054,-0.426662,0.782999,0.305517,-0.618455,-0.0175862,0.0372414,-0.5
592,-33.2464,546.758,-0.0662709,0.208333,1.16667,0.129097,1.32958,0.515764,-0.0106842,2.43062,5.85277e-05,0.0125694,0.296881,11444.9,0.68645,0.387218,-0.1,0.05,0.6,526.666,7.2745e+06,0.275157,0.0136862,0.356501,0.0198721,-0.144598,0.546758,-0.163418,nan,nan,nan,nan,-0.0139446,-0.0478539,-0.0209714,nan,-0.133912,0,-0.10091,-0.33792,nan,-0.450993,-0.676929,-0.41626,-0.443782,0.789201,0.321576,-0.630618,-0.0162909,0.0375758,-0.5
593,-30.4621,468.429,-0.0729961,0.416667,1.33333,0.131823,1.29094,0.391872,-0.00992481,2.42674,5.85277e-05,0.00879604,0.296816,14800.6,0.565454,0.264785,-0.1,0.05,0.6,527.497,7.28678e+06,0.218201,0.0108925,0.301836,0.0149162,-0.124444,0.468429,-0.132416,nan,nan,nan,nan,-0.0115199,-0.0408518,-0.0173125,nan,-0.114852,0,-0.086508,-0.291881,nan,-0.433933,-0.573137,-0.358694,-0.382629,0.675115,0.257143,-0.536286,-0.0158286,0.0316071,-0.5
594,-31.269,506.458,-0.0602479,0.25,0.75,0.136158,1.30573,0.355866,-0.0106496,2.42367,5.85277e-05,0.0157286,0.296724,14354.2,0.502444,0.353614,-0.1,0.05,0.6,528.355,7.29907e+06,0.224673,0.0124758,0.332684,0.0193244,-0.13513,0.506458,-0.145337,nan,nan,nan,nan,-0.0123498,-0.0431915,-0.0191402,nan,-0.124466,0,-0.0895089,-0.315167,nan,-0.427388,-0.651793,-0.390159,-0.390975,0.741351,0.278333,-0.5838,-0.0167,0.0413542,-0.5
595,-33.8684,578.273,-0.0661708,0.416667,0.958333,0.136764,1.32844,0.364258,-0.0107077,2.41961,5.85277e-05,0.014334,0.296628,12522.4,0.647991,0.333293,-0.1,0.05,0.6,529.337,7.31136e+06,0.293947,0.0127707,0.370182,0.0208772,-0.152782,0.578273,-0.166669,nan,nan,nan,nan,-0.0148657,-0.053384,-0.0221334,nan,-0.14172,0,-0.114142,-0.363675,nan,-0.464862,-0.739342,-0.442941,-0.460582,0.840486,0.326182,-0.668509,-0.0190909,0.0370455,-0.5
596,-30.9337,455.097,-0.0679141,0.166667,1.125,0.136308,1.29387,0.323983,-0.0107204,2.41548,5.85277e-05,0.0069176,0.296525,12628.5,0.636658,0.336381,-0.1,0.05,0.6,530.312,7.32365e+06,0.231148,0.0117354,0.296351,0.0172544,-0.121292,0.455097,-0.130063,nan,nan,nan,nan,-0.0116203,-0.0417771,-0.0167923,nan,-0.112072,-9.67742e-05,-0.0702694,-0.284195,nan,-0.385779,-0.627857,-0.350852,-0.377594,0.652638,0.247484,-0.52591,-0.0150581,0.0280645,-0.5
597,-32.3309,553.188,-0.0534014,0.125,0.541667,0.13122,1.31756,0.327957,-0.00943319,2.41153,5.85277e-05,0.0141347,0.296446,13376.4,0.603564,0.315069,-0.1,0.05,0.6,531.232,7.33594e+06,0.270339,0.0127092,0.356513,0.0190573,-0.14533,0.553187,-0.160658,nan,nan,nan,nan,-0.0138883,-0.0477897,-0.0207923,nan,-0.13648,0,-0.0914097,-0.336563,nan,-0.484998,-0.59276,-0.425302,-0.453262,0.806815,0.30075,-0.63615,-0.01725,0.0329688,-0.5
598,-25.7883,341.966,-0.0673808,0.0833333,1.125,0.128899,1.30733,0.346246,-0.0110969,2.40694,5.85277e-05,0.0108397,0.296297,14658.9,0.573385,0.264876,-0.1,0.05,0.6,532.072,7.34822e+06,0.163279,0.0084101,0.21268,0.0124484,-0.0906368,0.341966,-0.0985862,nan,nan,nan,nan,-0.00994333,-0.0319278,-0.0127073,nan,-0.0840538,0,-0.0688634,-0.216766,nan,-0.27705,-0.457472,-0.264602,-0.268572,0.487873,0.190069,-0.403862,-0.0109241,0.0237931,-0.5
599,-29.9551,426.333,-0.0666819,0.166667,0.958333,0.136345,1.32036,0.334414,-0.0106363,2.4006,5.85277e-05,0.0124236,0.296157,16667.3,0.492795,0.244457,-0.1,0.05,0.6,532.81,7.36051e+06,0.183213,0.00965999,0.271076,0.0152214,-0.111932,0.426333,-0.118947,nan,nan,nan,nan,-0.0110972,-0.0375531,-0.0153915,nan,-0.10453,0,-0.0752927,-0.260991,nan,-0.368494,-0.570953,-0.326715,-0.339333,0.607748,0.231704,-0.494222,-0.0136444,0.0323148,-0.5
600,-29.9268,435.579,-0.0589818,0.0833333,0.708333,0.13194,1.33481,0.314418,-0.0109995,2.39547,5.85277e-05,0.0134999,0.296059,14233.7,0.523885,0.339417,-0.1,0.05,0.6,533.675,7.3728e+06,0.209992,0.0109154,0.277197,0.0145192,-0.115248,0.435579,-0.113273,nan,nan,nan,nan,-0.0102201,-0.0348966,-0.0146253,nan,-0.106729,0,-0.0880501,-0.277601,nan,-0.421082,-0.503767,-0.331363,-0.320968,0.622619,0.214316,-0.509937,-0.0134526,0.0271053,-0.5
601,-34.0389,586.36,-0.0597584,0.375,0.666667,0.129235,1.34148,0.293604,-0.00991996,2.39146,5.85277e-05,0.0118083,0.295957,13718.7,0.637056,0.258654,-0.1,0.05,0.6,536.476,7.38509e+06,0.27363,0.0137088,0.380866,0.0206644,-0.15459,0.58636,-0.165718,nan,nan,nan,nan,-0.0141839,-0.051713,-0.021734,nan,-0.143817,0,-0.107798,-0.361646,nan,-0.510549,-0.773816,-0.446737,-0.463968,0.858828,0.32224,-0.668448,-0.018576,0.0341,-0.5
602,-30.4284,488.5,-0.0662441,0.333333,1.08333,0.132101,1.33077,0.347599,-0.010733,2.38704,5.85277e-05,0.0158543,0.295868,14881.5,0.560148,0.265577,-0.1,0.05,0.6,537.304,7.39738e+06,0.227004,0.0115932,0.314984,0.0173239,-0.127648,0.4885,-0.133469,nan,nan,nan,nan,-0.0118746,-0.0421591,-0.0172561,nan,-0.119807,0,-0.0782363,-0.305935,nan,-0.439995,-0.594051,-0.374396,-0.392241,0.704955,0.269647,-0.562165,-0.0145765,0.0407353,-0.5
603,-28.0839,415.65,-0.0624138,0.0833333,0.75,0.136182,1.32059,0.329699,-0.0103206,2.38325,5.85277e-05,0.0127582,0.295753,15303.9,0.498391,0.304542,-0.1,0.05,0.6,538.108,7.40966e+06,0.211236,0.0100931,0.268229,0.0159962,-0.109455,0.41565,-0.123565,nan,nan,nan,nan,-0.0107356,-0.036077,-0.0156214,nan,-0.101873,0,-0.0736658,-0.258514,nan,-0.327287,-0.560699,-0.316799,-0.32373,0.599122,0.2426,-0.47772,-0.01338,0.032,-0.5
604,-29.3792,457.353,-0.0576429,0.125,0.583333,0.134444,1.33077,0.319292,-0.0113188,2.37853,5.85277e-05,0.0186924,0.295666,13244,0.592382,0.335432,-0.1,0.05,0.6,539.037,7.42195e+06,0.21499,0.0113775,0.293549,0.0145492,-0.120428,0.457353,-0.127265,nan,nan,nan,nan,-0.0118292,-0.0385018,-0.0163105,nan,-0.112055,0,-0.0861741,-0.281032,nan,-0.423673,-0.528189,-0.350415,-0.359788,0.66548,0.247765,-0.526165,-0.0142588,0.0338235,-0.5
605,-29.8309,529.778,-0.0564183,0.208333,0.541667,0.131177,1.29942,0.246815,-0.0108663,2.37505,5.85277e-05,0.0157701,0.295552,12947.1,0.628958,0.320132,-0.1,0.05,0.6,539.988,7.43424e+06,0.271766,0.0122644,0.345103,0.0181422,-0.139825,0.529778,-0.152707,nan,nan,nan,nan,-0.01259,-0.0446464,-0.0197862,nan,-0.130184,0,-0.101876,-0.322414,nan,-0.462596,-0.608609,-0.405273,-0.4024,0.772175,0.31,-0.600667,-0.0172,0.0311111,-0.5
606,-35.0547,627.292,-0.0572048,0.375,0.625,0.13229,1.29425,0.282386,-0.010907,2.3707,5.85277e-05,0.0151681,0.29549,13582.9,0.596431,0.308234,-0.1,0.05,0.6,540.894,7.44653e+06,0.298191,0.0136847,0.411619,0.022359,-0.166064,0.627292,-0.175845,nan,nan,nan,nan,-0.0148531,-0.054715,-0.0230742,nan,-0.154138,-5e-05,-0.101336,-0.382696,nan,-0.541925,-0.772752,-0.482067,-0.5058,0.902141,0.349,-0.7244,-0.02085,0.0560417,-0.5
607,-34.6875,586.909,-0.0577565,0.291667,0.625,0.135665,1.3084,0.273023,-0.00984116,2.36869,5.85277e-05,0.0181757,0.295427,14230,0.575085,0.288445,-0.1,0.05,0.6,541.759,7.45882e+06,0.27067,0.0148008,0.381349,0.0200325,-0.154494,0.586909,-0.165177,nan,nan,nan,nan,-0.0139069,-0.0496243,-0.0212535,nan,-0.143924,0,-0.0928171,-0.358676,nan,-0.525191,-0.727462,-0.446903,-0.499909,0.84569,0.318364,-0.668182,-0.0188727,0.0551136,-0.5
608,-32.1403,511.464,-0.0656655,0.125,1.04167,0.133843,1.29547,0.302444,-0.00997117,2.36457,3.90184e-05,0.0212427,0.295291,15754,0.529912,0.250081,-0.1,0.05,0.6,542.541,7.4711e+06,0.237452,0.0136594,0.330253,0.0193297,-0.135548,0.511464,-0.151436,nan,nan,nan,nan,-0.0129771,-0.0469379,-0.0196966,nan,-0.125692,0,-0.084655,-0.317204,nan,-0.405359,-0.637332,-0.392305,-0.407571,0.734532,0.295143,-0.582857,-0.0174,0.0345536,-0.5
609,-30.9783,487.81,-0.0593153,0.166667,0.708333,0.134478,1.2993,0.314242,-0.00885487,2.36013,3.90184e-05,0.0137628,0.295214,12734,0.624189,0.340789,-0.1,0.05,0.6,543.507,7.48339e+06,0.234137,0.0118195,0.319872,0.0165228,-0.127937,0.48781,-0.126967,nan,nan,nan,nan,-0.0110195,-0.0370653,-0.0161783,nan,-0.119579,0,-0.0837889,-0.294453,nan,-0.487503,-0.591253,-0.372005,-0.3834,0.706384,0.240762,-0.553486,-0.0133143,0.0283333,-0.5
610,-26.3122,365.619,-0.0639514,0.0833333,0.791667,0.13943,1.29856,0.281453,-0.00890771,2.35718,3.90184e-05,0.00950245,0.295147,12896.2,0.632275,0.320562,-0.1,0.05,0.6,544.463,7.49568e+06,0.156203,0.00872163,0.233275,0.0131952,-0.0970077,0.365619,-0.102622,nan,nan,nan,nan,-0.0090677,-0.0302555,-0.0130183,nan,-0.0897249,0,-0.0621089,-0.223575,nan,-0.32487,-0.458382,-0.278827,-0.2898,0.522092,0.201905,-0.4184,-0.0110286,0.022619,-0.5
611,-30.553,461.087,-0.0621367,0.125,0.833333,0.136808,1.29121,0.408711,-0.00836058,2.35474,3.90184e-05,0.00895772,0.295092,13298.4,0.594803,0.329219,-0.1,0.05,0.6,545.388,7.50797e+06,0.194028,0.0128414,0.294047,0.0167851,-0.12299,0.461087,-0.130276,nan,nan,nan,nan,-0.0115369,-0.0385868,-0.0168134,nan,-0.113445,0,-0.0812503,-0.28311,nan,-0.393846,-0.553628,-0.354142,-0.358826,0.670769,0.24313,-0.535826,-0.0136696,0.0223913,-0.5
612,-32.3777,498,-0.0645345,0.125,1,0.134925,1.31072,0.367963,-0.00880552,2.35285,3.90184e-05,0.0130361,0.295053,14500.6,0.583416,0.263995,-0.1,0.05,0.6,546.237,7.52026e+06,0.244076,0.0121131,0.320166,0.0173495,-0.131419,0.498,-0.132674,nan,nan,nan,nan,-0.0119048,-0.0421147,-0.017028,nan,-0.122176,-0.0002,-0.079457,-0.309364,nan,-0.464593,-0.603827,-0.380213,-0.410067,0.715497,0.259852,-0.576267,-0.0143111,0.0317593,-0.5
613,-31.3215,552.36,-0.0623863,0.25,0.791667,0.134449,1.29481,0.271732,-0.00937876,2.35078,3.90184e-05,0.00651916,0.294989,15721.8,0.535801,0.245789,-0.1,0.05,0.6,547.02,7.53254e+06,0.296065,0.0142696,0.358285,0.0185388,-0.145859,0.55236,-0.159347,nan,nan,nan,nan,-0.0138874,-0.0485267,-0.0204898,nan,-0.135653,0,-0.0906217,-0.341155,nan,-0.490815,-0.639974,-0.419793,-0.456048,0.804412,0.31232,-0.63216,-0.018096,0.0445,-0.5
614,-36.7223,702.75,-0.0550519,0.375,0.458333,0.137246,1.2946,0.264645,-0.00917786,2.34763,3.90184e-05,0.0134768,0.294901,16234.4,0.519535,0.237378,-0.1,0.05,0.6,547.778,7.54483e+06,0.34893,0.0179114,0.46125,0.0253373,-0.184244,0.70275,-0.204129,nan,nan,nan,nan,-0.0155306,-0.058687,-0.0260199,nan,-0.172131,0,-0.11149,-0.432688,nan,-0.616218,-0.89332,-0.531383,-0.56826,1.0262,0.389,-0.79428,-0.02328,0.0545,-0.5
615,-34.9917,509.944,-0.0584477,0.0833333,0.666667,0.135413,1.28064,0.356351,-0.00814074,2.34497,3.90184e-05,0.00823584,0.294881,16705.1,0.492311,0.243271,-0.1,0.05,0.6,548.52,7.55712e+06,0.216063,0.0122478,0.327648,0.0155609,-0.133904,0.509944,-0.135491,nan,nan,nan,nan,-0.0111378,-0.0404222,-0.0176752,nan,-0.124863,0,-0.0866246,-0.316417,nan,-0.527921,-0.702287,-0.390081,-0.4152,0.737448,0.259333,-0.586133,-0.0150667,0.0418056,-0.5
616,-26.1088,320.312,-0.0560767,0.0833333,0.583333,0.130906,1.30407,0.268922,-0.0089804,2.34417,3.90184e-05,0.0149644,0.29485,16649.8,0.495081,0.242944,-0.1,0.05,0.6,549.259,7.56941e+06,0.136867,0.00813967,0.203611,0.010938,-0.0854233,0.320312,-0.092795,nan,nan,nan,nan,-0.00843803,-0.026394,-0.0116692,nan,-0.0787936,0,-0.0538359,-0.198507,nan,-0.274498,-0.477317,-0.243866,-0.279112,0.469387,0.16825,-0.36315,-0.0093,0.0176563,-0.5
617,-36.0703,633,-0.0575566,0.291667,0.625,0.131816,1.30029,0.294804,-0.00956056,2.34272,3.90184e-05,0.0113434,0.294821,16330.1,0.508949,0.243527,-0.1,0.05,0.6,550.013,7.5817e+06,0.294622,0.0161499,0.405468,0.0216039,-0.166837,0.633,-0.184173,nan,nan,nan,nan,-0.0154914,-0.0596584,-0.0234832,nan,-0.155609,0,-0.100401,-0.389792,nan,-0.550717,-0.739751,-0.478942,-0.551373,0.924709,0.359273,-0.720764,-0.0221455,0.0417045,-0.5
618,-33.1137,570.727,-0.060616,0.166667,0.75,0.133475,1.30119,0.38228,-0.0093271,2.34135,3.90184e-05,0.00763506,0.294787,15526.7,0.51674,0.274669,-0.1,0.05,0.6,550.806,7.59398e+06,0.283382,0.0138629,0.373082,0.0193738,-0.150596,0.570727,-0.163675,nan,nan,nan,nan,-0.0135902,-0.0470278,-0.0205155,nan,-0.139801,0,-0.0995024,-0.348544,nan,-0.50456,-0.647393,-0.433545,-0.4635,0.827317,0.322,-0.655636,-0.018,0.0495455,-0.5
619,-33.2208,549.286,-0.0572571,0.25,0.625,0.133674,1.30085,0.378008,-0.00920307,2.33999,3.90184e-05,0.0179521,0.294763,16474.2,0.498406,0.247489,-0.1,0.05,0.6,551.553,7.60627e+06,0.251359,0.0135001,0.349045,0.0204142,-0.144892,0.549286,-0.15829,nan,nan,nan,nan,-0.0138399,-0.0466546,-0.0213359,nan,-0.134373,-0.000228571,-0.10646,-0.339063,nan,-0.445368,-0.70815,-0.420338,-0.434914,0.797173,0.317143,-0.637943,-0.0179429,0.0279762,-0.5
620,-36.9036,573.714,-0.0596208,0.125,0.75,0.133084,1.29704,0.282287,-0.00823869,2.33864,3.90184e-05,0.0137697,0.294703,16584.3,0.49965,0.241293,-0.1,0.05,0.6,552.295,7.61856e+06,0.250382,0.0156911,0.362433,0.0220095,-0.15204,0.573714,-0.174107,nan,nan,nan,nan,-0.0153233,-0.0546674,-0.0221208,nan,-0.14085,-0.0002,-0.0871167,-0.350401,nan,-0.424102,-0.800284,-0.43759,-0.474686,0.813297,0.339048,-0.662857,-0.0201714,0.0233333,-0.5
621,-31.6195,556.2,-0.0595767,0.25,0.791667,0.132492,1.28071,0.383402,-0.00970121,2.33618,3.90184e-05,0.0176813,0.294665,16755.8,0.490192,0.243167,-0.1,0.05,0.6,553.03,7.63085e+06,0.291273,0.0136105,0.358331,0.0197893,-0.147043,0.5562,-0.168989,nan,nan,nan,nan,-0.0141624,-0.0506283,-0.0213963,nan,-0.136118,-0.000336,-0.101929,-0.345417,nan,-0.449435,-0.661751,-0.421679,-0.451152,0.805584,0.33376,-0.632928,-0.01776,0.0412,-0.5
622,-30.2852,436.571,-0.0616184,0.0416667,0.833333,0.133498,1.28175,0.331407,-0.0088228,2.33464,3.90184e-05,0.0060648,0.294616,16494.8,0.49545,0.249512,-0.1,0.05,0.6,553.776,7.64314e+06,0.207468,0.0104592,0.277844,0.0158953,-0.116824,0.436571,-0.131069,nan,nan,nan,nan,-0.0116477,-0.0396341,-0.0166792,nan,-0.107213,0,-0.0746519,-0.271161,nan,-0.344338,-0.612088,-0.333306,-0.362486,0.639211,0.25181,-0.5024,-0.0157143,0.0327381,-0.5
623,-29.2649,525.417,-0.0609319,0.291667,0.708333,0.137418,1.28635,0.2935,-0.00977855,2.33222,3.90184e-05,0.0111141,0.294544,16496.3,0.49979,0.245104,-0.1,0.05,0.6,554.523,7.65542e+06,0.244991,0.0128319,0.340187,0.0186394,-0.138895,0.525417,-0.157064,nan,nan,nan,nan,-0.013036,-0.0483133,-0.0206059,nan,-0.128743,0,-0.0908344,-0.32312,nan,-0.421431,-0.592979,-0.398828,-0.428325,0.765489,0.314167,-0.5976,-0.01665,0.045625,-0.5
624,-34.4699,559.08,-0.0644255,0.208333,0.833333,0.134668,1.29461,0.324697,-0.00775565,2.3295,3.90184e-05,0.011105,0.294494,16148.8,0.508444,0.252478,-0.1,0.05,0.6,555.285,7.66771e+06,0.244891,0.0142089,0.360048,0.0203661,-0.146604,0.55908,-0.160054,nan,nan,nan,nan,-0.0136947,-0.0489847,-0.0206393,nan,-0.136867,0,-0.102623,-0.344577,nan,-0.465852,-0.720361,-0.423535,-0.443664,0.803426,0.30832,-0.639648,-0.017232,0.0505,-0.5
625,-34.1399,528.682,-0.060996,0.0833333,0.833333,0.134533,1.28001,0.323829,-0.00829875,2.32832,3.90184e-05,0.0145861,0.294478,16468.9,0.504538,0.241596,-0.1,0.05,0.6,556.032,7.68e+06,0.261658,0.0112614,0.337332,0.0172227,-0.139285,0.528682,-0.144811,nan,nan,nan,nan,-0.0134034,-0.0471896,-0.0187728,nan,-0.129573,0,-0.103946,-0.329123,nan,-0.486884,-0.623205,-0.401715,-0.420464,0.770253,0.282182,-0.609709,-0.0162545,0.0232955,-0.5
626,-30.2506,551.25,-0.0537781,0.166667,0.5,0.133133,1.32827,0.283207,-0.00868933,2.32729,3.90184e-05,0.00950161,0.294438,16488.1,0.503481,0.241784,-0.1,0.05,0.6,556.779,7.69229e+06,0.292941,0.0113363,0.35977,0.0189564,-0.145886,0.55125,-0.172053,nan,nan,nan,nan,-0.0140477,-0.0491515,-0.0220149,nan,-0.135259,0,-0.0975345,-0.334045,nan,-0.428097,-0.620962,-0.418335,-0.465075,0.800895,0.3375,-0.62475,-0.01875,0.0357813,-0.5
627,-31.7772,558.125,-0.0645182,0.375,0.958333,0.131846,1.31904,0.320786,-0.00925623,2.32535,3.90184e-05,0.0116796,0.294389,16565.4,0.501937,0.239851,-0.1,0.05,0.6,557.522,7.70458e+06,0.25028,0.015341,0.3574,0.0203473,-0.147191,0.558125,-0.171318,nan,nan,nan,nan,-0.0144149,-0.0535472,-0.021949,nan,-0.13669,-3.75e-05,-0.0940417,-0.338091,nan,-0.426981,-0.721284,-0.422411,-0.45,0.80907,0.336625,-0.6354,-0.018825,0.0529688,-0.5
628,-36.9083,686.333,-0.0558676,0.333333,0.541667,0.130637,1.31748,0.330561,-0.00903999,2.32256,3.90184e-05,0.0107057,0.294294,16565.7,0.498373,0.243402,-0.1,0.05,0.6,558.265,7.71686e+06,0.309845,0.0159415,0.446304,0.0244233,-0.17932,0.686333,-0.208283,nan,nan,nan,nan,-0.0161782,-0.0600953,-0.0267347,nan,-0.167957,0,-0.111261,-0.413915,nan,-0.560203,-0.852397,-0.516691,-0.565543,0.998312,0.401143,-0.784229,-0.0236,0.0682143,-0.5
629,-35.5589,592.125,-0.0612003,0.166667,0.833333,0.132133,1.30965,0.304229,-0.0101238,2.31862,3.90184e-05,0.0113717,0.294223,16533.4,0.500186,0.243037,-0.1,0.05,0.6,559.01,7.72915e+06,0.286335,0.0155659,0.379108,0.0219295,-0.15595,0.592125,-0.172822,nan,nan,nan,nan,-0.0148265,-0.0521614,-0.0227711,nan,-0.145375,0,-0.0990882,-0.361994,nan,-0.466766,-0.779268,-0.45074,-0.47145,0.858751,0.331333,-0.6758,-0.0196,0.0421875,-0.5
630,-28.6956,432,-0.0575214,0.0833333,0.625,0.127404,1.30359,0.343356,-0.00833098,2.31618,3.90184e-05,0.0141279,0.29416,16348.3,0.500512,0.251127,-0.1,0.05,0.6,559.763,7.74144e+06,0.216378,0.0110959,0.273909,0.0147571,-0.113316,0.432,-0.124707,nan,nan,nan,nan,-0.0106282,-0.0386619,-0.0160031,nan,-0.105887,-0.000176471,-0.0682799,-0.26803,nan,-0.369375,-0.585789,-0.325783,-0.379271,0.617556,0.249882,-0.494541,-0.0123529,0.0347059,-0.5
631,-31.9477,548,-0.0608487,0.291667,0.75,0.128263,1.29254,0.304011,-0.00959543,2.31389,3.90184e-05,0.0125324,0.294124,16419,0.500956,0.247445,-0.1,0.05,0.6,560.513,7.75373e+06,0.262534,0.0151215,0.355901,0.0202298,-0.14446,0.548,-0.167226,nan,nan,nan,nan,-0.0133233,-0.0495401,-0.021092,nan,-0.134573,0,-0.0849664,-0.340596,nan,-0.436282,-0.673209,-0.416056,-0.460008,0.792654,0.32688,-0.624384,-0.019488,0.0265,-0.5
632,-30.2621,484.053,-0.0573071,0.125,0.666667,0.129803,1.26129,0.273007,-0.00965344,2.31275,3.90184e-05,0.0124747,0.294108,16515.5,0.502113,0.241917,-0.1,0.05,0.6,561.258,7.76602e+06,0.237837,0.0127769,0.314113,0.0176293,-0.126619,0.484053,-0.145627,nan,nan,nan,nan,-0.0121014,-0.0409077,-0.0182454,nan,-0.118759,0,-0.075711,-0.296146,nan,-0.380767,-0.641681,-0.370208,-0.378095,0.701284,0.288421,-0.553137,-0.0150316,0.0248684,-0.5
633,-33.1041,577.167,-0.0572823,0.25,0.5,0.131384,1.27582,0.224515,-0.00829742,2.31139,3.90184e-05,0.0137989,0.294049,16557.6,0.493532,0.248606,-0.1,0.05,0.6,562.001,7.7783e+06,0.2716,0.013918,0.375298,0.0197707,-0.150271,0.577167,-0.170839,nan,nan,nan,nan,-0.0136059,-0.0498531,-0.0218151,nan,-0.14073,-3.33333e-05,-0.100365,-0.347433,nan,-0.500608,-0.783239,-0.434596,-0.4653,0.844858,0.340889,-0.654,-0.0195333,0.0433333,-0.5
634,-37.1044,679.444,-0.058869,0.416667,0.708333,0.131438,1.31217,0.303605,-0.00879954,2.30842,3.90184e-05,0.00912022,0.293987,16197.9,0.511073,0.247542,-0.1,0.05,0.6,562.762,7.79059e+06,0.323974,0.0174855,0.439998,0.0224533,-0.179952,0.679444,-0.194147,nan,nan,nan,nan,-0.0161143,-0.0600586,-0.0253682,nan,-0.166464,0,-0.114659,-0.416807,nan,-0.59179,-0.850941,-0.516251,-0.5554,0.989871,0.378815,-0.7696,-0.0205778,0.0541667,-0.5
635,-28.8578,475.926,-0.0650032,0.208333,0.916667,0.13311,1.30858,0.353786,-0.00933356,2.30627,5.85277e-05,0.00468507,0.293945,16780.6,0.491691,0.240584,-0.1,0.05,0.6,563.496,7.80288e+06,0.255216,0.0127758,0.309692,0.0164708,-0.126012,0.475926,-0.145599,nan,nan,nan,nan,-0.0119427,-0.0404125,-0.0180753,nan,-0.11651,0,-0.069267,-0.293833,nan,-0.390192,-0.594194,-0.359849,-0.3956,0.685867,0.281037,-0.536978,-0.0172444,0.0432407,-0.5
636,-35.1475,547.571,-0.0556843,0.25,0.625,0.129115,1.27837,0.297137,-0.00978984,2.30422,5.85277e-05,0.0118003,0.293887,16655.5,0.495749,0.242024,-0.1,0.05,0.6,564.235,7.81517e+06,0.233298,0.0130758,0.356009,0.0190027,-0.143374,0.547571,-0.168124,nan,nan,nan,nan,-0.0137258,-0.0473484,-0.0210869,nan,-0.133714,0,-0.0912137,-0.339463,nan,-0.438789,-0.826531,-0.414247,-0.450943,0.800199,0.325143,-0.6224,-0.0185714,0.035,-0.5
637,-31.9606,577.353,-0.0521104,0.291667,0.416667,0.129074,1.29679,0.241805,-0.010638,2.30094,5.85277e-05,0.0149603,0.293788,16042.8,0.498801,0.267148,-0.1,0.05,0.6,565.003,7.82746e+06,0.305429,0.0131238,0.375281,0.0176193,-0.151527,0.577353,-0.157873,nan,nan,nan,nan,-0.0127641,-0.050729,-0.019858,nan,-0.141661,-3.52941e-05,-0.0910062,-0.360668,nan,-0.577659,-0.744471,-0.440283,-0.483247,0.828305,0.311529,-0.650259,-0.0182118,0.0363235,-0.5
638,-36.9902,680.333,-0.0533017,0.291667,0.458333,0.131375,1.29081,0.234809,-0.0106859,2.2967,5.85277e-05,0.0109871,0.293704,16612.8,0.497027,0.242642,-0.1,0.05,0.6,565.744,7.83974e+06,0.322819,0.0155048,0.435542,0.0244996,-0.178765,0.680333,-0.205147,nan,nan,nan,nan,-0.0169863,-0.0654703,-0.0258267,nan,-0.166679,0,-0.111197,-0.418238,nan,-0.555824,-0.891452,-0.516923,-0.5633,0.991009,0.389333,-0.7752,-0.0236,0.0620833,-0.5
639,-32.1177,497.474,-0.0577301,0.125,0.666667,0.131388,1.2912,0.308189,-0.0101057,2.29325,5.85277e-05,0.0165278,0.293613,16740.5,0.494022,0.240008,-0.1,0.05,0.6,566.479,7.85203e+06,0.237574,0.0122865,0.321333,0.0182968,-0.13045,0.497474,-0.146887,nan,nan,nan,nan,-0.0122205,-0.0423624,-0.0190251,nan,-0.121074,0,-0.0902436,-0.310146,nan,-0.399854,-0.69241,-0.376113,-0.375821,0.716217,0.286526,-0.578779,-0.0156,0.0364474,-0.5
640,-26.6039,407.733,-0.0562585,0.0833333,0.541667,0.132661,1.30281,0.212847,-0.0107391,2.28923,5.85277e-05,0.0124476,0.293519,16967.4,0.483017,0.241195,-0.1,0.05,0.6,567.205,7.86432e+06,0.217327,0.0113912,0.260881,0.0132539,-0.106241,0.407733,-0.114228,nan,nan,nan,nan,-0.00999721,-0.0344462,-0.0145079,nan,-0.0995882,-4e-05,-0.0722454,-0.254446,nan,-0.380033,-0.478309,-0.307106,-0.315,0.590073,0.219733,-0.47168,-0.01344,0.0221667,-0.5
641,-32.9658,510.773,-0.0602213,0.25,0.666667,0.131626,1.31692,0.303731,-0.0104581,2.28541,5.85277e-05,0.0131699,0.293444,16858.7,0.489091,0.239792,-0.1,0.05,0.6,567.937,7.87661e+06,0.238119,0.0126418,0.334942,0.0181985,-0.135574,0.510773,-0.155637,nan,nan,nan,nan,-0.0126421,-0.043928,-0.0192111,nan,-0.125577,0,-0.0796947,-0.313296,nan,-0.417832,-0.740227,-0.388816,-0.410318,0.741842,0.286545,-0.583309,-0.0190364,0.0173864,-0.5
642,-31.5551,488.846,-0.063311,0.208333,0.875,0.135058,1.28608,0.372881,-0.00983402,2.28207,5.85277e-05,0.0139649,0.293361,16839.7,0.489429,0.240274,-0.1,0.05,0.6,568.668,7.8889e+06,0.216448,0.0129981,0.321526,0.0158591,-0.127758,0.488846,-0.136731,nan,nan,nan,nan,-0.0106626,-0.0391487,-0.016782,nan,-0.11955,0,-0.0638545,-0.306015,nan,-0.479926,-0.630419,-0.367315,-0.415731,0.71149,0.255692,-0.550708,-0.0163385,0.0356731,-0.5
643,-37.1348,642.556,-0.0564171,0.166667,0.583333,0.132979,1.30597,0.322896,-0.0100663,2.27902,5.85277e-05,0.0137426,0.293309,16820.2,0.486742,0.243807,-0.1,0.05,0.6,569.4,7.90118e+06,0.313869,0.0148259,0.411755,0.0198627,-0.168651,0.642556,-0.168789,nan,nan,nan,nan,-0.0148656,-0.0554069,-0.0215601,nan,-0.157473,0,-0.0951847,-0.407002,nan,-0.631023,-0.682615,-0.486514,-0.5376,0.926426,0.324889,-0.733733,-0.0195333,0.0579167,-0.5
644,-33.5149,558.303,-0.0616964,0.416667,0.958333,0.129392,1.3038,0.313111,-0.0102299,2.27799,5.85277e-05,0.0130598,0.293315,16212.7,0.504732,0.253191,-0.1,0.05,0.6,570.159,7.91347e+06,0.253259,0.0148615,0.365138,0.0181064,-0.145885,0.558303,-0.162818,nan,nan,nan,nan,-0.0129092,-0.0484683,-0.0201823,nan,-0.136615,-1.81818e-05,-0.0911666,-0.339724,nan,-0.502565,-0.75164,-0.422399,-0.470945,0.805231,0.318909,-0.637818,-0.0182909,0.0320455,-0.5
645,-33.2191,577.739,-0.0582703,0.291667,0.666667,0.13029,1.29842,0.337737,-0.00990844,2.27782,5.85277e-05,0.0161738,0.293283,16387.8,0.502208,0.247618,-0.1,0.05,0.6,570.911,7.92576e+06,0.256906,0.0140627,0.377669,0.0198296,-0.151337,0.577739,-0.182063,nan,nan,nan,nan,-0.0137859,-0.0513586,-0.0226761,nan,-0.141241,0,-0.088156,-0.350281,nan,-0.457195,-0.725295,-0.436479,-0.491948,0.844376,0.340522,-0.646226,-0.0209739,0.0347826,-0.5
646,-36.2023,618.214,-0.0562583,0.125,0.458333,0.134921,1.31401,0.216198,-0.0106807,2.27532,5.85277e-05,0.0175128,0.293182,15647,0.498631,0.286694,-0.1,0.05,0.6,571.697,7.93805e+06,0.323692,0.0146093,0.397719,0.0181362,-0.161374,0.618214,-0.178373,nan,nan,nan,nan,-0.0154574,-0.0575644,-0.0230986,nan,-0.15189,0,-0.097592,-0.380818,nan,-0.568859,-0.678974,-0.469551,-0.545529,0.894152,0.331143,-0.693943,-0.0229714,0.0310714,-0.5
647,-31.5049,628.7,-0.0490259,0.166667,0.25,0.128586,1.29227,0.227951,-0.0104742,2.27154,5.85277e-05,0.0143684,0.29312,12398.1,0.633743,0.357377,-0.1,0.05,0.6,572.69,7.95034e+06,0.339837,0.0172087,0.4058,0.0203408,-0.163625,0.6287,-0.194466,nan,nan,nan,nan,-0.0157157,-0.0627366,-0.0243487,nan,-0.153538,0,-0.115617,-0.39303,nan,-0.507529,-0.680926,-0.472087,-0.52164,0.909527,0.3784,-0.70584,-0.02496,0.061,-0.5
648,-33.2699,656.1,-0.0552208,0.333333,0.5,0.132249,1.29357,0.31169,-0.00976534,2.26922,5.85277e-05,0.0154056,0.293052,12914.9,0.644752,0.306704,-0.1,0.05,0.6,573.643,7.96262e+06,0.336147,0.0143296,0.423116,0.0202089,-0.172628,0.6561,-0.180688,nan,nan,nan,nan,-0.0148509,-0.0565909,-0.0230944,nan,-0.1605,0,-0.109467,-0.393997,nan,-0.647765,-0.622323,-0.495242,-0.53532,0.940967,0.3628,-0.74796,-0.02274,0.066,-0.5
649,-28.4747,490.636,-0.0630962,0.166667,0.75,0.133809,1.31688,0.266859,-0.0104819,2.26637,5.85277e-05,0.0147287,0.292996,13557.4,0.594679,0.31169,-0.1,0.05,0.6,574.552,7.97491e+06,0.260473,0.0118186,0.318857,0.0154743,-0.128357,0.490636,-0.153372,nan,nan,nan,nan,-0.0125483,-0.0445996,-0.0191222,nan,-0.119634,0,-0.0870317,-0.301793,nan,-0.406585,-0.559204,-0.369842,-0.398864,0.718444,0.301273,-0.560291,-0.0154909,0.0451136,-0.5
650,-33.0173,545.1,-0.057881,0.291667,0.541667,0.129725,1.30987,0.291309,-0.0103818,2.2643,5.85277e-05,0.00552285,0.292947,13938.4,0.611126,0.270465,-0.1,0.05,0.6,575.435,7.9872e+06,0.25671,0.0122853,0.353663,0.0176969,-0.144079,0.5451,-0.157089,nan,nan,nan,nan,-0.012855,-0.0469495,-0.0196671,nan,-0.133473,0,-0.10164,-0.330978,nan,-0.492976,-0.703319,-0.412079,-0.42201,0.786958,0.2934,-0.62148,-0.01908,0.026,-0.5
651,-33.7836,571.957,-0.0618876,0.166667,0.791667,0.132387,1.32553,0.369724,-0.00938367,2.26159,5.85277e-05,0.0133228,0.292857,12866.1,0.604118,0.350948,-0.1,0.05,0.6,576.391,7.99949e+06,0.276751,0.0140074,0.376355,0.0189345,-0.149315,0.571957,-0.173204,nan,nan,nan,nan,-0.0132444,-0.0477073,-0.0212905,nan,-0.139727,-5.21739e-05,-0.0947922,-0.350916,nan,-0.479947,-0.685772,-0.429688,-0.479817,0.832252,0.324522,-0.652904,-0.0200348,0.0475,-0.5
652,-31.6434,555.906,-0.0668248,0.25,1.08333,0.129571,1.31441,0.383106,-0.0108152,2.25791,5.85277e-05,0.0163596,0.292784,13343.9,0.616515,0.304357,-0.1,0.05,0.6,577.314,8.01178e+06,0.27803,0.0136199,0.364598,0.0165373,-0.145325,0.555906,-0.165221,nan,nan,nan,nan,-0.0134544,-0.0483947,-0.0209238,nan,-0.135604,0,-0.0890495,-0.342433,nan,-0.498714,-0.582722,-0.415891,-0.44955,0.811152,0.3185,-0.632775,-0.0181125,0.0239063,-0.5
653,-39.3082,655.5,-0.0591179,0.25,0.583333,0.134341,1.30768,0.278035,-0.00923031,2.25504,5.85277e-05,0.0108527,0.292718,13081.5,0.600414,0.338931,-0.1,0.05,0.6,578.255,8.02406e+06,0.300926,0.0165047,0.425964,0.0234805,-0.17268,0.6555,-0.18578,nan,nan,nan,nan,-0.01577,-0.0551422,-0.0239443,nan,-0.160142,0,-0.111234,-0.399099,nan,-0.55681,-0.935793,-0.492438,-0.50301,0.953061,0.3606,-0.75324,-0.02124,0.034875,-0.5
654,-32.7935,589.5,-0.0596954,0.375,0.708333,0.131434,1.29924,0.248289,-0.0110207,2.25191,5.85277e-05,0.0170781,0.292636,13700.6,0.613027,0.283867,-0.1,0.05,0.6,579.153,8.03635e+06,0.279738,0.0152405,0.384461,0.0181948,-0.154977,0.5895,-0.17309,nan,nan,nan,nan,-0.0136925,-0.0513627,-0.0217785,nan,-0.144487,-9.23077e-05,-0.0992312,-0.366258,nan,-0.533831,-0.681826,-0.447467,-0.483231,0.86039,0.347846,-0.667569,-0.0174,0.0481731,-0.5
655,-34.2429,622.762,-0.0575346,0.25,0.625,0.130923,1.31416,0.28266,-0.010301,2.24841,5.85277e-05,0.014473,0.292567,13581.4,0.587905,0.316862,-0.1,0.05,0.6,580.059,8.04864e+06,0.330622,0.015503,0.404476,0.0207632,-0.163111,0.622762,-0.18839,nan,nan,nan,nan,-0.0151033,-0.0549664,-0.0236584,nan,-0.152311,-8.57143e-05,-0.1079,-0.382088,nan,-0.524472,-0.747019,-0.4662,-0.510514,0.908492,0.373714,-0.707543,-0.0201143,0.0321429,-0.5
656,-34.1758,575.476,-0.0559485,0.25,0.625,0.133059,1.31212,0.289779,-0.0118888,2.24526,5.85277e-05,0.0160397,0.292482,13083.1,0.619824,0.319404,-0.1,0.05,0.6,581,8.06093e+06,0.270859,0.0147487,0.374744,0.0197591,-0.15009,0.575476,-0.171844,nan,nan,nan,nan,-0.0139214,-0.0490498,-0.0216948,nan,-0.140645,0,-0.092449,-0.353693,nan,-0.481309,-0.779053,-0.434116,-0.476657,0.837556,0.329905,-0.6632,-0.0194286,0.0353571,-0.5
657,-35.6141,619,-0.0601366,0.125,0.75,0.132455,1.34778,0.316802,-0.0108107,2.24248,5.85277e-05,0.0135695,0.292446,13251,0.591761,0.335567,-0.1,0.05,0.6,581.929,8.07322e+06,0.298462,0.014961,0.406417,0.020161,-0.16226,0.619,-0.184367,nan,nan,nan,nan,-0.0148991,-0.0537323,-0.0229961,nan,-0.151439,0,-0.112764,-0.375921,nan,-0.533044,-0.773358,-0.466333,-0.497914,0.909167,0.360571,-0.704,-0.0193143,0.0546429,-0.5
658,-31.7847,631.286,-0.0515193,0.291667,0.291667,0.132524,1.29343,0.254999,-0.0101989,2.24112,5.85277e-05,0.0165254,0.292413,14771.4,0.568266,0.26361,-0.1,0.05,0.6,582.762,8.0855e+06,0.305188,0.0169755,0.414223,0.0206066,-0.165066,0.631286,-0.192546,nan,nan,nan,nan,-0.0150425,-0.0568896,-0.0237864,nan,-0.154561,0,-0.10796,-0.37452,nan,-0.521381,-0.726018,-0.478651,-0.510814,0.914479,0.380571,-0.705086,-0.0220286,0.0317857,-0.5
659,-29.8061,491.286,-0.0579463,0.25,0.625,0.134772,1.32192,0.266843,-0.0104784,2.239,5.85277e-05,0.0137261,0.292332,12549.1,0.598461,0.380729,-0.1,0.05,0.6,583.743,8.09779e+06,0.265957,0.0117456,0.32056,0.0165235,-0.128793,0.491286,-0.14529,nan,nan,nan,nan,-0.0118833,-0.0429572,-0.0185214,nan,-0.120253,0,-0.0670087,-0.305247,nan,-0.432666,-0.674501,-0.372347,-0.404314,0.711094,0.280381,-0.562057,-0.0166286,0.0396429,-0.5
660,-36.577,710.19,-0.0540604,0.375,0.5,0.131474,1.34334,0.211707,-0.0099145,2.23472,5.85277e-05,0.0134161,0.292203,13606.7,0.59643,0.306657,-0.1,0.05,0.6,584.647,8.11008e+06,0.34832,0.0174392,0.465568,0.0197653,-0.186343,0.71019,-0.198317,nan,nan,nan,nan,-0.0155524,-0.0593702,-0.0250996,nan,-0.173789,0,-0.132008,-0.43112,nan,-0.701828,-0.730382,-0.53586,-0.565543,1.03638,0.38781,-0.799771,-0.0200571,0.0464286,-0.5
661,-36.3915,637,-0.0530868,0.25,0.5,0.134636,1.31476,0.243821,-0.0105962,2.22933,5.85277e-05,0.0137935,0.292102,13504.3,0.568567,0.341363,-0.1,0.05,0.6,585.558,8.12237e+06,0.281647,0.0155201,0.417795,0.0211832,-0.165256,0.637,-0.187042,nan,nan,nan,nan,-0.0144294,-0.0506884,-0.0234882,nan,-0.155493,0,-0.108074,-0.39028,nan,-0.568112,-0.802484,-0.480816,-0.5044,0.936838,0.357556,-0.7296,-0.0215333,0.0479167,-0.5
662,-35.4805,674.571,-0.0552212,0.375,0.5,0.132419,1.33263,0.266243,-0.0104436,2.22512,5.85277e-05,0.0154225,0.291981,13416.2,0.60252,0.313389,-0.1,0.05,0.6,586.476,8.13466e+06,0.330991,0.0162102,0.437986,0.0201677,-0.176353,0.674571,-0.203462,nan,nan,nan,nan,-0.0160008,-0.0619811,-0.0262655,nan,-0.165472,0,-0.105102,-0.407794,nan,-0.589438,-0.781884,-0.508691,-0.555343,0.967963,0.405714,-0.7616,-0.0236,0.0410714,-0.5
663,-38.2603,645.292,-0.0541889,0.375,0.625,0.126554,1.32668,0.299129,-0.0113851,2.21955,5.85277e-05,0.0189868,0.291851,14703.4,0.580007,0.25572,-0.1,0.05,0.6,587.313,8.14694e+06,0.286938,0.0169471,0.419173,0.0203048,-0.1694,0.645292,-0.18802,nan,nan,nan,nan,-0.0147871,-0.0556259,-0.0237621,nan,-0.157956,0,-0.104007,-0.395822,nan,-0.590333,-0.836393,-0.48753,-0.53445,0.930523,0.353,-0.7315,-0.023,0.0398958,-0.5
664,-36.4527,642.429,-0.0544214,0.333333,0.541667,0.12904,1.3189,0.248173,-0.0104876,2.21532,5.85277e-05,0.014422,0.291782,16774,0.495967,0.236595,-0.1,0.05,0.6,588.047,8.15923e+06,0.319293,0.0164988,0.41834,0.0195703,-0.167564,0.642429,-0.178537,nan,nan,nan,nan,-0.0140625,-0.0519542,-0.0224554,nan,-0.156763,0,-0.106862,-0.392207,nan,-0.637411,-0.774714,-0.483433,-0.515571,0.923181,0.332571,-0.733714,-0.0206857,0.0340476,-0.5
665,-34.949,543.385,-0.0527142,0.0416667,0.5,0.131508,1.35631,0.267444,-0.0113483,2.21325,5.85277e-05,0.0176504,0.291755,13191.6,0.539544,0.391956,-0.1,0.05,0.6,588.98,8.17152e+06,0.261982,0.0129338,0.350127,0.0187649,-0.142777,0.543385,-0.155815,nan,nan,nan,nan,-0.0132179,-0.045505,-0.0198058,nan,-0.132644,0,-0.0917424,-0.339461,nan,-0.479506,-0.742429,-0.411554,-0.405415,0.791331,0.303385,-0.611077,-0.0174462,0.0405769,-0.5
666,-35.2368,629.333,-0.0588064,0.416667,0.708333,0.132204,1.3326,0.45609,-0.0105035,2.21268,5.85277e-05,0.014786,0.291758,13319.8,0.596643,0.325892,-0.1,0.05,0.6,589.904,8.18381e+06,0.321507,0.0132875,0.406903,0.022052,-0.164482,0.629333,-0.190828,nan,nan,nan,nan,-0.015257,-0.0566188,-0.0243457,nan,-0.153897,0,-0.105613,-0.390122,nan,-0.510824,-0.803216,-0.473077,-0.5226,0.916361,0.369481,-0.716533,-0.0229778,0.0244444,-0.5
667,-31.042,525.633,-0.0658776,0.166667,1.08333,0.129525,1.32687,0.30003,-0.0104431,2.21333,5.85277e-05,0.0137621,0.291779,12585.8,0.624961,0.351376,-0.1,0.05,0.6,590.882,8.1961e+06,0.271924,0.0139405,0.343012,0.0177624,-0.136809,0.525633,-0.160055,nan,nan,nan,nan,-0.0130786,-0.0444532,-0.0199436,nan,-0.128379,-6e-05,-0.0911542,-0.322273,nan,-0.434163,-0.625425,-0.396423,-0.41616,0.761459,0.311067,-0.59752,-0.017,0.0393333,-0.5
668,-34.4166,591.85,-0.0569825,0.166667,0.666667,0.127825,1.29047,0.316628,-0.00956706,2.21354,5.85277e-05,0.0170565,0.291777,14233.5,0.60238,0.260935,-0.1,0.05,0.6,591.747,8.20838e+06,0.267132,0.0154774,0.390901,0.0196486,-0.153942,0.59185,-0.174807,nan,nan,nan,nan,-0.0135046,-0.0483195,-0.0219072,nan,-0.144085,0,-0.0983329,-0.359403,nan,-0.533724,-0.676515,-0.440995,-0.47466,0.852918,0.3484,-0.67176,-0.0192,0.024,-0.5
669,-32.3521,558,-0.0525887,0.25,0.458333,0.13094,1.3031,0.285969,-0.0105845,2.21186,5.85277e-05,0.0173455,0.29169,15649.9,0.52994,0.255239,-0.1,0.05,0.6,592.533,8.22067e+06,0.269728,0.0134646,0.359146,0.0193632,-0.145013,0.558,-0.164378,nan,nan,nan,nan,-0.0137321,-0.0495618,-0.0211966,nan,-0.136321,0,-0.103551,-0.345123,nan,-0.470825,-0.723218,-0.41943,-0.431894,0.809618,0.327765,-0.643482,-0.0181412,0.0347059,-0.5
670,-27.4938,484.625,-0.0598576,0.25,0.75,0.133735,1.31652,0.248613,-0.00953667,2.20816,5.85277e-05,0.0110112,0.291624,16460.1,0.496101,0.250431,-0.1,0.05,0.6,593.281,8.23296e+06,0.245334,0.01211,0.320147,0.0165933,-0.12632,0.484625,-0.148664,nan,nan,nan,nan,-0.0121069,-0.0417164,-0.0189818,nan,-0.118279,0,-0.0836487,-0.294435,nan,-0.391164,-0.545364,-0.36407,-0.386925,0.701714,0.294167,-0.5525,-0.01635,0.0261458,-0.5
671,-33.366,644.952,-0.0543387,0.333333,0.541667,0.130098,1.33065,0.264786,-0.0108268,2.20525,5.85277e-05,0.0137782,0.291555,12435.3,0.60374,0.384412,-0.1,0.05,0.6,594.27,8.24525e+06,0.322969,0.0150746,0.422319,0.0200006,-0.16912,0.644952,-0.204812,nan,nan,nan,nan,-0.0151593,-0.0563267,-0.0254273,nan,-0.157296,0,-0.120451,-0.387044,nan,-0.551248,-0.733242,-0.483146,-0.531686,0.952818,0.383238,-0.7264,-0.0225143,0.0288095,-0.5
672,-30.4917,477.053,-0.0567127,0.0416667,0.75,0.127881,1.30492,0.358757,-0.010178,2.20236,5.85277e-05,0.0174642,0.291488,12691.7,0.652233,0.315958,-0.1,0.05,0.6,595.241,8.25754e+06,0.239509,0.0112183,0.303614,0.0153888,-0.123629,0.477053,-0.148943,nan,nan,nan,nan,-0.0126331,-0.0422608,-0.0189492,nan,-0.115948,0,-0.0949244,-0.291358,nan,-0.391844,-0.533637,-0.357618,-0.400453,0.685466,0.281263,-0.551116,-0.0162316,0.0351316,-0.5
673,-32.1317,526.524,-0.0541369,0.208333,0.666667,0.129416,1.30768,0.286196,-0.0112293,2.19818,5.85277e-05,0.0187322,0.291349,13331.3,0.612562,0.309181,-0.1,0.05,0.6,596.165,8.26982e+06,0.25243,0.0114266,0.344703,0.017009,-0.13769,0.526524,-0.151154,nan,nan,nan,nan,-0.0123442,-0.044747,-0.0190359,nan,-0.128813,0,-0.0812351,-0.326595,nan,-0.486405,-0.680715,-0.398047,-0.445371,0.759107,0.29219,-0.597829,-0.0170857,0.0332143,-0.5
674,-32.3487,511.053,-0.0583809,0.0833333,0.708333,0.130539,1.30653,0.290471,-0.0106871,2.19232,5.85277e-05,0.012843,0.291232,14091,0.608403,0.26364,-0.1,0.05,0.6,597.039,8.28211e+06,0.255394,0.012821,0.332323,0.0184176,-0.132943,0.511053,-0.150815,nan,nan,nan,nan,-0.0123217,-0.0420295,-0.0188606,nan,-0.124768,0,-0.0829868,-0.315663,nan,-0.431846,-0.70178,-0.382442,-0.405947,0.737875,0.293474,-0.5856,-0.0182526,0.0378947,-0.5
675,-32.8058,553.263,-0.0561458,0.166667,0.625,0.131592,1.30106,0.328998,-0.0109985,2.18737,5.85277e-05,0.017497,0.291102,15762.7,0.538043,0.241517,-0.1,0.05,0.6,597.82,8.2944e+06,0.238162,0.0143914,0.358972,0.0184789,-0.144025,0.553263,-0.160898,nan,nan,nan,nan,-0.0130574,-0.0459124,-0.0205456,nan,-0.135254,0,-0.0907801,-0.336523,nan,-0.479831,-0.655113,-0.415098,-0.448579,0.797535,0.325474,-0.624,-0.0162947,0.0340789,-0.5
676,-37.1092,711.818,-0.0529042,0.416667,0.5,0.128266,1.31521,0.30957,-0.0107238,2.18242,3.90184e-05,0.0204753,0.291017,14530.1,0.513942,0.331749,-0.1,0.05,0.6,598.667,8.30669e+06,0.356675,0.0167782,0.466581,0.024369,-0.185468,0.711818,-0.221727,nan,nan,nan,nan,-0.016592,-0.0611624,-0.0281903,nan,-0.173582,0,-0.107712,-0.432412,nan,-0.584446,-0.901904,-0.53183,-0.583773,1.03696,0.417091,-0.793309,-0.0246545,0.03375,-0.5
677,-32.9011,674.84,-0.0539021,0.458333,0.583333,0.126502,1.31994,0.317786,-0.00993731,2.1797,3.90184e-05,0.0151337,0.290957,12006.3,0.651868,0.371598,-0.1,0.05,0.6,599.692,8.31898e+06,0.3545,0.0146004,0.439816,0.0220029,-0.177251,0.67484,-0.207326,nan,nan,nan,nan,-0.0159148,-0.0593433,-0.0262189,nan,-0.16496,-9.6e-05,-0.112808,-0.410976,nan,-0.574997,-0.718384,-0.507539,-0.550656,0.985154,0.39792,-0.758208,-0.022512,0.0533,-0.5
678,-34.8837,619.812,-0.0514629,0.25,0.416667,0.132144,1.29494,0.290425,-0.00877964,2.17726,3.90184e-05,0.0106949,0.290902,13411.9,0.615292,0.300906,-0.1,0.05,0.6,600.61,8.33126e+06,0.309889,0.0181862,0.409415,0.0191783,-0.161638,0.619812,-0.165783,nan,nan,nan,nan,-0.0130612,-0.0457753,-0.0200934,nan,-0.151776,0,-0.0864091,-0.366329,nan,-0.623156,-0.710372,-0.463672,-0.509287,0.897747,0.3095,-0.71055,-0.01845,0.0309375,-0.5
679,-30.6197,491,-0.0580102,0.0833333,0.75,0.132778,1.28917,0.26925,-0.0088121,2.17493,3.90184e-05,0.0105447,0.290843,13181.7,0.614562,0.317638,-0.1,0.05,0.6,601.543,8.34355e+06,0.253853,0.0131097,0.307876,0.016753,-0.127991,0.491,-0.141269,nan,nan,nan,nan,-0.0122727,-0.0428191,-0.0181432,nan,-0.120027,0,-0.0821058,-0.294585,nan,-0.428204,-0.636471,-0.368899,-0.40437,0.711122,0.2758,-0.5598,-0.01344,0.03625,-0.5
680,-32.9792,545.273,-0.0510674,0.0416667,0.416667,0.132097,1.30126,0.249578,-0.00912775,2.1722,3.90184e-05,0.0135911,0.29077,15500.8,0.529192,0.263539,-0.1,0.05,0.6,602.338,8.35584e+06,0.284845,0.0138841,0.353958,0.0181172,-0.139786,0.545273,-0.162915,nan,nan,nan,nan,-0.0128194,-0.0448353,-0.0203767,nan,-0.133026,0,-0.0714997,-0.330966,nan,-0.479207,-0.652904,-0.407256,-0.468655,0.783493,0.322182,-0.601527,-0.0178909,0.0275,-0.5
681,-35.803,632.381,-0.0562051,0.291667,0.583333,0.133341,1.32375,0.317738,-0.00927267,2.16913,3.90184e-05,0.0109555,0.290705,16848.2,0.494925,0.234412,-0.1,0.05,0.6,603.069,8.36813e+06,0.298584,0.0147766,0.414419,0.0198802,-0.164902,0.632381,-0.185139,nan,nan,nan,nan,-0.0145188,-0.0522321,-0.0229013,nan,-0.154818,0,-0.0947026,-0.380303,nan,-0.589418,-0.750628,-0.477073,-0.507514,0.918347,0.348952,-0.724571,-0.0210286,0.0355952,-0.5
682,-33.2112,568.526,-0.0542151,0.166667,0.625,0.132154,1.30752,0.290493,-0.00896972,2.16671,3.90184e-05,0.0126538,0.290654,14529.7,0.506778,0.338939,-0.1,0.05,0.6,603.916,8.38042e+06,0.268851,0.012727,0.36881,0.0200576,-0.146598,0.568526,-0.177783,nan,nan,nan,nan,-0.0136183,-0.0471163,-0.0219375,nan,-0.138301,0,-0.0992074,-0.342619,nan,-0.464446,-0.749357,-0.422932,-0.445263,0.833375,0.352211,-0.638653,-0.0193895,0.0368421,-0.5
683,-34.2795,651.429,-0.0538587,0.333333,0.541667,0.130219,1.26698,0.288737,-0.0087882,2.16495,3.90184e-05,0.0119977,0.290606,11857.8,0.653861,0.382422,-0.1,0.05,0.6,604.953,8.3927e+06,0.35007,0.0152368,0.424274,0.0207601,-0.167419,0.651429,-0.18883,nan,nan,nan,nan,-0.0148196,-0.0540508,-0.0240577,nan,-0.158832,0,-0.099758,-0.39611,nan,-0.592002,-0.795537,-0.485298,-0.5412,0.950257,0.365714,-0.7328,-0.0224571,0.0530952,-0.5
684,-33.7535,609.375,-0.0630129,0.416667,0.916667,0.133017,1.29782,0.325701,-0.00943342,2.16251,3.90184e-05,0.0151328,0.290534,12807.4,0.640298,0.319147,-0.1,0.05,0.6,605.917,8.40499e+06,0.283873,0.0158078,0.397687,0.0220941,-0.158273,0.609375,-0.182172,nan,nan,nan,nan,-0.0145084,-0.0496969,-0.0235513,nan,-0.148621,0,-0.105974,-0.365747,nan,-0.493793,-0.758415,-0.457532,-0.484087,0.88095,0.34175,-0.69615,-0.0211125,0.0404688,-0.5
685,-32.1306,582.647,-0.0520677,0.166667,0.541667,0.126764,1.3025,0.233492,-0.00823091,2.15948,3.90184e-05,0.0174098,0.290471,13607.8,0.593308,0.309705,-0.1,0.05,0.6,606.822,8.41728e+06,0.300204,0.015009,0.383226,0.0186671,-0.151358,0.582647,-0.163215,nan,nan,nan,nan,-0.0126587,-0.0456587,-0.020777,nan,-0.142413,0,-0.085738,-0.354119,nan,-0.557123,-0.615135,-0.438617,-0.472553,0.840551,0.328471,-0.660141,-0.0178588,0.0444118,-0.5
686,-31.8859,625.167,-0.0485688,0.208333,0.291667,0.129312,1.30521,0.254235,-0.00947204,2.15697,3.90184e-05,0.0143353,0.290409,14802.2,0.543989,0.28616,-0.1,0.05,0.6,607.654,8.42957e+06,0.291264,0.0164243,0.411001,0.019701,-0.162676,0.625167,-0.185802,nan,nan,nan,nan,-0.0138412,-0.0493598,-0.0236072,nan,-0.153268,0,-0.0986531,-0.381482,nan,-0.581504,-0.622636,-0.470516,-0.5004,0.911315,0.350333,-0.6998,-0.022,0.0377083,-0.5
687,-34.9183,635,-0.0521198,0.208333,0.458333,0.128465,1.29095,0.283674,-0.008649,2.15432,3.90184e-05,0.0184154,0.290347,12667.8,0.607569,0.362446,-0.1,0.05,0.6,608.625,8.44186e+06,0.316123,0.0182761,0.406458,0.020188,-0.164529,0.635,-0.192245,nan,nan,nan,nan,-0.0159265,-0.0566954,-0.0243578,nan,-0.155369,0,-0.096356,-0.39407,nan,-0.54679,-0.744757,-0.476687,-0.528637,0.902166,0.37475,-0.7098,-0.020625,0.0517188,-0.5
688,-30.9258,492,-0.0577771,0.208333,0.708333,0.130711,1.30208,0.298777,-0.00825454,2.15119,5.85277e-05,0.00484081,0.290253,11865,0.647986,0.387668,-0.1,0.05,0.6,609.662,8.45414e+06,0.253635,0.00890487,0.314808,0.0176743,-0.126413,0.492,-0.142545,nan,nan,nan,nan,-0.0120896,-0.0406634,-0.0181726,nan,-0.120079,0,-0.0701019,-0.301782,nan,-0.440139,-0.657059,-0.369963,-0.393136,0.711632,0.256909,-0.562145,-0.0167455,0.0256818,-0.5
689,-33.5999,578.111,-0.0572007,0.0416667,0.708333,0.131693,1.31257,0.258637,-0.0102768,2.14699,5.85277e-05,0.00952832,0.290168,11998,0.651416,0.372755,-0.1,0.05,0.6,610.688,8.46643e+06,0.307964,0.0134917,0.375566,0.0202859,-0.150337,0.578111,-0.176772,nan,nan,nan,nan,-0.0142251,-0.0485437,-0.0219265,nan,-0.141281,0,-0.087659,-0.350275,nan,-0.466499,-0.675206,-0.432838,-0.483,0.834863,0.345333,-0.652933,-0.0212,0.0393056,-0.5
690,-34.7224,598.067,-0.0518777,0.125,0.5,0.129558,1.30582,0.238866,-0.00954168,2.14366,5.85277e-05,0.0156736,0.290085,12583.1,0.613932,0.362615,-0.1,0.05,0.6,611.666,8.47872e+06,0.30097,0.0150301,0.380706,0.0201927,-0.154489,0.598067,-0.17866,nan,nan,nan,nan,-0.0149512,-0.0545974,-0.0231644,nan,-0.146301,-0.00016,-0.0957947,-0.366205,nan,-0.477418,-0.768698,-0.449886,-0.48372,0.868737,0.355733,-0.67936,-0.01832,0.0361667,-0.5
691,-31.2472,690.5,-0.0477109,0.333333,0.25,0.129638,1.28886,0.286957,-0.00975423,2.13982,5.85277e-05,0.0148586,0.289998,13874,0.592299,0.293388,-0.1,0.05,0.6,612.553,8.49101e+06,0.348231,0.0164675,0.444505,0.024138,-0.17674,0.6905,-0.218659,nan,nan,nan,nan,-0.0165289,-0.0616441,-0.0273428,nan,-0.167721,0,-0.121845,-0.407462,nan,-0.536414,-0.762025,-0.512037,-0.567771,1.00924,0.427143,-0.778629,-0.0236571,0.0701786,-0.5
692,-34.9735,598.733,-0.0508397,0.208333,0.416667,0.131817,1.30324,0.203238,-0.0106628,2.13638,5.85277e-05,0.0117785,0.289934,14539.5,0.511906,0.333243,-0.1,0.05,0.6,613.4,8.5033e+06,0.285189,0.0155506,0.386995,0.0187392,-0.154479,0.598733,-0.175887,nan,nan,nan,nan,-0.0135971,-0.0487285,-0.0217209,nan,-0.146213,0,-0.0770585,-0.355478,nan,-0.561648,-0.72784,-0.443932,-0.52176,0.864148,0.3376,-0.67024,-0.01888,0.0151667,-0.5
693,-33.4096,670.762,-0.0531368,0.416667,0.458333,0.133678,1.29872,0.271847,-0.0101275,2.13404,5.85277e-05,0.0131416,0.289892,12090.3,0.643049,0.373304,-0.1,0.05,0.6,614.418,8.51558e+06,0.339644,0.01736,0.442657,0.023065,-0.17342,0.670762,-0.210726,nan,nan,nan,nan,-0.0155965,-0.0556676,-0.0258183,nan,-0.164605,0,-0.0962688,-0.406939,nan,-0.553345,-0.783498,-0.500762,-0.565114,0.974758,0.407429,-0.748114,-0.0221143,0.0377381,-0.5
694,-35.7325,739.875,-0.0513091,0.333333,0.333333,0.134222,1.31771,0.280155,-0.010994,2.13245,5.85277e-05,0.00918589,0.289858,12935.6,0.622337,0.327596,-0.1,0.05,0.6,615.369,8.52787e+06,0.412508,0.0169322,0.480193,0.0242,-0.193119,0.739875,-0.224649,nan,nan,nan,nan,-0.0162022,-0.0617776,-0.0276852,nan,-0.181219,0,-0.0992589,-0.453597,nan,-0.658459,-0.874627,-0.553745,-0.62325,1.0791,0.4415,-0.82935,-0.02475,0.0360938,-0.5
695,-33.7664,597.75,-0.0584451,0.25,0.75,0.132419,1.30507,0.344855,-0.0106472,2.12988,5.85277e-05,0.0105982,0.289759,12424.1,0.643733,0.345314,-0.1,0.05,0.6,616.36,8.54016e+06,0.290981,0.0155472,0.380648,0.0221824,-0.155093,0.59775,-0.180329,nan,nan,nan,nan,-0.0144903,-0.0521037,-0.0231584,nan,-0.146018,-5e-05,-0.0859714,-0.356225,nan,-0.474734,-0.793672,-0.449962,-0.48945,0.862494,0.354667,-0.6798,-0.0196,0.05,-0.5
696,-36.8707,711.464,-0.0539854,0.541667,0.625,0.129764,1.28271,0.303802,-0.0105249,2.12551,5.85277e-05,0.0107413,0.289669,13424.5,0.62007,0.295268,-0.1,0.05,0.6,617.277,8.55245e+06,0.362986,0.0178157,0.460301,0.0229101,-0.184718,0.711464,-0.192801,nan,nan,nan,nan,-0.015928,-0.0606305,-0.0247577,nan,-0.174296,0,-0.0972066,-0.431197,nan,-0.688837,-0.808988,-0.535502,-0.571243,1.02169,0.383429,-0.799629,-0.0213429,0.0508036,-0.5
697,-25.6943,401.611,-0.0530279,0.125,0.625,0.129185,1.29723,0.305172,-0.0109488,2.12227,5.85277e-05,0.0172515,0.289606,13161.5,0.552336,0.381295,-0.1,0.05,0.6,618.212,8.56474e+06,0.197021,0.0113063,0.259114,0.0132271,-0.102898,0.401611,-0.118013,nan,nan,nan,nan,-0.0102837,-0.0333318,-0.0150632,nan,-0.0980979,0,-0.069223,-0.242149,nan,-0.342036,-0.478683,-0.303024,-0.3115,0.584281,0.231778,-0.454133,-0.0142,0.02625,-0.5
698,-32.5119,631.238,-0.0518951,0.291667,0.583333,0.127061,1.32874,0.295035,-0.0108509,2.11972,5.85277e-05,0.0109704,0.289558,11963.4,0.693692,0.33344,-0.1,0.05,0.6,619.241,8.57702e+06,0.340253,0.01718,0.412886,0.0209381,-0.162473,0.631238,-0.2019,nan,nan,nan,nan,-0.0146359,-0.0544203,-0.0244844,nan,-0.154622,0,-0.074011,-0.382693,nan,-0.526656,-0.69726,-0.470437,-0.547714,0.906979,0.386667,-0.699771,-0.0228,0.0254762,-0.5
699,-36.3815,655.571,-0.0525047,0.333333,0.541667,0.127643,1.32995,0.267178,-0.0105054,2.11679,5.85277e-05,0.0149742,0.289461,12990.1,0.630376,0.315575,-0.1,0.05,0.6,620.188,8.58931e+06,0.321327,0.0170061,0.426003,0.0225604,-0.168584,0.655571,-0.19545,nan,nan,nan,nan,-0.0152605,-0.0550523,-0.0243662,nan,-0.1605,0,-0.090229,-0.394069,nan,-0.531949,-0.872485,-0.489853,-0.545229,0.943598,0.386095,-0.734971,-0.0237143,0.02,-0.5
700,-35.3476,639.524,-0.0575573,0.166667,0.708333,0.132681,1.3007,0.375536,-0.00970136,2.11261,5.85277e-05,0.0146642,0.289371,13326.1,0.627668,0.294429,-0.1,0.05,0.6,621.112,8.6016e+06,0.307172,0.0165214,0.411936,0.0216765,-0.164288,0.639524,-0.198797,nan,nan,nan,nan,-0.01557,-0.0601186,-0.0251854,nan,-0.156465,0,-0.0801599,-0.388836,nan,-0.508137,-0.757033,-0.477845,-0.564086,0.927541,0.392381,-0.711314,-0.0217714,0.0502381,-0.5
701,-33.1886,604.4,-0.0541231,0.208333,0.625,0.128767,1.3207,0.28247,-0.0102662,2.10931,5.85277e-05,0.0129371,0.289298,12613.1,0.625331,0.348894,-0.1,0.05,0.6,623.842,8.61389e+06,0.305306,0.0146731,0.380918,0.0214491,-0.155848,0.6044,-0.182908,nan,nan,nan,nan,-0.0153557,-0.0551842,-0.0235849,nan,-0.148089,-0.00015,-0.0880469,-0.352279,nan,-0.481068,-0.730415,-0.449909,-0.50337,0.872004,0.362,-0.68244,-0.01866,0.042125,-0.5
702,-32.9318,654.36,-0.0550984,0.375,0.666667,0.128445,1.30918,0.418763,-0.00898188,2.10605,5.85277e-05,0.0125672,0.289221,11952.2,0.643037,0.385057,-0.1,0.05,0.6,624.872,8.62618e+06,0.35115,0.0148428,0.423094,0.0207183,-0.168477,0.65436,-0.189522,nan,nan,nan,nan,-0.0152394,-0.0537767,-0.0239105,nan,-0.159486,0,-0.097778,-0.386116,nan,-0.586906,-0.694463,-0.48575,-0.528912,0.94338,0.3768,-0.743904,-0.022896,0.0462,-0.5
703,-27.6147,490.885,-0.0603186,0.208333,0.875,0.127197,1.3152,0.281728,-0.0102267,2.10247,5.85277e-05,0.0115299,0.289125,12699.5,0.634499,0.3331,-0.1,0.05,0.6,625.842,8.63846e+06,0.252298,0.0120518,0.317572,0.0157727,-0.12566,0.490885,-0.149198,nan,nan,nan,nan,-0.0119124,-0.0431607,-0.0187914,nan,-0.120085,-2.30769e-05,-0.0624816,-0.294891,nan,-0.41453,-0.512441,-0.368025,-0.417531,0.714961,0.290923,-0.546277,-0.0162462,0.0299038,-0.5
704,-31.6785,570.643,-0.0503841,0.208333,0.375,0.131135,1.30957,0.28092,-0.0120669,2.09806,5.85277e-05,0.0196616,0.28901,13944.7,0.596507,0.284689,-0.1,0.05,0.6,626.725,8.65075e+06,0.293896,0.0153155,0.363843,0.0177929,-0.147211,0.570643,-0.152957,nan,nan,nan,nan,-0.0123464,-0.0457462,-0.0190533,nan,-0.139711,0,-0.102731,-0.34999,nan,-0.561925,-0.585511,-0.428137,-0.445371,0.831061,0.28,-0.651257,-0.0177429,0.0246429,-0.5
705,-33.1128,665.679,-0.0547432,0.5,0.666667,0.127016,1.32143,0.251402,-0.0113646,2.0936,5.85277e-05,0.0123253,0.288914,15436.2,0.547583,0.248467,-0.1,0.05,0.6,627.523,8.66304e+06,0.391104,0.0173719,0.43495,0.0242246,-0.171099,0.665679,-0.201846,nan,nan,nan,nan,-0.0146864,-0.0554334,-0.0248918,nan,-0.162524,0,-0.0849188,-0.407701,nan,-0.550969,-0.817854,-0.498714,-0.555043,0.967764,0.381571,-0.744343,-0.024,0.0614286,-0.5
706,-33.7492,611.048,-0.0527716,0.333333,0.541667,0.129257,1.32192,0.307579,-0.0105726,2.0903,5.85277e-05,0.00975648,0.288847,16886.1,0.489384,0.238314,-0.1,0.05,0.6,628.252,8.67533e+06,0.290322,0.0160603,0.398824,0.0211825,-0.157233,0.611048,-0.187219,nan,nan,nan,nan,-0.0138146,-0.0503658,-0.0230985,nan,-0.149077,0,-0.0912542,-0.359761,nan,-0.516569,-0.848512,-0.454623,-0.505457,0.895181,0.36,-0.6848,-0.0183429,0.0491667,-0.5
707,-34.9619,566.88,-0.0590614,0.25,0.791667,0.129443,1.34485,0.325697,-0.00973736,2.08816,5.85277e-05,0.0162218,0.288836,12634.5,0.617677,0.354895,-0.1,0.05,0.6,629.226,8.68762e+06,0.25524,0.0143975,0.359401,0.0208167,-0.146249,0.56688,-0.168181,nan,nan,nan,nan,-0.0144224,-0.0503895,-0.0220137,nan,-0.138416,0,-0.0944231,-0.350338,nan,-0.441877,-0.799752,-0.428732,-0.45972,0.823116,0.3368,-0.654432,-0.018,0.0422,-0.5
708,-35.8641,693.286,-0.0547177,0.541667,0.625,0.130474,1.32927,0.354451,-0.0103632,2.08645,5.85277e-05,0.013227,0.28874,13053.8,0.630421,0.310911,-0.1,0.05,0.6,630.168,8.6999e+06,0.340885,0.0170384,0.449633,0.0239792,-0.178861,0.693286,-0.203044,nan,nan,nan,nan,-0.0155078,-0.0575377,-0.0257167,nan,-0.169523,-2.14286e-05,-0.100107,-0.419497,nan,-0.608937,-0.878692,-0.516913,-0.564171,1.01192,0.403857,-0.783086,-0.0205286,0.0448214,-0.5
709,-41.3137,707,-0.0560627,0.0416667,0.625,0.133157,1.33231,0.332607,-0.0112658,2.08173,5.85277e-05,0.0175639,0.288654,13387.9,0.608284,0.309557,-0.1,0.05,0.6,631.088,8.71219e+06,0.354834,0.0171326,0.451524,0.0242728,-0.182704,0.707,-0.206535,nan,nan,nan,nan,-0.0164535,-0.0587786,-0.0262367,nan,-0.172481,0,-0.0999202,-0.43162,nan,-0.62042,-0.859836,-0.528683,-0.582525,1.01247,0.4165,-0.8031,-0.02325,0.031875,-0.5
710,-31.2304,569.316,-0.0547298,0.291667,0.5,0.133371,1.34396,0.360912,-0.00960222,2.07844,5.85277e-05,0.0164642,0.288581,12988.6,0.625031,0.32103,-0.1,0.05,0.6,632.035,8.72448e+06,0.280185,0.0133627,0.375831,0.0192684,-0.146582,0.569316,-0.168173,nan,nan,nan,nan,-0.0128131,-0.0455557,-0.0213019,nan,-0.139046,-3.15789e-05,-0.0856123,-0.339655,nan,-0.496125,-0.687524,-0.425015,-0.459284,0.822165,0.329474,-0.648884,-0.0192,0.0394737,-0.5
711,-31.7082,481.125,-0.0610393,0.166667,0.833333,0.134939,1.31679,0.378873,-0.00973738,2.07572,5.85277e-05,0.00873163,0.288525,15843.1,0.534112,0.241492,-0.1,0.05,0.6,632.812,8.73677e+06,0.195771,0.0105014,0.301387,0.015818,-0.123799,0.481125,-0.138298,nan,nan,nan,nan,-0.0125747,-0.0424126,-0.017901,nan,-0.117867,-0.0001,-0.0649469,-0.291087,nan,-0.425397,-0.591939,-0.361855,-0.40035,0.694126,0.247333,-0.5483,-0.01725,0.0392708,-0.5
712,-30.1082,522.613,-0.0616321,0.375,0.916667,0.133275,1.26958,0.295832,-0.0102667,2.07361,5.85277e-05,0.00754787,0.288493,15831.4,0.533527,0.242653,-0.1,0.05,0.6,633.59,8.74906e+06,0.262869,0.0137145,0.333705,0.018045,-0.134657,0.522613,-0.154553,nan,nan,nan,nan,-0.0130632,-0.0443547,-0.0191591,nan,-0.12785,0,-0.0764631,-0.314768,nan,-0.450175,-0.642308,-0.39196,-0.429387,0.755323,0.30129,-0.593342,-0.0185032,0.0316935,-0.5
713,-33.1116,646.438,-0.0507409,0.333333,0.333333,0.134667,1.2872,0.290979,-0.0101786,2.07201,5.85277e-05,0.0157105,0.288442,16108.9,0.511964,0.250844,-0.1,0.05,0.6,634.354,8.76134e+06,0.339808,0.0153551,0.412989,0.0229109,-0.165544,0.646437,-0.189354,nan,nan,nan,nan,-0.0148083,-0.0548121,-0.0240883,nan,-0.157723,0,-0.0856349,-0.38727,nan,-0.531711,-0.809583,-0.479239,-0.564187,0.941327,0.3875,-0.7251,-0.023475,0.040625,-0.5
714,-30.7757,542.037,-0.057376,0.333333,0.791667,0.133346,1.30469,0.34452,-0.0109294,2.0699,5.85277e-05,0.0155594,0.288411,16264.8,0.512216,0.243282,-0.1,0.05,0.6,635.111,8.77363e+06,0.271414,0.0139146,0.340518,0.0197703,-0.138347,0.542037,-0.161203,nan,nan,nan,nan,-0.0134688,-0.0476759,-0.0203286,nan,-0.132327,0,-0.084188,-0.324668,nan,-0.437715,-0.687602,-0.405719,-0.442333,0.783506,0.319852,-0.612089,-0.0176889,0.0474074,-0.5
715,-34.8209,612.333,-0.0577191,0.333333,0.791667,0.130277,1.31486,0.288142,-0.0110665,2.06797,5.85277e-05,0.0131805,0.288335,16700.2,0.493943,0.241855,-0.1,0.05,0.6,635.848,8.78592e+06,0.289967,0.0162588,0.393347,0.0199801,-0.156445,0.612333,-0.171848,nan,nan,nan,nan,-0.0138481,-0.0491926,-0.0217351,nan,-0.149566,-6.66667e-05,-0.086677,-0.366355,nan,-0.572658,-0.715919,-0.459991,-0.516067,0.892721,0.328889,-0.687467,-0.0190222,0.0441667,-0.5
716,-29.5643,508.556,-0.0518462,0.25,0.5,0.130085,1.30736,0.291956,-0.0113837,2.06396,5.85277e-05,0.0141373,0.288221,16478.4,0.503097,0.242604,-0.1,0.05,0.6,636.595,8.79821e+06,0.246007,0.0163794,0.326989,0.0169548,-0.130282,0.508556,-0.140899,nan,nan,nan,nan,-0.0116488,-0.0381493,-0.017523,nan,-0.124318,-3.33333e-05,-0.080789,-0.305139,nan,-0.472873,-0.567269,-0.38255,-0.4261,0.732018,0.279778,-0.584267,-0.0166667,0.0269444,-0.5
717,-29.2462,451.941,-0.0542895,0.166667,0.541667,0.131411,1.3,0.330217,-0.0105974,2.05847,5.85277e-05,0.0138291,0.288085,16608,0.499575,0.240308,-0.1,0.05,0.6,637.337,8.8105e+06,0.208861,0.0132111,0.290296,0.0160168,-0.116566,0.451941,-0.12666,nan,nan,nan,nan,-0.0102257,-0.0380253,-0.0159469,nan,-0.110338,-7.05882e-05,-0.0622431,-0.273284,nan,-0.419997,-0.576497,-0.340339,-0.373129,0.659186,0.238118,-0.516706,-0.0144706,0.0369118,-0.5
718,-33.1011,649.211,-0.0515213,0.375,0.416667,0.135472,1.28858,0.213567,-0.0105089,2.05263,5.85277e-05,0.012601,0.287956,16723.9,0.494847,0.239911,-0.1,0.05,0.6,638.073,8.82278e+06,0.308298,0.0184803,0.426815,0.0225253,-0.166946,0.649211,-0.187406,nan,nan,nan,nan,-0.0145089,-0.049347,-0.0236028,nan,-0.158102,0,-0.0974089,-0.37578,nan,-0.564609,-0.769193,-0.486081,-0.532611,0.937557,0.372211,-0.738568,-0.0205895,0.0577632,-0.5
719,-37.7289,732.9,-0.0536326,0.333333,0.5,0.132765,1.29714,0.255772,-0.0107602,2.04706,5.85277e-05,0.011923,0.287824,16596.7,0.497787,0.242603,-0.1,0.05,0.6,638.814,8.83507e+06,0.377338,0.0199319,0.466729,0.0251186,-0.189022,0.7329,-0.217287,nan,nan,nan,nan,-0.0174551,-0.0700072,-0.0272896,nan,-0.178519,0,-0.121801,-0.435882,nan,-0.622415,-0.838894,-0.547123,-0.60066,1.06406,0.4182,-0.83112,-0.0255,0.03225,-0.5
720,-30.7885,610.316,-0.0520632,0.291667,0.5,0.130734,1.29191,0.25234,-0.010042,2.04158,3.90184e-05,0.0201284,0.287707,16527,0.500421,0.243089,-0.1,0.05,0.6,639.559,8.84736e+06,0.313385,0.0164226,0.396602,0.0221691,-0.155843,0.610316,-0.192252,nan,nan,nan,nan,-0.0148515,-0.0533748,-0.0240913,nan,-0.14875,0,-0.0992376,-0.358332,nan,-0.462692,-0.740689,-0.456334,-0.495189,0.89661,0.380421,-0.684632,-0.0204,0.0471053,-0.5
721,-32.2703,535.36,-0.0594019,0.166667,0.875,0.133892,1.30293,0.3504,-0.00832073,2.03846,3.90184e-05,0.00551218,0.287702,16268.1,0.511456,0.243887,-0.1,0.05,0.6,640.316,8.85965e+06,0.254618,0.0146652,0.34309,0.0202391,-0.137552,0.53536,-0.159692,nan,nan,nan,nan,-0.013173,-0.0455025,-0.0201653,nan,-0.130437,0,-0.0817686,-0.317331,nan,-0.431172,-0.676092,-0.401419,-0.435672,0.77296,0.308,-0.598368,-0.017904,0.0238,-0.5
722,-29.3037,502.316,-0.0569375,0.0833333,0.708333,0.133766,1.2929,0.370203,-0.00858447,2.03819,3.90184e-05,0.0162175,0.287676,16086.3,0.513042,0.250836,-0.1,0.05,0.6,641.081,8.87194e+06,0.260482,0.011186,0.320186,0.0168083,-0.128579,0.502316,-0.141965,nan,nan,nan,nan,-0.0116681,-0.0406384,-0.018269,nan,-0.12258,0,-0.0808126,-0.304729,nan,-0.460771,-0.487206,-0.377031,-0.394579,0.731461,0.274737,-0.568547,-0.0145895,0.0169737,-0.5
723,-32.1329,626.852,-0.0567001,0.375,0.75,0.13437,1.28859,0.355889,-0.0085338,2.03606,3.90184e-05,0.00953275,0.28762,16495.4,0.499663,0.245271,-0.1,0.05,0.6,641.828,8.88422e+06,0.323449,0.0166148,0.396584,0.0222593,-0.16149,0.626852,-0.194414,nan,nan,nan,nan,-0.0153836,-0.0586104,-0.0245375,nan,-0.153079,0,-0.098911,-0.375205,nan,-0.484925,-0.722715,-0.471413,-0.5292,0.912215,0.384741,-0.705867,-0.0211111,0.0608333,-0.5
724,-29.9858,537.56,-0.0585599,0.208333,0.833333,0.134051,1.30417,0.333401,-0.0091093,2.03328,3.90184e-05,0.00649805,0.287544,16326.5,0.505943,0.246698,-0.1,0.05,0.6,642.581,8.89651e+06,0.244766,0.0129671,0.342183,0.0188473,-0.137755,0.53756,-0.158824,nan,nan,nan,nan,-0.0130942,-0.0448097,-0.0201864,nan,-0.13078,0,-0.0898207,-0.317766,nan,-0.445829,-0.603298,-0.404078,-0.412344,0.789911,0.30896,-0.60336,-0.01824,0.0457,-0.5
725,-31.9192,637.4,-0.0495108,0.25,0.375,0.131127,1.31582,0.245638,-0.0092283,2.0297,3.90184e-05,0.011793,0.287451,16861.6,0.485593,0.243164,-0.1,0.05,0.6,643.312,8.9088e+06,0.335354,0.0138837,0.41273,0.02329,-0.164106,0.6374,-0.192943,nan,nan,nan,nan,-0.0159397,-0.0561528,-0.0242324,nan,-0.155819,0,-0.0990837,-0.376259,nan,-0.494636,-0.769379,-0.482204,-0.48696,0.920308,0.383733,-0.72832,-0.02096,0.0443333,-0.5
726,-32.0815,573.5,-0.0556836,0.416667,0.666667,0.130988,1.3214,0.336725,-0.00989254,2.02579,3.90184e-05,0.0134935,0.287362,16656.1,0.492967,0.24478,-0.1,0.05,0.6,644.051,8.92109e+06,0.268513,0.0147902,0.365485,0.018955,-0.148289,0.5735,-0.155388,nan,nan,nan,nan,-0.0126955,-0.0451654,-0.0199266,nan,-0.140007,-6.92308e-05,-0.0868789,-0.3414,nan,-0.544728,-0.658378,-0.432709,-0.465785,0.834,0.296,-0.646892,-0.0188308,0.0495192,-0.5
727,-38.0635,759.545,-0.0471426,0.208333,0.25,0.131384,1.29991,0.174911,-0.00779045,2.02222,3.90184e-05,0.00891224,0.287279,16088.9,0.493389,0.270367,-0.1,0.05,0.6,644.816,8.93338e+06,0.373761,0.0153881,0.490143,0.0271097,-0.193888,0.759545,-0.223762,nan,nan,nan,nan,-0.0170205,-0.0621506,-0.02875,nan,-0.184575,-0.000109091,-0.117301,-0.446115,nan,-0.638705,-1.05709,-0.565524,-0.595636,1.11841,0.444,-0.848509,-0.0223636,0.0465909,-0.5
728,-31.0018,515.667,-0.0467077,0.0833333,0.291667,0.133082,1.30754,0.235065,-0.00890765,2.01811,3.90184e-05,0.00948798,0.287171,16678.6,0.49215,0.244603,-0.1,0.05,0.6,645.554,8.94566e+06,0.266149,0.0129115,0.331782,0.0185981,-0.132377,0.515667,-0.15006,nan,nan,nan,nan,-0.0124217,-0.0399318,-0.0184327,nan,-0.125661,-0.000133333,-0.0759019,-0.304702,nan,-0.443799,-0.659335,-0.386228,-0.4186,0.767906,0.291111,-0.604267,-0.0165333,0.0230556,-0.5
729,-33.0611,630.562,-0.0493721,0.25,0.416667,0.130284,1.2918,0.261215,-0.00964268,2.01389,3.90184e-05,0.0112459,0.287093,16680.8,0.49432,0.242334,-0.1,0.05,0.6,646.292,8.95795e+06,0.29185,0.0151625,0.410538,0.0225801,-0.161815,0.630562,-0.182878,nan,nan,nan,nan,-0.0140937,-0.0499176,-0.0224842,nan,-0.153305,-3.75e-05,-0.0918449,-0.37291,nan,-0.549827,-0.73047,-0.466716,-0.500625,0.919723,0.36225,-0.7107,-0.01935,0.03375,-0.5
730,-28.4201,525.062,-0.0539813,0.125,0.541667,0.134138,1.29895,0.272781,-0.00892064,2.01122,3.90184e-05,0.0151475,0.287047,16633.8,0.496154,0.242581,-0.1,0.05,0.6,647.032,8.97024e+06,0.281935,0.0131389,0.339262,0.0174226,-0.13501,0.525062,-0.157524,nan,nan,nan,nan,-0.0126014,-0.0423146,-0.0200465,nan,-0.12817,0,-0.0832324,-0.304544,nan,-0.44198,-0.51132,-0.393953,-0.449437,0.755716,0.30975,-0.591,-0.017625,0.0317188,-0.5
731,-37.2175,680.833,-0.0517349,0.208333,0.541667,0.129855,1.30381,0.244803,-0.00924704,2.00927,3.90184e-05,0.0122568,0.286994,16491.6,0.503109,0.241998,-0.1,0.05,0.6,647.778,8.98253e+06,0.330712,0.0177646,0.436926,0.0264237,-0.174132,0.680833,-0.199793,nan,nan,nan,nan,-0.0167912,-0.0621285,-0.0255188,nan,-0.16563,0,-0.101597,-0.401266,nan,-0.543543,-0.882735,-0.507006,-0.5227,0.992708,0.379778,-0.778933,-0.0231333,0.04,-0.5
732,-33.0694,640.333,-0.0550602,0.458333,0.666667,0.128753,1.27836,0.30219,-0.00901296,2.00665,3.90184e-05,0.0142823,0.286924,16578.8,0.500267,0.240921,-0.1,0.05,0.6,648.521,8.99482e+06,0.308851,0.0171875,0.415943,0.023656,-0.163635,0.640333,-0.188573,nan,nan,nan,nan,-0.0149076,-0.0549212,-0.0239654,nan,-0.155897,0,-0.0898293,-0.37128,nan,-0.516077,-0.783327,-0.478512,-0.526733,0.928617,0.378815,-0.731911,-0.0212889,0.0502778,-0.5
733,-28.2837,526.125,-0.0511214,0.166667,0.5,0.132339,1.29247,0.238572,-0.00874067,2.00374,3.90184e-05,0.00927304,0.286862,16662,0.494078,0.24341,-0.1,0.05,0.6,649.259,9.0071e+06,0.268554,0.0115444,0.340328,0.0189266,-0.135374,0.526125,-0.167386,nan,nan,nan,nan,-0.0126851,-0.0438284,-0.0210515,nan,-0.12811,0,-0.0778794,-0.306807,nan,-0.404983,-0.587792,-0.391809,-0.45045,0.766362,0.32825,-0.59265,-0.018,0.0395313,-0.5
734,-28.7203,547.083,-0.0496828,0.0833333,0.416667,0.132847,1.29975,0.275953,-0.00822146,2.00154,3.90184e-05,0.0137195,0.286829,16641.2,0.496549,0.241858,-0.1,0.05,0.6,649.999,9.01939e+06,0.294038,0.0142605,0.344429,0.0197678,-0.138912,0.547083,-0.170277,nan,nan,nan,nan,-0.0136329,-0.04898,-0.0217233,nan,-0.133087,0,-0.0981947,-0.317124,nan,-0.420088,-0.581118,-0.409744,-0.4197,0.80017,0.318,-0.614,-0.0201,0.0495833,-0.5
735,-32.0211,563.737,-0.054013,0.208333,0.583333,0.132178,1.28284,0.280669,-0.00900001,2.00016,3.90184e-05,0.0153646,0.286794,16730.9,0.489735,0.244716,-0.1,0.05,0.6,650.735,9.03168e+06,0.261739,0.0145013,0.350603,0.0200399,-0.14455,0.563737,-0.161133,nan,nan,nan,nan,-0.0137804,-0.0444466,-0.0205769,nan,-0.137036,0,-0.0952997,-0.331098,nan,-0.478462,-0.656773,-0.42375,-0.446211,0.81118,0.313053,-0.6456,-0.0185053,0.0497368,-0.5
736,-35.9596,679.118,-0.0496196,0.25,0.458333,0.129682,1.28422,0.328682,-0.00799487,1.99838,3.90184e-05,0.00848244,0.286745,15514.3,0.49081,0.301233,-0.1,0.05,0.6,651.528,9.04397e+06,0.335715,0.0170552,0.447804,0.0233441,-0.175935,0.679118,-0.193909,nan,nan,nan,nan,-0.0141287,-0.0536632,-0.0238622,nan,-0.166145,0,-0.0800049,-0.401689,nan,-0.630731,-0.787876,-0.512267,-0.559271,0.979912,0.381412,-0.7536,-0.0230824,0.0373529,-0.5
737,-35.3967,734.955,-0.0525382,0.458333,0.458333,0.129525,1.30619,0.296296,-0.00869341,1.99644,3.90184e-05,0.0130039,0.286705,16731.2,0.493832,0.240606,-0.1,0.05,0.6,652.264,9.05626e+06,0.36822,0.0192176,0.473869,0.028891,-0.188909,0.734955,-0.231087,nan,nan,nan,nan,-0.0171849,-0.0674821,-0.0282199,nan,-0.178543,-5.45455e-05,-0.113543,-0.42386,nan,-0.53747,-0.944446,-0.549579,-0.606027,1.0762,0.459455,-0.824727,-0.0267818,0.0572727,-0.5
738,-32.8732,619.609,-0.0538266,0.375,0.583333,0.131393,1.27735,0.296222,-0.0085239,1.99479,3.90184e-05,0.013479,0.286666,16559.6,0.500298,0.241748,-0.1,0.05,0.6,653.008,9.06854e+06,0.295221,0.0154261,0.399507,0.0247185,-0.15836,0.619609,-0.18845,nan,nan,nan,nan,-0.0141062,-0.0513121,-0.022791,nan,-0.150827,-0.000130435,-0.0978164,-0.370655,nan,-0.489911,-0.766844,-0.463154,-0.488504,0.910666,0.349043,-0.694643,-0.0203478,0.0243478,-0.5
739,-27.7451,521.125,-0.0510881,0.208333,0.458333,0.131055,1.30759,0.349576,-0.00773851,1.99254,3.90184e-05,0.0118677,0.286596,16796.8,0.491997,0.239573,-0.1,0.05,0.6,653.74,9.08083e+06,0.251171,0.0146986,0.341536,0.0202117,-0.132711,0.521125,-0.160126,nan,nan,nan,nan,-0.0120798,-0.0424348,-0.0198363,nan,-0.126744,0,-0.0808062,-0.304252,nan,-0.402892,-0.612047,-0.389682,-0.4032,0.761157,0.311,-0.5958,-0.018825,0.0370313,-0.5
740,-32.7814,564.571,-0.054713,0.25,0.625,0.132232,1.2606,0.263245,-0.00862173,1.98933,3.90184e-05,0.0136311,0.286516,16562.4,0.501136,0.240784,-0.1,0.05,0.6,654.484,9.09312e+06,0.259454,0.0145566,0.361544,0.0220356,-0.144001,0.564571,-0.17047,nan,nan,nan,nan,-0.0134351,-0.049339,-0.0213143,nan,-0.137388,-0.000114286,-0.0779678,-0.331813,nan,-0.440506,-0.760063,-0.420257,-0.471343,0.815135,0.340571,-0.632114,-0.0208571,0.0311905,-0.5
741,-35.9927,650.81,-0.0523483,0.208333,0.666667,0.127444,1.27319,0.318463,-0.00888936,1.98676,3.90184e-05,0.0109955,0.286478,16623.9,0.496996,0.242181,-0.1,0.05,0.6,655.224,9.10541e+06,0.310114,0.0166528,0.422869,0.0242647,-0.166172,0.65081,-0.178271,nan,nan,nan,nan,-0.014333,-0.0490547,-0.0224054,nan,-0.157997,0,-0.100855,-0.3831,nan,-0.57831,-0.789054,-0.486617,-0.494829,0.953607,0.353333,-0.748571,-0.0202857,0.0395238,-0.5
742,-32.3912,599.955,-0.0528014,0.333333,0.583333,0.126041,1.27645,0.287705,-0.00888603,1.98516,3.90184e-05,0.00869439,0.286439,16290.9,0.514014,0.240273,-0.1,0.05,0.6,655.98,9.1177e+06,0.28754,0.0149298,0.384011,0.0223055,-0.153615,0.599955,-0.178229,nan,nan,nan,nan,-0.0138443,-0.0525821,-0.022143,nan,-0.146371,-5.45455e-05,-0.072873,-0.353102,nan,-0.501124,-0.721103,-0.449039,-0.527073,0.877367,0.347455,-0.673636,-0.0208364,0.0506818,-0.5
743,-37.2205,646.8,-0.0490536,0.166667,0.458333,0.124463,1.28634,0.282077,-0.00848951,1.98336,3.90184e-05,0.00783384,0.286397,12079.9,0.676983,0.340242,-0.1,0.05,0.6,656.998,9.12998e+06,0.294715,0.0174258,0.399963,0.0242697,-0.165415,0.6468,-0.185767,nan,nan,nan,nan,-0.0154873,-0.0586487,-0.0233782,nan,-0.15686,-4e-05,-0.105798,-0.38002,nan,-0.523188,-0.870436,-0.48413,-0.53712,0.94952,0.384267,-0.7336,-0.0196,0.0481667,-0.5
744,-36.1041,707.353,-0.0481112,0.375,0.333333,0.125858,1.28204,0.252311,-0.00855893,1.98112,3.90184e-05,0.0102545,0.286328,12758.1,0.653544,0.309612,-0.1,0.05,0.6,657.963,9.14227e+06,0.345137,0.0170944,0.454592,0.0247755,-0.180366,0.707353,-0.193879,nan,nan,nan,nan,-0.0153878,-0.0564362,-0.0250193,nan,-0.172708,-3.52941e-05,-0.096225,-0.407453,nan,-0.646059,-0.832625,-0.532666,-0.586376,1.03557,0.380235,-0.807671,-0.0229412,0.0411765,-0.5
745,-34.6895,670.684,-0.0476201,0.291667,0.5,0.125659,1.28829,0.279655,-0.00775054,1.97785,3.90184e-05,0.0103106,0.286256,13149.7,0.618091,0.316378,-0.1,0.05,0.6,658.899,9.15456e+06,0.33225,0.0169125,0.425542,0.0234851,-0.171812,0.670684,-0.188948,nan,nan,nan,nan,-0.0154182,-0.0574621,-0.0237066,nan,-0.163395,0,-0.0971498,-0.39662,nan,-0.592619,-0.762885,-0.503376,-0.553168,0.973017,0.370526,-0.760674,-0.0224211,0.0785526,-0.5
746,-35.4826,683.615,-0.0470871,0.208333,0.333333,0.125048,1.27923,0.236544,-0.00806894,1.97498,3.90184e-05,0.00823286,0.286188,13025.9,0.6522,0.291151,-0.1,0.05,0.6,659.844,9.16685e+06,0.331321,0.0196082,0.431802,0.0238746,-0.176015,0.683615,-0.196591,nan,nan,nan,nan,-0.0154687,-0.0577798,-0.0259509,nan,-0.166711,-0.000138462,-0.104424,-0.39277,nan,-0.582489,-0.815145,-0.511601,-0.549,1.00014,0.390462,-0.769477,-0.0219692,0.0382692,-0.5
747,-36.089,774.867,-0.0491835,0.291667,0.333333,0.129763,1.28352,0.276842,-0.00845356,1.97145,3.90184e-05,0.0114126,0.286083,13230.9,0.610386,0.318346,-0.1,0.05,0.6,660.775,9.17914e+06,0.397423,0.0183283,0.506558,0.030648,-0.199254,0.774867,-0.247684,nan,nan,nan,nan,-0.017162,-0.0661071,-0.0311583,nan,-0.188848,0,-0.109562,-0.449607,nan,-0.574182,-0.926731,-0.579909,-0.6564,1.13191,0.502667,-0.86464,-0.02528,0.0363333,-0.5
748,-36.232,717.095,-0.0543238,0.291667,0.583333,0.129547,1.28853,0.325023,-0.00827141,1.96723,3.90184e-05,0.00678611,0.286,13127.4,0.613126,0.322932,-0.1,0.05,0.6,661.712,9.19142e+06,0.377968,0.0178334,0.457786,0.024974,-0.182631,0.717095,-0.199219,nan,nan,nan,nan,-0.0155966,-0.057697,-0.0250681,nan,-0.174233,0,-0.110585,-0.420976,nan,-0.643079,-0.79109,-0.53257,-0.584143,1.03996,0.401524,-0.808229,-0.0216,0.0513095,-0.5
749,-28.9581,620.9,-0.0530126,0.25,0.583333,0.130988,1.28105,0.301811,-0.00891269,1.96417,3.90184e-05,0.00890472,0.285933,12845.4,0.600531,0.356076,-0.1,0.05,0.6,662.67,9.20371e+06,0.346724,0.0153788,0.407173,0.0247443,-0.158181,0.6209,-0.185773,nan,nan,nan,nan,-0.0144933,-0.049312,-0.0229122,nan,-0.150861,0,-0.106055,-0.362371,nan,-0.479297,-0.619035,-0.463665,-0.4761,0.917141,0.3552,-0.70644,-0.02142,0.03075,-0.5
750,-34.9003,702.68,-0.0510974,0.5,0.541667,0.134667,1.26759,0.275716,-0.00968357,1.96175,3.90184e-05,0.0190977,0.285885,12460.7,0.609791,0.376349,-0.1,0.05,0.6,663.658,9.216e+06,0.35242,0.0177147,0.452748,0.0278459,-0.179387,0.70268,-0.215503,nan,nan,nan,nan,-0.0163109,-0.0598678,-0.0267785,nan,-0.170898,0,-0.11235,-0.412625,nan,-0.526812,-0.895038,-0.525325,-0.566136,1.02709,0.41808,-0.796416,-0.025344,0.0452,-0.5
751,-30.2504,501.412,-0.135535,0.166667,0.541667,0.134187,1.28072,0.740085,-0.000496137,1.96043,5.85277e-05,0.0025716,0.285869,10618,0.763019,0.394261,-0.1,0.1,1,664.817,9.22829e+06,0.257548,0.0140817,0.319182,0.0207745,-0.128088,0.501412,-0.156958,nan,nan,nan,nan,-0.0126664,-0.0425869,-0.0187222,nan,-0.124103,0,-0.0755139,-0.300969,nan,-0.373701,-0.666303,-0.381661,-0.422541,0.738187,0.300941,-0.583012,-0.0175294,0.0220588,-0.5
752,-33.1951,523.812,-0.13776,0.166667,0.5,0.132273,1.26715,0.583807,-0.00323906,1.95974,5.85277e-05,0.00571669,0.285844,12427.6,0.636292,0.352471,-0.1,0.1,1,665.808,9.24058e+06,0.263895,0.0128006,0.330836,0.0185343,-0.133508,0.523812,-0.157828,nan,nan,nan,nan,-0.0129517,-0.0437382,-0.0194137,nan,-0.133446,0,-0.0912617,-0.328636,nan,-0.491565,-0.598317,-0.414218,-0.452812,0.769591,0.287,-0.6212,-0.018425,0.0260938,-0.5
753,-36.0528,592.4,-0.134726,0.416667,0.625,0.129313,1.27505,0.64105,-0.00129675,1.9584,8.77915e-05,0.00246871,0.285811,11796.5,0.642301,0.399363,-0.1,0.1,1,666.851,9.25286e+06,0.300017,0.0151111,0.380449,0.0228571,-0.151968,0.5924,-0.191832,nan,nan,nan,nan,-0.0150386,-0.0527244,-0.0237495,nan,-0.154026,0,-0.0918076,-0.374293,nan,-0.482326,-0.847663,-0.47272,-0.496992,0.867186,0.36144,-0.71136,-0.02,0.0444,-0.5
754,-39.8004,616.05,-0.134606,0.291667,0.541667,0.132223,1.30218,0.415963,-0.00461499,1.95608,8.77915e-05,0.00829979,0.285732,12275.9,0.663552,0.337435,-0.1,0.1,1,667.854,9.26515e+06,0.290413,0.0159086,0.386627,0.0237078,-0.156614,0.61605,-0.193213,nan,nan,nan,nan,-0.0159347,-0.0580365,-0.0239776,nan,-0.16318,0,-0.104456,-0.404284,nan,-0.543799,-0.897485,-0.501312,-0.54339,0.895227,0.3388,-0.75872,-0.0216,0.0645,-0.5
755,-37.6689,574.5,-0.139161,0.333333,0.666667,0.135624,1.28722,0.528705,-0.00284165,1.95334,8.77915e-05,0.00967149,0.285683,12008.7,0.614045,0.409211,-0.1,0.1,1,668.879,9.27744e+06,0.315486,0.0149614,0.364169,0.024634,-0.147076,0.5745,-0.195712,nan,nan,nan,nan,-0.0163648,-0.055936,-0.0239593,nan,-0.156098,0,-0.104319,-0.377987,nan,-0.456616,-0.777761,-0.480041,-0.511475,0.84098,0.3395,-0.738033,-0.0214,0.0384375,-0.5
756,-46.9623,702.852,-0.135262,0.458333,0.666667,0.13098,1.23638,0.3644,-0.00553549,1.95117,8.77915e-05,0.00780311,0.285623,12696,0.642024,0.325838,-0.1,0.1,1,669.848,9.28973e+06,0.351528,0.0180483,0.442599,0.0274146,-0.180061,0.702852,-0.231747,nan,nan,nan,nan,-0.0187426,-0.0674458,-0.028746,nan,-0.192112,0,-0.118872,-0.461826,nan,-0.621783,-0.990127,-0.593516,-0.668644,1.03297,0.414667,-0.904563,-0.0269481,0.0632407,-0.5
757,-45.9413,585.706,-0.13194,0.208333,0.5,0.125388,1.25888,0.376227,-0.00336434,1.94826,8.77915e-05,0.00681012,0.285553,12538.1,0.649766,0.33029,-0.1,0.1,1,670.83,9.30202e+06,0.275759,0.0169578,0.377177,0.0257598,-0.150984,0.585706,-0.203658,nan,nan,nan,nan,-0.0162097,-0.0556745,-0.0250841,nan,-0.166177,0,-0.105803,-0.400378,nan,-0.504325,-0.979773,-0.5106,-0.554435,0.870107,0.344,-0.777129,-0.0242118,0.0348529,-0.5
758,-47.5977,659.8,-0.137961,0.333333,0.5,0.13448,1.26574,0.354687,-0.00398855,1.94547,8.77915e-05,0.00706027,0.285502,13651,0.618164,0.281991,-0.1,0.1,1,671.731,9.3143e+06,0.349141,0.0154233,0.423838,0.0238669,-0.169312,0.6598,-0.223636,nan,nan,nan,nan,-0.0171951,-0.0635769,-0.0271536,nan,-0.18908,0,-0.116634,-0.451654,nan,-0.678333,-0.827427,-0.581075,-0.66771,0.971955,0.357,-0.87448,-0.02464,0.031,-0.5
759,-47.0219,600.25,-0.144647,0.291667,0.875,0.131573,1.27114,0.328867,-0.00480754,1.94341,8.77915e-05,0.00807966,0.28544,15266.1,0.558079,0.246841,-0.1,0.1,1,672.538,9.32659e+06,0.290728,0.0169062,0.380377,0.0232306,-0.152885,0.60025,-0.215551,nan,nan,nan,nan,-0.0170093,-0.0582101,-0.0259252,nan,-0.175972,0,-0.109398,-0.418147,nan,-0.581461,-0.845215,-0.54052,-0.608207,0.883232,0.345857,-0.823514,-0.0236,0.04875,-0.5
760,-39.4606,439.5,-0.13267,0.125,0.458333,0.131452,1.27428,0.284996,-0.00556576,1.93969,8.77915e-05,0.017034,0.285341,12574.6,0.58629,0.390917,-0.1,0.1,1,673.516,9.33888e+06,0.246382,0.0104545,0.274592,0.0169498,-0.11285,0.4395,-0.161047,nan,nan,nan,nan,-0.0136674,-0.0444885,-0.0192811,nan,-0.135022,0,-0.0902115,-0.326598,nan,-0.454433,-0.66555,-0.412294,-0.450729,0.650623,0.252,-0.639829,-0.0182857,0.0260714,-0.5
761,-52.0073,650.158,-0.132895,0.291667,0.5,0.131349,1.28986,0.275294,-0.00432892,1.93552,0.000131687,0.00454645,0.285247,12925,0.630292,0.320427,-0.1,0.1,1,674.469,9.35117e+06,0.319794,0.0169774,0.415159,0.0229181,-0.165509,0.650158,-0.246334,nan,nan,nan,nan,-0.0184375,-0.0674862,-0.0298889,nan,-0.195936,0,-0.116447,-0.477562,nan,-0.658135,-0.928513,-0.601249,-0.707526,0.944811,0.398316,-0.898147,-0.0250105,0.0346053,-0.5
762,-54.937,654.8,-0.138742,0.291667,0.75,0.134902,1.27582,0.298301,-0.00591291,1.92986,0.000131687,0.0141097,0.285062,13129.6,0.606534,0.329366,-0.1,0.1,1,675.406,9.36346e+06,0.324433,0.017181,0.41775,0.0282419,-0.167883,0.6548,-0.251375,nan,nan,nan,nan,-0.0202283,-0.0720751,-0.0298884,nan,-0.199319,0,-0.110422,-0.476908,nan,-0.60259,-1.02342,-0.612155,-0.691296,0.9603,0.388,-0.931264,-0.028928,0.0402,-0.5
763,-53.4082,630.136,-0.130406,0.291667,0.625,0.129691,1.28479,0.239163,-0.00879439,1.92095,0.000131687,0.0121865,0.284831,13958.4,0.592914,0.287419,-0.1,0.1,1,676.288,9.37574e+06,0.31251,0.0142468,0.39858,0.0264139,-0.159926,0.630136,-0.245991,nan,nan,nan,nan,-0.0193373,-0.0694332,-0.0302242,nan,-0.193296,0,-0.117912,-0.468508,nan,-0.559528,-1.03726,-0.591555,-0.661145,0.921623,0.387273,-0.8936,-0.0280182,0.0554545,-0.5
764,-47.6289,497.4,-0.132747,0.25,0.583333,0.133026,1.28405,0.246075,-0.00931345,1.91098,0.000131687,0.00972825,0.284599,15278.5,0.550903,0.253364,-0.1,0.1,1,677.094,9.38803e+06,0.269042,0.0128245,0.318489,0.0215707,-0.126599,0.4974,-0.205351,nan,nan,nan,nan,-0.0155664,-0.0534255,-0.0243469,nan,-0.162211,0,-0.0795568,-0.395237,nan,-0.500704,-0.836888,-0.492798,-0.54894,0.734358,0.2976,-0.75388,-0.0241,0.036875,-0.5
765,-57.7949,639.323,-0.137426,0.458333,0.833333,0.133802,1.29288,0.241493,-0.00816807,1.90114,0.000131687,0.0137577,0.284404,15530.6,0.533174,0.25804,-0.1,0.1,1,677.886,9.40032e+06,0.308349,0.0161969,0.410199,0.0236973,-0.163514,0.639323,-0.237825,nan,nan,nan,nan,-0.0176083,-0.0624941,-0.0289999,nan,-0.203944,-0.000154839,-0.116539,-0.48711,nan,-0.740679,-0.980071,-0.623629,-0.682626,0.945535,0.360129,-0.948465,-0.0251613,0.0166129,-0.5
766,-56.9943,644,-0.13737,0.375,0.75,0.133461,1.28251,0.242735,-0.00827348,1.89257,0.000131687,0.0168276,0.284159,10377,0.617126,0.567034,-0.1,0.1,1,679.072,9.41261e+06,0.358038,0.0169469,0.411678,0.0227338,-0.16339,0.644,-0.239475,nan,nan,nan,nan,-0.0182765,-0.0684303,-0.0289602,nan,-0.208938,0,-0.126338,-0.505452,nan,-0.782912,-0.907122,-0.641399,-0.712667,0.947455,0.366074,-0.963259,-0.0275852,0.0437037,-0.5
767,-57.9947,555.581,-0.145401,0.208333,1.08333,0.128656,1.28969,0.259213,-0.00832181,1.88185,0.000131687,0.012736,0.283983,11162.9,0.706744,0.394046,-0.1,0.1,1,680.175,9.4249e+06,0.267084,0.0153431,0.355747,0.0220949,-0.14263,0.555581,-0.222099,nan,nan,nan,nan,-0.0171003,-0.0621003,-0.0269384,nan,-0.186768,0,-0.103448,-0.459075,nan,-0.646869,-0.871329,-0.573274,-0.639987,0.814083,0.316645,-0.873084,-0.0262065,0.0239516,-0.5
768,-67.843,653.423,-0.137297,0.333333,0.75,0.131413,1.26358,0.237377,-0.00904201,1.87568,0.000131687,0.0116067,0.283824,10885.6,0.70934,0.419486,-0.1,0.1,1,681.306,9.43718e+06,0.279993,0.0195199,0.409122,0.0259664,-0.166209,0.653423,-0.264455,nan,nan,nan,nan,-0.0204718,-0.0736121,-0.0318018,nan,-0.219697,0,-0.127058,-0.53203,nan,-0.723001,-1.17955,-0.674232,-0.748062,0.959102,0.357231,-1.02794,-0.0291385,0.0215385,-0.5
769,-59.9517,569.85,-0.132939,0.166667,0.666667,0.131995,1.23782,0.243226,-0.0102552,1.86749,0.000131687,0.0144492,0.283607,10580.3,0.727374,0.434029,-0.1,0.1,1,682.469,9.44947e+06,0.297289,0.014318,0.357947,0.0213533,-0.145291,0.56985,-0.214835,nan,nan,nan,nan,-0.0169012,-0.0590013,-0.0257987,nan,-0.194849,0,-0.110032,-0.478343,nan,-0.741649,-0.876752,-0.601522,-0.66723,0.837945,0.2974,-0.90904,-0.02528,0.029,-0.5
770,-53.8127,448.2,-0.139488,0.166667,1.08333,0.132903,1.27706,0.254495,-0.0111496,1.85581,0.000131687,0.0174262,0.283251,11458.9,0.590215,0.482135,-0.1,0.1,1,683.544,9.46176e+06,0.215842,0.0109136,0.280417,0.0184327,-0.113702,0.4482,-0.179817,nan,nan,nan,nan,-0.0149305,-0.0488567,-0.0218012,nan,-0.159185,0,-0.0977721,-0.388052,nan,-0.559566,-0.816698,-0.49019,-0.54784,0.658214,0.245733,-0.7508,-0.0207867,0.0205,-0.5
771,-56.6558,472.703,-0.144622,0.25,1.29167,0.127823,1.25864,0.234191,-0.012461,1.8372,0.000131687,0.0124941,0.282739,11386.1,0.716856,0.362355,-0.1,0.1,1,684.625,9.47405e+06,0.221559,0.0108579,0.294186,0.020036,-0.119316,0.472703,-0.203015,nan,nan,nan,nan,-0.0167394,-0.0580521,-0.024667,nan,-0.169015,-2.7027e-05,-0.108994,-0.408137,nan,-0.544866,-0.847618,-0.521071,-0.590092,0.690769,0.272,-0.794227,-0.0211568,0.0310135,-0.5
772,-49.3788,466.409,-0.132733,0.208333,0.708333,0.129163,1.26579,0.236604,-0.0117707,1.81593,0.000131687,0.014961,0.282302,12379.6,0.661653,0.330951,-0.1,0.1,1,685.619,9.48634e+06,0.242453,0.0117831,0.289272,0.0193383,-0.11711,0.466409,-0.199996,nan,nan,nan,nan,-0.0160678,-0.0545628,-0.0241833,nan,-0.163551,0,-0.105457,-0.393921,nan,-0.509937,-0.704929,-0.496928,-0.547364,0.689778,0.263091,-0.749891,-0.0197818,0.0389773,-0.5
773,-62.5252,514.216,-0.145934,0.208333,1.33333,0.130395,1.24994,0.245184,-0.0123489,1.79957,0.000131687,0.0170616,0.28195,12137.3,0.655127,0.357292,-0.1,0.1,1,686.633,9.49862e+06,0.264425,0.0142209,0.328823,0.0225098,-0.130335,0.514216,-0.217002,nan,nan,nan,nan,-0.017344,-0.0575731,-0.0260101,nan,-0.187644,0,-0.117981,-0.454229,nan,-0.633578,-0.956477,-0.575423,-0.620416,0.756013,0.277838,-0.880281,-0.0243351,0.0267568,-0.5
774,-56.7628,485.941,-0.137853,0.333333,1.08333,0.126642,1.23575,0.226478,-0.0137417,1.7821,0.000131687,0.0193639,0.281495,12683,0.655799,0.313055,-0.1,0.1,1,687.604,9.51091e+06,0.243618,0.0139106,0.305335,0.0209068,-0.12319,0.485941,-0.207585,nan,nan,nan,nan,-0.015735,-0.0532294,-0.0252292,nan,-0.177274,-0.000117647,-0.111379,-0.425963,nan,-0.594178,-0.899849,-0.543686,-0.561441,0.721984,0.263647,-0.832282,-0.0227059,0.0297794,-0.5
775,-52.5729,420.139,-0.139547,0.125,1.375,0.124796,1.25315,0.240176,-0.0116925,1.76628,0.000131687,0.0111233,0.281274,11713.2,0.63622,0.412857,-0.1,0.1,1,688.654,9.5232e+06,0.219876,0.0116533,0.258584,0.0154014,-0.106116,0.420139,-0.167711,nan,nan,nan,nan,-0.0134798,-0.0459285,-0.0203806,nan,-0.156876,0,-0.0946137,-0.379371,nan,-0.613966,-0.651484,-0.480162,-0.520117,0.618759,0.212667,-0.736378,-0.0179444,0.0228472,-0.5
776,-51.7944,386.115,-0.131176,0.125,0.958333,0.124848,1.27922,0.219304,-0.0132965,1.75606,0.000131687,0.0128909,0.280937,11537,0.726478,0.338619,-0.1,0.1,1,689.721,9.53549e+06,0.173726,0.0113578,0.239907,0.0180812,-0.0959635,0.386115,-0.172197,nan,nan,nan,nan,-0.0147751,-0.0477457,-0.0214082,nan,-0.145661,0,-0.0929676,-0.354775,nan,-0.451535,-0.770699,-0.448044,-0.478477,0.563478,0.210308,-0.694862,-0.0171692,0.02625,-0.5
777,-53.8619,427.707,-0.139994,0.291667,1.41667,0.125215,1.26294,0.19312,-0.012237,1.73998,8.77915e-05,0.0224076,0.280541,12642.8,0.62407,0.347864,-0.1,0.1,1,690.695,9.54778e+06,0.199844,0.0106618,0.270396,0.0170885,-0.107257,0.427707,-0.16937,nan,nan,nan,nan,-0.0135729,-0.0433541,-0.0197031,nan,-0.156434,0,-0.100814,-0.373115,nan,-0.584896,-0.792453,-0.477368,-0.481917,0.635293,0.218634,-0.738361,-0.0163024,0.0168293,-0.5
778,-51.2433,390.62,-0.151997,0.25,1.83333,0.128757,1.26157,0.202762,-0.0131932,1.72531,8.77915e-05,0.0169487,0.280283,12949,0.659302,0.289653,-0.1,0.1,1,691.646,9.56006e+06,0.193665,0.0104706,0.244072,0.0172114,-0.0969091,0.39062,-0.175205,nan,nan,nan,nan,-0.0139744,-0.0445882,-0.0214741,nan,-0.146868,-2.4e-05,-0.0943208,-0.356789,nan,-0.471991,-0.764204,-0.447595,-0.45762,0.57365,0.2196,-0.699968,-0.018808,0.0236,-0.5
779,-51.3179,405.136,-0.144272,0.208333,1.625,0.123785,1.26509,0.219899,-0.0113782,1.71509,8.77915e-05,0.0199637,0.280075,13138.7,0.594567,0.340688,-0.1,0.1,1,692.583,9.57235e+06,0.213122,0.0105906,0.25312,0.0178982,-0.100672,0.405136,-0.177597,nan,nan,nan,nan,-0.0142234,-0.0466518,-0.0211185,nan,-0.153167,-4.54545e-05,-0.0906331,-0.371945,nan,-0.522595,-0.684687,-0.463927,-0.505432,0.600508,0.213818,-0.720236,-0.0201,0.025,-0.5
780,-51.8849,380.111,-0.152743,0.166667,2.08333,0.12667,1.2824,0.219751,-0.0111576,1.70517,8.77915e-05,0.0114106,0.279783,12308,0.640399,0.357978,-0.1,0.1,1,693.583,9.58464e+06,0.204531,0.0104416,0.234959,0.0167363,-0.0943046,0.380111,-0.169503,nan,nan,nan,nan,-0.0137516,-0.0452806,-0.0201236,nan,-0.147437,0,-0.0953551,-0.35597,nan,-0.485121,-0.70821,-0.448964,-0.467722,0.559822,0.203852,-0.698681,-0.0171111,0.0126852,-0.5
781,-46.8965,337.795,-0.141525,0.125,1.5,0.125434,1.25339,0.223855,-0.0117475,1.69261,8.77915e-05,0.0157689,0.279534,12250.6,0.671095,0.331959,-0.1,0.1,1,694.588,9.59693e+06,0.172712,0.00892161,0.210632,0.015415,-0.0836383,0.337795,-0.154544,nan,nan,nan,nan,-0.0130878,-0.039303,-0.0188516,nan,-0.131148,0,-0.0894392,-0.321446,nan,-0.407255,-0.637681,-0.401824,-0.402877,0.498454,0.180821,-0.62441,-0.0160615,0.0171795,-0.5
782,-38.8426,257.628,-0.147486,0.0416667,1.75,0.127679,1.26497,0.191888,-0.0104299,1.68218,8.77915e-05,0.0118821,0.279272,14108,0.600951,0.270042,-0.1,0.1,1,695.46,9.60922e+06,0.141773,0.00699394,0.157191,0.0120744,-0.0628992,0.257628,-0.121107,nan,nan,nan,nan,-0.0102835,-0.0299809,-0.0146388,nan,-0.102346,0,-0.072783,-0.245617,nan,-0.333334,-0.472145,-0.312141,-0.298647,0.37849,0.136651,-0.494084,-0.0116279,0.0151163,-0.5
783,-49.4944,366.5,-0.155086,0.291667,2.29167,0.127496,1.24527,0.194098,-0.0112213,1.66962,8.77915e-05,0.0199446,0.27896,13608.6,0.571973,0.330988,-0.1,0.1,1,696.364,9.6215e+06,0.184073,0.00990762,0.223819,0.017307,-0.0898725,0.3665,-0.17057,nan,nan,nan,nan,-0.0140661,-0.0460838,-0.0203163,nan,-0.142421,-4.83871e-05,-0.0903142,-0.347861,nan,-0.442648,-0.669417,-0.431433,-0.449468,0.53874,0.197613,-0.678748,-0.0184258,0.0209677,-0.5
784,-46.5429,335.717,-0.157901,0.0833333,2.41667,0.124829,1.25655,0.205118,-0.00980386,1.65714,8.77915e-05,0.0159793,0.278719,13119.4,0.608689,0.327941,-0.1,0.1,1,697.302,9.63379e+06,0.182295,0.00819782,0.206034,0.0143768,-0.0814644,0.335717,-0.146328,nan,nan,nan,nan,-0.0125146,-0.0406889,-0.0175976,nan,-0.132605,-5e-05,-0.0803972,-0.322279,nan,-0.468286,-0.530773,-0.40169,-0.41876,0.490634,0.1742,-0.62884,-0.0159067,0.016375,-0.5
785,-41.2849,285.079,-0.158769,0.0833333,2.54167,0.128297,1.26554,0.210847,-0.0105967,1.6477,8.77915e-05,0.0135177,0.27853,12491.2,0.633907,0.349829,-0.1,0.1,1,698.288,9.64608e+06,0.154003,0.00704845,0.16902,0.0139118,-0.0690497,0.285079,-0.132461,nan,nan,nan,nan,-0.0121105,-0.0367907,-0.0160493,nan,-0.112949,-3.1746e-05,-0.0800723,-0.270195,nan,-0.337613,-0.48487,-0.341222,-0.342286,0.418076,0.153714,-0.551289,-0.013346,0.0116667,-0.5
786,-36.2275,227.781,-0.161863,0.0416667,2.625,0.123969,1.26998,0.192712,-0.0117972,1.63765,8.77915e-05,0.0173787,0.278216,13572.8,0.603601,0.301741,-0.1,0.1,1,699.195,9.65837e+06,0.123711,0.00612807,0.132908,0.0107936,-0.0548756,0.227781,-0.102632,nan,nan,nan,nan,-0.00949967,-0.0287447,-0.0123299,nan,-0.0909162,-1.5625e-05,-0.0623013,-0.225904,nan,-0.286603,-0.437689,-0.274388,-0.272812,0.329983,0.119125,-0.441,-0.0106188,0.0133594,-0.5
787,-46.2466,319.957,-0.145682,0.125,1.83333,0.123548,1.28339,0.202062,-0.0103867,1.62287,8.77915e-05,0.0115079,0.277867,13370,0.583535,0.335536,-0.1,0.1,1,700.116,9.67066e+06,0.16348,0.0083191,0.195428,0.0151207,-0.0769977,0.319957,-0.146592,nan,nan,nan,nan,-0.0129881,-0.0398816,-0.0175384,nan,-0.12679,-0.000106383,-0.0822365,-0.308822,nan,-0.400384,-0.586412,-0.38382,-0.407923,0.468236,0.170298,-0.605957,-0.0156851,0.0145745,-0.5
788,-35.9223,238.659,-0.144438,0,1.83333,0.124974,1.29364,0.207937,-0.0105823,1.60946,8.77915e-05,0.00901827,0.277618,12654.7,0.628827,0.342198,-0.1,0.1,1,701.088,9.68294e+06,0.134084,0.00647967,0.143884,0.0103294,-0.0570496,0.238659,-0.101062,nan,nan,nan,nan,-0.0092462,-0.0269963,-0.0121032,nan,-0.0950138,-6.81818e-05,-0.0639552,-0.233435,nan,-0.343045,-0.358601,-0.28653,-0.281809,0.348975,0.114364,-0.460436,-0.0109091,0.0147727,-0.5
789,-37.7732,256,-0.156038,0.0833333,2.375,0.126928,1.30246,0.21712,-0.0119622,1.59894,5.85277e-05,0.0220422,0.277375,12289.7,0.681898,0.317967,-0.1,0.1,1,702.09,9.69523e+06,0.131402,0.00698479,0.15357,0.012205,-0.0611438,0.256,-0.118065,nan,nan,nan,nan,-0.0108738,-0.033703,-0.0142203,nan,-0.102135,0,-0.0652486,-0.248476,nan,-0.306202,-0.42982,-0.308636,-0.313953,0.374226,0.138102,-0.495024,-0.0118983,0.012161,-0.5
790,-47.1387,324.875,-0.152969,0.125,2.20833,0.126552,1.26885,0.204283,-0.00882106,1.58902,5.85277e-05,0.0114596,0.277174,12603.8,0.611351,0.363596,-0.1,0.1,1,703.067,9.70752e+06,0.16524,0.00853231,0.195406,0.0154743,-0.078132,0.324875,-0.148737,nan,nan,nan,nan,-0.0129721,-0.0409164,-0.0179499,nan,-0.129921,0,-0.0786898,-0.314674,nan,-0.417823,-0.58752,-0.39118,-0.412061,0.477001,0.169214,-0.620486,-0.0158571,0.0169643,-0.5
791,-32.8256,201.846,-0.148543,0.0833333,2.08333,0.122639,1.27044,0.191037,-0.0104465,1.57993,5.85277e-05,0.0111463,0.276972,11325.4,0.65891,0.426083,-0.1,0.1,1,704.154,9.71981e+06,0.100739,0.00501943,0.116286,0.00922781,-0.0477787,0.201846,-0.0890831,nan,nan,nan,nan,-0.00850894,-0.0232632,-0.0107106,nan,-0.0803629,-0.000115385,-0.0607483,-0.197862,nan,-0.262933,-0.345438,-0.242844,-0.236146,0.295597,0.103769,-0.396015,-0.00807692,0.00360577,-0.5
792,-39.1031,254.453,-0.152461,0,2.20833,0.122926,1.29796,0.195419,-0.0104851,1.57162,5.85277e-05,0.0160896,0.276812,12568.8,0.651091,0.326571,-0.1,0.1,1,705.133,9.7321e+06,0.141093,0.00692589,0.152093,0.0116516,-0.0603691,0.254453,-0.108753,nan,nan,nan,nan,-0.00981725,-0.0295522,-0.0133474,nan,-0.101725,0,-0.066054,-0.24901,nan,-0.346776,-0.44426,-0.306464,-0.313075,0.373301,0.126943,-0.497434,-0.0112075,0.0110849,-0.5
793,-37.2265,236.492,-0.159,0,2.45833,0.125349,1.28164,0.208604,-0.0111497,1.5646,5.85277e-05,0.0164597,0.276641,12579.3,0.639433,0.337408,-0.1,0.1,1,706.111,9.74438e+06,0.11982,0.00666061,0.139932,0.0116142,-0.0559179,0.236492,-0.104807,nan,nan,nan,nan,-0.00981414,-0.0305223,-0.0126097,nan,-0.0945055,0,-0.0548483,-0.225672,nan,-0.294789,-0.431174,-0.283245,-0.299898,0.347964,0.11878,-0.454983,-0.0117288,0.0146186,-0.5
794,-37.4611,247.925,-0.149996,0.0416667,2.16667,0.122755,1.31961,0.185762,-0.00971722,1.55681,5.85277e-05,0.013492,0.276454,12271.8,0.636763,0.36456,-0.1,0.1,1,707.114,9.75667e+06,0.1347,0.00670114,0.149118,0.0115591,-0.0584682,0.247925,-0.111319,nan,nan,nan,nan,-0.00990802,-0.0292242,-0.0131922,nan,-0.0990939,0,-0.0614102,-0.243185,nan,-0.324278,-0.425712,-0.297489,-0.304811,0.361989,0.127849,-0.479547,-0.0112075,0.0143868,-0.5
795,-38.0924,246.733,-0.153708,0.0833333,2.41667,0.126405,1.29161,0.201641,-0.00971596,1.54799,5.85277e-05,0.0122498,0.276245,13545.4,0.588072,0.319097,-0.1,0.1,1,708.022,9.76896e+06,0.13241,0.00687378,0.144509,0.0106948,-0.0582464,0.246733,-0.0990683,nan,nan,nan,nan,-0.00892564,-0.0264262,-0.0117878,nan,-0.0983689,0,-0.0664568,-0.236494,nan,-0.368617,-0.413045,-0.293941,-0.30075,0.357192,0.11,-0.478133,-0.0099,0.00604167,-0.5
796,-33.1791,201.157,-0.166588,0,2.91667,0.12781,1.27292,0.206276,-0.010103,1.53867,5.85277e-05,0.0123429,0.276044,13140.2,0.632996,0.302151,-0.1,0.1,1,708.959,9.78125e+06,0.101425,0.00567571,0.116767,0.0105453,-0.0465473,0.201157,-0.0930243,nan,nan,nan,nan,-0.008396,-0.0249023,-0.0113344,nan,-0.0798262,-8.57143e-05,-0.0567366,-0.192904,nan,-0.23902,-0.386238,-0.238081,-0.243386,0.293236,0.104,-0.3916,-0.00891429,0.0126786,-0.5
797,-30.0632,184.1,-0.163736,0.0416667,2.875,0.125791,1.24877,0.200368,-0.0100679,1.53021,5.85277e-05,0.0129738,0.275856,12969.4,0.63581,0.311649,-0.1,0.1,1,709.908,9.79354e+06,0.105233,0.00484877,0.108222,0.00919485,-0.0429194,0.1841,-0.0840943,nan,nan,nan,nan,-0.0077425,-0.0220823,-0.00995434,nan,-0.0734067,-4.28571e-05,-0.0399968,-0.180754,nan,-0.229731,-0.296182,-0.218385,-0.234171,0.267303,0.0978857,-0.3552,-0.00785714,0.00696429,-0.5
798,-33.614,215.038,-0.165386,0.125,3.125,0.123342,1.2575,0.197503,-0.00925373,1.52215,5.85277e-05,0.0106904,0.27569,14632.1,0.559371,0.280426,-0.1,0.1,1,710.749,9.80582e+06,0.124978,0.00581313,0.126553,0.0106262,-0.0496123,0.215038,-0.0967397,nan,nan,nan,nan,-0.0087707,-0.0269118,-0.0115994,nan,-0.0856007,0,-0.0513969,-0.207836,nan,-0.268847,-0.357896,-0.253858,-0.280885,0.312424,0.112051,-0.410205,-0.00953846,0.00769231,-0.5
799,-35.0748,223.727,-0.161723,0,2.75,0.128518,1.2881,0.191044,-0.00909466,1.51462,5.85277e-05,0.0114557,0.275515,13556.2,0.580581,0.32587,-0.1,0.1,1,711.657,9.81811e+06,0.127939,0.00665448,0.131907,0.0118997,-0.0518881,0.223727,-0.101476,nan,nan,nan,nan,-0.00911341,-0.0275975,-0.0122764,nan,-0.0892278,-9.09091e-05,-0.0525302,-0.212591,nan,-0.259255,-0.40028,-0.265836,-0.288955,0.325766,0.111394,-0.433818,-0.0112121,0.00492424,-0.5
800,-35.3566,232.211,-0.159555,0.0833333,2.875,0.119965,1.28569,0.183496,-0.00913051,1.50701,5.85277e-05,0.0121828,0.275351,13185.6,0.602357,0.32957,-0.1,0.1,1,712.591,9.8304e+06,0.131951,0.00690183,0.138682,0.0116742,-0.0535488,0.232211,-0.103073,nan,nan,nan,nan,-0.00943647,-0.0277653,-0.0123428,nan,-0.0927725,0,-0.0582787,-0.22168,nan,-0.289134,-0.415455,-0.276557,-0.291296,0.341382,0.116845,-0.446592,-0.0105352,0.0117958,-0.5
801,-29.1816,183.068,-0.15325,0,2.45833,0.122164,1.28536,0.181381,-0.00975076,1.49957,5.85277e-05,0.0110034,0.275187,11103.9,0.740718,0.365916,-0.1,0.1,1,715.697,9.84269e+06,0.108208,0.00466564,0.107909,0.0097654,-0.0418174,0.183068,-0.0839932,nan,nan,nan,nan,-0.0072647,-0.0212107,-0.00998518,nan,-0.0726849,-1.69492e-05,-0.0464244,-0.177682,nan,-0.214503,-0.295116,-0.215742,-0.216966,0.267906,0.0960678,-0.351119,-0.00850847,0.00635593,-0.5
802,-31.081,194.614,-0.159818,0,2.91667,0.121022,1.29808,0.187812,-0.00982723,1.4916,5.85277e-05,0.0182529,0.274985,12409.6,0.64259,0.347612,-0.1,0.1,1,716.689,9.85498e+06,0.0974049,0.00540851,0.112023,0.00967667,-0.0442943,0.194614,-0.0851986,nan,nan,nan,nan,-0.00815327,-0.0237155,-0.0101318,nan,-0.077317,0,-0.0498664,-0.188084,nan,-0.243646,-0.298459,-0.229004,-0.237343,0.285043,0.0980571,-0.3744,-0.00731429,0.00785714,-0.5
803,-30.8048,194.838,-0.160556,0,3.08333,0.117686,1.29676,0.192421,-0.00881247,1.48296,5.85277e-05,0.0141783,0.27481,13901.8,0.601289,0.282626,-0.1,0.1,1,717.574,9.86726e+06,0.107149,0.00588507,0.114615,0.00982824,-0.0443987,0.194838,-0.0834757,nan,nan,nan,nan,-0.00791196,-0.0210961,-0.0100287,nan,-0.0771676,0,-0.0539929,-0.186627,nan,-0.251871,-0.301947,-0.230402,-0.220135,0.285689,0.0955676,-0.378595,-0.00718919,0.00878378,-0.5
804,-26.4997,151.761,-0.153658,0,2.79167,0.118168,1.31092,0.189521,-0.0108311,1.4756,5.85277e-05,0.0135416,0.274642,15471.3,0.53846,0.255784,-0.1,0.1,1,718.37,9.87955e+06,0.0821034,0.00407524,0.0878137,0.00788854,-0.0345034,0.151761,-0.0681597,nan,nan,nan,nan,-0.00644807,-0.0179281,-0.0079557,nan,-0.0601274,0,-0.0387535,-0.147561,nan,-0.182175,-0.248633,-0.176919,-0.176776,0.223744,0.0767761,-0.299761,-0.00683582,0.00597015,-0.5
805,-27.562,164.044,-0.176396,0,3.75,0.118096,1.30629,0.202122,-0.0102,1.46731,5.85277e-05,0.00851475,0.274433,16174.4,0.515795,0.243926,-0.1,0.1,1,719.131,9.89184e+06,0.0869619,0.004373,0.0931659,0.00838749,-0.0371943,0.164044,-0.0707344,nan,nan,nan,nan,-0.00692965,-0.0193527,-0.00845092,nan,-0.0651088,-0.000111111,-0.0400311,-0.156867,nan,-0.203825,-0.239847,-0.193104,-0.1997,0.238972,0.0785333,-0.318667,-0.00591111,0.00263889,-0.5
806,-30.3381,204.425,-0.162017,0.0416667,3,0.119299,1.28894,0.192109,-0.010434,1.45806,5.85277e-05,0.0171404,0.274241,16087,0.522013,0.241832,-0.1,0.1,1,719.896,9.90413e+06,0.121938,0.0055335,0.119499,0.0108277,-0.0463704,0.204425,-0.0914795,nan,nan,nan,nan,-0.00809157,-0.0236924,-0.0109603,nan,-0.080975,-1.36986e-05,-0.0452429,-0.193975,nan,-0.24719,-0.298767,-0.238684,-0.243822,0.301079,0.105096,-0.390685,-0.00926027,0.0125,-0.5
807,-29.8603,195.013,-0.166097,0.0416667,3.125,0.121952,1.31764,0.207495,-0.0096911,1.45007,5.85277e-05,0.0130871,0.274063,16214.1,0.51795,0.239909,-0.1,0.1,1,720.655,9.91642e+06,0.118279,0.00534609,0.111783,0.00933926,-0.0439528,0.195013,-0.0805618,nan,nan,nan,nan,-0.00752024,-0.0215324,-0.00986156,nan,-0.0773851,-7.89474e-05,-0.0527144,-0.187659,nan,-0.25693,-0.263315,-0.228289,-0.232579,0.286471,0.0937895,-0.376263,-0.00702632,0.00526316,-0.5
808,-25.9164,147.831,-0.153921,0,2.70833,0.120895,1.31703,0.191063,-0.0102864,1.44201,5.85277e-05,0.0119524,0.273876,15953,0.532061,0.2382,-0.1,0.1,1,721.427,9.9287e+06,0.0833947,0.00416128,0.0822725,0.00721896,-0.0332928,0.147831,-0.0583354,nan,nan,nan,nan,-0.00614335,-0.0156149,-0.00697858,nan,-0.0586125,0,-0.0363554,-0.144389,nan,-0.203772,-0.212682,-0.172262,-0.174508,0.214525,0.0657231,-0.290585,-0.00550769,0.00173077,-0.5
809,-30.6961,201.559,-0.154884,0,2.83333,0.114677,1.28251,0.189302,-0.00899131,1.43413,5.85277e-05,0.0107677,0.273693,16373.2,0.511494,0.239003,-0.1,0.1,1,722.179,9.94099e+06,0.121433,0.0055953,0.116653,0.00991029,-0.0453383,0.201559,-0.0824279,nan,nan,nan,nan,-0.00793635,-0.0223503,-0.00983055,nan,-0.0796395,-0.000161765,-0.0444826,-0.19231,nan,-0.268639,-0.273183,-0.236594,-0.241765,0.290454,0.0935294,-0.388353,-0.008,0.00698529,-0.5
810,-27.0841,168.897,-0.163142,0.0416667,3.20833,0.121621,1.28927,0.172906,-0.00986149,1.4264,5.85277e-05,0.0104289,0.273535,15956.2,0.519153,0.250955,-0.1,0.1,1,722.95,9.95328e+06,0.100429,0.00422239,0.097358,0.00903592,-0.0379763,0.168897,-0.0733731,nan,nan,nan,nan,-0.00656516,-0.0178634,-0.00870729,nan,-0.0667032,-1.28205e-05,-0.0425225,-0.161094,nan,-0.207731,-0.248707,-0.196247,-0.198154,0.244753,0.0831282,-0.324256,-0.00661538,0.00576923,-0.5
811,-25.5896,148.622,-0.162506,0,3.08333,0.122433,1.31225,0.18457,-0.0102322,1.41801,5.85277e-05,0.0190323,0.27329,16330.9,0.508096,0.244344,-0.1,0.1,1,723.704,9.96557e+06,0.0846841,0.00408638,0.083138,0.00845707,-0.0331207,0.148622,-0.0686149,nan,nan,nan,nan,-0.00672802,-0.0177512,-0.00799483,nan,-0.0589911,-0.000175676,-0.032803,-0.143613,nan,-0.165882,-0.236944,-0.173596,-0.176473,0.214359,0.0745405,-0.289568,-0.00686486,0.00574324,-0.5
812,-31.1093,210.182,-0.163264,0.125,3.08333,0.124403,1.30151,0.194792,-0.0111831,1.40701,5.85277e-05,0.0128681,0.273071,16447.7,0.504131,0.242963,-0.1,0.1,1,724.452,9.97786e+06,0.132239,0.00631232,0.121746,0.0103804,-0.0472017,0.210182,-0.0859961,nan,nan,nan,nan,-0.00815719,-0.0242594,-0.0105592,nan,-0.0833026,-3.8961e-05,-0.0499375,-0.198109,nan,-0.279778,-0.290226,-0.246044,-0.262325,0.304206,0.102494,-0.401039,-0.00792208,0.00600649,-0.5
813,-26.9598,164.397,-0.153496,0,2.625,0.120461,1.31922,0.200135,-0.0106772,1.39825,5.85277e-05,0.0158973,0.272893,15954.8,0.525696,0.244479,-0.1,0.1,1,725.224,9.99014e+06,0.0972493,0.00391853,0.0922177,0.00920801,-0.0366698,0.164397,-0.0739016,nan,nan,nan,nan,-0.00687804,-0.0197271,-0.00879334,nan,-0.0651077,-6.34921e-05,-0.037489,-0.157159,nan,-0.190217,-0.237544,-0.193226,-0.205714,0.238939,0.084254,-0.316698,-0.0072381,0.00694444,-0.5
814,-26.4134,160.31,-0.159022,0,2.95833,0.119555,1.30965,0.186211,-0.00882508,1.38951,5.85277e-05,0.0137223,0.272677,16316.8,0.506601,0.246487,-0.1,0.1,1,725.978,1.00024e+07,0.0984487,0.00453078,0.0906775,0.00844337,-0.0354673,0.16031,-0.0680155,nan,nan,nan,nan,-0.00656279,-0.0176623,-0.00806756,nan,-0.0631403,-8.4507e-05,-0.0385992,-0.155865,nan,-0.200683,-0.235698,-0.186056,-0.183211,0.234095,0.0750986,-0.309352,-0.0063662,0.00264085,-0.5
815,-30.1046,200.215,-0.15231,0,2.70833,0.118241,1.31371,0.188316,-0.0102469,1.38031,5.85277e-05,0.0154382,0.272486,16290.5,0.508645,0.245659,-0.1,0.1,1,726.734,1.00147e+07,0.11849,0.00541928,0.114572,0.0112649,-0.0447155,0.200215,-0.0898246,nan,nan,nan,nan,-0.00841156,-0.0238702,-0.0107814,nan,-0.0793349,0,-0.0434966,-0.189519,nan,-0.219323,-0.299763,-0.233792,-0.234185,0.293303,0.102831,-0.387754,-0.00904615,0.00865385,-0.5
816,-28.0607,177.443,-0.159807,0,2.91667,0.12191,1.31056,0.183481,-0.0103767,1.37165,5.85277e-05,0.0149409,0.272283,16305.6,0.502806,0.250799,-0.1,0.1,1,727.489,1.0027e+07,0.104846,0.00454456,0.100032,0.00903229,-0.0395612,0.177443,-0.0666014,nan,nan,nan,nan,-0.00666436,-0.0178698,-0.00809092,nan,-0.0701918,0,-0.0360951,-0.169086,nan,-0.24828,-0.232912,-0.206656,-0.204729,0.257477,0.0773714,-0.346914,-0.00634286,0.00625,-0.5
817,-26.746,157.57,-0.169563,0,3.29167,0.121443,1.31465,0.181883,-0.0108693,1.3619,5.85277e-05,0.0166301,0.27206,15672.4,0.534504,0.249549,-0.1,0.1,1,728.275,1.00393e+07,0.09237,0.00421452,0.0906996,0.00840847,-0.0350687,0.15757,-0.0641354,nan,nan,nan,nan,-0.00596003,-0.0159344,-0.00760846,nan,-0.062313,-1.26582e-05,-0.0413115,-0.153322,nan,-0.203514,-0.254369,-0.183082,-0.177418,0.233285,0.0691139,-0.308861,-0.00622785,0.00363924,-0.5
818,-29.7431,187.955,-0.153492,0,2.75,0.117857,1.28338,0.181522,-0.00912327,1.35211,5.85277e-05,0.0135577,0.271854,16110.8,0.52098,0.241738,-0.1,0.1,1,729.039,1.00516e+07,0.104423,0.00456121,0.107548,0.0099548,-0.0422115,0.187955,-0.0777985,nan,nan,nan,nan,-0.00709213,-0.0198617,-0.00918078,nan,-0.0745436,0,-0.0414469,-0.18437,nan,-0.245991,-0.262807,-0.219336,-0.226364,0.273917,0.0858788,-0.359939,-0.00827273,0.00189394,-0.5
819,-27.3635,172.188,-0.154807,0,2.875,0.118746,1.28903,0.178502,-0.00988042,1.34331,5.85277e-05,0.0140599,0.271668,14969.1,0.562524,0.258367,-0.1,0.1,1,729.861,1.00639e+07,0.104708,0.00459396,0.0998446,0.0102882,-0.038428,0.172188,-0.0759058,nan,nan,nan,nan,-0.00708409,-0.0195548,-0.00901755,nan,-0.0681307,-1.44928e-05,-0.0364265,-0.165985,nan,-0.18612,-0.268082,-0.199091,-0.209522,0.250667,0.0897971,-0.330319,-0.00675362,0.00851449,-0.5
820,-26.7414,162.944,-0.158074,0,2.95833,0.118849,1.28349,0.189709,-0.0098921,1.33579,5.85277e-05,0.0161799,0.271526,15378,0.548655,0.250408,-0.1,0.1,1,730.661,1.00762e+07,0.0921161,0.00430934,0.0907386,0.00966646,-0.0361639,0.162944,-0.0743282,nan,nan,nan,nan,-0.00666715,-0.018766,-0.0087415,nan,-0.0642478,0,-0.0373408,-0.154761,nan,-0.179478,-0.239793,-0.188408,-0.207254,0.234931,0.083493,-0.308676,-0.00732394,0.00316901,-0.5
821,-23.6596,129.625,-0.155722,0,3,0.118881,1.30915,0.194364,-0.00932157,1.32951,5.85277e-05,0.0115329,0.271383,14914.9,0.523674,0.300203,-0.1,0.1,1,731.486,1.00884e+07,0.0790508,0.00370778,0.0698344,0.00693406,-0.0288319,0.129625,-0.0569319,nan,nan,nan,nan,-0.00569158,-0.0140946,-0.00639482,nan,-0.0512339,-4.16667e-05,-0.0295632,-0.12266,nan,-0.156238,-0.20304,-0.150783,-0.154125,0.186321,0.0634444,-0.254722,-0.00525,0.00642361,-0.5
822,-26.6344,175.615,-0.160928,0.0416667,3.20833,0.116423,1.31864,0.185438,-0.0107573,1.3222,5.85277e-05,0.0140017,0.2712,15953.5,0.520706,0.249533,-0.1,0.1,1,732.258,1.01007e+07,0.115313,0.0050501,0.101323,0.00967154,-0.0390613,0.175615,-0.0742679,nan,nan,nan,nan,-0.0069449,-0.0184251,-0.00872859,nan,-0.0694827,-0.000115385,-0.0378793,-0.165562,nan,-0.21534,-0.207962,-0.204672,-0.202077,0.256434,0.0841026,-0.338,-0.0065641,0.00144231,-0.5
823,-26.5677,165.1,-0.147324,0,2.5,0.117077,1.28795,0.196826,-0.010807,1.31302,5.85277e-05,0.00766567,0.270979,16128,0.50894,0.252966,-0.1,0.1,1,733.022,1.0113e+07,0.0963854,0.00433521,0.0927087,0.00898231,-0.0362836,0.1651,-0.0730817,nan,nan,nan,nan,-0.00714366,-0.0195337,-0.00865973,nan,-0.0651428,0,-0.0388626,-0.15629,nan,-0.188814,-0.229437,-0.190364,-0.201,0.240258,0.0848,-0.318467,-0.00656667,0.0110417,-0.5
824,-29.6888,198.25,-0.156948,0.125,3.04167,0.120163,1.29064,0.192529,-0.00956567,1.30371,5.85277e-05,0.00944351,0.270813,15963.5,0.50959,0.260167,-0.1,0.1,1,733.793,1.01253e+07,0.112131,0.00535845,0.114844,0.00988104,-0.0435872,0.19825,-0.0766434,nan,nan,nan,nan,-0.00704829,-0.0196271,-0.00914255,nan,-0.0780911,0,-0.0456906,-0.186017,nan,-0.272477,-0.281238,-0.228783,-0.236289,0.290572,0.0914211,-0.383474,-0.00728947,0.00805921,-0.5
825,-28.3271,181.058,-0.153401,0,2.875,0.1164,1.30542,0.203381,-0.0097284,1.29677,5.85277e-05,0.0141669,0.270654,15801,0.521329,0.256342,-0.1,0.1,1,734.572,1.01376e+07,0.108311,0.00492047,0.105015,0.00994867,-0.0398361,0.181058,-0.0751246,nan,nan,nan,nan,-0.00659895,-0.0184376,-0.00867327,nan,-0.071651,-4.34783e-05,-0.0333745,-0.174978,nan,-0.229056,-0.271064,-0.209101,-0.223565,0.263686,0.0855072,-0.341623,-0.00750725,0.00833333,-0.5
826,-28.3774,190.043,-0.151249,0,2.875,0.115345,1.27658,0.196972,-0.0101201,1.28995,5.85277e-05,0.0122734,0.27052,14672.9,0.54779,0.289672,-0.1,0.1,1,735.411,1.01499e+07,0.115651,0.00511712,0.109683,0.0100596,-0.0418587,0.190043,-0.0765652,nan,nan,nan,nan,-0.00737634,-0.0208469,-0.00931597,nan,-0.0750892,-2.89855e-05,-0.0415756,-0.177052,nan,-0.23873,-0.213229,-0.221112,-0.22213,0.271301,0.0867826,-0.367188,-0.00794203,0.00326087,-0.5
827,-24.5594,143.532,-0.160167,0,3.29167,0.118615,1.30323,0.187296,-0.00922236,1.28276,5.85277e-05,0.0116272,0.270315,15846.6,0.530863,0.244572,-0.1,0.1,1,736.188,1.01622e+07,0.0862518,0.00414272,0.079736,0.00842898,-0.0317564,0.143532,-0.058919,nan,nan,nan,nan,-0.00587501,-0.0141255,-0.00714208,nan,-0.0566047,-2.53165e-05,-0.0362317,-0.136492,nan,-0.167274,-0.209987,-0.167469,-0.160899,0.210595,0.064,-0.279646,-0.00597468,0.000474684,-0.5
828,-22.744,127.556,-0.139943,0,2.25,0.114683,1.27783,0.189529,-0.0101366,1.2726,5.85277e-05,0.0126614,0.270085,16689.5,0.494997,0.241274,-0.1,0.1,1,736.925,1.01745e+07,0.0790833,0.00314234,0.0676214,0.00759089,-0.0277882,0.127556,-0.0545259,nan,nan,nan,nan,-0.00550025,-0.0141397,-0.0065566,nan,-0.0499706,0,-0.0280107,-0.121476,nan,-0.145518,-0.191135,-0.146927,-0.142944,0.184389,0.0598519,-0.25,-0.00496296,0.00532407,-0.5
829,-27.287,183.235,-0.155117,0,2.83333,0.119511,1.31333,0.169153,-0.0101398,1.26231,5.85277e-05,0.0112317,0.26985,16334,0.507143,0.245151,-0.1,0.1,1,737.679,1.01868e+07,0.116716,0.00508239,0.108504,0.00964986,-0.0399252,0.183235,-0.0705632,nan,nan,nan,nan,-0.00642734,-0.0160679,-0.00810023,nan,-0.0719699,0,-0.040623,-0.172045,nan,-0.248571,-0.200398,-0.210753,-0.205279,0.265378,0.0779412,-0.354882,-0.00679412,0.00386029,-0.5
830,-30.3793,211.688,-0.159664,0,3.20833,0.120294,1.28977,0.195402,-0.01021,1.25239,5.85277e-05,0.0150838,0.269652,16052.9,0.509465,0.256006,-0.1,0.1,1,738.446,1.0199e+07,0.128714,0.00545619,0.121404,0.012294,-0.0463633,0.211688,-0.0943857,nan,nan,nan,nan,-0.00860282,-0.0237889,-0.0114762,nan,-0.0834019,0,-0.0471415,-0.196787,nan,-0.239718,-0.273186,-0.24507,-0.243779,0.308223,0.107532,-0.410234,-0.00942857,0.00844156,-0.5
831,-29.9157,204.403,-0.159439,0.0416667,3.16667,0.124933,1.29969,0.186805,-0.009875,1.24469,8.77915e-05,0.00478969,0.269501,16521.2,0.500476,0.243296,-0.1,0.1,1,739.191,1.02113e+07,0.125985,0.00559858,0.117204,0.0112048,-0.0450844,0.204403,-0.0838662,nan,nan,nan,nan,-0.00788859,-0.021535,-0.0100438,nan,-0.080607,-2.5974e-05,-0.0460478,-0.194464,nan,-0.251054,-0.260769,-0.236701,-0.246935,0.300271,0.0981299,-0.395584,-0.00742857,0.00941558,-0.5
832,-24.7462,147.908,-0.159237,0,3.16667,0.120301,1.29004,0.184954,-0.0106736,1.23649,8.77915e-05,0.0146906,0.26929,15836.2,0.521195,0.254749,-0.1,0.1,1,739.968,1.02236e+07,0.086599,0.00439071,0.0828534,0.0083702,-0.0321966,0.147908,-0.0645566,nan,nan,nan,nan,-0.00625629,-0.0157552,-0.00784445,nan,-0.0581842,0,-0.0340547,-0.1412,nan,-0.171148,-0.198044,-0.170215,-0.170724,0.214272,0.0713158,-0.286,-0.00660526,-0.000657895,-0.5
833,-27.0373,170.339,-0.147379,0,2.58333,0.121262,1.29198,0.193298,-0.0114336,1.22684,8.77915e-05,0.0196186,0.269059,16233.4,0.504561,0.252399,-0.1,0.1,1,740.726,1.02359e+07,0.10484,0.00459961,0.0969772,0.0095715,-0.0367949,0.170339,-0.073771,nan,nan,nan,nan,-0.00691334,-0.0170164,-0.00874603,nan,-0.0671982,0,-0.0376767,-0.161826,nan,-0.199781,-0.244345,-0.196146,-0.195871,0.245852,0.0825806,-0.326968,-0.00629032,0.00483871,-0.5
834,-28.09,184.833,-0.15243,0,3,0.11614,1.28662,0.195747,-0.0109059,1.21597,8.77915e-05,0.0162572,0.268834,16139.6,0.518806,0.242549,-0.1,0.1,1,741.489,1.02482e+07,0.107775,0.00479122,0.104949,0.00993613,-0.0401705,0.184833,-0.0825986,nan,nan,nan,nan,-0.00717637,-0.0204904,-0.00950517,nan,-0.0729357,0,-0.0403697,-0.171666,nan,-0.226603,-0.226451,-0.212991,-0.216667,0.266663,0.0899444,-0.351722,-0.00747222,0.00399306,-0.5
835,-28.3364,180.509,-0.137718,0.0416667,2.33333,0.116553,1.27927,0.20278,-0.0114001,1.20545,8.77915e-05,0.017084,0.26859,14848.7,0.531932,0.295616,-0.1,0.1,1,742.318,1.02605e+07,0.101259,0.00508458,0.103933,0.00877234,-0.0392475,0.180509,-0.0662316,nan,nan,nan,nan,-0.00650156,-0.0171214,-0.00767422,nan,-0.0709635,0,-0.0401847,-0.16803,nan,-0.254083,-0.247251,-0.20792,-0.213632,0.26133,0.073193,-0.347509,-0.00592982,0.00657895,-0.5
836,-29.2079,202.275,-0.151167,0,2.875,0.11747,1.28202,0.191008,-0.0116775,1.19411,8.77915e-05,0.0162578,0.268355,12159.6,0.662934,0.347624,-0.1,0.1,1,743.33,1.02728e+07,0.126913,0.00525613,0.117781,0.0111733,-0.0439228,0.202275,-0.0822623,nan,nan,nan,nan,-0.00760307,-0.0208405,-0.00947426,nan,-0.0796561,-8.69565e-05,-0.043764,-0.188815,nan,-0.255265,-0.252389,-0.232284,-0.239478,0.298579,0.0943768,-0.385507,-0.00655072,0.0128623,-0.5
837,-28.3967,188.029,-0.150339,0,2.875,0.117378,1.30414,0.215847,-0.010815,1.18334,8.77915e-05,0.0142328,0.268117,13049.4,0.631348,0.310302,-0.1,0.1,1,744.273,1.02851e+07,0.110509,0.00545805,0.110538,0.0112165,-0.040954,0.188029,-0.0833391,nan,nan,nan,nan,-0.00728382,-0.0202467,-0.00964407,nan,-0.0739688,0,-0.0447702,-0.175074,nan,-0.211224,-0.279046,-0.214918,-0.217174,0.275715,0.0962899,-0.361565,-0.00753623,0.0048913,-0.5
838,-26.4192,166.631,-0.163965,0,3.5,0.11732,1.29163,0.220547,-0.0116102,1.17231,8.77915e-05,0.0140378,0.267869,12846.4,0.641228,0.315307,-0.1,0.1,1,745.231,1.02973e+07,0.102189,0.00456429,0.0963223,0.00936823,-0.0364623,0.166631,-0.0720702,nan,nan,nan,nan,-0.00646072,-0.0165128,-0.00839801,nan,-0.0656921,-1.19048e-05,-0.0369075,-0.157205,nan,-0.205164,-0.213853,-0.191866,-0.198643,0.242773,0.0780952,-0.319619,-0.007,0.00223214,-0.5
839,-23.6162,140.026,-0.158607,0,3.25,0.118681,1.29976,0.219097,-0.011062,1.16111,8.77915e-05,0.0115631,0.267632,13421.1,0.583793,0.33178,-0.1,0.1,1,746.148,1.03096e+07,0.0858596,0.00338098,0.078559,0.00791986,-0.0302634,0.140026,-0.0576333,nan,nan,nan,nan,-0.00559097,-0.0139067,-0.0070687,nan,-0.0551599,0,-0.0322012,-0.135341,nan,-0.169685,-0.187804,-0.160754,-0.154885,0.203962,0.0658974,-0.271026,-0.00451282,0.00496795,-0.5
840,-29.2987,204.087,-0.148495,0,2.875,0.119071,1.29679,0.197399,-0.010307,1.15086,8.77915e-05,0.0121237,0.267405,13349.3,0.606584,0.313916,-0.1,0.1,1,747.07,1.03219e+07,0.130435,0.00504935,0.119833,0.0107745,-0.0445846,0.204087,-0.0805638,nan,nan,nan,nan,-0.0070921,-0.0194486,-0.00941929,nan,-0.0802605,-1.44928e-05,-0.0443914,-0.19186,nan,-0.268011,-0.250533,-0.234773,-0.227348,0.298735,0.092058,-0.389507,-0.00730435,0.0110507,-0.5
841,-25.8492,160.056,-0.153224,0,2.95833,0.119658,1.28645,0.206144,-0.0103331,1.13942,8.77915e-05,0.0119053,0.267148,12893.5,0.636745,0.316295,-0.1,0.1,1,748.025,1.03342e+07,0.092594,0.00441255,0.0905334,0.0104296,-0.0347743,0.160056,-0.0702761,nan,nan,nan,nan,-0.00653262,-0.0171777,-0.00826773,nan,-0.0629203,-1.40845e-05,-0.0360456,-0.150851,nan,-0.16824,-0.247038,-0.182943,-0.183887,0.232221,0.0793239,-0.30507,-0.00701408,0.00510563,-0.5
842,-24.6918,148.277,-0.146687,0,2.70833,0.11759,1.27902,0.183092,-0.0105915,1.12822,8.77915e-05,0.0156964,0.266915,12719.8,0.638556,0.3275,-0.1,0.1,1,748.992,1.03465e+07,0.0836474,0.00427911,0.0822455,0.00912013,-0.0320181,0.148277,-0.0651862,nan,nan,nan,nan,-0.00613076,-0.0151263,-0.007655,nan,-0.0583496,-3.07692e-05,-0.0344874,-0.137207,nan,-0.162623,-0.196928,-0.169732,-0.174138,0.213428,0.0742154,-0.287631,-0.00630769,-0.00230769,-0.5
843,-27.4046,182.061,-0.146259,0,2.75,0.118784,1.30555,0.193994,-0.0111425,1.11812,8.77915e-05,0.01505,0.266715,14816,0.558106,0.271265,-0.1,0.1,1,749.823,1.03588e+07,0.108588,0.00510751,0.105956,0.0116091,-0.0391653,0.182061,-0.0814076,nan,nan,nan,nan,-0.00712017,-0.0189377,-0.00954989,nan,-0.0713523,-1.51515e-05,-0.0390365,-0.167793,nan,-0.193305,-0.267264,-0.207376,-0.207455,0.264659,0.0961212,-0.347879,-0.00760606,0.00473485,-0.5
844,-25.4946,171.088,-0.14937,0,2.83333,0.120697,1.29264,0.214935,-0.011199,1.1088,8.77915e-05,0.0153857,0.266488,16393.4,0.505085,0.244487,-0.1,0.1,1,750.574,1.03711e+07,0.119741,0.00489922,0.099256,0.00886756,-0.0367074,0.171088,-0.0607647,nan,nan,nan,nan,-0.00582502,-0.0151163,-0.00730367,nan,-0.067191,-5.88235e-05,-0.0315223,-0.159529,nan,-0.241839,-0.171795,-0.195444,-0.192971,0.25033,0.0662353,-0.328588,-0.00626471,0.00808824,-0.5
845,-23.9169,155.395,-0.162835,0,3.375,0.120722,1.30497,0.203345,-0.0109083,1.09821,8.77915e-05,0.0149192,0.266268,15970,0.51404,0.255404,-0.1,0.1,1,751.345,1.03834e+07,0.103374,0.00397467,0.0888674,0.00898949,-0.0331072,0.155395,-0.0667136,nan,nan,nan,nan,-0.00622857,-0.016102,-0.00794596,nan,-0.0609018,-0.00017284,-0.0362681,-0.145349,nan,-0.181771,-0.165933,-0.17626,-0.175593,0.225671,0.0761975,-0.299407,-0.00553086,0.00462963,-0.5
846,-23.9157,146.588,-0.148857,0,2.83333,0.11949,1.2816,0.19879,-0.0109704,1.08837,8.77915e-05,0.0152354,0.266065,16175.9,0.516265,0.243383,-0.1,0.1,1,752.106,1.03956e+07,0.0946674,0.00415953,0.081574,0.00748078,-0.0314999,0.146588,-0.0537265,nan,nan,nan,nan,-0.00534383,-0.0128603,-0.00644631,nan,-0.0574078,0,-0.0340856,-0.138082,nan,-0.198193,-0.171012,-0.167874,-0.155912,0.209835,0.0621176,-0.286353,-0.00432353,0.00330882,-0.5
847,-27.277,188.19,-0.138766,0.0833333,2.33333,0.119075,1.23868,0.18978,-0.0102787,1.07928,8.77915e-05,0.0151291,0.265851,15918.7,0.50545,0.26647,-0.1,0.1,1,752.879,1.04079e+07,0.116433,0.00506753,0.10918,0.0112678,-0.0407764,0.18819,-0.0817931,nan,nan,nan,nan,-0.00711521,-0.0194192,-0.00975077,nan,-0.0739401,0,-0.0424246,-0.177103,nan,-0.215352,-0.237409,-0.215555,-0.213103,0.275256,0.0931034,-0.361586,-0.00731034,0.00258621,-0.5
848,-27.1449,178.831,-0.147626,0,2.70833,0.121525,1.27871,0.187841,-0.0117519,1.06925,8.77915e-05,0.0152393,0.265646,12237.2,0.647158,0.356996,-0.1,0.1,1,753.885,1.04202e+07,0.108618,0.00444768,0.102739,0.0113,-0.037852,0.178831,-0.08188,nan,nan,nan,nan,-0.00731265,-0.0203272,-0.00979675,nan,-0.0699702,-1.53846e-05,-0.04005,-0.166496,nan,-0.18346,-0.249092,-0.202878,-0.214846,0.260025,0.0936,-0.341662,-0.00806154,0.00923077,-0.5
849,-27.7925,192.655,-0.137649,0.0416667,2.25,0.120289,1.2794,0.183252,-0.0110418,1.06,8.77915e-05,0.0190583,0.265426,12953.1,0.632137,0.316516,-0.1,0.1,1,754.835,1.04325e+07,0.105867,0.00548192,0.109917,0.0119885,-0.0406475,0.192655,-0.0812309,nan,nan,nan,nan,-0.00743743,-0.0199581,-0.00968226,nan,-0.0752676,0,-0.0440356,-0.174794,nan,-0.213935,-0.234243,-0.219199,-0.214745,0.281717,0.0900364,-0.373891,-0.00741818,0.0115909,-0.5
850,-29.4978,201.152,-0.147205,0,2.75,0.119343,1.30802,0.215526,-0.0114483,1.04976,5.85277e-05,0.0204824,0.265208,12911.3,0.610566,0.341157,-0.1,0.1,1,755.788,1.04448e+07,0.114984,0.00627055,0.115985,0.010828,-0.0426582,0.201152,-0.0749712,nan,nan,nan,nan,-0.00651888,-0.017711,-0.00865844,nan,-0.078794,0,-0.0359796,-0.185686,nan,-0.274643,-0.24772,-0.227702,-0.235273,0.292888,0.081697,-0.380667,-0.00672727,0.00625,-0.5
851,-28.4462,199.031,-0.143059,0.0833333,2.58333,0.115963,1.28625,0.18749,-0.00977142,1.04167,5.85277e-05,0.0119038,0.265074,14122.4,0.595883,0.274226,-0.1,0.1,1,756.66,1.04571e+07,0.131834,0.00596967,0.114909,0.0106362,-0.0421294,0.199031,-0.07435,nan,nan,nan,nan,-0.00668839,-0.0187149,-0.00921556,nan,-0.0778974,0,-0.0411684,-0.187541,nan,-0.266671,-0.223729,-0.226314,-0.223359,0.287517,0.0843125,-0.383,-0.00790625,0.00605469,-0.5
852,-26.6961,182.672,-0.14676,0,2.66667,0.11733,1.28683,0.22293,-0.00934369,1.0362,5.85277e-05,0.015423,0.264998,15583.3,0.549216,0.239318,-0.1,0.1,1,757.45,1.04694e+07,0.109639,0.00416342,0.10648,0.00997258,-0.0385189,0.182672,-0.071625,nan,nan,nan,nan,-0.00684513,-0.0183699,-0.00858775,nan,-0.0713825,-3.125e-05,-0.0360333,-0.171445,nan,-0.224696,-0.182516,-0.205829,-0.221719,0.266875,0.0820625,-0.347687,-0.00634375,0.0121094,-0.5
853,-24.607,155.108,-0.146818,0.0416667,2.66667,0.116666,1.26957,0.198195,-0.0105784,1.03191,5.85277e-05,0.0109112,0.264865,15537.7,0.50647,0.284379,-0.1,0.1,1,758.242,1.04817e+07,0.0917688,0.00504065,0.0904505,0.00930612,-0.03303,0.155108,-0.0663985,nan,nan,nan,nan,-0.0059363,-0.0160623,-0.00799933,nan,-0.0611318,0,-0.0278225,-0.143371,nan,-0.170489,-0.21385,-0.177126,-0.191908,0.223098,0.0790154,-0.296369,-0.00661538,0.00653846,-0.5
854,-25.3277,159.523,-0.146697,0,2.70833,0.118344,1.32212,0.213185,-0.0109667,1.02442,5.85277e-05,0.0133463,0.264696,9682.31,0.7408,0.528318,-0.1,0.1,1,759.513,1.0494e+07,0.103471,0.00488749,0.091424,0.00994787,-0.0337771,0.159523,-0.07058,nan,nan,nan,nan,-0.00635277,-0.0166441,-0.00834797,nan,-0.0626812,0,-0.0313846,-0.148997,nan,-0.173546,-0.2244,-0.181021,-0.194492,0.229424,0.0807385,-0.302769,-0.00692308,0.00230769,-0.5
855,-29.7604,211.061,-0.158558,0,3.41667,0.119837,1.26868,0.203931,-0.009854,1.01675,5.85277e-05,0.0132249,0.264528,13122.4,0.618774,0.31764,-0.1,0.1,1,760.451,1.05062e+07,0.132693,0.0054445,0.124222,0.0131265,-0.0449587,0.211061,-0.0935671,nan,nan,nan,nan,-0.0080864,-0.0220748,-0.010991,nan,-0.0826475,0,-0.0399236,-0.194107,nan,-0.226081,-0.278451,-0.239172,-0.24889,0.306235,0.107415,-0.405707,-0.0085122,0.00137195,-0.5
856,-28.8433,203.859,-0.157319,0,3.25,0.117959,1.2685,0.203015,-0.0100976,1.00912,5.85277e-05,0.0111765,0.264363,13316.5,0.633481,0.289286,-0.1,0.1,1,761.375,1.05185e+07,0.130258,0.00505008,0.116758,0.0127408,-0.0429291,0.203859,-0.0947192,nan,nan,nan,nan,-0.00825029,-0.0231583,-0.0111657,nan,-0.0797334,-0.000115385,-0.0394716,-0.188303,nan,-0.208711,-0.263425,-0.229662,-0.240731,0.292739,0.105795,-0.389795,-0.00974359,0.0104167,-0.5
857,-29.5992,218.27,-0.154568,0,3.08333,0.119074,1.27142,0.195793,-0.0108081,1.00261,5.85277e-05,0.0135212,0.264247,14841.1,0.56765,0.260322,-0.1,0.1,1,762.204,1.05308e+07,0.1391,0.00539668,0.130586,0.0115969,-0.046075,0.21827,-0.0888608,nan,nan,nan,nan,-0.00787653,-0.0213126,-0.0105573,nan,-0.0851508,-2.7027e-05,-0.0451179,-0.200225,nan,-0.271951,-0.225147,-0.24665,-0.24673,0.313535,0.102216,-0.416378,-0.00786486,0.00405405,-0.5
858,-25.0684,155.049,-0.141852,0,2.54167,0.116681,1.24118,0.195201,-0.0102796,0.99726,5.85277e-05,0.00652818,0.264123,16585,0.495431,0.24548,-0.1,0.1,1,762.946,1.05431e+07,0.0897759,0.00426895,0.0900703,0.00884732,-0.032628,0.155049,-0.0612574,nan,nan,nan,nan,-0.00586505,-0.0145164,-0.00708727,nan,-0.0603535,0,-0.0391294,-0.144583,nan,-0.187544,-0.217219,-0.175034,-0.164902,0.22509,0.0651803,-0.300721,-0.00632787,0.00409836,-0.5
859,-28.3679,184.491,-0.133179,0,2.20833,0.115893,1.2569,0.193455,-0.00917661,0.991226,5.85277e-05,0.0142387,0.26399,12903.1,0.604226,0.348106,-0.1,0.1,1,763.9,1.05554e+07,0.106221,0.00638788,0.107294,0.0111405,-0.0389207,0.184491,-0.0775226,nan,nan,nan,nan,-0.00695889,-0.019129,-0.00902285,nan,-0.0720808,-0.000113208,-0.0354811,-0.172273,nan,-0.215231,-0.281864,-0.208429,-0.222,0.268267,0.0868679,-0.351774,-0.00826415,0.00872642,-0.5
860,-27.1097,183.593,-0.139469,0,2.45833,0.115449,1.28441,0.206287,-0.00895376,0.984747,5.85277e-05,0.00791457,0.263845,13262.9,0.609094,0.317403,-0.1,0.1,1,764.828,1.05677e+07,0.114575,0.00547763,0.108578,0.0124198,-0.0385256,0.183593,-0.0830034,nan,nan,nan,nan,-0.00728772,-0.0206015,-0.00959976,nan,-0.0719377,0,-0.0333833,-0.170404,nan,-0.190155,-0.227694,-0.208408,-0.220881,0.260784,0.0887458,-0.348203,-0.00830508,0.00487288,-0.5
861,-26.5269,178.75,-0.131335,0,2,0.113693,1.24223,0.204233,-0.011152,0.97777,5.85277e-05,0.00880089,0.26368,12670.1,0.647387,0.322454,-0.1,0.1,1,765.799,1.058e+07,0.117743,0.00499724,0.10153,0.0106344,-0.0374852,0.17875,-0.0744792,nan,nan,nan,nan,-0.00697976,-0.0183158,-0.00895318,nan,-0.0696867,0,-0.0351416,-0.165732,nan,-0.206348,-0.212672,-0.201036,-0.217062,0.256386,0.0843333,-0.339917,-0.00670833,0.0109375,-0.5
862,-26.405,174.629,-0.144604,0,2.58333,0.116435,1.24854,0.192727,-0.0101041,0.970174,5.85277e-05,0.0145787,0.263516,14277.4,0.582154,0.278508,-0.1,0.1,1,766.661,1.05923e+07,0.114848,0.00580662,0.100436,0.0118776,-0.0361851,0.174629,-0.0782984,nan,nan,nan,nan,-0.0070906,-0.019068,-0.0092569,nan,-0.0681264,-6.45161e-05,-0.0335811,-0.159302,nan,-0.170107,-0.267479,-0.196163,-0.209081,0.247273,0.0949032,-0.337226,-0.00741935,0.00685484,-0.5
863,-31.3546,232.962,-0.138412,0,2.20833,0.121732,1.29012,0.192431,-0.00908301,0.962927,5.85277e-05,0.016797,0.263354,16124.5,0.511997,0.250075,-0.1,0.1,1,767.425,1.06045e+07,0.144353,0.00731471,0.135346,0.0157624,-0.0486653,0.232962,-0.106051,nan,nan,nan,nan,-0.00946766,-0.0261971,-0.0127089,nan,-0.0911418,-1.88679e-05,-0.0511377,-0.21156,nan,-0.221835,-0.318731,-0.261535,-0.274642,0.340144,0.126264,-0.442792,-0.0104906,0.0110849,-0.5
864,-26.6314,170.148,-0.137314,0,2.25,0.120023,1.28307,0.220509,-0.0112994,0.9562,5.85277e-05,0.0135138,0.263232,13241.2,0.586633,0.341381,-0.1,0.1,1,768.36,1.06168e+07,0.0972091,0.00555769,0.0998326,0.0116024,-0.0349498,0.170148,-0.081737,nan,nan,nan,nan,-0.00722604,-0.0192673,-0.00918744,nan,-0.0661039,-3.7037e-05,-0.0343566,-0.156822,nan,-0.159182,-0.260984,-0.190312,-0.205278,0.24434,0.0934074,-0.330815,-0.00707407,1.92747e-19,-0.5
865,-28.8347,207.509,-0.139313,0,2.29167,0.118419,1.26867,0.209318,-0.0094083,0.950837,5.85277e-05,0.0174416,0.263095,12715.5,0.64673,0.31965,-0.1,0.1,1,769.328,1.06291e+07,0.133609,0.00520344,0.123106,0.0127709,-0.0432409,0.207509,-0.0947564,nan,nan,nan,nan,-0.00776767,-0.0221176,-0.0111078,nan,-0.0810997,-7.27273e-05,-0.0350336,-0.190369,nan,-0.223156,-0.263775,-0.232272,-0.253255,0.297238,0.1104,-0.393455,-0.0088,0.0143182,-0.5
866,-29.1615,198.354,-0.145443,0,2.70833,0.116603,1.28789,0.194969,-0.0103512,0.944337,5.85277e-05,0.0128673,0.262965,13501.4,0.608038,0.302087,-0.1,0.1,1,770.239,1.06414e+07,0.119366,0.00555733,0.112026,0.0112187,-0.0409914,0.198354,-0.0758092,nan,nan,nan,nan,-0.00722892,-0.0208045,-0.0091377,nan,-0.0774262,-0.000215385,-0.0338349,-0.181714,nan,-0.253803,-0.276348,-0.221,-0.244062,0.282381,0.0885538,-0.369662,-0.00695385,0.00519231,-0.5
867,-29.7506,214.652,-0.14673,0.0416667,2.83333,0.116694,1.26932,0.209242,-0.00980931,0.938145,5.85277e-05,0.0147885,0.262813,14172.9,0.60949,0.257518,-0.1,0.1,1,771.108,1.06537e+07,0.14085,0.00565583,0.124179,0.0121949,-0.0444583,0.214652,-0.0841014,nan,nan,nan,nan,-0.00755398,-0.0206659,-0.0100551,nan,-0.0836578,-1.44928e-05,-0.0455635,-0.197618,nan,-0.267324,-0.26983,-0.23994,-0.239435,0.310732,0.095942,-0.408232,-0.00704348,0.0108696,-0.5
868,-27.058,184.811,-0.122579,0,1.54167,0.12028,1.28519,0.19872,-0.0100842,0.930912,5.85277e-05,0.0159835,0.262662,15778.9,0.534108,0.244652,-0.1,0.1,1,771.888,1.0666e+07,0.111051,0.00520898,0.109728,0.0111658,-0.0381678,0.184811,-0.0770216,nan,nan,nan,nan,-0.00682076,-0.0180652,-0.00927138,nan,-0.0721241,0,-0.0303652,-0.171102,nan,-0.216789,-0.206762,-0.206794,-0.232054,0.262562,0.0922162,-0.345514,-0.00843243,0.00405405,-0.5
869,-27.6662,189.812,-0.148493,0,2.875,0.122604,1.28646,0.211664,-0.0104939,0.924102,5.85277e-05,0.013159,0.262507,15453.4,0.513514,0.28165,-0.1,0.1,1,772.685,1.06783e+07,0.113414,0.0052694,0.108027,0.0118212,-0.0389347,0.189812,-0.0831406,nan,nan,nan,nan,-0.00751104,-0.0200048,-0.00980998,nan,-0.0738849,0,-0.0427051,-0.17489,nan,-0.208383,-0.245069,-0.212131,-0.212174,0.275723,0.0956522,-0.36029,-0.00765217,0.00289855,-0.5
870,-27.6792,192.286,-0.142871,0,2.625,0.115359,1.25454,0.196718,-0.00919006,0.916771,5.85277e-05,0.0108226,0.262346,13593.9,0.540868,0.363069,-0.1,0.1,1,773.59,1.06906e+07,0.119733,0.00522303,0.113775,0.0113744,-0.0397095,0.192286,-0.0847381,nan,nan,nan,nan,-0.0073453,-0.0195175,-0.0100591,nan,-0.0745968,0,-0.0421285,-0.178901,nan,-0.215776,-0.246616,-0.214557,-0.215238,0.279612,0.0934603,-0.365714,-0.00752381,0.00734127,-0.5
871,-31.2236,226.732,-0.133817,0.0833333,2.25,0.114658,1.26617,0.195077,-0.00883213,0.910101,5.85277e-05,0.0167509,0.262228,12686.4,0.65771,0.310885,-0.1,0.1,1,774.566,1.07028e+07,0.143147,0.00604143,0.132186,0.0128854,-0.0470691,0.226732,-0.0841929,nan,nan,nan,nan,-0.00742819,-0.0211312,-0.0101359,nan,-0.088394,-1.78571e-05,-0.0407905,-0.205884,nan,-0.298853,-0.286137,-0.25321,-0.273589,0.329762,0.0975714,-0.430071,-0.00828571,0.0125,-0.5
872,-29.2193,203.185,-0.132338,0,2.25,0.116491,1.30604,0.191334,-0.0100594,0.905556,5.85277e-05,0.0136414,0.262131,12903.4,0.631442,0.320864,-0.1,0.1,1,775.52,1.07151e+07,0.120156,0.00588983,0.118294,0.0133472,-0.04205,0.203185,-0.0893352,nan,nan,nan,nan,-0.00763415,-0.0204872,-0.0104871,nan,-0.0790944,-9.25926e-05,-0.0408101,-0.184682,nan,-0.213776,-0.276639,-0.226651,-0.239278,0.294403,0.101185,-0.389852,-0.00888889,0.00208333,-0.5
873,-27.7379,200.958,-0.146878,0,2.95833,0.117199,1.33768,0.224959,-0.00960004,0.900028,5.85277e-05,0.00914689,0.261985,12969.4,0.605842,0.341616,-0.1,0.1,1,776.469,1.07274e+07,0.129613,0.00529365,0.118461,0.0126398,-0.0411303,0.200958,-0.0921324,nan,nan,nan,nan,-0.00777374,-0.0212751,-0.010705,nan,-0.0779442,-7.04225e-05,-0.03448,-0.18493,nan,-0.212837,-0.240952,-0.222455,-0.235099,0.290315,0.104169,-0.376,-0.00808451,0.0107394,-0.5
874,-29.965,213.375,-0.127474,0,2,0.11585,1.30048,0.20184,-0.0100495,0.893262,5.85277e-05,0.013749,0.261841,14474.2,0.551126,0.297835,-0.1,0.1,1,777.319,1.07397e+07,0.134518,0.00602356,0.125238,0.0136146,-0.0441179,0.213375,-0.093175,nan,nan,nan,nan,-0.00783364,-0.0238952,-0.0108184,nan,-0.0830612,-2.08333e-05,-0.0386333,-0.195233,nan,-0.23384,-0.275255,-0.235867,-0.27425,0.307417,0.105,-0.402583,-0.00908333,0.0127604,-0.5
875,-31.6023,236.221,-0.144092,0,2.83333,0.116151,1.29547,0.202572,-0.00994097,0.885451,5.85277e-05,0.0137974,0.261633,13478.9,0.517943,0.393707,-0.1,0.1,1,778.232,1.0752e+07,0.134568,0.0064715,0.14112,0.0127727,-0.0486007,0.236221,-0.0973265,nan,nan,nan,nan,-0.00810313,-0.022675,-0.0114466,nan,-0.0917186,0,-0.0442723,-0.217195,nan,-0.289011,-0.256005,-0.262563,-0.276574,0.341177,0.111824,-0.444647,-0.00938235,0.00772059,-0.5
876,-27.4846,194.794,-0.138441,0,2.625,0.116338,1.31129,0.210994,-0.00917962,0.875552,5.85277e-05,0.0106879,0.261436,11648.3,0.728991,0.325924,-0.1,0.1,1,779.289,1.07643e+07,0.128036,0.00576567,0.116236,0.0114122,-0.0397235,0.194794,-0.0784333,nan,nan,nan,nan,-0.00685858,-0.0173525,-0.00929793,nan,-0.0755156,-3.1746e-05,-0.0388736,-0.182006,nan,-0.239435,-0.231983,-0.214696,-0.214524,0.282983,0.0869841,-0.372063,-0.00777778,0.00972222,-0.5
877,-32.3294,246.758,-0.144977,0,2.75,0.115616,1.30291,0.186001,-0.00992248,0.867986,5.85277e-05,0.0123113,0.261323,12704,0.6498,0.317456,-0.1,0.1,1,780.258,1.07766e+07,0.152433,0.00695047,0.149214,0.0147178,-0.0504993,0.246758,-0.101305,nan,nan,nan,nan,-0.00825397,-0.0226645,-0.0120447,nan,-0.0957402,-4.54545e-05,-0.045483,-0.221969,nan,-0.294827,-0.295589,-0.273319,-0.276182,0.357618,0.114727,-0.466909,-0.0103333,0.00284091,-0.5
878,-28.4565,210.078,-0.144444,0,2.66667,0.118131,1.30795,0.216576,-0.0104395,0.86333,5.85277e-05,0.0110464,0.261236,13640.9,0.599503,0.301316,-0.1,0.1,1,781.16,1.07889e+07,0.1364,0.00521804,0.123695,0.0130997,-0.0427848,0.210078,-0.0954687,nan,nan,nan,nan,-0.00803238,-0.0224932,-0.0110988,nan,-0.0816694,0,-0.0357784,-0.194082,nan,-0.220731,-0.246678,-0.232846,-0.246281,0.297885,0.11325,-0.4,-0.00925,0.00546875,-0.5
879,-29.0583,206.877,-0.134233,0.0416667,2.33333,0.114928,1.27435,0.185589,-0.00965464,0.857813,5.85277e-05,0.0113823,0.26106,15054,0.54461,0.271649,-0.1,0.1,1,781.978,1.08012e+07,0.125558,0.00537667,0.120338,0.0116586,-0.0422308,0.206877,-0.081886,nan,nan,nan,nan,-0.0074596,-0.0193342,-0.0093743,nan,-0.0801931,-1.75439e-05,-0.0532295,-0.188926,nan,-0.251275,-0.241413,-0.230401,-0.228842,0.301843,0.0918596,-0.391368,-0.00684211,-0.000877193,-0.5
880,-26.6143,181.723,-0.142401,0,2.70833,0.115638,1.27592,0.215381,-0.0100645,0.848247,5.85277e-05,0.0161028,0.260848,16353.3,0.515314,0.236094,-0.1,0.1,1,782.73,1.08134e+07,0.118114,0.00552743,0.105419,0.0125289,-0.0371273,0.181723,-0.0846185,nan,nan,nan,nan,-0.00699873,-0.0184074,-0.00954346,nan,-0.0704905,-6.15385e-05,-0.0326574,-0.165888,nan,-0.177152,-0.249495,-0.200024,-0.219415,0.26365,0.0987692,-0.345969,-0.00858462,0.00230769,-0.5
881,-27.8758,192.127,-0.141161,0,2.625,0.116641,1.27031,0.200979,-0.0104618,0.839831,5.85277e-05,0.0113576,0.260699,12137.1,0.633586,0.378845,-0.1,0.1,1,783.744,1.08257e+07,0.113687,0.00501895,0.112291,0.0117614,-0.0389069,0.192127,-0.0868238,nan,nan,nan,nan,-0.00750013,-0.0209643,-0.0100118,nan,-0.0745332,0,-0.038517,-0.177009,nan,-0.201669,-0.245533,-0.211695,-0.235762,0.278367,0.0979683,-0.364381,-0.0088254,0.0093254,-0.5
882,-25.2716,174.527,-0.134546,0,2.29167,0.119717,1.32771,0.214893,-0.00973301,0.83403,5.85277e-05,0.0156866,0.260595,12560.7,0.650631,0.327656,-0.1,0.1,1,784.724,1.0838e+07,0.108793,0.0048331,0.103111,0.0113706,-0.0354995,0.174527,-0.0812655,nan,nan,nan,nan,-0.00661567,-0.0173788,-0.00919333,nan,-0.0671399,0,-0.0364417,-0.164002,nan,-0.17709,-0.212627,-0.192489,-0.194127,0.254125,0.0917818,-0.337164,-0.00723636,0.00681818,-0.5
883,-26.4566,179.742,-0.143626,0,2.75,0.11516,1.3121,0.200736,-0.0104137,0.829218,5.85277e-05,0.0115429,0.260491,13346.2,0.615842,0.304869,-0.1,0.1,1,785.646,1.08503e+07,0.115529,0.00463283,0.104653,0.0114495,-0.0364763,0.179742,-0.0775788,nan,nan,nan,nan,-0.00713654,-0.0178841,-0.00897474,nan,-0.069584,-9.09091e-05,-0.0401509,-0.16832,nan,-0.188903,-0.23351,-0.198231,-0.201364,0.258116,0.0870909,-0.343333,-0.00772727,0.00814394,-0.5
884,-28.6206,207.492,-0.141878,0.0416667,2.66667,0.115051,1.26885,0.221154,-0.00958484,0.823654,5.85277e-05,0.0106798,0.260342,14287.2,0.596938,0.263135,-0.1,0.1,1,786.507,1.08626e+07,0.137366,0.00531976,0.124036,0.0122007,-0.0424676,0.207492,-0.0807969,nan,nan,nan,nan,-0.00687048,-0.0184487,-0.00953173,nan,-0.0806691,-1.53846e-05,-0.0360499,-0.193221,nan,-0.262666,-0.224656,-0.229178,-0.247662,0.298368,0.0938462,-0.388246,-0.0084,0.00461538,-0.5
885,-26.1554,178.4,-0.141179,0,2.5,0.118043,1.2721,0.18741,-0.0100045,0.81636,5.85277e-05,0.00889808,0.260186,15780.6,0.540886,0.237792,-0.1,0.1,1,787.288,1.08749e+07,0.115263,0.00553632,0.101712,0.01256,-0.0360243,0.1784,-0.0831583,nan,nan,nan,nan,-0.00749624,-0.0194497,-0.0097354,nan,-0.069076,0,-0.0368669,-0.162963,nan,-0.164508,-0.244036,-0.196541,-0.20675,0.257947,0.0998667,-0.3406,-0.00726667,0.00541667,-0.5
886,-30.3895,226.32,-0.128859,0,2.08333,0.114524,1.28789,0.202773,-0.0106655,0.808509,5.85277e-05,0.0134564,0.259994,16884.7,0.491085,0.236673,-0.1,0.1,1,788.017,1.08872e+07,0.137776,0.00698059,0.132517,0.0132799,-0.0461588,0.22632,-0.08997,nan,nan,nan,nan,-0.00771872,-0.0222704,-0.0108353,nan,-0.0878411,-0.00026,-0.0490352,-0.208836,nan,-0.269679,-0.279127,-0.251165,-0.26418,0.32682,0.10504,-0.42432,-0.00864,0.01275,-0.5
887,-27.158,187.426,-0.141237,0,2.54167,0.117708,1.28957,0.217601,-0.00942784,0.800215,5.85277e-05,0.0092511,0.259846,14538.3,0.504957,0.340259,-0.1,0.1,1,788.863,1.08995e+07,0.112418,0.00517028,0.11013,0.0126941,-0.0381161,0.187426,-0.0860541,nan,nan,nan,nan,-0.00738603,-0.0197254,-0.00995377,nan,-0.0728608,-6.55738e-05,-0.0346108,-0.173696,nan,-0.183645,-0.232771,-0.207483,-0.238131,0.272535,0.0994754,-0.352984,-0.00940984,0.00532787,-0.5
888,-28.0899,200.357,-0.135038,0,2.33333,0.115768,1.2785,0.202035,-0.0105131,0.793596,5.85277e-05,0.0144955,0.259694,11907.1,0.639917,0.392071,-0.1,0.1,1,789.897,1.09117e+07,0.126435,0.00545338,0.122495,0.0108853,-0.0411195,0.200357,-0.0774661,nan,nan,nan,nan,-0.00635344,-0.0171123,-0.00889648,nan,-0.0778347,-1.78571e-05,-0.035412,-0.187762,nan,-0.261631,-0.219825,-0.222738,-0.244768,0.289559,0.0889286,-0.385357,-0.00746429,0.00982143,-0.5
889,-29.87,214.5,-0.123459,0,1.66667,0.119536,1.25804,0.212881,-0.0104321,0.785803,5.85277e-05,0.0118857,0.259519,12923.4,0.636919,0.313912,-0.1,0.1,1,790.85,1.0924e+07,0.130798,0.00526171,0.123674,0.0143809,-0.0439796,0.2145,-0.103145,nan,nan,nan,nan,-0.0088312,-0.0263766,-0.0119786,nan,-0.0835598,0,-0.0349966,-0.195384,nan,-0.201411,-0.301201,-0.235451,-0.287325,0.309943,0.1252,-0.3944,-0.00925,0.0125,-0.5
890,-25.6918,174.173,-0.131023,0,2.16667,0.116069,1.27688,0.191723,-0.00919567,0.777308,5.85277e-05,0.0151508,0.259318,13217.1,0.61963,0.310074,-0.1,0.1,1,791.781,1.09363e+07,0.113875,0.00504743,0.104966,0.0103802,-0.0354433,0.174173,-0.0721923,nan,nan,nan,nan,-0.00622248,-0.0157838,-0.00835023,nan,-0.0673752,-1.92308e-05,-0.0413711,-0.15996,nan,-0.203863,-0.205769,-0.190796,-0.191654,0.256731,0.0792308,-0.333615,-0.00676923,-0.00168269,-0.5
891,-34.3875,270.983,-0.139571,0.0833333,2.41667,0.11681,1.26559,0.209046,-0.0103602,0.768145,5.85277e-05,0.0156273,0.259145,14872.3,0.565777,0.260458,-0.1,0.1,1,792.609,1.09486e+07,0.171128,0.00769455,0.161687,0.0147706,-0.0552781,0.270983,-0.105743,nan,nan,nan,nan,-0.008944,-0.0266418,-0.0126173,nan,-0.105196,-8.33333e-05,-0.0541584,-0.248338,nan,-0.343453,-0.295796,-0.299912,-0.3284,0.389463,0.124733,-0.515667,-0.0112,0.0152083,-0.5
892,-28.9872,213.065,-0.126701,0,1.91667,0.117157,1.2888,0.227262,-0.0103366,0.760876,5.85277e-05,0.0115255,0.259011,14878.2,0.513816,0.312092,-0.1,0.1,1,793.436,1.09609e+07,0.135635,0.00649896,0.130756,0.0103419,-0.043555,0.213065,-0.0777152,nan,nan,nan,nan,-0.00658655,-0.015936,-0.00875461,nan,-0.0825345,-2.17391e-05,-0.0420324,-0.192566,nan,-0.299727,-0.204433,-0.234806,-0.244304,0.309495,0.0908696,-0.405217,-0.00686957,0.00570652,-0.5
893,-27.8637,202.472,-0.131851,0,2.20833,0.116969,1.28808,0.197129,-0.0101125,0.754562,5.85277e-05,0.0136402,0.258872,11990,0.643482,0.381376,-0.1,0.1,1,794.463,1.09732e+07,0.1325,0.00583076,0.118347,0.0118251,-0.0414797,0.202472,-0.0894358,nan,nan,nan,nan,-0.00777836,-0.0205818,-0.0100995,nan,-0.0785465,-1.88679e-05,-0.0410762,-0.187343,nan,-0.222572,-0.224268,-0.222544,-0.249566,0.299644,0.104604,-0.375774,-0.00792453,0.00636792,-0.5
894,-32.8108,257.868,-0.134693,0,2.20833,0.120656,1.26719,0.218486,-0.00947991,0.748041,5.85277e-05,0.0106246,0.258732,13083.5,0.613949,0.325248,-0.1,0.1,1,795.404,1.09855e+07,0.159758,0.00736661,0.159422,0.0146535,-0.052652,0.257868,-0.105792,nan,nan,nan,nan,-0.00847386,-0.0234632,-0.011966,nan,-0.0997802,-5.66038e-05,-0.0451502,-0.235012,nan,-0.312963,-0.285377,-0.282377,-0.300736,0.376337,0.121887,-0.482038,-0.00916981,0.0117925,-0.5
895,-28.3471,210.783,-0.138876,0.0416667,2.45833,0.11836,1.3005,0.211192,-0.010429,0.741715,5.85277e-05,0.0137257,0.258604,13150.3,0.613959,0.320466,-0.1,0.1,1,796.339,1.09978e+07,0.132401,0.00663912,0.125115,0.0139798,-0.0430107,0.210783,-0.0963317,nan,nan,nan,nan,-0.00847401,-0.0236204,-0.0111034,nan,-0.0817536,0,-0.042154,-0.189275,nan,-0.204799,-0.253426,-0.232733,-0.26225,0.310023,0.1122,-0.396867,-0.0099,0.0104167,-0.5
896,-29.0838,209.393,-0.139194,0.0416667,2.5,0.119959,1.30966,0.209848,-0.0100617,0.736065,5.85277e-05,0.0109258,0.258502,14444.7,0.552593,0.298101,-0.1,0.1,1,797.192,1.101e+07,0.129569,0.00563222,0.12643,0.0128548,-0.0428897,0.209393,-0.0898557,nan,nan,nan,nan,-0.00770724,-0.0203038,-0.0105256,nan,-0.0811908,0,-0.0465554,-0.196165,nan,-0.23046,-0.262699,-0.231762,-0.237295,0.304293,0.101639,-0.397049,-0.00901639,0.00266393,-0.5
897,-27.3197,188.273,-0.132411,0,2.29167,0.112729,1.27742,0.190171,-0.0093302,0.730994,5.85277e-05,0.0110495,0.258378,13748.8,0.549722,0.34403,-0.1,0.1,1,798.087,1.10223e+07,0.115104,0.00480835,0.111611,0.0118661,-0.0385242,0.188273,-0.0807927,nan,nan,nan,nan,-0.00692329,-0.0189248,-0.00928222,nan,-0.0730222,-5.45455e-05,-0.0356505,-0.174682,nan,-0.214225,-0.228732,-0.206372,-0.236291,0.276151,0.0885818,-0.352436,-0.00741818,0.00431818,-0.5
898,-30.2369,222.161,-0.138882,0,2.58333,0.115707,1.31124,0.191963,-0.009347,0.724737,5.85277e-05,0.0114905,0.258244,12870.7,0.638275,0.316455,-0.1,0.1,1,799.043,1.10346e+07,0.136864,0.005989,0.132578,0.0144197,-0.0450374,0.222161,-0.105508,nan,nan,nan,nan,-0.00873789,-0.0241855,-0.0123816,nan,-0.0860636,0,-0.0439619,-0.203159,nan,-0.217667,-0.311011,-0.245757,-0.263129,0.323201,0.119355,-0.411677,-0.0106452,0.00745968,-0.5
899,-28.9786,213.537,-0.133933,0,2.25,0.117626,1.28693,0.206467,-0.00986839,0.71891,5.85277e-05,0.0113067,0.258129,13270.6,0.607338,0.31862,-0.1,0.1,1,799.97,1.10469e+07,0.129826,0.00595417,0.131951,0.0123704,-0.0431585,0.213537,-0.0934037,nan,nan,nan,nan,-0.00747293,-0.0204914,-0.0107904,nan,-0.0820528,-1.85185e-05,-0.0455557,-0.193208,nan,-0.248141,-0.251269,-0.232814,-0.237222,0.311574,0.105926,-0.404667,-0.0092963,0.0101852,-0.5
900,-29.8295,217.785,-0.142233,0,2.70833,0.116015,1.30124,0.19537,-0.0107652,0.713081,5.85277e-05,0.015793,0.257993,13398.1,0.623404,0.293741,-0.1,0.1,1,800.889,1.10592e+07,0.132313,0.00586236,0.132704,0.0137798,-0.0442281,0.217785,-0.0937892,nan,nan,nan,nan,-0.00795562,-0.0220458,-0.0106215,nan,-0.0841362,-0.000107692,-0.0462697,-0.199608,nan,-0.236553,-0.289903,-0.238734,-0.251077,0.318967,0.109415,-0.407385,-0.00769231,0.00442308,-0.5
901,-31.9829,244.972,-0.143688,0.0833333,2.875,0.115036,1.2907,0.174933,-0.0104439,0.706247,5.85277e-05,0.0144358,0.257845,16195,0.510229,0.248523,-0.1,0.1,1,803.382,1.10715e+07,0.148498,0.00592186,0.151452,0.0152708,-0.0494113,0.244972,-0.112021,nan,nan,nan,nan,-0.00868969,-0.0247981,-0.0128268,nan,-0.0947063,0,-0.0463639,-0.219166,nan,-0.259916,-0.331422,-0.267723,-0.297803,0.35697,0.130535,-0.452732,-0.0114648,0.00352113,-0.5
902,-29.3744,221.245,-0.128418,0,2.20833,0.112197,1.26762,0.18166,-0.00887836,0.699429,5.85277e-05,0.0105174,0.25772,16505.8,0.501569,0.242895,-0.1,0.1,1,804.128,1.10838e+07,0.145432,0.00584388,0.136726,0.014806,-0.044524,0.221245,-0.101757,nan,nan,nan,nan,-0.00782029,-0.0221719,-0.0118774,nan,-0.0853517,-9.43396e-05,-0.0432015,-0.201807,nan,-0.235324,-0.281173,-0.241634,-0.256642,0.321809,0.116226,-0.407698,-0.0106038,0.00495283,-0.5
903,-30.0465,233.75,-0.127831,0.0833333,2.08333,0.116726,1.28313,0.204459,-0.00885353,0.693928,5.85277e-05,0.00852474,0.257603,16097.7,0.502627,0.260713,-0.1,0.1,1,804.892,1.10961e+07,0.153695,0.00642829,0.141989,0.0148208,-0.047406,0.23375,-0.0999692,nan,nan,nan,nan,-0.00840613,-0.0241765,-0.0118291,nan,-0.0903643,0,-0.047618,-0.209839,nan,-0.25745,-0.283035,-0.257086,-0.266596,0.337052,0.118923,-0.441385,-0.00996154,0.0105769,-0.5
904,-31.6247,248.353,-0.144996,0,2.83333,0.119489,1.26917,0.246712,-0.0102056,0.688872,5.85277e-05,0.012829,0.257516,16063.5,0.523609,0.241353,-0.1,0.1,1,805.659,1.11084e+07,0.172358,0.00672961,0.154678,0.0147129,-0.0497587,0.248353,-0.107356,nan,nan,nan,nan,-0.00845509,-0.0239762,-0.0123789,nan,-0.0956291,-5.88235e-05,-0.053253,-0.223707,nan,-0.28155,-0.296282,-0.270538,-0.288044,0.36297,0.122294,-0.461059,-0.01,0.00128676,-0.5
905,-27.1641,194.618,-0.148041,0,2.83333,0.118706,1.25786,0.23346,-0.0093875,0.684232,5.85277e-05,0.0145405,0.257387,16533.9,0.498305,0.244895,-0.1,0.1,1,806.403,1.11206e+07,0.125229,0.00614558,0.118235,0.0125259,-0.0395583,0.194618,-0.0891309,nan,nan,nan,nan,-0.00708731,-0.0192236,-0.0100959,nan,-0.0752362,0,-0.036414,-0.179718,nan,-0.199202,-0.241173,-0.21328,-0.238765,0.280865,0.102647,-0.359235,-0.00852941,0.00753676,-0.5
906,-25.6468,172.441,-0.138624,0,2.45833,0.117005,1.26365,0.223777,-0.0101515,0.676559,5.85277e-05,0.0144472,0.257189,16601.1,0.491913,0.24828,-0.1,0.1,1,807.145,1.11329e+07,0.105498,0.00470038,0.100762,0.0114876,-0.03455,0.172441,-0.0815576,nan,nan,nan,nan,-0.00686737,-0.0177218,-0.00916539,nan,-0.0663417,-3.38983e-05,-0.0374103,-0.155705,nan,-0.16749,-0.247472,-0.187175,-0.197593,0.252111,0.0929492,-0.325966,-0.00698305,0.0029661,-0.5
907,-27.0829,182.138,-0.143665,0,2.70833,0.117517,1.28962,0.20747,-0.0100129,0.668044,5.85277e-05,0.0175161,0.257055,15995.9,0.528762,0.239435,-0.1,0.1,1,807.914,1.11452e+07,0.106781,0.00530376,0.107174,0.0132511,-0.0362179,0.182138,-0.0879385,nan,nan,nan,nan,-0.00742745,-0.0203072,-0.0101567,nan,-0.0701718,-9.23077e-05,-0.0422867,-0.167346,nan,-0.157717,-0.281926,-0.199266,-0.217154,0.267147,0.100308,-0.344923,-0.00756923,0.00557692,-0.5
908,-29.5048,209.982,-0.13416,0,2.33333,0.115253,1.30561,0.191427,-0.0106909,0.662533,5.85277e-05,0.0125413,0.256947,16205.7,0.51461,0.24364,-0.1,0.1,1,808.674,1.11575e+07,0.131014,0.00612559,0.129424,0.0128816,-0.0423191,0.209982,-0.0921446,nan,nan,nan,nan,-0.00763511,-0.0204975,-0.0105883,nan,-0.0810038,0,-0.0472786,-0.192505,nan,-0.233546,-0.283724,-0.228562,-0.240214,0.306653,0.105214,-0.398857,-0.00935714,0.0015625,-0.5
909,-28.2729,221.508,-0.135557,0.0416667,2.41667,0.113662,1.26606,0.203333,-0.00980851,0.657218,5.85277e-05,0.0138102,0.25684,16634.4,0.500164,0.238547,-0.1,0.1,1,809.414,1.11698e+07,0.152111,0.00603342,0.132202,0.0141771,-0.044441,0.221508,-0.102964,nan,nan,nan,nan,-0.00842957,-0.0225307,-0.0116735,nan,-0.0852486,-1.69492e-05,-0.0445194,-0.201073,nan,-0.227433,-0.251209,-0.241404,-0.241424,0.321941,0.118034,-0.421356,-0.0101017,0.0129237,-0.5
910,-28.7224,209.709,-0.133516,0,2.29167,0.117072,1.26865,0.193954,-0.00942491,0.651173,5.85277e-05,0.0131511,0.256689,16217.5,0.510052,0.24765,-0.1,0.1,1,810.173,1.11821e+07,0.134645,0.00535323,0.125613,0.0135167,-0.0417557,0.209709,-0.0971273,nan,nan,nan,nan,-0.00805188,-0.0224268,-0.0111339,nan,-0.0808024,0,-0.0419886,-0.191947,nan,-0.212079,-0.273237,-0.229343,-0.252109,0.305339,0.110255,-0.397164,-0.00898182,0.00772727,-0.5
911,-33.0348,275.851,-0.123739,0.0833333,1.875,0.114078,1.29266,0.179645,-0.00928188,0.643449,5.85277e-05,0.0079744,0.256515,16530.3,0.49946,0.243902,-0.1,0.1,1,810.918,1.11944e+07,0.18159,0.00777677,0.168768,0.0174421,-0.0546998,0.275851,-0.120623,nan,nan,nan,nan,-0.00985493,-0.0268354,-0.0141707,nan,-0.106162,0,-0.0646135,-0.2428,nan,-0.29233,-0.321564,-0.300012,-0.296298,0.401738,0.13583,-0.52434,-0.0122979,0.0109043,-0.5
912,-29.7501,224.264,-0.133665,0,2.20833,0.117652,1.27643,0.218254,-0.0101746,0.635438,5.85277e-05,0.014298,0.256362,16377.1,0.504476,0.245838,-0.1,0.1,1,811.67,1.12067e+07,0.143371,0.00602872,0.135118,0.0122641,-0.0450111,0.224264,-0.0890868,nan,nan,nan,nan,-0.00735857,-0.0191045,-0.0101709,nan,-0.0864399,0,-0.041867,-0.198313,nan,-0.292768,-0.213223,-0.245852,-0.261113,0.328172,0.0916981,-0.419019,-0.00973585,0.00259434,-0.5
913,-26.6909,193.433,-0.136276,0,2.5,0.114213,1.28377,0.195808,-0.00968548,0.628435,5.85277e-05,0.0093621,0.256209,16299.8,0.509587,0.244289,-0.1,0.1,1,812.425,1.12189e+07,0.126572,0.00535603,0.115949,0.0125384,-0.0385866,0.193433,-0.088915,nan,nan,nan,nan,-0.00737876,-0.0194113,-0.0100345,nan,-0.0744114,0,-0.0365742,-0.173606,nan,-0.200146,-0.227102,-0.210445,-0.2222,0.281672,0.101867,-0.3626,-0.0083,0.000208333,-0.5
914,-28.1316,201.868,-0.14839,0,3.16667,0.114703,1.29631,0.21688,-0.00989667,0.620646,5.85277e-05,0.010522,0.256036,16494.2,0.504174,0.240813,-0.1,0.1,1,813.171,1.12312e+07,0.12757,0.0055256,0.121832,0.0118334,-0.0401246,0.201868,-0.0828855,nan,nan,nan,nan,-0.00718187,-0.0190021,-0.00956375,nan,-0.0776563,-5.26316e-05,-0.0438309,-0.188607,nan,-0.236236,-0.254967,-0.221067,-0.219039,0.295684,0.100211,-0.385316,-0.00744737,0.00509868,-0.5
915,-28.6061,204.873,-0.132402,0.0416667,2.25,0.114782,1.27231,0.214256,-0.00993298,0.611863,5.85277e-05,0.012145,0.255847,16683.8,0.494834,0.241691,-0.1,0.1,1,813.909,1.12435e+07,0.120683,0.00579319,0.122763,0.0121411,-0.0409803,0.204873,-0.0893673,nan,nan,nan,nan,-0.00757418,-0.0202935,-0.0104852,nan,-0.079238,0,-0.0409196,-0.184417,nan,-0.231135,-0.244491,-0.223723,-0.252218,0.297436,0.108145,-0.3872,-0.00909091,0.00545455,-0.5
916,-25.5927,175.925,-0.131335,0,2.20833,0.117167,1.25644,0.203444,-0.0107127,0.603365,5.85277e-05,0.012186,0.255695,16803.3,0.49184,0.239445,-0.1,0.1,1,814.642,1.12558e+07,0.113491,0.00487426,0.105714,0.00976232,-0.0348927,0.175925,-0.0765038,nan,nan,nan,nan,-0.00639089,-0.0170515,-0.00852417,nan,-0.0678258,0,-0.0318036,-0.162443,nan,-0.20888,-0.20369,-0.192992,-0.218094,0.256988,0.088,-0.326792,-0.00769811,0.00613208,-0.5
917,-28.2747,208.058,-0.127611,0.0416667,2.125,0.114694,1.27686,0.193207,-0.0101218,0.596841,5.85277e-05,0.0149821,0.255576,16716.1,0.494873,0.240227,-0.1,0.1,1,815.378,1.12681e+07,0.135005,0.00559792,0.12785,0.0130369,-0.0415286,0.208058,-0.0892288,nan,nan,nan,nan,-0.00742112,-0.0198661,-0.0102864,nan,-0.0799595,0,-0.0429959,-0.185879,nan,-0.234817,-0.252718,-0.227068,-0.240692,0.299755,0.104615,-0.391923,-0.01,0.0122596,-0.5
918,-32.0944,250.588,-0.130595,0,2.125,0.117302,1.28162,0.201002,-0.00888419,0.591027,5.85277e-05,0.0144549,0.255448,16593.1,0.495078,0.245471,-0.1,0.1,1,816.12,1.12804e+07,0.152063,0.00715792,0.152743,0.0156187,-0.0501198,0.250588,-0.112892,nan,nan,nan,nan,-0.00871388,-0.0240574,-0.0126273,nan,-0.0965411,0,-0.0451931,-0.22322,nan,-0.276733,-0.289027,-0.272254,-0.296588,0.365224,0.131843,-0.467843,-0.0102745,0.00612745,-0.5
919,-29.2557,218.984,-0.136651,0.0416667,2.5,0.114255,1.29064,0.208448,-0.0100832,0.583543,5.85277e-05,0.00822376,0.255257,16553.6,0.501696,0.240618,-0.1,0.1,1,816.864,1.12927e+07,0.133616,0.00644819,0.13326,0.0130098,-0.0433751,0.218984,-0.091859,nan,nan,nan,nan,-0.00724582,-0.018604,-0.010272,nan,-0.0841288,-1.63934e-05,-0.0375506,-0.192373,nan,-0.260905,-0.266127,-0.23788,-0.256967,0.317232,0.105115,-0.407148,-0.00908197,0.00307377,-0.5
920,-29.5983,221.388,-0.12566,0,2.04167,0.113664,1.32014,0.203051,-0.0101147,0.574395,5.85277e-05,0.00792361,0.255095,16553.5,0.493778,0.248541,-0.1,0.1,1,817.608,1.1305e+07,0.141086,0.0062986,0.135399,0.0124158,-0.0436623,0.221388,-0.0960163,nan,nan,nan,nan,-0.00791668,-0.0210043,-0.0108224,nan,-0.0851568,0,-0.046261,-0.201113,nan,-0.263577,-0.236333,-0.241499,-0.256041,0.324901,0.109388,-0.410367,-0.00897959,-0.00204082,-0.5
921,-28.6686,209.565,-0.125046,0,1.91667,0.118571,1.30285,0.22022,-0.00898202,0.567957,5.85277e-05,0.00728737,0.254984,16753.3,0.489572,0.243897,-0.1,0.1,1,818.342,1.13172e+07,0.128835,0.00634312,0.127776,0.0142488,-0.0415735,0.209565,-0.0969326,nan,nan,nan,nan,-0.00771598,-0.0211593,-0.0109158,nan,-0.0805058,-4.34783e-05,-0.0346254,-0.184196,nan,-0.215174,-0.273957,-0.226912,-0.259435,0.303834,0.114,-0.396261,-0.0105652,0.00407609,-0.5
922,-28.7531,209.178,-0.123777,0,1.875,0.114922,1.27026,0.190811,-0.0103107,0.562592,5.85277e-05,0.0160345,0.254855,16564.4,0.499176,0.242656,-0.1,0.1,1,819.085,1.13295e+07,0.134876,0.0059387,0.126415,0.0111143,-0.0411774,0.209178,-0.0800156,nan,nan,nan,nan,-0.00697386,-0.0180812,-0.00921208,nan,-0.0802885,0,-0.0447321,-0.190651,nan,-0.274743,-0.224131,-0.228486,-0.238,0.302298,0.0956444,-0.396,-0.00808889,0.0075,-0.5
923,-31.2975,245.296,-0.129862,0.0416667,2.20833,0.114323,1.29545,0.21437,-0.00896505,0.555518,5.85277e-05,0.0162668,0.2547,16428.8,0.495978,0.251976,-0.1,0.1,1,819.835,1.13418e+07,0.150926,0.00683288,0.14685,0.0166614,-0.0481956,0.245296,-0.11155,nan,nan,nan,nan,-0.00910193,-0.023109,-0.0128692,nan,-0.0941351,0,-0.0576449,-0.218161,nan,-0.244023,-0.295611,-0.267755,-0.267667,0.359241,0.126667,-0.466519,-0.010963,0.000694444,-0.5
924,-26.1764,183,-0.130148,0,2.125,0.11157,1.30661,0.200391,-0.00947043,0.547904,5.85277e-05,0.0112428,0.254539,16678.1,0.496773,0.240002,-0.1,0.1,1,820.573,1.13541e+07,0.11868,0.00542476,0.108563,0.0105353,-0.0358798,0.183,-0.0791098,nan,nan,nan,nan,-0.00666825,-0.0167738,-0.009099,nan,-0.0701006,0,-0.036973,-0.165606,nan,-0.211363,-0.217867,-0.199075,-0.204529,0.266526,0.0864314,-0.344941,-0.00760784,0.00906863,-0.5
925,-25.3698,172.5,-0.129349,0,2.16667,0.116533,1.28231,0.207329,-0.00941731,0.540464,5.85277e-05,0.00955029,0.254405,15980.5,0.508188,0.260747,-0.1,0.1,1,821.343,1.13664e+07,0.108896,0.00507307,0.101425,0.01142,-0.0338792,0.1725,-0.0778385,nan,nan,nan,nan,-0.00664791,-0.0176678,-0.00863992,nan,-0.0660141,0,-0.031878,-0.153981,nan,-0.177455,-0.22865,-0.185775,-0.199442,0.247048,0.0890769,-0.326923,-0.00857692,0.00625,-0.5
926,-34.0081,271.587,-0.126374,0,1.91667,0.118015,1.27749,0.213872,-0.00911326,0.534886,5.85277e-05,0.0150903,0.254309,16644.5,0.495938,0.242322,-0.1,0.1,1,822.083,1.13787e+07,0.167014,0.00739557,0.167316,0.0167978,-0.053426,0.271587,-0.120852,nan,nan,nan,nan,-0.00895355,-0.0256118,-0.0136101,nan,-0.104267,-0.00026087,-0.0560646,-0.23757,nan,-0.299019,-0.36558,-0.294164,-0.315652,0.399358,0.14113,-0.502348,-0.0118696,0.0144022,-0.5
927,-29.4158,229.481,-0.128237,0.0416667,2.125,0.114849,1.28294,0.19652,-0.00921249,0.52997,5.85277e-05,0.0121584,0.254184,15685.6,0.541936,0.241459,-0.1,0.1,1,822.868,1.1391e+07,0.147545,0.00567297,0.140927,0.0134303,-0.0449353,0.229481,-0.106288,nan,nan,nan,nan,-0.00852908,-0.022103,-0.0120655,nan,-0.0880137,-0.000634615,-0.053037,-0.204584,nan,-0.248088,-0.249839,-0.249076,-0.249692,0.335047,0.121231,-0.439154,-0.0101923,0.00288462,-0.5
928,-31.7,257.638,-0.122404,0.0416667,1.91667,0.116852,1.2955,0.183812,-0.0095574,0.524226,5.85277e-05,0.0154511,0.254084,16492.9,0.498004,0.247044,-0.1,0.1,1,823.614,1.14033e+07,0.159777,0.00707848,0.156475,0.0169774,-0.0503194,0.257638,-0.121119,nan,nan,nan,nan,-0.00937347,-0.0262308,-0.0140905,nan,-0.0987556,0,-0.0485559,-0.225488,nan,-0.255237,-0.298314,-0.278806,-0.300191,0.378629,0.138809,-0.480851,-0.0124681,0.0087766,-0.5
929,-34.1083,267.075,-0.130818,0.0416667,2.16667,0.114783,1.2655,0.22739,-0.00947446,0.519433,5.85277e-05,0.00629486,0.253964,16532.6,0.501515,0.241743,-0.1,0.1,1,824.358,1.14156e+07,0.163571,0.00806159,0.164087,0.0169668,-0.0522281,0.267075,-0.115658,nan,nan,nan,nan,-0.00874788,-0.025691,-0.0130506,nan,-0.102726,0,-0.0432737,-0.236733,nan,-0.30009,-0.342923,-0.288448,-0.338717,0.389301,0.134038,-0.489811,-0.0124528,0.00613208,-0.5
930,-28.5066,214.635,-0.128557,0.0416667,2.125,0.112251,1.27526,0.199492,-0.00961184,0.512237,5.85277e-05,0.0194803,0.253788,16168.8,0.50945,0.250532,-0.1,0.1,1,825.12,1.14278e+07,0.137742,0.00612622,0.127375,0.014429,-0.0417556,0.214635,-0.104969,nan,nan,nan,nan,-0.00823273,-0.0216664,-0.0118669,nan,-0.0821204,0,-0.0387335,-0.192559,nan,-0.202298,-0.296133,-0.232707,-0.247558,0.318383,0.116308,-0.394692,-0.00988462,0.00384615,-0.5
931,-25.5309,176.744,-0.120318,0,1.625,0.114864,1.27632,0.219574,-0.0103175,0.504617,5.85277e-05,0.0158013,0.25367,16570.7,0.500251,0.241298,-0.1,0.1,1,825.863,1.14401e+07,0.113769,0.00558167,0.105478,0.0109783,-0.0343534,0.176744,-0.0849564,nan,nan,nan,nan,-0.00648567,-0.0177255,-0.00937075,nan,-0.0676748,0,-0.0309827,-0.15948,nan,-0.178105,-0.225432,-0.189966,-0.221077,0.255206,0.103385,-0.325538,-0.00841026,0.00608974,-0.5
932,-32.746,259.981,-0.130135,0.0416667,2.16667,0.117073,1.25795,0.225339,-0.0111065,0.498565,5.85277e-05,0.0125426,0.253507,12726.8,0.589074,0.376448,-0.1,0.1,1,826.83,1.14524e+07,0.16739,0.00735977,0.158716,0.0169706,-0.0505125,0.259981,-0.123296,nan,nan,nan,nan,-0.00928355,-0.0260078,-0.01376,nan,-0.0995715,-9.43396e-05,-0.0468538,-0.228265,nan,-0.263209,-0.359643,-0.279766,-0.296547,0.382057,0.137434,-0.485962,-0.0119245,0.00448113,-0.5
933,-30.376,237.016,-0.138446,0.0416667,2.625,0.115468,1.27388,0.192769,-0.0104997,0.48993,5.85277e-05,0.0103358,0.253334,11614.7,0.677104,0.380868,-0.1,0.1,1,827.889,1.14647e+07,0.15407,0.00665339,0.142714,0.0145912,-0.0464368,0.237016,-0.108747,nan,nan,nan,nan,-0.00862125,-0.0246288,-0.0122249,nan,-0.0906148,0,-0.0560975,-0.208352,nan,-0.243359,-0.293947,-0.256356,-0.265266,0.348069,0.12375,-0.44475,-0.010875,0.00761719,-0.5
934,-31.4203,246.784,-0.116736,0,1.54167,0.113613,1.29712,0.204287,-0.00975865,0.482192,5.85277e-05,0.0093952,0.253176,13159.2,0.612921,0.320872,-0.1,0.1,1,828.824,1.1477e+07,0.151255,0.00758082,0.155901,0.0155731,-0.0479364,0.246784,-0.110389,nan,nan,nan,nan,-0.00831565,-0.0234606,-0.0122931,nan,-0.0943968,-8.10811e-05,-0.0433944,-0.222733,nan,-0.274358,-0.300574,-0.264931,-0.274541,0.359427,0.125405,-0.464216,-0.0102703,0.0027027,-0.5
935,-33.1816,255.125,-0.119673,0.0833333,1.58333,0.115387,1.2854,0.188388,-0.00953113,0.475094,5.85277e-05,0.0132594,0.253038,14065.8,0.600957,0.27265,-0.1,0.1,1,829.7,1.14893e+07,0.155224,0.00705025,0.154059,0.0159168,-0.0495832,0.255125,-0.114137,nan,nan,nan,nan,-0.00879184,-0.0254367,-0.0131747,nan,-0.097919,0,-0.0462559,-0.228341,nan,-0.277032,-0.342777,-0.27683,-0.303975,0.370149,0.1271,-0.4741,-0.0116,0.00125,-0.5
936,-30.4487,239.265,-0.122953,0,2.04167,0.113436,1.23198,0.186355,-0.00812648,0.468545,5.85277e-05,0.0102454,0.252909,12915.9,0.596963,0.354426,-0.1,0.1,1,830.652,1.15016e+07,0.155591,0.00632854,0.144735,0.0142765,-0.0466123,0.239265,-0.106563,nan,nan,nan,nan,-0.00831292,-0.0216873,-0.0120165,nan,-0.0915226,-4.08163e-05,-0.0429684,-0.213435,nan,-0.270495,-0.267606,-0.258336,-0.269755,0.349829,0.121469,-0.445143,-0.00959184,-0.000765306,-0.5
937,-30.3474,242.167,-0.118745,0.0416667,1.70833,0.117429,1.26844,0.208906,-0.00879501,0.462434,5.85277e-05,0.0132337,0.252801,12711,0.650807,0.315917,-0.1,0.1,1,831.621,1.15139e+07,0.157394,0.00761835,0.147249,0.0134553,-0.0472007,0.242167,-0.10311,nan,nan,nan,nan,-0.00854059,-0.0224111,-0.0117942,nan,-0.0928933,0,-0.0474845,-0.215162,nan,-0.284888,-0.249479,-0.261867,-0.259857,0.356494,0.116571,-0.456095,-0.0103333,0.000892857,-0.5
938,-38.2677,328.619,-0.116305,0.0833333,1.66667,0.115331,1.26387,0.199675,-0.00986065,0.457064,5.85277e-05,0.0144124,0.252679,13309.8,0.614473,0.308756,-0.1,0.1,1,832.545,1.15261e+07,0.21822,0.00910008,0.20089,0.0194985,-0.0639082,0.328619,-0.147386,nan,nan,nan,nan,-0.0114147,-0.0334425,-0.0170742,nan,-0.125747,0,-0.0648267,-0.289882,nan,-0.359293,-0.422604,-0.354619,-0.371071,0.473646,0.176762,-0.612,-0.0149524,0.00416667,-0.5
939,-28.2607,212.018,-0.131985,0,2.33333,0.117063,1.25768,0.197817,-0.00957222,0.450502,5.85277e-05,0.0102227,0.252524,14116.4,0.609684,0.260794,-0.1,0.1,1,833.417,1.15384e+07,0.144859,0.00486369,0.129917,0.0125967,-0.0409078,0.212018,-0.0928179,nan,nan,nan,nan,-0.00752156,-0.0198649,-0.0104667,nan,-0.0810984,-1.78571e-05,-0.047371,-0.192624,nan,-0.240521,-0.247532,-0.229947,-0.225321,0.309141,0.106143,-0.398929,-0.00892857,0.00245536,-0.5
940,-30.9427,255.449,-0.124535,0.0416667,2,0.116468,1.26555,0.223888,-0.010226,0.443378,5.85277e-05,0.0140248,0.2524,13261,0.560506,0.366121,-0.1,0.1,1,834.345,1.15507e+07,0.168217,0.00676001,0.157008,0.0164332,-0.0492295,0.255449,-0.125157,nan,nan,nan,nan,-0.00942572,-0.0259911,-0.0139811,nan,-0.0974904,-4.08163e-05,-0.0469191,-0.226421,nan,-0.251404,-0.294021,-0.273876,-0.289592,0.375538,0.143592,-0.473714,-0.0140408,0.0109694,-0.5
941,-32.2891,246.093,-0.120506,0,1.79167,0.115408,1.25101,0.205376,-0.0101924,0.437613,5.85277e-05,0.00841228,0.252277,13035.3,0.623035,0.319634,-0.1,0.1,1,835.29,1.1563e+07,0.153511,0.0076639,0.147127,0.0154147,-0.0471051,0.246093,-0.109551,nan,nan,nan,nan,-0.00868799,-0.0224911,-0.0121508,nan,-0.093701,-4.65116e-05,-0.0474312,-0.215856,nan,-0.272385,-0.326359,-0.263878,-0.28214,0.35313,0.125116,-0.466047,-0.0110233,0.00116279,-0.5
942,-34.3724,283.909,-0.132838,0,2.29167,0.116432,1.27197,0.19294,-0.0107525,0.431503,5.85277e-05,0.0170754,0.252152,13423.8,0.598639,0.316748,-0.1,0.1,1,836.207,1.15753e+07,0.184237,0.0073497,0.174948,0.0167245,-0.0546984,0.283909,-0.122849,nan,nan,nan,nan,-0.00932207,-0.0261941,-0.0142503,nan,-0.108575,0,-0.0564144,-0.24836,nan,-0.322322,-0.319366,-0.305448,-0.322582,0.410634,0.141236,-0.529891,-0.0127636,-0.00204545,-0.5
943,-29.2491,227.686,-0.121504,0.0833333,2.04167,0.112886,1.26637,0.197379,-0.00923225,0.425856,5.85277e-05,0.012211,0.25204,13796.6,0.611644,0.27901,-0.1,0.1,1,837.099,1.15876e+07,0.139036,0.00640853,0.139797,0.0139386,-0.0435628,0.227686,-0.0979961,nan,nan,nan,nan,-0.00764314,-0.0197504,-0.0108876,nan,-0.0871159,0,-0.0453892,-0.197536,nan,-0.255497,-0.274254,-0.244639,-0.253294,0.332246,0.110353,-0.422902,-0.00941176,0.00759804,-0.5
944,-28.9618,216.731,-0.127687,0,2.16667,0.11724,1.28341,0.214965,-0.0100235,0.420597,5.85277e-05,0.0116795,0.251937,14480.6,0.55353,0.295055,-0.1,0.1,1,837.949,1.15999e+07,0.132412,0.00700921,0.13242,0.0129048,-0.041748,0.216731,-0.0922058,nan,nan,nan,nan,-0.00695753,-0.0182975,-0.0102936,nan,-0.0827233,0,-0.0385484,-0.190828,nan,-0.258731,-0.256297,-0.232205,-0.255115,0.313725,0.103385,-0.402,-0.0105385,0.0100962,-0.5
945,-31.5288,230.561,-0.116707,0,1.70833,0.116054,1.26682,0.212651,-0.0104884,0.414907,5.85277e-05,0.0154049,0.251785,12630,0.630641,0.342284,-0.1,0.1,1,838.923,1.16122e+07,0.14171,0.00677843,0.139815,0.0131378,-0.0441901,0.230561,-0.0971171,nan,nan,nan,nan,-0.00758084,-0.0199755,-0.0109879,nan,-0.087798,0,-0.0388267,-0.20284,nan,-0.27882,-0.320879,-0.247089,-0.271024,0.334693,0.107902,-0.43239,-0.00960976,0.00243902,-0.5
946,-31.188,239.389,-0.127129,0,2.25,0.114436,1.26637,0.224583,-0.00982379,0.407437,5.85277e-05,0.0138313,0.251648,13209.4,0.612378,0.317872,-0.1,0.1,1,839.855,1.16244e+07,0.148648,0.00624473,0.147474,0.0158372,-0.0461469,0.239389,-0.110387,nan,nan,nan,nan,-0.00837327,-0.022713,-0.0126978,nan,-0.0914694,-0.000203704,-0.0446264,-0.213264,nan,-0.247157,-0.329884,-0.257061,-0.274222,0.346579,0.128815,-0.451185,-0.0108148,0.00949074,-0.5
947,-29.4041,228.96,-0.124269,0,2.08333,0.110228,1.28418,0.213668,-0.0100135,0.401291,5.85277e-05,0.0139083,0.251525,13551.5,0.608604,0.298156,-0.1,0.1,1,840.764,1.16367e+07,0.154507,0.00575295,0.138541,0.0132667,-0.043622,0.22896,-0.106658,nan,nan,nan,nan,-0.00846584,-0.0222112,-0.0119668,nan,-0.0876013,0,-0.0378873,-0.201868,nan,-0.246685,-0.275156,-0.246351,-0.26874,0.33231,0.12024,-0.42376,-0.01032,0.011,-0.5
948,-29.2122,220.059,-0.125885,0.0416667,2.08333,0.114444,1.27131,0.206102,-0.00906678,0.394937,5.85277e-05,0.012636,0.251406,14765.3,0.549424,0.2828,-0.1,0.1,1,841.597,1.1649e+07,0.135679,0.00608678,0.13484,0.0137556,-0.0423236,0.220059,-0.0961353,nan,nan,nan,nan,-0.00767933,-0.0195137,-0.0108363,nan,-0.0836763,0,-0.0493245,-0.194779,nan,-0.242018,-0.298308,-0.236634,-0.226176,0.321197,0.106039,-0.414902,-0.00968627,0.00637255,-0.5
949,-36.043,320.17,-0.121031,0.0833333,1.875,0.115529,1.26313,0.210404,-0.00842268,0.388968,5.85277e-05,0.0167019,0.251273,16656.6,0.499075,0.238652,-0.1,0.1,1,842.337,1.16613e+07,0.215836,0.00972129,0.203107,0.0193337,-0.061609,0.32017,-0.146972,nan,nan,nan,nan,-0.0101332,-0.0293942,-0.016415,nan,-0.122095,0,-0.0599842,-0.27672,nan,-0.35615,-0.377414,-0.342483,-0.372319,0.472462,0.169872,-0.582723,-0.0145106,0.0109043,-0.5
950,-27.9944,209.61,-0.116302,0.0416667,1.66667,0.11329,1.26671,0.212963,-0.00998688,0.382239,5.85277e-05,0.0123255,0.251146,13743.9,0.544061,0.350007,-0.1,0.1,1,843.232,1.16736e+07,0.136509,0.00585067,0.129906,0.0137865,-0.0404595,0.20961,-0.100844,nan,nan,nan,nan,-0.00785179,-0.0196788,-0.0111247,nan,-0.0801715,0,-0.0463889,-0.187028,nan,-0.210946,-0.277574,-0.225796,-0.227561,0.305334,0.106829,-0.389854,-0.010439,0.00243902,-0.5
951,-32.7266,274.636,-0.117662,0,1.83333,0.113073,1.25269,0.219211,-0.00915857,0.376349,5.85277e-05,0.0115592,0.251019,12901.1,0.645801,0.306675,-0.1,0.1,1,844.186,1.16859e+07,0.167972,0.00729192,0.17462,0.0190336,-0.052553,0.274636,-0.132284,nan,nan,nan,nan,-0.00936638,-0.0260637,-0.0146112,nan,-0.104588,0,-0.0607297,-0.23801,nan,-0.267695,-0.354503,-0.293821,-0.288955,0.399318,0.145182,-0.515091,-0.0135,0.00710227,-0.5
952,-35.4151,303.259,-0.125928,0.0833333,2.16667,0.113708,1.25762,0.224087,-0.0104999,0.369802,5.85277e-05,0.00760084,0.25088,12996.9,0.626878,0.318579,-0.1,0.1,1,845.133,1.16982e+07,0.1989,0.00807674,0.186807,0.0162336,-0.057713,0.303259,-0.120406,nan,nan,nan,nan,-0.00939953,-0.026557,-0.0137019,nan,-0.115718,0,-0.0602048,-0.262748,nan,-0.386665,-0.332475,-0.324339,-0.331556,0.44322,0.141481,-0.563926,-0.0122593,0.00578704,-0.5
953,-37.3026,327.056,-0.124181,0.0416667,2.20833,0.115014,1.25889,0.208339,-0.0101889,0.362166,5.85277e-05,0.013873,0.250695,13631.8,0.608921,0.292502,-0.1,0.1,1,846.036,1.17105e+07,0.220593,0.0102259,0.206569,0.0169187,-0.0622507,0.327056,-0.126117,nan,nan,nan,nan,-0.00961873,-0.0265818,-0.0142764,nan,-0.124621,0,-0.070946,-0.279277,nan,-0.433356,-0.316482,-0.351307,-0.354556,0.470517,0.143778,-0.607333,-0.0131481,0.00810185,-0.5
954,-32.6571,280.845,-0.130599,0.125,2.29167,0.118772,1.26746,0.223329,-0.00965789,0.354283,5.85277e-05,0.00661127,0.250585,15908.6,0.534663,0.237749,-0.1,0.1,1,846.81,1.17228e+07,0.19613,0.00891017,0.177879,0.0176757,-0.0534966,0.280845,-0.125528,nan,nan,nan,nan,-0.0092786,-0.0260059,-0.0142802,nan,-0.106848,-3.44828e-05,-0.0596351,-0.24304,nan,-0.307152,-0.322235,-0.29989,-0.321362,0.409132,0.142897,-0.51931,-0.0132069,0.00689655,-0.5
955,-28.6441,218.353,-0.127043,0.0416667,2.08333,0.115581,1.26112,0.200512,-0.00996495,0.350038,5.85277e-05,0.0178978,0.25051,16066.8,0.494897,0.269909,-0.1,0.1,1,847.576,1.1735e+07,0.141905,0.00584411,0.135744,0.0129152,-0.0414622,0.218353,-0.0866863,nan,nan,nan,nan,-0.00704794,-0.0178826,-0.00945281,nan,-0.0832957,-3.92157e-05,-0.0461219,-0.190883,nan,-0.263245,-0.253155,-0.233992,-0.238176,0.317109,0.0939608,-0.411922,-0.0087451,0.00441176,-0.5
956,-25.637,186.936,-0.120954,0.0416667,1.91667,0.115909,1.26945,0.220132,-0.00986106,0.346395,5.85277e-05,0.0123138,0.250446,12630.9,0.611204,0.361651,-0.1,0.1,1,848.55,1.17473e+07,0.118358,0.00600543,0.113403,0.0103736,-0.0350727,0.186936,-0.0731298,nan,nan,nan,nan,-0.00601911,-0.0152143,-0.00824964,nan,-0.0709656,-2.12766e-05,-0.0341467,-0.161265,nan,-0.237165,-0.199525,-0.197624,-0.203106,0.268663,0.0820426,-0.353787,-0.00740426,0.00744681,-0.5
957,-32.5843,268.062,-0.122822,0,2,0.117186,1.2343,0.234646,-0.00987895,0.341973,5.85277e-05,0.00998103,0.250319,12835.8,0.62378,0.333545,-0.1,0.1,1,849.509,1.17596e+07,0.172724,0.00869033,0.164116,0.0185174,-0.0505089,0.268062,-0.128017,nan,nan,nan,nan,-0.0102407,-0.0274217,-0.014582,nan,-0.102046,-4.16667e-05,-0.051564,-0.230899,nan,-0.246464,-0.334956,-0.283748,-0.30625,0.386061,0.14725,-0.502333,-0.0125417,-2.1684e-19,-0.5
958,-28.4833,223.653,-0.122336,0,2.04167,0.114795,1.23724,0.198526,-0.00998695,0.33536,5.85277e-05,0.0157593,0.250187,13146.1,0.619768,0.314956,-0.1,0.1,1,850.445,1.17719e+07,0.135938,0.00592363,0.137658,0.0148392,-0.0427602,0.223653,-0.10508,nan,nan,nan,nan,-0.00823446,-0.0217589,-0.0119079,nan,-0.0850686,0,-0.0515435,-0.191852,nan,-0.218453,-0.258712,-0.238665,-0.238592,0.326124,0.118367,-0.424163,-0.00987755,0.00943878,-0.5
959,-28.2362,213.523,-0.117236,0.0416667,1.79167,0.116469,1.25084,0.221374,-0.00933007,0.329775,5.85277e-05,0.0143136,0.250092,14879,0.572343,0.253519,-0.1,0.1,1,851.272,1.17842e+07,0.132237,0.00652505,0.131082,0.013537,-0.0401354,0.213523,-0.0900841,nan,nan,nan,nan,-0.00756283,-0.0189578,-0.0101547,nan,-0.0812712,-2.27273e-05,-0.0544057,-0.1864,nan,-0.23725,-0.246898,-0.228934,-0.212455,0.306568,0.0997273,-0.408818,-0.00863636,1.57702e-19,-0.5
960,-35.8182,327.568,-0.115596,0.166667,1.66667,0.11651,1.24275,0.241331,-0.0107584,0.325776,5.85277e-05,0.0152965,0.250032,16313.2,0.513656,0.239598,-0.1,0.1,1,852.027,1.17965e+07,0.207697,0.00849792,0.20908,0.0192432,-0.0619973,0.327568,-0.14958,nan,nan,nan,nan,-0.011131,-0.0322837,-0.0172689,nan,-0.124752,0,-0.0719461,-0.282055,nan,-0.355567,-0.359427,-0.349184,-0.355432,0.480461,0.174182,-0.607091,-0.0145,0.0127841,-0.5
961,-28.6398,234.233,-0.11393,0.0833333,1.70833,0.113365,1.24113,0.223389,-0.00985489,0.322133,5.85277e-05,0.0117087,0.249927,16459.4,0.510167,0.236398,-0.1,0.1,1,852.775,1.18088e+07,0.16023,0.0059487,0.148168,0.0139657,-0.0441636,0.234233,-0.102542,nan,nan,nan,nan,-0.00776766,-0.0197495,-0.0116005,nan,-0.0889882,0,-0.0485169,-0.199927,nan,-0.269125,-0.23552,-0.250768,-0.254791,0.341565,0.115721,-0.443163,-0.00916279,0.00523256,-0.5
962,-27.1169,194.536,-0.129155,0,2.33333,0.115789,1.26401,0.212938,-0.00984234,0.315756,5.85277e-05,0.0110324,0.249771,16628.7,0.496872,0.24209,-0.1,0.1,1,853.516,1.18211e+07,0.129886,0.0064175,0.119882,0.0121022,-0.0364093,0.194536,-0.0874661,nan,nan,nan,nan,-0.00699956,-0.0175529,-0.0096861,nan,-0.0735022,0,-0.0439694,-0.172983,nan,-0.216529,-0.257278,-0.207131,-0.202714,0.284873,0.0953571,-0.370143,-0.00817857,0.00245536,-0.5
963,-28.3379,217.528,-0.125503,0,2.20833,0.115282,1.25493,0.203012,-0.0101367,0.307513,5.85277e-05,0.0151472,0.249584,13203.5,0.593221,0.337443,-0.1,0.1,1,854.448,1.18333e+07,0.143789,0.00703193,0.134663,0.0148623,-0.0404001,0.217528,-0.100404,nan,nan,nan,nan,-0.00768623,-0.0194462,-0.0110686,nan,-0.0824814,0,-0.0419738,-0.186738,nan,-0.216991,-0.27231,-0.229168,-0.250755,0.316307,0.109057,-0.402113,-0.00939623,0.00566038,-0.5
964,-29.427,231,-0.114566,0,1.70833,0.115071,1.24431,0.198617,-0.00920423,0.299464,5.85277e-05,0.0159537,0.249448,12761.5,0.648304,0.314589,-0.1,0.1,1,855.412,1.18456e+07,0.158265,0.00713709,0.145923,0.0154795,-0.0432936,0.231,-0.10518,nan,nan,nan,nan,-0.00800511,-0.0204819,-0.0115806,nan,-0.0872762,0,-0.0496912,-0.196637,nan,-0.241239,-0.297823,-0.242487,-0.250756,0.337923,0.118049,-0.428976,-0.0117073,0.0027439,-0.5
965,-26.8078,202.83,-0.118583,0.0416667,1.91667,0.116344,1.23092,0.222083,-0.0104617,0.293928,5.85277e-05,0.00934999,0.249364,13353.7,0.609772,0.310423,-0.1,0.1,1,856.334,1.18579e+07,0.126267,0.00625573,0.127132,0.0128671,-0.0378549,0.20283,-0.093566,nan,nan,nan,nan,-0.0075022,-0.0182675,-0.0105975,nan,-0.0766714,0,-0.0515235,-0.170693,nan,-0.212925,-0.238218,-0.215091,-0.206936,0.300879,0.103149,-0.385872,-0.00948936,-0.000265957,-0.5
966,-31.8637,271.4,-0.127239,0.125,2.375,0.112552,1.24671,0.242787,-0.00985182,0.290675,5.85277e-05,0.0100339,0.249305,14585.8,0.584441,0.258022,-0.1,0.1,1,857.178,1.18702e+07,0.166776,0.0088073,0.170608,0.0173539,-0.0506662,0.2714,-0.119302,nan,nan,nan,nan,-0.0090319,-0.023989,-0.0134426,nan,-0.102902,-6.66667e-05,-0.0547638,-0.231947,nan,-0.298076,-0.304293,-0.288305,-0.29375,0.395989,0.136667,-0.508333,-0.0120667,-0.000208333,-0.5
967,-32.5635,287.837,-0.119903,0.0416667,2,0.113816,1.20701,0.209149,-0.010189,0.286391,5.85277e-05,0.013644,0.24918,15203.2,0.523685,0.284567,-0.1,0.1,1,857.988,1.18825e+07,0.183092,0.00878075,0.181332,0.0192222,-0.0537679,0.287837,-0.132406,nan,nan,nan,nan,-0.0102345,-0.0271272,-0.0148253,nan,-0.1089,0,-0.0647201,-0.243143,nan,-0.288907,-0.321162,-0.305908,-0.289776,0.422506,0.153306,-0.541388,-0.0127755,0.0140306,-0.5
968,-31.6093,255.75,-0.1173,0,1.83333,0.110618,1.19665,0.222978,-0.00985774,0.280198,5.85277e-05,0.0183151,0.249063,12583,0.613816,0.362743,-0.1,0.1,1,858.966,1.18948e+07,0.1632,0.00795273,0.16156,0.0163696,-0.0480413,0.25575,-0.110034,nan,nan,nan,nan,-0.00824072,-0.0213616,-0.0122062,nan,-0.0969498,0,-0.0511614,-0.216577,nan,-0.290361,-0.30719,-0.271038,-0.278727,0.374266,0.123727,-0.477364,-0.0114091,0.00340909,-0.5
969,-34.3787,286.405,-0.115314,0.0416667,1.70833,0.113156,1.23714,0.200565,-0.0099628,0.274203,5.85277e-05,0.00872245,0.248927,13018.8,0.625947,0.317922,-0.1,0.1,1,859.911,1.19071e+07,0.175492,0.00886151,0.174599,0.0187997,-0.0534852,0.286405,-0.138295,nan,nan,nan,nan,-0.00989058,-0.0291853,-0.0153554,nan,-0.108524,0,-0.0632044,-0.244937,nan,-0.282399,-0.379208,-0.301213,-0.340214,0.425032,0.156571,-0.528381,-0.0138571,0.00446429,-0.5
970,-31.0732,248.341,-0.119093,0.0416667,1.79167,0.115932,1.23681,0.252237,-0.00918299,0.267153,5.85277e-05,0.0117252,0.248794,13101.9,0.629917,0.307965,-0.1,0.1,1,860.851,1.19194e+07,0.15967,0.00866301,0.153778,0.0146998,-0.0464964,0.248341,-0.102934,nan,nan,nan,nan,-0.00777689,-0.019928,-0.0116423,nan,-0.0937779,-2.27273e-05,-0.0631051,-0.212485,nan,-0.300744,-0.287394,-0.262411,-0.253568,0.365105,0.115091,-0.470545,-0.0103182,-0.000284091,-0.5
971,-32.0848,288.407,-0.12931,0.0833333,2.16667,0.117174,1.23209,0.257353,-0.00855619,0.261066,5.85277e-05,0.013334,0.248677,15155.6,0.577226,0.233562,-0.1,0.1,1,861.663,1.19316e+07,0.19234,0.00834144,0.18387,0.0176686,-0.0535115,0.288407,-0.126706,nan,nan,nan,nan,-0.00934462,-0.0254601,-0.0141947,nan,-0.10871,-1.85185e-05,-0.0560245,-0.24089,nan,-0.321075,-0.285238,-0.302753,-0.303722,0.427165,0.144,-0.537852,-0.0135926,0.00925926,-0.5
972,-32.043,268.689,-0.114908,0.0416667,1.83333,0.112805,1.21343,0.235272,-0.00968569,0.25533,5.85277e-05,0.00908414,0.248555,16422.5,0.50898,0.239263,-0.1,0.1,1,862.412,1.19439e+07,0.175243,0.00750124,0.168503,0.0176975,-0.0499858,0.268689,-0.11714,nan,nan,nan,nan,-0.00899165,-0.0240102,-0.013258,nan,-0.101502,0,-0.0647561,-0.231429,nan,-0.282304,-0.304232,-0.284018,-0.288533,0.393595,0.132533,-0.503644,-0.0116444,0.00166667,-0.5
973,-31.9964,268.212,-0.122894,0,2.16667,0.114456,1.23698,0.223328,-0.00996137,0.249823,5.85277e-05,0.0110258,0.248458,14748.3,0.492582,0.340597,-0.1,0.1,1,863.247,1.19562e+07,0.168013,0.00836575,0.169837,0.0180532,-0.0500044,0.268212,-0.124542,nan,nan,nan,nan,-0.00918273,-0.0252761,-0.0137911,nan,-0.101651,-1.92308e-05,-0.0500162,-0.227867,nan,-0.2735,-0.316594,-0.284149,-0.294981,0.393938,0.143308,-0.500692,-0.0125,0.00913462,-0.5
974,-32.6756,264.78,-0.123105,0,2.08333,0.119194,1.21576,0.257468,-0.0101684,0.24472,5.85277e-05,0.012813,0.248342,12485.4,0.641611,0.342576,-0.1,0.1,1,864.233,1.19685e+07,0.169852,0.00801402,0.166264,0.0169666,-0.0493184,0.26478,-0.115346,nan,nan,nan,nan,-0.008778,-0.024396,-0.0128416,nan,-0.100623,-4e-05,-0.0455891,-0.226815,nan,-0.291211,-0.361071,-0.280395,-0.29736,0.387199,0.13328,-0.49592,-0.01204,0.0055,-0.5
975,-32.8127,288.938,-0.106334,0.0833333,1.25,0.115469,1.2449,0.243453,-0.00903895,0.239705,5.85277e-05,0.0133909,0.248272,13304.8,0.599596,0.323983,-0.1,0.1,1,865.158,1.19808e+07,0.184126,0.00774286,0.181484,0.0201444,-0.05377,0.288937,-0.1389,nan,nan,nan,nan,-0.0100905,-0.0296192,-0.0157492,nan,-0.109819,0,-0.0436543,-0.244633,nan,-0.261156,-0.339444,-0.302554,-0.357094,0.420023,0.16525,-0.5405,-0.0149375,0.0117188,-0.5
976,-28.619,237.706,-0.124395,0.0833333,2.04167,0.116953,1.25581,0.22939,-0.0112673,0.235099,5.85277e-05,0.0139611,0.248137,13956.2,0.626056,0.254412,-0.1,0.1,1,866.04,1.19931e+07,0.166005,0.00804785,0.153375,0.0145803,-0.0443235,0.237706,-0.100857,nan,nan,nan,nan,-0.00761956,-0.0191303,-0.0114066,nan,-0.0899952,-5.88235e-05,-0.0491811,-0.203837,nan,-0.270406,-0.261332,-0.251268,-0.247882,0.349883,0.113333,-0.441725,-0.0103529,0.00563725,-0.5
977,-29.3974,236,-0.11577,0,1.70833,0.116183,1.22088,0.226393,-0.00968222,0.227767,5.85277e-05,0.0161537,0.247994,15582.1,0.542568,0.246029,-0.1,0.1,1,866.83,1.20054e+07,0.157048,0.00702034,0.145756,0.0155856,-0.0437477,0.236,-0.108412,nan,nan,nan,nan,-0.00889465,-0.0216843,-0.0122466,nan,-0.0889534,0,-0.0537763,-0.201614,nan,-0.235357,-0.283387,-0.248639,-0.259317,0.34562,0.121854,-0.447024,-0.0101951,0.0106707,-0.5
978,-29.2352,225.139,-0.110451,0,1.5,0.11498,1.23603,0.210274,-0.00988288,0.220592,5.85277e-05,0.0151365,0.247838,16699.4,0.490182,0.245655,-0.1,0.1,1,867.567,1.20177e+07,0.142707,0.00681649,0.139084,0.0151995,-0.0419491,0.225139,-0.107708,nan,nan,nan,nan,-0.00817265,-0.0207784,-0.0117434,nan,-0.0852019,0,-0.0432949,-0.197429,nan,-0.220831,-0.279221,-0.237828,-0.250583,0.328743,0.109556,-0.416111,-0.0112778,0.003125,-0.5
979,-35.0869,310.625,-0.117253,0.0416667,1.625,0.121334,1.23355,0.223369,-0.00987513,0.213091,5.85277e-05,0.0114696,0.247704,16335.8,0.510796,0.241415,-0.1,0.1,1,868.32,1.203e+07,0.19531,0.00983492,0.194708,0.020666,-0.0570729,0.310625,-0.140492,nan,nan,nan,nan,-0.0109127,-0.0317159,-0.0164288,nan,-0.117541,0,-0.0678435,-0.263959,nan,-0.315242,-0.367428,-0.326899,-0.33975,0.451374,0.1618,-0.578,-0.01375,0.0175,-0.5
980,-33.7358,273.615,-0.115824,0.0416667,1.58333,0.120098,1.22344,0.237187,-0.0089694,0.206642,5.85277e-05,0.0108717,0.247569,16690.9,0.490686,0.245524,-0.1,0.1,1,869.058,1.20422e+07,0.175871,0.0075837,0.169275,0.0172075,-0.0507243,0.273615,-0.125951,nan,nan,nan,nan,-0.00942681,-0.0260337,-0.013799,nan,-0.103419,-0.000128205,-0.0543346,-0.229776,nan,-0.28473,-0.385194,-0.288317,-0.307923,0.401031,0.13959,-0.512103,-0.0132821,0.00160256,-0.5
981,-37.2021,348.278,-0.112919,0.0833333,1.41667,0.120476,1.21239,0.237558,-0.00952478,0.200018,5.85277e-05,0.00929879,0.247447,16489.2,0.498744,0.24647,-0.1,0.1,1,869.805,1.20545e+07,0.231524,0.0115398,0.220778,0.0245427,-0.0642333,0.348278,-0.161419,nan,nan,nan,nan,-0.0117531,-0.0352769,-0.0182619,nan,-0.13145,0,-0.0664865,-0.291998,nan,-0.326848,-0.435055,-0.364259,-0.39,0.511159,0.190222,-0.643778,-0.0162222,0.00694444,-0.5
982,-34.9096,308.644,-0.11822,0.0416667,1.83333,0.116834,1.20911,0.228264,-0.00908362,0.193959,5.85277e-05,0.00981214,0.24732,12524.1,0.653297,0.32785,-0.1,0.1,1,870.787,1.20668e+07,0.196749,0.0100861,0.192849,0.0192855,-0.0568687,0.308644,-0.135173,nan,nan,nan,nan,-0.0101057,-0.0291806,-0.0149707,nan,-0.116694,-8.88889e-05,-0.0537816,-0.261681,nan,-0.336255,-0.327307,-0.324197,-0.358933,0.451124,0.156978,-0.570133,-0.0133778,0.00916667,-0.5
983,-32.8767,267.13,-0.122332,0,1.91667,0.122285,1.21229,0.23739,-0.0105529,0.187007,5.85277e-05,0.0151242,0.247185,13048.4,0.631684,0.310037,-0.1,0.1,1,871.73,1.20791e+07,0.163363,0.00804771,0.163829,0.0170747,-0.0494008,0.26713,-0.113183,nan,nan,nan,nan,-0.00867206,-0.0218606,-0.012345,nan,-0.100828,0,-0.0567839,-0.228891,nan,-0.310122,-0.33759,-0.281636,-0.268891,0.394463,0.121826,-0.506696,-0.0103913,0.00570652,-0.5
984,-36.1227,319.85,-0.114344,0.0416667,1.625,0.120399,1.20127,0.244097,-0.010853,0.180608,5.85277e-05,0.0147098,0.247045,13076.4,0.636875,0.302836,-0.1,0.1,1,872.671,1.20914e+07,0.203891,0.00817217,0.205883,0.0214159,-0.0593183,0.31985,-0.14638,nan,nan,nan,nan,-0.0105229,-0.0293425,-0.0160104,nan,-0.120634,0,-0.0602638,-0.271566,nan,-0.332701,-0.383537,-0.334073,-0.353775,0.472464,0.1677,-0.5986,-0.0141,0.0128125,-0.5
985,-31.1342,238.452,-0.116932,0,1.75,0.114936,1.25257,0.226698,-0.01096,0.172951,5.85277e-05,0.0078586,0.246879,13374,0.620801,0.297997,-0.1,0.1,1,873.592,1.21037e+07,0.140396,0.00845973,0.147613,0.0155719,-0.0436413,0.238452,-0.105998,nan,nan,nan,nan,-0.00800569,-0.0209517,-0.0116564,nan,-0.0898576,0,-0.0459094,-0.200905,nan,-0.251969,-0.366048,-0.250187,-0.257857,0.351139,0.124381,-0.45219,-0.0102381,0.00654762,-0.5
986,-32.87,277.553,-0.119566,0.125,1.83333,0.118985,1.24717,0.230611,-0.0103562,0.164181,5.85277e-05,0.0186454,0.246685,14058.8,0.546733,0.327311,-0.1,0.1,1,874.467,1.2116e+07,0.166806,0.00756188,0.175991,0.018215,-0.0510776,0.277553,-0.125766,nan,nan,nan,nan,-0.00925125,-0.0251035,-0.0139002,nan,-0.104721,0,-0.0521425,-0.238343,nan,-0.292285,-0.333382,-0.291384,-0.314298,0.409326,0.141872,-0.513021,-0.012766,-0.00239362,-0.5
987,-35.8894,309.357,-0.127694,0.125,2.20833,0.117497,1.20525,0.224969,-0.0101447,0.155388,5.85277e-05,0.0149408,0.246542,13404.8,0.589706,0.326983,-0.1,0.1,1,875.385,1.21283e+07,0.182521,0.00901056,0.19719,0.0218551,-0.0569814,0.309357,-0.149611,nan,nan,nan,nan,-0.0103825,-0.0291833,-0.016754,nan,-0.116702,-1.78571e-05,-0.0652587,-0.265965,nan,-0.293868,-0.432835,-0.325506,-0.33225,0.460073,0.174071,-0.575929,-0.0136071,0.00178571,-0.5
988,-31.8801,262.019,-0.124289,0.0833333,2.08333,0.117504,1.21677,0.236029,-0.00987619,0.148699,5.85277e-05,0.018889,0.246412,13573.3,0.577583,0.327721,-0.1,0.1,1,876.292,1.21405e+07,0.157178,0.00834979,0.167025,0.017389,-0.0485749,0.262019,-0.118921,nan,nan,nan,nan,-0.00861751,-0.0239329,-0.0131107,nan,-0.0990153,0,-0.0483797,-0.228744,nan,-0.277655,-0.330899,-0.275672,-0.299481,0.385494,0.136692,-0.49,-0.0118846,0.00841346,-0.5
989,-32.279,281.281,-0.12701,0.0833333,2.29167,0.11414,1.21157,0.229955,-0.00928516,0.142423,5.85277e-05,0.0107519,0.246293,13584.5,0.617169,0.287394,-0.1,0.1,1,877.198,1.21528e+07,0.187307,0.00903977,0.178103,0.0190311,-0.0513529,0.281281,-0.129098,nan,nan,nan,nan,-0.00932648,-0.0250952,-0.0140846,nan,-0.106412,0,-0.0455063,-0.235371,nan,-0.290578,-0.341073,-0.293678,-0.306105,0.415696,0.144351,-0.52414,-0.012807,0.00635965,-0.5
990,-29.3235,243.25,-0.113469,0.125,1.54167,0.115767,1.19274,0.208259,-0.00973222,0.136333,5.85277e-05,0.0098513,0.246171,16207.6,0.522812,0.235353,-0.1,0.1,1,877.958,1.21651e+07,0.1326,0.00700091,0.151734,0.0175706,-0.0438795,0.24325,-0.1189,nan,nan,nan,nan,-0.00875371,-0.0238363,-0.0131654,nan,-0.0909413,0,-0.0670277,-0.209653,nan,-0.221929,-0.307242,-0.254731,-0.236025,0.362571,0.127,-0.4596,-0.01245,-0.0003125,-0.5
991,-29.5172,239.633,-0.105302,0,1.25,0.116909,1.20873,0.214436,-0.00935422,0.130251,5.85277e-05,0.0145231,0.24604,15953.3,0.49117,0.279078,-0.1,0.1,1,878.73,1.21774e+07,0.151035,0.0068199,0.152437,0.0171664,-0.0431727,0.239633,-0.122137,nan,nan,nan,nan,-0.00870832,-0.0223908,-0.0133153,nan,-0.0897145,0,-0.0522039,-0.202666,nan,-0.216153,-0.321599,-0.250341,-0.2447,0.359151,0.140267,-0.4448,-0.0104667,0,-0.5
992,-35.1004,301.487,-0.114503,0.0416667,1.58333,0.118921,1.22448,0.231074,-0.0105541,0.123525,5.85277e-05,0.0132839,0.2459,12922.6,0.601261,0.349628,-0.1,0.1,1,879.682,1.21897e+07,0.185899,0.0106125,0.19146,0.019283,-0.0552311,0.301487,-0.134856,nan,nan,nan,nan,-0.0094198,-0.0262401,-0.0148085,nan,-0.113435,0,-0.0579863,-0.250574,nan,-0.327422,-0.410545,-0.314505,-0.321846,0.449774,0.150974,-0.558462,-0.0138974,0.000320513,-0.5
993,-31.8572,277.885,-0.102555,0.0833333,1,0.115267,1.24978,0.198074,-0.0103498,0.116229,5.85277e-05,0.00844784,0.245748,13147.7,0.613015,0.321597,-0.1,0.1,1,880.618,1.2202e+07,0.163285,0.00859504,0.179678,0.0213314,-0.0507387,0.277885,-0.145342,nan,nan,nan,nan,-0.00949553,-0.0259981,-0.0159548,nan,-0.104096,0,-0.0624498,-0.231005,nan,-0.237477,-0.366128,-0.286562,-0.296885,0.417631,0.162308,-0.518,-0.0143077,0.00240385,-0.5
994,-30.2767,251.111,-0.108393,0.0416667,1.45833,0.114365,1.24529,0.216847,-0.00921133,0.108961,5.85277e-05,0.0100653,0.245624,12707.9,0.650488,0.31647,-0.1,0.1,1,881.587,1.22143e+07,0.158306,0.00891726,0.157159,0.0176127,-0.045412,0.251111,-0.121158,nan,nan,nan,nan,-0.00876499,-0.0239687,-0.0133052,nan,-0.0941657,-2.77778e-05,-0.054245,-0.207589,nan,-0.239532,-0.326572,-0.260619,-0.275667,0.377224,0.139222,-0.470778,-0.0132222,0.00868056,-0.5
995,-35.7262,320.686,-0.108023,0.0833333,1.375,0.115458,1.21937,0.220204,-0.0100543,0.103298,5.85277e-05,0.0102534,0.245524,14199.5,0.593507,0.271877,-0.1,0.1,1,882.454,1.22266e+07,0.19792,0.00997644,0.20693,0.0207605,-0.0578848,0.320686,-0.138543,nan,nan,nan,nan,-0.00989659,-0.0275612,-0.0153226,nan,-0.120187,0,-0.066328,-0.268435,nan,-0.358698,-0.419356,-0.331082,-0.343371,0.478066,0.162171,-0.589486,-0.0129714,0.0117857,-0.5
996,-35.587,320.316,-0.111151,0.0833333,1.5,0.113961,1.21225,0.223288,-0.00975358,0.097703,5.85277e-05,0.0118894,0.245394,13369,0.56218,0.35696,-0.1,0.1,1,883.374,1.22388e+07,0.201985,0.0101853,0.204,0.0213425,-0.057855,0.320316,-0.142245,nan,nan,nan,nan,-0.0101062,-0.0279485,-0.0157857,nan,-0.120263,0,-0.0622306,-0.265195,nan,-0.345472,-0.40796,-0.334118,-0.336395,0.475137,0.161368,-0.599579,-0.0136316,0.00657895,-0.5
997,-35.1121,306.486,-0.110878,0.0416667,1.41667,0.114404,1.23419,0.235343,-0.00954613,0.0908667,5.85277e-05,0.0139212,0.245247,12675.1,0.613656,0.355806,-0.1,0.1,1,884.345,1.22511e+07,0.20508,0.00967904,0.196734,0.0223275,-0.0553793,0.306486,-0.157357,nan,nan,nan,nan,-0.0102823,-0.0293215,-0.0172004,nan,-0.114897,0,-0.0500022,-0.258324,nan,-0.286253,-0.432205,-0.31802,-0.366,0.456348,0.174171,-0.566171,-0.0168571,0.0128571,-0.5
998,-33.6205,282.6,-0.122853,0,2.08333,0.114508,1.22495,0.264138,-0.0108874,0.0843106,5.85277e-05,0.013897,0.245126,13080.9,0.646162,0.293223,-0.1,0.1,1,885.286,1.22634e+07,0.174038,0.00865864,0.177576,0.0193906,-0.0512092,0.2826,-0.133584,nan,nan,nan,nan,-0.00990684,-0.0258853,-0.0145019,nan,-0.106026,0,-0.0606657,-0.237389,nan,-0.28074,-0.370901,-0.293311,-0.29304,0.420276,0.15136,-0.53072,-0.01396,-0.0005,-0.5
999,-30.5963,243.357,-0.116524,0,1.75,0.114695,1.21909,0.219786,-0.00928573,0.079491,5.85277e-05,0.0110177,0.245053,13405.4,0.624053,0.292591,-0.1,0.1,1,886.204,1.22757e+07,0.147703,0.00781833,0.151096,0.0159905,-0.043656,0.243357,-0.111036,nan,nan,nan,nan,-0.00856628,-0.0223445,-0.0119173,nan,-0.0912896,0,-0.0564853,-0.209093,nan,-0.255962,-0.294566,-0.254313,-0.261214,0.359269,0.123333,-0.456381,-0.0109524,0.00238095,-0.5
1000,-33.0201,281.143,-0.108063,0.0833333,1.375,0.113295,1.20245,0.219199,-0.00964984,0.0752545,5.85277e-05,0.0144215,0.244956,14443.2,0.55745,0.293332,-0.1,0.1,1,887.056,1.2288e+07,0.179536,0.00912563,0.181094,0.0174038,-0.0508043,0.281143,-0.115423,nan,nan,nan,nan,-0.00861418,-0.0214553,-0.0126313,nan,-0.105504,0,-0.0574002,-0.236583,nan,-0.334169,-0.385494,-0.292715,-0.288686,0.420117,0.125029,-0.5256,-0.012,0.01,-0.5
1001,-37.9496,328.875,-0.107542,0.0416667,1.29167,0.11482,1.21744,0.20001,-0.00858316,0.0690068,5.85277e-05,0.0125798,0.244802,16412.1,0.50114,0.247577,-0.1,0.15,1,889.55,1.23003e+07,0.177541,0.0113766,0.208219,0.0241079,-0.0591776,0.328875,-0.164147,nan,nan,nan,nan,-0.0116207,-0.0319756,-0.0179203,nan,-0.12303,0,-0.0726669,-0.273841,nan,-0.289527,-0.478352,-0.340149,-0.3645,0.491964,0.1835,-0.604125,-0.01625,0.00859375,-0.5
1002,-33.1584,279.235,-0.108007,0.0416667,1.375,0.113652,1.21888,0.234083,-0.00998987,0.0622529,5.85277e-05,0.0156081,0.244709,16144.6,0.515061,0.246059,-0.1,0.15,1,890.313,1.23126e+07,0.183038,0.00814765,0.177716,0.0133629,-0.0500912,0.279235,-0.0892235,nan,nan,nan,nan,-0.00669241,-0.017356,-0.00979004,nan,-0.104507,0,-0.0595241,-0.240087,nan,-0.420878,-0.306858,-0.290831,-0.279088,0.411627,0.100353,-0.525412,-0.00894118,1.02043e-19,-0.5
1003,-33.1772,310.545,-0.116612,0.0833333,1.75,0.11261,1.2265,0.247257,-0.0089348,0.0574362,5.85277e-05,0.00574388,0.24458,16456.5,0.504259,0.242436,-0.1,0.15,1,891.061,1.23249e+07,0.199628,0.00939241,0.204057,0.0222455,-0.0555208,0.310545,-0.149298,nan,nan,nan,nan,-0.0103993,-0.0281234,-0.0168515,nan,-0.116087,-2.27273e-05,-0.0646629,-0.258681,nan,-0.295125,-0.361662,-0.321367,-0.333955,0.463044,0.170909,-0.576636,-0.0152727,0.009375,-0.5
1004,-29.3174,254.2,-0.105488,0,1.25,0.114135,1.19546,0.204913,-0.00964137,0.0509882,5.85277e-05,0.0101928,0.244472,16418.6,0.502102,0.246318,-0.1,0.15,1,891.811,1.23372e+07,0.175113,0.00711286,0.163781,0.0168255,-0.0451279,0.2542,-0.11273,nan,nan,nan,nan,-0.00807669,-0.0216639,-0.0123668,nan,-0.0946929,0,-0.062101,-0.215914,nan,-0.271249,-0.25039,-0.262178,-0.2413,0.376291,0.120533,-0.474933,-0.0116,-0.00375,-0.5
1005,-33.4114,312.152,-0.115664,0.208333,1.70833,0.115351,1.2006,0.234576,-0.00977448,0.0456585,5.85277e-05,0.0158483,0.244363,16020.3,0.517664,0.249362,-0.1,0.15,1,892.579,1.23494e+07,0.206609,0.00957469,0.200944,0.0219046,-0.0558527,0.312152,-0.148861,nan,nan,nan,nan,-0.0104407,-0.0281462,-0.0163499,nan,-0.116587,0,-0.0604761,-0.26046,nan,-0.303012,-0.359544,-0.322268,-0.349043,0.466578,0.165391,-0.576,-0.015913,0.00706522,-0.5
1006,-35.1367,300.312,-0.10694,0.0416667,1.29167,0.114256,1.19158,0.227069,-0.010284,0.0401377,5.85277e-05,0.00864124,0.244264,16309.8,0.509038,0.244373,-0.1,0.15,1,893.334,1.23617e+07,0.182672,0.00953904,0.191357,0.0227207,-0.0533386,0.300312,-0.155456,nan,nan,nan,nan,-0.0106103,-0.029241,-0.0166009,nan,-0.112104,0,-0.0761405,-0.25374,nan,-0.25998,-0.447454,-0.309273,-0.317625,0.449659,0.174625,-0.56625,-0.0169375,0.00742187,-0.5
1007,-37.1072,337.432,-0.110335,0.0833333,1.45833,0.113318,1.18977,0.234705,-0.00960501,0.035215,5.85277e-05,0.0116477,0.244162,16046.5,0.504044,0.261729,-0.1,0.15,1,894.101,1.2374e+07,0.21777,0.0103468,0.217126,0.0227671,-0.0603549,0.337432,-0.164203,nan,nan,nan,nan,-0.0110613,-0.0309111,-0.0179046,nan,-0.126183,-0.000432432,-0.0726904,-0.288273,nan,-0.329318,-0.429206,-0.349718,-0.366162,0.506183,0.190378,-0.627351,-0.0167027,0.00608108,-0.5
1008,-39.2887,351.244,-0.118687,0,1.70833,0.118971,1.21295,0.240994,-0.00814743,0.0303508,5.85277e-05,0.00951553,0.244079,15370.9,0.517408,0.282023,-0.1,0.15,1,894.902,1.23863e+07,0.226357,0.0106999,0.226041,0.0283455,-0.0624649,0.351244,-0.185324,nan,nan,nan,nan,-0.0120755,-0.0351121,-0.0201819,nan,-0.131334,-4.87805e-05,-0.0599525,-0.288896,nan,-0.277185,-0.543095,-0.359818,-0.419268,0.524327,0.211902,-0.636585,-0.0214634,0.00945122,-0.5
1009,-38.8758,336.976,-0.113646,0.0833333,1.625,0.115238,1.21349,0.223771,-0.0104594,0.0258767,5.85277e-05,0.0113029,0.243978,16119.6,0.510398,0.251906,-0.1,0.15,1,895.666,1.23986e+07,0.201909,0.0104676,0.214961,0.0237521,-0.0599936,0.336976,-0.172054,nan,nan,nan,nan,-0.0112873,-0.0316589,-0.0179919,nan,-0.125971,0,-0.0673024,-0.283251,nan,-0.315555,-0.526002,-0.347006,-0.403683,0.507667,0.19161,-0.611805,-0.0170732,0.00945122,-0.5
1010,-34.176,297.647,-0.106673,0.0416667,1.375,0.117615,1.2081,0.23604,-0.0100159,0.0203717,5.85277e-05,0.0122165,0.243867,15996.9,0.521946,0.246204,-0.1,0.15,1,896.435,1.24109e+07,0.189072,0.00892345,0.187853,0.0220682,-0.0527366,0.297647,-0.152191,nan,nan,nan,nan,-0.0106796,-0.0297153,-0.0165747,nan,-0.111244,0,-0.0603239,-0.24558,nan,-0.261879,-0.414306,-0.306753,-0.325765,0.443075,0.172941,-0.548,-0.0141176,0.00477941,-0.5
1011,-35.3998,312.359,-0.113208,0,1.625,0.116881,1.18587,0.221075,-0.00894162,0.0152068,5.85277e-05,0.0146038,0.243779,16268.5,0.508231,0.247092,-0.1,0.15,1,897.192,1.24232e+07,0.197179,0.0103546,0.200455,0.0185998,-0.0549553,0.312359,-0.130685,nan,nan,nan,nan,-0.00916578,-0.0258041,-0.0142237,nan,-0.116648,0,-0.0551846,-0.261869,nan,-0.37264,-0.384781,-0.321,-0.353,0.469749,0.149436,-0.569744,-0.0135897,0.0157051,-0.5
1012,-34.7697,316.444,-0.111783,0.0416667,1.45833,0.115616,1.19093,0.208032,-0.0102954,0.0101691,5.85277e-05,0.0153014,0.243645,15993.9,0.513427,0.254866,-0.1,0.15,1,897.961,1.24355e+07,0.202644,0.009796,0.19893,0.0207625,-0.0558008,0.316444,-0.1489,nan,nan,nan,nan,-0.0105054,-0.0291793,-0.0159138,nan,-0.117835,0,-0.0629534,-0.266766,nan,-0.324861,-0.381108,-0.323471,-0.341833,0.477034,0.169111,-0.584,-0.0141667,0.00902778,-0.5
1013,-39.8136,382.512,-0.115559,0.125,1.66667,0.117322,1.19858,0.221321,-0.0092034,0.00273778,5.85277e-05,0.0178987,0.243503,16056.3,0.520956,0.244349,-0.1,0.15,1,898.728,1.24477e+07,0.246721,0.0114646,0.251416,0.0257159,-0.067572,0.382512,-0.177612,nan,nan,nan,nan,-0.0118792,-0.0337103,-0.0190402,nan,-0.142565,-4.65116e-05,-0.0805145,-0.324253,nan,-0.39648,-0.453947,-0.394548,-0.411279,0.577679,0.202512,-0.702791,-0.0166512,0.00930233,-0.5
1014,-30.8526,235.675,-0.116284,0,1.66667,0.116556,1.20254,0.2114,-0.0105637,-0.00481292,5.85277e-05,0.0105966,0.243333,16291.1,0.511911,0.242367,-0.1,0.15,1,899.484,1.246e+07,0.145976,0.00747266,0.148995,0.0144497,-0.0414666,0.235675,-0.0998,nan,nan,nan,nan,-0.00725643,-0.018898,-0.0103911,nan,-0.0873614,-2.5e-05,-0.0567491,-0.201769,nan,-0.283795,-0.349105,-0.24173,-0.2571,0.356945,0.1098,-0.4403,-0.01015,0.0003125,-0.5
1015,-39.5016,374.159,-0.114461,0.208333,1.625,0.111717,1.21093,0.201099,-0.00973233,-0.0135475,5.85277e-05,0.0113471,0.243154,16158.9,0.512172,0.248274,-0.1,0.15,1,900.246,1.24723e+07,0.244426,0.0104115,0.247033,0.023556,-0.0656634,0.374159,-0.167468,nan,nan,nan,nan,-0.0109122,-0.0297431,-0.018226,nan,-0.139004,-2.27273e-05,-0.0796262,-0.314448,nan,-0.420257,-0.472421,-0.382842,-0.398795,0.566177,0.185364,-0.689364,-0.0171818,0.0122159,-0.5
1016,-38.1024,340.821,-0.110552,0.0833333,1.54167,0.115309,1.20341,0.234758,-0.0088485,-0.0225273,5.85277e-05,0.0115461,0.242991,16434.5,0.501149,0.246546,-0.1,0.15,1,900.995,1.24846e+07,0.211661,0.0104366,0.217768,0.0242343,-0.059599,0.340821,-0.163485,nan,nan,nan,nan,-0.0113631,-0.0315938,-0.0180428,nan,-0.126787,-5.12821e-05,-0.0812979,-0.28267,nan,-0.327416,-0.534005,-0.348238,-0.364154,0.516061,0.189026,-0.622256,-0.0169744,0.00608974,-0.5
1017,-37.6309,348.27,-0.107005,0.166667,1.375,0.111522,1.20235,0.19186,-0.00938275,-0.0304556,5.85277e-05,0.00909918,0.242838,16333.3,0.511551,0.240775,-0.1,0.15,1,901.748,1.24969e+07,0.229204,0.0115656,0.224176,0.0240915,-0.0612592,0.34827,-0.158527,nan,nan,nan,nan,-0.0109562,-0.0307161,-0.0172949,nan,-0.129736,-0.000108108,-0.0771162,-0.292013,nan,-0.352879,-0.505637,-0.358353,-0.380351,0.524609,0.180649,-0.642378,-0.0167027,0.0148649,-0.5
1018,-35.4009,316.146,-0.112394,0.0833333,1.625,0.114883,1.22444,0.232303,-0.00971746,-0.0382007,5.85277e-05,0.0121168,0.24269,16571.5,0.497638,0.243877,-0.1,0.15,1,902.491,1.25092e+07,0.197903,0.00937008,0.20724,0.0197192,-0.0553703,0.316146,-0.135398,nan,nan,nan,nan,-0.00908781,-0.0241648,-0.0142882,nan,-0.116943,-4.87805e-05,-0.0626261,-0.270203,nan,-0.369968,-0.378145,-0.321883,-0.343098,0.477302,0.156683,-0.579707,-0.0132683,-0.00304878,-0.5
1019,-35.2348,305.289,-0.117214,0.0416667,1.83333,0.111606,1.21127,0.196498,-0.0106712,-0.0458818,5.85277e-05,0.0106635,0.24253,16528.3,0.494555,0.248897,-0.1,0.15,1,903.236,1.25215e+07,0.200774,0.0105849,0.193841,0.0207923,-0.0533756,0.305289,-0.143622,nan,nan,nan,nan,-0.0101647,-0.0287722,-0.0156166,nan,-0.113268,0,-0.0719332,-0.259053,nan,-0.31391,-0.42542,-0.311799,-0.334667,0.457463,0.161333,-0.569156,-0.0149778,0.0144444,-0.5
1020,-32.7978,293.205,-0.108921,0.125,1.5,0.113337,1.19269,0.251792,-0.00983928,-0.0537602,5.85277e-05,0.0151225,0.242396,15528.5,0.539198,0.252119,-0.1,0.15,1,904.029,1.25338e+07,0.194617,0.00968304,0.18943,0.0222582,-0.0510459,0.293205,-0.145854,nan,nan,nan,nan,-0.0100848,-0.0263234,-0.0159305,nan,-0.108888,0,-0.0750257,-0.242344,nan,-0.259483,-0.417889,-0.2986,-0.312923,0.444616,0.165846,-0.542564,-0.0152308,0.0134615,-0.5
1021,-35.8198,331.029,-0.108179,0.0833333,1.375,0.113927,1.20009,0.230209,-0.00954837,-0.0601542,5.85277e-05,0.0108968,0.242263,16262,0.503236,0.252389,-0.1,0.15,1,904.786,1.2546e+07,0.210911,0.010844,0.217031,0.0203295,-0.0574781,0.331029,-0.146166,nan,nan,nan,nan,-0.00923767,-0.0263244,-0.0149292,nan,-0.122465,0,-0.0689254,-0.274304,nan,-0.391111,-0.394828,-0.33442,-0.365486,0.50125,0.164229,-0.590629,-0.0139429,0.0125,-0.5
1022,-38.5849,367.767,-0.102361,0.166667,1.08333,0.11469,1.18401,0.205449,-0.00932261,-0.0665404,5.85277e-05,0.0139464,0.242139,16280.8,0.507379,0.247374,-0.1,0.15,1,905.542,1.25583e+07,0.240236,0.0120118,0.243179,0.0234806,-0.0638073,0.367767,-0.15674,nan,nan,nan,nan,-0.0103124,-0.0283478,-0.0168922,nan,-0.136585,-0.0001,-0.0713044,-0.307474,nan,-0.423042,-0.444608,-0.375769,-0.4061,0.558777,0.176933,-0.670933,-0.0158667,0.00958333,-0.5
1023,-33.8692,292.625,-0.106902,0.125,1.20833,0.112783,1.18789,0.226081,-0.00914761,-0.0726337,5.85277e-05,0.00975515,0.242022,16352.3,0.504441,0.247011,-0.1,0.15,1,906.295,1.25706e+07,0.178082,0.00978301,0.18462,0.0196396,-0.0506351,0.292625,-0.124603,nan,nan,nan,nan,-0.00877782,-0.0227234,-0.0134132,nan,-0.107885,0,-0.0752396,-0.245334,nan,-0.328702,-0.389209,-0.298492,-0.291,0.443542,0.1315,-0.551375,-0.0139375,-0.003125,-0.5
1024,-33.618,282.657,-0.109592,0.0416667,1.41667,0.112404,1.21521,0.203978,-0.01126,-0.0786579,5.85277e-05,0.0130739,0.241897,16459.6,0.498964,0.24759,-0.1,0.15,1,907.043,1.25829e+07,0.165707,0.00986953,0.179336,0.0191476,-0.049078,0.282657,-0.124289,nan,nan,nan,nan,-0.00931219,-0.0241143,-0.0134926,nan,-0.105388,0,-0.0534628,-0.240899,nan,-0.293155,-0.386699,-0.288247,-0.317657,0.422311,0.146743,-0.525943,-0.0141714,0.00285714,-0.5
1025,-39.3862,361.895,-0.106204,0.0833333,1.5,0.112665,1.2427,0.225758,-0.00940259,-0.0844538,5.85277e-05,0.0111289,0.241787,15256.5,0.511133,0.294293,-0.1,0.15,1,907.849,1.25952e+07,0.240551,0.0109408,0.237016,0.0233492,-0.0630438,0.361895,-0.160571,nan,nan,nan,nan,-0.0104152,-0.0291288,-0.0170941,nan,-0.134454,-2.63158e-05,-0.0778891,-0.305471,nan,-0.406374,-0.467964,-0.371572,-0.384237,0.549691,0.180737,-0.669474,-0.0173684,0.00296053,-0.5
1026,-34.2433,328.576,-0.104107,0.125,1.25,0.113682,1.19999,0.207773,-0.0107173,-0.0902386,5.85277e-05,0.014029,0.241679,15285.3,0.516861,0.28705,-0.1,0.15,1,908.655,1.26075e+07,0.221236,0.0108042,0.214285,0.0216493,-0.0570458,0.328576,-0.144791,nan,nan,nan,nan,-0.00934584,-0.0258182,-0.0154551,nan,-0.121345,0,-0.0789889,-0.276638,nan,-0.367897,-0.363677,-0.335052,-0.32,0.499784,0.160606,-0.608848,-0.0132121,0.00151515,-0.5
1027,-43.3094,416.333,-0.10076,0.0833333,1.04167,0.115255,1.19321,0.209919,-0.0106212,-0.0958518,5.85277e-05,0.0125085,0.241545,15937.2,0.530694,0.240331,-0.1,0.15,1,909.427,1.26198e+07,0.258962,0.0127199,0.269722,0.0296148,-0.0722131,0.416333,-0.204733,nan,nan,nan,nan,-0.0132786,-0.0406043,-0.0215541,nan,-0.154873,0,-0.0834148,-0.342829,nan,-0.397861,-0.566891,-0.422913,-0.478444,0.622475,0.236,-0.761333,-0.0227407,0.0143519,-0.5
1028,-39.0358,352.244,-0.111657,0.0416667,1.66667,0.112455,1.18453,0.230939,-0.00967836,-0.103728,5.85277e-05,0.0105446,0.241372,15550.6,0.548781,0.241413,-0.1,0.15,1,910.218,1.26321e+07,0.215912,0.0125082,0.231114,0.0234826,-0.0608422,0.352244,-0.155161,nan,nan,nan,nan,-0.0104818,-0.0290996,-0.0164302,nan,-0.130539,-2.43902e-05,-0.0683192,-0.289337,nan,-0.385254,-0.490541,-0.35653,-0.386341,0.527371,0.175902,-0.649366,-0.0174634,0.00731707,-0.5
1029,-39.7897,401.828,-0.0999657,0.125,1.08333,0.111441,1.20147,0.241936,-0.0107432,-0.112222,5.85277e-05,0.0121377,0.241224,16219.3,0.515509,0.242105,-0.1,0.15,1,910.977,1.26444e+07,0.268523,0.011415,0.262528,0.0261159,-0.0692249,0.401828,-0.186428,nan,nan,nan,nan,-0.0123814,-0.0366256,-0.0200177,nan,-0.148808,0,-0.07633,-0.335549,nan,-0.415317,-0.426947,-0.408554,-0.457345,0.60601,0.219172,-0.741517,-0.0198621,0.0181034,-0.5
1030,-31.4008,279.341,-0.109397,0.0833333,1.625,0.115642,1.22242,0.26076,-0.0101941,-0.119056,5.85277e-05,0.0120432,0.2411,16155.3,0.50218,0.258435,-0.1,0.15,1,911.739,1.26566e+07,0.178212,0.00845122,0.179273,0.0189394,-0.0479536,0.279341,-0.128871,nan,nan,nan,nan,-0.00897386,-0.0248837,-0.0135003,nan,-0.103638,-4.87805e-05,-0.0530487,-0.233897,nan,-0.2909,-0.327125,-0.284416,-0.326195,0.422463,0.147415,-0.510634,-0.0133171,0.014939,-0.5
1031,-41.0551,384.676,-0.108255,0.0833333,1.45833,0.117339,1.20675,0.245673,-0.00975657,-0.125612,5.85277e-05,0.013765,0.240959,12134.7,0.653837,0.358796,-0.1,0.15,1,912.753,1.26689e+07,0.26379,0.0132807,0.251378,0.0223326,-0.0658089,0.384676,-0.1572,nan,nan,nan,nan,-0.0104401,-0.0300867,-0.0167022,nan,-0.142476,0,-0.0686451,-0.320932,nan,-0.475816,-0.459732,-0.389689,-0.441405,0.57527,0.178703,-0.692649,-0.0181622,0.00810811,-0.5
1032,-35.9978,334.676,-0.106275,0.0833333,1.33333,0.118118,1.20651,0.218558,-0.00978282,-0.132957,5.85277e-05,0.00632102,0.240817,12934.3,0.634418,0.315616,-0.1,0.15,1,913.705,1.26812e+07,0.227619,0.00968261,0.21607,0.0198317,-0.0572772,0.334676,-0.137797,nan,nan,nan,nan,-0.00981863,-0.0272659,-0.0146962,nan,-0.124116,0,-0.0692441,-0.280201,nan,-0.401519,-0.366827,-0.33971,-0.366,0.501369,0.155529,-0.608,-0.016,0.0136029,-0.5
1033,-43.7751,416.355,-0.101744,0.125,1.16667,0.114769,1.21325,0.2012,-0.0106435,-0.139877,5.85277e-05,0.0139969,0.240715,13614.4,0.596393,0.306182,-0.1,0.15,1,914.609,1.26935e+07,0.260369,0.0140002,0.271167,0.0286796,-0.0716276,0.416355,-0.188687,nan,nan,nan,nan,-0.0124488,-0.0354549,-0.0200324,nan,-0.154065,0,-0.085805,-0.344491,nan,-0.441431,-0.612787,-0.42354,-0.421161,0.627376,0.212903,-0.763355,-0.020129,0.00725806,-0.5
1034,-35.762,317.314,-0.108904,0.0416667,1.41667,0.114873,1.19523,0.224794,-0.0103429,-0.145712,5.85277e-05,0.0112412,0.24058,14304.8,0.553035,0.305977,-0.1,0.15,1,915.47,1.27058e+07,0.202457,0.00948261,0.203593,0.0232799,-0.0543799,0.317314,-0.145494,nan,nan,nan,nan,-0.00978199,-0.028682,-0.0155327,nan,-0.11847,-0.000228571,-0.0532763,-0.266815,nan,-0.320794,-0.464004,-0.320899,-0.375686,0.474344,0.160571,-0.5744,-0.0162286,0.0182143,-0.5
1035,-37.6307,345.824,-0.10775,0.0416667,1.375,0.113348,1.18788,0.245072,-0.0101021,-0.1528,5.85277e-05,0.010705,0.24046,13269.8,0.602873,0.323136,-0.1,0.15,1,916.397,1.27181e+07,0.2349,0.0103348,0.225679,0.0215392,-0.059321,0.345824,-0.137747,nan,nan,nan,nan,-0.00974625,-0.0256167,-0.0144955,nan,-0.127774,0,-0.0678662,-0.28942,nan,-0.414399,-0.403519,-0.350156,-0.366618,0.519263,0.153176,-0.646353,-0.0158235,-0.00183824,-0.5
1036,-35.5588,313.2,-0.103325,0.0833333,1.16667,0.114153,1.17369,0.210841,-0.00946578,-0.157826,5.85277e-05,0.0144395,0.240398,12874.7,0.641228,0.313201,-0.1,0.15,1,917.353,1.27304e+07,0.206016,0.00998227,0.202543,0.0213077,-0.0528287,0.3132,-0.13735,nan,nan,nan,nan,-0.00958587,-0.0268813,-0.0148508,nan,-0.115469,0,-0.0698636,-0.260437,nan,-0.334783,-0.460412,-0.316991,-0.3193,0.468233,0.1576,-0.574,-0.014,0.00125,-0.5
1037,-40.6003,407.778,-0.100719,0.0416667,1.08333,0.115037,1.18681,0.21264,-0.0100922,-0.161514,5.85277e-05,0.0059189,0.240295,13140.5,0.588258,0.346863,-0.1,0.15,1,918.29,1.27427e+07,0.277991,0.0144645,0.270199,0.0256059,-0.069797,0.407778,-0.172007,nan,nan,nan,nan,-0.0106601,-0.0318927,-0.0177158,nan,-0.15023,0,-0.0790223,-0.337304,nan,-0.485198,-0.467434,-0.409305,-0.435,0.61384,0.195704,-0.744593,-0.0164444,0.00324074,-0.5
1038,-37.2022,347.633,-0.104065,0.0416667,1.20833,0.116471,1.19661,0.212425,-0.00953591,-0.167002,5.85277e-05,0.00922427,0.240199,13607,0.588479,0.314587,-0.1,0.15,1,919.194,1.27549e+07,0.220085,0.0103251,0.22428,0.0228175,-0.059217,0.347633,-0.148323,nan,nan,nan,nan,-0.0104114,-0.0277669,-0.0160457,nan,-0.128842,-3.33333e-05,-0.0811132,-0.297151,nan,-0.384342,-0.390835,-0.353747,-0.3575,0.527483,0.1664,-0.6488,-0.0138667,0.00916667,-0.5
1039,-34.9683,323.907,-0.112515,0.0416667,1.75,0.115532,1.17459,0.250849,-0.00877328,-0.171614,5.85277e-05,0.0100541,0.240105,13529.2,0.596249,0.312009,-0.1,0.15,1,920.104,1.27672e+07,0.215732,0.0103486,0.21394,0.022625,-0.0544307,0.323907,-0.151202,nan,nan,nan,nan,-0.009694,-0.0258879,-0.0158816,nan,-0.119422,0,-0.0570378,-0.26898,nan,-0.333373,-0.419167,-0.325308,-0.355814,0.489789,0.170791,-0.586791,-0.0160465,0.00261628,-0.5
1040,-39.134,358.733,-0.103189,0.0416667,1.20833,0.113267,1.19692,0.234505,-0.00965548,-0.177821,5.85277e-05,0.0180016,0.239963,12827.3,0.632796,0.325161,-0.1,0.15,1,921.063,1.27795e+07,0.229101,0.00998446,0.236329,0.0272069,-0.0607004,0.358733,-0.174227,nan,nan,nan,nan,-0.0114316,-0.0326749,-0.0189379,nan,-0.132264,0,-0.0749405,-0.302928,nan,-0.325956,-0.517043,-0.35997,-0.4109,0.543615,0.200267,-0.6536,-0.0186,-0.00166667,-0.5
1041,-41.8237,420.289,-0.111775,0.0833333,1.5,0.118751,1.20809,0.24661,-0.00938382,-0.184954,5.85277e-05,0.0154143,0.239833,13483.3,0.624976,0.286374,-0.1,0.15,1,921.976,1.27918e+07,0.267906,0.0140746,0.281567,0.0305655,-0.0713064,0.420289,-0.200861,nan,nan,nan,nan,-0.012278,-0.035154,-0.0209161,nan,-0.155107,-5.26316e-05,-0.0842996,-0.352643,nan,-0.418073,-0.488866,-0.424308,-0.4515,0.637565,0.218316,-0.756421,-0.0225789,0.00657895,-0.5
1042,-32.0541,278.071,-0.102079,0,1.16667,0.11421,1.19974,0.247292,-0.00937406,-0.191008,5.85277e-05,0.00985517,0.239728,15068.1,0.544011,0.271484,-0.1,0.15,1,922.793,1.28041e+07,0.171722,0.00993388,0.178696,0.0209041,-0.046664,0.278071,-0.130021,nan,nan,nan,nan,-0.0090258,-0.0240385,-0.0132294,nan,-0.102349,0,-0.0546791,-0.228937,nan,-0.270835,-0.386004,-0.28064,-0.302357,0.415784,0.151571,-0.516143,-0.0138571,0.00803571,-0.5
1043,-44.1035,448.069,-0.0977701,0.125,1.08333,0.113501,1.21709,0.243675,-0.00946202,-0.196338,5.85277e-05,0.00752763,0.239617,12593.1,0.603828,0.371946,-0.1,0.15,1,923.77,1.28164e+07,0.293171,0.0139597,0.297397,0.027902,-0.0760048,0.448069,-0.187997,nan,nan,nan,nan,-0.0118256,-0.0324809,-0.0189556,nan,-0.165623,0,-0.0797001,-0.368003,nan,-0.535906,-0.46259,-0.452137,-0.499345,0.678445,0.207172,-0.817517,-0.0209655,0.00603448,-0.5
1044,-34.3474,313.935,-0.103592,0,1.29167,0.114328,1.21282,0.221896,-0.0101435,-0.202057,5.85277e-05,0.012181,0.239514,12821.5,0.613464,0.344924,-0.1,0.15,1,924.73,1.28287e+07,0.204191,0.00954573,0.203358,0.0223806,-0.0532205,0.313935,-0.153035,nan,nan,nan,nan,-0.0102751,-0.027269,-0.0159719,nan,-0.11583,0,-0.0549285,-0.265936,nan,-0.304411,-0.38377,-0.31616,-0.356516,0.477137,0.179871,-0.565677,-0.0156774,0.0108871,-0.5
1045,-36.0552,327.613,-0.103529,0.0416667,1.25,0.118021,1.19066,0.218322,-0.010668,-0.207589,5.85277e-05,0.0183678,0.239398,13688.6,0.590379,0.307304,-0.1,0.15,1,925.629,1.2841e+07,0.207387,0.00979731,0.213305,0.0208302,-0.0549109,0.327613,-0.129013,nan,nan,nan,nan,-0.00890197,-0.0246977,-0.014044,nan,-0.120451,0,-0.0751961,-0.269523,nan,-0.398303,-0.415075,-0.329341,-0.337839,0.493443,0.137161,-0.603613,-0.0140645,-0.000403226,-0.5
1046,-31.3712,245.541,-0.108118,0,1.54167,0.114854,1.19073,0.218396,-0.0108687,-0.214043,5.85277e-05,0.0108981,0.23927,14891.2,0.544194,0.280991,-0.1,0.15,1,926.456,1.28532e+07,0.150803,0.00724867,0.154092,0.0161213,-0.041075,0.245541,-0.109465,nan,nan,nan,nan,-0.00796795,-0.0204969,-0.011332,nan,-0.090531,0,-0.0550266,-0.207306,nan,-0.272044,-0.345164,-0.249828,-0.267486,0.370985,0.118486,-0.458595,-0.0111351,-0.00304054,-0.5
1047,-36.9043,345.526,-0.109303,0.0416667,1.54167,0.116238,1.18752,0.234025,-0.00988427,-0.220585,5.85277e-05,0.0130332,0.239146,16464.6,0.505867,0.240461,-0.1,0.15,1,927.204,1.28655e+07,0.223192,0.0117047,0.224366,0.023179,-0.0583631,0.345526,-0.1447,nan,nan,nan,nan,-0.00990943,-0.0261576,-0.0152784,nan,-0.127187,0,-0.0753321,-0.287473,nan,-0.388195,-0.417334,-0.348853,-0.364184,0.528067,0.158,-0.625895,-0.0150526,0.00953947,-0.5
1048,-34.1055,295.379,-0.0991987,0.0833333,1.125,0.112831,1.18506,0.236683,-0.0101053,-0.226691,5.85277e-05,0.0114893,0.239034,13761.1,0.551493,0.341461,-0.1,0.15,1,928.098,1.28778e+07,0.180752,0.0101554,0.191067,0.018828,-0.0496431,0.295379,-0.129376,nan,nan,nan,nan,-0.00840365,-0.0227135,-0.0128587,nan,-0.108882,0,-0.0516917,-0.244195,nan,-0.336435,-0.388115,-0.296569,-0.342414,0.446959,0.148552,-0.533517,-0.0131034,0.00646552,-0.5
1049,-43.2371,425.31,-0.100998,0.0833333,1.125,0.112224,1.18313,0.234377,-0.0100549,-0.232621,5.85277e-05,0.0136484,0.238908,12601.8,0.647804,0.327295,-0.1,0.15,1,929.075,1.28901e+07,0.270048,0.0142382,0.281654,0.0265187,-0.0712825,0.42531,-0.169738,nan,nan,nan,nan,-0.011361,-0.030675,-0.0179329,nan,-0.156046,0,-0.0815573,-0.354079,nan,-0.519509,-0.480161,-0.428526,-0.460759,0.641412,0.190483,-0.773103,-0.0190345,0.0112069,-0.5
1050,-46.1302,455.071,-0.0981686,0.125,1.04167,0.114747,1.20473,0.261137,-0.0102078,-0.23938,5.85277e-05,0.0142036,0.238775,13021.3,0.632064,0.311624,-0.1,0.15,1,930.02,1.29024e+07,0.287952,0.0142701,0.297637,0.032056,-0.0764685,0.455071,-0.215446,nan,nan,nan,nan,-0.0130031,-0.0377288,-0.022161,nan,-0.167486,0,-0.0686499,-0.376308,nan,-0.474563,-0.64507,-0.458124,-0.535821,0.68933,0.241286,-0.818714,-0.0231429,0.00892857,-0.5
1051,-39.262,368.846,-0.0982791,0,1.08333,0.113215,1.16286,0.238613,-0.0101133,-0.245512,5.85277e-05,0.0111895,0.238693,13659.2,0.578129,0.321483,-0.1,0.15,1,930.921,1.29147e+07,0.2242,0.0125317,0.245189,0.0237502,-0.0615311,0.368846,-0.154181,nan,nan,nan,nan,-0.00999447,-0.0259861,-0.0157085,nan,-0.135386,0,-0.0813628,-0.306813,nan,-0.44242,-0.44367,-0.371699,-0.350423,0.563224,0.163846,-0.672462,-0.0168462,0.00673077,-0.5
1052,-45.5071,476.458,-0.0961927,0.0833333,0.916667,0.111144,1.17813,0.219817,-0.00958693,-0.249634,5.85277e-05,0.0108642,0.238586,15218.7,0.538895,0.268532,-0.1,0.15,1,931.73,1.2927e+07,0.342817,0.0139507,0.314805,0.0321051,-0.0799154,0.476458,-0.216204,nan,nan,nan,nan,-0.0134802,-0.0390171,-0.0225955,nan,-0.175315,-4.16667e-05,-0.0986426,-0.400883,nan,-0.521177,-0.598607,-0.479657,-0.496875,0.726723,0.246833,-0.871667,-0.0226667,0.0161458,-0.5
1053,-40.8419,391.552,-0.0991322,0.0833333,1.125,0.115044,1.18502,0.237482,-0.00961698,-0.255853,5.85277e-05,0.00799282,0.238462,15370.4,0.556696,0.242764,-0.1,0.15,1,932.531,1.29393e+07,0.24777,0.0124741,0.255655,0.0280275,-0.0660405,0.391552,-0.1824,nan,nan,nan,nan,-0.0118595,-0.0329965,-0.0191316,nan,-0.144556,0,-0.0778564,-0.327124,nan,-0.393256,-0.532947,-0.396372,-0.427552,0.592364,0.212552,-0.708,-0.0182759,0.00301724,-0.5
1054,-40.9746,377.111,-0.097906,0.0416667,1.08333,0.111406,1.20283,0.239208,-0.0108428,-0.261615,5.85277e-05,0.0105624,0.238367,16885.1,0.490028,0.237713,-0.1,0.15,1,933.26,1.29516e+07,0.237973,0.0143558,0.24739,0.0274953,-0.0623207,0.377111,-0.171893,nan,nan,nan,nan,-0.0115023,-0.031741,-0.0177916,nan,-0.138664,0,-0.0743066,-0.310121,nan,-0.374252,-0.524717,-0.37915,-0.412556,0.566294,0.19837,-0.705333,-0.0172593,-0.00462963,-0.5
1055,-41.9871,413.655,-0.100303,0.0833333,1.125,0.113726,1.19672,0.254904,-0.0102884,-0.266896,5.85277e-05,0.0174838,0.238241,13315.9,0.574046,0.348763,-0.1,0.15,1,934.184,1.29638e+07,0.278089,0.0117177,0.275819,0.0318951,-0.0692427,0.413655,-0.204834,nan,nan,nan,nan,-0.0130574,-0.0362318,-0.0211432,nan,-0.152238,0,-0.0790697,-0.340228,nan,-0.376271,-0.570954,-0.419018,-0.463552,0.635552,0.223586,-0.752276,-0.0206897,0.0146552,-0.5
1056,-32.4945,293.171,-0.104426,0.0416667,1.41667,0.111572,1.20599,0.243496,-0.0099374,-0.273275,5.85277e-05,0.0159782,0.238122,12249.8,0.673588,0.329531,-0.1,0.15,1,935.189,1.29761e+07,0.196843,0.00922239,0.191321,0.0215274,-0.0489118,0.293171,-0.144503,nan,nan,nan,nan,-0.00940774,-0.0274561,-0.0152771,nan,-0.10754,0,-0.0510764,-0.246876,nan,-0.28032,-0.406692,-0.295089,-0.323314,0.443157,0.173143,-0.528229,-0.0159429,0.01,-0.5
1057,-47.1299,488.576,-0.0991488,0.208333,1.16667,0.113655,1.18584,0.222219,-0.0091783,-0.279118,5.85277e-05,0.0138482,0.238015,13035,0.626109,0.316581,-0.1,0.15,1,936.133,1.29884e+07,0.323838,0.0146877,0.322457,0.0329156,-0.0812715,0.488576,-0.22243,nan,nan,nan,nan,-0.0135502,-0.0393114,-0.0230741,nan,-0.179554,0,-0.0960747,-0.398709,nan,-0.527022,-0.607536,-0.490089,-0.525818,0.74576,0.245333,-0.883394,-0.0244242,0.00643939,-0.5
1058,-44.8505,459.951,-0.108854,0.125,1.58333,0.11582,1.18357,0.256391,-0.00922026,-0.285632,5.85277e-05,0.0182896,0.237871,13679.9,0.59319,0.305062,-0.1,0.15,1,937.033,1.30007e+07,0.296106,0.0142829,0.305364,0.0334275,-0.0760313,0.459951,-0.215824,nan,nan,nan,nan,-0.0132118,-0.0389375,-0.0225268,nan,-0.168836,0,-0.0858887,-0.382939,nan,-0.462253,-0.612145,-0.460433,-0.482268,0.695982,0.239805,-0.839415,-0.024878,0.0167683,-0.5
1059,-45.604,470.9,-0.100006,0.208333,1.04167,0.117027,1.18397,0.238408,-0.0107584,-0.292845,5.85277e-05,0.0142819,0.237753,14329,0.552891,0.304673,-0.1,0.15,1,937.892,1.3013e+07,0.296885,0.0151039,0.313053,0.0330078,-0.0787306,0.4709,-0.21593,nan,nan,nan,nan,-0.0133523,-0.0392895,-0.0224233,nan,-0.17341,0,-0.0906995,-0.386236,nan,-0.490991,-0.618799,-0.473181,-0.4943,0.712117,0.2488,-0.859467,-0.0234667,0.00625,-0.5
1060,-46.4212,499.667,-0.0984836,0.291667,1.20833,0.114027,1.18158,0.201211,-0.0100394,-0.298525,5.85277e-05,0.0142109,0.237651,12628.8,0.625655,0.34736,-0.1,0.15,1,938.867,1.30253e+07,0.320532,0.01649,0.335092,0.0386187,-0.0840966,0.499667,-0.253308,nan,nan,nan,nan,-0.0151399,-0.044925,-0.0265075,nan,-0.183204,0,-0.0968737,-0.405064,nan,-0.443547,-0.681998,-0.50171,-0.550083,0.764441,0.287889,-0.895222,-0.028,0.00972222,-0.5
1061,-27.9039,224.407,-0.0951157,0.0833333,1.04167,0.113859,1.18495,0.21583,-0.00958509,-0.3047,5.85277e-05,0.0157738,0.237512,12605,0.645989,0.32886,-0.1,0.15,1,939.843,1.30376e+07,0.137997,0.00823359,0.14525,0.0180783,-0.0375029,0.224407,-0.10817,nan,nan,nan,nan,-0.00726166,-0.0184946,-0.0110962,nan,-0.0824534,0,-0.0469543,-0.187131,nan,-0.204978,-0.372944,-0.225893,-0.238,0.343835,0.115852,-0.41363,-0.0128889,0.0138889,-0.5
1062,-32.4078,310.188,-0.099894,0.0833333,1.25,0.116588,1.18856,0.217746,-0.0107208,-0.312325,5.85277e-05,0.013413,0.237385,13192.2,0.623351,0.308108,-0.1,0.15,1,940.776,1.30499e+07,0.199218,0.00904633,0.203669,0.023466,-0.0515384,0.310187,-0.148394,nan,nan,nan,nan,-0.00957943,-0.0266126,-0.0153985,nan,-0.114421,0,-0.0530046,-0.254824,nan,-0.297647,-0.392878,-0.313583,-0.327656,0.468085,0.1685,-0.55825,-0.016625,0.00976562,-0.5
1063,-38.6428,350.688,-0.102405,0.125,1.20833,0.116642,1.16331,0.23942,-0.0112603,-0.318525,5.85277e-05,0.0150683,0.237268,13835.5,0.590485,0.297666,-0.1,0.15,1,941.666,1.30621e+07,0.224133,0.0123887,0.229413,0.0250842,-0.0579469,0.350687,-0.143184,nan,nan,nan,nan,-0.00981173,-0.0277359,-0.015064,nan,-0.128595,0,-0.0691768,-0.287174,nan,-0.377115,-0.548445,-0.35246,-0.369469,0.523255,0.166375,-0.647375,-0.015375,0.00429688,-0.5
1064,-41.8514,450.649,-0.100819,0.25,1.29167,0.111513,1.16351,0.255685,-0.00836093,-0.32508,5.85277e-05,0.0117935,0.23714,16572,0.499866,0.241624,-0.1,0.15,1,942.409,1.30744e+07,0.298855,0.0143344,0.298408,0.0346008,-0.0743007,0.450649,-0.216016,nan,nan,nan,nan,-0.0132062,-0.0384771,-0.0222601,nan,-0.165455,0,-0.080353,-0.375597,nan,-0.423655,-0.524392,-0.448977,-0.505622,0.688019,0.246054,-0.815676,-0.0228649,0.00810811,-0.5
1065,-36.2151,353.69,-0.0996563,0.0416667,1.16667,0.112932,1.17326,0.25111,-0.0102206,-0.332699,5.85277e-05,0.0151365,0.236971,15169,0.492864,0.317209,-0.1,0.15,1,943.22,1.30867e+07,0.250112,0.0122491,0.229335,0.0256042,-0.0583572,0.35369,-0.161914,nan,nan,nan,nan,-0.0108644,-0.0294494,-0.0168032,nan,-0.129382,0,-0.0801672,-0.291771,nan,-0.360744,-0.441546,-0.352277,-0.346448,0.54079,0.18331,-0.649379,-0.0152414,0.00603448,-0.5
1066,-40.4366,401.421,-0.103169,0.208333,1.375,0.111887,1.19125,0.243874,-0.010365,-0.341197,5.85277e-05,0.0130666,0.236802,11461,0.692293,0.379868,-0.1,0.15,1,944.306,1.3099e+07,0.267488,0.0136,0.265766,0.0311408,-0.0670344,0.401421,-0.194734,nan,nan,nan,nan,-0.011966,-0.0343656,-0.0198212,nan,-0.14751,0,-0.0701211,-0.331277,nan,-0.375527,-0.580252,-0.403685,-0.448895,0.606339,0.224316,-0.728,-0.0219474,0.00690789,-0.5
1067,-43.8677,423.037,-0.0961145,0.125,1,0.113476,1.1734,0.241181,-0.00991479,-0.349077,5.85277e-05,0.0154156,0.236651,12773.7,0.643177,0.318801,-0.1,0.15,1,945.269,1.31113e+07,0.263289,0.0132096,0.277516,0.0334204,-0.0701035,0.423037,-0.210507,nan,nan,nan,nan,-0.0134906,-0.0376365,-0.0219636,nan,-0.155189,0,-0.0894586,-0.345312,nan,-0.366205,-0.69578,-0.424464,-0.440667,0.64595,0.240444,-0.783556,-0.0232593,0.00601852,-0.5
1068,-35.1391,319.464,-0.0946132,0.0416667,1.125,0.110278,1.18162,0.240658,-0.00876548,-0.356231,5.85277e-05,0.0125629,0.236532,12577.4,0.624318,0.352675,-0.1,0.15,1,946.248,1.31236e+07,0.179373,0.0118803,0.212109,0.0225227,-0.0527395,0.319464,-0.135275,nan,nan,nan,nan,-0.00874887,-0.0228623,-0.0141735,nan,-0.117287,0,-0.0636044,-0.260435,nan,-0.356874,-0.404541,-0.3199,-0.324964,0.485242,0.157429,-0.591286,-0.0163571,-0.00267857,-0.5
1069,-36.3812,360.688,-0.0978811,0.125,1.20833,0.1112,1.15926,0.233046,-0.00994458,-0.362032,5.85277e-05,0.0101522,0.236429,14133.9,0.575641,0.293759,-0.1,0.15,1,947.119,1.31359e+07,0.251024,0.0120113,0.240171,0.0243209,-0.0594616,0.360687,-0.151153,nan,nan,nan,nan,-0.0102805,-0.0270531,-0.015683,nan,-0.131919,0,-0.0755063,-0.293641,nan,-0.40446,-0.43791,-0.360743,-0.355406,0.547573,0.166875,-0.666125,-0.016,0.009375,-0.5
1070,-36.4157,358.957,-0.0924535,0.0833333,0.875,0.114354,1.1593,0.228333,-0.0101522,-0.367473,5.85277e-05,0.00704124,0.236311,13219.3,0.553011,0.376536,-0.1,0.15,1,948.05,1.31482e+07,0.250046,0.0119223,0.235395,0.0225997,-0.05935,0.358957,-0.136313,nan,nan,nan,nan,-0.00895163,-0.0246769,-0.0141022,nan,-0.131815,0,-0.0854442,-0.302921,nan,-0.445991,-0.354982,-0.359978,-0.354913,0.539211,0.150957,-0.663652,-0.0154783,0.00978261,-0.5
1071,-40.5426,405.2,-0.100257,0.0833333,1.16667,0.116414,1.18517,0.237845,-0.00914267,-0.373933,5.85277e-05,0.0172362,0.236169,12185.4,0.630432,0.377991,-0.1,0.15,1,949.06,1.31604e+07,0.260194,0.014889,0.264164,0.0314185,-0.0670309,0.4052,-0.202247,nan,nan,nan,nan,-0.0127279,-0.0356983,-0.0210055,nan,-0.148573,0,-0.0921094,-0.330237,nan,-0.361551,-0.57022,-0.40291,-0.4553,0.629368,0.236133,-0.73,-0.0194,0.00916667,-0.5
1072,-41.5302,402.733,-0.100789,0.0416667,1.20833,0.116972,1.17249,0.242145,-0.00996745,-0.380498,5.85277e-05,0.0145402,0.236064,13271.8,0.605223,0.320653,-0.1,0.15,1,949.987,1.31727e+07,0.249032,0.0123505,0.268196,0.027163,-0.0663546,0.402733,-0.164477,nan,nan,nan,nan,-0.0102336,-0.0290028,-0.0170795,nan,-0.147894,0,-0.0680188,-0.329586,nan,-0.476798,-0.537333,-0.401529,-0.4265,0.613555,0.182133,-0.728133,-0.0174667,0.0183333,-0.5
1073,-40.76,415.5,-0.101238,0.166667,1.16667,0.116876,1.20687,0.249933,-0.0107831,-0.386008,5.85277e-05,0.0087161,0.235955,13110.2,0.618216,0.319072,-0.1,0.15,1,950.926,1.3185e+07,0.262176,0.0136622,0.273763,0.0331534,-0.0677931,0.4155,-0.199728,nan,nan,nan,nan,-0.0124101,-0.0369635,-0.0205948,nan,-0.152146,0,-0.076837,-0.334901,nan,-0.372532,-0.588152,-0.413878,-0.455719,0.632764,0.225,-0.754375,-0.0244375,0.0171875,-0.5
1074,-42.329,433.857,-0.0925228,0.125,0.75,0.11376,1.16679,0.231888,-0.010426,-0.391737,5.85277e-05,0.00912923,0.235857,15526.1,0.548241,0.2432,-0.1,0.15,1,951.719,1.31973e+07,0.26963,0.0144532,0.284897,0.0361767,-0.0715392,0.433857,-0.234652,nan,nan,nan,nan,-0.0137532,-0.0416213,-0.0240249,nan,-0.158528,0,-0.0918589,-0.353216,nan,-0.345283,-0.622761,-0.430952,-0.464429,0.668559,0.26419,-0.782476,-0.0251429,0.000595238,-0.5
1075,-31.8601,288.65,-0.110298,0.125,1.54167,0.117416,1.17742,0.238406,-0.0100853,-0.396451,5.85277e-05,0.0157369,0.235774,16664.5,0.498127,0.23925,-0.1,0.15,1,952.458,1.32096e+07,0.186925,0.00930726,0.187452,0.0196854,-0.0465425,0.28865,-0.126307,nan,nan,nan,nan,-0.00816875,-0.0213515,-0.0131503,nan,-0.104915,0,-0.0609429,-0.234609,nan,-0.316523,-0.39302,-0.286306,-0.3012,0.443834,0.1439,-0.5296,-0.01255,0.005625,-0.5
1076,-44.9013,492.038,-0.0942685,0.125,0.958333,0.112085,1.17823,0.232284,-0.00934813,-0.400264,5.85277e-05,0.00965144,0.23572,14753.3,0.509557,0.323341,-0.1,0.15,1,953.292,1.32219e+07,0.326712,0.0161165,0.324005,0.0323077,-0.0807014,0.492038,-0.206123,nan,nan,nan,nan,-0.0130465,-0.0357748,-0.0216058,nan,-0.179736,0,-0.122579,-0.399483,nan,-0.552316,-0.513127,-0.493111,-0.456692,0.760563,0.224,-0.896923,-0.0226923,-0.00432692,-0.5
1077,-44.4403,475.621,-0.0979131,0.0833333,1.125,0.117461,1.17749,0.279876,-0.0110684,-0.403985,5.85277e-05,0.013302,0.235625,12315.5,0.643307,0.354459,-0.1,0.15,1,954.292,1.32342e+07,0.305798,0.0151185,0.317818,0.0333886,-0.0780037,0.475621,-0.211814,nan,nan,nan,nan,-0.0133028,-0.036916,-0.0220537,nan,-0.174133,0,-0.0940872,-0.384503,nan,-0.505226,-0.512329,-0.471779,-0.504103,0.726372,0.245517,-0.858207,-0.0213103,0.0116379,-0.5
1078,-39.1785,372.531,-0.103248,0.0833333,1.25,0.115923,1.17159,0.277795,-0.00927183,-0.409099,5.85277e-05,0.0120648,0.235548,12536,0.632585,0.347636,-0.1,0.15,1,955.274,1.32465e+07,0.226979,0.0118875,0.241799,0.0289289,-0.0604968,0.372531,-0.185319,nan,nan,nan,nan,-0.0118996,-0.0338388,-0.019053,nan,-0.135896,0,-0.0775469,-0.299444,nan,-0.336009,-0.546313,-0.367342,-0.412875,0.579044,0.211875,-0.669625,-0.0200625,0.0125,-0.5
1079,-40.8093,419.978,-0.111432,0.208333,1.66667,0.117821,1.16737,0.264098,-0.0103764,-0.413439,5.85277e-05,0.0138069,0.235443,12775.8,0.609366,0.352451,-0.1,0.15,1,956.237,1.32588e+07,0.275693,0.0132949,0.278291,0.0312326,-0.0691156,0.419978,-0.201144,nan,nan,nan,nan,-0.0125881,-0.035838,-0.0207695,nan,-0.153466,0,-0.0811586,-0.342433,nan,-0.408012,-0.550161,-0.417262,-0.447667,0.646963,0.238311,-0.766667,-0.0212889,0.00333333,-0.5
1080,-41.1746,421.75,-0.100236,0.166667,1.16667,0.114934,1.16679,0.249484,-0.00884792,-0.420164,5.85277e-05,0.0161589,0.235293,13869,0.601784,0.284222,-0.1,0.15,1,957.125,1.3271e+07,0.265184,0.0131851,0.283277,0.0290047,-0.0692859,0.42175,-0.1794,nan,nan,nan,nan,-0.0111097,-0.0296095,-0.0180404,nan,-0.153921,-6.25e-05,-0.0896137,-0.347536,nan,-0.474935,-0.516871,-0.417719,-0.403031,0.651087,0.192625,-0.7715,-0.0190625,0.00820313,-0.5
1081,-41.8944,425.822,-0.107017,0.25,1.625,0.11339,1.18944,0.222233,-0.010273,-0.428264,5.85277e-05,0.0123528,0.235139,14724.6,0.535294,0.29923,-0.1,0.15,1,957.96,1.32833e+07,0.270188,0.0144024,0.281044,0.030198,-0.0696409,0.425822,-0.190184,nan,nan,nan,nan,-0.0114875,-0.0338119,-0.0197026,nan,-0.155632,0,-0.0828329,-0.348077,nan,-0.445757,-0.547188,-0.422242,-0.466533,0.65341,0.2168,-0.772622,-0.0183111,0.0186111,-0.5
1082,-36.3408,354.688,-0.098154,0.166667,1.16667,0.109658,1.19655,0.221145,-0.0102374,-0.435733,5.85277e-05,0.00951277,0.235019,11496.9,0.614325,0.454483,-0.1,0.15,1,959.031,1.32956e+07,0.208883,0.011213,0.232141,0.02876,-0.0576722,0.354687,-0.169984,nan,nan,nan,nan,-0.0108196,-0.0302531,-0.0176996,nan,-0.129248,0,-0.0757856,-0.288017,nan,-0.329972,-0.488888,-0.353187,-0.348562,0.547457,0.18975,-0.650375,-0.0168125,0.0148437,-0.5
1083,-42.3478,469.167,-0.103267,0.0833333,1.41667,0.11155,1.17889,0.216331,-0.00993666,-0.441621,5.85277e-05,0.00844656,0.234904,13533.6,0.592292,0.31567,-0.1,0.15,1,959.941,1.33079e+07,0.304453,0.0165853,0.313084,0.0369685,-0.0762412,0.469167,-0.240022,nan,nan,nan,nan,-0.0143004,-0.0401428,-0.0241801,nan,-0.170977,0,-0.0900781,-0.37613,nan,-0.418644,-0.505046,-0.464817,-0.504417,0.728794,0.273444,-0.848333,-0.0268333,0.0125,-0.5
1084,-39.0372,390.658,-0.104172,0.0833333,1.5,0.11261,1.17444,0.245155,-0.0111054,-0.447737,5.85277e-05,0.0128804,0.234788,12967.6,0.627802,0.319793,-0.1,0.15,1,960.89,1.33202e+07,0.238974,0.0134627,0.255591,0.0285926,-0.0640326,0.390658,-0.179626,nan,nan,nan,nan,-0.0113949,-0.034107,-0.018483,nan,-0.143076,0,-0.069287,-0.319559,nan,-0.38567,-0.512016,-0.388236,-0.4125,0.594531,0.207158,-0.704737,-0.0193158,0.0144737,-0.5
1085,-41.8655,407.536,-0.0938296,0.0833333,1.08333,0.111601,1.19656,0.224373,-0.00973325,-0.453527,5.85277e-05,0.0139785,0.234673,14108.9,0.568908,0.302034,-0.1,0.15,1,961.762,1.33325e+07,0.26074,0.0133372,0.26385,0.0292624,-0.0666911,0.407536,-0.186971,nan,nan,nan,nan,-0.0121225,-0.0343672,-0.0188208,nan,-0.148697,0,-0.0818907,-0.328345,nan,-0.409656,-0.571672,-0.404767,-0.425786,0.628893,0.204429,-0.741429,-0.0192143,0.0133929,-0.5
1086,-37.3804,386.385,-0.0904839,0.0833333,1,0.108441,1.17502,0.232821,-0.00925583,-0.459148,5.85277e-05,0.0106355,0.234572,15189.7,0.515841,0.293126,-0.1,0.15,1,962.573,1.33448e+07,0.257671,0.0115743,0.247768,0.025791,-0.0627394,0.386385,-0.15685,nan,nan,nan,nan,-0.0101856,-0.0293624,-0.0160197,nan,-0.140784,0,-0.089075,-0.31105,nan,-0.444986,-0.37401,-0.381903,-0.379038,0.594085,0.175077,-0.719231,-0.017,0.0120192,-0.5
1087,-33.0273,308.607,-0.0973672,0,1.16667,0.112005,1.19104,0.255939,-0.0105794,-0.464921,5.85277e-05,0.0160829,0.23445,14369.3,0.509971,0.345185,-0.1,0.15,1,963.429,1.33571e+07,0.195784,0.0100651,0.197575,0.024028,-0.0497397,0.308607,-0.148364,nan,nan,nan,nan,-0.00955523,-0.0264547,-0.0154502,nan,-0.112538,0,-0.0681567,-0.247785,nan,-0.283704,-0.444501,-0.302771,-0.309857,0.479953,0.172429,-0.566143,-0.0135714,0.0111607,-0.5
1088,-41.8477,434.308,-0.1023,0.208333,1.41667,0.112275,1.14369,0.21773,-0.0099972,-0.471661,5.85277e-05,0.0082675,0.234325,12935.9,0.60328,0.346638,-0.1,0.15,1,964.381,1.33693e+07,0.285594,0.0143138,0.291307,0.0298884,-0.0708318,0.434308,-0.191279,nan,nan,nan,nan,-0.0113224,-0.032547,-0.0197899,nan,-0.158868,0,-0.0734581,-0.349115,nan,-0.474566,-0.545317,-0.429459,-0.457385,0.66705,0.212718,-0.788513,-0.0210256,0.00384615,-0.5
1089,-41.0468,401.162,-0.101655,0.0416667,1.5,0.109192,1.17228,0.237395,-0.00935514,-0.478372,5.85277e-05,0.0115828,0.23419,11652.3,0.710068,0.344486,-0.1,0.15,1,965.437,1.33816e+07,0.260535,0.012616,0.263729,0.0329327,-0.0654799,0.401162,-0.203916,nan,nan,nan,nan,-0.0121764,-0.0360524,-0.0207724,nan,-0.146605,0,-0.0796681,-0.331842,nan,-0.344528,-0.579813,-0.396456,-0.415784,0.614631,0.225838,-0.724324,-0.0215676,0.00168919,-0.5
1090,-34.9792,347.744,-0.0999417,0.166667,1.45833,0.112634,1.17923,0.240695,-0.00993181,-0.485304,5.85277e-05,0.0166001,0.234076,12643.5,0.629509,0.34237,-0.1,0.15,1,966.411,1.33939e+07,0.231992,0.0113257,0.226288,0.0249204,-0.0564158,0.347744,-0.149621,nan,nan,nan,nan,-0.00936581,-0.0254912,-0.0151691,nan,-0.126282,0,-0.0768729,-0.28009,nan,-0.372336,-0.452574,-0.343073,-0.335769,0.538169,0.168308,-0.641026,-0.0154872,0.00416667,-0.5
1091,-36.7795,369.931,-0.096111,0.0416667,1.16667,0.115583,1.1771,0.257049,-0.0109673,-0.491576,5.85277e-05,0.0124646,0.233936,12547.4,0.626465,0.352864,-0.1,0.15,1,967.391,1.34062e+07,0.26519,0.0114063,0.245065,0.0271795,-0.059609,0.369931,-0.163624,nan,nan,nan,nan,-0.0100696,-0.028306,-0.0171044,nan,-0.134651,0,-0.0613534,-0.30211,nan,-0.387147,-0.457248,-0.363085,-0.404586,0.568853,0.193793,-0.668552,-0.0186207,0.00689655,-0.5
1092,-38.174,388.081,-0.101568,0.208333,1.33333,0.11264,1.16452,0.233845,-0.0102685,-0.499417,5.85277e-05,0.00961729,0.233768,12376.2,0.644883,0.34799,-0.1,0.15,1,968.386,1.34185e+07,0.263119,0.0125996,0.257791,0.0296045,-0.0631328,0.388081,-0.180876,nan,nan,nan,nan,-0.0107035,-0.0298482,-0.0182778,nan,-0.141779,0,-0.0725275,-0.314339,nan,-0.375321,-0.568443,-0.379486,-0.417568,0.599951,0.211243,-0.691568,-0.0191892,-0.00168919,-0.5
1093,-33.7163,315.115,-0.0949092,0.0416667,1.04167,0.114717,1.17462,0.227212,-0.00915777,-0.508578,5.85277e-05,0.0164418,0.233586,12783.1,0.62332,0.33795,-0.1,0.15,1,969.349,1.34308e+07,0.207605,0.0118685,0.201923,0.0215026,-0.0506911,0.315115,-0.139704,nan,nan,nan,nan,-0.00900116,-0.026588,-0.014633,nan,-0.114833,0,-0.0637386,-0.258571,nan,-0.334295,-0.395524,-0.310664,-0.340731,0.48262,0.156923,-0.577231,-0.013,0.000961538,-0.5
1094,-33.1492,322.724,-0.0957691,0.0416667,1.16667,0.11562,1.1714,0.269307,-0.0110118,-0.516739,5.85277e-05,0.0172514,0.23347,12976.4,0.603175,0.343773,-0.1,0.15,1,970.298,1.34431e+07,0.221153,0.00984584,0.20912,0.0243114,-0.0519998,0.322724,-0.148441,nan,nan,nan,nan,-0.00974433,-0.0270212,-0.0152398,nan,-0.117963,0,-0.0575467,-0.266185,nan,-0.314775,-0.399395,-0.319612,-0.337448,0.491677,0.174621,-0.584414,-0.0149655,0.00905172,-0.5
1095,-32.1312,297,-0.0927345,0.0416667,1.04167,0.113032,1.16942,0.249707,-0.00919064,-0.522407,5.85277e-05,0.0145749,0.233362,13416.4,0.642242,0.273652,-0.1,0.15,1,971.215,1.34554e+07,0.179691,0.0110797,0.194104,0.0236442,-0.0475383,0.297,-0.1406,nan,nan,nan,nan,-0.00930482,-0.024953,-0.0142039,nan,-0.108041,0,-0.0593126,-0.241545,nan,-0.274465,-0.388992,-0.289679,-0.296192,0.451997,0.162615,-0.549077,-0.0136154,-0.00336538,-0.5
1096,-34.5855,344.067,-0.0938861,0.0833333,1.16667,0.111707,1.20004,0.224368,-0.0101309,-0.528628,5.85277e-05,0.00920909,0.233232,15559.9,0.530198,0.259525,-0.1,0.15,1,972.007,1.34676e+07,0.209032,0.0108454,0.222695,0.0253993,-0.0551151,0.344067,-0.160283,nan,nan,nan,nan,-0.0098925,-0.0287936,-0.0164653,nan,-0.125204,0,-0.0617731,-0.277951,nan,-0.343328,-0.406629,-0.337122,-0.3693,0.530052,0.1784,-0.616,-0.0186,0.01625,-0.5
1097,-31.4674,305.267,-0.0925115,0.0833333,1.16667,0.108783,1.19142,0.254178,-0.00915642,-0.534938,5.85277e-05,0.0144136,0.233127,15938.8,0.525989,0.244962,-0.1,0.15,1,972.779,1.34799e+07,0.203704,0.00988575,0.19801,0.0243547,-0.0485424,0.305267,-0.150517,nan,nan,nan,nan,-0.00991691,-0.0273503,-0.0154718,nan,-0.110414,0,-0.0652444,-0.247263,nan,-0.260155,-0.402208,-0.297352,-0.3195,0.469022,0.1736,-0.553733,-0.0158667,0.0195833,-0.5
1098,-34.15,324.083,-0.0992193,0.125,1.375,0.109111,1.17214,0.252652,-0.0108686,-0.540802,5.85277e-05,0.00876155,0.233001,16243.9,0.512207,0.244261,-0.1,0.15,1,973.537,1.34922e+07,0.205113,0.011612,0.212106,0.0250064,-0.0519676,0.324083,-0.160172,nan,nan,nan,nan,-0.00980815,-0.0277203,-0.0159605,nan,-0.118138,0,-0.0556195,-0.257286,nan,-0.302889,-0.450916,-0.317237,-0.360917,0.491438,0.181889,-0.585778,-0.018,0.00694444,-0.5
1099,-38.5881,372.69,-0.0943802,0.0833333,1.125,0.110128,1.18185,0.250745,-0.00959737,-0.546903,5.85277e-05,0.013522,0.232911,16062.7,0.512547,0.252453,-0.1,0.15,1,974.303,1.35045e+07,0.242531,0.0135569,0.240326,0.0289355,-0.0591224,0.37269,-0.168448,nan,nan,nan,nan,-0.0111033,-0.0310214,-0.0173182,nan,-0.134948,0,-0.0701901,-0.295226,nan,-0.360708,-0.508118,-0.363686,-0.440172,0.566834,0.192966,-0.680552,-0.0208966,0.00474138,-0.5
1100,-29.6148,276.967,-0.0962886,0,1.25,0.111489,1.17869,0.25897,-0.00966132,-0.551097,5.85277e-05,0.0129756,0.232842,15271.9,0.542139,0.262478,-0.1,0.15,1,975.109,1.35168e+07,0.19178,0.00893744,0.177914,0.0227156,-0.0439239,0.276967,-0.134157,nan,nan,nan,nan,-0.00877531,-0.0217173,-0.0139163,nan,-0.10002,0,-0.0558597,-0.225109,nan,-0.239009,-0.316017,-0.26995,-0.2818,0.427419,0.148133,-0.512533,-0.0130667,0.00125,-0.5
1101,-38.4428,371.405,-0.107228,0.0833333,1.45833,0.114155,1.15327,0.258801,-0.00811113,-0.555745,5.85277e-05,0.0126229,0.232715,14318.3,0.570054,0.288149,-0.2,0.15,1,977.696,1.35291e+07,0.239647,0.0133289,0.239024,0.0272892,-0.0623673,0.371405,-0.178111,nan,nan,nan,nan,-0.0110069,-0.0323149,-0.0182741,nan,-0.135554,-2.7027e-05,-0.061256,-0.302374,nan,-0.358917,-0.522069,-0.363093,-0.435081,0.56593,0.203351,-0.661297,-0.0191892,0.00945946,-0.5
1102,-38.7167,382.143,-0.104593,0.0833333,1.375,0.112988,1.19047,0.243288,-0.00896988,-0.562915,5.85277e-05,0.0144339,0.232592,14949.3,0.551537,0.270443,-0.2,0.15,1,978.52,1.35414e+07,0.254695,0.0138799,0.251078,0.0290604,-0.0668917,0.382143,-0.175803,nan,nan,nan,nan,-0.0107768,-0.0310656,-0.0177722,nan,-0.138593,-2.85714e-05,-0.0709394,-0.310651,nan,-0.380499,-0.54177,-0.373699,-0.388629,0.590321,0.195771,-0.7,-0.0181714,-0.0025,-0.5
1103,-40.3988,426.289,-0.100515,0.291667,1.29167,0.110666,1.205,0.24869,-0.010011,-0.568746,5.85277e-05,0.0121784,0.232495,14371.9,0.550847,0.304156,-0.2,0.15,1,979.377,1.35537e+07,0.269822,0.0144009,0.279576,0.0314457,-0.0770398,0.426289,-0.196205,nan,nan,nan,nan,-0.011616,-0.0363009,-0.0202482,nan,-0.154878,0,-0.0723529,-0.337964,nan,-0.422554,-0.538558,-0.418056,-0.4815,0.653992,0.229053,-0.767579,-0.0216316,0.0115132,-0.5
1104,-38.7137,407,-0.103931,0.166667,1.375,0.111587,1.20458,0.223178,-0.0115497,-0.57397,5.85277e-05,0.01661,0.232395,14672.2,0.557408,0.280094,-0.2,0.15,1,980.216,1.3566e+07,0.263324,0.0140052,0.267107,0.0322238,-0.077388,0.407,-0.196086,nan,nan,nan,nan,-0.0116917,-0.0350684,-0.0198677,nan,-0.147887,0,-0.066699,-0.328223,nan,-0.365279,-0.484006,-0.396202,-0.45973,0.625636,0.226486,-0.720324,-0.0201081,0.00304054,-0.5
1105,-31.9662,301.214,-0.0978617,0.0416667,1.125,0.11244,1.17975,0.200113,-0.0098413,-0.579325,5.85277e-05,0.0148552,0.2323,15011.4,0.539913,0.278664,-0.2,0.15,1,981.036,1.35782e+07,0.20309,0.0105567,0.194669,0.0220957,-0.0622373,0.301214,-0.143264,nan,nan,nan,nan,-0.00882095,-0.0239658,-0.0141027,nan,-0.109411,0,-0.0615117,-0.246527,nan,-0.296558,-0.335948,-0.293633,-0.336321,0.464259,0.159143,-0.535143,-0.0135714,0.00982143,-0.5
1106,-38.6584,387.025,-0.10913,0,1.66667,0.110417,1.18439,0.238569,-0.00993631,-0.584556,5.85277e-05,0.0117744,0.232191,15914.5,0.529108,0.24302,-0.2,0.15,1,981.809,1.35905e+07,0.25769,0.0120003,0.256767,0.031292,-0.0808994,0.387025,-0.185032,nan,nan,nan,nan,-0.0110919,-0.0321048,-0.0181522,nan,-0.140764,0,-0.0580812,-0.311341,nan,-0.360006,-0.475338,-0.375211,-0.45,0.591394,0.2144,-0.6856,-0.0205,0.00875,-0.5
1107,-36.071,355.179,-0.0944438,0.125,1.04167,0.109643,1.18183,0.261587,-0.00987923,-0.590593,5.85277e-05,0.0132762,0.232085,14521.1,0.572396,0.27382,-0.2,0.15,1,982.657,1.36028e+07,0.237215,0.0123797,0.236314,0.0257241,-0.0779296,0.355179,-0.167111,nan,nan,nan,nan,-0.0102108,-0.0284285,-0.0167768,nan,-0.128544,0,-0.0699055,-0.285625,nan,-0.356214,-0.440866,-0.347449,-0.370714,0.548506,0.186857,-0.655143,-0.0187857,-0.00133929,-0.5
1108,-47.4237,536.774,-0.0950472,0.291667,1,0.108612,1.2095,0.218369,-0.0102822,-0.595941,8.77915e-05,0.00457443,0.231995,15305.2,0.544445,0.258422,-0.2,0.15,1,983.461,1.36151e+07,0.380095,0.0166742,0.358558,0.0413364,-0.111486,0.536774,-0.267926,nan,nan,nan,nan,-0.0150028,-0.0454027,-0.0270196,nan,-0.194899,0,-0.0926995,-0.428359,nan,-0.493105,-0.710064,-0.520456,-0.589645,0.829876,0.309161,-0.956387,-0.0290323,0.00201613,-0.5
1109,-34.6538,340.471,-0.0969018,0.208333,1.20833,0.108426,1.19682,0.268158,-0.0102304,-0.602656,8.77915e-05,0.0161007,0.231824,15552.7,0.527321,0.262769,-0.2,0.15,1,984.253,1.36274e+07,0.237407,0.012264,0.222225,0.0250109,-0.0790442,0.340471,-0.153456,nan,nan,nan,nan,-0.00939979,-0.0284952,-0.0155588,nan,-0.123499,0,-0.0610779,-0.278218,nan,-0.340232,-0.492807,-0.330631,-0.369,0.520069,0.178118,-0.622118,-0.0177059,0.00698529,-0.5
1110,-32.4656,299.268,-0.10801,0.0416667,1.66667,0.111096,1.20208,0.27085,-0.010577,-0.61259,8.77915e-05,0.0126793,0.231645,14835.2,0.554054,0.274244,-0.2,0.15,1,985.082,1.36397e+07,0.201798,0.00989216,0.193171,0.0241698,-0.0734434,0.299268,-0.141851,nan,nan,nan,nan,-0.0087425,-0.0237417,-0.0143892,nan,-0.108355,0,-0.0622438,-0.236716,nan,-0.27679,-0.398636,-0.289956,-0.312951,0.459532,0.159024,-0.546439,-0.0157561,0.00823171,-0.5
1111,-36.0777,381.667,-0.104702,0.208333,1.41667,0.110313,1.17448,0.250028,-0.011371,-0.62256,8.77915e-05,0.0186428,0.231443,13845.4,0.621956,0.265559,-0.2,0.15,1,985.972,1.3652e+07,0.260316,0.0128707,0.253661,0.0261101,-0.0889504,0.381667,-0.15669,nan,nan,nan,nan,-0.00978936,-0.0261849,-0.0158737,nan,-0.138318,0,-0.0660312,-0.303425,nan,-0.425315,-0.399214,-0.37023,-0.397231,0.58563,0.188,-0.692,-0.0170769,0.00961538,-0.5
1112,-33.8838,332.893,-0.0979665,0.0833333,1.08333,0.114037,1.18426,0.279418,-0.0112234,-0.63336,8.77915e-05,0.0154271,0.23127,14664.4,0.572842,0.265108,-0.2,0.15,1,986.811,1.36643e+07,0.228079,0.0122768,0.215053,0.0226628,-0.0825773,0.332893,-0.138171,nan,nan,nan,nan,-0.0085877,-0.0238421,-0.0136257,nan,-0.1209,0,-0.0548707,-0.268083,nan,-0.384159,-0.338162,-0.326014,-0.350036,0.505381,0.149714,-0.611143,-0.0137857,0.0138393,-0.5
1113,-42.4121,460.229,-0.100299,0.208333,1.25,0.110721,1.17547,0.254081,-0.0119272,-0.641727,5.85277e-05,0.0217453,0.231139,15969.5,0.517774,0.251693,-0.2,0.15,1,987.582,1.36765e+07,0.332809,0.0138667,0.302381,0.0357394,-0.110439,0.460229,-0.214703,nan,nan,nan,nan,-0.0129749,-0.0373376,-0.0219072,nan,-0.167032,0,-0.0856767,-0.370915,nan,-0.435835,-0.569219,-0.450838,-0.485486,0.71301,0.252343,-0.837257,-0.0226286,0.00357143,-0.5
1114,-39.6587,424.133,-0.0846967,0.0833333,0.541667,0.108467,1.1907,0.234444,-0.0100315,-0.647876,5.85277e-05,0.0177542,0.231034,14427.7,0.543589,0.308105,-0.2,0.15,1,988.435,1.36888e+07,0.298473,0.0135209,0.285639,0.0263524,-0.106528,0.424133,-0.159053,nan,nan,nan,nan,-0.00948139,-0.027777,-0.0150481,nan,-0.153766,0,-0.0664907,-0.337197,nan,-0.530215,-0.392114,-0.41323,-0.4808,0.649641,0.182667,-0.7584,-0.0177333,0.0116667,-0.5
1115,-35.4645,324,-0.0972258,0.0416667,1.125,0.113254,1.1964,0.221895,-0.0101386,-0.653614,5.85277e-05,0.0157937,0.230928,14552.3,0.574361,0.270039,-0.2,0.15,1,989.281,1.37011e+07,0.227744,0.00939848,0.214504,0.0248512,-0.0859909,0.324,-0.142229,nan,nan,nan,nan,-0.00904679,-0.0246453,-0.0142525,nan,-0.117527,0,-0.0668514,-0.269142,nan,-0.33296,-0.420986,-0.316599,-0.336,0.494292,0.153571,-0.589571,-0.0154286,0.00178571,-0.5
1116,-33.0733,329.03,-0.103543,0,1.375,0.113762,1.18563,0.232924,-0.00980129,-0.65929,5.85277e-05,0.0136385,0.230819,15767.1,0.520382,0.258962,-0.2,0.15,1,990.062,1.37134e+07,0.225279,0.0108929,0.21561,0.0268926,-0.0904001,0.32903,-0.161094,nan,nan,nan,nan,-0.00958961,-0.0259731,-0.0161327,nan,-0.118638,0,-0.0699257,-0.265004,nan,-0.296141,-0.364608,-0.319161,-0.333818,0.509762,0.182303,-0.597212,-0.0165455,0.00871212,-0.5
1117,-33.7841,329.55,-0.0878861,0.125,0.708333,0.109378,1.1896,0.230612,-0.0104324,-0.665346,5.85277e-05,0.00782894,0.230705,15430.1,0.53056,0.265803,-0.2,0.15,1,990.86,1.37257e+07,0.208033,0.0120713,0.218158,0.0218409,-0.083268,0.32955,-0.13835,nan,nan,nan,nan,-0.00847279,-0.022326,-0.0137145,nan,-0.118792,0,-0.0666305,-0.260986,nan,-0.36861,-0.41089,-0.31909,-0.32535,0.509476,0.1642,-0.6008,-0.0133,0.0025,-0.5
1118,-40.1122,416.367,-0.101969,0.125,1.125,0.111281,1.1971,0.230918,-0.0105183,-0.671188,5.85277e-05,0.00944888,0.230594,15880.5,0.526869,0.246912,-0.2,0.15,1,991.635,1.3738e+07,0.282366,0.0135573,0.278092,0.0307003,-0.109652,0.416367,-0.18461,nan,nan,nan,nan,-0.0106807,-0.0303086,-0.0179815,nan,-0.150093,0,-0.0871761,-0.329637,nan,-0.434578,-0.4969,-0.401923,-0.4254,0.647117,0.2124,-0.756667,-0.018,0.000833333,-0.5
1119,-46.5662,519.739,-0.089327,0.25,0.708333,0.110517,1.19143,0.225632,-0.00923788,-0.676881,5.85277e-05,0.0121102,0.230492,14479.1,0.504442,0.344227,-0.2,0.15,1,992.485,1.37503e+07,0.362958,0.0183638,0.349746,0.0395681,-0.130812,0.519739,-0.240122,nan,nan,nan,nan,-0.0135624,-0.0414078,-0.0240893,nan,-0.187957,0,-0.090725,-0.411571,nan,-0.510174,-0.667324,-0.499198,-0.585391,0.795495,0.282957,-0.911478,-0.0284348,0.0146739,-0.5
1120,-40.4683,409.148,-0.0981761,0.0416667,1.08333,0.111964,1.20149,0.201665,-0.0091619,-0.683034,5.85277e-05,0.0059971,0.230352,16265.1,0.505326,0.250156,-0.2,0.15,1,993.242,1.37626e+07,0.261848,0.0141605,0.266676,0.0351136,-0.119684,0.409148,-0.209604,nan,nan,nan,nan,-0.0127981,-0.0359274,-0.02106,nan,-0.147602,0,-0.0999867,-0.32631,nan,-0.331113,-0.573491,-0.39868,-0.394778,0.635359,0.240593,-0.741185,-0.0212593,0.00740741,-0.5
1121,-43.6893,455.05,-0.0908522,0.0833333,0.75,0.10947,1.21562,0.221001,-0.0092845,-0.690702,5.85277e-05,0.0140981,0.230225,16012.2,0.512619,0.254798,-0.2,0.15,1,994.01,1.37748e+07,0.319662,0.0144015,0.303708,0.0330005,-0.12587,0.45505,-0.21064,nan,nan,nan,nan,-0.0122668,-0.0349375,-0.020666,nan,-0.164171,0,-0.0930227,-0.366158,nan,-0.451549,-0.593374,-0.441623,-0.489,0.700347,0.2266,-0.8102,-0.0228,0.019375,-0.5
1122,-43.0445,454.273,-0.0912113,0.166667,0.75,0.110305,1.18539,0.235599,-0.0103238,-0.696785,5.85277e-05,0.0137975,0.230111,15690.1,0.506099,0.277071,-0.2,0.15,1,994.795,1.37871e+07,0.291801,0.0149736,0.305875,0.0382385,-0.127058,0.454273,-0.2439,nan,nan,nan,nan,-0.0133181,-0.0382145,-0.0240211,nan,-0.163962,0,-0.0897564,-0.358936,nan,-0.365143,-0.643057,-0.437623,-0.514773,0.708761,0.275455,-0.797818,-0.028,0.0130682,-0.5
1123,-43.6883,485.636,-0.108269,0.291667,1.54167,0.109539,1.19227,0.248339,-0.00983815,-0.702921,5.85277e-05,0.0110765,0.229997,15098.5,0.551243,0.262611,-0.2,0.15,1,995.61,1.37994e+07,0.341242,0.0139089,0.320462,0.0368443,-0.136626,0.485636,-0.228961,nan,nan,nan,nan,-0.013645,-0.0391769,-0.022704,nan,-0.174679,0,-0.10455,-0.383526,nan,-0.466891,-0.531066,-0.469734,-0.495682,0.748743,0.253364,-0.874182,-0.0258636,0.003125,-0.5
1124,-37.3746,385.367,-0.0959242,0.125,1.125,0.110983,1.18518,0.242646,-0.00954621,-0.708662,5.85277e-05,0.0107271,0.229886,16256.3,0.508173,0.247717,-0.2,0.15,1,996.367,1.38117e+07,0.287767,0.0131948,0.250903,0.0296614,-0.109776,0.385367,-0.175407,nan,nan,nan,nan,-0.0107832,-0.0296867,-0.0174661,nan,-0.139319,0,-0.0633683,-0.306846,nan,-0.38971,-0.471476,-0.37261,-0.3898,0.589577,0.193467,-0.695733,-0.0190667,0.00666667,-0.5
1125,-44.3091,462.091,-0.0986945,0.208333,1.16667,0.112078,1.17978,0.206538,-0.010212,-0.715234,5.85277e-05,0.00820186,0.22974,16389.1,0.506682,0.243083,-0.2,0.15,1,997.118,1.3824e+07,0.309943,0.0147099,0.31197,0.0337812,-0.130339,0.462091,-0.194488,nan,nan,nan,nan,-0.0113656,-0.0311918,-0.0195376,nan,-0.166765,-0.000121212,-0.0916266,-0.367392,nan,-0.495736,-0.591512,-0.44783,-0.465364,0.707349,0.222788,-0.840242,-0.0224242,0.00416667,-0.5
1126,-41.9879,444.909,-0.100422,0.166667,1.20833,0.112323,1.1721,0.24803,-0.00993217,-0.722548,5.85277e-05,0.0120242,0.229613,12337.3,0.635715,0.36029,-0.2,0.15,1,998.116,1.38363e+07,0.313327,0.0154878,0.291499,0.0370732,-0.128693,0.444909,-0.222361,nan,nan,nan,nan,-0.0132729,-0.0389475,-0.0219425,nan,-0.159891,-3.0303e-05,-0.0799413,-0.350199,nan,-0.380897,-0.597171,-0.428838,-0.467636,0.681652,0.244606,-0.79903,-0.0242424,0.00643939,-0.5
1127,-43.3925,464.625,-0.0939051,0.125,0.875,0.111139,1.2031,0.22118,-0.00951997,-0.728338,5.85277e-05,0.00930609,0.229526,12484.9,0.636946,0.347285,-0.2,0.15,1,999.102,1.38486e+07,0.32089,0.0153507,0.308094,0.0362916,-0.134071,0.464625,-0.207537,nan,nan,nan,nan,-0.0128473,-0.0359994,-0.020916,nan,-0.167285,0,-0.0853124,-0.368639,nan,-0.456926,-0.609393,-0.449475,-0.45975,0.71445,0.236167,-0.856333,-0.0236667,0.009375,-0.5
1128,-32.2573,283.633,-0.099732,0.0416667,1.20833,0.115763,1.23719,0.257382,-0.0087919,-0.732968,5.85277e-05,0.0119126,0.229429,13249.1,0.604079,0.32338,-0.2,0.15,1,1000.03,1.38609e+07,0.172419,0.00905301,0.185911,0.0216527,-0.0847526,0.283633,-0.125037,nan,nan,nan,nan,-0.00788101,-0.0208266,-0.0123724,nan,-0.101857,0,-0.0529145,-0.227601,nan,-0.290926,-0.361895,-0.270634,-0.2964,0.439062,0.1328,-0.509467,-0.014,0.0025,-0.5
1129,-41.916,439.182,-0.0939388,0.208333,1.16667,0.110181,1.21142,0.212648,-0.00807712,-0.738268,5.85277e-05,0.0101147,0.229324,12715.8,0.640516,0.325842,-0.2,0.15,1,1001,1.38732e+07,0.289415,0.0148505,0.292368,0.0322824,-0.129312,0.439182,-0.192564,nan,nan,nan,nan,-0.0110939,-0.0305977,-0.0191207,nan,-0.158439,-0.000242424,-0.0736319,-0.347365,nan,-0.466254,-0.568961,-0.424374,-0.442182,0.677877,0.210182,-0.780485,-0.0221212,0.00454545,-0.5
1130,-46.7305,548.952,-0.0843669,0.25,0.625,0.110553,1.20146,0.206339,-0.00939542,-0.744972,5.85277e-05,0.0122182,0.229174,12853.7,0.610447,0.345545,-0.2,0.15,1,1001.96,1.38854e+07,0.402351,0.0177223,0.364664,0.0439459,-0.156139,0.548952,-0.279552,nan,nan,nan,nan,-0.0156369,-0.047745,-0.0282432,nan,-0.197569,0,-0.0952635,-0.43301,nan,-0.486773,-0.649721,-0.528689,-0.607286,0.841754,0.320762,-0.985333,-0.03,0.0214286,-0.5
1131,-35.1158,374.186,-0.10531,0.25,1.54167,0.112381,1.17879,0.225428,-0.0103309,-0.75292,5.85277e-05,0.0139994,0.229039,12283.4,0.634579,0.365799,-0.2,0.15,1,1002.96,1.38977e+07,0.253375,0.012497,0.246537,0.0276458,-0.109855,0.374186,-0.160574,nan,nan,nan,nan,-0.00982479,-0.0270795,-0.0163557,nan,-0.134578,0,-0.0662268,-0.296229,nan,-0.389231,-0.390543,-0.361059,-0.36914,0.574685,0.184093,-0.676,-0.0170233,0.00697674,-0.5
1132,-38.1478,394.595,-0.100954,0.166667,1.375,0.112848,1.17289,0.26356,-0.0101563,-0.759458,5.85277e-05,0.0112785,0.228932,12074.4,0.649646,0.368042,-0.2,0.15,1,1003.98,1.391e+07,0.266909,0.0139066,0.257691,0.0278331,-0.118133,0.394595,-0.16823,nan,nan,nan,nan,-0.0102871,-0.0286464,-0.0167243,nan,-0.142245,0,-0.076416,-0.317365,nan,-0.425665,-0.439842,-0.381412,-0.406865,0.606271,0.190486,-0.707568,-0.0183784,0.0148649,-0.5
1133,-37.7004,356.923,-0.106301,0.0416667,1.58333,0.111425,1.17674,0.260523,-0.00931508,-0.765819,5.85277e-05,0.0106602,0.228794,13273.2,0.643448,0.282326,-0.2,0.15,1,1004.91,1.39223e+07,0.238562,0.0119377,0.235863,0.0272341,-0.109217,0.356923,-0.155374,nan,nan,nan,nan,-0.00919407,-0.0250077,-0.0152166,nan,-0.127847,-2.5641e-05,-0.0666406,-0.283692,nan,-0.364582,-0.537154,-0.340557,-0.347,0.549172,0.172923,-0.645128,-0.0179487,-0.000961538,-0.5
1134,-40.0288,406.906,-0.100675,0.125,1.20833,0.115061,1.1864,0.298951,-0.00820854,-0.771806,5.85277e-05,0.0148067,0.228743,12251.6,0.639958,0.363015,-0.2,0.15,1,1005.91,1.39346e+07,0.278313,0.0123168,0.271874,0.0337585,-0.121746,0.406906,-0.209925,nan,nan,nan,nan,-0.0121184,-0.0337463,-0.0202518,nan,-0.146203,0,-0.0778683,-0.321212,nan,-0.34085,-0.575598,-0.392125,-0.44175,0.629892,0.2395,-0.72375,-0.0240625,0.00234375,-0.5
1135,-30.8356,250.419,-0.11325,0,1.79167,0.113819,1.18762,0.261051,-0.0100397,-0.774605,5.85277e-05,0.0177357,0.228653,12381.3,0.670343,0.322119,-0.2,0.15,1,1006.9,1.39469e+07,0.158308,0.00862317,0.161142,0.0209328,-0.0770373,0.250419,-0.119037,nan,nan,nan,nan,-0.00776629,-0.019471,-0.0115219,nan,-0.0895694,-6.97674e-05,-0.0548644,-0.199322,nan,-0.228369,-0.433191,-0.238423,-0.255,0.385421,0.130791,-0.457116,-0.012186,0.00523256,-0.5
1136,-40.465,419.839,-0.0983388,0.125,1.16667,0.114211,1.18077,0.215198,-0.0103302,-0.780902,5.85277e-05,0.00927053,0.228521,12796.3,0.607101,0.353174,-0.2,0.15,1,1007.87,1.39592e+07,0.283815,0.0133143,0.277748,0.0319182,-0.126376,0.419839,-0.185726,nan,nan,nan,nan,-0.0113162,-0.0307228,-0.0185416,nan,-0.150777,0,-0.0722292,-0.335651,nan,-0.432051,-0.499453,-0.401202,-0.437613,0.639825,0.211226,-0.757806,-0.0196774,0.0137097,-0.5
1137,-39.6656,397.621,-0.0973968,0.125,1.08333,0.115059,1.18486,0.227867,-0.010359,-0.787711,5.85277e-05,0.0106668,0.228406,12201.1,0.710565,0.296557,-0.2,0.15,1,1008.87,1.39715e+07,0.262347,0.014979,0.267634,0.0307422,-0.1197,0.397621,-0.1733,nan,nan,nan,nan,-0.0105471,-0.0294516,-0.0174055,nan,-0.142194,0,-0.0825678,-0.314885,nan,-0.400673,-0.517429,-0.381095,-0.399207,0.61087,0.190069,-0.711172,-0.0204138,0.0107759,-0.5
1138,-31.8128,323.7,-0.0959114,0.0833333,1.16667,0.111509,1.17441,0.239758,-0.0088939,-0.793415,5.85277e-05,0.0120529,0.228302,13094.4,0.592508,0.34591,-0.2,0.15,1,1009.81,1.39837e+07,0.229338,0.0135861,0.214311,0.0263758,-0.0987814,0.3237,-0.158817,nan,nan,nan,nan,-0.00963451,-0.0247697,-0.0155433,nan,-0.115763,0,-0.0492008,-0.252214,nan,-0.293304,-0.359467,-0.30747,-0.3513,0.49673,0.182,-0.5688,-0.0169333,-1.15648e-19,-0.5
1139,-39.5193,373.679,-0.0924483,0.125,1.04167,0.110882,1.19178,0.232483,-0.0085796,-0.799283,5.85277e-05,0.0123011,0.228195,12760.7,0.642249,0.320708,-0.2,0.15,1,1010.78,1.3996e+07,0.224987,0.0125485,0.246184,0.0310654,-0.113574,0.373679,-0.181757,nan,nan,nan,nan,-0.0108599,-0.0307826,-0.0178996,nan,-0.133768,0,-0.0739372,-0.294507,nan,-0.337922,-0.57194,-0.35529,-0.403821,0.575023,0.202571,-0.655143,-0.0206429,0.00625,-0.5
1140,-34.5279,315.808,-0.0930863,0,1.08333,0.114168,1.20647,0.246134,-0.00979592,-0.804728,5.85277e-05,0.00937883,0.228103,13067.6,0.615581,0.324761,-0.2,0.15,1,1011.72,1.40083e+07,0.206827,0.0106199,0.210532,0.0279369,-0.0972635,0.315808,-0.155369,nan,nan,nan,nan,-0.00938937,-0.0250349,-0.0152444,nan,-0.11296,0,-0.0589641,-0.250575,nan,-0.272929,-0.500843,-0.302504,-0.305538,0.487299,0.177846,-0.574154,-0.0166923,-0.00432692,-0.5
1141,-37.5404,369.265,-0.0981954,0.0416667,1.375,0.109701,1.21228,0.231707,-0.00955898,-0.809287,5.85277e-05,0.00892709,0.228013,14131.3,0.597956,0.271603,-0.2,0.15,1,1012.59,1.40206e+07,0.24301,0.0126566,0.243432,0.0306578,-0.112658,0.369265,-0.173862,nan,nan,nan,nan,-0.0103524,-0.0274152,-0.0172753,nan,-0.132078,0,-0.0591376,-0.292301,nan,-0.339693,-0.483989,-0.351593,-0.387088,0.567209,0.195412,-0.665882,-0.0205294,0.00625,-0.5
1142,-47.8557,550.577,-0.0893961,0.25,0.833333,0.110325,1.19897,0.24219,-0.0108261,-0.814615,5.85277e-05,0.014193,0.227901,14547.8,0.553715,0.290946,-0.2,0.15,1,1013.44,1.40329e+07,0.378546,0.0174335,0.370298,0.0430594,-0.170652,0.550577,-0.257812,nan,nan,nan,nan,-0.0141683,-0.0431713,-0.0255376,nan,-0.197955,0,-0.079025,-0.434911,nan,-0.534134,-0.702125,-0.5238,-0.599308,0.846873,0.295692,-0.967385,-0.0266923,0.0120192,-0.5
1143,-42.6737,485.265,-0.0928077,0.25,1.16667,0.111333,1.18392,0.239619,-0.00972021,-0.820677,5.85277e-05,0.0105675,0.227788,15779,0.498821,0.279933,-0.2,0.15,1,1014.22,1.40452e+07,0.312541,0.0157572,0.325349,0.0355059,-0.149186,0.485265,-0.214818,nan,nan,nan,nan,-0.0125064,-0.0348466,-0.0212991,nan,-0.174435,0,-0.0836612,-0.378913,nan,-0.505195,-0.478103,-0.465173,-0.484147,0.741443,0.240353,-0.863176,-0.0222353,0.00955882,-0.5
1144,-35.596,350.472,-0.102187,0.0833333,1.41667,0.114477,1.17188,0.23506,-0.00855694,-0.82657,5.85277e-05,0.00808541,0.227689,12123.9,0.664784,0.348753,-0.2,0.15,1,1015.23,1.40575e+07,0.222377,0.0118949,0.233348,0.028026,-0.106997,0.350472,-0.163278,nan,nan,nan,nan,-0.00970779,-0.0253677,-0.0160077,nan,-0.125568,0,-0.0590474,-0.276124,nan,-0.336531,-0.428547,-0.334591,-0.3715,0.541586,0.182,-0.616778,-0.018,0.0107639,-0.5
1145,-43.1949,451.595,-0.100753,0.208333,1.33333,0.113067,1.17897,0.242646,-0.0103231,-0.832476,5.85277e-05,0.0110673,0.227559,12533.7,0.650893,0.329506,-0.2,0.15,1,1016.21,1.40698e+07,0.288698,0.0134823,0.299701,0.0371577,-0.138455,0.451595,-0.207278,nan,nan,nan,nan,-0.0122472,-0.03503,-0.0205192,nan,-0.161743,0,-0.0776455,-0.355318,nan,-0.418073,-0.614481,-0.428592,-0.485838,0.697395,0.236973,-0.803027,-0.0235135,0.0128378,-0.5
1146,-39.2024,395.676,-0.0989907,0.125,1.29167,0.111876,1.21395,0.23097,-0.00961716,-0.840157,5.85277e-05,0.0154152,0.227411,13411.4,0.596156,0.320078,-0.2,0.15,1,1017.13,1.4082e+07,0.276393,0.0128123,0.262107,0.0329038,-0.12216,0.395676,-0.185103,nan,nan,nan,nan,-0.0107252,-0.0301704,-0.0182168,nan,-0.141772,-0.000147059,-0.0660371,-0.312873,nan,-0.370032,-0.546548,-0.376626,-0.421588,0.606028,0.211294,-0.706588,-0.0221765,0.0132353,-0.5
1147,-36.055,365.324,-0.102483,0.125,1.41667,0.112703,1.1769,0.241836,-0.0096922,-0.847639,5.85277e-05,0.0144253,0.227284,14130.4,0.598242,0.271375,-0.2,0.15,1,1018,1.40943e+07,0.244977,0.0106865,0.241279,0.0312318,-0.111309,0.365324,-0.180743,nan,nan,nan,nan,-0.0106262,-0.029054,-0.0182277,nan,-0.130671,-2.7027e-05,-0.0750319,-0.291038,nan,-0.312456,-0.48858,-0.349791,-0.375811,0.570829,0.204108,-0.658703,-0.0199459,0.000675676,-0.5
1148,-43.6022,492.344,-0.0907448,0.333333,1,0.108011,1.16638,0.204541,-0.00992032,-0.854329,5.85277e-05,0.0123094,0.227146,15718.9,0.540492,0.241242,-0.2,0.15,1,1018.79,1.41066e+07,0.342897,0.016128,0.331955,0.0441369,-0.151035,0.492344,-0.256809,nan,nan,nan,nan,-0.0139185,-0.0402277,-0.0251678,nan,-0.176487,0,-0.0788201,-0.391418,nan,-0.395059,-0.705878,-0.470746,-0.515062,0.751564,0.291125,-0.8805,-0.03075,0.0125,-0.5
1149,-33.0635,323.838,-0.10115,0.166667,1.375,0.111513,1.17666,0.233223,-0.0107096,-0.861505,5.85277e-05,0.0144328,0.227022,12853.2,0.587681,0.368349,-0.2,0.15,1,1019.74,1.41189e+07,0.211234,0.0114533,0.217675,0.0251192,-0.0991988,0.323838,-0.138589,nan,nan,nan,nan,-0.00819024,-0.0210857,-0.0135167,nan,-0.115637,-5.40541e-05,-0.0516602,-0.257466,nan,-0.341918,-0.399258,-0.306545,-0.332919,0.499785,0.153622,-0.573189,-0.0153514,0.00304054,-0.5
1150,-40.8293,450.615,-0.0896197,0.0833333,1,0.108773,1.20706,0.210854,-0.00949738,-0.86658,5.85277e-05,0.0126596,0.226957,13037.7,0.637567,0.304933,-0.2,0.15,1,1020.69,1.41312e+07,0.304454,0.0158287,0.302527,0.0348248,-0.137403,0.450615,-0.204619,nan,nan,nan,nan,-0.0115972,-0.0333049,-0.0196077,nan,-0.160654,0,-0.0704436,-0.344913,nan,-0.450093,-0.496158,-0.424302,-0.462692,0.692837,0.231231,-0.799385,-0.0238462,0.00769231,-0.5
1151,-38.9559,416.125,-0.0944326,0.25,1.08333,0.114088,1.17967,0.2573,-0.00930387,-0.870464,5.85277e-05,0.00825053,0.226858,13016.5,0.615885,0.32815,-0.2,0.15,1,1021.63,1.41435e+07,0.277181,0.0124422,0.273838,0.0357721,-0.1261,0.416125,-0.202803,nan,nan,nan,nan,-0.0114945,-0.0337333,-0.0196336,nan,-0.149095,-3.125e-05,-0.059609,-0.328673,nan,-0.360565,-0.551817,-0.393511,-0.452719,0.639217,0.227875,-0.73825,-0.0221875,0.00898438,-0.5
1152,-34.4287,343.15,-0.104327,0.0833333,1.58333,0.114635,1.17159,0.256543,-0.0100048,-0.877123,5.85277e-05,0.0161706,0.226709,13884,0.608377,0.276668,-0.2,0.15,1,1022.52,1.41558e+07,0.23024,0.0112176,0.231422,0.0289268,-0.104125,0.34315,-0.171692,nan,nan,nan,nan,-0.00999603,-0.0267346,-0.0174385,nan,-0.122588,0,-0.0627489,-0.269302,nan,-0.293791,-0.458694,-0.326194,-0.344775,0.533007,0.1977,-0.6113,-0.017,0.0028125,-0.5
1153,-34.6426,367.7,-0.100603,0.166667,1.5,0.111852,1.17118,0.24859,-0.00928571,-0.885449,5.85277e-05,0.0130189,0.226552,13783.2,0.553438,0.338081,-0.2,0.15,1,1023.41,1.41681e+07,0.266009,0.0119122,0.249105,0.0317054,-0.111635,0.3677,-0.18073,nan,nan,nan,nan,-0.0104406,-0.0283328,-0.0177528,nan,-0.130868,0,-0.0628454,-0.290101,nan,-0.319014,-0.455234,-0.34932,-0.368475,0.563398,0.2054,-0.668,-0.02175,0.014375,-0.5
1154,-39.3595,416.286,-0.0906048,0.125,1.04167,0.109463,1.20259,0.214032,-0.0100739,-0.8934,5.85277e-05,0.0181226,0.226436,12484.1,0.649502,0.33479,-0.2,0.15,1,1024.4,1.41804e+07,0.288703,0.0149051,0.279568,0.0338969,-0.125845,0.416286,-0.199221,nan,nan,nan,nan,-0.011341,-0.0342003,-0.0197381,nan,-0.149804,0,-0.0526857,-0.32679,nan,-0.384517,-0.489919,-0.394748,-0.478821,0.62878,0.23,-0.729571,-0.0258571,0.009375,-0.5
1155,-32.052,274.238,-0.0842363,0.0833333,0.791667,0.111571,1.20861,0.231439,-0.00991645,-0.898902,5.85277e-05,0.0126171,0.226334,12542.9,0.647422,0.332259,-0.2,0.15,1,1025.38,1.41926e+07,0.167651,0.0112694,0.175926,0.0275706,-0.0823171,0.274238,-0.142233,nan,nan,nan,nan,-0.00849481,-0.0218288,-0.0135251,nan,-0.0980851,-4.7619e-05,-0.0486703,-0.213512,nan,-0.208888,-0.524181,-0.259984,-0.290429,0.427739,0.157524,-0.499429,-0.0161905,0.0107143,-0.5
1156,-33.5914,328.243,-0.0963682,0.125,1.41667,0.109486,1.22772,0.24081,-0.0106684,-0.904841,5.85277e-05,0.0118011,0.22623,13103.3,0.59723,0.340546,-0.2,0.15,1,1026.32,1.42049e+07,0.219831,0.0114116,0.216786,0.0251828,-0.0985203,0.328243,-0.140286,nan,nan,nan,nan,-0.00857246,-0.0228832,-0.0137326,nan,-0.116961,0,-0.0482927,-0.26117,nan,-0.344512,-0.379151,-0.308971,-0.354,0.501517,0.159892,-0.587027,-0.0143243,-0.00506757,-0.5
1157,-36.4444,350,-0.0923947,0.0833333,1.125,0.110723,1.2333,0.21103,-0.010348,-0.910192,5.85277e-05,0.0107286,0.226132,13844.1,0.568374,0.319221,-0.2,0.15,1,1027.21,1.42172e+07,0.220597,0.0115842,0.236972,0.0287864,-0.105069,0.35,-0.152886,nan,nan,nan,nan,-0.00922978,-0.0235492,-0.0152509,nan,-0.12421,-0.000103448,-0.0584005,-0.27222,nan,-0.33347,-0.479528,-0.330797,-0.357207,0.536917,0.17131,-0.639862,-0.0184138,0.00732759,-0.5
1158,-34.5259,350.714,-0.0940789,0.0833333,1.08333,0.114305,1.17123,0.251939,-0.00892631,-0.915506,5.85277e-05,0.0179141,0.226041,11827.7,0.586312,0.452603,-0.2,0.15,1,1028.25,1.42295e+07,0.2384,0.0124024,0.235374,0.0286491,-0.105338,0.350714,-0.158,nan,nan,nan,nan,-0.00898422,-0.0256977,-0.0154612,nan,-0.125387,0,-0.0472451,-0.27328,nan,-0.341623,-0.45129,-0.32884,-0.381536,0.538503,0.176714,-0.622143,-0.0192857,-0.003125,-0.5
1159,-34.7079,337.375,-0.0891212,0.0416667,0.958333,0.115516,1.19541,0.251778,-0.00958583,-0.921012,5.85277e-05,0.0152089,0.225927,11608.8,0.672463,0.386044,-0.2,0.15,1,1029.31,1.42418e+07,0.235599,0.00967326,0.220516,0.0291885,-0.100856,0.337375,-0.162937,nan,nan,nan,nan,-0.00974506,-0.0257998,-0.0157266,nan,-0.120224,-4.16667e-05,-0.0491736,-0.25774,nan,-0.29611,-0.491674,-0.316032,-0.35775,0.513776,0.1795,-0.603833,-0.0188333,0.00364583,-0.5
1160,-43.0335,468.194,-0.0912866,0.166667,1.125,0.113683,1.19297,0.248374,-0.0102013,-0.92689,5.85277e-05,0.016003,0.225848,11684.2,0.655948,0.395727,-0.2,0.15,1,1030.36,1.42541e+07,0.302928,0.0154826,0.313769,0.0340078,-0.139619,0.468194,-0.199471,nan,nan,nan,nan,-0.0117452,-0.0325373,-0.0192698,nan,-0.166672,0,-0.0786591,-0.36618,nan,-0.492493,-0.51548,-0.439912,-0.484839,0.723096,0.21871,-0.833806,-0.0225806,0.0108871,-0.5
1161,-33.5933,319.692,-0.102901,0,1.625,0.111367,1.17646,0.270472,-0.0102556,-0.930899,5.85277e-05,0.00645177,0.225774,12490.3,0.628553,0.355254,-0.2,0.15,1,1031.35,1.42664e+07,0.213675,0.0107698,0.212514,0.0252566,-0.0966561,0.319692,-0.143421,nan,nan,nan,nan,-0.00852126,-0.022379,-0.0141108,nan,-0.113908,0,-0.0479036,-0.251843,nan,-0.313948,-0.409415,-0.301853,-0.333769,0.49512,0.16441,-0.568103,-0.0159487,-0.000320513,-0.5
1162,-39.3961,396.175,-0.10135,0.0833333,1.58333,0.113603,1.17884,0.241252,-0.010118,-0.935913,5.85277e-05,0.00957609,0.225652,13639.9,0.616944,0.283943,-0.2,0.15,1,1032.25,1.42787e+07,0.246271,0.012858,0.264855,0.0318024,-0.118786,0.396175,-0.179817,nan,nan,nan,nan,-0.0108449,-0.0298184,-0.0175019,nan,-0.140834,0,-0.0641009,-0.309771,nan,-0.383661,-0.541473,-0.372381,-0.401175,0.6041,0.2112,-0.7128,-0.0218,0.015625,-0.5
1163,-31.0023,284.594,-0.0974332,0,1.33333,0.113707,1.18976,0.257906,-0.00989615,-0.942318,5.85277e-05,0.0128684,0.225557,14763,0.551405,0.280945,-0.2,0.15,1,1033.09,1.42909e+07,0.184197,0.00930821,0.184487,0.0242451,-0.084714,0.284594,-0.13355,nan,nan,nan,nan,-0.00845468,-0.0206095,-0.013029,nan,-0.10127,0,-0.0518978,-0.227351,nan,-0.259251,-0.33853,-0.268154,-0.295969,0.435445,0.148875,-0.50925,-0.0143125,0.00507812,-0.5
1164,-32.9682,308.054,-0.0979973,0.0833333,1.45833,0.112804,1.18201,0.260334,-0.0103295,-0.946812,5.85277e-05,0.00972261,0.225471,11121.6,0.656378,0.448504,-0.2,0.15,1,1034.19,1.43032e+07,0.205431,0.00982081,0.201476,0.0262185,-0.0920395,0.308054,-0.147697,nan,nan,nan,nan,-0.0091247,-0.0247163,-0.0146802,nan,-0.110114,0,-0.0461507,-0.239664,nan,-0.276951,-0.439713,-0.290668,-0.32927,0.471502,0.164541,-0.556432,-0.0171351,0.00810811,-0.5
1165,-47.4002,524.615,-0.087765,0.166667,0.916667,0.113361,1.20301,0.218081,-0.0100569,-0.951147,5.85277e-05,0.0115165,0.225394,12162.4,0.660791,0.349539,-0.2,0.15,1,1035.2,1.43155e+07,0.343969,0.0177305,0.358729,0.0447592,-0.156299,0.524615,-0.262465,nan,nan,nan,nan,-0.0141998,-0.0412717,-0.0257976,nan,-0.187184,0,-0.0714708,-0.408301,nan,-0.447727,-0.718334,-0.493315,-0.588923,0.810549,0.303385,-0.907231,-0.032,0.00384615,-0.5
1166,-38.2862,423.042,-0.088448,0.0833333,0.916667,0.112639,1.19795,0.232941,-0.0111815,-0.955175,5.85277e-05,0.0101406,0.225328,13013.4,0.619535,0.324724,-0.2,0.15,1,1036.15,1.43278e+07,0.27732,0.0143776,0.282875,0.0294193,-0.125672,0.423042,-0.162887,nan,nan,nan,nan,-0.0097858,-0.0256344,-0.0162859,nan,-0.150583,-4.16667e-05,-0.0651349,-0.32687,nan,-0.47236,-0.400404,-0.400152,-0.419375,0.64854,0.181667,-0.761,-0.0171667,0.00677083,-0.5
1167,-40.8229,453.282,-0.0970528,0.333333,1.29167,0.116025,1.25089,0.244937,-0.00966057,-0.958693,5.85277e-05,0.0116512,0.225269,13463.9,0.584116,0.328544,-0.2,0.15,1,1037.06,1.43401e+07,0.306829,0.01573,0.30046,0.0418648,-0.135522,0.453282,-0.232062,nan,nan,nan,nan,-0.0132271,-0.0379684,-0.0229415,nan,-0.161722,-0.000205128,-0.0734832,-0.346114,nan,-0.353183,-0.611153,-0.42533,-0.498,0.696242,0.265333,-0.799795,-0.0262051,0.0134615,-0.5
1168,-32.5456,292.816,-0.103141,0,1.58333,0.115102,1.23931,0.286006,-0.0104076,-0.962862,5.85277e-05,0.00886557,0.225184,12569.4,0.570574,0.407038,-0.2,0.15,1,1038.04,1.43524e+07,0.201318,0.00957091,0.191519,0.0239793,-0.0857243,0.292816,-0.132224,nan,nan,nan,nan,-0.00803753,-0.0215538,-0.0130177,nan,-0.104226,0,-0.0481536,-0.229993,nan,-0.275771,-0.43212,-0.274666,-0.297711,0.450316,0.143158,-0.521158,-0.0155263,0.00855263,-0.5
1169,-36.2261,370.348,-0.0871155,0,0.958333,0.11608,1.20273,0.247284,-0.00923751,-0.968239,5.85277e-05,0.00683928,0.225094,12591.6,0.633058,0.342833,-0.2,0.15,1,1039.02,1.43647e+07,0.2433,0.012439,0.244406,0.0326959,-0.110461,0.370348,-0.191443,nan,nan,nan,nan,-0.0115448,-0.0317106,-0.0193201,nan,-0.132405,0,-0.0536777,-0.294649,nan,-0.290367,-0.473524,-0.348818,-0.383739,0.568537,0.224,-0.660348,-0.0207826,0.0157609,-0.5
1170,-32.8554,319.917,-0.0973921,0.125,1.375,0.114458,1.18226,0.257151,-0.00924745,-0.973517,5.85277e-05,0.00754846,0.224991,12111.2,0.655539,0.359059,-0.2,0.15,1,1040.04,1.4377e+07,0.21047,0.0110508,0.212778,0.0270124,-0.0945664,0.319917,-0.151825,nan,nan,nan,nan,-0.00910283,-0.0245774,-0.0147965,nan,-0.113408,0,-0.0517164,-0.245881,nan,-0.288173,-0.466737,-0.297047,-0.331917,0.488752,0.169778,-0.575111,-0.0188333,0.00763889,-0.5
1171,-38.2296,406.343,-0.0932342,0.166667,1.29167,0.111976,1.2088,0.257923,-0.00902334,-0.978779,5.85277e-05,0.0127273,0.224906,13395,0.619604,0.297752,-0.2,0.15,1,1040.96,1.43892e+07,0.269761,0.0139911,0.276497,0.034364,-0.11992,0.406343,-0.204717,nan,nan,nan,nan,-0.0116831,-0.0325417,-0.0199138,nan,-0.144436,0,-0.0577955,-0.315827,nan,-0.351807,-0.556258,-0.379488,-0.449057,0.624395,0.242171,-0.714743,-0.0233143,0.0135714,-0.5
1172,-42.8216,481.821,-0.0867643,0.208333,0.958333,0.113939,1.204,0.248279,-0.00913915,-0.983859,5.85277e-05,0.00765594,0.224796,14819.1,0.567196,0.262004,-0.2,0.15,1,1041.79,1.44015e+07,0.319189,0.0144697,0.322058,0.0374686,-0.142735,0.481821,-0.218079,nan,nan,nan,nan,-0.0127398,-0.0358383,-0.022335,nan,-0.170984,0,-0.0766608,-0.37691,nan,-0.466517,-0.546387,-0.450551,-0.497893,0.737363,0.246571,-0.858143,-0.0251429,0.0116071,-0.5
1173,-39.4619,426.5,-0.0874078,0.208333,1.04167,0.112483,1.20829,0.247617,-0.0100591,-0.99034,5.85277e-05,0.0103398,0.224672,15149.6,0.537167,0.273943,-0.2,0.15,1,1042.6,1.44138e+07,0.29333,0.0138113,0.286868,0.0357613,-0.126099,0.4265,-0.197293,nan,nan,nan,nan,-0.0111681,-0.0314187,-0.0190789,nan,-0.151679,0,-0.0521086,-0.324487,nan,-0.402891,-0.577221,-0.398579,-0.4727,0.645021,0.224533,-0.754533,-0.0244667,0.00375,-0.5
1174,-31.4019,314.84,-0.0888888,0.0833333,0.958333,0.113195,1.20612,0.232426,-0.0106819,-0.997853,5.85277e-05,0.00791761,0.224529,11781.6,0.609368,0.433615,-0.2,0.15,1,1043.64,1.44261e+07,0.190492,0.00986559,0.213686,0.0260606,-0.0930984,0.31484,-0.140992,nan,nan,nan,nan,-0.00871963,-0.0214358,-0.013948,nan,-0.111425,0,-0.051068,-0.245775,nan,-0.300559,-0.328162,-0.294301,-0.31068,0.478204,0.15552,-0.57056,-0.01704,0.009,-0.5
1175,-42.0529,475.379,-0.0906318,0.208333,1,0.114144,1.18037,0.234956,-0.0109169,-1.00516,5.85277e-05,0.0110916,0.224409,11836.4,0.667031,0.371126,-0.2,0.15,1,1044.68,1.44384e+07,0.323182,0.0149533,0.328527,0.0369004,-0.140978,0.475379,-0.207576,nan,nan,nan,nan,-0.0112137,-0.0324023,-0.0201992,nan,-0.168973,0,-0.0613075,-0.362081,nan,-0.487503,-0.542444,-0.443269,-0.506379,0.72698,0.240414,-0.835724,-0.0246207,0.00948276,-0.5
1176,-34.2562,379.733,-0.0919186,0.125,1.125,0.11072,1.17494,0.231941,-0.0100024,-1.01217,5.85277e-05,0.0149558,0.224266,12435.8,0.635574,0.352544,-0.2,0.15,1,1045.67,1.44507e+07,0.261428,0.0122118,0.26131,0.0329674,-0.112628,0.379733,-0.187843,nan,nan,nan,nan,-0.010491,-0.0285156,-0.0188034,nan,-0.134706,0,-0.0598417,-0.294243,nan,-0.324564,-0.418869,-0.355133,-0.3894,0.584101,0.206267,-0.668,-0.0213333,0.00958333,-0.5
1177,-31.4601,321.667,-0.0846706,0.0416667,0.833333,0.11186,1.20468,0.258013,-0.0103104,-1.02023,5.85277e-05,0.00928563,0.22413,12916.8,0.653977,0.297341,-0.2,0.15,1,1046.63,1.4463e+07,0.21357,0.0128402,0.216805,0.0245739,-0.0944534,0.321667,-0.136376,nan,nan,nan,nan,-0.00813111,-0.02279,-0.013153,nan,-0.113862,0,-0.0442447,-0.250082,nan,-0.340525,-0.349039,-0.296971,-0.333571,0.490497,0.155048,-0.565905,-0.0149524,0.00238095,-0.5
1178,-38.7986,440.972,-0.0954966,0.25,1.25,0.114156,1.17443,0.258347,-0.0104357,-1.02705,5.85277e-05,0.010786,0.224022,15159.6,0.554653,0.255921,-0.2,0.15,1,1047.44,1.44753e+07,0.28482,0.0143096,0.299296,0.0361104,-0.129844,0.440972,-0.210369,nan,nan,nan,nan,-0.0117471,-0.0332529,-0.0203387,nan,-0.155913,-2.77778e-05,-0.0756492,-0.341269,nan,-0.400783,-0.488185,-0.409986,-0.436167,0.673485,0.235889,-0.779444,-0.0221111,0.00694444,-0.5
1179,-31.8679,305.207,-0.0918127,0.0416667,1.16667,0.11198,1.17456,0.23785,-0.0095591,-1.03271,5.85277e-05,0.00995256,0.22391,12664.5,0.537942,0.432332,-0.2,0.15,1,1048.41,1.44876e+07,0.198255,0.010412,0.206527,0.0272893,-0.0901118,0.305207,-0.156666,nan,nan,nan,nan,-0.00899707,-0.0236474,-0.0154281,nan,-0.108497,0,-0.0494512,-0.242733,nan,-0.251092,-0.410568,-0.285846,-0.307034,0.46843,0.170897,-0.546759,-0.018,0.00301724,-0.5
1180,-31.0107,314.903,-0.093972,0.0833333,1.20833,0.112154,1.22431,0.246436,-0.00931384,-1.03909,5.85277e-05,0.0127573,0.2238,11770.8,0.64847,0.395471,-0.2,0.15,1,1049.46,1.44998e+07,0.215276,0.00970335,0.208954,0.0248022,-0.0924032,0.314903,-0.150574,nan,nan,nan,nan,-0.00888369,-0.0242106,-0.0149193,nan,-0.11128,0,-0.0591969,-0.247744,nan,-0.294777,-0.330251,-0.294299,-0.318871,0.479504,0.174968,-0.563484,-0.0167097,0.00604839,-0.5
1181,-39.3958,443.7,-0.0914303,0.166667,1.08333,0.112045,1.21424,0.261273,-0.0102423,-1.04467,5.85277e-05,0.0126335,0.223707,12280.5,0.655001,0.345608,-0.2,0.15,1,1050.46,1.45121e+07,0.312514,0.0144629,0.305299,0.0337521,-0.13081,0.4437,-0.18732,nan,nan,nan,nan,-0.010713,-0.0296739,-0.0185602,nan,-0.157547,0,-0.0709053,-0.339446,nan,-0.463996,-0.491009,-0.415134,-0.4493,0.676616,0.2172,-0.794,-0.0214,0.00708333,-0.5
1182,-36.5206,420.188,-0.0945467,0.125,1.20833,0.110681,1.17645,0.255124,-0.00987806,-1.05005,5.85277e-05,0.0117102,0.223604,13806.9,0.597446,0.292542,-0.2,0.15,1,1051.35,1.45244e+07,0.29606,0.0140127,0.285025,0.0329078,-0.12366,0.420187,-0.195091,nan,nan,nan,nan,-0.0112877,-0.0297604,-0.0187124,nan,-0.14846,-9.375e-05,-0.0718389,-0.31886,nan,-0.399544,-0.406204,-0.391672,-0.40725,0.649603,0.218,-0.7565,-0.0234375,0.0136719,-0.5
1183,-33.3812,376.361,-0.095543,0.125,1.375,0.108498,1.19242,0.300182,-0.00984965,-1.05559,5.85277e-05,0.00810716,0.223515,15389.8,0.546683,0.251766,-0.2,0.15,1,1052.15,1.45367e+07,0.258152,0.0122786,0.253786,0.0301047,-0.1105,0.376361,-0.160922,nan,nan,nan,nan,-0.00959769,-0.0253817,-0.0160535,nan,-0.133457,0,-0.0629292,-0.2922,nan,-0.379572,-0.333818,-0.350557,-0.36575,0.580114,0.188333,-0.664222,-0.0183333,0.00416667,-0.5
1184,-38.7707,427.975,-0.0999966,0.208333,1.45833,0.11042,1.22542,0.309509,-0.0103316,-1.06015,5.85277e-05,0.0146108,0.22345,15221.8,0.531017,0.276245,-0.2,0.15,1,1052.96,1.4549e+07,0.285856,0.0134333,0.292438,0.0315491,-0.126022,0.427975,-0.16654,nan,nan,nan,nan,-0.00991717,-0.0252726,-0.0165479,nan,-0.151138,0,-0.0848566,-0.331955,nan,-0.461676,-0.439186,-0.398416,-0.418575,0.664043,0.1916,-0.7692,-0.018,0.009375,-0.5
1185,-38.724,448.889,-0.099739,0.25,1.625,0.109006,1.18219,0.296172,-0.0097898,-1.06393,5.85277e-05,0.0131593,0.223374,12236.9,0.640711,0.363469,-0.2,0.15,1,1053.96,1.45613e+07,0.322211,0.014642,0.309431,0.0356588,-0.13182,0.448889,-0.209569,nan,nan,nan,nan,-0.0111765,-0.0305559,-0.0201266,nan,-0.158573,0,-0.0711507,-0.347108,nan,-0.432627,-0.50223,-0.417992,-0.4614,0.690352,0.238756,-0.790311,-0.0227556,0.0111111,-0.5
1186,-36.0529,377.69,-0.101431,0.125,1.625,0.112644,1.19832,0.266115,-0.00962412,-1.06913,5.85277e-05,0.00822208,0.223266,11862.6,0.662892,0.372966,-0.2,0.15,1,1055,1.45736e+07,0.259118,0.0122366,0.257332,0.030536,-0.110488,0.37769,-0.173917,nan,nan,nan,nan,-0.0102866,-0.0273767,-0.0167853,nan,-0.133614,0,-0.0639331,-0.294858,nan,-0.361264,-0.447808,-0.351183,-0.388786,0.579211,0.197905,-0.672286,-0.0190952,0.00863095,-0.5
1187,-34.5773,381.235,-0.0936875,0.125,1.29167,0.111969,1.1984,0.261518,-0.0105818,-1.07492,5.85277e-05,0.011177,0.223176,11577.8,0.701788,0.359553,-0.2,0.15,1,1056.07,1.45859e+07,0.250824,0.0121917,0.256423,0.0361878,-0.111676,0.381235,-0.205597,nan,nan,nan,nan,-0.0117281,-0.0331341,-0.0201655,nan,-0.135196,0,-0.0676691,-0.294303,nan,-0.284948,-0.427711,-0.355292,-0.378882,0.580076,0.228235,-0.684941,-0.0208824,0.0139706,-0.5
1188,-38.9379,441.033,-0.0907858,0.166667,1.08333,0.111867,1.19561,0.241173,-0.00945642,-1.07948,5.85277e-05,0.0122663,0.223101,14094.8,0.582058,0.289756,-0.2,0.15,1,1056.94,1.45981e+07,0.286149,0.0157004,0.304575,0.0343425,-0.129727,0.441033,-0.203613,nan,nan,nan,nan,-0.0111115,-0.0318302,-0.0203082,nan,-0.156421,-0.000133333,-0.0691651,-0.340805,nan,-0.435227,-0.45224,-0.410632,-0.46,0.679896,0.2296,-0.783467,-0.0206667,0.00541667,-0.5
1189,-35.8854,373.706,-0.0934871,0.125,1.29167,0.109911,1.20897,0.2551,-0.0105238,-1.08393,3.90184e-05,0.0210241,0.223015,16236.8,0.510866,0.245932,-0.2,0.15,1,1057.7,1.46104e+07,0.255987,0.0127617,0.257103,0.033326,-0.109053,0.373706,-0.188476,nan,nan,nan,nan,-0.0109314,-0.0289418,-0.0177246,nan,-0.132342,0,-0.0623457,-0.284192,nan,-0.307575,-0.526998,-0.348594,-0.384176,0.569977,0.218353,-0.662,-0.0194706,0.00772059,-0.5
1190,-28.6142,245,-0.0855749,0,0.833333,0.111464,1.21174,0.241525,-0.00824808,-1.08827,3.90184e-05,0.0103274,0.222948,16372.7,0.499386,0.251131,-0.2,0.15,1,1058.45,1.46227e+07,0.156249,0.00866681,0.157769,0.0212535,-0.0706312,0.245,-0.107,nan,nan,nan,nan,-0.00746413,-0.017415,-0.0110623,nan,-0.0864213,0,-0.0498136,-0.189288,nan,-0.212705,-0.347357,-0.227428,-0.2253,0.376736,0.1232,-0.4598,-0.0129,0.005,-0.5
1191,-35.3092,366.471,-0.0951813,0.0833333,1.33333,0.11626,1.22703,0.263824,-0.00775991,-1.09208,3.90184e-05,0.0160441,0.222876,14969,0.531746,0.289148,-0.2,0.15,1,1059.27,1.4635e+07,0.248121,0.0119332,0.244494,0.0301283,-0.106733,0.366471,-0.168362,nan,nan,nan,nan,-0.0102688,-0.0272813,-0.016559,nan,-0.129241,0,-0.0775034,-0.278858,nan,-0.336881,-0.426432,-0.34054,-0.379412,0.569436,0.189765,-0.654588,-0.018,0.0154412,-0.5
1192,-37.7115,409.043,-0.0858018,0.0416667,0.916667,0.111667,1.22787,0.250198,-0.00862165,-1.09562,3.90184e-05,0.011779,0.222825,14906.6,0.546228,0.278106,-0.2,0.15,1,1060.1,1.46473e+07,0.261852,0.010818,0.274208,0.0346594,-0.119516,0.409043,-0.200757,nan,nan,nan,nan,-0.0115115,-0.0323896,-0.020123,nan,-0.144736,0,-0.0850967,-0.311998,nan,-0.352233,-0.447878,-0.380294,-0.409696,0.633419,0.232522,-0.736174,-0.0255652,0.0141304,-0.5
1193,-36.3907,412.967,-0.092417,0.166667,1.08333,0.110728,1.22306,0.264727,-0.00814136,-1.09884,3.90184e-05,0.0125894,0.222743,14572.9,0.580152,0.263058,-0.2,0.15,1,1060.94,1.46596e+07,0.285763,0.0139959,0.276241,0.0349848,-0.120265,0.412967,-0.19138,nan,nan,nan,nan,-0.0116855,-0.0331774,-0.0188425,nan,-0.146308,0,-0.0715751,-0.31075,nan,-0.365963,-0.461622,-0.383651,-0.4103,0.633481,0.209867,-0.734,-0.0202,0.0108333,-0.5
1194,-32.6599,341.808,-0.0891812,0.0833333,1,0.110197,1.19121,0.23962,-0.0073814,-1.10354,3.90184e-05,0.0112844,0.222668,14687.1,0.5653,0.271355,-0.2,0.15,1,1061.78,1.46719e+07,0.213951,0.0106109,0.233302,0.0316486,-0.0993965,0.341808,-0.174677,nan,nan,nan,nan,-0.0100991,-0.0272577,-0.0170929,nan,-0.120502,0,-0.0647851,-0.260015,nan,-0.266482,-0.423595,-0.318063,-0.331615,0.530798,0.201231,-0.616308,-0.0197692,-0.00144231,-0.5
1195,-34.0392,347.111,-0.0900147,0.0833333,1.04167,0.113134,1.21026,0.25678,-0.00882564,-1.10734,3.90184e-05,0.0139424,0.2226,15454.5,0.525357,0.269753,-0.2,0.15,1,1062.58,1.46842e+07,0.252465,0.0120095,0.229662,0.0275687,-0.100353,0.347111,-0.148244,nan,nan,nan,nan,-0.00876084,-0.0234208,-0.0144947,nan,-0.12261,0,-0.0565175,-0.264403,nan,-0.350247,-0.428168,-0.322511,-0.361,0.536179,0.16563,-0.619111,-0.0173333,-0.00416667,-0.5
1196,-39.5656,461.594,-0.0925604,0.166667,1.16667,0.11371,1.20232,0.266911,-0.0075572,-1.11124,3.90184e-05,0.00648001,0.222527,14532.5,0.544687,0.300864,-0.2,0.15,1,1063.42,1.46964e+07,0.308861,0.0154535,0.318413,0.0384992,-0.135281,0.461594,-0.209891,nan,nan,nan,nan,-0.0116013,-0.0329499,-0.0203916,nan,-0.163369,0,-0.0731626,-0.354586,nan,-0.430632,-0.493051,-0.429684,-0.463969,0.71212,0.233,-0.815125,-0.0250625,-0.00078125,-0.5
1197,-35.4473,398.032,-0.092599,0.0833333,1.20833,0.112323,1.15092,0.266883,-0.00918237,-1.11465,3.90184e-05,0.0160538,0.222491,14233.6,0.557201,0.306108,-0.2,0.15,1,1064.29,1.47087e+07,0.276964,0.013178,0.268042,0.0371894,-0.115355,0.398032,-0.201687,nan,nan,nan,nan,-0.011377,-0.0311445,-0.0195858,nan,-0.140297,0,-0.0700587,-0.303291,nan,-0.318554,-0.44586,-0.369387,-0.393968,0.617327,0.220645,-0.705677,-0.0206452,0.0108871,-0.5
1198,-39.7872,432.433,-0.091805,0.25,1,0.114309,1.20241,0.240319,-0.00881898,-1.11676,3.90184e-05,0.0127937,0.222427,14015.6,0.555297,0.32144,-0.2,0.15,1,1065.17,1.4721e+07,0.27552,0.016421,0.288679,0.035129,-0.125938,0.432433,-0.187633,nan,nan,nan,nan,-0.0110738,-0.0306328,-0.0183717,nan,-0.152275,0,-0.0853764,-0.332552,nan,-0.425064,-0.539712,-0.402399,-0.4318,0.668694,0.211067,-0.7864,-0.0194,0.0133333,-0.5
1199,-35.8583,386.654,-0.0906409,0.0416667,1.04167,0.113339,1.21663,0.264898,-0.00883721,-1.1209,3.90184e-05,0.00973932,0.22235,15797.2,0.5253,0.252561,-0.2,0.15,1,1065.95,1.47333e+07,0.254689,0.0142099,0.262313,0.0346641,-0.111438,0.386654,-0.191762,nan,nan,nan,nan,-0.0109224,-0.0310455,-0.0190379,nan,-0.136313,0,-0.0683465,-0.291175,nan,-0.320608,-0.452086,-0.358296,-0.399808,0.596007,0.222615,-0.683385,-0.0206154,0.0115385,-0.5
1200,-34.9543,367.905,-0.0854704,0.0833333,0.791667,0.111247,1.21367,0.227607,-0.00852951,-1.12509,3.90184e-05,0.0143487,0.222277,15166,0.54828,0.261956,-0.2,0.15,1,1066.76,1.47456e+07,0.238448,0.0103592,0.246194,0.0339475,-0.107225,0.367905,-0.190481,nan,nan,nan,nan,-0.0114229,-0.0310018,-0.0189051,nan,-0.129714,0,-0.0812148,-0.281802,nan,-0.275101,-0.473428,-0.344915,-0.360429,0.569953,0.216762,-0.659048,-0.0207619,0.00654762,-0.5
1201,-43.7074,467.231,-0.09098,0.125,0.958333,0.110869,1.19056,0.249493,-0.00779059,-1.12912,3.90184e-05,0.0102029,0.222211,15647.6,0.538104,0.24719,-0.3,0.15,1,1069.32,1.47579e+07,0.291928,0.0168964,0.322398,0.0392363,-0.137358,0.467231,-0.22105,nan,nan,nan,nan,-0.0125223,-0.0344113,-0.0213562,nan,-0.165275,0,-0.0677084,-0.356457,nan,-0.429578,-0.632273,-0.435443,-0.525346,0.721975,0.252308,-0.825846,-0.0253077,0.0105769,-0.5
1202,-44.4507,513.444,-0.0924612,0.166667,0.958333,0.113243,1.16889,0.243079,-0.00736849,-1.13252,3.90184e-05,0.00857532,0.222156,16247.1,0.505418,0.2509,-0.3,0.15,1,1070.08,1.47702e+07,0.381902,0.0186803,0.35002,0.043729,-0.154476,0.513444,-0.243763,nan,nan,nan,nan,-0.013238,-0.0383833,-0.0233565,nan,-0.181518,0,-0.076504,-0.39106,nan,-0.464349,-0.691676,-0.475796,-0.579778,0.801849,0.281185,-0.91037,-0.0292593,0.00925926,-0.5
1203,-37.4638,398.542,-0.0869463,0.125,0.875,0.113256,1.19098,0.286293,-0.00972854,-1.1356,3.90184e-05,0.00924707,0.222105,16066.8,0.517481,0.247327,-0.3,0.15,1,1070.85,1.47825e+07,0.259019,0.0124149,0.266841,0.0326269,-0.123282,0.398542,-0.181858,nan,nan,nan,nan,-0.0110114,-0.0305798,-0.0176549,nan,-0.140461,0,-0.0885681,-0.310266,nan,-0.36339,-0.524969,-0.371961,-0.37925,0.619766,0.2065,-0.719667,-0.0169167,0.0046875,-0.5
1204,-39.7271,455.444,-0.0911548,0.125,1,0.115288,1.1732,0.217902,-0.00865395,-1.13903,3.90184e-05,0.0099363,0.222032,15677.2,0.535983,0.24783,-0.3,0.15,1,1071.63,1.47948e+07,0.334346,0.0144096,0.318232,0.0400407,-0.141873,0.455444,-0.219648,nan,nan,nan,nan,-0.0119285,-0.0342592,-0.0210191,nan,-0.160772,0,-0.0736947,-0.348099,nan,-0.403167,-0.554539,-0.418721,-0.473333,0.708374,0.25763,-0.809926,-0.025037,0.00509259,-0.5
1205,-38.2134,401,-0.0861396,0.0833333,0.708333,0.113973,1.19157,0.243734,-0.00781073,-1.14375,3.90184e-05,0.0167586,0.221933,16212.8,0.505186,0.252734,-0.3,0.15,1,1072.39,1.4807e+07,0.251298,0.0133713,0.269532,0.0383133,-0.131029,0.401,-0.193747,nan,nan,nan,nan,-0.0111262,-0.0305423,-0.018113,nan,-0.140832,0,-0.0728289,-0.313073,nan,-0.331271,-0.615331,-0.370505,-0.376895,0.619496,0.218316,-0.725053,-0.0195789,0.0105263,-0.5
1206,-40.0524,471.462,-0.0879064,0.25,0.833333,0.111217,1.186,0.222819,-0.00860401,-1.14957,3.90184e-05,0.0120092,0.221821,15871.4,0.520941,0.253283,-0.3,0.15,1,1073.17,1.48193e+07,0.30759,0.0156965,0.327319,0.0381764,-0.1527,0.471462,-0.217838,nan,nan,nan,nan,-0.0117995,-0.0342385,-0.0211544,nan,-0.166269,0,-0.070594,-0.35973,nan,-0.450486,-0.50803,-0.437421,-0.487269,0.735169,0.244615,-0.824154,-0.025,0.00865385,-0.5
1207,-47.902,535.143,-0.0866684,0.125,0.75,0.113377,1.2097,0.240326,-0.00905877,-1.15587,3.90184e-05,0.00824056,0.221712,16017.2,0.519915,0.247262,-0.3,0.15,1,1073.94,1.48316e+07,0.357787,0.0161468,0.365709,0.0432085,-0.175735,0.535143,-0.254562,nan,nan,nan,nan,-0.014258,-0.0422243,-0.0248145,nan,-0.189289,0,-0.106685,-0.416098,nan,-0.480692,-0.701112,-0.501663,-0.546857,0.827416,0.299619,-0.972762,-0.0300952,0.0119048,-0.5
1208,-47.3485,551.44,-0.0890456,0.208333,0.833333,0.114118,1.19282,0.242168,-0.0083292,-1.16146,3.90184e-05,0.0133989,0.221625,15717.1,0.532051,0.249771,-0.3,0.15,1,1074.72,1.48439e+07,0.358896,0.0196924,0.379072,0.0432618,-0.183022,0.55144,-0.243508,nan,nan,nan,nan,-0.0131543,-0.0384003,-0.0230586,nan,-0.193716,0,-0.111571,-0.421391,nan,-0.549454,-0.667793,-0.510328,-0.534,0.862256,0.28112,-0.97984,-0.02664,0.006,-0.5
1209,-40.3242,415.565,-0.0894728,0.125,0.833333,0.11264,1.18323,0.2531,-0.00785229,-1.16565,3.90184e-05,0.0104124,0.221563,16130.3,0.505268,0.25653,-0.3,0.15,1,1075.48,1.48562e+07,0.232948,0.0131594,0.28173,0.0348836,-0.145479,0.415565,-0.192987,nan,nan,nan,nan,-0.010978,-0.0306525,-0.0194417,nan,-0.145987,0,-0.103796,-0.313749,nan,-0.373783,-0.631434,-0.385805,-0.386478,0.652103,0.213739,-0.748348,-0.020087,0.00108696,-0.5
1210,-34.0438,347.192,-0.0926348,0.0833333,1,0.108292,1.16612,0.206902,-0.00877004,-1.16916,3.90184e-05,0.0106511,0.221496,16477,0.498381,0.247384,-0.3,0.15,1,1076.23,1.48685e+07,0.230714,0.0122329,0.236963,0.0295128,-0.124315,0.347192,-0.166977,nan,nan,nan,nan,-0.00965196,-0.0259186,-0.0158383,nan,-0.12232,0,-0.066587,-0.268571,nan,-0.315452,-0.425483,-0.323971,-0.317885,0.543932,0.184154,-0.629385,-0.0187692,0.00576923,-0.5
1211,-39.7761,452.778,-0.0882803,0.25,0.875,0.11044,1.16106,0.225314,-0.00827081,-1.17374,3.90184e-05,0.0150814,0.221399,16209.4,0.508148,0.249933,-0.3,0.15,1,1076.99,1.48808e+07,0.290903,0.0158508,0.31534,0.0353491,-0.154591,0.452778,-0.202422,nan,nan,nan,nan,-0.0112047,-0.0306264,-0.0197673,nan,-0.159494,0,-0.0711951,-0.340962,nan,-0.443983,-0.498586,-0.421124,-0.467556,0.707984,0.227556,-0.809185,-0.0219259,0.00694444,-0.5
1212,-40.4799,474.579,-0.0873639,0.0416667,0.75,0.112684,1.18599,0.248782,-0.00815889,-1.17946,3.90184e-05,0.00928883,0.221301,15740.7,0.530915,0.249737,-0.3,0.15,1,1077.77,1.48931e+07,0.325498,0.014461,0.323804,0.0407122,-0.166642,0.474579,-0.247637,nan,nan,nan,nan,-0.0141666,-0.0398203,-0.0242656,nan,-0.167163,0,-0.101529,-0.3509,nan,-0.386964,-0.49671,-0.440615,-0.473842,0.736352,0.276421,-0.847789,-0.0253684,0.0151316,-0.5
1213,-32.7503,326.312,-0.084174,0.0416667,0.625,0.110085,1.15224,0.222343,-0.00798611,-1.18453,3.90184e-05,0.00653675,0.22122,15472.4,0.520067,0.274121,-0.3,0.15,1,1078.57,1.49053e+07,0.210589,0.0103447,0.218395,0.0250734,-0.123082,0.326312,-0.157706,nan,nan,nan,nan,-0.00966411,-0.0251332,-0.0152211,nan,-0.114777,0,-0.072649,-0.247979,nan,-0.293761,-0.380764,-0.301616,-0.313687,0.514249,0.17725,-0.5905,-0.015375,0.0109375,-0.5
1214,-42.0004,473.531,-0.0960658,0.208333,1.125,0.114574,1.14679,0.262476,-0.00746715,-1.18857,3.90184e-05,0.0123355,0.221157,13270.9,0.546877,0.379058,-0.3,0.15,1,1079.5,1.49176e+07,0.312747,0.015534,0.329298,0.0404461,-0.174056,0.473531,-0.220728,nan,nan,nan,nan,-0.0124012,-0.0351628,-0.021582,nan,-0.166849,-3.125e-05,-0.0913516,-0.358249,nan,-0.419696,-0.608426,-0.437917,-0.449344,0.737939,0.25525,-0.855375,-0.023625,0.0128906,-0.5
1215,-49.5425,592.652,-0.0857789,0.166667,0.791667,0.109923,1.16618,0.246639,-0.00867571,-1.19138,3.90184e-05,0.00899272,0.221113,15296.1,0.544661,0.258682,-0.3,0.15,1,1080.3,1.49299e+07,0.412692,0.0204439,0.418257,0.0492324,-0.209943,0.592652,-0.282709,nan,nan,nan,nan,-0.0146572,-0.043662,-0.0277219,nan,-0.208087,0,-0.0925222,-0.443279,nan,-0.539684,-0.703102,-0.54641,-0.652696,0.919897,0.336,-1.03513,-0.0353913,0.0217391,-0.5
1216,-38.1582,426.32,-0.0853388,0.166667,0.875,0.108737,1.20174,0.223808,-0.00703097,-1.19411,3.90184e-05,0.0123678,0.221047,16024,0.521635,0.245214,-0.3,0.15,1,1081.07,1.49422e+07,0.272156,0.0117641,0.292441,0.0364995,-0.156812,0.42632,-0.205408,nan,nan,nan,nan,-0.0113516,-0.0330482,-0.0199029,nan,-0.149683,0,-0.0744312,-0.323922,nan,-0.372778,-0.528954,-0.392988,-0.40848,0.662731,0.23792,-0.76224,-0.0224,0.0135,-0.5
1217,-47.568,524.3,-0.0816849,0.208333,0.625,0.111892,1.1752,0.248769,-0.00801539,-1.19805,3.90184e-05,0.00567071,0.220976,12603.5,0.626893,0.348073,-0.3,0.15,1,1082.05,1.49545e+07,0.350195,0.0175233,0.359406,0.0466396,-0.194045,0.5243,-0.2636,nan,nan,nan,nan,-0.013918,-0.0413807,-0.0254211,nan,-0.185417,0,-0.0882716,-0.405287,nan,-0.441655,-0.775423,-0.485703,-0.56925,0.810013,0.2998,-0.9372,-0.0316,0.008125,-0.5
1218,-38.5932,455.045,-0.0884063,0.166667,0.75,0.113842,1.17395,0.231998,-0.00839063,-1.20192,3.90184e-05,0.00793286,0.220899,11818.1,0.659123,0.380636,-0.3,0.15,1,1083.09,1.49668e+07,0.300804,0.0160991,0.315655,0.0340777,-0.168301,0.455045,-0.194568,nan,nan,nan,nan,-0.0109924,-0.0293576,-0.0184532,nan,-0.160473,-4.54545e-05,-0.075634,-0.343889,nan,-0.472805,-0.421688,-0.423154,-0.445227,0.710355,0.216545,-0.818,-0.0216364,0.0159091,-0.5
1219,-43.9003,503.565,-0.0835584,0.125,0.833333,0.107513,1.18737,0.240592,-0.00672087,-1.20635,3.90184e-05,0.0104463,0.220813,12894.8,0.617213,0.335726,-0.3,0.15,1,1084.04,1.49791e+07,0.368589,0.0184742,0.352585,0.043988,-0.187755,0.503565,-0.242487,nan,nan,nan,nan,-0.0121753,-0.0361093,-0.0232539,nan,-0.176704,0,-0.0692232,-0.377558,nan,-0.453553,-0.62942,-0.461845,-0.532304,0.789343,0.273913,-0.88087,-0.0263478,-0.00108696,-0.5
1220,-51.745,581.44,-0.0896525,0.125,0.916667,0.109881,1.16195,0.210947,-0.00871301,-1.21162,3.90184e-05,0.00740369,0.2207,13261.3,0.59898,0.327626,-0.3,0.15,1,1084.97,1.49914e+07,0.383763,0.0216544,0.401397,0.0532705,-0.219503,0.58144,-0.290944,nan,nan,nan,nan,-0.0157368,-0.0458816,-0.0276847,nan,-0.204854,0,-0.10233,-0.43731,nan,-0.481194,-0.803334,-0.536941,-0.60732,0.904396,0.33712,-1.03664,-0.03312,0.0125,-0.5
1221,-42.4117,453.478,-0.0877399,0.0833333,0.875,0.109121,1.17161,0.235284,-0.00755502,-1.21749,3.90184e-05,0.0139708,0.220612,11918.6,0.620012,0.41098,-0.3,0.15,1,1086,1.50036e+07,0.301809,0.0139006,0.315789,0.0347321,-0.177924,0.453478,-0.199891,nan,nan,nan,nan,-0.0108269,-0.0304198,-0.0192108,nan,-0.159383,0,-0.0792397,-0.338001,nan,-0.452941,-0.595852,-0.418687,-0.467087,0.713588,0.227652,-0.793913,-0.0233043,0.0157609,-0.5
1222,-48.2783,539.957,-0.086686,0.166667,0.791667,0.109401,1.17028,0.235049,-0.00896389,-1.22196,3.90184e-05,0.0107944,0.220532,12275.7,0.679923,0.321076,-0.3,0.15,1,1087,1.50159e+07,0.347977,0.0176198,0.375303,0.0430412,-0.205873,0.539957,-0.232217,nan,nan,nan,nan,-0.012733,-0.0364753,-0.0227506,nan,-0.188851,0,-0.0900529,-0.409597,nan,-0.534746,-0.701396,-0.49773,-0.532696,0.844261,0.271304,-0.956174,-0.0233913,0.00434783,-0.5
1223,-36.711,396.808,-0.0925595,0.0416667,1.04167,0.11366,1.17864,0.290922,-0.0079834,-1.2263,3.90184e-05,0.0105866,0.220458,12774.6,0.609555,0.352355,-0.3,0.15,1,1087.97,1.50282e+07,0.275106,0.0134067,0.270647,0.0320606,-0.157414,0.396808,-0.176015,nan,nan,nan,nan,-0.0104982,-0.0289491,-0.0170949,nan,-0.139429,0,-0.066076,-0.302715,nan,-0.379466,-0.440657,-0.365814,-0.387462,0.623777,0.196308,-0.712462,-0.0183846,0.0225962,-0.5
1224,-42.4973,470.379,-0.0917922,0.166667,1.04167,0.111507,1.16537,0.22532,-0.00803631,-1.22994,3.90184e-05,0.0160125,0.220395,13402.2,0.622805,0.294058,-0.3,0.15,1,1088.89,1.50405e+07,0.317062,0.0164329,0.325739,0.0443657,-0.184923,0.470379,-0.250041,nan,nan,nan,nan,-0.0136627,-0.0393993,-0.0240387,nan,-0.164528,0,-0.0874505,-0.353987,nan,-0.34907,-0.649164,-0.432332,-0.500172,0.738582,0.295172,-0.829241,-0.0278621,0.00431034,-0.5
1225,-39.5827,441.714,-0.0841143,0.125,0.75,0.110232,1.14695,0.215659,-0.00711059,-1.23396,3.90184e-05,0.01386,0.220292,13832.6,0.578251,0.310088,-0.3,0.15,1,1089.78,1.50528e+07,0.292664,0.0172361,0.305745,0.0404095,-0.172755,0.441714,-0.218538,nan,nan,nan,nan,-0.0120515,-0.0335262,-0.021044,nan,-0.154393,0,-0.0885732,-0.330813,nan,-0.361586,-0.627417,-0.401609,-0.427429,0.691503,0.257143,-0.790476,-0.0248571,0.00833333,-0.5
1226,-45.7907,535.897,-0.0866595,0.333333,0.875,0.108011,1.16505,0.2509,-0.0084001,-1.2397,3.90184e-05,0.00940912,0.220201,13026.1,0.62478,0.31856,-0.3,0.15,1,1090.72,1.50651e+07,0.36368,0.0224792,0.37398,0.04938,-0.209877,0.535897,-0.277531,nan,nan,nan,nan,-0.0142769,-0.043283,-0.0261175,nan,-0.187855,0,-0.0942202,-0.400816,nan,-0.421395,-0.745938,-0.488648,-0.574552,0.842233,0.322621,-0.941241,-0.0313793,0.0193966,-0.5
1227,-36.8763,381.741,-0.0901207,0.125,1,0.107467,1.17666,0.21718,-0.00807405,-1.2443,3.90184e-05,0.0109648,0.220121,13340,0.609748,0.311393,-0.3,0.15,1,1091.64,1.50774e+07,0.254832,0.013968,0.259631,0.0305731,-0.153987,0.381741,-0.16437,nan,nan,nan,nan,-0.00965289,-0.0270329,-0.0160659,nan,-0.133573,0,-0.0803148,-0.286236,nan,-0.377703,-0.493193,-0.348568,-0.376333,0.597509,0.186519,-0.687111,-0.019037,0.0125,-0.5
1228,-49.6629,644.458,-0.0837934,0.375,0.625,0.1104,1.16653,0.2331,-0.00862298,-1.24864,3.90184e-05,0.00975408,0.220053,14546.1,0.582744,0.262018,-0.3,0.15,1,1092.49,1.50897e+07,0.485127,0.0199066,0.452155,0.0551015,-0.250095,0.644458,-0.314662,nan,nan,nan,nan,-0.016078,-0.0490334,-0.0297473,nan,-0.22577,0,-0.112188,-0.476599,nan,-0.573444,-0.743438,-0.585618,-0.670625,1.01124,0.359333,-1.12733,-0.0379167,0.0145833,-0.5
1229,-49.0557,576.214,-0.0894039,0.208333,0.958333,0.111993,1.15803,0.232849,-0.00835653,-1.25282,3.90184e-05,0.0117149,0.219967,15722.4,0.531316,0.250243,-0.3,0.15,1,1093.27,1.5102e+07,0.38586,0.0211376,0.401821,0.0468532,-0.231077,0.576214,-0.253425,nan,nan,nan,nan,-0.013762,-0.0392703,-0.0240669,nan,-0.202167,0,-0.108915,-0.434966,nan,-0.552149,-0.714346,-0.527928,-0.559393,0.905765,0.293714,-1.02343,-0.0287857,0.0147321,-0.5
1230,-48.2576,583.042,-0.0877065,0.291667,0.708333,0.112664,1.17692,0.231247,-0.00811697,-1.25732,3.90184e-05,0.0158011,0.219908,16602.5,0.497367,0.242761,-0.3,0.15,1,1094.02,1.51142e+07,0.401582,0.0180264,0.40856,0.048967,-0.232868,0.583042,-0.270637,nan,nan,nan,nan,-0.0147498,-0.0431751,-0.0262361,nan,-0.204374,0,-0.110901,-0.432945,nan,-0.522202,-0.722119,-0.536062,-0.582125,0.916796,0.297667,-1.03317,-0.0299167,0.028125,-0.5
1231,-45.0052,527,-0.0836638,0.25,0.708333,0.109277,1.15749,0.218149,-0.00811549,-1.26038,3.90184e-05,0.0109267,0.219848,13379.7,0.575002,0.343402,-0.3,0.15,1,1094.94,1.51265e+07,0.347488,0.0184825,0.367144,0.0437118,-0.209688,0.527,-0.255587,nan,nan,nan,nan,-0.0139422,-0.0401635,-0.0248066,nan,-0.184533,0,-0.11439,-0.389349,nan,-0.45619,-0.68574,-0.482457,-0.522522,0.82553,0.294261,-0.940696,-0.0276522,0.013587,-0.5
1232,-36.0998,406.75,-0.0803705,0.166667,0.666667,0.10769,1.16288,0.211915,-0.00744898,-1.26399,3.90184e-05,0.0139097,0.21978,12760.4,0.632459,0.330523,-0.3,0.15,1,1095.9,1.51388e+07,0.276688,0.0140498,0.284056,0.0338433,-0.164603,0.40675,-0.18083,nan,nan,nan,nan,-0.0104472,-0.0279277,-0.0174473,nan,-0.142842,0,-0.0791414,-0.305704,nan,-0.380119,-0.46922,-0.370907,-0.411,0.637475,0.2078,-0.7174,-0.0209,0.009375,-0.5
1233,-38.3188,376.536,-0.0886297,0.0833333,1.08333,0.107787,1.18985,0.220749,-0.00794401,-1.2676,3.90184e-05,0.00980168,0.219717,13446.8,0.613358,0.300468,-0.3,0.15,1,1096.82,1.51511e+07,0.246693,0.014313,0.25759,0.0357189,-0.155848,0.376536,-0.185179,nan,nan,nan,nan,-0.0104907,-0.0277501,-0.0175642,nan,-0.131728,0,-0.0697062,-0.282482,nan,-0.304665,-0.659998,-0.344528,-0.371571,0.591792,0.207571,-0.670714,-0.0221429,0.00178571,-0.5
1234,-44.9334,525.583,-0.0830412,0.166667,0.833333,0.108901,1.16251,0.230581,-0.00826418,-1.27183,3.90184e-05,0.00891656,0.219616,13674.4,0.60185,0.296766,-0.3,0.15,1,1097.72,1.51634e+07,0.375134,0.0165764,0.361505,0.0445062,-0.216632,0.525583,-0.245004,nan,nan,nan,nan,-0.0136383,-0.0381265,-0.0233976,nan,-0.183966,0,-0.0996812,-0.39923,nan,-0.480794,-0.616881,-0.483309,-0.517,0.819896,0.2725,-0.9435,-0.0248333,0.0145833,-0.5
1235,-37.6941,404.789,-0.0832349,0.0833333,0.708333,0.105937,1.15292,0.210869,-0.00874162,-1.27759,3.90184e-05,0.00799588,0.219514,12970.9,0.554312,0.393038,-0.3,0.15,1,1098.66,1.51757e+07,0.277344,0.0148591,0.271927,0.0416966,-0.167734,0.404789,-0.216195,nan,nan,nan,nan,-0.0126122,-0.0343447,-0.0209303,nan,-0.14224,0,-0.0962112,-0.305586,nan,-0.270234,-0.596107,-0.371551,-0.380684,0.637156,0.238526,-0.718737,-0.0257895,0.00394737,-0.5
1236,-42.5115,510.28,-0.0836406,0.208333,0.833333,0.106824,1.15881,0.277237,-0.00866277,-1.2824,3.90184e-05,0.0125821,0.219439,13148.5,0.625569,0.308985,-0.3,0.15,1,1099.6,1.5188e+07,0.349127,0.0207616,0.355613,0.0462517,-0.209676,0.51028,-0.273968,nan,nan,nan,nan,-0.0141877,-0.0425583,-0.0257019,nan,-0.17848,0,-0.0919321,-0.376087,nan,-0.39703,-0.644271,-0.46244,-0.55236,0.801862,0.31232,-0.89424,-0.0324,0.022,-0.5
1237,-41.6811,470.314,-0.0946613,0.166667,1.29167,0.108722,1.17768,0.246316,-0.0089689,-1.28683,3.90184e-05,0.0132251,0.219335,13424.6,0.609563,0.305773,-0.3,0.15,1,1100.52,1.52003e+07,0.314222,0.0169572,0.324036,0.0400361,-0.19423,0.470314,-0.210194,nan,nan,nan,nan,-0.0119127,-0.0343188,-0.0203984,nan,-0.16415,0,-0.0879933,-0.350528,nan,-0.440316,-0.566292,-0.427032,-0.460629,0.7344,0.242743,-0.830743,-0.0236,0.00607143,-0.5
1238,-44.6556,502.656,-0.08987,0.291667,1.04167,0.109266,1.14484,0.257074,-0.00833679,-1.29251,3.90184e-05,0.00614189,0.219241,12564.8,0.630947,0.347026,-0.3,0.15,1,1101.5,1.52125e+07,0.346999,0.0193951,0.3466,0.0463979,-0.209616,0.502656,-0.245697,nan,nan,nan,nan,-0.0132805,-0.0379872,-0.0233298,nan,-0.176638,0,-0.0874999,-0.375912,nan,-0.413651,-0.753817,-0.458532,-0.537656,0.786785,0.289125,-0.883125,-0.029625,0.0191406,-0.5
1239,-50.899,595.667,-0.0874354,0.125,1,0.110025,1.17892,0.267829,-0.00826339,-1.29715,5.85277e-05,0.00459231,0.219164,15221,0.554148,0.25316,-0.3,0.15,1,1102.31,1.52248e+07,0.436276,0.0201813,0.414584,0.0504143,-0.250623,0.595667,-0.284167,nan,nan,nan,nan,-0.0152344,-0.0453165,-0.02713,nan,-0.208684,0,-0.0952145,-0.454093,nan,-0.533116,-0.745162,-0.547637,-0.632667,0.934264,0.325926,-1.06089,-0.0314074,0.0259259,-0.5
1240,-48.0621,568.618,-0.0895099,0.375,1.04167,0.108893,1.16928,0.215293,-0.0096324,-1.30184,5.85277e-05,0.0125923,0.219074,16571.1,0.494952,0.246582,-0.3,0.15,1,1103.05,1.52371e+07,0.38072,0.0212195,0.400735,0.0493489,-0.237984,0.568618,-0.268794,nan,nan,nan,nan,-0.0135629,-0.0413054,-0.0252736,nan,-0.199294,0,-0.0891692,-0.425062,nan,-0.502189,-0.764468,-0.515768,-0.608029,0.904095,0.305529,-0.989882,-0.0305882,0.0231618,-0.5
1241,-43.5627,526.722,-0.0801567,0.208333,0.541667,0.108444,1.15291,0.240182,-0.00982681,-1.30677,5.85277e-05,0.0127747,0.218976,13057.6,0.566002,0.375059,-0.3,0.15,1,1103.99,1.52494e+07,0.343143,0.0157485,0.357945,0.0481668,-0.219387,0.526722,-0.268828,nan,nan,nan,nan,-0.0150863,-0.0446392,-0.0267976,nan,-0.185476,0,-0.0876368,-0.387674,nan,-0.406862,-0.648416,-0.481146,-0.548667,0.822952,0.316667,-0.940222,-0.0298889,0.0423611,-0.5
1242,-41.6883,513.677,-0.0909364,0.291667,1,0.110946,1.14702,0.274835,-0.00926493,-1.31238,5.85277e-05,0.0107823,0.218871,12763,0.658218,0.304565,-0.3,0.15,1,1104.96,1.52617e+07,0.370058,0.0178574,0.361665,0.042041,-0.215939,0.513677,-0.230703,nan,nan,nan,nan,-0.0118211,-0.03405,-0.022236,nan,-0.179713,0,-0.0831293,-0.377263,nan,-0.503512,-0.631831,-0.465751,-0.523742,0.811342,0.262065,-0.892516,-0.0287097,0.0229839,-0.5
1243,-37.0902,382.679,-0.0921304,0.125,1.04167,0.110648,1.14084,0.265806,-0.00972787,-1.31878,5.85277e-05,0.0128603,0.218745,13362.1,0.61058,0.309038,-0.3,0.15,1,1105.88,1.5274e+07,0.270604,0.0129143,0.261966,0.035244,-0.160471,0.382679,-0.183543,nan,nan,nan,nan,-0.0105135,-0.0296086,-0.017576,nan,-0.134297,0,-0.0606882,-0.292734,nan,-0.315124,-0.547718,-0.347222,-0.413143,0.598741,0.212714,-0.675,-0.0198571,0.0245536,-0.5
1244,-38.2989,443.818,-0.0902451,0.291667,1.08333,0.108302,1.13609,0.249675,-0.0112915,-1.32539,5.85277e-05,0.0143546,0.218638,13766.7,0.613303,0.279288,-0.3,0.15,1,1106.77,1.52863e+07,0.323845,0.0148641,0.304065,0.0364812,-0.186404,0.443818,-0.2014,nan,nan,nan,nan,-0.0117053,-0.0334793,-0.0193047,nan,-0.15499,0,-0.0828569,-0.336295,nan,-0.410798,-0.50793,-0.403617,-0.439273,0.700326,0.21697,-0.790061,-0.0235152,0.0094697,-0.5
1245,-41.4762,484.846,-0.0905394,0.166667,0.916667,0.111348,1.14843,0.291453,-0.00904714,-1.33053,5.85277e-05,0.0100611,0.21855,15925.7,0.533833,0.23775,-0.3,0.15,1,1107.54,1.52986e+07,0.326145,0.0156264,0.337167,0.0416334,-0.203101,0.484846,-0.238715,nan,nan,nan,nan,-0.0128549,-0.0362029,-0.0230069,nan,-0.169706,0,-0.0910879,-0.348275,nan,-0.426473,-0.53888,-0.44003,-0.509308,0.75103,0.289538,-0.865231,-0.029,0.0144231,-0.5
1246,-36.5795,379.931,-0.0878586,0.125,1.08333,0.108464,1.12434,0.224921,-0.00954565,-1.33598,5.85277e-05,0.011943,0.218435,13549.8,0.562108,0.344766,-0.3,0.15,1,1108.45,1.53108e+07,0.276256,0.0130613,0.259574,0.0284009,-0.158194,0.379931,-0.156841,nan,nan,nan,nan,-0.00935879,-0.0242204,-0.0146797,nan,-0.132681,0,-0.0783131,-0.292031,nan,-0.391454,-0.460168,-0.346644,-0.361862,0.596242,0.16731,-0.682897,-0.0166207,0.00862069,-0.5
1247,-43.8123,530,-0.0920016,0.25,1.25,0.109844,1.13108,0.26736,-0.0097674,-1.3431,5.85277e-05,0.0117756,0.218303,12027.1,0.663917,0.357773,-0.3,0.15,1,1109.48,1.53231e+07,0.391387,0.0178381,0.371444,0.0497996,-0.220426,0.53,-0.273997,nan,nan,nan,nan,-0.0145771,-0.0408978,-0.0257453,nan,-0.185086,0,-0.104764,-0.391652,nan,-0.409592,-0.667814,-0.481955,-0.523667,0.835261,0.313444,-0.945111,-0.0316667,0.0152778,-0.5
1248,-38.8989,449.04,-0.0850826,0.208333,0.833333,0.111401,1.13697,0.212799,-0.00980954,-1.35034,5.85277e-05,0.0155859,0.218173,13218,0.617558,0.312081,-0.3,0.15,1,1110.41,1.53354e+07,0.327624,0.0153494,0.310315,0.0348545,-0.188439,0.44904,-0.19878,nan,nan,nan,nan,-0.0110156,-0.0312001,-0.0186023,nan,-0.156822,0,-0.0882136,-0.336417,nan,-0.448131,-0.494826,-0.408436,-0.45552,0.706881,0.22112,-0.79408,-0.02144,0.022,-0.5
1249,-40.844,458.615,-0.0815106,0.208333,0.875,0.110969,1.12011,0.231715,-0.00914616,-1.35707,5.85277e-05,0.00628678,0.218063,13341.9,0.653608,0.267399,-0.3,0.15,1,1111.33,1.53477e+07,0.308666,0.0164254,0.310653,0.0445124,-0.190529,0.458615,-0.238119,nan,nan,nan,nan,-0.0129542,-0.0359052,-0.0227543,nan,-0.159556,0,-0.111771,-0.341071,nan,-0.340681,-0.608742,-0.416552,-0.447923,0.721276,0.271846,-0.822769,-0.0282308,0.00721154,-0.5
1250,-43.0356,485.182,-0.0801553,0.25,0.666667,0.109529,1.15311,0.234269,-0.0101832,-1.36331,5.85277e-05,0.00601037,0.217947,15523.6,0.534205,0.257363,-0.3,0.15,1,1112.12,1.536e+07,0.303586,0.018581,0.33921,0.043262,-0.202543,0.485182,-0.240423,nan,nan,nan,nan,-0.0129175,-0.0373851,-0.0226094,nan,-0.169064,0,-0.0873287,-0.358077,nan,-0.400674,-0.693557,-0.439562,-0.507273,0.759835,0.290545,-0.860545,-0.0276364,0.03125,-0.5
1251,-39.279,426.6,-0.0903192,0.125,1.125,0.11031,1.14647,0.269378,-0.00927107,-1.36976,5.85277e-05,0.00991892,0.217831,16668.5,0.497492,0.239705,-0.3,0.15,1,1112.86,1.53723e+07,0.278827,0.01654,0.291089,0.035776,-0.177068,0.4266,-0.188973,nan,nan,nan,nan,-0.0110006,-0.0298014,-0.018559,nan,-0.14909,0,-0.0809406,-0.310129,nan,-0.405083,-0.502283,-0.387951,-0.4169,0.659422,0.220933,-0.7608,-0.0204667,-0.000833333,-0.5
1252,-44.9013,517.281,-0.0882226,0.166667,1.16667,0.107283,1.19179,0.229288,-0.0102239,-1.37672,5.85277e-05,0.0162088,0.217694,13853.7,0.548276,0.338705,-0.3,0.15,1,1113.75,1.53846e+07,0.361891,0.0191917,0.35645,0.0450298,-0.214942,0.517281,-0.251119,nan,nan,nan,nan,-0.0134234,-0.0389809,-0.0240465,nan,-0.180222,0,-0.0939061,-0.384142,nan,-0.446605,-0.656707,-0.467573,-0.536625,0.812679,0.284625,-0.91475,-0.0281875,0.00546875,-0.5
1253,-34.1028,360.08,-0.0833511,0.0833333,0.958333,0.106546,1.14474,0.287972,-0.0109138,-1.38431,5.85277e-05,0.0101917,0.217561,12687,0.621569,0.346981,-0.3,0.15,1,1114.72,1.53969e+07,0.245308,0.0119427,0.248641,0.0308209,-0.150575,0.36008,-0.163892,nan,nan,nan,nan,-0.00926868,-0.0247708,-0.0155137,nan,-0.126037,0,-0.0610153,-0.267885,nan,-0.327156,-0.406053,-0.326825,-0.37212,0.566463,0.18384,-0.63824,-0.01888,0.016,-0.5
1254,-32.4238,342.182,-0.0808801,0.0416667,0.875,0.106186,1.16195,0.198388,-0.00976847,-1.39159,5.85277e-05,0.00596571,0.217428,13284.9,0.617166,0.307792,-0.3,0.15,1,1115.65,1.54092e+07,0.235263,0.0133783,0.231421,0.0260427,-0.14154,0.342182,-0.135359,nan,nan,nan,nan,-0.00867478,-0.0219533,-0.0129928,nan,-0.119032,0,-0.0689789,-0.249025,nan,-0.360064,-0.313393,-0.309858,-0.318273,0.538741,0.145091,-0.621455,-0.0153636,0.00568182,-0.5
1255,-36.2539,405.524,-0.0799003,0.0833333,0.791667,0.105462,1.18608,0.256999,-0.0103499,-1.39888,5.85277e-05,0.0112649,0.217317,12716.8,0.623949,0.342333,-0.3,0.15,1,1116.61,1.54214e+07,0.285275,0.0145632,0.276309,0.0338722,-0.167285,0.405524,-0.176786,nan,nan,nan,nan,-0.00986189,-0.0264794,-0.0170463,nan,-0.140452,0,-0.0943062,-0.298867,nan,-0.391331,-0.494382,-0.365941,-0.374714,0.63078,0.211048,-0.720762,-0.019619,0.00952381,-0.5
1256,-45.3679,548.143,-0.0839518,0.291667,0.875,0.109898,1.15663,0.27859,-0.00947371,-1.40461,5.85277e-05,0.0092204,0.217218,15817.4,0.521659,0.255209,-0.3,0.15,1,1117.39,1.54337e+07,0.369928,0.0218705,0.387403,0.047123,-0.227816,0.548143,-0.259111,nan,nan,nan,nan,-0.0135654,-0.0387059,-0.0243606,nan,-0.190954,0,-0.09499,-0.395483,nan,-0.489313,-0.670632,-0.494574,-0.578036,0.862636,0.300714,-0.959571,-0.0292143,0.0111607,-0.5
1257,-41.0982,471.111,-0.0862698,0.166667,0.958333,0.109188,1.14169,0.243847,-0.00872764,-1.41061,5.85277e-05,0.0130207,0.217102,13109.9,0.581052,0.356257,-0.3,0.15,1,1118.33,1.5446e+07,0.334139,0.0175158,0.325335,0.0395512,-0.194836,0.471111,-0.2153,nan,nan,nan,nan,-0.0120442,-0.0334439,-0.0203009,nan,-0.16437,0,-0.0859792,-0.347795,nan,-0.436836,-0.545764,-0.425004,-0.474,0.738591,0.251704,-0.842519,-0.0235556,0.0148148,-0.5
1258,-40.5788,482.688,-0.0924839,0.125,1.20833,0.106983,1.13717,0.274699,-0.0107554,-1.417,5.85277e-05,0.0133094,0.217005,13172.6,0.61143,0.321416,-0.3,0.15,1,1119.26,1.54583e+07,0.34411,0.0165745,0.337628,0.0419745,-0.197896,0.482687,-0.239897,nan,nan,nan,nan,-0.0130504,-0.0363595,-0.0228557,nan,-0.167328,0,-0.100896,-0.351302,nan,-0.407341,-0.524513,-0.433222,-0.461531,0.761729,0.275,-0.85425,-0.0278125,0.00273437,-0.5
1259,-36.1533,395.471,-0.0904758,0.25,1.16667,0.106645,1.12018,0.250949,-0.00954853,-1.42187,5.85277e-05,0.0137285,0.216928,12406.9,0.615219,0.375197,-0.3,0.15,1,1120.26,1.54706e+07,0.270257,0.0156667,0.273963,0.0377872,-0.162573,0.395471,-0.204262,nan,nan,nan,nan,-0.0113294,-0.0311244,-0.0192413,nan,-0.137955,0,-0.0744743,-0.293387,nan,-0.301849,-0.516362,-0.359588,-0.408265,0.616044,0.228118,-0.708118,-0.0246471,0.00477941,-0.5
1260,-42.9708,510.522,-0.0837066,0.208333,0.75,0.109906,1.12733,0.260004,-0.0105718,-1.42703,5.85277e-05,0.013688,0.216823,14609.4,0.57213,0.26897,-0.3,0.15,1,1121.1,1.54829e+07,0.370018,0.0195468,0.349289,0.0413138,-0.210827,0.510522,-0.223517,nan,nan,nan,nan,-0.0128575,-0.0355616,-0.0217731,nan,-0.177433,0,-0.089505,-0.386556,nan,-0.491768,-0.553734,-0.461227,-0.528522,0.800793,0.264522,-0.905391,-0.0243478,0.00978261,-0.5
1261,-38.1179,440.077,-0.0879642,0.208333,0.875,0.112712,1.12762,0.262462,-0.0101101,-1.433,5.85277e-05,0.0131997,0.216733,15347.4,0.548363,0.252294,-0.3,0.15,1,1121.9,1.54952e+07,0.312009,0.016727,0.298907,0.034577,-0.18122,0.440077,-0.189881,nan,nan,nan,nan,-0.0114683,-0.0305638,-0.0181602,nan,-0.15319,0,-0.0834304,-0.334225,nan,-0.430783,-0.437013,-0.398848,-0.423,0.687609,0.208923,-0.788615,-0.0219231,0.00144231,-0.5
1262,-37.4905,450.167,-0.0817361,0.0833333,0.666667,0.110647,1.13265,0.246541,-0.0103862,-1.43793,5.85277e-05,0.0126324,0.216634,16554.3,0.503382,0.238901,-0.3,0.15,1,1122.64,1.55075e+07,0.32059,0.0162064,0.309925,0.0450418,-0.18378,0.450167,-0.2474,nan,nan,nan,nan,-0.0135829,-0.0379432,-0.0234816,nan,-0.156191,0,-0.0782576,-0.337077,nan,-0.300356,-0.510844,-0.403859,-0.475667,0.703149,0.281778,-0.789111,-0.0257778,0.0263889,-0.5
1263,-36.5241,382.704,-0.0898645,0.0833333,1.04167,0.111159,1.11969,0.259714,-0.010822,-1.44427,5.85277e-05,0.00983287,0.216507,13770,0.544608,0.347764,-0.3,0.15,1,1123.54,1.55197e+07,0.276163,0.0147149,0.257304,0.030191,-0.156256,0.382704,-0.163811,nan,nan,nan,nan,-0.00988414,-0.0264452,-0.0154873,nan,-0.13266,-3.7037e-05,-0.0803269,-0.282325,nan,-0.375918,-0.404982,-0.344186,-0.396556,0.591801,0.180889,-0.692,-0.0202963,0.00416667,-0.5
1264,-42.8331,530.792,-0.0856091,0.125,0.875,0.112581,1.14573,0.243329,-0.00980398,-1.45194,5.85277e-05,0.0123999,0.216363,13124.5,0.614871,0.321396,-0.3,0.15,1,1124.48,1.5532e+07,0.375454,0.0180712,0.371867,0.0396805,-0.217868,0.530792,-0.214233,nan,nan,nan,nan,-0.011648,-0.0326538,-0.0204332,nan,-0.18443,-4.16667e-05,-0.0808257,-0.390177,nan,-0.56324,-0.44162,-0.476078,-0.566375,0.82858,0.252,-0.926333,-0.0245,0.0114583,-0.5
1265,-38.6422,400.917,-0.0825021,0.125,0.875,0.110713,1.14064,0.224081,-0.00954002,-1.46014,5.85277e-05,0.016044,0.216217,12946.2,0.602975,0.346186,-0.3,0.15,1,1125.43,1.55443e+07,0.243141,0.0135311,0.268393,0.0282213,-0.163196,0.400917,-0.146475,nan,nan,nan,nan,-0.00909916,-0.024724,-0.0142904,nan,-0.139003,0,-0.101261,-0.302375,nan,-0.4485,-0.468545,-0.363014,-0.360375,0.627916,0.166,-0.736167,-0.01725,0.0125,-0.5
1266,-42.7663,525.759,-0.0853264,0.208333,1,0.108897,1.15977,0.244324,-0.00961054,-1.46795,5.85277e-05,0.0122298,0.216083,13466.7,0.612536,0.299939,-0.3,0.15,1,1126.34,1.55566e+07,0.393053,0.0193596,0.371573,0.0454504,-0.214349,0.525759,-0.259952,nan,nan,nan,nan,-0.013364,-0.0379955,-0.0241469,nan,-0.182396,0,-0.101785,-0.382086,nan,-0.45162,-0.63228,-0.469723,-0.517241,0.829088,0.295724,-0.915586,-0.0302759,0.00646552,-0.5
1267,-31.7506,340.333,-0.0822881,0.0833333,0.916667,0.108924,1.14122,0.239276,-0.00997123,-1.47537,5.85277e-05,0.00952332,0.215963,15615.5,0.547154,0.239757,-0.3,0.15,1,1127.13,1.55689e+07,0.224509,0.0128527,0.233103,0.0294767,-0.137428,0.340333,-0.155583,nan,nan,nan,nan,-0.00904036,-0.0237794,-0.0148029,nan,-0.118065,0,-0.0635125,-0.255718,nan,-0.312509,-0.359066,-0.305049,-0.33725,0.533601,0.177667,-0.599167,-0.01775,0.0130208,-0.5
1268,-36.965,463.19,-0.0808727,0.25,0.625,0.110148,1.15964,0.234126,-0.0103728,-1.48138,5.85277e-05,0.0139605,0.215883,15764.3,0.495756,0.283725,-0.3,0.15,1,1127.91,1.55812e+07,0.332815,0.0161625,0.322438,0.0369863,-0.185544,0.46319,-0.20841,nan,nan,nan,nan,-0.0113638,-0.0302324,-0.0196166,nan,-0.159654,-9.52381e-05,-0.0832226,-0.335162,nan,-0.448402,-0.417269,-0.411989,-0.457571,0.725976,0.224952,-0.820952,-0.0229524,-0.00119048,-0.5
1269,-37.3404,453.263,-0.0781789,0.125,0.666667,0.106823,1.1334,0.242725,-0.00968562,-1.48643,5.85277e-05,0.00871484,0.215776,12804.4,0.608131,0.351537,-0.3,0.15,1,1128.87,1.55935e+07,0.306272,0.020213,0.324168,0.0361248,-0.185808,0.453263,-0.204658,nan,nan,nan,nan,-0.0104933,-0.0291339,-0.019409,nan,-0.15753,0,-0.0846108,-0.333005,nan,-0.438295,-0.42037,-0.407402,-0.440211,0.713653,0.241263,-0.787579,-0.0224211,0,-0.5
1270,-44.1503,543.167,-0.0800707,0.208333,0.791667,0.107309,1.13434,0.216629,-0.010393,-1.49322,5.85277e-05,0.0144654,0.215649,13394,0.599385,0.31804,-0.3,0.15,1,1129.79,1.56058e+07,0.390006,0.0203018,0.377669,0.0493382,-0.220842,0.543167,-0.278262,nan,nan,nan,nan,-0.0145916,-0.0421252,-0.0258573,nan,-0.188225,0,-0.102827,-0.402557,nan,-0.44033,-0.607315,-0.486967,-0.543375,0.846988,0.305167,-0.965333,-0.033,0.00729167,-0.5
1271,-43.7022,513,-0.0729385,0.125,0.458333,0.106719,1.12849,0.224805,-0.0087634,-1.50033,5.85277e-05,0.0142921,0.215525,12645.5,0.631171,0.340557,-0.3,0.15,1,1130.76,1.5618e+07,0.345103,0.0207425,0.364359,0.0330772,-0.208778,0.513,-0.167914,nan,nan,nan,nan,-0.00953227,-0.0254907,-0.0152558,nan,-0.177781,0,-0.0835938,-0.383131,nan,-0.638261,-0.462584,-0.46142,-0.520714,0.800814,0.193429,-0.898286,-0.0198571,0.00982143,-0.5
1272,-40.9557,507.72,-0.0825207,0.208333,0.833333,0.108191,1.15374,0.234733,-0.00925564,-1.50672,5.85277e-05,0.00738799,0.215436,14523.4,0.563548,0.282534,-0.3,0.15,1,1131.61,1.56303e+07,0.371888,0.0193221,0.347539,0.0414822,-0.20598,0.50772,-0.215496,nan,nan,nan,nan,-0.0121936,-0.0340584,-0.020254,nan,-0.176203,-4e-05,-0.0814707,-0.380832,nan,-0.503375,-0.557051,-0.453455,-0.50928,0.797586,0.2512,-0.8856,-0.0248,0.031,-0.5
1273,-43.3096,474.846,-0.0856721,0.0833333,1,0.105839,1.15551,0.271569,-0.0083675,-1.51095,5.85277e-05,0.014321,0.215388,16487.5,0.503358,0.241935,-0.3,0.15,1,1132.36,1.56426e+07,0.31466,0.0169337,0.321034,0.0409192,-0.191556,0.474846,-0.226877,nan,nan,nan,nan,-0.0131463,-0.0368178,-0.0218345,nan,-0.164353,0,-0.0911229,-0.360003,nan,-0.416462,-0.615563,-0.424054,-0.482192,0.738164,0.258615,-0.840308,-0.0248462,0.0163462,-0.5
1274,-37.2893,412.1,-0.0890074,0.125,1.125,0.108669,1.16095,0.251722,-0.0110164,-1.51405,5.85277e-05,0.0190658,0.215319,13655.9,0.54254,0.35729,-0.3,0.15,1,1133.26,1.56549e+07,0.29915,0.0153772,0.280757,0.0366683,-0.165782,0.4121,-0.20547,nan,nan,nan,nan,-0.0116226,-0.0330999,-0.0195101,nan,-0.142467,0,-0.0922411,-0.309538,nan,-0.33653,-0.508241,-0.368924,-0.403,0.645158,0.232,-0.723733,-0.0209333,0.00541667,-0.5
1275,-39.6928,479.64,-0.0843288,0.208333,0.833333,0.109963,1.15248,0.271776,-0.00949942,-1.51906,5.85277e-05,0.00961908,0.215215,12997.6,0.643785,0.301617,-0.3,0.15,1,1134.21,1.56672e+07,0.328673,0.0170571,0.337665,0.0396307,-0.193226,0.47964,-0.208864,nan,nan,nan,nan,-0.0115552,-0.0319401,-0.0203842,nan,-0.165885,0,-0.0820636,-0.34916,nan,-0.463655,-0.48616,-0.425692,-0.47424,0.758619,0.23936,-0.84528,-0.02168,-0.0055,-0.5
1276,-41.0895,511.971,-0.0859824,0.333333,1.08333,0.107562,1.14505,0.240713,-0.00957111,-1.52525,5.85277e-05,0.0102777,0.215103,13646.6,0.598247,0.302198,-0.3,0.15,1,1135.11,1.56795e+07,0.367196,0.0172096,0.356711,0.0460786,-0.20643,0.511971,-0.257762,nan,nan,nan,nan,-0.0137804,-0.0388742,-0.0239224,nan,-0.177171,0,-0.0975109,-0.377693,nan,-0.420566,-0.557191,-0.457901,-0.507176,0.805764,0.288588,-0.903882,-0.0298235,0.00404412,-0.5
1277,-39.0075,486.593,-0.0837972,0.166667,0.958333,0.108904,1.14752,0.266417,-0.0105545,-1.53172,5.85277e-05,0.0110199,0.214994,13007.5,0.626186,0.318501,-0.3,0.15,1,1136.05,1.56918e+07,0.365841,0.018614,0.338427,0.0451624,-0.19597,0.486593,-0.24893,nan,nan,nan,nan,-0.0132769,-0.037375,-0.023493,nan,-0.168409,-3.7037e-05,-0.0872957,-0.362293,nan,-0.388495,-0.501497,-0.435109,-0.493556,0.765243,0.280889,-0.859111,-0.0307407,0.0203704,-0.5
1278,-44.3822,531.152,-0.088094,0.208333,1.16667,0.11008,1.11925,0.253653,-0.0102552,-1.53757,5.85277e-05,0.0123566,0.214893,15690.9,0.54456,0.23857,-0.3,0.15,1,1136.84,1.57041e+07,0.376382,0.0219311,0.364939,0.0507512,-0.213122,0.531152,-0.271282,nan,nan,nan,nan,-0.0141796,-0.0423133,-0.0252504,nan,-0.183505,-6.06061e-05,-0.108072,-0.387323,nan,-0.410067,-0.739196,-0.472158,-0.520727,0.840132,0.310182,-0.935394,-0.0291515,0.0166667,-0.5
1279,-44.0798,522.652,-0.0837801,0.125,0.833333,0.110857,1.14556,0.243421,-0.0106584,-1.54344,5.85277e-05,0.0124341,0.214788,14265.5,0.563845,0.297535,-0.3,0.15,1,1137.7,1.57164e+07,0.387815,0.018159,0.357583,0.0469508,-0.210145,0.522652,-0.25723,nan,nan,nan,nan,-0.0137896,-0.0401611,-0.024167,nan,-0.18053,0,-0.105705,-0.38224,nan,-0.436564,-0.651484,-0.463532,-0.554348,0.817444,0.29687,-0.90887,-0.032,0.0157609,-0.5
1280,-40.9768,529.038,-0.0813251,0.333333,0.75,0.112889,1.13885,0.233166,-0.0108723,-1.54935,5.85277e-05,0.0136975,0.214687,10945.3,0.669825,0.45285,-0.3,0.15,1,1138.83,1.57286e+07,0.373451,0.0202782,0.367774,0.0456405,-0.211787,0.529038,-0.249104,nan,nan,nan,nan,-0.0131137,-0.0403372,-0.0239103,nan,-0.183215,0,-0.0896036,-0.392728,nan,-0.467974,-0.549303,-0.470483,-0.558462,0.829817,0.294769,-0.916462,-0.0291538,0.0110577,-0.5
1281,-41.4877,492.364,-0.080802,0.166667,0.75,0.11008,1.17754,0.248839,-0.0100035,-1.55518,5.85277e-05,0.00924743,0.214573,12202.9,0.65549,0.351484,-0.3,0.15,1,1139.83,1.57409e+07,0.32471,0.0184787,0.340391,0.0371617,-0.195247,0.492364,-0.213141,nan,nan,nan,nan,-0.0116853,-0.0324987,-0.0200175,nan,-0.170091,0,-0.0861035,-0.360925,nan,-0.499692,-0.485659,-0.437642,-0.504818,0.769282,0.255636,-0.863455,-0.0229091,0.000568182,-0.5
1282,-42.7176,489.296,-0.0877223,0.0833333,1.04167,0.111856,1.12588,0.295745,-0.00844033,-1.56122,5.85277e-05,0.0136593,0.214479,12153.4,0.663638,0.347436,-0.3,0.15,1,1140.85,1.57532e+07,0.335383,0.0177006,0.335659,0.040278,-0.193614,0.489296,-0.210419,nan,nan,nan,nan,-0.011692,-0.03358,-0.0198646,nan,-0.16858,0,-0.0752519,-0.360796,nan,-0.475605,-0.562028,-0.433243,-0.516444,0.760105,0.250074,-0.860741,-0.0207407,0.0203704,-0.5
1283,-30.2602,325.121,-0.088963,0.125,1.25,0.107694,1.13055,0.202588,-0.00948405,-1.56667,5.85277e-05,0.0132118,0.214364,12925.9,0.649733,0.300919,-0.3,0.15,1,1141.8,1.57655e+07,0.238726,0.0139934,0.218334,0.0294442,-0.129008,0.325121,-0.150991,nan,nan,nan,nan,-0.00912188,-0.0253173,-0.0142593,nan,-0.112579,0,-0.0490033,-0.247415,nan,-0.279456,-0.355528,-0.291548,-0.332,0.49905,0.176485,-0.578788,-0.0175152,0.0113636,-0.5
1284,-40.1186,505.4,-0.0767787,0.208333,0.625,0.106454,1.13971,0.289753,-0.0102604,-1.57359,5.85277e-05,0.0111957,0.21426,15220.7,0.548094,0.259229,-0.3,0.15,1,1142.61,1.57778e+07,0.34923,0.0170157,0.34932,0.0519979,-0.200365,0.5054,-0.258245,nan,nan,nan,nan,-0.0140393,-0.0394838,-0.0241661,nan,-0.173638,0,-0.11091,-0.372526,nan,-0.366125,-0.605069,-0.446938,-0.4803,0.793987,0.3088,-0.89,-0.028,0.003125,-0.5
1285,-46.2237,569.048,-0.0796222,0.166667,0.708333,0.107651,1.14145,0.220404,-0.00961636,-1.57891,5.85277e-05,0.016553,0.214181,16216.4,0.50359,0.254163,-0.3,0.15,1,1143.37,1.57901e+07,0.410835,0.0207609,0.399916,0.0504055,-0.22441,0.569048,-0.28021,nan,nan,nan,nan,-0.015117,-0.0430181,-0.0259282,nan,-0.195896,0,-0.118337,-0.420624,nan,-0.486564,-0.706777,-0.506573,-0.569143,0.894006,0.329524,-1.00267,-0.0294286,0.010119,-0.5
1286,-43.8839,538.182,-0.0856253,0.333333,1.04167,0.106435,1.13982,0.277471,-0.00849874,-1.58337,5.85277e-05,0.0129934,0.214108,16296.5,0.509204,0.244822,-0.3,0.15,1,1144.12,1.58024e+07,0.37682,0.0178816,0.374257,0.0427359,-0.212655,0.538182,-0.22977,nan,nan,nan,nan,-0.0125871,-0.0351887,-0.0216141,nan,-0.185166,0,-0.114341,-0.400106,nan,-0.53303,-0.571047,-0.480656,-0.514455,0.848057,0.259152,-0.963879,-0.0251515,0.00984848,-0.5
1287,-44.5145,543.615,-0.0842736,0.208333,0.875,0.110414,1.13017,0.257867,-0.00962328,-1.58821,5.85277e-05,0.0126528,0.214003,16122.9,0.514641,0.247504,-0.3,0.15,1,1144.89,1.58147e+07,0.36369,0.0187537,0.378028,0.049937,-0.214535,0.543615,-0.264165,nan,nan,nan,nan,-0.0135054,-0.0402498,-0.0245813,nan,-0.187468,0,-0.0830976,-0.402203,nan,-0.461583,-0.60822,-0.4816,-0.593654,0.850269,0.302154,-0.932615,-0.0285385,0.00769231,-0.5
1288,-41.582,556.905,-0.0782798,0.291667,0.583333,0.111123,1.13463,0.292011,-0.00961078,-1.59438,5.85277e-05,0.00778414,0.213907,15774.2,0.525728,0.253266,-0.3,0.15,1,1145.67,1.58269e+07,0.401465,0.0217254,0.388275,0.0503356,-0.22033,0.556905,-0.264771,nan,nan,nan,nan,-0.013936,-0.0420521,-0.0248397,nan,-0.191792,0,-0.0915929,-0.401936,nan,-0.473859,-0.584597,-0.494366,-0.578571,0.867761,0.313714,-0.978667,-0.0315238,0.0190476,-0.5
1289,-32.9017,371.621,-0.0866233,0.166667,1.04167,0.111322,1.1226,0.273633,-0.00942852,-1.59901,5.85277e-05,0.00814267,0.213832,15994.8,0.518278,0.249971,-0.3,0.15,1,1146.44,1.58392e+07,0.264897,0.0143291,0.252581,0.0299682,-0.144575,0.371621,-0.156448,nan,nan,nan,nan,-0.00905965,-0.0240552,-0.0147484,nan,-0.127691,0,-0.0715217,-0.281282,nan,-0.369696,-0.38843,-0.327921,-0.336517,0.582848,0.175724,-0.655862,-0.0172414,-0.00775862,-0.5
1290,-39.8782,466.519,-0.0850444,0.166667,0.958333,0.111742,1.12437,0.190815,-0.0100016,-1.60379,5.85277e-05,0.0109914,0.213729,15988,0.51421,0.254365,-0.3,0.15,1,1147.21,1.58515e+07,0.340264,0.0173603,0.322141,0.0390576,-0.181828,0.466519,-0.208215,nan,nan,nan,nan,-0.0116631,-0.0317846,-0.0198297,nan,-0.159682,0,-0.102774,-0.34493,nan,-0.424383,-0.538444,-0.411811,-0.457111,0.734633,0.227704,-0.82,-0.0240741,0.000925926,-0.5
1291,-39.4804,473.37,-0.0833151,0.25,0.875,0.108195,1.12744,0.215902,-0.010046,-1.60979,5.85277e-05,0.0124815,0.213626,15945.5,0.522847,0.247777,-0.3,0.15,1,1147.98,1.58638e+07,0.321189,0.0155186,0.330669,0.0404058,-0.185218,0.47337,-0.221778,nan,nan,nan,nan,-0.0119028,-0.0339784,-0.020989,nan,-0.162822,0,-0.0898342,-0.346734,nan,-0.419637,-0.529875,-0.420561,-0.465333,0.742637,0.262963,-0.840593,-0.0254074,0.00277778,-0.5
1292,-37.3552,448.545,-0.0777417,0.166667,0.75,0.108,1.14589,0.260012,-0.00855512,-1.6159,5.85277e-05,0.0154951,0.213498,16159.8,0.51086,0.249543,-0.3,0.15,1,1148.74,1.58761e+07,0.310217,0.0157201,0.311874,0.0364916,-0.175364,0.448545,-0.190418,nan,nan,nan,nan,-0.0109767,-0.030868,-0.0184133,nan,-0.153338,0,-0.0666347,-0.321189,nan,-0.428384,-0.450322,-0.390057,-0.478636,0.693932,0.221455,-0.783636,-0.0225455,0.00340909,-0.5
1293,-38.0758,453.48,-0.0819565,0.208333,0.833333,0.106838,1.15876,0.260461,-0.00984962,-1.62301,5.85277e-05,0.0135907,0.213377,16201.1,0.504822,0.253645,-0.3,0.15,1,1149.5,1.58884e+07,0.303908,0.0177931,0.317982,0.0362687,-0.177658,0.45348,-0.197052,nan,nan,nan,nan,-0.0106891,-0.0284134,-0.018327,nan,-0.155085,0,-0.0876472,-0.333921,nan,-0.444693,-0.497791,-0.403108,-0.4332,0.7208,0.21872,-0.796,-0.02048,-0.0085,-0.5
1294,-43.2169,519.263,-0.0755056,0.208333,0.583333,0.105954,1.13877,0.264217,-0.010249,-1.62944,5.85277e-05,0.0120684,0.213277,16182.1,0.505404,0.253954,-0.3,0.15,1,1150.26,1.59007e+07,0.348283,0.0194618,0.355146,0.0474243,-0.202419,0.519263,-0.248974,nan,nan,nan,nan,-0.0137283,-0.0410633,-0.0239584,nan,-0.178533,0,-0.0903292,-0.385175,nan,-0.436487,-0.611592,-0.458166,-0.552,0.806214,0.306947,-0.906737,-0.0275789,-0.0184211,-0.5
1295,-44.2628,540.467,-0.0871023,0.166667,1.08333,0.110963,1.12432,0.329701,-0.00938297,-1.63527,5.85277e-05,0.00879981,0.213155,15310.8,0.54656,0.256013,-0.3,0.15,1,1151.06,1.5913e+07,0.388401,0.0221434,0.374931,0.044592,-0.208626,0.540467,-0.2272,nan,nan,nan,nan,-0.0128806,-0.035417,-0.0213703,nan,-0.185422,0,-0.0797411,-0.395937,nan,-0.514723,-0.588951,-0.471331,-0.5653,0.837327,0.2628,-0.941067,-0.0304667,0.00833333,-0.5
1296,-37.1673,435.75,-0.0854941,0.125,1.04167,0.109903,1.13016,0.260534,-0.00999712,-1.64204,5.85277e-05,0.00578167,0.213045,15870.1,0.51219,0.262096,-0.3,0.15,1,1151.84,1.59252e+07,0.307968,0.0158475,0.30324,0.0341038,-0.168283,0.43575,-0.181257,nan,nan,nan,nan,-0.0100137,-0.026466,-0.0167633,nan,-0.149505,0,-0.0731266,-0.31645,nan,-0.433333,-0.438269,-0.382273,-0.458143,0.682815,0.212,-0.754571,-0.0215714,0.0107143,-0.5
1297,-41.4926,505,-0.0835951,0.208333,0.958333,0.109637,1.1582,0.216284,-0.0104973,-1.64738,5.85277e-05,0.0127526,0.212969,15581.3,0.532317,0.256318,-0.3,0.15,1,1152.63,1.59375e+07,0.334,0.0183153,0.356745,0.0456998,-0.196372,0.505,-0.241786,nan,nan,nan,nan,-0.0123495,-0.0349501,-0.0226099,nan,-0.172553,0,-0.0865303,-0.36725,nan,-0.435045,-0.633596,-0.441349,-0.4665,0.798855,0.276571,-0.888714,-0.0261429,0.00401786,-0.5
1298,-36.0202,410.455,-0.0800105,0.0833333,0.833333,0.110285,1.12644,0.262548,-0.00915384,-1.65213,5.85277e-05,0.00935894,0.212874,16363.4,0.504962,0.245983,-0.3,0.15,1,1153.38,1.59498e+07,0.2711,0.0149166,0.278796,0.0326353,-0.158571,0.410455,-0.177977,nan,nan,nan,nan,-0.010477,-0.0290761,-0.0167872,nan,-0.140072,0,-0.0927619,-0.302477,nan,-0.38574,-0.422264,-0.359332,-0.384409,0.644701,0.210909,-0.735455,-0.0194545,0.00568182,-0.5
1299,-40.8178,508.56,-0.0779303,0.291667,0.75,0.108145,1.1301,0.2586,-0.00959248,-1.65857,5.85277e-05,0.0109266,0.212737,15873.7,0.520959,0.253152,-0.3,0.15,1,1154.16,1.59621e+07,0.339102,0.0177692,0.35865,0.0466509,-0.196918,0.50856,-0.240532,nan,nan,nan,nan,-0.0125547,-0.0344848,-0.0223447,nan,-0.174163,0,-0.0764073,-0.370159,nan,-0.43755,-0.626031,-0.44685,-0.49956,0.794853,0.28096,-0.88384,-0.02608,-0.005,-0.5
1300,-44.3338,558.95,-0.0759744,0.166667,0.666667,0.110183,1.15075,0.206591,-0.0102098,-1.66617,5.85277e-05,0.0116692,0.212623,16457.7,0.50297,0.243672,-0.3,0.15,1,1154.91,1.59744e+07,0.4082,0.0202767,0.393596,0.0521501,-0.216853,0.55895,-0.272115,nan,nan,nan,nan,-0.0143678,-0.0391827,-0.0255622,nan,-0.191056,0,-0.100539,-0.402904,nan,-0.453996,-0.689151,-0.488914,-0.56655,0.884902,0.3234,-0.9844,-0.0307,0.018125,-0.5
1301,-43.353,583.52,-0.0821569,0.333333,0.708333,0.11104,1.14764,0.262585,-0.00857678,-1.6713,5.85277e-05,0.0154155,0.212562,16151.8,0.509997,0.250787,-0.4,0.15,1,1157.43,1.59867e+07,0.431412,0.0211128,0.413373,0.0518777,-0.227709,0.58352,-0.277184,nan,nan,nan,nan,-0.013779,-0.0391605,-0.0252919,nan,-0.199636,0,-0.0868524,-0.425505,nan,-0.51091,-0.648001,-0.512191,-0.59196,0.921435,0.32192,-1.00944,-0.03168,0.027,-0.5
1302,-43.7435,491.852,-0.0903747,0.0416667,1.08333,0.111756,1.14431,0.286872,-0.0100329,-1.67489,5.85277e-05,0.0101324,0.212489,15683.7,0.527012,0.256478,-0.4,0.15,1,1158.22,1.5999e+07,0.32957,0.0182522,0.335303,0.0420651,-0.192633,0.491852,-0.221552,nan,nan,nan,nan,-0.0126808,-0.0342183,-0.0208641,nan,-0.168142,0,-0.0900486,-0.358671,nan,-0.442619,-0.632061,-0.42962,-0.474,0.774202,0.254074,-0.870667,-0.0252593,-0.00138889,-0.5
1303,-49.9017,636.9,-0.0792459,0.208333,0.625,0.110033,1.14944,0.28118,-0.00940274,-1.68021,5.85277e-05,0.0104569,0.212378,16631.8,0.496435,0.24239,-0.4,0.15,1,1158.96,1.60113e+07,0.423625,0.0226094,0.447364,0.054579,-0.25336,0.6369,-0.28885,nan,nan,nan,nan,-0.0150391,-0.0448183,-0.0266789,nan,-0.217862,0,-0.102901,-0.460348,nan,-0.584365,-0.717732,-0.555263,-0.66255,0.998491,0.3264,-1.1098,-0.0345,0.008125,-0.5
1304,-37.8306,430.36,-0.0831499,0.125,0.916667,0.108279,1.14394,0.252674,-0.00985903,-1.68667,5.85277e-05,0.0168222,0.212272,16436.3,0.496451,0.251161,-0.4,0.15,1,1159.7,1.60236e+07,0.292055,0.017892,0.300616,0.0357315,-0.17548,0.43036,-0.1801,nan,nan,nan,nan,-0.00985508,-0.0272664,-0.0168004,nan,-0.147275,0,-0.0742158,-0.315219,nan,-0.414989,-0.504642,-0.376072,-0.44028,0.671395,0.21184,-0.75248,-0.02112,0.004,-0.5
1305,-42.2313,515.565,-0.081848,0.208333,0.75,0.112291,1.13249,0.272239,-0.0102303,-1.69217,5.85277e-05,0.0108258,0.212183,16605.9,0.496306,0.24367,-0.4,0.15,1,1160.45,1.60358e+07,0.339953,0.0200165,0.36133,0.0454568,-0.210536,0.515565,-0.220361,nan,nan,nan,nan,-0.011454,-0.0335304,-0.020947,nan,-0.175225,0,-0.0750036,-0.382332,nan,-0.487166,-0.589642,-0.44888,-0.510261,0.812272,0.252696,-0.909391,-0.0244348,0.00597826,-0.5
1306,-38.5688,486.64,-0.0827643,0.25,0.791667,0.109963,1.10266,0.234895,-0.00983823,-1.69749,5.85277e-05,0.0116117,0.212087,16582.9,0.496299,0.244705,-0.4,0.15,1,1161.19,1.60481e+07,0.340099,0.0168884,0.340626,0.044729,-0.200664,0.48664,-0.241596,nan,nan,nan,nan,-0.0125975,-0.0354042,-0.0225709,nan,-0.166225,-0.00012,-0.0800707,-0.350999,nan,-0.396315,-0.597448,-0.427164,-0.46932,0.767397,0.27584,-0.85472,-0.02624,0.013,-0.5
1307,-39.9896,486.28,-0.083018,0.166667,0.875,0.107865,1.12116,0.226044,-0.0101302,-1.70395,5.85277e-05,0.0116467,0.211951,16504.8,0.497815,0.246697,-0.4,0.15,1,1161.93,1.60604e+07,0.346344,0.0177566,0.338705,0.0476817,-0.202863,0.48628,-0.237544,nan,nan,nan,nan,-0.0119923,-0.0347054,-0.0217644,nan,-0.166165,-8e-05,-0.0730927,-0.356843,nan,-0.396278,-0.596154,-0.424496,-0.47664,0.763192,0.27552,-0.84464,-0.0272,0.0155,-0.5
1308,-39.3843,478.16,-0.0810991,0.208333,0.833333,0.105456,1.13341,0.275213,-0.0106087,-1.71193,5.85277e-05,0.0159018,0.211813,16601.9,0.49643,0.243728,-0.4,0.15,1,1162.68,1.60727e+07,0.331193,0.018066,0.332011,0.0424531,-0.203554,0.47816,-0.224256,nan,nan,nan,nan,-0.0122043,-0.0350937,-0.021196,nan,-0.163763,0,-0.0876262,-0.344922,nan,-0.407551,-0.548686,-0.418663,-0.4404,0.752177,0.26416,-0.85216,-0.02536,-0.002,-0.5
1309,-32.7039,332.652,-0.0810227,0.125,0.833333,0.107996,1.12189,0.309285,-0.0106754,-1.71902,5.85277e-05,0.0111278,0.211713,16555.4,0.49309,0.249145,-0.4,0.15,1,1163.42,1.6085e+07,0.223651,0.0124661,0.22493,0.0355093,-0.145449,0.332652,-0.1761,nan,nan,nan,nan,-0.00981117,-0.025778,-0.0157596,nan,-0.113344,0,-0.050309,-0.246064,nan,-0.227416,-0.535158,-0.289186,-0.337565,0.520641,0.204348,-0.599304,-0.0213043,0.0146739,-0.5
1310,-40.6446,496,-0.0827855,0.125,0.875,0.108755,1.14189,0.231972,-0.00929503,-1.72488,5.85277e-05,0.0126246,0.211603,16550.4,0.499802,0.242658,-0.4,0.15,1,1164.16,1.60973e+07,0.344822,0.0189374,0.345195,0.0432409,-0.213739,0.496,-0.213479,nan,nan,nan,nan,-0.0111261,-0.0306316,-0.0195291,nan,-0.168933,0,-0.0784133,-0.361247,nan,-0.467951,-0.53801,-0.430006,-0.47375,0.780057,0.252333,-0.877,-0.0243333,0.0104167,-0.5
1311,-32.7829,367.538,-0.0859806,0.125,0.958333,0.109616,1.10949,0.290389,-0.0103137,-1.73079,5.85277e-05,0.00608072,0.211514,15816.9,0.527416,0.249475,-0.4,0.15,1,1164.94,1.61096e+07,0.256353,0.0132353,0.254608,0.0367733,-0.164024,0.367538,-0.193819,nan,nan,nan,nan,-0.0102037,-0.0267917,-0.0178975,nan,-0.125624,0,-0.0672869,-0.266202,nan,-0.268934,-0.471874,-0.32054,-0.367962,0.581706,0.216308,-0.641077,-0.0203077,0.00288462,-0.5
1312,-39.6616,469.8,-0.0802001,0.125,0.708333,0.108503,1.10385,0.248535,-0.0098296,-1.73588,5.85277e-05,0.0120169,0.211405,16203.7,0.513616,0.24473,-0.4,0.15,1,1165.7,1.61219e+07,0.365896,0.0197244,0.330445,0.0425602,-0.205886,0.4698,-0.19853,nan,nan,nan,nan,-0.0104483,-0.0305641,-0.0180654,nan,-0.160596,0,-0.0614405,-0.341058,nan,-0.443359,-0.575033,-0.407098,-0.47805,0.739375,0.2416,-0.8158,-0.0228,0.00125,-0.5
1313,-48.612,610.208,-0.0806111,0.208333,0.791667,0.110261,1.10653,0.256689,-0.00939572,-1.74252,5.85277e-05,0.0123228,0.211272,14024.1,0.536199,0.340007,-0.4,0.15,1,1166.58,1.61341e+07,0.439358,0.0205072,0.426393,0.0556883,-0.266792,0.610208,-0.279425,nan,nan,nan,nan,-0.0143633,-0.04009,-0.0262253,nan,-0.208254,0,-0.092262,-0.44042,nan,-0.539664,-0.748258,-0.532658,-0.609,0.95678,0.331667,-1.06983,-0.03,0.021875,-0.5
1314,-41.5094,490.966,-0.0888185,0.125,1.08333,0.112237,1.11943,0.279398,-0.00987306,-1.74943,5.85277e-05,0.0104638,0.211178,12252.8,0.652583,0.35029,-0.4,0.15,1,1167.58,1.61464e+07,0.343536,0.0182599,0.339968,0.042352,-0.218845,0.490966,-0.217528,nan,nan,nan,nan,-0.0116289,-0.0312124,-0.0200284,nan,-0.16676,0,-0.0821731,-0.357277,nan,-0.445326,-0.599297,-0.427648,-0.447621,0.778357,0.237793,-0.868,-0.0246897,-0.00172414,-0.5
1315,-47.6779,565.2,-0.0801707,0.166667,0.666667,0.109971,1.10925,0.255208,-0.0105359,-1.75481,5.85277e-05,0.0130437,0.211057,12636.7,0.648792,0.323612,-0.4,0.15,1,1168.56,1.61587e+07,0.401758,0.0217159,0.39751,0.0571037,-0.247608,0.5652,-0.28651,nan,nan,nan,nan,-0.014316,-0.0426511,-0.0271091,nan,-0.192936,0,-0.0715654,-0.408377,nan,-0.418809,-0.84106,-0.490561,-0.61395,0.884748,0.3494,-0.9896,-0.0319,0.015625,-0.5
1316,-40.4931,461.654,-0.0859009,0.0833333,1,0.109822,1.10937,0.273086,-0.0102899,-1.76236,5.85277e-05,0.016742,0.210919,12006.4,0.624949,0.398504,-0.4,0.15,1,1169.58,1.6171e+07,0.311868,0.0167188,0.316801,0.0437557,-0.209552,0.461654,-0.223769,nan,nan,nan,nan,-0.0120379,-0.0325776,-0.0205631,nan,-0.157229,0,-0.0865887,-0.333791,nan,-0.381237,-0.577499,-0.40102,-0.420231,0.728336,0.259077,-0.827385,-0.0255385,0.00769231,-0.5
1317,-42.09,518.735,-0.0849378,0.416667,1,0.107489,1.09787,0.260103,-0.0107484,-1.77038,5.85277e-05,0.0133073,0.210771,12755,0.640114,0.323271,-0.4,0.15,1,1170.55,1.61833e+07,0.353683,0.0182397,0.365813,0.0450181,-0.234571,0.518735,-0.231715,nan,nan,nan,nan,-0.0119513,-0.0327796,-0.020947,nan,-0.176193,0,-0.0951199,-0.370243,nan,-0.470954,-0.647703,-0.45084,-0.454412,0.821363,0.266706,-0.920824,-0.0247059,0.00183824,-0.5
1318,-39.2043,467.548,-0.0884837,0.25,1.04167,0.108763,1.10725,0.272429,-0.00982426,-1.77839,5.85277e-05,0.0174996,0.210652,13024.8,0.587828,0.355604,-0.4,0.15,1,1171.49,1.61956e+07,0.32325,0.017778,0.324483,0.045421,-0.211371,0.467548,-0.232097,nan,nan,nan,nan,-0.0118926,-0.0337824,-0.0215642,nan,-0.159532,0,-0.0821389,-0.33868,nan,-0.365777,-0.57895,-0.406037,-0.483677,0.731678,0.276,-0.808516,-0.0278065,3.35753e-19,-0.5
1319,-37.4489,444.97,-0.0881442,0.25,1.125,0.107255,1.13739,0.262102,-0.00906933,-1.78466,5.85277e-05,0.0143003,0.210552,12879.4,0.624732,0.329348,-0.4,0.15,1,1172.45,1.62079e+07,0.302583,0.0170835,0.307563,0.0414212,-0.203997,0.44497,-0.211082,nan,nan,nan,nan,-0.0110865,-0.0311702,-0.0196467,nan,-0.151451,0,-0.0829409,-0.32302,nan,-0.37792,-0.521773,-0.386838,-0.409909,0.696762,0.241818,-0.780485,-0.0234545,0.00340909,-0.5
1320,-41.8099,502.48,-0.0798176,0.25,0.791667,0.107421,1.12013,0.250779,-0.00989875,-1.7903,5.85277e-05,0.00725781,0.210461,12767.3,0.644491,0.317964,-0.4,0.15,1,1173.41,1.62202e+07,0.345016,0.0183062,0.353093,0.0437434,-0.229988,0.50248,-0.21432,nan,nan,nan,nan,-0.0111449,-0.0320269,-0.0193216,nan,-0.170413,0,-0.0819336,-0.366009,nan,-0.471368,-0.590179,-0.434076,-0.5004,0.791189,0.2552,-0.87728,-0.02256,0.0015,-0.5
1321,-35.8473,420.357,-0.0867557,0.125,1.04167,0.106818,1.13754,0.274664,-0.010278,-1.79542,5.85277e-05,0.0151745,0.210365,14751.7,0.575902,0.257085,-0.4,0.15,1,1174.25,1.62324e+07,0.300537,0.0172292,0.292988,0.0375049,-0.195348,0.420357,-0.182371,nan,nan,nan,nan,-0.00964091,-0.0251241,-0.0166252,nan,-0.142596,0,-0.0689619,-0.301119,nan,-0.384884,-0.481731,-0.363158,-0.386143,0.662445,0.214429,-0.743143,-0.0202857,0.0125,-0.5
1322,-40.0643,518.792,-0.0785558,0.208333,0.791667,0.107276,1.12812,0.245372,-0.0100004,-1.801,5.85277e-05,0.0167427,0.210267,16247.9,0.51563,0.240652,-0.4,0.15,1,1175,1.62447e+07,0.381104,0.0212328,0.359574,0.0539914,-0.238995,0.518792,-0.262517,nan,nan,nan,nan,-0.01373,-0.0392533,-0.0238709,nan,-0.175919,0,-0.0902101,-0.371627,nan,-0.381542,-0.590607,-0.447513,-0.493875,0.815686,0.306833,-0.9055,-0.0289167,-0.000520833,-0.5
1323,-31.222,324.32,-0.0839705,0.0833333,0.958333,0.109054,1.1467,0.266614,-0.0100509,-1.80639,5.85277e-05,0.0113381,0.210172,16472.6,0.503669,0.242299,-0.4,0.15,1,1175.75,1.6257e+07,0.23324,0.0139172,0.215896,0.0346409,-0.154181,0.32432,-0.172828,nan,nan,nan,nan,-0.00981057,-0.025926,-0.0158659,nan,-0.109895,0,-0.0548315,-0.236315,nan,-0.21827,-0.475986,-0.277463,-0.3,0.503837,0.19632,-0.58192,-0.01952,0.0105,-0.5
1324,-37.6087,483.125,-0.0845165,0.333333,1,0.107512,1.15813,0.251228,-0.00981429,-1.81251,5.85277e-05,0.0157727,0.210065,15846.8,0.49727,0.278154,-0.4,0.15,1,1176.53,1.62693e+07,0.350835,0.0173523,0.340883,0.047398,-0.223988,0.483125,-0.249456,nan,nan,nan,nan,-0.0122469,-0.0344333,-0.0223485,nan,-0.163446,0,-0.0801405,-0.348115,nan,-0.367968,-0.557261,-0.417013,-0.470062,0.767903,0.2835,-0.822125,-0.029,0.00117187,-0.5
1325,-34.5291,361.706,-0.0746902,0,0.708333,0.107779,1.15426,0.261584,-0.0093069,-1.81864,5.85277e-05,0.0132616,0.209968,16256.6,0.503943,0.251936,-0.4,0.15,1,1177.29,1.62816e+07,0.258926,0.0137912,0.246733,0.0323204,-0.17713,0.361706,-0.153118,nan,nan,nan,nan,-0.00835407,-0.0227352,-0.0142519,nan,-0.122809,0,-0.0611283,-0.275195,nan,-0.336582,-0.39152,-0.314857,-0.344294,0.561746,0.179294,-0.644941,-0.0184706,0.00441176,-0.5
1326,-46.0216,594.737,-0.0746073,0.208333,0.583333,0.109255,1.14177,0.255221,-0.00966917,-1.82496,5.85277e-05,0.00816338,0.20986,16224.4,0.509248,0.248132,-0.4,0.15,1,1178.04,1.62939e+07,0.399667,0.020509,0.418364,0.0553536,-0.279711,0.594737,-0.285242,nan,nan,nan,nan,-0.0144119,-0.0423891,-0.0264527,nan,-0.20183,0,-0.0904031,-0.427669,nan,-0.489744,-0.678247,-0.510279,-0.631105,0.936839,0.330737,-1.02042,-0.0338947,0.00723684,-0.5
1327,-45.572,533.75,-0.0845689,0.208333,1.125,0.10743,1.12875,0.269501,-0.011339,-1.83173,5.85277e-05,0.0173103,0.209739,16270.2,0.511161,0.244083,-0.4,0.15,1,1178.8,1.63062e+07,0.36122,0.0207502,0.369833,0.0578438,-0.25419,0.53375,-0.285884,nan,nan,nan,nan,-0.0146555,-0.0416275,-0.0259838,nan,-0.181494,0,-0.0803277,-0.38436,nan,-0.358256,-0.764307,-0.460955,-0.536906,0.841902,0.324875,-0.947625,-0.0361875,0.00585938,-0.5
1328,-43.7007,571,-0.0791364,0.416667,0.875,0.10918,1.14067,0.27268,-0.00967224,-1.83848,5.85277e-05,0.0133955,0.209645,15509.1,0.518731,0.273579,-0.4,0.15,1,1179.59,1.63185e+07,0.424388,0.0222979,0.401731,0.0516701,-0.267346,0.571,-0.247306,nan,nan,nan,nan,-0.0125357,-0.0364369,-0.0229069,nan,-0.194002,0,-0.080137,-0.410688,nan,-0.52067,-0.656477,-0.493143,-0.564581,0.891285,0.288903,-0.997935,-0.0283226,0.0137097,-0.5
1329,-34.3329,418.103,-0.0802359,0.25,0.958333,0.106598,1.14929,0.274599,-0.00971925,-1.84325,5.85277e-05,0.0125711,0.209578,11504.8,0.683043,0.385034,-0.4,0.15,1,1180.66,1.63308e+07,0.308362,0.017285,0.292024,0.0349961,-0.199627,0.418103,-0.167186,nan,nan,nan,nan,-0.00878705,-0.0239177,-0.0156555,nan,-0.141981,0,-0.075637,-0.302184,nan,-0.40727,-0.397872,-0.359985,-0.406448,0.662362,0.188552,-0.735448,-0.0208276,0.00732759,-0.5
1330,-40.8006,520.759,-0.0820691,0.25,0.958333,0.105981,1.12891,0.285386,-0.00968355,-1.84737,5.85277e-05,0.0112083,0.209503,12551.6,0.658879,0.32012,-0.4,0.15,1,1181.64,1.6343e+07,0.360304,0.018593,0.36907,0.0481229,-0.249459,0.520759,-0.255852,nan,nan,nan,nan,-0.0132241,-0.03809,-0.0232317,nan,-0.177134,0,-0.0775555,-0.368545,nan,-0.428074,-0.543274,-0.446307,-0.529862,0.812454,0.297103,-0.897793,-0.0292414,0.00775862,-0.5
1331,-38.9009,495.533,-0.083957,0.25,1,0.107575,1.156,0.272238,-0.0100345,-1.85189,5.85277e-05,0.0135277,0.209425,12631.8,0.609271,0.363509,-0.4,0.15,1,1182.62,1.63553e+07,0.371717,0.0194332,0.344334,0.0441465,-0.238952,0.495533,-0.210047,nan,nan,nan,nan,-0.0109983,-0.0299908,-0.0195117,nan,-0.167713,0,-0.0837833,-0.364827,nan,-0.46004,-0.510393,-0.426012,-0.452,0.778593,0.238933,-0.863067,-0.0236667,0.00625,-0.5
1332,-29.106,274.722,-0.0791036,0,0.75,0.108911,1.16257,0.291521,-0.00958802,-1.85618,5.85277e-05,0.0170943,0.209354,12354.1,0.655672,0.338974,-0.4,0.15,1,1183.62,1.63676e+07,0.180776,0.0123625,0.187279,0.0245137,-0.134539,0.274722,-0.123089,nan,nan,nan,nan,-0.0074695,-0.0184253,-0.0109172,nan,-0.0929315,0,-0.0434585,-0.192869,nan,-0.238943,-0.367004,-0.232049,-0.281667,0.430715,0.132889,-0.486667,-0.0155556,0.00625,-0.5
1333,-36.9977,439.781,-0.0877776,0.166667,1.16667,0.11156,1.12973,0.270932,-0.0109388,-1.86066,5.85277e-05,0.0160404,0.209264,12682.9,0.634853,0.33401,-0.4,0.15,1,1184.59,1.63799e+07,0.314232,0.0174975,0.306377,0.0426929,-0.213643,0.439781,-0.206306,nan,nan,nan,nan,-0.0110488,-0.0293903,-0.0195083,nan,-0.148319,0,-0.0776896,-0.317194,nan,-0.35848,-0.510843,-0.377205,-0.409875,0.691558,0.235875,-0.776,-0.024375,0.00351563,-0.5
1334,-35.6884,439.652,-0.079526,0.166667,0.791667,0.107964,1.11425,0.250614,-0.00978844,-1.86582,5.85277e-05,0.00827978,0.209171,12774.8,0.629139,0.332753,-0.4,0.15,1,1185.55,1.63922e+07,0.323196,0.0148135,0.306347,0.0425356,-0.212242,0.439652,-0.20717,nan,nan,nan,nan,-0.0105552,-0.0298606,-0.0188795,nan,-0.148893,0,-0.0669465,-0.314487,nan,-0.361264,-0.489304,-0.374794,-0.430826,0.684787,0.234957,-0.768348,-0.0233043,0.0179348,-0.5
1335,-38.3157,449.935,-0.0880954,0.166667,1.125,0.108134,1.16319,0.265055,-0.00884005,-1.87144,5.85277e-05,0.00935599,0.209062,12025.2,0.648019,0.373838,-0.4,0.15,1,1186.57,1.64045e+07,0.320765,0.0160734,0.31323,0.0432915,-0.219778,0.449935,-0.213735,nan,nan,nan,nan,-0.0113308,-0.0317402,-0.0197453,nan,-0.152581,0,-0.0787717,-0.321864,nan,-0.367046,-0.523666,-0.3886,-0.425516,0.709664,0.241032,-0.797935,-0.0272258,0.00524194,-0.5
1336,-36.4079,420.231,-0.0837339,0.166667,0.916667,0.107949,1.16277,0.299754,-0.00994645,-1.8781,5.85277e-05,0.00949217,0.208952,12995.2,0.581262,0.36432,-0.4,0.15,1,1187.52,1.64168e+07,0.278524,0.0154427,0.290252,0.037533,-0.203245,0.420231,-0.199304,nan,nan,nan,nan,-0.0105349,-0.0292147,-0.0179309,nan,-0.141984,0,-0.0697817,-0.300698,nan,-0.353043,-0.518304,-0.360085,-0.406154,0.664126,0.224769,-0.740154,-0.021,0.00336538,-0.5
1337,-39.2389,457.038,-0.0821185,0.166667,0.916667,0.109265,1.12187,0.297019,-0.00912576,-1.88394,5.85277e-05,0.0101841,0.208851,14364,0.578536,0.276936,-0.4,0.15,1,1188.38,1.64291e+07,0.321113,0.0178962,0.315805,0.0479082,-0.221882,0.457038,-0.2365,nan,nan,nan,nan,-0.0123533,-0.0340804,-0.0221707,nan,-0.15477,0,-0.0771813,-0.324949,nan,-0.316983,-0.631933,-0.392113,-0.454731,0.7149,0.276462,-0.795846,-0.0289231,0.0144231,-0.5
1338,-37.7826,440.533,-0.0841786,0.208333,1.04167,0.107901,1.16642,0.249357,-0.0108597,-1.89043,5.85277e-05,0.0150503,0.208712,16397.6,0.512939,0.23644,-0.4,0.15,1,1189.13,1.64413e+07,0.278758,0.0171995,0.308106,0.0424511,-0.21309,0.440533,-0.214953,nan,nan,nan,nan,-0.0109939,-0.0297641,-0.0191779,nan,-0.148733,0,-0.0803002,-0.311732,nan,-0.359133,-0.529196,-0.375013,-0.4174,0.699338,0.2324,-0.7728,-0.0231333,0.0141667,-0.5
1339,-36.0897,418.714,-0.0779041,0.125,0.75,0.106093,1.16107,0.279732,-0.00969012,-1.89806,5.85277e-05,0.0081,0.208595,16187.3,0.513774,0.245341,-0.4,0.15,1,1189.89,1.64536e+07,0.315939,0.0174836,0.295051,0.0415226,-0.206876,0.418714,-0.210371,nan,nan,nan,nan,-0.0107624,-0.0294124,-0.0194558,nan,-0.14202,0,-0.0623291,-0.301856,nan,-0.324094,-0.540643,-0.359895,-0.435429,0.66318,0.231048,-0.725333,-0.0250476,0.00892857,-0.5
1340,-36.7135,440.167,-0.0834458,0.291667,0.958333,0.104137,1.16361,0.257184,-0.0106279,-1.90424,5.85277e-05,0.0138008,0.208495,16080.5,0.523988,0.240165,-0.4,0.15,1,1190.65,1.64659e+07,0.320046,0.0166328,0.312097,0.037539,-0.216603,0.440167,-0.197113,nan,nan,nan,nan,-0.00996166,-0.0281645,-0.0177577,nan,-0.148946,0,-0.066415,-0.312205,nan,-0.409032,-0.510375,-0.379727,-0.4313,0.695297,0.2268,-0.766,-0.0226667,-0.00166667,-0.5
1341,-42.8821,548.318,-0.0758297,0.166667,0.75,0.103354,1.13698,0.235916,-0.00932567,-1.90986,5.85277e-05,0.0110768,0.208402,17117.3,0.483791,0.234079,-0.4,0.15,1,1191.37,1.64782e+07,0.378163,0.0202237,0.387429,0.0477911,-0.273383,0.548318,-0.232077,nan,nan,nan,nan,-0.012202,-0.0347002,-0.0214068,nan,-0.185783,0,-0.0760557,-0.390012,nan,-0.50902,-0.543789,-0.470063,-0.552409,0.861142,0.265273,-0.945455,-0.0265455,0.0295455,-0.5
1342,-41.5628,538.619,-0.0771882,0.25,0.625,0.10697,1.13929,0.271459,-0.00946528,-1.91528,5.85277e-05,0.0122694,0.208317,17245.1,0.47716,0.235392,-0.4,0.15,1,1192.09,1.64905e+07,0.409955,0.0198585,0.375025,0.0549915,-0.263877,0.538619,-0.261457,nan,nan,nan,nan,-0.0135129,-0.0390475,-0.0245753,nan,-0.181801,0,-0.0871501,-0.384646,nan,-0.403806,-0.736915,-0.459804,-0.531714,0.845486,0.30781,-0.944952,-0.0299048,0.0202381,-0.5
1343,-39.767,481.565,-0.0800154,0.166667,0.791667,0.107654,1.1378,0.301328,-0.0102442,-1.92053,5.85277e-05,0.0146304,0.208233,15425.3,0.483197,0.313415,-0.4,0.15,1,1192.88,1.65028e+07,0.344795,0.0150692,0.33336,0.0462205,-0.235016,0.481565,-0.223365,nan,nan,nan,nan,-0.0116897,-0.0324993,-0.0202306,nan,-0.162695,0,-0.0906873,-0.349402,nan,-0.404517,-0.565779,-0.410206,-0.482609,0.759619,0.269739,-0.837043,-0.0233043,0.0233696,-0.5
1344,-39.2286,477.85,-0.0792634,0.125,0.708333,0.106852,1.12902,0.278883,-0.0104712,-1.92614,5.85277e-05,0.00974002,0.208125,12683.8,0.583837,0.384958,-0.4,0.15,1,1193.85,1.65151e+07,0.360089,0.020357,0.335324,0.0452508,-0.235774,0.47785,-0.209795,nan,nan,nan,nan,-0.0108886,-0.0306631,-0.0188749,nan,-0.161508,0,-0.0782905,-0.346432,nan,-0.425545,-0.559562,-0.406669,-0.46635,0.755475,0.2342,-0.8272,-0.0254,0.01,-0.5
