iteration,Train/mean_reward,Train/mean_episode_length,Train/mean_step_reward,Episode_Termination/time_out,Episode_Termination/fell_over,Metrics/twist/error_vel_xy,Metrics/twist/error_vel_yaw,Loss/value,Loss/surrogate,Loss/entropy,Loss/learning_rate,Loss/kl,Policy/mean_std,Perf/total_fps,Perf/collection_time,Perf/learning_time,Curriculum/action_rate_weight,Curriculum/standing_envs,Curriculum/penalty_scale,time_s,env_steps,Episode_Reward/track_linear_velocity,Episode_Reward/track_angular_velocity,Episode_Reward/upright,Episode_Reward/pose,Episode_Reward/action_rate_l2,Episode_Reward/alive,Episode_Reward/air_time,Episode_Reward/single_stance,Episode_Reward/foot_lift,Episode_Reward/foot_alternation,Episode_Reward/foot_symmetry,Episode_Reward/foot_clearance,Episode_Reward/foot_swing_height,Episode_Reward/foot_slip,Episode_Reward/trot,Episode_Reward/joint_torque,Episode_Reward/self_collisions,Episode_Reward/dof_pos_limits,Episode_Reward/body_ang_vel,Episode_Reward/angular_momentum,Episode_Reward/pose_l2,Episode_Reward/orientation,Episode_Reward/joint_vel,Episode_Reward/undesired_contacts,Episode_Reward/base_height,Episode_Reward/air_time_variance,Episode_Reward/footfall_sequence,Episode_Reward/stand_still
1,0.414653,10.5903,0.0492899,0,23.0833,0.110139,0.561055,0.0627049,0.257595,-2.25717,0.000666667,21.33,0.201618,9625.09,0.832433,0.444231,-0.1,0.02,1,1.2768,12288,0.0370117,0.0158442,0,0.00109335,-0.00113377,nan,-0.000932635,nan,nan,nan,nan,-0.00027195,-0.000770043,-0.000462707,nan,-0.0034518,0,-0.000180586,-0.0104553,nan,-0.0077614,-0.00157601,-0.00944742,-0.00577798,0.00930426,-1.02434e-05,5.41516e-05,-0.019009
2,0.215422,7.14099,0.0502848,0,102.25,0.0936462,0.42656,0.0189571,0.0153489,-2.1831,0.000444444,0.176919,0.201466,6728.9,1.34474,0.481408,-0.1,0.02,1,3.10486,24576,0.0259867,0.0113299,0,0.000721386,-0.00162247,nan,-0.000575403,nan,nan,nan,nan,-0.000210851,-0.000471716,-0.000294728,nan,-0.00247352,-1.26324e-05,-0.000846805,-0.00813496,nan,-0.00663633,-0.000861213,-0.00803363,-0.00304482,0.0062574,-6.09128e-06,2.64874e-05,-0.0163061
3,0.177552,5.26722,0.0520032,0,96.2083,0.0878975,0.40547,0.0107801,-0.00834534,-2.22987,0.000296296,0.0736202,0.200296,8046.19,1.17616,0.35102,-0.1,0.02,1,4.63632,36864,0.0209847,0.00917002,0,0.000520335,-0.00142126,nan,-0.000409026,nan,nan,nan,nan,-0.000168827,-0.000307514,-0.000205911,nan,-0.00184954,-6.06323e-06,-0.000986427,-0.00672926,nan,-0.00536734,-0.000592419,-0.00644599,-0.00168515,0.0046091,-2.22592e-06,4.33088e-06,-0.011492
4,0.20584,5.52168,0.0533402,0,91.2917,0.0861081,0.414859,0.0108715,-0.0133813,-2.29511,0.000197531,0.0514673,0.199366,7691.01,1.16951,0.4282,-0.1,0.02,1,6.23734,49152,0.0221931,0.00956003,0,0.000552718,-0.0014452,nan,-0.000425048,nan,nan,nan,nan,-0.000177738,-0.000319565,-0.000217073,nan,-0.00194112,-1.59744e-05,-0.000926218,-0.0067012,nan,-0.00553269,-0.000600796,-0.00665009,-0.00167093,0.0048291,-2.41804e-06,0,-0.0118788
5,0.212323,5.71792,0.0537797,0,89.9583,0.0889618,0.401186,0.011498,-0.0154388,-2.34296,0.000131687,0.0360418,0.198722,7764.16,1.19028,0.392377,-0.1,0.02,1,7.82258,61440,0.0224295,0.0100642,0,0.000572109,-0.0014527,nan,-0.00043107,nan,nan,nan,nan,-0.000191906,-0.000346116,-0.000226499,nan,-0.00201249,-5.55813e-06,-0.000917401,-0.00680123,nan,-0.00562225,-0.000644159,-0.00686801,-0.00168874,0.00500565,-2.69056e-06,9.26355e-06,-0.0124542
6,0.235911,5.88986,0.0547513,0,85.875,0.0866189,0.404752,0.0117782,-0.0166475,-2.37641,8.77915e-05,0.0299325,0.198266,7763.91,1.1547,0.42801,-0.1,0.02,1,9.40795,73728,0.0234304,0.0103802,0,0.000592105,-0.00147849,nan,-0.000443358,nan,nan,nan,nan,-0.000195395,-0.00035054,-0.000239055,nan,-0.00207316,-1.31004e-05,-0.000926489,-0.00682094,nan,-0.0056888,-0.000640212,-0.00693145,-0.00172052,0.00512591,-2.96964e-06,4.85201e-06,-0.0118921
7,0.256867,6.13074,0.0558748,0,83.5,0.0862689,0.410895,0.0132816,-0.0174634,-2.39948,5.85277e-05,0.0343983,0.19797,8367.65,1.10593,0.362586,-0.1,0.02,1,10.8795,86016,0.0245993,0.0107111,0,0.000625285,-0.00148408,nan,-0.000441677,nan,nan,nan,nan,-0.000208141,-0.000374818,-0.000237344,nan,-0.00215381,-1.0978e-05,-0.000975094,-0.00677867,nan,-0.00588692,-0.000677493,-0.00712808,-0.00170459,0.00529639,-3.17001e-06,0,-0.0147496
8,0.276656,6.35785,0.0568776,0,79.875,0.0861584,0.390427,0.0136056,-0.0151572,-2.41517,3.90184e-05,0.0263516,0.197743,8051.47,1.12355,0.40263,-0.1,0.02,1,12.4087,98304,0.025585,0.0113416,0,0.000653796,-0.00153722,nan,-0.00045782,nan,nan,nan,nan,-0.000215088,-0.000385992,-0.000260802,nan,-0.00223366,-9.38967e-06,-0.00102071,-0.00688977,nan,-0.00598991,-0.000700676,-0.00737558,-0.00185707,0.00547236,-3.48905e-06,0,-0.0150562
9,0.289154,6.47808,0.0572063,0,78.875,0.0856853,0.408345,0.0150356,-0.0138615,-2.42687,2.60123e-05,0.0251003,0.197599,8851.06,0.981037,0.407271,-0.1,0.02,1,13.7991,110592,0.0259826,0.0113657,0,0.000674581,-0.00150491,nan,-0.000466498,nan,nan,nan,nan,-0.000222281,-0.000400228,-0.000265178,nan,-0.00226746,-1.215e-05,-0.000975305,-0.00690284,nan,-0.0060127,-0.000740214,-0.00736748,-0.00177232,0.00560136,-3.67237e-06,1.05652e-05,-0.0135016
10,0.305192,6.82939,0.0566286,0,74,0.0854288,0.408344,0.0157907,-0.0125887,-2.43383,1.73415e-05,0.0225768,0.197516,8521.11,1.0844,0.357665,-0.1,0.02,1,15.2444,122880,0.0276761,0.0119535,0,0.000698977,-0.00157752,nan,-0.00048464,nan,nan,nan,nan,-0.000238296,-0.000434104,-0.00028359,nan,-0.00239889,-1.52027e-05,-0.000946383,-0.00727021,nan,-0.00636864,-0.000850463,-0.00775419,-0.00190709,0.00584043,-4.00184e-06,5.63063e-06,-0.0147433
11,0.30979,7.14761,0.0559213,0,71.4167,0.0875527,0.415075,0.0169177,-0.0114635,-2.43803,1.73415e-05,0.0147256,0.197459,9432.18,1.02185,0.280928,-0.1,0.02,1,16.5494,135168,0.0284375,0.0123546,0,0.00074516,-0.00168681,nan,-0.00049972,nan,nan,nan,nan,-0.00024745,-0.000461881,-0.000293764,nan,-0.00252348,-1.05018e-05,-0.00102903,-0.00753906,nan,-0.0064683,-0.00088406,-0.00815996,-0.00205193,0.00611306,-4.55652e-06,5.83431e-06,-0.0158999
12,0.33188,7.20191,0.0574104,0,69.75,0.0854283,0.413816,0.0196376,-0.010911,-2.44171,1.73415e-05,0.0164318,0.197396,9071.33,1.0249,0.329697,-0.1,0.02,1,17.9061,147456,0.0290175,0.0125663,0,0.000751741,-0.00160541,nan,-0.000509391,nan,nan,nan,nan,-0.000252713,-0.000454146,-0.000296462,nan,-0.00254173,-1.49343e-05,-0.00100584,-0.00742611,nan,-0.00640357,-0.000873151,-0.00808783,-0.00209797,0.00613317,-4.56452e-06,5.97372e-06,-0.0146792
13,0.365752,7.62274,0.0591833,0,66.7083,0.083285,0.420728,0.0232645,-0.0111838,-2.44565,1.73415e-05,0.0131994,0.19733,8211.63,1.07231,0.4241,-0.1,0.02,1,19.4047,159744,0.0311194,0.0131818,0,0.000800465,-0.00164299,nan,-0.000526421,nan,nan,nan,nan,-0.000275153,-0.000522624,-0.000322599,nan,-0.00268287,-9.36914e-06,-0.00107582,-0.00768766,nan,-0.0066094,-0.00102704,-0.00844833,-0.00218114,0.0064857,-5.42213e-06,2.49844e-05,-0.0159009
14,0.388417,7.9539,0.0585992,0,64.1667,0.0831397,0.421174,0.0241853,-0.0116224,-2.44971,1.73415e-05,0.0190397,0.197262,8170.03,1.13283,0.371201,-0.1,0.02,1,20.9112,172032,0.0329148,0.0137749,0,0.000816013,-0.00168701,nan,-0.000552,nan,nan,nan,nan,-0.000283197,-0.000508363,-0.000339808,nan,-0.00280074,-9.09091e-06,-0.00111326,-0.00802002,nan,-0.00697635,-0.00107796,-0.00873709,-0.00234805,0.00674998,-5.8533e-06,5.19481e-05,-0.0173465
15,0.399188,8.23725,0.057253,0,61.2917,0.08766,0.422319,0.0264181,-0.0107146,-2.45376,1.73415e-05,0.0120291,0.197198,9716.35,0.954398,0.310275,-0.1,0.02,1,22.1782,184320,0.0331517,0.0141464,0,0.000856947,-0.0016961,nan,-0.000562529,nan,nan,nan,nan,-0.000302175,-0.00055328,-0.000351694,nan,-0.0029042,-9.51734e-06,-0.0010256,-0.00787263,nan,-0.00695822,-0.0010776,-0.00903909,-0.00247111,0.00689709,-6.46672e-06,3.39905e-05,-0.0181722
16,0.413647,8.70524,0.0576378,0,57.25,0.0883541,0.432844,0.0279126,-0.0107237,-2.45758,1.73415e-05,0.0165826,0.197138,9192.58,0.978842,0.357888,-0.1,0.02,1,23.5168,196608,0.034524,0.0150744,0,0.000892389,-0.00177111,nan,-0.000597555,nan,nan,nan,nan,-0.000309597,-0.000594813,-0.000386638,nan,-0.00307546,-1.31004e-05,-0.00105462,-0.00836248,nan,-0.00736218,-0.00116656,-0.00939911,-0.00268996,0.00730279,-7.22331e-06,5.09461e-05,-0.0212836
17,0.426544,9.28123,0.0562315,0,54.375,0.0890794,0.437674,0.0323702,-0.0104494,-2.46113,1.73415e-05,0.0102313,0.197079,8553.36,0.983749,0.452879,-0.1,0.02,1,24.9556,208896,0.0367741,0.0153951,0,0.000952957,-0.00184149,nan,-0.000628444,nan,nan,nan,nan,-0.000340781,-0.000677651,-0.000413391,nan,-0.00328609,-6.89655e-06,-0.00130029,-0.00883102,nan,-0.00767442,-0.0013408,-0.00998591,-0.00288046,0.00773854,-8.40462e-06,5.74713e-05,-0.0163079
18,0.465207,9.90602,0.056789,0,51.875,0.0894232,0.431438,0.0373809,-0.0112067,-2.46463,1.73415e-05,0.0124972,0.197026,10008.4,0.947971,0.279799,-0.1,0.02,1,26.1864,221184,0.0391051,0.0169788,0,0.00102659,-0.00193503,nan,-0.000661976,nan,nan,nan,nan,-0.000371409,-0.000744879,-0.000443364,nan,-0.00352114,-7.22892e-06,-0.00125821,-0.00940423,nan,-0.00803142,-0.00150367,-0.0107012,-0.00311406,0.00824825,-1.01316e-05,7.63052e-05,-0.0200397
19,0.478799,10.0328,0.0575096,0,49.5833,0.0883172,0.442234,0.0405609,-0.0106365,-2.46784,1.73415e-05,0.0169412,0.196972,9628.21,0.91065,0.3656,-0.1,0.02,1,27.4647,233472,0.040005,0.0169082,0,0.00105227,-0.00190421,nan,-0.000676168,nan,nan,nan,nan,-0.000368902,-0.00074689,-0.000464056,nan,-0.00355598,-5.04202e-06,-0.00133717,-0.00952072,nan,-0.00802998,-0.00148663,-0.0107177,-0.00315126,0.0083841,-9.87782e-06,4.20168e-05,-0.0236513
20,0.488221,10.8507,0.0555281,0,45.5,0.0908208,0.448518,0.0443555,-0.010087,-2.471,1.73415e-05,0.0107384,0.196924,9535.85,0.934651,0.35396,-0.1,0.02,1,28.7552,245760,0.0423989,0.0180549,0,0.00113869,-0.00204074,nan,-0.000700641,nan,nan,nan,nan,-0.000411061,-0.000817389,-0.000499562,nan,-0.00386158,-8.24176e-06,-0.00139441,-0.0103604,nan,-0.00860753,-0.0017895,-0.0116425,-0.00359158,0.00898703,-1.26237e-05,9.15751e-05,-0.023765
21,0.529224,11.2475,0.0572976,0,45.2917,0.089316,0.460441,0.0517338,-0.010972,-2.47376,1.73415e-05,0.0135886,0.196881,9467.14,0.932775,0.365188,-0.1,0.02,1,30.0555,258048,0.0440595,0.0186433,0,0.00117404,-0.00208615,nan,-0.0007646,nan,nan,nan,nan,-0.000421043,-0.000866826,-0.000528428,nan,-0.00400524,-1.01196e-05,-0.00143283,-0.0105095,nan,-0.0086413,-0.00172965,-0.0118918,-0.00360626,0.00938639,-1.31882e-05,8.73965e-05,-0.0207968
22,0.547331,11.8706,0.0550325,0,41.875,0.0904393,0.499338,0.0502683,-0.00948517,-2.47646,1.73415e-05,0.00849057,0.196834,9444.73,0.937726,0.363317,-0.1,0.02,1,31.3586,270336,0.0472192,0.0188564,0,0.00122089,-0.00216188,nan,-0.000770547,nan,nan,nan,nan,-0.000451085,-0.000930248,-0.000561734,nan,-0.00423443,-8.95522e-06,-0.00144316,-0.0112204,nan,-0.00921942,-0.00199764,-0.0125193,-0.0039403,0.00985622,-1.5694e-05,0.000174129,-0.0287025
23,0.569158,12.9211,0.0538378,0,39.0833,0.092397,0.505276,0.0552915,-0.0100972,-2.47912,1.73415e-05,0.0140941,0.196799,10386,0.898804,0.284323,-0.1,0.02,1,32.5435,282624,0.0503705,0.0200932,0,0.00133462,-0.00230183,nan,-0.000853198,nan,nan,nan,nan,-0.000483909,-0.00103207,-0.000621325,nan,-0.00461359,-1.0661e-05,-0.00158342,-0.0119557,nan,-0.0100063,-0.00217805,-0.0134786,-0.00440938,0.0107673,-1.78212e-05,0.000138593,-0.0262855
24,0.58534,12.8491,0.0557686,0,39.2083,0.0930448,0.471142,0.0596282,-0.00873489,-2.48117,1.73415e-05,0.013274,0.196762,10082.7,0.863761,0.35496,-0.1,0.02,1,33.764,294912,0.0498801,0.0202097,0,0.00138439,-0.00220791,nan,-0.000854495,nan,nan,nan,nan,-0.00048351,-0.0010057,-0.000606829,nan,-0.00456488,-7.43889e-06,-0.00153943,-0.0118334,nan,-0.00958385,-0.00224036,-0.0133379,-0.00428055,0.0107544,-1.80887e-05,0.000154091,-0.0273039
25,0.609226,14.006,0.0536886,0,34.625,0.0953301,0.506674,0.0622956,-0.009785,-2.4838,1.73415e-05,0.014025,0.196713,10046.6,0.868576,0.354523,-0.1,0.02,1,34.9891,307200,0.0529928,0.021898,0,0.00150299,-0.00241396,nan,-0.000924573,nan,nan,nan,nan,-0.000533153,-0.0011771,-0.000686386,nan,-0.00499477,-3.61011e-06,-0.00157454,-0.01306,nan,-0.0101823,-0.00252662,-0.0145537,-0.00474248,0.0116011,-2.17453e-05,0.000318893,-0.0292473
26,0.647698,14.8038,0.0544085,0,34.8333,0.0933119,0.522698,0.0711,-0.00933338,-2.48676,1.73415e-05,0.00826079,0.196668,10488.3,0.839901,0.33169,-0.1,0.02,1,36.1625,319488,0.0572974,0.0220473,0,0.00155848,-0.0024953,nan,-0.000953565,nan,nan,nan,nan,-0.000556131,-0.00124048,-0.000723942,nan,-0.00528233,-1.43541e-05,-0.00181506,-0.0135862,nan,-0.0108631,-0.00284898,-0.0151692,-0.00503828,0.0122625,-2.46636e-05,0.000388756,-0.0333072
27,0.662211,15.0611,0.0538567,0,32.0417,0.0953504,0.527299,0.0768194,-0.00918547,-2.48948,1.73415e-05,0.00811019,0.196621,10216.8,0.844042,0.358679,-0.1,0.02,1,37.3673,331776,0.0577252,0.0228998,0,0.00161359,-0.00249181,nan,-0.000919818,nan,nan,nan,nan,-0.000577161,-0.00132614,-0.000725118,nan,-0.00539526,-1.43043e-05,-0.00151054,-0.0139837,nan,-0.0109178,-0.00291693,-0.0154187,-0.00511834,0.0124234,-2.65082e-05,0.00050065,-0.0303369
28,0.689985,16.4491,0.0513346,0,29.875,0.100033,0.543643,0.0772418,-0.0100866,-2.49237,1.73415e-05,0.0143139,0.196577,9937.66,0.837035,0.399473,-0.1,0.02,1,38.6056,344064,0.0614676,0.0246372,0,0.00180259,-0.00267771,nan,-0.00103858,nan,nan,nan,nan,-0.000644695,-0.00136165,-0.000789114,nan,-0.00586923,-1.25523e-05,-0.00208388,-0.0153775,nan,-0.0113869,-0.00347883,-0.0167016,-0.0056318,0.0137129,-3.0969e-05,0.00039749,-0.031086
29,0.711368,17.6259,0.0507752,0,27.9583,0.102997,0.556804,0.0789508,-0.00904778,-2.49506,1.73415e-05,0.0110427,0.196531,10444.1,0.804737,0.371818,-0.1,0.02,1,39.7837,356352,0.064576,0.0257874,0,0.00191971,-0.00283811,nan,-0.00109765,nan,nan,nan,nan,-0.000692795,-0.00148327,-0.000874408,nan,-0.00629608,-2.08644e-05,-0.0022085,-0.0159368,nan,-0.0121448,-0.00363487,-0.0178312,-0.00611475,0.0145833,-3.4577e-05,0.000402385,-0.036659
30,0.704904,17.9151,0.0502641,0,27.9583,0.104556,0.534017,0.0878526,-0.00894627,-2.49777,1.73415e-05,0.00646207,0.19649,10078.5,0.840458,0.378768,-0.1,0.02,1,41.0046,368640,0.06468,0.0258138,0,0.00195666,-0.00284942,nan,-0.00113952,nan,nan,nan,nan,-0.00067939,-0.00153152,-0.000883178,nan,-0.00640193,0,-0.00210455,-0.0162777,nan,-0.0122504,-0.00364034,-0.0180048,-0.00647988,0.0150437,-3.74502e-05,0.000543964,-0.0245844
31,0.695704,18.8283,0.0503437,0,25.9583,0.105039,0.56492,0.0988935,-0.00937075,-2.50028,1.73415e-05,0.0164574,0.196447,10119.1,0.846479,0.367853,-0.1,0.02,1,42.221,380928,0.0663128,0.0269398,0,0.0021092,-0.00295738,nan,-0.00116793,nan,nan,nan,nan,-0.000711225,-0.00163058,-0.00093941,nan,-0.00669948,-9.63082e-06,-0.00216759,-0.0172811,nan,-0.0128906,-0.00380673,-0.0188663,-0.00659872,0.0157184,-3.92142e-05,0.000361156,-0.0369732
32,0.819488,20.5771,0.0502155,0,24.3333,0.103599,0.582269,0.10171,-0.00872907,-2.50283,1.73415e-05,0.0129481,0.196409,10637.4,0.806812,0.348359,-0.1,0.02,1,43.3779,393216,0.0735693,0.0300043,0,0.00229026,-0.00317533,nan,-0.00125575,nan,nan,nan,nan,-0.000796556,-0.00185477,-0.000988312,nan,-0.00733136,-3.42466e-06,-0.00223085,-0.0185795,nan,-0.0136898,-0.00449431,-0.020319,-0.00726712,0.0170969,-4.67873e-05,0.00072774,-0.0663081
33,0.813819,20.8383,0.0502876,0,23.7083,0.104423,0.566746,0.105159,-0.00862959,-2.50503,1.73415e-05,0.0137392,0.196374,9308.29,0.911032,0.409081,-0.1,0.02,1,44.6999,405504,0.0750591,0.0297498,0,0.00234191,-0.00323285,nan,-0.00124988,nan,nan,nan,nan,-0.00081861,-0.00184229,-0.00102041,nan,-0.00746533,0,-0.00202493,-0.0188991,nan,-0.0139516,-0.00470649,-0.020733,-0.00750264,0.0173088,-4.77761e-05,0.000764499,-0.0328224
34,0.863721,22.7567,0.0482283,0,20.2083,0.107373,0.595523,0.108305,-0.00848706,-2.50704,1.73415e-05,0.0129043,0.196345,10033.6,0.830515,0.394167,-0.1,0.02,1,45.9266,417792,0.0795915,0.0327098,0,0.00259145,-0.00346656,nan,-0.0013821,nan,nan,nan,nan,-0.00088224,-0.00201975,-0.00112252,nan,-0.00813629,-6.18557e-06,-0.00242063,-0.0209491,nan,-0.0147133,-0.00528775,-0.0225294,-0.00798144,0.0189802,-5.70442e-05,0.00102062,-0.045667
35,0.903648,24.286,0.0479785,0,20.8333,0.107108,0.609747,0.115998,-0.00935695,-2.50878,1.73415e-05,0.0102574,0.196316,10629.2,0.777619,0.378442,-0.1,0.02,1,47.0844,430080,0.0855972,0.033407,0,0.00275622,-0.00363598,nan,-0.0014154,nan,nan,nan,nan,-0.000918353,-0.00206696,-0.00115347,nan,-0.00866099,-6e-06,-0.00252382,-0.0220505,nan,-0.0159957,-0.00545316,-0.0239102,-0.008748,0.020122,-6.05585e-05,0.00122,-0.0600423
36,0.862391,24.7556,0.04853,0,18.5833,0.107085,0.611944,0.125561,-0.00838416,-2.51056,1.73415e-05,0.00824884,0.196285,9980.9,0.835095,0.396057,-0.1,0.02,1,48.3193,442368,0.0863231,0.0328384,0,0.00280914,-0.00364517,nan,-0.00142408,nan,nan,nan,nan,-0.000928998,-0.0020931,-0.00115607,nan,-0.00880184,-4.4843e-06,-0.00234018,-0.022381,nan,-0.016821,-0.00573303,-0.0242318,-0.00864126,0.0204227,-6.64353e-05,0.00113229,-0.10593
37,1.02313,26.3356,0.0469165,0,18.375,0.108363,0.626875,0.131871,-0.00867704,-2.51258,1.73415e-05,0.0111119,0.196252,9765.54,0.844151,0.414151,-0.1,0.02,1,49.5792,454656,0.093855,0.0354227,0,0.00309229,-0.00385654,nan,-0.0015659,nan,nan,nan,nan,-0.000945321,-0.00229455,-0.00131392,nan,-0.00937706,0,-0.00268039,-0.0239789,nan,-0.0168385,-0.00501078,-0.0257599,-0.00931293,0.0219667,-7.04734e-05,0.00134921,-0.0672066
38,1.01984,29.9592,0.0456757,0,17.375,0.112395,0.645457,0.132955,-0.00878799,-2.5146,1.73415e-05,0.010703,0.196219,10374.3,0.829897,0.354568,-0.1,0.02,1,50.7657,466944,0.100392,0.0390148,0,0.00356151,-0.00440752,nan,-0.00180422,nan,nan,nan,nan,-0.00115097,-0.00283322,-0.0015093,nan,-0.010713,-9.59233e-06,-0.00291579,-0.0267104,nan,-0.0185644,-0.00688993,-0.0291004,-0.0108705,0.0250825,-8.62872e-05,0.00154676,-0.0619858
39,1.04372,30.4037,0.0453623,0,15.5833,0.113337,0.653774,0.127471,-0.00783495,-2.51666,1.73415e-05,0.00869154,0.196185,10806.1,0.7796,0.357535,-0.1,0.02,1,51.9043,479232,0.104247,0.0381615,0,0.00358405,-0.0043931,nan,-0.00175503,nan,nan,nan,nan,-0.00114923,-0.00286157,-0.00151641,nan,-0.0108418,-8.02139e-06,-0.00353363,-0.0273184,nan,-0.0189797,-0.00690513,-0.0296418,-0.0107968,0.0251997,-8.96938e-05,0.00217914,-0.0652123
40,1.06053,30.5594,0.0456024,0,15.7917,0.112401,0.654084,0.145989,-0.00863114,-2.51873,1.73415e-05,0.00766374,0.196152,10886.3,0.773032,0.355724,-0.1,0.02,1,53.0348,491520,0.102565,0.0390604,0,0.00368965,-0.00438972,nan,-0.00183303,nan,nan,nan,nan,-0.00115215,-0.00283048,-0.00153285,nan,-0.0108731,-7.91557e-06,-0.00314989,-0.0269387,nan,-0.0186167,-0.00695466,-0.0294588,-0.0104512,0.0256244,-9.08618e-05,0.00164908,-0.0809669
41,1.03371,31.7044,0.0462822,0,15.0833,0.113034,0.69814,0.147217,-0.0072918,-2.52072,1.73415e-05,0.00716639,0.19612,10614.7,0.78739,0.370249,-0.1,0.02,1,54.1939,503808,0.106105,0.038751,0,0.00381923,-0.00447317,nan,-0.00177066,nan,nan,nan,nan,-0.00117804,-0.00280838,-0.00153124,nan,-0.0112496,0,-0.00339436,-0.0282735,nan,-0.0198815,-0.00718505,-0.0305735,-0.0109199,0.0266557,-9.238e-05,0.00189227,-0.0887274
42,1.10759,34.0108,0.046748,0,15.5,0.111145,0.679203,0.159053,-0.00838539,-2.5226,1.73415e-05,0.0131252,0.196091,10699.7,0.78097,0.367472,-0.1,0.02,1,55.3441,516096,0.114551,0.0412789,0,0.00408722,-0.0047742,nan,-0.00190376,nan,nan,nan,nan,-0.00128534,-0.00318546,-0.00165844,nan,-0.0120894,0,-0.00357293,-0.0303155,nan,-0.0210589,-0.00779498,-0.0326851,-0.0119624,0.0282969,-0.000109406,0.00172043,-0.0730321
43,1.18451,34.4435,0.0471541,0,14,0.111234,0.645097,0.160685,-0.00799051,-2.52454,1.73415e-05,0.00947404,0.196055,10128.5,0.84607,0.367146,-0.1,0.02,1,56.559,528384,0.115383,0.042089,0,0.00421131,-0.00477271,nan,-0.00201899,nan,nan,nan,nan,-0.00130274,-0.00317594,-0.00171501,nan,-0.0122044,-1.4881e-05,-0.00372617,-0.0305271,nan,-0.0202987,-0.00775922,-0.0328159,-0.0116131,0.0288716,-0.000104408,0.00191964,-0.100768
44,1.2492,34.4309,0.0454727,0,12.9583,0.11355,0.667324,0.166423,-0.00725114,-2.52683,1.73415e-05,0.00801439,0.196018,10880.5,0.781124,0.348231,-0.1,0.02,1,57.6905,540672,0.116572,0.0437904,0,0.00426386,-0.00473219,nan,-0.00203646,nan,nan,nan,nan,-0.00130804,-0.00303847,-0.00169967,nan,-0.0121771,-3.21543e-06,-0.0034094,-0.0308229,nan,-0.0200976,-0.0079907,-0.0327548,-0.0116367,0.0286951,-0.000104127,0.00202572,-0.0557669
45,1.22421,33.8767,0.0465403,0,12.5,0.112761,0.679174,0.169368,-0.0079956,-2.52903,2.60123e-05,0.00464162,0.195984,10463.4,0.770033,0.404346,-0.1,0.02,1,58.8663,552960,0.114197,0.0427623,0,0.00426576,-0.00458709,nan,-0.00199447,nan,nan,nan,nan,-0.00128719,-0.00313682,-0.00167391,nan,-0.0119213,-6.66667e-06,-0.00329356,-0.0300697,nan,-0.0198069,-0.0075908,-0.0319633,-0.0115267,0.0284444,-0.000101042,0.00176667,-0.0759718
46,1.41214,42.7053,0.0480638,0,13.2917,0.114973,0.661719,0.198425,-0.0100181,-2.53162,2.60123e-05,0.0137625,0.19593,10532.6,0.803117,0.363551,-0.1,0.02,1,60.0353,565248,0.141597,0.0511272,0,0.00540469,-0.00578997,nan,-0.00251386,nan,nan,nan,nan,-0.00160992,-0.00404688,-0.00214353,nan,-0.0150885,0,-0.0046366,-0.037395,nan,-0.0250117,-0.010029,-0.0402995,-0.0145235,0.0356507,-0.000147408,0.00250784,-0.0975008
47,1.43308,39.2048,0.046138,0,12.2083,0.115219,0.695448,0.194729,-0.0101017,-2.53509,2.60123e-05,0.0120208,0.195871,10294.5,0.800987,0.392659,-0.1,0.02,1,61.2307,577536,0.130977,0.0495176,0,0.00502639,-0.0052288,nan,-0.00227795,nan,nan,nan,nan,-0.00139254,-0.00367356,-0.00191775,nan,-0.0137549,-3.41297e-06,-0.003599,-0.0337824,nan,-0.022604,-0.00833681,-0.0365276,-0.0136519,0.0328644,-0.000119029,0.00238908,-0.0549618
48,1.58632,42.2189,0.0458116,0,11.0417,0.117945,0.656827,0.192781,-0.00991306,-2.53873,2.60123e-05,0.0170326,0.195813,10507.8,0.742256,0.427165,-0.1,0.02,1,62.402,589824,0.141794,0.0528177,0,0.00553578,-0.00561448,nan,-0.00251638,nan,nan,nan,nan,-0.00155733,-0.00408533,-0.00212268,nan,-0.0148976,0,-0.00341526,-0.0372385,nan,-0.0227359,-0.00929976,-0.0396537,-0.0146642,0.0353002,-0.000139267,0.00235849,-0.0485844
49,1.35002,39.8327,0.0467761,0,11.4583,0.116933,0.671031,0.206957,-0.0104214,-2.54209,2.60123e-05,0.0116378,0.195762,9096.55,0.938776,0.412066,-0.1,0.02,1,63.7559,602112,0.125187,0.0490915,0,0.0052436,-0.00524583,nan,-0.00234065,nan,nan,nan,nan,-0.00148675,-0.00367654,-0.00198402,nan,-0.0140161,0,-0.00357964,-0.0343829,nan,-0.0214898,-0.00843418,-0.0371683,-0.0135782,0.0330863,-0.000129255,0.00278182,-0.0519172
50,1.7631,45.8631,0.0458267,0,10.0417,0.117376,0.669507,0.197502,-0.00919819,-2.54489,2.60123e-05,0.0109914,0.195724,10148.8,0.853374,0.357412,-0.1,0.02,1,64.9682,614400,0.154556,0.0564374,0,0.00606652,-0.00596179,nan,-0.00267817,nan,nan,nan,nan,-0.00170243,-0.00422227,-0.00227388,nan,-0.0161229,0,-0.00394808,-0.0399742,nan,-0.0243184,-0.0105625,-0.0423914,-0.016278,0.0382387,-0.000160236,0.00394191,-0.0592606
51,1.54206,47.0248,0.0458123,0,11.75,0.117058,0.718226,0.222925,-0.00921409,-2.54739,2.60123e-05,0.0125181,0.195677,11816.3,0.761556,0.278362,-0.1,0.02,1,66.0097,626688,0.150167,0.0541091,0,0.00623895,-0.00609449,nan,-0.00273504,nan,nan,nan,nan,-0.00170381,-0.00461921,-0.00231353,nan,-0.0164465,-3.5461e-06,-0.00382342,-0.0412199,nan,-0.0256524,-0.00996714,-0.0433266,-0.0163156,0.039227,-0.000161819,0.00359929,-0.0747377
52,1.71476,47.2704,0.045385,0,9.70833,0.11712,0.711908,0.205952,-0.0108918,-2.55035,2.60123e-05,0.0145561,0.195632,11331.2,0.737322,0.347118,-0.1,0.02,1,67.0957,638976,0.157095,0.0557874,0,0.00636908,-0.00611773,nan,-0.00276506,nan,nan,nan,nan,-0.00171827,-0.00434143,-0.00232709,nan,-0.0165931,0,-0.00460669,-0.0412196,nan,-0.0249625,-0.0106721,-0.0437336,-0.0160558,0.0395708,-0.000173021,0.00302575,-0.047986
53,1.68933,49.8341,0.0451191,0,9.04167,0.119612,0.70799,0.211845,-0.00853898,-2.55282,2.60123e-05,0.0121647,0.195596,11238.7,0.736687,0.356673,-0.1,0.02,1,68.1908,651264,0.159444,0.0579505,0,0.00668866,-0.006371,nan,-0.00295207,nan,nan,nan,nan,-0.00172765,-0.0044855,-0.00244822,nan,-0.0174787,0,-0.00422509,-0.0421125,nan,-0.0269025,-0.0105824,-0.0454663,-0.0175069,0.0420508,-0.000165204,0.00288018,-0.0921589
54,1.58379,53.6596,0.0458656,0,9.79167,0.119133,0.687914,0.226772,-0.00906253,-2.55519,2.60123e-05,0.0116739,0.195555,10403.2,0.798564,0.382614,-0.1,0.02,1,69.3736,663552,0.158953,0.0619084,0,0.00731055,-0.00687833,nan,-0.0032234,nan,nan,nan,nan,-0.00183719,-0.00481836,-0.00266712,nan,-0.0187136,-8.51064e-06,-0.00457468,-0.0456513,nan,-0.0283598,-0.0105458,-0.0491247,-0.0193617,0.0450018,-0.00017789,0.00391489,-0.0919761
55,2.05674,55.9891,0.0449937,0,7.625,0.120806,0.675245,0.200217,-0.00896134,-2.55737,2.60123e-05,0.0112897,0.195528,11382,0.687235,0.392364,-0.1,0.02,1,70.4547,675840,0.18509,0.0631108,0,0.00774157,-0.00703076,nan,-0.00344306,nan,nan,nan,nan,-0.00199157,-0.00517648,-0.00293664,nan,-0.0194397,0,-0.00461138,-0.0480604,nan,-0.028568,-0.0120545,-0.0506403,-0.0195738,0.047017,-0.000182539,0.00439891,-0.148698
56,2.03129,56.0348,0.0449281,0,8.375,0.121365,0.692199,0.225992,-0.00957173,-2.55905,2.60123e-05,0.0134158,0.195497,11205.1,0.742544,0.3541,-0.1,0.02,1,71.5529,688128,0.184399,0.0668908,0,0.00744904,-0.00703557,nan,-0.00314866,nan,nan,nan,nan,-0.00185743,-0.0048466,-0.00264494,nan,-0.0194815,-1.49254e-05,-0.00439724,-0.0475215,nan,-0.0317959,-0.0112426,-0.0507459,-0.0186219,0.0467876,-0.000200495,0.00465174,-0.145242
57,2.12375,59.48,0.0454881,0,8.33333,0.119903,0.668551,0.235532,-0.00991222,-2.56146,2.60123e-05,0.0120431,0.195446,11689.3,0.731611,0.319608,-0.1,0.02,1,72.6056,700416,0.190707,0.0681914,0,0.00820671,-0.00746926,nan,-0.0036035,nan,nan,nan,nan,-0.00208106,-0.00556084,-0.00305702,nan,-0.020631,0,-0.00458979,-0.0503784,nan,-0.0300092,-0.0120141,-0.053714,-0.019845,0.0498844,-0.000199981,0.002675,-0.0323592
58,1.96125,56.4293,0.0458505,0,8.54167,0.124401,0.649848,0.237786,-0.0103938,-2.56461,2.60123e-05,0.01607,0.195402,12081.6,0.661308,0.355776,-0.1,0.02,1,73.6241,712704,0.185491,0.0704862,0,0.00746078,-0.00700433,nan,-0.0032599,nan,nan,nan,nan,-0.00181543,-0.00472976,-0.00265867,nan,-0.0195019,0,-0.00474449,-0.0484746,nan,-0.0338502,-0.01144,-0.0507305,-0.019678,0.0476678,-0.000195659,0.00297561,-0.180749
59,1.96641,56.3241,0.046672,0,9,0.119132,0.714562,0.257709,-0.00976052,-2.56707,2.60123e-05,0.0163186,0.195364,10896.2,0.765871,0.361865,-0.1,0.02,1,74.7538,724992,0.170865,0.0705986,0,0.00782694,-0.00690765,nan,-0.0034575,nan,nan,nan,nan,-0.00191283,-0.00502715,-0.00281749,nan,-0.0194514,0,-0.00452284,-0.047186,nan,-0.0289782,-0.0112666,-0.050044,-0.0195093,0.047398,-0.000185941,0.00423611,-0.0722269
60,2.45997,67.2597,0.0456124,0,7.54167,0.120696,0.716528,0.236095,-0.00937495,-2.56936,2.60123e-05,0.0070598,0.19533,11552.4,0.722516,0.341156,-0.1,0.02,1,75.8198,737280,0.210683,0.0795819,0,0.00949023,-0.00819882,nan,-0.00400663,nan,nan,nan,nan,-0.00219569,-0.00614276,-0.00336811,nan,-0.0231231,0,-0.00510779,-0.0557578,nan,-0.034038,-0.012561,-0.059816,-0.0227127,0.0564794,-0.000243452,0.00593923,-0.172236
61,2.10612,58.9596,0.0464766,0,8.25,0.120101,0.698958,0.247148,-0.00947042,-2.57142,2.60123e-05,0.0113413,0.195295,12106,0.72676,0.288277,-0.1,0.02,1,76.8363,749568,0.185008,0.0712188,0,0.00819876,-0.00723355,nan,-0.0035102,nan,nan,nan,nan,-0.00203408,-0.00524311,-0.0029089,nan,-0.0203489,0,-0.00457833,-0.0498331,nan,-0.0301734,-0.0127183,-0.0526141,-0.0201111,0.0498042,-0.000201172,0.00393939,-0.0670869
62,2.35465,60.1183,0.0469352,0,7.04167,0.116902,0.698819,0.245177,-0.00921516,-2.57397,2.60123e-05,0.0107113,0.195244,14568.3,0.598331,0.245147,-0.1,0.02,1,77.6811,761856,0.191765,0.0735545,0,0.00863717,-0.00728178,nan,-0.00374059,nan,nan,nan,nan,-0.00193885,-0.00521215,-0.00297999,nan,-0.0206839,0,-0.00449343,-0.0502095,nan,-0.0293922,-0.0104122,-0.0533488,-0.0201183,0.0507784,-0.00019461,0.0033432,-0.0574528
63,2.33822,68.2778,0.0466681,0,6.75,0.118483,0.70665,0.244558,-0.00976902,-2.57736,2.60123e-05,0.014139,0.19519,13470.4,0.588542,0.323678,-0.1,0.02,1,78.5946,774144,0.209907,0.0743063,0,0.00965588,-0.00825273,nan,-0.0041563,nan,nan,nan,nan,-0.00226173,-0.00619575,-0.00349127,nan,-0.0234558,0,-0.00503993,-0.0565625,nan,-0.0337105,-0.0123738,-0.0602847,-0.0226852,0.0576796,-0.00024281,0.00469136,-0.0998964
64,2.40685,67.1342,0.0460858,0,6.20833,0.118891,0.722197,0.253024,-0.0091803,-2.58038,2.60123e-05,0.00917118,0.195145,10659.1,0.753745,0.399075,-0.1,0.02,1,79.7489,786432,0.212212,0.0758968,0,0.00944918,-0.00805007,nan,-0.00398993,nan,nan,nan,nan,-0.00211392,-0.00569991,-0.00325494,nan,-0.0229313,-6.71141e-06,-0.00537681,-0.0548123,nan,-0.035246,-0.0116004,-0.0589621,-0.0221141,0.0567993,-0.000225592,0.00466443,-0.21333
65,2.7898,74.9538,0.0480125,0,7.20833,0.117949,0.677702,0.267496,-0.010656,-2.58327,2.60123e-05,0.0167427,0.195097,11417.5,0.735941,0.340302,-0.1,0.02,1,80.8269,798720,0.244339,0.0861489,0,0.0106055,-0.00900144,nan,-0.0043978,nan,nan,nan,nan,-0.00248941,-0.00644829,-0.00367315,nan,-0.0256885,0,-0.00642253,-0.0634847,nan,-0.0383199,-0.0144008,-0.0663999,-0.025052,0.0631906,-0.000258464,0.00459538,-0.115999
66,2.81613,72.9756,0.0461584,0,6.83333,0.11956,0.712011,0.293212,-0.00876977,-2.58622,2.60123e-05,0.0120724,0.195048,12092.1,0.725173,0.291029,-0.1,0.02,1,81.8446,811008,0.233406,0.0862625,0,0.0104791,-0.00872037,nan,-0.00453988,nan,nan,nan,nan,-0.0023341,-0.00651628,-0.00361797,nan,-0.0249971,0,-0.00599083,-0.0613746,nan,-0.0357216,-0.0124562,-0.0645236,-0.0243902,0.0618386,-0.000231854,0.00542683,-0.195489
67,2.72889,70.4865,0.0472905,0,6.16667,0.11828,0.720495,0.274884,-0.00880832,-2.5891,2.60123e-05,0.0134401,0.195008,13927.7,0.642316,0.239956,-0.1,0.02,1,82.7284,823296,0.22735,0.0835093,0,0.0100491,-0.0084114,nan,-0.0042523,nan,nan,nan,nan,-0.00228337,-0.00595817,-0.00330044,nan,-0.0240317,0,-0.00530761,-0.0575765,nan,-0.0363177,-0.0134493,-0.0616018,-0.0234595,0.059849,-0.000225994,0.00570946,-0.189738
68,2.90852,69.5263,0.0472766,0,7.125,0.117013,0.734962,0.294944,-0.010311,-2.59155,2.60123e-05,0.0132564,0.194964,11454.3,0.707138,0.365649,-0.1,0.02,1,83.8027,835584,0.232205,0.0861702,0,0.00995409,-0.00823754,nan,-0.0043055,nan,nan,nan,nan,-0.00220027,-0.00598452,-0.00335632,nan,-0.0236787,0,-0.0057332,-0.0578929,nan,-0.0356283,-0.0122739,-0.0607127,-0.0215848,0.0589497,-0.000232033,0.00394737,-0.11342
69,2.90529,77.2877,0.047054,0,6.08333,0.118362,0.726818,0.271779,-0.00863824,-2.59413,2.60123e-05,0.00960616,0.194927,11307,0.743092,0.343665,-0.1,0.02,1,84.8907,847872,0.252982,0.0827769,0,0.0111391,-0.00915135,nan,-0.00481932,nan,nan,nan,nan,-0.00257251,-0.00696235,-0.00381083,nan,-0.0264559,-6.84932e-06,-0.0065083,-0.0649799,nan,-0.0376659,-0.0146792,-0.0678473,-0.024863,0.0656456,-0.000267231,0.00469178,-0.201624
70,3.18384,84.7353,0.0482809,0,5.66667,0.116134,0.698131,0.283247,-0.00940984,-2.59653,2.60123e-05,0.0105023,0.194887,11891,0.704416,0.328969,-0.1,0.02,1,85.9255,860160,0.271892,0.0921435,0,0.0121184,-0.00991638,nan,-0.00527853,nan,nan,nan,nan,-0.00263588,-0.00707515,-0.00414408,nan,-0.0288832,-7.35294e-06,-0.00639977,-0.0694283,nan,-0.0422133,-0.0138993,-0.0737629,-0.0281544,0.0721624,-0.000277236,0.00602941,-0.209284
71,2.54029,73.4899,0.0493462,0,6.20833,0.113393,0.740657,0.314543,-0.00932936,-2.59895,2.60123e-05,0.0127902,0.194851,13905.2,0.642732,0.240966,-0.1,0.02,1,86.8106,872448,0.222503,0.0824978,0,0.010761,-0.00849973,nan,-0.00473369,nan,nan,nan,nan,-0.00222954,-0.00629324,-0.00358233,nan,-0.0248016,0,-0.00701539,-0.0602531,nan,-0.0365245,-0.0117012,-0.0633837,-0.022745,0.0629741,-0.000234506,0.00348993,-0.239435
72,2.72556,77.4839,0.0493577,0,6.45833,0.11327,0.717501,0.295128,-0.00894994,-2.60089,2.60123e-05,0.0102466,0.194824,14255.5,0.611548,0.250436,-0.1,0.02,1,87.6739,884736,0.236552,0.0869252,0,0.0111612,-0.00899993,nan,-0.00469742,nan,nan,nan,nan,-0.00248243,-0.006567,-0.00376733,nan,-0.0263638,0,-0.00684016,-0.0632971,nan,-0.0385968,-0.0142164,-0.0672552,-0.0238065,0.0660794,-0.00025793,0.00587097,-0.122544
73,3.20619,78.227,0.0482842,0,5.875,0.114439,0.723499,0.319692,-0.00855167,-2.60285,2.60123e-05,0.00828711,0.194784,14754.7,0.592622,0.240199,-0.1,0.02,1,88.508,897024,0.259341,0.0899407,0,0.0114094,-0.0090378,nan,-0.00507702,nan,nan,nan,nan,-0.00244436,-0.006458,-0.00383893,nan,-0.0266431,0,-0.00654185,-0.0655391,nan,-0.038012,-0.013636,-0.0682476,-0.0253333,0.0672973,-0.00025889,0.00521277,-0.0642623
74,3.40811,88.5036,0.0476502,0,5.70833,0.112804,0.759518,0.333309,-0.00846721,-2.60541,2.60123e-05,0.0121156,0.194745,13366.6,0.58796,0.331345,-0.1,0.02,1,89.4286,909312,0.283551,0.101917,0,0.0128128,-0.010193,nan,-0.0055619,nan,nan,nan,nan,-0.0026408,-0.00754382,-0.00428101,nan,-0.0299777,0,-0.00721219,-0.0732462,nan,-0.0447757,-0.0133345,-0.0765998,-0.0293285,0.0756383,-0.000293307,0.00638686,-0.168235
75,3.55962,81.7692,0.0497157,0,5.41667,0.111848,0.746657,0.325736,-0.00938379,-2.6075,2.60123e-05,0.013557,0.194719,10700.6,0.739185,0.409167,-0.1,0.02,1,90.5786,921600,0.285431,0.0890952,0,0.0119101,-0.00927965,nan,-0.00500308,nan,nan,nan,nan,-0.00256265,-0.00699745,-0.0039305,nan,-0.0276256,0,-0.00804977,-0.0673475,nan,-0.0398178,-0.0140017,-0.0703434,-0.0260231,0.0698767,-0.000287036,0.00511538,-0.0943789
76,3.65948,87.4921,0.0511465,0,5.25,0.111408,0.691768,0.30899,-0.00948476,-2.60912,2.60123e-05,0.0141606,0.19469,9539.72,0.840598,0.44749,-0.1,0.02,1,91.8684,933888,0.301967,0.0930767,0,0.0127475,-0.0100249,nan,-0.00552714,nan,nan,nan,nan,-0.00265301,-0.00717512,-0.00434966,nan,-0.0295835,0,-0.00750114,-0.0717904,nan,-0.0439407,-0.0148018,-0.0751835,-0.0273016,0.074848,-0.00028559,0.00535714,-0.0772395
77,3.81593,94.1951,0.0486356,0,5.125,0.11351,0.716897,0.319859,-0.00948625,-2.61132,2.60123e-05,0.0140581,0.194646,9975.24,0.816327,0.415523,-0.1,0.02,1,93.1019,946176,0.309843,0.105838,0,0.0138292,-0.0108296,nan,-0.00602813,nan,nan,nan,nan,-0.0029057,-0.0081842,-0.0046181,nan,-0.031831,0,-0.00809385,-0.077657,nan,-0.0454339,-0.0161271,-0.0806037,-0.029122,0.080614,-0.000314978,0.00495935,-0.312196
78,3.58793,82.4133,0.0494018,0,6.25,0.113594,0.707211,0.345906,-0.00921713,-2.61435,2.60123e-05,0.00728272,0.194595,8791.12,0.85479,0.542984,-0.1,0.02,1,94.5013,958464,0.273289,0.0981464,0,0.0123389,-0.00934088,nan,-0.00531893,nan,nan,nan,nan,-0.00250776,-0.0067199,-0.00403119,nan,-0.0277253,-1.33333e-05,-0.00636276,-0.067244,nan,-0.0389077,-0.0132505,-0.0703528,-0.0269933,0.0708201,-0.000264456,0.00543333,-0.0799112
79,3.40657,83.123,0.0491094,0,5.08333,0.116206,0.687835,0.338707,-0.00902448,-2.6177,2.60123e-05,0.0100275,0.194537,9414.19,0.87754,0.427723,-0.1,0.02,1,95.8088,970752,0.281298,0.0953541,0,0.0118466,-0.00941152,nan,-0.00496787,nan,nan,nan,nan,-0.0025093,-0.00636387,-0.0037537,nan,-0.0279299,0,-0.00818702,-0.0664333,nan,-0.0445399,-0.0147915,-0.0705851,-0.024959,0.0710803,-0.000279684,0.00430328,-0.215758
80,3.77242,92.3504,0.0508461,0,4.875,0.114068,0.684263,0.336112,-0.00861067,-2.62134,2.60123e-05,0.00948565,0.194479,10830,0.75754,0.377088,-0.1,0.02,1,96.9452,983040,0.303602,0.102972,0,0.0138017,-0.0103435,nan,-0.00579829,nan,nan,nan,nan,-0.00284921,-0.00759669,-0.00451315,nan,-0.0308856,0,-0.00892537,-0.0743734,nan,-0.0440761,-0.0163698,-0.0776428,-0.0285983,0.0787619,-0.000318773,0.00508547,-0.129172
81,4.19123,96.8739,0.0485727,0,4.625,0.116254,0.725947,0.332278,-0.0081841,-2.62442,2.60123e-05,0.0177919,0.194443,11745.8,0.72546,0.320701,-0.1,0.02,1,97.9931,995328,0.327702,0.109073,0,0.0142794,-0.0108947,nan,-0.00609027,nan,nan,nan,nan,-0.00295556,-0.00804239,-0.00460059,nan,-0.0325467,0,-0.00737229,-0.077852,nan,-0.0473167,-0.0165572,-0.0821342,-0.0298198,0.0828048,-0.000313709,0.00653153,-0.160314
82,4.07902,102.672,0.0476116,0,5.20833,0.115344,0.76466,0.336704,-0.00920197,-2.62646,2.60123e-05,0.0129772,0.194409,10249.8,0.792788,0.406066,-0.1,0.02,1,99.1934,1.00762e+06,0.323827,0.114493,0,0.0154008,-0.0115115,nan,-0.00654272,nan,nan,nan,nan,-0.00317168,-0.00883652,-0.00514345,nan,-0.0344676,-8e-06,-0.00922181,-0.0840453,nan,-0.0468098,-0.0170393,-0.0875952,-0.031624,0.087793,-0.000346439,0.0088,nan
83,4.00843,91.6718,0.0486844,0,5.45833,0.115215,0.742182,0.371966,-0.00986603,-2.6285,2.60123e-05,0.0120551,0.194381,10441.6,0.788241,0.388588,-0.1,0.02,1,100.372,1.0199e+06,0.304325,0.105113,0,0.0139508,-0.0102619,nan,-0.00610947,nan,nan,nan,nan,-0.00281501,-0.0078589,-0.00446326,nan,-0.0306319,0,-0.00715131,-0.0741721,nan,-0.0421088,-0.0150972,-0.0777705,-0.0274656,0.0785653,-0.000296399,0.0060687,-0.183278
84,3.74289,103.837,0.0474658,0,5.625,0.116417,0.772996,0.344621,-0.00903341,-2.63015,2.60123e-05,0.0114898,0.194353,10530.9,0.798213,0.368637,-0.1,0.02,1,101.541,1.03219e+06,0.321537,0.110579,0,0.0152102,-0.0116437,nan,-0.00652459,nan,nan,nan,nan,-0.00314311,-0.00828048,-0.00496443,nan,-0.0348799,0,-0.00924341,-0.0842241,nan,-0.0511144,-0.0175529,-0.0878197,-0.0315481,0.0891047,-0.000338144,0.00762963,-0.12688
85,4.1337,106.333,0.0496333,0,4.75,0.113756,0.721302,0.330194,-0.00816554,-2.63227,2.60123e-05,0.0130206,0.194311,10815.7,0.758037,0.378085,-0.1,0.02,1,102.678,1.04448e+06,0.340772,0.118156,0,0.0154539,-0.0120011,nan,-0.00666754,nan,nan,nan,nan,-0.00313094,-0.00850891,-0.00515864,nan,-0.0356146,0,-0.0086123,-0.0851826,nan,-0.053894,-0.0166825,-0.0904329,-0.0327193,0.0916352,-0.000367582,0.00736842,-0.29366
86,4.30881,99.7321,0.0482122,0,4.66667,0.116421,0.72059,0.32091,-0.00848846,-2.635,2.60123e-05,0.015507,0.194269,9890.25,0.776523,0.465912,-0.1,0.02,1,103.922,1.05677e+06,0.330593,0.112572,0,0.0149086,-0.0111448,nan,-0.00637982,nan,nan,nan,nan,-0.00296255,-0.00804342,-0.00481385,nan,-0.0334167,0,-0.00831703,-0.0803542,nan,-0.0469791,-0.0154058,-0.083809,-0.0299911,0.085307,-0.000334407,0.00678571,-0.155344
87,4.39944,108.798,0.0468725,0,4.95833,0.118077,0.728232,0.338179,-0.00836275,-2.63757,2.60123e-05,0.0133963,0.194227,10128,0.848531,0.364734,-0.1,0.02,1,105.138,1.06906e+06,0.355227,0.122724,0,0.0158983,-0.0121727,nan,-0.00679445,nan,nan,nan,nan,-0.00328229,-0.00881792,-0.00524458,nan,-0.0364598,0,-0.0108941,-0.0870773,nan,-0.054164,-0.0187462,-0.0919765,-0.0316891,0.0929783,-0.000358612,0.00726891,-0.153437
88,4.50216,101.527,0.0487805,0,6.08333,0.116488,0.72778,0.418313,-0.00888914,-2.63993,2.60123e-05,0.0110464,0.194196,10913.1,0.715048,0.410933,-0.1,0.02,1,106.265,1.08134e+06,0.341444,0.116467,0,0.0153358,-0.0113653,nan,-0.00654822,nan,nan,nan,nan,-0.00303813,-0.00818326,-0.00494412,nan,-0.034084,0,-0.00849908,-0.0840536,nan,-0.0471751,-0.0156532,-0.0858543,-0.0303356,0.0870254,-0.000321206,0.00678082,-0.0919324
89,3.61076,92.1081,0.0502646,0,4.625,0.11343,0.690921,0.342831,-0.00900797,-2.64172,2.60123e-05,0.0104888,0.194169,10899.9,0.754397,0.37295,-0.1,0.02,1,107.394,1.09363e+06,0.293659,0.0976457,0,0.0140232,-0.0102996,nan,-0.00628,nan,nan,nan,nan,-0.00281736,-0.0076153,-0.00461252,nan,-0.0308437,0,-0.0073276,-0.0756017,nan,-0.0417312,-0.0154545,-0.0779774,-0.027982,0.0789025,-0.00028709,0.00581081,-0.07478
90,3.80436,90.7479,0.0481793,0,4.95833,0.115907,0.719725,0.338218,-0.00971358,-2.64362,2.60123e-05,0.010006,0.194135,10131.2,0.820889,0.391999,-0.1,0.02,1,108.609,1.10592e+06,0.301527,0.101005,0,0.0136986,-0.0102104,nan,-0.0058437,nan,nan,nan,nan,-0.0026699,-0.00706683,-0.00436716,nan,-0.030471,0,-0.0078294,-0.0743317,nan,-0.042544,-0.0143361,-0.0772486,-0.0280756,0.0775434,-0.000270093,0.00478992,-0.183356
91,4.64952,102.575,0.0487604,0,4.70833,0.117875,0.674024,0.348182,-0.00917244,-2.64562,2.60123e-05,0.013213,0.194108,12075.2,0.718379,0.299241,-0.1,0.02,1,109.628,1.11821e+06,0.348746,0.117938,0,0.0152778,-0.0113845,nan,-0.00665593,nan,nan,nan,nan,-0.00297447,-0.00785683,-0.0049224,nan,-0.0341509,0,-0.00877998,-0.0831127,nan,-0.0493338,-0.015259,-0.0863206,-0.030115,0.0876673,-0.000315339,0.00867257,-0.262379
92,4.02441,99.2,0.0479883,0,4.79167,0.117618,0.710881,0.342944,-0.0106652,-2.647,2.60123e-05,0.0113887,0.194087,13678.3,0.650041,0.248319,-0.1,0.02,1,110.528,1.1305e+06,0.314814,0.110211,0,0.0150292,-0.0110395,nan,-0.0064647,nan,nan,nan,nan,-0.00293326,-0.00819747,-0.00483413,nan,-0.0331028,0,-0.0085023,-0.0801806,nan,-0.0452278,-0.0141752,-0.0839139,-0.0307217,0.0846506,-0.000297989,0.00669565,-0.0338578
93,4.13415,113.247,0.0470233,0,3.875,0.118209,0.715156,0.314298,-0.0088748,-2.64852,2.60123e-05,0.011331,0.194061,13713.7,0.623779,0.272256,-0.1,0.02,1,111.425,1.14278e+06,0.343509,0.131585,0,0.0165798,-0.0126301,nan,-0.00734624,nan,nan,nan,nan,-0.00329861,-0.00909762,-0.00544383,nan,-0.0379055,0,-0.00983657,-0.0927497,nan,-0.0555273,-0.0172573,-0.0957983,-0.0341828,0.0974294,-0.000354314,0.00478495,-0.267503
94,3.97399,107.008,0.0481659,0,5.04167,0.116511,0.735244,0.373283,-0.00854184,-2.65012,1.73415e-05,0.0215278,0.194039,14726.7,0.590063,0.244341,-0.1,0.02,1,112.261,1.15507e+06,0.32618,0.125042,0,0.0156979,-0.011783,nan,-0.00674826,nan,nan,nan,nan,-0.00315025,-0.00840647,-0.0051147,nan,-0.0356487,0,-0.0117652,-0.0868973,nan,-0.05268,-0.0172999,-0.0901286,-0.031438,0.092029,-0.000362579,0.00673554,-0.168246
95,4.32145,97.7981,0.0514079,0,4.33333,0.10961,0.715759,0.357566,-0.00678449,-2.6513,1.73415e-05,0.00769697,0.19402,14469.2,0.58924,0.260013,-0.1,0.02,1,113.111,1.16736e+06,0.326259,0.109883,0,0.0147722,-0.0108696,nan,-0.00642385,nan,nan,nan,nan,-0.00288101,-0.00790936,-0.00480387,nan,-0.0327479,0,-0.00731132,-0.0798728,nan,-0.04454,-0.013827,-0.0826713,-0.0303077,0.0836897,-0.000317688,0.00625,-0.0310244
96,4.85987,115.21,0.0488028,0,4.95833,0.114022,0.728057,0.391668,-0.00718365,-2.6525,1.73415e-05,0.00712791,0.194004,14531.6,0.597028,0.248579,-0.1,0.02,1,113.958,1.17965e+06,0.383323,0.124588,0,0.0174241,-0.0128027,nan,-0.00759042,nan,nan,nan,nan,-0.00326766,-0.00934248,-0.00566828,nan,-0.0384919,0,-0.00904783,-0.0927993,nan,-0.0542278,-0.0166987,-0.0966823,-0.0369664,0.0987311,-0.000364863,0.00668067,-0.22626
97,4.28772,109.14,0.0500808,0,4.16667,0.113934,0.687525,0.387857,-0.00727877,-2.65358,1.73415e-05,0.00944381,0.193985,14665.1,0.593664,0.244241,-0.1,0.02,1,114.797,1.19194e+06,0.353471,0.11765,0,0.0160057,-0.0120932,nan,-0.0069964,nan,nan,nan,nan,-0.00302882,-0.00886306,-0.00525836,nan,-0.0364208,0,-0.00816602,-0.0900992,nan,-0.0545831,-0.0148818,-0.0921209,-0.03195,0.0935501,-0.000343686,0.006,-0.2495
98,4.28043,120.465,0.0500078,0,4.125,0.111388,0.740275,0.322823,-0.00741772,-2.65509,1.73415e-05,0.0126948,0.193954,14828.8,0.590554,0.238106,-0.1,0.02,1,115.627,1.20422e+06,0.362839,0.137119,0,0.0180718,-0.0135143,nan,-0.00749737,nan,nan,nan,nan,-0.00354384,-0.0097177,-0.00567933,nan,-0.0401625,0,-0.0110623,-0.100487,nan,-0.0584544,-0.0185613,-0.101471,-0.0369697,0.103825,-0.000397512,0.00611111,-0.212074
99,4.04461,105.43,0.0500893,0,4.75,0.111223,0.722856,0.400512,-0.00707582,-2.65715,2.60123e-05,0.0035208,0.193921,14853.3,0.585776,0.241517,-0.1,0.02,1,116.456,1.21651e+06,0.340916,0.112899,0,0.0153873,-0.0117913,nan,-0.00662,nan,nan,nan,nan,-0.00305726,-0.0084806,-0.00485029,nan,-0.0352204,0,-0.011315,-0.0851385,nan,-0.0529205,-0.015377,-0.0889816,-0.0298158,0.0908973,-0.000359273,0.00324561,-0.204846
100,4.91864,116.467,0.0508698,0,4.375,0.113059,0.704104,0.382436,-0.00860548,-2.65968,2.60123e-05,0.0143884,0.193871,14529.4,0.604364,0.241371,-0.1,0.02,1,117.303,1.2288e+06,0.394724,0.131323,0,0.0169238,-0.012896,nan,-0.00707238,nan,nan,nan,nan,-0.00311914,-0.00864699,-0.00537965,nan,-0.0388933,0,-0.00847158,-0.093366,nan,-0.0615883,-0.0157763,-0.0975358,-0.0348,0.0999087,-0.000378279,0.00480952,-0.36313
101,5.60252,121.534,0.051027,0,4.83333,0.113144,0.716403,0.405061,-0.00884953,-2.66298,2.60123e-05,0.0104923,0.193817,14710.1,0.590074,0.245273,-0.1,0.02,1,119.979,1.24109e+06,0.413784,0.144331,0,0.0183956,-0.0133969,nan,-0.00799034,nan,nan,nan,nan,-0.00352273,-0.00997783,-0.00585595,nan,-0.0407074,0,-0.00846456,-0.0990101,nan,-0.0575899,-0.0170389,-0.102286,-0.0366638,0.104148,-0.000374215,0.0075,-0.298874
102,4.33401,99.7913,0.0510087,0,4.79167,0.113508,0.706014,0.406361,-0.00914114,-2.66568,2.60123e-05,0.010401,0.193793,9633.66,0.687423,0.588105,-0.1,0.02,1,121.255,1.25338e+06,0.323949,0.113932,0,0.0153274,-0.0108798,nan,-0.00658835,nan,nan,nan,nan,-0.00293578,-0.00825185,-0.00485822,nan,-0.0332489,0,-0.00657804,-0.0800106,nan,-0.0455549,-0.013878,-0.0832447,-0.0299217,0.0852815,-0.0003035,0.00578261,-0.0757274
103,4.90554,111.758,0.049138,0,4.125,0.114737,0.720663,0.35783,-0.00811641,-2.66708,2.60123e-05,0.0102759,0.193762,9870.33,0.805128,0.439815,-0.1,0.02,1,122.502,1.26566e+06,0.381477,0.118846,0,0.0169378,-0.0123403,nan,-0.00725515,nan,nan,nan,nan,-0.00328886,-0.00893157,-0.00539728,nan,-0.0374556,0,-0.00746637,-0.0905869,nan,-0.0526674,-0.0179742,-0.0935342,-0.034202,0.0957363,-0.000343995,0.00813131,-0.218197
104,4.89885,105.461,0.049033,0,4.79167,0.115923,0.718101,0.434156,-0.00924118,-2.66948,2.60123e-05,0.0136306,0.193719,11050,0.754275,0.357766,-0.1,0.02,1,123.622,1.27795e+06,0.362461,0.122271,0,0.0162892,-0.0115734,nan,-0.0069673,nan,nan,nan,nan,-0.00308703,-0.00869761,-0.00508489,nan,-0.0351627,0,-0.00669179,-0.0861925,nan,-0.0481826,-0.0156783,-0.0879977,-0.0328522,0.0902615,-0.000328695,0.00486957,-0.311911
105,4.9323,122.347,0.0505238,0,4.08333,0.113434,0.721713,0.377014,-0.00852303,-2.67214,2.60123e-05,0.0103632,0.193678,10162.7,0.780295,0.428837,-0.1,0.02,1,124.833,1.29024e+06,0.396511,0.127945,0,0.0186049,-0.0135069,nan,-0.00809082,nan,nan,nan,nan,-0.0035783,-0.00989965,-0.00586613,nan,-0.0409715,0,-0.00902746,-0.0989488,nan,-0.0563789,-0.0183071,-0.102608,-0.0379286,0.10499,-0.000385202,0.00693878,-0.141032
106,4.86524,105.819,0.0494712,0,4.375,0.114383,0.734293,0.385728,-0.00958204,-2.67484,2.60123e-05,0.0151441,0.193632,9416.4,0.872965,0.431992,-0.1,0.02,1,126.14,1.30253e+06,0.350966,0.128524,0,0.0164847,-0.011724,nan,-0.00716571,nan,nan,nan,nan,-0.00304249,-0.00835976,-0.00514442,nan,-0.0352975,0,-0.00639877,-0.0852545,nan,-0.0477406,-0.0151889,-0.0879244,-0.0323524,0.0911778,-0.000319742,0.00380952,-0.0937525
107,3.91705,98.1646,0.0511691,0,3.29167,0.113507,0.686514,0.327407,-0.00916934,-2.67748,2.60123e-05,0.0143387,0.193597,9781.23,0.822021,0.434263,-0.1,0.02,1,127.398,1.31482e+06,0.315653,0.104602,0,0.0150101,-0.0106814,nan,-0.00652228,nan,nan,nan,nan,-0.00289841,-0.00762074,-0.00465346,nan,-0.0325846,0,-0.00738552,-0.0802602,nan,-0.0462946,-0.0152284,-0.081693,-0.0283165,0.0843675,-0.000269982,0.00462025,-0.157653
108,4.76939,118.443,0.0486279,0,4.41667,0.116865,0.703337,0.395435,-0.00945662,-2.67939,2.60123e-05,0.0141867,0.193572,9623.13,0.875214,0.40171,-0.1,0.02,1,128.677,1.3271e+06,0.381197,0.132476,0,0.0176502,-0.0129965,nan,-0.00759113,nan,nan,nan,nan,-0.00334135,-0.00927472,-0.00556269,nan,-0.0393986,0,-0.00749538,-0.0944438,nan,-0.0591288,-0.0179788,-0.0987518,-0.036717,0.101223,-0.000349869,0.00924528,-0.181836
109,5.16233,123.485,0.0503059,0,4.20833,0.11216,0.710171,0.414948,-0.00882028,-2.68095,2.60123e-05,0.0122279,0.193544,9996.28,0.814564,0.414694,-0.1,0.02,1,129.908,1.33939e+06,0.407466,0.138322,0,0.0187293,-0.0134572,nan,-0.00778396,nan,nan,nan,nan,-0.00356777,-0.0101013,-0.00582508,nan,-0.0410491,-9.90099e-06,-0.00886943,-0.100018,nan,-0.059355,-0.0190527,-0.10214,-0.0388119,0.105556,-0.000407016,0.00569307,-0.242467
110,6.14088,136.957,0.0512768,0,4.875,0.111258,0.707001,0.462135,-0.0086118,-2.68284,2.60123e-05,0.00936732,0.193514,10195.9,0.793436,0.411755,-0.1,0.02,1,131.115,1.35168e+06,0.460857,0.148302,0,0.0211819,-0.0150621,nan,-0.00912291,nan,nan,nan,nan,-0.00391683,-0.0111818,-0.0066359,nan,-0.0456667,0,-0.011013,-0.110919,nan,-0.061125,-0.0175145,-0.114961,-0.0412308,0.118649,-0.000430593,0.00803419,-0.140358
111,5.71159,122.385,0.0525911,0,4,0.110257,0.658946,0.370385,-0.00922813,-2.68493,2.60123e-05,0.0108435,0.193474,10253,0.7797,0.418777,-0.1,0.02,1,132.315,1.36397e+06,0.421358,0.141402,0,0.0184941,-0.0135039,nan,-0.00793563,nan,nan,nan,nan,-0.00340112,-0.00971604,-0.00592241,nan,-0.0408967,0,-0.0066744,-0.100148,nan,-0.058347,-0.0151536,-0.102241,-0.0379583,0.105074,-0.000361931,0.006875,-0.171674
112,5.17185,117.041,0.0520792,0,4.04167,0.1125,0.681042,0.385118,-0.00846833,-2.6874,2.60123e-05,0.0166625,0.193443,10497.8,0.735452,0.435074,-0.1,0.02,1,133.487,1.37626e+06,0.378446,0.141789,0,0.0181792,-0.0129857,nan,-0.00804206,nan,nan,nan,nan,-0.00319674,-0.00939017,-0.00579264,nan,-0.0390014,0,-0.00730395,-0.0934246,nan,-0.05332,-0.0143055,-0.0971688,-0.0376495,0.101407,-0.000347702,0.00329897,-0.251975
113,6.36246,130.238,0.0512979,0,4.20833,0.111178,0.700505,0.398885,-0.0100514,-2.68902,2.60123e-05,0.0113796,0.193417,10889.8,0.80129,0.327105,-0.1,0.02,1,134.617,1.38854e+06,0.451684,0.15008,0,0.0206927,-0.0142085,nan,-0.00873426,nan,nan,nan,nan,-0.00362823,-0.010782,-0.00633338,nan,-0.0432916,0,-0.00771787,-0.104693,nan,-0.0572918,-0.0160373,-0.107997,-0.0416634,0.111604,-0.000418012,0.00876238,-0.19218
114,5.63383,123.811,0.0513296,0,3.75,0.111732,0.727505,0.358127,-0.00984437,-2.69132,2.60123e-05,0.0151336,0.193367,11341,0.722363,0.361135,-0.1,0.02,1,135.702,1.40083e+06,0.410691,0.147105,0,0.0187566,-0.0137089,nan,-0.00809578,nan,nan,nan,nan,-0.00365169,-0.0102262,-0.0060614,nan,-0.0414352,0,-0.00973579,-0.100602,nan,-0.0561574,-0.0174155,-0.104217,-0.0366333,0.106431,-0.000406886,0.00705556,nan
115,5.02857,112.631,0.0498392,0,4.625,0.111955,0.754361,0.421935,-0.0102082,-2.69462,2.60123e-05,0.0186787,0.193319,9903.86,0.814676,0.426053,-0.1,0.02,1,136.944,1.41312e+06,0.372334,0.129661,0,0.0173309,-0.012249,nan,-0.00753694,nan,nan,nan,nan,-0.00306591,-0.00872929,-0.00531757,nan,-0.0373971,-1.8018e-05,-0.00707524,-0.0904426,nan,-0.0527264,-0.0138855,-0.0934232,-0.0347658,0.0974932,-0.000318095,0.00675676,-0.576843
116,4.79067,119.303,0.0514434,0,3.70833,0.109236,0.734453,0.393954,-0.00964319,-2.69732,2.60123e-05,0.00850808,0.193278,11673.2,0.70354,0.349132,-0.1,0.02,1,137.998,1.42541e+06,0.383475,0.133221,0,0.0177802,-0.0129433,nan,-0.00778899,nan,nan,nan,nan,-0.00316692,-0.00906173,-0.00562212,nan,-0.0395682,0,-0.00770393,-0.0951782,nan,-0.0604517,-0.0147829,-0.0989385,-0.0383708,0.103344,-0.000361432,0.00679775,-0.49598
117,5.40735,114.875,0.0515562,0,4.66667,0.10735,0.725573,0.434645,-0.00860797,-2.69944,2.60123e-05,0.0125255,0.193256,10187.6,0.783127,0.42304,-0.1,0.02,1,139.207,1.4377e+06,0.396939,0.132994,0,0.0173475,-0.0124223,nan,-0.00769,nan,nan,nan,nan,-0.00316307,-0.00905117,-0.00548028,nan,-0.0379882,0,-0.0071394,-0.0911608,nan,-0.0557212,-0.0147236,-0.0951928,-0.0353571,0.0991399,-0.000338901,0.0059375,-0.244963
118,5.36618,108.09,0.0523089,0,4.625,0.108171,0.712092,0.447683,-0.00865464,-2.70087,2.60123e-05,0.0118842,0.193225,9663.58,0.781141,0.490437,-0.1,0.02,1,140.48,1.44998e+06,0.382964,0.127528,0,0.0166907,-0.0117437,nan,-0.00722198,nan,nan,nan,nan,-0.00295581,-0.00857178,-0.00528307,nan,-0.0359054,0,-0.00624969,-0.0868861,nan,-0.0501588,-0.0134128,-0.0904417,-0.034018,0.0930223,-0.000322433,0.00518018,-0.216728
119,5.74865,129.43,0.0513558,0,4.16667,0.109555,0.706106,0.387647,-0.00862431,-2.70342,2.60123e-05,0.0153082,0.193178,11571.5,0.707478,0.35444,-0.1,0.02,1,141.544,1.46227e+06,0.425443,0.146236,0,0.0195718,-0.0140911,nan,-0.0086238,nan,nan,nan,nan,-0.00378754,-0.0104246,-0.00631473,nan,-0.0429183,0,-0.0107749,-0.103376,nan,-0.0589427,-0.0172211,-0.107996,-0.03674,0.111339,-0.00040583,0.00705,-0.0295496
120,4.70886,114.49,0.0508075,0,4.08333,0.108988,0.726362,0.402934,-0.00800764,-2.70627,3.90184e-05,0.00336574,0.193137,11079.4,0.738211,0.370877,-0.1,0.02,1,142.655,1.47456e+06,0.375727,0.126875,0,0.0166496,-0.0123601,nan,-0.00732,nan,nan,nan,nan,-0.00321105,-0.00875992,-0.00521963,nan,-0.0379545,0,-0.00888095,-0.0916839,nan,-0.0588817,-0.0166547,-0.0947061,-0.0344388,0.0989382,-0.000348006,0.00867347,-0.269515
121,5.62873,121.791,0.0500183,0,4.58333,0.109898,0.732892,0.424221,-0.0105376,-2.70961,3.90184e-05,0.0159383,0.193068,10282.3,0.80058,0.394488,-0.1,0.02,1,143.852,1.48685e+06,0.427415,0.135986,0,0.0179761,-0.0132351,nan,-0.00779345,nan,nan,nan,nan,-0.00343004,-0.00940313,-0.00568907,nan,-0.0403291,0,-0.010065,-0.0976012,nan,-0.060231,-0.0172612,-0.101497,-0.0356727,0.105061,-0.000382937,0.00509091,-0.275067
122,5.72994,127.843,0.0498632,0,4.5,0.113669,0.739753,0.436909,-0.0113879,-2.71406,2.60123e-05,0.0224864,0.193,10291,0.826182,0.367872,-0.1,0.02,1,145.047,1.49914e+06,0.427951,0.15116,0,0.0190103,-0.013675,nan,-0.00857037,nan,nan,nan,nan,-0.00346097,-0.010023,-0.00600368,nan,-0.04222,0,-0.00794635,-0.100968,nan,-0.06359,-0.016649,-0.105098,-0.0387315,0.110176,-0.000362238,0.00527778,-0.264038
123,4.93543,112.151,0.0493586,0,3.875,0.111213,0.755849,0.367069,-0.00793309,-2.71738,2.60123e-05,0.00962545,0.192963,11039.1,0.78926,0.323872,-0.1,0.02,1,146.162,1.51142e+06,0.363237,0.128892,0,0.0170052,-0.0119231,nan,-0.00750753,nan,nan,nan,nan,-0.00306036,-0.00857426,-0.00532732,nan,-0.0367812,0,-0.00865654,-0.0876157,nan,-0.0532326,-0.0138354,-0.0919331,-0.0330323,0.0973812,-0.000321678,0.00672043,-0.108418
124,4.91703,120.062,0.0505647,0,4,0.112117,0.707122,0.379349,-0.00888457,-2.71946,2.60123e-05,0.0163307,0.192934,11455,0.697457,0.375266,-0.1,0.02,1,147.236,1.52371e+06,0.384262,0.129443,0,0.0185703,-0.0129246,nan,-0.00818521,nan,nan,nan,nan,-0.00328022,-0.00947602,-0.00574982,nan,-0.039615,0,-0.00892813,-0.0984336,nan,-0.0551282,-0.0152803,-0.0991733,-0.0351458,0.104235,-0.000364046,0.00395833,-0.093854
125,5.35381,123.077,0.0500255,0,3.79167,0.114765,0.704214,0.37957,-0.00803476,-2.7211,2.60123e-05,0.00886844,0.192913,10638.7,0.771323,0.383702,-0.1,0.02,1,148.393,1.536e+06,0.414757,0.128842,0,0.018418,-0.0131971,nan,-0.00833165,nan,nan,nan,nan,-0.00336914,-0.00931716,-0.0058858,nan,-0.0406347,0,-0.00981389,-0.0985726,nan,-0.0584181,-0.0153471,-0.101232,-0.0370769,0.106893,-0.000341048,0.00489011,-0.1387
126,5.47769,117.155,0.0518442,0,4.04167,0.110733,0.712629,0.398348,-0.00912508,-2.72252,2.60123e-05,0.0119609,0.192886,9639.67,0.84545,0.429282,-0.1,0.02,1,149.67,1.54829e+06,0.408543,0.12602,0,0.0180268,-0.0124248,nan,-0.00799567,nan,nan,nan,nan,-0.003268,-0.00957076,-0.00557275,nan,-0.038735,0,-0.00673429,-0.0951745,nan,-0.0538871,-0.0156747,-0.096805,-0.0358557,0.100923,-0.000317243,0.00592784,-0.171706
127,5.02079,108.125,0.0509417,0,4.33333,0.110473,0.746474,0.411466,-0.00933681,-2.72455,2.60123e-05,0.00910889,0.19285,9804.73,0.75502,0.498253,-0.1,0.02,1,150.925,1.56058e+06,0.371506,0.119918,0,0.0162857,-0.0115415,nan,-0.00723038,nan,nan,nan,nan,-0.00296308,-0.00820368,-0.00513669,nan,-0.0355908,0,-0.00942659,-0.0857946,nan,-0.0512583,-0.0142306,-0.0888366,-0.031125,0.0938081,-0.000314537,0.005625,-0.231478
128,6.35927,147.883,0.0534602,0,3.20833,0.106246,0.712363,0.370121,-0.008716,-2.72645,2.60123e-05,0.0124366,0.192833,9531.92,0.854647,0.434495,-0.1,0.02,1,152.215,1.57286e+06,0.491877,0.164365,0,0.022327,-0.0157577,nan,-0.00956961,nan,nan,nan,nan,-0.00404868,-0.0115274,-0.00691423,nan,-0.0486798,0,-0.0107208,-0.118269,nan,-0.0726895,-0.01939,-0.121126,-0.0453247,0.127441,-0.000449356,0.00694805,-0.202651
129,5.42791,126.82,0.0545196,0,3.70833,0.107389,0.694237,0.37725,-0.00982129,-2.72734,2.60123e-05,0.0135657,0.192818,10891.1,0.763419,0.364845,-0.1,0.02,1,153.345,1.58515e+06,0.411453,0.145666,0,0.0191073,-0.0136592,nan,-0.00873281,nan,nan,nan,nan,-0.0034512,-0.0101497,-0.00612858,nan,-0.0417256,0,-0.00894987,-0.101522,nan,-0.0602372,-0.0151185,-0.104773,-0.039809,0.109465,-0.000353333,0.00561798,-0.236014
130,5.095,118.536,0.0531254,0,4.04167,0.109183,0.688722,0.402254,-0.00955093,-2.72894,2.60123e-05,0.016694,0.192778,10347.6,0.748645,0.438876,-0.1,0.02,1,154.534,1.59744e+06,0.404833,0.1316,0,0.0172867,-0.0126048,nan,-0.0078932,nan,nan,nan,nan,-0.00311412,-0.00863808,-0.0052628,nan,-0.0390046,0,-0.00837542,-0.0953797,nan,-0.0625732,-0.0154828,-0.0966204,-0.0371649,0.102465,-0.000324835,0.00561856,-0.354398
131,6.60649,142.845,0.0530443,0,3.5,0.108648,0.712092,0.397335,-0.00856997,-2.73184,2.60123e-05,0.0105224,0.192732,9640.9,0.805266,0.469304,-0.1,0.02,1,155.81,1.60973e+06,0.487875,0.15738,0,0.0222436,-0.0152128,nan,-0.00971976,nan,nan,nan,nan,-0.0039536,-0.0115184,-0.00690311,nan,-0.0470258,0,-0.0104206,-0.114119,nan,-0.0649206,-0.0180805,-0.117084,-0.0420357,0.12289,-0.000413962,0.00535714,-0.168546
132,6.32898,133.427,0.0499936,0,4.58333,0.114328,0.723573,0.43475,-0.00932155,-2.7347,2.60123e-05,0.0126618,0.192685,10117.4,0.809621,0.404919,-0.1,0.02,1,157.026,1.62202e+06,0.445486,0.158378,0,0.0210309,-0.0141535,nan,-0.00941764,nan,nan,nan,nan,-0.00373,-0.010543,-0.00647177,nan,-0.0437725,0,-0.00824184,-0.107079,nan,-0.0584127,-0.0184264,-0.108897,-0.0421545,0.115086,-0.000377493,0.00959091,-0.0795642
133,5.69683,134.25,0.0511446,0,3.83333,0.10958,0.744421,0.432981,-0.00899628,-2.73737,2.60123e-05,0.0117358,0.192652,11066,0.757418,0.353009,-0.1,0.02,1,158.138,1.6343e+06,0.456336,0.150743,0,0.0193299,-0.0142888,nan,-0.00854304,nan,nan,nan,nan,-0.0032831,-0.00947531,-0.00581185,nan,-0.0441224,0,-0.00830768,-0.107491,nan,-0.0751255,-0.0147584,-0.109592,-0.0399565,0.116553,-0.000360832,0.00581522,-0.349869
134,5.65978,120.277,0.0500202,0,3.91667,0.11245,0.728646,0.421844,-0.00835045,-2.73932,3.90184e-05,0.00405861,0.192617,10583.1,0.77409,0.387005,-0.1,0.02,1,159.301,1.64659e+06,0.411787,0.130405,0,0.018919,-0.0128415,nan,-0.00821553,nan,nan,nan,nan,-0.00345419,-0.00987038,-0.00592557,nan,-0.0395373,0,-0.00822539,-0.0980634,nan,-0.0522251,-0.016299,-0.0984734,-0.0354362,0.103298,-0.000353095,0.0075,nan
135,5.66977,125,0.0508062,0,3.25,0.11201,0.741818,0.387717,-0.0105531,-2.7423,2.60123e-05,0.0238636,0.192564,10531.5,0.789143,0.377647,-0.1,0.02,1,160.47,1.65888e+06,0.446383,0.13807,0,0.0178292,-0.0132053,nan,-0.00798359,nan,nan,nan,nan,-0.00318115,-0.0091005,-0.00537051,nan,-0.0409625,0,-0.00832661,-0.1008,nan,-0.068529,-0.0150132,-0.102039,-0.0384744,0.107348,-0.000348485,0.00525641,-0.352255
136,5.76929,137.788,0.0510773,0,4.125,0.109051,0.734072,0.430004,-0.00873085,-2.74473,2.60123e-05,0.0106663,0.192538,10508.1,0.759515,0.409868,-0.1,0.02,1,161.64,1.67117e+06,0.449349,0.155614,0,0.0205754,-0.0147765,nan,-0.00927192,nan,nan,nan,nan,-0.00381467,-0.0107741,-0.0063893,nan,-0.0455118,-3.0303e-05,-0.00983958,-0.113875,nan,-0.0672982,-0.0182684,-0.114314,-0.0399697,0.118768,-0.000392158,0.00782828,-0.226324
137,6.75489,158.495,0.0512093,0.0416667,3.75,0.108779,0.739929,0.432683,-0.00931818,-2.74628,2.60123e-05,0.0118134,0.192517,9606.44,0.783458,0.495684,-0.1,0.02,1,162.922,1.68346e+06,0.513624,0.169031,0,0.0241095,-0.0169277,nan,-0.0109288,nan,nan,nan,nan,-0.00446968,-0.0125569,-0.00766358,nan,-0.0521656,0,-0.011173,-0.126934,nan,-0.071865,-0.019929,-0.130061,-0.045989,0.136837,-0.000469406,0.00752747,-0.204933
138,7.33347,163.862,0.0524287,0.0416667,3.58333,0.107901,0.730503,0.363409,-0.00880183,-2.7478,2.60123e-05,0.0109659,0.19249,9615.18,0.786115,0.491864,-0.1,0.02,1,164.204,1.69574e+06,0.537645,0.177383,0,0.0259,-0.0173924,nan,-0.0114145,nan,nan,nan,nan,-0.00459191,-0.0125809,-0.00797343,nan,-0.0538071,0,-0.0124353,-0.130702,nan,-0.0704079,-0.0212044,-0.134133,-0.048908,0.141921,-0.000452053,0.00982759,nan
139,5.41652,122.88,0.0510086,0,3.83333,0.109625,0.738719,0.418184,-0.00901788,-2.74944,2.60123e-05,0.0115701,0.192468,7399.57,1.07297,0.587669,-0.1,0.02,1,165.866,1.70803e+06,0.409148,0.139564,0,0.0187133,-0.012972,nan,-0.00802913,nan,nan,nan,nan,-0.00341916,-0.00984564,-0.00580403,nan,-0.0402049,0,-0.0102928,-0.0980716,nan,-0.0583918,-0.0165762,-0.0997924,-0.0360652,0.105866,-0.000395842,0.00451087,-0.32731
140,5.44787,131.292,0.0510673,0,3,0.110286,0.734628,0.334861,-0.00884183,-2.75114,2.60123e-05,0.00607281,0.192429,10919.6,0.776455,0.34886,-0.1,0.02,1,166.994,1.72032e+06,0.44858,0.139784,0,0.0186486,-0.0138284,nan,-0.00811139,nan,nan,nan,nan,-0.00333848,-0.00969357,-0.00566776,nan,-0.0430499,0,-0.00829933,-0.103634,nan,-0.0739854,-0.0163412,-0.106751,-0.0381806,0.112568,-0.000397517,0.00666667,-0.406337
141,5.4588,119.645,0.0527967,0,4.45833,0.109049,0.725279,0.453115,-0.00907473,-2.75395,2.60123e-05,0.0128839,0.192386,10518.6,0.765002,0.403216,-0.1,0.02,1,168.164,1.73261e+06,0.412868,0.132246,0,0.0180751,-0.0126033,nan,-0.00790542,nan,nan,nan,nan,-0.0033577,-0.00918244,-0.00546121,nan,-0.0391493,-1.86916e-05,-0.00873033,-0.0964396,nan,-0.058559,-0.0172564,-0.0971225,-0.0345327,0.102743,-0.000345234,0.00663551,-0.479532
142,5.87034,134.191,0.0497835,0,3.91667,0.115097,0.726867,0.443712,-0.00892571,-2.75662,2.60123e-05,0.00595175,0.192338,10877.8,0.7526,0.377037,-0.1,0.02,1,169.295,1.7449e+06,0.449142,0.142236,0,0.0203029,-0.0142124,nan,-0.00895745,nan,nan,nan,nan,-0.00366385,-0.0106916,-0.00636212,nan,-0.0440693,0,-0.0105242,-0.106746,nan,-0.0634886,-0.0174314,-0.109358,-0.0386809,0.115703,-0.00039971,0.00664894,-0.139387
143,5.55615,120.432,0.050462,0,3.66667,0.114707,0.706938,0.415867,-0.00846657,-2.75947,2.60123e-05,0.0192386,0.192306,10115.3,0.834629,0.380162,-0.1,0.02,1,170.511,1.75718e+06,0.415442,0.125523,0,0.0190419,-0.012654,nan,-0.00812682,nan,nan,nan,nan,-0.00358459,-0.00940803,-0.00564858,nan,-0.0395452,0,-0.00959858,-0.0979256,nan,-0.0519144,-0.0182818,-0.0987377,-0.0357386,0.104162,-0.000368519,0.00517045,nan
144,6.76727,140.449,0.0517118,0,3.25,0.111168,0.731547,0.385863,-0.00885526,-2.76111,2.60123e-05,0.0167769,0.192278,11461.4,0.713454,0.358671,-0.1,0.02,1,171.585,1.76947e+06,0.490123,0.162265,0,0.0215457,-0.0146865,nan,-0.00938385,nan,nan,nan,nan,-0.00366604,-0.0108533,-0.00652966,nan,-0.0459578,0,-0.00751563,-0.110691,nan,-0.0689656,-0.017353,-0.113824,-0.0428333,0.120959,-0.000410761,0.00839744,-0.239012
145,5.84886,130.965,0.0503999,0,3.54167,0.115855,0.699454,0.406576,-0.00883535,-2.7632,2.60123e-05,0.0151279,0.192244,11300.2,0.732608,0.354808,-0.1,0.02,1,172.674,1.78176e+06,0.441731,0.136542,0,0.0200939,-0.0138608,nan,-0.00873906,nan,nan,nan,nan,-0.00371156,-0.0101673,-0.00626329,nan,-0.0428585,0,-0.0111877,-0.102042,nan,-0.0608155,-0.0174036,-0.10646,-0.0372706,0.113358,-0.000405675,0.00570588,-0.323136
146,7.38311,151.211,0.0509936,0,3.75,0.113967,0.691187,0.380923,-0.009176,-2.76517,2.60123e-05,0.00593612,0.192217,11241.3,0.764678,0.328436,-0.1,0.02,1,173.768,1.79405e+06,0.532305,0.166936,0,0.0235302,-0.0159394,nan,-0.0101738,nan,nan,nan,nan,-0.00427728,-0.0117818,-0.007341,nan,-0.04975,-1.11111e-05,-0.0104921,-0.118383,nan,-0.0680793,-0.0217456,-0.123202,-0.0467778,0.130356,-0.000463036,0.008,-0.106616
147,7.41148,152.589,0.0501902,0,3.75,0.111938,0.724562,0.436444,-0.0087823,-2.76675,2.60123e-05,0.00812306,0.192194,11336,0.723074,0.360906,-0.1,0.02,1,174.854,1.80634e+06,0.533361,0.168136,0,0.0239756,-0.01603,nan,-0.00996578,nan,nan,nan,nan,-0.00440828,-0.0119986,-0.00712939,nan,-0.0499916,0,-0.0118036,-0.120009,nan,-0.067541,-0.0225694,-0.124545,-0.0413,0.131153,-0.000465122,0.00444444,-0.246552
148,5.1953,125.684,0.0528579,0,4.08333,0.112664,0.685351,0.432477,-0.00813146,-2.76834,2.60123e-05,0.0129218,0.192166,11156.3,0.727566,0.373876,-0.1,0.02,1,175.957,1.81862e+06,0.412897,0.13615,0,0.0189391,-0.0132066,nan,-0.00839714,nan,nan,nan,nan,-0.00339959,-0.00943358,-0.00579274,nan,-0.0411042,0,-0.00980894,-0.102204,nan,-0.0616725,-0.0167204,-0.102463,-0.0350816,0.108602,-0.000339127,0.00260204,-0.320149
149,6.55472,131.735,0.05168,0,3.45833,0.113379,0.694307,0.407369,-0.00883723,-2.77036,2.60123e-05,0.0104327,0.19213,10612.2,0.771454,0.386459,-0.1,0.02,1,177.117,1.83091e+06,0.462516,0.154845,0,0.0203286,-0.0140619,nan,-0.00857133,nan,nan,nan,nan,-0.00361443,-0.00961442,-0.00586963,nan,-0.0432502,0,-0.0118902,-0.104603,nan,-0.0610341,-0.0174295,-0.108174,-0.0363855,0.113697,-0.000362426,0.0063253,-0.212258
150,6.8391,150.386,0.0541797,0,3.45833,0.109229,0.689299,0.382255,-0.00852167,-2.77278,2.60123e-05,0.0122252,0.19209,11746.1,0.686671,0.359465,-0.1,0.02,1,178.164,1.8432e+06,0.490498,0.174019,0,0.0237277,-0.0159166,nan,-0.0102414,nan,nan,nan,nan,-0.00425509,-0.0117905,-0.00721145,nan,-0.0492647,0,-0.0104482,-0.120584,nan,-0.06501,-0.0206159,-0.123112,-0.0438916,0.129314,-0.000430368,0.00716867,nan
151,5.68361,130.065,0.0520525,0,3.83333,0.11111,0.69634,0.396109,-0.00898557,-2.77509,2.60123e-05,0.0145942,0.192061,11083,0.735166,0.373559,-0.1,0.02,1,179.274,1.85549e+06,0.418981,0.148999,0,0.0201909,-0.0136284,nan,-0.00863761,nan,nan,nan,nan,-0.00374301,-0.0101209,-0.006188,nan,-0.0426323,0,-0.0104991,-0.102541,nan,-0.0590083,-0.0186822,-0.105408,-0.0385652,0.111544,-0.000393346,0.00788043,-0.154887
152,5.9966,138.298,0.0508055,0,3.5,0.113296,0.683546,0.440468,-0.00912421,-2.77697,2.60123e-05,0.014944,0.19203,11343,0.737486,0.345822,-0.1,0.02,1,180.359,1.86778e+06,0.460064,0.153197,0,0.0208943,-0.0147401,nan,-0.00936429,nan,nan,nan,nan,-0.00362271,-0.0105186,-0.00651103,nan,-0.04547,0,-0.0101883,-0.111217,nan,-0.0664847,-0.0162411,-0.113591,-0.0424643,0.118603,-0.000380813,0.00630952,-0.354617
153,6.2062,146.305,0.0529554,0,3.95833,0.111305,0.697886,0.459924,-0.00837398,-2.77887,2.60123e-05,0.00936585,0.192004,13271.9,0.667282,0.258583,-0.1,0.02,1,181.286,1.88006e+06,0.463996,0.164993,0,0.0229889,-0.0154258,nan,-0.00987158,nan,nan,nan,nan,-0.00414475,-0.0118513,-0.00687744,nan,-0.0480098,0,-0.0113794,-0.118877,nan,-0.0651268,-0.0197925,-0.119622,-0.0434316,0.125934,-0.000452873,0.00994737,-0.0850995
154,6.30986,136.885,0.0527087,0,3.25,0.115136,0.668242,0.391882,-0.00915054,-2.78041,2.60123e-05,0.0107292,0.191979,14588.2,0.592575,0.249752,-0.1,0.02,1,182.13,1.89235e+06,0.447912,0.158217,0,0.0213816,-0.0144674,nan,-0.00973487,nan,nan,nan,nan,-0.00377768,-0.0107489,-0.00666429,nan,-0.0447456,0,-0.0123686,-0.108871,nan,-0.0595458,-0.0164008,-0.111504,-0.0372821,0.118754,-0.000365986,0.00570513,nan
155,5.94653,126.809,0.0522339,0,3.70833,0.109785,0.719798,0.449332,-0.00940922,-2.78199,2.60123e-05,0.0164552,0.191958,14143.6,0.620367,0.248437,-0.1,0.02,1,183,1.90464e+06,0.429894,0.139597,0,0.0201252,-0.0132947,nan,-0.00865438,nan,nan,nan,nan,-0.00366233,-0.0100604,-0.00602031,nan,-0.041484,0,-0.0114629,-0.0990034,nan,-0.0549574,-0.0179569,-0.103556,-0.0360112,0.108767,-0.000385312,0.0061236,-0.0596603
156,7.09297,154.33,0.0508864,0,3.91667,0.113621,0.698833,0.460183,-0.0100053,-2.78346,2.60123e-05,0.0148126,0.191928,13523.8,0.620989,0.287632,-0.1,0.02,1,183.91,1.91693e+06,0.526258,0.170158,0,0.0236243,-0.0163242,nan,-0.010383,nan,nan,nan,nan,-0.00435416,-0.0120409,-0.0071077,nan,-0.0506461,0,-0.0128483,-0.120712,nan,-0.0724048,-0.0216817,-0.126136,-0.0442979,0.132438,-0.000448903,0.00856383,-0.164701
157,7.28492,148.286,0.0526758,0,3.79167,0.11141,0.690529,0.47191,-0.00968222,-2.78533,2.60123e-05,0.0184211,0.191907,13284.8,0.619867,0.305099,-0.1,0.02,1,184.836,1.92922e+06,0.507755,0.174186,0,0.0233786,-0.0156923,nan,-0.01048,nan,nan,nan,nan,-0.00420886,-0.0120649,-0.00717588,nan,-0.0486542,0,-0.0135731,-0.115547,nan,-0.064032,-0.0195362,-0.121548,-0.0413626,0.126795,-0.000423145,0.00642857,nan
158,7.03256,143.772,0.0526373,0,3.83333,0.110697,0.703769,0.427546,-0.00896364,-2.78648,2.60123e-05,0.0159735,0.19189,14042.1,0.617507,0.257576,-0.1,0.02,1,185.713,1.9415e+06,0.497717,0.158917,0,0.0224184,-0.015031,nan,-0.0101639,nan,nan,nan,nan,-0.00401657,-0.0115599,-0.00699354,nan,-0.0469008,0,-0.0105764,-0.113024,nan,-0.0624621,-0.0186525,-0.116575,-0.0406522,0.123574,-0.000419357,0.00619565,-0.0153234
159,7.02634,156.923,0.0517871,0,3.79167,0.113659,0.676138,0.413814,-0.0091319,-2.78756,2.60123e-05,0.0114606,0.191874,14514.8,0.597746,0.24884,-0.1,0.02,1,186.561,1.95379e+06,0.508889,0.184332,0,0.02453,-0.0166581,nan,-0.0103903,nan,nan,nan,nan,-0.00443895,-0.0118427,-0.00750259,nan,-0.0514751,0,-0.0133351,-0.125017,nan,-0.069664,-0.0227405,-0.128685,-0.0431099,0.135306,-0.000487124,0.00714286,-0.160894
160,5.28081,111.964,0.0528976,0,3.5,0.108984,0.694273,0.450899,-0.00904805,-2.78872,2.60123e-05,0.00924567,0.191856,12826.8,0.702198,0.255798,-0.1,0.02,1,187.52,1.96608e+06,0.37929,0.13607,0,0.0169921,-0.0117386,nan,-0.00772929,nan,nan,nan,nan,-0.00291141,-0.00827205,-0.0051429,nan,-0.0364923,0,-0.00755469,-0.0885017,nan,-0.0553043,-0.0132853,-0.0903445,-0.0334286,0.0960374,-0.000294133,0.00535714,-0.243774
161,5.48242,120.575,0.0533445,0,3.625,0.108711,0.671681,0.408154,-0.0102677,-2.78997,2.60123e-05,0.0127835,0.191832,13220.9,0.674591,0.254849,-0.1,0.02,1,188.451,1.97837e+06,0.399621,0.140334,0,0.0183853,-0.0127258,nan,-0.00792184,nan,nan,nan,nan,-0.00331405,-0.0091082,-0.00540431,nan,-0.0393746,0,-0.00801571,-0.0939557,nan,-0.0571588,-0.0171894,-0.0975954,-0.0354368,0.102868,-0.000361041,0.00724138,-0.294356
162,6.14985,139.551,0.0542059,0,3.25,0.108372,0.669555,0.383092,-0.00783372,-2.7918,2.60123e-05,0.00787502,0.1918,13369.8,0.660912,0.258172,-0.1,0.02,1,189.371,1.99066e+06,0.444557,0.156617,0,0.0221227,-0.0146346,nan,-0.00995,nan,nan,nan,nan,-0.00389861,-0.0107782,-0.0067772,nan,-0.0455348,-1.28205e-05,-0.00981228,-0.108496,nan,-0.0604488,-0.0182008,-0.11285,-0.0406923,0.11919,-0.000370762,0.00884615,-0.107964
163,6.93703,132.298,0.0520874,0,3.91667,0.110044,0.689661,0.477856,-0.00851183,-2.79386,2.60123e-05,0.0151556,0.191772,13518.3,0.63395,0.275043,-0.1,0.02,1,190.282,2.00294e+06,0.472766,0.154158,0,0.020829,-0.0137605,nan,-0.00908298,nan,nan,nan,nan,-0.00367322,-0.0102825,-0.00623301,nan,-0.0431329,0,-0.0101258,-0.104476,nan,-0.0583654,-0.0156821,-0.107082,-0.0350638,0.112012,-0.000364063,0.00670213,-0.0538213
164,7.00899,149.511,0.0524548,0,3.91667,0.108917,0.694331,0.498561,-0.00921197,-2.79534,2.60123e-05,0.0157498,0.191758,12795.9,0.702615,0.257693,-0.1,0.02,1,191.244,2.01523e+06,0.512876,0.163302,0,0.0232944,-0.0155931,nan,-0.0100943,nan,nan,nan,nan,-0.00411589,-0.0114896,-0.00693743,nan,-0.0488917,0,-0.0101884,-0.117113,nan,-0.0686763,-0.0199801,-0.121419,-0.0420638,0.128247,-0.000427457,0.00638298,-0.62632
165,6.63741,142.114,0.0541616,0,3.29167,0.106895,0.67745,0.44812,-0.00880378,-2.79603,2.60123e-05,0.00524401,0.191744,11962.6,0.71505,0.312151,-0.1,0.02,1,192.272,2.02752e+06,0.484815,0.161074,0,0.0218655,-0.0148818,nan,-0.00954608,nan,nan,nan,nan,-0.00397378,-0.0111606,-0.00657153,nan,-0.0464975,0,-0.0103261,-0.112268,nan,-0.0662482,-0.0198822,-0.115617,-0.0412911,0.12124,-0.00042763,0.00873418,-0.283069
166,7.82118,166.477,0.053541,0,3.66667,0.105738,0.673597,0.415571,-0.00887891,-2.79721,2.60123e-05,0.0100902,0.191724,12109.5,0.717763,0.296977,-0.1,0.02,1,193.288,2.03981e+06,0.555297,0.193449,0,0.0258604,-0.01741,nan,-0.0118991,nan,nan,nan,nan,-0.00467035,-0.0132041,-0.00795343,nan,-0.0545174,0,-0.0105634,-0.130661,nan,-0.0741724,-0.0217417,-0.135458,-0.0495909,0.141652,-0.00045192,0.00926136,-0.0953078
167,6.1991,139.945,0.0540706,0,3.04167,0.10684,0.683333,0.401939,-0.00941672,-2.79858,2.60123e-05,0.00969162,0.1917,13587.2,0.630464,0.273915,-0.1,0.02,1,194.194,2.0521e+06,0.468948,0.164121,0,0.0206335,-0.0147351,nan,-0.00915534,nan,nan,nan,nan,-0.00375454,-0.0105585,-0.00636714,nan,-0.0459726,0,-0.0102506,-0.109353,nan,-0.0719883,-0.0189068,-0.114218,-0.0426301,0.120167,-0.000413411,0.00917808,-0.359877
168,5.80737,125.738,0.0527529,0,4.45833,0.108613,0.694357,0.5253,-0.00823572,-2.80028,2.60123e-05,0.0132439,0.191674,9806.98,0.837472,0.415513,-0.1,0.02,1,195.448,2.06438e+06,0.420374,0.150225,0,0.0191976,-0.0131126,nan,-0.00852879,nan,nan,nan,nan,-0.00347693,-0.00943256,-0.00583362,nan,-0.0410541,0,-0.00887547,-0.0962027,nan,-0.0598746,-0.0170089,-0.102099,-0.0378411,0.106754,-0.000338046,0.00457944,-0.151553
169,7.85553,153.695,0.0544712,0,3.41667,0.106021,0.668282,0.430004,-0.00865587,-2.8019,2.60123e-05,0.0136806,0.191651,9878.95,0.806331,0.437526,-0.1,0.02,1,196.694,2.07667e+06,0.534188,0.180683,0,0.0244556,-0.0160839,nan,-0.0107685,nan,nan,nan,nan,-0.00422957,-0.0119232,-0.00740772,nan,-0.0500708,0,-0.00948435,-0.119271,nan,-0.0657665,-0.0194768,-0.124176,-0.0458171,0.130781,-0.000417055,0.00756098,nan
170,6.50036,130.032,0.0528121,0,2.58333,0.108325,0.678088,0.368822,-0.00870382,-2.80349,2.60123e-05,0.0116477,0.19162,10509.2,0.784183,0.385078,-0.1,0.02,1,197.865,2.08896e+06,0.462249,0.14837,0,0.0193535,-0.0136416,nan,-0.00918903,nan,nan,nan,nan,-0.00349692,-0.00984378,-0.00614522,nan,-0.0426451,0,-0.00745215,-0.101417,nan,-0.062661,-0.01681,-0.106421,-0.0389032,0.110494,-0.000334354,0.0102419,-0.417205
171,6.10527,122.338,0.0527311,0,2.83333,0.110485,0.706268,0.388155,-0.00935728,-2.80564,2.60123e-05,0.0105565,0.191588,10311.2,0.758024,0.433691,-0.1,0.02,1,199.058,2.10125e+06,0.424657,0.147032,0,0.0189511,-0.0127807,nan,-0.00843676,nan,nan,nan,nan,-0.00356137,-0.00926331,-0.00584768,nan,-0.0399202,0,-0.00935145,-0.0964962,nan,-0.0543628,-0.0175089,-0.0995269,-0.0358971,0.103629,-0.000329235,0.00544118,-0.0791991
172,7.17041,154.805,0.053401,0,3.41667,0.110178,0.684487,0.444107,-0.0084542,-2.80774,2.60123e-05,0.00912749,0.191551,10238.2,0.800163,0.400052,-0.1,0.02,1,200.26,2.11354e+06,0.545784,0.18332,0,0.0225152,-0.0161515,nan,-0.00989585,nan,nan,nan,nan,-0.00390866,-0.0111117,-0.00668294,nan,-0.050597,0,-0.0099411,-0.11909,nan,-0.085303,-0.0197221,-0.125541,-0.0455244,0.131908,-0.000429056,0.0052439,-0.308712
173,7.62387,157.137,0.0549566,0,3.33333,0.105403,0.686883,0.471663,-0.00853115,-2.80988,2.60123e-05,0.0137397,0.191527,10312.8,0.807695,0.383835,-0.1,0.02,1,201.453,2.12582e+06,0.524895,0.185522,0,0.0248473,-0.0163386,nan,-0.0109982,nan,nan,nan,nan,-0.00428297,-0.0125381,-0.00757998,nan,-0.0511288,0,-0.0100924,-0.122949,nan,-0.0674507,-0.0189383,-0.127301,-0.0458375,0.13437,-0.000431539,0.007875,-0.0358643
174,6.46799,133.959,0.0570812,0,4.08333,0.10256,0.669876,0.48322,-0.00865339,-2.81148,2.60123e-05,0.0173289,0.191496,12018.2,0.697302,0.325144,-0.1,0.02,1,202.477,2.13811e+06,0.468658,0.158058,0,0.0202727,-0.0139091,nan,-0.0090049,nan,nan,nan,nan,-0.00353739,-0.00972516,-0.00604714,nan,-0.043496,0,-0.00904949,-0.10189,nan,-0.0675188,-0.016931,-0.107559,-0.0409184,0.114242,-0.000361979,0.00607143,-0.455857
175,7.20777,136.806,0.0548329,0,4.29167,0.105035,0.68922,0.501141,-0.00853085,-2.81365,2.60123e-05,0.0173406,0.191464,13359.4,0.643781,0.276022,-0.1,0.02,1,203.398,2.1504e+06,0.495522,0.158438,0,0.0215984,-0.0140959,nan,-0.0097567,nan,nan,nan,nan,-0.00373078,-0.010617,-0.00647024,nan,-0.0444946,0,-0.00989951,-0.105722,nan,-0.0614315,-0.017128,-0.109857,-0.0400583,0.117173,-0.000366686,0.00582524,-0.467593
176,6.66792,143.544,0.0536163,0,2.83333,0.107668,0.703758,0.373908,-0.00843104,-2.81549,2.60123e-05,0.00775931,0.191436,12955.9,0.606453,0.341999,-0.1,0.02,1,204.348,2.16269e+06,0.48082,0.166369,0,0.0217487,-0.0149172,nan,-0.00976353,nan,nan,nan,nan,-0.00394688,-0.0110311,-0.0066169,nan,-0.0467654,0,-0.0116584,-0.112197,nan,-0.0662013,-0.018414,-0.116263,-0.0423824,0.121912,-0.000405644,0.0075,-0.298574
177,8.64518,188.38,0.0545009,0,3.29167,0.106468,0.695535,0.450662,-0.00937671,-2.81738,2.60123e-05,0.0131296,0.191409,9615.84,0.798696,0.479195,-0.1,0.02,1,205.627,2.17498e+06,0.634611,0.211027,0,0.0286606,-0.0194033,nan,-0.0127575,nan,nan,nan,nan,-0.0048816,-0.0139487,-0.00867124,nan,-0.0612995,0,-0.0118682,-0.145311,nan,-0.0912631,-0.0209871,-0.152061,-0.054,0.160102,-0.000521855,0.01,-0.299559
178,6.98527,140.733,0.0561634,0,3.75,0.103029,0.69533,0.480729,-0.00896641,-2.81931,2.60123e-05,0.0133786,0.191373,10043.9,0.780113,0.443317,-0.1,0.02,1,206.852,2.18726e+06,0.496763,0.160692,0,0.0217135,-0.0145697,nan,-0.00978222,nan,nan,nan,nan,-0.00397949,-0.0109107,-0.00667017,nan,-0.0458537,0,-0.0100391,-0.109711,nan,-0.0642662,-0.0192635,-0.113272,-0.0387333,0.119157,-0.000384148,0.00294444,-0.411407
179,7.59943,162.233,0.0536788,0,3.75,0.107306,0.69764,0.479465,-0.00862663,-2.82157,2.60123e-05,0.0129803,0.191342,11415.7,0.776416,0.299999,-0.1,0.02,1,207.93,2.19955e+06,0.564285,0.178231,0,0.0243171,-0.0166151,nan,-0.0107704,nan,nan,nan,nan,-0.00432058,-0.0124646,-0.00737756,nan,-0.052617,0,-0.01133,-0.126034,nan,-0.0803066,-0.0204265,-0.130786,-0.0459222,0.137489,-0.0004722,0.00944444,-0.64581
180,6.12016,127.195,0.0533374,0,3.625,0.10616,0.733243,0.467262,-0.00875627,-2.8233,2.60123e-05,0.00827081,0.191321,10797.5,0.728245,0.409798,-0.1,0.02,1,209.07,2.21184e+06,0.429239,0.151887,0,0.020009,-0.0130261,nan,-0.00851402,nan,nan,nan,nan,-0.00343336,-0.0097622,-0.00595475,nan,-0.0414441,0,-0.00954765,-0.101527,nan,-0.0564018,-0.0160399,-0.102584,-0.037908,0.108126,-0.000348359,0.00603448,-0.121618
181,8.03463,161.463,0.0542909,0,3.33333,0.107625,0.709841,0.441343,-0.00874196,-2.82492,2.60123e-05,0.0121145,0.191288,9982.25,0.826545,0.40444,-0.1,0.02,1,210.302,2.22413e+06,0.575461,0.180763,0,0.0247571,-0.0164859,nan,-0.0107358,nan,nan,nan,nan,-0.00429699,-0.0122892,-0.00746173,nan,-0.0522934,0,-0.0122751,-0.127156,nan,-0.0764503,-0.0183823,-0.129616,-0.0447125,0.137255,-0.000466462,0.005,-0.2369
182,6.24527,135.299,0.0543077,0,3.625,0.106724,0.705382,0.470304,-0.00863816,-2.82689,2.60123e-05,0.0100653,0.191268,9896.38,0.806587,0.435079,-0.1,0.02,1,211.546,2.23642e+06,0.464978,0.151494,0,0.0204876,-0.0138481,nan,-0.00922483,nan,nan,nan,nan,-0.00364483,-0.00992457,-0.00617335,nan,-0.0439114,0,-0.0102638,-0.105344,nan,-0.0664856,-0.0178574,-0.108589,-0.0389655,0.11528,-0.000358153,0.00494253,-0.224645
183,7.28488,141.43,0.0556142,0,3.29167,0.104252,0.684281,0.441348,-0.00855568,-2.82812,2.60123e-05,0.0116416,0.191241,10231.9,0.794069,0.406886,-0.1,0.02,1,212.748,2.2487e+06,0.506678,0.156032,0,0.0224467,-0.0143792,nan,-0.00980253,nan,nan,nan,nan,-0.00393158,-0.0110149,-0.0068021,nan,-0.0458125,0,-0.011044,-0.112209,nan,-0.0608276,-0.01779,-0.112926,-0.0411266,0.119914,-0.000376,0.00721519,nan
184,7.9319,152.592,0.0566864,0,3.16667,0.105657,0.672608,0.411957,-0.00881918,-2.83024,2.60123e-05,0.0111391,0.191208,8897.24,0.811734,0.569369,-0.1,0.02,1,214.131,2.26099e+06,0.540987,0.173013,0,0.0244909,-0.0154804,nan,-0.0106882,nan,nan,nan,nan,-0.0040875,-0.012172,-0.00716765,nan,-0.0496423,-1.31579e-05,-0.00906288,-0.118626,nan,-0.0651135,-0.0182419,-0.121339,-0.0485,0.129569,-0.000408881,0.00907895,nan
185,7.6133,153,0.0525176,0,3.70833,0.107961,0.718881,0.473919,-0.00850686,-2.83228,2.60123e-05,0.0125016,0.191178,9206.16,0.871913,0.462845,-0.1,0.02,1,215.467,2.27328e+06,0.537609,0.179365,0,0.0232233,-0.0155885,nan,-0.0102919,nan,nan,nan,nan,-0.00406827,-0.0115248,-0.00713713,nan,-0.04957,0,-0.011776,-0.117952,nan,-0.0737085,-0.018553,-0.122018,-0.044382,0.130037,-0.000417976,0.00769663,-0.45734
186,7.40252,153.907,0.0521191,0,3.58333,0.108735,0.688041,0.444797,-0.00908511,-2.83402,2.60123e-05,0.012534,0.191157,9096.39,0.906117,0.444749,-0.1,0.02,1,216.82,2.28557e+06,0.524999,0.178579,0,0.0240345,-0.0157407,nan,-0.0104853,nan,nan,nan,nan,-0.00418097,-0.0120765,-0.00711584,nan,-0.0498402,-2.32558e-05,-0.0109983,-0.120104,nan,-0.0699236,-0.0196872,-0.122891,-0.0449884,0.130671,-0.00043285,0.00587209,-0.158862
187,6.87191,149.765,0.0533177,0,3.375,0.108628,0.700585,0.429986,-0.00916306,-2.83567,2.60123e-05,0.0195857,0.191123,10624.7,0.842177,0.314372,-0.1,0.02,1,217.979,2.29786e+06,0.516568,0.166717,0,0.0227434,-0.0153517,nan,-0.0100348,nan,nan,nan,nan,-0.00390615,-0.0111422,-0.00683179,nan,-0.0487644,0,-0.0111355,-0.117023,nan,-0.0750603,-0.0176727,-0.119702,-0.043716,0.127598,-0.000390259,0.00493827,-0.384424
188,6.28967,129.182,0.0537833,0,3.20833,0.107598,0.688019,0.432464,-0.00897923,-2.83797,2.60123e-05,0.0153876,0.191088,11480.7,0.704214,0.366102,-0.1,0.02,1,219.051,2.31014e+06,0.444643,0.148323,0,0.0199635,-0.0130933,nan,-0.00864104,nan,nan,nan,nan,-0.00377024,-0.00996329,-0.00596856,nan,-0.0418289,0,-0.0126669,-0.100454,nan,-0.0577175,-0.0187631,-0.102531,-0.0348701,0.109045,-0.000370953,0.00558442,-0.187531
189,7.42995,154.836,0.0555286,0.0416667,3,0.107087,0.682848,0.437297,-0.00880959,-2.83989,2.60123e-05,0.0115555,0.191066,9571.91,0.88225,0.401507,-0.1,0.02,1,220.336,2.32243e+06,0.526624,0.188289,0,0.0237976,-0.0157287,nan,-0.0105674,nan,nan,nan,nan,-0.00396132,-0.0114234,-0.00707559,nan,-0.049998,0,-0.0104807,-0.122557,nan,-0.0736578,-0.0173639,-0.123117,-0.0473151,0.131413,-0.000395185,0.00575342,-0.261285
190,7.38777,156.171,0.0532296,0,3.41667,0.108879,0.687525,0.459856,-0.0091065,-2.84131,2.60123e-05,0.0152041,0.191037,9947.2,0.811002,0.424321,-0.1,0.02,1,221.573,2.33472e+06,0.535819,0.178319,0,0.0239082,-0.0159391,nan,-0.0110815,nan,nan,nan,nan,-0.00419789,-0.011794,-0.00721371,nan,-0.0504271,0,-0.0122593,-0.124346,nan,-0.0726768,-0.0193591,-0.124621,-0.0467439,0.133285,-0.000386676,0.0070122,-0.16212
191,7.10038,143.488,0.0562775,0,3.41667,0.104256,0.674948,0.483617,-0.00871719,-2.84332,2.60123e-05,0.013433,0.191011,10389.4,0.844694,0.338047,-0.1,0.02,1,222.757,2.34701e+06,0.477787,0.177001,0,0.0227923,-0.0146612,nan,-0.0102615,nan,nan,nan,nan,-0.00390087,-0.0110604,-0.00677306,nan,-0.0464442,0,-0.0121361,-0.109903,nan,-0.0615693,-0.0159596,-0.114995,-0.0414878,0.122488,-0.000371828,0.00463415,-0.0130859
192,9.00549,179.369,0.0544284,0,2.70833,0.107574,0.670566,0.41295,-0.00904149,-2.84486,2.60123e-05,0.0143089,0.190986,9626.25,0.853068,0.423441,-0.1,0.02,1,224.035,2.3593e+06,0.626012,0.221972,0,0.0275835,-0.0182382,nan,-0.0120342,nan,nan,nan,nan,-0.0046251,-0.0138896,-0.00804646,nan,-0.0582868,0,-0.0118999,-0.140537,nan,-0.0859052,-0.0203478,-0.143372,-0.0550462,0.152162,-0.000508457,0.00776923,-0.270574
193,6.13365,134.291,0.0546195,0,3.29167,0.107401,0.695579,0.453183,-0.00845041,-2.84657,2.60123e-05,0.00980912,0.190963,9457.71,0.852401,0.446857,-0.1,0.02,1,225.336,2.37158e+06,0.465539,0.148291,0,0.0198221,-0.0136802,nan,-0.00904051,nan,nan,nan,nan,-0.00363981,-0.00983998,-0.00607549,nan,-0.0433312,-2.53165e-05,-0.0140451,-0.105406,nan,-0.0677051,-0.0176418,-0.107443,-0.0346835,0.113976,-0.000358193,0.00443038,-0.246104
194,7.79821,154.202,0.0566215,0,3.70833,0.104363,0.698598,0.517596,-0.00832152,-2.84819,2.60123e-05,0.0162827,0.19093,9465.27,0.850871,0.447349,-0.1,0.02,1,226.637,2.38387e+06,0.539928,0.1796,0,0.0239471,-0.0156928,nan,-0.010602,nan,nan,nan,nan,-0.00407108,-0.0119891,-0.00718729,nan,-0.0498937,0,-0.0115457,-0.120118,nan,-0.0700848,-0.016511,-0.123113,-0.047,0.130694,-0.000416875,0.00904494,-0.226034
195,7.70761,143.352,0.0566412,0,3.66667,0.102445,0.703646,0.506655,-0.00917677,-2.85049,2.60123e-05,0.0129552,0.190898,10743.6,0.807698,0.336054,-0.1,0.02,1,227.782,2.39616e+06,0.518974,0.165228,0,0.0228547,-0.0145874,nan,-0.00985955,nan,nan,nan,nan,-0.0038164,-0.0110128,-0.00665712,nan,-0.046372,0,-0.00832731,-0.109109,nan,-0.063374,-0.0160972,-0.11368,-0.0420227,0.120226,-0.000391787,0.00784091,-0.390325
196,8.67839,169.338,0.0558705,0,3.08333,0.105035,0.688214,0.449649,-0.00832835,-2.85231,2.60123e-05,0.00922298,0.190871,11420.5,0.6712,0.404764,-0.1,0.02,1,228.859,2.40845e+06,0.590328,0.193129,0,0.0266609,-0.0171704,nan,-0.0121211,nan,nan,nan,nan,-0.00460116,-0.0130265,-0.00807791,nan,-0.0546648,0,-0.0126017,-0.129917,nan,-0.0722859,-0.0188257,-0.134383,-0.0505,0.143578,-0.000453246,0.00885135,nan
197,6.92846,132.512,0.0539813,0,3.58333,0.109533,0.700858,0.492231,-0.00890214,-2.85401,2.60123e-05,0.013868,0.190851,9654.5,0.881783,0.390992,-0.1,0.02,1,230.134,2.42074e+06,0.476716,0.15459,0,0.0203593,-0.0134319,nan,-0.00903628,nan,nan,nan,nan,-0.0036048,-0.0100329,-0.0059573,nan,-0.0427646,0,-0.0104242,-0.102665,nan,-0.0612038,-0.0163469,-0.105528,-0.0383605,0.112125,-0.000355047,0.00883721,-0.558513
198,7.52425,154.886,0.0522327,0,3.29167,0.110647,0.741399,0.455835,-0.00910265,-2.85512,2.60123e-05,0.00821315,0.190835,9573.44,0.913955,0.369596,-0.1,0.02,1,231.419,2.43302e+06,0.531419,0.177391,0,0.023773,-0.0155374,nan,-0.0104592,nan,nan,nan,nan,-0.00426935,-0.0117894,-0.0071409,nan,-0.0497734,0,-0.0143902,-0.117454,nan,-0.071208,-0.0198649,-0.12248,-0.0438101,0.130404,-0.000417983,0.00822785,-0.506103
199,6.30872,132.812,0.0526993,0,3.54167,0.110239,0.683625,0.475709,-0.00874937,-2.85637,2.60123e-05,0.0124183,0.190812,11044.9,0.791935,0.320618,-0.1,0.02,1,232.534,2.44531e+06,0.469047,0.148657,0,0.0197016,-0.0134769,nan,-0.00887529,nan,nan,nan,nan,-0.00350133,-0.00932328,-0.00588791,nan,-0.0428255,0,-0.00788688,-0.101701,nan,-0.0685329,-0.0167625,-0.105261,-0.0392,0.111559,-0.000334367,0.00588235,-0.448866
200,6.46216,133.014,0.0540742,0,3.04167,0.108896,0.676579,0.445085,-0.00784953,-2.85785,2.60123e-05,0.0098647,0.19079,10916.6,0.751663,0.373959,-0.1,0.02,1,233.661,2.4576e+06,0.465112,0.149536,0,0.0205834,-0.0134082,nan,-0.0090874,nan,nan,nan,nan,-0.00364158,-0.00970437,-0.00611772,nan,-0.0429662,0,-0.00954022,-0.10329,nan,-0.0630708,-0.018673,-0.104736,-0.0362877,0.110649,-0.000357127,0.00732877,-0.336534
201,7.84681,176.987,0.053746,0.0833333,3.04167,0.108834,0.696362,0.442584,-0.00821238,-2.85949,2.60123e-05,0.0105729,0.19076,9570.67,0.828763,0.45516,-0.1,0.02,1,237.22,2.46989e+06,0.593806,0.194609,0,0.0274643,-0.0179922,nan,-0.0122277,nan,nan,nan,nan,-0.00480665,-0.0133569,-0.00797953,nan,-0.0573746,0,-0.0123045,-0.136676,nan,-0.084001,-0.0220197,-0.140441,-0.0543733,0.148487,-0.000469,0.00466667,-0.190069
202,8.7141,161.609,0.0553064,0,2.66667,0.106902,0.673649,0.433839,-0.0104183,-2.86133,2.60123e-05,0.011239,0.190739,9654.13,0.878445,0.394378,-0.1,0.02,1,238.494,2.48218e+06,0.570487,0.186331,0,0.0261455,-0.0163458,nan,-0.0116016,nan,nan,nan,nan,-0.00421116,-0.0118504,-0.00782472,nan,-0.0519892,0,-0.0107248,-0.120718,nan,-0.0679419,-0.0157478,-0.127089,-0.04625,0.135873,-0.000400796,0.00992188,-0.0229424
203,7.56718,148.468,0.055597,0,3.29167,0.105651,0.672613,0.467796,-0.00811974,-2.86254,2.60123e-05,0.00885105,0.190721,8272.18,0.891669,0.593791,-0.1,0.02,1,239.982,2.49446e+06,0.502223,0.179695,0,0.0242938,-0.0149965,nan,-0.0106147,nan,nan,nan,nan,-0.0039869,-0.0114166,-0.00715212,nan,-0.0478296,0,-0.00886366,-0.11542,nan,-0.0617537,-0.0162984,-0.117293,-0.0419494,0.123274,-0.000388361,0.00683544,nan
204,7.43709,154.884,0.0561761,0.0416667,3.54167,0.104479,0.68926,0.456062,-0.00783625,-2.864,2.60123e-05,0.00762558,0.190692,7716.3,0.994947,0.597527,-0.1,0.02,1,241.576,2.50675e+06,0.535317,0.181308,0,0.0235886,-0.0157234,nan,-0.0103628,nan,nan,nan,nan,-0.00415845,-0.0114738,-0.00711226,nan,-0.0502122,0,-0.0122966,-0.120101,nan,-0.0743685,-0.0195286,-0.123008,-0.046593,0.1305,-0.000440172,0.00726744,-0.231082
205,7.0248,166.057,0.053959,0,3.66667,0.10616,0.706881,0.485617,-0.00802869,-2.8658,2.60123e-05,0.0141224,0.190672,7885.93,1.03592,0.522301,-0.1,0.02,1,243.137,2.51904e+06,0.543817,0.188898,0,0.0246163,-0.0167214,nan,-0.0108809,nan,nan,nan,nan,-0.00424597,-0.0118235,-0.00736067,nan,-0.0534798,0,-0.0123998,-0.13025,nan,-0.0854697,-0.0202617,-0.130758,-0.0496932,0.139998,-0.000452353,0.00710227,-0.426676
206,7.53723,153.549,0.056273,0,2.95833,0.105113,0.677874,0.476881,-0.00808008,-2.86696,2.60123e-05,0.0113335,0.190653,10161.2,0.775558,0.433747,-0.1,0.02,1,244.348,2.53133e+06,0.53443,0.173843,0,0.0237681,-0.0155354,nan,-0.0105107,nan,nan,nan,nan,-0.00407691,-0.011566,-0.00708379,nan,-0.0495427,0,-0.00905234,-0.117716,nan,-0.0711381,-0.0184992,-0.121256,-0.0457183,0.126744,-0.000411133,0.0084507,-0.195653
207,7.15104,143.457,0.0574932,0,3.375,0.104147,0.66155,0.506464,-0.00976469,-2.86859,2.60123e-05,0.0120799,0.190623,9342.97,0.943229,0.371985,-0.1,0.02,1,245.665,2.54362e+06,0.500875,0.163157,0,0.0220984,-0.014456,nan,-0.00985333,nan,nan,nan,nan,-0.00379092,-0.0104241,-0.00672769,nan,-0.0462175,0,-0.00985425,-0.109811,nan,-0.0667493,-0.0169371,-0.1138,-0.0398025,0.120196,-0.000387945,0.00845679,-0.227366
208,9.1853,182.541,0.0566822,0,3.08333,0.104891,0.689937,0.41066,-0.00846616,-2.87024,2.60123e-05,0.00920976,0.190606,9553.62,0.893317,0.392897,-0.1,0.02,1,246.953,2.5559e+06,0.645548,0.196289,0,0.0290234,-0.0184929,nan,-0.0126273,nan,nan,nan,nan,-0.00507799,-0.0141782,-0.00857221,nan,-0.0587759,0,-0.0163308,-0.142862,nan,-0.0774964,-0.0218103,-0.144366,-0.0513919,0.152458,-0.000517574,0.00844595,nan
209,8.8858,167.53,0.055634,0,3.45833,0.103311,0.712904,0.536211,-0.00845374,-2.87118,2.60123e-05,0.0118418,0.190591,10526.6,0.826976,0.340357,-0.1,0.02,1,248.121,2.56819e+06,0.594516,0.204095,0,0.0263357,-0.016965,nan,-0.0117518,nan,nan,nan,nan,-0.00445117,-0.0127975,-0.00782183,nan,-0.0539498,0,-0.011097,-0.127985,nan,-0.0750762,-0.0200712,-0.13178,-0.0479639,0.140308,-0.000463986,0.0073494,-0.254819
210,7.52596,147.049,0.0562984,0,3.375,0.105496,0.667054,0.463759,-0.00815132,-2.87262,2.60123e-05,0.0128699,0.190559,11594.3,0.701795,0.358039,-0.1,0.02,1,249.183,2.58048e+06,0.525634,0.165315,0,0.0230544,-0.0149693,nan,-0.0101684,nan,nan,nan,nan,-0.00398203,-0.0105892,-0.0069447,nan,-0.047545,0,-0.00734075,-0.110336,nan,-0.0683021,-0.0186656,-0.116534,-0.0439136,0.12293,-0.000388944,0.00722222,-0.331241
211,8.62708,165.348,0.0540903,0,3.70833,0.108264,0.692085,0.532569,-0.00773653,-2.87469,2.60123e-05,0.011888,0.190531,9641.61,0.879861,0.394615,-0.1,0.02,1,250.458,2.59277e+06,0.578762,0.193431,0,0.025943,-0.0167029,nan,-0.0114099,nan,nan,nan,nan,-0.00448168,-0.0124809,-0.00777248,nan,-0.0532429,-2.24719e-05,-0.0126123,-0.127614,nan,-0.0710063,-0.0185919,-0.131078,-0.0440562,0.137729,-0.000461578,0.00702247,nan
212,6.76238,134.831,0.0558749,0,3.20833,0.108372,0.661098,0.446175,-0.0083913,-2.87624,2.60123e-05,0.0104903,0.190512,9078.6,0.868664,0.484848,-0.1,0.02,1,251.814,2.60506e+06,0.452223,0.165778,0,0.0213837,-0.0136541,nan,-0.00937662,nan,nan,nan,nan,-0.00375261,-0.0104582,-0.00642606,nan,-0.0434815,-1.2987e-05,-0.00950147,-0.101981,nan,-0.0573492,-0.0173815,-0.106671,-0.0379221,0.112542,-0.000383622,0.00454545,nan
213,7.05434,148.014,0.0575372,0,3.08333,0.104525,0.65058,0.47584,-0.00775683,-2.8777,2.60123e-05,0.0148972,0.190485,9165.08,0.93572,0.405022,-0.1,0.02,1,253.156,2.61734e+06,0.496095,0.178259,0,0.0230193,-0.015026,nan,-0.010183,nan,nan,nan,nan,-0.00390235,-0.010696,-0.00688964,nan,-0.0478023,0,-0.00873034,-0.113895,nan,-0.069666,-0.0175402,-0.117604,-0.0415,0.123101,-0.000384381,0.00533784,-0.343238
214,6.5242,131.889,0.0566299,0,2.625,0.104608,0.675124,0.436527,-0.00849269,-2.87968,2.60123e-05,0.00964726,0.190451,9729.66,0.789037,0.473906,-0.1,0.02,1,254.421,2.62963e+06,0.473092,0.15674,0,0.0197935,-0.0134235,nan,-0.00876921,nan,nan,nan,nan,-0.00339791,-0.00948739,-0.00594612,nan,-0.0427333,0,-0.00750714,-0.10214,nan,-0.0685356,-0.016154,-0.10523,-0.0383968,0.109971,-0.000353144,0.00460317,-0.334234
215,7.3121,146.926,0.0542859,0,3.375,0.109413,0.654271,0.526235,-0.00850555,-2.88188,1.73415e-05,0.0200455,0.190422,8098.41,1.02033,0.497007,-0.1,0.02,1,255.94,2.64192e+06,0.498573,0.174055,0,0.0231287,-0.0149521,nan,-0.0101677,nan,nan,nan,nan,-0.00391897,-0.0107364,-0.00670558,nan,-0.0474383,0,-0.00847461,-0.111521,nan,-0.0657241,-0.0179798,-0.115896,-0.0410741,0.121957,-0.000397709,0.00734568,-0.180979
216,7.84297,149.833,0.0554047,0.0416667,3.95833,0.107099,0.68022,0.536886,-0.00633407,-2.88322,1.73415e-05,0.00852873,0.19041,9734.06,0.839254,0.423118,-0.1,0.02,1,257.204,2.65421e+06,0.531724,0.170836,0,0.0236675,-0.0151279,nan,-0.0105433,nan,nan,nan,nan,-0.00410464,-0.0111777,-0.00707933,nan,-0.0483568,0,-0.00918945,-0.114567,nan,-0.0645673,-0.0183721,-0.118942,-0.0432708,0.124739,-0.000407452,0.00760417,-0.034405
217,9.53471,183.408,0.0543319,0,2.95833,0.107499,0.69736,0.480031,-0.00665312,-2.88434,1.73415e-05,0.00618044,0.190385,10122.5,0.847854,0.366081,-0.1,0.02,1,258.42,2.6665e+06,0.645922,0.206217,0,0.0290006,-0.0186384,nan,-0.0132673,nan,nan,nan,nan,-0.00476232,-0.0138007,-0.00868415,nan,-0.0591887,0,-0.0117827,-0.138399,nan,-0.0803101,-0.0180217,-0.145148,-0.0527183,0.154381,-0.00046665,0.0100704,-0.260402
218,6.95731,141.2,0.0569542,0,3.125,0.104815,0.660439,0.449302,-0.00710485,-2.88611,1.73415e-05,0.0113581,0.190359,10733.2,0.762133,0.382727,-0.1,0.02,1,259.566,2.67878e+06,0.505244,0.162135,0,0.021046,-0.0144448,nan,-0.0097088,nan,nan,nan,nan,-0.00375698,-0.0105121,-0.00643451,nan,-0.0456824,0,-0.00915189,-0.108289,nan,-0.0711612,-0.0185006,-0.112051,-0.0390533,0.117084,-0.000390137,0.00586667,-0.538955
219,8.78685,175.317,0.0546821,0,2.5,0.10843,0.68387,0.393253,-0.00680101,-2.88756,1.73415e-05,0.00800939,0.190339,9802.95,0.87942,0.37408,-0.1,0.02,1,260.821,2.69107e+06,0.610642,0.190703,0,0.0278282,-0.0178625,nan,-0.0122133,nan,nan,nan,nan,-0.00476261,-0.0134434,-0.00826313,nan,-0.0564618,0,-0.0125843,-0.132556,nan,-0.0763168,-0.020466,-0.13995,-0.0514833,0.146642,-0.000466732,0.0130833,-0.0817987
220,8.19564,172.373,0.0545626,0,3.45833,0.110252,0.685866,0.502104,-0.00718115,-2.88877,1.73415e-05,0.00796728,0.190323,10710.4,0.790703,0.356592,-0.1,0.02,1,261.97,2.70336e+06,0.578131,0.199931,0,0.0265152,-0.0175434,nan,-0.0116713,nan,nan,nan,nan,-0.00454175,-0.0126857,-0.00796875,nan,-0.0556939,-3.61446e-05,-0.0100319,-0.130399,nan,-0.0802851,-0.0193735,-0.137874,-0.0504819,0.144076,-0.000481406,0.0086747,-0.351836
221,8.30896,165.494,0.0568513,0,3.375,0.103693,0.696636,0.484894,-0.00723645,-2.88997,1.73415e-05,0.0141148,0.190299,10828.8,0.690692,0.444057,-0.1,0.02,1,263.106,2.71565e+06,0.570769,0.194173,0,0.0262966,-0.0168152,nan,-0.0115847,nan,nan,nan,nan,-0.00428917,-0.0123417,-0.00772272,nan,-0.053454,0,-0.00996889,-0.126084,nan,-0.0752801,-0.018267,-0.131231,-0.048037,0.139661,-0.000443611,0.00895062,-0.143913
222,8.23292,160.018,0.0557066,0,2.29167,0.105233,0.681636,0.404429,-0.00634364,-2.89157,1.73415e-05,0.00503393,0.190277,9683.81,0.839212,0.42971,-0.1,0.02,1,264.377,2.72794e+06,0.56566,0.183638,0,0.0249907,-0.0165305,nan,-0.0114851,nan,nan,nan,nan,-0.00417512,-0.011981,-0.00753025,nan,-0.051685,0,-0.00963458,-0.12125,nan,-0.0730447,-0.0177918,-0.127712,-0.0449636,0.134895,-0.000435167,0.00927273,-0.236276
223,7.66586,151.747,0.0555347,0,3.29167,0.105778,0.665574,0.524497,-0.00610817,-2.89275,1.73415e-05,0.00804335,0.190263,9711.05,0.839867,0.425496,-0.1,0.02,1,265.644,2.74022e+06,0.532825,0.169438,0,0.0241694,-0.015586,nan,-0.0104491,nan,nan,nan,nan,-0.00411062,-0.0115119,-0.00721724,nan,-0.0491012,0,-0.0100513,-0.116557,nan,-0.0663986,-0.0183901,-0.121702,-0.0428101,0.127156,-0.000414524,0.00740506,-0.268701
224,6.91267,136.653,0.057928,0,3.125,0.105187,0.652853,0.505121,-0.00672355,-2.89367,1.73415e-05,0.00602731,0.190249,10006.9,0.809603,0.41835,-0.1,0.02,1,266.874,2.75251e+06,0.478251,0.164093,0,0.0210384,-0.0139365,nan,-0.00939093,nan,nan,nan,nan,-0.00364308,-0.00983085,-0.0061961,nan,-0.0441605,0,-0.0082465,-0.105568,nan,-0.0642175,-0.0167673,-0.108938,-0.0387733,0.114436,-0.000371436,0.00606667,-0.307964
225,8.32187,158.93,0.0558156,0,2.95833,0.106728,0.672481,0.431202,-0.00649638,-2.89447,1.73415e-05,0.0072496,0.19024,9261.77,0.908623,0.418122,-0.1,0.02,1,268.202,2.7648e+06,0.553908,0.195897,0,0.0248999,-0.0160695,nan,-0.0112346,nan,nan,nan,nan,-0.00428779,-0.0118501,-0.00740267,nan,-0.0511571,0,-0.0117668,-0.120381,nan,-0.0708361,-0.0198764,-0.126315,-0.0450845,0.133544,-0.000445888,0.0084507,-0.138416
226,8.92162,166.318,0.0556442,0,2.75,0.107988,0.662865,0.466083,-0.00800838,-2.89532,1.73415e-05,0.0109549,0.19022,9755.32,0.844614,0.415006,-0.1,0.02,1,269.463,2.77709e+06,0.606211,0.195798,0,0.0258716,-0.0170284,nan,-0.0112682,nan,nan,nan,nan,-0.00441649,-0.011726,-0.0074437,nan,-0.0537298,0,-0.0114247,-0.125683,nan,-0.0767631,-0.0191256,-0.133179,-0.0459242,0.139667,-0.000438872,0.00613636,-0.207928
227,8.26672,149.227,0.0562753,0,2.75,0.108463,0.629068,0.464747,-0.00657028,-2.8968,2.60123e-05,0.00383112,0.190197,10151.2,0.832693,0.37781,-0.1,0.02,1,270.676,2.78938e+06,0.532091,0.183973,0,0.0241227,-0.0151577,nan,-0.0104124,nan,nan,nan,nan,-0.00400256,-0.0107766,-0.0070571,nan,-0.0482295,0,-0.00856534,-0.111679,nan,-0.0628574,-0.0170032,-0.119716,-0.0423788,0.124554,-0.000404122,0.00704545,-0.0138773
228,7.72021,150.831,0.0556598,0,2.70833,0.10637,0.678871,0.473779,-0.00816376,-2.89842,2.60123e-05,0.0127055,0.190173,11565.7,0.693195,0.369254,-0.1,0.02,1,271.74,2.80166e+06,0.520581,0.180836,0,0.0240501,-0.015396,nan,-0.0104514,nan,nan,nan,nan,-0.00391924,-0.010975,-0.00700427,nan,-0.0486884,0,-0.00645531,-0.114458,nan,-0.0669691,-0.0183528,-0.120021,-0.0471692,0.127097,-0.000403885,0.00961538,-0.383906
229,9.67703,194.987,0.0539466,0,3.16667,0.110311,0.693666,0.469124,-0.00871018,-2.89992,2.60123e-05,0.0148207,0.190146,10650.7,0.769699,0.384032,-0.1,0.02,1,272.895,2.81395e+06,0.677692,0.220552,0,0.0305393,-0.0200044,nan,-0.0131821,nan,nan,nan,nan,-0.00529563,-0.0149428,-0.00893769,nan,-0.0633495,0,-0.0135345,-0.14563,nan,-0.0867933,-0.0251183,-0.156171,-0.0551974,0.163976,-0.000573823,0.00651316,-0.254232
230,6.92437,143.815,0.0553931,0,2.70833,0.108971,0.659006,0.469337,-0.00907116,-2.90157,2.60123e-05,0.0164684,0.190128,10168.9,0.79335,0.415036,-0.1,0.02,1,274.105,2.82624e+06,0.49907,0.164089,0,0.0220779,-0.0145886,nan,-0.00993877,nan,nan,nan,nan,-0.00364539,-0.0104526,-0.0065066,nan,-0.0464823,0,-0.00878033,-0.10732,nan,-0.070971,-0.0172311,-0.114245,-0.0425077,0.122275,-0.00037758,0.00653846,-0.19222
231,9.53022,195.239,0.0561157,0,2.95833,0.105953,0.678191,0.459922,-0.00847936,-2.90283,2.60123e-05,0.0108403,0.190105,10070.7,0.817349,0.402823,-0.1,0.02,1,275.327,2.83853e+06,0.650515,0.232593,0,0.0308657,-0.0200026,nan,-0.0137197,nan,nan,nan,nan,-0.00541344,-0.0153767,-0.0092722,nan,-0.0633891,0,-0.0125112,-0.149912,nan,-0.084419,-0.0243244,-0.156381,-0.0552676,0.164757,-0.000554886,0.0102113,-0.134018
232,10.6442,204.043,0.0573652,0,2.875,0.105705,0.65725,0.461568,-0.00855642,-2.90479,2.60123e-05,0.0149884,0.190068,9062.82,0.916195,0.439674,-0.1,0.02,1,276.685,2.85082e+06,0.701063,0.254549,0,0.0325792,-0.020894,nan,-0.014189,nan,nan,nan,nan,-0.00565227,-0.0156374,-0.00948964,nan,-0.0662199,0,-0.0117893,-0.156468,nan,-0.0868223,-0.0245537,-0.164186,-0.062058,0.172319,-0.000558807,0.0102174,nan
233,10.2339,200.042,0.0563735,0,3,0.106551,0.656885,0.487454,-0.0080581,-2.90715,2.60123e-05,0.00756577,0.190036,10262.4,0.814882,0.382494,-0.1,0.02,1,277.884,2.8631e+06,0.705396,0.238714,0,0.0314156,-0.0204031,nan,-0.0136472,nan,nan,nan,nan,-0.00528159,-0.0149082,-0.00919691,nan,-0.0647584,0,-0.0165904,-0.154597,nan,-0.0904601,-0.0233324,-0.160817,-0.0560972,0.168511,-0.000594339,0.00770833,-0.337147
234,8.06242,150.429,0.0571366,0,2.91667,0.105856,0.654881,0.483327,-0.00961593,-2.90899,2.60123e-05,0.0182231,0.190012,10696.8,0.77473,0.374021,-0.1,0.02,1,279.034,2.87539e+06,0.53346,0.175507,0,0.0239225,-0.015193,nan,-0.0104466,nan,nan,nan,nan,-0.00400966,-0.0118442,-0.00697917,nan,-0.0485427,0,-0.0112491,-0.114942,nan,-0.0642861,-0.0168687,-0.119985,-0.0432143,0.127068,-0.000418755,0.0111429,nan
235,9.06929,169.013,0.0565795,0,3.16667,0.106624,0.652862,0.504993,-0.00902981,-2.91051,2.60123e-05,0.00686091,0.18999,10447.5,0.75238,0.423784,-0.1,0.02,1,280.211,2.88768e+06,0.599236,0.202414,0,0.0270579,-0.0171263,nan,-0.0119089,nan,nan,nan,nan,-0.00457082,-0.0130122,-0.0080889,nan,-0.0546854,0,-0.0124871,-0.127826,nan,-0.0719761,-0.0201521,-0.134525,-0.0499868,0.143502,-0.00047508,0.00822368,-0.0113175
236,10.0143,186.938,0.056786,0,2.66667,0.105463,0.662242,0.462198,-0.0100498,-2.91191,2.60123e-05,0.0147611,0.189968,9237.37,0.878176,0.452073,-0.1,0.02,1,281.544,2.89997e+06,0.663665,0.220159,0,0.0299524,-0.0187704,nan,-0.013335,nan,nan,nan,nan,-0.0048511,-0.0138296,-0.00874859,nan,-0.0600278,-3.125e-05,-0.0123648,-0.141473,nan,-0.0803633,-0.0203019,-0.146774,-0.0553906,0.158518,-0.000506321,0.00726563,-0.133049
237,9.45039,183.766,0.055668,0,2.66667,0.110121,0.636382,0.467686,-0.00796288,-2.91363,2.60123e-05,0.0149226,0.189937,8486.03,0.868147,0.579879,-0.1,0.02,1,282.993,2.91226e+06,0.644938,0.221731,0,0.0283977,-0.0186806,nan,-0.0123309,nan,nan,nan,nan,-0.0047595,-0.0136997,-0.00831803,nan,-0.0594668,0,-0.0139719,-0.138373,nan,-0.0862298,-0.0210281,-0.146496,-0.0518594,0.154804,-0.00052025,0.0103906,-0.384249
238,10.5288,194.085,0.0572261,0,2.45833,0.105086,0.658858,0.411954,-0.00867014,-2.91564,2.60123e-05,0.00735407,0.18991,8584.66,0.9939,0.437491,-0.1,0.02,1,284.427,2.92454e+06,0.685103,0.238996,0,0.0308611,-0.0196891,nan,-0.0139939,nan,nan,nan,nan,-0.00524517,-0.0149028,-0.00919066,nan,-0.062491,0,-0.0148235,-0.148839,nan,-0.0827028,-0.0220477,-0.155032,-0.0522712,0.164675,-0.000526496,0.00855932,nan
239,10.0633,204.115,0.0548672,0,2.54167,0.10921,0.672946,0.449914,-0.00897061,-2.91743,2.60123e-05,0.0104691,0.18988,8479.69,0.890403,0.558707,-0.1,0.02,1,285.878,2.93683e+06,0.682265,0.238693,0,0.0323989,-0.0208427,nan,-0.0148728,nan,nan,nan,nan,-0.0054017,-0.0155124,-0.00986341,nan,-0.0659493,0,-0.0152302,-0.153902,nan,-0.0866721,-0.0225179,-0.163447,-0.0583607,0.173411,-0.000538541,0.0095082,nan
240,9.04323,177.618,0.0557484,0.0416667,2.79167,0.106729,0.683133,0.416766,-0.00875627,-2.91929,2.60123e-05,0.0096704,0.189856,7552.4,1.08451,0.542527,-0.1,0.02,1,287.507,2.94912e+06,0.612271,0.20402,0,0.0284027,-0.0179964,nan,-0.0125335,nan,nan,nan,nan,-0.00479292,-0.012765,-0.00847985,nan,-0.0570084,0,-0.0159044,-0.131992,nan,-0.0753683,-0.0210726,-0.141004,-0.0461471,0.150329,-0.00047985,0.00397059,-0.0875853
241,10.0731,197.754,0.0556242,0,2.875,0.10696,0.670984,0.519997,-0.00840915,-2.92079,2.60123e-05,0.0118742,0.189834,7438.22,0.97856,0.673449,-0.1,0.02,1,289.161,2.96141e+06,0.68861,0.23433,0,0.0314189,-0.02001,nan,-0.0139362,nan,nan,nan,nan,-0.00505852,-0.0143618,-0.00910875,nan,-0.0638391,0,-0.0130052,-0.151771,nan,-0.0894714,-0.0218406,-0.157281,-0.0568261,0.168663,-0.000521949,0.00782609,-0.175281
242,8.77673,161.275,0.0546669,0,2.125,0.106778,0.690101,0.419884,-0.0084844,-2.92237,2.60123e-05,0.0114665,0.189808,7210.84,1.16617,0.537936,-0.1,0.02,1,290.867,2.9737e+06,0.581791,0.188299,0,0.0259789,-0.0163651,nan,-0.0113341,nan,nan,nan,nan,-0.00452037,-0.0130391,-0.00759999,nan,-0.0523005,0,-0.0133029,-0.121597,nan,-0.0679862,-0.0201805,-0.129084,-0.0458627,0.136369,-0.000428785,0.01,nan
243,9.20043,183.936,0.0568874,0.0416667,3.20833,0.10759,0.664209,0.507727,-0.00913489,-2.92396,2.60123e-05,0.0154381,0.189787,7748.12,1.00206,0.583871,-0.1,0.02,1,292.455,2.98598e+06,0.630377,0.214775,0,0.0294025,-0.0185828,nan,-0.0129444,nan,nan,nan,nan,-0.0048204,-0.0137337,-0.00851775,nan,-0.0592874,0,-0.0156312,-0.139015,nan,-0.0799786,-0.021124,-0.146396,-0.0534359,0.157388,-0.000519287,0.00608974,-0.313932
244,11.2967,229.085,0.05654,0,2.45833,0.105926,0.677596,0.419192,-0.0087641,-2.92542,2.60123e-05,0.0134329,0.189763,8930.01,0.914417,0.461617,-0.1,0.02,1,293.832,2.99827e+06,0.772536,0.264471,0,0.0371839,-0.0233311,nan,-0.0161898,nan,nan,nan,nan,-0.00620318,-0.0170273,-0.0108398,nan,-0.0741713,-5.08475e-05,-0.0187466,-0.17471,nan,-0.0949631,-0.0267301,-0.18391,-0.0678305,0.194859,-0.000614783,0.0111017,nan
245,10.967,218.439,0.0554731,0,2.75,0.10533,0.696325,0.489553,-0.00792794,-2.92718,2.60123e-05,0.0146081,0.189736,9099.86,0.90285,0.447501,-0.1,0.02,1,295.184,3.01056e+06,0.753214,0.255292,0,0.0340384,-0.0221861,nan,-0.0153448,nan,nan,nan,nan,-0.00564888,-0.0157518,-0.0101142,nan,-0.0704112,-4.54545e-05,-0.0171172,-0.163663,nan,-0.0990341,-0.0245847,-0.174269,-0.0632273,0.1866,-0.000560784,0.0115909,-0.687978
246,9.12957,186.302,0.0579115,0,2.625,0.102745,0.661654,0.449032,-0.00820757,-2.92858,2.60123e-05,0.0125735,0.189725,10751.5,0.767222,0.375684,-0.1,0.02,1,296.329,3.02285e+06,0.638779,0.21817,0,0.0288538,-0.0189205,nan,-0.0132502,nan,nan,nan,nan,-0.00498954,-0.0137844,-0.00871225,nan,-0.0600309,0,-0.016029,-0.140684,nan,-0.0842004,-0.0228903,-0.149776,-0.0534921,0.159233,-0.000521865,0.00539683,-0.420352
247,9.83705,185.937,0.0568101,0,2.625,0.104669,0.653447,0.477184,-0.00862899,-2.9297,2.60123e-05,0.0175259,0.189694,8981.06,0.917993,0.450219,-0.1,0.02,1,297.699,3.03514e+06,0.641369,0.226429,0,0.0298526,-0.0188718,nan,-0.0136832,nan,nan,nan,nan,-0.00494557,-0.0138179,-0.00880207,nan,-0.0598523,0,-0.0137366,-0.139294,nan,-0.0779792,-0.0217711,-0.147817,-0.0535397,0.159027,-0.000476932,0.0097619,nan
248,7.8865,153.203,0.057957,0,3.29167,0.106197,0.625416,0.609996,-0.00883414,-2.93183,2.60123e-05,0.0144071,0.189668,9429.34,0.845929,0.457238,-0.1,0.02,1,299.004,3.04742e+06,0.537286,0.182207,0,0.0241989,-0.0155676,nan,-0.0107927,nan,nan,nan,nan,-0.00398778,-0.0111896,-0.00708529,nan,-0.0494169,-2.53165e-05,-0.0127599,-0.115269,nan,-0.0684468,-0.0178005,-0.122622,-0.0445823,0.130744,-0.000397534,0.00556962,-0.453319
249,8.21127,164.703,0.0554961,0,2.66667,0.108769,0.638827,0.474834,-0.00920752,-2.93305,2.60123e-05,0.0151702,0.189657,8944.55,0.938584,0.435214,-0.1,0.02,1,300.38,3.05971e+06,0.567108,0.189088,0,0.0259362,-0.0167237,nan,-0.0117888,nan,nan,nan,nan,-0.0044055,-0.0121307,-0.00762207,nan,-0.0529479,0,-0.0142423,-0.127402,nan,-0.0728045,-0.0195077,-0.131886,-0.0438594,0.140784,-0.000445734,0.00710938,-0.236539
250,10.0644,191.097,0.0550357,0,3,0.10726,0.671161,0.573588,-0.00864087,-2.93409,2.60123e-05,0.0142771,0.189632,9060.16,0.831792,0.524476,-0.1,0.02,1,301.738,3.072e+06,0.68411,0.229275,0,0.0301507,-0.0194443,nan,-0.0134494,nan,nan,nan,nan,-0.00471352,-0.0136102,-0.00864476,nan,-0.0614681,0,-0.0128896,-0.144949,nan,-0.0892064,-0.0197453,-0.151995,-0.0576944,0.16391,-0.000497968,0.00777778,-0.246523
251,9.39983,172.303,0.056237,0.0416667,3.125,0.108435,0.625942,0.53666,-0.00937865,-2.93555,2.60123e-05,0.0113441,0.189621,9102.33,0.929676,0.420308,-0.1,0.02,1,303.09,3.08429e+06,0.619418,0.2071,0,0.0273656,-0.017413,nan,-0.012235,nan,nan,nan,nan,-0.00465291,-0.0128524,-0.00816436,nan,-0.0556189,0,-0.0132966,-0.132503,nan,-0.0732331,-0.0202624,-0.137878,-0.0490263,0.146243,-0.00043442,0.00743421,nan
252,9.93415,184.727,0.0577689,0,2.75,0.107732,0.630889,0.477415,-0.00851308,-2.93601,2.60123e-05,0.0127746,0.189618,10081.4,0.789054,0.429827,-0.1,0.02,1,304.311,3.09658e+06,0.654188,0.226552,0,0.0290155,-0.0187271,nan,-0.0129476,nan,nan,nan,nan,-0.00476164,-0.0132702,-0.00840012,nan,-0.0594069,0,-0.0155805,-0.141381,nan,-0.0816226,-0.0211183,-0.147426,-0.0496818,0.157005,-0.000489064,0.0094697,-0.31086
253,6.88136,139.683,0.0567374,0,2.5,0.107516,0.644524,0.451009,-0.00962221,-2.93669,2.60123e-05,0.0124532,0.189597,10309.4,0.865058,0.326859,-0.1,0.02,1,305.505,3.10886e+06,0.489397,0.165431,0,0.0213133,-0.0141288,nan,-0.009658,nan,nan,nan,nan,-0.00366493,-0.00988643,-0.00619216,nan,-0.0449623,0,-0.0121539,-0.109195,nan,-0.067213,-0.0174597,-0.111444,-0.0397667,0.120264,-0.000351569,0.00333333,-0.191877
254,8.91076,168.872,0.0554586,0,3.25,0.106175,0.667152,0.505709,-0.00825262,-2.93865,2.60123e-05,0.0112992,0.189561,10592.2,0.754615,0.405487,-0.1,0.02,1,306.666,3.12115e+06,0.581452,0.211913,0,0.0267082,-0.0170893,nan,-0.0121531,nan,nan,nan,nan,-0.00460458,-0.013015,-0.00796263,nan,-0.054331,0,-0.0154652,-0.127785,nan,-0.0722164,-0.0195137,-0.135474,-0.0450897,0.143453,-0.000467846,0.00717949,nan
255,8.08778,154.012,0.0596022,0,3.375,0.102104,0.644459,0.621241,-0.00891466,-2.94081,2.60123e-05,0.0146085,0.189535,9970.48,0.809696,0.422742,-0.1,0.02,1,307.901,3.13344e+06,0.54629,0.180476,0,0.0245731,-0.015524,nan,-0.0107743,nan,nan,nan,nan,-0.00394909,-0.0112009,-0.00697553,nan,-0.0493791,0,-0.0104983,-0.116045,nan,-0.0685635,-0.0177053,-0.121891,-0.0447901,0.131483,-0.000415807,0.0062963,-0.56838
256,9.28657,185.333,0.0564496,0,2.375,0.106636,0.662258,0.414243,-0.00885862,-2.94243,2.60123e-05,0.00590236,0.189509,9839.24,0.818675,0.430202,-0.1,0.02,1,309.151,3.14573e+06,0.647734,0.215284,0,0.0285123,-0.018801,nan,-0.0129305,nan,nan,nan,nan,-0.00485285,-0.0126619,-0.00856983,nan,-0.0597356,0,-0.0158765,-0.139819,nan,-0.0867734,-0.0229428,-0.148687,-0.0497368,0.158144,-0.000472578,0.00719298,-0.304362
257,10.7568,215.017,0.0573624,0.0416667,2.375,0.104349,0.671817,0.44881,-0.00910292,-2.94428,2.60123e-05,0.011175,0.18948,10305.4,0.79794,0.394439,-0.1,0.02,1,310.345,3.15802e+06,0.748572,0.268396,0,0.032167,-0.021818,nan,-0.0145728,nan,nan,nan,nan,-0.00555026,-0.0151657,-0.00962083,nan,-0.069191,0,-0.0235741,-0.161366,nan,-0.106333,-0.0256402,-0.172066,-0.0523276,0.182568,-0.000583867,0.00387931,-0.289044
258,9.08565,178.797,0.0563104,0,2.875,0.104878,0.671475,0.470194,-0.0102236,-2.94601,2.60123e-05,0.0139395,0.18946,9875.08,0.86988,0.374464,-0.1,0.02,1,311.591,3.1703e+06,0.61188,0.220818,0,0.0281258,-0.0181224,nan,-0.0129533,nan,nan,nan,nan,-0.00481989,-0.0129113,-0.00838173,nan,-0.0574743,0,-0.0162059,-0.134012,nan,-0.0795221,-0.0233127,-0.142484,-0.0488551,0.152037,-0.000466149,0.0057971,-0.334924
259,11.995,214.919,0.0552132,0,2.58333,0.105657,0.708269,0.510458,-0.00915696,-2.94731,2.60123e-05,0.00863643,0.189435,9382.2,0.844496,0.465218,-0.1,0.02,1,312.903,3.18259e+06,0.764355,0.268272,0,0.0351006,-0.0216429,nan,-0.0151671,nan,nan,nan,nan,-0.00561322,-0.0159314,-0.0100331,nan,-0.069248,0,-0.0132811,-0.162935,nan,-0.0887835,-0.0244182,-0.171192,-0.0642742,0.182287,-0.00059213,0.0133065,-0.0284939
260,9.82834,202.224,0.0548421,0.0833333,2.33333,0.107503,0.682104,0.395053,-0.00866844,-2.94893,2.60123e-05,0.012272,0.189414,10629.8,0.837461,0.318531,-0.1,0.02,1,314.06,3.19488e+06,0.674163,0.236589,0,0.0317788,-0.0204226,nan,-0.0141931,nan,nan,nan,nan,-0.00566617,-0.0154091,-0.00954433,nan,-0.0653007,0,-0.0194524,-0.152398,nan,-0.0868917,-0.027654,-0.161402,-0.0546897,0.171195,-0.000577412,0.0112931,nan
261,9.21001,180.895,0.0572405,0,2.375,0.102521,0.688278,0.467719,-0.00842947,-2.95054,2.60123e-05,0.0129947,0.189383,9065,0.892315,0.463228,-0.1,0.02,1,315.417,3.20717e+06,0.640452,0.203732,0,0.0283967,-0.0183637,nan,-0.0127446,nan,nan,nan,nan,-0.00478583,-0.0130909,-0.00848658,nan,-0.0582169,0,-0.0149231,-0.137016,nan,-0.0799064,-0.0213835,-0.144927,-0.0503158,0.153042,-0.000480354,0.00377193,-0.242453
262,8.73395,173.301,0.0568395,0,3.04167,0.104929,0.645183,0.506781,-0.00891774,-2.95269,2.60123e-05,0.0141541,0.189349,9455.32,0.85296,0.446626,-0.1,0.02,1,316.719,3.21946e+06,0.605589,0.217065,0,0.0259842,-0.0175509,nan,-0.0120071,nan,nan,nan,nan,-0.00443651,-0.0123782,-0.00793833,nan,-0.0557664,-1.36986e-05,-0.0128214,-0.128382,nan,-0.0857546,-0.0219094,-0.138427,-0.0494247,0.146595,-0.000449242,0.00547945,-0.611572
263,10.9582,216.507,0.0565616,0.0416667,2.83333,0.103396,0.678831,0.542494,-0.0107922,-2.9549,2.60123e-05,0.017199,0.189315,9995.74,0.817297,0.412026,-0.1,0.02,1,317.95,3.23174e+06,0.759509,0.239721,0,0.0335802,-0.0220049,nan,-0.0157725,nan,nan,nan,nan,-0.00549824,-0.0158586,-0.0103477,nan,-0.0696646,0,-0.0165557,-0.158375,nan,-0.0990076,-0.0229014,-0.17318,-0.0588116,0.184523,-0.000554131,0.00869565,-0.661608
264,9.56748,193.073,0.058097,0,3.41667,0.104356,0.670207,0.543143,-0.00916759,-2.95725,2.60123e-05,0.00794506,0.189279,9151.05,0.849354,0.493442,-0.1,0.02,1,319.294,3.24403e+06,0.663086,0.229112,0,0.0294355,-0.0194193,nan,-0.0137739,nan,nan,nan,nan,-0.00502823,-0.0141548,-0.00885593,nan,-0.0623858,0,-0.0150192,-0.142561,nan,-0.0905747,-0.0245748,-0.154154,-0.0553537,0.163663,-0.000504068,0.00920732,-0.400592
265,9.70894,184.667,0.0594972,0.0416667,3.08333,0.100779,0.66528,0.521969,-0.0093692,-2.9593,2.60123e-05,0.0141385,0.189256,10858.3,0.795021,0.336644,-0.1,0.02,1,320.427,3.25632e+06,0.652906,0.221069,0,0.0282835,-0.0185827,nan,-0.0130259,nan,nan,nan,nan,-0.00472394,-0.0128579,-0.0085085,nan,-0.0592597,0,-0.0155149,-0.136469,nan,-0.0841026,-0.0208481,-0.145932,-0.0521467,0.157696,-0.00048591,0.00426667,-0.473708
266,9.87534,183.092,0.0572655,0,2.70833,0.103465,0.679421,0.509962,-0.00876391,-2.96053,2.60123e-05,0.00775976,0.189241,11110.8,0.75855,0.347403,-0.1,0.02,1,321.535,3.26861e+06,0.643696,0.221566,0,0.0285931,-0.0185293,nan,-0.0132462,nan,nan,nan,nan,-0.00484726,-0.0137874,-0.00862162,nan,-0.0589283,0,-0.0144429,-0.134551,nan,-0.0796191,-0.0207852,-0.145867,-0.0477846,0.155052,-0.000491486,0.00769231,-0.0865903
267,11.1385,201.304,0.057391,0.0416667,2.83333,0.102061,0.69389,0.503671,-0.00872974,-2.96135,2.60123e-05,0.00793937,0.189233,10824.4,0.787423,0.347787,-0.1,0.02,1,322.671,3.2809e+06,0.735561,0.229987,0,0.0314834,-0.0203079,nan,-0.0141748,nan,nan,nan,nan,-0.00547241,-0.0155111,-0.0096448,nan,-0.0648826,0,-0.0196597,-0.14759,nan,-0.0863027,-0.0251374,-0.160444,-0.0532174,0.171581,-0.000573808,0.0112319,nan
268,9.64613,175.762,0.0563789,0.0416667,3.45833,0.104638,0.695311,0.591608,-0.00846573,-2.96213,2.60123e-05,0.00789046,0.189217,10342.1,0.771529,0.416628,-0.1,0.02,1,323.861,3.29318e+06,0.634111,0.209361,0,0.0274631,-0.0177343,nan,-0.0129836,nan,nan,nan,nan,-0.00466998,-0.0128501,-0.00839446,nan,-0.0564028,0,-0.014416,-0.131385,nan,-0.0762385,-0.0215828,-0.14021,-0.0476548,0.149704,-0.000442987,0.0075,-0.0729056
269,10.6201,200.81,0.0572091,0.0416667,2.58333,0.103705,0.685714,0.4581,-0.00783915,-2.9632,2.60123e-05,0.0127745,0.189206,11127.6,0.743193,0.361089,-0.1,0.02,1,324.967,3.30547e+06,0.721425,0.224196,0,0.0315536,-0.0203261,nan,-0.0140206,nan,nan,nan,nan,-0.00529046,-0.0150747,-0.00936255,nan,-0.06464,0,-0.0157384,-0.146838,nan,-0.0885305,-0.0244207,-0.159661,-0.0562698,0.170377,-0.000581458,0.00880952,-0.289992
270,8.43587,154.591,0.0580336,0,2.75,0.103601,0.662297,0.503286,-0.00883393,-2.96389,2.60123e-05,0.00940387,0.189198,10701.6,0.801855,0.34638,-0.1,0.02,1,326.117,3.31776e+06,0.560175,0.177406,0,0.0245918,-0.0155354,nan,-0.0114439,nan,nan,nan,nan,-0.00404572,-0.0117301,-0.00738605,nan,-0.0495065,0,-0.0091568,-0.110953,nan,-0.0675907,-0.0192354,-0.121839,-0.0440909,0.131227,-0.000414937,0.00492424,-0.11889
271,9.92265,191.875,0.0562764,0,2.33333,0.104676,0.689298,0.470326,-0.00879401,-2.96466,2.60123e-05,0.00575065,0.189181,10920.2,0.767152,0.358098,-0.1,0.02,1,327.243,3.33005e+06,0.654925,0.226171,0,0.0305502,-0.0191927,nan,-0.0137432,nan,nan,nan,nan,-0.00510758,-0.0143907,-0.0089184,nan,-0.0615815,0,-0.0136774,-0.139266,nan,-0.0823002,-0.0229591,-0.151369,-0.0521964,0.162444,-0.000516975,0.00830357,-0.0583405
272,9.19534,169.607,0.0570069,0,2.33333,0.10581,0.661487,0.465043,-0.00819548,-2.96571,2.60123e-05,0.00969212,0.189178,11308.3,0.781505,0.305126,-0.1,0.02,1,328.331,3.34234e+06,0.623695,0.193927,0,0.0260867,-0.0171921,nan,-0.0121346,nan,nan,nan,nan,-0.00434939,-0.0116956,-0.00784741,nan,-0.0544131,0,-0.0126362,-0.124119,nan,-0.0794941,-0.0194924,-0.135101,-0.046,0.143831,-0.000412439,0.00758929,-0.195547
273,10.9071,205.432,0.0583322,0,3.08333,0.106395,0.632517,0.497234,-0.00840124,-2.96583,2.60123e-05,0.0158733,0.189172,10733.4,0.7593,0.385534,-0.1,0.02,1,329.478,3.35462e+06,0.735532,0.236563,0,0.0317465,-0.0207493,nan,-0.0143751,nan,nan,nan,nan,-0.00549315,-0.0150263,-0.0094822,nan,-0.0659668,0,-0.0162212,-0.148791,nan,-0.0940367,-0.0268679,-0.16387,-0.0536351,0.173951,-0.000559114,0.0125676,-0.244955
274,9.28246,186.75,0.058069,0,2.33333,0.105756,0.664804,0.448905,-0.00831148,-2.96664,2.60123e-05,0.00830893,0.189159,10243.5,0.824217,0.375372,-0.1,0.02,1,330.679,3.36691e+06,0.657785,0.217521,0,0.0277013,-0.0186286,nan,-0.0125575,nan,nan,nan,nan,-0.00472286,-0.0127705,-0.00824825,nan,-0.0599479,0,-0.0158597,-0.134192,nan,-0.0949638,-0.0220392,-0.14838,-0.0531429,0.159118,-0.00050351,0.00758929,-0.549809
275,8.16412,158.078,0.0562548,0,2.66667,0.107668,0.670376,0.492008,-0.00822087,-2.96789,2.60123e-05,0.0131393,0.189135,10851.3,0.761633,0.370769,-0.1,0.02,1,331.813,3.3792e+06,0.554189,0.192055,0,0.0241737,-0.0157477,nan,-0.0112184,nan,nan,nan,nan,-0.0042694,-0.0115413,-0.00718634,nan,-0.0506775,0,-0.0120278,-0.114489,nan,-0.0755692,-0.022028,-0.125314,-0.0420469,0.134195,-0.000433142,0.00726563,-0.711859
276,10.4577,194.137,0.0577962,0,2.125,0.105225,0.656935,0.376869,-0.00944714,-2.96933,2.60123e-05,0.0157039,0.189118,11697.3,0.75944,0.291056,-0.1,0.02,1,332.865,3.39149e+06,0.681814,0.237554,0,0.0307135,-0.0194816,nan,-0.0143898,nan,nan,nan,nan,-0.00532517,-0.0142753,-0.00929387,nan,-0.062449,0,-0.0142021,-0.14149,nan,-0.0822258,-0.026755,-0.154356,-0.0523529,0.164435,-0.000525527,0.0054902,nan
277,11.604,210.514,0.0584874,0.0416667,2.875,0.10317,0.652964,0.497048,-0.00943072,-2.97017,2.60123e-05,0.0138297,0.189113,11038.7,0.703161,0.410016,-0.1,0.02,1,333.981,3.40378e+06,0.74818,0.257444,0,0.0334925,-0.0211495,nan,-0.0154109,nan,nan,nan,nan,-0.00558006,-0.0155483,-0.0100858,nan,-0.0676742,0,-0.0143843,-0.154196,nan,-0.0889432,-0.0254553,-0.168281,-0.0583714,0.179128,-0.000537794,0.00757143,nan
278,10.1121,194.414,0.057346,0,2.91667,0.105898,0.654237,0.528399,-0.00853076,-2.97053,2.60123e-05,0.012101,0.189104,9596.93,0.87689,0.40352,-0.1,0.02,1,335.263,3.41606e+06,0.670674,0.225552,0,0.0307238,-0.0193895,nan,-0.0141763,nan,nan,nan,nan,-0.00512454,-0.0138604,-0.00923479,nan,-0.0624403,0,-0.0149717,-0.140411,nan,-0.0829356,-0.0222604,-0.153994,-0.0541286,0.16459,-0.000506099,0.0075,nan
279,8.37295,159.737,0.057387,0,2.375,0.106069,0.657384,0.470086,-0.00901577,-2.97133,2.60123e-05,0.0116679,0.189097,9889.31,0.837378,0.405175,-0.1,0.02,1,336.507,3.42835e+06,0.578632,0.194063,0,0.0238253,-0.0159977,nan,-0.0113088,nan,nan,nan,nan,-0.00422812,-0.0109431,-0.00724948,nan,-0.0511763,0,-0.0136243,-0.116008,nan,-0.0804142,-0.0224731,-0.126228,-0.0431228,0.135429,-0.000397992,0.00605263,-0.307474
280,10.1876,190.737,0.0577427,0,2.375,0.107019,0.674814,0.434358,-0.00886611,-2.9719,2.60123e-05,0.0121315,0.189086,9980.9,0.831948,0.399204,-0.1,0.02,1,337.74,3.44064e+06,0.664985,0.225207,0,0.0306936,-0.0190915,nan,-0.0142835,nan,nan,nan,nan,-0.00487615,-0.0134847,-0.00912466,nan,-0.060827,0,-0.0142584,-0.135305,nan,-0.0825039,-0.0222137,-0.14936,-0.0557895,0.163742,-0.000460702,0.0101754,-0.219101
281,10.3013,194.788,0.0585598,0,2.75,0.105692,0.643265,0.516289,-0.00838897,-2.97279,2.60123e-05,0.00518336,0.189073,11195.1,0.67746,0.420165,-0.1,0.02,1,338.839,3.45293e+06,0.701288,0.232965,0,0.0294614,-0.0195097,nan,-0.01345,nan,nan,nan,nan,-0.00505645,-0.0139474,-0.00869678,nan,-0.0624776,0,-0.0132721,-0.141506,nan,-0.0947851,-0.0230793,-0.154395,-0.0537424,0.164474,-0.000506486,0.00901515,-0.389643
282,9.45393,185.254,0.058263,0,2.625,0.106765,0.640184,0.497053,-0.0100558,-2.97414,2.60123e-05,0.0150354,0.189042,10297.2,0.836565,0.35677,-0.1,0.02,1,340.034,3.46522e+06,0.638504,0.218928,0,0.0290062,-0.0184209,nan,-0.0133375,nan,nan,nan,nan,-0.00498592,-0.0136437,-0.00871221,nan,-0.059425,0,-0.0148764,-0.133813,nan,-0.082467,-0.0233288,-0.145938,-0.0530476,0.15763,-0.000486254,0.0065873,-0.345028
283,9.75674,190.797,0.0565306,0,2.66667,0.107095,0.655885,0.536722,-0.00952875,-2.97635,2.60123e-05,0.00579986,0.189011,10441.4,0.794101,0.382754,-0.1,0.02,1,341.212,3.4775e+06,0.657891,0.223728,0,0.029838,-0.0190601,nan,-0.0142194,nan,nan,nan,nan,-0.00494316,-0.0135202,-0.00903205,nan,-0.0611965,0,-0.0141819,-0.138917,nan,-0.0851324,-0.0224859,-0.151655,-0.0535625,0.163052,-0.000474254,0.00710938,-0.345671
284,9.377,175.73,0.0582406,0,3.08333,0.105736,0.666196,0.52916,-0.008563,-2.97838,2.60123e-05,0.0106467,0.18898,10190,0.832418,0.373473,-0.1,0.02,1,342.42,3.48979e+06,0.61416,0.214037,0,0.0275289,-0.0175882,nan,-0.01273,nan,nan,nan,nan,-0.00475669,-0.0131526,-0.00834126,nan,-0.0563515,0,-0.0147433,-0.12812,nan,-0.0757774,-0.0232554,-0.139388,-0.0472973,0.149254,-0.000480289,0.00722973,-0.101948
285,8.08366,150.286,0.0575278,0,2.625,0.106135,0.660428,0.528672,-0.00795917,-2.98037,2.60123e-05,0.0124755,0.188951,9216.58,0.774501,0.558748,-0.1,0.02,1,343.754,3.50208e+06,0.526348,0.176502,0,0.0242889,-0.015027,nan,-0.0110597,nan,nan,nan,nan,-0.00401033,-0.0110018,-0.0071173,nan,-0.0482503,0,-0.0102947,-0.108913,nan,-0.0631409,-0.0173233,-0.119032,-0.043873,0.128375,-0.00038422,0.00809524,nan
286,12.2063,222.582,0.0584888,0,2.79167,0.103861,0.67445,0.575168,-0.00902099,-2.98217,2.60123e-05,0.0104287,0.188929,10079.6,0.795443,0.423651,-0.1,0.02,1,344.977,3.51437e+06,0.802518,0.262789,0,0.0349294,-0.0222566,nan,-0.0161672,nan,nan,nan,nan,-0.00555239,-0.0161212,-0.0103789,nan,-0.0713763,0,-0.0157113,-0.159227,nan,-0.0998423,-0.02309,-0.175209,-0.0634328,0.190481,-0.000595693,0.00708955,-0.571556
287,10.4841,190.03,0.0567194,0,2.75,0.106207,0.676405,0.516907,-0.00805132,-2.98356,2.60123e-05,0.0129177,0.188908,9454.53,0.865607,0.434087,-0.1,0.02,1,346.278,3.52666e+06,0.674003,0.232108,0,0.0301001,-0.0189004,nan,-0.0142727,nan,nan,nan,nan,-0.00506688,-0.0139423,-0.00916029,nan,-0.0607049,0,-0.0139848,-0.139557,nan,-0.0806572,-0.0223866,-0.149835,-0.0527576,0.162734,-0.000484934,0.0069697,nan
288,11.7493,226.106,0.0575086,0,2.75,0.105216,0.663841,0.492269,-0.00889333,-2.98515,2.60123e-05,0.016012,0.188879,10087.1,0.791633,0.426553,-0.1,0.02,1,347.498,3.53894e+06,0.776577,0.26981,0,0.0361837,-0.0226944,nan,-0.0166009,nan,nan,nan,nan,-0.00579045,-0.0162913,-0.0106057,nan,-0.0726316,0,-0.0141614,-0.162952,nan,-0.0969854,-0.025708,-0.178593,-0.0711212,0.193027,-0.000585578,0.00984848,-0.215009
289,8.23193,158.431,0.0563797,0,2.41667,0.105338,0.677838,0.453548,-0.00875204,-2.98712,2.60123e-05,0.0143576,0.188852,10200.7,0.840163,0.364456,-0.1,0.02,1,348.704,3.55123e+06,0.543439,0.18474,0,0.0249416,-0.0159519,nan,-0.0119159,nan,nan,nan,nan,-0.0041377,-0.0113128,-0.00763713,nan,-0.0509224,0,-0.0101596,-0.113639,nan,-0.0674987,-0.017972,-0.125793,-0.0427414,0.13465,-0.000372138,0.00387931,nan
290,8.69018,157.911,0.0553072,0,1.875,0.106872,0.697427,0.392001,-0.00834196,-2.98872,2.60123e-05,0.0105889,0.188832,9688.44,0.838587,0.429728,-0.1,0.02,1,349.974,3.56352e+06,0.549254,0.19992,0,0.0255892,-0.0157964,nan,-0.0118849,nan,nan,nan,nan,-0.00419917,-0.012138,-0.00741917,nan,-0.0503574,0,-0.0115577,-0.112496,nan,-0.0656204,-0.0194388,-0.123855,-0.0475333,0.13622,-0.000399473,0.00622222,nan
291,9.81197,183.883,0.05745,0,3.20833,0.106084,0.683946,0.577483,-0.00867787,-2.98996,2.60123e-05,0.0133196,0.188815,10484,0.825721,0.346352,-0.1,0.02,1,351.148,3.57581e+06,0.653984,0.22899,0,0.0282701,-0.0184232,nan,-0.0128558,nan,nan,nan,nan,-0.00467248,-0.013375,-0.00804516,nan,-0.05898,0,-0.0117789,-0.134534,nan,-0.0879984,-0.0229174,-0.14539,-0.0533117,0.157497,-0.000493794,0.00941558,-0.379409
292,10.736,200.415,0.0584121,0,2.70833,0.102968,0.666647,0.543695,-0.00780029,-2.99105,2.60123e-05,0.00922209,0.188801,13368.6,0.658119,0.261049,-0.1,0.02,1,352.069,3.5881e+06,0.703971,0.228574,0,0.0322164,-0.0201324,nan,-0.014872,nan,nan,nan,nan,-0.00525847,-0.0147744,-0.00949323,nan,-0.0642835,0,-0.0152205,-0.145133,nan,-0.0839076,-0.0220849,-0.158451,-0.0562615,0.172478,-0.000487833,0.00992308,nan
293,9.25688,178.169,0.0560787,0.0416667,2.41667,0.106763,0.662885,0.49502,-0.00983145,-2.99237,2.60123e-05,0.0153229,0.188774,14291.9,0.609282,0.250505,-0.1,0.02,1,352.93,3.60038e+06,0.611587,0.205262,0,0.0283653,-0.0176255,nan,-0.0131153,nan,nan,nan,nan,-0.00481548,-0.0127142,-0.00834187,nan,-0.0570129,0,-0.0146045,-0.127018,nan,-0.0754885,-0.0215993,-0.141025,-0.0480339,0.153083,-0.000457568,0.00669492,-0.0174268
294,9.34884,171.507,0.0595921,0,3.04167,0.102131,0.62321,0.569781,-0.00781274,-2.99403,2.60123e-05,0.00971802,0.188757,13096.4,0.684253,0.254023,-0.1,0.02,1,353.869,3.61267e+06,0.616708,0.206834,0,0.0265296,-0.0172317,nan,-0.0123885,nan,nan,nan,nan,-0.00453804,-0.0126573,-0.00785659,nan,-0.0549963,0,-0.0147029,-0.122936,nan,-0.0775726,-0.0215386,-0.135878,-0.047863,0.147502,-0.000452645,0.00719178,-0.244963
295,11.8691,225.581,0.0598045,0.0416667,2.54167,0.102481,0.625501,0.48548,-0.0083482,-2.99524,2.60123e-05,0.0150419,0.188732,12195.2,0.735765,0.271845,-0.1,0.02,1,354.878,3.62496e+06,0.817125,0.266634,0,0.0338058,-0.0226726,nan,-0.0157939,nan,nan,nan,nan,-0.00571623,-0.01596,-0.0102108,nan,-0.0724265,0,-0.0212444,-0.164361,nan,-0.109943,-0.025707,-0.178752,-0.0605323,0.194481,-0.000638783,0.00362903,-0.283089
296,10.8242,208.794,0.0588339,0,2.625,0.102998,0.650357,0.52252,-0.00857077,-2.99712,2.60123e-05,0.0145774,0.188709,13068.9,0.658827,0.28142,-0.1,0.02,1,355.82,3.63725e+06,0.724972,0.245103,0,0.0324036,-0.0210028,nan,-0.0150549,nan,nan,nan,nan,-0.00521484,-0.0150836,-0.0098468,nan,-0.0668406,0,-0.017366,-0.150015,nan,-0.094509,-0.0224702,-0.165259,-0.0574127,0.180079,-0.000553579,0.00619048,-0.217717
297,9.80525,177.635,0.0582116,0,2.625,0.103131,0.637897,0.510767,-0.00867053,-2.9982,2.60123e-05,0.0136012,0.1887,13651,0.627539,0.272618,-0.1,0.02,1,356.721,3.64954e+06,0.646092,0.20608,0,0.0278341,-0.0178392,nan,-0.0132505,nan,nan,nan,nan,-0.00468502,-0.0132475,-0.00833936,nan,-0.0569201,0,-0.0161593,-0.12945,nan,-0.0763671,-0.0211668,-0.141286,-0.0507778,0.152739,-0.00045417,0.00746032,nan
298,8.56643,154.37,0.0585908,0,2.25,0.101612,0.641902,0.483204,-0.00816227,-2.99893,2.60123e-05,0.012032,0.188687,12941.3,0.661753,0.287766,-0.1,0.02,1,357.672,3.66182e+06,0.570093,0.180913,0,0.0240384,-0.01556,nan,-0.0110467,nan,nan,nan,nan,-0.00392649,-0.0109278,-0.00708158,nan,-0.0494808,0,-0.0101976,-0.109279,nan,-0.0718489,-0.0187172,-0.121858,-0.0470926,0.133644,-0.000361771,0.0062963,-0.250718
299,10.7629,194.927,0.0567114,0,2.29167,0.103342,0.664186,0.460677,-0.00978958,-3.0001,2.60123e-05,0.0160313,0.188665,14265.3,0.610253,0.251135,-0.1,0.02,1,358.535,3.67411e+06,0.700793,0.237567,0,0.0303892,-0.019664,nan,-0.0144785,nan,nan,nan,nan,-0.00513792,-0.0142617,-0.00912886,nan,-0.0625328,0,-0.0168245,-0.140846,nan,-0.0849279,-0.0244803,-0.155991,-0.0542545,0.167384,-0.000518737,0.00681818,-0.0484458
300,11.2402,205.026,0.0590584,0,3.20833,0.0998735,0.670457,0.58174,-0.00835341,-3.00173,2.60123e-05,0.0094548,0.188641,12626.1,0.692587,0.280635,-0.1,0.02,1,359.509,3.6864e+06,0.723751,0.254448,0,0.0320275,-0.0206635,nan,-0.0144816,nan,nan,nan,nan,-0.00516733,-0.0144905,-0.00931573,nan,-0.0656482,0,-0.0173453,-0.146954,nan,-0.0912799,-0.0235515,-0.161811,-0.0571558,0.177062,-0.000546576,0.00876623,-0.216938
301,9.05703,188.292,0.0572958,0,2.70833,0.10397,0.657622,0.527316,-0.00934206,-3.00314,2.60123e-05,0.00767151,0.188627,9803.76,0.840988,0.412409,-0.1,0.02,1,362.671,3.69869e+06,0.64676,0.223926,0,0.0277726,-0.0189408,nan,-0.0129068,nan,nan,nan,nan,-0.00470823,-0.0131864,-0.00828594,nan,-0.0603527,0,-0.0164286,-0.133796,nan,-0.0987211,-0.0228152,-0.149801,-0.0505692,0.163248,-0.000492848,0.00830769,-0.283389
302,10.582,193.485,0.058869,0,2.75,0.103193,0.630212,0.497914,-0.0091197,-3.00445,2.60123e-05,0.0166866,0.188598,10754.4,0.796252,0.346354,-0.1,0.02,1,363.815,3.71098e+06,0.682339,0.236562,0,0.0308205,-0.0194546,nan,-0.0142779,nan,nan,nan,nan,-0.00512594,-0.0144749,-0.00905893,nan,-0.0620405,0,-0.0161201,-0.139168,nan,-0.0822933,-0.0237834,-0.154584,-0.0525606,0.16637,-0.000530185,0.00787879,-0.0922448
303,11.6208,213.065,0.0599337,0,1.91667,0.101099,0.641913,0.440693,-0.00863038,-3.00637,2.60123e-05,0.0126137,0.188576,10911.6,0.778958,0.347186,-0.1,0.02,1,364.942,3.72326e+06,0.764246,0.266076,0,0.0331696,-0.0214445,nan,-0.0154943,nan,nan,nan,nan,-0.00505892,-0.0149619,-0.00976206,nan,-0.0682711,0,-0.0134832,-0.151696,nan,-0.0992285,-0.0226028,-0.168202,-0.0696522,0.184916,-0.000515204,0.00673913,-0.315916
304,9.71053,188.927,0.0585952,0,3.41667,0.101646,0.667975,0.686189,-0.00812127,-3.0077,2.60123e-05,0.0123837,0.188558,11239.9,0.716586,0.376659,-0.1,0.02,1,366.037,3.73555e+06,0.663225,0.222577,0,0.0290801,-0.0189557,nan,-0.0136193,nan,nan,nan,nan,-0.00466108,-0.0135665,-0.00861723,nan,-0.060485,0,-0.0126418,-0.13563,nan,-0.0895832,-0.0217238,-0.149248,-0.0588293,0.164337,-0.000484615,0.0070122,-0.259508
305,10.7794,196.889,0.0606387,0,2.25,0.100726,0.651293,0.45578,-0.00838789,-3.00901,2.60123e-05,0.0131632,0.188535,10717.5,0.766034,0.380499,-0.1,0.02,1,367.185,3.74784e+06,0.702711,0.24615,0,0.0302346,-0.0199514,nan,-0.0147215,nan,nan,nan,nan,-0.00527509,-0.0144882,-0.00943604,nan,-0.0633451,0,-0.0181031,-0.143993,nan,-0.0871521,-0.0248914,-0.157191,-0.0578889,0.170533,-0.000489897,0.00898148,-0.146498
306,10.6478,186.6,0.0570052,0,2.29167,0.101893,0.705216,0.380621,-0.00821289,-3.01048,2.60123e-05,0.0121989,0.188518,10268.2,0.767581,0.429126,-0.1,0.02,1,368.384,3.76013e+06,0.668186,0.229788,0,0.0303341,-0.0187078,nan,-0.0143829,nan,nan,nan,nan,-0.00485645,-0.013446,-0.00897797,nan,-0.0596037,0,-0.0148684,-0.130528,nan,-0.0779762,-0.0229098,-0.147035,-0.0516727,0.162165,-0.000458794,0.00872727,-0.0762102
307,12.0791,214.627,0.0573319,0,3.125,0.104108,0.648988,0.564569,-0.0080099,-3.01169,2.60123e-05,0.00862254,0.188495,10455.6,0.759189,0.41607,-0.1,0.02,1,369.561,3.77242e+06,0.783899,0.262141,0,0.0330426,-0.0215018,nan,-0.0156776,nan,nan,nan,nan,-0.00557465,-0.0156425,-0.0100606,nan,-0.068717,0,-0.0186274,-0.15239,nan,-0.0973204,-0.0251688,-0.168969,-0.0611467,0.185441,-0.000553009,0.0076,-0.255744
308,13.506,246.705,0.0598914,0,2.54167,0.101709,0.625525,0.519709,-0.00797952,-3.01339,2.60123e-05,0.0141993,0.188472,10620.1,0.785103,0.371947,-0.1,0.02,1,370.72,3.7847e+06,0.884083,0.28868,0,0.0390466,-0.0247242,nan,-0.018783,nan,nan,nan,nan,-0.00631417,-0.0185057,-0.0117223,nan,-0.0791626,0,-0.0189413,-0.177777,nan,-0.104281,-0.0266309,-0.195647,-0.0735902,0.214295,-0.000626597,0.00590164,nan
309,9.64367,166.746,0.0553703,0,2.79167,0.105948,0.670956,0.514519,-0.00955157,-3.01485,2.60123e-05,0.0113872,0.188453,11307.3,0.726035,0.360697,-0.1,0.02,1,371.808,3.79699e+06,0.612549,0.203995,0,0.0266186,-0.0167945,nan,-0.0126794,nan,nan,nan,nan,-0.00444826,-0.011722,-0.00783007,nan,-0.0532604,0,-0.0126519,-0.116414,nan,-0.0706815,-0.0216952,-0.132045,-0.0490299,0.144569,-0.00039072,0.00470149,-0.0406
310,10.4605,206.017,0.0584182,0,2.45833,0.103584,0.64822,0.542357,-0.00902841,-3.01636,2.60123e-05,0.0173427,0.188427,11524.9,0.714568,0.351644,-0.1,0.02,1,372.876,3.80928e+06,0.70472,0.243277,0,0.0319792,-0.0207096,nan,-0.0150912,nan,nan,nan,nan,-0.0051736,-0.0149392,-0.00969119,nan,-0.0662337,0,-0.0158392,-0.146511,nan,-0.0930456,-0.0232409,-0.163912,-0.0601695,0.178288,-0.000534824,0.0070339,-0.211869
311,9.89961,184.791,0.0596069,0,2.79167,0.102566,0.629392,0.532341,-0.00755087,-3.01825,2.60123e-05,0.0069775,0.188396,11951.8,0.673037,0.355093,-0.1,0.02,1,373.905,3.82157e+06,0.653786,0.218674,0,0.0290811,-0.018659,nan,-0.0137191,nan,nan,nan,nan,-0.0050043,-0.0138442,-0.00874852,nan,-0.0591594,0,-0.0192124,-0.131943,nan,-0.0785664,-0.0249308,-0.145693,-0.052403,0.160004,-0.000502734,0.0058209,nan
312,10.7437,212.095,0.0590878,0.0416667,3.04167,0.101206,0.625161,0.54351,-0.00917446,-3.02046,2.60123e-05,0.0117082,0.188365,10660.8,0.754619,0.398017,-0.1,0.02,1,375.06,3.83386e+06,0.740114,0.252377,0,0.0328185,-0.0214529,nan,-0.0155208,nan,nan,nan,nan,-0.00528415,-0.0148225,-0.00951569,nan,-0.0681228,0,-0.0150554,-0.152163,nan,-0.0999109,-0.0251877,-0.167771,-0.0649189,0.183672,-0.000516399,0.00351351,-0.371649
313,9.86562,179.578,0.0606936,0.0416667,2.625,0.100564,0.607209,0.502438,-0.00975496,-3.0223,2.60123e-05,0.0139195,0.18834,10034.4,0.830773,0.39382,-0.1,0.02,1,376.286,3.84614e+06,0.642082,0.217206,0,0.0291129,-0.018181,nan,-0.0131953,nan,nan,nan,nan,-0.00477219,-0.0138972,-0.00839449,nan,-0.0577839,0,-0.0127769,-0.12948,nan,-0.0747375,-0.0234235,-0.142159,-0.0564375,0.155217,-0.000489278,0.00539063,nan
314,11.0871,195.375,0.0592277,0,2.66667,0.101556,0.643252,0.538814,-0.00900807,-3.02388,2.60123e-05,0.0136906,0.188319,11664.4,0.722411,0.331055,-0.1,0.02,1,377.341,3.85843e+06,0.725543,0.239677,0,0.0301292,-0.0196629,nan,-0.0143716,nan,nan,nan,nan,-0.00499091,-0.0143837,-0.00911638,nan,-0.0625756,0,-0.0166906,-0.14298,nan,-0.0901835,-0.0237788,-0.154506,-0.0529688,0.168517,-0.000469718,0.00734375,-0.217122
315,11.1416,201,0.0587995,0.0833333,2.66667,0.102774,0.627061,0.533657,-0.00929239,-3.02523,2.60123e-05,0.0171495,0.188302,11769.3,0.688566,0.355508,-0.1,0.02,1,378.386,3.87072e+06,0.729293,0.242366,0,0.0324719,-0.0201351,nan,-0.0147673,nan,nan,nan,nan,-0.00498681,-0.01488,-0.00932191,nan,-0.0645353,0,-0.0112087,-0.145127,nan,-0.0896144,-0.0219594,-0.158549,-0.0624394,0.174083,-0.000507286,0.00848485,-0.382298
316,9.9343,181.062,0.0582325,0.0416667,1.95833,0.103873,0.635292,0.449676,-0.00904998,-3.02645,2.60123e-05,0.00857899,0.188285,9401.38,0.781726,0.525316,-0.1,0.02,1,379.694,3.88301e+06,0.657924,0.213665,0,0.0282396,-0.0181876,nan,-0.0130975,nan,nan,nan,nan,-0.00474274,-0.0130211,-0.00852911,nan,-0.0579773,0,-0.0149566,-0.127191,nan,-0.0807395,-0.0227232,-0.143815,-0.0542083,0.157204,-0.000497818,0.00552083,-0.295359
317,9.30306,183.553,0.0587492,0,3.16667,0.103498,0.64418,0.59195,-0.00979245,-3.02763,2.60123e-05,0.0099504,0.188271,8997.71,0.890207,0.475474,-0.1,0.02,1,381.062,3.8953e+06,0.637275,0.224219,0,0.0284878,-0.0185554,nan,-0.0129979,nan,nan,nan,nan,-0.00468519,-0.0132966,-0.00821952,nan,-0.0588666,0,-0.0143687,-0.131706,nan,-0.0869698,-0.024043,-0.14527,-0.0589868,0.159599,-0.00049555,0.00828947,-0.361174
318,10.1213,182.471,0.0580412,0,2.91667,0.105064,0.658145,0.551377,-0.00888106,-3.02829,2.60123e-05,0.0115628,0.188268,10870.2,0.770443,0.359987,-0.1,0.02,1,382.194,3.90758e+06,0.660608,0.224482,0,0.0288089,-0.0184005,nan,-0.01333,nan,nan,nan,nan,-0.00469781,-0.0132882,-0.00848334,nan,-0.0584745,0,-0.0146882,-0.132939,nan,-0.0805069,-0.0225123,-0.14501,-0.0546429,0.158089,-0.000455961,0.00742857,-0.41465
319,10.8579,188.981,0.0558594,0.0416667,2.20833,0.106729,0.661831,0.47235,-0.00801104,-3.02872,2.60123e-05,0.0115994,0.18826,10132.9,0.803583,0.409104,-0.1,0.02,1,383.409,3.91987e+06,0.688532,0.233817,0,0.0306477,-0.0190883,nan,-0.0140533,nan,nan,nan,nan,-0.0048356,-0.0133142,-0.00869145,nan,-0.060485,0,-0.012424,-0.132516,nan,-0.0802684,-0.0223423,-0.148697,-0.0571852,0.16368,-0.000477635,0.00435185,-0.202647
320,10.7842,196.815,0.0570564,0,2.25,0.103799,0.653342,0.479823,-0.00863112,-3.02972,2.60123e-05,0.016461,0.18824,9580.97,0.85668,0.425863,-0.1,0.02,1,384.693,3.93216e+06,0.710523,0.220872,0,0.0318216,-0.0199506,nan,-0.0144848,nan,nan,nan,nan,-0.00521576,-0.0141117,-0.00926801,nan,-0.0631623,0,-0.0161346,-0.139831,nan,-0.0817956,-0.0227479,-0.157086,-0.0541667,0.16928,-0.000515853,0.00518519,nan
321,10.1408,171.931,0.0593305,0,2.41667,0.100165,0.656448,0.472354,-0.00898645,-3.03111,2.60123e-05,0.0123063,0.188223,10354.9,0.821929,0.364761,-0.1,0.02,1,385.884,3.94445e+06,0.636288,0.218011,0,0.0277649,-0.017456,nan,-0.0128497,nan,nan,nan,nan,-0.0043877,-0.0123996,-0.00788794,nan,-0.0549293,0,-0.0104931,-0.122742,nan,-0.0746201,-0.0199226,-0.135837,-0.0488621,0.147977,-0.000415359,0.00594828,-0.356606
322,10.1617,188.474,0.0577276,0,2.375,0.103924,0.669793,0.447303,-0.00840543,-3.03222,2.60123e-05,0.0153463,0.188204,11255.8,0.725538,0.366167,-0.1,0.02,1,386.977,3.95674e+06,0.678359,0.223714,0,0.0291478,-0.0188796,nan,-0.0133102,nan,nan,nan,nan,-0.00508862,-0.0145558,-0.00876834,nan,-0.0602225,0,-0.0183537,-0.136641,nan,-0.0845385,-0.0252821,-0.148739,-0.0519825,0.162554,-0.000500348,0.00745614,-0.179145
323,11.9611,217.156,0.058256,0,1.875,0.104228,0.667685,0.401846,-0.00893247,-3.03368,2.60123e-05,0.00879069,0.188185,10619.4,0.734836,0.422295,-0.1,0.02,1,388.136,3.96902e+06,0.784904,0.26069,0,0.0338452,-0.0220436,nan,-0.0160622,nan,nan,nan,nan,-0.00548755,-0.0160067,-0.0101861,nan,-0.0697142,0,-0.0202891,-0.156891,nan,-0.0963775,-0.0242095,-0.172707,-0.0582889,0.187908,-0.000563808,0.006,-0.290993
324,12.2967,215.56,0.057775,0,2.08333,0.105096,0.631574,0.432859,-0.00893894,-3.03508,2.60123e-05,0.0119264,0.188161,9322.41,0.819308,0.498806,-0.1,0.02,1,389.456,3.98131e+06,0.787866,0.267559,0,0.0339989,-0.021632,nan,-0.0156964,nan,nan,nan,nan,-0.00550037,-0.0152847,-0.010148,nan,-0.0689363,0,-0.0175172,-0.153468,nan,-0.0940781,-0.0245951,-0.170339,-0.06316,0.186812,-0.000538736,0.0049,-0.270395
325,11.0539,194.677,0.058262,0.0416667,2.54167,0.10344,0.630303,0.563007,-0.00910399,-3.03669,2.60123e-05,0.0133305,0.188143,9929.28,0.815209,0.422343,-0.1,0.02,1,390.696,3.9936e+06,0.721839,0.236634,0,0.0308747,-0.0196982,nan,-0.0144623,nan,nan,nan,nan,-0.00477964,-0.0139107,-0.00907158,nan,-0.0623827,0,-0.0120108,-0.140283,nan,-0.0888565,-0.022184,-0.154306,-0.0585484,0.16818,-0.000486991,0.00798387,-0.244575
326,13.1508,238.5,0.0588004,0,2.08333,0.105152,0.595442,0.466143,-0.00882431,-3.03791,2.60123e-05,0.0145642,0.188122,10077.7,0.757017,0.462306,-0.1,0.02,1,391.916,4.00589e+06,0.850982,0.294518,0,0.0385842,-0.0240485,nan,-0.0172396,nan,nan,nan,nan,-0.00600254,-0.0174645,-0.0108492,nan,-0.0764715,0,-0.015346,-0.169383,nan,-0.104703,-0.0265962,-0.188626,-0.07132,0.204568,-0.000624062,0.0097,-0.303419
327,10.9988,217.7,0.0582424,0,2.08333,0.10425,0.650015,0.448069,-0.00810074,-3.0392,2.60123e-05,0.0159352,0.188106,10530.4,0.778584,0.388328,-0.1,0.02,1,393.085,4.01818e+06,0.746624,0.281947,0,0.0327272,-0.0218993,nan,-0.0155708,nan,nan,nan,nan,-0.00540895,-0.0147999,-0.00974772,nan,-0.0695224,0,-0.019335,-0.155072,nan,-0.107155,-0.0273098,-0.172028,-0.0632,0.188114,-0.000578983,0.0042,-0.551144
328,12.627,256.92,0.0594342,0.0833333,2,0.102601,0.621978,0.472829,-0.00823795,-3.03989,2.60123e-05,0.0112628,0.188106,12509.1,0.674666,0.307659,-0.1,0.02,1,394.069,4.03046e+06,0.875501,0.2986,0,0.0395567,-0.0259033,nan,-0.0179752,nan,nan,nan,nan,-0.00642584,-0.0177488,-0.0115929,nan,-0.0825041,0,-0.0193572,-0.18549,nan,-0.121713,-0.0283702,-0.204443,-0.06916,0.221268,-0.00065314,0.0079,-0.50346
329,11.1656,243.333,0.0606147,0,1.875,0.101766,0.615674,0.457539,-0.00873573,-3.03987,2.60123e-05,0.015313,0.188109,9257.04,0.862368,0.465054,-0.1,0.02,1,395.397,4.04275e+06,0.832167,0.281997,0,0.035428,-0.0244797,nan,-0.0166751,nan,nan,nan,nan,-0.00598197,-0.0165783,-0.0105993,nan,-0.0780866,0,-0.0199033,-0.175286,nan,-0.128938,-0.0309971,-0.19304,-0.0682444,0.208509,-0.000656926,0.007,-0.420232
330,11.9934,220.192,0.0590502,0,2.16667,0.104795,0.613996,0.439691,-0.00898843,-3.03999,2.60123e-05,0.0152839,0.188105,8600.26,0.891847,0.536947,-0.1,0.02,1,396.828,4.05504e+06,0.801594,0.254443,0,0.0340493,-0.0223159,nan,-0.0161642,nan,nan,nan,nan,-0.0057291,-0.0156075,-0.0104039,nan,-0.0707229,0,-0.0170375,-0.15781,nan,-0.100258,-0.0257395,-0.175168,-0.0590192,0.188879,-0.000562006,0.00625,-0.468327
331,9.23998,185.404,0.0598399,0,2.16667,0.102204,0.618477,0.459054,-0.00816737,-3.04084,2.60123e-05,0.0144556,0.188085,10015.9,0.832502,0.394348,-0.1,0.02,1,398.057,4.06733e+06,0.63538,0.226168,0,0.0287357,-0.0187423,nan,-0.0139485,nan,nan,nan,nan,-0.00492823,-0.0138189,-0.008632,nan,-0.0594536,0,-0.0156598,-0.136599,nan,-0.0840238,-0.0254737,-0.147753,-0.0583846,0.159364,-0.000464989,0.00673077,-0.168931
332,14.0533,252.538,0.0571061,0.0416667,2.125,0.104926,0.658182,0.437412,-0.00856682,-3.04237,2.60123e-05,0.0154879,0.188062,11772.2,0.684732,0.35908,-0.1,0.02,1,399.102,4.07962e+06,0.920386,0.306224,0,0.0396551,-0.0255101,nan,-0.0185727,nan,nan,nan,nan,-0.00645724,-0.0180361,-0.0116106,nan,-0.0807839,0,-0.020784,-0.183002,nan,-0.111685,-0.030135,-0.199821,-0.0708462,0.216905,-0.000658512,0.00692308,-0.165138
333,13.4886,241.019,0.0603327,0.0833333,2.16667,0.100907,0.633827,0.46344,-0.00830879,-3.04376,2.60123e-05,0.00946738,0.188045,11140.2,0.726605,0.37643,-0.1,0.02,1,400.207,4.0919e+06,0.88545,0.292544,0,0.0383693,-0.0244572,nan,-0.0175,nan,nan,nan,nan,-0.00637078,-0.0181044,-0.0112543,nan,-0.0778395,0,-0.0162666,-0.173705,nan,-0.105781,-0.0315142,-0.191642,-0.074963,0.205892,-0.000645402,0.0105556,-0.450203
334,11.2963,206.111,0.0581315,0,1.875,0.104589,0.653173,0.467674,-0.00883622,-3.04508,2.60123e-05,0.00809002,0.188022,9290.5,0.825562,0.497079,-0.1,0.02,1,401.531,4.10419e+06,0.722998,0.24847,0,0.0339588,-0.020807,nan,-0.0152876,nan,nan,nan,nan,-0.00540298,-0.0148516,-0.00955882,nan,-0.0660028,0,-0.0155078,-0.144819,nan,-0.0839344,-0.025338,-0.162222,-0.0579333,0.175367,-0.000544323,0.00755556,-0.059696
335,13.7073,245.407,0.060024,0.0416667,2.41667,0.10183,0.646448,0.514531,-0.00831445,-3.04653,2.60123e-05,0.0110607,0.188007,12554.5,0.714553,0.264217,-0.1,0.02,1,402.512,4.11648e+06,0.879118,0.320859,0,0.0384109,-0.024614,nan,-0.0175031,nan,nan,nan,nan,-0.00616482,-0.0182085,-0.0111265,nan,-0.0783041,0,-0.0204467,-0.175546,nan,-0.112514,-0.0296005,-0.193006,-0.0681356,0.209788,-0.000675136,0.00957627,-0.488029
336,13.1384,232.458,0.0585127,0,2.45833,0.101941,0.655427,0.526644,-0.00900178,-3.04754,2.60123e-05,0.00847324,0.18799,13708.6,0.63705,0.259323,-0.1,0.02,1,403.41,4.12877e+06,0.838624,0.288719,0,0.0376457,-0.0234272,nan,-0.0172261,nan,nan,nan,nan,-0.00625812,-0.0175929,-0.0113275,nan,-0.074617,0,-0.0175885,-0.170179,nan,-0.0962769,-0.03042,-0.185349,-0.0680847,0.198268,-0.000616468,0.0126271,nan
337,11.4136,200.151,0.0602132,0,2.20833,0.101163,0.638289,0.558951,-0.00922177,-3.04878,2.60123e-05,0.0118582,0.187976,10164,0.758223,0.450749,-0.1,0.02,1,404.62,4.14106e+06,0.738461,0.250721,0,0.0314763,-0.0200935,nan,-0.0145728,nan,nan,nan,nan,-0.00510064,-0.0143351,-0.00941157,nan,-0.0639834,0,-0.0147813,-0.142595,nan,-0.0927192,-0.0233928,-0.158704,-0.0518113,0.170273,-0.000510065,0.00528302,-0.358413
338,13.2603,243.302,0.0598954,0.0416667,2.16667,0.104959,0.61831,0.445875,-0.00823867,-3.04972,2.60123e-05,0.0142516,0.187964,10471,0.791352,0.382174,-0.1,0.02,1,405.795,4.15334e+06,0.850218,0.311018,0,0.0386249,-0.0246266,nan,-0.0177411,nan,nan,nan,nan,-0.0064381,-0.0176142,-0.011392,nan,-0.0782152,0,-0.0183886,-0.174467,nan,-0.105535,-0.0315033,-0.192671,-0.0666792,0.206824,-0.00061243,0.010566,-0.44263
339,11.5475,206.87,0.0587159,0,1.91667,0.105573,0.620196,0.443268,-0.00902985,-3.05087,2.60123e-05,0.0150757,0.18794,10462.6,0.799011,0.375462,-0.1,0.02,1,406.971,4.16563e+06,0.733156,0.263637,0,0.0337737,-0.0206136,nan,-0.0154039,nan,nan,nan,nan,-0.00522076,-0.0144657,-0.00970732,nan,-0.0663464,0,-0.0139766,-0.147535,nan,-0.0901938,-0.0242686,-0.162674,-0.0572826,0.176261,-0.000509657,0.00836957,-0.221367
340,11.2887,203.323,0.0592424,0,2.70833,0.102884,0.629728,0.539121,-0.00874119,-3.0528,2.60123e-05,0.0109501,0.187911,11295,0.782056,0.30586,-0.1,0.02,1,408.061,4.17792e+06,0.742918,0.246424,0,0.0323093,-0.0205126,nan,-0.0150222,nan,nan,nan,nan,-0.00531548,-0.014769,-0.0094952,nan,-0.0652025,0,-0.0150959,-0.144976,nan,-0.088997,-0.0257247,-0.16108,-0.0601231,0.173176,-0.000500223,0.00253846,-0.397592
341,12.6935,240.037,0.0583961,0,2.25,0.103395,0.681112,0.494528,-0.00893641,-3.05461,2.60123e-05,0.00771627,0.18789,9584.69,0.865492,0.416552,-0.1,0.02,1,409.344,4.19021e+06,0.819922,0.296416,0,0.0389315,-0.0241707,nan,-0.0176293,nan,nan,nan,nan,-0.00641666,-0.0175598,-0.0112937,nan,-0.0768124,0,-0.0150595,-0.172266,nan,-0.10205,-0.0313995,-0.189756,-0.0646111,0.203338,-0.000604609,0.0123148,-0.35743
342,12.4573,240.475,0.0581481,0,2.45833,0.105234,0.654587,0.545347,-0.00812788,-3.05604,2.60123e-05,0.0112539,0.187869,10021.2,0.826703,0.399501,-0.1,0.02,1,410.572,4.2025e+06,0.879824,0.285037,0,0.0366395,-0.0240939,nan,-0.0160125,nan,nan,nan,nan,-0.00592548,-0.0163315,-0.0102703,nan,-0.0770696,0,-0.0167991,-0.169937,nan,-0.12696,-0.0306373,-0.189393,-0.0669831,0.203713,-0.000649258,0.0102542,-0.408513
343,11.2207,211.161,0.0589809,0,2.58333,0.104956,0.63984,0.588447,-0.00881468,-3.05739,2.60123e-05,0.0123141,0.187853,9806.69,0.808331,0.444691,-0.1,0.02,1,411.827,4.21478e+06,0.747397,0.252897,0,0.0334265,-0.0212138,nan,-0.0152155,nan,nan,nan,nan,-0.00535716,-0.0150827,-0.00964043,nan,-0.0676505,0,-0.0116398,-0.147399,nan,-0.097563,-0.0259952,-0.165809,-0.0593226,0.178661,-0.000554734,0.00725806,-0.500989
344,12.0021,223.849,0.0600981,0.0416667,2.16667,0.101998,0.654643,0.464658,-0.00900533,-3.05853,2.60123e-05,0.0120701,0.187832,10285.3,0.800639,0.394081,-0.1,0.02,1,413.024,4.22707e+06,0.779916,0.267138,0,0.0372243,-0.0223909,nan,-0.0171947,nan,nan,nan,nan,-0.0058522,-0.01728,-0.010502,nan,-0.0714766,0,-0.011922,-0.159837,nan,-0.0905782,-0.0299863,-0.174617,-0.0741321,0.192075,-0.000573867,0.0100943,nan
345,9.95325,183.94,0.0594156,0,2.08333,0.103545,0.656168,0.494682,-0.00835551,-3.06007,2.60123e-05,0.0126248,0.187806,9066.39,0.865355,0.489981,-0.1,0.02,1,414.381,4.23936e+06,0.653235,0.232139,0,0.0290197,-0.0182959,nan,-0.0132292,nan,nan,nan,nan,-0.00484469,-0.0133868,-0.00823825,nan,-0.0587928,0,-0.0116084,-0.133137,nan,-0.085486,-0.0257369,-0.143777,-0.05238,0.15541,-0.000488815,0.0116,-0.179245
346,15.1684,277.538,0.0604122,0.0416667,2.125,0.100463,0.65075,0.461819,-0.00898542,-3.06156,2.60123e-05,0.0118137,0.187798,9253.76,0.889929,0.437964,-0.1,0.02,1,415.711,4.25165e+06,0.971208,0.33383,0,0.0462503,-0.0276223,nan,-0.0209135,nan,nan,nan,nan,-0.00734195,-0.0201638,-0.0129815,nan,-0.0886362,0,-0.0162247,-0.199447,nan,-0.111361,-0.0355706,-0.217924,-0.0786731,0.233565,-0.000727025,0.0111538,nan
347,10.0495,185.418,0.059599,0,2.29167,0.103738,0.63765,0.542759,-0.00857036,-3.06219,2.60123e-05,0.00945116,0.187782,9881.46,0.819939,0.423602,-0.1,0.02,1,416.956,4.26394e+06,0.649068,0.219488,0,0.0306001,-0.0186666,nan,-0.0138225,nan,nan,nan,nan,-0.00494021,-0.0132947,-0.00886583,nan,-0.0593743,0,-0.0121635,-0.133959,nan,-0.0755328,-0.0229476,-0.146222,-0.0503091,0.156067,-0.000465614,0.00781818,nan
348,12.9233,236.019,0.0591656,0,2.16667,0.102526,0.657506,0.496224,-0.00917278,-3.06348,2.60123e-05,0.01265,0.187765,9712.33,0.821564,0.443632,-0.1,0.02,1,418.224,4.27622e+06,0.8636,0.28726,0,0.0369066,-0.0236921,nan,-0.0168942,nan,nan,nan,nan,-0.00571084,-0.0163368,-0.0108049,nan,-0.075413,0,-0.0130878,-0.168364,nan,-0.1155,-0.0270853,-0.184501,-0.069,0.197642,-0.00057869,0.0142308,-0.27563
349,15.3087,294.935,0.0598987,0.125,1.79167,0.104047,0.613151,0.47891,-0.00790314,-3.06459,2.60123e-05,0.0126121,0.18775,10215.6,0.813753,0.389112,-0.1,0.02,1,419.428,4.28851e+06,1.03112,0.341497,0,0.0468116,-0.0295628,nan,-0.0213039,nan,nan,nan,nan,-0.00765489,-0.0218636,-0.0139038,nan,-0.0946801,0,-0.020235,-0.210419,nan,-0.129781,-0.0333366,-0.233313,-0.0811739,0.247536,-0.00076067,0.00717391,-0.492958
350,14.7461,266.167,0.0609581,0.0833333,2.16667,0.101231,0.620135,0.492053,-0.00850752,-3.0657,2.60123e-05,0.00652518,0.187731,9912.52,0.781496,0.458149,-0.1,0.02,1,420.669,4.3008e+06,0.961244,0.346949,0,0.0413357,-0.0263753,nan,-0.0186474,nan,nan,nan,nan,-0.00669849,-0.0181677,-0.0118103,nan,-0.0847784,0,-0.0149335,-0.190915,nan,-0.128528,-0.0315729,-0.2082,-0.0733148,0.222701,-0.000657896,0.0101852,-0.411868
351,14.799,260.741,0.0587313,0,2.25,0.101651,0.660274,0.554288,-0.00802393,-3.06695,2.60123e-05,0.0130706,0.187716,11200.1,0.751465,0.345664,-0.1,0.02,1,421.769,4.31309e+06,0.936869,0.313791,0,0.0424359,-0.0259484,nan,-0.0190052,nan,nan,nan,nan,-0.00700499,-0.0190067,-0.0122969,nan,-0.0833332,0,-0.0163688,-0.184884,nan,-0.107115,-0.0332143,-0.204591,-0.0716111,0.216915,-0.000681693,0.015,nan
352,14.9652,260.102,0.0602848,0.0833333,2.375,0.102382,0.642579,0.54216,-0.00908138,-3.06839,2.60123e-05,0.0172188,0.187681,12499.4,0.677009,0.30608,-0.1,0.02,1,422.754,4.32538e+06,0.950047,0.320062,0,0.0422736,-0.0259071,nan,-0.0187393,nan,nan,nan,nan,-0.00644771,-0.0187624,-0.0120794,nan,-0.0832109,-3.38983e-05,-0.012878,-0.183826,nan,-0.112377,-0.0277499,-0.204519,-0.0753051,0.216533,-0.000677104,0.0122034,-0.6104
353,11.8707,206.245,0.0589932,0,2.20833,0.103924,0.646438,0.486615,-0.0094175,-3.07082,2.60123e-05,0.00861541,0.187653,11473.6,0.777887,0.293091,-0.1,0.02,1,423.826,4.33766e+06,0.756679,0.246553,0,0.0340101,-0.0202338,nan,-0.0149332,nan,nan,nan,nan,-0.00542598,-0.0149592,-0.00953505,nan,-0.0657363,0,-0.0125798,-0.145859,nan,-0.0871542,-0.0252804,-0.160721,-0.0553774,0.172007,-0.000567927,0.00801887,-0.14226
354,12.1692,229.356,0.0599425,0,2.45833,0.102516,0.620779,0.558626,-0.00794641,-3.07238,2.60123e-05,0.0129653,0.18763,13556.4,0.647665,0.258771,-0.1,0.02,1,424.734,4.34995e+06,0.813131,0.27918,0,0.0360546,-0.0227437,nan,-0.0161692,nan,nan,nan,nan,-0.00601068,-0.0166304,-0.0106026,nan,-0.0734006,0,-0.0163736,-0.167035,nan,-0.105536,-0.0292455,-0.180951,-0.061339,0.190539,-0.000645896,0.0115254,-0.451057
355,11.7673,221.864,0.0612232,0.0416667,2.41667,0.101671,0.597325,0.57484,-0.00885983,-3.07396,2.60123e-05,0.0119519,0.187611,14572.3,0.592089,0.251156,-0.1,0.02,1,425.578,4.36224e+06,0.776236,0.256014,0,0.0366188,-0.0219224,nan,-0.0163,nan,nan,nan,nan,-0.00578351,-0.0169098,-0.0102624,nan,-0.0707924,0,-0.0111421,-0.160437,nan,-0.0923339,-0.0263225,-0.173953,-0.0644068,0.184706,-0.000593265,0.0113559,-0.319023
356,11.7587,200.621,0.0603992,0,2.41667,0.102063,0.63156,0.525148,-0.00950755,-3.07532,2.60123e-05,0.013618,0.187586,14615.6,0.590344,0.250401,-0.1,0.02,1,426.42,4.37453e+06,0.731475,0.261014,0,0.0329462,-0.0198413,nan,-0.0144638,nan,nan,nan,nan,-0.00534761,-0.0148373,-0.00932434,nan,-0.0641247,0,-0.0117557,-0.141548,nan,-0.0860795,-0.0260208,-0.15674,-0.0563276,0.16641,-0.000532567,0.00956897,-0.379121
357,10.2343,194.273,0.0574794,0,2.29167,0.105277,0.650689,0.498157,-0.00817076,-3.07725,2.60123e-05,0.0110876,0.187557,14313.2,0.593235,0.265275,-0.1,0.02,1,427.28,4.38682e+06,0.677689,0.234377,0,0.0314157,-0.019251,nan,-0.0142524,nan,nan,nan,nan,-0.00498408,-0.0144127,-0.00903685,nan,-0.0621551,0,-0.010588,-0.136986,nan,-0.0856406,-0.0246523,-0.152453,-0.0568909,0.163289,-0.000526282,0.00727273,-0.192519
358,13.2866,217.24,0.0583881,0.0416667,2.04167,0.103469,0.647469,0.557042,-0.00807943,-3.07898,2.60123e-05,0.0133685,0.18754,13252.1,0.654053,0.273196,-0.1,0.02,1,428.209,4.3991e+06,0.816796,0.261983,0,0.0368938,-0.0214976,nan,-0.0165236,nan,nan,nan,nan,-0.00548732,-0.0153799,-0.0103043,nan,-0.069469,0,-0.012634,-0.152117,nan,-0.0858675,-0.0224783,-0.169791,-0.05946,0.181104,-0.000540677,0.0091,nan
359,11.7407,193.113,0.059656,0,2.58333,0.103785,0.62632,0.539009,-0.00847025,-3.08034,2.60123e-05,0.0114663,0.187511,13341.5,0.662047,0.258992,-0.1,0.02,1,429.131,4.41139e+06,0.721318,0.248789,0,0.0316879,-0.0192258,nan,-0.0141935,nan,nan,nan,nan,-0.00504468,-0.0140104,-0.00909897,nan,-0.0616251,0,-0.0119031,-0.137133,nan,-0.0815684,-0.0235434,-0.151704,-0.0520806,0.161586,-0.000497541,0.00935484,-0.25251
360,11.3788,206.58,0.0581754,0,2.08333,0.105564,0.635752,0.417751,-0.00895677,-3.08241,2.60123e-05,0.0120617,0.187486,13481.9,0.656988,0.254459,-0.1,0.02,1,430.044,4.42368e+06,0.742715,0.260626,0,0.0330064,-0.0204422,nan,-0.014444,nan,nan,nan,nan,-0.00536016,-0.0148774,-0.00945568,nan,-0.0662364,0,-0.0143294,-0.147365,nan,-0.094025,-0.0269294,-0.161352,-0.05866,0.172799,-0.000572145,0.0075,-0.341426
361,14.6458,261.355,0.0585798,0.0416667,2.54167,0.105843,0.637366,0.532568,-0.00849098,-3.0839,2.60123e-05,0.00904314,0.187468,13734.3,0.631744,0.262952,-0.1,0.02,1,430.94,4.43597e+06,0.900606,0.332342,0,0.0436713,-0.0257577,nan,-0.0193032,nan,nan,nan,nan,-0.00682321,-0.018796,-0.0124182,nan,-0.0832557,0,-0.014023,-0.183272,nan,-0.104896,-0.0295655,-0.202963,-0.0735161,0.218201,-0.000685498,0.0127419,nan
362,11.6126,212.213,0.0590591,0.0416667,2.5,0.103708,0.646939,0.559021,-0.00955982,-3.0849,2.60123e-05,0.0126176,0.187458,13798.3,0.599079,0.291468,-0.1,0.02,1,431.831,4.44826e+06,0.760853,0.259423,0,0.0340348,-0.0208206,nan,-0.0155479,nan,nan,nan,nan,-0.00539369,-0.0153145,-0.00976956,nan,-0.0676084,0,-0.0135201,-0.151804,nan,-0.0948292,-0.0254543,-0.165136,-0.060918,0.177998,-0.000530379,0.00721311,-0.248968
363,9.50561,172.868,0.0587163,0,2.20833,0.103713,0.633513,0.524719,-0.00860537,-3.08577,2.60123e-05,0.008208,0.187441,14506.6,0.595238,0.251825,-0.1,0.02,1,432.68,4.46054e+06,0.608965,0.208717,0,0.0283795,-0.0170754,nan,-0.0131091,nan,nan,nan,nan,-0.00453646,-0.012731,-0.00828862,nan,-0.0552354,0,-0.0111909,-0.12233,nan,-0.070412,-0.0208145,-0.135038,-0.049,0.144975,-0.000428442,0.00443396,nan
364,11.5099,202.08,0.0579354,0,2.08333,0.105187,0.64396,0.457333,-0.00983028,-3.08736,2.60123e-05,0.0109876,0.187414,14713,0.587815,0.247366,-0.1,0.02,1,433.516,4.47283e+06,0.702065,0.274279,0,0.0333046,-0.0201179,nan,-0.0148856,nan,nan,nan,nan,-0.00533606,-0.0156497,-0.00942562,nan,-0.0646816,0,-0.0144594,-0.140619,nan,-0.0825624,-0.0243061,-0.157848,-0.06234,0.169941,-0.000564182,0.0087,nan
365,9.54387,173.875,0.0584086,0,2.33333,0.102893,0.644535,0.457067,-0.00853978,-3.08913,2.60123e-05,0.0125964,0.187391,14596.5,0.592611,0.249235,-0.1,0.02,1,434.359,4.48512e+06,0.623118,0.217138,0,0.0275978,-0.0172251,nan,-0.0123443,nan,nan,nan,nan,-0.00465756,-0.0125783,-0.00773877,nan,-0.0554869,0,-0.0151695,-0.12129,nan,-0.0793092,-0.023623,-0.136847,-0.0473393,0.145935,-0.000468456,0.00794643,-0.195349
366,10.3846,200.808,0.0601805,0,2.16667,0.103193,0.615092,0.477983,-0.00812839,-3.09056,2.60123e-05,0.0138523,0.187369,14278.7,0.596208,0.264375,-0.1,0.02,1,435.221,4.49741e+06,0.704184,0.238371,0,0.0310664,-0.0198998,nan,-0.0143435,nan,nan,nan,nan,-0.00492475,-0.0144847,-0.00916175,nan,-0.0643382,0,-0.0130233,-0.140848,nan,-0.0968913,-0.0247957,-0.156972,-0.0587115,0.168747,-0.000579642,0.0144231,-0.483301
367,11.6558,208.438,0.0584635,0.0416667,1.95833,0.10461,0.636221,0.472896,-0.00917903,-3.09195,2.60123e-05,0.0130355,0.187356,10961.8,0.71008,0.4109,-0.1,0.02,1,436.343,4.5097e+06,0.752625,0.253753,0,0.0342992,-0.0204412,nan,-0.0147692,nan,nan,nan,nan,-0.00527973,-0.0151424,-0.00947068,nan,-0.0662487,0,-0.0105329,-0.151614,nan,-0.090254,-0.025362,-0.162778,-0.062375,0.174631,-0.00056096,0.0121875,-0.474193
368,11.5066,205,0.0576884,0,2.54167,0.103991,0.65114,0.558802,-0.00802589,-3.09282,2.60123e-05,0.0101863,0.187338,9191.03,0.848784,0.488171,-0.1,0.02,1,437.682,4.52198e+06,0.726946,0.2619,0,0.0336061,-0.0202984,nan,-0.0147472,nan,nan,nan,nan,-0.00533972,-0.0152939,-0.00939191,nan,-0.0654043,0,-0.0123558,-0.14636,nan,-0.0873506,-0.0249213,-0.160407,-0.0617869,0.170653,-0.000549591,0.012459,-0.367651
369,12.638,239.698,0.0605391,0.0416667,2.58333,0.102579,0.635158,0.605807,-0.0093952,-3.09438,2.60123e-05,0.0158531,0.187315,9661.63,0.929486,0.342349,-0.1,0.02,1,438.957,4.53427e+06,0.865446,0.291004,0,0.0371025,-0.0236224,nan,-0.0165775,nan,nan,nan,nan,-0.00577564,-0.017131,-0.0104046,nan,-0.076369,0,-0.0158462,-0.170942,nan,-0.118768,-0.0267508,-0.187203,-0.0712063,0.200737,-0.000620017,0.0103968,-0.397761
370,14.0322,268.914,0.0621232,0.0416667,2.375,0.0993736,0.60071,0.476548,-0.00879569,-3.09589,2.60123e-05,0.00914173,0.187293,10883,0.710931,0.41817,-0.1,0.02,1,440.088,4.54656e+06,0.933759,0.326124,0,0.0434814,-0.026557,nan,-0.0190776,nan,nan,nan,nan,-0.00703996,-0.0193251,-0.0121872,nan,-0.0855139,0,-0.0229639,-0.192552,nan,-0.116507,-0.0364242,-0.209666,-0.0761552,0.225852,-0.000715974,0.00931034,-0.354796
371,14.2064,259.118,0.0617447,0.0416667,2.08333,0.100451,0.607884,0.466518,-0.00898191,-3.09712,2.60123e-05,0.011535,0.18728,11226.6,0.72793,0.366615,-0.1,0.02,1,441.184,4.55885e+06,0.922785,0.320761,0,0.0416711,-0.0255368,nan,-0.0186875,nan,nan,nan,nan,-0.00645977,-0.018638,-0.0117764,nan,-0.0824018,0,-0.0209411,-0.18162,nan,-0.115635,-0.0288686,-0.201963,-0.0722353,0.217225,-0.000694191,0.0103922,-0.289959
372,12.4878,219.941,0.0589991,0,2.125,0.103299,0.641307,0.455716,-0.00862147,-3.09821,2.60123e-05,0.0139914,0.187259,10693.3,0.749888,0.399244,-0.1,0.02,1,442.334,4.57114e+06,0.786952,0.286893,0,0.0357506,-0.0217315,nan,-0.0157898,nan,nan,nan,nan,-0.00571325,-0.0163723,-0.0101504,nan,-0.0704362,0,-0.0128999,-0.157095,nan,-0.0935522,-0.0274707,-0.172722,-0.0681961,0.183168,-0.000580313,0.00970588,-0.273953
373,15.4649,266.842,0.0607348,0.0416667,2.33333,0.101559,0.629828,0.603117,-0.0104189,-3.09988,2.60123e-05,0.0141687,0.187232,11781,0.74479,0.298248,-0.1,0.02,1,443.379,4.58342e+06,0.951559,0.342665,0,0.0440608,-0.026333,nan,-0.0197267,nan,nan,nan,nan,-0.0068443,-0.019712,-0.0123738,nan,-0.0848105,0,-0.0187127,-0.190602,nan,-0.108821,-0.0286451,-0.208412,-0.0739474,0.22276,-0.000686697,0.0147368,-0.165912
374,13.3771,230.725,0.0581429,0,2.125,0.103859,0.6341,0.427897,-0.00851474,-3.10153,2.60123e-05,0.00847219,0.187216,11996.3,0.65725,0.367062,-0.1,0.02,1,444.404,4.59571e+06,0.85657,0.271513,0,0.0379059,-0.0228962,nan,-0.0169718,nan,nan,nan,nan,-0.0061954,-0.0169001,-0.0107478,nan,-0.0734282,0,-0.0171366,-0.164791,nan,-0.0937423,-0.0292107,-0.180884,-0.0676275,0.194977,-0.00062217,0.00941176,-0.0187397
375,10.773,203.889,0.0589081,0.0416667,2.58333,0.102581,0.662234,0.556658,-0.00945297,-3.10281,2.60123e-05,0.0162941,0.18719,11135.9,0.709002,0.394453,-0.1,0.02,1,445.509,4.608e+06,0.721935,0.249538,0,0.0319902,-0.0202766,nan,-0.0145378,nan,nan,nan,nan,-0.00506951,-0.014973,-0.00926975,nan,-0.0651595,0,-0.0143556,-0.147157,nan,-0.0950805,-0.0237298,-0.159879,-0.0602222,0.171826,-0.000538177,0.00936508,-0.248168
376,12.0466,216.763,0.0593888,0.0416667,2.41667,0.101758,0.649779,0.568036,-0.008461,-3.10497,2.60123e-05,0.0168692,0.187158,9939.03,0.769342,0.466996,-0.1,0.02,1,446.747,4.62029e+06,0.762219,0.288028,0,0.0346201,-0.0212712,nan,-0.0154129,nan,nan,nan,nan,-0.00554116,-0.0151913,-0.00955776,nan,-0.0687935,0,-0.0164081,-0.152763,nan,-0.0971469,-0.0265502,-0.169245,-0.0617797,0.182247,-0.000545853,0.00991525,-0.427581
377,9.95584,188.119,0.0603266,0.0416667,2.41667,0.100703,0.621089,0.561077,-0.00858374,-3.10676,2.60123e-05,0.0166342,0.187136,7928.43,0.994616,0.55525,-0.1,0.02,1,448.299,4.63258e+06,0.677837,0.223485,0,0.0296401,-0.0186533,nan,-0.0128088,nan,nan,nan,nan,-0.00513812,-0.0139243,-0.00834904,nan,-0.060033,-3.38983e-05,-0.0194974,-0.134438,nan,-0.084166,-0.0283096,-0.147746,-0.0528644,0.158075,-0.000554786,0.00389831,-0.508951
378,12.8887,221.968,0.0613328,0.0416667,2.58333,0.0998678,0.632182,0.558335,-0.00860437,-3.10832,2.60123e-05,0.013449,0.187112,7999.7,0.988279,0.547779,-0.1,0.02,1,449.837,4.64486e+06,0.806028,0.285206,0,0.0362439,-0.0220239,nan,-0.0163146,nan,nan,nan,nan,-0.00570906,-0.0158164,-0.0103124,nan,-0.0706061,0,-0.0157449,-0.157745,nan,-0.0928398,-0.0261835,-0.173742,-0.0662698,0.187514,-0.000567872,0.00698413,-0.230995
379,13.4883,240.091,0.0598039,0,2.29167,0.103873,0.635334,0.489913,-0.00860029,-3.11001,2.60123e-05,0.0142994,0.187087,8260.55,0.966062,0.521491,-0.1,0.02,1,451.326,4.65715e+06,0.871794,0.292284,0,0.0384112,-0.0237788,nan,-0.0175287,nan,nan,nan,nan,-0.00633212,-0.0181521,-0.0112589,nan,-0.0764387,0,-0.0218096,-0.170069,nan,-0.103132,-0.031112,-0.188648,-0.0652,0.201683,-0.00066239,0.0103636,-0.329993
380,11.1428,197.196,0.0598106,0,2.125,0.101303,0.622852,0.498755,-0.00909671,-3.1114,2.60123e-05,0.0151295,0.187075,8734.4,0.908491,0.49836,-0.1,0.02,1,452.735,4.66944e+06,0.711953,0.246607,0,0.0313896,-0.0193524,nan,-0.0143455,nan,nan,nan,nan,-0.00518409,-0.0140606,-0.00904648,nan,-0.0626335,0,-0.0159091,-0.136439,nan,-0.0869238,-0.0240725,-0.154825,-0.0524118,0.165134,-0.000523946,0.0054902,-0.196497
381,16.2008,297.483,0.0596165,0.0833333,2.33333,0.104,0.600999,0.498588,-0.0092057,-3.11258,2.60123e-05,0.0107632,0.187046,8351.9,0.892578,0.578704,-0.1,0.02,1,454.208,4.68173e+06,1.06419,0.344493,0,0.0482101,-0.0294364,nan,-0.0218328,nan,nan,nan,nan,-0.00767588,-0.0214562,-0.0139658,nan,-0.095072,0,-0.0217962,-0.208555,nan,-0.125932,-0.0372315,-0.233598,-0.0883793,0.249935,-0.000780093,0.0152586,-0.183755
382,11.5656,201.963,0.0592296,0.0416667,2.20833,0.102697,0.616007,0.5025,-0.00965071,-3.11492,2.60123e-05,0.0111286,0.187014,8418.29,0.934632,0.525047,-0.1,0.02,1,455.67,4.69402e+06,0.729189,0.254353,0,0.0331677,-0.0199378,nan,-0.01452,nan,nan,nan,nan,-0.00552581,-0.0142814,-0.00935256,nan,-0.0645699,0,-0.0196423,-0.141557,nan,-0.0821694,-0.0276705,-0.158877,-0.0563704,0.171117,-0.000535303,0.00546296,nan
383,9.42934,168.373,0.0589818,0,2.45833,0.104828,0.609519,0.51991,-0.00916454,-3.11674,2.60123e-05,0.0115215,0.186989,10058.6,0.815324,0.406316,-0.1,0.02,1,456.893,4.7063e+06,0.607935,0.199412,0,0.0278104,-0.0165498,nan,-0.0128756,nan,nan,nan,nan,-0.00448812,-0.0124972,-0.00802307,nan,-0.0535907,0,-0.0114773,-0.118203,nan,-0.068658,-0.0215789,-0.131512,-0.0509153,0.143331,-0.000410364,0.00415254,-0.0232286
384,13.4226,242.236,0.0592954,0.0833333,2.20833,0.105232,0.624613,0.514336,-0.00778607,-3.11811,2.60123e-05,0.0105123,0.18698,10212.9,0.802956,0.400227,-0.1,0.02,1,458.098,4.71859e+06,0.870057,0.302949,0,0.0394198,-0.0239333,nan,-0.0175593,nan,nan,nan,nan,-0.00609451,-0.0178729,-0.0109261,nan,-0.077315,0,-0.0160648,-0.174147,nan,-0.10835,-0.0291176,-0.190099,-0.0695455,0.203797,-0.000621115,0.0124545,-0.437266
385,12.5102,213.597,0.0605404,0,2.58333,0.100311,0.609475,0.559487,-0.00780617,-3.11882,2.60123e-05,0.015682,0.186965,9789.26,0.84511,0.410143,-0.1,0.02,1,459.355,4.73088e+06,0.784808,0.268679,0,0.03523,-0.0212534,nan,-0.0154629,nan,nan,nan,nan,-0.00563388,-0.0154462,-0.00964855,nan,-0.0682679,0,-0.0183813,-0.152786,nan,-0.0887997,-0.0266123,-0.168716,-0.0580161,0.179724,-0.000547152,0.0106452,-0.124185
386,11.9177,214.122,0.0597748,0,2.04167,0.101018,0.61011,0.421023,-0.00890791,-3.12015,2.60123e-05,0.00987242,0.186943,10644.7,0.741059,0.413316,-0.1,0.02,1,460.511,4.74317e+06,0.771748,0.272123,0,0.0338035,-0.0212548,nan,-0.0153543,nan,nan,nan,nan,-0.00540935,-0.0150272,-0.00952946,nan,-0.0680822,0,-0.0186617,-0.150622,nan,-0.0995347,-0.0275465,-0.168396,-0.055898,0.18117,-0.000589942,0.0111224,-0.445294
387,10.5996,190.941,0.0616866,0,2.125,0.09973,0.610395,0.531829,-0.00847183,-3.12183,2.60123e-05,0.0148426,0.186917,9813.42,0.826695,0.425468,-0.1,0.02,1,461.765,4.75546e+06,0.684657,0.22129,0,0.0310529,-0.0190166,nan,-0.0140671,nan,nan,nan,nan,-0.00492348,-0.013557,-0.00905637,nan,-0.0608301,0,-0.0142125,-0.132397,nan,-0.0802816,-0.0225008,-0.150078,-0.0563333,0.162046,-0.000488334,0.0107843,-0.0537339
388,13.4094,242.615,0.0604822,0.0416667,2.125,0.101365,0.603784,0.49614,-0.00912094,-3.12333,2.60123e-05,0.0137937,0.186903,10978.6,0.704937,0.414327,-0.1,0.02,1,462.886,4.76774e+06,0.863503,0.3154,0,0.0378883,-0.0241139,nan,-0.0169765,nan,nan,nan,nan,-0.0063659,-0.0177888,-0.0110587,nan,-0.0774971,0,-0.0243085,-0.174733,nan,-0.109696,-0.0305494,-0.19269,-0.0635962,0.205081,-0.000699985,0.01125,-0.327085
389,11.2717,190.46,0.0616721,0,2.08333,0.100188,0.608614,0.508037,-0.00816814,-3.12432,2.60123e-05,0.0133292,0.186889,10556.6,0.775163,0.388843,-0.1,0.02,1,464.052,4.78003e+06,0.700289,0.234608,0,0.0319094,-0.0190659,nan,-0.0141236,nan,nan,nan,nan,-0.00501792,-0.0134646,-0.00902701,nan,-0.0607944,0,-0.0167846,-0.134454,nan,-0.0756669,-0.0227526,-0.150384,-0.0518,0.161774,-0.000459498,0.0088,nan
390,14.0148,250.059,0.0618436,0,2.125,0.0992185,0.618429,0.560269,-0.00837992,-3.12562,2.60123e-05,0.0115986,0.186863,10298.1,0.730903,0.462327,-0.1,0.02,1,465.247,4.79232e+06,0.914466,0.304505,0,0.0400948,-0.0249976,nan,-0.0177235,nan,nan,nan,nan,-0.00629084,-0.0173922,-0.0112141,nan,-0.0799646,0,-0.0206214,-0.175522,nan,-0.111253,-0.0306563,-0.197182,-0.0728627,0.212693,-0.000670908,0.00872549,-0.341513
391,12.7608,230.6,0.0578793,0.0416667,2.04167,0.104972,0.635132,0.479975,-0.00864349,-3.12767,2.60123e-05,0.013613,0.186835,11249.9,0.74696,0.345314,-0.1,0.02,1,466.34,4.80461e+06,0.82427,0.284415,0,0.0365672,-0.0230379,nan,-0.0170888,nan,nan,nan,nan,-0.00601432,-0.0163364,-0.0105542,nan,-0.0734605,0,-0.0222112,-0.161075,nan,-0.100545,-0.0286395,-0.181424,-0.0606,0.194448,-0.000572318,0.0089,-0.224974
392,13.0031,239.34,0.0594598,0,2.08333,0.105803,0.60069,0.518623,-0.00979127,-3.1292,2.60123e-05,0.0151561,0.186821,11225.9,0.704394,0.390213,-0.1,0.02,1,467.436,4.8169e+06,0.848155,0.293754,0,0.039108,-0.0238126,nan,-0.0177192,nan,nan,nan,nan,-0.00618778,-0.0176891,-0.011022,nan,-0.0766609,0,-0.0195969,-0.170313,nan,-0.102301,-0.0302958,-0.190345,-0.06902,0.203013,-0.000627502,0.0089,-0.359297
393,14.1524,243.702,0.0612043,0,2.375,0.10256,0.602607,0.511311,-0.00881695,-3.13004,2.60123e-05,0.0150958,0.186811,9611.85,0.775974,0.502448,-0.1,0.02,1,468.716,4.82918e+06,0.894576,0.307142,0,0.039612,-0.0244407,nan,-0.0180109,nan,nan,nan,nan,-0.00636489,-0.0177127,-0.0113121,nan,-0.0779746,0,-0.0188184,-0.171571,nan,-0.103114,-0.0317162,-0.192765,-0.0696316,0.206605,-0.000631303,0.0109649,-0.205682
394,12.23,233.062,0.0607423,0.0416667,1.95833,0.101521,0.631816,0.490254,-0.0078479,-3.13099,2.60123e-05,0.0129509,0.186795,9683.49,0.86976,0.399204,-0.1,0.02,1,469.987,4.84147e+06,0.828038,0.291909,0,0.036295,-0.0234335,nan,-0.0164979,nan,nan,nan,nan,-0.0059043,-0.0168501,-0.0104509,nan,-0.0748124,0,-0.0217608,-0.167726,nan,-0.110357,-0.0306204,-0.185725,-0.0669375,0.198761,-0.000622064,0.00916667,-0.335581
395,10.1394,184.684,0.060878,0,1.58333,0.10292,0.604928,0.407538,-0.00778073,-3.13256,2.60123e-05,0.00718061,0.186763,10507.2,0.74302,0.426468,-0.1,0.02,1,471.158,4.85376e+06,0.665728,0.240537,0,0.0280054,-0.0185325,nan,-0.0125605,nan,nan,nan,nan,-0.00475603,-0.0128166,-0.00821961,nan,-0.0589558,0,-0.0183742,-0.130569,nan,-0.0883485,-0.0239097,-0.14685,-0.0494737,0.156573,-0.000496646,0.00447368,-0.550336
396,14.5239,253.444,0.0620783,0,1.875,0.100127,0.605814,0.491246,-0.00852761,-3.13496,2.60123e-05,0.0129811,0.186726,10410.9,0.750962,0.429337,-0.1,0.02,1,472.34,4.86605e+06,0.930362,0.315513,0,0.0416689,-0.0254365,nan,-0.0181742,nan,nan,nan,nan,-0.00645684,-0.0176241,-0.0113599,nan,-0.081248,0,-0.017778,-0.181251,nan,-0.109515,-0.0318289,-0.201511,-0.0720889,0.217016,-0.000671894,0.00911111,-0.564037
397,12.8902,228.87,0.0626897,0,2.25,0.0976794,0.613111,0.526816,-0.00931102,-3.13706,2.60123e-05,0.0150878,0.186702,11473.9,0.759742,0.311207,-0.1,0.02,1,473.413,4.87834e+06,0.822783,0.298131,0,0.0364097,-0.0229755,nan,-0.016117,nan,nan,nan,nan,-0.00584352,-0.0160835,-0.010294,nan,-0.0731646,0,-0.0181158,-0.164736,nan,-0.103341,-0.0289749,-0.181661,-0.0623333,0.19561,-0.000624628,0.00990741,-0.379778
398,15.5134,273.42,0.0617161,0,2.08333,0.100526,0.613543,0.459816,-0.009235,-3.13856,2.60123e-05,0.0112583,0.18668,9881.16,0.704468,0.539111,-0.1,0.02,1,474.658,4.89062e+06,1.00362,0.351143,0,0.0438285,-0.0272079,nan,-0.0194512,nan,nan,nan,nan,-0.00675519,-0.0188152,-0.012127,nan,-0.0871897,0,-0.0237927,-0.191631,nan,-0.125351,-0.0339246,-0.216526,-0.08016,0.233178,-0.000725906,0.0115,-0.299293
399,12.6514,231.25,0.061906,0,2.16667,0.102005,0.60333,0.496084,-0.00948881,-3.14049,2.60123e-05,0.0113677,0.186642,10291.8,0.809788,0.384171,-0.1,0.02,1,475.853,4.90291e+06,0.822861,0.289092,0,0.037318,-0.0228645,nan,-0.0166542,nan,nan,nan,nan,-0.00575807,-0.0163049,-0.0104598,nan,-0.0735429,0,-0.017776,-0.164283,nan,-0.103138,-0.0290505,-0.182569,-0.0641923,0.197242,-0.000597662,0.00817308,-0.258711
400,14.2091,252.109,0.0610296,0.0833333,1.83333,0.101472,0.61142,0.533468,-0.00951289,-3.14272,2.60123e-05,0.0127243,0.186623,10102,0.81413,0.402259,-0.1,0.02,1,477.071,4.9152e+06,0.883662,0.328018,0,0.0415339,-0.0252786,nan,-0.0186365,nan,nan,nan,nan,-0.00635362,-0.0181395,-0.0116171,nan,-0.0806111,0,-0.0177605,-0.179156,nan,-0.104636,-0.0284482,-0.200242,-0.0703261,0.21469,-0.000629458,0.00902174,-0.106619
401,14.1923,236.667,0.0616223,0.0416667,1.83333,0.100957,0.602671,0.497875,-0.00892697,-3.14373,2.60123e-05,0.0105505,0.186609,11105.8,0.731335,0.375112,-0.1,0.02,1,480.1,4.92749e+06,0.877789,0.303915,0,0.0390144,-0.0238406,nan,-0.0174178,nan,nan,nan,nan,-0.00641166,-0.0175613,-0.0112444,nan,-0.0757503,0,-0.0185656,-0.168352,nan,-0.0955447,-0.0313315,-0.187803,-0.0657556,0.200208,-0.000620598,0.00888889,nan
402,13.4252,237.312,0.0593298,0,2,0.10418,0.61885,0.518449,-0.00899332,-3.14487,2.60123e-05,0.0131736,0.186591,11384.4,0.688932,0.390441,-0.1,0.02,1,481.18,4.93978e+06,0.859377,0.292059,0,0.0384645,-0.0237277,nan,-0.0173342,nan,nan,nan,nan,-0.00611695,-0.0169087,-0.0111349,nan,-0.0756302,0,-0.0217578,-0.167672,nan,-0.098856,-0.0280086,-0.1887,-0.0663958,0.202825,-0.000637238,0.00427083,-0.0685687
403,13.9904,242.547,0.0624858,0,2.20833,0.0986537,0.610014,0.530391,-0.00965297,-3.14602,2.60123e-05,0.0144444,0.186578,10833.6,0.769619,0.364634,-0.1,0.02,1,482.317,4.95206e+06,0.893095,0.302278,0,0.0399531,-0.0240324,nan,-0.0175679,nan,nan,nan,nan,-0.00627563,-0.017886,-0.0111051,nan,-0.0774557,0,-0.019594,-0.172187,nan,-0.103425,-0.0326768,-0.191913,-0.0712642,0.207083,-0.000656777,0.0117925,-0.152632
404,14.4824,238.093,0.0600808,0.0416667,2.20833,0.102532,0.620506,0.654123,-0.00814601,-3.14713,2.60123e-05,0.0133855,0.186555,9997.81,0.80936,0.419709,-0.1,0.02,1,483.547,4.96435e+06,0.873775,0.316193,0,0.0396971,-0.0238424,nan,-0.0177796,nan,nan,nan,nan,-0.00617059,-0.0173007,-0.0111222,nan,-0.075928,0,-0.0174734,-0.165349,nan,-0.0950873,-0.0299476,-0.189294,-0.0698519,0.202263,-0.000607028,0.0119444,nan
405,17.4705,313.364,0.0613386,0.0833333,2.20833,0.101368,0.61124,0.484351,-0.00892676,-3.14898,2.60123e-05,0.0143028,0.186529,10568.3,0.776607,0.386115,-0.1,0.02,1,484.711,4.97664e+06,1.13164,0.410016,0,0.0485935,-0.0313374,nan,-0.021216,nan,nan,nan,nan,-0.00800543,-0.0220599,-0.0137452,nan,-0.100067,0,-0.0285622,-0.218118,nan,-0.147279,-0.0436744,-0.248672,-0.0858545,0.26439,-0.000891367,0.0152727,-0.369955
406,11.8069,211.851,0.0621045,0,1.95833,0.0991526,0.610898,0.513098,-0.00831033,-3.1507,2.60123e-05,0.0129895,0.186507,10144.7,0.749003,0.462265,-0.1,0.02,1,485.925,4.98893e+06,0.760915,0.259952,0,0.033816,-0.0212128,nan,-0.0154443,nan,nan,nan,nan,-0.00576366,-0.0154304,-0.00991789,nan,-0.0672718,0,-0.0232521,-0.14958,nan,-0.0880775,-0.0282805,-0.168468,-0.0567021,0.180407,-0.000556645,0.00521277,nan
407,14.2484,257.6,0.0603539,0,2.29167,0.103608,0.589878,0.597401,-0.00908405,-3.15217,2.60123e-05,0.00694974,0.186488,11224.5,0.752708,0.342037,-0.1,0.02,1,487.021,5.00122e+06,0.936803,0.309456,0,0.0410764,-0.0256613,nan,-0.0186385,nan,nan,nan,nan,-0.00649624,-0.0189272,-0.0119129,nan,-0.0823668,0,-0.0201655,-0.182693,nan,-0.114448,-0.0325635,-0.20428,-0.0743273,0.219274,-0.000701393,0.0128182,-0.380163
408,13.8378,238.75,0.0600036,0,2.66667,0.102846,0.603729,0.65843,-0.0077226,-3.15328,2.60123e-05,0.0135375,0.186476,11127.8,0.742335,0.361928,-0.1,0.02,1,488.127,5.0135e+06,0.847158,0.307251,0,0.0406599,-0.0236511,nan,-0.0184588,nan,nan,nan,nan,-0.00605097,-0.0173862,-0.0111952,nan,-0.0760556,0,-0.0174079,-0.166676,nan,-0.0943158,-0.0270789,-0.188985,-0.0701406,0.203436,-0.000588833,0.0120313,-0.0419353
409,12.6728,222.108,0.0627626,0.0416667,1.5,0.0998242,0.603565,0.358394,-0.00841191,-3.15437,2.60123e-05,0.00965473,0.186454,10679.1,0.755461,0.395197,-0.1,0.02,1,489.279,5.02579e+06,0.797699,0.288488,0,0.0360044,-0.0220724,nan,-0.0160265,nan,nan,nan,nan,-0.00584535,-0.0160218,-0.010283,nan,-0.0703245,0,-0.0201673,-0.155694,nan,-0.0956247,-0.0308543,-0.174858,-0.0583514,0.189132,-0.000591501,0.00662162,-0.280825
410,13.6848,238.125,0.0617319,0,1.66667,0.100327,0.610556,0.429264,-0.00796505,-3.15594,2.60123e-05,0.0128232,0.186437,11141.6,0.738728,0.364167,-0.1,0.02,1,490.384,5.03808e+06,0.89313,0.297913,0,0.0367346,-0.0236694,nan,-0.0171425,nan,nan,nan,nan,-0.00617348,-0.0172126,-0.0107318,nan,-0.0757809,0,-0.0228496,-0.167323,nan,-0.111568,-0.0316801,-0.189484,-0.0604,0.199937,-0.000606555,0.00825,-0.228056
411,15.1214,270.152,0.0582778,0,1.91667,0.104293,0.630837,0.455616,-0.0085062,-3.1571,2.60123e-05,0.00848468,0.186416,12828.7,0.678969,0.278883,-0.1,0.02,1,491.343,5.05037e+06,0.957305,0.343563,0,0.0437923,-0.026859,nan,-0.0203996,nan,nan,nan,nan,-0.00717822,-0.0199171,-0.0128702,nan,-0.0860754,0,-0.0243809,-0.188832,nan,-0.111361,-0.0351074,-0.214546,-0.0732391,0.229227,-0.000717267,0.00521739,-0.0712718
412,13.6199,248.483,0.0608006,0.0833333,2.41667,0.102529,0.608505,0.655433,-0.00793551,-3.15864,2.60123e-05,0.0104218,0.1864,11416.3,0.701516,0.374842,-0.1,0.02,1,492.421,5.06266e+06,0.904068,0.293041,0,0.0394586,-0.0246365,nan,-0.0180243,nan,nan,nan,nan,-0.00653988,-0.0185793,-0.0115682,nan,-0.0791229,0,-0.0223235,-0.181038,nan,-0.107116,-0.0318808,-0.197652,-0.0664833,0.21062,-0.000680148,0.00633333,-0.412912
413,14.2947,237.908,0.0611643,0,2.70833,0.100998,0.595909,0.685735,-0.0084009,-3.15946,2.60123e-05,0.0124691,0.186393,10813.6,0.739804,0.396542,-0.1,0.02,1,493.559,5.07494e+06,0.868501,0.310727,0,0.0394524,-0.0235753,nan,-0.0176495,nan,nan,nan,nan,-0.00605143,-0.0175656,-0.0111505,nan,-0.0758594,0,-0.0175769,-0.163654,nan,-0.0965024,-0.0276119,-0.187506,-0.0692154,0.202704,-0.000615191,0.00969231,-0.117627
414,12.7779,237.357,0.0618918,0.0416667,1.70833,0.10205,0.58434,0.512643,-0.00793448,-3.16042,2.60123e-05,0.0107424,0.18637,11061.8,0.759113,0.351742,-0.1,0.02,1,494.671,5.08723e+06,0.866674,0.313275,0,0.0359569,-0.023906,nan,-0.0164686,nan,nan,nan,nan,-0.005386,-0.0157368,-0.0101653,nan,-0.07582,0,-0.0186057,-0.169492,nan,-0.125647,-0.0279911,-0.188897,-0.071,0.204187,-0.000617482,0.00916667,-0.341293
415,16.3672,272.92,0.0602738,0.125,1.95833,0.103122,0.60432,0.428395,-0.0084487,-3.1621,2.60123e-05,0.00919066,0.186346,11779.4,0.680084,0.363095,-0.1,0.02,1,495.716,5.09952e+06,0.993599,0.357065,0,0.0450357,-0.0272481,nan,-0.0207404,nan,nan,nan,nan,-0.00698402,-0.0195573,-0.0128845,nan,-0.0868034,-2e-05,-0.0225095,-0.19023,nan,-0.109414,-0.0301245,-0.215337,-0.07432,0.231496,-0.000665142,0.008,nan
416,12.3385,206.878,0.057716,0,1.70833,0.106464,0.63179,0.439464,-0.00978402,-3.16358,2.60123e-05,0.0109303,0.186331,11182.9,0.740027,0.358798,-0.1,0.02,1,496.816,5.11181e+06,0.755321,0.258722,0,0.03491,-0.0207167,nan,-0.0159385,nan,nan,nan,nan,-0.00524695,-0.0149896,-0.00968991,nan,-0.0656283,0,-0.0122878,-0.144609,nan,-0.0822024,-0.0231296,-0.163233,-0.060561,0.175975,-0.000503347,0.0107317,nan
417,14.1737,256.146,0.0582022,0,2,0.104794,0.62814,0.520529,-0.00913911,-3.16467,2.60123e-05,0.00993995,0.186314,11457.7,0.69845,0.374016,-0.1,0.02,1,497.89,5.1241e+06,0.902482,0.317599,0,0.0416235,-0.0254581,nan,-0.0191604,nan,nan,nan,nan,-0.00649001,-0.0185085,-0.0117002,nan,-0.0812283,0,-0.0183505,-0.176601,nan,-0.109369,-0.0298657,-0.20174,-0.0717292,0.217946,-0.000657561,0.00875,-0.212641
418,11.4151,206.491,0.0601933,0,2.375,0.104282,0.604011,0.563675,-0.0092378,-3.16626,2.60123e-05,0.00754695,0.186286,13473.1,0.652184,0.259853,-0.1,0.02,1,498.803,5.13638e+06,0.734063,0.268319,0,0.0325771,-0.02043,nan,-0.015014,nan,nan,nan,nan,-0.00523256,-0.0147159,-0.00935529,nan,-0.0657042,0,-0.017785,-0.14445,nan,-0.0928679,-0.024703,-0.164232,-0.0572456,0.175034,-0.000509336,0.00447368,-0.326829
419,11.9774,211.065,0.0592266,0,1.91667,0.104546,0.611168,0.477366,-0.00896638,-3.16768,2.60123e-05,0.0140284,0.186277,15233.2,0.566365,0.240293,-0.1,0.02,1,499.611,5.14867e+06,0.754976,0.285288,0,0.0340764,-0.0208497,nan,-0.0155504,nan,nan,nan,nan,-0.00532544,-0.0153126,-0.00950401,nan,-0.0671432,0,-0.0177143,-0.14676,nan,-0.0961789,-0.026904,-0.165939,-0.061413,0.179864,-0.00054872,0.00978261,-0.367421
420,14.0044,249.511,0.0584412,0.0416667,1.91667,0.105163,0.610144,0.46691,-0.00817072,-3.16839,2.60123e-05,0.0185732,0.186259,14788.3,0.586659,0.244268,-0.1,0.02,1,500.443,5.16096e+06,0.878419,0.322795,0,0.040693,-0.024868,nan,-0.0192404,nan,nan,nan,nan,-0.00650237,-0.0182956,-0.0117016,nan,-0.0795388,0,-0.0253816,-0.174812,nan,-0.101178,-0.0303617,-0.19779,-0.0704894,0.212507,-0.000629827,0.00659574,nan
421,13.2274,235.106,0.0608239,0,1.95833,0.101094,0.622733,0.505409,-0.00925775,-3.16992,2.60123e-05,0.00928585,0.186239,14432.1,0.58541,0.266023,-0.1,0.02,1,501.296,5.17325e+06,0.829475,0.296967,0,0.0383982,-0.0231803,nan,-0.0174579,nan,nan,nan,nan,-0.00604468,-0.016817,-0.0110511,nan,-0.0748856,0,-0.0185516,-0.163619,nan,-0.0968631,-0.0279734,-0.18605,-0.0669149,0.199267,-0.000589123,0.00989362,-0.123805
422,14.1136,259.842,0.0608066,0.0416667,2.33333,0.101996,0.631961,0.58352,-0.00884164,-3.17147,2.60123e-05,0.00782893,0.18621,14540.7,0.604198,0.240877,-0.1,0.02,1,502.142,5.18554e+06,0.904606,0.321828,0,0.0419344,-0.0258344,nan,-0.0190277,nan,nan,nan,nan,-0.00686756,-0.0192158,-0.0124268,nan,-0.0827795,0,-0.0255305,-0.184407,nan,-0.106414,-0.0322276,-0.206694,-0.0691053,0.22084,-0.000716884,0.0077193,nan
423,16.4799,272.302,0.0597558,0,1.79167,0.103542,0.631349,0.519039,-0.0095357,-3.17318,2.60123e-05,0.0142375,0.1862,14124.3,0.572175,0.297815,-0.1,0.02,1,503.014,5.19782e+06,1.02535,0.333279,0,0.0448719,-0.0272212,nan,-0.0212688,nan,nan,nan,nan,-0.0069649,-0.0199286,-0.0128793,nan,-0.0867173,0,-0.022146,-0.187769,nan,-0.109801,-0.0301227,-0.216128,-0.0791395,0.231576,-0.000651266,0.00965116,nan
424,12.6698,228.5,0.0613771,0,1.58333,0.102119,0.621489,0.444215,-0.0084168,-3.17367,2.60123e-05,0.0138713,0.18619,13908.3,0.620036,0.263468,-0.1,0.02,1,503.898,5.21011e+06,0.811231,0.289671,0,0.0356123,-0.0226563,nan,-0.0168968,nan,nan,nan,nan,-0.00619389,-0.0164618,-0.0106606,nan,-0.0726092,0,-0.0248807,-0.160112,nan,-0.0980389,-0.0284024,-0.182731,-0.0551053,0.191771,-0.000592218,0.00289474,-0.0892493
425,11.9873,208.98,0.0585231,0,2.08333,0.103888,0.622406,0.545288,-0.00855521,-3.17507,2.60123e-05,0.0130874,0.186159,14558.9,0.600507,0.243515,-0.1,0.02,1,504.744,5.2224e+06,0.742109,0.277334,0,0.0336093,-0.0206921,nan,-0.0152548,nan,nan,nan,nan,-0.00545802,-0.0145803,-0.00950093,nan,-0.0664487,0,-0.0167209,-0.143923,nan,-0.0903268,-0.0274836,-0.166076,-0.05378,0.177025,-0.000512734,0.0083,-0.206351
426,12.635,227.167,0.0593082,0.0416667,1.95833,0.104145,0.617512,0.434641,-0.00860616,-3.17741,2.60123e-05,0.00594952,0.186122,14707.6,0.590119,0.245366,-0.1,0.02,1,505.581,5.23469e+06,0.820597,0.283139,0,0.0364038,-0.0224194,nan,-0.0170946,nan,nan,nan,nan,-0.0060675,-0.0158308,-0.0105392,nan,-0.0720597,0,-0.0197808,-0.163001,nan,-0.097899,-0.030617,-0.179721,-0.0597083,0.191466,-0.000540555,0.00270833,-0.349739
427,16.5946,296.982,0.0612241,0.125,2.16667,0.10147,0.625342,0.533382,-0.00912898,-3.17994,2.60123e-05,0.0111635,0.186087,14707.7,0.582852,0.252626,-0.1,0.02,1,506.417,5.24698e+06,1.04643,0.374039,0,0.0478972,-0.0293802,nan,-0.0227924,nan,nan,nan,nan,-0.00742863,-0.0215392,-0.014129,nan,-0.0941867,0,-0.0242708,-0.20484,nan,-0.125418,-0.0315631,-0.235125,-0.0805818,0.252351,-0.000750624,0.00818182,-0.394041
428,13.7931,238.615,0.058269,0.0833333,1.54167,0.105004,0.649987,0.384025,-0.00769373,-3.18192,2.60123e-05,0.0129138,0.186064,14912.1,0.579151,0.244879,-0.1,0.02,1,507.243,5.25926e+06,0.875694,0.302441,0,0.0380861,-0.0236732,nan,-0.018199,nan,nan,nan,nan,-0.00608783,-0.0169588,-0.01101,nan,-0.0758025,0,-0.0163505,-0.168209,nan,-0.10525,-0.0294722,-0.188465,-0.0658205,0.203122,-0.000580147,0.00858974,-0.483546
429,13.065,235.526,0.0578582,0,1.58333,0.106518,0.635104,0.40713,-0.00821562,-3.18319,2.60123e-05,0.0078207,0.186052,14711.1,0.579677,0.255612,-0.1,0.02,1,508.079,5.27155e+06,0.828462,0.30204,0,0.0386291,-0.0233066,nan,-0.0177221,nan,nan,nan,nan,-0.00599942,-0.0169906,-0.0111403,nan,-0.0751275,0,-0.0173227,-0.167592,nan,-0.0999068,-0.026339,-0.188249,-0.0671579,0.199221,-0.000587389,0.00894737,-0.251148
430,13.0992,234.545,0.057316,0,1.83333,0.10594,0.65313,0.486038,-0.00921525,-3.18374,2.60123e-05,0.00946347,0.186053,15015.2,0.572953,0.245418,-0.1,0.02,1,508.899,5.28384e+06,0.835665,0.296854,0,0.0373318,-0.0230943,nan,-0.0173936,nan,nan,nan,nan,-0.00619204,-0.0166103,-0.0109049,nan,-0.0744042,0,-0.0235013,-0.165968,nan,-0.100608,-0.0306759,-0.185979,-0.0593182,0.197821,-0.000597143,0.01,-0.328419
431,14.8467,277.818,0.0595097,0.0416667,2.25,0.104472,0.63174,0.585823,-0.00824339,-3.18392,2.60123e-05,0.0136007,0.186045,14990.4,0.57508,0.244645,-0.1,0.02,1,509.72,5.29613e+06,0.965926,0.330745,0,0.0442673,-0.0275216,nan,-0.0203229,nan,nan,nan,nan,-0.00719291,-0.0196712,-0.0130927,nan,-0.0882885,0,-0.0240991,-0.195072,nan,-0.118085,-0.0320516,-0.220846,-0.0662182,0.233166,-0.000698534,0.00690909,-0.303427
432,14.7923,260.397,0.0585657,0.0416667,2.375,0.104056,0.650595,0.593553,-0.00839219,-3.18514,2.60123e-05,0.0155439,0.186022,14846.7,0.583793,0.243868,-0.1,0.02,1,510.549,5.30842e+06,0.950357,0.342772,0,0.0410398,-0.0257862,nan,-0.0191331,nan,nan,nan,nan,-0.00628671,-0.0181222,-0.0116277,nan,-0.0829437,0,-0.0179497,-0.183065,nan,-0.12327,-0.031029,-0.205138,-0.0748621,0.221152,-0.000639076,0.0100862,-0.376099
433,15.4838,266.051,0.0597781,0.0416667,1.58333,0.104313,0.636997,0.415206,-0.00801044,-3.18703,2.60123e-05,0.0136584,0.18599,14938.1,0.573655,0.248938,-0.1,0.02,1,511.373,5.3207e+06,0.984313,0.319199,0,0.0430861,-0.0262208,nan,-0.01992,nan,nan,nan,nan,-0.00694501,-0.0188021,-0.0124273,nan,-0.084187,0,-0.0192248,-0.188838,nan,-0.112816,-0.0326611,-0.210628,-0.0718462,0.224745,-0.000646197,0.0142308,-0.242751
434,10.735,193.447,0.0590883,0.0416667,1.91667,0.105063,0.642325,0.575419,-0.00883294,-3.18902,2.60123e-05,0.0137928,0.18597,14851.2,0.57692,0.250489,-0.1,0.02,1,512.201,5.33299e+06,0.686044,0.257217,0,0.030945,-0.0189855,nan,-0.0142655,nan,nan,nan,nan,-0.00499202,-0.0136473,-0.00876735,nan,-0.0612362,0,-0.0153194,-0.136766,nan,-0.0883802,-0.0242563,-0.15296,-0.0526383,0.163862,-0.000508178,0.00553191,-0.331979
435,14.4276,259.569,0.0613633,0.0416667,2.08333,0.100379,0.618692,0.547114,-0.0099097,-3.18992,2.60123e-05,0.016501,0.185965,12927.7,0.594176,0.356342,-0.1,0.02,1,513.153,5.34528e+06,0.938997,0.322664,0,0.0408966,-0.0255692,nan,-0.0184827,nan,nan,nan,nan,-0.00620749,-0.0178378,-0.0115977,nan,-0.0823791,0,-0.0197083,-0.180318,nan,-0.120881,-0.0291439,-0.204991,-0.0683137,0.220948,-0.000644439,0.00539216,-0.546815
436,15.8042,277,0.0579219,0.125,1.91667,0.106867,0.632263,0.429927,-0.00904511,-3.19048,2.60123e-05,0.0113313,0.185953,10314.4,0.731114,0.460232,-0.1,0.02,1,514.346,5.35757e+06,1.00341,0.335673,0,0.0457898,-0.0274772,nan,-0.0208469,nan,nan,nan,nan,-0.00724415,-0.0201053,-0.0129617,nan,-0.0881287,0,-0.0180787,-0.196467,nan,-0.111944,-0.0354288,-0.219869,-0.0757755,0.233557,-0.000716113,0.00816327,-0.0657529
437,11.5654,222.17,0.0589022,0,1.95833,0.106447,0.616216,0.463925,-0.00839809,-3.19184,2.60123e-05,0.00883645,0.185927,11267.5,0.73922,0.351349,-0.1,0.02,1,515.438,5.36986e+06,0.758563,0.258243,0,0.036529,-0.0219665,nan,-0.0167677,nan,nan,nan,nan,-0.00577613,-0.0161605,-0.0103674,nan,-0.0707945,0,-0.0145179,-0.155795,nan,-0.0909842,-0.0282953,-0.175413,-0.0625532,0.187576,-0.000587287,0.01,-0.125151
438,14.2557,267.365,0.0596195,0.0416667,2.125,0.103221,0.632371,0.543691,-0.00834322,-3.19359,2.60123e-05,0.011861,0.185906,11292.9,0.742187,0.345929,-0.1,0.02,1,516.527,5.38214e+06,0.907979,0.340351,0,0.0431951,-0.0265412,nan,-0.0200727,nan,nan,nan,nan,-0.00699838,-0.0192476,-0.01284,nan,-0.0851508,0,-0.0230984,-0.187572,nan,-0.110059,-0.032037,-0.213079,-0.074,0.226428,-0.000722868,0.00692308,-0.0348369
439,16.0302,275.974,0.0598315,0.0833333,1.54167,0.102124,0.613919,0.455417,-0.00883455,-3.19451,2.60123e-05,0.00935102,0.185905,11301.1,0.724334,0.362998,-0.1,0.02,1,517.616,5.39443e+06,0.984707,0.348581,0,0.0466882,-0.0271941,nan,-0.0212749,nan,nan,nan,nan,-0.00707481,-0.0198691,-0.0130032,nan,-0.0880062,0,-0.0157165,-0.190949,nan,-0.109971,-0.0338719,-0.217694,-0.0807692,0.234722,-0.000678373,0.0167949,-0.152442
440,18.0429,334.979,0.0596766,0.166667,1.79167,0.10318,0.610116,0.416824,-0.00841165,-3.19468,2.60123e-05,0.0140583,0.185897,10323.7,0.721238,0.469028,-0.1,0.02,1,518.808,5.40672e+06,1.16876,0.415587,0,0.0537449,-0.0330322,nan,-0.0247583,nan,nan,nan,nan,-0.0088402,-0.0244197,-0.0156752,nan,-0.106902,0,-0.0284251,-0.23692,nan,-0.141278,-0.044154,-0.266217,-0.0889362,0.281746,-0.000928675,0.0104255,-0.358851
441,14.0368,241.543,0.0615788,0.0416667,1.41667,0.101228,0.609734,0.416865,-0.00820345,-3.19571,2.60123e-05,0.0116139,0.185879,10559.1,0.763231,0.40051,-0.1,0.02,1,519.973,5.41901e+06,0.862878,0.308917,0,0.0403255,-0.0237957,nan,-0.0179594,nan,nan,nan,nan,-0.00616066,-0.01735,-0.011414,nan,-0.0767173,0,-0.0167659,-0.166346,nan,-0.098116,-0.0275185,-0.190685,-0.0666,0.203976,-0.000633665,0.00957143,-0.131839
442,14.8739,286.132,0.0607558,0.0416667,1.54167,0.100203,0.623089,0.402668,-0.00814976,-3.19735,2.60123e-05,0.0149357,0.185848,12225.5,0.674989,0.330121,-0.1,0.02,1,520.98,5.4313e+06,0.975198,0.361283,0,0.0461878,-0.0283832,nan,-0.0210595,nan,nan,nan,nan,-0.00719787,-0.0206544,-0.0133486,nan,-0.0913774,0,-0.0213247,-0.201165,nan,-0.127231,-0.0356072,-0.227164,-0.0809211,0.241721,-0.000772758,0.0102632,-0.280224
443,13.6844,245.8,0.0597203,0.0416667,1.41667,0.102554,0.630159,0.450946,-0.00955562,-3.19935,2.60123e-05,0.0127237,0.185827,11687,0.704159,0.347265,-0.1,0.02,1,522.033,5.44358e+06,0.887869,0.305337,0,0.0398639,-0.024204,nan,-0.0179914,nan,nan,nan,nan,-0.00606826,-0.0173551,-0.0115292,nan,-0.0782894,0,-0.0210229,-0.173427,nan,-0.105635,-0.0284392,-0.194705,-0.0700857,0.20732,-0.000635698,0.00371429,-0.367324
444,12.6782,245.408,0.0579059,0.0416667,2,0.104394,0.643989,0.476795,-0.00876445,-3.20029,2.60123e-05,0.0104946,0.185823,11229.3,0.703945,0.390339,-0.1,0.02,1,523.128,5.45587e+06,0.837199,0.302341,0,0.0394771,-0.0238917,nan,-0.0183563,nan,nan,nan,nan,-0.00652085,-0.0180897,-0.0113326,nan,-0.0778417,0,-0.0183177,-0.170296,nan,-0.106363,-0.0334156,-0.193164,-0.0688571,0.207167,-0.000651057,0.00469388,-0.483626
445,19.0656,347.744,0.0604841,0.0416667,1.58333,0.102924,0.630903,0.476201,-0.00864687,-3.20077,2.60123e-05,0.0111277,0.185815,11343.6,0.739196,0.344056,-0.1,0.02,1,524.213,5.46816e+06,1.26136,0.411304,0,0.0555408,-0.0338786,nan,-0.0257108,nan,nan,nan,nan,-0.00840086,-0.0248791,-0.0156603,nan,-0.110153,0,-0.0225058,-0.240783,nan,-0.160581,-0.0397482,-0.272662,-0.101744,0.296676,-0.000887159,0.0171795,-0.405391
446,14.2532,247.667,0.0584597,0,1.5,0.104875,0.615156,0.37841,-0.0080319,-3.20168,2.60123e-05,0.00988695,0.185801,11479.8,0.702428,0.367978,-0.1,0.02,1,525.285,5.48045e+06,0.908625,0.300805,0,0.0411049,-0.0246106,nan,-0.0188794,nan,nan,nan,nan,-0.0063667,-0.0173833,-0.0115783,nan,-0.0791388,0,-0.0182183,-0.174237,nan,-0.0986818,-0.0318906,-0.196343,-0.0763333,0.209881,-0.00062167,0.00652778,nan
447,15.2658,253.267,0.0592156,0,1.25,0.103988,0.641468,0.430276,-0.00864244,-3.20271,2.60123e-05,0.00953631,0.185786,11196.8,0.712765,0.384696,-0.1,0.02,1,526.384,5.49274e+06,0.909572,0.333802,0,0.043058,-0.0246512,nan,-0.0193233,nan,nan,nan,nan,-0.00634587,-0.017684,-0.012069,nan,-0.0801912,0,-0.0138252,-0.173866,nan,-0.0987245,-0.0259804,-0.20081,-0.0703,0.213927,-0.000632062,0.00733333,nan
448,17.2512,309.182,0.0616437,0.0833333,1.75,0.102149,0.61088,0.456733,-0.00877048,-3.20395,2.60123e-05,0.0129572,0.185768,11415.2,0.7218,0.354661,-0.1,0.02,1,527.462,5.50502e+06,1.09281,0.373445,0,0.051086,-0.0306174,nan,-0.0232359,nan,nan,nan,nan,-0.0078875,-0.0225097,-0.0147411,nan,-0.0987725,0,-0.0208873,-0.211965,nan,-0.123888,-0.0351249,-0.245521,-0.0912727,0.262129,-0.000826621,0.0103409,nan
449,18.0496,315.282,0.0598469,0.0416667,1.58333,0.105543,0.609141,0.459939,-0.00960974,-3.20524,2.60123e-05,0.0113609,0.18575,13424.5,0.658314,0.257026,-0.1,0.02,1,528.379,5.51731e+06,1.12172,0.389413,0,0.0532257,-0.0310419,nan,-0.0244436,nan,nan,nan,nan,-0.00783794,-0.0228979,-0.0149863,nan,-0.100568,0,-0.0184357,-0.219818,nan,-0.124213,-0.0343494,-0.24931,-0.0966154,0.269187,-0.00077798,0.0142308,nan
450,19.2117,341.261,0.0614647,0.166667,1.75,0.101645,0.614867,0.509831,-0.00882246,-3.2067,2.60123e-05,0.00851076,0.185727,12270.1,0.617871,0.383587,-0.1,0.02,1,529.382,5.5296e+06,1.22287,0.426155,0,0.0558604,-0.0336949,nan,-0.0258543,nan,nan,nan,nan,-0.00845188,-0.02345,-0.016074,nan,-0.108245,0,-0.0218763,-0.240331,nan,-0.1452,-0.0382442,-0.26922,-0.0951739,0.289489,-0.000802984,0.00717391,-0.330044
451,14.6658,254.34,0.0609582,0,1.95833,0.102587,0.627912,0.497424,-0.00912397,-3.20811,2.60123e-05,0.0116541,0.185717,10422.4,0.737831,0.441163,-0.1,0.02,1,530.562,5.54189e+06,0.921798,0.31875,0,0.041918,-0.0249471,nan,-0.0193026,nan,nan,nan,nan,-0.00635537,-0.0173725,-0.0118639,nan,-0.0808245,0,-0.0191637,-0.175356,nan,-0.10715,-0.027943,-0.201958,-0.0722128,0.214971,-0.000640024,0.00968085,-0.410722
452,16.1044,278.419,0.0603357,0.0416667,1.75,0.102499,0.616549,0.480039,-0.00911032,-3.20877,2.60123e-05,0.0139388,0.185706,11722.6,0.704531,0.343703,-0.1,0.02,1,531.612,5.55418e+06,1.01005,0.342052,0,0.0467899,-0.0274915,nan,-0.0208507,nan,nan,nan,nan,-0.00725476,-0.0212127,-0.0131804,nan,-0.0888706,0,-0.0198862,-0.198567,nan,-0.110344,-0.0329563,-0.222644,-0.081,0.235443,-0.000788415,0.0159302,nan
453,18.7628,326.5,0.0605984,0.0833333,1.5,0.101578,0.625249,0.407128,-0.00775602,-3.20971,2.60123e-05,0.0126112,0.185698,14127,0.627811,0.242015,-0.1,0.02,1,532.483,5.56646e+06,1.19202,0.391613,0,0.054485,-0.0321134,nan,-0.0253379,nan,nan,nan,nan,-0.00819391,-0.023643,-0.0154166,nan,-0.103871,0,-0.0249348,-0.228853,nan,-0.131513,-0.0353839,-0.257882,-0.0987895,0.277233,-0.000787322,0.0122368,-0.103738
454,20.8001,360.723,0.0599028,0.125,1.83333,0.10329,0.624244,0.544906,-0.0084363,-3.21041,2.60123e-05,0.015274,0.185685,15315.7,0.563528,0.238788,-0.1,0.02,1,533.287,5.57875e+06,1.29214,0.458593,0,0.0594525,-0.035558,nan,-0.0274791,nan,nan,nan,nan,-0.00900654,-0.0262004,-0.0171072,nan,-0.114648,0,-0.0270922,-0.248005,nan,-0.145099,-0.0374539,-0.286768,-0.10034,0.303065,-0.000966807,0.005,-0.118342
455,15.3322,291.842,0.0592658,0.0416667,1.54167,0.104353,0.627123,0.460248,-0.00903419,-3.21141,2.60123e-05,0.0142867,0.185673,12205,0.654346,0.352451,-0.1,0.02,1,534.295,5.59104e+06,1.04966,0.367325,0,0.0443648,-0.0288097,nan,-0.0206158,nan,nan,nan,nan,-0.00682553,-0.0194806,-0.0128339,nan,-0.0931988,0,-0.0193649,-0.202399,nan,-0.151433,-0.0335685,-0.230936,-0.0851842,0.246245,-0.000747978,0.0118421,-0.600799
456,15.8786,280.237,0.0603748,0.0416667,1.54167,0.102436,0.618662,0.476832,-0.00896029,-3.21237,2.60123e-05,0.00968922,0.185657,11586.2,0.725459,0.33511,-0.1,0.02,1,535.357,5.60333e+06,1.04387,0.341735,0,0.0441475,-0.0272821,nan,-0.0211363,nan,nan,nan,nan,-0.00670668,-0.0186695,-0.0127659,nan,-0.0888805,0,-0.0160062,-0.195248,nan,-0.132493,-0.0300218,-0.221553,-0.0834474,0.236659,-0.000621271,0.0102632,-0.265187
457,14.0481,234.34,0.0621737,0.0833333,1.875,0.0997464,0.616092,0.528229,-0.00839376,-3.21358,2.60123e-05,0.0109864,0.185643,11589.1,0.696238,0.364065,-0.1,0.02,1,536.418,5.61562e+06,0.863743,0.298911,0,0.0386147,-0.0229065,nan,-0.0179877,nan,nan,nan,nan,-0.00573486,-0.0159064,-0.0107667,nan,-0.074556,0,-0.0127482,-0.159312,nan,-0.0982106,-0.0258105,-0.183583,-0.068617,0.197747,-0.000556587,0.00723404,-0.335959
458,14.304,258.804,0.0628332,0.0416667,1.875,0.0984417,0.594343,0.496109,-0.00937804,-3.21464,2.60123e-05,0.00813551,0.185626,13355.8,0.633901,0.286151,-0.1,0.02,1,537.34,5.6279e+06,0.924098,0.323633,0,0.0419222,-0.025296,nan,-0.0192126,nan,nan,nan,nan,-0.00638541,-0.0179572,-0.0119586,nan,-0.0821908,0,-0.0167928,-0.178033,nan,-0.115892,-0.0293969,-0.204161,-0.0793043,0.218454,-0.00067904,0.0113043,-0.259922
459,12.8824,230.815,0.0621504,0.0416667,2.20833,0.103857,0.572891,0.582941,-0.00891499,-3.21595,2.60123e-05,0.0118381,0.185609,15253.6,0.569452,0.236126,-0.1,0.02,1,538.146,5.64019e+06,0.831995,0.294788,0,0.037133,-0.0225453,nan,-0.0168237,nan,nan,nan,nan,-0.00592866,-0.0158456,-0.0103402,nan,-0.0732537,0,-0.0175286,-0.15966,nan,-0.103188,-0.0295102,-0.18264,-0.0666852,0.193952,-0.000600411,0.0037963,-0.233902
460,18.1066,311.703,0.0630295,0.125,1.41667,0.100599,0.57038,0.436444,-0.00753252,-3.21694,2.60123e-05,0.0105428,0.185599,15409.3,0.563716,0.233723,-0.1,0.02,1,538.945,5.65248e+06,1.12987,0.387611,0,0.0510948,-0.0306271,nan,-0.0239784,nan,nan,nan,nan,-0.00769643,-0.0216754,-0.0147553,nan,-0.0984362,0,-0.0182278,-0.210755,nan,-0.130558,-0.0330162,-0.244693,-0.0902162,0.261773,-0.000732811,0.0112162,-0.401937
461,17.1646,306.167,0.0619802,0.0833333,1.91667,0.101708,0.603785,0.508454,-0.00967037,-3.21804,2.60123e-05,0.0176972,0.185572,14124.2,0.560995,0.308999,-0.1,0.02,1,539.816,5.66477e+06,1.07195,0.3882,0,0.0499674,-0.0299194,nan,-0.0234492,nan,nan,nan,nan,-0.00785699,-0.022193,-0.0143902,nan,-0.0967616,0,-0.0224662,-0.214041,nan,-0.124361,-0.0352217,-0.240939,-0.08725,0.258219,-0.000743177,0.00947917,nan
462,19.6167,318.023,0.062512,0.0833333,1.70833,0.100331,0.591396,0.514711,-0.00933455,-3.22007,2.60123e-05,0.0122647,0.185544,10349.2,0.721551,0.465787,-0.1,0.02,1,541.005,5.67706e+06,1.2068,0.400208,0,0.0525627,-0.0310437,nan,-0.0240553,nan,nan,nan,nan,-0.00814246,-0.0228282,-0.0147546,nan,-0.10048,0,-0.0214255,-0.223756,nan,-0.129823,-0.0357219,-0.250286,-0.0911628,0.266805,-0.000805554,0.0134884,-0.203884
463,19.1372,334.673,0.0591965,0.25,1.91667,0.105467,0.590189,0.529844,-0.00869356,-3.22162,2.60123e-05,0.0132937,0.185528,10535.7,0.769441,0.396878,-0.1,0.02,1,542.173,5.68934e+06,1.21203,0.42611,0,0.0546423,-0.0325796,nan,-0.0247446,nan,nan,nan,nan,-0.00830515,-0.0236504,-0.0152087,nan,-0.106098,0,-0.0234712,-0.230979,nan,-0.143509,-0.0386555,-0.263469,-0.098,0.281631,-0.000865709,0.00913462,-0.446134
464,20.6735,348.537,0.0584777,0.166667,1.54167,0.105119,0.60936,0.387753,-0.00889957,-3.2227,2.60123e-05,0.0124442,0.185517,10558.2,0.745918,0.417912,-0.1,0.02,1,543.339,5.70163e+06,1.2827,0.429071,0,0.0581109,-0.0340879,nan,-0.0267971,nan,nan,nan,nan,-0.00876952,-0.0249679,-0.0167819,nan,-0.110749,0,-0.021095,-0.240754,nan,-0.138219,-0.0400026,-0.274921,-0.107049,0.295737,-0.000923832,0.0131707,nan
465,13.9591,259.367,0.060398,0.0416667,1.20833,0.102423,0.603583,0.383298,-0.00855107,-3.22347,2.60123e-05,0.014584,0.185508,9228.63,0.77287,0.558639,-0.1,0.02,1,544.673,5.71392e+06,0.927402,0.326722,0,0.038861,-0.0251848,nan,-0.01818,nan,nan,nan,nan,-0.00659746,-0.0184027,-0.0114379,nan,-0.0815938,0,-0.0263201,-0.181175,nan,-0.126425,-0.0318172,-0.203147,-0.0666333,0.218901,-0.000709616,0.00816667,-0.734204
466,16.6211,296.277,0.0622776,0.0416667,1.91667,0.0999463,0.58935,0.579531,-0.00790945,-3.22441,2.60123e-05,0.0124322,0.18549,10819.5,0.771571,0.364151,-0.1,0.02,1,545.811,5.72621e+06,1.04699,0.376808,0,0.0473777,-0.0287769,nan,-0.0221209,nan,nan,nan,nan,-0.00748457,-0.0218325,-0.0137187,nan,-0.0940239,0,-0.0230902,-0.207906,nan,-0.12538,-0.0322843,-0.23401,-0.0852553,0.25083,-0.000789016,0.0102128,-0.211143
467,15.293,262.364,0.0609012,0.0833333,1.75,0.101304,0.607935,0.499357,-0.00874226,-3.2259,2.60123e-05,0.0174225,0.185463,11413.3,0.729708,0.346931,-0.1,0.02,1,546.889,5.7385e+06,0.945917,0.351503,0,0.0419503,-0.0256791,nan,-0.0195505,nan,nan,nan,nan,-0.00660659,-0.0186756,-0.0120459,nan,-0.0830074,0,-0.0210582,-0.182859,nan,-0.114952,-0.0314132,-0.204968,-0.0704545,0.221984,-0.000671064,0.00704545,-0.259767
468,18.267,296.444,0.0616106,0.0833333,1.79167,0.102693,0.594679,0.567208,-0.00849852,-3.22815,2.60123e-05,0.00883508,0.185423,13884.2,0.628725,0.256308,-0.1,0.02,1,547.775,5.75078e+06,1.10623,0.394737,0,0.0494497,-0.0289799,nan,-0.0225267,nan,nan,nan,nan,-0.00711337,-0.0210211,-0.0137214,nan,-0.0942575,0,-0.0171413,-0.207772,nan,-0.122114,-0.0290763,-0.233655,-0.092,0.252397,-0.000735743,0.00877778,-0.365914
469,17.73,313.385,0.0602116,0,1.625,0.103477,0.589219,0.451882,-0.00869463,-3.23064,2.60123e-05,0.0114274,0.185396,12822.6,0.590439,0.367866,-0.1,0.02,1,548.735,5.76307e+06,1.10226,0.392002,0,0.0522064,-0.0304922,nan,-0.0230605,nan,nan,nan,nan,-0.00806823,-0.0223573,-0.0146,nan,-0.0993191,0,-0.020349,-0.218748,nan,-0.124832,-0.0354273,-0.247836,-0.0895128,0.263914,-0.000815774,0.0115385,nan
470,20.7824,357.158,0.0596654,0.0833333,1.5,0.104572,0.602345,0.431495,-0.00855235,-3.23196,2.60123e-05,0.0117358,0.185385,11285,0.724946,0.363931,-0.1,0.02,1,549.825,5.77536e+06,1.26434,0.45691,0,0.059397,-0.0347287,nan,-0.0264426,nan,nan,nan,nan,-0.00896129,-0.0257133,-0.0162142,nan,-0.112896,0,-0.0257879,-0.243037,nan,-0.142337,-0.0384707,-0.280508,-0.100789,0.300573,-0.000947724,0.0164474,-0.0650114
471,16.9347,299.294,0.062702,0,2.125,0.101974,0.57369,0.562529,-0.00902619,-3.23241,2.60123e-05,0.0124926,0.185389,11062.1,0.723521,0.387294,-0.1,0.02,1,550.937,5.78765e+06,1.06368,0.385434,0,0.0488601,-0.0291799,nan,-0.0220157,nan,nan,nan,nan,-0.00741789,-0.0218651,-0.0137933,nan,-0.094723,0,-0.0218776,-0.20794,nan,-0.126122,-0.0351942,-0.234714,-0.0953137,0.25462,-0.000833454,0.0147059,-0.244016
472,12.4075,202.625,0.0615993,0,1.66667,0.102152,0.601967,0.49203,-0.00847346,-3.23276,2.60123e-05,0.0161017,0.185373,12397.9,0.676299,0.314836,-0.1,0.02,1,551.93,5.79994e+06,0.745244,0.267151,0,0.0337003,-0.0198325,nan,-0.0153555,nan,nan,nan,nan,-0.00513878,-0.0147214,-0.00916301,nan,-0.0642985,0,-0.0122175,-0.141684,nan,-0.0812169,-0.0220413,-0.159924,-0.05945,0.170819,-0.000493355,0.009,nan
473,15.9991,303.756,0.0584232,0.0833333,1.625,0.106554,0.617988,0.481128,-0.00807732,-3.23433,2.60123e-05,0.0136192,0.185348,14428.8,0.605115,0.246513,-0.1,0.02,1,552.783,5.81222e+06,1.07524,0.370229,0,0.0480905,-0.0294884,nan,-0.0222112,nan,nan,nan,nan,-0.00719097,-0.0210663,-0.0135495,nan,-0.0962714,0,-0.0190296,-0.212787,nan,-0.144207,-0.031396,-0.240158,-0.0905122,0.255088,-0.000786252,0.0102439,-0.413921
474,15.039,278.581,0.0597438,0.125,1.66667,0.1042,0.598615,0.436055,-0.00931558,-3.23612,2.60123e-05,0.0192968,0.185323,11792.1,0.651088,0.390962,-0.1,0.02,1,553.826,5.82451e+06,0.963478,0.350892,0,0.0447269,-0.0271724,nan,-0.0197847,nan,nan,nan,nan,-0.00698452,-0.0189216,-0.0125757,nan,-0.0881908,0,-0.0209069,-0.190598,nan,-0.125127,-0.0325169,-0.218142,-0.075907,0.233718,-0.000766288,0.0160465,-0.415347
475,13.3474,225.698,0.0611578,0,1.79167,0.100447,0.605156,0.507375,-0.00938675,-3.23783,2.60123e-05,0.0124187,0.1853,10149.8,0.773023,0.43764,-0.1,0.02,1,555.038,5.8368e+06,0.823607,0.297364,0,0.0364591,-0.0220337,nan,-0.0164293,nan,nan,nan,nan,-0.00610261,-0.0173122,-0.0101136,nan,-0.0714906,0,-0.0164865,-0.158451,nan,-0.094202,-0.0298366,-0.17761,-0.0639767,0.188034,-0.000632428,0.00976744,-0.136901
476,19.0432,335.439,0.0623674,0.0416667,1.66667,0.101298,0.593434,0.449867,-0.0091263,-3.23908,2.60123e-05,0.0127776,0.185292,9848.51,0.842674,0.405028,-0.1,0.02,1,556.287,5.84909e+06,1.2421,0.411892,0,0.0522001,-0.0325472,nan,-0.0248,nan,nan,nan,nan,-0.00852507,-0.0234756,-0.0151112,nan,-0.105763,0,-0.0299059,-0.231848,nan,-0.153071,-0.0395646,-0.26236,-0.0943902,0.281401,-0.000825163,0.00804878,-0.436557
477,13.4469,239.547,0.0604696,0.0416667,2.16667,0.104219,0.60178,0.595797,-0.00849988,-3.23976,2.60123e-05,0.0124974,0.185275,11712.7,0.733315,0.315802,-0.1,0.02,1,557.338,5.86138e+06,0.856375,0.320211,0,0.0370834,-0.0232695,nan,-0.0171475,nan,nan,nan,nan,-0.00592267,-0.0171852,-0.0107294,nan,-0.0759108,0,-0.018385,-0.167958,nan,-0.11055,-0.028032,-0.188974,-0.0681132,0.201494,-0.000649624,0.00735849,-0.459775
478,18.9655,340.55,0.0591142,0.0833333,1.58333,0.103359,0.604808,0.44035,-0.00825593,-3.24131,2.60123e-05,0.0101125,0.185252,13303.7,0.654526,0.269128,-0.1,0.02,1,558.263,5.87366e+06,1.2056,0.41002,0,0.0560806,-0.0331335,nan,-0.0257885,nan,nan,nan,nan,-0.00900222,-0.0254984,-0.0154726,nan,-0.107747,0,-0.0261472,-0.234081,nan,-0.13683,-0.0451531,-0.266161,-0.098675,0.285087,-0.000950166,0.016125,nan
479,14.1445,250.286,0.0595585,0,1.45833,0.105476,0.592591,0.429331,-0.00919398,-3.24316,2.60123e-05,0.00830784,0.185219,10694,0.767896,0.381155,-0.1,0.02,1,559.414,5.88595e+06,0.879651,0.331301,0,0.0400906,-0.0243709,nan,-0.0182463,nan,nan,nan,nan,-0.00659835,-0.0186871,-0.0115555,nan,-0.0790073,0,-0.0210835,-0.17668,nan,-0.103405,-0.0296808,-0.198432,-0.0694286,0.209358,-0.000713106,0.00471429,nan
480,15.6548,272.579,0.0605718,0.0416667,1.54167,0.102441,0.60463,0.447093,-0.00845861,-3.24505,2.60123e-05,0.0148396,0.185205,9740.33,0.843111,0.418448,-0.1,0.02,1,560.678,5.89824e+06,1.01218,0.357149,0,0.0430186,-0.0263809,nan,-0.0198768,nan,nan,nan,nan,-0.00636795,-0.0182535,-0.011746,nan,-0.0860917,0,-0.0173064,-0.190638,nan,-0.135224,-0.0295856,-0.212625,-0.0771053,0.230213,-0.00069107,0.00789474,-0.340262
481,17.518,302.415,0.0609253,0.0416667,1.66667,0.102687,0.595057,0.461261,-0.00828665,-3.2458,2.60123e-05,0.0132382,0.18519,10261.5,0.830239,0.367242,-0.1,0.02,1,561.877,5.91053e+06,1.09448,0.378008,0,0.0489923,-0.0293299,nan,-0.0227239,nan,nan,nan,nan,-0.0075669,-0.022355,-0.0140175,nan,-0.095178,0,-0.0226311,-0.213082,nan,-0.125399,-0.0329919,-0.236762,-0.0843659,0.253164,-0.000797928,0.0119512,-0.14337
482,14.7094,267.723,0.0601477,0.0416667,1.91667,0.101517,0.601543,0.553831,-0.00840459,-3.24717,2.60123e-05,0.0139212,0.185169,11173.9,0.789081,0.31062,-0.1,0.02,1,562.978,5.92282e+06,0.94666,0.351292,0,0.0421482,-0.0264711,nan,-0.0193843,nan,nan,nan,nan,-0.00673473,-0.0190114,-0.0122681,nan,-0.0846113,0,-0.024845,-0.189783,nan,-0.121397,-0.0307788,-0.211467,-0.0717447,0.226165,-0.000702936,0.00510638,-0.261685
483,18.1429,318.077,0.0610882,0.0833333,2.08333,0.102684,0.588405,0.486391,-0.00930238,-3.24833,2.60123e-05,0.0112112,0.185162,9991.75,0.802992,0.426822,-0.1,0.02,1,564.209,5.9351e+06,1.15265,0.402925,0,0.0509863,-0.0307639,nan,-0.02326,nan,nan,nan,nan,-0.00824197,-0.0230222,-0.0145092,nan,-0.100179,0,-0.0278191,-0.224562,nan,-0.135049,-0.0385757,-0.250267,-0.0882885,0.265561,-0.000832048,0.00769231,-0.379529
484,13.8463,240.667,0.0606181,0,2,0.103232,0.606816,0.605134,-0.00744935,-3.24914,2.60123e-05,0.0107765,0.185141,9384.92,0.901952,0.407383,-0.1,0.02,1,565.52,5.94739e+06,0.848547,0.30932,0,0.0404613,-0.0233032,nan,-0.0181267,nan,nan,nan,nan,-0.00612925,-0.0173534,-0.0113152,nan,-0.0758728,0,-0.0174917,-0.167262,nan,-0.095188,-0.0289502,-0.187999,-0.0697917,0.20279,-0.000644864,0.010625,nan
485,14.0384,239.69,0.061809,0,1.75,0.0999891,0.60483,0.438857,-0.00787833,-3.25095,2.60123e-05,0.0130185,0.185115,10954.8,0.772343,0.349359,-0.1,0.02,1,566.643,5.95968e+06,0.873744,0.312412,0,0.0385121,-0.023042,nan,-0.0169357,nan,nan,nan,nan,-0.00606116,-0.0174261,-0.0107108,nan,-0.0753718,0,-0.0220512,-0.167249,nan,-0.103041,-0.0290488,-0.186949,-0.0660714,0.200733,-0.000692268,0.00952381,-0.350805
486,17.1644,297.273,0.0615649,0,1.83333,0.0989527,0.615309,0.476919,-0.00935622,-3.25262,2.60123e-05,0.0144063,0.185096,11851.6,0.750359,0.286466,-0.1,0.02,1,567.682,5.97197e+06,1.05294,0.401694,0,0.0489973,-0.0285539,nan,-0.022245,nan,nan,nan,nan,-0.00769349,-0.0221545,-0.0137636,nan,-0.0936898,0,-0.023695,-0.212962,nan,-0.121915,-0.0378492,-0.233157,-0.08175,0.249921,-0.000793339,0.00943182,-0.100025
487,14.9525,261.242,0.0593171,0.0416667,1.33333,0.103553,0.616372,0.427393,-0.0088232,-3.2539,2.60123e-05,0.0144006,0.185079,10506,0.719653,0.449963,-0.1,0.02,1,568.853,5.98426e+06,0.932353,0.327312,0,0.0435664,-0.0252671,nan,-0.0194061,nan,nan,nan,nan,-0.0066408,-0.0196833,-0.0120095,nan,-0.0823196,0,-0.0207994,-0.183724,nan,-0.103974,-0.0303567,-0.204916,-0.0733939,0.219568,-0.000718967,0.00909091,-0.0348366
488,15.4118,271.788,0.0620108,0,2.16667,0.0992396,0.583141,0.562406,-0.0082003,-3.25518,2.60123e-05,0.0111006,0.185061,9852.98,0.863569,0.383566,-0.1,0.02,1,570.102,5.99654e+06,0.963875,0.357827,0,0.0445614,-0.0263259,nan,-0.0198819,nan,nan,nan,nan,-0.00696149,-0.0198135,-0.0122497,nan,-0.0857518,0,-0.0210612,-0.190855,nan,-0.113755,-0.0342518,-0.212781,-0.0798269,0.228578,-0.00072022,0.00884615,-0.460821
489,15.0311,267.541,0.0634043,0.0416667,1.5,0.097663,0.59425,0.503793,-0.00840072,-3.25668,2.60123e-05,0.0106296,0.185039,9710.09,0.836997,0.42849,-0.1,0.02,1,571.369,6.00883e+06,0.951065,0.343238,0,0.0428739,-0.0259761,nan,-0.0196746,nan,nan,nan,nan,-0.00677678,-0.0197524,-0.0123735,nan,-0.0844218,0,-0.0248281,-0.189948,nan,-0.115116,-0.031549,-0.210255,-0.0709189,0.2259,-0.000748479,0.0112162,-0.38476
490,16.2928,282.725,0.0625665,0.0416667,2.08333,0.0981954,0.584844,0.54397,-0.00946285,-3.25824,2.60123e-05,0.0138725,0.185014,10402.3,0.853548,0.327733,-0.1,0.02,1,572.552,6.02112e+06,1.01941,0.36137,0,0.0469298,-0.0272643,nan,-0.02122,nan,nan,nan,nan,-0.0072337,-0.021189,-0.0130755,nan,-0.0890895,0,-0.0220961,-0.198836,nan,-0.117317,-0.0349963,-0.221042,-0.0830588,0.238666,-0.000786059,0.0132353,-0.197983
491,17.879,316.048,0.061244,0.0416667,1.70833,0.100865,0.625668,0.530172,-0.00827007,-3.26003,2.60123e-05,0.0111829,0.184989,13094.6,0.685604,0.252798,-0.1,0.02,1,573.491,6.03341e+06,1.14896,0.402244,0,0.0523723,-0.0306799,nan,-0.0235967,nan,nan,nan,nan,-0.00801183,-0.0230378,-0.014101,nan,-0.0997271,0,-0.0253787,-0.221262,nan,-0.134182,-0.0414188,-0.246536,-0.0981905,0.269632,-0.000862977,0.00178571,-0.590357
492,14.1258,245.413,0.0616387,0,1.91667,0.0997917,0.610915,0.504733,-0.00773515,-3.26185,2.60123e-05,0.00791176,0.184957,14113.5,0.599269,0.271389,-0.1,0.02,1,574.364,6.0457e+06,0.873313,0.337913,0,0.0395598,-0.0238036,nan,-0.0173852,nan,nan,nan,nan,-0.00647556,-0.0166169,-0.0110218,nan,-0.0774623,0,-0.0228901,-0.169132,nan,-0.108034,-0.0335141,-0.19292,-0.0658478,0.206439,-0.000663343,0.00913043,-0.657667
493,17.6081,300.349,0.0606337,0.0416667,1.75,0.102725,0.58485,0.541525,-0.00811682,-3.264,2.60123e-05,0.0136846,0.184929,13043.8,0.664602,0.277454,-0.1,0.02,1,575.307,6.05798e+06,1.08427,0.385449,0,0.0499795,-0.0290333,nan,-0.0225963,nan,nan,nan,nan,-0.00766862,-0.0222838,-0.0141059,nan,-0.094474,0,-0.0270526,-0.210218,nan,-0.119596,-0.033891,-0.23598,-0.0825349,0.254083,-0.000806399,0.00686047,nan
494,16.4786,285.289,0.0619597,0.0416667,1.83333,0.102785,0.604714,0.434438,-0.00765308,-3.26563,2.60123e-05,0.011236,0.184908,14502.8,0.59506,0.252222,-0.1,0.02,1,576.156,6.07027e+06,1.01712,0.376314,0,0.047125,-0.0275163,nan,-0.0209667,nan,nan,nan,nan,-0.00736462,-0.0209547,-0.0130332,nan,-0.090129,0,-0.0208677,-0.203094,nan,-0.116998,-0.0355215,-0.223762,-0.0862,0.24217,-0.00076671,0.0137778,-0.121467
495,16.8887,299.698,0.0638096,0.0416667,1.75,0.10044,0.568527,0.505238,-0.00832402,-3.26722,2.60123e-05,0.00913241,0.184883,14436.9,0.596439,0.254713,-0.1,0.02,1,577.009,6.08256e+06,1.08181,0.386244,0,0.0482883,-0.0289181,nan,-0.0217907,nan,nan,nan,nan,-0.00732013,-0.0210506,-0.0132769,nan,-0.0944872,0,-0.0241786,-0.207502,nan,-0.133295,-0.034379,-0.235352,-0.0843953,0.252053,-0.000802766,0.00244186,-0.422548
496,14.1292,238.825,0.0617577,0.0416667,1.625,0.102661,0.579752,0.487004,-0.00891473,-3.26927,2.60123e-05,0.015268,0.18485,14334.6,0.599706,0.257521,-0.1,0.02,1,577.867,6.09485e+06,0.874783,0.298356,0,0.0398998,-0.0229055,nan,-0.017958,nan,nan,nan,nan,-0.00629581,-0.0177182,-0.0109633,nan,-0.0751547,0,-0.0211372,-0.165096,nan,-0.0948489,-0.0307259,-0.186105,-0.067925,0.203672,-0.000664467,0.00725,nan
497,17.0389,302.512,0.063592,0.208333,1.5,0.101259,0.566577,0.400917,-0.00910915,-3.27142,2.60123e-05,0.013647,0.184824,14209.7,0.603094,0.261668,-0.1,0.02,1,578.733,6.10714e+06,1.08297,0.37338,0,0.0487093,-0.0292899,nan,-0.0218868,nan,nan,nan,nan,-0.00793457,-0.0225625,-0.013969,nan,-0.0957488,-4.87805e-05,-0.0276271,-0.215441,nan,-0.123322,-0.0383838,-0.237547,-0.0842195,0.256356,-0.000885313,0.00939024,nan
498,19.6233,324.105,0.0623593,0.0833333,1.5,0.103013,0.554257,0.514329,-0.00867625,-3.2729,2.60123e-05,0.0121459,0.184806,14565.6,0.589714,0.253918,-0.1,0.02,1,579.578,6.11942e+06,1.1927,0.422942,0,0.0546974,-0.0313529,nan,-0.0245205,nan,nan,nan,nan,-0.00822671,-0.0244382,-0.0152631,nan,-0.102225,0,-0.0244334,-0.226155,nan,-0.126767,-0.0366723,-0.253883,-0.0932632,0.273139,-0.000904039,0.00578947,nan
499,17.9177,298.943,0.0612071,0.0416667,2.16667,0.101176,0.582399,0.586385,-0.00839566,-3.2745,2.60123e-05,0.016208,0.184776,14173.1,0.614538,0.252458,-0.1,0.02,1,580.446,6.13171e+06,1.14162,0.382404,0,0.0468731,-0.0286584,nan,-0.0207649,nan,nan,nan,nan,-0.00723609,-0.0208849,-0.0129953,nan,-0.093949,0,-0.024429,-0.205941,nan,-0.141389,-0.0329954,-0.233949,-0.076283,0.251099,-0.000836746,0.00481132,-0.405602
500,18.2843,333.121,0.0636373,0.125,1.25,0.100088,0.55943,0.427095,-0.00833002,-3.27669,2.60123e-05,0.0107435,0.184746,14643.8,0.587696,0.251433,-0.1,0.02,1,581.287,6.144e+06,1.23037,0.425214,0,0.0513872,-0.0321016,nan,-0.0229933,nan,nan,nan,nan,-0.00787662,-0.0229043,-0.0143594,nan,-0.105006,0,-0.0248451,-0.236156,nan,-0.169833,-0.0379927,-0.26258,-0.0951818,0.280713,-0.000902239,0.0080303,-0.402371
501,20.6131,345.286,0.0617401,0.208333,1.54167,0.101675,0.581724,0.506269,-0.00918719,-3.27903,2.60123e-05,0.0110757,0.184705,14197.3,0.603136,0.26238,-0.1,0.05,1,583.973,6.15629e+06,1.25248,0.445578,0,0.0581819,-0.0334133,nan,-0.0254624,nan,nan,nan,nan,-0.00882489,-0.0251431,-0.0158798,nan,-0.10864,0,-0.0215002,-0.241498,nan,-0.13557,-0.0403607,-0.269876,-0.102833,0.289465,-0.000927171,0.014881,nan
502,15.6344,268.538,0.0620772,0.0833333,1.54167,0.102322,0.571337,0.447831,-0.00739946,-3.28171,2.60123e-05,0.0139391,0.184676,13848.4,0.609087,0.278239,-0.1,0.05,1,584.861,6.16858e+06,0.976334,0.356255,0,0.0429739,-0.0258325,nan,-0.0197841,nan,nan,nan,nan,-0.00692366,-0.0193101,-0.0121179,nan,-0.0846002,0,-0.0258005,-0.185195,nan,-0.118087,-0.0349177,-0.21025,-0.0714359,0.226944,-0.000732785,0.00782051,-0.265597
503,16.7995,280.354,0.063534,0.0416667,1.95833,0.0997828,0.58205,0.527908,-0.00823628,-3.28333,2.60123e-05,0.0128268,0.184657,13928.8,0.62964,0.252562,-0.1,0.05,1,585.745,6.18086e+06,1.02144,0.366848,0,0.045852,-0.0270996,nan,-0.0206917,nan,nan,nan,nan,-0.00730765,-0.0212106,-0.0129209,nan,-0.0886394,0,-0.0236944,-0.19289,nan,-0.114519,-0.0345822,-0.220006,-0.081,0.235988,-0.000783537,0.0173958,-0.105867
504,17.3063,291.952,0.0633512,0.0833333,1.66667,0.0998943,0.581711,0.521247,-0.0082472,-3.28519,2.60123e-05,0.00703639,0.184619,13713.5,0.634309,0.261745,-0.1,0.05,1,586.642,6.19315e+06,1.08303,0.3799,0,0.0471394,-0.0279701,nan,-0.0216086,nan,nan,nan,nan,-0.00737661,-0.0210313,-0.0132552,nan,-0.0919889,0,-0.0225466,-0.204152,nan,-0.128825,-0.0350126,-0.228948,-0.0778095,0.244621,-0.00077237,0.00702381,-0.317189
505,15.0279,277.415,0.0633105,0.0416667,1.66667,0.0996551,0.568982,0.577591,-0.00877405,-3.28808,2.60123e-05,0.0150389,0.184573,14394.5,0.59869,0.25497,-0.1,0.05,1,587.497,6.20544e+06,0.992091,0.33656,0,0.0449801,-0.0265638,nan,-0.0196263,nan,nan,nan,nan,-0.00728106,-0.0201287,-0.0122415,nan,-0.0874117,0,-0.0221653,-0.197485,nan,-0.121599,-0.0379043,-0.216718,-0.0762683,0.232072,-0.000800485,0.00743902,-0.212603
506,15.7286,271,0.0614495,0.0416667,1.66667,0.103375,0.562048,0.524688,-0.00910281,-3.2909,2.60123e-05,0.0114463,0.184533,14684.5,0.583907,0.252893,-0.1,0.05,1,588.335,6.21773e+06,0.969221,0.360103,0,0.0452237,-0.0259196,nan,-0.0202483,nan,nan,nan,nan,-0.00663434,-0.0188913,-0.0123241,nan,-0.0852615,0,-0.0176656,-0.184754,nan,-0.116144,-0.0325962,-0.209256,-0.082878,0.229088,-0.000715192,0.0108537,-0.302769
507,19.3731,323.641,0.0612698,0.0833333,1.54167,0.10389,0.570203,0.42078,-0.0088456,-3.2933,2.60123e-05,0.0103795,0.184507,12384.6,0.735233,0.256964,-0.1,0.05,1,589.329,6.23002e+06,1.15954,0.440084,0,0.0531986,-0.0311689,nan,-0.0241682,nan,nan,nan,nan,-0.00847735,-0.0237473,-0.0150441,nan,-0.101804,0,-0.0253362,-0.224678,nan,-0.13005,-0.0390273,-0.253699,-0.0872564,0.273219,-0.000881524,0.00794872,nan
508,12.7084,227.061,0.060626,0,2.04167,0.102521,0.588001,0.591167,-0.00835991,-3.2946,2.60123e-05,0.0164756,0.184499,14297.5,0.600584,0.258867,-0.1,0.05,1,590.19,6.2423e+06,0.836286,0.295167,0,0.0357333,-0.0215653,nan,-0.0158057,nan,nan,nan,nan,-0.00545041,-0.015897,-0.00982232,nan,-0.0713916,0,-0.0149181,-0.1566,nan,-0.112885,-0.0281104,-0.175974,-0.0668776,0.190787,-0.000641324,0.00387755,-0.298822
509,18.908,320,0.0622099,0,1.375,0.0997369,0.594345,0.460528,-0.0092402,-3.29527,2.60123e-05,0.0149797,0.184487,11396.5,0.694632,0.383592,-0.1,0.05,1,591.269,6.25459e+06,1.14528,0.414528,0,0.0536776,-0.0306227,nan,-0.0232679,nan,nan,nan,nan,-0.00799784,-0.0227219,-0.0143574,nan,-0.1006,0,-0.0214981,-0.222093,nan,-0.127518,-0.0367011,-0.249435,-0.0834242,0.26553,-0.000848091,0.01,-0.083549
510,14.7844,262.343,0.0594593,0.0833333,1.375,0.103711,0.571743,0.502398,-0.00865733,-3.29655,2.60123e-05,0.0156817,0.184466,10888.2,0.771488,0.357074,-0.1,0.05,1,592.399,6.26688e+06,0.939901,0.355689,0,0.0420389,-0.0250535,nan,-0.0183777,nan,nan,nan,nan,-0.00632819,-0.0182191,-0.011305,nan,-0.0821169,0,-0.0189052,-0.181984,nan,-0.124544,-0.0348605,-0.202662,-0.0755143,0.221718,-0.000757954,0.00828571,-0.194471
511,15.3566,263.6,0.0614331,0,1.875,0.101564,0.582555,0.463956,-0.00924335,-3.29829,2.60123e-05,0.00735295,0.184438,11986.5,0.696713,0.328442,-0.1,0.05,1,593.426,6.27917e+06,0.959022,0.335767,0,0.0430637,-0.0254164,nan,-0.0194382,nan,nan,nan,nan,-0.00711369,-0.0190762,-0.0120424,nan,-0.0831534,0,-0.0208486,-0.182251,nan,-0.109912,-0.0380857,-0.205558,-0.0721333,0.220891,-0.000704152,0.0107778,-0.268177
512,16.7412,288.04,0.0646788,0.0833333,2,0.0992562,0.556523,0.546645,-0.00925855,-3.30013,2.60123e-05,0.00879357,0.184417,11625,0.764725,0.292307,-0.1,0.05,1,594.484,6.29146e+06,1.01319,0.382206,0,0.0480115,-0.0276022,nan,-0.0216672,nan,nan,nan,nan,-0.00736643,-0.021358,-0.0132301,nan,-0.0902907,0,-0.020764,-0.199632,nan,-0.115374,-0.0324316,-0.223116,-0.07814,0.238734,-0.000730264,0.0085,-0.0939981
513,17.3082,279.606,0.0618169,0.0416667,1.33333,0.102402,0.55487,0.52698,-0.00849592,-3.30138,2.60123e-05,0.0128619,0.184404,13529.7,0.624153,0.28407,-0.1,0.05,1,595.394,6.30374e+06,1.08212,0.413956,0,0.0427938,-0.0266778,nan,-0.0189921,nan,nan,nan,nan,-0.00607306,-0.0178396,-0.0115508,nan,-0.0875315,0,-0.0164201,-0.193629,nan,-0.150088,-0.0290731,-0.214947,-0.0803939,0.233691,-0.000700655,0.00515152,-0.321092
514,19.5793,338.125,0.0633133,0.0833333,1.58333,0.100381,0.559035,0.474083,-0.00888604,-3.30269,2.60123e-05,0.00528712,0.184378,10489.9,0.740378,0.43103,-0.1,0.05,1,596.567,6.31603e+06,1.23275,0.436303,0,0.0552011,-0.0322119,nan,-0.024032,nan,nan,nan,nan,-0.00803215,-0.0236461,-0.0148233,nan,-0.10632,-2.5e-05,-0.0194412,-0.231211,nan,-0.151601,-0.0359496,-0.262234,-0.096975,0.283196,-0.000905603,0.008,-0.290786
515,18.4558,315.35,0.0619888,0.0416667,1.625,0.0997994,0.589105,0.484739,-0.0083455,-3.3046,2.60123e-05,0.012503,0.184356,9504.41,0.835166,0.457708,-0.1,0.05,1,597.861,6.32832e+06,1.14165,0.434435,0,0.0508706,-0.0300551,nan,-0.023268,nan,nan,nan,nan,-0.0075677,-0.0227725,-0.0141183,nan,-0.0991863,0,-0.0206826,-0.217689,nan,-0.145707,-0.0368497,-0.244308,-0.092075,0.26778,-0.000806535,0.0125,-0.391547
516,17.6685,308.875,0.0607371,0,1.66667,0.102914,0.559596,0.547527,-0.00873802,-3.30587,2.60123e-05,0.012448,0.18434,9528.61,0.847847,0.441743,-0.1,0.05,1,599.153,6.34061e+06,1.11666,0.410912,0,0.0493687,-0.029309,nan,-0.0219305,nan,nan,nan,nan,-0.00724162,-0.0215639,-0.0133295,nan,-0.0967627,0,-0.0176853,-0.217161,nan,-0.145021,-0.0356267,-0.237734,-0.0921,0.260148,-0.000852189,0.014375,-0.422913
517,17.7324,315.31,0.0632711,0.0833333,1.66667,0.0990157,0.551379,0.445583,-0.00900424,-3.30697,2.60123e-05,0.0129171,0.184334,9582.53,0.849552,0.432782,-0.1,0.05,1,600.437,6.3529e+06,1.12919,0.420416,0,0.0501199,-0.0301255,nan,-0.0224724,nan,nan,nan,nan,-0.00773452,-0.021691,-0.0139719,nan,-0.0988583,0,-0.0254506,-0.218617,nan,-0.148987,-0.0388597,-0.243841,-0.0862619,0.264949,-0.000865999,0.0115476,-0.267676
518,14.9724,274.85,0.061852,0.0416667,1.625,0.098771,0.578975,0.472505,-0.00941261,-3.3075,2.60123e-05,0.0140894,0.184324,8937.6,0.887337,0.487529,-0.1,0.05,1,601.813,6.36518e+06,0.995666,0.357924,0,0.0433015,-0.0262726,nan,-0.0192715,nan,nan,nan,nan,-0.00611956,-0.0191625,-0.0116649,nan,-0.0865907,0,-0.0193786,-0.190329,nan,-0.141143,-0.0305871,-0.212527,-0.0864,0.233593,-0.000742907,0.014625,-0.308663
519,22.3016,365.667,0.0618622,0.166667,1.83333,0.100272,0.57459,0.505288,-0.00831901,-3.30856,2.60123e-05,0.00955661,0.184305,10451.5,0.807543,0.368174,-0.1,0.05,1,602.99,6.37747e+06,1.3204,0.506852,0,0.0609935,-0.0346651,nan,-0.0274496,nan,nan,nan,nan,-0.00921571,-0.0266317,-0.016676,nan,-0.114596,0,-0.0276176,-0.253971,nan,-0.146869,-0.0418706,-0.283904,-0.0994792,0.306934,-0.00102569,0.0096875,-0.279317
520,16.1189,281.568,0.0639668,0.0833333,1.75,0.0980244,0.551295,0.515523,-0.0087232,-3.31033,2.60123e-05,0.0170827,0.184275,10028.7,0.792569,0.432713,-0.1,0.05,1,604.217,6.38976e+06,1.0212,0.371964,0,0.0452408,-0.0269896,nan,-0.0205591,nan,nan,nan,nan,-0.00710521,-0.020497,-0.0127372,nan,-0.0886439,0,-0.0242947,-0.196797,nan,-0.125694,-0.0345986,-0.220541,-0.0817273,0.237168,-0.000745723,0.00920455,-0.393752
521,16.298,279.367,0.0620597,0.125,1.91667,0.102572,0.56194,0.554386,-0.00908753,-3.31224,2.60123e-05,0.011325,0.184253,9839.01,0.8289,0.420006,-0.1,0.05,1,605.468,6.40205e+06,1.01659,0.370688,0,0.0461649,-0.0265649,nan,-0.0198143,nan,nan,nan,nan,-0.00678057,-0.0197448,-0.0119966,nan,-0.0877498,0,-0.0168938,-0.191413,nan,-0.124333,-0.0342687,-0.215917,-0.0864898,0.234848,-0.000771363,0.0109184,-0.264255
522,16.95,268.861,0.0618024,0.0416667,1.45833,0.0988126,0.583152,0.461856,-0.00777366,-3.31326,2.60123e-05,0.011386,0.184247,10585.4,0.795397,0.365452,-0.1,0.05,1,606.631,6.41434e+06,1.0212,0.363282,0,0.0437695,-0.0256177,nan,-0.0195333,nan,nan,nan,nan,-0.00674132,-0.0196293,-0.0120817,nan,-0.0845214,0,-0.0182757,-0.184737,nan,-0.117178,-0.0328276,-0.208564,-0.0729167,0.22541,-0.000726785,0.0129167,-0.283126
523,15.132,263.471,0.0622805,0.0833333,1.33333,0.100222,0.584676,0.411292,-0.00812373,-3.31365,2.60123e-05,0.014051,0.184246,9832.78,0.84033,0.409367,-0.1,0.05,1,607.882,6.42662e+06,0.941921,0.35862,0,0.0416062,-0.0250848,nan,-0.0186441,nan,nan,nan,nan,-0.00637272,-0.0189508,-0.0117138,nan,-0.0827723,0,-0.0218089,-0.179889,nan,-0.120967,-0.0324931,-0.205108,-0.0739706,0.222602,-0.000800465,0.0120588,-0.245141
524,18.1313,303.158,0.0638233,0.0416667,1.54167,0.0982331,0.569566,0.458757,-0.00938008,-3.31381,2.60123e-05,0.00919996,0.184245,11368,0.707608,0.373324,-0.1,0.05,1,608.965,6.43891e+06,1.11457,0.406731,0,0.0476981,-0.0290981,nan,-0.0215447,nan,nan,nan,nan,-0.0075551,-0.0211042,-0.0133586,nan,-0.0950133,0,-0.029194,-0.211022,nan,-0.135993,-0.0345165,-0.235539,-0.0773684,0.254432,-0.000864031,0.0121053,-0.319257
525,13.8896,237.5,0.0625086,0.0416667,1.70833,0.101102,0.565783,0.5319,-0.00886365,-3.31457,2.60123e-05,0.0118475,0.184228,10429.1,0.77949,0.398752,-0.1,0.05,1,610.144,6.4512e+06,0.843764,0.314804,0,0.0395467,-0.022595,nan,-0.0178833,nan,nan,nan,nan,-0.00600291,-0.016926,-0.0108441,nan,-0.0746192,0,-0.0161501,-0.163028,nan,-0.098587,-0.0288103,-0.183535,-0.068381,0.200869,-0.00058591,0.0113095,-0.165196
526,21.4272,369.225,0.0622024,0.0833333,1.58333,0.0998255,0.584284,0.501796,-0.00871172,-3.31532,2.60123e-05,0.0150628,0.184232,9277.46,0.873445,0.451056,-0.1,0.05,1,611.47,6.46349e+06,1.3178,0.489671,0,0.0599121,-0.0350534,nan,-0.027018,nan,nan,nan,nan,-0.00918875,-0.0271694,-0.0168305,nan,-0.116169,0,-0.0303866,-0.25596,nan,-0.158479,-0.0433016,-0.286051,-0.098075,0.3117,-0.0010087,0.013625,-0.666349
527,16.4058,285.325,0.0626771,0.0416667,1.625,0.0982725,0.579847,0.555567,-0.0090933,-3.31529,2.60123e-05,0.0153059,0.184227,8061.75,0.936831,0.587404,-0.1,0.05,1,612.997,6.47578e+06,1.03702,0.407415,0,0.0441449,-0.0273292,nan,-0.0195425,nan,nan,nan,nan,-0.00666059,-0.0196309,-0.0120811,nan,-0.0895895,0,-0.0242876,-0.195245,nan,-0.144201,-0.0339602,-0.222772,-0.079175,0.241375,-0.000799237,0.010125,-0.356145
528,21.1827,344.256,0.0589138,0.125,1.5,0.10408,0.600158,0.470538,-0.00920801,-3.31591,2.60123e-05,0.0184479,0.184219,8765.71,0.87004,0.531786,-0.1,0.05,1,614.4,6.48806e+06,1.27459,0.455155,0,0.0563066,-0.0326775,nan,-0.0254651,nan,nan,nan,nan,-0.0088561,-0.0259819,-0.0155265,nan,-0.107904,0,-0.0257312,-0.236395,nan,-0.14246,-0.0417784,-0.266252,-0.0963333,0.291057,-0.000953894,0.0155128,-0.279618
529,18.4692,311.426,0.0631579,0.0416667,2.20833,0.097347,0.586023,0.586956,-0.00832195,-3.31678,2.60123e-05,0.0107428,0.184203,8717.51,0.907944,0.501633,-0.1,0.05,1,615.812,6.50035e+06,1.13937,0.416516,0,0.050642,-0.0293841,nan,-0.0226774,nan,nan,nan,nan,-0.00775584,-0.021804,-0.0135115,nan,-0.0980117,0,-0.0237296,-0.209642,nan,-0.138325,-0.0407179,-0.239895,-0.0893889,0.264218,-0.000841711,0.0123148,-0.322885
530,16.4998,286.553,0.064119,0.0416667,1.54167,0.0974528,0.576808,0.554487,-0.0088322,-3.31795,2.60123e-05,0.01724,0.18419,9298.72,0.890962,0.430511,-0.1,0.05,1,617.135,6.51264e+06,1.05851,0.394843,0,0.0440524,-0.0273569,nan,-0.0194189,nan,nan,nan,nan,-0.00630917,-0.0185446,-0.0119682,nan,-0.0902702,0,-0.0205128,-0.19679,nan,-0.147647,-0.0292932,-0.222246,-0.0817368,0.241886,-0.000740504,0.00986842,-0.390117
531,17.4999,291.833,0.0627124,0,1.75,0.0985118,0.58134,0.511337,-0.00902765,-3.3189,2.60123e-05,0.0138307,0.184176,10377.3,0.821414,0.362713,-0.1,0.05,1,618.321,6.52493e+06,1.09086,0.378228,0,0.0476157,-0.0278875,nan,-0.0216143,nan,nan,nan,nan,-0.00713037,-0.0201965,-0.0128065,nan,-0.0914585,0,-0.0204554,-0.197199,nan,-0.131439,-0.0360561,-0.225604,-0.082381,0.247572,-0.000766381,0.0113095,-0.268719
532,13.3932,239.656,0.0614871,0,1.33333,0.100944,0.588139,0.520009,-0.00874715,-3.31968,2.60123e-05,0.0147124,0.184173,10706.7,0.757017,0.390679,-0.1,0.05,1,619.47,6.53722e+06,0.869219,0.316701,0,0.0380715,-0.0226721,nan,-0.0170369,nan,nan,nan,nan,-0.0054101,-0.0163251,-0.0102493,nan,-0.075413,0,-0.0143527,-0.160805,nan,-0.118328,-0.0259406,-0.185626,-0.0750937,0.203124,-0.000613959,0.0078125,-0.398968
533,18.4135,310.829,0.0617868,0.125,1.33333,0.100862,0.579784,0.417244,-0.00964083,-3.32012,2.60123e-05,0.0138471,0.184166,9676.7,0.791258,0.478596,-0.1,0.05,1,620.742,6.5495e+06,1.15555,0.428733,0,0.0497268,-0.0293754,nan,-0.0220914,nan,nan,nan,nan,-0.00720604,-0.0211658,-0.0132186,nan,-0.097052,0,-0.0239766,-0.212791,nan,-0.151652,-0.0367048,-0.23944,-0.0902571,0.263303,-0.000838109,0.0111429,-0.490193
534,18.9814,334.724,0.0610094,0.166667,1.04167,0.100977,0.603007,0.341004,-0.00862561,-3.32098,2.60123e-05,0.00851257,0.18415,9898.35,0.853973,0.387446,-0.1,0.05,1,621.985,6.56179e+06,1.22048,0.425265,0,0.0546911,-0.031522,nan,-0.0232034,nan,nan,nan,nan,-0.00809924,-0.0227432,-0.01464,nan,-0.104723,0,-0.0266484,-0.23333,nan,-0.150686,-0.0414108,-0.258249,-0.0944828,0.282714,-0.000934964,0.00982759,-0.481879
535,16.4386,287.333,0.0617138,0,1.375,0.0986899,0.612989,0.406408,-0.00821532,-3.32238,2.60123e-05,0.0148007,0.184126,11272.2,0.733245,0.356874,-0.1,0.05,1,623.077,6.57408e+06,1.06448,0.356526,0,0.0456731,-0.0272889,nan,-0.0205964,nan,nan,nan,nan,-0.00723292,-0.0203499,-0.0128252,nan,-0.0899057,0,-0.0268787,-0.197777,nan,-0.13173,-0.035705,-0.223549,-0.0770606,0.242495,-0.000770268,0.00924242,-0.409544
536,15.1177,265.476,0.0631173,0,1.75,0.097764,0.597095,0.527947,-0.00978461,-3.32398,2.60123e-05,0.0104049,0.184103,9435.53,0.795965,0.506347,-0.1,0.05,1,624.381,6.58637e+06,0.970266,0.337494,0,0.0431108,-0.0249981,nan,-0.0189586,nan,nan,nan,nan,-0.00645334,-0.0178327,-0.0113992,nan,-0.0828542,0,-0.0186822,-0.17946,nan,-0.124009,-0.0315074,-0.203767,-0.0733571,0.225123,-0.000666145,0.0047619,-0.324728
537,16.575,302.28,0.0621467,0.125,1.95833,0.100279,0.572346,0.537774,-0.00823405,-3.32551,2.60123e-05,0.0108534,0.184084,9848.38,0.85628,0.391438,-0.1,0.05,1,625.631,6.59866e+06,1.07576,0.39673,0,0.0474898,-0.0284782,nan,-0.020324,nan,nan,nan,nan,-0.00729885,-0.0206351,-0.0128883,nan,-0.0947701,0,-0.0289666,-0.203802,nan,-0.147151,-0.0383494,-0.232517,-0.0818,0.256489,-0.000848596,0.0099,-0.397897
538,19.7454,337.821,0.0625533,0.0833333,1.08333,0.101816,0.577687,0.33406,-0.00873288,-3.32688,2.60123e-05,0.00881175,0.184062,10426.5,0.796976,0.381564,-0.1,0.05,1,626.811,6.61094e+06,1.26903,0.41344,0,0.0550362,-0.0319994,nan,-0.0241,nan,nan,nan,nan,-0.00858417,-0.0229274,-0.0147392,nan,-0.106103,0,-0.0277682,-0.234206,nan,-0.149982,-0.0466681,-0.263627,-0.0889286,0.284898,-0.000928518,0.0126786,-0.381541
539,16.6242,298.844,0.0642686,0,1.875,0.0986287,0.564018,0.56711,-0.00808154,-3.32872,2.60123e-05,0.00741899,0.184031,11933,0.727965,0.301781,-0.1,0.05,1,627.842,6.62323e+06,1.08604,0.397657,0,0.045903,-0.0281413,nan,-0.0202511,nan,nan,nan,nan,-0.00736245,-0.0214148,-0.0124934,nan,-0.093721,0,-0.0261517,-0.20325,nan,-0.148694,-0.0397864,-0.231032,-0.0832,0.251397,-0.000898094,0.0102222,-0.327058
540,19.2231,330.512,0.0644733,0.0833333,1.70833,0.0970902,0.570326,0.56672,-0.00871616,-3.33083,2.60123e-05,0.0123746,0.184005,10437.1,0.753933,0.423406,-0.1,0.05,1,629.021,6.63552e+06,1.21023,0.430195,0,0.0533752,-0.0311165,nan,-0.0240428,nan,nan,nan,nan,-0.00790101,-0.0229681,-0.014464,nan,-0.103452,0,-0.0224836,-0.223954,nan,-0.151331,-0.0400397,-0.253176,-0.0972558,0.281616,-0.000894292,0.00930233,-0.327706
541,17.5642,300.038,0.0639535,0.0416667,2.125,0.0977921,0.579935,0.613701,-0.00871604,-3.33256,2.60123e-05,0.0113167,0.183982,10276.6,0.7775,0.418221,-0.1,0.05,1,630.219,6.64781e+06,1.1252,0.384722,0,0.0471816,-0.0282186,nan,-0.0209435,nan,nan,nan,nan,-0.00736742,-0.0212602,-0.0130087,nan,-0.0942104,0,-0.0238563,-0.204807,nan,-0.144866,-0.0374929,-0.23237,-0.0811923,0.254055,-0.000853725,0.0134615,-0.373993
542,17.8467,287.744,0.06393,0.0416667,1.75,0.097752,0.571628,0.486904,-0.00894475,-3.33406,2.60123e-05,0.0152257,0.18396,11129,0.7604,0.343747,-0.1,0.05,1,631.325,6.6601e+06,1.07782,0.385262,0,0.0477436,-0.0271273,nan,-0.0211902,nan,nan,nan,nan,-0.00717015,-0.0203924,-0.0128838,nan,-0.0898206,0,-0.0205408,-0.195568,nan,-0.123008,-0.0371103,-0.220477,-0.085186,0.243385,-0.0007842,0.0153488,-0.34329
543,20.6608,332.763,0.0647013,0.0416667,1.54167,0.0964868,0.58505,0.472938,-0.0086858,-3.33567,2.60123e-05,0.0115805,0.183937,12254.1,0.691506,0.311257,-0.1,0.05,1,632.329,6.67238e+06,1.23218,0.456993,0,0.0553184,-0.0314611,nan,-0.0246611,nan,nan,nan,nan,-0.00833522,-0.0232295,-0.0150411,nan,-0.104241,0,-0.0297587,-0.228401,nan,-0.13796,-0.0387932,-0.257481,-0.0877895,0.282085,-0.000876265,0.00644737,-0.227248
544,19.4376,320.556,0.0648201,0.0833333,1.79167,0.0948848,0.591707,0.552938,-0.00868035,-3.33729,2.60123e-05,0.0103715,0.183919,10684,0.766119,0.384009,-0.1,0.05,1,633.48,6.68467e+06,1.147,0.425267,0,0.0541389,-0.0300404,nan,-0.0243524,nan,nan,nan,nan,-0.00816345,-0.0233046,-0.0147667,nan,-0.100262,0,-0.0267527,-0.215315,nan,-0.125377,-0.0375888,-0.245272,-0.0869778,0.271651,-0.000868173,0.0134444,-0.0260138
545,16.6148,273.809,0.0647761,0.0416667,1.91667,0.0963343,0.580879,0.602174,-0.00883794,-3.33866,2.60123e-05,0.0131676,0.183893,8957.73,0.835663,0.536113,-0.1,0.05,1,634.854,6.69696e+06,1.00964,0.35648,0,0.0467427,-0.0256501,nan,-0.0202379,nan,nan,nan,nan,-0.00694493,-0.0199523,-0.0122261,nan,-0.0859189,0,-0.016945,-0.19285,nan,-0.111127,-0.0342796,-0.210478,-0.0789574,0.231057,-0.000725143,0.012766,-0.151207
546,19.1009,310.304,0.0650502,0,1.91667,0.0950571,0.585723,0.586259,-0.00866971,-3.34061,2.60123e-05,0.0117024,0.183864,10729.3,0.840986,0.304291,-0.1,0.05,1,636.002,6.70925e+06,1.15826,0.414965,0,0.0511083,-0.028833,nan,-0.0222109,nan,nan,nan,nan,-0.00790921,-0.0221734,-0.013939,nan,-0.0968555,0,-0.0247826,-0.214773,nan,-0.132973,-0.0411576,-0.237572,-0.0833913,0.261837,-0.000865535,0.0120652,-0.362424
547,16.8433,274.447,0.0615325,0.0416667,1.54167,0.100702,0.592076,0.543849,-0.00782402,-3.34238,2.60123e-05,0.00570955,0.183848,11066.7,0.743125,0.367233,-0.1,0.05,1,637.113,6.72154e+06,1.01375,0.375406,0,0.0454491,-0.0257233,nan,-0.0205,nan,nan,nan,nan,-0.00656438,-0.0196094,-0.0120971,nan,-0.0859682,0,-0.0187543,-0.185111,nan,-0.119483,-0.032277,-0.209536,-0.0814211,0.232987,-0.000714447,0.0110526,-0.711411
548,15.7321,263.447,0.0620967,0.0416667,1.91667,0.0999538,0.612023,0.505626,-0.00906689,-3.34323,2.60123e-05,0.0119941,0.183842,8425.5,0.897918,0.560511,-0.1,0.05,1,638.573,6.73382e+06,0.99496,0.338805,0,0.0419701,-0.0246052,nan,-0.0183204,nan,nan,nan,nan,-0.00667401,-0.0184999,-0.0113662,nan,-0.082499,0,-0.0244664,-0.181916,nan,-0.124742,-0.0339005,-0.202535,-0.0662979,0.221742,-0.000765464,0.0140426,-0.332845
549,17.1741,294.872,0.0601418,0,1.625,0.103029,0.609951,0.572415,-0.00843727,-3.34427,2.60123e-05,0.0146934,0.183817,8700.72,0.934797,0.4775,-0.1,0.05,1,639.988,6.74611e+06,1.09891,0.367832,0,0.0474944,-0.0276655,nan,-0.0209646,nan,nan,nan,nan,-0.00737022,-0.0215218,-0.0130518,nan,-0.0924141,0,-0.026162,-0.201091,nan,-0.134762,-0.0368938,-0.227257,-0.084,0.251009,-0.000838866,0.0119231,-0.477111
550,23.5673,375,0.0594017,0.208333,1.45833,0.103239,0.604316,0.448069,-0.00823933,-3.3463,2.60123e-05,0.0107522,0.183788,8162.88,1.05209,0.453263,-0.1,0.05,1,641.495,6.7584e+06,1.45009,0.504636,0,0.0604711,-0.0349855,nan,-0.0262375,nan,nan,nan,nan,-0.00884577,-0.0259125,-0.0160385,nan,-0.116958,0,-0.026708,-0.250866,nan,-0.176822,-0.0431463,-0.285611,-0.1109,0.318315,-0.00101199,0.014375,-0.454785
551,18.0246,324.231,0.0623082,0.0416667,1.58333,0.100638,0.569573,0.441206,-0.00827295,-3.34788,2.60123e-05,0.00949681,0.183774,9910.22,0.836542,0.40339,-0.1,0.05,1,642.736,6.77069e+06,1.1615,0.426243,0,0.0515155,-0.0302178,nan,-0.0225446,nan,nan,nan,nan,-0.00761613,-0.0223673,-0.0137467,nan,-0.101361,0,-0.0233372,-0.222453,nan,-0.15751,-0.0407531,-0.246779,-0.0913846,0.274387,-0.000901383,0.0133333,-0.291063
552,17.3656,310.27,0.061935,0.0833333,1.45833,0.103151,0.545111,0.475794,-0.00807227,-3.34888,2.60123e-05,0.0104726,0.183756,9999.6,0.815251,0.413598,-0.1,0.05,1,643.966,6.78298e+06,1.09995,0.433909,0,0.0483075,-0.0290279,nan,-0.0215395,nan,nan,nan,nan,-0.00710834,-0.0207184,-0.0131938,nan,-0.0972123,0,-0.0233347,-0.206226,nan,-0.156216,-0.0352552,-0.238553,-0.0899459,0.263008,-0.000811585,0.0105405,-0.357373
553,18.6463,307.333,0.0601049,0.0833333,1.41667,0.101787,0.590309,0.514471,-0.008268,-3.35035,2.60123e-05,0.00999667,0.183735,10739.5,0.815387,0.328801,-0.1,0.05,1,645.112,6.79526e+06,1.15834,0.400715,0,0.0501064,-0.0289418,nan,-0.0214506,nan,nan,nan,nan,-0.00702738,-0.0207227,-0.0133175,nan,-0.0961824,0,-0.0183614,-0.205316,nan,-0.142649,-0.0320251,-0.23471,-0.0902778,0.260665,-0.000849701,0.00972222,-0.424835
554,10.6066,208.088,0.0645036,0.0416667,1.375,0.0982927,0.577269,0.432562,-0.00817071,-3.35166,2.60123e-05,0.0128075,0.183726,11487.1,0.700565,0.369157,-0.1,0.05,1,646.183,6.80755e+06,0.743138,0.265835,0,0.0311203,-0.0195549,nan,-0.01354,nan,nan,nan,nan,-0.00497047,-0.013179,-0.00846572,nan,-0.0649617,0,-0.0180738,-0.143327,nan,-0.113413,-0.02798,-0.159438,-0.0577353,0.174599,-0.000573911,0.00352941,-0.241837
555,20.3524,353.192,0.0620783,0.0416667,1.04167,0.103063,0.56399,0.416739,-0.0087195,-3.35253,2.60123e-05,0.0163789,0.183709,10410.1,0.811613,0.368781,-0.1,0.05,1,647.365,6.81984e+06,1.26994,0.484723,0,0.0561962,-0.0331925,nan,-0.0238677,nan,nan,nan,nan,-0.0084756,-0.025216,-0.0157025,nan,-0.11033,0,-0.0282684,-0.24307,nan,-0.167892,-0.0422596,-0.271059,-0.0967308,0.298742,-0.00102305,0.015,-0.345765
556,14.3851,265,0.0596339,0.0416667,1.33333,0.104171,0.571629,0.398079,-0.00982774,-3.3542,2.60123e-05,0.00818408,0.183682,10848.1,0.764106,0.368628,-0.1,0.05,1,648.5,6.83213e+06,0.965724,0.331159,0,0.0405739,-0.0245668,nan,-0.0177624,nan,nan,nan,nan,-0.00654995,-0.0184334,-0.0112042,nan,-0.0827682,0,-0.0230356,-0.178999,nan,-0.136776,-0.0354041,-0.203086,-0.0692424,0.222281,-0.00074178,0.01,-0.461041
557,15.4855,257.735,0.0611905,0.0833333,1.95833,0.0996803,0.594357,0.581593,-0.00828705,-3.35625,2.60123e-05,0.00545766,0.18365,10846.7,0.798372,0.334507,-0.1,0.05,1,649.634,6.84442e+06,0.959931,0.336888,0,0.0424147,-0.0242347,nan,-0.0183869,nan,nan,nan,nan,-0.00607482,-0.0174129,-0.0112592,nan,-0.0806102,0,-0.0155662,-0.175547,nan,-0.11841,-0.0281768,-0.1976,-0.0759796,0.217244,-0.000632438,0.015,-0.334584
558,21.761,363.86,0.0630139,0.166667,1.625,0.0993132,0.57309,0.537576,-0.00848875,-3.35844,2.60123e-05,0.0106764,0.183625,10596.8,0.755996,0.403596,-0.1,0.05,1,650.795,6.8567e+06,1.35761,0.483154,0,0.0590233,-0.0341116,nan,-0.0250112,nan,nan,nan,nan,-0.00839757,-0.0251336,-0.0155323,nan,-0.113922,0,-0.0233221,-0.245839,nan,-0.173471,-0.0379808,-0.279088,-0.103209,0.306152,-0.000958677,0.0174419,-0.530521
559,19.4899,323,0.0626839,0.125,1.04167,0.101424,0.547763,0.383875,-0.00851445,-3.35967,2.60123e-05,0.0141674,0.183618,10395.5,0.818532,0.363521,-0.1,0.05,1,651.979,6.86899e+06,1.17909,0.431093,0,0.0541405,-0.0301919,nan,-0.0240957,nan,nan,nan,nan,-0.00768269,-0.0228505,-0.0142357,nan,-0.100856,0,-0.0207655,-0.215816,nan,-0.140981,-0.0352556,-0.246495,-0.0922857,0.274691,-0.000810748,0.0142857,-0.370788
560,18.5102,315.333,0.0607513,0.0416667,1.33333,0.105899,0.543879,0.417353,-0.00829021,-3.36018,2.60123e-05,0.0132491,0.183608,11026.8,0.783834,0.330545,-0.1,0.05,1,653.095,6.88128e+06,1.10768,0.427455,0,0.0532983,-0.0294697,nan,-0.0230261,nan,nan,nan,nan,-0.00790464,-0.0222594,-0.014216,nan,-0.0981877,0,-0.0262691,-0.211758,nan,-0.128844,-0.0380109,-0.239966,-0.0932424,0.26723,-0.00087047,0.0131818,-0.307121
561,19.4851,351,0.0603121,0.125,1.16667,0.103147,0.5601,0.374153,-0.00874104,-3.36125,2.60123e-05,0.00791631,0.183585,11227.4,0.722656,0.371812,-0.1,0.05,1,654.19,6.89357e+06,1.24154,0.472351,0,0.0558118,-0.0328144,nan,-0.0237,nan,nan,nan,nan,-0.00875608,-0.0236893,-0.0147032,nan,-0.109563,0,-0.0245296,-0.237628,nan,-0.17087,-0.0478625,-0.266987,-0.0984516,0.294432,-0.000995377,0.0191935,-0.376085
562,18.9012,331.702,0.0613651,0.0416667,1.91667,0.103511,0.557137,0.550262,-0.0091906,-3.36311,2.60123e-05,0.0155551,0.183554,10675.5,0.789326,0.361726,-0.1,0.05,1,655.343,6.90586e+06,1.19978,0.433043,0,0.0540188,-0.0310432,nan,-0.0234494,nan,nan,nan,nan,-0.00816758,-0.0234897,-0.0146797,nan,-0.103839,0,-0.0243365,-0.226893,nan,-0.149854,-0.0401792,-0.254504,-0.0992553,0.280823,-0.000901018,0.00851064,-0.478261
563,18.5754,302.914,0.0625626,0.0833333,1.375,0.100671,0.574462,0.495263,-0.0080069,-3.36524,2.60123e-05,0.0130172,0.183523,10956.1,0.770317,0.351247,-0.1,0.05,1,656.466,6.91814e+06,1.11273,0.399854,0,0.0510383,-0.0283393,nan,-0.0227571,nan,nan,nan,nan,-0.00741564,-0.0226644,-0.0137804,nan,-0.0945275,0,-0.0204728,-0.19972,nan,-0.127201,-0.0330817,-0.231379,-0.0844,0.255661,-0.00080638,0.0111429,-0.528811
564,21.3878,352.667,0.0614915,0.0416667,1.33333,0.100979,0.581563,0.440667,-0.00879627,-3.36705,2.60123e-05,0.00971413,0.183507,9965.01,0.83941,0.393705,-0.1,0.05,1,657.701,6.93043e+06,1.29043,0.490758,0,0.0579585,-0.0332793,nan,-0.0252703,nan,nan,nan,nan,-0.00864906,-0.0247082,-0.0153856,nan,-0.110287,0,-0.0280518,-0.237745,nan,-0.157713,-0.0428691,-0.269514,-0.0982424,0.298305,-0.000952988,0.0168182,-0.354304
565,19.8143,347.457,0.0599364,0.0416667,1.875,0.1033,0.596488,0.555884,-0.00857145,-3.36808,2.60123e-05,0.00992551,0.183492,8876.97,0.93093,0.453327,-0.1,0.05,1,659.087,6.94272e+06,1.265,0.453412,0,0.0561537,-0.032728,nan,-0.0245404,nan,nan,nan,nan,-0.00841469,-0.0252793,-0.0150143,nan,-0.108956,0,-0.027574,-0.239582,nan,-0.160628,-0.0420976,-0.266419,-0.103435,0.294999,-0.000951401,0.0125,-0.410927
566,19.4999,323.879,0.0622172,0.125,1.25,0.10131,0.570314,0.472818,-0.00770236,-3.36939,2.60123e-05,0.00735616,0.183474,9369.77,0.896648,0.414804,-0.1,0.05,1,660.401,6.95501e+06,1.13516,0.450731,0,0.0553548,-0.0303443,nan,-0.0240818,nan,nan,nan,nan,-0.00808196,-0.0241722,-0.0145805,nan,-0.101196,0,-0.0254801,-0.218574,nan,-0.125671,-0.0376344,-0.247883,-0.098697,0.27604,-0.000890502,0.015,nan
567,17.7158,319.442,0.0609517,0.0833333,1.70833,0.104479,0.570798,0.456624,-0.00878206,-3.37052,2.60123e-05,0.0142902,0.183463,10410.2,0.793064,0.387315,-0.1,0.05,1,661.583,6.9673e+06,1.15492,0.421591,0,0.0501917,-0.0298975,nan,-0.0217437,nan,nan,nan,nan,-0.00751189,-0.0218053,-0.0134124,nan,-0.0999809,0,-0.0275249,-0.213291,nan,-0.159119,-0.0393717,-0.243754,-0.0975581,0.271892,-0.000866018,0.0123256,-0.423954
568,19.686,356.804,0.0618513,0,1.91667,0.102366,0.591699,0.571752,-0.00908372,-3.37164,2.60123e-05,0.0108805,0.183441,9784.92,0.824621,0.431189,-0.1,0.05,1,662.841,6.97958e+06,1.27893,0.471988,0,0.0560394,-0.033755,nan,-0.0246548,nan,nan,nan,nan,-0.00876246,-0.0250422,-0.0152506,nan,-0.111508,0,-0.0329218,-0.243947,nan,-0.172672,-0.0441842,-0.275528,-0.097913,0.301305,-0.000983593,0.00782609,-0.513667
569,12.5863,209.49,0.063095,0.125,2,0.101635,0.570132,0.544746,-0.00852688,-3.37315,2.60123e-05,0.0141855,0.183425,9697.19,0.885793,0.381378,-0.1,0.05,1,664.11,6.99187e+06,0.787021,0.285715,0,0.0341167,-0.0196517,nan,-0.0147624,nan,nan,nan,nan,-0.00525905,-0.0141258,-0.00892175,nan,-0.0654207,0,-0.0172187,-0.142906,nan,-0.0975051,-0.0281374,-0.159164,-0.0593333,0.176705,-0.000558624,0.00343137,-0.420062
570,16.7729,285.262,0.0635771,0.0833333,1.66667,0.102627,0.546814,0.548484,-0.00799358,-3.37422,2.60123e-05,0.00940753,0.183409,10074.1,0.828081,0.391677,-0.1,0.05,1,665.332,7.00416e+06,1.03528,0.384487,0,0.0466589,-0.0267991,nan,-0.0202124,nan,nan,nan,nan,-0.00680688,-0.0195119,-0.0125176,nan,-0.0888788,0,-0.0232731,-0.195131,nan,-0.127836,-0.0339121,-0.218103,-0.0839524,0.241173,-0.000759441,0.0146429,-0.543887
571,15.5486,286.043,0.0596403,0.125,1.79167,0.105985,0.585952,0.565698,-0.00820628,-3.37544,2.60123e-05,0.0150113,0.183392,12778.4,0.689861,0.271763,-0.1,0.05,1,666.295,7.01645e+06,1.04974,0.377127,0,0.043414,-0.0269019,nan,-0.0185496,nan,nan,nan,nan,-0.00659178,-0.0185783,-0.0115105,nan,-0.0891889,0,-0.0228489,-0.196826,nan,-0.155347,-0.0359341,-0.218338,-0.0849783,0.241618,-0.000792884,0.0125,-0.39811
572,15.1383,248.674,0.0603622,0,1.79167,0.10442,0.587888,0.486757,-0.00772771,-3.37677,2.60123e-05,0.00920208,0.183376,12573.8,0.693403,0.283871,-0.1,0.05,1,667.273,7.02874e+06,0.909779,0.338616,0,0.0410281,-0.0236212,nan,-0.0171074,nan,nan,nan,nan,-0.00624847,-0.0171596,-0.0105445,nan,-0.0781823,0,-0.023752,-0.168441,nan,-0.105473,-0.0327278,-0.192042,-0.0713023,0.211105,-0.000708447,0.0152326,-0.247978
573,17.7575,305.043,0.0611393,0.0416667,1.91667,0.102191,0.585229,0.576235,-0.00958778,-3.37796,2.60123e-05,0.00849328,0.183361,13187.5,0.663306,0.268489,-0.1,0.05,1,668.206,7.04102e+06,1.11936,0.389524,0,0.0503345,-0.028874,nan,-0.0218974,nan,nan,nan,nan,-0.00749037,-0.0218738,-0.0133289,nan,-0.0953733,0,-0.0241267,-0.20609,nan,-0.13603,-0.0381499,-0.23364,-0.0901277,0.257374,-0.000840505,0.016383,-0.32029
574,17.1802,295.744,0.0627968,0.0833333,1.54167,0.100228,0.575804,0.498769,-0.00914799,-3.37906,2.60123e-05,0.0113411,0.18335,13655.1,0.619255,0.280631,-0.1,0.05,1,669.107,7.05331e+06,1.0908,0.39122,0,0.0473235,-0.0278333,nan,-0.0203892,nan,nan,nan,nan,-0.0070513,-0.0203058,-0.0127509,nan,-0.092449,0,-0.0221042,-0.203126,nan,-0.142991,-0.0361105,-0.227308,-0.0831538,0.250117,-0.000776646,0.0135897,-0.735019
575,20.7695,332.6,0.0637486,0.125,1.75,0.103122,0.540747,0.506928,-0.00943009,-3.37969,2.60123e-05,0.0129665,0.183347,9740.54,0.859626,0.401905,-0.1,0.05,1,670.37,7.0656e+06,1.22635,0.463457,0,0.055691,-0.0312087,nan,-0.0239516,nan,nan,nan,nan,-0.00824758,-0.0235648,-0.0149736,nan,-0.103732,0,-0.0262249,-0.227403,nan,-0.139822,-0.0406303,-0.254927,-0.0891556,0.278981,-0.000926775,0.0142222,-0.347915
576,16.8853,275.161,0.0647421,0,1.29167,0.0983267,0.558099,0.38425,-0.00839476,-3.38037,2.60123e-05,0.0119447,0.183333,10545.8,0.814419,0.350788,-0.1,0.05,1,671.537,7.07789e+06,1.03857,0.378817,0,0.0447493,-0.0259866,nan,-0.0190748,nan,nan,nan,nan,-0.00674925,-0.0187745,-0.0116386,nan,-0.0861167,0,-0.0177063,-0.18528,nan,-0.133524,-0.036069,-0.211629,-0.0786452,0.232971,-0.000720319,0.0196774,-0.239359
577,18.3017,293.735,0.0615025,0.0833333,1.33333,0.099665,0.574978,0.504327,-0.00903564,-3.38193,2.60123e-05,0.010855,0.183306,10914.3,0.753589,0.372277,-0.1,0.05,1,672.665,7.09018e+06,1.08692,0.385703,0,0.0506338,-0.0274144,nan,-0.0218059,nan,nan,nan,nan,-0.00722119,-0.0221361,-0.0132692,nan,-0.0920593,0,-0.0175966,-0.201474,nan,-0.113859,-0.0349904,-0.222184,-0.0900588,0.249913,-0.00080936,0.00941176,-0.08909
578,17.5239,299.372,0.061711,0.0833333,1.70833,0.100438,0.598338,0.47278,-0.0091417,-3.38394,2.60123e-05,0.00915069,0.183275,9493.63,0.866233,0.428109,-0.1,0.05,1,673.96,7.10246e+06,1.07387,0.41361,0,0.0492647,-0.0283285,nan,-0.021006,nan,nan,nan,nan,-0.00741302,-0.0206416,-0.0130593,nan,-0.0937844,0,-0.0252858,-0.204883,nan,-0.134406,-0.0381845,-0.229693,-0.0816977,0.252278,-0.000791177,0.0137209,-0.588663
579,16.5623,280.5,0.0606636,0.125,1.29167,0.103472,0.58778,0.415324,-0.00811731,-3.38597,2.60123e-05,0.0109977,0.183253,9181.77,0.861182,0.477122,-0.1,0.05,1,675.3,7.11475e+06,0.97846,0.379749,0,0.0474469,-0.0261794,nan,-0.0204553,nan,nan,nan,nan,-0.00743775,-0.0204785,-0.0127931,nan,-0.0876657,0,-0.0259367,-0.186045,nan,-0.10961,-0.038129,-0.214843,-0.0770294,0.237041,-0.000775447,0.0127941,nan
580,11.9367,226.297,0.0602637,0,1.54167,0.101881,0.614908,0.495063,-0.00810898,-3.38749,2.60123e-05,0.00764922,0.183233,9777.71,0.830725,0.426011,-0.1,0.05,1,676.558,7.12704e+06,0.813182,0.282218,0,0.0360021,-0.0214503,nan,-0.0151578,nan,nan,nan,nan,-0.00539964,-0.01485,-0.00951425,nan,-0.0706041,0,-0.0204009,-0.154649,nan,-0.115159,-0.0305687,-0.1741,-0.0612703,0.19023,-0.000560469,0.00945946,-0.300228
581,19.9865,357.689,0.0619907,0.125,1.75,0.101467,0.581919,0.528059,-0.00951242,-3.38922,2.60123e-05,0.00952238,0.183201,9499.23,0.847001,0.446577,-0.1,0.05,1,677.854,7.13933e+06,1.28324,0.469274,0,0.0571437,-0.0334507,nan,-0.0251938,nan,nan,nan,nan,-0.00838458,-0.0240725,-0.0153346,nan,-0.111457,0,-0.0254564,-0.242843,nan,-0.171886,-0.0408843,-0.272437,-0.101244,0.302411,-0.000901193,0.00944444,-0.312664
582,17.5888,305.135,0.061989,0.0833333,1.45833,0.10001,0.586118,0.480064,-0.0088085,-3.39119,2.60123e-05,0.0125544,0.183185,9156.25,0.834031,0.508003,-0.1,0.05,1,679.198,7.15162e+06,1.0785,0.417467,0,0.0497424,-0.0286531,nan,-0.0218535,nan,nan,nan,nan,-0.00717522,-0.0213057,-0.0133714,nan,-0.094932,0,-0.024197,-0.204284,nan,-0.137884,-0.034487,-0.232187,-0.088027,0.258712,-0.000781492,0.0139189,-0.55069
583,16.5776,295.239,0.0608305,0.0833333,1.83333,0.10057,0.591919,0.519418,-0.00895067,-3.39248,2.60123e-05,0.0140285,0.183158,10429.8,0.781064,0.397093,-0.1,0.05,1,680.378,7.1639e+06,1.04325,0.366899,0,0.0497984,-0.0279823,nan,-0.0224322,nan,nan,nan,nan,-0.00743951,-0.021602,-0.0136522,nan,-0.0926361,0,-0.0248544,-0.207575,nan,-0.118942,-0.0374042,-0.228482,-0.0834783,0.250269,-0.000769994,0.0125,-0.151501
584,18.3681,309.278,0.0618076,0.0416667,1.45833,0.100197,0.591317,0.479154,-0.00865035,-3.39444,2.60123e-05,0.0144057,0.183137,9988.91,0.791658,0.438506,-0.1,0.05,1,681.609,7.17619e+06,1.16382,0.395171,0,0.0497228,-0.0292027,nan,-0.0217456,nan,nan,nan,nan,-0.0071539,-0.0217586,-0.0135015,nan,-0.0966028,0,-0.0222246,-0.207983,nan,-0.145961,-0.0381291,-0.236316,-0.0878889,0.261225,-0.000856619,0.0126389,-0.250856
585,18.4262,296.784,0.0610948,0,1.54167,0.102117,0.584819,0.432243,-0.00765966,-3.39562,2.60123e-05,0.0102965,0.183125,9875.61,0.867504,0.376773,-0.1,0.05,1,682.856,7.18848e+06,1.09697,0.42439,0,0.0479553,-0.0279802,nan,-0.0198957,nan,nan,nan,nan,-0.00728966,-0.0196597,-0.0126443,nan,-0.0927836,0,-0.0267474,-0.201141,nan,-0.133234,-0.0362249,-0.229107,-0.0833784,0.250026,-0.00083009,0.0185135,-0.474091
586,19.2274,339.806,0.0603576,0.0416667,1.45833,0.104476,0.576997,0.518109,-0.00867209,-3.39699,2.60123e-05,0.00993392,0.183099,10813.5,0.741237,0.395117,-0.1,0.05,1,683.994,7.20077e+06,1.21641,0.436376,0,0.0564006,-0.0321315,nan,-0.0244433,nan,nan,nan,nan,-0.00821922,-0.0238214,-0.0150349,nan,-0.105932,0,-0.0258941,-0.228651,nan,-0.150841,-0.0407023,-0.261317,-0.0975833,0.287192,-0.000917127,0.0113889,-0.37093
587,24.5063,418.333,0.0619759,0.291667,1.08333,0.100505,0.587478,0.403611,-0.00747283,-3.39877,2.60123e-05,0.0094631,0.183077,9516.37,0.84582,0.445429,-0.1,0.05,1,685.287,7.21306e+06,1.52015,0.557179,0,0.0700334,-0.0394687,nan,-0.0298655,nan,nan,nan,nan,-0.0102044,-0.0286713,-0.0183858,nan,-0.131067,0,-0.0236391,-0.284465,nan,-0.188511,-0.0553862,-0.320732,-0.120788,0.352869,-0.00110552,0.0212121,-0.24112
588,19.9445,355.361,0.0616994,0.208333,1.29167,0.102455,0.589779,0.388018,-0.00809037,-3.40017,2.60123e-05,0.0117703,0.183061,11022.2,0.755206,0.359636,-0.1,0.05,1,686.403,7.22534e+06,1.25561,0.475826,0,0.0571417,-0.0333264,nan,-0.0245567,nan,nan,nan,nan,-0.00843541,-0.0246193,-0.0151515,nan,-0.110721,0,-0.0305787,-0.237619,nan,-0.168969,-0.041723,-0.273817,-0.0908611,0.299318,-0.000999762,0.0151389,-0.533201
589,25.6424,441.267,0.0600321,0.208333,1.66667,0.106486,0.582461,0.509866,-0.00882092,-3.40125,2.60123e-05,0.0146702,0.18305,10849.5,0.820197,0.312391,-0.1,0.05,1,687.537,7.23763e+06,1.59532,0.584244,0,0.0728733,-0.0415639,nan,-0.0313822,nan,nan,nan,nan,-0.0104501,-0.0311155,-0.019216,nan,-0.137455,0,-0.0357271,-0.295668,nan,-0.199959,-0.0507053,-0.339074,-0.120622,0.371543,-0.00118291,0.0186667,-0.347998
590,17.6006,304,0.0615249,0.125,1.45833,0.100928,0.623089,0.392505,-0.0090806,-3.40232,2.60123e-05,0.00957411,0.183032,11110.2,0.712381,0.393629,-0.1,0.05,1,688.645,7.24992e+06,1.08311,0.401317,0,0.0495383,-0.028767,nan,-0.0222305,nan,nan,nan,nan,-0.00775685,-0.021126,-0.0137105,nan,-0.094526,0,-0.0329318,-0.205479,nan,-0.128145,-0.0391406,-0.234882,-0.0778947,0.258073,-0.000806918,0.00605263,-0.20262
591,20.6199,349.318,0.0635202,0,0.916667,0.0998247,0.588796,0.347577,-0.00746653,-3.40382,2.60123e-05,0.0133925,0.183016,9960.02,0.808968,0.424765,-0.1,0.05,1,689.88,7.26221e+06,1.28215,0.439357,0,0.0580848,-0.0328951,nan,-0.0255445,nan,nan,nan,nan,-0.00885754,-0.0237402,-0.0155927,nan,-0.108604,0,-0.0343917,-0.23453,nan,-0.147023,-0.0426432,-0.268948,-0.0862727,0.293834,-0.000888762,0.00318182,-0.34497
592,15.8867,284.143,0.0607325,0.0833333,1.375,0.10295,0.600013,0.406011,-0.00820067,-3.40485,2.60123e-05,0.0115948,0.183012,9588.85,0.864386,0.417103,-0.1,0.05,1,691.163,7.2745e+06,1.03557,0.354178,0,0.045964,-0.0269041,nan,-0.02044,nan,nan,nan,nan,-0.00664401,-0.0195605,-0.0125556,nan,-0.0887322,0,-0.0204984,-0.191186,nan,-0.134144,-0.0333329,-0.218674,-0.0838571,0.240458,-0.000762573,0.011,-0.414643
593,20.8929,374.676,0.0608819,0.125,1.29167,0.102136,0.585433,0.414759,-0.00866531,-3.40531,2.60123e-05,0.0123526,0.183001,11608,0.761722,0.296859,-0.1,0.05,1,692.223,7.28678e+06,1.32716,0.469904,0,0.0616995,-0.03551,nan,-0.0269665,nan,nan,nan,nan,-0.00924567,-0.0266051,-0.0165189,nan,-0.117488,0,-0.0296763,-0.255032,nan,-0.163484,-0.0450482,-0.289115,-0.101265,0.316379,-0.000990035,0.0132353,-0.910764
594,20.2612,362.714,0.0629666,0.0416667,1.125,0.0977984,0.599973,0.36118,-0.00880916,-3.40645,2.60123e-05,0.0152416,0.182984,9968.22,0.814383,0.418334,-0.1,0.05,1,693.458,7.29907e+06,1.33065,0.463952,0,0.0582393,-0.0343721,nan,-0.0255221,nan,nan,nan,nan,-0.00821484,-0.0233404,-0.0151229,nan,-0.11317,0,-0.0265512,-0.244469,nan,-0.178693,-0.0415083,-0.277388,-0.102964,0.308333,-0.000948454,0.00357143,-0.277269
595,19.7496,357.268,0.0617361,0.208333,1.5,0.101408,0.602789,0.446398,-0.00905094,-3.40793,2.60123e-05,0.0143818,0.182956,10279.6,0.830396,0.36498,-0.1,0.05,1,694.654,7.31136e+06,1.24936,0.444562,0,0.0596147,-0.0337836,nan,-0.0262693,nan,nan,nan,nan,-0.00855521,-0.0253351,-0.0161835,nan,-0.111841,0,-0.0278923,-0.240596,nan,-0.153204,-0.0421381,-0.273989,-0.100976,0.302448,-0.00099091,0.0163415,-0.315604
596,16.8488,307.952,0.0616449,0.0416667,1.70833,0.101377,0.582583,0.571024,-0.00772463,-3.41,2.60123e-05,0.0108658,0.182931,10769.3,0.745306,0.39572,-0.1,0.05,1,695.797,7.32365e+06,1.11861,0.424002,0,0.0474542,-0.0292399,nan,-0.0200448,nan,nan,nan,nan,-0.00653134,-0.0189945,-0.0123014,nan,-0.0967858,0,-0.0224098,-0.209788,nan,-0.168438,-0.0349209,-0.238465,-0.0852143,0.261005,-0.000791388,0.0072619,-0.431832
597,20.8835,358.441,0.0628135,0.125,1.29167,0.09832,0.605162,0.422371,-0.0089859,-3.41165,2.60123e-05,0.0141169,0.18291,11277.7,0.70857,0.381012,-0.1,0.05,1,696.888,7.33594e+06,1.27306,0.460633,0,0.0610524,-0.0338069,nan,-0.0262382,nan,nan,nan,nan,-0.00892537,-0.0262519,-0.0162684,nan,-0.112236,0,-0.0327231,-0.240528,nan,-0.143143,-0.0439193,-0.275737,-0.0971765,0.304025,-0.00100781,0.0130882,-0.165219
598,19.5757,333.425,0.0626884,0.0833333,1.58333,0.0998443,0.594671,0.503783,-0.00835617,-3.41277,2.60123e-05,0.0112388,0.182905,11034,0.765736,0.347913,-0.1,0.05,1,698.003,7.34822e+06,1.22058,0.435768,0,0.0554901,-0.0317497,nan,-0.023762,nan,nan,nan,nan,-0.00809312,-0.023584,-0.0144062,nan,-0.104734,0,-0.0246911,-0.225176,nan,-0.146411,-0.0395982,-0.259232,-0.095175,0.281353,-0.000882419,0.012875,-0.397195
599,20.2357,364.636,0.0630186,0.208333,1.16667,0.101951,0.575718,0.419091,-0.00898754,-3.41314,2.60123e-05,0.0112374,0.182905,9820.64,0.797128,0.454115,-0.1,0.05,1,699.256,7.36051e+06,1.34002,0.482241,0,0.055841,-0.0342935,nan,-0.02462,nan,nan,nan,nan,-0.00831065,-0.0243682,-0.0149546,nan,-0.113798,0,-0.0315687,-0.248436,nan,-0.192365,-0.0428404,-0.27856,-0.0998788,0.308465,-0.000963827,0.0133333,-0.603546
600,17.12,277.659,0.062274,0,1.83333,0.100927,0.577105,0.566051,-0.00820336,-3.41351,2.60123e-05,0.00879437,0.182901,9798.42,0.8697,0.384379,-0.1,0.05,1,700.512,7.3728e+06,1.03011,0.371968,0,0.0468727,-0.0262354,nan,-0.0206673,nan,nan,nan,nan,-0.00681585,-0.02001,-0.0124979,nan,-0.0868191,0,-0.0222076,-0.186237,nan,-0.116816,-0.0325803,-0.214105,-0.0780682,0.234107,-0.000721572,0.0117045,-0.219804
601,18.1021,318.828,0.0626319,0.0416667,1.16667,0.0997207,0.603059,0.415676,-0.00861051,-3.41426,2.60123e-05,0.012284,0.182885,10729,0.754062,0.391242,-0.1,0.05,1,703.76,7.38509e+06,1.20222,0.400433,0,0.0500603,-0.030292,nan,-0.0216145,nan,nan,nan,nan,-0.00723961,-0.0206971,-0.0129195,nan,-0.100095,0,-0.0248767,-0.217988,nan,-0.162415,-0.0373699,-0.247684,-0.0864138,0.269464,-0.00082153,0.0122414,-0.341579
602,25.2868,444.08,0.0648632,0.0833333,0.958333,0.0956292,0.613232,0.341477,-0.00740038,-3.41559,2.60123e-05,0.00916572,0.182869,11011.5,0.777598,0.338326,-0.1,0.05,1,704.877,7.39738e+06,1.57454,0.578704,0,0.0737818,-0.0420729,nan,-0.0323032,nan,nan,nan,nan,-0.0108165,-0.0317947,-0.0195645,nan,-0.138929,0,-0.0396628,-0.300272,nan,-0.192863,-0.0506747,-0.340388,-0.11848,0.373869,-0.00122952,0.015,-0.406245
603,17.3459,305.926,0.0631075,0.0416667,1.08333,0.0972855,0.612606,0.364481,-0.00876974,-3.41671,2.60123e-05,0.0124149,0.182852,11487.7,0.702699,0.36697,-0.1,0.05,1,705.949,7.40966e+06,1.12832,0.388912,0,0.0480504,-0.0288585,nan,-0.0208326,nan,nan,nan,nan,-0.00746134,-0.0213528,-0.013084,nan,-0.0956494,0,-0.0320671,-0.204066,nan,-0.145075,-0.0411869,-0.236104,-0.0911111,0.260636,-0.000886981,0.0164815,-0.336336
604,19.5901,329.294,0.0626931,0.0833333,1.33333,0.0995556,0.585071,0.512551,-0.00790319,-3.41795,2.60123e-05,0.0107894,0.182836,9957.38,0.83738,0.396679,-0.1,0.05,1,707.184,7.42195e+06,1.19902,0.424581,0,0.0549181,-0.0310525,nan,-0.0241912,nan,nan,nan,nan,-0.00838478,-0.0232831,-0.01453,nan,-0.102698,0,-0.0318016,-0.222817,nan,-0.135153,-0.0397439,-0.253921,-0.0871471,0.278518,-0.000865203,0.00926471,-0.38092
605,19.2333,348.082,0.0632166,0.0416667,2,0.0970647,0.606178,0.532607,-0.00912059,-3.41942,2.60123e-05,0.0121037,0.182809,10161.5,0.778475,0.430799,-0.1,0.05,1,708.395,7.43424e+06,1.27003,0.445698,0,0.055938,-0.0328256,nan,-0.0240371,nan,nan,nan,nan,-0.00809227,-0.0231672,-0.0144717,nan,-0.108479,0,-0.0275031,-0.236136,nan,-0.168714,-0.0430298,-0.267204,-0.108061,0.295504,-0.000923392,0.0108163,-0.375702
606,21.7034,346.786,0.0637896,0.0416667,1.125,0.0973294,0.605823,0.408539,-0.00820473,-3.4208,2.60123e-05,0.00744293,0.182806,9564.37,0.871709,0.413059,-0.1,0.05,1,709.697,7.44653e+06,1.30271,0.431602,0,0.06009,-0.0330432,nan,-0.0269814,nan,nan,nan,nan,-0.00886201,-0.0260702,-0.0157865,nan,-0.108221,0,-0.0231258,-0.234716,nan,-0.13342,-0.043409,-0.268307,-0.0931071,0.295524,-0.000890069,0.0125,-0.03684
607,15.0418,272.667,0.0638806,0.0416667,1.08333,0.0989444,0.587155,0.418192,-0.00835713,-3.42114,2.60123e-05,0.0112524,0.182796,11067.2,0.702015,0.408297,-0.1,0.05,1,710.809,7.45882e+06,1.00892,0.334525,0,0.0428214,-0.025789,nan,-0.0184948,nan,nan,nan,nan,-0.00640013,-0.0177518,-0.0108001,nan,-0.0846173,0,-0.0216735,-0.188622,nan,-0.139823,-0.0355258,-0.20853,-0.071037,0.232966,-0.000688209,0.0146296,-0.280899
608,24.9891,418.333,0.0612822,0.125,1.125,0.100262,0.629295,0.480823,-0.00804377,-3.42238,2.60123e-05,0.00844621,0.182773,9721.13,0.80272,0.46133,-0.1,0.05,1,712.074,7.4711e+06,1.50734,0.532217,0,0.0710767,-0.0394218,nan,-0.03123,nan,nan,nan,nan,-0.0106255,-0.0300407,-0.0189494,nan,-0.130348,0,-0.0478861,-0.285784,nan,-0.161265,-0.0448683,-0.325283,-0.105633,0.354813,-0.00115057,0.0165,nan
609,24.6648,411.097,0.0620506,0.125,1.16667,0.100325,0.593838,0.338366,-0.00880936,-3.42393,2.60123e-05,0.00675762,0.18275,10092.1,0.815373,0.402212,-0.1,0.05,1,713.294,7.48339e+06,1.50773,0.52266,0,0.0703534,-0.038926,nan,-0.0309426,nan,nan,nan,nan,-0.0100196,-0.0285028,-0.0189392,nan,-0.128805,0,-0.031843,-0.276035,nan,-0.166353,-0.048354,-0.318295,-0.119516,0.349139,-0.00109191,0.0180645,-0.264728
610,20.6002,369.962,0.0609652,0.0833333,1,0.100662,0.599288,0.394274,-0.00891874,-3.42574,2.60123e-05,0.00998523,0.182721,10225,0.80946,0.392303,-0.1,0.05,1,714.498,7.49568e+06,1.35594,0.456177,0,0.0600189,-0.0353349,nan,-0.0264362,nan,nan,nan,nan,-0.00832208,-0.0241745,-0.0159638,nan,-0.115713,0,-0.0326673,-0.252676,nan,-0.176076,-0.0355368,-0.287661,-0.102231,0.315734,-0.000904915,0.00576923,-0.432765
611,22.3325,361.146,0.059537,0.125,1.58333,0.103597,0.620147,0.529931,-0.0083881,-3.42742,2.60123e-05,0.0108234,0.182705,11448.8,0.694875,0.37843,-0.1,0.05,1,715.573,7.50797e+06,1.3463,0.468766,0,0.0617766,-0.0344159,nan,-0.0265527,nan,nan,nan,nan,-0.00881007,-0.0252326,-0.0158015,nan,-0.112875,0,-0.0302495,-0.244817,nan,-0.14741,-0.0418001,-0.279789,-0.0969024,0.307149,-0.000947396,0.0154878,-0.176853
612,18.2145,304.688,0.0603628,0.0833333,1.25,0.103669,0.576907,0.423001,-0.00837128,-3.42874,2.60123e-05,0.0113783,0.182684,11507.3,0.728819,0.339028,-0.1,0.05,1,716.642,7.52026e+06,1.09884,0.417588,0,0.0515954,-0.0288897,nan,-0.0222294,nan,nan,nan,nan,-0.0075411,-0.0216796,-0.0132526,nan,-0.0948918,0,-0.0276232,-0.206073,nan,-0.125768,-0.0399554,-0.23541,-0.0890937,0.260626,-0.000869963,0.0120313,-0.533804
613,18.599,325.579,0.0634394,0.0833333,1.5,0.100222,0.57268,0.600001,-0.00923316,-3.43028,2.60123e-05,0.0106084,0.182665,10417.6,0.807044,0.372497,-0.1,0.05,1,717.823,7.53254e+06,1.17462,0.421399,0,0.0532294,-0.0305047,nan,-0.0233405,nan,nan,nan,nan,-0.00773045,-0.0227343,-0.013959,nan,-0.101327,0,-0.0320722,-0.219831,nan,-0.14879,-0.0390028,-0.250986,-0.0850263,0.278594,-0.000837268,0.0135526,-0.335382
614,22.4099,356.128,0.0630403,0,1.625,0.100104,0.587669,0.569604,-0.00888242,-3.43155,2.60123e-05,0.0117867,0.182657,11585.9,0.753212,0.307384,-0.1,0.05,1,718.885,7.54483e+06,1.35918,0.462515,0,0.060027,-0.0336728,nan,-0.0261287,nan,nan,nan,nan,-0.00852282,-0.0242316,-0.0153072,nan,-0.110817,0,-0.0278928,-0.244537,nan,-0.149015,-0.0392295,-0.274609,-0.0947436,0.302692,-0.000887971,0.00935897,-0.307782
615,22.5567,394.5,0.0640422,0.0833333,1.08333,0.0997418,0.556009,0.338511,-0.0080737,-3.43209,2.60123e-05,0.0121751,0.18265,11638.3,0.671269,0.384554,-0.1,0.05,1,719.942,7.55712e+06,1.41775,0.511742,0,0.0652431,-0.0375721,nan,-0.0282129,nan,nan,nan,nan,-0.00931129,-0.027058,-0.0170281,nan,-0.123168,0,-0.0384649,-0.266681,nan,-0.173932,-0.0474112,-0.305475,-0.109107,0.338324,-0.00107061,0.0146429,-0.495255
