/Users/robertonavoni/Desktop/Lavoro/Progetti-2026/Progetti Software/microduck-ap-ppo-sitl/tools/robots/deploy_contract.py:204: RuntimeWarning: overflow encountered in expm1
  x = np.where(y > 0, y, np.expm1(y)).astype(np.float32) if elu else y.astype(np.float32)
/Users/robertonavoni/Desktop/Lavoro/Progetti-2026/Progetti Software/microduck-ap-ppo-sitl/tools/robots/train_velocity.py:835: UserWarning: Converting a tensor with requires_grad=True to a scalar may lead to unexpected behavior.
Consider using tensor.detach() first. (Triggered internally at /Users/runner/work/pytorch/pytorch/torch/csrc/autograd/generated/python_variable_methods.cpp:821.)
  "Policy/mean_std": float(log_std.exp().mean()),
initialised actor and normalizer from robots/microban/policies/getup_discover.nnm; exploration std 0.1
gesture getup: std [0.25, 0.25, 0.25, 0.20000000298023224, 0.20000000298023224, 0.20000000298023224, 0.20000000298023224, 0.20000000298023224, 0.20000000298023224, 0.25, 0.25, 0.25, 0.20000000298023224, 0.20000000298023224, 0.20000000298023224, 0.20000000298023224, 0.20000000298023224, 0.20000000298023224] (capped), fixed learning rate
eval iteration 0:
  prone          success  25.0%  time 12.55s  peak_τ 0.96 Nm  return 83.45
  supine         success  75.0%  time 6.43s  peak_τ 0.95 Nm  return 63.99
  score 0.500
it    1/4000  reward     nan  ep_len    nan  fell    0  err_xy 0.334  std 0.217  lr 1.0e-04  fps   8883     0.3s
it    2/4000  reward     nan  ep_len    nan  fell    0  err_xy 0.339  std 0.217  lr 1.0e-04  fps   8702     0.5s
it    3/4000  reward     nan  ep_len    nan  fell    0  err_xy 0.390  std 0.217  lr 1.0e-04  fps   9172     0.8s
it    4/4000  reward     nan  ep_len    nan  fell    0  err_xy 0.286  std 0.217  lr 1.0e-04  fps   9202     1.0s
it    5/4000  reward     nan  ep_len    nan  fell    0  err_xy 0.216  std 0.217  lr 1.0e-04  fps   9195     1.3s
it    6/4000  reward     nan  ep_len    nan  fell    0  err_xy 0.196  std 0.217  lr 1.0e-04  fps   9100     1.5s
it    7/4000  reward     nan  ep_len    nan  fell    0  err_xy 0.199  std 0.217  lr 1.0e-04  fps   8870     1.8s
it    8/4000  reward     nan  ep_len    nan  fell    0  err_xy 0.184  std 0.217  lr 1.0e-04  fps   8714     2.1s
it    9/4000  reward     nan  ep_len    nan  fell    0  err_xy 0.167  std 0.217  lr 1.0e-04  fps   7506     2.4s
it   10/4000  reward     nan  ep_len    nan  fell    0  err_xy 0.149  std 0.217  lr 1.0e-04  fps   8308     2.6s
it   11/4000  reward     nan  ep_len    nan  fell    0  err_xy 0.113  std 0.217  lr 1.0e-04  fps   8521     2.9s
it   12/4000  reward     nan  ep_len    nan  fell    0  err_xy 0.118  std 0.217  lr 1.0e-04  fps   8125     3.2s
it   13/4000  reward     nan  ep_len    nan  fell    0  err_xy 0.105  std 0.217  lr 1.0e-04  fps   6479     3.6s
it   14/4000  reward     nan  ep_len    nan  fell    0  err_xy 0.111  std 0.217  lr 1.0e-04  fps   6597     3.9s
it   15/4000  reward     nan  ep_len    nan  fell    0  err_xy 0.105  std 0.217  lr 1.0e-04  fps   5915     4.3s
it   16/4000  reward     nan  ep_len    nan  fell    0  err_xy 0.088  std 0.217  lr 1.0e-04  fps   8378     4.6s
it   17/4000  reward     nan  ep_len    nan  fell    0  err_xy 0.093  std 0.217  lr 1.0e-04  fps    639     8.2s
it   18/4000  reward     nan  ep_len    nan  fell    0  err_xy 0.088  std 0.217  lr 1.0e-04  fps    504    12.7s
it   19/4000  reward     nan  ep_len    nan  fell    0  err_xy 0.086  std 0.217  lr 1.0e-04  fps    849    15.5s
it   20/4000  reward     nan  ep_len    nan  fell    0  err_xy 0.082  std 0.217  lr 1.0e-04  fps    715    18.7s
it   21/4000  reward     nan  ep_len    nan  fell    0  err_xy 0.092  std 0.217  lr 1.0e-04  fps    940    21.1s
it   22/4000  reward     nan  ep_len    nan  fell    0  err_xy 0.089  std 0.217  lr 1.0e-04  fps    883    23.7s
it   23/4000  reward     nan  ep_len    nan  fell    0  err_xy 0.074  std 0.217  lr 1.0e-04  fps    956    26.2s
it   24/4000  reward     nan  ep_len    nan  fell    0  err_xy 0.074  std 0.217  lr 1.0e-04  fps    953    28.6s
it   25/4000  reward     nan  ep_len    nan  fell    0  err_xy 0.077  std 0.217  lr 1.0e-04  fps   1000    30.9s
it   26/4000  reward     nan  ep_len    nan  fell    0  err_xy 0.078  std 0.217  lr 1.0e-04  fps    767    33.9s
it   27/4000  reward     nan  ep_len    nan  fell    0  err_xy 0.080  std 0.217  lr 1.0e-04  fps    698    37.2s
it   28/4000  reward     nan  ep_len    nan  fell    0  err_xy 0.082  std 0.217  lr 1.0e-04  fps    525    41.6s
it   29/4000  reward     nan  ep_len    nan  fell    0  err_xy 0.088  std 0.217  lr 1.0e-04  fps    628    45.2s
it   30/4000  reward     nan  ep_len    nan  fell    0  err_xy 0.080  std 0.217  lr 1.0e-04  fps    526    49.6s
it   31/4000  reward     nan  ep_len    nan  fell    0  err_xy 0.083  std 0.217  lr 1.0e-04  fps    784    52.6s
it   32/4000  reward     nan  ep_len    nan  fell    0  err_xy 0.083  std 0.217  lr 1.0e-04  fps    659    56.1s
it   33/4000  reward     nan  ep_len    nan  fell    0  err_xy 0.084  std 0.217  lr 1.0e-04  fps    625    59.7s
it   34/4000  reward  116.67  ep_len  808.0  fell    0  err_xy 0.148  std 0.217  lr 1.0e-04  fps   1618    61.2s
it   35/4000  reward     nan  ep_len    nan  fell    0  err_xy 0.351  std 0.217  lr 1.0e-04  fps    655    64.7s
it   36/4000  reward     nan  ep_len    nan  fell    0  err_xy 0.341  std 0.217  lr 1.0e-04  fps    873    67.3s
it   37/4000  reward     nan  ep_len    nan  fell    0  err_xy 0.348  std 0.217  lr 1.0e-04  fps    895    69.9s
it   38/4000  reward     nan  ep_len    nan  fell    0  err_xy 0.253  std 0.217  lr 1.0e-04  fps    611    73.7s
it   39/4000  reward     nan  ep_len    nan  fell    0  err_xy 0.218  std 0.217  lr 1.0e-04  fps   1188    75.6s
it   40/4000  reward     nan  ep_len    nan  fell    0  err_xy 0.198  std 0.217  lr 1.0e-04  fps   1114    77.7s
it   41/4000  reward     nan  ep_len    nan  fell    0  err_xy 0.171  std 0.217  lr 1.0e-04  fps   1987    78.8s
it   42/4000  reward     nan  ep_len    nan  fell    0  err_xy 0.132  std 0.217  lr 1.0e-04  fps   2231    79.9s
it   43/4000  reward     nan  ep_len    nan  fell    0  err_xy 0.133  std 0.217  lr 1.0e-04  fps   3899    80.5s
it   44/4000  reward     nan  ep_len    nan  fell    0  err_xy 0.132  std 0.217  lr 1.0e-04  fps   7145    80.8s
it   45/4000  reward     nan  ep_len    nan  fell    0  err_xy 0.109  std 0.217  lr 1.0e-04  fps   7317    81.1s
it   46/4000  reward     nan  ep_len    nan  fell    0  err_xy 0.111  std 0.217  lr 1.0e-04  fps   8059    81.4s
it   47/4000  reward     nan  ep_len    nan  fell    0  err_xy 0.090  std 0.217  lr 1.0e-04  fps   7885    81.7s
it   48/4000  reward     nan  ep_len    nan  fell    0  err_xy 0.096  std 0.217  lr 1.0e-04  fps   7922    82.0s
it   49/4000  reward     nan  ep_len    nan  fell    0  err_xy 0.100  std 0.217  lr 1.0e-04  fps   8075    82.3s
it   50/4000  reward     nan  ep_len    nan  fell    0  err_xy 0.086  std 0.217  lr 1.0e-04  fps   8054    82.5s
it   51/4000  reward     nan  ep_len    nan  fell    0  err_xy 0.094  std 0.217  lr 1.0e-04  fps   8204    82.8s
it   52/4000  reward     nan  ep_len    nan  fell    0  err_xy 0.093  std 0.217  lr 1.0e-04  fps   8285    83.1s
it   53/4000  reward     nan  ep_len    nan  fell    0  err_xy 0.087  std 0.217  lr 1.0e-04  fps   8371    83.4s
it   54/4000  reward     nan  ep_len    nan  fell    0  err_xy 0.072  std 0.217  lr 1.0e-04  fps   8142    83.7s
it   55/4000  reward     nan  ep_len    nan  fell    0  err_xy 0.082  std 0.217  lr 1.0e-04  fps   8173    83.9s
it   56/4000  reward     nan  ep_len    nan  fell    0  err_xy 0.073  std 0.217  lr 1.0e-04  fps   8143    84.2s
it   57/4000  reward     nan  ep_len    nan  fell    0  err_xy 0.067  std 0.217  lr 1.0e-04  fps   8287    84.5s
it   58/4000  reward     nan  ep_len    nan  fell    0  err_xy 0.067  std 0.217  lr 1.0e-04  fps   8316    84.8s
it   59/4000  reward     nan  ep_len    nan  fell    0  err_xy 0.070  std 0.217  lr 1.0e-04  fps   8242    85.1s
it   60/4000  reward     nan  ep_len    nan  fell    0  err_xy 0.068  std 0.217  lr 1.0e-04  fps   8360    85.3s
it   61/4000  reward     nan  ep_len    nan  fell    0  err_xy 0.068  std 0.217  lr 1.0e-04  fps   8482    85.6s
it   62/4000  reward     nan  ep_len    nan  fell    0  err_xy 0.068  std 0.217  lr 1.0e-04  fps   8083    85.9s
it   63/4000  reward     nan  ep_len    nan  fell    0  err_xy 0.066  std 0.217  lr 1.0e-04  fps   8182    86.2s
it   64/4000  reward     nan  ep_len    nan  fell    0  err_xy 0.066  std 0.217  lr 1.0e-04  fps   8397    86.5s
it   65/4000  reward     nan  ep_len    nan  fell    0  err_xy 0.068  std 0.217  lr 1.0e-04  fps   8404    86.7s
it   66/4000  reward     nan  ep_len    nan  fell    0  err_xy 0.059  std 0.217  lr 1.0e-04  fps   8353    87.0s
it   67/4000  reward     nan  ep_len    nan  fell    0  err_xy 0.073  std 0.217  lr 1.0e-04  fps   8156    87.3s
it   68/4000  reward  129.08  ep_len  808.0  fell    0  err_xy 0.263  std 0.217  lr 1.0e-04  fps   7150    87.6s
it   69/4000  reward     nan  ep_len    nan  fell    0  err_xy 0.322  std 0.217  lr 1.0e-04  fps   8410    87.9s
it   70/4000  reward     nan  ep_len    nan  fell    0  err_xy 0.313  std 0.217  lr 1.0e-04  fps   8442    88.2s
it   71/4000  reward     nan  ep_len    nan  fell    0  err_xy 0.304  std 0.217  lr 1.0e-04  fps   8290    88.4s
it   72/4000  reward     nan  ep_len    nan  fell    0  err_xy 0.228  std 0.217  lr 1.0e-04  fps   8170    88.7s
it   73/4000  reward     nan  ep_len    nan  fell    0  err_xy 0.195  std 0.217  lr 1.0e-04  fps   8106    89.0s
it   74/4000  reward     nan  ep_len    nan  fell    0  err_xy 0.174  std 0.217  lr 1.0e-04  fps   8023    89.3s
it   75/4000  reward     nan  ep_len    nan  fell    0  err_xy 0.129  std 0.217  lr 1.0e-04  fps   7892    89.6s
it   76/4000  reward     nan  ep_len    nan  fell    0  err_xy 0.108  std 0.217  lr 1.0e-04  fps   7849    89.9s
it   77/4000  reward     nan  ep_len    nan  fell    0  err_xy 0.091  std 0.217  lr 1.0e-04  fps   7927    90.2s
it   78/4000  reward     nan  ep_len    nan  fell    0  err_xy 0.063  std 0.217  lr 1.0e-04  fps   8405    90.4s
it   79/4000  reward     nan  ep_len    nan  fell    0  err_xy 0.061  std 0.217  lr 1.0e-04  fps   8325    90.7s
it   80/4000  reward     nan  ep_len    nan  fell    0  err_xy 0.059  std 0.217  lr 1.0e-04  fps   8002    91.0s
it   81/4000  reward     nan  ep_len    nan  fell    0  err_xy 0.055  std 0.216  lr 1.0e-04  fps   8112    91.3s
it   82/4000  reward     nan  ep_len    nan  fell    0  err_xy 0.057  std 0.217  lr 1.0e-04  fps   8251    91.6s
it   83/4000  reward     nan  ep_len    nan  fell    0  err_xy 0.049  std 0.217  lr 1.0e-04  fps   8135    91.9s
it   84/4000  reward     nan  ep_len    nan  fell    0  err_xy 0.045  std 0.217  lr 1.0e-04  fps   8190    92.1s
it   85/4000  reward     nan  ep_len    nan  fell    0  err_xy 0.045  std 0.217  lr 1.0e-04  fps   8244    92.4s
it   86/4000  reward     nan  ep_len    nan  fell    0  err_xy 0.047  std 0.217  lr 1.0e-04  fps   8348    92.7s
it   87/4000  reward     nan  ep_len    nan  fell    0  err_xy 0.049  std 0.217  lr 1.0e-04  fps   8292    93.0s
it   88/4000  reward     nan  ep_len    nan  fell    0  err_xy 0.047  std 0.217  lr 1.0e-04  fps   8455    93.2s
it   89/4000  reward     nan  ep_len    nan  fell    0  err_xy 0.040  std 0.217  lr 1.0e-04  fps   8316    93.5s
it   90/4000  reward     nan  ep_len    nan  fell    0  err_xy 0.036  std 0.217  lr 1.0e-04  fps   8030    93.8s
it   91/4000  reward     nan  ep_len    nan  fell    0  err_xy 0.034  std 0.217  lr 1.0e-04  fps   8300    94.1s
it   92/4000  reward     nan  ep_len    nan  fell    0  err_xy 0.034  std 0.217  lr 1.0e-04  fps   8440    94.4s
it   93/4000  reward     nan  ep_len    nan  fell    0  err_xy 0.034  std 0.216  lr 1.0e-04  fps   8415    94.6s
it   94/4000  reward     nan  ep_len    nan  fell    0  err_xy 0.029  std 0.216  lr 1.0e-04  fps   8326    94.9s
it   95/4000  reward     nan  ep_len    nan  fell    0  err_xy 0.029  std 0.216  lr 1.0e-04  fps   8238    95.2s
it   96/4000  reward     nan  ep_len    nan  fell    0  err_xy 0.029  std 0.216  lr 1.0e-04  fps   8264    95.5s
it   97/4000  reward     nan  ep_len    nan  fell    0  err_xy 0.029  std 0.217  lr 1.0e-04  fps   8346    95.8s
it   98/4000  reward     nan  ep_len    nan  fell    0  err_xy 0.028  std 0.217  lr 1.0e-04  fps   8549    96.0s
it   99/4000  reward     nan  ep_len    nan  fell    0  err_xy 0.028  std 0.217  lr 1.0e-04  fps   8565    96.3s
it  100/4000  reward     nan  ep_len    nan  fell    0  err_xy 0.027  std 0.217  lr 1.0e-04  fps   8351    96.6s
it  101/4000  reward  151.62  ep_len  808.0  fell    0  err_xy 0.027  std 0.216  lr 1.0e-04  fps   7074    96.9s
it  102/4000  reward     nan  ep_len    nan  fell    0  err_xy 0.321  std 0.216  lr 1.0e-04  fps   8751    97.2s
it  103/4000  reward     nan  ep_len    nan  fell    0  err_xy 0.306  std 0.216  lr 1.0e-04  fps   8623    97.4s
it  104/4000  reward     nan  ep_len    nan  fell    0  err_xy 0.251  std 0.216  lr 1.0e-04  fps   8761    97.7s
it  105/4000  reward     nan  ep_len    nan  fell    0  err_xy 0.202  std 0.217  lr 1.0e-04  fps   8435    98.0s
it  106/4000  reward     nan  ep_len    nan  fell    0  err_xy 0.153  std 0.217  lr 1.0e-04  fps   8195    98.2s
it  107/4000  reward     nan  ep_len    nan  fell    0  err_xy 0.128  std 0.217  lr 1.0e-04  fps   8157    98.5s
it  108/4000  reward     nan  ep_len    nan  fell    0  err_xy 0.115  std 0.217  lr 1.0e-04  fps   8028    98.8s
it  109/4000  reward     nan  ep_len    nan  fell    0  err_xy 0.101  std 0.217  lr 1.0e-04  fps   8215    99.1s
it  110/4000  reward     nan  ep_len    nan  fell    0  err_xy 0.074  std 0.217  lr 1.0e-04  fps   8157    99.4s
it  111/4000  reward     nan  ep_len    nan  fell    0  err_xy 0.062  std 0.217  lr 1.0e-04  fps   8327    99.7s
it  112/4000  reward     nan  ep_len    nan  fell    0  err_xy 0.054  std 0.217  lr 1.0e-04  fps   8080    99.9s
it  113/4000  reward     nan  ep_len    nan  fell    0  err_xy 0.051  std 0.217  lr 1.0e-04  fps   8276   100.2s
it  114/4000  reward     nan  ep_len    nan  fell    0  err_xy 0.040  std 0.217  lr 1.0e-04  fps   7927   100.5s
it  115/4000  reward     nan  ep_len    nan  fell    0  err_xy 0.039  std 0.217  lr 1.0e-04  fps   7797   100.8s
it  116/4000  reward     nan  ep_len    nan  fell    0  err_xy 0.041  std 0.217  lr 1.0e-04  fps   7875   101.1s
it  117/4000  reward     nan  ep_len    nan  fell    0  err_xy 0.039  std 0.217  lr 1.0e-04  fps   8006   101.4s
it  118/4000  reward     nan  ep_len    nan  fell    0  err_xy 0.036  std 0.217  lr 1.0e-04  fps   8174   101.7s
it  119/4000  reward     nan  ep_len    nan  fell    0  err_xy 0.031  std 0.217  lr 1.0e-04  fps   8148   102.0s
it  120/4000  reward     nan  ep_len    nan  fell    0  err_xy 0.030  std 0.217  lr 1.0e-04  fps   8103   102.2s
it  121/4000  reward     nan  ep_len    nan  fell    0  err_xy 0.032  std 0.217  lr 1.0e-04  fps   8323   102.5s
it  122/4000  reward     nan  ep_len    nan  fell    0  err_xy 0.034  std 0.217  lr 1.0e-04  fps   8331   102.8s
it  123/4000  reward     nan  ep_len    nan  fell    0  err_xy 0.033  std 0.217  lr 1.0e-04  fps   8238   103.1s
it  124/4000  reward     nan  ep_len    nan  fell    0  err_xy 0.032  std 0.217  lr 1.0e-04  fps   8249   103.4s
it  125/4000  reward     nan  ep_len    nan  fell    0  err_xy 0.020  std 0.217  lr 1.0e-04  fps   8141   103.6s
it  126/4000  reward     nan  ep_len    nan  fell    0  err_xy 0.015  std 0.217  lr 1.0e-04  fps   8280   103.9s
it  127/4000  reward     nan  ep_len    nan  fell    0  err_xy 0.015  std 0.217  lr 1.0e-04  fps   8327   104.2s
it  128/4000  reward     nan  ep_len    nan  fell    0  err_xy 0.017  std 0.216  lr 1.0e-04  fps   8332   104.5s
it  129/4000  reward     nan  ep_len    nan  fell    0  err_xy 0.018  std 0.216  lr 1.0e-04  fps   8459   104.7s
it  130/4000  reward     nan  ep_len    nan  fell    0  err_xy 0.021  std 0.216  lr 1.0e-04  fps   8344   105.0s
it  131/4000  reward     nan  ep_len    nan  fell    0  err_xy 0.020  std 0.217  lr 1.0e-04  fps   8466   105.3s
it  132/4000  reward     nan  ep_len    nan  fell    0  err_xy 0.020  std 0.217  lr 1.0e-04  fps   8509   105.6s
it  133/4000  reward     nan  ep_len    nan  fell    0  err_xy 0.021  std 0.217  lr 1.0e-04  fps   8403   105.8s
it  134/4000  reward     nan  ep_len    nan  fell    0  err_xy 0.016  std 0.216  lr 1.0e-04  fps   8289   106.1s
it  135/4000  reward  177.66  ep_len  808.0  fell    0  err_xy 0.085  std 0.216  lr 1.0e-04  fps   7049   106.4s
it  136/4000  reward     nan  ep_len    nan  fell    0  err_xy 0.319  std 0.217  lr 1.0e-04  fps   8724   106.7s
it  137/4000  reward     nan  ep_len    nan  fell    0  err_xy 0.314  std 0.217  lr 1.0e-04  fps   8662   107.0s
it  138/4000  reward     nan  ep_len    nan  fell    0  err_xy 0.193  std 0.217  lr 1.0e-04  fps   8444   107.2s
it  139/4000  reward     nan  ep_len    nan  fell    0  err_xy 0.152  std 0.217  lr 1.0e-04  fps   8290   107.5s
it  140/4000  reward     nan  ep_len    nan  fell    0  err_xy 0.112  std 0.217  lr 1.0e-04  fps   8244   107.8s
it  141/4000  reward     nan  ep_len    nan  fell    0  err_xy 0.071  std 0.217  lr 1.0e-04  fps   8135   108.1s
it  142/4000  reward     nan  ep_len    nan  fell    0  err_xy 0.047  std 0.217  lr 1.0e-04  fps   8013   108.4s
it  143/4000  reward     nan  ep_len    nan  fell    0  err_xy 0.048  std 0.217  lr 1.0e-04  fps   8095   108.7s
it  144/4000  reward     nan  ep_len    nan  fell    0  err_xy 0.045  std 0.217  lr 1.0e-04  fps   8009   108.9s
it  145/4000  reward     nan  ep_len    nan  fell    0  err_xy 0.036  std 0.217  lr 1.0e-04  fps   7897   109.2s
it  146/4000  reward     nan  ep_len    nan  fell    0  err_xy 0.028  std 0.217  lr 1.0e-04  fps   7836   109.5s
it  147/4000  reward     nan  ep_len    nan  fell    0  err_xy 0.020  std 0.217  lr 1.0e-04  fps   7913   109.8s
it  148/4000  reward     nan  ep_len    nan  fell    0  err_xy 0.021  std 0.217  lr 1.0e-04  fps   7997   110.1s
it  149/4000  reward     nan  ep_len    nan  fell    0  err_xy 0.022  std 0.217  lr 1.0e-04  fps   7986   110.4s
it  150/4000  reward     nan  ep_len    nan  fell    0  err_xy 0.016  std 0.217  lr 1.0e-04  fps   8050   110.7s
it  151/4000  reward     nan  ep_len    nan  fell    0  err_xy 0.015  std 0.216  lr 1.0e-04  fps   8155   111.0s
it  152/4000  reward     nan  ep_len    nan  fell    0  err_xy 0.017  std 0.216  lr 1.0e-04  fps   8083   111.3s
it  153/4000  reward     nan  ep_len    nan  fell    0  err_xy 0.016  std 0.216  lr 1.0e-04  fps   8147   111.5s
it  154/4000  reward     nan  ep_len    nan  fell    0  err_xy 0.017  std 0.216  lr 1.0e-04  fps   7874   111.8s
it  155/4000  reward     nan  ep_len    nan  fell    0  err_xy 0.017  std 0.216  lr 1.0e-04  fps   8138   112.1s
it  156/4000  reward     nan  ep_len    nan  fell    0  err_xy 0.016  std 0.216  lr 1.0e-04  fps   8099   112.4s
it  157/4000  reward     nan  ep_len    nan  fell    0  err_xy 0.016  std 0.216  lr 1.0e-04  fps   8152   112.7s
it  158/4000  reward     nan  ep_len    nan  fell    0  err_xy 0.016  std 0.216  lr 1.0e-04  fps   8325   113.0s
it  159/4000  reward     nan  ep_len    nan  fell    0  err_xy 0.015  std 0.216  lr 1.0e-04  fps   8110   113.2s
it  160/4000  reward     nan  ep_len    nan  fell    0  err_xy 0.016  std 0.216  lr 1.0e-04  fps   8182   113.5s
it  161/4000  reward     nan  ep_len    nan  fell    0  err_xy 0.016  std 0.216  lr 1.0e-04  fps   8040   113.8s
it  162/4000  reward     nan  ep_len    nan  fell    0  err_xy 0.017  std 0.216  lr 1.0e-04  fps   8332   114.1s
it  163/4000  reward     nan  ep_len    nan  fell    0  err_xy 0.028  std 0.216  lr 1.0e-04  fps   8372   114.4s
it  164/4000  reward     nan  ep_len    nan  fell    0  err_xy 0.026  std 0.216  lr 1.0e-04  fps   8160   114.7s
it  165/4000  reward     nan  ep_len    nan  fell    0  err_xy 0.021  std 0.216  lr 1.0e-04  fps   8367   114.9s
it  166/4000  reward     nan  ep_len    nan  fell    0  err_xy 0.024  std 0.216  lr 1.0e-04  fps   8490   115.2s
it  167/4000  reward     nan  ep_len    nan  fell    0  err_xy 0.027  std 0.216  lr 1.0e-04  fps   8406   115.5s
it  168/4000  reward     nan  ep_len    nan  fell    0  err_xy 0.035  std 0.216  lr 1.0e-04  fps   8282   115.8s
it  169/4000  reward  192.16  ep_len  808.0  fell    0  err_xy 0.235  std 0.216  lr 1.0e-04  fps   6850   116.1s
it  170/4000  reward     nan  ep_len    nan  fell    0  err_xy 0.289  std 0.216  lr 1.0e-04  fps   8613   116.4s
it  171/4000  reward     nan  ep_len    nan  fell    0  err_xy 0.284  std 0.216  lr 1.0e-04  fps   8280   116.6s
it  172/4000  reward     nan  ep_len    nan  fell    0  err_xy 0.202  std 0.216  lr 1.0e-04  fps   7755   116.9s
it  173/4000  reward     nan  ep_len    nan  fell    0  err_xy 0.117  std 0.216  lr 1.0e-04  fps   7030   117.3s
it  174/4000  reward     nan  ep_len    nan  fell    0  err_xy 0.081  std 0.216  lr 1.0e-04  fps   7015   117.6s
it  175/4000  reward     nan  ep_len    nan  fell    0  err_xy 0.070  std 0.216  lr 1.0e-04  fps   7104   117.9s
it  176/4000  reward     nan  ep_len    nan  fell    0  err_xy 0.048  std 0.216  lr 1.0e-04  fps   7733   118.2s
it  177/4000  reward     nan  ep_len    nan  fell    0  err_xy 0.040  std 0.216  lr 1.0e-04  fps   7749   118.5s
it  178/4000  reward     nan  ep_len    nan  fell    0  err_xy 0.031  std 0.217  lr 1.0e-04  fps   7774   118.8s
it  179/4000  reward     nan  ep_len    nan  fell    0  err_xy 0.031  std 0.217  lr 1.0e-04  fps   7817   119.1s
it  180/4000  reward     nan  ep_len    nan  fell    0  err_xy 0.031  std 0.217  lr 1.0e-04  fps   7840   119.4s
it  181/4000  reward     nan  ep_len    nan  fell    0  err_xy 0.030  std 0.216  lr 1.0e-04  fps   7766   119.7s
it  182/4000  reward     nan  ep_len    nan  fell    0  err_xy 0.031  std 0.216  lr 1.0e-04  fps   8036   120.0s
it  183/4000  reward     nan  ep_len    nan  fell    0  err_xy 0.025  std 0.217  lr 1.0e-04  fps   7987   120.3s
it  184/4000  reward     nan  ep_len    nan  fell    0  err_xy 0.027  std 0.216  lr 1.0e-04  fps   8072   120.6s
it  185/4000  reward     nan  ep_len    nan  fell    0  err_xy 0.021  std 0.216  lr 1.0e-04  fps   8157   120.8s
it  186/4000  reward     nan  ep_len    nan  fell    0  err_xy 0.019  std 0.216  lr 1.0e-04  fps   7550   121.1s
it  187/4000  reward     nan  ep_len    nan  fell    0  err_xy 0.019  std 0.216  lr 1.0e-04  fps   7875   121.4s
it  188/4000  reward     nan  ep_len    nan  fell    0  err_xy 0.019  std 0.216  lr 1.0e-04  fps   8184   121.7s
it  189/4000  reward     nan  ep_len    nan  fell    0  err_xy 0.020  std 0.216  lr 1.0e-04  fps   8332   122.0s
it  190/4000  reward     nan  ep_len    nan  fell    0  err_xy 0.021  std 0.216  lr 1.0e-04  fps   8250   122.3s
it  191/4000  reward     nan  ep_len    nan  fell    0  err_xy 0.021  std 0.216  lr 1.0e-04  fps   8214   122.6s
it  192/4000  reward     nan  ep_len    nan  fell    0  err_xy 0.020  std 0.216  lr 1.0e-04  fps   8328   122.8s
it  193/4000  reward     nan  ep_len    nan  fell    0  err_xy 0.022  std 0.216  lr 1.0e-04  fps   8188   123.1s
it  194/4000  reward     nan  ep_len    nan  fell    0  err_xy 0.022  std 0.216  lr 1.0e-04  fps   8141   123.4s
it  195/4000  reward     nan  ep_len    nan  fell    0  err_xy 0.021  std 0.216  lr 1.0e-04  fps   8173   123.7s
it  196/4000  reward     nan  ep_len    nan  fell    0  err_xy 0.020  std 0.216  lr 1.0e-04  fps   8245   124.0s
it  197/4000  reward     nan  ep_len    nan  fell    0  err_xy 0.021  std 0.216  lr 1.0e-04  fps   8268   124.2s
it  198/4000  reward     nan  ep_len    nan  fell    0  err_xy 0.020  std 0.216  lr 1.0e-04  fps   8393   124.5s
it  199/4000  reward     nan  ep_len    nan  fell    0  err_xy 0.020  std 0.216  lr 1.0e-04  fps   8353   124.8s
it  200/4000  reward     nan  ep_len    nan  fell    0  err_xy 0.020  std 0.216  lr 1.0e-04  fps   8381   125.1s
it  201/4000  reward     nan  ep_len    nan  fell    0  err_xy 0.021  std 0.216  lr 1.0e-04  fps   8548   125.3s
it  202/4000  reward  166.98  ep_len  808.0  fell    0  err_xy 0.022  std 0.216  lr 1.0e-04  fps   6872   125.7s
it  203/4000  reward     nan  ep_len    nan  fell    0  err_xy 0.312  std 0.216  lr 1.0e-04  fps   8753   125.9s
it  204/4000  reward     nan  ep_len    nan  fell    0  err_xy 0.321  std 0.216  lr 1.0e-04  fps   8718   126.2s
it  205/4000  reward     nan  ep_len    nan  fell    0  err_xy 0.248  std 0.216  lr 1.0e-04  fps   8477   126.5s
it  206/4000  reward     nan  ep_len    nan  fell    0  err_xy 0.176  std 0.216  lr 1.0e-04  fps   8272   126.8s
it  207/4000  reward     nan  ep_len    nan  fell    0  err_xy 0.125  std 0.216  lr 1.0e-04  fps   7986   127.0s
it  208/4000  reward     nan  ep_len    nan  fell    0  err_xy 0.100  std 0.216  lr 1.0e-04  fps   8085   127.3s
it  209/4000  reward     nan  ep_len    nan  fell    0  err_xy 0.078  std 0.216  lr 1.0e-04  fps   8041   127.6s
it  210/4000  reward     nan  ep_len    nan  fell    0  err_xy 0.068  std 0.216  lr 1.0e-04  fps   7893   127.9s
it  211/4000  reward     nan  ep_len    nan  fell    0  err_xy 0.062  std 0.216  lr 1.0e-04  fps   7946   128.2s
it  212/4000  reward     nan  ep_len    nan  fell    0  err_xy 0.040  std 0.216  lr 1.0e-04  fps   7819   128.5s
it  213/4000  reward     nan  ep_len    nan  fell    0  err_xy 0.033  std 0.216  lr 1.0e-04  fps   7945   128.8s
it  214/4000  reward     nan  ep_len    nan  fell    0  err_xy 0.031  std 0.216  lr 1.0e-04  fps   8140   129.1s
it  215/4000  reward     nan  ep_len    nan  fell    0  err_xy 0.028  std 0.216  lr 1.0e-04  fps   8069   129.4s
it  216/4000  reward     nan  ep_len    nan  fell    0  err_xy 0.026  std 0.216  lr 1.0e-04  fps   8260   129.6s
it  217/4000  reward     nan  ep_len    nan  fell    0  err_xy 0.025  std 0.216  lr 1.0e-04  fps   8227   129.9s
it  218/4000  reward     nan  ep_len    nan  fell    0  err_xy 0.021  std 0.216  lr 1.0e-04  fps   8221   130.2s
it  219/4000  reward     nan  ep_len    nan  fell    0  err_xy 0.021  std 0.216  lr 1.0e-04  fps   8117   130.5s
it  220/4000  reward     nan  ep_len    nan  fell    0  err_xy 0.020  std 0.216  lr 1.0e-04  fps   8283   130.8s
it  221/4000  reward     nan  ep_len    nan  fell    0  err_xy 0.020  std 0.216  lr 1.0e-04  fps   8156   131.0s
it  222/4000  reward     nan  ep_len    nan  fell    0  err_xy 0.023  std 0.216  lr 1.0e-04  fps   8187   131.3s
it  223/4000  reward     nan  ep_len    nan  fell    0  err_xy 0.027  std 0.216  lr 1.0e-04  fps   8143   131.6s
it  224/4000  reward     nan  ep_len    nan  fell    0  err_xy 0.024  std 0.216  lr 1.0e-04  fps   8089   131.9s
it  225/4000  reward     nan  ep_len    nan  fell    0  err_xy 0.024  std 0.216  lr 1.0e-04  fps   8163   132.2s
it  226/4000  reward     nan  ep_len    nan  fell    0  err_xy 0.022  std 0.216  lr 1.0e-04  fps   8340   132.4s
it  227/4000  reward     nan  ep_len    nan  fell    0  err_xy 0.023  std 0.216  lr 1.0e-04  fps   8498   132.7s
it  228/4000  reward     nan  ep_len    nan  fell    0  err_xy 0.022  std 0.216  lr 1.0e-04  fps   8329   133.0s
it  229/4000  reward     nan  ep_len    nan  fell    0  err_xy 0.023  std 0.216  lr 1.0e-04  fps   8533   133.3s
it  230/4000  reward     nan  ep_len    nan  fell    0  err_xy 0.025  std 0.216  lr 1.0e-04  fps   8333   133.5s
it  231/4000  reward     nan  ep_len    nan  fell    0  err_xy 0.028  std 0.216  lr 1.0e-04  fps   8488   133.8s
it  232/4000  reward     nan  ep_len    nan  fell    0  err_xy 0.028  std 0.216  lr 1.0e-04  fps   8447   134.1s
it  233/4000  reward     nan  ep_len    nan  fell    0  err_xy 0.034  std 0.216  lr 1.0e-04  fps   8510   134.4s
it  234/4000  reward     nan  ep_len    nan  fell    0  err_xy 0.041  std 0.216  lr 1.0e-04  fps   8299   134.6s
it  235/4000  reward     nan  ep_len    nan  fell    0  err_xy 0.044  std 0.216  lr 1.0e-04  fps   8484   134.9s
it  236/4000  reward  191.96  ep_len  808.0  fell    0  err_xy 0.098  std 0.216  lr 1.0e-04  fps   7208   135.2s
it  237/4000  reward     nan  ep_len    nan  fell    0  err_xy 0.330  std 0.216  lr 1.0e-04  fps   9150   135.5s
it  238/4000  reward     nan  ep_len    nan  fell    0  err_xy 0.302  std 0.216  lr 1.0e-04  fps   9057   135.7s
it  239/4000  reward     nan  ep_len    nan  fell    0  err_xy 0.219  std 0.216  lr 1.0e-04  fps   8680   136.0s
it  240/4000  reward     nan  ep_len    nan  fell    0  err_xy 0.176  std 0.216  lr 1.0e-04  fps   8628   136.3s
it  241/4000  reward     nan  ep_len    nan  fell    0  err_xy 0.150  std 0.216  lr 1.0e-04  fps   8537   136.5s
it  242/4000  reward     nan  ep_len    nan  fell    0  err_xy 0.118  std 0.216  lr 1.0e-04  fps   8614   136.8s
it  243/4000  reward     nan  ep_len    nan  fell    0  err_xy 0.091  std 0.216  lr 1.0e-04  fps   8286   137.1s
it  244/4000  reward     nan  ep_len    nan  fell    0  err_xy 0.085  std 0.216  lr 1.0e-04  fps   8066   137.4s
it  245/4000  reward     nan  ep_len    nan  fell    0  err_xy 0.061  std 0.216  lr 1.0e-04  fps   8127   137.7s
it  246/4000  reward     nan  ep_len    nan  fell    0  err_xy 0.057  std 0.216  lr 1.0e-04  fps   8258   137.9s
it  247/4000  reward     nan  ep_len    nan  fell    0  err_xy 0.048  std 0.216  lr 1.0e-04  fps   8061   138.2s
it  248/4000  reward     nan  ep_len    nan  fell    0  err_xy 0.042  std 0.216  lr 1.0e-04  fps   8095   138.5s
it  249/4000  reward     nan  ep_len    nan  fell    0  err_xy 0.036  std 0.216  lr 1.0e-04  fps   8258   138.8s
it  250/4000  reward     nan  ep_len    nan  fell    0  err_xy 0.039  std 0.216  lr 1.0e-04  fps   8259   139.1s
it  251/4000  reward     nan  ep_len    nan  fell    0  err_xy 0.039  std 0.216  lr 1.0e-04  fps   8433   139.3s
it  252/4000  reward     nan  ep_len    nan  fell    0  err_xy 0.038  std 0.216  lr 1.0e-04  fps   8240   139.6s
it  253/4000  reward     nan  ep_len    nan  fell    0  err_xy 0.042  std 0.216  lr 1.0e-04  fps   8289   139.9s
it  254/4000  reward     nan  ep_len    nan  fell    0  err_xy 0.041  std 0.216  lr 1.0e-04  fps   8528   140.2s
it  255/4000  reward     nan  ep_len    nan  fell    0  err_xy 0.042  std 0.216  lr 1.0e-04  fps   8516   140.4s
it  256/4000  reward     nan  ep_len    nan  fell    0  err_xy 0.050  std 0.216  lr 1.0e-04  fps   8483   140.7s
it  257/4000  reward     nan  ep_len    nan  fell    0  err_xy 0.048  std 0.216  lr 1.0e-04  fps   8392   141.0s
it  258/4000  reward     nan  ep_len    nan  fell    0  err_xy 0.053  std 0.216  lr 1.0e-04  fps   8455   141.3s
it  259/4000  reward     nan  ep_len    nan  fell    0  err_xy 0.054  std 0.216  lr 1.0e-04  fps   8509   141.5s
it  260/4000  reward     nan  ep_len    nan  fell    0  err_xy 0.057  std 0.216  lr 1.0e-04  fps   8655   141.8s
it  261/4000  reward     nan  ep_len    nan  fell    0  err_xy 0.062  std 0.216  lr 1.0e-04  fps   8622   142.1s
it  262/4000  reward     nan  ep_len    nan  fell    0  err_xy 0.086  std 0.216  lr 1.0e-04  fps   8756   142.3s
it  263/4000  reward     nan  ep_len    nan  fell    0  err_xy 0.073  std 0.216  lr 1.0e-04  fps   8614   142.6s
it  264/4000  reward     nan  ep_len    nan  fell    0  err_xy 0.071  std 0.216  lr 1.0e-04  fps   8613   142.9s
it  265/4000  reward     nan  ep_len    nan  fell    0  err_xy 0.068  std 0.216  lr 1.0e-04  fps   8678   143.1s
it  266/4000  reward     nan  ep_len    nan  fell    0  err_xy 0.077  std 0.216  lr 1.0e-04  fps   8749   143.4s
it  267/4000  reward     nan  ep_len    nan  fell    0  err_xy 0.068  std 0.216  lr 1.0e-04  fps   8664   143.7s
it  268/4000  reward     nan  ep_len    nan  fell    0  err_xy 0.078  std 0.216  lr 1.0e-04  fps   8786   143.9s
it  269/4000  reward     nan  ep_len    nan  fell    0  err_xy 0.065  std 0.216  lr 1.0e-04  fps   8923   144.2s
it  270/4000  reward  160.48  ep_len  808.0  fell    0  err_xy 0.232  std 0.216  lr 1.0e-04  fps   7377   144.5s
it  271/4000  reward     nan  ep_len    nan  fell    0  err_xy 0.312  std 0.216  lr 1.0e-04  fps   9131   144.7s
it  272/4000  reward     nan  ep_len    nan  fell    0  err_xy 0.282  std 0.216  lr 1.0e-04  fps   9090   145.0s
it  273/4000  reward     nan  ep_len    nan  fell    0  err_xy 0.247  std 0.216  lr 1.0e-04  fps   9077   145.2s
it  274/4000  reward     nan  ep_len    nan  fell    0  err_xy 0.218  std 0.216  lr 1.0e-04  fps   9050   145.5s
it  275/4000  reward     nan  ep_len    nan  fell    0  err_xy 0.194  std 0.216  lr 1.0e-04  fps   8593   145.8s
it  276/4000  reward     nan  ep_len    nan  fell    0  err_xy 0.181  std 0.216  lr 1.0e-04  fps   8591   146.0s
it  277/4000  reward     nan  ep_len    nan  fell    0  err_xy 0.172  std 0.216  lr 1.0e-04  fps   8499   146.3s
it  278/4000  reward     nan  ep_len    nan  fell    0  err_xy 0.172  std 0.217  lr 1.0e-04  fps   8477   146.6s
it  279/4000  reward     nan  ep_len    nan  fell    0  err_xy 0.156  std 0.217  lr 1.0e-04  fps   8576   146.9s
it  280/4000  reward     nan  ep_len    nan  fell    0  err_xy 0.129  std 0.217  lr 1.0e-04  fps   8462   147.1s
it  281/4000  reward     nan  ep_len    nan  fell    0  err_xy 0.119  std 0.217  lr 1.0e-04  fps   8524   147.4s
it  282/4000  reward     nan  ep_len    nan  fell    0  err_xy 0.108  std 0.217  lr 1.0e-04  fps   8518   147.7s
it  283/4000  reward     nan  ep_len    nan  fell    0  err_xy 0.120  std 0.217  lr 1.0e-04  fps   8453   147.9s
it  284/4000  reward     nan  ep_len    nan  fell    0  err_xy 0.106  std 0.217  lr 1.0e-04  fps   8408   148.2s
it  285/4000  reward     nan  ep_len    nan  fell    0  err_xy 0.092  std 0.217  lr 1.0e-04  fps   8349   148.5s
it  286/4000  reward     nan  ep_len    nan  fell    0  err_xy 0.093  std 0.217  lr 1.0e-04  fps   8267   148.8s
it  287/4000  reward     nan  ep_len    nan  fell    0  err_xy 0.085  std 0.217  lr 1.0e-04  fps   8371   149.0s
it  288/4000  reward     nan  ep_len    nan  fell    0  err_xy 0.079  std 0.217  lr 1.0e-04  fps   8101   149.3s
it  289/4000  reward     nan  ep_len    nan  fell    0  err_xy 0.065  std 0.217  lr 1.0e-04  fps   8351   149.6s
it  290/4000  reward     nan  ep_len    nan  fell    0  err_xy 0.077  std 0.217  lr 1.0e-04  fps   8275   149.9s
it  291/4000  reward     nan  ep_len    nan  fell    0  err_xy 0.059  std 0.217  lr 1.0e-04  fps   8380   150.2s
it  292/4000  reward     nan  ep_len    nan  fell    0  err_xy 0.066  std 0.217  lr 1.0e-04  fps   8428   150.4s
it  293/4000  reward     nan  ep_len    nan  fell    0  err_xy 0.060  std 0.217  lr 1.0e-04  fps   8511   150.7s
it  294/4000  reward     nan  ep_len    nan  fell    0  err_xy 0.064  std 0.217  lr 1.0e-04  fps   8483   151.0s
it  295/4000  reward     nan  ep_len    nan  fell    0  err_xy 0.071  std 0.217  lr 1.0e-04  fps   8481   151.2s
it  296/4000  reward     nan  ep_len    nan  fell    0  err_xy 0.067  std 0.216  lr 1.0e-04  fps   8420   151.5s
it  297/4000  reward     nan  ep_len    nan  fell    0  err_xy 0.064  std 0.216  lr 1.0e-04  fps   8551   151.8s
it  298/4000  reward     nan  ep_len    nan  fell    0  err_xy 0.063  std 0.217  lr 1.0e-04  fps   8383   152.1s
it  299/4000  reward     nan  ep_len    nan  fell    0  err_xy 0.058  std 0.217  lr 1.0e-04  fps   8413   152.3s
it  300/4000  reward     nan  ep_len    nan  fell    0  err_xy 0.059  std 0.217  lr 1.0e-04  fps   8354   152.6s
it  301/4000  reward     nan  ep_len    nan  fell    0  err_xy 0.051  std 0.217  lr 1.0e-04  fps   8541   152.9s
it  302/4000  reward     nan  ep_len    nan  fell    0  err_xy 0.050  std 0.217  lr 1.0e-04  fps   8384   153.2s
it  303/4000  reward  163.24  ep_len  808.0  fell    0  err_xy 0.045  std 0.216  lr 1.0e-04  fps   7038   153.5s
it  304/4000  reward     nan  ep_len    nan  fell    0  err_xy 0.298  std 0.216  lr 1.0e-04  fps   9303   153.7s
it  305/4000  reward     nan  ep_len    nan  fell    0  err_xy 0.316  std 0.216  lr 1.0e-04  fps   9231   154.0s
it  306/4000  reward     nan  ep_len    nan  fell    0  err_xy 0.231  std 0.217  lr 1.0e-04  fps   9143   154.2s
it  307/4000  reward     nan  ep_len    nan  fell    0  err_xy 0.184  std 0.217  lr 1.0e-04  fps   8996   154.5s
it  308/4000  reward     nan  ep_len    nan  fell    0  err_xy 0.156  std 0.217  lr 1.0e-04  fps   9043   154.8s
it  309/4000  reward     nan  ep_len    nan  fell    0  err_xy 0.153  std 0.217  lr 1.0e-04  fps   8894   155.0s
it  310/4000  reward     nan  ep_len    nan  fell    0  err_xy 0.122  std 0.217  lr 1.0e-04  fps   8783   155.3s
it  311/4000  reward     nan  ep_len    nan  fell    0  err_xy 0.121  std 0.217  lr 1.0e-04  fps   8745   155.5s
it  312/4000  reward     nan  ep_len    nan  fell    0  err_xy 0.083  std 0.217  lr 1.0e-04  fps   8790   155.8s
it  313/4000  reward     nan  ep_len    nan  fell    0  err_xy 0.103  std 0.217  lr 1.0e-04  fps   8720   156.1s
it  314/4000  reward     nan  ep_len    nan  fell    0  err_xy 0.093  std 0.217  lr 1.0e-04  fps   8572   156.3s
it  315/4000  reward     nan  ep_len    nan  fell    0  err_xy 0.083  std 0.217  lr 1.0e-04  fps   8587   156.6s
it  316/4000  reward     nan  ep_len    nan  fell    0  err_xy 0.088  std 0.217  lr 1.0e-04  fps   8611   156.9s
it  317/4000  reward     nan  ep_len    nan  fell    0  err_xy 0.075  std 0.217  lr 1.0e-04  fps   8352   157.1s
it  318/4000  reward     nan  ep_len    nan  fell    0  err_xy 0.077  std 0.217  lr 1.0e-04  fps   8373   157.4s
it  319/4000  reward     nan  ep_len    nan  fell    0  err_xy 0.083  std 0.217  lr 1.0e-04  fps   8531   157.7s
it  320/4000  reward     nan  ep_len    nan  fell    0  err_xy 0.079  std 0.217  lr 1.0e-04  fps   8382   158.0s
it  321/4000  reward     nan  ep_len    nan  fell    0  err_xy 0.074  std 0.217  lr 1.0e-04  fps   8439   158.2s
it  322/4000  reward     nan  ep_len    nan  fell    0  err_xy 0.073  std 0.217  lr 1.0e-04  fps   8556   158.5s
it  323/4000  reward     nan  ep_len    nan  fell    0  err_xy 0.072  std 0.217  lr 1.0e-04  fps   8515   158.8s
it  324/4000  reward     nan  ep_len    nan  fell    0  err_xy 0.069  std 0.217  lr 1.0e-04  fps   8434   159.1s
it  325/4000  reward     nan  ep_len    nan  fell    0  err_xy 0.065  std 0.217  lr 1.0e-04  fps   8569   159.3s
it  326/4000  reward     nan  ep_len    nan  fell    0  err_xy 0.066  std 0.217  lr 1.0e-04  fps   8639   159.6s
it  327/4000  reward     nan  ep_len    nan  fell    0  err_xy 0.058  std 0.217  lr 1.0e-04  fps   8552   159.9s
it  328/4000  reward     nan  ep_len    nan  fell    0  err_xy 0.050  std 0.217  lr 1.0e-04  fps   8607   160.1s
it  329/4000  reward     nan  ep_len    nan  fell    0  err_xy 0.057  std 0.217  lr 1.0e-04  fps   8719   160.4s
it  330/4000  reward     nan  ep_len    nan  fell    0  err_xy 0.049  std 0.217  lr 1.0e-04  fps   8728   160.7s
it  331/4000  reward     nan  ep_len    nan  fell    0  err_xy 0.048  std 0.217  lr 1.0e-04  fps   8777   160.9s
it  332/4000  reward     nan  ep_len    nan  fell    0  err_xy 0.047  std 0.217  lr 1.0e-04  fps   8613   161.2s
it  333/4000  reward     nan  ep_len    nan  fell    0  err_xy 0.055  std 0.217  lr 1.0e-04  fps   8772   161.5s
it  334/4000  reward     nan  ep_len    nan  fell    0  err_xy 0.056  std 0.217  lr 1.0e-04  fps   8818   161.7s
it  335/4000  reward     nan  ep_len    nan  fell    0  err_xy 0.069  std 0.217  lr 1.0e-04  fps   8695   162.0s
it  336/4000  reward     nan  ep_len    nan  fell    0  err_xy 0.069  std 0.217  lr 1.0e-04  fps   8864   162.2s
it  337/4000  reward  143.17  ep_len  808.0  fell    0  err_xy 0.115  std 0.217  lr 1.0e-04  fps   7351   162.6s
it  338/4000  reward     nan  ep_len    nan  fell    0  err_xy 0.323  std 0.217  lr 1.0e-04  fps   9134   162.8s
it  339/4000  reward     nan  ep_len    nan  fell    0  err_xy 0.323  std 0.217  lr 1.0e-04  fps   9218   163.1s
it  340/4000  reward     nan  ep_len    nan  fell    0  err_xy 0.244  std 0.217  lr 1.0e-04  fps   9151   163.3s
it  341/4000  reward     nan  ep_len    nan  fell    0  err_xy 0.205  std 0.217  lr 1.0e-04  fps   9012   163.6s
it  342/4000  reward     nan  ep_len    nan  fell    0  err_xy 0.170  std 0.217  lr 1.0e-04  fps   9108   163.8s
it  343/4000  reward     nan  ep_len    nan  fell    0  err_xy 0.164  std 0.217  lr 1.0e-04  fps   8949   164.1s
it  344/4000  reward     nan  ep_len    nan  fell    0  err_xy 0.156  std 0.217  lr 1.0e-04  fps   8976   164.3s
it  345/4000  reward     nan  ep_len    nan  fell    0  err_xy 0.134  std 0.217  lr 1.0e-04  fps   8831   164.6s
it  346/4000  reward     nan  ep_len    nan  fell    0  err_xy 0.114  std 0.217  lr 1.0e-04  fps   8754   164.9s
it  347/4000  reward     nan  ep_len    nan  fell    0  err_xy 0.093  std 0.217  lr 1.0e-04  fps   8729   165.1s
it  348/4000  reward     nan  ep_len    nan  fell    0  err_xy 0.088  std 0.217  lr 1.0e-04  fps   8605   165.4s
it  349/4000  reward     nan  ep_len    nan  fell    0  err_xy 0.077  std 0.217  lr 1.0e-04  fps   8652   165.7s
it  350/4000  reward     nan  ep_len    nan  fell    0  err_xy 0.079  std 0.217  lr 1.0e-04  fps   8264   165.9s
it  351/4000  reward     nan  ep_len    nan  fell    0  err_xy 0.066  std 0.217  lr 1.0e-04  fps   8634   166.2s
it  352/4000  reward     nan  ep_len    nan  fell    0  err_xy 0.068  std 0.217  lr 1.0e-04  fps   8523   166.5s
it  353/4000  reward     nan  ep_len    nan  fell    0  err_xy 0.058  std 0.217  lr 1.0e-04  fps   8471   166.7s
it  354/4000  reward     nan  ep_len    nan  fell    0  err_xy 0.056  std 0.217  lr 1.0e-04  fps   8355   167.0s
it  355/4000  reward     nan  ep_len    nan  fell    0  err_xy 0.047  std 0.217  lr 1.0e-04  fps   8403   167.3s
it  356/4000  reward     nan  ep_len    nan  fell    0  err_xy 0.043  std 0.217  lr 1.0e-04  fps   8347   167.6s
it  357/4000  reward     nan  ep_len    nan  fell    0  err_xy 0.039  std 0.217  lr 1.0e-04  fps   8585   167.8s
it  358/4000  reward     nan  ep_len    nan  fell    0  err_xy 0.039  std 0.217  lr 1.0e-04  fps   8314   168.1s
it  359/4000  reward     nan  ep_len    nan  fell    0  err_xy 0.038  std 0.217  lr 1.0e-04  fps   8492   168.4s
it  360/4000  reward     nan  ep_len    nan  fell    0  err_xy 0.042  std 0.217  lr 1.0e-04  fps   8610   168.7s
it  361/4000  reward     nan  ep_len    nan  fell    0  err_xy 0.047  std 0.217  lr 1.0e-04  fps   8570   168.9s
it  362/4000  reward     nan  ep_len    nan  fell    0  err_xy 0.038  std 0.217  lr 1.0e-04  fps   8548   169.2s
it  363/4000  reward     nan  ep_len    nan  fell    0  err_xy 0.038  std 0.217  lr 1.0e-04  fps   8676   169.5s
it  364/4000  reward     nan  ep_len    nan  fell    0  err_xy 0.047  std 0.217  lr 1.0e-04  fps   8708   169.7s
it  365/4000  reward     nan  ep_len    nan  fell    0  err_xy 0.048  std 0.217  lr 1.0e-04  fps   8769   170.0s
it  366/4000  reward     nan  ep_len    nan  fell    0  err_xy 0.051  std 0.217  lr 1.0e-04  fps   8691   170.3s
it  367/4000  reward     nan  ep_len    nan  fell    0  err_xy 0.045  std 0.217  lr 1.0e-04  fps   8787   170.5s
it  368/4000  reward     nan  ep_len    nan  fell    0  err_xy 0.057  std 0.217  lr 1.0e-04  fps   8517   170.8s
it  369/4000  reward     nan  ep_len    nan  fell    0  err_xy 0.056  std 0.217  lr 1.0e-04  fps   8548   171.1s
it  370/4000  reward     nan  ep_len    nan  fell    0  err_xy 0.051  std 0.217  lr 1.0e-04  fps   8769   171.3s
it  371/4000  reward  141.21  ep_len  808.0  fell    0  err_xy 0.213  std 0.217  lr 1.0e-04  fps   7348   171.6s
it  372/4000  reward     nan  ep_len    nan  fell    0  err_xy 0.358  std 0.217  lr 1.0e-04  fps   9185   171.9s
it  373/4000  reward     nan  ep_len    nan  fell    0  err_xy 0.314  std 0.217  lr 1.0e-04  fps   9051   172.1s
it  374/4000  reward     nan  ep_len    nan  fell    0  err_xy 0.233  std 0.217  lr 1.0e-04  fps   8999   172.4s
it  375/4000  reward     nan  ep_len    nan  fell    0  err_xy 0.180  std 0.217  lr 1.0e-04  fps   9049   172.7s
it  376/4000  reward     nan  ep_len    nan  fell    0  err_xy 0.170  std 0.217  lr 1.0e-04  fps   8846   172.9s
it  377/4000  reward     nan  ep_len    nan  fell    0  err_xy 0.166  std 0.217  lr 1.0e-04  fps   8844   173.2s
it  378/4000  reward     nan  ep_len    nan  fell    0  err_xy 0.154  std 0.217  lr 1.0e-04  fps   8737   173.4s
it  379/4000  reward     nan  ep_len    nan  fell    0  err_xy 0.116  std 0.217  lr 1.0e-04  fps   8739   173.7s
it  380/4000  reward     nan  ep_len    nan  fell    0  err_xy 0.114  std 0.217  lr 1.0e-04  fps   8685   174.0s
it  381/4000  reward     nan  ep_len    nan  fell    0  err_xy 0.102  std 0.217  lr 1.0e-04  fps   8713   174.2s
it  382/4000  reward     nan  ep_len    nan  fell    0  err_xy 0.091  std 0.217  lr 1.0e-04  fps   8523   174.5s
it  383/4000  reward     nan  ep_len    nan  fell    0  err_xy 0.090  std 0.217  lr 1.0e-04  fps   8657   174.8s
it  384/4000  reward     nan  ep_len    nan  fell    0  err_xy 0.076  std 0.217  lr 1.0e-04  fps   8539   175.0s
it  385/4000  reward     nan  ep_len    nan  fell    0  err_xy 0.068  std 0.217  lr 1.0e-04  fps   8467   175.3s
it  386/4000  reward     nan  ep_len    nan  fell    0  err_xy 0.059  std 0.217  lr 1.0e-04  fps   8497   175.6s
it  387/4000  reward     nan  ep_len    nan  fell    0  err_xy 0.067  std 0.217  lr 1.0e-04  fps   8381   175.9s
it  388/4000  reward     nan  ep_len    nan  fell    0  err_xy 0.067  std 0.217  lr 1.0e-04  fps   7547   176.2s
it  389/4000  reward     nan  ep_len    nan  fell    0  err_xy 0.071  std 0.217  lr 1.0e-04  fps   8272   176.4s
it  390/4000  reward     nan  ep_len    nan  fell    0  err_xy 0.058  std 0.217  lr 1.0e-04  fps   8238   176.7s
it  391/4000  reward     nan  ep_len    nan  fell    0  err_xy 0.052  std 0.217  lr 1.0e-04  fps   8198   177.0s
it  392/4000  reward     nan  ep_len    nan  fell    0  err_xy 0.048  std 0.217  lr 1.0e-04  fps   8440   177.3s
it  393/4000  reward     nan  ep_len    nan  fell    0  err_xy 0.045  std 0.217  lr 1.0e-04  fps   8385   177.6s
it  394/4000  reward     nan  ep_len    nan  fell    0  err_xy 0.039  std 0.217  lr 1.0e-04  fps   8432   177.8s
it  395/4000  reward     nan  ep_len    nan  fell    0  err_xy 0.039  std 0.217  lr 1.0e-04  fps   8293   178.1s
it  396/4000  reward     nan  ep_len    nan  fell    0  err_xy 0.036  std 0.217  lr 1.0e-04  fps   8438   178.4s
it  397/4000  reward     nan  ep_len    nan  fell    0  err_xy 0.035  std 0.217  lr 1.0e-04  fps   8450   178.7s
it  398/4000  reward     nan  ep_len    nan  fell    0  err_xy 0.035  std 0.217  lr 1.0e-04  fps   8425   178.9s
it  399/4000  reward     nan  ep_len    nan  fell    0  err_xy 0.033  std 0.217  lr 1.0e-04  fps   8433   179.2s
it  400/4000  reward     nan  ep_len    nan  fell    0  err_xy 0.035  std 0.217  lr 1.0e-04  fps   8487   179.5s
it  401/4000  reward     nan  ep_len    nan  fell    0  err_xy 0.037  std 0.217  lr 1.0e-04  fps   8414   179.7s
it  402/4000  reward     nan  ep_len    nan  fell    0  err_xy 0.034  std 0.217  lr 1.0e-04  fps   8501   180.0s
it  403/4000  reward     nan  ep_len    nan  fell    0  err_xy 0.045  std 0.217  lr 1.0e-04  fps   8399   180.3s
it  404/4000  reward  158.80  ep_len  808.0  fell    0  err_xy 0.045  std 0.217  lr 1.0e-04  fps   6909   180.6s
it  405/4000  reward     nan  ep_len    nan  fell    0  err_xy 0.315  std 0.217  lr 1.0e-04  fps   9171   180.9s
it  406/4000  reward     nan  ep_len    nan  fell    0  err_xy 0.310  std 0.217  lr 1.0e-04  fps   9128   181.1s
it  407/4000  reward     nan  ep_len    nan  fell    0  err_xy 0.267  std 0.217  lr 1.0e-04  fps   9264   181.4s
it  408/4000  reward     nan  ep_len    nan  fell    0  err_xy 0.200  std 0.217  lr 1.0e-04  fps   9236   181.6s
it  409/4000  reward     nan  ep_len    nan  fell    0  err_xy 0.198  std 0.217  lr 1.0e-04  fps   9225   181.9s
it  410/4000  reward     nan  ep_len    nan  fell    0  err_xy 0.184  std 0.217  lr 1.0e-04  fps   9111   182.1s
it  411/4000  reward     nan  ep_len    nan  fell    0  err_xy 0.171  std 0.217  lr 1.0e-04  fps   9051   182.4s
it  412/4000  reward     nan  ep_len    nan  fell    0  err_xy 0.169  std 0.217  lr 1.0e-04  fps   8971   182.6s
it  413/4000  reward     nan  ep_len    nan  fell    0  err_xy 0.169  std 0.217  lr 1.0e-04  fps   8887   182.9s
it  414/4000  reward     nan  ep_len    nan  fell    0  err_xy 0.157  std 0.217  lr 1.0e-04  fps   8928   183.2s
it  415/4000  reward     nan  ep_len    nan  fell    0  err_xy 0.145  std 0.217  lr 1.0e-04  fps   8923   183.4s
it  416/4000  reward     nan  ep_len    nan  fell    0  err_xy 0.154  std 0.217  lr 1.0e-04  fps   8749   183.7s
it  417/4000  reward     nan  ep_len    nan  fell    0  err_xy 0.136  std 0.217  lr 1.0e-04  fps   8303   184.0s
it  418/4000  reward     nan  ep_len    nan  fell    0  err_xy 0.129  std 0.217  lr 1.0e-04  fps   8488   184.2s
it  419/4000  reward     nan  ep_len    nan  fell    0  err_xy 0.122  std 0.217  lr 1.0e-04  fps   8773   184.5s
it  420/4000  reward     nan  ep_len    nan  fell    0  err_xy 0.116  std 0.217  lr 1.0e-04  fps   8864   184.8s
it  421/4000  reward     nan  ep_len    nan  fell    0  err_xy 0.103  std 0.217  lr 1.0e-04  fps   8863   185.0s
it  422/4000  reward     nan  ep_len    nan  fell    0  err_xy 0.104  std 0.217  lr 1.0e-04  fps   8735   185.3s
it  423/4000  reward     nan  ep_len    nan  fell    0  err_xy 0.086  std 0.217  lr 1.0e-04  fps   8653   185.6s
it  424/4000  reward     nan  ep_len    nan  fell    0  err_xy 0.069  std 0.217  lr 1.0e-04  fps   8699   185.8s
it  425/4000  reward     nan  ep_len    nan  fell    0  err_xy 0.067  std 0.217  lr 1.0e-04  fps   8562   186.1s
it  426/4000  reward     nan  ep_len    nan  fell    0  err_xy 0.060  std 0.217  lr 1.0e-04  fps   8478   186.4s
it  427/4000  reward     nan  ep_len    nan  fell    0  err_xy 0.059  std 0.217  lr 1.0e-04  fps   8550   186.6s
it  428/4000  reward     nan  ep_len    nan  fell    0  err_xy 0.056  std 0.217  lr 1.0e-04  fps   8456   186.9s
it  429/4000  reward     nan  ep_len    nan  fell    0  err_xy 0.066  std 0.217  lr 1.0e-04  fps   8515   187.2s
it  430/4000  reward     nan  ep_len    nan  fell    0  err_xy 0.061  std 0.217  lr 1.0e-04  fps   8737   187.4s
it  431/4000  reward     nan  ep_len    nan  fell    0  err_xy 0.062  std 0.217  lr 1.0e-04  fps   8662   187.7s
it  432/4000  reward     nan  ep_len    nan  fell    0  err_xy 0.049  std 0.217  lr 1.0e-04  fps   8540   188.0s
it  433/4000  reward     nan  ep_len    nan  fell    0  err_xy 0.067  std 0.217  lr 1.0e-04  fps   8686   188.2s
it  434/4000  reward     nan  ep_len    nan  fell    0  err_xy 0.055  std 0.217  lr 1.0e-04  fps   8723   188.5s
it  435/4000  reward     nan  ep_len    nan  fell    0  err_xy 0.053  std 0.217  lr 1.0e-04  fps   8759   188.8s
it  436/4000  reward     nan  ep_len    nan  fell    0  err_xy 0.048  std 0.217  lr 1.0e-04  fps   8743   189.0s
it  437/4000  reward     nan  ep_len    nan  fell    0  err_xy 0.039  std 0.217  lr 1.0e-04  fps   8708   189.3s
it  438/4000  reward  136.83  ep_len  808.0  fell    0  err_xy 0.096  std 0.217  lr 1.0e-04  fps   7371   189.6s
it  439/4000  reward     nan  ep_len    nan  fell    0  err_xy 0.358  std 0.217  lr 1.0e-04  fps   9299   189.9s
it  440/4000  reward     nan  ep_len    nan  fell    0  err_xy 0.290  std 0.217  lr 1.0e-04  fps   9255   190.1s
it  441/4000  reward     nan  ep_len    nan  fell    0  err_xy 0.270  std 0.217  lr 1.0e-04  fps   9296   190.4s
it  442/4000  reward     nan  ep_len    nan  fell    0  err_xy 0.263  std 0.217  lr 1.0e-04  fps   9323   190.6s
it  443/4000  reward     nan  ep_len    nan  fell    0  err_xy 0.258  std 0.217  lr 1.0e-04  fps   9360   190.8s
it  444/4000  reward     nan  ep_len    nan  fell    0  err_xy 0.234  std 0.217  lr 1.0e-04  fps   9287   191.1s
it  445/4000  reward     nan  ep_len    nan  fell    0  err_xy 0.235  std 0.217  lr 1.0e-04  fps   9274   191.3s
it  446/4000  reward     nan  ep_len    nan  fell    0  err_xy 0.205  std 0.217  lr 1.0e-04  fps   9199   191.6s
it  447/4000  reward     nan  ep_len    nan  fell    0  err_xy 0.183  std 0.217  lr 1.0e-04  fps   9216   191.8s
it  448/4000  reward     nan  ep_len    nan  fell    0  err_xy 0.178  std 0.217  lr 1.0e-04  fps   9129   192.1s
it  449/4000  reward     nan  ep_len    nan  fell    0  err_xy 0.163  std 0.217  lr 1.0e-04  fps   9081   192.3s
it  450/4000  reward     nan  ep_len    nan  fell    0  err_xy 0.137  std 0.217  lr 1.0e-04  fps   8922   192.6s
it  451/4000  reward     nan  ep_len    nan  fell    0  err_xy 0.141  std 0.217  lr 1.0e-04  fps   9036   192.9s
it  452/4000  reward     nan  ep_len    nan  fell    0  err_xy 0.119  std 0.217  lr 1.0e-04  fps   8950   193.1s
it  453/4000  reward     nan  ep_len    nan  fell    0  err_xy 0.133  std 0.217  lr 1.0e-04  fps   8925   193.4s
it  454/4000  reward     nan  ep_len    nan  fell    0  err_xy 0.110  std 0.217  lr 1.0e-04  fps   8914   193.6s
it  455/4000  reward     nan  ep_len    nan  fell    0  err_xy 0.114  std 0.217  lr 1.0e-04  fps   8906   193.9s
it  456/4000  reward     nan  ep_len    nan  fell    0  err_xy 0.105  std 0.217  lr 1.0e-04  fps   8659   194.2s
it  457/4000  reward     nan  ep_len    nan  fell    0  err_xy 0.101  std 0.217  lr 1.0e-04  fps   8709   194.4s
it  458/4000  reward     nan  ep_len    nan  fell    0  err_xy 0.094  std 0.217  lr 1.0e-04  fps   8666   194.7s
it  459/4000  reward     nan  ep_len    nan  fell    0  err_xy 0.102  std 0.217  lr 1.0e-04  fps   8671   195.0s
it  460/4000  reward     nan  ep_len    nan  fell    0  err_xy 0.109  std 0.217  lr 1.0e-04  fps   8808   195.2s
it  461/4000  reward     nan  ep_len    nan  fell    0  err_xy 0.095  std 0.217  lr 1.0e-04  fps   8768   195.5s
it  462/4000  reward     nan  ep_len    nan  fell    0  err_xy 0.098  std 0.217  lr 1.0e-04  fps   8651   195.8s
it  463/4000  reward     nan  ep_len    nan  fell    0  err_xy 0.079  std 0.217  lr 1.0e-04  fps   8650   196.0s
it  464/4000  reward     nan  ep_len    nan  fell    0  err_xy 0.090  std 0.217  lr 1.0e-04  fps   8737   196.3s
it  465/4000  reward     nan  ep_len    nan  fell    0  err_xy 0.086  std 0.217  lr 1.0e-04  fps   8820   196.5s
it  466/4000  reward     nan  ep_len    nan  fell    0  err_xy 0.096  std 0.217  lr 1.0e-04  fps   8650   196.8s
it  467/4000  reward     nan  ep_len    nan  fell    0  err_xy 0.084  std 0.217  lr 1.0e-04  fps   8902   197.1s
it  468/4000  reward     nan  ep_len    nan  fell    0  err_xy 0.073  std 0.217  lr 1.0e-04  fps   8982   197.3s
it  469/4000  reward     nan  ep_len    nan  fell    0  err_xy 0.068  std 0.217  lr 1.0e-04  fps   9047   197.6s
it  470/4000  reward     nan  ep_len    nan  fell    0  err_xy 0.059  std 0.217  lr 1.0e-04  fps   8913   197.8s
it  471/4000  reward     nan  ep_len    nan  fell    0  err_xy 0.065  std 0.217  lr 1.0e-04  fps   8761   198.1s
it  472/4000  reward  127.39  ep_len  808.0  fell    0  err_xy 0.220  std 0.217  lr 1.0e-04  fps   7448   198.4s
it  473/4000  reward     nan  ep_len    nan  fell    0  err_xy 0.304  std 0.217  lr 1.0e-04  fps   9230   198.7s
it  474/4000  reward     nan  ep_len    nan  fell    0  err_xy 0.293  std 0.217  lr 1.0e-04  fps   9295   198.9s
it  475/4000  reward     nan  ep_len    nan  fell    0  err_xy 0.257  std 0.217  lr 1.0e-04  fps   9283   199.2s
it  476/4000  reward     nan  ep_len    nan  fell    0  err_xy 0.234  std 0.217  lr 1.0e-04  fps   9228   199.4s
it  477/4000  reward     nan  ep_len    nan  fell    0  err_xy 0.218  std 0.217  lr 1.0e-04  fps   9108   199.7s
it  478/4000  reward     nan  ep_len    nan  fell    0  err_xy 0.215  std 0.217  lr 1.0e-04  fps   9105   199.9s
it  479/4000  reward     nan  ep_len    nan  fell    0  err_xy 0.231  std 0.217  lr 1.0e-04  fps   9272   200.2s
it  480/4000  reward     nan  ep_len    nan  fell    0  err_xy 0.189  std 0.217  lr 1.0e-04  fps   9158   200.4s
it  481/4000  reward     nan  ep_len    nan  fell    0  err_xy 0.199  std 0.217  lr 1.0e-04  fps   9276   200.7s
it  482/4000  reward     nan  ep_len    nan  fell    0  err_xy 0.198  std 0.217  lr 1.0e-04  fps   9198   200.9s
it  483/4000  reward     nan  ep_len    nan  fell    0  err_xy 0.174  std 0.217  lr 1.0e-04  fps   9126   201.2s
it  484/4000  reward     nan  ep_len    nan  fell    0  err_xy 0.173  std 0.217  lr 1.0e-04  fps   9216   201.4s
it  485/4000  reward     nan  ep_len    nan  fell    0  err_xy 0.139  std 0.217  lr 1.0e-04  fps   9154   201.7s
it  486/4000  reward     nan  ep_len    nan  fell    0  err_xy 0.133  std 0.217  lr 1.0e-04  fps   9049   201.9s
it  487/4000  reward     nan  ep_len    nan  fell    0  err_xy 0.144  std 0.217  lr 1.0e-04  fps   9023   202.2s
it  488/4000  reward     nan  ep_len    nan  fell    0  err_xy 0.143  std 0.217  lr 1.0e-04  fps   9082   202.4s
it  489/4000  reward     nan  ep_len    nan  fell    0  err_xy 0.122  std 0.217  lr 1.0e-04  fps   9145   202.7s
it  490/4000  reward     nan  ep_len    nan  fell    0  err_xy 0.105  std 0.217  lr 1.0e-04  fps   9093   202.9s
it  491/4000  reward     nan  ep_len    nan  fell    0  err_xy 0.096  std 0.217  lr 1.0e-04  fps   9100   203.2s
it  492/4000  reward     nan  ep_len    nan  fell    0  err_xy 0.089  std 0.217  lr 1.0e-04  fps   9077   203.5s
it  493/4000  reward     nan  ep_len    nan  fell    0  err_xy 0.095  std 0.217  lr 1.0e-04  fps   9051   203.7s
it  494/4000  reward     nan  ep_len    nan  fell    0  err_xy 0.079  std 0.217  lr 1.0e-04  fps   9016   204.0s
it  495/4000  reward     nan  ep_len    nan  fell    0  err_xy 0.074  std 0.217  lr 1.0e-04  fps   8999   204.2s
it  496/4000  reward     nan  ep_len    nan  fell    0  err_xy 0.092  std 0.217  lr 1.0e-04  fps   8984   204.5s
it  497/4000  reward     nan  ep_len    nan  fell    0  err_xy 0.067  std 0.217  lr 1.0e-04  fps   8900   204.7s
it  498/4000  reward     nan  ep_len    nan  fell    0  err_xy 0.074  std 0.217  lr 1.0e-04  fps   8916   205.0s
it  499/4000  reward     nan  ep_len    nan  fell    0  err_xy 0.054  std 0.217  lr 1.0e-04  fps   8800   205.3s
it  500/4000  reward     nan  ep_len    nan  fell    0  err_xy 0.052  std 0.217  lr 1.0e-04  fps   8548   205.5s
it  501/4000  reward     nan  ep_len    nan  fell    0  err_xy 0.053  std 0.217  lr 1.0e-04  fps   8493   205.8s
it  502/4000  reward     nan  ep_len    nan  fell    0  err_xy 0.038  std 0.217  lr 1.0e-04  fps   8732   206.1s
it  503/4000  reward     nan  ep_len    nan  fell    0  err_xy 0.040  std 0.217  lr 1.0e-04  fps   8818   206.3s
it  504/4000  reward     nan  ep_len    nan  fell    0  err_xy 0.046  std 0.217  lr 1.0e-04  fps   8665   206.6s
it  505/4000  reward  116.96  ep_len  808.0  fell    0  err_xy 0.044  std 0.217  lr 1.0e-04  fps   7222   206.9s
it  506/4000  reward     nan  ep_len    nan  fell    0  err_xy 0.297  std 0.217  lr 1.0e-04  fps   9157   207.2s
it  507/4000  reward     nan  ep_len    nan  fell    0  err_xy 0.312  std 0.217  lr 1.0e-04  fps   9030   207.4s
it  508/4000  reward     nan  ep_len    nan  fell    0  err_xy 0.275  std 0.217  lr 1.0e-04  fps   9093   207.7s
it  509/4000  reward     nan  ep_len    nan  fell    0  err_xy 0.252  std 0.217  lr 1.0e-04  fps   9093   207.9s
it  510/4000  reward     nan  ep_len    nan  fell    0  err_xy 0.214  std 0.217  lr 1.0e-04  fps   9195   208.2s
it  511/4000  reward     nan  ep_len    nan  fell    0  err_xy 0.216  std 0.217  lr 1.0e-04  fps   9197   208.4s
it  512/4000  reward     nan  ep_len    nan  fell    0  err_xy 0.202  std 0.217  lr 1.0e-04  fps   9160   208.7s
it  513/4000  reward     nan  ep_len    nan  fell    0  err_xy 0.183  std 0.217  lr 1.0e-04  fps   8982   208.9s
it  514/4000  reward     nan  ep_len    nan  fell    0  err_xy 0.186  std 0.217  lr 1.0e-04  fps   8865   209.2s
it  515/4000  reward     nan  ep_len    nan  fell    0  err_xy 0.165  std 0.217  lr 1.0e-04  fps   8965   209.5s
it  516/4000  reward     nan  ep_len    nan  fell    0  err_xy 0.153  std 0.217  lr 1.0e-04  fps   9014   209.7s
it  517/4000  reward     nan  ep_len    nan  fell    0  err_xy 0.136  std 0.217  lr 1.0e-04  fps   8969   210.0s
it  518/4000  reward     nan  ep_len    nan  fell    0  err_xy 0.139  std 0.217  lr 1.0e-04  fps   8837   210.2s
it  519/4000  reward     nan  ep_len    nan  fell    0  err_xy 0.137  std 0.217  lr 1.0e-04  fps   8964   210.5s
it  520/4000  reward     nan  ep_len    nan  fell    0  err_xy 0.134  std 0.217  lr 1.0e-04  fps   8953   210.7s
it  521/4000  reward     nan  ep_len    nan  fell    0  err_xy 0.116  std 0.217  lr 1.0e-04  fps   8970   211.0s
it  522/4000  reward     nan  ep_len    nan  fell    0  err_xy 0.097  std 0.217  lr 1.0e-04  fps   8912   211.3s
it  523/4000  reward     nan  ep_len    nan  fell    0  err_xy 0.098  std 0.217  lr 1.0e-04  fps   8940   211.5s
it  524/4000  reward     nan  ep_len    nan  fell    0  err_xy 0.071  std 0.217  lr 1.0e-04  fps   8929   211.8s
it  525/4000  reward     nan  ep_len    nan  fell    0  err_xy 0.078  std 0.217  lr 1.0e-04  fps   8784   212.0s
it  526/4000  reward     nan  ep_len    nan  fell    0  err_xy 0.067  std 0.217  lr 1.0e-04  fps   8845   212.3s
it  527/4000  reward     nan  ep_len    nan  fell    0  err_xy 0.068  std 0.217  lr 1.0e-04  fps   8842   212.6s
it  528/4000  reward     nan  ep_len    nan  fell    0  err_xy 0.065  std 0.217  lr 1.0e-04  fps   8804   212.8s
it  529/4000  reward     nan  ep_len    nan  fell    0  err_xy 0.063  std 0.217  lr 1.0e-04  fps   8811   213.1s
it  530/4000  reward     nan  ep_len    nan  fell    0  err_xy 0.043  std 0.217  lr 1.0e-04  fps   8828   213.3s
it  531/4000  reward     nan  ep_len    nan  fell    0  err_xy 0.047  std 0.217  lr 1.0e-04  fps   8769   213.6s
it  532/4000  reward     nan  ep_len    nan  fell    0  err_xy 0.037  std 0.217  lr 1.0e-04  fps   8898   213.9s
it  533/4000  reward     nan  ep_len    nan  fell    0  err_xy 0.039  std 0.217  lr 1.0e-04  fps   8764   214.1s
it  534/4000  reward     nan  ep_len    nan  fell    0  err_xy 0.042  std 0.217  lr 1.0e-04  fps   8645   214.4s
it  535/4000  reward     nan  ep_len    nan  fell    0  err_xy 0.045  std 0.217  lr 1.0e-04  fps   8773   214.7s
it  536/4000  reward     nan  ep_len    nan  fell    0  err_xy 0.040  std 0.217  lr 1.0e-04  fps   8771   214.9s
it  537/4000  reward     nan  ep_len    nan  fell    0  err_xy 0.036  std 0.217  lr 1.0e-04  fps   8682   215.2s
it  538/4000  reward     nan  ep_len    nan  fell    0  err_xy 0.027  std 0.217  lr 1.0e-04  fps   8790   215.4s
it  539/4000  reward  126.90  ep_len  808.0  fell    0  err_xy 0.086  std 0.217  lr 1.0e-04  fps   7366   215.8s
it  540/4000  reward     nan  ep_len    nan  fell    0  err_xy 0.347  std 0.217  lr 1.0e-04  fps   8966   216.0s
it  541/4000  reward     nan  ep_len    nan  fell    0  err_xy 0.317  std 0.217  lr 1.0e-04  fps   8742   216.3s
it  542/4000  reward     nan  ep_len    nan  fell    0  err_xy 0.236  std 0.217  lr 1.0e-04  fps   9162   216.5s
it  543/4000  reward     nan  ep_len    nan  fell    0  err_xy 0.200  std 0.217  lr 1.0e-04  fps   9075   216.8s
it  544/4000  reward     nan  ep_len    nan  fell    0  err_xy 0.134  std 0.217  lr 1.0e-04  fps   9012   217.0s
it  545/4000  reward     nan  ep_len    nan  fell    0  err_xy 0.107  std 0.217  lr 1.0e-04  fps   8909   217.3s
it  546/4000  reward     nan  ep_len    nan  fell    0  err_xy 0.106  std 0.217  lr 1.0e-04  fps   8941   217.6s
it  547/4000  reward     nan  ep_len    nan  fell    0  err_xy 0.099  std 0.217  lr 1.0e-04  fps   9044   217.8s
it  548/4000  reward     nan  ep_len    nan  fell    0  err_xy 0.080  std 0.217  lr 1.0e-04  fps   8935   218.1s
it  549/4000  reward     nan  ep_len    nan  fell    0  err_xy 0.081  std 0.217  lr 1.0e-04  fps   8950   218.3s
it  550/4000  reward     nan  ep_len    nan  fell    0  err_xy 0.070  std 0.217  lr 1.0e-04  fps   8792   218.6s
it  551/4000  reward     nan  ep_len    nan  fell    0  err_xy 0.050  std 0.217  lr 1.0e-04  fps   8905   218.9s
it  552/4000  reward     nan  ep_len    nan  fell    0  err_xy 0.048  std 0.217  lr 1.0e-04  fps   8759   219.1s
it  553/4000  reward     nan  ep_len    nan  fell    0  err_xy 0.051  std 0.217  lr 1.0e-04  fps   8900   219.4s
it  554/4000  reward     nan  ep_len    nan  fell    0  err_xy 0.037  std 0.217  lr 1.0e-04  fps   8792   219.6s
it  555/4000  reward     nan  ep_len    nan  fell    0  err_xy 0.035  std 0.217  lr 1.0e-04  fps   8760   219.9s
it  556/4000  reward     nan  ep_len    nan  fell    0  err_xy 0.026  std 0.217  lr 1.0e-04  fps   8728   220.2s
it  557/4000  reward     nan  ep_len    nan  fell    0  err_xy 0.023  std 0.217  lr 1.0e-04  fps   8750   220.4s
it  558/4000  reward     nan  ep_len    nan  fell    0  err_xy 0.024  std 0.217  lr 1.0e-04  fps   8783   220.7s
it  559/4000  reward     nan  ep_len    nan  fell    0  err_xy 0.025  std 0.217  lr 1.0e-04  fps   8662   221.0s
it  560/4000  reward     nan  ep_len    nan  fell    0  err_xy 0.022  std 0.217  lr 1.0e-04  fps   8809   221.2s
it  561/4000  reward     nan  ep_len    nan  fell    0  err_xy 0.026  std 0.217  lr 1.0e-04  fps   8651   221.5s
it  562/4000  reward     nan  ep_len    nan  fell    0  err_xy 0.026  std 0.217  lr 1.0e-04  fps   8693   221.8s
it  563/4000  reward     nan  ep_len    nan  fell    0  err_xy 0.025  std 0.217  lr 1.0e-04  fps   8709   222.0s
it  564/4000  reward     nan  ep_len    nan  fell    0  err_xy 0.024  std 0.217  lr 1.0e-04  fps   8754   222.3s
it  565/4000  reward     nan  ep_len    nan  fell    0  err_xy 0.023  std 0.217  lr 1.0e-04  fps   8529   222.6s
it  566/4000  reward     nan  ep_len    nan  fell    0  err_xy 0.021  std 0.217  lr 1.0e-04  fps   8610   222.8s
it  567/4000  reward     nan  ep_len    nan  fell    0  err_xy 0.022  std 0.217  lr 1.0e-04  fps   8764   223.1s
it  568/4000  reward     nan  ep_len    nan  fell    0  err_xy 0.020  std 0.217  lr 1.0e-04  fps   8793   223.3s
it  569/4000  reward     nan  ep_len    nan  fell    0  err_xy 0.021  std 0.217  lr 1.0e-04  fps   8573   223.6s
it  570/4000  reward     nan  ep_len    nan  fell    0  err_xy 0.022  std 0.217  lr 1.0e-04  fps   8496   223.9s
it  571/4000  reward     nan  ep_len    nan  fell    0  err_xy 0.023  std 0.217  lr 1.0e-04  fps   8595   224.2s
it  572/4000  reward     nan  ep_len    nan  fell    0  err_xy 0.023  std 0.217  lr 1.0e-04  fps   8568   224.4s
it  573/4000  reward  134.35  ep_len  808.0  fell    0  err_xy 0.219  std 0.217  lr 1.0e-04  fps   7363   224.7s
it  574/4000  reward     nan  ep_len    nan  fell    0  err_xy 0.317  std 0.217  lr 1.0e-04  fps   8988   225.0s
it  575/4000  reward     nan  ep_len    nan  fell    0  err_xy 0.293  std 0.217  lr 1.0e-04  fps   8963   225.3s
it  576/4000  reward     nan  ep_len    nan  fell    0  err_xy 0.202  std 0.217  lr 1.0e-04  fps   8515   225.5s
it  577/4000  reward     nan  ep_len    nan  fell    0  err_xy 0.134  std 0.217  lr 1.0e-04  fps   8496   225.8s
it  578/4000  reward     nan  ep_len    nan  fell    0  err_xy 0.080  std 0.217  lr 1.0e-04  fps   8385   226.1s
it  579/4000  reward     nan  ep_len    nan  fell    0  err_xy 0.076  std 0.217  lr 1.0e-04  fps   8359   226.3s
it  580/4000  reward     nan  ep_len    nan  fell    0  err_xy 0.066  std 0.217  lr 1.0e-04  fps   8354   226.6s
it  581/4000  reward     nan  ep_len    nan  fell    0  err_xy 0.051  std 0.217  lr 1.0e-04  fps   8314   226.9s
it  582/4000  reward     nan  ep_len    nan  fell    0  err_xy 0.043  std 0.217  lr 1.0e-04  fps   8310   227.2s
it  583/4000  reward     nan  ep_len    nan  fell    0  err_xy 0.040  std 0.217  lr 1.0e-04  fps   8359   227.5s
it  584/4000  reward     nan  ep_len    nan  fell    0  err_xy 0.037  std 0.217  lr 1.0e-04  fps   8204   227.7s
it  585/4000  reward     nan  ep_len    nan  fell    0  err_xy 0.036  std 0.217  lr 1.0e-04  fps   8297   228.0s
it  586/4000  reward     nan  ep_len    nan  fell    0  err_xy 0.033  std 0.217  lr 1.0e-04  fps   8271   228.3s
it  587/4000  reward     nan  ep_len    nan  fell    0  err_xy 0.027  std 0.217  lr 1.0e-04  fps   8196   228.6s
it  588/4000  reward     nan  ep_len    nan  fell    0  err_xy 0.024  std 0.217  lr 1.0e-04  fps   8327   228.8s
it  589/4000  reward     nan  ep_len    nan  fell    0  err_xy 0.020  std 0.217  lr 1.0e-04  fps   8269   229.1s
it  590/4000  reward     nan  ep_len    nan  fell    0  err_xy 0.020  std 0.216  lr 1.0e-04  fps   8296   229.4s
it  591/4000  reward     nan  ep_len    nan  fell    0  err_xy 0.020  std 0.216  lr 1.0e-04  fps   8196   229.7s
it  592/4000  reward     nan  ep_len    nan  fell    0  err_xy 0.021  std 0.216  lr 1.0e-04  fps   8122   230.0s
it  593/4000  reward     nan  ep_len    nan  fell    0  err_xy 0.022  std 0.216  lr 1.0e-04  fps   8230   230.3s
it  594/4000  reward     nan  ep_len    nan  fell    0  err_xy 0.021  std 0.216  lr 1.0e-04  fps   8287   230.5s
it  595/4000  reward     nan  ep_len    nan  fell    0  err_xy 0.022  std 0.217  lr 1.0e-04  fps   8265   230.8s
it  596/4000  reward     nan  ep_len    nan  fell    0  err_xy 0.024  std 0.216  lr 1.0e-04  fps   8278   231.1s
it  597/4000  reward     nan  ep_len    nan  fell    0  err_xy 0.023  std 0.216  lr 1.0e-04  fps   8219   231.4s
it  598/4000  reward     nan  ep_len    nan  fell    0  err_xy 0.021  std 0.216  lr 1.0e-04  fps   8277   231.6s
it  599/4000  reward     nan  ep_len    nan  fell    0  err_xy 0.023  std 0.216  lr 1.0e-04  fps   8209   231.9s
it  600/4000  reward     nan  ep_len    nan  fell    0  err_xy 0.023  std 0.216  lr 1.0e-04  fps   8343   232.2s
it  601/4000  reward     nan  ep_len    nan  fell    0  err_xy 0.022  std 0.216  lr 1.0e-04  fps   8160   232.5s
it  602/4000  reward     nan  ep_len    nan  fell    0  err_xy 0.023  std 0.216  lr 1.0e-04  fps   8334   232.8s
it  603/4000  reward     nan  ep_len    nan  fell    0  err_xy 0.024  std 0.216  lr 1.0e-04  fps   8240   233.0s
it  604/4000  reward     nan  ep_len    nan  fell    0  err_xy 0.023  std 0.216  lr 1.0e-04  fps   8254   233.3s
it  605/4000  reward     nan  ep_len    nan  fell    0  err_xy 0.023  std 0.216  lr 1.0e-04  fps   8212   233.6s
it  606/4000  reward  174.30  ep_len  808.0  fell    0  err_xy 0.023  std 0.216  lr 1.0e-04  fps   6841   233.9s
it  607/4000  reward     nan  ep_len    nan  fell    0  err_xy 0.297  std 0.216  lr 1.0e-04  fps   9053   234.2s
it  608/4000  reward     nan  ep_len    nan  fell    0  err_xy 0.342  std 0.216  lr 1.0e-04  fps   8961   234.5s
it  609/4000  reward     nan  ep_len    nan  fell    0  err_xy 0.231  std 0.216  lr 1.0e-04  fps   9130   234.7s
it  610/4000  reward     nan  ep_len    nan  fell    0  err_xy 0.179  std 0.216  lr 1.0e-04  fps   9050   235.0s
it  611/4000  reward     nan  ep_len    nan  fell    0  err_xy 0.137  std 0.216  lr 1.0e-04  fps   8979   235.2s
it  612/4000  reward     nan  ep_len    nan  fell    0  err_xy 0.105  std 0.216  lr 1.0e-04  fps   8867   235.5s
it  613/4000  reward     nan  ep_len    nan  fell    0  err_xy 0.095  std 0.216  lr 1.0e-04  fps   8767   235.7s
it  614/4000  reward     nan  ep_len    nan  fell    0  err_xy 0.076  std 0.217  lr 1.0e-04  fps   8418   236.0s
it  615/4000  reward     nan  ep_len    nan  fell    0  err_xy 0.070  std 0.217  lr 1.0e-04  fps   8547   236.3s
it  616/4000  reward     nan  ep_len    nan  fell    0  err_xy 0.062  std 0.217  lr 1.0e-04  fps   8563   236.6s
it  617/4000  reward     nan  ep_len    nan  fell    0  err_xy 0.054  std 0.217  lr 1.0e-04  fps   8473   236.8s
it  618/4000  reward     nan  ep_len    nan  fell    0  err_xy 0.050  std 0.217  lr 1.0e-04  fps   8278   237.1s
it  619/4000  reward     nan  ep_len    nan  fell    0  err_xy 0.050  std 0.217  lr 1.0e-04  fps   8377   237.4s
it  620/4000  reward     nan  ep_len    nan  fell    0  err_xy 0.044  std 0.217  lr 1.0e-04  fps   8266   237.7s
it  621/4000  reward     nan  ep_len    nan  fell    0  err_xy 0.042  std 0.217  lr 1.0e-04  fps   8127   237.9s
it  622/4000  reward     nan  ep_len    nan  fell    0  err_xy 0.047  std 0.217  lr 1.0e-04  fps   8164   238.2s
it  623/4000  reward     nan  ep_len    nan  fell    0  err_xy 0.043  std 0.217  lr 1.0e-04  fps   7910   238.5s
it  624/4000  reward     nan  ep_len    nan  fell    0  err_xy 0.044  std 0.217  lr 1.0e-04  fps   8265   238.8s
it  625/4000  reward     nan  ep_len    nan  fell    0  err_xy 0.043  std 0.217  lr 1.0e-04  fps   8387   239.1s
it  626/4000  reward     nan  ep_len    nan  fell    0  err_xy 0.038  std 0.217  lr 1.0e-04  fps   8298   239.4s
it  627/4000  reward     nan  ep_len    nan  fell    0  err_xy 0.036  std 0.217  lr 1.0e-04  fps   8289   239.6s
it  628/4000  reward     nan  ep_len    nan  fell    0  err_xy 0.035  std 0.217  lr 1.0e-04  fps   8301   239.9s
it  629/4000  reward     nan  ep_len    nan  fell    0  err_xy 0.029  std 0.217  lr 1.0e-04  fps   8339   240.2s
it  630/4000  reward     nan  ep_len    nan  fell    0  err_xy 0.032  std 0.217  lr 1.0e-04  fps   8179   240.5s
it  631/4000  reward     nan  ep_len    nan  fell    0  err_xy 0.030  std 0.217  lr 1.0e-04  fps   8285   240.7s
it  632/4000  reward     nan  ep_len    nan  fell    0  err_xy 0.024  std 0.217  lr 1.0e-04  fps   8332   241.0s
it  633/4000  reward     nan  ep_len    nan  fell    0  err_xy 0.023  std 0.217  lr 1.0e-04  fps   8301   241.3s
it  634/4000  reward     nan  ep_len    nan  fell    0  err_xy 0.025  std 0.217  lr 1.0e-04  fps   8194   241.6s
it  635/4000  reward     nan  ep_len    nan  fell    0  err_xy 0.023  std 0.217  lr 1.0e-04  fps   8251   241.9s
it  636/4000  reward     nan  ep_len    nan  fell    0  err_xy 0.020  std 0.217  lr 1.0e-04  fps   8229   242.1s
it  637/4000  reward     nan  ep_len    nan  fell    0  err_xy 0.018  std 0.217  lr 1.0e-04  fps   8091   242.4s
it  638/4000  reward     nan  ep_len    nan  fell    0  err_xy 0.017  std 0.217  lr 1.0e-04  fps   8337   242.7s
it  639/4000  reward     nan  ep_len    nan  fell    0  err_xy 0.016  std 0.217  lr 1.0e-04  fps   8254   243.0s
it  640/4000  reward  165.82  ep_len  808.0  fell    0  err_xy 0.080  std 0.217  lr 1.0e-04  fps   7117   243.3s
it  641/4000  reward     nan  ep_len    nan  fell    0  err_xy 0.346  std 0.217  lr 1.0e-04  fps   8580   243.6s
it  642/4000  reward     nan  ep_len    nan  fell    0  err_xy 0.274  std 0.217  lr 1.0e-04  fps   8738   243.8s
it  643/4000  reward     nan  ep_len    nan  fell    0  err_xy 0.168  std 0.217  lr 1.0e-04  fps   8538   244.1s
it  644/4000  reward     nan  ep_len    nan  fell    0  err_xy 0.122  std 0.217  lr 1.0e-04  fps   8398   244.4s
it  645/4000  reward     nan  ep_len    nan  fell    0  err_xy 0.087  std 0.217  lr 1.0e-04  fps   8415   244.7s
it  646/4000  reward     nan  ep_len    nan  fell    0  err_xy 0.075  std 0.217  lr 1.0e-04  fps   8119   244.9s
it  647/4000  reward     nan  ep_len    nan  fell    0  err_xy 0.062  std 0.217  lr 1.0e-04  fps   8015   245.2s
it  648/4000  reward     nan  ep_len    nan  fell    0  err_xy 0.044  std 0.217  lr 1.0e-04  fps   8238   245.5s
it  649/4000  reward     nan  ep_len    nan  fell    0  err_xy 0.036  std 0.217  lr 1.0e-04  fps   8359   245.8s
it  650/4000  reward     nan  ep_len    nan  fell    0  err_xy 0.037  std 0.217  lr 1.0e-04  fps   8283   246.1s
it  651/4000  reward     nan  ep_len    nan  fell    0  err_xy 0.038  std 0.217  lr 1.0e-04  fps   8257   246.3s
it  652/4000  reward     nan  ep_len    nan  fell    0  err_xy 0.034  std 0.217  lr 1.0e-04  fps   8323   246.6s
it  653/4000  reward     nan  ep_len    nan  fell    0  err_xy 0.037  std 0.217  lr 1.0e-04  fps   8133   246.9s
it  654/4000  reward     nan  ep_len    nan  fell    0  err_xy 0.039  std 0.217  lr 1.0e-04  fps   7980   247.2s
it  655/4000  reward     nan  ep_len    nan  fell    0  err_xy 0.033  std 0.217  lr 1.0e-04  fps   8111   247.5s
it  656/4000  reward     nan  ep_len    nan  fell    0  err_xy 0.024  std 0.217  lr 1.0e-04  fps   8381   247.8s
it  657/4000  reward     nan  ep_len    nan  fell    0  err_xy 0.028  std 0.217  lr 1.0e-04  fps   8128   248.0s
it  658/4000  reward     nan  ep_len    nan  fell    0  err_xy 0.026  std 0.217  lr 1.0e-04  fps   8275   248.3s
it  659/4000  reward     nan  ep_len    nan  fell    0  err_xy 0.027  std 0.217  lr 1.0e-04  fps   8206   248.6s
it  660/4000  reward     nan  ep_len    nan  fell    0  err_xy 0.030  std 0.217  lr 1.0e-04  fps   8301   248.9s
it  661/4000  reward     nan  ep_len    nan  fell    0  err_xy 0.027  std 0.217  lr 1.0e-04  fps   8387   249.1s
it  662/4000  reward     nan  ep_len    nan  fell    0  err_xy 0.027  std 0.217  lr 1.0e-04  fps   8261   249.4s
it  663/4000  reward     nan  ep_len    nan  fell    0  err_xy 0.026  std 0.217  lr 1.0e-04  fps   8434   249.7s
it  664/4000  reward     nan  ep_len    nan  fell    0  err_xy 0.025  std 0.217  lr 1.0e-04  fps   8338   250.0s
it  665/4000  reward     nan  ep_len    nan  fell    0  err_xy 0.024  std 0.217  lr 1.0e-04  fps   8501   250.2s
it  666/4000  reward     nan  ep_len    nan  fell    0  err_xy 0.023  std 0.217  lr 1.0e-04  fps   8453   250.5s
it  667/4000  reward     nan  ep_len    nan  fell    0  err_xy 0.019  std 0.217  lr 1.0e-04  fps   8447   250.8s
it  668/4000  reward     nan  ep_len    nan  fell    0  err_xy 0.020  std 0.217  lr 1.0e-04  fps   8449   251.1s
it  669/4000  reward     nan  ep_len    nan  fell    0  err_xy 0.020  std 0.217  lr 1.0e-04  fps   8515   251.3s
it  670/4000  reward     nan  ep_len    nan  fell    0  err_xy 0.018  std 0.217  lr 1.0e-04  fps   8430   251.6s
it  671/4000  reward     nan  ep_len    nan  fell    0  err_xy 0.017  std 0.216  lr 1.0e-04  fps   8480   251.9s
it  672/4000  reward     nan  ep_len    nan  fell    0  err_xy 0.016  std 0.216  lr 1.0e-04  fps   8459   252.2s
it  673/4000  reward     nan  ep_len    nan  fell    0  err_xy 0.016  std 0.216  lr 1.0e-04  fps   8591   252.4s
it  674/4000  reward  169.70  ep_len  808.0  fell    0  err_xy 0.192  std 0.216  lr 1.0e-04  fps   7456   252.7s
it  675/4000  reward     nan  ep_len    nan  fell    0  err_xy 0.245  std 0.216  lr 1.0e-04  fps   8836   253.0s
it  676/4000  reward     nan  ep_len    nan  fell    0  err_xy 0.207  std 0.217  lr 1.0e-04  fps   8925   253.3s
it  677/4000  reward     nan  ep_len    nan  fell    0  err_xy 0.173  std 0.217  lr 1.0e-04  fps   8965   253.5s
it  678/4000  reward     nan  ep_len    nan  fell    0  err_xy 0.152  std 0.217  lr 1.0e-04  fps   8920   253.8s
it  679/4000  reward     nan  ep_len    nan  fell    0  err_xy 0.130  std 0.217  lr 1.0e-04  fps   8646   254.0s
it  680/4000  reward     nan  ep_len    nan  fell    0  err_xy 0.095  std 0.217  lr 1.0e-04  fps   8617   254.3s
it  681/4000  reward     nan  ep_len    nan  fell    0  err_xy 0.093  std 0.217  lr 1.0e-04  fps   8638   254.6s
it  682/4000  reward     nan  ep_len    nan  fell    0  err_xy 0.085  std 0.217  lr 1.0e-04  fps   8773   254.8s
it  683/4000  reward     nan  ep_len    nan  fell    0  err_xy 0.057  std 0.217  lr 1.0e-04  fps   8645   255.1s
it  684/4000  reward     nan  ep_len    nan  fell    0  err_xy 0.059  std 0.217  lr 1.0e-04  fps   8768   255.4s
it  685/4000  reward     nan  ep_len    nan  fell    0  err_xy 0.049  std 0.217  lr 1.0e-04  fps   8703   255.6s
it  686/4000  reward     nan  ep_len    nan  fell    0  err_xy 0.036  std 0.217  lr 1.0e-04  fps   8753   255.9s
it  687/4000  reward     nan  ep_len    nan  fell    0  err_xy 0.036  std 0.217  lr 1.0e-04  fps   8597   256.2s
it  688/4000  reward     nan  ep_len    nan  fell    0  err_xy 0.037  std 0.217  lr 1.0e-04  fps   8634   256.4s
it  689/4000  reward     nan  ep_len    nan  fell    0  err_xy 0.038  std 0.217  lr 1.0e-04  fps   8821   256.7s
it  690/4000  reward     nan  ep_len    nan  fell    0  err_xy 0.033  std 0.217  lr 1.0e-04  fps   8798   257.0s
it  691/4000  reward     nan  ep_len    nan  fell    0  err_xy 0.034  std 0.217  lr 1.0e-04  fps   8768   257.2s
it  692/4000  reward     nan  ep_len    nan  fell    0  err_xy 0.038  std 0.217  lr 1.0e-04  fps   8768   257.5s
it  693/4000  reward     nan  ep_len    nan  fell    0  err_xy 0.044  std 0.217  lr 1.0e-04  fps   8722   257.7s
it  694/4000  reward     nan  ep_len    nan  fell    0  err_xy 0.045  std 0.217  lr 1.0e-04  fps   8859   258.0s
it  695/4000  reward     nan  ep_len    nan  fell    0  err_xy 0.038  std 0.217  lr 1.0e-04  fps   8850   258.3s
it  696/4000  reward     nan  ep_len    nan  fell    0  err_xy 0.035  std 0.217  lr 1.0e-04  fps   8700   258.5s
it  697/4000  reward     nan  ep_len    nan  fell    0  err_xy 0.031  std 0.217  lr 1.0e-04  fps   8878   258.8s
it  698/4000  reward     nan  ep_len    nan  fell    0  err_xy 0.031  std 0.217  lr 1.0e-04  fps   8848   259.0s
it  699/4000  reward     nan  ep_len    nan  fell    0  err_xy 0.031  std 0.216  lr 1.0e-04  fps   8842   259.3s
it  700/4000  reward     nan  ep_len    nan  fell    0  err_xy 0.029  std 0.216  lr 1.0e-04  fps   8882   259.6s
it  701/4000  reward     nan  ep_len    nan  fell    0  err_xy 0.027  std 0.216  lr 1.0e-04  fps   8773   259.8s
it  702/4000  reward     nan  ep_len    nan  fell    0  err_xy 0.026  std 0.216  lr 1.0e-04  fps   8775   260.1s
it  703/4000  reward     nan  ep_len    nan  fell    0  err_xy 0.024  std 0.216  lr 1.0e-04  fps   8841   260.4s
it  704/4000  reward     nan  ep_len    nan  fell    0  err_xy 0.031  std 0.217  lr 1.0e-04  fps   8849   260.6s
it  705/4000  reward     nan  ep_len    nan  fell    0  err_xy 0.025  std 0.217  lr 1.0e-04  fps   8741   260.9s
it  706/4000  reward     nan  ep_len    nan  fell    0  err_xy 0.022  std 0.217  lr 1.0e-04  fps   8810   261.1s
it  707/4000  reward  150.33  ep_len  808.0  fell    0  err_xy 0.028  std 0.217  lr 1.0e-04  fps   7262   261.5s
it  708/4000  reward     nan  ep_len    nan  fell    0  err_xy 0.265  std 0.217  lr 1.0e-04  fps   9001   261.7s
it  709/4000  reward     nan  ep_len    nan  fell    0  err_xy 0.250  std 0.217  lr 1.0e-04  fps   8868   262.0s
it  710/4000  reward     nan  ep_len    nan  fell    0  err_xy 0.178  std 0.217  lr 1.0e-04  fps   8827   262.2s
it  711/4000  reward     nan  ep_len    nan  fell    0  err_xy 0.156  std 0.217  lr 1.0e-04  fps   8723   262.5s
it  712/4000  reward     nan  ep_len    nan  fell    0  err_xy 0.125  std 0.217  lr 1.0e-04  fps   8717   262.8s
it  713/4000  reward     nan  ep_len    nan  fell    0  err_xy 0.107  std 0.217  lr 1.0e-04  fps   8385   263.0s
it  714/4000  reward     nan  ep_len    nan  fell    0  err_xy 0.082  std 0.217  lr 1.0e-04  fps   8482   263.3s
it  715/4000  reward     nan  ep_len    nan  fell    0  err_xy 0.050  std 0.217  lr 1.0e-04  fps   8241   263.6s
it  716/4000  reward     nan  ep_len    nan  fell    0  err_xy 0.047  std 0.217  lr 1.0e-04  fps   8495   263.9s
it  717/4000  reward     nan  ep_len    nan  fell    0  err_xy 0.032  std 0.217  lr 1.0e-04  fps   8291   264.1s
it  718/4000  reward     nan  ep_len    nan  fell    0  err_xy 0.036  std 0.217  lr 1.0e-04  fps   8216   264.4s
it  719/4000  reward     nan  ep_len    nan  fell    0  err_xy 0.039  std 0.217  lr 1.0e-04  fps   8390   264.7s
it  720/4000  reward     nan  ep_len    nan  fell    0  err_xy 0.037  std 0.217  lr 1.0e-04  fps   8432   265.0s
it  721/4000  reward     nan  ep_len    nan  fell    0  err_xy 0.031  std 0.217  lr 1.0e-04  fps   8423   265.3s
it  722/4000  reward     nan  ep_len    nan  fell    0  err_xy 0.027  std 0.217  lr 1.0e-04  fps   8539   265.5s
it  723/4000  reward     nan  ep_len    nan  fell    0  err_xy 0.023  std 0.217  lr 1.0e-04  fps   8508   265.8s
it  724/4000  reward     nan  ep_len    nan  fell    0  err_xy 0.025  std 0.217  lr 1.0e-04  fps   8485   266.1s
it  725/4000  reward     nan  ep_len    nan  fell    0  err_xy 0.026  std 0.217  lr 1.0e-04  fps   8558   266.3s
it  726/4000  reward     nan  ep_len    nan  fell    0  err_xy 0.029  std 0.217  lr 1.0e-04  fps   8656   266.6s
it  727/4000  reward     nan  ep_len    nan  fell    0  err_xy 0.027  std 0.217  lr 1.0e-04  fps   8515   266.9s
it  728/4000  reward     nan  ep_len    nan  fell    0  err_xy 0.024  std 0.217  lr 1.0e-04  fps   8501   267.1s
it  729/4000  reward     nan  ep_len    nan  fell    0  err_xy 0.026  std 0.217  lr 1.0e-04  fps   8753   267.4s
it  730/4000  reward     nan  ep_len    nan  fell    0  err_xy 0.029  std 0.217  lr 1.0e-04  fps   8637   267.7s
it  731/4000  reward     nan  ep_len    nan  fell    0  err_xy 0.030  std 0.216  lr 1.0e-04  fps   8561   267.9s
it  732/4000  reward     nan  ep_len    nan  fell    0  err_xy 0.026  std 0.216  lr 1.0e-04  fps   8653   268.2s
it  733/4000  reward     nan  ep_len    nan  fell    0  err_xy 0.023  std 0.216  lr 1.0e-04  fps   8689   268.5s
it  734/4000  reward     nan  ep_len    nan  fell    0  err_xy 0.022  std 0.216  lr 1.0e-04  fps   8754   268.7s
it  735/4000  reward     nan  ep_len    nan  fell    0  err_xy 0.024  std 0.216  lr 1.0e-04  fps   8729   269.0s
it  736/4000  reward     nan  ep_len    nan  fell    0  err_xy 0.033  std 0.217  lr 1.0e-04  fps   8759   269.3s
it  737/4000  reward     nan  ep_len    nan  fell    0  err_xy 0.046  std 0.217  lr 1.0e-04  fps   8850   269.5s
it  738/4000  reward     nan  ep_len    nan  fell    0  err_xy 0.043  std 0.216  lr 1.0e-04  fps   8870   269.8s
it  739/4000  reward     nan  ep_len    nan  fell    0  err_xy 0.049  std 0.216  lr 1.0e-04  fps   8622   270.1s
it  740/4000  reward     nan  ep_len    nan  fell    0  err_xy 0.050  std 0.216  lr 1.0e-04  fps   8690   270.3s
it  741/4000  reward  160.49  ep_len  808.0  fell    0  err_xy 0.106  std 0.216  lr 1.0e-04  fps   7258   270.6s
it  742/4000  reward     nan  ep_len    nan  fell    0  err_xy 0.296  std 0.217  lr 1.0e-04  fps   9218   270.9s
it  743/4000  reward     nan  ep_len    nan  fell    0  err_xy 0.237  std 0.217  lr 1.0e-04  fps   9095   271.1s
it  744/4000  reward     nan  ep_len    nan  fell    0  err_xy 0.205  std 0.217  lr 1.0e-04  fps   9128   271.4s
it  745/4000  reward     nan  ep_len    nan  fell    0  err_xy 0.173  std 0.217  lr 1.0e-04  fps   8984   271.6s
it  746/4000  reward     nan  ep_len    nan  fell    0  err_xy 0.135  std 0.217  lr 1.0e-04  fps   8753   271.9s
it  747/4000  reward     nan  ep_len    nan  fell    0  err_xy 0.116  std 0.217  lr 1.0e-04  fps   8818   272.2s
it  748/4000  reward     nan  ep_len    nan  fell    0  err_xy 0.082  std 0.217  lr 1.0e-04  fps   8824   272.4s
it  749/4000  reward     nan  ep_len    nan  fell    0  err_xy 0.073  std 0.217  lr 1.0e-04  fps   8790   272.7s
it  750/4000  reward     nan  ep_len    nan  fell    0  err_xy 0.066  std 0.217  lr 1.0e-04  fps   8817   273.0s
it  751/4000  reward     nan  ep_len    nan  fell    0  err_xy 0.060  std 0.217  lr 1.0e-04  fps   8744   273.2s
it  752/4000  reward     nan  ep_len    nan  fell    0  err_xy 0.050  std 0.217  lr 1.0e-04  fps   8729   273.5s
it  753/4000  reward     nan  ep_len    nan  fell    0  err_xy 0.048  std 0.217  lr 1.0e-04  fps   8687   273.8s
it  754/4000  reward     nan  ep_len    nan  fell    0  err_xy 0.046  std 0.217  lr 1.0e-04  fps   8569   274.0s
it  755/4000  reward     nan  ep_len    nan  fell    0  err_xy 0.040  std 0.217  lr 1.0e-04  fps   8717   274.3s
it  756/4000  reward     nan  ep_len    nan  fell    0  err_xy 0.035  std 0.217  lr 1.0e-04  fps   8541   274.6s
it  757/4000  reward     nan  ep_len    nan  fell    0  err_xy 0.044  std 0.217  lr 1.0e-04  fps   8719   274.8s
it  758/4000  reward     nan  ep_len    nan  fell    0  err_xy 0.042  std 0.217  lr 1.0e-04  fps   8704   275.1s
it  759/4000  reward     nan  ep_len    nan  fell    0  err_xy 0.052  std 0.217  lr 1.0e-04  fps   8838   275.3s
it  760/4000  reward     nan  ep_len    nan  fell    0  err_xy 0.048  std 0.217  lr 1.0e-04  fps   8803   275.6s
it  761/4000  reward     nan  ep_len    nan  fell    0  err_xy 0.047  std 0.217  lr 1.0e-04  fps   8845   275.9s
it  762/4000  reward     nan  ep_len    nan  fell    0  err_xy 0.054  std 0.217  lr 1.0e-04  fps   8785   276.1s
it  763/4000  reward     nan  ep_len    nan  fell    0  err_xy 0.054  std 0.217  lr 1.0e-04  fps   8873   276.4s
it  764/4000  reward     nan  ep_len    nan  fell    0  err_xy 0.060  std 0.217  lr 1.0e-04  fps   8794   276.7s
it  765/4000  reward     nan  ep_len    nan  fell    0  err_xy 0.060  std 0.217  lr 1.0e-04  fps   8979   276.9s
it  766/4000  reward     nan  ep_len    nan  fell    0  err_xy 0.060  std 0.217  lr 1.0e-04  fps   8931   277.2s
it  767/4000  reward     nan  ep_len    nan  fell    0  err_xy 0.075  std 0.217  lr 1.0e-04  fps   8789   277.4s
it  768/4000  reward     nan  ep_len    nan  fell    0  err_xy 0.076  std 0.217  lr 1.0e-04  fps   8924   277.7s
it  769/4000  reward     nan  ep_len    nan  fell    0  err_xy 0.074  std 0.217  lr 1.0e-04  fps   8956   277.9s
it  770/4000  reward     nan  ep_len    nan  fell    0  err_xy 0.063  std 0.217  lr 1.0e-04  fps   8812   278.2s
it  771/4000  reward     nan  ep_len    nan  fell    0  err_xy 0.055  std 0.217  lr 1.0e-04  fps   8780   278.5s
it  772/4000  reward     nan  ep_len    nan  fell    0  err_xy 0.051  std 0.217  lr 1.0e-04  fps   8938   278.7s
it  773/4000  reward     nan  ep_len    nan  fell    0  err_xy 0.069  std 0.217  lr 1.0e-04  fps   8796   279.0s
it  774/4000  reward     nan  ep_len    nan  fell    0  err_xy 0.062  std 0.217  lr 1.0e-04  fps   9024   279.2s
it  775/4000  reward  138.62  ep_len  808.0  fell    0  err_xy 0.210  std 0.217  lr 1.0e-04  fps   7450   279.6s
it  776/4000  reward     nan  ep_len    nan  fell    0  err_xy 0.263  std 0.217  lr 1.0e-04  fps   9158   279.8s
it  777/4000  reward     nan  ep_len    nan  fell    0  err_xy 0.213  std 0.217  lr 1.0e-04  fps   9021   280.1s
it  778/4000  reward     nan  ep_len    nan  fell    0  err_xy 0.208  std 0.217  lr 1.0e-04  fps   8854   280.3s
it  779/4000  reward     nan  ep_len    nan  fell    0  err_xy 0.178  std 0.217  lr 1.0e-04  fps   8660   280.6s
it  780/4000  reward     nan  ep_len    nan  fell    0  err_xy 0.133  std 0.217  lr 1.0e-04  fps   8479   280.9s
it  781/4000  reward     nan  ep_len    nan  fell    0  err_xy 0.099  std 0.217  lr 1.0e-04  fps   8291   281.1s
it  782/4000  reward     nan  ep_len    nan  fell    0  err_xy 0.069  std 0.217  lr 1.0e-04  fps   8350   281.4s
it  783/4000  reward     nan  ep_len    nan  fell    0  err_xy 0.068  std 0.217  lr 1.0e-04  fps   8321   281.7s
it  784/4000  reward     nan  ep_len    nan  fell    0  err_xy 0.046  std 0.217  lr 1.0e-04  fps   8258   282.0s
it  785/4000  reward     nan  ep_len    nan  fell    0  err_xy 0.045  std 0.217  lr 1.0e-04  fps   8313   282.3s
it  786/4000  reward     nan  ep_len    nan  fell    0  err_xy 0.041  std 0.217  lr 1.0e-04  fps   8191   282.5s
it  787/4000  reward     nan  ep_len    nan  fell    0  err_xy 0.044  std 0.217  lr 1.0e-04  fps   8297   282.8s
it  788/4000  reward     nan  ep_len    nan  fell    0  err_xy 0.026  std 0.217  lr 1.0e-04  fps   8390   283.1s
it  789/4000  reward     nan  ep_len    nan  fell    0  err_xy 0.031  std 0.217  lr 1.0e-04  fps   8506   283.4s
it  790/4000  reward     nan  ep_len    nan  fell    0  err_xy 0.038  std 0.217  lr 1.0e-04  fps   8434   283.6s
it  791/4000  reward     nan  ep_len    nan  fell    0  err_xy 0.046  std 0.217  lr 1.0e-04  fps   8686   283.9s
it  792/4000  reward     nan  ep_len    nan  fell    0  err_xy 0.052  std 0.217  lr 1.0e-04  fps   8553   284.2s
it  793/4000  reward     nan  ep_len    nan  fell    0  err_xy 0.052  std 0.217  lr 1.0e-04  fps   8496   284.4s
it  794/4000  reward     nan  ep_len    nan  fell    0  err_xy 0.041  std 0.217  lr 1.0e-04  fps   8629   284.7s
it  795/4000  reward     nan  ep_len    nan  fell    0  err_xy 0.055  std 0.217  lr 1.0e-04  fps   8745   285.0s
it  796/4000  reward     nan  ep_len    nan  fell    0  err_xy 0.081  std 0.217  lr 1.0e-04  fps   8778   285.2s
it  797/4000  reward     nan  ep_len    nan  fell    0  err_xy 0.074  std 0.217  lr 1.0e-04  fps   8859   285.5s
it  798/4000  reward     nan  ep_len    nan  fell    0  err_xy 0.103  std 0.217  lr 1.0e-04  fps   8949   285.8s
it  799/4000  reward     nan  ep_len    nan  fell    0  err_xy 0.096  std 0.217  lr 1.0e-04  fps   8913   286.0s
it  800/4000  reward     nan  ep_len    nan  fell    0  err_xy 0.076  std 0.217  lr 1.0e-04  fps   8851   286.3s
it  801/4000  reward     nan  ep_len    nan  fell    0  err_xy 0.094  std 0.217  lr 1.0e-04  fps   8800   286.5s
it  802/4000  reward     nan  ep_len    nan  fell    0  err_xy 0.076  std 0.217  lr 1.0e-04  fps   8459   286.8s
it  803/4000  reward     nan  ep_len    nan  fell    0  err_xy 0.085  std 0.217  lr 1.0e-04  fps   8857   287.1s
it  804/4000  reward     nan  ep_len    nan  fell    0  err_xy 0.063  std 0.217  lr 1.0e-04  fps   8847   287.3s
it  805/4000  reward     nan  ep_len    nan  fell    0  err_xy 0.066  std 0.217  lr 1.0e-04  fps   8724   287.6s
it  806/4000  reward     nan  ep_len    nan  fell    0  err_xy 0.048  std 0.217  lr 1.0e-04  fps   8850   287.9s
it  807/4000  reward     nan  ep_len    nan  fell    0  err_xy 0.056  std 0.217  lr 1.0e-04  fps   8775   288.1s
it  808/4000  reward  140.59  ep_len  808.0  fell    0  err_xy 0.050  std 0.217  lr 1.0e-04  fps   7125   288.4s
it  809/4000  reward     nan  ep_len    nan  fell    0  err_xy 0.280  std 0.217  lr 1.0e-04  fps   9059   288.7s
it  810/4000  reward     nan  ep_len    nan  fell    0  err_xy 0.242  std 0.217  lr 1.0e-04  fps   8973   289.0s
it  811/4000  reward     nan  ep_len    nan  fell    0  err_xy 0.170  std 0.217  lr 1.0e-04  fps   8976   289.2s
it  812/4000  reward     nan  ep_len    nan  fell    0  err_xy 0.165  std 0.217  lr 1.0e-04  fps   8907   289.5s
it  813/4000  reward     nan  ep_len    nan  fell    0  err_xy 0.154  std 0.217  lr 1.0e-04  fps   8756   289.7s
it  814/4000  reward     nan  ep_len    nan  fell    0  err_xy 0.108  std 0.217  lr 1.0e-04  fps   8878   290.0s
it  815/4000  reward     nan  ep_len    nan  fell    0  err_xy 0.115  std 0.217  lr 1.0e-04  fps   8933   290.2s
it  816/4000  reward     nan  ep_len    nan  fell    0  err_xy 0.094  std 0.217  lr 1.0e-04  fps   8673   290.5s
it  817/4000  reward     nan  ep_len    nan  fell    0  err_xy 0.089  std 0.217  lr 1.0e-04  fps   8832   290.8s
it  818/4000  reward     nan  ep_len    nan  fell    0  err_xy 0.070  std 0.217  lr 1.0e-04  fps   8470   291.0s
it  819/4000  reward     nan  ep_len    nan  fell    0  err_xy 0.057  std 0.217  lr 1.0e-04  fps   8706   291.3s
it  820/4000  reward     nan  ep_len    nan  fell    0  err_xy 0.052  std 0.217  lr 1.0e-04  fps   8708   291.6s
it  821/4000  reward     nan  ep_len    nan  fell    0  err_xy 0.043  std 0.217  lr 1.0e-04  fps   8815   291.8s
it  822/4000  reward     nan  ep_len    nan  fell    0  err_xy 0.052  std 0.217  lr 1.0e-04  fps   8720   292.1s
it  823/4000  reward     nan  ep_len    nan  fell    0  err_xy 0.063  std 0.217  lr 1.0e-04  fps   8694   292.4s
it  824/4000  reward     nan  ep_len    nan  fell    0  err_xy 0.050  std 0.217  lr 1.0e-04  fps   8719   292.6s
it  825/4000  reward     nan  ep_len    nan  fell    0  err_xy 0.053  std 0.217  lr 1.0e-04  fps   8709   292.9s
it  826/4000  reward     nan  ep_len    nan  fell    0  err_xy 0.062  std 0.217  lr 1.0e-04  fps   8840   293.2s
it  827/4000  reward     nan  ep_len    nan  fell    0  err_xy 0.068  std 0.217  lr 1.0e-04  fps   8861   293.4s
it  828/4000  reward     nan  ep_len    nan  fell    0  err_xy 0.049  std 0.217  lr 1.0e-04  fps   8567   293.7s
it  829/4000  reward     nan  ep_len    nan  fell    0  err_xy 0.048  std 0.217  lr 1.0e-04  fps   8670   294.0s
it  830/4000  reward     nan  ep_len    nan  fell    0  err_xy 0.046  std 0.217  lr 1.0e-04  fps   8908   294.2s
it  831/4000  reward     nan  ep_len    nan  fell    0  err_xy 0.041  std 0.217  lr 1.0e-04  fps   8724   294.5s
it  832/4000  reward     nan  ep_len    nan  fell    0  err_xy 0.042  std 0.217  lr 1.0e-04  fps   8777   294.7s
it  833/4000  reward     nan  ep_len    nan  fell    0  err_xy 0.044  std 0.217  lr 1.0e-04  fps   8690   295.0s
it  834/4000  reward     nan  ep_len    nan  fell    0  err_xy 0.049  std 0.217  lr 1.0e-04  fps   8853   295.3s
it  835/4000  reward     nan  ep_len    nan  fell    0  err_xy 0.046  std 0.217  lr 1.0e-04  fps   8810   295.5s
it  836/4000  reward     nan  ep_len    nan  fell    0  err_xy 0.045  std 0.217  lr 1.0e-04  fps   8836   295.8s
it  837/4000  reward     nan  ep_len    nan  fell    0  err_xy 0.039  std 0.217  lr 1.0e-04  fps   8632   296.1s
it  838/4000  reward     nan  ep_len    nan  fell    0  err_xy 0.044  std 0.217  lr 1.0e-04  fps   8942   296.3s
it  839/4000  reward     nan  ep_len    nan  fell    0  err_xy 0.035  std 0.217  lr 1.0e-04  fps   8971   296.6s
it  840/4000  reward     nan  ep_len    nan  fell    0  err_xy 0.034  std 0.217  lr 1.0e-04  fps   8944   296.8s
it  841/4000  reward     nan  ep_len    nan  fell    0  err_xy 0.042  std 0.217  lr 1.0e-04  fps   8776   297.1s
it  842/4000  reward  128.99  ep_len  808.0  fell    0  err_xy 0.097  std 0.217  lr 1.0e-04  fps   7428   297.4s
it  843/4000  reward     nan  ep_len    nan  fell    0  err_xy 0.329  std 0.217  lr 1.0e-04  fps   8740   297.7s
it  844/4000  reward     nan  ep_len    nan  fell    0  err_xy 0.215  std 0.217  lr 1.0e-04  fps   8929   297.9s
it  845/4000  reward     nan  ep_len    nan  fell    0  err_xy 0.158  std 0.217  lr 1.0e-04  fps   8794   298.2s
it  846/4000  reward     nan  ep_len    nan  fell    0  err_xy 0.115  std 0.217  lr 1.0e-04  fps   8440   298.5s
it  847/4000  reward     nan  ep_len    nan  fell    0  err_xy 0.083  std 0.217  lr 1.0e-04  fps   8448   298.7s
it  848/4000  reward     nan  ep_len    nan  fell    0  err_xy 0.080  std 0.217  lr 1.0e-04  fps   8402   299.0s
it  849/4000  reward     nan  ep_len    nan  fell    0  err_xy 0.069  std 0.217  lr 1.0e-04  fps   8539   299.3s
it  850/4000  reward     nan  ep_len    nan  fell    0  err_xy 0.057  std 0.217  lr 1.0e-04  fps   8436   299.6s
it  851/4000  reward     nan  ep_len    nan  fell    0  err_xy 0.042  std 0.217  lr 1.0e-04  fps   8387   299.8s
it  852/4000  reward     nan  ep_len    nan  fell    0  err_xy 0.040  std 0.217  lr 1.0e-04  fps   8486   300.1s
it  853/4000  reward     nan  ep_len    nan  fell    0  err_xy 0.035  std 0.217  lr 1.0e-04  fps   8321   300.4s
it  854/4000  reward     nan  ep_len    nan  fell    0  err_xy 0.037  std 0.217  lr 1.0e-04  fps   8353   300.7s
it  855/4000  reward     nan  ep_len    nan  fell    0  err_xy 0.036  std 0.217  lr 1.0e-04  fps   8263   300.9s
it  856/4000  reward     nan  ep_len    nan  fell    0  err_xy 0.040  std 0.217  lr 1.0e-04  fps   8216   301.2s
it  857/4000  reward     nan  ep_len    nan  fell    0  err_xy 0.046  std 0.217  lr 1.0e-04  fps   8247   301.5s
it  858/4000  reward     nan  ep_len    nan  fell    0  err_xy 0.043  std 0.217  lr 1.0e-04  fps   8313   301.8s
it  859/4000  reward     nan  ep_len    nan  fell    0  err_xy 0.034  std 0.217  lr 1.0e-04  fps   8381   302.0s
it  860/4000  reward     nan  ep_len    nan  fell    0  err_xy 0.032  std 0.217  lr 1.0e-04  fps   8511   302.3s
it  861/4000  reward     nan  ep_len    nan  fell    0  err_xy 0.030  std 0.217  lr 1.0e-04  fps   8590   302.6s
it  862/4000  reward     nan  ep_len    nan  fell    0  err_xy 0.035  std 0.217  lr 1.0e-04  fps   8594   302.9s
it  863/4000  reward     nan  ep_len    nan  fell    0  err_xy 0.039  std 0.217  lr 1.0e-04  fps   8518   303.1s
it  864/4000  reward     nan  ep_len    nan  fell    0  err_xy 0.053  std 0.217  lr 1.0e-04  fps   8717   303.4s
it  865/4000  reward     nan  ep_len    nan  fell    0  err_xy 0.068  std 0.217  lr 1.0e-04  fps   8478   303.7s
it  866/4000  reward     nan  ep_len    nan  fell    0  err_xy 0.079  std 0.217  lr 1.0e-04  fps   8475   303.9s
it  867/4000  reward     nan  ep_len    nan  fell    0  err_xy 0.070  std 0.217  lr 1.0e-04  fps   8680   304.2s
it  868/4000  reward     nan  ep_len    nan  fell    0  err_xy 0.076  std 0.217  lr 1.0e-04  fps   8866   304.5s
it  869/4000  reward     nan  ep_len    nan  fell    0  err_xy 0.081  std 0.217  lr 1.0e-04  fps   8785   304.7s
it  870/4000  reward     nan  ep_len    nan  fell    0  err_xy 0.078  std 0.217  lr 1.0e-04  fps   8555   305.0s
it  871/4000  reward     nan  ep_len    nan  fell    0  err_xy 0.063  std 0.217  lr 1.0e-04  fps   8824   305.3s
it  872/4000  reward     nan  ep_len    nan  fell    0  err_xy 0.075  std 0.217  lr 1.0e-04  fps   8878   305.5s
it  873/4000  reward     nan  ep_len    nan  fell    0  err_xy 0.076  std 0.217  lr 1.0e-04  fps   8845   305.8s
it  874/4000  reward     nan  ep_len    nan  fell    0  err_xy 0.061  std 0.217  lr 1.0e-04  fps   8730   306.0s
it  875/4000  reward     nan  ep_len    nan  fell    0  err_xy 0.066  std 0.217  lr 1.0e-04  fps   8722   306.3s
it  876/4000  reward  157.48  ep_len  808.0  fell    0  err_xy 0.205  std 0.217  lr 1.0e-04  fps   7441   306.6s
it  877/4000  reward     nan  ep_len    nan  fell    0  err_xy 0.260  std 0.217  lr 1.0e-04  fps   9129   306.9s
it  878/4000  reward     nan  ep_len    nan  fell    0  err_xy 0.171  std 0.217  lr 1.0e-04  fps   9120   307.1s
it  879/4000  reward     nan  ep_len    nan  fell    0  err_xy 0.135  std 0.217  lr 1.0e-04  fps   9114   307.4s
it  880/4000  reward     nan  ep_len    nan  fell    0  err_xy 0.145  std 0.217  lr 1.0e-04  fps   9048   307.6s
it  881/4000  reward     nan  ep_len    nan  fell    0  err_xy 0.130  std 0.217  lr 1.0e-04  fps   8925   307.9s
it  882/4000  reward     nan  ep_len    nan  fell    0  err_xy 0.088  std 0.217  lr 1.0e-04  fps   8837   308.1s
it  883/4000  reward     nan  ep_len    nan  fell    0  err_xy 0.070  std 0.217  lr 1.0e-04  fps   8634   308.4s
it  884/4000  reward     nan  ep_len    nan  fell    0  err_xy 0.056  std 0.217  lr 1.0e-04  fps   8718   308.7s
it  885/4000  reward     nan  ep_len    nan  fell    0  err_xy 0.066  std 0.217  lr 1.0e-04  fps   8534   308.9s
it  886/4000  reward     nan  ep_len    nan  fell    0  err_xy 0.068  std 0.217  lr 1.0e-04  fps   8555   309.2s
it  887/4000  reward     nan  ep_len    nan  fell    0  err_xy 0.067  std 0.217  lr 1.0e-04  fps   8653   309.5s
it  888/4000  reward     nan  ep_len    nan  fell    0  err_xy 0.079  std 0.217  lr 1.0e-04  fps   8752   309.7s
it  889/4000  reward     nan  ep_len    nan  fell    0  err_xy 0.054  std 0.217  lr 1.0e-04  fps   8667   310.0s
it  890/4000  reward     nan  ep_len    nan  fell    0  err_xy 0.067  std 0.217  lr 1.0e-04  fps   8702   310.3s
it  891/4000  reward     nan  ep_len    nan  fell    0  err_xy 0.092  std 0.217  lr 1.0e-04  fps   8621   310.5s
it  892/4000  reward     nan  ep_len    nan  fell    0  err_xy 0.077  std 0.217  lr 1.0e-04  fps   8563   310.8s
it  893/4000  reward     nan  ep_len    nan  fell    0  err_xy 0.070  std 0.217  lr 1.0e-04  fps   8703   311.1s
it  894/4000  reward     nan  ep_len    nan  fell    0  err_xy 0.087  std 0.217  lr 1.0e-04  fps   8735   311.3s
it  895/4000  reward     nan  ep_len    nan  fell    0  err_xy 0.094  std 0.217  lr 1.0e-04  fps   8566   311.6s
it  896/4000  reward     nan  ep_len    nan  fell    0  err_xy 0.096  std 0.217  lr 1.0e-04  fps   8817   311.9s
it  897/4000  reward     nan  ep_len    nan  fell    0  err_xy 0.067  std 0.217  lr 1.0e-04  fps   8450   312.1s
it  898/4000  reward     nan  ep_len    nan  fell    0  err_xy 0.071  std 0.217  lr 1.0e-04  fps   8658   312.4s
it  899/4000  reward     nan  ep_len    nan  fell    0  err_xy 0.070  std 0.217  lr 1.0e-04  fps   8468   312.7s
it  900/4000  reward     nan  ep_len    nan  fell    0  err_xy 0.072  std 0.217  lr 1.0e-04  fps   8582   313.0s
it  901/4000  reward     nan  ep_len    nan  fell    0  err_xy 0.057  std 0.217  lr 1.0e-04  fps   8533   313.2s
it  902/4000  reward     nan  ep_len    nan  fell    0  err_xy 0.061  std 0.217  lr 1.0e-04  fps   8537   313.5s
it  903/4000  reward     nan  ep_len    nan  fell    0  err_xy 0.068  std 0.217  lr 1.0e-04  fps   8652   313.8s
it  904/4000  reward     nan  ep_len    nan  fell    0  err_xy 0.063  std 0.217  lr 1.0e-04  fps   8738   314.0s
it  905/4000  reward     nan  ep_len    nan  fell    0  err_xy 0.063  std 0.217  lr 1.0e-04  fps   8640   314.3s
it  906/4000  reward     nan  ep_len    nan  fell    0  err_xy 0.055  std 0.217  lr 1.0e-04  fps   8570   314.6s
it  907/4000  reward     nan  ep_len    nan  fell    0  err_xy 0.054  std 0.217  lr 1.0e-04  fps   8721   314.8s
it  908/4000  reward     nan  ep_len    nan  fell    0  err_xy 0.057  std 0.217  lr 1.0e-04  fps   8700   315.1s
it  909/4000  reward  147.47  ep_len  808.0  fell    0  err_xy 0.067  std 0.217  lr 1.0e-04  fps   7023   315.4s
it  910/4000  reward     nan  ep_len    nan  fell    0  err_xy 0.279  std 0.217  lr 1.0e-04  fps   9116   315.7s
it  911/4000  reward     nan  ep_len    nan  fell    0  err_xy 0.222  std 0.217  lr 1.0e-04  fps   9101   315.9s
it  912/4000  reward     nan  ep_len    nan  fell    0  err_xy 0.158  std 0.217  lr 1.0e-04  fps   9000   316.2s
it  913/4000  reward     nan  ep_len    nan  fell    0  err_xy 0.137  std 0.217  lr 1.0e-04  fps   8971   316.4s
it  914/4000  reward     nan  ep_len    nan  fell    0  err_xy 0.125  std 0.217  lr 1.0e-04  fps   8951   316.7s
it  915/4000  reward     nan  ep_len    nan  fell    0  err_xy 0.130  std 0.217  lr 1.0e-04  fps   8812   317.0s
it  916/4000  reward     nan  ep_len    nan  fell    0  err_xy 0.108  std 0.217  lr 1.0e-04  fps   9021   317.2s
it  917/4000  reward     nan  ep_len    nan  fell    0  err_xy 0.111  std 0.217  lr 1.0e-04  fps   9010   317.5s
it  918/4000  reward     nan  ep_len    nan  fell    0  err_xy 0.111  std 0.217  lr 1.0e-04  fps   9018   317.7s
it  919/4000  reward     nan  ep_len    nan  fell    0  err_xy 0.096  std 0.217  lr 1.0e-04  fps   9025   318.0s
it  920/4000  reward     nan  ep_len    nan  fell    0  err_xy 0.104  std 0.217  lr 1.0e-04  fps   8997   318.2s
it  921/4000  reward     nan  ep_len    nan  fell    0  err_xy 0.093  std 0.217  lr 1.0e-04  fps   8987   318.5s
it  922/4000  reward     nan  ep_len    nan  fell    0  err_xy 0.111  std 0.217  lr 1.0e-04  fps   9138   318.8s
it  923/4000  reward     nan  ep_len    nan  fell    0  err_xy 0.088  std 0.217  lr 1.0e-04  fps   9079   319.0s
it  924/4000  reward     nan  ep_len    nan  fell    0  err_xy 0.098  std 0.217  lr 1.0e-04  fps   8999   319.3s
it  925/4000  reward     nan  ep_len    nan  fell    0  err_xy 0.086  std 0.217  lr 1.0e-04  fps   8989   319.5s
it  926/4000  reward     nan  ep_len    nan  fell    0  err_xy 0.087  std 0.217  lr 1.0e-04  fps   8867   319.8s
it  927/4000  reward     nan  ep_len    nan  fell    0  err_xy 0.083  std 0.217  lr 1.0e-04  fps   8939   320.0s
it  928/4000  reward     nan  ep_len    nan  fell    0  err_xy 0.079  std 0.217  lr 1.0e-04  fps   8948   320.3s
it  929/4000  reward     nan  ep_len    nan  fell    0  err_xy 0.073  std 0.217  lr 1.0e-04  fps   8833   320.6s
it  930/4000  reward     nan  ep_len    nan  fell    0  err_xy 0.083  std 0.217  lr 1.0e-04  fps   9014   320.8s
it  931/4000  reward     nan  ep_len    nan  fell    0  err_xy 0.102  std 0.217  lr 1.0e-04  fps   8840   321.1s
it  932/4000  reward     nan  ep_len    nan  fell    0  err_xy 0.091  std 0.217  lr 1.0e-04  fps   8870   321.3s
it  933/4000  reward     nan  ep_len    nan  fell    0  err_xy 0.104  std 0.217  lr 1.0e-04  fps   9111   321.6s
it  934/4000  reward     nan  ep_len    nan  fell    0  err_xy 0.118  std 0.217  lr 1.0e-04  fps   9221   321.8s
it  935/4000  reward     nan  ep_len    nan  fell    0  err_xy 0.112  std 0.217  lr 1.0e-04  fps   9153   322.1s
it  936/4000  reward     nan  ep_len    nan  fell    0  err_xy 0.121  std 0.217  lr 1.0e-04  fps   9353   322.3s
it  937/4000  reward     nan  ep_len    nan  fell    0  err_xy 0.087  std 0.217  lr 1.0e-04  fps   9202   322.6s
it  938/4000  reward     nan  ep_len    nan  fell    0  err_xy 0.100  std 0.217  lr 1.0e-04  fps   9190   322.8s
it  939/4000  reward     nan  ep_len    nan  fell    0  err_xy 0.092  std 0.217  lr 1.0e-04  fps   9224   323.1s
it  940/4000  reward     nan  ep_len    nan  fell    0  err_xy 0.093  std 0.217  lr 1.0e-04  fps   9301   323.3s
it  941/4000  reward     nan  ep_len    nan  fell    0  err_xy 0.078  std 0.217  lr 1.0e-04  fps   9177   323.6s
it  942/4000  reward     nan  ep_len    nan  fell    0  err_xy 0.091  std 0.217  lr 1.0e-04  fps   9387   323.8s
it  943/4000  reward  124.41  ep_len  808.0  fell    0  err_xy 0.130  std 0.217  lr 1.0e-04  fps   7583   324.1s
it  944/4000  reward     nan  ep_len    nan  fell    0  err_xy 0.298  std 0.217  lr 1.0e-04  fps   9110   324.4s
it  945/4000  reward     nan  ep_len    nan  fell    0  err_xy 0.191  std 0.217  lr 1.0e-04  fps   9107   324.6s
it  946/4000  reward     nan  ep_len    nan  fell    0  err_xy 0.152  std 0.217  lr 1.0e-04  fps   9111   324.9s
it  947/4000  reward     nan  ep_len    nan  fell    0  err_xy 0.123  std 0.217  lr 1.0e-04  fps   8997   325.2s
it  948/4000  reward     nan  ep_len    nan  fell    0  err_xy 0.118  std 0.217  lr 1.0e-04  fps   9047   325.4s
it  949/4000  reward     nan  ep_len    nan  fell    0  err_xy 0.118  std 0.217  lr 1.0e-04  fps   8975   325.7s
it  950/4000  reward     nan  ep_len    nan  fell    0  err_xy 0.083  std 0.217  lr 1.0e-04  fps   8920   325.9s
it  951/4000  reward     nan  ep_len    nan  fell    0  err_xy 0.099  std 0.217  lr 1.0e-04  fps   7657   326.2s
it  952/4000  reward     nan  ep_len    nan  fell    0  err_xy 0.100  std 0.217  lr 1.0e-04  fps   8117   326.5s
it  953/4000  reward     nan  ep_len    nan  fell    0  err_xy 0.086  std 0.217  lr 1.0e-04  fps   8008   326.8s
it  954/4000  reward     nan  ep_len    nan  fell    0  err_xy 0.082  std 0.217  lr 1.0e-04  fps   8727   327.1s
it  955/4000  reward     nan  ep_len    nan  fell    0  err_xy 0.069  std 0.217  lr 1.0e-04  fps   9010   327.3s
it  956/4000  reward     nan  ep_len    nan  fell    0  err_xy 0.065  std 0.217  lr 1.0e-04  fps   8893   327.6s
it  957/4000  reward     nan  ep_len    nan  fell    0  err_xy 0.061  std 0.217  lr 1.0e-04  fps   9064   327.8s
it  958/4000  reward     nan  ep_len    nan  fell    0  err_xy 0.057  std 0.217  lr 1.0e-04  fps   9093   328.1s
it  959/4000  reward     nan  ep_len    nan  fell    0  err_xy 0.058  std 0.217  lr 1.0e-04  fps   9188   328.3s
it  960/4000  reward     nan  ep_len    nan  fell    0  err_xy 0.055  std 0.217  lr 1.0e-04  fps   8874   328.6s
it  961/4000  reward     nan  ep_len    nan  fell    0  err_xy 0.070  std 0.217  lr 1.0e-04  fps   8987   328.9s
it  962/4000  reward     nan  ep_len    nan  fell    0  err_xy 0.071  std 0.217  lr 1.0e-04  fps   9129   329.1s
it  963/4000  reward     nan  ep_len    nan  fell    0  err_xy 0.072  std 0.217  lr 1.0e-04  fps   9061   329.4s
it  964/4000  reward     nan  ep_len    nan  fell    0  err_xy 0.065  std 0.217  lr 1.0e-04  fps   9031   329.6s
it  965/4000  reward     nan  ep_len    nan  fell    0  err_xy 0.068  std 0.217  lr 1.0e-04  fps   9207   329.9s
it  966/4000  reward     nan  ep_len    nan  fell    0  err_xy 0.069  std 0.217  lr 1.0e-04  fps   8989   330.1s
it  967/4000  reward     nan  ep_len    nan  fell    0  err_xy 0.065  std 0.217  lr 1.0e-04  fps   8986   330.4s
it  968/4000  reward     nan  ep_len    nan  fell    0  err_xy 0.049  std 0.217  lr 1.0e-04  fps   9050   330.6s
it  969/4000  reward     nan  ep_len    nan  fell    0  err_xy 0.042  std 0.217  lr 1.0e-04  fps   9154   330.9s
it  970/4000  reward     nan  ep_len    nan  fell    0  err_xy 0.061  std 0.217  lr 1.0e-04  fps   8332   331.2s
it  971/4000  reward     nan  ep_len    nan  fell    0  err_xy 0.045  std 0.217  lr 1.0e-04  fps   9022   331.4s
it  972/4000  reward     nan  ep_len    nan  fell    0  err_xy 0.050  std 0.217  lr 1.0e-04  fps   9171   331.7s
it  973/4000  reward     nan  ep_len    nan  fell    0  err_xy 0.048  std 0.217  lr 1.0e-04  fps   8922   331.9s
it  974/4000  reward     nan  ep_len    nan  fell    0  err_xy 0.051  std 0.217  lr 1.0e-04  fps   8961   332.2s
it  975/4000  reward     nan  ep_len    nan  fell    0  err_xy 0.044  std 0.217  lr 1.0e-04  fps   9124   332.4s
it  976/4000  reward     nan  ep_len    nan  fell    0  err_xy 0.041  std 0.217  lr 1.0e-04  fps   9109   332.7s
it  977/4000  reward  144.15  ep_len  808.0  fell    0  err_xy 0.181  std 0.217  lr 1.0e-04  fps   7376   333.0s
it  978/4000  reward     nan  ep_len    nan  fell    0  err_xy 0.277  std 0.217  lr 1.0e-04  fps   9115   333.3s
it  979/4000  reward     nan  ep_len    nan  fell    0  err_xy 0.201  std 0.217  lr 1.0e-04  fps   8980   333.5s
it  980/4000  reward     nan  ep_len    nan  fell    0  err_xy 0.135  std 0.217  lr 1.0e-04  fps   9017   333.8s
it  981/4000  reward     nan  ep_len    nan  fell    0  err_xy 0.118  std 0.217  lr 1.0e-04  fps   8917   334.0s
it  982/4000  reward     nan  ep_len    nan  fell    0  err_xy 0.110  std 0.217  lr 1.0e-04  fps   8990   334.3s
it  983/4000  reward     nan  ep_len    nan  fell    0  err_xy 0.084  std 0.217  lr 1.0e-04  fps   8800   334.5s
it  984/4000  reward     nan  ep_len    nan  fell    0  err_xy 0.072  std 0.217  lr 1.0e-04  fps   8945   334.8s
it  985/4000  reward     nan  ep_len    nan  fell    0  err_xy 0.067  std 0.217  lr 1.0e-04  fps   8744   335.1s
it  986/4000  reward     nan  ep_len    nan  fell    0  err_xy 0.055  std 0.217  lr 1.0e-04  fps   8680   335.3s
it  987/4000  reward     nan  ep_len    nan  fell    0  err_xy 0.054  std 0.217  lr 1.0e-04  fps   8867   335.6s
it  988/4000  reward     nan  ep_len    nan  fell    0  err_xy 0.050  std 0.217  lr 1.0e-04  fps   8901   335.9s
it  989/4000  reward     nan  ep_len    nan  fell    0  err_xy 0.055  std 0.217  lr 1.0e-04  fps   8888   336.1s
it  990/4000  reward     nan  ep_len    nan  fell    0  err_xy 0.050  std 0.217  lr 1.0e-04  fps   8897   336.4s
it  991/4000  reward     nan  ep_len    nan  fell    0  err_xy 0.040  std 0.217  lr 1.0e-04  fps   8913   336.6s
it  992/4000  reward     nan  ep_len    nan  fell    0  err_xy 0.032  std 0.217  lr 1.0e-04  fps   8902   336.9s
it  993/4000  reward     nan  ep_len    nan  fell    0  err_xy 0.039  std 0.217  lr 1.0e-04  fps   8898   337.1s
it  994/4000  reward     nan  ep_len    nan  fell    0  err_xy 0.027  std 0.217  lr 1.0e-04  fps   8975   337.4s
it  995/4000  reward     nan  ep_len    nan  fell    0  err_xy 0.030  std 0.217  lr 1.0e-04  fps   8986   337.7s
it  996/4000  reward     nan  ep_len    nan  fell    0  err_xy 0.038  std 0.217  lr 1.0e-04  fps   8759   337.9s
it  997/4000  reward     nan  ep_len    nan  fell    0  err_xy 0.038  std 0.217  lr 1.0e-04  fps   8760   338.2s
it  998/4000  reward     nan  ep_len    nan  fell    0  err_xy 0.050  std 0.217  lr 1.0e-04  fps   8811   338.5s
it  999/4000  reward     nan  ep_len    nan  fell    0  err_xy 0.046  std 0.217  lr 1.0e-04  fps   8843   338.7s
it 1000/4000  reward     nan  ep_len    nan  fell    0  err_xy 0.047  std 0.217  lr 1.0e-04  fps   8689   339.0s
it 1001/4000  reward     nan  ep_len    nan  fell    0  err_xy 0.043  std 0.217  lr 1.0e-04  fps   8795   339.2s
it 1002/4000  reward     nan  ep_len    nan  fell    0  err_xy 0.033  std 0.217  lr 1.0e-04  fps   8358   339.5s
it 1003/4000  reward     nan  ep_len    nan  fell    0  err_xy 0.026  std 0.217  lr 1.0e-04  fps   8696   339.8s
it 1004/4000  reward     nan  ep_len    nan  fell    0  err_xy 0.025  std 0.217  lr 1.0e-04  fps   8501   340.1s
it 1005/4000  reward     nan  ep_len    nan  fell    0  err_xy 0.030  std 0.217  lr 1.0e-04  fps   8702   340.3s
it 1006/4000  reward     nan  ep_len    nan  fell    0  err_xy 0.028  std 0.217  lr 1.0e-04  fps   8857   340.6s
it 1007/4000  reward     nan  ep_len    nan  fell    0  err_xy 0.028  std 0.217  lr 1.0e-04  fps   8915   340.8s
it 1008/4000  reward     nan  ep_len    nan  fell    0  err_xy 0.026  std 0.217  lr 1.0e-04  fps   8716   341.1s
it 1009/4000  reward     nan  ep_len    nan  fell    0  err_xy 0.031  std 0.217  lr 1.0e-04  fps   9038   341.4s
it 1010/4000  reward  171.36  ep_len  808.0  fell    0  err_xy 0.037  std 0.217  lr 1.0e-04  fps   7163   341.7s
it 1011/4000  reward     nan  ep_len    nan  fell    0  err_xy 0.276  std 0.217  lr 1.0e-04  fps   8989   341.9s
it 1012/4000  reward     nan  ep_len    nan  fell    0  err_xy 0.222  std 0.217  lr 1.0e-04  fps   9003   342.2s
it 1013/4000  reward     nan  ep_len    nan  fell    0  err_xy 0.127  std 0.217  lr 1.0e-04  fps   9006   342.5s
it 1014/4000  reward     nan  ep_len    nan  fell    0  err_xy 0.102  std 0.217  lr 1.0e-04  fps   8892   342.7s
it 1015/4000  reward     nan  ep_len    nan  fell    0  err_xy 0.096  std 0.217  lr 1.0e-04  fps   8819   343.0s
it 1016/4000  reward     nan  ep_len    nan  fell    0  err_xy 0.094  std 0.217  lr 1.0e-04  fps   9004   343.2s
it 1017/4000  reward     nan  ep_len    nan  fell    0  err_xy 0.074  std 0.217  lr 1.0e-04  fps   8732   343.5s
it 1018/4000  reward     nan  ep_len    nan  fell    0  err_xy 0.072  std 0.217  lr 1.0e-04  fps   8825   343.8s
it 1019/4000  reward     nan  ep_len    nan  fell    0  err_xy 0.060  std 0.217  lr 1.0e-04  fps   8739   344.0s
it 1020/4000  reward     nan  ep_len    nan  fell    0  err_xy 0.052  std 0.217  lr 1.0e-04  fps   8766   344.3s
it 1021/4000  reward     nan  ep_len    nan  fell    0  err_xy 0.060  std 0.217  lr 1.0e-04  fps   8792   344.5s
it 1022/4000  reward     nan  ep_len    nan  fell    0  err_xy 0.057  std 0.217  lr 1.0e-04  fps   8794   344.8s
it 1023/4000  reward     nan  ep_len    nan  fell    0  err_xy 0.046  std 0.217  lr 1.0e-04  fps   8763   345.1s
it 1024/4000  reward     nan  ep_len    nan  fell    0  err_xy 0.040  std 0.217  lr 1.0e-04  fps   8939   345.3s
it 1025/4000  reward     nan  ep_len    nan  fell    0  err_xy 0.042  std 0.217  lr 1.0e-04  fps   8679   345.6s
it 1026/4000  reward     nan  ep_len    nan  fell    0  err_xy 0.042  std 0.217  lr 1.0e-04  fps   8730   345.9s
it 1027/4000  reward     nan  ep_len    nan  fell    0  err_xy 0.036  std 0.217  lr 1.0e-04  fps   8564   346.1s
it 1028/4000  reward     nan  ep_len    nan  fell    0  err_xy 0.031  std 0.217  lr 1.0e-04  fps   8847   346.4s
it 1029/4000  reward     nan  ep_len    nan  fell    0  err_xy 0.037  std 0.217  lr 1.0e-04  fps   8703   346.7s
it 1030/4000  reward     nan  ep_len    nan  fell    0  err_xy 0.031  std 0.217  lr 1.0e-04  fps   8708   346.9s
it 1031/4000  reward     nan  ep_len    nan  fell    0  err_xy 0.030  std 0.217  lr 1.0e-04  fps   8730   347.2s
it 1032/4000  reward     nan  ep_len    nan  fell    0  err_xy 0.033  std 0.217  lr 1.0e-04  fps   8654   347.4s
it 1033/4000  reward     nan  ep_len    nan  fell    0  err_xy 0.038  std 0.217  lr 1.0e-04  fps   8878   347.7s
it 1034/4000  reward     nan  ep_len    nan  fell    0  err_xy 0.031  std 0.217  lr 1.0e-04  fps   8672   348.0s
it 1035/4000  reward     nan  ep_len    nan  fell    0  err_xy 0.030  std 0.217  lr 1.0e-04  fps   8829   348.2s
it 1036/4000  reward     nan  ep_len    nan  fell    0  err_xy 0.032  std 0.217  lr 1.0e-04  fps   8658   348.5s
it 1037/4000  reward     nan  ep_len    nan  fell    0  err_xy 0.037  std 0.217  lr 1.0e-04  fps   8921   348.8s
it 1038/4000  reward     nan  ep_len    nan  fell    0  err_xy 0.039  std 0.217  lr 1.0e-04  fps   8827   349.0s
it 1039/4000  reward     nan  ep_len    nan  fell    0  err_xy 0.034  std 0.217  lr 1.0e-04  fps   8915   349.3s
it 1040/4000  reward     nan  ep_len    nan  fell    0  err_xy 0.036  std 0.217  lr 1.0e-04  fps   8793   349.5s
it 1041/4000  reward     nan  ep_len    nan  fell    0  err_xy 0.028  std 0.217  lr 1.0e-04  fps   8949   349.8s
it 1042/4000  reward     nan  ep_len    nan  fell    0  err_xy 0.032  std 0.217  lr 1.0e-04  fps   8889   350.1s
it 1043/4000  reward     nan  ep_len    nan  fell    0  err_xy 0.033  std 0.217  lr 1.0e-04  fps   8796   350.3s
it 1044/4000  reward  161.26  ep_len  808.0  fell    0  err_xy 0.090  std 0.217  lr 1.0e-04  fps   7125   350.6s
it 1045/4000  reward     nan  ep_len    nan  fell    0  err_xy 0.300  std 0.217  lr 1.0e-04  fps   8987   350.9s
it 1046/4000  reward     nan  ep_len    nan  fell    0  err_xy 0.188  std 0.217  lr 1.0e-04  fps   8790   351.2s
it 1047/4000  reward     nan  ep_len    nan  fell    0  err_xy 0.128  std 0.217  lr 1.0e-04  fps   8901   351.4s
it 1048/4000  reward     nan  ep_len    nan  fell    0  err_xy 0.093  std 0.217  lr 1.0e-04  fps   8761   351.7s
it 1049/4000  reward     nan  ep_len    nan  fell    0  err_xy 0.065  std 0.217  lr 1.0e-04  fps   8603   352.0s
it 1050/4000  reward     nan  ep_len    nan  fell    0  err_xy 0.048  std 0.217  lr 1.0e-04  fps   8478   352.2s
it 1051/4000  reward     nan  ep_len    nan  fell    0  err_xy 0.033  std 0.217  lr 1.0e-04  fps   8543   352.5s
it 1052/4000  reward     nan  ep_len    nan  fell    0  err_xy 0.027  std 0.217  lr 1.0e-04  fps   8544   352.8s
it 1053/4000  reward     nan  ep_len    nan  fell    0  err_xy 0.022  std 0.217  lr 1.0e-04  fps   8511   353.0s
it 1054/4000  reward     nan  ep_len    nan  fell    0  err_xy 0.021  std 0.217  lr 1.0e-04  fps   8458   353.3s
it 1055/4000  reward     nan  ep_len    nan  fell    0  err_xy 0.018  std 0.217  lr 1.0e-04  fps   8451   353.6s
it 1056/4000  reward     nan  ep_len    nan  fell    0  err_xy 0.018  std 0.217  lr 1.0e-04  fps   8580   353.9s
it 1057/4000  reward     nan  ep_len    nan  fell    0  err_xy 0.015  std 0.217  lr 1.0e-04  fps   8373   354.1s
it 1058/4000  reward     nan  ep_len    nan  fell    0  err_xy 0.015  std 0.217  lr 1.0e-04  fps   8412   354.4s
it 1059/4000  reward     nan  ep_len    nan  fell    0  err_xy 0.013  std 0.217  lr 1.0e-04  fps   8544   354.7s
it 1060/4000  reward     nan  ep_len    nan  fell    0  err_xy 0.013  std 0.217  lr 1.0e-04  fps   8470   354.9s
it 1061/4000  reward     nan  ep_len    nan  fell    0  err_xy 0.014  std 0.217  lr 1.0e-04  fps   8541   355.2s
it 1062/4000  reward     nan  ep_len    nan  fell    0  err_xy 0.020  std 0.217  lr 1.0e-04  fps   8583   355.5s
it 1063/4000  reward     nan  ep_len    nan  fell    0  err_xy 0.023  std 0.217  lr 1.0e-04  fps   8568   355.8s
it 1064/4000  reward     nan  ep_len    nan  fell    0  err_xy 0.019  std 0.217  lr 1.0e-04  fps   8288   356.0s
it 1065/4000  reward     nan  ep_len    nan  fell    0  err_xy 0.020  std 0.217  lr 1.0e-04  fps   8230   356.3s
it 1066/4000  reward     nan  ep_len    nan  fell    0  err_xy 0.020  std 0.217  lr 1.0e-04  fps   8355   356.6s
it 1067/4000  reward     nan  ep_len    nan  fell    0  err_xy 0.017  std 0.217  lr 1.0e-04  fps   7826   356.9s
it 1068/4000  reward     nan  ep_len    nan  fell    0  err_xy 0.017  std 0.217  lr 1.0e-04  fps   8226   357.2s
it 1069/4000  reward     nan  ep_len    nan  fell    0  err_xy 0.018  std 0.217  lr 1.0e-04  fps   8390   357.4s
it 1070/4000  reward     nan  ep_len    nan  fell    0  err_xy 0.021  std 0.217  lr 1.0e-04  fps   8521   357.7s
it 1071/4000  reward     nan  ep_len    nan  fell    0  err_xy 0.023  std 0.217  lr 1.0e-04  fps   8035   358.0s
it 1072/4000  reward     nan  ep_len    nan  fell    0  err_xy 0.019  std 0.217  lr 1.0e-04  fps   6716   358.3s
it 1073/4000  reward     nan  ep_len    nan  fell    0  err_xy 0.020  std 0.216  lr 1.0e-04  fps   8338   358.6s
it 1074/4000  reward     nan  ep_len    nan  fell    0  err_xy 0.022  std 0.216  lr 1.0e-04  fps   8548   358.9s
it 1075/4000  reward     nan  ep_len    nan  fell    0  err_xy 0.024  std 0.216  lr 1.0e-04  fps   8170   359.2s
it 1076/4000  reward     nan  ep_len    nan  fell    0  err_xy 0.026  std 0.216  lr 1.0e-04  fps   8680   359.4s
it 1077/4000  reward     nan  ep_len    nan  fell    0  err_xy 0.018  std 0.216  lr 1.0e-04  fps   8671   359.7s
it 1078/4000  reward  179.79  ep_len  808.0  fell    0  err_xy 0.172  std 0.216  lr 1.0e-04  fps   7369   360.0s
it 1079/4000  reward     nan  ep_len    nan  fell    0  err_xy 0.236  std 0.216  lr 1.0e-04  fps   8735   360.3s
it 1080/4000  reward     nan  ep_len    nan  fell    0  err_xy 0.166  std 0.216  lr 1.0e-04  fps   8934   360.5s
it 1081/4000  reward     nan  ep_len    nan  fell    0  err_xy 0.157  std 0.216  lr 1.0e-04  fps   8765   360.8s
it 1082/4000  reward     nan  ep_len    nan  fell    0  err_xy 0.109  std 0.216  lr 1.0e-04  fps   8731   361.1s
it 1083/4000  reward     nan  ep_len    nan  fell    0  err_xy 0.076  std 0.216  lr 1.0e-04  fps   8686   361.3s
it 1084/4000  reward     nan  ep_len    nan  fell    0  err_xy 0.062  std 0.216  lr 1.0e-04  fps   8514   361.6s
it 1085/4000  reward     nan  ep_len    nan  fell    0  err_xy 0.047  std 0.217  lr 1.0e-04  fps   8421   361.9s
it 1086/4000  reward     nan  ep_len    nan  fell    0  err_xy 0.040  std 0.216  lr 1.0e-04  fps   8302   362.1s
it 1087/4000  reward     nan  ep_len    nan  fell    0  err_xy 0.027  std 0.216  lr 1.0e-04  fps   8471   362.4s
it 1088/4000  reward     nan  ep_len    nan  fell    0  err_xy 0.026  std 0.216  lr 1.0e-04  fps   8416   362.7s
it 1089/4000  reward     nan  ep_len    nan  fell    0  err_xy 0.027  std 0.216  lr 1.0e-04  fps   8299   363.0s
it 1090/4000  reward     nan  ep_len    nan  fell    0  err_xy 0.028  std 0.216  lr 1.0e-04  fps   8478   363.2s
it 1091/4000  reward     nan  ep_len    nan  fell    0  err_xy 0.027  std 0.217  lr 1.0e-04  fps   8280   363.5s
it 1092/4000  reward     nan  ep_len    nan  fell    0  err_xy 0.026  std 0.217  lr 1.0e-04  fps   8484   363.8s
it 1093/4000  reward     nan  ep_len    nan  fell    0  err_xy 0.028  std 0.217  lr 1.0e-04  fps   8383   364.1s
it 1094/4000  reward     nan  ep_len    nan  fell    0  err_xy 0.025  std 0.217  lr 1.0e-04  fps   8545   364.3s
it 1095/4000  reward     nan  ep_len    nan  fell    0  err_xy 0.020  std 0.217  lr 1.0e-04  fps   8450   364.6s
it 1096/4000  reward     nan  ep_len    nan  fell    0  err_xy 0.018  std 0.217  lr 1.0e-04  fps   8644   364.9s
it 1097/4000  reward     nan  ep_len    nan  fell    0  err_xy 0.023  std 0.217  lr 1.0e-04  fps   8493   365.2s
it 1098/4000  reward     nan  ep_len    nan  fell    0  err_xy 0.022  std 0.217  lr 1.0e-04  fps   8583   365.4s
it 1099/4000  reward     nan  ep_len    nan  fell    0  err_xy 0.024  std 0.217  lr 1.0e-04  fps   8610   365.7s
it 1100/4000  reward     nan  ep_len    nan  fell    0  err_xy 0.023  std 0.217  lr 1.0e-04  fps   8435   366.0s
it 1101/4000  reward     nan  ep_len    nan  fell    0  err_xy 0.020  std 0.217  lr 1.0e-04  fps   8306   366.2s
it 1102/4000  reward     nan  ep_len    nan  fell    0  err_xy 0.019  std 0.217  lr 1.0e-04  fps   8529   366.5s
it 1103/4000  reward     nan  ep_len    nan  fell    0  err_xy 0.018  std 0.217  lr 1.0e-04  fps   8511   366.8s
it 1104/4000  reward     nan  ep_len    nan  fell    0  err_xy 0.021  std 0.217  lr 1.0e-04  fps   8478   367.1s
it 1105/4000  reward     nan  ep_len    nan  fell    0  err_xy 0.025  std 0.217  lr 1.0e-04  fps   8558   367.3s
it 1106/4000  reward     nan  ep_len    nan  fell    0  err_xy 0.030  std 0.217  lr 1.0e-04  fps   8529   367.6s
it 1107/4000  reward     nan  ep_len    nan  fell    0  err_xy 0.034  std 0.217  lr 1.0e-04  fps   8469   367.9s
it 1108/4000  reward     nan  ep_len    nan  fell    0  err_xy 0.033  std 0.217  lr 1.0e-04  fps   8409   368.1s
it 1109/4000  reward     nan  ep_len    nan  fell    0  err_xy 0.030  std 0.217  lr 1.0e-04  fps   8470   368.4s
it 1110/4000  reward     nan  ep_len    nan  fell    0  err_xy 0.033  std 0.217  lr 1.0e-04  fps   8474   368.7s
it 1111/4000  reward  182.54  ep_len  808.0  fell    0  err_xy 0.028  std 0.217  lr 1.0e-04  fps   6878   369.0s
it 1112/4000  reward     nan  ep_len    nan  fell    0  err_xy 0.267  std 0.217  lr 1.0e-04  fps   8903   369.3s
it 1113/4000  reward     nan  ep_len    nan  fell    0  err_xy 0.215  std 0.217  lr 1.0e-04  fps   8935   369.5s
it 1114/4000  reward     nan  ep_len    nan  fell    0  err_xy 0.147  std 0.217  lr 1.0e-04  fps   8608   369.8s
it 1115/4000  reward     nan  ep_len    nan  fell    0  err_xy 0.112  std 0.217  lr 1.0e-04  fps   8439   370.1s
it 1116/4000  reward     nan  ep_len    nan  fell    0  err_xy 0.085  std 0.217  lr 1.0e-04  fps   8450   370.4s
it 1117/4000  reward     nan  ep_len    nan  fell    0  err_xy 0.069  std 0.217  lr 1.0e-04  fps   8187   370.6s
it 1118/4000  reward     nan  ep_len    nan  fell    0  err_xy 0.069  std 0.217  lr 1.0e-04  fps   8319   370.9s
it 1119/4000  reward     nan  ep_len    nan  fell    0  err_xy 0.049  std 0.217  lr 1.0e-04  fps   8161   371.2s
it 1120/4000  reward     nan  ep_len    nan  fell    0  err_xy 0.051  std 0.217  lr 1.0e-04  fps   8341   371.5s
it 1121/4000  reward     nan  ep_len    nan  fell    0  err_xy 0.043  std 0.217  lr 1.0e-04  fps   8146   371.8s
it 1122/4000  reward     nan  ep_len    nan  fell    0  err_xy 0.046  std 0.217  lr 1.0e-04  fps   8176   372.0s
it 1123/4000  reward     nan  ep_len    nan  fell    0  err_xy 0.046  std 0.217  lr 1.0e-04  fps   8295   372.3s
it 1124/4000  reward     nan  ep_len    nan  fell    0  err_xy 0.042  std 0.217  lr 1.0e-04  fps   8309   372.6s
it 1125/4000  reward     nan  ep_len    nan  fell    0  err_xy 0.048  std 0.217  lr 1.0e-04  fps   8225   372.9s
it 1126/4000  reward     nan  ep_len    nan  fell    0  err_xy 0.046  std 0.217  lr 1.0e-04  fps   8205   373.2s
it 1127/4000  reward     nan  ep_len    nan  fell    0  err_xy 0.041  std 0.217  lr 1.0e-04  fps   8295   373.4s
it 1128/4000  reward     nan  ep_len    nan  fell    0  err_xy 0.041  std 0.217  lr 1.0e-04  fps   8374   373.7s
it 1129/4000  reward     nan  ep_len    nan  fell    0  err_xy 0.046  std 0.217  lr 1.0e-04  fps   8238   374.0s
it 1130/4000  reward     nan  ep_len    nan  fell    0  err_xy 0.054  std 0.217  lr 1.0e-04  fps   8327   374.3s
it 1131/4000  reward     nan  ep_len    nan  fell    0  err_xy 0.041  std 0.217  lr 1.0e-04  fps   8299   374.5s
it 1132/4000  reward     nan  ep_len    nan  fell    0  err_xy 0.046  std 0.217  lr 1.0e-04  fps   8332   374.8s
it 1133/4000  reward     nan  ep_len    nan  fell    0  err_xy 0.042  std 0.217  lr 1.0e-04  fps   8312   375.1s
it 1134/4000  reward     nan  ep_len    nan  fell    0  err_xy 0.037  std 0.217  lr 1.0e-04  fps   8343   375.4s
it 1135/4000  reward     nan  ep_len    nan  fell    0  err_xy 0.036  std 0.217  lr 1.0e-04  fps   8442   375.6s
it 1136/4000  reward     nan  ep_len    nan  fell    0  err_xy 0.040  std 0.217  lr 1.0e-04  fps   8387   375.9s
it 1137/4000  reward     nan  ep_len    nan  fell    0  err_xy 0.046  std 0.217  lr 1.0e-04  fps   8288   376.2s
it 1138/4000  reward     nan  ep_len    nan  fell    0  err_xy 0.032  std 0.217  lr 1.0e-04  fps   8469   376.5s
it 1139/4000  reward     nan  ep_len    nan  fell    0  err_xy 0.046  std 0.217  lr 1.0e-04  fps   8335   376.7s
it 1140/4000  reward     nan  ep_len    nan  fell    0  err_xy 0.051  std 0.217  lr 1.0e-04  fps   8281   377.0s
it 1141/4000  reward     nan  ep_len    nan  fell    0  err_xy 0.055  std 0.217  lr 1.0e-04  fps   8267   377.3s
it 1142/4000  reward     nan  ep_len    nan  fell    0  err_xy 0.057  std 0.217  lr 1.0e-04  fps   8230   377.6s
it 1143/4000  reward     nan  ep_len    nan  fell    0  err_xy 0.064  std 0.217  lr 1.0e-04  fps   8302   377.9s
it 1144/4000  reward     nan  ep_len    nan  fell    0  err_xy 0.060  std 0.217  lr 1.0e-04  fps   8253   378.1s
it 1145/4000  reward  184.41  ep_len  808.0  fell    0  err_xy 0.110  std 0.217  lr 1.0e-04  fps   6992   378.5s
it 1146/4000  reward     nan  ep_len    nan  fell    0  err_xy 0.295  std 0.217  lr 1.0e-04  fps   8777   378.7s
it 1147/4000  reward     nan  ep_len    nan  fell    0  err_xy 0.212  std 0.217  lr 1.0e-04  fps   8472   379.0s
it 1148/4000  reward     nan  ep_len    nan  fell    0  err_xy 0.133  std 0.217  lr 1.0e-04  fps   8443   379.3s
it 1149/4000  reward     nan  ep_len    nan  fell    0  err_xy 0.091  std 0.217  lr 1.0e-04  fps   8376   379.6s
it 1150/4000  reward     nan  ep_len    nan  fell    0  err_xy 0.085  std 0.217  lr 1.0e-04  fps   8187   379.8s
it 1151/4000  reward     nan  ep_len    nan  fell    0  err_xy 0.073  std 0.217  lr 1.0e-04  fps   8039   380.1s
it 1152/4000  reward     nan  ep_len    nan  fell    0  err_xy 0.073  std 0.217  lr 1.0e-04  fps   8159   380.4s
it 1153/4000  reward     nan  ep_len    nan  fell    0  err_xy 0.072  std 0.217  lr 1.0e-04  fps   8079   380.7s
it 1154/4000  reward     nan  ep_len    nan  fell    0  err_xy 0.058  std 0.217  lr 1.0e-04  fps   8060   381.0s
it 1155/4000  reward     nan  ep_len    nan  fell    0  err_xy 0.071  std 0.217  lr 1.0e-04  fps   8172   381.3s
it 1156/4000  reward     nan  ep_len    nan  fell    0  err_xy 0.063  std 0.217  lr 1.0e-04  fps   8197   381.5s
it 1157/4000  reward     nan  ep_len    nan  fell    0  err_xy 0.062  std 0.217  lr 1.0e-04  fps   8083   381.8s
it 1158/4000  reward     nan  ep_len    nan  fell    0  err_xy 0.064  std 0.217  lr 1.0e-04  fps   8112   382.1s
it 1159/4000  reward     nan  ep_len    nan  fell    0  err_xy 0.063  std 0.217  lr 1.0e-04  fps   8050   382.4s
it 1160/4000  reward     nan  ep_len    nan  fell    0  err_xy 0.068  std 0.217  lr 1.0e-04  fps   8008   382.7s
it 1161/4000  reward     nan  ep_len    nan  fell    0  err_xy 0.073  std 0.217  lr 1.0e-04  fps   8213   383.0s
it 1162/4000  reward     nan  ep_len    nan  fell    0  err_xy 0.063  std 0.217  lr 1.0e-04  fps   8077   383.3s
it 1163/4000  reward     nan  ep_len    nan  fell    0  err_xy 0.056  std 0.217  lr 1.0e-04  fps   8166   383.5s
it 1164/4000  reward     nan  ep_len    nan  fell    0  err_xy 0.063  std 0.217  lr 1.0e-04  fps   8032   383.8s
it 1165/4000  reward     nan  ep_len    nan  fell    0  err_xy 0.059  std 0.217  lr 1.0e-04  fps   8212   384.1s
it 1166/4000  reward     nan  ep_len    nan  fell    0  err_xy 0.055  std 0.217  lr 1.0e-04  fps   8311   384.4s
it 1167/4000  reward     nan  ep_len    nan  fell    0  err_xy 0.056  std 0.217  lr 1.0e-04  fps   8158   384.7s
it 1168/4000  reward     nan  ep_len    nan  fell    0  err_xy 0.049  std 0.217  lr 1.0e-04  fps   8241   384.9s
it 1169/4000  reward     nan  ep_len    nan  fell    0  err_xy 0.053  std 0.217  lr 1.0e-04  fps   8342   385.2s
it 1170/4000  reward     nan  ep_len    nan  fell    0  err_xy 0.055  std 0.217  lr 1.0e-04  fps   8230   385.5s
it 1171/4000  reward     nan  ep_len    nan  fell    0  err_xy 0.049  std 0.217  lr 1.0e-04  fps   8321   385.8s
it 1172/4000  reward     nan  ep_len    nan  fell    0  err_xy 0.054  std 0.217  lr 1.0e-04  fps   8200   386.1s
it 1173/4000  reward     nan  ep_len    nan  fell    0  err_xy 0.048  std 0.217  lr 1.0e-04  fps   8234   386.3s
it 1174/4000  reward     nan  ep_len    nan  fell    0  err_xy 0.048  std 0.217  lr 1.0e-04  fps   8258   386.6s
it 1175/4000  reward     nan  ep_len    nan  fell    0  err_xy 0.042  std 0.217  lr 1.0e-04  fps   8193   386.9s
it 1176/4000  reward     nan  ep_len    nan  fell    0  err_xy 0.045  std 0.217  lr 1.0e-04  fps   8159   387.2s
it 1177/4000  reward     nan  ep_len    nan  fell    0  err_xy 0.047  std 0.216  lr 1.0e-04  fps   8210   387.5s
it 1178/4000  reward     nan  ep_len    nan  fell    0  err_xy 0.037  std 0.216  lr 1.0e-04  fps   8203   387.7s
it 1179/4000  reward  194.94  ep_len  808.0  fell    0  err_xy 0.204  std 0.217  lr 1.0e-04  fps   7217   388.1s
it 1180/4000  reward     nan  ep_len    nan  fell    0  err_xy 0.224  std 0.217  lr 1.0e-04  fps   9039   388.3s
it 1181/4000  reward     nan  ep_len    nan  fell    0  err_xy 0.178  std 0.217  lr 1.0e-04  fps   8904   388.6s
it 1182/4000  reward     nan  ep_len    nan  fell    0  err_xy 0.106  std 0.217  lr 1.0e-04  fps   8453   388.9s
it 1183/4000  reward     nan  ep_len    nan  fell    0  err_xy 0.080  std 0.217  lr 1.0e-04  fps   8298   389.1s
it 1184/4000  reward     nan  ep_len    nan  fell    0  err_xy 0.057  std 0.217  lr 1.0e-04  fps   8238   389.4s
it 1185/4000  reward     nan  ep_len    nan  fell    0  err_xy 0.040  std 0.217  lr 1.0e-04  fps   8087   389.7s
it 1186/4000  reward     nan  ep_len    nan  fell    0  err_xy 0.044  std 0.217  lr 1.0e-04  fps   8193   390.0s
it 1187/4000  reward     nan  ep_len    nan  fell    0  err_xy 0.034  std 0.217  lr 1.0e-04  fps   8090   390.3s
it 1188/4000  reward     nan  ep_len    nan  fell    0  err_xy 0.045  std 0.217  lr 1.0e-04  fps   8174   390.5s
it 1189/4000  reward     nan  ep_len    nan  fell    0  err_xy 0.038  std 0.217  lr 1.0e-04  fps   8040   390.8s
it 1190/4000  reward     nan  ep_len    nan  fell    0  err_xy 0.031  std 0.217  lr 1.0e-04  fps   8169   391.1s
it 1191/4000  reward     nan  ep_len    nan  fell    0  err_xy 0.028  std 0.217  lr 1.0e-04  fps   8156   391.4s
it 1192/4000  reward     nan  ep_len    nan  fell    0  err_xy 0.031  std 0.217  lr 1.0e-04  fps   8128   391.7s
it 1193/4000  reward     nan  ep_len    nan  fell    0  err_xy 0.035  std 0.217  lr 1.0e-04  fps   8154   392.0s
it 1194/4000  reward     nan  ep_len    nan  fell    0  err_xy 0.034  std 0.217  lr 1.0e-04  fps   8033   392.3s
it 1195/4000  reward     nan  ep_len    nan  fell    0  err_xy 0.028  std 0.217  lr 1.0e-04  fps   8282   392.5s
it 1196/4000  reward     nan  ep_len    nan  fell    0  err_xy 0.026  std 0.217  lr 1.0e-04  fps   8226   392.8s
it 1197/4000  reward     nan  ep_len    nan  fell    0  err_xy 0.025  std 0.217  lr 1.0e-04  fps   8114   393.1s
it 1198/4000  reward     nan  ep_len    nan  fell    0  err_xy 0.028  std 0.217  lr 1.0e-04  fps   8246   393.4s
it 1199/4000  reward     nan  ep_len    nan  fell    0  err_xy 0.023  std 0.217  lr 1.0e-04  fps   8282   393.7s
it 1200/4000  reward     nan  ep_len    nan  fell    0  err_xy 0.025  std 0.217  lr 1.0e-04  fps   8303   393.9s
it 1201/4000  reward     nan  ep_len    nan  fell    0  err_xy 0.020  std 0.217  lr 1.0e-04  fps   8168   394.2s
it 1202/4000  reward     nan  ep_len    nan  fell    0  err_xy 0.022  std 0.217  lr 1.0e-04  fps   8206   394.5s
it 1203/4000  reward     nan  ep_len    nan  fell    0  err_xy 0.024  std 0.217  lr 1.0e-04  fps   8370   394.8s
it 1204/4000  reward     nan  ep_len    nan  fell    0  err_xy 0.028  std 0.217  lr 1.0e-04  fps   8278   395.1s
it 1205/4000  reward     nan  ep_len    nan  fell    0  err_xy 0.036  std 0.217  lr 1.0e-04  fps   8188   395.3s
it 1206/4000  reward     nan  ep_len    nan  fell    0  err_xy 0.036  std 0.217  lr 1.0e-04  fps   8340   395.6s
it 1207/4000  reward     nan  ep_len    nan  fell    0  err_xy 0.035  std 0.217  lr 1.0e-04  fps   8227   395.9s
it 1208/4000  reward     nan  ep_len    nan  fell    0  err_xy 0.042  std 0.217  lr 1.0e-04  fps   8389   396.2s
it 1209/4000  reward     nan  ep_len    nan  fell    0  err_xy 0.043  std 0.217  lr 1.0e-04  fps   8254   396.4s
it 1210/4000  reward     nan  ep_len    nan  fell    0  err_xy 0.038  std 0.217  lr 1.0e-04  fps   8188   396.7s
it 1211/4000  reward     nan  ep_len    nan  fell    0  err_xy 0.039  std 0.217  lr 1.0e-04  fps   8128   397.0s
it 1212/4000  reward  185.82  ep_len  808.0  fell    0  err_xy 0.042  std 0.217  lr 1.0e-04  fps   6681   397.4s
it 1213/4000  reward     nan  ep_len    nan  fell    0  err_xy 0.244  std 0.217  lr 1.0e-04  fps   8732   397.6s
it 1214/4000  reward     nan  ep_len    nan  fell    0  err_xy 0.180  std 0.217  lr 1.0e-04  fps   8766   397.9s
it 1215/4000  reward     nan  ep_len    nan  fell    0  err_xy 0.127  std 0.217  lr 1.0e-04  fps   8723   398.1s
it 1216/4000  reward     nan  ep_len    nan  fell    0  err_xy 0.098  std 0.217  lr 1.0e-04  fps   8560   398.4s
it 1217/4000  reward     nan  ep_len    nan  fell    0  err_xy 0.074  std 0.217  lr 1.0e-04  fps   8251   398.7s
it 1218/4000  reward     nan  ep_len    nan  fell    0  err_xy 0.067  std 0.217  lr 1.0e-04  fps   8108   399.0s
it 1219/4000  reward     nan  ep_len    nan  fell    0  err_xy 0.065  std 0.217  lr 1.0e-04  fps   8265   399.3s
it 1220/4000  reward     nan  ep_len    nan  fell    0  err_xy 0.062  std 0.217  lr 1.0e-04  fps   8297   399.5s
it 1221/4000  reward     nan  ep_len    nan  fell    0  err_xy 0.043  std 0.217  lr 1.0e-04  fps   8370   399.8s
it 1222/4000  reward     nan  ep_len    nan  fell    0  err_xy 0.039  std 0.217  lr 1.0e-04  fps   8265   400.1s
it 1223/4000  reward     nan  ep_len    nan  fell    0  err_xy 0.032  std 0.217  lr 1.0e-04  fps   8209   400.4s
it 1224/4000  reward     nan  ep_len    nan  fell    0  err_xy 0.030  std 0.217  lr 1.0e-04  fps   8176   400.7s
it 1225/4000  reward     nan  ep_len    nan  fell    0  err_xy 0.032  std 0.217  lr 1.0e-04  fps   8276   400.9s
it 1226/4000  reward     nan  ep_len    nan  fell    0  err_xy 0.034  std 0.217  lr 1.0e-04  fps   8376   401.2s
it 1227/4000  reward     nan  ep_len    nan  fell    0  err_xy 0.044  std 0.217  lr 1.0e-04  fps   8502   401.5s
it 1228/4000  reward     nan  ep_len    nan  fell    0  err_xy 0.042  std 0.217  lr 1.0e-04  fps   8356   401.8s
it 1229/4000  reward     nan  ep_len    nan  fell    0  err_xy 0.043  std 0.217  lr 1.0e-04  fps   8478   402.0s
it 1230/4000  reward     nan  ep_len    nan  fell    0  err_xy 0.039  std 0.217  lr 1.0e-04  fps   8350   402.3s
it 1231/4000  reward     nan  ep_len    nan  fell    0  err_xy 0.035  std 0.217  lr 1.0e-04  fps   8407   402.6s
it 1232/4000  reward     nan  ep_len    nan  fell    0  err_xy 0.037  std 0.217  lr 1.0e-04  fps   8513   402.8s
it 1233/4000  reward     nan  ep_len    nan  fell    0  err_xy 0.032  std 0.217  lr 1.0e-04  fps   8283   403.1s
it 1234/4000  reward     nan  ep_len    nan  fell    0  err_xy 0.030  std 0.217  lr 1.0e-04  fps   7368   403.4s
it 1235/4000  reward     nan  ep_len    nan  fell    0  err_xy 0.036  std 0.217  lr 1.0e-04  fps   7366   403.8s
it 1236/4000  reward     nan  ep_len    nan  fell    0  err_xy 0.034  std 0.217  lr 1.0e-04  fps   7546   404.1s
it 1237/4000  reward     nan  ep_len    nan  fell    0  err_xy 0.036  std 0.217  lr 1.0e-04  fps   8457   404.3s
it 1238/4000  reward     nan  ep_len    nan  fell    0  err_xy 0.040  std 0.217  lr 1.0e-04  fps   8558   404.6s
it 1239/4000  reward     nan  ep_len    nan  fell    0  err_xy 0.033  std 0.217  lr 1.0e-04  fps   8498   404.9s
it 1240/4000  reward     nan  ep_len    nan  fell    0  err_xy 0.034  std 0.217  lr 1.0e-04  fps   8472   405.1s
it 1241/4000  reward     nan  ep_len    nan  fell    0  err_xy 0.037  std 0.217  lr 1.0e-04  fps   8482   405.4s
it 1242/4000  reward     nan  ep_len    nan  fell    0  err_xy 0.034  std 0.217  lr 1.0e-04  fps   8690   405.7s
it 1243/4000  reward     nan  ep_len    nan  fell    0  err_xy 0.032  std 0.217  lr 1.0e-04  fps   8705   405.9s
it 1244/4000  reward     nan  ep_len    nan  fell    0  err_xy 0.033  std 0.217  lr 1.0e-04  fps   8595   406.2s
it 1245/4000  reward     nan  ep_len    nan  fell    0  err_xy 0.043  std 0.217  lr 1.0e-04  fps   8642   406.5s
it 1246/4000  reward  169.41  ep_len  808.0  fell    0  err_xy 0.105  std 0.217  lr 1.0e-04  fps   7124   406.8s
it 1247/4000  reward     nan  ep_len    nan  fell    0  err_xy 0.277  std 0.217  lr 1.0e-04  fps   8878   407.1s
it 1248/4000  reward     nan  ep_len    nan  fell    0  err_xy 0.186  std 0.217  lr 1.0e-04  fps   8918   407.3s
it 1249/4000  reward     nan  ep_len    nan  fell    0  err_xy 0.150  std 0.217  lr 1.0e-04  fps   8988   407.6s
it 1250/4000  reward     nan  ep_len    nan  fell    0  err_xy 0.139  std 0.217  lr 1.0e-04  fps   8812   407.8s
it 1251/4000  reward     nan  ep_len    nan  fell    0  err_xy 0.101  std 0.217  lr 1.0e-04  fps   8512   408.1s
it 1252/4000  reward     nan  ep_len    nan  fell    0  err_xy 0.093  std 0.217  lr 1.0e-04  fps   8664   408.4s
it 1253/4000  reward     nan  ep_len    nan  fell    0  err_xy 0.086  std 0.217  lr 1.0e-04  fps   8648   408.6s
it 1254/4000  reward     nan  ep_len    nan  fell    0  err_xy 0.076  std 0.217  lr 1.0e-04  fps   8653   408.9s
it 1255/4000  reward     nan  ep_len    nan  fell    0  err_xy 0.077  std 0.217  lr 1.0e-04  fps   8548   409.2s
it 1256/4000  reward     nan  ep_len    nan  fell    0  err_xy 0.063  std 0.217  lr 1.0e-04  fps   8665   409.5s
it 1257/4000  reward     nan  ep_len    nan  fell    0  err_xy 0.068  std 0.217  lr 1.0e-04  fps   8558   409.7s
it 1258/4000  reward     nan  ep_len    nan  fell    0  err_xy 0.062  std 0.217  lr 1.0e-04  fps   8511   410.0s
it 1259/4000  reward     nan  ep_len    nan  fell    0  err_xy 0.063  std 0.217  lr 1.0e-04  fps   8562   410.3s
it 1260/4000  reward     nan  ep_len    nan  fell    0  err_xy 0.066  std 0.217  lr 1.0e-04  fps   8537   410.5s
it 1261/4000  reward     nan  ep_len    nan  fell    0  err_xy 0.061  std 0.217  lr 1.0e-04  fps   8532   410.8s
it 1262/4000  reward     nan  ep_len    nan  fell    0  err_xy 0.066  std 0.217  lr 1.0e-04  fps   8442   411.1s
it 1263/4000  reward     nan  ep_len    nan  fell    0  err_xy 0.061  std 0.217  lr 1.0e-04  fps   8488   411.3s
it 1264/4000  reward     nan  ep_len    nan  fell    0  err_xy 0.070  std 0.217  lr 1.0e-04  fps   8338   411.6s
it 1265/4000  reward     nan  ep_len    nan  fell    0  err_xy 0.080  std 0.217  lr 1.0e-04  fps   8554   411.9s
it 1266/4000  reward     nan  ep_len    nan  fell    0  err_xy 0.081  std 0.217  lr 1.0e-04  fps   8522   412.2s
it 1267/4000  reward     nan  ep_len    nan  fell    0  err_xy 0.097  std 0.217  lr 1.0e-04  fps   8305   412.4s
it 1268/4000  reward     nan  ep_len    nan  fell    0  err_xy 0.079  std 0.217  lr 1.0e-04  fps   8326   412.7s
it 1269/4000  reward     nan  ep_len    nan  fell    0  err_xy 0.087  std 0.217  lr 1.0e-04  fps   8574   413.0s
it 1270/4000  reward     nan  ep_len    nan  fell    0  err_xy 0.094  std 0.217  lr 1.0e-04  fps   8927   413.2s
it 1271/4000  reward     nan  ep_len    nan  fell    0  err_xy 0.081  std 0.217  lr 1.0e-04  fps   8797   413.5s
it 1272/4000  reward     nan  ep_len    nan  fell    0  err_xy 0.088  std 0.217  lr 1.0e-04  fps   8595   413.8s
it 1273/4000  reward     nan  ep_len    nan  fell    0  err_xy 0.093  std 0.217  lr 1.0e-04  fps   8821   414.0s
it 1274/4000  reward     nan  ep_len    nan  fell    0  err_xy 0.084  std 0.217  lr 1.0e-04  fps   8777   414.3s
it 1275/4000  reward     nan  ep_len    nan  fell    0  err_xy 0.079  std 0.217  lr 1.0e-04  fps   8863   414.6s
it 1276/4000  reward     nan  ep_len    nan  fell    0  err_xy 0.073  std 0.217  lr 1.0e-04  fps   8801   414.8s
it 1277/4000  reward     nan  ep_len    nan  fell    0  err_xy 0.061  std 0.217  lr 1.0e-04  fps   8922   415.1s
it 1278/4000  reward     nan  ep_len    nan  fell    0  err_xy 0.066  std 0.217  lr 1.0e-04  fps   9094   415.3s
it 1279/4000  reward     nan  ep_len    nan  fell    0  err_xy 0.066  std 0.217  lr 1.0e-04  fps   8962   415.6s
it 1280/4000  reward  139.55  ep_len  808.0  fell    0  err_xy 0.170  std 0.217  lr 1.0e-04  fps   7332   415.9s
it 1281/4000  reward     nan  ep_len    nan  fell    0  err_xy 0.233  std 0.217  lr 1.0e-04  fps   8462   416.2s
it 1282/4000  reward     nan  ep_len    nan  fell    0  err_xy 0.170  std 0.217  lr 1.0e-04  fps   8714   416.4s
it 1283/4000  reward     nan  ep_len    nan  fell    0  err_xy 0.149  std 0.217  lr 1.0e-04  fps   8523   416.7s
it 1284/4000  reward     nan  ep_len    nan  fell    0  err_xy 0.119  std 0.217  lr 1.0e-04  fps   8036   417.0s
it 1285/4000  reward     nan  ep_len    nan  fell    0  err_xy 0.114  std 0.217  lr 1.0e-04  fps   8094   417.3s
it 1286/4000  reward     nan  ep_len    nan  fell    0  err_xy 0.104  std 0.217  lr 1.0e-04  fps   7318   417.6s
it 1287/4000  reward     nan  ep_len    nan  fell    0  err_xy 0.097  std 0.217  lr 1.0e-04  fps   6774   417.9s
it 1288/4000  reward     nan  ep_len    nan  fell    0  err_xy 0.085  std 0.217  lr 1.0e-04  fps   8316   418.2s
it 1289/4000  reward     nan  ep_len    nan  fell    0  err_xy 0.070  std 0.217  lr 1.0e-04  fps   8118   418.5s
it 1290/4000  reward     nan  ep_len    nan  fell    0  err_xy 0.061  std 0.217  lr 1.0e-04  fps   8258   418.8s
it 1291/4000  reward     nan  ep_len    nan  fell    0  err_xy 0.062  std 0.217  lr 1.0e-04  fps   7896   419.1s
it 1292/4000  reward     nan  ep_len    nan  fell    0  err_xy 0.060  std 0.217  lr 1.0e-04  fps   7952   419.4s
it 1293/4000  reward     nan  ep_len    nan  fell    0  err_xy 0.045  std 0.217  lr 1.0e-04  fps   7628   419.7s
it 1294/4000  reward     nan  ep_len    nan  fell    0  err_xy 0.048  std 0.217  lr 1.0e-04  fps   7684   420.0s
it 1295/4000  reward     nan  ep_len    nan  fell    0  err_xy 0.058  std 0.217  lr 1.0e-04  fps   8237   420.2s
it 1296/4000  reward     nan  ep_len    nan  fell    0  err_xy 0.046  std 0.217  lr 1.0e-04  fps   8226   420.5s
it 1297/4000  reward     nan  ep_len    nan  fell    0  err_xy 0.043  std 0.217  lr 1.0e-04  fps   7990   420.8s
it 1298/4000  reward     nan  ep_len    nan  fell    0  err_xy 0.052  std 0.217  lr 1.0e-04  fps   7766   421.1s
it 1299/4000  reward     nan  ep_len    nan  fell    0  err_xy 0.056  std 0.217  lr 1.0e-04  fps   7621   421.4s
it 1300/4000  reward     nan  ep_len    nan  fell    0  err_xy 0.054  std 0.217  lr 1.0e-04  fps   7972   421.7s
it 1301/4000  reward     nan  ep_len    nan  fell    0  err_xy 0.051  std 0.217  lr 1.0e-04  fps   8231   422.0s
it 1302/4000  reward     nan  ep_len    nan  fell    0  err_xy 0.064  std 0.217  lr 1.0e-04  fps   8322   422.3s
it 1303/4000  reward     nan  ep_len    nan  fell    0  err_xy 0.048  std 0.217  lr 1.0e-04  fps   8358   422.5s
it 1304/4000  reward     nan  ep_len    nan  fell    0  err_xy 0.047  std 0.217  lr 1.0e-04  fps   8532   422.8s
it 1305/4000  reward     nan  ep_len    nan  fell    0  err_xy 0.049  std 0.217  lr 1.0e-04  fps   8427   423.1s
it 1306/4000  reward     nan  ep_len    nan  fell    0  err_xy 0.041  std 0.217  lr 1.0e-04  fps   8361   423.4s
it 1307/4000  reward     nan  ep_len    nan  fell    0  err_xy 0.046  std 0.217  lr 1.0e-04  fps   8247   423.6s
it 1308/4000  reward     nan  ep_len    nan  fell    0  err_xy 0.059  std 0.217  lr 1.0e-04  fps   7925   423.9s
it 1309/4000  reward     nan  ep_len    nan  fell    0  err_xy 0.045  std 0.217  lr 1.0e-04  fps   7632   424.2s
it 1310/4000  reward     nan  ep_len    nan  fell    0  err_xy 0.056  std 0.217  lr 1.0e-04  fps   8179   424.5s
it 1311/4000  reward     nan  ep_len    nan  fell    0  err_xy 0.064  std 0.217  lr 1.0e-04  fps   8512   424.8s
it 1312/4000  reward     nan  ep_len    nan  fell    0  err_xy 0.066  std 0.217  lr 1.0e-04  fps   8604   425.1s
it 1313/4000  reward  181.35  ep_len  808.0  fell    0  err_xy 0.076  std 0.217  lr 1.0e-04  fps   7145   425.4s
it 1314/4000  reward     nan  ep_len    nan  fell    0  err_xy 0.256  std 0.217  lr 1.0e-04  fps   9001   425.6s
it 1315/4000  reward     nan  ep_len    nan  fell    0  err_xy 0.228  std 0.217  lr 1.0e-04  fps   9154   425.9s
it 1316/4000  reward     nan  ep_len    nan  fell    0  err_xy 0.152  std 0.217  lr 1.0e-04  fps   8876   426.1s
it 1317/4000  reward     nan  ep_len    nan  fell    0  err_xy 0.138  std 0.217  lr 1.0e-04  fps   8897   426.4s
it 1318/4000  reward     nan  ep_len    nan  fell    0  err_xy 0.119  std 0.217  lr 1.0e-04  fps   8794   426.7s
it 1319/4000  reward     nan  ep_len    nan  fell    0  err_xy 0.103  std 0.217  lr 1.0e-04  fps   8491   426.9s
it 1320/4000  reward     nan  ep_len    nan  fell    0  err_xy 0.093  std 0.217  lr 1.0e-04  fps   8417   427.2s
it 1321/4000  reward     nan  ep_len    nan  fell    0  err_xy 0.076  std 0.217  lr 1.0e-04  fps   8319   427.5s
it 1322/4000  reward     nan  ep_len    nan  fell    0  err_xy 0.071  std 0.217  lr 1.0e-04  fps   8568   427.8s
it 1323/4000  reward     nan  ep_len    nan  fell    0  err_xy 0.078  std 0.217  lr 1.0e-04  fps   8596   428.0s
it 1324/4000  reward     nan  ep_len    nan  fell    0  err_xy 0.066  std 0.217  lr 1.0e-04  fps   8683   428.3s
it 1325/4000  reward     nan  ep_len    nan  fell    0  err_xy 0.078  std 0.217  lr 1.0e-04  fps   8384   428.6s
it 1326/4000  reward     nan  ep_len    nan  fell    0  err_xy 0.079  std 0.217  lr 1.0e-04  fps   8300   428.9s
it 1327/4000  reward     nan  ep_len    nan  fell    0  err_xy 0.102  std 0.217  lr 1.0e-04  fps   7917   429.1s
it 1328/4000  reward     nan  ep_len    nan  fell    0  err_xy 0.108  std 0.217  lr 1.0e-04  fps   8719   429.4s
it 1329/4000  reward     nan  ep_len    nan  fell    0  err_xy 0.118  std 0.217  lr 1.0e-04  fps   8429   429.7s
it 1330/4000  reward     nan  ep_len    nan  fell    0  err_xy 0.112  std 0.217  lr 1.0e-04  fps   8514   430.0s
it 1331/4000  reward     nan  ep_len    nan  fell    0  err_xy 0.109  std 0.217  lr 1.0e-04  fps   8762   430.2s
it 1332/4000  reward     nan  ep_len    nan  fell    0  err_xy 0.111  std 0.217  lr 1.0e-04  fps   8795   430.5s
it 1333/4000  reward     nan  ep_len    nan  fell    0  err_xy 0.113  std 0.217  lr 1.0e-04  fps   8828   430.7s
it 1334/4000  reward     nan  ep_len    nan  fell    0  err_xy 0.107  std 0.217  lr 1.0e-04  fps   9000   431.0s
it 1335/4000  reward     nan  ep_len    nan  fell    0  err_xy 0.102  std 0.217  lr 1.0e-04  fps   8783   431.3s
it 1336/4000  reward     nan  ep_len    nan  fell    0  err_xy 0.088  std 0.217  lr 1.0e-04  fps   8860   431.5s
it 1337/4000  reward     nan  ep_len    nan  fell    0  err_xy 0.088  std 0.217  lr 1.0e-04  fps   8828   431.8s
it 1338/4000  reward     nan  ep_len    nan  fell    0  err_xy 0.066  std 0.217  lr 1.0e-04  fps   8759   432.0s
it 1339/4000  reward     nan  ep_len    nan  fell    0  err_xy 0.060  std 0.217  lr 1.0e-04  fps   8799   432.3s
it 1340/4000  reward     nan  ep_len    nan  fell    0  err_xy 0.070  std 0.217  lr 1.0e-04  fps   8886   432.6s
it 1341/4000  reward     nan  ep_len    nan  fell    0  err_xy 0.069  std 0.217  lr 1.0e-04  fps   8981   432.8s
it 1342/4000  reward     nan  ep_len    nan  fell    0  err_xy 0.065  std 0.217  lr 1.0e-04  fps   8886   433.1s
it 1343/4000  reward     nan  ep_len    nan  fell    0  err_xy 0.061  std 0.217  lr 1.0e-04  fps   8939   433.3s
it 1344/4000  reward     nan  ep_len    nan  fell    0  err_xy 0.061  std 0.217  lr 1.0e-04  fps   8664   433.6s
it 1345/4000  reward     nan  ep_len    nan  fell    0  err_xy 0.053  std 0.217  lr 1.0e-04  fps   8833   433.9s
it 1346/4000  reward     nan  ep_len    nan  fell    0  err_xy 0.046  std 0.217  lr 1.0e-04  fps   8818   434.1s
it 1347/4000  reward  141.12  ep_len  808.0  fell    0  err_xy 0.092  std 0.217  lr 1.0e-04  fps   7286   434.4s
it 1348/4000  reward     nan  ep_len    nan  fell    0  err_xy 0.270  std 0.217  lr 1.0e-04  fps   8962   434.7s
it 1349/4000  reward     nan  ep_len    nan  fell    0  err_xy 0.195  std 0.217  lr 1.0e-04  fps   9017   435.0s
it 1350/4000  reward     nan  ep_len    nan  fell    0  err_xy 0.157  std 0.217  lr 1.0e-04  fps   8658   435.2s
it 1351/4000  reward     nan  ep_len    nan  fell    0  err_xy 0.131  std 0.217  lr 1.0e-04  fps   8518   435.5s
it 1352/4000  reward     nan  ep_len    nan  fell    0  err_xy 0.108  std 0.217  lr 1.0e-04  fps   8452   435.8s
it 1353/4000  reward     nan  ep_len    nan  fell    0  err_xy 0.085  std 0.217  lr 1.0e-04  fps   8178   436.0s
it 1354/4000  reward     nan  ep_len    nan  fell    0  err_xy 0.078  std 0.217  lr 1.0e-04  fps   8108   436.3s
it 1355/4000  reward     nan  ep_len    nan  fell    0  err_xy 0.074  std 0.217  lr 1.0e-04  fps   8193   436.6s
it 1356/4000  reward     nan  ep_len    nan  fell    0  err_xy 0.081  std 0.217  lr 1.0e-04  fps   8318   436.9s
it 1357/4000  reward     nan  ep_len    nan  fell    0  err_xy 0.066  std 0.217  lr 1.0e-04  fps   8144   437.2s
it 1358/4000  reward     nan  ep_len    nan  fell    0  err_xy 0.061  std 0.217  lr 1.0e-04  fps   8093   437.5s
it 1359/4000  reward     nan  ep_len    nan  fell    0  err_xy 0.054  std 0.217  lr 1.0e-04  fps   7984   437.8s
it 1360/4000  reward     nan  ep_len    nan  fell    0  err_xy 0.045  std 0.217  lr 1.0e-04  fps   7888   438.0s
it 1361/4000  reward     nan  ep_len    nan  fell    0  err_xy 0.044  std 0.217  lr 1.0e-04  fps   8072   438.3s
it 1362/4000  reward     nan  ep_len    nan  fell    0  err_xy 0.039  std 0.217  lr 1.0e-04  fps   8220   438.6s
it 1363/4000  reward     nan  ep_len    nan  fell    0  err_xy 0.038  std 0.217  lr 1.0e-04  fps   8321   438.9s
it 1364/4000  reward     nan  ep_len    nan  fell    0  err_xy 0.031  std 0.217  lr 1.0e-04  fps   8222   439.2s
it 1365/4000  reward     nan  ep_len    nan  fell    0  err_xy 0.027  std 0.217  lr 1.0e-04  fps   8317   439.4s
it 1366/4000  reward     nan  ep_len    nan  fell    0  err_xy 0.022  std 0.217  lr 1.0e-04  fps   8412   439.7s
it 1367/4000  reward     nan  ep_len    nan  fell    0  err_xy 0.022  std 0.217  lr 1.0e-04  fps   8461   440.0s
it 1368/4000  reward     nan  ep_len    nan  fell    0  err_xy 0.020  std 0.217  lr 1.0e-04  fps   8474   440.3s
it 1369/4000  reward     nan  ep_len    nan  fell    0  err_xy 0.019  std 0.217  lr 1.0e-04  fps   8599   440.5s
it 1370/4000  reward     nan  ep_len    nan  fell    0  err_xy 0.017  std 0.217  lr 1.0e-04  fps   8416   440.8s
it 1371/4000  reward     nan  ep_len    nan  fell    0  err_xy 0.018  std 0.217  lr 1.0e-04  fps   8483   441.1s
it 1372/4000  reward     nan  ep_len    nan  fell    0  err_xy 0.018  std 0.217  lr 1.0e-04  fps   8628   441.3s
it 1373/4000  reward     nan  ep_len    nan  fell    0  err_xy 0.017  std 0.217  lr 1.0e-04  fps   8455   441.6s
it 1374/4000  reward     nan  ep_len    nan  fell    0  err_xy 0.019  std 0.217  lr 1.0e-04  fps   8524   441.9s
it 1375/4000  reward     nan  ep_len    nan  fell    0  err_xy 0.030  std 0.217  lr 1.0e-04  fps   8509   442.2s
it 1376/4000  reward     nan  ep_len    nan  fell    0  err_xy 0.022  std 0.217  lr 1.0e-04  fps   8377   442.4s
it 1377/4000  reward     nan  ep_len    nan  fell    0  err_xy 0.020  std 0.217  lr 1.0e-04  fps   8327   442.7s
it 1378/4000  reward     nan  ep_len    nan  fell    0  err_xy 0.022  std 0.217  lr 1.0e-04  fps   8383   443.0s
it 1379/4000  reward     nan  ep_len    nan  fell    0  err_xy 0.027  std 0.217  lr 1.0e-04  fps   8314   443.3s
it 1380/4000  reward     nan  ep_len    nan  fell    0  err_xy 0.023  std 0.217  lr 1.0e-04  fps   8292   443.5s
it 1381/4000  reward  179.17  ep_len  808.0  fell    0  err_xy 0.201  std 0.217  lr 1.0e-04  fps   7201   443.9s
it 1382/4000  reward     nan  ep_len    nan  fell    0  err_xy 0.241  std 0.217  lr 1.0e-04  fps   8984   444.1s
it 1383/4000  reward     nan  ep_len    nan  fell    0  err_xy 0.191  std 0.217  lr 1.0e-04  fps   8709   444.4s
it 1384/4000  reward     nan  ep_len    nan  fell    0  err_xy 0.162  std 0.217  lr 1.0e-04  fps   8404   444.7s
it 1385/4000  reward     nan  ep_len    nan  fell    0  err_xy 0.121  std 0.217  lr 1.0e-04  fps   8224   444.9s
it 1386/4000  reward     nan  ep_len    nan  fell    0  err_xy 0.104  std 0.217  lr 1.0e-04  fps   7823   445.2s
it 1387/4000  reward     nan  ep_len    nan  fell    0  err_xy 0.093  std 0.217  lr 1.0e-04  fps   7728   445.5s
it 1388/4000  reward     nan  ep_len    nan  fell    0  err_xy 0.082  std 0.217  lr 1.0e-04  fps   8089   445.8s
it 1389/4000  reward     nan  ep_len    nan  fell    0  err_xy 0.066  std 0.217  lr 1.0e-04  fps   8194   446.1s
it 1390/4000  reward     nan  ep_len    nan  fell    0  err_xy 0.059  std 0.217  lr 1.0e-04  fps   8317   446.4s
it 1391/4000  reward     nan  ep_len    nan  fell    0  err_xy 0.061  std 0.217  lr 1.0e-04  fps   8315   446.7s
it 1392/4000  reward     nan  ep_len    nan  fell    0  err_xy 0.042  std 0.217  lr 1.0e-04  fps   8206   446.9s
it 1393/4000  reward     nan  ep_len    nan  fell    0  err_xy 0.044  std 0.217  lr 1.0e-04  fps   8237   447.2s
it 1394/4000  reward     nan  ep_len    nan  fell    0  err_xy 0.036  std 0.217  lr 1.0e-04  fps   8404   447.5s
it 1395/4000  reward     nan  ep_len    nan  fell    0  err_xy 0.033  std 0.217  lr 1.0e-04  fps   8353   447.8s
it 1396/4000  reward     nan  ep_len    nan  fell    0  err_xy 0.029  std 0.217  lr 1.0e-04  fps   8219   448.0s
it 1397/4000  reward     nan  ep_len    nan  fell    0  err_xy 0.030  std 0.217  lr 1.0e-04  fps   8178   448.3s
it 1398/4000  reward     nan  ep_len    nan  fell    0  err_xy 0.029  std 0.217  lr 1.0e-04  fps   8256   448.6s
it 1399/4000  reward     nan  ep_len    nan  fell    0  err_xy 0.034  std 0.217  lr 1.0e-04  fps   8337   448.9s
it 1400/4000  reward     nan  ep_len    nan  fell    0  err_xy 0.033  std 0.217  lr 1.0e-04  fps   8367   449.2s
it 1401/4000  reward     nan  ep_len    nan  fell    0  err_xy 0.031  std 0.217  lr 1.0e-04  fps   8076   449.5s
it 1402/4000  reward     nan  ep_len    nan  fell    0  err_xy 0.025  std 0.217  lr 1.0e-04  fps   8293   449.7s
it 1403/4000  reward     nan  ep_len    nan  fell    0  err_xy 0.025  std 0.217  lr 1.0e-04  fps   8182   450.0s
it 1404/4000  reward     nan  ep_len    nan  fell    0  err_xy 0.028  std 0.217  lr 1.0e-04  fps   8050   450.3s
it 1405/4000  reward     nan  ep_len    nan  fell    0  err_xy 0.029  std 0.216  lr 1.0e-04  fps   7816   450.6s
it 1406/4000  reward     nan  ep_len    nan  fell    0  err_xy 0.027  std 0.216  lr 1.0e-04  fps   7862   450.9s
it 1407/4000  reward     nan  ep_len    nan  fell    0  err_xy 0.026  std 0.216  lr 1.0e-04  fps   7987   451.2s
it 1408/4000  reward     nan  ep_len    nan  fell    0  err_xy 0.030  std 0.216  lr 1.0e-04  fps   8066   451.5s
it 1409/4000  reward     nan  ep_len    nan  fell    0  err_xy 0.032  std 0.217  lr 1.0e-04  fps   8319   451.7s
it 1410/4000  reward     nan  ep_len    nan  fell    0  err_xy 0.035  std 0.216  lr 1.0e-04  fps   8340   452.0s
it 1411/4000  reward     nan  ep_len    nan  fell    0  err_xy 0.034  std 0.217  lr 1.0e-04  fps   8487   452.3s
it 1412/4000  reward     nan  ep_len    nan  fell    0  err_xy 0.034  std 0.217  lr 1.0e-04  fps   8541   452.6s
it 1413/4000  reward     nan  ep_len    nan  fell    0  err_xy 0.031  std 0.217  lr 1.0e-04  fps   8369   452.8s
it 1414/4000  reward  181.39  ep_len  808.0  fell    0  err_xy 0.044  std 0.217  lr 1.0e-04  fps   6648   453.2s
it 1415/4000  reward     nan  ep_len    nan  fell    0  err_xy 0.260  std 0.217  lr 1.0e-04  fps   8512   453.4s
it 1416/4000  reward     nan  ep_len    nan  fell    0  err_xy 0.255  std 0.217  lr 1.0e-04  fps   8882   453.7s
it 1417/4000  reward     nan  ep_len    nan  fell    0  err_xy 0.204  std 0.217  lr 1.0e-04  fps   8743   454.0s
it 1418/4000  reward     nan  ep_len    nan  fell    0  err_xy 0.167  std 0.217  lr 1.0e-04  fps   8413   454.3s
it 1419/4000  reward     nan  ep_len    nan  fell    0  err_xy 0.147  std 0.217  lr 1.0e-04  fps   8299   454.5s
it 1420/4000  reward     nan  ep_len    nan  fell    0  err_xy 0.137  std 0.217  lr 1.0e-04  fps   8460   454.8s
it 1421/4000  reward     nan  ep_len    nan  fell    0  err_xy 0.133  std 0.217  lr 1.0e-04  fps   8502   455.1s
it 1422/4000  reward     nan  ep_len    nan  fell    0  err_xy 0.140  std 0.217  lr 1.0e-04  fps   8421   455.3s
it 1423/4000  reward     nan  ep_len    nan  fell    0  err_xy 0.113  std 0.217  lr 1.0e-04  fps   8505   455.6s
it 1424/4000  reward     nan  ep_len    nan  fell    0  err_xy 0.125  std 0.217  lr 1.0e-04  fps   8479   455.9s
it 1425/4000  reward     nan  ep_len    nan  fell    0  err_xy 0.110  std 0.217  lr 1.0e-04  fps   8356   456.2s
it 1426/4000  reward     nan  ep_len    nan  fell    0  err_xy 0.106  std 0.217  lr 1.0e-04  fps   8288   456.4s
it 1427/4000  reward     nan  ep_len    nan  fell    0  err_xy 0.100  std 0.217  lr 1.0e-04  fps   8411   456.7s
it 1428/4000  reward     nan  ep_len    nan  fell    0  err_xy 0.096  std 0.217  lr 1.0e-04  fps   8311   457.0s
it 1429/4000  reward     nan  ep_len    nan  fell    0  err_xy 0.088  std 0.217  lr 1.0e-04  fps   8232   457.3s
it 1430/4000  reward     nan  ep_len    nan  fell    0  err_xy 0.073  std 0.217  lr 1.0e-04  fps   8318   457.6s
it 1431/4000  reward     nan  ep_len    nan  fell    0  err_xy 0.062  std 0.217  lr 1.0e-04  fps   8183   457.8s
it 1432/4000  reward     nan  ep_len    nan  fell    0  err_xy 0.062  std 0.217  lr 1.0e-04  fps   8039   458.1s
it 1433/4000  reward     nan  ep_len    nan  fell    0  err_xy 0.063  std 0.217  lr 1.0e-04  fps   7907   458.4s
it 1434/4000  reward     nan  ep_len    nan  fell    0  err_xy 0.059  std 0.217  lr 1.0e-04  fps   7776   458.7s
it 1435/4000  reward     nan  ep_len    nan  fell    0  err_xy 0.057  std 0.217  lr 1.0e-04  fps   7955   459.0s
it 1436/4000  reward     nan  ep_len    nan  fell    0  err_xy 0.062  std 0.217  lr 1.0e-04  fps   8074   459.3s
it 1437/4000  reward     nan  ep_len    nan  fell    0  err_xy 0.054  std 0.217  lr 1.0e-04  fps   8115   459.6s
it 1438/4000  reward     nan  ep_len    nan  fell    0  err_xy 0.049  std 0.217  lr 1.0e-04  fps   8193   459.9s
it 1439/4000  reward     nan  ep_len    nan  fell    0  err_xy 0.043  std 0.217  lr 1.0e-04  fps   7926   460.1s
it 1440/4000  reward     nan  ep_len    nan  fell    0  err_xy 0.035  std 0.217  lr 1.0e-04  fps   7432   460.5s
it 1441/4000  reward     nan  ep_len    nan  fell    0  err_xy 0.033  std 0.217  lr 1.0e-04  fps   7798   460.8s
it 1442/4000  reward     nan  ep_len    nan  fell    0  err_xy 0.031  std 0.217  lr 1.0e-04  fps   7978   461.0s
it 1443/4000  reward     nan  ep_len    nan  fell    0  err_xy 0.030  std 0.217  lr 1.0e-04  fps   7924   461.3s
it 1444/4000  reward     nan  ep_len    nan  fell    0  err_xy 0.027  std 0.217  lr 1.0e-04  fps   8179   461.6s
it 1445/4000  reward     nan  ep_len    nan  fell    0  err_xy 0.025  std 0.217  lr 1.0e-04  fps   8311   461.9s
it 1446/4000  reward     nan  ep_len    nan  fell    0  err_xy 0.025  std 0.217  lr 1.0e-04  fps   8261   462.2s
it 1447/4000  reward     nan  ep_len    nan  fell    0  err_xy 0.027  std 0.217  lr 1.0e-04  fps   8440   462.4s
it 1448/4000  reward  192.36  ep_len  808.0  fell    0  err_xy 0.099  std 0.217  lr 1.0e-04  fps   7032   462.8s
it 1449/4000  reward     nan  ep_len    nan  fell    0  err_xy 0.316  std 0.217  lr 1.0e-04  fps   9180   463.0s
it 1450/4000  reward     nan  ep_len    nan  fell    0  err_xy 0.211  std 0.217  lr 1.0e-04  fps   9133   463.3s
it 1451/4000  reward     nan  ep_len    nan  fell    0  err_xy 0.180  std 0.217  lr 1.0e-04  fps   8951   463.5s
it 1452/4000  reward     nan  ep_len    nan  fell    0  err_xy 0.150  std 0.217  lr 1.0e-04  fps   8882   463.8s
it 1453/4000  reward     nan  ep_len    nan  fell    0  err_xy 0.129  std 0.217  lr 1.0e-04  fps   8586   464.1s
it 1454/4000  reward     nan  ep_len    nan  fell    0  err_xy 0.126  std 0.217  lr 1.0e-04  fps   8436   464.3s
it 1455/4000  reward     nan  ep_len    nan  fell    0  err_xy 0.099  std 0.217  lr 1.0e-04  fps   8332   464.6s
it 1456/4000  reward     nan  ep_len    nan  fell    0  err_xy 0.095  std 0.217  lr 1.0e-04  fps   8363   464.9s
it 1457/4000  reward     nan  ep_len    nan  fell    0  err_xy 0.093  std 0.217  lr 1.0e-04  fps   8271   465.2s
it 1458/4000  reward     nan  ep_len    nan  fell    0  err_xy 0.084  std 0.217  lr 1.0e-04  fps   8296   465.4s
it 1459/4000  reward     nan  ep_len    nan  fell    0  err_xy 0.082  std 0.217  lr 1.0e-04  fps   8292   465.7s
it 1460/4000  reward     nan  ep_len    nan  fell    0  err_xy 0.084  std 0.217  lr 1.0e-04  fps   7890   466.0s
it 1461/4000  reward     nan  ep_len    nan  fell    0  err_xy 0.068  std 0.217  lr 1.0e-04  fps   6719   466.4s
it 1462/4000  reward     nan  ep_len    nan  fell    0  err_xy 0.073  std 0.217  lr 1.0e-04  fps   6245   466.7s
it 1463/4000  reward     nan  ep_len    nan  fell    0  err_xy 0.071  std 0.217  lr 1.0e-04  fps   5942   467.1s
it 1464/4000  reward     nan  ep_len    nan  fell    0  err_xy 0.065  std 0.217  lr 1.0e-04  fps   7434   467.4s
it 1465/4000  reward     nan  ep_len    nan  fell    0  err_xy 0.074  std 0.217  lr 1.0e-04  fps   7693   467.7s
it 1466/4000  reward     nan  ep_len    nan  fell    0  err_xy 0.064  std 0.217  lr 1.0e-04  fps   7573   468.0s
it 1467/4000  reward     nan  ep_len    nan  fell    0  err_xy 0.059  std 0.217  lr 1.0e-04  fps   7687   468.3s
it 1468/4000  reward     nan  ep_len    nan  fell    0  err_xy 0.059  std 0.217  lr 1.0e-04  fps   7576   468.6s
it 1469/4000  reward     nan  ep_len    nan  fell    0  err_xy 0.048  std 0.217  lr 1.0e-04  fps   7745   468.9s
it 1470/4000  reward     nan  ep_len    nan  fell    0  err_xy 0.054  std 0.217  lr 1.0e-04  fps   8035   469.2s
it 1471/4000  reward     nan  ep_len    nan  fell    0  err_xy 0.051  std 0.217  lr 1.0e-04  fps   7969   469.5s
it 1472/4000  reward     nan  ep_len    nan  fell    0  err_xy 0.054  std 0.217  lr 1.0e-04  fps   7950   469.8s
it 1473/4000  reward     nan  ep_len    nan  fell    0  err_xy 0.057  std 0.217  lr 1.0e-04  fps   8025   470.1s
it 1474/4000  reward     nan  ep_len    nan  fell    0  err_xy 0.058  std 0.217  lr 1.0e-04  fps   8144   470.4s
it 1475/4000  reward     nan  ep_len    nan  fell    0  err_xy 0.045  std 0.217  lr 1.0e-04  fps   8115   470.7s
it 1476/4000  reward     nan  ep_len    nan  fell    0  err_xy 0.039  std 0.217  lr 1.0e-04  fps   8208   470.9s
it 1477/4000  reward     nan  ep_len    nan  fell    0  err_xy 0.043  std 0.217  lr 1.0e-04  fps   8191   471.2s
it 1478/4000  reward     nan  ep_len    nan  fell    0  err_xy 0.042  std 0.217  lr 1.0e-04  fps   8189   471.5s
it 1479/4000  reward     nan  ep_len    nan  fell    0  err_xy 0.035  std 0.217  lr 1.0e-04  fps   8175   471.8s
it 1480/4000  reward     nan  ep_len    nan  fell    0  err_xy 0.043  std 0.217  lr 1.0e-04  fps   7988   472.1s
it 1481/4000  reward     nan  ep_len    nan  fell    0  err_xy 0.035  std 0.217  lr 1.0e-04  fps   7964   472.4s
it 1482/4000  reward  198.73  ep_len  808.0  fell    0  err_xy 0.172  std 0.217  lr 1.0e-04  fps   7124   472.7s
it 1483/4000  reward     nan  ep_len    nan  fell    0  err_xy 0.280  std 0.217  lr 1.0e-04  fps   9000   472.9s
it 1484/4000  reward     nan  ep_len    nan  fell    0  err_xy 0.190  std 0.217  lr 1.0e-04  fps   9002   473.2s
it 1485/4000  reward     nan  ep_len    nan  fell    0  err_xy 0.185  std 0.217  lr 1.0e-04  fps   8950   473.5s
it 1486/4000  reward     nan  ep_len    nan  fell    0  err_xy 0.166  std 0.217  lr 1.0e-04  fps   8858   473.7s
it 1487/4000  reward     nan  ep_len    nan  fell    0  err_xy 0.153  std 0.217  lr 1.0e-04  fps   8578   474.0s
it 1488/4000  reward     nan  ep_len    nan  fell    0  err_xy 0.144  std 0.217  lr 1.0e-04  fps   8449   474.3s
it 1489/4000  reward     nan  ep_len    nan  fell    0  err_xy 0.145  std 0.217  lr 1.0e-04  fps   8215   474.5s
it 1490/4000  reward     nan  ep_len    nan  fell    0  err_xy 0.133  std 0.217  lr 1.0e-04  fps   8032   474.8s
it 1491/4000  reward     nan  ep_len    nan  fell    0  err_xy 0.135  std 0.217  lr 1.0e-04  fps   8055   475.1s
it 1492/4000  reward     nan  ep_len    nan  fell    0  err_xy 0.121  std 0.217  lr 1.0e-04  fps   8270   475.4s
it 1493/4000  reward     nan  ep_len    nan  fell    0  err_xy 0.140  std 0.217  lr 1.0e-04  fps   8285   475.7s
it 1494/4000  reward     nan  ep_len    nan  fell    0  err_xy 0.117  std 0.217  lr 1.0e-04  fps   7849   476.0s
it 1495/4000  reward     nan  ep_len    nan  fell    0  err_xy 0.111  std 0.217  lr 1.0e-04  fps   8034   476.3s
it 1496/4000  reward     nan  ep_len    nan  fell    0  err_xy 0.107  std 0.217  lr 1.0e-04  fps   7986   476.5s
it 1497/4000  reward     nan  ep_len    nan  fell    0  err_xy 0.089  std 0.217  lr 1.0e-04  fps   7948   476.8s
it 1498/4000  reward     nan  ep_len    nan  fell    0  err_xy 0.093  std 0.217  lr 1.0e-04  fps   7649   477.1s
it 1499/4000  reward     nan  ep_len    nan  fell    0  err_xy 0.068  std 0.217  lr 1.0e-04  fps   7186   477.5s
it 1500/4000  reward     nan  ep_len    nan  fell    0  err_xy 0.059  std 0.217  lr 1.0e-04  fps   7315   477.8s
it 1501/4000  reward     nan  ep_len    nan  fell    0  err_xy 0.044  std 0.217  lr 1.0e-04  fps   7359   478.1s
it 1502/4000  reward     nan  ep_len    nan  fell    0  err_xy 0.039  std 0.217  lr 1.0e-04  fps   7414   478.4s
it 1503/4000  reward     nan  ep_len    nan  fell    0  err_xy 0.041  std 0.217  lr 1.0e-04  fps   7199   478.7s
it 1504/4000  reward     nan  ep_len    nan  fell    0  err_xy 0.043  std 0.217  lr 1.0e-04  fps   7522   479.0s
it 1505/4000  reward     nan  ep_len    nan  fell    0  err_xy 0.035  std 0.217  lr 1.0e-04  fps   7531   479.3s
it 1506/4000  reward     nan  ep_len    nan  fell    0  err_xy 0.036  std 0.217  lr 1.0e-04  fps   7636   479.6s
it 1507/4000  reward     nan  ep_len    nan  fell    0  err_xy 0.028  std 0.217  lr 1.0e-04  fps   7703   479.9s
it 1508/4000  reward     nan  ep_len    nan  fell    0  err_xy 0.026  std 0.217  lr 1.0e-04  fps   7726   480.2s
it 1509/4000  reward     nan  ep_len    nan  fell    0  err_xy 0.024  std 0.217  lr 1.0e-04  fps   7524   480.5s
it 1510/4000  reward     nan  ep_len    nan  fell    0  err_xy 0.023  std 0.217  lr 1.0e-04  fps   7569   480.8s
it 1511/4000  reward     nan  ep_len    nan  fell    0  err_xy 0.023  std 0.217  lr 1.0e-04  fps   7674   481.1s
it 1512/4000  reward     nan  ep_len    nan  fell    0  err_xy 0.019  std 0.217  lr 1.0e-04  fps   7776   481.4s
it 1513/4000  reward     nan  ep_len    nan  fell    0  err_xy 0.019  std 0.217  lr 1.0e-04  fps   7726   481.7s
it 1514/4000  reward     nan  ep_len    nan  fell    0  err_xy 0.024  std 0.217  lr 1.0e-04  fps   7677   482.0s
it 1515/4000  reward  198.03  ep_len  808.0  fell    0  err_xy 0.023  std 0.217  lr 1.0e-04  fps   6456   482.4s
it 1516/4000  reward     nan  ep_len    nan  fell    0  err_xy 0.277  std 0.217  lr 1.0e-04  fps   8641   482.7s
it 1517/4000  reward     nan  ep_len    nan  fell    0  err_xy 0.244  std 0.217  lr 1.0e-04  fps   8756   482.9s
it 1518/4000  reward     nan  ep_len    nan  fell    0  err_xy 0.135  std 0.217  lr 1.0e-04  fps   8291   483.2s
it 1519/4000  reward     nan  ep_len    nan  fell    0  err_xy 0.145  std 0.217  lr 1.0e-04  fps   8140   483.5s
it 1520/4000  reward     nan  ep_len    nan  fell    0  err_xy 0.136  std 0.217  lr 1.0e-04  fps   8603   483.8s
it 1521/4000  reward     nan  ep_len    nan  fell    0  err_xy 0.133  std 0.217  lr 1.0e-04  fps   8742   484.0s
it 1522/4000  reward     nan  ep_len    nan  fell    0  err_xy 0.125  std 0.217  lr 1.0e-04  fps   8714   484.3s
it 1523/4000  reward     nan  ep_len    nan  fell    0  err_xy 0.155  std 0.217  lr 1.0e-04  fps   8710   484.6s
it 1524/4000  reward     nan  ep_len    nan  fell    0  err_xy 0.156  std 0.217  lr 1.0e-04  fps   8653   484.8s
it 1525/4000  reward     nan  ep_len    nan  fell    0  err_xy 0.148  std 0.217  lr 1.0e-04  fps   8717   485.1s
it 1526/4000  reward     nan  ep_len    nan  fell    0  err_xy 0.150  std 0.217  lr 1.0e-04  fps   8525   485.4s
it 1527/4000  reward     nan  ep_len    nan  fell    0  err_xy 0.149  std 0.217  lr 1.0e-04  fps   8378   485.6s
it 1528/4000  reward     nan  ep_len    nan  fell    0  err_xy 0.132  std 0.217  lr 1.0e-04  fps   8348   485.9s
it 1529/4000  reward     nan  ep_len    nan  fell    0  err_xy 0.113  std 0.217  lr 1.0e-04  fps   8259   486.2s
it 1530/4000  reward     nan  ep_len    nan  fell    0  err_xy 0.092  std 0.217  lr 1.0e-04  fps   8106   486.5s
it 1531/4000  reward     nan  ep_len    nan  fell    0  err_xy 0.087  std 0.217  lr 1.0e-04  fps   7924   486.8s
it 1532/4000  reward     nan  ep_len    nan  fell    0  err_xy 0.091  std 0.217  lr 1.0e-04  fps   7697   487.1s
it 1533/4000  reward     nan  ep_len    nan  fell    0  err_xy 0.073  std 0.217  lr 1.0e-04  fps   7944   487.3s
it 1534/4000  reward     nan  ep_len    nan  fell    0  err_xy 0.065  std 0.217  lr 1.0e-04  fps   7902   487.6s
it 1535/4000  reward     nan  ep_len    nan  fell    0  err_xy 0.050  std 0.217  lr 1.0e-04  fps   7861   487.9s
it 1536/4000  reward     nan  ep_len    nan  fell    0  err_xy 0.046  std 0.217  lr 1.0e-04  fps   7900   488.2s
it 1537/4000  reward     nan  ep_len    nan  fell    0  err_xy 0.040  std 0.217  lr 1.0e-04  fps   7843   488.5s
it 1538/4000  reward     nan  ep_len    nan  fell    0  err_xy 0.028  std 0.217  lr 1.0e-04  fps   7777   488.8s
it 1539/4000  reward     nan  ep_len    nan  fell    0  err_xy 0.023  std 0.217  lr 1.0e-04  fps   7813   489.1s
it 1540/4000  reward     nan  ep_len    nan  fell    0  err_xy 0.031  std 0.217  lr 1.0e-04  fps   7708   489.4s
it 1541/4000  reward     nan  ep_len    nan  fell    0  err_xy 0.022  std 0.217  lr 1.0e-04  fps   7679   489.7s
it 1542/4000  reward     nan  ep_len    nan  fell    0  err_xy 0.020  std 0.217  lr 1.0e-04  fps   7547   490.0s
it 1543/4000  reward     nan  ep_len    nan  fell    0  err_xy 0.022  std 0.217  lr 1.0e-04  fps   7462   490.3s
it 1544/4000  reward     nan  ep_len    nan  fell    0  err_xy 0.021  std 0.217  lr 1.0e-04  fps   7281   490.6s
it 1545/4000  reward     nan  ep_len    nan  fell    0  err_xy 0.019  std 0.217  lr 1.0e-04  fps   7584   490.9s
it 1546/4000  reward     nan  ep_len    nan  fell    0  err_xy 0.021  std 0.217  lr 1.0e-04  fps   7740   491.2s
it 1547/4000  reward     nan  ep_len    nan  fell    0  err_xy 0.022  std 0.217  lr 1.0e-04  fps   7788   491.5s
it 1548/4000  reward     nan  ep_len    nan  fell    0  err_xy 0.018  std 0.217  lr 1.0e-04  fps   7778   491.8s
it 1549/4000  reward  192.45  ep_len  808.0  fell    0  err_xy 0.074  std 0.217  lr 1.0e-04  fps   6760   492.2s
it 1550/4000  reward     nan  ep_len    nan  fell    0  err_xy 0.297  std 0.217  lr 1.0e-04  fps   9057   492.4s
it 1551/4000  reward     nan  ep_len    nan  fell    0  err_xy 0.183  std 0.217  lr 1.0e-04  fps   8996   492.7s
it 1552/4000  reward     nan  ep_len    nan  fell    0  err_xy 0.142  std 0.217  lr 1.0e-04  fps   8902   493.0s
it 1553/4000  reward     nan  ep_len    nan  fell    0  err_xy 0.095  std 0.217  lr 1.0e-04  fps   8768   493.2s
it 1554/4000  reward     nan  ep_len    nan  fell    0  err_xy 0.103  std 0.217  lr 1.0e-04  fps   8638   493.5s
it 1555/4000  reward     nan  ep_len    nan  fell    0  err_xy 0.095  std 0.217  lr 1.0e-04  fps   8063   493.8s
it 1556/4000  reward     nan  ep_len    nan  fell    0  err_xy 0.085  std 0.217  lr 1.0e-04  fps   8339   494.0s
it 1557/4000  reward     nan  ep_len    nan  fell    0  err_xy 0.084  std 0.217  lr 1.0e-04  fps   8259   494.3s
it 1558/4000  reward     nan  ep_len    nan  fell    0  err_xy 0.069  std 0.217  lr 1.0e-04  fps   8221   494.6s
it 1559/4000  reward     nan  ep_len    nan  fell    0  err_xy 0.060  std 0.217  lr 1.0e-04  fps   8186   494.9s
it 1560/4000  reward     nan  ep_len    nan  fell    0  err_xy 0.070  std 0.217  lr 1.0e-04  fps   8098   495.2s
it 1561/4000  reward     nan  ep_len    nan  fell    0  err_xy 0.069  std 0.217  lr 1.0e-04  fps   8121   495.5s
it 1562/4000  reward     nan  ep_len    nan  fell    0  err_xy 0.061  std 0.217  lr 1.0e-04  fps   8031   495.7s
it 1563/4000  reward     nan  ep_len    nan  fell    0  err_xy 0.055  std 0.217  lr 1.0e-04  fps   8032   496.0s
it 1564/4000  reward     nan  ep_len    nan  fell    0  err_xy 0.055  std 0.217  lr 1.0e-04  fps   7994   496.3s
it 1565/4000  reward     nan  ep_len    nan  fell    0  err_xy 0.046  std 0.217  lr 1.0e-04  fps   7918   496.6s
it 1566/4000  reward     nan  ep_len    nan  fell    0  err_xy 0.029  std 0.217  lr 1.0e-04  fps   7846   496.9s
it 1567/4000  reward     nan  ep_len    nan  fell    0  err_xy 0.022  std 0.217  lr 1.0e-04  fps   7860   497.2s
it 1568/4000  reward     nan  ep_len    nan  fell    0  err_xy 0.028  std 0.217  lr 1.0e-04  fps   7859   497.5s
it 1569/4000  reward     nan  ep_len    nan  fell    0  err_xy 0.032  std 0.217  lr 1.0e-04  fps   7856   497.8s
it 1570/4000  reward     nan  ep_len    nan  fell    0  err_xy 0.022  std 0.217  lr 1.0e-04  fps   7746   498.1s
it 1571/4000  reward     nan  ep_len    nan  fell    0  err_xy 0.023  std 0.217  lr 1.0e-04  fps   7874   498.4s
it 1572/4000  reward     nan  ep_len    nan  fell    0  err_xy 0.019  std 0.217  lr 1.0e-04  fps   7743   498.7s
it 1573/4000  reward     nan  ep_len    nan  fell    0  err_xy 0.022  std 0.217  lr 1.0e-04  fps   7787   499.0s
it 1574/4000  reward     nan  ep_len    nan  fell    0  err_xy 0.024  std 0.217  lr 1.0e-04  fps   7766   499.3s
it 1575/4000  reward     nan  ep_len    nan  fell    0  err_xy 0.020  std 0.217  lr 1.0e-04  fps   7785   499.6s
it 1576/4000  reward     nan  ep_len    nan  fell    0  err_xy 0.024  std 0.217  lr 1.0e-04  fps   7846   499.9s
it 1577/4000  reward     nan  ep_len    nan  fell    0  err_xy 0.025  std 0.217  lr 1.0e-04  fps   7719   500.2s
it 1578/4000  reward     nan  ep_len    nan  fell    0  err_xy 0.030  std 0.217  lr 1.0e-04  fps      2  1492.9s
it 1579/4000  reward     nan  ep_len    nan  fell    0  err_xy 0.026  std 0.217  lr 1.0e-04  fps   6898  1493.2s
it 1580/4000  reward     nan  ep_len    nan  fell    0  err_xy 0.025  std 0.217  lr 1.0e-04  fps   8032  1493.5s
it 1581/4000  reward     nan  ep_len    nan  fell    0  err_xy 0.023  std 0.217  lr 1.0e-04  fps   7796  1493.8s
it 1582/4000  reward     nan  ep_len    nan  fell    0  err_xy 0.020  std 0.217  lr 1.0e-04  fps   8007  1494.1s
it 1583/4000  reward  195.39  ep_len  808.0  fell    0  err_xy 0.173  std 0.217  lr 1.0e-04  fps   7067  1494.4s
it 1584/4000  reward     nan  ep_len    nan  fell    0  err_xy 0.284  std 0.217  lr 1.0e-04  fps   8990  1494.7s
it 1585/4000  reward     nan  ep_len    nan  fell    0  err_xy 0.168  std 0.217  lr 1.0e-04  fps   9072  1494.9s
it 1586/4000  reward     nan  ep_len    nan  fell    0  err_xy 0.136  std 0.217  lr 1.0e-04  fps   9002  1495.2s
it 1587/4000  reward     nan  ep_len    nan  fell    0  err_xy 0.109  std 0.217  lr 1.0e-04  fps   9062  1495.4s
it 1588/4000  reward     nan  ep_len    nan  fell    0  err_xy 0.118  std 0.217  lr 1.0e-04  fps   8743  1495.7s
it 1589/4000  reward     nan  ep_len    nan  fell    0  err_xy 0.119  std 0.217  lr 1.0e-04  fps   8806  1496.0s
it 1590/4000  reward     nan  ep_len    nan  fell    0  err_xy 0.111  std 0.217  lr 1.0e-04  fps   8720  1496.2s
it 1591/4000  reward     nan  ep_len    nan  fell    0  err_xy 0.106  std 0.217  lr 1.0e-04  fps   8514  1496.5s
it 1592/4000  reward     nan  ep_len    nan  fell    0  err_xy 0.107  std 0.217  lr 1.0e-04  fps   8397  1496.8s
it 1593/4000  reward     nan  ep_len    nan  fell    0  err_xy 0.102  std 0.217  lr 1.0e-04  fps   8732  1497.0s
it 1594/4000  reward     nan  ep_len    nan  fell    0  err_xy 0.119  std 0.217  lr 1.0e-04  fps   8601  1497.3s
it 1595/4000  reward     nan  ep_len    nan  fell    0  err_xy 0.107  std 0.217  lr 1.0e-04  fps   8463  1497.6s
it 1596/4000  reward     nan  ep_len    nan  fell    0  err_xy 0.094  std 0.217  lr 1.0e-04  fps     54  1540.1s
it 1597/4000  reward     nan  ep_len    nan  fell    0  err_xy 0.075  std 0.217  lr 1.0e-04  fps   6140  1540.5s
it 1598/4000  reward     nan  ep_len    nan  fell    0  err_xy 0.061  std 0.217  lr 1.0e-04  fps   7158  1540.8s
it 1599/4000  reward     nan  ep_len    nan  fell    0  err_xy 0.057  std 0.217  lr 1.0e-04  fps   7052  1541.2s
it 1600/4000  reward     nan  ep_len    nan  fell    0  err_xy 0.045  std 0.217  lr 1.0e-04  fps   7253  1541.5s
it 1601/4000  reward     nan  ep_len    nan  fell    0  err_xy 0.036  std 0.217  lr 1.0e-04  fps   7238  1541.8s
it 1602/4000  reward     nan  ep_len    nan  fell    0  err_xy 0.041  std 0.217  lr 1.0e-04  fps   7435  1542.1s
it 1603/4000  reward     nan  ep_len    nan  fell    0  err_xy 0.046  std 0.217  lr 1.0e-04  fps   8109  1542.4s
it 1604/4000  reward     nan  ep_len    nan  fell    0  err_xy 0.042  std 0.217  lr 1.0e-04  fps   8105  1542.7s
it 1605/4000  reward     nan  ep_len    nan  fell    0  err_xy 0.041  std 0.217  lr 1.0e-04  fps   7936  1543.0s
it 1606/4000  reward     nan  ep_len    nan  fell    0  err_xy 0.034  std 0.217  lr 1.0e-04  fps   8011  1543.3s
it 1607/4000  reward     nan  ep_len    nan  fell    0  err_xy 0.035  std 0.217  lr 1.0e-04  fps   7929  1543.6s
it 1608/4000  reward     nan  ep_len    nan  fell    0  err_xy 0.030  std 0.217  lr 1.0e-04  fps   8091  1543.8s
it 1609/4000  reward     nan  ep_len    nan  fell    0  err_xy 0.029  std 0.217  lr 1.0e-04  fps   7902  1544.1s
it 1610/4000  reward     nan  ep_len    nan  fell    0  err_xy 0.037  std 0.217  lr 1.0e-04  fps   8065  1544.4s
it 1611/4000  reward     nan  ep_len    nan  fell    0  err_xy 0.030  std 0.217  lr 1.0e-04  fps   8217  1544.7s
it 1612/4000  reward     nan  ep_len    nan  fell    0  err_xy 0.025  std 0.217  lr 1.0e-04  fps   8100  1545.0s
it 1613/4000  reward     nan  ep_len    nan  fell    0  err_xy 0.031  std 0.217  lr 1.0e-04  fps   8169  1545.3s
it 1614/4000  reward     nan  ep_len    nan  fell    0  err_xy 0.025  std 0.217  lr 1.0e-04  fps   8130  1545.5s
it 1615/4000  reward     nan  ep_len    nan  fell    0  err_xy 0.018  std 0.217  lr 1.0e-04  fps   8079  1545.8s
it 1616/4000  reward  193.79  ep_len  808.0  fell    0  err_xy 0.016  std 0.217  lr 1.0e-04  fps   6782  1546.2s
it 1617/4000  reward     nan  ep_len    nan  fell    0  err_xy 0.246  std 0.217  lr 1.0e-04  fps   9214  1546.4s
it 1618/4000  reward     nan  ep_len    nan  fell    0  err_xy 0.236  std 0.217  lr 1.0e-04  fps   9117  1546.7s
it 1619/4000  reward     nan  ep_len    nan  fell    0  err_xy 0.177  std 0.217  lr 1.0e-04  fps   8997  1546.9s
it 1620/4000  reward     nan  ep_len    nan  fell    0  err_xy 0.145  std 0.217  lr 1.0e-04  fps   8672  1547.2s
it 1621/4000  reward     nan  ep_len    nan  fell    0  err_xy 0.128  std 0.217  lr 1.0e-04  fps   8608  1547.5s
it 1622/4000  reward     nan  ep_len    nan  fell    0  err_xy 0.135  std 0.217  lr 1.0e-04  fps   8462  1547.7s
it 1623/4000  reward     nan  ep_len    nan  fell    0  err_xy 0.120  std 0.217  lr 1.0e-04  fps   8580  1548.0s
it 1624/4000  reward     nan  ep_len    nan  fell    0  err_xy 0.119  std 0.217  lr 1.0e-04  fps   8403  1548.3s
it 1625/4000  reward     nan  ep_len    nan  fell    0  err_xy 0.104  std 0.217  lr 1.0e-04  fps   8367  1548.6s
it 1626/4000  reward     nan  ep_len    nan  fell    0  err_xy 0.092  std 0.217  lr 1.0e-04  fps   8334  1548.8s
it 1627/4000  reward     nan  ep_len    nan  fell    0  err_xy 0.089  std 0.217  lr 1.0e-04  fps   8341  1549.1s
it 1628/4000  reward     nan  ep_len    nan  fell    0  err_xy 0.092  std 0.217  lr 1.0e-04  fps   8427  1549.4s
it 1629/4000  reward     nan  ep_len    nan  fell    0  err_xy 0.084  std 0.217  lr 1.0e-04  fps   8259  1549.7s
it 1630/4000  reward     nan  ep_len    nan  fell    0  err_xy 0.078  std 0.217  lr 1.0e-04  fps   8294  1549.9s
it 1631/4000  reward     nan  ep_len    nan  fell    0  err_xy 0.055  std 0.217  lr 1.0e-04  fps   8238  1550.2s
it 1632/4000  reward     nan  ep_len    nan  fell    0  err_xy 0.050  std 0.217  lr 1.0e-04  fps   8167  1550.5s
it 1633/4000  reward     nan  ep_len    nan  fell    0  err_xy 0.039  std 0.217  lr 1.0e-04  fps   8202  1550.8s
it 1634/4000  reward     nan  ep_len    nan  fell    0  err_xy 0.038  std 0.217  lr 1.0e-04  fps   8109  1551.1s
it 1635/4000  reward     nan  ep_len    nan  fell    0  err_xy 0.031  std 0.217  lr 1.0e-04  fps   8137  1551.4s
it 1636/4000  reward     nan  ep_len    nan  fell    0  err_xy 0.031  std 0.217  lr 1.0e-04  fps   8191  1551.6s
it 1637/4000  reward     nan  ep_len    nan  fell    0  err_xy 0.038  std 0.217  lr 1.0e-04  fps   8083  1551.9s
it 1638/4000  reward     nan  ep_len    nan  fell    0  err_xy 0.032  std 0.217  lr 1.0e-04  fps   8159  1552.2s
it 1639/4000  reward     nan  ep_len    nan  fell    0  err_xy 0.035  std 0.217  lr 1.0e-04  fps   8260  1552.5s
it 1640/4000  reward     nan  ep_len    nan  fell    0  err_xy 0.035  std 0.217  lr 1.0e-04  fps   8285  1552.8s
it 1641/4000  reward     nan  ep_len    nan  fell    0  err_xy 0.039  std 0.217  lr 1.0e-04  fps   8280  1553.0s
it 1642/4000  reward     nan  ep_len    nan  fell    0  err_xy 0.037  std 0.217  lr 1.0e-04  fps   8363  1553.3s
it 1643/4000  reward     nan  ep_len    nan  fell    0  err_xy 0.040  std 0.217  lr 1.0e-04  fps   8240  1553.6s
it 1644/4000  reward     nan  ep_len    nan  fell    0  err_xy 0.031  std 0.217  lr 1.0e-04  fps   8287  1553.9s
it 1645/4000  reward     nan  ep_len    nan  fell    0  err_xy 0.026  std 0.217  lr 1.0e-04  fps   8193  1554.2s
it 1646/4000  reward     nan  ep_len    nan  fell    0  err_xy 0.025  std 0.217  lr 1.0e-04  fps   8236  1554.4s
it 1647/4000  reward     nan  ep_len    nan  fell    0  err_xy 0.025  std 0.217  lr 1.0e-04  fps   8204  1554.7s
it 1648/4000  reward     nan  ep_len    nan  fell    0  err_xy 0.021  std 0.217  lr 1.0e-04  fps   8108  1555.0s
it 1649/4000  reward     nan  ep_len    nan  fell    0  err_xy 0.020  std 0.217  lr 1.0e-04  fps   8097  1555.3s
it 1650/4000  reward  204.11  ep_len  808.0  fell    0  err_xy 0.080  std 0.217  lr 1.0e-04  fps   6930  1555.6s
it 1651/4000  reward     nan  ep_len    nan  fell    0  err_xy 0.259  std 0.217  lr 1.0e-04  fps   9172  1555.9s
it 1652/4000  reward     nan  ep_len    nan  fell    0  err_xy 0.182  std 0.217  lr 1.0e-04  fps   9208  1556.1s
it 1653/4000  reward     nan  ep_len    nan  fell    0  err_xy 0.168  std 0.217  lr 1.0e-04  fps   9144  1556.4s
it 1654/4000  reward     nan  ep_len    nan  fell    0  err_xy 0.155  std 0.217  lr 1.0e-04  fps   9060  1556.6s
it 1655/4000  reward     nan  ep_len    nan  fell    0  err_xy 0.160  std 0.217  lr 1.0e-04  fps   8878  1556.9s
it 1656/4000  reward     nan  ep_len    nan  fell    0  err_xy 0.191  std 0.217  lr 1.0e-04  fps   8943  1557.1s
it 1657/4000  reward     nan  ep_len    nan  fell    0  err_xy 0.173  std 0.217  lr 1.0e-04  fps   8815  1557.4s
it 1658/4000  reward     nan  ep_len    nan  fell    0  err_xy 0.185  std 0.217  lr 1.0e-04  fps   8681  1557.7s
it 1659/4000  reward     nan  ep_len    nan  fell    0  err_xy 0.142  std 0.217  lr 1.0e-04  fps   8478  1557.9s
it 1660/4000  reward     nan  ep_len    nan  fell    0  err_xy 0.126  std 0.217  lr 1.0e-04  fps   8385  1558.2s
it 1661/4000  reward     nan  ep_len    nan  fell    0  err_xy 0.096  std 0.217  lr 1.0e-04  fps   8328  1558.5s
it 1662/4000  reward     nan  ep_len    nan  fell    0  err_xy 0.074  std 0.217  lr 1.0e-04  fps   8233  1558.8s
it 1663/4000  reward     nan  ep_len    nan  fell    0  err_xy 0.069  std 0.217  lr 1.0e-04  fps   8121  1559.1s
it 1664/4000  reward     nan  ep_len    nan  fell    0  err_xy 0.049  std 0.217  lr 1.0e-04  fps   8177  1559.3s
it 1665/4000  reward     nan  ep_len    nan  fell    0  err_xy 0.045  std 0.217  lr 1.0e-04  fps   7959  1559.6s
it 1666/4000  reward     nan  ep_len    nan  fell    0  err_xy 0.039  std 0.217  lr 1.0e-04  fps   7754  1559.9s
it 1667/4000  reward     nan  ep_len    nan  fell    0  err_xy 0.041  std 0.217  lr 1.0e-04  fps   8025  1560.2s
it 1668/4000  reward     nan  ep_len    nan  fell    0  err_xy 0.031  std 0.217  lr 1.0e-04  fps   8128  1560.5s
it 1669/4000  reward     nan  ep_len    nan  fell    0  err_xy 0.033  std 0.217  lr 1.0e-04  fps   8148  1560.8s
it 1670/4000  reward     nan  ep_len    nan  fell    0  err_xy 0.031  std 0.217  lr 1.0e-04  fps   8160  1561.1s
it 1671/4000  reward     nan  ep_len    nan  fell    0  err_xy 0.028  std 0.217  lr 1.0e-04  fps   8113  1561.4s
it 1672/4000  reward     nan  ep_len    nan  fell    0  err_xy 0.022  std 0.217  lr 1.0e-04  fps   8075  1561.6s
it 1673/4000  reward     nan  ep_len    nan  fell    0  err_xy 0.022  std 0.217  lr 1.0e-04  fps   8073  1561.9s
it 1674/4000  reward     nan  ep_len    nan  fell    0  err_xy 0.014  std 0.217  lr 1.0e-04  fps   8158  1562.2s
it 1675/4000  reward     nan  ep_len    nan  fell    0  err_xy 0.017  std 0.217  lr 1.0e-04  fps   8202  1562.5s
it 1676/4000  reward     nan  ep_len    nan  fell    0  err_xy 0.019  std 0.217  lr 1.0e-04  fps   8165  1562.8s
it 1677/4000  reward     nan  ep_len    nan  fell    0  err_xy 0.017  std 0.217  lr 1.0e-04  fps   8196  1563.1s
it 1678/4000  reward     nan  ep_len    nan  fell    0  err_xy 0.018  std 0.217  lr 1.0e-04  fps   8271  1563.3s
it 1679/4000  reward     nan  ep_len    nan  fell    0  err_xy 0.021  std 0.217  lr 1.0e-04  fps   8230  1563.6s
it 1680/4000  reward     nan  ep_len    nan  fell    0  err_xy 0.018  std 0.217  lr 1.0e-04  fps   8187  1563.9s
it 1681/4000  reward     nan  ep_len    nan  fell    0  err_xy 0.019  std 0.217  lr 1.0e-04  fps   8267  1564.2s
it 1682/4000  reward     nan  ep_len    nan  fell    0  err_xy 0.017  std 0.217  lr 1.0e-04  fps   8336  1564.4s
it 1683/4000  reward     nan  ep_len    nan  fell    0  err_xy 0.013  std 0.217  lr 1.0e-04  fps   8274  1564.7s
it 1684/4000  reward  202.12  ep_len  808.0  fell    0  err_xy 0.165  std 0.216  lr 1.0e-04  fps   7399  1565.0s
it 1685/4000  reward     nan  ep_len    nan  fell    0  err_xy 0.260  std 0.217  lr 1.0e-04  fps   9185  1565.3s
it 1686/4000  reward     nan  ep_len    nan  fell    0  err_xy 0.173  std 0.217  lr 1.0e-04  fps   9139  1565.5s
it 1687/4000  reward     nan  ep_len    nan  fell    0  err_xy 0.165  std 0.217  lr 1.0e-04  fps   9059  1565.8s
it 1688/4000  reward     nan  ep_len    nan  fell    0  err_xy 0.138  std 0.217  lr 1.0e-04  fps   8884  1566.1s
it 1689/4000  reward     nan  ep_len    nan  fell    0  err_xy 0.139  std 0.217  lr 1.0e-04  fps   8716  1566.3s
it 1690/4000  reward     nan  ep_len    nan  fell    0  err_xy 0.130  std 0.217  lr 1.0e-04  fps   8598  1566.6s
it 1691/4000  reward     nan  ep_len    nan  fell    0  err_xy 0.148  std 0.217  lr 1.0e-04  fps   8776  1566.9s
it 1692/4000  reward     nan  ep_len    nan  fell    0  err_xy 0.133  std 0.217  lr 1.0e-04  fps   8720  1567.1s
it 1693/4000  reward     nan  ep_len    nan  fell    0  err_xy 0.133  std 0.217  lr 1.0e-04  fps   8579  1567.4s
it 1694/4000  reward     nan  ep_len    nan  fell    0  err_xy 0.133  std 0.217  lr 1.0e-04  fps   8552  1567.7s
it 1695/4000  reward     nan  ep_len    nan  fell    0  err_xy 0.104  std 0.217  lr 1.0e-04  fps   8502  1567.9s
it 1696/4000  reward     nan  ep_len    nan  fell    0  err_xy 0.111  std 0.217  lr 1.0e-04  fps   8422  1568.2s
it 1697/4000  reward     nan  ep_len    nan  fell    0  err_xy 0.102  std 0.217  lr 1.0e-04  fps   8426  1568.5s
it 1698/4000  reward     nan  ep_len    nan  fell    0  err_xy 0.088  std 0.217  lr 1.0e-04  fps   8397  1568.8s
it 1699/4000  reward     nan  ep_len    nan  fell    0  err_xy 0.089  std 0.217  lr 1.0e-04  fps   8103  1569.0s
it 1700/4000  reward     nan  ep_len    nan  fell    0  err_xy 0.074  std 0.217  lr 1.0e-04  fps   8280  1569.3s
it 1701/4000  reward     nan  ep_len    nan  fell    0  err_xy 0.069  std 0.217  lr 1.0e-04  fps   8156  1569.6s
it 1702/4000  reward     nan  ep_len    nan  fell    0  err_xy 0.056  std 0.217  lr 1.0e-04  fps   8106  1569.9s
it 1703/4000  reward     nan  ep_len    nan  fell    0  err_xy 0.055  std 0.217  lr 1.0e-04  fps   7269  1570.2s
it 1704/4000  reward     nan  ep_len    nan  fell    0  err_xy 0.037  std 0.217  lr 1.0e-04  fps   8201  1570.5s
it 1705/4000  reward     nan  ep_len    nan  fell    0  err_xy 0.048  std 0.217  lr 1.0e-04  fps   7343  1570.8s
it 1706/4000  reward     nan  ep_len    nan  fell    0  err_xy 0.036  std 0.217  lr 1.0e-04  fps   7875  1571.1s
it 1707/4000  reward     nan  ep_len    nan  fell    0  err_xy 0.027  std 0.217  lr 1.0e-04  fps   7923  1571.4s
it 1708/4000  reward     nan  ep_len    nan  fell    0  err_xy 0.023  std 0.217  lr 1.0e-04  fps   7685  1571.7s
it 1709/4000  reward     nan  ep_len    nan  fell    0  err_xy 0.025  std 0.217  lr 1.0e-04  fps   7624  1572.0s
it 1710/4000  reward     nan  ep_len    nan  fell    0  err_xy 0.030  std 0.217  lr 1.0e-04  fps   6604  1572.3s
it 1711/4000  reward     nan  ep_len    nan  fell    0  err_xy 0.023  std 0.217  lr 1.0e-04  fps   7945  1572.6s
it 1712/4000  reward     nan  ep_len    nan  fell    0  err_xy 0.020  std 0.217  lr 1.0e-04  fps   8249  1572.9s
it 1713/4000  reward     nan  ep_len    nan  fell    0  err_xy 0.019  std 0.217  lr 1.0e-04  fps   8184  1573.2s
it 1714/4000  reward     nan  ep_len    nan  fell    0  err_xy 0.017  std 0.217  lr 1.0e-04  fps   8383  1573.5s
it 1715/4000  reward     nan  ep_len    nan  fell    0  err_xy 0.019  std 0.217  lr 1.0e-04  fps   8386  1573.7s
it 1716/4000  reward     nan  ep_len    nan  fell    0  err_xy 0.017  std 0.217  lr 1.0e-04  fps   8358  1574.0s
it 1717/4000  reward  186.02  ep_len  808.0  fell    0  err_xy 0.013  std 0.217  lr 1.0e-04  fps   7014  1574.3s
it 1718/4000  reward     nan  ep_len    nan  fell    0  err_xy 0.255  std 0.217  lr 1.0e-04  fps   9482  1574.6s
it 1719/4000  reward     nan  ep_len    nan  fell    0  err_xy 0.232  std 0.217  lr 1.0e-04  fps   9382  1574.8s
it 1720/4000  reward     nan  ep_len    nan  fell    0  err_xy 0.176  std 0.217  lr 1.0e-04  fps   8981  1575.1s
it 1721/4000  reward     nan  ep_len    nan  fell    0  err_xy 0.134  std 0.217  lr 1.0e-04  fps   8850  1575.3s
it 1722/4000  reward     nan  ep_len    nan  fell    0  err_xy 0.127  std 0.217  lr 1.0e-04  fps   8907  1575.6s
it 1723/4000  reward     nan  ep_len    nan  fell    0  err_xy 0.124  std 0.217  lr 1.0e-04  fps   8704  1575.9s
it 1724/4000  reward     nan  ep_len    nan  fell    0  err_xy 0.123  std 0.217  lr 1.0e-04  fps   8625  1576.1s
it 1725/4000  reward     nan  ep_len    nan  fell    0  err_xy 0.102  std 0.217  lr 1.0e-04  fps   8442  1576.4s
it 1726/4000  reward     nan  ep_len    nan  fell    0  err_xy 0.083  std 0.217  lr 1.0e-04  fps   8307  1576.7s
it 1727/4000  reward     nan  ep_len    nan  fell    0  err_xy 0.072  std 0.217  lr 1.0e-04  fps   8455  1577.0s
it 1728/4000  reward     nan  ep_len    nan  fell    0  err_xy 0.069  std 0.217  lr 1.0e-04  fps   8434  1577.2s
it 1729/4000  reward     nan  ep_len    nan  fell    0  err_xy 0.070  std 0.217  lr 1.0e-04  fps   8496  1577.5s
it 1730/4000  reward     nan  ep_len    nan  fell    0  err_xy 0.069  std 0.217  lr 1.0e-04  fps   8379  1577.8s
it 1731/4000  reward     nan  ep_len    nan  fell    0  err_xy 0.061  std 0.217  lr 1.0e-04  fps   8087  1578.1s
it 1732/4000  reward     nan  ep_len    nan  fell    0  err_xy 0.050  std 0.217  lr 1.0e-04  fps   8192  1578.3s
it 1733/4000  reward     nan  ep_len    nan  fell    0  err_xy 0.037  std 0.217  lr 1.0e-04  fps   8139  1578.6s
it 1734/4000  reward     nan  ep_len    nan  fell    0  err_xy 0.035  std 0.217  lr 1.0e-04  fps   8177  1578.9s
it 1735/4000  reward     nan  ep_len    nan  fell    0  err_xy 0.031  std 0.217  lr 1.0e-04  fps   8310  1579.2s
it 1736/4000  reward     nan  ep_len    nan  fell    0  err_xy 0.036  std 0.217  lr 1.0e-04  fps   8360  1579.5s
it 1737/4000  reward     nan  ep_len    nan  fell    0  err_xy 0.029  std 0.217  lr 1.0e-04  fps   8374  1579.7s
it 1738/4000  reward     nan  ep_len    nan  fell    0  err_xy 0.025  std 0.217  lr 1.0e-04  fps   8311  1580.0s
it 1739/4000  reward     nan  ep_len    nan  fell    0  err_xy 0.023  std 0.217  lr 1.0e-04  fps   8377  1580.3s
it 1740/4000  reward     nan  ep_len    nan  fell    0  err_xy 0.018  std 0.217  lr 1.0e-04  fps   8330  1580.6s
it 1741/4000  reward     nan  ep_len    nan  fell    0  err_xy 0.016  std 0.217  lr 1.0e-04  fps   8411  1580.8s
it 1742/4000  reward     nan  ep_len    nan  fell    0  err_xy 0.017  std 0.217  lr 1.0e-04  fps   8475  1581.1s
it 1743/4000  reward     nan  ep_len    nan  fell    0  err_xy 0.021  std 0.217  lr 1.0e-04  fps   8494  1581.4s
it 1744/4000  reward     nan  ep_len    nan  fell    0  err_xy 0.030  std 0.217  lr 1.0e-04  fps   8575  1581.7s
it 1745/4000  reward     nan  ep_len    nan  fell    0  err_xy 0.028  std 0.217  lr 1.0e-04  fps   8637  1581.9s
it 1746/4000  reward     nan  ep_len    nan  fell    0  err_xy 0.040  std 0.217  lr 1.0e-04  fps   8640  1582.2s
it 1747/4000  reward     nan  ep_len    nan  fell    0  err_xy 0.040  std 0.217  lr 1.0e-04  fps   8660  1582.5s
it 1748/4000  reward     nan  ep_len    nan  fell    0  err_xy 0.046  std 0.217  lr 1.0e-04  fps   8733  1582.7s
it 1749/4000  reward     nan  ep_len    nan  fell    0  err_xy 0.048  std 0.217  lr 1.0e-04  fps   8791  1583.0s
it 1750/4000  reward     nan  ep_len    nan  fell    0  err_xy 0.047  std 0.217  lr 1.0e-04  fps   8819  1583.2s
it 1751/4000  reward  206.78  ep_len  808.0  fell    0  err_xy 0.101  std 0.217  lr 1.0e-04  fps   7291  1583.6s
it 1752/4000  reward     nan  ep_len    nan  fell    0  err_xy 0.308  std 0.217  lr 1.0e-04  fps   9274  1583.8s
it 1753/4000  reward     nan  ep_len    nan  fell    0  err_xy 0.214  std 0.217  lr 1.0e-04  fps   9266  1584.1s
it 1754/4000  reward     nan  ep_len    nan  fell    0  err_xy 0.157  std 0.217  lr 1.0e-04  fps   9160  1584.3s
it 1755/4000  reward     nan  ep_len    nan  fell    0  err_xy 0.131  std 0.217  lr 1.0e-04  fps   8973  1584.6s
it 1756/4000  reward     nan  ep_len    nan  fell    0  err_xy 0.116  std 0.217  lr 1.0e-04  fps   8942  1584.8s
it 1757/4000  reward     nan  ep_len    nan  fell    0  err_xy 0.102  std 0.217  lr 1.0e-04  fps   8777  1585.1s
it 1758/4000  reward     nan  ep_len    nan  fell    0  err_xy 0.109  std 0.217  lr 1.0e-04  fps   8782  1585.4s
it 1759/4000  reward     nan  ep_len    nan  fell    0  err_xy 0.105  std 0.217  lr 1.0e-04  fps   8684  1585.6s
it 1760/4000  reward     nan  ep_len    nan  fell    0  err_xy 0.107  std 0.217  lr 1.0e-04  fps   8486  1585.9s
it 1761/4000  reward     nan  ep_len    nan  fell    0  err_xy 0.085  std 0.217  lr 1.0e-04  fps   8426  1586.2s
it 1762/4000  reward     nan  ep_len    nan  fell    0  err_xy 0.070  std 0.217  lr 1.0e-04  fps   8368  1586.4s
it 1763/4000  reward     nan  ep_len    nan  fell    0  err_xy 0.056  std 0.217  lr 1.0e-04  fps   8346  1586.7s
it 1764/4000  reward     nan  ep_len    nan  fell    0  err_xy 0.052  std 0.217  lr 1.0e-04  fps   8251  1587.0s
it 1765/4000  reward     nan  ep_len    nan  fell    0  err_xy 0.045  std 0.217  lr 1.0e-04  fps   8296  1587.3s
it 1766/4000  reward     nan  ep_len    nan  fell    0  err_xy 0.038  std 0.217  lr 1.0e-04  fps   8271  1587.6s
it 1767/4000  reward     nan  ep_len    nan  fell    0  err_xy 0.030  std 0.217  lr 1.0e-04  fps   8246  1587.8s
it 1768/4000  reward     nan  ep_len    nan  fell    0  err_xy 0.022  std 0.217  lr 1.0e-04  fps   8207  1588.1s
it 1769/4000  reward     nan  ep_len    nan  fell    0  err_xy 0.030  std 0.217  lr 1.0e-04  fps   8290  1588.4s
it 1770/4000  reward     nan  ep_len    nan  fell    0  err_xy 0.021  std 0.217  lr 1.0e-04  fps   8275  1588.7s
it 1771/4000  reward     nan  ep_len    nan  fell    0  err_xy 0.019  std 0.217  lr 1.0e-04  fps   8305  1588.9s
it 1772/4000  reward     nan  ep_len    nan  fell    0  err_xy 0.018  std 0.217  lr 1.0e-04  fps   8252  1589.2s
it 1773/4000  reward     nan  ep_len    nan  fell    0  err_xy 0.018  std 0.217  lr 1.0e-04  fps   8317  1589.5s
it 1774/4000  reward     nan  ep_len    nan  fell    0  err_xy 0.018  std 0.217  lr 1.0e-04  fps   8451  1589.8s
it 1775/4000  reward     nan  ep_len    nan  fell    0  err_xy 0.018  std 0.217  lr 1.0e-04  fps   8288  1590.1s
it 1776/4000  reward     nan  ep_len    nan  fell    0  err_xy 0.016  std 0.217  lr 1.0e-04  fps   8433  1590.3s
it 1777/4000  reward     nan  ep_len    nan  fell    0  err_xy 0.015  std 0.217  lr 1.0e-04  fps   8426  1590.6s
it 1778/4000  reward     nan  ep_len    nan  fell    0  err_xy 0.012  std 0.217  lr 1.0e-04  fps   8577  1590.9s
it 1779/4000  reward     nan  ep_len    nan  fell    0  err_xy 0.013  std 0.216  lr 1.0e-04  fps   8604  1591.1s
it 1780/4000  reward     nan  ep_len    nan  fell    0  err_xy 0.012  std 0.216  lr 1.0e-04  fps   8405  1591.4s
it 1781/4000  reward     nan  ep_len    nan  fell    0  err_xy 0.013  std 0.216  lr 1.0e-04  fps   8546  1591.7s
it 1782/4000  reward     nan  ep_len    nan  fell    0  err_xy 0.014  std 0.216  lr 1.0e-04  fps   8640  1592.0s
it 1783/4000  reward     nan  ep_len    nan  fell    0  err_xy 0.013  std 0.216  lr 1.0e-04  fps   8691  1592.2s
it 1784/4000  reward     nan  ep_len    nan  fell    0  err_xy 0.012  std 0.216  lr 1.0e-04  fps   8688  1592.5s
it 1785/4000  reward  214.02  ep_len  808.0  fell    0  err_xy 0.205  std 0.216  lr 1.0e-04  fps   7403  1592.8s
it 1786/4000  reward     nan  ep_len    nan  fell    0  err_xy 0.257  std 0.216  lr 1.0e-04  fps   9242  1593.0s
it 1787/4000  reward     nan  ep_len    nan  fell    0  err_xy 0.214  std 0.216  lr 1.0e-04  fps   9131  1593.3s
it 1788/4000  reward     nan  ep_len    nan  fell    0  err_xy 0.164  std 0.216  lr 1.0e-04  fps   9096  1593.6s
it 1789/4000  reward     nan  ep_len    nan  fell    0  err_xy 0.143  std 0.216  lr 1.0e-04  fps   8962  1593.8s
it 1790/4000  reward     nan  ep_len    nan  fell    0  err_xy 0.142  std 0.217  lr 1.0e-04  fps   9018  1594.1s
it 1791/4000  reward     nan  ep_len    nan  fell    0  err_xy 0.128  std 0.217  lr 1.0e-04  fps   9000  1594.3s
it 1792/4000  reward     nan  ep_len    nan  fell    0  err_xy 0.141  std 0.217  lr 1.0e-04  fps   9031  1594.6s
it 1793/4000  reward     nan  ep_len    nan  fell    0  err_xy 0.134  std 0.217  lr 1.0e-04  fps   8817  1594.8s
it 1794/4000  reward     nan  ep_len    nan  fell    0  err_xy 0.101  std 0.217  lr 1.0e-04  fps   8703  1595.1s
it 1795/4000  reward     nan  ep_len    nan  fell    0  err_xy 0.092  std 0.217  lr 1.0e-04  fps   8706  1595.4s
it 1796/4000  reward     nan  ep_len    nan  fell    0  err_xy 0.089  std 0.217  lr 1.0e-04  fps   8707  1595.6s
it 1797/4000  reward     nan  ep_len    nan  fell    0  err_xy 0.080  std 0.217  lr 1.0e-04  fps   8585  1595.9s
it 1798/4000  reward     nan  ep_len    nan  fell    0  err_xy 0.058  std 0.217  lr 1.0e-04  fps   8481  1596.2s
it 1799/4000  reward     nan  ep_len    nan  fell    0  err_xy 0.057  std 0.217  lr 1.0e-04  fps   8523  1596.4s
it 1800/4000  reward     nan  ep_len    nan  fell    0  err_xy 0.053  std 0.217  lr 1.0e-04  fps   8456  1596.7s
it 1801/4000  reward     nan  ep_len    nan  fell    0  err_xy 0.051  std 0.217  lr 1.0e-04  fps   8473  1597.0s
it 1802/4000  reward     nan  ep_len    nan  fell    0  err_xy 0.050  std 0.217  lr 1.0e-04  fps   8314  1597.3s
it 1803/4000  reward     nan  ep_len    nan  fell    0  err_xy 0.042  std 0.217  lr 1.0e-04  fps   8383  1597.5s
it 1804/4000  reward     nan  ep_len    nan  fell    0  err_xy 0.045  std 0.217  lr 1.0e-04  fps   8300  1597.8s
it 1805/4000  reward     nan  ep_len    nan  fell    0  err_xy 0.026  std 0.217  lr 1.0e-04  fps   8180  1598.1s
it 1806/4000  reward     nan  ep_len    nan  fell    0  err_xy 0.027  std 0.217  lr 1.0e-04  fps   8220  1598.4s
it 1807/4000  reward     nan  ep_len    nan  fell    0  err_xy 0.023  std 0.217  lr 1.0e-04  fps   8353  1598.7s
it 1808/4000  reward     nan  ep_len    nan  fell    0  err_xy 0.026  std 0.217  lr 1.0e-04  fps   8249  1598.9s
it 1809/4000  reward     nan  ep_len    nan  fell    0  err_xy 0.021  std 0.217  lr 1.0e-04  fps   8328  1599.2s
it 1810/4000  reward     nan  ep_len    nan  fell    0  err_xy 0.017  std 0.217  lr 1.0e-04  fps   8537  1599.5s
it 1811/4000  reward     nan  ep_len    nan  fell    0  err_xy 0.018  std 0.217  lr 1.0e-04  fps   8527  1599.8s
it 1812/4000  reward     nan  ep_len    nan  fell    0  err_xy 0.017  std 0.217  lr 1.0e-04  fps   8596  1600.0s
it 1813/4000  reward     nan  ep_len    nan  fell    0  err_xy 0.014  std 0.217  lr 1.0e-04  fps   8516  1600.3s
it 1814/4000  reward     nan  ep_len    nan  fell    0  err_xy 0.015  std 0.217  lr 1.0e-04  fps   8693  1600.6s
it 1815/4000  reward     nan  ep_len    nan  fell    0  err_xy 0.013  std 0.217  lr 1.0e-04  fps   8476  1600.8s
it 1816/4000  reward     nan  ep_len    nan  fell    0  err_xy 0.014  std 0.217  lr 1.0e-04  fps   8390  1601.1s
it 1817/4000  reward     nan  ep_len    nan  fell    0  err_xy 0.012  std 0.217  lr 1.0e-04  fps   8611  1601.4s
it 1818/4000  reward  202.83  ep_len  808.0  fell    0  err_xy 0.017  std 0.217  lr 1.0e-04  fps   6933  1601.7s
it 1819/4000  reward     nan  ep_len    nan  fell    0  err_xy 0.225  std 0.217  lr 1.0e-04  fps   8960  1602.0s
it 1820/4000  reward     nan  ep_len    nan  fell    0  err_xy 0.217  std 0.217  lr 1.0e-04  fps   9087  1602.2s
it 1821/4000  reward     nan  ep_len    nan  fell    0  err_xy 0.155  std 0.217  lr 1.0e-04  fps   8986  1602.5s
it 1822/4000  reward     nan  ep_len    nan  fell    0  err_xy 0.146  std 0.217  lr 1.0e-04  fps   9034  1602.7s
it 1823/4000  reward     nan  ep_len    nan  fell    0  err_xy 0.119  std 0.217  lr 1.0e-04  fps   8807  1603.0s
it 1824/4000  reward     nan  ep_len    nan  fell    0  err_xy 0.116  std 0.217  lr 1.0e-04  fps   8780  1603.3s
it 1825/4000  reward     nan  ep_len    nan  fell    0  err_xy 0.115  std 0.217  lr 1.0e-04  fps   8718  1603.5s
it 1826/4000  reward     nan  ep_len    nan  fell    0  err_xy 0.091  std 0.217  lr 1.0e-04  fps   8688  1603.8s
it 1827/4000  reward     nan  ep_len    nan  fell    0  err_xy 0.086  std 0.217  lr 1.0e-04  fps   8597  1604.1s
it 1828/4000  reward     nan  ep_len    nan  fell    0  err_xy 0.081  std 0.217  lr 1.0e-04  fps   8541  1604.3s
it 1829/4000  reward     nan  ep_len    nan  fell    0  err_xy 0.075  std 0.217  lr 1.0e-04  fps   8557  1604.6s
it 1830/4000  reward     nan  ep_len    nan  fell    0  err_xy 0.093  std 0.217  lr 1.0e-04  fps   8434  1604.9s
it 1831/4000  reward     nan  ep_len    nan  fell    0  err_xy 0.106  std 0.217  lr 1.0e-04  fps   8322  1605.1s
it 1832/4000  reward     nan  ep_len    nan  fell    0  err_xy 0.087  std 0.217  lr 1.0e-04  fps   8455  1605.4s
it 1833/4000  reward     nan  ep_len    nan  fell    0  err_xy 0.083  std 0.217  lr 1.0e-04  fps   8479  1605.7s
it 1834/4000  reward     nan  ep_len    nan  fell    0  err_xy 0.053  std 0.217  lr 1.0e-04  fps   8294  1606.0s
it 1835/4000  reward     nan  ep_len    nan  fell    0  err_xy 0.045  std 0.217  lr 1.0e-04  fps   8316  1606.2s
it 1836/4000  reward     nan  ep_len    nan  fell    0  err_xy 0.034  std 0.217  lr 1.0e-04  fps   8320  1606.5s
it 1837/4000  reward     nan  ep_len    nan  fell    0  err_xy 0.033  std 0.217  lr 1.0e-04  fps   8454  1606.8s
it 1838/4000  reward     nan  ep_len    nan  fell    0  err_xy 0.024  std 0.217  lr 1.0e-04  fps   8381  1607.1s
it 1839/4000  reward     nan  ep_len    nan  fell    0  err_xy 0.023  std 0.217  lr 1.0e-04  fps   8179  1607.4s
it 1840/4000  reward     nan  ep_len    nan  fell    0  err_xy 0.023  std 0.217  lr 1.0e-04  fps   8353  1607.6s
it 1841/4000  reward     nan  ep_len    nan  fell    0  err_xy 0.030  std 0.217  lr 1.0e-04  fps   8405  1607.9s
it 1842/4000  reward     nan  ep_len    nan  fell    0  err_xy 0.026  std 0.217  lr 1.0e-04  fps   8377  1608.2s
it 1843/4000  reward     nan  ep_len    nan  fell    0  err_xy 0.025  std 0.217  lr 1.0e-04  fps   8256  1608.5s
it 1844/4000  reward     nan  ep_len    nan  fell    0  err_xy 0.027  std 0.217  lr 1.0e-04  fps   8508  1608.7s
it 1845/4000  reward     nan  ep_len    nan  fell    0  err_xy 0.022  std 0.217  lr 1.0e-04  fps   8431  1609.0s
it 1846/4000  reward     nan  ep_len    nan  fell    0  err_xy 0.022  std 0.217  lr 1.0e-04  fps   8464  1609.3s
it 1847/4000  reward     nan  ep_len    nan  fell    0  err_xy 0.022  std 0.217  lr 1.0e-04  fps   8364  1609.6s
it 1848/4000  reward     nan  ep_len    nan  fell    0  err_xy 0.021  std 0.217  lr 1.0e-04  fps   8589  1609.8s
it 1849/4000  reward     nan  ep_len    nan  fell    0  err_xy 0.016  std 0.217  lr 1.0e-04  fps   8376  1610.1s
it 1850/4000  reward     nan  ep_len    nan  fell    0  err_xy 0.020  std 0.217  lr 1.0e-04  fps   8423  1610.4s
it 1851/4000  reward     nan  ep_len    nan  fell    0  err_xy 0.016  std 0.217  lr 1.0e-04  fps   8542  1610.6s
it 1852/4000  reward  187.33  ep_len  808.0  fell    0  err_xy 0.078  std 0.217  lr 1.0e-04  fps   6994  1611.0s
it 1853/4000  reward     nan  ep_len    nan  fell    0  err_xy 0.285  std 0.217  lr 1.0e-04  fps   8452  1611.2s
it 1854/4000  reward     nan  ep_len    nan  fell    0  err_xy 0.226  std 0.217  lr 1.0e-04  fps   9074  1611.5s
it 1855/4000  reward     nan  ep_len    nan  fell    0  err_xy 0.182  std 0.217  lr 1.0e-04  fps   8821  1611.8s
it 1856/4000  reward     nan  ep_len    nan  fell    0  err_xy 0.177  std 0.217  lr 1.0e-04  fps   8831  1612.0s
it 1857/4000  reward     nan  ep_len    nan  fell    0  err_xy 0.138  std 0.217  lr 1.0e-04  fps   8522  1612.3s
it 1858/4000  reward     nan  ep_len    nan  fell    0  err_xy 0.116  std 0.217  lr 1.0e-04  fps   8673  1612.6s
it 1859/4000  reward     nan  ep_len    nan  fell    0  err_xy 0.108  std 0.217  lr 1.0e-04  fps   8538  1612.8s
it 1860/4000  reward     nan  ep_len    nan  fell    0  err_xy 0.094  std 0.217  lr 1.0e-04  fps   8419  1613.1s
it 1861/4000  reward     nan  ep_len    nan  fell    0  err_xy 0.098  std 0.217  lr 1.0e-04  fps   8177  1613.4s
it 1862/4000  reward     nan  ep_len    nan  fell    0  err_xy 0.089  std 0.217  lr 1.0e-04  fps   8634  1613.6s
it 1863/4000  reward     nan  ep_len    nan  fell    0  err_xy 0.098  std 0.217  lr 1.0e-04  fps     22  1720.6s
it 1864/4000  reward     nan  ep_len    nan  fell    0  err_xy 0.083  std 0.217  lr 1.0e-04  fps   6000  1721.0s
it 1865/4000  reward     nan  ep_len    nan  fell    0  err_xy 0.085  std 0.217  lr 1.0e-04  fps   8100  1721.3s
it 1866/4000  reward     nan  ep_len    nan  fell    0  err_xy 0.071  std 0.217  lr 1.0e-04  fps   5058  1721.7s
it 1867/4000  reward     nan  ep_len    nan  fell    0  err_xy 0.066  std 0.217  lr 1.0e-04  fps   8047  1722.0s
it 1868/4000  reward     nan  ep_len    nan  fell    0  err_xy 0.059  std 0.217  lr 1.0e-04  fps   8368  1722.3s
it 1869/4000  reward     nan  ep_len    nan  fell    0  err_xy 0.054  std 0.217  lr 1.0e-04  fps   8062  1722.6s
it 1870/4000  reward     nan  ep_len    nan  fell    0  err_xy 0.043  std 0.217  lr 1.0e-04  fps   8241  1722.8s
it 1871/4000  reward     nan  ep_len    nan  fell    0  err_xy 0.033  std 0.217  lr 1.0e-04  fps   8256  1723.1s
it 1872/4000  reward     nan  ep_len    nan  fell    0  err_xy 0.033  std 0.217  lr 1.0e-04  fps   8315  1723.4s
it 1873/4000  reward     nan  ep_len    nan  fell    0  err_xy 0.030  std 0.217  lr 1.0e-04  fps   8212  1723.7s
it 1874/4000  reward     nan  ep_len    nan  fell    0  err_xy 0.024  std 0.217  lr 1.0e-04  fps   8281  1724.0s
it 1875/4000  reward     nan  ep_len    nan  fell    0  err_xy 0.026  std 0.217  lr 1.0e-04  fps   8303  1724.2s
it 1876/4000  reward     nan  ep_len    nan  fell    0  err_xy 0.034  std 0.217  lr 1.0e-04  fps   8201  1724.5s
it 1877/4000  reward     nan  ep_len    nan  fell    0  err_xy 0.045  std 0.217  lr 1.0e-04  fps   8450  1724.8s
it 1878/4000  reward     nan  ep_len    nan  fell    0  err_xy 0.044  std 0.217  lr 1.0e-04  fps   8393  1725.1s
it 1879/4000  reward     nan  ep_len    nan  fell    0  err_xy 0.042  std 0.217  lr 1.0e-04  fps   8291  1725.3s
it 1880/4000  reward     nan  ep_len    nan  fell    0  err_xy 0.037  std 0.217  lr 1.0e-04  fps   8188  1725.6s
it 1881/4000  reward     nan  ep_len    nan  fell    0  err_xy 0.028  std 0.217  lr 1.0e-04  fps   8066  1725.9s
it 1882/4000  reward     nan  ep_len    nan  fell    0  err_xy 0.025  std 0.217  lr 1.0e-04  fps   8196  1726.2s
it 1883/4000  reward     nan  ep_len    nan  fell    0  err_xy 0.021  std 0.217  lr 1.0e-04  fps   7937  1726.5s
it 1884/4000  reward     nan  ep_len    nan  fell    0  err_xy 0.020  std 0.217  lr 1.0e-04  fps   7982  1726.8s
it 1885/4000  reward     nan  ep_len    nan  fell    0  err_xy 0.021  std 0.217  lr 1.0e-04  fps   7913  1727.1s
it 1886/4000  reward  205.03  ep_len  808.0  fell    0  err_xy 0.185  std 0.217  lr 1.0e-04  fps   7166  1727.4s
it 1887/4000  reward     nan  ep_len    nan  fell    0  err_xy 0.251  std 0.217  lr 1.0e-04  fps   9177  1727.6s
it 1888/4000  reward     nan  ep_len    nan  fell    0  err_xy 0.197  std 0.217  lr 1.0e-04  fps   8939  1727.9s
it 1889/4000  reward     nan  ep_len    nan  fell    0  err_xy 0.151  std 0.217  lr 1.0e-04  fps   8710  1728.2s
it 1890/4000  reward     nan  ep_len    nan  fell    0  err_xy 0.117  std 0.217  lr 1.0e-04  fps   8562  1728.4s
it 1891/4000  reward     nan  ep_len    nan  fell    0  err_xy 0.105  std 0.217  lr 1.0e-04  fps   8415  1728.7s
it 1892/4000  reward     nan  ep_len    nan  fell    0  err_xy 0.080  std 0.217  lr 1.0e-04  fps   8415  1729.0s
it 1893/4000  reward     nan  ep_len    nan  fell    0  err_xy 0.072  std 0.217  lr 1.0e-04  fps   8360  1729.3s
it 1894/4000  reward     nan  ep_len    nan  fell    0  err_xy 0.085  std 0.217  lr 1.0e-04  fps   8250  1729.5s
it 1895/4000  reward     nan  ep_len    nan  fell    0  err_xy 0.074  std 0.217  lr 1.0e-04  fps   8233  1729.8s
it 1896/4000  reward     nan  ep_len    nan  fell    0  err_xy 0.079  std 0.217  lr 1.0e-04  fps   7938  1730.1s
it 1897/4000  reward     nan  ep_len    nan  fell    0  err_xy 0.070  std 0.217  lr 1.0e-04  fps   8232  1730.4s
it 1898/4000  reward     nan  ep_len    nan  fell    0  err_xy 0.068  std 0.217  lr 1.0e-04  fps   8219  1730.7s
it 1899/4000  reward     nan  ep_len    nan  fell    0  err_xy 0.071  std 0.217  lr 1.0e-04  fps   8331  1730.9s
it 1900/4000  reward     nan  ep_len    nan  fell    0  err_xy 0.062  std 0.217  lr 1.0e-04  fps   8227  1731.2s
it 1901/4000  reward     nan  ep_len    nan  fell    0  err_xy 0.050  std 0.217  lr 1.0e-04  fps   7814  1731.5s
it 1902/4000  reward     nan  ep_len    nan  fell    0  err_xy 0.045  std 0.217  lr 1.0e-04  fps   8007  1731.8s
it 1903/4000  reward     nan  ep_len    nan  fell    0  err_xy 0.048  std 0.217  lr 1.0e-04  fps   8395  1732.1s
it 1904/4000  reward     nan  ep_len    nan  fell    0  err_xy 0.038  std 0.217  lr 1.0e-04  fps   8355  1732.4s
it 1905/4000  reward     nan  ep_len    nan  fell    0  err_xy 0.038  std 0.217  lr 1.0e-04  fps   8132  1732.6s
it 1906/4000  reward     nan  ep_len    nan  fell    0  err_xy 0.042  std 0.217  lr 1.0e-04  fps   8296  1732.9s
it 1907/4000  reward     nan  ep_len    nan  fell    0  err_xy 0.041  std 0.217  lr 1.0e-04  fps   7887  1733.2s
it 1908/4000  reward     nan  ep_len    nan  fell    0  err_xy 0.033  std 0.217  lr 1.0e-04  fps   7297  1733.5s
it 1909/4000  reward     nan  ep_len    nan  fell    0  err_xy 0.037  std 0.217  lr 1.0e-04  fps   8341  1733.8s
it 1910/4000  reward     nan  ep_len    nan  fell    0  err_xy 0.031  std 0.217  lr 1.0e-04  fps   8376  1734.1s
it 1911/4000  reward     nan  ep_len    nan  fell    0  err_xy 0.031  std 0.217  lr 1.0e-04  fps   8298  1734.4s
it 1912/4000  reward     nan  ep_len    nan  fell    0  err_xy 0.026  std 0.217  lr 1.0e-04  fps   8332  1734.6s
it 1913/4000  reward     nan  ep_len    nan  fell    0  err_xy 0.025  std 0.217  lr 1.0e-04  fps   8319  1734.9s
it 1914/4000  reward     nan  ep_len    nan  fell    0  err_xy 0.022  std 0.217  lr 1.0e-04  fps   8155  1735.2s
it 1915/4000  reward     nan  ep_len    nan  fell    0  err_xy 0.026  std 0.217  lr 1.0e-04  fps   8350  1735.5s
it 1916/4000  reward     nan  ep_len    nan  fell    0  err_xy 0.023  std 0.217  lr 1.0e-04  fps   8372  1735.8s
it 1917/4000  reward     nan  ep_len    nan  fell    0  err_xy 0.021  std 0.217  lr 1.0e-04  fps   8356  1736.0s
it 1918/4000  reward     nan  ep_len    nan  fell    0  err_xy 0.021  std 0.217  lr 1.0e-04  fps   8365  1736.3s
it 1919/4000  reward  209.56  ep_len  808.0  fell    0  err_xy 0.019  std 0.217  lr 1.0e-04  fps   6653  1736.7s
it 1920/4000  reward     nan  ep_len    nan  fell    0  err_xy 0.279  std 0.217  lr 1.0e-04  fps   7426  1737.0s
it 1921/4000  reward     nan  ep_len    nan  fell    0  err_xy 0.240  std 0.217  lr 1.0e-04  fps   7417  1737.3s
it 1922/4000  reward     nan  ep_len    nan  fell    0  err_xy 0.194  std 0.217  lr 1.0e-04  fps   7341  1737.6s
it 1923/4000  reward     nan  ep_len    nan  fell    0  err_xy 0.172  std 0.217  lr 1.0e-04  fps   7365  1737.9s
it 1924/4000  reward     nan  ep_len    nan  fell    0  err_xy 0.134  std 0.217  lr 1.0e-04  fps   7279  1738.2s
it 1925/4000  reward     nan  ep_len    nan  fell    0  err_xy 0.127  std 0.217  lr 1.0e-04  fps   6918  1738.6s
it 1926/4000  reward     nan  ep_len    nan  fell    0  err_xy 0.104  std 0.217  lr 1.0e-04  fps   8139  1738.8s
it 1927/4000  reward     nan  ep_len    nan  fell    0  err_xy 0.100  std 0.217  lr 1.0e-04  fps   8176  1739.1s
it 1928/4000  reward     nan  ep_len    nan  fell    0  err_xy 0.099  std 0.217  lr 1.0e-04  fps   8177  1739.4s
it 1929/4000  reward     nan  ep_len    nan  fell    0  err_xy 0.099  std 0.217  lr 1.0e-04  fps   8334  1739.7s
it 1930/4000  reward     nan  ep_len    nan  fell    0  err_xy 0.097  std 0.217  lr 1.0e-04  fps   8432  1739.9s
it 1931/4000  reward     nan  ep_len    nan  fell    0  err_xy 0.076  std 0.217  lr 1.0e-04  fps   8378  1740.2s
it 1932/4000  reward     nan  ep_len    nan  fell    0  err_xy 0.069  std 0.217  lr 1.0e-04  fps   8070  1740.5s
it 1933/4000  reward     nan  ep_len    nan  fell    0  err_xy 0.054  std 0.217  lr 1.0e-04  fps   8288  1740.8s
it 1934/4000  reward     nan  ep_len    nan  fell    0  err_xy 0.037  std 0.217  lr 1.0e-04  fps   8235  1741.1s
it 1935/4000  reward     nan  ep_len    nan  fell    0  err_xy 0.032  std 0.217  lr 1.0e-04  fps   8313  1741.3s
it 1936/4000  reward     nan  ep_len    nan  fell    0  err_xy 0.031  std 0.217  lr 1.0e-04  fps   8272  1741.6s
it 1937/4000  reward     nan  ep_len    nan  fell    0  err_xy 0.031  std 0.217  lr 1.0e-04  fps   8363  1741.9s
it 1938/4000  reward     nan  ep_len    nan  fell    0  err_xy 0.041  std 0.217  lr 1.0e-04  fps   8366  1742.2s
it 1939/4000  reward     nan  ep_len    nan  fell    0  err_xy 0.038  std 0.217  lr 1.0e-04  fps   8334  1742.5s
it 1940/4000  reward     nan  ep_len    nan  fell    0  err_xy 0.033  std 0.217  lr 1.0e-04  fps   8415  1742.7s
it 1941/4000  reward     nan  ep_len    nan  fell    0  err_xy 0.029  std 0.217  lr 1.0e-04  fps   8511  1743.0s
it 1942/4000  reward     nan  ep_len    nan  fell    0  err_xy 0.029  std 0.217  lr 1.0e-04  fps   8497  1743.3s
it 1943/4000  reward     nan  ep_len    nan  fell    0  err_xy 0.030  std 0.217  lr 1.0e-04  fps   8493  1743.5s
it 1944/4000  reward     nan  ep_len    nan  fell    0  err_xy 0.034  std 0.217  lr 1.0e-04  fps   8499  1743.8s
it 1945/4000  reward     nan  ep_len    nan  fell    0  err_xy 0.025  std 0.217  lr 1.0e-04  fps   8502  1744.1s
it 1946/4000  reward     nan  ep_len    nan  fell    0  err_xy 0.021  std 0.217  lr 1.0e-04  fps   8598  1744.4s
it 1947/4000  reward     nan  ep_len    nan  fell    0  err_xy 0.023  std 0.217  lr 1.0e-04  fps   8417  1744.6s
it 1948/4000  reward     nan  ep_len    nan  fell    0  err_xy 0.022  std 0.217  lr 1.0e-04  fps   8468  1744.9s
it 1949/4000  reward     nan  ep_len    nan  fell    0  err_xy 0.020  std 0.217  lr 1.0e-04  fps   8360  1745.2s
it 1950/4000  reward     nan  ep_len    nan  fell    0  err_xy 0.019  std 0.217  lr 1.0e-04  fps   8559  1745.4s
it 1951/4000  reward     nan  ep_len    nan  fell    0  err_xy 0.019  std 0.217  lr 1.0e-04  fps   8656  1745.7s
it 1952/4000  reward     nan  ep_len    nan  fell    0  err_xy 0.019  std 0.217  lr 1.0e-04  fps   8713  1746.0s
it 1953/4000  reward  203.19  ep_len  808.0  fell    0  err_xy 0.070  std 0.217  lr 1.0e-04  fps   7224  1746.3s
it 1954/4000  reward     nan  ep_len    nan  fell    0  err_xy 0.264  std 0.217  lr 1.0e-04  fps   9143  1746.5s
it 1955/4000  reward     nan  ep_len    nan  fell    0  err_xy 0.216  std 0.217  lr 1.0e-04  fps   9150  1746.8s
it 1956/4000  reward     nan  ep_len    nan  fell    0  err_xy 0.177  std 0.217  lr 1.0e-04  fps   8850  1747.1s
it 1957/4000  reward     nan  ep_len    nan  fell    0  err_xy 0.163  std 0.217  lr 1.0e-04  fps   8672  1747.3s
it 1958/4000  reward     nan  ep_len    nan  fell    0  err_xy 0.144  std 0.217  lr 1.0e-04  fps   8625  1747.6s
it 1959/4000  reward     nan  ep_len    nan  fell    0  err_xy 0.123  std 0.217  lr 1.0e-04  fps   8644  1747.9s
it 1960/4000  reward     nan  ep_len    nan  fell    0  err_xy 0.128  std 0.217  lr 1.0e-04  fps   8502  1748.1s
it 1961/4000  reward     nan  ep_len    nan  fell    0  err_xy 0.136  std 0.217  lr 1.0e-04  fps   8493  1748.4s
it 1962/4000  reward     nan  ep_len    nan  fell    0  err_xy 0.118  std 0.217  lr 1.0e-04  fps   8437  1748.7s
it 1963/4000  reward     nan  ep_len    nan  fell    0  err_xy 0.104  std 0.217  lr 1.0e-04  fps   8445  1749.0s
it 1964/4000  reward     nan  ep_len    nan  fell    0  err_xy 0.090  std 0.217  lr 1.0e-04  fps   8483  1749.2s
it 1965/4000  reward     nan  ep_len    nan  fell    0  err_xy 0.091  std 0.217  lr 1.0e-04  fps   8381  1749.5s
it 1966/4000  reward     nan  ep_len    nan  fell    0  err_xy 0.073  std 0.217  lr 1.0e-04  fps   8113  1749.8s
it 1967/4000  reward     nan  ep_len    nan  fell    0  err_xy 0.067  std 0.217  lr 1.0e-04  fps   8452  1750.1s
it 1968/4000  reward     nan  ep_len    nan  fell    0  err_xy 0.064  std 0.217  lr 1.0e-04  fps   8393  1750.3s
it 1969/4000  reward     nan  ep_len    nan  fell    0  err_xy 0.066  std 0.217  lr 1.0e-04  fps   8299  1750.6s
it 1970/4000  reward     nan  ep_len    nan  fell    0  err_xy 0.067  std 0.217  lr 1.0e-04  fps   8472  1750.9s
it 1971/4000  reward     nan  ep_len    nan  fell    0  err_xy 0.058  std 0.217  lr 1.0e-04  fps   8467  1751.2s
it 1972/4000  reward     nan  ep_len    nan  fell    0  err_xy 0.045  std 0.217  lr 1.0e-04  fps   8313  1751.4s
it 1973/4000  reward     nan  ep_len    nan  fell    0  err_xy 0.041  std 0.217  lr 1.0e-04  fps   8415  1751.7s
it 1974/4000  reward     nan  ep_len    nan  fell    0  err_xy 0.032  std 0.217  lr 1.0e-04  fps   8400  1752.0s
it 1975/4000  reward     nan  ep_len    nan  fell    0  err_xy 0.026  std 0.217  lr 1.0e-04  fps   8444  1752.3s
it 1976/4000  reward     nan  ep_len    nan  fell    0  err_xy 0.022  std 0.217  lr 1.0e-04  fps   8454  1752.5s
it 1977/4000  reward     nan  ep_len    nan  fell    0  err_xy 0.022  std 0.217  lr 1.0e-04  fps   8533  1752.8s
it 1978/4000  reward     nan  ep_len    nan  fell    0  err_xy 0.017  std 0.217  lr 1.0e-04  fps   8494  1753.1s
it 1979/4000  reward     nan  ep_len    nan  fell    0  err_xy 0.019  std 0.217  lr 1.0e-04  fps   8516  1753.3s
it 1980/4000  reward     nan  ep_len    nan  fell    0  err_xy 0.015  std 0.217  lr 1.0e-04  fps   8459  1753.6s
it 1981/4000  reward     nan  ep_len    nan  fell    0  err_xy 0.015  std 0.217  lr 1.0e-04  fps   8559  1753.9s
it 1982/4000  reward     nan  ep_len    nan  fell    0  err_xy 0.018  std 0.217  lr 1.0e-04  fps   7637  1754.2s
it 1983/4000  reward     nan  ep_len    nan  fell    0  err_xy 0.021  std 0.217  lr 1.0e-04  fps   8342  1754.5s
it 1984/4000  reward     nan  ep_len    nan  fell    0  err_xy 0.017  std 0.217  lr 1.0e-04  fps   8458  1754.7s
it 1985/4000  reward     nan  ep_len    nan  fell    0  err_xy 0.030  std 0.217  lr 1.0e-04  fps   8566  1755.0s
it 1986/4000  reward     nan  ep_len    nan  fell    0  err_xy 0.030  std 0.217  lr 1.0e-04  fps   8463  1755.3s
it 1987/4000  reward  208.28  ep_len  808.0  fell    0  err_xy 0.184  std 0.217  lr 1.0e-04  fps   6912  1755.6s
it 1988/4000  reward     nan  ep_len    nan  fell    0  err_xy 0.242  std 0.217  lr 1.0e-04  fps   8847  1755.9s
it 1989/4000  reward     nan  ep_len    nan  fell    0  err_xy 0.178  std 0.217  lr 1.0e-04  fps   8816  1756.1s
it 1990/4000  reward     nan  ep_len    nan  fell    0  err_xy 0.172  std 0.217  lr 1.0e-04  fps   8652  1756.4s
it 1991/4000  reward     nan  ep_len    nan  fell    0  err_xy 0.161  std 0.217  lr 1.0e-04  fps   8626  1756.7s
it 1992/4000  reward     nan  ep_len    nan  fell    0  err_xy 0.147  std 0.217  lr 1.0e-04  fps   8705  1756.9s
it 1993/4000  reward     nan  ep_len    nan  fell    0  err_xy 0.133  std 0.217  lr 1.0e-04  fps   8487  1757.2s
it 1994/4000  reward     nan  ep_len    nan  fell    0  err_xy 0.140  std 0.217  lr 1.0e-04  fps   8437  1757.5s
it 1995/4000  reward     nan  ep_len    nan  fell    0  err_xy 0.142  std 0.217  lr 1.0e-04  fps   8496  1757.7s
it 1996/4000  reward     nan  ep_len    nan  fell    0  err_xy 0.110  std 0.217  lr 1.0e-04  fps   8319  1758.0s
it 1997/4000  reward     nan  ep_len    nan  fell    0  err_xy 0.093  std 0.217  lr 1.0e-04  fps   8452  1758.3s
it 1998/4000  reward     nan  ep_len    nan  fell    0  err_xy 0.080  std 0.217  lr 1.0e-04  fps   8178  1758.6s
it 1999/4000  reward     nan  ep_len    nan  fell    0  err_xy 0.077  std 0.217  lr 1.0e-04  fps   8116  1758.9s
it 2000/4000  reward     nan  ep_len    nan  fell    0  err_xy 0.066  std 0.217  lr 1.0e-04  fps   8116  1759.1s
it 2001/4000  reward     nan  ep_len    nan  fell    0  err_xy 0.052  std 0.217  lr 1.0e-04  fps   8223  1759.4s
it 2002/4000  reward     nan  ep_len    nan  fell    0  err_xy 0.043  std 0.217  lr 1.0e-04  fps   8056  1759.7s
it 2003/4000  reward     nan  ep_len    nan  fell    0  err_xy 0.036  std 0.217  lr 1.0e-04  fps   8234  1760.0s
it 2004/4000  reward     nan  ep_len    nan  fell    0  err_xy 0.031  std 0.217  lr 1.0e-04  fps   8250  1760.3s
it 2005/4000  reward     nan  ep_len    nan  fell    0  err_xy 0.032  std 0.217  lr 1.0e-04  fps   8210  1760.6s
it 2006/4000  reward     nan  ep_len    nan  fell    0  err_xy 0.037  std 0.217  lr 1.0e-04  fps   8287  1760.8s
it 2007/4000  reward     nan  ep_len    nan  fell    0  err_xy 0.034  std 0.217  lr 1.0e-04  fps   8222  1761.1s
it 2008/4000  reward     nan  ep_len    nan  fell    0  err_xy 0.037  std 0.217  lr 1.0e-04  fps   8372  1761.4s
it 2009/4000  reward     nan  ep_len    nan  fell    0  err_xy 0.034  std 0.217  lr 1.0e-04  fps   8340  1761.7s
it 2010/4000  reward     nan  ep_len    nan  fell    0  err_xy 0.042  std 0.217  lr 1.0e-04  fps   8409  1761.9s
it 2011/4000  reward     nan  ep_len    nan  fell    0  err_xy 0.040  std 0.217  lr 1.0e-04  fps   8467  1762.2s
it 2012/4000  reward     nan  ep_len    nan  fell    0  err_xy 0.039  std 0.217  lr 1.0e-04  fps   8346  1762.5s
it 2013/4000  reward     nan  ep_len    nan  fell    0  err_xy 0.041  std 0.217  lr 1.0e-04  fps   8218  1762.8s
it 2014/4000  reward     nan  ep_len    nan  fell    0  err_xy 0.044  std 0.217  lr 1.0e-04  fps   8020  1763.1s
it 2015/4000  reward     nan  ep_len    nan  fell    0  err_xy 0.043  std 0.217  lr 1.0e-04  fps   8020  1763.3s
it 2016/4000  reward     nan  ep_len    nan  fell    0  err_xy 0.040  std 0.217  lr 1.0e-04  fps   7619  1763.6s
it 2017/4000  reward     nan  ep_len    nan  fell    0  err_xy 0.041  std 0.217  lr 1.0e-04  fps   8143  1763.9s
it 2018/4000  reward     nan  ep_len    nan  fell    0  err_xy 0.027  std 0.217  lr 1.0e-04  fps   7747  1764.2s
it 2019/4000  reward     nan  ep_len    nan  fell    0  err_xy 0.032  std 0.217  lr 1.0e-04  fps   6774  1764.6s
it 2020/4000  reward  206.80  ep_len  808.0  fell    0  err_xy 0.028  std 0.217  lr 1.0e-04  fps   6313  1764.9s
it 2021/4000  reward     nan  ep_len    nan  fell    0  err_xy 0.248  std 0.217  lr 1.0e-04  fps   8787  1765.2s
it 2022/4000  reward     nan  ep_len    nan  fell    0  err_xy 0.233  std 0.217  lr 1.0e-04  fps   9046  1765.5s
it 2023/4000  reward     nan  ep_len    nan  fell    0  err_xy 0.213  std 0.217  lr 1.0e-04  fps   8821  1765.7s
it 2024/4000  reward     nan  ep_len    nan  fell    0  err_xy 0.165  std 0.217  lr 1.0e-04  fps   8573  1766.0s
it 2025/4000  reward     nan  ep_len    nan  fell    0  err_xy 0.147  std 0.217  lr 1.0e-04  fps   8550  1766.3s
it 2026/4000  reward     nan  ep_len    nan  fell    0  err_xy 0.135  std 0.217  lr 1.0e-04  fps   7953  1766.5s
it 2027/4000  reward     nan  ep_len    nan  fell    0  err_xy 0.123  std 0.217  lr 1.0e-04  fps   8068  1766.8s
it 2028/4000  reward     nan  ep_len    nan  fell    0  err_xy 0.119  std 0.217  lr 1.0e-04  fps   7942  1767.1s
it 2029/4000  reward     nan  ep_len    nan  fell    0  err_xy 0.084  std 0.217  lr 1.0e-04  fps   8037  1767.4s
it 2030/4000  reward     nan  ep_len    nan  fell    0  err_xy 0.068  std 0.217  lr 1.0e-04  fps   8063  1767.7s
it 2031/4000  reward     nan  ep_len    nan  fell    0  err_xy 0.064  std 0.217  lr 1.0e-04  fps   7879  1768.0s
it 2032/4000  reward     nan  ep_len    nan  fell    0  err_xy 0.065  std 0.217  lr 1.0e-04  fps   7803  1768.3s
it 2033/4000  reward     nan  ep_len    nan  fell    0  err_xy 0.052  std 0.217  lr 1.0e-04  fps   8203  1768.6s
it 2034/4000  reward     nan  ep_len    nan  fell    0  err_xy 0.049  std 0.217  lr 1.0e-04  fps   8088  1768.8s
it 2035/4000  reward     nan  ep_len    nan  fell    0  err_xy 0.042  std 0.217  lr 1.0e-04  fps   8174  1769.1s
it 2036/4000  reward     nan  ep_len    nan  fell    0  err_xy 0.046  std 0.217  lr 1.0e-04  fps   8142  1769.4s
it 2037/4000  reward     nan  ep_len    nan  fell    0  err_xy 0.049  std 0.217  lr 1.0e-04  fps   8109  1769.7s
it 2038/4000  reward     nan  ep_len    nan  fell    0  err_xy 0.036  std 0.216  lr 1.0e-04  fps   8227  1770.0s
it 2039/4000  reward     nan  ep_len    nan  fell    0  err_xy 0.035  std 0.216  lr 1.0e-04  fps   8205  1770.3s
it 2040/4000  reward     nan  ep_len    nan  fell    0  err_xy 0.035  std 0.216  lr 1.0e-04  fps   8303  1770.5s
it 2041/4000  reward     nan  ep_len    nan  fell    0  err_xy 0.034  std 0.216  lr 1.0e-04  fps   8439  1770.8s
it 2042/4000  reward     nan  ep_len    nan  fell    0  err_xy 0.035  std 0.216  lr 1.0e-04  fps   8568  1771.1s
it 2043/4000  reward     nan  ep_len    nan  fell    0  err_xy 0.035  std 0.217  lr 1.0e-04  fps   8606  1771.3s
it 2044/4000  reward     nan  ep_len    nan  fell    0  err_xy 0.042  std 0.217  lr 1.0e-04  fps   8401  1771.6s
it 2045/4000  reward     nan  ep_len    nan  fell    0  err_xy 0.029  std 0.217  lr 1.0e-04  fps   8432  1771.9s
it 2046/4000  reward     nan  ep_len    nan  fell    0  err_xy 0.025  std 0.217  lr 1.0e-04  fps   8614  1772.2s
it 2047/4000  reward     nan  ep_len    nan  fell    0  err_xy 0.030  std 0.217  lr 1.0e-04  fps   8527  1772.4s
it 2048/4000  reward     nan  ep_len    nan  fell    0  err_xy 0.020  std 0.217  lr 1.0e-04  fps   8536  1772.7s
it 2049/4000  reward     nan  ep_len    nan  fell    0  err_xy 0.020  std 0.217  lr 1.0e-04  fps   8676  1773.0s
it 2050/4000  reward     nan  ep_len    nan  fell    0  err_xy 0.016  std 0.217  lr 1.0e-04  fps   8660  1773.2s
it 2051/4000  reward     nan  ep_len    nan  fell    0  err_xy 0.017  std 0.217  lr 1.0e-04  fps   8683  1773.5s
it 2052/4000  reward     nan  ep_len    nan  fell    0  err_xy 0.014  std 0.216  lr 1.0e-04  fps   8667  1773.8s
it 2053/4000  reward     nan  ep_len    nan  fell    0  err_xy 0.016  std 0.216  lr 1.0e-04  fps   8656  1774.0s
it 2054/4000  reward  220.44  ep_len  808.0  fell    0  err_xy 0.080  std 0.216  lr 1.0e-04  fps   7277  1774.4s
it 2055/4000  reward     nan  ep_len    nan  fell    0  err_xy 0.279  std 0.216  lr 1.0e-04  fps   8930  1774.6s
it 2056/4000  reward     nan  ep_len    nan  fell    0  err_xy 0.200  std 0.217  lr 1.0e-04  fps   8426  1774.9s
it 2057/4000  reward     nan  ep_len    nan  fell    0  err_xy 0.187  std 0.217  lr 1.0e-04  fps   8627  1775.2s
it 2058/4000  reward     nan  ep_len    nan  fell    0  err_xy 0.152  std 0.217  lr 1.0e-04  fps   8490  1775.4s
it 2059/4000  reward     nan  ep_len    nan  fell    0  err_xy 0.167  std 0.217  lr 1.0e-04  fps   8471  1775.7s
it 2060/4000  reward     nan  ep_len    nan  fell    0  err_xy 0.131  std 0.217  lr 1.0e-04  fps   8559  1776.0s
it 2061/4000  reward     nan  ep_len    nan  fell    0  err_xy 0.143  std 0.217  lr 1.0e-04  fps   8332  1776.2s
it 2062/4000  reward     nan  ep_len    nan  fell    0  err_xy 0.144  std 0.217  lr 1.0e-04  fps   8294  1776.5s
it 2063/4000  reward     nan  ep_len    nan  fell    0  err_xy 0.118  std 0.217  lr 1.0e-04  fps   8373  1776.8s
it 2064/4000  reward     nan  ep_len    nan  fell    0  err_xy 0.118  std 0.217  lr 1.0e-04  fps   8526  1777.1s
it 2065/4000  reward     nan  ep_len    nan  fell    0  err_xy 0.103  std 0.217  lr 1.0e-04  fps   8492  1777.3s
it 2066/4000  reward     nan  ep_len    nan  fell    0  err_xy 0.096  std 0.217  lr 1.0e-04  fps   8263  1777.6s
it 2067/4000  reward     nan  ep_len    nan  fell    0  err_xy 0.094  std 0.217  lr 1.0e-04  fps   8456  1777.9s
it 2068/4000  reward     nan  ep_len    nan  fell    0  err_xy 0.089  std 0.217  lr 1.0e-04  fps   8515  1778.2s
it 2069/4000  reward     nan  ep_len    nan  fell    0  err_xy 0.058  std 0.217  lr 1.0e-04  fps   7849  1778.5s
it 2070/4000  reward     nan  ep_len    nan  fell    0  err_xy 0.066  std 0.217  lr 1.0e-04  fps   8073  1778.7s
it 2071/4000  reward     nan  ep_len    nan  fell    0  err_xy 0.060  std 0.217  lr 1.0e-04  fps   8287  1779.0s
it 2072/4000  reward     nan  ep_len    nan  fell    0  err_xy 0.047  std 0.217  lr 1.0e-04  fps   8457  1779.3s
it 2073/4000  reward     nan  ep_len    nan  fell    0  err_xy 0.035  std 0.217  lr 1.0e-04  fps   8284  1779.6s
it 2074/4000  reward     nan  ep_len    nan  fell    0  err_xy 0.039  std 0.217  lr 1.0e-04  fps   8318  1779.8s
it 2075/4000  reward     nan  ep_len    nan  fell    0  err_xy 0.032  std 0.217  lr 1.0e-04  fps   7657  1780.1s
it 2076/4000  reward     nan  ep_len    nan  fell    0  err_xy 0.031  std 0.217  lr 1.0e-04  fps   7502  1780.5s
it 2077/4000  reward     nan  ep_len    nan  fell    0  err_xy 0.028  std 0.217  lr 1.0e-04  fps   7456  1780.8s
it 2078/4000  reward     nan  ep_len    nan  fell    0  err_xy 0.025  std 0.217  lr 1.0e-04  fps   7770  1781.1s
it 2079/4000  reward     nan  ep_len    nan  fell    0  err_xy 0.022  std 0.217  lr 1.0e-04  fps   7769  1781.4s
it 2080/4000  reward     nan  ep_len    nan  fell    0  err_xy 0.027  std 0.217  lr 1.0e-04  fps   7528  1781.7s
it 2081/4000  reward     nan  ep_len    nan  fell    0  err_xy 0.026  std 0.217  lr 1.0e-04  fps   7519  1782.0s
it 2082/4000  reward     nan  ep_len    nan  fell    0  err_xy 0.020  std 0.217  lr 1.0e-04  fps   7652  1782.3s
it 2083/4000  reward     nan  ep_len    nan  fell    0  err_xy 0.020  std 0.217  lr 1.0e-04  fps   7134  1782.6s
it 2084/4000  reward     nan  ep_len    nan  fell    0  err_xy 0.019  std 0.217  lr 1.0e-04  fps   7201  1782.9s
it 2085/4000  reward     nan  ep_len    nan  fell    0  err_xy 0.017  std 0.216  lr 1.0e-04  fps   8336  1783.2s
it 2086/4000  reward     nan  ep_len    nan  fell    0  err_xy 0.015  std 0.216  lr 1.0e-04  fps   8499  1783.5s
it 2087/4000  reward     nan  ep_len    nan  fell    0  err_xy 0.017  std 0.216  lr 1.0e-04  fps   8585  1783.7s
it 2088/4000  reward  210.52  ep_len  808.0  fell    0  err_xy 0.207  std 0.216  lr 1.0e-04  fps   7030  1784.1s
it 2089/4000  reward     nan  ep_len    nan  fell    0  err_xy 0.219  std 0.217  lr 1.0e-04  fps   8853  1784.3s
it 2090/4000  reward     nan  ep_len    nan  fell    0  err_xy 0.206  std 0.217  lr 1.0e-04  fps   8748  1784.6s
it 2091/4000  reward     nan  ep_len    nan  fell    0  err_xy 0.173  std 0.217  lr 1.0e-04  fps   8309  1784.9s
it 2092/4000  reward     nan  ep_len    nan  fell    0  err_xy 0.143  std 0.217  lr 1.0e-04  fps   8257  1785.1s
it 2093/4000  reward     nan  ep_len    nan  fell    0  err_xy 0.113  std 0.217  lr 1.0e-04  fps   8144  1785.4s
it 2094/4000  reward     nan  ep_len    nan  fell    0  err_xy 0.112  std 0.217  lr 1.0e-04  fps   7951  1785.7s
it 2095/4000  reward     nan  ep_len    nan  fell    0  err_xy 0.107  std 0.217  lr 1.0e-04  fps   8081  1786.0s
it 2096/4000  reward     nan  ep_len    nan  fell    0  err_xy 0.077  std 0.217  lr 1.0e-04  fps   7830  1786.3s
it 2097/4000  reward     nan  ep_len    nan  fell    0  err_xy 0.083  std 0.217  lr 1.0e-04  fps   6029  1786.7s
it 2098/4000  reward     nan  ep_len    nan  fell    0  err_xy 0.082  std 0.217  lr 1.0e-04  fps   7803  1787.0s
it 2099/4000  reward     nan  ep_len    nan  fell    0  err_xy 0.058  std 0.217  lr 1.0e-04  fps   8156  1787.3s
it 2100/4000  reward     nan  ep_len    nan  fell    0  err_xy 0.044  std 0.217  lr 1.0e-04  fps   8034  1787.5s
it 2101/4000  reward     nan  ep_len    nan  fell    0  err_xy 0.055  std 0.217  lr 1.0e-04  fps   7920  1787.8s
it 2102/4000  reward     nan  ep_len    nan  fell    0  err_xy 0.053  std 0.217  lr 1.0e-04  fps   8141  1788.1s
it 2103/4000  reward     nan  ep_len    nan  fell    0  err_xy 0.046  std 0.217  lr 1.0e-04  fps   8229  1788.4s
it 2104/4000  reward     nan  ep_len    nan  fell    0  err_xy 0.032  std 0.217  lr 1.0e-04  fps   7278  1788.7s
it 2105/4000  reward     nan  ep_len    nan  fell    0  err_xy 0.035  std 0.217  lr 1.0e-04  fps   8182  1789.0s
it 2106/4000  reward     nan  ep_len    nan  fell    0  err_xy 0.032  std 0.217  lr 1.0e-04  fps   8090  1789.3s
it 2107/4000  reward     nan  ep_len    nan  fell    0  err_xy 0.032  std 0.217  lr 1.0e-04  fps   8011  1789.6s
it 2108/4000  reward     nan  ep_len    nan  fell    0  err_xy 0.031  std 0.217  lr 1.0e-04  fps   8313  1789.9s
it 2109/4000  reward     nan  ep_len    nan  fell    0  err_xy 0.035  std 0.217  lr 1.0e-04  fps   8003  1790.1s
it 2110/4000  reward     nan  ep_len    nan  fell    0  err_xy 0.030  std 0.217  lr 1.0e-04  fps   8033  1790.4s
it 2111/4000  reward     nan  ep_len    nan  fell    0  err_xy 0.032  std 0.217  lr 1.0e-04  fps   8117  1790.7s
it 2112/4000  reward     nan  ep_len    nan  fell    0  err_xy 0.025  std 0.217  lr 1.0e-04  fps   8260  1791.0s
it 2113/4000  reward     nan  ep_len    nan  fell    0  err_xy 0.027  std 0.217  lr 1.0e-04  fps   8320  1791.3s
it 2114/4000  reward     nan  ep_len    nan  fell    0  err_xy 0.023  std 0.217  lr 1.0e-04  fps   7966  1791.6s
it 2115/4000  reward     nan  ep_len    nan  fell    0  err_xy 0.022  std 0.216  lr 1.0e-04  fps   8210  1791.8s
it 2116/4000  reward     nan  ep_len    nan  fell    0  err_xy 0.025  std 0.216  lr 1.0e-04  fps   8137  1792.1s
it 2117/4000  reward     nan  ep_len    nan  fell    0  err_xy 0.025  std 0.217  lr 1.0e-04  fps   8238  1792.4s
it 2118/4000  reward     nan  ep_len    nan  fell    0  err_xy 0.025  std 0.217  lr 1.0e-04  fps   8088  1792.7s
it 2119/4000  reward     nan  ep_len    nan  fell    0  err_xy 0.020  std 0.217  lr 1.0e-04  fps   8150  1793.0s
it 2120/4000  reward     nan  ep_len    nan  fell    0  err_xy 0.019  std 0.217  lr 1.0e-04  fps   8515  1793.2s
it 2121/4000  reward  213.53  ep_len  808.0  fell    0  err_xy 0.017  std 0.217  lr 1.0e-04  fps   6812  1793.6s
it 2122/4000  reward     nan  ep_len    nan  fell    0  err_xy 0.271  std 0.217  lr 1.0e-04  fps   8604  1793.8s
it 2123/4000  reward     nan  ep_len    nan  fell    0  err_xy 0.240  std 0.217  lr 1.0e-04  fps   8111  1794.1s
it 2124/4000  reward     nan  ep_len    nan  fell    0  err_xy 0.172  std 0.217  lr 1.0e-04  fps   8384  1794.4s
it 2125/4000  reward     nan  ep_len    nan  fell    0  err_xy 0.165  std 0.217  lr 1.0e-04  fps   7923  1794.7s
it 2126/4000  reward     nan  ep_len    nan  fell    0  err_xy 0.135  std 0.217  lr 1.0e-04  fps   7647  1795.0s
it 2127/4000  reward     nan  ep_len    nan  fell    0  err_xy 0.116  std 0.217  lr 1.0e-04  fps   7885  1795.3s
it 2128/4000  reward     nan  ep_len    nan  fell    0  err_xy 0.099  std 0.217  lr 1.0e-04  fps   8162  1795.6s
it 2129/4000  reward     nan  ep_len    nan  fell    0  err_xy 0.094  std 0.217  lr 1.0e-04  fps   8160  1795.9s
it 2130/4000  reward     nan  ep_len    nan  fell    0  err_xy 0.091  std 0.217  lr 1.0e-04  fps   8039  1796.1s
it 2131/4000  reward     nan  ep_len    nan  fell    0  err_xy 0.061  std 0.217  lr 1.0e-04  fps   7327  1796.5s
it 2132/4000  reward     nan  ep_len    nan  fell    0  err_xy 0.067  std 0.217  lr 1.0e-04  fps   7516  1796.8s
it 2133/4000  reward     nan  ep_len    nan  fell    0  err_xy 0.049  std 0.217  lr 1.0e-04  fps   7464  1797.1s
it 2134/4000  reward     nan  ep_len    nan  fell    0  err_xy 0.052  std 0.217  lr 1.0e-04  fps   6907  1797.4s
it 2135/4000  reward     nan  ep_len    nan  fell    0  err_xy 0.056  std 0.217  lr 1.0e-04  fps   7870  1797.7s
it 2136/4000  reward     nan  ep_len    nan  fell    0  err_xy 0.061  std 0.217  lr 1.0e-04  fps   7882  1798.0s
it 2137/4000  reward     nan  ep_len    nan  fell    0  err_xy 0.043  std 0.217  lr 1.0e-04  fps   7878  1798.3s
it 2138/4000  reward     nan  ep_len    nan  fell    0  err_xy 0.039  std 0.217  lr 1.0e-04  fps   7726  1798.6s
it 2139/4000  reward     nan  ep_len    nan  fell    0  err_xy 0.031  std 0.217  lr 1.0e-04  fps   6613  1798.9s
it 2140/4000  reward     nan  ep_len    nan  fell    0  err_xy 0.042  std 0.217  lr 1.0e-04  fps   7867  1799.2s
it 2141/4000  reward     nan  ep_len    nan  fell    0  err_xy 0.040  std 0.217  lr 1.0e-04  fps   7997  1799.5s
it 2142/4000  reward     nan  ep_len    nan  fell    0  err_xy 0.035  std 0.217  lr 1.0e-04  fps   7866  1799.8s
it 2143/4000  reward     nan  ep_len    nan  fell    0  err_xy 0.029  std 0.217  lr 1.0e-04  fps   7908  1800.1s
it 2144/4000  reward     nan  ep_len    nan  fell    0  err_xy 0.028  std 0.217  lr 1.0e-04  fps   8085  1800.4s
it 2145/4000  reward     nan  ep_len    nan  fell    0  err_xy 0.033  std 0.217  lr 1.0e-04  fps   8025  1800.7s
it 2146/4000  reward     nan  ep_len    nan  fell    0  err_xy 0.020  std 0.217  lr 1.0e-04  fps   7925  1801.0s
it 2147/4000  reward     nan  ep_len    nan  fell    0  err_xy 0.024  std 0.217  lr 1.0e-04  fps   8119  1801.2s
it 2148/4000  reward     nan  ep_len    nan  fell    0  err_xy 0.021  std 0.217  lr 1.0e-04  fps   7953  1801.5s
it 2149/4000  reward     nan  ep_len    nan  fell    0  err_xy 0.016  std 0.217  lr 1.0e-04  fps   8094  1801.8s
it 2150/4000  reward     nan  ep_len    nan  fell    0  err_xy 0.017  std 0.217  lr 1.0e-04  fps   8075  1802.1s
it 2151/4000  reward     nan  ep_len    nan  fell    0  err_xy 0.019  std 0.217  lr 1.0e-04  fps   8028  1802.4s
it 2152/4000  reward     nan  ep_len    nan  fell    0  err_xy 0.019  std 0.217  lr 1.0e-04  fps   8134  1802.7s
it 2153/4000  reward     nan  ep_len    nan  fell    0  err_xy 0.015  std 0.217  lr 1.0e-04  fps   8038  1803.0s
it 2154/4000  reward     nan  ep_len    nan  fell    0  err_xy 0.019  std 0.217  lr 1.0e-04  fps   8058  1803.3s
it 2155/4000  reward  205.50  ep_len  808.0  fell    0  err_xy 0.087  std 0.217  lr 1.0e-04  fps   6900  1803.6s
it 2156/4000  reward     nan  ep_len    nan  fell    0  err_xy 0.280  std 0.217  lr 1.0e-04  fps   8898  1803.8s
it 2157/4000  reward     nan  ep_len    nan  fell    0  err_xy 0.207  std 0.217  lr 1.0e-04  fps   8701  1804.1s
it 2158/4000  reward     nan  ep_len    nan  fell    0  err_xy 0.188  std 0.217  lr 1.0e-04  fps   8459  1804.4s
it 2159/4000  reward     nan  ep_len    nan  fell    0  err_xy 0.137  std 0.217  lr 1.0e-04  fps   8245  1804.7s
it 2160/4000  reward     nan  ep_len    nan  fell    0  err_xy 0.112  std 0.217  lr 1.0e-04  fps   8098  1804.9s
it 2161/4000  reward     nan  ep_len    nan  fell    0  err_xy 0.098  std 0.217  lr 1.0e-04  fps   8085  1805.2s
it 2162/4000  reward     nan  ep_len    nan  fell    0  err_xy 0.084  std 0.217  lr 1.0e-04  fps   7987  1805.5s
it 2163/4000  reward     nan  ep_len    nan  fell    0  err_xy 0.084  std 0.217  lr 1.0e-04  fps   8055  1805.8s
it 2164/4000  reward     nan  ep_len    nan  fell    0  err_xy 0.065  std 0.217  lr 1.0e-04  fps   8126  1806.1s
it 2165/4000  reward     nan  ep_len    nan  fell    0  err_xy 0.058  std 0.217  lr 1.0e-04  fps   7944  1806.4s
it 2166/4000  reward     nan  ep_len    nan  fell    0  err_xy 0.044  std 0.217  lr 1.0e-04  fps   7884  1806.7s
it 2167/4000  reward     nan  ep_len    nan  fell    0  err_xy 0.045  std 0.217  lr 1.0e-04  fps   7900  1807.0s
it 2168/4000  reward     nan  ep_len    nan  fell    0  err_xy 0.046  std 0.217  lr 1.0e-04  fps   8077  1807.3s
it 2169/4000  reward     nan  ep_len    nan  fell    0  err_xy 0.034  std 0.217  lr 1.0e-04  fps   7963  1807.5s
it 2170/4000  reward     nan  ep_len    nan  fell    0  err_xy 0.036  std 0.217  lr 1.0e-04  fps   8182  1807.8s
it 2171/4000  reward     nan  ep_len    nan  fell    0  err_xy 0.030  std 0.217  lr 1.0e-04  fps   8052  1808.1s
it 2172/4000  reward     nan  ep_len    nan  fell    0  err_xy 0.047  std 0.217  lr 1.0e-04  fps   8093  1808.4s
it 2173/4000  reward     nan  ep_len    nan  fell    0  err_xy 0.046  std 0.217  lr 1.0e-04  fps   8100  1808.7s
it 2174/4000  reward     nan  ep_len    nan  fell    0  err_xy 0.041  std 0.217  lr 1.0e-04  fps   8016  1809.0s
it 2175/4000  reward     nan  ep_len    nan  fell    0  err_xy 0.044  std 0.217  lr 1.0e-04  fps   8133  1809.3s
it 2176/4000  reward     nan  ep_len    nan  fell    0  err_xy 0.045  std 0.217  lr 1.0e-04  fps   8098  1809.5s
it 2177/4000  reward     nan  ep_len    nan  fell    0  err_xy 0.045  std 0.217  lr 1.0e-04  fps   8179  1809.8s
it 2178/4000  reward     nan  ep_len    nan  fell    0  err_xy 0.060  std 0.217  lr 1.0e-04  fps   8076  1810.1s
it 2179/4000  reward     nan  ep_len    nan  fell    0  err_xy 0.038  std 0.217  lr 1.0e-04  fps   7794  1810.4s
it 2180/4000  reward     nan  ep_len    nan  fell    0  err_xy 0.044  std 0.217  lr 1.0e-04  fps   7947  1810.7s
it 2181/4000  reward     nan  ep_len    nan  fell    0  err_xy 0.030  std 0.217  lr 1.0e-04  fps   8117  1811.0s
it 2182/4000  reward     nan  ep_len    nan  fell    0  err_xy 0.033  std 0.217  lr 1.0e-04  fps   8206  1811.3s
it 2183/4000  reward     nan  ep_len    nan  fell    0  err_xy 0.045  std 0.217  lr 1.0e-04  fps   8209  1811.5s
it 2184/4000  reward     nan  ep_len    nan  fell    0  err_xy 0.050  std 0.217  lr 1.0e-04  fps   8278  1811.8s
it 2185/4000  reward     nan  ep_len    nan  fell    0  err_xy 0.039  std 0.217  lr 1.0e-04  fps   8313  1812.1s
it 2186/4000  reward     nan  ep_len    nan  fell    0  err_xy 0.037  std 0.217  lr 1.0e-04  fps   8440  1812.4s
it 2187/4000  reward     nan  ep_len    nan  fell    0  err_xy 0.035  std 0.217  lr 1.0e-04  fps   8310  1812.6s
it 2188/4000  reward     nan  ep_len    nan  fell    0  err_xy 0.030  std 0.217  lr 1.0e-04  fps   8131  1812.9s
it 2189/4000  reward  202.08  ep_len  808.0  fell    0  err_xy 0.204  std 0.217  lr 1.0e-04  fps   7221  1813.2s
it 2190/4000  reward     nan  ep_len    nan  fell    0  err_xy 0.225  std 0.217  lr 1.0e-04  fps   9096  1813.5s
it 2191/4000  reward     nan  ep_len    nan  fell    0  err_xy 0.199  std 0.217  lr 1.0e-04  fps   8977  1813.8s
it 2192/4000  reward     nan  ep_len    nan  fell    0  err_xy 0.183  std 0.217  lr 1.0e-04  fps   8713  1814.0s
it 2193/4000  reward     nan  ep_len    nan  fell    0  err_xy 0.145  std 0.217  lr 1.0e-04  fps   8608  1814.3s
it 2194/4000  reward     nan  ep_len    nan  fell    0  err_xy 0.143  std 0.217  lr 1.0e-04  fps   8480  1814.6s
it 2195/4000  reward     nan  ep_len    nan  fell    0  err_xy 0.139  std 0.217  lr 1.0e-04  fps   8426  1814.8s
it 2196/4000  reward     nan  ep_len    nan  fell    0  err_xy 0.118  std 0.217  lr 1.0e-04  fps   8432  1815.1s
it 2197/4000  reward     nan  ep_len    nan  fell    0  err_xy 0.113  std 0.217  lr 1.0e-04  fps   8307  1815.4s
it 2198/4000  reward     nan  ep_len    nan  fell    0  err_xy 0.101  std 0.217  lr 1.0e-04  fps   8171  1815.7s
it 2199/4000  reward     nan  ep_len    nan  fell    0  err_xy 0.094  std 0.217  lr 1.0e-04  fps   8176  1816.0s
it 2200/4000  reward     nan  ep_len    nan  fell    0  err_xy 0.072  std 0.216  lr 1.0e-04  fps   8085  1816.2s
it 2201/4000  reward     nan  ep_len    nan  fell    0  err_xy 0.067  std 0.217  lr 1.0e-04  fps   8227  1816.5s
it 2202/4000  reward     nan  ep_len    nan  fell    0  err_xy 0.071  std 0.216  lr 1.0e-04  fps   8214  1816.8s
it 2203/4000  reward     nan  ep_len    nan  fell    0  err_xy 0.068  std 0.216  lr 1.0e-04  fps   8370  1817.1s
it 2204/4000  reward     nan  ep_len    nan  fell    0  err_xy 0.068  std 0.216  lr 1.0e-04  fps   8356  1817.4s
it 2205/4000  reward     nan  ep_len    nan  fell    0  err_xy 0.056  std 0.217  lr 1.0e-04  fps   8220  1817.6s
it 2206/4000  reward     nan  ep_len    nan  fell    0  err_xy 0.050  std 0.217  lr 1.0e-04  fps   8298  1817.9s
it 2207/4000  reward     nan  ep_len    nan  fell    0  err_xy 0.041  std 0.217  lr 1.0e-04  fps   8185  1818.2s
it 2208/4000  reward     nan  ep_len    nan  fell    0  err_xy 0.040  std 0.217  lr 1.0e-04  fps   8142  1818.5s
it 2209/4000  reward     nan  ep_len    nan  fell    0  err_xy 0.037  std 0.217  lr 1.0e-04  fps   8257  1818.8s
it 2210/4000  reward     nan  ep_len    nan  fell    0  err_xy 0.043  std 0.217  lr 1.0e-04  fps   8245  1819.0s
it 2211/4000  reward     nan  ep_len    nan  fell    0  err_xy 0.042  std 0.217  lr 1.0e-04  fps   8382  1819.3s
it 2212/4000  reward     nan  ep_len    nan  fell    0  err_xy 0.040  std 0.217  lr 1.0e-04  fps   8244  1819.6s
it 2213/4000  reward     nan  ep_len    nan  fell    0  err_xy 0.033  std 0.217  lr 1.0e-04  fps   8321  1819.9s
it 2214/4000  reward     nan  ep_len    nan  fell    0  err_xy 0.030  std 0.217  lr 1.0e-04  fps   8365  1820.1s
it 2215/4000  reward     nan  ep_len    nan  fell    0  err_xy 0.032  std 0.217  lr 1.0e-04  fps   8417  1820.4s
it 2216/4000  reward     nan  ep_len    nan  fell    0  err_xy 0.037  std 0.217  lr 1.0e-04  fps   8412  1820.7s
it 2217/4000  reward     nan  ep_len    nan  fell    0  err_xy 0.029  std 0.217  lr 1.0e-04  fps   8428  1821.0s
it 2218/4000  reward     nan  ep_len    nan  fell    0  err_xy 0.028  std 0.217  lr 1.0e-04  fps   8420  1821.2s
it 2219/4000  reward     nan  ep_len    nan  fell    0  err_xy 0.025  std 0.217  lr 1.0e-04  fps   7799  1821.5s
it 2220/4000  reward     nan  ep_len    nan  fell    0  err_xy 0.021  std 0.217  lr 1.0e-04  fps   8308  1821.8s
it 2221/4000  reward     nan  ep_len    nan  fell    0  err_xy 0.020  std 0.217  lr 1.0e-04  fps   8259  1822.1s
it 2222/4000  reward  192.60  ep_len  808.0  fell    0  err_xy 0.028  std 0.217  lr 1.0e-04  fps   6952  1822.4s
it 2223/4000  reward     nan  ep_len    nan  fell    0  err_xy 0.266  std 0.217  lr 1.0e-04  fps   9274  1822.7s
it 2224/4000  reward     nan  ep_len    nan  fell    0  err_xy 0.230  std 0.217  lr 1.0e-04  fps   9292  1822.9s
it 2225/4000  reward     nan  ep_len    nan  fell    0  err_xy 0.161  std 0.217  lr 1.0e-04  fps   8941  1823.2s
it 2226/4000  reward     nan  ep_len    nan  fell    0  err_xy 0.178  std 0.217  lr 1.0e-04  fps   8709  1823.4s
it 2227/4000  reward     nan  ep_len    nan  fell    0  err_xy 0.128  std 0.217  lr 1.0e-04  fps   8459  1823.7s
it 2228/4000  reward     nan  ep_len    nan  fell    0  err_xy 0.119  std 0.217  lr 1.0e-04  fps   8308  1824.0s
it 2229/4000  reward     nan  ep_len    nan  fell    0  err_xy 0.123  std 0.217  lr 1.0e-04  fps   7986  1824.3s
it 2230/4000  reward     nan  ep_len    nan  fell    0  err_xy 0.105  std 0.217  lr 1.0e-04  fps   8206  1824.6s
it 2231/4000  reward     nan  ep_len    nan  fell    0  err_xy 0.095  std 0.217  lr 1.0e-04  fps   8204  1824.8s
it 2232/4000  reward     nan  ep_len    nan  fell    0  err_xy 0.079  std 0.217  lr 1.0e-04  fps   8118  1825.1s
it 2233/4000  reward     nan  ep_len    nan  fell    0  err_xy 0.062  std 0.217  lr 1.0e-04  fps   8128  1825.4s
it 2234/4000  reward     nan  ep_len    nan  fell    0  err_xy 0.051  std 0.217  lr 1.0e-04  fps   8082  1825.7s
it 2235/4000  reward     nan  ep_len    nan  fell    0  err_xy 0.046  std 0.217  lr 1.0e-04  fps   7912  1826.0s
it 2236/4000  reward     nan  ep_len    nan  fell    0  err_xy 0.031  std 0.217  lr 1.0e-04  fps   8057  1826.3s
it 2237/4000  reward     nan  ep_len    nan  fell    0  err_xy 0.022  std 0.217  lr 1.0e-04  fps   7771  1826.6s
it 2238/4000  reward     nan  ep_len    nan  fell    0  err_xy 0.018  std 0.217  lr 1.0e-04  fps   7951  1826.9s
it 2239/4000  reward     nan  ep_len    nan  fell    0  err_xy 0.015  std 0.217  lr 1.0e-04  fps   7971  1827.2s
it 2240/4000  reward     nan  ep_len    nan  fell    0  err_xy 0.018  std 0.217  lr 1.0e-04  fps   7762  1827.5s
it 2241/4000  reward     nan  ep_len    nan  fell    0  err_xy 0.018  std 0.217  lr 1.0e-04  fps   7793  1827.7s
it 2242/4000  reward     nan  ep_len    nan  fell    0  err_xy 0.022  std 0.217  lr 1.0e-04  fps   7969  1828.0s
it 2243/4000  reward     nan  ep_len    nan  fell    0  err_xy 0.024  std 0.217  lr 1.0e-04  fps   7933  1828.3s
it 2244/4000  reward     nan  ep_len    nan  fell    0  err_xy 0.023  std 0.217  lr 1.0e-04  fps   8080  1828.6s
it 2245/4000  reward     nan  ep_len    nan  fell    0  err_xy 0.024  std 0.217  lr 1.0e-04  fps   7925  1828.9s
it 2246/4000  reward     nan  ep_len    nan  fell    0  err_xy 0.020  std 0.217  lr 1.0e-04  fps   8022  1829.2s
it 2247/4000  reward     nan  ep_len    nan  fell    0  err_xy 0.019  std 0.217  lr 1.0e-04  fps   7960  1829.5s
it 2248/4000  reward     nan  ep_len    nan  fell    0  err_xy 0.020  std 0.217  lr 1.0e-04  fps   8116  1829.8s
it 2249/4000  reward     nan  ep_len    nan  fell    0  err_xy 0.020  std 0.217  lr 1.0e-04  fps   8170  1830.0s
it 2250/4000  reward     nan  ep_len    nan  fell    0  err_xy 0.019  std 0.216  lr 1.0e-04  fps   8165  1830.3s
it 2251/4000  reward     nan  ep_len    nan  fell    0  err_xy 0.024  std 0.216  lr 1.0e-04  fps   8150  1830.6s
it 2252/4000  reward     nan  ep_len    nan  fell    0  err_xy 0.027  std 0.216  lr 1.0e-04  fps   8170  1830.9s
it 2253/4000  reward     nan  ep_len    nan  fell    0  err_xy 0.022  std 0.216  lr 1.0e-04  fps   8344  1831.2s
it 2254/4000  reward     nan  ep_len    nan  fell    0  err_xy 0.025  std 0.216  lr 1.0e-04  fps   8329  1831.4s
it 2255/4000  reward     nan  ep_len    nan  fell    0  err_xy 0.033  std 0.216  lr 1.0e-04  fps   8210  1831.7s
it 2256/4000  reward  210.50  ep_len  808.0  fell    0  err_xy 0.081  std 0.216  lr 1.0e-04  fps   7093  1832.1s
it 2257/4000  reward     nan  ep_len    nan  fell    0  err_xy 0.282  std 0.217  lr 1.0e-04  fps   9324  1832.3s
it 2258/4000  reward     nan  ep_len    nan  fell    0  err_xy 0.173  std 0.217  lr 1.0e-04  fps   9108  1832.6s
it 2259/4000  reward     nan  ep_len    nan  fell    0  err_xy 0.151  std 0.217  lr 1.0e-04  fps   9035  1832.8s
it 2260/4000  reward     nan  ep_len    nan  fell    0  err_xy 0.140  std 0.217  lr 1.0e-04  fps   8744  1833.1s
it 2261/4000  reward     nan  ep_len    nan  fell    0  err_xy 0.139  std 0.217  lr 1.0e-04  fps   8596  1833.3s
it 2262/4000  reward     nan  ep_len    nan  fell    0  err_xy 0.106  std 0.217  lr 1.0e-04  fps   8507  1833.6s
it 2263/4000  reward     nan  ep_len    nan  fell    0  err_xy 0.103  std 0.217  lr 1.0e-04  fps   8530  1833.9s
it 2264/4000  reward     nan  ep_len    nan  fell    0  err_xy 0.089  std 0.217  lr 1.0e-04  fps   8401  1834.2s
it 2265/4000  reward     nan  ep_len    nan  fell    0  err_xy 0.071  std 0.217  lr 1.0e-04  fps   8311  1834.4s
it 2266/4000  reward     nan  ep_len    nan  fell    0  err_xy 0.063  std 0.217  lr 1.0e-04  fps   8036  1834.7s
it 2267/4000  reward     nan  ep_len    nan  fell    0  err_xy 0.043  std 0.217  lr 1.0e-04  fps   8201  1835.0s
it 2268/4000  reward     nan  ep_len    nan  fell    0  err_xy 0.029  std 0.217  lr 1.0e-04  fps   8247  1835.3s
it 2269/4000  reward     nan  ep_len    nan  fell    0  err_xy 0.032  std 0.217  lr 1.0e-04  fps   8166  1835.6s
it 2270/4000  reward     nan  ep_len    nan  fell    0  err_xy 0.025  std 0.217  lr 1.0e-04  fps   8229  1835.8s
it 2271/4000  reward     nan  ep_len    nan  fell    0  err_xy 0.022  std 0.217  lr 1.0e-04  fps   8184  1836.1s
it 2272/4000  reward     nan  ep_len    nan  fell    0  err_xy 0.026  std 0.217  lr 1.0e-04  fps   8083  1836.4s
it 2273/4000  reward     nan  ep_len    nan  fell    0  err_xy 0.025  std 0.217  lr 1.0e-04  fps   8178  1836.7s
it 2274/4000  reward     nan  ep_len    nan  fell    0  err_xy 0.036  std 0.217  lr 1.0e-04  fps   8136  1837.0s
it 2275/4000  reward     nan  ep_len    nan  fell    0  err_xy 0.026  std 0.217  lr 1.0e-04  fps   8092  1837.3s
it 2276/4000  reward     nan  ep_len    nan  fell    0  err_xy 0.017  std 0.217  lr 1.0e-04  fps   8053  1837.6s
it 2277/4000  reward     nan  ep_len    nan  fell    0  err_xy 0.014  std 0.217  lr 1.0e-04  fps   8163  1837.8s
it 2278/4000  reward     nan  ep_len    nan  fell    0  err_xy 0.016  std 0.217  lr 1.0e-04  fps   8159  1838.1s
it 2279/4000  reward     nan  ep_len    nan  fell    0  err_xy 0.016  std 0.216  lr 1.0e-04  fps   8090  1838.4s
it 2280/4000  reward     nan  ep_len    nan  fell    0  err_xy 0.014  std 0.216  lr 1.0e-04  fps   7943  1838.7s
it 2281/4000  reward     nan  ep_len    nan  fell    0  err_xy 0.014  std 0.216  lr 1.0e-04  fps   8117  1839.0s
it 2282/4000  reward     nan  ep_len    nan  fell    0  err_xy 0.012  std 0.216  lr 1.0e-04  fps   8141  1839.3s
it 2283/4000  reward     nan  ep_len    nan  fell    0  err_xy 0.012  std 0.216  lr 1.0e-04  fps   8122  1839.5s
it 2284/4000  reward     nan  ep_len    nan  fell    0  err_xy 0.013  std 0.216  lr 1.0e-04  fps   8146  1839.8s
it 2285/4000  reward     nan  ep_len    nan  fell    0  err_xy 0.013  std 0.216  lr 1.0e-04  fps   8215  1840.1s
it 2286/4000  reward     nan  ep_len    nan  fell    0  err_xy 0.013  std 0.216  lr 1.0e-04  fps   8288  1840.4s
it 2287/4000  reward     nan  ep_len    nan  fell    0  err_xy 0.014  std 0.216  lr 1.0e-04  fps   8177  1840.7s
it 2288/4000  reward     nan  ep_len    nan  fell    0  err_xy 0.021  std 0.216  lr 1.0e-04  fps   8228  1840.9s
it 2289/4000  reward     nan  ep_len    nan  fell    0  err_xy 0.020  std 0.216  lr 1.0e-04  fps   8313  1841.2s
it 2290/4000  reward  218.48  ep_len  808.0  fell    0  err_xy 0.190  std 0.216  lr 1.0e-04  fps   7215  1841.5s
it 2291/4000  reward     nan  ep_len    nan  fell    0  err_xy 0.237  std 0.216  lr 1.0e-04  fps   8284  1841.8s
it 2292/4000  reward     nan  ep_len    nan  fell    0  err_xy 0.173  std 0.216  lr 1.0e-04  fps   8910  1842.1s
it 2293/4000  reward     nan  ep_len    nan  fell    0  err_xy 0.202  std 0.216  lr 1.0e-04  fps   8798  1842.3s
it 2294/4000  reward     nan  ep_len    nan  fell    0  err_xy 0.137  std 0.216  lr 1.0e-04  fps   8530  1842.6s
it 2295/4000  reward     nan  ep_len    nan  fell    0  err_xy 0.112  std 0.216  lr 1.0e-04  fps   8456  1842.9s
it 2296/4000  reward     nan  ep_len    nan  fell    0  err_xy 0.100  std 0.216  lr 1.0e-04  fps   8426  1843.2s
it 2297/4000  reward     nan  ep_len    nan  fell    0  err_xy 0.079  std 0.217  lr 1.0e-04  fps   8476  1843.4s
it 2298/4000  reward     nan  ep_len    nan  fell    0  err_xy 0.070  std 0.217  lr 1.0e-04  fps   8439  1843.7s
it 2299/4000  reward     nan  ep_len    nan  fell    0  err_xy 0.062  std 0.217  lr 1.0e-04  fps   8338  1844.0s
it 2300/4000  reward     nan  ep_len    nan  fell    0  err_xy 0.057  std 0.217  lr 1.0e-04  fps   8284  1844.3s
it 2301/4000  reward     nan  ep_len    nan  fell    0  err_xy 0.055  std 0.217  lr 1.0e-04  fps   8243  1844.5s
it 2302/4000  reward     nan  ep_len    nan  fell    0  err_xy 0.038  std 0.217  lr 1.0e-04  fps   8199  1844.8s
it 2303/4000  reward     nan  ep_len    nan  fell    0  err_xy 0.036  std 0.216  lr 1.0e-04  fps   8226  1845.1s
it 2304/4000  reward     nan  ep_len    nan  fell    0  err_xy 0.028  std 0.217  lr 1.0e-04  fps   8265  1845.4s
it 2305/4000  reward     nan  ep_len    nan  fell    0  err_xy 0.024  std 0.217  lr 1.0e-04  fps   8085  1845.7s
it 2306/4000  reward     nan  ep_len    nan  fell    0  err_xy 0.024  std 0.217  lr 1.0e-04  fps   8152  1846.0s
it 2307/4000  reward     nan  ep_len    nan  fell    0  err_xy 0.019  std 0.217  lr 1.0e-04  fps   8157  1846.2s
it 2308/4000  reward     nan  ep_len    nan  fell    0  err_xy 0.020  std 0.217  lr 1.0e-04  fps   8020  1846.5s
it 2309/4000  reward     nan  ep_len    nan  fell    0  err_xy 0.023  std 0.217  lr 1.0e-04  fps   7960  1846.8s
it 2310/4000  reward     nan  ep_len    nan  fell    0  err_xy 0.016  std 0.217  lr 1.0e-04  fps   8013  1847.1s
it 2311/4000  reward     nan  ep_len    nan  fell    0  err_xy 0.017  std 0.217  lr 1.0e-04  fps   8053  1847.4s
it 2312/4000  reward     nan  ep_len    nan  fell    0  err_xy 0.018  std 0.217  lr 1.0e-04  fps   8074  1847.7s
it 2313/4000  reward     nan  ep_len    nan  fell    0  err_xy 0.020  std 0.217  lr 1.0e-04  fps   8155  1848.0s
it 2314/4000  reward     nan  ep_len    nan  fell    0  err_xy 0.020  std 0.217  lr 1.0e-04  fps   8120  1848.2s
it 2315/4000  reward     nan  ep_len    nan  fell    0  err_xy 0.016  std 0.217  lr 1.0e-04  fps   8123  1848.5s
it 2316/4000  reward     nan  ep_len    nan  fell    0  err_xy 0.018  std 0.217  lr 1.0e-04  fps   8238  1848.8s
it 2317/4000  reward     nan  ep_len    nan  fell    0  err_xy 0.016  std 0.217  lr 1.0e-04  fps   8263  1849.1s
it 2318/4000  reward     nan  ep_len    nan  fell    0  err_xy 0.017  std 0.217  lr 1.0e-04  fps   8182  1849.4s
it 2319/4000  reward     nan  ep_len    nan  fell    0  err_xy 0.017  std 0.216  lr 1.0e-04  fps   8069  1849.7s
it 2320/4000  reward     nan  ep_len    nan  fell    0  err_xy 0.018  std 0.216  lr 1.0e-04  fps   8159  1849.9s
it 2321/4000  reward     nan  ep_len    nan  fell    0  err_xy 0.021  std 0.216  lr 1.0e-04  fps   8372  1850.2s
it 2322/4000  reward     nan  ep_len    nan  fell    0  err_xy 0.020  std 0.216  lr 1.0e-04  fps   8389  1850.5s
it 2323/4000  reward  217.24  ep_len  808.0  fell    0  err_xy 0.021  std 0.216  lr 1.0e-04  fps   6973  1850.8s
it 2324/4000  reward     nan  ep_len    nan  fell    0  err_xy 0.231  std 0.216  lr 1.0e-04  fps   9059  1851.1s
it 2325/4000  reward     nan  ep_len    nan  fell    0  err_xy 0.215  std 0.217  lr 1.0e-04  fps   9044  1851.3s
it 2326/4000  reward     nan  ep_len    nan  fell    0  err_xy 0.143  std 0.216  lr 1.0e-04  fps   8576  1851.6s
it 2327/4000  reward     nan  ep_len    nan  fell    0  err_xy 0.148  std 0.216  lr 1.0e-04  fps   8579  1851.9s
it 2328/4000  reward     nan  ep_len    nan  fell    0  err_xy 0.150  std 0.216  lr 1.0e-04  fps   8834  1852.1s
it 2329/4000  reward     nan  ep_len    nan  fell    0  err_xy 0.128  std 0.216  lr 1.0e-04  fps   8055  1852.4s
it 2330/4000  reward     nan  ep_len    nan  fell    0  err_xy 0.130  std 0.216  lr 1.0e-04  fps   8570  1852.7s
it 2331/4000  reward     nan  ep_len    nan  fell    0  err_xy 0.102  std 0.216  lr 1.0e-04  fps   8287  1853.0s
it 2332/4000  reward     nan  ep_len    nan  fell    0  err_xy 0.111  std 0.216  lr 1.0e-04  fps   8365  1853.2s
it 2333/4000  reward     nan  ep_len    nan  fell    0  err_xy 0.082  std 0.216  lr 1.0e-04  fps   8528  1853.5s
it 2334/4000  reward     nan  ep_len    nan  fell    0  err_xy 0.089  std 0.216  lr 1.0e-04  fps   8577  1853.8s
it 2335/4000  reward     nan  ep_len    nan  fell    0  err_xy 0.078  std 0.216  lr 1.0e-04  fps   8506  1854.0s
it 2336/4000  reward     nan  ep_len    nan  fell    0  err_xy 0.068  std 0.217  lr 1.0e-04  fps   8312  1854.3s
it 2337/4000  reward     nan  ep_len    nan  fell    0  err_xy 0.038  std 0.216  lr 1.0e-04  fps   8346  1854.6s
it 2338/4000  reward     nan  ep_len    nan  fell    0  err_xy 0.029  std 0.216  lr 1.0e-04  fps   8214  1854.9s
it 2339/4000  reward     nan  ep_len    nan  fell    0  err_xy 0.032  std 0.216  lr 1.0e-04  fps   8181  1855.2s
it 2340/4000  reward     nan  ep_len    nan  fell    0  err_xy 0.027  std 0.216  lr 1.0e-04  fps   8195  1855.4s
it 2341/4000  reward     nan  ep_len    nan  fell    0  err_xy 0.023  std 0.216  lr 1.0e-04  fps   8100  1855.7s
it 2342/4000  reward     nan  ep_len    nan  fell    0  err_xy 0.033  std 0.216  lr 1.0e-04  fps   8131  1856.0s
it 2343/4000  reward     nan  ep_len    nan  fell    0  err_xy 0.032  std 0.216  lr 1.0e-04  fps   8113  1856.3s
it 2344/4000  reward     nan  ep_len    nan  fell    0  err_xy 0.038  std 0.216  lr 1.0e-04  fps   7797  1856.6s
it 2345/4000  reward     nan  ep_len    nan  fell    0  err_xy 0.033  std 0.216  lr 1.0e-04  fps   8274  1856.9s
it 2346/4000  reward     nan  ep_len    nan  fell    0  err_xy 0.042  std 0.216  lr 1.0e-04  fps   8119  1857.2s
it 2347/4000  reward     nan  ep_len    nan  fell    0  err_xy 0.035  std 0.216  lr 1.0e-04  fps   8195  1857.4s
it 2348/4000  reward     nan  ep_len    nan  fell    0  err_xy 0.032  std 0.217  lr 1.0e-04  fps   8305  1857.7s
it 2349/4000  reward     nan  ep_len    nan  fell    0  err_xy 0.035  std 0.217  lr 1.0e-04  fps   8268  1858.0s
it 2350/4000  reward     nan  ep_len    nan  fell    0  err_xy 0.040  std 0.217  lr 1.0e-04  fps   8381  1858.3s
it 2351/4000  reward     nan  ep_len    nan  fell    0  err_xy 0.034  std 0.217  lr 1.0e-04  fps   8334  1858.5s
it 2352/4000  reward     nan  ep_len    nan  fell    0  err_xy 0.034  std 0.217  lr 1.0e-04  fps   8343  1858.8s
it 2353/4000  reward     nan  ep_len    nan  fell    0  err_xy 0.023  std 0.217  lr 1.0e-04  fps   8410  1859.1s
it 2354/4000  reward     nan  ep_len    nan  fell    0  err_xy 0.024  std 0.217  lr 1.0e-04  fps   8406  1859.4s
it 2355/4000  reward     nan  ep_len    nan  fell    0  err_xy 0.025  std 0.217  lr 1.0e-04  fps   8198  1859.6s
it 2356/4000  reward     nan  ep_len    nan  fell    0  err_xy 0.030  std 0.217  lr 1.0e-04  fps   8344  1859.9s
it 2357/4000  reward  195.64  ep_len  808.0  fell    0  err_xy 0.091  std 0.217  lr 1.0e-04  fps   7126  1860.2s
it 2358/4000  reward     nan  ep_len    nan  fell    0  err_xy 0.250  std 0.217  lr 1.0e-04  fps   9222  1860.5s
it 2359/4000  reward     nan  ep_len    nan  fell    0  err_xy 0.164  std 0.217  lr 1.0e-04  fps   9184  1860.8s
it 2360/4000  reward     nan  ep_len    nan  fell    0  err_xy 0.130  std 0.217  lr 1.0e-04  fps   9006  1861.0s
it 2361/4000  reward     nan  ep_len    nan  fell    0  err_xy 0.132  std 0.217  lr 1.0e-04  fps   8952  1861.3s
it 2362/4000  reward     nan  ep_len    nan  fell    0  err_xy 0.114  std 0.217  lr 1.0e-04  fps   8746  1861.5s
it 2363/4000  reward     nan  ep_len    nan  fell    0  err_xy 0.104  std 0.217  lr 1.0e-04  fps   8627  1861.8s
it 2364/4000  reward     nan  ep_len    nan  fell    0  err_xy 0.083  std 0.217  lr 1.0e-04  fps   8597  1862.1s
it 2365/4000  reward     nan  ep_len    nan  fell    0  err_xy 0.070  std 0.217  lr 1.0e-04  fps   8557  1862.3s
it 2366/4000  reward     nan  ep_len    nan  fell    0  err_xy 0.071  std 0.217  lr 1.0e-04  fps   8482  1862.6s
it 2367/4000  reward     nan  ep_len    nan  fell    0  err_xy 0.067  std 0.217  lr 1.0e-04  fps   8439  1862.9s
it 2368/4000  reward     nan  ep_len    nan  fell    0  err_xy 0.049  std 0.217  lr 1.0e-04  fps   8242  1863.2s
it 2369/4000  reward     nan  ep_len    nan  fell    0  err_xy 0.044  std 0.217  lr 1.0e-04  fps   8378  1863.4s
it 2370/4000  reward     nan  ep_len    nan  fell    0  err_xy 0.030  std 0.217  lr 1.0e-04  fps   8223  1863.7s
it 2371/4000  reward     nan  ep_len    nan  fell    0  err_xy 0.035  std 0.217  lr 1.0e-04  fps   8300  1864.0s
it 2372/4000  reward     nan  ep_len    nan  fell    0  err_xy 0.031  std 0.217  lr 1.0e-04  fps   8142  1864.3s
it 2373/4000  reward     nan  ep_len    nan  fell    0  err_xy 0.029  std 0.217  lr 1.0e-04  fps   8098  1864.6s
it 2374/4000  reward     nan  ep_len    nan  fell    0  err_xy 0.034  std 0.217  lr 1.0e-04  fps   8184  1864.8s
it 2375/4000  reward     nan  ep_len    nan  fell    0  err_xy 0.031  std 0.217  lr 1.0e-04  fps   8087  1865.1s
it 2376/4000  reward     nan  ep_len    nan  fell    0  err_xy 0.031  std 0.217  lr 1.0e-04  fps   8036  1865.4s
it 2377/4000  reward     nan  ep_len    nan  fell    0  err_xy 0.020  std 0.217  lr 1.0e-04  fps   8096  1865.7s
it 2378/4000  reward     nan  ep_len    nan  fell    0  err_xy 0.019  std 0.217  lr 1.0e-04  fps   8055  1866.0s
it 2379/4000  reward     nan  ep_len    nan  fell    0  err_xy 0.013  std 0.217  lr 1.0e-04  fps   8090  1866.3s
it 2380/4000  reward     nan  ep_len    nan  fell    0  err_xy 0.017  std 0.217  lr 1.0e-04  fps   7972  1866.6s
it 2381/4000  reward     nan  ep_len    nan  fell    0  err_xy 0.015  std 0.217  lr 1.0e-04  fps   8058  1866.8s
it 2382/4000  reward     nan  ep_len    nan  fell    0  err_xy 0.015  std 0.217  lr 1.0e-04  fps   7962  1867.1s
it 2383/4000  reward     nan  ep_len    nan  fell    0  err_xy 0.013  std 0.217  lr 1.0e-04  fps   8075  1867.4s
it 2384/4000  reward     nan  ep_len    nan  fell    0  err_xy 0.015  std 0.217  lr 1.0e-04  fps   8111  1867.7s
it 2385/4000  reward     nan  ep_len    nan  fell    0  err_xy 0.012  std 0.217  lr 1.0e-04  fps   8064  1868.0s
it 2386/4000  reward     nan  ep_len    nan  fell    0  err_xy 0.014  std 0.217  lr 1.0e-04  fps   8111  1868.3s
it 2387/4000  reward     nan  ep_len    nan  fell    0  err_xy 0.015  std 0.217  lr 1.0e-04  fps   8056  1868.6s
it 2388/4000  reward     nan  ep_len    nan  fell    0  err_xy 0.013  std 0.216  lr 1.0e-04  fps   8118  1868.8s
it 2389/4000  reward     nan  ep_len    nan  fell    0  err_xy 0.016  std 0.216  lr 1.0e-04  fps   8146  1869.1s
it 2390/4000  reward     nan  ep_len    nan  fell    0  err_xy 0.012  std 0.217  lr 1.0e-04  fps   8112  1869.4s
it 2391/4000  reward  202.79  ep_len  808.0  fell    0  err_xy 0.187  std 0.217  lr 1.0e-04  fps   7201  1869.7s
it 2392/4000  reward     nan  ep_len    nan  fell    0  err_xy 0.213  std 0.217  lr 1.0e-04  fps   9229  1870.0s
it 2393/4000  reward     nan  ep_len    nan  fell    0  err_xy 0.154  std 0.217  lr 1.0e-04  fps   9129  1870.2s
it 2394/4000  reward     nan  ep_len    nan  fell    0  err_xy 0.127  std 0.217  lr 1.0e-04  fps   8906  1870.5s
it 2395/4000  reward     nan  ep_len    nan  fell    0  err_xy 0.136  std 0.217  lr 1.0e-04  fps   8835  1870.8s
it 2396/4000  reward     nan  ep_len    nan  fell    0  err_xy 0.135  std 0.217  lr 1.0e-04  fps   7755  1871.1s
it 2397/4000  reward     nan  ep_len    nan  fell    0  err_xy 0.114  std 0.217  lr 1.0e-04  fps   8659  1871.3s
it 2398/4000  reward     nan  ep_len    nan  fell    0  err_xy 0.106  std 0.217  lr 1.0e-04  fps   8498  1871.6s
it 2399/4000  reward     nan  ep_len    nan  fell    0  err_xy 0.082  std 0.217  lr 1.0e-04  fps   7168  1871.9s
it 2400/4000  reward     nan  ep_len    nan  fell    0  err_xy 0.070  std 0.217  lr 1.0e-04  fps   6463  1872.3s
it 2401/4000  reward     nan  ep_len    nan  fell    0  err_xy 0.066  std 0.217  lr 1.0e-04  fps   7434  1872.6s
it 2402/4000  reward     nan  ep_len    nan  fell    0  err_xy 0.048  std 0.217  lr 1.0e-04  fps   8168  1872.9s
it 2403/4000  reward     nan  ep_len    nan  fell    0  err_xy 0.034  std 0.217  lr 1.0e-04  fps   8222  1873.1s
it 2404/4000  reward     nan  ep_len    nan  fell    0  err_xy 0.035  std 0.217  lr 1.0e-04  fps   8157  1873.4s
it 2405/4000  reward     nan  ep_len    nan  fell    0  err_xy 0.039  std 0.217  lr 1.0e-04  fps   7775  1873.7s
it 2406/4000  reward     nan  ep_len    nan  fell    0  err_xy 0.029  std 0.217  lr 1.0e-04  fps   8121  1874.0s
it 2407/4000  reward     nan  ep_len    nan  fell    0  err_xy 0.026  std 0.217  lr 1.0e-04  fps   8013  1874.3s
it 2408/4000  reward     nan  ep_len    nan  fell    0  err_xy 0.024  std 0.217  lr 1.0e-04  fps   8064  1874.6s
it 2409/4000  reward     nan  ep_len    nan  fell    0  err_xy 0.021  std 0.217  lr 1.0e-04  fps   8097  1874.9s
it 2410/4000  reward     nan  ep_len    nan  fell    0  err_xy 0.021  std 0.217  lr 1.0e-04  fps   8154  1875.2s
it 2411/4000  reward     nan  ep_len    nan  fell    0  err_xy 0.020  std 0.217  lr 1.0e-04  fps   8065  1875.4s
it 2412/4000  reward     nan  ep_len    nan  fell    0  err_xy 0.024  std 0.217  lr 1.0e-04  fps   8182  1875.7s
it 2413/4000  reward     nan  ep_len    nan  fell    0  err_xy 0.028  std 0.217  lr 1.0e-04  fps   8038  1876.0s
it 2414/4000  reward     nan  ep_len    nan  fell    0  err_xy 0.027  std 0.217  lr 1.0e-04  fps   8317  1876.3s
it 2415/4000  reward     nan  ep_len    nan  fell    0  err_xy 0.039  std 0.217  lr 1.0e-04  fps   8369  1876.6s
it 2416/4000  reward     nan  ep_len    nan  fell    0  err_xy 0.060  std 0.217  lr 1.0e-04  fps   8115  1876.8s
it 2417/4000  reward     nan  ep_len    nan  fell    0  err_xy 0.048  std 0.217  lr 1.0e-04  fps   8083  1877.1s
it 2418/4000  reward     nan  ep_len    nan  fell    0  err_xy 0.043  std 0.217  lr 1.0e-04  fps   8161  1877.4s
it 2419/4000  reward     nan  ep_len    nan  fell    0  err_xy 0.046  std 0.217  lr 1.0e-04  fps   8218  1877.7s
it 2420/4000  reward     nan  ep_len    nan  fell    0  err_xy 0.046  std 0.217  lr 1.0e-04  fps   8210  1878.0s
it 2421/4000  reward     nan  ep_len    nan  fell    0  err_xy 0.040  std 0.217  lr 1.0e-04  fps   8355  1878.3s
it 2422/4000  reward     nan  ep_len    nan  fell    0  err_xy 0.049  std 0.217  lr 1.0e-04  fps   8325  1878.5s
it 2423/4000  reward     nan  ep_len    nan  fell    0  err_xy 0.066  std 0.217  lr 1.0e-04  fps   8360  1878.8s
it 2424/4000  reward  177.03  ep_len  808.0  fell    0  err_xy 0.058  std 0.217  lr 1.0e-04  fps   6841  1879.1s
it 2425/4000  reward     nan  ep_len    nan  fell    0  err_xy 0.248  std 0.217  lr 1.0e-04  fps   9099  1879.4s
it 2426/4000  reward     nan  ep_len    nan  fell    0  err_xy 0.216  std 0.217  lr 1.0e-04  fps   9036  1879.6s
it 2427/4000  reward     nan  ep_len    nan  fell    0  err_xy 0.138  std 0.217  lr 1.0e-04  fps   8243  1879.9s
it 2428/4000  reward     nan  ep_len    nan  fell    0  err_xy 0.159  std 0.217  lr 1.0e-04  fps   8530  1880.2s
it 2429/4000  reward     nan  ep_len    nan  fell    0  err_xy 0.141  std 0.217  lr 1.0e-04  fps   8212  1880.5s
it 2430/4000  reward     nan  ep_len    nan  fell    0  err_xy 0.131  std 0.217  lr 1.0e-04  fps   7942  1880.8s
it 2431/4000  reward     nan  ep_len    nan  fell    0  err_xy 0.117  std 0.217  lr 1.0e-04  fps   8546  1881.0s
it 2432/4000  reward     nan  ep_len    nan  fell    0  err_xy 0.112  std 0.217  lr 1.0e-04  fps   8530  1881.3s
it 2433/4000  reward     nan  ep_len    nan  fell    0  err_xy 0.102  std 0.217  lr 1.0e-04  fps   8380  1881.6s
it 2434/4000  reward     nan  ep_len    nan  fell    0  err_xy 0.077  std 0.217  lr 1.0e-04  fps   8353  1881.9s
it 2435/4000  reward     nan  ep_len    nan  fell    0  err_xy 0.063  std 0.217  lr 1.0e-04  fps   8241  1882.1s
it 2436/4000  reward     nan  ep_len    nan  fell    0  err_xy 0.057  std 0.217  lr 1.0e-04  fps   8151  1882.4s
it 2437/4000  reward     nan  ep_len    nan  fell    0  err_xy 0.047  std 0.217  lr 1.0e-04  fps   8131  1882.7s
it 2438/4000  reward     nan  ep_len    nan  fell    0  err_xy 0.043  std 0.217  lr 1.0e-04  fps   8214  1883.0s
it 2439/4000  reward     nan  ep_len    nan  fell    0  err_xy 0.045  std 0.217  lr 1.0e-04  fps   8049  1883.3s
it 2440/4000  reward     nan  ep_len    nan  fell    0  err_xy 0.037  std 0.217  lr 1.0e-04  fps   8098  1883.6s
it 2441/4000  reward     nan  ep_len    nan  fell    0  err_xy 0.032  std 0.217  lr 1.0e-04  fps   8013  1883.8s
it 2442/4000  reward     nan  ep_len    nan  fell    0  err_xy 0.022  std 0.217  lr 1.0e-04  fps   8066  1884.1s
it 2443/4000  reward     nan  ep_len    nan  fell    0  err_xy 0.021  std 0.217  lr 1.0e-04  fps   8081  1884.4s
it 2444/4000  reward     nan  ep_len    nan  fell    0  err_xy 0.019  std 0.217  lr 1.0e-04  fps   8082  1884.7s
it 2445/4000  reward     nan  ep_len    nan  fell    0  err_xy 0.020  std 0.217  lr 1.0e-04  fps   7915  1885.0s
it 2446/4000  reward     nan  ep_len    nan  fell    0  err_xy 0.020  std 0.217  lr 1.0e-04  fps   8102  1885.3s
it 2447/4000  reward     nan  ep_len    nan  fell    0  err_xy 0.013  std 0.217  lr 1.0e-04  fps   8023  1885.6s
it 2448/4000  reward     nan  ep_len    nan  fell    0  err_xy 0.017  std 0.217  lr 1.0e-04  fps   8072  1885.9s
it 2449/4000  reward     nan  ep_len    nan  fell    0  err_xy 0.016  std 0.217  lr 1.0e-04  fps   7992  1886.1s
it 2450/4000  reward     nan  ep_len    nan  fell    0  err_xy 0.015  std 0.217  lr 1.0e-04  fps   8125  1886.4s
it 2451/4000  reward     nan  ep_len    nan  fell    0  err_xy 0.014  std 0.217  lr 1.0e-04  fps   8211  1886.7s
it 2452/4000  reward     nan  ep_len    nan  fell    0  err_xy 0.012  std 0.217  lr 1.0e-04  fps   8194  1887.0s
it 2453/4000  reward     nan  ep_len    nan  fell    0  err_xy 0.011  std 0.217  lr 1.0e-04  fps   8110  1887.3s
it 2454/4000  reward     nan  ep_len    nan  fell    0  err_xy 0.013  std 0.216  lr 1.0e-04  fps   8031  1887.6s
it 2455/4000  reward     nan  ep_len    nan  fell    0  err_xy 0.012  std 0.216  lr 1.0e-04  fps   8221  1887.8s
it 2456/4000  reward     nan  ep_len    nan  fell    0  err_xy 0.012  std 0.216  lr 1.0e-04  fps   7840  1888.1s
it 2457/4000  reward     nan  ep_len    nan  fell    0  err_xy 0.012  std 0.216  lr 1.0e-04  fps   7543  1888.4s
it 2458/4000  reward  202.32  ep_len  808.0  fell    0  err_xy 0.081  std 0.216  lr 1.0e-04  fps   6599  1888.8s
it 2459/4000  reward     nan  ep_len    nan  fell    0  err_xy 0.280  std 0.216  lr 1.0e-04  fps   8969  1889.1s
it 2460/4000  reward     nan  ep_len    nan  fell    0  err_xy 0.174  std 0.216  lr 1.0e-04  fps   9020  1889.3s
it 2461/4000  reward     nan  ep_len    nan  fell    0  err_xy 0.158  std 0.216  lr 1.0e-04  fps   8752  1889.6s
it 2462/4000  reward     nan  ep_len    nan  fell    0  err_xy 0.142  std 0.217  lr 1.0e-04  fps   8805  1889.8s
it 2463/4000  reward     nan  ep_len    nan  fell    0  err_xy 0.116  std 0.217  lr 1.0e-04  fps   8654  1890.1s
it 2464/4000  reward     nan  ep_len    nan  fell    0  err_xy 0.110  std 0.217  lr 1.0e-04  fps   8448  1890.4s
it 2465/4000  reward     nan  ep_len    nan  fell    0  err_xy 0.110  std 0.217  lr 1.0e-04  fps   8390  1890.6s
it 2466/4000  reward     nan  ep_len    nan  fell    0  err_xy 0.095  std 0.217  lr 1.0e-04  fps   8421  1890.9s
it 2467/4000  reward     nan  ep_len    nan  fell    0  err_xy 0.084  std 0.217  lr 1.0e-04  fps   8342  1891.2s
it 2468/4000  reward     nan  ep_len    nan  fell    0  err_xy 0.076  std 0.217  lr 1.0e-04  fps   8290  1891.5s
it 2469/4000  reward     nan  ep_len    nan  fell    0  err_xy 0.062  std 0.217  lr 1.0e-04  fps   8240  1891.8s
it 2470/4000  reward     nan  ep_len    nan  fell    0  err_xy 0.042  std 0.217  lr 1.0e-04  fps   8255  1892.0s
it 2471/4000  reward     nan  ep_len    nan  fell    0  err_xy 0.043  std 0.217  lr 1.0e-04  fps   8192  1892.3s
it 2472/4000  reward     nan  ep_len    nan  fell    0  err_xy 0.046  std 0.217  lr 1.0e-04  fps   8179  1892.6s
it 2473/4000  reward     nan  ep_len    nan  fell    0  err_xy 0.036  std 0.217  lr 1.0e-04  fps   8102  1892.9s
it 2474/4000  reward     nan  ep_len    nan  fell    0  err_xy 0.039  std 0.217  lr 1.0e-04  fps   8129  1893.2s
it 2475/4000  reward     nan  ep_len    nan  fell    0  err_xy 0.037  std 0.217  lr 1.0e-04  fps   8022  1893.5s
it 2476/4000  reward     nan  ep_len    nan  fell    0  err_xy 0.033  std 0.217  lr 1.0e-04  fps   8150  1893.7s
it 2477/4000  reward     nan  ep_len    nan  fell    0  err_xy 0.027  std 0.217  lr 1.0e-04  fps   8136  1894.0s
it 2478/4000  reward     nan  ep_len    nan  fell    0  err_xy 0.030  std 0.217  lr 1.0e-04  fps   8210  1894.3s
it 2479/4000  reward     nan  ep_len    nan  fell    0  err_xy 0.027  std 0.217  lr 1.0e-04  fps   8148  1894.6s
it 2480/4000  reward     nan  ep_len    nan  fell    0  err_xy 0.025  std 0.217  lr 1.0e-04  fps   7831  1894.9s
it 2481/4000  reward     nan  ep_len    nan  fell    0  err_xy 0.023  std 0.217  lr 1.0e-04  fps   8237  1895.2s
it 2482/4000  reward     nan  ep_len    nan  fell    0  err_xy 0.022  std 0.217  lr 1.0e-04  fps   8127  1895.4s
it 2483/4000  reward     nan  ep_len    nan  fell    0  err_xy 0.017  std 0.217  lr 1.0e-04  fps   8172  1895.7s
it 2484/4000  reward     nan  ep_len    nan  fell    0  err_xy 0.017  std 0.217  lr 1.0e-04  fps   8174  1896.0s
it 2485/4000  reward     nan  ep_len    nan  fell    0  err_xy 0.016  std 0.217  lr 1.0e-04  fps   8207  1896.3s
it 2486/4000  reward     nan  ep_len    nan  fell    0  err_xy 0.014  std 0.217  lr 1.0e-04  fps   8167  1896.6s
it 2487/4000  reward     nan  ep_len    nan  fell    0  err_xy 0.012  std 0.217  lr 1.0e-04  fps   8191  1896.9s
it 2488/4000  reward     nan  ep_len    nan  fell    0  err_xy 0.011  std 0.217  lr 1.0e-04  fps   8168  1897.1s
it 2489/4000  reward     nan  ep_len    nan  fell    0  err_xy 0.011  std 0.216  lr 1.0e-04  fps   8207  1897.4s
it 2490/4000  reward     nan  ep_len    nan  fell    0  err_xy 0.011  std 0.216  lr 1.0e-04  fps   8222  1897.7s
it 2491/4000  reward     nan  ep_len    nan  fell    0  err_xy 0.012  std 0.216  lr 1.0e-04  fps   8283  1898.0s
it 2492/4000  reward  207.77  ep_len  808.0  fell    0  err_xy 0.201  std 0.216  lr 1.0e-04  fps   7214  1898.3s
it 2493/4000  reward     nan  ep_len    nan  fell    0  err_xy 0.229  std 0.216  lr 1.0e-04  fps   9127  1898.5s
it 2494/4000  reward     nan  ep_len    nan  fell    0  err_xy 0.164  std 0.216  lr 1.0e-04  fps   9091  1898.8s
it 2495/4000  reward     nan  ep_len    nan  fell    0  err_xy 0.175  std 0.216  lr 1.0e-04  fps   9039  1899.1s
it 2496/4000  reward     nan  ep_len    nan  fell    0  err_xy 0.158  std 0.216  lr 1.0e-04  fps   8813  1899.3s
it 2497/4000  reward     nan  ep_len    nan  fell    0  err_xy 0.159  std 0.216  lr 1.0e-04  fps   8774  1899.6s
it 2498/4000  reward     nan  ep_len    nan  fell    0  err_xy 0.138  std 0.217  lr 1.0e-04  fps   8643  1899.8s
it 2499/4000  reward     nan  ep_len    nan  fell    0  err_xy 0.137  std 0.217  lr 1.0e-04  fps   8599  1900.1s
it 2500/4000  reward     nan  ep_len    nan  fell    0  err_xy 0.123  std 0.217  lr 1.0e-04  fps   8414  1900.4s
it 2501/4000  reward     nan  ep_len    nan  fell    0  err_xy 0.107  std 0.217  lr 1.0e-04  fps   8395  1900.7s
it 2502/4000  reward     nan  ep_len    nan  fell    0  err_xy 0.092  std 0.217  lr 1.0e-04  fps   8244  1900.9s
it 2503/4000  reward     nan  ep_len    nan  fell    0  err_xy 0.064  std 0.217  lr 1.0e-04  fps   8269  1901.2s
it 2504/4000  reward     nan  ep_len    nan  fell    0  err_xy 0.070  std 0.217  lr 1.0e-04  fps   8051  1901.5s
it 2505/4000  reward     nan  ep_len    nan  fell    0  err_xy 0.053  std 0.217  lr 1.0e-04  fps   7272  1901.8s
it 2506/4000  reward     nan  ep_len    nan  fell    0  err_xy 0.047  std 0.217  lr 1.0e-04  fps   8162  1902.1s
it 2507/4000  reward     nan  ep_len    nan  fell    0  err_xy 0.034  std 0.217  lr 1.0e-04  fps   8142  1902.4s
it 2508/4000  reward     nan  ep_len    nan  fell    0  err_xy 0.029  std 0.217  lr 1.0e-04  fps   8068  1902.7s
it 2509/4000  reward     nan  ep_len    nan  fell    0  err_xy 0.025  std 0.217  lr 1.0e-04  fps   8070  1903.0s
it 2510/4000  reward     nan  ep_len    nan  fell    0  err_xy 0.020  std 0.217  lr 1.0e-04  fps   8072  1903.3s
it 2511/4000  reward     nan  ep_len    nan  fell    0  err_xy 0.014  std 0.217  lr 1.0e-04  fps   7929  1903.5s
it 2512/4000  reward     nan  ep_len    nan  fell    0  err_xy 0.013  std 0.217  lr 1.0e-04  fps   8043  1903.8s
it 2513/4000  reward     nan  ep_len    nan  fell    0  err_xy 0.013  std 0.217  lr 1.0e-04  fps   8124  1904.1s
it 2514/4000  reward     nan  ep_len    nan  fell    0  err_xy 0.013  std 0.217  lr 1.0e-04  fps   8241  1904.4s
it 2515/4000  reward     nan  ep_len    nan  fell    0  err_xy 0.013  std 0.217  lr 1.0e-04  fps   8194  1904.7s
it 2516/4000  reward     nan  ep_len    nan  fell    0  err_xy 0.016  std 0.216  lr 1.0e-04  fps   8195  1905.0s
it 2517/4000  reward     nan  ep_len    nan  fell    0  err_xy 0.016  std 0.216  lr 1.0e-04  fps   8218  1905.2s
it 2518/4000  reward     nan  ep_len    nan  fell    0  err_xy 0.014  std 0.216  lr 1.0e-04  fps   8286  1905.5s
it 2519/4000  reward     nan  ep_len    nan  fell    0  err_xy 0.018  std 0.216  lr 1.0e-04  fps   8159  1905.8s
it 2520/4000  reward     nan  ep_len    nan  fell    0  err_xy 0.016  std 0.216  lr 1.0e-04  fps   8152  1906.1s
it 2521/4000  reward     nan  ep_len    nan  fell    0  err_xy 0.016  std 0.216  lr 1.0e-04  fps   8138  1906.4s
it 2522/4000  reward     nan  ep_len    nan  fell    0  err_xy 0.015  std 0.216  lr 1.0e-04  fps   8002  1906.7s
it 2523/4000  reward     nan  ep_len    nan  fell    0  err_xy 0.015  std 0.216  lr 1.0e-04  fps   8078  1906.9s
it 2524/4000  reward     nan  ep_len    nan  fell    0  err_xy 0.016  std 0.216  lr 1.0e-04  fps   8197  1907.2s
it 2525/4000  reward  211.55  ep_len  808.0  fell    0  err_xy 0.015  std 0.216  lr 1.0e-04  fps   6785  1907.6s
it 2526/4000  reward     nan  ep_len    nan  fell    0  err_xy 0.265  std 0.216  lr 1.0e-04  fps   9109  1907.8s
it 2527/4000  reward     nan  ep_len    nan  fell    0  err_xy 0.215  std 0.216  lr 1.0e-04  fps   9134  1908.1s
it 2528/4000  reward     nan  ep_len    nan  fell    0  err_xy 0.170  std 0.216  lr 1.0e-04  fps   9036  1908.3s
it 2529/4000  reward     nan  ep_len    nan  fell    0  err_xy 0.187  std 0.216  lr 1.0e-04  fps   8416  1908.6s
it 2530/4000  reward     nan  ep_len    nan  fell    0  err_xy 0.154  std 0.216  lr 1.0e-04  fps   8183  1908.9s
it 2531/4000  reward     nan  ep_len    nan  fell    0  err_xy 0.148  std 0.217  lr 1.0e-04  fps   8346  1909.2s
it 2532/4000  reward     nan  ep_len    nan  fell    0  err_xy 0.123  std 0.217  lr 1.0e-04  fps   8635  1909.4s
it 2533/4000  reward     nan  ep_len    nan  fell    0  err_xy 0.113  std 0.217  lr 1.0e-04  fps   8561  1909.7s
it 2534/4000  reward     nan  ep_len    nan  fell    0  err_xy 0.120  std 0.217  lr 1.0e-04  fps   8710  1910.0s
it 2535/4000  reward     nan  ep_len    nan  fell    0  err_xy 0.116  std 0.216  lr 1.0e-04  fps   8479  1910.2s
it 2536/4000  reward     nan  ep_len    nan  fell    0  err_xy 0.096  std 0.216  lr 1.0e-04  fps   8154  1910.5s
it 2537/4000  reward     nan  ep_len    nan  fell    0  err_xy 0.076  std 0.217  lr 1.0e-04  fps   8208  1910.8s
it 2538/4000  reward     nan  ep_len    nan  fell    0  err_xy 0.075  std 0.217  lr 1.0e-04  fps   8402  1911.1s
it 2539/4000  reward     nan  ep_len    nan  fell    0  err_xy 0.070  std 0.217  lr 1.0e-04  fps   8275  1911.3s
it 2540/4000  reward     nan  ep_len    nan  fell    0  err_xy 0.054  std 0.217  lr 1.0e-04  fps   8172  1911.6s
it 2541/4000  reward     nan  ep_len    nan  fell    0  err_xy 0.057  std 0.217  lr 1.0e-04  fps   8196  1911.9s
it 2542/4000  reward     nan  ep_len    nan  fell    0  err_xy 0.041  std 0.216  lr 1.0e-04  fps   8057  1912.2s
it 2543/4000  reward     nan  ep_len    nan  fell    0  err_xy 0.033  std 0.216  lr 1.0e-04  fps   8033  1912.5s
it 2544/4000  reward     nan  ep_len    nan  fell    0  err_xy 0.034  std 0.217  lr 1.0e-04  fps   8110  1912.8s
it 2545/4000  reward     nan  ep_len    nan  fell    0  err_xy 0.028  std 0.217  lr 1.0e-04  fps   8006  1913.1s
it 2546/4000  reward     nan  ep_len    nan  fell    0  err_xy 0.028  std 0.217  lr 1.0e-04  fps   8061  1913.3s
it 2547/4000  reward     nan  ep_len    nan  fell    0  err_xy 0.030  std 0.217  lr 1.0e-04  fps   8146  1913.6s
it 2548/4000  reward     nan  ep_len    nan  fell    0  err_xy 0.025  std 0.217  lr 1.0e-04  fps   8116  1913.9s
it 2549/4000  reward     nan  ep_len    nan  fell    0  err_xy 0.025  std 0.217  lr 1.0e-04  fps   8137  1914.2s
it 2550/4000  reward     nan  ep_len    nan  fell    0  err_xy 0.027  std 0.217  lr 1.0e-04  fps   8149  1914.5s
it 2551/4000  reward     nan  ep_len    nan  fell    0  err_xy 0.021  std 0.217  lr 1.0e-04  fps   8043  1914.8s
it 2552/4000  reward     nan  ep_len    nan  fell    0  err_xy 0.021  std 0.217  lr 1.0e-04  fps   7988  1915.1s
it 2553/4000  reward     nan  ep_len    nan  fell    0  err_xy 0.025  std 0.217  lr 1.0e-04  fps   8124  1915.3s
it 2554/4000  reward     nan  ep_len    nan  fell    0  err_xy 0.021  std 0.217  lr 1.0e-04  fps   8032  1915.6s
it 2555/4000  reward     nan  ep_len    nan  fell    0  err_xy 0.023  std 0.217  lr 1.0e-04  fps   8072  1915.9s
it 2556/4000  reward     nan  ep_len    nan  fell    0  err_xy 0.020  std 0.217  lr 1.0e-04  fps   8021  1916.2s
it 2557/4000  reward     nan  ep_len    nan  fell    0  err_xy 0.020  std 0.217  lr 1.0e-04  fps   7995  1916.5s
it 2558/4000  reward     nan  ep_len    nan  fell    0  err_xy 0.019  std 0.217  lr 1.0e-04  fps   8115  1916.8s
it 2559/4000  reward  208.02  ep_len  808.0  fell    0  err_xy 0.081  std 0.217  lr 1.0e-04  fps   6859  1917.1s
it 2560/4000  reward     nan  ep_len    nan  fell    0  err_xy 0.248  std 0.217  lr 1.0e-04  fps   8886  1917.4s
it 2561/4000  reward     nan  ep_len    nan  fell    0  err_xy 0.182  std 0.217  lr 1.0e-04  fps   9068  1917.6s
it 2562/4000  reward     nan  ep_len    nan  fell    0  err_xy 0.163  std 0.217  lr 1.0e-04  fps   9047  1917.9s
it 2563/4000  reward     nan  ep_len    nan  fell    0  err_xy 0.181  std 0.217  lr 1.0e-04  fps   8976  1918.1s
it 2564/4000  reward     nan  ep_len    nan  fell    0  err_xy 0.176  std 0.217  lr 1.0e-04  fps   8911  1918.4s
it 2565/4000  reward     nan  ep_len    nan  fell    0  err_xy 0.159  std 0.217  lr 1.0e-04  fps   8481  1918.7s
it 2566/4000  reward     nan  ep_len    nan  fell    0  err_xy 0.143  std 0.217  lr 1.0e-04  fps   8642  1918.9s
it 2567/4000  reward     nan  ep_len    nan  fell    0  err_xy 0.125  std 0.217  lr 1.0e-04  fps   8652  1919.2s
it 2568/4000  reward     nan  ep_len    nan  fell    0  err_xy 0.115  std 0.217  lr 1.0e-04  fps   8469  1919.5s
it 2569/4000  reward     nan  ep_len    nan  fell    0  err_xy 0.090  std 0.217  lr 1.0e-04  fps   8356  1919.7s
it 2570/4000  reward     nan  ep_len    nan  fell    0  err_xy 0.072  std 0.217  lr 1.0e-04  fps   8120  1920.0s
it 2571/4000  reward     nan  ep_len    nan  fell    0  err_xy 0.070  std 0.217  lr 1.0e-04  fps   8135  1920.3s
it 2572/4000  reward     nan  ep_len    nan  fell    0  err_xy 0.058  std 0.217  lr 1.0e-04  fps   8071  1920.6s
it 2573/4000  reward     nan  ep_len    nan  fell    0  err_xy 0.047  std 0.217  lr 1.0e-04  fps   8117  1920.9s
it 2574/4000  reward     nan  ep_len    nan  fell    0  err_xy 0.039  std 0.217  lr 1.0e-04  fps   8027  1921.2s
it 2575/4000  reward     nan  ep_len    nan  fell    0  err_xy 0.041  std 0.217  lr 1.0e-04  fps   8066  1921.5s
it 2576/4000  reward     nan  ep_len    nan  fell    0  err_xy 0.032  std 0.217  lr 1.0e-04  fps   8046  1921.7s
it 2577/4000  reward     nan  ep_len    nan  fell    0  err_xy 0.039  std 0.217  lr 1.0e-04  fps   8013  1922.0s
it 2578/4000  reward     nan  ep_len    nan  fell    0  err_xy 0.038  std 0.217  lr 1.0e-04  fps   8056  1922.3s
it 2579/4000  reward     nan  ep_len    nan  fell    0  err_xy 0.041  std 0.217  lr 1.0e-04  fps   7926  1922.6s
it 2580/4000  reward     nan  ep_len    nan  fell    0  err_xy 0.029  std 0.217  lr 1.0e-04  fps   8115  1922.9s
it 2581/4000  reward     nan  ep_len    nan  fell    0  err_xy 0.022  std 0.217  lr 1.0e-04  fps   8036  1923.2s
it 2582/4000  reward     nan  ep_len    nan  fell    0  err_xy 0.020  std 0.217  lr 1.0e-04  fps   8111  1923.5s
it 2583/4000  reward     nan  ep_len    nan  fell    0  err_xy 0.019  std 0.217  lr 1.0e-04  fps   8076  1923.7s
it 2584/4000  reward     nan  ep_len    nan  fell    0  err_xy 0.019  std 0.217  lr 1.0e-04  fps   8056  1924.0s
it 2585/4000  reward     nan  ep_len    nan  fell    0  err_xy 0.016  std 0.217  lr 1.0e-04  fps   7960  1924.3s
it 2586/4000  reward     nan  ep_len    nan  fell    0  err_xy 0.017  std 0.217  lr 1.0e-04  fps   8090  1924.6s
it 2587/4000  reward     nan  ep_len    nan  fell    0  err_xy 0.017  std 0.217  lr 1.0e-04  fps   8239  1924.9s
it 2588/4000  reward     nan  ep_len    nan  fell    0  err_xy 0.013  std 0.217  lr 1.0e-04  fps   8213  1925.2s
it 2589/4000  reward     nan  ep_len    nan  fell    0  err_xy 0.014  std 0.217  lr 1.0e-04  fps   8200  1925.5s
it 2590/4000  reward     nan  ep_len    nan  fell    0  err_xy 0.018  std 0.217  lr 1.0e-04  fps   8195  1925.7s
it 2591/4000  reward     nan  ep_len    nan  fell    0  err_xy 0.015  std 0.217  lr 1.0e-04  fps   8346  1926.0s
it 2592/4000  reward     nan  ep_len    nan  fell    0  err_xy 0.016  std 0.217  lr 1.0e-04  fps   8373  1926.3s
it 2593/4000  reward  212.94  ep_len  808.0  fell    0  err_xy 0.182  std 0.217  lr 1.0e-04  fps   7202  1926.6s
it 2594/4000  reward     nan  ep_len    nan  fell    0  err_xy 0.224  std 0.217  lr 1.0e-04  fps   9155  1926.9s
it 2595/4000  reward     nan  ep_len    nan  fell    0  err_xy 0.187  std 0.217  lr 1.0e-04  fps   9243  1927.1s
it 2596/4000  reward     nan  ep_len    nan  fell    0  err_xy 0.159  std 0.217  lr 1.0e-04  fps   9215  1927.4s
it 2597/4000  reward     nan  ep_len    nan  fell    0  err_xy 0.167  std 0.217  lr 1.0e-04  fps   9118  1927.6s
it 2598/4000  reward     nan  ep_len    nan  fell    0  err_xy 0.167  std 0.217  lr 1.0e-04  fps   9021  1927.9s
it 2599/4000  reward     nan  ep_len    nan  fell    0  err_xy 0.152  std 0.217  lr 1.0e-04  fps   8866  1928.1s
it 2600/4000  reward     nan  ep_len    nan  fell    0  err_xy 0.128  std 0.217  lr 1.0e-04  fps   8774  1928.4s
it 2601/4000  reward     nan  ep_len    nan  fell    0  err_xy 0.118  std 0.217  lr 1.0e-04  fps   8587  1928.7s
it 2602/4000  reward     nan  ep_len    nan  fell    0  err_xy 0.108  std 0.217  lr 1.0e-04  fps   8589  1928.9s
it 2603/4000  reward     nan  ep_len    nan  fell    0  err_xy 0.086  std 0.217  lr 1.0e-04  fps   8466  1929.2s
it 2604/4000  reward     nan  ep_len    nan  fell    0  err_xy 0.067  std 0.217  lr 1.0e-04  fps   8364  1929.5s
it 2605/4000  reward     nan  ep_len    nan  fell    0  err_xy 0.055  std 0.217  lr 1.0e-04  fps   8426  1929.8s
it 2606/4000  reward     nan  ep_len    nan  fell    0  err_xy 0.052  std 0.217  lr 1.0e-04  fps   8357  1930.0s
it 2607/4000  reward     nan  ep_len    nan  fell    0  err_xy 0.046  std 0.217  lr 1.0e-04  fps   8338  1930.3s
it 2608/4000  reward     nan  ep_len    nan  fell    0  err_xy 0.042  std 0.217  lr 1.0e-04  fps   8087  1930.6s
it 2609/4000  reward     nan  ep_len    nan  fell    0  err_xy 0.037  std 0.217  lr 1.0e-04  fps   8172  1930.9s
it 2610/4000  reward     nan  ep_len    nan  fell    0  err_xy 0.038  std 0.217  lr 1.0e-04  fps   8169  1931.2s
it 2611/4000  reward     nan  ep_len    nan  fell    0  err_xy 0.027  std 0.217  lr 1.0e-04  fps   8102  1931.4s
it 2612/4000  reward     nan  ep_len    nan  fell    0  err_xy 0.023  std 0.217  lr 1.0e-04  fps   8095  1931.7s
it 2613/4000  reward     nan  ep_len    nan  fell    0  err_xy 0.020  std 0.217  lr 1.0e-04  fps   8215  1932.0s
it 2614/4000  reward     nan  ep_len    nan  fell    0  err_xy 0.021  std 0.217  lr 1.0e-04  fps   8127  1932.3s
it 2615/4000  reward     nan  ep_len    nan  fell    0  err_xy 0.020  std 0.217  lr 1.0e-04  fps   8093  1932.6s
it 2616/4000  reward     nan  ep_len    nan  fell    0  err_xy 0.018  std 0.217  lr 1.0e-04  fps   8119  1932.9s
it 2617/4000  reward     nan  ep_len    nan  fell    0  err_xy 0.022  std 0.217  lr 1.0e-04  fps   8209  1933.1s
it 2618/4000  reward     nan  ep_len    nan  fell    0  err_xy 0.022  std 0.217  lr 1.0e-04  fps   8127  1933.4s
it 2619/4000  reward     nan  ep_len    nan  fell    0  err_xy 0.022  std 0.217  lr 1.0e-04  fps   8085  1933.7s
it 2620/4000  reward     nan  ep_len    nan  fell    0  err_xy 0.023  std 0.217  lr 1.0e-04  fps   8090  1934.0s
it 2621/4000  reward     nan  ep_len    nan  fell    0  err_xy 0.019  std 0.217  lr 1.0e-04  fps   8099  1934.3s
it 2622/4000  reward     nan  ep_len    nan  fell    0  err_xy 0.018  std 0.217  lr 1.0e-04  fps   8072  1934.6s
it 2623/4000  reward     nan  ep_len    nan  fell    0  err_xy 0.014  std 0.217  lr 1.0e-04  fps   7968  1934.9s
it 2624/4000  reward     nan  ep_len    nan  fell    0  err_xy 0.018  std 0.217  lr 1.0e-04  fps   8105  1935.1s
it 2625/4000  reward     nan  ep_len    nan  fell    0  err_xy 0.019  std 0.217  lr 1.0e-04  fps   7978  1935.4s
it 2626/4000  reward  191.15  ep_len  808.0  fell    0  err_xy 0.021  std 0.217  lr 1.0e-04  fps   6685  1935.8s
it 2627/4000  reward     nan  ep_len    nan  fell    0  err_xy 0.264  std 0.217  lr 1.0e-04  fps   9072  1936.0s
it 2628/4000  reward     nan  ep_len    nan  fell    0  err_xy 0.222  std 0.217  lr 1.0e-04  fps   9294  1936.3s
it 2629/4000  reward     nan  ep_len    nan  fell    0  err_xy 0.183  std 0.217  lr 1.0e-04  fps   8720  1936.5s
it 2630/4000  reward     nan  ep_len    nan  fell    0  err_xy 0.180  std 0.217  lr 1.0e-04  fps   9288  1936.8s
it 2631/4000  reward     nan  ep_len    nan  fell    0  err_xy 0.196  std 0.217  lr 1.0e-04  fps   9058  1937.0s
it 2632/4000  reward     nan  ep_len    nan  fell    0  err_xy 0.178  std 0.217  lr 1.0e-04  fps   8830  1937.3s
it 2633/4000  reward     nan  ep_len    nan  fell    0  err_xy 0.163  std 0.217  lr 1.0e-04  fps   8548  1937.6s
it 2634/4000  reward     nan  ep_len    nan  fell    0  err_xy 0.158  std 0.217  lr 1.0e-04  fps   8419  1937.8s
it 2635/4000  reward     nan  ep_len    nan  fell    0  err_xy 0.116  std 0.217  lr 1.0e-04  fps   8442  1938.1s
it 2636/4000  reward     nan  ep_len    nan  fell    0  err_xy 0.113  std 0.217  lr 1.0e-04  fps   8488  1938.4s
it 2637/4000  reward     nan  ep_len    nan  fell    0  err_xy 0.107  std 0.217  lr 1.0e-04  fps   8259  1938.7s
it 2638/4000  reward     nan  ep_len    nan  fell    0  err_xy 0.097  std 0.217  lr 1.0e-04  fps   8337  1938.9s
it 2639/4000  reward     nan  ep_len    nan  fell    0  err_xy 0.087  std 0.217  lr 1.0e-04  fps   8169  1939.2s
it 2640/4000  reward     nan  ep_len    nan  fell    0  err_xy 0.077  std 0.217  lr 1.0e-04  fps   8131  1939.5s
it 2641/4000  reward     nan  ep_len    nan  fell    0  err_xy 0.076  std 0.217  lr 1.0e-04  fps   8065  1939.8s
it 2642/4000  reward     nan  ep_len    nan  fell    0  err_xy 0.061  std 0.217  lr 1.0e-04  fps   7972  1940.1s
it 2643/4000  reward     nan  ep_len    nan  fell    0  err_xy 0.059  std 0.217  lr 1.0e-04  fps   8018  1940.4s
it 2644/4000  reward     nan  ep_len    nan  fell    0  err_xy 0.049  std 0.217  lr 1.0e-04  fps   8108  1940.7s
it 2645/4000  reward     nan  ep_len    nan  fell    0  err_xy 0.047  std 0.217  lr 1.0e-04  fps   8183  1940.9s
it 2646/4000  reward     nan  ep_len    nan  fell    0  err_xy 0.044  std 0.217  lr 1.0e-04  fps   8212  1941.2s
it 2647/4000  reward     nan  ep_len    nan  fell    0  err_xy 0.043  std 0.217  lr 1.0e-04  fps   8110  1941.5s
it 2648/4000  reward     nan  ep_len    nan  fell    0  err_xy 0.037  std 0.217  lr 1.0e-04  fps   7979  1941.8s
it 2649/4000  reward     nan  ep_len    nan  fell    0  err_xy 0.034  std 0.217  lr 1.0e-04  fps   7959  1942.1s
it 2650/4000  reward     nan  ep_len    nan  fell    0  err_xy 0.035  std 0.217  lr 1.0e-04  fps   8112  1942.4s
it 2651/4000  reward     nan  ep_len    nan  fell    0  err_xy 0.032  std 0.217  lr 1.0e-04  fps   8024  1942.7s
it 2652/4000  reward     nan  ep_len    nan  fell    0  err_xy 0.034  std 0.217  lr 1.0e-04  fps   8195  1942.9s
it 2653/4000  reward     nan  ep_len    nan  fell    0  err_xy 0.034  std 0.217  lr 1.0e-04  fps   8211  1943.2s
it 2654/4000  reward     nan  ep_len    nan  fell    0  err_xy 0.037  std 0.217  lr 1.0e-04  fps   8081  1943.5s
it 2655/4000  reward     nan  ep_len    nan  fell    0  err_xy 0.033  std 0.217  lr 1.0e-04  fps   8196  1943.8s
it 2656/4000  reward     nan  ep_len    nan  fell    0  err_xy 0.033  std 0.217  lr 1.0e-04  fps   8033  1944.1s
it 2657/4000  reward     nan  ep_len    nan  fell    0  err_xy 0.031  std 0.217  lr 1.0e-04  fps   8211  1944.4s
it 2658/4000  reward     nan  ep_len    nan  fell    0  err_xy 0.028  std 0.217  lr 1.0e-04  fps   8061  1944.6s
it 2659/4000  reward     nan  ep_len    nan  fell    0  err_xy 0.027  std 0.217  lr 1.0e-04  fps   8257  1944.9s
it 2660/4000  reward  189.82  ep_len  808.0  fell    0  err_xy 0.083  std 0.217  lr 1.0e-04  fps   6957  1945.3s
it 2661/4000  reward     nan  ep_len    nan  fell    0  err_xy 0.259  std 0.217  lr 1.0e-04  fps   9229  1945.5s
it 2662/4000  reward     nan  ep_len    nan  fell    0  err_xy 0.206  std 0.217  lr 1.0e-04  fps   9360  1945.7s
it 2663/4000  reward     nan  ep_len    nan  fell    0  err_xy 0.160  std 0.217  lr 1.0e-04  fps   9245  1946.0s
it 2664/4000  reward     nan  ep_len    nan  fell    0  err_xy 0.173  std 0.217  lr 1.0e-04  fps   9281  1946.2s
it 2665/4000  reward     nan  ep_len    nan  fell    0  err_xy 0.156  std 0.217  lr 1.0e-04  fps   9069  1946.5s
it 2666/4000  reward     nan  ep_len    nan  fell    0  err_xy 0.151  std 0.217  lr 1.0e-04  fps   8980  1946.8s
it 2667/4000  reward     nan  ep_len    nan  fell    0  err_xy 0.165  std 0.217  lr 1.0e-04  fps   9060  1947.0s
it 2668/4000  reward     nan  ep_len    nan  fell    0  err_xy 0.142  std 0.217  lr 1.0e-04  fps   8915  1947.3s
it 2669/4000  reward     nan  ep_len    nan  fell    0  err_xy 0.137  std 0.217  lr 1.0e-04  fps   8820  1947.5s
it 2670/4000  reward     nan  ep_len    nan  fell    0  err_xy 0.118  std 0.217  lr 1.0e-04  fps   8775  1947.8s
it 2671/4000  reward     nan  ep_len    nan  fell    0  err_xy 0.113  std 0.217  lr 1.0e-04  fps   8693  1948.1s
it 2672/4000  reward     nan  ep_len    nan  fell    0  err_xy 0.103  std 0.217  lr 1.0e-04  fps   8734  1948.3s
it 2673/4000  reward     nan  ep_len    nan  fell    0  err_xy 0.091  std 0.217  lr 1.0e-04  fps   8537  1948.6s
it 2674/4000  reward     nan  ep_len    nan  fell    0  err_xy 0.086  std 0.217  lr 1.0e-04  fps   7859  1948.9s
it 2675/4000  reward     nan  ep_len    nan  fell    0  err_xy 0.097  std 0.217  lr 1.0e-04  fps   8486  1949.2s
it 2676/4000  reward     nan  ep_len    nan  fell    0  err_xy 0.089  std 0.217  lr 1.0e-04  fps   8236  1949.4s
it 2677/4000  reward     nan  ep_len    nan  fell    0  err_xy 0.083  std 0.217  lr 1.0e-04  fps   8112  1949.7s
it 2678/4000  reward     nan  ep_len    nan  fell    0  err_xy 0.078  std 0.217  lr 1.0e-04  fps   8278  1950.0s
it 2679/4000  reward     nan  ep_len    nan  fell    0  err_xy 0.083  std 0.217  lr 1.0e-04  fps   8349  1950.3s
it 2680/4000  reward     nan  ep_len    nan  fell    0  err_xy 0.071  std 0.217  lr 1.0e-04  fps   8155  1950.6s
it 2681/4000  reward     nan  ep_len    nan  fell    0  err_xy 0.067  std 0.217  lr 1.0e-04  fps   8097  1950.8s
it 2682/4000  reward     nan  ep_len    nan  fell    0  err_xy 0.063  std 0.217  lr 1.0e-04  fps   8242  1951.1s
it 2683/4000  reward     nan  ep_len    nan  fell    0  err_xy 0.069  std 0.217  lr 1.0e-04  fps   8268  1951.4s
it 2684/4000  reward     nan  ep_len    nan  fell    0  err_xy 0.059  std 0.217  lr 1.0e-04  fps   8141  1951.7s
it 2685/4000  reward     nan  ep_len    nan  fell    0  err_xy 0.060  std 0.217  lr 1.0e-04  fps   8295  1952.0s
it 2686/4000  reward     nan  ep_len    nan  fell    0  err_xy 0.058  std 0.217  lr 1.0e-04  fps   8290  1952.2s
it 2687/4000  reward     nan  ep_len    nan  fell    0  err_xy 0.047  std 0.217  lr 1.0e-04  fps   8168  1952.5s
it 2688/4000  reward     nan  ep_len    nan  fell    0  err_xy 0.054  std 0.217  lr 1.0e-04  fps   8173  1952.8s
it 2689/4000  reward     nan  ep_len    nan  fell    0  err_xy 0.049  std 0.217  lr 1.0e-04  fps   8106  1953.1s
it 2690/4000  reward     nan  ep_len    nan  fell    0  err_xy 0.041  std 0.217  lr 1.0e-04  fps   8072  1953.4s
it 2691/4000  reward     nan  ep_len    nan  fell    0  err_xy 0.032  std 0.217  lr 1.0e-04  fps   8192  1953.7s
it 2692/4000  reward     nan  ep_len    nan  fell    0  err_xy 0.033  std 0.217  lr 1.0e-04  fps   8068  1953.9s
it 2693/4000  reward     nan  ep_len    nan  fell    0  err_xy 0.031  std 0.217  lr 1.0e-04  fps   8174  1954.2s
it 2694/4000  reward  167.58  ep_len  808.0  fell    0  err_xy 0.184  std 0.217  lr 1.0e-04  fps   7163  1954.6s
it 2695/4000  reward     nan  ep_len    nan  fell    0  err_xy 0.215  std 0.217  lr 1.0e-04  fps   8125  1954.8s
it 2696/4000  reward     nan  ep_len    nan  fell    0  err_xy 0.176  std 0.217  lr 1.0e-04  fps   9283  1955.1s
it 2697/4000  reward     nan  ep_len    nan  fell    0  err_xy 0.200  std 0.217  lr 1.0e-04  fps   9291  1955.3s
it 2698/4000  reward     nan  ep_len    nan  fell    0  err_xy 0.192  std 0.217  lr 1.0e-04  fps   9075  1955.6s
it 2699/4000  reward     nan  ep_len    nan  fell    0  err_xy 0.160  std 0.217  lr 1.0e-04  fps   9018  1955.8s
it 2700/4000  reward     nan  ep_len    nan  fell    0  err_xy 0.160  std 0.217  lr 1.0e-04  fps   8857  1956.1s
it 2701/4000  reward     nan  ep_len    nan  fell    0  err_xy 0.137  std 0.217  lr 1.0e-04  fps   8624  1956.4s
it 2702/4000  reward     nan  ep_len    nan  fell    0  err_xy 0.118  std 0.217  lr 1.0e-04  fps   8486  1956.6s
it 2703/4000  reward     nan  ep_len    nan  fell    0  err_xy 0.098  std 0.217  lr 1.0e-04  fps   8418  1956.9s
it 2704/4000  reward     nan  ep_len    nan  fell    0  err_xy 0.092  std 0.217  lr 1.0e-04  fps   8360  1957.2s
it 2705/4000  reward     nan  ep_len    nan  fell    0  err_xy 0.080  std 0.217  lr 1.0e-04  fps   8324  1957.5s
it 2706/4000  reward     nan  ep_len    nan  fell    0  err_xy 0.071  std 0.217  lr 1.0e-04  fps   8248  1957.8s
it 2707/4000  reward     nan  ep_len    nan  fell    0  err_xy 0.064  std 0.217  lr 1.0e-04  fps   8348  1958.0s
it 2708/4000  reward     nan  ep_len    nan  fell    0  err_xy 0.060  std 0.217  lr 1.0e-04  fps   8245  1958.3s
it 2709/4000  reward     nan  ep_len    nan  fell    0  err_xy 0.054  std 0.217  lr 1.0e-04  fps   8229  1958.6s
it 2710/4000  reward     nan  ep_len    nan  fell    0  err_xy 0.057  std 0.217  lr 1.0e-04  fps   8176  1958.9s
it 2711/4000  reward     nan  ep_len    nan  fell    0  err_xy 0.058  std 0.217  lr 1.0e-04  fps   7932  1959.2s
it 2712/4000  reward     nan  ep_len    nan  fell    0  err_xy 0.050  std 0.217  lr 1.0e-04  fps   8260  1959.4s
it 2713/4000  reward     nan  ep_len    nan  fell    0  err_xy 0.052  std 0.217  lr 1.0e-04  fps   8276  1959.7s
it 2714/4000  reward     nan  ep_len    nan  fell    0  err_xy 0.058  std 0.217  lr 1.0e-04  fps   8302  1960.0s
it 2715/4000  reward     nan  ep_len    nan  fell    0  err_xy 0.060  std 0.217  lr 1.0e-04  fps   8219  1960.3s
it 2716/4000  reward     nan  ep_len    nan  fell    0  err_xy 0.056  std 0.217  lr 1.0e-04  fps   8192  1960.6s
it 2717/4000  reward     nan  ep_len    nan  fell    0  err_xy 0.050  std 0.217  lr 1.0e-04  fps   8196  1960.8s
it 2718/4000  reward     nan  ep_len    nan  fell    0  err_xy 0.043  std 0.217  lr 1.0e-04  fps   8107  1961.1s
it 2719/4000  reward     nan  ep_len    nan  fell    0  err_xy 0.038  std 0.217  lr 1.0e-04  fps   7875  1961.4s
it 2720/4000  reward     nan  ep_len    nan  fell    0  err_xy 0.032  std 0.217  lr 1.0e-04  fps   7612  1961.7s
it 2721/4000  reward     nan  ep_len    nan  fell    0  err_xy 0.027  std 0.217  lr 1.0e-04  fps   7829  1962.0s
it 2722/4000  reward     nan  ep_len    nan  fell    0  err_xy 0.022  std 0.217  lr 1.0e-04  fps   7982  1962.3s
it 2723/4000  reward     nan  ep_len    nan  fell    0  err_xy 0.023  std 0.217  lr 1.0e-04  fps   7852  1962.6s
it 2724/4000  reward     nan  ep_len    nan  fell    0  err_xy 0.022  std 0.217  lr 1.0e-04  fps   8117  1962.9s
it 2725/4000  reward     nan  ep_len    nan  fell    0  err_xy 0.020  std 0.217  lr 1.0e-04  fps   8028  1963.2s
it 2726/4000  reward     nan  ep_len    nan  fell    0  err_xy 0.020  std 0.217  lr 1.0e-04  fps   8127  1963.5s
it 2727/4000  reward  191.75  ep_len  808.0  fell    0  err_xy 0.019  std 0.217  lr 1.0e-04  fps   6626  1963.8s
it 2728/4000  reward     nan  ep_len    nan  fell    0  err_xy 0.223  std 0.217  lr 1.0e-04  fps   8874  1964.1s
it 2729/4000  reward     nan  ep_len    nan  fell    0  err_xy 0.212  std 0.217  lr 1.0e-04  fps   8890  1964.3s
it 2730/4000  reward     nan  ep_len    nan  fell    0  err_xy 0.184  std 0.217  lr 1.0e-04  fps   8963  1964.6s
it 2731/4000  reward     nan  ep_len    nan  fell    0  err_xy 0.189  std 0.217  lr 1.0e-04  fps   9152  1964.8s
it 2732/4000  reward     nan  ep_len    nan  fell    0  err_xy 0.206  std 0.217  lr 1.0e-04  fps   8942  1965.1s
it 2733/4000  reward     nan  ep_len    nan  fell    0  err_xy 0.209  std 0.217  lr 1.0e-04  fps   8852  1965.3s
it 2734/4000  reward     nan  ep_len    nan  fell    0  err_xy 0.173  std 0.217  lr 1.0e-04  fps   8731  1965.6s
it 2735/4000  reward     nan  ep_len    nan  fell    0  err_xy 0.151  std 0.217  lr 1.0e-04  fps   8631  1965.9s
it 2736/4000  reward     nan  ep_len    nan  fell    0  err_xy 0.136  std 0.217  lr 1.0e-04  fps   8489  1966.2s
it 2737/4000  reward     nan  ep_len    nan  fell    0  err_xy 0.105  std 0.217  lr 1.0e-04  fps   8430  1966.4s
it 2738/4000  reward     nan  ep_len    nan  fell    0  err_xy 0.109  std 0.217  lr 1.0e-04  fps   8429  1966.7s
it 2739/4000  reward     nan  ep_len    nan  fell    0  err_xy 0.105  std 0.217  lr 1.0e-04  fps   8318  1967.0s
it 2740/4000  reward     nan  ep_len    nan  fell    0  err_xy 0.101  std 0.217  lr 1.0e-04  fps   8315  1967.3s
it 2741/4000  reward     nan  ep_len    nan  fell    0  err_xy 0.077  std 0.217  lr 1.0e-04  fps   8105  1967.5s
it 2742/4000  reward     nan  ep_len    nan  fell    0  err_xy 0.068  std 0.217  lr 1.0e-04  fps   8281  1967.8s
it 2743/4000  reward     nan  ep_len    nan  fell    0  err_xy 0.075  std 0.217  lr 1.0e-04  fps   8140  1968.1s
it 2744/4000  reward     nan  ep_len    nan  fell    0  err_xy 0.065  std 0.217  lr 1.0e-04  fps   8174  1968.4s
it 2745/4000  reward     nan  ep_len    nan  fell    0  err_xy 0.056  std 0.217  lr 1.0e-04  fps   8222  1968.7s
it 2746/4000  reward     nan  ep_len    nan  fell    0  err_xy 0.057  std 0.217  lr 1.0e-04  fps   7617  1969.0s
it 2747/4000  reward     nan  ep_len    nan  fell    0  err_xy 0.060  std 0.217  lr 1.0e-04  fps   8078  1969.3s
it 2748/4000  reward     nan  ep_len    nan  fell    0  err_xy 0.052  std 0.217  lr 1.0e-04  fps   8058  1969.5s
it 2749/4000  reward     nan  ep_len    nan  fell    0  err_xy 0.051  std 0.217  lr 1.0e-04  fps   8055  1969.8s
it 2750/4000  reward     nan  ep_len    nan  fell    0  err_xy 0.040  std 0.217  lr 1.0e-04  fps   8223  1970.1s
it 2751/4000  reward     nan  ep_len    nan  fell    0  err_xy 0.040  std 0.217  lr 1.0e-04  fps   8184  1970.4s
it 2752/4000  reward     nan  ep_len    nan  fell    0  err_xy 0.034  std 0.217  lr 1.0e-04  fps   8113  1970.7s
it 2753/4000  reward     nan  ep_len    nan  fell    0  err_xy 0.024  std 0.217  lr 1.0e-04  fps   8155  1971.0s
it 2754/4000  reward     nan  ep_len    nan  fell    0  err_xy 0.022  std 0.217  lr 1.0e-04  fps   8148  1971.2s
it 2755/4000  reward     nan  ep_len    nan  fell    0  err_xy 0.021  std 0.217  lr 1.0e-04  fps   8094  1971.5s
it 2756/4000  reward     nan  ep_len    nan  fell    0  err_xy 0.019  std 0.217  lr 1.0e-04  fps   8083  1971.8s
it 2757/4000  reward     nan  ep_len    nan  fell    0  err_xy 0.016  std 0.217  lr 1.0e-04  fps   8066  1972.1s
it 2758/4000  reward     nan  ep_len    nan  fell    0  err_xy 0.023  std 0.217  lr 1.0e-04  fps   8050  1972.4s
it 2759/4000  reward     nan  ep_len    nan  fell    0  err_xy 0.025  std 0.217  lr 1.0e-04  fps   7888  1972.7s
it 2760/4000  reward     nan  ep_len    nan  fell    0  err_xy 0.023  std 0.217  lr 1.0e-04  fps   7845  1973.0s
it 2761/4000  reward  200.16  ep_len  808.0  fell    0  err_xy 0.076  std 0.217  lr 1.0e-04  fps   6868  1973.3s
it 2762/4000  reward     nan  ep_len    nan  fell    0  err_xy 0.254  std 0.217  lr 1.0e-04  fps   8995  1973.6s
it 2763/4000  reward     nan  ep_len    nan  fell    0  err_xy 0.196  std 0.217  lr 1.0e-04  fps   9191  1973.8s
it 2764/4000  reward     nan  ep_len    nan  fell    0  err_xy 0.220  std 0.217  lr 1.0e-04  fps   9287  1974.1s
it 2765/4000  reward     nan  ep_len    nan  fell    0  err_xy 0.233  std 0.217  lr 1.0e-04  fps   9170  1974.3s
it 2766/4000  reward     nan  ep_len    nan  fell    0  err_xy 0.225  std 0.217  lr 1.0e-04  fps   8881  1974.6s
it 2767/4000  reward     nan  ep_len    nan  fell    0  err_xy 0.210  std 0.217  lr 1.0e-04  fps   8632  1974.8s
it 2768/4000  reward     nan  ep_len    nan  fell    0  err_xy 0.179  std 0.217  lr 1.0e-04  fps   8757  1975.1s
it 2769/4000  reward     nan  ep_len    nan  fell    0  err_xy 0.158  std 0.217  lr 1.0e-04  fps   8630  1975.4s
it 2770/4000  reward     nan  ep_len    nan  fell    0  err_xy 0.148  std 0.217  lr 1.0e-04  fps   8374  1975.6s
it 2771/4000  reward     nan  ep_len    nan  fell    0  err_xy 0.137  std 0.217  lr 1.0e-04  fps   8436  1975.9s
it 2772/4000  reward     nan  ep_len    nan  fell    0  err_xy 0.113  std 0.217  lr 1.0e-04  fps   8396  1976.2s
it 2773/4000  reward     nan  ep_len    nan  fell    0  err_xy 0.095  std 0.217  lr 1.0e-04  fps   7910  1976.5s
it 2774/4000  reward     nan  ep_len    nan  fell    0  err_xy 0.088  std 0.217  lr 1.0e-04  fps   8110  1976.8s
it 2775/4000  reward     nan  ep_len    nan  fell    0  err_xy 0.093  std 0.217  lr 1.0e-04  fps   7937  1977.1s
it 2776/4000  reward     nan  ep_len    nan  fell    0  err_xy 0.077  std 0.217  lr 1.0e-04  fps   8121  1977.3s
it 2777/4000  reward     nan  ep_len    nan  fell    0  err_xy 0.061  std 0.217  lr 1.0e-04  fps   8232  1977.6s
it 2778/4000  reward     nan  ep_len    nan  fell    0  err_xy 0.069  std 0.217  lr 1.0e-04  fps   8222  1977.9s
it 2779/4000  reward     nan  ep_len    nan  fell    0  err_xy 0.058  std 0.217  lr 1.0e-04  fps   8158  1978.2s
it 2780/4000  reward     nan  ep_len    nan  fell    0  err_xy 0.044  std 0.217  lr 1.0e-04  fps   8299  1978.5s
it 2781/4000  reward     nan  ep_len    nan  fell    0  err_xy 0.045  std 0.217  lr 1.0e-04  fps   8270  1978.7s
it 2782/4000  reward     nan  ep_len    nan  fell    0  err_xy 0.050  std 0.217  lr 1.0e-04  fps   8262  1979.0s
it 2783/4000  reward     nan  ep_len    nan  fell    0  err_xy 0.042  std 0.217  lr 1.0e-04  fps   8261  1979.3s
it 2784/4000  reward     nan  ep_len    nan  fell    0  err_xy 0.048  std 0.217  lr 1.0e-04  fps   8225  1979.6s
it 2785/4000  reward     nan  ep_len    nan  fell    0  err_xy 0.046  std 0.217  lr 1.0e-04  fps   8284  1979.9s
it 2786/4000  reward     nan  ep_len    nan  fell    0  err_xy 0.052  std 0.217  lr 1.0e-04  fps   8278  1980.1s
it 2787/4000  reward     nan  ep_len    nan  fell    0  err_xy 0.044  std 0.217  lr 1.0e-04  fps   8288  1980.4s
it 2788/4000  reward     nan  ep_len    nan  fell    0  err_xy 0.040  std 0.217  lr 1.0e-04  fps   8273  1980.7s
it 2789/4000  reward     nan  ep_len    nan  fell    0  err_xy 0.050  std 0.217  lr 1.0e-04  fps   8356  1981.0s
it 2790/4000  reward     nan  ep_len    nan  fell    0  err_xy 0.048  std 0.217  lr 1.0e-04  fps   8398  1981.2s
it 2791/4000  reward     nan  ep_len    nan  fell    0  err_xy 0.038  std 0.217  lr 1.0e-04  fps   8258  1981.5s
it 2792/4000  reward     nan  ep_len    nan  fell    0  err_xy 0.039  std 0.217  lr 1.0e-04  fps   8267  1981.8s
it 2793/4000  reward     nan  ep_len    nan  fell    0  err_xy 0.034  std 0.217  lr 1.0e-04  fps   8361  1982.1s
it 2794/4000  reward     nan  ep_len    nan  fell    0  err_xy 0.037  std 0.217  lr 1.0e-04  fps   8362  1982.4s
it 2795/4000  reward  189.43  ep_len  808.0  fell    0  err_xy 0.189  std 0.217  lr 1.0e-04  fps   7151  1982.7s
it 2796/4000  reward     nan  ep_len    nan  fell    0  err_xy 0.234  std 0.217  lr 1.0e-04  fps   9104  1982.9s
it 2797/4000  reward     nan  ep_len    nan  fell    0  err_xy 0.203  std 0.217  lr 1.0e-04  fps   9160  1983.2s
it 2798/4000  reward     nan  ep_len    nan  fell    0  err_xy 0.203  std 0.217  lr 1.0e-04  fps   9089  1983.4s
it 2799/4000  reward     nan  ep_len    nan  fell    0  err_xy 0.206  std 0.217  lr 1.0e-04  fps   8914  1983.7s
it 2800/4000  reward     nan  ep_len    nan  fell    0  err_xy 0.198  std 0.217  lr 1.0e-04  fps   8826  1984.0s
it 2801/4000  reward     nan  ep_len    nan  fell    0  err_xy 0.173  std 0.217  lr 1.0e-04  fps   7910  1984.3s
it 2802/4000  reward     nan  ep_len    nan  fell    0  err_xy 0.147  std 0.217  lr 1.0e-04  fps   8487  1984.5s
it 2803/4000  reward     nan  ep_len    nan  fell    0  err_xy 0.128  std 0.217  lr 1.0e-04  fps   8521  1984.8s
it 2804/4000  reward     nan  ep_len    nan  fell    0  err_xy 0.119  std 0.217  lr 1.0e-04  fps   8437  1985.1s
it 2805/4000  reward     nan  ep_len    nan  fell    0  err_xy 0.104  std 0.217  lr 1.0e-04  fps   8344  1985.3s
it 2806/4000  reward     nan  ep_len    nan  fell    0  err_xy 0.086  std 0.217  lr 1.0e-04  fps   8257  1985.6s
it 2807/4000  reward     nan  ep_len    nan  fell    0  err_xy 0.071  std 0.217  lr 1.0e-04  fps   8288  1985.9s
it 2808/4000  reward     nan  ep_len    nan  fell    0  err_xy 0.067  std 0.217  lr 1.0e-04  fps   8254  1986.2s
it 2809/4000  reward     nan  ep_len    nan  fell    0  err_xy 0.062  std 0.217  lr 1.0e-04  fps   8119  1986.5s
it 2810/4000  reward     nan  ep_len    nan  fell    0  err_xy 0.045  std 0.217  lr 1.0e-04  fps   7576  1986.8s
it 2811/4000  reward     nan  ep_len    nan  fell    0  err_xy 0.052  std 0.217  lr 1.0e-04  fps   8187  1987.1s
it 2812/4000  reward     nan  ep_len    nan  fell    0  err_xy 0.038  std 0.217  lr 1.0e-04  fps   8186  1987.3s
it 2813/4000  reward     nan  ep_len    nan  fell    0  err_xy 0.039  std 0.217  lr 1.0e-04  fps   8098  1987.6s
it 2814/4000  reward     nan  ep_len    nan  fell    0  err_xy 0.031  std 0.217  lr 1.0e-04  fps   8096  1987.9s
it 2815/4000  reward     nan  ep_len    nan  fell    0  err_xy 0.022  std 0.217  lr 1.0e-04  fps   8124  1988.2s
it 2816/4000  reward     nan  ep_len    nan  fell    0  err_xy 0.020  std 0.217  lr 1.0e-04  fps   8017  1988.5s
it 2817/4000  reward     nan  ep_len    nan  fell    0  err_xy 0.020  std 0.217  lr 1.0e-04  fps   8097  1988.8s
it 2818/4000  reward     nan  ep_len    nan  fell    0  err_xy 0.017  std 0.217  lr 1.0e-04  fps   8042  1989.0s
it 2819/4000  reward     nan  ep_len    nan  fell    0  err_xy 0.016  std 0.217  lr 1.0e-04  fps   8097  1989.3s
it 2820/4000  reward     nan  ep_len    nan  fell    0  err_xy 0.015  std 0.217  lr 1.0e-04  fps   8023  1989.6s
it 2821/4000  reward     nan  ep_len    nan  fell    0  err_xy 0.016  std 0.217  lr 1.0e-04  fps   8254  1989.9s
it 2822/4000  reward     nan  ep_len    nan  fell    0  err_xy 0.013  std 0.217  lr 1.0e-04  fps   8346  1990.2s
it 2823/4000  reward     nan  ep_len    nan  fell    0  err_xy 0.013  std 0.217  lr 1.0e-04  fps   8257  1990.5s
it 2824/4000  reward     nan  ep_len    nan  fell    0  err_xy 0.013  std 0.217  lr 1.0e-04  fps   8237  1990.7s
it 2825/4000  reward     nan  ep_len    nan  fell    0  err_xy 0.011  std 0.217  lr 1.0e-04  fps   8361  1991.0s
it 2826/4000  reward     nan  ep_len    nan  fell    0  err_xy 0.012  std 0.217  lr 1.0e-04  fps   8440  1991.3s
it 2827/4000  reward     nan  ep_len    nan  fell    0  err_xy 0.012  std 0.217  lr 1.0e-04  fps   8388  1991.6s
it 2828/4000  reward  214.46  ep_len  808.0  fell    0  err_xy 0.011  std 0.217  lr 1.0e-04  fps   7015  1991.9s
it 2829/4000  reward     nan  ep_len    nan  fell    0  err_xy 0.240  std 0.217  lr 1.0e-04  fps   9088  1992.1s
it 2830/4000  reward     nan  ep_len    nan  fell    0  err_xy 0.216  std 0.217  lr 1.0e-04  fps   9188  1992.4s
it 2831/4000  reward     nan  ep_len    nan  fell    0  err_xy 0.211  std 0.217  lr 1.0e-04  fps   9269  1992.6s
it 2832/4000  reward     nan  ep_len    nan  fell    0  err_xy 0.217  std 0.217  lr 1.0e-04  fps   9363  1992.9s
it 2833/4000  reward     nan  ep_len    nan  fell    0  err_xy 0.210  std 0.217  lr 1.0e-04  fps   9134  1993.1s
it 2834/4000  reward     nan  ep_len    nan  fell    0  err_xy 0.203  std 0.217  lr 1.0e-04  fps   7444  1993.4s
it 2835/4000  reward     nan  ep_len    nan  fell    0  err_xy 0.174  std 0.217  lr 1.0e-04  fps   8588  1993.7s
it 2836/4000  reward     nan  ep_len    nan  fell    0  err_xy 0.166  std 0.217  lr 1.0e-04  fps   8862  1994.0s
it 2837/4000  reward     nan  ep_len    nan  fell    0  err_xy 0.167  std 0.217  lr 1.0e-04  fps   8494  1994.2s
it 2838/4000  reward     nan  ep_len    nan  fell    0  err_xy 0.150  std 0.217  lr 1.0e-04  fps   8453  1994.5s
it 2839/4000  reward     nan  ep_len    nan  fell    0  err_xy 0.144  std 0.217  lr 1.0e-04  fps   8512  1994.8s
it 2840/4000  reward     nan  ep_len    nan  fell    0  err_xy 0.142  std 0.217  lr 1.0e-04  fps   8344  1995.1s
it 2841/4000  reward     nan  ep_len    nan  fell    0  err_xy 0.130  std 0.217  lr 1.0e-04  fps   8630  1995.3s
it 2842/4000  reward     nan  ep_len    nan  fell    0  err_xy 0.109  std 0.217  lr 1.0e-04  fps   8384  1995.6s
it 2843/4000  reward     nan  ep_len    nan  fell    0  err_xy 0.105  std 0.217  lr 1.0e-04  fps   8356  1995.9s
it 2844/4000  reward     nan  ep_len    nan  fell    0  err_xy 0.098  std 0.217  lr 1.0e-04  fps   8138  1996.2s
it 2845/4000  reward     nan  ep_len    nan  fell    0  err_xy 0.104  std 0.217  lr 1.0e-04  fps   8117  1996.5s
it 2846/4000  reward     nan  ep_len    nan  fell    0  err_xy 0.107  std 0.217  lr 1.0e-04  fps   8322  1996.7s
it 2847/4000  reward     nan  ep_len    nan  fell    0  err_xy 0.096  std 0.217  lr 1.0e-04  fps   8486  1997.0s
it 2848/4000  reward     nan  ep_len    nan  fell    0  err_xy 0.091  std 0.217  lr 1.0e-04  fps   8199  1997.3s
it 2849/4000  reward     nan  ep_len    nan  fell    0  err_xy 0.080  std 0.217  lr 1.0e-04  fps   8051  1997.6s
it 2850/4000  reward     nan  ep_len    nan  fell    0  err_xy 0.073  std 0.217  lr 1.0e-04  fps   8204  1997.9s
it 2851/4000  reward     nan  ep_len    nan  fell    0  err_xy 0.071  std 0.217  lr 1.0e-04  fps   8043  1998.1s
it 2852/4000  reward     nan  ep_len    nan  fell    0  err_xy 0.061  std 0.217  lr 1.0e-04  fps   8099  1998.4s
it 2853/4000  reward     nan  ep_len    nan  fell    0  err_xy 0.058  std 0.217  lr 1.0e-04  fps   8238  1998.7s
it 2854/4000  reward     nan  ep_len    nan  fell    0  err_xy 0.060  std 0.217  lr 1.0e-04  fps   8200  1999.0s
it 2855/4000  reward     nan  ep_len    nan  fell    0  err_xy 0.057  std 0.217  lr 1.0e-04  fps   8356  1999.3s
it 2856/4000  reward     nan  ep_len    nan  fell    0  err_xy 0.045  std 0.217  lr 1.0e-04  fps   8374  1999.5s
it 2857/4000  reward     nan  ep_len    nan  fell    0  err_xy 0.046  std 0.217  lr 1.0e-04  fps   8227  1999.8s
it 2858/4000  reward     nan  ep_len    nan  fell    0  err_xy 0.032  std 0.217  lr 1.0e-04  fps   8310  2000.1s
it 2859/4000  reward     nan  ep_len    nan  fell    0  err_xy 0.037  std 0.217  lr 1.0e-04  fps   8321  2000.4s
it 2860/4000  reward     nan  ep_len    nan  fell    0  err_xy 0.034  std 0.217  lr 1.0e-04  fps   8289  2000.7s
it 2861/4000  reward     nan  ep_len    nan  fell    0  err_xy 0.038  std 0.217  lr 1.0e-04  fps   8304  2000.9s
it 2862/4000  reward  175.63  ep_len  808.0  fell    0  err_xy 0.085  std 0.217  lr 1.0e-04  fps   7018  2001.3s
it 2863/4000  reward     nan  ep_len    nan  fell    0  err_xy 0.268  std 0.217  lr 1.0e-04  fps   8414  2001.5s
it 2864/4000  reward     nan  ep_len    nan  fell    0  err_xy 0.250  std 0.217  lr 1.0e-04  fps   9199  2001.8s
it 2865/4000  reward     nan  ep_len    nan  fell    0  err_xy 0.232  std 0.217  lr 1.0e-04  fps   9123  2002.0s
it 2866/4000  reward     nan  ep_len    nan  fell    0  err_xy 0.231  std 0.217  lr 1.0e-04  fps   8355  2002.3s
it 2867/4000  reward     nan  ep_len    nan  fell    0  err_xy 0.218  std 0.217  lr 1.0e-04  fps   8898  2002.6s
it 2868/4000  reward     nan  ep_len    nan  fell    0  err_xy 0.190  std 0.217  lr 1.0e-04  fps   8680  2002.8s
it 2869/4000  reward     nan  ep_len    nan  fell    0  err_xy 0.157  std 0.217  lr 1.0e-04  fps   8528  2003.1s
it 2870/4000  reward     nan  ep_len    nan  fell    0  err_xy 0.163  std 0.217  lr 1.0e-04  fps   8479  2003.4s
it 2871/4000  reward     nan  ep_len    nan  fell    0  err_xy 0.135  std 0.217  lr 1.0e-04  fps   8245  2003.7s
it 2872/4000  reward     nan  ep_len    nan  fell    0  err_xy 0.112  std 0.217  lr 1.0e-04  fps   8295  2003.9s
it 2873/4000  reward     nan  ep_len    nan  fell    0  err_xy 0.084  std 0.217  lr 1.0e-04  fps   8290  2004.2s
it 2874/4000  reward     nan  ep_len    nan  fell    0  err_xy 0.061  std 0.217  lr 1.0e-04  fps   8160  2004.5s
it 2875/4000  reward     nan  ep_len    nan  fell    0  err_xy 0.055  std 0.217  lr 1.0e-04  fps   8167  2004.8s
it 2876/4000  reward     nan  ep_len    nan  fell    0  err_xy 0.048  std 0.217  lr 1.0e-04  fps   8117  2005.1s
it 2877/4000  reward     nan  ep_len    nan  fell    0  err_xy 0.053  std 0.217  lr 1.0e-04  fps   8167  2005.3s
it 2878/4000  reward     nan  ep_len    nan  fell    0  err_xy 0.050  std 0.217  lr 1.0e-04  fps   8138  2005.6s
it 2879/4000  reward     nan  ep_len    nan  fell    0  err_xy 0.037  std 0.217  lr 1.0e-04  fps   8098  2005.9s
it 2880/4000  reward     nan  ep_len    nan  fell    0  err_xy 0.033  std 0.217  lr 1.0e-04  fps   8119  2006.2s
it 2881/4000  reward     nan  ep_len    nan  fell    0  err_xy 0.037  std 0.217  lr 1.0e-04  fps   8226  2006.5s
it 2882/4000  reward     nan  ep_len    nan  fell    0  err_xy 0.037  std 0.217  lr 1.0e-04  fps   8179  2006.8s
it 2883/4000  reward     nan  ep_len    nan  fell    0  err_xy 0.034  std 0.217  lr 1.0e-04  fps   8037  2007.0s
it 2884/4000  reward     nan  ep_len    nan  fell    0  err_xy 0.029  std 0.217  lr 1.0e-04  fps   8061  2007.3s
it 2885/4000  reward     nan  ep_len    nan  fell    0  err_xy 0.024  std 0.217  lr 1.0e-04  fps   8121  2007.6s
it 2886/4000  reward     nan  ep_len    nan  fell    0  err_xy 0.022  std 0.217  lr 1.0e-04  fps   8254  2007.9s
it 2887/4000  reward     nan  ep_len    nan  fell    0  err_xy 0.023  std 0.217  lr 1.0e-04  fps   8220  2008.2s
it 2888/4000  reward     nan  ep_len    nan  fell    0  err_xy 0.021  std 0.217  lr 1.0e-04  fps   8191  2008.5s
it 2889/4000  reward     nan  ep_len    nan  fell    0  err_xy 0.023  std 0.217  lr 1.0e-04  fps   7974  2008.7s
it 2890/4000  reward     nan  ep_len    nan  fell    0  err_xy 0.016  std 0.217  lr 1.0e-04  fps   8228  2009.0s
it 2891/4000  reward     nan  ep_len    nan  fell    0  err_xy 0.014  std 0.217  lr 1.0e-04  fps   8220  2009.3s
it 2892/4000  reward     nan  ep_len    nan  fell    0  err_xy 0.016  std 0.217  lr 1.0e-04  fps   8119  2009.6s
it 2893/4000  reward     nan  ep_len    nan  fell    0  err_xy 0.013  std 0.217  lr 1.0e-04  fps   8256  2009.9s
it 2894/4000  reward     nan  ep_len    nan  fell    0  err_xy 0.014  std 0.217  lr 1.0e-04  fps   8248  2010.2s
it 2895/4000  reward     nan  ep_len    nan  fell    0  err_xy 0.014  std 0.217  lr 1.0e-04  fps   8374  2010.4s
it 2896/4000  reward  208.30  ep_len  808.0  fell    0  err_xy 0.185  std 0.217  lr 1.0e-04  fps   7273  2010.7s
it 2897/4000  reward     nan  ep_len    nan  fell    0  err_xy 0.236  std 0.217  lr 1.0e-04  fps   9262  2011.0s
it 2898/4000  reward     nan  ep_len    nan  fell    0  err_xy 0.215  std 0.217  lr 1.0e-04  fps   9028  2011.3s
it 2899/4000  reward     nan  ep_len    nan  fell    0  err_xy 0.210  std 0.217  lr 1.0e-04  fps   9089  2011.5s
it 2900/4000  reward     nan  ep_len    nan  fell    0  err_xy 0.209  std 0.217  lr 1.0e-04  fps   8763  2011.8s
it 2901/4000  reward     nan  ep_len    nan  fell    0  err_xy 0.218  std 0.217  lr 1.0e-04  fps   8673  2012.0s
it 2902/4000  reward     nan  ep_len    nan  fell    0  err_xy 0.197  std 0.217  lr 1.0e-04  fps   8646  2012.3s
it 2903/4000  reward     nan  ep_len    nan  fell    0  err_xy 0.169  std 0.217  lr 1.0e-04  fps   8497  2012.6s
it 2904/4000  reward     nan  ep_len    nan  fell    0  err_xy 0.145  std 0.217  lr 1.0e-04  fps   8488  2012.8s
it 2905/4000  reward     nan  ep_len    nan  fell    0  err_xy 0.113  std 0.217  lr 1.0e-04  fps   8248  2013.1s
it 2906/4000  reward     nan  ep_len    nan  fell    0  err_xy 0.095  std 0.217  lr 1.0e-04  fps   8267  2013.4s
it 2907/4000  reward     nan  ep_len    nan  fell    0  err_xy 0.086  std 0.217  lr 1.0e-04  fps   8132  2013.7s
it 2908/4000  reward     nan  ep_len    nan  fell    0  err_xy 0.056  std 0.217  lr 1.0e-04  fps   8029  2014.0s
it 2909/4000  reward     nan  ep_len    nan  fell    0  err_xy 0.054  std 0.217  lr 1.0e-04  fps   8031  2014.3s
it 2910/4000  reward     nan  ep_len    nan  fell    0  err_xy 0.050  std 0.217  lr 1.0e-04  fps   8003  2014.6s
it 2911/4000  reward     nan  ep_len    nan  fell    0  err_xy 0.040  std 0.217  lr 1.0e-04  fps   7313  2014.9s
it 2912/4000  reward     nan  ep_len    nan  fell    0  err_xy 0.032  std 0.217  lr 1.0e-04  fps   8034  2015.2s
it 2913/4000  reward     nan  ep_len    nan  fell    0  err_xy 0.026  std 0.217  lr 1.0e-04  fps   7968  2015.4s
it 2914/4000  reward     nan  ep_len    nan  fell    0  err_xy 0.023  std 0.217  lr 1.0e-04  fps   7998  2015.7s
it 2915/4000  reward     nan  ep_len    nan  fell    0  err_xy 0.023  std 0.217  lr 1.0e-04  fps   8064  2016.0s
it 2916/4000  reward     nan  ep_len    nan  fell    0  err_xy 0.018  std 0.217  lr 1.0e-04  fps   8068  2016.3s
it 2917/4000  reward     nan  ep_len    nan  fell    0  err_xy 0.018  std 0.217  lr 1.0e-04  fps   7928  2016.6s
it 2918/4000  reward     nan  ep_len    nan  fell    0  err_xy 0.017  std 0.217  lr 1.0e-04  fps   8005  2016.9s
it 2919/4000  reward     nan  ep_len    nan  fell    0  err_xy 0.017  std 0.217  lr 1.0e-04  fps   8116  2017.2s
it 2920/4000  reward     nan  ep_len    nan  fell    0  err_xy 0.019  std 0.217  lr 1.0e-04  fps   8165  2017.4s
it 2921/4000  reward     nan  ep_len    nan  fell    0  err_xy 0.020  std 0.217  lr 1.0e-04  fps   7966  2017.7s
it 2922/4000  reward     nan  ep_len    nan  fell    0  err_xy 0.014  std 0.217  lr 1.0e-04  fps   7955  2018.0s
it 2923/4000  reward     nan  ep_len    nan  fell    0  err_xy 0.012  std 0.217  lr 1.0e-04  fps   7890  2018.3s
it 2924/4000  reward     nan  ep_len    nan  fell    0  err_xy 0.016  std 0.217  lr 1.0e-04  fps   7780  2018.6s
it 2925/4000  reward     nan  ep_len    nan  fell    0  err_xy 0.014  std 0.217  lr 1.0e-04  fps   7974  2018.9s
it 2926/4000  reward     nan  ep_len    nan  fell    0  err_xy 0.015  std 0.217  lr 1.0e-04  fps   8171  2019.2s
it 2927/4000  reward     nan  ep_len    nan  fell    0  err_xy 0.016  std 0.217  lr 1.0e-04  fps   8210  2019.5s
it 2928/4000  reward     nan  ep_len    nan  fell    0  err_xy 0.017  std 0.217  lr 1.0e-04  fps   7895  2019.8s
it 2929/4000  reward  216.91  ep_len  808.0  fell    0  err_xy 0.014  std 0.217  lr 1.0e-04  fps   6744  2020.1s
it 2930/4000  reward     nan  ep_len    nan  fell    0  err_xy 0.254  std 0.217  lr 1.0e-04  fps   8980  2020.4s
it 2931/4000  reward     nan  ep_len    nan  fell    0  err_xy 0.256  std 0.217  lr 1.0e-04  fps   8698  2020.6s
it 2932/4000  reward     nan  ep_len    nan  fell    0  err_xy 0.237  std 0.217  lr 1.0e-04  fps   8585  2020.9s
it 2933/4000  reward     nan  ep_len    nan  fell    0  err_xy 0.290  std 0.217  lr 1.0e-04  fps   8913  2021.2s
it 2934/4000  reward     nan  ep_len    nan  fell    0  err_xy 0.329  std 0.217  lr 1.0e-04  fps   9003  2021.4s
it 2935/4000  reward     nan  ep_len    nan  fell    0  err_xy 0.314  std 0.217  lr 1.0e-04  fps   8978  2021.7s
it 2936/4000  reward     nan  ep_len    nan  fell    0  err_xy 0.247  std 0.217  lr 1.0e-04  fps   8778  2021.9s
it 2937/4000  reward     nan  ep_len    nan  fell    0  err_xy 0.229  std 0.217  lr 1.0e-04  fps   8856  2022.2s
it 2938/4000  reward     nan  ep_len    nan  fell    0  err_xy 0.203  std 0.217  lr 1.0e-04  fps   8685  2022.5s
it 2939/4000  reward     nan  ep_len    nan  fell    0  err_xy 0.174  std 0.217  lr 1.0e-04  fps   8524  2022.7s
it 2940/4000  reward     nan  ep_len    nan  fell    0  err_xy 0.193  std 0.217  lr 1.0e-04  fps   8529  2023.0s
it 2941/4000  reward     nan  ep_len    nan  fell    0  err_xy 0.180  std 0.217  lr 1.0e-04  fps   8473  2023.3s
it 2942/4000  reward     nan  ep_len    nan  fell    0  err_xy 0.168  std 0.217  lr 1.0e-04  fps   8391  2023.5s
it 2943/4000  reward     nan  ep_len    nan  fell    0  err_xy 0.150  std 0.217  lr 1.0e-04  fps   8409  2023.8s
it 2944/4000  reward     nan  ep_len    nan  fell    0  err_xy 0.118  std 0.217  lr 1.0e-04  fps   8302  2024.1s
it 2945/4000  reward     nan  ep_len    nan  fell    0  err_xy 0.091  std 0.217  lr 1.0e-04  fps   8208  2024.4s
it 2946/4000  reward     nan  ep_len    nan  fell    0  err_xy 0.070  std 0.217  lr 1.0e-04  fps   8150  2024.7s
it 2947/4000  reward     nan  ep_len    nan  fell    0  err_xy 0.059  std 0.217  lr 1.0e-04  fps   8080  2024.9s
it 2948/4000  reward     nan  ep_len    nan  fell    0  err_xy 0.054  std 0.217  lr 1.0e-04  fps   8067  2025.2s
it 2949/4000  reward     nan  ep_len    nan  fell    0  err_xy 0.047  std 0.217  lr 1.0e-04  fps   8025  2025.5s
it 2950/4000  reward     nan  ep_len    nan  fell    0  err_xy 0.043  std 0.217  lr 1.0e-04  fps   7941  2025.8s
it 2951/4000  reward     nan  ep_len    nan  fell    0  err_xy 0.040  std 0.217  lr 1.0e-04  fps   7954  2026.1s
it 2952/4000  reward     nan  ep_len    nan  fell    0  err_xy 0.032  std 0.217  lr 1.0e-04  fps   8024  2026.4s
it 2953/4000  reward     nan  ep_len    nan  fell    0  err_xy 0.028  std 0.217  lr 1.0e-04  fps   7947  2026.7s
it 2954/4000  reward     nan  ep_len    nan  fell    0  err_xy 0.027  std 0.217  lr 1.0e-04  fps   8003  2027.0s
it 2955/4000  reward     nan  ep_len    nan  fell    0  err_xy 0.021  std 0.217  lr 1.0e-04  fps   8047  2027.3s
it 2956/4000  reward     nan  ep_len    nan  fell    0  err_xy 0.019  std 0.217  lr 1.0e-04  fps   8050  2027.5s
it 2957/4000  reward     nan  ep_len    nan  fell    0  err_xy 0.019  std 0.217  lr 1.0e-04  fps   8098  2027.8s
it 2958/4000  reward     nan  ep_len    nan  fell    0  err_xy 0.017  std 0.217  lr 1.0e-04  fps   8004  2028.1s
it 2959/4000  reward     nan  ep_len    nan  fell    0  err_xy 0.019  std 0.217  lr 1.0e-04  fps   8079  2028.4s
it 2960/4000  reward     nan  ep_len    nan  fell    0  err_xy 0.017  std 0.217  lr 1.0e-04  fps   8052  2028.7s
it 2961/4000  reward     nan  ep_len    nan  fell    0  err_xy 0.016  std 0.217  lr 1.0e-04  fps   8199  2029.0s
it 2962/4000  reward     nan  ep_len    nan  fell    0  err_xy 0.019  std 0.217  lr 1.0e-04  fps   8233  2029.2s
it 2963/4000  reward  200.42  ep_len  808.0  fell    0  err_xy 0.080  std 0.217  lr 1.0e-04  fps   7024  2029.6s
it 2964/4000  reward     nan  ep_len    nan  fell    0  err_xy 0.255  std 0.217  lr 1.0e-04  fps   9071  2029.8s
it 2965/4000  reward     nan  ep_len    nan  fell    0  err_xy 0.236  std 0.217  lr 1.0e-04  fps   9170  2030.1s
it 2966/4000  reward     nan  ep_len    nan  fell    0  err_xy 0.201  std 0.217  lr 1.0e-04  fps   9040  2030.3s
it 2967/4000  reward     nan  ep_len    nan  fell    0  err_xy 0.227  std 0.217  lr 1.0e-04  fps   8823  2030.6s
it 2968/4000  reward     nan  ep_len    nan  fell    0  err_xy 0.209  std 0.217  lr 1.0e-04  fps   8744  2030.9s
it 2969/4000  reward     nan  ep_len    nan  fell    0  err_xy 0.194  std 0.217  lr 1.0e-04  fps   8582  2031.1s
it 2970/4000  reward     nan  ep_len    nan  fell    0  err_xy 0.153  std 0.217  lr 1.0e-04  fps   8540  2031.4s
it 2971/4000  reward     nan  ep_len    nan  fell    0  err_xy 0.130  std 0.217  lr 1.0e-04  fps   8285  2031.7s
it 2972/4000  reward     nan  ep_len    nan  fell    0  err_xy 0.106  std 0.217  lr 1.0e-04  fps   8332  2032.0s
it 2973/4000  reward     nan  ep_len    nan  fell    0  err_xy 0.091  std 0.217  lr 1.0e-04  fps   8277  2032.2s
it 2974/4000  reward     nan  ep_len    nan  fell    0  err_xy 0.081  std 0.217  lr 1.0e-04  fps   8181  2032.5s
it 2975/4000  reward     nan  ep_len    nan  fell    0  err_xy 0.048  std 0.217  lr 1.0e-04  fps   8165  2032.8s
it 2976/4000  reward     nan  ep_len    nan  fell    0  err_xy 0.033  std 0.217  lr 1.0e-04  fps   8090  2033.1s
it 2977/4000  reward     nan  ep_len    nan  fell    0  err_xy 0.029  std 0.217  lr 1.0e-04  fps   8124  2033.4s
it 2978/4000  reward     nan  ep_len    nan  fell    0  err_xy 0.027  std 0.217  lr 1.0e-04  fps   8112  2033.7s
it 2979/4000  reward     nan  ep_len    nan  fell    0  err_xy 0.026  std 0.217  lr 1.0e-04  fps   8059  2033.9s
it 2980/4000  reward     nan  ep_len    nan  fell    0  err_xy 0.025  std 0.217  lr 1.0e-04  fps   8092  2034.2s
it 2981/4000  reward     nan  ep_len    nan  fell    0  err_xy 0.022  std 0.217  lr 1.0e-04  fps   8080  2034.5s
it 2982/4000  reward     nan  ep_len    nan  fell    0  err_xy 0.023  std 0.217  lr 1.0e-04  fps   7958  2034.8s
it 2983/4000  reward     nan  ep_len    nan  fell    0  err_xy 0.018  std 0.217  lr 1.0e-04  fps   8062  2035.1s
it 2984/4000  reward     nan  ep_len    nan  fell    0  err_xy 0.021  std 0.217  lr 1.0e-04  fps   8061  2035.4s
it 2985/4000  reward     nan  ep_len    nan  fell    0  err_xy 0.020  std 0.217  lr 1.0e-04  fps   8127  2035.7s
it 2986/4000  reward     nan  ep_len    nan  fell    0  err_xy 0.017  std 0.217  lr 1.0e-04  fps   8114  2035.9s
it 2987/4000  reward     nan  ep_len    nan  fell    0  err_xy 0.016  std 0.217  lr 1.0e-04  fps   7981  2036.2s
it 2988/4000  reward     nan  ep_len    nan  fell    0  err_xy 0.018  std 0.217  lr 1.0e-04  fps   7633  2036.5s
it 2989/4000  reward     nan  ep_len    nan  fell    0  err_xy 0.018  std 0.217  lr 1.0e-04  fps   7004  2036.9s
it 2990/4000  reward     nan  ep_len    nan  fell    0  err_xy 0.021  std 0.217  lr 1.0e-04  fps   7916  2037.1s
it 2991/4000  reward     nan  ep_len    nan  fell    0  err_xy 0.020  std 0.217  lr 1.0e-04  fps   7988  2037.4s
it 2992/4000  reward     nan  ep_len    nan  fell    0  err_xy 0.022  std 0.217  lr 1.0e-04  fps   8085  2037.7s
it 2993/4000  reward     nan  ep_len    nan  fell    0  err_xy 0.021  std 0.217  lr 1.0e-04  fps   8107  2038.0s
it 2994/4000  reward     nan  ep_len    nan  fell    0  err_xy 0.023  std 0.217  lr 1.0e-04  fps   8203  2038.3s
it 2995/4000  reward     nan  ep_len    nan  fell    0  err_xy 0.028  std 0.217  lr 1.0e-04  fps   8193  2038.6s
it 2996/4000  reward     nan  ep_len    nan  fell    0  err_xy 0.026  std 0.217  lr 1.0e-04  fps   8203  2038.9s
it 2997/4000  reward  209.35  ep_len  808.0  fell    0  err_xy 0.187  std 0.217  lr 1.0e-04  fps   7058  2039.2s
it 2998/4000  reward     nan  ep_len    nan  fell    0  err_xy 0.214  std 0.217  lr 1.0e-04  fps   9103  2039.4s
it 2999/4000  reward     nan  ep_len    nan  fell    0  err_xy 0.223  std 0.217  lr 1.0e-04  fps   9034  2039.7s
it 3000/4000  reward     nan  ep_len    nan  fell    0  err_xy 0.217  std 0.217  lr 1.0e-04  fps   8881  2039.9s
it 3001/4000  reward     nan  ep_len    nan  fell    0  err_xy 0.201  std 0.217  lr 1.0e-04  fps   8501  2040.2s
it 3002/4000  reward     nan  ep_len    nan  fell    0  err_xy 0.173  std 0.217  lr 1.0e-04  fps   8417  2040.5s
it 3003/4000  reward     nan  ep_len    nan  fell    0  err_xy 0.130  std 0.217  lr 1.0e-04  fps   8267  2040.8s
it 3004/4000  reward     nan  ep_len    nan  fell    0  err_xy 0.090  std 0.217  lr 1.0e-04  fps   8170  2041.1s
it 3005/4000  reward     nan  ep_len    nan  fell    0  err_xy 0.082  std 0.217  lr 1.0e-04  fps   8096  2041.3s
it 3006/4000  reward     nan  ep_len    nan  fell    0  err_xy 0.061  std 0.217  lr 1.0e-04  fps   8103  2041.6s
it 3007/4000  reward     nan  ep_len    nan  fell    0  err_xy 0.040  std 0.217  lr 1.0e-04  fps   8029  2041.9s
it 3008/4000  reward     nan  ep_len    nan  fell    0  err_xy 0.041  std 0.217  lr 1.0e-04  fps   8006  2042.2s
it 3009/4000  reward     nan  ep_len    nan  fell    0  err_xy 0.039  std 0.217  lr 1.0e-04  fps   8189  2042.5s
it 3010/4000  reward     nan  ep_len    nan  fell    0  err_xy 0.040  std 0.217  lr 1.0e-04  fps   8153  2042.8s
it 3011/4000  reward     nan  ep_len    nan  fell    0  err_xy 0.043  std 0.217  lr 1.0e-04  fps   8120  2043.0s
it 3012/4000  reward     nan  ep_len    nan  fell    0  err_xy 0.039  std 0.217  lr 1.0e-04  fps   8252  2043.3s
it 3013/4000  reward     nan  ep_len    nan  fell    0  err_xy 0.034  std 0.217  lr 1.0e-04  fps   8173  2043.6s
it 3014/4000  reward     nan  ep_len    nan  fell    0  err_xy 0.027  std 0.217  lr 1.0e-04  fps   8130  2043.9s
it 3015/4000  reward     nan  ep_len    nan  fell    0  err_xy 0.024  std 0.217  lr 1.0e-04  fps   8190  2044.2s
it 3016/4000  reward     nan  ep_len    nan  fell    0  err_xy 0.025  std 0.217  lr 1.0e-04  fps   8202  2044.5s
it 3017/4000  reward     nan  ep_len    nan  fell    0  err_xy 0.022  std 0.217  lr 1.0e-04  fps   8086  2044.7s
it 3018/4000  reward     nan  ep_len    nan  fell    0  err_xy 0.021  std 0.217  lr 1.0e-04  fps   7984  2045.0s
it 3019/4000  reward     nan  ep_len    nan  fell    0  err_xy 0.022  std 0.217  lr 1.0e-04  fps   7801  2045.3s
it 3020/4000  reward     nan  ep_len    nan  fell    0  err_xy 0.019  std 0.217  lr 1.0e-04  fps   7891  2045.6s
it 3021/4000  reward     nan  ep_len    nan  fell    0  err_xy 0.019  std 0.217  lr 1.0e-04  fps   8309  2045.9s
it 3022/4000  reward     nan  ep_len    nan  fell    0  err_xy 0.020  std 0.217  lr 1.0e-04  fps   8414  2046.2s
it 3023/4000  reward     nan  ep_len    nan  fell    0  err_xy 0.017  std 0.217  lr 1.0e-04  fps   8389  2046.4s
it 3024/4000  reward     nan  ep_len    nan  fell    0  err_xy 0.022  std 0.217  lr 1.0e-04  fps   8448  2046.7s
it 3025/4000  reward     nan  ep_len    nan  fell    0  err_xy 0.021  std 0.217  lr 1.0e-04  fps   8365  2047.0s
it 3026/4000  reward     nan  ep_len    nan  fell    0  err_xy 0.015  std 0.217  lr 1.0e-04  fps   8244  2047.3s
it 3027/4000  reward     nan  ep_len    nan  fell    0  err_xy 0.014  std 0.217  lr 1.0e-04  fps   7991  2047.6s
it 3028/4000  reward     nan  ep_len    nan  fell    0  err_xy 0.013  std 0.217  lr 1.0e-04  fps   8214  2047.8s
it 3029/4000  reward     nan  ep_len    nan  fell    0  err_xy 0.014  std 0.216  lr 1.0e-04  fps   8514  2048.1s
it 3030/4000  reward  214.88  ep_len  808.0  fell    0  err_xy 0.017  std 0.217  lr 1.0e-04  fps   6952  2048.4s
it 3031/4000  reward     nan  ep_len    nan  fell    0  err_xy 0.257  std 0.217  lr 1.0e-04  fps   8968  2048.7s
it 3032/4000  reward     nan  ep_len    nan  fell    0  err_xy 0.209  std 0.217  lr 1.0e-04  fps   9145  2049.0s
it 3033/4000  reward     nan  ep_len    nan  fell    0  err_xy 0.201  std 0.217  lr 1.0e-04  fps   9037  2049.2s
it 3034/4000  reward     nan  ep_len    nan  fell    0  err_xy 0.206  std 0.217  lr 1.0e-04  fps   8895  2049.5s
it 3035/4000  reward     nan  ep_len    nan  fell    0  err_xy 0.225  std 0.217  lr 1.0e-04  fps   8707  2049.7s
it 3036/4000  reward     nan  ep_len    nan  fell    0  err_xy 0.188  std 0.217  lr 1.0e-04  fps   8538  2050.0s
it 3037/4000  reward     nan  ep_len    nan  fell    0  err_xy 0.156  std 0.217  lr 1.0e-04  fps   8451  2050.3s
it 3038/4000  reward     nan  ep_len    nan  fell    0  err_xy 0.126  std 0.217  lr 1.0e-04  fps   8243  2050.6s
it 3039/4000  reward     nan  ep_len    nan  fell    0  err_xy 0.096  std 0.217  lr 1.0e-04  fps   8258  2050.8s
it 3040/4000  reward     nan  ep_len    nan  fell    0  err_xy 0.098  std 0.217  lr 1.0e-04  fps   8303  2051.1s
it 3041/4000  reward     nan  ep_len    nan  fell    0  err_xy 0.098  std 0.217  lr 1.0e-04  fps   8257  2051.4s
it 3042/4000  reward     nan  ep_len    nan  fell    0  err_xy 0.077  std 0.217  lr 1.0e-04  fps   8289  2051.7s
it 3043/4000  reward     nan  ep_len    nan  fell    0  err_xy 0.069  std 0.217  lr 1.0e-04  fps   8207  2052.0s
it 3044/4000  reward     nan  ep_len    nan  fell    0  err_xy 0.049  std 0.217  lr 1.0e-04  fps   8194  2052.2s
it 3045/4000  reward     nan  ep_len    nan  fell    0  err_xy 0.055  std 0.217  lr 1.0e-04  fps   8246  2052.5s
it 3046/4000  reward     nan  ep_len    nan  fell    0  err_xy 0.052  std 0.217  lr 1.0e-04  fps   8268  2052.8s
it 3047/4000  reward     nan  ep_len    nan  fell    0  err_xy 0.043  std 0.217  lr 1.0e-04  fps   8230  2053.1s
it 3048/4000  reward     nan  ep_len    nan  fell    0  err_xy 0.047  std 0.217  lr 1.0e-04  fps   8292  2053.4s
it 3049/4000  reward     nan  ep_len    nan  fell    0  err_xy 0.052  std 0.217  lr 1.0e-04  fps   8284  2053.6s
it 3050/4000  reward     nan  ep_len    nan  fell    0  err_xy 0.043  std 0.217  lr 1.0e-04  fps   8287  2053.9s
it 3051/4000  reward     nan  ep_len    nan  fell    0  err_xy 0.047  std 0.217  lr 1.0e-04  fps   8232  2054.2s
it 3052/4000  reward     nan  ep_len    nan  fell    0  err_xy 0.046  std 0.217  lr 1.0e-04  fps   8275  2054.5s
it 3053/4000  reward     nan  ep_len    nan  fell    0  err_xy 0.033  std 0.217  lr 1.0e-04  fps   8183  2054.8s
it 3054/4000  reward     nan  ep_len    nan  fell    0  err_xy 0.047  std 0.217  lr 1.0e-04  fps   8342  2055.0s
it 3055/4000  reward     nan  ep_len    nan  fell    0  err_xy 0.043  std 0.217  lr 1.0e-04  fps   8338  2055.3s
it 3056/4000  reward     nan  ep_len    nan  fell    0  err_xy 0.038  std 0.217  lr 1.0e-04  fps   8370  2055.6s
it 3057/4000  reward     nan  ep_len    nan  fell    0  err_xy 0.052  std 0.217  lr 1.0e-04  fps   8437  2055.9s
it 3058/4000  reward     nan  ep_len    nan  fell    0  err_xy 0.059  std 0.217  lr 1.0e-04  fps   8514  2056.1s
it 3059/4000  reward     nan  ep_len    nan  fell    0  err_xy 0.043  std 0.217  lr 1.0e-04  fps   8487  2056.4s
it 3060/4000  reward     nan  ep_len    nan  fell    0  err_xy 0.065  std 0.216  lr 1.0e-04  fps   8457  2056.7s
it 3061/4000  reward     nan  ep_len    nan  fell    0  err_xy 0.069  std 0.216  lr 1.0e-04  fps   8513  2056.9s
it 3062/4000  reward     nan  ep_len    nan  fell    0  err_xy 0.062  std 0.216  lr 1.0e-04  fps   8606  2057.2s
it 3063/4000  reward     nan  ep_len    nan  fell    0  err_xy 0.077  std 0.216  lr 1.0e-04  fps   8635  2057.5s
it 3064/4000  reward  207.85  ep_len  808.0  fell    0  err_xy 0.119  std 0.216  lr 1.0e-04  fps   7153  2057.8s
it 3065/4000  reward     nan  ep_len    nan  fell    0  err_xy 0.216  std 0.216  lr 1.0e-04  fps   8923  2058.1s
it 3066/4000  reward     nan  ep_len    nan  fell    0  err_xy 0.178  std 0.217  lr 1.0e-04  fps   9049  2058.3s
it 3067/4000  reward     nan  ep_len    nan  fell    0  err_xy 0.184  std 0.217  lr 1.0e-04  fps   8978  2058.6s
it 3068/4000  reward     nan  ep_len    nan  fell    0  err_xy 0.209  std 0.217  lr 1.0e-04  fps   8940  2058.8s
it 3069/4000  reward     nan  ep_len    nan  fell    0  err_xy 0.224  std 0.217  lr 1.0e-04  fps   8959  2059.1s
it 3070/4000  reward     nan  ep_len    nan  fell    0  err_xy 0.206  std 0.217  lr 1.0e-04  fps   8770  2059.3s
it 3071/4000  reward     nan  ep_len    nan  fell    0  err_xy 0.174  std 0.217  lr 1.0e-04  fps   8677  2059.6s
it 3072/4000  reward     nan  ep_len    nan  fell    0  err_xy 0.178  std 0.217  lr 1.0e-04  fps   8700  2059.9s
it 3073/4000  reward     nan  ep_len    nan  fell    0  err_xy 0.181  std 0.217  lr 1.0e-04  fps   8574  2060.1s
it 3074/4000  reward     nan  ep_len    nan  fell    0  err_xy 0.174  std 0.217  lr 1.0e-04  fps   8524  2060.4s
it 3075/4000  reward     nan  ep_len    nan  fell    0  err_xy 0.151  std 0.217  lr 1.0e-04  fps   8572  2060.7s
it 3076/4000  reward     nan  ep_len    nan  fell    0  err_xy 0.130  std 0.217  lr 1.0e-04  fps   8575  2061.0s
it 3077/4000  reward     nan  ep_len    nan  fell    0  err_xy 0.118  std 0.217  lr 1.0e-04  fps   8423  2061.2s
it 3078/4000  reward     nan  ep_len    nan  fell    0  err_xy 0.103  std 0.217  lr 1.0e-04  fps   8204  2061.5s
it 3079/4000  reward     nan  ep_len    nan  fell    0  err_xy 0.075  std 0.217  lr 1.0e-04  fps   8199  2061.8s
it 3080/4000  reward     nan  ep_len    nan  fell    0  err_xy 0.062  std 0.216  lr 1.0e-04  fps   8170  2062.1s
it 3081/4000  reward     nan  ep_len    nan  fell    0  err_xy 0.051  std 0.216  lr 1.0e-04  fps   8181  2062.4s
it 3082/4000  reward     nan  ep_len    nan  fell    0  err_xy 0.039  std 0.216  lr 1.0e-04  fps   8125  2062.6s
it 3083/4000  reward     nan  ep_len    nan  fell    0  err_xy 0.046  std 0.216  lr 1.0e-04  fps   8205  2062.9s
it 3084/4000  reward     nan  ep_len    nan  fell    0  err_xy 0.042  std 0.216  lr 1.0e-04  fps   8189  2063.2s
it 3085/4000  reward     nan  ep_len    nan  fell    0  err_xy 0.044  std 0.217  lr 1.0e-04  fps   8115  2063.5s
it 3086/4000  reward     nan  ep_len    nan  fell    0  err_xy 0.042  std 0.217  lr 1.0e-04  fps   8219  2063.8s
it 3087/4000  reward     nan  ep_len    nan  fell    0  err_xy 0.031  std 0.217  lr 1.0e-04  fps   8107  2064.1s
it 3088/4000  reward     nan  ep_len    nan  fell    0  err_xy 0.031  std 0.217  lr 1.0e-04  fps   8223  2064.3s
it 3089/4000  reward     nan  ep_len    nan  fell    0  err_xy 0.028  std 0.217  lr 1.0e-04  fps   8039  2064.6s
it 3090/4000  reward     nan  ep_len    nan  fell    0  err_xy 0.025  std 0.217  lr 1.0e-04  fps   8202  2064.9s
it 3091/4000  reward     nan  ep_len    nan  fell    0  err_xy 0.019  std 0.217  lr 1.0e-04  fps   8181  2065.2s
it 3092/4000  reward     nan  ep_len    nan  fell    0  err_xy 0.016  std 0.217  lr 1.0e-04  fps   8082  2065.5s
it 3093/4000  reward     nan  ep_len    nan  fell    0  err_xy 0.015  std 0.216  lr 1.0e-04  fps   8091  2065.8s
it 3094/4000  reward     nan  ep_len    nan  fell    0  err_xy 0.016  std 0.216  lr 1.0e-04  fps   8167  2066.0s
it 3095/4000  reward     nan  ep_len    nan  fell    0  err_xy 0.014  std 0.216  lr 1.0e-04  fps   8157  2066.3s
it 3096/4000  reward     nan  ep_len    nan  fell    0  err_xy 0.012  std 0.216  lr 1.0e-04  fps   7992  2066.6s
it 3097/4000  reward     nan  ep_len    nan  fell    0  err_xy 0.010  std 0.216  lr 1.0e-04  fps   8142  2066.9s
it 3098/4000  reward  200.35  ep_len  808.0  fell    0  err_xy 0.217  std 0.216  lr 1.0e-04  fps   7042  2067.2s
it 3099/4000  reward     nan  ep_len    nan  fell    0  err_xy 0.203  std 0.216  lr 1.0e-04  fps   8522  2067.5s
it 3100/4000  reward     nan  ep_len    nan  fell    0  err_xy 0.192  std 0.216  lr 1.0e-04  fps   8241  2067.8s
it 3101/4000  reward     nan  ep_len    nan  fell    0  err_xy 0.216  std 0.216  lr 1.0e-04  fps   8881  2068.0s
it 3102/4000  reward     nan  ep_len    nan  fell    0  err_xy 0.224  std 0.216  lr 1.0e-04  fps   8842  2068.3s
it 3103/4000  reward     nan  ep_len    nan  fell    0  err_xy 0.222  std 0.216  lr 1.0e-04  fps   8726  2068.6s
it 3104/4000  reward     nan  ep_len    nan  fell    0  err_xy 0.214  std 0.216  lr 1.0e-04  fps   8698  2068.8s
it 3105/4000  reward     nan  ep_len    nan  fell    0  err_xy 0.191  std 0.217  lr 1.0e-04  fps   8575  2069.1s
it 3106/4000  reward     nan  ep_len    nan  fell    0  err_xy 0.166  std 0.217  lr 1.0e-04  fps   8473  2069.4s
it 3107/4000  reward     nan  ep_len    nan  fell    0  err_xy 0.149  std 0.217  lr 1.0e-04  fps   8410  2069.6s
it 3108/4000  reward     nan  ep_len    nan  fell    0  err_xy 0.114  std 0.217  lr 1.0e-04  fps   8253  2069.9s
it 3109/4000  reward     nan  ep_len    nan  fell    0  err_xy 0.089  std 0.217  lr 1.0e-04  fps   8236  2070.2s
it 3110/4000  reward     nan  ep_len    nan  fell    0  err_xy 0.069  std 0.217  lr 1.0e-04  fps   8106  2070.5s
it 3111/4000  reward     nan  ep_len    nan  fell    0  err_xy 0.074  std 0.217  lr 1.0e-04  fps   8133  2070.8s
it 3112/4000  reward     nan  ep_len    nan  fell    0  err_xy 0.080  std 0.217  lr 1.0e-04  fps   8238  2071.0s
it 3113/4000  reward     nan  ep_len    nan  fell    0  err_xy 0.067  std 0.217  lr 1.0e-04  fps   8204  2071.3s
it 3114/4000  reward     nan  ep_len    nan  fell    0  err_xy 0.052  std 0.217  lr 1.0e-04  fps   8148  2071.6s
it 3115/4000  reward     nan  ep_len    nan  fell    0  err_xy 0.044  std 0.217  lr 1.0e-04  fps   8127  2071.9s
it 3116/4000  reward     nan  ep_len    nan  fell    0  err_xy 0.041  std 0.217  lr 1.0e-04  fps   8164  2072.2s
it 3117/4000  reward     nan  ep_len    nan  fell    0  err_xy 0.035  std 0.217  lr 1.0e-04  fps   8068  2072.5s
it 3118/4000  reward     nan  ep_len    nan  fell    0  err_xy 0.031  std 0.217  lr 1.0e-04  fps   7874  2072.8s
it 3119/4000  reward     nan  ep_len    nan  fell    0  err_xy 0.029  std 0.217  lr 1.0e-04  fps   7592  2073.1s
it 3120/4000  reward     nan  ep_len    nan  fell    0  err_xy 0.024  std 0.217  lr 1.0e-04  fps   7742  2073.4s
it 3121/4000  reward     nan  ep_len    nan  fell    0  err_xy 0.025  std 0.217  lr 1.0e-04  fps   7865  2073.6s
it 3122/4000  reward     nan  ep_len    nan  fell    0  err_xy 0.028  std 0.217  lr 1.0e-04  fps   8082  2073.9s
it 3123/4000  reward     nan  ep_len    nan  fell    0  err_xy 0.028  std 0.217  lr 1.0e-04  fps   8031  2074.2s
it 3124/4000  reward     nan  ep_len    nan  fell    0  err_xy 0.024  std 0.217  lr 1.0e-04  fps   7981  2074.5s
it 3125/4000  reward     nan  ep_len    nan  fell    0  err_xy 0.021  std 0.217  lr 1.0e-04  fps   7398  2074.8s
it 3126/4000  reward     nan  ep_len    nan  fell    0  err_xy 0.018  std 0.217  lr 1.0e-04  fps   7786  2075.1s
it 3127/4000  reward     nan  ep_len    nan  fell    0  err_xy 0.020  std 0.217  lr 1.0e-04  fps   7793  2075.4s
it 3128/4000  reward     nan  ep_len    nan  fell    0  err_xy 0.017  std 0.217  lr 1.0e-04  fps   7001  2075.7s
it 3129/4000  reward     nan  ep_len    nan  fell    0  err_xy 0.014  std 0.217  lr 1.0e-04  fps   7678  2076.0s
it 3130/4000  reward     nan  ep_len    nan  fell    0  err_xy 0.012  std 0.217  lr 1.0e-04  fps   8007  2076.3s
it 3131/4000  reward  201.95  ep_len  808.0  fell    0  err_xy 0.013  std 0.217  lr 1.0e-04  fps   6691  2076.7s
it 3132/4000  reward     nan  ep_len    nan  fell    0  err_xy 0.267  std 0.217  lr 1.0e-04  fps   8935  2076.9s
it 3133/4000  reward     nan  ep_len    nan  fell    0  err_xy 0.220  std 0.217  lr 1.0e-04  fps   9051  2077.2s
it 3134/4000  reward     nan  ep_len    nan  fell    0  err_xy 0.223  std 0.217  lr 1.0e-04  fps   8977  2077.4s
it 3135/4000  reward     nan  ep_len    nan  fell    0  err_xy 0.201  std 0.217  lr 1.0e-04  fps   8844  2077.7s
it 3136/4000  reward     nan  ep_len    nan  fell    0  err_xy 0.206  std 0.217  lr 1.0e-04  fps   8729  2078.0s
it 3137/4000  reward     nan  ep_len    nan  fell    0  err_xy 0.185  std 0.217  lr 1.0e-04  fps   8656  2078.2s
it 3138/4000  reward     nan  ep_len    nan  fell    0  err_xy 0.162  std 0.217  lr 1.0e-04  fps   8486  2078.5s
it 3139/4000  reward     nan  ep_len    nan  fell    0  err_xy 0.148  std 0.217  lr 1.0e-04  fps   8509  2078.8s
it 3140/4000  reward     nan  ep_len    nan  fell    0  err_xy 0.131  std 0.217  lr 1.0e-04  fps   8525  2079.1s
it 3141/4000  reward     nan  ep_len    nan  fell    0  err_xy 0.106  std 0.217  lr 1.0e-04  fps   8541  2079.3s
it 3142/4000  reward     nan  ep_len    nan  fell    0  err_xy 0.114  std 0.217  lr 1.0e-04  fps   8421  2079.6s
it 3143/4000  reward     nan  ep_len    nan  fell    0  err_xy 0.100  std 0.217  lr 1.0e-04  fps   7969  2079.9s
it 3144/4000  reward     nan  ep_len    nan  fell    0  err_xy 0.099  std 0.217  lr 1.0e-04  fps   8269  2080.2s
it 3145/4000  reward     nan  ep_len    nan  fell    0  err_xy 0.090  std 0.217  lr 1.0e-04  fps   8214  2080.4s
it 3146/4000  reward     nan  ep_len    nan  fell    0  err_xy 0.085  std 0.217  lr 1.0e-04  fps   8274  2080.7s
it 3147/4000  reward     nan  ep_len    nan  fell    0  err_xy 0.075  std 0.217  lr 1.0e-04  fps   8311  2081.0s
it 3148/4000  reward     nan  ep_len    nan  fell    0  err_xy 0.077  std 0.217  lr 1.0e-04  fps   8226  2081.3s
it 3149/4000  reward     nan  ep_len    nan  fell    0  err_xy 0.067  std 0.217  lr 1.0e-04  fps   8181  2081.6s
it 3150/4000  reward     nan  ep_len    nan  fell    0  err_xy 0.064  std 0.217  lr 1.0e-04  fps   7581  2081.9s
it 3151/4000  reward     nan  ep_len    nan  fell    0  err_xy 0.059  std 0.217  lr 1.0e-04  fps   8162  2082.2s
it 3152/4000  reward     nan  ep_len    nan  fell    0  err_xy 0.060  std 0.217  lr 1.0e-04  fps   8234  2082.4s
it 3153/4000  reward     nan  ep_len    nan  fell    0  err_xy 0.050  std 0.217  lr 1.0e-04  fps   8150  2082.7s
it 3154/4000  reward     nan  ep_len    nan  fell    0  err_xy 0.039  std 0.217  lr 1.0e-04  fps   7991  2083.0s
it 3155/4000  reward     nan  ep_len    nan  fell    0  err_xy 0.045  std 0.217  lr 1.0e-04  fps   8154  2083.3s
it 3156/4000  reward     nan  ep_len    nan  fell    0  err_xy 0.037  std 0.217  lr 1.0e-04  fps   8137  2083.6s
it 3157/4000  reward     nan  ep_len    nan  fell    0  err_xy 0.036  std 0.217  lr 1.0e-04  fps   8168  2083.9s
it 3158/4000  reward     nan  ep_len    nan  fell    0  err_xy 0.048  std 0.217  lr 1.0e-04  fps   8167  2084.1s
it 3159/4000  reward     nan  ep_len    nan  fell    0  err_xy 0.041  std 0.217  lr 1.0e-04  fps   8075  2084.4s
it 3160/4000  reward     nan  ep_len    nan  fell    0  err_xy 0.031  std 0.217  lr 1.0e-04  fps   8099  2084.7s
it 3161/4000  reward     nan  ep_len    nan  fell    0  err_xy 0.029  std 0.217  lr 1.0e-04  fps   8156  2085.0s
it 3162/4000  reward     nan  ep_len    nan  fell    0  err_xy 0.027  std 0.217  lr 1.0e-04  fps   8150  2085.3s
it 3163/4000  reward     nan  ep_len    nan  fell    0  err_xy 0.024  std 0.217  lr 1.0e-04  fps   8059  2085.6s
it 3164/4000  reward     nan  ep_len    nan  fell    0  err_xy 0.024  std 0.217  lr 1.0e-04  fps   8014  2085.8s
it 3165/4000  reward  194.36  ep_len  808.0  fell    0  err_xy 0.086  std 0.217  lr 1.0e-04  fps   6729  2086.2s
it 3166/4000  reward     nan  ep_len    nan  fell    0  err_xy 0.272  std 0.217  lr 1.0e-04  fps   8104  2086.5s
it 3167/4000  reward     nan  ep_len    nan  fell    0  err_xy 0.197  std 0.217  lr 1.0e-04  fps   7829  2086.8s
it 3168/4000  reward     nan  ep_len    nan  fell    0  err_xy 0.192  std 0.217  lr 1.0e-04  fps   8424  2087.0s
it 3169/4000  reward     nan  ep_len    nan  fell    0  err_xy 0.190  std 0.217  lr 1.0e-04  fps   8675  2087.3s
it 3170/4000  reward     nan  ep_len    nan  fell    0  err_xy 0.179  std 0.217  lr 1.0e-04  fps   8608  2087.6s
it 3171/4000  reward     nan  ep_len    nan  fell    0  err_xy 0.146  std 0.217  lr 1.0e-04  fps   8618  2087.8s
it 3172/4000  reward     nan  ep_len    nan  fell    0  err_xy 0.140  std 0.217  lr 1.0e-04  fps   8506  2088.1s
it 3173/4000  reward     nan  ep_len    nan  fell    0  err_xy 0.135  std 0.217  lr 1.0e-04  fps   8418  2088.4s
it 3174/4000  reward     nan  ep_len    nan  fell    0  err_xy 0.103  std 0.217  lr 1.0e-04  fps   7191  2088.7s
it 3175/4000  reward     nan  ep_len    nan  fell    0  err_xy 0.085  std 0.217  lr 1.0e-04  fps   8146  2089.0s
it 3176/4000  reward     nan  ep_len    nan  fell    0  err_xy 0.085  std 0.217  lr 1.0e-04  fps   8194  2089.3s
it 3177/4000  reward     nan  ep_len    nan  fell    0  err_xy 0.068  std 0.217  lr 1.0e-04  fps   8169  2089.6s
it 3178/4000  reward     nan  ep_len    nan  fell    0  err_xy 0.066  std 0.217  lr 1.0e-04  fps   8202  2089.8s
it 3179/4000  reward     nan  ep_len    nan  fell    0  err_xy 0.048  std 0.217  lr 1.0e-04  fps   8107  2090.1s
it 3180/4000  reward     nan  ep_len    nan  fell    0  err_xy 0.051  std 0.217  lr 1.0e-04  fps   8081  2090.4s
it 3181/4000  reward     nan  ep_len    nan  fell    0  err_xy 0.056  std 0.217  lr 1.0e-04  fps   8006  2090.7s
it 3182/4000  reward     nan  ep_len    nan  fell    0  err_xy 0.051  std 0.217  lr 1.0e-04  fps   7927  2091.0s
it 3183/4000  reward     nan  ep_len    nan  fell    0  err_xy 0.057  std 0.217  lr 1.0e-04  fps   7984  2091.3s
it 3184/4000  reward     nan  ep_len    nan  fell    0  err_xy 0.047  std 0.217  lr 1.0e-04  fps   7996  2091.6s
it 3185/4000  reward     nan  ep_len    nan  fell    0  err_xy 0.041  std 0.217  lr 1.0e-04  fps   8033  2091.8s
it 3186/4000  reward     nan  ep_len    nan  fell    0  err_xy 0.040  std 0.217  lr 1.0e-04  fps   8002  2092.1s
it 3187/4000  reward     nan  ep_len    nan  fell    0  err_xy 0.034  std 0.217  lr 1.0e-04  fps   7962  2092.4s
it 3188/4000  reward     nan  ep_len    nan  fell    0  err_xy 0.032  std 0.217  lr 1.0e-04  fps   7562  2092.7s
it 3189/4000  reward     nan  ep_len    nan  fell    0  err_xy 0.028  std 0.217  lr 1.0e-04  fps   7343  2093.0s
it 3190/4000  reward     nan  ep_len    nan  fell    0  err_xy 0.026  std 0.217  lr 1.0e-04  fps   7459  2093.4s
it 3191/4000  reward     nan  ep_len    nan  fell    0  err_xy 0.022  std 0.217  lr 1.0e-04  fps   7777  2093.7s
it 3192/4000  reward     nan  ep_len    nan  fell    0  err_xy 0.025  std 0.217  lr 1.0e-04  fps   7936  2093.9s
it 3193/4000  reward     nan  ep_len    nan  fell    0  err_xy 0.024  std 0.217  lr 1.0e-04  fps   7958  2094.2s
it 3194/4000  reward     nan  ep_len    nan  fell    0  err_xy 0.021  std 0.217  lr 1.0e-04  fps   7968  2094.5s
it 3195/4000  reward     nan  ep_len    nan  fell    0  err_xy 0.023  std 0.217  lr 1.0e-04  fps   7900  2094.8s
it 3196/4000  reward     nan  ep_len    nan  fell    0  err_xy 0.020  std 0.217  lr 1.0e-04  fps   8002  2095.1s
it 3197/4000  reward     nan  ep_len    nan  fell    0  err_xy 0.020  std 0.217  lr 1.0e-04  fps   7946  2095.4s
it 3198/4000  reward     nan  ep_len    nan  fell    0  err_xy 0.023  std 0.217  lr 1.0e-04  fps   7473  2095.7s
it 3199/4000  reward  203.86  ep_len  808.0  fell    0  err_xy 0.194  std 0.217  lr 1.0e-04  fps   6992  2096.0s
it 3200/4000  reward     nan  ep_len    nan  fell    0  err_xy 0.203  std 0.217  lr 1.0e-04  fps   9014  2096.3s
it 3201/4000  reward     nan  ep_len    nan  fell    0  err_xy 0.194  std 0.217  lr 1.0e-04  fps   8760  2096.6s
it 3202/4000  reward     nan  ep_len    nan  fell    0  err_xy 0.191  std 0.217  lr 1.0e-04  fps   8210  2096.8s
it 3203/4000  reward     nan  ep_len    nan  fell    0  err_xy 0.187  std 0.217  lr 1.0e-04  fps   8598  2097.1s
it 3204/4000  reward     nan  ep_len    nan  fell    0  err_xy 0.177  std 0.217  lr 1.0e-04  fps   7821  2097.4s
it 3205/4000  reward     nan  ep_len    nan  fell    0  err_xy 0.152  std 0.217  lr 1.0e-04  fps   8394  2097.7s
it 3206/4000  reward     nan  ep_len    nan  fell    0  err_xy 0.151  std 0.217  lr 1.0e-04  fps   8268  2098.0s
it 3207/4000  reward     nan  ep_len    nan  fell    0  err_xy 0.137  std 0.217  lr 1.0e-04  fps   8333  2098.2s
it 3208/4000  reward     nan  ep_len    nan  fell    0  err_xy 0.111  std 0.217  lr 1.0e-04  fps   7870  2098.5s
it 3209/4000  reward     nan  ep_len    nan  fell    0  err_xy 0.119  std 0.217  lr 1.0e-04  fps   8198  2098.8s
it 3210/4000  reward     nan  ep_len    nan  fell    0  err_xy 0.106  std 0.217  lr 1.0e-04  fps   6673  2099.1s
it 3211/4000  reward     nan  ep_len    nan  fell    0  err_xy 0.113  std 0.217  lr 1.0e-04  fps   8094  2099.4s
it 3212/4000  reward     nan  ep_len    nan  fell    0  err_xy 0.097  std 0.217  lr 1.0e-04  fps   8130  2099.7s
it 3213/4000  reward     nan  ep_len    nan  fell    0  err_xy 0.110  std 0.217  lr 1.0e-04  fps   8155  2100.0s
it 3214/4000  reward     nan  ep_len    nan  fell    0  err_xy 0.113  std 0.217  lr 1.0e-04  fps   8161  2100.3s
it 3215/4000  reward     nan  ep_len    nan  fell    0  err_xy 0.072  std 0.217  lr 1.0e-04  fps   8074  2100.6s
it 3216/4000  reward     nan  ep_len    nan  fell    0  err_xy 0.068  std 0.217  lr 1.0e-04  fps   8078  2100.9s
it 3217/4000  reward     nan  ep_len    nan  fell    0  err_xy 0.063  std 0.217  lr 1.0e-04  fps   8044  2101.1s
it 3218/4000  reward     nan  ep_len    nan  fell    0  err_xy 0.071  std 0.217  lr 1.0e-04  fps   7869  2101.4s
it 3219/4000  reward     nan  ep_len    nan  fell    0  err_xy 0.063  std 0.217  lr 1.0e-04  fps   7688  2101.7s
it 3220/4000  reward     nan  ep_len    nan  fell    0  err_xy 0.060  std 0.217  lr 1.0e-04  fps   7677  2102.0s
it 3221/4000  reward     nan  ep_len    nan  fell    0  err_xy 0.056  std 0.217  lr 1.0e-04  fps   7915  2102.3s
it 3222/4000  reward     nan  ep_len    nan  fell    0  err_xy 0.052  std 0.217  lr 1.0e-04  fps   7951  2102.6s
it 3223/4000  reward     nan  ep_len    nan  fell    0  err_xy 0.041  std 0.217  lr 1.0e-04  fps   8000  2102.9s
it 3224/4000  reward     nan  ep_len    nan  fell    0  err_xy 0.041  std 0.217  lr 1.0e-04  fps   7890  2103.2s
it 3225/4000  reward     nan  ep_len    nan  fell    0  err_xy 0.040  std 0.217  lr 1.0e-04  fps   7692  2103.5s
it 3226/4000  reward     nan  ep_len    nan  fell    0  err_xy 0.036  std 0.217  lr 1.0e-04  fps   7583  2103.8s
it 3227/4000  reward     nan  ep_len    nan  fell    0  err_xy 0.036  std 0.217  lr 1.0e-04  fps   7712  2104.1s
it 3228/4000  reward     nan  ep_len    nan  fell    0  err_xy 0.030  std 0.217  lr 1.0e-04  fps   7986  2104.4s
it 3229/4000  reward     nan  ep_len    nan  fell    0  err_xy 0.027  std 0.217  lr 1.0e-04  fps   7970  2104.7s
it 3230/4000  reward     nan  ep_len    nan  fell    0  err_xy 0.025  std 0.217  lr 1.0e-04  fps   8022  2105.0s
it 3231/4000  reward     nan  ep_len    nan  fell    0  err_xy 0.031  std 0.217  lr 1.0e-04  fps   8093  2105.2s
it 3232/4000  reward  185.04  ep_len  808.0  fell    0  err_xy 0.035  std 0.217  lr 1.0e-04  fps   6651  2105.6s
it 3233/4000  reward     nan  ep_len    nan  fell    0  err_xy 0.254  std 0.217  lr 1.0e-04  fps   8964  2105.9s
it 3234/4000  reward     nan  ep_len    nan  fell    0  err_xy 0.214  std 0.217  lr 1.0e-04  fps   9102  2106.1s
it 3235/4000  reward     nan  ep_len    nan  fell    0  err_xy 0.209  std 0.217  lr 1.0e-04  fps   9043  2106.4s
it 3236/4000  reward     nan  ep_len    nan  fell    0  err_xy 0.228  std 0.217  lr 1.0e-04  fps   8796  2106.6s
it 3237/4000  reward     nan  ep_len    nan  fell    0  err_xy 0.226  std 0.217  lr 1.0e-04  fps   8669  2106.9s
it 3238/4000  reward     nan  ep_len    nan  fell    0  err_xy 0.202  std 0.217  lr 1.0e-04  fps   8686  2107.2s
it 3239/4000  reward     nan  ep_len    nan  fell    0  err_xy 0.174  std 0.217  lr 1.0e-04  fps   8614  2107.4s
it 3240/4000  reward     nan  ep_len    nan  fell    0  err_xy 0.167  std 0.217  lr 1.0e-04  fps   8484  2107.7s
it 3241/4000  reward     nan  ep_len    nan  fell    0  err_xy 0.139  std 0.217  lr 1.0e-04  fps   8431  2108.0s
it 3242/4000  reward     nan  ep_len    nan  fell    0  err_xy 0.126  std 0.217  lr 1.0e-04  fps   8394  2108.2s
it 3243/4000  reward     nan  ep_len    nan  fell    0  err_xy 0.128  std 0.217  lr 1.0e-04  fps   8233  2108.5s
it 3244/4000  reward     nan  ep_len    nan  fell    0  err_xy 0.102  std 0.217  lr 1.0e-04  fps   8169  2108.8s
it 3245/4000  reward     nan  ep_len    nan  fell    0  err_xy 0.102  std 0.217  lr 1.0e-04  fps   8143  2109.1s
it 3246/4000  reward     nan  ep_len    nan  fell    0  err_xy 0.088  std 0.217  lr 1.0e-04  fps   8104  2109.4s
it 3247/4000  reward     nan  ep_len    nan  fell    0  err_xy 0.096  std 0.217  lr 1.0e-04  fps   8051  2109.7s
it 3248/4000  reward     nan  ep_len    nan  fell    0  err_xy 0.083  std 0.217  lr 1.0e-04  fps   7972  2110.0s
it 3249/4000  reward     nan  ep_len    nan  fell    0  err_xy 0.067  std 0.217  lr 1.0e-04  fps   8046  2110.2s
it 3250/4000  reward     nan  ep_len    nan  fell    0  err_xy 0.063  std 0.217  lr 1.0e-04  fps   7883  2110.5s
it 3251/4000  reward     nan  ep_len    nan  fell    0  err_xy 0.057  std 0.217  lr 1.0e-04  fps   8020  2110.8s
it 3252/4000  reward     nan  ep_len    nan  fell    0  err_xy 0.059  std 0.217  lr 1.0e-04  fps   8014  2111.1s
it 3253/4000  reward     nan  ep_len    nan  fell    0  err_xy 0.057  std 0.217  lr 1.0e-04  fps   8039  2111.4s
it 3254/4000  reward     nan  ep_len    nan  fell    0  err_xy 0.058  std 0.217  lr 1.0e-04  fps   7931  2111.7s
it 3255/4000  reward     nan  ep_len    nan  fell    0  err_xy 0.056  std 0.217  lr 1.0e-04  fps   8019  2112.0s
it 3256/4000  reward     nan  ep_len    nan  fell    0  err_xy 0.052  std 0.217  lr 1.0e-04  fps   8057  2112.3s
it 3257/4000  reward     nan  ep_len    nan  fell    0  err_xy 0.056  std 0.217  lr 1.0e-04  fps   7958  2112.5s
it 3258/4000  reward     nan  ep_len    nan  fell    0  err_xy 0.056  std 0.217  lr 1.0e-04  fps   7914  2112.8s
it 3259/4000  reward     nan  ep_len    nan  fell    0  err_xy 0.057  std 0.217  lr 1.0e-04  fps   7936  2113.1s
it 3260/4000  reward     nan  ep_len    nan  fell    0  err_xy 0.051  std 0.217  lr 1.0e-04  fps   7927  2113.4s
it 3261/4000  reward     nan  ep_len    nan  fell    0  err_xy 0.037  std 0.217  lr 1.0e-04  fps   7862  2113.7s
it 3262/4000  reward     nan  ep_len    nan  fell    0  err_xy 0.031  std 0.217  lr 1.0e-04  fps   7908  2114.0s
it 3263/4000  reward     nan  ep_len    nan  fell    0  err_xy 0.038  std 0.217  lr 1.0e-04  fps   7972  2114.3s
it 3264/4000  reward     nan  ep_len    nan  fell    0  err_xy 0.037  std 0.217  lr 1.0e-04  fps   7860  2114.6s
it 3265/4000  reward     nan  ep_len    nan  fell    0  err_xy 0.032  std 0.217  lr 1.0e-04  fps   7863  2114.9s
it 3266/4000  reward  200.33  ep_len  808.0  fell    0  err_xy 0.099  std 0.217  lr 1.0e-04  fps   6705  2115.2s
it 3267/4000  reward     nan  ep_len    nan  fell    0  err_xy 0.246  std 0.217  lr 1.0e-04  fps   8874  2115.5s
it 3268/4000  reward     nan  ep_len    nan  fell    0  err_xy 0.186  std 0.217  lr 1.0e-04  fps   9000  2115.7s
it 3269/4000  reward     nan  ep_len    nan  fell    0  err_xy 0.189  std 0.217  lr 1.0e-04  fps   8948  2116.0s
it 3270/4000  reward     nan  ep_len    nan  fell    0  err_xy 0.197  std 0.217  lr 1.0e-04  fps   8874  2116.3s
it 3271/4000  reward     nan  ep_len    nan  fell    0  err_xy 0.222  std 0.217  lr 1.0e-04  fps   8696  2116.5s
it 3272/4000  reward     nan  ep_len    nan  fell    0  err_xy 0.210  std 0.217  lr 1.0e-04  fps   8607  2116.8s
it 3273/4000  reward     nan  ep_len    nan  fell    0  err_xy 0.176  std 0.217  lr 1.0e-04  fps   8567  2117.1s
it 3274/4000  reward     nan  ep_len    nan  fell    0  err_xy 0.150  std 0.217  lr 1.0e-04  fps   8391  2117.3s
it 3275/4000  reward     nan  ep_len    nan  fell    0  err_xy 0.155  std 0.217  lr 1.0e-04  fps   8145  2117.6s
it 3276/4000  reward     nan  ep_len    nan  fell    0  err_xy 0.140  std 0.217  lr 1.0e-04  fps   8075  2117.9s
it 3277/4000  reward     nan  ep_len    nan  fell    0  err_xy 0.112  std 0.217  lr 1.0e-04  fps   8031  2118.2s
it 3278/4000  reward     nan  ep_len    nan  fell    0  err_xy 0.112  std 0.217  lr 1.0e-04  fps   8118  2118.5s
it 3279/4000  reward     nan  ep_len    nan  fell    0  err_xy 0.095  std 0.217  lr 1.0e-04  fps   7932  2118.8s
it 3280/4000  reward     nan  ep_len    nan  fell    0  err_xy 0.070  std 0.217  lr 1.0e-04  fps   7963  2119.1s
it 3281/4000  reward     nan  ep_len    nan  fell    0  err_xy 0.062  std 0.217  lr 1.0e-04  fps   7917  2119.3s
it 3282/4000  reward     nan  ep_len    nan  fell    0  err_xy 0.058  std 0.217  lr 1.0e-04  fps   7197  2119.7s
it 3283/4000  reward     nan  ep_len    nan  fell    0  err_xy 0.049  std 0.217  lr 1.0e-04  fps   7633  2120.0s
it 3284/4000  reward     nan  ep_len    nan  fell    0  err_xy 0.045  std 0.217  lr 1.0e-04  fps   7546  2120.3s
it 3285/4000  reward     nan  ep_len    nan  fell    0  err_xy 0.038  std 0.217  lr 1.0e-04  fps   7572  2120.6s
it 3286/4000  reward     nan  ep_len    nan  fell    0  err_xy 0.039  std 0.217  lr 1.0e-04  fps   7835  2120.9s
it 3287/4000  reward     nan  ep_len    nan  fell    0  err_xy 0.031  std 0.217  lr 1.0e-04  fps   7923  2121.2s
it 3288/4000  reward     nan  ep_len    nan  fell    0  err_xy 0.022  std 0.217  lr 1.0e-04  fps   7951  2121.5s
it 3289/4000  reward     nan  ep_len    nan  fell    0  err_xy 0.023  std 0.217  lr 1.0e-04  fps   8069  2121.7s
it 3290/4000  reward     nan  ep_len    nan  fell    0  err_xy 0.023  std 0.217  lr 1.0e-04  fps   8057  2122.0s
it 3291/4000  reward     nan  ep_len    nan  fell    0  err_xy 0.019  std 0.217  lr 1.0e-04  fps   8011  2122.3s
it 3292/4000  reward     nan  ep_len    nan  fell    0  err_xy 0.017  std 0.217  lr 1.0e-04  fps   8037  2122.6s
it 3293/4000  reward     nan  ep_len    nan  fell    0  err_xy 0.015  std 0.217  lr 1.0e-04  fps   8071  2122.9s
it 3294/4000  reward     nan  ep_len    nan  fell    0  err_xy 0.013  std 0.217  lr 1.0e-04  fps   8086  2123.2s
it 3295/4000  reward     nan  ep_len    nan  fell    0  err_xy 0.013  std 0.217  lr 1.0e-04  fps   8184  2123.5s
it 3296/4000  reward     nan  ep_len    nan  fell    0  err_xy 0.013  std 0.217  lr 1.0e-04  fps   8122  2123.7s
it 3297/4000  reward     nan  ep_len    nan  fell    0  err_xy 0.013  std 0.217  lr 1.0e-04  fps   8229  2124.0s
it 3298/4000  reward     nan  ep_len    nan  fell    0  err_xy 0.014  std 0.217  lr 1.0e-04  fps   8348  2124.3s
it 3299/4000  reward     nan  ep_len    nan  fell    0  err_xy 0.011  std 0.217  lr 1.0e-04  fps   8221  2124.6s
it 3300/4000  reward  210.81  ep_len  808.0  fell    0  err_xy 0.192  std 0.217  lr 1.0e-04  fps   7207  2124.9s
it 3301/4000  reward     nan  ep_len    nan  fell    0  err_xy 0.198  std 0.217  lr 1.0e-04  fps   8833  2125.2s
it 3302/4000  reward     nan  ep_len    nan  fell    0  err_xy 0.167  std 0.217  lr 1.0e-04  fps   8980  2125.4s
it 3303/4000  reward     nan  ep_len    nan  fell    0  err_xy 0.160  std 0.217  lr 1.0e-04  fps   8940  2125.7s
it 3304/4000  reward     nan  ep_len    nan  fell    0  err_xy 0.167  std 0.217  lr 1.0e-04  fps   8854  2125.9s
it 3305/4000  reward     nan  ep_len    nan  fell    0  err_xy 0.175  std 0.217  lr 1.0e-04  fps   8745  2126.2s
it 3306/4000  reward     nan  ep_len    nan  fell    0  err_xy 0.180  std 0.217  lr 1.0e-04  fps   8355  2126.5s
it 3307/4000  reward     nan  ep_len    nan  fell    0  err_xy 0.179  std 0.217  lr 1.0e-04  fps   8436  2126.8s
it 3308/4000  reward     nan  ep_len    nan  fell    0  err_xy 0.156  std 0.217  lr 1.0e-04  fps   8302  2127.0s
it 3309/4000  reward     nan  ep_len    nan  fell    0  err_xy 0.155  std 0.217  lr 1.0e-04  fps   8254  2127.3s
it 3310/4000  reward     nan  ep_len    nan  fell    0  err_xy 0.150  std 0.217  lr 1.0e-04  fps   8224  2127.6s
it 3311/4000  reward     nan  ep_len    nan  fell    0  err_xy 0.132  std 0.217  lr 1.0e-04  fps   7858  2127.9s
it 3312/4000  reward     nan  ep_len    nan  fell    0  err_xy 0.112  std 0.217  lr 1.0e-04  fps   8079  2128.2s
it 3313/4000  reward     nan  ep_len    nan  fell    0  err_xy 0.103  std 0.217  lr 1.0e-04  fps   8003  2128.5s
it 3314/4000  reward     nan  ep_len    nan  fell    0  err_xy 0.097  std 0.217  lr 1.0e-04  fps   7955  2128.7s
it 3315/4000  reward     nan  ep_len    nan  fell    0  err_xy 0.082  std 0.217  lr 1.0e-04  fps   8041  2129.0s
it 3316/4000  reward     nan  ep_len    nan  fell    0  err_xy 0.079  std 0.217  lr 1.0e-04  fps   8073  2129.3s
it 3317/4000  reward     nan  ep_len    nan  fell    0  err_xy 0.079  std 0.217  lr 1.0e-04  fps   7905  2129.6s
it 3318/4000  reward     nan  ep_len    nan  fell    0  err_xy 0.086  std 0.217  lr 1.0e-04  fps   7923  2129.9s
it 3319/4000  reward     nan  ep_len    nan  fell    0  err_xy 0.074  std 0.217  lr 1.0e-04  fps   7895  2130.2s
it 3320/4000  reward     nan  ep_len    nan  fell    0  err_xy 0.066  std 0.217  lr 1.0e-04  fps   7595  2130.5s
it 3321/4000  reward     nan  ep_len    nan  fell    0  err_xy 0.048  std 0.217  lr 1.0e-04  fps   7501  2130.8s
it 3322/4000  reward     nan  ep_len    nan  fell    0  err_xy 0.031  std 0.217  lr 1.0e-04  fps   7612  2131.1s
it 3323/4000  reward     nan  ep_len    nan  fell    0  err_xy 0.027  std 0.217  lr 1.0e-04  fps   7871  2131.4s
it 3324/4000  reward     nan  ep_len    nan  fell    0  err_xy 0.025  std 0.217  lr 1.0e-04  fps   7826  2131.7s
it 3325/4000  reward     nan  ep_len    nan  fell    0  err_xy 0.029  std 0.217  lr 1.0e-04  fps   7770  2132.0s
it 3326/4000  reward     nan  ep_len    nan  fell    0  err_xy 0.027  std 0.217  lr 1.0e-04  fps   7846  2132.3s
it 3327/4000  reward     nan  ep_len    nan  fell    0  err_xy 0.020  std 0.217  lr 1.0e-04  fps   7658  2132.6s
it 3328/4000  reward     nan  ep_len    nan  fell    0  err_xy 0.019  std 0.217  lr 1.0e-04  fps   7713  2132.9s
it 3329/4000  reward     nan  ep_len    nan  fell    0  err_xy 0.018  std 0.217  lr 1.0e-04  fps   7729  2133.2s
it 3330/4000  reward     nan  ep_len    nan  fell    0  err_xy 0.025  std 0.217  lr 1.0e-04  fps   8008  2133.5s
it 3331/4000  reward     nan  ep_len    nan  fell    0  err_xy 0.021  std 0.217  lr 1.0e-04  fps   8192  2133.8s
it 3332/4000  reward     nan  ep_len    nan  fell    0  err_xy 0.019  std 0.217  lr 1.0e-04  fps   8267  2134.0s
it 3333/4000  reward  195.19  ep_len  808.0  fell    0  err_xy 0.020  std 0.217  lr 1.0e-04  fps   6788  2134.4s
it 3334/4000  reward     nan  ep_len    nan  fell    0  err_xy 0.207  std 0.217  lr 1.0e-04  fps   8831  2134.6s
it 3335/4000  reward     nan  ep_len    nan  fell    0  err_xy 0.166  std 0.217  lr 1.0e-04  fps   8846  2134.9s
it 3336/4000  reward     nan  ep_len    nan  fell    0  err_xy 0.153  std 0.217  lr 1.0e-04  fps   8992  2135.2s
it 3337/4000  reward     nan  ep_len    nan  fell    0  err_xy 0.147  std 0.217  lr 1.0e-04  fps   8839  2135.4s
it 3338/4000  reward     nan  ep_len    nan  fell    0  err_xy 0.148  std 0.217  lr 1.0e-04  fps   8708  2135.7s
it 3339/4000  reward     nan  ep_len    nan  fell    0  err_xy 0.147  std 0.217  lr 1.0e-04  fps   8700  2135.9s
it 3340/4000  reward     nan  ep_len    nan  fell    0  err_xy 0.124  std 0.217  lr 1.0e-04  fps   8537  2136.2s
it 3341/4000  reward     nan  ep_len    nan  fell    0  err_xy 0.118  std 0.217  lr 1.0e-04  fps   8507  2136.5s
it 3342/4000  reward     nan  ep_len    nan  fell    0  err_xy 0.112  std 0.217  lr 1.0e-04  fps   8277  2136.8s
it 3343/4000  reward     nan  ep_len    nan  fell    0  err_xy 0.105  std 0.217  lr 1.0e-04  fps   7948  2137.1s
it 3344/4000  reward     nan  ep_len    nan  fell    0  err_xy 0.095  std 0.217  lr 1.0e-04  fps   7759  2137.4s
it 3345/4000  reward     nan  ep_len    nan  fell    0  err_xy 0.089  std 0.217  lr 1.0e-04  fps   7611  2137.7s
it 3346/4000  reward     nan  ep_len    nan  fell    0  err_xy 0.086  std 0.217  lr 1.0e-04  fps   8104  2137.9s
it 3347/4000  reward     nan  ep_len    nan  fell    0  err_xy 0.079  std 0.217  lr 1.0e-04  fps   8129  2138.2s
it 3348/4000  reward     nan  ep_len    nan  fell    0  err_xy 0.087  std 0.217  lr 1.0e-04  fps   8122  2138.5s
it 3349/4000  reward     nan  ep_len    nan  fell    0  err_xy 0.083  std 0.217  lr 1.0e-04  fps   8173  2138.8s
it 3350/4000  reward     nan  ep_len    nan  fell    0  err_xy 0.062  std 0.217  lr 1.0e-04  fps   8092  2139.1s
it 3351/4000  reward     nan  ep_len    nan  fell    0  err_xy 0.050  std 0.217  lr 1.0e-04  fps   8179  2139.4s
it 3352/4000  reward     nan  ep_len    nan  fell    0  err_xy 0.054  std 0.217  lr 1.0e-04  fps   8178  2139.6s
it 3353/4000  reward     nan  ep_len    nan  fell    0  err_xy 0.050  std 0.217  lr 1.0e-04  fps   8291  2139.9s
it 3354/4000  reward     nan  ep_len    nan  fell    0  err_xy 0.050  std 0.217  lr 1.0e-04  fps   8267  2140.2s
it 3355/4000  reward     nan  ep_len    nan  fell    0  err_xy 0.050  std 0.217  lr 1.0e-04  fps   8063  2140.5s
it 3356/4000  reward     nan  ep_len    nan  fell    0  err_xy 0.055  std 0.217  lr 1.0e-04  fps   7977  2140.8s
it 3357/4000  reward     nan  ep_len    nan  fell    0  err_xy 0.056  std 0.217  lr 1.0e-04  fps   7808  2141.1s
it 3358/4000  reward     nan  ep_len    nan  fell    0  err_xy 0.046  std 0.217  lr 1.0e-04  fps   7711  2141.4s
it 3359/4000  reward     nan  ep_len    nan  fell    0  err_xy 0.046  std 0.217  lr 1.0e-04  fps   8006  2141.7s
it 3360/4000  reward     nan  ep_len    nan  fell    0  err_xy 0.052  std 0.217  lr 1.0e-04  fps   7977  2141.9s
it 3361/4000  reward     nan  ep_len    nan  fell    0  err_xy 0.046  std 0.217  lr 1.0e-04  fps   8150  2142.2s
it 3362/4000  reward     nan  ep_len    nan  fell    0  err_xy 0.042  std 0.217  lr 1.0e-04  fps   8136  2142.5s
it 3363/4000  reward     nan  ep_len    nan  fell    0  err_xy 0.042  std 0.217  lr 1.0e-04  fps   8230  2142.8s
it 3364/4000  reward     nan  ep_len    nan  fell    0  err_xy 0.042  std 0.217  lr 1.0e-04  fps   8234  2143.1s
it 3365/4000  reward     nan  ep_len    nan  fell    0  err_xy 0.037  std 0.217  lr 1.0e-04  fps   8325  2143.3s
it 3366/4000  reward     nan  ep_len    nan  fell    0  err_xy 0.035  std 0.217  lr 1.0e-04  fps   8268  2143.6s
it 3367/4000  reward  176.04  ep_len  808.0  fell    0  err_xy 0.098  std 0.217  lr 1.0e-04  fps   6922  2144.0s
it 3368/4000  reward     nan  ep_len    nan  fell    0  err_xy 0.235  std 0.217  lr 1.0e-04  fps   8995  2144.2s
it 3369/4000  reward     nan  ep_len    nan  fell    0  err_xy 0.174  std 0.217  lr 1.0e-04  fps   9007  2144.5s
it 3370/4000  reward     nan  ep_len    nan  fell    0  err_xy 0.144  std 0.217  lr 1.0e-04  fps   8895  2144.7s
it 3371/4000  reward     nan  ep_len    nan  fell    0  err_xy 0.165  std 0.217  lr 1.0e-04  fps   8748  2145.0s
it 3372/4000  reward     nan  ep_len    nan  fell    0  err_xy 0.141  std 0.217  lr 1.0e-04  fps   8606  2145.3s
it 3373/4000  reward     nan  ep_len    nan  fell    0  err_xy 0.134  std 0.217  lr 1.0e-04  fps   8371  2145.5s
it 3374/4000  reward     nan  ep_len    nan  fell    0  err_xy 0.130  std 0.217  lr 1.0e-04  fps   7745  2145.8s
it 3375/4000  reward     nan  ep_len    nan  fell    0  err_xy 0.098  std 0.217  lr 1.0e-04  fps   8105  2146.1s
it 3376/4000  reward     nan  ep_len    nan  fell    0  err_xy 0.081  std 0.217  lr 1.0e-04  fps   8039  2146.4s
it 3377/4000  reward     nan  ep_len    nan  fell    0  err_xy 0.071  std 0.217  lr 1.0e-04  fps   7946  2146.7s
it 3378/4000  reward     nan  ep_len    nan  fell    0  err_xy 0.075  std 0.217  lr 1.0e-04  fps   7892  2147.0s
it 3379/4000  reward     nan  ep_len    nan  fell    0  err_xy 0.068  std 0.217  lr 1.0e-04  fps   7870  2147.3s
it 3380/4000  reward     nan  ep_len    nan  fell    0  err_xy 0.054  std 0.217  lr 1.0e-04  fps   7754  2147.6s
it 3381/4000  reward     nan  ep_len    nan  fell    0  err_xy 0.049  std 0.217  lr 1.0e-04  fps   7816  2147.9s
it 3382/4000  reward     nan  ep_len    nan  fell    0  err_xy 0.047  std 0.217  lr 1.0e-04  fps   7711  2148.2s
it 3383/4000  reward     nan  ep_len    nan  fell    0  err_xy 0.043  std 0.217  lr 1.0e-04  fps   7011  2148.5s
it 3384/4000  reward     nan  ep_len    nan  fell    0  err_xy 0.048  std 0.217  lr 1.0e-04  fps   7569  2148.8s
it 3385/4000  reward     nan  ep_len    nan  fell    0  err_xy 0.050  std 0.217  lr 1.0e-04  fps   7733  2149.1s
it 3386/4000  reward     nan  ep_len    nan  fell    0  err_xy 0.042  std 0.217  lr 1.0e-04  fps   7748  2149.4s
it 3387/4000  reward     nan  ep_len    nan  fell    0  err_xy 0.039  std 0.217  lr 1.0e-04  fps   7682  2149.7s
it 3388/4000  reward     nan  ep_len    nan  fell    0  err_xy 0.035  std 0.217  lr 1.0e-04  fps   7803  2150.0s
it 3389/4000  reward     nan  ep_len    nan  fell    0  err_xy 0.039  std 0.217  lr 1.0e-04  fps   7541  2150.3s
it 3390/4000  reward     nan  ep_len    nan  fell    0  err_xy 0.028  std 0.217  lr 1.0e-04  fps   7540  2150.6s
it 3391/4000  reward     nan  ep_len    nan  fell    0  err_xy 0.029  std 0.217  lr 1.0e-04  fps   7778  2150.9s
it 3392/4000  reward     nan  ep_len    nan  fell    0  err_xy 0.027  std 0.217  lr 1.0e-04  fps   7839  2151.2s
it 3393/4000  reward     nan  ep_len    nan  fell    0  err_xy 0.027  std 0.217  lr 1.0e-04  fps   7798  2151.5s
it 3394/4000  reward     nan  ep_len    nan  fell    0  err_xy 0.025  std 0.217  lr 1.0e-04  fps   7902  2151.8s
it 3395/4000  reward     nan  ep_len    nan  fell    0  err_xy 0.026  std 0.217  lr 1.0e-04  fps   7751  2152.1s
it 3396/4000  reward     nan  ep_len    nan  fell    0  err_xy 0.024  std 0.217  lr 1.0e-04  fps   7827  2152.4s
it 3397/4000  reward     nan  ep_len    nan  fell    0  err_xy 0.021  std 0.217  lr 1.0e-04  fps   7915  2152.7s
it 3398/4000  reward     nan  ep_len    nan  fell    0  err_xy 0.020  std 0.217  lr 1.0e-04  fps   8018  2153.0s
it 3399/4000  reward     nan  ep_len    nan  fell    0  err_xy 0.020  std 0.217  lr 1.0e-04  fps   8087  2153.2s
it 3400/4000  reward     nan  ep_len    nan  fell    0  err_xy 0.020  std 0.217  lr 1.0e-04  fps   7883  2153.5s
it 3401/4000  reward  203.39  ep_len  808.0  fell    0  err_xy 0.196  std 0.217  lr 1.0e-04  fps   6865  2153.9s
it 3402/4000  reward     nan  ep_len    nan  fell    0  err_xy 0.192  std 0.217  lr 1.0e-04  fps   8600  2154.1s
it 3403/4000  reward     nan  ep_len    nan  fell    0  err_xy 0.200  std 0.217  lr 1.0e-04  fps   8513  2154.4s
it 3404/4000  reward     nan  ep_len    nan  fell    0  err_xy 0.192  std 0.217  lr 1.0e-04  fps   8491  2154.7s
it 3405/4000  reward     nan  ep_len    nan  fell    0  err_xy 0.204  std 0.217  lr 1.0e-04  fps   8401  2155.0s
it 3406/4000  reward     nan  ep_len    nan  fell    0  err_xy 0.159  std 0.217  lr 1.0e-04  fps   8214  2155.2s
it 3407/4000  reward     nan  ep_len    nan  fell    0  err_xy 0.134  std 0.217  lr 1.0e-04  fps   7971  2155.5s
it 3408/4000  reward     nan  ep_len    nan  fell    0  err_xy 0.126  std 0.217  lr 1.0e-04  fps   7208  2155.9s
it 3409/4000  reward     nan  ep_len    nan  fell    0  err_xy 0.114  std 0.217  lr 1.0e-04  fps   7774  2156.1s
it 3410/4000  reward     nan  ep_len    nan  fell    0  err_xy 0.090  std 0.217  lr 1.0e-04  fps   7356  2156.5s
it 3411/4000  reward     nan  ep_len    nan  fell    0  err_xy 0.077  std 0.217  lr 1.0e-04  fps   6953  2156.8s
it 3412/4000  reward     nan  ep_len    nan  fell    0  err_xy 0.062  std 0.217  lr 1.0e-04  fps   7572  2157.1s
it 3413/4000  reward     nan  ep_len    nan  fell    0  err_xy 0.061  std 0.217  lr 1.0e-04  fps   7472  2157.4s
it 3414/4000  reward     nan  ep_len    nan  fell    0  err_xy 0.042  std 0.217  lr 1.0e-04  fps   7562  2157.7s
it 3415/4000  reward     nan  ep_len    nan  fell    0  err_xy 0.031  std 0.217  lr 1.0e-04  fps   6036  2158.1s
it 3416/4000  reward     nan  ep_len    nan  fell    0  err_xy 0.030  std 0.217  lr 1.0e-04  fps   6581  2158.4s
it 3417/4000  reward     nan  ep_len    nan  fell    0  err_xy 0.026  std 0.217  lr 1.0e-04  fps   6963  2158.8s
it 3418/4000  reward     nan  ep_len    nan  fell    0  err_xy 0.024  std 0.217  lr 1.0e-04  fps   6882  2159.1s
it 3419/4000  reward     nan  ep_len    nan  fell    0  err_xy 0.017  std 0.217  lr 1.0e-04  fps   7188  2159.4s
it 3420/4000  reward     nan  ep_len    nan  fell    0  err_xy 0.021  std 0.217  lr 1.0e-04  fps   7390  2159.7s
it 3421/4000  reward     nan  ep_len    nan  fell    0  err_xy 0.020  std 0.217  lr 1.0e-04  fps   7314  2160.1s
it 3422/4000  reward     nan  ep_len    nan  fell    0  err_xy 0.015  std 0.217  lr 1.0e-04  fps   7993  2160.3s
it 3423/4000  reward     nan  ep_len    nan  fell    0  err_xy 0.014  std 0.217  lr 1.0e-04  fps   7083  2160.7s
it 3424/4000  reward     nan  ep_len    nan  fell    0  err_xy 0.015  std 0.217  lr 1.0e-04  fps   7584  2161.0s
it 3425/4000  reward     nan  ep_len    nan  fell    0  err_xy 0.013  std 0.216  lr 1.0e-04  fps   7884  2161.3s
it 3426/4000  reward     nan  ep_len    nan  fell    0  err_xy 0.014  std 0.216  lr 1.0e-04  fps   7511  2161.6s
it 3427/4000  reward     nan  ep_len    nan  fell    0  err_xy 0.016  std 0.216  lr 1.0e-04  fps   8289  2161.9s
it 3428/4000  reward     nan  ep_len    nan  fell    0  err_xy 0.015  std 0.216  lr 1.0e-04  fps   8439  2162.1s
it 3429/4000  reward     nan  ep_len    nan  fell    0  err_xy 0.016  std 0.216  lr 1.0e-04  fps   8527  2162.4s
it 3430/4000  reward     nan  ep_len    nan  fell    0  err_xy 0.015  std 0.216  lr 1.0e-04  fps   8320  2162.7s
it 3431/4000  reward     nan  ep_len    nan  fell    0  err_xy 0.016  std 0.216  lr 1.0e-04  fps   8512  2162.9s
it 3432/4000  reward     nan  ep_len    nan  fell    0  err_xy 0.013  std 0.216  lr 1.0e-04  fps   8631  2163.2s
it 3433/4000  reward     nan  ep_len    nan  fell    0  err_xy 0.012  std 0.216  lr 1.0e-04  fps   8626  2163.5s
it 3434/4000  reward  223.43  ep_len  808.0  fell    0  err_xy 0.015  std 0.216  lr 1.0e-04  fps   6486  2163.8s
it 3435/4000  reward     nan  ep_len    nan  fell    0  err_xy 0.260  std 0.216  lr 1.0e-04  fps   8262  2164.1s
it 3436/4000  reward     nan  ep_len    nan  fell    0  err_xy 0.184  std 0.216  lr 1.0e-04  fps   9079  2164.4s
it 3437/4000  reward     nan  ep_len    nan  fell    0  err_xy 0.183  std 0.216  lr 1.0e-04  fps   8827  2164.6s
it 3438/4000  reward     nan  ep_len    nan  fell    0  err_xy 0.180  std 0.216  lr 1.0e-04  fps   8504  2164.9s
it 3439/4000  reward     nan  ep_len    nan  fell    0  err_xy 0.148  std 0.216  lr 1.0e-04  fps   8457  2165.2s
it 3440/4000  reward     nan  ep_len    nan  fell    0  err_xy 0.123  std 0.216  lr 1.0e-04  fps   7935  2165.5s
it 3441/4000  reward     nan  ep_len    nan  fell    0  err_xy 0.107  std 0.216  lr 1.0e-04  fps   7833  2165.8s
it 3442/4000  reward     nan  ep_len    nan  fell    0  err_xy 0.102  std 0.216  lr 1.0e-04  fps   7159  2166.1s
it 3443/4000  reward     nan  ep_len    nan  fell    0  err_xy 0.104  std 0.216  lr 1.0e-04  fps   7922  2166.4s
it 3444/4000  reward     nan  ep_len    nan  fell    0  err_xy 0.083  std 0.216  lr 1.0e-04  fps   7529  2166.7s
it 3445/4000  reward     nan  ep_len    nan  fell    0  err_xy 0.076  std 0.216  lr 1.0e-04  fps   7141  2167.0s
it 3446/4000  reward     nan  ep_len    nan  fell    0  err_xy 0.067  std 0.216  lr 1.0e-04  fps   7709  2167.3s
it 3447/4000  reward     nan  ep_len    nan  fell    0  err_xy 0.063  std 0.217  lr 1.0e-04  fps   7489  2167.6s
it 3448/4000  reward     nan  ep_len    nan  fell    0  err_xy 0.051  std 0.217  lr 1.0e-04  fps   7877  2167.9s
it 3449/4000  reward     nan  ep_len    nan  fell    0  err_xy 0.050  std 0.217  lr 1.0e-04  fps   7681  2168.2s
it 3450/4000  reward     nan  ep_len    nan  fell    0  err_xy 0.035  std 0.217  lr 1.0e-04  fps   7410  2168.5s
it 3451/4000  reward     nan  ep_len    nan  fell    0  err_xy 0.033  std 0.217  lr 1.0e-04  fps   7264  2168.8s
it 3452/4000  reward     nan  ep_len    nan  fell    0  err_xy 0.039  std 0.217  lr 1.0e-04  fps   7940  2169.1s
it 3453/4000  reward     nan  ep_len    nan  fell    0  err_xy 0.045  std 0.217  lr 1.0e-04  fps   7216  2169.4s
it 3454/4000  reward     nan  ep_len    nan  fell    0  err_xy 0.032  std 0.217  lr 1.0e-04  fps   7326  2169.8s
it 3455/4000  reward     nan  ep_len    nan  fell    0  err_xy 0.027  std 0.217  lr 1.0e-04  fps   6780  2170.1s
it 3456/4000  reward     nan  ep_len    nan  fell    0  err_xy 0.019  std 0.217  lr 1.0e-04  fps   5068  2170.6s
it 3457/4000  reward     nan  ep_len    nan  fell    0  err_xy 0.015  std 0.217  lr 1.0e-04  fps   6694  2170.9s
it 3458/4000  reward     nan  ep_len    nan  fell    0  err_xy 0.017  std 0.217  lr 1.0e-04  fps   6497  2171.3s
it 3459/4000  reward     nan  ep_len    nan  fell    0  err_xy 0.017  std 0.217  lr 1.0e-04  fps   7737  2171.6s
it 3460/4000  reward     nan  ep_len    nan  fell    0  err_xy 0.023  std 0.217  lr 1.0e-04  fps   7886  2171.8s
it 3461/4000  reward     nan  ep_len    nan  fell    0  err_xy 0.017  std 0.217  lr 1.0e-04  fps   8105  2172.1s
it 3462/4000  reward     nan  ep_len    nan  fell    0  err_xy 0.021  std 0.217  lr 1.0e-04  fps   7766  2172.4s
it 3463/4000  reward     nan  ep_len    nan  fell    0  err_xy 0.019  std 0.217  lr 1.0e-04  fps   7968  2172.7s
it 3464/4000  reward     nan  ep_len    nan  fell    0  err_xy 0.014  std 0.217  lr 1.0e-04  fps   7610  2173.0s
it 3465/4000  reward     nan  ep_len    nan  fell    0  err_xy 0.015  std 0.217  lr 1.0e-04  fps   8008  2173.3s
it 3466/4000  reward     nan  ep_len    nan  fell    0  err_xy 0.017  std 0.217  lr 1.0e-04  fps   8116  2173.6s
it 3467/4000  reward     nan  ep_len    nan  fell    0  err_xy 0.016  std 0.217  lr 1.0e-04  fps   8279  2173.9s
it 3468/4000  reward  211.42  ep_len  808.0  fell    0  err_xy 0.081  std 0.216  lr 1.0e-04  fps   7019  2174.2s
it 3469/4000  reward     nan  ep_len    nan  fell    0  err_xy 0.234  std 0.216  lr 1.0e-04  fps   8515  2174.5s
it 3470/4000  reward     nan  ep_len    nan  fell    0  err_xy 0.193  std 0.217  lr 1.0e-04  fps   8605  2174.7s
it 3471/4000  reward     nan  ep_len    nan  fell    0  err_xy 0.210  std 0.217  lr 1.0e-04  fps   6385  2175.1s
it 3472/4000  reward     nan  ep_len    nan  fell    0  err_xy 0.195  std 0.217  lr 1.0e-04  fps   7284  2175.4s
it 3473/4000  reward     nan  ep_len    nan  fell    0  err_xy 0.147  std 0.217  lr 1.0e-04  fps   7918  2175.7s
it 3474/4000  reward     nan  ep_len    nan  fell    0  err_xy 0.135  std 0.217  lr 1.0e-04  fps   6215  2176.1s
it 3475/4000  reward     nan  ep_len    nan  fell    0  err_xy 0.107  std 0.217  lr 1.0e-04  fps   6902  2176.4s
it 3476/4000  reward     nan  ep_len    nan  fell    0  err_xy 0.106  std 0.217  lr 1.0e-04  fps   7804  2176.7s
it 3477/4000  reward     nan  ep_len    nan  fell    0  err_xy 0.100  std 0.217  lr 1.0e-04  fps   7487  2177.0s
it 3478/4000  reward     nan  ep_len    nan  fell    0  err_xy 0.080  std 0.217  lr 1.0e-04  fps   7776  2177.3s
it 3479/4000  reward     nan  ep_len    nan  fell    0  err_xy 0.081  std 0.217  lr 1.0e-04  fps   5793  2177.7s
it 3480/4000  reward     nan  ep_len    nan  fell    0  err_xy 0.075  std 0.217  lr 1.0e-04  fps   6858  2178.0s
it 3481/4000  reward     nan  ep_len    nan  fell    0  err_xy 0.074  std 0.217  lr 1.0e-04  fps   5565  2178.5s
it 3482/4000  reward     nan  ep_len    nan  fell    0  err_xy 0.066  std 0.217  lr 1.0e-04  fps   6720  2178.8s
it 3483/4000  reward     nan  ep_len    nan  fell    0  err_xy 0.054  std 0.217  lr 1.0e-04  fps   7238  2179.1s
it 3484/4000  reward     nan  ep_len    nan  fell    0  err_xy 0.044  std 0.217  lr 1.0e-04  fps   7376  2179.4s
it 3485/4000  reward     nan  ep_len    nan  fell    0  err_xy 0.037  std 0.217  lr 1.0e-04  fps   7750  2179.7s
it 3486/4000  reward     nan  ep_len    nan  fell    0  err_xy 0.031  std 0.217  lr 1.0e-04  fps   7851  2180.0s
it 3487/4000  reward     nan  ep_len    nan  fell    0  err_xy 0.033  std 0.217  lr 1.0e-04  fps   7621  2180.3s
it 3488/4000  reward     nan  ep_len    nan  fell    0  err_xy 0.023  std 0.217  lr 1.0e-04  fps   7688  2180.6s
it 3489/4000  reward     nan  ep_len    nan  fell    0  err_xy 0.019  std 0.217  lr 1.0e-04  fps   7456  2180.9s
it 3490/4000  reward     nan  ep_len    nan  fell    0  err_xy 0.024  std 0.217  lr 1.0e-04  fps   7282  2181.3s
it 3491/4000  reward     nan  ep_len    nan  fell    0  err_xy 0.023  std 0.217  lr 1.0e-04  fps   7441  2181.6s
it 3492/4000  reward     nan  ep_len    nan  fell    0  err_xy 0.033  std 0.217  lr 1.0e-04  fps   8115  2181.8s
it 3493/4000  reward     nan  ep_len    nan  fell    0  err_xy 0.034  std 0.217  lr 1.0e-04  fps   7675  2182.1s
it 3494/4000  reward     nan  ep_len    nan  fell    0  err_xy 0.027  std 0.217  lr 1.0e-04  fps   7808  2182.4s
it 3495/4000  reward     nan  ep_len    nan  fell    0  err_xy 0.028  std 0.217  lr 1.0e-04  fps   7676  2182.7s
it 3496/4000  reward     nan  ep_len    nan  fell    0  err_xy 0.028  std 0.217  lr 1.0e-04  fps   8255  2183.0s
it 3497/4000  reward     nan  ep_len    nan  fell    0  err_xy 0.030  std 0.217  lr 1.0e-04  fps   8319  2183.3s
it 3498/4000  reward     nan  ep_len    nan  fell    0  err_xy 0.026  std 0.217  lr 1.0e-04  fps   8274  2183.6s
it 3499/4000  reward     nan  ep_len    nan  fell    0  err_xy 0.020  std 0.217  lr 1.0e-04  fps   8455  2183.9s
it 3500/4000  reward     nan  ep_len    nan  fell    0  err_xy 0.020  std 0.217  lr 1.0e-04  fps   8458  2184.1s
it 3501/4000  reward     nan  ep_len    nan  fell    0  err_xy 0.019  std 0.217  lr 1.0e-04  fps   8433  2184.4s
it 3502/4000  reward  199.15  ep_len  808.0  fell    0  err_xy 0.201  std 0.217  lr 1.0e-04  fps   7118  2184.7s
it 3503/4000  reward     nan  ep_len    nan  fell    0  err_xy 0.200  std 0.217  lr 1.0e-04  fps   8913  2185.0s
it 3504/4000  reward     nan  ep_len    nan  fell    0  err_xy 0.196  std 0.217  lr 1.0e-04  fps   8778  2185.2s
it 3505/4000  reward     nan  ep_len    nan  fell    0  err_xy 0.194  std 0.217  lr 1.0e-04  fps   8636  2185.5s
it 3506/4000  reward     nan  ep_len    nan  fell    0  err_xy 0.184  std 0.217  lr 1.0e-04  fps   8496  2185.8s
it 3507/4000  reward     nan  ep_len    nan  fell    0  err_xy 0.139  std 0.217  lr 1.0e-04  fps   8484  2186.1s
it 3508/4000  reward     nan  ep_len    nan  fell    0  err_xy 0.098  std 0.217  lr 1.0e-04  fps   8179  2186.3s
it 3509/4000  reward     nan  ep_len    nan  fell    0  err_xy 0.080  std 0.217  lr 1.0e-04  fps   7983  2186.6s
it 3510/4000  reward     nan  ep_len    nan  fell    0  err_xy 0.091  std 0.217  lr 1.0e-04  fps   8087  2186.9s
it 3511/4000  reward     nan  ep_len    nan  fell    0  err_xy 0.097  std 0.217  lr 1.0e-04  fps   8058  2187.2s
it 3512/4000  reward     nan  ep_len    nan  fell    0  err_xy 0.086  std 0.217  lr 1.0e-04  fps   7887  2187.5s
it 3513/4000  reward     nan  ep_len    nan  fell    0  err_xy 0.074  std 0.217  lr 1.0e-04  fps   7982  2187.8s
it 3514/4000  reward     nan  ep_len    nan  fell    0  err_xy 0.070  std 0.217  lr 1.0e-04  fps   7942  2188.1s
it 3515/4000  reward     nan  ep_len    nan  fell    0  err_xy 0.052  std 0.217  lr 1.0e-04  fps   7944  2188.4s
it 3516/4000  reward     nan  ep_len    nan  fell    0  err_xy 0.041  std 0.217  lr 1.0e-04  fps   7765  2188.7s
it 3517/4000  reward     nan  ep_len    nan  fell    0  err_xy 0.029  std 0.217  lr 1.0e-04  fps   7884  2189.0s
it 3518/4000  reward     nan  ep_len    nan  fell    0  err_xy 0.030  std 0.217  lr 1.0e-04  fps   7927  2189.2s
it 3519/4000  reward     nan  ep_len    nan  fell    0  err_xy 0.031  std 0.217  lr 1.0e-04  fps   7749  2189.5s
it 3520/4000  reward     nan  ep_len    nan  fell    0  err_xy 0.029  std 0.217  lr 1.0e-04  fps   7152  2189.9s
it 3521/4000  reward     nan  ep_len    nan  fell    0  err_xy 0.026  std 0.217  lr 1.0e-04  fps   7416  2190.2s
it 3522/4000  reward     nan  ep_len    nan  fell    0  err_xy 0.024  std 0.217  lr 1.0e-04  fps   7332  2190.5s
it 3523/4000  reward     nan  ep_len    nan  fell    0  err_xy 0.019  std 0.217  lr 1.0e-04  fps   7460  2190.8s
it 3524/4000  reward     nan  ep_len    nan  fell    0  err_xy 0.016  std 0.217  lr 1.0e-04  fps   7237  2191.1s
it 3525/4000  reward     nan  ep_len    nan  fell    0  err_xy 0.013  std 0.217  lr 1.0e-04  fps   6918  2191.5s
it 3526/4000  reward     nan  ep_len    nan  fell    0  err_xy 0.014  std 0.217  lr 1.0e-04  fps   7158  2191.8s
it 3527/4000  reward     nan  ep_len    nan  fell    0  err_xy 0.014  std 0.216  lr 1.0e-04  fps   6956  2192.1s
it 3528/4000  reward     nan  ep_len    nan  fell    0  err_xy 0.013  std 0.216  lr 1.0e-04  fps   6971  2192.4s
it 3529/4000  reward     nan  ep_len    nan  fell    0  err_xy 0.013  std 0.216  lr 1.0e-04  fps   7399  2192.7s
it 3530/4000  reward     nan  ep_len    nan  fell    0  err_xy 0.015  std 0.216  lr 1.0e-04  fps   6712  2193.1s
it 3531/4000  reward     nan  ep_len    nan  fell    0  err_xy 0.015  std 0.216  lr 1.0e-04  fps   7187  2193.4s
it 3532/4000  reward     nan  ep_len    nan  fell    0  err_xy 0.014  std 0.216  lr 1.0e-04  fps   7581  2193.7s
it 3533/4000  reward     nan  ep_len    nan  fell    0  err_xy 0.013  std 0.216  lr 1.0e-04  fps   7650  2194.0s
it 3534/4000  reward     nan  ep_len    nan  fell    0  err_xy 0.014  std 0.216  lr 1.0e-04  fps   7658  2194.3s
it 3535/4000  reward  226.71  ep_len  808.0  fell    0  err_xy 0.013  std 0.216  lr 1.0e-04  fps   6207  2194.7s
it 3536/4000  reward     nan  ep_len    nan  fell    0  err_xy 0.265  std 0.216  lr 1.0e-04  fps   7479  2195.0s
it 3537/4000  reward     nan  ep_len    nan  fell    0  err_xy 0.214  std 0.216  lr 1.0e-04  fps   7955  2195.3s
it 3538/4000  reward     nan  ep_len    nan  fell    0  err_xy 0.202  std 0.216  lr 1.0e-04  fps   8014  2195.6s
it 3539/4000  reward     nan  ep_len    nan  fell    0  err_xy 0.177  std 0.216  lr 1.0e-04  fps   8085  2195.9s
it 3540/4000  reward     nan  ep_len    nan  fell    0  err_xy 0.141  std 0.216  lr 1.0e-04  fps   7834  2196.2s
it 3541/4000  reward     nan  ep_len    nan  fell    0  err_xy 0.135  std 0.216  lr 1.0e-04  fps   7962  2196.4s
it 3542/4000  reward     nan  ep_len    nan  fell    0  err_xy 0.114  std 0.216  lr 1.0e-04  fps   7786  2196.7s
it 3543/4000  reward     nan  ep_len    nan  fell    0  err_xy 0.090  std 0.216  lr 1.0e-04  fps   7986  2197.0s
it 3544/4000  reward     nan  ep_len    nan  fell    0  err_xy 0.082  std 0.216  lr 1.0e-04  fps   7845  2197.3s
it 3545/4000  reward     nan  ep_len    nan  fell    0  err_xy 0.074  std 0.216  lr 1.0e-04  fps   7915  2197.6s
it 3546/4000  reward     nan  ep_len    nan  fell    0  err_xy 0.066  std 0.216  lr 1.0e-04  fps   7946  2197.9s
it 3547/4000  reward     nan  ep_len    nan  fell    0  err_xy 0.052  std 0.216  lr 1.0e-04  fps   7980  2198.2s
it 3548/4000  reward     nan  ep_len    nan  fell    0  err_xy 0.054  std 0.216  lr 1.0e-04  fps   7974  2198.5s
it 3549/4000  reward     nan  ep_len    nan  fell    0  err_xy 0.041  std 0.216  lr 1.0e-04  fps   7881  2198.8s
it 3550/4000  reward     nan  ep_len    nan  fell    0  err_xy 0.034  std 0.216  lr 1.0e-04  fps   7391  2199.1s
it 3551/4000  reward     nan  ep_len    nan  fell    0  err_xy 0.039  std 0.216  lr 1.0e-04  fps   6593  2199.4s
it 3552/4000  reward     nan  ep_len    nan  fell    0  err_xy 0.045  std 0.216  lr 1.0e-04  fps   7176  2199.8s
it 3553/4000  reward     nan  ep_len    nan  fell    0  err_xy 0.037  std 0.216  lr 1.0e-04  fps   7205  2200.1s
it 3554/4000  reward     nan  ep_len    nan  fell    0  err_xy 0.038  std 0.216  lr 1.0e-04  fps   7391  2200.4s
it 3555/4000  reward     nan  ep_len    nan  fell    0  err_xy 0.031  std 0.216  lr 1.0e-04  fps   7275  2200.7s
it 3556/4000  reward     nan  ep_len    nan  fell    0  err_xy 0.027  std 0.216  lr 1.0e-04  fps   7185  2201.0s
it 3557/4000  reward     nan  ep_len    nan  fell    0  err_xy 0.023  std 0.216  lr 1.0e-04  fps   7508  2201.3s
it 3558/4000  reward     nan  ep_len    nan  fell    0  err_xy 0.023  std 0.216  lr 1.0e-04  fps   7493  2201.6s
it 3559/4000  reward     nan  ep_len    nan  fell    0  err_xy 0.018  std 0.216  lr 1.0e-04  fps   8004  2201.9s
it 3560/4000  reward     nan  ep_len    nan  fell    0  err_xy 0.016  std 0.216  lr 1.0e-04  fps   7730  2202.2s
it 3561/4000  reward     nan  ep_len    nan  fell    0  err_xy 0.016  std 0.216  lr 1.0e-04  fps   7890  2202.5s
it 3562/4000  reward     nan  ep_len    nan  fell    0  err_xy 0.014  std 0.216  lr 1.0e-04  fps   7914  2202.8s
it 3563/4000  reward     nan  ep_len    nan  fell    0  err_xy 0.013  std 0.216  lr 1.0e-04  fps   7884  2203.1s
it 3564/4000  reward     nan  ep_len    nan  fell    0  err_xy 0.018  std 0.216  lr 1.0e-04  fps   7810  2203.4s
it 3565/4000  reward     nan  ep_len    nan  fell    0  err_xy 0.015  std 0.216  lr 1.0e-04  fps   8037  2203.7s
it 3566/4000  reward     nan  ep_len    nan  fell    0  err_xy 0.019  std 0.216  lr 1.0e-04  fps   8207  2204.0s
it 3567/4000  reward     nan  ep_len    nan  fell    0  err_xy 0.016  std 0.216  lr 1.0e-04  fps   8266  2204.3s
it 3568/4000  reward     nan  ep_len    nan  fell    0  err_xy 0.016  std 0.216  lr 1.0e-04  fps   8289  2204.5s
it 3569/4000  reward  226.38  ep_len  808.0  fell    0  err_xy 0.087  std 0.216  lr 1.0e-04  fps   7058  2204.9s
it 3570/4000  reward     nan  ep_len    nan  fell    0  err_xy 0.264  std 0.216  lr 1.0e-04  fps   8859  2205.1s
it 3571/4000  reward     nan  ep_len    nan  fell    0  err_xy 0.164  std 0.216  lr 1.0e-04  fps   8794  2205.4s
it 3572/4000  reward     nan  ep_len    nan  fell    0  err_xy 0.151  std 0.216  lr 1.0e-04  fps   8658  2205.6s
it 3573/4000  reward     nan  ep_len    nan  fell    0  err_xy 0.141  std 0.216  lr 1.0e-04  fps   8474  2205.9s
it 3574/4000  reward     nan  ep_len    nan  fell    0  err_xy 0.105  std 0.216  lr 1.0e-04  fps   8309  2206.2s
it 3575/4000  reward     nan  ep_len    nan  fell    0  err_xy 0.082  std 0.216  lr 1.0e-04  fps   8069  2206.5s
it 3576/4000  reward     nan  ep_len    nan  fell    0  err_xy 0.080  std 0.216  lr 1.0e-04  fps   8059  2206.8s
it 3577/4000  reward     nan  ep_len    nan  fell    0  err_xy 0.096  std 0.216  lr 1.0e-04  fps   8076  2207.1s
it 3578/4000  reward     nan  ep_len    nan  fell    0  err_xy 0.075  std 0.216  lr 1.0e-04  fps   7478  2207.4s
it 3579/4000  reward     nan  ep_len    nan  fell    0  err_xy 0.067  std 0.216  lr 1.0e-04  fps   7903  2207.7s
it 3580/4000  reward     nan  ep_len    nan  fell    0  err_xy 0.052  std 0.216  lr 1.0e-04  fps   7859  2207.9s
it 3581/4000  reward     nan  ep_len    nan  fell    0  err_xy 0.040  std 0.216  lr 1.0e-04  fps   7801  2208.2s
it 3582/4000  reward     nan  ep_len    nan  fell    0  err_xy 0.041  std 0.216  lr 1.0e-04  fps   7722  2208.5s
it 3583/4000  reward     nan  ep_len    nan  fell    0  err_xy 0.037  std 0.216  lr 1.0e-04  fps   7676  2208.8s
it 3584/4000  reward     nan  ep_len    nan  fell    0  err_xy 0.026  std 0.216  lr 1.0e-04  fps   7773  2209.1s
it 3585/4000  reward     nan  ep_len    nan  fell    0  err_xy 0.018  std 0.216  lr 1.0e-04  fps   7707  2209.4s
it 3586/4000  reward     nan  ep_len    nan  fell    0  err_xy 0.021  std 0.216  lr 1.0e-04  fps   7025  2209.8s
it 3587/4000  reward     nan  ep_len    nan  fell    0  err_xy 0.019  std 0.216  lr 1.0e-04  fps   7170  2210.1s
it 3588/4000  reward     nan  ep_len    nan  fell    0  err_xy 0.019  std 0.216  lr 1.0e-04  fps   7497  2210.4s
it 3589/4000  reward     nan  ep_len    nan  fell    0  err_xy 0.021  std 0.216  lr 1.0e-04  fps   7907  2210.7s
it 3590/4000  reward     nan  ep_len    nan  fell    0  err_xy 0.027  std 0.216  lr 1.0e-04  fps   8103  2211.0s
it 3591/4000  reward     nan  ep_len    nan  fell    0  err_xy 0.024  std 0.216  lr 1.0e-04  fps   8126  2211.3s
it 3592/4000  reward     nan  ep_len    nan  fell    0  err_xy 0.024  std 0.216  lr 1.0e-04  fps   8122  2211.5s
it 3593/4000  reward     nan  ep_len    nan  fell    0  err_xy 0.020  std 0.216  lr 1.0e-04  fps   8148  2211.8s
it 3594/4000  reward     nan  ep_len    nan  fell    0  err_xy 0.020  std 0.216  lr 1.0e-04  fps   8174  2212.1s
it 3595/4000  reward     nan  ep_len    nan  fell    0  err_xy 0.019  std 0.216  lr 1.0e-04  fps   8244  2212.4s
it 3596/4000  reward     nan  ep_len    nan  fell    0  err_xy 0.016  std 0.216  lr 1.0e-04  fps   8041  2212.7s
it 3597/4000  reward     nan  ep_len    nan  fell    0  err_xy 0.016  std 0.216  lr 1.0e-04  fps   7951  2213.0s
it 3598/4000  reward     nan  ep_len    nan  fell    0  err_xy 0.012  std 0.216  lr 1.0e-04  fps   7610  2213.3s
it 3599/4000  reward     nan  ep_len    nan  fell    0  err_xy 0.015  std 0.216  lr 1.0e-04  fps   7313  2213.6s
it 3600/4000  reward     nan  ep_len    nan  fell    0  err_xy 0.015  std 0.216  lr 1.0e-04  fps   7567  2213.9s
it 3601/4000  reward     nan  ep_len    nan  fell    0  err_xy 0.016  std 0.216  lr 1.0e-04  fps   7970  2214.2s
it 3602/4000  reward     nan  ep_len    nan  fell    0  err_xy 0.013  std 0.216  lr 1.0e-04  fps   8144  2214.5s
it 3603/4000  reward  218.95  ep_len  808.0  fell    0  err_xy 0.222  std 0.216  lr 1.0e-04  fps   7121  2214.8s
it 3604/4000  reward     nan  ep_len    nan  fell    0  err_xy 0.214  std 0.216  lr 1.0e-04  fps   8847  2215.0s
it 3605/4000  reward     nan  ep_len    nan  fell    0  err_xy 0.183  std 0.216  lr 1.0e-04  fps   8584  2215.3s
it 3606/4000  reward     nan  ep_len    nan  fell    0  err_xy 0.163  std 0.216  lr 1.0e-04  fps   7716  2215.6s
it 3607/4000  reward     nan  ep_len    nan  fell    0  err_xy 0.169  std 0.216  lr 1.0e-04  fps   7868  2215.9s
it 3608/4000  reward     nan  ep_len    nan  fell    0  err_xy 0.127  std 0.216  lr 1.0e-04  fps   7555  2216.2s
it 3609/4000  reward     nan  ep_len    nan  fell    0  err_xy 0.090  std 0.216  lr 1.0e-04  fps   7876  2216.5s
it 3610/4000  reward     nan  ep_len    nan  fell    0  err_xy 0.074  std 0.216  lr 1.0e-04  fps   7654  2216.8s
it 3611/4000  reward     nan  ep_len    nan  fell    0  err_xy 0.067  std 0.216  lr 1.0e-04  fps   7809  2217.1s
it 3612/4000  reward     nan  ep_len    nan  fell    0  err_xy 0.066  std 0.216  lr 1.0e-04  fps   7896  2217.4s
it 3613/4000  reward     nan  ep_len    nan  fell    0  err_xy 0.048  std 0.216  lr 1.0e-04  fps   7840  2217.7s
it 3614/4000  reward     nan  ep_len    nan  fell    0  err_xy 0.043  std 0.216  lr 1.0e-04  fps   7866  2218.0s
it 3615/4000  reward     nan  ep_len    nan  fell    0  err_xy 0.045  std 0.216  lr 1.0e-04  fps   7939  2218.3s
it 3616/4000  reward     nan  ep_len    nan  fell    0  err_xy 0.034  std 0.216  lr 1.0e-04  fps   7895  2218.6s
it 3617/4000  reward     nan  ep_len    nan  fell    0  err_xy 0.029  std 0.216  lr 1.0e-04  fps   7748  2218.9s
it 3618/4000  reward     nan  ep_len    nan  fell    0  err_xy 0.030  std 0.216  lr 1.0e-04  fps   7932  2219.2s
it 3619/4000  reward     nan  ep_len    nan  fell    0  err_xy 0.028  std 0.216  lr 1.0e-04  fps   7746  2219.5s
it 3620/4000  reward     nan  ep_len    nan  fell    0  err_xy 0.033  std 0.216  lr 1.0e-04  fps   7368  2219.8s
it 3621/4000  reward     nan  ep_len    nan  fell    0  err_xy 0.025  std 0.217  lr 1.0e-04  fps   7494  2220.1s
it 3622/4000  reward     nan  ep_len    nan  fell    0  err_xy 0.022  std 0.217  lr 1.0e-04  fps   7536  2220.4s
it 3623/4000  reward     nan  ep_len    nan  fell    0  err_xy 0.026  std 0.216  lr 1.0e-04  fps   7830  2220.7s
it 3624/4000  reward     nan  ep_len    nan  fell    0  err_xy 0.031  std 0.216  lr 1.0e-04  fps   7906  2221.0s
it 3625/4000  reward     nan  ep_len    nan  fell    0  err_xy 0.031  std 0.217  lr 1.0e-04  fps   8094  2221.2s
it 3626/4000  reward     nan  ep_len    nan  fell    0  err_xy 0.022  std 0.217  lr 1.0e-04  fps   8048  2221.5s
it 3627/4000  reward     nan  ep_len    nan  fell    0  err_xy 0.020  std 0.217  lr 1.0e-04  fps   7948  2221.8s
it 3628/4000  reward     nan  ep_len    nan  fell    0  err_xy 0.024  std 0.217  lr 1.0e-04  fps   8023  2222.1s
it 3629/4000  reward     nan  ep_len    nan  fell    0  err_xy 0.022  std 0.216  lr 1.0e-04  fps   8119  2222.4s
it 3630/4000  reward     nan  ep_len    nan  fell    0  err_xy 0.017  std 0.217  lr 1.0e-04  fps   8057  2222.7s
it 3631/4000  reward     nan  ep_len    nan  fell    0  err_xy 0.020  std 0.217  lr 1.0e-04  fps   8009  2223.0s
it 3632/4000  reward     nan  ep_len    nan  fell    0  err_xy 0.026  std 0.217  lr 1.0e-04  fps   8128  2223.3s
it 3633/4000  reward     nan  ep_len    nan  fell    0  err_xy 0.023  std 0.217  lr 1.0e-04  fps   8010  2223.6s
it 3634/4000  reward     nan  ep_len    nan  fell    0  err_xy 0.026  std 0.217  lr 1.0e-04  fps   7764  2223.8s
it 3635/4000  reward     nan  ep_len    nan  fell    0  err_xy 0.021  std 0.217  lr 1.0e-04  fps   7186  2224.2s
it 3636/4000  reward  214.19  ep_len  808.0  fell    0  err_xy 0.027  std 0.217  lr 1.0e-04  fps   6228  2224.5s
it 3637/4000  reward     nan  ep_len    nan  fell    0  err_xy 0.275  std 0.217  lr 1.0e-04  fps   7781  2224.8s
it 3638/4000  reward     nan  ep_len    nan  fell    0  err_xy 0.214  std 0.217  lr 1.0e-04  fps   7962  2225.1s
it 3639/4000  reward     nan  ep_len    nan  fell    0  err_xy 0.194  std 0.217  lr 1.0e-04  fps   7897  2225.4s
it 3640/4000  reward     nan  ep_len    nan  fell    0  err_xy 0.184  std 0.217  lr 1.0e-04  fps   7534  2225.7s
it 3641/4000  reward     nan  ep_len    nan  fell    0  err_xy 0.171  std 0.217  lr 1.0e-04  fps   8057  2226.0s
it 3642/4000  reward     nan  ep_len    nan  fell    0  err_xy 0.150  std 0.217  lr 1.0e-04  fps   8013  2226.3s
it 3643/4000  reward     nan  ep_len    nan  fell    0  err_xy 0.127  std 0.217  lr 1.0e-04  fps   7868  2226.6s
it 3644/4000  reward     nan  ep_len    nan  fell    0  err_xy 0.105  std 0.217  lr 1.0e-04  fps   7934  2226.9s
it 3645/4000  reward     nan  ep_len    nan  fell    0  err_xy 0.072  std 0.217  lr 1.0e-04  fps   7878  2227.2s
it 3646/4000  reward     nan  ep_len    nan  fell    0  err_xy 0.056  std 0.217  lr 1.0e-04  fps   7920  2227.5s
it 3647/4000  reward     nan  ep_len    nan  fell    0  err_xy 0.056  std 0.217  lr 1.0e-04  fps   7005  2227.8s
it 3648/4000  reward     nan  ep_len    nan  fell    0  err_xy 0.044  std 0.217  lr 1.0e-04  fps   7685  2228.1s
it 3649/4000  reward     nan  ep_len    nan  fell    0  err_xy 0.034  std 0.217  lr 1.0e-04  fps   7739  2228.4s
it 3650/4000  reward     nan  ep_len    nan  fell    0  err_xy 0.041  std 0.217  lr 1.0e-04  fps   7397  2228.7s
it 3651/4000  reward     nan  ep_len    nan  fell    0  err_xy 0.041  std 0.217  lr 1.0e-04  fps   7141  2229.0s
it 3652/4000  reward     nan  ep_len    nan  fell    0  err_xy 0.040  std 0.217  lr 1.0e-04  fps   7582  2229.3s
it 3653/4000  reward     nan  ep_len    nan  fell    0  err_xy 0.037  std 0.217  lr 1.0e-04  fps   7581  2229.6s
it 3654/4000  reward     nan  ep_len    nan  fell    0  err_xy 0.027  std 0.217  lr 1.0e-04  fps   7270  2230.0s
it 3655/4000  reward     nan  ep_len    nan  fell    0  err_xy 0.027  std 0.217  lr 1.0e-04  fps   7251  2230.3s
it 3656/4000  reward     nan  ep_len    nan  fell    0  err_xy 0.029  std 0.217  lr 1.0e-04  fps   7495  2230.6s
it 3657/4000  reward     nan  ep_len    nan  fell    0  err_xy 0.020  std 0.217  lr 1.0e-04  fps   7641  2230.9s
it 3658/4000  reward     nan  ep_len    nan  fell    0  err_xy 0.021  std 0.217  lr 1.0e-04  fps   7724  2231.2s
it 3659/4000  reward     nan  ep_len    nan  fell    0  err_xy 0.017  std 0.217  lr 1.0e-04  fps   7812  2231.5s
it 3660/4000  reward     nan  ep_len    nan  fell    0  err_xy 0.019  std 0.217  lr 1.0e-04  fps   7837  2231.8s
it 3661/4000  reward     nan  ep_len    nan  fell    0  err_xy 0.016  std 0.217  lr 1.0e-04  fps   7814  2232.1s
it 3662/4000  reward     nan  ep_len    nan  fell    0  err_xy 0.014  std 0.217  lr 1.0e-04  fps   7843  2232.4s
it 3663/4000  reward     nan  ep_len    nan  fell    0  err_xy 0.018  std 0.217  lr 1.0e-04  fps   7848  2232.7s
it 3664/4000  reward     nan  ep_len    nan  fell    0  err_xy 0.015  std 0.217  lr 1.0e-04  fps   7839  2232.9s
it 3665/4000  reward     nan  ep_len    nan  fell    0  err_xy 0.016  std 0.216  lr 1.0e-04  fps   7917  2233.2s
it 3666/4000  reward     nan  ep_len    nan  fell    0  err_xy 0.018  std 0.216  lr 1.0e-04  fps   7842  2233.5s
it 3667/4000  reward     nan  ep_len    nan  fell    0  err_xy 0.020  std 0.217  lr 1.0e-04  fps   7864  2233.8s
it 3668/4000  reward     nan  ep_len    nan  fell    0  err_xy 0.019  std 0.217  lr 1.0e-04  fps   7919  2234.1s
it 3669/4000  reward     nan  ep_len    nan  fell    0  err_xy 0.020  std 0.217  lr 1.0e-04  fps   7978  2234.4s
it 3670/4000  reward  217.04  ep_len  808.0  fell    0  err_xy 0.095  std 0.217  lr 1.0e-04  fps   6698  2234.7s
it 3671/4000  reward     nan  ep_len    nan  fell    0  err_xy 0.257  std 0.217  lr 1.0e-04  fps   8173  2235.0s
it 3672/4000  reward     nan  ep_len    nan  fell    0  err_xy 0.180  std 0.217  lr 1.0e-04  fps   8668  2235.3s
it 3673/4000  reward     nan  ep_len    nan  fell    0  err_xy 0.164  std 0.217  lr 1.0e-04  fps   8589  2235.6s
it 3674/4000  reward     nan  ep_len    nan  fell    0  err_xy 0.168  std 0.217  lr 1.0e-04  fps   8432  2235.8s
it 3675/4000  reward     nan  ep_len    nan  fell    0  err_xy 0.129  std 0.217  lr 1.0e-04  fps   8313  2236.1s
it 3676/4000  reward     nan  ep_len    nan  fell    0  err_xy 0.097  std 0.217  lr 1.0e-04  fps   8170  2236.4s
it 3677/4000  reward     nan  ep_len    nan  fell    0  err_xy 0.086  std 0.217  lr 1.0e-04  fps   7809  2236.7s
it 3678/4000  reward     nan  ep_len    nan  fell    0  err_xy 0.069  std 0.217  lr 1.0e-04  fps   7945  2237.0s
it 3679/4000  reward     nan  ep_len    nan  fell    0  err_xy 0.062  std 0.217  lr 1.0e-04  fps   7998  2237.3s
it 3680/4000  reward     nan  ep_len    nan  fell    0  err_xy 0.052  std 0.217  lr 1.0e-04  fps   7908  2237.6s
it 3681/4000  reward     nan  ep_len    nan  fell    0  err_xy 0.048  std 0.217  lr 1.0e-04  fps   7855  2237.9s
it 3682/4000  reward     nan  ep_len    nan  fell    0  err_xy 0.045  std 0.217  lr 1.0e-04  fps   7738  2238.2s
it 3683/4000  reward     nan  ep_len    nan  fell    0  err_xy 0.045  std 0.217  lr 1.0e-04  fps   7684  2238.5s
it 3684/4000  reward     nan  ep_len    nan  fell    0  err_xy 0.048  std 0.217  lr 1.0e-04  fps   7402  2238.8s
it 3685/4000  reward     nan  ep_len    nan  fell    0  err_xy 0.043  std 0.217  lr 1.0e-04  fps   7465  2239.1s
it 3686/4000  reward     nan  ep_len    nan  fell    0  err_xy 0.032  std 0.217  lr 1.0e-04  fps   7511  2239.4s
it 3687/4000  reward     nan  ep_len    nan  fell    0  err_xy 0.032  std 0.217  lr 1.0e-04  fps   7249  2239.7s
it 3688/4000  reward     nan  ep_len    nan  fell    0  err_xy 0.027  std 0.217  lr 1.0e-04  fps   7137  2240.0s
it 3689/4000  reward     nan  ep_len    nan  fell    0  err_xy 0.023  std 0.217  lr 1.0e-04  fps   7392  2240.3s
it 3690/4000  reward     nan  ep_len    nan  fell    0  err_xy 0.027  std 0.217  lr 1.0e-04  fps   7331  2240.7s
it 3691/4000  reward     nan  ep_len    nan  fell    0  err_xy 0.028  std 0.217  lr 1.0e-04  fps   7525  2241.0s
it 3692/4000  reward     nan  ep_len    nan  fell    0  err_xy 0.024  std 0.217  lr 1.0e-04  fps   7638  2241.3s
it 3693/4000  reward     nan  ep_len    nan  fell    0  err_xy 0.023  std 0.217  lr 1.0e-04  fps   7691  2241.6s
it 3694/4000  reward     nan  ep_len    nan  fell    0  err_xy 0.023  std 0.217  lr 1.0e-04  fps   7772  2241.9s
it 3695/4000  reward     nan  ep_len    nan  fell    0  err_xy 0.025  std 0.217  lr 1.0e-04  fps   7794  2242.2s
it 3696/4000  reward     nan  ep_len    nan  fell    0  err_xy 0.025  std 0.217  lr 1.0e-04  fps   7891  2242.4s
it 3697/4000  reward     nan  ep_len    nan  fell    0  err_xy 0.021  std 0.217  lr 1.0e-04  fps   7766  2242.7s
it 3698/4000  reward     nan  ep_len    nan  fell    0  err_xy 0.018  std 0.217  lr 1.0e-04  fps   7865  2243.0s
it 3699/4000  reward     nan  ep_len    nan  fell    0  err_xy 0.022  std 0.217  lr 1.0e-04  fps   7924  2243.3s
it 3700/4000  reward     nan  ep_len    nan  fell    0  err_xy 0.021  std 0.217  lr 1.0e-04  fps   7885  2243.6s
it 3701/4000  reward     nan  ep_len    nan  fell    0  err_xy 0.020  std 0.217  lr 1.0e-04  fps   7785  2243.9s
it 3702/4000  reward     nan  ep_len    nan  fell    0  err_xy 0.016  std 0.217  lr 1.0e-04  fps   7888  2244.2s
it 3703/4000  reward     nan  ep_len    nan  fell    0  err_xy 0.018  std 0.217  lr 1.0e-04  fps   7860  2244.5s
it 3704/4000  reward  210.77  ep_len  808.0  fell    0  err_xy 0.214  std 0.217  lr 1.0e-04  fps   6772  2244.8s
it 3705/4000  reward     nan  ep_len    nan  fell    0  err_xy 0.231  std 0.217  lr 1.0e-04  fps   7857  2245.1s
it 3706/4000  reward     nan  ep_len    nan  fell    0  err_xy 0.185  std 0.217  lr 1.0e-04  fps   7781  2245.4s
it 3707/4000  reward     nan  ep_len    nan  fell    0  err_xy 0.200  std 0.217  lr 1.0e-04  fps   8096  2245.7s
it 3708/4000  reward     nan  ep_len    nan  fell    0  err_xy 0.179  std 0.217  lr 1.0e-04  fps   8021  2246.0s
it 3709/4000  reward     nan  ep_len    nan  fell    0  err_xy 0.155  std 0.217  lr 1.0e-04  fps   7970  2246.3s
it 3710/4000  reward     nan  ep_len    nan  fell    0  err_xy 0.125  std 0.217  lr 1.0e-04  fps   7893  2246.6s
it 3711/4000  reward     nan  ep_len    nan  fell    0  err_xy 0.098  std 0.217  lr 1.0e-04  fps   7784  2246.9s
it 3712/4000  reward     nan  ep_len    nan  fell    0  err_xy 0.087  std 0.217  lr 1.0e-04  fps   7800  2247.2s
it 3713/4000  reward     nan  ep_len    nan  fell    0  err_xy 0.093  std 0.217  lr 1.0e-04  fps   7744  2247.5s
it 3714/4000  reward     nan  ep_len    nan  fell    0  err_xy 0.083  std 0.217  lr 1.0e-04  fps   7679  2247.8s
it 3715/4000  reward     nan  ep_len    nan  fell    0  err_xy 0.066  std 0.217  lr 1.0e-04  fps   7699  2248.1s
it 3716/4000  reward     nan  ep_len    nan  fell    0  err_xy 0.056  std 0.217  lr 1.0e-04  fps   7414  2248.4s
it 3717/4000  reward     nan  ep_len    nan  fell    0  err_xy 0.050  std 0.217  lr 1.0e-04  fps   7601  2248.7s
it 3718/4000  reward     nan  ep_len    nan  fell    0  err_xy 0.040  std 0.217  lr 1.0e-04  fps   7559  2249.0s
it 3719/4000  reward     nan  ep_len    nan  fell    0  err_xy 0.033  std 0.217  lr 1.0e-04  fps   7571  2249.3s
it 3720/4000  reward     nan  ep_len    nan  fell    0  err_xy 0.029  std 0.217  lr 1.0e-04  fps   7539  2249.6s
it 3721/4000  reward     nan  ep_len    nan  fell    0  err_xy 0.029  std 0.217  lr 1.0e-04  fps   7679  2249.9s
it 3722/4000  reward     nan  ep_len    nan  fell    0  err_xy 0.027  std 0.217  lr 1.0e-04  fps   7363  2250.2s
it 3723/4000  reward     nan  ep_len    nan  fell    0  err_xy 0.029  std 0.217  lr 1.0e-04  fps   7459  2250.5s
it 3724/4000  reward     nan  ep_len    nan  fell    0  err_xy 0.025  std 0.217  lr 1.0e-04  fps   7426  2250.8s
it 3725/4000  reward     nan  ep_len    nan  fell    0  err_xy 0.025  std 0.217  lr 1.0e-04  fps   7632  2251.1s
it 3726/4000  reward     nan  ep_len    nan  fell    0  err_xy 0.023  std 0.217  lr 1.0e-04  fps   7655  2251.4s
it 3727/4000  reward     nan  ep_len    nan  fell    0  err_xy 0.020  std 0.217  lr 1.0e-04  fps   7675  2251.7s
it 3728/4000  reward     nan  ep_len    nan  fell    0  err_xy 0.018  std 0.217  lr 1.0e-04  fps   7562  2252.1s
it 3729/4000  reward     nan  ep_len    nan  fell    0  err_xy 0.017  std 0.217  lr 1.0e-04  fps   7725  2252.4s
it 3730/4000  reward     nan  ep_len    nan  fell    0  err_xy 0.014  std 0.217  lr 1.0e-04  fps   7735  2252.7s
it 3731/4000  reward     nan  ep_len    nan  fell    0  err_xy 0.014  std 0.217  lr 1.0e-04  fps   7674  2253.0s
it 3732/4000  reward     nan  ep_len    nan  fell    0  err_xy 0.014  std 0.217  lr 1.0e-04  fps   7759  2253.2s
it 3733/4000  reward     nan  ep_len    nan  fell    0  err_xy 0.014  std 0.217  lr 1.0e-04  fps   7613  2253.6s
it 3734/4000  reward     nan  ep_len    nan  fell    0  err_xy 0.016  std 0.217  lr 1.0e-04  fps   7329  2253.9s
it 3735/4000  reward     nan  ep_len    nan  fell    0  err_xy 0.013  std 0.216  lr 1.0e-04  fps   7217  2254.2s
it 3736/4000  reward     nan  ep_len    nan  fell    0  err_xy 0.012  std 0.216  lr 1.0e-04  fps   7738  2254.5s
it 3737/4000  reward  176.68  ep_len  808.0  fell    0  err_xy 0.013  std 0.216  lr 1.0e-04  fps   6401  2254.8s
it 3738/4000  reward     nan  ep_len    nan  fell    0  err_xy 0.301  std 0.216  lr 1.0e-04  fps   8297  2255.1s
it 3739/4000  reward     nan  ep_len    nan  fell    0  err_xy 0.197  std 0.216  lr 1.0e-04  fps   8257  2255.4s
it 3740/4000  reward     nan  ep_len    nan  fell    0  err_xy 0.185  std 0.216  lr 1.0e-04  fps   8029  2255.7s
it 3741/4000  reward     nan  ep_len    nan  fell    0  err_xy 0.194  std 0.216  lr 1.0e-04  fps   8027  2256.0s
it 3742/4000  reward     nan  ep_len    nan  fell    0  err_xy 0.145  std 0.216  lr 1.0e-04  fps   7919  2256.3s
it 3743/4000  reward     nan  ep_len    nan  fell    0  err_xy 0.114  std 0.216  lr 1.0e-04  fps   7569  2256.6s
it 3744/4000  reward     nan  ep_len    nan  fell    0  err_xy 0.098  std 0.216  lr 1.0e-04  fps   7645  2256.9s
it 3745/4000  reward     nan  ep_len    nan  fell    0  err_xy 0.086  std 0.217  lr 1.0e-04  fps   7532  2257.2s
it 3746/4000  reward     nan  ep_len    nan  fell    0  err_xy 0.068  std 0.217  lr 1.0e-04  fps   7470  2257.5s
it 3747/4000  reward     nan  ep_len    nan  fell    0  err_xy 0.066  std 0.217  lr 1.0e-04  fps   7137  2257.8s
it 3748/4000  reward     nan  ep_len    nan  fell    0  err_xy 0.062  std 0.217  lr 1.0e-04  fps   7373  2258.1s
it 3749/4000  reward     nan  ep_len    nan  fell    0  err_xy 0.054  std 0.217  lr 1.0e-04  fps   7134  2258.4s
it 3750/4000  reward     nan  ep_len    nan  fell    0  err_xy 0.051  std 0.217  lr 1.0e-04  fps   6985  2258.8s
it 3751/4000  reward     nan  ep_len    nan  fell    0  err_xy 0.049  std 0.217  lr 1.0e-04  fps   6773  2259.1s
it 3752/4000  reward     nan  ep_len    nan  fell    0  err_xy 0.039  std 0.217  lr 1.0e-04  fps   6852  2259.5s
it 3753/4000  reward     nan  ep_len    nan  fell    0  err_xy 0.034  std 0.217  lr 1.0e-04  fps   7291  2259.8s
it 3754/4000  reward     nan  ep_len    nan  fell    0  err_xy 0.033  std 0.217  lr 1.0e-04  fps   7351  2260.1s
it 3755/4000  reward     nan  ep_len    nan  fell    0  err_xy 0.036  std 0.217  lr 1.0e-04  fps   7276  2260.4s
it 3756/4000  reward     nan  ep_len    nan  fell    0  err_xy 0.026  std 0.217  lr 1.0e-04  fps   7271  2260.7s
it 3757/4000  reward     nan  ep_len    nan  fell    0  err_xy 0.026  std 0.217  lr 1.0e-04  fps   7414  2261.0s
it 3758/4000  reward     nan  ep_len    nan  fell    0  err_xy 0.034  std 0.217  lr 1.0e-04  fps   7526  2261.3s
it 3759/4000  reward     nan  ep_len    nan  fell    0  err_xy 0.029  std 0.217  lr 1.0e-04  fps   7458  2261.6s
it 3760/4000  reward     nan  ep_len    nan  fell    0  err_xy 0.024  std 0.217  lr 1.0e-04  fps   7608  2262.0s
it 3761/4000  reward     nan  ep_len    nan  fell    0  err_xy 0.023  std 0.217  lr 1.0e-04  fps   7711  2262.3s
it 3762/4000  reward     nan  ep_len    nan  fell    0  err_xy 0.024  std 0.217  lr 1.0e-04  fps   7655  2262.6s
it 3763/4000  reward     nan  ep_len    nan  fell    0  err_xy 0.026  std 0.217  lr 1.0e-04  fps   7720  2262.9s
it 3764/4000  reward     nan  ep_len    nan  fell    0  err_xy 0.021  std 0.217  lr 1.0e-04  fps   7583  2263.2s
it 3765/4000  reward     nan  ep_len    nan  fell    0  err_xy 0.017  std 0.217  lr 1.0e-04  fps   7567  2263.5s
it 3766/4000  reward     nan  ep_len    nan  fell    0  err_xy 0.019  std 0.217  lr 1.0e-04  fps   7636  2263.8s
it 3767/4000  reward     nan  ep_len    nan  fell    0  err_xy 0.022  std 0.217  lr 1.0e-04  fps   7682  2264.1s
it 3768/4000  reward     nan  ep_len    nan  fell    0  err_xy 0.031  std 0.217  lr 1.0e-04  fps   7812  2264.4s
it 3769/4000  reward     nan  ep_len    nan  fell    0  err_xy 0.029  std 0.217  lr 1.0e-04  fps   7783  2264.7s
it 3770/4000  reward     nan  ep_len    nan  fell    0  err_xy 0.037  std 0.217  lr 1.0e-04  fps   7857  2264.9s
it 3771/4000  reward  209.41  ep_len  808.0  fell    0  err_xy 0.102  std 0.217  lr 1.0e-04  fps   6688  2265.3s
it 3772/4000  reward     nan  ep_len    nan  fell    0  err_xy 0.276  std 0.217  lr 1.0e-04  fps   8255  2265.6s
it 3773/4000  reward     nan  ep_len    nan  fell    0  err_xy 0.199  std 0.217  lr 1.0e-04  fps   8298  2265.8s
it 3774/4000  reward     nan  ep_len    nan  fell    0  err_xy 0.209  std 0.217  lr 1.0e-04  fps   8100  2266.1s
it 3775/4000  reward     nan  ep_len    nan  fell    0  err_xy 0.193  std 0.217  lr 1.0e-04  fps   7925  2266.4s
it 3776/4000  reward     nan  ep_len    nan  fell    0  err_xy 0.149  std 0.217  lr 1.0e-04  fps   7706  2266.7s
it 3777/4000  reward     nan  ep_len    nan  fell    0  err_xy 0.122  std 0.217  lr 1.0e-04  fps   7577  2267.0s
it 3778/4000  reward     nan  ep_len    nan  fell    0  err_xy 0.077  std 0.217  lr 1.0e-04  fps   7370  2267.3s
it 3779/4000  reward     nan  ep_len    nan  fell    0  err_xy 0.067  std 0.217  lr 1.0e-04  fps   7380  2267.7s
it 3780/4000  reward     nan  ep_len    nan  fell    0  err_xy 0.050  std 0.217  lr 1.0e-04  fps   7153  2268.0s
it 3781/4000  reward     nan  ep_len    nan  fell    0  err_xy 0.041  std 0.217  lr 1.0e-04  fps   7201  2268.3s
it 3782/4000  reward     nan  ep_len    nan  fell    0  err_xy 0.042  std 0.217  lr 1.0e-04  fps   7308  2268.6s
it 3783/4000  reward     nan  ep_len    nan  fell    0  err_xy 0.037  std 0.217  lr 1.0e-04  fps   7527  2268.9s
it 3784/4000  reward     nan  ep_len    nan  fell    0  err_xy 0.033  std 0.217  lr 1.0e-04  fps   7279  2269.2s
it 3785/4000  reward     nan  ep_len    nan  fell    0  err_xy 0.031  std 0.217  lr 1.0e-04  fps   7607  2269.5s
it 3786/4000  reward     nan  ep_len    nan  fell    0  err_xy 0.029  std 0.217  lr 1.0e-04  fps   7753  2269.8s
it 3787/4000  reward     nan  ep_len    nan  fell    0  err_xy 0.028  std 0.217  lr 1.0e-04  fps   7698  2270.1s
it 3788/4000  reward     nan  ep_len    nan  fell    0  err_xy 0.025  std 0.217  lr 1.0e-04  fps   7762  2270.4s
it 3789/4000  reward     nan  ep_len    nan  fell    0  err_xy 0.018  std 0.217  lr 1.0e-04  fps   7743  2270.7s
it 3790/4000  reward     nan  ep_len    nan  fell    0  err_xy 0.020  std 0.217  lr 1.0e-04  fps   7829  2271.0s
it 3791/4000  reward     nan  ep_len    nan  fell    0  err_xy 0.016  std 0.217  lr 1.0e-04  fps   7762  2271.3s
it 3792/4000  reward     nan  ep_len    nan  fell    0  err_xy 0.015  std 0.217  lr 1.0e-04  fps   7736  2271.6s
it 3793/4000  reward     nan  ep_len    nan  fell    0  err_xy 0.014  std 0.217  lr 1.0e-04  fps   7808  2271.9s
it 3794/4000  reward     nan  ep_len    nan  fell    0  err_xy 0.015  std 0.217  lr 1.0e-04  fps   7866  2272.2s
it 3795/4000  reward     nan  ep_len    nan  fell    0  err_xy 0.016  std 0.217  lr 1.0e-04  fps   7908  2272.5s
it 3796/4000  reward     nan  ep_len    nan  fell    0  err_xy 0.017  std 0.217  lr 1.0e-04  fps   7935  2272.8s
it 3797/4000  reward     nan  ep_len    nan  fell    0  err_xy 0.014  std 0.217  lr 1.0e-04  fps   7973  2273.1s
it 3798/4000  reward     nan  ep_len    nan  fell    0  err_xy 0.014  std 0.217  lr 1.0e-04  fps   8006  2273.4s
it 3799/4000  reward     nan  ep_len    nan  fell    0  err_xy 0.013  std 0.216  lr 1.0e-04  fps   7389  2273.7s
it 3800/4000  reward     nan  ep_len    nan  fell    0  err_xy 0.012  std 0.216  lr 1.0e-04  fps   8036  2274.0s
it 3801/4000  reward     nan  ep_len    nan  fell    0  err_xy 0.013  std 0.216  lr 1.0e-04  fps   8217  2274.3s
it 3802/4000  reward     nan  ep_len    nan  fell    0  err_xy 0.014  std 0.216  lr 1.0e-04  fps   8179  2274.5s
it 3803/4000  reward     nan  ep_len    nan  fell    0  err_xy 0.015  std 0.216  lr 1.0e-04  fps   8203  2274.8s
it 3804/4000  reward     nan  ep_len    nan  fell    0  err_xy 0.015  std 0.216  lr 1.0e-04  fps   8257  2275.1s
it 3805/4000  reward  231.15  ep_len  808.0  fell    0  err_xy 0.201  std 0.216  lr 1.0e-04  fps   7113  2275.4s
it 3806/4000  reward     nan  ep_len    nan  fell    0  err_xy 0.228  std 0.216  lr 1.0e-04  fps   8758  2275.7s
it 3807/4000  reward     nan  ep_len    nan  fell    0  err_xy 0.173  std 0.216  lr 1.0e-04  fps   8573  2276.0s
it 3808/4000  reward     nan  ep_len    nan  fell    0  err_xy 0.187  std 0.216  lr 1.0e-04  fps   8488  2276.2s
it 3809/4000  reward     nan  ep_len    nan  fell    0  err_xy 0.165  std 0.216  lr 1.0e-04  fps   8133  2276.5s
it 3810/4000  reward     nan  ep_len    nan  fell    0  err_xy 0.118  std 0.216  lr 1.0e-04  fps   8160  2276.8s
it 3811/4000  reward     nan  ep_len    nan  fell    0  err_xy 0.105  std 0.216  lr 1.0e-04  fps   8133  2277.1s
it 3812/4000  reward     nan  ep_len    nan  fell    0  err_xy 0.103  std 0.217  lr 1.0e-04  fps   8110  2277.4s
it 3813/4000  reward     nan  ep_len    nan  fell    0  err_xy 0.096  std 0.217  lr 1.0e-04  fps   7977  2277.6s
it 3814/4000  reward     nan  ep_len    nan  fell    0  err_xy 0.078  std 0.217  lr 1.0e-04  fps   7832  2277.9s
it 3815/4000  reward     nan  ep_len    nan  fell    0  err_xy 0.076  std 0.217  lr 1.0e-04  fps   7883  2278.2s
it 3816/4000  reward     nan  ep_len    nan  fell    0  err_xy 0.063  std 0.217  lr 1.0e-04  fps   7749  2278.5s
it 3817/4000  reward     nan  ep_len    nan  fell    0  err_xy 0.056  std 0.217  lr 1.0e-04  fps   7848  2278.8s
it 3818/4000  reward     nan  ep_len    nan  fell    0  err_xy 0.058  std 0.217  lr 1.0e-04  fps   7804  2279.1s
it 3819/4000  reward     nan  ep_len    nan  fell    0  err_xy 0.054  std 0.217  lr 1.0e-04  fps   7802  2279.4s
it 3820/4000  reward     nan  ep_len    nan  fell    0  err_xy 0.057  std 0.217  lr 1.0e-04  fps   7683  2279.7s
it 3821/4000  reward     nan  ep_len    nan  fell    0  err_xy 0.058  std 0.217  lr 1.0e-04  fps   7753  2280.0s
it 3822/4000  reward     nan  ep_len    nan  fell    0  err_xy 0.053  std 0.217  lr 1.0e-04  fps   7763  2280.3s
it 3823/4000  reward     nan  ep_len    nan  fell    0  err_xy 0.057  std 0.217  lr 1.0e-04  fps   7721  2280.6s
it 3824/4000  reward     nan  ep_len    nan  fell    0  err_xy 0.041  std 0.217  lr 1.0e-04  fps   7760  2280.9s
it 3825/4000  reward     nan  ep_len    nan  fell    0  err_xy 0.038  std 0.217  lr 1.0e-04  fps   7870  2281.2s
it 3826/4000  reward     nan  ep_len    nan  fell    0  err_xy 0.033  std 0.217  lr 1.0e-04  fps   7817  2281.5s
it 3827/4000  reward     nan  ep_len    nan  fell    0  err_xy 0.031  std 0.217  lr 1.0e-04  fps   7638  2281.8s
it 3828/4000  reward     nan  ep_len    nan  fell    0  err_xy 0.030  std 0.217  lr 1.0e-04  fps   7497  2282.1s
it 3829/4000  reward     nan  ep_len    nan  fell    0  err_xy 0.028  std 0.217  lr 1.0e-04  fps   7544  2282.4s
it 3830/4000  reward     nan  ep_len    nan  fell    0  err_xy 0.031  std 0.217  lr 1.0e-04  fps   7766  2282.7s
it 3831/4000  reward     nan  ep_len    nan  fell    0  err_xy 0.024  std 0.217  lr 1.0e-04  fps   7833  2283.0s
it 3832/4000  reward     nan  ep_len    nan  fell    0  err_xy 0.019  std 0.217  lr 1.0e-04  fps   7902  2283.3s
it 3833/4000  reward     nan  ep_len    nan  fell    0  err_xy 0.020  std 0.217  lr 1.0e-04  fps   7975  2283.6s
it 3834/4000  reward     nan  ep_len    nan  fell    0  err_xy 0.017  std 0.217  lr 1.0e-04  fps   8036  2283.9s
it 3835/4000  reward     nan  ep_len    nan  fell    0  err_xy 0.020  std 0.217  lr 1.0e-04  fps   8061  2284.2s
it 3836/4000  reward     nan  ep_len    nan  fell    0  err_xy 0.022  std 0.217  lr 1.0e-04  fps   8015  2284.4s
it 3837/4000  reward     nan  ep_len    nan  fell    0  err_xy 0.019  std 0.217  lr 1.0e-04  fps   7924  2284.7s
it 3838/4000  reward  220.41  ep_len  808.0  fell    0  err_xy 0.019  std 0.217  lr 1.0e-04  fps   6506  2285.1s
it 3839/4000  reward     nan  ep_len    nan  fell    0  err_xy 0.305  std 0.217  lr 1.0e-04  fps   8664  2285.4s
it 3840/4000  reward     nan  ep_len    nan  fell    0  err_xy 0.200  std 0.217  lr 1.0e-04  fps   8552  2285.6s
it 3841/4000  reward     nan  ep_len    nan  fell    0  err_xy 0.174  std 0.217  lr 1.0e-04  fps   8409  2285.9s
it 3842/4000  reward     nan  ep_len    nan  fell    0  err_xy 0.191  std 0.217  lr 1.0e-04  fps   8382  2286.2s
it 3843/4000  reward     nan  ep_len    nan  fell    0  err_xy 0.158  std 0.217  lr 1.0e-04  fps   8154  2286.5s
it 3844/4000  reward     nan  ep_len    nan  fell    0  err_xy 0.101  std 0.217  lr 1.0e-04  fps   8008  2286.7s
it 3845/4000  reward     nan  ep_len    nan  fell    0  err_xy 0.092  std 0.217  lr 1.0e-04  fps   7905  2287.0s
it 3846/4000  reward     nan  ep_len    nan  fell    0  err_xy 0.071  std 0.217  lr 1.0e-04  fps   7986  2287.3s
it 3847/4000  reward     nan  ep_len    nan  fell    0  err_xy 0.062  std 0.217  lr 1.0e-04  fps   7951  2287.6s
it 3848/4000  reward     nan  ep_len    nan  fell    0  err_xy 0.063  std 0.217  lr 1.0e-04  fps   7999  2287.9s
it 3849/4000  reward     nan  ep_len    nan  fell    0  err_xy 0.057  std 0.217  lr 1.0e-04  fps   7850  2288.2s
it 3850/4000  reward     nan  ep_len    nan  fell    0  err_xy 0.047  std 0.217  lr 1.0e-04  fps   7875  2288.5s
it 3851/4000  reward     nan  ep_len    nan  fell    0  err_xy 0.039  std 0.217  lr 1.0e-04  fps   7763  2288.8s
it 3852/4000  reward     nan  ep_len    nan  fell    0  err_xy 0.042  std 0.217  lr 1.0e-04  fps   7834  2289.1s
it 3853/4000  reward     nan  ep_len    nan  fell    0  err_xy 0.037  std 0.217  lr 1.0e-04  fps   7873  2289.4s
it 3854/4000  reward     nan  ep_len    nan  fell    0  err_xy 0.037  std 0.217  lr 1.0e-04  fps   7773  2289.7s
it 3855/4000  reward     nan  ep_len    nan  fell    0  err_xy 0.033  std 0.217  lr 1.0e-04  fps   7777  2290.0s
it 3856/4000  reward     nan  ep_len    nan  fell    0  err_xy 0.026  std 0.217  lr 1.0e-04  fps   7833  2290.3s
it 3857/4000  reward     nan  ep_len    nan  fell    0  err_xy 0.030  std 0.217  lr 1.0e-04  fps   7581  2290.6s
it 3858/4000  reward     nan  ep_len    nan  fell    0  err_xy 0.029  std 0.217  lr 1.0e-04  fps   7395  2290.9s
it 3859/4000  reward     nan  ep_len    nan  fell    0  err_xy 0.035  std 0.217  lr 1.0e-04  fps   7404  2291.2s
it 3860/4000  reward     nan  ep_len    nan  fell    0  err_xy 0.037  std 0.217  lr 1.0e-04  fps   7366  2291.5s
it 3861/4000  reward     nan  ep_len    nan  fell    0  err_xy 0.031  std 0.217  lr 1.0e-04  fps   7435  2291.8s
it 3862/4000  reward     nan  ep_len    nan  fell    0  err_xy 0.028  std 0.217  lr 1.0e-04  fps   7400  2292.1s
it 3863/4000  reward     nan  ep_len    nan  fell    0  err_xy 0.031  std 0.217  lr 1.0e-04  fps   7474  2292.4s
it 3864/4000  reward     nan  ep_len    nan  fell    0  err_xy 0.024  std 0.217  lr 1.0e-04  fps   7461  2292.7s
it 3865/4000  reward     nan  ep_len    nan  fell    0  err_xy 0.018  std 0.217  lr 1.0e-04  fps   7466  2293.1s
it 3866/4000  reward     nan  ep_len    nan  fell    0  err_xy 0.017  std 0.217  lr 1.0e-04  fps   7399  2293.4s
it 3867/4000  reward     nan  ep_len    nan  fell    0  err_xy 0.017  std 0.217  lr 1.0e-04  fps   7335  2293.7s
it 3868/4000  reward     nan  ep_len    nan  fell    0  err_xy 0.013  std 0.217  lr 1.0e-04  fps   7383  2294.0s
it 3869/4000  reward     nan  ep_len    nan  fell    0  err_xy 0.015  std 0.217  lr 1.0e-04  fps   7323  2294.3s
it 3870/4000  reward     nan  ep_len    nan  fell    0  err_xy 0.013  std 0.217  lr 1.0e-04  fps   7437  2294.6s
it 3871/4000  reward     nan  ep_len    nan  fell    0  err_xy 0.017  std 0.217  lr 1.0e-04  fps   7424  2294.9s
it 3872/4000  reward  232.15  ep_len  808.0  fell    0  err_xy 0.089  std 0.217  lr 1.0e-04  fps   6462  2295.3s
it 3873/4000  reward     nan  ep_len    nan  fell    0  err_xy 0.274  std 0.217  lr 1.0e-04  fps   8294  2295.6s
it 3874/4000  reward     nan  ep_len    nan  fell    0  err_xy 0.183  std 0.217  lr 1.0e-04  fps   8292  2295.8s
it 3875/4000  reward     nan  ep_len    nan  fell    0  err_xy 0.167  std 0.217  lr 1.0e-04  fps   8223  2296.1s
it 3876/4000  reward     nan  ep_len    nan  fell    0  err_xy 0.200  std 0.217  lr 1.0e-04  fps   8172  2296.4s
it 3877/4000  reward     nan  ep_len    nan  fell    0  err_xy 0.183  std 0.217  lr 1.0e-04  fps   7939  2296.7s
it 3878/4000  reward     nan  ep_len    nan  fell    0  err_xy 0.168  std 0.217  lr 1.0e-04  fps   7878  2297.0s
it 3879/4000  reward     nan  ep_len    nan  fell    0  err_xy 0.126  std 0.217  lr 1.0e-04  fps   7868  2297.3s
it 3880/4000  reward     nan  ep_len    nan  fell    0  err_xy 0.104  std 0.217  lr 1.0e-04  fps   7770  2297.6s
it 3881/4000  reward     nan  ep_len    nan  fell    0  err_xy 0.106  std 0.217  lr 1.0e-04  fps   7794  2297.9s
it 3882/4000  reward     nan  ep_len    nan  fell    0  err_xy 0.099  std 0.217  lr 1.0e-04  fps   7686  2298.2s
it 3883/4000  reward     nan  ep_len    nan  fell    0  err_xy 0.076  std 0.217  lr 1.0e-04  fps   7554  2298.5s
it 3884/4000  reward     nan  ep_len    nan  fell    0  err_xy 0.058  std 0.217  lr 1.0e-04  fps   7678  2298.8s
it 3885/4000  reward     nan  ep_len    nan  fell    0  err_xy 0.051  std 0.217  lr 1.0e-04  fps   6721  2299.1s
it 3886/4000  reward     nan  ep_len    nan  fell    0  err_xy 0.055  std 0.217  lr 1.0e-04  fps   6931  2299.5s
it 3887/4000  reward     nan  ep_len    nan  fell    0  err_xy 0.050  std 0.217  lr 1.0e-04  fps   7326  2299.8s
it 3888/4000  reward     nan  ep_len    nan  fell    0  err_xy 0.041  std 0.217  lr 1.0e-04  fps   7105  2300.1s
it 3889/4000  reward     nan  ep_len    nan  fell    0  err_xy 0.036  std 0.217  lr 1.0e-04  fps   7272  2300.4s
it 3890/4000  reward     nan  ep_len    nan  fell    0  err_xy 0.025  std 0.217  lr 1.0e-04  fps   7297  2300.7s
it 3891/4000  reward     nan  ep_len    nan  fell    0  err_xy 0.023  std 0.217  lr 1.0e-04  fps   7433  2301.0s
it 3892/4000  reward     nan  ep_len    nan  fell    0  err_xy 0.026  std 0.217  lr 1.0e-04  fps   7454  2301.3s
it 3893/4000  reward     nan  ep_len    nan  fell    0  err_xy 0.023  std 0.217  lr 1.0e-04  fps   7421  2301.7s
it 3894/4000  reward     nan  ep_len    nan  fell    0  err_xy 0.023  std 0.217  lr 1.0e-04  fps   7744  2302.0s
it 3895/4000  reward     nan  ep_len    nan  fell    0  err_xy 0.027  std 0.217  lr 1.0e-04  fps   7750  2302.3s
it 3896/4000  reward     nan  ep_len    nan  fell    0  err_xy 0.027  std 0.217  lr 1.0e-04  fps   7907  2302.5s
it 3897/4000  reward     nan  ep_len    nan  fell    0  err_xy 0.025  std 0.217  lr 1.0e-04  fps   7938  2302.8s
it 3898/4000  reward     nan  ep_len    nan  fell    0  err_xy 0.023  std 0.217  lr 1.0e-04  fps   7918  2303.1s
it 3899/4000  reward     nan  ep_len    nan  fell    0  err_xy 0.022  std 0.217  lr 1.0e-04  fps   7987  2303.4s
it 3900/4000  reward     nan  ep_len    nan  fell    0  err_xy 0.022  std 0.217  lr 1.0e-04  fps   7863  2303.7s
it 3901/4000  reward     nan  ep_len    nan  fell    0  err_xy 0.017  std 0.217  lr 1.0e-04  fps   7750  2304.0s
it 3902/4000  reward     nan  ep_len    nan  fell    0  err_xy 0.013  std 0.217  lr 1.0e-04  fps   7787  2304.3s
it 3903/4000  reward     nan  ep_len    nan  fell    0  err_xy 0.012  std 0.217  lr 1.0e-04  fps   7696  2304.6s
it 3904/4000  reward     nan  ep_len    nan  fell    0  err_xy 0.014  std 0.217  lr 1.0e-04  fps   7612  2304.9s
it 3905/4000  reward     nan  ep_len    nan  fell    0  err_xy 0.014  std 0.217  lr 1.0e-04  fps   7629  2305.2s
it 3906/4000  reward  224.32  ep_len  808.0  fell    0  err_xy 0.228  std 0.217  lr 1.0e-04  fps   6907  2305.5s
it 3907/4000  reward     nan  ep_len    nan  fell    0  err_xy 0.233  std 0.217  lr 1.0e-04  fps   8609  2305.8s
it 3908/4000  reward     nan  ep_len    nan  fell    0  err_xy 0.186  std 0.217  lr 1.0e-04  fps   8844  2306.1s
it 3909/4000  reward     nan  ep_len    nan  fell    0  err_xy 0.188  std 0.217  lr 1.0e-04  fps   8911  2306.3s
it 3910/4000  reward     nan  ep_len    nan  fell    0  err_xy 0.221  std 0.217  lr 1.0e-04  fps   8752  2306.6s
it 3911/4000  reward     nan  ep_len    nan  fell    0  err_xy 0.225  std 0.217  lr 1.0e-04  fps   8907  2306.9s
it 3912/4000  reward     nan  ep_len    nan  fell    0  err_xy 0.220  std 0.217  lr 1.0e-04  fps   8802  2307.1s
it 3913/4000  reward     nan  ep_len    nan  fell    0  err_xy 0.202  std 0.217  lr 1.0e-04  fps   8703  2307.4s
it 3914/4000  reward     nan  ep_len    nan  fell    0  err_xy 0.201  std 0.217  lr 1.0e-04  fps   8765  2307.6s
it 3915/4000  reward     nan  ep_len    nan  fell    0  err_xy 0.188  std 0.217  lr 1.0e-04  fps   8705  2307.9s
it 3916/4000  reward     nan  ep_len    nan  fell    0  err_xy 0.167  std 0.217  lr 1.0e-04  fps   8735  2308.2s
it 3917/4000  reward     nan  ep_len    nan  fell    0  err_xy 0.146  std 0.217  lr 1.0e-04  fps   8664  2308.4s
it 3918/4000  reward     nan  ep_len    nan  fell    0  err_xy 0.150  std 0.217  lr 1.0e-04  fps   8656  2308.7s
it 3919/4000  reward     nan  ep_len    nan  fell    0  err_xy 0.146  std 0.217  lr 1.0e-04  fps   8613  2309.0s
it 3920/4000  reward     nan  ep_len    nan  fell    0  err_xy 0.134  std 0.217  lr 1.0e-04  fps   8693  2309.2s
it 3921/4000  reward     nan  ep_len    nan  fell    0  err_xy 0.139  std 0.217  lr 1.0e-04  fps   8603  2309.5s
it 3922/4000  reward     nan  ep_len    nan  fell    0  err_xy 0.118  std 0.217  lr 1.0e-04  fps   8648  2309.8s
it 3923/4000  reward     nan  ep_len    nan  fell    0  err_xy 0.130  std 0.217  lr 1.0e-04  fps   8555  2310.0s
it 3924/4000  reward     nan  ep_len    nan  fell    0  err_xy 0.127  std 0.217  lr 1.0e-04  fps   8670  2310.3s
it 3925/4000  reward     nan  ep_len    nan  fell    0  err_xy 0.129  std 0.217  lr 1.0e-04  fps   8584  2310.6s
it 3926/4000  reward     nan  ep_len    nan  fell    0  err_xy 0.123  std 0.217  lr 1.0e-04  fps   8522  2310.9s
it 3927/4000  reward     nan  ep_len    nan  fell    0  err_xy 0.130  std 0.217  lr 1.0e-04  fps   8601  2311.1s
it 3928/4000  reward     nan  ep_len    nan  fell    0  err_xy 0.117  std 0.217  lr 1.0e-04  fps   8460  2311.4s
it 3929/4000  reward     nan  ep_len    nan  fell    0  err_xy 0.124  std 0.217  lr 1.0e-04  fps   8593  2311.7s
it 3930/4000  reward     nan  ep_len    nan  fell    0  err_xy 0.117  std 0.217  lr 1.0e-04  fps   8552  2311.9s
it 3931/4000  reward     nan  ep_len    nan  fell    0  err_xy 0.116  std 0.217  lr 1.0e-04  fps   8117  2312.2s
it 3932/4000  reward     nan  ep_len    nan  fell    0  err_xy 0.109  std 0.217  lr 1.0e-04  fps   8416  2312.5s
it 3933/4000  reward     nan  ep_len    nan  fell    0  err_xy 0.100  std 0.217  lr 1.0e-04  fps   8607  2312.8s
it 3934/4000  reward     nan  ep_len    nan  fell    0  err_xy 0.110  std 0.217  lr 1.0e-04  fps   8136  2313.0s
it 3935/4000  reward     nan  ep_len    nan  fell    0  err_xy 0.109  std 0.217  lr 1.0e-04  fps   8488  2313.3s
it 3936/4000  reward     nan  ep_len    nan  fell    0  err_xy 0.104  std 0.217  lr 1.0e-04  fps   7990  2313.6s
it 3937/4000  reward     nan  ep_len    nan  fell    0  err_xy 0.111  std 0.217  lr 1.0e-04  fps   8412  2313.9s
it 3938/4000  reward     nan  ep_len    nan  fell    0  err_xy 0.105  std 0.217  lr 1.0e-04  fps   8269  2314.2s
it 3939/4000  reward  124.05  ep_len  808.0  fell    0  err_xy 0.101  std 0.217  lr 1.0e-04  fps   6776  2314.5s
it 3940/4000  reward     nan  ep_len    nan  fell    0  err_xy 0.297  std 0.217  lr 1.0e-04  fps   8415  2314.8s
it 3941/4000  reward     nan  ep_len    nan  fell    0  err_xy 0.201  std 0.217  lr 1.0e-04  fps   8297  2315.0s
it 3942/4000  reward     nan  ep_len    nan  fell    0  err_xy 0.183  std 0.217  lr 1.0e-04  fps   8452  2315.3s
it 3943/4000  reward     nan  ep_len    nan  fell    0  err_xy 0.222  std 0.217  lr 1.0e-04  fps   8707  2315.6s
it 3944/4000  reward     nan  ep_len    nan  fell    0  err_xy 0.205  std 0.217  lr 1.0e-04  fps   8871  2315.8s
it 3945/4000  reward     nan  ep_len    nan  fell    0  err_xy 0.191  std 0.217  lr 1.0e-04  fps   8811  2316.1s
it 3946/4000  reward     nan  ep_len    nan  fell    0  err_xy 0.179  std 0.217  lr 1.0e-04  fps   8801  2316.4s
it 3947/4000  reward     nan  ep_len    nan  fell    0  err_xy 0.194  std 0.217  lr 1.0e-04  fps   8434  2316.6s
it 3948/4000  reward     nan  ep_len    nan  fell    0  err_xy 0.158  std 0.217  lr 1.0e-04  fps   8538  2316.9s
it 3949/4000  reward     nan  ep_len    nan  fell    0  err_xy 0.170  std 0.217  lr 1.0e-04  fps   8479  2317.2s
it 3950/4000  reward     nan  ep_len    nan  fell    0  err_xy 0.142  std 0.217  lr 1.0e-04  fps   8349  2317.5s
it 3951/4000  reward     nan  ep_len    nan  fell    0  err_xy 0.134  std 0.217  lr 1.0e-04  fps   8432  2317.7s
it 3952/4000  reward     nan  ep_len    nan  fell    0  err_xy 0.118  std 0.217  lr 1.0e-04  fps   8028  2318.0s
it 3953/4000  reward     nan  ep_len    nan  fell    0  err_xy 0.121  std 0.217  lr 1.0e-04  fps   7865  2318.3s
it 3954/4000  reward     nan  ep_len    nan  fell    0  err_xy 0.097  std 0.217  lr 1.0e-04  fps   7389  2318.6s
it 3955/4000  reward     nan  ep_len    nan  fell    0  err_xy 0.101  std 0.217  lr 1.0e-04  fps   7491  2318.9s
it 3956/4000  reward     nan  ep_len    nan  fell    0  err_xy 0.105  std 0.217  lr 1.0e-04  fps   7188  2319.3s
it 3957/4000  reward     nan  ep_len    nan  fell    0  err_xy 0.101  std 0.217  lr 1.0e-04  fps   7813  2319.6s
it 3958/4000  reward     nan  ep_len    nan  fell    0  err_xy 0.100  std 0.217  lr 1.0e-04  fps   7606  2319.9s
it 3959/4000  reward     nan  ep_len    nan  fell    0  err_xy 0.099  std 0.217  lr 1.0e-04  fps   7544  2320.2s
it 3960/4000  reward     nan  ep_len    nan  fell    0  err_xy 0.093  std 0.217  lr 1.0e-04  fps   7088  2320.5s
it 3961/4000  reward     nan  ep_len    nan  fell    0  err_xy 0.096  std 0.217  lr 1.0e-04  fps   7401  2320.8s
it 3962/4000  reward     nan  ep_len    nan  fell    0  err_xy 0.083  std 0.217  lr 1.0e-04  fps   7090  2321.1s
it 3963/4000  reward     nan  ep_len    nan  fell    0  err_xy 0.088  std 0.217  lr 1.0e-04  fps   7465  2321.4s
it 3964/4000  reward     nan  ep_len    nan  fell    0  err_xy 0.078  std 0.217  lr 1.0e-04  fps   6844  2321.8s
it 3965/4000  reward     nan  ep_len    nan  fell    0  err_xy 0.095  std 0.217  lr 1.0e-04  fps   6859  2322.1s
it 3966/4000  reward     nan  ep_len    nan  fell    0  err_xy 0.092  std 0.217  lr 1.0e-04  fps   7474  2322.4s
it 3967/4000  reward     nan  ep_len    nan  fell    0  err_xy 0.092  std 0.217  lr 1.0e-04  fps   7338  2322.7s
it 3968/4000  reward     nan  ep_len    nan  fell    0  err_xy 0.078  std 0.217  lr 1.0e-04  fps   7339  2323.0s
it 3969/4000  reward     nan  ep_len    nan  fell    0  err_xy 0.072  std 0.217  lr 1.0e-04  fps   7416  2323.4s
it 3970/4000  reward     nan  ep_len    nan  fell    0  err_xy 0.083  std 0.217  lr 1.0e-04  fps   7537  2323.7s
it 3971/4000  reward     nan  ep_len    nan  fell    0  err_xy 0.069  std 0.217  lr 1.0e-04  fps   7494  2324.0s
it 3972/4000  reward     nan  ep_len    nan  fell    0  err_xy 0.070  std 0.217  lr 1.0e-04  fps   7554  2324.3s
it 3973/4000  reward  152.73  ep_len  808.0  fell    0  err_xy 0.143  std 0.217  lr 1.0e-04  fps   6491  2324.6s
it 3974/4000  reward     nan  ep_len    nan  fell    0  err_xy 0.272  std 0.217  lr 1.0e-04  fps   8387  2324.9s
it 3975/4000  reward     nan  ep_len    nan  fell    0  err_xy 0.192  std 0.217  lr 1.0e-04  fps   8375  2325.2s
it 3976/4000  reward     nan  ep_len    nan  fell    0  err_xy 0.182  std 0.217  lr 1.0e-04  fps   8408  2325.5s
it 3977/4000  reward     nan  ep_len    nan  fell    0  err_xy 0.192  std 0.217  lr 1.0e-04  fps   8306  2325.7s
it 3978/4000  reward     nan  ep_len    nan  fell    0  err_xy 0.198  std 0.217  lr 1.0e-04  fps   7845  2326.0s
it 3979/4000  reward     nan  ep_len    nan  fell    0  err_xy 0.203  std 0.217  lr 1.0e-04  fps   8207  2326.3s
it 3980/4000  reward     nan  ep_len    nan  fell    0  err_xy 0.181  std 0.217  lr 1.0e-04  fps   8295  2326.6s
it 3981/4000  reward     nan  ep_len    nan  fell    0  err_xy 0.160  std 0.217  lr 1.0e-04  fps   8195  2326.9s
it 3982/4000  reward     nan  ep_len    nan  fell    0  err_xy 0.152  std 0.217  lr 1.0e-04  fps   8146  2327.1s
it 3983/4000  reward     nan  ep_len    nan  fell    0  err_xy 0.140  std 0.217  lr 1.0e-04  fps   7948  2327.4s
it 3984/4000  reward     nan  ep_len    nan  fell    0  err_xy 0.123  std 0.217  lr 1.0e-04  fps   7917  2327.7s
it 3985/4000  reward     nan  ep_len    nan  fell    0  err_xy 0.116  std 0.217  lr 1.0e-04  fps   7887  2328.0s
it 3986/4000  reward     nan  ep_len    nan  fell    0  err_xy 0.118  std 0.217  lr 1.0e-04  fps   7944  2328.3s
it 3987/4000  reward     nan  ep_len    nan  fell    0  err_xy 0.103  std 0.217  lr 1.0e-04  fps   7788  2328.6s
it 3988/4000  reward     nan  ep_len    nan  fell    0  err_xy 0.093  std 0.217  lr 1.0e-04  fps   7799  2328.9s
it 3989/4000  reward     nan  ep_len    nan  fell    0  err_xy 0.100  std 0.217  lr 1.0e-04  fps   7836  2329.2s
it 3990/4000  reward     nan  ep_len    nan  fell    0  err_xy 0.076  std 0.217  lr 1.0e-04  fps   7829  2329.5s
it 3991/4000  reward     nan  ep_len    nan  fell    0  err_xy 0.074  std 0.217  lr 1.0e-04  fps   7817  2329.8s
it 3992/4000  reward     nan  ep_len    nan  fell    0  err_xy 0.064  std 0.217  lr 1.0e-04  fps   7786  2330.1s
it 3993/4000  reward     nan  ep_len    nan  fell    0  err_xy 0.067  std 0.217  lr 1.0e-04  fps   7686  2330.4s
it 3994/4000  reward     nan  ep_len    nan  fell    0  err_xy 0.081  std 0.217  lr 1.0e-04  fps   7665  2330.7s
it 3995/4000  reward     nan  ep_len    nan  fell    0  err_xy 0.077  std 0.217  lr 1.0e-04  fps   7973  2331.0s
it 3996/4000  reward     nan  ep_len    nan  fell    0  err_xy 0.082  std 0.217  lr 1.0e-04  fps   8212  2331.3s
it 3997/4000  reward     nan  ep_len    nan  fell    0  err_xy 0.076  std 0.217  lr 1.0e-04  fps   8212  2331.5s
it 3998/4000  reward     nan  ep_len    nan  fell    0  err_xy 0.065  std 0.217  lr 1.0e-04  fps   8246  2331.8s
it 3999/4000  reward     nan  ep_len    nan  fell    0  err_xy 0.054  std 0.217  lr 1.0e-04  fps   8244  2332.1s
it 4000/4000  reward     nan  ep_len    nan  fell    0  err_xy 0.052  std 0.217  lr 1.0e-04  fps   8277  2332.4s
eval iteration 4000:
  prone          success   0.0%  time 16.16s  peak_τ 0.94 Nm  return 78.45
  supine         success   0.0%  time 16.16s  peak_τ 0.94 Nm  return 238.67
  score 0.000
best 1: iteration 0 score 0.500
best 2: iteration 4000 score 0.000
policy file /Users/robertonavoni/Desktop/Lavoro/Progetti-2026/Progetti Software/microduck-ap-ppo-sitl/robots/microban/policies/getup.nnm = checkpoint of iteration 0 (score 0.500)
wrote /Users/robertonavoni/Desktop/Lavoro/Progetti-2026/Progetti Software/microduck-ap-ppo-sitl/robots/microban/policies/getup.nnm (211530 bytes). last iteration: max |train - deployed| = 2.34e-05
final evaluation of getup.nnm (iteration 0, deployed int8 network):
  prone          success  12.5%  time 14.36s  peak_τ 0.96 Nm  return 88.29
  supine         success  37.5%  time 11.29s  peak_τ 0.94 Nm  return 71.61
  score 0.250
curves: /Users/robertonavoni/Desktop/Lavoro/Progetti-2026/Progetti Software/microduck-ap-ppo-sitl/robots/microban/policies/getup_run/training_curves.png
