iteration,Train/mean_reward,Train/mean_episode_length,Train/mean_step_reward,Episode_Termination/time_out,Episode_Termination/fell_over,Metrics/twist/error_vel_xy,Metrics/twist/error_vel_yaw,Loss/value,Loss/surrogate,Loss/entropy,Loss/learning_rate,Loss/kl,Policy/mean_std,Perf/total_fps,Perf/collection_time,Perf/learning_time,Curriculum/action_rate_weight,Curriculum/standing_envs,Curriculum/penalty_scale,time_s,env_steps,Episode_Reward/track_linear_velocity,Episode_Reward/track_angular_velocity,Episode_Reward/upright,Episode_Reward/pose,Episode_Reward/action_rate_l2,Episode_Reward/alive,Episode_Reward/air_time,Episode_Reward/single_stance,Episode_Reward/foot_lift,Episode_Reward/foot_alternation,Episode_Reward/foot_symmetry,Episode_Reward/foot_clearance,Episode_Reward/foot_swing_height,Episode_Reward/foot_slip,Episode_Reward/trot,Episode_Reward/joint_torque,Episode_Reward/self_collisions,Episode_Reward/dof_pos_limits,Episode_Reward/body_ang_vel,Episode_Reward/angular_momentum
1,nan,nan,0.219251,0,0,0.113129,0.153834,1.36121,3.62284e-08,-20.2722,0.0002,0,0.1,5361.62,1.72062,0.571225,-0.1,0.02,1,2.2921,12288,nan,nan,nan,nan,nan,nan,nan,nan,nan,nan,nan,nan,nan,nan,nan,nan,nan,nan,nan,nan
2,nan,nan,0.224745,0,0,0.0811102,0.146614,1.75033,5.533e-08,-20.2722,0.0002,0,0.1,5602.65,1.64654,0.546705,-0.1,0.02,1,4.48756,24576,nan,nan,nan,nan,nan,nan,nan,nan,nan,nan,nan,nan,nan,nan,nan,nan,nan,nan,nan,nan
3,nan,nan,0.222744,0,0,0.0747129,0.13196,0.710547,2.65834e-08,-20.2722,0.0002,0,0.1,5266.42,1.78056,0.552718,-0.1,0.02,1,6.8228,36864,nan,nan,nan,nan,nan,nan,nan,nan,nan,nan,nan,nan,nan,nan,nan,nan,nan,nan,nan,nan
4,nan,nan,0.22199,0,0,0.0837284,0.145518,0.967501,4.25498e-09,-20.2722,0.0002,0,0.1,5605.39,1.68162,0.510555,-0.1,0.02,1,9.01681,49152,nan,nan,nan,nan,nan,nan,nan,nan,nan,nan,nan,nan,nan,nan,nan,nan,nan,nan,nan,nan
5,nan,nan,0.223072,0,0,0.0837372,0.146213,0.808957,3.23664e-08,-20.2722,0.0002,0,0.1,6032.45,1.49868,0.538306,-0.1,0.02,1,11.0557,61440,nan,nan,nan,nan,nan,nan,nan,nan,nan,nan,nan,nan,nan,nan,nan,nan,nan,nan,nan,nan
6,nan,nan,0.224505,0,0,0.0779852,0.13047,0.697991,-2.76414e-08,-20.2722,0.0002,0,0.1,5556.04,1.68268,0.528969,-0.1,0.02,1,13.2695,73728,nan,nan,nan,nan,nan,nan,nan,nan,nan,nan,nan,nan,nan,nan,nan,nan,nan,nan,nan,nan
7,nan,nan,0.223741,0,0,0.0855424,0.139263,0.722518,-2.65863e-08,-20.2722,0.0002,0,0.1,5556.39,1.6445,0.567005,-0.1,0.02,1,15.4877,86016,nan,nan,nan,nan,nan,nan,nan,nan,nan,nan,nan,nan,nan,nan,nan,nan,nan,nan,nan,nan
8,nan,nan,0.223545,0,0,0.0858025,0.148921,0.727041,6.09318e-08,-20.2722,0.0002,0,0.1,5902.69,1.53656,0.545197,-0.1,0.02,1,17.5711,98304,nan,nan,nan,nan,nan,nan,nan,nan,nan,nan,nan,nan,nan,nan,nan,nan,nan,nan,nan,nan
9,nan,nan,0.22289,0,0,0.0797169,0.13746,0.644551,-3.82424e-08,-20.2722,0.0002,0,0.1,5843.75,1.59466,0.508103,-0.1,0.02,1,19.6752,110592,nan,nan,nan,nan,nan,nan,nan,nan,nan,nan,nan,nan,nan,nan,nan,nan,nan,nan,nan,nan
10,nan,nan,0.222063,0,0,0.0807801,0.142411,0.650623,3.41388e-09,-20.2722,0.0002,0,0.1,5718.99,1.70564,0.442992,-0.1,0.02,1,21.8258,122880,nan,nan,nan,nan,nan,nan,nan,nan,nan,nan,nan,nan,nan,nan,nan,nan,nan,nan,nan,nan
11,nan,nan,0.22217,0,0,0.0839786,0.150619,0.69579,0.244487,-20.2539,0.0002,0,0.100228,5775.46,1.58587,0.541748,-0.1,0.02,1,23.955,135168,nan,nan,nan,nan,nan,nan,nan,nan,nan,nan,nan,nan,nan,nan,nan,nan,nan,nan,nan,nan
12,nan,nan,0.223455,0,0,0.0879568,0.213098,0.765454,0.108663,-20.2124,0.0002,0,0.100428,5395.76,1.68836,0.588988,-0.1,0.02,1,26.2342,147456,nan,nan,nan,nan,nan,nan,nan,nan,nan,nan,nan,nan,nan,nan,nan,nan,nan,nan,nan,nan
13,nan,nan,0.223715,0,0,0.0958871,0.227492,0.609936,0.0719726,-20.1782,0.0002,0,0.100611,5865.83,1.64017,0.45468,-0.1,0.02,1,28.3315,159744,nan,nan,nan,nan,nan,nan,nan,nan,nan,nan,nan,nan,nan,nan,nan,nan,nan,nan,nan,nan
14,nan,nan,0.22146,0,0,0.1106,0.236518,0.443711,0.0735768,-20.1467,0.0002,0,0.100768,5799.58,1.57113,0.547645,-0.1,0.02,1,30.4522,172032,nan,nan,nan,nan,nan,nan,nan,nan,nan,nan,nan,nan,nan,nan,nan,nan,nan,nan,nan,nan
15,nan,nan,0.217641,0,0,0.116548,0.232011,0.313425,0.0806135,-20.1201,0.0002,0,0.100888,5503.68,1.68769,0.545002,-0.1,0.02,1,32.6866,184320,nan,nan,nan,nan,nan,nan,nan,nan,nan,nan,nan,nan,nan,nan,nan,nan,nan,nan,nan,nan
16,nan,nan,0.2148,0,0,0.11399,0.223467,0.317096,0.0491722,-20.0963,0.0002,0,0.101045,5780.9,1.57896,0.546659,-0.1,0.02,1,34.8143,196608,nan,nan,nan,nan,nan,nan,nan,nan,nan,nan,nan,nan,nan,nan,nan,nan,nan,nan,nan,nan
17,nan,nan,0.213106,0,0,0.11605,0.215327,0.267285,0.0701022,-20.0713,0.0002,0,0.101141,5891.05,1.59277,0.493107,-0.1,0.02,1,36.9023,208896,nan,nan,nan,nan,nan,nan,nan,nan,nan,nan,nan,nan,nan,nan,nan,nan,nan,nan,nan,nan
18,nan,nan,0.213883,0,0,0.110204,0.202679,0.224809,0.0725243,-20.0488,0.0002,0,0.101266,6290.84,1.47894,0.474377,-0.1,0.02,1,38.8574,221184,nan,nan,nan,nan,nan,nan,nan,nan,nan,nan,nan,nan,nan,nan,nan,nan,nan,nan,nan,nan
19,nan,nan,0.21352,0,0,0.108153,0.201402,0.170819,0.0772925,-20.0213,0.0002,0,0.101342,5753.99,1.54099,0.594572,-0.1,0.02,1,40.9949,233472,nan,nan,nan,nan,nan,nan,nan,nan,nan,nan,nan,nan,nan,nan,nan,nan,nan,nan,nan,nan
20,nan,nan,0.212146,0,0,0.114935,0.213297,0.137083,0.0784677,-19.9962,0.0002,0,0.101436,4797.13,1.71119,0.850339,-0.1,0.02,1,43.5579,245760,nan,nan,nan,nan,nan,nan,nan,nan,nan,nan,nan,nan,nan,nan,nan,nan,nan,nan,nan,nan
21,nan,nan,0.209174,0,0,0.119337,0.22902,0.121639,0.125091,-19.9652,0.0002,0,0.101613,5615.82,1.63148,0.556627,-0.1,0.02,1,45.7486,258048,nan,nan,nan,nan,nan,nan,nan,nan,nan,nan,nan,nan,nan,nan,nan,nan,nan,nan,nan,nan
22,nan,nan,0.205641,0,0,0.121021,0.232173,0.107594,0.0749513,-19.9291,0.0002,0,0.101784,5750.36,1.6177,0.519209,-0.1,0.02,1,47.8874,270336,nan,nan,nan,nan,nan,nan,nan,nan,nan,nan,nan,nan,nan,nan,nan,nan,nan,nan,nan,nan
23,nan,nan,0.202443,0,0,0.124444,0.232806,0.0864131,0.107825,-19.8929,0.0002,0,0.101934,6079.57,1.58226,0.438936,-0.1,0.02,1,49.9102,282624,nan,nan,nan,nan,nan,nan,nan,nan,nan,nan,nan,nan,nan,nan,nan,nan,nan,nan,nan,nan
24,nan,nan,0.200749,0,0,0.126049,0.239262,0.092809,0.0887255,-19.8609,0.0002,0,0.102006,5179.53,1.83434,0.538078,-0.1,0.02,1,52.2841,294912,nan,nan,nan,nan,nan,nan,nan,nan,nan,nan,nan,nan,nan,nan,nan,nan,nan,nan,nan,nan
25,nan,nan,0.201295,0,0,0.118837,0.239282,0.0785527,0.0813242,-19.8395,0.0002,0,0.10204,5713.17,1.64922,0.501598,-0.1,0.02,1,54.437,307200,nan,nan,nan,nan,nan,nan,nan,nan,nan,nan,nan,nan,nan,nan,nan,nan,nan,nan,nan,nan
26,nan,nan,0.20318,0,0,0.114221,0.222793,0.0692496,0.116957,-19.8152,0.0002,0,0.102116,5241.39,1.75517,0.589248,-0.1,0.02,1,56.7834,319488,nan,nan,nan,nan,nan,nan,nan,nan,nan,nan,nan,nan,nan,nan,nan,nan,nan,nan,nan,nan
27,nan,nan,0.201629,0,0,0.11655,0.225943,0.0623855,0.0755861,-19.7864,0.0002,0,0.102229,5692.77,1.68873,0.469797,-0.1,0.02,1,58.9439,331776,nan,nan,nan,nan,nan,nan,nan,nan,nan,nan,nan,nan,nan,nan,nan,nan,nan,nan,nan,nan
28,nan,nan,0.200811,0,0,0.119178,0.215781,0.0587866,0.0818021,-19.7571,0.0002,0,0.102342,5740.25,1.6572,0.483473,-0.1,0.02,1,61.0862,344064,nan,nan,nan,nan,nan,nan,nan,nan,nan,nan,nan,nan,nan,nan,nan,nan,nan,nan,nan,nan
29,nan,nan,0.201201,0,0,0.115403,0.205218,0.0515606,0.119394,-19.722,0.0002,0,0.102525,5771.72,1.66297,0.46603,-0.1,0.02,1,63.2172,356352,nan,nan,nan,nan,nan,nan,nan,nan,nan,nan,nan,nan,nan,nan,nan,nan,nan,nan,nan,nan
30,nan,nan,0.200746,0,0,0.116201,0.206184,0.045716,0.0864659,-19.6877,0.0002,0,0.102638,5701.95,1.62948,0.525577,-0.1,0.02,1,65.3738,368640,nan,nan,nan,nan,nan,nan,nan,nan,nan,nan,nan,nan,nan,nan,nan,nan,nan,nan,nan,nan
31,nan,nan,0.200943,0,0,0.116394,0.2049,0.0491325,0.082877,-19.6652,0.0002,0,0.102686,5659.3,1.63791,0.53338,-0.1,0.02,1,67.5468,380928,nan,nan,nan,nan,nan,nan,nan,nan,nan,nan,nan,nan,nan,nan,nan,nan,nan,nan,nan,nan
32,nan,nan,0.200834,0,0,0.114957,0.205221,0.0457599,0.0753413,-19.6391,0.0002,0,0.102781,5513.86,1.70885,0.519712,-0.1,0.02,1,69.7775,393216,nan,nan,nan,nan,nan,nan,nan,nan,nan,nan,nan,nan,nan,nan,nan,nan,nan,nan,nan,nan
33,nan,nan,0.200457,0,0,0.113058,0.209774,0.0447898,0.0627215,-19.6073,0.0002,0,0.102885,5722.21,1.58898,0.558444,-0.1,0.02,1,71.9273,405504,nan,nan,nan,nan,nan,nan,nan,nan,nan,nan,nan,nan,nan,nan,nan,nan,nan,nan,nan,nan
34,170.764,815,0.200791,0,0.0416667,0.112126,0.21706,0.315915,0.0133666,-19.5766,0.0002,0,0.103081,5687.27,1.66298,0.497637,-0.1,0.02,1,74.0899,417792,1.42492,1.44,1.49931,0.0141798,-0.0157678,nan,0,0,0,0,0,0,0,0,nan,nan,0,-0.0281703,-0.0283154,-5.74215e-07
35,173.452,831,0.200851,0,0.0416667,0.111749,0.214288,0.260068,0.0183204,-19.5263,0.0002,0,0.103323,5600.17,1.66796,0.526262,-0.1,0.02,1,76.2858,430080,1.38761,1.45562,1.48377,0.0135002,-0.0168924,nan,0,0,0,0,0,0,0,0,nan,nan,0,-0.0284548,-0.0293812,-6.46612e-07
36,nan,nan,0.199435,0,0,0.111671,0.223635,0.49373,0.0310575,-19.4702,0.0002,0,0.103598,5925.41,1.60186,0.471919,-0.1,0.02,1,78.3613,442368,nan,nan,nan,nan,nan,nan,nan,nan,nan,nan,nan,nan,nan,nan,nan,nan,nan,nan,nan,nan
37,182.01,875.5,0.199217,0,0.166667,0.109943,0.227256,2.10988,0.0461727,-19.4046,0.0002,0,0.104026,5489.26,1.68509,0.553465,-0.1,0.02,1,80.6016,454656,1.51339,1.5433,1.59995,0.0143961,-0.0173508,nan,0,0,0,0,0,0,0,0,nan,nan,0,-0.039711,-0.0318907,-5.84155e-07
38,188.074,903.111,0.199388,0,0.375,0.111513,0.248157,2.40166,0.0707828,-19.3292,0.0002,0,0.104428,4539.45,1.79792,0.909012,-0.1,0.02,1,83.3108,466944,1.55919,1.58066,1.63939,0.01461,-0.0178373,nan,0,0,0,0,0,0,0,0,nan,nan,-0.0128889,-0.0449113,-0.0291893,-5.8967e-07
39,192.81,926,0.198273,0,0.416667,0.110348,0.249984,1.7434,0.0691838,-19.2729,0.0002,0,0.104682,5114.07,1.7499,0.652881,-0.1,0.02,1,85.7161,479232,1.60279,1.6288,1.68614,0.0145068,-0.0182017,nan,0,0,0,0,0,0,0,0,nan,nan,-0.0176,-0.0500112,-0.0272895,-6.00745e-07
40,197.115,951,0.196837,0,0.583333,0.1158,0.275779,2.35851,0.0600658,-19.2303,0.0002,0,0.104878,5171.97,1.83807,0.537818,-0.1,0.02,1,88.0945,491520,1.63323,1.6682,1.72124,0.014603,-0.0185007,nan,0,0,0,0,0,0,0,0,nan,nan,-0.00714286,-0.0540546,-0.0277178,-6.53655e-07
41,202.145,973.043,0.195058,0,0.958333,0.121434,0.297184,3.40074,0.0697456,-19.1919,0.0002,0,0.105069,5811.26,1.60098,0.51354,-0.1,0.02,1,90.2108,503808,1.68029,1.70765,1.76349,0.0145546,-0.0186487,nan,0,0,0,0,0,0,0,0,nan,nan,-0.00734783,-0.0585372,-0.0268101,-6.42768e-07
42,210.309,999.618,0.20562,17.7917,0.958333,0.103664,0.270381,3.94517,0.0433009,-19.1585,0.0002,0,0.105176,4764.76,2.07231,0.50662,-0.1,0.02,1,92.7914,516096,1.76137,1.79944,1.85901,0.0147056,-0.0189844,nan,0,0,0,0,0,0,0,0,nan,nan,-0.00204222,-0.0603482,-0.0146423,-4.42374e-07
43,20.2315,118,0.214142,0,0.0833333,0.125315,0.240315,3.08484,0.0328905,-19.1347,0.0002,0,0.105247,5949.64,1.53309,0.532246,-0.1,0.02,1,94.8588,528384,0.140058,0.146897,0.133097,0.00629945,-0.0024454,nan,0,0,0,0,0,0,0,0,nan,nan,-0.0075,-0.0197746,-0.013317,-2.39228e-07
44,15.2573,90,0.197574,0,0.0416667,0.144514,0.251359,2.2291,0.0450196,-19.1143,0.0002,0,0.105348,5854.78,1.61083,0.487966,-0.1,0.02,1,96.9593,540672,0.0962433,0.116247,0.102019,0.00689869,-0.00187762,nan,0,0,0,0,0,0,0,0,nan,nan,-0.006,-0.0142052,-0.0116378,-2.26406e-07
45,16.6022,98,0.194481,0,0.0833333,0.15004,0.306241,1.56182,0.0582759,-19.0906,0.0002,0,0.10547,5771.07,1.67136,0.457878,-0.1,0.02,1,99.0905,552960,0.105847,0.121337,0.111576,0.00758362,-0.00224034,nan,0,0,0,0,0,0,0,0,nan,nan,-0.0095,-0.0145995,-0.0149061,-2.64661e-07
46,15.6569,92.7778,0.197027,0,0.375,0.133896,0.304583,1.44163,0.0696475,-19.0609,0.0002,0,0.105664,5731.82,1.60153,0.542293,-0.1,0.02,1,101.236,565248,0.098221,0.117649,0.103094,0.00672514,-0.00206593,nan,0,0,0,0,0,0,0,0,nan,nan,-0.00188889,-0.01311,-0.0141209,-2.51856e-07
47,18.9561,114.4,0.199708,0,0.416667,0.112923,0.242427,1.09588,0.0507525,-19.0282,0.0002,0,0.105839,5443.43,1.76225,0.49515,-0.1,0.02,1,103.496,577536,0.130998,0.145472,0.122098,0.00672472,-0.00248767,nan,0,0,0,0,0,0,0,0,nan,nan,-0.022,-0.020336,-0.015005,-2.54186e-07
48,22.2788,143,0.201562,0,0.125,0.102493,0.193555,0.722193,0.0603925,-18.9976,0.0002,0,0.105955,5919.68,1.67246,0.403327,-0.1,0.02,1,105.574,589824,0.174633,0.17161,0.151863,0.00699546,-0.00309442,nan,0,0,0,0,0,0,0,0,nan,nan,-0.0746667,-0.027029,-0.0148869,-2.77125e-07
49,25.3723,165.833,0.201526,0,0.25,0.103678,0.19641,0.532562,0.0665518,-18.9715,0.0002,0,0.106102,5227.5,1.71702,0.633628,-0.1,0.02,1,107.926,602112,0.218883,0.209437,0.143385,0.00669755,-0.00334455,nan,0,0,0,0,0,0,0,0,nan,nan,-0.138,-0.0363898,-0.0137777,-2.49664e-07
50,53.3581,271,0.202304,0,0.0416667,0.100693,0.182495,0.45614,0.103411,-18.9419,0.0002,0,0.106248,5272.88,1.78294,0.547474,-0.1,0.02,1,110.258,614400,0.437765,0.456722,0.441987,0.00663585,-0.00509978,nan,0,0,0,0,0,0,0,0,nan,nan,0,-0.0445407,-0.0150365,-2.89524e-07
51,35.4655,215,0.202612,0,0.208333,0.0995467,0.192986,0.509102,0.0788838,-18.9097,0.0002,0,0.106371,5465.98,1.70163,0.546457,-0.1,0.02,1,112.508,626688,0.329954,0.31999,0.220763,0.0070178,-0.00381648,nan,0,0,0,0,0,0,0,0,nan,nan,-0.1662,-0.0476388,-0.0149909,-2.72631e-07
52,42.3964,241.667,0.202837,0,0.25,0.099469,0.195347,0.433199,0.0944822,-18.8811,0.0002,0,0.106464,4935.38,1.79372,0.696063,-0.1,0.02,1,115,638976,0.387108,0.379736,0.304407,0.00698721,-0.00445457,nan,0,0,0,0,0,0,0,0,nan,nan,-0.121,-0.0486724,-0.0149956,-2.70289e-07
53,50.6029,263,0.203146,0,0.166667,0.0975673,0.187108,0.404639,0.0437973,-18.8533,0.0002,0,0.106546,4816.6,1.9417,0.609478,-0.1,0.02,1,117.553,651264,0.425449,0.416648,0.41679,0.0067547,-0.00517743,nan,0,0,0,0,0,0,0,0,nan,nan,0,-0.0453696,-0.0142621,-2.73464e-07
54,59.5218,301,0.203251,0,0.0416667,0.0981926,0.183673,0.247735,0.0769222,-18.8268,0.0002,0,0.106619,4885.24,1.90001,0.615321,-0.1,0.02,1,120.071,663552,0.503098,0.504053,0.498398,0.00708871,-0.00562306,nan,0,0,0,0,0,0,0,0,nan,nan,0,-0.0529218,-0.0158136,-2.96775e-07
55,59.0963,299,0.204719,0,0.0416667,0.0929082,0.161339,0.24093,0.0824593,-18.7984,0.0002,0,0.106741,4844.53,1.95401,0.582463,-0.1,0.02,1,122.61,675840,0.502894,0.497112,0.515721,0.00739127,-0.00585962,nan,0,0,0,0,0,0,0,0,nan,nan,0,-0.0507409,-0.018221,-2.99789e-07
56,66.6485,336,0.204082,0,0.0416667,0.0938178,0.160911,0.302757,0.0532528,-18.766,0.0002,0,0.106861,5349.63,1.7742,0.52278,-0.1,0.02,1,124.908,688128,0.596986,0.599234,0.550341,0.00774422,-0.00593675,nan,0,0,0,0,0,0,0,0,nan,nan,0,-0.0639523,-0.0161627,-2.53624e-07
57,68.9151,349,0.20273,0,0.0833333,0.0975545,0.16608,0.409878,0.0330612,-18.7296,0.0002,0,0.107055,5209.02,1.76824,0.590749,-0.1,0.02,1,127.27,700416,0.616295,0.617205,0.590413,0.00732823,-0.0062647,nan,0,0,0,0,0,0,0,0,nan,nan,-0.016,-0.0639171,-0.0185471,-2.99812e-07
58,63.6326,379,0.199992,0,0.0833333,0.102908,0.187402,0.819965,0.0403553,-18.6868,0.0002,0,0.107349,5763.73,1.68847,0.443479,-0.1,0.02,1,129.404,712704,0.637814,0.633431,0.450398,0.00697063,-0.00703349,nan,0,0,0,0,0,0,0,0,nan,nan,-0.3765,-0.0750059,-0.014808,-3.0649e-07
59,70.593,412.333,0.198446,0,0.125,0.10343,0.209162,1.00207,0.107678,-18.6368,0.0002,0,0.107548,5143.9,1.75468,0.634171,-0.1,0.02,1,131.795,724992,0.693366,0.687609,0.497995,0.0069704,-0.00788344,nan,0,0,0,0,0,0,0,0,nan,nan,-0.344333,-0.0840967,-0.0143198,-2.86736e-07
60,79.0147,424,0.198361,0,0.0833333,0.101911,0.221121,0.950268,0.0546672,-18.5962,0.0002,0,0.10776,5116.4,1.82603,0.575654,-0.1,0.02,1,134.198,737280,0.689297,0.677587,0.670463,0.00713553,-0.00835323,nan,0,0,0,0,0,0,0,0,nan,nan,-0.124,-0.0783529,-0.0175602,-3.4777e-07
61,75.1517,406.125,0.196928,0,0.333333,0.0980987,0.233762,1.13261,0.0908562,-18.5572,0.0002,0,0.107936,5206.72,1.82163,0.5384,-0.1,0.02,1,136.56,749568,0.661964,0.650445,0.632688,0.00701253,-0.00797722,nan,0,0,0,0,0,0,0,0,nan,nan,-0.12425,-0.0729721,-0.0179528,-3.46287e-07
62,85.2553,455.3,0.197311,0,0.416667,0.0924078,0.218461,1.26665,0.0508989,-18.5198,0.0002,0,0.108137,5012.28,1.8976,0.553983,-0.1,0.02,1,139.014,761856,0.759487,0.73668,0.733897,0.00714894,-0.00877916,nan,0,0,0,0,0,0,0,0,nan,nan,-0.1428,-0.081426,-0.016651,-3.36378e-07
63,89.8596,477.75,0.19486,0,0.166667,0.0929748,0.231423,1.39123,0.0610225,-18.4833,0.0002,0,0.108311,5028.71,1.87191,0.571654,-0.1,0.02,1,141.46,774144,0.802661,0.781964,0.775223,0.00733023,-0.00885269,nan,0,0,0,0,0,0,0,0,nan,nan,-0.155,-0.0862004,-0.0166587,-3.38468e-07
64,100.721,530.375,0.196036,0,0.333333,0.0874233,0.208296,1.14398,0.0964731,-18.4463,0.0002,0,0.108498,5385.92,1.74687,0.534637,-0.1,0.02,1,143.744,786432,0.88575,0.880162,0.880382,0.00732415,-0.0102424,nan,0,0,0,0,0,0,0,0,nan,nan,-0.140875,-0.0928017,-0.0179453,-3.74105e-07
65,90.8858,481.571,0.200095,0,0.291667,0.0811753,0.179801,0.649026,0.0647839,-18.4095,0.0002,0,0.108678,5368.33,1.73111,0.55787,-0.1,0.02,1,146.035,798720,0.816633,0.784044,0.769165,0.00718227,-0.00882538,nan,0,0,0,0,0,0,0,0,nan,nan,-0.133429,-0.089933,-0.0162918,-3.20837e-07
66,97.6829,528,0.200339,0,0.0833333,0.0776346,0.155975,0.342133,0.0749574,-18.3733,0.0002,0,0.108834,5252.78,1.69154,0.647794,-0.1,0.02,1,148.377,811008,0.88859,0.871457,0.846878,0.00693264,-0.0097234,nan,0,0,0,0,0,0,0,0,nan,nan,-0.2545,-0.0930581,-0.0154274,-3.1252e-07
67,106.253,563.667,0.200055,0,0.125,0.0758953,0.149458,0.284738,0.0536151,-18.3406,0.0002,0,0.109,5633.41,1.69573,0.485542,-0.1,0.02,1,150.56,823296,0.955131,0.949148,0.9139,0.00736051,-0.0108772,nan,0,0,0,0,0,0,0,0,nan,nan,-0.207667,-0.101927,-0.0192008,-3.91011e-07
68,120.062,620,0.199883,0,0.0833333,0.0739698,0.14785,0.271673,0.079881,-18.3113,0.0002,0,0.109191,6031.03,1.60095,0.43651,-0.1,0.02,1,152.602,835584,1.05784,1.0486,1.04151,0.00720843,-0.0116001,nan,0,0,0,0,0,0,0,0,nan,nan,-0.099,-0.114187,-0.0213069,-4.12437e-07
69,nan,nan,0.200972,0,0,0.0734553,0.147974,0.19782,0.0607405,-18.273,0.0002,0,0.10945,6575.61,1.46118,0.40754,-0.1,0.02,1,154.472,847872,nan,nan,nan,nan,nan,nan,nan,nan,nan,nan,nan,nan,nan,nan,nan,nan,nan,nan,nan,nan
70,131.59,668,0.201492,0,0.0416667,0.0721519,0.13879,0.12702,0.0536041,-18.2313,0.0002,0,0.109586,5851.16,1.59311,0.506985,-0.1,0.02,1,156.575,860160,1.15374,1.13551,1.16745,0.00803285,-0.0121772,nan,0,0,0,0,0,0,0,0,nan,nan,-0.063,-0.119782,-0.0202995,-4.0786e-07
71,37.0212,210,0.201387,0,0.0416667,0.0700925,0.130869,0.094531,0.0560945,-18.2008,0.0002,0,0.109665,5683.42,1.62858,0.533499,-0.1,0.02,1,158.739,872448,0.34033,0.308638,0.270685,0.00637334,-0.00400875,nan,0,0,0,0,0,0,0,0,nan,nan,-0.101,-0.0428651,-0.0145671,-2.66268e-07
72,140.498,719,0.201442,0,0.0416667,0.070278,0.13153,0.0895093,0.0677867,-18.1687,0.0002,0,0.109868,5565.53,1.61361,0.59426,-0.1,0.02,1,160.948,884736,1.2297,1.23839,1.18067,0.0082321,-0.0137584,nan,0,0,0,0,0,0,0,0,nan,nan,-0.128,-0.128968,-0.02042,-4.28254e-07
73,nan,nan,0.202357,0,0,0.0693989,0.1352,0.0796767,0.0662967,-18.1274,0.0002,0,0.110058,5300.81,1.71251,0.605624,-0.1,0.02,1,163.268,897024,nan,nan,nan,nan,nan,nan,nan,nan,nan,nan,nan,nan,nan,nan,nan,nan,nan,nan,nan,nan
74,153.02,770,0.202464,0,0.0416667,0.0687587,0.13261,0.107156,0.0517661,-18.0926,0.0002,0,0.110249,5933.39,1.61889,0.452099,-0.1,0.02,1,165.344,909312,1.3366,1.33471,1.35495,0.00810823,-0.0145051,nan,0,0,0,0,0,0,0,0,nan,nan,-0.061,-0.136807,-0.0209784,-4.22163e-07
75,nan,nan,0.202576,0,0,0.0664949,0.133261,0.0479419,0.0870186,-18.0576,0.0002,0,0.110385,5831.14,1.5954,0.51191,-0.1,0.02,1,167.453,921600,nan,nan,nan,nan,nan,nan,nan,nan,nan,nan,nan,nan,nan,nan,nan,nan,nan,nan,nan,nan
76,182.561,912.5,0.202968,0.0416667,0.0416667,0.0659843,0.127702,0.0582637,0.0527457,-18.0314,0.0002,0,0.110482,5888.98,1.57528,0.511324,-0.1,0.02,1,169.541,933888,1.60035,1.61885,1.63631,0.00793178,-0.0166295,nan,0,0,0,0,0,0,0,0,nan,nan,-0.062,-0.156669,-0.0147652,-3.51839e-07
77,143.98,883.5,0.203351,0.0416667,0.125,0.067331,0.131542,0.0941041,0.0714868,-18.0047,0.0002,0,0.110697,5991.22,1.5454,0.505603,-0.1,0.02,1,171.594,946176,1.61592,1.60237,0.906231,0.00699875,-0.0148621,nan,0,0,0,0,0,0,0,0,nan,nan,-1.16775,-0.221575,-0.0131282,-2.69896e-07
78,147.538,886.385,0.203627,0.0833333,0.458333,0.0701827,0.15138,0.156134,0.0298607,-17.9611,0.0002,0,0.110999,5898.79,1.6193,0.463844,-0.1,0.02,1,173.679,958464,1.60833,1.58029,1.01098,0.00744918,-0.0151471,nan,0,0,0,0,0,0,0,0,nan,nan,-1.07985,-0.218132,-0.0149492,-3.12081e-07
79,154.975,927.333,0.205721,0.125,0.25,0.0718859,0.160897,0.0956141,0.0750668,-17.9112,0.0002,0,0.111284,5920.68,1.63645,0.438982,-0.1,0.02,1,175.757,970752,1.6615,1.62979,1.25234,0.00747244,-0.0165122,nan,0,0,0,0,0,0,0,0,nan,nan,-1.27633,-0.201163,-0.0160688,-3.51513e-07
80,175.502,964.308,0.208042,0.333333,0.208333,0.0718287,0.139434,0.0481625,0.0680981,-17.8671,0.0002,0,0.111484,5759.81,1.59627,0.537134,-0.1,0.02,1,177.892,983040,1.7557,1.75565,1.50352,0.00785704,-0.0167887,nan,0,0,0,0,0,0,0,0,nan,nan,-0.878538,-0.189119,-0.0130935,-3.0818e-07
81,205.127,1000,0.207912,0.333333,0,0.0717513,0.129331,0.052621,0.0633392,-17.8366,0.0002,0,0.111601,5020.23,1.78787,0.659829,-0.1,0.02,1,180.342,995328,1.79871,1.83708,1.86928,0.00827984,-0.0181216,nan,0,0,0,0,0,0,0,0,nan,nan,-0.00675,-0.169538,-0.00946687,-2.98732e-07
82,204.821,1000,0.207602,0.541667,0,0.0707522,0.133396,0.202243,0.0328957,-17.8069,0.0002,0,0.111841,4841.12,1.88142,0.656833,-0.1,0.02,1,182.882,1.00762e+06,1.80191,1.83862,1.8773,0.00808321,-0.0183713,nan,0,0,0,0,0,0,0,0,nan,nan,-0.0530769,-0.166295,-0.0095499,-3.07866e-07
83,195.071,949.667,0.207324,0.708333,0.0416667,0.0695891,0.135461,0.0489387,0.0489373,-17.7614,0.0002,0,0.112079,5529.3,1.64539,0.576949,-0.1,0.02,1,185.107,1.0199e+06,1.7225,1.75186,1.78468,0.00798057,-0.0172994,nan,0,0,0,0,0,0,0,0,nan,nan,-0.0298889,-0.15887,-0.0099465,-2.93334e-07
84,205.912,1000,0.218466,14.0833,0,0.0787687,0.176949,0.10201,0.0585102,-17.7278,0.0002,0,0.112227,5015.51,1.90651,0.543491,-0.1,0.02,1,187.558,1.03219e+06,1.82079,1.85333,1.88505,0.00811937,-0.0181067,nan,0,0,0,0,0,0,0,0,nan,nan,-0.0264142,-0.167422,-0.00907663,-2.87811e-07
85,nan,nan,0.202136,0,0,0.102794,0.208577,0.0552938,0.0596055,-17.6973,0.0002,0,0.112407,5773.23,1.60153,0.526918,-0.1,0.02,1,189.689,1.04448e+06,nan,nan,nan,nan,nan,nan,nan,nan,nan,nan,nan,nan,nan,nan,nan,nan,nan,nan,nan,nan
86,205.688,1000,0.199269,0.0833333,0,0.104411,0.178983,0.533365,0.0252556,-17.6679,0.0002,0,0.112567,6006.11,1.62822,0.417699,-0.1,0.02,1,191.737,1.05677e+06,1.8441,1.86929,1.88731,0.00767028,-0.0180057,nan,0,0,0,0,0,0,0,0,nan,nan,-0.056,-0.171637,-0.00785299,-2.50207e-07
87,32.267,170.636,0.200002,0.0416667,0.416667,0.104468,0.252063,1.8,0.0316948,-17.6341,0.0002,0,0.112886,5942.5,1.57429,0.49353,-0.1,0.02,1,193.807,1.06906e+06,0.273396,0.27546,0.279828,0.00593823,-0.00373248,nan,0,0,0,0,0,0,0,0,nan,nan,-0.0408182,-0.0263681,-0.0154973,-2.47749e-07
88,77.0683,387.68,0.20251,0.333333,0.708333,0.092708,0.217074,0.52678,0.0328833,-17.5779,0.0002,0,0.113224,5605.53,1.63688,0.555236,-0.1,0.02,1,196.001,1.08134e+06,0.674512,0.686078,0.700955,0.00649567,-0.00766557,nan,0,0,0,0,0,0,0,0,nan,nan,-0.05996,-0.063704,-0.0151393,-2.61855e-07
89,152.605,749.143,0.205234,0.208333,0.0833333,0.0816412,0.161974,0.421198,0.0773684,-17.5307,0.0002,0,0.113508,6203.65,1.49592,0.484852,-0.1,0.02,1,197.983,1.09363e+06,1.36063,1.39094,1.40141,0.00728875,-0.0135871,nan,0,0,0,0,0,0,0,0,nan,nan,-0.072,-0.128944,-0.0102708,-2.58764e-07
90,119.754,588.5,0.204565,0.125,0.125,0.0781443,0.155978,0.372539,0.0659492,-17.4866,0.0002,0,0.113757,5700.41,1.6074,0.548237,-0.1,0.02,1,200.141,1.10592e+06,1.07122,1.08885,1.09799,0.00706608,-0.010404,nan,0,0,0,0,0,0,0,0,nan,nan,-0.0718333,-0.100306,-0.0120646,-2.52853e-07
91,103.905,513.429,0.205272,0.125,0.166667,0.0766549,0.147461,0.148347,0.0496699,-17.4439,0.0002,0,0.114019,4420.83,2.24383,0.535737,-0.1,0.02,1,202.923,1.11821e+06,0.896732,0.923112,0.933215,0.00644623,-0.0098089,nan,0,0,0,0,0,0,0,0,nan,nan,-0.0231429,-0.0824333,-0.0137941,-3.01613e-07
92,134.394,657.4,0.206119,0.125,0.0833333,0.074062,0.144638,0.238499,0.0291837,-17.4004,0.0002,0,0.114297,4761.71,1.81195,0.768637,-0.1,0.02,1,205.505,1.1305e+06,1.18061,1.20202,1.22956,0.0069433,-0.0127896,nan,0,0,0,0,0,0,0,0,nan,nan,-0.0384,-0.105732,-0.0119477,-2.84253e-07
93,168.406,819,0.206007,0.166667,0.0416667,0.0750181,0.147033,0.188295,0.0325249,-17.3492,0.0002,0,0.114607,5453.92,1.75008,0.502982,-0.1,0.02,1,207.76,1.14278e+06,1.50546,1.52932,1.5496,0.00740936,-0.0149656,nan,0,0,0,0,0,0,0,0,nan,nan,-0.0424,-0.142767,-0.00962766,-2.5247e-07
94,174.44,850.4,0.205869,0.166667,0.0416667,0.0764136,0.15146,0.111803,0.0604354,-17.2983,0.0002,0,0.114938,5746.3,1.58017,0.55825,-0.1,0.02,1,209.9,1.15507e+06,1.54183,1.57836,1.60533,0.00741035,-0.0157961,nan,0,0,0,0,0,0,0,0,nan,nan,-0.0596,-0.141064,-0.010726,-3.03312e-07
95,173.897,853.2,0.205288,0.166667,0.0416667,0.070439,0.141178,0.0909319,0.0583045,-17.2541,0.0002,0,0.115209,5153.85,1.83007,0.554162,-0.1,0.02,1,212.287,1.16736e+06,1.5705,1.59586,1.59606,0.00730941,-0.0154523,nan,0,0,0,0,0,0,0,0,nan,nan,-0.107,-0.149345,-0.00962966,-2.68499e-07
96,203.996,1000,0.205684,0.0416667,0,0.0709134,0.131866,0.041915,0.0585788,-17.2162,0.0002,0,0.115451,5593.03,1.67052,0.526495,-0.1,0.02,1,214.486,1.17965e+06,1.8111,1.8469,1.87657,0.00790882,-0.0192912,nan,0,0,0,0,0,0,0,0,nan,nan,-0.106,-0.171314,-0.010222,-3.27271e-07
97,nan,nan,0.206043,0,0,0.0695637,0.138795,0.0565729,0.0574532,-17.1784,0.0002,0,0.115658,5491.43,1.65584,0.581826,-0.1,0.02,1,216.726,1.19194e+06,nan,nan,nan,nan,nan,nan,nan,nan,nan,nan,nan,nan,nan,nan,nan,nan,nan,nan,nan,nan
98,206.89,1000,0.207143,0.125,0,0.0680757,0.140224,0.0571169,0.0397328,-17.142,0.0002,0,0.115886,5418.15,1.76638,0.501556,-0.1,0.02,1,218.996,1.20422e+06,1.83526,1.85637,1.89741,0.00732245,-0.0185654,nan,0,0,0,0,0,0,0,0,nan,nan,-0.0373333,-0.162524,-0.00936187,-3.00412e-07
99,140.896,688,0.204871,0.0416667,0.0416667,0.0662398,0.147589,0.0541686,0.043729,-17.101,0.0002,0,0.116169,5649.05,1.58145,0.593779,-0.1,0.02,1,221.173,1.21651e+06,1.24473,1.2622,1.27933,0.00680279,-0.0131807,nan,0,0,0,0,0,0,0,0,nan,nan,-0.0215,-0.117126,-0.0146904,-3.09031e-07
100,206.905,1000,0.20365,0.0416667,0,0.0628584,0.136486,0.0768447,0.0302848,-17.0605,0.0002,0,0.116346,5602.5,1.72987,0.463438,-0.1,0.02,1,223.368,1.2288e+06,1.83976,1.8678,1.90479,0.00750731,-0.0188043,nan,0,0,0,0,0,0,0,0,nan,nan,0,-0.175054,-0.00899778,-2.94545e-07
101,207.623,1000,0.204182,0.208333,0,0.0603964,0.132033,0.0577773,0.0321387,-17.0256,0.0002,0,0.116554,5452.72,1.69578,0.55777,-0.1,0.02,1,229.64,1.24109e+06,1.84308,1.86613,1.90734,0.00736088,-0.0186952,nan,0,0,0,0,0,0,0,0,nan,nan,-0.0146,-0.170272,-0.00846718,-2.84174e-07
102,205.904,1000,0.204759,0.0416667,0,0.0611791,0.128186,0.0644163,0.0489527,-16.9806,0.0002,0,0.11685,4856.63,1.79354,0.736609,-0.1,0.02,1,232.172,1.25338e+06,1.83425,1.85545,1.89174,0.00736698,-0.0190456,nan,0,0,0,0,0,0,0,0,nan,nan,-0.03,-0.177102,-0.00941895,-2.96637e-07
103,206.476,1000,0.204783,0.458333,0,0.0598869,0.127662,0.0488262,0.0353647,-16.9347,0.0002,0,0.117094,5213.77,1.81702,0.539811,-0.1,0.02,1,234.533,1.26566e+06,1.83923,1.86023,1.89999,0.00714046,-0.0189161,nan,0,0,0,0,0,0,0,0,nan,nan,-0.0587273,-0.168795,-0.00871435,-2.89715e-07
104,208.27,1000,0.20411,0.25,0,0.0576113,0.124968,0.0500994,0.0617481,-16.8923,0.0002,0,0.117255,5110.22,1.88908,0.515513,-0.1,0.02,1,236.94,1.27795e+06,1.89721,1.90235,1.91893,0.0077738,-0.0174592,nan,0,0,0,0,0,0,0,0,nan,nan,-0.0243333,-0.179972,-0.00600047,-1.96203e-07
105,208.034,1000,0.206084,0.166667,0,0.0549753,0.117855,0.0328074,0.0460732,-16.8537,0.0002,0,0.117413,5674.6,1.66556,0.499875,-0.1,0.02,1,239.107,1.29024e+06,1.88954,1.90303,1.92515,0.0077325,-0.0174847,nan,0,0,0,0,0,0,0,0,nan,nan,-0.0225,-0.183347,-0.00591145,-1.95053e-07
106,207.102,1000,0.206746,0.458333,0,0.0522171,0.113976,0.0453719,0.0490505,-16.8165,0.0002,0,0.117658,5263.6,1.7697,0.564819,-0.1,0.02,1,241.444,1.30253e+06,1.88071,1.89103,1.9144,0.00729619,-0.0179396,nan,0,0,0,0,0,0,0,0,nan,nan,-0.0597273,-0.178324,-0.00664823,-2.18974e-07
107,208.056,1000,0.206644,0.125,0,0.0514708,0.114452,0.0583403,0.0579825,-16.7742,0.0002,0,0.117871,5474.7,1.71321,0.531299,-0.1,0.02,1,243.69,1.31482e+06,1.86266,1.88072,1.90909,0.00695571,-0.0182072,nan,0,0,0,0,0,0,0,0,nan,nan,-0.012,-0.171384,-0.00704441,-2.44399e-07
108,204.689,1000,0.206137,0.125,0,0.0477467,0.107419,0.0482291,0.0835492,-16.7363,0.0002,0,0.118026,5183.78,1.81678,0.553689,-0.1,0.02,1,246.063,1.3271e+06,1.88968,1.89995,1.90946,0.00726116,-0.0177449,nan,0,0,0,0,0,0,0,0,nan,nan,-0.189,-0.179509,-0.00642562,-1.97431e-07
109,207.486,1000,0.208278,0.125,0,0.0461308,0.100946,0.0267585,0.0751872,-16.7088,0.0002,0,0.118107,5509.82,1.66771,0.562491,-0.1,0.02,1,248.295,1.33939e+06,1.86052,1.87989,1.89639,0.00677593,-0.0188506,nan,0,0,0,0,0,0,0,0,nan,nan,-0.0453333,-0.169591,-0.00801112,-2.69701e-07
110,205.978,1000,0.208731,0.0416667,0,0.0433881,0.0959183,0.0249256,0.0336833,-16.6881,0.0002,0,0.118212,4905.48,1.8698,0.635151,-0.1,0.02,1,250.801,1.35168e+06,1.86092,1.8704,1.90497,0.00702155,-0.0184863,nan,0,0,0,0,0,0,0,0,nan,nan,-0.12,-0.172384,-0.00849055,-2.61698e-07
111,nan,nan,0.208698,0,0,0.0408877,0.0911924,0.0269588,0.0211083,-16.6626,0.0002,0,0.118413,4918.41,1.86419,0.634179,-0.1,0.02,1,253.302,1.36397e+06,nan,nan,nan,nan,nan,nan,nan,nan,nan,nan,nan,nan,nan,nan,nan,nan,nan,nan,nan,nan
112,207.669,1000,0.208546,0.0416667,0,0.0402128,0.0891959,0.0265268,0.0398613,-16.6297,0.0002,0,0.11862,4776.55,1.86103,0.711535,-0.1,0.02,1,255.876,1.37626e+06,1.84941,1.86583,1.88406,0.00612517,-0.0187817,nan,0,0,0,0,0,0,0,0,nan,nan,-0.015,-0.171188,-0.00803278,-2.62136e-07
113,208.894,1000,0.209396,0.0416667,0,0.0390231,0.0884912,0.0193947,0.0328585,-16.5968,0.0002,0,0.118819,5101.27,1.8853,0.523509,-0.1,0.02,1,258.288,1.38854e+06,1.88026,1.89392,1.91866,0.00698685,-0.0187543,nan,0,0,0,0,0,0,0,0,nan,nan,0,-0.177648,-0.00659126,-2.35408e-07
114,208.07,1000,0.210643,0.0416667,0,0.0369417,0.0875885,0.0159733,0.0257789,-16.5713,0.0002,0,0.118922,5486.71,1.64171,0.597885,-0.1,0.02,1,260.529,1.40083e+06,1.86479,1.88072,1.90309,0.00690449,-0.0190251,nan,0,0,0,0,0,0,0,0,nan,nan,0,-0.187841,-0.00756411,-2.48916e-07
115,nan,nan,0.211437,0,0,0.0356798,0.0834981,0.0153145,0.032824,-16.5505,0.0002,0,0.119054,4929.34,1.86909,0.62374,-0.1,0.02,1,263.024,1.41312e+06,nan,nan,nan,nan,nan,nan,nan,nan,nan,nan,nan,nan,nan,nan,nan,nan,nan,nan,nan,nan
116,197.453,1000,0.211109,0.0416667,0,0.0351267,0.0827537,0.0147656,0.0385368,-16.5189,0.0002,0,0.119178,5118.73,1.85783,0.542765,-0.1,0.02,1,265.426,1.42541e+06,1.88961,1.89119,1.90815,0.00690924,-0.0178625,nan,0,0,0,0,0,0,0,0,nan,nan,-0.558,-0.184315,-0.00619742,-1.95259e-07
117,208.883,1000,0.211391,0.0416667,0,0.0334068,0.0797589,0.0115523,0.0450232,-16.4911,0.0002,0,0.119303,4916.34,1.86669,0.632726,-0.1,0.02,1,267.927,1.4377e+06,1.87546,1.88105,1.88158,0.00688019,-0.0189331,nan,0,0,0,0,0,0,0,0,nan,nan,-0.002,-0.172417,-0.00788401,-2.52789e-07
118,206.112,1000,0.2129,0.0833333,0,0.0313951,0.0756082,0.0132271,0.036162,-16.4658,0.0002,0,0.119437,4767.36,1.93979,0.637738,-0.1,0.02,1,270.506,1.44998e+06,1.86064,1.87227,1.85378,0.00694624,-0.0197365,nan,0,0,0,0,0,0,0,0,nan,nan,-0.0845,-0.170073,-0.00853753,-2.63229e-07
119,208.07,1000,0.213545,0.125,0,0.030616,0.076494,0.0108082,0.0253319,-16.4378,0.0002,0,0.119562,5687.9,1.68672,0.47365,-0.1,0.02,1,272.668,1.46227e+06,1.88029,1.89509,1.89444,0.00681407,-0.0183815,nan,0,0,0,0,0,0,0,0,nan,nan,-0.0513333,-0.184958,-0.00682643,-2.21659e-07
120,207.844,1000,0.213162,0.583333,0,0.0310944,0.078873,0.0125441,0.0311458,-16.4068,0.0002,0,0.119715,5335.89,1.7624,0.540501,-0.1,0.02,1,274.973,1.47456e+06,1.88654,1.89905,1.89763,0.00669202,-0.018651,nan,0,0,0,0,0,0,0,0,nan,nan,-0.0483571,-0.187544,-0.00664892,-2.0545e-07
121,207.116,1000,0.213043,0.5,0,0.0319258,0.0839292,0.0120393,0.0517579,-16.3769,0.0002,0,0.119857,5576.12,1.79003,0.413649,-0.1,0.02,1,277.179,1.48685e+06,1.88324,1.8925,1.884,0.00681516,-0.0186197,nan,0,0,0,0,0,0,0,0,nan,nan,-0.08925,-0.179874,-0.00720964,-2.20679e-07
122,207.819,1000,0.214135,0.375,0,0.0317331,0.0826352,0.0114687,0.0732195,-16.3479,0.0002,0,0.119996,5608.1,1.69474,0.496374,-0.1,0.02,1,279.371,1.49914e+06,1.90415,1.90775,1.91285,0.00674242,-0.018225,nan,0,0,0,0,0,0,0,0,nan,nan,-0.107111,-0.184002,-0.00604836,-1.82255e-07
123,208.426,1000,0.21459,0.375,0,0.0314757,0.0813911,0.0112522,0.041964,-16.3158,0.0002,0,0.120177,5018.9,1.88169,0.566652,-0.1,0.02,1,281.821,1.51142e+06,1.90271,1.90655,1.89811,0.00673556,-0.0180235,nan,0,0,0,0,0,0,0,0,nan,nan,-0.0612222,-0.182016,-0.00628911,-1.82114e-07
124,208.497,1000,0.214052,0.5,0,0.0308356,0.0812241,0.0108867,0.0333694,-16.2841,0.0002,0,0.120361,5184.68,1.75898,0.611077,-0.1,0.02,1,284.193,1.52371e+06,1.89566,1.90228,1.89399,0.00657973,-0.0182035,nan,0,0,0,0,0,0,0,0,nan,nan,-0.0475833,-0.18434,-0.00660614,-1.93149e-07
125,208.232,1000,0.213055,13.125,0,0.0319715,0.0822739,0.0113648,0.025472,-16.255,0.0002,0,0.120477,3870.57,2.45348,0.721243,-0.1,0.02,1,287.37,1.536e+06,1.90292,1.90643,1.89765,0.00657213,-0.0182331,nan,0,0,0,0,0,0,0,0,nan,nan,-0.0762889,-0.18475,-0.00626785,-1.80019e-07
126,209.61,1000,0.219717,0.0416667,0,0.0630811,0.192988,0.0319703,0.0368892,-16.225,0.0002,0,0.120665,4308.57,2.08682,0.765173,-0.1,0.02,1,290.228,1.54829e+06,1.91167,1.9186,1.89622,0.00691794,-0.0181454,nan,0,0,0,0,0,0,0,0,nan,nan,-0.024,-0.187351,-0.00573101,-1.81219e-07
127,nan,nan,0.211639,0,0,0.0691124,0.174978,0.0186168,0.0293435,-16.1958,0.0002,0,0.120799,5045.27,1.89573,0.539816,-0.1,0.02,1,292.666,1.56058e+06,nan,nan,nan,nan,nan,nan,nan,nan,nan,nan,nan,nan,nan,nan,nan,nan,nan,nan,nan,nan
128,209.342,1000,0.211118,0.125,0,0.0613628,0.142496,0.0149593,0.0228026,-16.1749,0.0002,0,0.120871,4744.44,1.84139,0.748587,-0.1,0.02,1,295.258,1.57286e+06,1.90761,1.90503,1.90132,0.00678403,-0.0186914,nan,0,0,0,0,0,0,0,0,nan,nan,-0.0333333,-0.185685,-0.00661499,-1.84794e-07
129,209.251,1000,0.210278,0.833333,0,0.0622967,0.130446,0.0121951,0.0388018,-16.1523,0.0002,0,0.121002,4737.66,1.99848,0.595208,-0.1,0.02,1,297.854,1.58515e+06,1.92039,1.92223,1.90561,0.00658889,-0.0179237,nan,0,0,0,0,0,0,0,0,nan,nan,-0.08495,-0.183731,-0.00537239,-1.53005e-07
130,208.462,1000,0.211204,0.708333,0,0.0656527,0.13966,0.0118415,0.0223632,-16.1253,0.0002,0,0.121138,4956.24,1.97847,0.500828,-0.1,0.02,1,300.336,1.59744e+06,1.9034,1.90779,1.88601,0.00668785,-0.0187389,nan,0,0,0,0,0,0,0,0,nan,nan,-0.0741765,-0.180224,-0.00658714,-1.83781e-07
131,208.758,1000,0.211311,0.125,0,0.0703373,0.147767,0.0114956,0.0289311,-16.1004,0.0002,0,0.121238,4837.47,1.93272,0.607451,-0.1,0.02,1,302.878,1.60973e+06,1.88776,1.89529,1.8813,0.00675567,-0.0183803,nan,0,0,0,0,0,0,0,0,nan,nan,-0.066,-0.174469,-0.00760411,-1.95377e-07
132,209.031,1000,0.21115,0.375,0,0.0662102,0.1422,0.0116584,0.0353438,-16.0772,0.0002,0,0.121331,4931.15,1.8713,0.62061,-0.1,0.02,1,305.373,1.62202e+06,1.91556,1.91307,1.89563,0.00658195,-0.0180847,nan,0,0,0,0,0,0,0,0,nan,nan,-0.0751111,-0.186348,-0.00620644,-1.65992e-07
133,208.336,1000,0.209938,0.208333,0,0.0689259,0.146027,0.0117008,0.0436548,-16.0527,0.0002,0,0.121455,4979.48,1.92718,0.540549,-0.1,0.02,1,307.842,1.6343e+06,1.90915,1.90571,1.89528,0.00659598,-0.018444,nan,0,0,0,0,0,0,0,0,nan,nan,-0.0834,-0.186454,-0.00674455,-1.67958e-07
134,211.11,1000,0.211341,0.125,0,0.0695917,0.137241,0.00943206,0.0377304,-16.0304,0.0002,0,0.121588,5602.9,1.72769,0.465465,-0.1,0.02,1,310.038,1.64659e+06,1.91757,1.92689,1.91863,0.00683984,-0.0177415,nan,0,0,0,0,0,0,0,0,nan,nan,0,-0.191406,-0.0051911,-1.46035e-07
135,209.659,1000,0.21237,0.25,0,0.0705953,0.137185,0.00847634,0.0352402,-16.0113,0.0002,0,0.121721,5456.84,1.75852,0.49333,-0.1,0.02,1,312.292,1.65888e+06,1.92224,1.92267,1.90538,0.0067122,-0.0179651,nan,0,0,0,0,0,0,0,0,nan,nan,-0.0668333,-0.184992,-0.00581952,-1.51114e-07
136,209.839,1000,0.212912,0.291667,0,0.0683824,0.139652,0.00809181,0.031594,-15.9887,0.0002,0,0.121879,5544.47,1.74496,0.471303,-0.1,0.02,1,314.51,1.67117e+06,1.91197,1.91272,1.88682,0.00668493,-0.018726,nan,0,0,0,0,0,0,0,0,nan,nan,-0.0724286,-0.166878,-0.00630095,-1.65189e-07
137,213.051,1000,0.213323,0.0833333,0,0.0674917,0.137337,0.00774791,0.0450646,-15.9627,0.0002,0,0.122038,5832.89,1.59836,0.508312,-0.1,0.02,1,316.619,1.68346e+06,1.96099,1.96032,1.95243,0.00698287,-0.017232,nan,0,0,0,0,0,0,0,0,nan,nan,-0.0245,-0.203215,-0.00284382,-7.83531e-08
138,204.967,1000,0.213736,0.0416667,0,0.0668472,0.131948,0.00734592,0.0376666,-15.9355,0.0002,0,0.122129,5347.71,1.772,0.525807,-0.1,0.02,1,318.919,1.69574e+06,1.86289,1.87255,1.8205,0.00651003,-0.0193057,nan,0,0,0,0,0,0,0,0,nan,nan,-0.196,-0.148915,-0.0109399,-2.47938e-07
139,212.158,1000,0.214438,0.0416667,0,0.0652076,0.128264,0.00644154,0.0318663,-15.9148,0.0002,0,0.122178,5547.57,1.66154,0.553486,-0.1,0.02,1,321.136,1.70803e+06,1.93441,1.93469,1.89887,0.00668333,-0.0184555,nan,0,0,0,0,0,0,0,0,nan,nan,-0.001,-0.190975,-0.00477641,-1.24403e-07
140,210.551,1000,0.215577,0.0833333,0,0.0655009,0.132285,0.00665932,0.0318563,-15.899,0.0002,0,0.12229,5489.03,1.74223,0.496415,-0.1,0.02,1,323.377,1.72032e+06,1.90685,1.90018,1.88488,0.00686747,-0.0184235,nan,0,0,0,0,0,0,0,0,nan,nan,-0.024,-0.173149,-0.00675245,-1.60727e-07
141,209.874,1000,0.215686,0.0833333,0,0.0652899,0.136167,0.00669452,0.0246517,-15.8729,0.0002,0,0.122463,5564.41,1.65016,0.558157,-0.1,0.02,1,325.587,1.73261e+06,1.98427,1.96893,1.96117,0.00623,-0.0172876,nan,0,0,0,0,0,0,0,0,nan,nan,-0.266,-0.196365,-0.00141636,-3.57887e-08
142,213.414,1000,0.2159,0.0416667,0,0.0613472,0.135795,0.00728156,0.0303242,-15.8473,0.0002,0,0.122597,5530.61,1.74182,0.479994,-0.1,0.02,1,327.811,1.7449e+06,1.9631,1.9471,1.92711,0.0071151,-0.0174591,nan,0,0,0,0,0,0,0,0,nan,nan,-0.015,-0.190599,-0.00288272,-8.04738e-08
143,213.299,1000,0.216614,0.208333,0,0.0609928,0.12966,0.00840745,0.0261779,-15.8261,0.0002,0,0.122698,5799.44,1.63631,0.482516,-0.1,0.02,1,329.934,1.75718e+06,1.97551,1.96574,1.9543,0.0066767,-0.017139,nan,0,0,0,0,0,0,0,0,nan,nan,-0.0792,-0.191921,-0.0023141,-5.2e-08
144,214.053,1000,0.217574,0.291667,0,0.0569631,0.124156,0.00616761,0.0508573,-15.8052,0.0002,0,0.122803,5433.72,1.76187,0.499558,-0.1,0.02,1,332.197,1.76947e+06,1.95801,1.95095,1.93081,0.00695229,-0.0173107,nan,0,0,0,0,0,0,0,0,nan,nan,-0.0192857,-0.185028,-0.00317465,-8.10157e-08
145,207.992,1000,0.218447,0.333333,0,0.0560989,0.120542,0.00696746,0.0271281,-15.7805,0.0002,0,0.122977,5716.09,1.74781,0.401909,-0.1,0.02,1,334.348,1.78176e+06,1.91222,1.9103,1.88184,0.00719057,-0.018604,nan,0,0,0,0,0,0,0,0,nan,nan,-0.2245,-0.149952,-0.00663596,-1.65187e-07
146,212.847,1000,0.218342,0.208333,0,0.0565293,0.122401,0.0081605,0.0440969,-15.7487,0.0002,0,0.123189,5810.04,1.60644,0.508515,-0.1,0.02,1,336.465,1.79405e+06,1.92924,1.92406,1.91027,0.00726669,-0.0183591,nan,0,0,0,0,0,0,0,0,nan,nan,-0.0252,-0.167892,-0.00521555,-1.26772e-07
147,212.961,1000,0.218862,0.25,0,0.0562991,0.125714,0.0070865,0.037511,-15.7186,0.0002,0,0.123316,5901.27,1.67734,0.404926,-0.1,0.02,1,338.55,1.80634e+06,1.9161,1.91348,1.89485,0.00767844,-0.0184974,nan,0,0,0,0,0,0,0,0,nan,nan,-0.00533333,-0.157128,-0.00636891,-1.60314e-07
148,214.23,1000,0.219041,0.416667,0,0.0574677,0.125354,0.00731229,0.0261505,-15.6879,0.0002,0,0.123482,5736.48,1.61385,0.528229,-0.1,0.02,1,340.693,1.81862e+06,1.92948,1.92617,1.90432,0.0073104,-0.0182243,nan,0,0,0,0,0,0,0,0,nan,nan,-0.0036,-0.153976,-0.00510807,-1.30189e-07
149,213.465,1000,0.218073,0.0833333,0,0.0623042,0.134278,0.00818472,0.0352461,-15.6592,0.0002,0,0.123657,5678.51,1.68497,0.478975,-0.1,0.02,1,342.859,1.83091e+06,1.90843,1.90381,1.8849,0.00719814,-0.0186041,nan,0,0,0,0,0,0,0,0,nan,nan,0,-0.141163,-0.00719704,-1.79609e-07
150,212.387,1000,0.216894,0.0416667,0,0.068641,0.142334,0.235305,0.01896,-15.6242,0.0002,0,0.123997,5956.52,1.53491,0.528043,-0.1,0.02,1,344.924,1.8432e+06,1.8819,1.88839,1.86142,0.00818898,-0.0194292,nan,0,0,0,0,0,0,0,0,nan,nan,0,-0.135362,-0.00898802,-2.18487e-07
151,160.158,751.6,0.21555,0.125,0.0833333,0.073976,0.148889,1.11659,0.0161485,-15.5798,0.0002,0,0.124233,5550.1,1.71369,0.500318,-0.1,0.02,1,347.14,1.85549e+06,1.41754,1.41688,1.42572,0.00811046,-0.0142727,nan,0,0,0,0,0,0,0,0,nan,nan,-0.0054,-0.113078,-0.011872,-2.08777e-07
152,115.603,556.7,0.215077,0.0416667,0.375,0.0786884,0.175024,0.866325,0.0316088,-15.5356,0.0002,0,0.124613,6104.6,1.57367,0.439233,-0.1,0.02,1,349.155,1.86778e+06,0.968975,0.987746,1.00931,0.00843442,-0.0116709,nan,0,0,0,0,0,0,0,0,nan,nan,-0.0169,-0.0657327,-0.0203817,-3.57835e-07
153,116.903,565.5,0.216842,0.0416667,0.458333,0.0706242,0.157233,0.568768,0.0311575,-15.4827,0.0002,0,0.124985,5780.09,1.65586,0.470058,-0.1,0.02,1,351.282,1.88006e+06,0.968581,0.990067,1.00933,0.00854688,-0.0121559,nan,0,0,0,0,0,0,0,0,nan,nan,-0.00366667,-0.065065,-0.0229209,-3.81798e-07
154,148.547,715.818,0.218564,0.0416667,0.416667,0.068816,0.160919,0.167064,0.0404935,-15.4331,0.0002,0,0.125337,6060.2,1.66303,0.364629,-0.1,0.02,1,353.312,1.89235e+06,1.24093,1.27149,1.28719,0.00887416,-0.0152211,nan,0,0,0,0,0,0,0,0,nan,nan,-0.00563636,-0.080865,-0.0239142,-4.25098e-07
155,158.26,757.5,0.219565,0.0416667,0.208333,0.0651281,0.148175,0.142858,0.034525,-15.3793,0.0002,0,0.125752,5496.55,1.69225,0.543337,-0.1,0.02,1,355.552,1.90464e+06,1.33644,1.35566,1.37796,0.00881551,-0.0156593,nan,0,0,0,0,0,0,0,0,nan,nan,-0.004,-0.0914221,-0.0201764,-3.68994e-07
156,151.082,735.5,0.220087,0,0.0833333,0.0647878,0.136757,0.0516347,0.0326679,-15.3193,0.0002,0,0.126061,5713.46,1.66343,0.487276,-0.1,0.02,1,357.704,1.91693e+06,1.23743,1.27178,1.29463,0.00967426,-0.016545,nan,0,0,0,0,0,0,0,0,nan,nan,0,-0.0833794,-0.0285948,-5.15898e-07
157,154.266,755,0.220642,0,0.0416667,0.0644185,0.133964,0.0330437,0.0235292,-15.2795,0.0002,0,0.126313,6453.32,1.45147,0.452668,-0.1,0.02,1,359.61,1.92922e+06,1.2485,1.29904,1.31428,0.0101073,-0.0167507,nan,0,0,0,0,0,0,0,0,nan,nan,-0.004,-0.0896769,-0.0213802,-4.34665e-07
158,219.853,1000,0.220822,0.0416667,0,0.0635521,0.128913,0.0136883,0.020838,-15.2407,0.0002,0,0.12648,5709.35,1.6303,0.521958,-0.1,0.02,1,361.764,1.9415e+06,1.97981,1.96809,1.9402,0.00751211,-0.0175579,nan,0,0,0,0,0,0,0,0,nan,nan,0,-0.141658,-0.00149521,-4.42909e-08
159,217.068,1000,0.220982,0.0833333,0,0.0625913,0.127779,0.0112649,0.0256696,-15.2145,0.0002,0,0.126576,6226.4,1.59768,0.375851,-0.1,0.02,1,363.739,1.95379e+06,1.91922,1.92646,1.91382,0.00883422,-0.0186291,nan,0,0,0,0,0,0,0,0,nan,nan,0,-0.118075,-0.00556266,-1.46153e-07
160,217.478,1000,0.22047,0.125,0,0.0657087,0.140463,0.0121906,0.0229531,-15.1929,0.0002,0,0.126694,5679.53,1.62007,0.543496,-0.1,0.02,1,365.904,1.96608e+06,1.92424,1.91753,1.92368,0.00916265,-0.0188222,nan,0,0,0,0,0,0,0,0,nan,nan,0,-0.112502,-0.00571204,-1.33491e-07
161,217.891,1000,0.221019,0.0833333,0,0.0666338,0.142243,0.0142434,0.0383075,-15.1681,0.0002,0,0.126883,5526.35,1.75548,0.468046,-0.1,0.02,1,368.129,1.97837e+06,1.93064,1.92457,1.92374,0.00953006,-0.0189405,nan,0,0,0,0,0,0,0,0,nan,nan,0,-0.103873,-0.00574678,-1.38405e-07
162,216.354,1000,0.221269,0.541667,0,0.0678347,0.147319,0.0136491,0.0269959,-15.1357,0.0002,0,0.127111,5310.89,1.75863,0.555103,-0.1,0.02,1,370.445,1.99066e+06,1.88246,1.88148,1.91232,0.00995951,-0.0195586,nan,0,0,0,0,0,0,0,0,nan,nan,0,-0.106904,-0.00780874,-1.82297e-07
163,217.749,1000,0.221309,0.583333,0,0.0682931,0.149211,0.018107,0.0296272,-15.1025,0.0002,0,0.127344,5347.25,1.79074,0.507259,-0.1,0.02,1,372.745,2.00294e+06,1.9115,1.91,1.92408,0.00973055,-0.0191081,nan,0,0,0,0,0,0,0,0,nan,nan,-0.000285714,-0.115342,-0.0058425,-1.38715e-07
164,214.345,1000,0.221267,0.25,0,0.0680407,0.147844,0.0119688,0.0247918,-15.0664,0.0002,0,0.127557,5668.76,1.69005,0.477619,-0.1,0.02,1,374.915,2.01523e+06,1.82054,1.83524,1.89153,0.0109684,-0.0207166,nan,0,0,0,0,0,0,0,0,nan,nan,-0.000333333,-0.103901,-0.0109301,-2.50819e-07
165,217.569,1000,0.221867,0.458333,0,0.0671881,0.147306,0.011241,0.0207615,-15.032,0.0002,0,0.127749,5190.71,1.86133,0.505976,-0.1,0.02,1,377.285,2.02752e+06,1.89026,1.89213,1.91739,0.0102998,-0.0196278,nan,0,0,0,0,0,0,0,0,nan,nan,-0.00809091,-0.0993138,-0.00715057,-1.73888e-07
166,217.553,1000,0.222852,0.5,0,0.0678632,0.142992,0.0132298,0.0195072,-15.0018,0.0002,0,0.127903,5625.76,1.80558,0.378655,-0.1,0.02,1,379.47,2.03981e+06,1.88474,1.88425,1.91749,0.0105884,-0.0196655,nan,0,0,0,0,0,0,0,0,nan,nan,0,-0.104024,-0.00734252,-1.71958e-07
167,217.439,1000,0.224884,11.9583,0,0.0664363,0.151455,0.0164191,0.0209256,-14.9716,0.0002,0,0.128138,4972.48,1.94433,0.52687,-0.1,0.02,1,381.943,2.0521e+06,1.87399,1.87773,1.91497,0.0108121,-0.0198527,nan,0,0,0,0,0,0,0,0,nan,nan,-0.00061324,-0.09949,-0.00786429,-1.84193e-07
168,nan,nan,0.222872,0,0,0.0839075,0.201383,0.012384,0.0234497,-14.9393,0.0002,0,0.128421,5742.35,1.71204,0.427851,-0.1,0.02,1,384.086,2.06438e+06,nan,nan,nan,nan,nan,nan,nan,nan,nan,nan,nan,nan,nan,nan,nan,nan,nan,nan,nan,nan
169,nan,nan,0.220648,0,0,0.0923568,0.178637,0.0105217,0.0208792,-14.9075,0.0002,0,0.128605,5850.7,1.56493,0.53533,-0.1,0.02,1,386.187,2.07667e+06,nan,nan,nan,nan,nan,nan,nan,nan,nan,nan,nan,nan,nan,nan,nan,nan,nan,nan,nan,nan
170,217.529,1000,0.220295,0.166667,0,0.094812,0.181263,0.0101622,0.0162148,-14.8836,0.0002,0,0.128736,5237,1.74858,0.597803,-0.1,0.02,1,388.536,2.08896e+06,1.85241,1.8607,1.91322,0.0109572,-0.0204687,nan,0,0,0,0,0,0,0,0,nan,nan,0,-0.0939468,-0.00876379,-2.01837e-07
171,218.216,1000,0.220309,0.958333,0,0.0947196,0.190178,0.010636,0.0208523,-14.8617,0.0002,0,0.128785,5456.63,1.72562,0.526316,-0.1,0.02,1,390.791,2.10125e+06,1.86364,1.87093,1.92256,0.0111804,-0.0200902,nan,0,0,0,0,0,0,0,0,nan,nan,0,-0.0937038,-0.00799203,-1.81988e-07
172,219.696,1000,0.22177,0.458333,0,0.0866793,0.171959,0.0100299,0.0162753,-14.839,0.0002,0,0.128924,5415.52,1.76997,0.499066,-0.1,0.02,1,393.062,2.11354e+06,1.89022,1.89578,1.93333,0.010886,-0.0199091,nan,0,0,0,0,0,0,0,0,nan,nan,0,-0.0917124,-0.00665816,-1.53106e-07
173,217.326,1000,0.22287,0.166667,0,0.0836416,0.160801,0.00982584,0.0178042,-14.8144,0.0002,0,0.129026,5670.19,1.70223,0.464896,-0.1,0.02,1,395.23,2.12582e+06,1.83125,1.84408,1.91131,0.0118362,-0.0203264,nan,0,0,0,0,0,0,0,0,nan,nan,0,-0.0919124,-0.00950188,-2.10946e-07
174,216.095,1000,0.22376,0.333333,0,0.0796458,0.159215,0.00931278,0.0218556,-14.788,0.0002,0,0.129238,5364.1,1.75283,0.537951,-0.1,0.02,1,397.523,2.13811e+06,1.79683,1.81814,1.90344,0.0126432,-0.02098,nan,0,0,0,0,0,0,0,0,nan,nan,0,-0.0951285,-0.0108958,-2.46766e-07
175,220.222,1000,0.224567,0.0833333,0,0.0753924,0.152779,0.00845981,0.0261652,-14.7504,0.0002,0,0.12944,5732.9,1.7609,0.382516,-0.1,0.02,1,399.668,2.1504e+06,1.85505,1.87264,1.92812,0.0127718,-0.0201096,nan,0,0,0,0,0,0,0,0,nan,nan,0,-0.080712,-0.00806332,-1.79735e-07
176,217.503,1000,0.225704,0.291667,0,0.0677294,0.139296,0.00717757,0.0239954,-14.7209,0.0002,0,0.129538,5333.95,1.81512,0.488615,-0.1,0.02,1,401.973,2.16269e+06,1.80876,1.82622,1.91382,0.0126666,-0.0213463,nan,0,0,0,0,0,0,0,0,nan,nan,0,-0.0891038,-0.0103453,-2.3289e-07
177,221.136,1000,0.226775,0.208333,0,0.0607435,0.123518,0.00737616,0.0160842,-14.702,0.0002,0,0.129595,5527.92,1.74938,0.473517,-0.1,0.02,1,404.198,2.17498e+06,1.89434,1.89415,1.949,0.012127,-0.0198214,nan,0,0,0,0,0,0,0,0,nan,nan,0,-0.105886,-0.00589505,-1.32535e-07
178,216.053,1000,0.227471,0.166667,0,0.0567302,0.118421,0.00763319,0.0349883,-14.6808,0.0002,0,0.129691,5492.01,1.70128,0.536154,-0.1,0.02,1,406.437,2.18726e+06,1.76828,1.78523,1.90268,0.0145194,-0.0220537,nan,0,0,0,0,0,0,0,0,nan,nan,0,-0.0819249,-0.0128177,-2.80286e-07
179,216.606,1000,0.227515,0.0416667,0,0.0532627,0.119054,0.00697401,0.0135186,-14.6605,0.0002,0,0.129786,5317.83,1.83037,0.480351,-0.1,0.02,1,408.75,2.19955e+06,1.7623,1.77254,1.91574,0.0157852,-0.0219064,nan,0,0,0,0,0,0,0,0,nan,nan,0,-0.0800731,-0.0124978,-2.63647e-07
180,nan,nan,0.22799,0,0,0.0495401,0.109638,0.00678282,0.0285321,-14.6427,0.0002,0,0.12981,5589.5,1.74969,0.448717,-0.1,0.02,1,410.95,2.21184e+06,nan,nan,nan,nan,nan,nan,nan,nan,nan,nan,nan,nan,nan,nan,nan,nan,nan,nan,nan,nan
181,224.329,1000,0.228777,0.0416667,0,0.0424128,0.0963293,0.00615033,0.0237668,-14.6264,0.0002,0,0.129847,5366.32,1.8192,0.470633,-0.1,0.02,1,413.241,2.22413e+06,1.95656,1.93493,1.97907,0.0131244,-0.018625,nan,0,0,0,0,0,0,0,0,nan,nan,0,-0.08245,-0.00229133,-4.65273e-08
182,217.452,1000,0.230263,0.0833333,0,0.0350435,0.0863159,0.00774994,0.0251063,-14.6108,0.0002,0,0.129891,5544.49,1.82592,0.390334,-0.1,0.02,1,415.459,2.23642e+06,1.73969,1.77823,1.90191,0.0151563,-0.0220558,nan,0,0,0,0,0,0,0,0,nan,nan,0,-0.0780409,-0.0135211,-2.94807e-07
183,220.049,1000,0.230808,0.125,0,0.0288101,0.0777304,0.00539675,0.0247258,-14.5898,0.0002,0,0.129954,5393.01,1.82259,0.455916,-0.1,0.02,1,417.74,2.2487e+06,1.82027,1.83784,1.9311,0.015043,-0.021541,nan,0,0,0,0,0,0,0,0,nan,nan,0,-0.0813976,-0.00944518,-2.00087e-07
184,217.694,1000,0.232043,0.125,0,0.0231961,0.065212,0.00538735,0.0244639,-14.5659,0.0002,0,0.130061,5009.12,1.93299,0.520134,-0.1,0.02,1,420.195,2.26099e+06,1.74745,1.78399,1.90858,0.0167842,-0.0216767,nan,0,0,0,0,0,0,0,0,nan,nan,0,-0.0770495,-0.0135719,-2.79412e-07
185,220.505,1000,0.232606,0.0833333,0,0.0174096,0.0574799,0.00601873,0.0131677,-14.5427,0.0002,0,0.130166,5838.07,1.6675,0.437307,-0.1,0.02,1,422.301,2.27328e+06,1.81622,1.82906,1.92052,0.0158996,-0.0213155,nan,0,0,0,0,0,0,0,0,nan,nan,0,-0.0704513,-0.0097849,-2.10868e-07
186,220.548,1000,0.234152,0.25,0,0.0131096,0.0485388,0.00522157,0.0351363,-14.5225,0.0002,0,0.130321,5150.4,1.91926,0.466575,-0.1,0.02,1,424.689,2.28557e+06,1.81363,1.82568,1.93007,0.0152985,-0.0208532,nan,0,0,0,0,0,0,0,0,nan,nan,0,-0.0795808,-0.00959831,-2.04502e-07
187,218.975,1000,0.234507,0.333333,0,0.0100215,0.0446563,0.0057918,0.0246937,-14.4955,0.0002,0,0.13046,5268.9,1.93263,0.399546,-0.1,0.02,1,427.023,2.29786e+06,1.76735,1.79912,1.91301,0.0162412,-0.0218714,nan,0,0,0,0,0,0,0,0,nan,nan,0,-0.0731758,-0.0122226,-2.60672e-07
188,222.237,1000,0.234815,0.125,0,0.00764368,0.0387302,0.00648786,0.0232998,-14.475,0.0002,0,0.130493,5096.03,1.94262,0.468675,-0.1,0.02,1,429.435,2.31014e+06,1.81023,1.83823,1.93416,0.0175988,-0.0219538,nan,0,0,0,0,0,0,0,0,nan,nan,0,-0.0653316,-0.00984754,-2.08563e-07
189,223.072,1000,0.235228,0.291667,0,0.00630975,0.0367387,0.00504755,0.0207338,-14.461,0.0002,0,0.13045,5111.66,1.96981,0.434108,-0.1,0.02,1,431.841,2.32243e+06,1.84562,1.85865,1.94414,0.0160214,-0.0210123,nan,0,0,0,0,0,0,0,0,nan,nan,0,-0.0736087,-0.00794982,-1.67951e-07
190,222.917,1000,0.2361,0.291667,0,0.00615862,0.0370447,0.00952699,0.0257973,-14.4492,0.0002,0,0.130451,5562.26,1.74566,0.463511,-0.1,0.02,1,434.052,2.33472e+06,1.8392,1.85604,1.93888,0.0155579,-0.021468,nan,0,0,0,0,0,0,0,0,nan,nan,0,-0.067805,-0.00862107,-1.83882e-07
191,224.366,1000,0.236162,0.0833333,0,0.00548909,0.0350854,0.0047693,0.0291927,-14.4312,0.0002,0,0.13051,4871.28,1.98952,0.533019,-0.1,0.02,1,436.576,2.34701e+06,1.85161,1.87772,1.94569,0.0151591,-0.0210621,nan,0,0,0,0,0,0,0,0,nan,nan,0,-0.0711634,-0.00775109,-1.60517e-07
192,222.922,1000,0.236921,0.166667,0,0.00500946,0.0337766,0.00834168,0.0226341,-14.4095,0.0002,0,0.130576,5214,1.87268,0.484054,-0.1,0.02,1,438.935,2.3593e+06,1.82139,1.84185,1.93267,0.0161232,-0.0213789,nan,0,0,0,0,0,0,0,0,nan,nan,0,-0.0589788,-0.00971789,-1.99847e-07
193,224.474,1000,0.236657,0.25,0,0.00509442,0.0346147,0.00429514,0.0165418,-14.3938,0.0002,0,0.130605,4915.62,2.01989,0.479896,-0.1,0.02,1,441.437,2.37158e+06,1.84606,1.85509,1.94151,0.0148674,-0.0211172,nan,0,0,0,0,0,0,0,0,nan,nan,0,-0.0627552,-0.00790585,-1.69048e-07
194,224.667,1000,0.236973,0.416667,0,0.00566097,0.0364993,0.00439489,0.0155245,-14.3766,0.0002,0,0.130671,5074.38,1.97996,0.441614,-0.1,0.02,1,443.86,2.38387e+06,1.84902,1.85773,1.94232,0.0149887,-0.0209962,nan,0,0,0,0,0,0,0,0,nan,nan,0,-0.0604429,-0.00798743,-1.67061e-07
195,224.574,1000,0.237147,0.458333,0,0.00606525,0.0373843,0.00619917,0.0235303,-14.3505,0.0002,0,0.130787,4979.64,1.96966,0.497989,-0.1,0.02,1,446.33,2.39616e+06,1.84194,1.85526,1.94494,0.0159441,-0.0210673,nan,0,0,0,0,0,0,0,0,nan,nan,0,-0.0624915,-0.00836281,-1.68173e-07
196,225.36,1000,0.238396,0.416667,0,0.00626703,0.0392873,0.00602535,0.0128035,-14.3251,0.0002,0,0.13085,5312.75,1.90323,0.409696,-0.1,0.02,1,448.645,2.40845e+06,1.85013,1.86243,1.94475,0.0159132,-0.020876,nan,0,0,0,0,0,0,0,0,nan,nan,0,-0.0638335,-0.00802808,-1.63347e-07
197,224.961,1000,0.238964,0.166667,0,0.00619543,0.0377384,0.00355686,0.0378334,-14.3044,0.0002,0,0.130873,4863.69,1.98736,0.539116,-0.1,0.02,1,451.173,2.42074e+06,1.83602,1.86445,1.94241,0.0160244,-0.0208179,nan,0,0,0,0,0,0,0,0,nan,nan,0,-0.0631344,-0.00873999,-1.74049e-07
198,226.805,1000,0.239866,0.0833333,0,0.00588763,0.0358932,0.00718888,0.0278076,-14.2865,0.0002,0,0.130927,5112.06,2.01927,0.384453,-0.1,0.02,1,453.579,2.43302e+06,1.87095,1.87544,1.95419,0.0154789,-0.0210443,nan,0,0,0,0,0,0,0,0,nan,nan,0,-0.0582653,-0.00643785,-1.29651e-07
199,224.934,1000,0.240333,0.0833333,0,0.00540608,0.034771,0.00550404,0.00987995,-14.2642,0.0002,0,0.130987,4939.58,1.97858,0.509083,-0.1,0.02,1,456.069,2.44531e+06,1.82083,1.84165,1.94562,0.0156697,-0.0215448,nan,0,0,0,0,0,0,0,0,nan,nan,0,-0.0601977,-0.00936834,-1.75088e-07
200,nan,nan,0.241291,0,0,0.00526192,0.0345024,0.00518133,0.0145028,-14.2392,0.0002,0,0.131061,5094.01,1.9972,0.415044,-0.1,0.02,1,458.483,2.4576e+06,nan,nan,nan,nan,nan,nan,nan,nan,nan,nan,nan,nan,nan,nan,nan,nan,nan,nan,nan,nan
201,226.544,1000,0.242525,0.0833333,0,0.00514992,0.0339804,0.00756327,0.0268426,-14.2172,0.0002,0,0.131056,5219.6,1.91539,0.438817,-0.1,0.02,1,464.424,2.46989e+06,1.84139,1.84882,1.94461,0.0172057,-0.0210836,nan,0,0,0,0,0,0,0,0,nan,nan,0,-0.0582193,-0.00873203,-1.59005e-07
202,228.848,1000,0.243418,0.166667,0,0.00543005,0.034237,0.00797421,0.0565402,-14.2042,0.0002,0,0.131021,4811.49,2.05516,0.498724,-0.1,0.02,1,466.979,2.48218e+06,1.87291,1.87941,1.95195,0.0160688,-0.0209612,nan,0,0,0,0,0,0,0,0,nan,nan,0,-0.05641,-0.00709813,-1.31613e-07
203,230.565,1000,0.244017,0.458333,0,0.00574133,0.0348561,0.00887357,0.0183677,-14.1916,0.0002,0,0.131086,5047.43,1.97893,0.455574,-0.1,0.02,1,469.416,2.49446e+06,1.92071,1.9232,1.97013,0.0155,-0.0197303,nan,0,0,0,0,0,0,0,0,nan,nan,-0.00109091,-0.0666142,-0.00430271,-8.22488e-08
204,230.305,1000,0.243875,0.333333,0,0.00627249,0.0377995,0.00527619,0.0366497,-14.1724,0.0002,0,0.131158,5128.58,1.93081,0.46517,-0.1,0.02,1,471.814,2.50675e+06,1.8975,1.90265,1.96271,0.0156901,-0.0203419,nan,0,0,0,0,0,0,0,0,nan,nan,0,-0.0612783,-0.0054896,-1.04231e-07
205,231.319,1000,0.244574,0.458333,0,0.00639198,0.0377195,0.0041537,0.0194881,-14.1478,0.0002,0,0.131291,5514.72,1.82013,0.408087,-0.1,0.02,1,474.043,2.51904e+06,1.91856,1.91816,1.96834,0.015676,-0.0199632,nan,0,0,0,0,0,0,0,0,nan,nan,0,-0.0653996,-0.00457792,-8.48958e-08
206,230.518,1000,0.24592,0.291667,0,0.00629376,0.03729,0.00568791,0.0101604,-14.1204,0.0002,0,0.131387,5093.4,1.91461,0.497919,-0.1,0.02,1,476.458,2.53133e+06,1.8861,1.89323,1.96062,0.016266,-0.0206616,nan,0,0,0,0,0,0,0,0,nan,nan,-0.00228571,-0.0623013,-0.0064801,-1.16388e-07
207,232.7,1000,0.247592,0.5,0,0.0060695,0.0370859,0.00695478,0.0193025,-14.0983,0.0002,0,0.131464,5265.54,1.89302,0.440645,-0.1,0.02,1,478.793,2.54362e+06,1.92653,1.93233,1.97113,0.0157095,-0.0200707,nan,0,0,0,0,0,0,0,0,nan,nan,-0.000333333,-0.0620792,-0.00420187,-7.90205e-08
208,233.652,1000,0.249281,0.583333,0,0.00618708,0.0381994,0.00942426,0.0194082,-14.076,0.0002,0,0.131579,5062.81,1.90776,0.519347,-0.1,0.02,1,481.221,2.5559e+06,1.93675,1.93727,1.97331,0.0152838,-0.019667,nan,0,0,0,0,0,0,0,0,nan,nan,0,-0.0657273,-0.00375461,-7.03133e-08
209,233.9,1000,0.24656,11.7083,0,0.0182538,0.0747365,0.0074737,0.0158501,-14.0485,0.0002,0,0.13173,5280.79,1.90106,0.425868,-0.1,0.02,1,483.55,2.56819e+06,1.93796,1.93718,1.97321,0.0154602,-0.0197588,nan,0,0,0,0,0,0,0,0,nan,nan,-0.00285053,-0.0635466,-0.00368963,-6.82594e-08
210,nan,nan,0.248885,0,0,0.0214136,0.0862467,0.0105451,0.00393917,-14.0236,0.0002,0,0.131796,5442.91,1.75422,0.503392,-0.1,0.02,1,485.809,2.58048e+06,nan,nan,nan,nan,nan,nan,nan,nan,nan,nan,nan,nan,nan,nan,nan,nan,nan,nan,nan,nan
211,237.072,1000,0.253513,0.0416667,0,0.00728432,0.0412602,0.00983275,0.0115775,-14.0026,0.0002,0,0.131893,5594.83,1.8045,0.391814,-0.1,0.02,1,488.007,2.59277e+06,1.99569,1.98529,1.99172,0.0148921,-0.0190072,nan,0,0,0,0,0,0,0,0,nan,nan,0,-0.0785601,-0.000408172,-6.65101e-09
212,238.388,1000,0.256081,0.416667,0,0.00600923,0.0376937,0.0126914,0.0202828,-13.981,0.0002,0,0.13195,5411.22,1.76638,0.504452,-0.1,0.02,1,490.28,2.60506e+06,1.98724,1.97666,1.98917,0.0157803,-0.0188865,nan,0,0,0,0,0,0,0,0,nan,nan,0,-0.067208,-0.000882904,-1.57269e-08
213,238.33,1000,0.259125,0.958333,0,0.0069737,0.0420154,0.0155408,-0.00112283,-13.9645,0.0002,0,0.131914,5469.81,1.83308,0.413429,-0.1,0.02,1,492.528,2.61734e+06,1.98107,1.97194,1.98701,0.0156544,-0.0190423,nan,0,0,0,0,0,0,0,0,nan,nan,0,-0.0693011,-0.0012772,-2.32486e-08
214,239.904,1000,0.263681,0.208333,0,0.00738215,0.0427033,0.0226768,0.00380112,-13.9495,0.0002,0,0.131997,5093.9,1.92285,0.48945,-0.1,0.02,1,494.942,2.62963e+06,1.99773,1.98646,1.99244,0.016967,-0.0188493,nan,0,0,0,0,0,0,0,0,nan,nan,0,-0.0688579,-0.000238415,-3.50957e-09
215,240.437,1000,0.269459,0.208333,0,0.00683637,0.0389808,0.0331875,0.0131731,-13.9252,0.0002,0,0.132134,5447.24,1.81887,0.436953,-0.1,0.02,1,497.199,2.64192e+06,1.98558,1.97374,1.98771,0.0155081,-0.0190165,nan,0,0,0,0,0,0,0,0,nan,nan,0,-0.0689366,-0.00107997,-1.92952e-08
216,240.478,1000,0.275486,0.25,0,0.00659193,0.0393817,0.0461268,-0.0023123,-13.9027,0.0002,0,0.132258,5748.71,1.6607,0.476824,-0.1,0.02,1,499.338,2.65421e+06,1.97902,1.97074,1.98633,0.0158196,-0.0191711,nan,0,0,0,0,0,0,0,0,nan,nan,-0.000166667,-0.0642661,-0.00144265,-2.46948e-08
217,243.701,1000,0.279971,0.208333,0,0.00646866,0.0394118,0.0538532,0.00553378,-13.8829,0.0002,0,0.132355,5368.38,1.83844,0.450518,-0.1,0.02,1,501.629,2.6665e+06,1.99677,1.98516,1.9919,0.0155537,-0.0190054,nan,0,0,0,0,0,0,0,0,nan,nan,0,-0.0694132,-0.000310861,-5.02976e-09
218,243.441,1000,0.285631,0.208333,0,0.00672928,0.0391318,0.0513996,0.0051478,-13.8643,0.0002,0,0.132408,5862.32,1.65033,0.445768,-0.1,0.02,1,503.727,2.67878e+06,1.9844,1.97232,1.98814,0.015692,-0.0193205,nan,0,0,0,0,0,0,0,0,nan,nan,0,-0.0654928,-0.00116921,-1.86245e-08
219,245.66,1000,0.292408,0.208333,0,0.00685504,0.0399785,0.0622488,0.012883,-13.8474,0.0002,0,0.132461,5384.37,1.78042,0.501744,-0.1,0.02,1,506.013,2.69107e+06,1.9926,1.98116,1.99016,0.0158123,-0.0185938,nan,0,0,0,0,0,0,0,0,nan,nan,0,-0.0757989,-0.000680337,-1.13037e-08
220,246.892,1000,0.295229,0.125,0,0.00693656,0.0398541,0.0543581,0.00497084,-13.8294,0.0002,0,0.132474,5496.45,1.76705,0.468576,-0.1,0.02,1,508.25,2.70336e+06,1.98663,1.97479,1.98962,0.0167855,-0.018855,nan,0,0,0,0,0,0,0,0,nan,nan,0,-0.070859,-0.000922605,-1.52388e-08
221,249.727,1000,0.298015,0.0416667,0,0.00657788,0.0371206,0.0568485,0.00512402,-13.815,0.0002,0,0.132431,5419.62,1.7535,0.51382,-0.1,0.02,1,510.519,2.71565e+06,1.99795,1.9878,1.99215,0.0172417,-0.0191028,nan,0,0,0,0,0,0,0,0,nan,nan,0,-0.0585213,-0.000246605,-3.09293e-09
222,nan,nan,0.304604,0,0,0.00630153,0.0367034,0.0718112,0.00275927,-13.8018,0.0002,0,0.132474,5706.94,1.73841,0.414755,-0.1,0.02,1,512.674,2.72794e+06,nan,nan,nan,nan,nan,nan,nan,nan,nan,nan,nan,nan,nan,nan,nan,nan,nan,nan,nan,nan
223,253.453,1000,0.307725,0.125,0,0.0067313,0.0379775,0.0693527,0.0187089,-13.779,0.0002,0,0.132536,5628.69,1.72139,0.46171,-0.1,0.02,1,514.859,2.74022e+06,1.99708,1.98382,1.9907,0.0171554,-0.0188095,nan,0,0,0,0,0,0,0,0,nan,nan,-0.001,-0.0641991,-0.000322293,-4.98052e-09
224,254.35,1000,0.311964,0.0833333,0,0.00696391,0.0368715,0.0684557,0.010194,-13.7605,0.0002,0,0.132529,5755.83,1.75847,0.376411,-0.1,0.02,1,516.995,2.75251e+06,1.99761,1.98625,1.99106,0.0175833,-0.0188525,nan,0,0,0,0,0,0,0,0,nan,nan,0,-0.0760284,-0.000285106,-3.92482e-09
225,255.671,1000,0.314672,0.0416667,0,0.00695883,0.0376897,0.0664615,0.0125657,-13.7513,0.0002,0,0.132497,5665.34,1.69822,0.470763,-0.1,0.02,1,519.166,2.7648e+06,1.99783,1.98583,1.99064,0.0168623,-0.0185492,nan,0,0,0,0,0,0,0,0,nan,nan,0,-0.0774114,-0.000235422,-3.37016e-09
226,257.768,1000,0.317439,0.208333,0,0.00703694,0.0378155,0.0681755,0.0277313,-13.7378,0.0002,0,0.132484,5374.69,1.80387,0.482397,-0.1,0.02,1,521.454,2.77709e+06,1.99733,1.98551,1.99041,0.0186335,-0.01853,nan,0,0,0,0,0,0,0,0,nan,nan,0,-0.071016,-0.000284993,-4.27181e-09
227,261.015,1000,0.320615,0.0416667,0,0.00742437,0.0385135,0.0687941,0.0102759,-13.724,0.0002,0,0.132474,5284.07,1.83398,0.491502,-0.1,0.02,1,523.781,2.78938e+06,1.99661,1.98363,1.98962,0.0186816,-0.0183267,nan,0,0,0,0,0,0,0,0,nan,nan,0,-0.0727634,-0.000400239,-5.94265e-09
228,262.643,1000,0.32366,0.375,0,0.00753375,0.0389606,0.0670026,0.00663642,-13.7087,0.0002,0,0.132436,5451.51,1.81567,0.438388,-0.1,0.02,1,526.037,2.80166e+06,1.99691,1.98347,1.9899,0.0180737,-0.0186396,nan,0,0,0,0,0,0,0,0,nan,nan,0,-0.0691823,-0.000343632,-5.26151e-09
229,263.954,1000,0.326204,0.166667,0,0.00828858,0.0412073,0.06181,0.0174684,-13.6947,0.0002,0,0.132369,5603.68,1.71799,0.47486,-0.1,0.02,1,528.231,2.81395e+06,1.99795,1.98644,1.98874,0.0185041,-0.0185435,nan,0,0,0,0,0,0,0,0,nan,nan,0,-0.0732637,-0.000252823,-3.52016e-09
230,266.127,1000,0.328194,0.125,0,0.0076181,0.0407604,0.0551259,0.014514,-13.6856,0.0002,0,0.13224,5375.74,1.81897,0.466854,-0.1,0.02,1,530.522,2.82624e+06,1.99584,1.98356,1.98837,0.0180817,-0.0190104,nan,0,0,0,0,0,0,0,0,nan,nan,0,-0.0733311,-0.000430635,-6.72108e-09
231,268.598,1000,0.328573,0.458333,0,0.00770031,0.0399564,0.0536817,0.0154162,-13.6797,0.0002,0,0.132147,5914.32,1.63208,0.445584,-0.1,0.02,1,532.601,2.83853e+06,1.99756,1.98529,1.98827,0.0189455,-0.0187164,nan,0,0,0,0,0,0,0,0,nan,nan,0,-0.0705146,-0.000258936,-3.9699e-09
232,269.414,1000,0.329668,0.125,0,0.00757054,0.0409027,0.0494086,0.0110136,-13.6707,0.0002,0,0.13206,5432.38,1.69067,0.571327,-0.1,0.02,1,534.864,2.85082e+06,1.99751,1.98462,1.98974,0.0195804,-0.0187237,nan,0,0,0,0,0,0,0,0,nan,nan,0,-0.07086,-0.000272906,-4.14772e-09
233,271.791,1000,0.332346,0.125,0,0.00746941,0.0403825,0.045617,0.0215142,-13.6523,0.0002,0,0.132091,5864.94,1.60991,0.485255,-0.1,0.02,1,536.962,2.8631e+06,1.99744,1.98536,1.98789,0.0214528,-0.0182567,nan,0,0,0,0,0,0,0,0,nan,nan,-0.00133333,-0.0758921,-0.000268722,-4.00473e-09
234,275.578,1000,0.332322,0.166667,0,0.00702858,0.0392697,0.0405508,0.0158005,-13.6291,0.0002,0,0.132097,5369.22,1.77165,0.516953,-0.1,0.02,1,539.253,2.87539e+06,1.99742,1.98457,1.9859,0.0201027,-0.0188927,nan,0,0,0,0,0,0,0,0,nan,nan,-0.001,-0.0722676,-0.000294123,-4.5101e-09
235,278.46,1000,0.332392,0.333333,0,0.00711299,0.0401529,0.0398476,0.00382288,-13.6144,0.0002,0,0.132025,5520.15,1.72346,0.502571,-0.1,0.02,1,541.48,2.88768e+06,1.99727,1.98416,1.98546,0.0218297,-0.0184703,nan,0,0,0,0,0,0,0,0,nan,nan,-0.001,-0.0743927,-0.000289638,-4.37412e-09
236,280.418,1000,0.332419,0.5,0,0.00743303,0.0402746,0.0412988,0.00652065,-13.6057,0.0002,0,0.131989,5666.22,1.72895,0.439696,-0.1,0.02,1,543.651,2.89997e+06,1.99674,1.9835,1.98572,0.0203839,-0.0187277,nan,0,0,0,0,0,0,0,0,nan,nan,-0.00133333,-0.073479,-0.000376966,-5.60709e-09
237,283.263,1000,0.333983,0.416667,0,0.00744175,0.039784,0.0388859,0.0138375,-13.5914,0.0002,0,0.131914,5519.3,1.72269,0.50368,-0.1,0.02,1,545.881,2.91226e+06,1.99609,1.98311,1.98464,0.0201339,-0.0187257,nan,0,0,0,0,0,0,0,0,nan,nan,-0.0016,-0.0655342,-0.000391297,-6.4251e-09
238,283.511,1000,0.335367,0.291667,0,0.00763736,0.0416993,0.0359042,0.0139613,-13.5809,0.0002,0,0.131808,5590.43,1.74234,0.4557,-0.1,0.02,1,548.081,2.92454e+06,1.99075,1.97872,1.98174,0.0201662,-0.0187645,nan,0,0,0,0,0,0,0,0,nan,nan,-0.00257143,-0.066271,-0.000828656,-1.38135e-08
239,286.653,1000,0.336553,0.208333,0,0.00730356,0.0401967,0.0282436,0.00388569,-13.5727,0.0002,0,0.131681,5643.38,1.6743,0.503116,-0.1,0.02,1,550.259,2.93683e+06,1.99729,1.98486,1.98356,0.021841,-0.018424,nan,0,0,0,0,0,0,0,0,nan,nan,0,-0.0656095,-0.000327677,-4.89975e-09
240,293.288,1000,0.337333,0.0416667,0,0.00673281,0.0392139,0.0309168,0.00303515,-13.5675,0.0002,0,0.131532,5638.23,1.74026,0.439148,-0.1,0.02,1,552.44,2.94912e+06,1.99782,1.98829,1.98212,0.0235273,-0.0189097,nan,0,0,0,0,0,0,0,0,nan,nan,0,-0.0630578,-0.000317544,-3.74124e-09
241,291.535,1000,0.338486,0.0416667,0,0.00665578,0.038713,0.0268849,0.00476346,-13.557,0.0002,0,0.131423,6147.15,1.59928,0.399694,-0.1,0.02,1,554.441,2.96141e+06,1.99752,1.98388,1.98168,0.0195309,-0.0185501,nan,0,0,0,0,0,0,0,0,nan,nan,0,-0.0555154,-0.00035166,-4.84437e-09
242,292.766,1000,0.338682,0.0416667,0,0.00651628,0.0366668,0.0278355,0.00551662,-13.5363,0.0002,0,0.131352,5387.03,1.81375,0.467291,-0.1,0.02,1,556.724,2.9737e+06,1.99426,1.97948,1.97833,0.0199686,-0.0195673,nan,0,0,0,0,0,0,0,0,nan,nan,0,-0.0563023,-0.000587105,-1.06226e-08
243,298.292,1000,0.339547,0.0833333,0,0.00651269,0.0365722,0.0204171,0.00915932,-13.522,0.0002,0,0.131239,6041.72,1.69427,0.339585,-0.1,0.02,1,558.759,2.98598e+06,1.99667,1.98273,1.98117,0.0244141,-0.0183531,nan,0,0,0,0,0,0,0,0,nan,nan,0,-0.0735419,-0.000339185,-5.81136e-09
244,297.443,1000,0.339415,0.125,0,0.00660582,0.0376761,0.020931,0.00599249,-13.5152,0.0002,0,0.131094,5621.29,1.70479,0.481185,-0.1,0.02,1,560.946,2.99827e+06,1.9973,1.98522,1.97999,0.0244482,-0.018765,nan,0,0,0,0,0,0,0,0,nan,nan,0,-0.0758284,-0.00033177,-4.99037e-09
245,301.032,1000,0.33954,0.5,0,0.00682378,0.0385378,0.0192785,0.00548597,-13.5137,0.0002,0,0.130969,5445.8,1.77161,0.484812,-0.1,0.02,1,563.207,3.01056e+06,1.99698,1.98391,1.97889,0.0259958,-0.0186186,nan,0,0,0,0,0,0,0,0,nan,nan,0,-0.0708084,-0.000362087,-5.5294e-09
246,301.847,1000,0.33972,0.5,0,0.00716472,0.040243,0.0173809,0.00124949,-13.5089,0.0002,0,0.130844,5525.35,1.7019,0.522032,-0.1,0.02,1,565.433,3.02285e+06,1.99747,1.98352,1.97724,0.0235998,-0.0186521,nan,0,0,0,0,0,0,0,0,nan,nan,0,-0.0680026,-0.000323032,-4.80325e-09
247,305.578,1000,0.340248,0.333333,0,0.00722351,0.0400662,0.0145987,0.00486269,-13.5009,0.0002,0,0.130736,5748.29,1.75669,0.380989,-0.1,0.02,1,567.572,3.03514e+06,1.99748,1.98532,1.97679,0.0237442,-0.018432,nan,0,0,0,0,0,0,0,0,nan,nan,0,-0.0669818,-0.000309014,-4.7111e-09
248,307.721,1000,0.341671,0.291667,0,0.00698304,0.0395536,0.0152598,0.00963617,-13.4927,0.0002,0,0.130641,5604.45,1.71268,0.479862,-0.1,0.02,1,569.766,3.04742e+06,1.99745,1.98531,1.97581,0.0239428,-0.0186148,nan,0,0,0,0,0,0,0,0,nan,nan,-0.00771429,-0.0657461,-0.000296329,-4.51642e-09
249,309.744,1000,0.342384,0.5,0,0.00718216,0.0404642,0.0194258,0.00953382,-13.4822,0.0002,0,0.130525,5534.53,1.77424,0.446007,-0.1,0.02,1,571.988,3.05971e+06,1.99758,1.98482,1.97583,0.0274132,-0.0185297,nan,0,0,0,0,0,0,0,0,nan,nan,0,-0.0722582,-0.000291171,-4.34452e-09
250,312.909,1000,0.342154,12.2083,0,0.007345,0.0405468,0.0122339,0.00377734,-13.4763,0.0002,0,0.130381,5557.73,1.77468,0.436295,-0.1,0.02,1,574.201,3.072e+06,1.99741,1.98464,1.97369,0.0264165,-0.0185164,nan,0,0,0,0,0,0,0,0,nan,nan,-0.00182935,-0.0663125,-0.000306276,-4.67895e-09
251,nan,nan,0.314274,0,0,0.0189262,0.0893668,0.0250741,0.00270383,-13.467,0.0002,0,0.130398,5716.59,1.68642,0.463109,-0.1,0.02,1,576.355,3.08429e+06,nan,nan,nan,nan,nan,nan,nan,nan,nan,nan,nan,nan,nan,nan,nan,nan,nan,nan,nan,nan
252,nan,nan,0.341939,0,0,0.0111994,0.053839,0.0187242,0.0109636,-13.4442,0.0002,0,0.130436,6074.86,1.59139,0.431376,-0.1,0.02,1,578.379,3.09658e+06,nan,nan,nan,nan,nan,nan,nan,nan,nan,nan,nan,nan,nan,nan,nan,nan,nan,nan,nan,nan
253,317.232,1000,0.344702,0.0833333,0,0.00692864,0.0404744,0.0100565,0.00679322,-13.4253,0.0002,0,0.130375,5529.38,1.71522,0.507088,-0.1,0.02,1,580.603,3.10886e+06,1.99782,1.98453,1.97317,0.0286385,-0.0184803,nan,0,0,0,0,0,0,0,0,nan,nan,0,-0.068511,-0.000251812,-4.14761e-09
254,319.62,1000,0.344129,0.791667,0,0.00718438,0.0415109,0.00827925,0.00489885,-13.4164,0.0002,0,0.130275,5788.19,1.73353,0.389413,-0.1,0.02,1,582.728,3.12115e+06,1.99672,1.98334,1.9717,0.0292053,-0.0183334,nan,0,0,0,0,0,0,0,0,nan,nan,-0.0195263,-0.0682761,-0.000352329,-5.72951e-09
255,322.226,1000,0.34332,0.666667,0,0.00717309,0.0436035,0.00869357,-0.00395722,-13.4095,0.0002,0,0.130121,5775.13,1.70467,0.423077,-0.1,0.02,1,584.86,3.13344e+06,1.99702,1.98393,1.97113,0.0288926,-0.0182299,nan,0,0,0,0,0,0,0,0,nan,nan,0,-0.0684042,-0.000347504,-5.58976e-09
256,324.142,1000,0.34459,0.125,0,0.00653963,0.0400048,0.0110589,0.00467327,-13.4063,0.0002,0,0.129929,5302.09,1.80791,0.509663,-0.1,0.02,1,587.179,3.14573e+06,1.99698,1.98335,1.97168,0.0300389,-0.0184897,nan,0,0,0,0,0,0,0,0,nan,nan,0,-0.0736691,-0.000347761,-5.31802e-09
257,324.081,1000,0.345197,0.333333,0,0.00628765,0.0379647,0.00644796,0.00145849,-13.4092,0.0002,0,0.129717,4910.36,1.88137,0.621097,-0.1,0.02,1,589.683,3.15802e+06,1.99566,1.98203,1.96885,0.0276584,-0.0186397,nan,0,0,0,0,0,0,0,0,nan,nan,-0.03175,-0.0713577,-0.000441409,-7.87585e-09
258,328.298,1000,0.345756,0.166667,0,0.00623635,0.0383632,0.00674486,0.00062821,-13.4088,0.0002,0,0.129553,5009.04,1.98953,0.463633,-0.1,0.02,1,592.139,3.1703e+06,1.99708,1.98228,1.96998,0.0305226,-0.0185554,nan,0,0,0,0,0,0,0,0,nan,nan,0,-0.0703156,-0.000331332,-5.5087e-09
259,329.146,1000,0.346477,0.125,0,0.00595891,0.0367562,0.00787521,0.00203927,-13.4048,0.0002,0,0.129363,5271.88,1.83671,0.494146,-0.1,0.02,1,594.471,3.18259e+06,1.99728,1.98462,1.96939,0.0331753,-0.0184352,nan,0,0,0,0,0,0,0,0,nan,nan,0,-0.0704912,-0.000280352,-4.46124e-09
260,329.285,1000,0.345993,0.25,0,0.00592444,0.0369933,0.00604974,0.00771802,-13.4055,0.0002,0,0.129202,4440.31,2.23159,0.535784,-0.1,0.02,1,597.24,3.19488e+06,1.99614,1.98222,1.96793,0.0284902,-0.0186695,nan,0,0,0,0,0,0,0,0,nan,nan,0,-0.0730487,-0.000427767,-7.17932e-09
261,332.093,1000,0.346832,0.25,0,0.00600962,0.0377676,0.00612387,0.0166849,-13.3993,0.0002,0,0.12909,5444.37,1.7931,0.463914,-0.1,0.02,1,599.499,3.20717e+06,1.99732,1.98471,1.96862,0.0340333,-0.0184361,nan,0,0,0,0,0,0,0,0,nan,nan,0,-0.0742226,-0.000300607,-4.66782e-09
262,333.006,1000,0.347187,0.0416667,0,0.00592588,0.0378437,0.00569441,0.00865579,-13.3959,0.0002,0,0.128928,5167.59,1.87672,0.501175,-0.1,0.02,1,601.879,3.21946e+06,1.99792,1.98566,1.96879,0.0348934,-0.0186318,nan,0,0,0,0,0,0,0,0,nan,nan,0,-0.0741973,-0.00022884,-3.58153e-09
263,334.178,1000,0.34711,0.0416667,0,0.00570738,0.0379154,0.00448828,0.0104067,-13.396,0.0002,0,0.128789,5719.54,1.7118,0.436626,-0.1,0.02,1,604.03,3.23174e+06,1.99734,1.98284,1.96718,0.0356519,-0.0183334,nan,0,0,0,0,0,0,0,0,nan,nan,0,-0.0815771,-0.000272998,-4.54586e-09
264,334.205,1000,0.347522,0.0416667,0,0.00566329,0.0362985,0.00432866,0.00887649,-13.3836,0.0002,0,0.128717,5017.02,1.98328,0.465982,-0.1,0.02,1,606.481,3.24403e+06,1.99485,1.9786,1.96729,0.0253202,-0.017644,nan,0,0,0,0,0,0,0,0,nan,nan,0,-0.0912525,-0.000459933,-9.35069e-09
265,336.126,1000,0.347735,0.0833333,0,0.00573134,0.0381641,0.00599879,0.0164507,-13.3656,0.0002,0,0.128678,5639.53,1.75349,0.425413,-0.1,0.02,1,608.662,3.25632e+06,1.99579,1.98431,1.96546,0.0343221,-0.0182753,nan,0,0,0,0,0,0,0,0,nan,nan,0,-0.0726622,-0.000435537,-7.48699e-09
266,339.302,1000,0.348034,0.0833333,0,0.00570621,0.038083,0.00420408,0.00900208,-13.3553,0.0002,0,0.128563,4916.92,1.91318,0.585943,-0.1,0.02,1,611.163,3.26861e+06,1.99769,1.98362,1.96738,0.0330276,-0.0183815,nan,0,0,0,0,0,0,0,0,nan,nan,0,-0.0826866,-0.000284293,-4.45772e-09
267,335.975,1000,0.348705,0.0416667,0,0.00576139,0.0375215,0.00584348,0.00164391,-13.3504,0.0002,0,0.128367,5096.92,1.97633,0.434536,-0.1,0.02,1,613.575,3.2809e+06,1.99754,1.98269,1.96922,0.0452201,-0.017574,nan,0,0,0,0,0,0,0,0,nan,nan,0,-0.0838259,-0.000308859,-4.65165e-09
268,338.7,1000,0.348189,0.208333,0,0.00594113,0.0386942,0.00461242,0.00712929,-13.3548,0.0002,0,0.128117,4505.74,2.08488,0.642306,-0.1,0.02,1,616.304,3.29318e+06,1.99606,1.98254,1.96672,0.0321582,-0.0183225,nan,0,0,0,0,0,0,0,0,nan,nan,-0.027,-0.0839744,-0.000392029,-6.56018e-09
269,339.243,1000,0.348491,0.25,0,0.00575258,0.0381252,0.00646211,0.00310617,-13.3604,0.0002,0,0.127966,5322.39,1.91615,0.392593,-0.1,0.02,1,618.615,3.30547e+06,1.99678,1.98319,1.96803,0.0367923,-0.0183939,nan,0,0,0,0,0,0,0,0,nan,nan,0,-0.0951869,-0.000325717,-5.45666e-09
270,339.418,1000,0.348252,0.25,0,0.00603779,0.0390219,0.00286317,0.0104544,-13.3541,0.0002,0,0.127839,5700.22,1.68752,0.468188,-0.1,0.02,1,620.772,3.31776e+06,1.99642,1.98145,1.96665,0.0328746,-0.01844,nan,0,0,0,0,0,0,0,0,nan,nan,-0.00133333,-0.093583,-0.000355171,-6.13777e-09
271,339.08,1000,0.3481,0.166667,0,0.00606866,0.0386337,0.00506786,0.00637496,-13.3449,0.0002,0,0.127778,5486.93,1.82289,0.416613,-0.1,0.02,1,623.013,3.33005e+06,1.99696,1.98136,1.96925,0.0360704,-0.0181885,nan,0,0,0,0,0,0,0,0,nan,nan,0,-0.0986459,-0.000303818,-5.25514e-09
272,339.68,1000,0.3484,0.208333,0,0.00616472,0.0389575,0.00269667,0.0129127,-13.3293,0.0002,0,0.127715,5661.87,1.69792,0.472384,-0.1,0.02,1,625.185,3.34234e+06,1.99778,1.98277,1.96857,0.0363116,-0.0180449,nan,0,0,0,0,0,0,0,0,nan,nan,0,-0.0996039,-0.000251042,-4.17024e-09
273,340.422,1000,0.347682,0.416667,0,0.00626458,0.0406461,0.00486577,0.01288,-13.3192,0.0002,0,0.127635,5459.96,1.79414,0.45643,-0.1,0.02,1,627.438,3.35462e+06,1.99743,1.9819,1.96775,0.0353098,-0.0182488,nan,0,0,0,0,0,0,0,0,nan,nan,0,-0.100063,-0.000306365,-4.85761e-09
274,341.409,1000,0.348171,0.0833333,0,0.00625054,0.0403217,0.00297356,0.00598211,-13.3078,0.0002,0,0.127598,5671.25,1.71086,0.455858,-0.1,0.02,1,629.606,3.36691e+06,1.99768,1.98367,1.96784,0.0364562,-0.0178893,nan,0,0,0,0,0,0,0,0,nan,nan,-0.004,-0.106797,-0.000249313,-4.12282e-09
275,343.498,1000,0.348162,0.0416667,0,0.00629537,0.0395866,0.00461876,0.00362609,-13.2915,0.0002,0,0.127585,5552.45,1.7739,0.439175,-0.1,0.02,1,631.821,3.3792e+06,1.99766,1.98599,1.97328,0.0380944,-0.0184549,nan,0,0,0,0,0,0,0,0,nan,nan,0,-0.0985773,-0.000242172,-3.9446e-09
276,343.062,1000,0.347518,0.208333,0,0.00647756,0.0407837,0.00764808,0.0127907,-13.2681,0.0002,0,0.127697,5943.15,1.73151,0.336075,-0.1,0.02,1,633.891,3.39149e+06,1.99765,1.98443,1.9679,0.0351959,-0.0182089,nan,0,0,0,0,0,0,0,0,nan,nan,0,-0.105777,-0.000263973,-4.1021e-09
277,343.776,1000,0.346101,0.416667,0,0.00665838,0.043506,0.00937906,0.0132247,-13.24,0.0002,0,0.127768,5691.04,1.70367,0.455514,-0.1,0.02,1,636.052,3.40378e+06,1.99801,1.98354,1.96893,0.0353139,-0.018286,nan,0,0,0,0,0,0,0,0,nan,nan,-0.0024,-0.107427,-0.000235667,-3.81416e-09
278,343.096,1000,0.342007,0.5,0,0.00691565,0.0450599,0.0256439,0.0240328,-13.2255,0.0002,0,0.127819,5433.34,1.81293,0.448658,-0.1,0.02,1,638.315,3.41606e+06,1.99782,1.98381,1.96852,0.0335519,-0.0182374,nan,0,0,0,0,0,0,0,0,nan,nan,-0.00875,-0.109217,-0.000252422,-4.03523e-09
279,343.394,1000,0.33963,0.458333,0,0.00708035,0.044531,0.0285695,0.0146014,-13.2104,0.0002,0,0.127909,6014.94,1.61603,0.426884,-0.1,0.02,1,640.36,3.42835e+06,1.99745,1.98201,1.9695,0.0350547,-0.018556,nan,0,0,0,0,0,0,0,0,nan,nan,-0.0101818,-0.110762,-0.000277812,-4.71491e-09
280,343.554,1000,0.339594,0.25,0,0.00707736,0.0438786,0.0245667,0.00572689,-13.189,0.0002,0,0.128032,5677.61,1.77212,0.392166,-0.1,0.02,1,642.526,3.44064e+06,1.99776,1.98449,1.97056,0.0388753,-0.0183285,nan,0,0,0,0,0,0,0,0,nan,nan,-0.0151667,-0.114861,-0.000247688,-4.04904e-09
281,342.382,1000,0.341193,0.0833333,0,0.0066542,0.0432471,0.0185595,0.00778631,-13.1649,0.0002,0,0.12814,5836.34,1.69599,0.409437,-0.1,0.02,1,644.633,3.45293e+06,1.99815,1.98345,1.96751,0.0318211,-0.0188637,nan,0,0,0,0,0,0,0,0,nan,nan,-0.083,-0.113284,-0.000235588,-3.83114e-09
282,342.633,1000,0.341045,0.0416667,0,0.00667692,0.0415169,0.0216222,0.00490535,-13.1375,0.0002,0,0.128363,5356.03,1.80257,0.491667,-0.1,0.02,1,646.929,3.46522e+06,1.99816,1.98656,1.96981,0.040678,-0.0185803,nan,0,0,0,0,0,0,0,0,nan,nan,-0.081,-0.116288,-0.000208959,-3.55666e-09
283,343.074,1000,0.342899,0.0416667,0,0.00685631,0.0420548,0.01313,0.0138733,-13.1039,0.0002,0,0.128502,5565.12,1.83851,0.369532,-0.1,0.02,1,649.139,3.4775e+06,1.99799,1.98437,1.96828,0.0432765,-0.0188445,nan,0,0,0,0,0,0,0,0,nan,nan,0,-0.118075,-0.000236834,-3.49301e-09
284,345.619,1000,0.344658,0.0833333,0,0.00722656,0.0422116,0.00802384,0.00442939,-13.0851,0.0002,0,0.128562,5506.99,1.78545,0.445899,-0.1,0.02,1,651.372,3.48979e+06,1.99813,1.98458,1.97241,0.0398011,-0.0182872,nan,0,0,0,0,0,0,0,0,nan,nan,0,-0.12097,-0.000242618,-3.91083e-09
285,342.458,1000,0.345402,0.125,0,0.00762837,0.0431167,0.00727138,0.00447603,-13.0673,0.0002,0,0.128645,5424.26,1.82333,0.442046,-0.1,0.02,1,653.639,3.50208e+06,1.99779,1.98319,1.96938,0.0306057,-0.0184119,nan,0,0,0,0,0,0,0,0,nan,nan,-0.145,-0.121071,-0.000261308,-4.21721e-09
286,344.854,1000,0.347039,0.0833333,0,0.0076968,0.0442411,0.00371491,0.00762097,-13.0451,0.0002,0,0.12872,5536.79,1.72423,0.495105,-0.1,0.02,1,655.86,3.51437e+06,1.99819,1.98367,1.97155,0.0371893,-0.0185295,nan,0,0,0,0,0,0,0,0,nan,nan,-0.0445,-0.124395,-0.000226984,-3.55303e-09
287,344.686,1000,0.347032,0.541667,0,0.00845413,0.0479997,0.00425963,0.00640613,-13.0269,0.0002,0,0.12872,5516.64,1.8104,0.417043,-0.1,0.02,1,658.089,3.52666e+06,1.99799,1.98439,1.97151,0.0356876,-0.0186799,nan,0,0,0,0,0,0,0,0,nan,nan,-0.0354615,-0.125885,-0.000245937,-3.97919e-09
288,344.586,1000,0.347792,0.583333,0,0.00872064,0.0493094,0.00330448,0.0144718,-13.0171,0.0002,0,0.128689,5242.51,1.87608,0.467839,-0.1,0.02,1,660.435,3.53894e+06,1.998,1.98213,1.97004,0.0332645,-0.018664,nan,0,0,0,0,0,0,0,0,nan,nan,-0.0647857,-0.127154,-0.000251691,-4.15401e-09
289,344.115,1000,0.348976,0.25,0,0.00889932,0.0486411,0.0032559,0.00416446,-13.0087,0.0002,0,0.128659,5458.12,1.84548,0.405843,-0.1,0.02,1,662.688,3.55123e+06,1.99808,1.98482,1.97017,0.0322254,-0.0186738,nan,0,0,0,0,0,0,0,0,nan,nan,-0.0731667,-0.128545,-0.000252456,-3.89061e-09
290,345.556,1000,0.348947,0.458333,0,0.00916471,0.0511293,0.00330669,0.0202959,-12.9974,0.0002,0,0.128622,5743.19,1.72167,0.417906,-0.1,0.02,1,664.829,3.56352e+06,1.99814,1.98336,1.97271,0.0348845,-0.0186587,nan,0,0,0,0,0,0,0,0,nan,nan,-0.0482727,-0.131863,-0.000228398,-3.78684e-09
291,346.027,1000,0.348524,0.5,0,0.00938611,0.0523084,0.0027708,0.01195,-12.9874,0.0002,0,0.128571,5486.81,1.78699,0.452569,-0.1,0.02,1,667.07,3.57581e+06,1.99809,1.98353,1.97438,0.0372121,-0.0187802,nan,0,0,0,0,0,0,0,0,nan,nan,-0.03375,-0.133038,-0.000228746,-3.6075e-09
292,345.5,1000,0.328522,11.9583,0,0.0151819,0.107242,0.0236286,0.0104812,-12.966,0.0002,0,0.128841,5357.16,1.92713,0.366625,-0.1,0.02,1,669.365,3.5881e+06,1.99809,1.98407,1.97323,0.0343516,-0.0187675,nan,0,0,0,0,0,0,0,0,nan,nan,-0.0535714,-0.134992,-0.000232938,-3.6851e-09
293,nan,nan,0.336799,0,0,0.0151891,0.150365,0.407829,0.0119447,-12.9132,0.0002,0,0.129164,5728.36,1.72599,0.419125,-0.1,0.02,1,671.512,3.60038e+06,nan,nan,nan,nan,nan,nan,nan,nan,nan,nan,nan,nan,nan,nan,nan,nan,nan,nan,nan,nan
294,156.055,469,0.345418,0,0.0833333,0.0127072,0.0771282,0.63047,0.00784051,-12.8683,0.0002,0,0.129423,5772.26,1.7957,0.333102,-0.1,0.02,1,673.643,3.61267e+06,0.898462,0.858677,0.881059,0.0204423,-0.00928933,nan,0,0,0,0,0,0,0,0,nan,nan,-0.013,-0.0706705,-0.0131537,-2.31176e-07
295,126.114,379.5,0.345011,0.166667,0.333333,0.0144872,0.0962444,0.478613,0.0286513,-12.8326,0.0002,0,0.129662,5494.27,1.72257,0.513948,-0.1,0.02,1,675.881,3.62496e+06,0.734993,0.6967,0.718389,0.015261,-0.00774053,nan,0,0,0,0,0,0,0,0,nan,nan,-0.0485833,-0.0541453,-0.00925135,-1.41596e-07
296,309.453,902.741,0.345456,0.958333,0.166667,0.0119033,0.0748747,0.417079,0.000727544,-12.7972,0.0002,0,0.129916,5684.11,1.76517,0.396643,-0.1,0.02,1,678.044,3.63725e+06,1.79865,1.77623,1.77323,0.0281923,-0.0172107,nan,0,0,0,0,0,0,0,0,nan,nan,-0.113519,-0.128909,-0.00197309,-3.33506e-08
297,330.248,957.583,0.346522,0.458333,0.0416667,0.011595,0.0734886,0.389004,0.00072106,-12.7651,0.0002,0,0.130117,5854.12,1.61778,0.481254,-0.1,0.02,1,680.145,3.64954e+06,1.9104,1.89193,1.88544,0.0293117,-0.0181875,nan,0,0,0,0,0,0,0,0,nan,nan,-0.0654167,-0.135802,-0.00116247,-2.15235e-08
298,243.601,717.125,0.347027,0.166667,0.166667,0.0103994,0.066944,0.253794,0.0048968,-12.7307,0.0002,0,0.130369,5844.53,1.6685,0.43398,-0.1,0.02,1,682.249,3.66182e+06,1.41445,1.37734,1.38769,0.0258269,-0.0139569,nan,0,0,0,0,0,0,0,0,nan,nan,-0.04675,-0.105154,-0.00614551,-1.08321e-07
299,280.544,817.3,0.346806,0.291667,0.125,0.011305,0.0717201,0.145811,0.00370115,-12.6925,0.0002,0,0.13057,6317.79,1.54194,0.403049,-0.1,0.02,1,684.195,3.67411e+06,1.62307,1.59743,1.59885,0.0270252,-0.0158432,nan,0,0,0,0,0,0,0,0,nan,nan,-0.0739,-0.117641,-0.00399408,-5.80028e-08
300,214.266,632.8,0.347647,0.0833333,0.125,0.00846302,0.0559016,0.167564,0.000508617,-12.6657,0.0002,0,0.130756,5712.08,1.66085,0.49038,-0.1,0.02,1,686.348,3.6864e+06,1.24412,1.2063,1.21444,0.0212154,-0.0124361,nan,0,0,0,0,0,0,0,0,nan,nan,-0.0422,-0.0940478,-0.00742865,-1.17753e-07
301,326.299,943,0.347962,0.291667,0.0416667,0.00863373,0.0569257,0.0358278,0.00688382,-12.6375,0.0002,0,0.130943,4492.79,2.34239,0.392652,-0.1,0.02,1,692.26,3.69869e+06,1.87969,1.85945,1.85699,0.0287299,-0.0180378,nan,0,0,0,0,0,0,0,0,nan,nan,-0.04175,-0.136861,-0.00189937,-2.81133e-08
302,280.505,818.75,0.34751,0.208333,0.125,0.00906546,0.0566401,0.0207097,0.013696,-12.6125,0.0002,0,0.131083,5200.79,1.83186,0.530852,-0.1,0.02,1,694.625,3.71098e+06,1.6224,1.59004,1.59426,0.027744,-0.0160949,nan,0,0,0,0,0,0,0,0,nan,nan,-0.05725,-0.120763,-0.00495715,-8.15495e-08
303,341.059,1000,0.348996,0.166667,0,0.00696547,0.046147,0.0129912,0.00890811,-12.5912,0.0002,0,0.131175,4959.76,1.9091,0.568445,-0.1,0.02,1,697.105,3.72326e+06,1.99794,1.97935,1.97439,0.0256687,-0.0189809,nan,0,0,0,0,0,0,0,0,nan,nan,-0.2845,-0.147812,-0.00026167,-4.15634e-09
304,345.026,1000,0.349771,0.0416667,0,0.00695401,0.0465224,0.00983679,0.00730375,-12.5702,0.0002,0,0.13126,5516.15,1.76757,0.460066,-0.1,0.02,1,699.334,3.73555e+06,1.99805,1.97867,1.97491,0.0275573,-0.0193409,nan,0,0,0,0,0,0,0,0,nan,nan,-0.032,-0.150302,-0.000256606,-4.06194e-09
305,nan,nan,0.349639,0,0,0.00687103,0.0463162,0.0147347,0.00483205,-12.5537,0.0002,0,0.131344,5421.23,1.81043,0.456209,-0.1,0.02,1,701.602,3.74784e+06,nan,nan,nan,nan,nan,nan,nan,nan,nan,nan,nan,nan,nan,nan,nan,nan,nan,nan,nan,nan
306,347.519,1000,0.349496,0.0416667,0,0.00685151,0.0451008,0.0121762,0.0108425,-12.5361,0.0002,0,0.131474,5560.18,1.74997,0.46003,-0.1,0.02,1,703.814,3.76013e+06,1.99802,1.98372,1.9753,0.0277563,-0.0194543,nan,0,0,0,0,0,0,0,0,nan,nan,-0.006,-0.149875,-0.000274964,-4.01136e-09
307,347.435,1000,0.349127,0.0833333,0,0.00689198,0.0466575,0.0470868,0.00323171,-12.5071,0.0002,0,0.13175,5126.85,1.88474,0.512058,-0.1,0.02,1,706.213,3.77242e+06,1.99829,1.98291,1.97562,0.0293242,-0.0195681,nan,0,0,0,0,0,0,0,0,nan,nan,0,-0.148145,-0.000220221,-3.47161e-09
308,342.626,1000,0.34955,0.125,0,0.00728648,0.0487089,0.00734695,0.001079,-12.4684,0.0002,0,0.131817,5710.57,1.72585,0.425947,-0.1,0.02,1,708.366,3.7847e+06,1.99806,1.98131,1.97286,0.0228888,-0.0200139,nan,0,0,0,0,0,0,0,0,nan,nan,-0.223333,-0.15036,-0.000232511,-3.6457e-09
309,292.159,850.75,0.349578,0.125,0.0416667,0.0074452,0.049431,0.00281763,0.00783716,-12.4582,0.0002,0,0.131704,5141.56,1.87788,0.512052,-0.1,0.02,1,710.757,3.79699e+06,1.69124,1.66486,1.66395,0.0234871,-0.0167169,nan,0,0,0,0,0,0,0,0,nan,nan,-0.06325,-0.128046,-0.00320133,-5.61209e-08
310,347.856,1000,0.349903,0.0833333,0,0.00724581,0.0485945,0.00156878,0.0153616,-12.4579,0.0002,0,0.13157,5711.48,1.77762,0.373837,-0.1,0.02,1,712.911,3.80928e+06,1.99793,1.9806,1.97431,0.0288502,-0.0190348,nan,0,0,0,0,0,0,0,0,nan,nan,0,-0.149758,-0.000258826,-3.87283e-09
311,345.76,1000,0.349938,0.208333,0,0.00725231,0.0475665,0.0016214,0.00522256,-12.4577,0.0002,0,0.131484,5270.25,1.74662,0.584957,-0.1,0.02,1,715.244,3.82157e+06,1.99782,1.97933,1.97142,0.0242189,-0.0196815,nan,0,0,0,0,0,0,0,0,nan,nan,-0.0964,-0.151502,-0.000264851,-4.38494e-09
312,344.745,1000,0.349888,0.291667,0,0.00740364,0.0485763,0.00145543,0.00907137,-12.4523,0.0002,0,0.131363,5348.13,1.8808,0.416826,-0.1,0.02,1,717.544,3.83386e+06,1.99788,1.98035,1.97291,0.0254147,-0.0198275,nan,0,0,0,0,0,0,0,0,nan,nan,-0.132857,-0.151503,-0.000267388,-4.2978e-09
313,347.069,1000,0.350039,0.125,0,0.00726777,0.0462275,0.00148352,0.010794,-12.4521,0.0002,0,0.13125,5818.56,1.65097,0.460896,-0.1,0.02,1,719.658,3.84614e+06,1.99816,1.9809,1.97486,0.0258297,-0.0199381,nan,0,0,0,0,0,0,0,0,nan,nan,-0.0253333,-0.152601,-0.000242347,-3.9613e-09
314,345.149,1000,0.349663,0.208333,0,0.00753526,0.0467129,0.00276159,0.0139869,-12.4481,0.0002,0,0.131168,5321.62,1.83107,0.478002,-0.1,0.02,1,721.968,3.85843e+06,1.99807,1.98177,1.97209,0.0233239,-0.0199185,nan,0,0,0,0,0,0,0,0,nan,nan,-0.112,-0.152217,-0.000253719,-4.24657e-09
315,346.073,1000,0.349195,0.25,0,0.0077111,0.0503285,0.00386266,0.00540848,-12.4426,0.0002,0,0.131167,5815.75,1.66194,0.45094,-0.1,0.02,1,724.084,3.87072e+06,1.99817,1.98102,1.97474,0.0257259,-0.0196918,nan,0,0,0,0,0,0,0,0,nan,nan,-0.0806667,-0.152488,-0.000244946,-3.94327e-09
316,344.601,1000,0.349791,0.0833333,0,0.0076216,0.0481735,0.0016105,0.0091261,-12.4318,0.0002,0,0.131133,5280.72,1.81416,0.512801,-0.1,0.02,1,726.412,3.88301e+06,1.99822,1.9812,1.97255,0.0232021,-0.0195919,nan,0,0,0,0,0,0,0,0,nan,nan,-0.147,-0.152742,-0.000256445,-4.10863e-09
317,346.976,1000,0.349616,0.125,0,0.00766034,0.0479483,0.00221481,0.0149507,-12.424,0.0002,0,0.131097,5954.9,1.67056,0.392948,-0.1,0.02,1,728.478,3.8953e+06,1.99805,1.97966,1.97383,0.0251497,-0.0200816,nan,0,0,0,0,0,0,0,0,nan,nan,-0.0513333,-0.15392,-0.000250102,-4.23328e-09
318,346.836,1000,0.348716,0.208333,0,0.00758984,0.0494397,0.00528953,0.00770455,-12.4082,0.0002,0,0.131209,5598.78,1.69171,0.503054,-0.1,0.02,1,730.674,3.90758e+06,1.99794,1.97825,1.9735,0.0237699,-0.0204971,nan,0,0,0,0,0,0,0,0,nan,nan,-0.036,-0.153717,-0.000278289,-4.60575e-09
319,346.427,1000,0.348661,0.375,0,0.00809868,0.0525596,0.00343153,0.0112547,-12.3808,0.0002,0,0.131299,5812.96,1.74578,0.368119,-0.1,0.02,1,732.79,3.91987e+06,1.99789,1.97824,1.97377,0.0232504,-0.0199542,nan,0,0,0,0,0,0,0,0,nan,nan,-0.0551111,-0.154217,-0.000279931,-4.68862e-09
320,347.558,1000,0.349285,0.291667,0,0.00817146,0.0522662,0.00239962,0.00676587,-12.3617,0.0002,0,0.131321,5680.19,1.67345,0.489861,-0.1,0.02,1,734.955,3.93216e+06,1.99807,1.9787,1.97374,0.0241295,-0.0197801,nan,0,0,0,0,0,0,0,0,nan,nan,-0.0165714,-0.154455,-0.000258543,-4.2366e-09
321,348.175,1000,0.349298,0.416667,0,0.00805814,0.0524556,0.00220229,0.00915024,-12.3548,0.0002,0,0.131236,5438.27,1.74438,0.515164,-0.1,0.02,1,737.219,3.94445e+06,1.99797,1.97925,1.97526,0.0239667,-0.0200863,nan,0,0,0,0,0,0,0,0,nan,nan,-0.01,-0.154222,-0.000277974,-4.4989e-09
322,347.678,1000,0.350067,0.166667,0,0.00807669,0.0509736,0.00172187,0.0063549,-12.3546,0.0002,0,0.131122,6170.83,1.55099,0.440316,-0.1,0.02,1,739.212,3.95674e+06,1.99791,1.97799,1.97355,0.0229362,-0.0201619,nan,0,0,0,0,0,0,0,0,nan,nan,-0.019,-0.154188,-0.000278161,-4.63324e-09
323,346.376,1000,0.350324,0.0833333,0,0.00832519,0.0528188,0.00167193,0.00675841,-12.3549,0.0002,0,0.131027,5518.01,1.73598,0.490913,-0.1,0.02,1,741.44,3.96902e+06,1.99794,1.97822,1.97357,0.0214621,-0.0207106,nan,0,0,0,0,0,0,0,0,nan,nan,-0.066,-0.154809,-0.000284829,-4.62538e-09
324,346.396,1000,0.350431,0.0833333,0,0.00885787,0.0530218,0.0115337,0.00193847,-12.3512,0.0002,0,0.131086,5827.31,1.67256,0.436135,-0.1,0.02,1,743.551,3.98131e+06,1.99754,1.97283,1.97299,0.0207875,-0.0199501,nan,0,0,0,0,0,0,0,0,nan,nan,-0.0855,-0.154231,-0.000365117,-6.05207e-09
325,nan,nan,0.350095,0,0,0.00918909,0.0606757,0.847077,0.00995977,-12.3309,0.0002,0,0.131219,5813.85,1.62395,0.489626,-0.1,0.02,1,745.666,3.9936e+06,nan,nan,nan,nan,nan,nan,nan,nan,nan,nan,nan,nan,nan,nan,nan,nan,nan,nan,nan,nan
326,248.898,726.714,0.345892,0.0833333,0.208333,0.0160121,0.098057,1.47475,0.00560818,-12.3141,0.0002,0,0.131314,5713.45,1.69465,0.456068,-0.1,0.02,1,747.818,4.00589e+06,1.42741,1.39458,1.41638,0.0223678,-0.0154435,nan,0,0,0,0,0,0,0,0,nan,nan,-0.0205714,-0.113752,-0.0102442,-1.75464e-07
327,297.577,865.333,0.340945,0.166667,0.458333,0.0226157,0.134167,2.36703,0.00439406,-12.3047,0.0002,0,0.131363,5419.1,1.73592,0.531617,-0.1,0.02,1,750.088,4.01818e+06,1.70315,1.66606,1.68884,0.0231803,-0.0179938,nan,0,0,0,0,0,0,0,0,nan,nan,-0.0186667,-0.134981,-0.0107217,-1.75348e-07
328,280.375,813.375,0.337651,0.458333,0.541667,0.0291541,0.163467,1.84282,-0.000901344,-12.299,0.0002,0,0.131396,5118.37,1.89739,0.503373,-0.1,0.02,1,752.491,4.03046e+06,1.60561,1.57454,1.59141,0.023229,-0.0167721,nan,0,0,0,0,0,0,0,0,nan,nan,-0.0114167,-0.127279,-0.00779503,-1.33047e-07
329,237.491,695.27,0.335957,0.291667,1.25,0.0291105,0.176662,1.29429,-0.000154191,-12.2917,0.0002,0,0.131479,5307.6,1.81181,0.503365,-0.1,0.02,1,754.807,4.04275e+06,1.36119,1.32749,1.35172,0.0225132,-0.0145685,nan,0,0,0,0,0,0,0,0,nan,nan,-0.0163784,-0.109425,-0.0119238,-2.04441e-07
330,258.252,750.833,0.338665,0.375,0.625,0.0246359,0.142454,1.26255,0.0108866,-12.2773,0.0002,0,0.131579,5404.4,1.83571,0.437992,-0.1,0.02,1,757.083,4.05504e+06,1.47902,1.44675,1.46626,0.0209674,-0.0156555,nan,0,0,0,0,0,0,0,0,nan,nan,-0.0147083,-0.117208,-0.0093245,-1.56129e-07
331,250.872,731.45,0.339562,0.291667,0.541667,0.0222193,0.131861,0.84959,0.0163524,-12.2655,0.0002,0,0.131666,5199.32,1.74775,0.615634,-0.1,0.02,1,759.448,4.06733e+06,1.43893,1.40516,1.42769,0.0206247,-0.0152286,nan,0,0,0,0,0,0,0,0,nan,nan,-0.02425,-0.114335,-0.00964261,-1.64863e-07
332,260.634,758.643,0.339141,0.458333,0.708333,0.0228473,0.137,0.427677,0.0156464,-12.2502,0.0002,0,0.13181,4560.01,2.03738,0.657351,-0.1,0.02,1,762.149,4.07962e+06,1.49491,1.46229,1.48175,0.0207417,-0.0156169,nan,0,0,0,0,0,0,0,0,nan,nan,-0.0190357,-0.118616,-0.00900946,-1.51218e-07
333,279.877,813.16,0.34328,0.541667,0.5,0.0133447,0.0916566,0.279315,0.00287407,-12.2278,0.0002,0,0.131989,4416.09,2.14254,0.640014,-0.1,0.02,1,764.935,4.0919e+06,1.6074,1.57618,1.59143,0.0205358,-0.0168343,nan,0,0,0,0,0,0,0,0,nan,nan,-0.0346,-0.127215,-0.0070496,-1.24984e-07
334,347.703,999.689,0.329948,9.875,0.0416667,0.0142078,0.115755,0.18162,0.00419036,-12.1999,0.0002,0,0.132186,4531.11,2.15513,0.556793,-0.1,0.02,1,767.649,4.10419e+06,1.99714,1.97218,1.97199,0.0215255,-0.0203128,nan,0,0,0,0,0,0,0,0,nan,nan,-0.0367059,-0.154337,-0.000345307,-5.58769e-09
335,240.706,698.5,0.348779,0.0416667,0.0416667,0.00886008,0.0690385,0.0593933,0.00504227,-12.1735,0.0002,0,0.132365,5238.49,1.77327,0.572448,-0.1,0.02,1,769.996,4.11648e+06,1.37944,1.35124,1.36695,0.0208313,-0.0145362,nan,0,0,0,0,0,0,0,0,nan,nan,-0.003,-0.109097,-0.00752122,-1.27914e-07
336,259.133,751.429,0.348378,0.166667,0.125,0.00915816,0.0665138,0.0286055,0.00524368,-12.1516,0.0002,0,0.132523,6063.86,1.58518,0.441251,-0.1,0.02,1,772.033,4.12877e+06,1.48772,1.45585,1.47287,0.0207246,-0.0155629,nan,0,0,0,0,0,0,0,0,nan,nan,-0.0184286,-0.117052,-0.00685083,-1.08658e-07
337,348.831,1000,0.349119,0.5,0,0.0070649,0.055239,0.0191161,0.0064349,-12.1322,0.0002,0,0.132606,5273.37,1.76851,0.561692,-0.1,0.02,1,774.365,4.14106e+06,1.99811,1.9768,1.97615,0.0248905,-0.0201645,nan,0,0,0,0,0,0,0,0,nan,nan,-0.00108333,-0.154184,-0.000267738,-3.93013e-09
338,348.494,1000,0.348647,0.666667,0,0.00702141,0.0565029,0.0181394,0.00994182,-12.1154,0.0002,0,0.13273,5527.11,1.8217,0.401528,-0.1,0.02,1,776.59,4.15334e+06,1.99802,1.97429,1.97535,0.0242218,-0.0203892,nan,0,0,0,0,0,0,0,0,nan,nan,-0.005125,-0.15417,-0.000280501,-4.36065e-09
339,348.967,1000,0.349945,0.291667,0,0.00675775,0.0534171,0.0154674,0.00833295,-12.0976,0.0002,0,0.132797,5698.03,1.69239,0.464142,-0.1,0.02,1,778.748,4.16563e+06,1.99817,1.9767,1.97665,0.025493,-0.0203225,nan,0,0,0,0,0,0,0,0,nan,nan,-0.00171429,-0.153911,-0.000262886,-3.98451e-09
340,348.751,1000,0.350135,0.125,0,0.006722,0.0523662,0.0138228,0.00931266,-12.085,0.0002,0,0.132881,5724.01,1.71897,0.427775,-0.1,0.02,1,780.897,4.17792e+06,1.99802,1.97565,1.97424,0.0217786,-0.0203312,nan,0,0,0,0,0,0,0,0,nan,nan,-0.00166667,-0.154541,-0.000274557,-4.32914e-09
341,348.195,1000,0.350066,0.25,0,0.00673944,0.0512107,0.00901119,0.0105056,-12.0682,0.0002,0,0.132968,5372.31,1.8078,0.479489,-0.1,0.02,1,783.186,4.19021e+06,1.99802,1.97582,1.97427,0.022867,-0.020216,nan,0,0,0,0,0,0,0,0,nan,nan,-0.0106667,-0.154485,-0.000291447,-4.24495e-09
342,348.687,1000,0.350749,0.125,0,0.00670091,0.0508357,0.00526336,0.00953832,-12.0517,0.0002,0,0.133011,5533,1.70851,0.512348,-0.1,0.02,1,785.408,4.2025e+06,1.99806,1.97585,1.97764,0.0248545,-0.0206445,nan,0,0,0,0,0,0,0,0,nan,nan,0,-0.154474,-0.000275532,-3.72852e-09
343,348.318,1000,0.350309,0.166667,0,0.00698647,0.0510824,0.00498947,0.00495403,-12.0384,0.0002,0,0.133022,5899.37,1.62823,0.454701,-0.1,0.02,1,787.493,4.21478e+06,1.99804,1.97561,1.97383,0.0230056,-0.020116,nan,0,0,0,0,0,0,0,0,nan,nan,-0.01325,-0.154199,-0.000273978,-3.93554e-09
344,348.458,1000,0.350718,0.125,0,0.00686439,0.051462,0.00347318,0.0123212,-12.0288,0.0002,0,0.133044,5759.76,1.64965,0.483778,-0.1,0.02,1,789.628,4.22707e+06,1.99819,1.97588,1.9708,0.021604,-0.0207335,nan,0,0,0,0,0,0,0,0,nan,nan,-0.021,-0.153685,-0.000273436,-3.94183e-09
345,nan,nan,0.351273,0,0,0.00686216,0.0508056,0.00293725,0.0172187,-12.0213,0.0002,0,0.133033,5831.24,1.63668,0.470586,-0.1,0.02,1,791.737,4.23936e+06,nan,nan,nan,nan,nan,nan,nan,nan,nan,nan,nan,nan,nan,nan,nan,nan,nan,nan,nan,nan
346,349.065,1000,0.350959,0.0416667,0,0.00688047,0.0510839,0.00372351,0.0185152,-12.0169,0.0002,0,0.132998,5788.62,1.64389,0.478898,-0.1,0.02,1,793.861,4.25165e+06,1.99805,1.97845,1.971,0.0211122,-0.0202854,nan,0,0,0,0,0,0,0,0,nan,nan,0,-0.153512,-0.000284151,-3.90686e-09
347,nan,nan,0.351259,0,0,0.00696196,0.0502863,0.00262543,0.00889876,-12.0186,0.0002,0,0.132818,5858.46,1.61223,0.485252,-0.1,0.02,1,795.961,4.26394e+06,nan,nan,nan,nan,nan,nan,nan,nan,nan,nan,nan,nan,nan,nan,nan,nan,nan,nan,nan,nan
348,347.359,1000,0.351082,0.0833333,0,0.0071172,0.0498761,0.00144005,0.00693387,-12.0236,0.0002,0,0.13273,5428.33,1.78636,0.477318,-0.1,0.02,1,798.226,4.27622e+06,1.9979,1.97627,1.96714,0.0188279,-0.0202916,nan,0,0,0,0,0,0,0,0,nan,nan,-0.0725,-0.154375,-0.000298755,-3.95747e-09
349,348.386,1000,0.350983,0.0416667,0,0.00723338,0.0499146,0.00118158,0.00890323,-12.0221,0.0002,0,0.132628,5729.96,1.62849,0.516027,-0.1,0.02,1,800.373,4.28851e+06,1.99777,1.9713,1.9696,0.0178012,-0.0198961,nan,0,0,0,0,0,0,0,0,nan,nan,0,-0.155446,-0.000286597,-3.69875e-09
350,nan,nan,0.351098,0,0,0.0074961,0.0510456,0.00115717,0.0102321,-12.0267,0.0002,0,0.132466,4798.85,2.08661,0.474009,-0.1,0.02,1,802.935,4.3008e+06,nan,nan,nan,nan,nan,nan,nan,nan,nan,nan,nan,nan,nan,nan,nan,nan,nan,nan,nan,nan
351,nan,nan,0.351096,0,0,0.00738983,0.0497444,0.000913124,0.0125646,-12.0355,0.0002,0,0.132303,6135.32,1.53858,0.464253,-0.1,0.02,1,804.94,4.31309e+06,nan,nan,nan,nan,nan,nan,nan,nan,nan,nan,nan,nan,nan,nan,nan,nan,nan,nan,nan,nan
352,nan,nan,0.351081,0,0,0.00742054,0.0504665,0.000905726,0.00729492,-12.0401,0.0002,0,0.132166,5699.54,1.69866,0.457301,-0.1,0.02,1,807.098,4.32538e+06,nan,nan,nan,nan,nan,nan,nan,nan,nan,nan,nan,nan,nan,nan,nan,nan,nan,nan,nan,nan
353,349.306,1000,0.351001,0.0416667,0,0.0074217,0.049239,0.000734671,0.0102601,-12.0454,0.0002,0,0.132006,5608.46,1.77858,0.412399,-0.1,0.02,1,809.29,4.33766e+06,1.9982,1.97928,1.97277,0.0232091,-0.0205137,nan,0,0,0,0,0,0,0,0,nan,nan,-0.004,-0.155408,-0.000288724,-3.48173e-09
354,nan,nan,0.351091,0,0,0.00746665,0.0493883,0.000828365,0.00551823,-12.0582,0.0002,0,0.131795,5393.72,1.78176,0.496444,-0.1,0.02,1,811.572,4.34995e+06,nan,nan,nan,nan,nan,nan,nan,nan,nan,nan,nan,nan,nan,nan,nan,nan,nan,nan,nan,nan
355,348.856,1000,0.35132,0.0416667,0,0.00755113,0.0502311,0.000706653,0.0151546,-12.0708,0.0002,0,0.131642,5873.69,1.70128,0.390757,-0.1,0.02,1,813.666,4.36224e+06,1.99818,1.97527,1.96703,0.0196732,-0.0204494,nan,0,0,0,0,0,0,0,0,nan,nan,0,-0.154225,-0.000279162,-4.07695e-09
356,348.649,1000,0.351362,0.0833333,0,0.00750357,0.0502096,0.000680648,0.017873,-12.0727,0.0002,0,0.131554,5773.6,1.61382,0.51449,-0.1,0.02,1,815.796,4.37453e+06,1.99821,1.97486,1.97157,0.0172848,-0.0202825,nan,0,0,0,0,0,0,0,0,nan,nan,-0.0015,-0.154986,-0.000285875,-4.13656e-09
357,349.535,1000,0.351027,0.0416667,0,0.00751875,0.0487968,0.000709568,0.00402336,-12.0701,0.0002,0,0.131461,5565.62,1.75184,0.456003,-0.1,0.02,1,818.006,4.38682e+06,1.99813,1.97472,1.97724,0.0209217,-0.0203156,nan,0,0,0,0,0,0,0,0,nan,nan,-0.004,-0.154549,-0.000279607,-3.87761e-09
358,349.086,1000,0.351093,0.0416667,0,0.00742021,0.0483705,0.000668584,0.00287736,-12.0684,0.0002,0,0.131355,5663.95,1.65089,0.518616,-0.1,0.02,1,820.177,4.3991e+06,1.99781,1.967,1.96879,0.0161989,-0.0199856,nan,0,0,0,0,0,0,0,0,nan,nan,-0.008,-0.1548,-0.000282792,-5.33085e-09
359,349.169,1000,0.351479,0.0833333,0,0.00739134,0.0467064,0.000567249,0.00885834,-12.0724,0.0002,0,0.131244,5527.34,1.76363,0.459504,-0.1,0.02,1,822.402,4.41139e+06,1.99822,1.97408,1.97533,0.0179061,-0.0195613,nan,0,0,0,0,0,0,0,0,nan,nan,-0.004,-0.154353,-0.000282731,-3.94362e-09
360,nan,nan,0.351561,0,0,0.00738937,0.0477771,0.000518319,0.0108499,-12.0757,0.0002,0,0.131079,5947.09,1.60259,0.46363,-0.1,0.02,1,824.47,4.42368e+06,nan,nan,nan,nan,nan,nan,nan,nan,nan,nan,nan,nan,nan,nan,nan,nan,nan,nan,nan,nan
361,349.257,1000,0.351357,0.166667,0,0.00761316,0.048004,0.000701624,0.00275324,-12.0833,0.0002,0,0.130949,5480.48,1.7996,0.442536,-0.1,0.02,1,826.714,4.43597e+06,1.99823,1.97399,1.97455,0.0182137,-0.0198345,nan,0,0,0,0,0,0,0,0,nan,nan,-0.00075,-0.154119,-0.000293791,-3.96911e-09
362,348.876,1000,0.351429,0.166667,0,0.00758395,0.046912,0.00060873,0.00294783,-12.0862,0.0002,0,0.130857,5894.46,1.65952,0.425148,-0.1,0.02,1,828.801,4.44826e+06,1.99797,1.97353,1.97169,0.017763,-0.0199273,nan,0,0,0,0,0,0,0,0,nan,nan,-0.00725,-0.154834,-0.000306708,-4.24775e-09
363,349.823,1000,0.35095,0.166667,0,0.00779508,0.0486386,0.000769366,0.00176667,-12.089,0.0002,0,0.130772,5493.54,1.75286,0.483952,-0.1,0.02,1,831.039,4.46054e+06,1.99816,1.9742,1.97473,0.0180452,-0.0200545,nan,0,0,0,0,0,0,0,0,nan,nan,-0.00575,-0.153684,-0.000281679,-3.95029e-09
364,349.502,1000,0.35153,0.208333,0,0.00766666,0.0480043,0.000695604,0.00800687,-12.0894,0.0002,0,0.130693,5936.32,1.72091,0.349056,-0.1,0.02,1,833.111,4.47283e+06,1.99817,1.97525,1.97601,0.0185826,-0.0201877,nan,0,0,0,0,0,0,0,0,nan,nan,-0.0016,-0.154005,-0.000297604,-3.83234e-09
365,349.602,1000,0.351715,0.0416667,0,0.0076508,0.0477466,0.000554,0.000207711,-12.0922,0.0002,0,0.130557,5484.83,1.69776,0.542601,-0.1,0.02,1,835.355,4.48512e+06,1.99855,1.97686,1.97681,0.0164846,-0.0201763,nan,0,0,0,0,0,0,0,0,nan,nan,0,-0.155092,-0.000307265,-3.34833e-09
366,350.089,1000,0.351766,0.0416667,0,0.00769595,0.0472232,0.000565467,0.00585132,-12.099,0.0002,0,0.130408,5393.62,1.78157,0.496677,-0.1,0.02,1,837.635,4.49741e+06,1.99797,1.97479,1.97444,0.0151062,-0.0205271,nan,0,0,0,0,0,0,0,0,nan,nan,-0.02,-0.153399,-0.000279751,-3.80981e-09
367,349.624,1000,0.351724,0.0416667,0,0.00743118,0.046432,0.000520782,0.0129407,-12.106,0.0002,0,0.130276,5694.22,1.67672,0.481252,-0.1,0.02,1,839.795,4.5097e+06,1.99851,1.97451,1.9715,0.0158062,-0.0204764,nan,0,0,0,0,0,0,0,0,nan,nan,-0.012,-0.153826,-0.000268572,-3.64295e-09
368,349.852,1000,0.35091,0.375,0,0.00765537,0.0468537,0.000671922,-0.00164872,-12.1124,0.0002,0,0.130172,5263.93,1.87981,0.454561,-0.1,0.02,1,842.134,4.52198e+06,1.99821,1.97571,1.97264,0.0165238,-0.0198403,nan,0,0,0,0,0,0,0,0,nan,nan,-0.00177778,-0.1539,-0.000286052,-3.55896e-09
369,349.728,1000,0.350121,0.708333,0,0.00772567,0.0495234,0.00101659,0.00639683,-12.1103,0.0002,0,0.130137,5889.64,1.65032,0.436062,-0.1,0.02,1,844.222,4.53427e+06,1.99819,1.97543,1.97262,0.0178302,-0.0198846,nan,0,0,0,0,0,0,0,0,nan,nan,-0.00529412,-0.153795,-0.000297549,-3.88674e-09
370,349.858,1000,0.349972,1.5,0,0.00792193,0.0524985,0.00111004,0.0204561,-12.1038,0.0002,0,0.130105,5169.03,1.84644,0.530795,-0.1,0.02,1,846.602,4.54656e+06,1.99824,1.97619,1.97099,0.0171055,-0.0198481,nan,0,0,0,0,0,0,0,0,nan,nan,-0.00347222,-0.153809,-0.000292908,-3.76061e-09
371,350.102,1000,0.349126,1.16667,0,0.0079636,0.0562344,0.00129437,0.00104421,-12.0978,0.0002,0,0.130068,5545.88,1.74984,0.465864,-0.1,0.02,1,848.819,4.55885e+06,1.99832,1.97783,1.97263,0.0189071,-0.0198207,nan,0,0,0,0,0,0,0,0,nan,nan,-0.00339286,-0.15372,-0.00028036,-3.42251e-09
372,350.059,1000,0.350197,1.04167,0,0.00806549,0.0558006,0.00106801,0.00826174,-12.0912,0.0002,0,0.130057,4985.99,1.87796,0.58655,-0.1,0.02,1,851.285,4.57114e+06,1.99834,1.97684,1.97212,0.0189104,-0.0199984,nan,0,0,0,0,0,0,0,0,nan,nan,-0.00352,-0.153881,-0.000289528,-3.60484e-09
373,350.138,1000,0.350045,0.875,0,0.00780342,0.0558468,0.00101426,-0.00149145,-12.0856,0.0002,0,0.129976,5387.39,1.82864,0.452237,-0.1,0.02,1,853.568,4.58342e+06,1.99829,1.97726,1.97159,0.0193697,-0.0195462,nan,0,0,0,0,0,0,0,0,nan,nan,-0.00328571,-0.153855,-0.000284997,-3.66352e-09
374,350.123,1000,0.349528,1.125,0,0.00766523,0.0556448,0.00114687,0.0120704,-12.0874,0.0002,0,0.129913,4721.8,2.04754,0.554855,-0.1,0.02,1,856.172,4.59571e+06,1.99834,1.97797,1.97136,0.019125,-0.0197969,nan,0,0,0,0,0,0,0,0,nan,nan,-0.00544444,-0.154253,-0.000274855,-3.51543e-09
375,350.301,1000,0.350437,10.5417,0,0.0075293,0.0551755,0.000960981,0.0157018,-12.0845,0.0002,0,0.129883,4390.8,2.18405,0.614526,-0.1,0.02,1,858.975,4.608e+06,1.99834,1.97775,1.97221,0.0198583,-0.0196965,nan,0,0,0,0,0,0,0,0,nan,nan,-0.00436759,-0.153983,-0.000281238,-3.49503e-09
376,350.395,1000,0.335948,0.0416667,0,0.0120734,0.108462,0.0047438,0.0174818,-12.0786,0.0002,0,0.129922,5478.97,1.75888,0.483879,-0.1,0.02,1,861.22,4.62029e+06,1.99847,1.97958,1.97307,0.0229373,-0.0201441,nan,0,0,0,0,0,0,0,0,nan,nan,0,-0.154232,-0.000281931,-3.2606e-09
377,350.401,1000,0.353199,0.125,0,0.00769448,0.0660909,0.00123385,0.00718055,-12.0672,0.0002,0,0.129928,6452.63,1.49712,0.407221,-0.1,0.02,1,863.126,4.63258e+06,1.99834,1.97742,1.97465,0.0214607,-0.0195008,nan,0,0,0,0,0,0,0,0,nan,nan,-0.00333333,-0.154039,-0.000289095,-3.89424e-09
378,350.588,1000,0.353052,0.333333,0,0.00704963,0.0571203,0.00106968,0.000461839,-12.0652,0.0002,0,0.129885,5852.36,1.63978,0.459886,-0.1,0.02,1,865.227,4.64486e+06,1.99838,1.9776,1.97346,0.0194294,-0.0195915,nan,0,0,0,0,0,0,0,0,nan,nan,-0.001,-0.154684,-0.000276033,-3.55337e-09
379,350.711,1000,0.352267,0.625,0,0.00691438,0.055712,0.00096538,-0.000488914,-12.0657,0.0002,0,0.129798,5784.21,1.71745,0.406955,-0.1,0.02,1,867.353,4.65715e+06,1.99842,1.97887,1.97372,0.0217292,-0.0194205,nan,0,0,0,0,0,0,0,0,nan,nan,-0.00126667,-0.154139,-0.000277439,-3.54713e-09
380,350.739,1000,0.352302,0.583333,0,0.0069263,0.0557092,0.000890352,0.00507914,-12.0676,0.0002,0,0.129743,5605.59,1.71545,0.476649,-0.1,0.02,1,869.547,4.66944e+06,1.99842,1.97857,1.97577,0.0214391,-0.0196036,nan,0,0,0,0,0,0,0,0,nan,nan,-0.000714286,-0.154086,-0.000280869,-3.34691e-09
381,351.056,1000,0.352962,0.208333,0,0.00684758,0.0536746,0.000769638,0.00587195,-12.0648,0.0002,0,0.129731,5572.41,1.77901,0.426134,-0.1,0.02,1,871.753,4.68173e+06,1.99843,1.9781,1.97674,0.0238266,-0.0190946,nan,0,0,0,0,0,0,0,0,nan,nan,-0.0002,-0.153946,-0.000278381,-3.518e-09
382,350.66,1000,0.353205,0.25,0,0.0067673,0.0513606,0.000962143,0.00529493,-12.0605,0.0002,0,0.129673,6435.72,1.49757,0.411773,-0.1,0.02,1,873.664,4.69402e+06,1.99841,1.9777,1.97708,0.0236967,-0.0191549,nan,0,0,0,0,0,0,0,0,nan,nan,-0.00366667,-0.153993,-0.000276554,-3.40873e-09
383,350.764,1000,0.353454,0.125,0,0.00678026,0.0507025,0.00070857,0.0107461,-12.0624,0.0002,0,0.1296,6033.28,1.57474,0.461966,-0.1,0.02,1,875.702,4.7063e+06,1.99833,1.97794,1.97922,0.0239932,-0.0191645,nan,0,0,0,0,0,0,0,0,nan,nan,-0.00533333,-0.15396,-0.000274125,-3.35089e-09
384,351.02,1000,0.353594,0.0833333,0,0.00683868,0.0502411,0.000616648,0.00764876,-12.0659,0.0002,0,0.129475,6290.08,1.53245,0.421102,-0.1,0.02,1,877.658,4.71859e+06,1.9984,1.97772,1.98209,0.0266255,-0.0187405,nan,0,0,0,0,0,0,0,0,nan,nan,-0.0035,-0.15352,-0.000299567,-3.22126e-09
385,350.814,1000,0.353542,0.208333,0,0.00682933,0.0510826,0.00083028,0.0117338,-12.0692,0.0002,0,0.129376,5979.08,1.56713,0.488039,-0.1,0.02,1,879.714,4.73088e+06,1.99833,1.97915,1.97793,0.0231427,-0.0194911,nan,0,0,0,0,0,0,0,0,nan,nan,-0.0026,-0.152963,-0.000283586,-3.4233e-09
386,350.755,1000,0.35346,0.0833333,0,0.0067037,0.0486111,0.000500527,0.00339249,-12.0677,0.0002,0,0.129317,5776.14,1.70628,0.421095,-0.1,0.02,1,881.843,4.74317e+06,1.99837,1.97697,1.97697,0.0205065,-0.0192613,nan,0,0,0,0,0,0,0,0,nan,nan,-0.003,-0.155183,-0.000284309,-3.75967e-09
387,nan,nan,0.35344,0,0,0.00692197,0.0494819,0.000408186,0.00470621,-12.0649,0.0002,0,0.129274,5590.72,1.71692,0.481004,-0.1,0.02,1,884.043,4.75546e+06,nan,nan,nan,nan,nan,nan,nan,nan,nan,nan,nan,nan,nan,nan,nan,nan,nan,nan,nan,nan
388,350.7,1000,0.353462,0.0416667,0,0.00689761,0.0497574,0.000383458,0.00465391,-12.0632,0.0002,0,0.129194,5723.2,1.65177,0.495281,-0.1,0.02,1,886.191,4.76774e+06,1.9985,1.9801,1.98203,0.0258441,-0.0202824,nan,0,0,0,0,0,0,0,0,nan,nan,-0.004,-0.153752,-0.000279608,-3.09606e-09
389,nan,nan,0.353316,0,0,0.00702129,0.0485014,0.000412693,0.00899187,-12.0722,0.0002,0,0.129058,5951.46,1.62248,0.442228,-0.1,0.02,1,888.257,4.78003e+06,nan,nan,nan,nan,nan,nan,nan,nan,nan,nan,nan,nan,nan,nan,nan,nan,nan,nan,nan,nan
390,350.983,1000,0.353227,0.0833333,0,0.0070787,0.049365,0.000369623,0.0278619,-12.0817,0.0002,0,0.128972,5806.27,1.7524,0.363933,-0.1,0.02,1,890.376,4.79232e+06,1.99847,1.977,1.98234,0.0234251,-0.0198306,nan,0,0,0,0,0,0,0,0,nan,nan,0,-0.154838,-0.000270732,-3.17938e-09
391,351.089,1000,0.353369,0.0416667,0,0.00719682,0.0495966,0.000374061,0.00769027,-12.0894,0.0002,0,0.128838,5440.91,1.63303,0.625417,-0.1,0.02,1,892.638,4.80461e+06,1.99856,1.97559,1.97986,0.0204867,-0.0187701,nan,0,0,0,0,0,0,0,0,nan,nan,0,-0.154387,-0.000239168,-3.10606e-09
392,nan,nan,0.353483,0,0,0.00712841,0.0482886,0.00032315,0.00685468,-12.0998,0.0002,0,0.128716,4736.9,1.9894,0.604704,-0.1,0.02,1,895.235,4.8169e+06,nan,nan,nan,nan,nan,nan,nan,nan,nan,nan,nan,nan,nan,nan,nan,nan,nan,nan,nan,nan
393,nan,nan,0.353103,0,0,0.00701391,0.0475563,0.000341366,0.00581822,-12.108,0.0002,0,0.12861,4937.53,2.00303,0.485665,-0.1,0.02,1,897.737,4.82918e+06,nan,nan,nan,nan,nan,nan,nan,nan,nan,nan,nan,nan,nan,nan,nan,nan,nan,nan,nan,nan
394,351.414,1000,0.353236,0.0416667,0,0.00696156,0.0470446,0.000321405,0.00680034,-12.1118,0.0002,0,0.12851,5866.11,1.7055,0.389243,-0.1,0.02,1,899.835,4.84147e+06,1.99847,1.98114,1.9834,0.0220174,-0.0189169,nan,0,0,0,0,0,0,0,0,nan,nan,0,-0.152882,-0.000277917,-3.16321e-09
395,nan,nan,0.353213,0,0,0.00700769,0.0467092,0.000310381,0.0013792,-12.1201,0.0002,0,0.128365,5543.72,1.70905,0.507511,-0.1,0.02,1,902.053,4.85376e+06,nan,nan,nan,nan,nan,nan,nan,nan,nan,nan,nan,nan,nan,nan,nan,nan,nan,nan,nan,nan
396,351.438,1000,0.353179,0.0416667,0,0.00702025,0.0462372,0.000293571,0.0101762,-12.1294,0.0002,0,0.128257,5870.32,1.74996,0.34328,-0.1,0.02,1,904.148,4.86605e+06,1.99855,1.98076,1.98184,0.0244228,-0.0181883,nan,0,0,0,0,0,0,0,0,nan,nan,0,-0.153847,-0.000244808,-3.09132e-09
397,nan,nan,0.352906,0,0,0.00692495,0.0448554,0.000308325,0.00252115,-12.1314,0.0002,0,0.128206,5436.63,1.75954,0.500685,-0.1,0.02,1,906.41,4.87834e+06,nan,nan,nan,nan,nan,nan,nan,nan,nan,nan,nan,nan,nan,nan,nan,nan,nan,nan,nan,nan
398,351.041,1000,0.352701,0.125,0,0.0070793,0.0453455,0.000331931,0.000750742,-12.1302,0.0002,0,0.128159,5536.79,1.83938,0.379957,-0.1,0.02,1,908.631,4.89062e+06,1.99845,1.98015,1.98206,0.025191,-0.0188669,nan,0,0,0,0,0,0,0,0,nan,nan,0,-0.154703,-0.000281164,-3.22882e-09
399,350.893,1000,0.352961,0.0416667,0,0.00699316,0.045033,0.000315927,0.00581821,-12.132,0.0002,0,0.12807,4984.35,1.80163,0.663687,-0.1,0.02,1,911.098,4.90291e+06,1.99834,1.98154,1.98352,0.0232142,-0.0185653,nan,0,0,0,0,0,0,0,0,nan,nan,0,-0.155197,-0.000289007,-3.70031e-09
400,nan,nan,0.353177,0,0,0.00701724,0.0443642,0.000305532,0.0126022,-12.139,0.0002,0,0.127955,5516.73,1.83575,0.391658,-0.1,0.02,1,913.327,4.9152e+06,nan,nan,nan,nan,nan,nan,nan,nan,nan,nan,nan,nan,nan,nan,nan,nan,nan,nan,nan,nan
401,351.064,1000,0.353064,0.0833333,0,0.00717431,0.0456273,0.000303375,0.00585753,-12.1481,0.0002,0,0.127855,5204.02,1.81359,0.547663,-0.1,0.02,1,919.217,4.92749e+06,1.99832,1.97853,1.98534,0.0280934,-0.0186402,nan,0,0,0,0,0,0,0,0,nan,nan,0,-0.155007,-0.000292292,-3.26652e-09
402,351.008,1000,0.352974,0.0416667,0,0.0069602,0.0437104,0.000827431,0.00971648,-12.1515,0.0002,0,0.12783,4823.91,2.02505,0.522262,-0.1,0.02,1,921.767,4.93978e+06,1.99812,1.97777,1.9825,0.0289033,-0.0181049,nan,0,0,0,0,0,0,0,0,nan,nan,0,-0.155055,-0.000312688,-3.48085e-09
403,351.224,1000,0.352893,0.166667,0,0.00704786,0.0448965,0.000315207,0.00847442,-12.1508,0.0002,0,0.127752,5078.85,1.96217,0.457278,-0.1,0.02,1,924.188,4.95206e+06,1.99834,1.98001,1.98569,0.0306648,-0.0186743,nan,0,0,0,0,0,0,0,0,nan,nan,-0.001,-0.155339,-0.000284341,-3.56149e-09
404,351.05,1000,0.35319,0.25,0,0.00700926,0.0447574,0.000391999,0.0322366,-12.1574,0.0002,0,0.127684,5568.41,1.8654,0.341329,-0.1,0.02,1,926.397,4.96435e+06,1.99837,1.97877,1.98559,0.0344537,-0.0185581,nan,0,0,0,0,0,0,0,0,nan,nan,-0.0005,-0.155144,-0.000278312,-3.30159e-09
405,350.856,1000,0.353543,0.166667,0,0.00704193,0.0455747,0.000379708,0.00752705,-12.1584,0.0002,0,0.127619,5232.48,1.91282,0.435586,-0.1,0.02,1,928.747,4.97664e+06,1.9984,1.98018,1.98806,0.0412384,-0.0184888,nan,0,0,0,0,0,0,0,0,nan,nan,-0.0015,-0.155499,-0.000277786,-3.22998e-09
406,351.489,1000,0.353519,0.0833333,0,0.00708527,0.0459071,0.000702536,0.00608328,-12.1622,0.0002,0,0.12751,5010.75,1.95415,0.498181,-0.1,0.02,1,931.2,4.98893e+06,1.9984,1.97982,1.98597,0.0371589,-0.0185328,nan,0,0,0,0,0,0,0,0,nan,nan,-0.004,-0.155651,-0.000276056,-3.22805e-09
407,351.511,1000,0.35368,0.0416667,0,0.006986,0.0461367,0.000490045,0.0143174,-12.1706,0.0002,0,0.127399,6027.87,1.61117,0.427361,-0.1,0.02,1,933.24,5.00122e+06,1.99815,1.9746,1.98667,0.0308111,-0.0186014,nan,0,0,0,0,0,0,0,0,nan,nan,0,-0.155569,-0.000280327,-3.70699e-09
408,351.452,1000,0.353765,0.0416667,0,0.0070279,0.0455885,0.000312903,0.0188153,-12.182,0.0002,0,0.127272,5144.91,1.94171,0.446665,-0.1,0.02,1,935.631,5.0135e+06,1.99851,1.97758,1.98907,0.0470292,-0.0184808,nan,0,0,0,0,0,0,0,0,nan,nan,0,-0.155327,-0.000283723,-3.02091e-09
409,351.346,1000,0.353639,0.125,0,0.00703347,0.0446366,0.000365204,0.00206322,-12.193,0.0002,0,0.127155,5480.6,1.82879,0.413301,-0.1,0.02,1,937.874,5.02579e+06,1.99843,1.97889,1.98917,0.0468091,-0.0183855,nan,0,0,0,0,0,0,0,0,nan,nan,-0.00966667,-0.156016,-0.000273668,-3.01924e-09
410,351.629,1000,0.352992,0.458333,0,0.00705552,0.0455004,0.00086451,0.00164176,-12.2,0.0002,0,0.127103,4986.59,1.93785,0.526361,-0.1,0.02,1,940.34,5.03808e+06,1.99847,1.97996,1.98862,0.0437328,-0.0185369,nan,0,0,0,0,0,0,0,0,nan,nan,-0.002,-0.155895,-0.000277965,-3.13039e-09
411,351.878,1000,0.352678,0.75,0,0.00716343,0.0475872,0.000689666,0.00572428,-12.1979,0.0002,0,0.127074,5382.32,1.93003,0.353004,-0.1,0.02,1,942.625,5.05037e+06,1.99847,1.97809,1.98863,0.038698,-0.0182484,nan,0,0,0,0,0,0,0,0,nan,nan,-0.00166667,-0.155814,-0.000275222,-3.21728e-09
412,351.873,1000,0.35177,1.58333,0,0.00747257,0.0533588,0.000724898,0.00844986,-12.199,0.0002,0,0.127035,4982.8,1.97877,0.487313,-0.1,0.02,1,945.092,5.06266e+06,1.99846,1.97906,1.98906,0.0424753,-0.0182707,nan,0,0,0,0,0,0,0,0,nan,nan,-0.00173684,-0.156045,-0.000274428,-3.09071e-09
413,352.046,1000,0.352698,1.16667,0,0.00756047,0.0596876,0.001083,0.0210514,-12.1964,0.0002,0,0.127039,4946.6,2.0791,0.405031,-0.1,0.02,1,947.578,5.07494e+06,1.9985,1.97931,1.98927,0.0446852,-0.0181562,nan,0,0,0,0,0,0,0,0,nan,nan,-0.00146429,-0.156146,-0.000278503,-3.10383e-09
414,352.055,1000,0.353501,1,0,0.00756856,0.0586833,0.000924918,0.0142639,-12.1921,0.0002,0,0.127016,4801.47,2.01907,0.540144,-0.1,0.02,1,950.139,5.08723e+06,1.99851,1.97768,1.98987,0.0437461,-0.0181572,nan,0,0,0,0,0,0,0,0,nan,nan,-0.00245833,-0.156283,-0.000278363,-3.20713e-09
415,352.306,1000,0.353635,1.08333,0,0.00739942,0.0570659,0.00088358,0.0271728,-12.1853,0.0002,0,0.127075,4727.49,2.19973,0.399529,-0.1,0.02,1,952.74,5.09952e+06,1.99849,1.97861,1.99078,0.0468444,-0.0180399,nan,0,0,0,0,0,0,0,0,nan,nan,-0.00123077,-0.15603,-0.00028245,-3.22134e-09
416,352.5,1000,0.35378,1.08333,0,0.00740582,0.0587376,0.000937461,0.0141319,-12.1698,0.0002,0,0.127141,4207.99,2.053,0.867162,-0.1,0.02,1,955.662,5.11181e+06,1.99851,1.97891,1.99177,0.0529674,-0.0179665,nan,0,0,0,0,0,0,0,0,nan,nan,-0.00257692,-0.156392,-0.000271876,-3.13756e-09
417,352.627,1000,0.340749,10.125,0,0.0101065,0.0849443,0.00243671,0.0304484,-12.1548,0.0002,0,0.127252,4399.6,2.40171,0.391269,-0.1,0.02,1,958.459,5.1241e+06,1.9985,1.9789,1.99204,0.0521626,-0.0179327,nan,0,0,0,0,0,0,0,0,nan,nan,-0.00197942,-0.156412,-0.000276658,-3.14224e-09
418,352.834,1000,0.357867,0.0833333,0,0.00834434,0.0955818,0.00138321,0.0343484,-12.1406,0.0002,0,0.127296,4827.04,1.98219,0.563475,-0.1,0.02,1,961.006,5.13638e+06,1.9986,1.97942,1.99214,0.0584617,-0.0179607,nan,0,0,0,0,0,0,0,0,nan,nan,0,-0.156249,-0.000241065,-2.74226e-09
419,352.783,1000,0.359431,0.208333,0,0.00696025,0.0718748,0.00206069,0.0344138,-12.1365,0.0002,0,0.127286,5209.98,1.9603,0.398256,-0.1,0.02,1,963.367,5.14867e+06,1.99851,1.9787,1.99405,0.0604249,-0.0177975,nan,0,0,0,0,0,0,0,0,nan,nan,-0.0016,-0.156463,-0.000274682,-2.94982e-09
420,352.916,1000,0.359076,0.375,0,0.00682188,0.0630169,0.0011766,0.013697,-12.1408,0.0002,0,0.127193,5484.09,1.77967,0.460994,-0.1,0.02,1,965.609,5.16096e+06,1.99854,1.9794,1.99428,0.0623598,-0.017697,nan,0,0,0,0,0,0,0,0,nan,nan,-0.00422222,-0.156453,-0.000264174,-2.92022e-09
421,352.991,1000,0.358466,0.666667,0,0.0067904,0.0599269,0.000856162,0.0253468,-12.1504,0.0002,0,0.127127,5208.02,1.93209,0.427354,-0.1,0.02,1,967.97,5.17325e+06,1.9985,1.97838,1.99421,0.0606712,-0.017714,nan,0,0,0,0,0,0,0,0,nan,nan,-0.00025,-0.156493,-0.000279404,-3.07474e-09
422,353.031,1000,0.358705,0.416667,0,0.00660941,0.0574342,0.000868641,0.014123,-12.1559,0.0002,0,0.127056,5191.87,1.90349,0.463291,-0.1,0.02,1,970.338,5.18554e+06,1.9985,1.97859,1.99357,0.060198,-0.0177033,nan,0,0,0,0,0,0,0,0,nan,nan,-0.0022,-0.156625,-0.000280199,-2.99298e-09
423,353.1,1000,0.358745,0.208333,0,0.00640763,0.0558387,0.00137473,0.00356504,-12.1611,0.0002,0,0.126994,5200.46,1.93712,0.425753,-0.1,0.02,1,972.703,5.19782e+06,1.99839,1.97947,1.99418,0.0599322,-0.0176652,nan,0,0,0,0,0,0,0,0,nan,nan,-0.0024,-0.156662,-0.000282877,-3.00884e-09
424,353.188,1000,0.358497,0.291667,0,0.00647071,0.0552293,0.0253629,0.0164925,-12.1502,0.0002,0,0.12717,5530.87,1.76881,0.452899,-0.1,0.02,1,974.926,5.21011e+06,1.99842,1.97917,1.99531,0.0689656,-0.0174039,nan,0,0,0,0,0,0,0,0,nan,nan,-0.000571429,-0.15646,-0.000286483,-2.99011e-09
425,353.429,1000,0.358724,0.0416667,0,0.00696238,0.0535595,0.0558373,0.00928864,-12.1147,0.0002,0,0.12745,5027.03,1.97885,0.465532,-0.1,0.02,1,977.372,5.2224e+06,1.99851,1.97877,1.99568,0.0747616,-0.0177666,nan,0,0,0,0,0,0,0,0,nan,nan,0,-0.156279,-0.000299352,-3.40943e-09
426,353.27,1000,0.357666,0.25,0,0.00688892,0.0508644,0.303501,-0.000680856,-12.0701,0.0002,0,0.127785,5364.6,1.87189,0.418683,-0.1,0.02,1,979.665,5.23469e+06,1.99844,1.97725,1.99527,0.0747634,-0.0172354,nan,0,0,0,0,0,0,0,0,nan,nan,-0.000833333,-0.15658,-0.000282883,-2.93845e-09
427,347.82,1000,0.357511,0.125,0,0.00659605,0.0487693,0.0245625,0.0148566,-12.016,0.0002,0,0.128114,5049.5,1.9303,0.503212,-0.1,0.02,1,982.1,5.24698e+06,1.98847,1.95217,1.96572,0.0915424,-0.0171258,nan,0,0,0,0,0,0,0,0,nan,nan,-0.0283333,-0.15856,-0.00341004,-6.14533e-08
428,nan,nan,0.357656,0,0,0.00642341,0.0483735,0.00345223,0.0152181,-11.981,0.0002,0,0.128221,5669.61,1.76209,0.405254,-0.1,0.02,1,984.269,5.25926e+06,nan,nan,nan,nan,nan,nan,nan,nan,nan,nan,nan,nan,nan,nan,nan,nan,nan,nan,nan,nan
429,353.582,1000,0.357531,0.0416667,0,0.00645325,0.0470842,0.00599983,0.0393766,-11.9672,0.0002,0,0.128301,5202.12,1.94423,0.417886,-0.1,0.02,1,986.633,5.27155e+06,1.99823,1.97187,1.99521,0.106443,-0.0176341,nan,0,0,0,0,0,0,0,0,nan,nan,-0.008,-0.156991,-0.000309116,-3.4149e-09
430,nan,nan,0.35771,0,0,0.00657949,0.0464319,0.0011818,0.0213138,-11.956,0.0002,0,0.128323,5286.39,1.98095,0.343504,-0.1,0.02,1,988.959,5.28384e+06,nan,nan,nan,nan,nan,nan,nan,nan,nan,nan,nan,nan,nan,nan,nan,nan,nan,nan,nan,nan
431,nan,nan,0.357686,0,0,0.00654171,0.0458527,0.00152376,0.011695,-11.9526,0.0002,0,0.128329,5385,1.82738,0.454509,-0.1,0.02,1,991.242,5.29613e+06,nan,nan,nan,nan,nan,nan,nan,nan,nan,nan,nan,nan,nan,nan,nan,nan,nan,nan,nan,nan
432,353.667,1000,0.357633,0.0833333,0,0.00656619,0.0462203,0.00100768,0.0139394,-11.9497,0.0002,0,0.128286,5175.36,1.96104,0.413288,-0.1,0.02,1,993.618,5.30842e+06,1.9984,1.97728,1.99497,0.106303,-0.0170156,nan,0,0,0,0,0,0,0,0,nan,nan,-0.002,-0.156683,-0.000295865,-2.89951e-09
433,353.017,1000,0.357576,0.0416667,0,0.00683867,0.0473365,0.00181321,0.0164969,-11.9526,0.0002,0,0.128241,5234.26,1.86298,0.484628,-0.1,0.02,1,995.967,5.3207e+06,1.9983,1.9768,1.99306,0.0919883,-0.0170978,nan,0,0,0,0,0,0,0,0,nan,nan,0,-0.156808,-0.000326249,-3.14249e-09
434,nan,nan,0.35738,0,0,0.00715654,0.0477311,0.272146,0.00799803,-11.9475,0.0002,0,0.128326,5243.27,2.00155,0.342028,-0.1,0.02,1,998.312,5.33299e+06,nan,nan,nan,nan,nan,nan,nan,nan,nan,nan,nan,nan,nan,nan,nan,nan,nan,nan,nan,nan
435,nan,nan,0.356356,0,0,0.00837124,0.0541671,0.237279,0.00997308,-11.9235,0.0002,0,0.128533,5513.05,1.74321,0.48568,-0.1,0.02,1,1000.54,5.34528e+06,nan,nan,nan,nan,nan,nan,nan,nan,nan,nan,nan,nan,nan,nan,nan,nan,nan,nan,nan,nan
436,332.436,950.5,0.355898,0.0416667,0.0416667,0.00790113,0.05348,0.392394,0.00380358,-11.8954,0.0002,0,0.128712,5268.38,1.89044,0.441969,-0.1,0.02,1,1002.88,5.35757e+06,1.87777,1.84705,1.87344,0.143565,-0.0162863,nan,0,0,0,0,0,0,0,0,nan,nan,-0.018,-0.150544,-0.00729611,-1.60615e-07
437,nan,nan,0.355066,0,0,0.00892261,0.0631865,0.0881344,0.00587105,-11.8697,0.0002,0,0.1289,5905.03,1.61523,0.465705,-0.1,0.02,1,1004.96,5.36986e+06,nan,nan,nan,nan,nan,nan,nan,nan,nan,nan,nan,nan,nan,nan,nan,nan,nan,nan,nan,nan
438,313.028,913,0.35437,0.0416667,0.0416667,0.0101462,0.0711167,0.0385983,0.0343204,-11.8398,0.0002,0,0.129126,4973.62,1.91541,0.55523,-0.1,0.02,1,1007.43,5.38214e+06,1.78473,1.72187,1.763,0.182671,-0.0154774,nan,0,0,0,0,0,0,0,0,nan,nan,-0.048,-0.145643,-0.0113507,-1.94717e-07
439,293.766,863,0.3549,0,0.125,0.00829607,0.0641278,0.044104,0.0369181,-11.805,0.0002,0,0.129416,4485.81,2.13839,0.600918,-0.1,0.02,1,1010.17,5.39443e+06,1.67882,1.61724,1.65847,0.16292,-0.0150416,nan,0,0,0,0,0,0,0,0,nan,nan,-0.033,-0.13785,-0.0123689,-2.49019e-07
440,354.25,1000,0.35611,0.0833333,0,0.00739717,0.0517196,0.0445196,0.00607189,-11.7657,0.0002,0,0.129664,4562.82,2.12699,0.566077,-0.1,0.02,1,1012.87,5.40672e+06,1.99833,1.97296,1.9923,0.15613,-0.0169839,nan,0,0,0,0,0,0,0,0,nan,nan,-0.006,-0.156569,-0.000279507,-3.05197e-09
441,354.537,1000,0.356,0.0416667,0,0.00727103,0.0513031,0.0318978,0.0040841,-11.731,0.0002,0,0.129897,4618.11,2.14212,0.518714,-0.1,0.02,1,1015.53,5.41901e+06,1.99846,1.97531,1.98959,0.188746,-0.016726,nan,0,0,0,0,0,0,0,0,nan,nan,0,-0.156745,-0.000257942,-2.9003e-09
442,336.261,960.5,0.355202,0.0416667,0.0416667,0.00825327,0.0596827,0.0514322,0.0102712,-11.6973,0.0002,0,0.130141,5323.54,1.8458,0.462439,-0.1,0.02,1,1017.84,5.4313e+06,1.89844,1.86454,1.88683,0.20543,-0.0161881,nan,0,0,0,0,0,0,0,0,nan,nan,-0.023,-0.151982,-0.00537572,-1.48495e-07
443,355.074,1000,0.355291,0.0416667,0,0.0076405,0.0520086,0.0139846,0.0153676,-11.6677,0.0002,0,0.130284,5260.15,1.85279,0.483267,-0.1,0.02,1,1020.18,5.44358e+06,1.9984,1.97368,1.98967,0.195049,-0.0165962,nan,0,0,0,0,0,0,0,0,nan,nan,0,-0.156454,-0.000325726,-3.08244e-09
444,341.748,978.5,0.354894,0.0416667,0.0416667,0.0078579,0.0581223,0.00674027,0.0154444,-11.6494,0.0002,0,0.130403,5023.98,1.91263,0.533239,-0.1,0.02,1,1022.63,5.45587e+06,1.9346,1.90349,1.92746,0.161855,-0.016676,nan,0,0,0,0,0,0,0,0,nan,nan,-0.031,-0.154183,-0.00811932,-1.53049e-07
445,355.775,1000,0.35513,0.0416667,0,0.00725722,0.0503018,0.00713748,0.00779343,-11.6342,0.0002,0,0.130488,5054.83,1.95613,0.474815,-0.1,0.02,1,1025.06,5.46816e+06,1.99841,1.97618,1.99208,0.221607,-0.0161509,nan,0,0,0,0,0,0,0,0,nan,nan,0,-0.15529,-0.000270194,-2.65017e-09
446,354.937,1000,0.354626,0.166667,0,0.00732402,0.0506135,0.0152302,0.00683816,-11.6178,0.0002,0,0.130661,4655.04,2.08112,0.558601,-0.1,0.02,1,1027.7,5.48045e+06,1.99834,1.97215,1.98959,0.176647,-0.016866,nan,0,0,0,0,0,0,0,0,nan,nan,0,-0.156377,-0.000296553,-2.90026e-09
447,355.419,1000,0.354538,0.125,0,0.00739384,0.0509949,0.0240644,0.00502591,-11.5782,0.0002,0,0.13101,5000.71,1.9109,0.546352,-0.1,0.02,1,1030.16,5.49274e+06,1.99841,1.97356,1.98749,0.19596,-0.0168789,nan,0,0,0,0,0,0,0,0,nan,nan,0,-0.156518,-0.000292564,-2.92595e-09
448,355.276,1000,0.354154,0.0833333,0,0.00780305,0.0532196,0.00745114,0.00730351,-11.5412,0.0002,0,0.13114,4899.04,1.99961,0.508638,-0.1,0.02,1,1032.67,5.50502e+06,1.99843,1.9741,1.98986,0.194058,-0.0167706,nan,0,0,0,0,0,0,0,0,nan,nan,-0.002,-0.156384,-0.000275877,-2.89846e-09
449,343.221,976,0.353338,0.0833333,0.0416667,0.00836165,0.0586019,0.0033575,0.0105791,-11.5274,0.0002,0,0.131213,4910.34,1.9911,0.511371,-0.1,0.02,1,1035.17,5.51731e+06,1.93607,1.90239,1.92522,0.203737,-0.0168832,nan,0,0,0,0,0,0,0,0,nan,nan,-0.0126667,-0.153623,-0.00415271,-7.84752e-08
450,nan,nan,0.354327,0,0,0.00745787,0.0507916,0.00453809,0.00429252,-11.5149,0.0002,0,0.131296,4949.82,1.93592,0.546594,-0.1,0.02,1,1037.66,5.5296e+06,nan,nan,nan,nan,nan,nan,nan,nan,nan,nan,nan,nan,nan,nan,nan,nan,nan,nan,nan,nan
