/Users/robertonavoni/Desktop/Lavoro/Progetti-2026/Progetti Software/microduck-ap-ppo-sitl/tools/robots/train_velocity.py:838: UserWarning: Converting a tensor with requires_grad=True to a scalar may lead to unexpected behavior.
Consider using tensor.detach() first. (Triggered internally at /Users/runner/work/pytorch/pytorch/torch/csrc/autograd/generated/python_variable_methods.cpp:821.)
  "Policy/mean_std": float(log_std.exp().mean()),
resumed from robots/microban/policies/getup_v12_tilt20_run/getup_it8800.pt at iteration 8800; std 0.214
gesture getup: std [0.25, 0.25, 0.25, 0.20000000298023224, 0.20000000298023224, 0.20000000298023224, 0.20000000298023224, 0.20000000298023224, 0.20000000298023224, 0.25, 0.25, 0.25, 0.20000000298023224, 0.20000000298023224, 0.20000000298023224, 0.20000000298023224, 0.20000000298023224, 0.20000000298023224] (capped), fixed learning rate
it 8801/13000  reward     nan  ep_len    nan  fell    0  err_xy 0.398  std 0.217  lr 1.0e-04  fps   8264     0.3s
it 8802/13000  reward     nan  ep_len    nan  fell    0  err_xy 0.298  std 0.217  lr 1.0e-04  fps   8739     0.5s
it 8803/13000  reward     nan  ep_len    nan  fell    0  err_xy 0.328  std 0.217  lr 1.0e-04  fps   8620     0.8s
it 8804/13000  reward     nan  ep_len    nan  fell    0  err_xy 0.257  std 0.217  lr 1.0e-04  fps   8831     1.1s
it 8805/13000  reward     nan  ep_len    nan  fell    0  err_xy 0.241  std 0.217  lr 1.0e-04  fps   8833     1.3s
it 8806/13000  reward     nan  ep_len    nan  fell    0  err_xy 0.199  std 0.217  lr 1.0e-04  fps   9033     1.6s
it 8807/13000  reward     nan  ep_len    nan  fell    0  err_xy 0.196  std 0.217  lr 1.0e-04  fps   8768     1.9s
it 8808/13000  reward     nan  ep_len    nan  fell    0  err_xy 0.156  std 0.217  lr 1.0e-04  fps   8615     2.1s
it 8809/13000  reward     nan  ep_len    nan  fell    0  err_xy 0.157  std 0.217  lr 1.0e-04  fps   8027     2.4s
it 8810/13000  reward     nan  ep_len    nan  fell    0  err_xy 0.137  std 0.217  lr 1.0e-04  fps   8264     2.7s
it 8811/13000  reward     nan  ep_len    nan  fell    0  err_xy 0.127  std 0.217  lr 1.0e-04  fps   8256     3.0s
it 8812/13000  reward     nan  ep_len    nan  fell    0  err_xy 0.117  std 0.217  lr 1.0e-04  fps   8285     3.2s
it 8813/13000  reward     nan  ep_len    nan  fell    0  err_xy 0.103  std 0.217  lr 1.0e-04  fps   8192     3.5s
it 8814/13000  reward     nan  ep_len    nan  fell    0  err_xy 0.092  std 0.217  lr 1.0e-04  fps   8249     3.8s
it 8815/13000  reward     nan  ep_len    nan  fell    0  err_xy 0.096  std 0.217  lr 1.0e-04  fps   8220     4.1s
it 8816/13000  reward     nan  ep_len    nan  fell    0  err_xy 0.090  std 0.217  lr 1.0e-04  fps   8323     4.4s
it 8817/13000  reward     nan  ep_len    nan  fell    0  err_xy 0.072  std 0.217  lr 1.0e-04  fps   8175     4.6s
it 8818/13000  reward     nan  ep_len    nan  fell    0  err_xy 0.069  std 0.217  lr 1.0e-04  fps   7709     4.9s
it 8819/13000  reward     nan  ep_len    nan  fell    0  err_xy 0.057  std 0.217  lr 1.0e-04  fps   7923     5.2s
it 8820/13000  reward     nan  ep_len    nan  fell    0  err_xy 0.047  std 0.217  lr 1.0e-04  fps   7136     5.6s
it 8821/13000  reward     nan  ep_len    nan  fell    0  err_xy 0.047  std 0.217  lr 1.0e-04  fps   7764     5.9s
it 8822/13000  reward     nan  ep_len    nan  fell    0  err_xy 0.048  std 0.217  lr 1.0e-04  fps   7320     6.2s
it 8823/13000  reward     nan  ep_len    nan  fell    0  err_xy 0.047  std 0.217  lr 1.0e-04  fps   7751     6.5s
it 8824/13000  reward     nan  ep_len    nan  fell    0  err_xy 0.041  std 0.217  lr 1.0e-04  fps   8013     6.8s
it 8825/13000  reward     nan  ep_len    nan  fell    0  err_xy 0.034  std 0.217  lr 1.0e-04  fps   7452     7.1s
it 8826/13000  reward     nan  ep_len    nan  fell    0  err_xy 0.039  std 0.217  lr 1.0e-04  fps   7322     7.4s
it 8827/13000  reward     nan  ep_len    nan  fell    0  err_xy 0.043  std 0.217  lr 1.0e-04  fps   7075     7.7s
it 8828/13000  reward     nan  ep_len    nan  fell    0  err_xy 0.041  std 0.217  lr 1.0e-04  fps   7357     8.0s
it 8829/13000  reward     nan  ep_len    nan  fell    0  err_xy 0.043  std 0.217  lr 1.0e-04  fps   7531     8.3s
it 8830/13000  reward     nan  ep_len    nan  fell    0  err_xy 0.041  std 0.217  lr 1.0e-04  fps   7438     8.6s
it 8831/13000  reward     nan  ep_len    nan  fell    0  err_xy 0.035  std 0.217  lr 1.0e-04  fps   7273     9.0s
it 8832/13000  reward     nan  ep_len    nan  fell    0  err_xy 0.031  std 0.217  lr 1.0e-04  fps   7239     9.3s
it 8833/13000  reward     nan  ep_len    nan  fell    0  err_xy 0.026  std 0.217  lr 1.0e-04  fps   7083     9.6s
it 8834/13000  reward  219.19  ep_len  808.0  fell    0  err_xy 0.103  std 0.217  lr 1.0e-04  fps   6497    10.0s
it 8835/13000  reward     nan  ep_len    nan  fell    0  err_xy 0.402  std 0.217  lr 1.0e-04  fps   9221    10.2s
it 8836/13000  reward     nan  ep_len    nan  fell    0  err_xy 0.297  std 0.217  lr 1.0e-04  fps   9109    10.5s
it 8837/13000  reward     nan  ep_len    nan  fell    0  err_xy 0.284  std 0.217  lr 1.0e-04  fps   8845    10.7s
it 8838/13000  reward     nan  ep_len    nan  fell    0  err_xy 0.228  std 0.217  lr 1.0e-04  fps   8914    11.0s
it 8839/13000  reward     nan  ep_len    nan  fell    0  err_xy 0.205  std 0.217  lr 1.0e-04  fps   8369    11.3s
it 8840/13000  reward     nan  ep_len    nan  fell    0  err_xy 0.190  std 0.217  lr 1.0e-04  fps   8062    11.5s
it 8841/13000  reward     nan  ep_len    nan  fell    0  err_xy 0.149  std 0.217  lr 1.0e-04  fps   8452    11.8s
it 8842/13000  reward     nan  ep_len    nan  fell    0  err_xy 0.120  std 0.217  lr 1.0e-04  fps   8228    12.1s
it 8843/13000  reward     nan  ep_len    nan  fell    0  err_xy 0.118  std 0.217  lr 1.0e-04  fps   7821    12.4s
it 8844/13000  reward     nan  ep_len    nan  fell    0  err_xy 0.102  std 0.217  lr 1.0e-04  fps   7854    12.7s
it 8845/13000  reward     nan  ep_len    nan  fell    0  err_xy 0.087  std 0.217  lr 1.0e-04  fps   8130    13.0s
it 8846/13000  reward     nan  ep_len    nan  fell    0  err_xy 0.089  std 0.217  lr 1.0e-04  fps   7718    13.3s
it 8847/13000  reward     nan  ep_len    nan  fell    0  err_xy 0.077  std 0.217  lr 1.0e-04  fps   7450    13.6s
it 8848/13000  reward     nan  ep_len    nan  fell    0  err_xy 0.079  std 0.217  lr 1.0e-04  fps   7733    13.9s
it 8849/13000  reward     nan  ep_len    nan  fell    0  err_xy 0.064  std 0.217  lr 1.0e-04  fps   7616    14.2s
it 8850/13000  reward     nan  ep_len    nan  fell    0  err_xy 0.057  std 0.217  lr 1.0e-04  fps   7754    14.5s
it 8851/13000  reward     nan  ep_len    nan  fell    0  err_xy 0.040  std 0.217  lr 1.0e-04  fps   7493    14.8s
it 8852/13000  reward     nan  ep_len    nan  fell    0  err_xy 0.040  std 0.217  lr 1.0e-04  fps   7062    15.1s
it 8853/13000  reward     nan  ep_len    nan  fell    0  err_xy 0.040  std 0.217  lr 1.0e-04  fps   7584    15.4s
it 8854/13000  reward     nan  ep_len    nan  fell    0  err_xy 0.037  std 0.217  lr 1.0e-04  fps   7294    15.7s
it 8855/13000  reward     nan  ep_len    nan  fell    0  err_xy 0.041  std 0.217  lr 1.0e-04  fps   7504    16.0s
it 8856/13000  reward     nan  ep_len    nan  fell    0  err_xy 0.032  std 0.217  lr 1.0e-04  fps   7664    16.3s
it 8857/13000  reward     nan  ep_len    nan  fell    0  err_xy 0.031  std 0.217  lr 1.0e-04  fps   7599    16.6s
it 8858/13000  reward     nan  ep_len    nan  fell    0  err_xy 0.036  std 0.217  lr 1.0e-04  fps   7718    16.9s
it 8859/13000  reward     nan  ep_len    nan  fell    0  err_xy 0.030  std 0.217  lr 1.0e-04  fps   7762    17.2s
it 8860/13000  reward     nan  ep_len    nan  fell    0  err_xy 0.025  std 0.217  lr 1.0e-04  fps   7551    17.5s
it 8861/13000  reward     nan  ep_len    nan  fell    0  err_xy 0.023  std 0.217  lr 1.0e-04  fps   7464    17.8s
it 8862/13000  reward     nan  ep_len    nan  fell    0  err_xy 0.025  std 0.217  lr 1.0e-04  fps   7362    18.2s
it 8863/13000  reward     nan  ep_len    nan  fell    0  err_xy 0.020  std 0.217  lr 1.0e-04  fps   7028    18.5s
it 8864/13000  reward     nan  ep_len    nan  fell    0  err_xy 0.019  std 0.217  lr 1.0e-04  fps   7275    18.8s
it 8865/13000  reward     nan  ep_len    nan  fell    0  err_xy 0.021  std 0.217  lr 1.0e-04  fps   7585    19.1s
it 8866/13000  reward     nan  ep_len    nan  fell    0  err_xy 0.019  std 0.217  lr 1.0e-04  fps   7487    19.4s
it 8867/13000  reward     nan  ep_len    nan  fell    0  err_xy 0.021  std 0.217  lr 1.0e-04  fps   7571    19.7s
it 8868/13000  reward  238.49  ep_len  808.0  fell    0  err_xy 0.221  std 0.216  lr 1.0e-04  fps   7170    20.0s
it 8869/13000  reward     nan  ep_len    nan  fell    0  err_xy 0.335  std 0.217  lr 1.0e-04  fps   9253    20.3s
it 8870/13000  reward     nan  ep_len    nan  fell    0  err_xy 0.318  std 0.217  lr 1.0e-04  fps   9061    20.5s
it 8871/13000  reward     nan  ep_len    nan  fell    0  err_xy 0.256  std 0.217  lr 1.0e-04  fps   8927    20.8s
it 8872/13000  reward     nan  ep_len    nan  fell    0  err_xy 0.235  std 0.217  lr 1.0e-04  fps   8845    21.1s
it 8873/13000  reward     nan  ep_len    nan  fell    0  err_xy 0.207  std 0.217  lr 1.0e-04  fps   8670    21.3s
it 8874/13000  reward     nan  ep_len    nan  fell    0  err_xy 0.191  std 0.217  lr 1.0e-04  fps   8409    21.6s
it 8875/13000  reward     nan  ep_len    nan  fell    0  err_xy 0.144  std 0.217  lr 1.0e-04  fps   8379    21.9s
it 8876/13000  reward     nan  ep_len    nan  fell    0  err_xy 0.158  std 0.217  lr 1.0e-04  fps   8289    22.2s
it 8877/13000  reward     nan  ep_len    nan  fell    0  err_xy 0.121  std 0.217  lr 1.0e-04  fps   8087    22.4s
it 8878/13000  reward     nan  ep_len    nan  fell    0  err_xy 0.109  std 0.217  lr 1.0e-04  fps   8058    22.7s
it 8879/13000  reward     nan  ep_len    nan  fell    0  err_xy 0.087  std 0.217  lr 1.0e-04  fps   8071    23.0s
it 8880/13000  reward     nan  ep_len    nan  fell    0  err_xy 0.084  std 0.217  lr 1.0e-04  fps   7491    23.3s
it 8881/13000  reward     nan  ep_len    nan  fell    0  err_xy 0.075  std 0.217  lr 1.0e-04  fps   7876    23.6s
it 8882/13000  reward     nan  ep_len    nan  fell    0  err_xy 0.062  std 0.217  lr 1.0e-04  fps   7561    23.9s
it 8883/13000  reward     nan  ep_len    nan  fell    0  err_xy 0.054  std 0.217  lr 1.0e-04  fps   7575    24.2s
it 8884/13000  reward     nan  ep_len    nan  fell    0  err_xy 0.057  std 0.217  lr 1.0e-04  fps   7779    24.5s
it 8885/13000  reward     nan  ep_len    nan  fell    0  err_xy 0.053  std 0.217  lr 1.0e-04  fps   7972    24.8s
it 8886/13000  reward     nan  ep_len    nan  fell    0  err_xy 0.051  std 0.217  lr 1.0e-04  fps   7955    25.1s
it 8887/13000  reward     nan  ep_len    nan  fell    0  err_xy 0.054  std 0.217  lr 1.0e-04  fps   7661    25.4s
it 8888/13000  reward     nan  ep_len    nan  fell    0  err_xy 0.043  std 0.217  lr 1.0e-04  fps   7501    25.7s
it 8889/13000  reward     nan  ep_len    nan  fell    0  err_xy 0.051  std 0.217  lr 1.0e-04  fps   7700    26.0s
it 8890/13000  reward     nan  ep_len    nan  fell    0  err_xy 0.043  std 0.217  lr 1.0e-04  fps   7222    26.3s
it 8891/13000  reward     nan  ep_len    nan  fell    0  err_xy 0.048  std 0.217  lr 1.0e-04  fps   7200    26.7s
it 8892/13000  reward     nan  ep_len    nan  fell    0  err_xy 0.036  std 0.217  lr 1.0e-04  fps   7109    27.0s
it 8893/13000  reward     nan  ep_len    nan  fell    0  err_xy 0.041  std 0.217  lr 1.0e-04  fps   7271    27.3s
it 8894/13000  reward     nan  ep_len    nan  fell    0  err_xy 0.034  std 0.217  lr 1.0e-04  fps   7295    27.6s
it 8895/13000  reward     nan  ep_len    nan  fell    0  err_xy 0.037  std 0.217  lr 1.0e-04  fps   7068    27.9s
it 8896/13000  reward     nan  ep_len    nan  fell    0  err_xy 0.034  std 0.217  lr 1.0e-04  fps   7134    28.3s
it 8897/13000  reward     nan  ep_len    nan  fell    0  err_xy 0.039  std 0.216  lr 1.0e-04  fps   7312    28.6s
it 8898/13000  reward     nan  ep_len    nan  fell    0  err_xy 0.033  std 0.216  lr 1.0e-04  fps   6951    28.9s
it 8899/13000  reward     nan  ep_len    nan  fell    0  err_xy 0.030  std 0.216  lr 1.0e-04  fps   7058    29.2s
it 8900/13000  reward     nan  ep_len    nan  fell    0  err_xy 0.030  std 0.216  lr 1.0e-04  fps   7363    29.5s
it 8901/13000  reward  243.02  ep_len  808.0  fell    0  err_xy 0.033  std 0.216  lr 1.0e-04  fps   6354    29.9s
it 8902/13000  reward     nan  ep_len    nan  fell    0  err_xy 0.372  std 0.216  lr 1.0e-04  fps   9130    30.2s
it 8903/13000  reward     nan  ep_len    nan  fell    0  err_xy 0.344  std 0.216  lr 1.0e-04  fps   8548    30.4s
it 8904/13000  reward     nan  ep_len    nan  fell    0  err_xy 0.303  std 0.216  lr 1.0e-04  fps   8940    30.7s
it 8905/13000  reward     nan  ep_len    nan  fell    0  err_xy 0.267  std 0.216  lr 1.0e-04  fps   8282    31.0s
it 8906/13000  reward     nan  ep_len    nan  fell    0  err_xy 0.256  std 0.216  lr 1.0e-04  fps   8788    31.2s
it 8907/13000  reward     nan  ep_len    nan  fell    0  err_xy 0.237  std 0.217  lr 1.0e-04  fps   8643    31.5s
it 8908/13000  reward     nan  ep_len    nan  fell    0  err_xy 0.183  std 0.217  lr 1.0e-04  fps   8477    31.8s
it 8909/13000  reward     nan  ep_len    nan  fell    0  err_xy 0.180  std 0.217  lr 1.0e-04  fps   8277    32.1s
it 8910/13000  reward     nan  ep_len    nan  fell    0  err_xy 0.159  std 0.217  lr 1.0e-04  fps   8093    32.3s
it 8911/13000  reward     nan  ep_len    nan  fell    0  err_xy 0.136  std 0.217  lr 1.0e-04  fps   7870    32.6s
it 8912/13000  reward     nan  ep_len    nan  fell    0  err_xy 0.113  std 0.216  lr 1.0e-04  fps   8104    32.9s
it 8913/13000  reward     nan  ep_len    nan  fell    0  err_xy 0.112  std 0.216  lr 1.0e-04  fps   8137    33.2s
it 8914/13000  reward     nan  ep_len    nan  fell    0  err_xy 0.092  std 0.217  lr 1.0e-04  fps   8021    33.5s
it 8915/13000  reward     nan  ep_len    nan  fell    0  err_xy 0.102  std 0.217  lr 1.0e-04  fps   8093    33.8s
it 8916/13000  reward     nan  ep_len    nan  fell    0  err_xy 0.083  std 0.217  lr 1.0e-04  fps   7973    34.1s
it 8917/13000  reward     nan  ep_len    nan  fell    0  err_xy 0.070  std 0.217  lr 1.0e-04  fps   7956    34.3s
it 8918/13000  reward     nan  ep_len    nan  fell    0  err_xy 0.069  std 0.217  lr 1.0e-04  fps   7993    34.6s
it 8919/13000  reward     nan  ep_len    nan  fell    0  err_xy 0.072  std 0.217  lr 1.0e-04  fps   7874    34.9s
it 8920/13000  reward     nan  ep_len    nan  fell    0  err_xy 0.070  std 0.217  lr 1.0e-04  fps   7791    35.2s
it 8921/13000  reward     nan  ep_len    nan  fell    0  err_xy 0.049  std 0.217  lr 1.0e-04  fps   7657    35.5s
it 8922/13000  reward     nan  ep_len    nan  fell    0  err_xy 0.045  std 0.217  lr 1.0e-04  fps   7648    35.8s
it 8923/13000  reward     nan  ep_len    nan  fell    0  err_xy 0.052  std 0.217  lr 1.0e-04  fps   7768    36.1s
it 8924/13000  reward     nan  ep_len    nan  fell    0  err_xy 0.052  std 0.217  lr 1.0e-04  fps   7791    36.4s
it 8925/13000  reward     nan  ep_len    nan  fell    0  err_xy 0.048  std 0.217  lr 1.0e-04  fps   7813    36.7s
it 8926/13000  reward     nan  ep_len    nan  fell    0  err_xy 0.054  std 0.217  lr 1.0e-04  fps   7674    37.0s
it 8927/13000  reward     nan  ep_len    nan  fell    0  err_xy 0.043  std 0.217  lr 1.0e-04  fps   7372    37.3s
it 8928/13000  reward     nan  ep_len    nan  fell    0  err_xy 0.037  std 0.217  lr 1.0e-04  fps   7357    37.6s
it 8929/13000  reward     nan  ep_len    nan  fell    0  err_xy 0.039  std 0.217  lr 1.0e-04  fps   7419    38.0s
it 8930/13000  reward     nan  ep_len    nan  fell    0  err_xy 0.039  std 0.217  lr 1.0e-04  fps   7462    38.3s
it 8931/13000  reward     nan  ep_len    nan  fell    0  err_xy 0.033  std 0.217  lr 1.0e-04  fps   7481    38.6s
it 8932/13000  reward     nan  ep_len    nan  fell    0  err_xy 0.032  std 0.217  lr 1.0e-04  fps   7474    38.9s
it 8933/13000  reward     nan  ep_len    nan  fell    0  err_xy 0.033  std 0.217  lr 1.0e-04  fps   7488    39.2s
it 8934/13000  reward     nan  ep_len    nan  fell    0  err_xy 0.032  std 0.217  lr 1.0e-04  fps   7413    39.5s
it 8935/13000  reward  237.83  ep_len  808.0  fell    0  err_xy 0.101  std 0.217  lr 1.0e-04  fps   6506    39.9s
it 8936/13000  reward     nan  ep_len    nan  fell    0  err_xy 0.360  std 0.217  lr 1.0e-04  fps   9336    40.1s
it 8937/13000  reward     nan  ep_len    nan  fell    0  err_xy 0.314  std 0.217  lr 1.0e-04  fps   9276    40.3s
it 8938/13000  reward     nan  ep_len    nan  fell    0  err_xy 0.285  std 0.217  lr 1.0e-04  fps   9023    40.6s
it 8939/13000  reward     nan  ep_len    nan  fell    0  err_xy 0.259  std 0.217  lr 1.0e-04  fps   8751    40.9s
it 8940/13000  reward     nan  ep_len    nan  fell    0  err_xy 0.219  std 0.217  lr 1.0e-04  fps   8591    41.1s
it 8941/13000  reward     nan  ep_len    nan  fell    0  err_xy 0.188  std 0.217  lr 1.0e-04  fps   8336    41.4s
it 8942/13000  reward     nan  ep_len    nan  fell    0  err_xy 0.154  std 0.217  lr 1.0e-04  fps   8246    41.7s
it 8943/13000  reward     nan  ep_len    nan  fell    0  err_xy 0.147  std 0.217  lr 1.0e-04  fps   8247    42.0s
it 8944/13000  reward     nan  ep_len    nan  fell    0  err_xy 0.129  std 0.217  lr 1.0e-04  fps   8073    42.3s
it 8945/13000  reward     nan  ep_len    nan  fell    0  err_xy 0.116  std 0.217  lr 1.0e-04  fps   8033    42.5s
it 8946/13000  reward     nan  ep_len    nan  fell    0  err_xy 0.102  std 0.217  lr 1.0e-04  fps   8034    42.8s
it 8947/13000  reward     nan  ep_len    nan  fell    0  err_xy 0.095  std 0.217  lr 1.0e-04  fps   8002    43.1s
it 8948/13000  reward     nan  ep_len    nan  fell    0  err_xy 0.085  std 0.217  lr 1.0e-04  fps   7891    43.4s
it 8949/13000  reward     nan  ep_len    nan  fell    0  err_xy 0.079  std 0.217  lr 1.0e-04  fps   7930    43.7s
it 8950/13000  reward     nan  ep_len    nan  fell    0  err_xy 0.062  std 0.217  lr 1.0e-04  fps   7940    44.0s
it 8951/13000  reward     nan  ep_len    nan  fell    0  err_xy 0.048  std 0.217  lr 1.0e-04  fps   7955    44.3s
it 8952/13000  reward     nan  ep_len    nan  fell    0  err_xy 0.035  std 0.217  lr 1.0e-04  fps   7912    44.6s
it 8953/13000  reward     nan  ep_len    nan  fell    0  err_xy 0.039  std 0.217  lr 1.0e-04  fps   7941    44.9s
it 8954/13000  reward     nan  ep_len    nan  fell    0  err_xy 0.037  std 0.217  lr 1.0e-04  fps   7846    45.2s
it 8955/13000  reward     nan  ep_len    nan  fell    0  err_xy 0.036  std 0.217  lr 1.0e-04  fps   7764    45.5s
it 8956/13000  reward     nan  ep_len    nan  fell    0  err_xy 0.031  std 0.217  lr 1.0e-04  fps   7773    45.8s
it 8957/13000  reward     nan  ep_len    nan  fell    0  err_xy 0.026  std 0.217  lr 1.0e-04  fps   7732    46.1s
it 8958/13000  reward     nan  ep_len    nan  fell    0  err_xy 0.027  std 0.217  lr 1.0e-04  fps   7632    46.4s
it 8959/13000  reward     nan  ep_len    nan  fell    0  err_xy 0.025  std 0.216  lr 1.0e-04  fps   7666    46.7s
it 8960/13000  reward     nan  ep_len    nan  fell    0  err_xy 0.020  std 0.216  lr 1.0e-04  fps   7677    47.0s
it 8961/13000  reward     nan  ep_len    nan  fell    0  err_xy 0.017  std 0.216  lr 1.0e-04  fps   7283    47.3s
it 8962/13000  reward     nan  ep_len    nan  fell    0  err_xy 0.021  std 0.216  lr 1.0e-04  fps   7441    47.6s
it 8963/13000  reward     nan  ep_len    nan  fell    0  err_xy 0.021  std 0.216  lr 1.0e-04  fps   7419    47.9s
it 8964/13000  reward     nan  ep_len    nan  fell    0  err_xy 0.019  std 0.216  lr 1.0e-04  fps   7396    48.2s
it 8965/13000  reward     nan  ep_len    nan  fell    0  err_xy 0.023  std 0.216  lr 1.0e-04  fps   7312    48.5s
it 8966/13000  reward     nan  ep_len    nan  fell    0  err_xy 0.026  std 0.216  lr 1.0e-04  fps   7548    48.8s
it 8967/13000  reward     nan  ep_len    nan  fell    0  err_xy 0.025  std 0.216  lr 1.0e-04  fps   7474    49.1s
it 8968/13000  reward     nan  ep_len    nan  fell    0  err_xy 0.026  std 0.216  lr 1.0e-04  fps   7404    49.4s
it 8969/13000  reward  252.28  ep_len  808.0  fell    0  err_xy 0.277  std 0.216  lr 1.0e-04  fps   6826    49.8s
it 8970/13000  reward     nan  ep_len    nan  fell    0  err_xy 0.333  std 0.216  lr 1.0e-04  fps   9292    50.0s
it 8971/13000  reward     nan  ep_len    nan  fell    0  err_xy 0.308  std 0.216  lr 1.0e-04  fps   8667    50.3s
it 8972/13000  reward     nan  ep_len    nan  fell    0  err_xy 0.328  std 0.216  lr 1.0e-04  fps   8779    50.6s
it 8973/13000  reward     nan  ep_len    nan  fell    0  err_xy 0.271  std 0.216  lr 1.0e-04  fps   8655    50.8s
it 8974/13000  reward     nan  ep_len    nan  fell    0  err_xy 0.253  std 0.216  lr 1.0e-04  fps   8438    51.1s
it 8975/13000  reward     nan  ep_len    nan  fell    0  err_xy 0.206  std 0.216  lr 1.0e-04  fps   8087    51.4s
it 8976/13000  reward     nan  ep_len    nan  fell    0  err_xy 0.171  std 0.216  lr 1.0e-04  fps   8050    51.7s
it 8977/13000  reward     nan  ep_len    nan  fell    0  err_xy 0.145  std 0.216  lr 1.0e-04  fps   7739    52.0s
it 8978/13000  reward     nan  ep_len    nan  fell    0  err_xy 0.124  std 0.216  lr 1.0e-04  fps   7631    52.3s
it 8979/13000  reward     nan  ep_len    nan  fell    0  err_xy 0.117  std 0.216  lr 1.0e-04  fps   7588    52.6s
it 8980/13000  reward     nan  ep_len    nan  fell    0  err_xy 0.092  std 0.216  lr 1.0e-04  fps   7274    52.9s
it 8981/13000  reward     nan  ep_len    nan  fell    0  err_xy 0.095  std 0.216  lr 1.0e-04  fps   7587    53.2s
it 8982/13000  reward     nan  ep_len    nan  fell    0  err_xy 0.082  std 0.216  lr 1.0e-04  fps   7387    53.5s
it 8983/13000  reward     nan  ep_len    nan  fell    0  err_xy 0.066  std 0.216  lr 1.0e-04  fps   7554    53.8s
it 8984/13000  reward     nan  ep_len    nan  fell    0  err_xy 0.058  std 0.216  lr 1.0e-04  fps   7487    54.1s
it 8985/13000  reward     nan  ep_len    nan  fell    0  err_xy 0.050  std 0.216  lr 1.0e-04  fps   7630    54.4s
it 8986/13000  reward     nan  ep_len    nan  fell    0  err_xy 0.042  std 0.216  lr 1.0e-04  fps   6904    54.8s
it 8987/13000  reward     nan  ep_len    nan  fell    0  err_xy 0.050  std 0.216  lr 1.0e-04  fps   7373    55.1s
it 8988/13000  reward     nan  ep_len    nan  fell    0  err_xy 0.045  std 0.216  lr 1.0e-04  fps   7555    55.4s
it 8989/13000  reward     nan  ep_len    nan  fell    0  err_xy 0.052  std 0.216  lr 1.0e-04  fps   7689    55.7s
it 8990/13000  reward     nan  ep_len    nan  fell    0  err_xy 0.040  std 0.216  lr 1.0e-04  fps   7670    56.0s
it 8991/13000  reward     nan  ep_len    nan  fell    0  err_xy 0.050  std 0.216  lr 1.0e-04  fps   7624    56.3s
it 8992/13000  reward     nan  ep_len    nan  fell    0  err_xy 0.043  std 0.216  lr 1.0e-04  fps   7125    56.6s
it 8993/13000  reward     nan  ep_len    nan  fell    0  err_xy 0.038  std 0.216  lr 1.0e-04  fps   7667    56.9s
it 8994/13000  reward     nan  ep_len    nan  fell    0  err_xy 0.043  std 0.216  lr 1.0e-04  fps   7531    57.2s
it 8995/13000  reward     nan  ep_len    nan  fell    0  err_xy 0.032  std 0.216  lr 1.0e-04  fps   7359    57.5s
it 8996/13000  reward     nan  ep_len    nan  fell    0  err_xy 0.034  std 0.216  lr 1.0e-04  fps   7492    57.8s
it 8997/13000  reward     nan  ep_len    nan  fell    0  err_xy 0.030  std 0.216  lr 1.0e-04  fps   7474    58.1s
it 8998/13000  reward     nan  ep_len    nan  fell    0  err_xy 0.021  std 0.216  lr 1.0e-04  fps   7396    58.5s
it 8999/13000  reward     nan  ep_len    nan  fell    0  err_xy 0.023  std 0.216  lr 1.0e-04  fps   7378    58.8s
it 9000/13000  reward     nan  ep_len    nan  fell    0  err_xy 0.025  std 0.216  lr 1.0e-04  fps   7429    59.1s
/Users/robertonavoni/Desktop/Lavoro/Progetti-2026/Progetti Software/microduck-ap-ppo-sitl/tools/robots/deploy_contract.py:204: RuntimeWarning: overflow encountered in expm1
  x = np.where(y > 0, y, np.expm1(y)).astype(np.float32) if elu else y.astype(np.float32)
eval iteration 9000:
  prone          success 100.0%  time 4.07s  peak_τ 0.96 Nm  return 70.67
  supine         success 100.0%  time 8.45s  peak_τ 0.95 Nm  return 111.23
  score 1.000
it 9001/13000  reward     nan  ep_len    nan  fell    0  err_xy 0.026  std 0.216  lr 1.0e-04  fps   7120    61.5s
it 9002/13000  reward  249.39  ep_len  808.0  fell    0  err_xy 0.026  std 0.216  lr 1.0e-04  fps   6202    61.9s
it 9003/13000  reward     nan  ep_len    nan  fell    0  err_xy 0.387  std 0.216  lr 1.0e-04  fps   9129    62.2s
it 9004/13000  reward     nan  ep_len    nan  fell    0  err_xy 0.328  std 0.216  lr 1.0e-04  fps   9208    62.4s
it 9005/13000  reward     nan  ep_len    nan  fell    0  err_xy 0.312  std 0.216  lr 1.0e-04  fps   8919    62.7s
it 9006/13000  reward     nan  ep_len    nan  fell    0  err_xy 0.277  std 0.216  lr 1.0e-04  fps   8611    62.9s
it 9007/13000  reward     nan  ep_len    nan  fell    0  err_xy 0.229  std 0.216  lr 1.0e-04  fps   8692    63.2s
it 9008/13000  reward     nan  ep_len    nan  fell    0  err_xy 0.222  std 0.216  lr 1.0e-04  fps   8414    63.5s
it 9009/13000  reward     nan  ep_len    nan  fell    0  err_xy 0.205  std 0.216  lr 1.0e-04  fps   8378    63.8s
it 9010/13000  reward     nan  ep_len    nan  fell    0  err_xy 0.218  std 0.216  lr 1.0e-04  fps   8268    64.0s
it 9011/13000  reward     nan  ep_len    nan  fell    0  err_xy 0.185  std 0.216  lr 1.0e-04  fps   8236    64.3s
it 9012/13000  reward     nan  ep_len    nan  fell    0  err_xy 0.183  std 0.216  lr 1.0e-04  fps   8116    64.6s
it 9013/13000  reward     nan  ep_len    nan  fell    0  err_xy 0.155  std 0.216  lr 1.0e-04  fps   7648    64.9s
it 9014/13000  reward     nan  ep_len    nan  fell    0  err_xy 0.137  std 0.216  lr 1.0e-04  fps   7906    65.2s
it 9015/13000  reward     nan  ep_len    nan  fell    0  err_xy 0.129  std 0.216  lr 1.0e-04  fps   8077    65.5s
it 9016/13000  reward     nan  ep_len    nan  fell    0  err_xy 0.105  std 0.216  lr 1.0e-04  fps   7991    65.8s
it 9017/13000  reward     nan  ep_len    nan  fell    0  err_xy 0.100  std 0.217  lr 1.0e-04  fps   7929    66.1s
it 9018/13000  reward     nan  ep_len    nan  fell    0  err_xy 0.091  std 0.217  lr 1.0e-04  fps   7699    66.4s
it 9019/13000  reward     nan  ep_len    nan  fell    0  err_xy 0.079  std 0.217  lr 1.0e-04  fps   5833    66.7s
it 9020/13000  reward     nan  ep_len    nan  fell    0  err_xy 0.081  std 0.217  lr 1.0e-04  fps   7422    67.1s
it 9021/13000  reward     nan  ep_len    nan  fell    0  err_xy 0.066  std 0.217  lr 1.0e-04  fps   7641    67.4s
it 9022/13000  reward     nan  ep_len    nan  fell    0  err_xy 0.067  std 0.217  lr 1.0e-04  fps   7802    67.7s
it 9023/13000  reward     nan  ep_len    nan  fell    0  err_xy 0.075  std 0.217  lr 1.0e-04  fps   7725    68.0s
it 9024/13000  reward     nan  ep_len    nan  fell    0  err_xy 0.059  std 0.217  lr 1.0e-04  fps   7726    68.3s
it 9025/13000  reward     nan  ep_len    nan  fell    0  err_xy 0.055  std 0.217  lr 1.0e-04  fps   7740    68.6s
it 9026/13000  reward     nan  ep_len    nan  fell    0  err_xy 0.045  std 0.217  lr 1.0e-04  fps   7758    68.9s
it 9027/13000  reward     nan  ep_len    nan  fell    0  err_xy 0.044  std 0.217  lr 1.0e-04  fps   7718    69.1s
it 9028/13000  reward     nan  ep_len    nan  fell    0  err_xy 0.038  std 0.217  lr 1.0e-04  fps   7454    69.5s
it 9029/13000  reward     nan  ep_len    nan  fell    0  err_xy 0.041  std 0.216  lr 1.0e-04  fps   7429    69.8s
it 9030/13000  reward     nan  ep_len    nan  fell    0  err_xy 0.041  std 0.216  lr 1.0e-04  fps   7466    70.1s
it 9031/13000  reward     nan  ep_len    nan  fell    0  err_xy 0.048  std 0.216  lr 1.0e-04  fps   7344    70.4s
it 9032/13000  reward     nan  ep_len    nan  fell    0  err_xy 0.046  std 0.216  lr 1.0e-04  fps   7389    70.7s
it 9033/13000  reward     nan  ep_len    nan  fell    0  err_xy 0.046  std 0.216  lr 1.0e-04  fps   7319    71.0s
it 9034/13000  reward     nan  ep_len    nan  fell    0  err_xy 0.043  std 0.216  lr 1.0e-04  fps   7414    71.3s
it 9035/13000  reward     nan  ep_len    nan  fell    0  err_xy 0.044  std 0.216  lr 1.0e-04  fps   7122    71.7s
it 9036/13000  reward  236.71  ep_len  808.0  fell    0  err_xy 0.110  std 0.216  lr 1.0e-04  fps   6560    72.0s
it 9037/13000  reward     nan  ep_len    nan  fell    0  err_xy 0.407  std 0.216  lr 1.0e-04  fps   9287    72.3s
it 9038/13000  reward     nan  ep_len    nan  fell    0  err_xy 0.331  std 0.216  lr 1.0e-04  fps   8984    72.5s
it 9039/13000  reward     nan  ep_len    nan  fell    0  err_xy 0.303  std 0.217  lr 1.0e-04  fps   8801    72.8s
it 9040/13000  reward     nan  ep_len    nan  fell    0  err_xy 0.215  std 0.217  lr 1.0e-04  fps   8677    73.0s
it 9041/13000  reward     nan  ep_len    nan  fell    0  err_xy 0.196  std 0.217  lr 1.0e-04  fps   8317    73.3s
it 9042/13000  reward     nan  ep_len    nan  fell    0  err_xy 0.171  std 0.217  lr 1.0e-04  fps   8326    73.6s
it 9043/13000  reward     nan  ep_len    nan  fell    0  err_xy 0.143  std 0.217  lr 1.0e-04  fps   8180    73.9s
it 9044/13000  reward     nan  ep_len    nan  fell    0  err_xy 0.122  std 0.217  lr 1.0e-04  fps   8088    74.2s
it 9045/13000  reward     nan  ep_len    nan  fell    0  err_xy 0.124  std 0.217  lr 1.0e-04  fps   8070    74.4s
it 9046/13000  reward     nan  ep_len    nan  fell    0  err_xy 0.113  std 0.217  lr 1.0e-04  fps   8076    74.7s
it 9047/13000  reward     nan  ep_len    nan  fell    0  err_xy 0.096  std 0.217  lr 1.0e-04  fps   7894    75.0s
it 9048/13000  reward     nan  ep_len    nan  fell    0  err_xy 0.078  std 0.217  lr 1.0e-04  fps   7827    75.3s
it 9049/13000  reward     nan  ep_len    nan  fell    0  err_xy 0.078  std 0.216  lr 1.0e-04  fps   7894    75.6s
it 9050/13000  reward     nan  ep_len    nan  fell    0  err_xy 0.057  std 0.216  lr 1.0e-04  fps   7840    75.9s
it 9051/13000  reward     nan  ep_len    nan  fell    0  err_xy 0.062  std 0.216  lr 1.0e-04  fps   7513    76.2s
it 9052/13000  reward     nan  ep_len    nan  fell    0  err_xy 0.065  std 0.216  lr 1.0e-04  fps   7638    76.5s
it 9053/13000  reward     nan  ep_len    nan  fell    0  err_xy 0.053  std 0.217  lr 1.0e-04  fps   7819    76.8s
it 9054/13000  reward     nan  ep_len    nan  fell    0  err_xy 0.029  std 0.216  lr 1.0e-04  fps   7691    77.1s
it 9055/13000  reward     nan  ep_len    nan  fell    0  err_xy 0.030  std 0.216  lr 1.0e-04  fps   7740    77.4s
it 9056/13000  reward     nan  ep_len    nan  fell    0  err_xy 0.030  std 0.216  lr 1.0e-04  fps   7775    77.7s
it 9057/13000  reward     nan  ep_len    nan  fell    0  err_xy 0.027  std 0.216  lr 1.0e-04  fps   7676    78.0s
it 9058/13000  reward     nan  ep_len    nan  fell    0  err_xy 0.030  std 0.216  lr 1.0e-04  fps   7745    78.3s
it 9059/13000  reward     nan  ep_len    nan  fell    0  err_xy 0.025  std 0.216  lr 1.0e-04  fps   7645    78.6s
it 9060/13000  reward     nan  ep_len    nan  fell    0  err_xy 0.028  std 0.216  lr 1.0e-04  fps   7718    78.9s
it 9061/13000  reward     nan  ep_len    nan  fell    0  err_xy 0.024  std 0.216  lr 1.0e-04  fps   7510    79.2s
it 9062/13000  reward     nan  ep_len    nan  fell    0  err_xy 0.024  std 0.216  lr 1.0e-04  fps   7143    79.5s
it 9063/13000  reward     nan  ep_len    nan  fell    0  err_xy 0.019  std 0.216  lr 1.0e-04  fps   7217    79.9s
it 9064/13000  reward     nan  ep_len    nan  fell    0  err_xy 0.018  std 0.216  lr 1.0e-04  fps   7286    80.2s
it 9065/13000  reward     nan  ep_len    nan  fell    0  err_xy 0.017  std 0.216  lr 1.0e-04  fps   7316    80.5s
it 9066/13000  reward     nan  ep_len    nan  fell    0  err_xy 0.016  std 0.216  lr 1.0e-04  fps   7351    80.8s
it 9067/13000  reward     nan  ep_len    nan  fell    0  err_xy 0.017  std 0.216  lr 1.0e-04  fps   7322    81.1s
it 9068/13000  reward     nan  ep_len    nan  fell    0  err_xy 0.017  std 0.216  lr 1.0e-04  fps   7380    81.4s
it 9069/13000  reward     nan  ep_len    nan  fell    0  err_xy 0.019  std 0.216  lr 1.0e-04  fps   7341    81.7s
it 9070/13000  reward  257.10  ep_len  808.0  fell    0  err_xy 0.239  std 0.216  lr 1.0e-04  fps   6947    82.1s
it 9071/13000  reward     nan  ep_len    nan  fell    0  err_xy 0.343  std 0.216  lr 1.0e-04  fps   9176    82.3s
it 9072/13000  reward     nan  ep_len    nan  fell    0  err_xy 0.308  std 0.216  lr 1.0e-04  fps   8757    82.6s
it 9073/13000  reward     nan  ep_len    nan  fell    0  err_xy 0.292  std 0.216  lr 1.0e-04  fps   8468    82.9s
it 9074/13000  reward     nan  ep_len    nan  fell    0  err_xy 0.221  std 0.216  lr 1.0e-04  fps   8510    83.1s
it 9075/13000  reward     nan  ep_len    nan  fell    0  err_xy 0.211  std 0.216  lr 1.0e-04  fps   8459    83.4s
it 9076/13000  reward     nan  ep_len    nan  fell    0  err_xy 0.196  std 0.216  lr 1.0e-04  fps   8265    83.7s
it 9077/13000  reward     nan  ep_len    nan  fell    0  err_xy 0.154  std 0.216  lr 1.0e-04  fps   8206    84.0s
it 9078/13000  reward     nan  ep_len    nan  fell    0  err_xy 0.133  std 0.216  lr 1.0e-04  fps   7886    84.3s
it 9079/13000  reward     nan  ep_len    nan  fell    0  err_xy 0.115  std 0.216  lr 1.0e-04  fps   8054    84.5s
it 9080/13000  reward     nan  ep_len    nan  fell    0  err_xy 0.106  std 0.216  lr 1.0e-04  fps   8012    84.8s
it 9081/13000  reward     nan  ep_len    nan  fell    0  err_xy 0.093  std 0.216  lr 1.0e-04  fps   7885    85.1s
it 9082/13000  reward     nan  ep_len    nan  fell    0  err_xy 0.101  std 0.216  lr 1.0e-04  fps   7854    85.4s
it 9083/13000  reward     nan  ep_len    nan  fell    0  err_xy 0.084  std 0.216  lr 1.0e-04  fps   7860    85.7s
it 9084/13000  reward     nan  ep_len    nan  fell    0  err_xy 0.071  std 0.216  lr 1.0e-04  fps   7629    86.0s
it 9085/13000  reward     nan  ep_len    nan  fell    0  err_xy 0.062  std 0.216  lr 1.0e-04  fps   7613    86.3s
it 9086/13000  reward     nan  ep_len    nan  fell    0  err_xy 0.053  std 0.216  lr 1.0e-04  fps   7644    86.6s
it 9087/13000  reward     nan  ep_len    nan  fell    0  err_xy 0.052  std 0.216  lr 1.0e-04  fps   7718    86.9s
it 9088/13000  reward     nan  ep_len    nan  fell    0  err_xy 0.041  std 0.216  lr 1.0e-04  fps   7742    87.2s
it 9089/13000  reward     nan  ep_len    nan  fell    0  err_xy 0.042  std 0.216  lr 1.0e-04  fps   7638    87.5s
it 9090/13000  reward     nan  ep_len    nan  fell    0  err_xy 0.037  std 0.216  lr 1.0e-04  fps   6739    87.9s
it 9091/13000  reward     nan  ep_len    nan  fell    0  err_xy 0.037  std 0.216  lr 1.0e-04  fps   7376    88.2s
it 9092/13000  reward     nan  ep_len    nan  fell    0  err_xy 0.043  std 0.216  lr 1.0e-04  fps   7623    88.5s
it 9093/13000  reward     nan  ep_len    nan  fell    0  err_xy 0.040  std 0.216  lr 1.0e-04  fps   7671    88.8s
it 9094/13000  reward     nan  ep_len    nan  fell    0  err_xy 0.042  std 0.216  lr 1.0e-04  fps   7503    89.1s
it 9095/13000  reward     nan  ep_len    nan  fell    0  err_xy 0.029  std 0.216  lr 1.0e-04  fps   7498    89.4s
it 9096/13000  reward     nan  ep_len    nan  fell    0  err_xy 0.031  std 0.216  lr 1.0e-04  fps   7236    89.7s
it 9097/13000  reward     nan  ep_len    nan  fell    0  err_xy 0.027  std 0.216  lr 1.0e-04  fps   7136    90.0s
it 9098/13000  reward     nan  ep_len    nan  fell    0  err_xy 0.030  std 0.216  lr 1.0e-04  fps   7448    90.3s
it 9099/13000  reward     nan  ep_len    nan  fell    0  err_xy 0.029  std 0.216  lr 1.0e-04  fps   7415    90.6s
it 9100/13000  reward     nan  ep_len    nan  fell    0  err_xy 0.035  std 0.216  lr 1.0e-04  fps   6988    91.0s
it 9101/13000  reward     nan  ep_len    nan  fell    0  err_xy 0.033  std 0.216  lr 1.0e-04  fps   6726    91.3s
it 9102/13000  reward     nan  ep_len    nan  fell    0  err_xy 0.036  std 0.216  lr 1.0e-04  fps   7501    91.6s
it 9103/13000  reward  249.21  ep_len  808.0  fell    0  err_xy 0.039  std 0.216  lr 1.0e-04  fps   6375    92.0s
it 9104/13000  reward     nan  ep_len    nan  fell    0  err_xy 0.350  std 0.216  lr 1.0e-04  fps   8592    92.3s
it 9105/13000  reward     nan  ep_len    nan  fell    0  err_xy 0.339  std 0.216  lr 1.0e-04  fps   8639    92.5s
it 9106/13000  reward     nan  ep_len    nan  fell    0  err_xy 0.350  std 0.216  lr 1.0e-04  fps   8404    92.8s
it 9107/13000  reward     nan  ep_len    nan  fell    0  err_xy 0.278  std 0.216  lr 1.0e-04  fps   8458    93.1s
it 9108/13000  reward     nan  ep_len    nan  fell    0  err_xy 0.246  std 0.216  lr 1.0e-04  fps   8375    93.4s
it 9109/13000  reward     nan  ep_len    nan  fell    0  err_xy 0.232  std 0.216  lr 1.0e-04  fps   8110    93.6s
it 9110/13000  reward     nan  ep_len    nan  fell    0  err_xy 0.204  std 0.216  lr 1.0e-04  fps   8086    93.9s
it 9111/13000  reward     nan  ep_len    nan  fell    0  err_xy 0.163  std 0.216  lr 1.0e-04  fps   8373    94.2s
it 9112/13000  reward     nan  ep_len    nan  fell    0  err_xy 0.166  std 0.216  lr 1.0e-04  fps   8247    94.5s
it 9113/13000  reward     nan  ep_len    nan  fell    0  err_xy 0.130  std 0.216  lr 1.0e-04  fps   8125    94.8s
it 9114/13000  reward     nan  ep_len    nan  fell    0  err_xy 0.112  std 0.216  lr 1.0e-04  fps   8240    95.0s
it 9115/13000  reward     nan  ep_len    nan  fell    0  err_xy 0.102  std 0.216  lr 1.0e-04  fps   8142    95.3s
it 9116/13000  reward     nan  ep_len    nan  fell    0  err_xy 0.096  std 0.216  lr 1.0e-04  fps   8168    95.6s
it 9117/13000  reward     nan  ep_len    nan  fell    0  err_xy 0.104  std 0.216  lr 1.0e-04  fps   7776    95.9s
it 9118/13000  reward     nan  ep_len    nan  fell    0  err_xy 0.073  std 0.216  lr 1.0e-04  fps   7783    96.2s
it 9119/13000  reward     nan  ep_len    nan  fell    0  err_xy 0.065  std 0.216  lr 1.0e-04  fps   7952    96.5s
it 9120/13000  reward     nan  ep_len    nan  fell    0  err_xy 0.059  std 0.216  lr 1.0e-04  fps   7919    96.8s
it 9121/13000  reward     nan  ep_len    nan  fell    0  err_xy 0.057  std 0.216  lr 1.0e-04  fps   8005    97.1s
it 9122/13000  reward     nan  ep_len    nan  fell    0  err_xy 0.058  std 0.216  lr 1.0e-04  fps   7671    97.4s
it 9123/13000  reward     nan  ep_len    nan  fell    0  err_xy 0.053  std 0.216  lr 1.0e-04  fps   7896    97.7s
it 9124/13000  reward     nan  ep_len    nan  fell    0  err_xy 0.044  std 0.216  lr 1.0e-04  fps   7931    98.0s
it 9125/13000  reward     nan  ep_len    nan  fell    0  err_xy 0.040  std 0.216  lr 1.0e-04  fps   7767    98.3s
it 9126/13000  reward     nan  ep_len    nan  fell    0  err_xy 0.043  std 0.216  lr 1.0e-04  fps   7721    98.5s
it 9127/13000  reward     nan  ep_len    nan  fell    0  err_xy 0.037  std 0.216  lr 1.0e-04  fps   7833    98.8s
it 9128/13000  reward     nan  ep_len    nan  fell    0  err_xy 0.042  std 0.216  lr 1.0e-04  fps   7949    99.1s
it 9129/13000  reward     nan  ep_len    nan  fell    0  err_xy 0.029  std 0.216  lr 1.0e-04  fps   7350    99.4s
it 9130/13000  reward     nan  ep_len    nan  fell    0  err_xy 0.039  std 0.216  lr 1.0e-04  fps   7342    99.8s
it 9131/13000  reward     nan  ep_len    nan  fell    0  err_xy 0.031  std 0.216  lr 1.0e-04  fps   7499   100.1s
it 9132/13000  reward     nan  ep_len    nan  fell    0  err_xy 0.030  std 0.216  lr 1.0e-04  fps   7589   100.4s
it 9133/13000  reward     nan  ep_len    nan  fell    0  err_xy 0.028  std 0.216  lr 1.0e-04  fps   7582   100.7s
it 9134/13000  reward     nan  ep_len    nan  fell    0  err_xy 0.042  std 0.216  lr 1.0e-04  fps   7638   101.0s
it 9135/13000  reward     nan  ep_len    nan  fell    0  err_xy 0.039  std 0.216  lr 1.0e-04  fps   7619   101.3s
it 9136/13000  reward     nan  ep_len    nan  fell    0  err_xy 0.035  std 0.216  lr 1.0e-04  fps   7608   101.6s
it 9137/13000  reward  238.54  ep_len  808.0  fell    0  err_xy 0.108  std 0.216  lr 1.0e-04  fps   6710   101.9s
it 9138/13000  reward     nan  ep_len    nan  fell    0  err_xy 0.387  std 0.216  lr 1.0e-04  fps   9152   102.2s
it 9139/13000  reward     nan  ep_len    nan  fell    0  err_xy 0.325  std 0.216  lr 1.0e-04  fps   8769   102.4s
it 9140/13000  reward     nan  ep_len    nan  fell    0  err_xy 0.314  std 0.216  lr 1.0e-04  fps   8659   102.7s
it 9141/13000  reward     nan  ep_len    nan  fell    0  err_xy 0.254  std 0.216  lr 1.0e-04  fps   8585   103.0s
it 9142/13000  reward     nan  ep_len    nan  fell    0  err_xy 0.204  std 0.216  lr 1.0e-04  fps   8418   103.3s
it 9143/13000  reward     nan  ep_len    nan  fell    0  err_xy 0.199  std 0.216  lr 1.0e-04  fps   8485   103.5s
it 9144/13000  reward     nan  ep_len    nan  fell    0  err_xy 0.150  std 0.216  lr 1.0e-04  fps   8268   103.8s
it 9145/13000  reward     nan  ep_len    nan  fell    0  err_xy 0.144  std 0.216  lr 1.0e-04  fps   8109   104.1s
it 9146/13000  reward     nan  ep_len    nan  fell    0  err_xy 0.124  std 0.216  lr 1.0e-04  fps   8066   104.4s
it 9147/13000  reward     nan  ep_len    nan  fell    0  err_xy 0.119  std 0.216  lr 1.0e-04  fps   7839   104.7s
it 9148/13000  reward     nan  ep_len    nan  fell    0  err_xy 0.110  std 0.216  lr 1.0e-04  fps   7636   105.0s
it 9149/13000  reward     nan  ep_len    nan  fell    0  err_xy 0.076  std 0.216  lr 1.0e-04  fps   7921   105.3s
it 9150/13000  reward     nan  ep_len    nan  fell    0  err_xy 0.071  std 0.216  lr 1.0e-04  fps   7868   105.6s
it 9151/13000  reward     nan  ep_len    nan  fell    0  err_xy 0.056  std 0.216  lr 1.0e-04  fps   7811   105.8s
it 9152/13000  reward     nan  ep_len    nan  fell    0  err_xy 0.062  std 0.216  lr 1.0e-04  fps   7847   106.1s
it 9153/13000  reward     nan  ep_len    nan  fell    0  err_xy 0.047  std 0.216  lr 1.0e-04  fps   7895   106.4s
it 9154/13000  reward     nan  ep_len    nan  fell    0  err_xy 0.038  std 0.216  lr 1.0e-04  fps   7782   106.7s
it 9155/13000  reward     nan  ep_len    nan  fell    0  err_xy 0.052  std 0.216  lr 1.0e-04  fps   7832   107.0s
it 9156/13000  reward     nan  ep_len    nan  fell    0  err_xy 0.040  std 0.216  lr 1.0e-04  fps   7711   107.3s
it 9157/13000  reward     nan  ep_len    nan  fell    0  err_xy 0.038  std 0.217  lr 1.0e-04  fps   7799   107.6s
it 9158/13000  reward     nan  ep_len    nan  fell    0  err_xy 0.032  std 0.217  lr 1.0e-04  fps   7864   107.9s
it 9159/13000  reward     nan  ep_len    nan  fell    0  err_xy 0.031  std 0.216  lr 1.0e-04  fps   7794   108.2s
it 9160/13000  reward     nan  ep_len    nan  fell    0  err_xy 0.025  std 0.216  lr 1.0e-04  fps   7560   108.5s
it 9161/13000  reward     nan  ep_len    nan  fell    0  err_xy 0.022  std 0.216  lr 1.0e-04  fps   7741   108.8s
it 9162/13000  reward     nan  ep_len    nan  fell    0  err_xy 0.024  std 0.216  lr 1.0e-04  fps   7691   109.1s
it 9163/13000  reward     nan  ep_len    nan  fell    0  err_xy 0.019  std 0.216  lr 1.0e-04  fps   7396   109.4s
it 9164/13000  reward     nan  ep_len    nan  fell    0  err_xy 0.019  std 0.216  lr 1.0e-04  fps   7457   109.7s
it 9165/13000  reward     nan  ep_len    nan  fell    0  err_xy 0.023  std 0.216  lr 1.0e-04  fps   7498   110.0s
it 9166/13000  reward     nan  ep_len    nan  fell    0  err_xy 0.021  std 0.216  lr 1.0e-04  fps   7482   110.4s
it 9167/13000  reward     nan  ep_len    nan  fell    0  err_xy 0.021  std 0.216  lr 1.0e-04  fps   7578   110.7s
it 9168/13000  reward     nan  ep_len    nan  fell    0  err_xy 0.022  std 0.216  lr 1.0e-04  fps   7537   111.0s
it 9169/13000  reward     nan  ep_len    nan  fell    0  err_xy 0.019  std 0.216  lr 1.0e-04  fps   7518   111.3s
it 9170/13000  reward     nan  ep_len    nan  fell    0  err_xy 0.022  std 0.216  lr 1.0e-04  fps   7593   111.6s
it 9171/13000  reward  247.54  ep_len  808.0  fell    0  err_xy 0.265  std 0.216  lr 1.0e-04  fps   6688   111.9s
it 9172/13000  reward     nan  ep_len    nan  fell    0  err_xy 0.345  std 0.216  lr 1.0e-04  fps   9098   112.2s
it 9173/13000  reward     nan  ep_len    nan  fell    0  err_xy 0.350  std 0.216  lr 1.0e-04  fps   8894   112.4s
it 9174/13000  reward     nan  ep_len    nan  fell    0  err_xy 0.314  std 0.216  lr 1.0e-04  fps   8986   112.7s
it 9175/13000  reward     nan  ep_len    nan  fell    0  err_xy 0.269  std 0.216  lr 1.0e-04  fps   8768   112.9s
it 9176/13000  reward     nan  ep_len    nan  fell    0  err_xy 0.252  std 0.216  lr 1.0e-04  fps   8581   113.2s
it 9177/13000  reward     nan  ep_len    nan  fell    0  err_xy 0.234  std 0.216  lr 1.0e-04  fps   8486   113.5s
it 9178/13000  reward     nan  ep_len    nan  fell    0  err_xy 0.211  std 0.216  lr 1.0e-04  fps   8286   113.8s
it 9179/13000  reward     nan  ep_len    nan  fell    0  err_xy 0.183  std 0.216  lr 1.0e-04  fps   8257   114.0s
it 9180/13000  reward     nan  ep_len    nan  fell    0  err_xy 0.168  std 0.216  lr 1.0e-04  fps   8209   114.3s
it 9181/13000  reward     nan  ep_len    nan  fell    0  err_xy 0.189  std 0.216  lr 1.0e-04  fps   7965   114.6s
it 9182/13000  reward     nan  ep_len    nan  fell    0  err_xy 0.166  std 0.216  lr 1.0e-04  fps   8013   114.9s
it 9183/13000  reward     nan  ep_len    nan  fell    0  err_xy 0.156  std 0.216  lr 1.0e-04  fps   7931   115.2s
it 9184/13000  reward     nan  ep_len    nan  fell    0  err_xy 0.137  std 0.216  lr 1.0e-04  fps   7920   115.5s
it 9185/13000  reward     nan  ep_len    nan  fell    0  err_xy 0.127  std 0.216  lr 1.0e-04  fps   7870   115.8s
it 9186/13000  reward     nan  ep_len    nan  fell    0  err_xy 0.106  std 0.216  lr 1.0e-04  fps   7822   116.1s
it 9187/13000  reward     nan  ep_len    nan  fell    0  err_xy 0.093  std 0.216  lr 1.0e-04  fps   7890   116.4s
it 9188/13000  reward     nan  ep_len    nan  fell    0  err_xy 0.106  std 0.216  lr 1.0e-04  fps   7861   116.7s
it 9189/13000  reward     nan  ep_len    nan  fell    0  err_xy 0.069  std 0.216  lr 1.0e-04  fps   7860   117.0s
it 9190/13000  reward     nan  ep_len    nan  fell    0  err_xy 0.088  std 0.216  lr 1.0e-04  fps   7814   117.2s
it 9191/13000  reward     nan  ep_len    nan  fell    0  err_xy 0.076  std 0.216  lr 1.0e-04  fps   7720   117.5s
it 9192/13000  reward     nan  ep_len    nan  fell    0  err_xy 0.075  std 0.216  lr 1.0e-04  fps   7158   117.9s
it 9193/13000  reward     nan  ep_len    nan  fell    0  err_xy 0.064  std 0.216  lr 1.0e-04  fps   7205   118.2s
it 9194/13000  reward     nan  ep_len    nan  fell    0  err_xy 0.058  std 0.216  lr 1.0e-04  fps   7465   118.5s
it 9195/13000  reward     nan  ep_len    nan  fell    0  err_xy 0.046  std 0.216  lr 1.0e-04  fps   7569   118.8s
it 9196/13000  reward     nan  ep_len    nan  fell    0  err_xy 0.040  std 0.216  lr 1.0e-04  fps   7582   119.1s
it 9197/13000  reward     nan  ep_len    nan  fell    0  err_xy 0.042  std 0.216  lr 1.0e-04  fps   7475   119.4s
it 9198/13000  reward     nan  ep_len    nan  fell    0  err_xy 0.031  std 0.216  lr 1.0e-04  fps   7480   119.7s
it 9199/13000  reward     nan  ep_len    nan  fell    0  err_xy 0.034  std 0.216  lr 1.0e-04  fps   7454   120.0s
it 9200/13000  reward     nan  ep_len    nan  fell    0  err_xy 0.030  std 0.216  lr 1.0e-04  fps   7483   120.3s
it 9201/13000  reward     nan  ep_len    nan  fell    0  err_xy 0.032  std 0.216  lr 1.0e-04  fps   7548   120.7s
it 9202/13000  reward     nan  ep_len    nan  fell    0  err_xy 0.027  std 0.216  lr 1.0e-04  fps   7507   121.0s
it 9203/13000  reward     nan  ep_len    nan  fell    0  err_xy 0.025  std 0.216  lr 1.0e-04  fps   7427   121.3s
it 9204/13000  reward  233.18  ep_len  808.0  fell    0  err_xy 0.017  std 0.216  lr 1.0e-04  fps   6366   121.6s
it 9205/13000  reward     nan  ep_len    nan  fell    0  err_xy 0.382  std 0.216  lr 1.0e-04  fps   8973   121.9s
it 9206/13000  reward     nan  ep_len    nan  fell    0  err_xy 0.299  std 0.216  lr 1.0e-04  fps   9114   122.1s
it 9207/13000  reward     nan  ep_len    nan  fell    0  err_xy 0.312  std 0.216  lr 1.0e-04  fps   8721   122.4s
it 9208/13000  reward     nan  ep_len    nan  fell    0  err_xy 0.296  std 0.216  lr 1.0e-04  fps   8550   122.7s
it 9209/13000  reward     nan  ep_len    nan  fell    0  err_xy 0.257  std 0.216  lr 1.0e-04  fps   8574   122.9s
it 9210/13000  reward     nan  ep_len    nan  fell    0  err_xy 0.235  std 0.216  lr 1.0e-04  fps   8397   123.2s
it 9211/13000  reward     nan  ep_len    nan  fell    0  err_xy 0.187  std 0.216  lr 1.0e-04  fps   8304   123.5s
it 9212/13000  reward     nan  ep_len    nan  fell    0  err_xy 0.160  std 0.216  lr 1.0e-04  fps   8148   123.8s
it 9213/13000  reward     nan  ep_len    nan  fell    0  err_xy 0.132  std 0.216  lr 1.0e-04  fps   7975   124.1s
it 9214/13000  reward     nan  ep_len    nan  fell    0  err_xy 0.121  std 0.216  lr 1.0e-04  fps   7863   124.4s
it 9215/13000  reward     nan  ep_len    nan  fell    0  err_xy 0.115  std 0.216  lr 1.0e-04  fps   7823   124.7s
it 9216/13000  reward     nan  ep_len    nan  fell    0  err_xy 0.095  std 0.216  lr 1.0e-04  fps   7766   125.0s
it 9217/13000  reward     nan  ep_len    nan  fell    0  err_xy 0.082  std 0.216  lr 1.0e-04  fps   7715   125.3s
it 9218/13000  reward     nan  ep_len    nan  fell    0  err_xy 0.069  std 0.216  lr 1.0e-04  fps   7771   125.6s
it 9219/13000  reward     nan  ep_len    nan  fell    0  err_xy 0.059  std 0.216  lr 1.0e-04  fps   7723   125.8s
it 9220/13000  reward     nan  ep_len    nan  fell    0  err_xy 0.055  std 0.216  lr 1.0e-04  fps   7670   126.1s
it 9221/13000  reward     nan  ep_len    nan  fell    0  err_xy 0.038  std 0.216  lr 1.0e-04  fps   7668   126.5s
it 9222/13000  reward     nan  ep_len    nan  fell    0  err_xy 0.030  std 0.216  lr 1.0e-04  fps   6547   126.8s
it 9223/13000  reward     nan  ep_len    nan  fell    0  err_xy 0.028  std 0.216  lr 1.0e-04  fps   7378   127.1s
it 9224/13000  reward     nan  ep_len    nan  fell    0  err_xy 0.035  std 0.216  lr 1.0e-04  fps   6953   127.4s
it 9225/13000  reward     nan  ep_len    nan  fell    0  err_xy 0.027  std 0.216  lr 1.0e-04  fps   7612   127.7s
it 9226/13000  reward     nan  ep_len    nan  fell    0  err_xy 0.024  std 0.216  lr 1.0e-04  fps   7725   128.0s
it 9227/13000  reward     nan  ep_len    nan  fell    0  err_xy 0.021  std 0.216  lr 1.0e-04  fps   7715   128.3s
it 9228/13000  reward     nan  ep_len    nan  fell    0  err_xy 0.025  std 0.216  lr 1.0e-04  fps   7726   128.6s
it 9229/13000  reward     nan  ep_len    nan  fell    0  err_xy 0.020  std 0.216  lr 1.0e-04  fps   7574   129.0s
it 9230/13000  reward     nan  ep_len    nan  fell    0  err_xy 0.018  std 0.216  lr 1.0e-04  fps   7283   129.3s
it 9231/13000  reward     nan  ep_len    nan  fell    0  err_xy 0.016  std 0.216  lr 1.0e-04  fps   7291   129.6s
it 9232/13000  reward     nan  ep_len    nan  fell    0  err_xy 0.015  std 0.216  lr 1.0e-04  fps   7367   129.9s
it 9233/13000  reward     nan  ep_len    nan  fell    0  err_xy 0.015  std 0.216  lr 1.0e-04  fps   7465   130.2s
it 9234/13000  reward     nan  ep_len    nan  fell    0  err_xy 0.016  std 0.216  lr 1.0e-04  fps   7471   130.5s
it 9235/13000  reward     nan  ep_len    nan  fell    0  err_xy 0.021  std 0.216  lr 1.0e-04  fps   7564   130.8s
it 9236/13000  reward     nan  ep_len    nan  fell    0  err_xy 0.024  std 0.216  lr 1.0e-04  fps   7535   131.1s
it 9237/13000  reward     nan  ep_len    nan  fell    0  err_xy 0.025  std 0.216  lr 1.0e-04  fps   7540   131.4s
it 9238/13000  reward  251.63  ep_len  808.0  fell    0  err_xy 0.090  std 0.216  lr 1.0e-04  fps   6700   131.8s
it 9239/13000  reward     nan  ep_len    nan  fell    0  err_xy 0.396  std 0.216  lr 1.0e-04  fps   9174   132.0s
it 9240/13000  reward     nan  ep_len    nan  fell    0  err_xy 0.265  std 0.216  lr 1.0e-04  fps   9016   132.3s
it 9241/13000  reward     nan  ep_len    nan  fell    0  err_xy 0.289  std 0.216  lr 1.0e-04  fps   8556   132.6s
it 9242/13000  reward     nan  ep_len    nan  fell    0  err_xy 0.191  std 0.216  lr 1.0e-04  fps   8260   132.8s
it 9243/13000  reward     nan  ep_len    nan  fell    0  err_xy 0.161  std 0.216  lr 1.0e-04  fps   8149   133.1s
it 9244/13000  reward     nan  ep_len    nan  fell    0  err_xy 0.134  std 0.216  lr 1.0e-04  fps   8051   133.4s
it 9245/13000  reward     nan  ep_len    nan  fell    0  err_xy 0.100  std 0.216  lr 1.0e-04  fps   7745   133.7s
it 9246/13000  reward     nan  ep_len    nan  fell    0  err_xy 0.088  std 0.216  lr 1.0e-04  fps   7920   134.0s
it 9247/13000  reward     nan  ep_len    nan  fell    0  err_xy 0.084  std 0.216  lr 1.0e-04  fps   7893   134.3s
it 9248/13000  reward     nan  ep_len    nan  fell    0  err_xy 0.070  std 0.216  lr 1.0e-04  fps   7867   134.6s
it 9249/13000  reward     nan  ep_len    nan  fell    0  err_xy 0.068  std 0.216  lr 1.0e-04  fps   7862   134.9s
it 9250/13000  reward     nan  ep_len    nan  fell    0  err_xy 0.077  std 0.216  lr 1.0e-04  fps   7845   135.2s
it 9251/13000  reward     nan  ep_len    nan  fell    0  err_xy 0.052  std 0.216  lr 1.0e-04  fps   7796   135.5s
it 9252/13000  reward     nan  ep_len    nan  fell    0  err_xy 0.056  std 0.216  lr 1.0e-04  fps   7730   135.8s
it 9253/13000  reward     nan  ep_len    nan  fell    0  err_xy 0.046  std 0.216  lr 1.0e-04  fps   7740   136.1s
it 9254/13000  reward     nan  ep_len    nan  fell    0  err_xy 0.041  std 0.216  lr 1.0e-04  fps   7712   136.4s
it 9255/13000  reward     nan  ep_len    nan  fell    0  err_xy 0.037  std 0.216  lr 1.0e-04  fps   7712   136.7s
it 9256/13000  reward     nan  ep_len    nan  fell    0  err_xy 0.029  std 0.216  lr 1.0e-04  fps   7667   137.0s
it 9257/13000  reward     nan  ep_len    nan  fell    0  err_xy 0.025  std 0.216  lr 1.0e-04  fps   7571   137.3s
it 9258/13000  reward     nan  ep_len    nan  fell    0  err_xy 0.027  std 0.216  lr 1.0e-04  fps   7535   137.6s
it 9259/13000  reward     nan  ep_len    nan  fell    0  err_xy 0.023  std 0.216  lr 1.0e-04  fps   7500   137.9s
it 9260/13000  reward     nan  ep_len    nan  fell    0  err_xy 0.023  std 0.216  lr 1.0e-04  fps   7558   138.2s
it 9261/13000  reward     nan  ep_len    nan  fell    0  err_xy 0.018  std 0.216  lr 1.0e-04  fps   7571   138.5s
it 9262/13000  reward     nan  ep_len    nan  fell    0  err_xy 0.020  std 0.216  lr 1.0e-04  fps   7512   138.8s
it 9263/13000  reward     nan  ep_len    nan  fell    0  err_xy 0.017  std 0.216  lr 1.0e-04  fps   7496   139.1s
it 9264/13000  reward     nan  ep_len    nan  fell    0  err_xy 0.018  std 0.216  lr 1.0e-04  fps   7299   139.4s
it 9265/13000  reward     nan  ep_len    nan  fell    0  err_xy 0.018  std 0.216  lr 1.0e-04  fps   7366   139.7s
it 9266/13000  reward     nan  ep_len    nan  fell    0  err_xy 0.017  std 0.216  lr 1.0e-04  fps   7417   140.0s
it 9267/13000  reward     nan  ep_len    nan  fell    0  err_xy 0.024  std 0.216  lr 1.0e-04  fps   7346   140.4s
it 9268/13000  reward     nan  ep_len    nan  fell    0  err_xy 0.021  std 0.216  lr 1.0e-04  fps   7409   140.7s
it 9269/13000  reward     nan  ep_len    nan  fell    0  err_xy 0.022  std 0.216  lr 1.0e-04  fps   7416   141.0s
it 9270/13000  reward     nan  ep_len    nan  fell    0  err_xy 0.025  std 0.216  lr 1.0e-04  fps   7234   141.3s
it 9271/13000  reward     nan  ep_len    nan  fell    0  err_xy 0.024  std 0.216  lr 1.0e-04  fps   7446   141.6s
it 9272/13000  reward  254.45  ep_len  808.0  fell    0  err_xy 0.245  std 0.216  lr 1.0e-04  fps   6869   141.9s
it 9273/13000  reward     nan  ep_len    nan  fell    0  err_xy 0.318  std 0.216  lr 1.0e-04  fps   9140   142.2s
it 9274/13000  reward     nan  ep_len    nan  fell    0  err_xy 0.236  std 0.216  lr 1.0e-04  fps   9088   142.4s
it 9275/13000  reward     nan  ep_len    nan  fell    0  err_xy 0.240  std 0.216  lr 1.0e-04  fps   8542   142.7s
it 9276/13000  reward     nan  ep_len    nan  fell    0  err_xy 0.209  std 0.216  lr 1.0e-04  fps   8343   143.0s
it 9277/13000  reward     nan  ep_len    nan  fell    0  err_xy 0.159  std 0.216  lr 1.0e-04  fps   8111   143.3s
it 9278/13000  reward     nan  ep_len    nan  fell    0  err_xy 0.119  std 0.216  lr 1.0e-04  fps   7874   143.6s
it 9279/13000  reward     nan  ep_len    nan  fell    0  err_xy 0.093  std 0.216  lr 1.0e-04  fps   7687   143.9s
it 9280/13000  reward     nan  ep_len    nan  fell    0  err_xy 0.069  std 0.216  lr 1.0e-04  fps   7606   144.2s
it 9281/13000  reward     nan  ep_len    nan  fell    0  err_xy 0.058  std 0.216  lr 1.0e-04  fps   7600   144.5s
it 9282/13000  reward     nan  ep_len    nan  fell    0  err_xy 0.057  std 0.216  lr 1.0e-04  fps   7682   144.8s
it 9283/13000  reward     nan  ep_len    nan  fell    0  err_xy 0.047  std 0.216  lr 1.0e-04  fps   7675   145.1s
it 9284/13000  reward     nan  ep_len    nan  fell    0  err_xy 0.050  std 0.216  lr 1.0e-04  fps   7670   145.4s
it 9285/13000  reward     nan  ep_len    nan  fell    0  err_xy 0.040  std 0.216  lr 1.0e-04  fps   7718   145.7s
it 9286/13000  reward     nan  ep_len    nan  fell    0  err_xy 0.030  std 0.216  lr 1.0e-04  fps   7730   146.0s
it 9287/13000  reward     nan  ep_len    nan  fell    0  err_xy 0.031  std 0.216  lr 1.0e-04  fps   7623   146.3s
it 9288/13000  reward     nan  ep_len    nan  fell    0  err_xy 0.024  std 0.216  lr 1.0e-04  fps   7598   146.6s
it 9289/13000  reward     nan  ep_len    nan  fell    0  err_xy 0.020  std 0.216  lr 1.0e-04  fps   7673   146.9s
it 9290/13000  reward     nan  ep_len    nan  fell    0  err_xy 0.019  std 0.216  lr 1.0e-04  fps   7669   147.2s
it 9291/13000  reward     nan  ep_len    nan  fell    0  err_xy 0.017  std 0.216  lr 1.0e-04  fps   7583   147.5s
it 9292/13000  reward     nan  ep_len    nan  fell    0  err_xy 0.017  std 0.216  lr 1.0e-04  fps   7640   147.8s
it 9293/13000  reward     nan  ep_len    nan  fell    0  err_xy 0.016  std 0.216  lr 1.0e-04  fps   7718   148.1s
it 9294/13000  reward     nan  ep_len    nan  fell    0  err_xy 0.016  std 0.216  lr 1.0e-04  fps   7667   148.4s
it 9295/13000  reward     nan  ep_len    nan  fell    0  err_xy 0.017  std 0.216  lr 1.0e-04  fps   7720   148.7s
it 9296/13000  reward     nan  ep_len    nan  fell    0  err_xy 0.020  std 0.216  lr 1.0e-04  fps   7715   149.0s
it 9297/13000  reward     nan  ep_len    nan  fell    0  err_xy 0.017  std 0.216  lr 1.0e-04  fps   7525   149.3s
it 9298/13000  reward     nan  ep_len    nan  fell    0  err_xy 0.019  std 0.216  lr 1.0e-04  fps   7483   149.6s
it 9299/13000  reward     nan  ep_len    nan  fell    0  err_xy 0.021  std 0.216  lr 1.0e-04  fps   7444   149.9s
it 9300/13000  reward     nan  ep_len    nan  fell    0  err_xy 0.020  std 0.216  lr 1.0e-04  fps   7475   150.2s
it 9301/13000  reward     nan  ep_len    nan  fell    0  err_xy 0.018  std 0.216  lr 1.0e-04  fps   7403   150.5s
it 9302/13000  reward     nan  ep_len    nan  fell    0  err_xy 0.020  std 0.216  lr 1.0e-04  fps   7407   150.8s
it 9303/13000  reward     nan  ep_len    nan  fell    0  err_xy 0.018  std 0.216  lr 1.0e-04  fps   7426   151.2s
it 9304/13000  reward     nan  ep_len    nan  fell    0  err_xy 0.017  std 0.215  lr 1.0e-04  fps   7498   151.5s
it 9305/13000  reward  258.01  ep_len  808.0  fell    0  err_xy 0.017  std 0.215  lr 1.0e-04  fps   6194   151.8s
it 9306/13000  reward     nan  ep_len    nan  fell    0  err_xy 0.325  std 0.215  lr 1.0e-04  fps   9056   152.1s
it 9307/13000  reward     nan  ep_len    nan  fell    0  err_xy 0.296  std 0.215  lr 1.0e-04  fps   9092   152.3s
it 9308/13000  reward     nan  ep_len    nan  fell    0  err_xy 0.250  std 0.215  lr 1.0e-04  fps   8809   152.6s
it 9309/13000  reward     nan  ep_len    nan  fell    0  err_xy 0.241  std 0.215  lr 1.0e-04  fps   8541   152.9s
it 9310/13000  reward     nan  ep_len    nan  fell    0  err_xy 0.166  std 0.215  lr 1.0e-04  fps   8248   153.2s
it 9311/13000  reward     nan  ep_len    nan  fell    0  err_xy 0.118  std 0.215  lr 1.0e-04  fps   8104   153.4s
it 9312/13000  reward     nan  ep_len    nan  fell    0  err_xy 0.103  std 0.215  lr 1.0e-04  fps   8013   153.7s
it 9313/13000  reward     nan  ep_len    nan  fell    0  err_xy 0.087  std 0.215  lr 1.0e-04  fps   7999   154.0s
it 9314/13000  reward     nan  ep_len    nan  fell    0  err_xy 0.069  std 0.215  lr 1.0e-04  fps   7883   154.3s
it 9315/13000  reward     nan  ep_len    nan  fell    0  err_xy 0.060  std 0.215  lr 1.0e-04  fps   7864   154.6s
it 9316/13000  reward     nan  ep_len    nan  fell    0  err_xy 0.045  std 0.216  lr 1.0e-04  fps   7883   154.9s
it 9317/13000  reward     nan  ep_len    nan  fell    0  err_xy 0.040  std 0.216  lr 1.0e-04  fps   7593   155.2s
it 9318/13000  reward     nan  ep_len    nan  fell    0  err_xy 0.042  std 0.216  lr 1.0e-04  fps   7463   155.5s
it 9319/13000  reward     nan  ep_len    nan  fell    0  err_xy 0.032  std 0.216  lr 1.0e-04  fps   7501   155.8s
it 9320/13000  reward     nan  ep_len    nan  fell    0  err_xy 0.031  std 0.216  lr 1.0e-04  fps   7427   156.1s
it 9321/13000  reward     nan  ep_len    nan  fell    0  err_xy 0.031  std 0.216  lr 1.0e-04  fps   7648   156.4s
it 9322/13000  reward     nan  ep_len    nan  fell    0  err_xy 0.028  std 0.216  lr 1.0e-04  fps   7663   156.7s
it 9323/13000  reward     nan  ep_len    nan  fell    0  err_xy 0.024  std 0.216  lr 1.0e-04  fps   7568   157.0s
it 9324/13000  reward     nan  ep_len    nan  fell    0  err_xy 0.023  std 0.216  lr 1.0e-04  fps   7639   157.3s
it 9325/13000  reward     nan  ep_len    nan  fell    0  err_xy 0.017  std 0.216  lr 1.0e-04  fps   7350   157.6s
it 9326/13000  reward     nan  ep_len    nan  fell    0  err_xy 0.018  std 0.216  lr 1.0e-04  fps   6277   158.0s
it 9327/13000  reward     nan  ep_len    nan  fell    0  err_xy 0.019  std 0.216  lr 1.0e-04  fps   7280   158.3s
it 9328/13000  reward     nan  ep_len    nan  fell    0  err_xy 0.020  std 0.215  lr 1.0e-04  fps   7753   158.6s
it 9329/13000  reward     nan  ep_len    nan  fell    0  err_xy 0.019  std 0.215  lr 1.0e-04  fps   7785   158.9s
it 9330/13000  reward     nan  ep_len    nan  fell    0  err_xy 0.021  std 0.215  lr 1.0e-04  fps   7721   159.2s
it 9331/13000  reward     nan  ep_len    nan  fell    0  err_xy 0.017  std 0.215  lr 1.0e-04  fps   6736   159.6s
it 9332/13000  reward     nan  ep_len    nan  fell    0  err_xy 0.018  std 0.215  lr 1.0e-04  fps   7342   159.9s
it 9333/13000  reward     nan  ep_len    nan  fell    0  err_xy 0.019  std 0.215  lr 1.0e-04  fps   7397   160.2s
it 9334/13000  reward     nan  ep_len    nan  fell    0  err_xy 0.018  std 0.215  lr 1.0e-04  fps   6920   160.5s
it 9335/13000  reward     nan  ep_len    nan  fell    0  err_xy 0.019  std 0.215  lr 1.0e-04  fps   7287   160.8s
it 9336/13000  reward     nan  ep_len    nan  fell    0  err_xy 0.016  std 0.215  lr 1.0e-04  fps   7183   161.2s
it 9337/13000  reward     nan  ep_len    nan  fell    0  err_xy 0.015  std 0.215  lr 1.0e-04  fps   7103   161.5s
it 9338/13000  reward     nan  ep_len    nan  fell    0  err_xy 0.016  std 0.215  lr 1.0e-04  fps   7334   161.8s
it 9339/13000  reward  262.54  ep_len  808.0  fell    0  err_xy 0.098  std 0.215  lr 1.0e-04  fps   6257   162.2s
it 9340/13000  reward     nan  ep_len    nan  fell    0  err_xy 0.386  std 0.215  lr 1.0e-04  fps   8951   162.4s
it 9341/13000  reward     nan  ep_len    nan  fell    0  err_xy 0.255  std 0.215  lr 1.0e-04  fps   9161   162.7s
it 9342/13000  reward     nan  ep_len    nan  fell    0  err_xy 0.260  std 0.215  lr 1.0e-04  fps   8758   162.9s
it 9343/13000  reward     nan  ep_len    nan  fell    0  err_xy 0.263  std 0.215  lr 1.0e-04  fps   8486   163.2s
it 9344/13000  reward     nan  ep_len    nan  fell    0  err_xy 0.229  std 0.215  lr 1.0e-04  fps   8537   163.5s
it 9345/13000  reward     nan  ep_len    nan  fell    0  err_xy 0.188  std 0.215  lr 1.0e-04  fps   8193   163.8s
it 9346/13000  reward     nan  ep_len    nan  fell    0  err_xy 0.157  std 0.215  lr 1.0e-04  fps   8118   164.0s
it 9347/13000  reward     nan  ep_len    nan  fell    0  err_xy 0.123  std 0.215  lr 1.0e-04  fps   8068   164.3s
it 9348/13000  reward     nan  ep_len    nan  fell    0  err_xy 0.106  std 0.215  lr 1.0e-04  fps   7741   164.6s
it 9349/13000  reward     nan  ep_len    nan  fell    0  err_xy 0.099  std 0.215  lr 1.0e-04  fps   7834   164.9s
it 9350/13000  reward     nan  ep_len    nan  fell    0  err_xy 0.100  std 0.215  lr 1.0e-04  fps   7794   165.2s
it 9351/13000  reward     nan  ep_len    nan  fell    0  err_xy 0.078  std 0.215  lr 1.0e-04  fps   7759   165.5s
it 9352/13000  reward     nan  ep_len    nan  fell    0  err_xy 0.055  std 0.215  lr 1.0e-04  fps   7668   165.8s
it 9353/13000  reward     nan  ep_len    nan  fell    0  err_xy 0.054  std 0.215  lr 1.0e-04  fps   7702   166.1s
it 9354/13000  reward     nan  ep_len    nan  fell    0  err_xy 0.039  std 0.215  lr 1.0e-04  fps   7742   166.4s
it 9355/13000  reward     nan  ep_len    nan  fell    0  err_xy 0.039  std 0.215  lr 1.0e-04  fps   7633   166.7s
it 9356/13000  reward     nan  ep_len    nan  fell    0  err_xy 0.024  std 0.215  lr 1.0e-04  fps   7781   167.0s
it 9357/13000  reward     nan  ep_len    nan  fell    0  err_xy 0.027  std 0.215  lr 1.0e-04  fps   7431   167.3s
it 9358/13000  reward     nan  ep_len    nan  fell    0  err_xy 0.032  std 0.215  lr 1.0e-04  fps   7723   167.6s
it 9359/13000  reward     nan  ep_len    nan  fell    0  err_xy 0.031  std 0.215  lr 1.0e-04  fps   7684   167.9s
it 9360/13000  reward     nan  ep_len    nan  fell    0  err_xy 0.027  std 0.215  lr 1.0e-04  fps   7225   168.2s
it 9361/13000  reward     nan  ep_len    nan  fell    0  err_xy 0.031  std 0.215  lr 1.0e-04  fps   7283   168.6s
it 9362/13000  reward     nan  ep_len    nan  fell    0  err_xy 0.026  std 0.215  lr 1.0e-04  fps   7449   168.9s
it 9363/13000  reward     nan  ep_len    nan  fell    0  err_xy 0.030  std 0.215  lr 1.0e-04  fps   7373   169.2s
it 9364/13000  reward     nan  ep_len    nan  fell    0  err_xy 0.029  std 0.215  lr 1.0e-04  fps   6546   169.5s
it 9365/13000  reward     nan  ep_len    nan  fell    0  err_xy 0.025  std 0.215  lr 1.0e-04  fps   7170   169.9s
it 9366/13000  reward     nan  ep_len    nan  fell    0  err_xy 0.022  std 0.215  lr 1.0e-04  fps   7115   170.2s
it 9367/13000  reward     nan  ep_len    nan  fell    0  err_xy 0.021  std 0.215  lr 1.0e-04  fps   6919   170.5s
it 9368/13000  reward     nan  ep_len    nan  fell    0  err_xy 0.020  std 0.215  lr 1.0e-04  fps   7204   170.8s
it 9369/13000  reward     nan  ep_len    nan  fell    0  err_xy 0.020  std 0.215  lr 1.0e-04  fps   7364   171.2s
it 9370/13000  reward     nan  ep_len    nan  fell    0  err_xy 0.020  std 0.215  lr 1.0e-04  fps   7392   171.5s
it 9371/13000  reward     nan  ep_len    nan  fell    0  err_xy 0.019  std 0.215  lr 1.0e-04  fps   5805   171.9s
it 9372/13000  reward     nan  ep_len    nan  fell    0  err_xy 0.016  std 0.215  lr 1.0e-04  fps   6809   172.2s
it 9373/13000  reward  249.37  ep_len  808.0  fell    0  err_xy 0.232  std 0.215  lr 1.0e-04  fps   6538   172.6s
it 9374/13000  reward     nan  ep_len    nan  fell    0  err_xy 0.318  std 0.215  lr 1.0e-04  fps   8618   172.8s
it 9375/13000  reward     nan  ep_len    nan  fell    0  err_xy 0.272  std 0.215  lr 1.0e-04  fps   8410   173.1s
it 9376/13000  reward     nan  ep_len    nan  fell    0  err_xy 0.272  std 0.215  lr 1.0e-04  fps   8578   173.4s
it 9377/13000  reward     nan  ep_len    nan  fell    0  err_xy 0.230  std 0.215  lr 1.0e-04  fps   8519   173.6s
it 9378/13000  reward     nan  ep_len    nan  fell    0  err_xy 0.175  std 0.215  lr 1.0e-04  fps   8136   173.9s
it 9379/13000  reward     nan  ep_len    nan  fell    0  err_xy 0.146  std 0.215  lr 1.0e-04  fps   8024   174.2s
it 9380/13000  reward     nan  ep_len    nan  fell    0  err_xy 0.134  std 0.215  lr 1.0e-04  fps   7871   174.5s
it 9381/13000  reward     nan  ep_len    nan  fell    0  err_xy 0.109  std 0.215  lr 1.0e-04  fps   8040   174.8s
it 9382/13000  reward     nan  ep_len    nan  fell    0  err_xy 0.095  std 0.215  lr 1.0e-04  fps   7882   175.1s
it 9383/13000  reward     nan  ep_len    nan  fell    0  err_xy 0.070  std 0.215  lr 1.0e-04  fps   7787   175.4s
it 9384/13000  reward     nan  ep_len    nan  fell    0  err_xy 0.066  std 0.215  lr 1.0e-04  fps   7800   175.7s
it 9385/13000  reward     nan  ep_len    nan  fell    0  err_xy 0.061  std 0.215  lr 1.0e-04  fps   7791   176.0s
it 9386/13000  reward     nan  ep_len    nan  fell    0  err_xy 0.047  std 0.215  lr 1.0e-04  fps   7836   176.3s
it 9387/13000  reward     nan  ep_len    nan  fell    0  err_xy 0.050  std 0.215  lr 1.0e-04  fps   7822   176.6s
it 9388/13000  reward     nan  ep_len    nan  fell    0  err_xy 0.043  std 0.215  lr 1.0e-04  fps   7753   176.9s
it 9389/13000  reward     nan  ep_len    nan  fell    0  err_xy 0.037  std 0.215  lr 1.0e-04  fps   7685   177.2s
it 9390/13000  reward     nan  ep_len    nan  fell    0  err_xy 0.034  std 0.215  lr 1.0e-04  fps   7566   177.5s
it 9391/13000  reward     nan  ep_len    nan  fell    0  err_xy 0.030  std 0.215  lr 1.0e-04  fps   7338   177.8s
it 9392/13000  reward     nan  ep_len    nan  fell    0  err_xy 0.023  std 0.215  lr 1.0e-04  fps   7590   178.1s
it 9393/13000  reward     nan  ep_len    nan  fell    0  err_xy 0.025  std 0.215  lr 1.0e-04  fps   7683   178.4s
it 9394/13000  reward     nan  ep_len    nan  fell    0  err_xy 0.022  std 0.215  lr 1.0e-04  fps   7716   178.7s
it 9395/13000  reward     nan  ep_len    nan  fell    0  err_xy 0.025  std 0.215  lr 1.0e-04  fps   7714   179.0s
it 9396/13000  reward     nan  ep_len    nan  fell    0  err_xy 0.024  std 0.215  lr 1.0e-04  fps   7686   179.3s
it 9397/13000  reward     nan  ep_len    nan  fell    0  err_xy 0.024  std 0.215  lr 1.0e-04  fps   7507   179.6s
it 9398/13000  reward     nan  ep_len    nan  fell    0  err_xy 0.023  std 0.215  lr 1.0e-04  fps   7475   179.9s
it 9399/13000  reward     nan  ep_len    nan  fell    0  err_xy 0.021  std 0.215  lr 1.0e-04  fps   7332   180.2s
it 9400/13000  reward     nan  ep_len    nan  fell    0  err_xy 0.018  std 0.215  lr 1.0e-04  fps   7377   180.5s
it 9401/13000  reward     nan  ep_len    nan  fell    0  err_xy 0.020  std 0.215  lr 1.0e-04  fps   6861   180.9s
it 9402/13000  reward     nan  ep_len    nan  fell    0  err_xy 0.024  std 0.215  lr 1.0e-04  fps   7283   181.2s
it 9403/13000  reward     nan  ep_len    nan  fell    0  err_xy 0.023  std 0.215  lr 1.0e-04  fps   7430   181.5s
it 9404/13000  reward     nan  ep_len    nan  fell    0  err_xy 0.020  std 0.215  lr 1.0e-04  fps   7387   181.8s
it 9405/13000  reward     nan  ep_len    nan  fell    0  err_xy 0.017  std 0.215  lr 1.0e-04  fps   7376   182.1s
it 9406/13000  reward  255.94  ep_len  808.0  fell    0  err_xy 0.016  std 0.215  lr 1.0e-04  fps   6201   182.5s
it 9407/13000  reward     nan  ep_len    nan  fell    0  err_xy 0.323  std 0.215  lr 1.0e-04  fps   8971   182.7s
it 9408/13000  reward     nan  ep_len    nan  fell    0  err_xy 0.305  std 0.215  lr 1.0e-04  fps   9145   183.0s
it 9409/13000  reward     nan  ep_len    nan  fell    0  err_xy 0.267  std 0.215  lr 1.0e-04  fps   9040   183.2s
it 9410/13000  reward     nan  ep_len    nan  fell    0  err_xy 0.313  std 0.215  lr 1.0e-04  fps   8908   183.5s
it 9411/13000  reward     nan  ep_len    nan  fell    0  err_xy 0.242  std 0.215  lr 1.0e-04  fps   8708   183.8s
it 9412/13000  reward     nan  ep_len    nan  fell    0  err_xy 0.215  std 0.215  lr 1.0e-04  fps   8515   184.0s
it 9413/13000  reward     nan  ep_len    nan  fell    0  err_xy 0.208  std 0.215  lr 1.0e-04  fps   8292   184.3s
it 9414/13000  reward     nan  ep_len    nan  fell    0  err_xy 0.166  std 0.215  lr 1.0e-04  fps   8240   184.6s
it 9415/13000  reward     nan  ep_len    nan  fell    0  err_xy 0.140  std 0.215  lr 1.0e-04  fps   8279   184.9s
it 9416/13000  reward     nan  ep_len    nan  fell    0  err_xy 0.124  std 0.215  lr 1.0e-04  fps   8082   185.2s
it 9417/13000  reward     nan  ep_len    nan  fell    0  err_xy 0.135  std 0.215  lr 1.0e-04  fps   8088   185.4s
it 9418/13000  reward     nan  ep_len    nan  fell    0  err_xy 0.116  std 0.215  lr 1.0e-04  fps   8161   185.7s
it 9419/13000  reward     nan  ep_len    nan  fell    0  err_xy 0.106  std 0.215  lr 1.0e-04  fps   8130   186.0s
it 9420/13000  reward     nan  ep_len    nan  fell    0  err_xy 0.088  std 0.215  lr 1.0e-04  fps   8030   186.3s
it 9421/13000  reward     nan  ep_len    nan  fell    0  err_xy 0.084  std 0.215  lr 1.0e-04  fps   8013   186.6s
it 9422/13000  reward     nan  ep_len    nan  fell    0  err_xy 0.059  std 0.215  lr 1.0e-04  fps   7967   186.9s
it 9423/13000  reward     nan  ep_len    nan  fell    0  err_xy 0.061  std 0.215  lr 1.0e-04  fps   7947   187.2s
it 9424/13000  reward     nan  ep_len    nan  fell    0  err_xy 0.041  std 0.215  lr 1.0e-04  fps   6573   187.5s
it 9425/13000  reward     nan  ep_len    nan  fell    0  err_xy 0.034  std 0.215  lr 1.0e-04  fps   7562   187.8s
it 9426/13000  reward     nan  ep_len    nan  fell    0  err_xy 0.034  std 0.215  lr 1.0e-04  fps   7814   188.1s
it 9427/13000  reward     nan  ep_len    nan  fell    0  err_xy 0.039  std 0.215  lr 1.0e-04  fps   7899   188.4s
it 9428/13000  reward     nan  ep_len    nan  fell    0  err_xy 0.037  std 0.215  lr 1.0e-04  fps   7943   188.7s
it 9429/13000  reward     nan  ep_len    nan  fell    0  err_xy 0.031  std 0.215  lr 1.0e-04  fps   7918   189.0s
it 9430/13000  reward     nan  ep_len    nan  fell    0  err_xy 0.029  std 0.215  lr 1.0e-04  fps   7810   189.3s
it 9431/13000  reward     nan  ep_len    nan  fell    0  err_xy 0.026  std 0.215  lr 1.0e-04  fps   7733   189.6s
it 9432/13000  reward     nan  ep_len    nan  fell    0  err_xy 0.023  std 0.215  lr 1.0e-04  fps   7147   189.9s
it 9433/13000  reward     nan  ep_len    nan  fell    0  err_xy 0.022  std 0.215  lr 1.0e-04  fps   7282   190.2s
it 9434/13000  reward     nan  ep_len    nan  fell    0  err_xy 0.024  std 0.215  lr 1.0e-04  fps   7341   190.5s
it 9435/13000  reward     nan  ep_len    nan  fell    0  err_xy 0.029  std 0.215  lr 1.0e-04  fps   7406   190.9s
it 9436/13000  reward     nan  ep_len    nan  fell    0  err_xy 0.026  std 0.215  lr 1.0e-04  fps   7380   191.2s
it 9437/13000  reward     nan  ep_len    nan  fell    0  err_xy 0.025  std 0.215  lr 1.0e-04  fps   7421   191.5s
it 9438/13000  reward     nan  ep_len    nan  fell    0  err_xy 0.023  std 0.215  lr 1.0e-04  fps   7459   191.8s
it 9439/13000  reward     nan  ep_len    nan  fell    0  err_xy 0.019  std 0.215  lr 1.0e-04  fps   7450   192.1s
it 9440/13000  reward  247.62  ep_len  808.0  fell    0  err_xy 0.093  std 0.215  lr 1.0e-04  fps   6539   192.4s
it 9441/13000  reward     nan  ep_len    nan  fell    0  err_xy 0.380  std 0.215  lr 1.0e-04  fps   9116   192.7s
it 9442/13000  reward     nan  ep_len    nan  fell    0  err_xy 0.227  std 0.215  lr 1.0e-04  fps   9224   193.0s
it 9443/13000  reward     nan  ep_len    nan  fell    0  err_xy 0.241  std 0.215  lr 1.0e-04  fps   8964   193.2s
it 9444/13000  reward     nan  ep_len    nan  fell    0  err_xy 0.263  std 0.215  lr 1.0e-04  fps   8730   193.5s
it 9445/13000  reward     nan  ep_len    nan  fell    0  err_xy 0.228  std 0.215  lr 1.0e-04  fps   8558   193.7s
it 9446/13000  reward     nan  ep_len    nan  fell    0  err_xy 0.190  std 0.215  lr 1.0e-04  fps   8443   194.0s
it 9447/13000  reward     nan  ep_len    nan  fell    0  err_xy 0.173  std 0.215  lr 1.0e-04  fps   8240   194.3s
it 9448/13000  reward     nan  ep_len    nan  fell    0  err_xy 0.143  std 0.215  lr 1.0e-04  fps   8155   194.6s
it 9449/13000  reward     nan  ep_len    nan  fell    0  err_xy 0.144  std 0.215  lr 1.0e-04  fps   8126   194.9s
it 9450/13000  reward     nan  ep_len    nan  fell    0  err_xy 0.125  std 0.215  lr 1.0e-04  fps   8070   195.1s
it 9451/13000  reward     nan  ep_len    nan  fell    0  err_xy 0.105  std 0.215  lr 1.0e-04  fps   8009   195.4s
it 9452/13000  reward     nan  ep_len    nan  fell    0  err_xy 0.095  std 0.215  lr 1.0e-04  fps   8021   195.7s
it 9453/13000  reward     nan  ep_len    nan  fell    0  err_xy 0.084  std 0.215  lr 1.0e-04  fps   8034   196.0s
it 9454/13000  reward     nan  ep_len    nan  fell    0  err_xy 0.080  std 0.215  lr 1.0e-04  fps   7971   196.3s
it 9455/13000  reward     nan  ep_len    nan  fell    0  err_xy 0.079  std 0.215  lr 1.0e-04  fps   7994   196.6s
it 9456/13000  reward     nan  ep_len    nan  fell    0  err_xy 0.079  std 0.215  lr 1.0e-04  fps   7988   196.9s
it 9457/13000  reward     nan  ep_len    nan  fell    0  err_xy 0.067  std 0.215  lr 1.0e-04  fps   7960   197.2s
it 9458/13000  reward     nan  ep_len    nan  fell    0  err_xy 0.072  std 0.215  lr 1.0e-04  fps   7898   197.5s
it 9459/13000  reward     nan  ep_len    nan  fell    0  err_xy 0.049  std 0.215  lr 1.0e-04  fps   7922   197.7s
it 9460/13000  reward     nan  ep_len    nan  fell    0  err_xy 0.052  std 0.215  lr 1.0e-04  fps   7830   198.0s
it 9461/13000  reward     nan  ep_len    nan  fell    0  err_xy 0.049  std 0.215  lr 1.0e-04  fps   7714   198.3s
it 9462/13000  reward     nan  ep_len    nan  fell    0  err_xy 0.043  std 0.215  lr 1.0e-04  fps   7725   198.6s
it 9463/13000  reward     nan  ep_len    nan  fell    0  err_xy 0.038  std 0.215  lr 1.0e-04  fps   7725   198.9s
it 9464/13000  reward     nan  ep_len    nan  fell    0  err_xy 0.030  std 0.215  lr 1.0e-04  fps   6612   199.3s
it 9465/13000  reward     nan  ep_len    nan  fell    0  err_xy 0.031  std 0.215  lr 1.0e-04  fps   6357   199.7s
it 9466/13000  reward     nan  ep_len    nan  fell    0  err_xy 0.030  std 0.215  lr 1.0e-04  fps   7140   200.0s
it 9467/13000  reward     nan  ep_len    nan  fell    0  err_xy 0.036  std 0.215  lr 1.0e-04  fps   7250   200.3s
it 9468/13000  reward     nan  ep_len    nan  fell    0  err_xy 0.030  std 0.215  lr 1.0e-04  fps   7377   200.6s
it 9469/13000  reward     nan  ep_len    nan  fell    0  err_xy 0.038  std 0.215  lr 1.0e-04  fps   7375   200.9s
it 9470/13000  reward     nan  ep_len    nan  fell    0  err_xy 0.023  std 0.215  lr 1.0e-04  fps   7322   201.2s
it 9471/13000  reward     nan  ep_len    nan  fell    0  err_xy 0.031  std 0.215  lr 1.0e-04  fps   7400   201.5s
it 9472/13000  reward     nan  ep_len    nan  fell    0  err_xy 0.028  std 0.215  lr 1.0e-04  fps   6445   201.9s
it 9473/13000  reward     nan  ep_len    nan  fell    0  err_xy 0.028  std 0.215  lr 1.0e-04  fps   7285   202.2s
it 9474/13000  reward  241.80  ep_len  808.0  fell    0  err_xy 0.259  std 0.215  lr 1.0e-04  fps   6839   202.6s
it 9475/13000  reward     nan  ep_len    nan  fell    0  err_xy 0.279  std 0.215  lr 1.0e-04  fps   9216   202.8s
it 9476/13000  reward     nan  ep_len    nan  fell    0  err_xy 0.164  std 0.215  lr 1.0e-04  fps   9147   203.1s
it 9477/13000  reward     nan  ep_len    nan  fell    0  err_xy 0.209  std 0.215  lr 1.0e-04  fps   8608   203.3s
it 9478/13000  reward     nan  ep_len    nan  fell    0  err_xy 0.245  std 0.215  lr 1.0e-04  fps   8530   203.6s
it 9479/13000  reward     nan  ep_len    nan  fell    0  err_xy 0.178  std 0.215  lr 1.0e-04  fps   8497   203.9s
it 9480/13000  reward     nan  ep_len    nan  fell    0  err_xy 0.161  std 0.215  lr 1.0e-04  fps   8154   204.2s
it 9481/13000  reward     nan  ep_len    nan  fell    0  err_xy 0.145  std 0.215  lr 1.0e-04  fps   7947   204.4s
it 9482/13000  reward     nan  ep_len    nan  fell    0  err_xy 0.119  std 0.215  lr 1.0e-04  fps   7396   204.8s
it 9483/13000  reward     nan  ep_len    nan  fell    0  err_xy 0.097  std 0.215  lr 1.0e-04  fps   7857   205.0s
it 9484/13000  reward     nan  ep_len    nan  fell    0  err_xy 0.090  std 0.215  lr 1.0e-04  fps   7921   205.3s
it 9485/13000  reward     nan  ep_len    nan  fell    0  err_xy 0.078  std 0.215  lr 1.0e-04  fps   7807   205.6s
it 9486/13000  reward     nan  ep_len    nan  fell    0  err_xy 0.062  std 0.216  lr 1.0e-04  fps   7822   205.9s
it 9487/13000  reward     nan  ep_len    nan  fell    0  err_xy 0.052  std 0.216  lr 1.0e-04  fps   7602   206.2s
it 9488/13000  reward     nan  ep_len    nan  fell    0  err_xy 0.056  std 0.216  lr 1.0e-04  fps   7393   206.5s
it 9489/13000  reward     nan  ep_len    nan  fell    0  err_xy 0.059  std 0.216  lr 1.0e-04  fps   7050   206.9s
it 9490/13000  reward     nan  ep_len    nan  fell    0  err_xy 0.042  std 0.216  lr 1.0e-04  fps   7514   207.2s
it 9491/13000  reward     nan  ep_len    nan  fell    0  err_xy 0.039  std 0.216  lr 1.0e-04  fps   7546   207.5s
it 9492/13000  reward     nan  ep_len    nan  fell    0  err_xy 0.038  std 0.216  lr 1.0e-04  fps   7523   207.8s
it 9493/13000  reward     nan  ep_len    nan  fell    0  err_xy 0.033  std 0.216  lr 1.0e-04  fps   7278   208.1s
it 9494/13000  reward     nan  ep_len    nan  fell    0  err_xy 0.026  std 0.216  lr 1.0e-04  fps   7404   208.4s
it 9495/13000  reward     nan  ep_len    nan  fell    0  err_xy 0.030  std 0.216  lr 1.0e-04  fps   7461   208.7s
it 9496/13000  reward     nan  ep_len    nan  fell    0  err_xy 0.022  std 0.216  lr 1.0e-04  fps   7278   209.0s
it 9497/13000  reward     nan  ep_len    nan  fell    0  err_xy 0.023  std 0.216  lr 1.0e-04  fps   7290   209.4s
it 9498/13000  reward     nan  ep_len    nan  fell    0  err_xy 0.026  std 0.216  lr 1.0e-04  fps   7328   209.7s
it 9499/13000  reward     nan  ep_len    nan  fell    0  err_xy 0.024  std 0.216  lr 1.0e-04  fps   7351   210.0s
it 9500/13000  reward     nan  ep_len    nan  fell    0  err_xy 0.027  std 0.216  lr 1.0e-04  fps   7230   210.3s
eval iteration 9500:
  prone          success  75.0%  time 8.54s  peak_τ 0.95 Nm  return 89.99
  supine         success  50.0%  time 10.57s  peak_τ 0.93 Nm  return 92.90
  score 0.625
it 9501/13000  reward     nan  ep_len    nan  fell    0  err_xy 0.022  std 0.216  lr 1.0e-04  fps   7385   213.3s
it 9502/13000  reward     nan  ep_len    nan  fell    0  err_xy 0.028  std 0.216  lr 1.0e-04  fps   7512   213.6s
it 9503/13000  reward     nan  ep_len    nan  fell    0  err_xy 0.030  std 0.216  lr 1.0e-04  fps   7408   213.9s
it 9504/13000  reward     nan  ep_len    nan  fell    0  err_xy 0.027  std 0.216  lr 1.0e-04  fps   7178   214.2s
it 9505/13000  reward     nan  ep_len    nan  fell    0  err_xy 0.034  std 0.216  lr 1.0e-04  fps   7234   214.5s
it 9506/13000  reward     nan  ep_len    nan  fell    0  err_xy 0.038  std 0.216  lr 1.0e-04  fps   7308   214.8s
it 9507/13000  reward  235.11  ep_len  808.0  fell    0  err_xy 0.042  std 0.216  lr 1.0e-04  fps   6263   215.2s
it 9508/13000  reward     nan  ep_len    nan  fell    0  err_xy 0.334  std 0.216  lr 1.0e-04  fps   8875   215.5s
it 9509/13000  reward     nan  ep_len    nan  fell    0  err_xy 0.277  std 0.216  lr 1.0e-04  fps   7645   215.8s
it 9510/13000  reward     nan  ep_len    nan  fell    0  err_xy 0.217  std 0.216  lr 1.0e-04  fps   7509   216.1s
it 9511/13000  reward     nan  ep_len    nan  fell    0  err_xy 0.277  std 0.216  lr 1.0e-04  fps   7331   216.4s
it 9512/13000  reward     nan  ep_len    nan  fell    0  err_xy 0.304  std 0.216  lr 1.0e-04  fps   8025   216.7s
it 9513/13000  reward     nan  ep_len    nan  fell    0  err_xy 0.284  std 0.216  lr 1.0e-04  fps   7957   217.0s
it 9514/13000  reward     nan  ep_len    nan  fell    0  err_xy 0.275  std 0.216  lr 1.0e-04  fps   8596   217.2s
it 9515/13000  reward     nan  ep_len    nan  fell    0  err_xy 0.240  std 0.216  lr 1.0e-04  fps   8228   217.5s
it 9516/13000  reward     nan  ep_len    nan  fell    0  err_xy 0.250  std 0.216  lr 1.0e-04  fps   8637   217.8s
it 9517/13000  reward     nan  ep_len    nan  fell    0  err_xy 0.271  std 0.216  lr 1.0e-04  fps   8602   218.1s
it 9518/13000  reward     nan  ep_len    nan  fell    0  err_xy 0.244  std 0.216  lr 1.0e-04  fps   8340   218.3s
it 9519/13000  reward     nan  ep_len    nan  fell    0  err_xy 0.250  std 0.216  lr 1.0e-04  fps   8418   218.6s
it 9520/13000  reward     nan  ep_len    nan  fell    0  err_xy 0.263  std 0.216  lr 1.0e-04  fps   8503   218.9s
it 9521/13000  reward     nan  ep_len    nan  fell    0  err_xy 0.247  std 0.216  lr 1.0e-04  fps   8777   219.1s
it 9522/13000  reward     nan  ep_len    nan  fell    0  err_xy 0.226  std 0.216  lr 1.0e-04  fps   8602   219.4s
it 9523/13000  reward     nan  ep_len    nan  fell    0  err_xy 0.221  std 0.216  lr 1.0e-04  fps   8153   219.7s
it 9524/13000  reward     nan  ep_len    nan  fell    0  err_xy 0.231  std 0.216  lr 1.0e-04  fps   8343   220.0s
it 9525/13000  reward     nan  ep_len    nan  fell    0  err_xy 0.203  std 0.216  lr 1.0e-04  fps   7973   220.3s
it 9526/13000  reward     nan  ep_len    nan  fell    0  err_xy 0.211  std 0.216  lr 1.0e-04  fps   7453   220.6s
it 9527/13000  reward     nan  ep_len    nan  fell    0  err_xy 0.203  std 0.216  lr 1.0e-04  fps   7132   220.9s
it 9528/13000  reward     nan  ep_len    nan  fell    0  err_xy 0.198  std 0.216  lr 1.0e-04  fps   7932   221.2s
it 9529/13000  reward     nan  ep_len    nan  fell    0  err_xy 0.187  std 0.216  lr 1.0e-04  fps   8314   221.5s
it 9530/13000  reward     nan  ep_len    nan  fell    0  err_xy 0.189  std 0.216  lr 1.0e-04  fps   6981   221.8s
it 9531/13000  reward     nan  ep_len    nan  fell    0  err_xy 0.183  std 0.216  lr 1.0e-04  fps   7997   222.1s
it 9532/13000  reward     nan  ep_len    nan  fell    0  err_xy 0.171  std 0.216  lr 1.0e-04  fps   8102   222.4s
it 9533/13000  reward     nan  ep_len    nan  fell    0  err_xy 0.165  std 0.216  lr 1.0e-04  fps   7814   222.7s
it 9534/13000  reward     nan  ep_len    nan  fell    0  err_xy 0.140  std 0.216  lr 1.0e-04  fps   7412   223.0s
it 9535/13000  reward     nan  ep_len    nan  fell    0  err_xy 0.141  std 0.216  lr 1.0e-04  fps   7222   223.3s
it 9536/13000  reward     nan  ep_len    nan  fell    0  err_xy 0.124  std 0.216  lr 1.0e-04  fps   7576   223.6s
it 9537/13000  reward     nan  ep_len    nan  fell    0  err_xy 0.116  std 0.216  lr 1.0e-04  fps   6851   223.9s
it 9538/13000  reward     nan  ep_len    nan  fell    0  err_xy 0.111  std 0.216  lr 1.0e-04  fps   7503   224.2s
it 9539/13000  reward     nan  ep_len    nan  fell    0  err_xy 0.100  std 0.216  lr 1.0e-04  fps   7523   224.5s
it 9540/13000  reward     nan  ep_len    nan  fell    0  err_xy 0.096  std 0.216  lr 1.0e-04  fps   7084   224.9s
it 9541/13000  reward  180.26  ep_len  808.0  fell    0  err_xy 0.141  std 0.216  lr 1.0e-04  fps   5864   225.3s
it 9542/13000  reward     nan  ep_len    nan  fell    0  err_xy 0.384  std 0.216  lr 1.0e-04  fps   8750   225.5s
it 9543/13000  reward     nan  ep_len    nan  fell    0  err_xy 0.254  std 0.216  lr 1.0e-04  fps   8976   225.8s
it 9544/13000  reward     nan  ep_len    nan  fell    0  err_xy 0.211  std 0.216  lr 1.0e-04  fps   9227   226.0s
it 9545/13000  reward     nan  ep_len    nan  fell    0  err_xy 0.220  std 0.216  lr 1.0e-04  fps   9033   226.3s
it 9546/13000  reward     nan  ep_len    nan  fell    0  err_xy 0.253  std 0.216  lr 1.0e-04  fps   9028   226.5s
it 9547/13000  reward     nan  ep_len    nan  fell    0  err_xy 0.270  std 0.216  lr 1.0e-04  fps   9117   226.8s
it 9548/13000  reward     nan  ep_len    nan  fell    0  err_xy 0.319  std 0.216  lr 1.0e-04  fps   9028   227.0s
it 9549/13000  reward     nan  ep_len    nan  fell    0  err_xy 0.260  std 0.216  lr 1.0e-04  fps   8863   227.3s
it 9550/13000  reward     nan  ep_len    nan  fell    0  err_xy 0.226  std 0.216  lr 1.0e-04  fps   8760   227.6s
it 9551/13000  reward     nan  ep_len    nan  fell    0  err_xy 0.223  std 0.216  lr 1.0e-04  fps   8686   227.8s
it 9552/13000  reward     nan  ep_len    nan  fell    0  err_xy 0.218  std 0.216  lr 1.0e-04  fps   8427   228.1s
it 9553/13000  reward     nan  ep_len    nan  fell    0  err_xy 0.204  std 0.216  lr 1.0e-04  fps   7747   228.4s
it 9554/13000  reward     nan  ep_len    nan  fell    0  err_xy 0.169  std 0.216  lr 1.0e-04  fps   8309   228.7s
it 9555/13000  reward     nan  ep_len    nan  fell    0  err_xy 0.172  std 0.216  lr 1.0e-04  fps   8350   229.0s
it 9556/13000  reward     nan  ep_len    nan  fell    0  err_xy 0.188  std 0.216  lr 1.0e-04  fps   8197   229.2s
it 9557/13000  reward     nan  ep_len    nan  fell    0  err_xy 0.167  std 0.216  lr 1.0e-04  fps   8030   229.5s
it 9558/13000  reward     nan  ep_len    nan  fell    0  err_xy 0.162  std 0.216  lr 1.0e-04  fps   8168   229.8s
it 9559/13000  reward     nan  ep_len    nan  fell    0  err_xy 0.175  std 0.216  lr 1.0e-04  fps   8210   230.1s
it 9560/13000  reward     nan  ep_len    nan  fell    0  err_xy 0.154  std 0.216  lr 1.0e-04  fps   8105   230.4s
it 9561/13000  reward     nan  ep_len    nan  fell    0  err_xy 0.140  std 0.216  lr 1.0e-04  fps   8098   230.7s
it 9562/13000  reward     nan  ep_len    nan  fell    0  err_xy 0.137  std 0.216  lr 1.0e-04  fps   8102   230.9s
it 9563/13000  reward     nan  ep_len    nan  fell    0  err_xy 0.140  std 0.216  lr 1.0e-04  fps   8030   231.2s
it 9564/13000  reward     nan  ep_len    nan  fell    0  err_xy 0.131  std 0.216  lr 1.0e-04  fps   8163   231.5s
it 9565/13000  reward     nan  ep_len    nan  fell    0  err_xy 0.132  std 0.216  lr 1.0e-04  fps   8110   231.8s
it 9566/13000  reward     nan  ep_len    nan  fell    0  err_xy 0.137  std 0.216  lr 1.0e-04  fps   7772   232.1s
it 9567/13000  reward     nan  ep_len    nan  fell    0  err_xy 0.124  std 0.216  lr 1.0e-04  fps   7769   232.4s
it 9568/13000  reward     nan  ep_len    nan  fell    0  err_xy 0.122  std 0.216  lr 1.0e-04  fps   7659   232.7s
it 9569/13000  reward     nan  ep_len    nan  fell    0  err_xy 0.110  std 0.216  lr 1.0e-04  fps   7654   233.0s
it 9570/13000  reward     nan  ep_len    nan  fell    0  err_xy 0.109  std 0.216  lr 1.0e-04  fps   7559   233.3s
it 9571/13000  reward     nan  ep_len    nan  fell    0  err_xy 0.119  std 0.216  lr 1.0e-04  fps   6300   233.7s
it 9572/13000  reward     nan  ep_len    nan  fell    0  err_xy 0.114  std 0.216  lr 1.0e-04  fps   7267   234.0s
it 9573/13000  reward     nan  ep_len    nan  fell    0  err_xy 0.096  std 0.216  lr 1.0e-04  fps   7046   234.3s
it 9574/13000  reward     nan  ep_len    nan  fell    0  err_xy 0.102  std 0.216  lr 1.0e-04  fps   7266   234.6s
it 9575/13000  reward  180.93  ep_len  808.0  fell    0  err_xy 0.265  std 0.216  lr 1.0e-04  fps   6936   235.0s
it 9576/13000  reward     nan  ep_len    nan  fell    0  err_xy 0.303  std 0.216  lr 1.0e-04  fps   9290   235.2s
it 9577/13000  reward     nan  ep_len    nan  fell    0  err_xy 0.199  std 0.216  lr 1.0e-04  fps   8984   235.5s
it 9578/13000  reward     nan  ep_len    nan  fell    0  err_xy 0.212  std 0.216  lr 1.0e-04  fps   8870   235.7s
it 9579/13000  reward     nan  ep_len    nan  fell    0  err_xy 0.260  std 0.216  lr 1.0e-04  fps   8974   236.0s
it 9580/13000  reward     nan  ep_len    nan  fell    0  err_xy 0.295  std 0.216  lr 1.0e-04  fps   8898   236.2s
it 9581/13000  reward     nan  ep_len    nan  fell    0  err_xy 0.287  std 0.216  lr 1.0e-04  fps   8948   236.5s
it 9582/13000  reward     nan  ep_len    nan  fell    0  err_xy 0.256  std 0.216  lr 1.0e-04  fps   8777   236.8s
it 9583/13000  reward     nan  ep_len    nan  fell    0  err_xy 0.235  std 0.216  lr 1.0e-04  fps   7846   237.1s
it 9584/13000  reward     nan  ep_len    nan  fell    0  err_xy 0.233  std 0.216  lr 1.0e-04  fps   7861   237.4s
it 9585/13000  reward     nan  ep_len    nan  fell    0  err_xy 0.218  std 0.216  lr 1.0e-04  fps   8252   237.6s
it 9586/13000  reward     nan  ep_len    nan  fell    0  err_xy 0.204  std 0.216  lr 1.0e-04  fps   8407   237.9s
it 9587/13000  reward     nan  ep_len    nan  fell    0  err_xy 0.184  std 0.216  lr 1.0e-04  fps   8313   238.2s
it 9588/13000  reward     nan  ep_len    nan  fell    0  err_xy 0.187  std 0.216  lr 1.0e-04  fps   7887   238.5s
it 9589/13000  reward     nan  ep_len    nan  fell    0  err_xy 0.168  std 0.216  lr 1.0e-04  fps   7852   238.8s
it 9590/13000  reward     nan  ep_len    nan  fell    0  err_xy 0.151  std 0.216  lr 1.0e-04  fps   7866   239.1s
it 9591/13000  reward     nan  ep_len    nan  fell    0  err_xy 0.137  std 0.216  lr 1.0e-04  fps   8184   239.3s
it 9592/13000  reward     nan  ep_len    nan  fell    0  err_xy 0.148  std 0.216  lr 1.0e-04  fps   8259   239.6s
it 9593/13000  reward     nan  ep_len    nan  fell    0  err_xy 0.132  std 0.216  lr 1.0e-04  fps   7936   239.9s
it 9594/13000  reward     nan  ep_len    nan  fell    0  err_xy 0.116  std 0.216  lr 1.0e-04  fps   7672   240.2s
it 9595/13000  reward     nan  ep_len    nan  fell    0  err_xy 0.110  std 0.216  lr 1.0e-04  fps   7671   240.5s
it 9596/13000  reward     nan  ep_len    nan  fell    0  err_xy 0.117  std 0.216  lr 1.0e-04  fps   7957   240.8s
it 9597/13000  reward     nan  ep_len    nan  fell    0  err_xy 0.099  std 0.216  lr 1.0e-04  fps   7862   241.1s
it 9598/13000  reward     nan  ep_len    nan  fell    0  err_xy 0.085  std 0.216  lr 1.0e-04  fps   7883   241.4s
it 9599/13000  reward     nan  ep_len    nan  fell    0  err_xy 0.071  std 0.216  lr 1.0e-04  fps   7813   241.7s
it 9600/13000  reward     nan  ep_len    nan  fell    0  err_xy 0.076  std 0.216  lr 1.0e-04  fps   7338   242.0s
it 9601/13000  reward     nan  ep_len    nan  fell    0  err_xy 0.060  std 0.216  lr 1.0e-04  fps   7332   242.3s
it 9602/13000  reward     nan  ep_len    nan  fell    0  err_xy 0.067  std 0.216  lr 1.0e-04  fps   7348   242.6s
it 9603/13000  reward     nan  ep_len    nan  fell    0  err_xy 0.060  std 0.216  lr 1.0e-04  fps   7370   242.9s
it 9604/13000  reward     nan  ep_len    nan  fell    0  err_xy 0.056  std 0.216  lr 1.0e-04  fps   7329   243.3s
it 9605/13000  reward     nan  ep_len    nan  fell    0  err_xy 0.041  std 0.216  lr 1.0e-04  fps   7421   243.6s
it 9606/13000  reward     nan  ep_len    nan  fell    0  err_xy 0.050  std 0.216  lr 1.0e-04  fps   7242   243.9s
it 9607/13000  reward     nan  ep_len    nan  fell    0  err_xy 0.039  std 0.216  lr 1.0e-04  fps   7311   244.2s
it 9608/13000  reward  211.49  ep_len  808.0  fell    0  err_xy 0.036  std 0.216  lr 1.0e-04  fps   6141   244.6s
it 9609/13000  reward     nan  ep_len    nan  fell    0  err_xy 0.353  std 0.216  lr 1.0e-04  fps   7649   244.9s
it 9610/13000  reward     nan  ep_len    nan  fell    0  err_xy 0.277  std 0.216  lr 1.0e-04  fps   7827   245.2s
it 9611/13000  reward     nan  ep_len    nan  fell    0  err_xy 0.211  std 0.216  lr 1.0e-04  fps   9073   245.4s
it 9612/13000  reward     nan  ep_len    nan  fell    0  err_xy 0.235  std 0.216  lr 1.0e-04  fps   9160   245.7s
it 9613/13000  reward     nan  ep_len    nan  fell    0  err_xy 0.277  std 0.216  lr 1.0e-04  fps   8903   245.9s
it 9614/13000  reward     nan  ep_len    nan  fell    0  err_xy 0.252  std 0.216  lr 1.0e-04  fps   8868   246.2s
it 9615/13000  reward     nan  ep_len    nan  fell    0  err_xy 0.245  std 0.216  lr 1.0e-04  fps   8652   246.5s
it 9616/13000  reward     nan  ep_len    nan  fell    0  err_xy 0.215  std 0.216  lr 1.0e-04  fps   8492   246.7s
it 9617/13000  reward     nan  ep_len    nan  fell    0  err_xy 0.196  std 0.216  lr 1.0e-04  fps   8369   247.0s
it 9618/13000  reward     nan  ep_len    nan  fell    0  err_xy 0.187  std 0.216  lr 1.0e-04  fps   8057   247.3s
it 9619/13000  reward     nan  ep_len    nan  fell    0  err_xy 0.178  std 0.216  lr 1.0e-04  fps   8034   247.6s
it 9620/13000  reward     nan  ep_len    nan  fell    0  err_xy 0.148  std 0.216  lr 1.0e-04  fps   8080   247.9s
it 9621/13000  reward     nan  ep_len    nan  fell    0  err_xy 0.147  std 0.216  lr 1.0e-04  fps   8192   248.2s
it 9622/13000  reward     nan  ep_len    nan  fell    0  err_xy 0.142  std 0.216  lr 1.0e-04  fps   8041   248.4s
it 9623/13000  reward     nan  ep_len    nan  fell    0  err_xy 0.141  std 0.216  lr 1.0e-04  fps   8008   248.7s
it 9624/13000  reward     nan  ep_len    nan  fell    0  err_xy 0.122  std 0.216  lr 1.0e-04  fps   8138   249.0s
it 9625/13000  reward     nan  ep_len    nan  fell    0  err_xy 0.109  std 0.216  lr 1.0e-04  fps   8067   249.3s
it 9626/13000  reward     nan  ep_len    nan  fell    0  err_xy 0.097  std 0.216  lr 1.0e-04  fps   7996   249.6s
it 9627/13000  reward     nan  ep_len    nan  fell    0  err_xy 0.084  std 0.216  lr 1.0e-04  fps   7802   249.9s
it 9628/13000  reward     nan  ep_len    nan  fell    0  err_xy 0.080  std 0.216  lr 1.0e-04  fps   7720   250.2s
it 9629/13000  reward     nan  ep_len    nan  fell    0  err_xy 0.074  std 0.216  lr 1.0e-04  fps   7953   250.5s
it 9630/13000  reward     nan  ep_len    nan  fell    0  err_xy 0.075  std 0.216  lr 1.0e-04  fps   7980   250.8s
it 9631/13000  reward     nan  ep_len    nan  fell    0  err_xy 0.057  std 0.216  lr 1.0e-04  fps   7891   251.1s
it 9632/13000  reward     nan  ep_len    nan  fell    0  err_xy 0.051  std 0.216  lr 1.0e-04  fps   7670   251.4s
it 9633/13000  reward     nan  ep_len    nan  fell    0  err_xy 0.042  std 0.216  lr 1.0e-04  fps   7791   251.7s
it 9634/13000  reward     nan  ep_len    nan  fell    0  err_xy 0.037  std 0.216  lr 1.0e-04  fps   7539   252.0s
it 9635/13000  reward     nan  ep_len    nan  fell    0  err_xy 0.043  std 0.216  lr 1.0e-04  fps   7346   252.3s
it 9636/13000  reward     nan  ep_len    nan  fell    0  err_xy 0.038  std 0.216  lr 1.0e-04  fps   7177   252.6s
it 9637/13000  reward     nan  ep_len    nan  fell    0  err_xy 0.041  std 0.216  lr 1.0e-04  fps   7458   252.9s
it 9638/13000  reward     nan  ep_len    nan  fell    0  err_xy 0.034  std 0.216  lr 1.0e-04  fps   7047   253.2s
it 9639/13000  reward     nan  ep_len    nan  fell    0  err_xy 0.022  std 0.216  lr 1.0e-04  fps   7472   253.5s
it 9640/13000  reward     nan  ep_len    nan  fell    0  err_xy 0.027  std 0.216  lr 1.0e-04  fps   7408   253.9s
it 9641/13000  reward     nan  ep_len    nan  fell    0  err_xy 0.024  std 0.216  lr 1.0e-04  fps   7428   254.2s
it 9642/13000  reward  225.24  ep_len  808.0  fell    0  err_xy 0.114  std 0.216  lr 1.0e-04  fps   6636   254.5s
it 9643/13000  reward     nan  ep_len    nan  fell    0  err_xy 0.379  std 0.216  lr 1.0e-04  fps   9284   254.8s
it 9644/13000  reward     nan  ep_len    nan  fell    0  err_xy 0.223  std 0.216  lr 1.0e-04  fps   9338   255.0s
it 9645/13000  reward     nan  ep_len    nan  fell    0  err_xy 0.191  std 0.216  lr 1.0e-04  fps   9310   255.3s
it 9646/13000  reward     nan  ep_len    nan  fell    0  err_xy 0.182  std 0.216  lr 1.0e-04  fps   9210   255.5s
it 9647/13000  reward     nan  ep_len    nan  fell    0  err_xy 0.194  std 0.216  lr 1.0e-04  fps   9019   255.8s
it 9648/13000  reward     nan  ep_len    nan  fell    0  err_xy 0.182  std 0.216  lr 1.0e-04  fps   8863   256.0s
it 9649/13000  reward     nan  ep_len    nan  fell    0  err_xy 0.147  std 0.216  lr 1.0e-04  fps   8572   256.3s
it 9650/13000  reward     nan  ep_len    nan  fell    0  err_xy 0.162  std 0.216  lr 1.0e-04  fps   8404   256.6s
it 9651/13000  reward     nan  ep_len    nan  fell    0  err_xy 0.153  std 0.216  lr 1.0e-04  fps   8353   256.8s
it 9652/13000  reward     nan  ep_len    nan  fell    0  err_xy 0.144  std 0.216  lr 1.0e-04  fps   8250   257.1s
it 9653/13000  reward     nan  ep_len    nan  fell    0  err_xy 0.125  std 0.216  lr 1.0e-04  fps   8150   257.4s
it 9654/13000  reward     nan  ep_len    nan  fell    0  err_xy 0.122  std 0.216  lr 1.0e-04  fps   8096   257.7s
it 9655/13000  reward     nan  ep_len    nan  fell    0  err_xy 0.122  std 0.216  lr 1.0e-04  fps   7997   258.0s
it 9656/13000  reward     nan  ep_len    nan  fell    0  err_xy 0.112  std 0.216  lr 1.0e-04  fps   7915   258.3s
it 9657/13000  reward     nan  ep_len    nan  fell    0  err_xy 0.121  std 0.216  lr 1.0e-04  fps   7847   258.6s
it 9658/13000  reward     nan  ep_len    nan  fell    0  err_xy 0.087  std 0.216  lr 1.0e-04  fps   7848   258.9s
it 9659/13000  reward     nan  ep_len    nan  fell    0  err_xy 0.072  std 0.216  lr 1.0e-04  fps   7835   259.2s
it 9660/13000  reward     nan  ep_len    nan  fell    0  err_xy 0.069  std 0.216  lr 1.0e-04  fps   7795   259.4s
it 9661/13000  reward     nan  ep_len    nan  fell    0  err_xy 0.069  std 0.216  lr 1.0e-04  fps   7912   259.7s
it 9662/13000  reward     nan  ep_len    nan  fell    0  err_xy 0.060  std 0.216  lr 1.0e-04  fps   7943   260.0s
it 9663/13000  reward     nan  ep_len    nan  fell    0  err_xy 0.056  std 0.216  lr 1.0e-04  fps   7750   260.3s
it 9664/13000  reward     nan  ep_len    nan  fell    0  err_xy 0.060  std 0.216  lr 1.0e-04  fps   7739   260.6s
it 9665/13000  reward     nan  ep_len    nan  fell    0  err_xy 0.046  std 0.216  lr 1.0e-04  fps   7785   260.9s
it 9666/13000  reward     nan  ep_len    nan  fell    0  err_xy 0.029  std 0.216  lr 1.0e-04  fps   7838   261.2s
it 9667/13000  reward     nan  ep_len    nan  fell    0  err_xy 0.024  std 0.216  lr 1.0e-04  fps   7695   261.5s
it 9668/13000  reward     nan  ep_len    nan  fell    0  err_xy 0.031  std 0.216  lr 1.0e-04  fps   7500   261.8s
it 9669/13000  reward     nan  ep_len    nan  fell    0  err_xy 0.027  std 0.216  lr 1.0e-04  fps   7415   262.1s
it 9670/13000  reward     nan  ep_len    nan  fell    0  err_xy 0.019  std 0.216  lr 1.0e-04  fps   7384   262.4s
it 9671/13000  reward     nan  ep_len    nan  fell    0  err_xy 0.020  std 0.216  lr 1.0e-04  fps   7363   262.8s
it 9672/13000  reward     nan  ep_len    nan  fell    0  err_xy 0.022  std 0.216  lr 1.0e-04  fps   7527   263.1s
it 9673/13000  reward     nan  ep_len    nan  fell    0  err_xy 0.022  std 0.216  lr 1.0e-04  fps   7471   263.4s
it 9674/13000  reward     nan  ep_len    nan  fell    0  err_xy 0.019  std 0.216  lr 1.0e-04  fps   7516   263.7s
it 9675/13000  reward     nan  ep_len    nan  fell    0  err_xy 0.020  std 0.216  lr 1.0e-04  fps   7518   264.0s
it 9676/13000  reward  226.02  ep_len  808.0  fell    0  err_xy 0.271  std 0.216  lr 1.0e-04  fps   7103   264.3s
it 9677/13000  reward     nan  ep_len    nan  fell    0  err_xy 0.289  std 0.216  lr 1.0e-04  fps   9424   264.6s
it 9678/13000  reward     nan  ep_len    nan  fell    0  err_xy 0.181  std 0.216  lr 1.0e-04  fps   9425   264.8s
it 9679/13000  reward     nan  ep_len    nan  fell    0  err_xy 0.212  std 0.216  lr 1.0e-04  fps   9215   265.1s
it 9680/13000  reward     nan  ep_len    nan  fell    0  err_xy 0.218  std 0.216  lr 1.0e-04  fps   8962   265.3s
it 9681/13000  reward     nan  ep_len    nan  fell    0  err_xy 0.200  std 0.216  lr 1.0e-04  fps   8535   265.6s
it 9682/13000  reward     nan  ep_len    nan  fell    0  err_xy 0.159  std 0.216  lr 1.0e-04  fps   8394   265.9s
it 9683/13000  reward     nan  ep_len    nan  fell    0  err_xy 0.141  std 0.216  lr 1.0e-04  fps   8240   266.1s
it 9684/13000  reward     nan  ep_len    nan  fell    0  err_xy 0.123  std 0.216  lr 1.0e-04  fps   7927   266.4s
it 9685/13000  reward     nan  ep_len    nan  fell    0  err_xy 0.106  std 0.216  lr 1.0e-04  fps   7808   266.7s
it 9686/13000  reward     nan  ep_len    nan  fell    0  err_xy 0.086  std 0.216  lr 1.0e-04  fps   7819   267.0s
it 9687/13000  reward     nan  ep_len    nan  fell    0  err_xy 0.072  std 0.216  lr 1.0e-04  fps   7880   267.3s
it 9688/13000  reward     nan  ep_len    nan  fell    0  err_xy 0.054  std 0.216  lr 1.0e-04  fps   7905   267.6s
it 9689/13000  reward     nan  ep_len    nan  fell    0  err_xy 0.052  std 0.216  lr 1.0e-04  fps   7846   267.9s
it 9690/13000  reward     nan  ep_len    nan  fell    0  err_xy 0.059  std 0.216  lr 1.0e-04  fps   7866   268.2s
it 9691/13000  reward     nan  ep_len    nan  fell    0  err_xy 0.060  std 0.216  lr 1.0e-04  fps   7871   268.5s
it 9692/13000  reward     nan  ep_len    nan  fell    0  err_xy 0.052  std 0.216  lr 1.0e-04  fps   7853   268.8s
it 9693/13000  reward     nan  ep_len    nan  fell    0  err_xy 0.056  std 0.216  lr 1.0e-04  fps   7781   269.1s
it 9694/13000  reward     nan  ep_len    nan  fell    0  err_xy 0.047  std 0.216  lr 1.0e-04  fps   7613   269.4s
it 9695/13000  reward     nan  ep_len    nan  fell    0  err_xy 0.043  std 0.216  lr 1.0e-04  fps   7544   269.7s
it 9696/13000  reward     nan  ep_len    nan  fell    0  err_xy 0.032  std 0.216  lr 1.0e-04  fps   6720   270.0s
it 9697/13000  reward     nan  ep_len    nan  fell    0  err_xy 0.032  std 0.216  lr 1.0e-04  fps   7361   270.3s
it 9698/13000  reward     nan  ep_len    nan  fell    0  err_xy 0.026  std 0.216  lr 1.0e-04  fps   7424   270.6s
it 9699/13000  reward     nan  ep_len    nan  fell    0  err_xy 0.020  std 0.216  lr 1.0e-04  fps   7610   270.9s
it 9700/13000  reward     nan  ep_len    nan  fell    0  err_xy 0.026  std 0.216  lr 1.0e-04  fps   7766   271.2s
it 9701/13000  reward     nan  ep_len    nan  fell    0  err_xy 0.022  std 0.216  lr 1.0e-04  fps   7415   271.6s
it 9702/13000  reward     nan  ep_len    nan  fell    0  err_xy 0.022  std 0.216  lr 1.0e-04  fps   7440   271.9s
it 9703/13000  reward     nan  ep_len    nan  fell    0  err_xy 0.022  std 0.216  lr 1.0e-04  fps   7371   272.2s
it 9704/13000  reward     nan  ep_len    nan  fell    0  err_xy 0.019  std 0.216  lr 1.0e-04  fps   7351   272.5s
it 9705/13000  reward     nan  ep_len    nan  fell    0  err_xy 0.018  std 0.216  lr 1.0e-04  fps   7439   272.8s
it 9706/13000  reward     nan  ep_len    nan  fell    0  err_xy 0.020  std 0.216  lr 1.0e-04  fps   7469   273.1s
it 9707/13000  reward     nan  ep_len    nan  fell    0  err_xy 0.020  std 0.216  lr 1.0e-04  fps   7391   273.4s
it 9708/13000  reward     nan  ep_len    nan  fell    0  err_xy 0.020  std 0.216  lr 1.0e-04  fps   7442   273.7s
it 9709/13000  reward  245.59  ep_len  808.0  fell    0  err_xy 0.019  std 0.216  lr 1.0e-04  fps   6299   274.1s
it 9710/13000  reward     nan  ep_len    nan  fell    0  err_xy 0.381  std 0.216  lr 1.0e-04  fps   8937   274.4s
it 9711/13000  reward     nan  ep_len    nan  fell    0  err_xy 0.267  std 0.216  lr 1.0e-04  fps   9545   274.6s
it 9712/13000  reward     nan  ep_len    nan  fell    0  err_xy 0.169  std 0.216  lr 1.0e-04  fps   9289   274.9s
it 9713/13000  reward     nan  ep_len    nan  fell    0  err_xy 0.213  std 0.216  lr 1.0e-04  fps   9080   275.1s
it 9714/13000  reward     nan  ep_len    nan  fell    0  err_xy 0.179  std 0.216  lr 1.0e-04  fps   8625   275.4s
it 9715/13000  reward     nan  ep_len    nan  fell    0  err_xy 0.133  std 0.216  lr 1.0e-04  fps   8436   275.6s
it 9716/13000  reward     nan  ep_len    nan  fell    0  err_xy 0.120  std 0.216  lr 1.0e-04  fps   8316   275.9s
it 9717/13000  reward     nan  ep_len    nan  fell    0  err_xy 0.094  std 0.216  lr 1.0e-04  fps   8213   276.2s
it 9718/13000  reward     nan  ep_len    nan  fell    0  err_xy 0.076  std 0.216  lr 1.0e-04  fps   8026   276.5s
it 9719/13000  reward     nan  ep_len    nan  fell    0  err_xy 0.070  std 0.216  lr 1.0e-04  fps   7916   276.8s
it 9720/13000  reward     nan  ep_len    nan  fell    0  err_xy 0.049  std 0.216  lr 1.0e-04  fps   7870   277.1s
it 9721/13000  reward     nan  ep_len    nan  fell    0  err_xy 0.045  std 0.216  lr 1.0e-04  fps   7845   277.4s
it 9722/13000  reward     nan  ep_len    nan  fell    0  err_xy 0.039  std 0.216  lr 1.0e-04  fps   7920   277.7s
it 9723/13000  reward     nan  ep_len    nan  fell    0  err_xy 0.036  std 0.216  lr 1.0e-04  fps   7938   278.0s
it 9724/13000  reward     nan  ep_len    nan  fell    0  err_xy 0.031  std 0.216  lr 1.0e-04  fps   7862   278.2s
it 9725/13000  reward     nan  ep_len    nan  fell    0  err_xy 0.033  std 0.216  lr 1.0e-04  fps   7656   278.5s
it 9726/13000  reward     nan  ep_len    nan  fell    0  err_xy 0.025  std 0.216  lr 1.0e-04  fps   7585   278.9s
it 9727/13000  reward     nan  ep_len    nan  fell    0  err_xy 0.024  std 0.216  lr 1.0e-04  fps   7574   279.2s
it 9728/13000  reward     nan  ep_len    nan  fell    0  err_xy 0.018  std 0.216  lr 1.0e-04  fps   7778   279.5s
it 9729/13000  reward     nan  ep_len    nan  fell    0  err_xy 0.029  std 0.216  lr 1.0e-04  fps   7795   279.7s
it 9730/13000  reward     nan  ep_len    nan  fell    0  err_xy 0.023  std 0.216  lr 1.0e-04  fps   7552   280.1s
it 9731/13000  reward     nan  ep_len    nan  fell    0  err_xy 0.017  std 0.216  lr 1.0e-04  fps   7600   280.4s
it 9732/13000  reward     nan  ep_len    nan  fell    0  err_xy 0.019  std 0.216  lr 1.0e-04  fps   7715   280.7s
it 9733/13000  reward     nan  ep_len    nan  fell    0  err_xy 0.018  std 0.216  lr 1.0e-04  fps   7739   281.0s
it 9734/13000  reward     nan  ep_len    nan  fell    0  err_xy 0.020  std 0.216  lr 1.0e-04  fps   7635   281.3s
it 9735/13000  reward     nan  ep_len    nan  fell    0  err_xy 0.020  std 0.216  lr 1.0e-04  fps   7325   281.6s
it 9736/13000  reward     nan  ep_len    nan  fell    0  err_xy 0.020  std 0.216  lr 1.0e-04  fps   7356   281.9s
it 9737/13000  reward     nan  ep_len    nan  fell    0  err_xy 0.019  std 0.216  lr 1.0e-04  fps   7300   282.2s
it 9738/13000  reward     nan  ep_len    nan  fell    0  err_xy 0.018  std 0.216  lr 1.0e-04  fps   7383   282.5s
it 9739/13000  reward     nan  ep_len    nan  fell    0  err_xy 0.020  std 0.216  lr 1.0e-04  fps   7373   282.8s
it 9740/13000  reward     nan  ep_len    nan  fell    0  err_xy 0.020  std 0.216  lr 1.0e-04  fps   7334   283.1s
it 9741/13000  reward     nan  ep_len    nan  fell    0  err_xy 0.019  std 0.216  lr 1.0e-04  fps   7405   283.5s
it 9742/13000  reward     nan  ep_len    nan  fell    0  err_xy 0.016  std 0.216  lr 1.0e-04  fps   7424   283.8s
it 9743/13000  reward  248.44  ep_len  808.0  fell    0  err_xy 0.097  std 0.216  lr 1.0e-04  fps   6584   284.1s
it 9744/13000  reward     nan  ep_len    nan  fell    0  err_xy 0.370  std 0.216  lr 1.0e-04  fps   9108   284.4s
it 9745/13000  reward     nan  ep_len    nan  fell    0  err_xy 0.241  std 0.216  lr 1.0e-04  fps   9403   284.6s
it 9746/13000  reward     nan  ep_len    nan  fell    0  err_xy 0.258  std 0.216  lr 1.0e-04  fps   9106   284.9s
it 9747/13000  reward     nan  ep_len    nan  fell    0  err_xy 0.257  std 0.216  lr 1.0e-04  fps   8773   285.1s
it 9748/13000  reward     nan  ep_len    nan  fell    0  err_xy 0.222  std 0.216  lr 1.0e-04  fps   8579   285.4s
it 9749/13000  reward     nan  ep_len    nan  fell    0  err_xy 0.188  std 0.216  lr 1.0e-04  fps   8359   285.7s
it 9750/13000  reward     nan  ep_len    nan  fell    0  err_xy 0.137  std 0.216  lr 1.0e-04  fps   8257   286.0s
it 9751/13000  reward     nan  ep_len    nan  fell    0  err_xy 0.139  std 0.216  lr 1.0e-04  fps   8164   286.2s
it 9752/13000  reward     nan  ep_len    nan  fell    0  err_xy 0.116  std 0.216  lr 1.0e-04  fps   7951   286.5s
it 9753/13000  reward     nan  ep_len    nan  fell    0  err_xy 0.083  std 0.216  lr 1.0e-04  fps   8066   286.8s
it 9754/13000  reward     nan  ep_len    nan  fell    0  err_xy 0.069  std 0.216  lr 1.0e-04  fps   7951   287.1s
it 9755/13000  reward     nan  ep_len    nan  fell    0  err_xy 0.058  std 0.216  lr 1.0e-04  fps   7847   287.4s
it 9756/13000  reward     nan  ep_len    nan  fell    0  err_xy 0.060  std 0.216  lr 1.0e-04  fps   7859   287.7s
it 9757/13000  reward     nan  ep_len    nan  fell    0  err_xy 0.072  std 0.216  lr 1.0e-04  fps   7862   288.0s
it 9758/13000  reward     nan  ep_len    nan  fell    0  err_xy 0.067  std 0.216  lr 1.0e-04  fps   7579   288.3s
it 9759/13000  reward     nan  ep_len    nan  fell    0  err_xy 0.044  std 0.216  lr 1.0e-04  fps   7592   288.6s
it 9760/13000  reward     nan  ep_len    nan  fell    0  err_xy 0.044  std 0.216  lr 1.0e-04  fps   6838   288.9s
it 9761/13000  reward     nan  ep_len    nan  fell    0  err_xy 0.047  std 0.216  lr 1.0e-04  fps   7565   289.2s
it 9762/13000  reward     nan  ep_len    nan  fell    0  err_xy 0.041  std 0.216  lr 1.0e-04  fps   7650   289.5s
it 9763/13000  reward     nan  ep_len    nan  fell    0  err_xy 0.039  std 0.216  lr 1.0e-04  fps   7632   289.8s
it 9764/13000  reward     nan  ep_len    nan  fell    0  err_xy 0.033  std 0.216  lr 1.0e-04  fps   7633   290.1s
it 9765/13000  reward     nan  ep_len    nan  fell    0  err_xy 0.031  std 0.216  lr 1.0e-04  fps   7554   290.4s
it 9766/13000  reward     nan  ep_len    nan  fell    0  err_xy 0.031  std 0.216  lr 1.0e-04  fps   7669   290.7s
it 9767/13000  reward     nan  ep_len    nan  fell    0  err_xy 0.024  std 0.216  lr 1.0e-04  fps   7699   291.0s
it 9768/13000  reward     nan  ep_len    nan  fell    0  err_xy 0.029  std 0.216  lr 1.0e-04  fps   7559   291.3s
it 9769/13000  reward     nan  ep_len    nan  fell    0  err_xy 0.029  std 0.216  lr 1.0e-04  fps   7468   291.7s
it 9770/13000  reward     nan  ep_len    nan  fell    0  err_xy 0.024  std 0.216  lr 1.0e-04  fps   7368   292.0s
it 9771/13000  reward     nan  ep_len    nan  fell    0  err_xy 0.021  std 0.216  lr 1.0e-04  fps   7150   292.3s
it 9772/13000  reward     nan  ep_len    nan  fell    0  err_xy 0.019  std 0.216  lr 1.0e-04  fps   7323   292.6s
it 9773/13000  reward     nan  ep_len    nan  fell    0  err_xy 0.016  std 0.216  lr 1.0e-04  fps   7320   292.9s
it 9774/13000  reward     nan  ep_len    nan  fell    0  err_xy 0.016  std 0.216  lr 1.0e-04  fps   7273   293.2s
it 9775/13000  reward     nan  ep_len    nan  fell    0  err_xy 0.017  std 0.216  lr 1.0e-04  fps   7234   293.6s
it 9776/13000  reward     nan  ep_len    nan  fell    0  err_xy 0.016  std 0.216  lr 1.0e-04  fps   7225   293.9s
it 9777/13000  reward  250.82  ep_len  808.0  fell    0  err_xy 0.247  std 0.216  lr 1.0e-04  fps   6797   294.2s
it 9778/13000  reward     nan  ep_len    nan  fell    0  err_xy 0.319  std 0.216  lr 1.0e-04  fps   9166   294.5s
it 9779/13000  reward     nan  ep_len    nan  fell    0  err_xy 0.233  std 0.216  lr 1.0e-04  fps   9400   294.7s
it 9780/13000  reward     nan  ep_len    nan  fell    0  err_xy 0.260  std 0.216  lr 1.0e-04  fps   8941   295.0s
it 9781/13000  reward     nan  ep_len    nan  fell    0  err_xy 0.263  std 0.216  lr 1.0e-04  fps   8830   295.2s
it 9782/13000  reward     nan  ep_len    nan  fell    0  err_xy 0.228  std 0.216  lr 1.0e-04  fps   8692   295.5s
it 9783/13000  reward     nan  ep_len    nan  fell    0  err_xy 0.174  std 0.216  lr 1.0e-04  fps   8496   295.8s
it 9784/13000  reward     nan  ep_len    nan  fell    0  err_xy 0.145  std 0.216  lr 1.0e-04  fps   8223   296.0s
it 9785/13000  reward     nan  ep_len    nan  fell    0  err_xy 0.147  std 0.216  lr 1.0e-04  fps   8256   296.3s
it 9786/13000  reward     nan  ep_len    nan  fell    0  err_xy 0.119  std 0.216  lr 1.0e-04  fps   8210   296.6s
it 9787/13000  reward     nan  ep_len    nan  fell    0  err_xy 0.117  std 0.216  lr 1.0e-04  fps   8099   296.9s
it 9788/13000  reward     nan  ep_len    nan  fell    0  err_xy 0.101  std 0.216  lr 1.0e-04  fps   8098   297.2s
it 9789/13000  reward     nan  ep_len    nan  fell    0  err_xy 0.081  std 0.216  lr 1.0e-04  fps   8000   297.5s
it 9790/13000  reward     nan  ep_len    nan  fell    0  err_xy 0.103  std 0.216  lr 1.0e-04  fps   7955   297.8s
it 9791/13000  reward     nan  ep_len    nan  fell    0  err_xy 0.072  std 0.216  lr 1.0e-04  fps   7974   298.0s
it 9792/13000  reward     nan  ep_len    nan  fell    0  err_xy 0.081  std 0.216  lr 1.0e-04  fps   7869   298.3s
it 9793/13000  reward     nan  ep_len    nan  fell    0  err_xy 0.066  std 0.216  lr 1.0e-04  fps   7946   298.6s
it 9794/13000  reward     nan  ep_len    nan  fell    0  err_xy 0.066  std 0.216  lr 1.0e-04  fps   7946   298.9s
it 9795/13000  reward     nan  ep_len    nan  fell    0  err_xy 0.068  std 0.216  lr 1.0e-04  fps   7850   299.2s
it 9796/13000  reward     nan  ep_len    nan  fell    0  err_xy 0.068  std 0.216  lr 1.0e-04  fps   7734   299.5s
it 9797/13000  reward     nan  ep_len    nan  fell    0  err_xy 0.065  std 0.216  lr 1.0e-04  fps   7663   299.8s
it 9798/13000  reward     nan  ep_len    nan  fell    0  err_xy 0.074  std 0.216  lr 1.0e-04  fps   7682   300.1s
it 9799/13000  reward     nan  ep_len    nan  fell    0  err_xy 0.056  std 0.216  lr 1.0e-04  fps   7692   300.4s
it 9800/13000  reward     nan  ep_len    nan  fell    0  err_xy 0.046  std 0.216  lr 1.0e-04  fps   7637   300.7s
it 9801/13000  reward     nan  ep_len    nan  fell    0  err_xy 0.045  std 0.216  lr 1.0e-04  fps   7638   301.0s
it 9802/13000  reward     nan  ep_len    nan  fell    0  err_xy 0.045  std 0.216  lr 1.0e-04  fps   7150   301.3s
it 9803/13000  reward     nan  ep_len    nan  fell    0  err_xy 0.046  std 0.216  lr 1.0e-04  fps   7276   301.7s
it 9804/13000  reward     nan  ep_len    nan  fell    0  err_xy 0.044  std 0.216  lr 1.0e-04  fps   7336   302.0s
it 9805/13000  reward     nan  ep_len    nan  fell    0  err_xy 0.043  std 0.216  lr 1.0e-04  fps   7311   302.3s
it 9806/13000  reward     nan  ep_len    nan  fell    0  err_xy 0.030  std 0.216  lr 1.0e-04  fps   7363   302.6s
it 9807/13000  reward     nan  ep_len    nan  fell    0  err_xy 0.031  std 0.216  lr 1.0e-04  fps   7299   302.9s
it 9808/13000  reward     nan  ep_len    nan  fell    0  err_xy 0.029  std 0.216  lr 1.0e-04  fps   7282   303.2s
it 9809/13000  reward     nan  ep_len    nan  fell    0  err_xy 0.025  std 0.216  lr 1.0e-04  fps   6646   303.6s
it 9810/13000  reward  242.97  ep_len  808.0  fell    0  err_xy 0.027  std 0.216  lr 1.0e-04  fps   6020   304.0s
it 9811/13000  reward     nan  ep_len    nan  fell    0  err_xy 0.380  std 0.216  lr 1.0e-04  fps   8225   304.2s
it 9812/13000  reward     nan  ep_len    nan  fell    0  err_xy 0.281  std 0.216  lr 1.0e-04  fps   8576   304.5s
it 9813/13000  reward     nan  ep_len    nan  fell    0  err_xy 0.237  std 0.216  lr 1.0e-04  fps   8701   304.8s
it 9814/13000  reward     nan  ep_len    nan  fell    0  err_xy 0.225  std 0.216  lr 1.0e-04  fps   8595   305.0s
it 9815/13000  reward     nan  ep_len    nan  fell    0  err_xy 0.241  std 0.216  lr 1.0e-04  fps   7481   305.4s
it 9816/13000  reward     nan  ep_len    nan  fell    0  err_xy 0.234  std 0.216  lr 1.0e-04  fps   8263   305.6s
it 9817/13000  reward     nan  ep_len    nan  fell    0  err_xy 0.188  std 0.216  lr 1.0e-04  fps   8074   305.9s
it 9818/13000  reward     nan  ep_len    nan  fell    0  err_xy 0.197  std 0.216  lr 1.0e-04  fps   7567   306.2s
it 9819/13000  reward     nan  ep_len    nan  fell    0  err_xy 0.168  std 0.216  lr 1.0e-04  fps   7775   306.5s
it 9820/13000  reward     nan  ep_len    nan  fell    0  err_xy 0.143  std 0.216  lr 1.0e-04  fps   7788   306.8s
it 9821/13000  reward     nan  ep_len    nan  fell    0  err_xy 0.124  std 0.216  lr 1.0e-04  fps   7734   307.1s
it 9822/13000  reward     nan  ep_len    nan  fell    0  err_xy 0.113  std 0.216  lr 1.0e-04  fps   7187   307.4s
it 9823/13000  reward     nan  ep_len    nan  fell    0  err_xy 0.097  std 0.216  lr 1.0e-04  fps   6868   307.8s
it 9824/13000  reward     nan  ep_len    nan  fell    0  err_xy 0.064  std 0.216  lr 1.0e-04  fps   7120   308.1s
it 9825/13000  reward     nan  ep_len    nan  fell    0  err_xy 0.061  std 0.216  lr 1.0e-04  fps   7439   308.4s
it 9826/13000  reward     nan  ep_len    nan  fell    0  err_xy 0.048  std 0.216  lr 1.0e-04  fps   6886   308.7s
it 9827/13000  reward     nan  ep_len    nan  fell    0  err_xy 0.054  std 0.216  lr 1.0e-04  fps   6749   309.1s
it 9828/13000  reward     nan  ep_len    nan  fell    0  err_xy 0.036  std 0.216  lr 1.0e-04  fps   6920   309.4s
it 9829/13000  reward     nan  ep_len    nan  fell    0  err_xy 0.041  std 0.216  lr 1.0e-04  fps   6841   309.8s
it 9830/13000  reward     nan  ep_len    nan  fell    0  err_xy 0.037  std 0.216  lr 1.0e-04  fps   7194   310.1s
it 9831/13000  reward     nan  ep_len    nan  fell    0  err_xy 0.033  std 0.216  lr 1.0e-04  fps   7270   310.4s
it 9832/13000  reward     nan  ep_len    nan  fell    0  err_xy 0.033  std 0.216  lr 1.0e-04  fps   7429   310.7s
it 9833/13000  reward     nan  ep_len    nan  fell    0  err_xy 0.035  std 0.216  lr 1.0e-04  fps   7496   311.0s
it 9834/13000  reward     nan  ep_len    nan  fell    0  err_xy 0.035  std 0.216  lr 1.0e-04  fps   7381   311.3s
it 9835/13000  reward     nan  ep_len    nan  fell    0  err_xy 0.031  std 0.216  lr 1.0e-04  fps   7519   311.6s
it 9836/13000  reward     nan  ep_len    nan  fell    0  err_xy 0.021  std 0.216  lr 1.0e-04  fps   7288   311.9s
it 9837/13000  reward     nan  ep_len    nan  fell    0  err_xy 0.021  std 0.216  lr 1.0e-04  fps   7261   312.3s
it 9838/13000  reward     nan  ep_len    nan  fell    0  err_xy 0.022  std 0.216  lr 1.0e-04  fps   7303   312.6s
it 9839/13000  reward     nan  ep_len    nan  fell    0  err_xy 0.024  std 0.216  lr 1.0e-04  fps   7305   312.9s
it 9840/13000  reward     nan  ep_len    nan  fell    0  err_xy 0.021  std 0.216  lr 1.0e-04  fps   7268   313.2s
it 9841/13000  reward     nan  ep_len    nan  fell    0  err_xy 0.018  std 0.216  lr 1.0e-04  fps   7333   313.5s
it 9842/13000  reward     nan  ep_len    nan  fell    0  err_xy 0.016  std 0.216  lr 1.0e-04  fps   7377   313.8s
it 9843/13000  reward     nan  ep_len    nan  fell    0  err_xy 0.016  std 0.216  lr 1.0e-04  fps   7392   314.2s
it 9844/13000  reward  241.06  ep_len  808.0  fell    0  err_xy 0.105  std 0.216  lr 1.0e-04  fps   6531   314.5s
it 9845/13000  reward     nan  ep_len    nan  fell    0  err_xy 0.377  std 0.216  lr 1.0e-04  fps   9164   314.8s
it 9846/13000  reward     nan  ep_len    nan  fell    0  err_xy 0.243  std 0.216  lr 1.0e-04  fps   9353   315.0s
it 9847/13000  reward     nan  ep_len    nan  fell    0  err_xy 0.227  std 0.216  lr 1.0e-04  fps   8848   315.3s
it 9848/13000  reward     nan  ep_len    nan  fell    0  err_xy 0.270  std 0.216  lr 1.0e-04  fps   7712   315.6s
it 9849/13000  reward     nan  ep_len    nan  fell    0  err_xy 0.278  std 0.216  lr 1.0e-04  fps   7822   315.9s
it 9850/13000  reward     nan  ep_len    nan  fell    0  err_xy 0.243  std 0.216  lr 1.0e-04  fps   7472   316.2s
it 9851/13000  reward     nan  ep_len    nan  fell    0  err_xy 0.209  std 0.216  lr 1.0e-04  fps   7397   316.5s
it 9852/13000  reward     nan  ep_len    nan  fell    0  err_xy 0.176  std 0.216  lr 1.0e-04  fps   7566   316.8s
it 9853/13000  reward     nan  ep_len    nan  fell    0  err_xy 0.161  std 0.216  lr 1.0e-04  fps   8218   317.1s
it 9854/13000  reward     nan  ep_len    nan  fell    0  err_xy 0.152  std 0.216  lr 1.0e-04  fps   7731   317.4s
it 9855/13000  reward     nan  ep_len    nan  fell    0  err_xy 0.136  std 0.216  lr 1.0e-04  fps   7388   317.7s
it 9856/13000  reward     nan  ep_len    nan  fell    0  err_xy 0.124  std 0.216  lr 1.0e-04  fps   7514   318.0s
it 9857/13000  reward     nan  ep_len    nan  fell    0  err_xy 0.121  std 0.216  lr 1.0e-04  fps   7587   318.3s
it 9858/13000  reward     nan  ep_len    nan  fell    0  err_xy 0.107  std 0.216  lr 1.0e-04  fps   7277   318.6s
it 9859/13000  reward     nan  ep_len    nan  fell    0  err_xy 0.105  std 0.216  lr 1.0e-04  fps   7383   318.9s
it 9860/13000  reward     nan  ep_len    nan  fell    0  err_xy 0.089  std 0.216  lr 1.0e-04  fps   7537   319.2s
it 9861/13000  reward     nan  ep_len    nan  fell    0  err_xy 0.070  std 0.216  lr 1.0e-04  fps   6902   319.6s
it 9862/13000  reward     nan  ep_len    nan  fell    0  err_xy 0.071  std 0.216  lr 1.0e-04  fps   6827   319.9s
it 9863/13000  reward     nan  ep_len    nan  fell    0  err_xy 0.055  std 0.216  lr 1.0e-04  fps   7172   320.2s
it 9864/13000  reward     nan  ep_len    nan  fell    0  err_xy 0.040  std 0.216  lr 1.0e-04  fps   6740   320.6s
it 9865/13000  reward     nan  ep_len    nan  fell    0  err_xy 0.047  std 0.216  lr 1.0e-04  fps   6831   320.9s
it 9866/13000  reward     nan  ep_len    nan  fell    0  err_xy 0.037  std 0.216  lr 1.0e-04  fps   7073   321.2s
it 9867/13000  reward     nan  ep_len    nan  fell    0  err_xy 0.032  std 0.216  lr 1.0e-04  fps   7215   321.5s
it 9868/13000  reward     nan  ep_len    nan  fell    0  err_xy 0.034  std 0.216  lr 1.0e-04  fps   7407   321.9s
it 9869/13000  reward     nan  ep_len    nan  fell    0  err_xy 0.032  std 0.216  lr 1.0e-04  fps   7056   322.2s
it 9870/13000  reward     nan  ep_len    nan  fell    0  err_xy 0.029  std 0.216  lr 1.0e-04  fps   6585   322.5s
it 9871/13000  reward     nan  ep_len    nan  fell    0  err_xy 0.029  std 0.216  lr 1.0e-04  fps   6855   322.9s
it 9872/13000  reward     nan  ep_len    nan  fell    0  err_xy 0.024  std 0.216  lr 1.0e-04  fps   6576   323.2s
it 9873/13000  reward     nan  ep_len    nan  fell    0  err_xy 0.028  std 0.216  lr 1.0e-04  fps   7093   323.5s
it 9874/13000  reward     nan  ep_len    nan  fell    0  err_xy 0.031  std 0.216  lr 1.0e-04  fps   7204   323.9s
it 9875/13000  reward     nan  ep_len    nan  fell    0  err_xy 0.028  std 0.216  lr 1.0e-04  fps   7339   324.2s
it 9876/13000  reward     nan  ep_len    nan  fell    0  err_xy 0.027  std 0.216  lr 1.0e-04  fps   7290   324.5s
it 9877/13000  reward     nan  ep_len    nan  fell    0  err_xy 0.025  std 0.216  lr 1.0e-04  fps   6811   324.8s
it 9878/13000  reward  236.82  ep_len  808.0  fell    0  err_xy 0.255  std 0.216  lr 1.0e-04  fps   6515   325.2s
it 9879/13000  reward     nan  ep_len    nan  fell    0  err_xy 0.324  std 0.216  lr 1.0e-04  fps   8802   325.4s
it 9880/13000  reward     nan  ep_len    nan  fell    0  err_xy 0.262  std 0.216  lr 1.0e-04  fps   9215   325.7s
it 9881/13000  reward     nan  ep_len    nan  fell    0  err_xy 0.298  std 0.216  lr 1.0e-04  fps   8614   326.0s
it 9882/13000  reward     nan  ep_len    nan  fell    0  err_xy 0.282  std 0.216  lr 1.0e-04  fps   8478   326.2s
it 9883/13000  reward     nan  ep_len    nan  fell    0  err_xy 0.258  std 0.216  lr 1.0e-04  fps   7940   326.5s
it 9884/13000  reward     nan  ep_len    nan  fell    0  err_xy 0.235  std 0.216  lr 1.0e-04  fps   8493   326.8s
it 9885/13000  reward     nan  ep_len    nan  fell    0  err_xy 0.236  std 0.216  lr 1.0e-04  fps   8605   327.1s
it 9886/13000  reward     nan  ep_len    nan  fell    0  err_xy 0.197  std 0.216  lr 1.0e-04  fps   8426   327.3s
it 9887/13000  reward     nan  ep_len    nan  fell    0  err_xy 0.194  std 0.216  lr 1.0e-04  fps   7914   327.6s
it 9888/13000  reward     nan  ep_len    nan  fell    0  err_xy 0.213  std 0.216  lr 1.0e-04  fps   8267   327.9s
it 9889/13000  reward     nan  ep_len    nan  fell    0  err_xy 0.201  std 0.216  lr 1.0e-04  fps   8087   328.2s
it 9890/13000  reward     nan  ep_len    nan  fell    0  err_xy 0.178  std 0.216  lr 1.0e-04  fps   8209   328.5s
it 9891/13000  reward     nan  ep_len    nan  fell    0  err_xy 0.209  std 0.216  lr 1.0e-04  fps   7887   328.8s
it 9892/13000  reward     nan  ep_len    nan  fell    0  err_xy 0.160  std 0.216  lr 1.0e-04  fps   8087   329.1s
it 9893/13000  reward     nan  ep_len    nan  fell    0  err_xy 0.203  std 0.216  lr 1.0e-04  fps   7744   329.4s
it 9894/13000  reward     nan  ep_len    nan  fell    0  err_xy 0.156  std 0.216  lr 1.0e-04  fps   7655   329.7s
it 9895/13000  reward     nan  ep_len    nan  fell    0  err_xy 0.157  std 0.216  lr 1.0e-04  fps   7944   329.9s
it 9896/13000  reward     nan  ep_len    nan  fell    0  err_xy 0.147  std 0.216  lr 1.0e-04  fps   8133   330.2s
it 9897/13000  reward     nan  ep_len    nan  fell    0  err_xy 0.131  std 0.216  lr 1.0e-04  fps   7823   330.5s
it 9898/13000  reward     nan  ep_len    nan  fell    0  err_xy 0.130  std 0.216  lr 1.0e-04  fps   7989   330.8s
it 9899/13000  reward     nan  ep_len    nan  fell    0  err_xy 0.117  std 0.216  lr 1.0e-04  fps   7780   331.1s
it 9900/13000  reward     nan  ep_len    nan  fell    0  err_xy 0.110  std 0.216  lr 1.0e-04  fps   7918   331.4s
it 9901/13000  reward     nan  ep_len    nan  fell    0  err_xy 0.106  std 0.216  lr 1.0e-04  fps   7867   331.7s
it 9902/13000  reward     nan  ep_len    nan  fell    0  err_xy 0.082  std 0.216  lr 1.0e-04  fps   7283   332.0s
it 9903/13000  reward     nan  ep_len    nan  fell    0  err_xy 0.084  std 0.216  lr 1.0e-04  fps   7229   332.3s
it 9904/13000  reward     nan  ep_len    nan  fell    0  err_xy 0.072  std 0.216  lr 1.0e-04  fps   7376   332.6s
it 9905/13000  reward     nan  ep_len    nan  fell    0  err_xy 0.059  std 0.216  lr 1.0e-04  fps   7414   333.0s
it 9906/13000  reward     nan  ep_len    nan  fell    0  err_xy 0.066  std 0.216  lr 1.0e-04  fps   6973   333.3s
it 9907/13000  reward     nan  ep_len    nan  fell    0  err_xy 0.060  std 0.216  lr 1.0e-04  fps   7431   333.6s
it 9908/13000  reward     nan  ep_len    nan  fell    0  err_xy 0.051  std 0.216  lr 1.0e-04  fps   7554   333.9s
it 9909/13000  reward     nan  ep_len    nan  fell    0  err_xy 0.059  std 0.216  lr 1.0e-04  fps   7438   334.2s
it 9910/13000  reward     nan  ep_len    nan  fell    0  err_xy 0.066  std 0.216  lr 1.0e-04  fps   7564   334.5s
it 9911/13000  reward  214.96  ep_len  808.0  fell    0  err_xy 0.042  std 0.216  lr 1.0e-04  fps   6290   334.9s
it 9912/13000  reward     nan  ep_len    nan  fell    0  err_xy 0.350  std 0.216  lr 1.0e-04  fps   9022   335.1s
it 9913/13000  reward     nan  ep_len    nan  fell    0  err_xy 0.328  std 0.216  lr 1.0e-04  fps   8738   335.4s
it 9914/13000  reward     nan  ep_len    nan  fell    0  err_xy 0.270  std 0.216  lr 1.0e-04  fps   8208   335.7s
it 9915/13000  reward     nan  ep_len    nan  fell    0  err_xy 0.293  std 0.216  lr 1.0e-04  fps   8317   336.0s
it 9916/13000  reward     nan  ep_len    nan  fell    0  err_xy 0.273  std 0.216  lr 1.0e-04  fps   8443   336.2s
it 9917/13000  reward     nan  ep_len    nan  fell    0  err_xy 0.257  std 0.216  lr 1.0e-04  fps   8024   336.5s
it 9918/13000  reward     nan  ep_len    nan  fell    0  err_xy 0.234  std 0.216  lr 1.0e-04  fps   7040   336.8s
it 9919/13000  reward     nan  ep_len    nan  fell    0  err_xy 0.197  std 0.216  lr 1.0e-04  fps   6496   337.2s
it 9920/13000  reward     nan  ep_len    nan  fell    0  err_xy 0.193  std 0.216  lr 1.0e-04  fps   7409   337.5s
it 9921/13000  reward     nan  ep_len    nan  fell    0  err_xy 0.197  std 0.216  lr 1.0e-04  fps   7076   337.8s
it 9922/13000  reward     nan  ep_len    nan  fell    0  err_xy 0.165  std 0.216  lr 1.0e-04  fps   6315   338.2s
it 9923/13000  reward     nan  ep_len    nan  fell    0  err_xy 0.146  std 0.216  lr 1.0e-04  fps   6051   338.6s
it 9924/13000  reward     nan  ep_len    nan  fell    0  err_xy 0.119  std 0.216  lr 1.0e-04  fps   5073   339.0s
it 9925/13000  reward     nan  ep_len    nan  fell    0  err_xy 0.140  std 0.216  lr 1.0e-04  fps   5893   339.4s
it 9926/13000  reward     nan  ep_len    nan  fell    0  err_xy 0.139  std 0.216  lr 1.0e-04  fps   6782   339.8s
it 9927/13000  reward     nan  ep_len    nan  fell    0  err_xy 0.097  std 0.216  lr 1.0e-04  fps   7009   340.1s
it 9928/13000  reward     nan  ep_len    nan  fell    0  err_xy 0.093  std 0.216  lr 1.0e-04  fps   6381   340.5s
it 9929/13000  reward     nan  ep_len    nan  fell    0  err_xy 0.097  std 0.216  lr 1.0e-04  fps   6393   340.8s
it 9930/13000  reward     nan  ep_len    nan  fell    0  err_xy 0.080  std 0.216  lr 1.0e-04  fps   5637   341.2s
it 9931/13000  reward     nan  ep_len    nan  fell    0  err_xy 0.079  std 0.216  lr 1.0e-04  fps   5462   341.7s
it 9932/13000  reward     nan  ep_len    nan  fell    0  err_xy 0.089  std 0.216  lr 1.0e-04  fps   3859   342.3s
it 9933/13000  reward     nan  ep_len    nan  fell    0  err_xy 0.080  std 0.216  lr 1.0e-04  fps   4837   342.7s
it 9934/13000  reward     nan  ep_len    nan  fell    0  err_xy 0.063  std 0.216  lr 1.0e-04  fps   4898   343.2s
it 9935/13000  reward     nan  ep_len    nan  fell    0  err_xy 0.059  std 0.216  lr 1.0e-04  fps   5960   343.6s
it 9936/13000  reward     nan  ep_len    nan  fell    0  err_xy 0.065  std 0.216  lr 1.0e-04  fps   6451   343.9s
it 9937/13000  reward     nan  ep_len    nan  fell    0  err_xy 0.059  std 0.216  lr 1.0e-04  fps   5527   344.4s
it 9938/13000  reward     nan  ep_len    nan  fell    0  err_xy 0.057  std 0.216  lr 1.0e-04  fps   5673   344.8s
it 9939/13000  reward     nan  ep_len    nan  fell    0  err_xy 0.048  std 0.216  lr 1.0e-04  fps   6186   345.1s
it 9940/13000  reward     nan  ep_len    nan  fell    0  err_xy 0.049  std 0.216  lr 1.0e-04  fps   6987   345.5s
it 9941/13000  reward     nan  ep_len    nan  fell    0  err_xy 0.037  std 0.216  lr 1.0e-04  fps   7214   345.8s
it 9942/13000  reward     nan  ep_len    nan  fell    0  err_xy 0.046  std 0.216  lr 1.0e-04  fps   6960   346.1s
it 9943/13000  reward     nan  ep_len    nan  fell    0  err_xy 0.038  std 0.216  lr 1.0e-04  fps   7084   346.4s
it 9944/13000  reward     nan  ep_len    nan  fell    0  err_xy 0.028  std 0.216  lr 1.0e-04  fps   7313   346.8s
it 9945/13000  reward  228.74  ep_len  808.0  fell    0  err_xy 0.128  std 0.216  lr 1.0e-04  fps   6449   347.1s
it 9946/13000  reward     nan  ep_len    nan  fell    0  err_xy 0.350  std 0.216  lr 1.0e-04  fps   8910   347.4s
it 9947/13000  reward     nan  ep_len    nan  fell    0  err_xy 0.224  std 0.216  lr 1.0e-04  fps   9267   347.6s
it 9948/13000  reward     nan  ep_len    nan  fell    0  err_xy 0.233  std 0.216  lr 1.0e-04  fps   8857   347.9s
it 9949/13000  reward     nan  ep_len    nan  fell    0  err_xy 0.276  std 0.216  lr 1.0e-04  fps   8852   348.2s
it 9950/13000  reward     nan  ep_len    nan  fell    0  err_xy 0.282  std 0.216  lr 1.0e-04  fps   8422   348.4s
it 9951/13000  reward     nan  ep_len    nan  fell    0  err_xy 0.251  std 0.216  lr 1.0e-04  fps   7792   348.7s
it 9952/13000  reward     nan  ep_len    nan  fell    0  err_xy 0.245  std 0.216  lr 1.0e-04  fps   7831   349.0s
it 9953/13000  reward     nan  ep_len    nan  fell    0  err_xy 0.215  std 0.216  lr 1.0e-04  fps   8222   349.3s
it 9954/13000  reward     nan  ep_len    nan  fell    0  err_xy 0.202  std 0.216  lr 1.0e-04  fps   8294   349.6s
it 9955/13000  reward     nan  ep_len    nan  fell    0  err_xy 0.185  std 0.216  lr 1.0e-04  fps   8010   349.9s
it 9956/13000  reward     nan  ep_len    nan  fell    0  err_xy 0.179  std 0.216  lr 1.0e-04  fps   8123   350.1s
it 9957/13000  reward     nan  ep_len    nan  fell    0  err_xy 0.177  std 0.216  lr 1.0e-04  fps   7835   350.4s
it 9958/13000  reward     nan  ep_len    nan  fell    0  err_xy 0.164  std 0.216  lr 1.0e-04  fps   7986   350.7s
it 9959/13000  reward     nan  ep_len    nan  fell    0  err_xy 0.163  std 0.216  lr 1.0e-04  fps   7913   351.0s
it 9960/13000  reward     nan  ep_len    nan  fell    0  err_xy 0.135  std 0.216  lr 1.0e-04  fps   7941   351.3s
it 9961/13000  reward     nan  ep_len    nan  fell    0  err_xy 0.133  std 0.216  lr 1.0e-04  fps   7891   351.6s
it 9962/13000  reward     nan  ep_len    nan  fell    0  err_xy 0.128  std 0.216  lr 1.0e-04  fps   7899   351.9s
it 9963/13000  reward     nan  ep_len    nan  fell    0  err_xy 0.119  std 0.216  lr 1.0e-04  fps   7883   352.2s
it 9964/13000  reward     nan  ep_len    nan  fell    0  err_xy 0.120  std 0.216  lr 1.0e-04  fps   7875   352.5s
it 9965/13000  reward     nan  ep_len    nan  fell    0  err_xy 0.101  std 0.216  lr 1.0e-04  fps   7827   352.8s
it 9966/13000  reward     nan  ep_len    nan  fell    0  err_xy 0.111  std 0.216  lr 1.0e-04  fps   7547   353.1s
it 9967/13000  reward     nan  ep_len    nan  fell    0  err_xy 0.107  std 0.216  lr 1.0e-04  fps   7777   353.4s
it 9968/13000  reward     nan  ep_len    nan  fell    0  err_xy 0.090  std 0.216  lr 1.0e-04  fps   7818   353.7s
it 9969/13000  reward     nan  ep_len    nan  fell    0  err_xy 0.103  std 0.216  lr 1.0e-04  fps   7780   354.0s
it 9970/13000  reward     nan  ep_len    nan  fell    0  err_xy 0.089  std 0.216  lr 1.0e-04  fps   7675   354.3s
it 9971/13000  reward     nan  ep_len    nan  fell    0  err_xy 0.078  std 0.216  lr 1.0e-04  fps   7542   354.6s
it 9972/13000  reward     nan  ep_len    nan  fell    0  err_xy 0.089  std 0.216  lr 1.0e-04  fps   7513   354.9s
it 9973/13000  reward     nan  ep_len    nan  fell    0  err_xy 0.087  std 0.216  lr 1.0e-04  fps   7433   355.2s
it 9974/13000  reward     nan  ep_len    nan  fell    0  err_xy 0.072  std 0.216  lr 1.0e-04  fps   7400   355.5s
it 9975/13000  reward     nan  ep_len    nan  fell    0  err_xy 0.075  std 0.216  lr 1.0e-04  fps   7434   355.8s
it 9976/13000  reward     nan  ep_len    nan  fell    0  err_xy 0.070  std 0.216  lr 1.0e-04  fps   7420   356.1s
it 9977/13000  reward     nan  ep_len    nan  fell    0  err_xy 0.066  std 0.216  lr 1.0e-04  fps   7481   356.4s
it 9978/13000  reward     nan  ep_len    nan  fell    0  err_xy 0.073  std 0.216  lr 1.0e-04  fps   6957   356.8s
it 9979/13000  reward  207.26  ep_len  808.0  fell    0  err_xy 0.242  std 0.216  lr 1.0e-04  fps   6581   357.1s
it 9980/13000  reward     nan  ep_len    nan  fell    0  err_xy 0.283  std 0.216  lr 1.0e-04  fps   9077   357.4s
it 9981/13000  reward     nan  ep_len    nan  fell    0  err_xy 0.243  std 0.216  lr 1.0e-04  fps   9126   357.6s
it 9982/13000  reward     nan  ep_len    nan  fell    0  err_xy 0.295  std 0.216  lr 1.0e-04  fps   9013   357.9s
it 9983/13000  reward     nan  ep_len    nan  fell    0  err_xy 0.294  std 0.216  lr 1.0e-04  fps   8280   358.2s
it 9984/13000  reward     nan  ep_len    nan  fell    0  err_xy 0.295  std 0.216  lr 1.0e-04  fps   8689   358.4s
it 9985/13000  reward     nan  ep_len    nan  fell    0  err_xy 0.246  std 0.216  lr 1.0e-04  fps   8698   358.7s
it 9986/13000  reward     nan  ep_len    nan  fell    0  err_xy 0.250  std 0.216  lr 1.0e-04  fps   8575   359.0s
it 9987/13000  reward     nan  ep_len    nan  fell    0  err_xy 0.243  std 0.216  lr 1.0e-04  fps   8413   359.2s
it 9988/13000  reward     nan  ep_len    nan  fell    0  err_xy 0.217  std 0.216  lr 1.0e-04  fps   8476   359.5s
it 9989/13000  reward     nan  ep_len    nan  fell    0  err_xy 0.199  std 0.216  lr 1.0e-04  fps   8375   359.8s
it 9990/13000  reward     nan  ep_len    nan  fell    0  err_xy 0.189  std 0.216  lr 1.0e-04  fps   8293   360.1s
it 9991/13000  reward     nan  ep_len    nan  fell    0  err_xy 0.190  std 0.216  lr 1.0e-04  fps   8243   360.3s
it 9992/13000  reward     nan  ep_len    nan  fell    0  err_xy 0.146  std 0.216  lr 1.0e-04  fps   7952   360.6s
it 9993/13000  reward     nan  ep_len    nan  fell    0  err_xy 0.170  std 0.216  lr 1.0e-04  fps   7470   360.9s
it 9994/13000  reward     nan  ep_len    nan  fell    0  err_xy 0.164  std 0.216  lr 1.0e-04  fps   7916   361.2s
it 9995/13000  reward     nan  ep_len    nan  fell    0  err_xy 0.126  std 0.216  lr 1.0e-04  fps   8141   361.5s
it 9996/13000  reward     nan  ep_len    nan  fell    0  err_xy 0.135  std 0.216  lr 1.0e-04  fps   8111   361.8s
it 9997/13000  reward     nan  ep_len    nan  fell    0  err_xy 0.129  std 0.216  lr 1.0e-04  fps   7983   362.1s
it 9998/13000  reward     nan  ep_len    nan  fell    0  err_xy 0.108  std 0.216  lr 1.0e-04  fps   7926   362.4s
it 9999/13000  reward     nan  ep_len    nan  fell    0  err_xy 0.121  std 0.216  lr 1.0e-04  fps   7935   362.7s
it 10000/13000  reward     nan  ep_len    nan  fell    0  err_xy 0.128  std 0.216  lr 1.0e-04  fps   7876   363.0s
eval iteration 10000:
  prone          success 100.0%  time 11.26s  peak_τ 0.95 Nm  return 160.73
  supine         success  50.0%  time 13.23s  peak_τ 0.96 Nm  return 162.62
  score 0.750
it 10001/13000  reward     nan  ep_len    nan  fell    0  err_xy 0.118  std 0.216  lr 1.0e-04  fps   8066   366.7s
it 10002/13000  reward     nan  ep_len    nan  fell    0  err_xy 0.097  std 0.216  lr 1.0e-04  fps   8083   367.0s
it 10003/13000  reward     nan  ep_len    nan  fell    0  err_xy 0.086  std 0.216  lr 1.0e-04  fps   7945   367.3s
it 10004/13000  reward     nan  ep_len    nan  fell    0  err_xy 0.096  std 0.216  lr 1.0e-04  fps   7658   367.6s
it 10005/13000  reward     nan  ep_len    nan  fell    0  err_xy 0.077  std 0.216  lr 1.0e-04  fps   7564   367.9s
it 10006/13000  reward     nan  ep_len    nan  fell    0  err_xy 0.076  std 0.216  lr 1.0e-04  fps   7580   368.2s
it 10007/13000  reward     nan  ep_len    nan  fell    0  err_xy 0.077  std 0.216  lr 1.0e-04  fps   7298   368.5s
it 10008/13000  reward     nan  ep_len    nan  fell    0  err_xy 0.056  std 0.216  lr 1.0e-04  fps   7026   368.8s
it 10009/13000  reward     nan  ep_len    nan  fell    0  err_xy 0.059  std 0.216  lr 1.0e-04  fps   6662   369.2s
it 10010/13000  reward     nan  ep_len    nan  fell    0  err_xy 0.063  std 0.216  lr 1.0e-04  fps   6848   369.5s
it 10011/13000  reward     nan  ep_len    nan  fell    0  err_xy 0.062  std 0.216  lr 1.0e-04  fps   7604   369.8s
it 10012/13000  reward  218.08  ep_len  808.0  fell    0  err_xy 0.062  std 0.216  lr 1.0e-04  fps   5784   370.2s
it 10013/13000  reward     nan  ep_len    nan  fell    0  err_xy 0.361  std 0.216  lr 1.0e-04  fps   7881   370.5s
it 10014/13000  reward     nan  ep_len    nan  fell    0  err_xy 0.262  std 0.216  lr 1.0e-04  fps   6949   370.8s
it 10015/13000  reward     nan  ep_len    nan  fell    0  err_xy 0.291  std 0.216  lr 1.0e-04  fps   8720   371.1s
it 10016/13000  reward     nan  ep_len    nan  fell    0  err_xy 0.335  std 0.216  lr 1.0e-04  fps   6618   371.4s
it 10017/13000  reward     nan  ep_len    nan  fell    0  err_xy 0.325  std 0.216  lr 1.0e-04  fps   4364   372.0s
it 10018/13000  reward     nan  ep_len    nan  fell    0  err_xy 0.300  std 0.216  lr 1.0e-04  fps   4559   372.5s
it 10019/13000  reward     nan  ep_len    nan  fell    0  err_xy 0.287  std 0.216  lr 1.0e-04  fps   4641   373.0s
it 10020/13000  reward     nan  ep_len    nan  fell    0  err_xy 0.265  std 0.216  lr 1.0e-04  fps   7267   373.3s
it 10021/13000  reward     nan  ep_len    nan  fell    0  err_xy 0.273  std 0.216  lr 1.0e-04  fps   8446   373.6s
it 10022/13000  reward     nan  ep_len    nan  fell    0  err_xy 0.281  std 0.216  lr 1.0e-04  fps   8087   373.8s
it 10023/13000  reward     nan  ep_len    nan  fell    0  err_xy 0.265  std 0.216  lr 1.0e-04  fps   5200   374.3s
it 10024/13000  reward     nan  ep_len    nan  fell    0  err_xy 0.220  std 0.216  lr 1.0e-04  fps   7674   374.6s
it 10025/13000  reward     nan  ep_len    nan  fell    0  err_xy 0.211  std 0.216  lr 1.0e-04  fps   8143   374.9s
it 10026/13000  reward     nan  ep_len    nan  fell    0  err_xy 0.201  std 0.216  lr 1.0e-04  fps   7349   375.2s
it 10027/13000  reward     nan  ep_len    nan  fell    0  err_xy 0.190  std 0.216  lr 1.0e-04  fps   6240   375.6s
it 10028/13000  reward     nan  ep_len    nan  fell    0  err_xy 0.173  std 0.216  lr 1.0e-04  fps   7629   375.9s
it 10029/13000  reward     nan  ep_len    nan  fell    0  err_xy 0.175  std 0.216  lr 1.0e-04  fps   8225   376.1s
it 10030/13000  reward     nan  ep_len    nan  fell    0  err_xy 0.173  std 0.216  lr 1.0e-04  fps   8317   376.4s
it 10031/13000  reward     nan  ep_len    nan  fell    0  err_xy 0.163  std 0.216  lr 1.0e-04  fps   8302   376.7s
it 10032/13000  reward     nan  ep_len    nan  fell    0  err_xy 0.170  std 0.217  lr 1.0e-04  fps   8187   377.0s
it 10033/13000  reward     nan  ep_len    nan  fell    0  err_xy 0.164  std 0.217  lr 1.0e-04  fps   7594   377.3s
it 10034/13000  reward     nan  ep_len    nan  fell    0  err_xy 0.139  std 0.217  lr 1.0e-04  fps   7788   377.6s
it 10035/13000  reward     nan  ep_len    nan  fell    0  err_xy 0.126  std 0.217  lr 1.0e-04  fps   7943   377.9s
it 10036/13000  reward     nan  ep_len    nan  fell    0  err_xy 0.117  std 0.217  lr 1.0e-04  fps   7932   378.2s
it 10037/13000  reward     nan  ep_len    nan  fell    0  err_xy 0.127  std 0.217  lr 1.0e-04  fps   7889   378.4s
it 10038/13000  reward     nan  ep_len    nan  fell    0  err_xy 0.108  std 0.217  lr 1.0e-04  fps   7286   378.8s
it 10039/13000  reward     nan  ep_len    nan  fell    0  err_xy 0.102  std 0.217  lr 1.0e-04  fps   7314   379.1s
it 10040/13000  reward     nan  ep_len    nan  fell    0  err_xy 0.086  std 0.217  lr 1.0e-04  fps   7267   379.4s
it 10041/13000  reward     nan  ep_len    nan  fell    0  err_xy 0.077  std 0.217  lr 1.0e-04  fps   7297   379.7s
it 10042/13000  reward     nan  ep_len    nan  fell    0  err_xy 0.077  std 0.217  lr 1.0e-04  fps   7532   380.0s
it 10043/13000  reward     nan  ep_len    nan  fell    0  err_xy 0.073  std 0.217  lr 1.0e-04  fps   7430   380.3s
it 10044/13000  reward     nan  ep_len    nan  fell    0  err_xy 0.073  std 0.217  lr 1.0e-04  fps   7237   380.6s
it 10045/13000  reward     nan  ep_len    nan  fell    0  err_xy 0.066  std 0.217  lr 1.0e-04  fps   7228   381.0s
it 10046/13000  reward  203.86  ep_len  808.0  fell    0  err_xy 0.134  std 0.217  lr 1.0e-04  fps   5985   381.3s
it 10047/13000  reward     nan  ep_len    nan  fell    0  err_xy 0.302  std 0.217  lr 1.0e-04  fps   8440   381.6s
it 10048/13000  reward     nan  ep_len    nan  fell    0  err_xy 0.246  std 0.217  lr 1.0e-04  fps   8893   381.9s
it 10049/13000  reward     nan  ep_len    nan  fell    0  err_xy 0.292  std 0.217  lr 1.0e-04  fps   7884   382.2s
it 10050/13000  reward     nan  ep_len    nan  fell    0  err_xy 0.304  std 0.217  lr 1.0e-04  fps   7573   382.5s
it 10051/13000  reward     nan  ep_len    nan  fell    0  err_xy 0.308  std 0.217  lr 1.0e-04  fps   7761   382.8s
it 10052/13000  reward     nan  ep_len    nan  fell    0  err_xy 0.266  std 0.217  lr 1.0e-04  fps   7398   383.1s
it 10053/13000  reward     nan  ep_len    nan  fell    0  err_xy 0.219  std 0.217  lr 1.0e-04  fps   8130   383.4s
it 10054/13000  reward     nan  ep_len    nan  fell    0  err_xy 0.184  std 0.217  lr 1.0e-04  fps   7908   383.7s
it 10055/13000  reward     nan  ep_len    nan  fell    0  err_xy 0.164  std 0.217  lr 1.0e-04  fps   8114   383.9s
it 10056/13000  reward     nan  ep_len    nan  fell    0  err_xy 0.135  std 0.217  lr 1.0e-04  fps   7916   384.2s
it 10057/13000  reward     nan  ep_len    nan  fell    0  err_xy 0.127  std 0.217  lr 1.0e-04  fps   7767   384.5s
it 10058/13000  reward     nan  ep_len    nan  fell    0  err_xy 0.108  std 0.217  lr 1.0e-04  fps   7846   384.8s
it 10059/13000  reward     nan  ep_len    nan  fell    0  err_xy 0.126  std 0.217  lr 1.0e-04  fps   7906   385.1s
it 10060/13000  reward     nan  ep_len    nan  fell    0  err_xy 0.098  std 0.217  lr 1.0e-04  fps   7904   385.4s
it 10061/13000  reward     nan  ep_len    nan  fell    0  err_xy 0.120  std 0.217  lr 1.0e-04  fps   7888   385.7s
it 10062/13000  reward     nan  ep_len    nan  fell    0  err_xy 0.088  std 0.217  lr 1.0e-04  fps   7770   386.0s
it 10063/13000  reward     nan  ep_len    nan  fell    0  err_xy 0.107  std 0.217  lr 1.0e-04  fps   7782   386.3s
it 10064/13000  reward     nan  ep_len    nan  fell    0  err_xy 0.079  std 0.217  lr 1.0e-04  fps   7631   386.6s
it 10065/13000  reward     nan  ep_len    nan  fell    0  err_xy 0.090  std 0.217  lr 1.0e-04  fps   7693   386.9s
it 10066/13000  reward     nan  ep_len    nan  fell    0  err_xy 0.073  std 0.217  lr 1.0e-04  fps   7673   387.2s
it 10067/13000  reward     nan  ep_len    nan  fell    0  err_xy 0.071  std 0.217  lr 1.0e-04  fps   7599   387.5s
it 10068/13000  reward     nan  ep_len    nan  fell    0  err_xy 0.067  std 0.217  lr 1.0e-04  fps   7580   387.8s
it 10069/13000  reward     nan  ep_len    nan  fell    0  err_xy 0.069  std 0.217  lr 1.0e-04  fps   7564   388.1s
it 10070/13000  reward     nan  ep_len    nan  fell    0  err_xy 0.061  std 0.217  lr 1.0e-04  fps   7574   388.4s
it 10071/13000  reward     nan  ep_len    nan  fell    0  err_xy 0.054  std 0.217  lr 1.0e-04  fps   7530   388.7s
it 10072/13000  reward     nan  ep_len    nan  fell    0  err_xy 0.058  std 0.217  lr 1.0e-04  fps   7265   389.0s
it 10073/13000  reward     nan  ep_len    nan  fell    0  err_xy 0.057  std 0.217  lr 1.0e-04  fps   7308   389.4s
it 10074/13000  reward     nan  ep_len    nan  fell    0  err_xy 0.048  std 0.217  lr 1.0e-04  fps   7284   389.7s
it 10075/13000  reward     nan  ep_len    nan  fell    0  err_xy 0.054  std 0.217  lr 1.0e-04  fps   7311   390.0s
it 10076/13000  reward     nan  ep_len    nan  fell    0  err_xy 0.043  std 0.217  lr 1.0e-04  fps   6639   390.3s
it 10077/13000  reward     nan  ep_len    nan  fell    0  err_xy 0.047  std 0.217  lr 1.0e-04  fps   6237   390.7s
it 10078/13000  reward     nan  ep_len    nan  fell    0  err_xy 0.044  std 0.217  lr 1.0e-04  fps   7203   391.0s
it 10079/13000  reward     nan  ep_len    nan  fell    0  err_xy 0.044  std 0.217  lr 1.0e-04  fps   7287   391.3s
it 10080/13000  reward  233.48  ep_len  808.0  fell    0  err_xy 0.263  std 0.217  lr 1.0e-04  fps   6806   391.7s
it 10081/13000  reward     nan  ep_len    nan  fell    0  err_xy 0.273  std 0.217  lr 1.0e-04  fps   9214   391.9s
it 10082/13000  reward     nan  ep_len    nan  fell    0  err_xy 0.259  std 0.217  lr 1.0e-04  fps   9096   392.2s
it 10083/13000  reward     nan  ep_len    nan  fell    0  err_xy 0.322  std 0.217  lr 1.0e-04  fps   8842   392.4s
it 10084/13000  reward     nan  ep_len    nan  fell    0  err_xy 0.350  std 0.217  lr 1.0e-04  fps   9037   392.7s
it 10085/13000  reward     nan  ep_len    nan  fell    0  err_xy 0.294  std 0.217  lr 1.0e-04  fps   8974   393.0s
it 10086/13000  reward     nan  ep_len    nan  fell    0  err_xy 0.301  std 0.217  lr 1.0e-04  fps   8568   393.2s
it 10087/13000  reward     nan  ep_len    nan  fell    0  err_xy 0.244  std 0.217  lr 1.0e-04  fps   8571   393.5s
it 10088/13000  reward     nan  ep_len    nan  fell    0  err_xy 0.207  std 0.217  lr 1.0e-04  fps   8328   393.8s
it 10089/13000  reward     nan  ep_len    nan  fell    0  err_xy 0.199  std 0.217  lr 1.0e-04  fps   8253   394.1s
it 10090/13000  reward     nan  ep_len    nan  fell    0  err_xy 0.167  std 0.217  lr 1.0e-04  fps   7993   394.3s
it 10091/13000  reward     nan  ep_len    nan  fell    0  err_xy 0.153  std 0.217  lr 1.0e-04  fps   7903   394.6s
it 10092/13000  reward     nan  ep_len    nan  fell    0  err_xy 0.131  std 0.217  lr 1.0e-04  fps   7955   394.9s
it 10093/13000  reward     nan  ep_len    nan  fell    0  err_xy 0.114  std 0.217  lr 1.0e-04  fps   7933   395.2s
it 10094/13000  reward     nan  ep_len    nan  fell    0  err_xy 0.110  std 0.217  lr 1.0e-04  fps   7787   395.5s
it 10095/13000  reward     nan  ep_len    nan  fell    0  err_xy 0.114  std 0.217  lr 1.0e-04  fps   7823   395.8s
it 10096/13000  reward     nan  ep_len    nan  fell    0  err_xy 0.107  std 0.217  lr 1.0e-04  fps   7814   396.1s
it 10097/13000  reward     nan  ep_len    nan  fell    0  err_xy 0.103  std 0.217  lr 1.0e-04  fps   7635   396.4s
it 10098/13000  reward     nan  ep_len    nan  fell    0  err_xy 0.079  std 0.217  lr 1.0e-04  fps   7704   396.7s
it 10099/13000  reward     nan  ep_len    nan  fell    0  err_xy 0.076  std 0.217  lr 1.0e-04  fps   7688   397.0s
it 10100/13000  reward     nan  ep_len    nan  fell    0  err_xy 0.062  std 0.217  lr 1.0e-04  fps   7601   397.3s
it 10101/13000  reward     nan  ep_len    nan  fell    0  err_xy 0.055  std 0.217  lr 1.0e-04  fps   7557   397.6s
it 10102/13000  reward     nan  ep_len    nan  fell    0  err_xy 0.061  std 0.217  lr 1.0e-04  fps   7146   397.9s
it 10103/13000  reward     nan  ep_len    nan  fell    0  err_xy 0.044  std 0.217  lr 1.0e-04  fps   7324   398.3s
it 10104/13000  reward     nan  ep_len    nan  fell    0  err_xy 0.035  std 0.217  lr 1.0e-04  fps   7343   398.6s
it 10105/13000  reward     nan  ep_len    nan  fell    0  err_xy 0.041  std 0.217  lr 1.0e-04  fps   6860   398.9s
it 10106/13000  reward     nan  ep_len    nan  fell    0  err_xy 0.028  std 0.217  lr 1.0e-04  fps   6841   399.2s
it 10107/13000  reward     nan  ep_len    nan  fell    0  err_xy 0.027  std 0.217  lr 1.0e-04  fps   7046   399.6s
it 10108/13000  reward     nan  ep_len    nan  fell    0  err_xy 0.021  std 0.217  lr 1.0e-04  fps   6895   399.9s
it 10109/13000  reward     nan  ep_len    nan  fell    0  err_xy 0.019  std 0.217  lr 1.0e-04  fps   6742   400.2s
it 10110/13000  reward     nan  ep_len    nan  fell    0  err_xy 0.021  std 0.216  lr 1.0e-04  fps   7135   400.6s
it 10111/13000  reward     nan  ep_len    nan  fell    0  err_xy 0.021  std 0.216  lr 1.0e-04  fps   7021   400.9s
it 10112/13000  reward     nan  ep_len    nan  fell    0  err_xy 0.026  std 0.216  lr 1.0e-04  fps   7209   401.2s
it 10113/13000  reward  233.05  ep_len  808.0  fell    0  err_xy 0.023  std 0.216  lr 1.0e-04  fps   5785   401.6s
it 10114/13000  reward     nan  ep_len    nan  fell    0  err_xy 0.367  std 0.216  lr 1.0e-04  fps   8640   401.9s
it 10115/13000  reward     nan  ep_len    nan  fell    0  err_xy 0.274  std 0.216  lr 1.0e-04  fps   8371   402.2s
it 10116/13000  reward     nan  ep_len    nan  fell    0  err_xy 0.336  std 0.216  lr 1.0e-04  fps   8345   402.4s
it 10117/13000  reward     nan  ep_len    nan  fell    0  err_xy 0.357  std 0.216  lr 1.0e-04  fps   8628   402.7s
it 10118/13000  reward     nan  ep_len    nan  fell    0  err_xy 0.329  std 0.216  lr 1.0e-04  fps   8836   403.0s
it 10119/13000  reward     nan  ep_len    nan  fell    0  err_xy 0.276  std 0.216  lr 1.0e-04  fps   8681   403.2s
it 10120/13000  reward     nan  ep_len    nan  fell    0  err_xy 0.258  std 0.216  lr 1.0e-04  fps   8344   403.5s
it 10121/13000  reward     nan  ep_len    nan  fell    0  err_xy 0.208  std 0.217  lr 1.0e-04  fps   8265   403.8s
it 10122/13000  reward     nan  ep_len    nan  fell    0  err_xy 0.187  std 0.217  lr 1.0e-04  fps   7646   404.1s
it 10123/13000  reward     nan  ep_len    nan  fell    0  err_xy 0.184  std 0.217  lr 1.0e-04  fps   4131   404.6s
it 10124/13000  reward     nan  ep_len    nan  fell    0  err_xy 0.158  std 0.217  lr 1.0e-04  fps   5398   405.1s
it 10125/13000  reward     nan  ep_len    nan  fell    0  err_xy 0.144  std 0.217  lr 1.0e-04  fps   7278   405.4s
it 10126/13000  reward     nan  ep_len    nan  fell    0  err_xy 0.133  std 0.217  lr 1.0e-04  fps   7749   405.7s
it 10127/13000  reward     nan  ep_len    nan  fell    0  err_xy 0.143  std 0.217  lr 1.0e-04  fps   7814   406.0s
it 10128/13000  reward     nan  ep_len    nan  fell    0  err_xy 0.125  std 0.217  lr 1.0e-04  fps   7821   406.3s
it 10129/13000  reward     nan  ep_len    nan  fell    0  err_xy 0.127  std 0.217  lr 1.0e-04  fps   7753   406.6s
it 10130/13000  reward     nan  ep_len    nan  fell    0  err_xy 0.113  std 0.217  lr 1.0e-04  fps   7778   406.9s
it 10131/13000  reward     nan  ep_len    nan  fell    0  err_xy 0.111  std 0.217  lr 1.0e-04  fps   7711   407.2s
it 10132/13000  reward     nan  ep_len    nan  fell    0  err_xy 0.108  std 0.217  lr 1.0e-04  fps   7500   407.5s
it 10133/13000  reward     nan  ep_len    nan  fell    0  err_xy 0.111  std 0.217  lr 1.0e-04  fps   7451   407.8s
it 10134/13000  reward     nan  ep_len    nan  fell    0  err_xy 0.107  std 0.217  lr 1.0e-04  fps   7478   408.1s
it 10135/13000  reward     nan  ep_len    nan  fell    0  err_xy 0.104  std 0.217  lr 1.0e-04  fps   7611   408.4s
it 10136/13000  reward     nan  ep_len    nan  fell    0  err_xy 0.084  std 0.217  lr 1.0e-04  fps   7363   408.7s
it 10137/13000  reward     nan  ep_len    nan  fell    0  err_xy 0.070  std 0.217  lr 1.0e-04  fps   7725   409.0s
it 10138/13000  reward     nan  ep_len    nan  fell    0  err_xy 0.082  std 0.217  lr 1.0e-04  fps   7368   409.3s
it 10139/13000  reward     nan  ep_len    nan  fell    0  err_xy 0.085  std 0.217  lr 1.0e-04  fps   6857   409.7s
it 10140/13000  reward     nan  ep_len    nan  fell    0  err_xy 0.073  std 0.217  lr 1.0e-04  fps   6931   410.0s
it 10141/13000  reward     nan  ep_len    nan  fell    0  err_xy 0.067  std 0.217  lr 1.0e-04  fps   7251   410.3s
it 10142/13000  reward     nan  ep_len    nan  fell    0  err_xy 0.062  std 0.217  lr 1.0e-04  fps   7307   410.6s
it 10143/13000  reward     nan  ep_len    nan  fell    0  err_xy 0.067  std 0.217  lr 1.0e-04  fps   7402   410.9s
it 10144/13000  reward     nan  ep_len    nan  fell    0  err_xy 0.053  std 0.217  lr 1.0e-04  fps   7411   411.2s
it 10145/13000  reward     nan  ep_len    nan  fell    0  err_xy 0.063  std 0.217  lr 1.0e-04  fps   7409   411.6s
it 10146/13000  reward     nan  ep_len    nan  fell    0  err_xy 0.070  std 0.217  lr 1.0e-04  fps   7430   411.9s
it 10147/13000  reward  220.62  ep_len  808.0  fell    0  err_xy 0.132  std 0.217  lr 1.0e-04  fps   6480   412.2s
it 10148/13000  reward     nan  ep_len    nan  fell    0  err_xy 0.371  std 0.217  lr 1.0e-04  fps   9076   412.5s
it 10149/13000  reward     nan  ep_len    nan  fell    0  err_xy 0.243  std 0.217  lr 1.0e-04  fps   8444   412.8s
it 10150/13000  reward     nan  ep_len    nan  fell    0  err_xy 0.312  std 0.217  lr 1.0e-04  fps   8298   413.0s
it 10151/13000  reward     nan  ep_len    nan  fell    0  err_xy 0.328  std 0.217  lr 1.0e-04  fps   7865   413.3s
it 10152/13000  reward     nan  ep_len    nan  fell    0  err_xy 0.293  std 0.217  lr 1.0e-04  fps   8013   413.6s
it 10153/13000  reward     nan  ep_len    nan  fell    0  err_xy 0.287  std 0.217  lr 1.0e-04  fps   8193   413.9s
it 10154/13000  reward     nan  ep_len    nan  fell    0  err_xy 0.242  std 0.217  lr 1.0e-04  fps   8094   414.2s
it 10155/13000  reward     nan  ep_len    nan  fell    0  err_xy 0.226  std 0.217  lr 1.0e-04  fps   8108   414.5s
it 10156/13000  reward     nan  ep_len    nan  fell    0  err_xy 0.198  std 0.217  lr 1.0e-04  fps   8233   414.7s
it 10157/13000  reward     nan  ep_len    nan  fell    0  err_xy 0.169  std 0.217  lr 1.0e-04  fps   8056   415.0s
it 10158/13000  reward     nan  ep_len    nan  fell    0  err_xy 0.164  std 0.217  lr 1.0e-04  fps   8023   415.3s
it 10159/13000  reward     nan  ep_len    nan  fell    0  err_xy 0.160  std 0.217  lr 1.0e-04  fps   8079   415.6s
it 10160/13000  reward     nan  ep_len    nan  fell    0  err_xy 0.144  std 0.217  lr 1.0e-04  fps   7984   415.9s
it 10161/13000  reward     nan  ep_len    nan  fell    0  err_xy 0.151  std 0.217  lr 1.0e-04  fps   6917   416.2s
it 10162/13000  reward     nan  ep_len    nan  fell    0  err_xy 0.139  std 0.217  lr 1.0e-04  fps   7722   416.5s
it 10163/13000  reward     nan  ep_len    nan  fell    0  err_xy 0.127  std 0.217  lr 1.0e-04  fps   7840   416.8s
it 10164/13000  reward     nan  ep_len    nan  fell    0  err_xy 0.121  std 0.217  lr 1.0e-04  fps   7874   417.1s
it 10165/13000  reward     nan  ep_len    nan  fell    0  err_xy 0.106  std 0.217  lr 1.0e-04  fps   7739   417.4s
it 10166/13000  reward     nan  ep_len    nan  fell    0  err_xy 0.096  std 0.217  lr 1.0e-04  fps   7778   417.7s
it 10167/13000  reward     nan  ep_len    nan  fell    0  err_xy 0.086  std 0.217  lr 1.0e-04  fps   7773   418.0s
it 10168/13000  reward     nan  ep_len    nan  fell    0  err_xy 0.085  std 0.217  lr 1.0e-04  fps   7653   418.3s
it 10169/13000  reward     nan  ep_len    nan  fell    0  err_xy 0.076  std 0.217  lr 1.0e-04  fps   7650   418.6s
it 10170/13000  reward     nan  ep_len    nan  fell    0  err_xy 0.079  std 0.217  lr 1.0e-04  fps   7671   418.9s
it 10171/13000  reward     nan  ep_len    nan  fell    0  err_xy 0.072  std 0.217  lr 1.0e-04  fps   7460   419.2s
it 10172/13000  reward     nan  ep_len    nan  fell    0  err_xy 0.061  std 0.217  lr 1.0e-04  fps   7541   419.5s
it 10173/13000  reward     nan  ep_len    nan  fell    0  err_xy 0.054  std 0.217  lr 1.0e-04  fps   7344   419.8s
it 10174/13000  reward     nan  ep_len    nan  fell    0  err_xy 0.054  std 0.217  lr 1.0e-04  fps   7344   420.1s
it 10175/13000  reward     nan  ep_len    nan  fell    0  err_xy 0.050  std 0.217  lr 1.0e-04  fps   7320   420.5s
it 10176/13000  reward     nan  ep_len    nan  fell    0  err_xy 0.041  std 0.217  lr 1.0e-04  fps   7292   420.8s
it 10177/13000  reward     nan  ep_len    nan  fell    0  err_xy 0.037  std 0.217  lr 1.0e-04  fps   7325   421.1s
it 10178/13000  reward     nan  ep_len    nan  fell    0  err_xy 0.033  std 0.217  lr 1.0e-04  fps   7271   421.4s
it 10179/13000  reward     nan  ep_len    nan  fell    0  err_xy 0.038  std 0.217  lr 1.0e-04  fps   7312   421.7s
it 10180/13000  reward     nan  ep_len    nan  fell    0  err_xy 0.031  std 0.217  lr 1.0e-04  fps   7305   422.0s
it 10181/13000  reward  223.06  ep_len  808.0  fell    0  err_xy 0.236  std 0.217  lr 1.0e-04  fps   6748   422.4s
it 10182/13000  reward     nan  ep_len    nan  fell    0  err_xy 0.294  std 0.217  lr 1.0e-04  fps   9165   422.6s
it 10183/13000  reward     nan  ep_len    nan  fell    0  err_xy 0.240  std 0.217  lr 1.0e-04  fps   9144   422.9s
it 10184/13000  reward     nan  ep_len    nan  fell    0  err_xy 0.291  std 0.217  lr 1.0e-04  fps   8914   423.1s
it 10185/13000  reward     nan  ep_len    nan  fell    0  err_xy 0.269  std 0.217  lr 1.0e-04  fps   8777   423.4s
it 10186/13000  reward     nan  ep_len    nan  fell    0  err_xy 0.241  std 0.217  lr 1.0e-04  fps   8634   423.7s
it 10187/13000  reward     nan  ep_len    nan  fell    0  err_xy 0.223  std 0.217  lr 1.0e-04  fps   8487   423.9s
it 10188/13000  reward     nan  ep_len    nan  fell    0  err_xy 0.204  std 0.217  lr 1.0e-04  fps   8144   424.2s
it 10189/13000  reward     nan  ep_len    nan  fell    0  err_xy 0.184  std 0.217  lr 1.0e-04  fps   8235   424.5s
it 10190/13000  reward     nan  ep_len    nan  fell    0  err_xy 0.155  std 0.217  lr 1.0e-04  fps   8243   424.8s
it 10191/13000  reward     nan  ep_len    nan  fell    0  err_xy 0.142  std 0.217  lr 1.0e-04  fps   8106   425.1s
it 10192/13000  reward     nan  ep_len    nan  fell    0  err_xy 0.132  std 0.217  lr 1.0e-04  fps   7946   425.4s
it 10193/13000  reward     nan  ep_len    nan  fell    0  err_xy 0.117  std 0.217  lr 1.0e-04  fps   7410   425.7s
it 10194/13000  reward     nan  ep_len    nan  fell    0  err_xy 0.087  std 0.217  lr 1.0e-04  fps   7513   426.0s
it 10195/13000  reward     nan  ep_len    nan  fell    0  err_xy 0.071  std 0.217  lr 1.0e-04  fps   7479   426.3s
it 10196/13000  reward     nan  ep_len    nan  fell    0  err_xy 0.072  std 0.217  lr 1.0e-04  fps   7383   426.6s
it 10197/13000  reward     nan  ep_len    nan  fell    0  err_xy 0.066  std 0.217  lr 1.0e-04  fps   7308   426.9s
it 10198/13000  reward     nan  ep_len    nan  fell    0  err_xy 0.062  std 0.217  lr 1.0e-04  fps   7024   427.2s
it 10199/13000  reward     nan  ep_len    nan  fell    0  err_xy 0.045  std 0.217  lr 1.0e-04  fps   7298   427.6s
it 10200/13000  reward     nan  ep_len    nan  fell    0  err_xy 0.047  std 0.217  lr 1.0e-04  fps   7292   427.9s
it 10201/13000  reward     nan  ep_len    nan  fell    0  err_xy 0.047  std 0.217  lr 1.0e-04  fps   7281   428.2s
it 10202/13000  reward     nan  ep_len    nan  fell    0  err_xy 0.035  std 0.217  lr 1.0e-04  fps   7017   428.5s
it 10203/13000  reward     nan  ep_len    nan  fell    0  err_xy 0.037  std 0.217  lr 1.0e-04  fps   7217   428.8s
it 10204/13000  reward     nan  ep_len    nan  fell    0  err_xy 0.040  std 0.217  lr 1.0e-04  fps   7226   429.2s
it 10205/13000  reward     nan  ep_len    nan  fell    0  err_xy 0.033  std 0.217  lr 1.0e-04  fps   7276   429.5s
it 10206/13000  reward     nan  ep_len    nan  fell    0  err_xy 0.036  std 0.217  lr 1.0e-04  fps   6976   429.8s
it 10207/13000  reward     nan  ep_len    nan  fell    0  err_xy 0.027  std 0.217  lr 1.0e-04  fps   6942   430.1s
it 10208/13000  reward     nan  ep_len    nan  fell    0  err_xy 0.032  std 0.217  lr 1.0e-04  fps   6921   430.5s
it 10209/13000  reward     nan  ep_len    nan  fell    0  err_xy 0.028  std 0.217  lr 1.0e-04  fps   6926   430.8s
it 10210/13000  reward     nan  ep_len    nan  fell    0  err_xy 0.023  std 0.217  lr 1.0e-04  fps   6909   431.1s
it 10211/13000  reward     nan  ep_len    nan  fell    0  err_xy 0.023  std 0.217  lr 1.0e-04  fps   6951   431.5s
it 10212/13000  reward     nan  ep_len    nan  fell    0  err_xy 0.021  std 0.217  lr 1.0e-04  fps   6963   431.8s
it 10213/13000  reward     nan  ep_len    nan  fell    0  err_xy 0.020  std 0.217  lr 1.0e-04  fps   6941   432.1s
it 10214/13000  reward  239.07  ep_len  808.0  fell    0  err_xy 0.020  std 0.217  lr 1.0e-04  fps   5781   432.5s
it 10215/13000  reward     nan  ep_len    nan  fell    0  err_xy 0.382  std 0.217  lr 1.0e-04  fps   7991   432.8s
it 10216/13000  reward     nan  ep_len    nan  fell    0  err_xy 0.249  std 0.217  lr 1.0e-04  fps   8213   433.1s
it 10217/13000  reward     nan  ep_len    nan  fell    0  err_xy 0.217  std 0.217  lr 1.0e-04  fps   8288   433.4s
it 10218/13000  reward     nan  ep_len    nan  fell    0  err_xy 0.242  std 0.217  lr 1.0e-04  fps   8233   433.7s
it 10219/13000  reward     nan  ep_len    nan  fell    0  err_xy 0.232  std 0.217  lr 1.0e-04  fps   8136   434.0s
it 10220/13000  reward     nan  ep_len    nan  fell    0  err_xy 0.197  std 0.217  lr 1.0e-04  fps   7090   434.3s
it 10221/13000  reward     nan  ep_len    nan  fell    0  err_xy 0.202  std 0.217  lr 1.0e-04  fps   7475   434.6s
it 10222/13000  reward     nan  ep_len    nan  fell    0  err_xy 0.193  std 0.217  lr 1.0e-04  fps   7649   434.9s
it 10223/13000  reward     nan  ep_len    nan  fell    0  err_xy 0.147  std 0.217  lr 1.0e-04  fps   7518   435.2s
it 10224/13000  reward     nan  ep_len    nan  fell    0  err_xy 0.150  std 0.217  lr 1.0e-04  fps   6042   435.6s
it 10225/13000  reward     nan  ep_len    nan  fell    0  err_xy 0.150  std 0.217  lr 1.0e-04  fps   4594   436.1s
it 10226/13000  reward     nan  ep_len    nan  fell    0  err_xy 0.147  std 0.217  lr 1.0e-04  fps   6099   436.5s
it 10227/13000  reward     nan  ep_len    nan  fell    0  err_xy 0.122  std 0.217  lr 1.0e-04  fps   6742   436.8s
it 10228/13000  reward     nan  ep_len    nan  fell    0  err_xy 0.139  std 0.217  lr 1.0e-04  fps   7140   437.1s
it 10229/13000  reward     nan  ep_len    nan  fell    0  err_xy 0.129  std 0.217  lr 1.0e-04  fps   7342   437.4s
it 10230/13000  reward     nan  ep_len    nan  fell    0  err_xy 0.115  std 0.217  lr 1.0e-04  fps   7425   437.7s
it 10231/13000  reward     nan  ep_len    nan  fell    0  err_xy 0.108  std 0.217  lr 1.0e-04  fps   7391   438.1s
it 10232/13000  reward     nan  ep_len    nan  fell    0  err_xy 0.099  std 0.217  lr 1.0e-04  fps   7370   438.4s
it 10233/13000  reward     nan  ep_len    nan  fell    0  err_xy 0.083  std 0.217  lr 1.0e-04  fps   7295   438.7s
it 10234/13000  reward     nan  ep_len    nan  fell    0  err_xy 0.086  std 0.217  lr 1.0e-04  fps   7325   439.0s
it 10235/13000  reward     nan  ep_len    nan  fell    0  err_xy 0.073  std 0.217  lr 1.0e-04  fps   7274   439.3s
it 10236/13000  reward     nan  ep_len    nan  fell    0  err_xy 0.067  std 0.217  lr 1.0e-04  fps   7325   439.6s
it 10237/13000  reward     nan  ep_len    nan  fell    0  err_xy 0.071  std 0.217  lr 1.0e-04  fps   7189   440.0s
it 10238/13000  reward     nan  ep_len    nan  fell    0  err_xy 0.074  std 0.217  lr 1.0e-04  fps   7170   440.3s
it 10239/13000  reward     nan  ep_len    nan  fell    0  err_xy 0.071  std 0.217  lr 1.0e-04  fps   7291   440.6s
it 10240/13000  reward     nan  ep_len    nan  fell    0  err_xy 0.073  std 0.217  lr 1.0e-04  fps   7118   440.9s
it 10241/13000  reward     nan  ep_len    nan  fell    0  err_xy 0.058  std 0.217  lr 1.0e-04  fps   6821   441.3s
it 10242/13000  reward     nan  ep_len    nan  fell    0  err_xy 0.046  std 0.217  lr 1.0e-04  fps   6896   441.6s
it 10243/13000  reward     nan  ep_len    nan  fell    0  err_xy 0.047  std 0.217  lr 1.0e-04  fps   6833   441.9s
it 10244/13000  reward     nan  ep_len    nan  fell    0  err_xy 0.048  std 0.217  lr 1.0e-04  fps   6691   442.3s
it 10245/13000  reward     nan  ep_len    nan  fell    0  err_xy 0.029  std 0.217  lr 1.0e-04  fps   6453   442.6s
it 10246/13000  reward     nan  ep_len    nan  fell    0  err_xy 0.033  std 0.217  lr 1.0e-04  fps   6766   443.0s
it 10247/13000  reward     nan  ep_len    nan  fell    0  err_xy 0.029  std 0.217  lr 1.0e-04  fps   6756   443.3s
it 10248/13000  reward  219.15  ep_len  808.0  fell    0  err_xy 0.128  std 0.217  lr 1.0e-04  fps   4443   443.8s
it 10249/13000  reward     nan  ep_len    nan  fell    0  err_xy 0.366  std 0.217  lr 1.0e-04  fps   7054   444.2s
it 10250/13000  reward     nan  ep_len    nan  fell    0  err_xy 0.218  std 0.217  lr 1.0e-04  fps   7614   444.5s
it 10251/13000  reward     nan  ep_len    nan  fell    0  err_xy 0.245  std 0.217  lr 1.0e-04  fps   6343   444.8s
it 10252/13000  reward     nan  ep_len    nan  fell    0  err_xy 0.273  std 0.217  lr 1.0e-04  fps   6978   445.2s
it 10253/13000  reward     nan  ep_len    nan  fell    0  err_xy 0.227  std 0.217  lr 1.0e-04  fps   7283   445.5s
it 10254/13000  reward     nan  ep_len    nan  fell    0  err_xy 0.202  std 0.217  lr 1.0e-04  fps   6844   445.8s
it 10255/13000  reward     nan  ep_len    nan  fell    0  err_xy 0.163  std 0.217  lr 1.0e-04  fps   7341   446.1s
it 10256/13000  reward     nan  ep_len    nan  fell    0  err_xy 0.185  std 0.217  lr 1.0e-04  fps   6969   446.5s
it 10257/13000  reward     nan  ep_len    nan  fell    0  err_xy 0.169  std 0.217  lr 1.0e-04  fps   6606   446.8s
it 10258/13000  reward     nan  ep_len    nan  fell    0  err_xy 0.150  std 0.217  lr 1.0e-04  fps   6470   447.2s
it 10259/13000  reward     nan  ep_len    nan  fell    0  err_xy 0.146  std 0.217  lr 1.0e-04  fps   6476   447.5s
it 10260/13000  reward     nan  ep_len    nan  fell    0  err_xy 0.124  std 0.217  lr 1.0e-04  fps   6336   447.9s
it 10261/13000  reward     nan  ep_len    nan  fell    0  err_xy 0.120  std 0.217  lr 1.0e-04  fps   6372   448.2s
it 10262/13000  reward     nan  ep_len    nan  fell    0  err_xy 0.097  std 0.217  lr 1.0e-04  fps   6985   448.6s
it 10263/13000  reward     nan  ep_len    nan  fell    0  err_xy 0.085  std 0.217  lr 1.0e-04  fps   6070   449.0s
it 10264/13000  reward     nan  ep_len    nan  fell    0  err_xy 0.091  std 0.217  lr 1.0e-04  fps   6086   449.3s
it 10265/13000  reward     nan  ep_len    nan  fell    0  err_xy 0.079  std 0.217  lr 1.0e-04  fps   5581   449.7s
it 10266/13000  reward     nan  ep_len    nan  fell    0  err_xy 0.063  std 0.217  lr 1.0e-04  fps   5549   450.2s
it 10267/13000  reward     nan  ep_len    nan  fell    0  err_xy 0.054  std 0.217  lr 1.0e-04  fps   5763   450.6s
it 10268/13000  reward     nan  ep_len    nan  fell    0  err_xy 0.055  std 0.217  lr 1.0e-04  fps   5332   451.0s
it 10269/13000  reward     nan  ep_len    nan  fell    0  err_xy 0.049  std 0.217  lr 1.0e-04  fps   5882   451.4s
it 10270/13000  reward     nan  ep_len    nan  fell    0  err_xy 0.040  std 0.217  lr 1.0e-04  fps   6752   451.7s
it 10271/13000  reward     nan  ep_len    nan  fell    0  err_xy 0.034  std 0.217  lr 1.0e-04  fps   6300   452.1s
it 10272/13000  reward     nan  ep_len    nan  fell    0  err_xy 0.036  std 0.217  lr 1.0e-04  fps   6224   452.5s
it 10273/13000  reward     nan  ep_len    nan  fell    0  err_xy 0.026  std 0.217  lr 1.0e-04  fps   6553   452.8s
it 10274/13000  reward     nan  ep_len    nan  fell    0  err_xy 0.024  std 0.217  lr 1.0e-04  fps   5365   453.2s
it 10275/13000  reward     nan  ep_len    nan  fell    0  err_xy 0.020  std 0.216  lr 1.0e-04  fps   6204   453.6s
it 10276/13000  reward     nan  ep_len    nan  fell    0  err_xy 0.020  std 0.216  lr 1.0e-04  fps   6637   454.0s
it 10277/13000  reward     nan  ep_len    nan  fell    0  err_xy 0.016  std 0.216  lr 1.0e-04  fps   6653   454.3s
it 10278/13000  reward     nan  ep_len    nan  fell    0  err_xy 0.016  std 0.216  lr 1.0e-04  fps   6823   454.6s
it 10279/13000  reward     nan  ep_len    nan  fell    0  err_xy 0.015  std 0.216  lr 1.0e-04  fps   6860   455.0s
it 10280/13000  reward     nan  ep_len    nan  fell    0  err_xy 0.015  std 0.216  lr 1.0e-04  fps   6168   455.4s
it 10281/13000  reward     nan  ep_len    nan  fell    0  err_xy 0.015  std 0.216  lr 1.0e-04  fps   6545   455.7s
it 10282/13000  reward  234.48  ep_len  808.0  fell    0  err_xy 0.269  std 0.215  lr 1.0e-04  fps   6298   456.1s
it 10283/13000  reward     nan  ep_len    nan  fell    0  err_xy 0.278  std 0.216  lr 1.0e-04  fps   7356   456.4s
it 10284/13000  reward     nan  ep_len    nan  fell    0  err_xy 0.186  std 0.216  lr 1.0e-04  fps   8273   456.7s
it 10285/13000  reward     nan  ep_len    nan  fell    0  err_xy 0.223  std 0.216  lr 1.0e-04  fps   8183   457.0s
it 10286/13000  reward     nan  ep_len    nan  fell    0  err_xy 0.239  std 0.216  lr 1.0e-04  fps   7573   457.3s
it 10287/13000  reward     nan  ep_len    nan  fell    0  err_xy 0.191  std 0.216  lr 1.0e-04  fps   7258   457.6s
it 10288/13000  reward     nan  ep_len    nan  fell    0  err_xy 0.192  std 0.216  lr 1.0e-04  fps   7946   457.9s
it 10289/13000  reward     nan  ep_len    nan  fell    0  err_xy 0.169  std 0.216  lr 1.0e-04  fps   7595   458.2s
it 10290/13000  reward     nan  ep_len    nan  fell    0  err_xy 0.163  std 0.216  lr 1.0e-04  fps   7038   458.5s
it 10291/13000  reward     nan  ep_len    nan  fell    0  err_xy 0.148  std 0.216  lr 1.0e-04  fps   7545   458.8s
it 10292/13000  reward     nan  ep_len    nan  fell    0  err_xy 0.128  std 0.216  lr 1.0e-04  fps   7603   459.1s
it 10293/13000  reward     nan  ep_len    nan  fell    0  err_xy 0.136  std 0.216  lr 1.0e-04  fps   7466   459.4s
it 10294/13000  reward     nan  ep_len    nan  fell    0  err_xy 0.116  std 0.216  lr 1.0e-04  fps   7582   459.7s
it 10295/13000  reward     nan  ep_len    nan  fell    0  err_xy 0.126  std 0.216  lr 1.0e-04  fps   7506   460.0s
it 10296/13000  reward     nan  ep_len    nan  fell    0  err_xy 0.116  std 0.216  lr 1.0e-04  fps   7521   460.3s
it 10297/13000  reward     nan  ep_len    nan  fell    0  err_xy 0.093  std 0.216  lr 1.0e-04  fps   7365   460.6s
it 10298/13000  reward     nan  ep_len    nan  fell    0  err_xy 0.097  std 0.216  lr 1.0e-04  fps   7219   461.0s
it 10299/13000  reward     nan  ep_len    nan  fell    0  err_xy 0.116  std 0.216  lr 1.0e-04  fps   7366   461.3s
it 10300/13000  reward     nan  ep_len    nan  fell    0  err_xy 0.108  std 0.216  lr 1.0e-04  fps   7272   461.6s
it 10301/13000  reward     nan  ep_len    nan  fell    0  err_xy 0.099  std 0.216  lr 1.0e-04  fps   6943   461.9s
it 10302/13000  reward     nan  ep_len    nan  fell    0  err_xy 0.080  std 0.216  lr 1.0e-04  fps   7041   462.3s
it 10303/13000  reward     nan  ep_len    nan  fell    0  err_xy 0.078  std 0.216  lr 1.0e-04  fps   7239   462.6s
it 10304/13000  reward     nan  ep_len    nan  fell    0  err_xy 0.068  std 0.216  lr 1.0e-04  fps   7068   462.9s
it 10305/13000  reward     nan  ep_len    nan  fell    0  err_xy 0.071  std 0.216  lr 1.0e-04  fps   6876   463.2s
it 10306/13000  reward     nan  ep_len    nan  fell    0  err_xy 0.064  std 0.216  lr 1.0e-04  fps   7075   463.6s
it 10307/13000  reward     nan  ep_len    nan  fell    0  err_xy 0.056  std 0.216  lr 1.0e-04  fps   6937   463.9s
it 10308/13000  reward     nan  ep_len    nan  fell    0  err_xy 0.061  std 0.216  lr 1.0e-04  fps   6721   464.2s
it 10309/13000  reward     nan  ep_len    nan  fell    0  err_xy 0.045  std 0.216  lr 1.0e-04  fps   6757   464.6s
it 10310/13000  reward     nan  ep_len    nan  fell    0  err_xy 0.041  std 0.216  lr 1.0e-04  fps   6034   465.0s
it 10311/13000  reward     nan  ep_len    nan  fell    0  err_xy 0.030  std 0.217  lr 1.0e-04  fps   6643   465.3s
it 10312/13000  reward     nan  ep_len    nan  fell    0  err_xy 0.038  std 0.217  lr 1.0e-04  fps   6551   465.7s
it 10313/13000  reward     nan  ep_len    nan  fell    0  err_xy 0.038  std 0.217  lr 1.0e-04  fps   6736   466.0s
it 10314/13000  reward     nan  ep_len    nan  fell    0  err_xy 0.029  std 0.217  lr 1.0e-04  fps   6507   466.4s
it 10315/13000  reward  222.04  ep_len  808.0  fell    0  err_xy 0.032  std 0.217  lr 1.0e-04  fps   5720   466.8s
it 10316/13000  reward     nan  ep_len    nan  fell    0  err_xy 0.389  std 0.217  lr 1.0e-04  fps   7692   467.1s
it 10317/13000  reward     nan  ep_len    nan  fell    0  err_xy 0.226  std 0.217  lr 1.0e-04  fps   8562   467.3s
it 10318/13000  reward     nan  ep_len    nan  fell    0  err_xy 0.189  std 0.217  lr 1.0e-04  fps   9142   467.6s
it 10319/13000  reward     nan  ep_len    nan  fell    0  err_xy 0.291  std 0.217  lr 1.0e-04  fps   8473   467.9s
it 10320/13000  reward     nan  ep_len    nan  fell    0  err_xy 0.270  std 0.217  lr 1.0e-04  fps   8411   468.1s
it 10321/13000  reward     nan  ep_len    nan  fell    0  err_xy 0.211  std 0.217  lr 1.0e-04  fps   7519   468.4s
it 10322/13000  reward     nan  ep_len    nan  fell    0  err_xy 0.208  std 0.217  lr 1.0e-04  fps   7295   468.8s
it 10323/13000  reward     nan  ep_len    nan  fell    0  err_xy 0.193  std 0.217  lr 1.0e-04  fps   7921   469.0s
it 10324/13000  reward     nan  ep_len    nan  fell    0  err_xy 0.145  std 0.217  lr 1.0e-04  fps   8009   469.3s
it 10325/13000  reward     nan  ep_len    nan  fell    0  err_xy 0.154  std 0.217  lr 1.0e-04  fps   6947   469.7s
it 10326/13000  reward     nan  ep_len    nan  fell    0  err_xy 0.149  std 0.217  lr 1.0e-04  fps   7174   470.0s
it 10327/13000  reward     nan  ep_len    nan  fell    0  err_xy 0.124  std 0.217  lr 1.0e-04  fps   7346   470.3s
it 10328/13000  reward     nan  ep_len    nan  fell    0  err_xy 0.141  std 0.217  lr 1.0e-04  fps   6966   470.6s
it 10329/13000  reward     nan  ep_len    nan  fell    0  err_xy 0.113  std 0.217  lr 1.0e-04  fps   7449   470.9s
it 10330/13000  reward     nan  ep_len    nan  fell    0  err_xy 0.103  std 0.217  lr 1.0e-04  fps   7464   471.2s
it 10331/13000  reward     nan  ep_len    nan  fell    0  err_xy 0.104  std 0.217  lr 1.0e-04  fps   7497   471.6s
it 10332/13000  reward     nan  ep_len    nan  fell    0  err_xy 0.096  std 0.217  lr 1.0e-04  fps   6196   471.9s
it 10333/13000  reward     nan  ep_len    nan  fell    0  err_xy 0.085  std 0.217  lr 1.0e-04  fps   7077   472.3s
it 10334/13000  reward     nan  ep_len    nan  fell    0  err_xy 0.067  std 0.217  lr 1.0e-04  fps   6986   472.6s
it 10335/13000  reward     nan  ep_len    nan  fell    0  err_xy 0.078  std 0.217  lr 1.0e-04  fps   7247   472.9s
it 10336/13000  reward     nan  ep_len    nan  fell    0  err_xy 0.057  std 0.217  lr 1.0e-04  fps   7363   473.2s
it 10337/13000  reward     nan  ep_len    nan  fell    0  err_xy 0.052  std 0.217  lr 1.0e-04  fps   7308   473.5s
it 10338/13000  reward     nan  ep_len    nan  fell    0  err_xy 0.047  std 0.217  lr 1.0e-04  fps   7140   473.9s
it 10339/13000  reward     nan  ep_len    nan  fell    0  err_xy 0.040  std 0.217  lr 1.0e-04  fps   7146   474.2s
it 10340/13000  reward     nan  ep_len    nan  fell    0  err_xy 0.038  std 0.217  lr 1.0e-04  fps   7039   474.5s
it 10341/13000  reward     nan  ep_len    nan  fell    0  err_xy 0.039  std 0.217  lr 1.0e-04  fps   7078   474.8s
it 10342/13000  reward     nan  ep_len    nan  fell    0  err_xy 0.041  std 0.217  lr 1.0e-04  fps   6825   475.2s
it 10343/13000  reward     nan  ep_len    nan  fell    0  err_xy 0.028  std 0.217  lr 1.0e-04  fps   6816   475.5s
it 10344/13000  reward     nan  ep_len    nan  fell    0  err_xy 0.024  std 0.217  lr 1.0e-04  fps   6891   475.8s
it 10345/13000  reward     nan  ep_len    nan  fell    0  err_xy 0.026  std 0.217  lr 1.0e-04  fps   6997   476.2s
it 10346/13000  reward     nan  ep_len    nan  fell    0  err_xy 0.026  std 0.217  lr 1.0e-04  fps   7108   476.5s
it 10347/13000  reward     nan  ep_len    nan  fell    0  err_xy 0.021  std 0.216  lr 1.0e-04  fps   7143   476.8s
it 10348/13000  reward     nan  ep_len    nan  fell    0  err_xy 0.026  std 0.216  lr 1.0e-04  fps   6840   477.2s
it 10349/13000  reward  232.59  ep_len  808.0  fell    0  err_xy 0.107  std 0.216  lr 1.0e-04  fps   6233   477.5s
it 10350/13000  reward     nan  ep_len    nan  fell    0  err_xy 0.381  std 0.217  lr 1.0e-04  fps   8213   477.8s
it 10351/13000  reward     nan  ep_len    nan  fell    0  err_xy 0.174  std 0.217  lr 1.0e-04  fps   8633   478.1s
it 10352/13000  reward     nan  ep_len    nan  fell    0  err_xy 0.231  std 0.217  lr 1.0e-04  fps   8832   478.3s
it 10353/13000  reward     nan  ep_len    nan  fell    0  err_xy 0.244  std 0.217  lr 1.0e-04  fps   8501   478.6s
it 10354/13000  reward     nan  ep_len    nan  fell    0  err_xy 0.241  std 0.217  lr 1.0e-04  fps   8155   478.9s
it 10355/13000  reward     nan  ep_len    nan  fell    0  err_xy 0.192  std 0.217  lr 1.0e-04  fps   7842   479.2s
it 10356/13000  reward     nan  ep_len    nan  fell    0  err_xy 0.166  std 0.217  lr 1.0e-04  fps   7674   479.5s
it 10357/13000  reward     nan  ep_len    nan  fell    0  err_xy 0.138  std 0.217  lr 1.0e-04  fps   7754   479.8s
it 10358/13000  reward     nan  ep_len    nan  fell    0  err_xy 0.122  std 0.217  lr 1.0e-04  fps   7709   480.1s
it 10359/13000  reward     nan  ep_len    nan  fell    0  err_xy 0.096  std 0.217  lr 1.0e-04  fps   7288   480.4s
it 10360/13000  reward     nan  ep_len    nan  fell    0  err_xy 0.085  std 0.217  lr 1.0e-04  fps   7373   480.7s
it 10361/13000  reward     nan  ep_len    nan  fell    0  err_xy 0.084  std 0.217  lr 1.0e-04  fps   7456   481.0s
it 10362/13000  reward     nan  ep_len    nan  fell    0  err_xy 0.066  std 0.217  lr 1.0e-04  fps   7199   481.3s
it 10363/13000  reward     nan  ep_len    nan  fell    0  err_xy 0.075  std 0.217  lr 1.0e-04  fps   7300   481.7s
it 10364/13000  reward     nan  ep_len    nan  fell    0  err_xy 0.063  std 0.217  lr 1.0e-04  fps   7365   482.0s
it 10365/13000  reward     nan  ep_len    nan  fell    0  err_xy 0.051  std 0.217  lr 1.0e-04  fps   7375   482.3s
it 10366/13000  reward     nan  ep_len    nan  fell    0  err_xy 0.047  std 0.217  lr 1.0e-04  fps   7327   482.6s
it 10367/13000  reward     nan  ep_len    nan  fell    0  err_xy 0.050  std 0.217  lr 1.0e-04  fps   7456   482.9s
it 10368/13000  reward     nan  ep_len    nan  fell    0  err_xy 0.034  std 0.217  lr 1.0e-04  fps   7421   483.2s
it 10369/13000  reward     nan  ep_len    nan  fell    0  err_xy 0.035  std 0.217  lr 1.0e-04  fps   7200   483.5s
it 10370/13000  reward     nan  ep_len    nan  fell    0  err_xy 0.039  std 0.217  lr 1.0e-04  fps   7392   483.8s
it 10371/13000  reward     nan  ep_len    nan  fell    0  err_xy 0.040  std 0.217  lr 1.0e-04  fps   7465   484.2s
it 10372/13000  reward     nan  ep_len    nan  fell    0  err_xy 0.033  std 0.217  lr 1.0e-04  fps   7416   484.5s
it 10373/13000  reward     nan  ep_len    nan  fell    0  err_xy 0.036  std 0.217  lr 1.0e-04  fps   7452   484.8s
it 10374/13000  reward     nan  ep_len    nan  fell    0  err_xy 0.030  std 0.217  lr 1.0e-04  fps   7122   485.1s
it 10375/13000  reward     nan  ep_len    nan  fell    0  err_xy 0.036  std 0.217  lr 1.0e-04  fps   5037   485.6s
it 10376/13000  reward     nan  ep_len    nan  fell    0  err_xy 0.031  std 0.217  lr 1.0e-04  fps   6301   485.9s
it 10377/13000  reward     nan  ep_len    nan  fell    0  err_xy 0.031  std 0.217  lr 1.0e-04  fps   6655   486.3s
it 10378/13000  reward     nan  ep_len    nan  fell    0  err_xy 0.028  std 0.217  lr 1.0e-04  fps   6578   486.6s
it 10379/13000  reward     nan  ep_len    nan  fell    0  err_xy 0.028  std 0.217  lr 1.0e-04  fps   6879   487.0s
it 10380/13000  reward     nan  ep_len    nan  fell    0  err_xy 0.023  std 0.217  lr 1.0e-04  fps   6284   487.3s
it 10381/13000  reward     nan  ep_len    nan  fell    0  err_xy 0.026  std 0.217  lr 1.0e-04  fps   5938   487.7s
it 10382/13000  reward     nan  ep_len    nan  fell    0  err_xy 0.025  std 0.217  lr 1.0e-04  fps   6219   488.1s
it 10383/13000  reward  245.45  ep_len  808.0  fell    0  err_xy 0.243  std 0.217  lr 1.0e-04  fps   6064   488.5s
it 10384/13000  reward     nan  ep_len    nan  fell    0  err_xy 0.296  std 0.217  lr 1.0e-04  fps   8315   488.7s
it 10385/13000  reward     nan  ep_len    nan  fell    0  err_xy 0.177  std 0.217  lr 1.0e-04  fps   8655   489.0s
it 10386/13000  reward     nan  ep_len    nan  fell    0  err_xy 0.234  std 0.217  lr 1.0e-04  fps   8610   489.3s
it 10387/13000  reward     nan  ep_len    nan  fell    0  err_xy 0.267  std 0.217  lr 1.0e-04  fps   8371   489.6s
it 10388/13000  reward     nan  ep_len    nan  fell    0  err_xy 0.247  std 0.217  lr 1.0e-04  fps   7297   489.9s
it 10389/13000  reward     nan  ep_len    nan  fell    0  err_xy 0.227  std 0.217  lr 1.0e-04  fps   8203   490.1s
it 10390/13000  reward     nan  ep_len    nan  fell    0  err_xy 0.178  std 0.217  lr 1.0e-04  fps   8091   490.4s
it 10391/13000  reward     nan  ep_len    nan  fell    0  err_xy 0.162  std 0.217  lr 1.0e-04  fps   7999   490.7s
it 10392/13000  reward     nan  ep_len    nan  fell    0  err_xy 0.135  std 0.217  lr 1.0e-04  fps   7131   491.0s
it 10393/13000  reward     nan  ep_len    nan  fell    0  err_xy 0.111  std 0.217  lr 1.0e-04  fps   6624   491.4s
it 10394/13000  reward     nan  ep_len    nan  fell    0  err_xy 0.088  std 0.217  lr 1.0e-04  fps   6920   491.7s
it 10395/13000  reward     nan  ep_len    nan  fell    0  err_xy 0.092  std 0.217  lr 1.0e-04  fps   7404   492.0s
it 10396/13000  reward     nan  ep_len    nan  fell    0  err_xy 0.084  std 0.217  lr 1.0e-04  fps   7288   492.4s
it 10397/13000  reward     nan  ep_len    nan  fell    0  err_xy 0.081  std 0.217  lr 1.0e-04  fps   7272   492.7s
it 10398/13000  reward     nan  ep_len    nan  fell    0  err_xy 0.083  std 0.217  lr 1.0e-04  fps   7306   493.0s
it 10399/13000  reward     nan  ep_len    nan  fell    0  err_xy 0.081  std 0.217  lr 1.0e-04  fps   7324   493.3s
it 10400/13000  reward     nan  ep_len    nan  fell    0  err_xy 0.079  std 0.217  lr 1.0e-04  fps   7066   493.6s
it 10401/13000  reward     nan  ep_len    nan  fell    0  err_xy 0.083  std 0.217  lr 1.0e-04  fps   7202   494.0s
it 10402/13000  reward     nan  ep_len    nan  fell    0  err_xy 0.079  std 0.217  lr 1.0e-04  fps   7328   494.3s
it 10403/13000  reward     nan  ep_len    nan  fell    0  err_xy 0.075  std 0.217  lr 1.0e-04  fps   7326   494.6s
it 10404/13000  reward     nan  ep_len    nan  fell    0  err_xy 0.073  std 0.217  lr 1.0e-04  fps   7171   494.9s
it 10405/13000  reward     nan  ep_len    nan  fell    0  err_xy 0.082  std 0.217  lr 1.0e-04  fps   7311   495.2s
it 10406/13000  reward     nan  ep_len    nan  fell    0  err_xy 0.068  std 0.217  lr 1.0e-04  fps   7355   495.5s
it 10407/13000  reward     nan  ep_len    nan  fell    0  err_xy 0.055  std 0.217  lr 1.0e-04  fps   7298   495.8s
it 10408/13000  reward     nan  ep_len    nan  fell    0  err_xy 0.047  std 0.217  lr 1.0e-04  fps   7151   496.2s
it 10409/13000  reward     nan  ep_len    nan  fell    0  err_xy 0.060  std 0.217  lr 1.0e-04  fps   6861   496.5s
it 10410/13000  reward     nan  ep_len    nan  fell    0  err_xy 0.045  std 0.217  lr 1.0e-04  fps   6630   496.9s
it 10411/13000  reward     nan  ep_len    nan  fell    0  err_xy 0.044  std 0.217  lr 1.0e-04  fps   6696   497.2s
it 10412/13000  reward     nan  ep_len    nan  fell    0  err_xy 0.035  std 0.217  lr 1.0e-04  fps   6722   497.5s
it 10413/13000  reward     nan  ep_len    nan  fell    0  err_xy 0.038  std 0.217  lr 1.0e-04  fps   6657   497.9s
it 10414/13000  reward     nan  ep_len    nan  fell    0  err_xy 0.029  std 0.217  lr 1.0e-04  fps   6579   498.2s
it 10415/13000  reward     nan  ep_len    nan  fell    0  err_xy 0.029  std 0.217  lr 1.0e-04  fps   6305   498.6s
it 10416/13000  reward  229.84  ep_len  808.0  fell    0  err_xy 0.024  std 0.217  lr 1.0e-04  fps   5344   499.0s
it 10417/13000  reward     nan  ep_len    nan  fell    0  err_xy 0.368  std 0.217  lr 1.0e-04  fps   7710   499.3s
it 10418/13000  reward     nan  ep_len    nan  fell    0  err_xy 0.240  std 0.217  lr 1.0e-04  fps   8305   499.6s
it 10419/13000  reward     nan  ep_len    nan  fell    0  err_xy 0.209  std 0.217  lr 1.0e-04  fps   8439   499.9s
it 10420/13000  reward     nan  ep_len    nan  fell    0  err_xy 0.245  std 0.217  lr 1.0e-04  fps   8172   500.2s
it 10421/13000  reward     nan  ep_len    nan  fell    0  err_xy 0.187  std 0.217  lr 1.0e-04  fps   7825   500.5s
it 10422/13000  reward     nan  ep_len    nan  fell    0  err_xy 0.147  std 0.217  lr 1.0e-04  fps   7524   500.8s
it 10423/13000  reward     nan  ep_len    nan  fell    0  err_xy 0.152  std 0.217  lr 1.0e-04  fps   7368   501.1s
it 10424/13000  reward     nan  ep_len    nan  fell    0  err_xy 0.118  std 0.217  lr 1.0e-04  fps   7550   501.4s
it 10425/13000  reward     nan  ep_len    nan  fell    0  err_xy 0.103  std 0.217  lr 1.0e-04  fps   7525   501.7s
it 10426/13000  reward     nan  ep_len    nan  fell    0  err_xy 0.077  std 0.217  lr 1.0e-04  fps   7446   502.0s
it 10427/13000  reward     nan  ep_len    nan  fell    0  err_xy 0.066  std 0.217  lr 1.0e-04  fps   7404   502.3s
it 10428/13000  reward     nan  ep_len    nan  fell    0  err_xy 0.061  std 0.217  lr 1.0e-04  fps   7408   502.6s
it 10429/13000  reward     nan  ep_len    nan  fell    0  err_xy 0.053  std 0.217  lr 1.0e-04  fps   7406   502.9s
it 10430/13000  reward     nan  ep_len    nan  fell    0  err_xy 0.044  std 0.217  lr 1.0e-04  fps   7325   503.3s
it 10431/13000  reward     nan  ep_len    nan  fell    0  err_xy 0.044  std 0.217  lr 1.0e-04  fps   7349   503.6s
it 10432/13000  reward     nan  ep_len    nan  fell    0  err_xy 0.034  std 0.217  lr 1.0e-04  fps   6500   503.9s
it 10433/13000  reward     nan  ep_len    nan  fell    0  err_xy 0.029  std 0.217  lr 1.0e-04  fps   7207   504.2s
it 10434/13000  reward     nan  ep_len    nan  fell    0  err_xy 0.036  std 0.217  lr 1.0e-04  fps   7176   504.6s
it 10435/13000  reward     nan  ep_len    nan  fell    0  err_xy 0.037  std 0.217  lr 1.0e-04  fps   7108   504.9s
it 10436/13000  reward     nan  ep_len    nan  fell    0  err_xy 0.033  std 0.217  lr 1.0e-04  fps   7162   505.2s
it 10437/13000  reward     nan  ep_len    nan  fell    0  err_xy 0.030  std 0.217  lr 1.0e-04  fps   7147   505.5s
it 10438/13000  reward     nan  ep_len    nan  fell    0  err_xy 0.036  std 0.217  lr 1.0e-04  fps   7125   505.9s
it 10439/13000  reward     nan  ep_len    nan  fell    0  err_xy 0.030  std 0.217  lr 1.0e-04  fps   7157   506.2s
it 10440/13000  reward     nan  ep_len    nan  fell    0  err_xy 0.029  std 0.217  lr 1.0e-04  fps   7054   506.5s
it 10441/13000  reward     nan  ep_len    nan  fell    0  err_xy 0.025  std 0.217  lr 1.0e-04  fps   6960   506.8s
it 10442/13000  reward     nan  ep_len    nan  fell    0  err_xy 0.027  std 0.217  lr 1.0e-04  fps   6694   507.2s
it 10443/13000  reward     nan  ep_len    nan  fell    0  err_xy 0.029  std 0.217  lr 1.0e-04  fps   6804   507.5s
it 10444/13000  reward     nan  ep_len    nan  fell    0  err_xy 0.029  std 0.217  lr 1.0e-04  fps   6909   507.9s
it 10445/13000  reward     nan  ep_len    nan  fell    0  err_xy 0.024  std 0.217  lr 1.0e-04  fps   6898   508.2s
it 10446/13000  reward     nan  ep_len    nan  fell    0  err_xy 0.022  std 0.217  lr 1.0e-04  fps   6919   508.5s
it 10447/13000  reward     nan  ep_len    nan  fell    0  err_xy 0.020  std 0.217  lr 1.0e-04  fps   6917   508.9s
it 10448/13000  reward     nan  ep_len    nan  fell    0  err_xy 0.024  std 0.216  lr 1.0e-04  fps   6945   509.2s
it 10449/13000  reward     nan  ep_len    nan  fell    0  err_xy 0.018  std 0.216  lr 1.0e-04  fps   6944   509.5s
it 10450/13000  reward  252.17  ep_len  808.0  fell    0  err_xy 0.109  std 0.216  lr 1.0e-04  fps   6169   509.9s
it 10451/13000  reward     nan  ep_len    nan  fell    0  err_xy 0.378  std 0.216  lr 1.0e-04  fps   8648   510.2s
it 10452/13000  reward     nan  ep_len    nan  fell    0  err_xy 0.188  std 0.216  lr 1.0e-04  fps   8807   510.4s
it 10453/13000  reward     nan  ep_len    nan  fell    0  err_xy 0.215  std 0.216  lr 1.0e-04  fps   8775   510.7s
it 10454/13000  reward     nan  ep_len    nan  fell    0  err_xy 0.226  std 0.216  lr 1.0e-04  fps   8344   511.0s
it 10455/13000  reward     nan  ep_len    nan  fell    0  err_xy 0.202  std 0.216  lr 1.0e-04  fps   8067   511.2s
it 10456/13000  reward     nan  ep_len    nan  fell    0  err_xy 0.172  std 0.216  lr 1.0e-04  fps   7966   511.5s
it 10457/13000  reward     nan  ep_len    nan  fell    0  err_xy 0.156  std 0.216  lr 1.0e-04  fps   7905   511.8s
it 10458/13000  reward     nan  ep_len    nan  fell    0  err_xy 0.141  std 0.216  lr 1.0e-04  fps   7749   512.1s
it 10459/13000  reward     nan  ep_len    nan  fell    0  err_xy 0.112  std 0.216  lr 1.0e-04  fps   7427   512.4s
it 10460/13000  reward     nan  ep_len    nan  fell    0  err_xy 0.089  std 0.216  lr 1.0e-04  fps   7481   512.7s
it 10461/13000  reward     nan  ep_len    nan  fell    0  err_xy 0.075  std 0.216  lr 1.0e-04  fps   7423   513.1s
it 10462/13000  reward     nan  ep_len    nan  fell    0  err_xy 0.061  std 0.216  lr 1.0e-04  fps   7309   513.4s
it 10463/13000  reward     nan  ep_len    nan  fell    0  err_xy 0.059  std 0.216  lr 1.0e-04  fps   7429   513.7s
it 10464/13000  reward     nan  ep_len    nan  fell    0  err_xy 0.045  std 0.216  lr 1.0e-04  fps   7349   514.0s
it 10465/13000  reward     nan  ep_len    nan  fell    0  err_xy 0.037  std 0.216  lr 1.0e-04  fps   7242   514.3s
it 10466/13000  reward     nan  ep_len    nan  fell    0  err_xy 0.042  std 0.217  lr 1.0e-04  fps   7269   514.6s
it 10467/13000  reward     nan  ep_len    nan  fell    0  err_xy 0.028  std 0.217  lr 1.0e-04  fps   7265   515.0s
it 10468/13000  reward     nan  ep_len    nan  fell    0  err_xy 0.033  std 0.217  lr 1.0e-04  fps   7210   515.3s
it 10469/13000  reward     nan  ep_len    nan  fell    0  err_xy 0.035  std 0.216  lr 1.0e-04  fps   7172   515.6s
it 10470/13000  reward     nan  ep_len    nan  fell    0  err_xy 0.030  std 0.217  lr 1.0e-04  fps   7215   515.9s
it 10471/13000  reward     nan  ep_len    nan  fell    0  err_xy 0.031  std 0.217  lr 1.0e-04  fps   7119   516.2s
it 10472/13000  reward     nan  ep_len    nan  fell    0  err_xy 0.034  std 0.216  lr 1.0e-04  fps   6953   516.6s
it 10473/13000  reward     nan  ep_len    nan  fell    0  err_xy 0.035  std 0.216  lr 1.0e-04  fps   7135   516.9s
it 10474/13000  reward     nan  ep_len    nan  fell    0  err_xy 0.034  std 0.216  lr 1.0e-04  fps   7165   517.2s
it 10475/13000  reward     nan  ep_len    nan  fell    0  err_xy 0.028  std 0.216  lr 1.0e-04  fps   7073   517.5s
it 10476/13000  reward     nan  ep_len    nan  fell    0  err_xy 0.030  std 0.216  lr 1.0e-04  fps   6805   517.9s
it 10477/13000  reward     nan  ep_len    nan  fell    0  err_xy 0.033  std 0.216  lr 1.0e-04  fps   6807   518.2s
it 10478/13000  reward     nan  ep_len    nan  fell    0  err_xy 0.023  std 0.216  lr 1.0e-04  fps   6791   518.6s
it 10479/13000  reward     nan  ep_len    nan  fell    0  err_xy 0.024  std 0.216  lr 1.0e-04  fps   6770   518.9s
it 10480/13000  reward     nan  ep_len    nan  fell    0  err_xy 0.023  std 0.216  lr 1.0e-04  fps   6786   519.2s
it 10481/13000  reward     nan  ep_len    nan  fell    0  err_xy 0.025  std 0.216  lr 1.0e-04  fps   6162   519.6s
it 10482/13000  reward     nan  ep_len    nan  fell    0  err_xy 0.022  std 0.216  lr 1.0e-04  fps   6534   520.0s
it 10483/13000  reward     nan  ep_len    nan  fell    0  err_xy 0.021  std 0.216  lr 1.0e-04  fps   6424   520.3s
it 10484/13000  reward  250.65  ep_len  808.0  fell    0  err_xy 0.237  std 0.216  lr 1.0e-04  fps   6426   520.7s
it 10485/13000  reward     nan  ep_len    nan  fell    0  err_xy 0.328  std 0.216  lr 1.0e-04  fps   8609   520.9s
it 10486/13000  reward     nan  ep_len    nan  fell    0  err_xy 0.194  std 0.216  lr 1.0e-04  fps   8733   521.2s
it 10487/13000  reward     nan  ep_len    nan  fell    0  err_xy 0.233  std 0.216  lr 1.0e-04  fps   8221   521.5s
it 10488/13000  reward     nan  ep_len    nan  fell    0  err_xy 0.233  std 0.216  lr 1.0e-04  fps   8178   521.8s
it 10489/13000  reward     nan  ep_len    nan  fell    0  err_xy 0.205  std 0.216  lr 1.0e-04  fps   8051   522.1s
it 10490/13000  reward     nan  ep_len    nan  fell    0  err_xy 0.159  std 0.216  lr 1.0e-04  fps   7799   522.4s
it 10491/13000  reward     nan  ep_len    nan  fell    0  err_xy 0.119  std 0.216  lr 1.0e-04  fps   7754   522.7s
it 10492/13000  reward     nan  ep_len    nan  fell    0  err_xy 0.119  std 0.216  lr 1.0e-04  fps   7748   523.0s
it 10493/13000  reward     nan  ep_len    nan  fell    0  err_xy 0.109  std 0.216  lr 1.0e-04  fps   7587   523.3s
it 10494/13000  reward     nan  ep_len    nan  fell    0  err_xy 0.100  std 0.216  lr 1.0e-04  fps   7384   523.6s
it 10495/13000  reward     nan  ep_len    nan  fell    0  err_xy 0.087  std 0.216  lr 1.0e-04  fps   7494   523.9s
it 10496/13000  reward     nan  ep_len    nan  fell    0  err_xy 0.062  std 0.216  lr 1.0e-04  fps   7462   524.2s
it 10497/13000  reward     nan  ep_len    nan  fell    0  err_xy 0.059  std 0.216  lr 1.0e-04  fps   7328   524.5s
it 10498/13000  reward     nan  ep_len    nan  fell    0  err_xy 0.047  std 0.216  lr 1.0e-04  fps   7389   524.8s
it 10499/13000  reward     nan  ep_len    nan  fell    0  err_xy 0.042  std 0.216  lr 1.0e-04  fps   7340   525.1s
it 10500/13000  reward     nan  ep_len    nan  fell    0  err_xy 0.032  std 0.216  lr 1.0e-04  fps   7300   525.4s
eval iteration 10500:
  prone          success 100.0%  time 8.76s  peak_τ 0.94 Nm  return 154.26
  supine         success  75.0%  time 9.54s  peak_τ 0.94 Nm  return 170.12
  score 0.875
it 10501/13000  reward     nan  ep_len    nan  fell    0  err_xy 0.035  std 0.216  lr 1.0e-04  fps   6835   528.6s
it 10502/13000  reward     nan  ep_len    nan  fell    0  err_xy 0.029  std 0.216  lr 1.0e-04  fps   7467   528.9s
it 10503/13000  reward     nan  ep_len    nan  fell    0  err_xy 0.023  std 0.216  lr 1.0e-04  fps   7537   529.2s
it 10504/13000  reward     nan  ep_len    nan  fell    0  err_xy 0.025  std 0.216  lr 1.0e-04  fps   7553   529.5s
it 10505/13000  reward     nan  ep_len    nan  fell    0  err_xy 0.023  std 0.216  lr 1.0e-04  fps   7600   529.8s
it 10506/13000  reward     nan  ep_len    nan  fell    0  err_xy 0.027  std 0.216  lr 1.0e-04  fps   7578   530.1s
it 10507/13000  reward     nan  ep_len    nan  fell    0  err_xy 0.025  std 0.216  lr 1.0e-04  fps   7409   530.4s
it 10508/13000  reward     nan  ep_len    nan  fell    0  err_xy 0.019  std 0.216  lr 1.0e-04  fps   7601   530.8s
it 10509/13000  reward     nan  ep_len    nan  fell    0  err_xy 0.020  std 0.216  lr 1.0e-04  fps   7403   531.1s
it 10510/13000  reward     nan  ep_len    nan  fell    0  err_xy 0.017  std 0.216  lr 1.0e-04  fps   7315   531.4s
it 10511/13000  reward     nan  ep_len    nan  fell    0  err_xy 0.020  std 0.216  lr 1.0e-04  fps   7229   531.7s
it 10512/13000  reward     nan  ep_len    nan  fell    0  err_xy 0.018  std 0.216  lr 1.0e-04  fps   7115   532.0s
it 10513/13000  reward     nan  ep_len    nan  fell    0  err_xy 0.019  std 0.216  lr 1.0e-04  fps   7052   532.3s
it 10514/13000  reward     nan  ep_len    nan  fell    0  err_xy 0.021  std 0.216  lr 1.0e-04  fps   7210   532.7s
it 10515/13000  reward     nan  ep_len    nan  fell    0  err_xy 0.018  std 0.216  lr 1.0e-04  fps   7190   533.0s
it 10516/13000  reward     nan  ep_len    nan  fell    0  err_xy 0.019  std 0.216  lr 1.0e-04  fps   7217   533.3s
it 10517/13000  reward  250.48  ep_len  808.0  fell    0  err_xy 0.019  std 0.216  lr 1.0e-04  fps   6061   533.7s
it 10518/13000  reward     nan  ep_len    nan  fell    0  err_xy 0.372  std 0.216  lr 1.0e-04  fps   9148   533.9s
it 10519/13000  reward     nan  ep_len    nan  fell    0  err_xy 0.215  std 0.216  lr 1.0e-04  fps   8899   534.2s
it 10520/13000  reward     nan  ep_len    nan  fell    0  err_xy 0.232  std 0.216  lr 1.0e-04  fps   8594   534.5s
it 10521/13000  reward     nan  ep_len    nan  fell    0  err_xy 0.266  std 0.216  lr 1.0e-04  fps   8690   534.7s
it 10522/13000  reward     nan  ep_len    nan  fell    0  err_xy 0.204  std 0.216  lr 1.0e-04  fps   8550   535.0s
it 10523/13000  reward     nan  ep_len    nan  fell    0  err_xy 0.183  std 0.216  lr 1.0e-04  fps   8594   535.3s
it 10524/13000  reward     nan  ep_len    nan  fell    0  err_xy 0.159  std 0.216  lr 1.0e-04  fps   8424   535.5s
it 10525/13000  reward     nan  ep_len    nan  fell    0  err_xy 0.137  std 0.216  lr 1.0e-04  fps   8199   535.8s
it 10526/13000  reward     nan  ep_len    nan  fell    0  err_xy 0.120  std 0.216  lr 1.0e-04  fps   7983   536.1s
it 10527/13000  reward     nan  ep_len    nan  fell    0  err_xy 0.093  std 0.216  lr 1.0e-04  fps   7939   536.4s
it 10528/13000  reward     nan  ep_len    nan  fell    0  err_xy 0.076  std 0.216  lr 1.0e-04  fps   7837   536.7s
it 10529/13000  reward     nan  ep_len    nan  fell    0  err_xy 0.080  std 0.216  lr 1.0e-04  fps   7672   537.0s
it 10530/13000  reward     nan  ep_len    nan  fell    0  err_xy 0.060  std 0.216  lr 1.0e-04  fps   7230   537.3s
it 10531/13000  reward     nan  ep_len    nan  fell    0  err_xy 0.056  std 0.216  lr 1.0e-04  fps   6858   537.7s
it 10532/13000  reward     nan  ep_len    nan  fell    0  err_xy 0.056  std 0.216  lr 1.0e-04  fps   7139   538.0s
it 10533/13000  reward     nan  ep_len    nan  fell    0  err_xy 0.055  std 0.216  lr 1.0e-04  fps   7335   538.3s
it 10534/13000  reward     nan  ep_len    nan  fell    0  err_xy 0.044  std 0.216  lr 1.0e-04  fps   7431   538.6s
it 10535/13000  reward     nan  ep_len    nan  fell    0  err_xy 0.044  std 0.216  lr 1.0e-04  fps   7380   538.9s
it 10536/13000  reward     nan  ep_len    nan  fell    0  err_xy 0.038  std 0.216  lr 1.0e-04  fps   7364   539.2s
it 10537/13000  reward     nan  ep_len    nan  fell    0  err_xy 0.037  std 0.216  lr 1.0e-04  fps   7284   539.5s
it 10538/13000  reward     nan  ep_len    nan  fell    0  err_xy 0.028  std 0.216  lr 1.0e-04  fps   6757   539.9s
it 10539/13000  reward     nan  ep_len    nan  fell    0  err_xy 0.022  std 0.216  lr 1.0e-04  fps   7249   540.2s
it 10540/13000  reward     nan  ep_len    nan  fell    0  err_xy 0.025  std 0.216  lr 1.0e-04  fps   7254   540.5s
it 10541/13000  reward     nan  ep_len    nan  fell    0  err_xy 0.027  std 0.216  lr 1.0e-04  fps   7295   540.8s
it 10542/13000  reward     nan  ep_len    nan  fell    0  err_xy 0.026  std 0.216  lr 1.0e-04  fps   7277   541.2s
it 10543/13000  reward     nan  ep_len    nan  fell    0  err_xy 0.027  std 0.216  lr 1.0e-04  fps   6945   541.5s
it 10544/13000  reward     nan  ep_len    nan  fell    0  err_xy 0.025  std 0.216  lr 1.0e-04  fps   6921   541.8s
it 10545/13000  reward     nan  ep_len    nan  fell    0  err_xy 0.025  std 0.216  lr 1.0e-04  fps   6884   542.2s
it 10546/13000  reward     nan  ep_len    nan  fell    0  err_xy 0.018  std 0.216  lr 1.0e-04  fps   6825   542.5s
it 10547/13000  reward     nan  ep_len    nan  fell    0  err_xy 0.025  std 0.216  lr 1.0e-04  fps   6810   542.8s
it 10548/13000  reward     nan  ep_len    nan  fell    0  err_xy 0.023  std 0.216  lr 1.0e-04  fps   6974   543.2s
it 10549/13000  reward     nan  ep_len    nan  fell    0  err_xy 0.019  std 0.216  lr 1.0e-04  fps   6869   543.5s
it 10550/13000  reward     nan  ep_len    nan  fell    0  err_xy 0.024  std 0.216  lr 1.0e-04  fps   6858   543.8s
it 10551/13000  reward  256.17  ep_len  808.0  fell    0  err_xy 0.094  std 0.216  lr 1.0e-04  fps   5869   544.2s
it 10552/13000  reward     nan  ep_len    nan  fell    0  err_xy 0.367  std 0.216  lr 1.0e-04  fps   7369   544.5s
it 10553/13000  reward     nan  ep_len    nan  fell    0  err_xy 0.222  std 0.216  lr 1.0e-04  fps   7639   544.8s
it 10554/13000  reward     nan  ep_len    nan  fell    0  err_xy 0.251  std 0.216  lr 1.0e-04  fps   6902   545.2s
it 10555/13000  reward     nan  ep_len    nan  fell    0  err_xy 0.263  std 0.216  lr 1.0e-04  fps   7055   545.5s
it 10556/13000  reward     nan  ep_len    nan  fell    0  err_xy 0.217  std 0.216  lr 1.0e-04  fps   7050   545.8s
it 10557/13000  reward     nan  ep_len    nan  fell    0  err_xy 0.184  std 0.216  lr 1.0e-04  fps   7741   546.1s
it 10558/13000  reward     nan  ep_len    nan  fell    0  err_xy 0.150  std 0.216  lr 1.0e-04  fps   7643   546.4s
it 10559/13000  reward     nan  ep_len    nan  fell    0  err_xy 0.139  std 0.216  lr 1.0e-04  fps   7432   546.7s
it 10560/13000  reward     nan  ep_len    nan  fell    0  err_xy 0.110  std 0.216  lr 1.0e-04  fps   7384   547.1s
it 10561/13000  reward     nan  ep_len    nan  fell    0  err_xy 0.088  std 0.216  lr 1.0e-04  fps   7381   547.4s
it 10562/13000  reward     nan  ep_len    nan  fell    0  err_xy 0.088  std 0.216  lr 1.0e-04  fps   7479   547.7s
it 10563/13000  reward     nan  ep_len    nan  fell    0  err_xy 0.076  std 0.216  lr 1.0e-04  fps   7386   548.0s
it 10564/13000  reward     nan  ep_len    nan  fell    0  err_xy 0.076  std 0.216  lr 1.0e-04  fps   7397   548.3s
it 10565/13000  reward     nan  ep_len    nan  fell    0  err_xy 0.063  std 0.216  lr 1.0e-04  fps   7314   548.6s
it 10566/13000  reward     nan  ep_len    nan  fell    0  err_xy 0.064  std 0.216  lr 1.0e-04  fps   7318   548.9s
it 10567/13000  reward     nan  ep_len    nan  fell    0  err_xy 0.052  std 0.216  lr 1.0e-04  fps   7278   549.2s
it 10568/13000  reward     nan  ep_len    nan  fell    0  err_xy 0.055  std 0.216  lr 1.0e-04  fps   7222   549.6s
it 10569/13000  reward     nan  ep_len    nan  fell    0  err_xy 0.044  std 0.216  lr 1.0e-04  fps   7210   549.9s
it 10570/13000  reward     nan  ep_len    nan  fell    0  err_xy 0.049  std 0.216  lr 1.0e-04  fps   7078   550.2s
it 10571/13000  reward     nan  ep_len    nan  fell    0  err_xy 0.042  std 0.216  lr 1.0e-04  fps   7184   550.5s
it 10572/13000  reward     nan  ep_len    nan  fell    0  err_xy 0.025  std 0.216  lr 1.0e-04  fps   7194   550.9s
it 10573/13000  reward     nan  ep_len    nan  fell    0  err_xy 0.030  std 0.216  lr 1.0e-04  fps   7138   551.2s
it 10574/13000  reward     nan  ep_len    nan  fell    0  err_xy 0.025  std 0.216  lr 1.0e-04  fps   6675   551.5s
it 10575/13000  reward     nan  ep_len    nan  fell    0  err_xy 0.022  std 0.216  lr 1.0e-04  fps   7081   551.9s
it 10576/13000  reward     nan  ep_len    nan  fell    0  err_xy 0.023  std 0.216  lr 1.0e-04  fps   6989   552.2s
it 10577/13000  reward     nan  ep_len    nan  fell    0  err_xy 0.022  std 0.216  lr 1.0e-04  fps   6898   552.5s
it 10578/13000  reward     nan  ep_len    nan  fell    0  err_xy 0.022  std 0.216  lr 1.0e-04  fps   6823   552.9s
it 10579/13000  reward     nan  ep_len    nan  fell    0  err_xy 0.019  std 0.216  lr 1.0e-04  fps   6336   553.2s
it 10580/13000  reward     nan  ep_len    nan  fell    0  err_xy 0.016  std 0.216  lr 1.0e-04  fps   6081   553.6s
it 10581/13000  reward     nan  ep_len    nan  fell    0  err_xy 0.015  std 0.216  lr 1.0e-04  fps   6223   554.0s
it 10582/13000  reward     nan  ep_len    nan  fell    0  err_xy 0.015  std 0.216  lr 1.0e-04  fps   6704   554.3s
it 10583/13000  reward     nan  ep_len    nan  fell    0  err_xy 0.015  std 0.216  lr 1.0e-04  fps   6784   554.7s
it 10584/13000  reward     nan  ep_len    nan  fell    0  err_xy 0.014  std 0.216  lr 1.0e-04  fps   6823   555.0s
it 10585/13000  reward  257.09  ep_len  808.0  fell    0  err_xy 0.250  std 0.216  lr 1.0e-04  fps   6422   555.3s
it 10586/13000  reward     nan  ep_len    nan  fell    0  err_xy 0.287  std 0.216  lr 1.0e-04  fps   8711   555.6s
it 10587/13000  reward     nan  ep_len    nan  fell    0  err_xy 0.217  std 0.216  lr 1.0e-04  fps   8799   555.9s
it 10588/13000  reward     nan  ep_len    nan  fell    0  err_xy 0.279  std 0.216  lr 1.0e-04  fps   8401   556.2s
it 10589/13000  reward     nan  ep_len    nan  fell    0  err_xy 0.215  std 0.216  lr 1.0e-04  fps   8180   556.4s
it 10590/13000  reward     nan  ep_len    nan  fell    0  err_xy 0.173  std 0.216  lr 1.0e-04  fps   7960   556.7s
it 10591/13000  reward     nan  ep_len    nan  fell    0  err_xy 0.142  std 0.216  lr 1.0e-04  fps   7744   557.0s
it 10592/13000  reward     nan  ep_len    nan  fell    0  err_xy 0.136  std 0.216  lr 1.0e-04  fps   7433   557.3s
it 10593/13000  reward     nan  ep_len    nan  fell    0  err_xy 0.092  std 0.216  lr 1.0e-04  fps   7158   557.7s
it 10594/13000  reward     nan  ep_len    nan  fell    0  err_xy 0.065  std 0.216  lr 1.0e-04  fps   7163   558.0s
it 10595/13000  reward     nan  ep_len    nan  fell    0  err_xy 0.069  std 0.216  lr 1.0e-04  fps   7175   558.3s
it 10596/13000  reward     nan  ep_len    nan  fell    0  err_xy 0.053  std 0.216  lr 1.0e-04  fps   7255   558.6s
it 10597/13000  reward     nan  ep_len    nan  fell    0  err_xy 0.046  std 0.216  lr 1.0e-04  fps   7390   558.9s
it 10598/13000  reward     nan  ep_len    nan  fell    0  err_xy 0.040  std 0.216  lr 1.0e-04  fps   7334   559.2s
it 10599/13000  reward     nan  ep_len    nan  fell    0  err_xy 0.044  std 0.216  lr 1.0e-04  fps   7340   559.6s
it 10600/13000  reward     nan  ep_len    nan  fell    0  err_xy 0.032  std 0.216  lr 1.0e-04  fps   7300   559.9s
it 10601/13000  reward     nan  ep_len    nan  fell    0  err_xy 0.028  std 0.216  lr 1.0e-04  fps   7245   560.2s
it 10602/13000  reward     nan  ep_len    nan  fell    0  err_xy 0.025  std 0.216  lr 1.0e-04  fps   7193   560.5s
it 10603/13000  reward     nan  ep_len    nan  fell    0  err_xy 0.026  std 0.216  lr 1.0e-04  fps   7072   560.8s
it 10604/13000  reward     nan  ep_len    nan  fell    0  err_xy 0.025  std 0.216  lr 1.0e-04  fps   6912   561.2s
Process SpawnProcess-9:
Process SpawnProcess-10:
Process SpawnProcess-4:
Process SpawnProcess-12:
Process SpawnProcess-3:
Process SpawnProcess-6:
Process SpawnProcess-8:
Process SpawnProcess-7:
Process SpawnProcess-11:
Process SpawnProcess-1:
Process SpawnProcess-2:
Process SpawnProcess-5:
Traceback (most recent call last):
Traceback (most recent call last):
Traceback (most recent call last):
Traceback (most recent call last):
Traceback (most recent call last):
Traceback (most recent call last):
Traceback (most recent call last):
Traceback (most recent call last):
Traceback (most recent call last):
Traceback (most recent call last):
Traceback (most recent call last):
Traceback (most recent call last):
  File "/Users/robertonavoni/.local/share/uv/python/cpython-3.12.11-macos-aarch64-none/lib/python3.12/multiprocessing/process.py", line 314, in _bootstrap
    self.run()
  File "/Users/robertonavoni/.local/share/uv/python/cpython-3.12.11-macos-aarch64-none/lib/python3.12/multiprocessing/process.py", line 314, in _bootstrap
    self.run()
  File "/Users/robertonavoni/.local/share/uv/python/cpython-3.12.11-macos-aarch64-none/lib/python3.12/multiprocessing/process.py", line 314, in _bootstrap
    self.run()
  File "/Users/robertonavoni/.local/share/uv/python/cpython-3.12.11-macos-aarch64-none/lib/python3.12/multiprocessing/process.py", line 108, in run
    self._target(*self._args, **self._kwargs)
  File "/Users/robertonavoni/.local/share/uv/python/cpython-3.12.11-macos-aarch64-none/lib/python3.12/multiprocessing/process.py", line 108, in run
    self._target(*self._args, **self._kwargs)
  File "/Users/robertonavoni/Desktop/Lavoro/Progetti-2026/Progetti Software/microduck-ap-ppo-sitl/tools/robots/train_velocity.py", line 329, in _worker
    conn.send(_step_envs(envs, data))
  File "/Users/robertonavoni/.local/share/uv/python/cpython-3.12.11-macos-aarch64-none/lib/python3.12/multiprocessing/connection.py", line 206, in send
    self._send_bytes(_ForkingPickler.dumps(obj))
  File "/Users/robertonavoni/.local/share/uv/python/cpython-3.12.11-macos-aarch64-none/lib/python3.12/multiprocessing/process.py", line 314, in _bootstrap
    self.run()
  File "/Users/robertonavoni/.local/share/uv/python/cpython-3.12.11-macos-aarch64-none/lib/python3.12/multiprocessing/process.py", line 314, in _bootstrap
    self.run()
  File "/Users/robertonavoni/.local/share/uv/python/cpython-3.12.11-macos-aarch64-none/lib/python3.12/multiprocessing/process.py", line 314, in _bootstrap
    self.run()
  File "/Users/robertonavoni/.local/share/uv/python/cpython-3.12.11-macos-aarch64-none/lib/python3.12/multiprocessing/process.py", line 108, in run
    self._target(*self._args, **self._kwargs)
  File "/Users/robertonavoni/.local/share/uv/python/cpython-3.12.11-macos-aarch64-none/lib/python3.12/multiprocessing/process.py", line 314, in _bootstrap
    self.run()
  File "/Users/robertonavoni/Desktop/Lavoro/Progetti-2026/Progetti Software/microduck-ap-ppo-sitl/tools/robots/train_velocity.py", line 329, in _worker
    conn.send(_step_envs(envs, data))
  File "/Users/robertonavoni/.local/share/uv/python/cpython-3.12.11-macos-aarch64-none/lib/python3.12/multiprocessing/connection.py", line 427, in _send_bytes
    self._send(header + buf)
  File "/Users/robertonavoni/.local/share/uv/python/cpython-3.12.11-macos-aarch64-none/lib/python3.12/multiprocessing/connection.py", line 206, in send
    self._send_bytes(_ForkingPickler.dumps(obj))
  File "/Users/robertonavoni/Desktop/Lavoro/Progetti-2026/Progetti Software/microduck-ap-ppo-sitl/tools/robots/train_velocity.py", line 329, in _worker
    conn.send(_step_envs(envs, data))
  File "/Users/robertonavoni/.local/share/uv/python/cpython-3.12.11-macos-aarch64-none/lib/python3.12/multiprocessing/process.py", line 108, in run
    self._target(*self._args, **self._kwargs)
  File "/Users/robertonavoni/.local/share/uv/python/cpython-3.12.11-macos-aarch64-none/lib/python3.12/multiprocessing/process.py", line 108, in run
    self._target(*self._args, **self._kwargs)
  File "/Users/robertonavoni/.local/share/uv/python/cpython-3.12.11-macos-aarch64-none/lib/python3.12/multiprocessing/process.py", line 314, in _bootstrap
    self.run()
  File "/Users/robertonavoni/.local/share/uv/python/cpython-3.12.11-macos-aarch64-none/lib/python3.12/multiprocessing/process.py", line 314, in _bootstrap
    self.run()
  File "/Users/robertonavoni/.local/share/uv/python/cpython-3.12.11-macos-aarch64-none/lib/python3.12/multiprocessing/process.py", line 108, in run
    self._target(*self._args, **self._kwargs)
  File "/Users/robertonavoni/.local/share/uv/python/cpython-3.12.11-macos-aarch64-none/lib/python3.12/multiprocessing/connection.py", line 427, in _send_bytes
    self._send(header + buf)
  File "/Users/robertonavoni/.local/share/uv/python/cpython-3.12.11-macos-aarch64-none/lib/python3.12/multiprocessing/connection.py", line 384, in _send
    n = write(self._handle, buf)
        ^^^^^^^^^^^^^^^^^^^^^^^^
  File "/Users/robertonavoni/.local/share/uv/python/cpython-3.12.11-macos-aarch64-none/lib/python3.12/multiprocessing/process.py", line 108, in run
    self._target(*self._args, **self._kwargs)
  File "/Users/robertonavoni/.local/share/uv/python/cpython-3.12.11-macos-aarch64-none/lib/python3.12/multiprocessing/connection.py", line 384, in _send
    n = write(self._handle, buf)
        ^^^^^^^^^^^^^^^^^^^^^^^^
  File "/Users/robertonavoni/Desktop/Lavoro/Progetti-2026/Progetti Software/microduck-ap-ppo-sitl/tools/robots/train_velocity.py", line 329, in _worker
    conn.send(_step_envs(envs, data))
  File "/Users/robertonavoni/.local/share/uv/python/cpython-3.12.11-macos-aarch64-none/lib/python3.12/multiprocessing/process.py", line 314, in _bootstrap
    self.run()
  File "/Users/robertonavoni/.local/share/uv/python/cpython-3.12.11-macos-aarch64-none/lib/python3.12/multiprocessing/process.py", line 314, in _bootstrap
    self.run()
BrokenPipeError: [Errno 32] Broken pipe
  File "/Users/robertonavoni/.local/share/uv/python/cpython-3.12.11-macos-aarch64-none/lib/python3.12/multiprocessing/connection.py", line 206, in send
    self._send_bytes(_ForkingPickler.dumps(obj))
  File "/Users/robertonavoni/Desktop/Lavoro/Progetti-2026/Progetti Software/microduck-ap-ppo-sitl/tools/robots/train_velocity.py", line 329, in _worker
    conn.send(_step_envs(envs, data))
  File "/Users/robertonavoni/.local/share/uv/python/cpython-3.12.11-macos-aarch64-none/lib/python3.12/multiprocessing/process.py", line 108, in run
    self._target(*self._args, **self._kwargs)
  File "/Users/robertonavoni/.local/share/uv/python/cpython-3.12.11-macos-aarch64-none/lib/python3.12/multiprocessing/connection.py", line 206, in send
    self._send_bytes(_ForkingPickler.dumps(obj))
  File "/Users/robertonavoni/.local/share/uv/python/cpython-3.12.11-macos-aarch64-none/lib/python3.12/multiprocessing/connection.py", line 427, in _send_bytes
    self._send(header + buf)
BrokenPipeError: [Errno 32] Broken pipe
  File "/Users/robertonavoni/.local/share/uv/python/cpython-3.12.11-macos-aarch64-none/lib/python3.12/multiprocessing/connection.py", line 206, in send
    self._send_bytes(_ForkingPickler.dumps(obj))
  File "/Users/robertonavoni/.local/share/uv/python/cpython-3.12.11-macos-aarch64-none/lib/python3.12/multiprocessing/process.py", line 108, in run
    self._target(*self._args, **self._kwargs)
  File "/Users/robertonavoni/.local/share/uv/python/cpython-3.12.11-macos-aarch64-none/lib/python3.12/multiprocessing/process.py", line 108, in run
    self._target(*self._args, **self._kwargs)
  File "/Users/robertonavoni/Desktop/Lavoro/Progetti-2026/Progetti Software/microduck-ap-ppo-sitl/tools/robots/train_velocity.py", line 329, in _worker
    conn.send(_step_envs(envs, data))
  File "/Users/robertonavoni/.local/share/uv/python/cpython-3.12.11-macos-aarch64-none/lib/python3.12/multiprocessing/connection.py", line 384, in _send
    n = write(self._handle, buf)
        ^^^^^^^^^^^^^^^^^^^^^^^^
  File "/Users/robertonavoni/.local/share/uv/python/cpython-3.12.11-macos-aarch64-none/lib/python3.12/multiprocessing/process.py", line 108, in run
    self._target(*self._args, **self._kwargs)
BrokenPipeError: [Errno 32] Broken pipe
  File "/Users/robertonavoni/Desktop/Lavoro/Progetti-2026/Progetti Software/microduck-ap-ppo-sitl/tools/robots/train_velocity.py", line 329, in _worker
    conn.send(_step_envs(envs, data))
  File "/Users/robertonavoni/Desktop/Lavoro/Progetti-2026/Progetti Software/microduck-ap-ppo-sitl/tools/robots/train_velocity.py", line 329, in _worker
    conn.send(_step_envs(envs, data))
  File "/Users/robertonavoni/Desktop/Lavoro/Progetti-2026/Progetti Software/microduck-ap-ppo-sitl/tools/robots/train_velocity.py", line 329, in _worker
    conn.send(_step_envs(envs, data))
  File "/Users/robertonavoni/.local/share/uv/python/cpython-3.12.11-macos-aarch64-none/lib/python3.12/multiprocessing/connection.py", line 206, in send
    self._send_bytes(_ForkingPickler.dumps(obj))
  File "/Users/robertonavoni/Desktop/Lavoro/Progetti-2026/Progetti Software/microduck-ap-ppo-sitl/tools/robots/train_velocity.py", line 329, in _worker
    conn.send(_step_envs(envs, data))
  File "/Users/robertonavoni/.local/share/uv/python/cpython-3.12.11-macos-aarch64-none/lib/python3.12/multiprocessing/connection.py", line 206, in send
    self._send_bytes(_ForkingPickler.dumps(obj))
  File "/Users/robertonavoni/Desktop/Lavoro/Progetti-2026/Progetti Software/microduck-ap-ppo-sitl/tools/robots/train_velocity.py", line 329, in _worker
    conn.send(_step_envs(envs, data))
  File "/Users/robertonavoni/.local/share/uv/python/cpython-3.12.11-macos-aarch64-none/lib/python3.12/multiprocessing/connection.py", line 206, in send
    self._send_bytes(_ForkingPickler.dumps(obj))
  File "/Users/robertonavoni/.local/share/uv/python/cpython-3.12.11-macos-aarch64-none/lib/python3.12/multiprocessing/process.py", line 314, in _bootstrap
    self.run()
  File "/Users/robertonavoni/.local/share/uv/python/cpython-3.12.11-macos-aarch64-none/lib/python3.12/multiprocessing/connection.py", line 427, in _send_bytes
    self._send(header + buf)
  File "/Users/robertonavoni/.local/share/uv/python/cpython-3.12.11-macos-aarch64-none/lib/python3.12/multiprocessing/connection.py", line 427, in _send_bytes
    self._send(header + buf)
  File "/Users/robertonavoni/.local/share/uv/python/cpython-3.12.11-macos-aarch64-none/lib/python3.12/multiprocessing/connection.py", line 384, in _send
    n = write(self._handle, buf)
        ^^^^^^^^^^^^^^^^^^^^^^^^
  File "/Users/robertonavoni/.local/share/uv/python/cpython-3.12.11-macos-aarch64-none/lib/python3.12/multiprocessing/connection.py", line 427, in _send_bytes
    self._send(header + buf)
  File "/Users/robertonavoni/.local/share/uv/python/cpython-3.12.11-macos-aarch64-none/lib/python3.12/multiprocessing/connection.py", line 384, in _send
    n = write(self._handle, buf)
        ^^^^^^^^^^^^^^^^^^^^^^^^
BrokenPipeError: [Errno 32] Broken pipe
  File "/Users/robertonavoni/.local/share/uv/python/cpython-3.12.11-macos-aarch64-none/lib/python3.12/multiprocessing/connection.py", line 206, in send
    self._send_bytes(_ForkingPickler.dumps(obj))
  File "/Users/robertonavoni/.local/share/uv/python/cpython-3.12.11-macos-aarch64-none/lib/python3.12/multiprocessing/connection.py", line 384, in _send
    n = write(self._handle, buf)
        ^^^^^^^^^^^^^^^^^^^^^^^^
  File "/Users/robertonavoni/.local/share/uv/python/cpython-3.12.11-macos-aarch64-none/lib/python3.12/multiprocessing/connection.py", line 206, in send
    self._send_bytes(_ForkingPickler.dumps(obj))
BrokenPipeError: [Errno 32] Broken pipe
  File "/Users/robertonavoni/.local/share/uv/python/cpython-3.12.11-macos-aarch64-none/lib/python3.12/multiprocessing/connection.py", line 427, in _send_bytes
    self._send(header + buf)
  File "/Users/robertonavoni/.local/share/uv/python/cpython-3.12.11-macos-aarch64-none/lib/python3.12/multiprocessing/connection.py", line 427, in _send_bytes
    self._send(header + buf)
  File "/Users/robertonavoni/.local/share/uv/python/cpython-3.12.11-macos-aarch64-none/lib/python3.12/multiprocessing/process.py", line 108, in run
    self._target(*self._args, **self._kwargs)
BrokenPipeError: [Errno 32] Broken pipe
  File "/Users/robertonavoni/Desktop/Lavoro/Progetti-2026/Progetti Software/microduck-ap-ppo-sitl/tools/robots/train_velocity.py", line 329, in _worker
    conn.send(_step_envs(envs, data))
  File "/Users/robertonavoni/.local/share/uv/python/cpython-3.12.11-macos-aarch64-none/lib/python3.12/multiprocessing/connection.py", line 427, in _send_bytes
    self._send(header + buf)
  File "/Users/robertonavoni/.local/share/uv/python/cpython-3.12.11-macos-aarch64-none/lib/python3.12/multiprocessing/connection.py", line 427, in _send_bytes
    self._send(header + buf)
  File "/Users/robertonavoni/.local/share/uv/python/cpython-3.12.11-macos-aarch64-none/lib/python3.12/multiprocessing/connection.py", line 206, in send
    self._send_bytes(_ForkingPickler.dumps(obj))
  File "/Users/robertonavoni/.local/share/uv/python/cpython-3.12.11-macos-aarch64-none/lib/python3.12/multiprocessing/connection.py", line 384, in _send
    n = write(self._handle, buf)
        ^^^^^^^^^^^^^^^^^^^^^^^^
  File "/Users/robertonavoni/.local/share/uv/python/cpython-3.12.11-macos-aarch64-none/lib/python3.12/multiprocessing/connection.py", line 384, in _send
    n = write(self._handle, buf)
        ^^^^^^^^^^^^^^^^^^^^^^^^
  File "/Users/robertonavoni/.local/share/uv/python/cpython-3.12.11-macos-aarch64-none/lib/python3.12/multiprocessing/connection.py", line 206, in send
    self._send_bytes(_ForkingPickler.dumps(obj))
BrokenPipeError: [Errno 32] Broken pipe
  File "/Users/robertonavoni/.local/share/uv/python/cpython-3.12.11-macos-aarch64-none/lib/python3.12/multiprocessing/connection.py", line 384, in _send
    n = write(self._handle, buf)
        ^^^^^^^^^^^^^^^^^^^^^^^^
BrokenPipeError: [Errno 32] Broken pipe
  File "/Users/robertonavoni/.local/share/uv/python/cpython-3.12.11-macos-aarch64-none/lib/python3.12/multiprocessing/connection.py", line 384, in _send
    n = write(self._handle, buf)
        ^^^^^^^^^^^^^^^^^^^^^^^^
  File "/Users/robertonavoni/.local/share/uv/python/cpython-3.12.11-macos-aarch64-none/lib/python3.12/multiprocessing/connection.py", line 427, in _send_bytes
    self._send(header + buf)
  File "/Users/robertonavoni/.local/share/uv/python/cpython-3.12.11-macos-aarch64-none/lib/python3.12/multiprocessing/connection.py", line 427, in _send_bytes
    self._send(header + buf)
  File "/Users/robertonavoni/.local/share/uv/python/cpython-3.12.11-macos-aarch64-none/lib/python3.12/multiprocessing/connection.py", line 384, in _send
    n = write(self._handle, buf)
        ^^^^^^^^^^^^^^^^^^^^^^^^
BrokenPipeError: [Errno 32] Broken pipe
BrokenPipeError: [Errno 32] Broken pipe
BrokenPipeError: [Errno 32] Broken pipe
  File "/Users/robertonavoni/.local/share/uv/python/cpython-3.12.11-macos-aarch64-none/lib/python3.12/multiprocessing/connection.py", line 384, in _send
    n = write(self._handle, buf)
        ^^^^^^^^^^^^^^^^^^^^^^^^
BrokenPipeError: [Errno 32] Broken pipe
