iteration,Train/mean_reward,Train/mean_episode_length,Train/mean_step_reward,Episode_Termination/time_out,Episode_Termination/fell_over,Metrics/twist/error_vel_xy,Metrics/twist/error_vel_yaw,Loss/value,Loss/surrogate,Loss/entropy,Loss/learning_rate,Loss/kl,Policy/mean_std,Perf/total_fps,Perf/collection_time,Perf/learning_time,Curriculum/action_rate_weight,Curriculum/standing_envs,Curriculum/penalty_scale,time_s,env_steps,Episode_Reward/track_linear_velocity,Episode_Reward/track_angular_velocity,Episode_Reward/upright,Episode_Reward/pose,Episode_Reward/action_rate_l2,Episode_Reward/alive,Episode_Reward/air_time,Episode_Reward/single_stance,Episode_Reward/foot_lift,Episode_Reward/foot_alternation,Episode_Reward/foot_symmetry,Episode_Reward/foot_clearance,Episode_Reward/foot_swing_height,Episode_Reward/foot_slip,Episode_Reward/trot,Episode_Reward/joint_torque,Episode_Reward/self_collisions,Episode_Reward/dof_pos_limits,Episode_Reward/body_ang_vel,Episode_Reward/angular_momentum,Episode_Reward/pose_l2,Episode_Reward/no_progress,Episode_Reward/joint_vel,Episode_Reward/undesired_contacts,Episode_Reward/base_height,Episode_Reward/three_stance,Episode_Reward/under_stance,Episode_Reward/all_stance,Episode_Reward/footfall_sequence,Episode_Reward/termination
2001,-35.7427,19.45,-0.32872,0,0.833333,0.115664,1.38856,1.25125,-0.0193449,8.70757,0.0002,0.00880787,0.499907,14301.9,0.549478,0.309711,-0.4,0.25,1,0.859374,2.45883e+07,0.0142282,0.000156785,0.00260051,0.000134591,-0.0554151,0.005835,-0.00436,nan,nan,nan,nan,-0.00289635,-0.00248312,-0.0010638,nan,-0.00927025,-0.0006,-0.0090703,-0.0375455,nan,-0.0444324,-0.0397876,-0.0383328,-0.0267,0.00791501,0.0052,-0.0522,-0.0003,0.00125,-1.5
2002,-40.4054,34.7568,-0.465345,0,3.08333,0.151977,1.58018,1.08189,-0.00797394,8.708,0.000133333,0.0230255,0.499954,15599.1,0.53464,0.2531,-0.4,0.25,1,1.64885,2.46006e+07,0.014893,0.000795301,0.006235,0.000253222,-0.0978747,0.010427,-0.00802162,nan,nan,nan,nan,-0.00454546,-0.00706932,-0.00205742,nan,-0.016619,-0.000175676,-0.0154978,-0.0609811,nan,-0.0862434,-0.078047,-0.0683213,-0.0537568,0.0131867,0.0113514,-0.0860541,-0.00135135,0.00709459,-1.5
2003,-46.2272,55.6232,-0.453406,0,2.875,0.153927,1.55896,1.35034,-0.00969833,8.7081,0.000133333,0.015011,0.499913,16131.5,0.50552,0.256222,-0.4,0.25,1,2.41211,2.46129e+07,0.0220299,0.00103979,0.0115722,0.000333392,-0.155667,0.016687,-0.0127986,nan,nan,nan,nan,-0.00539728,-0.0142938,-0.00400429,nan,-0.0265098,-0.000246377,-0.0204254,-0.0923739,nan,-0.136515,-0.132984,-0.107077,-0.092087,0.0220612,0.0202319,-0.12429,-0.00182609,0.0153986,-1.5
2004,-51.1757,71.359,-0.480802,0,3.25,0.148219,1.55689,0.944917,-0.00809425,8.70477,0.000133333,0.0116874,0.499655,14761,0.568555,0.263908,-0.4,0.25,1,3.2461,2.46252e+07,0.0287305,0.000962708,0.0142954,0.000366186,-0.202049,0.0214077,-0.0145897,nan,nan,nan,nan,-0.00679763,-0.0203253,-0.0048111,nan,-0.0341372,-0.000371795,-0.0287096,-0.119137,nan,-0.197055,-0.155296,-0.139222,-0.119731,0.0282802,0.0265128,-0.164923,-0.00210256,0.0219551,-1.5
2005,-55.2601,88.6667,-0.484678,0,3.25,0.145405,1.57487,0.845192,-0.00808673,8.69785,0.000133333,0.0136641,0.49935,15863.5,0.516513,0.258093,-0.4,0.25,1,4.02214,2.46374e+07,0.0362777,0.00170404,0.0180754,0.000451989,-0.249531,0.0266,-0.0174128,nan,nan,nan,nan,-0.00771448,-0.0266515,-0.00632527,nan,-0.0423414,-0.000474359,-0.0324516,-0.138732,nan,-0.240274,-0.179471,-0.169975,-0.148885,0.0347755,0.0353846,-0.200513,-0.00325641,0.0293269,-1.5
2006,-60.4769,105.809,-0.457317,0,2.83333,0.141121,1.58601,0.781345,-0.00896717,8.68935,0.000133333,0.0149018,0.498937,15789.9,0.512569,0.265652,-0.4,0.25,1,4.80162,2.46497e+07,0.0376273,0.00197846,0.022636,0.000521244,-0.296853,0.0317426,-0.0199309,nan,nan,nan,nan,-0.00905199,-0.0313875,-0.00744371,nan,-0.0505234,-0.000279412,-0.0485827,-0.164977,nan,-0.2876,-0.234149,-0.20384,-0.164824,0.0415655,0.041,-0.239294,-0.00291176,0.0400735,-1.5
2007,-63.4674,113.556,-0.470067,0,3,0.143523,1.56361,0.696286,-0.0110451,8.67892,8.88889e-05,0.021415,0.498531,15079.2,0.574231,0.240668,-0.4,0.25,1,5.61773,2.4662e+07,0.0443468,0.00172073,0.0238602,0.00049215,-0.322242,0.0340667,-0.0199819,nan,nan,nan,nan,-0.00908355,-0.0341787,-0.00746094,nan,-0.0543318,-0.000388889,-0.0423098,-0.182429,nan,-0.348162,-0.244427,-0.218646,-0.193958,0.045257,0.043,-0.256222,-0.00313889,0.0335069,-1.5
2008,-61.9718,108.667,-0.494976,0,3.375,0.144521,1.56868,0.588208,-0.00952092,8.67067,8.88889e-05,0.0105013,0.498157,12499.5,0.620678,0.362403,-0.4,0.25,1,6.60207,2.46743e+07,0.0478102,0.00186196,0.0230146,0.000415244,-0.306584,0.0326,-0.0197173,nan,nan,nan,nan,-0.00817522,-0.0300544,-0.00675778,nan,-0.0519464,-0.000358025,-0.0436412,-0.171086,nan,-0.363977,-0.238521,-0.210335,-0.179259,0.0432726,0.0374815,-0.243259,-0.0034321,0.0361111,-1.5
2009,-66.7829,124.014,-0.473438,0,2.875,0.148166,1.57748,0.599372,-0.00657365,8.66015,8.88889e-05,0.00794475,0.497799,11981,0.717997,0.307626,-0.4,0.25,1,7.62931,2.46866e+07,0.0482096,0.00179663,0.0267791,0.000462516,-0.348853,0.0372043,-0.0227493,nan,nan,nan,nan,-0.00973002,-0.0353445,-0.00811096,nan,-0.0589644,-0.00015942,-0.0569958,-0.197575,nan,-0.404548,-0.24864,-0.238745,-0.211174,0.0488977,0.0448116,-0.277797,-0.00397101,0.036413,-1.5
2010,-69.0786,134.197,-0.473559,0,2.95833,0.151588,1.55761,0.552764,-0.0116089,8.65037,8.88889e-05,0.0148002,0.497139,12210.2,0.633957,0.372418,-0.4,0.25,1,8.63698,2.46989e+07,0.0562042,0.00215381,0.0287133,0.000612403,-0.37889,0.0402592,-0.0249239,nan,nan,nan,nan,-0.0104926,-0.0384875,-0.00897593,nan,-0.0643304,-0.00119718,-0.0505337,-0.20713,nan,-0.421631,-0.255887,-0.258754,-0.232183,0.0532281,0.0510986,-0.303718,-0.00428169,0.0427817,-1.5
2011,-65.5899,117.443,-0.44442,0,2.54167,0.147469,1.54632,0.548953,-0.0109035,8.6325,8.88889e-05,0.0178412,0.496526,12209.1,0.681325,0.325136,-0.4,0.25,1,9.64556,2.47112e+07,0.0460344,0.0019988,0.0260528,0.000404122,-0.33332,0.0352328,-0.017159,nan,nan,nan,nan,-0.00735619,-0.0268482,-0.00630966,nan,-0.0560473,-0.000163934,-0.0475995,-0.184571,nan,-0.470962,-0.208915,-0.224232,-0.196377,0.0473973,0.0357377,-0.26741,-0.00321311,0.0336066,-1.5
2012,-72.6463,143.472,-0.474291,0,3,0.148518,1.57166,0.507344,-0.0106972,8.6214,8.88889e-05,0.00761895,0.496165,13084.5,0.596758,0.342368,-0.4,0.25,1,10.5865,2.47235e+07,0.0511124,0.00204185,0.0310069,0.000607536,-0.407632,0.0430417,-0.0255722,nan,nan,nan,nan,-0.0102002,-0.0382026,-0.00943203,nan,-0.0686165,-0.000819444,-0.0541736,-0.227595,nan,-0.475252,-0.312227,-0.276882,-0.236042,0.0571442,0.0530556,-0.323944,-0.00455556,0.0487847,-1.5
2013,-68.5587,128.79,-0.493479,0,3.375,0.148032,1.60143,0.471162,-0.0143086,8.6101,8.88889e-05,0.0180074,0.495523,12200.7,0.639639,0.367517,-0.4,0.25,1,11.595,2.47357e+07,0.0517472,0.00201175,0.0274292,0.000464145,-0.362069,0.038637,-0.0193148,nan,nan,nan,nan,-0.00854939,-0.0313813,-0.00692917,nan,-0.0615301,-0.000580247,-0.0534427,-0.20731,nan,-0.505096,-0.204304,-0.249149,-0.215407,0.051068,0.0404938,-0.288494,-0.00325926,0.0391975,-1.5
2014,-80.7318,171.877,-0.454289,0,2.70833,0.14691,1.60407,0.476751,-0.0142519,8.5936,8.88889e-05,0.0158075,0.494857,11799,0.64322,0.398227,-0.4,0.25,1,12.6382,2.4748e+07,0.0651256,0.00321189,0.037769,0.000641326,-0.486779,0.0515631,-0.0280369,nan,nan,nan,nan,-0.0111076,-0.0439793,-0.00980314,nan,-0.0823251,-0.000553846,-0.0621292,-0.267647,nan,-0.629725,-0.321837,-0.329772,-0.286246,0.0678563,0.0593231,-0.384123,-0.00507692,0.0626923,-1.5
2015,-78.293,164.203,-0.466604,0,2.875,0.150139,1.57027,0.470655,-0.0124261,8.57857,8.88889e-05,0.0159142,0.494328,12347.1,0.671762,0.32345,-0.4,0.25,1,13.6359,2.47603e+07,0.0698605,0.00305785,0.0374053,0.000604782,-0.465967,0.0492609,-0.0277725,nan,nan,nan,nan,-0.010197,-0.0394568,-0.00992176,nan,-0.0785295,-0.000449275,-0.0592192,-0.253373,nan,-0.603011,-0.293533,-0.314739,-0.280391,0.0659812,0.0569855,-0.364174,-0.00518841,0.0570652,-1.5
2016,-80.7282,172,-0.445786,0,2.54167,0.148096,1.57661,0.427302,-0.016159,8.56613,8.88889e-05,0.0186859,0.493835,11603.3,0.674284,0.384721,-0.4,0.25,1,14.6967,2.47726e+07,0.0657862,0.00244497,0.0385766,0.000653074,-0.486522,0.0516,-0.0307311,nan,nan,nan,nan,-0.0116,-0.0492552,-0.0109456,nan,-0.0820648,-0.000557377,-0.0679152,-0.269777,nan,-0.575724,-0.362201,-0.329081,-0.292279,0.0697249,0.0649836,-0.384852,-0.0055082,0.057582,-1.5
2017,-75.3085,153.687,-0.496293,0,3.45833,0.150753,1.52511,0.390161,-0.0162283,8.55434,8.88889e-05,0.0184232,0.493326,12993.3,0.557244,0.388477,-0.4,0.25,1,15.6442,2.47849e+07,0.0545295,0.00225819,0.0344083,0.000591828,-0.436566,0.046106,-0.0251964,nan,nan,nan,nan,-0.0102949,-0.041018,-0.00928381,nan,-0.0734135,-0.000373494,-0.0616741,-0.240263,nan,-0.528897,-0.332263,-0.29401,-0.244843,0.0609852,0.0565301,-0.343422,-0.00378313,0.0524096,-1.5
2018,-73.9185,149.77,-0.473199,0,3.08333,0.147299,1.52303,0.432044,-0.0146218,8.54101,8.88889e-05,0.0125061,0.492731,11851.3,0.684931,0.351914,-0.4,0.25,1,16.6829,2.47972e+07,0.0557389,0.00227357,0.0330122,0.000573278,-0.422112,0.0449311,-0.0243014,nan,nan,nan,nan,-0.00948894,-0.0369743,-0.00874823,nan,-0.0716347,-0.000324324,-0.0557081,-0.23585,nan,-0.530115,-0.264213,-0.287406,-0.256054,0.0602206,0.0482162,-0.33573,-0.00378378,0.0444257,-1.5
2019,-73.9053,147.811,-0.524093,0,3.95833,0.146852,1.53637,0.422071,-0.0134713,8.5284,8.88889e-05,0.0154866,0.492333,12097.9,0.659846,0.355868,-0.4,0.25,1,17.7001,2.48095e+07,0.0554513,0.00194741,0.0321539,0.00052994,-0.419851,0.0443432,-0.0226979,nan,nan,nan,nan,-0.00915462,-0.0351145,-0.0083116,nan,-0.0707451,-0.000789474,-0.0586422,-0.231854,nan,-0.556579,-0.297134,-0.284329,-0.243947,0.0593616,0.0487579,-0.331705,-0.00368421,0.0428947,-1.5
2020,-69.0635,131.147,-0.477838,0,3.125,0.141742,1.56248,0.440348,-0.0160128,8.51576,8.88889e-05,0.0127218,0.491657,12397.4,0.662647,0.328528,-0.4,0.25,1,18.6929,2.48218e+07,0.0518219,0.00230587,0.0283206,0.000566582,-0.371187,0.039344,-0.0215813,nan,nan,nan,nan,-0.00914814,-0.0350266,-0.00809432,nan,-0.0626111,-0.000906667,-0.0513145,-0.206793,nan,-0.44754,-0.280518,-0.250562,-0.226,0.052331,0.0453867,-0.2952,-0.00346667,0.0443333,-1.5
2021,-74.8993,152.547,-0.5048,0,3.58333,0.143718,1.57839,0.465508,-0.0117505,8.50099,8.88889e-05,0.0180496,0.491168,12061.1,0.65518,0.363634,-0.4,0.25,1,19.7131,2.4834e+07,0.05788,0.00263005,0.0338224,0.000599063,-0.432863,0.045764,-0.0224256,nan,nan,nan,nan,-0.00903561,-0.036443,-0.00820778,nan,-0.0731734,-0.000709302,-0.05202,-0.235179,nan,-0.574796,-0.266244,-0.293642,-0.262081,0.0608303,0.0475814,-0.337628,-0.00395349,0.0462209,-1.5
2022,-76.3702,159.149,-0.502745,0,3.625,0.14896,1.5586,0.445055,-0.0121528,8.48955,8.88889e-05,0.012415,0.490672,12201.9,0.636808,0.370248,-0.4,0.25,1,20.7217,2.48463e+07,0.0656674,0.00259289,0.0346505,0.000606644,-0.449243,0.0477448,-0.0255977,nan,nan,nan,nan,-0.0102082,-0.0396093,-0.00903106,nan,-0.0760822,-0.000712644,-0.0572561,-0.246932,nan,-0.570371,-0.246149,-0.304842,-0.26631,0.0636537,0.0496552,-0.357103,-0.00409195,0.0436782,-1.5
2023,-83.0816,178.333,-0.521911,0,4,0.146247,1.54215,0.465817,-0.00979443,8.47752,8.88889e-05,0.0133109,0.490255,11821.9,0.68464,0.354791,-0.4,0.25,1,21.7626,2.48586e+07,0.0697546,0.00253748,0.0399074,0.000618012,-0.504529,0.0535,-0.0257271,nan,nan,nan,nan,-0.00998616,-0.0396127,-0.00941943,nan,-0.0852846,-0.000739583,-0.064402,-0.272659,nan,-0.710887,-0.281183,-0.341036,-0.297375,0.0726278,0.0502917,-0.393208,-0.00458333,0.0416667,-1.5
2024,-66.5973,126.333,-0.548511,0,4.5,0.143479,1.59215,0.438235,-0.0121775,8.46814,8.88889e-05,0.0118754,0.489862,12951.8,0.634294,0.314451,-0.4,0.25,1,22.7133,2.48709e+07,0.0525851,0.00191949,0.0278055,0.000527288,-0.354171,0.0379,-0.0200389,nan,nan,nan,nan,-0.0081614,-0.0309957,-0.00709694,nan,-0.0605107,-0.00062037,-0.0431622,-0.194137,nan,-0.450085,-0.228989,-0.240753,-0.210333,0.0504976,0.0417037,-0.281333,-0.00303704,0.0376157,-1.5
2025,-76.076,156.843,-0.53217,0,4.25,0.144685,1.58313,0.474025,-0.00921057,8.45888,8.88889e-05,0.010982,0.489498,12514.6,0.62981,0.352081,-0.4,0.25,1,23.6967,2.48832e+07,0.0616847,0.00230405,0.0339741,0.000584456,-0.440266,0.0470529,-0.0233912,nan,nan,nan,nan,-0.00945803,-0.0380463,-0.0085298,nan,-0.0749694,-0.000843137,-0.0553627,-0.246107,nan,-0.605107,-0.246186,-0.300372,-0.271382,0.0635395,0.0499608,-0.347529,-0.00356863,0.0454657,-1.5
2026,-66.5524,127.948,-0.516857,0,4,0.147333,1.57632,0.406036,-0.0136976,8.44697,8.88889e-05,0.0176428,0.488925,12324.7,0.648345,0.34868,-0.4,0.25,1,24.6961,2.48955e+07,0.0532879,0.00200267,0.0276828,0.000564502,-0.358074,0.0383844,-0.0217896,nan,nan,nan,nan,-0.00891745,-0.0324168,-0.00777791,nan,-0.0612368,-0.000385417,-0.0444387,-0.197578,nan,-0.426832,-0.21101,-0.245064,-0.215625,0.0516273,0.041,-0.286292,-0.00389583,0.0417969,-1.5
2027,-69.5879,134.142,-0.596589,0,5.29167,0.147881,1.62342,0.48831,-0.013113,8.43392,8.88889e-05,0.0148262,0.488428,12287.6,0.645079,0.354957,-0.4,0.25,1,25.6978,2.49078e+07,0.0541496,0.00187561,0.0286201,0.000560766,-0.376415,0.0402425,-0.0193071,nan,nan,nan,nan,-0.00811262,-0.0301408,-0.00720139,nan,-0.0640757,-0.000740157,-0.049483,-0.211697,nan,-0.500441,-0.2457,-0.256127,-0.22285,0.0542078,0.0419528,-0.303087,-0.00349606,0.0378937,-1.5
2028,-64.0237,114.051,-0.564495,0,4.875,0.14283,1.6108,0.427872,-0.010951,8.42324,8.88889e-05,0.0171007,0.488054,12490,0.646781,0.33705,-0.4,0.25,1,26.6829,2.49201e+07,0.0444848,0.00191358,0.0244239,0.000452723,-0.320526,0.0342154,-0.0148393,nan,nan,nan,nan,-0.00670294,-0.0228507,-0.00537748,nan,-0.0545913,-0.000709402,-0.046203,-0.178544,nan,-0.445793,-0.202772,-0.21775,-0.184359,0.0456072,0.0311453,-0.257299,-0.00252991,0.0254274,-1.5
2029,-70.2598,143.294,-0.549256,0,4.54167,0.146651,1.59796,0.41423,-0.0106658,8.41488,8.88889e-05,0.0151468,0.487769,13230,0.593105,0.335692,-0.4,0.25,1,27.6134,2.49324e+07,0.060171,0.00217419,0.0311244,0.00069066,-0.400385,0.0429881,-0.0255982,nan,nan,nan,nan,-0.0103887,-0.0389737,-0.00927209,nan,-0.0684939,-0.000825688,-0.0538125,-0.223706,nan,-0.428103,-0.259533,-0.272699,-0.238899,0.0582119,0.0554862,-0.319009,-0.00392661,0.0493119,-1.5
2030,-67.6094,129.168,-0.546377,0,4.45833,0.150877,1.58132,0.45084,-0.0141424,8.40781,5.92593e-05,0.0204338,0.487474,13066.2,0.613488,0.326955,-0.4,0.25,1,28.5554,2.49446e+07,0.0525468,0.00222614,0.0278654,0.000582906,-0.361006,0.0387505,-0.0195607,nan,nan,nan,nan,-0.00793998,-0.0309271,-0.00720419,nan,-0.0617684,-0.000588785,-0.0459954,-0.201573,nan,-0.446675,-0.284439,-0.245608,-0.215804,0.0524253,0.0423178,-0.288262,-0.00357009,0.0386682,-1.5
2031,-59.8876,106.966,-0.570047,0,4.91667,0.149434,1.59401,0.46393,-0.00897433,8.40194,5.92593e-05,0.0158369,0.487303,11873.9,0.678989,0.355884,-0.4,0.25,1,29.5916,2.49569e+07,0.0480546,0.00156946,0.0233462,0.00054513,-0.296341,0.0320898,-0.0182169,nan,nan,nan,nan,-0.00691864,-0.0254123,-0.0062218,nan,-0.0510423,-0.000355932,-0.0381888,-0.168845,nan,-0.336333,-0.19632,-0.202072,-0.170695,0.0440168,0.0369153,-0.240339,-0.00254237,0.0340042,-1.5
2032,-58.5227,100.188,-0.55129,0,4.66667,0.143235,1.60921,0.410943,-0.0114655,8.39741,5.92593e-05,0.0147608,0.487109,13120.3,0.595202,0.341363,-0.4,0.25,1,30.5299,2.49692e+07,0.0393933,0.00138443,0.0211459,0.000476442,-0.279239,0.0300562,-0.0158009,nan,nan,nan,nan,-0.00693131,-0.0233717,-0.00574544,nan,-0.0478516,-0.000491071,-0.0405026,-0.155046,nan,-0.333096,-0.170283,-0.18996,-0.156482,0.0404892,0.0307857,-0.22675,-0.00248214,0.0276786,-1.5
2033,-66.9847,131.686,-0.526112,0,4.25,0.145219,1.59378,0.427499,-0.0097444,8.39166,5.92593e-05,0.0138179,0.486806,11404.5,0.682046,0.395428,-0.4,0.25,1,31.6091,2.49815e+07,0.0552073,0.00180316,0.0280798,0.000617299,-0.366987,0.0395059,-0.0212686,nan,nan,nan,nan,-0.00842362,-0.0329362,-0.0076455,nan,-0.0629058,-0.000578431,-0.0465669,-0.205513,nan,-0.429303,-0.214393,-0.24825,-0.220294,0.0535067,0.0441176,-0.292078,-0.0034902,0.0381127,-1.5
2034,-62.0276,113.315,-0.547031,0,4.625,0.146635,1.59468,0.48169,-0.00860222,8.38457,5.92593e-05,0.0127492,0.486599,12301.8,0.668385,0.330497,-0.4,0.25,1,32.6097,2.49938e+07,0.0483431,0.00187162,0.0243508,0.0005354,-0.317443,0.0339946,-0.0154838,nan,nan,nan,nan,-0.00706863,-0.0252343,-0.00564697,nan,-0.0542046,-0.000621622,-0.0437398,-0.177233,nan,-0.404972,-0.157124,-0.215897,-0.173135,0.0447735,0.0302342,-0.254414,-0.00279279,0.0313063,-1.5
2035,-59.1019,104.798,-0.581672,0,5.16667,0.143605,1.59517,0.444768,-0.0127943,8.37838,5.92593e-05,0.0184249,0.486236,13097.4,0.619132,0.319068,-0.4,0.25,1,33.5494,2.50061e+07,0.0445411,0.00148957,0.022674,0.000578981,-0.289969,0.0314395,-0.0168605,nan,nan,nan,nan,-0.00712144,-0.0251821,-0.0060465,nan,-0.05004,-0.000540323,-0.0389639,-0.163438,nan,-0.321261,-0.180932,-0.197325,-0.167323,0.0423908,0.0348387,-0.234935,-0.00290323,0.0318548,-1.5
2036,-61.1366,110.042,-0.513295,0,4,0.143756,1.59565,0.472632,-0.0112614,8.36903,5.92593e-05,0.0100725,0.485885,12288.8,0.612242,0.387696,-0.4,0.25,1,34.5511,2.50184e+07,0.0477476,0.00160311,0.0234535,0.000531703,-0.305751,0.0330125,-0.0153927,nan,nan,nan,nan,-0.00678295,-0.024011,-0.0056528,nan,-0.0526301,-0.000645833,-0.0370283,-0.170831,nan,-0.381142,-0.185075,-0.208208,-0.181937,0.0436488,0.0330833,-0.247458,-0.00233333,0.0309896,-1.5
2037,-60.6578,109.816,-0.58276,0,5.20833,0.145354,1.55235,0.406475,-0.0112271,8.3608,5.92593e-05,0.0181327,0.485586,12077.4,0.646258,0.371177,-0.4,0.25,1,35.57,2.50307e+07,0.0469556,0.00130303,0.0238935,0.000608633,-0.305363,0.0329448,-0.0177168,nan,nan,nan,nan,-0.00729336,-0.0264121,-0.00654863,nan,-0.052431,-0.000816,-0.0395221,-0.176038,nan,-0.334796,-0.19325,-0.208346,-0.178248,0.0446905,0.037568,-0.247744,-0.003072,0.035,-1.5
2038,-63.1719,119.106,-0.555941,0,4.70833,0.145226,1.54539,0.464479,-0.0113497,8.35326,5.92593e-05,0.0127462,0.485257,12480.5,0.658952,0.325627,-0.4,0.25,1,36.5564,2.50429e+07,0.0522045,0.00201492,0.0264272,0.000611582,-0.331245,0.0357319,-0.0167142,nan,nan,nan,nan,-0.00688716,-0.0242427,-0.00607155,nan,-0.05677,-0.000849558,-0.0483557,-0.180657,nan,-0.404873,-0.180652,-0.224169,-0.186903,0.0482715,0.0360708,-0.264956,-0.00284956,0.0251106,-1.5
2039,-60.5604,110.271,-0.567051,0,4.91667,0.143724,1.60395,0.428501,-0.0129211,8.34528,5.92593e-05,0.0133427,0.484974,12462.5,0.661228,0.324769,-0.4,0.25,1,37.544,2.50552e+07,0.0437634,0.00189435,0.0237285,0.000613556,-0.307925,0.0330814,-0.0172907,nan,nan,nan,nan,-0.0074419,-0.0272488,-0.00645208,nan,-0.0526131,-0.000440678,-0.0404655,-0.170707,nan,-0.331896,-0.193712,-0.208798,-0.182415,0.0447334,0.0364068,-0.247661,-0.00328814,0.0368644,-1.5
2040,-59.8,107.466,-0.527665,0,4.29167,0.14196,1.59586,0.42473,-0.0111075,8.33851,5.92593e-05,0.0161715,0.484688,12810.5,0.628682,0.330531,-0.4,0.25,1,38.5045,2.50675e+07,0.0460396,0.00138082,0.0232815,0.000622914,-0.297541,0.0322398,-0.0176573,nan,nan,nan,nan,-0.00742505,-0.0258425,-0.00622431,nan,-0.051259,-0.000271845,-0.0427608,-0.168448,nan,-0.324396,-0.168543,-0.20292,-0.172806,0.0432463,0.0349903,-0.245709,-0.00318447,0.0304612,-1.5
2041,-61.6245,112.327,-0.540329,0,4.45833,0.141487,1.60413,0.49275,-0.0122864,8.33096,5.92593e-05,0.012007,0.48435,12648.8,0.657075,0.314401,-0.4,0.25,1,39.4777,2.50798e+07,0.0469286,0.00161329,0.0247137,0.000533063,-0.311493,0.0336981,-0.0163093,nan,nan,nan,nan,-0.00646115,-0.023075,-0.00587415,nan,-0.0537471,-0.000785047,-0.0393946,-0.172888,nan,-0.389996,-0.187587,-0.212872,-0.17829,0.0463896,0.0334206,-0.250318,-0.00216822,0.0248832,-1.5
2042,-58.1742,101.367,-0.570802,0,5,0.144153,1.59479,0.453193,-0.00953786,8.32219,5.92593e-05,0.010869,0.484007,12476.8,0.634589,0.350275,-0.4,0.25,1,40.464,2.50921e+07,0.0459394,0.00137659,0.0218761,0.000525067,-0.281337,0.03041,-0.0149192,nan,nan,nan,nan,-0.00640419,-0.0213864,-0.00544018,nan,-0.0483857,-0.000841667,-0.0373312,-0.155442,nan,-0.330786,-0.160333,-0.19169,-0.1607,0.0404874,0.0319667,-0.229367,-0.00215,0.0278125,-1.5
2043,-62.6104,118.229,-0.510484,0,4,0.144863,1.61727,0.476604,-0.0094666,8.31461,5.92593e-05,0.0178245,0.483767,13494.2,0.638913,0.271698,-0.4,0.25,1,41.3761,2.51044e+07,0.0498804,0.00199179,0.0255357,0.000628517,-0.329838,0.0354688,-0.0186719,nan,nan,nan,nan,-0.00739736,-0.0270937,-0.00663373,nan,-0.0564947,-0.0005,-0.0447155,-0.182148,nan,-0.376401,-0.187139,-0.223588,-0.186344,0.0481394,0.0376667,-0.263333,-0.00277083,0.0345052,-1.5
2044,-59.5344,106.202,-0.542456,0,4.54167,0.141823,1.5886,0.407937,-0.011875,8.30803,5.92593e-05,0.0125632,0.483461,13323.1,0.59121,0.331096,-0.4,0.25,1,42.2997,2.51167e+07,0.0447741,0.00140205,0.022856,0.000564015,-0.296228,0.0318606,-0.0173688,nan,nan,nan,nan,-0.00699172,-0.0249254,-0.0061422,nan,-0.0508706,-0.000788991,-0.0366758,-0.163315,nan,-0.324986,-0.185926,-0.201876,-0.169541,0.0430808,0.0342385,-0.237358,-0.00269725,0.0309633,-1.5
2045,-60.0123,108.857,-0.531686,0,4.375,0.146833,1.56102,0.404439,-0.0102783,8.30096,5.92593e-05,0.0094876,0.483208,12261.7,0.691351,0.310797,-0.4,0.25,1,43.3032,2.5129e+07,0.0459667,0.00169876,0.0236458,0.000591751,-0.303481,0.0326571,-0.0160324,nan,nan,nan,nan,-0.0076406,-0.0286277,-0.00604656,nan,-0.0520902,-0.00111429,-0.0410665,-0.167737,nan,-0.328304,-0.168401,-0.207594,-0.174543,0.0441081,0.0333714,-0.247924,-0.00293333,0.0355952,-1.5
2046,-64.4758,123.361,-0.514082,0,4.04167,0.148566,1.56559,0.43677,-0.00853838,8.29499,5.92593e-05,0.0118009,0.483009,12827.9,0.625592,0.332321,-0.4,0.25,1,44.2626,2.51412e+07,0.0493578,0.0016973,0.026766,0.000615016,-0.344365,0.0370082,-0.0191804,nan,nan,nan,nan,-0.00804765,-0.031068,-0.00705494,nan,-0.0590642,-0.000639175,-0.037806,-0.191412,nan,-0.383547,-0.215982,-0.232707,-0.208052,0.0499264,0.0385567,-0.275052,-0.00348454,0.0385309,-1.5
2047,-63.9044,122.246,-0.565016,0,4.91667,0.1467,1.5664,0.46367,-0.0110601,8.2889,5.92593e-05,0.0146815,0.482681,13536.5,0.63423,0.273535,-0.4,0.25,1,45.1718,2.51535e+07,0.0476795,0.00178508,0.0263881,0.000657023,-0.340299,0.0366737,-0.0210102,nan,nan,nan,nan,-0.00869431,-0.0323562,-0.00775556,nan,-0.0585511,-0.000737288,-0.0438431,-0.186494,nan,-0.351339,-0.213257,-0.233642,-0.204127,0.048646,0.044339,-0.275051,-0.00330508,0.0356992,-1.5
2048,-60.4572,111.019,-0.527738,0,4.29167,0.147434,1.58551,0.475243,-0.0081122,8.28136,5.92593e-05,0.0104087,0.48244,13106.2,0.601383,0.336192,-0.4,0.25,1,46.1108,2.51658e+07,0.0493621,0.00170469,0.0239746,0.000633157,-0.308551,0.0333058,-0.0170427,nan,nan,nan,nan,-0.00738434,-0.025665,-0.00641925,nan,-0.0529902,-0.00103883,-0.0429599,-0.17157,nan,-0.338095,-0.168092,-0.210622,-0.177874,0.0452746,0.0356893,-0.250291,-0.0028932,0.0360437,-1.5
2049,-62.3902,117.759,-0.56198,0,4.83333,0.14327,1.55664,0.427148,-0.00885472,8.27519,5.92593e-05,0.0107144,0.48215,12725,0.658328,0.307332,-0.4,0.25,1,47.0783,2.51781e+07,0.0475327,0.00188524,0.0250671,0.000651538,-0.326663,0.0353276,-0.0187836,nan,nan,nan,nan,-0.00813306,-0.0290651,-0.00687407,nan,-0.0562922,-0.00105172,-0.0444523,-0.178434,nan,-0.357024,-0.172454,-0.223874,-0.189931,0.0479105,0.0375172,-0.265793,-0.00294828,0.0366379,-1.5
2050,-64.8512,127.519,-0.537633,0.0416667,4.45833,0.145046,1.60153,0.455653,-0.0117158,8.26729,5.92593e-05,0.0155707,0.481844,12135.4,0.631016,0.381562,-0.4,0.25,1,48.0922,2.51904e+07,0.050658,0.00191528,0.027506,0.000706934,-0.35259,0.0382556,-0.0211,nan,nan,nan,nan,-0.00877397,-0.0331662,-0.0076896,nan,-0.0610987,-0.000481481,-0.0412269,-0.198598,nan,-0.370662,-0.224207,-0.242416,-0.216028,0.050549,0.0445926,-0.281778,-0.00346296,0.0428241,-1.5
2051,-60.2589,109.064,-0.541322,0,4.54167,0.143211,1.58301,0.394649,-0.0103506,8.25992,5.92593e-05,0.0145825,0.481546,13218.6,0.645199,0.284399,-0.4,0.25,1,49.0234,2.52027e+07,0.0453317,0.00174595,0.0241316,0.00055287,-0.302075,0.0327193,-0.0160725,nan,nan,nan,nan,-0.00656124,-0.0227413,-0.00579151,nan,-0.0520206,-0.000614679,-0.0385825,-0.168942,nan,-0.364045,-0.161796,-0.205026,-0.176917,0.0437874,0.0346789,-0.241358,-0.00244037,0.0290138,-1.5
2052,-60.1357,110.508,-0.564232,0,4.91667,0.145943,1.58684,0.453634,-0.0103801,8.25196,5.92593e-05,0.0131235,0.481202,12861.6,0.628689,0.326712,-0.4,0.25,1,49.9801,2.5215e+07,0.0445806,0.00151316,0.02418,0.000633688,-0.304386,0.0331525,-0.0176288,nan,nan,nan,nan,-0.00750587,-0.0269288,-0.00649788,nan,-0.0527317,-0.000567797,-0.043404,-0.174237,nan,-0.332246,-0.156873,-0.208105,-0.175195,0.044921,0.0368136,-0.247186,-0.00271186,0.0330508,-1.5
2053,-60.9954,110.029,-0.525313,0,4.25,0.146378,1.56823,0.40162,-0.00938111,8.24368,5.92593e-05,0.0149776,0.48092,12416.3,0.653981,0.335682,-0.4,0.25,1,50.9713,2.52273e+07,0.0471028,0.00185695,0.0240431,0.000534259,-0.303537,0.0330088,-0.0145225,nan,nan,nan,nan,-0.00621313,-0.021738,-0.00524449,nan,-0.052438,-0.00045098,-0.038979,-0.172598,nan,-0.402508,-0.150459,-0.206659,-0.174765,0.0451416,0.0301176,-0.244549,-0.00235294,0.0256127,-1.5
2054,-59.2586,104.7,-0.540683,0,4.58333,0.143685,1.56486,0.43457,-0.0100735,8.23749,5.92593e-05,0.0103839,0.480703,13224.4,0.608759,0.32043,-0.4,0.25,1,51.9019,2.52396e+07,0.0435023,0.00179262,0.0229338,0.000554061,-0.288606,0.03141,-0.0147436,nan,nan,nan,nan,-0.00624687,-0.021297,-0.0053177,nan,-0.0499734,-0.000518182,-0.0423815,-0.159484,nan,-0.34881,-0.165591,-0.197779,-0.161455,0.0420254,0.0307273,-0.237345,-0.0024,0.0269318,-1.5
2055,-59.2292,104.865,-0.524885,0,4.33333,0.141546,1.59529,0.501576,-0.00891202,8.2327,5.92593e-05,0.00808237,0.480544,13853.1,0.596015,0.291007,-0.4,0.25,1,52.7903,2.52518e+07,0.0416852,0.00158874,0.0234628,0.000562078,-0.28849,0.0314596,-0.0153375,nan,nan,nan,nan,-0.00664246,-0.0232867,-0.00552201,nan,-0.0501514,-0.000567308,-0.0356214,-0.159492,nan,-0.336692,-0.190507,-0.198044,-0.170567,0.0430768,0.0324615,-0.235808,-0.00276923,0.0324519,-1.5
2056,-57.0457,100.14,-0.532568,0,4.45833,0.141316,1.58195,0.48299,-0.00854514,8.22888,5.92593e-05,0.0135405,0.480382,12750,0.639071,0.32469,-0.4,0.25,1,53.7554,2.52641e+07,0.0427539,0.0015281,0.0222025,0.000642081,-0.275014,0.0300421,-0.0174495,nan,nan,nan,nan,-0.00709681,-0.0249155,-0.00626598,nan,-0.0476947,-0.000280374,-0.0376919,-0.154577,nan,-0.27655,-0.181657,-0.187734,-0.155439,0.0399559,0.0354393,-0.220785,-0.00280374,0.0371495,-1.5
2057,-60.2925,108.904,-0.551319,0,4.75,0.143493,1.59266,0.453715,-0.0106544,8.22351,5.92593e-05,0.00672194,0.480102,12139.7,0.677721,0.334495,-0.4,0.25,1,54.7692,2.52764e+07,0.0450154,0.00203205,0.0243415,0.000593814,-0.299035,0.0326711,-0.0171921,nan,nan,nan,nan,-0.00688078,-0.0230978,-0.0059034,nan,-0.051919,-0.000710526,-0.0427361,-0.168149,nan,-0.347405,-0.184261,-0.205633,-0.1685,0.0434239,0.0346667,-0.243439,-0.00249123,0.0279605,-1.5
2058,-57.7733,103.121,-0.515381,0,4.125,0.146978,1.58469,0.44254,-0.0108726,8.21594,5.92593e-05,0.0130407,0.4798,12864.7,0.63694,0.31823,-0.4,0.25,1,55.7261,2.52887e+07,0.0449035,0.00204526,0.0225632,0.00060959,-0.283711,0.0309364,-0.0165434,nan,nan,nan,nan,-0.00696702,-0.0237278,-0.00594037,nan,-0.049092,-0.000838384,-0.0391676,-0.159669,nan,-0.30453,-0.1554,-0.192746,-0.160576,0.0410886,0.0337778,-0.23196,-0.00254545,0.0358586,-1.5
2059,-59.3959,107.486,-0.544194,0,4.625,0.146071,1.59727,0.487363,-0.0090925,8.20931,5.92593e-05,0.0135766,0.479599,13462.2,0.593762,0.319018,-0.4,0.25,1,56.6404,2.5301e+07,0.0477503,0.00174098,0.0241986,0.000603458,-0.299139,0.0322459,-0.0158351,nan,nan,nan,nan,-0.00690589,-0.0234738,-0.00575817,nan,-0.051285,-0.000666667,-0.0424846,-0.165869,nan,-0.342219,-0.16068,-0.202354,-0.166405,0.0430385,0.0321441,-0.241297,-0.00295495,0.0381757,-1.5
2060,-59.6395,107.907,-0.539109,0,4.5,0.146608,1.59114,0.463015,-0.00800082,8.20494,5.92593e-05,0.0128492,0.479419,15649.3,0.539675,0.245534,-0.4,0.25,1,57.4275,2.53133e+07,0.0461389,0.00171472,0.0239833,0.000588594,-0.29771,0.0323722,-0.0176528,nan,nan,nan,nan,-0.00695239,-0.0245667,-0.00621346,nan,-0.0513487,-0.00037963,-0.040718,-0.170024,nan,-0.330642,-0.175359,-0.201407,-0.17325,0.0437507,0.036,-0.242852,-0.003,0.031713,-1.5
2061,-64.9121,127,-0.57741,0,5.16667,0.142367,1.55246,0.477343,-0.00916878,8.2002,5.92593e-05,0.011599,0.479237,15448.1,0.544961,0.250478,-0.4,0.25,1,58.2242,2.53256e+07,0.0548036,0.00179466,0.0282925,0.000672517,-0.348995,0.0381,-0.0198758,nan,nan,nan,nan,-0.00804223,-0.0303326,-0.0074017,nan,-0.0606836,-0.000903226,-0.0458679,-0.195106,nan,-0.397001,-0.198416,-0.23923,-0.198097,0.0512676,0.0411935,-0.281452,-0.00301613,0.0358871,-1.5
2062,-60.5254,109.747,-0.517911,0,4.125,0.144425,1.60093,0.41562,-0.0111918,8.19496,5.92593e-05,0.0132939,0.479001,14900.1,0.55872,0.265973,-0.4,0.25,1,59.0505,2.53379e+07,0.0474952,0.00172068,0.0240129,0.000524031,-0.301445,0.0329242,-0.0163475,nan,nan,nan,nan,-0.00616563,-0.0211933,-0.00581609,nan,-0.0522321,-0.000515152,-0.045587,-0.168957,nan,-0.381823,-0.176191,-0.205252,-0.168606,0.0443609,0.0332121,-0.243879,-0.00262626,0.0291667,-1.5
2063,-57.8719,101.732,-0.547486,0,4.66667,0.143289,1.57753,0.413548,-0.00791795,8.18946,5.92593e-05,0.012081,0.478792,15408.2,0.546407,0.251088,-0.4,0.25,1,59.85,2.53501e+07,0.0446109,0.00159703,0.0222967,0.000547432,-0.276823,0.0305196,-0.0158768,nan,nan,nan,nan,-0.00629236,-0.0220578,-0.00564196,nan,-0.0484089,-0.000794643,-0.0362211,-0.156636,nan,-0.322641,-0.175178,-0.189375,-0.159402,0.0412634,0.0318571,-0.226107,-0.00278571,0.0279018,-1.5
2064,-65.1662,128.113,-0.532808,0,4.41667,0.145517,1.59498,0.520319,-0.00935806,8.18388,5.92593e-05,0.0114551,0.478585,15010.1,0.543125,0.275525,-0.4,0.25,1,60.67,2.53624e+07,0.0566789,0.00216126,0.0282416,0.000584979,-0.350739,0.038434,-0.0179245,nan,nan,nan,nan,-0.00749869,-0.0271453,-0.00650229,nan,-0.0612273,-0.000830189,-0.0442151,-0.1955,nan,-0.445778,-0.172562,-0.240856,-0.204368,0.0516028,0.0389434,-0.286038,-0.00313208,0.0372642,-1.5
2065,-64.2652,123,-0.51306,0,4.04167,0.145853,1.59066,0.502583,-0.00988473,8.17857,5.92593e-05,0.0137303,0.478357,14222.2,0.529116,0.334888,-0.4,0.25,1,61.5352,2.53747e+07,0.0563955,0.00174334,0.0277241,0.000530717,-0.338363,0.0369,-0.0177814,nan,nan,nan,nan,-0.00658111,-0.0226379,-0.00611624,nan,-0.0586495,-0.000639175,-0.0432885,-0.185914,nan,-0.446073,-0.166959,-0.230813,-0.19132,0.0502001,0.0358763,-0.273361,-0.00268041,0.0255155,-1.5
2066,-61.2824,113.178,-0.520076,0,4.20833,0.146547,1.5563,0.477154,-0.0104724,8.17252,5.92593e-05,0.0118735,0.478101,11278.3,0.674732,0.414791,-0.4,0.25,1,62.6262,2.5387e+07,0.0431626,0.00201297,0.0249332,0.000624663,-0.309304,0.0339535,-0.0171832,nan,nan,nan,nan,-0.00729833,-0.0260582,-0.00630181,nan,-0.0539349,-0.000633663,-0.0410747,-0.172251,nan,-0.349494,-0.199877,-0.212544,-0.172455,0.0446546,0.0377822,-0.255089,-0.00308911,0.0298267,-1.5
2067,-65.0108,131.011,-0.49877,0,3.875,0.14655,1.57129,0.442357,-0.00760355,8.16664,5.92593e-05,0.00790764,0.477912,11765,0.701054,0.3434,-0.4,0.25,1,63.6729,2.53993e+07,0.0532409,0.00185271,0.0286469,0.000766132,-0.359236,0.0393032,-0.0225172,nan,nan,nan,nan,-0.00917046,-0.034934,-0.00850979,nan,-0.0627139,-0.000548387,-0.0479058,-0.201206,nan,-0.358236,-0.198057,-0.248083,-0.203613,0.0530638,0.0455914,-0.290581,-0.00410753,0.0423387,-1.5
2068,-67.4778,138.372,-0.481436,0,3.58333,0.145932,1.59353,0.406465,-0.00929466,8.16192,5.92593e-05,0.012456,0.477706,11750.2,0.699371,0.346403,-0.4,0.25,1,64.7201,2.54116e+07,0.0538479,0.00237323,0.0313407,0.000739888,-0.375542,0.0415116,-0.0222744,nan,nan,nan,nan,-0.0088504,-0.0342779,-0.00811528,nan,-0.0659053,-0.00055814,-0.0501475,-0.207019,nan,-0.41386,-0.20213,-0.257432,-0.226884,0.0549283,0.0488837,-0.304884,-0.00416279,0.0369186,-1.5
2069,-60.3589,109.844,-0.492264,0,3.75,0.145149,1.60703,0.454535,-0.0108354,8.1553,5.92593e-05,0.0138696,0.477386,13639.9,0.630641,0.270244,-0.4,0.25,1,65.6224,2.54239e+07,0.0457503,0.00158588,0.0239207,0.000593494,-0.298938,0.0329533,-0.0171456,nan,nan,nan,nan,-0.00720697,-0.0251606,-0.00636427,nan,-0.0523822,-0.000511111,-0.0454191,-0.166063,nan,-0.344364,-0.185199,-0.205645,-0.1665,0.0439956,0.0352444,-0.246533,-0.00348889,0.0277778,-1.5
2070,-63.3822,122.182,-0.487452,0,3.66667,0.144352,1.57179,0.47596,-0.0102592,8.14818,5.92593e-05,0.0121692,0.477172,12902.3,0.623666,0.328724,-0.4,0.25,1,66.5768,2.54362e+07,0.0530834,0.00226647,0.0266721,0.000655372,-0.335173,0.0366545,-0.018667,nan,nan,nan,nan,-0.00752752,-0.0272322,-0.00686608,nan,-0.0583162,-0.000840909,-0.0422242,-0.185676,nan,-0.391223,-0.182037,-0.230015,-0.191557,0.0490241,0.0359545,-0.269636,-0.00345455,0.0356534,-1.5
2071,-66.9164,137.053,-0.504548,0,3.95833,0.14652,1.58515,0.47578,-0.0104157,8.14395,5.92593e-05,0.0151426,0.477055,13333.3,0.611802,0.309803,-0.4,0.25,1,67.4997,2.54484e+07,0.0574994,0.00182415,0.0303186,0.000896137,-0.372174,0.0411158,-0.0240263,nan,nan,nan,nan,-0.00968932,-0.0371693,-0.00888032,nan,-0.0654164,-0.000505263,-0.0444386,-0.205148,nan,-0.365984,-0.241907,-0.256549,-0.226768,0.0549797,0.0500211,-0.306021,-0.00397895,0.0428947,-1.5
2072,-69.7491,144.091,-0.488057,0,3.66667,0.14945,1.56681,0.483755,-0.010447,8.1408,5.92593e-05,0.0137344,0.4769,12274.4,0.65544,0.34567,-0.4,0.25,1,68.5026,2.54607e+07,0.0667687,0.0021979,0.0315885,0.000733179,-0.394326,0.0432273,-0.0198352,nan,nan,nan,nan,-0.00833799,-0.0306571,-0.00722474,nan,-0.0688187,-0.000897727,-0.0532954,-0.217579,nan,-0.486729,-0.202515,-0.272289,-0.225239,0.0580086,0.0424545,-0.324227,-0.00347727,0.0323864,-1.5
2073,-62.6871,118.495,-0.511435,0,4.04167,0.147941,1.58992,0.4748,-0.00840026,8.13669,5.92593e-05,0.018115,0.476763,12996.5,0.596167,0.34932,-0.4,0.25,1,69.4494,2.5473e+07,0.0537829,0.00160361,0.0264778,0.000616701,-0.322462,0.0355485,-0.0179361,nan,nan,nan,nan,-0.0070817,-0.0246861,-0.00617522,nan,-0.0565793,-0.000659794,-0.0395868,-0.179983,nan,-0.393203,-0.174577,-0.221906,-0.193361,0.0479504,0.0362062,-0.265773,-0.00296907,0.0326031,-1.5
2074,-62.2239,115.121,-0.515622,0,4.125,0.145404,1.61675,0.500444,-0.0112483,8.13318,5.92593e-05,0.013148,0.476605,12457.2,0.588256,0.398161,-0.4,0.25,1,70.4373,2.54853e+07,0.0499572,0.00177208,0.0251654,0.000553901,-0.312955,0.0345364,-0.0163899,nan,nan,nan,nan,-0.0063796,-0.0241615,-0.00570954,nan,-0.0549917,-0.000575758,-0.0384151,-0.174227,nan,-0.401331,-0.194755,-0.21735,-0.182697,0.0456934,0.0331313,-0.256121,-0.00238384,0.0234848,-1.5
2075,-64.5504,124.333,-0.4606,0,3.25,0.144374,1.58552,0.420314,-0.00904029,8.12879,5.92593e-05,0.0131102,0.476403,13378,0.59657,0.321952,-0.4,0.25,1,71.3577,2.54976e+07,0.049843,0.00205684,0.0267597,0.000656681,-0.339265,0.0373,-0.0182551,nan,nan,nan,nan,-0.00752417,-0.0293728,-0.00672648,nan,-0.059381,-0.000769231,-0.0431624,-0.188392,nan,-0.412573,-0.191868,-0.233891,-0.207154,0.0501766,0.0388205,-0.277179,-0.00341026,0.0341346,-1.5
2076,-70.6092,150.977,-0.486297,0,3.66667,0.147403,1.60105,0.469156,-0.0117554,8.12304,5.92593e-05,0.0160847,0.476167,13416.5,0.649874,0.266015,-0.4,0.25,1,72.2749,2.55099e+07,0.062403,0.00241975,0.0334944,0.000792971,-0.409724,0.0452932,-0.0242568,nan,nan,nan,nan,-0.00962003,-0.0395453,-0.00901591,nan,-0.0719742,-0.000738636,-0.0531003,-0.232389,nan,-0.448862,-0.193129,-0.284001,-0.254795,0.0615149,0.0502273,-0.334864,-0.00420455,0.0463068,-1.5
2077,-65.0666,126.266,-0.501658,0,3.91667,0.144791,1.57239,0.448615,-0.0103754,8.11775,5.92593e-05,0.0117825,0.475989,13487.8,0.61533,0.295716,-0.4,0.25,1,73.1873,2.55222e+07,0.0508408,0.00210626,0.0282919,0.000651452,-0.341986,0.0378798,-0.0182809,nan,nan,nan,nan,-0.00741667,-0.0262076,-0.00664406,nan,-0.0600741,-0.000840426,-0.0496972,-0.192983,nan,-0.429504,-0.17513,-0.236277,-0.20116,0.0509228,0.0370638,-0.28366,-0.00359574,0.0332447,-1.5
2078,-67.6442,138.558,-0.5185,0.0416667,4.29167,0.144665,1.58999,0.537583,-0.00916109,8.11376,5.92593e-05,0.0111367,0.475871,12749.4,0.629174,0.334636,-0.4,0.25,1,74.158,2.55345e+07,0.0541721,0.00229951,0.0310842,0.000731103,-0.376474,0.0415673,-0.0219606,nan,nan,nan,nan,-0.00875785,-0.0329155,-0.00825997,nan,-0.0659422,-0.000596154,-0.050555,-0.210426,nan,-0.422738,-0.219067,-0.259513,-0.222288,0.0550921,0.0471923,-0.307808,-0.00355769,0.0420673,-1.5
2079,-67.4032,140.149,-0.496558,0,3.91667,0.142674,1.56844,0.530809,-0.00938905,8.11004,5.92593e-05,0.016696,0.475649,12430.6,0.667791,0.320735,-0.4,0.25,1,75.1478,2.55468e+07,0.0558321,0.0019624,0.0316536,0.000798435,-0.379909,0.0420447,-0.0214553,nan,nan,nan,nan,-0.00889643,-0.0340481,-0.00798543,nan,-0.066781,-0.00037234,-0.0509584,-0.208062,nan,-0.420129,-0.198898,-0.261125,-0.224457,0.0562151,0.049617,-0.312894,-0.0037234,0.0533245,-1.5
2080,-68.9853,145.025,-0.464763,0,3.33333,0.14078,1.55759,0.453,-0.0107452,8.10336,5.92593e-05,0.0105072,0.475376,12620.5,0.637778,0.335874,-0.4,0.25,1,76.1229,2.5559e+07,0.0550061,0.00246989,0.0331734,0.000841584,-0.395096,0.0435075,-0.02401,nan,nan,nan,nan,-0.00961989,-0.0380895,-0.00906956,nan,-0.069289,-0.0009375,-0.0521126,-0.218594,nan,-0.408506,-0.224184,-0.272297,-0.234412,0.0578747,0.05205,-0.32035,-0.0042,0.0473437,-1.5
2081,-61.5672,118.286,-0.459023,0,3.20833,0.146279,1.52737,0.496822,-0.0100657,8.09677,5.92593e-05,0.00925166,0.475134,12905.2,0.66376,0.288412,-0.4,0.25,1,77.0765,2.55713e+07,0.0583417,0.00179898,0.0262494,0.000691282,-0.321842,0.0354857,-0.0198961,nan,nan,nan,nan,-0.00792734,-0.0291161,-0.00710341,nan,-0.056261,-0.000376623,-0.0454878,-0.178502,nan,-0.340449,-0.177078,-0.219962,-0.187714,0.048176,0.0409351,-0.264623,-0.00355844,0.0376623,-1.5
2082,-65.8127,133.692,-0.532032,0,4.45833,0.14807,1.55739,0.513616,-0.0098101,8.09132,5.92593e-05,0.0152438,0.474959,15202.9,0.558247,0.250021,-0.4,0.25,1,77.8862,2.55836e+07,0.0549559,0.00188222,0.0297731,0.000716215,-0.361565,0.0401075,-0.0219047,nan,nan,nan,nan,-0.00927156,-0.0349394,-0.00801454,nan,-0.0635198,-0.000560748,-0.0553614,-0.203149,nan,-0.393602,-0.177517,-0.249282,-0.209019,0.0537413,0.0435514,-0.298766,-0.0037757,0.0417056,-1.5
2083,-65.7782,135.129,-0.497067,0,3.875,0.146214,1.58449,0.489022,-0.0104057,8.08657,5.92593e-05,0.01587,0.474727,15614.7,0.526792,0.260161,-0.4,0.25,1,78.6746,2.55959e+07,0.0553761,0.00250565,0.031,0.000787332,-0.367993,0.0405387,-0.0238086,nan,nan,nan,nan,-0.008836,-0.0343746,-0.00862497,nan,-0.0643247,-0.000537634,-0.0516935,-0.203819,nan,-0.368152,-0.194845,-0.252092,-0.216129,0.0541214,0.047957,-0.298796,-0.00391398,0.041129,-1.5
2084,-61.218,114.695,-0.413154,0,2.45833,0.144435,1.57731,0.458543,-0.0087735,8.08082,5.92593e-05,0.0129666,0.474548,12750.7,0.581641,0.382069,-0.4,0.25,1,79.6398,2.56082e+07,0.0498411,0.00154198,0.0257682,0.000621563,-0.310759,0.0344085,-0.0193153,nan,nan,nan,nan,-0.00726217,-0.0263174,-0.00684436,nan,-0.054493,-0.000355932,-0.0434988,-0.178548,nan,-0.338375,-0.180003,-0.214765,-0.186153,0.0470402,0.039322,-0.258034,-0.00298305,0.0286017,-1.5
2085,-66.5343,135.619,-0.477891,0,3.5,0.144298,1.58824,0.516881,-0.0117418,8.07595,3.95062e-05,0.0212404,0.474328,10758,0.676117,0.466101,-0.4,0.25,1,80.7842,2.56205e+07,0.0554469,0.002046,0.0302249,0.000802633,-0.370675,0.0406857,-0.0229738,nan,nan,nan,nan,-0.00947872,-0.036256,-0.00846735,nan,-0.0646627,-0.00077381,-0.0520876,-0.201811,nan,-0.392629,-0.194064,-0.255415,-0.214929,0.0546639,0.0491429,-0.304333,-0.004,0.0358631,-1.5
2086,-67.6838,136.87,-0.535048,0,4.5,0.145613,1.54448,0.474975,-0.00861078,8.07119,3.95062e-05,0.0101236,0.474172,12166.8,0.667132,0.34283,-0.4,0.25,1,81.7959,2.56328e+07,0.0541641,0.00219116,0.0316793,0.000650548,-0.372047,0.0410611,-0.0214231,nan,nan,nan,nan,-0.00833622,-0.0316225,-0.00775236,nan,-0.065167,-0.000351852,-0.0497582,-0.207845,nan,-0.443852,-0.215804,-0.256481,-0.221278,0.0538753,0.0448889,-0.30337,-0.00355556,0.0359954,-1.5
2087,-67.9127,141.699,-0.474349,0,3.45833,0.141745,1.53701,0.494079,-0.0082657,8.06644,3.95062e-05,0.0109082,0.473949,13746,0.598951,0.294984,-0.4,0.25,1,82.6919,2.56451e+07,0.0595288,0.00232975,0.0327695,0.000771176,-0.38851,0.0425096,-0.023188,nan,nan,nan,nan,-0.00910256,-0.0353079,-0.00866406,nan,-0.0674014,-0.00026506,-0.0545558,-0.212499,nan,-0.416178,-0.198365,-0.2662,-0.223482,0.0570442,0.0456867,-0.319614,-0.00409639,0.0409639,-1.5
2088,-68.1638,136.682,-0.485882,0,3.66667,0.146068,1.55384,0.479711,-0.00959883,8.06001,3.95062e-05,0.01262,0.473678,15265.8,0.551114,0.253821,-0.4,0.25,1,83.4991,2.56573e+07,0.0558027,0.00200186,0.0311136,0.000673596,-0.370044,0.0410045,-0.019008,nan,nan,nan,nan,-0.00776576,-0.0278308,-0.00693821,nan,-0.0650799,-0.000568182,-0.0509093,-0.207949,nan,-0.478831,-0.212909,-0.255344,-0.213818,0.0560261,0.0400455,-0.307136,-0.00315909,0.0392045,-1.5
2089,-68.3722,143.277,-0.502029,0,3.91667,0.143769,1.55913,0.469061,-0.00715958,8.05412,3.95062e-05,0.010324,0.473498,13224.4,0.552077,0.377114,-0.4,0.25,1,84.4296,2.56696e+07,0.0645462,0.00227211,0.0333223,0.000731475,-0.387726,0.042983,-0.023533,nan,nan,nan,nan,-0.00888582,-0.0334375,-0.0083797,nan,-0.0681966,-0.000595745,-0.058426,-0.210345,nan,-0.441366,-0.195077,-0.265406,-0.215521,0.0578991,0.0467234,-0.316426,-0.0043617,0.043617,-1.5
2090,-64.2201,124.748,-0.523847,0,4.29167,0.144816,1.54184,0.458838,-0.0070723,8.04965,3.95062e-05,0.00797708,0.473304,12013.3,0.685982,0.336887,-0.4,0.25,1,85.4546,2.56819e+07,0.0522205,0.00214346,0.029182,0.00059459,-0.340321,0.0374243,-0.0185252,nan,nan,nan,nan,-0.00719451,-0.0261804,-0.00671741,nan,-0.0593916,-0.000553398,-0.0453672,-0.18408,nan,-0.429324,-0.19575,-0.233174,-0.190165,0.0494211,0.0383301,-0.275806,-0.00341748,0.0348301,-1.5
2091,-71.1962,150.833,-0.460659,0,3.25,0.14306,1.57436,0.432901,-0.00630904,8.04458,3.95062e-05,0.00658052,0.4731,12695,0.644947,0.322991,-0.4,0.25,1,86.4245,2.56942e+07,0.0585719,0.00239196,0.0346408,0.000722229,-0.410234,0.04525,-0.0250192,nan,nan,nan,nan,-0.00965954,-0.0383469,-0.0090571,nan,-0.0719693,-0.000384615,-0.0482251,-0.222617,nan,-0.467126,-0.240022,-0.281028,-0.249577,0.0583772,0.0538974,-0.332308,-0.00428205,0.0469551,-1.5
2092,-68.5795,144.141,-0.457922,0,3.25,0.142858,1.56719,0.509913,-0.00880017,8.03932,3.95062e-05,0.00798497,0.472915,12685.8,0.62639,0.342249,-0.4,0.25,1,87.3946,2.57065e+07,0.0575778,0.00176844,0.0337148,0.000790964,-0.392039,0.0432423,-0.0250795,nan,nan,nan,nan,-0.00946165,-0.0370612,-0.00929916,nan,-0.0688329,-0.000371795,-0.0487087,-0.210986,nan,-0.414658,-0.222566,-0.268805,-0.227077,0.0573435,0.0518462,-0.31759,-0.00430769,0.0387821,-1.5
2093,-63.6334,123.231,-0.492679,0,3.79167,0.147059,1.58945,0.544072,-0.00841712,8.03543,3.95062e-05,0.00645129,0.472792,13846.8,0.581648,0.305776,-0.4,0.25,1,88.2836,2.57188e+07,0.0541055,0.00192451,0.0286563,0.000675014,-0.332866,0.0369692,-0.0203824,nan,nan,nan,nan,-0.00803467,-0.0279298,-0.00709257,nan,-0.0587745,-0.000395604,-0.0444808,-0.185908,nan,-0.374306,-0.203115,-0.229544,-0.192099,0.0481999,0.0410549,-0.273319,-0.00358242,0.0306319,-1.5
2094,-61.2613,112.756,-0.456326,0,3.25,0.146487,1.55593,0.503412,-0.00791578,8.03218,3.95062e-05,0.0122389,0.472646,11566.8,0.646144,0.416203,-0.4,0.25,1,89.3476,2.57311e+07,0.04849,0.00179872,0.0253977,0.000541804,-0.302486,0.0338269,-0.0160962,nan,nan,nan,nan,-0.00687329,-0.0228756,-0.00607593,nan,-0.0536406,-0.000397436,-0.0423762,-0.170838,nan,-0.383621,-0.191837,-0.209873,-0.171346,0.0450757,0.0311282,-0.253385,-0.00323077,0.0266026,-1.5
2095,-67.1634,137.586,-0.480169,0,3.625,0.144794,1.57127,0.461902,-0.00921079,8.02813,3.95062e-05,0.0116222,0.472465,12790.7,0.644624,0.316077,-0.4,0.25,1,90.3099,2.57434e+07,0.0576536,0.00245471,0.0311691,0.000728828,-0.373084,0.0412759,-0.0221379,nan,nan,nan,nan,-0.00863825,-0.0315793,-0.0081448,nan,-0.0654336,-0.000494253,-0.0477911,-0.202585,nan,-0.426278,-0.213333,-0.25585,-0.217759,0.0541587,0.0455632,-0.307632,-0.00331034,0.0413793,-1.5
2096,-68.0815,142.383,-0.498231,0,3.91667,0.143138,1.55881,0.505147,-0.00776413,8.02361,5.92593e-05,0.00390873,0.472316,13323.6,0.597527,0.324746,-0.4,0.25,1,91.2348,2.57556e+07,0.0585972,0.00195636,0.0328938,0.000780823,-0.388253,0.0427149,-0.0228681,nan,nan,nan,nan,-0.00941971,-0.0335811,-0.00866628,nan,-0.0677146,-0.000446809,-0.0579007,-0.214677,nan,-0.424513,-0.192255,-0.264929,-0.214851,0.0566638,0.0482128,-0.318213,-0.00376596,0.0454787,-1.5
2097,-75.096,166.674,-0.477051,0,3.58333,0.144555,1.55652,0.465517,-0.010173,8.01936,5.92593e-05,0.0124188,0.472122,13724.8,0.602017,0.293297,-0.4,0.25,1,92.1318,2.57679e+07,0.0655251,0.00229492,0.0382975,0.000761287,-0.448506,0.0500023,-0.0271186,nan,nan,nan,nan,-0.0103154,-0.0421651,-0.0102008,nan,-0.0793658,-0.0005,-0.0607247,-0.242811,nan,-0.517783,-0.234924,-0.310069,-0.268535,0.0655675,0.0552558,-0.371163,-0.00502326,0.0475291,-1.5
2098,-69.3667,148.625,-0.461125,0.0416667,3.29167,0.147774,1.59544,0.542738,-0.00818626,8.01406,5.92593e-05,0.0106176,0.471899,15754.9,0.509243,0.270706,-0.4,0.25,1,92.9131,2.57802e+07,0.0613981,0.00226463,0.033936,0.00081633,-0.403889,0.0445875,-0.0251837,nan,nan,nan,nan,-0.00963731,-0.0384356,-0.00920589,nan,-0.0709347,-0.0003,-0.0521009,-0.223576,nan,-0.437962,-0.226127,-0.277283,-0.233662,0.0587988,0.052,-0.328,-0.0044,0.0432813,-1.5
2099,-73.8863,162.685,-0.483589,0,3.70833,0.143289,1.54912,0.519502,-0.0101757,8.00862,5.92593e-05,0.0108118,0.471722,16134,0.494517,0.267106,-0.4,0.25,1,93.6761,2.57925e+07,0.0696458,0.00286388,0.0379869,0.000771797,-0.436398,0.0488056,-0.0259742,nan,nan,nan,nan,-0.00916291,-0.0349122,-0.00922175,nan,-0.0770043,-0.00101124,-0.0575287,-0.243405,nan,-0.525657,-0.227285,-0.298326,-0.266157,0.0657613,0.0526292,-0.35582,-0.00402247,0.0480337,-1.5
2100,-64.3341,126.74,-0.44362,0,3.04167,0.144588,1.56304,0.480095,-0.00934829,8.00506,5.92593e-05,0.0131936,0.471617,13557.2,0.550897,0.355487,-0.4,0.25,1,94.5838,2.58048e+07,0.0534693,0.00202048,0.028868,0.000731284,-0.338553,0.0380219,-0.0221918,nan,nan,nan,nan,-0.00801868,-0.0297342,-0.00768103,nan,-0.0602108,-0.000575342,-0.0426777,-0.185409,nan,-0.38448,-0.201671,-0.235376,-0.208603,0.0502528,0.0451507,-0.281315,-0.00372603,0.0335616,-1.5
2101,-72.122,157.127,-0.45867,0,3.29167,0.146119,1.57858,0.489476,-0.00891817,8.00159,5.92593e-05,0.0127982,0.471414,15218.4,0.541671,0.265774,-0.4,0.25,1,97.3387,2.58171e+07,0.0578076,0.00258826,0.0361162,0.000836929,-0.420633,0.047138,-0.0295544,nan,nan,nan,nan,-0.0106394,-0.0411099,-0.0104911,nan,-0.0746359,-0.000962025,-0.0614148,-0.229982,nan,-0.416832,-0.275452,-0.291218,-0.252949,0.0622729,0.0592405,-0.346481,-0.00491139,0.0533228,-1.5
2102,-68.0731,145.222,-0.530974,0,4.5,0.147693,1.55052,0.586105,-0.0102526,7.996,5.92593e-05,0.0137608,0.471242,16724.6,0.496114,0.238613,-0.4,0.25,1,98.0749,2.58294e+07,0.0592705,0.00248004,0.0338285,0.00084277,-0.389725,0.0435667,-0.0266694,nan,nan,nan,nan,-0.00998101,-0.0381355,-0.00960108,nan,-0.0690043,-0.000481481,-0.0566142,-0.214503,nan,-0.393083,-0.223662,-0.268043,-0.220722,0.0576494,0.0552593,-0.322667,-0.0045,0.0494213,-1.5
2103,-64.8351,132.196,-0.517868,0,4.25,0.141577,1.56334,0.519799,-0.009629,7.99204,5.92593e-05,0.00803186,0.471077,16746.1,0.493939,0.239845,-0.4,0.25,1,98.81,2.58417e+07,0.0571103,0.00185003,0.0305613,0.000795646,-0.353068,0.0396588,-0.0238363,nan,nan,nan,nan,-0.00878324,-0.0324282,-0.0085391,nan,-0.062625,-0.000696078,-0.0553272,-0.199088,nan,-0.36215,-0.210557,-0.24477,-0.195794,0.0522065,0.0475686,-0.295137,-0.00419608,0.0400735,-1.5
2104,-60.8328,116.484,-0.501935,0,3.95833,0.143609,1.55201,0.526945,-0.00874379,7.98794,5.92593e-05,0.00828273,0.470939,16858.8,0.490864,0.238013,-0.4,0.25,1,99.5403,2.5854e+07,0.0489822,0.00182711,0.0270249,0.000599149,-0.311287,0.0349453,-0.0196021,nan,nan,nan,nan,-0.00745292,-0.0262077,-0.00691167,nan,-0.0553356,-0.000305263,-0.0459624,-0.17224,nan,-0.35503,-0.15609,-0.215142,-0.181705,0.0465484,0.0379368,-0.256505,-0.00330526,0.0357895,-1.5
2105,-65.3509,133.548,-0.496993,0,3.875,0.141689,1.52106,0.443367,-0.00929335,7.98431,5.92593e-05,0.0173475,0.470784,12919.3,0.559838,0.391295,-0.4,0.25,1,100.493,2.58662e+07,0.0543402,0.00184679,0.030874,0.000769371,-0.355366,0.0400645,-0.0219075,nan,nan,nan,nan,-0.00872339,-0.031919,-0.00810687,nan,-0.0632687,-7.52688e-05,-0.0523834,-0.195912,nan,-0.383432,-0.194507,-0.245357,-0.204032,0.0519799,0.0447312,-0.302237,-0.00404301,0.0393817,-1.5
2106,-65.0839,128.796,-0.497403,0,3.875,0.144406,1.56952,0.531288,-0.00980667,7.97993,5.92593e-05,0.0191729,0.470605,12313.1,0.635562,0.362396,-0.4,0.25,1,101.493,2.58785e+07,0.0508297,0.00201602,0.0300037,0.000703071,-0.345243,0.0386387,-0.0214269,nan,nan,nan,nan,-0.00762745,-0.0272329,-0.00726889,nan,-0.0612685,-0.00111828,-0.0490065,-0.194921,nan,-0.400782,-0.211511,-0.238491,-0.191452,0.0519219,0.0412473,-0.283398,-0.00348387,0.0337366,-1.5
2107,-69.1385,144.52,-0.449524,0,3.125,0.142144,1.52828,0.495753,-0.0117219,7.97552,5.92593e-05,0.0137712,0.470451,13160.8,0.578585,0.355096,-0.4,0.25,1,102.428,2.58908e+07,0.0609271,0.00205219,0.0329159,0.00077338,-0.384468,0.043356,-0.023088,nan,nan,nan,nan,-0.00923211,-0.0344316,-0.00847373,nan,-0.0685246,-0.00052,-0.0613288,-0.220495,nan,-0.433228,-0.25537,-0.267076,-0.22372,0.0566758,0.0500267,-0.322773,-0.00442667,0.042,-1.5
2108,-67.5913,140.848,-0.506982,0,4.125,0.14384,1.5314,0.532068,-0.0114735,7.97058,5.92593e-05,0.0095664,0.470191,13615.4,0.612335,0.290172,-0.4,0.25,1,103.332,2.59031e+07,0.0588943,0.00232453,0.0318817,0.000781449,-0.375902,0.0422545,-0.0218576,nan,nan,nan,nan,-0.00877837,-0.0336016,-0.00815043,nan,-0.0667965,-0.000505051,-0.0532618,-0.208494,nan,-0.421405,-0.219369,-0.258574,-0.214606,0.0569795,0.0472727,-0.312566,-0.00365657,0.0410354,-1.5
2109,-65.5177,133.821,-0.501656,0,3.95833,0.144897,1.548,0.532067,-0.010314,7.96384,5.92593e-05,0.0133781,0.469963,13640.3,0.563231,0.337627,-0.4,0.25,1,104.234,2.59154e+07,0.0581595,0.00228027,0.030585,0.000725719,-0.355133,0.0401463,-0.0221316,nan,nan,nan,nan,-0.00859242,-0.0318197,-0.00831136,nan,-0.0634105,-0.000263158,-0.057034,-0.201385,nan,-0.400775,-0.184584,-0.246611,-0.204947,0.0531661,0.0456,-0.296547,-0.00378947,0.0438158,-1.5
2110,-64.0734,125.023,-0.481834,0,3.66667,0.143019,1.54113,0.495622,-0.00909067,7.95884,5.92593e-05,0.0131213,0.469799,12530.4,0.600484,0.380173,-0.4,0.25,1,105.216,2.59277e+07,0.0553707,0.00201099,0.0285142,0.000655755,-0.328366,0.0375068,-0.0177273,nan,nan,nan,nan,-0.0077037,-0.0263604,-0.00658335,nan,-0.0591342,-0.000704545,-0.0540304,-0.189707,nan,-0.403714,-0.210951,-0.231494,-0.180989,0.0501148,0.0375,-0.279273,-0.00302273,0.0316761,-1.5
2111,-57.8793,102.174,-0.477246,0,3.58333,0.144315,1.53279,0.565157,-0.009118,7.95504,5.92593e-05,0.0141715,0.469663,13249.9,0.584756,0.342645,-0.4,0.25,1,106.146,2.594e+07,0.0429916,0.00170136,0.0232053,0.000478279,-0.269802,0.0306523,-0.0153733,nan,nan,nan,nan,-0.00629564,-0.0223509,-0.00551545,nan,-0.0483602,-0.000337209,-0.038244,-0.159939,nan,-0.336065,-0.150201,-0.189329,-0.156314,0.0397815,0.029907,-0.226884,-0.00211628,0.0242733,-1.5
2112,-69.1787,149.368,-0.478832,0,3.625,0.144296,1.53538,0.513625,-0.0112768,7.9505,5.92593e-05,0.0116893,0.469445,14734.3,0.547777,0.286198,-0.4,0.25,1,106.982,2.59523e+07,0.062231,0.00228929,0.0350663,0.000897438,-0.392665,0.0448103,-0.0266862,nan,nan,nan,nan,-0.00963175,-0.0361939,-0.00931133,nan,-0.0707969,-0.000413793,-0.0543301,-0.219942,nan,-0.411993,-0.230725,-0.27433,-0.24069,0.0602733,0.0533793,-0.331402,-0.00450575,0.0533046,-1.5
2113,-63.6041,124.131,-0.475217,0,3.5,0.146883,1.52919,0.536316,-0.010055,7.94484,5.92593e-05,0.0132855,0.469245,16347.4,0.507526,0.244155,-0.4,0.25,1,107.735,2.59645e+07,0.0518804,0.00173958,0.0282038,0.000606839,-0.329164,0.0372393,-0.018081,nan,nan,nan,nan,-0.00722407,-0.0258741,-0.00640865,nan,-0.0589667,-0.000690476,-0.050145,-0.186034,nan,-0.415424,-0.166762,-0.229871,-0.181893,0.0480027,0.0371905,-0.278762,-0.00285714,0.0313988,-1.5
2114,-71.5334,154.953,-0.424878,0,2.66667,0.142466,1.56384,0.462752,-0.0113853,7.93953,5.92593e-05,0.012779,0.469012,16172.4,0.520584,0.23923,-0.4,0.25,1,108.496,2.59768e+07,0.0599464,0.00267041,0.0352847,0.000903786,-0.409545,0.0464859,-0.0263844,nan,nan,nan,nan,-0.0099411,-0.0385921,-0.00961163,nan,-0.0733905,-0.00065625,-0.0559438,-0.233397,nan,-0.433014,-0.27758,-0.285387,-0.238219,0.0611013,0.05175,-0.341687,-0.00425,0.0550781,-1.5
2115,-68.8739,144.663,-0.478948,0,3.58333,0.143745,1.55359,0.501053,-0.00926675,7.93291,5.92593e-05,0.0117952,0.468725,13436.4,0.565606,0.348927,-0.4,0.25,1,109.412,2.59891e+07,0.0594792,0.00251672,0.0332354,0.000804677,-0.383076,0.0433988,-0.0213919,nan,nan,nan,nan,-0.00904093,-0.0317661,-0.0080485,nan,-0.0685578,-0.00044186,-0.0569977,-0.211366,nan,-0.435817,-0.224474,-0.267719,-0.228314,0.0561161,0.0453488,-0.323209,-0.00423256,0.0428779,-1.5
2116,-76.5609,166.432,-0.44989,0,3.08333,0.141413,1.54739,0.472147,-0.0107238,7.92571,5.92593e-05,0.00922945,0.468485,12596.1,0.605149,0.370393,-0.4,0.25,1,110.389,2.60014e+07,0.0675599,0.00268474,0.0395271,0.000684918,-0.442281,0.0499297,-0.0216919,nan,nan,nan,nan,-0.00761193,-0.0294412,-0.00759446,nan,-0.0791595,-0.000837838,-0.0564449,-0.247697,nan,-0.630759,-0.234835,-0.307089,-0.266797,0.0672077,0.045027,-0.367189,-0.00402703,0.0361486,-1.5
2117,-77.1756,172.377,-0.45814,0,3.20833,0.148669,1.51602,0.468129,-0.00942289,7.92056,5.92593e-05,0.0143921,0.468335,12865.2,0.598582,0.356554,-0.4,0.25,1,111.346,2.60137e+07,0.066597,0.00302147,0.0406455,0.000760219,-0.453868,0.051713,-0.0252961,nan,nan,nan,nan,-0.00909132,-0.0360065,-0.00907057,nan,-0.0818497,-0.000792208,-0.0605276,-0.256776,nan,-0.60114,-0.240738,-0.319696,-0.275532,0.0689635,0.0556883,-0.379013,-0.00438961,0.0482143,-1.5
2118,-73.5143,163.364,-0.456956,0,3.20833,0.144668,1.53618,0.514178,-0.00851344,7.91694,5.92593e-05,0.0112198,0.468186,14382.4,0.58471,0.269666,-0.4,0.25,1,112.202,2.6026e+07,0.0609491,0.00259984,0.0388868,0.000900658,-0.430392,0.0490091,-0.0254818,nan,nan,nan,nan,-0.00958855,-0.0365507,-0.00960368,nan,-0.0775871,-0.000272727,-0.0607305,-0.243522,nan,-0.506644,-0.236715,-0.302645,-0.255545,0.0651339,0.0553247,-0.362338,-0.00431169,0.0457792,-1.5
2119,-72.2832,159.424,-0.476394,0,3.54167,0.14338,1.55906,0.496009,-0.00831407,7.9123,5.92593e-05,0.0136646,0.467959,16090.6,0.52141,0.242265,-0.4,0.25,1,112.967,2.60383e+07,0.0666299,0.00254909,0.0380894,0.000846484,-0.419576,0.0478271,-0.0246118,nan,nan,nan,nan,-0.00903274,-0.0316198,-0.00891147,nan,-0.075583,-0.000411765,-0.0623487,-0.232417,nan,-0.502846,-0.232101,-0.294034,-0.232941,0.0650221,0.0516235,-0.354447,-0.00423529,0.0410294,-1.5
2120,-64.5276,130.447,-0.475856,0,3.54167,0.145082,1.55447,0.552842,-0.0104717,7.90582,5.92593e-05,0.0170305,0.467714,14638.5,0.507649,0.331779,-0.4,0.25,1,113.808,2.60506e+07,0.0601229,0.00219315,0.0303098,0.000681723,-0.343885,0.0391341,-0.0201235,nan,nan,nan,nan,-0.0077217,-0.0273177,-0.00718115,nan,-0.0618045,-0.000458824,-0.0571044,-0.195279,nan,-0.413742,-0.197609,-0.240781,-0.190024,0.0522883,0.0417412,-0.287953,-0.00275294,0.0404412,-1.5
2121,-70.5276,149.012,-0.468287,0,3.375,0.145904,1.55451,0.486586,-0.010355,7.899,5.92593e-05,0.00903999,0.467422,12866.4,0.600146,0.354898,-0.4,0.25,1,114.767,2.60628e+07,0.0647258,0.0023075,0.0347165,0.000738094,-0.394621,0.0447037,-0.0242815,nan,nan,nan,nan,-0.00885555,-0.034215,-0.00849829,nan,-0.0708713,-0.00145679,-0.0522223,-0.222295,nan,-0.472087,-0.240995,-0.274266,-0.239815,0.0596102,0.0504691,-0.329037,-0.0051358,0.0354938,-1.5
2122,-69.3639,143.544,-0.461371,0,3.29167,0.144697,1.53559,0.47145,-0.00744932,7.89263,5.92593e-05,0.00909405,0.467264,13222.9,0.598542,0.330754,-0.4,0.25,1,115.698,2.60751e+07,0.0571419,0.00277331,0.0328637,0.000785418,-0.376285,0.0430633,-0.0188747,nan,nan,nan,nan,-0.00783303,-0.0292224,-0.00728632,nan,-0.0681267,-0.000683544,-0.057193,-0.2165,nan,-0.49817,-0.241748,-0.265313,-0.211709,0.0572396,0.0388861,-0.321468,-0.00318987,0.0400316,-1.5
2123,-67.4269,139.268,-0.469362,0,3.41667,0.142778,1.56205,0.529861,-0.00888383,7.88961,5.92593e-05,0.00851849,0.467173,12763.1,0.583084,0.379689,-0.4,0.25,1,116.662,2.60874e+07,0.0588932,0.00201059,0.0324805,0.000704685,-0.365487,0.0417805,-0.0202732,nan,nan,nan,nan,-0.00787044,-0.0299234,-0.00741322,nan,-0.0660685,-0.000390244,-0.0557323,-0.206131,nan,-0.450143,-0.212802,-0.257235,-0.211939,0.0560931,0.0419024,-0.310244,-0.00363415,0.0455793,-1.5
2124,-69.7444,151.974,-0.458338,0,3.20833,0.144918,1.53089,0.421774,-0.0112457,7.88651,5.92593e-05,0.0146608,0.467001,15304.3,0.550975,0.251934,-0.4,0.25,1,117.467,2.60997e+07,0.0662672,0.00259827,0.0352405,0.000909894,-0.399739,0.0455922,-0.0249377,nan,nan,nan,nan,-0.00888374,-0.0331663,-0.00881012,nan,-0.0721638,-0.000831169,-0.0580698,-0.228214,nan,-0.441198,-0.219644,-0.279434,-0.229169,0.0602985,0.0503896,-0.33974,-0.00449351,0.0457792,-1.5
2125,-64.8656,134.313,-0.426253,0.0416667,2.75,0.145622,1.53699,0.495362,-0.00831541,7.8814,5.92593e-05,0.00747419,0.466795,15487.4,0.534265,0.259154,-0.4,0.25,1,118.262,2.6112e+07,0.0540049,0.00185529,0.0307985,0.000857244,-0.353762,0.040294,-0.025103,nan,nan,nan,nan,-0.00876422,-0.03201,-0.00872663,nan,-0.0635223,-0.00146269,-0.0516574,-0.202193,nan,-0.356564,-0.21481,-0.247361,-0.207,0.0555126,0.0486567,-0.294448,-0.00414925,0.0386194,-1.5
2126,-63.1567,124.269,-0.430311,0,2.79167,0.145949,1.55061,0.512278,-0.0105493,7.87655,5.92593e-05,0.0131708,0.46666,15587.4,0.518751,0.269577,-0.4,0.25,1,119.051,2.61243e+07,0.0534663,0.00204784,0.0286617,0.000706127,-0.329091,0.0372806,-0.0218358,nan,nan,nan,nan,-0.00801468,-0.0293671,-0.00751318,nan,-0.0588351,-0.000477612,-0.0485644,-0.186455,nan,-0.350049,-0.207658,-0.228227,-0.201448,0.051194,0.040597,-0.277731,-0.0040597,0.0410448,-1.5
2127,-76.9506,173.724,-0.4545,0,3.16667,0.141436,1.5315,0.452856,-0.010667,7.87335,5.92593e-05,0.0133094,0.466525,15578.1,0.542281,0.246521,-0.4,0.25,1,119.842,2.61366e+07,0.0747535,0.00285359,0.0412869,0.000851377,-0.45699,0.0521171,-0.0260763,nan,nan,nan,nan,-0.00952566,-0.0352124,-0.00924848,nan,-0.0823043,-0.000552632,-0.070642,-0.25574,nan,-0.581366,-0.249991,-0.319022,-0.2685,0.0694131,0.0550526,-0.383421,-0.00447368,0.0467105,-1.5
2128,-70.8086,153.314,-0.474022,0,3.58333,0.142471,1.52458,0.460545,-0.00797115,7.86985,5.92593e-05,0.0102523,0.466397,15479.6,0.532478,0.261341,-0.4,0.25,1,120.637,2.61489e+07,0.0641679,0.00236124,0.0350819,0.000838407,-0.403458,0.0459942,-0.0261709,nan,nan,nan,nan,-0.00919903,-0.0357339,-0.00907613,nan,-0.0727806,-0.000534884,-0.0575002,-0.230255,nan,-0.459851,-0.234518,-0.282593,-0.236791,0.0619512,0.052,-0.338512,-0.00439535,0.0412791,-1.5
2129,-77.2057,174.72,-0.44904,0,3.125,0.141696,1.54134,0.460772,-0.0102187,7.86618,5.92593e-05,0.0138078,0.466231,16652.5,0.494072,0.243835,-0.4,0.25,1,121.376,2.61612e+07,0.0685278,0.00263018,0.0411256,0.000858568,-0.457658,0.052416,-0.0291133,nan,nan,nan,nan,-0.0095928,-0.0370899,-0.00998049,nan,-0.0827268,-0.000466667,-0.0658662,-0.256514,nan,-0.546178,-0.28103,-0.322208,-0.28132,0.0704551,0.05824,-0.38384,-0.00498667,0.0503333,-1.5
2130,-67.6821,142.575,-0.464224,0,3.33333,0.141112,1.54414,0.529358,-0.0100294,7.86077,5.92593e-05,0.0144281,0.465988,16744.2,0.491807,0.242061,-0.4,0.25,1,122.112,2.61734e+07,0.0595657,0.00235949,0.0335376,0.000879931,-0.373238,0.0427725,-0.0262913,nan,nan,nan,nan,-0.00899331,-0.0329527,-0.00889738,nan,-0.0676549,-0.000475,-0.0527796,-0.211598,nan,-0.389497,-0.244253,-0.261637,-0.217537,0.058542,0.051,-0.3122,-0.004375,0.036875,-1.5
2131,-73.8775,164.64,-0.451359,0,3.125,0.143947,1.54843,0.474758,-0.011503,7.85496,5.92593e-05,0.0103985,0.465807,16074,0.501775,0.262687,-0.4,0.25,1,122.878,2.61857e+07,0.069246,0.00292143,0.0382735,0.000898746,-0.429681,0.049392,-0.0288227,nan,nan,nan,nan,-0.00976144,-0.0385031,-0.00986557,nan,-0.0779157,-0.00036,-0.0690776,-0.243902,nan,-0.491914,-0.281902,-0.301829,-0.25592,0.0655019,0.05824,-0.36176,-0.00464,0.0523333,-1.5
2132,-76.9422,178.133,-0.470803,0,3.45833,0.141173,1.54652,0.577598,-0.00800687,7.85133,5.92593e-05,0.00972673,0.465714,16578.5,0.497894,0.243309,-0.4,0.25,1,123.62,2.6198e+07,0.0739094,0.00271385,0.0409267,0.000971596,-0.464798,0.0534398,-0.0299313,nan,nan,nan,nan,-0.0108673,-0.0397586,-0.010545,nan,-0.0843357,-0.000493976,-0.0708384,-0.263528,nan,-0.521237,-0.276746,-0.324791,-0.270651,0.0728248,0.0607229,-0.390795,-0.0046747,0.0513554,-1.5
2133,-78.0356,180.09,-0.487167,0,3.70833,0.142475,1.53546,0.568742,-0.00714759,7.84865,5.92593e-05,0.00703005,0.465553,16204.4,0.515273,0.243041,-0.4,0.25,1,124.38,2.62103e+07,0.0699996,0.00316126,0.0421591,0.00104427,-0.471917,0.054027,-0.0316112,nan,nan,nan,nan,-0.0108297,-0.0424011,-0.0113715,nan,-0.0850938,-0.000674157,-0.0744031,-0.264127,nan,-0.518154,-0.325666,-0.328567,-0.276809,0.0741725,0.064764,-0.394787,-0.00503371,0.0608146,-1.5
2134,-64.9942,135.173,-0.44795,0,3.125,0.14556,1.55615,0.490899,-0.0103244,7.84319,5.92593e-05,0.015913,0.465326,16609.6,0.493138,0.246675,-0.4,0.25,1,125.121,2.62226e+07,0.0576714,0.00200796,0.0303655,0.000873187,-0.354856,0.040552,-0.0236933,nan,nan,nan,nan,-0.00942906,-0.0335314,-0.00837169,nan,-0.0639674,-0.000733333,-0.0551165,-0.20205,nan,-0.355945,-0.208203,-0.246677,-0.20996,0.0548921,0.0480533,-0.297173,-0.00456,0.0485,-1.5
2135,-72.8202,162.273,-0.480678,0.0416667,3.625,0.14149,1.57472,0.549233,-0.0119068,7.8374,3.95062e-05,0.0201582,0.465109,16468.6,0.49494,0.251207,-0.4,0.25,1,125.869,2.62349e+07,0.0696691,0.00262085,0.0369693,0.000860802,-0.423526,0.0486818,-0.0249761,nan,nan,nan,nan,-0.00942055,-0.0335901,-0.00916146,nan,-0.0768631,-0.000738636,-0.0617076,-0.233635,nan,-0.512617,-0.241551,-0.296351,-0.251523,0.0663431,0.0536818,-0.358091,-0.00447727,0.0464489,-1.5
2136,-62.8429,122.412,-0.464638,0,3.33333,0.142662,1.54386,0.532959,-0.00800277,7.83344,3.95062e-05,0.00960194,0.465034,16662.8,0.492812,0.244639,-0.4,0.25,1,126.608,2.62472e+07,0.0539102,0.00222323,0.0284227,0.000666095,-0.31819,0.0367237,-0.01983,nan,nan,nan,nan,-0.00718917,-0.0257154,-0.00682989,nan,-0.0578676,-0.0003,-0.0415752,-0.185382,nan,-0.376357,-0.221761,-0.223849,-0.192637,0.0486018,0.0389,-0.2686,-0.003175,0.0339062,-1.5
2137,-74.9525,165.213,-0.465878,0,3.33333,0.144121,1.50937,0.471637,-0.00885579,7.83081,3.95062e-05,0.0101498,0.464868,16548.3,0.494511,0.248045,-0.4,0.25,1,127.352,2.62595e+07,0.066508,0.00275717,0.0382625,0.000872211,-0.434627,0.0495637,-0.0253388,nan,nan,nan,nan,-0.00925093,-0.0363369,-0.00889597,nan,-0.0784629,-0.00075,-0.0557936,-0.238483,nan,-0.524431,-0.279452,-0.303284,-0.269475,0.0650536,0.05165,-0.36695,-0.005,0.044375,-1.5
2138,-75.0914,165.562,-0.480519,0,3.70833,0.144473,1.57231,0.514192,-0.00761749,7.82654,3.95062e-05,0.0138049,0.464749,16999.6,0.483911,0.238931,-0.4,0.25,1,128.076,2.62717e+07,0.068279,0.00313775,0.0382145,0.000840938,-0.432492,0.0496685,-0.0249528,nan,nan,nan,nan,-0.00882334,-0.0325541,-0.00857416,nan,-0.0784139,-0.000876404,-0.0609374,-0.242194,nan,-0.552622,-0.271792,-0.302947,-0.263831,0.0664268,0.0506966,-0.364135,-0.00422472,0.0442416,-1.5
2139,-68.1566,142.146,-0.465418,0,3.41667,0.147296,1.60571,0.52936,-0.00821024,7.82419,3.95062e-05,0.0119059,0.464683,16694.8,0.493185,0.242853,-0.4,0.25,1,128.813,2.6284e+07,0.0579877,0.00210683,0.0326453,0.00078004,-0.371163,0.0426439,-0.0236232,nan,nan,nan,nan,-0.00873137,-0.032442,-0.00832353,nan,-0.0674797,-0.000865854,-0.0458857,-0.209496,nan,-0.436319,-0.216457,-0.259463,-0.229354,0.0567423,0.0486341,-0.314244,-0.00409756,0.0416159,-1.5
2140,-71.4433,153.448,-0.475445,0,3.625,0.145879,1.58605,0.519041,-0.00935411,7.82177,3.95062e-05,0.0130914,0.464545,16690.3,0.490964,0.245274,-0.4,0.25,1,129.551,2.62963e+07,0.0628337,0.00270884,0.0352977,0.000806407,-0.401823,0.0460345,-0.0234816,nan,nan,nan,nan,-0.00827146,-0.031158,-0.00832335,nan,-0.0726569,-0.000597701,-0.0562173,-0.225548,nan,-0.495077,-0.272548,-0.280312,-0.239552,0.0622033,0.0481839,-0.338713,-0.00381609,0.046408,-1.5
2141,-72.1637,156.153,-0.471666,0,3.54167,0.145225,1.56133,0.497526,-0.00840998,7.81799,3.95062e-05,0.0167767,0.464418,16466.1,0.491367,0.254893,-0.4,0.25,1,130.299,2.63086e+07,0.0660288,0.00237171,0.0356301,0.000867622,-0.409194,0.0468459,-0.0240059,nan,nan,nan,nan,-0.00945239,-0.0351323,-0.00862952,nan,-0.074049,-0.000376471,-0.0560356,-0.228113,nan,-0.487784,-0.269979,-0.286829,-0.248188,0.0628664,0.0513412,-0.350165,-0.00402353,0.0479412,-1.5
2142,-75.3794,165.728,-0.485907,0,3.83333,0.142653,1.58524,0.55312,-0.0090494,7.81507,3.95062e-05,0.0122757,0.464318,16150.6,0.509993,0.250844,-0.4,0.25,1,131.061,2.63209e+07,0.0640815,0.00297944,0.0376491,0.000747242,-0.43521,0.0497185,-0.0235207,nan,nan,nan,nan,-0.00849396,-0.0327036,-0.00851847,nan,-0.0786107,-0.000608696,-0.0580347,-0.244868,nan,-0.564064,-0.280937,-0.302719,-0.261424,0.0672861,0.0474348,-0.364696,-0.00384783,0.0438859,-1.5
2143,-71.0369,155.851,-0.472554,0,3.625,0.143229,1.59794,0.518353,-0.00717767,7.81234,3.95062e-05,0.00780745,0.464197,16804.2,0.488419,0.242825,-0.4,0.25,1,131.794,2.63332e+07,0.0628103,0.00256049,0.0347081,0.000939194,-0.406268,0.0467552,-0.0260218,nan,nan,nan,nan,-0.0103695,-0.0389267,-0.009379,nan,-0.073953,-0.000586207,-0.0565125,-0.232539,nan,-0.432329,-0.2367,-0.287358,-0.244931,0.0623557,0.0542069,-0.345425,-0.00425287,0.0485632,-1.5
2144,-70.6085,156.253,-0.494298,0.0416667,3.91667,0.144355,1.58431,0.599312,-0.00625681,7.80906,3.95062e-05,0.00983972,0.464095,16666.3,0.495158,0.242137,-0.4,0.25,1,132.532,2.63455e+07,0.0659874,0.00245082,0.0347655,0.00092172,-0.407965,0.0468758,-0.0276253,nan,nan,nan,nan,-0.00994916,-0.0365589,-0.00975387,nan,-0.0740115,-0.0006,-0.0591744,-0.228441,nan,-0.438529,-0.239985,-0.286689,-0.240568,0.0629513,0.0573053,-0.348,-0.00456842,0.0494737,-1.5
2145,-67.131,140.361,-0.500973,0,4.04167,0.142018,1.60928,0.535651,-0.00690131,7.80667,3.95062e-05,0.00770729,0.463992,16656.1,0.493488,0.244261,-0.4,0.25,1,133.271,2.63578e+07,0.0573431,0.00203561,0.0316187,0.000862971,-0.365063,0.0421082,-0.0244062,nan,nan,nan,nan,-0.00917378,-0.0340186,-0.0084956,nan,-0.0664895,-0.000391753,-0.0492539,-0.207319,nan,-0.385292,-0.227945,-0.255776,-0.222495,0.0569559,0.0506804,-0.311876,-0.00416495,0.0411082,-1.5
2146,-64.1523,129.522,-0.427183,0,2.79167,0.142233,1.5836,0.566022,-0.00514568,7.80369,3.95062e-05,0.00658372,0.463879,16907.1,0.484555,0.242241,-0.4,0.25,1,133.999,2.637e+07,0.0578215,0.00175647,0.0291944,0.000682786,-0.332839,0.0388567,-0.0187119,nan,nan,nan,nan,-0.00702163,-0.0249437,-0.00675593,nan,-0.0612892,-0.000522388,-0.0462681,-0.183019,nan,-0.401414,-0.227493,-0.234868,-0.202836,0.0516376,0.0395821,-0.288478,-0.00322388,0.0412313,-1.5
2147,-69.0577,149.207,-0.487718,0,3.83333,0.143844,1.55603,0.545667,-0.00792254,7.80093,3.95062e-05,0.0117611,0.463792,16799.2,0.490144,0.241319,-0.4,0.25,1,134.732,2.63823e+07,0.0609353,0.00258344,0.0341277,0.000834385,-0.385253,0.044762,-0.0238946,nan,nan,nan,nan,-0.0089509,-0.0327879,-0.00843984,nan,-0.070737,-0.000543478,-0.0527794,-0.217,nan,-0.452064,-0.22024,-0.272755,-0.227543,0.0600773,0.0482174,-0.333261,-0.00421739,0.0461957,-1.5
2148,-68.1586,144.266,-0.457632,0,3.29167,0.141347,1.52493,0.448561,-0.00652846,7.79864,3.95062e-05,0.0141041,0.463668,13291.1,0.574152,0.350379,-0.4,0.25,1,135.658,2.63946e+07,0.0607771,0.00219179,0.0330865,0.000821135,-0.372748,0.0432797,-0.0241051,nan,nan,nan,nan,-0.00899456,-0.0317482,-0.00864448,nan,-0.0682709,-0.000379747,-0.0538183,-0.210509,nan,-0.415752,-0.234462,-0.263702,-0.224924,0.0578486,0.0477975,-0.31919,-0.00435443,0.0433544,-1.5
2149,-65.6373,133.828,-0.476091,0,3.625,0.139907,1.54433,0.533112,-0.0080072,7.79467,3.95062e-05,0.00825514,0.463524,12140.3,0.642624,0.369542,-0.4,0.25,1,136.672,2.64069e+07,0.0580083,0.00221223,0.0303047,0.000754451,-0.347564,0.0401483,-0.0204839,nan,nan,nan,nan,-0.00768107,-0.0257123,-0.00716452,nan,-0.0631841,-0.000528736,-0.0507343,-0.196691,nan,-0.421917,-0.219415,-0.243404,-0.20369,0.0538803,0.0415632,-0.300322,-0.00374713,0.037931,-1.5
2150,-72.9324,169.205,-0.458908,0,3.25,0.143025,1.55867,0.525769,-0.00866428,7.79063,3.95062e-05,0.00957548,0.463321,13518.1,0.578902,0.330101,-0.4,0.25,1,137.583,2.64192e+07,0.0715833,0.00230923,0.0386562,0.0009777,-0.43964,0.0507615,-0.0316949,nan,nan,nan,nan,-0.0111717,-0.0439852,-0.0112488,nan,-0.0798972,-0.00074359,-0.0622686,-0.250333,nan,-0.43355,-0.230217,-0.307475,-0.272385,0.0676738,0.0667692,-0.371128,-0.00510256,0.0612179,-1.5
2151,-70.3511,149.775,-0.463103,0,3.33333,0.140841,1.55488,0.549453,-0.00851578,7.78434,3.95062e-05,0.0106681,0.463063,14264.1,0.565689,0.295775,-0.4,0.25,1,138.446,2.64315e+07,0.0631159,0.00214281,0.0344461,0.000701055,-0.392295,0.0449325,-0.0222988,nan,nan,nan,nan,-0.0079964,-0.0283513,-0.0077056,nan,-0.0708552,-0.0006375,-0.0612378,-0.217306,nan,-0.497798,-0.22814,-0.273278,-0.231937,0.060287,0.0452,-0.3337,-0.0036,0.0403125,-1.5
2152,-70.9739,154,-0.446385,0,3.125,0.142588,1.49421,0.513761,-0.00787317,7.77847,3.95062e-05,0.0102608,0.462891,12214.9,0.624859,0.381124,-0.4,0.25,1,139.453,2.64438e+07,0.0635886,0.00226237,0.0357263,0.000733801,-0.397443,0.0462,-0.0239213,nan,nan,nan,nan,-0.00842868,-0.030857,-0.0084764,nan,-0.0729709,-0.00068,-0.0600624,-0.22645,nan,-0.493953,-0.235755,-0.279808,-0.23348,0.0620729,0.05024,-0.342667,-0.00386667,0.037,-1.5
2153,-68.5268,145.764,-0.482129,0,3.70833,0.145785,1.54959,0.528799,-0.00854651,7.77467,3.95062e-05,0.00557489,0.462761,13288,0.597286,0.32746,-0.4,0.25,1,140.38,2.64561e+07,0.0620554,0.0024146,0.03275,0.000817857,-0.374734,0.0437292,-0.0217506,nan,nan,nan,nan,-0.00881051,-0.0319295,-0.00803399,nan,-0.0690044,-0.00058427,-0.0582764,-0.214688,nan,-0.448022,-0.210166,-0.265291,-0.219438,0.0594916,0.0443146,-0.325303,-0.00395506,0.0384831,-1.5
2154,-71.3348,157.906,-0.498073,0,4,0.143676,1.53485,0.539876,-0.00634212,7.7714,3.95062e-05,0.00837606,0.462646,13257,0.583454,0.343455,-0.4,0.25,1,141.308,2.64684e+07,0.0644852,0.00268868,0.0355425,0.000891453,-0.407038,0.0473719,-0.0243615,nan,nan,nan,nan,-0.00978851,-0.037106,-0.00894539,nan,-0.0746566,-0.000447917,-0.0615014,-0.232863,nan,-0.463934,-0.234137,-0.286834,-0.236687,0.0628457,0.053625,-0.347417,-0.004125,0.046875,-1.5
2155,-63.0073,125.895,-0.475505,0,3.58333,0.14772,1.51674,0.490317,-0.0053128,7.7684,5.92593e-05,0.00444094,0.462532,14942.5,0.564483,0.25787,-0.4,0.25,1,142.132,2.64806e+07,0.0574556,0.00215464,0.0287202,0.00076287,-0.323724,0.0377686,-0.0235628,nan,nan,nan,nan,-0.00783479,-0.0276032,-0.00791044,nan,-0.0596916,-0.000476744,-0.0426634,-0.18675,nan,-0.351657,-0.23314,-0.229159,-0.195942,0.0510561,0.0443256,-0.276372,-0.0032093,0.0347384,-1.5
2156,-62.1191,119.891,-0.42283,0,2.66667,0.148596,1.56394,0.598768,-0.00649582,7.76471,5.92593e-05,0.00631404,0.462369,16713.6,0.496653,0.238555,-0.4,0.25,1,142.869,2.64929e+07,0.0550118,0.00172626,0.0274424,0.000590671,-0.305582,0.0359672,-0.0172875,nan,nan,nan,nan,-0.00646772,-0.02023,-0.00590465,nan,-0.0566335,-0.00034375,-0.0475804,-0.17808,nan,-0.418991,-0.158853,-0.219686,-0.177891,0.0497606,0.035,-0.262,-0.00253125,0.0244141,-1.5
2157,-69.4982,149.841,-0.522664,0,4.45833,0.144458,1.5272,0.552191,-0.0112443,7.76025,5.92593e-05,0.0178475,0.462192,16742,0.493461,0.2405,-0.4,0.25,1,143.604,2.65052e+07,0.0613331,0.0023344,0.0344971,0.000812944,-0.388264,0.0449523,-0.0234318,nan,nan,nan,nan,-0.0090035,-0.0318811,-0.00846573,nan,-0.0709215,-0.000551402,-0.0577482,-0.218121,nan,-0.454978,-0.23112,-0.271617,-0.221271,0.0605634,0.0485607,-0.329458,-0.00456075,0.0415888,-1.5
2158,-70.9606,156.227,-0.475772,0,3.66667,0.140614,1.54564,0.605198,-0.00884768,7.75626,5.92593e-05,0.0113994,0.462072,16724.6,0.494907,0.239819,-0.4,0.25,1,144.34,2.65175e+07,0.061769,0.00275201,0.0359835,0.000910752,-0.404675,0.0468682,-0.0255784,nan,nan,nan,nan,-0.00943436,-0.0351096,-0.00909255,nan,-0.0739378,-0.000227273,-0.0555321,-0.229533,nan,-0.458973,-0.242866,-0.285027,-0.243818,0.0634679,0.0494545,-0.344091,-0.00518182,0.053125,-1.5
2159,-70.3862,151.021,-0.500933,0,4,0.144498,1.5814,0.54928,-0.00953982,7.75277,5.92593e-05,0.00686672,0.461925,12919.7,0.587861,0.363247,-0.4,0.25,1,145.293,2.65298e+07,0.0647322,0.00272781,0.0353333,0.00076771,-0.386258,0.0453062,-0.0238229,nan,nan,nan,nan,-0.0080805,-0.0298335,-0.00792817,nan,-0.0714581,-0.000291667,-0.0507637,-0.217767,nan,-0.492159,-0.250744,-0.274166,-0.239094,0.0604996,0.0496667,-0.33225,-0.0035625,0.0419271,-1.5
2160,-66.7965,141.238,-0.457952,0,3.33333,0.144607,1.56374,0.49928,-0.0108496,7.7479,5.92593e-05,0.0160348,0.461696,12486.2,0.606084,0.378043,-0.4,0.25,1,146.279,2.65421e+07,0.0538614,0.00204989,0.0330323,0.000849878,-0.360874,0.0423712,-0.0248413,nan,nan,nan,nan,-0.00880372,-0.0310638,-0.00857621,nan,-0.0666101,-0.000475,-0.0545712,-0.207689,nan,-0.383034,-0.224212,-0.257688,-0.21615,0.0581933,0.04885,-0.3128,-0.004475,0.0435938,-1.5
2161,-69.6661,151.231,-0.453351,0,3.25,0.147913,1.56509,0.503354,-0.00953731,7.74245,5.92593e-05,0.0146586,0.461535,13347.9,0.583279,0.337312,-0.4,0.25,1,147.201,2.65544e+07,0.0624334,0.00288024,0.0350728,0.000894399,-0.387988,0.0453692,-0.0247436,nan,nan,nan,nan,-0.00946398,-0.0344569,-0.00880286,nan,-0.0719018,-0.000358974,-0.04565,-0.218583,nan,-0.437465,-0.257217,-0.276101,-0.249462,0.0601344,0.0528718,-0.331487,-0.00417949,0.0522436,-1.5
2162,-65.4342,135.987,-0.444021,0,3.125,0.142532,1.59342,0.545489,-0.00941912,7.73885,5.92593e-05,0.0115789,0.461427,14440.4,0.578363,0.27258,-0.4,0.25,1,148.053,2.65667e+07,0.0597123,0.00214595,0.0312968,0.000827579,-0.348358,0.040796,-0.0212933,nan,nan,nan,nan,-0.00837779,-0.0278631,-0.00770451,nan,-0.0640691,-0.00056,-0.0529115,-0.198463,nan,-0.390369,-0.198496,-0.246836,-0.2074,0.0552943,0.0437333,-0.3064,-0.00376,0.035,-1.5
2163,-73.2532,165.273,-0.47704,0,3.66667,0.143232,1.56833,0.47428,-0.00771808,7.73693,5.92593e-05,0.0155148,0.461392,14116.1,0.523268,0.347227,-0.4,0.25,1,148.925,2.65789e+07,0.0722635,0.00246549,0.0387236,0.00100382,-0.422241,0.0495818,-0.0276818,nan,nan,nan,nan,-0.00975425,-0.0359775,-0.00969095,nan,-0.0781566,-0.000784091,-0.0573383,-0.243183,nan,-0.477687,-0.259635,-0.300676,-0.260455,0.0667152,0.0564091,-0.364364,-0.00502273,0.0497159,-1.5
2164,-64.1293,129.213,-0.445732,0,3.125,0.145635,1.56029,0.553721,-0.0101356,7.73469,5.92593e-05,0.00908888,0.461236,13215.4,0.596945,0.332881,-0.4,0.25,1,149.857,2.65912e+07,0.0566344,0.00197958,0.0299006,0.000817611,-0.330794,0.038764,-0.0227507,nan,nan,nan,nan,-0.008285,-0.0291804,-0.00783004,nan,-0.0610687,-0.00048,-0.0456253,-0.194448,nan,-0.355966,-0.234772,-0.235692,-0.20232,0.0520302,0.04624,-0.285227,-0.00386667,0.026,-1.5
2165,-69.0199,146.657,-0.521158,0,4.5,0.145068,1.53746,0.59497,-0.0104049,7.72989,5.92593e-05,0.0146555,0.461033,13251.4,0.599937,0.327362,-0.4,0.25,1,150.786,2.66035e+07,0.0615198,0.00216136,0.0337187,0.000838207,-0.372826,0.0439972,-0.0208954,nan,nan,nan,nan,-0.00867459,-0.0311967,-0.00752372,nan,-0.0692503,-0.000296296,-0.0543668,-0.214574,nan,-0.455187,-0.230567,-0.265169,-0.222056,0.0583955,0.0437778,-0.326963,-0.00355556,0.0364583,-1.5
2166,-60.3132,117.084,-0.491695,0,3.95833,0.14207,1.55369,0.549914,-0.0100542,7.72436,5.92593e-05,0.0157678,0.460821,13957.7,0.600786,0.279587,-0.4,0.25,1,151.668,2.66158e+07,0.0504673,0.00170834,0.0260808,0.000784303,-0.296409,0.0351253,-0.0192074,nan,nan,nan,nan,-0.00772863,-0.0257283,-0.00665294,nan,-0.0550609,-0.000515789,-0.0439757,-0.17452,nan,-0.330356,-0.160458,-0.212884,-0.176684,0.0467095,0.0375579,-0.260211,-0.0036,0.0311842,-1.5
2167,-66.1734,138.587,-0.445148,0,3.125,0.143305,1.56493,0.524045,-0.00857569,7.71923,5.92593e-05,0.011707,0.460621,15951.2,0.529162,0.241188,-0.4,0.25,1,152.44,2.66281e+07,0.0603533,0.00210057,0.0328842,0.000865761,-0.351624,0.041576,-0.0215187,nan,nan,nan,nan,-0.00836658,-0.0308134,-0.00780359,nan,-0.0654107,-0.00072,-0.0527819,-0.201126,nan,-0.403779,-0.233375,-0.251468,-0.20532,0.0550716,0.0429333,-0.307733,-0.00362667,0.045,-1.5
2168,-68.6542,145.468,-0.455311,0,3.29167,0.14538,1.55241,0.548608,-0.00927818,7.71324,5.92593e-05,0.013558,0.460387,16928.3,0.484199,0.241687,-0.4,0.25,1,153.167,2.66404e+07,0.0620317,0.0026229,0.0340134,0.000703601,-0.368153,0.0436405,-0.020162,nan,nan,nan,nan,-0.00771501,-0.030455,-0.00749447,nan,-0.068771,-0.000265823,-0.0506627,-0.213359,nan,-0.490501,-0.202391,-0.266159,-0.225532,0.0571547,0.0429367,-0.323089,-0.00382278,0.0335443,-1.5
2169,-75.9061,172.224,-0.471711,0,3.54167,0.144387,1.53026,0.573816,-0.0104001,7.70804,5.92593e-05,0.0140759,0.460242,13656.5,0.543366,0.356426,-0.4,0.25,1,154.068,2.66527e+07,0.0690172,0.00284083,0.0397349,0.00101198,-0.439598,0.0516671,-0.02618,nan,nan,nan,nan,-0.0103278,-0.0395999,-0.00986394,nan,-0.0814076,-0.000705882,-0.0638021,-0.256422,nan,-0.498196,-0.308321,-0.314002,-0.258529,0.0680656,0.0567059,-0.386165,-0.00475294,0.0482353,-1.5
2170,-68.5519,150.108,-0.441833,0,3.08333,0.145133,1.54728,0.520864,-0.00971552,7.70504,5.92593e-05,0.00973726,0.460149,13128.2,0.612901,0.323098,-0.4,0.25,1,155.005,2.6665e+07,0.0615989,0.00229797,0.0350963,0.000902169,-0.377529,0.0450324,-0.0226446,nan,nan,nan,nan,-0.00896036,-0.0325877,-0.00852415,nan,-0.070899,-0.000432432,-0.0506504,-0.219948,nan,-0.442782,-0.209391,-0.272438,-0.229581,0.0593872,0.0491351,-0.332,-0.00386486,0.0445946,-1.5
2171,-69.5626,150.306,-0.409719,0,2.58333,0.14318,1.53723,0.553504,-0.00919357,7.70174,5.92593e-05,0.0158556,0.459989,13172.3,0.590399,0.342465,-0.4,0.25,1,155.94,2.66772e+07,0.0655119,0.00208589,0.0345339,0.000773849,-0.380337,0.0450919,-0.0203984,nan,nan,nan,nan,-0.00825889,-0.0284346,-0.00751572,nan,-0.071061,-0.00033871,-0.0539398,-0.225331,nan,-0.504468,-0.145527,-0.274948,-0.228,0.0597463,0.0439355,-0.335419,-0.00290323,0.03125,-1.5
2172,-71.1767,156.114,-0.448918,0,3.29167,0.142528,1.56465,0.561839,-0.00699586,7.6978,5.92593e-05,0.00569443,0.45986,14282.5,0.58342,0.276933,-0.4,0.25,1,156.802,2.66895e+07,0.0639256,0.00266425,0.0363019,0.000878228,-0.400767,0.0468342,-0.0216101,nan,nan,nan,nan,-0.00916609,-0.0345905,-0.00817902,nan,-0.0739383,-0.000734177,-0.0582877,-0.229641,nan,-0.472865,-0.249336,-0.286275,-0.236886,0.0620248,0.0468861,-0.34881,-0.004,0.0441456,-1.5
2173,-71.3045,159.301,-0.437442,0,3.04167,0.141765,1.57884,0.603189,-0.00924519,7.69459,5.92593e-05,0.0122974,0.459749,16004.6,0.519422,0.248358,-0.4,0.25,1,157.571,2.67018e+07,0.0673474,0.00237368,0.0381769,0.000992303,-0.406324,0.0477904,-0.0249616,nan,nan,nan,nan,-0.0100438,-0.0379829,-0.00940614,nan,-0.0753227,-0.000589041,-0.0587546,-0.232847,nan,-0.44845,-0.272276,-0.290481,-0.232356,0.0625351,0.0547945,-0.352603,-0.00421918,0.0577055,-1.5
2174,-67.3808,142.663,-0.46448,0,3.45833,0.141582,1.5392,0.556697,-0.0128019,7.69134,5.92593e-05,0.0135521,0.459591,16225.5,0.488305,0.269023,-0.4,0.25,1,158.33,2.67141e+07,0.0587359,0.0024685,0.0334611,0.000819396,-0.368513,0.0427988,-0.022341,nan,nan,nan,nan,-0.00816457,-0.0287555,-0.00775339,nan,-0.0674128,-0.000445783,-0.0493654,-0.20814,nan,-0.4287,-0.201208,-0.26023,-0.225904,0.0575861,0.0446747,-0.318892,-0.00337349,0.0387048,-1.5
2175,-60.4665,115.954,-0.422081,0,2.70833,0.143817,1.56113,0.573771,-0.00907509,7.68706,5.92593e-05,0.00760891,0.459437,12876.1,0.599664,0.354665,-0.4,0.25,1,159.286,2.67264e+07,0.0441156,0.0020309,0.0262614,0.000753853,-0.294926,0.0347862,-0.0189692,nan,nan,nan,nan,-0.00845562,-0.0290554,-0.00707259,nan,-0.0549191,-0.000138462,-0.0434142,-0.171089,nan,-0.295917,-0.192524,-0.212947,-0.173308,0.0445984,0.0380923,-0.260862,-0.00329231,0.0292308,-1.5
2176,-67.4957,143.433,-0.428819,0,2.79167,0.145336,1.5331,0.61192,-0.00841967,7.68339,5.92593e-05,0.0122504,0.459317,13267.7,0.597209,0.32895,-0.4,0.25,1,160.214,2.67387e+07,0.0658961,0.00232254,0.0338854,0.000791358,-0.367138,0.0430299,-0.0229627,nan,nan,nan,nan,-0.00873523,-0.0313743,-0.00824648,nan,-0.0678288,-0.00058209,-0.0498777,-0.212185,nan,-0.430761,-0.226577,-0.260541,-0.213672,0.0580524,0.0458507,-0.314209,-0.00358209,0.0395522,-1.5
2177,-73.8642,166.603,-0.430579,0,2.83333,0.144973,1.52921,0.539203,-0.010255,7.67988,5.92593e-05,0.010283,0.459177,13247.3,0.573474,0.35411,-0.4,0.25,1,161.143,2.6751e+07,0.0695445,0.0023563,0.0401143,0.00101207,-0.424685,0.0499809,-0.0252044,nan,nan,nan,nan,-0.0100847,-0.0361122,-0.00949762,nan,-0.0788258,-0.000514706,-0.0603868,-0.244002,nan,-0.48101,-0.299236,-0.303617,-0.241015,0.0653908,0.0551765,-0.371765,-0.00461765,0.0433824,-1.5
2178,-73.525,168.383,-0.461279,0,3.375,0.144176,1.55524,0.471519,-0.00959574,7.67672,5.92593e-05,0.0134141,0.459091,15621.9,0.541613,0.244973,-0.4,0.25,1,161.931,2.67633e+07,0.0728839,0.00301552,0.0400792,0.000998631,-0.429857,0.0505148,-0.0269407,nan,nan,nan,nan,-0.00999606,-0.0380645,-0.00953395,nan,-0.079802,-0.000555556,-0.0571443,-0.245631,nan,-0.490353,-0.231856,-0.307004,-0.258889,0.0668045,0.0579753,-0.36963,-0.00441975,0.0510802,-1.5
2179,-76.0583,169.098,-0.413174,0,2.54167,0.146108,1.50991,0.491243,-0.00943734,7.67448,5.92593e-05,0.0161762,0.458995,16191.2,0.483519,0.275414,-0.4,0.25,1,162.691,2.67756e+07,0.0683285,0.00286344,0.039741,0.000803942,-0.431575,0.0507295,-0.0224918,nan,nan,nan,nan,-0.00842901,-0.0323546,-0.00812687,nan,-0.0800754,-0.000229508,-0.0546587,-0.247396,nan,-0.599177,-0.269818,-0.30814,-0.258689,0.065313,0.0462295,-0.378557,-0.00419672,0.0385246,-1.5
2180,-70.3133,158.8,-0.434975,0,2.91667,0.145041,1.53223,0.571748,-0.00656598,7.67119,5.92593e-05,0.00780571,0.458863,14679.6,0.492486,0.344594,-0.4,0.25,1,163.529,2.67878e+07,0.0697839,0.00263323,0.0368659,0.00100152,-0.405482,0.04764,-0.0285543,nan,nan,nan,nan,-0.0111515,-0.0410716,-0.0107154,nan,-0.075333,-0.000542857,-0.053878,-0.231045,nan,-0.393583,-0.262912,-0.289554,-0.232371,0.0619978,0.0618857,-0.350457,-0.00534286,0.0569643,-1.5
2181,-71.9708,159.686,-0.473283,0,3.58333,0.145568,1.54704,0.533706,-0.0118157,7.66659,5.92593e-05,0.0170579,0.458642,12484,0.607235,0.377065,-0.4,0.25,1,164.515,2.68001e+07,0.0710563,0.00272025,0.0377987,0.000822249,-0.406371,0.0479058,-0.0226605,nan,nan,nan,nan,-0.00889937,-0.0324892,-0.00830533,nan,-0.0754706,-0.000604651,-0.0595704,-0.230039,nan,-0.506608,-0.241225,-0.290487,-0.235012,0.0635348,0.0475349,-0.353395,-0.00427907,0.0409884,-1.5
2182,-76.0547,173.736,-0.436614,0,3,0.147704,1.54125,0.488505,-0.0101728,7.66074,5.92593e-05,0.0121104,0.458433,13414,0.587293,0.328765,-0.4,0.25,1,165.433,2.68124e+07,0.0724198,0.00296397,0.0419143,0.000871983,-0.445249,0.0521208,-0.0273139,nan,nan,nan,nan,-0.0097571,-0.0376494,-0.00937129,nan,-0.0820836,-0.000458333,-0.0585352,-0.249414,nan,-0.558901,-0.272962,-0.314495,-0.264,0.0670478,0.0566667,-0.380944,-0.00486111,0.0472222,-1.5
2183,-72.5499,159.813,-0.442422,0,3.125,0.145396,1.53702,0.560246,-0.0104027,7.65644,5.92593e-05,0.012908,0.458347,13911.7,0.589343,0.293941,-0.4,0.25,1,166.318,2.68247e+07,0.0693286,0.00249617,0.0386978,0.000756535,-0.408472,0.047944,-0.0223573,nan,nan,nan,nan,-0.00833623,-0.0306549,-0.00795305,nan,-0.0757155,-0.000293333,-0.0555999,-0.232481,nan,-0.559511,-0.204707,-0.290668,-0.2374,0.0631553,0.04656,-0.351573,-0.00413333,0.0388333,-1.5
2184,-68.4232,146.065,-0.448241,0,3.20833,0.147955,1.54283,0.513385,-0.0123624,7.6543,5.92593e-05,0.0180349,0.458235,15983,0.52638,0.242437,-0.4,0.25,1,167.088,2.6837e+07,0.0610728,0.00218145,0.0339095,0.000751069,-0.370253,0.0438195,-0.0224,nan,nan,nan,nan,-0.00937566,-0.035074,-0.00807312,nan,-0.0690038,-0.000168831,-0.0519148,-0.215382,nan,-0.445898,-0.196052,-0.265888,-0.219818,0.0572348,0.0448831,-0.323948,-0.00350649,0.0310065,-1.5
2185,-75.9902,176.407,-0.469132,0,3.58333,0.142003,1.57341,0.560325,-0.00939512,7.65155,5.92593e-05,0.0133375,0.458168,16237,0.497116,0.259675,-0.4,0.25,1,167.846,2.68493e+07,0.0680223,0.00298851,0.0420094,0.00105426,-0.451061,0.0529221,-0.026957,nan,nan,nan,nan,-0.0105846,-0.0407077,-0.0102786,nan,-0.0831607,-0.000395349,-0.0689108,-0.254414,nan,-0.504692,-0.282748,-0.320613,-0.258977,0.0705435,0.0608837,-0.390698,-0.0042093,0.0677326,-1.5
2186,-72.5453,159.463,-0.456195,0,3.33333,0.144131,1.56907,0.613238,-0.0107372,7.64899,5.92593e-05,0.0110778,0.458026,14452.8,0.497123,0.353095,-0.4,0.25,1,168.698,2.68616e+07,0.0631003,0.00240598,0.0367629,0.000942468,-0.409064,0.0478387,-0.0219725,nan,nan,nan,nan,-0.00866618,-0.0320253,-0.00810145,nan,-0.0754045,-0.00035,-0.0588383,-0.238105,nan,-0.503327,-0.282089,-0.291607,-0.236812,0.0630951,0.046,-0.34965,-0.003525,0.0475,-1.5
2187,-72.705,162.431,-0.434298,0,3,0.142004,1.56837,0.526443,-0.0103552,7.64459,5.92593e-05,0.0126217,0.457849,12623.2,0.612766,0.36068,-0.4,0.25,1,169.673,2.68739e+07,0.062757,0.00283045,0.0382888,0.000825907,-0.413076,0.0487292,-0.0254389,nan,nan,nan,nan,-0.00913829,-0.0353301,-0.0091454,nan,-0.0771529,-0.00025,-0.0501552,-0.234295,nan,-0.504092,-0.272154,-0.297568,-0.24575,0.062968,0.0548889,-0.359278,-0.00438889,0.0588542,-1.5
2188,-78.8241,190.432,-0.454923,0,3.375,0.14311,1.55123,0.567464,-0.0109339,7.64048,5.92593e-05,0.0123237,0.457726,12985.3,0.612801,0.333503,-0.4,0.25,1,170.621,2.68861e+07,0.0781274,0.00337533,0.045084,0.00109834,-0.483448,0.0571296,-0.0312642,nan,nan,nan,nan,-0.0125025,-0.0498248,-0.0118325,nan,-0.0902002,-0.000222222,-0.0534761,-0.274641,nan,-0.521482,-0.299037,-0.344448,-0.296148,0.0743168,0.0678025,-0.419259,-0.00577778,0.066358,-1.5
2189,-69.0845,153.306,-0.466487,0,3.54167,0.146095,1.51046,0.567709,-0.00910629,7.63733,5.92593e-05,0.00632809,0.457607,14109,0.586878,0.284057,-0.4,0.25,1,171.493,2.68984e+07,0.0640622,0.00248963,0.0366808,0.00092258,-0.390157,0.0459918,-0.0266259,nan,nan,nan,nan,-0.009913,-0.038302,-0.0096722,nan,-0.0726784,-0.000270588,-0.050878,-0.227887,nan,-0.411738,-0.215135,-0.281081,-0.231212,0.0604709,0.0531765,-0.335718,-0.00442353,0.0497059,-1.5
2190,-71.1425,157,-0.415838,0,2.66667,0.144276,1.52391,0.5914,-0.0097901,7.63357,5.92593e-05,0.0161805,0.457445,15836.3,0.523766,0.252173,-0.4,0.25,1,172.271,2.69107e+07,0.0625069,0.00239569,0.0369515,0.000822535,-0.397936,0.0471,-0.0251328,nan,nan,nan,nan,-0.00957785,-0.0360444,-0.00914459,nan,-0.0745247,-0.00015625,-0.0457635,-0.231451,nan,-0.467633,-0.249489,-0.28723,-0.247359,0.0610365,0.0528125,-0.344937,-0.00459375,0.0478516,-1.5
2191,-71.9718,161.817,-0.464447,0,3.41667,0.148174,1.52228,0.587422,-0.00992731,7.62934,5.92593e-05,0.0133108,0.457291,15479.1,0.491039,0.302808,-0.4,0.25,1,173.066,2.6923e+07,0.0640301,0.00307704,0.0387265,0.000969573,-0.408713,0.0485451,-0.0260232,nan,nan,nan,nan,-0.0100797,-0.037783,-0.00963439,nan,-0.0765295,-0.00047561,-0.053509,-0.234255,nan,-0.461356,-0.25266,-0.294403,-0.241793,0.0629971,0.0561951,-0.35878,-0.00436585,0.0417683,-1.5
2192,-71.2733,160.29,-0.409807,0,2.58333,0.144004,1.51981,0.586423,-0.0108425,7.62486,5.92593e-05,0.0112652,0.457114,12713,0.601151,0.365422,-0.4,0.25,1,174.035,2.69353e+07,0.0658951,0.00346609,0.0391288,0.00102275,-0.407378,0.0480871,-0.0286065,nan,nan,nan,nan,-0.010594,-0.0386658,-0.0101124,nan,-0.0758424,-0.000112903,-0.0526254,-0.228355,nan,-0.423532,-0.260719,-0.292401,-0.238597,0.061667,0.0562581,-0.353677,-0.0053871,0.0453629,-1.5
2193,-78.3472,185.712,-0.418249,0.0416667,2.70833,0.143251,1.56586,0.572302,-0.0116497,7.62061,5.92593e-05,0.016696,0.456984,12896.5,0.605673,0.347145,-0.4,0.25,1,174.989,2.69476e+07,0.0750478,0.00260196,0.044223,0.000986744,-0.468012,0.0557136,-0.031647,nan,nan,nan,nan,-0.0110882,-0.0438183,-0.0110804,nan,-0.0876239,-0.000318182,-0.0608942,-0.266941,nan,-0.568852,-0.281069,-0.336157,-0.286045,0.0730816,0.0639394,-0.412364,-0.00554545,0.0518939,-1.5
2194,-78.3921,184.424,-0.472559,0,3.54167,0.145772,1.54056,0.63629,-0.00760264,7.61825,5.92593e-05,0.00876179,0.456934,12580.7,0.613203,0.363529,-0.4,0.25,1,175.968,2.69599e+07,0.0720275,0.00262725,0.0443098,0.00104158,-0.466928,0.0553271,-0.0281341,nan,nan,nan,nan,-0.0104765,-0.0408058,-0.00995488,nan,-0.0871823,-0.000635294,-0.0593856,-0.268802,nan,-0.558472,-0.289321,-0.335857,-0.278682,0.0736669,0.0617412,-0.405741,-0.00489412,0.0570588,-1.5
2195,-71.9842,158.078,-0.453354,0,3.20833,0.145735,1.52439,0.623189,-0.00894434,7.61666,5.92593e-05,0.00920545,0.456862,14018.1,0.556161,0.320417,-0.4,0.25,1,176.846,2.69722e+07,0.0626961,0.00253049,0.0378883,0.000936559,-0.402659,0.0474234,-0.0235143,nan,nan,nan,nan,-0.00921369,-0.033644,-0.00863961,nan,-0.0749006,-0.00061039,-0.0531593,-0.228807,nan,-0.489094,-0.239168,-0.287144,-0.239961,0.0628418,0.0511688,-0.349403,-0.00361039,0.0415584,-1.5
2196,-66.8482,139.545,-0.424079,0,2.75,0.14318,1.54032,0.553526,-0.0102788,7.61338,5.92593e-05,0.010681,0.456658,13729,0.569172,0.32587,-0.4,0.25,1,177.742,2.69844e+07,0.0569843,0.0024496,0.0325803,0.00089678,-0.350532,0.0418636,-0.0209379,nan,nan,nan,nan,-0.00892616,-0.0321217,-0.00793518,nan,-0.0659767,-0.000454545,-0.0520078,-0.202808,nan,-0.406385,-0.253356,-0.254567,-0.206182,0.0552861,0.0444848,-0.308667,-0.0039697,0.0441288,-1.5
2197,-75.5676,175,-0.412711,0,2.54167,0.147827,1.54911,0.481295,-0.0101954,7.60716,5.92593e-05,0.0116018,0.456446,12227.3,0.585526,0.419442,-0.4,0.25,1,178.749,2.69967e+07,0.075799,0.00263918,0.0411183,0.000976674,-0.444153,0.0525,-0.0298148,nan,nan,nan,nan,-0.0105564,-0.0414442,-0.0105964,nan,-0.0827988,-0.000377049,-0.0597537,-0.255206,nan,-0.512438,-0.293452,-0.318328,-0.265377,0.0687117,0.0642623,-0.380066,-0.00567213,0.0534836,-1.5
2198,-70.6015,151.882,-0.452077,0,3.16667,0.149002,1.53705,0.533739,-0.0062411,7.60275,5.92593e-05,0.00999754,0.456303,12704.8,0.624469,0.342728,-0.4,0.25,1,179.718,2.7009e+07,0.055512,0.00218397,0.0356362,0.000839722,-0.388757,0.0455645,-0.0206303,nan,nan,nan,nan,-0.00912669,-0.0322695,-0.00772758,nan,-0.0718675,-0.000723684,-0.0564872,-0.221667,nan,-0.479341,-0.238028,-0.279006,-0.227921,0.0597269,0.0453684,-0.339947,-0.00384211,0.0429276,-1.5
2199,-75.3874,171.947,-0.449434,0,3.16667,0.146001,1.56037,0.630143,-0.00887126,7.59884,5.92593e-05,0.0122163,0.456173,13178.5,0.548699,0.383732,-0.4,0.25,1,180.652,2.70213e+07,0.0669534,0.00283922,0.0397092,0.000953929,-0.434153,0.0515842,-0.0251947,nan,nan,nan,nan,-0.00968709,-0.0381576,-0.00937272,nan,-0.081518,-0.000407895,-0.0573062,-0.25198,nan,-0.526689,-0.305953,-0.313752,-0.262026,0.0676489,0.0540526,-0.379421,-0.00460526,0.0504934,-1.5
2200,-73.1511,162.224,-0.426041,0,2.79167,0.145942,1.54468,0.502152,-0.00871756,7.59605,5.92593e-05,0.0132648,0.456102,13608.3,0.566153,0.336823,-0.4,0.25,1,181.556,2.70336e+07,0.0671617,0.00231797,0.039202,0.00084909,-0.410753,0.0486672,-0.0220463,nan,nan,nan,nan,-0.00881443,-0.0303974,-0.00831658,nan,-0.0766558,-0.000223881,-0.0579263,-0.230858,nan,-0.537635,-0.246896,-0.296291,-0.237448,0.0637325,0.0468657,-0.360657,-0.00423881,0.0438433,-1.5
2201,-71.5833,158.903,-0.439907,0,3,0.13944,1.51257,0.495517,-0.0111438,7.59379,5.92593e-05,0.0165972,0.455989,13209.4,0.573001,0.357246,-0.4,0.25,1,184.271,2.70459e+07,0.0639187,0.00266397,0.0377872,0.000918199,-0.401825,0.0476708,-0.0229875,nan,nan,nan,nan,-0.00919488,-0.0324994,-0.00823034,nan,-0.0748357,-0.000513889,-0.0641338,-0.229625,nan,-0.492766,-0.249258,-0.289679,-0.222792,0.0649398,0.0480556,-0.356222,-0.00355556,0.0472222,-1.5
2202,-73.9449,167.806,-0.428444,0,2.79167,0.143214,1.55175,0.559266,-0.0111467,7.5905,5.92593e-05,0.00912917,0.455905,12609.1,0.603832,0.3707,-0.4,0.25,1,185.248,2.70582e+07,0.0710082,0.00310919,0.0400896,0.000964624,-0.424504,0.0503418,-0.0280075,nan,nan,nan,nan,-0.0101712,-0.0389381,-0.00947759,nan,-0.0793356,-0.000507463,-0.0556779,-0.242355,nan,-0.501186,-0.26774,-0.305519,-0.256478,0.0657656,0.0586866,-0.368239,-0.00453731,0.0455224,-1.5
2203,-76.4926,174.616,-0.440064,0,3.04167,0.14544,1.52458,0.509878,-0.0104222,7.5883,5.92593e-05,0.0129052,0.455819,12970.8,0.575672,0.371688,-0.4,0.25,1,186.196,2.70705e+07,0.0671184,0.00237698,0.040497,0.000997369,-0.440723,0.0523849,-0.0288288,nan,nan,nan,nan,-0.0104045,-0.0386239,-0.010307,nan,-0.0825334,-0.000506849,-0.0635361,-0.260775,nan,-0.510048,-0.326394,-0.317441,-0.271562,0.0694791,0.0602192,-0.384986,-0.00526027,0.0582192,-1.5
2204,-81.2143,190.062,-0.378655,0,2,0.144049,1.52803,0.574786,-0.00862672,7.58563,5.92593e-05,0.00939757,0.455695,13514,0.620979,0.288297,-0.4,0.25,1,187.107,2.70828e+07,0.0781536,0.00281716,0.0457687,0.00101884,-0.480097,0.0570187,-0.0282875,nan,nan,nan,nan,-0.00967317,-0.0397616,-0.00992239,nan,-0.0898734,-0.000479167,-0.0629001,-0.276977,nan,-0.613454,-0.41165,-0.346972,-0.287812,0.075478,0.0588333,-0.415583,-0.00395833,0.0432292,-1.5
2205,-80.8173,193.576,-0.407602,0,2.45833,0.142546,1.51875,0.546275,-0.00716994,7.58217,5.92593e-05,0.0119126,0.455566,13444,0.578826,0.335189,-0.4,0.25,1,188.023,2.7095e+07,0.0777427,0.00351086,0.0472223,0.00125426,-0.49118,0.0580729,-0.0321949,nan,nan,nan,nan,-0.0114895,-0.0427187,-0.0114095,nan,-0.0913429,-0.000610169,-0.0664634,-0.28423,nan,-0.531496,-0.38999,-0.351068,-0.294356,0.077788,0.0691525,-0.432271,-0.00559322,0.0616525,-1.5
2206,-84.6819,206.483,-0.407081,0,2.5,0.147309,1.5093,0.561352,-0.00958745,7.57843,5.92593e-05,0.0151635,0.455444,12588.8,0.594802,0.381303,-0.4,0.25,1,189.001,2.71073e+07,0.0757753,0.00333589,0.0486864,0.00123575,-0.525305,0.061945,-0.03241,nan,nan,nan,nan,-0.0125529,-0.0514435,-0.0120845,nan,-0.0975796,-0.00025,-0.0721416,-0.300014,nan,-0.595796,-0.346192,-0.377952,-0.3285,0.0809729,0.0704,-0.456933,-0.00646667,0.0641667,-1.5
2207,-78.4886,191.19,-0.410761,0,2.625,0.142549,1.5303,0.568195,-0.00621013,7.57608,5.92593e-05,0.00732981,0.455383,12660.5,0.600063,0.370512,-0.4,0.25,1,189.973,2.71196e+07,0.0806519,0.00297115,0.0457136,0.00121803,-0.485733,0.0573571,-0.0338571,nan,nan,nan,nan,-0.0116715,-0.0456212,-0.0118772,nan,-0.0902589,-0.000285714,-0.0729699,-0.278669,nan,-0.511786,-0.278026,-0.345837,-0.289381,0.0769052,0.0735238,-0.414413,-0.00571429,0.0736111,-1.5
2208,-70.0636,155.574,-0.424471,0,2.83333,0.146323,1.54035,0.58217,-0.00906247,7.57368,5.92593e-05,0.00659214,0.455242,12189.4,0.672208,0.335878,-0.4,0.25,1,190.983,2.71319e+07,0.0646942,0.00273747,0.0374374,0.000973487,-0.392684,0.0466721,-0.0277471,nan,nan,nan,nan,-0.0097816,-0.0367648,-0.00938193,nan,-0.0732908,-0.000191176,-0.0627226,-0.224884,nan,-0.427401,-0.2355,-0.280993,-0.228794,0.0613432,0.0547059,-0.344588,-0.00438235,0.0492647,-1.5
2209,-80.0074,190.387,-0.454956,0,3.33333,0.14397,1.54743,0.550785,-0.00994907,7.56974,5.92593e-05,0.0134572,0.455136,12837.6,0.601317,0.355872,-0.4,0.25,1,191.942,2.71442e+07,0.0747933,0.00325493,0.0458103,0.00112409,-0.484291,0.0571162,-0.0318438,nan,nan,nan,nan,-0.0111889,-0.045272,-0.0114111,nan,-0.0900762,-0.0007,-0.0727752,-0.273413,nan,-0.545774,-0.311663,-0.346006,-0.29505,0.0762193,0.06625,-0.4185,-0.00495,0.0634375,-1.5
2210,-79.0788,186.643,-0.43174,0,2.91667,0.139681,1.52271,0.543446,-0.0109286,7.56721,5.92593e-05,0.0143603,0.455017,12566.6,0.595947,0.381886,-0.4,0.25,1,192.921,2.71565e+07,0.0824356,0.00346613,0.045084,0.000999278,-0.474957,0.0559929,-0.0294686,nan,nan,nan,nan,-0.0101175,-0.0389958,-0.0104578,nan,-0.0880274,-0.0006,-0.0706418,-0.266101,nan,-0.580754,-0.279819,-0.336634,-0.287657,0.0758852,0.0627429,-0.409429,-0.00488571,0.0480357,-1.5
2211,-78.4253,182.486,-0.429444,0,2.91667,0.144447,1.52253,0.584675,-0.00926681,7.56333,5.92593e-05,0.0152684,0.454865,12799.3,0.60001,0.360044,-0.4,0.25,1,193.883,2.71688e+07,0.0672289,0.00315082,0.0431354,0.00111141,-0.466609,0.0547457,-0.0287171,nan,nan,nan,nan,-0.010859,-0.0397632,-0.010156,nan,-0.0862299,-0.0005,-0.0660003,-0.266407,nan,-0.544127,-0.302733,-0.333985,-0.273429,0.0740091,0.0596571,-0.401714,-0.00568571,0.0607143,-1.5
2212,-69.9955,154.857,-0.415598,0,2.625,0.141379,1.50657,0.530026,-0.00995198,7.55867,5.92593e-05,0.0115759,0.454667,14109.5,0.544526,0.326378,-0.4,0.25,1,194.755,2.71811e+07,0.0696598,0.00242727,0.03693,0.00106183,-0.39107,0.0464571,-0.0284698,nan,nan,nan,nan,-0.0101469,-0.0368551,-0.00973215,nan,-0.0731642,-0.000190476,-0.0589122,-0.223497,nan,-0.391125,-0.292228,-0.282663,-0.232429,0.06265,0.0577778,-0.344571,-0.00457143,0.0472222,-1.5
2213,-86.5114,218.355,-0.411053,0,2.58333,0.145293,1.55675,0.581574,-0.00898086,7.55381,5.92593e-05,0.0138771,0.454517,12913.2,0.600796,0.350786,-0.4,0.25,1,195.708,2.71933e+07,0.0897323,0.00377471,0.0524378,0.00133946,-0.556097,0.0655065,-0.0401323,nan,nan,nan,nan,-0.0134912,-0.0552612,-0.0143863,nan,-0.103413,-0.000532258,-0.0704341,-0.318298,nan,-0.55177,-0.418976,-0.399565,-0.343645,0.0875351,0.0850968,-0.479806,-0.00803226,0.075,-1.5
2214,-77.7481,184.157,-0.433423,0,2.91667,0.148618,1.52966,0.521602,-0.0114217,7.55025,5.92593e-05,0.016498,0.45439,13370.2,0.58313,0.335927,-0.4,0.25,1,196.629,2.72056e+07,0.0816952,0.0030757,0.0443717,0.00125712,-0.470267,0.0552471,-0.0322114,nan,nan,nan,nan,-0.0117834,-0.0469637,-0.0118245,nan,-0.0870566,-0.000357143,-0.0655,-0.26313,nan,-0.465845,-0.352711,-0.337058,-0.2871,0.0740308,0.0692,-0.406,-0.00594286,0.0619643,-1.5
2215,-75.7849,183.133,-0.408623,0,2.5,0.144555,1.50136,0.654579,-0.00792143,7.54674,5.92593e-05,0.00992671,0.454257,14276.2,0.567369,0.293365,-0.4,0.25,1,197.492,2.72179e+07,0.0783584,0.00281887,0.0445134,0.0011768,-0.466268,0.05494,-0.03231,nan,nan,nan,nan,-0.0115582,-0.0415065,-0.0115693,nan,-0.0864802,-0.000533333,-0.0701159,-0.260822,nan,-0.471961,-0.279065,-0.334186,-0.27145,0.0763211,0.069,-0.401133,-0.0051,0.071875,-1.5
2216,-76.6381,181.31,-0.403919,0,2.41667,0.143985,1.5125,0.546384,-0.0072482,7.54317,5.92593e-05,0.00600307,0.454136,13534.6,0.578385,0.329509,-0.4,0.25,1,198.401,2.72302e+07,0.069247,0.00349207,0.0434467,0.00112383,-0.460221,0.0543931,-0.0321052,nan,nan,nan,nan,-0.0117199,-0.0468153,-0.0113236,nan,-0.0856852,-0.000224138,-0.0612042,-0.263214,nan,-0.473561,-0.301637,-0.329482,-0.291,0.0720908,0.0671034,-0.395241,-0.006,0.0642241,-1.5
2217,-88.0561,224.717,-0.407622,0,2.5,0.143055,1.51647,0.583467,-0.0100436,7.53916,5.92593e-05,0.0127737,0.453944,13281.1,0.583087,0.342135,-0.4,0.25,1,199.328,2.72425e+07,0.0882717,0.00338863,0.0558456,0.00128448,-0.567249,0.067415,-0.0399167,nan,nan,nan,nan,-0.0132684,-0.052588,-0.0138901,nan,-0.106121,-0.000733333,-0.0706948,-0.317011,nan,-0.621647,-0.378308,-0.404715,-0.35225,0.0903779,0.0850667,-0.4892,-0.00663333,0.0704167,-1.5
2218,-85.6942,211.377,-0.41083,0,2.54167,0.142419,1.50959,0.529397,-0.0100356,7.5338,5.92593e-05,0.0136181,0.453748,13822.4,0.611813,0.277177,-0.4,0.25,1,200.218,2.72548e+07,0.0872267,0.00358632,0.0512623,0.00131113,-0.53752,0.0634131,-0.0383754,nan,nan,nan,nan,-0.0127788,-0.049829,-0.0130265,nan,-0.0999173,-0.000803279,-0.0671898,-0.302138,nan,-0.560147,-0.3849,-0.384805,-0.347066,0.0851723,0.0790164,-0.464262,-0.00747541,0.0514344,-1.5
2219,-77.6851,187.184,-0.383634,0,2.04167,0.145193,1.5293,0.565499,-0.00934207,7.52898,5.92593e-05,0.0140269,0.453599,15477.6,0.543656,0.250265,-0.4,0.25,1,201.014,2.72671e+07,0.0844415,0.00326428,0.0454568,0.00112505,-0.47508,0.0561551,-0.0340347,nan,nan,nan,nan,-0.0114154,-0.0437097,-0.0119617,nan,-0.0883515,-0.000816327,-0.0696011,-0.272867,nan,-0.497226,-0.280402,-0.340294,-0.281816,0.0763842,0.0708571,-0.410776,-0.006,0.0566327,-1.5
2220,-81.2879,199.057,-0.433191,0,2.91667,0.143643,1.52768,0.483778,-0.011445,7.52499,5.92593e-05,0.0188384,0.453439,16286,0.503373,0.251139,-0.4,0.25,1,201.769,2.72794e+07,0.0903397,0.0029923,0.0485463,0.00126808,-0.505227,0.0597171,-0.0331014,nan,nan,nan,nan,-0.0119076,-0.0458945,-0.0115606,nan,-0.0940885,-0.000385714,-0.0708458,-0.284787,nan,-0.55931,-0.289678,-0.363176,-0.302443,0.0803765,0.0700571,-0.439943,-0.0064,0.0555357,-1.5
2221,-90.5351,230.739,-0.375002,0,1.91667,0.142925,1.5408,0.527818,-0.0110461,7.5206,5.92593e-05,0.0116249,0.453273,16386.1,0.501003,0.248901,-0.4,0.25,1,202.521,2.72916e+07,0.0897815,0.00431399,0.0549464,0.00128222,-0.585951,0.0692217,-0.0401761,nan,nan,nan,nan,-0.0138349,-0.0577945,-0.0137358,nan,-0.108995,-8.69565e-05,-0.0705365,-0.333112,nan,-0.653471,-0.3624,-0.420265,-0.383935,0.0915192,0.0807826,-0.510174,-0.00786957,0.0807065,-1.5
2222,-78.5855,189.265,-0.423023,0.0416667,2.79167,0.144027,1.5168,0.605354,-0.00972753,7.5164,5.92593e-05,0.0115619,0.453153,16242.7,0.508774,0.247749,-0.4,0.25,1,203.279,2.73039e+07,0.0799165,0.00285284,0.0454073,0.00116218,-0.480481,0.0567794,-0.0321824,nan,nan,nan,nan,-0.0117102,-0.0453962,-0.0113351,nan,-0.0892997,-0.000441176,-0.0627191,-0.277681,nan,-0.522855,-0.280903,-0.343726,-0.297574,0.0766568,0.0671176,-0.416294,-0.00544118,0.0472426,-1.5
2223,-77.3976,180.242,-0.421423,0,2.75,0.144151,1.51677,0.561325,-0.0104714,7.51311,5.92593e-05,0.00998514,0.453025,16679.5,0.493868,0.242845,-0.4,0.25,1,204.017,2.73162e+07,0.0741442,0.00301377,0.0438022,0.001085,-0.457012,0.0540727,-0.028397,nan,nan,nan,nan,-0.0101937,-0.0368427,-0.010211,nan,-0.084941,-0.000212121,-0.0709769,-0.260353,nan,-0.530019,-0.294346,-0.325364,-0.266636,0.0741246,0.058303,-0.397758,-0.00527273,0.0465909,-1.5
2224,-78.8137,184.357,-0.431547,0,2.91667,0.145504,1.5235,0.611279,-0.0105351,7.50924,5.92593e-05,0.0096679,0.452857,16444.9,0.490303,0.256919,-0.4,0.25,1,204.765,2.73285e+07,0.0796976,0.00303762,0.0451248,0.000967272,-0.466867,0.0553071,-0.02982,nan,nan,nan,nan,-0.00993628,-0.0371422,-0.00993252,nan,-0.0870362,-0.000242857,-0.0598934,-0.260392,nan,-0.591708,-0.261359,-0.333658,-0.2979,0.0747225,0.0590286,-0.4084,-0.00551429,0.0564286,-1.5
2225,-77.5266,179.31,-0.432897,0,2.95833,0.14507,1.52757,0.580625,-0.0102495,7.50441,5.92593e-05,0.0118359,0.452686,16135.6,0.516997,0.244549,-0.4,0.25,1,205.529,2.73408e+07,0.0719857,0.00347378,0.0434813,0.00101299,-0.453099,0.053793,-0.0291789,nan,nan,nan,nan,-0.00980456,-0.0381835,-0.00999263,nan,-0.0844596,-0.000112676,-0.0660472,-0.259051,nan,-0.547443,-0.325572,-0.323608,-0.270465,0.0730901,0.0613521,-0.390366,-0.00543662,0.0549296,-1.5
2226,-81.652,194.939,-0.462379,0,3.41667,0.143053,1.5532,0.59032,-0.00867067,7.5004,5.92593e-05,0.00700767,0.452548,16266.9,0.501784,0.253616,-0.4,0.25,1,206.286,2.73531e+07,0.0763299,0.00352709,0.0470703,0.000990948,-0.495095,0.0584817,-0.0300939,nan,nan,nan,nan,-0.0107291,-0.0397363,-0.0104479,nan,-0.0921737,-0.000792683,-0.066538,-0.276753,nan,-0.623688,-0.271412,-0.352864,-0.29389,0.0773918,0.0638049,-0.429122,-0.00570732,0.052439,-1.5
2227,-72.3318,163.948,-0.399273,0,2.41667,0.142203,1.51102,0.596549,-0.00970121,7.4964,5.92593e-05,0.00807708,0.452382,16771.3,0.490092,0.242587,-0.4,0.25,1,207.02,2.73654e+07,0.0707792,0.00308314,0.0408116,0.00096796,-0.410687,0.0491845,-0.0279155,nan,nan,nan,nan,-0.0094867,-0.0349399,-0.00946604,nan,-0.0772461,-0.000431034,-0.0521308,-0.237804,nan,-0.465365,-0.255525,-0.294189,-0.255931,0.0649997,0.0592414,-0.355034,-0.00472414,0.0411638,-1.5
2228,-74.5048,172.657,-0.433235,0,2.91667,0.143689,1.53488,0.568681,-0.0106202,7.49253,5.92593e-05,0.0134384,0.452282,16603.8,0.496854,0.243217,-0.4,0.25,1,207.761,2.73777e+07,0.0694597,0.00321411,0.0425592,0.00112951,-0.433306,0.0517971,-0.0320457,nan,nan,nan,nan,-0.0110197,-0.0404458,-0.0109657,nan,-0.0813853,-0.0001,-0.0630705,-0.247641,nan,-0.438659,-0.313305,-0.312073,-0.258214,0.0698604,0.0638286,-0.377371,-0.00582857,0.0491071,-1.5
2229,-67.9934,144.875,-0.393416,0,2.33333,0.143219,1.51352,0.53757,-0.00842521,7.48892,5.92593e-05,0.0141016,0.45206,16697.1,0.48993,0.246005,-0.4,0.25,1,208.499,2.739e+07,0.0545858,0.00255365,0.0340679,0.000802097,-0.359383,0.0434625,-0.0248518,nan,nan,nan,nan,-0.0091999,-0.0348784,-0.00857306,nan,-0.0684245,-0.000375,-0.0422135,-0.207602,nan,-0.413143,-0.256871,-0.261508,-0.243321,0.056976,0.0504286,-0.315929,-0.00446429,0.0439732,-1.5
2230,-76.5371,180.841,-0.414267,0,2.625,0.144132,1.5149,0.567922,-0.0113795,7.48239,5.92593e-05,0.0121892,0.451856,16127.6,0.499121,0.262801,-0.4,0.25,1,209.262,2.74022e+07,0.0718262,0.00290921,0.0438588,0.00107002,-0.448575,0.0542524,-0.0326302,nan,nan,nan,nan,-0.0116186,-0.0434071,-0.011659,nan,-0.0850016,-0.000285714,-0.0658278,-0.251424,nan,-0.474868,-0.348418,-0.325045,-0.27581,0.0721798,0.0715556,-0.396254,-0.00530159,0.0597222,-1.5
2231,-76.9178,179.136,-0.405271,0,2.45833,0.142244,1.51628,0.533727,-0.00998398,7.47776,5.92593e-05,0.0107602,0.451677,16814.7,0.487731,0.243058,-0.4,0.25,1,209.994,2.74145e+07,0.0708357,0.00328911,0.0414902,0.000952219,-0.447448,0.0537407,-0.0286153,nan,nan,nan,nan,-0.0104916,-0.0390867,-0.00998568,nan,-0.0845197,-0.000322034,-0.0623045,-0.254181,nan,-0.544422,-0.287919,-0.323684,-0.281898,0.0715279,0.0576271,-0.397559,-0.00481356,0.0489407,-1.5
2232,-83.5203,206.099,-0.458667,0,3.375,0.14844,1.52345,0.595865,-0.00952641,7.47275,5.92593e-05,0.00820361,0.45153,16746.6,0.489939,0.24382,-0.4,0.25,1,210.729,2.74268e+07,0.0850992,0.00325256,0.0498229,0.00104917,-0.515405,0.0618296,-0.0312778,nan,nan,nan,nan,-0.0112,-0.0438632,-0.0109835,nan,-0.0971789,-0.00108642,-0.0679554,-0.293929,nan,-0.654454,-0.258977,-0.37341,-0.321556,0.081208,0.066321,-0.451012,-0.0062716,0.0628086,-1.5
2233,-80.1416,190.197,-0.445054,0,3.16667,0.144906,1.51909,0.578184,-0.00991602,7.46924,5.92593e-05,0.0116301,0.451385,16677.2,0.489558,0.247256,-0.4,0.25,1,211.467,2.74391e+07,0.0762733,0.00310421,0.0464177,0.00106754,-0.476254,0.0570592,-0.0287566,nan,nan,nan,nan,-0.0103003,-0.0386152,-0.0101387,nan,-0.0895739,-0.0005,-0.0698284,-0.269012,nan,-0.597908,-0.306182,-0.341954,-0.281605,0.0756869,0.0595263,-0.413053,-0.00518421,0.0481908,-1.5
2234,-84.6946,205.317,-0.412848,0,2.625,0.144492,1.50953,0.646751,-0.0113549,7.46483,5.92593e-05,0.0104104,0.45121,16864.4,0.489946,0.238691,-0.4,0.25,1,212.197,2.74514e+07,0.0817497,0.0031121,0.0481951,0.00109624,-0.515966,0.0615952,-0.0310873,nan,nan,nan,nan,-0.0115893,-0.0465624,-0.0114347,nan,-0.0972643,-0.000396825,-0.0664233,-0.295592,nan,-0.629546,-0.351963,-0.37247,-0.334619,0.0807038,0.0697778,-0.455365,-0.00539683,0.0609127,-1.5
2235,-79.1689,194.613,-0.406324,0.0416667,2.54167,0.142977,1.50651,0.621862,-0.00862652,7.46065,5.92593e-05,0.0106922,0.451106,15897.8,0.49627,0.276666,-0.4,0.25,1,212.972,2.74637e+07,0.080496,0.0032422,0.0459988,0.00113806,-0.484826,0.0583839,-0.0359629,nan,nan,nan,nan,-0.0124877,-0.0491451,-0.0122998,nan,-0.0919102,-0.000516129,-0.0584824,-0.279776,nan,-0.507039,-0.312721,-0.351778,-0.312194,0.0780659,0.0719355,-0.423871,-0.00606452,0.0667339,-1.5
2236,-79.2663,188.063,-0.409999,0.0416667,2.58333,0.144749,1.55191,0.551527,-0.00991489,7.458,5.92593e-05,0.0108477,0.450977,15898,0.502666,0.27026,-0.4,0.25,1,213.746,2.7476e+07,0.0651379,0.0027575,0.0444952,0.00107065,-0.46982,0.056419,-0.0279016,nan,nan,nan,nan,-0.0106191,-0.0397169,-0.010168,nan,-0.0886862,-0.000539683,-0.0661639,-0.270182,nan,-0.584525,-0.268845,-0.340082,-0.282333,0.073863,0.0539683,-0.416635,-0.00625397,0.0549603,-1.5
2237,-84.2462,214.197,-0.408233,0,2.54167,0.145523,1.53195,0.461868,-0.00958468,7.4544,5.92593e-05,0.0116833,0.450867,16818,0.48191,0.248736,-0.4,0.25,1,214.478,2.74883e+07,0.0942764,0.00322057,0.0513844,0.00130711,-0.533207,0.064259,-0.038523,nan,nan,nan,nan,-0.0131393,-0.0500975,-0.0133479,nan,-0.101147,-0.000868852,-0.0724673,-0.308612,nan,-0.578493,-0.321914,-0.388371,-0.326311,0.0853712,0.0799344,-0.468852,-0.00668852,0.0719262,-1.5
2238,-83.2452,208.769,-0.353355,0,1.625,0.141211,1.51605,0.587949,-0.0097462,7.45129,5.92593e-05,0.00957275,0.450735,13545.2,0.540995,0.366187,-0.4,0.25,1,215.387,2.75005e+07,0.086495,0.00316291,0.0493363,0.00118086,-0.522065,0.0626308,-0.0318641,nan,nan,nan,nan,-0.0112308,-0.0438219,-0.011285,nan,-0.0982383,-0.00025641,-0.0667248,-0.29681,nan,-0.62792,-0.26617,-0.374896,-0.323077,0.0838658,0.0704615,-0.461538,-0.00466667,0.0733974,-1.5
2239,-77.9033,183.361,-0.433061,0,3,0.147043,1.53263,0.58791,-0.011669,7.44778,5.92593e-05,0.0167576,0.450619,12457.2,0.623542,0.362878,-0.4,0.25,1,216.375,2.75128e+07,0.0767515,0.00388687,0.0438799,0.00102424,-0.455151,0.0550083,-0.0281556,nan,nan,nan,nan,-0.0104557,-0.0396682,-0.0101115,nan,-0.0864257,-0.000291667,-0.0677906,-0.261578,nan,-0.55371,-0.309378,-0.330408,-0.277958,0.0722097,0.0599444,-0.404222,-0.00525,0.0510417,-1.5
2240,-80.2726,196.8,-0.424339,0.0416667,2.875,0.147654,1.51853,0.560515,-0.00912064,7.44509,5.92593e-05,0.010904,0.450526,13518.3,0.576551,0.332438,-0.4,0.25,1,217.286,2.75251e+07,0.0849442,0.0039026,0.0476812,0.00109875,-0.488316,0.05904,-0.0309086,nan,nan,nan,nan,-0.0111847,-0.042866,-0.0111873,nan,-0.092855,-0.000228571,-0.0642056,-0.275228,nan,-0.587333,-0.307938,-0.355724,-0.2886,0.0773596,0.0687429,-0.4292,-0.00542857,0.0517857,-1.5
2241,-80.0726,191.552,-0.421324,0,2.79167,0.148638,1.52082,0.620249,-0.0104367,7.44148,5.92593e-05,0.0147881,0.450361,15253.4,0.555277,0.250316,-0.4,0.25,1,218.093,2.75374e+07,0.0796277,0.00323598,0.0464509,0.000958095,-0.477243,0.0574657,-0.0288985,nan,nan,nan,nan,-0.00934189,-0.0340725,-0.00977647,nan,-0.0900248,-0.00019403,-0.0609264,-0.276908,nan,-0.627485,-0.276679,-0.34062,-0.28903,0.0765634,0.061194,-0.413612,-0.00537313,0.0408582,-1.5
2242,-80.5332,194.698,-0.412008,0,2.625,0.145781,1.57968,0.525872,-0.00961164,7.43711,5.92593e-05,0.0115335,0.450201,14273.9,0.504967,0.355905,-0.4,0.25,1,218.955,2.75497e+07,0.0800784,0.00327302,0.0459276,0.00103591,-0.479856,0.0584095,-0.0310921,nan,nan,nan,nan,-0.0111085,-0.0414015,-0.011018,nan,-0.0916382,-0.000634921,-0.0680434,-0.282991,nan,-0.581066,-0.334256,-0.350623,-0.293476,0.0760292,0.0693968,-0.428,-0.00552381,0.0597222,-1.5
2243,-72.1621,164.219,-0.415247,0,2.66667,0.143018,1.55882,0.621392,-0.00865392,7.43321,5.92593e-05,0.0137671,0.45007,12482.7,0.591835,0.392564,-0.4,0.25,1,219.941,2.7562e+07,0.0671767,0.00274181,0.0393869,0.00100283,-0.410595,0.0492656,-0.0236578,nan,nan,nan,nan,-0.00893064,-0.0329586,-0.00844128,nan,-0.0772181,-0.000359375,-0.059758,-0.23357,nan,-0.509369,-0.208928,-0.296581,-0.243469,0.0648682,0.04975,-0.365437,-0.00453125,0.0525391,-1.5
2244,-82.9038,206.364,-0.418327,0,2.75,0.140476,1.53489,0.58124,-0.0105795,7.42994,3.95062e-05,0.0209575,0.449963,13413.1,0.583899,0.332218,-0.4,0.25,1,220.859,2.75743e+07,0.0834609,0.00319569,0.048833,0.00124522,-0.510795,0.0619091,-0.0367939,nan,nan,nan,nan,-0.0130061,-0.0495517,-0.0126907,nan,-0.0972421,-0.000424242,-0.0687542,-0.299049,nan,-0.546934,-0.342336,-0.371104,-0.318455,0.0802529,0.0765455,-0.454606,-0.00621212,0.0702652,-1.5
2245,-84.8381,214.35,-0.40391,0,2.5,0.142363,1.5161,0.544723,-0.00975835,7.42772,3.95062e-05,0.00935356,0.44992,13431.7,0.627096,0.287752,-0.4,0.25,1,221.775,2.75866e+07,0.0874431,0.00328114,0.0521309,0.00120643,-0.530996,0.064305,-0.0364633,nan,nan,nan,nan,-0.0126498,-0.0516961,-0.0130419,nan,-0.10099,-0.000566667,-0.0674589,-0.305233,nan,-0.60162,-0.342982,-0.38639,-0.33245,0.0842361,0.0787333,-0.468,-0.0066,0.0695833,-1.5
2246,-65.9834,139.444,-0.408225,0.0416667,2.58333,0.141851,1.52574,0.577813,-0.00656262,7.42643,3.95062e-05,0.00809782,0.449865,16089.3,0.522639,0.241097,-0.4,0.25,1,222.54,2.75988e+07,0.0623467,0.00223621,0.0313885,0.00084263,-0.344365,0.0418333,-0.0200492,nan,nan,nan,nan,-0.00898002,-0.0318493,-0.00753568,nan,-0.065576,-0.000285714,-0.0512566,-0.20945,nan,-0.426973,-0.204753,-0.252501,-0.20481,0.0540193,0.0448254,-0.310476,-0.00326984,0.0426587,-1.5
2247,-81.7925,202.492,-0.401581,0.0416667,2.41667,0.143345,1.52583,0.613668,-0.00857377,7.4243,3.95062e-05,0.00649263,0.449763,17085.5,0.480558,0.23865,-0.4,0.25,1,223.261,2.76111e+07,0.0770743,0.00347537,0.049634,0.00123526,-0.499032,0.0607475,-0.0364017,nan,nan,nan,nan,-0.0123615,-0.0501064,-0.0128118,nan,-0.0953817,-0.000288136,-0.0692818,-0.295971,nan,-0.553276,-0.320101,-0.365704,-0.307119,0.0802988,0.0766102,-0.447051,-0.00654237,0.0584746,-1.5
2248,-74.4523,173.66,-0.385739,0,2.08333,0.142603,1.54181,0.657013,-0.00671454,7.42204,3.95062e-05,0.0103116,0.449719,14279.7,0.505262,0.355262,-0.4,0.25,1,224.123,2.76234e+07,0.0697864,0.00305262,0.0429293,0.00105725,-0.425284,0.052098,-0.027932,nan,nan,nan,nan,-0.00937045,-0.034377,-0.00974868,nan,-0.0813194,-0.0002,-0.0663354,-0.245324,nan,-0.5232,-0.263478,-0.311042,-0.25032,0.0689173,0.05824,-0.38192,-0.00556,0.05875,-1.5
2249,-75.1486,172.542,-0.409232,0,2.45833,0.15306,1.55762,0.595544,-0.00622786,7.42057,3.95062e-05,0.00781746,0.449625,12836.4,0.600176,0.357101,-0.4,0.25,1,225.082,2.76357e+07,0.0771143,0.00245567,0.040259,0.00113323,-0.425419,0.0517627,-0.0315949,nan,nan,nan,nan,-0.0112492,-0.042068,-0.0104301,nan,-0.0812646,-0.000525424,-0.0606919,-0.255576,nan,-0.446123,-0.339102,-0.311657,-0.266949,0.0684093,0.0623051,-0.376,-0.00518644,0.0569915,-1.5
2250,-77.6051,184.149,-0.424985,0,2.79167,0.146625,1.55969,0.620867,-0.00889369,7.41719,3.95062e-05,0.0123686,0.449488,13409.3,0.587279,0.329102,-0.4,0.25,1,226,2.7648e+07,0.0772634,0.00341137,0.0428405,0.00107222,-0.455426,0.0552448,-0.0302821,nan,nan,nan,nan,-0.0111001,-0.0417089,-0.0108246,nan,-0.0864679,-0.000283582,-0.0624783,-0.265367,nan,-0.544924,-0.307798,-0.332359,-0.291045,0.0731628,0.0614328,-0.404955,-0.00579104,0.0688433,-1.5
2251,-93.6029,241.1,-0.404622,0.0416667,2.45833,0.147276,1.51778,0.53972,-0.00771184,7.41353,3.95062e-05,0.00624369,0.449339,13280,0.587837,0.337467,-0.4,0.25,1,226.927,2.76603e+07,0.0952257,0.00376023,0.0580478,0.00119179,-0.596261,0.07233,-0.03279,nan,nan,nan,nan,-0.0120991,-0.0478814,-0.0118415,nan,-0.113398,-0.000566667,-0.0815851,-0.344511,nan,-0.805177,-0.355931,-0.43445,-0.3768,0.0952575,0.0712,-0.531067,-0.00616667,0.07125,-1.5
2252,-76.1427,178.353,-0.385628,0,2.125,0.145316,1.57111,0.574068,-0.0090845,7.40898,3.95062e-05,0.0126471,0.449175,16325.4,0.509781,0.242911,-0.4,0.25,1,227.681,2.76726e+07,0.0646122,0.00280618,0.04215,0.000990823,-0.438619,0.0535059,-0.0324902,nan,nan,nan,nan,-0.0107218,-0.0421766,-0.010865,nan,-0.0841397,-0.000647059,-0.0619046,-0.257122,nan,-0.512625,-0.285825,-0.32319,-0.268353,0.0684998,0.0637647,-0.39349,-0.00501961,0.0732843,-1.5
2253,-90.7384,234.432,-0.36413,0,1.83333,0.139448,1.56776,0.492997,-0.006146,7.40532,3.95062e-05,0.00589853,0.449068,17094.2,0.480691,0.23815,-0.4,0.25,1,228.401,2.76849e+07,0.0944057,0.00330094,0.0566284,0.00131124,-0.579513,0.0703295,-0.0390864,nan,nan,nan,nan,-0.0131693,-0.0525298,-0.0136846,nan,-0.110312,-0.000363636,-0.0894206,-0.334763,nan,-0.692321,-0.347755,-0.423399,-0.357409,0.0945159,0.082,-0.511818,-0.00618182,0.0769886,-1.5
2254,-90.5114,231.879,-0.395361,0,2.41667,0.143376,1.5303,0.560865,-0.00580467,7.40247,5.92593e-05,0.00449758,0.448957,13454,0.561857,0.351475,-0.4,0.25,1,229.316,2.76972e+07,0.0970778,0.00393316,0.0559454,0.00124745,-0.573172,0.0695638,-0.0341121,nan,nan,nan,nan,-0.0123383,-0.0492424,-0.0124765,nan,-0.10901,-0.000206897,-0.083665,-0.336228,nan,-0.712512,-0.388459,-0.415521,-0.339776,0.0911514,0.0728966,-0.508,-0.00668966,0.0702586,-1.5
2255,-80.4238,195.094,-0.388262,0,2.20833,0.142974,1.55748,0.624826,-0.0095034,7.39873,5.92593e-05,0.0182725,0.448801,12365.1,0.652886,0.340882,-0.4,0.25,1,230.311,2.77094e+07,0.0814826,0.00394219,0.0468455,0.000988006,-0.477902,0.0585283,-0.0270038,nan,nan,nan,nan,-0.0102465,-0.0395587,-0.0101614,nan,-0.0917766,-0.000396226,-0.0649794,-0.280377,nan,-0.622593,-0.296796,-0.347949,-0.298642,0.0755255,0.0616604,-0.422415,-0.00509434,0.0561321,-1.5
2256,-89.8688,231.298,-0.397614,0,2.375,0.142565,1.56027,0.537474,-0.0100666,7.39526,5.92593e-05,0.00992429,0.448714,13558,0.567726,0.338602,-0.4,0.25,1,231.219,2.77217e+07,0.0943238,0.00319367,0.0556455,0.00111734,-0.568078,0.0693895,-0.0337316,nan,nan,nan,nan,-0.0124302,-0.0473452,-0.012438,nan,-0.108781,-0.000245614,-0.0917175,-0.32791,nan,-0.72667,-0.316845,-0.415782,-0.345,0.0919081,0.0752281,-0.507228,-0.00568421,0.0633772,-1.5
2257,-86.0803,214.82,-0.404393,0,2.54167,0.143423,1.54217,0.540371,-0.00637001,7.39319,5.92593e-05,0.00807621,0.448641,14411.4,0.564082,0.288577,-0.4,0.25,1,232.073,2.7734e+07,0.0851559,0.00354081,0.0515622,0.00118391,-0.529076,0.0644459,-0.0339246,nan,nan,nan,nan,-0.0121146,-0.0487142,-0.0118067,nan,-0.101133,-0.000360656,-0.0700899,-0.305702,nan,-0.651557,-0.319322,-0.38633,-0.340967,0.0854085,0.0716721,-0.470754,-0.00521311,0.0625,-1.5
2258,-72.9079,161.442,-0.385984,0,2.16667,0.14261,1.52398,0.612645,-0.00921069,7.39055,5.92593e-05,0.0132751,0.448519,16511.2,0.499364,0.244858,-0.4,0.25,1,232.819,2.77463e+07,0.0702625,0.00270364,0.0377214,0.000836204,-0.397696,0.0484327,-0.0218096,nan,nan,nan,nan,-0.00813852,-0.0312888,-0.00774529,nan,-0.0759076,-0.000576923,-0.0510912,-0.230392,nan,-0.553022,-0.228362,-0.291872,-0.251019,0.0623054,0.0454615,-0.354385,-0.00361538,0.0411058,-1.5
2259,-81.2052,200.151,-0.387436,0,2.20833,0.145485,1.55801,0.636841,-0.0109594,7.38666,5.92593e-05,0.0139667,0.448375,14671,0.495677,0.341894,-0.4,0.25,1,233.658,2.77586e+07,0.0767484,0.00314126,0.0478386,0.001067,-0.490412,0.0600453,-0.0312755,nan,nan,nan,nan,-0.011969,-0.0456936,-0.0114693,nan,-0.0942522,-0.000188679,-0.0661404,-0.282716,nan,-0.595681,-0.28976,-0.359779,-0.315906,0.0783785,0.0701887,-0.436226,-0.00543396,0.0681604,-1.5
2260,-93.099,243.204,-0.386494,0.0416667,2.20833,0.144699,1.5537,0.586043,-0.0107343,7.38147,5.92593e-05,0.0135972,0.448099,12791,0.601757,0.358915,-0.4,0.25,1,234.621,2.77709e+07,0.104307,0.00326469,0.0594735,0.0011683,-0.596139,0.0729611,-0.0340648,nan,nan,nan,nan,-0.0119793,-0.045441,-0.0121275,nan,-0.114469,-0.000666667,-0.0865398,-0.354139,nan,-0.819673,-0.300698,-0.438986,-0.360833,0.0962494,0.070963,-0.53,-0.00540741,0.0587963,-1.5
2261,-81.0434,196.403,-0.405926,0,2.58333,0.143441,1.52095,0.645219,-0.00987107,7.37407,5.92593e-05,0.0169764,0.447896,13340.5,0.588922,0.332186,-0.4,0.25,1,235.544,2.77832e+07,0.0803105,0.00312456,0.046571,0.00105095,-0.478691,0.058921,-0.0305323,nan,nan,nan,nan,-0.0115781,-0.0447979,-0.01107,nan,-0.0923309,-0.00103226,-0.0792488,-0.284686,nan,-0.575256,-0.302266,-0.352339,-0.289548,0.0768462,0.0611613,-0.435226,-0.00509677,0.0550403,-1.5
2262,-88.9324,221.05,-0.398412,0,2.5,0.143959,1.53489,0.688591,-0.0113943,7.37067,5.92593e-05,0.0114833,0.447837,13606.4,0.576366,0.326739,-0.4,0.25,1,236.448,2.77955e+07,0.0816603,0.00366771,0.0528825,0.000963601,-0.540309,0.066315,-0.0309833,nan,nan,nan,nan,-0.0110052,-0.0423903,-0.0111384,nan,-0.104027,-0.00045,-0.0759443,-0.321779,nan,-0.7566,-0.334723,-0.398385,-0.34485,0.0875327,0.0676,-0.484933,-0.00523333,0.06625,-1.5
2263,-80.0873,196.179,-0.392212,0,2.33333,0.142531,1.55087,0.610991,-0.0102369,7.36935,5.92593e-05,0.0133241,0.447777,14930.4,0.550349,0.27267,-0.4,0.25,1,237.273,2.78077e+07,0.0864468,0.00301971,0.0472563,0.00119829,-0.479792,0.0588536,-0.0345679,nan,nan,nan,nan,-0.0117725,-0.0433887,-0.0116206,nan,-0.0922595,-0.000553571,-0.0653534,-0.278153,nan,-0.541644,-0.274214,-0.352,-0.316554,0.0790164,0.0715714,-0.430571,-0.00582143,0.0620536,-1.5
2264,-94.7016,251.048,-0.408302,0,2.625,0.142339,1.52735,0.650799,-0.0102555,7.36712,5.92593e-05,0.0119682,0.447677,15080.6,0.525079,0.289745,-0.4,0.25,1,238.089,2.782e+07,0.114869,0.00402012,0.0600973,0.00128702,-0.613857,0.0753143,-0.0350556,nan,nan,nan,nan,-0.013265,-0.0521679,-0.0131308,nan,-0.118205,-0.000952381,-0.0920808,-0.3642,nan,-0.792438,-0.340414,-0.454465,-0.378048,0.0998093,0.0738413,-0.554032,-0.00663492,0.0781746,-1.5
2265,-74.6753,175.109,-0.387085,0,2.29167,0.140185,1.53578,0.589285,-0.0100113,7.36384,5.92593e-05,0.0158601,0.447537,13240,0.518218,0.409877,-0.4,0.25,1,239.018,2.78323e+07,0.0674985,0.00308752,0.0409205,0.00117917,-0.421883,0.0525327,-0.0300891,nan,nan,nan,nan,-0.0112967,-0.0432858,-0.0105533,nan,-0.0823831,-0.000418182,-0.0604618,-0.249451,nan,-0.440321,-0.342312,-0.315818,-0.2598,0.067926,0.0643636,-0.389309,-0.00530909,0.0629545,-1.5
2266,-91.1917,242.016,-0.405762,0,2.54167,0.143502,1.54489,0.578619,-0.0104822,7.35996,5.92593e-05,0.012864,0.447393,12049.8,0.655606,0.364164,-0.4,0.25,1,240.04,2.78446e+07,0.104696,0.00396805,0.057924,0.00136848,-0.587951,0.0726049,-0.0402,nan,nan,nan,nan,-0.0142294,-0.0575082,-0.0143094,nan,-0.113776,-0.000557377,-0.0861932,-0.34708,nan,-0.686149,-0.296663,-0.43701,-0.369689,0.0946056,0.088459,-0.529574,-0.00629508,0.0747951,-1.5
2267,-82.7956,206.014,-0.425269,0.0416667,2.875,0.141796,1.5503,0.616772,-0.0112662,7.35616,5.92593e-05,0.0158132,0.447275,10930.4,0.636085,0.488115,-0.4,0.25,1,241.165,2.78569e+07,0.0899274,0.00317642,0.0496973,0.00111529,-0.5015,0.0618043,-0.0299414,nan,nan,nan,nan,-0.0110451,-0.0426658,-0.0108423,nan,-0.0969561,-0.000557143,-0.077463,-0.296284,nan,-0.649773,-0.302523,-0.371819,-0.317829,0.0813861,0.0646857,-0.454743,-0.00545714,0.0742857,-1.5
2268,-92.3445,245.762,-0.403056,0.0833333,2.54167,0.146663,1.57827,0.692867,-0.00992332,7.35359,5.92593e-05,0.0153379,0.447199,12994.7,0.638921,0.306696,-0.4,0.25,1,242.113,2.78692e+07,0.0913176,0.00371267,0.0592422,0.00130293,-0.594984,0.0737286,-0.0385413,nan,nan,nan,nan,-0.0137837,-0.056763,-0.0140888,nan,-0.115406,-0.00052381,-0.094945,-0.345643,nan,-0.723613,-0.391397,-0.441526,-0.373762,0.0964969,0.0840635,-0.537333,-0.00733333,0.081746,-1.5
2269,-87.8371,229.791,-0.411814,0.0833333,2.70833,0.142326,1.54042,0.65493,-0.0109766,7.35158,5.92593e-05,0.0152096,0.447142,15040.3,0.558454,0.25855,-0.4,0.25,1,242.931,2.78815e+07,0.0927008,0.00309484,0.0567629,0.00127235,-0.557384,0.0689373,-0.0384597,nan,nan,nan,nan,-0.0136495,-0.05413,-0.013863,nan,-0.10783,-0.000402985,-0.0799931,-0.329141,nan,-0.635842,-0.354495,-0.41237,-0.350373,0.0905437,0.0802985,-0.505373,-0.00689552,0.0770522,-1.5
2270,-78.5531,194.016,-0.403055,0,2.54167,0.146196,1.5155,0.668479,-0.0100416,7.34963,5.92593e-05,0.00538965,0.447038,16254.6,0.503533,0.252438,-0.4,0.25,1,243.688,2.78938e+07,0.0752086,0.0029156,0.0460574,0.0010438,-0.46984,0.0582049,-0.0306279,nan,nan,nan,nan,-0.011013,-0.0428944,-0.0107101,nan,-0.0908596,-0.00052459,-0.0703161,-0.27407,nan,-0.572941,-0.229609,-0.345765,-0.291541,0.0797551,0.0643279,-0.420852,-0.00488525,0.069877,-1.5
2271,-82.6342,212.143,-0.404559,0.0416667,2.58333,0.144506,1.54306,0.650252,-0.010239,7.34625,5.92593e-05,0.0119052,0.446908,12340,0.644122,0.351665,-0.4,0.25,1,244.686,2.7906e+07,0.0897644,0.00378726,0.052377,0.00127069,-0.511798,0.0636429,-0.0371127,nan,nan,nan,nan,-0.0122456,-0.0472547,-0.0127487,nan,-0.099501,-0.000380952,-0.0751434,-0.301927,nan,-0.582247,-0.325183,-0.376909,-0.319667,0.084438,0.0739048,-0.460762,-0.00650794,0.0724206,-1.5
2272,-65.7154,140.029,-0.420426,0,2.83333,0.145582,1.54702,0.704584,-0.0103381,7.34306,5.92593e-05,0.0108267,0.446837,12454.3,0.64344,0.34321,-0.4,0.25,1,245.674,2.79183e+07,0.0556354,0.00231149,0.033441,0.000837307,-0.336524,0.0420088,-0.0211647,nan,nan,nan,nan,-0.00791683,-0.0272612,-0.00756885,nan,-0.065653,-0.000132353,-0.0578672,-0.207432,nan,-0.41974,-0.190202,-0.251355,-0.200162,0.0558048,0.0452941,-0.311882,-0.00408824,0.0375,-1.5
2273,-75.4163,179.763,-0.397741,0,2.45833,0.140739,1.56423,0.681942,-0.0102666,7.34165,5.92593e-05,0.0130096,0.446788,12923,0.604887,0.345979,-0.4,0.25,1,246.626,2.79306e+07,0.07017,0.00317756,0.0437898,0.00119773,-0.430454,0.0539288,-0.0344797,nan,nan,nan,nan,-0.011878,-0.0448388,-0.0122855,nan,-0.0842781,-0.000576271,-0.068981,-0.25672,nan,-0.439302,-0.311279,-0.322227,-0.267051,0.0725125,0.0674576,-0.396,-0.00674576,0.0565678,-1.5
2274,-86.8823,226.513,-0.433102,0.0416667,3.125,0.142433,1.54448,0.66138,-0.00899174,7.34007,5.92593e-05,0.0169319,0.446719,12991.1,0.656629,0.289246,-0.4,0.25,1,247.574,2.79429e+07,0.0914285,0.00368382,0.0550819,0.00143479,-0.543319,0.0679539,-0.0409908,nan,nan,nan,nan,-0.0135576,-0.0517403,-0.0141298,nan,-0.105885,-0.000394737,-0.0964635,-0.321088,nan,-0.595332,-0.392329,-0.401753,-0.331026,0.0898805,0.0899474,-0.491789,-0.00613158,0.0703947,-1.5
2275,-77.0557,188.518,-0.390578,0,2.33333,0.14342,1.55194,0.689117,-0.0108841,7.33793,5.92593e-05,0.0121426,0.446651,15325.2,0.556197,0.24562,-0.4,0.25,1,248.377,2.79552e+07,0.0796997,0.00295414,0.0458909,0.0011963,-0.452632,0.0565554,-0.0340804,nan,nan,nan,nan,-0.0119805,-0.0476977,-0.0122212,nan,-0.0884046,-1.78571e-05,-0.0780744,-0.275625,nan,-0.463443,-0.279842,-0.337234,-0.278464,0.0741952,0.0695714,-0.414214,-0.00653571,0.0676339,-1.5
2276,-73.0367,170.212,-0.417535,0.0416667,2.70833,0.148541,1.51579,0.7095,-0.00944886,7.33622,5.92593e-05,0.0108382,0.446586,13560,0.553783,0.35241,-0.4,0.25,1,249.285,2.79675e+07,0.0622982,0.00327878,0.0409383,0.000994066,-0.410544,0.0510636,-0.027253,nan,nan,nan,nan,-0.0098935,-0.0363182,-0.00941935,nan,-0.0798743,-0.000151515,-0.0684313,-0.240524,nan,-0.501315,-0.235208,-0.304155,-0.254682,0.0675782,0.0555758,-0.374788,-0.00509091,0.0657197,-1.5
2277,-84.258,208.846,-0.418609,0,2.70833,0.146637,1.52489,0.72616,-0.00849185,7.33464,5.92593e-05,0.0135823,0.44656,12043.4,0.644392,0.375919,-0.4,0.25,1,250.307,2.79798e+07,0.0829146,0.0034947,0.0502936,0.000988565,-0.504642,0.0626538,-0.0307138,nan,nan,nan,nan,-0.0117696,-0.0455916,-0.0113426,nan,-0.0979388,-0.000615385,-0.080099,-0.295343,nan,-0.652675,-0.312246,-0.373473,-0.314169,0.0814629,0.0649231,-0.459508,-0.0056,0.0640385,-1.5
2278,-88.1121,221.217,-0.400656,0,2.5,0.14535,1.51167,0.618784,-0.0108651,7.33417,5.92593e-05,0.0171884,0.446554,12837.4,0.624966,0.332235,-0.4,0.25,1,251.266,2.79921e+07,0.0875694,0.0039439,0.0540468,0.0011945,-0.536761,0.066365,-0.03243,nan,nan,nan,nan,-0.0110545,-0.0425336,-0.0114244,nan,-0.103567,-0.000716667,-0.083258,-0.319079,nan,-0.719786,-0.322982,-0.395131,-0.32355,0.0888179,0.0672,-0.488067,-0.00566667,0.0566667,-1.5
2279,-78.8488,190.362,-0.39969,0,2.41667,0.146007,1.54415,0.516545,-0.00962504,7.33314,8.88889e-05,0.00445857,0.446435,13209,0.621498,0.308776,-0.4,0.25,1,252.198,2.80044e+07,0.0755298,0.00264243,0.0459661,0.00106389,-0.458166,0.0571086,-0.0295379,nan,nan,nan,nan,-0.010746,-0.0409228,-0.0107415,nan,-0.089176,-0.000310345,-0.0763319,-0.273778,nan,-0.551381,-0.333075,-0.337682,-0.280448,0.0760534,0.0626897,-0.415655,-0.00455172,0.0743534,-1.5
2280,-84.2966,214.095,-0.405898,0.0416667,2.58333,0.145396,1.53868,0.526711,-0.0125115,7.32663,8.88889e-05,0.0152844,0.446122,14959.1,0.55273,0.268707,-0.4,0.25,1,253.036,2.80166e+07,0.0855354,0.00358466,0.0522403,0.00118223,-0.51402,0.0642286,-0.0331937,nan,nan,nan,nan,-0.0115973,-0.0448822,-0.0118048,nan,-0.100107,-0.00031746,-0.0803068,-0.303051,nan,-0.633826,-0.333834,-0.379625,-0.316476,0.0837231,0.0738413,-0.468508,-0.00612698,0.0605159,-1.5
2281,-80.6605,198.788,-0.384406,0,2.16667,0.145608,1.53104,0.635912,-0.00960543,7.31939,8.88889e-05,0.0115066,0.445945,16432.5,0.501618,0.246169,-0.4,0.25,1,253.785,2.80289e+07,0.0814339,0.0031184,0.0494594,0.00105773,-0.475674,0.0596365,-0.0329115,nan,nan,nan,nan,-0.0115049,-0.0473429,-0.0118977,nan,-0.0934698,-0.00025,-0.0741287,-0.286512,nan,-0.578318,-0.321656,-0.354974,-0.297173,0.0787205,0.0703077,-0.431077,-0.00584615,0.059375,-1.5
2282,-83.6589,214.295,-0.40366,0.0416667,2.5,0.144908,1.52933,0.671617,-0.0116678,7.31517,8.88889e-05,0.0161228,0.445799,12531.5,0.620059,0.360514,-0.4,0.25,1,254.767,2.80412e+07,0.0795814,0.00339213,0.0517112,0.00122796,-0.515697,0.0642885,-0.0420344,nan,nan,nan,nan,-0.013155,-0.0525684,-0.0138466,nan,-0.100521,-0.000540984,-0.0682911,-0.305938,nan,-0.540271,-0.350147,-0.380309,-0.346131,0.0838582,0.0842623,-0.464393,-0.00662295,0.0786885,-1.5
2283,-84.2838,207.321,-0.392826,0,2.33333,0.143451,1.5327,0.61875,-0.0119863,7.3112,8.88889e-05,0.017066,0.445674,12782.8,0.628956,0.332338,-0.4,0.25,1,255.73,2.80535e+07,0.0849675,0.00324724,0.050867,0.000950131,-0.4969,0.0621964,-0.0275232,nan,nan,nan,nan,-0.00959604,-0.0372142,-0.00973933,nan,-0.0970969,-0.000267857,-0.0723128,-0.297125,nan,-0.734624,-0.256341,-0.369346,-0.313446,0.0821975,0.0557143,-0.453286,-0.00453571,0.0609375,-1.5
2284,-76.0908,187.044,-0.360431,0.0416667,1.83333,0.14377,1.5293,0.657278,-0.0116155,7.30825,8.88889e-05,0.0186271,0.445566,13086.5,0.598968,0.340016,-0.4,0.25,1,256.67,2.80658e+07,0.0729071,0.00257857,0.0456939,0.00120687,-0.45164,0.0561133,-0.03098,nan,nan,nan,nan,-0.0112967,-0.0416267,-0.0112722,nan,-0.0876446,-0.000288889,-0.077459,-0.272273,nan,-0.483848,-0.301465,-0.335947,-0.269533,0.0745736,0.0683556,-0.412178,-0.006,0.0805556,-1.5
2285,-86.6997,223.766,-0.411921,0,2.66667,0.143928,1.52129,0.620405,-0.0126668,7.30424,8.88889e-05,0.0191303,0.445384,13425,0.637727,0.277581,-0.4,0.25,1,257.587,2.80781e+07,0.0909771,0.0036334,0.0535021,0.00129618,-0.537553,0.0671297,-0.0384656,nan,nan,nan,nan,-0.0134918,-0.0535094,-0.0140747,nan,-0.105014,-0.00025,-0.0770662,-0.313983,nan,-0.611894,-0.329786,-0.39887,-0.344719,0.0890477,0.0795,-0.486687,-0.00690625,0.0658203,-1.5
2286,-85.5904,222.17,-0.385002,0,2.20833,0.14598,1.51341,0.588473,-0.0145135,7.29966,8.88889e-05,0.0101585,0.445261,15485.5,0.527316,0.266202,-0.4,0.25,1,258.382,2.80904e+07,0.0946698,0.00364304,0.0543055,0.00130914,-0.531771,0.0666509,-0.0421792,nan,nan,nan,nan,-0.0149001,-0.0593758,-0.0155309,nan,-0.104166,-0.000320755,-0.0845415,-0.318677,nan,-0.532974,-0.365565,-0.399401,-0.343415,0.0878321,0.0906415,-0.484981,-0.00735849,0.0783019,-1.5
2287,-86.9002,225.594,-0.410796,0,2.66667,0.14773,1.51421,0.60628,-0.00855204,7.29624,8.88889e-05,0.014983,0.445133,12630.6,0.60858,0.364293,-0.4,0.25,1,259.356,2.81027e+07,0.0852977,0.0037658,0.0541782,0.00131912,-0.542502,0.0676781,-0.0386813,nan,nan,nan,nan,-0.0130503,-0.0504224,-0.0138674,nan,-0.10575,-0.000484375,-0.079606,-0.323024,nan,-0.625848,-0.336521,-0.402908,-0.335109,0.0873994,0.082875,-0.492687,-0.00715625,0.0927734,-1.5
2288,-87.0089,221.293,-0.394686,0,2.41667,0.142571,1.51181,0.608031,-0.0125989,7.29161,5.92593e-05,0.0206117,0.444927,12547,0.6252,0.354157,-0.4,0.25,1,260.337,2.81149e+07,0.0820542,0.00372133,0.053822,0.00120505,-0.530364,0.0663879,-0.0356569,nan,nan,nan,nan,-0.0126392,-0.0490116,-0.0128135,nan,-0.1039,-0.000706897,-0.0806296,-0.314715,nan,-0.63919,-0.333362,-0.395031,-0.339259,0.0872699,0.0776552,-0.482069,-0.00586207,0.0724138,-1.5
2289,-77.5958,186.036,-0.391966,0,2.33333,0.144372,1.53327,0.662237,-0.0104029,7.28739,5.92593e-05,0.00763496,0.44484,12758.9,0.619053,0.344038,-0.4,0.25,1,261.302,2.81272e+07,0.0751805,0.00291727,0.044754,0.00108299,-0.445259,0.0558107,-0.0306232,nan,nan,nan,nan,-0.0108219,-0.0376583,-0.0104688,nan,-0.087358,-0.000446429,-0.0721648,-0.265093,nan,-0.554448,-0.242364,-0.331889,-0.271071,0.0732662,0.0612857,-0.407357,-0.00467857,0.0473214,-1.5
2290,-76.4485,182.133,-0.399638,0,2.5,0.141481,1.51712,0.725964,-0.00885075,7.28448,5.92593e-05,0.0143616,0.444702,13345.6,0.637857,0.282895,-0.4,0.25,1,262.224,2.81395e+07,0.0788609,0.00337529,0.044414,0.00112574,-0.435572,0.05464,-0.028325,nan,nan,nan,nan,-0.00986213,-0.0360769,-0.0100635,nan,-0.0855325,-0.00075,-0.0604309,-0.260934,nan,-0.539713,-0.295976,-0.324666,-0.2698,0.0719664,0.0621333,-0.403067,-0.00473333,0.0575,-1.5
2291,-84.8022,218.5,-0.425809,0,3,0.142414,1.52676,0.684724,-0.00852257,7.28045,5.92593e-05,0.00884963,0.444588,15695.9,0.533345,0.249535,-0.4,0.25,1,263.009,2.81518e+07,0.089359,0.0032621,0.0549699,0.00129928,-0.522766,0.06555,-0.0380417,nan,nan,nan,nan,-0.0135487,-0.0539035,-0.0137954,nan,-0.102677,-0.000680556,-0.0746201,-0.308481,nan,-0.56268,-0.346246,-0.390843,-0.331792,0.0854573,0.0821667,-0.481444,-0.00669444,0.0779514,-1.5
2292,-83.7673,211.404,-0.392897,0,2.375,0.148528,1.53373,0.712979,-0.0101481,7.27779,5.92593e-05,0.0133819,0.444488,16069.7,0.501947,0.26272,-0.4,0.25,1,263.775,2.81641e+07,0.0871523,0.00367795,0.0507633,0.00119961,-0.506539,0.0634211,-0.0307842,nan,nan,nan,nan,-0.0112485,-0.0428366,-0.011046,nan,-0.0993702,-0.000280702,-0.0634995,-0.300354,nan,-0.673725,-0.256712,-0.377698,-0.328474,0.0838281,0.0649123,-0.458105,-0.00522807,0.0640351,-1.5
2293,-92.7854,240.842,-0.389442,0.0416667,2.33333,0.143426,1.53699,0.593469,-0.0108834,7.27401,5.92593e-05,0.0145034,0.444327,12142,0.621647,0.390378,-0.4,0.25,1,264.788,2.81764e+07,0.101863,0.00397977,0.0580061,0.00119386,-0.577402,0.0722526,-0.0335649,nan,nan,nan,nan,-0.0120692,-0.0459309,-0.0120814,nan,-0.113343,-0.000859649,-0.0710211,-0.346781,nan,-0.822766,-0.322569,-0.431694,-0.374526,0.0934219,0.0741053,-0.521404,-0.00585965,0.0592105,-1.5
2294,-81.88,206.131,-0.399349,0,2.54167,0.14348,1.51057,0.6192,-0.00861407,7.27051,5.92593e-05,0.0173667,0.444234,12533.6,0.621951,0.358455,-0.4,0.25,1,265.77,2.81887e+07,0.0817708,0.00351679,0.0496317,0.00109603,-0.489347,0.0618393,-0.0345475,nan,nan,nan,nan,-0.0119647,-0.0463922,-0.0120433,nan,-0.0967712,-0.000360656,-0.0671528,-0.293564,nan,-0.585503,-0.288165,-0.367734,-0.310131,0.0791399,0.0745574,-0.447803,-0.00606557,0.0647541,-1.5
2295,-76.4046,185.032,-0.403875,0.0416667,2.58333,0.14444,1.51456,0.722453,-0.00977982,7.26845,5.92593e-05,0.0133397,0.444175,12724.1,0.616928,0.348795,-0.4,0.25,1,266.738,2.8201e+07,0.0818249,0.00321427,0.0450952,0.00109308,-0.439309,0.0555095,-0.0322127,nan,nan,nan,nan,-0.0109824,-0.0405095,-0.0109295,nan,-0.0868693,-0.000222222,-0.0670943,-0.262648,nan,-0.522392,-0.277119,-0.330164,-0.276952,0.0732742,0.0639365,-0.406349,-0.00619048,0.0535714,-1.5
2296,-83.5849,209.075,-0.384302,0,2.20833,0.142809,1.48261,0.743321,-0.00846872,7.26713,3.95062e-05,0.0200891,0.444133,13575.3,0.614531,0.290643,-0.4,0.25,1,267.645,2.82132e+07,0.082287,0.00340853,0.0511912,0.00113836,-0.502662,0.0627226,-0.0319453,nan,nan,nan,nan,-0.011352,-0.0431041,-0.0114803,nan,-0.098292,-0.000264151,-0.0662061,-0.291546,nan,-0.639,-0.323258,-0.373503,-0.315283,0.0805613,0.0674717,-0.458264,-0.00550943,0.0582547,-1.5
2297,-74.8373,173.951,-0.450196,0,3.375,0.141266,1.49842,0.671413,-0.00919595,7.26594,3.95062e-05,0.0109917,0.444083,15424.6,0.54397,0.252681,-0.4,0.25,1,268.443,2.82255e+07,0.0688497,0.00286656,0.0412204,0.00097666,-0.415118,0.0521852,-0.0255123,nan,nan,nan,nan,-0.00975669,-0.0360391,-0.00920594,nan,-0.0816632,-0.000333333,-0.0578727,-0.253718,nan,-0.544286,-0.267463,-0.312049,-0.250296,0.0678633,0.0551111,-0.379062,-0.00441975,0.0597222,-1.5
2298,-82.1057,204.433,-0.399172,0,2.5,0.140986,1.50133,0.64923,-0.00930104,7.26402,3.95062e-05,0.00971358,0.443988,13404,0.549341,0.367402,-0.4,0.25,1,269.361,2.82378e+07,0.0799531,0.00376648,0.04931,0.00124694,-0.491927,0.06133,-0.0296833,nan,nan,nan,nan,-0.0110935,-0.0411213,-0.010736,nan,-0.0961679,-0.000483333,-0.0647863,-0.295316,nan,-0.621513,-0.257412,-0.367163,-0.30125,0.0798845,0.0654667,-0.445733,-0.0063,0.0558333,-1.5
2299,-65.5286,138.043,-0.364812,0,1.91667,0.143211,1.57811,0.596218,-0.00827101,7.26122,3.95062e-05,0.0115583,0.443897,11988.7,0.642843,0.382125,-0.4,0.25,1,270.388,2.82501e+07,0.053959,0.00263156,0.0325445,0.000769352,-0.326682,0.041413,-0.0230957,nan,nan,nan,nan,-0.00825195,-0.0288788,-0.00797113,nan,-0.0647272,-0.000108696,-0.051438,-0.198296,nan,-0.399296,-0.26021,-0.246362,-0.202891,0.0549351,0.0468696,-0.301652,-0.00426087,0.0410326,-1.5
2300,-78.6889,199.976,-0.349316,0.0833333,1.66667,0.143559,1.5651,0.604015,-0.00706779,7.25874,3.95062e-05,0.0113606,0.443822,12956,0.616547,0.331896,-0.4,0.25,1,271.338,2.82624e+07,0.0817241,0.00305303,0.0479796,0.00118107,-0.475197,0.0599929,-0.03315,nan,nan,nan,nan,-0.0114707,-0.0406865,-0.0113517,nan,-0.09404,-0.000809524,-0.0679452,-0.287947,nan,-0.572209,-0.264948,-0.359543,-0.2975,0.0781441,0.0693333,-0.441048,-0.00561905,0.0720238,-1.5
2301,-71.2895,161.735,-0.376268,0,2.04167,0.144832,1.51793,0.726392,-0.00765964,7.2565,3.95062e-05,0.0129332,0.443734,15706,0.537746,0.244628,-0.4,0.25,1,274.011,2.82747e+07,0.0655366,0.00266876,0.0384082,0.000847123,-0.380086,0.0485204,-0.0245204,nan,nan,nan,nan,-0.00922264,-0.0339624,-0.00843014,nan,-0.0756998,-0.000387755,-0.0537489,-0.237869,nan,-0.517815,-0.198807,-0.288537,-0.235653,0.0620157,0.0526531,-0.358694,-0.004,0.0436224,-1.5
2302,-85.4772,216.567,-0.401894,0,2.5,0.145847,1.51829,0.6418,-0.00832235,7.25436,3.95062e-05,0.00809676,0.443682,16108.4,0.511419,0.251413,-0.4,0.25,1,274.775,2.8287e+07,0.0920438,0.00349205,0.0529603,0.00103656,-0.519131,0.06497,-0.0331817,nan,nan,nan,nan,-0.0112927,-0.0434512,-0.011818,nan,-0.101852,-0.000783333,-0.068784,-0.308454,nan,-0.689908,-0.293019,-0.389236,-0.33085,0.083655,0.0718667,-0.4698,-0.0059,0.0652083,-1.5
2303,-100.846,285.448,-0.394797,0,2.41667,0.14373,1.52823,0.743412,-0.00892378,7.25321,3.95062e-05,0.0112556,0.443648,16161.2,0.508236,0.252104,-0.4,0.25,1,275.537,2.82993e+07,0.118157,0.00479919,0.0699633,0.00165222,-0.681897,0.0856345,-0.0527724,nan,nan,nan,nan,-0.0169437,-0.068842,-0.0187684,nan,-0.133851,-0.000310345,-0.0876614,-0.410006,nan,-0.719589,-0.461643,-0.508751,-0.438259,0.111177,0.114552,-0.622069,-0.00886207,0.118319,-1.5
2304,-78.6396,190.594,-0.421662,0,2.875,0.146099,1.51303,0.726743,-0.00763143,7.25194,3.95062e-05,0.00838561,0.443597,16497.1,0.499445,0.245412,-0.4,0.25,1,276.283,2.83116e+07,0.0841301,0.00377336,0.0452265,0.0010745,-0.450062,0.0571783,-0.0289957,nan,nan,nan,nan,-0.0103794,-0.0410136,-0.0102327,nan,-0.0895469,-0.000565217,-0.0588007,-0.270326,nan,-0.57501,-0.296695,-0.339524,-0.296609,0.0751513,0.0630145,-0.421623,-0.00515942,0.0556159,-1.5
2305,-86.5901,224.984,-0.405198,0,2.58333,0.145899,1.51356,0.674186,-0.00929261,7.25021,3.95062e-05,0.00932573,0.443521,16505.6,0.493765,0.250711,-0.4,0.25,1,277.029,2.83238e+07,0.0921085,0.0033358,0.0546877,0.00150106,-0.533062,0.0674952,-0.039921,nan,nan,nan,nan,-0.0129871,-0.0509308,-0.0138743,nan,-0.105585,-8.06452e-05,-0.0681683,-0.322019,nan,-0.581119,-0.37257,-0.401172,-0.343403,0.0885064,0.0816129,-0.494387,-0.0073871,0.0798387,-1.5
2306,-69.2707,153.847,-0.400514,0,2.45833,0.14764,1.47994,0.613089,-0.00818942,7.24807,3.95062e-05,0.00736334,0.443447,16492.9,0.498634,0.246413,-0.4,0.25,1,277.775,2.83361e+07,0.0603867,0.0026797,0.0361148,0.000920117,-0.363071,0.0461542,-0.0265203,nan,nan,nan,nan,-0.0089152,-0.0321199,-0.0088652,nan,-0.0722978,-0.000118644,-0.0477048,-0.218347,nan,-0.449363,-0.239397,-0.275903,-0.244932,0.0602515,0.0536271,-0.339729,-0.00379661,0.054661,-1.5
2307,-75.9911,174.946,-0.393355,0,2.33333,0.146318,1.50179,0.742029,-0.00615884,7.24632,3.95062e-05,0.00924167,0.443402,16271.8,0.501669,0.253501,-0.4,0.25,1,278.532,2.83484e+07,0.0742429,0.0028754,0.040146,0.00090338,-0.416697,0.0524839,-0.0227107,nan,nan,nan,nan,-0.00877867,-0.0340471,-0.00819533,nan,-0.0823361,-0.00132143,-0.0533459,-0.263772,nan,-0.588712,-0.27213,-0.315337,-0.269411,0.0684179,0.0499286,-0.3835,-0.00389286,0.0433036,-1.5
2308,-89.8173,235.206,-0.409728,0,2.625,0.144982,1.53529,0.652306,-0.00728651,7.24482,3.95062e-05,0.013627,0.443335,16081.6,0.518494,0.245611,-0.4,0.25,1,279.298,2.83607e+07,0.0895097,0.00410239,0.0570215,0.00143063,-0.555804,0.0705619,-0.0414984,nan,nan,nan,nan,-0.0134373,-0.0517855,-0.0145902,nan,-0.110286,-0.000507937,-0.0776015,-0.340455,nan,-0.62605,-0.39556,-0.422148,-0.348524,0.0929757,0.084254,-0.514413,-0.0075873,0.0730159,-1.5
2309,-80.8207,206.549,-0.376257,0.0833333,2.04167,0.14669,1.52519,0.602152,-0.0076879,7.24253,3.95062e-05,0.00931223,0.443233,15890.3,0.514078,0.259226,-0.4,0.25,1,280.072,2.8373e+07,0.0887846,0.00350732,0.0501779,0.00129819,-0.493295,0.0619647,-0.0364843,nan,nan,nan,nan,-0.0123648,-0.04902,-0.013222,nan,-0.0969678,-0.000372549,-0.0701474,-0.295457,nan,-0.532794,-0.409087,-0.369794,-0.306176,0.0806366,0.0788235,-0.448784,-0.00717647,0.0718137,-1.5
2310,-90.4865,242.605,-0.362847,0,1.79167,0.14835,1.53365,0.533635,-0.0090335,7.23957,3.95062e-05,0.0103781,0.443135,16050.3,0.511017,0.254575,-0.4,0.25,1,280.839,2.83853e+07,0.106797,0.00411998,0.0588165,0.00150125,-0.581394,0.0727814,-0.0424233,nan,nan,nan,nan,-0.0133061,-0.053629,-0.014684,nan,-0.114167,-0.000348837,-0.0634554,-0.343907,nan,-0.656226,-0.360251,-0.432909,-0.390419,0.0959398,0.0857674,-0.52986,-0.00730233,0.0872093,-1.5
2311,-83.4971,220.767,-0.39833,0.0416667,2.45833,0.145477,1.52569,0.597581,-0.00821367,7.23746,3.95062e-05,0.00932676,0.443102,16567.9,0.494095,0.247578,-0.4,0.25,1,281.582,2.83976e+07,0.0958517,0.00398743,0.0542262,0.00146805,-0.526385,0.06623,-0.0402167,nan,nan,nan,nan,-0.0128899,-0.0503479,-0.013958,nan,-0.103617,-0.000283333,-0.0683153,-0.311424,nan,-0.568544,-0.334773,-0.39381,-0.3307,0.0870094,0.0848,-0.477667,-0.00666667,0.0847917,-1.5
2312,-78.2822,189.531,-0.37159,0,2.04167,0.13831,1.53152,0.630629,-0.00858186,7.23636,3.95062e-05,0.00857481,0.443022,16506.7,0.495317,0.24911,-0.4,0.25,1,282.328,2.84099e+07,0.0718759,0.0031879,0.0456495,0.00115021,-0.45518,0.0568592,-0.0345367,nan,nan,nan,nan,-0.0114522,-0.0424793,-0.0119275,nan,-0.0889886,-0.000244898,-0.0655181,-0.273025,nan,-0.502426,-0.312459,-0.341271,-0.290143,0.0739968,0.0684082,-0.412816,-0.00628571,0.0688776,-1.5
2313,-95.0897,257.889,-0.366681,0.0416667,1.83333,0.144508,1.53316,0.516155,-0.00856462,7.23349,3.95062e-05,0.00831791,0.442908,16714.9,0.49164,0.243514,-0.4,0.25,1,283.064,2.84221e+07,0.104036,0.00480584,0.0632625,0.00148286,-0.614362,0.0773667,-0.0423733,nan,nan,nan,nan,-0.0135931,-0.0569326,-0.0148395,nan,-0.121284,-0.000444444,-0.0732411,-0.370224,nan,-0.753453,-0.36661,-0.462789,-0.403467,0.100538,0.0873778,-0.553511,-0.00844444,0.08,-1.5
2314,-83.2172,209.681,-0.365694,0.0416667,1.91667,0.145414,1.52064,0.637045,-0.00933372,7.23032,3.95062e-05,0.0123457,0.442804,16619.1,0.494631,0.244758,-0.4,0.25,1,283.805,2.84344e+07,0.0803546,0.00354533,0.0498581,0.00117768,-0.49778,0.0629043,-0.0325213,nan,nan,nan,nan,-0.0112315,-0.0414071,-0.0114018,nan,-0.0985578,-0.000553191,-0.062708,-0.301598,nan,-0.645821,-0.247155,-0.376259,-0.318766,0.0807853,0.0669787,-0.459574,-0.00561702,0.0462766,-1.5
2315,-77.8065,187.654,-0.381112,0,2.16667,0.147791,1.54622,0.649223,-0.0098474,7.22794,3.95062e-05,0.0174455,0.44274,16635.4,0.493698,0.244969,-0.4,0.25,1,284.545,2.84467e+07,0.0854449,0.00346215,0.0445757,0.00101076,-0.445309,0.0562962,-0.0310135,nan,nan,nan,nan,-0.0100499,-0.0390396,-0.0102792,nan,-0.0880076,-0.000730769,-0.0591212,-0.269593,nan,-0.574587,-0.297614,-0.335173,-0.288923,0.076196,0.0606154,-0.406231,-0.00526923,0.0514423,-1.5
2316,-81.6056,204.526,-0.391438,0,2.375,0.144449,1.53366,0.636777,-0.00608831,7.22608,3.95062e-05,0.00529565,0.442647,16379.1,0.500745,0.249481,-0.4,0.25,1,285.297,2.8459e+07,0.0831618,0.00335537,0.0497098,0.00126512,-0.487369,0.0613579,-0.0344649,nan,nan,nan,nan,-0.0115508,-0.0434241,-0.0119279,nan,-0.0959565,-0.00045614,-0.0625293,-0.291973,nan,-0.556739,-0.290556,-0.365116,-0.321947,0.0828924,0.0734737,-0.445614,-0.0057193,0.0541667,-1.5
2317,-90.5645,233.308,-0.380675,0,2.16667,0.143102,1.56408,0.506214,-0.00763493,7.22283,3.95062e-05,0.0108797,0.442529,16561,0.497594,0.244389,-0.4,0.25,1,286.04,2.84713e+07,0.0992769,0.00421325,0.0571672,0.00120479,-0.55792,0.0699923,-0.0334077,nan,nan,nan,nan,-0.0110229,-0.0440463,-0.0116342,nan,-0.109616,-0.000307692,-0.0710536,-0.338597,nan,-0.748784,-0.395156,-0.417743,-0.352615,0.0924007,0.0758462,-0.506769,-0.00638462,0.0627404,-1.5
2318,-97.3409,268.133,-0.364999,0,1.875,0.150396,1.55804,0.627775,-0.00738806,7.22026,5.92593e-05,0.00477314,0.442468,16400.8,0.504686,0.244546,-0.4,0.25,1,286.791,2.84836e+07,0.0984589,0.00448054,0.0658054,0.00165235,-0.638849,0.08044,-0.0443711,nan,nan,nan,nan,-0.0152659,-0.0610208,-0.0164041,nan,-0.125909,-0.000488889,-0.084202,-0.377534,nan,-0.732955,-0.406812,-0.478107,-0.413667,0.104897,0.0962667,-0.580444,-0.00826667,0.0838889,-1.5
2319,-89.1306,231.782,-0.392491,0,2.29167,0.147211,1.54827,0.665823,-0.00973577,7.21816,5.92593e-05,0.0138865,0.442364,16666.1,0.49342,0.243887,-0.4,0.25,1,287.529,2.84959e+07,0.0849377,0.00415248,0.0563474,0.00154606,-0.552088,0.0695345,-0.041,nan,nan,nan,nan,-0.0139479,-0.0540831,-0.01422,nan,-0.108858,-0.000490909,-0.0751852,-0.330684,nan,-0.599433,-0.407906,-0.414943,-0.359782,0.0917057,0.0881455,-0.510618,-0.008,0.0715909,-1.5
2320,-95.6353,265.059,-0.373921,0.0833333,2.04167,0.144689,1.50534,0.653798,-0.00968431,7.21527,5.92593e-05,0.0150162,0.44229,16743.6,0.489552,0.24434,-0.4,0.25,1,288.265,2.85082e+07,0.103502,0.00421966,0.0644057,0.00163954,-0.62768,0.0795176,-0.049049,nan,nan,nan,nan,-0.0155932,-0.0630797,-0.0165792,nan,-0.124832,-0.000392157,-0.0733869,-0.38083,nan,-0.689801,-0.421443,-0.475255,-0.436471,0.105941,0.101176,-0.57451,-0.00839216,0.0901961,-1.5
2321,-94.9873,250.66,-0.381873,0.0416667,2.16667,0.140701,1.55596,0.626572,-0.0104385,7.21351,5.92593e-05,0.0186535,0.442234,16046.9,0.503172,0.262581,-0.4,0.25,1,289.032,2.85204e+07,0.0904154,0.00389236,0.0621196,0.0014295,-0.595573,0.0751981,-0.0413226,nan,nan,nan,nan,-0.0139479,-0.0541222,-0.0143836,nan,-0.117353,-0.00054717,-0.0889352,-0.358329,nan,-0.707147,-0.495651,-0.447069,-0.372792,0.0981349,0.0876981,-0.549811,-0.00769811,0.0839623,-1.5
2322,-86.1407,224.701,-0.414417,0.0416667,2.75,0.148782,1.49975,0.670956,-0.00996688,7.21125,5.92593e-05,0.0106149,0.442125,11481.4,0.689075,0.38118,-0.4,0.25,1,290.104,2.85327e+07,0.0870928,0.00386645,0.0546131,0.00148028,-0.531602,0.0674104,-0.0401776,nan,nan,nan,nan,-0.0137338,-0.0548838,-0.0143447,nan,-0.105079,-0.00080597,-0.0819214,-0.317824,nan,-0.563407,-0.415823,-0.399563,-0.336582,0.0876421,0.0858507,-0.486985,-0.00734328,0.0720149,-1.5
2323,-87.4507,237,-0.364364,0.0416667,1.875,0.14659,1.50907,0.719256,-0.00885347,7.2083,5.92593e-05,0.00822088,0.44205,12735.3,0.649827,0.31505,-0.4,0.25,1,291.07,2.8545e+07,0.0982975,0.00365371,0.0593167,0.00154535,-0.560867,0.0711,-0.0446457,nan,nan,nan,nan,-0.0139989,-0.0560782,-0.0153816,nan,-0.111055,-0.000217391,-0.0733477,-0.329795,nan,-0.573974,-0.368971,-0.420146,-0.371935,0.0935892,0.094087,-0.51687,-0.0073913,0.0817935,-1.5
2324,-90.4587,234.696,-0.394099,0,2.33333,0.144644,1.53266,0.630457,-0.0105744,7.20569,5.92593e-05,0.0123212,0.441943,13402.6,0.590708,0.326129,-0.4,0.25,1,291.988,2.85573e+07,0.0967679,0.00373515,0.0567241,0.00132677,-0.556447,0.0704089,-0.0386107,nan,nan,nan,nan,-0.0134604,-0.0549057,-0.0136483,nan,-0.110293,-0.0005,-0.0666173,-0.330462,nan,-0.671749,-0.360958,-0.419625,-0.381054,0.0922887,0.0787857,-0.518071,-0.00710714,0.0689732,-1.5
2325,-91.968,245.549,-0.381801,0,2.125,0.14882,1.54996,0.632702,-0.00857342,7.20265,5.92593e-05,0.00737771,0.441845,13487.3,0.625001,0.286079,-0.4,0.25,1,292.901,2.85696e+07,0.0878542,0.00342881,0.0588569,0.00142682,-0.57574,0.0736647,-0.0387569,nan,nan,nan,nan,-0.0136742,-0.0528768,-0.0139805,nan,-0.11488,-0.000254902,-0.0830517,-0.354402,nan,-0.692474,-0.363533,-0.434376,-0.363412,0.0959734,0.0857255,-0.538196,-0.00756863,0.0776961,-1.5
2326,-97.8525,266.756,-0.361752,0,1.875,0.144327,1.52955,0.569499,-0.0108719,7.20027,5.92593e-05,0.0187594,0.441772,16140.6,0.509996,0.251315,-0.4,0.25,1,293.664,2.85819e+07,0.09808,0.00424244,0.0650814,0.00162038,-0.626793,0.0800267,-0.0449689,nan,nan,nan,nan,-0.0154509,-0.0641892,-0.0160173,nan,-0.124833,-0.000333333,-0.0894532,-0.376614,nan,-0.706018,-0.472274,-0.476419,-0.420333,0.105917,0.0978667,-0.579467,-0.00764444,0.0913889,-1.5
2327,-90.1434,233.036,-0.382464,0.0833333,2.20833,0.144279,1.53843,0.649052,-0.009526,7.19807,5.92593e-05,0.00994039,0.44169,16780.4,0.488966,0.243316,-0.4,0.25,1,294.397,2.85942e+07,0.0889022,0.00397273,0.0564459,0.00118018,-0.546716,0.0699109,-0.0320418,nan,nan,nan,nan,-0.0115165,-0.0415347,-0.0115729,nan,-0.109091,-0.000254545,-0.0749517,-0.336504,nan,-0.770355,-0.369919,-0.415073,-0.338236,0.0908621,0.0686545,-0.508582,-0.00541818,0.0561364,-1.5
2328,-88.3637,232.803,-0.402673,0,2.54167,0.14104,1.52686,0.618856,-0.00936702,7.19555,3.95062e-05,0.0213213,0.441588,16321.2,0.489789,0.263098,-0.4,0.25,1,295.151,2.86065e+07,0.0927527,0.00471945,0.0582408,0.00142282,-0.545523,0.069841,-0.0394525,nan,nan,nan,nan,-0.0138045,-0.0509475,-0.0142255,nan,-0.108902,-0.00047541,-0.0826868,-0.325343,nan,-0.620361,-0.395412,-0.411234,-0.346131,0.0908216,0.0857705,-0.500131,-0.00668852,0.0877049,-1.5
2329,-93.2008,243.844,-0.362158,0,1.875,0.144476,1.54476,0.542451,-0.00709748,7.19317,3.95062e-05,0.00830089,0.441524,15050.2,0.563058,0.253412,-0.4,0.25,1,295.97,2.86188e+07,0.0998691,0.00422732,0.0604275,0.00136641,-0.574028,0.0731533,-0.0387311,nan,nan,nan,nan,-0.0132579,-0.0535397,-0.0135328,nan,-0.11433,-0.000577778,-0.0749942,-0.343981,nan,-0.74357,-0.409445,-0.431756,-0.373267,0.0940146,0.0815111,-0.529956,-0.00715556,0.0747222,-1.5
2330,-94.1259,254.558,-0.359094,0.0416667,1.75,0.14769,1.55338,0.582752,-0.00883861,7.19099,3.95062e-05,0.0107942,0.441437,15771.7,0.512902,0.266216,-0.4,0.25,1,296.75,2.8631e+07,0.100053,0.00393969,0.0630089,0.00152539,-0.603645,0.0763674,-0.0433279,nan,nan,nan,nan,-0.0148405,-0.0586112,-0.0153238,nan,-0.119289,-0.000813953,-0.0924055,-0.357719,nan,-0.699694,-0.416716,-0.452923,-0.378837,0.0992455,0.0916279,-0.558791,-0.00772093,0.0758721,-1.5
2331,-92.4961,244.673,-0.381595,0,2.16667,0.149368,1.54067,0.619209,-0.0084612,7.18865,3.95062e-05,0.0115943,0.441349,11873.3,0.686666,0.348258,-0.4,0.25,1,297.787,2.86433e+07,0.0983917,0.00418571,0.0600877,0.00127537,-0.571373,0.0734019,-0.0396615,nan,nan,nan,nan,-0.0133537,-0.0490051,-0.0137811,nan,-0.114438,-0.000384615,-0.0956655,-0.339705,nan,-0.733712,-0.368068,-0.4315,-0.369635,0.0960339,0.0837692,-0.536769,-0.00673077,0.078125,-1.5
2332,-78.4554,190.471,-0.377668,0,2.125,0.147065,1.5206,0.708183,-0.00773699,7.18609,3.95062e-05,0.0112054,0.44127,12193.9,0.637602,0.370118,-0.4,0.25,1,298.796,2.86556e+07,0.0713196,0.00307922,0.0473558,0.00111277,-0.441989,0.0571412,-0.0330294,nan,nan,nan,nan,-0.0112655,-0.0417101,-0.011114,nan,-0.0890576,-0.000254902,-0.0656523,-0.268978,nan,-0.527961,-0.342587,-0.337965,-0.288706,0.0760809,0.0672157,-0.417333,-0.00623529,0.0705882,-1.5
2333,-94.771,258.34,-0.366491,0.0416667,1.91667,0.14369,1.52363,0.581186,-0.00720017,7.18409,3.95062e-05,0.00756499,0.441206,12720.6,0.642786,0.323208,-0.4,0.25,1,299.764,2.86679e+07,0.107654,0.00440386,0.0645846,0.00136233,-0.605064,0.0775021,-0.0397277,nan,nan,nan,nan,-0.0133077,-0.0513577,-0.0140362,nan,-0.120651,-0.000340426,-0.0828423,-0.364792,nan,-0.77112,-0.36487,-0.454001,-0.386362,0.101728,0.0876596,-0.562128,-0.00740426,0.0760638,-1.5
2334,-91.869,244.102,-0.368831,0.0833333,1.95833,0.14677,1.48557,0.566319,-0.00964874,7.18213,3.95062e-05,0.0112942,0.441138,13008,0.620708,0.323944,-0.4,0.25,1,300.71,2.86802e+07,0.0900494,0.00348437,0.0598796,0.00135079,-0.575768,0.0732306,-0.0403082,nan,nan,nan,nan,-0.0141651,-0.0567361,-0.0143127,nan,-0.114625,-0.00022449,-0.0727806,-0.342151,nan,-0.700718,-0.451265,-0.436376,-0.376653,0.0964534,0.0843265,-0.532327,-0.00726531,0.0709184,-1.5
2335,-87.8243,230.245,-0.380222,0.0416667,2.16667,0.15164,1.54403,0.605633,-0.00899929,7.1799,3.95062e-05,0.013367,0.441059,16269.8,0.512526,0.242737,-0.4,0.25,1,301.467,2.86925e+07,0.10523,0.00371665,0.0581521,0.0012995,-0.539933,0.0690736,-0.0363415,nan,nan,nan,nan,-0.0114802,-0.0452071,-0.0125389,nan,-0.108051,-0.000773585,-0.0709569,-0.321409,nan,-0.711794,-0.359391,-0.407575,-0.349415,0.0907168,0.0781887,-0.500226,-0.00758491,0.0686321,-1.5
2336,-87.9061,226.593,-0.378667,0.0416667,2.20833,0.143956,1.56287,0.704246,-0.00816578,7.17767,3.95062e-05,0.00958294,0.440971,16701.1,0.493334,0.242428,-0.4,0.25,1,302.204,2.87048e+07,0.0794217,0.00388502,0.0557554,0.00119527,-0.532778,0.0679778,-0.0382463,nan,nan,nan,nan,-0.0122525,-0.0470692,-0.0130823,nan,-0.105839,-0.000203704,-0.0791179,-0.316144,nan,-0.678921,-0.370273,-0.400954,-0.3415,0.0907965,0.0768148,-0.489259,-0.00644444,0.0645833,-1.5
2337,-98.0641,265.278,-0.381883,0,2.25,0.143826,1.53753,0.68614,-0.00788565,7.17544,3.95062e-05,0.011688,0.440912,15973.2,0.491707,0.277581,-0.4,0.25,1,302.974,2.87171e+07,0.103236,0.00422378,0.0668262,0.00126667,-0.616798,0.0795833,-0.0436407,nan,nan,nan,nan,-0.0135484,-0.0539763,-0.0147585,nan,-0.124342,-0.000296296,-0.0845922,-0.3683,nan,-0.828584,-0.410428,-0.46817,-0.406111,0.106731,0.084,-0.568815,-0.00762963,0.0773148,-1.5
2338,-101.92,276.391,-0.362824,0,1.91667,0.143359,1.52681,0.627206,-0.00565121,7.17394,3.95062e-05,0.00608538,0.440869,14833.4,0.498672,0.329726,-0.4,0.25,1,303.804,2.87293e+07,0.0984499,0.00491807,0.0687604,0.00143838,-0.648839,0.0829174,-0.042687,nan,nan,nan,nan,-0.0138204,-0.0566366,-0.0148503,nan,-0.129719,-0.000282609,-0.0915008,-0.397928,nan,-0.85019,-0.447143,-0.490279,-0.427696,0.108637,0.0903478,-0.601391,-0.00778261,0.0817935,-1.5
2339,-87.298,234.884,-0.351645,0.0416667,1.75,0.144353,1.50775,0.567329,-0.00803102,7.17232,3.95062e-05,0.0112138,0.440784,12443.7,0.612335,0.375151,-0.4,0.25,1,304.794,2.87416e+07,0.101325,0.00374041,0.0584717,0.0014175,-0.54923,0.0704651,-0.0440279,nan,nan,nan,nan,-0.014069,-0.0532463,-0.0154834,nan,-0.110021,-0.000465116,-0.0802914,-0.333497,nan,-0.599317,-0.341052,-0.41848,-0.353651,0.0927179,0.0934884,-0.509581,-0.00804651,0.0773256,-1.5
2340,-88.6781,242.5,-0.360815,0.0416667,1.875,0.147251,1.50245,0.679676,-0.00924552,7.1696,3.95062e-05,0.0118584,0.440691,12477.3,0.651137,0.333692,-0.4,0.25,1,305.78,2.87539e+07,0.102878,0.00343873,0.0614969,0.0016064,-0.573458,0.07275,-0.0467326,nan,nan,nan,nan,-0.0151772,-0.0602474,-0.0161942,nan,-0.113781,-0.000108696,-0.0828732,-0.340501,nan,-0.572576,-0.393006,-0.429335,-0.366261,0.0992636,0.102957,-0.527478,-0.00852174,0.0755435,-1.5
2341,-92.2784,247.458,-0.367939,0.0416667,1.95833,0.145376,1.53629,0.648575,-0.00899367,7.16739,3.95062e-05,0.0107186,0.440634,12927.5,0.622663,0.327867,-0.4,0.25,1,306.732,2.87662e+07,0.110733,0.00427611,0.062161,0.00123151,-0.583685,0.0742375,-0.041525,nan,nan,nan,nan,-0.0128952,-0.0517154,-0.0140645,nan,-0.115833,-0.000625,-0.0776318,-0.341602,nan,-0.757026,-0.41511,-0.438539,-0.375,0.0961569,0.0895833,-0.534583,-0.007125,0.0882812,-1.5
2342,-91.138,234.863,-0.37558,0,2.125,0.142484,1.55735,0.748043,-0.00823531,7.16604,3.95062e-05,0.00709108,0.440598,14405,0.566738,0.286298,-0.4,0.25,1,307.587,2.87785e+07,0.0887788,0.00355583,0.0586074,0.00107101,-0.55643,0.0704588,-0.0339412,nan,nan,nan,nan,-0.0109074,-0.0413535,-0.0117264,nan,-0.110141,-0.000588235,-0.0785264,-0.329169,nan,-0.790452,-0.373987,-0.415596,-0.351882,0.0950107,0.072,-0.505255,-0.00501961,0.0659314,-1.5
2343,-94.5745,256.661,-0.394391,0.0416667,2.41667,0.145716,1.52988,0.618546,-0.00822284,7.16424,3.95062e-05,0.00985926,0.4405,16600.5,0.497269,0.24295,-0.4,0.25,1,308.328,2.87908e+07,0.10118,0.00426299,0.0633985,0.0015041,-0.598147,0.0769983,-0.0479322,nan,nan,nan,nan,-0.0160592,-0.065124,-0.016779,nan,-0.120445,-0.000152542,-0.0797752,-0.357303,nan,-0.64976,-0.507213,-0.456466,-0.403475,0.0998348,0.103322,-0.557831,-0.00813559,0.0853814,-1.5
2344,-92.203,248.036,-0.380794,0.0833333,2.25,0.145054,1.5419,0.652023,-0.00809455,7.16077,3.95062e-05,0.00759804,0.440361,16243.8,0.505235,0.25124,-0.4,0.25,1,309.086,2.88031e+07,0.0921521,0.00463674,0.0622952,0.00143784,-0.57997,0.0744107,-0.0438196,nan,nan,nan,nan,-0.014098,-0.0556905,-0.0148335,nan,-0.116198,-0.000678571,-0.0894846,-0.33743,nan,-0.687526,-0.412226,-0.439531,-0.358768,0.0996935,0.0903571,-0.533786,-0.00821429,0.0667411,-1.5
2345,-92.0284,244.803,-0.396589,0,2.54167,0.140915,1.53843,0.630277,-0.0074185,7.15758,3.95062e-05,0.00633257,0.440287,12348.3,0.631427,0.36369,-0.4,0.25,1,310.082,2.88154e+07,0.0958047,0.00402014,0.0615684,0.00128888,-0.573327,0.073441,-0.0360246,nan,nan,nan,nan,-0.0124962,-0.0485614,-0.0129548,nan,-0.114694,-0.000442623,-0.079524,-0.33836,nan,-0.762632,-0.377794,-0.432512,-0.364426,0.0982191,0.076918,-0.527475,-0.00698361,0.0764344,-1.5
2346,-84.3243,222.058,-0.373539,0.0416667,2.125,0.141541,1.52287,0.735284,-0.00784824,7.15558,3.95062e-05,0.0073763,0.4402,12693.1,0.619327,0.348757,-0.4,0.25,1,311.052,2.88276e+07,0.0879651,0.00350322,0.0553179,0.00139249,-0.519999,0.0666173,-0.0368942,nan,nan,nan,nan,-0.0128504,-0.0486314,-0.012921,nan,-0.104241,-0.000153846,-0.0702819,-0.304673,nan,-0.596297,-0.366495,-0.391845,-0.319212,0.0893418,0.0817692,-0.477846,-0.00569231,0.0665865,-1.5
2347,-84.9074,223.176,-0.374868,0.0416667,2.08333,0.140492,1.54294,0.690481,-0.00878064,7.15305,3.95062e-05,0.0113518,0.440125,12918.1,0.619062,0.33216,-0.4,0.25,1,312.005,2.88399e+07,0.0916184,0.00382589,0.056035,0.00142814,-0.521538,0.0669529,-0.040198,nan,nan,nan,nan,-0.0123277,-0.0470408,-0.0130226,nan,-0.104374,-0.000862745,-0.0732084,-0.31074,nan,-0.624317,-0.333144,-0.393752,-0.324706,0.0896756,0.0795294,-0.477961,-0.00729412,0.0683824,-1.5
2348,-102.047,289.6,-0.38004,0.125,2.16667,0.142063,1.54407,0.733885,-0.00460904,7.15162,3.95062e-05,0.00528092,0.440101,13396.6,0.628369,0.288881,-0.4,0.25,1,312.923,2.88522e+07,0.115184,0.0041256,0.0728464,0.00138404,-0.67808,0.08688,-0.0444782,nan,nan,nan,nan,-0.0148285,-0.0576881,-0.0154802,nan,-0.135865,-0.000254545,-0.0973162,-0.405372,nan,-0.890964,-0.452327,-0.511968,-0.429164,0.116556,0.0907636,-0.623636,-0.00774545,0.0863636,-1.5
2349,-89.7764,243.746,-0.414002,0.0416667,2.75,0.140861,1.50863,0.6453,-0.00940024,7.15057,3.95062e-05,0.0160661,0.440049,14442.8,0.522999,0.327804,-0.4,0.25,1,313.776,2.88645e+07,0.097252,0.00397616,0.0613403,0.00151724,-0.570391,0.0731239,-0.0451493,nan,nan,nan,nan,-0.0145072,-0.0565884,-0.0153731,nan,-0.114058,-0.000253731,-0.088729,-0.34029,nan,-0.6141,-0.411756,-0.431783,-0.349836,0.0983975,0.0967761,-0.528358,-0.00707463,0.0770522,-1.5
2350,-84.9396,219.255,-0.361927,0.0416667,1.91667,0.142954,1.52838,0.698697,-0.00804289,7.14892,3.95062e-05,0.0106299,0.439984,12645.2,0.604545,0.367208,-0.4,0.25,1,314.749,2.88768e+07,0.0955292,0.00383482,0.0537402,0.00120376,-0.5125,0.0657766,-0.0375851,nan,nan,nan,nan,-0.0124889,-0.0517514,-0.0133076,nan,-0.102778,-0.000425532,-0.0668382,-0.312853,nan,-0.614668,-0.383497,-0.390294,-0.339447,0.0885716,0.0777872,-0.478894,-0.00638298,0.068617,-1.5
2351,-80.4318,198.519,-0.37917,0.0416667,2.125,0.14712,1.52495,0.612351,-0.00891345,7.14678,3.95062e-05,0.0114246,0.439908,12384.2,0.617883,0.374346,-0.4,0.25,1,315.743,2.88891e+07,0.0821263,0.00368346,0.0481967,0.00104917,-0.468584,0.0595558,-0.0306885,nan,nan,nan,nan,-0.0103749,-0.0376934,-0.0102739,nan,-0.0929597,-0.000961538,-0.0659022,-0.279349,nan,-0.620654,-0.333256,-0.352141,-0.296712,0.0824285,0.0638462,-0.431462,-0.005,0.0485577,-1.5
2352,-92.6685,252.444,-0.357838,0.0416667,1.83333,0.142272,1.51389,0.643096,-0.00848072,7.14504,3.95062e-05,0.00911028,0.439868,12539.2,0.620383,0.359581,-0.4,0.25,1,316.724,2.89014e+07,0.115356,0.00441367,0.0641848,0.00167384,-0.593465,0.0757333,-0.0458156,nan,nan,nan,nan,-0.0140629,-0.0562671,-0.0161986,nan,-0.118047,-0.000377778,-0.0795983,-0.354269,nan,-0.657157,-0.50377,-0.444883,-0.379733,0.102193,0.0993778,-0.547556,-0.00857778,0.0669444,-1.5
2353,-85.7793,219.14,-0.355783,0,1.79167,0.143739,1.50222,0.625103,-0.0092842,7.14381,3.95062e-05,0.015429,0.439813,15226.8,0.543037,0.263959,-0.4,0.25,1,317.532,2.89137e+07,0.102385,0.00367445,0.0545592,0.00102582,-0.513572,0.0657419,-0.0303512,nan,nan,nan,nan,-0.0102734,-0.036702,-0.0102426,nan,-0.102277,-0.00044186,-0.0825561,-0.310438,nan,-0.744207,-0.251894,-0.385589,-0.300349,0.0889922,0.0637209,-0.478884,-0.0055814,0.0415698,-1.5
2354,-84.1843,215.797,-0.395709,0,2.45833,0.14411,1.52621,0.685172,-0.00833517,7.14224,3.95062e-05,0.00812843,0.439753,15992.8,0.502012,0.266334,-0.4,0.25,1,318.302,2.8926e+07,0.0820662,0.00363138,0.0548402,0.00125398,-0.501553,0.064739,-0.0396831,nan,nan,nan,nan,-0.0136379,-0.0523507,-0.0136789,nan,-0.100841,-0.000372881,-0.0781179,-0.298983,nan,-0.551688,-0.404468,-0.378376,-0.319678,0.086239,0.0818305,-0.464949,-0.0079322,0.0739407,-1.5
2355,-85.8674,223.744,-0.355819,0,1.79167,0.137057,1.56859,0.648618,-0.00784718,7.13996,3.95062e-05,0.00817629,0.439645,14611.3,0.502917,0.338076,-0.4,0.25,1,319.144,2.89382e+07,0.0851284,0.00390147,0.0562121,0.00135029,-0.525842,0.0671233,-0.0378837,nan,nan,nan,nan,-0.0130765,-0.0524744,-0.0130821,nan,-0.10465,-0.000255814,-0.0714828,-0.311309,nan,-0.61673,-0.341017,-0.396762,-0.328047,0.090567,0.0811163,-0.484,-0.00627907,0.0686047,-1.5
2356,-87.0937,235.404,-0.367826,0.0416667,1.91667,0.142958,1.53701,0.604675,-0.00796742,7.13658,3.95062e-05,0.0105258,0.439531,12455.7,0.646415,0.340123,-0.4,0.25,1,320.133,2.89505e+07,0.0983938,0.0043319,0.0587638,0.00153433,-0.550218,0.0706213,-0.0411979,nan,nan,nan,nan,-0.0141732,-0.0562021,-0.0146138,nan,-0.11017,-0.000276596,-0.0773345,-0.328891,nan,-0.596872,-0.404924,-0.414492,-0.352723,0.0946302,0.0908936,-0.50766,-0.00685106,0.0760638,-1.5
2357,-88.8608,234.489,-0.365893,0,1.875,0.144701,1.55131,0.646121,-0.00596552,7.13365,5.92593e-05,0.00427419,0.439432,12301.2,0.645964,0.35296,-0.4,0.25,1,321.133,2.89628e+07,0.105472,0.0036184,0.0576084,0.00140542,-0.552083,0.0703467,-0.0401311,nan,nan,nan,nan,-0.0137173,-0.0526763,-0.0137016,nan,-0.110006,-0.000288889,-0.0779058,-0.328556,nan,-0.631204,-0.343229,-0.416552,-0.3492,0.0944221,0.0841778,-0.511467,-0.00697778,0.0647222,-1.5
2358,-92.3189,252.102,-0.37443,0,2.04167,0.141381,1.52741,0.630119,-0.0103849,7.13047,5.92593e-05,0.0144595,0.43932,13187.9,0.617114,0.314646,-0.4,0.25,1,322.066,2.89751e+07,0.104051,0.00449991,0.0634067,0.0016801,-0.590921,0.0756306,-0.0434796,nan,nan,nan,nan,-0.01437,-0.055731,-0.0150949,nan,-0.117935,-0.000326531,-0.0826488,-0.346185,nan,-0.650364,-0.440024,-0.446385,-0.387306,0.102399,0.0926531,-0.549143,-0.00816327,0.0890306,-1.5
2359,-85.0963,214.511,-0.368579,0,1.95833,0.142747,1.54585,0.524403,-0.0100199,7.12914,5.92593e-05,0.0151498,0.439375,14447.6,0.569938,0.280583,-0.4,0.25,1,322.918,2.89874e+07,0.0882588,0.00328091,0.0543149,0.00112727,-0.500816,0.0643532,-0.0328787,nan,nan,nan,nan,-0.0120758,-0.0426656,-0.0118384,nan,-0.100187,-0.000765957,-0.0913164,-0.299993,nan,-0.628096,-0.394876,-0.379416,-0.301915,0.0867587,0.0721702,-0.465532,-0.00523404,0.0585106,-1.5
2360,-101.027,288.151,-0.381964,0.0416667,2.16667,0.151119,1.54044,0.60292,-0.0108874,7.13046,5.92593e-05,0.017292,0.439362,14307,0.512315,0.346567,-0.4,0.25,1,323.779,2.89997e+07,0.103904,0.00491911,0.0710965,0.0019202,-0.673541,0.0864453,-0.0551415,nan,nan,nan,nan,-0.0188268,-0.0730413,-0.0189183,nan,-0.135,-0.000584906,-0.110058,-0.41057,nan,-0.669017,-0.448951,-0.512802,-0.429792,0.116948,0.113811,-0.62566,-0.00928302,0.104009,-1.5
2361,-77.4922,182.333,-0.361995,0,1.875,0.146607,1.5231,0.588538,-0.00890703,7.12877,8.88889e-05,0.00140516,0.439253,12518.1,0.655547,0.326068,-0.4,0.25,1,324.762,2.9012e+07,0.0747954,0.00359555,0.0450029,0.000863698,-0.423526,0.0547,-0.0249,nan,nan,nan,nan,-0.00874761,-0.0310261,-0.00824632,nan,-0.0852268,-0.0008,-0.0617378,-0.260661,nan,-0.612674,-0.305733,-0.322359,-0.266333,0.0731217,0.0546667,-0.402844,-0.00471111,0.0430556,-1.5
2362,-99.5052,275,-0.353929,0.0416667,1.70833,0.146684,1.52293,0.694276,-0.00993942,7.12455,8.88889e-05,0.010929,0.4391,12647.9,0.643603,0.327941,-0.4,0.25,1,325.735,2.90243e+07,0.119805,0.0043562,0.0687432,0.00138059,-0.643129,0.0825,-0.0380643,nan,nan,nan,nan,-0.0129966,-0.0530797,-0.0135959,nan,-0.128495,-0.000214286,-0.0930767,-0.386261,nan,-0.877205,-0.414417,-0.485904,-0.417214,0.111688,0.0822857,-0.589429,-0.00619048,0.078869,-1.5
2363,-91.5231,239.641,-0.348282,0,1.625,0.146145,1.53199,0.607567,-0.012829,7.12055,8.88889e-05,0.0185184,0.438969,12115.7,0.614337,0.399886,-0.4,0.25,1,326.751,2.90365e+07,0.0915946,0.00332917,0.0598407,0.00126261,-0.561454,0.0718923,-0.033859,nan,nan,nan,nan,-0.0117384,-0.0460083,-0.0121494,nan,-0.112016,-0.000358974,-0.0759754,-0.323689,nan,-0.756099,-0.356425,-0.423817,-0.372231,0.0946075,0.078359,-0.52759,-0.00774359,0.061859,-1.5
2364,-92.1358,249.327,-0.374626,0,2.04167,0.144282,1.53975,0.699541,-0.011838,7.11712,8.88889e-05,0.0165832,0.438846,14140.9,0.579861,0.289107,-0.4,0.25,1,327.622,2.90488e+07,0.0898095,0.00353352,0.0611584,0.00160602,-0.585689,0.074798,-0.0467939,nan,nan,nan,nan,-0.0166858,-0.0670071,-0.0166867,nan,-0.116868,-0.000122449,-0.0845161,-0.34878,nan,-0.575245,-0.413759,-0.444717,-0.394286,0.0983274,0.100735,-0.547429,-0.00812245,0.0961735,-1.5
2365,-86.9837,223.632,-0.392584,0,2.375,0.147954,1.55402,0.702948,-0.00828039,7.11401,8.88889e-05,0.0137954,0.438757,14958.3,0.498832,0.322651,-0.4,0.25,1,328.445,2.90611e+07,0.0912642,0.00368285,0.0538462,0.00134946,-0.52212,0.0670895,-0.0340088,nan,nan,nan,nan,-0.0123732,-0.0480779,-0.0121395,nan,-0.104832,-0.000438596,-0.0795648,-0.316737,nan,-0.634104,-0.370143,-0.398215,-0.341316,0.0904015,0.0725614,-0.492842,-0.00596491,0.0655702,-1.5
2366,-73.5261,165.884,-0.357337,0,1.79167,0.147306,1.48813,0.555175,-0.0113661,7.11141,8.88889e-05,0.0137938,0.438665,12521.2,0.636277,0.345097,-0.4,0.25,1,329.428,2.90734e+07,0.0627998,0.00281005,0.0393569,0.000894846,-0.387328,0.0497651,-0.024086,nan,nan,nan,nan,-0.00831447,-0.0309258,-0.00837296,nan,-0.0776861,-0.00055814,-0.0569072,-0.236334,nan,-0.545238,-0.266575,-0.292833,-0.254581,0.0630183,0.0495814,-0.370419,-0.00469767,0.0459302,-1.5
2367,-94.5267,260.517,-0.396439,0.0416667,2.45833,0.150493,1.52008,0.638276,-0.0113748,7.10834,8.88889e-05,0.016342,0.438549,12217,0.659316,0.346496,-0.4,0.25,1,330.435,2.90857e+07,0.0944599,0.00420679,0.0641142,0.00160747,-0.610088,0.078155,-0.04198,nan,nan,nan,nan,-0.0155068,-0.060816,-0.0154569,nan,-0.121891,-0.00065,-0.098363,-0.362792,nan,-0.697327,-0.410095,-0.458517,-0.37805,0.102485,0.0920667,-0.571467,-0.0077,0.0870833,-1.5
2368,-101.027,277.648,-0.381793,0.0416667,2.20833,0.144932,1.53634,0.673914,-0.0122278,7.10453,8.88889e-05,0.0144175,0.438356,13327,0.599315,0.322724,-0.4,0.25,1,331.358,2.9098e+07,0.104268,0.00447807,0.0709243,0.00150537,-0.644306,0.0832944,-0.0456056,nan,nan,nan,nan,-0.0150544,-0.0591837,-0.0161378,nan,-0.129665,-0.000555556,-0.103667,-0.386435,nan,-0.800501,-0.534772,-0.491531,-0.406,0.109892,0.0988889,-0.601333,-0.00755556,0.0710648,-1.5
2369,-99.4787,281.044,-0.356455,0.0416667,1.83333,0.143791,1.55879,0.644379,-0.011094,7.09751,8.88889e-05,0.0147471,0.438098,13862.8,0.602537,0.283861,-0.4,0.25,1,332.246,2.91103e+07,0.115894,0.004235,0.0697512,0.00167223,-0.656201,0.0843133,-0.04826,nan,nan,nan,nan,-0.0166071,-0.0653996,-0.0170997,nan,-0.131489,-0.000222222,-0.104699,-0.393077,nan,-0.745834,-0.407442,-0.497689,-0.4156,0.111234,0.101689,-0.613244,-0.00924444,0.0988889,-1.5
2370,-103.758,295.206,-0.402443,0.0416667,2.58333,0.143543,1.50821,0.766366,-0.0146668,7.09219,8.88889e-05,0.0136445,0.43801,15953.3,0.520057,0.250189,-0.4,0.25,1,333.018,2.91226e+07,0.113031,0.00475804,0.0740607,0.00189368,-0.691329,0.0885619,-0.0526683,nan,nan,nan,nan,-0.016827,-0.0691446,-0.0181602,nan,-0.138066,-0.000603175,-0.101806,-0.405096,nan,-0.783491,-0.519858,-0.522816,-0.446952,0.116957,0.109143,-0.63619,-0.00939683,0.093254,-1.5
2371,-94.5579,254.426,-0.382868,0,2.25,0.146457,1.53108,0.693807,-0.0108149,7.08909,8.88889e-05,0.0156623,0.43781,16540.3,0.495337,0.247577,-0.4,0.25,1,333.762,2.91348e+07,0.101602,0.00408339,0.0628231,0.00126206,-0.600236,0.0763278,-0.0372648,nan,nan,nan,nan,-0.0124976,-0.0512839,-0.0127395,nan,-0.119289,-0.000481481,-0.0776757,-0.350224,nan,-0.814792,-0.314353,-0.44974,-0.398,0.0995873,0.0752593,-0.559407,-0.00688889,0.074537,-1.5
2372,-96.5787,269.094,-0.406282,0.0416667,2.625,0.142238,1.53572,0.618033,-0.0120836,7.08343,8.88889e-05,0.0091889,0.437679,13166.4,0.584892,0.348391,-0.4,0.25,1,334.697,2.91471e+07,0.11401,0.00453711,0.0677918,0.0016211,-0.624618,0.0807281,-0.0484563,nan,nan,nan,nan,-0.0152177,-0.060905,-0.0167343,nan,-0.125347,-0.00028125,-0.0968435,-0.368735,nan,-0.710993,-0.484671,-0.475005,-0.400687,0.1055,0.100125,-0.584,-0.0086875,0.0884766,-1.5
2373,-94.2742,257.731,-0.373522,0.0833333,2.08333,0.146292,1.533,0.707075,-0.00886209,7.08074,8.88889e-05,0.00852203,0.437614,12388.7,0.656993,0.33488,-0.4,0.25,1,335.69,2.91594e+07,0.100258,0.00449484,0.063097,0.00131871,-0.598434,0.0773192,-0.0386058,nan,nan,nan,nan,-0.0138722,-0.055475,-0.0139648,nan,-0.1202,-0.000730769,-0.099143,-0.362546,nan,-0.769908,-0.369012,-0.453943,-0.390923,0.101239,0.0847692,-0.568308,-0.00646154,0.0795673,-1.5
2374,-83.359,206.816,-0.372666,0,2.04167,0.146876,1.53285,0.660278,-0.0131973,7.07766,8.88889e-05,0.0159936,0.43747,13176.5,0.600908,0.331661,-0.4,0.25,1,336.624,2.91717e+07,0.0863391,0.00250928,0.0519756,0.00102461,-0.482615,0.0620449,-0.0319163,nan,nan,nan,nan,-0.0104081,-0.0347901,-0.0108085,nan,-0.0966245,-0.000346939,-0.0811496,-0.287021,nan,-0.66336,-0.324193,-0.364503,-0.298102,0.0831921,0.0641633,-0.452082,-0.00534694,0.0579082,-1.5
2375,-86.6276,220.311,-0.358972,0,1.875,0.142989,1.52826,0.708158,-0.0129162,7.07327,8.88889e-05,0.0125808,0.437347,12837.1,0.638088,0.319138,-0.4,0.25,1,337.584,2.9184e+07,0.087048,0.00381403,0.0538277,0.00100838,-0.513789,0.0660933,-0.02896,nan,nan,nan,nan,-0.0108821,-0.0407939,-0.0107123,nan,-0.102788,-0.000711111,-0.080678,-0.303894,nan,-0.74639,-0.282396,-0.392445,-0.318667,0.0868239,0.0622222,-0.485867,-0.00533333,0.0630556,-1.5
2376,-91.2836,247.193,-0.387235,0,2.375,0.147221,1.51475,0.632307,-0.011205,7.07024,8.88889e-05,0.0161298,0.437235,14218.4,0.545189,0.319045,-0.4,0.25,1,338.45,2.91963e+07,0.093375,0.0040328,0.061786,0.00161902,-0.574064,0.0741579,-0.0442684,nan,nan,nan,nan,-0.0149821,-0.0593201,-0.0157328,nan,-0.115426,-0.000596491,-0.0902309,-0.341361,nan,-0.597569,-0.444633,-0.436382,-0.371263,0.0960549,0.0957193,-0.539649,-0.00866667,0.0774123,-1.5
2377,-84.8023,222.561,-0.392789,0,2.375,0.144228,1.50917,0.666972,-0.0106773,7.06665,8.88889e-05,0.0173361,0.437099,12358.4,0.640933,0.353373,-0.4,0.25,1,339.445,2.92086e+07,0.0780352,0.00416908,0.0555084,0.00155788,-0.51963,0.0667684,-0.0407298,nan,nan,nan,nan,-0.0139805,-0.0518352,-0.0148698,nan,-0.10396,-0.000929825,-0.0883019,-0.304257,nan,-0.533683,-0.373487,-0.394078,-0.313895,0.0865358,0.0886316,-0.489333,-0.00733333,0.083114,-1.5
2378,-85.8176,220,-0.383655,0.0416667,2.25,0.143903,1.4926,0.615806,-0.0113139,7.0629,8.88889e-05,0.00967218,0.43695,12539.5,0.652412,0.327534,-0.4,0.25,1,340.427,2.92209e+07,0.0988313,0.00327263,0.054721,0.00107032,-0.51398,0.066,-0.0292164,nan,nan,nan,nan,-0.0101182,-0.0387529,-0.0104917,nan,-0.102516,-0.000218182,-0.0888757,-0.31024,nan,-0.752055,-0.286391,-0.388031,-0.315382,0.0883821,0.0620364,-0.483418,-0.00516364,0.0538636,-1.5
2379,-87.9673,233.561,-0.38671,0.0833333,2.29167,0.146658,1.47008,0.697832,-0.00946274,7.05922,8.88889e-05,0.0152898,0.43686,11820,0.650551,0.389039,-0.4,0.25,1,341.468,2.92332e+07,0.0871004,0.00395298,0.0586462,0.00127468,-0.540573,0.0700684,-0.032314,nan,nan,nan,nan,-0.0121947,-0.0444092,-0.0117098,nan,-0.108948,-0.000280702,-0.0827968,-0.317308,nan,-0.725243,-0.354142,-0.41181,-0.334368,0.0916758,0.0707368,-0.513614,-0.00540351,0.0736842,-1.5
2380,-85.2358,221.183,-0.391987,0.0416667,2.45833,0.144064,1.46179,0.706708,-0.0115192,7.05609,8.88889e-05,0.0127559,0.436717,13074.4,0.639123,0.300728,-0.4,0.25,1,342.41,2.92454e+07,0.0894282,0.00424602,0.0555438,0.00134666,-0.511403,0.066355,-0.038225,nan,nan,nan,nan,-0.0133298,-0.0471968,-0.0134109,nan,-0.102984,-0.000233333,-0.0933086,-0.306516,nan,-0.589708,-0.411711,-0.389029,-0.3196,0.0861896,0.0833333,-0.486267,-0.00683333,0.0810417,-1.5
2381,-89.6365,236.695,-0.391546,0.0416667,2.41667,0.14298,1.47328,0.658422,-0.0136611,7.0516,8.88889e-05,0.00992902,0.43654,12096.3,0.674277,0.341573,-0.4,0.25,1,343.427,2.92577e+07,0.0953905,0.00333108,0.0593693,0.00128201,-0.550144,0.0710085,-0.0372847,nan,nan,nan,nan,-0.0119731,-0.0440993,-0.012918,nan,-0.110056,-0.000610169,-0.0926334,-0.333121,nan,-0.712551,-0.332479,-0.413776,-0.351254,0.0930275,0.0762034,-0.517898,-0.00711864,0.070339,-1.5
2382,-88.2698,235.73,-0.402283,0.0416667,2.58333,0.145264,1.50967,0.66719,-0.0112634,7.047,8.88889e-05,0.0150451,0.436417,12536.4,0.656355,0.323827,-0.4,0.25,1,344.409,2.927e+07,0.0904969,0.00402775,0.0589878,0.00147448,-0.543509,0.070719,-0.0386413,nan,nan,nan,nan,-0.0135011,-0.0524395,-0.0143339,nan,-0.109732,-0.000333333,-0.0878302,-0.324033,nan,-0.641085,-0.412123,-0.416038,-0.339286,0.0910835,0.0883175,-0.517333,-0.00749206,0.0706349,-1.5
2383,-87.4601,230.522,-0.362413,0,1.91667,0.145396,1.48324,0.72017,-0.0139865,7.04414,8.88889e-05,0.0145718,0.436319,13042.5,0.612863,0.329288,-0.4,0.25,1,345.353,2.92823e+07,0.0854719,0.00392071,0.0578495,0.00144951,-0.535949,0.0691565,-0.0400957,nan,nan,nan,nan,-0.0137588,-0.0513392,-0.0142937,nan,-0.107505,-0.000413043,-0.0954715,-0.316086,nan,-0.59756,-0.38589,-0.405429,-0.323413,0.0912926,0.0855652,-0.504261,-0.00752174,0.0725543,-1.5
2384,-86.0301,226.863,-0.37764,0,2.125,0.143724,1.5106,0.647551,-0.0108488,7.04132,8.88889e-05,0.0117284,0.436245,13512.1,0.61628,0.293125,-0.4,0.25,1,346.264,2.92946e+07,0.0917801,0.00401988,0.0563057,0.0013309,-0.523939,0.0680588,-0.0380824,nan,nan,nan,nan,-0.0136344,-0.0520612,-0.0140298,nan,-0.105221,-0.000627451,-0.10263,-0.310575,nan,-0.597272,-0.38874,-0.396926,-0.312118,0.0882378,0.0855686,-0.498196,-0.0067451,0.0801471,-1.5
2385,-93.4104,253.02,-0.373615,0,2.125,0.142,1.50666,0.627709,-0.012641,7.03873,8.88889e-05,0.00552697,0.436155,13239.7,0.585824,0.342293,-0.4,0.25,1,347.193,2.93069e+07,0.0992248,0.00405338,0.062452,0.00149844,-0.584723,0.0759059,-0.038702,nan,nan,nan,nan,-0.0137932,-0.052863,-0.0142283,nan,-0.117826,-0.000843137,-0.0999286,-0.349246,nan,-0.71669,-0.386932,-0.446763,-0.369059,0.0992715,0.0795294,-0.55349,-0.00780392,0.0921569,-1.5
2386,-84.0098,217.429,-0.369216,0.0416667,2,0.145361,1.483,0.569288,-0.0108491,7.03515,8.88889e-05,0.0159414,0.435956,12667.6,0.634166,0.335869,-0.4,0.25,1,348.165,2.93192e+07,0.0833722,0.0038927,0.0532834,0.00143087,-0.502795,0.0652286,-0.0353286,nan,nan,nan,nan,-0.0127107,-0.0484056,-0.0128022,nan,-0.101201,-0.000571429,-0.0913245,-0.29892,nan,-0.562492,-0.399363,-0.381523,-0.306918,0.084797,0.0763265,-0.479429,-0.00710204,0.059949,-1.5
2387,-97.3713,273.025,-0.344132,0.0833333,1.58333,0.144949,1.51418,0.688673,-0.0121293,7.02932,8.88889e-05,0.0148396,0.43581,13326.7,0.570073,0.351984,-0.4,0.25,1,349.089,2.93315e+07,0.110728,0.00461103,0.0667174,0.00146849,-0.633548,0.0819075,-0.0438775,nan,nan,nan,nan,-0.014332,-0.0571564,-0.0154242,nan,-0.127545,-0.0006,-0.100374,-0.380715,nan,-0.793606,-0.450908,-0.483633,-0.4101,0.107043,0.1008,-0.5985,-0.00675,0.0875,-1.5
2388,-82.3986,216.782,-0.377631,0.0833333,2.20833,0.143902,1.53288,0.572817,-0.0106503,7.02621,8.88889e-05,0.0157263,0.43569,14410.5,0.568673,0.284038,-0.4,0.25,1,349.943,2.93437e+07,0.0932081,0.00360911,0.0550302,0.00124155,-0.500461,0.0650345,-0.0369909,nan,nan,nan,nan,-0.0111065,-0.0421254,-0.012749,nan,-0.100941,-0.000672727,-0.084877,-0.293503,nan,-0.611761,-0.34866,-0.377967,-0.317945,0.0871305,0.0757818,-0.465382,-0.00661818,0.0675,-1.5
2389,-76.3451,185.118,-0.369849,0,2.125,0.141628,1.51371,0.621731,-0.0110992,7.02141,8.88889e-05,0.0134147,0.435489,15288.8,0.543913,0.259813,-0.4,0.25,1,350.748,2.9356e+07,0.0710776,0.0032021,0.0448176,0.00116027,-0.42579,0.0555353,-0.0301902,nan,nan,nan,nan,-0.0114008,-0.0413886,-0.0105597,nan,-0.0860954,-0.000431373,-0.0811916,-0.254364,nan,-0.478224,-0.328232,-0.323863,-0.264941,0.0725231,0.0611765,-0.408157,-0.00552941,0.0656863,-1.5
2390,-90.3867,242.824,-0.373575,0,2.125,0.148277,1.53249,0.67068,-0.0122087,7.01717,8.88889e-05,0.0137166,0.435449,16396.3,0.496455,0.25298,-0.4,0.25,1,351.499,2.93683e+07,0.103405,0.00400462,0.0617371,0.0013728,-0.560602,0.0728471,-0.0397667,nan,nan,nan,nan,-0.0126707,-0.0503543,-0.0141175,nan,-0.112988,-0.000843137,-0.0933055,-0.335574,nan,-0.683675,-0.363757,-0.425973,-0.346118,0.0949453,0.0843922,-0.526588,-0.00776471,0.075,-1.5
2391,-93.7925,253.129,-0.396313,0,2.58333,0.143167,1.50178,0.611686,-0.0108402,7.01675,8.88889e-05,0.00905784,0.43541,16434.4,0.503363,0.244339,-0.4,0.25,1,352.248,2.93806e+07,0.100852,0.0042271,0.062344,0.00141945,-0.583293,0.0759387,-0.0394113,nan,nan,nan,nan,-0.0130195,-0.0526698,-0.0140949,nan,-0.117879,-0.0005,-0.0889714,-0.349573,nan,-0.759451,-0.370802,-0.443888,-0.380323,0.0990385,0.0847742,-0.551484,-0.00809677,0.0834677,-1.5
2392,-83.6762,218.4,-0.365456,0.0416667,2.04167,0.142865,1.50083,0.623355,-0.012577,7.01452,8.88889e-05,0.0117053,0.435312,16597.2,0.492365,0.248003,-0.4,0.25,1,352.99,2.93929e+07,0.0804882,0.00444744,0.0539827,0.00135922,-0.498498,0.06552,-0.04004,nan,nan,nan,nan,-0.0136967,-0.0541156,-0.0143593,nan,-0.101787,-0.00022,-0.0774691,-0.308343,nan,-0.525386,-0.389509,-0.384578,-0.33162,0.0840218,0.08568,-0.47768,-0.00812,0.066,-1.5
2393,-82.1196,213.979,-0.356988,0,1.95833,0.13995,1.48566,0.639401,-0.00949989,7.01151,8.88889e-05,0.00608667,0.435192,16548.6,0.493703,0.248836,-0.4,0.25,1,353.734,2.94052e+07,0.0861739,0.00336238,0.0537833,0.00154469,-0.490762,0.0641936,-0.0423809,nan,nan,nan,nan,-0.0133886,-0.050613,-0.0143507,nan,-0.0997801,-0.000212766,-0.0807877,-0.295606,nan,-0.471155,-0.383529,-0.374603,-0.318255,0.0831918,0.0885957,-0.457957,-0.00685106,0.0726064,-1.5
2394,-87.5642,228.796,-0.379039,0,2.25,0.143485,1.51192,0.696925,-0.012899,7.00797,8.88889e-05,0.0112507,0.435085,15803,0.52854,0.249035,-0.4,0.25,1,354.513,2.94175e+07,0.0928698,0.00430728,0.0568691,0.00130553,-0.525978,0.0686389,-0.0345926,nan,nan,nan,nan,-0.0123061,-0.0476411,-0.0123179,nan,-0.106528,-0.000296296,-0.0890489,-0.310439,nan,-0.659462,-0.344993,-0.402749,-0.336056,0.0906804,0.0752593,-0.499556,-0.00677778,0.056713,-1.5
2395,-102.884,291.372,-0.349684,0,1.79167,0.142548,1.54115,0.690291,-0.0140696,7.00476,8.88889e-05,0.0114637,0.434974,16478.2,0.491919,0.253794,-0.4,0.25,1,355.26,2.94298e+07,0.128314,0.00577025,0.0733776,0.00149255,-0.671392,0.0874116,-0.0441628,nan,nan,nan,nan,-0.0145448,-0.0603375,-0.0162104,nan,-0.135737,-0.00044186,-0.108855,-0.400853,nan,-0.877618,-0.409501,-0.512319,-0.430186,0.116842,0.0939535,-0.636093,-0.00855814,0.0802326,-1.5
2396,-86.5379,238.127,-0.372954,0.0833333,2.20833,0.142682,1.54295,0.783796,-0.0102632,7.00134,8.88889e-05,0.00740696,0.434868,16668.7,0.491749,0.245439,-0.4,0.25,1,355.998,2.9442e+07,0.0917503,0.00435261,0.060148,0.00155206,-0.54662,0.0714382,-0.0457036,nan,nan,nan,nan,-0.0146629,-0.0577967,-0.0157156,nan,-0.110813,-0.000109091,-0.0916574,-0.328392,nan,-0.558753,-0.355452,-0.416027,-0.352855,0.0934708,0.0992727,-0.512,-0.0084,0.0856818,-1.5
2397,-94.6546,265.583,-0.366673,0,2,0.145648,1.53246,0.728019,-0.0119997,6.99701,8.88889e-05,0.0132531,0.434682,16307.8,0.492947,0.260559,-0.4,0.25,1,356.753,2.94543e+07,0.111849,0.00418304,0.0653263,0.00172851,-0.608864,0.079675,-0.0492375,nan,nan,nan,nan,-0.0169301,-0.066885,-0.0174602,nan,-0.12373,-0.000729167,-0.0978273,-0.363967,nan,-0.62481,-0.406737,-0.467073,-0.41225,0.105467,0.110583,-0.5805,-0.00791667,0.0994792,-1.5
2398,-89.5828,238.918,-0.37246,0,2.04167,0.149517,1.56044,0.783311,-0.0092841,6.99341,8.88889e-05,0.0128699,0.434656,15505.7,0.518664,0.273817,-0.4,0.25,1,357.547,2.94666e+07,0.0907525,0.00322403,0.0600378,0.00127705,-0.544237,0.0716755,-0.0377061,nan,nan,nan,nan,-0.0130775,-0.0492785,-0.0132042,nan,-0.110988,-0.000367347,-0.0945389,-0.332301,nan,-0.700819,-0.328646,-0.417388,-0.355286,0.0953157,0.0770612,-0.524898,-0.00616327,0.090051,-1.5
2399,-85.5002,225.615,-0.406979,0,2.70833,0.150095,1.54107,0.735115,-0.0122348,6.99145,8.88889e-05,0.0088055,0.434477,14663.9,0.545063,0.292914,-0.4,0.25,1,358.387,2.94789e+07,0.0948461,0.00316423,0.0560737,0.00133432,-0.51436,0.0676846,-0.0380323,nan,nan,nan,nan,-0.0124367,-0.0477184,-0.0130183,nan,-0.105225,-0.000492308,-0.0717733,-0.315416,nan,-0.620241,-0.347384,-0.395296,-0.343385,0.0891188,0.0802462,-0.492185,-0.00698462,0.0709615,-1.5
2400,-94.4019,258,-0.391805,0.0833333,2.41667,0.148875,1.53525,0.64478,-0.0118539,6.98541,8.88889e-05,0.0144887,0.434309,15673,0.526073,0.257952,-0.4,0.25,1,359.172,2.94912e+07,0.103435,0.00432242,0.066115,0.0013518,-0.589019,0.0774,-0.0383417,nan,nan,nan,nan,-0.0127778,-0.0480754,-0.0132435,nan,-0.120033,-0.000566667,-0.102817,-0.359637,nan,-0.811378,-0.384877,-0.453339,-0.37185,0.102991,0.0774667,-0.564333,-0.0064,0.0772917,-1.5
2401,-95.3346,258.426,-0.360308,0.0416667,1.91667,0.146473,1.50259,0.678852,-0.0121896,6.98249,8.88889e-05,0.0163673,0.434282,16789.3,0.488779,0.243117,-0.4,0.25,1,361.677,2.95035e+07,0.100515,0.00489224,0.0653556,0.0013206,-0.583916,0.0775277,-0.0359872,nan,nan,nan,nan,-0.0126187,-0.0509872,-0.0134153,nan,-0.120185,-0.000276596,-0.105038,-0.355197,nan,-0.797402,-0.418844,-0.452463,-0.376149,0.102146,0.079234,-0.571064,-0.0067234,0.0726064,-1.5
2402,-77.8799,187.582,-0.382791,0,2.29167,0.144069,1.53636,0.696286,-0.0126304,6.98135,8.88889e-05,0.0169203,0.434239,16418.3,0.498665,0.249768,-0.4,0.25,1,362.427,2.95158e+07,0.073936,0.00349715,0.0457795,0.00100093,-0.4216,0.0562745,-0.0284473,nan,nan,nan,nan,-0.0113842,-0.0418528,-0.0105065,nan,-0.087358,-0.000309091,-0.070212,-0.256944,nan,-0.525559,-0.335969,-0.330231,-0.304855,0.0749854,0.0605818,-0.414109,-0.00538182,0.0613636,-1.5
2403,-81.2775,209.5,-0.354163,0.0416667,1.875,0.146252,1.52799,0.664827,-0.0113883,6.97997,8.88889e-05,0.0146474,0.43422,16691.2,0.48927,0.246927,-0.4,0.25,1,363.164,2.95281e+07,0.0872334,0.00333872,0.0507019,0.00129092,-0.474536,0.06285,-0.0348478,nan,nan,nan,nan,-0.012605,-0.0494933,-0.0123025,nan,-0.0976657,-0.000543478,-0.076827,-0.291491,nan,-0.552906,-0.3192,-0.370222,-0.328174,0.0819641,0.0715652,-0.460522,-0.00665217,0.0701087,-1.5
2404,-88.7757,234.966,-0.381742,0.0416667,2.375,0.142298,1.54091,0.661061,-0.00917491,6.97999,8.88889e-05,0.0127433,0.434228,15981.1,0.487398,0.281508,-0.4,0.25,1,363.934,2.95404e+07,0.0905289,0.00440989,0.057267,0.00137555,-0.535239,0.0704897,-0.0368707,nan,nan,nan,nan,-0.0136747,-0.0528647,-0.0134976,nan,-0.109453,-0.000362069,-0.0834791,-0.317953,nan,-0.655689,-0.389093,-0.411592,-0.351259,0.0925679,0.0808966,-0.51,-0.00662069,0.0650862,-1.5
2405,-87.8811,234.083,-0.334268,0,1.5,0.146156,1.52014,0.623296,-0.0130003,6.97964,8.88889e-05,0.0123057,0.434224,16761.7,0.49012,0.242978,-0.4,0.25,1,364.669,2.95526e+07,0.096188,0.00407584,0.0582979,0.00138632,-0.524891,0.070225,-0.0422472,nan,nan,nan,nan,-0.0146124,-0.0576119,-0.0148428,nan,-0.108848,-0.000555556,-0.0891371,-0.319449,nan,-0.571519,-0.373403,-0.409666,-0.370333,0.0918701,0.0891111,-0.510444,-0.00788889,0.06875,-1.5
2406,-96.7061,274.619,-0.345487,0.0833333,1.66667,0.14794,1.51783,0.561863,-0.00999569,6.97849,8.88889e-05,0.0148244,0.434134,16717.2,0.490939,0.244111,-0.4,0.25,1,365.405,2.95649e+07,0.110316,0.00488579,0.0679339,0.00180008,-0.617821,0.0823857,-0.048181,nan,nan,nan,nan,-0.0158383,-0.0641611,-0.0166808,nan,-0.128061,-0.000380952,-0.0967089,-0.375605,nan,-0.722201,-0.412138,-0.483793,-0.417429,0.108193,0.100095,-0.598571,-0.00795238,0.0839286,-1.5
2407,-79.0754,200,-0.385793,0.0416667,2.29167,0.146321,1.54339,0.787637,-0.00806485,6.97581,8.88889e-05,0.00983872,0.434049,16843,0.488715,0.240846,-0.4,0.25,1,366.136,2.95772e+07,0.0780772,0.00316264,0.0510506,0.00119266,-0.450815,0.06,-0.0336143,nan,nan,nan,nan,-0.0109833,-0.04235,-0.0112806,nan,-0.0925359,-0.00025,-0.0778228,-0.273029,nan,-0.548764,-0.325664,-0.349728,-0.304768,0.0798718,0.0687857,-0.436929,-0.00607143,0.0604911,-1.5
2408,-88.1087,236.689,-0.359075,0,1.875,0.145933,1.5501,0.706994,-0.0122817,6.97235,8.88889e-05,0.0121881,0.433867,13454,0.548341,0.36499,-0.4,0.25,1,367.051,2.95895e+07,0.101754,0.00478128,0.0583886,0.00154762,-0.538802,0.0710067,-0.0434978,nan,nan,nan,nan,-0.0148689,-0.0558539,-0.0151843,nan,-0.110183,-0.000266667,-0.0907932,-0.317977,nan,-0.585262,-0.389833,-0.415001,-0.3676,0.0939797,0.0907556,-0.515733,-0.00826667,0.0808333,-1.5
2409,-89.6598,244.905,-0.348599,0.0833333,1.66667,0.144069,1.53929,0.602958,-0.0124975,6.96873,8.88889e-05,0.0158903,0.433827,12158.8,0.620466,0.390158,-0.4,0.25,1,368.063,2.96018e+07,0.102494,0.0038556,0.0626145,0.00131347,-0.550569,0.0734714,-0.0379905,nan,nan,nan,nan,-0.0125266,-0.0486148,-0.0130312,nan,-0.114348,-0.000738095,-0.0783345,-0.333069,nan,-0.757326,-0.30929,-0.429905,-0.376571,0.096647,0.0770476,-0.530667,-0.00795238,0.0627976,-1.5
2410,-86.8508,227.87,-0.360814,0,1.91667,0.144269,1.53678,0.669063,-0.0139966,6.96752,8.88889e-05,0.0181644,0.433772,13626.3,0.570787,0.330999,-0.4,0.25,1,368.966,2.96141e+07,0.0895694,0.00338854,0.0549902,0.00135433,-0.511582,0.0683609,-0.0354196,nan,nan,nan,nan,-0.012525,-0.0490925,-0.0124678,nan,-0.105907,-0.000304348,-0.0800542,-0.316035,nan,-0.641471,-0.333684,-0.401016,-0.3465,0.0908728,0.0756522,-0.500696,-0.00656522,0.0758152,-1.5
2411,-107.285,313.205,-0.344566,0,1.625,0.14518,1.52645,0.684818,-0.0122096,6.96675,8.88889e-05,0.0129237,0.433781,14093.1,0.581606,0.290308,-0.4,0.25,1,369.84,2.96264e+07,0.124835,0.00485869,0.0782974,0.00187096,-0.711722,0.0939615,-0.0535256,nan,nan,nan,nan,-0.0181752,-0.0763916,-0.0190246,nan,-0.145658,-0.00102564,-0.121221,-0.426843,nan,-0.803205,-0.457267,-0.548974,-0.468923,0.126584,0.116205,-0.684718,-0.00851282,0.110897,-1.5
2412,-86.2762,224.378,-0.36071,0,1.875,0.149497,1.55236,0.650596,-0.0117526,6.96646,8.88889e-05,0.0159806,0.433742,12705.8,0.588768,0.378351,-0.4,0.25,1,370.809,2.96387e+07,0.0921144,0.00370933,0.0546549,0.00127147,-0.502655,0.0673133,-0.0342667,nan,nan,nan,nan,-0.011727,-0.0457671,-0.0118924,nan,-0.104354,-8.88889e-05,-0.0725516,-0.307348,nan,-0.650924,-0.366307,-0.392677,-0.354533,0.088307,0.0738667,-0.490756,-0.00613333,0.0511111,-1.5
2413,-100.833,284,-0.362475,0,1.875,0.152855,1.54933,0.587689,-0.0132481,6.9631,8.88889e-05,0.0140258,0.433539,13737,0.56861,0.325906,-0.4,0.25,1,371.705,2.96509e+07,0.106354,0.00481971,0.0701516,0.00172227,-0.638575,0.0852,-0.0470356,nan,nan,nan,nan,-0.0164008,-0.0647999,-0.0164725,nan,-0.132049,-0.001,-0.106329,-0.393547,nan,-0.763693,-0.453636,-0.49969,-0.431733,0.113289,0.102222,-0.616711,-0.00844444,0.0941667,-1.5
2414,-103.776,306.553,-0.342665,0.0416667,1.54167,0.14954,1.51932,0.618919,-0.0122516,6.95749,8.88889e-05,0.014391,0.433348,13626.9,0.578051,0.323693,-0.4,0.25,1,372.608,2.96632e+07,0.132494,0.00493156,0.0760747,0.00157276,-0.687977,0.0919658,-0.0500316,nan,nan,nan,nan,-0.016449,-0.0654886,-0.017343,nan,-0.143031,-0.000236842,-0.0960368,-0.423673,nan,-0.853733,-0.375971,-0.539945,-0.487895,0.121493,0.112737,-0.665684,-0.00973684,0.0944079,-1.5
2415,-90.5238,239.2,-0.371143,0,2.08333,0.147581,1.54256,0.6653,-0.0138171,6.95218,8.88889e-05,0.0139751,0.433204,13999.9,0.56122,0.316502,-0.4,0.25,1,373.487,2.96755e+07,0.0905035,0.0038379,0.0592065,0.00135409,-0.535621,0.07176,-0.034248,nan,nan,nan,nan,-0.0130376,-0.0486796,-0.0126809,nan,-0.111108,-0.00054,-0.0902877,-0.327749,nan,-0.705483,-0.392327,-0.417614,-0.37176,0.095357,0.07832,-0.53304,-0.00676,0.08025,-1.5
2416,-83.1807,215,-0.370082,0,2.04167,0.150574,1.5373,0.622604,-0.0115447,6.94922,8.88889e-05,0.0133301,0.433113,12556.1,0.588113,0.390535,-0.4,0.25,1,374.468,2.96878e+07,0.0817102,0.00336756,0.054774,0.00136536,-0.480844,0.0645,-0.0353286,nan,nan,nan,nan,-0.0118104,-0.0438371,-0.0121542,nan,-0.0999804,-0.000163265,-0.077855,-0.297262,nan,-0.580363,-0.362631,-0.377245,-0.330429,0.0871513,0.0766531,-0.466122,-0.00587755,0.0719388,-1.5
2417,-100.02,282.4,-0.364344,0,1.875,0.150108,1.53013,0.703128,-0.0107832,6.94571,8.88889e-05,0.0110303,0.432957,13690.7,0.568438,0.329105,-0.4,0.25,1,375.367,2.97001e+07,0.11254,0.00484844,0.069599,0.00142067,-0.627712,0.08472,-0.0483733,nan,nan,nan,nan,-0.0158289,-0.0650572,-0.0169343,nan,-0.130727,-0.000266667,-0.105312,-0.381542,nan,-0.792106,-0.431016,-0.491084,-0.437933,0.111664,0.106311,-0.612,-0.00866667,0.0958333,-1.5
2418,-89.7413,246.745,-0.366961,0,1.95833,0.148109,1.49732,0.749571,-0.0118434,6.94183,8.88889e-05,0.0137731,0.432905,13003.6,0.587214,0.357757,-0.4,0.25,1,376.313,2.97124e+07,0.0960082,0.00383818,0.0615217,0.00154439,-0.553164,0.0740234,-0.0491489,nan,nan,nan,nan,-0.0154805,-0.0594327,-0.0167505,nan,-0.114325,-0.000744681,-0.0920368,-0.336069,nan,-0.563535,-0.380538,-0.429338,-0.37717,0.0981226,0.101702,-0.540426,-0.0086383,0.0805851,-1.5
2419,-89.9196,247.523,-0.354465,0.0416667,1.79167,0.148986,1.50466,0.572708,-0.0106799,6.93971,5.92593e-05,0.0204309,0.432758,13410.1,0.551132,0.365193,-0.4,0.25,1,377.231,2.97247e+07,0.103348,0.00462685,0.0629487,0.001471,-0.553001,0.0742568,-0.0409477,nan,nan,nan,nan,-0.0133833,-0.0499424,-0.0141823,nan,-0.114857,-0.00111364,-0.0874721,-0.33651,nan,-0.663951,-0.404193,-0.429752,-0.386932,0.100028,0.0890909,-0.536364,-0.00663636,0.0815341,-1.5
2420,-90.42,245.49,-0.373754,0.0416667,2.08333,0.15148,1.526,0.662171,-0.0109319,6.93586,5.92593e-05,0.0126574,0.43268,12830,0.572361,0.385392,-0.4,0.25,1,378.191,2.9737e+07,0.105465,0.0043564,0.06044,0.00151345,-0.552619,0.0736471,-0.0369039,nan,nan,nan,nan,-0.0140136,-0.0574836,-0.0138663,nan,-0.114273,-0.000607843,-0.0900603,-0.336513,nan,-0.674553,-0.400733,-0.431261,-0.373412,0.0979028,0.0825882,-0.539294,-0.00682353,0.0796569,-1.5
2421,-102.836,292.947,-0.341558,0.0416667,1.54167,0.146665,1.51586,0.673335,-0.00896631,6.93338,5.92593e-05,0.0103497,0.43257,13079.6,0.575141,0.364339,-0.4,0.25,1,379.132,2.97492e+07,0.118296,0.00532693,0.0726291,0.00164583,-0.656235,0.0878842,-0.0438868,nan,nan,nan,nan,-0.0160157,-0.0631607,-0.0164228,nan,-0.13614,-0.000394737,-0.0995369,-0.398163,nan,-0.836677,-0.510763,-0.511337,-0.450553,0.115086,0.100526,-0.644737,-0.00878947,0.102632,-1.5
2422,-94.4761,255.319,-0.364369,0,1.95833,0.145763,1.49466,0.690669,-0.0110941,6.92983,5.92593e-05,0.00969908,0.432449,14590,0.58394,0.258279,-0.4,0.25,1,379.977,2.97615e+07,0.0999646,0.00420488,0.0639951,0.00140427,-0.57114,0.0765957,-0.0420319,nan,nan,nan,nan,-0.0145468,-0.0585627,-0.0152221,nan,-0.118601,-0.000765957,-0.102485,-0.340773,nan,-0.699797,-0.522038,-0.4441,-0.380681,0.0986296,0.0959149,-0.561532,-0.00829787,0.093883,-1.5
2423,-111.675,332.654,-0.370498,0.0833333,2.08333,0.146688,1.5209,0.733874,-0.00975939,6.92646,5.92593e-05,0.0156765,0.432331,15947.9,0.527033,0.243477,-0.4,0.25,1,380.749,2.97738e+07,0.127908,0.00546487,0.0830342,0.00186514,-0.751882,0.0997962,-0.0575923,nan,nan,nan,nan,-0.0196608,-0.0805301,-0.0206753,nan,-0.154688,-0.000480769,-0.13588,-0.461213,nan,-0.851149,-0.566467,-0.58264,-0.494942,0.134462,0.119769,-0.730538,-0.0102692,0.128606,-1.5
2424,-106.84,307.68,-0.369821,0.0416667,2.04167,0.144327,1.50713,0.604578,-0.012034,6.92331,5.92593e-05,0.0138408,0.43225,16863.6,0.488807,0.239861,-0.4,0.25,1,381.479,2.97861e+07,0.126327,0.00490837,0.0803803,0.00155836,-0.68268,0.092304,-0.047498,nan,nan,nan,nan,-0.015603,-0.0607686,-0.0168845,nan,-0.142481,-0.00056,-0.117898,-0.421951,nan,-0.92101,-0.501735,-0.534161,-0.4569,0.123549,0.104,-0.66816,-0.0078,0.10075,-1.5
2425,-99.8145,283.581,-0.355162,0.0416667,1.75,0.146634,1.52513,0.655871,-0.0102242,6.92127,5.92593e-05,0.00946287,0.432172,16823.2,0.489047,0.241373,-0.4,0.25,1,382.211,2.97984e+07,0.103265,0.00457094,0.0714218,0.00153593,-0.631392,0.0850744,-0.047614,nan,nan,nan,nan,-0.0165816,-0.0668314,-0.0167969,nan,-0.131751,-0.000604651,-0.10255,-0.3821,nan,-0.759399,-0.451944,-0.492471,-0.436186,0.11154,0.104186,-0.613023,-0.00934884,0.0988372,-1.5
2426,-82.9849,211.27,-0.337528,0,1.54167,0.146538,1.54055,0.685216,-0.00929357,6.91957,5.92593e-05,0.00864147,0.432155,17090.8,0.481801,0.237182,-0.4,0.25,1,382.931,2.98107e+07,0.0837779,0.00325475,0.0528084,0.00099634,-0.468291,0.0633811,-0.0340378,nan,nan,nan,nan,-0.0112341,-0.0409727,-0.0114453,nan,-0.0981837,-0.000648649,-0.0679123,-0.297074,nan,-0.633076,-0.313135,-0.366461,-0.318568,0.0843061,0.0691892,-0.455351,-0.00589189,0.0560811,-1.5
2427,-111.965,329.209,-0.349389,0.0833333,1.70833,0.145667,1.52573,0.660438,-0.00951729,6.91851,5.92593e-05,0.0119499,0.432084,16942.6,0.484637,0.240634,-0.4,0.25,1,383.657,2.9823e+07,0.115715,0.00541457,0.0835241,0.00159599,-0.73579,0.0987628,-0.0537651,nan,nan,nan,nan,-0.0181845,-0.0754588,-0.0193009,nan,-0.153009,-0.000302326,-0.118713,-0.443927,nan,-0.953081,-0.471448,-0.575818,-0.515372,0.129687,0.116651,-0.710047,-0.0105581,0.0915698,-1.5
2428,-96.0093,269.118,-0.371136,0.0416667,2.08333,0.142716,1.54383,0.628131,-0.00879229,6.91558,5.92593e-05,0.00753949,0.431979,16954,0.486065,0.238719,-0.4,0.25,1,384.383,2.98353e+07,0.106139,0.0049894,0.0686672,0.00152137,-0.60321,0.0807353,-0.0451725,nan,nan,nan,nan,-0.0152482,-0.0604969,-0.0163857,nan,-0.125034,-0.000372549,-0.0921836,-0.367489,nan,-0.714018,-0.437793,-0.471749,-0.401059,0.106048,0.100471,-0.584314,-0.00807843,0.0840686,-1.5
2429,-88.128,237.093,-0.375413,0,2.25,0.141192,1.53666,0.680709,-0.0110178,6.91242,5.92593e-05,0.0151413,0.431869,16799.7,0.491485,0.239955,-0.4,0.25,1,385.116,2.98476e+07,0.0944727,0.00453787,0.0570414,0.00132164,-0.525505,0.0711278,-0.0408111,nan,nan,nan,nan,-0.0139481,-0.0556527,-0.0143133,nan,-0.109996,-0.000518519,-0.0797783,-0.321173,nan,-0.630137,-0.401947,-0.410594,-0.359278,0.0954827,0.0868889,-0.51837,-0.00651852,0.0819444,-1.5
2430,-91.7773,258.14,-0.344754,0.125,1.66667,0.147102,1.53417,0.680107,-0.0100438,6.90941,5.92593e-05,0.0130497,0.431767,16755.5,0.494874,0.238496,-0.4,0.25,1,385.851,2.98598e+07,0.103264,0.00419648,0.0649198,0.00156415,-0.570549,0.0774419,-0.0448535,nan,nan,nan,nan,-0.0156524,-0.0633589,-0.0161155,nan,-0.119762,-0.000418605,-0.102749,-0.354699,nan,-0.672315,-0.471436,-0.4515,-0.385674,0.101217,0.096093,-0.563256,-0.00846512,0.0889535,-1.5
2431,-104.06,294.609,-0.361165,0.0416667,1.875,0.1478,1.53801,0.610467,-0.00977713,6.90607,5.92593e-05,0.0106046,0.431638,16985.6,0.482513,0.240925,-0.4,0.25,1,386.576,2.98721e+07,0.112537,0.00509838,0.0733831,0.00155062,-0.657609,0.0883826,-0.0468,nan,nan,nan,nan,-0.016517,-0.0669184,-0.016726,nan,-0.13678,-0.000478261,-0.111583,-0.40101,nan,-0.832369,-0.563615,-0.513865,-0.436109,0.117344,0.0994783,-0.64713,-0.00843478,0.0877717,-1.5
2432,-88.1988,238.941,-0.370744,0.0416667,2.08333,0.144751,1.53131,0.635005,-0.0122188,6.90254,5.92593e-05,0.0097696,0.431555,16536.7,0.503611,0.239465,-0.4,0.25,1,387.32,2.98844e+07,0.0970036,0.00383827,0.0590827,0.00126723,-0.532849,0.0716824,-0.0369941,nan,nan,nan,nan,-0.0122816,-0.0496981,-0.0129009,nan,-0.111176,-0.000372549,-0.0695137,-0.319965,nan,-0.704386,-0.396387,-0.413938,-0.376588,0.0954408,0.0807843,-0.519137,-0.00643137,0.0742647,-1.5
2433,-98.9046,270.171,-0.333973,0,1.45833,0.144728,1.53031,0.687884,-0.01056,6.90103,5.92593e-05,0.0121967,0.431536,16472,0.486364,0.259631,-0.4,0.25,1,388.067,2.98967e+07,0.106867,0.00526405,0.0674545,0.00139463,-0.603625,0.0810514,-0.0445857,nan,nan,nan,nan,-0.0138913,-0.052642,-0.0152129,nan,-0.125992,-0.000685714,-0.0882808,-0.363302,nan,-0.793012,-0.475939,-0.469115,-0.431571,0.109279,0.0915429,-0.579771,-0.00742857,0.0617857,-1.5
2434,-100.925,280,-0.379077,0.0416667,2.25,0.144406,1.55399,0.603947,-0.00969863,6.89957,5.92593e-05,0.0120741,0.431426,16612,0.499781,0.239927,-0.4,0.25,1,388.808,2.9909e+07,0.109391,0.00469049,0.0705115,0.00128391,-0.622259,0.084,-0.0381818,nan,nan,nan,nan,-0.0134739,-0.0516466,-0.0132898,nan,-0.13,-0.000145455,-0.0933886,-0.384432,nan,-0.925204,-0.408952,-0.488348,-0.418145,0.111362,0.0825455,-0.607927,-0.00661818,0.0754545,-1.5
2435,-80.4795,202.676,-0.332285,0.0416667,1.5,0.141055,1.51778,0.570543,-0.00745211,6.89601,5.92593e-05,0.00745065,0.431313,16831.3,0.487712,0.242355,-0.4,0.25,1,389.54,2.99213e+07,0.0757294,0.00370838,0.0511876,0.00106103,-0.455175,0.0608027,-0.0331189,nan,nan,nan,nan,-0.0108877,-0.0421891,-0.0115412,nan,-0.0937434,-0.000918919,-0.0791697,-0.278377,nan,-0.565239,-0.46361,-0.353368,-0.292135,0.0801551,0.0737297,-0.437405,-0.00616216,0.0743243,-1.5
2436,-107.226,316.212,-0.323149,0,1.375,0.143677,1.54138,0.732678,-0.0101376,6.89277,5.92593e-05,0.0129908,0.43121,16718.8,0.478511,0.256471,-0.4,0.25,1,390.276,2.99336e+07,0.118366,0.00539481,0.0810783,0.00190703,-0.712125,0.0948636,-0.0585848,nan,nan,nan,nan,-0.0168651,-0.0712159,-0.0192008,nan,-0.14692,-0.000151515,-0.103532,-0.425933,nan,-0.812451,-0.484827,-0.544886,-0.482091,0.126558,0.120727,-0.682545,-0.011697,0.0893939,-1.5
2437,-89.7643,239.306,-0.363848,0,2.04167,0.144015,1.53372,0.668312,-0.00934333,6.8905,5.92593e-05,0.0123482,0.431165,17058.9,0.482611,0.237715,-0.4,0.25,1,390.998,2.99459e+07,0.101714,0.00275776,0.0605677,0.00135019,-0.534017,0.0717918,-0.0362653,nan,nan,nan,nan,-0.0120112,-0.0434882,-0.0123507,nan,-0.11089,-0.000632653,-0.0885459,-0.329699,nan,-0.711618,-0.358053,-0.415436,-0.354429,0.0982352,0.0795102,-0.516571,-0.00559184,0.0596939,-1.5
2438,-88.334,243.587,-0.357238,0.0416667,1.875,0.146468,1.52781,0.742057,-0.0102832,6.88892,5.92593e-05,0.0130473,0.431084,16680.4,0.491838,0.244836,-0.4,0.25,1,391.736,2.99581e+07,0.100355,0.00456038,0.0604225,0.00145401,-0.541048,0.0730761,-0.0410457,nan,nan,nan,nan,-0.0135499,-0.056577,-0.0146102,nan,-0.113049,-0.000630435,-0.0803784,-0.326233,nan,-0.644713,-0.372176,-0.422061,-0.379696,0.0978613,0.0931304,-0.527217,-0.00695652,0.0869565,-1.5
2439,-87.9087,231.73,-0.340486,0,1.54167,0.146046,1.53087,0.604811,-0.0101466,6.8863,5.92593e-05,0.00606078,0.431005,17067.5,0.480641,0.239324,-0.4,0.25,1,392.457,2.99704e+07,0.093292,0.00380497,0.0570985,0.00109836,-0.512628,0.0695189,-0.0344135,nan,nan,nan,nan,-0.011634,-0.0443417,-0.0116591,nan,-0.10771,-0.000567568,-0.0698549,-0.316096,nan,-0.723991,-0.281346,-0.403902,-0.371189,0.0928905,0.0724324,-0.507027,-0.00578378,0.0557432,-1.5
2440,-94.383,260.327,-0.36596,0,2.04167,0.143391,1.53781,0.664189,-0.0105828,6.88404,5.92593e-05,0.0101748,0.430936,15974.9,0.525229,0.243977,-0.4,0.25,1,393.228,2.99827e+07,0.104511,0.00450234,0.0641602,0.00134313,-0.574309,0.078098,-0.0416469,nan,nan,nan,nan,-0.0137833,-0.0542854,-0.0142088,nan,-0.120993,-0.000612245,-0.0801827,-0.349908,nan,-0.763311,-0.398416,-0.453194,-0.406898,0.106565,0.0912653,-0.564816,-0.00738776,0.0767857,-1.5
2441,-100.738,282.275,-0.345538,0,1.66667,0.149147,1.5524,0.660244,-0.0112954,6.88146,5.92593e-05,0.0126124,0.430841,16861,0.485175,0.243609,-0.4,0.25,1,393.958,2.9995e+07,0.108176,0.00443019,0.0700387,0.00138685,-0.62459,0.0846825,-0.045035,nan,nan,nan,nan,-0.0152561,-0.0637239,-0.0160212,nan,-0.131216,-0.000425,-0.0894119,-0.386803,nan,-0.822488,-0.418821,-0.491928,-0.450375,0.114154,0.0977,-0.6078,-0.00875,0.102813,-1.5
2442,-104.369,299.282,-0.342511,0,1.625,0.148995,1.50427,0.660384,-0.00993155,6.87893,5.92593e-05,0.015135,0.430749,14093.9,0.519886,0.351983,-0.4,0.25,1,394.831,3.00073e+07,0.126473,0.00451001,0.0759487,0.0016818,-0.664608,0.0897846,-0.0528308,nan,nan,nan,nan,-0.0157455,-0.0618908,-0.0176423,nan,-0.139089,-0.000538462,-0.107489,-0.406893,nan,-0.837453,-0.465117,-0.523984,-0.454615,0.120126,0.110256,-0.645846,-0.00748718,0.0705128,-1.5
2443,-107.903,316.038,-0.310009,0,1.08333,0.150493,1.52294,0.609079,-0.0122763,6.87592,5.92593e-05,0.0192007,0.430638,12216.3,0.617497,0.388375,-0.4,0.25,1,395.839,3.00196e+07,0.136671,0.00502931,0.0790881,0.00158532,-0.69999,0.0948115,-0.0510192,nan,nan,nan,nan,-0.0176177,-0.0712353,-0.0179398,nan,-0.146749,-0.000423077,-0.104809,-0.44076,nan,-0.91023,-0.46216,-0.554146,-0.506538,0.129642,0.113692,-0.677846,-0.00807692,0.125,-1.5
2444,-88.0534,237.151,-0.375204,0.0416667,2.16667,0.152894,1.53116,0.617367,-0.0110199,6.87202,5.92593e-05,0.0132445,0.430481,13392.2,0.576341,0.341209,-0.4,0.25,1,396.758,3.00319e+07,0.0897488,0.0041818,0.0576193,0.00129913,-0.522619,0.0711453,-0.0389642,nan,nan,nan,nan,-0.0134581,-0.0527451,-0.013514,nan,-0.110378,-0.000283019,-0.0824472,-0.327036,nan,-0.650808,-0.389741,-0.416041,-0.358925,0.0956821,0.084,-0.514868,-0.00724528,0.0761792,-1.5
2445,-105.828,317.208,-0.35174,0.125,1.875,0.144606,1.52134,0.66583,-0.00977791,6.86769,5.92593e-05,0.0108785,0.430343,13839.8,0.587638,0.300233,-0.4,0.25,1,397.648,3.00442e+07,0.123944,0.00490596,0.0804815,0.00190506,-0.699892,0.0951625,-0.061125,nan,nan,nan,nan,-0.0177313,-0.0733527,-0.0203836,nan,-0.147075,-0.0004375,-0.106882,-0.42742,nan,-0.793225,-0.571237,-0.551756,-0.487937,0.127154,0.129583,-0.678917,-0.0100417,0.103906,-1.5
2446,-92.5341,254.548,-0.345317,0.0416667,1.70833,0.144504,1.52085,0.625367,-0.00919064,6.86415,5.92593e-05,0.0104967,0.43024,16058.3,0.524517,0.240696,-0.4,0.25,1,398.414,3.00564e+07,0.102832,0.00346321,0.0640016,0.00127827,-0.560505,0.0763643,-0.0383643,nan,nan,nan,nan,-0.0128024,-0.0510934,-0.0135571,nan,-0.11791,-0.000333333,-0.0874369,-0.352639,nan,-0.761519,-0.365577,-0.44254,-0.387571,0.102507,0.0835238,-0.553238,-0.00709524,0.06875,-1.5
2447,-90.5046,241.905,-0.349105,0,1.75,0.143272,1.52503,0.686397,-0.00995854,6.86165,5.92593e-05,0.0115335,0.430181,13178.3,0.5811,0.351342,-0.4,0.25,1,399.348,3.00687e+07,0.0902034,0.00503212,0.0611929,0.00130821,-0.531293,0.0725714,-0.038319,nan,nan,nan,nan,-0.012484,-0.0502543,-0.0131813,nan,-0.11239,-0.000238095,-0.0785208,-0.33357,nan,-0.686544,-0.428923,-0.420173,-0.364786,0.0960349,0.0810476,-0.522952,-0.007,0.0863095,-1.5
2448,-106.297,297.55,-0.339384,0,1.66667,0.142031,1.54871,0.604823,-0.00824034,6.86031,5.92593e-05,0.0103909,0.430137,12863.8,0.587426,0.367811,-0.4,0.25,1,400.305,3.0081e+07,0.108374,0.00469928,0.0740605,0.0016487,-0.652376,0.089265,-0.043905,nan,nan,nan,nan,-0.0160079,-0.0672888,-0.0164327,nan,-0.13816,-0.000525,-0.112999,-0.410539,nan,-0.868253,-0.581542,-0.519079,-0.4524,0.118803,0.1017,-0.6547,-0.00975,0.0996875,-1.5
2449,-100.876,306.864,-0.346548,0.125,1.70833,0.148917,1.52081,0.730069,-0.00857482,6.85894,5.92593e-05,0.00871282,0.430095,13134.1,0.575973,0.359608,-0.4,0.25,1,401.242,3.00933e+07,0.12411,0.00427726,0.0774254,0.00205838,-0.666921,0.0920591,-0.0616045,nan,nan,nan,nan,-0.0195321,-0.0803225,-0.0213615,nan,-0.142416,-0.00025,-0.113435,-0.422691,nan,-0.675957,-0.506568,-0.534237,-0.468614,0.121631,0.131636,-0.659727,-0.0107727,0.127557,-1.5
2450,-107.303,327.875,-0.351582,0.208333,1.79167,0.144392,1.48589,0.582781,-0.00990962,6.85766,5.92593e-05,0.0135735,0.430052,14419.3,0.568414,0.283775,-0.4,0.25,1,402.096,3.01056e+07,0.12987,0.00537172,0.0827512,0.00181852,-0.721552,0.0983625,-0.0535896,nan,nan,nan,nan,-0.0176672,-0.0713976,-0.0193889,nan,-0.152356,-0.000395833,-0.109825,-0.455191,nan,-0.889986,-0.451493,-0.571983,-0.511312,0.129928,0.12075,-0.707333,-0.010875,0.0976562,-1.5
2451,-91.2612,249.417,-0.364523,0,2,0.145929,1.52227,0.781529,-0.0123552,6.85608,5.92593e-05,0.0116245,0.429989,16904.6,0.485098,0.241804,-0.4,0.25,1,402.824,3.01179e+07,0.101387,0.00525959,0.0632098,0.00139855,-0.54259,0.074825,-0.0403833,nan,nan,nan,nan,-0.0132508,-0.0554579,-0.0136666,nan,-0.115639,-0.000291667,-0.0806336,-0.346159,nan,-0.711852,-0.373165,-0.434997,-0.389312,0.100698,0.0876667,-0.539,-0.00683333,0.0802083,-1.5
2452,-101.102,290.957,-0.361988,0,1.95833,0.145014,1.5199,0.807462,-0.00872788,6.8542,5.92593e-05,0.00924443,0.429934,15585.1,0.496219,0.292225,-0.4,0.25,1,403.614,3.01302e+07,0.107736,0.00494435,0.0733996,0.00185833,-0.638445,0.0872872,-0.0505383,nan,nan,nan,nan,-0.016341,-0.0644816,-0.0176121,nan,-0.135001,-0.000574468,-0.106554,-0.410501,nan,-0.74232,-0.433059,-0.506905,-0.44534,0.116364,0.111149,-0.631319,-0.00889362,0.103989,-1.5
2453,-91.7644,249.17,-0.361418,0,1.95833,0.139648,1.51734,0.620977,-0.00946096,6.85251,5.92593e-05,0.0174315,0.42988,13022.3,0.593984,0.349628,-0.4,0.25,1,404.559,3.01425e+07,0.0922788,0.00445701,0.0638311,0.00152787,-0.54755,0.0747511,-0.043617,nan,nan,nan,nan,-0.0137516,-0.0543603,-0.0150472,nan,-0.115642,-0.000276596,-0.0925197,-0.344976,nan,-0.648623,-0.456073,-0.433675,-0.375191,0.100331,0.092766,-0.535915,-0.00753191,0.0792553,-1.5
2454,-89.0629,249.833,-0.330043,0.0416667,1.45833,0.144271,1.53335,0.654662,-0.010551,6.85036,5.92593e-05,0.0101625,0.429788,13481.5,0.585444,0.326026,-0.4,0.25,1,405.472,3.01548e+07,0.0913184,0.00509126,0.0649159,0.00160712,-0.549736,0.07495,-0.0445139,nan,nan,nan,nan,-0.0139712,-0.0530521,-0.0154367,nan,-0.11544,-8.33333e-05,-0.0967813,-0.344572,nan,-0.626477,-0.35022,-0.433427,-0.365583,0.100614,0.095,-0.539556,-0.009,0.090625,-1.5
2455,-90.1824,248.132,-0.337152,0,1.58333,0.143571,1.53493,0.688639,-0.0116936,6.84826,5.92593e-05,0.0118107,0.429782,12807.2,0.572673,0.386785,-0.4,0.25,1,406.433,3.0167e+07,0.10358,0.00432995,0.0629469,0.0016862,-0.542201,0.0744395,-0.0430553,nan,nan,nan,nan,-0.0146619,-0.0596063,-0.0147536,nan,-0.115099,-0.0005,-0.09195,-0.350169,nan,-0.628998,-0.356665,-0.434121,-0.373737,0.0999308,0.0967368,-0.548421,-0.008,0.0822368,-1.5
2456,-86.3866,231.065,-0.356776,0,1.91667,0.144619,1.52257,0.679478,-0.00872106,6.84811,5.92593e-05,0.00780112,0.429724,15681.4,0.542459,0.241145,-0.4,0.25,1,407.218,3.01793e+07,0.0963867,0.00353751,0.0571051,0.00133775,-0.505909,0.0693196,-0.0357717,nan,nan,nan,nan,-0.0128858,-0.0497428,-0.0126034,nan,-0.107525,-0.000630435,-0.0743756,-0.325993,nan,-0.653356,-0.307759,-0.403747,-0.354522,0.0938177,0.0804348,-0.5,-0.00595652,0.0692935,-1.5
2457,-114.925,340.481,-0.363768,0.0833333,2.08333,0.146804,1.48763,0.8235,-0.00734324,6.8457,5.92593e-05,0.00685651,0.429651,16897.3,0.487025,0.24019,-0.4,0.25,1,407.947,3.01916e+07,0.123805,0.00573061,0.0871395,0.00170179,-0.746659,0.102144,-0.051925,nan,nan,nan,nan,-0.0173948,-0.0756772,-0.0185112,nan,-0.157561,-0.000346154,-0.124516,-0.471452,nan,-1.00836,-0.555221,-0.590301,-0.525865,0.137182,0.113538,-0.738462,-0.0104615,0.0894231,-1.5
2458,-103.818,312.098,-0.360095,0.125,2,0.14552,1.48254,0.649874,-0.0107933,6.8433,5.92593e-05,0.0147422,0.429543,16263.8,0.489133,0.266408,-0.4,0.25,1,408.704,3.02039e+07,0.126262,0.00514412,0.0804535,0.00173085,-0.68424,0.0936294,-0.0564412,nan,nan,nan,nan,-0.0172596,-0.0726337,-0.0188469,nan,-0.144365,-0.000490196,-0.110842,-0.435536,nan,-0.808641,-0.501541,-0.538437,-0.480176,0.127568,0.113961,-0.663686,-0.00976471,0.116667,-1.5
2459,-89.1473,237.056,-0.333387,0,1.5,0.145405,1.50549,0.717579,-0.0101409,6.84045,8.88889e-05,0.00482161,0.429478,13014,0.595309,0.348902,-0.4,0.25,1,409.649,3.02162e+07,0.101987,0.00403019,0.0595629,0.00125427,-0.525657,0.0711167,-0.0364583,nan,nan,nan,nan,-0.0122986,-0.0452735,-0.0125292,nan,-0.110266,-0.000222222,-0.072177,-0.329367,nan,-0.722381,-0.311427,-0.413236,-0.367083,0.0949733,0.0758889,-0.510333,-0.006,0.0652778,-1.5
2460,-95.5719,266.317,-0.343033,0.0416667,1.66667,0.144484,1.53003,0.677847,-0.0124444,6.8379,8.88889e-05,0.0187162,0.429353,13228.9,0.598441,0.330434,-0.4,0.25,1,410.58,3.02285e+07,0.104155,0.00480625,0.068473,0.00154272,-0.580211,0.0798951,-0.0425537,nan,nan,nan,nan,-0.0131046,-0.0526677,-0.0144073,nan,-0.123632,-2.43902e-05,-0.0838342,-0.369448,nan,-0.773511,-0.434161,-0.461359,-0.405293,0.108927,0.0883902,-0.575122,-0.00785366,0.0810976,-1.5
2461,-79.265,204.491,-0.367378,0.125,2.08333,0.148786,1.49486,0.62898,-0.0112323,6.83341,8.88889e-05,0.0190844,0.429157,13617.2,0.57194,0.33045,-0.4,0.25,1,411.483,3.02408e+07,0.0832455,0.00423991,0.0514555,0.00127515,-0.451325,0.0613472,-0.0328925,nan,nan,nan,nan,-0.0110031,-0.0422676,-0.0112786,nan,-0.0948121,-0.000301887,-0.0737669,-0.278016,nan,-0.557233,-0.372387,-0.353615,-0.310075,0.0810812,0.0707925,-0.446642,-0.00618868,0.0558962,-1.5
2462,-103.731,310.714,-0.33645,0.208333,1.54167,0.147842,1.51916,0.511533,-0.0123517,6.82733,8.88889e-05,0.0128867,0.42896,15254.3,0.554456,0.251087,-0.4,0.25,1,412.29,3.02531e+07,0.121461,0.00497583,0.0792112,0.00177238,-0.679162,0.0932143,-0.0460714,nan,nan,nan,nan,-0.015709,-0.0624058,-0.0161152,nan,-0.143985,-0.000285714,-0.11197,-0.434761,nan,-0.924465,-0.438546,-0.542872,-0.473714,0.126071,0.0995238,-0.68,-0.00809524,0.0928571,-1.5
2463,-93.2217,256.68,-0.366553,0.0416667,2.04167,0.145475,1.51557,0.635091,-0.0116356,6.82313,8.88889e-05,0.0104859,0.428892,16699,0.49175,0.244101,-0.4,0.25,1,413.028,3.02653e+07,0.0942624,0.00399582,0.0635912,0.00161336,-0.560736,0.077004,-0.040494,nan,nan,nan,nan,-0.0142562,-0.0553325,-0.0141086,nan,-0.118642,-0.00012,-0.0962201,-0.358634,nan,-0.692399,-0.452928,-0.448804,-0.39264,0.10494,0.0888,-0.5656,-0.00708,0.084,-1.5
2464,-101.506,298.486,-0.334563,0.0416667,1.5,0.145702,1.54475,0.699284,-0.0118062,6.82149,8.88889e-05,0.014204,0.428801,16069.2,0.485905,0.278788,-0.4,0.25,1,413.793,3.02776e+07,0.110373,0.005708,0.0768668,0.00210049,-0.652398,0.0895459,-0.0472703,nan,nan,nan,nan,-0.0168634,-0.0674771,-0.0168879,nan,-0.138668,0,-0.110717,-0.415906,nan,-0.76309,-0.469664,-0.522706,-0.444486,0.121482,0.105622,-0.649081,-0.00810811,0.0942568,-1.5
2465,-105.561,320.245,-0.358161,0.125,1.91667,0.144,1.50645,0.7166,-0.0114658,6.81795,8.88889e-05,0.00953538,0.428692,13009.7,0.592965,0.351563,-0.4,0.25,1,414.74,3.02899e+07,0.117951,0.00456594,0.0809873,0.00201788,-0.703747,0.0960735,-0.0581939,nan,nan,nan,nan,-0.0188771,-0.0784144,-0.0198684,nan,-0.148797,-0.000204082,-0.10911,-0.437201,nan,-0.781618,-0.510423,-0.558784,-0.49451,0.12782,0.124245,-0.682612,-0.0108571,0.0959184,-1.5
2466,-98.8403,277.674,-0.346072,0.0416667,1.75,0.141558,1.49799,0.750042,-0.0129329,6.81543,8.88889e-05,0.0156391,0.428641,13223.9,0.601562,0.327667,-0.4,0.25,1,415.671,3.03022e+07,0.0994603,0.00509307,0.0688273,0.0015657,-0.609906,0.0833023,-0.0484256,nan,nan,nan,nan,-0.0152139,-0.0616772,-0.0163972,nan,-0.129103,-0.000209302,-0.0842415,-0.388448,nan,-0.766193,-0.410032,-0.485814,-0.450488,0.111822,0.10214,-0.599814,-0.00925581,0.0688953,-1.5
2467,-108.861,339.218,-0.365586,0.25,2.04167,0.146504,1.52401,0.756252,-0.0121382,6.81361,8.88889e-05,0.0124407,0.428554,13210.2,0.573195,0.356997,-0.4,0.25,1,416.603,3.03145e+07,0.128268,0.00551487,0.0853107,0.00200492,-0.737771,0.101765,-0.0611836,nan,nan,nan,nan,-0.0186316,-0.0786213,-0.0206627,nan,-0.157015,-0.000163636,-0.113554,-0.466203,nan,-0.859838,-0.51037,-0.586747,-0.528164,0.136162,0.131564,-0.724291,-0.0103636,0.111364,-1.5
2468,-93.3434,267.878,-0.360162,0.125,1.91667,0.144813,1.49897,0.595427,-0.0120202,6.8106,8.88889e-05,0.00977634,0.428448,15401.7,0.554957,0.242879,-0.4,0.25,1,417.402,3.03268e+07,0.0953694,0.0040871,0.0667497,0.00169473,-0.582559,0.0803633,-0.0481347,nan,nan,nan,nan,-0.0153635,-0.0632098,-0.0165564,nan,-0.123793,-0.000653061,-0.0923211,-0.373031,nan,-0.681839,-0.422972,-0.463835,-0.39998,0.107888,0.103429,-0.576735,-0.00706122,0.0890306,-1.5
2469,-113.204,339,-0.330881,0.0416667,1.54167,0.140957,1.53618,0.667185,-0.0122392,6.80723,8.88889e-05,0.0164699,0.428317,16966.7,0.482341,0.241899,-0.4,0.25,1,418.127,3.03391e+07,0.128466,0.00478359,0.0845783,0.00191352,-0.744156,0.1017,-0.0550816,nan,nan,nan,nan,-0.0183179,-0.0785652,-0.0194098,nan,-0.156984,-0.000342105,-0.131455,-0.47858,nan,-0.926137,-0.57702,-0.586125,-0.516868,0.137235,0.123684,-0.729368,-0.0101579,0.109868,-1.5
2470,-95.9468,270.289,-0.346895,0.0833333,1.79167,0.143498,1.52181,0.686173,-0.011307,6.80425,8.88889e-05,0.0142656,0.42826,13181,0.539911,0.392342,-0.4,0.25,1,419.061,3.03514e+07,0.0993462,0.00448909,0.0664516,0.00153325,-0.587831,0.0810867,-0.0434444,nan,nan,nan,nan,-0.0151104,-0.0607081,-0.0152366,nan,-0.125434,-0.000866667,-0.0836037,-0.376475,nan,-0.746133,-0.39254,-0.470724,-0.429933,0.107365,0.0920889,-0.591822,-0.00773333,0.0788889,-1.5
2471,-105.713,322.696,-0.347606,0.166667,1.75,0.145016,1.53316,0.733537,-0.0117134,6.80234,8.88889e-05,0.0182129,0.428183,12371.1,0.614536,0.378748,-0.4,0.25,1,420.056,3.03636e+07,0.124657,0.00482384,0.0818984,0.00219955,-0.701854,0.0968087,-0.0590109,nan,nan,nan,nan,-0.0178253,-0.073353,-0.0199919,nan,-0.149502,-0.000217391,-0.114206,-0.444569,nan,-0.778731,-0.522346,-0.556178,-0.496826,0.130796,0.12313,-0.693739,-0.0118696,0.114402,-1.5
2472,-112.564,340.231,-0.332702,0.0833333,1.54167,0.145621,1.49263,0.670618,-0.0114535,6.79921,8.88889e-05,0.0140982,0.428033,12865.1,0.613742,0.3414,-0.4,0.25,1,421.013,3.03759e+07,0.133056,0.00489734,0.0851869,0.00201124,-0.745902,0.102069,-0.0536744,nan,nan,nan,nan,-0.0180274,-0.0757362,-0.0190485,nan,-0.158296,-0.000333333,-0.113233,-0.469878,nan,-0.919245,-0.578452,-0.593208,-0.542615,0.134218,0.122769,-0.742462,-0.00958974,0.131731,-1.5
2473,-91.2953,249.51,-0.36308,0.0416667,2.08333,0.141699,1.53672,0.747277,-0.0111098,6.79501,8.88889e-05,0.0112079,0.4279,14252.1,0.592399,0.269787,-0.4,0.25,1,421.877,3.03882e+07,0.107452,0.00420587,0.063562,0.00132517,-0.545827,0.0748529,-0.0326255,nan,nan,nan,nan,-0.011108,-0.0416014,-0.0109852,nan,-0.115709,-0.000352941,-0.0880391,-0.348151,nan,-0.797479,-0.307884,-0.432535,-0.366765,0.0996497,0.0684706,-0.542667,-0.00666667,0.0622549,-1.5
2474,-105.933,316.667,-0.354843,0.0416667,1.95833,0.142011,1.52254,0.725852,-0.00958409,6.79169,8.88889e-05,0.0155331,0.42779,14688.8,0.571297,0.265258,-0.4,0.25,1,422.715,3.04005e+07,0.125062,0.0053752,0.0805026,0.00197753,-0.689409,0.095,-0.0552979,nan,nan,nan,nan,-0.0168156,-0.0694331,-0.0190135,nan,-0.146339,-0.000416667,-0.115052,-0.434817,nan,-0.796731,-0.489548,-0.547914,-0.470437,0.126568,0.118,-0.688667,-0.0103333,0.0984375,-1.5
2475,-99.9629,293.111,-0.348739,0.0833333,1.79167,0.1417,1.52251,0.77831,-0.0131332,6.78811,8.88889e-05,0.0148335,0.427645,12655.5,0.578578,0.39238,-0.4,0.25,1,423.687,3.04128e+07,0.118764,0.00468159,0.0744276,0.00189345,-0.638992,0.0879333,-0.0473311,nan,nan,nan,nan,-0.0152118,-0.0651794,-0.0171917,nan,-0.135725,-0.000333333,-0.0957519,-0.401165,nan,-0.778433,-0.464821,-0.507696,-0.462667,0.117651,0.103467,-0.635822,-0.00893333,0.0983333,-1.5
2476,-89.3644,241.122,-0.345351,0,1.70833,0.145189,1.51757,0.608408,-0.0123775,6.78463,8.88889e-05,0.0142039,0.427536,12977.8,0.606048,0.3408,-0.4,0.25,1,424.636,3.04251e+07,0.0976736,0.00450246,0.0574092,0.00168567,-0.524244,0.0723366,-0.0393902,nan,nan,nan,nan,-0.0147445,-0.0585316,-0.0145481,nan,-0.111767,-0.00131707,-0.0850696,-0.33515,nan,-0.584787,-0.454026,-0.419125,-0.387146,0.0962076,0.0821463,-0.524878,-0.00682927,0.0817073,-1.5
2477,-86.7596,230.875,-0.339306,0.0416667,1.625,0.143471,1.50175,0.729758,-0.00846191,6.7818,8.88889e-05,0.0120693,0.427453,13454.8,0.581902,0.331377,-0.4,0.25,1,425.551,3.04374e+07,0.0963072,0.00335523,0.0565648,0.0012391,-0.501709,0.0692625,-0.032665,nan,nan,nan,nan,-0.0113836,-0.0447566,-0.0110534,nan,-0.106856,-0.0003,-0.0906471,-0.330666,nan,-0.695724,-0.312607,-0.400119,-0.3528,0.093545,0.0746,-0.5042,-0.00645,0.0690625,-1.5
2478,-83.8663,226.278,-0.366391,0.0416667,2.20833,0.1421,1.49827,0.699949,-0.0117311,6.77976,8.88889e-05,0.0107105,0.427419,14190.9,0.562075,0.30383,-0.4,0.25,1,426.419,3.04497e+07,0.0942603,0.00376344,0.0576917,0.00156395,-0.491764,0.0678833,-0.0367333,nan,nan,nan,nan,-0.0120261,-0.0452704,-0.0128417,nan,-0.104523,-0.000185185,-0.0787484,-0.312253,nan,-0.597453,-0.343125,-0.390708,-0.34,0.0910222,0.0777778,-0.495333,-0.0072963,0.0706019,-1.5
2479,-83.9539,227.098,-0.367635,0,2.125,0.145738,1.51743,0.826014,-0.0101098,6.77805,8.88889e-05,0.0139454,0.427372,16451.9,0.503666,0.243239,-0.4,0.25,1,427.167,3.0462e+07,0.0941398,0.00370653,0.057236,0.00167002,-0.491159,0.0681294,-0.0429471,nan,nan,nan,nan,-0.0137582,-0.055306,-0.0145914,nan,-0.104862,-0.000392157,-0.0832238,-0.314541,nan,-0.512034,-0.355971,-0.393575,-0.350118,0.089788,0.0931765,-0.490745,-0.00972549,0.0715686,-1.5
2480,-97.0997,275.796,-0.36088,0.0833333,1.95833,0.147229,1.51912,0.702817,-0.0112998,6.77558,8.88889e-05,0.0185272,0.427239,16278.3,0.512679,0.242193,-0.4,0.25,1,427.923,3.04742e+07,0.113471,0.00534404,0.0679864,0.0015254,-0.602296,0.0827388,-0.0406388,nan,nan,nan,nan,-0.0129129,-0.0527786,-0.0139448,nan,-0.127755,-0.000653061,-0.0899587,-0.3742,nan,-0.840961,-0.370773,-0.478675,-0.431755,0.113734,0.0868571,-0.602041,-0.00718367,0.0678571,-1.5
2481,-114.829,356.614,-0.350109,0.0416667,1.79167,0.145065,1.51137,0.724899,-0.0122231,6.77159,8.88889e-05,0.0116654,0.427109,16808.7,0.489069,0.241982,-0.4,0.25,1,428.656,3.04865e+07,0.150903,0.00664992,0.0907977,0.0023011,-0.779144,0.106984,-0.0549909,nan,nan,nan,nan,-0.018268,-0.0753123,-0.0196109,nan,-0.165271,-0.0005,-0.120025,-0.483134,nan,-0.955368,-0.4813,-0.617259,-0.559568,0.14332,0.124727,-0.775455,-0.0106364,0.138068,-1.5
2482,-91.5743,262.612,-0.35686,0.0833333,1.95833,0.142922,1.49364,0.680128,-0.0116881,6.76766,8.88889e-05,0.00791794,0.426994,14775.6,0.576122,0.25552,-0.4,0.25,1,429.489,3.04988e+07,0.110414,0.00317037,0.0665127,0.00179679,-0.569462,0.0787837,-0.0478102,nan,nan,nan,nan,-0.0159297,-0.0665502,-0.0165597,nan,-0.121253,-0.000489796,-0.104965,-0.361426,nan,-0.588674,-0.498594,-0.455219,-0.404939,0.106487,0.106367,-0.574694,-0.0082449,0.0992347,-1.5
2483,-91.2049,255.868,-0.332348,0.0416667,1.54167,0.14257,1.5016,0.62767,-0.0099683,6.76465,8.88889e-05,0.0180525,0.426928,15767,0.520247,0.259102,-0.4,0.25,1,430.269,3.05111e+07,0.0986799,0.00424837,0.0617834,0.00167026,-0.55644,0.0767605,-0.0404974,nan,nan,nan,nan,-0.0150052,-0.0595693,-0.0143887,nan,-0.118693,-0.000289474,-0.0969783,-0.355478,nan,-0.670616,-0.362632,-0.448039,-0.388579,0.101042,0.0913684,-0.561158,-0.00778947,0.0940789,-1.5
2484,-89.2603,248.041,-0.363127,0,2.04167,0.145097,1.53495,0.661298,-0.0110302,6.76215,8.88889e-05,0.0144188,0.426852,15480,0.553873,0.239928,-0.4,0.25,1,431.065,3.05234e+07,0.0967219,0.00439398,0.0629777,0.00173885,-0.540307,0.0744122,-0.0420388,nan,nan,nan,nan,-0.0147919,-0.0575807,-0.0148415,nan,-0.114758,-0.000163265,-0.0854652,-0.339057,nan,-0.602924,-0.369561,-0.430384,-0.380878,0.0993029,0.0960816,-0.542857,-0.00693878,0.0760204,-1.5
2485,-100.265,290.695,-0.389256,0,2.45833,0.145693,1.5185,0.876382,-0.00845217,6.75968,5.92593e-05,0.0210071,0.426791,16333.6,0.501271,0.251042,-0.4,0.25,1,431.818,3.05357e+07,0.117161,0.00488759,0.0733075,0.00186174,-0.629691,0.0872085,-0.0478475,nan,nan,nan,nan,-0.0153582,-0.0628511,-0.0165936,nan,-0.134451,-0.00059322,-0.106665,-0.401349,nan,-0.770903,-0.401043,-0.504535,-0.443237,0.11713,0.103322,-0.630237,-0.00884746,0.101695,-1.5
2486,-89.0561,241.857,-0.380996,0,2.33333,0.141582,1.51126,0.849308,-0.00928285,6.75849,5.92593e-05,0.00965652,0.426766,15443.1,0.553376,0.24232,-0.4,0.25,1,432.615,3.0548e+07,0.0987005,0.0043281,0.0606359,0.00150929,-0.525123,0.0725571,-0.0384357,nan,nan,nan,nan,-0.0128343,-0.0512907,-0.012987,nan,-0.111858,-0.000446429,-0.0850369,-0.329457,nan,-0.665415,-0.377886,-0.41904,-0.370821,0.0980738,0.0797857,-0.530071,-0.00810714,0.0691964,-1.5
2487,-96.4821,279.651,-0.342787,0.0416667,1.75,0.140003,1.51579,0.653902,-0.00795591,6.75686,5.92593e-05,0.0126665,0.426674,16439.5,0.496916,0.250553,-0.4,0.25,1,433.364,3.05603e+07,0.116693,0.00411159,0.069154,0.00192243,-0.602158,0.0838953,-0.0511884,nan,nan,nan,nan,-0.0172324,-0.074109,-0.0182774,nan,-0.129445,-0.00055814,-0.10211,-0.391372,nan,-0.637404,-0.47971,-0.485046,-0.451186,0.113017,0.118326,-0.609674,-0.00995349,0.10407,-1.5
2488,-86.2781,234.815,-0.371916,0.0416667,2.20833,0.142348,1.50309,0.673054,-0.00957338,6.75365,5.92593e-05,0.0149593,0.426554,16445.8,0.500532,0.246651,-0.4,0.25,1,434.113,3.05725e+07,0.0922465,0.00435394,0.058804,0.00154907,-0.513615,0.0704444,-0.0379796,nan,nan,nan,nan,-0.0126862,-0.0483692,-0.0124485,nan,-0.10867,-0.000444444,-0.0853222,-0.316111,nan,-0.637374,-0.339548,-0.407006,-0.354944,0.0949826,0.0815556,-0.513407,-0.00718519,0.0803241,-1.5
2489,-96.4638,278.415,-0.337667,0.125,1.58333,0.141317,1.51307,0.680815,-0.0100171,6.7493,5.92593e-05,0.0098237,0.426366,16215.3,0.501068,0.256734,-0.4,0.25,1,434.872,3.05848e+07,0.108695,0.00421633,0.0699069,0.00154692,-0.607201,0.0835244,-0.0386122,nan,nan,nan,nan,-0.0131509,-0.0528038,-0.0133553,nan,-0.12894,-0.000609756,-0.0987494,-0.384743,nan,-0.85538,-0.408091,-0.481912,-0.413927,0.11178,0.0846829,-0.595512,-0.00546341,0.0817073,-1.5
2490,-95.103,277.115,-0.365266,0.0833333,2.08333,0.146428,1.51707,0.688171,-0.0101771,6.74412,5.92593e-05,0.0114913,0.426229,16272.8,0.505117,0.250008,-0.4,0.25,1,435.628,3.05971e+07,0.113393,0.00485385,0.0697513,0.00180651,-0.602392,0.0831346,-0.0507404,nan,nan,nan,nan,-0.0166111,-0.0688386,-0.0179895,nan,-0.128375,-3.84615e-05,-0.0983361,-0.384509,nan,-0.649166,-0.418285,-0.481902,-0.435635,0.112614,0.109385,-0.597077,-0.00938462,0.0951923,-1.5
2491,-93.1981,262.208,-0.359673,0.0833333,1.91667,0.14779,1.5011,0.74262,-0.00994308,6.74131,5.92593e-05,0.0149264,0.426168,16761.4,0.49342,0.239691,-0.4,0.25,1,436.363,3.06094e+07,0.113734,0.00496236,0.0659213,0.0015782,-0.572293,0.0786625,-0.0383396,nan,nan,nan,nan,-0.0132034,-0.0517357,-0.0135038,nan,-0.121142,-0.000458333,-0.1068,-0.366117,nan,-0.762693,-0.363879,-0.458407,-0.394062,0.106448,0.0859167,-0.570083,-0.007125,0.0768229,-1.5
2492,-81.731,214.976,-0.347028,0,1.75,0.145106,1.49496,0.671714,-0.0107841,6.73947,5.92593e-05,0.0165446,0.426097,16639.8,0.495228,0.243244,-0.4,0.25,1,437.102,3.06217e+07,0.0864596,0.00412138,0.0538436,0.00139385,-0.466642,0.0644929,-0.0355905,nan,nan,nan,nan,-0.012028,-0.0465755,-0.0122423,nan,-0.0989732,-0.000380952,-0.0922848,-0.291704,nan,-0.550076,-0.383782,-0.371455,-0.312571,0.0867748,0.0750476,-0.475905,-0.00642857,0.0791667,-1.5
2493,-78.5731,195.109,-0.357937,0,1.91667,0.143857,1.51523,0.584048,-0.0109369,6.73707,5.92593e-05,0.018427,0.426043,16677.2,0.493992,0.242821,-0.4,0.25,1,437.841,3.0634e+07,0.077227,0.00290113,0.0489166,0.00121964,-0.422679,0.0585326,-0.0267109,nan,nan,nan,nan,-0.0100642,-0.0365474,-0.00922104,nan,-0.0900877,-0.000391304,-0.0789838,-0.26515,nan,-0.574671,-0.314388,-0.338401,-0.290022,0.0788423,0.0598261,-0.434,-0.00473913,0.051087,-1.5
2494,-82.9773,215.571,-0.35987,0.0416667,2,0.143275,1.56052,0.803395,-0.0110851,6.73579,5.92593e-05,0.0143069,0.425992,16610.2,0.496881,0.242905,-0.4,0.25,1,438.582,3.06463e+07,0.0790968,0.0034114,0.0540112,0.00141222,-0.471351,0.0646714,-0.0324061,nan,nan,nan,nan,-0.0117101,-0.0432345,-0.0112535,nan,-0.09956,-0.000244898,-0.086582,-0.299566,nan,-0.586194,-0.356653,-0.373544,-0.320327,0.086985,0.0703673,-0.474041,-0.00587755,0.067602,-1.5
2495,-93.6919,262.865,-0.331118,0,1.54167,0.141953,1.51108,0.685181,-0.00999967,6.73422,5.92593e-05,0.014557,0.425943,16208.9,0.506666,0.251438,-0.4,0.25,1,439.341,3.06586e+07,0.11315,0.00492559,0.0660822,0.00171846,-0.576173,0.0788595,-0.0402189,nan,nan,nan,nan,-0.0143932,-0.054655,-0.0139115,nan,-0.121294,0,-0.113011,-0.352192,nan,-0.692612,-0.357961,-0.455265,-0.403297,0.106189,0.0857297,-0.581838,-0.00794595,0.085473,-1.5
2496,-86.3127,233.409,-0.347536,0.0416667,1.79167,0.1457,1.54693,0.70675,-0.00884856,6.73258,5.92593e-05,0.0128517,0.425882,16550.4,0.492973,0.249485,-0.4,0.25,1,440.085,3.06708e+07,0.0962525,0.00403587,0.0589496,0.00155061,-0.507311,0.0700227,-0.0374864,nan,nan,nan,nan,-0.0127226,-0.0508072,-0.0128345,nan,-0.108072,-0.000181818,-0.087542,-0.317453,nan,-0.631657,-0.322423,-0.404949,-0.368114,0.0939816,0.0817273,-0.505364,-0.00659091,0.0732955,-1.5
2497,-94.1486,263.712,-0.365562,0.0416667,2.125,0.145078,1.52325,0.737405,-0.0100167,6.73097,5.92593e-05,0.011263,0.425878,16458.1,0.500571,0.246053,-0.4,0.25,1,440.833,3.06831e+07,0.0974825,0.00425407,0.0666668,0.00185741,-0.578084,0.0791135,-0.0471635,nan,nan,nan,nan,-0.0149705,-0.0595729,-0.0160189,nan,-0.121842,-0.000230769,-0.106962,-0.362546,nan,-0.648886,-0.477337,-0.458034,-0.408288,0.109451,0.100154,-0.574,-0.00815385,0.0766827,-1.5
2498,-93.8904,263.136,-0.347373,0,1.83333,0.141415,1.51653,0.742174,-0.011884,6.73058,5.92593e-05,0.0162958,0.425827,16795.2,0.491478,0.240159,-0.4,0.25,1,441.566,3.06954e+07,0.103753,0.00427963,0.0660204,0.001755,-0.570417,0.0789409,-0.0468023,nan,nan,nan,nan,-0.0155987,-0.060148,-0.0160026,nan,-0.121414,-0.000431818,-0.103211,-0.367042,nan,-0.638914,-0.433482,-0.457135,-0.397091,0.107741,0.1,-0.573545,-0.00845455,0.0738636,-1.5
2499,-114.811,350.333,-0.349713,0.0416667,1.83333,0.142103,1.55063,0.64751,-0.00975899,6.72822,5.92593e-05,0.00936226,0.42574,16608.7,0.498717,0.241137,-0.4,0.25,1,442.307,3.07077e+07,0.135055,0.00516897,0.0897041,0.00203277,-0.763838,0.1051,-0.0507067,nan,nan,nan,nan,-0.0174212,-0.0690435,-0.0179065,nan,-0.161873,-0.000288889,-0.140934,-0.475827,nan,-0.987964,-0.435757,-0.607798,-0.527867,0.143976,0.109067,-0.768533,-0.0102222,0.113889,-1.5
2500,-94.6728,281.833,-0.321488,0.125,1.375,0.144084,1.52897,0.736291,-0.00942234,6.72569,5.92593e-05,0.0149383,0.425658,16833.8,0.488765,0.241194,-0.4,0.25,1,443.038,3.072e+07,0.119335,0.00465299,0.072378,0.00187903,-0.617093,0.08455,-0.0503833,nan,nan,nan,nan,-0.0154471,-0.0634659,-0.0176736,nan,-0.130336,-0.000333333,-0.104136,-0.383572,nan,-0.697558,-0.421012,-0.488756,-0.438917,0.116939,0.102333,-0.607556,-0.00911111,0.102778,-1.5
2501,-99.1862,291.543,-0.34399,0.125,1.79167,0.139714,1.51917,0.685764,-0.0103344,6.72261,5.92593e-05,0.013937,0.425527,13450.4,0.586092,0.327488,-0.4,0.25,1,445.923,3.07323e+07,0.113923,0.00392416,0.0729121,0.00189494,-0.633155,0.087463,-0.0460413,nan,nan,nan,nan,-0.0154497,-0.0625066,-0.0158701,nan,-0.134861,-0.000369565,-0.0998766,-0.393366,nan,-0.787698,-0.418604,-0.503724,-0.479543,0.119412,0.103304,-0.633826,-0.00786957,0.0817935,-1.5
2502,-99.0376,292.619,-0.333958,0.125,1.625,0.140135,1.53698,0.70272,-0.0121425,6.71936,5.92593e-05,0.0123071,0.425448,13735.6,0.590835,0.303776,-0.4,0.25,1,446.819,3.07446e+07,0.119265,0.00585837,0.0741847,0.00181413,-0.635258,0.0877857,-0.0479548,nan,nan,nan,nan,-0.0161384,-0.0652783,-0.0168473,nan,-0.13524,-0.000214286,-0.100905,-0.389886,nan,-0.775108,-0.403558,-0.509131,-0.460214,0.117367,0.112952,-0.636286,-0.00880952,0.09375,-1.5
2503,-88.3511,240.231,-0.335621,0,1.625,0.146865,1.52769,0.624759,-0.0114129,6.71827,5.92593e-05,0.0170447,0.425437,15577.4,0.547027,0.241807,-0.4,0.25,1,447.609,3.07569e+07,0.0965385,0.00430669,0.0589618,0.00148384,-0.520321,0.0720692,-0.0392179,nan,nan,nan,nan,-0.0133277,-0.052267,-0.0132019,nan,-0.11102,-0.000333333,-0.0870512,-0.329027,nan,-0.637661,-0.350658,-0.417673,-0.381692,0.0988642,0.0846154,-0.523282,-0.00779487,0.0782051,-1.5
2504,-95.0375,275.25,-0.340662,0.0416667,1.625,0.144878,1.53671,0.755071,-0.00888633,6.71789,5.92593e-05,0.0079259,0.425413,13652.1,0.523887,0.376197,-0.4,0.25,1,448.511,3.07692e+07,0.114743,0.00452951,0.0703837,0.0019171,-0.602903,0.082575,-0.0482,nan,nan,nan,nan,-0.0156895,-0.0594736,-0.0160846,nan,-0.127047,-0.0002,-0.116918,-0.370862,nan,-0.67165,-0.385613,-0.475824,-0.41745,0.112362,0.1028,-0.5994,-0.00895,0.089375,-1.5
2505,-93.2504,263.791,-0.346798,0.0416667,1.75,0.144033,1.52003,0.691302,-0.00863005,6.7162,5.92593e-05,0.00739435,0.425307,12324.3,0.608095,0.388957,-0.4,0.25,1,449.509,3.07814e+07,0.112024,0.00535282,0.0677896,0.00165086,-0.575811,0.0791372,-0.0439884,nan,nan,nan,nan,-0.0145915,-0.0597461,-0.015231,nan,-0.122006,-0.000302326,-0.0973633,-0.364762,nan,-0.683536,-0.387396,-0.456804,-0.403116,0.107577,0.0939535,-0.571814,-0.00706977,0.084593,-1.5
2506,-87.5114,237.448,-0.311848,0.0416667,1.16667,0.146128,1.50242,0.640305,-0.0104276,6.71205,5.92593e-05,0.0160326,0.425174,12775.6,0.576504,0.385327,-0.4,0.25,1,450.472,3.07937e+07,0.104105,0.00314354,0.0611555,0.00121136,-0.515001,0.0712345,-0.0325483,nan,nan,nan,nan,-0.0105024,-0.0405515,-0.0109773,nan,-0.109587,-0.000310345,-0.0825054,-0.328954,nan,-0.765894,-0.330265,-0.410656,-0.354207,0.0981954,0.0667586,-0.520552,-0.0062069,0.0603448,-1.5
2507,-98.4453,289.02,-0.358727,0.0833333,2.04167,0.146516,1.51779,0.631047,-0.00791144,6.70916,5.92593e-05,0.0107873,0.425114,12732.6,0.647326,0.317753,-0.4,0.25,1,451.439,3.0806e+07,0.104775,0.00507473,0.0737008,0.00195466,-0.628562,0.0867059,-0.0530078,nan,nan,nan,nan,-0.0171257,-0.0687764,-0.0182922,nan,-0.133657,-0.000392157,-0.107926,-0.393863,nan,-0.665507,-0.492222,-0.501083,-0.442588,0.118646,0.114353,-0.627216,-0.0103529,0.0970588,-1.5
2508,-101.165,297.822,-0.347148,0.0416667,1.83333,0.14571,1.50262,0.900813,-0.00908387,6.70828,8.88889e-05,0.00425266,0.425133,13163.9,0.568665,0.364797,-0.4,0.25,1,452.374,3.08183e+07,0.118462,0.00552458,0.0768528,0.00184619,-0.647835,0.0893467,-0.0509178,nan,nan,nan,nan,-0.0165717,-0.0695689,-0.0173818,nan,-0.137962,-0.000377778,-0.106646,-0.403249,nan,-0.745883,-0.49463,-0.516567,-0.454267,0.118958,0.108978,-0.649867,-0.00888889,0.121111,-1.5
2509,-91.5057,267.707,-0.335236,0.0833333,1.625,0.143934,1.51154,0.631461,-0.0114042,6.70782,8.88889e-05,0.0148587,0.425019,13300.6,0.594046,0.329825,-0.4,0.25,1,453.299,3.08306e+07,0.10963,0.00457104,0.0677016,0.00191176,-0.576668,0.0803122,-0.0525439,nan,nan,nan,nan,-0.0168946,-0.0687705,-0.0181503,nan,-0.123856,-0.000268293,-0.100966,-0.357765,nan,-0.565095,-0.441714,-0.464483,-0.405293,0.108864,0.115317,-0.579707,-0.0106341,0.0814024,-1.5
2510,-98.0804,279.795,-0.345447,0.0416667,1.79167,0.143991,1.53448,0.750976,-0.013135,6.70324,8.88889e-05,0.0104598,0.424866,13145.4,0.571189,0.363587,-0.4,0.25,1,454.236,3.08429e+07,0.116768,0.0047328,0.0706601,0.00157407,-0.605903,0.0839386,-0.0439659,nan,nan,nan,nan,-0.0142775,-0.0563075,-0.0150865,nan,-0.129325,-0.000636364,-0.0991023,-0.380547,nan,-0.803816,-0.358863,-0.487601,-0.427909,0.111589,0.0908182,-0.607,-0.00772727,0.0627841,-1.5
2511,-96.1423,277.098,-0.339591,0,1.70833,0.144071,1.50907,0.695313,-0.0125474,6.69945,8.88889e-05,0.013877,0.424763,13848.1,0.572243,0.315102,-0.4,0.25,1,455.125,3.08552e+07,0.117316,0.0046501,0.0702729,0.00178145,-0.597408,0.0831293,-0.050178,nan,nan,nan,nan,-0.0170376,-0.0644759,-0.0172678,nan,-0.127975,-4.87805e-05,-0.112709,-0.383942,nan,-0.678304,-0.366961,-0.481241,-0.41239,0.114919,0.106439,-0.59678,-0.00868293,0.0829268,-1.5
2512,-86.13,232.814,-0.347037,0,1.79167,0.144324,1.50429,0.681399,-0.0129833,6.69651,8.88889e-05,0.0159022,0.424661,12715.7,0.582393,0.383969,-0.4,0.25,1,456.093,3.08675e+07,0.0945534,0.00434116,0.0592988,0.00164421,-0.506371,0.0698442,-0.0405581,nan,nan,nan,nan,-0.0134596,-0.0497446,-0.0135942,nan,-0.107638,-0.000232558,-0.0887802,-0.312567,nan,-0.567752,-0.425047,-0.399747,-0.338651,0.095483,0.083814,-0.506791,-0.00734884,0.0639535,-1.5
2513,-90.3915,254.911,-0.347669,0.0416667,1.83333,0.143997,1.50018,0.609155,-0.0124533,6.69318,5.92593e-05,0.0201528,0.424529,13539.6,0.578793,0.328767,-0.4,0.25,1,457.002,3.08797e+07,0.100461,0.00453443,0.0640966,0.00156709,-0.551264,0.0764733,-0.0443689,nan,nan,nan,nan,-0.0141534,-0.0570488,-0.0151268,nan,-0.11808,-0.000333333,-0.0885866,-0.347987,nan,-0.664288,-0.347729,-0.438967,-0.386067,0.101729,0.0976,-0.551111,-0.0084,0.0877778,-1.5
2514,-115.825,362.571,-0.341246,0.0416667,1.70833,0.143873,1.52608,0.661533,-0.0102,6.69065,5.92593e-05,0.00990516,0.424531,13712.3,0.572491,0.323641,-0.4,0.25,1,457.9,3.0892e+07,0.150602,0.00566166,0.0951384,0.00229842,-0.785704,0.108771,-0.0606786,nan,nan,nan,nan,-0.0187757,-0.0765534,-0.0211057,nan,-0.167309,-0.000785714,-0.138683,-0.488506,nan,-0.948367,-0.591315,-0.622507,-0.526357,0.146042,0.133524,-0.78819,-0.0122381,0.123214,-1.5
2515,-90.1006,252.822,-0.35089,0,1.875,0.145197,1.53288,0.771004,-0.00891813,6.69027,5.92593e-05,0.0106006,0.424487,13862.3,0.546828,0.339607,-0.4,0.25,1,458.788,3.09043e+07,0.110787,0.00398195,0.0640664,0.00159123,-0.548664,0.0758467,-0.0422311,nan,nan,nan,nan,-0.0137101,-0.0517957,-0.0142629,nan,-0.116911,-0.000222222,-0.0906211,-0.344428,nan,-0.657668,-0.368225,-0.436349,-0.3856,0.103789,0.0935111,-0.547644,-0.00848889,0.0863889,-1.5
2516,-104.117,308.364,-0.350927,0,1.83333,0.147769,1.50812,0.769759,-0.0119909,6.68887,5.92593e-05,0.01956,0.424493,12517.1,0.599336,0.382359,-0.4,0.25,1,459.771,3.09166e+07,0.126823,0.0048017,0.0790123,0.00196454,-0.665645,0.0925091,-0.0550886,nan,nan,nan,nan,-0.0185439,-0.0743411,-0.0186351,nan,-0.142433,-0.000340909,-0.110172,-0.422823,nan,-0.755904,-0.431256,-0.533019,-0.46125,0.1247,0.119545,-0.672545,-0.0112727,0.108239,-1.5
2517,-87.0231,241.125,-0.358776,0,2,0.145062,1.49585,0.918048,-0.00891144,6.68904,5.92593e-05,0.0155822,0.424498,12731,0.596878,0.368326,-0.4,0.25,1,460.738,3.09289e+07,0.0978955,0.00469823,0.0615877,0.00163597,-0.51474,0.0723375,-0.046075,nan,nan,nan,nan,-0.0151443,-0.0584366,-0.0159204,nan,-0.111399,-0.000145833,-0.0831413,-0.332149,nan,-0.542382,-0.394672,-0.418913,-0.361,0.0982236,0.100583,-0.52525,-0.00833333,0.0820312,-1.5
2518,-102.95,310.472,-0.365225,0.125,2.08333,0.148033,1.51129,0.697096,-0.0101654,6.68861,5.92593e-05,0.0160525,0.424472,12869.9,0.632051,0.322735,-0.4,0.25,1,461.694,3.09412e+07,0.123837,0.00510876,0.0796933,0.00201663,-0.670397,0.0931415,-0.0533321,nan,nan,nan,nan,-0.0175071,-0.0680692,-0.0185254,nan,-0.143486,-0.000132075,-0.117357,-0.421237,nan,-0.775736,-0.465307,-0.539484,-0.466755,0.125603,0.116453,-0.68,-0.00966038,0.116038,-1.5
2519,-100.819,293.19,-0.34513,0.0416667,1.70833,0.149816,1.51467,0.661424,-0.0102312,6.68717,5.92593e-05,0.0138085,0.424408,15578.1,0.545892,0.242906,-0.4,0.25,1,462.484,3.09535e+07,0.105708,0.00498956,0.0758861,0.00201596,-0.630858,0.0879571,-0.051781,nan,nan,nan,nan,-0.0166949,-0.068147,-0.0179684,nan,-0.135417,-9.52381e-05,-0.108924,-0.401781,nan,-0.705637,-0.527248,-0.507525,-0.452357,0.118773,0.113714,-0.641429,-0.00980952,0.102083,-1.5
2520,-126.613,408.718,-0.330237,0.125,1.5,0.145502,1.47781,0.762189,-0.0109106,6.68496,5.92593e-05,0.0111047,0.424308,16757.3,0.49576,0.237534,-0.4,0.25,1,463.219,3.09658e+07,0.152608,0.00735359,0.106008,0.00241238,-0.883345,0.122615,-0.0717667,nan,nan,nan,nan,-0.0210381,-0.0907788,-0.0243027,nan,-0.188998,-0.000128205,-0.134544,-0.550613,nan,-1.06663,-0.579562,-0.704247,-0.636154,0.163525,0.159487,-0.881231,-0.0129744,0.141667,-1.5
2521,-88.6509,251.025,-0.336022,0.0833333,1.58333,0.142466,1.52021,0.618821,-0.0101496,6.68225,5.92593e-05,0.0142255,0.424228,14721.1,0.514355,0.320364,-0.4,0.25,1,464.055,3.0978e+07,0.102891,0.00426907,0.0633346,0.00152478,-0.541245,0.0753075,-0.0436,nan,nan,nan,nan,-0.0138233,-0.0567469,-0.0150744,nan,-0.116258,-0.0006,-0.0803853,-0.344133,nan,-0.658376,-0.336734,-0.434122,-0.394275,0.100033,0.0969,-0.539,-0.00765,0.088125,-1.5
2522,-81.2134,215.953,-0.348088,0,1.79167,0.143653,1.52233,0.634649,-0.010707,6.68042,5.92593e-05,0.00954635,0.42421,12456.4,0.599818,0.38666,-0.4,0.25,1,465.043,3.09903e+07,0.0884199,0.00450026,0.0565027,0.00150781,-0.465571,0.064786,-0.0401302,nan,nan,nan,nan,-0.0121648,-0.0441622,-0.0129755,nan,-0.0998231,-0.000581395,-0.0783015,-0.29628,nan,-0.5093,-0.347754,-0.373773,-0.326163,0.0889169,0.0847442,-0.467349,-0.00786047,0.0674419,-1.5
2523,-108.818,324.405,-0.335263,0,1.54167,0.145211,1.51415,0.70039,-0.0108452,6.68066,5.92593e-05,0.0110468,0.42424,13191.2,0.603071,0.32846,-0.4,0.25,1,465.976,3.10026e+07,0.121798,0.00517867,0.0827552,0.00198205,-0.69906,0.0973216,-0.0483351,nan,nan,nan,nan,-0.0165866,-0.065486,-0.0170474,nan,-0.149864,-0.000891892,-0.114817,-0.440992,nan,-0.908065,-0.410998,-0.562249,-0.491676,0.131824,0.100324,-0.706595,-0.00935135,0.104392,-1.5
2524,-99.6674,292.023,-0.34417,0.0416667,1.75,0.143455,1.50337,0.653835,-0.0098316,6.67987,5.92593e-05,0.0116223,0.42416,12546.7,0.623854,0.355525,-0.4,0.25,1,466.957,3.10149e+07,0.124342,0.00492054,0.0733135,0.00196251,-0.636847,0.087607,-0.0494186,nan,nan,nan,nan,-0.0172734,-0.0688009,-0.0169262,nan,-0.134872,-0.00055814,-0.103713,-0.396889,nan,-0.734423,-0.444597,-0.508086,-0.441419,0.117882,0.106605,-0.642698,-0.0095814,0.0988372,-1.5
2525,-102.385,300.941,-0.324987,0.0416667,1.375,0.145545,1.49549,0.732158,-0.0104286,6.67719,5.92593e-05,0.0111118,0.424087,15812.3,0.538949,0.238165,-0.4,0.25,1,467.736,3.10272e+07,0.119356,0.00431646,0.0764499,0.00189524,-0.651431,0.0902824,-0.0484441,nan,nan,nan,nan,-0.0159686,-0.0635787,-0.0165462,nan,-0.138955,-0.000911765,-0.100481,-0.418026,nan,-0.812352,-0.426816,-0.518536,-0.459618,0.124065,0.111412,-0.651176,-0.00864706,0.0775735,-1.5
2526,-95.792,267.605,-0.335238,0.0416667,1.54167,0.149088,1.4817,0.615417,-0.0109207,6.67555,5.92593e-05,0.0134802,0.424049,16831.1,0.490538,0.239541,-0.4,0.25,1,468.467,3.10395e+07,0.114654,0.00408882,0.0680567,0.00142571,-0.580589,0.0802816,-0.0388474,nan,nan,nan,nan,-0.0124546,-0.0467639,-0.0128364,nan,-0.124067,-0.000605263,-0.0887237,-0.353633,nan,-0.802036,-0.44478,-0.464442,-0.413053,0.111107,0.0765263,-0.580526,-0.00647368,0.0792763,-1.5
2527,-88.3669,242.958,-0.358477,0.0416667,1.95833,0.15084,1.47284,0.861236,-0.0107607,6.67422,5.92593e-05,0.0152263,0.424001,13214.2,0.58081,0.349097,-0.4,0.25,1,469.398,3.10518e+07,0.0948371,0.00363233,0.0619144,0.00159223,-0.527767,0.0728875,-0.0457354,nan,nan,nan,nan,-0.0139042,-0.0562905,-0.0153074,nan,-0.112906,-4.16667e-05,-0.0715201,-0.332776,nan,-0.59618,-0.397772,-0.423261,-0.388937,0.0977172,0.0951667,-0.524,-0.00833333,0.0710937,-1.5
2528,-104.067,293.196,-0.365592,0,2.125,0.146035,1.49257,0.637467,-0.0104755,6.67324,5.92593e-05,0.0159078,0.423974,12841.2,0.614853,0.342067,-0.4,0.25,1,470.356,3.10641e+07,0.106299,0.00495457,0.0736884,0.0013959,-0.641135,0.0879588,-0.0364824,nan,nan,nan,nan,-0.0127621,-0.0499386,-0.0129485,nan,-0.136259,-0.00027451,-0.0957882,-0.400674,nan,-0.977944,-0.413411,-0.510992,-0.457824,0.120075,0.0816471,-0.637255,-0.00698039,0.0897059,-1.5
2529,-91.2028,253.622,-0.345462,0.0833333,1.79167,0.147602,1.49758,0.769566,-0.0114857,6.67134,5.92593e-05,0.0111883,0.423832,13079.3,0.598654,0.340846,-0.4,0.25,1,471.298,3.10764e+07,0.0917406,0.00463223,0.0645144,0.00166835,-0.547441,0.0760867,-0.04038,nan,nan,nan,nan,-0.0139718,-0.0578981,-0.0143341,nan,-0.117471,-0.000577778,-0.0831736,-0.342936,nan,-0.660808,-0.427767,-0.439366,-0.409667,0.102191,0.0877333,-0.557422,-0.00897778,0.100278,-1.5
2530,-102.58,298.78,-0.338818,0.0416667,1.66667,0.144507,1.46057,0.739949,-0.00973599,6.66767,5.92593e-05,0.0112371,0.423757,14046.7,0.585145,0.289654,-0.4,0.25,1,472.174,3.10886e+07,0.119441,0.00601426,0.0769114,0.00163175,-0.653698,0.0896341,-0.0433829,nan,nan,nan,nan,-0.0139921,-0.0555114,-0.0149608,nan,-0.138689,-0.000219512,-0.092744,-0.407797,nan,-0.904844,-0.37783,-0.517886,-0.464488,0.121814,0.0942439,-0.646341,-0.00814634,0.0823171,-1.5
2531,-107.523,324.241,-0.368879,0.125,2.125,0.144543,1.50117,0.624256,-0.00920457,6.66558,5.92593e-05,0.0119207,0.423665,16525.5,0.500533,0.243043,-0.4,0.25,1,472.919,3.11009e+07,0.120659,0.00525922,0.0825634,0.00200199,-0.704115,0.0972722,-0.0498704,nan,nan,nan,nan,-0.0158761,-0.0654669,-0.0171497,nan,-0.150176,-0.000537037,-0.0980826,-0.445983,nan,-0.89154,-0.451278,-0.559673,-0.507667,0.131813,0.11637,-0.705704,-0.0082963,0.0891204,-1.5
2532,-104.204,327.4,-0.300428,0.0416667,1,0.143407,1.4939,0.634512,-0.00897039,6.66312,5.92593e-05,0.00916969,0.423623,13421.2,0.566862,0.348707,-0.4,0.25,1,473.836,3.11132e+07,0.141584,0.00454897,0.0846499,0.00265286,-0.710096,0.09822,-0.063532,nan,nan,nan,nan,-0.0196012,-0.0823575,-0.0218112,nan,-0.15153,-0.00028,-0.11462,-0.44776,nan,-0.664933,-0.563145,-0.563835,-0.49236,0.134905,0.14048,-0.7,-0.012,0.1405,-1.5
2533,-89.2773,247.75,-0.32466,0.0833333,1.41667,0.145845,1.47469,0.573572,-0.0111439,6.66186,5.92593e-05,0.0129006,0.423594,12706,0.597595,0.369507,-0.4,0.25,1,474.805,3.11255e+07,0.0923752,0.00441405,0.0610531,0.00155708,-0.537598,0.074325,-0.0422861,nan,nan,nan,nan,-0.0139323,-0.0559568,-0.0136661,nan,-0.114777,0,-0.0786773,-0.339732,nan,-0.654925,-0.4505,-0.427881,-0.38925,0.100512,0.0864444,-0.532778,-0.007,0.0909722,-1.5
2534,-108.18,334.743,-0.323829,0.125,1.33333,0.146879,1.48312,0.589547,-0.0108239,6.66057,5.92593e-05,0.0145603,0.423548,13139.5,0.594952,0.340246,-0.4,0.25,1,475.742,3.11378e+07,0.133823,0.00554343,0.0870659,0.0020719,-0.724685,0.100423,-0.0581114,nan,nan,nan,nan,-0.0177059,-0.0706905,-0.019642,nan,-0.154901,-0.000371429,-0.109222,-0.46202,nan,-0.855339,-0.498071,-0.576971,-0.507257,0.138204,0.125029,-0.725143,-0.0108571,0.118571,-1.5
2535,-111.95,337.938,-0.32135,0.0416667,1.29167,0.146978,1.47984,0.717075,-0.0108862,6.65947,5.92593e-05,0.0145232,0.42353,13065.5,0.61012,0.330375,-0.4,0.25,1,476.684,3.11501e+07,0.139529,0.00492556,0.0844468,0.0017651,-0.729071,0.101381,-0.0489813,nan,nan,nan,nan,-0.0147764,-0.0625109,-0.0163816,nan,-0.15667,-0.000125,-0.105484,-0.468177,nan,-1.03159,-0.404502,-0.58217,-0.534,0.137919,0.10225,-0.733375,-0.0105,0.105859,-1.5
2536,-104.533,311.667,-0.343145,0.0416667,1.70833,0.146104,1.51383,0.851385,-0.0097487,6.6592,5.92593e-05,0.0107352,0.423535,14742.6,0.58736,0.246141,-0.4,0.25,1,477.519,3.11624e+07,0.124435,0.00503418,0.0794663,0.00196634,-0.671796,0.0935,-0.0526548,nan,nan,nan,nan,-0.0160151,-0.065481,-0.0177132,nan,-0.144611,-0.000380952,-0.0980831,-0.425073,nan,-0.81737,-0.417028,-0.540932,-0.494214,0.128603,0.108,-0.672381,-0.0092381,0.109821,-1.5
2537,-105.759,317.286,-0.339461,0.0833333,1.66667,0.142083,1.4908,0.616139,-0.00970607,6.65847,5.92593e-05,0.0121341,0.423466,16127.2,0.52472,0.237223,-0.4,0.25,1,478.282,3.11747e+07,0.127197,0.00482257,0.0802473,0.00202178,-0.687767,0.0951857,-0.0537,nan,nan,nan,nan,-0.0178906,-0.0711241,-0.018299,nan,-0.146958,-0.000309524,-0.10696,-0.441934,nan,-0.814699,-0.440363,-0.5504,-0.506429,0.128175,0.118762,-0.684286,-0.010381,0.09375,-1.5
2538,-92.2186,270.657,-0.321709,0.125,1.33333,0.144965,1.52813,0.79037,-0.00981404,6.65529,5.92593e-05,0.0100018,0.423346,12139.5,0.611425,0.400811,-0.4,0.25,1,479.296,3.11869e+07,0.109818,0.00525909,0.069976,0.00164741,-0.58431,0.0811971,-0.0439686,nan,nan,nan,nan,-0.0140788,-0.0589431,-0.0151672,nan,-0.124891,-0.000628571,-0.098078,-0.363749,nan,-0.713026,-0.392245,-0.468009,-0.419829,0.111237,0.0950857,-0.590286,-0.00902857,0.0928571,-1.5
2539,-107.875,326.841,-0.346259,0.125,1.70833,0.144526,1.52342,0.736317,-0.0114962,6.65195,5.92593e-05,0.0121391,0.423259,13567,0.586713,0.319011,-0.4,0.25,1,480.206,3.11992e+07,0.12038,0.00599807,0.0844322,0.00183281,-0.708326,0.0980523,-0.0531091,nan,nan,nan,nan,-0.0168764,-0.0697338,-0.0184052,nan,-0.151312,-0.000477273,-0.111778,-0.438092,nan,-0.893117,-0.490464,-0.567623,-0.506727,0.133279,0.116818,-0.713091,-0.0102727,0.103409,-1.5
2540,-87.9009,238.088,-0.324805,0,1.41667,0.144484,1.51958,0.692107,-0.0103061,6.65027,5.92593e-05,0.0102043,0.423231,13417.9,0.575952,0.339839,-0.4,0.25,1,481.124,3.12115e+07,0.109718,0.00417409,0.0589933,0.00168517,-0.51522,0.0714265,-0.0434118,nan,nan,nan,nan,-0.014316,-0.0562409,-0.0149793,nan,-0.110234,-0.000441176,-0.0849721,-0.327191,nan,-0.567825,-0.431499,-0.414861,-0.362471,0.097237,0.0949412,-0.524,-0.00770588,0.0533088,-1.5
2541,-92.631,255.135,-0.365531,0.0833333,2.08333,0.146497,1.51524,0.774942,-0.0103102,6.64929,5.92593e-05,0.0137692,0.42319,15084.8,0.553083,0.261512,-0.4,0.25,1,481.94,3.12238e+07,0.106439,0.0048484,0.0645456,0.00138066,-0.55001,0.0765404,-0.0343788,nan,nan,nan,nan,-0.0109984,-0.042399,-0.0113975,nan,-0.11809,-0.000384615,-0.0806905,-0.346666,nan,-0.810556,-0.347468,-0.441647,-0.406558,0.106302,0.0742308,-0.548692,-0.00623077,0.0591346,-1.5
2542,-116.945,357.704,-0.367489,0.0833333,2.16667,0.143701,1.51428,0.745897,-0.0108598,6.64836,5.92593e-05,0.010102,0.423199,15951.9,0.536999,0.233319,-0.4,0.25,1,482.712,3.12361e+07,0.133724,0.00658636,0.0911344,0.0020881,-0.779322,0.107311,-0.0588315,nan,nan,nan,nan,-0.0181691,-0.0738767,-0.0196535,nan,-0.1656,-0.000537037,-0.116732,-0.486576,nan,-0.968579,-0.533481,-0.617524,-0.554611,0.147242,0.126519,-0.777926,-0.0104444,0.115046,-1.5
2543,-90.444,251.442,-0.343323,0.0416667,1.75,0.14268,1.49786,0.699039,-0.0094879,6.64794,5.92593e-05,0.00860002,0.423144,14200.7,0.520377,0.344932,-0.4,0.25,1,483.579,3.12484e+07,0.0882375,0.00413305,0.0639947,0.00193518,-0.542707,0.0754326,-0.046293,nan,nan,nan,nan,-0.0150589,-0.0597091,-0.0160213,nan,-0.11584,-0.000186047,-0.0949421,-0.345312,nan,-0.567423,-0.508642,-0.433583,-0.368791,0.104946,0.1,-0.548279,-0.00967442,0.0938953,-1.5
2544,-108.704,335,-0.330263,0.0833333,1.54167,0.145949,1.47854,0.65504,-0.0118534,6.64491,5.92593e-05,0.0146609,0.423036,12923.2,0.586244,0.364603,-0.4,0.25,1,484.532,3.12607e+07,0.131821,0.00503509,0.0850235,0.00207837,-0.722626,0.1005,-0.0561077,nan,nan,nan,nan,-0.016787,-0.0680196,-0.0185614,nan,-0.154846,-0.000179487,-0.114557,-0.461717,nan,-0.901296,-0.434419,-0.576307,-0.510231,0.139333,0.117026,-0.71959,-0.00876923,0.115385,-1.5
2545,-90.7818,247.244,-0.344026,0,1.70833,0.145131,1.48723,0.742881,-0.00739667,6.64202,5.92593e-05,0.0117228,0.422957,13629.7,0.582331,0.319229,-0.4,0.25,1,485.435,3.1273e+07,0.105801,0.00470876,0.0624609,0.00146942,-0.532007,0.0741732,-0.0392512,nan,nan,nan,nan,-0.012672,-0.0466462,-0.0129062,nan,-0.114076,-0.000170732,-0.0864028,-0.334478,nan,-0.679488,-0.387876,-0.425019,-0.385024,0.101418,0.0809756,-0.534732,-0.00653659,0.0704268,-1.5
2546,-101.256,295.19,-0.339908,0.0416667,1.70833,0.144993,1.48679,0.643252,-0.0104558,6.63974,5.92593e-05,0.0145071,0.422906,14699,0.577048,0.258925,-0.4,0.25,1,486.272,3.12852e+07,0.114856,0.00517691,0.0748151,0.00172523,-0.6391,0.0885571,-0.0489571,nan,nan,nan,nan,-0.0155158,-0.0609203,-0.0167048,nan,-0.136659,-0.000428571,-0.106429,-0.39174,nan,-0.815082,-0.439225,-0.511172,-0.453,0.121711,0.102476,-0.642476,-0.00995238,0.0854167,-1.5
2547,-110.85,330.133,-0.318365,0,1.25,0.147796,1.49517,0.704029,-0.0101942,6.63787,5.92593e-05,0.00606902,0.422807,16210.7,0.525738,0.23228,-0.4,0.25,1,487.032,3.12975e+07,0.135052,0.00546683,0.0836845,0.00161951,-0.712049,0.09904,-0.045,nan,nan,nan,nan,-0.0147161,-0.0584069,-0.0156903,nan,-0.152763,-0.000133333,-0.11989,-0.455822,nan,-1.04407,-0.329604,-0.572245,-0.5003,0.137658,0.0977333,-0.709733,-0.00753333,0.09125,-1.5
2548,-105.88,317.721,-0.345791,0.0416667,1.75,0.144655,1.50091,0.702609,-0.0105627,6.63483,5.92593e-05,0.0126037,0.422722,16747.1,0.491207,0.242534,-0.4,0.25,1,487.767,3.13098e+07,0.123615,0.00574081,0.0816861,0.00214351,-0.679926,0.0953163,-0.0569023,nan,nan,nan,nan,-0.0166945,-0.0676993,-0.0189443,nan,-0.14683,-0.000627907,-0.105702,-0.426385,nan,-0.783659,-0.492684,-0.547111,-0.491721,0.130223,0.119907,-0.68893,-0.0106977,0.101163,-1.5
2549,-107.901,328.029,-0.319709,0.0833333,1.375,0.141809,1.49152,0.653869,-0.0112071,6.63168,3.95062e-05,0.0211046,0.422567,17271.7,0.479112,0.232341,-0.4,0.25,1,488.479,3.13221e+07,0.114714,0.00531181,0.0828579,0.00215239,-0.71234,0.0984086,-0.0553257,nan,nan,nan,nan,-0.017749,-0.0726544,-0.0188593,nan,-0.151582,-0.000714286,-0.12442,-0.443308,nan,-0.828498,-0.572922,-0.566218,-0.504514,0.133832,0.121829,-0.705714,-0.0106286,0.114643,-1.5
2550,-84.0458,218.077,-0.337196,0,1.625,0.144907,1.48037,0.648444,-0.00928169,6.62818,3.95062e-05,0.0123548,0.422507,13551.6,0.56445,0.342307,-0.4,0.25,1,489.388,3.13344e+07,0.080629,0.00353603,0.0548667,0.0012286,-0.465759,0.0654231,-0.0375744,nan,nan,nan,nan,-0.0114398,-0.0422393,-0.0117519,nan,-0.100421,-0.000487179,-0.0886318,-0.289884,nan,-0.617079,-0.364391,-0.375923,-0.334923,0.0909687,0.0756923,-0.479897,-0.00723077,0.0689103,-1.5
2551,-98.039,292.2,-0.30952,0.0416667,1.20833,0.146173,1.49314,0.652209,-0.00853069,6.62698,3.95062e-05,0.00779198,0.42249,13529.7,0.586628,0.321596,-0.4,0.25,1,490.297,3.13467e+07,0.113365,0.00521131,0.0739818,0.00197191,-0.628313,0.08766,-0.0526467,nan,nan,nan,nan,-0.0162676,-0.0610773,-0.0175664,nan,-0.134956,-0.0004,-0.101139,-0.392966,nan,-0.731286,-0.354108,-0.506911,-0.4477,0.120341,0.108667,-0.64,-0.00946667,0.09625,-1.5
2552,-104.838,307.479,-0.351541,0.0416667,1.95833,0.145577,1.50386,0.773518,-0.0073973,6.62674,3.95062e-05,0.00774556,0.422501,13621.6,0.572023,0.330073,-0.4,0.25,1,491.201,3.1359e+07,0.123733,0.00537121,0.0777369,0.00184811,-0.654179,0.0922437,-0.0475146,nan,nan,nan,nan,-0.0150067,-0.0587612,-0.0164688,nan,-0.141587,-0.000416667,-0.124134,-0.408694,nan,-0.858301,-0.466981,-0.52765,-0.453,0.128017,0.101667,-0.673833,-0.00983333,0.0747396,-1.5
2553,-115.879,368.386,-0.337185,0.166667,1.66667,0.144577,1.51823,0.69652,-0.00859263,6.62674,3.95062e-05,0.0115784,0.422472,14414.7,0.573892,0.278569,-0.4,0.25,1,492.055,3.13713e+07,0.146626,0.00687179,0.091004,0.0024915,-0.789357,0.110516,-0.0630477,nan,nan,nan,nan,-0.0212487,-0.0908969,-0.0225439,nan,-0.170659,-0.000590909,-0.125878,-0.498435,nan,-0.884807,-0.574808,-0.635018,-0.575659,0.150368,0.148182,-0.812273,-0.0125909,0.113068,-1.5
2554,-110.347,342.825,-0.327343,0.125,1.54167,0.14299,1.50628,0.715824,-0.00765133,6.62578,5.92593e-05,0.00486633,0.422451,15631.8,0.502042,0.284046,-0.4,0.25,1,492.842,3.13836e+07,0.138207,0.00601083,0.0863415,0.00210792,-0.735843,0.102847,-0.05783,nan,nan,nan,nan,-0.0190232,-0.0751884,-0.0202417,nan,-0.158614,-0.000175,-0.123834,-0.46669,nan,-0.872888,-0.485426,-0.591593,-0.530625,0.14266,0.127,-0.7454,-0.0114,0.0990625,-1.5
2555,-105.315,324.429,-0.297259,0.125,1.04167,0.141642,1.52507,0.689128,-0.0099579,6.62462,5.92593e-05,0.0122551,0.422388,17042.4,0.484168,0.236857,-0.4,0.25,1,493.564,3.13958e+07,0.12908,0.00629329,0.0825327,0.00217284,-0.69335,0.0973286,-0.0560286,nan,nan,nan,nan,-0.0168975,-0.0702058,-0.0185866,nan,-0.149329,-0.000821429,-0.120054,-0.43806,nan,-0.848674,-0.4911,-0.559264,-0.489107,0.133548,0.123,-0.699429,-0.00928571,0.107143,-1.5
2556,-89.1539,248.235,-0.317694,0.0416667,1.375,0.144303,1.50293,0.622194,-0.00944028,6.62342,5.92593e-05,0.0112408,0.42239,13754.7,0.553307,0.34006,-0.4,0.25,1,494.459,3.14081e+07,0.10314,0.00421237,0.0620274,0.00138524,-0.530965,0.0744706,-0.0413706,nan,nan,nan,nan,-0.013977,-0.0512704,-0.0145458,nan,-0.114065,-0.00114706,-0.0931522,-0.338269,nan,-0.657176,-0.328572,-0.425856,-0.379853,0.102873,0.0909412,-0.540824,-0.00782353,0.0786765,-1.5
2557,-108.729,340.839,-0.308302,0.0416667,1.25,0.144584,1.53285,0.576704,-0.0104041,6.62295,5.92593e-05,0.00929722,0.422367,13100.3,0.5842,0.353795,-0.4,0.25,1,495.399,3.14204e+07,0.139261,0.00531801,0.0865719,0.00226806,-0.727936,0.102252,-0.0645032,nan,nan,nan,nan,-0.0198521,-0.077107,-0.0212148,nan,-0.156989,-0.000354839,-0.126756,-0.464869,nan,-0.809004,-0.413977,-0.589991,-0.511645,0.138616,0.132516,-0.734581,-0.0112258,0.125,-1.5
2558,-111.642,341.562,-0.348395,0.0833333,1.91667,0.147622,1.49876,0.813752,-0.0104924,6.62095,5.92593e-05,0.0115003,0.422259,13717,0.564614,0.33121,-0.4,0.25,1,496.296,3.14327e+07,0.141763,0.0064849,0.0861232,0.00207247,-0.72827,0.102469,-0.0566375,nan,nan,nan,nan,-0.0178243,-0.0744129,-0.0188153,nan,-0.158172,-0.000208333,-0.113907,-0.467453,nan,-0.917181,-0.498403,-0.590644,-0.520125,0.139199,0.121917,-0.746917,-0.0106667,0.102344,-1.5
2559,-102.036,302.897,-0.327502,0.0833333,1.54167,0.146558,1.50961,0.806265,-0.0111806,6.61776,5.92593e-05,0.0118834,0.422173,14702,0.563855,0.271949,-0.4,0.25,1,497.134,3.1445e+07,0.107699,0.00463377,0.0765073,0.00188951,-0.649618,0.0908692,-0.052959,nan,nan,nan,nan,-0.0159464,-0.0657294,-0.0173138,nan,-0.13983,-0.000384615,-0.109677,-0.400557,nan,-0.787259,-0.455269,-0.52354,-0.464769,0.125076,0.113128,-0.662974,-0.0107179,0.0762821,-1.5
2560,-109.976,352.974,-0.327138,0.0833333,1.54167,0.145126,1.5059,0.636977,-0.0106953,6.61613,5.92593e-05,0.0146771,0.422152,16588.9,0.496901,0.243836,-0.4,0.25,1,497.876,3.14573e+07,0.143357,0.00592413,0.090613,0.0023529,-0.756509,0.105892,-0.0671256,nan,nan,nan,nan,-0.0197192,-0.0840121,-0.0224954,nan,-0.162925,-0.000282051,-0.121435,-0.476416,nan,-0.807185,-0.480217,-0.607624,-0.539231,0.144815,0.149333,-0.754667,-0.0121026,0.132372,-1.5
2561,-101.732,307.179,-0.300702,0.0833333,1.08333,0.143205,1.54558,0.713877,-0.0123243,6.61444,5.92593e-05,0.012804,0.422042,14209,0.524755,0.340047,-0.4,0.25,1,498.742,3.14696e+07,0.124039,0.00560832,0.0775489,0.00203986,-0.656686,0.0921536,-0.0531821,nan,nan,nan,nan,-0.0151976,-0.0604647,-0.0171037,nan,-0.14195,-0.000392857,-0.101983,-0.415993,nan,-0.790118,-0.494886,-0.527859,-0.4665,0.128492,0.108571,-0.661,-0.00921429,0.0919643,-1.5
2562,-103.293,305.077,-0.333045,0.0416667,1.58333,0.146264,1.52949,0.635087,-0.00839659,6.61182,8.88889e-05,0.000997247,0.42201,12387.3,0.595658,0.396325,-0.4,0.25,1,499.736,3.14819e+07,0.120524,0.00487431,0.075857,0.00179137,-0.65167,0.0915231,-0.0434308,nan,nan,nan,nan,-0.0147929,-0.0597583,-0.0155371,nan,-0.140689,-0.000461538,-0.113521,-0.406683,nan,-0.867105,-0.442799,-0.521097,-0.448538,0.124682,0.0956923,-0.666256,-0.00820513,0.0916667,-1.5
2563,-98.3563,289.906,-0.317164,0.0416667,1.29167,0.146754,1.4842,0.720126,-0.0113704,6.61082,5.92593e-05,0.0205508,0.421966,12853.4,0.56058,0.395434,-0.4,0.25,1,500.693,3.14941e+07,0.113421,0.00544154,0.0739284,0.00180621,-0.620025,0.0869719,-0.0489844,nan,nan,nan,nan,-0.0158683,-0.0625831,-0.0169182,nan,-0.133732,-0.00025,-0.101739,-0.385466,nan,-0.729682,-0.450427,-0.502394,-0.435281,0.119476,0.11375,-0.632,-0.007875,0.0933594,-1.5
2564,-95.0471,268.639,-0.32367,0.0416667,1.45833,0.147091,1.4995,0.764388,-0.0111875,6.60998,5.92593e-05,0.00820932,0.421987,14576.4,0.580671,0.262333,-0.4,0.25,1,501.537,3.15064e+07,0.106756,0.00432299,0.0669606,0.0014486,-0.575114,0.0805917,-0.0433167,nan,nan,nan,nan,-0.014657,-0.0569604,-0.0150636,nan,-0.123876,-0.000305556,-0.0965166,-0.367882,nan,-0.753303,-0.404818,-0.462997,-0.415,0.110784,0.0892222,-0.585556,-0.008,0.0680556,-1.5
2565,-128.429,433.1,-0.305919,0.166667,1.08333,0.14605,1.50739,0.777473,-0.00933293,6.61093,5.92593e-05,0.0143189,0.422003,16195.5,0.510937,0.247792,-0.4,0.25,1,502.298,3.15187e+07,0.163313,0.00740695,0.108024,0.00295391,-0.922904,0.12993,-0.08331,nan,nan,nan,nan,-0.0266056,-0.113068,-0.0288082,nan,-0.200039,-0.0007,-0.151974,-0.589864,nan,-0.952687,-0.635447,-0.749347,-0.6647,0.176707,0.180533,-0.939867,-0.0155333,0.163333,-1.5
2566,-114.465,361.103,-0.322686,0.208333,1.41667,0.144778,1.49449,0.607178,-0.00982944,6.61001,5.92593e-05,0.0144112,0.421952,16927.1,0.491501,0.234436,-0.4,0.25,1,503.025,3.1531e+07,0.14124,0.00515373,0.0916596,0.00201552,-0.764007,0.108331,-0.0568615,nan,nan,nan,nan,-0.0178707,-0.0713871,-0.0194862,nan,-0.166466,-0.000435897,-0.132908,-0.47922,nan,-1.00923,-0.559111,-0.619774,-0.545231,0.149087,0.125744,-0.784923,-0.00974359,0.111859,-1.5
2567,-108.714,333.105,-0.330339,0.0416667,1.54167,0.14579,1.49955,0.643101,-0.012139,6.60683,3.95062e-05,0.0211062,0.42178,13679.3,0.531606,0.366687,-0.4,0.25,1,503.925,3.15433e+07,0.125849,0.00505887,0.084938,0.00214136,-0.713574,0.0999316,-0.0611553,nan,nan,nan,nan,-0.018883,-0.0774464,-0.0202952,nan,-0.15363,-0.000236842,-0.117926,-0.437247,nan,-0.801571,-0.551584,-0.57356,-0.511895,0.135545,0.135789,-0.723579,-0.0126842,0.109211,-1.5
2568,-91.1911,254.517,-0.310251,0,1.20833,0.146745,1.50504,0.639903,-0.0079746,6.60289,3.95062e-05,0.00762787,0.421695,13196.1,0.594222,0.336963,-0.4,0.25,1,504.857,3.15556e+07,0.0985027,0.00417445,0.0634536,0.00172138,-0.543863,0.0763552,-0.0421103,nan,nan,nan,nan,-0.0142774,-0.0539175,-0.0145321,nan,-0.117404,-0.000206897,-0.092472,-0.346992,nan,-0.660047,-0.362068,-0.440071,-0.375517,0.103016,0.084,-0.551724,-0.00696552,0.0689655,-1.5
2569,-125.173,413.722,-0.314191,0.208333,1.29167,0.149171,1.50344,0.765766,-0.00983489,6.6007,3.95062e-05,0.0132768,0.421628,13795.1,0.5663,0.324451,-0.4,0.25,1,505.749,3.15679e+07,0.15532,0.0071894,0.105219,0.00277746,-0.886759,0.124117,-0.0764528,nan,nan,nan,nan,-0.0235662,-0.0950955,-0.025829,nan,-0.190774,-0.000555556,-0.158476,-0.547374,nan,-0.953693,-0.700571,-0.712955,-0.622667,0.16866,0.161,-0.893,-0.0136111,0.151736,-1.5
2570,-98.673,300.946,-0.32275,0.0833333,1.45833,0.145789,1.47418,0.755495,-0.00878776,6.59913,3.95062e-05,0.0115904,0.421595,14587.4,0.5792,0.263168,-0.4,0.25,1,506.593,3.15802e+07,0.120899,0.0043612,0.0781417,0.0022252,-0.642579,0.0902838,-0.0581541,nan,nan,nan,nan,-0.0173763,-0.0667267,-0.0188913,nan,-0.138689,-0.000324324,-0.106764,-0.406026,nan,-0.671888,-0.440232,-0.515526,-0.455595,0.123664,0.120973,-0.649946,-0.0120541,0.109797,-1.5
2571,-93.3928,268.079,-0.33227,0,1.58333,0.149326,1.52656,0.79262,-0.00886335,6.59762,3.95062e-05,0.0070826,0.421521,15915.4,0.512692,0.259392,-0.4,0.25,1,507.367,3.15924e+07,0.0957032,0.0047502,0.06774,0.00181632,-0.570176,0.0804237,-0.0505079,nan,nan,nan,nan,-0.0158501,-0.0588845,-0.0168794,nan,-0.123753,-0.000289474,-0.0923418,-0.361708,nan,-0.619423,-0.443857,-0.464458,-0.401684,0.110756,0.106947,-0.580947,-0.00989474,0.114474,-1.5
2572,-107.957,331.912,-0.321712,0.0416667,1.375,0.150022,1.51463,0.626237,-0.00879164,6.59488,3.95062e-05,0.0135808,0.421401,17019.1,0.485065,0.236948,-0.4,0.25,1,508.09,3.16047e+07,0.129866,0.00527955,0.0835606,0.00216471,-0.709085,0.0995735,-0.0619059,nan,nan,nan,nan,-0.018853,-0.0784958,-0.02067,nan,-0.153242,-0.000352941,-0.122083,-0.435366,nan,-0.813749,-0.49138,-0.576684,-0.534441,0.135206,0.130353,-0.727412,-0.0110588,0.140074,-1.5
2573,-92.0025,259.583,-0.327647,0,1.5,0.151308,1.53078,0.871771,-0.00615037,6.59155,3.95062e-05,0.00795327,0.421331,16658.5,0.500311,0.237329,-0.4,0.25,1,508.829,3.1617e+07,0.108303,0.00335156,0.065824,0.00156955,-0.553881,0.077875,-0.0462028,nan,nan,nan,nan,-0.0135638,-0.0547778,-0.0146685,nan,-0.119453,-0.000277778,-0.088791,-0.341885,nan,-0.692206,-0.373103,-0.444544,-0.404333,0.106987,0.093,-0.560667,-0.00833333,0.0767361,-1.5
2574,-109.332,333.912,-0.324082,0,1.41667,0.149912,1.5391,0.791629,-0.00759827,6.59003,3.95062e-05,0.00900416,0.421296,16783,0.49554,0.236628,-0.4,0.25,1,509.563,3.16293e+07,0.115774,0.00566874,0.0849856,0.00225265,-0.710258,0.100174,-0.0636971,nan,nan,nan,nan,-0.0198272,-0.0773462,-0.0217212,nan,-0.153822,-0.000147059,-0.124237,-0.441303,nan,-0.743477,-0.591109,-0.574952,-0.488824,0.136137,0.139647,-0.730588,-0.0119412,0.115074,-1.5
2575,-111.192,345.304,-0.343666,0.125,1.79167,0.149178,1.52263,0.658048,-0.00595999,6.58924,3.95062e-05,0.00742286,0.421277,16895.3,0.491717,0.235584,-0.4,0.25,1,510.291,3.16416e+07,0.120749,0.00611416,0.0888896,0.00238749,-0.734569,0.103591,-0.0586435,nan,nan,nan,nan,-0.0179519,-0.0715888,-0.0196018,nan,-0.15881,-0.000282609,-0.119908,-0.455404,nan,-0.874796,-0.571562,-0.593196,-0.514957,0.142559,0.12687,-0.745478,-0.00978261,0.12337,-1.5
2576,-121.94,390,-0.348706,0.0833333,1.83333,0.149515,1.49589,0.729026,-0.0087685,6.58811,5.92593e-05,0.00346549,0.421221,16889.9,0.494496,0.233041,-0.4,0.25,1,511.02,3.16539e+07,0.146402,0.00661403,0.10014,0.00257909,-0.832128,0.117,-0.0674696,nan,nan,nan,nan,-0.0206526,-0.0865312,-0.0234387,nan,-0.180031,-0.000152174,-0.124909,-0.523492,nan,-0.991579,-0.58429,-0.675641,-0.607043,0.159272,0.148609,-0.845304,-0.0124348,0.117935,-1.5
2577,-110.578,350.095,-0.331555,0.125,1.625,0.145219,1.50744,0.811403,-0.00905337,6.58654,5.92593e-05,0.01095,0.421201,16745,0.494307,0.239524,-0.4,0.25,1,511.755,3.16662e+07,0.136041,0.00574052,0.0917065,0.00244887,-0.746127,0.105029,-0.0671429,nan,nan,nan,nan,-0.0198934,-0.0812867,-0.0227235,nan,-0.16106,-0.000261905,-0.124284,-0.463533,nan,-0.780822,-0.595708,-0.602448,-0.535714,0.142394,0.144095,-0.758667,-0.0127143,0.12381,-1.5
2578,-107.771,343.021,-0.341041,0.166667,1.79167,0.151698,1.50041,0.768998,-0.00684012,6.58577,5.92593e-05,0.011305,0.421173,15741.8,0.543853,0.236746,-0.4,0.25,1,512.537,3.16785e+07,0.138807,0.00556778,0.0887647,0.00226931,-0.729195,0.102906,-0.0612596,nan,nan,nan,nan,-0.0182283,-0.0729799,-0.0204298,nan,-0.158592,-0.000425532,-0.107404,-0.445225,nan,-0.84351,-0.490903,-0.589679,-0.527234,0.140243,0.126894,-0.743404,-0.0117872,0.135904,-1.5
2579,-96.0303,284.432,-0.339375,0.125,1.70833,0.146667,1.47833,0.690294,-0.00949324,6.58457,5.92593e-05,0.0113376,0.421159,16729.2,0.495817,0.238707,-0.4,0.25,1,513.273,3.16908e+07,0.120617,0.0046876,0.072969,0.00188995,-0.602249,0.0853295,-0.0469068,nan,nan,nan,nan,-0.0142592,-0.0592201,-0.0157942,nan,-0.131241,-6.81818e-05,-0.100113,-0.381191,nan,-0.745775,-0.529599,-0.485992,-0.435614,0.115437,0.101545,-0.619909,-0.00854545,0.101705,-1.5
2580,-100.477,298.44,-0.353028,0.0833333,2,0.147544,1.48488,0.821292,-0.0108776,6.5845,5.92593e-05,0.0185878,0.421196,16739.7,0.493061,0.241004,-0.4,0.25,1,514.008,3.1703e+07,0.10871,0.00578321,0.0763509,0.00221604,-0.634707,0.089532,-0.052094,nan,nan,nan,nan,-0.0157963,-0.0605808,-0.0176234,nan,-0.137533,-0.00074,-0.102852,-0.400473,nan,-0.735793,-0.501009,-0.512892,-0.45474,0.123371,0.11064,-0.64184,-0.00896,0.097,-1.5
2581,-94.7494,280.59,-0.331178,0.0416667,1.58333,0.145751,1.4907,0.717908,-0.0085,6.58559,5.92593e-05,0.0130815,0.42121,16969,0.482215,0.241931,-0.4,0.25,1,514.734,3.17153e+07,0.107816,0.005507,0.0709768,0.00199403,-0.588999,0.0841769,-0.0538744,nan,nan,nan,nan,-0.015622,-0.0579471,-0.0176049,nan,-0.129127,-0.000615385,-0.0960422,-0.374556,nan,-0.632592,-0.468323,-0.479272,-0.413077,0.114255,0.111077,-0.613538,-0.00851282,0.0939103,-1.5
2582,-92.9239,266.406,-0.313699,0.0416667,1.29167,0.14428,1.50671,0.745708,-0.0104557,6.58519,5.92593e-05,0.0127098,0.421184,17003.9,0.485721,0.236935,-0.4,0.25,1,515.458,3.17276e+07,0.113716,0.0055382,0.0691015,0.00145647,-0.568715,0.0799219,-0.0413156,nan,nan,nan,nan,-0.0124148,-0.0510303,-0.0131385,nan,-0.12275,-0.000375,-0.0787601,-0.35108,nan,-0.774685,-0.30851,-0.455391,-0.411375,0.109598,0.0925,-0.5785,-0.006125,0.0707031,-1.5
2583,-116.144,351.975,-0.333686,0.0416667,1.625,0.142125,1.52715,0.709141,-0.0107817,6.58403,5.92593e-05,0.012149,0.421132,16945.8,0.48611,0.239026,-0.4,0.25,1,516.184,3.17399e+07,0.137787,0.00488048,0.0890108,0.00205505,-0.745061,0.105592,-0.0508425,nan,nan,nan,nan,-0.0158201,-0.064858,-0.0171774,nan,-0.162285,-0.0005,-0.112427,-0.472219,nan,-1.062,-0.556988,-0.606817,-0.54165,0.144073,0.1113,-0.7596,-0.00915,0.09875,-1.5
2584,-119.066,378.256,-0.328986,0.0416667,1.58333,0.145541,1.50477,0.830097,-0.00821906,6.58232,5.92593e-05,0.0115921,0.421085,17011.2,0.485151,0.237196,-0.4,0.25,1,516.908,3.17522e+07,0.140803,0.00612894,0.0974549,0.00272019,-0.799428,0.113477,-0.0701641,nan,nan,nan,nan,-0.0208052,-0.0845103,-0.0235715,nan,-0.174202,-0.000230769,-0.127776,-0.511985,nan,-0.889927,-0.608942,-0.654194,-0.572769,0.154612,0.152923,-0.818051,-0.0141026,0.132692,-1.5
2585,-114.086,362.811,-0.314464,0.208333,1.33333,0.146222,1.49071,0.757001,-0.0111449,6.58135,5.92593e-05,0.0157749,0.421076,16709.9,0.497672,0.2377,-0.4,0.25,1,517.645,3.17645e+07,0.136551,0.00517535,0.0915196,0.00246518,-0.774928,0.108843,-0.0560432,nan,nan,nan,nan,-0.0187678,-0.0729719,-0.0195557,nan,-0.167543,-0.000648649,-0.133321,-0.489241,nan,-0.954274,-0.545735,-0.626562,-0.514541,0.149548,0.119351,-0.793838,-0.0109189,0.114189,-1.5
2586,-97.2812,285.023,-0.343752,0,1.79167,0.144966,1.48825,0.745569,-0.00947368,6.58129,5.92593e-05,0.0117543,0.421079,16885.5,0.488908,0.238818,-0.4,0.25,1,518.374,3.17768e+07,0.119739,0.00572632,0.0731339,0.00198609,-0.599636,0.085507,-0.0457767,nan,nan,nan,nan,-0.0142341,-0.0581943,-0.0157915,nan,-0.131025,-6.97674e-05,-0.0987648,-0.378861,nan,-0.753676,-0.41286,-0.481992,-0.419791,0.116312,0.099814,-0.61786,-0.00990698,0.0953488,-1.5
2587,-99.3203,292.139,-0.323827,0.0833333,1.41667,0.147546,1.51916,0.729692,-0.0110603,6.58014,5.92593e-05,0.0182315,0.42101,17130,0.479614,0.237726,-0.4,0.25,1,519.092,3.17891e+07,0.109158,0.00458738,0.0720418,0.00201729,-0.616811,0.0876417,-0.0457361,nan,nan,nan,nan,-0.0151692,-0.0603785,-0.0153171,nan,-0.134976,-0.000222222,-0.0920448,-0.403642,nan,-0.780128,-0.462317,-0.504149,-0.44075,0.117894,0.0933333,-0.644556,-0.00833333,0.0986111,-1.5
2588,-97.8013,291,-0.355067,0.125,1.91667,0.147108,1.51599,0.863128,-0.00778552,6.57822,5.92593e-05,0.0115787,0.420972,16863.8,0.487681,0.240981,-0.4,0.25,1,519.822,3.18013e+07,0.117119,0.00568779,0.0746289,0.00190118,-0.614622,0.0873,-0.0481204,nan,nan,nan,nan,-0.0150362,-0.0625546,-0.0164018,nan,-0.134017,-0.000387755,-0.0948947,-0.393918,nan,-0.768514,-0.425336,-0.500754,-0.454653,0.116186,0.101469,-0.637878,-0.00820408,0.102296,-1.5
2589,-94.3267,274.727,-0.347063,0.0833333,1.75,0.150164,1.51235,0.718953,-0.00940384,6.57774,5.92593e-05,0.0166821,0.420987,11877,0.601239,0.433365,-0.4,0.25,1,520.858,3.18136e+07,0.104658,0.00412561,0.069991,0.00187859,-0.57997,0.0824182,-0.0502545,nan,nan,nan,nan,-0.0157333,-0.0641742,-0.0166334,nan,-0.126669,-0.000227273,-0.0890633,-0.369204,nan,-0.645008,-0.467069,-0.472278,-0.429886,0.109902,0.108,-0.592818,-0.00877273,0.0985795,-1.5
2590,-108.838,345.784,-0.324701,0.0833333,1.45833,0.145632,1.4969,0.638193,-0.0103592,6.57805,5.92593e-05,0.0121709,0.420978,16537.2,0.507057,0.235994,-0.4,0.25,1,521.603,3.18259e+07,0.136138,0.00626646,0.0917927,0.002747,-0.727654,0.103735,-0.0656135,nan,nan,nan,nan,-0.019587,-0.0795028,-0.0223992,nan,-0.159138,-0.000135135,-0.114078,-0.453613,nan,-0.734359,-0.557612,-0.592536,-0.521919,0.140595,0.144973,-0.748865,-0.0132973,0.115878,-1.5
2591,-122.655,399.812,-0.313331,0.0833333,1.25,0.142629,1.48437,0.61364,-0.00937652,6.5774,5.92593e-05,0.0147189,0.420958,17064.5,0.477049,0.243044,-0.4,0.25,1,522.324,3.18382e+07,0.161487,0.00680618,0.105551,0.0025374,-0.84497,0.119944,-0.0631156,nan,nan,nan,nan,-0.0189896,-0.0779397,-0.0219779,nan,-0.184023,-0.000125,-0.135847,-0.519495,nan,-1.07312,-0.521831,-0.683012,-0.606187,0.163968,0.141375,-0.855125,-0.0129375,0.108984,-1.5
2592,-109.092,339.946,-0.329228,0.0416667,1.5,0.145318,1.4684,0.721089,-0.0127967,6.57678,5.92593e-05,0.01741,0.420956,17093.5,0.484971,0.233901,-0.4,0.25,1,523.044,3.18505e+07,0.131637,0.00561389,0.088745,0.0024313,-0.717703,0.101984,-0.0611595,nan,nan,nan,nan,-0.018583,-0.0752128,-0.0210304,nan,-0.156453,-0.000378378,-0.12175,-0.451863,nan,-0.796396,-0.561067,-0.582981,-0.494189,0.140099,0.131568,-0.736216,-0.00908108,0.115878,-1.5
2593,-91.2138,254.159,-0.347302,0.0416667,1.79167,0.143764,1.49155,0.62336,-0.0114706,6.57543,5.92593e-05,0.0186072,0.420859,13850,0.539119,0.348103,-0.4,0.25,1,523.932,3.18628e+07,0.101189,0.00433888,0.0645577,0.00155585,-0.533753,0.0762477,-0.0394545,nan,nan,nan,nan,-0.0132307,-0.0520886,-0.0136867,nan,-0.11696,-0.000136364,-0.0872004,-0.343479,nan,-0.698395,-0.373631,-0.435257,-0.39075,0.10329,0.0793636,-0.554818,-0.00695455,0.0835227,-1.5
2594,-106.003,336.579,-0.324029,0.166667,1.41667,0.152751,1.45523,0.697265,-0.0107289,6.57131,5.92593e-05,0.0140714,0.420689,12877.6,0.593861,0.360356,-0.4,0.25,1,524.888,3.18751e+07,0.136748,0.00639657,0.0879721,0.00233577,-0.713084,0.100974,-0.0584263,nan,nan,nan,nan,-0.0179847,-0.0704557,-0.0197909,nan,-0.155163,-0.000289474,-0.119186,-0.451998,nan,-0.82763,-0.47814,-0.577189,-0.510789,0.137163,0.126316,-0.731158,-0.00994737,0.122368,-1.5
2595,-119.562,378.653,-0.344907,0.25,1.79167,0.14544,1.48926,0.730061,-0.00918295,6.56705,5.92593e-05,0.00751435,0.42058,13898,0.56742,0.316734,-0.4,0.25,1,525.774,3.18874e+07,0.132637,0.00683436,0.0976877,0.00199523,-0.801948,0.113596,-0.0576184,nan,nan,nan,nan,-0.017541,-0.0740954,-0.0198218,nan,-0.174655,-0.000632653,-0.117121,-0.497608,nan,-1.13868,-0.490473,-0.652115,-0.593878,0.151396,0.126694,-0.824327,-0.011102,0.108929,-1.5
2596,-95.594,269.788,-0.320575,0,1.375,0.143732,1.47514,0.734864,-0.00959773,6.56465,5.92593e-05,0.0113039,0.420537,15284.5,0.545449,0.258504,-0.4,0.25,1,526.579,3.18996e+07,0.106108,0.00469084,0.0696185,0.00164954,-0.570414,0.0809364,-0.0412788,nan,nan,nan,nan,-0.0135571,-0.0532671,-0.0140615,nan,-0.124779,-0.000242424,-0.0876225,-0.361498,nan,-0.757858,-0.454981,-0.46856,-0.410364,0.108919,0.0926061,-0.58,-0.00733333,0.0912879,-1.5
2597,-106.36,330.333,-0.312767,0.125,1.25,0.143619,1.46795,0.6859,-0.0117616,6.56445,5.92593e-05,0.0130238,0.42059,17129.7,0.483629,0.233722,-0.4,0.25,1,527.298,3.19119e+07,0.119918,0.00604343,0.0858637,0.00234511,-0.699579,0.0991,-0.0597576,nan,nan,nan,nan,-0.0186547,-0.0731081,-0.0199311,nan,-0.152572,-0.000151515,-0.116853,-0.435218,nan,-0.76421,-0.533365,-0.568494,-0.500545,0.133102,0.134788,-0.726061,-0.0124848,0.0969697,-1.5
2598,-91.2369,253.677,-0.316051,0,1.29167,0.141835,1.47249,0.577548,-0.00978391,6.56496,5.92593e-05,0.0125492,0.420543,17375.8,0.47625,0.230939,-0.4,0.25,1,528.007,3.19242e+07,0.0988975,0.00442234,0.0640721,0.00171835,-0.534422,0.0761032,-0.0382355,nan,nan,nan,nan,-0.0130689,-0.0474911,-0.0130356,nan,-0.117022,-0.000193548,-0.0926802,-0.341048,nan,-0.684162,-0.421155,-0.43649,-0.361839,0.101231,0.0837419,-0.556129,-0.00677419,0.0766129,-1.5
2599,-99.7577,307.643,-0.300166,0.0833333,1.08333,0.141441,1.4949,0.705875,-0.0104336,6.56347,5.92593e-05,0.0128083,0.420569,17069.8,0.481735,0.238132,-0.4,0.25,1,528.728,3.19365e+07,0.122601,0.00480935,0.0798899,0.00207715,-0.651366,0.0922929,-0.0613571,nan,nan,nan,nan,-0.0190479,-0.078837,-0.0209575,nan,-0.141927,-0.000571429,-0.105471,-0.418019,nan,-0.674782,-0.542434,-0.531848,-0.465643,0.121701,0.129714,-0.658857,-0.0113571,0.1375,-1.5
2600,-112.359,346.935,-0.307888,0.0833333,1.20833,0.142203,1.53065,0.58403,-0.00735466,6.56468,5.92593e-05,0.00996873,0.42058,16941.9,0.481148,0.244155,-0.4,0.25,1,529.454,3.19488e+07,0.128299,0.00496361,0.0902778,0.00238514,-0.734491,0.104081,-0.0623968,nan,nan,nan,nan,-0.0178308,-0.0759532,-0.0212344,nan,-0.159986,-0.000322581,-0.114961,-0.460917,nan,-0.867287,-0.670608,-0.596342,-0.525097,0.136725,0.124,-0.758581,-0.0126452,0.121774,-1.5
2601,-102.95,302.543,-0.322421,0,1.45833,0.145899,1.50807,0.745186,-0.0101758,6.56368,5.92593e-05,0.0137507,0.420546,14530.3,0.565035,0.280645,-0.4,0.25,1,532.25,3.19611e+07,0.129488,0.00536767,0.0780053,0.0019211,-0.638426,0.0907629,-0.0540686,nan,nan,nan,nan,-0.016102,-0.0654763,-0.0182742,nan,-0.139434,-0.000285714,-0.0983864,-0.396273,nan,-0.77607,-0.517628,-0.51739,-0.457886,0.122395,0.112229,-0.653257,-0.0105143,0.0978571,-1.5
2602,-107.418,329.686,-0.323508,0.0416667,1.41667,0.145612,1.51466,0.741633,-0.0069214,6.56223,5.92593e-05,0.0104037,0.420457,15483.3,0.548819,0.244808,-0.4,0.25,1,533.045,3.19734e+07,0.154333,0.00552653,0.0851011,0.00209659,-0.694665,0.0989057,-0.0504229,nan,nan,nan,nan,-0.0161362,-0.0653499,-0.01696,nan,-0.152121,-0.000171429,-0.108144,-0.445195,nan,-0.936929,-0.42103,-0.569746,-0.492429,0.136035,0.110514,-0.719429,-0.00817143,0.106429,-1.5
2603,-114.263,361.077,-0.326786,0.125,1.5,0.145333,1.46656,0.816785,-0.00887989,6.55909,5.92593e-05,0.0141953,0.42037,17156.8,0.479707,0.236512,-0.4,0.25,1,533.763,3.19857e+07,0.145668,0.0059282,0.0926128,0.00235887,-0.768983,0.108323,-0.0579051,nan,nan,nan,nan,-0.0182561,-0.0745935,-0.0199429,nan,-0.166592,-0.000871795,-0.123973,-0.475708,nan,-0.96207,-0.520454,-0.618961,-0.553692,0.145029,0.128513,-0.792308,-0.0111282,0.115064,-1.5
2604,-107.167,337.226,-0.30555,0.0833333,1.20833,0.145663,1.45779,0.67749,-0.00982754,6.55663,5.92593e-05,0.0138639,0.420291,17285.2,0.476224,0.234672,-0.4,0.25,1,534.475,3.1998e+07,0.126053,0.00592188,0.0849782,0.00230527,-0.708446,0.101168,-0.0612194,nan,nan,nan,nan,-0.0188074,-0.0759557,-0.0206503,nan,-0.155252,-0.000258065,-0.110379,-0.440083,nan,-0.808421,-0.468325,-0.574409,-0.522677,0.133974,0.12929,-0.732387,-0.0106452,0.12379,-1.5
2605,-90.168,248,-0.336518,0.0416667,1.70833,0.14485,1.46443,0.747325,-0.011318,6.55444,5.92593e-05,0.00980346,0.420225,13776.2,0.549545,0.342428,-0.4,0.25,1,535.368,3.20102e+07,0.0942739,0.00390306,0.0616006,0.00162791,-0.52625,0.0744,-0.0412143,nan,nan,nan,nan,-0.0134612,-0.0504472,-0.0134244,nan,-0.114224,-0.000404762,-0.0886314,-0.330883,nan,-0.664524,-0.414249,-0.429992,-0.383929,0.099697,0.0839048,-0.542,-0.00761905,0.0886905,-1.5
2606,-99.9283,308.567,-0.310243,0.0416667,1.20833,0.145029,1.50718,0.753397,-0.00974195,6.5522,5.92593e-05,0.015422,0.42014,11964.4,0.636782,0.390263,-0.4,0.25,1,536.397,3.20225e+07,0.126368,0.00542355,0.0792422,0.00238659,-0.65567,0.09257,-0.06071,nan,nan,nan,nan,-0.018075,-0.0755086,-0.020771,nan,-0.141966,-0.000133333,-0.0970583,-0.407267,nan,-0.637741,-0.508018,-0.523529,-0.4843,0.123573,0.131733,-0.6648,-0.011,0.114167,-1.5
2607,-95.7435,291.535,-0.342206,0.0833333,1.70833,0.149525,1.48863,0.763532,-0.00632501,6.54979,8.88889e-05,0.00469432,0.42007,13474.3,0.572925,0.339031,-0.4,0.25,1,537.31,3.20348e+07,0.129129,0.00543719,0.0744356,0.00208963,-0.614645,0.0874605,-0.0556698,nan,nan,nan,nan,-0.0161603,-0.0610149,-0.017928,nan,-0.133896,0,-0.0980067,-0.378924,nan,-0.67673,-0.412858,-0.493137,-0.437442,0.120224,0.113209,-0.630791,-0.00972093,0.109593,-1.5
2608,-108.653,328.452,-0.338681,0.0416667,1.70833,0.143665,1.50706,0.76629,-0.00955231,6.54811,8.88889e-05,0.0104311,0.420032,12920.3,0.655964,0.295094,-0.4,0.25,1,538.263,3.20471e+07,0.13488,0.00575169,0.0851414,0.00218882,-0.692906,0.0985357,-0.0603929,nan,nan,nan,nan,-0.0176697,-0.0705108,-0.0195862,nan,-0.15154,-0.00052381,-0.112167,-0.434137,nan,-0.817354,-0.579209,-0.562915,-0.510714,0.133132,0.126381,-0.708476,-0.0104286,0.097619,-1.5
2609,-123.821,405.9,-0.308951,0.0833333,1.16667,0.146218,1.48517,0.681969,-0.0118191,6.54752,8.88889e-05,0.016718,0.419997,11851,0.586868,0.450005,-0.4,0.25,1,539.301,3.20594e+07,0.166451,0.00600921,0.104749,0.00293222,-0.857198,0.12177,-0.0787233,nan,nan,nan,nan,-0.0236506,-0.0993865,-0.026995,nan,-0.187433,-0.0005,-0.126335,-0.536475,nan,-0.874884,-0.670045,-0.69465,-0.6461,0.164819,0.176933,-0.879867,-0.0146667,0.1375,-1.5
2610,-115.467,363.575,-0.334735,0.0833333,1.58333,0.1452,1.49418,0.76023,-0.0112995,6.54582,8.88889e-05,0.0107222,0.419963,13075.3,0.60985,0.32994,-0.4,0.25,1,540.243,3.20717e+07,0.139068,0.00635197,0.096583,0.00211582,-0.775525,0.109072,-0.05598,nan,nan,nan,nan,-0.016629,-0.0649311,-0.0184516,nan,-0.16737,-0.0004,-0.123921,-0.470666,nan,-1.05592,-0.445662,-0.620936,-0.5319,0.150078,0.1183,-0.7874,-0.0095,0.108438,-1.5
2611,-103.554,312.179,-0.305046,0.0833333,1.08333,0.148572,1.47491,0.697251,-0.0122587,6.54563,8.88889e-05,0.0167767,0.420017,12507.1,0.652454,0.330031,-0.4,0.25,1,541.227,3.2084e+07,0.126258,0.00474816,0.080976,0.00206076,-0.65438,0.0936536,-0.0516286,nan,nan,nan,nan,-0.0162148,-0.0618109,-0.0173899,nan,-0.143764,-0.00128571,-0.10736,-0.414919,nan,-0.828242,-0.551031,-0.531395,-0.458893,0.1247,0.102571,-0.681857,-0.011,0.112946,-1.5
2612,-101.897,299.378,-0.332325,0,1.54167,0.14679,1.46952,0.650044,-0.014828,6.54425,8.88889e-05,0.0197464,0.41986,14429.9,0.592733,0.258831,-0.4,0.25,1,542.08,3.20963e+07,0.117881,0.00520686,0.0778781,0.00207891,-0.628105,0.0898135,-0.0551405,nan,nan,nan,nan,-0.017291,-0.0677519,-0.0188791,nan,-0.137762,-0.000108108,-0.101627,-0.389859,nan,-0.695758,-0.616934,-0.512751,-0.453486,0.118972,0.116324,-0.646919,-0.010973,0.0969595,-1.5
2613,-131.809,425.619,-0.330135,0.166667,1.58333,0.144172,1.51546,0.744565,-0.0113672,6.53906,8.88889e-05,0.0168715,0.419737,13607.5,0.551062,0.351968,-0.4,0.25,1,542.984,3.21085e+07,0.152918,0.00708433,0.109337,0.00263512,-0.899742,0.127686,-0.0638571,nan,nan,nan,nan,-0.0197498,-0.0792611,-0.0220415,nan,-0.195971,-0.000404762,-0.145206,-0.567088,nan,-1.18605,-0.78272,-0.724348,-0.640429,0.175193,0.141048,-0.920095,-0.0109048,0.122321,-1.5
2614,-89.0639,249.759,-0.307701,0,1.20833,0.142731,1.50304,0.731694,-0.0104221,6.53583,8.88889e-05,0.0124057,0.419609,12910.7,0.579648,0.372124,-0.4,0.25,1,543.937,3.21208e+07,0.101439,0.00494873,0.0641412,0.00154579,-0.52921,0.0749276,-0.0407069,nan,nan,nan,nan,-0.0127696,-0.0505535,-0.0136926,nan,-0.115029,-0.000448276,-0.0779293,-0.327815,nan,-0.656343,-0.387479,-0.429473,-0.389379,0.0995504,0.0948966,-0.542897,-0.00668966,0.105603,-1.5
2615,-119.19,382.804,-0.34028,0.208333,1.70833,0.144694,1.48056,0.733171,-0.0129215,6.53082,8.88889e-05,0.0194724,0.419438,13165.5,0.591001,0.342346,-0.4,0.25,1,544.872,3.21331e+07,0.140055,0.006857,0.0998786,0.00235004,-0.809726,0.114841,-0.069813,nan,nan,nan,nan,-0.0208346,-0.0862619,-0.0237255,nan,-0.17653,-0.000586957,-0.118191,-0.502357,nan,-0.925579,-0.742127,-0.655012,-0.602087,0.155006,0.151913,-0.829913,-0.0144783,0.138587,-1.5
2616,-127.917,431.806,-0.317971,0.166667,1.33333,0.143325,1.48106,0.752566,-0.0127286,6.52766,8.88889e-05,0.0165961,0.419388,14372.8,0.575515,0.279435,-0.4,0.25,1,545.728,3.21454e+07,0.161694,0.00819459,0.113877,0.00314902,-0.905343,0.129542,-0.0797556,nan,nan,nan,nan,-0.0230648,-0.0967525,-0.0271548,nan,-0.198583,-0.000305556,-0.146307,-0.567282,nan,-0.993165,-0.679057,-0.735727,-0.64175,0.172662,0.173889,-0.930333,-0.0137778,0.15625,-1.5
2617,-98.2289,285.033,-0.311157,0.0416667,1.20833,0.148931,1.49817,0.649817,-0.0129021,6.52653,8.88889e-05,0.0132222,0.419333,13642.5,0.563282,0.337434,-0.4,0.25,1,546.631,3.21577e+07,0.115336,0.00469046,0.0732472,0.00183042,-0.602483,0.08551,-0.0469733,nan,nan,nan,nan,-0.0147019,-0.0565072,-0.0154615,nan,-0.130986,-0.000166667,-0.0993347,-0.382025,nan,-0.774493,-0.436219,-0.486135,-0.4309,0.116033,0.0988,-0.618,-0.00733333,0.0866667,-1.5
2618,-109.691,355.258,-0.299885,0.25,1.04167,0.148452,1.46632,0.70715,-0.0129355,6.52357,8.88889e-05,0.0150989,0.41921,13813.3,0.573543,0.316035,-0.4,0.25,1,547.522,3.217e+07,0.136943,0.00601742,0.0917031,0.00229939,-0.74988,0.106577,-0.0586645,nan,nan,nan,nan,-0.0179751,-0.0711474,-0.019435,nan,-0.163135,-0.000612903,-0.121626,-0.467843,nan,-0.912422,-0.581004,-0.606647,-0.539323,0.145695,0.127871,-0.768774,-0.011871,0.123387,-1.5
2619,-125.975,415.344,-0.310536,0.125,1.20833,0.146909,1.48187,0.66371,-0.0127115,6.51985,8.88889e-05,0.0120011,0.419092,13605.9,0.577833,0.325307,-0.4,0.25,1,548.426,3.21823e+07,0.137653,0.00688488,0.106247,0.00261759,-0.871095,0.124603,-0.0756375,nan,nan,nan,nan,-0.0215948,-0.0908176,-0.0263173,nan,-0.1912,-0.00028125,-0.126203,-0.541045,nan,-1.01766,-0.676118,-0.709016,-0.64725,0.161827,0.1655,-0.893625,-0.0129375,0.129297,-1.5
2620,-111.22,338.196,-0.34765,0.0416667,1.875,0.147075,1.48094,0.713094,-0.0119721,6.51593,8.88889e-05,0.0194956,0.41899,13617.7,0.575523,0.326832,-0.4,0.25,1,549.33,3.21946e+07,0.122163,0.00550718,0.0872779,0.00219182,-0.71221,0.101459,-0.0604326,nan,nan,nan,nan,-0.0180036,-0.0716755,-0.0200251,nan,-0.155676,-0.00023913,-0.111382,-0.442403,nan,-0.850145,-0.626306,-0.577948,-0.505761,0.135491,0.122609,-0.732087,-0.0109565,0.12962,-1.5
2621,-100.748,299.75,-0.306576,0,1.16667,0.142594,1.44152,0.776188,-0.0125652,6.51378,8.88889e-05,0.00862494,0.41895,13388.1,0.581237,0.336595,-0.4,0.25,1,550.249,3.22068e+07,0.118375,0.00451303,0.0793031,0.00203309,-0.62349,0.089925,-0.059675,nan,nan,nan,nan,-0.0165718,-0.0669145,-0.019493,nan,-0.137916,-0.000285714,-0.0948621,-0.390058,nan,-0.669116,-0.508282,-0.508819,-0.454179,0.120647,0.129429,-0.644286,-0.0116429,0.105804,-1.5
2622,-117.476,376.468,-0.338342,0.166667,1.79167,0.139915,1.44797,0.802732,-0.0125704,6.5123,8.88889e-05,0.0186519,0.418888,13509.8,0.559548,0.350013,-0.4,0.25,1,551.16,3.22191e+07,0.145258,0.00624684,0.0986742,0.00248102,-0.790478,0.11294,-0.0706404,nan,nan,nan,nan,-0.0196679,-0.0786041,-0.0232376,nan,-0.17317,-0.000680851,-0.122677,-0.493762,nan,-0.924268,-0.576682,-0.641887,-0.568851,0.152646,0.152596,-0.817617,-0.0129787,0.118351,-1.5
2623,-112.477,348.895,-0.327629,0.0416667,1.54167,0.140866,1.45133,0.855088,-0.0127231,6.51041,8.88889e-05,0.0164211,0.418893,14694.2,0.551681,0.284566,-0.4,0.25,1,551.998,3.22314e+07,0.148304,0.00614318,0.0896764,0.00231855,-0.730726,0.104668,-0.0614553,nan,nan,nan,nan,-0.0178136,-0.074258,-0.0205655,nan,-0.160032,-0.0005,-0.119424,-0.450061,nan,-0.893503,-0.543259,-0.59007,-0.534947,0.138664,0.132105,-0.756842,-0.0107895,0.107566,-1.5
2624,-102.551,311.209,-0.339577,0.0833333,1.70833,0.14086,1.45873,0.732489,-0.0117795,6.50927,8.88889e-05,0.014086,0.418825,16036.6,0.528704,0.237544,-0.4,0.25,1,552.766,3.22437e+07,0.120224,0.00552328,0.0807161,0.00205172,-0.650289,0.0933628,-0.0548209,nan,nan,nan,nan,-0.0166056,-0.0651476,-0.0181102,nan,-0.143458,-0.000209302,-0.10397,-0.411018,nan,-0.765118,-0.581793,-0.532907,-0.466395,0.126936,0.119256,-0.670977,-0.0107442,0.124419,-1.5
2625,-112.017,347.185,-0.296172,0.0833333,1.04167,0.140796,1.45495,0.710858,-0.011363,6.50614,8.88889e-05,0.0178478,0.418708,15046,0.497885,0.318812,-0.4,0.25,1,553.584,3.2256e+07,0.137489,0.00537162,0.0907764,0.00199337,-0.731291,0.104156,-0.0566333,nan,nan,nan,nan,-0.0173073,-0.0702332,-0.0194783,nan,-0.159875,-0.000555556,-0.116803,-0.461927,nan,-0.932838,-0.611241,-0.592884,-0.534444,0.138052,0.126667,-0.74963,-0.0105926,0.113426,-1.5
2626,-87.529,237.706,-0.316994,0.0416667,1.375,0.143261,1.49253,0.702247,-0.0130452,6.50249,8.88889e-05,0.0152364,0.418624,13104.9,0.589213,0.348452,-0.4,0.25,1,554.523,3.22683e+07,0.10482,0.00342211,0.061387,0.00134838,-0.499176,0.0713118,-0.0380353,nan,nan,nan,nan,-0.0113097,-0.0427997,-0.0120034,nan,-0.109485,-0.000352941,-0.0824772,-0.315148,nan,-0.689236,-0.448676,-0.409327,-0.360176,0.0973604,0.0755294,-0.515647,-0.00735294,0.0602941,-1.5
2627,-108.604,336.327,-0.360647,0.0416667,2.125,0.14194,1.46996,0.806922,-0.0113785,6.50034,8.88889e-05,0.01171,0.418561,13601.6,0.583936,0.319489,-0.4,0.25,1,555.428,3.22806e+07,0.127779,0.0061974,0.0880362,0.00231275,-0.701512,0.100898,-0.0637288,nan,nan,nan,nan,-0.0180013,-0.0713421,-0.021189,nan,-0.154311,-0.000557692,-0.120035,-0.444991,nan,-0.796388,-0.509758,-0.572302,-0.494308,0.136562,0.132308,-0.722769,-0.0119231,0.100962,-1.5
2628,-96.7495,284.733,-0.30268,0.0833333,1.16667,0.143577,1.48133,0.730864,-0.0125861,6.49799,8.88889e-05,0.00563718,0.418503,12274.6,0.636357,0.364733,-0.4,0.25,1,556.431,3.22929e+07,0.107118,0.00432901,0.0741807,0.00201432,-0.598495,0.08542,-0.0482967,nan,nan,nan,nan,-0.0152776,-0.0560079,-0.0161151,nan,-0.130977,-0.000366667,-0.0981191,-0.370983,nan,-0.706573,-0.476955,-0.485321,-0.4352,0.115055,0.102933,-0.616133,-0.00973333,0.0883333,-1.5
2629,-98.146,291.342,-0.33218,0.0416667,1.54167,0.150812,1.49261,0.829793,-0.00995185,6.49645,8.88889e-05,0.00938206,0.418438,15087.3,0.560478,0.253983,-0.4,0.25,1,557.247,3.23052e+07,0.134494,0.00591759,0.0754539,0.00182323,-0.610824,0.0874026,-0.0498368,nan,nan,nan,nan,-0.0146962,-0.0585379,-0.0158807,nan,-0.134077,-0.000473684,-0.0945492,-0.387451,nan,-0.772643,-0.353066,-0.495809,-0.452605,0.118739,0.101579,-0.637158,-0.00863158,0.0861842,-1.5
2630,-105.503,324.714,-0.334608,0.125,1.625,0.143728,1.46528,0.7963,-0.0126816,6.49255,8.88889e-05,0.0120402,0.418257,15595.9,0.544959,0.242938,-0.4,0.25,1,558.036,3.23174e+07,0.12992,0.00567846,0.0821997,0.00198982,-0.677403,0.0974143,-0.0529167,nan,nan,nan,nan,-0.0167656,-0.0698817,-0.0176109,nan,-0.149566,-0.000880952,-0.0992919,-0.433041,nan,-0.88553,-0.397,-0.55502,-0.5205,0.130047,0.111238,-0.710095,-0.0105238,0.0985119,-1.5
2631,-112.479,353.471,-0.353938,0.125,2,0.139979,1.46007,0.823645,-0.0126787,6.48722,8.88889e-05,0.0113636,0.418083,13331.7,0.53688,0.384835,-0.4,0.25,1,558.959,3.23297e+07,0.13232,0.00611755,0.0925572,0.00255222,-0.739789,0.106041,-0.0628412,nan,nan,nan,nan,-0.0192291,-0.0777629,-0.021318,nan,-0.162697,-0.000176471,-0.107818,-0.463188,nan,-0.833462,-0.617066,-0.603214,-0.542882,0.140158,0.128706,-0.762431,-0.0128627,0.109314,-1.5
2632,-95.928,275.923,-0.327819,0.0416667,1.58333,0.144769,1.46398,0.82305,-0.00959186,6.48251,8.88889e-05,0.0111461,0.417954,12357,0.603901,0.390514,-0.4,0.25,1,559.955,3.2342e+07,0.110403,0.00547234,0.0720917,0.00192266,-0.582222,0.0827769,-0.0451564,nan,nan,nan,nan,-0.0130817,-0.0488396,-0.0149648,nan,-0.127007,-0.000589744,-0.0982367,-0.364697,nan,-0.733628,-0.442966,-0.468752,-0.401538,0.111362,0.0985641,-0.601949,-0.00753846,0.0769231,-1.5
2633,-128.193,401.97,-0.31463,0.0416667,1.33333,0.148851,1.47999,0.828602,-0.011916,6.47811,8.88889e-05,0.0151275,0.417783,13575.6,0.570518,0.334635,-0.4,0.25,1,560.862,3.23543e+07,0.154402,0.00597719,0.103165,0.00212201,-0.844008,0.120591,-0.0527394,nan,nan,nan,nan,-0.0164901,-0.0663868,-0.0181619,nan,-0.185319,-0.00069697,-0.131586,-0.547571,nan,-1.30182,-0.48668,-0.688713,-0.616455,0.162176,0.121333,-0.870061,-0.0090303,0.122348,-1.5
2634,-100.196,308.675,-0.328434,0.0833333,1.58333,0.145959,1.49765,0.761082,-0.013049,6.47336,8.88889e-05,0.013024,0.417651,14191.8,0.59561,0.270239,-0.4,0.25,1,561.729,3.23666e+07,0.117536,0.00602459,0.0808392,0.00236926,-0.643255,0.0926025,-0.0649775,nan,nan,nan,nan,-0.0185072,-0.0692933,-0.0209024,nan,-0.141608,-0.00025,-0.111422,-0.407465,nan,-0.629769,-0.539924,-0.521655,-0.449175,0.122714,0.1344,-0.6689,-0.01285,0.104688,-1.5
2635,-117.53,384.114,-0.316118,0.125,1.33333,0.144577,1.4957,0.751456,-0.0113497,6.47,8.88889e-05,0.0174755,0.417599,16320.9,0.510201,0.242699,-0.4,0.25,1,562.483,3.23789e+07,0.153236,0.00624557,0.0997371,0.0024821,-0.799306,0.115234,-0.0686314,nan,nan,nan,nan,-0.021274,-0.0880116,-0.0232,nan,-0.176638,-0.0004,-0.129224,-0.507429,nan,-0.920991,-0.548264,-0.657089,-0.590057,0.14992,0.148914,-0.830286,-0.0123429,0.129643,-1.5
2636,-101.18,310.136,-0.336659,0.125,1.70833,0.139326,1.47731,0.761831,-0.012679,6.46786,8.88889e-05,0.0107247,0.417489,15285.2,0.522329,0.281588,-0.4,0.25,1,563.289,3.23912e+07,0.124831,0.00568726,0.080677,0.00217448,-0.643468,0.0930409,-0.0574,nan,nan,nan,nan,-0.0169104,-0.0668877,-0.0195118,nan,-0.142563,-0.000386364,-0.11143,-0.410509,nan,-0.738364,-0.545256,-0.533394,-0.459545,0.124938,0.119455,-0.675273,-0.0105455,0.0954545,-1.5
2637,-120.333,396.224,-0.343571,0.208333,1.83333,0.142991,1.48039,0.716166,-0.0124782,6.4633,8.88889e-05,0.0119618,0.4173,12906.9,0.605815,0.346231,-0.4,0.25,1,564.242,3.24035e+07,0.158861,0.00772925,0.105574,0.00275853,-0.830836,0.118867,-0.0692898,nan,nan,nan,nan,-0.0198477,-0.0796467,-0.022884,nan,-0.182115,-0.000265306,-0.134078,-0.519573,nan,-0.963917,-0.53537,-0.67975,-0.599327,0.157257,0.145878,-0.856898,-0.0136327,0.129847,-1.5
2638,-105.963,321.174,-0.292928,0.0416667,0.916667,0.142544,1.47962,0.741507,-0.0116931,6.45732,8.88889e-05,0.0140363,0.417102,13624.4,0.580216,0.321694,-0.4,0.25,1,565.145,3.24157e+07,0.13226,0.00522857,0.0840197,0.00193136,-0.671329,0.0963522,-0.0507609,nan,nan,nan,nan,-0.014093,-0.0555603,-0.0157092,nan,-0.147121,-0.000434783,-0.101838,-0.41848,nan,-0.930773,-0.406732,-0.542909,-0.489913,0.128647,0.106435,-0.692522,-0.00756522,0.0744565,-1.5
2639,-94.2767,272.447,-0.330474,0,1.58333,0.141066,1.50378,0.781302,-0.0120827,6.45215,8.88889e-05,0.0101911,0.416972,13617.1,0.570948,0.331445,-0.4,0.25,1,566.049,3.2428e+07,0.102715,0.00499806,0.0699014,0.0019766,-0.564728,0.0817342,-0.0465816,nan,nan,nan,nan,-0.0142228,-0.0555855,-0.0160443,nan,-0.125376,-0.000184211,-0.0932942,-0.358033,nan,-0.676921,-0.407426,-0.463413,-0.400658,0.10776,0.0984211,-0.595789,-0.00926316,0.103289,-1.5
2640,-120.266,373.125,-0.308415,0.0833333,1.25,0.140075,1.50447,0.632266,-0.0136566,6.4498,5.92593e-05,0.0225545,0.416962,15793.3,0.537663,0.240386,-0.4,0.25,1,566.829,3.24403e+07,0.159895,0.00729267,0.0988758,0.0021047,-0.778864,0.111937,-0.0566031,nan,nan,nan,nan,-0.0165121,-0.0697585,-0.0184648,nan,-0.172138,-0.0004375,-0.11255,-0.501341,nan,-1.11456,-0.560116,-0.641908,-0.572531,0.150323,0.12025,-0.803,-0.0108125,0.084375,-1.5
2641,-104.344,321,-0.323359,0.0416667,1.54167,0.142584,1.48165,0.762331,-0.0111707,6.44974,5.92593e-05,0.0164662,0.41695,17027.5,0.488955,0.232702,-0.4,0.25,1,567.552,3.24526e+07,0.131145,0.00560967,0.0854374,0.00202418,-0.669356,0.0963,-0.0579237,nan,nan,nan,nan,-0.0163648,-0.0640585,-0.0188953,nan,-0.147596,-0.000184211,-0.103152,-0.418288,nan,-0.816828,-0.435916,-0.546218,-0.480553,0.127736,0.122842,-0.687474,-0.00984211,0.0990132,-1.5
2642,-97.7214,291.966,-0.306843,0,1.20833,0.141266,1.47889,0.681162,-0.0103374,6.44897,5.92593e-05,0.0139177,0.416917,16908.3,0.493732,0.23301,-0.4,0.25,1,568.28,3.24649e+07,0.0998251,0.00421275,0.0765147,0.00231872,-0.60576,0.0875897,-0.0509517,nan,nan,nan,nan,-0.017207,-0.064187,-0.0179248,nan,-0.134187,-0.000413793,-0.105924,-0.387737,nan,-0.649454,-0.427537,-0.500228,-0.405414,0.114996,0.109517,-0.632276,-0.00917241,0.0978448,-1.5
2643,-103.499,315.091,-0.313358,0.0833333,1.29167,0.140366,1.47379,0.845783,-0.0105297,6.44705,5.92593e-05,0.0132642,0.416851,14038.5,0.522615,0.352692,-0.4,0.25,1,569.156,3.24772e+07,0.131245,0.0057897,0.0827973,0.00214159,-0.659589,0.0945273,-0.0535394,nan,nan,nan,nan,-0.0143224,-0.0576709,-0.0173748,nan,-0.144819,-0.000363636,-0.094801,-0.417522,nan,-0.842822,-0.467607,-0.533269,-0.483545,0.126902,0.114182,-0.677333,-0.00963636,0.0799242,-1.5
2644,-117.052,363.6,-0.309961,0,1.25,0.140813,1.48726,0.653239,-0.00945678,6.4451,5.92593e-05,0.0108492,0.41681,11707.7,0.613697,0.435865,-0.4,0.25,1,570.207,3.24895e+07,0.144767,0.00637794,0.0946576,0.00227658,-0.758305,0.10908,-0.06169,nan,nan,nan,nan,-0.0183873,-0.0727245,-0.0205466,nan,-0.167557,-3.33333e-05,-0.106785,-0.486754,nan,-0.981797,-0.502534,-0.621578,-0.5506,0.144306,0.1308,-0.786667,-0.0112667,0.112083,-1.5
2645,-99.651,299.394,-0.315433,0.0416667,1.33333,0.145447,1.4643,0.667225,-0.0115277,6.44364,5.92593e-05,0.0060249,0.416758,11424.3,0.679234,0.396364,-0.4,0.25,1,571.284,3.25018e+07,0.113801,0.00519394,0.0791035,0.00207129,-0.618865,0.0898182,-0.0532515,nan,nan,nan,nan,-0.0156224,-0.0615306,-0.0176445,nan,-0.137595,-0.000212121,-0.102556,-0.392129,nan,-0.725177,-0.541314,-0.507178,-0.442,0.118485,0.115152,-0.644364,-0.00890909,0.101894,-1.5
2646,-105.211,332.892,-0.317033,0.208333,1.33333,0.142836,1.48817,0.611379,-0.010943,6.4419,5.92593e-05,0.0148779,0.416695,12574.7,0.615243,0.361958,-0.4,0.25,1,572.263,3.2514e+07,0.126912,0.00523604,0.0851597,0.00221339,-0.694472,0.0998676,-0.0555378,nan,nan,nan,nan,-0.0166969,-0.0666108,-0.0192327,nan,-0.153555,-0.000513514,-0.106579,-0.449726,nan,-0.839597,-0.48487,-0.573336,-0.503189,0.134388,0.121514,-0.719243,-0.00978378,0.0888514,-1.5
2647,-111.569,348.667,-0.313262,0.0833333,1.29167,0.141895,1.46498,0.636834,-0.0111389,6.43925,5.92593e-05,0.0121799,0.416585,14157.4,0.558086,0.309873,-0.4,0.25,1,573.134,3.25263e+07,0.15607,0.00611217,0.0912365,0.00240422,-0.728254,0.1046,-0.0586182,nan,nan,nan,nan,-0.0169087,-0.0705485,-0.0191365,nan,-0.160671,-6.06061e-05,-0.113788,-0.459975,nan,-0.923506,-0.524762,-0.59681,-0.520636,0.139921,0.123879,-0.759758,-0.0101818,0.106439,-1.5
2648,-102.855,310.171,-0.319227,0.0416667,1.41667,0.1419,1.45599,0.787467,-0.0100868,6.43683,5.92593e-05,0.0128656,0.416545,12726.6,0.559786,0.405747,-0.4,0.25,1,574.101,3.25386e+07,0.129294,0.00516979,0.080894,0.00190613,-0.649633,0.0930514,-0.0518571,nan,nan,nan,nan,-0.0159494,-0.0655766,-0.0180137,nan,-0.143144,-0.000514286,-0.0955873,-0.411563,nan,-0.813991,-0.444503,-0.534175,-0.472371,0.123892,0.114971,-0.667771,-0.00897143,0.0953571,-1.5
2649,-119.814,394.806,-0.306278,0.0833333,1.20833,0.14264,1.48039,0.742321,-0.00937575,6.43532,5.92593e-05,0.00820167,0.416467,11186.9,0.638423,0.460001,-0.4,0.25,1,575.201,3.25509e+07,0.170101,0.00718047,0.106065,0.0028532,-0.822357,0.118442,-0.0780226,nan,nan,nan,nan,-0.0221208,-0.0926967,-0.0256704,nan,-0.18159,-0.00016129,-0.110148,-0.523259,nan,-0.856727,-0.620814,-0.671145,-0.604258,0.160268,0.169161,-0.849935,-0.0149032,0.132258,-1.5
2650,-114.763,359.415,-0.335072,0.0416667,1.66667,0.144865,1.49628,0.811759,-0.00992316,6.43238,5.92593e-05,0.00986844,0.416347,12386.9,0.641494,0.350521,-0.4,0.25,1,576.194,3.25632e+07,0.143156,0.00563771,0.0950786,0.00219887,-0.754112,0.107824,-0.0627195,nan,nan,nan,nan,-0.0175058,-0.0716598,-0.0205322,nan,-0.165307,-0.000292683,-0.103591,-0.466437,nan,-0.96153,-0.472708,-0.610831,-0.54922,0.143872,0.126439,-0.774927,-0.0121463,0.0984756,-1.5
2651,-107.498,329.208,-0.3487,0.0833333,1.91667,0.139223,1.49118,0.753303,-0.0105236,6.42887,5.92593e-05,0.0128283,0.416235,12578.5,0.62954,0.347364,-0.4,0.25,1,577.173,3.25755e+07,0.141434,0.00567242,0.0852487,0.00211071,-0.689938,0.0987625,-0.056225,nan,nan,nan,nan,-0.0173147,-0.0689269,-0.0192679,nan,-0.151794,-0.000229167,-0.0993341,-0.432461,nan,-0.848423,-0.471502,-0.564485,-0.503937,0.130102,0.123083,-0.706667,-0.0107917,0.0880208,-1.5
2652,-113.246,357.538,-0.32228,0.125,1.5,0.142172,1.46309,0.794455,-0.010316,6.42623,5.92593e-05,0.011538,0.416191,13651.4,0.55844,0.341691,-0.4,0.25,1,578.075,3.25878e+07,0.154409,0.00708096,0.0939493,0.00199864,-0.744865,0.107262,-0.0553077,nan,nan,nan,nan,-0.0157088,-0.0651243,-0.0185063,nan,-0.164592,-0.000230769,-0.107989,-0.470198,nan,-1.04189,-0.448746,-0.609593,-0.557077,0.14259,0.124513,-0.779282,-0.0106154,0.0996795,-1.5
2653,-106.75,336.5,-0.342924,0.0833333,1.83333,0.141196,1.44657,0.92425,-0.0101932,6.4262,5.92593e-05,0.0131045,0.416236,12866.6,0.602596,0.352435,-0.4,0.25,1,579.031,3.26001e+07,0.128429,0.00602188,0.088785,0.00236996,-0.701229,0.10095,-0.0654043,nan,nan,nan,nan,-0.0193803,-0.0796415,-0.0218305,nan,-0.154809,-0.000565217,-0.0993948,-0.437992,nan,-0.728731,-0.502916,-0.572111,-0.523435,0.130279,0.139043,-0.725652,-0.0124783,0.103261,-1.5
2654,-109.007,342.758,-0.317784,0.0416667,1.33333,0.139697,1.47639,0.707538,-0.0112218,6.4265,5.92593e-05,0.0120142,0.416162,12765,0.606694,0.355935,-0.4,0.25,1,579.995,3.26124e+07,0.155246,0.00563393,0.090911,0.00224148,-0.712346,0.102827,-0.0638424,nan,nan,nan,nan,-0.0176748,-0.0717069,-0.0199483,nan,-0.157531,-0.000575758,-0.101052,-0.450611,nan,-0.869144,-0.411079,-0.579676,-0.534818,0.13624,0.133818,-0.736364,-0.0125455,0.0912879,-1.5
2655,-116.649,386,-0.289313,0.166667,0.916667,0.140111,1.45516,0.572913,-0.00759577,6.42396,5.92593e-05,0.00692161,0.416079,13061,0.586151,0.354662,-0.4,0.25,1,580.938,3.26246e+07,0.175584,0.00639375,0.102597,0.00276597,-0.801784,0.1158,-0.0647115,nan,nan,nan,nan,-0.0194367,-0.0836172,-0.0227267,nan,-0.177281,-0.000346154,-0.125872,-0.504084,nan,-0.96798,-0.627086,-0.659715,-0.586962,0.158708,0.141538,-0.833692,-0.0103846,0.122596,-1.5
2656,-100.447,296.216,-0.323545,0.0416667,1.5,0.142545,1.49069,0.734125,-0.0103041,6.42188,5.92593e-05,0.0128044,0.416064,13601.4,0.564895,0.338541,-0.4,0.25,1,581.843,3.26369e+07,0.11768,0.00573747,0.0769746,0.00204241,-0.613987,0.0888649,-0.0481027,nan,nan,nan,nan,-0.0152125,-0.0568808,-0.0163648,nan,-0.136073,-0.000324324,-0.0998522,-0.401907,nan,-0.765396,-0.511213,-0.504237,-0.427946,0.120513,0.0956757,-0.634162,-0.00778378,0.0861486,-1.5
2657,-134.326,446.129,-0.306201,0.166667,1.125,0.145088,1.49066,0.67319,-0.0128561,6.42028,3.95062e-05,0.0207371,0.415943,13528.5,0.580083,0.32822,-0.4,0.25,1,582.752,3.26492e+07,0.163366,0.0083674,0.115348,0.00281585,-0.933356,0.133839,-0.0757677,nan,nan,nan,nan,-0.0225223,-0.0963771,-0.0256936,nan,-0.205341,-0.000419355,-0.139286,-0.586705,nan,-1.1592,-0.736609,-0.762517,-0.694548,0.17844,0.165548,-0.956387,-0.0129677,0.135081,-1.5
2658,-90.802,254.568,-0.322815,0.0416667,1.5,0.143624,1.48944,0.712455,-0.00878423,6.41696,3.95062e-05,0.0124143,0.415871,13677.2,0.597875,0.300553,-0.4,0.25,1,583.652,3.26615e+07,0.100648,0.00506241,0.0651795,0.00145305,-0.536154,0.0763703,-0.0355216,nan,nan,nan,nan,-0.0109244,-0.0411888,-0.0120816,nan,-0.117487,-0.000378378,-0.0827048,-0.336221,nan,-0.780732,-0.356657,-0.438411,-0.375568,0.103424,0.0775135,-0.541081,-0.00594595,0.0547297,-1.5
2659,-132.16,441.379,-0.296101,0.166667,1.04167,0.142208,1.45547,0.706648,-0.00928225,6.41486,3.95062e-05,0.0147041,0.415808,15143,0.569261,0.242201,-0.4,0.25,1,584.465,3.26738e+07,0.171202,0.00769877,0.115394,0.00259066,-0.92601,0.132414,-0.0660621,nan,nan,nan,nan,-0.0188717,-0.0789354,-0.0220601,nan,-0.203463,-0.000551724,-0.131165,-0.571731,nan,-1.27484,-0.696489,-0.755956,-0.665897,0.181885,0.141655,-0.944276,-0.0118621,0.132328,-1.5
2660,-102.403,303.6,-0.321053,0,1.45833,0.145441,1.49088,0.686635,-0.00932111,6.41307,3.95062e-05,0.00769361,0.415756,16133.8,0.504243,0.257386,-0.4,0.25,1,585.228,3.26861e+07,0.113739,0.00594744,0.0806273,0.00191688,-0.635739,0.09108,-0.0509571,nan,nan,nan,nan,-0.0147064,-0.0568647,-0.0164906,nan,-0.139738,-0.000342857,-0.0951598,-0.389611,nan,-0.810026,-0.425332,-0.517664,-0.469457,0.120532,0.107657,-0.651886,-0.00988571,0.0814286,-1.5
2661,-121.922,406.8,-0.293831,0.125,0.916667,0.145744,1.47308,0.734873,-0.00768642,6.41125,3.95062e-05,0.0106615,0.415676,16334.1,0.510169,0.242121,-0.4,0.25,1,585.982,3.26984e+07,0.163614,0.00668562,0.106434,0.00289868,-0.854165,0.12204,-0.076668,nan,nan,nan,nan,-0.0215805,-0.091109,-0.0251108,nan,-0.187293,-0.00016,-0.118047,-0.534455,nan,-0.918643,-0.613567,-0.692102,-0.64116,0.160536,0.16304,-0.87488,-0.01544,0.1385,-1.5
2662,-123.922,412.079,-0.319757,0.166667,1.41667,0.14317,1.44132,0.690558,-0.00967618,6.40861,3.95062e-05,0.0156707,0.415601,16360.3,0.505669,0.245418,-0.4,0.25,1,586.734,3.27107e+07,0.166306,0.00636634,0.110171,0.00277658,-0.857393,0.123624,-0.0737474,nan,nan,nan,nan,-0.0205028,-0.0867153,-0.024234,nan,-0.18947,-0.000421053,-0.13556,-0.549769,nan,-1.02124,-0.662036,-0.706058,-0.626842,0.167024,0.159789,-0.877684,-0.0142105,0.133882,-1.5
2663,-92.3933,276.321,-0.300975,0.0416667,1.125,0.140055,1.4579,0.760816,-0.010469,6.40633,3.95062e-05,0.00952112,0.415519,16527.5,0.499499,0.243989,-0.4,0.25,1,587.479,3.27229e+07,0.113884,0.00622195,0.0712944,0.0021317,-0.568586,0.0828964,-0.0561214,nan,nan,nan,nan,-0.0156987,-0.0592929,-0.0173706,nan,-0.126806,-7.14286e-05,-0.0825642,-0.363034,nan,-0.617555,-0.397608,-0.470897,-0.430607,0.110359,0.114143,-0.585,-0.00957143,0.0982143,-1.5
2664,-101.487,325.467,-0.303769,0.125,1.125,0.142507,1.47971,0.737995,-0.00817735,6.40435,3.95062e-05,0.00928257,0.415495,16652.1,0.495451,0.242476,-0.4,0.25,1,588.218,3.27352e+07,0.13993,0.00710283,0.0871733,0.00218606,-0.676632,0.09764,-0.0621833,nan,nan,nan,nan,-0.0158853,-0.0644367,-0.0195992,nan,-0.149234,-0.00103333,-0.10475,-0.421542,nan,-0.815409,-0.448533,-0.550324,-0.4896,0.13198,0.1348,-0.687067,-0.0112,0.1175,-1.5
2665,-114.099,361.913,-0.34764,0.0416667,1.875,0.145184,1.48324,0.759176,-0.00518496,6.40428,3.95062e-05,0.00505844,0.415517,16346.6,0.49346,0.258257,-0.4,0.25,1,588.971,3.27475e+07,0.150892,0.00561759,0.094416,0.00266038,-0.750867,0.108574,-0.0669,nan,nan,nan,nan,-0.0197443,-0.0818491,-0.0219625,nan,-0.166396,-0.000369565,-0.117471,-0.476879,nan,-0.8392,-0.554863,-0.619298,-0.555652,0.143816,0.144,-0.780696,-0.012,0.116304,-1.5
2666,-118.627,395.464,-0.297169,0.0833333,1.08333,0.141626,1.49504,0.692606,-0.00584681,6.40452,3.95062e-05,0.0119655,0.415498,15561.7,0.534737,0.254895,-0.4,0.25,1,589.762,3.27598e+07,0.156909,0.00745177,0.105758,0.00314101,-0.827428,0.118639,-0.0844357,nan,nan,nan,nan,-0.0229774,-0.0974088,-0.0272204,nan,-0.182001,-0.000392857,-0.116116,-0.520271,nan,-0.778053,-0.618447,-0.671139,-0.615536,0.159833,0.177714,-0.846286,-0.0175714,0.135268,-1.5
2667,-108.32,338.846,-0.300516,0.0416667,1.04167,0.143047,1.47439,0.646934,-0.00885446,6.40293,3.95062e-05,0.00705497,0.41542,16734.5,0.497053,0.237238,-0.4,0.25,1,590.498,3.27721e+07,0.135573,0.00673968,0.088347,0.00281753,-0.705135,0.101654,-0.0607308,nan,nan,nan,nan,-0.0189746,-0.0753988,-0.0204128,nan,-0.155747,-0.000230769,-0.12111,-0.444387,nan,-0.764958,-0.559959,-0.581261,-0.503654,0.135769,0.130615,-0.727077,-0.0133077,0.1125,-1.5
2668,-119.807,379.586,-0.309487,0,1.20833,0.14503,1.45727,0.566409,-0.00868363,6.40029,3.95062e-05,0.00954589,0.415346,15231.7,0.492445,0.314295,-0.4,0.25,1,591.306,3.27844e+07,0.143361,0.00589283,0.0988894,0.00268746,-0.792714,0.113876,-0.0624931,nan,nan,nan,nan,-0.0199684,-0.0817206,-0.0215782,nan,-0.174523,-0.000241379,-0.131557,-0.5072,nan,-0.944255,-0.592437,-0.647886,-0.568966,0.155166,0.148414,-0.815034,-0.0125517,0.132759,-1.5
2669,-120.891,386.5,-0.303065,0.0833333,1.08333,0.144548,1.50257,0.64636,-0.0085744,6.39844,3.95062e-05,0.0110332,0.415294,11951.7,0.589474,0.438666,-0.4,0.25,1,592.336,3.27967e+07,0.154674,0.00570868,0.101285,0.00225165,-0.804784,0.11595,-0.0634893,nan,nan,nan,nan,-0.0178023,-0.0701361,-0.0204582,nan,-0.177882,-0.000535714,-0.120897,-0.504742,nan,-1.08296,-0.584462,-0.6551,-0.587679,0.155209,0.128,-0.830857,-0.012,0.09375,-1.5
2670,-102.939,304.833,-0.287735,0.0416667,0.958333,0.141567,1.47698,0.649031,-0.0072942,6.39705,3.95062e-05,0.0086058,0.415269,12923.6,0.605884,0.344936,-0.4,0.25,1,593.289,3.2809e+07,0.113913,0.00662475,0.0808666,0.00193672,-0.642802,0.09145,-0.0553083,nan,nan,nan,nan,-0.0154066,-0.0643343,-0.0174803,nan,-0.140123,-0.000125,-0.109254,-0.395274,nan,-0.800101,-0.549019,-0.523105,-0.4765,0.12534,0.116,-0.651333,-0.00833333,0.0885417,-1.5
2671,-115.858,374.974,-0.326418,0.0833333,1.54167,0.144116,1.48913,0.819473,-0.00875336,6.39602,3.95062e-05,0.0134659,0.415226,13577.9,0.57286,0.332139,-0.4,0.25,1,594.195,3.28212e+07,0.154551,0.00659358,0.0991532,0.00272641,-0.783129,0.112492,-0.0677795,nan,nan,nan,nan,-0.0183702,-0.0769287,-0.0216046,nan,-0.172066,-0.000487179,-0.125719,-0.484476,nan,-0.923819,-0.52108,-0.640931,-0.581923,0.151918,0.143692,-0.805744,-0.0130769,0.116026,-1.5
2672,-117.213,371.071,-0.303689,0.0416667,1.125,0.139902,1.49205,0.710829,-0.00865898,6.39428,3.95062e-05,0.00732113,0.415152,13424.6,0.579474,0.335858,-0.4,0.25,1,595.112,3.28335e+07,0.148724,0.00700951,0.0986639,0.00228605,-0.780525,0.111321,-0.0622107,nan,nan,nan,nan,-0.0178266,-0.073789,-0.0200158,nan,-0.170741,-0.0005,-0.126141,-0.487813,nan,-0.977458,-0.518745,-0.632662,-0.55275,0.149771,0.135,-0.801857,-0.0111429,0.111607,-1.5
2673,-113.072,347.639,-0.325577,0,1.5,0.141562,1.49694,0.676568,-0.00759485,6.39168,3.95062e-05,0.0107821,0.415086,13351.1,0.567716,0.352658,-0.4,0.25,1,596.033,3.28458e+07,0.134024,0.00615757,0.0899064,0.00224466,-0.718297,0.104292,-0.0573194,nan,nan,nan,nan,-0.0167214,-0.0701478,-0.0185003,nan,-0.159514,-0.000638889,-0.120685,-0.455524,nan,-0.920904,-0.556523,-0.591559,-0.549333,0.142383,0.131111,-0.748222,-0.00905556,0.105556,-1.5
2674,-109.251,351.741,-0.298035,0.0833333,1.04167,0.137651,1.47919,0.72952,-0.00836486,6.38965,3.95062e-05,0.0152461,0.415018,13178.2,0.561164,0.371287,-0.4,0.25,1,596.967,3.28581e+07,0.140795,0.0063037,0.091055,0.00253913,-0.737563,0.105522,-0.0602593,nan,nan,nan,nan,-0.0181363,-0.0782789,-0.0205787,nan,-0.161793,-0.000407407,-0.118404,-0.474117,nan,-0.840076,-0.448307,-0.603825,-0.543333,0.143692,0.134963,-0.762519,-0.0131111,0.115741,-1.5
2675,-96.5494,292.714,-0.302046,0.0833333,1.08333,0.142403,1.45629,0.598095,-0.00817771,6.38771,3.95062e-05,0.0120441,0.414962,13468.1,0.589888,0.322489,-0.4,0.25,1,597.881,3.28704e+07,0.125585,0.00530026,0.0779913,0.00206762,-0.60766,0.0878143,-0.0546143,nan,nan,nan,nan,-0.015133,-0.0602395,-0.0173136,nan,-0.134119,-0.000392857,-0.100813,-0.386093,nan,-0.69413,-0.495027,-0.496316,-0.452893,0.118616,0.116286,-0.629571,-0.0095,0.0794643,-1.5
2676,-124.937,439.941,-0.308806,0.25,1.16667,0.141716,1.50316,0.704066,-0.00730177,6.38654,3.95062e-05,0.0088113,0.414946,14652.2,0.521792,0.316852,-0.4,0.25,1,598.721,3.28827e+07,0.18234,0.00760817,0.11738,0.0033742,-0.917589,0.131982,-0.085,nan,nan,nan,nan,-0.0231469,-0.09698,-0.0271964,nan,-0.202495,-0.000323529,-0.140755,-0.576152,nan,-0.961265,-0.586266,-0.748534,-0.685147,0.178133,0.183059,-0.938824,-0.0157647,0.155515,-1.5
2677,-119.758,390.432,-0.318187,0.125,1.41667,0.143877,1.48317,0.754593,-0.00830438,6.38616,3.95062e-05,0.00917524,0.414918,11330.8,0.677258,0.407218,-0.4,0.25,1,599.807,3.2895e+07,0.173249,0.0076244,0.102135,0.00256983,-0.81038,0.11713,-0.0656405,nan,nan,nan,nan,-0.0172959,-0.0708549,-0.0206834,nan,-0.178908,-0.000405405,-0.141472,-0.511934,nan,-1.07042,-0.50963,-0.663698,-0.600324,0.1607,0.135135,-0.829405,-0.0121622,0.1125,-1.5
2678,-129.725,434.667,-0.303333,0.208333,1.16667,0.147995,1.50374,0.651286,-0.00795245,6.38517,3.95062e-05,0.0106377,0.414878,13761.3,0.571001,0.321935,-0.4,0.25,1,600.702,3.29073e+07,0.187332,0.00738925,0.116073,0.00281085,-0.909867,0.1304,-0.0695576,nan,nan,nan,nan,-0.0184108,-0.0794259,-0.0229695,nan,-0.199563,-0.000606061,-0.129751,-0.571102,nan,-1.20234,-0.686521,-0.739351,-0.686364,0.175489,0.152485,-0.922909,-0.0132121,0.120833,-1.5
2679,-137.108,487.76,-0.285448,0.166667,0.875,0.142077,1.47065,0.604107,-0.0083695,6.38367,3.95062e-05,0.00763548,0.414823,14459.7,0.555583,0.294229,-0.4,0.25,1,601.553,3.29196e+07,0.192929,0.00828568,0.129492,0.0033658,-1.01238,0.146328,-0.092428,nan,nan,nan,nan,-0.0253499,-0.111008,-0.0297778,nan,-0.224122,-0.00024,-0.146648,-0.645719,nan,-1.13486,-0.579621,-0.832912,-0.76632,0.195444,0.20512,-1.03616,-0.018,0.156,-1.5
2680,-108.898,321.704,-0.299707,0,1.125,0.136604,1.50835,0.606097,-0.00743041,6.38197,3.95062e-05,0.00857959,0.414786,16792.5,0.49065,0.241107,-0.4,0.25,1,602.286,3.29318e+07,0.128254,0.00646263,0.0818692,0.00188554,-0.67478,0.0965111,-0.0462407,nan,nan,nan,nan,-0.0133774,-0.0523641,-0.0148795,nan,-0.147745,-0.000148148,-0.0983028,-0.423116,nan,-0.977295,-0.46897,-0.549419,-0.513222,0.132297,0.0967407,-0.691407,-0.00866667,0.0694444,-1.5
2681,-102.755,330.469,-0.29969,0.208333,1.125,0.142629,1.4671,0.710281,-0.0108024,6.38109,3.95062e-05,0.0111889,0.414769,16581.2,0.492544,0.248535,-0.4,0.25,1,603.028,3.29441e+07,0.139815,0.00532068,0.0869341,0.00246499,-0.685002,0.0991406,-0.0584031,nan,nan,nan,nan,-0.0167551,-0.0646682,-0.0191318,nan,-0.151986,-0.00015625,-0.112634,-0.43026,nan,-0.817801,-0.497094,-0.565928,-0.503906,0.1346,0.128,-0.718875,-0.010875,0.107422,-1.5
2682,-116.349,368.312,-0.306933,0.0833333,1.25,0.142873,1.47935,0.768273,-0.00994147,6.38119,3.95062e-05,0.0100523,0.414803,13490.9,0.571342,0.339496,-0.4,0.25,1,603.941,3.29564e+07,0.136781,0.00663502,0.0963849,0.00239777,-0.770416,0.110494,-0.061625,nan,nan,nan,nan,-0.0166159,-0.0699385,-0.0191225,nan,-0.169039,0,-0.129144,-0.489829,nan,-1.01838,-0.459164,-0.628542,-0.5805,0.152001,0.122375,-0.797875,-0.0118125,0.0976562,-1.5
2683,-104.495,323.263,-0.316848,0.125,1.45833,0.138945,1.5068,0.785612,-0.00922435,6.38202,3.95062e-05,0.00905165,0.414822,13133.1,0.593739,0.341915,-0.4,0.25,1,604.878,3.29687e+07,0.128904,0.00592976,0.0863326,0.00198426,-0.674493,0.0969789,-0.0571684,nan,nan,nan,nan,-0.0163591,-0.0648045,-0.0178628,nan,-0.148296,-0.000184211,-0.111385,-0.422826,nan,-0.845067,-0.44483,-0.548176,-0.499421,0.131686,0.117053,-0.689789,-0.009,0.0907895,-1.5
2684,-104.536,325.438,-0.306385,0.0833333,1.25,0.144591,1.5019,0.755398,-0.0100906,6.3819,3.95062e-05,0.0128597,0.414789,13273.9,0.566623,0.359106,-0.4,0.25,1,605.805,3.2981e+07,0.129542,0.00546036,0.0833541,0.00218702,-0.679088,0.0976312,-0.0488906,nan,nan,nan,nan,-0.0145394,-0.0583839,-0.0159539,nan,-0.149599,-0.0001875,-0.106689,-0.415917,nan,-0.899548,-0.410906,-0.555325,-0.515812,0.1324,0.109875,-0.702625,-0.0090625,0.0859375,-1.5
2685,-106.927,331.182,-0.315428,0,1.375,0.143903,1.48226,0.764295,-0.00852834,6.38008,3.95062e-05,0.00782465,0.414708,14898.4,0.547984,0.276801,-0.4,0.25,1,606.631,3.29933e+07,0.132993,0.00640659,0.0873437,0.00233432,-0.685311,0.0993545,-0.0558303,nan,nan,nan,nan,-0.01549,-0.0601847,-0.0179515,nan,-0.151677,-0.000424242,-0.10248,-0.423087,nan,-0.851341,-0.425228,-0.558568,-0.520818,0.13505,0.115394,-0.715394,-0.00963636,0.103788,-1.5
2686,-119.349,382.5,-0.307838,0.166667,1.25,0.145535,1.49475,0.792868,-0.00790523,6.37801,3.95062e-05,0.00681167,0.414677,17010.5,0.489203,0.233175,-0.4,0.25,1,607.355,3.30056e+07,0.148793,0.00623916,0.101538,0.00260738,-0.796607,0.11475,-0.0670471,nan,nan,nan,nan,-0.0185817,-0.0745964,-0.0217718,nan,-0.175489,-0.0005,-0.132638,-0.510212,nan,-0.976296,-0.621024,-0.647098,-0.579088,0.155973,0.139529,-0.823294,-0.0133529,0.107721,-1.5
2687,-126.242,431.195,-0.321871,0.25,1.45833,0.139788,1.52629,0.836828,-0.00937418,6.37796,3.95062e-05,0.010281,0.414699,16725.6,0.480654,0.254026,-0.4,0.25,1,608.091,3.30179e+07,0.186147,0.00751148,0.111752,0.00302294,-0.902563,0.129359,-0.070839,nan,nan,nan,nan,-0.0196479,-0.0843367,-0.0232261,nan,-0.198659,-0.000902439,-0.122254,-0.558181,nan,-1.12165,-0.563366,-0.73093,-0.678732,0.177951,0.154634,-0.917854,-0.0123415,0.121037,-1.5
2688,-121.192,404.132,-0.316618,0.208333,1.375,0.14298,1.51567,0.92254,-0.00872232,6.37836,3.95062e-05,0.00864052,0.414688,15422.9,0.537294,0.259444,-0.4,0.25,1,608.889,3.30301e+07,0.166792,0.00787255,0.107526,0.00271254,-0.835327,0.121239,-0.0695579,nan,nan,nan,nan,-0.0180907,-0.0743206,-0.0221977,nan,-0.185205,-0.000210526,-0.130385,-0.531301,nan,-1.06088,-0.55429,-0.685591,-0.636237,0.163926,0.146,-0.858316,-0.0127895,0.114145,-1.5
2689,-129.134,423,-0.337482,0,1.75,0.143017,1.51016,0.713305,-0.0104382,6.3776,3.95062e-05,0.0141978,0.414665,16718.5,0.49232,0.242676,-0.4,0.25,1,609.625,3.30424e+07,0.160172,0.00732137,0.109687,0.00322179,-0.878374,0.1269,-0.077819,nan,nan,nan,nan,-0.0229083,-0.0968248,-0.0260678,nan,-0.193796,-0.000547619,-0.145396,-0.543405,nan,-0.9506,-0.663843,-0.72117,-0.677643,0.169105,0.173714,-0.907143,-0.0145238,0.134226,-1.5
2690,-109.132,338.333,-0.340756,0.0833333,1.79167,0.142807,1.52291,1.01061,-0.0061923,6.3771,3.95062e-05,0.0116029,0.41466,16569.3,0.503775,0.237836,-0.4,0.25,1,610.368,3.30547e+07,0.142697,0.00502781,0.0877213,0.00220121,-0.707099,0.1015,-0.0568422,nan,nan,nan,nan,-0.0161795,-0.0655843,-0.0182744,nan,-0.155064,-0.000377778,-0.128204,-0.448201,nan,-0.88679,-0.50705,-0.577041,-0.5046,0.141119,0.120267,-0.733867,-0.0103111,0.0902778,-1.5
2691,-102.913,315.85,-0.329661,0.0416667,1.625,0.144425,1.50575,0.856811,-0.00720543,6.37643,3.95062e-05,0.00697368,0.4146,16219.3,0.501149,0.256465,-0.4,0.25,1,611.127,3.3067e+07,0.124412,0.00532592,0.0818079,0.00210333,-0.656254,0.094755,-0.057605,nan,nan,nan,nan,-0.0159645,-0.0656089,-0.0186883,nan,-0.145118,-0.000225,-0.0991609,-0.407282,nan,-0.769846,-0.504616,-0.5339,-0.5085,0.126343,0.1265,-0.6725,-0.0106,0.0953125,-1.5
2692,-99.462,303.543,-0.313221,0.0833333,1.375,0.141743,1.49458,0.794968,-0.00843079,6.3745,3.95062e-05,0.0126748,0.41457,16471.3,0.496649,0.249377,-0.4,0.25,1,611.875,3.30793e+07,0.141438,0.00523371,0.0779659,0.00204398,-0.635145,0.0910629,-0.0510371,nan,nan,nan,nan,-0.0160395,-0.0636861,-0.0172839,nan,-0.139662,-0.000285714,-0.0992897,-0.402925,nan,-0.775982,-0.40028,-0.521352,-0.482743,0.122806,0.114743,-0.655771,-0.0101714,0.0889286,-1.5
2693,-117.33,375.625,-0.307761,0.0833333,1.25,0.141005,1.48635,0.725254,-0.00883407,6.3738,3.95062e-05,0.0108556,0.414542,16017,0.534734,0.23245,-0.4,0.25,1,612.643,3.30916e+07,0.137362,0.00689065,0.0959457,0.00274118,-0.78419,0.112687,-0.0586031,nan,nan,nan,nan,-0.0178716,-0.0744757,-0.0195511,nan,-0.172492,-0.00040625,-0.131048,-0.486528,nan,-0.986813,-0.513096,-0.643967,-0.56625,0.153134,0.122875,-0.823,-0.012125,0.102344,-1.5
2694,-115.926,389.316,-0.316023,0.208333,1.375,0.143219,1.51434,0.744879,-0.00742499,6.37263,3.95062e-05,0.00619329,0.414512,16746.8,0.498898,0.234853,-0.4,0.25,1,613.379,3.31039e+07,0.160382,0.00639099,0.102114,0.00328826,-0.806788,0.116795,-0.0713921,nan,nan,nan,nan,-0.0213957,-0.085498,-0.0232852,nan,-0.178377,-0.000236842,-0.141982,-0.498615,nan,-0.842174,-0.575494,-0.656882,-0.586026,0.157169,0.16,-0.844211,-0.0138421,0.13125,-1.5
2695,-125.741,422.711,-0.314337,0.25,1.33333,0.140794,1.48125,0.724722,-0.0073738,6.37125,3.95062e-05,0.00922819,0.414468,16745.5,0.498487,0.235321,-0.4,0.25,1,614.114,3.31162e+07,0.167101,0.00825169,0.109817,0.00289507,-0.877968,0.126813,-0.0718105,nan,nan,nan,nan,-0.0204097,-0.0871535,-0.0234166,nan,-0.193778,-0.000763158,-0.145158,-0.547473,nan,-1.06887,-0.617515,-0.719444,-0.656211,0.174576,0.154316,-0.912105,-0.0131053,0.10625,-1.5
2696,-96.133,296.88,-0.292037,0.125,0.916667,0.144414,1.50217,0.849909,-0.00647717,6.37011,3.95062e-05,0.0105738,0.414439,15940.2,0.514303,0.25658,-0.4,0.25,1,614.886,3.31284e+07,0.132452,0.00545744,0.0744436,0.00193825,-0.61261,0.089064,-0.046216,nan,nan,nan,nan,-0.0142413,-0.060072,-0.0150009,nan,-0.13595,-0.0004,-0.107771,-0.393407,nan,-0.812019,-0.389715,-0.50819,-0.46368,0.122716,0.09808,-0.64144,-0.00912,0.1055,-1.5
2697,-91.6408,267.886,-0.313758,0.0833333,1.375,0.140445,1.497,0.716242,-0.00646515,6.36915,3.95062e-05,0.00593327,0.414404,16424.5,0.50626,0.241889,-0.4,0.25,1,615.635,3.31407e+07,0.107765,0.00447416,0.0679771,0.00205873,-0.551518,0.0803657,-0.0480171,nan,nan,nan,nan,-0.0142532,-0.0549234,-0.0150174,nan,-0.122106,-0.0004,-0.114965,-0.344272,nan,-0.620087,-0.456607,-0.452138,-0.411514,0.112881,0.100686,-0.581829,-0.00725714,0.0857143,-1.5
2698,-119.985,398.267,-0.301206,0.125,1.125,0.139225,1.4833,0.828706,-0.00772683,6.36815,3.95062e-05,0.00833505,0.414395,16640.8,0.502361,0.236066,-0.4,0.25,1,616.375,3.3153e+07,0.147073,0.00740381,0.103158,0.00283805,-0.821662,0.11948,-0.0793733,nan,nan,nan,nan,-0.0210897,-0.0910764,-0.0246521,nan,-0.182998,-0.000333333,-0.123084,-0.520485,nan,-0.906367,-0.572121,-0.675988,-0.6428,0.161733,0.164,-0.8484,-0.0143333,0.131667,-1.5
2699,-124.53,414.125,-0.343593,0.208333,1.79167,0.141308,1.49751,0.80346,-0.00738705,6.36719,3.95062e-05,0.0120113,0.414319,16609.2,0.495354,0.244479,-0.4,0.25,1,617.116,3.31653e+07,0.170628,0.00697248,0.107046,0.0028011,-0.8566,0.124237,-0.0705021,nan,nan,nan,nan,-0.0205118,-0.0868652,-0.0234818,nan,-0.189771,-0.0004375,-0.142285,-0.546265,nan,-1.05904,-0.574289,-0.703871,-0.639812,0.168528,0.152833,-0.892917,-0.014,0.121094,-1.5
2700,-94.9966,268.237,-0.333065,0,1.58333,0.14596,1.49195,0.74282,-0.0073158,6.36456,3.95062e-05,0.0107864,0.414257,16217.1,0.505182,0.252535,-0.4,0.25,1,617.875,3.31776e+07,0.108385,0.00474486,0.0678418,0.00161205,-0.559612,0.0804711,-0.0390421,nan,nan,nan,nan,-0.0126093,-0.0477839,-0.0126739,nan,-0.123047,-0.000210526,-0.102292,-0.351562,nan,-0.794476,-0.378781,-0.460868,-0.402079,0.110056,0.0806316,-0.584316,-0.00715789,0.0832237,-1.5
2701,-120.189,398.091,-0.31335,0.125,1.25,0.147599,1.46995,0.73632,-0.00690638,6.36264,3.95062e-05,0.0108674,0.414185,16448.3,0.497382,0.249687,-0.4,0.25,1,620.339,3.31899e+07,0.159405,0.00844013,0.103663,0.00297405,-0.823616,0.119427,-0.0712485,nan,nan,nan,nan,-0.0201295,-0.0814213,-0.0229209,nan,-0.183058,-0.000181818,-0.128968,-0.514484,nan,-0.948598,-0.602892,-0.678576,-0.615636,0.163996,0.157939,-0.852242,-0.0130909,0.122348,-1.5
2702,-97.7139,295.45,-0.28509,0.0416667,0.791667,0.147286,1.44967,0.68983,-0.00878744,6.36062,3.95062e-05,0.0096946,0.414143,16650.5,0.499905,0.238093,-0.4,0.25,1,621.078,3.32022e+07,0.120186,0.00631262,0.0737911,0.00232634,-0.617063,0.088635,-0.057855,nan,nan,nan,nan,-0.0165223,-0.0627523,-0.018079,nan,-0.135432,-0.00025,-0.103271,-0.38671,nan,-0.647562,-0.465943,-0.501434,-0.4716,0.124532,0.121,-0.6332,-0.0089,0.0825,-1.5
2703,-125.242,428.03,-0.300448,0.25,1.125,0.141698,1.49207,0.620216,-0.00672021,6.35943,3.95062e-05,0.0112079,0.4141,13271.2,0.559158,0.366754,-0.4,0.25,1,622.005,3.32145e+07,0.178177,0.00720138,0.113462,0.00299855,-0.880872,0.128409,-0.077003,nan,nan,nan,nan,-0.020829,-0.0866875,-0.0247606,nan,-0.195821,-0.000575758,-0.170719,-0.552711,nan,-1.03123,-0.623247,-0.723047,-0.655364,0.179521,0.164727,-0.920727,-0.0141212,0.111742,-1.5
2704,-118.805,385.778,-0.294899,0.125,1,0.140656,1.48502,0.625928,-0.00988763,6.35687,3.95062e-05,0.0149906,0.413959,12878.5,0.582554,0.371592,-0.4,0.25,1,622.961,3.32268e+07,0.141923,0.00671913,0.0989802,0.00290793,-0.79956,0.115733,-0.070537,nan,nan,nan,nan,-0.019846,-0.0828569,-0.0225161,nan,-0.176252,-0.000555556,-0.135397,-0.503975,nan,-0.89545,-0.668211,-0.651316,-0.600778,0.159195,0.151852,-0.843111,-0.0126667,0.124537,-1.5
2705,-128.693,431.567,-0.302272,0.125,1.125,0.14546,1.4921,0.764359,-0.0079971,6.35336,3.95062e-05,0.011906,0.413902,13795.5,0.5635,0.327227,-0.4,0.25,1,623.853,3.3239e+07,0.184308,0.00768538,0.112804,0.00298978,-0.8956,0.12947,-0.0795867,nan,nan,nan,nan,-0.0221245,-0.092656,-0.0255704,nan,-0.198152,-0.000366667,-0.135816,-0.555931,nan,-1.0503,-0.598787,-0.735686,-0.7004,0.175692,0.1668,-0.932267,-0.0144667,0.153333,-1.5
2706,-101.556,309.762,-0.286727,0.0416667,0.833333,0.146143,1.44876,0.731674,-0.0090295,6.35222,3.95062e-05,0.0152156,0.413877,13563.6,0.592708,0.313245,-0.4,0.25,1,624.76,3.32513e+07,0.141971,0.0051718,0.0813008,0.00203071,-0.635873,0.0929286,-0.0497333,nan,nan,nan,nan,-0.0151158,-0.0627791,-0.0171964,nan,-0.142465,-0.000238095,-0.100973,-0.401135,nan,-0.829303,-0.373314,-0.531884,-0.495857,0.126475,0.110095,-0.673333,-0.00961905,0.0940476,-1.5
2707,-114.608,367.636,-0.31217,0.125,1.25,0.14303,1.44672,0.719886,-0.00995569,6.35135,3.95062e-05,0.0115553,0.413838,13264.1,0.569561,0.356847,-0.4,0.25,1,625.688,3.32636e+07,0.15835,0.0059959,0.0934644,0.0023995,-0.757559,0.110291,-0.0640606,nan,nan,nan,nan,-0.0187263,-0.0777702,-0.0214088,nan,-0.168418,-3.0303e-05,-0.117326,-0.47999,nan,-0.922053,-0.570596,-0.622769,-0.596182,0.149021,0.145576,-0.783515,-0.0137576,0.0958333,-1.5
2708,-132.428,438,-0.31252,0.0416667,1.25,0.142087,1.44261,0.81196,-0.00710014,6.35023,3.95062e-05,0.00772723,0.41383,12647.3,0.612012,0.359582,-0.4,0.25,1,626.661,3.32759e+07,0.174451,0.00778201,0.113908,0.00311381,-0.91137,0.1314,-0.0752419,nan,nan,nan,nan,-0.0212887,-0.0867601,-0.0242426,nan,-0.200339,-0.000387097,-0.16293,-0.570309,nan,-1.11322,-0.609696,-0.739082,-0.678484,0.181764,0.162323,-0.94529,-0.0147742,0.130242,-1.5
2709,-117.015,377.062,-0.306057,0.125,1.20833,0.142546,1.46045,0.713671,-0.00855121,6.34978,3.95062e-05,0.0102135,0.413778,13043.3,0.600184,0.341909,-0.4,0.25,1,627.606,3.32882e+07,0.141469,0.00730948,0.097369,0.00240659,-0.7705,0.113119,-0.0666656,nan,nan,nan,nan,-0.0185364,-0.0760086,-0.02088,nan,-0.172555,-0.0005,-0.139421,-0.481414,nan,-0.984343,-0.456977,-0.643472,-0.607594,0.153074,0.13475,-0.81375,-0.011125,0.108594,-1.5
2710,-103.905,324.433,-0.30792,0.0833333,1.16667,0.145953,1.46093,0.683569,-0.00917862,6.34739,3.95062e-05,0.00957452,0.413684,14072.1,0.582045,0.291171,-0.4,0.25,1,628.48,3.33005e+07,0.136925,0.00521279,0.0834304,0.00234526,-0.67178,0.09733,-0.0604333,nan,nan,nan,nan,-0.0172148,-0.0675736,-0.018498,nan,-0.148543,-6.66667e-05,-0.113527,-0.417138,nan,-0.779394,-0.402638,-0.550665,-0.518,0.134612,0.1208,-0.699867,-0.0123333,0.0883333,-1.5
2711,-98.0415,296.824,-0.277514,0.0416667,0.666667,0.141334,1.46996,0.588093,-0.00850207,6.34495,3.95062e-05,0.00804028,0.413614,13227.5,0.584814,0.344157,-0.4,0.25,1,629.411,3.33128e+07,0.125034,0.00514401,0.0782999,0.00221412,-0.612209,0.0890471,-0.0563353,nan,nan,nan,nan,-0.0161292,-0.0672283,-0.0178642,nan,-0.136316,0,-0.0888383,-0.376457,nan,-0.665625,-0.518142,-0.50224,-0.485118,0.124682,0.119529,-0.629882,-0.01,0.117647,-1.5
2712,-112.803,347.185,-0.300966,0.0416667,1.08333,0.147482,1.45782,0.571528,-0.0066713,6.34272,3.95062e-05,0.00686847,0.413532,13574.5,0.581646,0.32358,-0.4,0.25,1,630.318,3.33251e+07,0.143325,0.00659259,0.0901921,0.0019069,-0.715235,0.104156,-0.0493852,nan,nan,nan,nan,-0.0152611,-0.0628484,-0.0161722,nan,-0.159506,-0.000148148,-0.108587,-0.459796,nan,-1.03183,-0.42292,-0.592776,-0.565111,0.142325,0.110667,-0.748148,-0.00933333,0.099537,-1.5
2713,-123.939,409.893,-0.299759,0.125,1.04167,0.148372,1.48058,0.682504,-0.00884953,6.3401,3.95062e-05,0.0141779,0.413483,13432.9,0.570161,0.344611,-0.4,0.25,1,631.234,3.33373e+07,0.167995,0.00708803,0.105426,0.002262,-0.844516,0.122968,-0.0705393,nan,nan,nan,nan,-0.019256,-0.081771,-0.0224437,nan,-0.188685,-0.00025,-0.126263,-0.523934,nan,-1.11204,-0.566477,-0.694382,-0.673821,0.167485,0.146429,-0.867143,-0.0119286,0.125,-1.5
2714,-119.051,380.192,-0.298903,0.0833333,1,0.14387,1.47904,0.717948,-0.00671912,6.33966,3.95062e-05,0.00607012,0.413514,13256.5,0.556262,0.370683,-0.4,0.25,1,632.162,3.33496e+07,0.143852,0.00710583,0.0987358,0.00261769,-0.782227,0.114058,-0.0601615,nan,nan,nan,nan,-0.01716,-0.0733111,-0.0198134,nan,-0.173877,-0.000461538,-0.133785,-0.49295,nan,-1.04052,-0.644676,-0.644708,-0.592731,0.158514,0.129077,-0.826923,-0.0109231,0.11875,-1.5
2715,-135.483,467.444,-0.31816,0.166667,1.33333,0.143704,1.47163,0.82988,-0.00807527,6.34004,3.95062e-05,0.0121991,0.413505,13219.2,0.602442,0.327113,-0.4,0.25,1,633.093,3.33619e+07,0.184728,0.0078666,0.12577,0.00329689,-0.959065,0.140233,-0.0880972,nan,nan,nan,nan,-0.0234362,-0.0964502,-0.0288119,nan,-0.213261,-5.55556e-05,-0.19229,-0.604309,nan,-1.10517,-0.657665,-0.79001,-0.706333,0.194155,0.185,-1.00078,-0.0153889,0.144444,-1.5
2716,-126.321,406.6,-0.304082,0.0833333,1.16667,0.140951,1.44588,0.783906,-0.0082635,6.33889,3.95062e-05,0.0100579,0.413431,13507.7,0.569625,0.340079,-0.4,0.25,1,634.004,3.33742e+07,0.162789,0.00754473,0.10455,0.00260732,-0.835788,0.12198,-0.0698167,nan,nan,nan,nan,-0.0200205,-0.0785908,-0.0224567,nan,-0.18601,-0.0006,-0.163891,-0.525331,nan,-1.07801,-0.665912,-0.693198,-0.6256,0.168683,0.143867,-0.876933,-0.0123333,0.115417,-1.5
2717,-128.141,422.8,-0.288892,0.125,0.916667,0.1419,1.47194,0.724914,-0.00853362,6.33581,3.95062e-05,0.0152522,0.413327,14001.9,0.58104,0.296556,-0.4,0.25,1,634.883,3.33865e+07,0.151262,0.00621077,0.110004,0.00305519,-0.864755,0.12684,-0.073968,nan,nan,nan,nan,-0.0222578,-0.0879909,-0.0247835,nan,-0.193692,-4e-05,-0.158294,-0.543573,nan,-1.00192,-0.753657,-0.720012,-0.66492,0.172125,0.1648,-0.91872,-0.01368,0.1305,-1.5
2718,-129.345,435.214,-0.29298,0.125,1.04167,0.140419,1.45727,0.709766,-0.00866574,6.33296,3.95062e-05,0.0105622,0.413246,13037.2,0.559801,0.382733,-0.4,0.25,1,635.827,3.33988e+07,0.183208,0.00772555,0.11387,0.00277112,-0.897545,0.130564,-0.0743964,nan,nan,nan,nan,-0.0207598,-0.0861047,-0.0244297,nan,-0.199764,-0.00025,-0.136291,-0.55055,nan,-1.16629,-0.511132,-0.741529,-0.689893,0.18125,0.156143,-0.931143,-0.0127143,0.139286,-1.5
2719,-140.82,476.872,-0.328567,0.125,1.5,0.145478,1.47803,0.846316,-0.00545372,6.33095,3.95062e-05,0.0103917,0.413193,13592.3,0.566528,0.337515,-0.4,0.25,1,636.733,3.34111e+07,0.188625,0.00795063,0.122968,0.0030104,-0.979249,0.143062,-0.0799769,nan,nan,nan,nan,-0.0231619,-0.0934698,-0.0259668,nan,-0.218354,-0.000179487,-0.172401,-0.614363,nan,-1.2629,-0.65394,-0.80595,-0.749846,0.196074,0.172513,-1.03087,-0.014,0.166987,-1.5
2720,-133.467,432.242,-0.309129,0.0833333,1.29167,0.141081,1.47115,0.669711,-0.00676754,6.32944,3.95062e-05,0.00803683,0.413147,13604.3,0.567723,0.335522,-0.4,0.25,1,637.638,3.34234e+07,0.158903,0.00705829,0.113197,0.00220833,-0.888146,0.129673,-0.0584364,nan,nan,nan,nan,-0.0163967,-0.0679911,-0.0188688,nan,-0.198057,-0.000272727,-0.150459,-0.552304,nan,-1.39776,-0.643871,-0.73615,-0.651909,0.179879,0.131152,-0.919152,-0.00987879,0.108712,-1.5
2721,-136.15,457.424,-0.304776,0.166667,1.20833,0.137125,1.4757,0.653392,-0.00689936,6.32802,3.95062e-05,0.00735739,0.413095,14529.8,0.560624,0.285086,-0.4,0.25,1,638.485,3.34356e+07,0.188131,0.0074838,0.120614,0.0030311,-0.940093,0.137227,-0.0764667,nan,nan,nan,nan,-0.0201635,-0.0822229,-0.0248078,nan,-0.209121,-0.0010303,-0.165489,-0.583567,nan,-1.24937,-0.639354,-0.771358,-0.713273,0.193712,0.160485,-0.986545,-0.0122424,0.136364,-1.5
2722,-110.465,344.562,-0.31512,0.0416667,1.29167,0.140706,1.46047,0.860491,-0.00473511,6.32638,5.92593e-05,0.00296584,0.413052,13242.9,0.586588,0.341307,-0.4,0.25,1,639.414,3.34479e+07,0.144654,0.00561177,0.0894967,0.00193662,-0.699566,0.103369,-0.0598906,nan,nan,nan,nan,-0.0164506,-0.0683414,-0.0188442,nan,-0.157703,-0.00028125,-0.111437,-0.447897,nan,-0.923697,-0.461216,-0.580321,-0.522094,0.138204,0.129375,-0.73425,-0.0111875,0.101562,-1.5
2723,-103.509,312.778,-0.323677,0.0416667,1.45833,0.139879,1.4365,0.671448,-0.0110261,6.3247,5.92593e-05,0.0108454,0.413004,13542.2,0.581592,0.325794,-0.4,0.25,1,640.323,3.34602e+07,0.130738,0.00539629,0.0816343,0.00198545,-0.64367,0.0938333,-0.0523639,nan,nan,nan,nan,-0.0144398,-0.0548306,-0.016579,nan,-0.142731,-8.33333e-05,-0.12675,-0.39842,nan,-0.848988,-0.469193,-0.524004,-0.459333,0.13207,0.104444,-0.680556,-0.00861111,0.0951389,-1.5
2724,-121.934,403.833,-0.289661,0.0833333,0.916667,0.140058,1.42659,0.574819,-0.00753454,6.3236,5.92593e-05,0.00707494,0.412966,13243.1,0.595127,0.332753,-0.4,0.25,1,641.253,3.34725e+07,0.148485,0.00797578,0.102116,0.00260601,-0.81927,0.12115,-0.0748125,nan,nan,nan,nan,-0.0221484,-0.0938289,-0.024882,nan,-0.185259,-0.000375,-0.145827,-0.514689,nan,-0.954211,-0.608194,-0.682564,-0.632,0.16265,0.160667,-0.863167,-0.0144167,0.132292,-1.5
2725,-121.846,398.87,-0.29007,0,0.958333,0.142654,1.44911,0.734075,-0.0112586,6.3217,5.92593e-05,0.00663415,0.412874,15108.4,0.533217,0.280107,-0.4,0.25,1,642.068,3.34848e+07,0.152359,0.00785745,0.102149,0.00325844,-0.820501,0.119661,-0.0829783,nan,nan,nan,nan,-0.0252257,-0.100106,-0.0272498,nan,-0.182146,-0.000869565,-0.157337,-0.519462,nan,-0.751878,-0.665947,-0.671039,-0.582913,0.163291,0.176348,-0.857739,-0.0174783,0.145652,-1.5
2726,-135.274,468,-0.28406,0.166667,0.833333,0.142203,1.45423,0.674626,-0.00968578,6.3189,5.92593e-05,0.00783072,0.412801,15296,0.485865,0.317483,-0.4,0.25,1,642.872,3.34971e+07,0.189867,0.0077718,0.123728,0.00331717,-0.960294,0.1404,-0.0866208,nan,nan,nan,nan,-0.0239737,-0.099554,-0.0281797,nan,-0.21372,-0.00125,-0.161041,-0.596454,nan,-1.1227,-0.935908,-0.788687,-0.684375,0.191207,0.188333,-1.00217,-0.016,0.128646,-1.5
2727,-104.981,318.425,-0.332126,0.0833333,1.58333,0.141791,1.48208,0.751926,-0.00798846,6.31752,5.92593e-05,0.0140609,0.412787,14735.2,0.50906,0.324864,-0.4,0.25,1,643.709,3.35094e+07,0.124192,0.00556213,0.0826824,0.00185532,-0.647674,0.0955275,-0.0566575,nan,nan,nan,nan,-0.0158251,-0.0607989,-0.0178365,nan,-0.145631,-0.000275,-0.108697,-0.41785,nan,-0.861852,-0.445889,-0.536748,-0.4929,0.128834,0.116,-0.6866,-0.01045,0.07125,-1.5
2728,-134.083,453.828,-0.298792,0.208333,1,0.142898,1.49042,0.565859,-0.0121417,6.31574,5.92593e-05,0.0105406,0.412653,13105.3,0.5865,0.351137,-0.4,0.25,1,644.651,3.35217e+07,0.180695,0.00904836,0.118446,0.00275551,-0.927932,0.136148,-0.0685448,nan,nan,nan,nan,-0.0199654,-0.0835053,-0.0229828,nan,-0.207425,-0.000344828,-0.166442,-0.573424,nan,-1.31516,-0.542067,-0.770505,-0.702828,0.185773,0.154897,-0.985241,-0.0126207,0.129741,-1.5
2729,-109.994,341.5,-0.28909,0.0416667,0.875,0.146541,1.45177,0.715573,-0.00889165,6.31117,5.92593e-05,0.0139477,0.412495,11042.9,0.704368,0.408381,-0.4,0.25,1,645.765,3.3534e+07,0.138293,0.00664492,0.087477,0.00200887,-0.69229,0.10245,-0.0555909,nan,nan,nan,nan,-0.015877,-0.0608952,-0.0172654,nan,-0.155834,-0.000181818,-0.122177,-0.426662,nan,-0.980557,-0.436109,-0.57812,-0.532636,0.142858,0.115273,-0.738545,-0.00954545,0.0801136,-1.5
2730,-151.648,544,-0.290095,0.291667,0.875,0.142176,1.45457,0.713868,-0.0107876,6.30688,5.92593e-05,0.0151466,0.412424,11469.9,0.69842,0.372901,-0.4,0.25,1,646.839,3.35462e+07,0.212172,0.0093841,0.144332,0.00353662,-1.11062,0.1632,-0.0933857,nan,nan,nan,nan,-0.0252732,-0.101165,-0.0308907,nan,-0.248677,-0.000714286,-0.204683,-0.690306,nan,-1.39189,-0.810375,-0.917825,-0.80025,0.224942,0.212,-1.17629,-0.0160714,0.1625,-1.5
2731,-116.631,390.788,-0.305644,0.166667,1.20833,0.141784,1.46917,0.766913,-0.0103413,6.30572,5.92593e-05,0.013404,0.412435,12560,0.606514,0.371829,-0.4,0.25,1,647.819,3.35585e+07,0.145414,0.00700411,0.101734,0.00263055,-0.793784,0.117236,-0.0819364,nan,nan,nan,nan,-0.0214029,-0.0881117,-0.0253448,nan,-0.178205,-6.06061e-05,-0.140657,-0.485765,nan,-0.874209,-0.599334,-0.65434,-0.597,0.159182,0.171515,-0.831636,-0.013697,0.131061,-1.5
2732,-148.775,525.588,-0.296778,0.333333,1.08333,0.144136,1.47446,0.636752,-0.0100107,6.30602,5.92593e-05,0.0121343,0.412441,12888,0.604615,0.348832,-0.4,0.25,1,648.774,3.35708e+07,0.218599,0.00910316,0.138484,0.0027421,-1.06794,0.157676,-0.0844471,nan,nan,nan,nan,-0.0225984,-0.0965695,-0.0269108,nan,-0.240025,-0.000176471,-0.185897,-0.676379,nan,-1.52181,-0.659455,-0.88773,-0.8025,0.21487,0.181882,-1.11541,-0.0145294,0.148529,-1.5
2733,-122.593,406.226,-0.299823,0.208333,1.08333,0.144013,1.48023,0.706827,-0.0113283,6.30575,5.92593e-05,0.016576,0.412449,13214.7,0.582723,0.34715,-0.4,0.25,1,649.705,3.35831e+07,0.179121,0.00671168,0.107245,0.00252614,-0.821338,0.121868,-0.0654742,nan,nan,nan,nan,-0.0178847,-0.0724378,-0.0210001,nan,-0.185301,-0.000354839,-0.153304,-0.520806,nan,-1.15258,-0.566066,-0.684112,-0.60029,0.167214,0.137161,-0.864645,-0.0133548,0.0907258,-1.5
2734,-106.322,337.931,-0.303797,0.0833333,1.125,0.143277,1.47977,0.725353,-0.00928739,6.30597,5.92593e-05,0.00711009,0.41247,13342,0.599698,0.321302,-0.4,0.25,1,650.628,3.35954e+07,0.148533,0.006769,0.0870992,0.00221214,-0.685635,0.101379,-0.0611966,nan,nan,nan,nan,-0.0181874,-0.0715642,-0.0200023,nan,-0.154322,-0.000137931,-0.119106,-0.427933,nan,-0.82745,-0.492071,-0.570153,-0.509069,0.134082,0.128966,-0.727724,-0.0122069,0.117241,-1.5
2735,-123.577,385.105,-0.282435,0.0416667,0.75,0.144015,1.46522,0.604496,-0.0103689,6.30568,5.92593e-05,0.00760539,0.412438,14011.3,0.532541,0.344466,-0.4,0.25,1,651.506,3.36077e+07,0.160966,0.00663938,0.0945958,0.00204388,-0.786252,0.115532,-0.0468789,nan,nan,nan,nan,-0.0140797,-0.0526701,-0.0154043,nan,-0.175989,-0.000263158,-0.126529,-0.497308,nan,-1.28879,-0.492926,-0.651823,-0.593526,0.157564,0.0949474,-0.844632,-0.00968421,0.0769737,-1.5
2736,-132.613,448.065,-0.303027,0.166667,1.125,0.143887,1.48126,0.603038,-0.0100128,6.30365,5.92593e-05,0.0101812,0.412367,13773.8,0.56787,0.324261,-0.4,0.25,1,652.4,3.362e+07,0.171801,0.00760708,0.118089,0.00280782,-0.908939,0.134419,-0.0832419,nan,nan,nan,nan,-0.0214534,-0.0845746,-0.0261751,nan,-0.204423,-0.000193548,-0.158028,-0.578005,nan,-1.12537,-0.759761,-0.754517,-0.669871,0.181345,0.177032,-0.955742,-0.0149032,0.129839,-1.5
2737,-123.423,400.107,-0.302772,0.0833333,1.08333,0.14577,1.48662,0.68572,-0.00993492,6.3019,5.92593e-05,0.00908607,0.412325,13598.5,0.58115,0.322479,-0.4,0.25,1,653.305,3.36323e+07,0.156697,0.00721765,0.102913,0.00283595,-0.811184,0.120032,-0.0723214,nan,nan,nan,nan,-0.0209992,-0.0805681,-0.0238048,nan,-0.183055,-0.000142857,-0.140706,-0.516703,nan,-0.941767,-0.733266,-0.680492,-0.618107,0.160627,0.144857,-0.872571,-0.0142143,0.131696,-1.5
2738,-132.135,443.182,-0.311879,0.0833333,1.29167,0.141632,1.50234,0.768786,-0.0106721,6.30064,5.92593e-05,0.00982225,0.412281,14912.7,0.554841,0.269153,-0.4,0.25,1,654.13,3.36445e+07,0.184706,0.00851408,0.118229,0.00260356,-0.896983,0.132955,-0.0783758,nan,nan,nan,nan,-0.0210872,-0.0844852,-0.025166,nan,-0.202434,-0.000181818,-0.145078,-0.563219,nan,-1.1912,-0.570686,-0.742784,-0.673455,0.176295,0.158061,-0.942545,-0.0149697,0.139015,-1.5
2739,-139.719,465.04,-0.288537,0.125,0.916667,0.141511,1.50909,0.614753,-0.0105698,6.29905,5.92593e-05,0.0154874,0.412213,16300.3,0.51819,0.235663,-0.4,0.25,1,654.886,3.36568e+07,0.16563,0.00951247,0.123014,0.00291782,-0.944662,0.139512,-0.08032,nan,nan,nan,nan,-0.0211421,-0.0877465,-0.0255743,nan,-0.212337,0,-0.161925,-0.598027,nan,-1.28075,-0.843436,-0.788076,-0.71352,0.184538,0.1624,-1.0104,-0.016,0.128,-1.5
2740,-131.998,466.367,-0.290272,0.291667,0.958333,0.142684,1.51209,0.658028,-0.0118455,6.29694,5.92593e-05,0.0124084,0.412134,16939.3,0.488611,0.236803,-0.4,0.25,1,655.613,3.36691e+07,0.205547,0.00856504,0.123981,0.00274256,-0.945718,0.13991,-0.08209,nan,nan,nan,nan,-0.0211692,-0.0903984,-0.0262045,nan,-0.212918,-0.000166667,-0.15797,-0.587946,nan,-1.22366,-0.705026,-0.778779,-0.7337,0.189422,0.1788,-0.991333,-0.0144667,0.131667,-1.5
2741,-121.674,395.878,-0.325053,0.208333,1.5,0.147394,1.48965,0.708281,-0.0102215,6.29438,5.92593e-05,0.0194227,0.412057,16699.6,0.492155,0.243673,-0.4,0.25,1,656.35,3.36814e+07,0.154322,0.00768674,0.104243,0.00236449,-0.80316,0.118763,-0.0660049,nan,nan,nan,nan,-0.0186103,-0.075639,-0.0216309,nan,-0.180943,-0.000219512,-0.136332,-0.507315,nan,-1.09812,-0.639679,-0.668327,-0.59422,0.159334,0.145366,-0.851707,-0.0118049,0.105793,-1.5
2742,-118.143,379.407,-0.300256,0.0416667,1.08333,0.143243,1.48957,0.756726,-0.010982,6.29305,5.92593e-05,0.0182895,0.412046,16830.8,0.488572,0.241519,-0.4,0.25,1,657.081,3.36937e+07,0.146268,0.00728992,0.100414,0.00254635,-0.770408,0.113822,-0.0721111,nan,nan,nan,nan,-0.0197683,-0.0814174,-0.023629,nan,-0.173328,-0.000111111,-0.143428,-0.48234,nan,-0.881132,-0.710917,-0.641951,-0.592,0.15361,0.157185,-0.818074,-0.0143704,0.123148,-1.5
2743,-137.437,481.61,-0.327468,0.166667,1.54167,0.142197,1.48757,0.800879,-0.0094083,6.29272,5.92593e-05,0.0134766,0.412033,16433.8,0.489063,0.258664,-0.4,0.25,1,657.83,3.3706e+07,0.180288,0.00886121,0.126719,0.00334797,-0.971594,0.144483,-0.103393,nan,nan,nan,nan,-0.0271304,-0.111329,-0.0334634,nan,-0.219397,-0.000439024,-0.181625,-0.609637,nan,-1.00732,-0.732252,-0.8067,-0.74378,0.193382,0.210439,-1.0239,-0.0196098,0.170122,-1.5
2744,-119.007,383.031,-0.306695,0.125,1.20833,0.14205,1.49706,0.653023,-0.0105128,6.29166,5.92593e-05,0.0101921,0.411974,16810.2,0.491632,0.239354,-0.4,0.25,1,658.563,3.37183e+07,0.149948,0.00648607,0.0995034,0.00223786,-0.771823,0.114909,-0.0627313,nan,nan,nan,nan,-0.0173188,-0.070238,-0.0206307,nan,-0.174778,-0.00028125,-0.142019,-0.501572,nan,-1.04654,-0.54771,-0.646825,-0.569344,0.155798,0.133125,-0.82325,-0.0120625,0.119922,-1.5
2745,-133.846,450.522,-0.281229,0.125,0.833333,0.143279,1.4932,0.673588,-0.0103334,6.28991,5.92593e-05,0.0122116,0.41195,15243,0.52899,0.277148,-0.4,0.25,1,659.37,3.37306e+07,0.179636,0.00679499,0.122213,0.00290483,-0.908496,0.135157,-0.081087,nan,nan,nan,nan,-0.0201128,-0.0816017,-0.024465,nan,-0.205484,-0.00026087,-0.156531,-0.570463,nan,-1.1819,-0.74342,-0.751304,-0.663261,0.184075,0.163304,-0.967826,-0.0162609,0.0934783,-1.5
2746,-130.44,440.281,-0.30364,0.166667,1.16667,0.144255,1.52739,0.625542,-0.00992925,6.28853,5.92593e-05,0.011744,0.411856,15083.2,0.500097,0.314582,-0.4,0.25,1,660.186,3.37428e+07,0.181542,0.00733039,0.116622,0.0024123,-0.897967,0.132084,-0.0689125,nan,nan,nan,nan,-0.0186495,-0.0734506,-0.0221795,nan,-0.201538,-0.000125,-0.152144,-0.561122,nan,-1.30187,-0.485247,-0.742699,-0.661031,0.181136,0.14525,-0.939125,-0.0125,0.117188,-1.5
2747,-113.486,370.697,-0.303533,0.166667,1.20833,0.143245,1.5101,0.73127,-0.0096256,6.28525,5.92593e-05,0.0096469,0.411763,16779,0.492301,0.240042,-0.4,0.25,1,660.92,3.37551e+07,0.161771,0.0065312,0.0975866,0.0021307,-0.753026,0.111209,-0.0666909,nan,nan,nan,nan,-0.0190395,-0.074453,-0.021777,nan,-0.169001,-0.000272727,-0.135128,-0.470805,nan,-0.958689,-0.566334,-0.623613,-0.559364,0.149349,0.141939,-0.792,-0.0121212,0.109848,-1.5
2748,-129.856,436.615,-0.290151,0.125,0.958333,0.143082,1.49673,0.654662,-0.00918524,6.28207,5.92593e-05,0.0110412,0.411648,16981.5,0.486112,0.237499,-0.4,0.25,1,661.645,3.37674e+07,0.168775,0.00788823,0.119874,0.00227121,-0.882277,0.130985,-0.0683731,nan,nan,nan,nan,-0.0170755,-0.0666121,-0.0216425,nan,-0.199599,-0.000538462,-0.146577,-0.545312,nan,-1.31915,-0.54596,-0.727079,-0.635769,0.174819,0.148923,-0.929846,-0.012,0.114423,-1.5
2749,-124.279,404.241,-0.299054,0.0416667,1.16667,0.141944,1.45426,0.693933,-0.00951427,6.27859,5.92593e-05,0.0124023,0.411557,16850.9,0.487267,0.241952,-0.4,0.25,1,662.375,3.37797e+07,0.145179,0.00627307,0.105574,0.00279827,-0.8204,0.121272,-0.0669966,nan,nan,nan,nan,-0.0214104,-0.083781,-0.0219927,nan,-0.184629,-0.000103448,-0.139449,-0.528537,nan,-1.01412,-0.522802,-0.67974,-0.613138,0.160565,0.148966,-0.878069,-0.0129655,0.113793,-1.5
2750,-121.515,396.783,-0.286792,0.0833333,0.875,0.142235,1.45022,0.703961,-0.00983904,6.27639,5.92593e-05,0.0100601,0.411495,16504.4,0.500275,0.244255,-0.4,0.25,1,663.121,3.3792e+07,0.157305,0.00696365,0.105733,0.00208241,-0.799887,0.119035,-0.0653826,nan,nan,nan,nan,-0.0171865,-0.0661138,-0.0208841,nan,-0.180721,-0.000391304,-0.145489,-0.508153,nan,-1.1424,-0.48804,-0.665673,-0.572739,0.160816,0.141913,-0.848348,-0.00965217,0.088587,-1.5
2751,-143.603,506.808,-0.290794,0.166667,0.916667,0.143079,1.50553,0.597858,-0.01112,6.27394,5.92593e-05,0.0121887,0.411351,16692.7,0.493414,0.242715,-0.4,0.25,1,663.858,3.38043e+07,0.209871,0.00800888,0.134044,0.0033142,-1.03137,0.152042,-0.0968192,nan,nan,nan,nan,-0.0263744,-0.105521,-0.0319937,nan,-0.23216,-0.000384615,-0.160031,-0.65641,nan,-1.18387,-0.756502,-0.856098,-0.777231,0.203055,0.208923,-1.07785,-0.0176154,0.150962,-1.5
2752,-128.567,432.379,-0.298051,0.0833333,1.125,0.143839,1.50346,0.697419,-0.00971633,6.27017,5.92593e-05,0.00713136,0.411275,17069.2,0.483568,0.236326,-0.4,0.25,1,664.58,3.38166e+07,0.177989,0.00801397,0.113219,0.00258342,-0.875516,0.129714,-0.0791586,nan,nan,nan,nan,-0.0222046,-0.0933279,-0.0258181,nan,-0.19734,-0.000103448,-0.14741,-0.552283,nan,-1.07291,-0.603873,-0.727449,-0.676138,0.176112,0.167724,-0.918207,-0.0153793,0.1375,-1.5
2753,-116.397,383.909,-0.3104,0.0833333,1.29167,0.144315,1.46551,0.816402,-0.00982824,6.26882,5.92593e-05,0.0129571,0.411235,17152.2,0.480026,0.236384,-0.4,0.25,1,665.297,3.38289e+07,0.151235,0.00648274,0.101173,0.00259697,-0.772628,0.115173,-0.0679061,nan,nan,nan,nan,-0.0196481,-0.0832161,-0.0227747,nan,-0.175223,-0.000424242,-0.134335,-0.494486,nan,-0.928706,-0.526759,-0.647787,-0.572182,0.153247,0.154667,-0.821333,-0.0121818,0.136364,-1.5
2754,-136.374,480.476,-0.2749,0.166667,0.708333,0.13745,1.48922,0.660137,-0.00708179,6.26787,5.92593e-05,0.0106822,0.411215,17015.4,0.486347,0.235823,-0.4,0.25,1,666.021,3.38412e+07,0.194376,0.0073543,0.123355,0.00294858,-0.973443,0.144143,-0.0854333,nan,nan,nan,nan,-0.0249269,-0.112529,-0.0283088,nan,-0.219748,-0.000285714,-0.16733,-0.62493,nan,-1.15739,-0.672717,-0.813167,-0.764143,0.195708,0.187429,-1.02629,-0.0150476,0.161905,-1.5
2755,-115.526,392.625,-0.281179,0.208333,0.791667,0.145718,1.48976,0.638957,-0.0101685,6.26688,5.92593e-05,0.0185051,0.411178,16774.7,0.488919,0.243613,-0.4,0.25,1,666.755,3.38534e+07,0.16676,0.0068917,0.103045,0.00246254,-0.79405,0.117787,-0.0683625,nan,nan,nan,nan,-0.0188026,-0.0790366,-0.0218727,nan,-0.179419,-8.33333e-05,-0.12351,-0.498666,nan,-1.04028,-0.55128,-0.659348,-0.58775,0.158921,0.142,-0.843,-0.0135833,0.100521,-1.5
2756,-110.478,351.875,-0.309542,0.0416667,1.29167,0.141553,1.50717,0.65907,-0.0117271,6.26509,5.92593e-05,0.0181354,0.411094,16998.3,0.484998,0.237899,-0.4,0.25,1,667.479,3.38657e+07,0.156695,0.0075102,0.0916943,0.00239137,-0.708563,0.105562,-0.062975,nan,nan,nan,nan,-0.0188207,-0.0765599,-0.0213759,nan,-0.160537,-0.0003125,-0.121758,-0.452571,nan,-0.839594,-0.527889,-0.591232,-0.512344,0.141013,0.136,-0.760375,-0.0116875,0.105469,-1.5
2757,-140.181,481,-0.302366,0.25,1.125,0.143153,1.51025,0.706562,-0.0114492,6.26204,5.92593e-05,0.0135297,0.41102,13503.1,0.541595,0.368418,-0.4,0.25,1,668.39,3.3878e+07,0.170448,0.00868289,0.126914,0.00289681,-0.972219,0.1443,-0.0757606,nan,nan,nan,nan,-0.0221408,-0.0937987,-0.0252351,nan,-0.219472,-0.00109091,-0.17934,-0.628831,nan,-1.30944,-0.757324,-0.810622,-0.706636,0.195179,0.169455,-1.04861,-0.0146667,0.150758,-1.5
2758,-126.461,440.87,-0.28449,0.166667,0.791667,0.139548,1.50997,0.577868,-0.00943098,6.26096,5.92593e-05,0.0135825,0.411025,12528.9,0.618907,0.361869,-0.4,0.25,1,669.373,3.38903e+07,0.202931,0.00748049,0.117472,0.00301076,-0.888588,0.132261,-0.0746261,nan,nan,nan,nan,-0.0215037,-0.0902581,-0.025097,nan,-0.200822,0,-0.151266,-0.560148,nan,-1.10051,-0.640585,-0.74196,-0.668087,0.176818,0.158783,-0.942261,-0.0143478,0.153804,-1.5
2759,-140.239,484.423,-0.290551,0.208333,0.875,0.142758,1.48586,0.5675,-0.0128347,6.26084,5.92593e-05,0.0130329,0.410981,14085.8,0.552943,0.319426,-0.4,0.25,1,670.247,3.39026e+07,0.198524,0.00702651,0.128322,0.00258784,-0.990442,0.145327,-0.07035,nan,nan,nan,nan,-0.0191322,-0.077776,-0.0231956,nan,-0.221472,0,-0.161655,-0.627249,nan,-1.48928,-0.622273,-0.818914,-0.718038,0.198566,0.142615,-1.03938,-0.0133077,0.125481,-1.5
2760,-107.659,332.864,-0.285621,0.0416667,0.875,0.140923,1.52532,0.584973,-0.0111151,6.25845,5.92593e-05,0.017228,0.410898,14623.8,0.567609,0.272666,-0.4,0.25,1,671.089,3.39149e+07,0.134412,0.00712209,0.0884018,0.0020837,-0.671141,0.0998591,-0.0571091,nan,nan,nan,nan,-0.0151407,-0.0601128,-0.0181216,nan,-0.152152,-0.000363636,-0.117467,-0.430126,nan,-0.902504,-0.47442,-0.561101,-0.502364,0.134072,0.120182,-0.715818,-0.0103636,0.0863636,-1.5
2761,-131.955,457.3,-0.275317,0.125,0.708333,0.140526,1.53703,0.689372,-0.010421,6.25461,5.92593e-05,0.00846517,0.410726,12251.8,0.629499,0.373456,-0.4,0.25,1,672.093,3.39272e+07,0.174997,0.0078316,0.120403,0.00313221,-0.928935,0.13719,-0.08195,nan,nan,nan,nan,-0.0232562,-0.0926271,-0.0256461,nan,-0.20886,-0.0004,-0.167989,-0.601448,nan,-1.11161,-0.686193,-0.773495,-0.68025,0.185224,0.1754,-0.9754,-0.0143,0.1425,-1.5
2762,-136.847,468,-0.297177,0.166667,1.08333,0.142416,1.52269,0.568986,-0.00956288,6.24968,5.92593e-05,0.0107653,0.410598,12069.7,0.635658,0.382427,-0.4,0.25,1,673.113,3.39395e+07,0.197711,0.00766996,0.123493,0.00280475,-0.943091,0.1404,-0.0704,nan,nan,nan,nan,-0.0201771,-0.08433,-0.0226816,nan,-0.214116,-0.000333333,-0.151226,-0.611595,nan,-1.33158,-0.651884,-0.790693,-0.7234,0.192752,0.1528,-0.995733,-0.0124667,0.133333,-1.5
2763,-105.658,320.5,-0.293475,0.0416667,1.04167,0.143978,1.52767,0.784844,-0.00815597,6.24682,5.92593e-05,0.011322,0.410536,13904.2,0.561988,0.321775,-0.4,0.25,1,673.998,3.39517e+07,0.131631,0.00575385,0.0841046,0.00223016,-0.645281,0.09615,-0.0538423,nan,nan,nan,nan,-0.0159585,-0.0658785,-0.0177781,nan,-0.14632,-0.000576923,-0.114252,-0.420666,nan,-0.814101,-0.609352,-0.543659,-0.500654,0.1315,0.118,-0.698462,-0.011,0.107212,-1.5
2764,-127.795,426,-0.296296,0.125,1.08333,0.140114,1.4945,0.724861,-0.0104102,6.24513,5.92593e-05,0.0140275,0.410476,14832.2,0.555999,0.272466,-0.4,0.25,1,674.828,3.3964e+07,0.169776,0.00772353,0.113407,0.00299057,-0.856481,0.1278,-0.0748345,nan,nan,nan,nan,-0.0209765,-0.083768,-0.0243217,nan,-0.194454,-0.000344828,-0.149417,-0.540252,nan,-1.08334,-0.617684,-0.716669,-0.662276,0.172672,0.157931,-0.920828,-0.0144138,0.120259,-1.5
2765,-132.353,452.281,-0.305229,0.166667,1.16667,0.141983,1.4778,0.731797,-0.0106935,6.24323,5.92593e-05,0.0147143,0.410436,16475.9,0.502922,0.242896,-0.4,0.25,1,675.575,3.39763e+07,0.182561,0.00798365,0.118501,0.0031923,-0.913892,0.135684,-0.0820813,nan,nan,nan,nan,-0.0233127,-0.0957618,-0.0268476,nan,-0.206925,-0.000375,-0.150516,-0.580983,nan,-1.07368,-0.713683,-0.763503,-0.692812,0.184332,0.174375,-0.97075,-0.016375,0.132812,-1.5
2766,-112.015,349.167,-0.334985,0.0416667,1.70833,0.144372,1.487,0.983737,-0.0083856,6.24215,5.92593e-05,0.00891112,0.410412,16840.5,0.49004,0.239628,-0.4,0.25,1,676.306,3.39886e+07,0.140343,0.00535186,0.0900948,0.00196617,-0.702389,0.10475,-0.0577024,nan,nan,nan,nan,-0.0177989,-0.0711723,-0.0184333,nan,-0.159564,-0.000119048,-0.121281,-0.46067,nan,-0.945563,-0.505346,-0.588398,-0.537143,0.142948,0.125429,-0.748381,-0.0107143,0.113095,-1.5
2767,-114.007,373.238,-0.281089,0.0416667,0.833333,0.141193,1.5319,0.718904,-0.010838,6.24116,5.92593e-05,0.0105902,0.410377,16810.1,0.490839,0.240149,-0.4,0.25,1,677.038,3.40009e+07,0.141396,0.0061732,0.0952078,0.00265472,-0.752068,0.111971,-0.0659143,nan,nan,nan,nan,-0.0184285,-0.0741322,-0.0207576,nan,-0.17021,-0.000142857,-0.128091,-0.491274,nan,-0.925145,-0.456995,-0.624466,-0.571857,0.152375,0.142857,-0.797524,-0.012,0.141071,-1.5
2768,-131.927,452.857,-0.297672,0.0833333,1.08333,0.14577,1.48335,0.667027,-0.0104706,6.24008,5.92593e-05,0.0154293,0.410397,17031.4,0.486387,0.235105,-0.4,0.25,1,677.761,3.40132e+07,0.192678,0.00724763,0.120113,0.00279844,-0.911918,0.135857,-0.0755107,nan,nan,nan,nan,-0.0208407,-0.0897207,-0.0249195,nan,-0.206719,-0.000892857,-0.154891,-0.586701,nan,-1.1831,-0.581824,-0.76293,-0.688071,0.183863,0.163714,-0.969857,-0.0149286,0.138393,-1.5
2769,-127.743,453,-0.286303,0.166667,1,0.140868,1.49656,0.617717,-0.00574492,6.24116,5.92593e-05,0.00702365,0.410409,15326.5,0.497433,0.304316,-0.4,0.25,1,678.564,3.40255e+07,0.189314,0.00770546,0.12001,0.00337741,-0.911775,0.1359,-0.0922071,nan,nan,nan,nan,-0.0240106,-0.103569,-0.0291077,nan,-0.207236,-0.000321429,-0.141808,-0.586148,nan,-0.98238,-0.615696,-0.759466,-0.706929,0.185631,0.192571,-0.950714,-0.0157857,0.169196,-1.5
2770,-125.485,409.652,-0.286569,0.0833333,0.875,0.140382,1.48002,0.595368,-0.0108984,6.23989,5.92593e-05,0.018919,0.41033,12052.9,0.592824,0.426681,-0.4,0.25,1,679.585,3.40378e+07,0.160577,0.00670162,0.109074,0.00268794,-0.823509,0.122896,-0.069487,nan,nan,nan,nan,-0.0193759,-0.0812341,-0.0230547,nan,-0.187642,-0.000521739,-0.127257,-0.539946,nan,-1.05716,-0.65547,-0.691094,-0.63613,0.165256,0.144174,-0.885565,-0.0144348,0.110326,-1.5
2771,-112.293,358.531,-0.309391,0.0833333,1.25,0.143792,1.49302,0.848919,-0.00928004,6.23768,5.92593e-05,0.00640093,0.410284,13727.2,0.58308,0.312076,-0.4,0.25,1,680.482,3.405e+07,0.146453,0.00589871,0.0922985,0.0025595,-0.722245,0.107559,-0.0613219,nan,nan,nan,nan,-0.0175223,-0.0735092,-0.0200022,nan,-0.164186,-0.0004375,-0.114075,-0.461457,nan,-0.884303,-0.578785,-0.605349,-0.555281,0.146849,0.1345,-0.778125,-0.0131875,0.114844,-1.5
2772,-133.784,468.903,-0.299726,0.208333,1.08333,0.142482,1.48599,0.768071,-0.0114197,6.23637,5.92593e-05,0.0135319,0.410267,13529.8,0.564336,0.343884,-0.4,0.25,1,681.392,3.40623e+07,0.192964,0.00766724,0.123075,0.00330194,-0.946649,0.140671,-0.0870194,nan,nan,nan,nan,-0.0239725,-0.10451,-0.0278911,nan,-0.214547,-0.000354839,-0.15074,-0.602796,nan,-1.10585,-0.797629,-0.785238,-0.742839,0.19253,0.185161,-1.00671,-0.0167097,0.156855,-1.5
2773,-135.709,479.357,-0.286596,0.25,0.916667,0.143157,1.52088,0.751754,-0.0102414,6.23515,5.92593e-05,0.00795112,0.410196,15644.1,0.532296,0.253177,-0.4,0.25,1,682.179,3.40746e+07,0.182622,0.00817595,0.127325,0.00361221,-0.968996,0.143807,-0.0889393,nan,nan,nan,nan,-0.0251712,-0.108003,-0.0291973,nan,-0.218898,-0.000785714,-0.161366,-0.609855,nan,-1.11812,-0.801328,-0.804334,-0.739071,0.192578,0.195143,-1.02114,-0.0172857,0.166518,-1.5
2774,-108.081,341.815,-0.296633,0.0833333,1.04167,0.144748,1.50842,0.684793,-0.0116963,6.23243,5.92593e-05,0.00963939,0.410101,16863.6,0.490996,0.237676,-0.4,0.25,1,682.909,3.40869e+07,0.137665,0.00543198,0.0888168,0.00201259,-0.687336,0.102544,-0.0529926,nan,nan,nan,nan,-0.0154162,-0.0587365,-0.0170604,nan,-0.156462,-0.000111111,-0.110153,-0.428896,nan,-0.962968,-0.419575,-0.57461,-0.530556,0.140043,0.115407,-0.732889,-0.0105926,0.10463,-1.5
2775,-160.912,582.818,-0.278475,0.166667,0.75,0.144589,1.48146,0.724936,-0.0105666,6.2301,5.92593e-05,0.0087891,0.410044,17273.2,0.47887,0.232519,-0.4,0.25,1,683.621,3.40992e+07,0.232814,0.0108744,0.153098,0.00370678,-1.17215,0.174845,-0.10805,nan,nan,nan,nan,-0.028624,-0.122101,-0.0352341,nan,-0.266969,-0.0005,-0.172709,-0.756274,nan,-1.43062,-0.882296,-0.980372,-0.929727,0.232349,0.238182,-1.24164,-0.0182727,0.201136,-1.5
2776,-149.317,526.958,-0.288776,0.125,0.875,0.144803,1.48617,0.67589,-0.00919979,6.22804,5.92593e-05,0.0107433,0.409953,14418.1,0.515501,0.336759,-0.4,0.25,1,684.475,3.41115e+07,0.209616,0.00947159,0.135599,0.00364181,-1.06101,0.158087,-0.0915083,nan,nan,nan,nan,-0.0276261,-0.118394,-0.0307775,nan,-0.240671,-0.000166667,-0.176677,-0.684696,nan,-1.26695,-0.726362,-0.884861,-0.817375,0.211785,0.203,-1.13233,-0.0158333,0.160417,-1.5
2777,-130.835,453.586,-0.297761,0.125,1.08333,0.141399,1.49278,0.683619,-0.0086313,6.22503,5.92593e-05,0.0101575,0.40986,12542.9,0.594536,0.385139,-0.4,0.25,1,685.456,3.41238e+07,0.179615,0.00814188,0.116998,0.00310626,-0.903842,0.136076,-0.0821586,nan,nan,nan,nan,-0.0245341,-0.104681,-0.0274896,nan,-0.207112,-0.000517241,-0.149224,-0.589941,nan,-1.04256,-0.63291,-0.764229,-0.69569,0.18652,0.181379,-0.970345,-0.0162069,0.159052,-1.5
2778,-128.009,424.733,-0.297995,0.166667,1.08333,0.140261,1.48981,0.795548,-0.00965837,6.22211,5.92593e-05,0.00832112,0.409757,13494.4,0.568904,0.341697,-0.4,0.25,1,686.368,3.41361e+07,0.17308,0.00684075,0.108946,0.00247867,-0.852527,0.12742,-0.0681167,nan,nan,nan,nan,-0.0196989,-0.0826315,-0.0219677,nan,-0.193933,-0.0001,-0.146009,-0.546172,nan,-1.18527,-0.59128,-0.717592,-0.6413,0.173042,0.139467,-0.9148,-0.0126667,0.122917,-1.5
2779,-128.522,437.938,-0.305604,0.125,1.20833,0.142069,1.47372,0.758986,-0.0103423,6.21881,5.92593e-05,0.0155139,0.409667,14364.2,0.569597,0.285861,-0.4,0.25,1,687.225,3.41484e+07,0.159679,0.00746474,0.11678,0.00294766,-0.879039,0.131381,-0.0796594,nan,nan,nan,nan,-0.0241856,-0.102626,-0.0271814,nan,-0.199806,-9.375e-05,-0.164176,-0.551838,nan,-0.977477,-0.707751,-0.736087,-0.666,0.175574,0.186625,-0.947625,-0.0154375,0.143359,-1.5
2780,-158.002,543.636,-0.283854,0.0833333,0.833333,0.141767,1.48996,0.647812,-0.010455,6.21658,5.92593e-05,0.0122471,0.409621,16123.2,0.528254,0.233879,-0.4,0.25,1,687.988,3.41606e+07,0.230675,0.00925154,0.142692,0.00264012,-1.08869,0.163091,-0.0728091,nan,nan,nan,nan,-0.0208892,-0.0883124,-0.0245519,nan,-0.248126,-0.000363636,-0.176807,-0.703736,nan,-1.74024,-0.512363,-0.910478,-0.844636,0.220113,0.159636,-1.16491,-0.0148182,0.147159,-1.5
2781,-133.482,449.12,-0.287151,0.125,0.916667,0.142938,1.44133,0.655524,-0.0104617,6.21392,5.92593e-05,0.00981722,0.409502,15039.6,0.493154,0.323889,-0.4,0.25,1,688.806,3.41729e+07,0.180429,0.00753487,0.1185,0.00248321,-0.900827,0.134736,-0.065828,nan,nan,nan,nan,-0.0184601,-0.0784724,-0.0219575,nan,-0.205359,-0.00028,-0.135884,-0.567004,nan,-1.33563,-0.628098,-0.753021,-0.71628,0.18095,0.14352,-0.96448,-0.01392,0.1325,-1.5
2782,-144.699,502.296,-0.290539,0.166667,0.958333,0.142511,1.46899,0.674194,-0.0102558,6.20965,5.92593e-05,0.0105393,0.409381,13265.9,0.590483,0.335801,-0.4,0.25,1,689.734,3.41852e+07,0.196753,0.00906762,0.132934,0.00308623,-1.01225,0.150689,-0.0785815,nan,nan,nan,nan,-0.0215951,-0.087555,-0.0250427,nan,-0.229384,-0.000925926,-0.183462,-0.644191,nan,-1.39862,-0.679728,-0.843879,-0.731333,0.209983,0.170074,-1.092,-0.0142222,0.1375,-1.5
2783,-107.773,336.361,-0.316016,0.125,1.375,0.145913,1.47723,0.754457,-0.0083468,6.20756,5.92593e-05,0.0115079,0.409367,12784.3,0.608902,0.352274,-0.4,0.25,1,690.697,3.41975e+07,0.138824,0.00564542,0.0875023,0.00214691,-0.67675,0.100908,-0.0542333,nan,nan,nan,nan,-0.016741,-0.0635925,-0.0175183,nan,-0.153805,-0.000361111,-0.121445,-0.430105,nan,-0.932534,-0.45517,-0.566884,-0.507,0.140196,0.108778,-0.728,-0.0107222,0.0993056,-1.5
2784,-118.239,378.065,-0.337872,0.125,1.79167,0.14255,1.48555,0.785414,-0.00953688,6.20742,5.92593e-05,0.0123029,0.409377,13660.9,0.576377,0.323124,-0.4,0.25,1,691.598,3.42098e+07,0.142175,0.00641568,0.0989962,0.0021994,-0.761488,0.11342,-0.0571196,nan,nan,nan,nan,-0.0166252,-0.0650346,-0.0187926,nan,-0.172406,-0.000347826,-0.13122,-0.492793,nan,-1.09303,-0.452328,-0.635021,-0.561913,0.154602,0.12087,-0.80913,-0.0121304,0.0915761,-1.5
2785,-128.111,458,-0.262407,0.208333,0.541667,0.140823,1.4639,0.669179,-0.00902427,6.2077,5.92593e-05,0.0111182,0.409387,15855.5,0.526095,0.248904,-0.4,0.25,1,692.375,3.42221e+07,0.170866,0.00686625,0.11837,0.0035675,-0.913012,0.1374,-0.0812222,nan,nan,nan,nan,-0.0261089,-0.111526,-0.028122,nan,-0.209747,-0.000444444,-0.157619,-0.590646,nan,-1.03121,-0.737986,-0.774776,-0.703167,0.180986,0.186,-0.977778,-0.0148889,0.190972,-1.5
2786,-120.605,398.588,-0.306325,0.166667,1.25,0.144685,1.46928,0.692567,-0.0104482,6.2066,5.92593e-05,0.00921335,0.409308,16285.1,0.501207,0.253348,-0.4,0.25,1,693.13,3.42344e+07,0.162643,0.00825815,0.104723,0.00239062,-0.798189,0.119576,-0.0700265,nan,nan,nan,nan,-0.0193981,-0.08162,-0.022843,nan,-0.181817,-0.000147059,-0.142599,-0.514284,nan,-1.05263,-0.588484,-0.668837,-0.595853,0.161622,0.146,-0.851412,-0.0125294,0.102206,-1.5
2787,-130.889,451.361,-0.307733,0.208333,1.29167,0.140982,1.47954,0.710135,-0.0110024,6.20332,5.92593e-05,0.0167247,0.409238,13290.6,0.584163,0.3404,-0.4,0.25,1,694.056,3.42467e+07,0.171023,0.00808543,0.118931,0.00303228,-0.908136,0.135408,-0.0838639,nan,nan,nan,nan,-0.0237511,-0.104117,-0.0274941,nan,-0.206127,-2.77778e-05,-0.140319,-0.57395,nan,-1.07478,-0.650102,-0.758933,-0.709083,0.178158,0.183,-0.975556,-0.0159444,0.165625,-1.5
2788,-116.265,396.03,-0.297469,0.208333,1.16667,0.136255,1.47431,0.695805,-0.00825255,6.2018,5.92593e-05,0.00795625,0.409205,12864.6,0.590842,0.364334,-0.4,0.25,1,695.013,3.42589e+07,0.156578,0.00711569,0.103823,0.00249371,-0.793968,0.118809,-0.069497,nan,nan,nan,nan,-0.0191786,-0.0814393,-0.0223219,nan,-0.180644,-0.00030303,-0.124899,-0.503191,nan,-1.0129,-0.48681,-0.658057,-0.600636,0.157211,0.150182,-0.843879,-0.0132121,0.129924,-1.5
2789,-136.42,480.788,-0.2891,0.333333,1.04167,0.135412,1.4841,0.811981,-0.0110212,6.20064,5.92593e-05,0.014841,0.409189,13496.5,0.561279,0.349181,-0.4,0.25,1,695.925,3.42712e+07,0.18567,0.00823926,0.129647,0.00281582,-0.965856,0.144236,-0.0812242,nan,nan,nan,nan,-0.0229086,-0.0954038,-0.0270795,nan,-0.219397,-0.000151515,-0.176733,-0.605448,nan,-1.26293,-0.726695,-0.801031,-0.712636,0.194207,0.181576,-1.03248,-0.0156364,0.126515,-1.5
2790,-98.7437,300.72,-0.288711,0.0416667,1,0.136287,1.45781,0.763753,-0.0104246,6.20132,5.92593e-05,0.0152456,0.409293,14739.1,0.568961,0.264739,-0.4,0.25,1,696.76,3.42835e+07,0.123341,0.00585226,0.0767978,0.00204557,-0.602175,0.090216,-0.052232,nan,nan,nan,nan,-0.0158658,-0.059598,-0.0170982,nan,-0.137742,0,-0.0963452,-0.378177,nan,-0.76635,-0.409458,-0.503651,-0.47004,0.121838,0.11248,-0.64336,-0.00992,0.0995,-1.5
2791,-154.574,553,-0.280945,0.166667,0.833333,0.138679,1.46054,0.646596,-0.00961791,6.20401,5.92593e-05,0.0143845,0.409362,16292.3,0.505442,0.248778,-0.4,0.25,1,697.516,3.42958e+07,0.222982,0.00919879,0.145041,0.00323504,-1.10554,0.1659,-0.0880958,nan,nan,nan,nan,-0.0256795,-0.116157,-0.0289775,nan,-0.251935,-0.000208333,-0.187354,-0.710614,nan,-1.50452,-0.68266,-0.925247,-0.876,0.228779,0.190333,-1.18317,-0.01575,0.172396,-1.5
2792,-124.468,416.1,-0.275591,0.0833333,0.75,0.141536,1.48448,0.624788,-0.0102127,6.20404,5.92593e-05,0.0158564,0.409303,16488.5,0.497678,0.247569,-0.4,0.25,1,698.263,3.43081e+07,0.170286,0.00705475,0.106675,0.00273644,-0.843158,0.12483,-0.069705,nan,nan,nan,nan,-0.0217957,-0.0893249,-0.0238736,nan,-0.190087,-0.00015,-0.152865,-0.544464,nan,-1.03221,-0.588988,-0.701358,-0.64485,0.167437,0.1624,-0.903,-0.0129,0.145,-1.5
2793,-117.379,388.576,-0.303746,0.166667,1.20833,0.139229,1.47049,0.739772,-0.0119723,6.2014,5.92593e-05,0.0172866,0.409216,13463.4,0.570502,0.342193,-0.4,0.25,1,699.177,3.43204e+07,0.14408,0.00617379,0.104527,0.00224144,-0.781561,0.116573,-0.0562,nan,nan,nan,nan,-0.0171342,-0.0653196,-0.0188926,nan,-0.17721,-3.0303e-05,-0.142806,-0.494262,nan,-1.11281,-0.400434,-0.651217,-0.581455,0.163239,0.12303,-0.842545,-0.0108485,0.105682,-1.5
2794,-139.947,516.72,-0.277469,0.25,0.791667,0.139639,1.48025,0.670084,-0.00976705,6.20056,5.92593e-05,0.00511855,0.409276,13347.2,0.602209,0.318431,-0.4,0.25,1,700.099,3.43327e+07,0.210885,0.00913345,0.136209,0.00384421,-1.03187,0.155016,-0.10398,nan,nan,nan,nan,-0.029684,-0.130447,-0.0350872,nan,-0.236672,-0.0008,-0.161807,-0.658902,nan,-1.05322,-0.860759,-0.867744,-0.82992,0.205059,0.22848,-1.09984,-0.01904,0.2105,-1.5
2795,-136.125,475.414,-0.294269,0.166667,1.04167,0.141999,1.47276,0.826651,-0.00998949,6.2016,5.92593e-05,0.0197862,0.409272,13834.3,0.565331,0.322899,-0.4,0.25,1,700.989,3.4345e+07,0.185663,0.00763232,0.122766,0.0030796,-0.961254,0.142624,-0.0834448,nan,nan,nan,nan,-0.024762,-0.106921,-0.0280375,nan,-0.217118,-0.000206897,-0.168562,-0.614335,nan,-1.17755,-0.585671,-0.799386,-0.714103,0.193631,0.179034,-1.02028,-0.0174483,0.151293,-1.5
2796,-98.0169,297.135,-0.316754,0.0833333,1.45833,0.139381,1.48468,0.976859,-0.00837427,6.20047,5.92593e-05,0.0137833,0.409242,15050.4,0.557368,0.259091,-0.4,0.25,1,701.806,3.43572e+07,0.120302,0.00575812,0.0780347,0.0017939,-0.597793,0.0891405,-0.0471892,nan,nan,nan,nan,-0.0143582,-0.0529734,-0.0149968,nan,-0.135395,-0.000405405,-0.111133,-0.388038,nan,-0.843766,-0.359813,-0.498256,-0.431919,0.120122,0.095027,-0.639351,-0.00864865,0.0935811,-1.5
2797,-144.136,526.444,-0.282193,0.25,0.875,0.140379,1.48983,0.596818,-0.00949432,6.19879,5.92593e-05,0.0150964,0.409151,16485.2,0.511735,0.233661,-0.4,0.25,1,702.553,3.43695e+07,0.220705,0.00987037,0.141043,0.00321257,-1.05264,0.157933,-0.093263,nan,nan,nan,nan,-0.0266212,-0.114448,-0.0307514,nan,-0.239903,-0.000259259,-0.181068,-0.673154,nan,-1.29807,-0.61685,-0.881118,-0.814667,0.215334,0.199407,-1.13407,-0.0196296,0.188889,-1.5
2798,-132.099,460.875,-0.288194,0.0833333,0.916667,0.140528,1.48239,0.8555,-0.0097573,6.19516,5.92593e-05,0.0153725,0.409031,15521.2,0.486695,0.304997,-0.4,0.25,1,703.346,3.43818e+07,0.214657,0.00832777,0.120042,0.00305392,-0.923366,0.138262,-0.0882708,nan,nan,nan,nan,-0.0248635,-0.105261,-0.0279848,nan,-0.210181,-0.000291667,-0.154263,-0.587688,nan,-1.08792,-0.614648,-0.768775,-0.707375,0.185903,0.1845,-0.9765,-0.01425,0.155729,-1.5
2799,-136.065,462.357,-0.291048,0.166667,1,0.140396,1.46585,0.574567,-0.0115877,6.19175,5.92593e-05,0.0135786,0.408944,13078.4,0.596909,0.342653,-0.4,0.25,1,704.287,3.43941e+07,0.17947,0.008825,0.122404,0.00241529,-0.928091,0.138707,-0.0732143,nan,nan,nan,nan,-0.0189588,-0.0821322,-0.0233239,nan,-0.210863,-0.000214286,-0.147013,-0.588768,nan,-1.34879,-0.732681,-0.766062,-0.713143,0.188112,0.162143,-0.979571,-0.0127143,0.122768,-1.5
2800,-126.414,418.533,-0.298292,0.0833333,1.16667,0.140007,1.47575,0.772179,-0.0106856,6.18991,5.92593e-05,0.0149355,0.408933,13588.8,0.578591,0.325686,-0.4,0.25,1,705.193,3.44064e+07,0.175847,0.00725263,0.109274,0.00237839,-0.8382,0.12556,-0.0659767,nan,nan,nan,nan,-0.0208018,-0.0838788,-0.0215791,nan,-0.190807,-0.0003,-0.157964,-0.534609,nan,-1.15766,-0.481493,-0.705791,-0.6304,0.169617,0.137867,-0.9084,-0.0138,0.115,-1.5
2801,-108.969,351.96,-0.289924,0.0416667,1,0.140844,1.51312,0.888647,-0.0104609,6.19019,5.92593e-05,0.013177,0.408966,16789.9,0.483849,0.248021,-0.4,0.25,1,707.728,3.44187e+07,0.146257,0.00571528,0.0921062,0.00249887,-0.704991,0.105588,-0.063736,nan,nan,nan,nan,-0.0185636,-0.0798136,-0.020646,nan,-0.160276,-0.00036,-0.112265,-0.442039,nan,-0.860667,-0.432767,-0.587512,-0.53892,0.140297,0.12672,-0.7568,-0.0112,0.111,-1.5
2802,-135.855,464.289,-0.318602,0.0833333,1.5,0.142926,1.47675,0.839327,-0.0105175,6.19096,5.92593e-05,0.0120999,0.408972,16979,0.487765,0.235954,-0.4,0.25,1,708.453,3.4431e+07,0.184398,0.00886404,0.123389,0.00315432,-0.929964,0.139287,-0.0836342,nan,nan,nan,nan,-0.024533,-0.103741,-0.0277805,nan,-0.211863,-0.000526316,-0.162156,-0.591573,nan,-1.08163,-0.700448,-0.775057,-0.716368,0.187645,0.179158,-0.997895,-0.0164737,0.152303,-1.5
2803,-128.379,446,-0.278157,0.125,0.75,0.140173,1.47405,0.787281,-0.010465,6.19078,5.92593e-05,0.00582096,0.408993,14150.8,0.518008,0.35035,-0.4,0.25,1,709.323,3.44433e+07,0.187525,0.00900283,0.118529,0.0024501,-0.889061,0.1338,-0.0738286,nan,nan,nan,nan,-0.0218257,-0.089747,-0.0245345,nan,-0.203755,-0.000142857,-0.15269,-0.567467,nan,-1.18017,-0.508174,-0.744982,-0.691143,0.179499,0.156762,-0.951429,-0.0146667,0.120238,-1.5
2804,-127.976,422.844,-0.30441,0.125,1.20833,0.14142,1.50559,0.798757,-0.00806126,6.19124,5.92593e-05,0.00992823,0.409,12707.7,0.587455,0.379517,-0.4,0.25,1,710.292,3.44556e+07,0.161045,0.00856353,0.11033,0.0023617,-0.849793,0.126853,-0.0733031,nan,nan,nan,nan,-0.0221388,-0.0962367,-0.0245107,nan,-0.193798,-0.000375,-0.140217,-0.542509,nan,-1.09735,-0.587186,-0.706609,-0.66675,0.16995,0.1585,-0.9,-0.0156875,0.121094,-1.5
2805,-124.208,432.273,-0.299152,0.208333,1.16667,0.138975,1.49194,0.756136,-0.0106281,6.19112,5.92593e-05,0.0154327,0.409001,13947.4,0.561382,0.319642,-0.4,0.25,1,711.175,3.44678e+07,0.183074,0.00754334,0.115235,0.00265285,-0.861493,0.129682,-0.0775879,nan,nan,nan,nan,-0.0225051,-0.096707,-0.0262166,nan,-0.19686,-0.000484848,-0.151694,-0.54726,nan,-1.05591,-0.633203,-0.717539,-0.667909,0.175686,0.165333,-0.918909,-0.0133939,0.155682,-1.5
2806,-128.873,437,-0.325889,0.125,1.58333,0.138405,1.45163,0.873907,-0.0100393,6.19074,5.92593e-05,0.0135232,0.408963,13368.4,0.625809,0.293373,-0.4,0.25,1,712.095,3.44801e+07,0.174448,0.00741217,0.11462,0.00271505,-0.868206,0.1311,-0.0766439,nan,nan,nan,nan,-0.0225321,-0.0974958,-0.0255029,nan,-0.199025,-0.000292683,-0.146592,-0.559601,nan,-1.11311,-0.546672,-0.729753,-0.686268,0.174054,0.165171,-0.928195,-0.0157073,0.139329,-1.5
2807,-93.2822,286.36,-0.28952,0.0833333,0.958333,0.137997,1.48885,0.820699,-0.00909743,6.18915,5.92593e-05,0.00927413,0.408919,13328.7,0.585328,0.336594,-0.4,0.25,1,713.018,3.44924e+07,0.117445,0.00570039,0.0736637,0.00206498,-0.572959,0.085908,-0.045912,nan,nan,nan,nan,-0.0165107,-0.0657779,-0.0168923,nan,-0.130721,-0.00052,-0.0939555,-0.376325,nan,-0.681007,-0.407774,-0.482138,-0.42756,0.113057,0.11168,-0.63008,-0.00824,0.0975,-1.5
2808,-126.756,421.576,-0.306348,0.0833333,1.29167,0.135767,1.47789,0.699984,-0.00990792,6.18757,5.92593e-05,0.0104981,0.40886,13316.8,0.575751,0.34699,-0.4,0.25,1,713.942,3.45047e+07,0.167378,0.00743822,0.110729,0.00267575,-0.847932,0.126473,-0.0686333,nan,nan,nan,nan,-0.0207452,-0.0835651,-0.023175,nan,-0.192,-0.000151515,-0.1532,-0.539745,nan,-1.11041,-0.601128,-0.706159,-0.618636,0.171942,0.151394,-0.911879,-0.0115152,0.131061,-1.5
2809,-114.213,365.625,-0.309021,0.0416667,1.29167,0.140867,1.46447,0.634677,-0.00912185,6.18596,5.92593e-05,0.00920547,0.408834,12590.6,0.582484,0.393484,-0.4,0.25,1,714.92,3.4517e+07,0.154508,0.00678251,0.0984345,0.0023496,-0.733675,0.109687,-0.05715,nan,nan,nan,nan,-0.0175091,-0.0712061,-0.0198253,nan,-0.167099,-6.25e-05,-0.121713,-0.461242,nan,-0.957981,-0.519645,-0.612776,-0.557156,0.143583,0.128625,-0.7875,-0.01125,0.096875,-1.5
2810,-122.723,428.967,-0.293688,0.25,1,0.144971,1.48797,0.781579,-0.0112398,6.18517,5.92593e-05,0.0161974,0.408793,14103.1,0.594379,0.276917,-0.4,0.25,1,715.793,3.45293e+07,0.194544,0.00736923,0.116012,0.00277151,-0.862127,0.12869,-0.0722933,nan,nan,nan,nan,-0.0206764,-0.0850111,-0.0237181,nan,-0.195352,-0.000133333,-0.159149,-0.556295,nan,-1.10569,-0.543934,-0.71426,-0.623,0.173164,0.154933,-0.910133,-0.0154,0.119167,-1.5
2811,-118.611,383.548,-0.310304,0,1.29167,0.13862,1.47858,0.883907,-0.00986892,6.18381,5.92593e-05,0.0165883,0.408739,13904.8,0.563169,0.320556,-0.4,0.25,1,716.678,3.45416e+07,0.178158,0.00575274,0.101505,0.00210301,-0.773179,0.115065,-0.0607,nan,nan,nan,nan,-0.0182432,-0.0744724,-0.020103,nan,-0.175314,-3.22581e-05,-0.132262,-0.492782,nan,-1.07381,-0.385759,-0.64488,-0.586065,0.15741,0.133548,-0.830839,-0.0122581,0.106855,-1.5
2812,-134.968,477.182,-0.279321,0.166667,0.75,0.137121,1.50314,0.641952,-0.00751982,6.18202,5.92593e-05,0.0108362,0.408688,12823.1,0.588195,0.370075,-0.4,0.25,1,717.638,3.45539e+07,0.194948,0.00771346,0.125442,0.00335042,-0.954277,0.143155,-0.0865545,nan,nan,nan,nan,-0.0243618,-0.102492,-0.0278773,nan,-0.217419,-0.000681818,-0.175384,-0.617238,nan,-1.14868,-0.750327,-0.796816,-0.719864,0.194715,0.183455,-1.03618,-0.0186364,0.166477,-1.5
2813,-133.959,464.654,-0.289215,0.125,0.958333,0.139653,1.46033,0.6324,-0.0114556,6.18089,5.92593e-05,0.0116127,0.408676,13163.4,0.603388,0.330107,-0.4,0.25,1,718.574,3.45661e+07,0.199327,0.00760096,0.124552,0.00286357,-0.926023,0.139396,-0.0821808,nan,nan,nan,nan,-0.0239305,-0.100363,-0.027164,nan,-0.212124,0,-0.146086,-0.594204,nan,-1.13752,-0.749954,-0.777437,-0.729115,0.185879,0.181846,-0.993538,-0.0181538,0.161058,-1.5
2814,-111.487,349.682,-0.284949,0.0833333,0.833333,0.138785,1.46343,0.707676,-0.0103816,6.18027,5.92593e-05,0.0108578,0.408665,14346.1,0.583805,0.272734,-0.4,0.25,1,719.432,3.45784e+07,0.151471,0.0061769,0.0923323,0.0018565,-0.699552,0.104905,-0.0429364,nan,nan,nan,nan,-0.0148036,-0.0560386,-0.0155305,nan,-0.159627,-0.000272727,-0.125537,-0.440933,nan,-1.081,-0.541266,-0.583734,-0.4935,0.146361,0.101455,-0.761091,-0.00727273,0.0602273,-1.5
2815,-129.015,448.219,-0.30225,0.166667,1.16667,0.139621,1.4636,0.86639,-0.00852951,6.17925,5.92593e-05,0.0120184,0.408609,11567.5,0.608114,0.454175,-0.4,0.25,1,720.498,3.45907e+07,0.189948,0.00649457,0.118521,0.0030158,-0.888215,0.134466,-0.0833313,nan,nan,nan,nan,-0.0233622,-0.0931689,-0.0257699,nan,-0.204146,-3.125e-05,-0.157488,-0.562972,nan,-1.07718,-0.677772,-0.743751,-0.671437,0.185088,0.169375,-0.963,-0.0134375,0.133984,-1.5
2816,-124.837,418.158,-0.317126,0.166667,1.41667,0.136892,1.48542,0.611325,-0.0113043,6.17631,5.92593e-05,0.0111825,0.408484,13294.7,0.600019,0.324262,-0.4,0.25,1,721.424,3.4603e+07,0.171683,0.00704991,0.11053,0.0024667,-0.827353,0.125447,-0.0690026,nan,nan,nan,nan,-0.0199124,-0.082452,-0.0229268,nan,-0.190033,-0.000184211,-0.152998,-0.530464,nan,-1.12716,-0.595717,-0.692484,-0.615395,0.171502,0.151263,-0.900105,-0.0129474,0.121053,-1.5
2817,-122.135,406.25,-0.29493,0.125,1.04167,0.140973,1.44582,0.986775,-0.00761905,6.17285,5.92593e-05,0.0101751,0.408393,14101.8,0.558653,0.312725,-0.4,0.25,1,722.297,3.46153e+07,0.169002,0.00685848,0.106959,0.0027693,-0.80924,0.121875,-0.0695929,nan,nan,nan,nan,-0.0209635,-0.0874912,-0.0227251,nan,-0.185068,-3.57143e-05,-0.142945,-0.518773,nan,-1.02111,-0.606103,-0.679215,-0.598929,0.1634,0.150429,-0.883429,-0.0132143,0.126786,-1.5
2818,-138.677,484.517,-0.289031,0.25,0.958333,0.138008,1.46493,0.721326,-0.00991901,6.17027,5.92593e-05,0.0124179,0.408321,15541.3,0.558445,0.232223,-0.4,0.25,1,723.089,3.46276e+07,0.199308,0.00740814,0.128142,0.00286112,-0.975023,0.145355,-0.0798276,nan,nan,nan,nan,-0.0238137,-0.10505,-0.0270592,nan,-0.221171,-0.000310345,-0.164755,-0.617897,nan,-1.28964,-0.698813,-0.80857,-0.749483,0.19728,0.17269,-1.04441,-0.0162759,0.152586,-1.5
2819,-132.968,442.893,-0.298057,0.0833333,1.08333,0.140827,1.48393,0.727797,-0.00921457,6.16846,5.92593e-05,0.00583192,0.408287,13572.5,0.540271,0.365091,-0.4,0.25,1,723.996,3.46399e+07,0.195019,0.00697526,0.117468,0.00226956,-0.881847,0.132868,-0.074925,nan,nan,nan,nan,-0.0208413,-0.0928758,-0.0248939,nan,-0.201775,-0.000107143,-0.163904,-0.570576,nan,-1.25112,-0.681961,-0.740687,-0.670821,0.181585,0.161714,-0.950143,-0.0130714,0.115625,-1.5
2820,-111.97,378.323,-0.296043,0.208333,1.08333,0.138318,1.44234,0.711756,-0.0101139,6.16693,5.92593e-05,0.0101821,0.408214,13044.6,0.577824,0.364172,-0.4,0.25,1,724.94,3.46522e+07,0.16159,0.00614378,0.0999888,0.00256381,-0.754992,0.113497,-0.0662161,nan,nan,nan,nan,-0.0191281,-0.077739,-0.0214233,nan,-0.172812,-3.22581e-05,-0.128189,-0.475808,nan,-0.944906,-0.564483,-0.630675,-0.549871,0.152477,0.141032,-0.816516,-0.0134839,0.109274,-1.5
2821,-129.582,448.852,-0.294931,0.0833333,1.04167,0.13833,1.4763,0.866071,-0.00841878,6.16441,5.92593e-05,0.00908598,0.408147,13906,0.560227,0.323419,-0.4,0.25,1,725.825,3.46644e+07,0.186445,0.00781827,0.11699,0.00310576,-0.895064,0.134656,-0.0843259,nan,nan,nan,nan,-0.0256189,-0.109157,-0.0275446,nan,-0.204398,-0.000740741,-0.169565,-0.582437,nan,-1.02046,-0.572257,-0.751985,-0.684556,0.184634,0.180593,-0.973481,-0.0160741,0.170833,-1.5
2822,-135.244,460.571,-0.29552,0.0833333,1.08333,0.14126,1.48235,0.774576,-0.0102902,6.16321,5.92593e-05,0.0145879,0.408148,14331.5,0.576308,0.281105,-0.4,0.25,1,726.684,3.46767e+07,0.171381,0.00781704,0.122228,0.0028324,-0.914835,0.138171,-0.0839036,nan,nan,nan,nan,-0.0232354,-0.0968228,-0.0278665,nan,-0.20964,-0.000285714,-0.162143,-0.577845,nan,-1.14211,-0.740295,-0.767172,-0.683143,0.189004,0.181,-0.983714,-0.0147143,0.140179,-1.5
2823,-99.9514,302.471,-0.312808,0.0416667,1.375,0.141109,1.50758,0.761939,-0.00919084,6.16331,5.92593e-05,0.00981439,0.408176,16992.1,0.489009,0.234151,-0.4,0.25,1,727.408,3.4689e+07,0.127997,0.00552442,0.078898,0.00164743,-0.603756,0.0907412,-0.0496735,nan,nan,nan,nan,-0.0159383,-0.0622788,-0.0163748,nan,-0.1377,-0.000117647,-0.116867,-0.38997,nan,-0.802052,-0.465365,-0.503849,-0.427235,0.126,0.112471,-0.652471,-0.008,0.0845588,-1.5
2824,-116.822,385.703,-0.312723,0.166667,1.375,0.141792,1.46022,0.879038,-0.00897359,6.16388,5.92593e-05,0.0137912,0.408207,16349.9,0.501382,0.250182,-0.4,0.25,1,728.161,3.47013e+07,0.158212,0.0064423,0.103341,0.0022181,-0.771239,0.115711,-0.0664351,nan,nan,nan,nan,-0.0192333,-0.0807256,-0.0218982,nan,-0.17564,-0.000189189,-0.143972,-0.485195,nan,-1.00733,-0.569665,-0.642118,-0.56027,0.159258,0.148757,-0.840649,-0.0131351,0.108108,-1.5
2825,-117.353,393.152,-0.307482,0.125,1.25,0.137953,1.47552,0.778346,-0.00981924,6.16449,5.92593e-05,0.0111391,0.408241,16758.8,0.495871,0.237356,-0.4,0.25,1,728.896,3.47136e+07,0.156668,0.00688339,0.103907,0.00275075,-0.782407,0.117945,-0.068997,nan,nan,nan,nan,-0.0200376,-0.0805115,-0.0222219,nan,-0.178825,-0.000424242,-0.133094,-0.495584,nan,-0.964468,-0.518121,-0.656488,-0.566727,0.161433,0.14703,-0.852485,-0.0143636,0.122727,-1.5
2826,-128.686,437.057,-0.305952,0.208333,1.25,0.138035,1.50287,0.874177,-0.00929065,6.16511,5.92593e-05,0.0118218,0.408264,16318.2,0.497684,0.255342,-0.4,0.25,1,729.65,3.47259e+07,0.193761,0.00857117,0.115684,0.00256358,-0.863356,0.131117,-0.0710914,nan,nan,nan,nan,-0.0215831,-0.0902685,-0.0233803,nan,-0.198544,-0.000171429,-0.16959,-0.555092,nan,-1.1818,-0.680392,-0.726954,-0.6384,0.176699,0.155314,-0.937829,-0.0149714,0.143929,-1.5
2827,-83.6082,226.219,-0.312889,0,1.33333,0.140032,1.50338,0.702985,-0.00901051,6.16485,5.92593e-05,0.0116489,0.408226,15461.3,0.556462,0.238298,-0.4,0.25,1,730.446,3.47382e+07,0.10026,0.00458735,0.0577873,0.00152351,-0.449127,0.0678656,-0.0388156,nan,nan,nan,nan,-0.01271,-0.045098,-0.0123121,nan,-0.103049,-3.125e-05,-0.0834764,-0.285955,nan,-0.579106,-0.349868,-0.376984,-0.346406,0.0922493,0.0775,-0.49225,-0.0089375,0.0691406,-1.5
2828,-116.503,395.679,-0.291786,0.166667,1,0.140733,1.46488,0.716376,-0.00927772,6.16247,5.92593e-05,0.0163108,0.408136,16492,0.498104,0.246986,-0.4,0.25,1,731.192,3.47505e+07,0.173625,0.0069742,0.106982,0.00228181,-0.789188,0.118704,-0.066675,nan,nan,nan,nan,-0.0180878,-0.0748779,-0.0212914,nan,-0.179523,-0.000214286,-0.145333,-0.505738,nan,-1.07139,-0.494096,-0.649854,-0.560571,0.162952,0.138714,-0.851,-0.0125,0.120089,-1.5
2829,-123.468,430,-0.29066,0.333333,1,0.13783,1.48531,0.61446,-0.0101009,6.15994,5.92593e-05,0.0152354,0.408084,15785.8,0.50056,0.27786,-0.4,0.25,1,731.972,3.47628e+07,0.18711,0.00761864,0.113548,0.00245905,-0.860276,0.129,-0.0735063,nan,nan,nan,nan,-0.0212761,-0.091532,-0.0238361,nan,-0.195861,-0.000125,-0.140943,-0.546643,nan,-1.15081,-0.60652,-0.714097,-0.654937,0.175004,0.1595,-0.918875,-0.01425,0.133984,-1.5
2830,-113.517,368.484,-0.299533,0.125,1.16667,0.139458,1.47597,0.907037,-0.0102266,6.15803,5.92593e-05,0.0101895,0.408011,16146.2,0.515592,0.245456,-0.4,0.25,1,732.734,3.4775e+07,0.153083,0.00654954,0.0960521,0.00210261,-0.732476,0.110545,-0.0575484,nan,nan,nan,nan,-0.0178278,-0.0772041,-0.0196152,nan,-0.168258,-3.22581e-05,-0.114758,-0.471704,nan,-1.04091,-0.417363,-0.614775,-0.578516,0.149453,0.125419,-0.786968,-0.010129,0.116935,-1.5
2831,-131.826,463.958,-0.3355,0.291667,1.70833,0.140184,1.44198,0.702848,-0.00976842,6.15637,5.92593e-05,0.0101835,0.408003,15307.8,0.535731,0.266998,-0.4,0.25,1,733.538,3.47873e+07,0.194034,0.00895685,0.123482,0.00330642,-0.928597,0.139187,-0.0886625,nan,nan,nan,nan,-0.0255986,-0.10939,-0.0295586,nan,-0.21125,-0.000270833,-0.159005,-0.590593,nan,-1.03577,-0.637694,-0.77709,-0.713437,0.187399,0.198083,-0.99875,-0.016625,0.144531,-1.5
2832,-119.128,387.786,-0.295329,0.0833333,1.08333,0.140126,1.47646,0.655681,-0.0110598,6.15537,5.92593e-05,0.00840658,0.407935,15897.9,0.514212,0.258722,-0.4,0.25,1,734.313,3.47996e+07,0.159746,0.00637472,0.101956,0.0021127,-0.775333,0.116336,-0.0600607,nan,nan,nan,nan,-0.0190363,-0.0799711,-0.0207929,nan,-0.176865,-0.000107143,-0.142637,-0.494442,nan,-1.09126,-0.502657,-0.653561,-0.574929,0.157699,0.129,-0.832,-0.0131429,0.110268,-1.5
2833,-106.186,334.208,-0.286646,0.0416667,0.958333,0.142343,1.49119,0.679967,-0.00786572,6.15275,5.92593e-05,0.0137723,0.407855,16158.1,0.514906,0.245581,-0.4,0.25,1,735.075,3.48119e+07,0.141858,0.00693813,0.0886216,0.00209024,-0.666695,0.100262,-0.05575,nan,nan,nan,nan,-0.0179146,-0.0743134,-0.0188146,nan,-0.152801,-0.00125,-0.109182,-0.420592,nan,-0.853723,-0.480909,-0.559231,-0.503375,0.131263,0.115167,-0.719333,-0.0120833,0.107812,-1.5
2834,-165.357,608.158,-0.271298,0.166667,0.625,0.141437,1.50623,0.761782,-0.0112734,6.15093,5.92593e-05,0.0104963,0.407878,16651.8,0.496397,0.241542,-0.4,0.25,1,735.814,3.48242e+07,0.264952,0.0122122,0.160581,0.00309893,-1.20844,0.182447,-0.0958211,nan,nan,nan,nan,-0.0268295,-0.108086,-0.0315314,nan,-0.27646,-0.000789474,-0.221207,-0.776404,nan,-1.7169,-0.639316,-1.00729,-0.901263,0.251559,0.201684,-1.308,-0.0174737,0.175658,-1.5
2835,-118.337,383.289,-0.319091,0.0833333,1.5,0.141875,1.46635,0.845664,-0.0105737,6.15131,5.92593e-05,0.00972698,0.407854,16521,0.498617,0.245164,-0.4,0.25,1,736.559,3.48365e+07,0.14611,0.00656088,0.100472,0.00246458,-0.762339,0.114987,-0.0627026,nan,nan,nan,nan,-0.0191481,-0.0780308,-0.0205479,nan,-0.174384,-7.89474e-05,-0.152123,-0.489046,nan,-1.02679,-0.506689,-0.641986,-0.556105,0.15808,0.131895,-0.828737,-0.0108947,0.106579,-1.5
2836,-92.6705,278.094,-0.302186,0.0833333,1.25,0.14079,1.48616,0.751481,-0.00877932,6.14987,5.92593e-05,0.00850401,0.407818,16622.8,0.496436,0.24279,-0.4,0.25,1,737.299,3.48488e+07,0.113844,0.00515194,0.0722901,0.00181142,-0.546423,0.0834281,-0.0467438,nan,nan,nan,nan,-0.0156121,-0.0595213,-0.0155877,nan,-0.126755,-6.25e-05,-0.101436,-0.356008,nan,-0.693572,-0.370205,-0.466912,-0.428625,0.111054,0.106125,-0.6,-0.0080625,0.0914062,-1.5
2837,-126.289,423.455,-0.30349,0.125,1.25,0.142717,1.51796,0.900788,-0.0113727,6.14798,5.92593e-05,0.0118952,0.407746,16644.2,0.497948,0.240329,-0.4,0.25,1,738.039,3.48611e+07,0.171085,0.00788289,0.111506,0.00231157,-0.840505,0.127036,-0.0664455,nan,nan,nan,nan,-0.0202591,-0.0831685,-0.0225178,nan,-0.192426,-0.00030303,-0.15047,-0.532791,nan,-1.16033,-0.566077,-0.704527,-0.632909,0.174489,0.145091,-0.912848,-0.0108485,0.120455,-1.5
2838,-133.576,466.88,-0.286059,0.125,0.916667,0.139905,1.46739,0.746161,-0.00987965,6.14607,5.92593e-05,0.0106047,0.407707,16555.4,0.498393,0.243842,-0.4,0.25,1,738.783,3.48733e+07,0.194264,0.00833224,0.124788,0.00307622,-0.931836,0.140064,-0.084052,nan,nan,nan,nan,-0.0242197,-0.105654,-0.0276543,nan,-0.212862,-0.0002,-0.170025,-0.588919,nan,-1.10407,-0.631413,-0.780285,-0.68232,0.191958,0.1904,-1.00528,-0.0164,0.1535,-1.5
2839,-93.9333,282.233,-0.307011,0,1.25,0.140338,1.53852,0.713295,-0.00773423,6.14477,5.92593e-05,0.00928435,0.407653,16535.9,0.503376,0.239734,-0.4,0.25,1,739.527,3.48856e+07,0.121085,0.00458059,0.075798,0.00194125,-0.5622,0.08467,-0.0545133,nan,nan,nan,nan,-0.0161111,-0.0599622,-0.0173833,nan,-0.128279,-0.000133333,-0.110129,-0.361826,nan,-0.636191,-0.418231,-0.47162,-0.3971,0.114739,0.115333,-0.6016,-0.0103333,0.102917,-1.5
2840,-125.215,424,-0.289778,0.0416667,1,0.140832,1.4792,0.650662,-0.00733092,6.14273,5.92593e-05,0.00888908,0.407592,16723,0.494862,0.239933,-0.4,0.25,1,740.263,3.48979e+07,0.197608,0.00679871,0.111715,0.00265597,-0.850179,0.1272,-0.066568,nan,nan,nan,nan,-0.0219161,-0.0925531,-0.0239751,nan,-0.193055,-0.00024,-0.151574,-0.54607,nan,-1.06125,-0.490274,-0.707486,-0.61356,0.171649,0.16272,-0.91696,-0.01304,0.128,-1.5
2841,-150.141,521.13,-0.28109,0.166667,0.791667,0.138661,1.48052,0.640874,-0.00996802,6.14029,5.92593e-05,0.00992202,0.407508,15859.7,0.519062,0.25573,-0.4,0.25,1,741.039,3.49102e+07,0.202235,0.00930048,0.137842,0.0028706,-1.04319,0.156339,-0.0772261,nan,nan,nan,nan,-0.021411,-0.0941712,-0.0247272,nan,-0.237223,-0.000130435,-0.183128,-0.663001,nan,-1.57498,-0.752166,-0.874669,-0.788087,0.214882,0.164696,-1.12835,-0.015913,0.126087,-1.5
2842,-138.447,479.053,-0.314489,0.208333,1.375,0.139353,1.48225,0.666722,-0.0111604,6.13788,5.92593e-05,0.0096702,0.407454,15137.4,0.545698,0.266065,-0.4,0.25,1,741.852,3.49225e+07,0.190193,0.00839869,0.125681,0.00290206,-0.959464,0.143716,-0.0810868,nan,nan,nan,nan,-0.0239187,-0.101136,-0.0269289,nan,-0.218314,-0.000526316,-0.176967,-0.614878,nan,-1.23706,-0.706376,-0.801432,-0.705079,0.199106,0.178632,-1.02842,-0.0135789,0.133882,-1.5
2843,-119.044,399.909,-0.301192,0.208333,1.16667,0.138256,1.4561,0.735711,-0.00998304,6.13617,5.92593e-05,0.0099298,0.407401,15967.9,0.511962,0.257581,-0.4,0.25,1,742.623,3.49348e+07,0.170739,0.00647287,0.106631,0.0020186,-0.800008,0.119973,-0.0628364,nan,nan,nan,nan,-0.0186263,-0.079984,-0.0210977,nan,-0.182591,-0.000575758,-0.135893,-0.51111,nan,-1.13481,-0.515792,-0.672107,-0.611,0.164395,0.145212,-0.861212,-0.0113333,0.130303,-1.5
2844,-133.239,468.735,-0.307685,0.166667,1.25,0.141645,1.46636,0.89431,-0.00977024,6.134,5.92593e-05,0.0108623,0.407307,15031,0.550339,0.267172,-0.4,0.25,1,743.442,3.49471e+07,0.203414,0.00886819,0.124192,0.0030947,-0.937257,0.140621,-0.0863882,nan,nan,nan,nan,-0.0254326,-0.105462,-0.0281347,nan,-0.213977,-0.000411765,-0.154842,-0.591177,nan,-1.10821,-0.674115,-0.786078,-0.699882,0.190972,0.182235,-1.01412,-0.0162353,0.170588,-1.5
2845,-102.632,305.969,-0.310924,0,1.33333,0.142624,1.50478,0.826447,-0.00952405,6.13169,5.92593e-05,0.0112281,0.40727,15159.4,0.550452,0.260132,-0.4,0.25,1,744.255,3.49594e+07,0.124357,0.00562395,0.0798773,0.00158878,-0.611468,0.0917906,-0.0465188,nan,nan,nan,nan,-0.0133586,-0.0559669,-0.0149525,nan,-0.139485,-0.0005,-0.103584,-0.39126,nan,-0.924568,-0.358162,-0.514823,-0.464437,0.127162,0.097875,-0.6575,-0.0078125,0.0773437,-1.5
2846,-135.409,460.237,-0.314604,0.208333,1.375,0.145908,1.4896,0.666369,-0.0109387,6.1304,5.92593e-05,0.0113805,0.407196,15854.7,0.52578,0.249259,-0.4,0.25,1,745.031,3.49716e+07,0.194102,0.00847585,0.118623,0.00234452,-0.920638,0.138071,-0.0653553,nan,nan,nan,nan,-0.0207125,-0.092471,-0.0222108,nan,-0.210666,-0.000473684,-0.139168,-0.590789,nan,-1.38446,-0.48981,-0.776195,-0.713842,0.188707,0.148,-0.977684,-0.0128421,0.1125,-1.5
2847,-111.467,354.931,-0.301003,0.0416667,1.16667,0.141953,1.48201,0.746607,-0.0102579,6.12754,5.92593e-05,0.0122313,0.407086,11855.5,0.657123,0.37936,-0.4,0.25,1,746.069,3.49839e+07,0.157279,0.00662455,0.0936881,0.00209278,-0.708841,0.106479,-0.0564,nan,nan,nan,nan,-0.0177849,-0.07328,-0.0192095,nan,-0.161875,-3.44828e-05,-0.124078,-0.448729,nan,-0.941058,-0.533672,-0.595642,-0.527276,0.145085,0.128,-0.765931,-0.0117241,0.110776,-1.5
2848,-116.426,381.677,-0.300336,0.0833333,1.20833,0.136413,1.4681,0.832807,-0.00989917,6.12474,5.92593e-05,0.00869407,0.407002,11501.9,0.685232,0.383117,-0.4,0.25,1,747.139,3.49962e+07,0.163904,0.00534111,0.0991352,0.00249709,-0.761859,0.114503,-0.0640581,nan,nan,nan,nan,-0.0205925,-0.0864783,-0.0218634,nan,-0.174498,-0.00016129,-0.124317,-0.48614,nan,-0.953018,-0.523304,-0.64371,-0.566032,0.153037,0.14271,-0.823742,-0.0133548,0.113306,-1.5
2849,-114.011,369.292,-0.285721,0.0416667,0.958333,0.141588,1.47721,0.67789,-0.00892799,6.12128,5.92593e-05,0.00780367,0.40684,13432.9,0.576824,0.337943,-0.4,0.25,1,748.055,3.50085e+07,0.149181,0.0078283,0.099107,0.00216666,-0.735151,0.110787,-0.0668417,nan,nan,nan,nan,-0.018141,-0.0748761,-0.021234,nan,-0.168045,-0.000208333,-0.123964,-0.466626,nan,-0.969511,-0.437546,-0.612472,-0.546,0.148012,0.130833,-0.7985,-0.0125,0.104167,-1.5
2850,-110.354,345.793,-0.296247,0.0833333,1.125,0.141639,1.44336,0.595389,-0.010099,6.11623,5.92593e-05,0.0115556,0.406699,13612.4,0.576797,0.325912,-0.4,0.25,1,748.959,3.50208e+07,0.139403,0.00618494,0.0933592,0.00200144,-0.688232,0.103738,-0.0515828,nan,nan,nan,nan,-0.0159594,-0.0635972,-0.0170142,nan,-0.157629,-0.000793103,-0.118455,-0.43373,nan,-1.00497,-0.420465,-0.578141,-0.520241,0.144713,0.111172,-0.742483,-0.00924138,0.0573276,-1.5
2851,-132.372,444.962,-0.282305,0.166667,0.916667,0.141593,1.50059,0.72142,-0.011239,6.11306,5.92593e-05,0.0112249,0.406598,12868.7,0.611141,0.343734,-0.4,0.25,1,749.916,3.50331e+07,0.177522,0.00925801,0.114954,0.00211919,-0.880575,0.133488,-0.0678269,nan,nan,nan,nan,-0.0187712,-0.0872512,-0.0221994,nan,-0.202948,-0.000307692,-0.13188,-0.563079,nan,-1.34487,-0.583413,-0.743074,-0.7335,0.180328,0.155692,-0.949692,-0.0132308,0.107692,-1.5
2852,-107.772,353.933,-0.291812,0.125,1.125,0.138286,1.45243,0.771041,-0.010598,6.11025,5.92593e-05,0.013385,0.406536,11871.4,0.704809,0.330282,-0.4,0.25,1,750.953,3.50454e+07,0.153193,0.00714968,0.0969773,0.00215162,-0.698442,0.10618,-0.0661067,nan,nan,nan,nan,-0.0190853,-0.0799417,-0.021692,nan,-0.161393,-0.000333333,-0.125796,-0.441227,nan,-0.856926,-0.508029,-0.592585,-0.5111,0.142944,0.142667,-0.761333,-0.0118,0.132083,-1.5
2853,-135.089,463.974,-0.309909,0.208333,1.375,0.144137,1.43286,0.746999,-0.0105701,6.10979,5.92593e-05,0.00888202,0.406558,11775.4,0.593506,0.450029,-0.4,0.25,1,751.998,3.50577e+07,0.183499,0.00825268,0.12235,0.00275816,-0.923354,0.139192,-0.0722816,nan,nan,nan,nan,-0.021285,-0.0884082,-0.0241691,nan,-0.211299,-0.000736842,-0.156507,-0.586473,nan,-1.29923,-0.647683,-0.778551,-0.691026,0.186672,0.156947,-0.997053,-0.0125263,0.139803,-1.5
2854,-121.006,383.214,-0.299128,0,1.16667,0.143845,1.47339,0.760636,-0.010819,6.10996,5.92593e-05,0.00881396,0.406539,13746.4,0.608204,0.285702,-0.4,0.25,1,752.893,3.507e+07,0.149669,0.00727099,0.100191,0.00213407,-0.758877,0.114964,-0.0561714,nan,nan,nan,nan,-0.0189773,-0.0744797,-0.0197216,nan,-0.175018,-0.000214286,-0.135827,-0.490741,nan,-1.07554,-0.489352,-0.642321,-0.577607,0.158948,0.129286,-0.838571,-0.0117143,0.117411,-1.5
2855,-123.606,416.087,-0.28363,0.0416667,0.916667,0.139662,1.47553,0.883621,-0.00930547,6.10882,5.92593e-05,0.00695525,0.406481,15105.3,0.566075,0.247412,-0.4,0.25,1,753.708,3.50822e+07,0.175833,0.00777297,0.114019,0.00225943,-0.823924,0.124826,-0.0769957,nan,nan,nan,nan,-0.0182761,-0.076894,-0.0228196,nan,-0.189448,-0.000217391,-0.135631,-0.522178,nan,-1.15638,-0.421037,-0.696366,-0.643174,0.17101,0.151304,-0.881565,-0.0146087,0.132065,-1.5
2856,-105.76,328.346,-0.288428,0.0833333,1,0.142847,1.45737,0.707085,-0.0102946,6.10781,5.92593e-05,0.0109169,0.406506,16519.2,0.505515,0.238345,-0.4,0.25,1,754.453,3.50945e+07,0.146046,0.00568273,0.0864789,0.00182675,-0.655174,0.0985038,-0.0412192,nan,nan,nan,nan,-0.0134802,-0.0532808,-0.0134981,nan,-0.149914,-3.84615e-05,-0.112003,-0.409307,nan,-1.02081,-0.389488,-0.551455,-0.484615,0.135113,0.0870769,-0.719077,-0.00738462,0.0817308,-1.5
2857,-122.131,417.094,-0.299109,0.166667,1.16667,0.144311,1.48049,0.820887,-0.0101149,6.10813,5.92593e-05,0.010796,0.406461,13459.5,0.555001,0.35796,-0.4,0.25,1,755.368,3.51068e+07,0.170604,0.00792416,0.108564,0.00250797,-0.823892,0.125128,-0.06975,nan,nan,nan,nan,-0.021348,-0.0919307,-0.0234726,nan,-0.190684,-0.00021875,-0.130867,-0.534506,nan,-1.06492,-0.451026,-0.703216,-0.663937,0.168702,0.14825,-0.895625,-0.0119375,0.1375,-1.5
2858,-130.903,456.541,-0.308136,0.208333,1.33333,0.143728,1.44644,0.816269,-0.00968133,6.10595,5.92593e-05,0.0162853,0.406407,12546.2,0.602912,0.376509,-0.4,0.25,1,756.349,3.51191e+07,0.182416,0.00660271,0.122496,0.0031066,-0.905654,0.136962,-0.077473,nan,nan,nan,nan,-0.022733,-0.0966458,-0.0256094,nan,-0.208146,-0.000486486,-0.158282,-0.570973,nan,-1.16273,-0.586804,-0.765898,-0.672892,0.185245,0.166054,-0.99027,-0.0148108,0.129392,-1.5
2859,-113.662,367.303,-0.306201,0.0833333,1.29167,0.140254,1.46561,0.808913,-0.011128,6.10422,5.92593e-05,0.0152204,0.406335,12980.1,0.574762,0.371915,-0.4,0.25,1,757.297,3.51314e+07,0.151636,0.00699368,0.0975105,0.00225188,-0.727902,0.110191,-0.0566242,nan,nan,nan,nan,-0.0173045,-0.0734956,-0.0185621,nan,-0.167957,-0.000424242,-0.112766,-0.469412,nan,-1.01742,-0.47006,-0.61571,-0.549182,0.151229,0.121455,-0.789212,-0.0109091,0.0962121,-1.5
2860,-133.203,469.853,-0.308662,0.125,1.29167,0.143145,1.46145,0.903884,-0.0101357,6.10251,5.92593e-05,0.0120783,0.406346,13721.5,0.608523,0.287003,-0.4,0.25,1,758.194,3.51437e+07,0.202934,0.00715127,0.124731,0.00317509,-0.93118,0.140956,-0.0772412,nan,nan,nan,nan,-0.024807,-0.106031,-0.0265208,nan,-0.214153,-0.000470588,-0.169031,-0.588349,nan,-1.17607,-0.501768,-0.790787,-0.683206,0.191751,0.174,-1.01329,-0.0138235,0.15,-1.5
2861,-132.968,452.694,-0.314061,0.166667,1.33333,0.144185,1.47305,0.899357,-0.0103533,6.10284,5.92593e-05,0.0105977,0.406309,12855,0.581172,0.374722,-0.4,0.25,1,759.152,3.5156e+07,0.186237,0.00898692,0.119901,0.00266775,-0.899086,0.135808,-0.0659583,nan,nan,nan,nan,-0.0204932,-0.0890797,-0.0223046,nan,-0.206826,-2.77778e-05,-0.145053,-0.559057,nan,-1.31704,-0.591743,-0.763624,-0.70225,0.188668,0.144778,-0.980778,-0.0134444,0.126736,-1.5
2862,-113.631,376.7,-0.294511,0.166667,1.08333,0.146435,1.47751,0.615007,-0.00951429,6.10067,5.92593e-05,0.011825,0.406218,13186.7,0.603609,0.328236,-0.4,0.25,1,760.085,3.51683e+07,0.152425,0.00737748,0.0997581,0.00225752,-0.749385,0.11301,-0.0591733,nan,nan,nan,nan,-0.0175298,-0.0716938,-0.0194014,nan,-0.17229,-0.0002,-0.12756,-0.478978,nan,-1.0529,-0.487636,-0.636832,-0.5613,0.154617,0.126667,-0.813067,-0.00973333,0.10625,-1.5
2863,-122.881,410.613,-0.296814,0.208333,1.08333,0.148656,1.46117,0.657052,-0.00962048,6.09892,5.92593e-05,0.0104388,0.406202,13384.3,0.568604,0.349484,-0.4,0.25,1,761.004,3.51805e+07,0.151705,0.00824691,0.110725,0.00235241,-0.809498,0.123184,-0.0655323,nan,nan,nan,nan,-0.0172937,-0.0777975,-0.0213568,nan,-0.187081,-0.000387097,-0.124242,-0.508503,nan,-1.20262,-0.581065,-0.690125,-0.622548,0.167624,0.132387,-0.876903,-0.0133548,0.103629,-1.5
2864,-128.947,452.1,-0.292465,0.208333,1.04167,0.14417,1.44944,0.841657,-0.0103035,6.09907,5.92593e-05,0.0193105,0.406229,14720.4,0.554494,0.280267,-0.4,0.25,1,761.84,3.51928e+07,0.189128,0.00809301,0.11773,0.00280936,-0.897308,0.13563,-0.0736567,nan,nan,nan,nan,-0.0239818,-0.103549,-0.0254356,nan,-0.20598,-0.000666667,-0.155953,-0.565858,nan,-1.13629,-0.628533,-0.760963,-0.6868,0.183272,0.168533,-0.979333,-0.0162,0.174167,-1.5
2865,-103.688,315.154,-0.291146,0.0416667,1.04167,0.145185,1.49144,0.769119,-0.0108513,6.09911,5.92593e-05,0.0129789,0.406202,16391.6,0.502819,0.246831,-0.4,0.25,1,762.592,3.52051e+07,0.124351,0.00584844,0.0836021,0.00193664,-0.621248,0.0945462,-0.0489923,nan,nan,nan,nan,-0.0149025,-0.0577774,-0.0162319,nan,-0.143425,-0.000269231,-0.110926,-0.400573,nan,-0.883041,-0.440464,-0.526173,-0.485308,0.128524,0.112154,-0.680462,-0.00746154,0.0764423,-1.5
2866,-125.11,425.061,-0.301166,0.125,1.25,0.141228,1.4727,0.737264,-0.00920897,6.09829,5.92593e-05,0.00621143,0.406169,15373.9,0.495935,0.303341,-0.4,0.25,1,763.392,3.52174e+07,0.183367,0.00857821,0.113906,0.0025013,-0.840431,0.127518,-0.0738818,nan,nan,nan,nan,-0.0211935,-0.0896651,-0.0236408,nan,-0.193744,-0.00030303,-0.140745,-0.537111,nan,-1.09999,-0.552284,-0.713589,-0.654273,0.172552,0.15903,-0.904364,-0.0152121,0.117424,-1.5
2867,-100.989,310.32,-0.288694,0.0416667,1,0.142262,1.49365,0.732059,-0.0109289,6.0974,5.92593e-05,0.0178065,0.406156,12549.4,0.625194,0.353976,-0.4,0.25,1,764.373,3.52297e+07,0.132824,0.00497195,0.0814203,0.00193946,-0.613774,0.093096,-0.046596,nan,nan,nan,nan,-0.0151673,-0.0590121,-0.016042,nan,-0.141405,0,-0.119745,-0.395863,nan,-0.835064,-0.435625,-0.519126,-0.43848,0.128408,0.1056,-0.67968,-0.00824,0.079,-1.5
2868,-106.218,332.524,-0.274339,0.0833333,0.791667,0.144435,1.46555,0.726443,-0.00945738,6.09739,5.92593e-05,0.0178563,0.406203,12955.3,0.608548,0.339943,-0.4,0.25,1,765.323,3.5242e+07,0.141485,0.0076584,0.0904217,0.00187267,-0.656327,0.0997571,-0.0479429,nan,nan,nan,nan,-0.0152734,-0.0630431,-0.0165694,nan,-0.15158,-0.000285714,-0.106545,-0.414051,nan,-0.955501,-0.429568,-0.563294,-0.523429,0.134968,0.10819,-0.71581,-0.00847619,0.0886905,-1.5
2869,-125.154,430.788,-0.298757,0.125,1.25,0.139064,1.47289,0.844522,-0.0110115,6.0979,5.92593e-05,0.0163067,0.406183,13755.2,0.578367,0.314966,-0.4,0.25,1,766.218,3.52543e+07,0.178757,0.00703744,0.116124,0.00294306,-0.8469,0.129236,-0.0745455,nan,nan,nan,nan,-0.0216438,-0.0894676,-0.0250878,nan,-0.196007,-0.000181818,-0.143151,-0.530905,nan,-1.04425,-0.597863,-0.716978,-0.649636,0.177999,0.161697,-0.923758,-0.0129091,0.132955,-1.5
2870,-122.979,418.179,-0.288086,0.166667,1,0.140964,1.45667,0.761992,-0.00952423,6.09624,5.92593e-05,0.0119879,0.406137,15775.4,0.538879,0.240055,-0.4,0.25,1,766.998,3.52666e+07,0.171322,0.00785386,0.111605,0.0024825,-0.828647,0.125454,-0.062375,nan,nan,nan,nan,-0.0198407,-0.0839138,-0.0219008,nan,-0.190961,-0.000178571,-0.137722,-0.524118,nan,-1.15194,-0.525907,-0.702651,-0.6315,0.171056,0.137429,-0.897143,-0.0122143,0.125446,-1.5
2871,-124.749,418.068,-0.328596,0.166667,1.66667,0.143617,1.44828,0.844666,-0.0107402,6.09533,5.92593e-05,0.00875567,0.406132,16303.6,0.497899,0.255799,-0.4,0.25,1,767.754,3.52788e+07,0.160318,0.00764042,0.112112,0.00240869,-0.823052,0.12542,-0.0643341,nan,nan,nan,nan,-0.019702,-0.0844623,-0.022101,nan,-0.190733,-0.000159091,-0.1407,-0.522941,nan,-1.14702,-0.564014,-0.702382,-0.631977,0.172364,0.138818,-0.897727,-0.0136818,0.129545,-1.5
2872,-107.603,363.943,-0.299531,0.208333,1.25,0.141891,1.4751,0.824472,-0.0103941,6.09499,5.92593e-05,0.0159602,0.406118,16722.6,0.496657,0.238156,-0.4,0.25,1,768.49,3.52911e+07,0.163828,0.00707371,0.0968362,0.00272465,-0.713295,0.109183,-0.0648114,nan,nan,nan,nan,-0.0189896,-0.0794367,-0.021424,nan,-0.165696,-0.0002,-0.119266,-0.451123,nan,-0.865858,-0.520735,-0.607381,-0.553629,0.153134,0.139543,-0.781029,-0.0130286,0.105,-1.5
2873,-101.515,322.774,-0.301612,0.0833333,1.20833,0.139759,1.4694,0.784509,-0.01085,6.09412,5.92593e-05,0.0138539,0.406123,14229.7,0.505487,0.358061,-0.4,0.25,1,769.354,3.53034e+07,0.134699,0.00547414,0.084478,0.00237548,-0.633533,0.0968323,-0.0592323,nan,nan,nan,nan,-0.0187534,-0.0770968,-0.0192082,nan,-0.146913,-0.00164516,-0.117753,-0.402072,nan,-0.729997,-0.47584,-0.540173,-0.481258,0.135048,0.124258,-0.695871,-0.0109032,0.0931452,-1.5
2874,-112.617,377.226,-0.299476,0.166667,1.125,0.143957,1.49487,0.838124,-0.00900092,6.09379,5.92593e-05,0.0124872,0.406124,12985.6,0.595364,0.350912,-0.4,0.25,1,770.303,3.53157e+07,0.147245,0.00539269,0.0999776,0.00259389,-0.745154,0.113168,-0.0637194,nan,nan,nan,nan,-0.0197879,-0.0781517,-0.0215567,nan,-0.171866,-0.000193548,-0.137142,-0.471391,nan,-0.937419,-0.537733,-0.63411,-0.567968,0.154655,0.133032,-0.808774,-0.0129677,0.140726,-1.5
2875,-119.282,385.375,-0.304728,0.0833333,1.25,0.142025,1.47073,0.742871,-0.0103916,6.09336,5.92593e-05,0.00796828,0.406118,13216.2,0.593835,0.335931,-0.4,0.25,1,771.234,3.5328e+07,0.13921,0.00627919,0.100339,0.00270096,-0.757996,0.115612,-0.0592063,nan,nan,nan,nan,-0.0184668,-0.0778478,-0.0195125,nan,-0.175706,-0.000625,-0.129261,-0.486927,nan,-1.03689,-0.609997,-0.650423,-0.565594,0.16023,0.130125,-0.836625,-0.012125,0.0914062,-1.5
2876,-133.739,467.619,-0.276358,0.0416667,0.833333,0.144088,1.45417,0.734607,-0.00982337,6.09235,5.92593e-05,0.012357,0.40606,14590.1,0.57053,0.271684,-0.4,0.25,1,772.077,3.53403e+07,0.190686,0.00795222,0.12384,0.00364934,-0.925438,0.140286,-0.0891381,nan,nan,nan,nan,-0.0269522,-0.113457,-0.0292766,nan,-0.212757,-0.000428571,-0.172122,-0.599243,nan,-0.998401,-0.608617,-0.784579,-0.703714,0.198843,0.189333,-1.0059,-0.0171429,0.145238,-1.5
2877,-122.857,433.152,-0.296644,0.208333,1.16667,0.140967,1.44461,0.686671,-0.00940372,6.09034,5.92593e-05,0.010416,0.406012,15309.6,0.54501,0.257622,-0.4,0.25,1,772.881,3.53526e+07,0.169226,0.00673847,0.117028,0.00308091,-0.85167,0.129945,-0.0820545,nan,nan,nan,nan,-0.0223491,-0.0980086,-0.0265584,nan,-0.197134,-9.09091e-05,-0.142248,-0.537434,nan,-0.994725,-0.527407,-0.721088,-0.664727,0.179784,0.176242,-0.923273,-0.0142424,0.134848,-1.5
2878,-120.276,407.914,-0.301913,0.166667,1.29167,0.138388,1.41817,0.713056,-0.00990241,6.08888,5.92593e-05,0.00695843,0.405961,15124.5,0.50117,0.311287,-0.4,0.25,1,773.695,3.53649e+07,0.169425,0.00734784,0.109485,0.00264237,-0.801095,0.122374,-0.0622829,nan,nan,nan,nan,-0.0179169,-0.0746893,-0.0202877,nan,-0.185912,-0.000142857,-0.135172,-0.505031,nan,-1.13394,-0.548883,-0.680693,-0.603086,0.169548,0.134057,-0.874971,-0.0121714,0.130714,-1.5
2879,-131.448,468.867,-0.289529,0.208333,1.04167,0.140514,1.45143,0.840132,-0.0104164,6.08635,5.92593e-05,0.0120964,0.405862,12973.6,0.595061,0.352096,-0.4,0.25,1,774.644,3.53772e+07,0.195321,0.00935653,0.125205,0.00302345,-0.921081,0.14066,-0.07222,nan,nan,nan,nan,-0.021353,-0.0918085,-0.0241387,nan,-0.213208,-0.00116667,-0.154815,-0.574064,nan,-1.25546,-0.513175,-0.780255,-0.7091,0.193863,0.162667,-1.01373,-0.0132667,0.137917,-1.5
2880,-96.147,285.281,-0.307675,0,1.33333,0.14048,1.44029,0.82088,-0.00959014,6.08302,5.92593e-05,0.0119125,0.405752,13360.7,0.596759,0.32295,-0.4,0.25,1,775.566,3.53894e+07,0.10842,0.00569084,0.0749715,0.00194963,-0.562657,0.0855844,-0.0487781,nan,nan,nan,nan,-0.0159569,-0.0598346,-0.0160819,nan,-0.130167,-0.000125,-0.0989463,-0.364246,nan,-0.684874,-0.423678,-0.481094,-0.432187,0.118122,0.101875,-0.617125,-0.0090625,0.0878906,-1.5
2881,-95.5828,306.423,-0.288783,0.0833333,1,0.141619,1.50715,0.768507,-0.0105406,6.07955,5.92593e-05,0.00857059,0.405678,13265.8,0.571066,0.355229,-0.4,0.25,1,776.494,3.54017e+07,0.120062,0.00594684,0.0820061,0.00247194,-0.607978,0.0919269,-0.0566654,nan,nan,nan,nan,-0.0174161,-0.0694797,-0.0194378,nan,-0.139715,-0.000153846,-0.1073,-0.389212,nan,-0.65319,-0.401528,-0.515123,-0.432231,0.126818,0.124923,-0.658154,-0.01,0.113462,-1.5
2882,-116.399,380.875,-0.281459,0.0833333,0.916667,0.141591,1.49829,0.684445,-0.00862856,6.0779,5.92593e-05,0.0166415,0.405655,14990.9,0.551584,0.268112,-0.4,0.25,1,777.315,3.5414e+07,0.145133,0.00708364,0.101444,0.00245133,-0.749103,0.114262,-0.0577125,nan,nan,nan,nan,-0.0178729,-0.0738845,-0.0197722,nan,-0.173681,-0.000166667,-0.11463,-0.472302,nan,-1.06456,-0.456941,-0.63712,-0.57575,0.15564,0.127667,-0.823833,-0.0116667,0.0932292,-1.5
2883,-128.248,435.867,-0.290701,0.166667,1.08333,0.14087,1.49759,0.784232,-0.0104889,6.07699,5.92593e-05,0.0140455,0.405647,16551.3,0.495034,0.247385,-0.4,0.25,1,778.058,3.54263e+07,0.18865,0.00704404,0.11703,0.00256371,-0.858465,0.13076,-0.0606967,nan,nan,nan,nan,-0.018684,-0.0784175,-0.020305,nan,-0.198346,-0.0001,-0.1502,-0.555293,nan,-1.29247,-0.572816,-0.728833,-0.6546,0.183664,0.132267,-0.9288,-0.0112667,0.12125,-1.5
2884,-143.625,527.069,-0.28739,0.25,0.958333,0.145179,1.462,0.709785,-0.0104114,6.07653,5.92593e-05,0.00779715,0.405651,15401.4,0.510809,0.287042,-0.4,0.25,1,778.858,3.54386e+07,0.206103,0.0090397,0.141936,0.00335263,-1.0296,0.158121,-0.0911345,nan,nan,nan,nan,-0.0277651,-0.125012,-0.0314116,nan,-0.239983,-0.000275862,-0.178126,-0.657525,nan,-1.23803,-0.759212,-0.875342,-0.815897,0.213314,0.214207,-1.12248,-0.017931,0.193534,-1.5
2885,-100.237,324.118,-0.265731,0.0833333,0.625,0.139128,1.46061,0.586864,-0.00900031,6.0765,5.92593e-05,0.0110527,0.40562,12281.9,0.60542,0.395078,-0.4,0.25,1,779.859,3.54509e+07,0.13245,0.00696787,0.0854822,0.00238762,-0.635303,0.0972353,-0.0484471,nan,nan,nan,nan,-0.0163393,-0.0706094,-0.0167855,nan,-0.147714,-0.00182353,-0.0998963,-0.404533,nan,-0.851988,-0.370964,-0.542742,-0.484588,0.135268,0.104235,-0.692941,-0.0105882,0.0992647,-1.5
2886,-123.529,415.185,-0.287015,0.125,1,0.141527,1.46849,0.734644,-0.00900715,6.07437,5.92593e-05,0.0116805,0.405528,13346.4,0.592445,0.328253,-0.4,0.25,1,780.782,3.54632e+07,0.164812,0.00683955,0.110895,0.00241101,-0.808612,0.124556,-0.0693963,nan,nan,nan,nan,-0.0192626,-0.0807653,-0.0221994,nan,-0.188374,-0.000444444,-0.146254,-0.515167,nan,-1.1298,-0.545937,-0.690762,-0.609667,0.170663,0.137185,-0.878519,-0.0127407,0.0967593,-1.5
2887,-131.471,459.2,-0.310169,0.25,1.41667,0.137897,1.47184,0.837118,-0.0119577,6.07126,5.92593e-05,0.0103684,0.405431,13291.9,0.59183,0.332643,-0.4,0.25,1,781.708,3.54755e+07,0.169036,0.00720139,0.120956,0.0032598,-0.902492,0.13776,-0.0820125,nan,nan,nan,nan,-0.0242693,-0.103108,-0.0273673,nan,-0.208732,-0.000975,-0.164543,-0.570862,nan,-1.08704,-0.721687,-0.770391,-0.67995,0.188801,0.1737,-0.986,-0.0159,0.137812,-1.5
2888,-123.77,426.583,-0.279771,0.125,0.875,0.140484,1.46953,0.868367,-0.00935168,6.06869,5.92593e-05,0.0113902,0.405345,14700.4,0.553323,0.282574,-0.4,0.25,1,782.545,3.54877e+07,0.18311,0.00684391,0.113132,0.00265932,-0.830947,0.127975,-0.0676,nan,nan,nan,nan,-0.0192256,-0.0775604,-0.0225297,nan,-0.193388,-0.00025,-0.162548,-0.541675,nan,-1.19165,-0.590013,-0.708679,-0.594,0.177762,0.147833,-0.921,-0.0129167,0.126562,-1.5
2889,-113.032,372,-0.292008,0.0416667,1.08333,0.143489,1.47882,0.609464,-0.0110664,6.06571,5.92593e-05,0.014361,0.405239,16192.6,0.511291,0.247575,-0.4,0.25,1,783.306,3.55e+07,0.163141,0.0080103,0.0974529,0.00294603,-0.727272,0.1116,-0.0679963,nan,nan,nan,nan,-0.0202532,-0.0866442,-0.0226009,nan,-0.168897,-0.000481481,-0.115623,-0.460917,nan,-0.840405,-0.581416,-0.619916,-0.578778,0.1507,0.146963,-0.804296,-0.0133333,0.134722,-1.5
2890,-104.826,323,-0.288939,0,1,0.142862,1.46645,0.773305,-0.0107655,6.06305,5.92593e-05,0.0152672,0.405189,13606.9,0.553235,0.349833,-0.4,0.25,1,784.21,3.55123e+07,0.118302,0.00527559,0.0849947,0.00242743,-0.632563,0.0969,-0.0557833,nan,nan,nan,nan,-0.0170646,-0.0651797,-0.0178766,nan,-0.146344,-0.000416667,-0.131001,-0.410409,nan,-0.778452,-0.484837,-0.538226,-0.454375,0.135329,0.126667,-0.700667,-0.00966667,0.111458,-1.5
2891,-114.258,380.097,-0.293842,0.166667,1.125,0.142135,1.47871,0.857142,-0.00834125,6.06199,5.92593e-05,0.0065718,0.405179,12556,0.607567,0.37109,-0.4,0.25,1,785.19,3.55246e+07,0.176952,0.00688951,0.103184,0.00250571,-0.748125,0.114029,-0.0671452,nan,nan,nan,nan,-0.0175303,-0.0749497,-0.0202117,nan,-0.172703,0,-0.127913,-0.473888,nan,-0.998545,-0.590405,-0.637619,-0.553935,0.15993,0.141677,-0.816258,-0.0104516,0.102823,-1.5
2892,-133.207,462.029,-0.301606,0.208333,1.20833,0.143342,1.45206,0.669529,-0.0101441,6.06098,5.92593e-05,0.0112142,0.405089,13643.7,0.568265,0.332371,-0.4,0.25,1,786.092,3.55369e+07,0.174946,0.00804791,0.120632,0.00297029,-0.906676,0.138609,-0.0704971,nan,nan,nan,nan,-0.0216518,-0.0918195,-0.0247191,nan,-0.209787,-0.000176471,-0.173461,-0.575867,nan,-1.23217,-0.629214,-0.77033,-0.672529,0.192905,0.159882,-0.990706,-0.0124118,0.129044,-1.5
2893,-131.393,459.296,-0.286787,0.125,1,0.142772,1.50291,0.733984,-0.0108576,6.05783,5.92593e-05,0.00974355,0.405048,14523.1,0.582746,0.263357,-0.4,0.25,1,786.94,3.55492e+07,0.184987,0.00838126,0.123226,0.00311806,-0.900266,0.137789,-0.0844444,nan,nan,nan,nan,-0.0219202,-0.094904,-0.0281012,nan,-0.208784,-0.00062963,-0.164934,-0.572485,nan,-1.09312,-0.683915,-0.767694,-0.689222,0.192221,0.182074,-0.970815,-0.016,0.127778,-1.5
2894,-150.735,554.6,-0.287435,0.25,1,0.142382,1.48267,0.876689,-0.0100375,6.05775,5.92593e-05,0.0130479,0.405074,16083.6,0.524416,0.239593,-0.4,0.25,1,787.706,3.55615e+07,0.217807,0.0091913,0.150062,0.00384576,-1.08352,0.16638,-0.0851033,nan,nan,nan,nan,-0.0244946,-0.106379,-0.0288644,nan,-0.251785,-0.0007,-0.190062,-0.685781,nan,-1.45833,-0.716692,-0.919647,-0.8383,0.233031,0.1924,-1.18293,-0.0176,0.16125,-1.5
2895,-114.53,387.125,-0.296034,0.166667,1.16667,0.142985,1.4862,0.65827,-0.00845849,6.05761,5.92593e-05,0.0111133,0.404995,16010,0.502993,0.264526,-0.4,0.25,1,788.475,3.55738e+07,0.159016,0.00617095,0.103591,0.00243961,-0.750639,0.116137,-0.0609219,nan,nan,nan,nan,-0.017607,-0.0734051,-0.0205193,nan,-0.17608,-0.00025,-0.126897,-0.485571,nan,-1.02589,-0.465309,-0.640592,-0.579937,0.160376,0.13925,-0.83075,-0.0115,0.0921875,-1.5
2896,-137.339,496.783,-0.27354,0.166667,0.791667,0.141937,1.4623,0.582955,-0.00931685,6.05432,5.92593e-05,0.00802668,0.40489,12859.6,0.609562,0.345987,-0.4,0.25,1,789.432,3.5586e+07,0.215405,0.00731886,0.134506,0.00332597,-0.975897,0.149035,-0.0848565,nan,nan,nan,nan,-0.0227624,-0.0984719,-0.0278527,nan,-0.225355,-0.000956522,-0.165681,-0.620546,nan,-1.26194,-0.677319,-0.82609,-0.754174,0.208519,0.175826,-1.04226,-0.0162609,0.16087,-1.5
2897,-136.234,483.385,-0.285563,0.166667,0.916667,0.146712,1.45731,0.747869,-0.00878291,6.05243,5.92593e-05,0.0090751,0.404885,13064.2,0.60522,0.335363,-0.4,0.25,1,790.374,3.55983e+07,0.190899,0.00838739,0.127991,0.0034668,-0.945793,0.145015,-0.0827308,nan,nan,nan,nan,-0.023701,-0.106801,-0.026195,nan,-0.219515,-0.00115385,-0.159151,-0.596976,nan,-1.22733,-0.612819,-0.808503,-0.746538,0.200266,0.172615,-1.03492,-0.0163077,0.146635,-1.5
2898,-115.54,388.324,-0.304529,0.166667,1.25,0.142788,1.45827,0.738428,-0.00865536,6.05242,5.92593e-05,0.00567317,0.404884,11573.3,0.625571,0.436183,-0.4,0.25,1,791.437,3.56106e+07,0.161224,0.00724367,0.101887,0.00299097,-0.764895,0.116497,-0.0741559,nan,nan,nan,nan,-0.0216951,-0.0921107,-0.0244196,nan,-0.17633,-0.000205882,-0.132638,-0.480918,nan,-0.846265,-0.663539,-0.65086,-0.586853,0.160313,0.155294,-0.828,-0.0139412,0.119853,-1.5
2899,-124.989,424.778,-0.294223,0.0416667,1.08333,0.141932,1.49065,0.684619,-0.0101368,6.05232,5.92593e-05,0.0127513,0.404886,14957.9,0.552838,0.26867,-0.4,0.25,1,792.26,3.56229e+07,0.161002,0.00837829,0.113327,0.00344171,-0.822707,0.127433,-0.0749593,nan,nan,nan,nan,-0.0214003,-0.0894029,-0.025048,nan,-0.1929,-0.000407407,-0.149008,-0.525829,nan,-0.976841,-0.653037,-0.700698,-0.619556,0.175761,0.170519,-0.902074,-0.0145926,0.131019,-1.5
2900,-166.346,634.619,-0.262393,0.291667,0.583333,0.141858,1.49842,0.537676,-0.00926118,6.05218,5.92593e-05,0.0127657,0.404871,16336,0.500989,0.251214,-0.4,0.25,1,793.014,3.56352e+07,0.238853,0.0113369,0.173216,0.00410519,-1.23688,0.190386,-0.123848,nan,nan,nan,nan,-0.0312135,-0.140345,-0.0394074,nan,-0.28795,-0.000714286,-0.208064,-0.786603,nan,-1.4754,-1.01327,-1.04679,-0.978857,0.263058,0.254476,-1.33505,-0.0221905,0.225595,-1.5
2901,-129.034,453,-0.263777,0.166667,0.666667,0.140774,1.46979,0.568524,-0.00948348,6.05177,5.92593e-05,0.010763,0.40488,13670.9,0.569374,0.329469,-0.4,0.25,1,795.894,3.56475e+07,0.196123,0.00871812,0.119894,0.00267831,-0.883667,0.1359,-0.06954,nan,nan,nan,nan,-0.020031,-0.0905963,-0.0232616,nan,-0.206119,0,-0.153349,-0.565859,nan,-1.23572,-0.610912,-0.755988,-0.7092,0.189209,0.1454,-0.973,-0.0151,0.11,-1.5
2902,-109.813,356.862,-0.292098,0.125,1.08333,0.141341,1.47447,0.891951,-0.0080568,6.0514,5.92593e-05,0.00735714,0.404868,14258.7,0.582327,0.279463,-0.4,0.25,1,796.757,3.56598e+07,0.138159,0.00602513,0.0955474,0.00264028,-0.69672,0.107059,-0.0651517,nan,nan,nan,nan,-0.0186581,-0.077739,-0.0208638,nan,-0.161997,-0.000931034,-0.127926,-0.44757,nan,-0.830498,-0.55692,-0.595178,-0.549103,0.149166,0.142897,-0.768966,-0.0128966,0.0862069,-1.5
2903,-127.332,452.4,-0.27901,0.166667,0.875,0.139748,1.49094,0.653084,-0.0103937,6.05057,5.92593e-05,0.013523,0.404811,13251.6,0.567171,0.360113,-0.4,0.25,1,797.686,3.56721e+07,0.17356,0.00836274,0.121044,0.00307606,-0.890477,0.13572,-0.078612,nan,nan,nan,nan,-0.0227664,-0.0939007,-0.0258593,nan,-0.20562,-0.00024,-0.162718,-0.564711,nan,-1.08251,-0.573456,-0.753059,-0.67164,0.188729,0.16624,-0.96704,-0.01608,0.1595,-1.5
2904,-115.007,381.741,-0.290525,0.0833333,1.04167,0.146166,1.47665,0.918737,-0.0104841,6.0488,5.92593e-05,0.0114211,0.404776,12608.1,0.601035,0.373577,-0.4,0.25,1,798.662,3.56844e+07,0.172089,0.00677209,0.102661,0.00241562,-0.747776,0.114522,-0.0671296,nan,nan,nan,nan,-0.018102,-0.0739557,-0.0211916,nan,-0.173769,-0.000296296,-0.122302,-0.478396,nan,-0.962292,-0.605265,-0.642618,-0.575778,0.155734,0.141037,-0.811556,-0.0143704,0.123611,-1.5
2905,-114.798,386.867,-0.293205,0.125,1.125,0.140541,1.47968,0.887225,-0.0109152,6.04808,5.92593e-05,0.00985511,0.404764,12135.4,0.593764,0.418814,-0.4,0.25,1,799.676,3.56966e+07,0.172117,0.00677281,0.10398,0.00256042,-0.750488,0.11606,-0.0674333,nan,nan,nan,nan,-0.0183656,-0.0755067,-0.0221403,nan,-0.176016,-0.000166667,-0.121046,-0.474965,nan,-0.970734,-0.527093,-0.642674,-0.6028,0.160575,0.148667,-0.812933,-0.0118,0.120833,-1.5
2906,-131.585,454.333,-0.302849,0.0833333,1.29167,0.140789,1.4643,0.778743,-0.0104937,6.04802,5.92593e-05,0.0143527,0.40477,12159.1,0.665079,0.345526,-0.4,0.25,1,800.689,3.57089e+07,0.18292,0.00652469,0.118584,0.00359586,-0.885962,0.1363,-0.0924333,nan,nan,nan,nan,-0.0264476,-0.114001,-0.029786,nan,-0.206627,-9.09091e-05,-0.146854,-0.569463,nan,-0.911701,-0.793638,-0.759303,-0.708818,0.182778,0.201697,-0.971394,-0.0165455,0.158333,-1.5
2907,-128.314,455.64,-0.274996,0.208333,0.833333,0.143343,1.45661,0.726404,-0.0105195,6.04837,5.92593e-05,0.018204,0.404794,11864.6,0.60921,0.426474,-0.4,0.25,1,801.726,3.57212e+07,0.1854,0.00761868,0.122156,0.00285168,-0.892368,0.136692,-0.073076,nan,nan,nan,nan,-0.0198617,-0.087631,-0.0237769,nan,-0.206213,-0.00024,-0.157362,-0.576391,nan,-1.22004,-0.551219,-0.760164,-0.7134,0.186057,0.16096,-0.96464,-0.0148,0.1335,-1.5
2908,-111.911,358.56,-0.283433,0.0833333,0.958333,0.140029,1.49363,0.835127,-0.009333,6.04834,5.92593e-05,0.00934008,0.404783,13181.6,0.599082,0.33313,-0.4,0.25,1,802.659,3.57335e+07,0.147625,0.00617605,0.093636,0.00207802,-0.697333,0.107568,-0.053804,nan,nan,nan,nan,-0.0160739,-0.0652706,-0.0177915,nan,-0.162694,-0.0004,-0.131761,-0.452753,nan,-0.996892,-0.535173,-0.598103,-0.54096,0.145872,0.1168,-0.76976,-0.01048,0.0855,-1.5
2909,-140.501,505.219,-0.292191,0.208333,1.125,0.140756,1.51968,0.684422,-0.0105836,6.04713,5.92593e-05,0.013377,0.404761,13251,0.598549,0.328778,-0.4,0.25,1,803.588,3.57458e+07,0.217826,0.00963902,0.135575,0.00351379,-0.98291,0.151566,-0.0891719,nan,nan,nan,nan,-0.0235413,-0.1017,-0.0292583,nan,-0.229172,-0.00015625,-0.17206,-0.635042,nan,-1.22304,-0.685834,-0.838734,-0.779812,0.210286,0.19625,-1.06887,-0.0188125,0.151172,-1.5
2910,-117.479,404.133,-0.291658,0.208333,1.04167,0.139037,1.48857,0.690747,-0.00999363,6.04697,5.92593e-05,0.0126505,0.404803,13604.5,0.588564,0.314668,-0.4,0.25,1,804.493,3.57581e+07,0.16388,0.00663364,0.107564,0.00278603,-0.784359,0.12124,-0.0670333,nan,nan,nan,nan,-0.0191094,-0.0751913,-0.0222369,nan,-0.183014,-0.000333333,-0.153118,-0.501559,nan,-1.02899,-0.500196,-0.669945,-0.6036,0.168157,0.148133,-0.876133,-0.0121333,0.137917,-1.5
2911,-146.227,525.207,-0.2889,0.166667,1.04167,0.142877,1.45103,0.628051,-0.0117701,6.04771,5.92593e-05,0.0106222,0.404808,12783.5,0.631921,0.32932,-0.4,0.25,1,805.456,3.57704e+07,0.207524,0.00955996,0.140108,0.00354617,-1.02961,0.157562,-0.0883655,nan,nan,nan,nan,-0.0250374,-0.111516,-0.0296396,nan,-0.238833,-0.000655172,-0.177694,-0.653476,nan,-1.3194,-0.699797,-0.880067,-0.80669,0.21841,0.197379,-1.11959,-0.0176552,0.173276,-1.5
2912,-121.288,396.931,-0.298409,0.0416667,1.16667,0.142651,1.48385,0.820266,-0.00706435,6.047,5.92593e-05,0.0072609,0.404809,13200.5,0.596937,0.333938,-0.4,0.25,1,806.388,3.57827e+07,0.166894,0.00757091,0.106917,0.00242781,-0.771315,0.119079,-0.0586379,nan,nan,nan,nan,-0.0156424,-0.0660587,-0.0188283,nan,-0.179975,-0.000137931,-0.142685,-0.49672,nan,-1.15353,-0.435712,-0.664999,-0.613138,0.167033,0.132414,-0.847172,-0.0104828,0.0814655,-1.5
2913,-140.481,495.643,-0.288043,0.166667,1,0.14079,1.52056,0.758145,-0.0117752,6.04646,5.92593e-05,0.0145795,0.404776,13401.9,0.583762,0.33312,-0.4,0.25,1,807.306,3.57949e+07,0.207736,0.00907181,0.135513,0.00329656,-0.966454,0.148693,-0.084625,nan,nan,nan,nan,-0.0222624,-0.0964178,-0.0269777,nan,-0.225548,-7.14286e-05,-0.158572,-0.610974,nan,-1.27425,-0.668595,-0.82434,-0.776143,0.202062,0.190429,-1.05843,-0.0173571,0.128125,-1.5
2914,-119.374,425.111,-0.28047,0.25,0.875,0.141393,1.48541,0.792404,-0.00960365,6.04476,5.92593e-05,0.0107859,0.404681,13438.7,0.570346,0.34403,-0.4,0.25,1,808.222,3.58072e+07,0.158823,0.00778266,0.113862,0.00301729,-0.826211,0.127533,-0.0824,nan,nan,nan,nan,-0.0227849,-0.0974494,-0.0270446,nan,-0.19247,-0.000148148,-0.149474,-0.519692,nan,-0.916616,-0.621422,-0.704555,-0.658667,0.177305,0.178222,-0.90563,-0.0145926,0.124537,-1.5
2915,-104.96,336.185,-0.291229,0.0833333,1.04167,0.144396,1.46894,0.698636,-0.0100602,6.04098,5.92593e-05,0.0156115,0.40452,12529.7,0.589353,0.391353,-0.4,0.25,1,809.204,3.58195e+07,0.131714,0.00561278,0.0901571,0.0024822,-0.652686,0.100856,-0.0603556,nan,nan,nan,nan,-0.0172599,-0.0695918,-0.0194195,nan,-0.152308,-0.000592593,-0.135453,-0.421303,nan,-0.778758,-0.530107,-0.559606,-0.505444,0.139922,0.130074,-0.720593,-0.0133333,0.0787037,-1.5
2916,-135.404,489.074,-0.284809,0.166667,0.958333,0.142035,1.47747,0.7424,-0.00920791,6.03704,5.92593e-05,0.0105474,0.404465,12690.1,0.610362,0.35795,-0.4,0.25,1,810.174,3.58318e+07,0.205394,0.0077174,0.130204,0.00394193,-0.947901,0.146722,-0.0966333,nan,nan,nan,nan,-0.0274704,-0.117292,-0.0319875,nan,-0.221291,-0.000185185,-0.185277,-0.617974,nan,-1.0101,-0.81964,-0.815166,-0.722444,0.203735,0.210074,-1.03985,-0.0177037,0.17963,-1.5
2917,-138.972,503.034,-0.284394,0.208333,1,0.140443,1.50243,0.704621,-0.0108319,6.03588,5.92593e-05,0.0107473,0.404421,14044,0.586752,0.288214,-0.4,0.25,1,811.051,3.58441e+07,0.210385,0.0089312,0.135677,0.00390781,-0.975355,0.15091,-0.0895897,nan,nan,nan,nan,-0.0261516,-0.108864,-0.029594,nan,-0.227878,0,-0.198954,-0.627255,nan,-1.12242,-0.823245,-0.840684,-0.736138,0.21411,0.192,-1.08014,-0.0155172,0.165086,-1.5
2918,-113.943,372.074,-0.292276,0.0416667,1.08333,0.144073,1.51121,0.858639,-0.0104399,6.03435,5.92593e-05,0.0194304,0.404397,16141.9,0.507232,0.254015,-0.4,0.25,1,811.813,3.58564e+07,0.146539,0.00797047,0.0997554,0.00269336,-0.729577,0.111622,-0.0684852,nan,nan,nan,nan,-0.0189911,-0.074922,-0.0222904,nan,-0.169009,-3.7037e-05,-0.142919,-0.464858,nan,-0.847353,-0.560364,-0.619462,-0.575222,0.157756,0.14563,-0.787111,-0.0124444,0.126852,-1.5
2919,-143.737,512.815,-0.289102,0.0833333,1.04167,0.141912,1.49801,0.755371,-0.0114408,6.0338,5.92593e-05,0.00956174,0.404383,16558,0.499109,0.243008,-0.4,0.25,1,812.557,3.58687e+07,0.214205,0.00727716,0.137074,0.00401237,-0.99377,0.153844,-0.0900667,nan,nan,nan,nan,-0.0272092,-0.11142,-0.0309901,nan,-0.233444,-7.40741e-05,-0.173002,-0.632923,nan,-1.14256,-0.736543,-0.856292,-0.763667,0.207973,0.196889,-1.11111,-0.0188889,0.175463,-1.5
2920,-115.281,393.781,-0.296433,0.208333,1.125,0.141619,1.46124,0.708912,-0.0114978,6.03247,5.92593e-05,0.0153736,0.404314,16462.9,0.500821,0.245587,-0.4,0.25,1,813.305,3.5881e+07,0.164944,0.00714077,0.10352,0.00240606,-0.765469,0.118134,-0.0637406,nan,nan,nan,nan,-0.0182857,-0.0764049,-0.0213761,nan,-0.178807,0,-0.148424,-0.5004,nan,-1.03081,-0.460911,-0.657388,-0.5985,0.164127,0.132,-0.8445,-0.0125625,0.114844,-1.5
2921,-137.858,498.85,-0.274424,0.0833333,0.75,0.142465,1.45644,0.825633,-0.0116353,6.03034,5.92593e-05,0.00589603,0.404272,16290.9,0.513136,0.241151,-0.4,0.25,1,814.06,3.58932e+07,0.208996,0.00691022,0.134127,0.0038863,-0.965263,0.149655,-0.091055,nan,nan,nan,nan,-0.0260285,-0.113978,-0.0299493,nan,-0.225829,-0.00025,-0.176872,-0.618015,nan,-1.0949,-0.686489,-0.830638,-0.76875,0.210019,0.2066,-1.077,-0.0173,0.15625,-1.5
2922,-143.522,529.969,-0.284581,0.375,0.958333,0.138711,1.4667,0.637479,-0.0100435,6.02831,5.92593e-05,0.0108248,0.404162,15669.5,0.501067,0.283132,-0.4,0.25,1,814.846,3.59055e+07,0.218696,0.0086489,0.143081,0.00370631,-1.02829,0.158991,-0.089875,nan,nan,nan,nan,-0.0262099,-0.112093,-0.0301366,nan,-0.240628,-0.0003125,-0.183623,-0.64299,nan,-1.29223,-0.784458,-0.883533,-0.8055,0.220144,0.20025,-1.1385,-0.0181875,0.151562,-1.5
2923,-141.391,495.655,-0.293075,0.125,1.08333,0.142067,1.47154,0.76705,-0.0105754,6.02411,5.92593e-05,0.00817286,0.40404,16328.5,0.506414,0.246133,-0.4,0.25,1,815.6,3.59178e+07,0.200945,0.00866447,0.131556,0.00334926,-0.961997,0.148697,-0.089331,nan,nan,nan,nan,-0.0231477,-0.10194,-0.0282303,nan,-0.224769,-0.000517241,-0.168897,-0.618246,nan,-1.20967,-0.755172,-0.822444,-0.786931,0.200668,0.182207,-1.06,-0.0176552,0.137931,-1.5
2924,-108.671,364.704,-0.291032,0.0833333,1.04167,0.143152,1.48281,0.823325,-0.0107345,6.02049,5.92593e-05,0.0137378,0.40396,16402.9,0.500569,0.248568,-0.4,0.25,1,816.35,3.59301e+07,0.158559,0.00535453,0.0982577,0.00264889,-0.710312,0.109411,-0.0732556,nan,nan,nan,nan,-0.0179594,-0.0754577,-0.0220192,nan,-0.165126,-0.000259259,-0.135259,-0.453821,nan,-0.827959,-0.473021,-0.608288,-0.569889,0.152658,0.146222,-0.784889,-0.0123704,0.124537,-1.5
2925,-123.118,420.167,-0.308636,0.125,1.375,0.139747,1.48927,0.950085,-0.00913688,6.019,5.92593e-05,0.0110954,0.403967,16255.3,0.504741,0.251199,-0.4,0.25,1,817.108,3.59424e+07,0.171329,0.00775828,0.111201,0.00297246,-0.812096,0.12605,-0.0748444,nan,nan,nan,nan,-0.0205619,-0.0837624,-0.0237606,nan,-0.190432,-0.000138889,-0.146547,-0.523637,nan,-1.0118,-0.565573,-0.698047,-0.649833,0.174772,0.155444,-0.898222,-0.0137222,0.135417,-1.5
2926,-136.556,488.692,-0.310616,0.208333,1.41667,0.139508,1.53985,0.937603,-0.00986729,6.019,5.92593e-05,0.0112897,0.403932,16298.4,0.506607,0.247332,-0.4,0.25,1,817.863,3.59547e+07,0.206627,0.0079425,0.128895,0.0038776,-0.950364,0.146608,-0.0916308,nan,nan,nan,nan,-0.0260778,-0.111362,-0.0300917,nan,-0.221538,-0.000102564,-0.170695,-0.612508,nan,-1.05185,-0.747791,-0.810964,-0.756615,0.202415,0.196615,-1.04513,-0.0175897,0.173718,-1.5
2927,-106.503,340.944,-0.311861,0.125,1.375,0.144322,1.50147,0.800145,-0.00934961,6.01788,5.92593e-05,0.0105607,0.403914,16381.8,0.500644,0.249458,-0.4,0.25,1,818.614,3.5967e+07,0.142569,0.00633649,0.0903258,0.00227333,-0.66621,0.102283,-0.0523472,nan,nan,nan,nan,-0.0157869,-0.0666203,-0.0170921,nan,-0.155376,-0.000111111,-0.114809,-0.42688,nan,-0.917979,-0.453458,-0.570547,-0.512667,0.139317,0.114556,-0.733556,-0.0105,0.103125,-1.5
2928,-126.179,447.375,-0.274143,0.208333,0.791667,0.141134,1.50966,0.660328,-0.0105661,6.01636,5.92593e-05,0.012917,0.403822,16175.5,0.501206,0.258461,-0.4,0.25,1,819.376,3.59793e+07,0.18511,0.00726606,0.122714,0.00334871,-0.867284,0.134212,-0.0781458,nan,nan,nan,nan,-0.0216048,-0.0902888,-0.0254652,nan,-0.202192,-0.000166667,-0.175633,-0.552153,nan,-1.05485,-0.697866,-0.741565,-0.646625,0.186788,0.1745,-0.956,-0.0164167,0.103646,-1.5
2929,-120.1,406.167,-0.288844,0.208333,1.04167,0.144678,1.50266,0.725059,-0.0119788,6.01356,5.92593e-05,0.0130328,0.40379,16702.3,0.495984,0.239721,-0.4,0.25,1,820.113,3.59916e+07,0.172145,0.00635389,0.10746,0.00291715,-0.785087,0.12185,-0.0617533,nan,nan,nan,nan,-0.0196636,-0.0807363,-0.0212378,nan,-0.18418,-0.0003,-0.141893,-0.520387,nan,-1.01825,-0.679396,-0.680189,-0.6116,0.169494,0.137467,-0.8908,-0.0121333,0.121667,-1.5
2930,-147.053,558.111,-0.264019,0.125,0.625,0.141054,1.47484,0.639289,-0.00987742,6.01245,5.92593e-05,0.0154745,0.403738,16822,0.487762,0.242709,-0.4,0.25,1,820.845,3.60038e+07,0.242403,0.00965846,0.153114,0.00419356,-1.08795,0.167433,-0.106633,nan,nan,nan,nan,-0.0287706,-0.121054,-0.033761,nan,-0.252259,-0.000277778,-0.197373,-0.680777,nan,-1.21333,-0.673203,-0.925595,-0.835167,0.228557,0.231333,-1.18222,-0.0211111,0.220139,-1.5
2931,-126.19,422.688,-0.305471,0.0833333,1.25,0.144711,1.48976,0.809907,-0.010223,6.01031,5.92593e-05,0.0189514,0.403694,16491,0.504105,0.241028,-0.4,0.25,1,821.591,3.60161e+07,0.16519,0.00765238,0.115132,0.00275236,-0.826818,0.126806,-0.0722,nan,nan,nan,nan,-0.0194439,-0.0804196,-0.0233302,nan,-0.191955,-0.00021875,-0.16144,-0.528243,nan,-1.0819,-0.630654,-0.704096,-0.641531,0.175371,0.15675,-0.9085,-0.013875,0.133203,-1.5
2932,-131.57,474.85,-0.268013,0.125,0.708333,0.139165,1.51446,0.870298,-0.0107155,6.0095,5.92593e-05,0.0112142,0.403706,16903.2,0.490544,0.236417,-0.4,0.25,1,822.32,3.60284e+07,0.209211,0.00848087,0.125586,0.00361099,-0.925285,0.142455,-0.080415,nan,nan,nan,nan,-0.0237915,-0.104147,-0.0271498,nan,-0.215352,-0.0006,-0.164104,-0.590681,nan,-1.09616,-0.5539,-0.792782,-0.75525,0.196619,0.1798,-1.015,-0.014,0.189375,-1.5
2933,-117.291,397.8,-0.296021,0.125,1.125,0.138578,1.49965,0.636493,-0.0100668,6.00938,5.92593e-05,0.0117869,0.4037,15952.9,0.513849,0.25642,-0.4,0.25,1,823.092,3.60407e+07,0.162699,0.00576214,0.106033,0.00254276,-0.768165,0.11934,-0.0678033,nan,nan,nan,nan,-0.0183948,-0.0773315,-0.0213118,nan,-0.18063,-0.000133333,-0.143787,-0.49734,nan,-1.02826,-0.460936,-0.661938,-0.6038,0.165315,0.144533,-0.853333,-0.0112,0.1275,-1.5
2934,-125.613,441.03,-0.29904,0.208333,1.16667,0.143798,1.49032,0.724011,-0.00892909,6.00882,5.92593e-05,0.0112163,0.403697,16724.6,0.496027,0.238699,-0.4,0.25,1,823.828,3.6053e+07,0.171463,0.00838795,0.118377,0.00377484,-0.862338,0.132309,-0.0737758,nan,nan,nan,nan,-0.023454,-0.0938184,-0.0248036,nan,-0.199971,-0.000242424,-0.171886,-0.548708,nan,-0.964047,-0.69728,-0.736959,-0.634455,0.182542,0.168242,-0.958788,-0.0140606,0.169318,-1.5
2935,-117.497,386.45,-0.316307,0.166667,1.5,0.140634,1.50135,0.831606,-0.00888088,6.00843,5.92593e-05,0.00861373,0.403672,16630.1,0.496086,0.242815,-0.4,0.25,1,824.568,3.60653e+07,0.157974,0.00617221,0.102766,0.00238364,-0.760648,0.115935,-0.055335,nan,nan,nan,nan,-0.0171196,-0.0707813,-0.0187535,nan,-0.175208,-0.000475,-0.146778,-0.494352,nan,-1.05885,-0.54127,-0.647613,-0.572175,0.161118,0.1195,-0.8343,-0.0109,0.105625,-1.5
2936,-101.924,345.357,-0.281584,0.208333,0.958333,0.138215,1.48868,0.802427,-0.0112807,6.00764,5.92593e-05,0.0104405,0.40368,16497.4,0.497129,0.247715,-0.4,0.25,1,825.314,3.60776e+07,0.146663,0.00502421,0.0939754,0.00298721,-0.67422,0.103607,-0.0692607,nan,nan,nan,nan,-0.0191416,-0.077455,-0.0220194,nan,-0.15644,-3.57143e-05,-0.136032,-0.435871,nan,-0.693284,-0.498577,-0.574743,-0.521036,0.141606,0.139857,-0.741857,-0.0143571,0.11875,-1.5
2937,-105.121,334.775,-0.319959,0.125,1.54167,0.142186,1.51462,0.923626,-0.010512,6.00758,5.92593e-05,0.00918436,0.403674,12927.9,0.595747,0.354754,-0.4,0.25,1,826.266,3.60899e+07,0.141064,0.00552574,0.0893468,0.00250553,-0.65724,0.100432,-0.0549475,nan,nan,nan,nan,-0.0163594,-0.0681439,-0.0177524,nan,-0.152068,-0.000225,-0.121638,-0.41696,nan,-0.83375,-0.491671,-0.559635,-0.50505,0.137127,0.1174,-0.7201,-0.01015,0.09,-1.5
2938,-113.075,368.194,-0.303441,0.0416667,1.25,0.141497,1.47044,0.8954,-0.00897909,6.00638,5.92593e-05,0.00965213,0.403626,12757.7,0.638612,0.324573,-0.4,0.25,1,827.23,3.61021e+07,0.148271,0.00596658,0.100946,0.00292511,-0.71761,0.110458,-0.0718484,nan,nan,nan,nan,-0.019665,-0.0805089,-0.0227296,nan,-0.166891,-0.000967742,-0.150648,-0.462952,nan,-0.785531,-0.604328,-0.612043,-0.550548,0.152413,0.14929,-0.782452,-0.013871,0.111694,-1.5
2939,-134.014,467.167,-0.279458,0.125,0.875,0.145905,1.45209,0.75757,-0.0109903,6.00468,5.92593e-05,0.012625,0.403591,13752.7,0.568058,0.325437,-0.4,0.25,1,828.125,3.61144e+07,0.175814,0.00804299,0.121002,0.0033352,-0.909275,0.14015,-0.0770958,nan,nan,nan,nan,-0.0227608,-0.0971261,-0.0255601,nan,-0.212819,-0.00025,-0.148099,-0.588858,nan,-1.1317,-0.638539,-0.778529,-0.743375,0.188068,0.1695,-1.007,-0.0148333,0.121875,-1.5
2940,-116.124,399.667,-0.292763,0.166667,1.08333,0.144048,1.4468,0.699012,-0.0119058,6.00374,5.92593e-05,0.0130143,0.403556,14063.4,0.557686,0.316073,-0.4,0.25,1,829,3.61267e+07,0.165872,0.00688854,0.108065,0.00307534,-0.778751,0.1199,-0.07574,nan,nan,nan,nan,-0.02013,-0.0850719,-0.0245799,nan,-0.181579,-0.001,-0.128115,-0.494314,nan,-0.911046,-0.576614,-0.663926,-0.608,0.160281,0.1568,-0.852667,-0.0140667,0.130833,-1.5
2941,-103.054,326.652,-0.284518,0.0416667,0.916667,0.144099,1.46932,0.709246,-0.0111579,6.00279,5.92593e-05,0.0134316,0.403578,12866.7,0.601148,0.353876,-0.4,0.25,1,829.957,3.6139e+07,0.145018,0.00724667,0.0881026,0.00251478,-0.642968,0.0979957,-0.0572391,nan,nan,nan,nan,-0.0153907,-0.059465,-0.0178038,nan,-0.148065,-0.00026087,-0.11254,-0.404128,nan,-0.788782,-0.486814,-0.546661,-0.486783,0.131793,0.117913,-0.69287,-0.0106087,0.0983696,-1.5
2942,-107.486,337.696,-0.281494,0.0416667,0.916667,0.139113,1.48058,0.824863,-0.011208,6.00372,5.92593e-05,0.013785,0.403608,12925.8,0.616787,0.333868,-0.4,0.25,1,830.909,3.61513e+07,0.121128,0.00545735,0.0918563,0.00271063,-0.661964,0.101309,-0.0588174,nan,nan,nan,nan,-0.0169651,-0.0640801,-0.0187215,nan,-0.152757,-0.00026087,-0.135756,-0.424331,nan,-0.796386,-0.597101,-0.561204,-0.495913,0.137342,0.129391,-0.721739,-0.0114783,0.11087,-1.5
2943,-136.829,475.875,-0.299462,0.125,1.20833,0.141633,1.46044,0.663534,-0.0103959,6.00373,5.92593e-05,0.0123065,0.403578,12980.1,0.638827,0.307853,-0.4,0.25,1,831.857,3.61636e+07,0.176267,0.0090951,0.12735,0.00388385,-0.922363,0.142762,-0.0869406,nan,nan,nan,nan,-0.0248469,-0.101103,-0.0281307,nan,-0.215709,-0.00015625,-0.162603,-0.588479,nan,-1.03049,-0.792756,-0.786,-0.730219,0.192422,0.190375,-1.02175,-0.0164375,0.158984,-1.5
2944,-137.528,494.583,-0.274263,0.208333,0.791667,0.140223,1.49827,0.835444,-0.00817626,6.00222,5.92593e-05,0.0102783,0.403539,15871.1,0.536121,0.238116,-0.4,0.25,1,832.633,3.61759e+07,0.194862,0.009238,0.135102,0.00383798,-0.959524,0.148375,-0.086875,nan,nan,nan,nan,-0.0233935,-0.100805,-0.0286335,nan,-0.223812,-0.000125,-0.180751,-0.602571,nan,-1.15557,-0.806565,-0.818823,-0.7365,0.202931,0.189667,-1.0555,-0.0185,0.157812,-1.5
2945,-109.027,334.609,-0.285253,0,0.958333,0.139957,1.46667,0.595474,-0.00950015,6.00111,5.92593e-05,0.0153334,0.403524,16943.8,0.488912,0.236308,-0.4,0.25,1,833.359,3.61882e+07,0.130045,0.0053486,0.0885403,0.00215419,-0.657712,0.100383,-0.0447087,nan,nan,nan,nan,-0.0133664,-0.0532118,-0.0145472,nan,-0.152093,-0.000434783,-0.114203,-0.426322,nan,-0.993656,-0.453785,-0.561728,-0.494609,0.139905,0.094087,-0.729217,-0.00808696,0.0875,-1.5
2946,-141.699,531.933,-0.282721,0.291667,0.958333,0.138493,1.46174,0.820985,-0.0105546,5.99998,5.92593e-05,0.0139798,0.403491,13385.7,0.533244,0.384752,-0.4,0.25,1,834.279,3.62004e+07,0.211583,0.00937842,0.141925,0.00441214,-1.02924,0.15958,-0.0964733,nan,nan,nan,nan,-0.0285007,-0.124897,-0.0321398,nan,-0.240611,-0.000733333,-0.192225,-0.669904,nan,-1.12603,-0.780161,-0.88295,-0.8,0.219631,0.2172,-1.1304,-0.0172667,0.200833,-1.5
2947,-134.316,481.097,-0.292501,0.208333,1.08333,0.141018,1.48898,0.750192,-0.0106447,5.99895,5.92593e-05,0.00783928,0.403482,12621.5,0.594378,0.379197,-0.4,0.25,1,835.254,3.62127e+07,0.188031,0.00880816,0.128461,0.00344968,-0.934017,0.144329,-0.0805419,nan,nan,nan,nan,-0.0227442,-0.0952218,-0.0271389,nan,-0.218308,-0.000387097,-0.173672,-0.598663,nan,-1.14995,-0.764748,-0.796401,-0.731516,0.198293,0.181806,-1.02826,-0.0144516,0.152419,-1.5
2948,-133.409,459.188,-0.29583,0.166667,1.16667,0.142582,1.47721,0.789857,-0.0107634,5.99838,5.92593e-05,0.012842,0.403503,13601.5,0.577329,0.326102,-0.4,0.25,1,836.159,3.6225e+07,0.182057,0.00682766,0.123305,0.00280117,-0.900118,0.137756,-0.0772156,nan,nan,nan,nan,-0.0198128,-0.0837927,-0.0244824,nan,-0.208251,-0.00015625,-0.159696,-0.56587,nan,-1.22426,-0.621262,-0.76288,-0.704062,0.187975,0.162,-0.980125,-0.0149375,0.108594,-1.5
2949,-105.357,330.118,-0.266188,0.0416667,0.666667,0.14149,1.47935,0.655557,-0.0082912,5.99922,5.92593e-05,0.00856116,0.403559,14221.8,0.573225,0.2908,-0.4,0.25,1,837.024,3.62373e+07,0.132264,0.00552595,0.0876051,0.00204817,-0.64668,0.0990353,-0.0492118,nan,nan,nan,nan,-0.0141399,-0.0530216,-0.0162447,nan,-0.150017,-0.000176471,-0.127021,-0.409327,nan,-0.933962,-0.468466,-0.550864,-0.489353,0.137329,0.106118,-0.711529,-0.0103529,0.0941176,-1.5
2950,-136.185,486.25,-0.286098,0.166667,1,0.142,1.4675,0.94946,-0.00608493,5.99991,5.92593e-05,0.00550833,0.40356,14234.9,0.609909,0.253323,-0.4,0.25,1,837.889,3.62496e+07,0.212372,0.00862867,0.130933,0.00317472,-0.948152,0.145875,-0.0721821,nan,nan,nan,nan,-0.0205833,-0.0855059,-0.023982,nan,-0.22059,-0.000178571,-0.161719,-0.605156,nan,-1.31436,-0.543177,-0.804931,-0.737893,0.202227,0.161857,-1.03814,-0.0144286,0.144196,-1.5
2951,-124.383,406.074,-0.291712,0.0416667,1.08333,0.141914,1.42967,0.834757,-0.010274,5.99883,5.92593e-05,0.0124193,0.403502,11638.2,0.632859,0.422977,-0.4,0.25,1,838.947,3.62619e+07,0.159909,0.00638238,0.107659,0.00271622,-0.79484,0.121822,-0.0656296,nan,nan,nan,nan,-0.0181155,-0.0728144,-0.0208746,nan,-0.183952,-0.000296296,-0.145152,-0.512817,nan,-1.06342,-0.676914,-0.674827,-0.609889,0.168287,0.14,-0.860741,-0.0107407,0.104167,-1.5
2952,-116.687,395.645,-0.293572,0.125,1.16667,0.141857,1.4423,0.723217,-0.00988322,5.9969,5.92593e-05,0.0113519,0.403421,12504.3,0.615015,0.367689,-0.4,0.25,1,839.931,3.62742e+07,0.157268,0.00654383,0.106342,0.00309535,-0.774162,0.118694,-0.0719355,nan,nan,nan,nan,-0.020799,-0.081763,-0.0233585,nan,-0.178957,-0.00016129,-0.160044,-0.488757,nan,-0.861411,-0.626207,-0.651727,-0.600677,0.163049,0.154065,-0.843871,-0.0137419,0.128226,-1.5
2953,-122.772,424.3,-0.268677,0.125,0.708333,0.141935,1.44157,0.685967,-0.00960087,5.99497,5.92593e-05,0.00730759,0.403402,13188,0.57656,0.355198,-0.4,0.25,1,840.868,3.62865e+07,0.17971,0.00635188,0.112754,0.0028624,-0.832656,0.12729,-0.06665,nan,nan,nan,nan,-0.0192899,-0.0755734,-0.0209614,nan,-0.192401,-0.00035,-0.150362,-0.527911,nan,-1.14476,-0.434616,-0.70699,-0.65535,0.174614,0.1384,-0.9004,-0.0117,0.134375,-1.5
2954,-146.422,545.121,-0.288028,0.333333,1.04167,0.140029,1.45494,0.838829,-0.00891584,5.99546,5.92593e-05,0.00994635,0.403453,15199.7,0.551989,0.25645,-0.4,0.25,1,841.678,3.62988e+07,0.222046,0.0107671,0.149493,0.00425883,-1.06342,0.163536,-0.0912758,nan,nan,nan,nan,-0.0239427,-0.102242,-0.0298184,nan,-0.24696,-0.00118182,-0.19357,-0.681571,nan,-1.31948,-0.731014,-0.903815,-0.837818,0.226002,0.207273,-1.1583,-0.015697,0.16553,-1.5
2955,-129.917,457.955,-0.275568,0.125,0.791667,0.146614,1.43239,0.690072,-0.0103797,5.99604,5.92593e-05,0.00950446,0.403453,16646,0.494366,0.243827,-0.4,0.25,1,842.417,3.6311e+07,0.178102,0.00825357,0.127863,0.00402915,-0.890351,0.137386,-0.0892955,nan,nan,nan,nan,-0.025217,-0.0986357,-0.0282938,nan,-0.20802,-0.000545455,-0.174049,-0.563732,nan,-0.917308,-0.753626,-0.764374,-0.677727,0.18841,0.195818,-0.992182,-0.0188182,0.161932,-1.5
2956,-148.21,556.538,-0.271609,0.333333,0.75,0.145468,1.46715,0.558949,-0.00943714,5.99568,5.92593e-05,0.00957454,0.403443,15504.2,0.511784,0.280773,-0.4,0.25,1,843.211,3.63233e+07,0.234072,0.00858748,0.148358,0.0039412,-1.08723,0.166962,-0.0892423,nan,nan,nan,nan,-0.0257162,-0.11372,-0.0300344,nan,-0.252897,-0.000346154,-0.194713,-0.6929,nan,-1.3724,-0.853171,-0.924511,-0.861577,0.229395,0.204615,-1.18215,-0.0168462,0.165385,-1.5
2957,-120.611,412.13,-0.279617,0.0833333,0.875,0.146115,1.44184,0.834969,-0.00928904,5.99556,5.92593e-05,0.0144757,0.403456,13200.2,0.584096,0.3468,-0.4,0.25,1,844.144,3.63356e+07,0.17114,0.00719749,0.111117,0.00360097,-0.806293,0.123639,-0.0713478,nan,nan,nan,nan,-0.0192926,-0.077877,-0.0233339,nan,-0.186965,-0.000652174,-0.138011,-0.515863,nan,-0.958258,-0.671759,-0.685191,-0.629739,0.172038,0.16087,-0.867304,-0.0128696,0.108152,-1.5
2958,-121.302,412.382,-0.305413,0.0833333,1.33333,0.140395,1.45787,0.892417,-0.00973766,5.99557,5.92593e-05,0.0144111,0.403441,13083.8,0.612157,0.327019,-0.4,0.25,1,845.084,3.63479e+07,0.16484,0.00769007,0.10882,0.003359,-0.800964,0.123715,-0.0725029,nan,nan,nan,nan,-0.0209637,-0.0853196,-0.0237727,nan,-0.187255,-0.000205882,-0.14218,-0.51495,nan,-0.925455,-0.621514,-0.683931,-0.642706,0.166426,0.166,-0.875294,-0.0144118,0.144118,-1.5
2959,-128.005,445.032,-0.293245,0.125,1.16667,0.141082,1.46368,0.791427,-0.0102304,5.99553,5.92593e-05,0.0127342,0.403476,14055.6,0.570511,0.30373,-0.4,0.25,1,845.96,3.63602e+07,0.177664,0.00775238,0.117337,0.00361046,-0.869095,0.13351,-0.0772129,nan,nan,nan,nan,-0.022411,-0.0967823,-0.0248755,nan,-0.202453,-0.000129032,-0.139784,-0.559261,nan,-1.01829,-0.644245,-0.742034,-0.706548,0.181568,0.168129,-0.952774,-0.0146452,0.152419,-1.5
2960,-128.168,446.8,-0.293592,0.125,1.125,0.142758,1.46171,0.830864,-0.00975463,5.99631,5.92593e-05,0.00531994,0.40348,15613.6,0.534892,0.252113,-0.4,0.25,1,846.748,3.63725e+07,0.167279,0.00773668,0.11877,0.00368552,-0.867412,0.13404,-0.0785167,nan,nan,nan,nan,-0.0238037,-0.100274,-0.0266783,nan,-0.202536,-0.000166667,-0.156769,-0.556852,nan,-0.944237,-0.776182,-0.742799,-0.6731,0.18097,0.181333,-0.954267,-0.0142,0.162083,-1.5
2961,-140.095,511.192,-0.276621,0.208333,0.875,0.137148,1.46241,0.764181,-0.00828621,5.99643,5.92593e-05,0.00735081,0.403517,16551.5,0.499424,0.242985,-0.4,0.25,1,847.492,3.63848e+07,0.20181,0.00907205,0.135051,0.00370488,-0.997729,0.153358,-0.0833077,nan,nan,nan,nan,-0.0233022,-0.0992991,-0.0273851,nan,-0.23196,-0.000153846,-0.165421,-0.63798,nan,-1.26276,-0.608623,-0.842436,-0.788308,0.212134,0.182462,-1.08031,-0.0160769,0.127404,-1.5
2962,-114.936,406.35,-0.26863,0.125,0.708333,0.138876,1.46648,0.741272,-0.0121953,5.99631,5.92593e-05,0.0164135,0.403467,16380.4,0.503223,0.246942,-0.4,0.25,1,848.244,3.63971e+07,0.185713,0.0075738,0.110295,0.00402091,-0.78984,0.121905,-0.084525,nan,nan,nan,nan,-0.0237671,-0.101979,-0.0272121,nan,-0.183917,-5e-05,-0.165044,-0.513435,nan,-0.69717,-0.718973,-0.671729,-0.6093,0.16989,0.192,-0.8682,-0.0156,0.135625,-1.5
2963,-124.759,428.429,-0.292098,0.125,1.04167,0.145294,1.46783,0.789932,-0.00737418,5.994,5.92593e-05,0.00545116,0.403403,13291.1,0.568788,0.35574,-0.4,0.25,1,849.169,3.64093e+07,0.164798,0.00841788,0.113823,0.00349316,-0.841551,0.128529,-0.0760107,nan,nan,nan,nan,-0.0212961,-0.0853836,-0.0245475,nan,-0.194482,-0.000428571,-0.157145,-0.530159,nan,-0.963062,-0.641951,-0.710982,-0.639964,0.179122,0.167286,-0.926571,-0.0156429,0.119196,-1.5
2964,-141.2,505.125,-0.27371,0.208333,0.791667,0.139725,1.43009,0.651785,-0.00994964,5.99252,5.92593e-05,0.0113392,0.403391,13194.8,0.604032,0.327245,-0.4,0.25,1,850.102,3.64216e+07,0.201676,0.00920527,0.135856,0.00363533,-0.984053,0.151537,-0.0851042,nan,nan,nan,nan,-0.0231933,-0.0968753,-0.0275637,nan,-0.228921,-0.000416667,-0.178542,-0.625807,nan,-1.22299,-0.883644,-0.840939,-0.76575,0.208887,0.173333,-1.0805,-0.0151667,0.11875,-1.5
2965,-123.643,429.176,-0.308358,0.0833333,1.33333,0.14535,1.44577,0.768396,-0.00928221,5.99214,5.92593e-05,0.00785336,0.403385,13692.7,0.571875,0.325537,-0.4,0.25,1,851.001,3.64339e+07,0.18761,0.00775667,0.115952,0.00347928,-0.829163,0.128753,-0.0758971,nan,nan,nan,nan,-0.0213067,-0.081989,-0.0245122,nan,-0.19397,-0.000117647,-0.161996,-0.526575,nan,-0.95237,-0.587688,-0.702527,-0.631765,0.180134,0.159412,-0.912588,-0.0138824,0.128309,-1.5
2966,-123.553,430.444,-0.287728,0.166667,0.958333,0.142113,1.46808,0.760596,-0.00891989,5.99076,5.92593e-05,0.0148309,0.403329,13454.5,0.585896,0.327405,-0.4,0.25,1,851.915,3.64462e+07,0.188808,0.00779983,0.11517,0.00314272,-0.841007,0.129133,-0.0695481,nan,nan,nan,nan,-0.0182642,-0.0746425,-0.0214903,nan,-0.194374,-7.40741e-05,-0.156054,-0.546034,nan,-1.08614,-0.528953,-0.705956,-0.681889,0.179241,0.148,-0.921333,-0.0134815,0.109722,-1.5
2967,-129.837,463.561,-0.318546,0.208333,1.5,0.139545,1.45239,0.826081,-0.00840867,5.9889,5.92593e-05,0.00651951,0.403309,16382.8,0.509923,0.240131,-0.4,0.25,1,852.667,3.64585e+07,0.178293,0.00875399,0.12498,0.00410747,-0.898371,0.139068,-0.0936902,nan,nan,nan,nan,-0.0240619,-0.0990833,-0.0289624,nan,-0.209982,-0.000146341,-0.160563,-0.570425,nan,-0.930371,-0.743164,-0.763534,-0.712098,0.193983,0.187317,-0.982341,-0.0181951,0.15122,-1.5
2968,-132.887,467.517,-0.288794,0.166667,1.04167,0.144127,1.46409,0.818516,-0.010698,5.98864,5.92593e-05,0.0155123,0.403334,16545.5,0.506866,0.235813,-0.4,0.25,1,853.411,3.64708e+07,0.176821,0.00746375,0.124532,0.00375185,-0.914311,0.140255,-0.0818241,nan,nan,nan,nan,-0.0221336,-0.0901359,-0.0258027,nan,-0.211296,-0.000275862,-0.181994,-0.588962,nan,-1.09472,-0.719814,-0.773673,-0.717517,0.195098,0.176138,-0.998759,-0.0141379,0.160776,-1.5
2969,-118.45,375.222,-0.269451,0.0416667,0.708333,0.139061,1.46299,0.584185,-0.00838502,5.98934,5.92593e-05,0.0157902,0.403349,15457.9,0.492913,0.302022,-0.4,0.25,1,854.208,3.64831e+07,0.137646,0.00640158,0.095388,0.0025092,-0.734087,0.112567,-0.0508111,nan,nan,nan,nan,-0.0165231,-0.0628949,-0.0164208,nan,-0.170458,-0.000388889,-0.124224,-0.478447,nan,-1.06912,-0.510751,-0.626761,-0.602,0.155727,0.106222,-0.809111,-0.00844444,0.101389,-1.5
2970,-120.403,406.323,-0.303357,0.0833333,1.20833,0.141187,1.43814,0.859342,-0.00837018,5.98815,5.92593e-05,0.00800131,0.403251,12813.4,0.59818,0.36082,-0.4,0.25,1,855.168,3.64954e+07,0.18445,0.00691799,0.107875,0.00317749,-0.792069,0.121897,-0.0691935,nan,nan,nan,nan,-0.0180977,-0.0754986,-0.0219427,nan,-0.183993,-0.000193548,-0.135626,-0.510767,nan,-0.988242,-0.600443,-0.667616,-0.636677,0.173379,0.143097,-0.873935,-0.012129,0.131855,-1.5
2971,-114.392,366.455,-0.280431,0.0833333,0.833333,0.138998,1.47043,0.653184,-0.00967638,5.98456,5.92593e-05,0.0117573,0.403151,13317.8,0.595837,0.326837,-0.4,0.25,1,856.093,3.65076e+07,0.148842,0.00636471,0.0945018,0.00263908,-0.713877,0.109936,-0.0588136,nan,nan,nan,nan,-0.0166694,-0.0683314,-0.0193601,nan,-0.166316,-0.000590909,-0.122948,-0.468551,nan,-0.952684,-0.625355,-0.610139,-0.570682,0.151941,0.126909,-0.788364,-0.0116364,0.111932,-1.5
2972,-110.166,341.524,-0.27701,0.0833333,0.791667,0.141865,1.45467,0.671865,-0.0106663,5.98172,5.92593e-05,0.00809502,0.403072,13119.7,0.601178,0.335427,-0.4,0.25,1,857.031,3.65199e+07,0.144886,0.00660764,0.0893318,0.00160911,-0.673973,0.102457,-0.0413,nan,nan,nan,nan,-0.0113336,-0.0468291,-0.0128121,nan,-0.15472,0,-0.114761,-0.435565,nan,-1.12189,-0.393502,-0.563184,-0.538,0.142022,0.0866667,-0.740571,-0.00838095,0.0571429,-1.5
2973,-121.341,392.741,-0.292204,0.0416667,1.08333,0.13916,1.48361,0.808665,-0.0096826,5.97965,5.92593e-05,0.0098016,0.403007,15825.7,0.540288,0.236172,-0.4,0.25,1,857.809,3.65322e+07,0.165506,0.00742757,0.10639,0.00247859,-0.760561,0.117822,-0.0569185,nan,nan,nan,nan,-0.0149805,-0.0602333,-0.0174199,nan,-0.177322,-0.00111111,-0.144925,-0.492161,nan,-1.1329,-0.510775,-0.648436,-0.598667,0.166147,0.120593,-0.843704,-0.0115556,0.087037,-1.5
2974,-108.33,356.304,-0.280215,0.125,0.833333,0.143106,1.48903,0.696979,-0.00982209,5.97739,5.92593e-05,0.0052809,0.402932,15941.3,0.512971,0.257855,-0.4,0.25,1,858.581,3.65445e+07,0.134688,0.00622896,0.0975881,0.00282282,-0.689562,0.106891,-0.0672783,nan,nan,nan,nan,-0.0169631,-0.0704723,-0.0210297,nan,-0.161951,-0.000869565,-0.108019,-0.439812,nan,-0.801489,-0.665952,-0.590143,-0.541043,0.148231,0.132,-0.769043,-0.0127826,0.1,-1.5
2975,-136.973,481.267,-0.292933,0.166667,1.08333,0.143372,1.48178,0.622652,-0.00979099,5.9749,5.92593e-05,0.00849737,0.402818,11675.3,0.635284,0.417195,-0.4,0.25,1,859.634,3.65568e+07,0.19299,0.00858046,0.123221,0.00365498,-0.944864,0.14438,-0.07801,nan,nan,nan,nan,-0.0226096,-0.0943273,-0.0255311,nan,-0.218676,-0.000233333,-0.15054,-0.603812,nan,-1.15403,-0.605839,-0.796748,-0.7976,0.203982,0.167867,-1.02373,-0.0159333,0.139167,-1.5
2976,-130.021,449.32,-0.278715,0.166667,0.875,0.143646,1.47142,0.71536,-0.00947182,5.97163,5.92593e-05,0.00824562,0.402743,12568.1,0.647155,0.330559,-0.4,0.25,1,860.614,3.65691e+07,0.186602,0.00726715,0.12212,0.00291253,-0.865198,0.134796,-0.063156,nan,nan,nan,nan,-0.016109,-0.0676818,-0.0201448,nan,-0.203211,-0.00044,-0.147489,-0.54848,nan,-1.29835,-0.57785,-0.736129,-0.71184,0.190739,0.13872,-0.95264,-0.01144,0.1035,-1.5
2977,-126.26,436.467,-0.289773,0.208333,1.04167,0.144557,1.43545,0.804604,-0.00807048,5.97012,5.92593e-05,0.0119679,0.4027,12249.1,0.612368,0.390811,-0.4,0.25,1,861.619,3.65814e+07,0.170533,0.00852034,0.116617,0.00306938,-0.854486,0.13094,-0.0677367,nan,nan,nan,nan,-0.0187937,-0.0773663,-0.0216005,nan,-0.197944,-0.000266667,-0.155409,-0.548088,nan,-1.12092,-0.636467,-0.721831,-0.6803,0.186754,0.146,-0.9376,-0.0135333,0.120833,-1.5
2978,-147.126,523.393,-0.292725,0.0833333,1.08333,0.142411,1.41614,0.837872,-0.00969324,5.9686,5.92593e-05,0.00985407,0.402634,14028.1,0.593116,0.282842,-0.4,0.25,1,862.496,3.65937e+07,0.200045,0.00843473,0.136442,0.00427461,-1.01249,0.157018,-0.09885,nan,nan,nan,nan,-0.0261069,-0.111308,-0.0307143,nan,-0.237619,-0.000142857,-0.167867,-0.655333,nan,-1.17938,-0.74118,-0.869123,-0.852321,0.21444,0.204143,-1.11586,-0.0174286,0.174554,-1.5
2979,-147.398,549.818,-0.266033,0.291667,0.625,0.1427,1.40842,0.562067,-0.00682757,5.96596,5.92593e-05,0.00576453,0.402534,16092.4,0.521995,0.241596,-0.4,0.25,1,863.261,3.6606e+07,0.229733,0.0111275,0.148391,0.00327205,-1.066,0.164945,-0.0867045,nan,nan,nan,nan,-0.0205161,-0.0855004,-0.0261074,nan,-0.249654,-0.0005,-0.184208,-0.675826,nan,-1.55061,-0.621588,-0.906169,-0.857318,0.227659,0.180909,-1.16309,-0.0168182,0.140909,-1.5
2980,-143.244,550.12,-0.270279,0.333333,0.708333,0.140159,1.43009,0.721408,-0.0111879,5.96257,5.92593e-05,0.0126069,0.402438,16082,0.522362,0.241723,-0.4,0.25,1,864.027,3.66182e+07,0.231832,0.0116104,0.14876,0.00452341,-1.06538,0.165036,-0.094032,nan,nan,nan,nan,-0.0250693,-0.104916,-0.0297566,nan,-0.249048,-0.00012,-0.181976,-0.686364,nan,-1.29337,-0.69183,-0.904557,-0.84564,0.23523,0.20176,-1.16368,-0.01688,0.184,-1.5
2981,-137.704,492.148,-0.288858,0.125,1,0.140222,1.4544,0.700539,-0.00977283,5.96005,5.92593e-05,0.0124051,0.40234,16570,0.499991,0.241592,-0.4,0.25,1,864.77,3.66305e+07,0.2286,0.00763214,0.133717,0.00409451,-0.952452,0.147644,-0.094637,nan,nan,nan,nan,-0.0225819,-0.0941363,-0.0283221,nan,-0.22292,-0.000333333,-0.158933,-0.612654,nan,-1.13484,-0.679946,-0.811332,-0.780556,0.208833,0.186963,-1.03837,-0.0154815,0.127778,-1.5
2982,-136.462,494.955,-0.271654,0.208333,0.708333,0.141983,1.46229,0.613791,-0.0099663,5.95707,5.92593e-05,0.0103462,0.402251,13991.5,0.549755,0.328494,-0.4,0.25,1,865.649,3.66428e+07,0.212963,0.00855797,0.134999,0.00365162,-0.961556,0.148486,-0.0859273,nan,nan,nan,nan,-0.0211641,-0.0879723,-0.0257443,nan,-0.223833,-0.000454545,-0.185632,-0.620588,nan,-1.23261,-0.622196,-0.817322,-0.764045,0.210801,0.172,-1.054,-0.0153636,0.134659,-1.5
2983,-125.248,421.615,-0.288015,0.0833333,1,0.143642,1.44599,0.788363,-0.00935935,5.95493,5.92593e-05,0.0114391,0.402227,11882.6,0.651799,0.382314,-0.4,0.25,1,866.685,3.66551e+07,0.174892,0.00810986,0.111076,0.00288264,-0.80988,0.126485,-0.0610385,nan,nan,nan,nan,-0.0176113,-0.0698094,-0.0190288,nan,-0.190866,0,-0.145227,-0.538516,nan,-1.12212,-0.568205,-0.699062,-0.667269,0.180888,0.132154,-0.902769,-0.0104615,0.0764423,-1.5
2984,-129.557,461.042,-0.273773,0.208333,0.791667,0.140375,1.47594,0.673448,-0.0103905,5.95444,5.92593e-05,0.00885543,0.402219,11495.5,0.669896,0.399042,-0.4,0.25,1,867.755,3.66674e+07,0.201897,0.0081199,0.121962,0.00319523,-0.895898,0.138312,-0.0723292,nan,nan,nan,nan,-0.0206729,-0.0848968,-0.0232363,nan,-0.20943,-0.000333333,-0.153214,-0.567777,nan,-1.17824,-0.641805,-0.765474,-0.716375,0.188441,0.1645,-0.981833,-0.0151667,0.129688,-1.5
2985,-132.411,487.6,-0.263264,0.25,0.583333,0.142774,1.47884,0.665119,-0.0108296,5.95315,5.92593e-05,0.0101565,0.402152,12739,0.640429,0.32417,-0.4,0.25,1,868.721,3.66797e+07,0.212592,0.00869388,0.130463,0.00363057,-0.947838,0.14628,-0.079285,nan,nan,nan,nan,-0.021568,-0.0911423,-0.0259379,nan,-0.220649,-0.00125,-0.16135,-0.621054,nan,-1.22994,-0.651751,-0.809206,-0.76245,0.2073,0.1752,-1.0374,-0.0153,0.15625,-1.5
2986,-139.91,487.605,-0.309216,0.166667,1.41667,0.1396,1.49976,0.707537,-0.00990545,5.95059,5.92593e-05,0.0121693,0.402049,13110.8,0.629647,0.307598,-0.4,0.25,1,869.66,3.6692e+07,0.210972,0.0086606,0.129041,0.00268964,-0.944428,0.146282,-0.0679816,nan,nan,nan,nan,-0.0194767,-0.0817522,-0.0220945,nan,-0.221139,-0.000157895,-0.16384,-0.623054,nan,-1.39977,-0.539904,-0.807241,-0.772895,0.205939,0.147684,-1.04274,-0.0120526,0.128618,-1.5
2987,-131.366,475.143,-0.267518,0.166667,0.708333,0.140992,1.4719,0.787992,-0.0110221,5.94681,5.92593e-05,0.0107935,0.401912,11839.5,0.658707,0.379172,-0.4,0.25,1,870.7,3.67043e+07,0.194981,0.00903687,0.127949,0.00342436,-0.916099,0.142543,-0.0761333,nan,nan,nan,nan,-0.0201089,-0.0870284,-0.024166,nan,-0.215115,-9.52381e-05,-0.149062,-0.585681,nan,-1.21504,-0.636166,-0.781268,-0.734429,0.200861,0.165714,-1.00895,-0.0161905,0.145833,-1.5
2988,-126.316,425.259,-0.287903,0.125,1,0.143664,1.46586,0.68969,-0.011031,5.943,5.92593e-05,0.0124729,0.40182,13066.9,0.628271,0.312118,-0.4,0.25,1,871.641,3.67165e+07,0.175121,0.00740693,0.112098,0.0025261,-0.827429,0.127578,-0.0640704,nan,nan,nan,nan,-0.0175741,-0.0713318,-0.0205479,nan,-0.192963,-0.000222222,-0.137403,-0.528204,nan,-1.19724,-0.564466,-0.703868,-0.670556,0.177424,0.135259,-0.915556,-0.0120741,0.0990741,-1.5
2989,-130.123,460.826,-0.279975,0.125,0.833333,0.142181,1.47784,0.821819,-0.00907008,5.9412,5.92593e-05,0.0096593,0.401778,12240.2,0.653095,0.350813,-0.4,0.25,1,872.647,3.67288e+07,0.205599,0.00878216,0.124482,0.00360876,-0.893926,0.138248,-0.0804391,nan,nan,nan,nan,-0.0218281,-0.0920535,-0.0258729,nan,-0.208701,-0.000347826,-0.151556,-0.574555,nan,-1.06594,-0.805577,-0.759981,-0.709565,0.195197,0.179652,-0.981391,-0.0151304,0.154348,-1.5
2990,-123.002,428,-0.286523,0.166667,1,0.14473,1.4549,0.73065,-0.0101734,5.94031,5.92593e-05,0.0131212,0.401754,13054.9,0.613486,0.327768,-0.4,0.25,1,873.589,3.67411e+07,0.165269,0.00770644,0.113858,0.00317915,-0.830504,0.1284,-0.0660071,nan,nan,nan,nan,-0.0189949,-0.0753987,-0.0217862,nan,-0.193712,0,-0.148538,-0.540191,nan,-1.06729,-0.550781,-0.706858,-0.632143,0.180862,0.148429,-0.907429,-0.0122857,0.140179,-1.5
2991,-136.83,487.773,-0.271956,0.125,0.791667,0.137081,1.46891,0.78018,-0.010241,5.93942,3.95062e-05,0.0210909,0.401714,11416,0.686035,0.390346,-0.4,0.25,1,874.667,3.67534e+07,0.195673,0.00765313,0.129777,0.00400571,-0.951281,0.146332,-0.08405,nan,nan,nan,nan,-0.0237906,-0.0983671,-0.0266821,nan,-0.221376,-0.000363636,-0.160226,-0.611438,nan,-1.12439,-0.702768,-0.80459,-0.753818,0.205539,0.181091,-1.03782,-0.016,0.136932,-1.5
2992,-146.153,525.125,-0.29207,0.208333,1.125,0.142276,1.492,0.974112,-0.00811383,5.93857,3.95062e-05,0.0111109,0.401696,12488.6,0.643077,0.340857,-0.4,0.25,1,875.653,3.67657e+07,0.22677,0.00913686,0.141326,0.00353351,-1.02082,0.157537,-0.0790969,nan,nan,nan,nan,-0.0204274,-0.0871112,-0.0251316,nan,-0.237875,-0.00046875,-0.169578,-0.658013,nan,-1.43819,-0.654348,-0.86674,-0.809625,0.223102,0.1705,-1.12525,-0.0130625,0.15,-1.5
2993,-122.185,437.303,-0.291004,0.25,1.125,0.141758,1.4591,0.867124,-0.00918082,5.93815,3.95062e-05,0.00883626,0.4017,12368.1,0.665982,0.327542,-0.4,0.25,1,876.648,3.6778e+07,0.187243,0.00793115,0.116489,0.00322796,-0.84812,0.131191,-0.0716667,nan,nan,nan,nan,-0.0187394,-0.0755845,-0.0223122,nan,-0.198214,-0.00030303,-0.141908,-0.540585,nan,-1.09555,-0.50838,-0.720055,-0.655364,0.184371,0.158667,-0.918667,-0.0137576,0.127273,-1.5
2994,-121.158,406.795,-0.308407,0.25,1.375,0.142594,1.45256,0.813307,-0.00910937,5.93778,3.95062e-05,0.00953205,0.401698,13058.5,0.618365,0.322633,-0.4,0.25,1,877.59,3.67903e+07,0.15257,0.0071511,0.109633,0.0027578,-0.789068,0.122038,-0.0652692,nan,nan,nan,nan,-0.0171573,-0.068421,-0.0207285,nan,-0.184226,-0.000358974,-0.138339,-0.517709,nan,-1.07394,-0.702996,-0.672112,-0.613615,0.171615,0.142769,-0.867487,-0.0125641,0.102564,-1.5
2995,-142.318,514.824,-0.29178,0.25,1.16667,0.139596,1.48026,0.96334,-0.00690281,5.9372,3.95062e-05,0.00874906,0.401674,12618.5,0.634782,0.339023,-0.4,0.25,1,878.566,3.68026e+07,0.199786,0.00935129,0.138287,0.00413074,-0.997688,0.154447,-0.0987412,nan,nan,nan,nan,-0.0254043,-0.106718,-0.0303692,nan,-0.233592,-0.000294118,-0.15576,-0.649305,nan,-1.12217,-0.776506,-0.851173,-0.801618,0.212612,0.206588,-1.09776,-0.0190588,0.1375,-1.5
2996,-130.703,463.029,-0.299751,0.166667,1.29167,0.137862,1.45116,0.912818,-0.00783621,5.93571,3.95062e-05,0.0106917,0.401587,12909.2,0.625124,0.326752,-0.4,0.25,1,879.519,3.68148e+07,0.183918,0.0075302,0.123271,0.00386468,-0.899769,0.138909,-0.0841914,nan,nan,nan,nan,-0.0223253,-0.0915017,-0.0265441,nan,-0.209934,-0.000571429,-0.152497,-0.579885,nan,-1.06287,-0.574864,-0.762347,-0.7236,0.194765,0.172914,-0.985829,-0.0157143,0.127857,-1.5
2997,-108.816,379.348,-0.271888,0.166667,0.791667,0.141591,1.43697,0.825708,-0.00904467,5.93335,3.95062e-05,0.00648758,0.401573,12856,0.633478,0.322342,-0.4,0.25,1,880.477,3.68271e+07,0.151473,0.00698425,0.0995663,0.00318795,-0.731601,0.113804,-0.0671043,nan,nan,nan,nan,-0.0186137,-0.0755665,-0.0212723,nan,-0.171734,-0.000130435,-0.120517,-0.476554,nan,-0.853923,-0.471973,-0.624699,-0.586826,0.157723,0.145565,-0.814435,-0.0132174,0.127174,-1.5
2998,-128.146,440.033,-0.295795,0.125,1.125,0.13965,1.46731,0.904213,-0.00687585,5.93315,3.95062e-05,0.00730725,0.401564,14561.9,0.579891,0.263957,-0.4,0.25,1,881.341,3.68394e+07,0.177366,0.00758501,0.115776,0.00277519,-0.851337,0.13201,-0.0645933,nan,nan,nan,nan,-0.0191112,-0.0792327,-0.0211779,nan,-0.199682,-0.000366667,-0.156495,-0.565642,nan,-1.16925,-0.562355,-0.731131,-0.6768,0.184758,0.141067,-0.938267,-0.0123333,0.135417,-1.5
2999,-109.599,362.886,-0.301762,0.166667,1.29167,0.140366,1.49278,0.730601,-0.00935091,5.9321,3.95062e-05,0.0114931,0.401506,12564,0.59744,0.38059,-0.4,0.25,1,882.32,3.68517e+07,0.141756,0.00576032,0.0976817,0.0025547,-0.700635,0.108866,-0.05792,nan,nan,nan,nan,-0.0160401,-0.0640029,-0.0188098,nan,-0.164627,-0.000428571,-0.133051,-0.45771,nan,-0.922728,-0.50151,-0.600986,-0.543943,0.152424,0.1256,-0.773943,-0.0106286,0.109286,-1.5
3000,-134.822,497.29,-0.282213,0.291667,1,0.13809,1.49449,0.817508,-0.00808974,5.93047,3.95062e-05,0.00710908,0.401495,13085.9,0.610875,0.32815,-0.4,0.25,1,883.261,3.6864e+07,0.199254,0.00845195,0.132874,0.00440432,-0.957926,0.149187,-0.0998677,nan,nan,nan,nan,-0.0264823,-0.116049,-0.0306573,nan,-0.225628,-0.000387097,-0.157434,-0.613975,nan,-1.00867,-0.890545,-0.819221,-0.766935,0.205159,0.206323,-1.0609,-0.0193548,0.164919,-1.5
3001,-98.2067,312.333,-0.282841,0.0416667,0.958333,0.138487,1.46655,0.857167,-0.00859906,5.93016,3.95062e-05,0.0068943,0.401495,15621.5,0.538298,0.248312,-0.4,0.25,1,885.999,3.68763e+07,0.141414,0.00590623,0.0791051,0.00246645,-0.60098,0.0937,-0.0556667,nan,nan,nan,nan,-0.017503,-0.0691265,-0.0180981,nan,-0.141818,-4.16667e-05,-0.108711,-0.391986,nan,-0.69164,-0.453118,-0.515962,-0.48775,0.127997,0.126667,-0.6775,-0.00925,0.113542,-1.5
3002,-125.019,441.071,-0.290439,0.125,1.04167,0.140241,1.45207,0.79189,-0.00834225,5.92979,3.95062e-05,0.0121307,0.401502,16017.8,0.521656,0.245492,-0.4,0.25,1,886.768,3.68886e+07,0.163998,0.00820361,0.11852,0.00348309,-0.853025,0.132321,-0.0816071,nan,nan,nan,nan,-0.0223619,-0.089268,-0.0261987,nan,-0.198854,-0.000107143,-0.185217,-0.540724,nan,-0.952736,-0.685475,-0.726947,-0.63975,0.188836,0.176,-0.944143,-0.0147143,0.135714,-1.5
3003,-144.684,515.034,-0.291382,0.125,1.08333,0.13795,1.44689,0.744452,-0.00807762,5.92971,3.95062e-05,0.00910197,0.401502,15054.2,0.521027,0.295223,-0.4,0.25,1,887.585,3.69009e+07,0.204324,0.00884901,0.137324,0.0040975,-0.998439,0.15451,-0.0905552,nan,nan,nan,nan,-0.0242566,-0.103757,-0.0288379,nan,-0.233346,-0.00106897,-0.173476,-0.634246,nan,-1.21482,-0.786027,-0.846083,-0.792931,0.212263,0.201241,-1.08731,-0.0156552,0.1375,-1.5
3004,-127.193,475.55,-0.2642,0.208333,0.625,0.138945,1.45966,0.591048,-0.00800421,5.92904,3.95062e-05,0.00967674,0.401487,16066.7,0.511701,0.253111,-0.4,0.25,1,888.351,3.69132e+07,0.205685,0.00795482,0.132683,0.00377011,-0.918463,0.142665,-0.094545,nan,nan,nan,nan,-0.0226252,-0.0957863,-0.0291536,nan,-0.215685,-0.00035,-0.158813,-0.597101,nan,-1.01265,-0.674491,-0.781464,-0.7113,0.196468,0.2028,-0.9986,-0.0175,0.168125,-1.5
3005,-123.306,426.864,-0.274091,0.125,0.791667,0.142077,1.49431,0.733595,-0.00831453,5.92794,3.95062e-05,0.00926335,0.401452,16503.1,0.499978,0.244609,-0.4,0.25,1,889.097,3.69254e+07,0.17866,0.00862155,0.115292,0.00317313,-0.827385,0.128059,-0.0712,nan,nan,nan,nan,-0.0188548,-0.0762749,-0.0224395,nan,-0.193261,-0.000136364,-0.133652,-0.540988,nan,-1.07435,-0.59958,-0.702832,-0.650864,0.176573,0.156909,-0.907636,-0.0113636,0.111932,-1.5
3006,-147.397,542,-0.267571,0.208333,0.708333,0.141189,1.48106,0.743346,-0.00970939,5.92662,3.95062e-05,0.00671911,0.401415,16213.3,0.505123,0.252774,-0.4,0.25,1,889.857,3.69377e+07,0.227432,0.00990169,0.146124,0.00345366,-1.04746,0.1626,-0.0919455,nan,nan,nan,nan,-0.025277,-0.101466,-0.0290251,nan,-0.245024,-0.000181818,-0.196041,-0.682608,nan,-1.36055,-0.672546,-0.89708,-0.815455,0.228442,0.192727,-1.16,-0.0146364,0.127273,-1.5
3007,-111.617,371.731,-0.288573,0.0833333,1,0.144255,1.46319,0.677691,-0.0090705,5.92546,3.95062e-05,0.0111896,0.401372,15689.3,0.521045,0.262162,-0.4,0.25,1,890.641,3.695e+07,0.166818,0.00736607,0.100596,0.00285226,-0.719055,0.111519,-0.0652731,nan,nan,nan,nan,-0.0173456,-0.0675464,-0.0197413,nan,-0.168342,-0.000307692,-0.116371,-0.477016,nan,-0.891804,-0.583612,-0.609534,-0.560654,0.154202,0.141846,-0.790923,-0.0125385,0.128846,-1.5
3008,-128.806,478.364,-0.267009,0.25,0.666667,0.139423,1.46319,0.676059,-0.00892454,5.92375,3.95062e-05,0.00847708,0.401306,15359,0.551802,0.248249,-0.4,0.25,1,891.442,3.69623e+07,0.207717,0.00940886,0.13053,0.00355061,-0.923531,0.143509,-0.0798682,nan,nan,nan,nan,-0.0204176,-0.086817,-0.0253749,nan,-0.216634,0,-0.16116,-0.600143,nan,-1.18154,-0.764731,-0.786655,-0.727227,0.197964,0.170727,-1.01836,-0.0159091,0.152273,-1.5
3009,-142.09,514.759,-0.283184,0.208333,1,0.134567,1.43439,0.69415,-0.00879411,5.92185,3.95062e-05,0.00894742,0.401279,16065.3,0.522726,0.242151,-0.4,0.25,1,892.209,3.69746e+07,0.215988,0.0084058,0.134584,0.0038659,-0.996496,0.154428,-0.0847345,nan,nan,nan,nan,-0.0247123,-0.102908,-0.0279952,nan,-0.233495,-0.000448276,-0.193243,-0.659156,nan,-1.21728,-0.67837,-0.853822,-0.781034,0.214121,0.18731,-1.12179,-0.0155172,0.185776,-1.5
3010,-147.888,554.593,-0.275867,0.291667,0.833333,0.135239,1.45083,0.877005,-0.0073385,5.92161,3.95062e-05,0.00669152,0.401274,16213.3,0.506081,0.251814,-0.4,0.25,1,892.968,3.69869e+07,0.244768,0.00836663,0.148223,0.0040106,-1.07683,0.166378,-0.0998,nan,nan,nan,nan,-0.0260027,-0.113461,-0.0315853,nan,-0.250988,-0.000185185,-0.197369,-0.699483,nan,-1.32048,-0.77128,-0.919663,-0.850778,0.231247,0.215852,-1.17807,-0.0180741,0.166204,-1.5
3011,-138.665,490.619,-0.274839,0.0833333,0.791667,0.139332,1.47149,0.837277,-0.00792112,5.92113,3.95062e-05,0.0123298,0.401238,16273.7,0.511401,0.243683,-0.4,0.25,1,893.724,3.69992e+07,0.192409,0.00984065,0.132584,0.00358866,-0.945906,0.147186,-0.0798619,nan,nan,nan,nan,-0.0213616,-0.0892892,-0.0254716,nan,-0.222239,-0.000428571,-0.18365,-0.604607,nan,-1.27268,-0.584385,-0.814348,-0.755429,0.200789,0.169143,-1.05638,-0.015619,0.156548,-1.5
3012,-131.104,464,-0.287134,0.166667,1,0.141151,1.48172,0.666228,-0.00986866,5.91909,3.95062e-05,0.00677173,0.401141,15919.2,0.523349,0.248548,-0.4,0.25,1,894.497,3.70115e+07,0.197724,0.009528,0.124889,0.00307765,-0.88804,0.1392,-0.0712786,nan,nan,nan,nan,-0.0210062,-0.0878002,-0.0238053,nan,-0.209813,-0.000357143,-0.1651,-0.57996,nan,-1.20022,-0.588381,-0.769001,-0.680786,0.194957,0.150286,-0.998429,-0.0137857,0.124554,-1.5
3013,-116.835,401.917,-0.282228,0.0833333,0.916667,0.140985,1.44179,0.731761,-0.00886994,5.91683,3.95062e-05,0.0089305,0.401104,16319.1,0.505342,0.247643,-0.4,0.25,1,895.252,3.70237e+07,0.182909,0.00675934,0.11063,0.00314737,-0.769705,0.120575,-0.0786875,nan,nan,nan,nan,-0.0206635,-0.0875781,-0.0245231,nan,-0.181087,-0.0005,-0.155253,-0.490061,nan,-0.840659,-0.70934,-0.664971,-0.603,0.16654,0.172833,-0.857333,-0.0129167,0.147917,-1.5
3014,-138.956,493.789,-0.265182,0.125,0.666667,0.142743,1.46008,0.814729,-0.0088679,5.91551,3.95062e-05,0.0108367,0.401022,16280.1,0.506318,0.24847,-0.4,0.25,1,896.008,3.7036e+07,0.198225,0.00858267,0.136319,0.00348571,-0.950292,0.148137,-0.0762211,nan,nan,nan,nan,-0.018939,-0.07505,-0.0237465,nan,-0.221942,-0.000421053,-0.21509,-0.615332,nan,-1.33507,-0.590556,-0.808587,-0.712895,0.210105,0.152,-1.06526,-0.014,0.119737,-1.5
3015,-111.51,355.767,-0.295542,0.125,1.125,0.142144,1.4451,0.867609,-0.00840018,5.91234,3.95062e-05,0.00879602,0.400918,16295.9,0.51031,0.243746,-0.4,0.25,1,896.763,3.70483e+07,0.142714,0.00568664,0.0936712,0.00228149,-0.68355,0.10673,-0.0517233,nan,nan,nan,nan,-0.0158167,-0.0624114,-0.0164624,nan,-0.16108,-3.33333e-05,-0.138854,-0.455132,nan,-0.986494,-0.457761,-0.593791,-0.5754,0.14653,0.111067,-0.774267,-0.0105333,0.103333,-1.5
3016,-118.68,407,-0.284009,0.125,0.916667,0.143157,1.45938,0.704356,-0.00898697,5.90948,3.95062e-05,0.00976427,0.400857,15976.2,0.518883,0.250259,-0.4,0.25,1,897.534,3.70606e+07,0.163193,0.00765774,0.112683,0.00278901,-0.777618,0.1221,-0.071808,nan,nan,nan,nan,-0.0194991,-0.0793235,-0.0228596,nan,-0.183916,-0.0004,-0.152047,-0.508272,nan,-0.982488,-0.554509,-0.672279,-0.606,0.16637,0.14976,-0.87728,-0.0148,0.118,-1.5
3017,-124.664,436.28,-0.280847,0.166667,0.875,0.138342,1.43757,0.709114,-0.0076724,5.90839,3.95062e-05,0.00839232,0.400872,16509.2,0.50289,0.241421,-0.4,0.25,1,898.279,3.70729e+07,0.167216,0.00894844,0.118741,0.00298601,-0.839578,0.130884,-0.074068,nan,nan,nan,nan,-0.0192246,-0.0825499,-0.0234998,nan,-0.196677,-0.0004,-0.171072,-0.549737,nan,-1.10548,-0.60369,-0.720515,-0.67248,0.183141,0.15904,-0.93424,-0.0132,0.1415,-1.5
3018,-117.721,387.8,-0.291053,0.125,1.125,0.135345,1.44199,0.856146,-0.00870392,5.90897,3.95062e-05,0.0104544,0.400877,15475.6,0.526159,0.267866,-0.4,0.25,1,899.075,3.70852e+07,0.164392,0.00679508,0.101315,0.00256644,-0.749999,0.11634,-0.05968,nan,nan,nan,nan,-0.0167212,-0.0723521,-0.0189982,nan,-0.175256,-0.000166667,-0.132749,-0.504266,nan,-1.04103,-0.603319,-0.640518,-0.6118,0.160788,0.1284,-0.8316,-0.0118667,0.112917,-1.5
3019,-144.281,520.296,-0.279082,0.25,0.875,0.136707,1.46731,0.720581,-0.00804934,5.90858,3.95062e-05,0.0096812,0.400853,15556.8,0.537337,0.252541,-0.4,0.25,1,899.866,3.70975e+07,0.206412,0.0100527,0.140532,0.00365607,-0.996556,0.156089,-0.0765741,nan,nan,nan,nan,-0.0220252,-0.0908008,-0.0256412,nan,-0.234574,-0.000888889,-0.214068,-0.657709,nan,-1.36619,-0.724075,-0.856861,-0.756444,0.212711,0.172593,-1.1283,-0.0157778,0.163426,-1.5
3020,-148.789,527.577,-0.282036,0.166667,0.916667,0.135548,1.42787,0.798213,-0.00901802,5.90738,3.95062e-05,0.00738268,0.400806,14939.8,0.552798,0.269705,-0.4,0.25,1,900.69,3.71098e+07,0.219277,0.00951044,0.143816,0.00357793,-1.02147,0.158273,-0.0847577,nan,nan,nan,nan,-0.0237827,-0.099874,-0.0270903,nan,-0.239166,0,-0.187996,-0.680659,nan,-1.38747,-0.814497,-0.878335,-0.795808,0.22141,0.182769,-1.12369,-0.0152308,0.145673,-1.5
3021,-136.21,482.19,-0.267978,0.166667,0.708333,0.136253,1.44183,0.609461,-0.0078978,5.90495,3.95062e-05,0.00637343,0.400722,11718.6,0.660738,0.387854,-0.4,0.25,1,901.74,3.7122e+07,0.182409,0.00780068,0.132975,0.00307634,-0.93181,0.144657,-0.079319,nan,nan,nan,nan,-0.0206189,-0.088289,-0.0252897,nan,-0.217355,-0.00047619,-0.188175,-0.617467,nan,-1.23376,-0.747763,-0.79334,-0.721286,0.198049,0.175048,-1.03924,-0.0137143,0.170833,-1.5
3022,-131.521,485.762,-0.269341,0.166667,0.708333,0.136529,1.43401,0.521051,-0.0104728,5.90176,3.95062e-05,0.00870171,0.400633,11531.4,0.74315,0.322462,-0.4,0.25,1,902.808,3.71343e+07,0.205529,0.00811043,0.131178,0.00413947,-0.940121,0.145729,-0.0974286,nan,nan,nan,nan,-0.0265809,-0.111121,-0.0309046,nan,-0.220003,-0.000142857,-0.180961,-0.621822,nan,-0.955055,-0.787238,-0.801067,-0.719857,0.203099,0.203048,-1.0419,-0.0194286,0.141071,-1.5
3023,-125.104,434.5,-0.285132,0.0833333,0.916667,0.140709,1.46522,0.741154,-0.00697628,5.89887,3.95062e-05,0.00690467,0.400534,13098,0.604479,0.33368,-0.4,0.25,1,903.748,3.71466e+07,0.179935,0.00677544,0.116791,0.00349459,-0.834714,0.13035,-0.0800667,nan,nan,nan,nan,-0.0229079,-0.0993491,-0.0264079,nan,-0.196228,-0.000416667,-0.157637,-0.552346,nan,-0.923418,-0.622569,-0.716356,-0.66225,0.180643,0.173333,-0.931667,-0.0155,0.170313,-1.5
3024,-148.214,546.45,-0.27073,0.125,0.708333,0.142226,1.41778,0.667635,-0.00849897,5.89656,3.95062e-05,0.00990795,0.400494,13222.7,0.609311,0.319997,-0.4,0.25,1,904.679,3.71589e+07,0.216703,0.0115,0.150359,0.00404968,-1.04128,0.163935,-0.101405,nan,nan,nan,nan,-0.0251642,-0.108583,-0.0317021,nan,-0.246769,0,-0.192533,-0.676433,nan,-1.27171,-0.775177,-0.896393,-0.8013,0.221872,0.214,-1.1418,-0.0185,0.171875,-1.5
3025,-127.641,443,-0.298158,0.166667,1.16667,0.137186,1.45882,0.783609,-0.00766171,5.89599,3.95062e-05,0.00743077,0.400495,13101.8,0.605095,0.332788,-0.4,0.25,1,905.618,3.71712e+07,0.189169,0.00760188,0.119752,0.00276584,-0.849517,0.1329,-0.0713906,nan,nan,nan,nan,-0.0196735,-0.0825632,-0.0236525,nan,-0.199974,-6.25e-05,-0.178577,-0.561724,nan,-1.17689,-0.619818,-0.732828,-0.648562,0.186519,0.148625,-0.950625,-0.0125625,0.135937,-1.5
3026,-133.028,476.48,-0.280699,0.0833333,0.958333,0.138186,1.47152,0.919478,-0.00812621,5.8958,3.95062e-05,0.0109585,0.400492,11876.1,0.659447,0.375233,-0.4,0.25,1,906.655,3.71835e+07,0.181178,0.00859687,0.128437,0.003824,-0.91691,0.142944,-0.093848,nan,nan,nan,nan,-0.0235595,-0.0974145,-0.0284671,nan,-0.21492,-4e-05,-0.198227,-0.603626,nan,-1.01739,-0.653507,-0.778772,-0.69456,0.200093,0.19728,-1.02416,-0.01728,0.1505,-1.5
3027,-146.417,543.733,-0.284947,0.25,1,0.134358,1.47317,0.809033,-0.00780329,5.89516,3.95062e-05,0.00547297,0.400456,12479.6,0.605379,0.37927,-0.4,0.25,1,907.641,3.71958e+07,0.248606,0.0108578,0.149707,0.0037467,-1.03915,0.16312,-0.0873767,nan,nan,nan,nan,-0.0233058,-0.0915887,-0.0268111,nan,-0.244655,-0.0004,-0.227514,-0.673059,nan,-1.39481,-0.656071,-0.892068,-0.7908,0.230931,0.182667,-1.1664,-0.0164667,0.17625,-1.5
3028,-136.582,484.742,-0.292529,0.208333,1.08333,0.139302,1.45947,0.682023,-0.00893161,5.89339,3.95062e-05,0.0103069,0.400411,13315.8,0.602999,0.319814,-0.4,0.25,1,908.565,3.72081e+07,0.19678,0.00815428,0.13293,0.0032779,-0.930949,0.145423,-0.0825645,nan,nan,nan,nan,-0.0219745,-0.0859416,-0.0258132,nan,-0.218155,-0.000193548,-0.201488,-0.622939,nan,-1.22171,-0.664158,-0.794468,-0.713903,0.201021,0.175097,-1.03419,-0.0146452,0.135081,-1.5
3029,-136.523,483.75,-0.271537,0.125,0.708333,0.138427,1.46158,0.695125,-0.00838431,5.89177,3.95062e-05,0.00927858,0.400348,12567.4,0.605325,0.372441,-0.4,0.25,1,909.545,3.72204e+07,0.216471,0.00902987,0.134135,0.00329629,-0.925531,0.145125,-0.07704,nan,nan,nan,nan,-0.0206332,-0.0842028,-0.0248256,nan,-0.218516,-0.00015,-0.174504,-0.607282,nan,-1.2609,-0.695095,-0.793208,-0.7344,0.201602,0.17,-1.0308,-0.013,0.125,-1.5
3030,-149.536,569.708,-0.269825,0.291667,0.708333,0.140348,1.47947,0.586546,-0.00738499,5.88939,3.95062e-05,0.00899309,0.400295,13087.8,0.622708,0.316178,-0.4,0.25,1,910.485,3.72326e+07,0.252941,0.00991515,0.155536,0.00424237,-1.09359,0.170912,-0.105792,nan,nan,nan,nan,-0.0261563,-0.108937,-0.0325445,nan,-0.256781,-0.000208333,-0.204805,-0.702616,nan,-1.34955,-0.779676,-0.937761,-0.876875,0.233561,0.216667,-1.21567,-0.0190833,0.186979,-1.5
3031,-141.403,519.2,-0.255653,0.125,0.5,0.138647,1.48798,0.600404,-0.00849323,5.88726,3.95062e-05,0.0136935,0.400201,13513.3,0.597655,0.311673,-0.4,0.25,1,911.396,3.72449e+07,0.249408,0.00872475,0.142583,0.00332987,-1.00016,0.15576,-0.08754,nan,nan,nan,nan,-0.0232496,-0.0959501,-0.0262158,nan,-0.234157,0,-0.21579,-0.658126,nan,-1.36142,-0.674893,-0.852858,-0.7412,0.220066,0.1848,-1.1008,-0.0174667,0.165,-1.5
3032,-115.59,385.061,-0.301701,0.125,1.25,0.140555,1.45097,0.807987,-0.00689295,5.88434,3.95062e-05,0.00723671,0.400146,13268.9,0.576342,0.349734,-0.4,0.25,1,912.323,3.72572e+07,0.152874,0.00702721,0.103838,0.00243851,-0.733815,0.115518,-0.0646333,nan,nan,nan,nan,-0.0171016,-0.0677389,-0.0195242,nan,-0.173706,-6.06061e-05,-0.148516,-0.496336,nan,-1.00841,-0.433792,-0.631079,-0.574273,0.161539,0.128606,-0.816848,-0.00981818,0.107955,-1.5
3033,-134.832,470.25,-0.271188,0.0833333,0.75,0.138798,1.455,0.64368,-0.00726079,5.88337,3.95062e-05,0.00655598,0.400126,11070.3,0.666541,0.443455,-0.4,0.25,1,913.435,3.72695e+07,0.186234,0.0103708,0.127136,0.0032872,-0.896832,0.141075,-0.080285,nan,nan,nan,nan,-0.0219495,-0.0890837,-0.0248423,nan,-0.211817,-0.0001,-0.209301,-0.594925,nan,-1.15841,-0.683648,-0.774489,-0.6774,0.198984,0.1636,-1.0022,-0.0158,0.11625,-1.5
3034,-159.34,628,-0.275899,0.375,0.791667,0.138648,1.47844,0.718636,-0.00803184,5.88256,3.95062e-05,0.0110708,0.400073,12541,0.653492,0.326335,-0.4,0.25,1,914.416,3.72818e+07,0.262114,0.0115046,0.17326,0.00478419,-1.20496,0.1884,-0.127375,nan,nan,nan,nan,-0.0317176,-0.135907,-0.0395738,nan,-0.283149,-0.000464286,-0.268211,-0.79045,nan,-1.32581,-0.832284,-1.03421,-0.917357,0.264974,0.269857,-1.33229,-0.022,0.191964,-1.5
3035,-138.253,490.852,-0.292308,0.0833333,1.04167,0.137742,1.45999,0.682236,-0.00995489,5.88067,3.95062e-05,0.0122999,0.400016,13540.4,0.606804,0.300701,-0.4,0.25,1,915.325,3.72941e+07,0.225169,0.00970702,0.136411,0.00312026,-0.94835,0.147256,-0.0821593,nan,nan,nan,nan,-0.0214966,-0.0851832,-0.0262557,nan,-0.222165,-0.000703704,-0.183769,-0.62346,nan,-1.27037,-0.681006,-0.809501,-0.730778,0.203747,0.181037,-1.05022,-0.0151111,0.168981,-1.5
3036,-140.058,514.867,-0.255151,0.208333,0.416667,0.140315,1.42443,0.666521,-0.00741611,5.87916,3.95062e-05,0.00663928,0.399982,13190.5,0.587962,0.343618,-0.4,0.25,1,916.258,3.73064e+07,0.221224,0.0111502,0.140861,0.00327576,-0.983831,0.15446,-0.0846333,nan,nan,nan,nan,-0.0221655,-0.0952344,-0.0259088,nan,-0.232862,0,-0.184218,-0.646857,nan,-1.37366,-0.796708,-0.846925,-0.7858,0.213186,0.181333,-1.09787,-0.0154667,0.1575,-1.5
3037,-136.378,481.788,-0.297076,0.208333,1.16667,0.135937,1.46289,0.653978,-0.00790086,5.87815,3.95062e-05,0.00805345,0.399963,12291.4,0.636507,0.363213,-0.4,0.25,1,917.26,3.73187e+07,0.203157,0.00872078,0.133357,0.00339952,-0.91531,0.144536,-0.0806091,nan,nan,nan,nan,-0.0209058,-0.0852828,-0.0251595,nan,-0.217318,-0.000181818,-0.181155,-0.6105,nan,-1.23181,-0.674037,-0.791917,-0.727818,0.206897,0.169939,-1.03527,-0.0146667,0.154924,-1.5
3038,-143.754,504.348,-0.281513,0.125,0.833333,0.144162,1.47522,0.696058,-0.00546057,5.87722,3.95062e-05,0.00981304,0.399936,12350,0.620156,0.374823,-0.4,0.25,1,918.256,3.73309e+07,0.202604,0.00997008,0.139858,0.00340136,-0.967916,0.151304,-0.0762826,nan,nan,nan,nan,-0.0205018,-0.0863193,-0.0247169,nan,-0.228274,-0.00026087,-0.189144,-0.639113,nan,-1.38619,-0.776485,-0.829857,-0.74713,0.209264,0.162783,-1.0767,-0.0145217,0.132065,-1.5
3039,-149.076,548.727,-0.272378,0.208333,0.708333,0.139582,1.44348,0.674725,-0.00816921,5.87565,3.95062e-05,0.0093983,0.399856,12364.3,0.590575,0.403251,-0.4,0.25,1,919.252,3.73432e+07,0.207664,0.00924849,0.150653,0.00339941,-1.04809,0.164618,-0.0989636,nan,nan,nan,nan,-0.0241774,-0.101594,-0.0306345,nan,-0.247236,-9.09091e-05,-0.224926,-0.688127,nan,-1.38346,-0.747195,-0.901134,-0.834136,0.23237,0.198909,-1.14982,-0.0180909,0.168182,-1.5
3040,-152.082,565.643,-0.280676,0.291667,0.875,0.13987,1.44571,0.777967,-0.00705959,5.87281,3.95062e-05,0.00880669,0.399784,11872.3,0.669652,0.36536,-0.4,0.25,1,920.289,3.73555e+07,0.250278,0.0106,0.156313,0.00416951,-1.07487,0.169693,-0.105729,nan,nan,nan,nan,-0.0264033,-0.110846,-0.0326387,nan,-0.25442,-0.000142857,-0.227685,-0.720492,nan,-1.32767,-0.894795,-0.925983,-0.844607,0.239053,0.211143,-1.20329,-0.0204286,0.185714,-1.5
3041,-161.623,617.538,-0.277348,0.333333,0.75,0.143944,1.44745,0.553876,-0.00953039,5.87065,3.95062e-05,0.00613086,0.399708,11943.4,0.670553,0.358302,-0.4,0.25,1,921.319,3.73678e+07,0.242364,0.00998868,0.170214,0.00413157,-1.18276,0.185262,-0.0969154,nan,nan,nan,nan,-0.0252991,-0.109362,-0.0303586,nan,-0.278328,-0.000269231,-0.23482,-0.77404,nan,-1.61553,-0.696286,-1.01211,-0.926885,0.259517,0.205231,-1.32354,-0.0206154,0.207692,-1.5
3042,-144.65,537.588,-0.262133,0.208333,0.5,0.14307,1.44051,0.644068,-0.00823695,5.86829,3.95062e-05,0.00684165,0.399658,12843.5,0.629028,0.327724,-0.4,0.25,1,922.278,3.73801e+07,0.229917,0.00827218,0.14897,0.00376084,-1.03357,0.161276,-0.0872353,nan,nan,nan,nan,-0.0222427,-0.0965158,-0.0268472,nan,-0.242901,-0.000176471,-0.189361,-0.68032,nan,-1.40523,-0.759383,-0.885178,-0.824824,0.228559,0.192941,-1.14565,-0.0167059,0.179412,-1.5
3043,-127.699,427.696,-0.283429,0.0833333,0.875,0.142162,1.4548,0.718673,-0.00632804,5.86645,3.95062e-05,0.00871526,0.399599,12668,0.605778,0.364225,-0.4,0.25,1,923.249,3.73924e+07,0.164148,0.00728104,0.118259,0.00290153,-0.814759,0.128309,-0.0713348,nan,nan,nan,nan,-0.0181276,-0.0685748,-0.0213104,nan,-0.192373,-0.000173913,-0.18318,-0.546798,nan,-1.09323,-0.691922,-0.701658,-0.634435,0.183911,0.139478,-0.913739,-0.0124348,0.11413,-1.5
3044,-152.612,571,-0.260263,0.25,0.583333,0.13976,1.44159,0.595523,-0.00589288,5.86441,3.95062e-05,0.0063,0.399541,11313.7,0.697425,0.38869,-0.4,0.25,1,924.337,3.74047e+07,0.2502,0.0110965,0.156891,0.00356583,-1.09945,0.1713,-0.07989,nan,nan,nan,nan,-0.0229153,-0.096361,-0.0262391,nan,-0.25798,-0.00095,-0.222337,-0.714211,nan,-1.5997,-0.768309,-0.943331,-0.84495,0.239221,0.1802,-1.2112,-0.0155,0.195,-1.5
3045,-112.476,378.273,-0.250084,0.0833333,0.375,0.144726,1.50569,0.475444,-0.0065548,5.86205,3.95062e-05,0.00758597,0.39944,12239.9,0.666128,0.337799,-0.4,0.25,1,925.342,3.7417e+07,0.168773,0.00786071,0.10084,0.00295274,-0.73283,0.113482,-0.0571273,nan,nan,nan,nan,-0.0170344,-0.0691538,-0.0186936,nan,-0.170478,0,-0.145055,-0.476365,nan,-0.956023,-0.576736,-0.619071,-0.566727,0.161842,0.118182,-0.807636,-0.0110909,0.101136,-1.5
3046,-154.88,559.688,-0.263776,0.0833333,0.583333,0.145499,1.49246,0.6106,-0.00867091,5.85867,3.95062e-05,0.00944247,0.399352,11837,0.647168,0.39093,-0.4,0.25,1,926.382,3.74292e+07,0.245377,0.0121327,0.153078,0.00379207,-1.0677,0.167906,-0.0910375,nan,nan,nan,nan,-0.0244034,-0.106188,-0.029075,nan,-0.252435,-0.0006875,-0.222944,-0.708844,nan,-1.42606,-0.695162,-0.92469,-0.86775,0.238822,0.2005,-1.19325,-0.018375,0.132031,-1.5
3047,-148.552,544.048,-0.269022,0.208333,0.666667,0.13892,1.4821,0.711492,-0.0092532,5.85663,3.95062e-05,0.0111429,0.399325,14280.6,0.587357,0.273113,-0.4,0.25,1,927.244,3.74415e+07,0.212589,0.0105172,0.147785,0.00417392,-1.03503,0.163214,-0.107271,nan,nan,nan,nan,-0.0262535,-0.115516,-0.0317803,nan,-0.245486,-0.000142857,-0.202979,-0.685085,nan,-1.23028,-0.915928,-0.885909,-0.815429,0.230165,0.22419,-1.15962,-0.019619,0.155357,-1.5
3048,-117.244,397.455,-0.275788,0.0833333,0.833333,0.138318,1.45003,0.623937,-0.00740466,5.85562,3.95062e-05,0.00903559,0.399288,13146.5,0.612738,0.321958,-0.4,0.25,1,928.18,3.74538e+07,0.172024,0.00714541,0.110323,0.00298201,-0.759696,0.119236,-0.0784591,nan,nan,nan,nan,-0.0188288,-0.0770504,-0.0226077,nan,-0.179317,0,-0.160847,-0.504854,nan,-0.909035,-0.629472,-0.650598,-0.601773,0.171419,0.154545,-0.846727,-0.0146364,0.131818,-1.5
3049,-156.707,572.16,-0.275414,0.208333,0.833333,0.138952,1.4529,0.625867,-0.0067245,5.85374,3.95062e-05,0.00867588,0.399225,12133.5,0.613443,0.39929,-0.4,0.25,1,929.194,3.74661e+07,0.235854,0.0115427,0.158022,0.00331961,-1.09284,0.171648,-0.081256,nan,nan,nan,nan,-0.0219696,-0.0907272,-0.0249347,nan,-0.257674,-0.00012,-0.210901,-0.715911,nan,-1.64718,-0.646725,-0.931905,-0.89916,0.247499,0.17568,-1.21424,-0.01696,0.136,-1.5
3050,-143.394,511.72,-0.277537,0.125,0.916667,0.134916,1.44756,0.722153,-0.00819847,5.85132,3.95062e-05,0.00751369,0.39916,12322.6,0.629555,0.367637,-0.4,0.25,1,930.193,3.74784e+07,0.221748,0.00936487,0.139453,0.00316792,-0.976435,0.153516,-0.091592,nan,nan,nan,nan,-0.0227993,-0.0978616,-0.0271134,nan,-0.230775,-8e-05,-0.182235,-0.647624,nan,-1.32093,-0.634767,-0.836492,-0.81,0.218071,0.1864,-1.0816,-0.01392,0.142,-1.5
3051,-126.219,436.4,-0.278555,0.166667,0.875,0.137331,1.45365,0.725422,-0.00720894,5.84929,3.95062e-05,0.00727435,0.399128,12511.2,0.620146,0.362015,-0.4,0.25,1,931.177,3.74907e+07,0.194653,0.00769785,0.120141,0.0027754,-0.831828,0.13092,-0.078436,nan,nan,nan,nan,-0.0193256,-0.0809226,-0.0240489,nan,-0.196397,-8e-05,-0.153462,-0.551507,nan,-1.10447,-0.667894,-0.707743,-0.68148,0.183645,0.17216,-0.9128,-0.01496,0.109,-1.5
3052,-143.034,547.526,-0.252508,0.333333,0.458333,0.136958,1.46561,0.611628,-0.00685964,5.84834,3.95062e-05,0.00879871,0.399105,12355.8,0.619514,0.374998,-0.4,0.25,1,932.173,3.7503e+07,0.209723,0.00904667,0.151258,0.00390566,-1.04196,0.164258,-0.110263,nan,nan,nan,nan,-0.0265767,-0.118027,-0.0331259,nan,-0.247306,-0.000210526,-0.184675,-0.689097,nan,-1.23504,-0.87105,-0.899649,-0.885,0.229437,0.223158,-1.16253,-0.0217895,0.160526,-1.5
3053,-128.48,485.818,-0.260359,0.291667,0.625,0.137209,1.43927,0.565532,-0.00768807,5.84678,3.95062e-05,0.0110872,0.399049,11814.5,0.664817,0.375264,-0.4,0.25,1,933.214,3.75153e+07,0.207195,0.00860313,0.13629,0.00379198,-0.923051,0.145745,-0.103918,nan,nan,nan,nan,-0.0240063,-0.101967,-0.0305896,nan,-0.218749,-0.000136364,-0.174264,-0.595368,nan,-1.02467,-0.694665,-0.789951,-0.768409,0.201593,0.217273,-1.02727,-0.0200909,0.14375,-1.5
3054,-152.384,559,-0.268198,0.208333,0.75,0.139578,1.44835,0.684851,-0.0096099,5.84523,3.95062e-05,0.0113794,0.399046,11686.5,0.646894,0.404575,-0.4,0.25,1,934.267,3.75276e+07,0.2411,0.00927352,0.154159,0.00322794,-1.07255,0.1677,-0.0878174,nan,nan,nan,nan,-0.0225198,-0.0934433,-0.026441,nan,-0.251629,-0.000347826,-0.213354,-0.709689,nan,-1.5381,-0.724458,-0.917345,-0.842348,0.240192,0.17513,-1.19322,-0.0177391,0.148913,-1.5
3055,-124.299,428.056,-0.300081,0.208333,1.29167,0.141024,1.433,0.784201,-0.0061348,5.84508,3.95062e-05,0.00695544,0.399019,12784.7,0.666886,0.294259,-0.4,0.25,1,935.23,3.75398e+07,0.170465,0.00753396,0.116877,0.00302716,-0.81319,0.128417,-0.0781556,nan,nan,nan,nan,-0.0208694,-0.0898001,-0.0240936,nan,-0.192702,-8.33333e-05,-0.160879,-0.538437,nan,-1.0151,-0.744268,-0.702634,-0.668333,0.183015,0.161778,-0.899333,-0.0155556,0.124306,-1.5
3056,-168.675,646.68,-0.269325,0.25,0.791667,0.140023,1.46756,0.704068,-0.00852876,5.84355,3.95062e-05,0.00832687,0.398987,12494.3,0.654321,0.32917,-0.4,0.25,1,936.215,3.75521e+07,0.26904,0.0107331,0.173893,0.00422849,-1.2287,0.194004,-0.109452,nan,nan,nan,nan,-0.0283389,-0.118408,-0.03388,nan,-0.291209,-8e-05,-0.225301,-0.814676,nan,-1.64112,-0.705989,-1.05677,-1.00152,0.275454,0.23584,-1.36112,-0.01888,0.1785,-1.5
3057,-132.308,466.423,-0.277419,0.208333,0.875,0.145129,1.48348,0.718535,-0.0092013,5.84285,3.95062e-05,0.0122882,0.398966,12697.1,0.636263,0.331514,-0.4,0.25,1,937.184,3.75644e+07,0.186334,0.00895632,0.127616,0.00318531,-0.889813,0.139927,-0.0879615,nan,nan,nan,nan,-0.0211894,-0.0905067,-0.0258589,nan,-0.2098,-7.69231e-05,-0.163413,-0.598504,nan,-1.13553,-0.739233,-0.758004,-0.728769,0.201705,0.176308,-0.977692,-0.0163846,0.137981,-1.5
3058,-142.035,535.375,-0.264344,0.291667,0.708333,0.13964,1.50158,0.676289,-0.00832087,5.84157,3.95062e-05,0.0129592,0.398919,12926.1,0.618008,0.332627,-0.4,0.25,1,938.136,3.75767e+07,0.238681,0.0106794,0.147396,0.00361364,-1.01842,0.160612,-0.08825,nan,nan,nan,nan,-0.0214003,-0.0944146,-0.0268546,nan,-0.241305,-0.00166667,-0.182105,-0.67515,nan,-1.40091,-0.656632,-0.872741,-0.842375,0.230618,0.1845,-1.128,-0.0146667,0.140104,-1.5
3059,-160.38,617.381,-0.257704,0.25,0.625,0.137602,1.51656,0.631521,-0.00673621,5.84006,3.95062e-05,0.0080453,0.398884,12517.8,0.646556,0.335089,-0.4,0.25,1,939.12,3.7589e+07,0.256679,0.0119686,0.171724,0.00428103,-1.16591,0.185214,-0.119267,nan,nan,nan,nan,-0.029266,-0.126235,-0.0359908,nan,-0.278228,0,-0.227669,-0.766591,nan,-1.35793,-0.98698,-1.00139,-0.946571,0.262994,0.255238,-1.29124,-0.0224762,0.166071,-1.5
3060,-134.704,500.19,-0.258887,0.291667,0.583333,0.140777,1.47028,0.628165,-0.00874612,5.83917,3.95062e-05,0.0104477,0.398851,11856.8,0.658445,0.377924,-0.4,0.25,1,940.157,3.76013e+07,0.20591,0.0100589,0.138762,0.00385136,-0.956299,0.150057,-0.0891286,nan,nan,nan,nan,-0.0213537,-0.0893779,-0.0264663,nan,-0.225373,-9.52381e-05,-0.178806,-0.621836,nan,-1.20534,-0.869578,-0.817084,-0.792,0.215257,0.178095,-1.06095,-0.016381,0.167262,-1.5
3061,-130.928,483.069,-0.274637,0.291667,0.916667,0.141493,1.46144,0.754061,-0.00699694,5.83789,3.95062e-05,0.00711451,0.398802,12134.5,0.660434,0.352216,-0.4,0.25,1,941.172,3.76136e+07,0.210144,0.00822453,0.132371,0.00360378,-0.918173,0.144921,-0.0809586,nan,nan,nan,nan,-0.0204349,-0.0837159,-0.0241205,nan,-0.217376,-0.000241379,-0.185018,-0.607871,nan,-1.2268,-0.542303,-0.787507,-0.714517,0.210475,0.16869,-1.02097,-0.0131034,0.1375,-1.5
3062,-147.097,524.75,-0.272032,0.125,0.875,0.139694,1.43296,0.800504,-0.00887643,5.83703,3.95062e-05,0.0130623,0.398821,13052.6,0.614131,0.327291,-0.4,0.25,1,942.115,3.76259e+07,0.215352,0.00996348,0.143951,0.00326285,-1.00238,0.157425,-0.0825292,nan,nan,nan,nan,-0.0204986,-0.0859724,-0.0248228,nan,-0.237121,-0.000125,-0.188381,-0.660165,nan,-1.43281,-0.598616,-0.865082,-0.829125,0.226724,0.174333,-1.119,-0.01675,0.140104,-1.5
3063,-142.718,546.762,-0.26363,0.25,0.625,0.139972,1.46645,0.803493,-0.00628593,5.83754,3.95062e-05,0.00647057,0.398834,12404.6,0.640481,0.350122,-0.4,0.25,1,943.107,3.76381e+07,0.251331,0.00887833,0.14516,0.00450329,-1.02981,0.164029,-0.0986619,nan,nan,nan,nan,-0.026834,-0.116235,-0.031051,nan,-0.2463,-0.000714286,-0.199775,-0.704686,nan,-1.20495,-0.746209,-0.891433,-0.868143,0.231608,0.22,-1.16229,-0.0168571,0.218452,-1.5
3064,-125.72,454.091,-0.269175,0.125,0.791667,0.138412,1.43214,0.545306,-0.00669564,5.8368,5.92593e-05,0.00484222,0.398792,12438.7,0.637983,0.349899,-0.4,0.25,1,944.096,3.76504e+07,0.185226,0.00842141,0.121878,0.00357582,-0.86339,0.136227,-0.0845636,nan,nan,nan,nan,-0.0236259,-0.0949242,-0.0275162,nan,-0.204521,0,-0.172843,-0.55202,nan,-0.983954,-0.68403,-0.743704,-0.684273,0.192617,0.192182,-0.958727,-0.0134545,0.167614,-1.5
3065,-139.61,515.417,-0.268341,0.208333,0.791667,0.135213,1.43505,0.681141,-0.00881957,5.83513,5.92593e-05,0.0094106,0.398752,11762.9,0.65085,0.393789,-0.4,0.25,1,945.142,3.76627e+07,0.207437,0.0101647,0.141613,0.00380982,-0.984146,0.154625,-0.0961667,nan,nan,nan,nan,-0.023014,-0.0961047,-0.0282709,nan,-0.231988,-0.000458333,-0.202338,-0.651887,nan,-1.22473,-0.794121,-0.837496,-0.7865,0.227332,0.1955,-1.08667,-0.0165,0.161458,-1.5
3066,-159.57,573.25,-0.258655,0.0833333,0.583333,0.139491,1.45963,0.687414,-0.00908587,5.83439,5.92593e-05,0.0101956,0.398753,11577.4,0.653188,0.408193,-0.4,0.25,1,946.206,3.7675e+07,0.23331,0.0113807,0.153876,0.00413038,-1.08758,0.171975,-0.0990187,nan,nan,nan,nan,-0.0250613,-0.108785,-0.0297807,nan,-0.257996,0,-0.223313,-0.706702,nan,-1.46521,-0.868792,-0.937728,-0.87975,0.242416,0.2055,-1.2175,-0.019625,0.129688,-1.5
3067,-144.18,519,-0.274909,0.166667,0.833333,0.139348,1.4568,0.644244,-0.0111472,5.8335,5.92593e-05,0.0110337,0.398701,11696.2,0.682824,0.367778,-0.4,0.25,1,947.258,3.76873e+07,0.226117,0.00894825,0.139965,0.00344626,-0.987908,0.1557,-0.0750542,nan,nan,nan,nan,-0.0212879,-0.0899659,-0.0241299,nan,-0.234364,-0.000125,-0.192102,-0.655567,nan,-1.4005,-0.611445,-0.857495,-0.81725,0.220564,0.1695,-1.11083,-0.0170833,0.135417,-1.5
3068,-159.709,614.32,-0.26606,0.333333,0.708333,0.140829,1.45487,0.776774,-0.00902219,5.83176,5.92593e-05,0.00857332,0.398662,14666.1,0.566135,0.271716,-0.4,0.25,1,948.098,3.76996e+07,0.253955,0.0110011,0.167974,0.00476237,-1.16761,0.184296,-0.106224,nan,nan,nan,nan,-0.0265508,-0.113582,-0.0312531,nan,-0.276562,-8e-05,-0.216765,-0.763422,nan,-1.47118,-0.946783,-1.00313,-0.9552,0.261416,0.21904,-1.2928,-0.02072,0.1725,-1.5
3069,-124.671,432.087,-0.274179,0.0833333,0.875,0.138963,1.4665,0.787796,-0.00852653,5.8307,5.92593e-05,0.00843284,0.398639,12295.5,0.646934,0.352458,-0.4,0.25,1,949.099,3.77119e+07,0.189969,0.00856703,0.11612,0.00306218,-0.822422,0.129626,-0.076387,nan,nan,nan,nan,-0.0200782,-0.0880282,-0.0233153,nan,-0.195144,-0.000391304,-0.140194,-0.546331,nan,-1.05124,-0.539353,-0.710043,-0.698217,0.185648,0.153565,-0.903652,-0.0163478,0.133696,-1.5
3070,-114.123,403.7,-0.262799,0.166667,0.666667,0.137703,1.49067,0.735331,-0.0102647,5.83039,5.92593e-05,0.00975266,0.398657,12839.8,0.637649,0.319376,-0.4,0.25,1,950.057,3.77242e+07,0.196755,0.00628485,0.109717,0.00364932,-0.774379,0.12111,-0.083745,nan,nan,nan,nan,-0.021226,-0.0832934,-0.0250572,nan,-0.181472,-0.00015,-0.154297,-0.505178,nan,-0.770244,-0.696267,-0.658537,-0.61965,0.175113,0.1696,-0.8568,-0.016,0.123125,-1.5
3071,-145.926,526.481,-0.278323,0.208333,0.916667,0.140651,1.47519,0.783531,-0.00941423,5.83065,5.92593e-05,0.0100801,0.398654,12691.2,0.621193,0.347037,-0.4,0.25,1,951.027,3.77364e+07,0.213159,0.00974762,0.142167,0.00370192,-1.00238,0.157944,-0.0875889,nan,nan,nan,nan,-0.0230844,-0.100206,-0.0275296,nan,-0.237742,-0.000333333,-0.174312,-0.662691,nan,-1.30731,-0.830274,-0.860946,-0.841889,0.222611,0.187852,-1.12563,-0.0176296,0.165278,-1.5
3072,-146.182,575.263,-0.256083,0.208333,0.583333,0.136182,1.4599,0.721115,-0.00887529,5.83009,5.92593e-05,0.0123684,0.398644,12483.4,0.665609,0.31874,-0.4,0.25,1,952.013,3.77487e+07,0.250283,0.00943295,0.157289,0.00470574,-1.09055,0.172579,-0.115395,nan,nan,nan,nan,-0.0273633,-0.116811,-0.0336502,nan,-0.259794,-5.26316e-05,-0.192607,-0.716519,nan,-1.23891,-0.62236,-0.938693,-0.904263,0.24721,0.245263,-1.20147,-0.0183158,0.186184,-1.5
3073,-131.438,462.4,-0.273232,0.0833333,0.75,0.138186,1.47758,0.659545,-0.00992392,5.82865,5.92593e-05,0.0145854,0.398593,13269,0.597576,0.328494,-0.4,0.25,1,952.94,3.7761e+07,0.205259,0.00909096,0.124886,0.00326825,-0.875338,0.13872,-0.071515,nan,nan,nan,nan,-0.0181432,-0.072339,-0.022339,nan,-0.208537,-0.0002,-0.156745,-0.57476,nan,-1.23253,-0.542256,-0.751953,-0.7371,0.195409,0.1538,-0.9954,-0.0139,0.139375,-1.5
3074,-174.956,687.441,-0.276945,0.583333,0.833333,0.139931,1.46227,0.709817,-0.0085562,5.82672,8.88889e-05,0.00475196,0.398534,12134.8,0.653025,0.359601,-0.4,0.25,1,953.955,3.77733e+07,0.291354,0.0122409,0.190173,0.00458387,-1.31068,0.206232,-0.119818,nan,nan,nan,nan,-0.0285368,-0.129801,-0.0357044,nan,-0.310061,-0.000235294,-0.247374,-0.862973,nan,-1.75708,-0.92792,-1.11902,-1.07462,0.294995,0.249882,-1.44988,-0.0212353,0.198162,-1.5
3075,-167.512,649.25,-0.265269,0.291667,0.708333,0.136086,1.44405,0.745782,-0.0125654,5.82368,8.88889e-05,0.0137622,0.398424,12364,0.629082,0.364773,-0.4,0.25,1,954.95,3.77856e+07,0.258639,0.0118374,0.178391,0.00491659,-1.23604,0.194775,-0.121021,nan,nan,nan,nan,-0.0284776,-0.125465,-0.0364775,nan,-0.293019,-0.00116667,-0.229465,-0.802352,nan,-1.53881,-0.879188,-1.05934,-1.02375,0.27512,0.249167,-1.34883,-0.02175,0.185938,-1.5
3076,-124.058,450,-0.274355,0.291667,0.833333,0.140001,1.43622,0.725274,-0.0106003,5.82084,8.88889e-05,0.0140862,0.398389,12319.5,0.646725,0.350718,-0.4,0.25,1,955.949,3.77979e+07,0.187183,0.00700452,0.123007,0.00320131,-0.863088,0.135,-0.0824259,nan,nan,nan,nan,-0.0207909,-0.0862511,-0.0245048,nan,-0.203206,0,-0.169063,-0.55362,nan,-1.08838,-0.58553,-0.739891,-0.700778,0.189144,0.17363,-0.947111,-0.0137037,0.125,-1.5
3077,-148.642,554.364,-0.267177,0.166667,0.75,0.14026,1.43387,0.713054,-0.012869,5.81889,8.88889e-05,0.00995552,0.398301,13016.2,0.594343,0.349714,-0.4,0.25,1,956.895,3.78102e+07,0.22756,0.0119402,0.149451,0.00478556,-1.05344,0.166309,-0.106773,nan,nan,nan,nan,-0.0281476,-0.121505,-0.032826,nan,-0.249596,-0.000181818,-0.194149,-0.692961,nan,-1.16266,-0.821517,-0.902815,-0.862636,0.232548,0.232182,-1.17055,-0.0224545,0.192614,-1.5
3078,-122.692,434.636,-0.272441,0.125,0.791667,0.141904,1.43805,0.649381,-0.0117107,5.81694,8.88889e-05,0.0122272,0.398292,11784.1,0.666096,0.376661,-0.4,0.25,1,957.939,3.78225e+07,0.21139,0.00767503,0.116755,0.00321906,-0.831438,0.130391,-0.0816909,nan,nan,nan,nan,-0.0202181,-0.0848858,-0.0238012,nan,-0.196329,-0.000454545,-0.1471,-0.55167,nan,-1.01379,-0.608996,-0.70607,-0.677045,0.188574,0.164545,-0.915091,-0.014,0.127841,-1.5
3079,-154.101,586.839,-0.275597,0.416667,0.875,0.143126,1.45516,0.786806,-0.0121666,5.81686,8.88889e-05,0.0107776,0.398291,10845.3,0.731739,0.401287,-0.4,0.25,1,959.073,3.78348e+07,0.24382,0.011688,0.162147,0.00383923,-1.11463,0.176052,-0.0986677,nan,nan,nan,nan,-0.0242032,-0.105696,-0.0294812,nan,-0.264564,-0.000129032,-0.208316,-0.732357,nan,-1.52697,-0.751052,-0.960493,-0.913452,0.249772,0.205806,-1.23974,-0.02,0.150806,-1.5
3080,-112.141,390.96,-0.277792,0.125,0.916667,0.141241,1.44197,0.868494,-0.0104098,5.81703,8.88889e-05,0.0126103,0.398305,12152.5,0.677348,0.333798,-0.4,0.25,1,960.086,3.7847e+07,0.168991,0.00720159,0.102843,0.00336677,-0.736581,0.117288,-0.07598,nan,nan,nan,nan,-0.022227,-0.0936778,-0.0242404,nan,-0.176274,0,-0.127697,-0.48427,nan,-0.79876,-0.544302,-0.638474,-0.62844,0.164228,0.16928,-0.8376,-0.01376,0.1385,-1.5
3081,-138.297,528.8,-0.294578,0.458333,1.20833,0.138148,1.44645,0.972997,-0.0111841,5.81715,8.88889e-05,0.0127759,0.398288,12348,0.66067,0.334467,-0.4,0.25,1,961.083,3.78593e+07,0.237411,0.00914884,0.142809,0.00415501,-1.00633,0.15864,-0.10378,nan,nan,nan,nan,-0.025251,-0.106932,-0.0304438,nan,-0.237916,-0.000325,-0.192282,-0.662549,nan,-1.15001,-0.651503,-0.85894,-0.8325,0.227376,0.2162,-1.1263,-0.0184,0.164062,-1.5
3082,-144.492,533.138,-0.274778,0.291667,0.916667,0.139494,1.44244,0.739735,-0.0109712,5.81609,8.88889e-05,0.0144643,0.398255,12308.1,0.676527,0.321836,-0.4,0.25,1,962.083,3.78716e+07,0.210684,0.0113168,0.144856,0.00389343,-1.02512,0.159941,-0.0987655,nan,nan,nan,nan,-0.0248095,-0.108835,-0.0287257,nan,-0.241135,-0.000172414,-0.181988,-0.658839,nan,-1.28126,-0.774451,-0.872695,-0.839379,0.223341,0.202069,-1.13338,-0.018,0.164655,-1.5
3083,-132.603,495.351,-0.28654,0.416667,1.125,0.140899,1.43387,0.97983,-0.0111944,5.81532,8.88889e-05,0.0170642,0.398278,11860.4,0.666502,0.369554,-0.4,0.25,1,963.12,3.78839e+07,0.19391,0.00932238,0.13267,0.00371275,-0.941866,0.148605,-0.0910459,nan,nan,nan,nan,-0.0231692,-0.101974,-0.0284682,nan,-0.223773,-0.000135135,-0.153174,-0.61235,nan,-1.13999,-0.667871,-0.808049,-0.794838,0.209001,0.192,-1.04692,-0.0149189,0.169595,-1.5
3084,-121.949,428.568,-0.298024,0.25,1.29167,0.138062,1.45556,0.93256,-0.0109287,5.81587,8.88889e-05,0.00658745,0.398309,13407.3,0.644496,0.272021,-0.4,0.25,1,964.039,3.78962e+07,0.158268,0.00743,0.114639,0.00294818,-0.819737,0.12857,-0.0768838,nan,nan,nan,nan,-0.0196317,-0.0868309,-0.0234574,nan,-0.193727,-0.000108108,-0.143416,-0.543311,nan,-1.04686,-0.462117,-0.699642,-0.69227,0.180194,0.162486,-0.902486,-0.0131351,0.115878,-1.5
3085,-128.869,443.36,-0.279982,0.0833333,0.958333,0.141813,1.46946,0.722016,-0.0127253,5.81594,8.88889e-05,0.0171391,0.398274,13686.3,0.572759,0.325074,-0.4,0.25,1,964.938,3.79085e+07,0.19047,0.00987278,0.119802,0.00355893,-0.849816,0.133008,-0.07672,nan,nan,nan,nan,-0.0198221,-0.0798389,-0.0226109,nan,-0.200352,-0.00124,-0.146897,-0.547854,nan,-1.07263,-0.642187,-0.727611,-0.70224,0.191126,0.15984,-0.9464,-0.01248,0.1005,-1.5
3086,-117.484,396.737,-0.266618,0,0.791667,0.137426,1.46487,0.698434,-0.0118777,5.81413,8.88889e-05,0.0153263,0.398218,12955.3,0.642303,0.306192,-0.4,0.25,1,965.888,3.79208e+07,0.177132,0.00903303,0.10695,0.00298774,-0.75225,0.119021,-0.0717053,nan,nan,nan,nan,-0.0180257,-0.0742178,-0.0204294,nan,-0.178986,-0.000105263,-0.134079,-0.488344,nan,-0.917229,-0.637711,-0.644634,-0.618474,0.170535,0.146316,-0.824421,-0.0117895,0.118421,-1.5
3087,-107.16,357.143,-0.282274,0.0833333,1.08333,0.14179,1.46532,0.804704,-0.0122212,5.81235,8.88889e-05,0.0140122,0.398181,12448.6,0.617597,0.369498,-0.4,0.25,1,966.877,3.79331e+07,0.159529,0.00671591,0.0939432,0.00317309,-0.675961,0.107143,-0.0723893,nan,nan,nan,nan,-0.0197264,-0.0798242,-0.0222842,nan,-0.16076,-0.000142857,-0.131683,-0.451581,nan,-0.721678,-0.594943,-0.580261,-0.567429,0.150155,0.151143,-0.753857,-0.0135,0.124107,-1.5
3088,-120.219,419.657,-0.299348,0.125,1.33333,0.139589,1.48566,0.88093,-0.01068,5.8124,8.88889e-05,0.0119333,0.398251,13530.5,0.641582,0.266587,-0.4,0.25,1,967.787,3.79453e+07,0.191373,0.00774863,0.112423,0.00362912,-0.79581,0.125897,-0.08328,nan,nan,nan,nan,-0.0207408,-0.0869247,-0.0250067,nan,-0.189112,-0.000114286,-0.141837,-0.520254,nan,-0.880469,-0.611546,-0.683981,-0.659314,0.17794,0.181829,-0.886629,-0.016,0.125714,-1.5
3089,-112.793,386.065,-0.289373,0.125,1.16667,0.137794,1.4771,0.84958,-0.0121447,5.81397,8.88889e-05,0.0118805,0.398302,13025.3,0.583064,0.360329,-0.4,0.25,1,968.732,3.79576e+07,0.177867,0.00713146,0.102083,0.00326645,-0.738764,0.115819,-0.0669516,nan,nan,nan,nan,-0.0191603,-0.0798996,-0.0213854,nan,-0.174672,-0.000354839,-0.133487,-0.478907,nan,-0.858656,-0.593502,-0.631153,-0.620032,0.164901,0.146323,-0.819226,-0.0107742,0.129839,-1.5
3090,-132.286,467.842,-0.265788,0.0416667,0.75,0.138947,1.48604,0.871698,-0.0138809,5.81406,8.88889e-05,0.0161459,0.398311,12245.7,0.641868,0.361584,-0.4,0.25,1,969.737,3.79699e+07,0.1865,0.00799644,0.122656,0.00389418,-0.888072,0.140353,-0.0923737,nan,nan,nan,nan,-0.0261988,-0.105609,-0.029132,nan,-0.21128,-0.000210526,-0.175088,-0.579381,nan,-0.959159,-0.608995,-0.764204,-0.716211,0.194211,0.192842,-1.00968,-0.0162105,0.140132,-1.5
3091,-142.521,541.077,-0.269376,0.291667,0.791667,0.144193,1.48202,0.716558,-0.0120931,5.81326,8.88889e-05,0.0158451,0.39826,12808.5,0.61127,0.348092,-0.4,0.25,1,970.698,3.79822e+07,0.221113,0.0100219,0.144278,0.00444226,-1.03223,0.162323,-0.0986038,nan,nan,nan,nan,-0.0253618,-0.106528,-0.030156,nan,-0.243938,-0.000384615,-0.216707,-0.677612,nan,-1.22353,-0.720292,-0.881667,-0.842885,0.228921,0.202,-1.148,-0.018,0.179808,-1.5
3092,-110.557,390.393,-0.282413,0.166667,1,0.140451,1.45137,0.740018,-0.0120187,5.81081,8.88889e-05,0.0174656,0.398138,13988.1,0.592104,0.286354,-0.4,0.25,1,971.578,3.79945e+07,0.173597,0.00699445,0.102076,0.00302529,-0.742563,0.117118,-0.0746321,nan,nan,nan,nan,-0.0197408,-0.0821448,-0.0230552,nan,-0.175734,-0.00075,-0.143396,-0.498703,nan,-0.834315,-0.476162,-0.637097,-0.609643,0.161822,0.159571,-0.822857,-0.0140714,0.1375,-1.5
3093,-104.214,355.541,-0.301073,0.208333,1.33333,0.141806,1.46265,0.921486,-0.0113204,5.80763,8.88889e-05,0.0168022,0.398067,12786.8,0.61661,0.344381,-0.4,0.25,1,972.54,3.80068e+07,0.133356,0.00697354,0.0933403,0.00280356,-0.67706,0.106662,-0.0697622,nan,nan,nan,nan,-0.0177653,-0.0771388,-0.0221275,nan,-0.160182,-5.40541e-05,-0.121748,-0.438443,nan,-0.751723,-0.509893,-0.579535,-0.556459,0.151521,0.144432,-0.752973,-0.0125405,0.126014,-1.5
3094,-124.495,446.652,-0.272853,0.0833333,0.875,0.140498,1.45699,0.718035,-0.0114556,5.8068,8.88889e-05,0.0168324,0.398092,11832,0.657535,0.381003,-0.4,0.25,1,973.58,3.80191e+07,0.174502,0.00680002,0.119457,0.00406986,-0.86,0.133996,-0.0925652,nan,nan,nan,nan,-0.0239807,-0.100428,-0.0282704,nan,-0.201551,-0.000173913,-0.156162,-0.553529,nan,-0.876325,-0.638622,-0.72619,-0.678652,0.189518,0.188174,-0.94487,-0.016,0.170109,-1.5
3095,-125.289,453.455,-0.270867,0.125,0.791667,0.141905,1.45959,0.691534,-0.010369,5.80784,8.88889e-05,0.0126066,0.398122,11973,0.656395,0.369912,-0.4,0.25,1,974.608,3.80314e+07,0.170191,0.0077535,0.122185,0.00391711,-0.867118,0.136036,-0.09165,nan,nan,nan,nan,-0.0234897,-0.0969707,-0.027982,nan,-0.205205,-4.54545e-05,-0.147541,-0.562711,nan,-0.936522,-0.597348,-0.746989,-0.705818,0.191584,0.186909,-0.957273,-0.0178182,0.142614,-1.5
3096,-112.917,413.4,-0.264688,0.166667,0.666667,0.148501,1.45028,0.746416,-0.0113688,5.80752,8.88889e-05,0.0160665,0.398066,13437.1,0.57838,0.3361,-0.4,0.25,1,975.525,3.80436e+07,0.184371,0.00717775,0.11017,0.00405103,-0.776316,0.12402,-0.078125,nan,nan,nan,nan,-0.0218939,-0.0927315,-0.0250904,nan,-0.186394,0,-0.139407,-0.517542,nan,-0.824874,-0.513706,-0.67773,-0.6462,0.176579,0.1664,-0.8788,-0.0161,0.150625,-1.5
3097,-146.621,548.464,-0.27166,0.333333,0.833333,0.144828,1.44691,0.704066,-0.00982,5.80579,8.88889e-05,0.0105143,0.398041,13263.6,0.590048,0.336395,-0.4,0.25,1,976.452,3.80559e+07,0.229449,0.00938027,0.144877,0.00365737,-1.04643,0.164539,-0.0868,nan,nan,nan,nan,-0.0230461,-0.099074,-0.0267827,nan,-0.247876,-0.000142857,-0.173457,-0.692435,nan,-1.42372,-0.713901,-0.902498,-0.87975,0.230717,0.186714,-1.16571,-0.0158571,0.141071,-1.5
3098,-120.684,421.235,-0.259705,0.0833333,0.625,0.142245,1.48411,0.738347,-0.0132124,5.80459,8.88889e-05,0.010291,0.397953,12111,0.660904,0.353709,-0.4,0.25,1,977.468,3.80682e+07,0.17003,0.00716556,0.111694,0.0034211,-0.79229,0.126371,-0.0796529,nan,nan,nan,nan,-0.0196914,-0.0770667,-0.0230101,nan,-0.190141,-0.000352941,-0.149883,-0.53666,nan,-0.96881,-0.488969,-0.688976,-0.660353,0.179185,0.169412,-0.904941,-0.0155294,0.118382,-1.5
3099,-148.486,543.548,-0.283962,0.25,1.04167,0.143327,1.47646,0.853398,-0.0143991,5.80105,8.88889e-05,0.0139092,0.397858,12716.7,0.636632,0.329659,-0.4,0.25,1,978.436,3.80805e+07,0.227248,0.0104213,0.147003,0.00395242,-1.03378,0.163065,-0.0990161,nan,nan,nan,nan,-0.0242371,-0.107938,-0.0293485,nan,-0.245713,-0.000451613,-0.170937,-0.672039,nan,-1.31267,-0.850161,-0.889417,-0.864097,0.230009,0.198968,-1.14826,-0.0186452,0.134274,-1.5
3100,-113.586,393.571,-0.285624,0.125,1.04167,0.142833,1.47928,0.896923,-0.00923773,5.79884,8.88889e-05,0.00955423,0.397847,14164,0.574922,0.292628,-0.4,0.25,1,979.305,3.80928e+07,0.166425,0.00607367,0.102263,0.00300246,-0.747089,0.118071,-0.070375,nan,nan,nan,nan,-0.0186514,-0.0787973,-0.0214134,nan,-0.177804,-3.57143e-05,-0.13337,-0.498683,nan,-0.904566,-0.461223,-0.64311,-0.606214,0.167385,0.15,-0.836429,-0.0115714,0.106696,-1.5
3101,-139.525,523.688,-0.282988,0.291667,1.04167,0.141461,1.47313,0.626649,-0.00976845,5.79838,8.88889e-05,0.0131477,0.397813,16094,0.515788,0.247726,-0.4,0.25,1,981.831,3.81051e+07,0.197492,0.00917736,0.138407,0.00408956,-0.990759,0.157106,-0.0963406,nan,nan,nan,nan,-0.024737,-0.107179,-0.0300016,nan,-0.236298,-0.0005,-0.181952,-0.654286,nan,-1.17165,-0.696398,-0.859406,-0.818437,0.222683,0.20125,-1.11525,-0.0169375,0.178516,-1.5
3102,-121.673,454.091,-0.264578,0.25,0.666667,0.141592,1.46646,0.777929,-0.0122694,5.79717,8.88889e-05,0.0160468,0.397757,15721.6,0.523897,0.257704,-0.4,0.25,1,982.614,3.81174e+07,0.201913,0.00780823,0.121227,0.00340815,-0.862485,0.136227,-0.0802955,nan,nan,nan,nan,-0.0201582,-0.0813369,-0.0243087,nan,-0.20446,-0.000590909,-0.15591,-0.570941,nan,-1.08152,-0.476992,-0.74243,-0.712091,0.194313,0.171091,-0.966545,-0.0140909,0.14375,-1.5
3103,-131.948,463.258,-0.292423,0.0833333,1.20833,0.141697,1.46178,0.754555,-0.0118684,5.79535,8.88889e-05,0.0119884,0.397697,12255.5,0.642767,0.359887,-0.4,0.25,1,983.617,3.81297e+07,0.186882,0.00854621,0.121442,0.00368518,-0.882763,0.138977,-0.0809548,nan,nan,nan,nan,-0.021373,-0.0913509,-0.0249427,nan,-0.209971,0,-0.129259,-0.588564,nan,-1.09985,-0.607553,-0.763056,-0.753484,0.196429,0.164,-0.978452,-0.0152258,0.134677,-1.5
3104,-126.9,458.357,-0.276427,0.25,0.916667,0.138232,1.46423,0.861812,-0.013054,5.79459,8.88889e-05,0.0139073,0.397749,12356.8,0.657501,0.336931,-0.4,0.25,1,984.614,3.8142e+07,0.202484,0.00864768,0.118919,0.00279961,-0.870862,0.137507,-0.0689536,nan,nan,nan,nan,-0.0180864,-0.0793217,-0.0217392,nan,-0.207297,-7.14286e-05,-0.138607,-0.580707,nan,-1.26725,-0.372683,-0.752398,-0.732107,0.193556,0.147714,-0.958714,-0.0118571,0.0892857,-1.5
3105,-137.57,515.677,-0.285128,0.25,1.04167,0.137405,1.49531,0.798588,-0.0126505,5.79809,8.88889e-05,0.0138986,0.397908,12609.5,0.633485,0.341021,-0.4,0.25,1,985.59,3.81542e+07,0.208341,0.010276,0.138715,0.00454615,-0.976143,0.154703,-0.106619,nan,nan,nan,nan,-0.025964,-0.106508,-0.0318949,nan,-0.232208,-0.00119355,-0.188394,-0.642136,nan,-1.0237,-0.788697,-0.836995,-0.776516,0.222206,0.228258,-1.08516,-0.019871,0.155242,-1.5
3106,-127.206,446.757,-0.298934,0.208333,1.33333,0.141352,1.49101,0.919287,-0.0111281,5.80227,8.88889e-05,0.0155969,0.397956,12764.9,0.652952,0.309689,-0.4,0.25,1,986.554,3.81665e+07,0.177999,0.00873581,0.118335,0.00314895,-0.846893,0.134027,-0.0778027,nan,nan,nan,nan,-0.0187181,-0.0763368,-0.0237243,nan,-0.201791,-0.00027027,-0.151876,-0.561763,nan,-1.12092,-0.584858,-0.732841,-0.699324,0.189407,0.148757,-0.956216,-0.0155676,0.114865,-1.5
3107,-129.086,461.909,-0.26884,0.125,0.791667,0.137722,1.4651,0.878004,-0.0129507,5.80325,8.88889e-05,0.0142962,0.398013,15316.9,0.545821,0.25643,-0.4,0.25,1,987.358,3.81788e+07,0.196517,0.00909654,0.120561,0.00383569,-0.873742,0.138573,-0.0803273,nan,nan,nan,nan,-0.0221165,-0.0925379,-0.0252788,nan,-0.208452,-0.000272727,-0.156223,-0.585188,nan,-1.06688,-0.647466,-0.755478,-0.708955,0.1927,0.168727,-0.978545,-0.016,0.140341,-1.5
3108,-139.285,504.172,-0.282277,0.166667,1.04167,0.138693,1.47396,0.694976,-0.0123286,5.80499,8.88889e-05,0.0177518,0.398048,16031.5,0.522519,0.243973,-0.4,0.25,1,988.126,3.81911e+07,0.201655,0.00932395,0.133114,0.00325368,-0.951368,0.151252,-0.0769655,nan,nan,nan,nan,-0.0202851,-0.0849864,-0.0236923,nan,-0.227677,-6.89655e-05,-0.163673,-0.629167,nan,-1.35964,-0.473809,-0.821911,-0.786,0.213156,0.160828,-1.07186,-0.015931,0.146983,-1.5
3109,-125.443,452.114,-0.287547,0.291667,1.16667,0.140127,1.44057,0.710262,-0.0119071,5.80437,8.88889e-05,0.00976436,0.397998,15592.8,0.499247,0.288811,-0.4,0.25,1,988.915,3.82034e+07,0.203268,0.00922429,0.118027,0.00338713,-0.856379,0.135634,-0.0755743,nan,nan,nan,nan,-0.0200781,-0.0853968,-0.0230619,nan,-0.204227,-0.000142857,-0.141332,-0.563284,nan,-1.11181,-0.635792,-0.742063,-0.717857,0.193246,0.1512,-0.961029,-0.0138286,0.138571,-1.5
3110,-121.737,439.389,-0.255561,0.166667,0.583333,0.138377,1.47364,0.663098,-0.0125816,5.80265,8.88889e-05,0.0172895,0.398002,12594.2,0.630548,0.345138,-0.4,0.25,1,989.892,3.82157e+07,0.18187,0.00902557,0.116284,0.0035358,-0.828865,0.131817,-0.0844889,nan,nan,nan,nan,-0.020071,-0.086394,-0.0263353,nan,-0.1985,-0.000111111,-0.124071,-0.541319,nan,-0.989489,-0.829791,-0.715598,-0.724,0.185771,0.184889,-0.914667,-0.0148889,0.134722,-1.5
3111,-124.132,442.583,-0.295273,0.25,1.25,0.139544,1.45546,0.918345,-0.0109935,5.80344,8.88889e-05,0.0124441,0.398047,12458.6,0.659821,0.326485,-0.4,0.25,1,990.88,3.8228e+07,0.192307,0.00768473,0.11803,0.00334549,-0.837493,0.132775,-0.0782167,nan,nan,nan,nan,-0.0192944,-0.077863,-0.0241581,nan,-0.199515,-0.000194444,-0.146837,-0.538352,nan,-1.09198,-0.679261,-0.719928,-0.6735,0.189282,0.16,-0.947111,-0.0133889,0.136111,-1.5
3112,-130.574,466.833,-0.289841,0.125,1.125,0.142194,1.49997,1.01391,-0.0120448,5.8047,8.88889e-05,0.0127581,0.398101,12000,0.660868,0.363132,-0.4,0.25,1,991.906,3.82403e+07,0.202533,0.00839278,0.123407,0.00389469,-0.886724,0.14005,-0.0878,nan,nan,nan,nan,-0.0225802,-0.0943032,-0.0269804,nan,-0.210978,-0.0001,-0.151851,-0.580054,nan,-1.04655,-0.608611,-0.764159,-0.7037,0.19836,0.1824,-0.9984,-0.0160667,0.140833,-1.5
3113,-114.946,385.784,-0.309629,0.125,1.41667,0.144372,1.48732,1.01981,-0.0111517,5.80483,8.88889e-05,0.0115159,0.398046,13489.3,0.606607,0.304336,-0.4,0.25,1,992.818,3.82525e+07,0.164022,0.00680144,0.0993807,0.00288991,-0.731118,0.115735,-0.0643432,nan,nan,nan,nan,-0.0180631,-0.0751107,-0.0199723,nan,-0.174354,-0.000108108,-0.120443,-0.491539,nan,-0.951078,-0.470726,-0.634538,-0.595622,0.162044,0.133514,-0.828108,-0.0114054,0.10777,-1.5
3114,-136.355,488.875,-0.27594,0.125,0.875,0.13904,1.49077,0.818642,-0.0140954,5.80259,8.88889e-05,0.0134708,0.398,15752.9,0.535271,0.244774,-0.4,0.25,1,993.6,3.82648e+07,0.201583,0.00969034,0.132799,0.00360462,-0.926626,0.146662,-0.0934667,nan,nan,nan,nan,-0.0237313,-0.0999951,-0.0282403,nan,-0.220243,-8.33333e-05,-0.168468,-0.605719,nan,-1.11966,-0.689473,-0.795973,-0.760875,0.20597,0.199,-1.0365,-0.0164167,0.123437,-1.5
3115,-117.641,413.121,-0.296463,0.125,1.25,0.137082,1.50857,0.808964,-0.0113309,5.80209,5.92593e-05,0.0205427,0.398002,16504.8,0.505864,0.238647,-0.4,0.25,1,994.346,3.82771e+07,0.177024,0.00671334,0.109478,0.0033152,-0.783068,0.123936,-0.0677485,nan,nan,nan,nan,-0.0204033,-0.0839768,-0.0224018,nan,-0.186419,-3.0303e-05,-0.135651,-0.523967,nan,-0.961654,-0.462464,-0.682364,-0.627,0.174585,0.147636,-0.88703,-0.012,0.139015,-1.5
3116,-117.412,425.71,-0.283713,0.291667,1,0.141872,1.5012,0.886411,-0.0115311,5.8023,5.92593e-05,0.00955931,0.398037,13076.8,0.582225,0.357455,-0.4,0.25,1,995.287,3.82894e+07,0.182549,0.00750204,0.113517,0.00350245,-0.807163,0.127713,-0.0767065,nan,nan,nan,nan,-0.0196023,-0.080065,-0.0244981,nan,-0.191362,-0.00145161,-0.151797,-0.529304,nan,-0.995696,-0.568522,-0.695989,-0.622742,0.180468,0.164387,-0.908258,-0.0135484,0.106048,-1.5
3117,-110.229,364,-0.294581,0.0833333,1.16667,0.140754,1.48998,0.827851,-0.0110077,5.80322,5.92593e-05,0.011946,0.398097,12004.7,0.638737,0.384859,-0.4,0.25,1,996.312,3.83017e+07,0.145994,0.00475088,0.0945012,0.00282912,-0.685693,0.1092,-0.0657067,nan,nan,nan,nan,-0.0176888,-0.0730939,-0.0204374,nan,-0.163947,-3.33333e-05,-0.133973,-0.462394,nan,-0.851484,-0.531651,-0.596481,-0.5539,0.15527,0.132533,-0.784133,-0.0114,0.0891667,-1.5
3118,-136.239,510.077,-0.277295,0.208333,0.875,0.143454,1.47966,0.828776,-0.0102046,5.80477,5.92593e-05,0.0108794,0.398181,12751.2,0.635026,0.32865,-0.4,0.25,1,997.277,3.8314e+07,0.213421,0.00908815,0.136464,0.00423033,-0.966224,0.153023,-0.0940962,nan,nan,nan,nan,-0.0249337,-0.103795,-0.0303311,nan,-0.230383,-7.69231e-05,-0.163387,-0.628248,nan,-1.10529,-0.675266,-0.833347,-0.798346,0.214889,0.197538,-1.086,-0.0167692,0.175481,-1.5
3119,-118.601,396.308,-0.280901,0.0416667,1.04167,0.136707,1.45626,0.820425,-0.00923935,5.8059,5.92593e-05,0.00920559,0.398191,12176.1,0.633714,0.375478,-0.4,0.25,1,998.288,3.83263e+07,0.148528,0.0081608,0.10602,0.00278932,-0.7505,0.118892,-0.0625538,nan,nan,nan,nan,-0.0164944,-0.0647864,-0.0190559,nan,-0.178077,-0.000192308,-0.137947,-0.488925,nan,-1.03593,-0.488133,-0.647265,-0.571154,0.165605,0.124462,-0.840308,-0.0104615,0.112019,-1.5
3120,-107.965,356.868,-0.311766,0.0833333,1.5,0.1404,1.46574,0.877566,-0.0111969,5.80453,5.92593e-05,0.01004,0.398103,15190.1,0.567206,0.241743,-0.4,0.25,1,999.098,3.83386e+07,0.152834,0.0065839,0.0953256,0.00276051,-0.678549,0.107061,-0.0658816,nan,nan,nan,nan,-0.0178662,-0.0724536,-0.020417,nan,-0.161251,-0.000315789,-0.130485,-0.446479,nan,-0.818968,-0.45687,-0.58515,-0.525868,0.148444,0.137263,-0.753789,-0.0125789,0.0953947,-1.5
3121,-128.838,466.97,-0.291125,0.208333,1.16667,0.145941,1.45496,0.829242,-0.0115378,5.80189,5.92593e-05,0.0159349,0.39806,16451.4,0.504196,0.24273,-0.4,0.25,1,999.846,3.83508e+07,0.210431,0.00785825,0.123545,0.00326264,-0.890822,0.140091,-0.0696788,nan,nan,nan,nan,-0.0196924,-0.0804727,-0.0221995,nan,-0.211164,-0.000454545,-0.162898,-0.587071,nan,-1.23142,-0.432741,-0.76297,-0.694,0.198526,0.150303,-0.999515,-0.0132727,0.122727,-1.5
3122,-101.697,331.088,-0.300826,0.0833333,1.33333,0.144047,1.45857,0.976891,-0.0102021,5.80121,5.92593e-05,0.0128551,0.398084,16256.9,0.508011,0.247851,-0.4,0.25,1,1000.6,3.83631e+07,0.132582,0.00586722,0.0867936,0.00256509,-0.631132,0.0993265,-0.0538029,nan,nan,nan,nan,-0.016751,-0.0641334,-0.0182339,nan,-0.149945,-0.000176471,-0.117478,-0.418432,nan,-0.768492,-0.396653,-0.546569,-0.469324,0.137452,0.118,-0.709647,-0.00905882,0.0908088,-1.5
3123,-109.322,358.2,-0.281775,0.0416667,1,0.13972,1.46423,0.881298,-0.00768194,5.80173,5.92593e-05,0.00622521,0.398101,16186.4,0.506253,0.252904,-0.4,0.25,1,1001.36,3.83754e+07,0.131667,0.00555331,0.0942309,0.00279005,-0.686482,0.10746,-0.065932,nan,nan,nan,nan,-0.0186901,-0.075853,-0.0204825,nan,-0.162475,-0.0008,-0.109777,-0.448185,nan,-0.811025,-0.478655,-0.588721,-0.55272,0.147501,0.13408,-0.76864,-0.0124,0.094,-1.5
3124,-116.074,408.781,-0.292358,0.166667,1.16667,0.136385,1.46522,0.846941,-0.0104546,5.80146,5.92593e-05,0.0111875,0.398107,16239.2,0.505566,0.251122,-0.4,0.25,1,1002.12,3.83877e+07,0.159512,0.00680579,0.108409,0.00303708,-0.76566,0.122634,-0.0783625,nan,nan,nan,nan,-0.0213813,-0.0869262,-0.0245195,nan,-0.184334,-0.00071875,-0.135663,-0.511834,nan,-0.887528,-0.47644,-0.666013,-0.633375,0.169792,0.1635,-0.87425,-0.0150625,0.122266,-1.5
3125,-128.937,473.594,-0.285777,0.291667,1.04167,0.141436,1.47355,0.824969,-0.0112214,5.80152,5.92593e-05,0.0118433,0.398129,15363.4,0.551441,0.248382,-0.4,0.25,1,1002.92,3.84e+07,0.212908,0.00770464,0.126777,0.00354086,-0.900875,0.142078,-0.0822906,nan,nan,nan,nan,-0.02197,-0.0927292,-0.0256279,nan,-0.213972,-6.25e-05,-0.158315,-0.603667,nan,-1.11587,-0.647207,-0.776226,-0.732094,0.198424,0.176,-1.01262,-0.0151875,0.175391,-1.5
3126,-142.259,541.8,-0.263605,0.208333,0.625,0.140404,1.45972,0.747262,-0.0115205,5.80198,5.92593e-05,0.0131619,0.398147,15167.2,0.515199,0.294973,-0.4,0.25,1,1003.73,3.84123e+07,0.225805,0.00953077,0.141767,0.00428879,-1.03805,0.16254,-0.095175,nan,nan,nan,nan,-0.0258724,-0.110059,-0.0299119,nan,-0.244436,-0.0001,-0.181661,-0.681831,nan,-1.24942,-0.578529,-0.886497,-0.8385,0.225224,0.2096,-1.1526,-0.0203,0.16625,-1.5
3127,-123.558,430.87,-0.275304,0.125,0.833333,0.140813,1.50645,0.642222,-0.00868575,5.80213,5.92593e-05,0.00958744,0.398119,11473.1,0.692408,0.378619,-0.4,0.25,1,1004.81,3.84246e+07,0.169004,0.00735019,0.111981,0.0025507,-0.817099,0.129261,-0.0603087,nan,nan,nan,nan,-0.0172944,-0.0679835,-0.0188734,nan,-0.193899,-4.34783e-05,-0.149578,-0.537592,nan,-1.22225,-0.376885,-0.709233,-0.669522,0.181356,0.122783,-0.931652,-0.00965217,0.118478,-1.5
3128,-110.738,394.583,-0.271639,0.166667,0.833333,0.135494,1.47239,0.795777,-0.0101624,5.80056,5.92593e-05,0.0124738,0.39808,13141.7,0.619904,0.315136,-0.4,0.25,1,1005.75,3.84369e+07,0.180282,0.00643639,0.106434,0.00327905,-0.745066,0.118375,-0.0778875,nan,nan,nan,nan,-0.0196522,-0.0824388,-0.0229453,nan,-0.177878,0,-0.114975,-0.489725,nan,-0.843205,-0.531475,-0.64031,-0.64325,0.163947,0.1595,-0.832333,-0.0131667,0.142708,-1.5
3129,-141.674,535.091,-0.264595,0.208333,0.708333,0.138782,1.44441,0.731455,-0.0115909,5.80016,5.92593e-05,0.0109837,0.39811,11656.2,0.66076,0.393443,-0.4,0.25,1,1006.8,3.84492e+07,0.200353,0.00897657,0.140286,0.00380161,-1.01945,0.160527,-0.0909864,nan,nan,nan,nan,-0.0244509,-0.10612,-0.029768,nan,-0.241833,0,-0.18067,-0.659261,nan,-1.31766,-0.551372,-0.877432,-0.817773,0.222571,0.197091,-1.13582,-0.0170909,0.161364,-1.5
3130,-113.229,407.407,-0.276437,0.208333,0.916667,0.13984,1.45357,0.711923,-0.01127,5.80017,5.92593e-05,0.0118602,0.398088,13343.7,0.627966,0.292915,-0.4,0.25,1,1007.73,3.84614e+07,0.175451,0.00607911,0.108816,0.00353813,-0.779333,0.122222,-0.0772333,nan,nan,nan,nan,-0.020462,-0.0851927,-0.0240762,nan,-0.183723,0,-0.147448,-0.505652,nan,-0.858236,-0.647368,-0.670539,-0.614111,0.173569,0.161926,-0.861333,-0.0145185,0.130556,-1.5
3131,-109.528,354.385,-0.285454,0.0416667,1.04167,0.139,1.42505,0.821925,-0.0109367,5.79778,5.92593e-05,0.00874533,0.397985,13544.4,0.55235,0.354886,-0.4,0.25,1,1008.64,3.84737e+07,0.145916,0.00662069,0.091514,0.00275506,-0.683533,0.106315,-0.0552038,nan,nan,nan,nan,-0.015531,-0.0642031,-0.0169353,nan,-0.159718,-0.000230769,-0.117599,-0.442681,nan,-0.89983,-0.458277,-0.581888,-0.556846,0.149421,0.121846,-0.765846,-0.00776923,0.0971154,-1.5
3132,-125.543,436.621,-0.282817,0.166667,1.04167,0.139836,1.45765,0.878177,-0.0116375,5.79418,5.92593e-05,0.00898283,0.397905,12640.2,0.622693,0.34944,-0.4,0.25,1,1009.61,3.8486e+07,0.182038,0.00775206,0.11704,0.003029,-0.836248,0.130986,-0.0629759,nan,nan,nan,nan,-0.0183669,-0.0780144,-0.0206685,nan,-0.197086,-0.000241379,-0.14546,-0.537885,nan,-1.17155,-0.53833,-0.71784,-0.676862,0.181913,0.140552,-0.936276,-0.0135862,0.111207,-1.5
3133,-116.394,392.385,-0.285646,0.0416667,1.04167,0.142106,1.4359,0.765595,-0.0108745,5.79286,5.92593e-05,0.0115699,0.397916,12404.2,0.668586,0.322048,-0.4,0.25,1,1010.6,3.84983e+07,0.165079,0.00683969,0.103178,0.00281088,-0.74953,0.117715,-0.0634192,nan,nan,nan,nan,-0.0173992,-0.0715996,-0.0208839,nan,-0.177628,-0.000653846,-0.11506,-0.485591,nan,-0.95599,-0.494528,-0.64481,-0.619846,0.162707,0.140462,-0.837692,-0.0132308,0.134615,-1.5
3134,-107.704,361.739,-0.280902,0.0416667,0.916667,0.142503,1.47751,0.761272,-0.0106819,5.79294,5.92593e-05,0.0126023,0.397901,12432,0.63262,0.3558,-0.4,0.25,1,1011.59,3.85106e+07,0.155568,0.00527504,0.098441,0.00274815,-0.688996,0.108522,-0.0716435,nan,nan,nan,nan,-0.0183191,-0.0753843,-0.021781,nan,-0.16285,-0.000217391,-0.128025,-0.447155,nan,-0.811934,-0.492095,-0.597745,-0.545217,0.153809,0.150783,-0.764348,-0.013913,0.107065,-1.5
3135,-118.575,422.643,-0.273038,0.291667,0.875,0.138372,1.43881,0.723897,-0.0105421,5.79205,5.92593e-05,0.0072982,0.397874,15090,0.5499,0.264414,-0.4,0.25,1,1012.41,3.85229e+07,0.167873,0.00901006,0.111738,0.00307862,-0.805319,0.126793,-0.0683821,nan,nan,nan,nan,-0.0190572,-0.0809032,-0.0220332,nan,-0.190965,-7.14286e-05,-0.130481,-0.513776,nan,-1.06697,-0.613139,-0.693608,-0.670607,0.173689,0.156714,-0.897714,-0.0114286,0.122321,-1.5
3136,-120.338,415.935,-0.294693,0.125,1.16667,0.136267,1.45981,1.00353,-0.00945277,5.79209,5.92593e-05,0.00996409,0.397957,16060.5,0.510167,0.254938,-0.4,0.25,1,1013.17,3.85352e+07,0.176791,0.00849677,0.116582,0.00330549,-0.790776,0.124781,-0.0688516,nan,nan,nan,nan,-0.0177623,-0.0730445,-0.0212566,nan,-0.187239,-3.22581e-05,-0.151635,-0.505988,nan,-1.0105,-0.578425,-0.681987,-0.606677,0.175653,0.152129,-0.888516,-0.012129,0.100403,-1.5
3137,-124.424,430.833,-0.290739,0.125,1.125,0.139719,1.44344,0.720791,-0.00912819,5.79419,5.92593e-05,0.00753099,0.398007,12929.6,0.609368,0.341012,-0.4,0.25,1,1014.12,3.85475e+07,0.177025,0.00858421,0.116317,0.00364986,-0.827899,0.12925,-0.0706533,nan,nan,nan,nan,-0.019478,-0.078848,-0.0220588,nan,-0.194946,-0.000166667,-0.147759,-0.532075,nan,-1.02852,-0.694376,-0.711953,-0.6732,0.18343,0.151867,-0.918667,-0.0127333,0.13,-1.5
3138,-115.163,403.464,-0.284976,0.166667,1,0.142545,1.47834,0.756018,-0.0110227,5.79313,5.92593e-05,0.0131382,0.39792,12441.5,0.650558,0.337104,-0.4,0.25,1,1015.11,3.85597e+07,0.15894,0.00700671,0.109359,0.00316329,-0.771511,0.121039,-0.0743714,nan,nan,nan,nan,-0.0186116,-0.079323,-0.0226853,nan,-0.182419,-0.000214286,-0.116765,-0.497219,nan,-0.914655,-0.524977,-0.661294,-0.638786,0.166173,0.153286,-0.847,-0.0147857,0.116964,-1.5
3139,-119.822,399.542,-0.275859,0.125,0.875,0.141409,1.46045,0.762444,-0.0120097,5.78969,5.92593e-05,0.0144829,0.397856,12426.8,0.663381,0.32545,-0.4,0.25,1,1016.1,3.8572e+07,0.153265,0.00857078,0.107872,0.00262892,-0.759893,0.119862,-0.059175,nan,nan,nan,nan,-0.014489,-0.0592104,-0.0174317,nan,-0.181047,-0.000375,-0.123249,-0.488404,nan,-1.12549,-0.57878,-0.658201,-0.64,0.166939,0.120833,-0.855333,-0.0123333,0.0942708,-1.5
3140,-138.177,510.864,-0.266412,0.166667,0.75,0.140308,1.45668,0.622309,-0.00801201,5.788,5.92593e-05,0.0117733,0.397831,12270.1,0.642232,0.35923,-0.4,0.25,1,1017.11,3.85843e+07,0.222283,0.0104594,0.135325,0.0042969,-0.971102,0.153259,-0.0993364,nan,nan,nan,nan,-0.0264542,-0.113575,-0.0304946,nan,-0.230788,-0.000409091,-0.146086,-0.62725,nan,-1.05424,-0.723338,-0.838664,-0.861955,0.212842,0.212727,-1.07909,-0.0185455,0.155682,-1.5
3141,-127.862,449.429,-0.280004,0.166667,1,0.139451,1.46723,0.992923,-0.00855989,5.78737,5.92593e-05,0.0152549,0.397817,14692.7,0.576572,0.259764,-0.4,0.25,1,1017.95,3.85966e+07,0.178865,0.00909803,0.120381,0.00296136,-0.85797,0.134829,-0.0735429,nan,nan,nan,nan,-0.0200168,-0.0831021,-0.0231027,nan,-0.203023,-0.000357143,-0.145756,-0.560572,nan,-1.14293,-0.529285,-0.737381,-0.709286,0.185644,0.154857,-0.957714,-0.0141429,0.126339,-1.5
3142,-120.378,408.71,-0.29836,0.0416667,1.25,0.138976,1.45119,0.754769,-0.0113298,5.78671,5.92593e-05,0.0134466,0.397781,11993.7,0.546081,0.478457,-0.4,0.25,1,1018.97,3.86089e+07,0.188766,0.00769102,0.110889,0.0032499,-0.777209,0.122613,-0.0675548,nan,nan,nan,nan,-0.0183499,-0.0754278,-0.0205876,nan,-0.184637,-9.67742e-05,-0.134468,-0.508398,nan,-1.00245,-0.480003,-0.672531,-0.657774,0.171219,0.140387,-0.872258,-0.0125161,0.0947581,-1.5
3143,-104.285,330.111,-0.265922,0.0416667,0.708333,0.141673,1.43377,0.784807,-0.0113036,5.78474,5.92593e-05,0.0112871,0.397732,11228.8,0.70098,0.393348,-0.4,0.25,1,1020.07,3.86212e+07,0.108607,0.00589039,0.0842983,0.00286489,-0.634047,0.0990333,-0.0497833,nan,nan,nan,nan,-0.0169243,-0.0687795,-0.0169664,nan,-0.149374,-0.0005,-0.111188,-0.412903,nan,-0.786835,-0.5191,-0.548751,-0.524667,0.139915,0.121111,-0.723556,-0.00988889,0.0986111,-1.5
3144,-138.629,499.867,-0.284752,0.208333,1.04167,0.142016,1.44086,0.663925,-0.0113723,5.78286,5.92593e-05,0.0127245,0.397666,11672.7,0.660525,0.392187,-0.4,0.25,1,1021.12,3.86335e+07,0.222082,0.00855058,0.133418,0.0030462,-0.952935,0.14996,-0.0720867,nan,nan,nan,nan,-0.0211644,-0.0916357,-0.023645,nan,-0.226275,-0.0001,-0.15587,-0.618766,nan,-1.3567,-0.539862,-0.820667,-0.7886,0.204729,0.166133,-1.06507,-0.0136667,0.141667,-1.5
3145,-138.088,519.727,-0.264541,0.208333,0.708333,0.140317,1.42679,0.776139,-0.0109594,5.78039,5.92593e-05,0.0112106,0.397619,13165.9,0.602449,0.33087,-0.4,0.25,1,1022.06,3.86458e+07,0.203327,0.00890932,0.138196,0.00405301,-0.981713,0.155918,-0.0924136,nan,nan,nan,nan,-0.0244126,-0.106531,-0.0292768,nan,-0.234617,-0.000136364,-0.165047,-0.656432,nan,-1.2055,-0.580499,-0.852231,-0.818591,0.216347,0.201091,-1.10145,-0.0177273,0.167045,-1.5
3146,-115.626,384.762,-0.269424,0.0833333,0.791667,0.140084,1.41401,0.621575,-0.00932505,5.7798,5.92593e-05,0.00807977,0.397618,14718.7,0.558996,0.275861,-0.4,0.25,1,1022.89,3.8658e+07,0.17286,0.00852897,0.101589,0.00233415,-0.731717,0.115429,-0.0568571,nan,nan,nan,nan,-0.0153522,-0.0640666,-0.0167679,nan,-0.17429,0,-0.12168,-0.470103,nan,-1.10315,-0.431828,-0.629597,-0.614,0.164187,0.108571,-0.818667,-0.011619,0.0797619,-1.5
3147,-151.073,584.222,-0.284722,0.416667,1.08333,0.142879,1.4304,0.913876,-0.00919035,5.77994,5.92593e-05,0.015719,0.39764,16030.8,0.516452,0.250073,-0.4,0.25,1,1023.66,3.86703e+07,0.242985,0.0115725,0.158052,0.00478839,-1.1119,0.175267,-0.111728,nan,nan,nan,nan,-0.029486,-0.132403,-0.0352706,nan,-0.263092,-0.000138889,-0.187038,-0.722398,nan,-1.21458,-0.840285,-0.957163,-0.940917,0.242876,0.239667,-1.23067,-0.0197222,0.18125,-1.5
3148,-118.276,415.967,-0.286104,0.166667,1.08333,0.139525,1.42877,0.882295,-0.0103321,5.78025,5.92593e-05,0.00797395,0.397633,15654.9,0.534783,0.250148,-0.4,0.25,1,1024.45,3.86826e+07,0.198173,0.0085824,0.112627,0.00314543,-0.789638,0.12479,-0.0705533,nan,nan,nan,nan,-0.0181505,-0.07961,-0.0218486,nan,-0.18816,-0.0003,-0.120876,-0.511833,nan,-1.02958,-0.525834,-0.682926,-0.6598,0.173436,0.1564,-0.875867,-0.0132,0.109583,-1.5
3149,-110.36,379.286,-0.297119,0.208333,1.25,0.139119,1.42195,0.733147,-0.011973,5.77954,5.92593e-05,0.00976126,0.397601,15851.1,0.524636,0.25058,-0.4,0.25,1,1025.22,3.86949e+07,0.160721,0.00788916,0.101678,0.00308689,-0.718625,0.113786,-0.0713743,nan,nan,nan,nan,-0.0173646,-0.0735641,-0.021245,nan,-0.171418,-5.71429e-05,-0.100419,-0.469271,nan,-0.881389,-0.50922,-0.619345,-0.619714,0.154454,0.147429,-0.795429,-0.0132571,0.102143,-1.5
3150,-188.887,736.812,-0.249815,0.166667,0.5,0.137442,1.44665,0.68472,-0.00937864,5.77881,5.92593e-05,0.01315,0.397601,16013.1,0.513204,0.25417,-0.4,0.25,1,1025.99,3.87072e+07,0.302665,0.013836,0.202443,0.00481539,-1.40216,0.221044,-0.1209,nan,nan,nan,nan,-0.0294956,-0.135531,-0.0377907,nan,-0.332818,-0.00025,-0.227358,-0.894309,nan,-1.90622,-0.891476,-1.20318,-1.15087,0.304887,0.26875,-1.5565,-0.02025,0.215625,-1.5
3151,-141.473,511,-0.278275,0.166667,0.958333,0.139292,1.4602,0.902708,-0.00842292,5.779,5.92593e-05,0.00667083,0.397632,12992.7,0.56144,0.384322,-0.4,0.25,1,1026.94,3.87195e+07,0.198537,0.010365,0.138744,0.00381535,-0.976315,0.1533,-0.0785148,nan,nan,nan,nan,-0.0208523,-0.0896245,-0.0245537,nan,-0.230517,0,-0.175374,-0.645674,nan,-1.30469,-0.594062,-0.838581,-0.786222,0.217953,0.168148,-1.08444,-0.0132593,0.131944,-1.5
3152,-109.024,355.464,-0.287007,0.0416667,1.125,0.139486,1.48371,0.82913,-0.00963971,5.77961,5.92593e-05,0.0138726,0.397687,12005.4,0.637566,0.385971,-0.4,0.25,1,1027.96,3.87318e+07,0.153242,0.00681107,0.0970801,0.00242865,-0.670764,0.106639,-0.0639786,nan,nan,nan,nan,-0.0160183,-0.0701322,-0.0192548,nan,-0.160777,-7.14286e-05,-0.103209,-0.443321,nan,-0.890171,-0.417234,-0.583002,-0.566464,0.146494,0.134857,-0.752143,-0.0101429,0.0696429,-1.5
3153,-123.43,444,-0.266518,0.166667,0.75,0.136436,1.45343,0.704674,-0.0108115,5.78057,5.92593e-05,0.00997458,0.397702,12441.1,0.622601,0.36509,-0.4,0.25,1,1028.95,3.87441e+07,0.196384,0.00754128,0.119864,0.00281086,-0.841691,0.1332,-0.0811227,nan,nan,nan,nan,-0.0193515,-0.0834942,-0.0237302,nan,-0.200517,-0.000681818,-0.137896,-0.541666,nan,-1.13909,-0.496109,-0.733885,-0.711273,0.182379,0.174,-0.925091,-0.0151818,0.122727,-1.5
3154,-150.073,558.36,-0.270888,0.208333,0.833333,0.141431,1.44212,0.687981,-0.00973467,5.78023,5.92593e-05,0.00801158,0.397709,13962.1,0.589526,0.290573,-0.4,0.25,1,1029.84,3.87564e+07,0.21967,0.00899341,0.150886,0.0040123,-1.06352,0.167508,-0.098116,nan,nan,nan,nan,-0.0257454,-0.113277,-0.0303893,nan,-0.251737,-8e-05,-0.195139,-0.689822,nan,-1.29268,-0.776481,-0.917942,-0.89796,0.230244,0.21008,-1.1784,-0.01744,0.1605,-1.5
3155,-134.483,507.833,-0.28877,0.333333,1.16667,0.135925,1.47065,0.793065,-0.0111579,5.78033,5.92593e-05,0.0137656,0.397746,15404.5,0.549822,0.247869,-0.4,0.25,1,1030.63,3.87686e+07,0.215787,0.00838105,0.138214,0.00397035,-0.965198,0.15235,-0.093325,nan,nan,nan,nan,-0.0240689,-0.10357,-0.0283864,nan,-0.228857,-0.000305556,-0.180592,-0.629199,nan,-1.12992,-0.608062,-0.832662,-0.77725,0.213855,0.193444,-1.07,-0.0172778,0.154514,-1.5
3156,-144.918,535.773,-0.263908,0.166667,0.75,0.136216,1.48297,0.612194,-0.00995833,5.78026,5.92593e-05,0.0149776,0.397733,16261.1,0.510038,0.245631,-0.4,0.25,1,1031.39,3.87809e+07,0.219063,0.00979991,0.144968,0.00362235,-1.01839,0.160732,-0.0851682,nan,nan,nan,nan,-0.0223929,-0.104915,-0.0265344,nan,-0.242621,-0.000227273,-0.144713,-0.678352,nan,-1.33811,-0.600063,-0.884566,-0.871364,0.217473,0.189091,-1.13582,-0.0175455,0.152841,-1.5
3157,-153.555,569.2,-0.258787,0.208333,0.625,0.141263,1.49202,0.640839,-0.012315,5.77763,5.92593e-05,0.0102834,0.397597,15721.2,0.50831,0.273309,-0.4,0.25,1,1032.17,3.87932e+07,0.254959,0.0105486,0.153009,0.00332825,-1.0879,0.17076,-0.07611,nan,nan,nan,nan,-0.020026,-0.084879,-0.0227166,nan,-0.256755,-0.0003,-0.193139,-0.717405,nan,-1.68178,-0.547935,-0.937573,-0.91155,0.238173,0.1672,-1.2158,-0.0147,0.135625,-1.5
3158,-137.03,494.407,-0.280125,0.166667,0.958333,0.139638,1.43591,0.848499,-0.00827145,5.77343,5.92593e-05,0.00804703,0.397488,16065.4,0.520401,0.244474,-0.4,0.25,1,1032.94,3.88055e+07,0.207369,0.00898558,0.135795,0.00365692,-0.937436,0.148322,-0.0790593,nan,nan,nan,nan,-0.0209979,-0.0888841,-0.0240843,nan,-0.222889,-0.000444444,-0.182717,-0.620705,nan,-1.25433,-0.628717,-0.810187,-0.782889,0.206261,0.170963,-1.06919,-0.0147407,0.165741,-1.5
3159,-139.337,541.85,-0.257858,0.25,0.583333,0.140724,1.44328,0.772308,-0.0121741,5.76991,5.92593e-05,0.0135198,0.397366,13243.4,0.557495,0.370361,-0.4,0.25,1,1033.87,3.88178e+07,0.225642,0.00856383,0.150303,0.00445535,-1.02257,0.162555,-0.099405,nan,nan,nan,nan,-0.0240218,-0.106144,-0.0303395,nan,-0.243939,0,-0.169395,-0.665361,nan,-1.2116,-0.607928,-0.882214,-0.8682,0.228819,0.2126,-1.1426,-0.0202,0.15375,-1.5
3160,-128.352,455.25,-0.296493,0.0833333,1.25,0.141531,1.43459,0.797641,-0.00929,5.76716,5.92593e-05,0.00963586,0.397356,12817.6,0.608787,0.349893,-0.4,0.25,1,1034.83,3.88301e+07,0.186341,0.00807941,0.12584,0.00338887,-0.865924,0.136575,-0.0895594,nan,nan,nan,nan,-0.0231675,-0.0948342,-0.0275887,nan,-0.205042,-0.00015625,-0.158478,-0.549953,nan,-0.986294,-0.595117,-0.74841,-0.721125,0.187737,0.186875,-0.954625,-0.017,0.153906,-1.5
3161,-111.177,372,-0.284191,0.125,1.04167,0.143227,1.44527,0.774498,-0.00906755,5.76669,5.92593e-05,0.008904,0.397329,13183.2,0.600534,0.331559,-0.4,0.25,1,1035.76,3.88424e+07,0.149708,0.00653562,0.100411,0.00274729,-0.711821,0.1116,-0.0594143,nan,nan,nan,nan,-0.01699,-0.0690736,-0.0185137,nan,-0.167933,-0.000178571,-0.139404,-0.454793,nan,-0.931207,-0.493647,-0.613603,-0.597,0.154277,0.136143,-0.804857,-0.0112143,0.120536,-1.5
3162,-151.712,595.029,-0.283675,0.375,1.04167,0.141235,1.47373,0.908048,-0.0111405,5.76604,5.92593e-05,0.00632974,0.397349,14282.1,0.597183,0.263194,-0.4,0.25,1,1036.63,3.88547e+07,0.233329,0.0105984,0.166618,0.00446218,-1.12921,0.178509,-0.106918,nan,nan,nan,nan,-0.0266817,-0.115453,-0.033369,nan,-0.268897,0,-0.186312,-0.726313,nan,-1.36863,-0.623098,-0.972274,-0.954353,0.247635,0.233647,-1.24647,-0.0198824,0.165441,-1.5
3163,-135.42,505.24,-0.273975,0.166667,0.875,0.141569,1.47239,0.920915,-0.00928411,5.76779,5.92593e-05,0.0115122,0.397431,15476.4,0.538731,0.255251,-0.4,0.25,1,1037.42,3.88669e+07,0.214572,0.0101767,0.139617,0.00419021,-0.956275,0.151572,-0.099128,nan,nan,nan,nan,-0.0252391,-0.106231,-0.030581,nan,-0.227918,-0.00024,-0.170322,-0.615576,nan,-1.06895,-0.601516,-0.83028,-0.79548,0.210418,0.21552,-1.0672,-0.02064,0.1585,-1.5
3164,-129.533,475.115,-0.273191,0.208333,0.875,0.14541,1.42076,0.775563,-0.0109655,5.7693,5.92593e-05,0.0117009,0.397449,16308.8,0.503782,0.249678,-0.4,0.25,1,1038.18,3.88792e+07,0.210612,0.00915914,0.13116,0.00376044,-0.904856,0.142535,-0.0842,nan,nan,nan,nan,-0.0222998,-0.0934465,-0.0257055,nan,-0.214205,-0.0005,-0.164643,-0.592792,nan,-1.08907,-0.576308,-0.779718,-0.725885,0.197345,0.183077,-1.01015,-0.0181538,0.137019,-1.5
3165,-79.8086,225.9,-0.250199,0,0.416667,0.14473,1.43589,0.790121,-0.00900601,5.76946,5.92593e-05,0.00731958,0.397458,12748.8,0.589162,0.37469,-0.4,0.25,1,1039.14,3.88915e+07,0.0908311,0.004159,0.0619748,0.00194652,-0.423895,0.06777,-0.04815,nan,nan,nan,nan,-0.0122606,-0.0420283,-0.0132137,nan,-0.10123,0,-0.101179,-0.276667,nan,-0.440295,-0.329969,-0.373309,-0.3594,0.0970384,0.0932,-0.4868,-0.0082,0.07625,-1.5
3166,-113.988,410.345,-0.280884,0.25,0.958333,0.144476,1.44026,0.732116,-0.010664,5.76993,5.92593e-05,0.0118693,0.397498,12480.7,0.628962,0.355601,-0.4,0.25,1,1040.13,3.89038e+07,0.174091,0.00693157,0.111155,0.00328157,-0.777833,0.123103,-0.0774552,nan,nan,nan,nan,-0.0199193,-0.08362,-0.0230187,nan,-0.185281,0,-0.135108,-0.508981,nan,-0.921843,-0.481705,-0.677593,-0.652759,0.172006,0.160138,-0.862897,-0.0145517,0.128879,-1.5
3167,-134.241,466.312,-0.25889,0.0833333,0.583333,0.141995,1.47774,0.640814,-0.00855632,5.77012,5.92593e-05,0.00913964,0.397431,12939.4,0.577799,0.371857,-0.4,0.25,1,1041.08,3.89161e+07,0.201085,0.0084713,0.125427,0.00246191,-0.89271,0.139894,-0.0599688,nan,nan,nan,nan,-0.0161982,-0.0641923,-0.0187006,nan,-0.211947,0,-0.136212,-0.583819,nan,-1.43292,-0.364423,-0.780776,-0.767625,0.192289,0.1285,-0.99225,-0.009625,0.110938,-1.5
3168,-134.454,479.714,-0.266127,0.125,0.75,0.140868,1.44401,0.552136,-0.0101745,5.76732,5.92593e-05,0.0136609,0.397383,14686.1,0.560328,0.27638,-0.4,0.25,1,1041.92,3.89284e+07,0.197556,0.00950007,0.130374,0.00433637,-0.908585,0.143914,-0.0872857,nan,nan,nan,nan,-0.0248125,-0.10609,-0.0274106,nan,-0.216304,-0.000142857,-0.190242,-0.608663,nan,-0.998835,-0.771383,-0.789015,-0.750714,0.204234,0.184952,-1.02076,-0.0178095,0.132738,-1.5
3169,-156.094,588.619,-0.266153,0.125,0.75,0.139453,1.44885,0.701196,-0.0105148,5.76655,5.92593e-05,0.00903305,0.397394,16232.1,0.510517,0.246501,-0.4,0.25,1,1042.68,3.89407e+07,0.248944,0.0111719,0.164609,0.00476162,-1.12561,0.176586,-0.108767,nan,nan,nan,nan,-0.0259857,-0.111682,-0.0328183,nan,-0.265468,-0.000142857,-0.209728,-0.714022,nan,-1.31675,-0.76994,-0.964813,-0.888286,0.246203,0.233905,-1.24267,-0.0199048,0.154762,-1.5
3170,-130.628,483,-0.254008,0.125,0.583333,0.13876,1.44571,0.796878,-0.00970218,5.76566,5.92593e-05,0.00701774,0.397306,16162.8,0.510574,0.249691,-0.4,0.25,1,1043.44,3.8953e+07,0.205136,0.00913514,0.132066,0.00436133,-0.915892,0.1449,-0.0997176,nan,nan,nan,nan,-0.026239,-0.116371,-0.0304922,nan,-0.218058,-0.000235294,-0.134942,-0.590742,nan,-0.894955,-0.698277,-0.799969,-0.805059,0.200814,0.220706,-1.02,-0.0196471,0.157353,-1.5
3171,-127.103,447.238,-0.268665,0.0833333,0.791667,0.141619,1.44451,0.757997,-0.0117138,5.76217,5.92593e-05,0.0134091,0.397216,15353.3,0.547421,0.252929,-0.4,0.25,1,1044.24,3.89652e+07,0.183458,0.00861225,0.122605,0.00351425,-0.8453,0.134171,-0.0786429,nan,nan,nan,nan,-0.0218286,-0.0950197,-0.0248141,nan,-0.200895,0,-0.153567,-0.557881,nan,-1.02659,-0.584073,-0.734822,-0.701,0.183929,0.168,-0.953333,-0.0170476,0.136905,-1.5
3172,-157.617,597.769,-0.277866,0.125,0.958333,0.138304,1.46332,0.791385,-0.00973451,5.76049,5.92593e-05,0.0115651,0.397192,16104.2,0.512929,0.250103,-0.4,0.25,1,1045.01,3.89775e+07,0.256631,0.0102795,0.158886,0.00541473,-1.13236,0.179331,-0.114104,nan,nan,nan,nan,-0.0320058,-0.138591,-0.036876,nan,-0.270133,-0.000576923,-0.19446,-0.740801,nan,-1.14793,-0.854858,-0.984683,-0.944192,0.245454,0.258615,-1.28369,-0.0237692,0.197596,-1.5
3173,-145.938,542.952,-0.264258,0.125,0.75,0.137088,1.43147,0.613723,-0.00856746,5.75998,5.92593e-05,0.014239,0.397141,15932,0.522939,0.248341,-0.4,0.25,1,1045.78,3.89898e+07,0.208196,0.00843047,0.146655,0.00444424,-1.03321,0.162886,-0.107838,nan,nan,nan,nan,-0.0265707,-0.117251,-0.0323681,nan,-0.24482,-0.000142857,-0.178533,-0.672182,nan,-1.17143,-0.710138,-0.894517,-0.891143,0.230069,0.223619,-1.15543,-0.018,0.190476,-1.5
