resumed from robots/microban/policies/getup_discover_run/getup_discover_it7200.pt at iteration 7200; std 0.300
gesture getup_discover: std [0.4000000059604645, 0.4000000059604645, 0.4000000059604645, 0.25, 0.25, 0.25, 0.25, 0.25, 0.25, 0.4000000059604645, 0.4000000059604645, 0.4000000059604645, 0.25, 0.25, 0.25, 0.25, 0.25, 0.25] (capped), fixed learning rate, qat=off
getup_discover assist start 0.00 N (mass=0.819 kg, stand_head_z=0.294)
/Users/robertonavoni/Desktop/Lavoro/Progetti-2026/Progetti Software/microduck-ap-ppo-sitl/tools/robots/train_velocity.py:830: UserWarning: Converting a tensor with requires_grad=True to a scalar may lead to unexpected behavior.
Consider using tensor.detach() first. (Triggered internally at /Users/runner/work/pytorch/pytorch/torch/csrc/autograd/generated/python_variable_methods.cpp:821.)
  "Policy/mean_std": float(log_std.exp().mean()),
it 7201/11200  reward     nan  ep_len    nan  fell    0  err_xy 0.291  std 0.300  lr 1.0e-04  fps   9044     0.3s
it 7202/11200  reward     nan  ep_len    nan  fell    0  err_xy 0.259  std 0.300  lr 1.0e-04  fps   9923     0.5s
it 7203/11200  reward     nan  ep_len    nan  fell    0  err_xy 0.205  std 0.300  lr 1.0e-04  fps   9804     0.7s
it 7204/11200  reward     nan  ep_len    nan  fell    0  err_xy 0.227  std 0.300  lr 1.0e-04  fps   9909     1.0s
it 7205/11200  reward     nan  ep_len    nan  fell    0  err_xy 0.229  std 0.300  lr 1.0e-04  fps   9827     1.2s
it 7206/11200  reward     nan  ep_len    nan  fell    0  err_xy 0.208  std 0.300  lr 1.0e-04  fps   9620     1.4s
it 7207/11200  reward     nan  ep_len    nan  fell    0  err_xy 0.144  std 0.300  lr 1.0e-04  fps   9336     1.7s
it 7208/11200  reward     nan  ep_len    nan  fell    0  err_xy 0.092  std 0.300  lr 1.0e-04  fps   9392     1.9s
it 7209/11200  reward     nan  ep_len    nan  fell    0  err_xy 0.071  std 0.300  lr 1.0e-04  fps   9306     2.2s
it 7210/11200  reward     nan  ep_len    nan  fell    0  err_xy 0.045  std 0.300  lr 1.0e-04  fps   9351     2.4s
it 7211/11200  reward     nan  ep_len    nan  fell    0  err_xy 0.042  std 0.300  lr 1.0e-04  fps   8441     2.7s
it 7212/11200  reward     nan  ep_len    nan  fell    0  err_xy 0.032  std 0.300  lr 1.0e-04  fps   9224     2.9s
it 7213/11200  reward     nan  ep_len    nan  fell    0  err_xy 0.026  std 0.300  lr 1.0e-04  fps   9043     3.2s
it 7214/11200  reward     nan  ep_len    nan  fell    0  err_xy 0.021  std 0.300  lr 1.0e-04  fps   9088     3.5s
it 7215/11200  reward     nan  ep_len    nan  fell    0  err_xy 0.022  std 0.300  lr 1.0e-04  fps   9354     3.7s
it 7216/11200  reward     nan  ep_len    nan  fell    0  err_xy 0.020  std 0.300  lr 1.0e-04  fps   9473     3.9s
it 7217/11200  reward   65.54  ep_len  400.0  fell    0  err_xy 0.104  std 0.300  lr 1.0e-04  fps   7406     4.3s
it 7218/11200  reward     nan  ep_len    nan  fell    0  err_xy 0.322  std 0.300  lr 1.0e-04  fps   9679     4.5s
it 7219/11200  reward     nan  ep_len    nan  fell    0  err_xy 0.249  std 0.300  lr 1.0e-04  fps   9748     4.7s
it 7220/11200  reward     nan  ep_len    nan  fell    0  err_xy 0.206  std 0.300  lr 1.0e-04  fps   9811     5.0s
it 7221/11200  reward     nan  ep_len    nan  fell    0  err_xy 0.235  std 0.300  lr 1.0e-04  fps   9726     5.2s
it 7222/11200  reward     nan  ep_len    nan  fell    0  err_xy 0.230  std 0.300  lr 1.0e-04  fps   9745     5.4s
it 7223/11200  reward     nan  ep_len    nan  fell    0  err_xy 0.199  std 0.300  lr 1.0e-04  fps   9444     5.7s
it 7224/11200  reward     nan  ep_len    nan  fell    0  err_xy 0.151  std 0.300  lr 1.0e-04  fps   9300     5.9s
it 7225/11200  reward     nan  ep_len    nan  fell    0  err_xy 0.125  std 0.300  lr 1.0e-04  fps   8962     6.2s
it 7226/11200  reward     nan  ep_len    nan  fell    0  err_xy 0.102  std 0.300  lr 1.0e-04  fps   9454     6.4s
it 7227/11200  reward     nan  ep_len    nan  fell    0  err_xy 0.086  std 0.300  lr 1.0e-04  fps   8421     6.7s
it 7228/11200  reward     nan  ep_len    nan  fell    0  err_xy 0.064  std 0.300  lr 1.0e-04  fps   9619     6.9s
it 7229/11200  reward     nan  ep_len    nan  fell    0  err_xy 0.059  std 0.300  lr 1.0e-04  fps   9578     7.2s
it 7230/11200  reward     nan  ep_len    nan  fell    0  err_xy 0.042  std 0.300  lr 1.0e-04  fps   8924     7.4s
it 7231/11200  reward     nan  ep_len    nan  fell    0  err_xy 0.032  std 0.300  lr 1.0e-04  fps   9721     7.7s
it 7232/11200  reward     nan  ep_len    nan  fell    0  err_xy 0.020  std 0.300  lr 1.0e-04  fps   9591     7.9s
it 7233/11200  reward     nan  ep_len    nan  fell    0  err_xy 0.015  std 0.300  lr 1.0e-04  fps   9494     8.2s
it 7234/11200  reward   61.07  ep_len  400.0  fell    0  err_xy 0.209  std 0.300  lr 1.0e-04  fps   7718     8.5s
it 7235/11200  reward     nan  ep_len    nan  fell    0  err_xy 0.300  std 0.300  lr 1.0e-04  fps   9625     8.7s
it 7236/11200  reward     nan  ep_len    nan  fell    0  err_xy 0.226  std 0.300  lr 1.0e-04  fps   9634     8.9s
it 7237/11200  reward     nan  ep_len    nan  fell    0  err_xy 0.232  std 0.300  lr 1.0e-04  fps   9244     9.2s
it 7238/11200  reward     nan  ep_len    nan  fell    0  err_xy 0.239  std 0.300  lr 1.0e-04  fps   9002     9.5s
it 7239/11200  reward     nan  ep_len    nan  fell    0  err_xy 0.227  std 0.300  lr 1.0e-04  fps   8666     9.7s
it 7240/11200  reward     nan  ep_len    nan  fell    0  err_xy 0.152  std 0.300  lr 1.0e-04  fps   7461    10.0s
it 7241/11200  reward     nan  ep_len    nan  fell    0  err_xy 0.100  std 0.300  lr 1.0e-04  fps   8305    10.3s
it 7242/11200  reward     nan  ep_len    nan  fell    0  err_xy 0.067  std 0.300  lr 1.0e-04  fps   8345    10.6s
it 7243/11200  reward     nan  ep_len    nan  fell    0  err_xy 0.047  std 0.300  lr 1.0e-04  fps   8177    10.9s
it 7244/11200  reward     nan  ep_len    nan  fell    0  err_xy 0.035  std 0.300  lr 1.0e-04  fps   7939    11.2s
it 7245/11200  reward     nan  ep_len    nan  fell    0  err_xy 0.028  std 0.300  lr 1.0e-04  fps   7767    11.5s
it 7246/11200  reward     nan  ep_len    nan  fell    0  err_xy 0.019  std 0.300  lr 1.0e-04  fps   8379    11.7s
it 7247/11200  reward     nan  ep_len    nan  fell    0  err_xy 0.012  std 0.300  lr 1.0e-04  fps   8669    12.0s
it 7248/11200  reward     nan  ep_len    nan  fell    0  err_xy 0.011  std 0.300  lr 1.0e-04  fps   8479    12.3s
it 7249/11200  reward     nan  ep_len    nan  fell    0  err_xy 0.010  std 0.300  lr 1.0e-04  fps   8596    12.5s
it 7250/11200  reward   69.03  ep_len  400.0  fell    0  err_xy 0.013  std 0.300  lr 1.0e-04  fps   6535    12.9s
it 7251/11200  reward     nan  ep_len    nan  fell    0  err_xy 0.286  std 0.300  lr 1.0e-04  fps   8568    13.2s
it 7252/11200  reward     nan  ep_len    nan  fell    0  err_xy 0.285  std 0.300  lr 1.0e-04  fps   8997    13.4s
it 7253/11200  reward     nan  ep_len    nan  fell    0  err_xy 0.212  std 0.300  lr 1.0e-04  fps   8936    13.7s
it 7254/11200  reward     nan  ep_len    nan  fell    0  err_xy 0.218  std 0.300  lr 1.0e-04  fps   8846    13.9s
it 7255/11200  reward     nan  ep_len    nan  fell    0  err_xy 0.209  std 0.300  lr 1.0e-04  fps   8703    14.2s
it 7256/11200  reward     nan  ep_len    nan  fell    0  err_xy 0.177  std 0.300  lr 1.0e-04  fps   8626    14.5s
it 7257/11200  reward     nan  ep_len    nan  fell    0  err_xy 0.140  std 0.300  lr 1.0e-04  fps   7846    14.8s
it 7258/11200  reward     nan  ep_len    nan  fell    0  err_xy 0.111  std 0.300  lr 1.0e-04  fps   8018    15.0s
it 7259/11200  reward     nan  ep_len    nan  fell    0  err_xy 0.087  std 0.300  lr 1.0e-04  fps   8308    15.3s
it 7260/11200  reward     nan  ep_len    nan  fell    0  err_xy 0.079  std 0.300  lr 1.0e-04  fps   8552    15.6s
it 7261/11200  reward     nan  ep_len    nan  fell    0  err_xy 0.060  std 0.300  lr 1.0e-04  fps   8555    15.9s
it 7262/11200  reward     nan  ep_len    nan  fell    0  err_xy 0.047  std 0.300  lr 1.0e-04  fps   8694    16.1s
it 7263/11200  reward     nan  ep_len    nan  fell    0  err_xy 0.030  std 0.300  lr 1.0e-04  fps   9201    16.4s
it 7264/11200  reward     nan  ep_len    nan  fell    0  err_xy 0.023  std 0.300  lr 1.0e-04  fps   9172    16.6s
it 7265/11200  reward     nan  ep_len    nan  fell    0  err_xy 0.015  std 0.300  lr 1.0e-04  fps   9314    16.9s
it 7266/11200  reward     nan  ep_len    nan  fell    0  err_xy 0.012  std 0.300  lr 1.0e-04  fps   9192    17.1s
it 7267/11200  reward   63.56  ep_len  400.0  fell    0  err_xy 0.094  std 0.300  lr 1.0e-04  fps   7483    17.4s
it 7268/11200  reward     nan  ep_len    nan  fell    0  err_xy 0.319  std 0.300  lr 1.0e-04  fps   9826    17.7s
it 7269/11200  reward     nan  ep_len    nan  fell    0  err_xy 0.240  std 0.300  lr 1.0e-04  fps   9973    17.9s
it 7270/11200  reward     nan  ep_len    nan  fell    0  err_xy 0.209  std 0.300  lr 1.0e-04  fps   9782    18.1s
it 7271/11200  reward     nan  ep_len    nan  fell    0  err_xy 0.218  std 0.300  lr 1.0e-04  fps   9836    18.4s
it 7272/11200  reward     nan  ep_len    nan  fell    0  err_xy 0.210  std 0.300  lr 1.0e-04  fps   9479    18.6s
it 7273/11200  reward     nan  ep_len    nan  fell    0  err_xy 0.134  std 0.300  lr 1.0e-04  fps   9311    18.9s
it 7274/11200  reward     nan  ep_len    nan  fell    0  err_xy 0.094  std 0.300  lr 1.0e-04  fps   8512    19.1s
it 7275/11200  reward     nan  ep_len    nan  fell    0  err_xy 0.081  std 0.300  lr 1.0e-04  fps   9298    19.4s
it 7276/11200  reward     nan  ep_len    nan  fell    0  err_xy 0.059  std 0.300  lr 1.0e-04  fps   9338    19.6s
it 7277/11200  reward     nan  ep_len    nan  fell    0  err_xy 0.042  std 0.300  lr 1.0e-04  fps   9366    19.9s
it 7278/11200  reward     nan  ep_len    nan  fell    0  err_xy 0.029  std 0.300  lr 1.0e-04  fps   9260    20.1s
it 7279/11200  reward     nan  ep_len    nan  fell    0  err_xy 0.028  std 0.300  lr 1.0e-04  fps   9278    20.4s
it 7280/11200  reward     nan  ep_len    nan  fell    0  err_xy 0.022  std 0.300  lr 1.0e-04  fps   8915    20.6s
it 7281/11200  reward     nan  ep_len    nan  fell    0  err_xy 0.020  std 0.300  lr 1.0e-04  fps   8786    20.9s
it 7282/11200  reward     nan  ep_len    nan  fell    0  err_xy 0.018  std 0.300  lr 1.0e-04  fps   8416    21.2s
it 7283/11200  reward     nan  ep_len    nan  fell    0  err_xy 0.015  std 0.300  lr 1.0e-04  fps   9059    21.4s
it 7284/11200  reward   69.66  ep_len  400.0  fell    0  err_xy 0.213  std 0.300  lr 1.0e-04  fps   7508    21.7s
it 7285/11200  reward     nan  ep_len    nan  fell    0  err_xy 0.294  std 0.300  lr 1.0e-04  fps   9956    22.0s
it 7286/11200  reward     nan  ep_len    nan  fell    0  err_xy 0.247  std 0.300  lr 1.0e-04  fps   9739    22.2s
it 7287/11200  reward     nan  ep_len    nan  fell    0  err_xy 0.225  std 0.300  lr 1.0e-04  fps   9797    22.4s
it 7288/11200  reward     nan  ep_len    nan  fell    0  err_xy 0.239  std 0.300  lr 1.0e-04  fps   9781    22.7s
it 7289/11200  reward     nan  ep_len    nan  fell    0  err_xy 0.221  std 0.300  lr 1.0e-04  fps   9062    22.9s
it 7290/11200  reward     nan  ep_len    nan  fell    0  err_xy 0.165  std 0.300  lr 1.0e-04  fps   9249    23.2s
it 7291/11200  reward     nan  ep_len    nan  fell    0  err_xy 0.114  std 0.300  lr 1.0e-04  fps   9164    23.4s
it 7292/11200  reward     nan  ep_len    nan  fell    0  err_xy 0.087  std 0.300  lr 1.0e-04  fps   9129    23.7s
it 7293/11200  reward     nan  ep_len    nan  fell    0  err_xy 0.059  std 0.300  lr 1.0e-04  fps   9414    23.9s
it 7294/11200  reward     nan  ep_len    nan  fell    0  err_xy 0.048  std 0.300  lr 1.0e-04  fps   9446    24.2s
it 7295/11200  reward     nan  ep_len    nan  fell    0  err_xy 0.036  std 0.300  lr 1.0e-04  fps   9423    24.4s
it 7296/11200  reward     nan  ep_len    nan  fell    0  err_xy 0.030  std 0.300  lr 1.0e-04  fps   9412    24.7s
it 7297/11200  reward     nan  ep_len    nan  fell    0  err_xy 0.023  std 0.300  lr 1.0e-04  fps   8630    24.9s
it 7298/11200  reward     nan  ep_len    nan  fell    0  err_xy 0.019  std 0.300  lr 1.0e-04  fps   9426    25.2s
it 7299/11200  reward     nan  ep_len    nan  fell    0  err_xy 0.016  std 0.300  lr 1.0e-04  fps   9235    25.4s
it 7300/11200  reward   66.72  ep_len  400.0  fell    0  err_xy 0.014  std 0.300  lr 1.0e-04  fps   7264    25.7s
it 7301/11200  reward     nan  ep_len    nan  fell    0  err_xy 0.301  std 0.300  lr 1.0e-04  fps   9958    26.0s
it 7302/11200  reward     nan  ep_len    nan  fell    0  err_xy 0.278  std 0.300  lr 1.0e-04  fps  10013    26.2s
it 7303/11200  reward     nan  ep_len    nan  fell    0  err_xy 0.198  std 0.300  lr 1.0e-04  fps   9938    26.4s
it 7304/11200  reward     nan  ep_len    nan  fell    0  err_xy 0.196  std 0.300  lr 1.0e-04  fps   9599    26.7s
it 7305/11200  reward     nan  ep_len    nan  fell    0  err_xy 0.213  std 0.300  lr 1.0e-04  fps   9342    26.9s
it 7306/11200  reward     nan  ep_len    nan  fell    0  err_xy 0.186  std 0.300  lr 1.0e-04  fps   9492    27.2s
it 7307/11200  reward     nan  ep_len    nan  fell    0  err_xy 0.127  std 0.300  lr 1.0e-04  fps   9364    27.4s
it 7308/11200  reward     nan  ep_len    nan  fell    0  err_xy 0.088  std 0.300  lr 1.0e-04  fps   9243    27.7s
it 7309/11200  reward     nan  ep_len    nan  fell    0  err_xy 0.072  std 0.300  lr 1.0e-04  fps   9406    27.9s
it 7310/11200  reward     nan  ep_len    nan  fell    0  err_xy 0.063  std 0.300  lr 1.0e-04  fps   9437    28.1s
it 7311/11200  reward     nan  ep_len    nan  fell    0  err_xy 0.050  std 0.300  lr 1.0e-04  fps   9416    28.4s
it 7312/11200  reward     nan  ep_len    nan  fell    0  err_xy 0.036  std 0.300  lr 1.0e-04  fps   9320    28.6s
it 7313/11200  reward     nan  ep_len    nan  fell    0  err_xy 0.037  std 0.300  lr 1.0e-04  fps   9372    28.9s
it 7314/11200  reward     nan  ep_len    nan  fell    0  err_xy 0.027  std 0.300  lr 1.0e-04  fps   9331    29.1s
it 7315/11200  reward     nan  ep_len    nan  fell    0  err_xy 0.018  std 0.300  lr 1.0e-04  fps   9400    29.4s
it 7316/11200  reward     nan  ep_len    nan  fell    0  err_xy 0.019  std 0.300  lr 1.0e-04  fps   9095    29.6s
it 7317/11200  reward   63.07  ep_len  400.0  fell    0  err_xy 0.098  std 0.300  lr 1.0e-04  fps   7264    30.0s
it 7318/11200  reward     nan  ep_len    nan  fell    0  err_xy 0.327  std 0.300  lr 1.0e-04  fps   9966    30.2s
it 7319/11200  reward     nan  ep_len    nan  fell    0  err_xy 0.274  std 0.300  lr 1.0e-04  fps   9997    30.4s
it 7320/11200  reward     nan  ep_len    nan  fell    0  err_xy 0.230  std 0.300  lr 1.0e-04  fps   9947    30.6s
it 7321/11200  reward     nan  ep_len    nan  fell    0  err_xy 0.220  std 0.300  lr 1.0e-04  fps   9818    30.9s
it 7322/11200  reward     nan  ep_len    nan  fell    0  err_xy 0.207  std 0.300  lr 1.0e-04  fps   9471    31.1s
it 7323/11200  reward     nan  ep_len    nan  fell    0  err_xy 0.187  std 0.300  lr 1.0e-04  fps   9195    31.4s
it 7324/11200  reward     nan  ep_len    nan  fell    0  err_xy 0.141  std 0.300  lr 1.0e-04  fps   9244    31.6s
it 7325/11200  reward     nan  ep_len    nan  fell    0  err_xy 0.096  std 0.300  lr 1.0e-04  fps   9354    31.9s
it 7326/11200  reward     nan  ep_len    nan  fell    0  err_xy 0.055  std 0.300  lr 1.0e-04  fps   9399    32.1s
it 7327/11200  reward     nan  ep_len    nan  fell    0  err_xy 0.048  std 0.300  lr 1.0e-04  fps   9411    32.4s
it 7328/11200  reward     nan  ep_len    nan  fell    0  err_xy 0.041  std 0.300  lr 1.0e-04  fps   9274    32.6s
it 7329/11200  reward     nan  ep_len    nan  fell    0  err_xy 0.035  std 0.300  lr 1.0e-04  fps   8739    32.9s
it 7330/11200  reward     nan  ep_len    nan  fell    0  err_xy 0.023  std 0.300  lr 1.0e-04  fps   9149    33.1s
it 7331/11200  reward     nan  ep_len    nan  fell    0  err_xy 0.020  std 0.300  lr 1.0e-04  fps   9287    33.4s
it 7332/11200  reward     nan  ep_len    nan  fell    0  err_xy 0.018  std 0.300  lr 1.0e-04  fps   9059    33.6s
it 7333/11200  reward     nan  ep_len    nan  fell    0  err_xy 0.019  std 0.300  lr 1.0e-04  fps   9266    33.9s
it 7334/11200  reward   65.10  ep_len  400.0  fell    0  err_xy 0.203  std 0.300  lr 1.0e-04  fps   7464    34.2s
it 7335/11200  reward     nan  ep_len    nan  fell    0  err_xy 0.314  std 0.300  lr 1.0e-04  fps   9959    34.4s
it 7336/11200  reward     nan  ep_len    nan  fell    0  err_xy 0.247  std 0.300  lr 1.0e-04  fps  10013    34.6s
it 7337/11200  reward     nan  ep_len    nan  fell    0  err_xy 0.209  std 0.300  lr 1.0e-04  fps   9925    34.9s
it 7338/11200  reward     nan  ep_len    nan  fell    0  err_xy 0.216  std 0.300  lr 1.0e-04  fps   9868    35.1s
it 7339/11200  reward     nan  ep_len    nan  fell    0  err_xy 0.195  std 0.300  lr 1.0e-04  fps   9705    35.4s
it 7340/11200  reward     nan  ep_len    nan  fell    0  err_xy 0.163  std 0.300  lr 1.0e-04  fps   9567    35.6s
it 7341/11200  reward     nan  ep_len    nan  fell    0  err_xy 0.131  std 0.300  lr 1.0e-04  fps   9372    35.8s
it 7342/11200  reward     nan  ep_len    nan  fell    0  err_xy 0.085  std 0.300  lr 1.0e-04  fps   9426    36.1s
it 7343/11200  reward     nan  ep_len    nan  fell    0  err_xy 0.077  std 0.300  lr 1.0e-04  fps   9228    36.3s
it 7344/11200  reward     nan  ep_len    nan  fell    0  err_xy 0.065  std 0.300  lr 1.0e-04  fps   9225    36.6s
it 7345/11200  reward     nan  ep_len    nan  fell    0  err_xy 0.049  std 0.300  lr 1.0e-04  fps   9150    36.8s
it 7346/11200  reward     nan  ep_len    nan  fell    0  err_xy 0.045  std 0.300  lr 1.0e-04  fps   9163    37.1s
it 7347/11200  reward     nan  ep_len    nan  fell    0  err_xy 0.035  std 0.300  lr 1.0e-04  fps   9278    37.3s
it 7348/11200  reward     nan  ep_len    nan  fell    0  err_xy 0.030  std 0.300  lr 1.0e-04  fps   9250    37.6s
it 7349/11200  reward     nan  ep_len    nan  fell    0  err_xy 0.022  std 0.300  lr 1.0e-04  fps   9253    37.8s
it 7350/11200  reward   62.61  ep_len  400.0  fell    0  err_xy 0.022  std 0.300  lr 1.0e-04  fps   7334    38.2s
it 7351/11200  reward     nan  ep_len    nan  fell    0  err_xy 0.299  std 0.300  lr 1.0e-04  fps   9882    38.4s
it 7352/11200  reward     nan  ep_len    nan  fell    0  err_xy 0.292  std 0.300  lr 1.0e-04  fps   9941    38.6s
it 7353/11200  reward     nan  ep_len    nan  fell    0  err_xy 0.221  std 0.300  lr 1.0e-04  fps   9877    38.8s
it 7354/11200  reward     nan  ep_len    nan  fell    0  err_xy 0.235  std 0.300  lr 1.0e-04  fps   9964    39.1s
it 7355/11200  reward     nan  ep_len    nan  fell    0  err_xy 0.227  std 0.300  lr 1.0e-04  fps   9773    39.3s
it 7356/11200  reward     nan  ep_len    nan  fell    0  err_xy 0.186  std 0.300  lr 1.0e-04  fps   9576    39.6s
it 7357/11200  reward     nan  ep_len    nan  fell    0  err_xy 0.134  std 0.300  lr 1.0e-04  fps   9425    39.8s
it 7358/11200  reward     nan  ep_len    nan  fell    0  err_xy 0.108  std 0.300  lr 1.0e-04  fps   9380    40.0s
it 7359/11200  reward     nan  ep_len    nan  fell    0  err_xy 0.092  std 0.300  lr 1.0e-04  fps   9529    40.3s
it 7360/11200  reward     nan  ep_len    nan  fell    0  err_xy 0.080  std 0.300  lr 1.0e-04  fps   9377    40.5s
it 7361/11200  reward     nan  ep_len    nan  fell    0  err_xy 0.055  std 0.300  lr 1.0e-04  fps   9393    40.8s
it 7362/11200  reward     nan  ep_len    nan  fell    0  err_xy 0.042  std 0.300  lr 1.0e-04  fps   9441    41.0s
it 7363/11200  reward     nan  ep_len    nan  fell    0  err_xy 0.048  std 0.300  lr 1.0e-04  fps   9417    41.3s
it 7364/11200  reward     nan  ep_len    nan  fell    0  err_xy 0.041  std 0.300  lr 1.0e-04  fps   9454    41.5s
it 7365/11200  reward     nan  ep_len    nan  fell    0  err_xy 0.042  std 0.300  lr 1.0e-04  fps   9528    41.8s
it 7366/11200  reward     nan  ep_len    nan  fell    0  err_xy 0.040  std 0.300  lr 1.0e-04  fps   9421    42.0s
it 7367/11200  reward   63.89  ep_len  400.0  fell    0  err_xy 0.107  std 0.300  lr 1.0e-04  fps   7450    42.3s
it 7368/11200  reward     nan  ep_len    nan  fell    0  err_xy 0.280  std 0.300  lr 1.0e-04  fps   9973    42.5s
it 7369/11200  reward     nan  ep_len    nan  fell    0  err_xy 0.236  std 0.300  lr 1.0e-04  fps  10051    42.8s
it 7370/11200  reward     nan  ep_len    nan  fell    0  err_xy 0.192  std 0.300  lr 1.0e-04  fps   9634    43.0s
it 7371/11200  reward     nan  ep_len    nan  fell    0  err_xy 0.209  std 0.300  lr 1.0e-04  fps   9790    43.2s
it 7372/11200  reward     nan  ep_len    nan  fell    0  err_xy 0.210  std 0.300  lr 1.0e-04  fps   9759    43.5s
it 7373/11200  reward     nan  ep_len    nan  fell    0  err_xy 0.174  std 0.300  lr 1.0e-04  fps   9421    43.7s
it 7374/11200  reward     nan  ep_len    nan  fell    0  err_xy 0.139  std 0.300  lr 1.0e-04  fps   9442    44.0s
it 7375/11200  reward     nan  ep_len    nan  fell    0  err_xy 0.101  std 0.300  lr 1.0e-04  fps   9436    44.2s
it 7376/11200  reward     nan  ep_len    nan  fell    0  err_xy 0.086  std 0.300  lr 1.0e-04  fps   9441    44.5s
it 7377/11200  reward     nan  ep_len    nan  fell    0  err_xy 0.069  std 0.300  lr 1.0e-04  fps   9404    44.7s
it 7378/11200  reward     nan  ep_len    nan  fell    0  err_xy 0.051  std 0.300  lr 1.0e-04  fps   9480    45.0s
it 7379/11200  reward     nan  ep_len    nan  fell    0  err_xy 0.043  std 0.300  lr 1.0e-04  fps   9277    45.2s
it 7380/11200  reward     nan  ep_len    nan  fell    0  err_xy 0.042  std 0.300  lr 1.0e-04  fps   9362    45.4s
it 7381/11200  reward     nan  ep_len    nan  fell    0  err_xy 0.040  std 0.300  lr 1.0e-04  fps   9422    45.7s
it 7382/11200  reward     nan  ep_len    nan  fell    0  err_xy 0.041  std 0.300  lr 1.0e-04  fps   7335    46.0s
it 7383/11200  reward     nan  ep_len    nan  fell    0  err_xy 0.030  std 0.300  lr 1.0e-04  fps   8312    46.3s
it 7384/11200  reward   62.58  ep_len  400.0  fell    0  err_xy 0.205  std 0.300  lr 1.0e-04  fps   6170    46.7s
it 7385/11200  reward     nan  ep_len    nan  fell    0  err_xy 0.284  std 0.300  lr 1.0e-04  fps   9967    46.9s
it 7386/11200  reward     nan  ep_len    nan  fell    0  err_xy 0.219  std 0.300  lr 1.0e-04  fps   9928    47.1s
it 7387/11200  reward     nan  ep_len    nan  fell    0  err_xy 0.212  std 0.300  lr 1.0e-04  fps   9805    47.4s
it 7388/11200  reward     nan  ep_len    nan  fell    0  err_xy 0.213  std 0.300  lr 1.0e-04  fps   9777    47.6s
it 7389/11200  reward     nan  ep_len    nan  fell    0  err_xy 0.200  std 0.300  lr 1.0e-04  fps   9498    47.8s
it 7390/11200  reward     nan  ep_len    nan  fell    0  err_xy 0.164  std 0.300  lr 1.0e-04  fps   9498    48.1s
it 7391/11200  reward     nan  ep_len    nan  fell    0  err_xy 0.123  std 0.300  lr 1.0e-04  fps   9150    48.3s
it 7392/11200  reward     nan  ep_len    nan  fell    0  err_xy 0.089  std 0.300  lr 1.0e-04  fps   9425    48.6s
it 7393/11200  reward     nan  ep_len    nan  fell    0  err_xy 0.075  std 0.300  lr 1.0e-04  fps   9124    48.8s
it 7394/11200  reward     nan  ep_len    nan  fell    0  err_xy 0.070  std 0.300  lr 1.0e-04  fps   9157    49.1s
it 7395/11200  reward     nan  ep_len    nan  fell    0  err_xy 0.049  std 0.300  lr 1.0e-04  fps   9401    49.3s
it 7396/11200  reward     nan  ep_len    nan  fell    0  err_xy 0.046  std 0.300  lr 1.0e-04  fps   9451    49.6s
it 7397/11200  reward     nan  ep_len    nan  fell    0  err_xy 0.042  std 0.300  lr 1.0e-04  fps   9438    49.8s
it 7398/11200  reward     nan  ep_len    nan  fell    0  err_xy 0.032  std 0.300  lr 1.0e-04  fps   9327    50.1s
it 7399/11200  reward     nan  ep_len    nan  fell    0  err_xy 0.023  std 0.300  lr 1.0e-04  fps   9371    50.3s
it 7400/11200  reward   62.94  ep_len  400.0  fell    0  err_xy 0.025  std 0.300  lr 1.0e-04  fps   7304    50.6s
eval iteration 7400:
  prone          success   0.0%  time 8.00s  peak_τ 0.96 Nm  return 72.48
  supine         success   0.0%  time 8.00s  peak_τ 0.95 Nm  return 79.29
  score 0.000
it 7401/11200  reward     nan  ep_len    nan  fell    0  err_xy 0.299  std 0.300  lr 1.0e-04  fps   9671    52.8s
it 7402/11200  reward     nan  ep_len    nan  fell    0  err_xy 0.314  std 0.300  lr 1.0e-04  fps   9898    53.0s
it 7403/11200  reward     nan  ep_len    nan  fell    0  err_xy 0.231  std 0.300  lr 1.0e-04  fps   9543    53.3s
it 7404/11200  reward     nan  ep_len    nan  fell    0  err_xy 0.243  std 0.300  lr 1.0e-04  fps   9526    53.5s
it 7405/11200  reward     nan  ep_len    nan  fell    0  err_xy 0.238  std 0.300  lr 1.0e-04  fps   9428    53.8s
it 7406/11200  reward     nan  ep_len    nan  fell    0  err_xy 0.175  std 0.300  lr 1.0e-04  fps   9493    54.0s
it 7407/11200  reward     nan  ep_len    nan  fell    0  err_xy 0.116  std 0.300  lr 1.0e-04  fps   9388    54.3s
it 7408/11200  reward     nan  ep_len    nan  fell    0  err_xy 0.092  std 0.300  lr 1.0e-04  fps   8902    54.5s
it 7409/11200  reward     nan  ep_len    nan  fell    0  err_xy 0.071  std 0.300  lr 1.0e-04  fps   9497    54.8s
it 7410/11200  reward     nan  ep_len    nan  fell    0  err_xy 0.059  std 0.300  lr 1.0e-04  fps   8684    55.0s
it 7411/11200  reward     nan  ep_len    nan  fell    0  err_xy 0.047  std 0.300  lr 1.0e-04  fps   9336    55.3s
it 7412/11200  reward     nan  ep_len    nan  fell    0  err_xy 0.042  std 0.300  lr 1.0e-04  fps   8316    55.6s
it 7413/11200  reward     nan  ep_len    nan  fell    0  err_xy 0.035  std 0.300  lr 1.0e-04  fps   9063    55.8s
it 7414/11200  reward     nan  ep_len    nan  fell    0  err_xy 0.028  std 0.300  lr 1.0e-04  fps   9171    56.1s
it 7415/11200  reward     nan  ep_len    nan  fell    0  err_xy 0.018  std 0.300  lr 1.0e-04  fps   9387    56.3s
it 7416/11200  reward     nan  ep_len    nan  fell    0  err_xy 0.019  std 0.300  lr 1.0e-04  fps   9398    56.5s
it 7417/11200  reward   66.35  ep_len  400.0  fell    0  err_xy 0.097  std 0.300  lr 1.0e-04  fps   7409    56.9s
it 7418/11200  reward     nan  ep_len    nan  fell    0  err_xy 0.322  std 0.300  lr 1.0e-04  fps   9847    57.1s
it 7419/11200  reward     nan  ep_len    nan  fell    0  err_xy 0.245  std 0.300  lr 1.0e-04  fps   9938    57.3s
it 7420/11200  reward     nan  ep_len    nan  fell    0  err_xy 0.201  std 0.300  lr 1.0e-04  fps   9592    57.6s
it 7421/11200  reward     nan  ep_len    nan  fell    0  err_xy 0.222  std 0.300  lr 1.0e-04  fps   9550    57.8s
it 7422/11200  reward     nan  ep_len    nan  fell    0  err_xy 0.235  std 0.300  lr 1.0e-04  fps   9619    58.0s
it 7423/11200  reward     nan  ep_len    nan  fell    0  err_xy 0.201  std 0.300  lr 1.0e-04  fps   9665    58.3s
it 7424/11200  reward     nan  ep_len    nan  fell    0  err_xy 0.140  std 0.300  lr 1.0e-04  fps   9459    58.5s
it 7425/11200  reward     nan  ep_len    nan  fell    0  err_xy 0.110  std 0.300  lr 1.0e-04  fps   9405    58.8s
it 7426/11200  reward     nan  ep_len    nan  fell    0  err_xy 0.092  std 0.300  lr 1.0e-04  fps   9339    59.0s
it 7427/11200  reward     nan  ep_len    nan  fell    0  err_xy 0.071  std 0.300  lr 1.0e-04  fps   9404    59.3s
it 7428/11200  reward     nan  ep_len    nan  fell    0  err_xy 0.057  std 0.300  lr 1.0e-04  fps   9363    59.5s
it 7429/11200  reward     nan  ep_len    nan  fell    0  err_xy 0.040  std 0.300  lr 1.0e-04  fps   9401    59.8s
it 7430/11200  reward     nan  ep_len    nan  fell    0  err_xy 0.027  std 0.300  lr 1.0e-04  fps   9384    60.0s
it 7431/11200  reward     nan  ep_len    nan  fell    0  err_xy 0.022  std 0.300  lr 1.0e-04  fps   9404    60.3s
it 7432/11200  reward     nan  ep_len    nan  fell    0  err_xy 0.017  std 0.300  lr 1.0e-04  fps   9297    60.5s
it 7433/11200  reward     nan  ep_len    nan  fell    0  err_xy 0.019  std 0.300  lr 1.0e-04  fps   9389    60.7s
it 7434/11200  reward   62.89  ep_len  400.0  fell    0  err_xy 0.219  std 0.300  lr 1.0e-04  fps   7591    61.0s
it 7435/11200  reward     nan  ep_len    nan  fell    0  err_xy 0.288  std 0.300  lr 1.0e-04  fps  10007    61.3s
it 7436/11200  reward     nan  ep_len    nan  fell    0  err_xy 0.234  std 0.300  lr 1.0e-04  fps   9729    61.5s
it 7437/11200  reward     nan  ep_len    nan  fell    0  err_xy 0.211  std 0.300  lr 1.0e-04  fps   9876    61.8s
it 7438/11200  reward     nan  ep_len    nan  fell    0  err_xy 0.219  std 0.300  lr 1.0e-04  fps   9805    62.0s
it 7439/11200  reward     nan  ep_len    nan  fell    0  err_xy 0.189  std 0.300  lr 1.0e-04  fps   9679    62.2s
it 7440/11200  reward     nan  ep_len    nan  fell    0  err_xy 0.148  std 0.300  lr 1.0e-04  fps   9474    62.5s
it 7441/11200  reward     nan  ep_len    nan  fell    0  err_xy 0.114  std 0.300  lr 1.0e-04  fps   9385    62.7s
it 7442/11200  reward     nan  ep_len    nan  fell    0  err_xy 0.071  std 0.300  lr 1.0e-04  fps   9328    63.0s
it 7443/11200  reward     nan  ep_len    nan  fell    0  err_xy 0.053  std 0.300  lr 1.0e-04  fps   9268    63.2s
it 7444/11200  reward     nan  ep_len    nan  fell    0  err_xy 0.049  std 0.300  lr 1.0e-04  fps   9346    63.5s
it 7445/11200  reward     nan  ep_len    nan  fell    0  err_xy 0.041  std 0.300  lr 1.0e-04  fps   9222    63.7s
it 7446/11200  reward     nan  ep_len    nan  fell    0  err_xy 0.028  std 0.300  lr 1.0e-04  fps   9404    64.0s
it 7447/11200  reward     nan  ep_len    nan  fell    0  err_xy 0.028  std 0.300  lr 1.0e-04  fps   9252    64.2s
it 7448/11200  reward     nan  ep_len    nan  fell    0  err_xy 0.028  std 0.300  lr 1.0e-04  fps   9370    64.4s
it 7449/11200  reward     nan  ep_len    nan  fell    0  err_xy 0.024  std 0.300  lr 1.0e-04  fps   9395    64.7s
it 7450/11200  reward   66.53  ep_len  400.0  fell    0  err_xy 0.020  std 0.300  lr 1.0e-04  fps   7375    65.0s
it 7451/11200  reward     nan  ep_len    nan  fell    0  err_xy 0.304  std 0.300  lr 1.0e-04  fps   9930    65.2s
it 7452/11200  reward     nan  ep_len    nan  fell    0  err_xy 0.284  std 0.300  lr 1.0e-04  fps  10021    65.5s
it 7453/11200  reward     nan  ep_len    nan  fell    0  err_xy 0.227  std 0.300  lr 1.0e-04  fps   9889    65.7s
it 7454/11200  reward     nan  ep_len    nan  fell    0  err_xy 0.224  std 0.300  lr 1.0e-04  fps   9849    65.9s
it 7455/11200  reward     nan  ep_len    nan  fell    0  err_xy 0.233  std 0.300  lr 1.0e-04  fps   9826    66.2s
it 7456/11200  reward     nan  ep_len    nan  fell    0  err_xy 0.205  std 0.300  lr 1.0e-04  fps   9353    66.4s
it 7457/11200  reward     nan  ep_len    nan  fell    0  err_xy 0.126  std 0.300  lr 1.0e-04  fps   9345    66.7s
it 7458/11200  reward     nan  ep_len    nan  fell    0  err_xy 0.089  std 0.300  lr 1.0e-04  fps   9292    66.9s
it 7459/11200  reward     nan  ep_len    nan  fell    0  err_xy 0.048  std 0.300  lr 1.0e-04  fps   9240    67.2s
it 7460/11200  reward     nan  ep_len    nan  fell    0  err_xy 0.042  std 0.300  lr 1.0e-04  fps   9291    67.4s
it 7461/11200  reward     nan  ep_len    nan  fell    0  err_xy 0.043  std 0.300  lr 1.0e-04  fps   9190    67.7s
it 7462/11200  reward     nan  ep_len    nan  fell    0  err_xy 0.036  std 0.300  lr 1.0e-04  fps   9308    67.9s
it 7463/11200  reward     nan  ep_len    nan  fell    0  err_xy 0.029  std 0.300  lr 1.0e-04  fps   9111    68.2s
it 7464/11200  reward     nan  ep_len    nan  fell    0  err_xy 0.025  std 0.300  lr 1.0e-04  fps   9125    68.4s
it 7465/11200  reward     nan  ep_len    nan  fell    0  err_xy 0.023  std 0.300  lr 1.0e-04  fps   9103    68.7s
it 7466/11200  reward     nan  ep_len    nan  fell    0  err_xy 0.017  std 0.300  lr 1.0e-04  fps   9242    68.9s
it 7467/11200  reward   70.73  ep_len  400.0  fell    0  err_xy 0.102  std 0.300  lr 1.0e-04  fps   7363    69.2s
it 7468/11200  reward     nan  ep_len    nan  fell    0  err_xy 0.328  std 0.300  lr 1.0e-04  fps  10040    69.5s
it 7469/11200  reward     nan  ep_len    nan  fell    0  err_xy 0.291  std 0.300  lr 1.0e-04  fps  10011    69.7s
it 7470/11200  reward     nan  ep_len    nan  fell    0  err_xy 0.214  std 0.300  lr 1.0e-04  fps   9862    69.9s
it 7471/11200  reward     nan  ep_len    nan  fell    0  err_xy 0.249  std 0.300  lr 1.0e-04  fps   9981    70.2s
it 7472/11200  reward     nan  ep_len    nan  fell    0  err_xy 0.222  std 0.300  lr 1.0e-04  fps   9568    70.4s
it 7473/11200  reward     nan  ep_len    nan  fell    0  err_xy 0.178  std 0.300  lr 1.0e-04  fps   9506    70.6s
it 7474/11200  reward     nan  ep_len    nan  fell    0  err_xy 0.133  std 0.300  lr 1.0e-04  fps   9396    70.9s
it 7475/11200  reward     nan  ep_len    nan  fell    0  err_xy 0.087  std 0.300  lr 1.0e-04  fps   9286    71.1s
it 7476/11200  reward     nan  ep_len    nan  fell    0  err_xy 0.068  std 0.300  lr 1.0e-04  fps   9396    71.4s
it 7477/11200  reward     nan  ep_len    nan  fell    0  err_xy 0.053  std 0.300  lr 1.0e-04  fps   9380    71.6s
it 7478/11200  reward     nan  ep_len    nan  fell    0  err_xy 0.045  std 0.300  lr 1.0e-04  fps   9401    71.9s
it 7479/11200  reward     nan  ep_len    nan  fell    0  err_xy 0.034  std 0.300  lr 1.0e-04  fps   9374    72.1s
it 7480/11200  reward     nan  ep_len    nan  fell    0  err_xy 0.036  std 0.300  lr 1.0e-04  fps   9407    72.4s
it 7481/11200  reward     nan  ep_len    nan  fell    0  err_xy 0.032  std 0.300  lr 1.0e-04  fps   9267    72.6s
it 7482/11200  reward     nan  ep_len    nan  fell    0  err_xy 0.028  std 0.300  lr 1.0e-04  fps   9452    72.9s
it 7483/11200  reward     nan  ep_len    nan  fell    0  err_xy 0.021  std 0.300  lr 1.0e-04  fps   9311    73.1s
it 7484/11200  reward   65.95  ep_len  400.0  fell    0  err_xy 0.220  std 0.300  lr 1.0e-04  fps   7307    73.4s
it 7485/11200  reward     nan  ep_len    nan  fell    0  err_xy 0.311  std 0.300  lr 1.0e-04  fps   9835    73.7s
it 7486/11200  reward     nan  ep_len    nan  fell    0  err_xy 0.242  std 0.300  lr 1.0e-04  fps   9902    73.9s
it 7487/11200  reward     nan  ep_len    nan  fell    0  err_xy 0.225  std 0.300  lr 1.0e-04  fps   9761    74.1s
it 7488/11200  reward     nan  ep_len    nan  fell    0  err_xy 0.236  std 0.300  lr 1.0e-04  fps   9828    74.4s
it 7489/11200  reward     nan  ep_len    nan  fell    0  err_xy 0.207  std 0.300  lr 1.0e-04  fps   9682    74.6s
it 7490/11200  reward     nan  ep_len    nan  fell    0  err_xy 0.171  std 0.300  lr 1.0e-04  fps   9564    74.8s
it 7491/11200  reward     nan  ep_len    nan  fell    0  err_xy 0.129  std 0.300  lr 1.0e-04  fps   9299    75.1s
it 7492/11200  reward     nan  ep_len    nan  fell    0  err_xy 0.104  std 0.300  lr 1.0e-04  fps   9428    75.3s
it 7493/11200  reward     nan  ep_len    nan  fell    0  err_xy 0.084  std 0.300  lr 1.0e-04  fps   9355    75.6s
it 7494/11200  reward     nan  ep_len    nan  fell    0  err_xy 0.062  std 0.300  lr 1.0e-04  fps   9332    75.8s
it 7495/11200  reward     nan  ep_len    nan  fell    0  err_xy 0.042  std 0.300  lr 1.0e-04  fps   9363    76.1s
it 7496/11200  reward     nan  ep_len    nan  fell    0  err_xy 0.037  std 0.300  lr 1.0e-04  fps   9381    76.3s
it 7497/11200  reward     nan  ep_len    nan  fell    0  err_xy 0.028  std 0.300  lr 1.0e-04  fps   9267    76.6s
it 7498/11200  reward     nan  ep_len    nan  fell    0  err_xy 0.028  std 0.300  lr 1.0e-04  fps   9136    76.8s
it 7499/11200  reward     nan  ep_len    nan  fell    0  err_xy 0.026  std 0.300  lr 1.0e-04  fps   9237    77.1s
it 7500/11200  reward   64.27  ep_len  400.0  fell    0  err_xy 0.019  std 0.300  lr 1.0e-04  fps   7250    77.4s
it 7501/11200  reward     nan  ep_len    nan  fell    0  err_xy 0.304  std 0.300  lr 1.0e-04  fps   9772    77.6s
it 7502/11200  reward     nan  ep_len    nan  fell    0  err_xy 0.313  std 0.300  lr 1.0e-04  fps   9880    77.9s
it 7503/11200  reward     nan  ep_len    nan  fell    0  err_xy 0.219  std 0.300  lr 1.0e-04  fps   9874    78.1s
it 7504/11200  reward     nan  ep_len    nan  fell    0  err_xy 0.241  std 0.300  lr 1.0e-04  fps   9898    78.3s
it 7505/11200  reward     nan  ep_len    nan  fell    0  err_xy 0.229  std 0.300  lr 1.0e-04  fps   9746    78.6s
it 7506/11200  reward     nan  ep_len    nan  fell    0  err_xy 0.168  std 0.300  lr 1.0e-04  fps   9397    78.8s
it 7507/11200  reward     nan  ep_len    nan  fell    0  err_xy 0.102  std 0.300  lr 1.0e-04  fps   9326    79.1s
it 7508/11200  reward     nan  ep_len    nan  fell    0  err_xy 0.069  std 0.300  lr 1.0e-04  fps   9313    79.3s
it 7509/11200  reward     nan  ep_len    nan  fell    0  err_xy 0.057  std 0.300  lr 1.0e-04  fps   9324    79.5s
it 7510/11200  reward     nan  ep_len    nan  fell    0  err_xy 0.035  std 0.300  lr 1.0e-04  fps   9362    79.8s
it 7511/11200  reward     nan  ep_len    nan  fell    0  err_xy 0.032  std 0.300  lr 1.0e-04  fps   9269    80.0s
it 7512/11200  reward     nan  ep_len    nan  fell    0  err_xy 0.033  std 0.300  lr 1.0e-04  fps   9230    80.3s
it 7513/11200  reward     nan  ep_len    nan  fell    0  err_xy 0.025  std 0.300  lr 1.0e-04  fps   9246    80.5s
it 7514/11200  reward     nan  ep_len    nan  fell    0  err_xy 0.026  std 0.300  lr 1.0e-04  fps   9277    80.8s
it 7515/11200  reward     nan  ep_len    nan  fell    0  err_xy 0.021  std 0.300  lr 1.0e-04  fps   9389    81.0s
it 7516/11200  reward     nan  ep_len    nan  fell    0  err_xy 0.024  std 0.300  lr 1.0e-04  fps   9368    81.3s
it 7517/11200  reward   72.67  ep_len  400.0  fell    0  err_xy 0.096  std 0.300  lr 1.0e-04  fps   7414    81.6s
it 7518/11200  reward     nan  ep_len    nan  fell    0  err_xy 0.305  std 0.300  lr 1.0e-04  fps   9716    81.8s
it 7519/11200  reward     nan  ep_len    nan  fell    0  err_xy 0.247  std 0.300  lr 1.0e-04  fps  10100    82.1s
it 7520/11200  reward     nan  ep_len    nan  fell    0  err_xy 0.189  std 0.300  lr 1.0e-04  fps   9757    82.3s
it 7521/11200  reward     nan  ep_len    nan  fell    0  err_xy 0.211  std 0.300  lr 1.0e-04  fps   9899    82.5s
it 7522/11200  reward     nan  ep_len    nan  fell    0  err_xy 0.221  std 0.300  lr 1.0e-04  fps   9526    82.8s
it 7523/11200  reward     nan  ep_len    nan  fell    0  err_xy 0.149  std 0.300  lr 1.0e-04  fps   9434    83.0s
it 7524/11200  reward     nan  ep_len    nan  fell    0  err_xy 0.094  std 0.300  lr 1.0e-04  fps   9324    83.3s
it 7525/11200  reward     nan  ep_len    nan  fell    0  err_xy 0.088  std 0.300  lr 1.0e-04  fps   9420    83.5s
it 7526/11200  reward     nan  ep_len    nan  fell    0  err_xy 0.062  std 0.300  lr 1.0e-04  fps   9322    83.8s
it 7527/11200  reward     nan  ep_len    nan  fell    0  err_xy 0.049  std 0.300  lr 1.0e-04  fps   9397    84.0s
it 7528/11200  reward     nan  ep_len    nan  fell    0  err_xy 0.037  std 0.300  lr 1.0e-04  fps   9323    84.2s
it 7529/11200  reward     nan  ep_len    nan  fell    0  err_xy 0.029  std 0.300  lr 1.0e-04  fps   9442    84.5s
it 7530/11200  reward     nan  ep_len    nan  fell    0  err_xy 0.028  std 0.300  lr 1.0e-04  fps   9399    84.7s
it 7531/11200  reward     nan  ep_len    nan  fell    0  err_xy 0.024  std 0.300  lr 1.0e-04  fps   9154    85.0s
it 7532/11200  reward     nan  ep_len    nan  fell    0  err_xy 0.023  std 0.300  lr 1.0e-04  fps   9342    85.2s
it 7533/11200  reward     nan  ep_len    nan  fell    0  err_xy 0.023  std 0.300  lr 1.0e-04  fps   9302    85.5s
it 7534/11200  reward   68.02  ep_len  400.0  fell    0  err_xy 0.215  std 0.300  lr 1.0e-04  fps   7432    85.8s
it 7535/11200  reward     nan  ep_len    nan  fell    0  err_xy 0.296  std 0.300  lr 1.0e-04  fps   9860    86.0s
it 7536/11200  reward     nan  ep_len    nan  fell    0  err_xy 0.236  std 0.300  lr 1.0e-04  fps   9966    86.3s
it 7537/11200  reward     nan  ep_len    nan  fell    0  err_xy 0.207  std 0.300  lr 1.0e-04  fps   9698    86.5s
it 7538/11200  reward     nan  ep_len    nan  fell    0  err_xy 0.215  std 0.300  lr 1.0e-04  fps   9782    86.7s
it 7539/11200  reward     nan  ep_len    nan  fell    0  err_xy 0.187  std 0.300  lr 1.0e-04  fps   9525    87.0s
it 7540/11200  reward     nan  ep_len    nan  fell    0  err_xy 0.124  std 0.300  lr 1.0e-04  fps   9343    87.2s
it 7541/11200  reward     nan  ep_len    nan  fell    0  err_xy 0.085  std 0.300  lr 1.0e-04  fps   9312    87.5s
it 7542/11200  reward     nan  ep_len    nan  fell    0  err_xy 0.069  std 0.300  lr 1.0e-04  fps   9382    87.7s
it 7543/11200  reward     nan  ep_len    nan  fell    0  err_xy 0.054  std 0.300  lr 1.0e-04  fps   9387    88.0s
it 7544/11200  reward     nan  ep_len    nan  fell    0  err_xy 0.047  std 0.300  lr 1.0e-04  fps   9442    88.2s
it 7545/11200  reward     nan  ep_len    nan  fell    0  err_xy 0.042  std 0.300  lr 1.0e-04  fps   9385    88.5s
it 7546/11200  reward     nan  ep_len    nan  fell    0  err_xy 0.036  std 0.300  lr 1.0e-04  fps   9374    88.7s
it 7547/11200  reward     nan  ep_len    nan  fell    0  err_xy 0.029  std 0.300  lr 1.0e-04  fps   9373    88.9s
it 7548/11200  reward     nan  ep_len    nan  fell    0  err_xy 0.024  std 0.300  lr 1.0e-04  fps   9240    89.2s
it 7549/11200  reward     nan  ep_len    nan  fell    0  err_xy 0.026  std 0.300  lr 1.0e-04  fps   9344    89.4s
it 7550/11200  reward   66.70  ep_len  400.0  fell    0  err_xy 0.023  std 0.300  lr 1.0e-04  fps   7289    89.8s
it 7551/11200  reward     nan  ep_len    nan  fell    0  err_xy 0.312  std 0.300  lr 1.0e-04  fps   9901    90.0s
it 7552/11200  reward     nan  ep_len    nan  fell    0  err_xy 0.282  std 0.300  lr 1.0e-04  fps   9790    90.2s
it 7553/11200  reward     nan  ep_len    nan  fell    0  err_xy 0.230  std 0.300  lr 1.0e-04  fps   9133    90.5s
it 7554/11200  reward     nan  ep_len    nan  fell    0  err_xy 0.226  std 0.300  lr 1.0e-04  fps   9572    90.7s
it 7555/11200  reward     nan  ep_len    nan  fell    0  err_xy 0.229  std 0.300  lr 1.0e-04  fps   9315    91.0s
it 7556/11200  reward     nan  ep_len    nan  fell    0  err_xy 0.163  std 0.300  lr 1.0e-04  fps   9210    91.2s
it 7557/11200  reward     nan  ep_len    nan  fell    0  err_xy 0.118  std 0.300  lr 1.0e-04  fps   8998    91.5s
it 7558/11200  reward     nan  ep_len    nan  fell    0  err_xy 0.108  std 0.300  lr 1.0e-04  fps   9273    91.7s
it 7559/11200  reward     nan  ep_len    nan  fell    0  err_xy 0.092  std 0.300  lr 1.0e-04  fps   9252    92.0s
it 7560/11200  reward     nan  ep_len    nan  fell    0  err_xy 0.070  std 0.300  lr 1.0e-04  fps   8406    92.2s
it 7561/11200  reward     nan  ep_len    nan  fell    0  err_xy 0.053  std 0.300  lr 1.0e-04  fps   9068    92.5s
it 7562/11200  reward     nan  ep_len    nan  fell    0  err_xy 0.051  std 0.300  lr 1.0e-04  fps   9243    92.8s
it 7563/11200  reward     nan  ep_len    nan  fell    0  err_xy 0.043  std 0.300  lr 1.0e-04  fps   9303    93.0s
it 7564/11200  reward     nan  ep_len    nan  fell    0  err_xy 0.028  std 0.300  lr 1.0e-04  fps   9239    93.2s
it 7565/11200  reward     nan  ep_len    nan  fell    0  err_xy 0.024  std 0.300  lr 1.0e-04  fps   9125    93.5s
it 7566/11200  reward     nan  ep_len    nan  fell    0  err_xy 0.023  std 0.300  lr 1.0e-04  fps   9042    93.8s
it 7567/11200  reward   71.18  ep_len  400.0  fell    0  err_xy 0.101  std 0.300  lr 1.0e-04  fps   6723    94.1s
it 7568/11200  reward     nan  ep_len    nan  fell    0  err_xy 0.326  std 0.300  lr 1.0e-04  fps   9918    94.3s
it 7569/11200  reward     nan  ep_len    nan  fell    0  err_xy 0.249  std 0.300  lr 1.0e-04  fps   9886    94.6s
it 7570/11200  reward     nan  ep_len    nan  fell    0  err_xy 0.230  std 0.300  lr 1.0e-04  fps   9796    94.8s
it 7571/11200  reward     nan  ep_len    nan  fell    0  err_xy 0.230  std 0.300  lr 1.0e-04  fps   9908    95.0s
it 7572/11200  reward     nan  ep_len    nan  fell    0  err_xy 0.223  std 0.300  lr 1.0e-04  fps   9639    95.3s
it 7573/11200  reward     nan  ep_len    nan  fell    0  err_xy 0.186  std 0.300  lr 1.0e-04  fps   9459    95.5s
it 7574/11200  reward     nan  ep_len    nan  fell    0  err_xy 0.148  std 0.300  lr 1.0e-04  fps   9418    95.8s
it 7575/11200  reward     nan  ep_len    nan  fell    0  err_xy 0.128  std 0.300  lr 1.0e-04  fps   9363    96.0s
it 7576/11200  reward     nan  ep_len    nan  fell    0  err_xy 0.117  std 0.300  lr 1.0e-04  fps   9388    96.3s
it 7577/11200  reward     nan  ep_len    nan  fell    0  err_xy 0.091  std 0.300  lr 1.0e-04  fps   9390    96.5s
it 7578/11200  reward     nan  ep_len    nan  fell    0  err_xy 0.083  std 0.300  lr 1.0e-04  fps   9380    96.7s
it 7579/11200  reward     nan  ep_len    nan  fell    0  err_xy 0.068  std 0.300  lr 1.0e-04  fps   9326    97.0s
it 7580/11200  reward     nan  ep_len    nan  fell    0  err_xy 0.053  std 0.300  lr 1.0e-04  fps   9078    97.2s
it 7581/11200  reward     nan  ep_len    nan  fell    0  err_xy 0.047  std 0.300  lr 1.0e-04  fps   9157    97.5s
it 7582/11200  reward     nan  ep_len    nan  fell    0  err_xy 0.039  std 0.300  lr 1.0e-04  fps   9084    97.8s
it 7583/11200  reward     nan  ep_len    nan  fell    0  err_xy 0.035  std 0.300  lr 1.0e-04  fps   9095    98.0s
it 7584/11200  reward   62.24  ep_len  400.0  fell    0  err_xy 0.214  std 0.300  lr 1.0e-04  fps   7502    98.3s
it 7585/11200  reward     nan  ep_len    nan  fell    0  err_xy 0.297  std 0.300  lr 1.0e-04  fps   9892    98.5s
it 7586/11200  reward     nan  ep_len    nan  fell    0  err_xy 0.235  std 0.300  lr 1.0e-04  fps   9852    98.8s
it 7587/11200  reward     nan  ep_len    nan  fell    0  err_xy 0.227  std 0.300  lr 1.0e-04  fps   9802    99.0s
it 7588/11200  reward     nan  ep_len    nan  fell    0  err_xy 0.224  std 0.300  lr 1.0e-04  fps   9788    99.3s
it 7589/11200  reward     nan  ep_len    nan  fell    0  err_xy 0.181  std 0.300  lr 1.0e-04  fps   9495    99.5s
it 7590/11200  reward     nan  ep_len    nan  fell    0  err_xy 0.122  std 0.300  lr 1.0e-04  fps   9443    99.7s
it 7591/11200  reward     nan  ep_len    nan  fell    0  err_xy 0.093  std 0.300  lr 1.0e-04  fps   9357   100.0s
it 7592/11200  reward     nan  ep_len    nan  fell    0  err_xy 0.070  std 0.300  lr 1.0e-04  fps   9279   100.2s
it 7593/11200  reward     nan  ep_len    nan  fell    0  err_xy 0.053  std 0.300  lr 1.0e-04  fps   9378   100.5s
it 7594/11200  reward     nan  ep_len    nan  fell    0  err_xy 0.050  std 0.300  lr 1.0e-04  fps   9315   100.7s
it 7595/11200  reward     nan  ep_len    nan  fell    0  err_xy 0.039  std 0.300  lr 1.0e-04  fps   9254   101.0s
it 7596/11200  reward     nan  ep_len    nan  fell    0  err_xy 0.033  std 0.300  lr 1.0e-04  fps   9164   101.2s
it 7597/11200  reward     nan  ep_len    nan  fell    0  err_xy 0.031  std 0.300  lr 1.0e-04  fps   9207   101.5s
it 7598/11200  reward     nan  ep_len    nan  fell    0  err_xy 0.025  std 0.300  lr 1.0e-04  fps   9123   101.7s
it 7599/11200  reward     nan  ep_len    nan  fell    0  err_xy 0.023  std 0.300  lr 1.0e-04  fps   9145   102.0s
it 7600/11200  reward   67.40  ep_len  400.0  fell    0  err_xy 0.023  std 0.300  lr 1.0e-04  fps   7229   102.3s
eval iteration 7600:
  prone          success   0.0%  time 8.00s  peak_τ 0.96 Nm  return 79.46
  supine         success   0.0%  time 8.00s  peak_τ 0.96 Nm  return 68.16
  score 0.000
it 7601/11200  reward     nan  ep_len    nan  fell    0  err_xy 0.299  std 0.300  lr 1.0e-04  fps   9832   104.5s
it 7602/11200  reward     nan  ep_len    nan  fell    0  err_xy 0.290  std 0.300  lr 1.0e-04  fps   9051   104.7s
it 7603/11200  reward     nan  ep_len    nan  fell    0  err_xy 0.215  std 0.300  lr 1.0e-04  fps  10009   105.0s
it 7604/11200  reward     nan  ep_len    nan  fell    0  err_xy 0.211  std 0.300  lr 1.0e-04  fps   9797   105.2s
it 7605/11200  reward     nan  ep_len    nan  fell    0  err_xy 0.212  std 0.300  lr 1.0e-04  fps   9565   105.5s
it 7606/11200  reward     nan  ep_len    nan  fell    0  err_xy 0.179  std 0.300  lr 1.0e-04  fps   9448   105.7s
it 7607/11200  reward     nan  ep_len    nan  fell    0  err_xy 0.104  std 0.300  lr 1.0e-04  fps   9219   105.9s
it 7608/11200  reward     nan  ep_len    nan  fell    0  err_xy 0.102  std 0.300  lr 1.0e-04  fps   9405   106.2s
it 7609/11200  reward     nan  ep_len    nan  fell    0  err_xy 0.079  std 0.300  lr 1.0e-04  fps   9330   106.4s
it 7610/11200  reward     nan  ep_len    nan  fell    0  err_xy 0.070  std 0.300  lr 1.0e-04  fps   9365   106.7s
it 7611/11200  reward     nan  ep_len    nan  fell    0  err_xy 0.059  std 0.300  lr 1.0e-04  fps   9297   106.9s
it 7612/11200  reward     nan  ep_len    nan  fell    0  err_xy 0.045  std 0.300  lr 1.0e-04  fps   9199   107.2s
it 7613/11200  reward     nan  ep_len    nan  fell    0  err_xy 0.043  std 0.300  lr 1.0e-04  fps   9167   107.4s
it 7614/11200  reward     nan  ep_len    nan  fell    0  err_xy 0.037  std 0.300  lr 1.0e-04  fps   9202   107.7s
it 7615/11200  reward     nan  ep_len    nan  fell    0  err_xy 0.034  std 0.300  lr 1.0e-04  fps   9098   107.9s
it 7616/11200  reward     nan  ep_len    nan  fell    0  err_xy 0.030  std 0.300  lr 1.0e-04  fps   9083   108.2s
it 7617/11200  reward   65.47  ep_len  400.0  fell    0  err_xy 0.106  std 0.300  lr 1.0e-04  fps   7085   108.5s
it 7618/11200  reward     nan  ep_len    nan  fell    0  err_xy 0.332  std 0.300  lr 1.0e-04  fps   9281   108.8s
it 7619/11200  reward     nan  ep_len    nan  fell    0  err_xy 0.279  std 0.300  lr 1.0e-04  fps   8616   109.0s
it 7620/11200  reward     nan  ep_len    nan  fell    0  err_xy 0.222  std 0.300  lr 1.0e-04  fps   9815   109.3s
it 7621/11200  reward     nan  ep_len    nan  fell    0  err_xy 0.207  std 0.300  lr 1.0e-04  fps   7385   109.6s
it 7622/11200  reward     nan  ep_len    nan  fell    0  err_xy 0.190  std 0.300  lr 1.0e-04  fps   9425   109.8s
it 7623/11200  reward     nan  ep_len    nan  fell    0  err_xy 0.125  std 0.300  lr 1.0e-04  fps   9209   110.1s
it 7624/11200  reward     nan  ep_len    nan  fell    0  err_xy 0.091  std 0.300  lr 1.0e-04  fps   9121   110.3s
it 7625/11200  reward     nan  ep_len    nan  fell    0  err_xy 0.063  std 0.300  lr 1.0e-04  fps   8801   110.6s
it 7626/11200  reward     nan  ep_len    nan  fell    0  err_xy 0.052  std 0.300  lr 1.0e-04  fps   8909   110.9s
it 7627/11200  reward     nan  ep_len    nan  fell    0  err_xy 0.047  std 0.300  lr 1.0e-04  fps   9279   111.1s
it 7628/11200  reward     nan  ep_len    nan  fell    0  err_xy 0.039  std 0.300  lr 1.0e-04  fps   9065   111.4s
it 7629/11200  reward     nan  ep_len    nan  fell    0  err_xy 0.032  std 0.300  lr 1.0e-04  fps   9182   111.6s
it 7630/11200  reward     nan  ep_len    nan  fell    0  err_xy 0.033  std 0.300  lr 1.0e-04  fps   9140   111.9s
it 7631/11200  reward     nan  ep_len    nan  fell    0  err_xy 0.029  std 0.300  lr 1.0e-04  fps   9136   112.1s
it 7632/11200  reward     nan  ep_len    nan  fell    0  err_xy 0.026  std 0.300  lr 1.0e-04  fps   9048   112.4s
it 7633/11200  reward     nan  ep_len    nan  fell    0  err_xy 0.028  std 0.300  lr 1.0e-04  fps   9134   112.6s
it 7634/11200  reward   71.98  ep_len  400.0  fell    0  err_xy 0.214  std 0.300  lr 1.0e-04  fps   7482   112.9s
it 7635/11200  reward     nan  ep_len    nan  fell    0  err_xy 0.283  std 0.300  lr 1.0e-04  fps   9890   113.2s
it 7636/11200  reward     nan  ep_len    nan  fell    0  err_xy 0.242  std 0.300  lr 1.0e-04  fps   9944   113.4s
it 7637/11200  reward     nan  ep_len    nan  fell    0  err_xy 0.204  std 0.300  lr 1.0e-04  fps   9882   113.6s
it 7638/11200  reward     nan  ep_len    nan  fell    0  err_xy 0.199  std 0.300  lr 1.0e-04  fps   9725   113.9s
it 7639/11200  reward     nan  ep_len    nan  fell    0  err_xy 0.171  std 0.300  lr 1.0e-04  fps   9553   114.1s
it 7640/11200  reward     nan  ep_len    nan  fell    0  err_xy 0.128  std 0.300  lr 1.0e-04  fps   9306   114.4s
it 7641/11200  reward     nan  ep_len    nan  fell    0  err_xy 0.097  std 0.300  lr 1.0e-04  fps   9267   114.6s
it 7642/11200  reward     nan  ep_len    nan  fell    0  err_xy 0.083  std 0.300  lr 1.0e-04  fps   9290   114.8s
it 7643/11200  reward     nan  ep_len    nan  fell    0  err_xy 0.067  std 0.300  lr 1.0e-04  fps   9256   115.1s
it 7644/11200  reward     nan  ep_len    nan  fell    0  err_xy 0.051  std 0.300  lr 1.0e-04  fps   9136   115.4s
it 7645/11200  reward     nan  ep_len    nan  fell    0  err_xy 0.050  std 0.300  lr 1.0e-04  fps   9072   115.6s
it 7646/11200  reward     nan  ep_len    nan  fell    0  err_xy 0.043  std 0.300  lr 1.0e-04  fps   9195   115.9s
it 7647/11200  reward     nan  ep_len    nan  fell    0  err_xy 0.043  std 0.300  lr 1.0e-04  fps   9173   116.1s
it 7648/11200  reward     nan  ep_len    nan  fell    0  err_xy 0.034  std 0.300  lr 1.0e-04  fps   9075   116.4s
it 7649/11200  reward     nan  ep_len    nan  fell    0  err_xy 0.032  std 0.300  lr 1.0e-04  fps   8990   116.6s
it 7650/11200  reward   66.34  ep_len  400.0  fell    0  err_xy 0.025  std 0.300  lr 1.0e-04  fps   7142   116.9s
it 7651/11200  reward     nan  ep_len    nan  fell    0  err_xy 0.321  std 0.300  lr 1.0e-04  fps   9678   117.2s
it 7652/11200  reward     nan  ep_len    nan  fell    0  err_xy 0.283  std 0.300  lr 1.0e-04  fps  10042   117.4s
it 7653/11200  reward     nan  ep_len    nan  fell    0  err_xy 0.227  std 0.300  lr 1.0e-04  fps   8978   117.7s
it 7654/11200  reward     nan  ep_len    nan  fell    0  err_xy 0.220  std 0.300  lr 1.0e-04  fps   9821   117.9s
it 7655/11200  reward     nan  ep_len    nan  fell    0  err_xy 0.212  std 0.300  lr 1.0e-04  fps   9521   118.1s
it 7656/11200  reward     nan  ep_len    nan  fell    0  err_xy 0.142  std 0.300  lr 1.0e-04  fps   8699   118.4s
it 7657/11200  reward     nan  ep_len    nan  fell    0  err_xy 0.087  std 0.300  lr 1.0e-04  fps   9180   118.7s
it 7658/11200  reward     nan  ep_len    nan  fell    0  err_xy 0.058  std 0.300  lr 1.0e-04  fps   9142   118.9s
it 7659/11200  reward     nan  ep_len    nan  fell    0  err_xy 0.036  std 0.300  lr 1.0e-04  fps   9207   119.2s
it 7660/11200  reward     nan  ep_len    nan  fell    0  err_xy 0.026  std 0.300  lr 1.0e-04  fps   9139   119.4s
it 7661/11200  reward     nan  ep_len    nan  fell    0  err_xy 0.021  std 0.300  lr 1.0e-04  fps   9170   119.7s
it 7662/11200  reward     nan  ep_len    nan  fell    0  err_xy 0.018  std 0.300  lr 1.0e-04  fps   9142   119.9s
it 7663/11200  reward     nan  ep_len    nan  fell    0  err_xy 0.019  std 0.300  lr 1.0e-04  fps   9064   120.2s
it 7664/11200  reward     nan  ep_len    nan  fell    0  err_xy 0.018  std 0.300  lr 1.0e-04  fps   9119   120.4s
it 7665/11200  reward     nan  ep_len    nan  fell    0  err_xy 0.020  std 0.300  lr 1.0e-04  fps   9103   120.7s
it 7666/11200  reward     nan  ep_len    nan  fell    0  err_xy 0.019  std 0.300  lr 1.0e-04  fps   9008   120.9s
it 7667/11200  reward   72.95  ep_len  400.0  fell    0  err_xy 0.107  std 0.300  lr 1.0e-04  fps   7156   121.3s
it 7668/11200  reward     nan  ep_len    nan  fell    0  err_xy 0.340  std 0.300  lr 1.0e-04  fps   9703   121.5s
it 7669/11200  reward     nan  ep_len    nan  fell    0  err_xy 0.274  std 0.300  lr 1.0e-04  fps  10045   121.7s
it 7670/11200  reward     nan  ep_len    nan  fell    0  err_xy 0.223  std 0.300  lr 1.0e-04  fps   9781   122.0s
it 7671/11200  reward     nan  ep_len    nan  fell    0  err_xy 0.210  std 0.300  lr 1.0e-04  fps   9698   122.2s
it 7672/11200  reward     nan  ep_len    nan  fell    0  err_xy 0.181  std 0.300  lr 1.0e-04  fps   9558   122.4s
it 7673/11200  reward     nan  ep_len    nan  fell    0  err_xy 0.113  std 0.300  lr 1.0e-04  fps   9394   122.7s
it 7674/11200  reward     nan  ep_len    nan  fell    0  err_xy 0.087  std 0.300  lr 1.0e-04  fps   9180   122.9s
it 7675/11200  reward     nan  ep_len    nan  fell    0  err_xy 0.057  std 0.300  lr 1.0e-04  fps   9278   123.2s
it 7676/11200  reward     nan  ep_len    nan  fell    0  err_xy 0.062  std 0.300  lr 1.0e-04  fps   9301   123.4s
it 7677/11200  reward     nan  ep_len    nan  fell    0  err_xy 0.050  std 0.300  lr 1.0e-04  fps   9246   123.7s
it 7678/11200  reward     nan  ep_len    nan  fell    0  err_xy 0.048  std 0.300  lr 1.0e-04  fps   9228   123.9s
it 7679/11200  reward     nan  ep_len    nan  fell    0  err_xy 0.033  std 0.300  lr 1.0e-04  fps   9204   124.2s
it 7680/11200  reward     nan  ep_len    nan  fell    0  err_xy 0.026  std 0.300  lr 1.0e-04  fps   9166   124.4s
it 7681/11200  reward     nan  ep_len    nan  fell    0  err_xy 0.021  std 0.300  lr 1.0e-04  fps   9163   124.7s
it 7682/11200  reward     nan  ep_len    nan  fell    0  err_xy 0.015  std 0.300  lr 1.0e-04  fps   9198   124.9s
it 7683/11200  reward     nan  ep_len    nan  fell    0  err_xy 0.013  std 0.300  lr 1.0e-04  fps   9059   125.2s
it 7684/11200  reward   70.58  ep_len  400.0  fell    0  err_xy 0.215  std 0.300  lr 1.0e-04  fps   7391   125.5s
it 7685/11200  reward     nan  ep_len    nan  fell    0  err_xy 0.308  std 0.300  lr 1.0e-04  fps   9938   125.7s
it 7686/11200  reward     nan  ep_len    nan  fell    0  err_xy 0.232  std 0.300  lr 1.0e-04  fps   9935   126.0s
it 7687/11200  reward     nan  ep_len    nan  fell    0  err_xy 0.212  std 0.300  lr 1.0e-04  fps   9891   126.2s
it 7688/11200  reward     nan  ep_len    nan  fell    0  err_xy 0.220  std 0.300  lr 1.0e-04  fps   9691   126.4s
it 7689/11200  reward     nan  ep_len    nan  fell    0  err_xy 0.180  std 0.300  lr 1.0e-04  fps   9440   126.7s
it 7690/11200  reward     nan  ep_len    nan  fell    0  err_xy 0.126  std 0.300  lr 1.0e-04  fps   9422   126.9s
it 7691/11200  reward     nan  ep_len    nan  fell    0  err_xy 0.107  std 0.300  lr 1.0e-04  fps   8936   127.2s
it 7692/11200  reward     nan  ep_len    nan  fell    0  err_xy 0.089  std 0.300  lr 1.0e-04  fps   9357   127.4s
it 7693/11200  reward     nan  ep_len    nan  fell    0  err_xy 0.077  std 0.300  lr 1.0e-04  fps   9412   127.7s
it 7694/11200  reward     nan  ep_len    nan  fell    0  err_xy 0.062  std 0.300  lr 1.0e-04  fps   9227   127.9s
it 7695/11200  reward     nan  ep_len    nan  fell    0  err_xy 0.062  std 0.300  lr 1.0e-04  fps   9366   128.2s
it 7696/11200  reward     nan  ep_len    nan  fell    0  err_xy 0.043  std 0.300  lr 1.0e-04  fps   9155   128.4s
it 7697/11200  reward     nan  ep_len    nan  fell    0  err_xy 0.034  std 0.300  lr 1.0e-04  fps   9165   128.7s
it 7698/11200  reward     nan  ep_len    nan  fell    0  err_xy 0.029  std 0.300  lr 1.0e-04  fps   9120   128.9s
it 7699/11200  reward     nan  ep_len    nan  fell    0  err_xy 0.027  std 0.300  lr 1.0e-04  fps   9086   129.2s
it 7700/11200  reward   69.15  ep_len  400.0  fell    0  err_xy 0.024  std 0.300  lr 1.0e-04  fps   7068   129.5s
it 7701/11200  reward     nan  ep_len    nan  fell    0  err_xy 0.310  std 0.300  lr 1.0e-04  fps   9744   129.7s
it 7702/11200  reward     nan  ep_len    nan  fell    0  err_xy 0.271  std 0.300  lr 1.0e-04  fps  10023   130.0s
it 7703/11200  reward     nan  ep_len    nan  fell    0  err_xy 0.223  std 0.300  lr 1.0e-04  fps   9869   130.2s
it 7704/11200  reward     nan  ep_len    nan  fell    0  err_xy 0.214  std 0.300  lr 1.0e-04  fps   9847   130.4s
it 7705/11200  reward     nan  ep_len    nan  fell    0  err_xy 0.196  std 0.300  lr 1.0e-04  fps   9687   130.7s
it 7706/11200  reward     nan  ep_len    nan  fell    0  err_xy 0.146  std 0.300  lr 1.0e-04  fps   9395   130.9s
it 7707/11200  reward     nan  ep_len    nan  fell    0  err_xy 0.118  std 0.300  lr 1.0e-04  fps   9212   131.2s
it 7708/11200  reward     nan  ep_len    nan  fell    0  err_xy 0.085  std 0.300  lr 1.0e-04  fps   9222   131.4s
it 7709/11200  reward     nan  ep_len    nan  fell    0  err_xy 0.065  std 0.300  lr 1.0e-04  fps   8933   131.7s
it 7710/11200  reward     nan  ep_len    nan  fell    0  err_xy 0.060  std 0.300  lr 1.0e-04  fps   9161   131.9s
it 7711/11200  reward     nan  ep_len    nan  fell    0  err_xy 0.048  std 0.300  lr 1.0e-04  fps   8715   132.2s
it 7712/11200  reward     nan  ep_len    nan  fell    0  err_xy 0.040  std 0.300  lr 1.0e-04  fps   9218   132.5s
it 7713/11200  reward     nan  ep_len    nan  fell    0  err_xy 0.035  std 0.300  lr 1.0e-04  fps   9094   132.7s
it 7714/11200  reward     nan  ep_len    nan  fell    0  err_xy 0.027  std 0.300  lr 1.0e-04  fps   9075   133.0s
it 7715/11200  reward     nan  ep_len    nan  fell    0  err_xy 0.029  std 0.300  lr 1.0e-04  fps   8989   133.2s
it 7716/11200  reward     nan  ep_len    nan  fell    0  err_xy 0.020  std 0.300  lr 1.0e-04  fps   9005   133.5s
it 7717/11200  reward   72.74  ep_len  400.0  fell    0  err_xy 0.095  std 0.300  lr 1.0e-04  fps   7209   133.8s
it 7718/11200  reward     nan  ep_len    nan  fell    0  err_xy 0.325  std 0.300  lr 1.0e-04  fps   9815   134.0s
it 7719/11200  reward     nan  ep_len    nan  fell    0  err_xy 0.285  std 0.300  lr 1.0e-04  fps   9959   134.3s
it 7720/11200  reward     nan  ep_len    nan  fell    0  err_xy 0.208  std 0.300  lr 1.0e-04  fps   9788   134.5s
it 7721/11200  reward     nan  ep_len    nan  fell    0  err_xy 0.214  std 0.300  lr 1.0e-04  fps   9797   134.7s
it 7722/11200  reward     nan  ep_len    nan  fell    0  err_xy 0.176  std 0.300  lr 1.0e-04  fps   9506   135.0s
it 7723/11200  reward     nan  ep_len    nan  fell    0  err_xy 0.122  std 0.300  lr 1.0e-04  fps   9253   135.2s
it 7724/11200  reward     nan  ep_len    nan  fell    0  err_xy 0.077  std 0.300  lr 1.0e-04  fps   9160   135.5s
it 7725/11200  reward     nan  ep_len    nan  fell    0  err_xy 0.061  std 0.300  lr 1.0e-04  fps   9139   135.7s
it 7726/11200  reward     nan  ep_len    nan  fell    0  err_xy 0.043  std 0.300  lr 1.0e-04  fps   9179   136.0s
it 7727/11200  reward     nan  ep_len    nan  fell    0  err_xy 0.037  std 0.300  lr 1.0e-04  fps   9163   136.2s
it 7728/11200  reward     nan  ep_len    nan  fell    0  err_xy 0.032  std 0.300  lr 1.0e-04  fps   9070   136.5s
it 7729/11200  reward     nan  ep_len    nan  fell    0  err_xy 0.022  std 0.300  lr 1.0e-04  fps   9071   136.7s
it 7730/11200  reward     nan  ep_len    nan  fell    0  err_xy 0.016  std 0.300  lr 1.0e-04  fps   9128   137.0s
it 7731/11200  reward     nan  ep_len    nan  fell    0  err_xy 0.012  std 0.300  lr 1.0e-04  fps   9008   137.3s
it 7732/11200  reward     nan  ep_len    nan  fell    0  err_xy 0.013  std 0.300  lr 1.0e-04  fps   8982   137.5s
it 7733/11200  reward     nan  ep_len    nan  fell    0  err_xy 0.013  std 0.300  lr 1.0e-04  fps   8694   137.8s
it 7734/11200  reward   74.18  ep_len  400.0  fell    0  err_xy 0.211  std 0.300  lr 1.0e-04  fps   7319   138.1s
it 7735/11200  reward     nan  ep_len    nan  fell    0  err_xy 0.295  std 0.300  lr 1.0e-04  fps   9958   138.3s
it 7736/11200  reward     nan  ep_len    nan  fell    0  err_xy 0.251  std 0.300  lr 1.0e-04  fps  10023   138.6s
it 7737/11200  reward     nan  ep_len    nan  fell    0  err_xy 0.218  std 0.300  lr 1.0e-04  fps   9899   138.8s
it 7738/11200  reward     nan  ep_len    nan  fell    0  err_xy 0.222  std 0.300  lr 1.0e-04  fps   9804   139.0s
it 7739/11200  reward     nan  ep_len    nan  fell    0  err_xy 0.176  std 0.300  lr 1.0e-04  fps   9400   139.3s
it 7740/11200  reward     nan  ep_len    nan  fell    0  err_xy 0.119  std 0.300  lr 1.0e-04  fps   9239   139.5s
it 7741/11200  reward     nan  ep_len    nan  fell    0  err_xy 0.073  std 0.300  lr 1.0e-04  fps   9215   139.8s
it 7742/11200  reward     nan  ep_len    nan  fell    0  err_xy 0.062  std 0.300  lr 1.0e-04  fps   9202   140.0s
it 7743/11200  reward     nan  ep_len    nan  fell    0  err_xy 0.050  std 0.300  lr 1.0e-04  fps   8202   140.3s
it 7744/11200  reward     nan  ep_len    nan  fell    0  err_xy 0.041  std 0.300  lr 1.0e-04  fps   8009   140.6s
it 7745/11200  reward     nan  ep_len    nan  fell    0  err_xy 0.032  std 0.300  lr 1.0e-04  fps   6962   140.9s
it 7746/11200  reward     nan  ep_len    nan  fell    0  err_xy 0.023  std 0.300  lr 1.0e-04  fps   7902   141.2s
it 7747/11200  reward     nan  ep_len    nan  fell    0  err_xy 0.022  std 0.300  lr 1.0e-04  fps   8986   141.5s
it 7748/11200  reward     nan  ep_len    nan  fell    0  err_xy 0.023  std 0.300  lr 1.0e-04  fps   9004   141.7s
it 7749/11200  reward     nan  ep_len    nan  fell    0  err_xy 0.019  std 0.300  lr 1.0e-04  fps   8942   142.0s
it 7750/11200  reward   73.95  ep_len  400.0  fell    0  err_xy 0.020  std 0.300  lr 1.0e-04  fps   6879   142.3s
it 7751/11200  reward     nan  ep_len    nan  fell    0  err_xy 0.298  std 0.300  lr 1.0e-04  fps   9327   142.6s
it 7752/11200  reward     nan  ep_len    nan  fell    0  err_xy 0.329  std 0.300  lr 1.0e-04  fps   9755   142.8s
it 7753/11200  reward     nan  ep_len    nan  fell    0  err_xy 0.258  std 0.300  lr 1.0e-04  fps   9619   143.0s
it 7754/11200  reward     nan  ep_len    nan  fell    0  err_xy 0.216  std 0.300  lr 1.0e-04  fps   9508   143.3s
it 7755/11200  reward     nan  ep_len    nan  fell    0  err_xy 0.204  std 0.300  lr 1.0e-04  fps   9182   143.5s
it 7756/11200  reward     nan  ep_len    nan  fell    0  err_xy 0.176  std 0.300  lr 1.0e-04  fps   9231   143.8s
it 7757/11200  reward     nan  ep_len    nan  fell    0  err_xy 0.123  std 0.300  lr 1.0e-04  fps   9179   144.0s
it 7758/11200  reward     nan  ep_len    nan  fell    0  err_xy 0.093  std 0.300  lr 1.0e-04  fps   9048   144.3s
it 7759/11200  reward     nan  ep_len    nan  fell    0  err_xy 0.081  std 0.300  lr 1.0e-04  fps   9150   144.5s
it 7760/11200  reward     nan  ep_len    nan  fell    0  err_xy 0.070  std 0.300  lr 1.0e-04  fps   9179   144.8s
it 7761/11200  reward     nan  ep_len    nan  fell    0  err_xy 0.053  std 0.300  lr 1.0e-04  fps   8140   145.1s
it 7762/11200  reward     nan  ep_len    nan  fell    0  err_xy 0.047  std 0.300  lr 1.0e-04  fps   9102   145.3s
it 7763/11200  reward     nan  ep_len    nan  fell    0  err_xy 0.038  std 0.300  lr 1.0e-04  fps   9102   145.6s
it 7764/11200  reward     nan  ep_len    nan  fell    0  err_xy 0.027  std 0.300  lr 1.0e-04  fps   8901   145.8s
it 7765/11200  reward     nan  ep_len    nan  fell    0  err_xy 0.032  std 0.300  lr 1.0e-04  fps   7674   146.1s
it 7766/11200  reward     nan  ep_len    nan  fell    0  err_xy 0.030  std 0.300  lr 1.0e-04  fps   8967   146.4s
it 7767/11200  reward   71.37  ep_len  400.0  fell    0  err_xy 0.108  std 0.300  lr 1.0e-04  fps   7127   146.7s
it 7768/11200  reward     nan  ep_len    nan  fell    0  err_xy 0.305  std 0.300  lr 1.0e-04  fps   9371   147.0s
it 7769/11200  reward     nan  ep_len    nan  fell    0  err_xy 0.284  std 0.300  lr 1.0e-04  fps   8728   147.2s
it 7770/11200  reward     nan  ep_len    nan  fell    0  err_xy 0.210  std 0.300  lr 1.0e-04  fps   9233   147.5s
it 7771/11200  reward     nan  ep_len    nan  fell    0  err_xy 0.227  std 0.300  lr 1.0e-04  fps   9751   147.7s
it 7772/11200  reward     nan  ep_len    nan  fell    0  err_xy 0.213  std 0.300  lr 1.0e-04  fps   9673   148.0s
it 7773/11200  reward     nan  ep_len    nan  fell    0  err_xy 0.167  std 0.300  lr 1.0e-04  fps   9296   148.2s
it 7774/11200  reward     nan  ep_len    nan  fell    0  err_xy 0.112  std 0.300  lr 1.0e-04  fps   9222   148.5s
it 7775/11200  reward     nan  ep_len    nan  fell    0  err_xy 0.090  std 0.300  lr 1.0e-04  fps   9095   148.7s
it 7776/11200  reward     nan  ep_len    nan  fell    0  err_xy 0.076  std 0.300  lr 1.0e-04  fps   9348   149.0s
it 7777/11200  reward     nan  ep_len    nan  fell    0  err_xy 0.062  std 0.300  lr 1.0e-04  fps   9201   149.2s
it 7778/11200  reward     nan  ep_len    nan  fell    0  err_xy 0.042  std 0.300  lr 1.0e-04  fps   9198   149.5s
it 7779/11200  reward     nan  ep_len    nan  fell    0  err_xy 0.035  std 0.300  lr 1.0e-04  fps   9085   149.7s
it 7780/11200  reward     nan  ep_len    nan  fell    0  err_xy 0.033  std 0.300  lr 1.0e-04  fps   9139   150.0s
it 7781/11200  reward     nan  ep_len    nan  fell    0  err_xy 0.029  std 0.300  lr 1.0e-04  fps   9139   150.2s
it 7782/11200  reward     nan  ep_len    nan  fell    0  err_xy 0.028  std 0.300  lr 1.0e-04  fps   9206   150.5s
it 7783/11200  reward     nan  ep_len    nan  fell    0  err_xy 0.021  std 0.300  lr 1.0e-04  fps   9257   150.7s
it 7784/11200  reward   69.67  ep_len  400.0  fell    0  err_xy 0.195  std 0.300  lr 1.0e-04  fps   7437   151.0s
it 7785/11200  reward     nan  ep_len    nan  fell    0  err_xy 0.304  std 0.300  lr 1.0e-04  fps   9772   151.3s
it 7786/11200  reward     nan  ep_len    nan  fell    0  err_xy 0.255  std 0.300  lr 1.0e-04  fps   9931   151.5s
it 7787/11200  reward     nan  ep_len    nan  fell    0  err_xy 0.214  std 0.300  lr 1.0e-04  fps   9811   151.7s
it 7788/11200  reward     nan  ep_len    nan  fell    0  err_xy 0.222  std 0.300  lr 1.0e-04  fps   9881   152.0s
it 7789/11200  reward     nan  ep_len    nan  fell    0  err_xy 0.211  std 0.300  lr 1.0e-04  fps   9589   152.2s
it 7790/11200  reward     nan  ep_len    nan  fell    0  err_xy 0.172  std 0.300  lr 1.0e-04  fps   9289   152.5s
it 7791/11200  reward     nan  ep_len    nan  fell    0  err_xy 0.158  std 0.300  lr 1.0e-04  fps   9406   152.7s
it 7792/11200  reward     nan  ep_len    nan  fell    0  err_xy 0.129  std 0.300  lr 1.0e-04  fps   9198   152.9s
it 7793/11200  reward     nan  ep_len    nan  fell    0  err_xy 0.096  std 0.300  lr 1.0e-04  fps   9258   153.2s
it 7794/11200  reward     nan  ep_len    nan  fell    0  err_xy 0.085  std 0.300  lr 1.0e-04  fps   9197   153.4s
it 7795/11200  reward     nan  ep_len    nan  fell    0  err_xy 0.064  std 0.300  lr 1.0e-04  fps   9247   153.7s
it 7796/11200  reward     nan  ep_len    nan  fell    0  err_xy 0.047  std 0.300  lr 1.0e-04  fps   9249   153.9s
it 7797/11200  reward     nan  ep_len    nan  fell    0  err_xy 0.042  std 0.300  lr 1.0e-04  fps   9135   154.2s
it 7798/11200  reward     nan  ep_len    nan  fell    0  err_xy 0.033  std 0.300  lr 1.0e-04  fps   9205   154.5s
it 7799/11200  reward     nan  ep_len    nan  fell    0  err_xy 0.026  std 0.300  lr 1.0e-04  fps   9144   154.7s
it 7800/11200  reward   63.92  ep_len  400.0  fell    0  err_xy 0.020  std 0.300  lr 1.0e-04  fps   7283   155.0s
eval iteration 7800:
  prone          success   0.0%  time 8.00s  peak_τ 0.96 Nm  return 84.09
  supine         success   0.0%  time 8.00s  peak_τ 0.96 Nm  return 77.38
  score 0.000
it 7801/11200  reward     nan  ep_len    nan  fell    0  err_xy 0.280  std 0.300  lr 1.0e-04  fps   9643   157.2s
it 7802/11200  reward     nan  ep_len    nan  fell    0  err_xy 0.277  std 0.300  lr 1.0e-04  fps   9952   157.5s
it 7803/11200  reward     nan  ep_len    nan  fell    0  err_xy 0.222  std 0.300  lr 1.0e-04  fps   9876   157.7s
it 7804/11200  reward     nan  ep_len    nan  fell    0  err_xy 0.195  std 0.300  lr 1.0e-04  fps   9938   157.9s
it 7805/11200  reward     nan  ep_len    nan  fell    0  err_xy 0.214  std 0.300  lr 1.0e-04  fps   9806   158.2s
it 7806/11200  reward     nan  ep_len    nan  fell    0  err_xy 0.191  std 0.300  lr 1.0e-04  fps   9457   158.4s
it 7807/11200  reward     nan  ep_len    nan  fell    0  err_xy 0.168  std 0.300  lr 1.0e-04  fps   9396   158.6s
it 7808/11200  reward     nan  ep_len    nan  fell    0  err_xy 0.134  std 0.300  lr 1.0e-04  fps   9360   158.9s
it 7809/11200  reward     nan  ep_len    nan  fell    0  err_xy 0.110  std 0.300  lr 1.0e-04  fps   9178   159.1s
it 7810/11200  reward     nan  ep_len    nan  fell    0  err_xy 0.081  std 0.300  lr 1.0e-04  fps   9312   159.4s
it 7811/11200  reward     nan  ep_len    nan  fell    0  err_xy 0.073  std 0.300  lr 1.0e-04  fps   9293   159.6s
it 7812/11200  reward     nan  ep_len    nan  fell    0  err_xy 0.058  std 0.300  lr 1.0e-04  fps   9325   159.9s
it 7813/11200  reward     nan  ep_len    nan  fell    0  err_xy 0.044  std 0.300  lr 1.0e-04  fps   9221   160.1s
it 7814/11200  reward     nan  ep_len    nan  fell    0  err_xy 0.040  std 0.300  lr 1.0e-04  fps   9239   160.4s
it 7815/11200  reward     nan  ep_len    nan  fell    0  err_xy 0.029  std 0.300  lr 1.0e-04  fps   9165   160.6s
it 7816/11200  reward     nan  ep_len    nan  fell    0  err_xy 0.021  std 0.300  lr 1.0e-04  fps   9227   160.9s
it 7817/11200  reward   67.69  ep_len  400.0  fell    0  err_xy 0.103  std 0.300  lr 1.0e-04  fps   7286   161.2s
it 7818/11200  reward     nan  ep_len    nan  fell    0  err_xy 0.327  std 0.300  lr 1.0e-04  fps   9927   161.4s
it 7819/11200  reward     nan  ep_len    nan  fell    0  err_xy 0.317  std 0.300  lr 1.0e-04  fps   9739   161.7s
it 7820/11200  reward     nan  ep_len    nan  fell    0  err_xy 0.228  std 0.300  lr 1.0e-04  fps   9527   161.9s
it 7821/11200  reward     nan  ep_len    nan  fell    0  err_xy 0.210  std 0.300  lr 1.0e-04  fps   9302   162.2s
it 7822/11200  reward     nan  ep_len    nan  fell    0  err_xy 0.191  std 0.300  lr 1.0e-04  fps   9037   162.4s
it 7823/11200  reward     nan  ep_len    nan  fell    0  err_xy 0.162  std 0.300  lr 1.0e-04  fps   9388   162.7s
it 7824/11200  reward     nan  ep_len    nan  fell    0  err_xy 0.127  std 0.300  lr 1.0e-04  fps   9254   162.9s
it 7825/11200  reward     nan  ep_len    nan  fell    0  err_xy 0.094  std 0.300  lr 1.0e-04  fps   9270   163.2s
it 7826/11200  reward     nan  ep_len    nan  fell    0  err_xy 0.081  std 0.300  lr 1.0e-04  fps   9185   163.4s
it 7827/11200  reward     nan  ep_len    nan  fell    0  err_xy 0.060  std 0.300  lr 1.0e-04  fps   9248   163.7s
it 7828/11200  reward     nan  ep_len    nan  fell    0  err_xy 0.058  std 0.300  lr 1.0e-04  fps   9052   163.9s
it 7829/11200  reward     nan  ep_len    nan  fell    0  err_xy 0.035  std 0.300  lr 1.0e-04  fps   8986   164.2s
it 7830/11200  reward     nan  ep_len    nan  fell    0  err_xy 0.026  std 0.300  lr 1.0e-04  fps   8948   164.4s
it 7831/11200  reward     nan  ep_len    nan  fell    0  err_xy 0.025  std 0.300  lr 1.0e-04  fps   9210   164.7s
it 7832/11200  reward     nan  ep_len    nan  fell    0  err_xy 0.016  std 0.300  lr 1.0e-04  fps   9164   164.9s
it 7833/11200  reward     nan  ep_len    nan  fell    0  err_xy 0.014  std 0.300  lr 1.0e-04  fps   9181   165.2s
it 7834/11200  reward   70.21  ep_len  400.0  fell    0  err_xy 0.214  std 0.300  lr 1.0e-04  fps   7415   165.5s
it 7835/11200  reward     nan  ep_len    nan  fell    0  err_xy 0.303  std 0.300  lr 1.0e-04  fps   9953   165.7s
it 7836/11200  reward     nan  ep_len    nan  fell    0  err_xy 0.280  std 0.300  lr 1.0e-04  fps   9938   166.0s
it 7837/11200  reward     nan  ep_len    nan  fell    0  err_xy 0.224  std 0.300  lr 1.0e-04  fps   9689   166.2s
it 7838/11200  reward     nan  ep_len    nan  fell    0  err_xy 0.227  std 0.300  lr 1.0e-04  fps   9171   166.5s
it 7839/11200  reward     nan  ep_len    nan  fell    0  err_xy 0.183  std 0.300  lr 1.0e-04  fps   9190   166.7s
it 7840/11200  reward     nan  ep_len    nan  fell    0  err_xy 0.146  std 0.300  lr 1.0e-04  fps   9274   167.0s
it 7841/11200  reward     nan  ep_len    nan  fell    0  err_xy 0.107  std 0.300  lr 1.0e-04  fps   9095   167.2s
it 7842/11200  reward     nan  ep_len    nan  fell    0  err_xy 0.077  std 0.300  lr 1.0e-04  fps   9239   167.5s
it 7843/11200  reward     nan  ep_len    nan  fell    0  err_xy 0.063  std 0.300  lr 1.0e-04  fps   9221   167.7s
it 7844/11200  reward     nan  ep_len    nan  fell    0  err_xy 0.049  std 0.300  lr 1.0e-04  fps   9130   168.0s
it 7845/11200  reward     nan  ep_len    nan  fell    0  err_xy 0.041  std 0.300  lr 1.0e-04  fps   9203   168.2s
it 7846/11200  reward     nan  ep_len    nan  fell    0  err_xy 0.030  std 0.300  lr 1.0e-04  fps   9144   168.5s
it 7847/11200  reward     nan  ep_len    nan  fell    0  err_xy 0.029  std 0.300  lr 1.0e-04  fps   9194   168.7s
it 7848/11200  reward     nan  ep_len    nan  fell    0  err_xy 0.022  std 0.300  lr 1.0e-04  fps   7801   169.0s
it 7849/11200  reward     nan  ep_len    nan  fell    0  err_xy 0.017  std 0.300  lr 1.0e-04  fps   9126   169.3s
it 7850/11200  reward   70.42  ep_len  400.0  fell    0  err_xy 0.014  std 0.300  lr 1.0e-04  fps   7134   169.6s
it 7851/11200  reward     nan  ep_len    nan  fell    0  err_xy 0.298  std 0.300  lr 1.0e-04  fps   9759   169.8s
it 7852/11200  reward     nan  ep_len    nan  fell    0  err_xy 0.316  std 0.300  lr 1.0e-04  fps   9977   170.1s
it 7853/11200  reward     nan  ep_len    nan  fell    0  err_xy 0.259  std 0.300  lr 1.0e-04  fps   9885   170.3s
it 7854/11200  reward     nan  ep_len    nan  fell    0  err_xy 0.217  std 0.300  lr 1.0e-04  fps   9879   170.5s
it 7855/11200  reward     nan  ep_len    nan  fell    0  err_xy 0.208  std 0.300  lr 1.0e-04  fps   9771   170.8s
it 7856/11200  reward     nan  ep_len    nan  fell    0  err_xy 0.178  std 0.300  lr 1.0e-04  fps   9504   171.0s
it 7857/11200  reward     nan  ep_len    nan  fell    0  err_xy 0.131  std 0.300  lr 1.0e-04  fps   9388   171.2s
it 7858/11200  reward     nan  ep_len    nan  fell    0  err_xy 0.111  std 0.300  lr 1.0e-04  fps   9253   171.5s
it 7859/11200  reward     nan  ep_len    nan  fell    0  err_xy 0.081  std 0.300  lr 1.0e-04  fps   9205   171.7s
it 7860/11200  reward     nan  ep_len    nan  fell    0  err_xy 0.062  std 0.300  lr 1.0e-04  fps   9346   172.0s
it 7861/11200  reward     nan  ep_len    nan  fell    0  err_xy 0.053  std 0.300  lr 1.0e-04  fps   9277   172.2s
it 7862/11200  reward     nan  ep_len    nan  fell    0  err_xy 0.043  std 0.300  lr 1.0e-04  fps   9190   172.5s
it 7863/11200  reward     nan  ep_len    nan  fell    0  err_xy 0.035  std 0.300  lr 1.0e-04  fps   9206   172.7s
it 7864/11200  reward     nan  ep_len    nan  fell    0  err_xy 0.033  std 0.300  lr 1.0e-04  fps   9232   173.0s
it 7865/11200  reward     nan  ep_len    nan  fell    0  err_xy 0.037  std 0.300  lr 1.0e-04  fps   9193   173.2s
it 7866/11200  reward     nan  ep_len    nan  fell    0  err_xy 0.036  std 0.300  lr 1.0e-04  fps   9231   173.5s
it 7867/11200  reward   67.81  ep_len  400.0  fell    0  err_xy 0.115  std 0.300  lr 1.0e-04  fps   7262   173.8s
it 7868/11200  reward     nan  ep_len    nan  fell    0  err_xy 0.337  std 0.300  lr 1.0e-04  fps   9904   174.0s
it 7869/11200  reward     nan  ep_len    nan  fell    0  err_xy 0.315  std 0.300  lr 1.0e-04  fps   9883   174.3s
it 7870/11200  reward     nan  ep_len    nan  fell    0  err_xy 0.243  std 0.300  lr 1.0e-04  fps   9864   174.5s
it 7871/11200  reward     nan  ep_len    nan  fell    0  err_xy 0.213  std 0.300  lr 1.0e-04  fps   9849   174.7s
it 7872/11200  reward     nan  ep_len    nan  fell    0  err_xy 0.189  std 0.300  lr 1.0e-04  fps   9588   175.0s
it 7873/11200  reward     nan  ep_len    nan  fell    0  err_xy 0.153  std 0.300  lr 1.0e-04  fps   9202   175.2s
it 7874/11200  reward     nan  ep_len    nan  fell    0  err_xy 0.113  std 0.300  lr 1.0e-04  fps   8521   175.5s
it 7875/11200  reward     nan  ep_len    nan  fell    0  err_xy 0.072  std 0.300  lr 1.0e-04  fps   8782   175.8s
it 7876/11200  reward     nan  ep_len    nan  fell    0  err_xy 0.056  std 0.300  lr 1.0e-04  fps   9103   176.0s
it 7877/11200  reward     nan  ep_len    nan  fell    0  err_xy 0.038  std 0.300  lr 1.0e-04  fps   9149   176.3s
it 7878/11200  reward     nan  ep_len    nan  fell    0  err_xy 0.032  std 0.300  lr 1.0e-04  fps   9203   176.5s
it 7879/11200  reward     nan  ep_len    nan  fell    0  err_xy 0.026  std 0.300  lr 1.0e-04  fps   9178   176.8s
it 7880/11200  reward     nan  ep_len    nan  fell    0  err_xy 0.025  std 0.300  lr 1.0e-04  fps   9165   177.0s
it 7881/11200  reward     nan  ep_len    nan  fell    0  err_xy 0.021  std 0.300  lr 1.0e-04  fps   9179   177.3s
it 7882/11200  reward     nan  ep_len    nan  fell    0  err_xy 0.020  std 0.300  lr 1.0e-04  fps   9258   177.5s
it 7883/11200  reward     nan  ep_len    nan  fell    0  err_xy 0.018  std 0.300  lr 1.0e-04  fps   9314   177.8s
it 7884/11200  reward   72.67  ep_len  400.0  fell    0  err_xy 0.234  std 0.300  lr 1.0e-04  fps   7518   178.1s
it 7885/11200  reward     nan  ep_len    nan  fell    0  err_xy 0.303  std 0.300  lr 1.0e-04  fps   9869   178.3s
it 7886/11200  reward     nan  ep_len    nan  fell    0  err_xy 0.298  std 0.300  lr 1.0e-04  fps   9785   178.6s
it 7887/11200  reward     nan  ep_len    nan  fell    0  err_xy 0.242  std 0.300  lr 1.0e-04  fps   9856   178.8s
it 7888/11200  reward     nan  ep_len    nan  fell    0  err_xy 0.251  std 0.300  lr 1.0e-04  fps   9605   179.0s
it 7889/11200  reward     nan  ep_len    nan  fell    0  err_xy 0.207  std 0.300  lr 1.0e-04  fps   9437   179.3s
it 7890/11200  reward     nan  ep_len    nan  fell    0  err_xy 0.169  std 0.300  lr 1.0e-04  fps   9379   179.5s
it 7891/11200  reward     nan  ep_len    nan  fell    0  err_xy 0.142  std 0.300  lr 1.0e-04  fps   9369   179.8s
it 7892/11200  reward     nan  ep_len    nan  fell    0  err_xy 0.114  std 0.300  lr 1.0e-04  fps   9278   180.0s
it 7893/11200  reward     nan  ep_len    nan  fell    0  err_xy 0.096  std 0.300  lr 1.0e-04  fps   9227   180.3s
it 7894/11200  reward     nan  ep_len    nan  fell    0  err_xy 0.084  std 0.300  lr 1.0e-04  fps   9305   180.5s
it 7895/11200  reward     nan  ep_len    nan  fell    0  err_xy 0.069  std 0.300  lr 1.0e-04  fps   9214   180.8s
it 7896/11200  reward     nan  ep_len    nan  fell    0  err_xy 0.067  std 0.300  lr 1.0e-04  fps   9256   181.0s
it 7897/11200  reward     nan  ep_len    nan  fell    0  err_xy 0.062  std 0.300  lr 1.0e-04  fps   9291   181.3s
it 7898/11200  reward     nan  ep_len    nan  fell    0  err_xy 0.045  std 0.300  lr 1.0e-04  fps   9162   181.5s
it 7899/11200  reward     nan  ep_len    nan  fell    0  err_xy 0.052  std 0.300  lr 1.0e-04  fps   9270   181.8s
it 7900/11200  reward   64.34  ep_len  400.0  fell    0  err_xy 0.043  std 0.300  lr 1.0e-04  fps   7107   182.1s
it 7901/11200  reward     nan  ep_len    nan  fell    0  err_xy 0.311  std 0.300  lr 1.0e-04  fps   9648   182.3s
it 7902/11200  reward     nan  ep_len    nan  fell    0  err_xy 0.325  std 0.300  lr 1.0e-04  fps   9834   182.6s
it 7903/11200  reward     nan  ep_len    nan  fell    0  err_xy 0.255  std 0.300  lr 1.0e-04  fps   9699   182.8s
it 7904/11200  reward     nan  ep_len    nan  fell    0  err_xy 0.230  std 0.300  lr 1.0e-04  fps   9834   183.0s
it 7905/11200  reward     nan  ep_len    nan  fell    0  err_xy 0.214  std 0.300  lr 1.0e-04  fps   9590   183.3s
it 7906/11200  reward     nan  ep_len    nan  fell    0  err_xy 0.190  std 0.300  lr 1.0e-04  fps   9461   183.5s
it 7907/11200  reward     nan  ep_len    nan  fell    0  err_xy 0.148  std 0.300  lr 1.0e-04  fps   9233   183.8s
it 7908/11200  reward     nan  ep_len    nan  fell    0  err_xy 0.099  std 0.300  lr 1.0e-04  fps   9132   184.0s
it 7909/11200  reward     nan  ep_len    nan  fell    0  err_xy 0.073  std 0.300  lr 1.0e-04  fps   9221   184.3s
it 7910/11200  reward     nan  ep_len    nan  fell    0  err_xy 0.062  std 0.300  lr 1.0e-04  fps   9263   184.5s
it 7911/11200  reward     nan  ep_len    nan  fell    0  err_xy 0.056  std 0.300  lr 1.0e-04  fps   9305   184.8s
it 7912/11200  reward     nan  ep_len    nan  fell    0  err_xy 0.046  std 0.300  lr 1.0e-04  fps   9240   185.0s
it 7913/11200  reward     nan  ep_len    nan  fell    0  err_xy 0.033  std 0.300  lr 1.0e-04  fps   8528   185.3s
it 7914/11200  reward     nan  ep_len    nan  fell    0  err_xy 0.032  std 0.300  lr 1.0e-04  fps   9252   185.5s
it 7915/11200  reward     nan  ep_len    nan  fell    0  err_xy 0.028  std 0.300  lr 1.0e-04  fps   9284   185.8s
it 7916/11200  reward     nan  ep_len    nan  fell    0  err_xy 0.025  std 0.300  lr 1.0e-04  fps   9310   186.0s
it 7917/11200  reward   68.89  ep_len  400.0  fell    0  err_xy 0.114  std 0.300  lr 1.0e-04  fps   7366   186.3s
it 7918/11200  reward     nan  ep_len    nan  fell    0  err_xy 0.337  std 0.300  lr 1.0e-04  fps   9976   186.6s
it 7919/11200  reward     nan  ep_len    nan  fell    0  err_xy 0.316  std 0.300  lr 1.0e-04  fps   9889   186.8s
it 7920/11200  reward     nan  ep_len    nan  fell    0  err_xy 0.225  std 0.300  lr 1.0e-04  fps   9812   187.0s
it 7921/11200  reward     nan  ep_len    nan  fell    0  err_xy 0.219  std 0.300  lr 1.0e-04  fps   9856   187.3s
it 7922/11200  reward     nan  ep_len    nan  fell    0  err_xy 0.206  std 0.300  lr 1.0e-04  fps   9693   187.5s
it 7923/11200  reward     nan  ep_len    nan  fell    0  err_xy 0.176  std 0.300  lr 1.0e-04  fps   9313   187.8s
it 7924/11200  reward     nan  ep_len    nan  fell    0  err_xy 0.137  std 0.300  lr 1.0e-04  fps   9487   188.0s
it 7925/11200  reward     nan  ep_len    nan  fell    0  err_xy 0.111  std 0.300  lr 1.0e-04  fps   9403   188.3s
it 7926/11200  reward     nan  ep_len    nan  fell    0  err_xy 0.094  std 0.300  lr 1.0e-04  fps   9323   188.5s
it 7927/11200  reward     nan  ep_len    nan  fell    0  err_xy 0.080  std 0.300  lr 1.0e-04  fps   9453   188.7s
it 7928/11200  reward     nan  ep_len    nan  fell    0  err_xy 0.082  std 0.300  lr 1.0e-04  fps   9502   189.0s
it 7929/11200  reward     nan  ep_len    nan  fell    0  err_xy 0.074  std 0.300  lr 1.0e-04  fps   9422   189.2s
it 7930/11200  reward     nan  ep_len    nan  fell    0  err_xy 0.057  std 0.300  lr 1.0e-04  fps   9398   189.5s
it 7931/11200  reward     nan  ep_len    nan  fell    0  err_xy 0.053  std 0.300  lr 1.0e-04  fps   9414   189.7s
it 7932/11200  reward     nan  ep_len    nan  fell    0  err_xy 0.050  std 0.300  lr 1.0e-04  fps   9281   190.0s
it 7933/11200  reward     nan  ep_len    nan  fell    0  err_xy 0.038  std 0.300  lr 1.0e-04  fps   9406   190.2s
it 7934/11200  reward   65.89  ep_len  400.0  fell    0  err_xy 0.236  std 0.300  lr 1.0e-04  fps   7544   190.5s
it 7935/11200  reward     nan  ep_len    nan  fell    0  err_xy 0.307  std 0.300  lr 1.0e-04  fps   9981   190.8s
it 7936/11200  reward     nan  ep_len    nan  fell    0  err_xy 0.266  std 0.300  lr 1.0e-04  fps   9799   191.0s
it 7937/11200  reward     nan  ep_len    nan  fell    0  err_xy 0.207  std 0.300  lr 1.0e-04  fps   9823   191.2s
it 7938/11200  reward     nan  ep_len    nan  fell    0  err_xy 0.210  std 0.300  lr 1.0e-04  fps   9812   191.5s
it 7939/11200  reward     nan  ep_len    nan  fell    0  err_xy 0.203  std 0.300  lr 1.0e-04  fps   9412   191.7s
it 7940/11200  reward     nan  ep_len    nan  fell    0  err_xy 0.143  std 0.300  lr 1.0e-04  fps   9327   192.0s
it 7941/11200  reward     nan  ep_len    nan  fell    0  err_xy 0.123  std 0.300  lr 1.0e-04  fps   9297   192.2s
it 7942/11200  reward     nan  ep_len    nan  fell    0  err_xy 0.105  std 0.300  lr 1.0e-04  fps   9249   192.4s
it 7943/11200  reward     nan  ep_len    nan  fell    0  err_xy 0.092  std 0.300  lr 1.0e-04  fps   9270   192.7s
it 7944/11200  reward     nan  ep_len    nan  fell    0  err_xy 0.072  std 0.300  lr 1.0e-04  fps   9349   192.9s
it 7945/11200  reward     nan  ep_len    nan  fell    0  err_xy 0.064  std 0.300  lr 1.0e-04  fps   9379   193.2s
it 7946/11200  reward     nan  ep_len    nan  fell    0  err_xy 0.055  std 0.300  lr 1.0e-04  fps   9162   193.4s
it 7947/11200  reward     nan  ep_len    nan  fell    0  err_xy 0.062  std 0.300  lr 1.0e-04  fps   9320   193.7s
it 7948/11200  reward     nan  ep_len    nan  fell    0  err_xy 0.055  std 0.300  lr 1.0e-04  fps   8957   193.9s
it 7949/11200  reward     nan  ep_len    nan  fell    0  err_xy 0.051  std 0.300  lr 1.0e-04  fps   9398   194.2s
it 7950/11200  reward   66.03  ep_len  400.0  fell    0  err_xy 0.051  std 0.300  lr 1.0e-04  fps   7304   194.5s
it 7951/11200  reward     nan  ep_len    nan  fell    0  err_xy 0.321  std 0.300  lr 1.0e-04  fps   9754   194.7s
it 7952/11200  reward     nan  ep_len    nan  fell    0  err_xy 0.308  std 0.300  lr 1.0e-04  fps   9980   195.0s
it 7953/11200  reward     nan  ep_len    nan  fell    0  err_xy 0.242  std 0.300  lr 1.0e-04  fps   9790   195.2s
it 7954/11200  reward     nan  ep_len    nan  fell    0  err_xy 0.207  std 0.300  lr 1.0e-04  fps   9766   195.4s
it 7955/11200  reward     nan  ep_len    nan  fell    0  err_xy 0.207  std 0.300  lr 1.0e-04  fps   9646   195.7s
it 7956/11200  reward     nan  ep_len    nan  fell    0  err_xy 0.179  std 0.300  lr 1.0e-04  fps   9330   195.9s
it 7957/11200  reward     nan  ep_len    nan  fell    0  err_xy 0.123  std 0.300  lr 1.0e-04  fps   9132   196.2s
it 7958/11200  reward     nan  ep_len    nan  fell    0  err_xy 0.100  std 0.300  lr 1.0e-04  fps   9181   196.4s
it 7959/11200  reward     nan  ep_len    nan  fell    0  err_xy 0.079  std 0.300  lr 1.0e-04  fps   9142   196.7s
it 7960/11200  reward     nan  ep_len    nan  fell    0  err_xy 0.058  std 0.300  lr 1.0e-04  fps   9219   196.9s
it 7961/11200  reward     nan  ep_len    nan  fell    0  err_xy 0.059  std 0.300  lr 1.0e-04  fps   9162   197.2s
it 7962/11200  reward     nan  ep_len    nan  fell    0  err_xy 0.049  std 0.300  lr 1.0e-04  fps   9296   197.4s
it 7963/11200  reward     nan  ep_len    nan  fell    0  err_xy 0.047  std 0.300  lr 1.0e-04  fps   9276   197.7s
it 7964/11200  reward     nan  ep_len    nan  fell    0  err_xy 0.039  std 0.300  lr 1.0e-04  fps   9312   197.9s
it 7965/11200  reward     nan  ep_len    nan  fell    0  err_xy 0.030  std 0.300  lr 1.0e-04  fps   9364   198.2s
it 7966/11200  reward     nan  ep_len    nan  fell    0  err_xy 0.025  std 0.300  lr 1.0e-04  fps   8700   198.4s
it 7967/11200  reward   72.43  ep_len  400.0  fell    0  err_xy 0.112  std 0.300  lr 1.0e-04  fps   7355   198.8s
it 7968/11200  reward     nan  ep_len    nan  fell    0  err_xy 0.330  std 0.300  lr 1.0e-04  fps   9885   199.0s
it 7969/11200  reward     nan  ep_len    nan  fell    0  err_xy 0.292  std 0.300  lr 1.0e-04  fps   9914   199.2s
it 7970/11200  reward     nan  ep_len    nan  fell    0  err_xy 0.212  std 0.300  lr 1.0e-04  fps   9893   199.5s
it 7971/11200  reward     nan  ep_len    nan  fell    0  err_xy 0.222  std 0.300  lr 1.0e-04  fps   9790   199.7s
it 7972/11200  reward     nan  ep_len    nan  fell    0  err_xy 0.195  std 0.300  lr 1.0e-04  fps   9482   199.9s
it 7973/11200  reward     nan  ep_len    nan  fell    0  err_xy 0.151  std 0.300  lr 1.0e-04  fps   9253   200.2s
it 7974/11200  reward     nan  ep_len    nan  fell    0  err_xy 0.114  std 0.300  lr 1.0e-04  fps   9344   200.4s
it 7975/11200  reward     nan  ep_len    nan  fell    0  err_xy 0.087  std 0.300  lr 1.0e-04  fps   9222   200.7s
it 7976/11200  reward     nan  ep_len    nan  fell    0  err_xy 0.072  std 0.300  lr 1.0e-04  fps   9311   200.9s
it 7977/11200  reward     nan  ep_len    nan  fell    0  err_xy 0.053  std 0.300  lr 1.0e-04  fps   9304   201.2s
it 7978/11200  reward     nan  ep_len    nan  fell    0  err_xy 0.048  std 0.300  lr 1.0e-04  fps   9306   201.4s
it 7979/11200  reward     nan  ep_len    nan  fell    0  err_xy 0.035  std 0.300  lr 1.0e-04  fps   9326   201.7s
it 7980/11200  reward     nan  ep_len    nan  fell    0  err_xy 0.034  std 0.300  lr 1.0e-04  fps   9489   201.9s
it 7981/11200  reward     nan  ep_len    nan  fell    0  err_xy 0.029  std 0.300  lr 1.0e-04  fps   9397   202.2s
it 7982/11200  reward     nan  ep_len    nan  fell    0  err_xy 0.028  std 0.300  lr 1.0e-04  fps   9346   202.4s
it 7983/11200  reward     nan  ep_len    nan  fell    0  err_xy 0.026  std 0.300  lr 1.0e-04  fps   9303   202.7s
it 7984/11200  reward   73.57  ep_len  400.0  fell    0  err_xy 0.213  std 0.300  lr 1.0e-04  fps   7437   203.0s
it 7985/11200  reward     nan  ep_len    nan  fell    0  err_xy 0.305  std 0.300  lr 1.0e-04  fps   9967   203.2s
it 7986/11200  reward     nan  ep_len    nan  fell    0  err_xy 0.278  std 0.300  lr 1.0e-04  fps   9916   203.4s
it 7987/11200  reward     nan  ep_len    nan  fell    0  err_xy 0.231  std 0.300  lr 1.0e-04  fps   9910   203.7s
it 7988/11200  reward     nan  ep_len    nan  fell    0  err_xy 0.223  std 0.300  lr 1.0e-04  fps   9803   203.9s
it 7989/11200  reward     nan  ep_len    nan  fell    0  err_xy 0.193  std 0.300  lr 1.0e-04  fps   9603   204.1s
it 7990/11200  reward     nan  ep_len    nan  fell    0  err_xy 0.145  std 0.300  lr 1.0e-04  fps   9310   204.4s
it 7991/11200  reward     nan  ep_len    nan  fell    0  err_xy 0.121  std 0.300  lr 1.0e-04  fps   9335   204.6s
it 7992/11200  reward     nan  ep_len    nan  fell    0  err_xy 0.096  std 0.300  lr 1.0e-04  fps   9280   204.9s
it 7993/11200  reward     nan  ep_len    nan  fell    0  err_xy 0.096  std 0.300  lr 1.0e-04  fps   9406   205.1s
it 7994/11200  reward     nan  ep_len    nan  fell    0  err_xy 0.083  std 0.300  lr 1.0e-04  fps   9418   205.4s
it 7995/11200  reward     nan  ep_len    nan  fell    0  err_xy 0.061  std 0.300  lr 1.0e-04  fps   9368   205.6s
it 7996/11200  reward     nan  ep_len    nan  fell    0  err_xy 0.058  std 0.300  lr 1.0e-04  fps   9389   205.9s
it 7997/11200  reward     nan  ep_len    nan  fell    0  err_xy 0.054  std 0.300  lr 1.0e-04  fps   9439   206.1s
it 7998/11200  reward     nan  ep_len    nan  fell    0  err_xy 0.045  std 0.300  lr 1.0e-04  fps   9384   206.4s
it 7999/11200  reward     nan  ep_len    nan  fell    0  err_xy 0.045  std 0.300  lr 1.0e-04  fps   9409   206.6s
it 8000/11200  reward   67.42  ep_len  400.0  fell    0  err_xy 0.052  std 0.300  lr 1.0e-04  fps   7324   206.9s
eval iteration 8000:
  prone          success   0.0%  time 8.00s  peak_τ 0.95 Nm  return 84.96
  supine         success   0.0%  time 8.00s  peak_τ 0.96 Nm  return 73.29
  score 0.000
it 8001/11200  reward     nan  ep_len    nan  fell    0  err_xy 0.331  std 0.300  lr 1.0e-04  fps   9786   209.1s
it 8002/11200  reward     nan  ep_len    nan  fell    0  err_xy 0.292  std 0.300  lr 1.0e-04  fps  10021   209.3s
it 8003/11200  reward     nan  ep_len    nan  fell    0  err_xy 0.241  std 0.300  lr 1.0e-04  fps   9989   209.5s
it 8004/11200  reward     nan  ep_len    nan  fell    0  err_xy 0.208  std 0.300  lr 1.0e-04  fps   9921   209.8s
it 8005/11200  reward     nan  ep_len    nan  fell    0  err_xy 0.212  std 0.300  lr 1.0e-04  fps   9834   210.0s
it 8006/11200  reward     nan  ep_len    nan  fell    0  err_xy 0.176  std 0.300  lr 1.0e-04  fps   9625   210.3s
it 8007/11200  reward     nan  ep_len    nan  fell    0  err_xy 0.149  std 0.300  lr 1.0e-04  fps   9401   210.5s
it 8008/11200  reward     nan  ep_len    nan  fell    0  err_xy 0.122  std 0.300  lr 1.0e-04  fps   9434   210.7s
it 8009/11200  reward     nan  ep_len    nan  fell    0  err_xy 0.099  std 0.300  lr 1.0e-04  fps   9414   211.0s
it 8010/11200  reward     nan  ep_len    nan  fell    0  err_xy 0.090  std 0.300  lr 1.0e-04  fps   9316   211.2s
it 8011/11200  reward     nan  ep_len    nan  fell    0  err_xy 0.071  std 0.300  lr 1.0e-04  fps   9399   211.5s
it 8012/11200  reward     nan  ep_len    nan  fell    0  err_xy 0.078  std 0.300  lr 1.0e-04  fps   9437   211.7s
it 8013/11200  reward     nan  ep_len    nan  fell    0  err_xy 0.060  std 0.300  lr 1.0e-04  fps   9308   212.0s
it 8014/11200  reward     nan  ep_len    nan  fell    0  err_xy 0.058  std 0.300  lr 1.0e-04  fps   9331   212.2s
it 8015/11200  reward     nan  ep_len    nan  fell    0  err_xy 0.053  std 0.300  lr 1.0e-04  fps   9423   212.5s
it 8016/11200  reward     nan  ep_len    nan  fell    0  err_xy 0.050  std 0.300  lr 1.0e-04  fps   9146   212.7s
it 8017/11200  reward   66.23  ep_len  400.0  fell    0  err_xy 0.117  std 0.300  lr 1.0e-04  fps   7303   213.0s
it 8018/11200  reward     nan  ep_len    nan  fell    0  err_xy 0.318  std 0.300  lr 1.0e-04  fps   9569   213.3s
it 8019/11200  reward     nan  ep_len    nan  fell    0  err_xy 0.286  std 0.300  lr 1.0e-04  fps   9809   213.5s
it 8020/11200  reward     nan  ep_len    nan  fell    0  err_xy 0.222  std 0.300  lr 1.0e-04  fps   9791   213.7s
it 8021/11200  reward     nan  ep_len    nan  fell    0  err_xy 0.197  std 0.300  lr 1.0e-04  fps   9865   214.0s
it 8022/11200  reward     nan  ep_len    nan  fell    0  err_xy 0.201  std 0.300  lr 1.0e-04  fps   9593   214.2s
it 8023/11200  reward     nan  ep_len    nan  fell    0  err_xy 0.155  std 0.300  lr 1.0e-04  fps   9276   214.5s
it 8024/11200  reward     nan  ep_len    nan  fell    0  err_xy 0.122  std 0.300  lr 1.0e-04  fps   9086   214.7s
it 8025/11200  reward     nan  ep_len    nan  fell    0  err_xy 0.100  std 0.300  lr 1.0e-04  fps   9246   215.0s
it 8026/11200  reward     nan  ep_len    nan  fell    0  err_xy 0.073  std 0.300  lr 1.0e-04  fps   8719   215.2s
it 8027/11200  reward     nan  ep_len    nan  fell    0  err_xy 0.068  std 0.300  lr 1.0e-04  fps   9030   215.5s
it 8028/11200  reward     nan  ep_len    nan  fell    0  err_xy 0.049  std 0.300  lr 1.0e-04  fps   9180   215.7s
it 8029/11200  reward     nan  ep_len    nan  fell    0  err_xy 0.037  std 0.300  lr 1.0e-04  fps   9280   216.0s
it 8030/11200  reward     nan  ep_len    nan  fell    0  err_xy 0.032  std 0.300  lr 1.0e-04  fps   9260   216.2s
it 8031/11200  reward     nan  ep_len    nan  fell    0  err_xy 0.032  std 0.300  lr 1.0e-04  fps   9389   216.5s
it 8032/11200  reward     nan  ep_len    nan  fell    0  err_xy 0.032  std 0.300  lr 1.0e-04  fps   9390   216.7s
it 8033/11200  reward     nan  ep_len    nan  fell    0  err_xy 0.029  std 0.300  lr 1.0e-04  fps   9306   217.0s
it 8034/11200  reward   69.74  ep_len  400.0  fell    0  err_xy 0.228  std 0.300  lr 1.0e-04  fps   7547   217.3s
it 8035/11200  reward     nan  ep_len    nan  fell    0  err_xy 0.289  std 0.300  lr 1.0e-04  fps   9894   217.5s
it 8036/11200  reward     nan  ep_len    nan  fell    0  err_xy 0.276  std 0.300  lr 1.0e-04  fps   9711   217.8s
it 8037/11200  reward     nan  ep_len    nan  fell    0  err_xy 0.205  std 0.300  lr 1.0e-04  fps   9716   218.0s
it 8038/11200  reward     nan  ep_len    nan  fell    0  err_xy 0.216  std 0.300  lr 1.0e-04  fps   9612   218.2s
it 8039/11200  reward     nan  ep_len    nan  fell    0  err_xy 0.180  std 0.300  lr 1.0e-04  fps   9241   218.5s
it 8040/11200  reward     nan  ep_len    nan  fell    0  err_xy 0.123  std 0.300  lr 1.0e-04  fps   9239   218.7s
it 8041/11200  reward     nan  ep_len    nan  fell    0  err_xy 0.099  std 0.300  lr 1.0e-04  fps   9168   219.0s
it 8042/11200  reward     nan  ep_len    nan  fell    0  err_xy 0.060  std 0.300  lr 1.0e-04  fps   9185   219.2s
it 8043/11200  reward     nan  ep_len    nan  fell    0  err_xy 0.041  std 0.300  lr 1.0e-04  fps   9245   219.5s
it 8044/11200  reward     nan  ep_len    nan  fell    0  err_xy 0.038  std 0.300  lr 1.0e-04  fps   9303   219.7s
it 8045/11200  reward     nan  ep_len    nan  fell    0  err_xy 0.027  std 0.300  lr 1.0e-04  fps   8432   220.0s
it 8046/11200  reward     nan  ep_len    nan  fell    0  err_xy 0.021  std 0.300  lr 1.0e-04  fps   9020   220.3s
it 8047/11200  reward     nan  ep_len    nan  fell    0  err_xy 0.021  std 0.300  lr 1.0e-04  fps   9089   220.5s
it 8048/11200  reward     nan  ep_len    nan  fell    0  err_xy 0.022  std 0.300  lr 1.0e-04  fps   8980   220.8s
it 8049/11200  reward     nan  ep_len    nan  fell    0  err_xy 0.022  std 0.300  lr 1.0e-04  fps   9213   221.0s
it 8050/11200  reward   76.46  ep_len  400.0  fell    0  err_xy 0.020  std 0.300  lr 1.0e-04  fps   7262   221.3s
it 8051/11200  reward     nan  ep_len    nan  fell    0  err_xy 0.334  std 0.300  lr 1.0e-04  fps   9822   221.6s
it 8052/11200  reward     nan  ep_len    nan  fell    0  err_xy 0.310  std 0.300  lr 1.0e-04  fps  10028   221.8s
it 8053/11200  reward     nan  ep_len    nan  fell    0  err_xy 0.246  std 0.300  lr 1.0e-04  fps   9870   222.0s
it 8054/11200  reward     nan  ep_len    nan  fell    0  err_xy 0.226  std 0.300  lr 1.0e-04  fps   9794   222.3s
it 8055/11200  reward     nan  ep_len    nan  fell    0  err_xy 0.213  std 0.300  lr 1.0e-04  fps   9686   222.5s
it 8056/11200  reward     nan  ep_len    nan  fell    0  err_xy 0.192  std 0.300  lr 1.0e-04  fps   9557   222.8s
it 8057/11200  reward     nan  ep_len    nan  fell    0  err_xy 0.148  std 0.300  lr 1.0e-04  fps   9301   223.0s
it 8058/11200  reward     nan  ep_len    nan  fell    0  err_xy 0.113  std 0.300  lr 1.0e-04  fps   9275   223.3s
it 8059/11200  reward     nan  ep_len    nan  fell    0  err_xy 0.117  std 0.300  lr 1.0e-04  fps   9357   223.5s
it 8060/11200  reward     nan  ep_len    nan  fell    0  err_xy 0.101  std 0.300  lr 1.0e-04  fps   9183   223.8s
it 8061/11200  reward     nan  ep_len    nan  fell    0  err_xy 0.104  std 0.300  lr 1.0e-04  fps   8997   224.0s
it 8062/11200  reward     nan  ep_len    nan  fell    0  err_xy 0.104  std 0.300  lr 1.0e-04  fps   9344   224.3s
it 8063/11200  reward     nan  ep_len    nan  fell    0  err_xy 0.105  std 0.300  lr 1.0e-04  fps   9467   224.5s
it 8064/11200  reward     nan  ep_len    nan  fell    0  err_xy 0.093  std 0.300  lr 1.0e-04  fps   9500   224.7s
it 8065/11200  reward     nan  ep_len    nan  fell    0  err_xy 0.097  std 0.300  lr 1.0e-04  fps   9489   225.0s
it 8066/11200  reward     nan  ep_len    nan  fell    0  err_xy 0.107  std 0.300  lr 1.0e-04  fps   9492   225.2s
it 8067/11200  reward   58.77  ep_len  400.0  fell    0  err_xy 0.143  std 0.300  lr 1.0e-04  fps   7356   225.5s
it 8068/11200  reward     nan  ep_len    nan  fell    0  err_xy 0.300  std 0.300  lr 1.0e-04  fps   9739   225.8s
it 8069/11200  reward     nan  ep_len    nan  fell    0  err_xy 0.322  std 0.300  lr 1.0e-04  fps   9833   226.0s
it 8070/11200  reward     nan  ep_len    nan  fell    0  err_xy 0.240  std 0.300  lr 1.0e-04  fps   9830   226.2s
it 8071/11200  reward     nan  ep_len    nan  fell    0  err_xy 0.219  std 0.300  lr 1.0e-04  fps   9834   226.5s
it 8072/11200  reward     nan  ep_len    nan  fell    0  err_xy 0.196  std 0.300  lr 1.0e-04  fps   9470   226.7s
it 8073/11200  reward     nan  ep_len    nan  fell    0  err_xy 0.159  std 0.300  lr 1.0e-04  fps   9326   227.0s
it 8074/11200  reward     nan  ep_len    nan  fell    0  err_xy 0.099  std 0.300  lr 1.0e-04  fps   9125   227.2s
it 8075/11200  reward     nan  ep_len    nan  fell    0  err_xy 0.089  std 0.300  lr 1.0e-04  fps   9302   227.5s
it 8076/11200  reward     nan  ep_len    nan  fell    0  err_xy 0.069  std 0.300  lr 1.0e-04  fps   9321   227.7s
it 8077/11200  reward     nan  ep_len    nan  fell    0  err_xy 0.052  std 0.300  lr 1.0e-04  fps   9383   228.0s
it 8078/11200  reward     nan  ep_len    nan  fell    0  err_xy 0.038  std 0.300  lr 1.0e-04  fps   9211   228.2s
it 8079/11200  reward     nan  ep_len    nan  fell    0  err_xy 0.029  std 0.300  lr 1.0e-04  fps   9226   228.5s
it 8080/11200  reward     nan  ep_len    nan  fell    0  err_xy 0.022  std 0.300  lr 1.0e-04  fps   8977   228.7s
it 8081/11200  reward     nan  ep_len    nan  fell    0  err_xy 0.016  std 0.300  lr 1.0e-04  fps   9077   229.0s
it 8082/11200  reward     nan  ep_len    nan  fell    0  err_xy 0.017  std 0.300  lr 1.0e-04  fps   9244   229.2s
it 8083/11200  reward     nan  ep_len    nan  fell    0  err_xy 0.023  std 0.300  lr 1.0e-04  fps   9171   229.5s
it 8084/11200  reward   77.57  ep_len  400.0  fell    0  err_xy 0.210  std 0.300  lr 1.0e-04  fps   7467   229.8s
it 8085/11200  reward     nan  ep_len    nan  fell    0  err_xy 0.307  std 0.300  lr 1.0e-04  fps   9860   230.0s
it 8086/11200  reward     nan  ep_len    nan  fell    0  err_xy 0.311  std 0.300  lr 1.0e-04  fps   9850   230.3s
it 8087/11200  reward     nan  ep_len    nan  fell    0  err_xy 0.221  std 0.300  lr 1.0e-04  fps   9744   230.5s
it 8088/11200  reward     nan  ep_len    nan  fell    0  err_xy 0.230  std 0.300  lr 1.0e-04  fps   8761   230.8s
it 8089/11200  reward     nan  ep_len    nan  fell    0  err_xy 0.202  std 0.300  lr 1.0e-04  fps   9312   231.0s
it 8090/11200  reward     nan  ep_len    nan  fell    0  err_xy 0.189  std 0.300  lr 1.0e-04  fps   9360   231.3s
it 8091/11200  reward     nan  ep_len    nan  fell    0  err_xy 0.139  std 0.300  lr 1.0e-04  fps   9330   231.5s
it 8092/11200  reward     nan  ep_len    nan  fell    0  err_xy 0.106  std 0.300  lr 1.0e-04  fps   9405   231.7s
it 8093/11200  reward     nan  ep_len    nan  fell    0  err_xy 0.104  std 0.300  lr 1.0e-04  fps   9321   232.0s
it 8094/11200  reward     nan  ep_len    nan  fell    0  err_xy 0.100  std 0.300  lr 1.0e-04  fps   9379   232.2s
it 8095/11200  reward     nan  ep_len    nan  fell    0  err_xy 0.091  std 0.300  lr 1.0e-04  fps   9035   232.5s
it 8096/11200  reward     nan  ep_len    nan  fell    0  err_xy 0.091  std 0.300  lr 1.0e-04  fps   9258   232.7s
it 8097/11200  reward     nan  ep_len    nan  fell    0  err_xy 0.075  std 0.300  lr 1.0e-04  fps   9007   233.0s
it 8098/11200  reward     nan  ep_len    nan  fell    0  err_xy 0.070  std 0.300  lr 1.0e-04  fps   8741   233.3s
it 8099/11200  reward     nan  ep_len    nan  fell    0  err_xy 0.071  std 0.300  lr 1.0e-04  fps   8968   233.5s
it 8100/11200  reward   65.57  ep_len  400.0  fell    0  err_xy 0.063  std 0.300  lr 1.0e-04  fps   7143   233.8s
it 8101/11200  reward     nan  ep_len    nan  fell    0  err_xy 0.343  std 0.300  lr 1.0e-04  fps   9721   234.1s
it 8102/11200  reward     nan  ep_len    nan  fell    0  err_xy 0.307  std 0.300  lr 1.0e-04  fps   9994   234.3s
it 8103/11200  reward     nan  ep_len    nan  fell    0  err_xy 0.261  std 0.300  lr 1.0e-04  fps   9792   234.5s
it 8104/11200  reward     nan  ep_len    nan  fell    0  err_xy 0.224  std 0.300  lr 1.0e-04  fps   9813   234.8s
it 8105/11200  reward     nan  ep_len    nan  fell    0  err_xy 0.209  std 0.300  lr 1.0e-04  fps   9570   235.0s
it 8106/11200  reward     nan  ep_len    nan  fell    0  err_xy 0.181  std 0.300  lr 1.0e-04  fps   9330   235.3s
it 8107/11200  reward     nan  ep_len    nan  fell    0  err_xy 0.136  std 0.300  lr 1.0e-04  fps   9057   235.5s
it 8108/11200  reward     nan  ep_len    nan  fell    0  err_xy 0.103  std 0.300  lr 1.0e-04  fps   9227   235.8s
it 8109/11200  reward     nan  ep_len    nan  fell    0  err_xy 0.082  std 0.300  lr 1.0e-04  fps   9184   236.0s
it 8110/11200  reward     nan  ep_len    nan  fell    0  err_xy 0.056  std 0.300  lr 1.0e-04  fps   9110   236.3s
it 8111/11200  reward     nan  ep_len    nan  fell    0  err_xy 0.046  std 0.300  lr 1.0e-04  fps   9031   236.5s
it 8112/11200  reward     nan  ep_len    nan  fell    0  err_xy 0.038  std 0.300  lr 1.0e-04  fps   9114   236.8s
it 8113/11200  reward     nan  ep_len    nan  fell    0  err_xy 0.035  std 0.300  lr 1.0e-04  fps   9168   237.0s
it 8114/11200  reward     nan  ep_len    nan  fell    0  err_xy 0.032  std 0.300  lr 1.0e-04  fps   9170   237.3s
it 8115/11200  reward     nan  ep_len    nan  fell    0  err_xy 0.032  std 0.300  lr 1.0e-04  fps   9155   237.5s
it 8116/11200  reward     nan  ep_len    nan  fell    0  err_xy 0.026  std 0.300  lr 1.0e-04  fps   9113   237.8s
it 8117/11200  reward   72.86  ep_len  400.0  fell    0  err_xy 0.116  std 0.300  lr 1.0e-04  fps   7189   238.1s
it 8118/11200  reward     nan  ep_len    nan  fell    0  err_xy 0.311  std 0.300  lr 1.0e-04  fps   9835   238.4s
it 8119/11200  reward     nan  ep_len    nan  fell    0  err_xy 0.295  std 0.300  lr 1.0e-04  fps   9336   238.6s
it 8120/11200  reward     nan  ep_len    nan  fell    0  err_xy 0.204  std 0.300  lr 1.0e-04  fps   9726   238.8s
it 8121/11200  reward     nan  ep_len    nan  fell    0  err_xy 0.205  std 0.300  lr 1.0e-04  fps   9675   239.1s
it 8122/11200  reward     nan  ep_len    nan  fell    0  err_xy 0.188  std 0.300  lr 1.0e-04  fps   8447   239.3s
it 8123/11200  reward     nan  ep_len    nan  fell    0  err_xy 0.151  std 0.300  lr 1.0e-04  fps   8438   239.6s
it 8124/11200  reward     nan  ep_len    nan  fell    0  err_xy 0.110  std 0.300  lr 1.0e-04  fps   8105   239.9s
it 8125/11200  reward     nan  ep_len    nan  fell    0  err_xy 0.101  std 0.300  lr 1.0e-04  fps   8970   240.2s
it 8126/11200  reward     nan  ep_len    nan  fell    0  err_xy 0.083  std 0.300  lr 1.0e-04  fps   9034   240.4s
it 8127/11200  reward     nan  ep_len    nan  fell    0  err_xy 0.081  std 0.300  lr 1.0e-04  fps   9184   240.7s
it 8128/11200  reward     nan  ep_len    nan  fell    0  err_xy 0.080  std 0.300  lr 1.0e-04  fps   9218   240.9s
it 8129/11200  reward     nan  ep_len    nan  fell    0  err_xy 0.070  std 0.300  lr 1.0e-04  fps   9167   241.2s
it 8130/11200  reward     nan  ep_len    nan  fell    0  err_xy 0.056  std 0.300  lr 1.0e-04  fps   9095   241.4s
it 8131/11200  reward     nan  ep_len    nan  fell    0  err_xy 0.054  std 0.300  lr 1.0e-04  fps   9136   241.7s
it 8132/11200  reward     nan  ep_len    nan  fell    0  err_xy 0.044  std 0.300  lr 1.0e-04  fps   9134   241.9s
it 8133/11200  reward     nan  ep_len    nan  fell    0  err_xy 0.043  std 0.300  lr 1.0e-04  fps   9144   242.2s
it 8134/11200  reward   71.04  ep_len  400.0  fell    0  err_xy 0.221  std 0.300  lr 1.0e-04  fps   7273   242.5s
it 8135/11200  reward     nan  ep_len    nan  fell    0  err_xy 0.293  std 0.300  lr 1.0e-04  fps   9814   242.7s
it 8136/11200  reward     nan  ep_len    nan  fell    0  err_xy 0.280  std 0.300  lr 1.0e-04  fps   9641   243.0s
it 8137/11200  reward     nan  ep_len    nan  fell    0  err_xy 0.215  std 0.300  lr 1.0e-04  fps   9824   243.2s
it 8138/11200  reward     nan  ep_len    nan  fell    0  err_xy 0.222  std 0.300  lr 1.0e-04  fps   9381   243.5s
it 8139/11200  reward     nan  ep_len    nan  fell    0  err_xy 0.203  std 0.300  lr 1.0e-04  fps   9434   243.7s
it 8140/11200  reward     nan  ep_len    nan  fell    0  err_xy 0.161  std 0.300  lr 1.0e-04  fps   9166   243.9s
it 8141/11200  reward     nan  ep_len    nan  fell    0  err_xy 0.149  std 0.300  lr 1.0e-04  fps   9186   244.2s
it 8142/11200  reward     nan  ep_len    nan  fell    0  err_xy 0.123  std 0.300  lr 1.0e-04  fps   9166   244.5s
it 8143/11200  reward     nan  ep_len    nan  fell    0  err_xy 0.115  std 0.300  lr 1.0e-04  fps   8835   244.7s
it 8144/11200  reward     nan  ep_len    nan  fell    0  err_xy 0.096  std 0.300  lr 1.0e-04  fps   8881   245.0s
it 8145/11200  reward     nan  ep_len    nan  fell    0  err_xy 0.085  std 0.300  lr 1.0e-04  fps   9087   245.2s
it 8146/11200  reward     nan  ep_len    nan  fell    0  err_xy 0.078  std 0.300  lr 1.0e-04  fps   9197   245.5s
it 8147/11200  reward     nan  ep_len    nan  fell    0  err_xy 0.075  std 0.300  lr 1.0e-04  fps   9052   245.7s
it 8148/11200  reward     nan  ep_len    nan  fell    0  err_xy 0.063  std 0.300  lr 1.0e-04  fps   9008   246.0s
it 8149/11200  reward     nan  ep_len    nan  fell    0  err_xy 0.051  std 0.300  lr 1.0e-04  fps   8976   246.2s
it 8150/11200  reward   60.27  ep_len  400.0  fell    0  err_xy 0.046  std 0.300  lr 1.0e-04  fps   7109   246.6s
it 8151/11200  reward     nan  ep_len    nan  fell    0  err_xy 0.296  std 0.300  lr 1.0e-04  fps   9774   246.8s
it 8152/11200  reward     nan  ep_len    nan  fell    0  err_xy 0.292  std 0.300  lr 1.0e-04  fps   9889   247.0s
it 8153/11200  reward     nan  ep_len    nan  fell    0  err_xy 0.258  std 0.300  lr 1.0e-04  fps   9783   247.3s
it 8154/11200  reward     nan  ep_len    nan  fell    0  err_xy 0.203  std 0.300  lr 1.0e-04  fps   9819   247.5s
it 8155/11200  reward     nan  ep_len    nan  fell    0  err_xy 0.192  std 0.300  lr 1.0e-04  fps   9510   247.8s
it 8156/11200  reward     nan  ep_len    nan  fell    0  err_xy 0.148  std 0.300  lr 1.0e-04  fps   9224   248.0s
it 8157/11200  reward     nan  ep_len    nan  fell    0  err_xy 0.116  std 0.300  lr 1.0e-04  fps   9138   248.3s
it 8158/11200  reward     nan  ep_len    nan  fell    0  err_xy 0.092  std 0.300  lr 1.0e-04  fps   9115   248.5s
it 8159/11200  reward     nan  ep_len    nan  fell    0  err_xy 0.067  std 0.300  lr 1.0e-04  fps   9100   248.8s
it 8160/11200  reward     nan  ep_len    nan  fell    0  err_xy 0.054  std 0.300  lr 1.0e-04  fps   8991   249.0s
it 8161/11200  reward     nan  ep_len    nan  fell    0  err_xy 0.043  std 0.300  lr 1.0e-04  fps   9050   249.3s
it 8162/11200  reward     nan  ep_len    nan  fell    0  err_xy 0.047  std 0.300  lr 1.0e-04  fps   8948   249.5s
it 8163/11200  reward     nan  ep_len    nan  fell    0  err_xy 0.042  std 0.300  lr 1.0e-04  fps   8967   249.8s
it 8164/11200  reward     nan  ep_len    nan  fell    0  err_xy 0.030  std 0.300  lr 1.0e-04  fps   8905   250.0s
it 8165/11200  reward     nan  ep_len    nan  fell    0  err_xy 0.028  std 0.300  lr 1.0e-04  fps   8986   250.3s
it 8166/11200  reward     nan  ep_len    nan  fell    0  err_xy 0.029  std 0.300  lr 1.0e-04  fps   9031   250.6s
it 8167/11200  reward   68.40  ep_len  400.0  fell    0  err_xy 0.109  std 0.300  lr 1.0e-04  fps   7250   250.9s
it 8168/11200  reward     nan  ep_len    nan  fell    0  err_xy 0.294  std 0.300  lr 1.0e-04  fps   9688   251.1s
it 8169/11200  reward     nan  ep_len    nan  fell    0  err_xy 0.280  std 0.300  lr 1.0e-04  fps   8065   251.4s
it 8170/11200  reward     nan  ep_len    nan  fell    0  err_xy 0.211  std 0.300  lr 1.0e-04  fps   9374   251.6s
it 8171/11200  reward     nan  ep_len    nan  fell    0  err_xy 0.196  std 0.300  lr 1.0e-04  fps   9531   251.9s
it 8172/11200  reward     nan  ep_len    nan  fell    0  err_xy 0.189  std 0.300  lr 1.0e-04  fps   9257   252.1s
it 8173/11200  reward     nan  ep_len    nan  fell    0  err_xy 0.142  std 0.300  lr 1.0e-04  fps   9218   252.4s
it 8174/11200  reward     nan  ep_len    nan  fell    0  err_xy 0.107  std 0.300  lr 1.0e-04  fps   7467   252.7s
it 8175/11200  reward     nan  ep_len    nan  fell    0  err_xy 0.079  std 0.300  lr 1.0e-04  fps   8186   253.0s
it 8176/11200  reward     nan  ep_len    nan  fell    0  err_xy 0.061  std 0.300  lr 1.0e-04  fps   7620   253.3s
it 8177/11200  reward     nan  ep_len    nan  fell    0  err_xy 0.049  std 0.300  lr 1.0e-04  fps   8826   253.5s
it 8178/11200  reward     nan  ep_len    nan  fell    0  err_xy 0.039  std 0.300  lr 1.0e-04  fps   9028   253.8s
it 8179/11200  reward     nan  ep_len    nan  fell    0  err_xy 0.030  std 0.300  lr 1.0e-04  fps   9059   254.1s
it 8180/11200  reward     nan  ep_len    nan  fell    0  err_xy 0.027  std 0.300  lr 1.0e-04  fps   9009   254.3s
it 8181/11200  reward     nan  ep_len    nan  fell    0  err_xy 0.023  std 0.300  lr 1.0e-04  fps   8997   254.6s
it 8182/11200  reward     nan  ep_len    nan  fell    0  err_xy 0.022  std 0.300  lr 1.0e-04  fps   9019   254.8s
it 8183/11200  reward     nan  ep_len    nan  fell    0  err_xy 0.018  std 0.300  lr 1.0e-04  fps   8990   255.1s
it 8184/11200  reward   75.19  ep_len  400.0  fell    0  err_xy 0.220  std 0.300  lr 1.0e-04  fps   7323   255.4s
it 8185/11200  reward     nan  ep_len    nan  fell    0  err_xy 0.277  std 0.300  lr 1.0e-04  fps   9843   255.6s
it 8186/11200  reward     nan  ep_len    nan  fell    0  err_xy 0.267  std 0.300  lr 1.0e-04  fps   9860   255.9s
it 8187/11200  reward     nan  ep_len    nan  fell    0  err_xy 0.218  std 0.300  lr 1.0e-04  fps   9844   256.1s
it 8188/11200  reward     nan  ep_len    nan  fell    0  err_xy 0.221  std 0.300  lr 1.0e-04  fps   9713   256.3s
it 8189/11200  reward     nan  ep_len    nan  fell    0  err_xy 0.184  std 0.300  lr 1.0e-04  fps   9343   256.6s
it 8190/11200  reward     nan  ep_len    nan  fell    0  err_xy 0.138  std 0.300  lr 1.0e-04  fps   9196   256.8s
it 8191/11200  reward     nan  ep_len    nan  fell    0  err_xy 0.106  std 0.300  lr 1.0e-04  fps   9120   257.1s
it 8192/11200  reward     nan  ep_len    nan  fell    0  err_xy 0.087  std 0.300  lr 1.0e-04  fps   9079   257.3s
it 8193/11200  reward     nan  ep_len    nan  fell    0  err_xy 0.066  std 0.300  lr 1.0e-04  fps   8993   257.6s
it 8194/11200  reward     nan  ep_len    nan  fell    0  err_xy 0.057  std 0.300  lr 1.0e-04  fps   9185   257.8s
it 8195/11200  reward     nan  ep_len    nan  fell    0  err_xy 0.046  std 0.300  lr 1.0e-04  fps   9129   258.1s
it 8196/11200  reward     nan  ep_len    nan  fell    0  err_xy 0.037  std 0.300  lr 1.0e-04  fps   9154   258.4s
it 8197/11200  reward     nan  ep_len    nan  fell    0  err_xy 0.040  std 0.300  lr 1.0e-04  fps   9105   258.6s
it 8198/11200  reward     nan  ep_len    nan  fell    0  err_xy 0.032  std 0.300  lr 1.0e-04  fps   9154   258.9s
it 8199/11200  reward     nan  ep_len    nan  fell    0  err_xy 0.031  std 0.300  lr 1.0e-04  fps   9107   259.1s
it 8200/11200  reward   70.97  ep_len  400.0  fell    0  err_xy 0.023  std 0.300  lr 1.0e-04  fps   7140   259.4s
eval iteration 8200:
  prone          success   0.0%  time 8.00s  peak_τ 0.96 Nm  return 86.52
  supine         success   0.0%  time 8.00s  peak_τ 0.95 Nm  return 73.80
  score 0.000
it 8201/11200  reward     nan  ep_len    nan  fell    0  err_xy 0.332  std 0.300  lr 1.0e-04  fps   9648   261.7s
it 8202/11200  reward     nan  ep_len    nan  fell    0  err_xy 0.303  std 0.300  lr 1.0e-04  fps  10110   261.9s
it 8203/11200  reward     nan  ep_len    nan  fell    0  err_xy 0.300  std 0.300  lr 1.0e-04  fps   9834   262.1s
it 8204/11200  reward     nan  ep_len    nan  fell    0  err_xy 0.206  std 0.300  lr 1.0e-04  fps   9830   262.4s
it 8205/11200  reward     nan  ep_len    nan  fell    0  err_xy 0.192  std 0.300  lr 1.0e-04  fps   9697   262.6s
it 8206/11200  reward     nan  ep_len    nan  fell    0  err_xy 0.171  std 0.300  lr 1.0e-04  fps   9050   262.9s
it 8207/11200  reward     nan  ep_len    nan  fell    0  err_xy 0.149  std 0.300  lr 1.0e-04  fps   9077   263.1s
it 8208/11200  reward     nan  ep_len    nan  fell    0  err_xy 0.117  std 0.300  lr 1.0e-04  fps   9194   263.4s
it 8209/11200  reward     nan  ep_len    nan  fell    0  err_xy 0.090  std 0.300  lr 1.0e-04  fps   9178   263.6s
it 8210/11200  reward     nan  ep_len    nan  fell    0  err_xy 0.071  std 0.300  lr 1.0e-04  fps   9251   263.9s
it 8211/11200  reward     nan  ep_len    nan  fell    0  err_xy 0.055  std 0.300  lr 1.0e-04  fps   9135   264.1s
it 8212/11200  reward     nan  ep_len    nan  fell    0  err_xy 0.043  std 0.300  lr 1.0e-04  fps   9104   264.4s
it 8213/11200  reward     nan  ep_len    nan  fell    0  err_xy 0.028  std 0.300  lr 1.0e-04  fps   9042   264.6s
it 8214/11200  reward     nan  ep_len    nan  fell    0  err_xy 0.027  std 0.300  lr 1.0e-04  fps   8164   264.9s
it 8215/11200  reward     nan  ep_len    nan  fell    0  err_xy 0.025  std 0.300  lr 1.0e-04  fps   8900   265.2s
it 8216/11200  reward     nan  ep_len    nan  fell    0  err_xy 0.024  std 0.300  lr 1.0e-04  fps   8802   265.4s
it 8217/11200  reward   70.58  ep_len  400.0  fell    0  err_xy 0.099  std 0.300  lr 1.0e-04  fps   7139   265.8s
it 8218/11200  reward     nan  ep_len    nan  fell    0  err_xy 0.301  std 0.300  lr 1.0e-04  fps   8796   266.0s
it 8219/11200  reward     nan  ep_len    nan  fell    0  err_xy 0.297  std 0.300  lr 1.0e-04  fps   9780   266.3s
it 8220/11200  reward     nan  ep_len    nan  fell    0  err_xy 0.220  std 0.300  lr 1.0e-04  fps   9877   266.5s
it 8221/11200  reward     nan  ep_len    nan  fell    0  err_xy 0.189  std 0.300  lr 1.0e-04  fps   9763   266.7s
it 8222/11200  reward     nan  ep_len    nan  fell    0  err_xy 0.193  std 0.300  lr 1.0e-04  fps   9498   267.0s
it 8223/11200  reward     nan  ep_len    nan  fell    0  err_xy 0.190  std 0.300  lr 1.0e-04  fps   9225   267.2s
it 8224/11200  reward     nan  ep_len    nan  fell    0  err_xy 0.136  std 0.300  lr 1.0e-04  fps   9044   267.5s
it 8225/11200  reward     nan  ep_len    nan  fell    0  err_xy 0.097  std 0.300  lr 1.0e-04  fps   8587   267.8s
it 8226/11200  reward     nan  ep_len    nan  fell    0  err_xy 0.075  std 0.300  lr 1.0e-04  fps   8555   268.0s
it 8227/11200  reward     nan  ep_len    nan  fell    0  err_xy 0.066  std 0.300  lr 1.0e-04  fps   9037   268.3s
it 8228/11200  reward     nan  ep_len    nan  fell    0  err_xy 0.049  std 0.300  lr 1.0e-04  fps   9132   268.5s
it 8229/11200  reward     nan  ep_len    nan  fell    0  err_xy 0.041  std 0.300  lr 1.0e-04  fps   9094   268.8s
it 8230/11200  reward     nan  ep_len    nan  fell    0  err_xy 0.034  std 0.300  lr 1.0e-04  fps   9204   269.0s
it 8231/11200  reward     nan  ep_len    nan  fell    0  err_xy 0.032  std 0.300  lr 1.0e-04  fps   9232   269.3s
it 8232/11200  reward     nan  ep_len    nan  fell    0  err_xy 0.029  std 0.300  lr 1.0e-04  fps   9250   269.5s
it 8233/11200  reward     nan  ep_len    nan  fell    0  err_xy 0.027  std 0.300  lr 1.0e-04  fps   9198   269.8s
it 8234/11200  reward   71.46  ep_len  400.0  fell    0  err_xy 0.226  std 0.300  lr 1.0e-04  fps   7195   270.1s
it 8235/11200  reward     nan  ep_len    nan  fell    0  err_xy 0.288  std 0.300  lr 1.0e-04  fps   9850   270.3s
it 8236/11200  reward     nan  ep_len    nan  fell    0  err_xy 0.282  std 0.300  lr 1.0e-04  fps   9916   270.6s
it 8237/11200  reward     nan  ep_len    nan  fell    0  err_xy 0.213  std 0.300  lr 1.0e-04  fps   9839   270.8s
it 8238/11200  reward     nan  ep_len    nan  fell    0  err_xy 0.188  std 0.300  lr 1.0e-04  fps   9693   271.0s
it 8239/11200  reward     nan  ep_len    nan  fell    0  err_xy 0.176  std 0.300  lr 1.0e-04  fps   9558   271.3s
it 8240/11200  reward     nan  ep_len    nan  fell    0  err_xy 0.148  std 0.300  lr 1.0e-04  fps   9313   271.5s
it 8241/11200  reward     nan  ep_len    nan  fell    0  err_xy 0.112  std 0.300  lr 1.0e-04  fps   9102   271.8s
it 8242/11200  reward     nan  ep_len    nan  fell    0  err_xy 0.078  std 0.300  lr 1.0e-04  fps   9138   272.0s
it 8243/11200  reward     nan  ep_len    nan  fell    0  err_xy 0.071  std 0.300  lr 1.0e-04  fps   9219   272.3s
it 8244/11200  reward     nan  ep_len    nan  fell    0  err_xy 0.062  std 0.300  lr 1.0e-04  fps   9125   272.5s
it 8245/11200  reward     nan  ep_len    nan  fell    0  err_xy 0.049  std 0.300  lr 1.0e-04  fps   9134   272.8s
it 8246/11200  reward     nan  ep_len    nan  fell    0  err_xy 0.041  std 0.300  lr 1.0e-04  fps   9193   273.0s
it 8247/11200  reward     nan  ep_len    nan  fell    0  err_xy 0.042  std 0.300  lr 1.0e-04  fps   8858   273.3s
it 8248/11200  reward     nan  ep_len    nan  fell    0  err_xy 0.029  std 0.300  lr 1.0e-04  fps   8461   273.6s
it 8249/11200  reward     nan  ep_len    nan  fell    0  err_xy 0.030  std 0.300  lr 1.0e-04  fps   8969   273.8s
it 8250/11200  reward   70.38  ep_len  400.0  fell    0  err_xy 0.022  std 0.300  lr 1.0e-04  fps   7042   274.2s
it 8251/11200  reward     nan  ep_len    nan  fell    0  err_xy 0.298  std 0.300  lr 1.0e-04  fps   6912   274.5s
it 8252/11200  reward     nan  ep_len    nan  fell    0  err_xy 0.304  std 0.300  lr 1.0e-04  fps   9632   274.7s
it 8253/11200  reward     nan  ep_len    nan  fell    0  err_xy 0.260  std 0.300  lr 1.0e-04  fps   9884   275.0s
it 8254/11200  reward     nan  ep_len    nan  fell    0  err_xy 0.202  std 0.300  lr 1.0e-04  fps   9713   275.2s
it 8255/11200  reward     nan  ep_len    nan  fell    0  err_xy 0.196  std 0.300  lr 1.0e-04  fps   9653   275.4s
it 8256/11200  reward     nan  ep_len    nan  fell    0  err_xy 0.179  std 0.300  lr 1.0e-04  fps   9378   275.7s
it 8257/11200  reward     nan  ep_len    nan  fell    0  err_xy 0.154  std 0.300  lr 1.0e-04  fps   8192   276.0s
it 8258/11200  reward     nan  ep_len    nan  fell    0  err_xy 0.115  std 0.300  lr 1.0e-04  fps   9086   276.2s
it 8259/11200  reward     nan  ep_len    nan  fell    0  err_xy 0.096  std 0.300  lr 1.0e-04  fps   9232   276.5s
it 8260/11200  reward     nan  ep_len    nan  fell    0  err_xy 0.073  std 0.300  lr 1.0e-04  fps   8471   276.7s
it 8261/11200  reward     nan  ep_len    nan  fell    0  err_xy 0.063  std 0.300  lr 1.0e-04  fps   9076   277.0s
it 8262/11200  reward     nan  ep_len    nan  fell    0  err_xy 0.055  std 0.300  lr 1.0e-04  fps   9125   277.3s
it 8263/11200  reward     nan  ep_len    nan  fell    0  err_xy 0.034  std 0.300  lr 1.0e-04  fps   8361   277.5s
it 8264/11200  reward     nan  ep_len    nan  fell    0  err_xy 0.037  std 0.300  lr 1.0e-04  fps   8813   277.8s
it 8265/11200  reward     nan  ep_len    nan  fell    0  err_xy 0.030  std 0.300  lr 1.0e-04  fps   8997   278.1s
it 8266/11200  reward     nan  ep_len    nan  fell    0  err_xy 0.029  std 0.300  lr 1.0e-04  fps   9029   278.3s
it 8267/11200  reward   71.89  ep_len  400.0  fell    0  err_xy 0.109  std 0.300  lr 1.0e-04  fps   6615   278.7s
it 8268/11200  reward     nan  ep_len    nan  fell    0  err_xy 0.312  std 0.300  lr 1.0e-04  fps   9884   278.9s
it 8269/11200  reward     nan  ep_len    nan  fell    0  err_xy 0.321  std 0.300  lr 1.0e-04  fps   9940   279.1s
it 8270/11200  reward     nan  ep_len    nan  fell    0  err_xy 0.243  std 0.300  lr 1.0e-04  fps   9786   279.4s
it 8271/11200  reward     nan  ep_len    nan  fell    0  err_xy 0.206  std 0.300  lr 1.0e-04  fps   9829   279.6s
it 8272/11200  reward     nan  ep_len    nan  fell    0  err_xy 0.185  std 0.300  lr 1.0e-04  fps   9609   279.8s
it 8273/11200  reward     nan  ep_len    nan  fell    0  err_xy 0.148  std 0.300  lr 1.0e-04  fps   9249   280.1s
it 8274/11200  reward     nan  ep_len    nan  fell    0  err_xy 0.118  std 0.300  lr 1.0e-04  fps   9179   280.3s
it 8275/11200  reward     nan  ep_len    nan  fell    0  err_xy 0.072  std 0.300  lr 1.0e-04  fps   9163   280.6s
it 8276/11200  reward     nan  ep_len    nan  fell    0  err_xy 0.060  std 0.300  lr 1.0e-04  fps   9091   280.8s
it 8277/11200  reward     nan  ep_len    nan  fell    0  err_xy 0.048  std 0.300  lr 1.0e-04  fps   9055   281.1s
it 8278/11200  reward     nan  ep_len    nan  fell    0  err_xy 0.035  std 0.300  lr 1.0e-04  fps   9071   281.3s
it 8279/11200  reward     nan  ep_len    nan  fell    0  err_xy 0.035  std 0.300  lr 1.0e-04  fps   9046   281.6s
it 8280/11200  reward     nan  ep_len    nan  fell    0  err_xy 0.033  std 0.300  lr 1.0e-04  fps   9023   281.9s
it 8281/11200  reward     nan  ep_len    nan  fell    0  err_xy 0.028  std 0.300  lr 1.0e-04  fps   9108   282.1s
it 8282/11200  reward     nan  ep_len    nan  fell    0  err_xy 0.025  std 0.300  lr 1.0e-04  fps   9123   282.4s
it 8283/11200  reward     nan  ep_len    nan  fell    0  err_xy 0.023  std 0.300  lr 1.0e-04  fps   9059   282.6s
it 8284/11200  reward   76.24  ep_len  400.0  fell    0  err_xy 0.213  std 0.300  lr 1.0e-04  fps   7480   282.9s
it 8285/11200  reward     nan  ep_len    nan  fell    0  err_xy 0.285  std 0.300  lr 1.0e-04  fps   9921   283.2s
it 8286/11200  reward     nan  ep_len    nan  fell    0  err_xy 0.255  std 0.300  lr 1.0e-04  fps   9968   283.4s
it 8287/11200  reward     nan  ep_len    nan  fell    0  err_xy 0.202  std 0.300  lr 1.0e-04  fps   9859   283.6s
it 8288/11200  reward     nan  ep_len    nan  fell    0  err_xy 0.212  std 0.300  lr 1.0e-04  fps   9634   283.9s
it 8289/11200  reward     nan  ep_len    nan  fell    0  err_xy 0.206  std 0.300  lr 1.0e-04  fps   9548   284.1s
it 8290/11200  reward     nan  ep_len    nan  fell    0  err_xy 0.212  std 0.300  lr 1.0e-04  fps   9364   284.4s
it 8291/11200  reward     nan  ep_len    nan  fell    0  err_xy 0.140  std 0.300  lr 1.0e-04  fps   8839   284.6s
it 8292/11200  reward     nan  ep_len    nan  fell    0  err_xy 0.137  std 0.300  lr 1.0e-04  fps   8751   284.9s
it 8293/11200  reward     nan  ep_len    nan  fell    0  err_xy 0.109  std 0.300  lr 1.0e-04  fps   8955   285.1s
it 8294/11200  reward     nan  ep_len    nan  fell    0  err_xy 0.080  std 0.300  lr 1.0e-04  fps   8588   285.4s
it 8295/11200  reward     nan  ep_len    nan  fell    0  err_xy 0.084  std 0.300  lr 1.0e-04  fps   9116   285.7s
it 8296/11200  reward     nan  ep_len    nan  fell    0  err_xy 0.076  std 0.300  lr 1.0e-04  fps   9177   285.9s
it 8297/11200  reward     nan  ep_len    nan  fell    0  err_xy 0.049  std 0.300  lr 1.0e-04  fps   9163   286.2s
it 8298/11200  reward     nan  ep_len    nan  fell    0  err_xy 0.035  std 0.300  lr 1.0e-04  fps   9082   286.4s
it 8299/11200  reward     nan  ep_len    nan  fell    0  err_xy 0.040  std 0.300  lr 1.0e-04  fps   8995   286.7s
it 8300/11200  reward   68.35  ep_len  400.0  fell    0  err_xy 0.039  std 0.300  lr 1.0e-04  fps   7237   287.0s
it 8301/11200  reward     nan  ep_len    nan  fell    0  err_xy 0.327  std 0.300  lr 1.0e-04  fps   9708   287.2s
it 8302/11200  reward     nan  ep_len    nan  fell    0  err_xy 0.317  std 0.300  lr 1.0e-04  fps   9934   287.5s
it 8303/11200  reward     nan  ep_len    nan  fell    0  err_xy 0.256  std 0.300  lr 1.0e-04  fps   9773   287.7s
it 8304/11200  reward     nan  ep_len    nan  fell    0  err_xy 0.207  std 0.300  lr 1.0e-04  fps   9896   287.9s
it 8305/11200  reward     nan  ep_len    nan  fell    0  err_xy 0.211  std 0.300  lr 1.0e-04  fps   9647   288.2s
it 8306/11200  reward     nan  ep_len    nan  fell    0  err_xy 0.156  std 0.300  lr 1.0e-04  fps   9207   288.4s
it 8307/11200  reward     nan  ep_len    nan  fell    0  err_xy 0.121  std 0.300  lr 1.0e-04  fps   9161   288.7s
it 8308/11200  reward     nan  ep_len    nan  fell    0  err_xy 0.101  std 0.300  lr 1.0e-04  fps   8853   288.9s
it 8309/11200  reward     nan  ep_len    nan  fell    0  err_xy 0.065  std 0.300  lr 1.0e-04  fps   8987   289.2s
it 8310/11200  reward     nan  ep_len    nan  fell    0  err_xy 0.049  std 0.300  lr 1.0e-04  fps   9053   289.4s
it 8311/11200  reward     nan  ep_len    nan  fell    0  err_xy 0.025  std 0.300  lr 1.0e-04  fps   8997   289.7s
it 8312/11200  reward     nan  ep_len    nan  fell    0  err_xy 0.021  std 0.300  lr 1.0e-04  fps   8938   290.0s
it 8313/11200  reward     nan  ep_len    nan  fell    0  err_xy 0.017  std 0.300  lr 1.0e-04  fps   9073   290.2s
it 8314/11200  reward     nan  ep_len    nan  fell    0  err_xy 0.017  std 0.300  lr 1.0e-04  fps   9083   290.5s
it 8315/11200  reward     nan  ep_len    nan  fell    0  err_xy 0.016  std 0.300  lr 1.0e-04  fps   8918   290.7s
it 8316/11200  reward     nan  ep_len    nan  fell    0  err_xy 0.015  std 0.300  lr 1.0e-04  fps   9102   291.0s
it 8317/11200  reward   79.44  ep_len  400.0  fell    0  err_xy 0.099  std 0.300  lr 1.0e-04  fps   7132   291.3s
it 8318/11200  reward     nan  ep_len    nan  fell    0  err_xy 0.308  std 0.300  lr 1.0e-04  fps   9770   291.5s
it 8319/11200  reward     nan  ep_len    nan  fell    0  err_xy 0.279  std 0.300  lr 1.0e-04  fps   9886   291.8s
it 8320/11200  reward     nan  ep_len    nan  fell    0  err_xy 0.204  std 0.300  lr 1.0e-04  fps   9699   292.0s
it 8321/11200  reward     nan  ep_len    nan  fell    0  err_xy 0.199  std 0.300  lr 1.0e-04  fps   9630   292.2s
it 8322/11200  reward     nan  ep_len    nan  fell    0  err_xy 0.204  std 0.300  lr 1.0e-04  fps   9546   292.5s
it 8323/11200  reward     nan  ep_len    nan  fell    0  err_xy 0.140  std 0.300  lr 1.0e-04  fps   9197   292.7s
it 8324/11200  reward     nan  ep_len    nan  fell    0  err_xy 0.119  std 0.300  lr 1.0e-04  fps   9112   293.0s
it 8325/11200  reward     nan  ep_len    nan  fell    0  err_xy 0.085  std 0.300  lr 1.0e-04  fps   8989   293.2s
it 8326/11200  reward     nan  ep_len    nan  fell    0  err_xy 0.073  std 0.300  lr 1.0e-04  fps   9117   293.5s
it 8327/11200  reward     nan  ep_len    nan  fell    0  err_xy 0.056  std 0.300  lr 1.0e-04  fps   9130   293.8s
it 8328/11200  reward     nan  ep_len    nan  fell    0  err_xy 0.048  std 0.300  lr 1.0e-04  fps   9043   294.0s
it 8329/11200  reward     nan  ep_len    nan  fell    0  err_xy 0.036  std 0.300  lr 1.0e-04  fps   9093   294.3s
it 8330/11200  reward     nan  ep_len    nan  fell    0  err_xy 0.028  std 0.300  lr 1.0e-04  fps   9089   294.5s
it 8331/11200  reward     nan  ep_len    nan  fell    0  err_xy 0.026  std 0.300  lr 1.0e-04  fps   8949   294.8s
it 8332/11200  reward     nan  ep_len    nan  fell    0  err_xy 0.028  std 0.300  lr 1.0e-04  fps   9024   295.0s
it 8333/11200  reward     nan  ep_len    nan  fell    0  err_xy 0.023  std 0.300  lr 1.0e-04  fps   9026   295.3s
it 8334/11200  reward   74.86  ep_len  400.0  fell    0  err_xy 0.220  std 0.300  lr 1.0e-04  fps   7453   295.6s
it 8335/11200  reward     nan  ep_len    nan  fell    0  err_xy 0.300  std 0.300  lr 1.0e-04  fps   9820   295.8s
it 8336/11200  reward     nan  ep_len    nan  fell    0  err_xy 0.256  std 0.300  lr 1.0e-04  fps   9196   296.1s
it 8337/11200  reward     nan  ep_len    nan  fell    0  err_xy 0.191  std 0.300  lr 1.0e-04  fps   9815   296.3s
it 8338/11200  reward     nan  ep_len    nan  fell    0  err_xy 0.189  std 0.300  lr 1.0e-04  fps   9724   296.6s
it 8339/11200  reward     nan  ep_len    nan  fell    0  err_xy 0.181  std 0.300  lr 1.0e-04  fps   9432   296.8s
it 8340/11200  reward     nan  ep_len    nan  fell    0  err_xy 0.147  std 0.300  lr 1.0e-04  fps   9156   297.0s
it 8341/11200  reward     nan  ep_len    nan  fell    0  err_xy 0.116  std 0.300  lr 1.0e-04  fps   9000   297.3s
it 8342/11200  reward     nan  ep_len    nan  fell    0  err_xy 0.086  std 0.300  lr 1.0e-04  fps   9093   297.6s
it 8343/11200  reward     nan  ep_len    nan  fell    0  err_xy 0.071  std 0.300  lr 1.0e-04  fps   9142   297.8s
it 8344/11200  reward     nan  ep_len    nan  fell    0  err_xy 0.063  std 0.300  lr 1.0e-04  fps   9076   298.1s
it 8345/11200  reward     nan  ep_len    nan  fell    0  err_xy 0.053  std 0.300  lr 1.0e-04  fps   9073   298.3s
it 8346/11200  reward     nan  ep_len    nan  fell    0  err_xy 0.047  std 0.300  lr 1.0e-04  fps   9014   298.6s
it 8347/11200  reward     nan  ep_len    nan  fell    0  err_xy 0.040  std 0.300  lr 1.0e-04  fps   9092   298.8s
it 8348/11200  reward     nan  ep_len    nan  fell    0  err_xy 0.040  std 0.300  lr 1.0e-04  fps   9057   299.1s
it 8349/11200  reward     nan  ep_len    nan  fell    0  err_xy 0.033  std 0.300  lr 1.0e-04  fps   8996   299.3s
it 8350/11200  reward   73.44  ep_len  400.0  fell    0  err_xy 0.031  std 0.300  lr 1.0e-04  fps   7080   299.7s
it 8351/11200  reward     nan  ep_len    nan  fell    0  err_xy 0.323  std 0.300  lr 1.0e-04  fps   9924   299.9s
it 8352/11200  reward     nan  ep_len    nan  fell    0  err_xy 0.343  std 0.300  lr 1.0e-04  fps   9951   300.1s
it 8353/11200  reward     nan  ep_len    nan  fell    0  err_xy 0.244  std 0.300  lr 1.0e-04  fps   9814   300.4s
it 8354/11200  reward     nan  ep_len    nan  fell    0  err_xy 0.196  std 0.300  lr 1.0e-04  fps   9732   300.6s
it 8355/11200  reward     nan  ep_len    nan  fell    0  err_xy 0.210  std 0.300  lr 1.0e-04  fps   9549   300.8s
it 8356/11200  reward     nan  ep_len    nan  fell    0  err_xy 0.176  std 0.300  lr 1.0e-04  fps   9285   301.1s
it 8357/11200  reward     nan  ep_len    nan  fell    0  err_xy 0.155  std 0.300  lr 1.0e-04  fps   9135   301.3s
it 8358/11200  reward     nan  ep_len    nan  fell    0  err_xy 0.127  std 0.300  lr 1.0e-04  fps   9130   301.6s
it 8359/11200  reward     nan  ep_len    nan  fell    0  err_xy 0.109  std 0.300  lr 1.0e-04  fps   9023   301.9s
it 8360/11200  reward     nan  ep_len    nan  fell    0  err_xy 0.078  std 0.300  lr 1.0e-04  fps   8375   302.1s
it 8361/11200  reward     nan  ep_len    nan  fell    0  err_xy 0.061  std 0.300  lr 1.0e-04  fps   8750   302.4s
it 8362/11200  reward     nan  ep_len    nan  fell    0  err_xy 0.050  std 0.300  lr 1.0e-04  fps   9021   302.6s
it 8363/11200  reward     nan  ep_len    nan  fell    0  err_xy 0.045  std 0.300  lr 1.0e-04  fps   8842   302.9s
it 8364/11200  reward     nan  ep_len    nan  fell    0  err_xy 0.033  std 0.300  lr 1.0e-04  fps   8927   303.2s
it 8365/11200  reward     nan  ep_len    nan  fell    0  err_xy 0.031  std 0.300  lr 1.0e-04  fps   9030   303.4s
it 8366/11200  reward     nan  ep_len    nan  fell    0  err_xy 0.024  std 0.300  lr 1.0e-04  fps   8905   303.7s
it 8367/11200  reward   75.26  ep_len  400.0  fell    0  err_xy 0.097  std 0.300  lr 1.0e-04  fps   7196   304.0s
it 8368/11200  reward     nan  ep_len    nan  fell    0  err_xy 0.312  std 0.300  lr 1.0e-04  fps   9806   304.2s
it 8369/11200  reward     nan  ep_len    nan  fell    0  err_xy 0.293  std 0.300  lr 1.0e-04  fps   9881   304.5s
it 8370/11200  reward     nan  ep_len    nan  fell    0  err_xy 0.198  std 0.300  lr 1.0e-04  fps   9760   304.7s
it 8371/11200  reward     nan  ep_len    nan  fell    0  err_xy 0.180  std 0.300  lr 1.0e-04  fps   9783   304.9s
it 8372/11200  reward     nan  ep_len    nan  fell    0  err_xy 0.188  std 0.300  lr 1.0e-04  fps   9599   305.2s
it 8373/11200  reward     nan  ep_len    nan  fell    0  err_xy 0.154  std 0.300  lr 1.0e-04  fps   9298   305.4s
it 8374/11200  reward     nan  ep_len    nan  fell    0  err_xy 0.104  std 0.300  lr 1.0e-04  fps   9118   305.7s
it 8375/11200  reward     nan  ep_len    nan  fell    0  err_xy 0.067  std 0.300  lr 1.0e-04  fps   8915   305.9s
it 8376/11200  reward     nan  ep_len    nan  fell    0  err_xy 0.049  std 0.300  lr 1.0e-04  fps   9057   306.2s
it 8377/11200  reward     nan  ep_len    nan  fell    0  err_xy 0.041  std 0.300  lr 1.0e-04  fps   9037   306.5s
it 8378/11200  reward     nan  ep_len    nan  fell    0  err_xy 0.031  std 0.300  lr 1.0e-04  fps   9017   306.7s
it 8379/11200  reward     nan  ep_len    nan  fell    0  err_xy 0.024  std 0.300  lr 1.0e-04  fps   9021   307.0s
it 8380/11200  reward     nan  ep_len    nan  fell    0  err_xy 0.015  std 0.300  lr 1.0e-04  fps   8960   307.2s
it 8381/11200  reward     nan  ep_len    nan  fell    0  err_xy 0.014  std 0.300  lr 1.0e-04  fps   8937   307.5s
it 8382/11200  reward     nan  ep_len    nan  fell    0  err_xy 0.014  std 0.300  lr 1.0e-04  fps   9002   307.7s
it 8383/11200  reward     nan  ep_len    nan  fell    0  err_xy 0.014  std 0.300  lr 1.0e-04  fps   8963   308.0s
it 8384/11200  reward   76.25  ep_len  400.0  fell    0  err_xy 0.234  std 0.300  lr 1.0e-04  fps   7262   308.3s
it 8385/11200  reward     nan  ep_len    nan  fell    0  err_xy 0.334  std 0.300  lr 1.0e-04  fps   9787   308.5s
it 8386/11200  reward     nan  ep_len    nan  fell    0  err_xy 0.258  std 0.300  lr 1.0e-04  fps   9848   308.8s
it 8387/11200  reward     nan  ep_len    nan  fell    0  err_xy 0.209  std 0.300  lr 1.0e-04  fps   9194   309.0s
it 8388/11200  reward     nan  ep_len    nan  fell    0  err_xy 0.162  std 0.300  lr 1.0e-04  fps   9704   309.3s
it 8389/11200  reward     nan  ep_len    nan  fell    0  err_xy 0.177  std 0.300  lr 1.0e-04  fps   9439   309.5s
it 8390/11200  reward     nan  ep_len    nan  fell    0  err_xy 0.112  std 0.300  lr 1.0e-04  fps   9265   309.8s
it 8391/11200  reward     nan  ep_len    nan  fell    0  err_xy 0.085  std 0.300  lr 1.0e-04  fps   9150   310.0s
it 8392/11200  reward     nan  ep_len    nan  fell    0  err_xy 0.075  std 0.300  lr 1.0e-04  fps   9001   310.3s
it 8393/11200  reward     nan  ep_len    nan  fell    0  err_xy 0.051  std 0.300  lr 1.0e-04  fps   9069   310.5s
it 8394/11200  reward     nan  ep_len    nan  fell    0  err_xy 0.042  std 0.300  lr 1.0e-04  fps   8985   310.8s
it 8395/11200  reward     nan  ep_len    nan  fell    0  err_xy 0.034  std 0.300  lr 1.0e-04  fps   8980   311.0s
it 8396/11200  reward     nan  ep_len    nan  fell    0  err_xy 0.025  std 0.300  lr 1.0e-04  fps   8956   311.3s
it 8397/11200  reward     nan  ep_len    nan  fell    0  err_xy 0.022  std 0.300  lr 1.0e-04  fps   8986   311.6s
it 8398/11200  reward     nan  ep_len    nan  fell    0  err_xy 0.022  std 0.300  lr 1.0e-04  fps   8952   311.8s
it 8399/11200  reward     nan  ep_len    nan  fell    0  err_xy 0.019  std 0.300  lr 1.0e-04  fps   8990   312.1s
it 8400/11200  reward   78.17  ep_len  400.0  fell    0  err_xy 0.016  std 0.300  lr 1.0e-04  fps   6968   312.4s
eval iteration 8400:
  prone          success   0.0%  time 8.00s  peak_τ 0.96 Nm  return 78.25
  supine         success   0.0%  time 8.00s  peak_τ 0.96 Nm  return 75.04
  score 0.000
it 8401/11200  reward     nan  ep_len    nan  fell    0  err_xy 0.317  std 0.300  lr 1.0e-04  fps   9788   314.6s
it 8402/11200  reward     nan  ep_len    nan  fell    0  err_xy 0.326  std 0.300  lr 1.0e-04  fps  10050   314.8s
it 8403/11200  reward     nan  ep_len    nan  fell    0  err_xy 0.238  std 0.300  lr 1.0e-04  fps   9833   315.1s
it 8404/11200  reward     nan  ep_len    nan  fell    0  err_xy 0.197  std 0.300  lr 1.0e-04  fps   9853   315.3s
it 8405/11200  reward     nan  ep_len    nan  fell    0  err_xy 0.169  std 0.300  lr 1.0e-04  fps   9351   315.6s
it 8406/11200  reward     nan  ep_len    nan  fell    0  err_xy 0.157  std 0.300  lr 1.0e-04  fps   8894   315.8s
it 8407/11200  reward     nan  ep_len    nan  fell    0  err_xy 0.097  std 0.300  lr 1.0e-04  fps   9021   316.1s
it 8408/11200  reward     nan  ep_len    nan  fell    0  err_xy 0.071  std 0.300  lr 1.0e-04  fps   8993   316.3s
it 8409/11200  reward     nan  ep_len    nan  fell    0  err_xy 0.055  std 0.300  lr 1.0e-04  fps   9102   316.6s
it 8410/11200  reward     nan  ep_len    nan  fell    0  err_xy 0.034  std 0.300  lr 1.0e-04  fps   8931   316.8s
it 8411/11200  reward     nan  ep_len    nan  fell    0  err_xy 0.030  std 0.300  lr 1.0e-04  fps   9012   317.1s
it 8412/11200  reward     nan  ep_len    nan  fell    0  err_xy 0.031  std 0.300  lr 1.0e-04  fps   9176   317.3s
it 8413/11200  reward     nan  ep_len    nan  fell    0  err_xy 0.025  std 0.300  lr 1.0e-04  fps   9048   317.6s
it 8414/11200  reward     nan  ep_len    nan  fell    0  err_xy 0.018  std 0.300  lr 1.0e-04  fps   9109   317.9s
it 8415/11200  reward     nan  ep_len    nan  fell    0  err_xy 0.019  std 0.300  lr 1.0e-04  fps   9068   318.1s
it 8416/11200  reward     nan  ep_len    nan  fell    0  err_xy 0.015  std 0.300  lr 1.0e-04  fps   8963   318.4s
it 8417/11200  reward   78.40  ep_len  400.0  fell    0  err_xy 0.102  std 0.300  lr 1.0e-04  fps   7087   318.7s
it 8418/11200  reward     nan  ep_len    nan  fell    0  err_xy 0.345  std 0.300  lr 1.0e-04  fps   9846   318.9s
it 8419/11200  reward     nan  ep_len    nan  fell    0  err_xy 0.325  std 0.300  lr 1.0e-04  fps   9934   319.2s
it 8420/11200  reward     nan  ep_len    nan  fell    0  err_xy 0.244  std 0.300  lr 1.0e-04  fps   9860   319.4s
it 8421/11200  reward     nan  ep_len    nan  fell    0  err_xy 0.218  std 0.300  lr 1.0e-04  fps   9765   319.6s
it 8422/11200  reward     nan  ep_len    nan  fell    0  err_xy 0.178  std 0.300  lr 1.0e-04  fps   9568   319.9s
it 8423/11200  reward     nan  ep_len    nan  fell    0  err_xy 0.137  std 0.300  lr 1.0e-04  fps   9262   320.1s
it 8424/11200  reward     nan  ep_len    nan  fell    0  err_xy 0.105  std 0.300  lr 1.0e-04  fps   9020   320.4s
it 8425/11200  reward     nan  ep_len    nan  fell    0  err_xy 0.083  std 0.300  lr 1.0e-04  fps   8540   320.6s
it 8426/11200  reward     nan  ep_len    nan  fell    0  err_xy 0.050  std 0.300  lr 1.0e-04  fps   8658   320.9s
it 8427/11200  reward     nan  ep_len    nan  fell    0  err_xy 0.044  std 0.300  lr 1.0e-04  fps   8782   321.2s
it 8428/11200  reward     nan  ep_len    nan  fell    0  err_xy 0.026  std 0.300  lr 1.0e-04  fps   9070   321.4s
it 8429/11200  reward     nan  ep_len    nan  fell    0  err_xy 0.027  std 0.300  lr 1.0e-04  fps   9016   321.7s
it 8430/11200  reward     nan  ep_len    nan  fell    0  err_xy 0.022  std 0.300  lr 1.0e-04  fps   9080   321.9s
it 8431/11200  reward     nan  ep_len    nan  fell    0  err_xy 0.024  std 0.300  lr 1.0e-04  fps   9030   322.2s
it 8432/11200  reward     nan  ep_len    nan  fell    0  err_xy 0.021  std 0.300  lr 1.0e-04  fps   9033   322.5s
it 8433/11200  reward     nan  ep_len    nan  fell    0  err_xy 0.018  std 0.300  lr 1.0e-04  fps   8940   322.7s
it 8434/11200  reward   76.32  ep_len  400.0  fell    0  err_xy 0.216  std 0.300  lr 1.0e-04  fps   7355   323.0s
it 8435/11200  reward     nan  ep_len    nan  fell    0  err_xy 0.314  std 0.300  lr 1.0e-04  fps   9919   323.3s
it 8436/11200  reward     nan  ep_len    nan  fell    0  err_xy 0.258  std 0.300  lr 1.0e-04  fps   9889   323.5s
it 8437/11200  reward     nan  ep_len    nan  fell    0  err_xy 0.229  std 0.300  lr 1.0e-04  fps   9738   323.7s
it 8438/11200  reward     nan  ep_len    nan  fell    0  err_xy 0.217  std 0.300  lr 1.0e-04  fps   9670   324.0s
it 8439/11200  reward     nan  ep_len    nan  fell    0  err_xy 0.169  std 0.300  lr 1.0e-04  fps   8573   324.2s
it 8440/11200  reward     nan  ep_len    nan  fell    0  err_xy 0.143  std 0.300  lr 1.0e-04  fps   9236   324.5s
it 8441/11200  reward     nan  ep_len    nan  fell    0  err_xy 0.122  std 0.300  lr 1.0e-04  fps   9278   324.7s
it 8442/11200  reward     nan  ep_len    nan  fell    0  err_xy 0.091  std 0.300  lr 1.0e-04  fps   8310   325.0s
it 8443/11200  reward     nan  ep_len    nan  fell    0  err_xy 0.073  std 0.300  lr 1.0e-04  fps   9245   325.3s
it 8444/11200  reward     nan  ep_len    nan  fell    0  err_xy 0.055  std 0.300  lr 1.0e-04  fps   8992   325.5s
it 8445/11200  reward     nan  ep_len    nan  fell    0  err_xy 0.038  std 0.300  lr 1.0e-04  fps   9076   325.8s
it 8446/11200  reward     nan  ep_len    nan  fell    0  err_xy 0.030  std 0.300  lr 1.0e-04  fps   9033   326.0s
it 8447/11200  reward     nan  ep_len    nan  fell    0  err_xy 0.030  std 0.300  lr 1.0e-04  fps   8434   326.3s
it 8448/11200  reward     nan  ep_len    nan  fell    0  err_xy 0.021  std 0.300  lr 1.0e-04  fps   8999   326.6s
it 8449/11200  reward     nan  ep_len    nan  fell    0  err_xy 0.018  std 0.300  lr 1.0e-04  fps   9097   326.8s
it 8450/11200  reward   77.04  ep_len  400.0  fell    0  err_xy 0.019  std 0.300  lr 1.0e-04  fps   7152   327.1s
it 8451/11200  reward     nan  ep_len    nan  fell    0  err_xy 0.316  std 0.300  lr 1.0e-04  fps   9739   327.4s
it 8452/11200  reward     nan  ep_len    nan  fell    0  err_xy 0.320  std 0.300  lr 1.0e-04  fps   9989   327.6s
it 8453/11200  reward     nan  ep_len    nan  fell    0  err_xy 0.240  std 0.300  lr 1.0e-04  fps   9750   327.8s
it 8454/11200  reward     nan  ep_len    nan  fell    0  err_xy 0.214  std 0.300  lr 1.0e-04  fps   9775   328.1s
it 8455/11200  reward     nan  ep_len    nan  fell    0  err_xy 0.177  std 0.300  lr 1.0e-04  fps   9681   328.3s
it 8456/11200  reward     nan  ep_len    nan  fell    0  err_xy 0.148  std 0.300  lr 1.0e-04  fps   9467   328.6s
it 8457/11200  reward     nan  ep_len    nan  fell    0  err_xy 0.117  std 0.300  lr 1.0e-04  fps   9403   328.8s
it 8458/11200  reward     nan  ep_len    nan  fell    0  err_xy 0.119  std 0.300  lr 1.0e-04  fps   9233   329.0s
it 8459/11200  reward     nan  ep_len    nan  fell    0  err_xy 0.118  std 0.300  lr 1.0e-04  fps   9308   329.3s
it 8460/11200  reward     nan  ep_len    nan  fell    0  err_xy 0.105  std 0.300  lr 1.0e-04  fps   9304   329.5s
it 8461/11200  reward     nan  ep_len    nan  fell    0  err_xy 0.100  std 0.300  lr 1.0e-04  fps   9298   329.8s
it 8462/11200  reward     nan  ep_len    nan  fell    0  err_xy 0.078  std 0.300  lr 1.0e-04  fps   9318   330.0s
it 8463/11200  reward     nan  ep_len    nan  fell    0  err_xy 0.067  std 0.300  lr 1.0e-04  fps   9230   330.3s
it 8464/11200  reward     nan  ep_len    nan  fell    0  err_xy 0.064  std 0.300  lr 1.0e-04  fps   9116   330.5s
it 8465/11200  reward     nan  ep_len    nan  fell    0  err_xy 0.052  std 0.300  lr 1.0e-04  fps   9113   330.8s
it 8466/11200  reward     nan  ep_len    nan  fell    0  err_xy 0.050  std 0.300  lr 1.0e-04  fps   9087   331.0s
it 8467/11200  reward   65.64  ep_len  400.0  fell    0  err_xy 0.118  std 0.300  lr 1.0e-04  fps   7120   331.4s
it 8468/11200  reward     nan  ep_len    nan  fell    0  err_xy 0.308  std 0.300  lr 1.0e-04  fps   9962   331.6s
it 8469/11200  reward     nan  ep_len    nan  fell    0  err_xy 0.302  std 0.300  lr 1.0e-04  fps  10011   331.8s
it 8470/11200  reward     nan  ep_len    nan  fell    0  err_xy 0.236  std 0.300  lr 1.0e-04  fps   9879   332.1s
it 8471/11200  reward     nan  ep_len    nan  fell    0  err_xy 0.205  std 0.300  lr 1.0e-04  fps   9704   332.3s
it 8472/11200  reward     nan  ep_len    nan  fell    0  err_xy 0.179  std 0.300  lr 1.0e-04  fps   9492   332.6s
it 8473/11200  reward     nan  ep_len    nan  fell    0  err_xy 0.155  std 0.300  lr 1.0e-04  fps   9293   332.8s
it 8474/11200  reward     nan  ep_len    nan  fell    0  err_xy 0.127  std 0.300  lr 1.0e-04  fps   9177   333.0s
it 8475/11200  reward     nan  ep_len    nan  fell    0  err_xy 0.094  std 0.300  lr 1.0e-04  fps   9209   333.3s
it 8476/11200  reward     nan  ep_len    nan  fell    0  err_xy 0.088  std 0.300  lr 1.0e-04  fps   9249   333.5s
it 8477/11200  reward     nan  ep_len    nan  fell    0  err_xy 0.073  std 0.300  lr 1.0e-04  fps   9135   333.8s
it 8478/11200  reward     nan  ep_len    nan  fell    0  err_xy 0.062  std 0.300  lr 1.0e-04  fps   9145   334.1s
it 8479/11200  reward     nan  ep_len    nan  fell    0  err_xy 0.057  std 0.300  lr 1.0e-04  fps   9043   334.3s
it 8480/11200  reward     nan  ep_len    nan  fell    0  err_xy 0.046  std 0.300  lr 1.0e-04  fps   9082   334.6s
it 8481/11200  reward     nan  ep_len    nan  fell    0  err_xy 0.046  std 0.300  lr 1.0e-04  fps   9118   334.8s
it 8482/11200  reward     nan  ep_len    nan  fell    0  err_xy 0.038  std 0.300  lr 1.0e-04  fps   8997   335.1s
it 8483/11200  reward     nan  ep_len    nan  fell    0  err_xy 0.032  std 0.300  lr 1.0e-04  fps   9020   335.3s
it 8484/11200  reward   74.25  ep_len  400.0  fell    0  err_xy 0.217  std 0.300  lr 1.0e-04  fps   7376   335.6s
it 8485/11200  reward     nan  ep_len    nan  fell    0  err_xy 0.323  std 0.300  lr 1.0e-04  fps   9916   335.9s
it 8486/11200  reward     nan  ep_len    nan  fell    0  err_xy 0.267  std 0.300  lr 1.0e-04  fps   9746   336.1s
it 8487/11200  reward     nan  ep_len    nan  fell    0  err_xy 0.224  std 0.300  lr 1.0e-04  fps   9740   336.3s
it 8488/11200  reward     nan  ep_len    nan  fell    0  err_xy 0.225  std 0.300  lr 1.0e-04  fps   9625   336.6s
it 8489/11200  reward     nan  ep_len    nan  fell    0  err_xy 0.184  std 0.300  lr 1.0e-04  fps   9404   336.8s
it 8490/11200  reward     nan  ep_len    nan  fell    0  err_xy 0.151  std 0.300  lr 1.0e-04  fps   9282   337.1s
it 8491/11200  reward     nan  ep_len    nan  fell    0  err_xy 0.108  std 0.300  lr 1.0e-04  fps   9295   337.3s
it 8492/11200  reward     nan  ep_len    nan  fell    0  err_xy 0.076  std 0.300  lr 1.0e-04  fps   9265   337.6s
it 8493/11200  reward     nan  ep_len    nan  fell    0  err_xy 0.062  std 0.300  lr 1.0e-04  fps   9204   337.8s
it 8494/11200  reward     nan  ep_len    nan  fell    0  err_xy 0.059  std 0.300  lr 1.0e-04  fps   9136   338.1s
it 8495/11200  reward     nan  ep_len    nan  fell    0  err_xy 0.045  std 0.300  lr 1.0e-04  fps   9089   338.3s
it 8496/11200  reward     nan  ep_len    nan  fell    0  err_xy 0.036  std 0.300  lr 1.0e-04  fps   9160   338.6s
it 8497/11200  reward     nan  ep_len    nan  fell    0  err_xy 0.031  std 0.300  lr 1.0e-04  fps   9027   338.8s
it 8498/11200  reward     nan  ep_len    nan  fell    0  err_xy 0.027  std 0.300  lr 1.0e-04  fps   8977   339.1s
it 8499/11200  reward     nan  ep_len    nan  fell    0  err_xy 0.023  std 0.300  lr 1.0e-04  fps   8823   339.4s
it 8500/11200  reward   76.20  ep_len  400.0  fell    0  err_xy 0.021  std 0.300  lr 1.0e-04  fps   7012   339.7s
it 8501/11200  reward     nan  ep_len    nan  fell    0  err_xy 0.325  std 0.300  lr 1.0e-04  fps   9792   339.9s
it 8502/11200  reward     nan  ep_len    nan  fell    0  err_xy 0.329  std 0.300  lr 1.0e-04  fps   9890   340.2s
it 8503/11200  reward     nan  ep_len    nan  fell    0  err_xy 0.239  std 0.300  lr 1.0e-04  fps   9799   340.4s
it 8504/11200  reward     nan  ep_len    nan  fell    0  err_xy 0.198  std 0.300  lr 1.0e-04  fps   9829   340.6s
it 8505/11200  reward     nan  ep_len    nan  fell    0  err_xy 0.201  std 0.300  lr 1.0e-04  fps   9610   340.9s
it 8506/11200  reward     nan  ep_len    nan  fell    0  err_xy 0.171  std 0.300  lr 1.0e-04  fps   9411   341.1s
it 8507/11200  reward     nan  ep_len    nan  fell    0  err_xy 0.136  std 0.300  lr 1.0e-04  fps   9188   341.4s
it 8508/11200  reward     nan  ep_len    nan  fell    0  err_xy 0.101  std 0.300  lr 1.0e-04  fps   9134   341.6s
it 8509/11200  reward     nan  ep_len    nan  fell    0  err_xy 0.083  std 0.300  lr 1.0e-04  fps   8889   341.9s
it 8510/11200  reward     nan  ep_len    nan  fell    0  err_xy 0.068  std 0.300  lr 1.0e-04  fps   8850   342.1s
it 8511/11200  reward     nan  ep_len    nan  fell    0  err_xy 0.058  std 0.300  lr 1.0e-04  fps   8747   342.4s
it 8512/11200  reward     nan  ep_len    nan  fell    0  err_xy 0.053  std 0.300  lr 1.0e-04  fps   8809   342.7s
it 8513/11200  reward     nan  ep_len    nan  fell    0  err_xy 0.040  std 0.300  lr 1.0e-04  fps   8898   342.9s
it 8514/11200  reward     nan  ep_len    nan  fell    0  err_xy 0.041  std 0.300  lr 1.0e-04  fps   8929   343.2s
it 8515/11200  reward     nan  ep_len    nan  fell    0  err_xy 0.047  std 0.300  lr 1.0e-04  fps   9007   343.4s
it 8516/11200  reward     nan  ep_len    nan  fell    0  err_xy 0.035  std 0.300  lr 1.0e-04  fps   8978   343.7s
it 8517/11200  reward   73.36  ep_len  400.0  fell    0  err_xy 0.117  std 0.300  lr 1.0e-04  fps   7250   344.0s
it 8518/11200  reward     nan  ep_len    nan  fell    0  err_xy 0.327  std 0.300  lr 1.0e-04  fps   9867   344.2s
it 8519/11200  reward     nan  ep_len    nan  fell    0  err_xy 0.285  std 0.300  lr 1.0e-04  fps   9737   344.5s
it 8520/11200  reward     nan  ep_len    nan  fell    0  err_xy 0.201  std 0.300  lr 1.0e-04  fps   8770   344.7s
it 8521/11200  reward     nan  ep_len    nan  fell    0  err_xy 0.216  std 0.300  lr 1.0e-04  fps   9608   345.0s
it 8522/11200  reward     nan  ep_len    nan  fell    0  err_xy 0.197  std 0.300  lr 1.0e-04  fps   9342   345.2s
it 8523/11200  reward     nan  ep_len    nan  fell    0  err_xy 0.159  std 0.300  lr 1.0e-04  fps   9230   345.5s
it 8524/11200  reward     nan  ep_len    nan  fell    0  err_xy 0.124  std 0.300  lr 1.0e-04  fps   8035   345.8s
it 8525/11200  reward     nan  ep_len    nan  fell    0  err_xy 0.120  std 0.300  lr 1.0e-04  fps   8144   346.1s
it 8526/11200  reward     nan  ep_len    nan  fell    0  err_xy 0.100  std 0.300  lr 1.0e-04  fps   9221   346.3s
it 8527/11200  reward     nan  ep_len    nan  fell    0  err_xy 0.086  std 0.300  lr 1.0e-04  fps   7497   346.6s
it 8528/11200  reward     nan  ep_len    nan  fell    0  err_xy 0.065  std 0.300  lr 1.0e-04  fps   8661   346.9s
it 8529/11200  reward     nan  ep_len    nan  fell    0  err_xy 0.058  std 0.300  lr 1.0e-04  fps   8840   347.1s
it 8530/11200  reward     nan  ep_len    nan  fell    0  err_xy 0.062  std 0.300  lr 1.0e-04  fps   8951   347.4s
it 8531/11200  reward     nan  ep_len    nan  fell    0  err_xy 0.054  std 0.300  lr 1.0e-04  fps   8338   347.7s
it 8532/11200  reward     nan  ep_len    nan  fell    0  err_xy 0.044  std 0.300  lr 1.0e-04  fps   8988   347.9s
it 8533/11200  reward     nan  ep_len    nan  fell    0  err_xy 0.039  std 0.300  lr 1.0e-04  fps   9082   348.2s
it 8534/11200  reward   68.13  ep_len  400.0  fell    0  err_xy 0.231  std 0.300  lr 1.0e-04  fps   7280   348.5s
it 8535/11200  reward     nan  ep_len    nan  fell    0  err_xy 0.312  std 0.300  lr 1.0e-04  fps   9893   348.7s
it 8536/11200  reward     nan  ep_len    nan  fell    0  err_xy 0.266  std 0.300  lr 1.0e-04  fps   9640   349.0s
it 8537/11200  reward     nan  ep_len    nan  fell    0  err_xy 0.219  std 0.300  lr 1.0e-04  fps   9736   349.2s
it 8538/11200  reward     nan  ep_len    nan  fell    0  err_xy 0.218  std 0.300  lr 1.0e-04  fps   9682   349.4s
it 8539/11200  reward     nan  ep_len    nan  fell    0  err_xy 0.192  std 0.300  lr 1.0e-04  fps   9259   349.7s
it 8540/11200  reward     nan  ep_len    nan  fell    0  err_xy 0.165  std 0.300  lr 1.0e-04  fps   9206   349.9s
it 8541/11200  reward     nan  ep_len    nan  fell    0  err_xy 0.116  std 0.300  lr 1.0e-04  fps   8892   350.2s
it 8542/11200  reward     nan  ep_len    nan  fell    0  err_xy 0.085  std 0.300  lr 1.0e-04  fps   8813   350.5s
it 8543/11200  reward     nan  ep_len    nan  fell    0  err_xy 0.073  std 0.300  lr 1.0e-04  fps   8831   350.7s
it 8544/11200  reward     nan  ep_len    nan  fell    0  err_xy 0.066  std 0.300  lr 1.0e-04  fps   8865   351.0s
it 8545/11200  reward     nan  ep_len    nan  fell    0  err_xy 0.049  std 0.300  lr 1.0e-04  fps   9093   351.2s
it 8546/11200  reward     nan  ep_len    nan  fell    0  err_xy 0.043  std 0.300  lr 1.0e-04  fps   9051   351.5s
it 8547/11200  reward     nan  ep_len    nan  fell    0  err_xy 0.037  std 0.300  lr 1.0e-04  fps   9068   351.8s
it 8548/11200  reward     nan  ep_len    nan  fell    0  err_xy 0.043  std 0.300  lr 1.0e-04  fps   9036   352.0s
it 8549/11200  reward     nan  ep_len    nan  fell    0  err_xy 0.036  std 0.300  lr 1.0e-04  fps   8998   352.3s
it 8550/11200  reward   71.45  ep_len  400.0  fell    0  err_xy 0.037  std 0.300  lr 1.0e-04  fps   7205   352.6s
it 8551/11200  reward     nan  ep_len    nan  fell    0  err_xy 0.296  std 0.300  lr 1.0e-04  fps   9626   352.8s
it 8552/11200  reward     nan  ep_len    nan  fell    0  err_xy 0.302  std 0.300  lr 1.0e-04  fps   9873   353.1s
it 8553/11200  reward     nan  ep_len    nan  fell    0  err_xy 0.208  std 0.300  lr 1.0e-04  fps   9876   353.3s
it 8554/11200  reward     nan  ep_len    nan  fell    0  err_xy 0.215  std 0.300  lr 1.0e-04  fps   9723   353.5s
it 8555/11200  reward     nan  ep_len    nan  fell    0  err_xy 0.192  std 0.300  lr 1.0e-04  fps   9471   353.8s
it 8556/11200  reward     nan  ep_len    nan  fell    0  err_xy 0.130  std 0.300  lr 1.0e-04  fps   8352   354.0s
it 8557/11200  reward     nan  ep_len    nan  fell    0  err_xy 0.109  std 0.300  lr 1.0e-04  fps   9195   354.3s
it 8558/11200  reward     nan  ep_len    nan  fell    0  err_xy 0.096  std 0.300  lr 1.0e-04  fps   7649   354.6s
it 8559/11200  reward     nan  ep_len    nan  fell    0  err_xy 0.078  std 0.300  lr 1.0e-04  fps   9074   354.9s
it 8560/11200  reward     nan  ep_len    nan  fell    0  err_xy 0.068  std 0.300  lr 1.0e-04  fps   9159   355.1s
it 8561/11200  reward     nan  ep_len    nan  fell    0  err_xy 0.064  std 0.300  lr 1.0e-04  fps   8619   355.4s
it 8562/11200  reward     nan  ep_len    nan  fell    0  err_xy 0.062  std 0.300  lr 1.0e-04  fps   9169   355.6s
it 8563/11200  reward     nan  ep_len    nan  fell    0  err_xy 0.052  std 0.300  lr 1.0e-04  fps   9136   355.9s
it 8564/11200  reward     nan  ep_len    nan  fell    0  err_xy 0.046  std 0.300  lr 1.0e-04  fps   8813   356.1s
it 8565/11200  reward     nan  ep_len    nan  fell    0  err_xy 0.047  std 0.300  lr 1.0e-04  fps   8943   356.4s
it 8566/11200  reward     nan  ep_len    nan  fell    0  err_xy 0.038  std 0.300  lr 1.0e-04  fps   8877   356.7s
it 8567/11200  reward   75.11  ep_len  400.0  fell    0  err_xy 0.114  std 0.300  lr 1.0e-04  fps   7216   357.0s
it 8568/11200  reward     nan  ep_len    nan  fell    0  err_xy 0.336  std 0.300  lr 1.0e-04  fps   9778   357.2s
it 8569/11200  reward     nan  ep_len    nan  fell    0  err_xy 0.279  std 0.300  lr 1.0e-04  fps   9932   357.4s
it 8570/11200  reward     nan  ep_len    nan  fell    0  err_xy 0.228  std 0.300  lr 1.0e-04  fps   9769   357.7s
it 8571/11200  reward     nan  ep_len    nan  fell    0  err_xy 0.209  std 0.300  lr 1.0e-04  fps   9750   357.9s
it 8572/11200  reward     nan  ep_len    nan  fell    0  err_xy 0.203  std 0.300  lr 1.0e-04  fps   9416   358.2s
it 8573/11200  reward     nan  ep_len    nan  fell    0  err_xy 0.161  std 0.300  lr 1.0e-04  fps   9289   358.4s
it 8574/11200  reward     nan  ep_len    nan  fell    0  err_xy 0.131  std 0.300  lr 1.0e-04  fps   9202   358.7s
it 8575/11200  reward     nan  ep_len    nan  fell    0  err_xy 0.103  std 0.300  lr 1.0e-04  fps   9081   358.9s
it 8576/11200  reward     nan  ep_len    nan  fell    0  err_xy 0.087  std 0.300  lr 1.0e-04  fps   9079   359.2s
it 8577/11200  reward     nan  ep_len    nan  fell    0  err_xy 0.079  std 0.300  lr 1.0e-04  fps   9168   359.4s
it 8578/11200  reward     nan  ep_len    nan  fell    0  err_xy 0.054  std 0.300  lr 1.0e-04  fps   9116   359.7s
it 8579/11200  reward     nan  ep_len    nan  fell    0  err_xy 0.046  std 0.300  lr 1.0e-04  fps   9060   359.9s
it 8580/11200  reward     nan  ep_len    nan  fell    0  err_xy 0.044  std 0.300  lr 1.0e-04  fps   8493   360.2s
it 8581/11200  reward     nan  ep_len    nan  fell    0  err_xy 0.039  std 0.300  lr 1.0e-04  fps   8753   360.5s
it 8582/11200  reward     nan  ep_len    nan  fell    0  err_xy 0.030  std 0.300  lr 1.0e-04  fps   9032   360.7s
it 8583/11200  reward     nan  ep_len    nan  fell    0  err_xy 0.027  std 0.300  lr 1.0e-04  fps   9029   361.0s
it 8584/11200  reward   72.67  ep_len  400.0  fell    0  err_xy 0.213  std 0.300  lr 1.0e-04  fps   7348   361.3s
it 8585/11200  reward     nan  ep_len    nan  fell    0  err_xy 0.334  std 0.300  lr 1.0e-04  fps   9771   361.5s
it 8586/11200  reward     nan  ep_len    nan  fell    0  err_xy 0.238  std 0.300  lr 1.0e-04  fps   9776   361.8s
it 8587/11200  reward     nan  ep_len    nan  fell    0  err_xy 0.210  std 0.300  lr 1.0e-04  fps   9730   362.0s
it 8588/11200  reward     nan  ep_len    nan  fell    0  err_xy 0.213  std 0.300  lr 1.0e-04  fps   9628   362.2s
it 8589/11200  reward     nan  ep_len    nan  fell    0  err_xy 0.189  std 0.300  lr 1.0e-04  fps   9393   362.5s
it 8590/11200  reward     nan  ep_len    nan  fell    0  err_xy 0.146  std 0.300  lr 1.0e-04  fps   9290   362.7s
it 8591/11200  reward     nan  ep_len    nan  fell    0  err_xy 0.111  std 0.300  lr 1.0e-04  fps   9144   363.0s
it 8592/11200  reward     nan  ep_len    nan  fell    0  err_xy 0.098  std 0.300  lr 1.0e-04  fps   9165   363.2s
it 8593/11200  reward     nan  ep_len    nan  fell    0  err_xy 0.080  std 0.300  lr 1.0e-04  fps   9203   363.5s
it 8594/11200  reward     nan  ep_len    nan  fell    0  err_xy 0.071  std 0.300  lr 1.0e-04  fps   9095   363.7s
it 8595/11200  reward     nan  ep_len    nan  fell    0  err_xy 0.060  std 0.300  lr 1.0e-04  fps   9195   364.0s
it 8596/11200  reward     nan  ep_len    nan  fell    0  err_xy 0.053  std 0.300  lr 1.0e-04  fps   9016   364.2s
it 8597/11200  reward     nan  ep_len    nan  fell    0  err_xy 0.051  std 0.300  lr 1.0e-04  fps   9041   364.5s
it 8598/11200  reward     nan  ep_len    nan  fell    0  err_xy 0.031  std 0.300  lr 1.0e-04  fps   8912   364.8s
it 8599/11200  reward     nan  ep_len    nan  fell    0  err_xy 0.027  std 0.300  lr 1.0e-04  fps   8878   365.0s
it 8600/11200  reward   72.04  ep_len  400.0  fell    0  err_xy 0.027  std 0.300  lr 1.0e-04  fps   7183   365.3s
eval iteration 8600:
  prone          success   0.0%  time 8.00s  peak_τ 0.96 Nm  return 85.51
  supine         success   0.0%  time 8.00s  peak_τ 0.95 Nm  return 66.96
  score 0.000
it 8601/11200  reward     nan  ep_len    nan  fell    0  err_xy 0.301  std 0.300  lr 1.0e-04  fps   9720   367.5s
it 8602/11200  reward     nan  ep_len    nan  fell    0  err_xy 0.286  std 0.300  lr 1.0e-04  fps   9924   367.8s
it 8603/11200  reward     nan  ep_len    nan  fell    0  err_xy 0.200  std 0.300  lr 1.0e-04  fps   9668   368.0s
it 8604/11200  reward     nan  ep_len    nan  fell    0  err_xy 0.190  std 0.300  lr 1.0e-04  fps   9764   368.3s
it 8605/11200  reward     nan  ep_len    nan  fell    0  err_xy 0.187  std 0.300  lr 1.0e-04  fps   9510   368.5s
it 8606/11200  reward     nan  ep_len    nan  fell    0  err_xy 0.153  std 0.300  lr 1.0e-04  fps   8982   368.8s
it 8607/11200  reward     nan  ep_len    nan  fell    0  err_xy 0.109  std 0.300  lr 1.0e-04  fps   9067   369.0s
it 8608/11200  reward     nan  ep_len    nan  fell    0  err_xy 0.080  std 0.300  lr 1.0e-04  fps   8956   369.3s
it 8609/11200  reward     nan  ep_len    nan  fell    0  err_xy 0.065  std 0.300  lr 1.0e-04  fps   8987   369.5s
it 8610/11200  reward     nan  ep_len    nan  fell    0  err_xy 0.046  std 0.300  lr 1.0e-04  fps   9121   369.8s
it 8611/11200  reward     nan  ep_len    nan  fell    0  err_xy 0.043  std 0.300  lr 1.0e-04  fps   8826   370.0s
it 8612/11200  reward     nan  ep_len    nan  fell    0  err_xy 0.036  std 0.300  lr 1.0e-04  fps   8869   370.3s
it 8613/11200  reward     nan  ep_len    nan  fell    0  err_xy 0.036  std 0.300  lr 1.0e-04  fps   8986   370.6s
it 8614/11200  reward     nan  ep_len    nan  fell    0  err_xy 0.030  std 0.300  lr 1.0e-04  fps   9081   370.8s
it 8615/11200  reward     nan  ep_len    nan  fell    0  err_xy 0.027  std 0.300  lr 1.0e-04  fps   9072   371.1s
it 8616/11200  reward     nan  ep_len    nan  fell    0  err_xy 0.022  std 0.300  lr 1.0e-04  fps   9059   371.3s
it 8617/11200  reward   77.65  ep_len  400.0  fell    0  err_xy 0.102  std 0.300  lr 1.0e-04  fps   7312   371.6s
it 8618/11200  reward     nan  ep_len    nan  fell    0  err_xy 0.324  std 0.300  lr 1.0e-04  fps   9992   371.9s
it 8619/11200  reward     nan  ep_len    nan  fell    0  err_xy 0.307  std 0.300  lr 1.0e-04  fps   9852   372.1s
it 8620/11200  reward     nan  ep_len    nan  fell    0  err_xy 0.205  std 0.300  lr 1.0e-04  fps   9628   372.3s
it 8621/11200  reward     nan  ep_len    nan  fell    0  err_xy 0.198  std 0.300  lr 1.0e-04  fps   9432   372.6s
it 8622/11200  reward     nan  ep_len    nan  fell    0  err_xy 0.204  std 0.300  lr 1.0e-04  fps   9106   372.8s
it 8623/11200  reward     nan  ep_len    nan  fell    0  err_xy 0.172  std 0.300  lr 1.0e-04  fps   9276   373.1s
it 8624/11200  reward     nan  ep_len    nan  fell    0  err_xy 0.138  std 0.300  lr 1.0e-04  fps   9238   373.3s
it 8625/11200  reward     nan  ep_len    nan  fell    0  err_xy 0.116  std 0.300  lr 1.0e-04  fps   9216   373.6s
it 8626/11200  reward     nan  ep_len    nan  fell    0  err_xy 0.096  std 0.300  lr 1.0e-04  fps   8934   373.8s
it 8627/11200  reward     nan  ep_len    nan  fell    0  err_xy 0.100  std 0.300  lr 1.0e-04  fps   9067   374.1s
it 8628/11200  reward     nan  ep_len    nan  fell    0  err_xy 0.093  std 0.300  lr 1.0e-04  fps   9162   374.3s
it 8629/11200  reward     nan  ep_len    nan  fell    0  err_xy 0.080  std 0.300  lr 1.0e-04  fps   9250   374.6s
it 8630/11200  reward     nan  ep_len    nan  fell    0  err_xy 0.082  std 0.300  lr 1.0e-04  fps   8544   374.9s
it 8631/11200  reward     nan  ep_len    nan  fell    0  err_xy 0.068  std 0.300  lr 1.0e-04  fps   9237   375.1s
it 8632/11200  reward     nan  ep_len    nan  fell    0  err_xy 0.061  std 0.300  lr 1.0e-04  fps   9163   375.4s
it 8633/11200  reward     nan  ep_len    nan  fell    0  err_xy 0.057  std 0.300  lr 1.0e-04  fps   9123   375.6s
it 8634/11200  reward   69.75  ep_len  400.0  fell    0  err_xy 0.223  std 0.300  lr 1.0e-04  fps   7351   375.9s
it 8635/11200  reward     nan  ep_len    nan  fell    0  err_xy 0.314  std 0.300  lr 1.0e-04  fps   9845   376.2s
it 8636/11200  reward     nan  ep_len    nan  fell    0  err_xy 0.230  std 0.300  lr 1.0e-04  fps   9915   376.4s
it 8637/11200  reward     nan  ep_len    nan  fell    0  err_xy 0.214  std 0.300  lr 1.0e-04  fps   9831   376.6s
it 8638/11200  reward     nan  ep_len    nan  fell    0  err_xy 0.214  std 0.300  lr 1.0e-04  fps   9702   376.9s
it 8639/11200  reward     nan  ep_len    nan  fell    0  err_xy 0.181  std 0.300  lr 1.0e-04  fps   9444   377.1s
it 8640/11200  reward     nan  ep_len    nan  fell    0  err_xy 0.171  std 0.300  lr 1.0e-04  fps   9464   377.4s
it 8641/11200  reward     nan  ep_len    nan  fell    0  err_xy 0.148  std 0.300  lr 1.0e-04  fps   9441   377.6s
it 8642/11200  reward     nan  ep_len    nan  fell    0  err_xy 0.132  std 0.300  lr 1.0e-04  fps   9424   377.8s
it 8643/11200  reward     nan  ep_len    nan  fell    0  err_xy 0.144  std 0.300  lr 1.0e-04  fps   9391   378.1s
it 8644/11200  reward     nan  ep_len    nan  fell    0  err_xy 0.147  std 0.300  lr 1.0e-04  fps   9421   378.3s
it 8645/11200  reward     nan  ep_len    nan  fell    0  err_xy 0.137  std 0.300  lr 1.0e-04  fps   9304   378.6s
it 8646/11200  reward     nan  ep_len    nan  fell    0  err_xy 0.145  std 0.300  lr 1.0e-04  fps   9032   378.8s
it 8647/11200  reward     nan  ep_len    nan  fell    0  err_xy 0.129  std 0.300  lr 1.0e-04  fps   9131   379.1s
it 8648/11200  reward     nan  ep_len    nan  fell    0  err_xy 0.107  std 0.300  lr 1.0e-04  fps   9155   379.3s
it 8649/11200  reward     nan  ep_len    nan  fell    0  err_xy 0.100  std 0.300  lr 1.0e-04  fps   9123   379.6s
it 8650/11200  reward   58.36  ep_len  400.0  fell    0  err_xy 0.072  std 0.300  lr 1.0e-04  fps   7189   379.9s
it 8651/11200  reward     nan  ep_len    nan  fell    0  err_xy 0.295  std 0.300  lr 1.0e-04  fps   9819   380.2s
it 8652/11200  reward     nan  ep_len    nan  fell    0  err_xy 0.313  std 0.300  lr 1.0e-04  fps   9889   380.4s
it 8653/11200  reward     nan  ep_len    nan  fell    0  err_xy 0.228  std 0.300  lr 1.0e-04  fps   9524   380.6s
it 8654/11200  reward     nan  ep_len    nan  fell    0  err_xy 0.203  std 0.300  lr 1.0e-04  fps   9096   380.9s
it 8655/11200  reward     nan  ep_len    nan  fell    0  err_xy 0.240  std 0.300  lr 1.0e-04  fps   8654   381.2s
it 8656/11200  reward     nan  ep_len    nan  fell    0  err_xy 0.229  std 0.300  lr 1.0e-04  fps   8847   381.4s
it 8657/11200  reward     nan  ep_len    nan  fell    0  err_xy 0.203  std 0.300  lr 1.0e-04  fps   9324   381.7s
it 8658/11200  reward     nan  ep_len    nan  fell    0  err_xy 0.189  std 0.300  lr 1.0e-04  fps   9337   381.9s
it 8659/11200  reward     nan  ep_len    nan  fell    0  err_xy 0.157  std 0.300  lr 1.0e-04  fps   9338   382.2s
it 8660/11200  reward     nan  ep_len    nan  fell    0  err_xy 0.152  std 0.300  lr 1.0e-04  fps   9309   382.4s
it 8661/11200  reward     nan  ep_len    nan  fell    0  err_xy 0.120  std 0.300  lr 1.0e-04  fps   9311   382.7s
it 8662/11200  reward     nan  ep_len    nan  fell    0  err_xy 0.121  std 0.300  lr 1.0e-04  fps   9164   382.9s
it 8663/11200  reward     nan  ep_len    nan  fell    0  err_xy 0.106  std 0.300  lr 1.0e-04  fps   9244   383.2s
it 8664/11200  reward     nan  ep_len    nan  fell    0  err_xy 0.109  std 0.300  lr 1.0e-04  fps   9212   383.4s
it 8665/11200  reward     nan  ep_len    nan  fell    0  err_xy 0.096  std 0.300  lr 1.0e-04  fps   9179   383.7s
it 8666/11200  reward     nan  ep_len    nan  fell    0  err_xy 0.085  std 0.300  lr 1.0e-04  fps   9068   383.9s
it 8667/11200  reward   58.31  ep_len  400.0  fell    0  err_xy 0.142  std 0.300  lr 1.0e-04  fps   7368   384.2s
it 8668/11200  reward     nan  ep_len    nan  fell    0  err_xy 0.316  std 0.300  lr 1.0e-04  fps   9879   384.5s
it 8669/11200  reward     nan  ep_len    nan  fell    0  err_xy 0.266  std 0.300  lr 1.0e-04  fps   9861   384.7s
it 8670/11200  reward     nan  ep_len    nan  fell    0  err_xy 0.205  std 0.300  lr 1.0e-04  fps   9575   384.9s
it 8671/11200  reward     nan  ep_len    nan  fell    0  err_xy 0.216  std 0.300  lr 1.0e-04  fps   9681   385.2s
it 8672/11200  reward     nan  ep_len    nan  fell    0  err_xy 0.236  std 0.300  lr 1.0e-04  fps   9671   385.4s
it 8673/11200  reward     nan  ep_len    nan  fell    0  err_xy 0.201  std 0.300  lr 1.0e-04  fps   9449   385.7s
it 8674/11200  reward     nan  ep_len    nan  fell    0  err_xy 0.173  std 0.300  lr 1.0e-04  fps   9358   385.9s
it 8675/11200  reward     nan  ep_len    nan  fell    0  err_xy 0.181  std 0.300  lr 1.0e-04  fps   9376   386.1s
it 8676/11200  reward     nan  ep_len    nan  fell    0  err_xy 0.152  std 0.300  lr 1.0e-04  fps   9322   386.4s
it 8677/11200  reward     nan  ep_len    nan  fell    0  err_xy 0.146  std 0.300  lr 1.0e-04  fps   9385   386.6s
it 8678/11200  reward     nan  ep_len    nan  fell    0  err_xy 0.139  std 0.300  lr 1.0e-04  fps   9400   386.9s
it 8679/11200  reward     nan  ep_len    nan  fell    0  err_xy 0.142  std 0.300  lr 1.0e-04  fps   9235   387.1s
it 8680/11200  reward     nan  ep_len    nan  fell    0  err_xy 0.129  std 0.300  lr 1.0e-04  fps   9310   387.4s
it 8681/11200  reward     nan  ep_len    nan  fell    0  err_xy 0.118  std 0.300  lr 1.0e-04  fps   9257   387.6s
it 8682/11200  reward     nan  ep_len    nan  fell    0  err_xy 0.083  std 0.300  lr 1.0e-04  fps   9183   387.9s
it 8683/11200  reward     nan  ep_len    nan  fell    0  err_xy 0.086  std 0.300  lr 1.0e-04  fps   9164   388.1s
it 8684/11200  reward   57.92  ep_len  400.0  fell    0  err_xy 0.231  std 0.300  lr 1.0e-04  fps   7511   388.4s
it 8685/11200  reward     nan  ep_len    nan  fell    0  err_xy 0.325  std 0.300  lr 1.0e-04  fps   9822   388.7s
it 8686/11200  reward     nan  ep_len    nan  fell    0  err_xy 0.245  std 0.300  lr 1.0e-04  fps   9892   388.9s
it 8687/11200  reward     nan  ep_len    nan  fell    0  err_xy 0.203  std 0.300  lr 1.0e-04  fps   9725   389.1s
it 8688/11200  reward     nan  ep_len    nan  fell    0  err_xy 0.232  std 0.300  lr 1.0e-04  fps   9562   389.4s
it 8689/11200  reward     nan  ep_len    nan  fell    0  err_xy 0.209  std 0.300  lr 1.0e-04  fps   9330   389.6s
it 8690/11200  reward     nan  ep_len    nan  fell    0  err_xy 0.191  std 0.300  lr 1.0e-04  fps   9406   389.9s
it 8691/11200  reward     nan  ep_len    nan  fell    0  err_xy 0.148  std 0.300  lr 1.0e-04  fps   9157   390.1s
it 8692/11200  reward     nan  ep_len    nan  fell    0  err_xy 0.142  std 0.300  lr 1.0e-04  fps   9365   390.4s
it 8693/11200  reward     nan  ep_len    nan  fell    0  err_xy 0.128  std 0.300  lr 1.0e-04  fps   9356   390.6s
it 8694/11200  reward     nan  ep_len    nan  fell    0  err_xy 0.117  std 0.300  lr 1.0e-04  fps   9244   390.9s
it 8695/11200  reward     nan  ep_len    nan  fell    0  err_xy 0.108  std 0.300  lr 1.0e-04  fps   9069   391.1s
it 8696/11200  reward     nan  ep_len    nan  fell    0  err_xy 0.095  std 0.300  lr 1.0e-04  fps   9214   391.4s
it 8697/11200  reward     nan  ep_len    nan  fell    0  err_xy 0.077  std 0.300  lr 1.0e-04  fps   9084   391.6s
it 8698/11200  reward     nan  ep_len    nan  fell    0  err_xy 0.078  std 0.300  lr 1.0e-04  fps   9116   391.9s
it 8699/11200  reward     nan  ep_len    nan  fell    0  err_xy 0.071  std 0.300  lr 1.0e-04  fps   9101   392.1s
it 8700/11200  reward   65.28  ep_len  400.0  fell    0  err_xy 0.057  std 0.300  lr 1.0e-04  fps   7228   392.5s
it 8701/11200  reward     nan  ep_len    nan  fell    0  err_xy 0.306  std 0.300  lr 1.0e-04  fps   9891   392.7s
it 8702/11200  reward     nan  ep_len    nan  fell    0  err_xy 0.310  std 0.300  lr 1.0e-04  fps   9820   392.9s
it 8703/11200  reward     nan  ep_len    nan  fell    0  err_xy 0.224  std 0.300  lr 1.0e-04  fps   9698   393.2s
it 8704/11200  reward     nan  ep_len    nan  fell    0  err_xy 0.224  std 0.300  lr 1.0e-04  fps   9743   393.4s
it 8705/11200  reward     nan  ep_len    nan  fell    0  err_xy 0.222  std 0.300  lr 1.0e-04  fps   9271   393.6s
it 8706/11200  reward     nan  ep_len    nan  fell    0  err_xy 0.204  std 0.300  lr 1.0e-04  fps   8340   393.9s
it 8707/11200  reward     nan  ep_len    nan  fell    0  err_xy 0.192  std 0.300  lr 1.0e-04  fps   8989   394.2s
it 8708/11200  reward     nan  ep_len    nan  fell    0  err_xy 0.153  std 0.300  lr 1.0e-04  fps   8816   394.4s
it 8709/11200  reward     nan  ep_len    nan  fell    0  err_xy 0.140  std 0.300  lr 1.0e-04  fps   9219   394.7s
it 8710/11200  reward     nan  ep_len    nan  fell    0  err_xy 0.128  std 0.300  lr 1.0e-04  fps   9033   394.9s
it 8711/11200  reward     nan  ep_len    nan  fell    0  err_xy 0.112  std 0.300  lr 1.0e-04  fps   9111   395.2s
it 8712/11200  reward     nan  ep_len    nan  fell    0  err_xy 0.099  std 0.300  lr 1.0e-04  fps   9200   395.5s
it 8713/11200  reward     nan  ep_len    nan  fell    0  err_xy 0.096  std 0.300  lr 1.0e-04  fps   9096   395.7s
it 8714/11200  reward     nan  ep_len    nan  fell    0  err_xy 0.071  std 0.300  lr 1.0e-04  fps   9169   396.0s
it 8715/11200  reward     nan  ep_len    nan  fell    0  err_xy 0.066  std 0.300  lr 1.0e-04  fps   9131   396.2s
it 8716/11200  reward     nan  ep_len    nan  fell    0  err_xy 0.049  std 0.300  lr 1.0e-04  fps   9044   396.5s
it 8717/11200  reward   63.57  ep_len  400.0  fell    0  err_xy 0.117  std 0.300  lr 1.0e-04  fps   6930   396.8s
it 8718/11200  reward     nan  ep_len    nan  fell    0  err_xy 0.325  std 0.300  lr 1.0e-04  fps   9698   397.0s
it 8719/11200  reward     nan  ep_len    nan  fell    0  err_xy 0.274  std 0.300  lr 1.0e-04  fps   9784   397.3s
it 8720/11200  reward     nan  ep_len    nan  fell    0  err_xy 0.214  std 0.300  lr 1.0e-04  fps   9734   397.5s
it 8721/11200  reward     nan  ep_len    nan  fell    0  err_xy 0.216  std 0.300  lr 1.0e-04  fps   9654   397.7s
it 8722/11200  reward     nan  ep_len    nan  fell    0  err_xy 0.232  std 0.300  lr 1.0e-04  fps   9564   398.0s
it 8723/11200  reward     nan  ep_len    nan  fell    0  err_xy 0.214  std 0.300  lr 1.0e-04  fps   9326   398.2s
it 8724/11200  reward     nan  ep_len    nan  fell    0  err_xy 0.177  std 0.300  lr 1.0e-04  fps   9364   398.5s
it 8725/11200  reward     nan  ep_len    nan  fell    0  err_xy 0.177  std 0.300  lr 1.0e-04  fps   9251   398.7s
it 8726/11200  reward     nan  ep_len    nan  fell    0  err_xy 0.162  std 0.300  lr 1.0e-04  fps   9262   399.0s
it 8727/11200  reward     nan  ep_len    nan  fell    0  err_xy 0.151  std 0.300  lr 1.0e-04  fps   9190   399.2s
it 8728/11200  reward     nan  ep_len    nan  fell    0  err_xy 0.140  std 0.300  lr 1.0e-04  fps   9259   399.5s
it 8729/11200  reward     nan  ep_len    nan  fell    0  err_xy 0.122  std 0.300  lr 1.0e-04  fps   9258   399.7s
it 8730/11200  reward     nan  ep_len    nan  fell    0  err_xy 0.112  std 0.300  lr 1.0e-04  fps   9286   400.0s
it 8731/11200  reward     nan  ep_len    nan  fell    0  err_xy 0.106  std 0.300  lr 1.0e-04  fps   8779   400.2s
it 8732/11200  reward     nan  ep_len    nan  fell    0  err_xy 0.096  std 0.300  lr 1.0e-04  fps   8991   400.5s
it 8733/11200  reward     nan  ep_len    nan  fell    0  err_xy 0.097  std 0.300  lr 1.0e-04  fps   9187   400.7s
it 8734/11200  reward   59.42  ep_len  400.0  fell    0  err_xy 0.214  std 0.300  lr 1.0e-04  fps   7398   401.1s
it 8735/11200  reward     nan  ep_len    nan  fell    0  err_xy 0.305  std 0.300  lr 1.0e-04  fps   9756   401.3s
it 8736/11200  reward     nan  ep_len    nan  fell    0  err_xy 0.229  std 0.300  lr 1.0e-04  fps   9864   401.5s
it 8737/11200  reward     nan  ep_len    nan  fell    0  err_xy 0.204  std 0.300  lr 1.0e-04  fps   9764   401.8s
it 8738/11200  reward     nan  ep_len    nan  fell    0  err_xy 0.211  std 0.300  lr 1.0e-04  fps   9594   402.0s
it 8739/11200  reward     nan  ep_len    nan  fell    0  err_xy 0.222  std 0.300  lr 1.0e-04  fps   9407   402.3s
it 8740/11200  reward     nan  ep_len    nan  fell    0  err_xy 0.173  std 0.300  lr 1.0e-04  fps   9304   402.5s
it 8741/11200  reward     nan  ep_len    nan  fell    0  err_xy 0.160  std 0.300  lr 1.0e-04  fps   9357   402.7s
it 8742/11200  reward     nan  ep_len    nan  fell    0  err_xy 0.151  std 0.300  lr 1.0e-04  fps   9317   403.0s
it 8743/11200  reward     nan  ep_len    nan  fell    0  err_xy 0.152  std 0.300  lr 1.0e-04  fps   9463   403.2s
it 8744/11200  reward     nan  ep_len    nan  fell    0  err_xy 0.165  std 0.300  lr 1.0e-04  fps   9410   403.5s
it 8745/11200  reward     nan  ep_len    nan  fell    0  err_xy 0.123  std 0.300  lr 1.0e-04  fps   9272   403.7s
it 8746/11200  reward     nan  ep_len    nan  fell    0  err_xy 0.100  std 0.300  lr 1.0e-04  fps   9134   404.0s
it 8747/11200  reward     nan  ep_len    nan  fell    0  err_xy 0.086  std 0.300  lr 1.0e-04  fps   9179   404.2s
it 8748/11200  reward     nan  ep_len    nan  fell    0  err_xy 0.097  std 0.300  lr 1.0e-04  fps   8537   404.5s
it 8749/11200  reward     nan  ep_len    nan  fell    0  err_xy 0.094  std 0.300  lr 1.0e-04  fps   9103   404.8s
it 8750/11200  reward   59.05  ep_len  400.0  fell    0  err_xy 0.091  std 0.300  lr 1.0e-04  fps   7050   405.1s
it 8751/11200  reward     nan  ep_len    nan  fell    0  err_xy 0.309  std 0.300  lr 1.0e-04  fps   9609   405.3s
it 8752/11200  reward     nan  ep_len    nan  fell    0  err_xy 0.330  std 0.300  lr 1.0e-04  fps   9781   405.6s
it 8753/11200  reward     nan  ep_len    nan  fell    0  err_xy 0.232  std 0.300  lr 1.0e-04  fps   8764   405.8s
it 8754/11200  reward     nan  ep_len    nan  fell    0  err_xy 0.224  std 0.300  lr 1.0e-04  fps   9595   406.1s
it 8755/11200  reward     nan  ep_len    nan  fell    0  err_xy 0.233  std 0.300  lr 1.0e-04  fps   9578   406.3s
it 8756/11200  reward     nan  ep_len    nan  fell    0  err_xy 0.223  std 0.300  lr 1.0e-04  fps   9277   406.6s
it 8757/11200  reward     nan  ep_len    nan  fell    0  err_xy 0.187  std 0.300  lr 1.0e-04  fps   9247   406.8s
it 8758/11200  reward     nan  ep_len    nan  fell    0  err_xy 0.168  std 0.300  lr 1.0e-04  fps   8908   407.1s
it 8759/11200  reward     nan  ep_len    nan  fell    0  err_xy 0.159  std 0.300  lr 1.0e-04  fps   8797   407.3s
it 8760/11200  reward     nan  ep_len    nan  fell    0  err_xy 0.139  std 0.300  lr 1.0e-04  fps   8852   407.6s
it 8761/11200  reward     nan  ep_len    nan  fell    0  err_xy 0.125  std 0.300  lr 1.0e-04  fps   9060   407.8s
it 8762/11200  reward     nan  ep_len    nan  fell    0  err_xy 0.122  std 0.300  lr 1.0e-04  fps   8473   408.1s
it 8763/11200  reward     nan  ep_len    nan  fell    0  err_xy 0.128  std 0.300  lr 1.0e-04  fps   8205   408.4s
it 8764/11200  reward     nan  ep_len    nan  fell    0  err_xy 0.093  std 0.300  lr 1.0e-04  fps   7389   408.7s
it 8765/11200  reward     nan  ep_len    nan  fell    0  err_xy 0.081  std 0.300  lr 1.0e-04  fps   7039   409.0s
it 8766/11200  reward     nan  ep_len    nan  fell    0  err_xy 0.075  std 0.300  lr 1.0e-04  fps   8007   409.3s
it 8767/11200  reward   61.20  ep_len  400.0  fell    0  err_xy 0.122  std 0.300  lr 1.0e-04  fps   6993   409.7s
it 8768/11200  reward     nan  ep_len    nan  fell    0  err_xy 0.294  std 0.300  lr 1.0e-04  fps   9460   409.9s
it 8769/11200  reward     nan  ep_len    nan  fell    0  err_xy 0.263  std 0.300  lr 1.0e-04  fps   9841   410.1s
it 8770/11200  reward     nan  ep_len    nan  fell    0  err_xy 0.199  std 0.300  lr 1.0e-04  fps   9573   410.4s
it 8771/11200  reward     nan  ep_len    nan  fell    0  err_xy 0.209  std 0.300  lr 1.0e-04  fps   9617   410.6s
it 8772/11200  reward     nan  ep_len    nan  fell    0  err_xy 0.203  std 0.300  lr 1.0e-04  fps   9280   410.9s
it 8773/11200  reward     nan  ep_len    nan  fell    0  err_xy 0.192  std 0.300  lr 1.0e-04  fps   8677   411.1s
it 8774/11200  reward     nan  ep_len    nan  fell    0  err_xy 0.177  std 0.300  lr 1.0e-04  fps   9183   411.4s
it 8775/11200  reward     nan  ep_len    nan  fell    0  err_xy 0.166  std 0.300  lr 1.0e-04  fps   9175   411.6s
it 8776/11200  reward     nan  ep_len    nan  fell    0  err_xy 0.146  std 0.300  lr 1.0e-04  fps   9085   411.9s
it 8777/11200  reward     nan  ep_len    nan  fell    0  err_xy 0.119  std 0.300  lr 1.0e-04  fps   9245   412.1s
it 8778/11200  reward     nan  ep_len    nan  fell    0  err_xy 0.114  std 0.300  lr 1.0e-04  fps   8779   412.4s
it 8779/11200  reward     nan  ep_len    nan  fell    0  err_xy 0.100  std 0.300  lr 1.0e-04  fps   9061   412.7s
it 8780/11200  reward     nan  ep_len    nan  fell    0  err_xy 0.097  std 0.300  lr 1.0e-04  fps   9176   412.9s
it 8781/11200  reward     nan  ep_len    nan  fell    0  err_xy 0.088  std 0.300  lr 1.0e-04  fps   9239   413.2s
it 8782/11200  reward     nan  ep_len    nan  fell    0  err_xy 0.075  std 0.300  lr 1.0e-04  fps   9076   413.4s
it 8783/11200  reward     nan  ep_len    nan  fell    0  err_xy 0.065  std 0.300  lr 1.0e-04  fps   8246   413.7s
it 8784/11200  reward   62.75  ep_len  400.0  fell    0  err_xy 0.227  std 0.300  lr 1.0e-04  fps   7514   414.0s
it 8785/11200  reward     nan  ep_len    nan  fell    0  err_xy 0.316  std 0.300  lr 1.0e-04  fps   9936   414.2s
it 8786/11200  reward     nan  ep_len    nan  fell    0  err_xy 0.248  std 0.300  lr 1.0e-04  fps   9793   414.5s
it 8787/11200  reward     nan  ep_len    nan  fell    0  err_xy 0.222  std 0.300  lr 1.0e-04  fps   9803   414.7s
it 8788/11200  reward     nan  ep_len    nan  fell    0  err_xy 0.243  std 0.300  lr 1.0e-04  fps   9583   414.9s
it 8789/11200  reward     nan  ep_len    nan  fell    0  err_xy 0.222  std 0.300  lr 1.0e-04  fps   9402   415.2s
it 8790/11200  reward     nan  ep_len    nan  fell    0  err_xy 0.212  std 0.300  lr 1.0e-04  fps   9357   415.4s
it 8791/11200  reward     nan  ep_len    nan  fell    0  err_xy 0.179  std 0.300  lr 1.0e-04  fps   9329   415.7s
it 8792/11200  reward     nan  ep_len    nan  fell    0  err_xy 0.148  std 0.300  lr 1.0e-04  fps   9248   415.9s
it 8793/11200  reward     nan  ep_len    nan  fell    0  err_xy 0.129  std 0.300  lr 1.0e-04  fps   8890   416.2s
it 8794/11200  reward     nan  ep_len    nan  fell    0  err_xy 0.090  std 0.300  lr 1.0e-04  fps   8987   416.4s
it 8795/11200  reward     nan  ep_len    nan  fell    0  err_xy 0.080  std 0.300  lr 1.0e-04  fps   8981   416.7s
it 8796/11200  reward     nan  ep_len    nan  fell    0  err_xy 0.065  std 0.300  lr 1.0e-04  fps   8972   417.0s
it 8797/11200  reward     nan  ep_len    nan  fell    0  err_xy 0.049  std 0.300  lr 1.0e-04  fps   8998   417.2s
it 8798/11200  reward     nan  ep_len    nan  fell    0  err_xy 0.045  std 0.300  lr 1.0e-04  fps   8876   417.5s
it 8799/11200  reward     nan  ep_len    nan  fell    0  err_xy 0.047  std 0.300  lr 1.0e-04  fps   8674   417.7s
it 8800/11200  reward   67.85  ep_len  400.0  fell    0  err_xy 0.045  std 0.300  lr 1.0e-04  fps   6724   418.1s
eval iteration 8800:
  prone          success   0.0%  time 8.00s  peak_τ 0.96 Nm  return 63.47
  supine         success   0.0%  time 8.00s  peak_τ 0.96 Nm  return 49.04
  score 0.000
it 8801/11200  reward     nan  ep_len    nan  fell    0  err_xy 0.308  std 0.300  lr 1.0e-04  fps   9533   420.3s
it 8802/11200  reward     nan  ep_len    nan  fell    0  err_xy 0.320  std 0.300  lr 1.0e-04  fps   9431   420.5s
it 8803/11200  reward     nan  ep_len    nan  fell    0  err_xy 0.251  std 0.300  lr 1.0e-04  fps   9507   420.8s
it 8804/11200  reward     nan  ep_len    nan  fell    0  err_xy 0.245  std 0.300  lr 1.0e-04  fps   9361   421.0s
it 8805/11200  reward     nan  ep_len    nan  fell    0  err_xy 0.231  std 0.300  lr 1.0e-04  fps   8905   421.3s
it 8806/11200  reward     nan  ep_len    nan  fell    0  err_xy 0.210  std 0.300  lr 1.0e-04  fps   8058   421.6s
it 8807/11200  reward     nan  ep_len    nan  fell    0  err_xy 0.207  std 0.300  lr 1.0e-04  fps   9037   421.8s
it 8808/11200  reward     nan  ep_len    nan  fell    0  err_xy 0.177  std 0.300  lr 1.0e-04  fps   8866   422.1s
it 8809/11200  reward     nan  ep_len    nan  fell    0  err_xy 0.148  std 0.300  lr 1.0e-04  fps   8821   422.3s
it 8810/11200  reward     nan  ep_len    nan  fell    0  err_xy 0.122  std 0.300  lr 1.0e-04  fps   8790   422.6s
it 8811/11200  reward     nan  ep_len    nan  fell    0  err_xy 0.114  std 0.300  lr 1.0e-04  fps   8485   422.9s
it 8812/11200  reward     nan  ep_len    nan  fell    0  err_xy 0.094  std 0.300  lr 1.0e-04  fps   8532   423.2s
it 8813/11200  reward     nan  ep_len    nan  fell    0  err_xy 0.086  std 0.300  lr 1.0e-04  fps   8652   423.4s
it 8814/11200  reward     nan  ep_len    nan  fell    0  err_xy 0.078  std 0.300  lr 1.0e-04  fps   8811   423.7s
it 8815/11200  reward     nan  ep_len    nan  fell    0  err_xy 0.086  std 0.300  lr 1.0e-04  fps   8867   423.9s
it 8816/11200  reward     nan  ep_len    nan  fell    0  err_xy 0.073  std 0.300  lr 1.0e-04  fps   8735   424.2s
it 8817/11200  reward   65.25  ep_len  400.0  fell    0  err_xy 0.118  std 0.300  lr 1.0e-04  fps   6787   424.5s
it 8818/11200  reward     nan  ep_len    nan  fell    0  err_xy 0.320  std 0.300  lr 1.0e-04  fps   8753   424.8s
it 8819/11200  reward     nan  ep_len    nan  fell    0  err_xy 0.270  std 0.300  lr 1.0e-04  fps   8970   425.1s
it 8820/11200  reward     nan  ep_len    nan  fell    0  err_xy 0.206  std 0.300  lr 1.0e-04  fps   9266   425.3s
it 8821/11200  reward     nan  ep_len    nan  fell    0  err_xy 0.230  std 0.300  lr 1.0e-04  fps   9260   425.6s
it 8822/11200  reward     nan  ep_len    nan  fell    0  err_xy 0.238  std 0.300  lr 1.0e-04  fps   9111   425.8s
it 8823/11200  reward     nan  ep_len    nan  fell    0  err_xy 0.223  std 0.300  lr 1.0e-04  fps   9031   426.1s
it 8824/11200  reward     nan  ep_len    nan  fell    0  err_xy 0.192  std 0.300  lr 1.0e-04  fps   8900   426.3s
it 8825/11200  reward     nan  ep_len    nan  fell    0  err_xy 0.167  std 0.300  lr 1.0e-04  fps   8282   426.6s
it 8826/11200  reward     nan  ep_len    nan  fell    0  err_xy 0.150  std 0.300  lr 1.0e-04  fps   7662   426.9s
it 8827/11200  reward     nan  ep_len    nan  fell    0  err_xy 0.141  std 0.300  lr 1.0e-04  fps   7945   427.2s
it 8828/11200  reward     nan  ep_len    nan  fell    0  err_xy 0.105  std 0.300  lr 1.0e-04  fps   7647   427.5s
it 8829/11200  reward     nan  ep_len    nan  fell    0  err_xy 0.101  std 0.300  lr 1.0e-04  fps   7928   427.8s
it 8830/11200  reward     nan  ep_len    nan  fell    0  err_xy 0.095  std 0.300  lr 1.0e-04  fps   7784   428.1s
it 8831/11200  reward     nan  ep_len    nan  fell    0  err_xy 0.086  std 0.300  lr 1.0e-04  fps   7567   428.4s
it 8832/11200  reward     nan  ep_len    nan  fell    0  err_xy 0.070  std 0.300  lr 1.0e-04  fps   7693   428.7s
it 8833/11200  reward     nan  ep_len    nan  fell    0  err_xy 0.060  std 0.300  lr 1.0e-04  fps   7697   429.0s
it 8834/11200  reward   61.66  ep_len  400.0  fell    0  err_xy 0.243  std 0.300  lr 1.0e-04  fps   6448   429.4s
it 8835/11200  reward     nan  ep_len    nan  fell    0  err_xy 0.342  std 0.300  lr 1.0e-04  fps   8425   429.6s
it 8836/11200  reward     nan  ep_len    nan  fell    0  err_xy 0.254  std 0.300  lr 1.0e-04  fps   8225   429.9s
it 8837/11200  reward     nan  ep_len    nan  fell    0  err_xy 0.226  std 0.300  lr 1.0e-04  fps   8364   430.2s
it 8838/11200  reward     nan  ep_len    nan  fell    0  err_xy 0.262  std 0.300  lr 1.0e-04  fps   7809   430.5s
it 8839/11200  reward     nan  ep_len    nan  fell    0  err_xy 0.238  std 0.300  lr 1.0e-04  fps   7547   430.8s
it 8840/11200  reward     nan  ep_len    nan  fell    0  err_xy 0.213  std 0.300  lr 1.0e-04  fps   7676   431.1s
it 8841/11200  reward     nan  ep_len    nan  fell    0  err_xy 0.174  std 0.300  lr 1.0e-04  fps   7810   431.4s
it 8842/11200  reward     nan  ep_len    nan  fell    0  err_xy 0.161  std 0.300  lr 1.0e-04  fps   7840   431.7s
it 8843/11200  reward     nan  ep_len    nan  fell    0  err_xy 0.127  std 0.300  lr 1.0e-04  fps   7338   432.0s
it 8844/11200  reward     nan  ep_len    nan  fell    0  err_xy 0.130  std 0.300  lr 1.0e-04  fps   7625   432.3s
it 8845/11200  reward     nan  ep_len    nan  fell    0  err_xy 0.110  std 0.300  lr 1.0e-04  fps   7770   432.6s
it 8846/11200  reward     nan  ep_len    nan  fell    0  err_xy 0.078  std 0.300  lr 1.0e-04  fps   7726   432.9s
it 8847/11200  reward     nan  ep_len    nan  fell    0  err_xy 0.080  std 0.300  lr 1.0e-04  fps   7702   433.2s
it 8848/11200  reward     nan  ep_len    nan  fell    0  err_xy 0.079  std 0.300  lr 1.0e-04  fps   7758   433.5s
it 8849/11200  reward     nan  ep_len    nan  fell    0  err_xy 0.066  std 0.300  lr 1.0e-04  fps   7547   433.8s
it 8850/11200  reward   67.58  ep_len  400.0  fell    0  err_xy 0.059  std 0.300  lr 1.0e-04  fps   5756   434.2s
it 8851/11200  reward     nan  ep_len    nan  fell    0  err_xy 0.314  std 0.300  lr 1.0e-04  fps   9024   434.4s
it 8852/11200  reward     nan  ep_len    nan  fell    0  err_xy 0.323  std 0.300  lr 1.0e-04  fps   9501   434.7s
it 8853/11200  reward     nan  ep_len    nan  fell    0  err_xy 0.238  std 0.300  lr 1.0e-04  fps   9621   434.9s
it 8854/11200  reward     nan  ep_len    nan  fell    0  err_xy 0.242  std 0.300  lr 1.0e-04  fps   9471   435.2s
it 8855/11200  reward     nan  ep_len    nan  fell    0  err_xy 0.205  std 0.300  lr 1.0e-04  fps   9346   435.4s
it 8856/11200  reward     nan  ep_len    nan  fell    0  err_xy 0.193  std 0.300  lr 1.0e-04  fps   9207   435.7s
it 8857/11200  reward     nan  ep_len    nan  fell    0  err_xy 0.159  std 0.300  lr 1.0e-04  fps   9184   435.9s
it 8858/11200  reward     nan  ep_len    nan  fell    0  err_xy 0.117  std 0.300  lr 1.0e-04  fps   9211   436.2s
it 8859/11200  reward     nan  ep_len    nan  fell    0  err_xy 0.134  std 0.300  lr 1.0e-04  fps   9179   436.4s
it 8860/11200  reward     nan  ep_len    nan  fell    0  err_xy 0.111  std 0.300  lr 1.0e-04  fps   9107   436.7s
it 8861/11200  reward     nan  ep_len    nan  fell    0  err_xy 0.088  std 0.300  lr 1.0e-04  fps   9056   436.9s
it 8862/11200  reward     nan  ep_len    nan  fell    0  err_xy 0.065  std 0.300  lr 1.0e-04  fps   8845   437.2s
it 8863/11200  reward     nan  ep_len    nan  fell    0  err_xy 0.051  std 0.300  lr 1.0e-04  fps   8301   437.5s
it 8864/11200  reward     nan  ep_len    nan  fell    0  err_xy 0.053  std 0.300  lr 1.0e-04  fps   8870   437.7s
it 8865/11200  reward     nan  ep_len    nan  fell    0  err_xy 0.048  std 0.300  lr 1.0e-04  fps   8603   438.0s
it 8866/11200  reward     nan  ep_len    nan  fell    0  err_xy 0.035  std 0.300  lr 1.0e-04  fps   8760   438.3s
it 8867/11200  reward   71.08  ep_len  400.0  fell    0  err_xy 0.110  std 0.300  lr 1.0e-04  fps   7154   438.6s
it 8868/11200  reward     nan  ep_len    nan  fell    0  err_xy 0.337  std 0.300  lr 1.0e-04  fps   9815   438.8s
it 8869/11200  reward     nan  ep_len    nan  fell    0  err_xy 0.318  std 0.300  lr 1.0e-04  fps   9827   439.1s
it 8870/11200  reward     nan  ep_len    nan  fell    0  err_xy 0.242  std 0.300  lr 1.0e-04  fps   9702   439.3s
it 8871/11200  reward     nan  ep_len    nan  fell    0  err_xy 0.258  std 0.300  lr 1.0e-04  fps   9480   439.5s
it 8872/11200  reward     nan  ep_len    nan  fell    0  err_xy 0.220  std 0.300  lr 1.0e-04  fps   9286   439.8s
it 8873/11200  reward     nan  ep_len    nan  fell    0  err_xy 0.219  std 0.300  lr 1.0e-04  fps   9120   440.0s
it 8874/11200  reward     nan  ep_len    nan  fell    0  err_xy 0.178  std 0.300  lr 1.0e-04  fps   9189   440.3s
it 8875/11200  reward     nan  ep_len    nan  fell    0  err_xy 0.171  std 0.300  lr 1.0e-04  fps   8975   440.5s
it 8876/11200  reward     nan  ep_len    nan  fell    0  err_xy 0.127  std 0.300  lr 1.0e-04  fps   9188   440.8s
it 8877/11200  reward     nan  ep_len    nan  fell    0  err_xy 0.115  std 0.300  lr 1.0e-04  fps   9068   441.0s
it 8878/11200  reward     nan  ep_len    nan  fell    0  err_xy 0.101  std 0.300  lr 1.0e-04  fps   9112   441.3s
it 8879/11200  reward     nan  ep_len    nan  fell    0  err_xy 0.085  std 0.300  lr 1.0e-04  fps   9031   441.6s
it 8880/11200  reward     nan  ep_len    nan  fell    0  err_xy 0.088  std 0.300  lr 1.0e-04  fps   8793   441.8s
it 8881/11200  reward     nan  ep_len    nan  fell    0  err_xy 0.067  std 0.300  lr 1.0e-04  fps   8249   442.1s
it 8882/11200  reward     nan  ep_len    nan  fell    0  err_xy 0.064  std 0.300  lr 1.0e-04  fps   9112   442.4s
it 8883/11200  reward     nan  ep_len    nan  fell    0  err_xy 0.059  std 0.300  lr 1.0e-04  fps   8996   442.6s
it 8884/11200  reward   66.49  ep_len  400.0  fell    0  err_xy 0.235  std 0.300  lr 1.0e-04  fps   6878   442.9s
it 8885/11200  reward     nan  ep_len    nan  fell    0  err_xy 0.308  std 0.300  lr 1.0e-04  fps   9745   443.2s
it 8886/11200  reward     nan  ep_len    nan  fell    0  err_xy 0.252  std 0.300  lr 1.0e-04  fps   9710   443.4s
it 8887/11200  reward     nan  ep_len    nan  fell    0  err_xy 0.251  std 0.300  lr 1.0e-04  fps   9575   443.7s
it 8888/11200  reward     nan  ep_len    nan  fell    0  err_xy 0.246  std 0.300  lr 1.0e-04  fps   9088   443.9s
it 8889/11200  reward     nan  ep_len    nan  fell    0  err_xy 0.229  std 0.300  lr 1.0e-04  fps   9043   444.2s
it 8890/11200  reward     nan  ep_len    nan  fell    0  err_xy 0.222  std 0.300  lr 1.0e-04  fps   8918   444.4s
it 8891/11200  reward     nan  ep_len    nan  fell    0  err_xy 0.181  std 0.300  lr 1.0e-04  fps   8909   444.7s
it 8892/11200  reward     nan  ep_len    nan  fell    0  err_xy 0.156  std 0.300  lr 1.0e-04  fps   8885   444.9s
it 8893/11200  reward     nan  ep_len    nan  fell    0  err_xy 0.144  std 0.300  lr 1.0e-04  fps   9257   445.2s
it 8894/11200  reward     nan  ep_len    nan  fell    0  err_xy 0.111  std 0.300  lr 1.0e-04  fps   9187   445.4s
it 8895/11200  reward     nan  ep_len    nan  fell    0  err_xy 0.112  std 0.300  lr 1.0e-04  fps   9128   445.7s
it 8896/11200  reward     nan  ep_len    nan  fell    0  err_xy 0.108  std 0.300  lr 1.0e-04  fps   9052   446.0s
it 8897/11200  reward     nan  ep_len    nan  fell    0  err_xy 0.079  std 0.300  lr 1.0e-04  fps   8851   446.2s
it 8898/11200  reward     nan  ep_len    nan  fell    0  err_xy 0.073  std 0.300  lr 1.0e-04  fps   8990   446.5s
it 8899/11200  reward     nan  ep_len    nan  fell    0  err_xy 0.065  std 0.300  lr 1.0e-04  fps   9112   446.7s
it 8900/11200  reward   64.72  ep_len  400.0  fell    0  err_xy 0.052  std 0.300  lr 1.0e-04  fps   7090   447.0s
it 8901/11200  reward     nan  ep_len    nan  fell    0  err_xy 0.302  std 0.300  lr 1.0e-04  fps   9760   447.3s
it 8902/11200  reward     nan  ep_len    nan  fell    0  err_xy 0.305  std 0.300  lr 1.0e-04  fps   9799   447.5s
it 8903/11200  reward     nan  ep_len    nan  fell    0  err_xy 0.218  std 0.300  lr 1.0e-04  fps   9676   447.8s
it 8904/11200  reward     nan  ep_len    nan  fell    0  err_xy 0.231  std 0.300  lr 1.0e-04  fps   9650   448.0s
it 8905/11200  reward     nan  ep_len    nan  fell    0  err_xy 0.231  std 0.300  lr 1.0e-04  fps   9388   448.2s
it 8906/11200  reward     nan  ep_len    nan  fell    0  err_xy 0.221  std 0.300  lr 1.0e-04  fps   9332   448.5s
it 8907/11200  reward     nan  ep_len    nan  fell    0  err_xy 0.190  std 0.300  lr 1.0e-04  fps   9319   448.7s
it 8908/11200  reward     nan  ep_len    nan  fell    0  err_xy 0.171  std 0.300  lr 1.0e-04  fps   9187   449.0s
it 8909/11200  reward     nan  ep_len    nan  fell    0  err_xy 0.139  std 0.300  lr 1.0e-04  fps   9133   449.2s
it 8910/11200  reward     nan  ep_len    nan  fell    0  err_xy 0.104  std 0.300  lr 1.0e-04  fps   9077   449.5s
it 8911/11200  reward     nan  ep_len    nan  fell    0  err_xy 0.077  std 0.300  lr 1.0e-04  fps   8950   449.8s
it 8912/11200  reward     nan  ep_len    nan  fell    0  err_xy 0.064  std 0.300  lr 1.0e-04  fps   9193   450.0s
it 8913/11200  reward     nan  ep_len    nan  fell    0  err_xy 0.063  std 0.300  lr 1.0e-04  fps   9143   450.3s
it 8914/11200  reward     nan  ep_len    nan  fell    0  err_xy 0.051  std 0.300  lr 1.0e-04  fps   8971   450.5s
it 8915/11200  reward     nan  ep_len    nan  fell    0  err_xy 0.046  std 0.300  lr 1.0e-04  fps   8958   450.8s
it 8916/11200  reward     nan  ep_len    nan  fell    0  err_xy 0.040  std 0.300  lr 1.0e-04  fps   8868   451.0s
it 8917/11200  reward   70.01  ep_len  400.0  fell    0  err_xy 0.108  std 0.300  lr 1.0e-04  fps   7130   451.4s
it 8918/11200  reward     nan  ep_len    nan  fell    0  err_xy 0.337  std 0.300  lr 1.0e-04  fps   9708   451.6s
it 8919/11200  reward     nan  ep_len    nan  fell    0  err_xy 0.295  std 0.300  lr 1.0e-04  fps   9721   451.8s
it 8920/11200  reward     nan  ep_len    nan  fell    0  err_xy 0.239  std 0.300  lr 1.0e-04  fps   9680   452.1s
it 8921/11200  reward     nan  ep_len    nan  fell    0  err_xy 0.261  std 0.300  lr 1.0e-04  fps   9637   452.3s
it 8922/11200  reward     nan  ep_len    nan  fell    0  err_xy 0.200  std 0.300  lr 1.0e-04  fps   9407   452.6s
it 8923/11200  reward     nan  ep_len    nan  fell    0  err_xy 0.194  std 0.300  lr 1.0e-04  fps   9209   452.8s
it 8924/11200  reward     nan  ep_len    nan  fell    0  err_xy 0.163  std 0.300  lr 1.0e-04  fps   9227   453.1s
it 8925/11200  reward     nan  ep_len    nan  fell    0  err_xy 0.133  std 0.300  lr 1.0e-04  fps   9117   453.3s
it 8926/11200  reward     nan  ep_len    nan  fell    0  err_xy 0.115  std 0.300  lr 1.0e-04  fps   9177   453.6s
it 8927/11200  reward     nan  ep_len    nan  fell    0  err_xy 0.111  std 0.300  lr 1.0e-04  fps   9209   453.8s
it 8928/11200  reward     nan  ep_len    nan  fell    0  err_xy 0.091  std 0.300  lr 1.0e-04  fps   9047   454.1s
it 8929/11200  reward     nan  ep_len    nan  fell    0  err_xy 0.085  std 0.300  lr 1.0e-04  fps   9071   454.3s
it 8930/11200  reward     nan  ep_len    nan  fell    0  err_xy 0.069  std 0.300  lr 1.0e-04  fps   8055   454.6s
it 8931/11200  reward     nan  ep_len    nan  fell    0  err_xy 0.065  std 0.300  lr 1.0e-04  fps   8924   454.9s
it 8932/11200  reward     nan  ep_len    nan  fell    0  err_xy 0.053  std 0.300  lr 1.0e-04  fps   8868   455.1s
it 8933/11200  reward     nan  ep_len    nan  fell    0  err_xy 0.043  std 0.300  lr 1.0e-04  fps   8988   455.4s
it 8934/11200  reward   71.75  ep_len  400.0  fell    0  err_xy 0.227  std 0.300  lr 1.0e-04  fps   7274   455.7s
it 8935/11200  reward     nan  ep_len    nan  fell    0  err_xy 0.341  std 0.300  lr 1.0e-04  fps   9708   455.9s
it 8936/11200  reward     nan  ep_len    nan  fell    0  err_xy 0.275  std 0.300  lr 1.0e-04  fps   9676   456.2s
it 8937/11200  reward     nan  ep_len    nan  fell    0  err_xy 0.251  std 0.300  lr 1.0e-04  fps   9317   456.4s
it 8938/11200  reward     nan  ep_len    nan  fell    0  err_xy 0.265  std 0.300  lr 1.0e-04  fps   9393   456.7s
it 8939/11200  reward     nan  ep_len    nan  fell    0  err_xy 0.211  std 0.300  lr 1.0e-04  fps   9135   456.9s
it 8940/11200  reward     nan  ep_len    nan  fell    0  err_xy 0.170  std 0.300  lr 1.0e-04  fps   9104   457.2s
it 8941/11200  reward     nan  ep_len    nan  fell    0  err_xy 0.163  std 0.300  lr 1.0e-04  fps   9027   457.4s
it 8942/11200  reward     nan  ep_len    nan  fell    0  err_xy 0.126  std 0.300  lr 1.0e-04  fps   8962   457.7s
it 8943/11200  reward     nan  ep_len    nan  fell    0  err_xy 0.108  std 0.300  lr 1.0e-04  fps   9096   457.9s
it 8944/11200  reward     nan  ep_len    nan  fell    0  err_xy 0.102  std 0.300  lr 1.0e-04  fps   9001   458.2s
it 8945/11200  reward     nan  ep_len    nan  fell    0  err_xy 0.079  std 0.300  lr 1.0e-04  fps   8992   458.5s
it 8946/11200  reward     nan  ep_len    nan  fell    0  err_xy 0.083  std 0.300  lr 1.0e-04  fps   8957   458.7s
it 8947/11200  reward     nan  ep_len    nan  fell    0  err_xy 0.078  std 0.300  lr 1.0e-04  fps   8967   459.0s
it 8948/11200  reward     nan  ep_len    nan  fell    0  err_xy 0.062  std 0.300  lr 1.0e-04  fps   8986   459.2s
it 8949/11200  reward     nan  ep_len    nan  fell    0  err_xy 0.059  std 0.300  lr 1.0e-04  fps   8954   459.5s
it 8950/11200  reward   71.64  ep_len  400.0  fell    0  err_xy 0.044  std 0.300  lr 1.0e-04  fps   7123   459.8s
it 8951/11200  reward     nan  ep_len    nan  fell    0  err_xy 0.305  std 0.300  lr 1.0e-04  fps   9637   460.0s
it 8952/11200  reward     nan  ep_len    nan  fell    0  err_xy 0.302  std 0.300  lr 1.0e-04  fps   9769   460.3s
it 8953/11200  reward     nan  ep_len    nan  fell    0  err_xy 0.247  std 0.300  lr 1.0e-04  fps   9656   460.5s
it 8954/11200  reward     nan  ep_len    nan  fell    0  err_xy 0.245  std 0.300  lr 1.0e-04  fps   9554   460.8s
it 8955/11200  reward     nan  ep_len    nan  fell    0  err_xy 0.226  std 0.300  lr 1.0e-04  fps   9069   461.0s
it 8956/11200  reward     nan  ep_len    nan  fell    0  err_xy 0.207  std 0.300  lr 1.0e-04  fps   9305   461.3s
it 8957/11200  reward     nan  ep_len    nan  fell    0  err_xy 0.193  std 0.300  lr 1.0e-04  fps   9244   461.5s
it 8958/11200  reward     nan  ep_len    nan  fell    0  err_xy 0.157  std 0.300  lr 1.0e-04  fps   9100   461.8s
it 8959/11200  reward     nan  ep_len    nan  fell    0  err_xy 0.134  std 0.300  lr 1.0e-04  fps   9037   462.0s
it 8960/11200  reward     nan  ep_len    nan  fell    0  err_xy 0.101  std 0.300  lr 1.0e-04  fps   8855   462.3s
it 8961/11200  reward     nan  ep_len    nan  fell    0  err_xy 0.066  std 0.300  lr 1.0e-04  fps   8945   462.5s
it 8962/11200  reward     nan  ep_len    nan  fell    0  err_xy 0.056  std 0.300  lr 1.0e-04  fps   8863   462.8s
it 8963/11200  reward     nan  ep_len    nan  fell    0  err_xy 0.058  std 0.300  lr 1.0e-04  fps   8901   463.1s
it 8964/11200  reward     nan  ep_len    nan  fell    0  err_xy 0.050  std 0.300  lr 1.0e-04  fps   9064   463.3s
it 8965/11200  reward     nan  ep_len    nan  fell    0  err_xy 0.042  std 0.300  lr 1.0e-04  fps   8989   463.6s
it 8966/11200  reward     nan  ep_len    nan  fell    0  err_xy 0.036  std 0.300  lr 1.0e-04  fps   8991   463.8s
it 8967/11200  reward   69.36  ep_len  400.0  fell    0  err_xy 0.112  std 0.300  lr 1.0e-04  fps   7175   464.1s
it 8968/11200  reward     nan  ep_len    nan  fell    0  err_xy 0.322  std 0.300  lr 1.0e-04  fps   9799   464.4s
it 8969/11200  reward     nan  ep_len    nan  fell    0  err_xy 0.307  std 0.300  lr 1.0e-04  fps   9681   464.6s
it 8970/11200  reward     nan  ep_len    nan  fell    0  err_xy 0.227  std 0.300  lr 1.0e-04  fps   9670   464.9s
it 8971/11200  reward     nan  ep_len    nan  fell    0  err_xy 0.262  std 0.300  lr 1.0e-04  fps   9428   465.1s
it 8972/11200  reward     nan  ep_len    nan  fell    0  err_xy 0.193  std 0.300  lr 1.0e-04  fps   9150   465.4s
it 8973/11200  reward     nan  ep_len    nan  fell    0  err_xy 0.176  std 0.300  lr 1.0e-04  fps   9029   465.6s
it 8974/11200  reward     nan  ep_len    nan  fell    0  err_xy 0.122  std 0.300  lr 1.0e-04  fps   8912   465.9s
it 8975/11200  reward     nan  ep_len    nan  fell    0  err_xy 0.090  std 0.300  lr 1.0e-04  fps   9022   466.1s
it 8976/11200  reward     nan  ep_len    nan  fell    0  err_xy 0.084  std 0.300  lr 1.0e-04  fps   9019   466.4s
it 8977/11200  reward     nan  ep_len    nan  fell    0  err_xy 0.068  std 0.300  lr 1.0e-04  fps   9009   466.6s
it 8978/11200  reward     nan  ep_len    nan  fell    0  err_xy 0.063  std 0.300  lr 1.0e-04  fps   8975   466.9s
it 8979/11200  reward     nan  ep_len    nan  fell    0  err_xy 0.050  std 0.300  lr 1.0e-04  fps   9033   467.2s
it 8980/11200  reward     nan  ep_len    nan  fell    0  err_xy 0.038  std 0.300  lr 1.0e-04  fps   8945   467.4s
it 8981/11200  reward     nan  ep_len    nan  fell    0  err_xy 0.035  std 0.300  lr 1.0e-04  fps   9093   467.7s
it 8982/11200  reward     nan  ep_len    nan  fell    0  err_xy 0.031  std 0.300  lr 1.0e-04  fps   9026   467.9s
it 8983/11200  reward     nan  ep_len    nan  fell    0  err_xy 0.036  std 0.300  lr 1.0e-04  fps   8887   468.2s
it 8984/11200  reward   76.66  ep_len  400.0  fell    0  err_xy 0.205  std 0.300  lr 1.0e-04  fps   7246   468.5s
it 8985/11200  reward     nan  ep_len    nan  fell    0  err_xy 0.311  std 0.300  lr 1.0e-04  fps   9318   468.7s
it 8986/11200  reward     nan  ep_len    nan  fell    0  err_xy 0.261  std 0.300  lr 1.0e-04  fps   8603   469.0s
it 8987/11200  reward     nan  ep_len    nan  fell    0  err_xy 0.220  std 0.300  lr 1.0e-04  fps   9556   469.3s
it 8988/11200  reward     nan  ep_len    nan  fell    0  err_xy 0.249  std 0.300  lr 1.0e-04  fps   9383   469.5s
it 8989/11200  reward     nan  ep_len    nan  fell    0  err_xy 0.209  std 0.300  lr 1.0e-04  fps   9136   469.8s
it 8990/11200  reward     nan  ep_len    nan  fell    0  err_xy 0.158  std 0.300  lr 1.0e-04  fps   9135   470.0s
it 8991/11200  reward     nan  ep_len    nan  fell    0  err_xy 0.127  std 0.300  lr 1.0e-04  fps   9084   470.3s
it 8992/11200  reward     nan  ep_len    nan  fell    0  err_xy 0.125  std 0.300  lr 1.0e-04  fps   8948   470.5s
it 8993/11200  reward     nan  ep_len    nan  fell    0  err_xy 0.104  std 0.300  lr 1.0e-04  fps   8921   470.8s
it 8994/11200  reward     nan  ep_len    nan  fell    0  err_xy 0.093  std 0.300  lr 1.0e-04  fps   8863   471.0s
it 8995/11200  reward     nan  ep_len    nan  fell    0  err_xy 0.078  std 0.300  lr 1.0e-04  fps   8991   471.3s
it 8996/11200  reward     nan  ep_len    nan  fell    0  err_xy 0.078  std 0.300  lr 1.0e-04  fps   8936   471.6s
it 8997/11200  reward     nan  ep_len    nan  fell    0  err_xy 0.060  std 0.300  lr 1.0e-04  fps   8870   471.8s
it 8998/11200  reward     nan  ep_len    nan  fell    0  err_xy 0.050  std 0.300  lr 1.0e-04  fps   8927   472.1s
it 8999/11200  reward     nan  ep_len    nan  fell    0  err_xy 0.043  std 0.300  lr 1.0e-04  fps   8995   472.3s
it 9000/11200  reward   72.17  ep_len  400.0  fell    0  err_xy 0.043  std 0.300  lr 1.0e-04  fps   7073   472.7s
eval iteration 9000:
  prone          success   0.0%  time 8.00s  peak_τ 0.96 Nm  return 71.15
  supine         success   0.0%  time 8.00s  peak_τ 0.96 Nm  return 63.43
  score 0.000
it 9001/11200  reward     nan  ep_len    nan  fell    0  err_xy 0.298  std 0.300  lr 1.0e-04  fps   9828   474.8s
it 9002/11200  reward     nan  ep_len    nan  fell    0  err_xy 0.291  std 0.300  lr 1.0e-04  fps   9762   475.1s
it 9003/11200  reward     nan  ep_len    nan  fell    0  err_xy 0.228  std 0.300  lr 1.0e-04  fps   8861   475.3s
it 9004/11200  reward     nan  ep_len    nan  fell    0  err_xy 0.251  std 0.300  lr 1.0e-04  fps   9611   475.6s
it 9005/11200  reward     nan  ep_len    nan  fell    0  err_xy 0.205  std 0.300  lr 1.0e-04  fps   9001   475.8s
it 9006/11200  reward     nan  ep_len    nan  fell    0  err_xy 0.174  std 0.300  lr 1.0e-04  fps   8822   476.1s
it 9007/11200  reward     nan  ep_len    nan  fell    0  err_xy 0.124  std 0.300  lr 1.0e-04  fps   8764   476.4s
it 9008/11200  reward     nan  ep_len    nan  fell    0  err_xy 0.099  std 0.300  lr 1.0e-04  fps   8499   476.6s
it 9009/11200  reward     nan  ep_len    nan  fell    0  err_xy 0.070  std 0.300  lr 1.0e-04  fps   9101   476.9s
it 9010/11200  reward     nan  ep_len    nan  fell    0  err_xy 0.049  std 0.300  lr 1.0e-04  fps   8999   477.1s
it 9011/11200  reward     nan  ep_len    nan  fell    0  err_xy 0.059  std 0.300  lr 1.0e-04  fps   8832   477.4s
it 9012/11200  reward     nan  ep_len    nan  fell    0  err_xy 0.045  std 0.300  lr 1.0e-04  fps   9012   477.7s
it 9013/11200  reward     nan  ep_len    nan  fell    0  err_xy 0.047  std 0.300  lr 1.0e-04  fps   9154   477.9s
it 9014/11200  reward     nan  ep_len    nan  fell    0  err_xy 0.036  std 0.300  lr 1.0e-04  fps   9113   478.2s
it 9015/11200  reward     nan  ep_len    nan  fell    0  err_xy 0.036  std 0.300  lr 1.0e-04  fps   9011   478.4s
it 9016/11200  reward     nan  ep_len    nan  fell    0  err_xy 0.030  std 0.300  lr 1.0e-04  fps   9055   478.7s
it 9017/11200  reward   74.13  ep_len  400.0  fell    0  err_xy 0.102  std 0.300  lr 1.0e-04  fps   7281   479.0s
it 9018/11200  reward     nan  ep_len    nan  fell    0  err_xy 0.315  std 0.300  lr 1.0e-04  fps   9869   479.2s
it 9019/11200  reward     nan  ep_len    nan  fell    0  err_xy 0.244  std 0.300  lr 1.0e-04  fps   9841   479.5s
it 9020/11200  reward     nan  ep_len    nan  fell    0  err_xy 0.190  std 0.300  lr 1.0e-04  fps   9821   479.7s
it 9021/11200  reward     nan  ep_len    nan  fell    0  err_xy 0.220  std 0.300  lr 1.0e-04  fps   9633   479.9s
it 9022/11200  reward     nan  ep_len    nan  fell    0  err_xy 0.199  std 0.300  lr 1.0e-04  fps   9291   480.2s
it 9023/11200  reward     nan  ep_len    nan  fell    0  err_xy 0.162  std 0.300  lr 1.0e-04  fps   9198   480.4s
it 9024/11200  reward     nan  ep_len    nan  fell    0  err_xy 0.108  std 0.300  lr 1.0e-04  fps   9032   480.7s
it 9025/11200  reward     nan  ep_len    nan  fell    0  err_xy 0.087  std 0.300  lr 1.0e-04  fps   9009   480.9s
it 9026/11200  reward     nan  ep_len    nan  fell    0  err_xy 0.058  std 0.300  lr 1.0e-04  fps   9118   481.2s
it 9027/11200  reward     nan  ep_len    nan  fell    0  err_xy 0.055  std 0.300  lr 1.0e-04  fps   8987   481.5s
it 9028/11200  reward     nan  ep_len    nan  fell    0  err_xy 0.048  std 0.300  lr 1.0e-04  fps   9043   481.7s
it 9029/11200  reward     nan  ep_len    nan  fell    0  err_xy 0.042  std 0.300  lr 1.0e-04  fps   8809   482.0s
it 9030/11200  reward     nan  ep_len    nan  fell    0  err_xy 0.025  std 0.300  lr 1.0e-04  fps   8738   482.2s
it 9031/11200  reward     nan  ep_len    nan  fell    0  err_xy 0.026  std 0.300  lr 1.0e-04  fps   8639   482.5s
it 9032/11200  reward     nan  ep_len    nan  fell    0  err_xy 0.021  std 0.300  lr 1.0e-04  fps   8726   482.8s
it 9033/11200  reward     nan  ep_len    nan  fell    0  err_xy 0.018  std 0.300  lr 1.0e-04  fps   8911   483.0s
it 9034/11200  reward   74.66  ep_len  400.0  fell    0  err_xy 0.210  std 0.300  lr 1.0e-04  fps   7277   483.3s
it 9035/11200  reward     nan  ep_len    nan  fell    0  err_xy 0.292  std 0.300  lr 1.0e-04  fps   9718   483.6s
it 9036/11200  reward     nan  ep_len    nan  fell    0  err_xy 0.249  std 0.300  lr 1.0e-04  fps   9842   483.8s
it 9037/11200  reward     nan  ep_len    nan  fell    0  err_xy 0.211  std 0.300  lr 1.0e-04  fps   9744   484.1s
it 9038/11200  reward     nan  ep_len    nan  fell    0  err_xy 0.218  std 0.300  lr 1.0e-04  fps   9502   484.3s
it 9039/11200  reward     nan  ep_len    nan  fell    0  err_xy 0.177  std 0.300  lr 1.0e-04  fps   9296   484.5s
it 9040/11200  reward     nan  ep_len    nan  fell    0  err_xy 0.164  std 0.300  lr 1.0e-04  fps   9265   484.8s
it 9041/11200  reward     nan  ep_len    nan  fell    0  err_xy 0.123  std 0.300  lr 1.0e-04  fps   9113   485.0s
it 9042/11200  reward     nan  ep_len    nan  fell    0  err_xy 0.102  std 0.300  lr 1.0e-04  fps   9036   485.3s
it 9043/11200  reward     nan  ep_len    nan  fell    0  err_xy 0.071  std 0.300  lr 1.0e-04  fps   9024   485.6s
it 9044/11200  reward     nan  ep_len    nan  fell    0  err_xy 0.053  std 0.300  lr 1.0e-04  fps   9049   485.8s
it 9045/11200  reward     nan  ep_len    nan  fell    0  err_xy 0.045  std 0.300  lr 1.0e-04  fps   9046   486.1s
it 9046/11200  reward     nan  ep_len    nan  fell    0  err_xy 0.041  std 0.300  lr 1.0e-04  fps   9101   486.3s
it 9047/11200  reward     nan  ep_len    nan  fell    0  err_xy 0.036  std 0.300  lr 1.0e-04  fps   9040   486.6s
it 9048/11200  reward     nan  ep_len    nan  fell    0  err_xy 0.040  std 0.300  lr 1.0e-04  fps   9083   486.8s
it 9049/11200  reward     nan  ep_len    nan  fell    0  err_xy 0.033  std 0.300  lr 1.0e-04  fps   8963   487.1s
it 9050/11200  reward   73.79  ep_len  400.0  fell    0  err_xy 0.026  std 0.300  lr 1.0e-04  fps   7054   487.4s
it 9051/11200  reward     nan  ep_len    nan  fell    0  err_xy 0.293  std 0.300  lr 1.0e-04  fps   9756   487.6s
it 9052/11200  reward     nan  ep_len    nan  fell    0  err_xy 0.278  std 0.300  lr 1.0e-04  fps   9852   487.9s
it 9053/11200  reward     nan  ep_len    nan  fell    0  err_xy 0.214  std 0.300  lr 1.0e-04  fps   9698   488.1s
it 9054/11200  reward     nan  ep_len    nan  fell    0  err_xy 0.210  std 0.300  lr 1.0e-04  fps   9694   488.4s
it 9055/11200  reward     nan  ep_len    nan  fell    0  err_xy 0.192  std 0.300  lr 1.0e-04  fps   9498   488.6s
it 9056/11200  reward     nan  ep_len    nan  fell    0  err_xy 0.172  std 0.300  lr 1.0e-04  fps   9329   488.8s
it 9057/11200  reward     nan  ep_len    nan  fell    0  err_xy 0.131  std 0.300  lr 1.0e-04  fps   9226   489.1s
it 9058/11200  reward     nan  ep_len    nan  fell    0  err_xy 0.119  std 0.300  lr 1.0e-04  fps   9130   489.4s
it 9059/11200  reward     nan  ep_len    nan  fell    0  err_xy 0.089  std 0.300  lr 1.0e-04  fps   9094   489.6s
it 9060/11200  reward     nan  ep_len    nan  fell    0  err_xy 0.067  std 0.300  lr 1.0e-04  fps   9127   489.9s
it 9061/11200  reward     nan  ep_len    nan  fell    0  err_xy 0.055  std 0.300  lr 1.0e-04  fps   9115   490.1s
it 9062/11200  reward     nan  ep_len    nan  fell    0  err_xy 0.050  std 0.300  lr 1.0e-04  fps   9026   490.4s
it 9063/11200  reward     nan  ep_len    nan  fell    0  err_xy 0.038  std 0.300  lr 1.0e-04  fps   9042   490.6s
it 9064/11200  reward     nan  ep_len    nan  fell    0  err_xy 0.033  std 0.300  lr 1.0e-04  fps   8978   490.9s
it 9065/11200  reward     nan  ep_len    nan  fell    0  err_xy 0.032  std 0.300  lr 1.0e-04  fps   9023   491.1s
it 9066/11200  reward     nan  ep_len    nan  fell    0  err_xy 0.029  std 0.300  lr 1.0e-04  fps   8969   491.4s
it 9067/11200  reward   71.06  ep_len  400.0  fell    0  err_xy 0.103  std 0.300  lr 1.0e-04  fps   7254   491.7s
it 9068/11200  reward     nan  ep_len    nan  fell    0  err_xy 0.308  std 0.300  lr 1.0e-04  fps   9870   491.9s
it 9069/11200  reward     nan  ep_len    nan  fell    0  err_xy 0.236  std 0.300  lr 1.0e-04  fps   9827   492.2s
it 9070/11200  reward     nan  ep_len    nan  fell    0  err_xy 0.184  std 0.300  lr 1.0e-04  fps   9775   492.4s
it 9071/11200  reward     nan  ep_len    nan  fell    0  err_xy 0.193  std 0.300  lr 1.0e-04  fps   9692   492.7s
it 9072/11200  reward     nan  ep_len    nan  fell    0  err_xy 0.170  std 0.300  lr 1.0e-04  fps   9426   492.9s
it 9073/11200  reward     nan  ep_len    nan  fell    0  err_xy 0.150  std 0.300  lr 1.0e-04  fps   9312   493.1s
it 9074/11200  reward     nan  ep_len    nan  fell    0  err_xy 0.127  std 0.300  lr 1.0e-04  fps   9061   493.4s
it 9075/11200  reward     nan  ep_len    nan  fell    0  err_xy 0.111  std 0.300  lr 1.0e-04  fps   9001   493.7s
it 9076/11200  reward     nan  ep_len    nan  fell    0  err_xy 0.096  std 0.300  lr 1.0e-04  fps   9076   493.9s
it 9077/11200  reward     nan  ep_len    nan  fell    0  err_xy 0.069  std 0.300  lr 1.0e-04  fps   9044   494.2s
it 9078/11200  reward     nan  ep_len    nan  fell    0  err_xy 0.056  std 0.300  lr 1.0e-04  fps   8975   494.4s
it 9079/11200  reward     nan  ep_len    nan  fell    0  err_xy 0.056  std 0.300  lr 1.0e-04  fps   8952   494.7s
it 9080/11200  reward     nan  ep_len    nan  fell    0  err_xy 0.059  std 0.300  lr 1.0e-04  fps   9009   494.9s
it 9081/11200  reward     nan  ep_len    nan  fell    0  err_xy 0.048  std 0.300  lr 1.0e-04  fps   8978   495.2s
it 9082/11200  reward     nan  ep_len    nan  fell    0  err_xy 0.040  std 0.300  lr 1.0e-04  fps   8727   495.5s
it 9083/11200  reward     nan  ep_len    nan  fell    0  err_xy 0.029  std 0.300  lr 1.0e-04  fps   8387   495.7s
it 9084/11200  reward   70.93  ep_len  400.0  fell    0  err_xy 0.216  std 0.300  lr 1.0e-04  fps   7380   496.0s
it 9085/11200  reward     nan  ep_len    nan  fell    0  err_xy 0.306  std 0.300  lr 1.0e-04  fps   9897   496.3s
it 9086/11200  reward     nan  ep_len    nan  fell    0  err_xy 0.242  std 0.300  lr 1.0e-04  fps   9845   496.5s
it 9087/11200  reward     nan  ep_len    nan  fell    0  err_xy 0.204  std 0.300  lr 1.0e-04  fps   9682   496.8s
it 9088/11200  reward     nan  ep_len    nan  fell    0  err_xy 0.210  std 0.300  lr 1.0e-04  fps   9690   497.0s
it 9089/11200  reward     nan  ep_len    nan  fell    0  err_xy 0.166  std 0.300  lr 1.0e-04  fps   9319   497.2s
it 9090/11200  reward     nan  ep_len    nan  fell    0  err_xy 0.126  std 0.300  lr 1.0e-04  fps   9039   497.5s
it 9091/11200  reward     nan  ep_len    nan  fell    0  err_xy 0.102  std 0.300  lr 1.0e-04  fps   8178   497.8s
it 9092/11200  reward     nan  ep_len    nan  fell    0  err_xy 0.075  std 0.300  lr 1.0e-04  fps   8313   498.1s
it 9093/11200  reward     nan  ep_len    nan  fell    0  err_xy 0.053  std 0.300  lr 1.0e-04  fps   8923   498.3s
it 9094/11200  reward     nan  ep_len    nan  fell    0  err_xy 0.033  std 0.300  lr 1.0e-04  fps   8880   498.6s
it 9095/11200  reward     nan  ep_len    nan  fell    0  err_xy 0.029  std 0.300  lr 1.0e-04  fps   8978   498.8s
it 9096/11200  reward     nan  ep_len    nan  fell    0  err_xy 0.021  std 0.300  lr 1.0e-04  fps   8904   499.1s
it 9097/11200  reward     nan  ep_len    nan  fell    0  err_xy 0.024  std 0.300  lr 1.0e-04  fps   8839   499.3s
it 9098/11200  reward     nan  ep_len    nan  fell    0  err_xy 0.024  std 0.300  lr 1.0e-04  fps   8850   499.6s
it 9099/11200  reward     nan  ep_len    nan  fell    0  err_xy 0.022  std 0.300  lr 1.0e-04  fps   7685   499.9s
it 9100/11200  reward   76.21  ep_len  400.0  fell    0  err_xy 0.023  std 0.300  lr 1.0e-04  fps   6489   500.3s
it 9101/11200  reward     nan  ep_len    nan  fell    0  err_xy 0.294  std 0.300  lr 1.0e-04  fps   9385   500.5s
it 9102/11200  reward     nan  ep_len    nan  fell    0  err_xy 0.284  std 0.300  lr 1.0e-04  fps   9417   500.8s
it 9103/11200  reward     nan  ep_len    nan  fell    0  err_xy 0.226  std 0.300  lr 1.0e-04  fps   8677   501.0s
it 9104/11200  reward     nan  ep_len    nan  fell    0  err_xy 0.207  std 0.300  lr 1.0e-04  fps   9098   501.3s
it 9105/11200  reward     nan  ep_len    nan  fell    0  err_xy 0.188  std 0.300  lr 1.0e-04  fps   9481   501.5s
it 9106/11200  reward     nan  ep_len    nan  fell    0  err_xy 0.146  std 0.300  lr 1.0e-04  fps   9200   501.8s
it 9107/11200  reward     nan  ep_len    nan  fell    0  err_xy 0.112  std 0.300  lr 1.0e-04  fps   9109   502.0s
it 9108/11200  reward     nan  ep_len    nan  fell    0  err_xy 0.082  std 0.300  lr 1.0e-04  fps   8924   502.3s
it 9109/11200  reward     nan  ep_len    nan  fell    0  err_xy 0.058  std 0.300  lr 1.0e-04  fps   8967   502.5s
it 9110/11200  reward     nan  ep_len    nan  fell    0  err_xy 0.040  std 0.300  lr 1.0e-04  fps   8215   502.8s
it 9111/11200  reward     nan  ep_len    nan  fell    0  err_xy 0.037  std 0.300  lr 1.0e-04  fps   7560   503.1s
it 9112/11200  reward     nan  ep_len    nan  fell    0  err_xy 0.027  std 0.300  lr 1.0e-04  fps   7888   503.4s
it 9113/11200  reward     nan  ep_len    nan  fell    0  err_xy 0.025  std 0.300  lr 1.0e-04  fps   7752   503.7s
it 9114/11200  reward     nan  ep_len    nan  fell    0  err_xy 0.025  std 0.300  lr 1.0e-04  fps   7885   504.0s
it 9115/11200  reward     nan  ep_len    nan  fell    0  err_xy 0.024  std 0.300  lr 1.0e-04  fps   8425   504.3s
it 9116/11200  reward     nan  ep_len    nan  fell    0  err_xy 0.021  std 0.300  lr 1.0e-04  fps   8769   504.5s
it 9117/11200  reward   78.30  ep_len  400.0  fell    0  err_xy 0.103  std 0.300  lr 1.0e-04  fps   6864   504.9s
it 9118/11200  reward     nan  ep_len    nan  fell    0  err_xy 0.331  std 0.300  lr 1.0e-04  fps   9593   505.1s
it 9119/11200  reward     nan  ep_len    nan  fell    0  err_xy 0.287  std 0.300  lr 1.0e-04  fps   9584   505.4s
it 9120/11200  reward     nan  ep_len    nan  fell    0  err_xy 0.221  std 0.300  lr 1.0e-04  fps   9394   505.6s
it 9121/11200  reward     nan  ep_len    nan  fell    0  err_xy 0.212  std 0.300  lr 1.0e-04  fps   9099   505.9s
it 9122/11200  reward     nan  ep_len    nan  fell    0  err_xy 0.180  std 0.300  lr 1.0e-04  fps   8917   506.1s
it 9123/11200  reward     nan  ep_len    nan  fell    0  err_xy 0.123  std 0.300  lr 1.0e-04  fps   8953   506.4s
it 9124/11200  reward     nan  ep_len    nan  fell    0  err_xy 0.098  std 0.300  lr 1.0e-04  fps   8780   506.6s
it 9125/11200  reward     nan  ep_len    nan  fell    0  err_xy 0.082  std 0.300  lr 1.0e-04  fps   8925   506.9s
it 9126/11200  reward     nan  ep_len    nan  fell    0  err_xy 0.062  std 0.300  lr 1.0e-04  fps   8236   507.2s
it 9127/11200  reward     nan  ep_len    nan  fell    0  err_xy 0.050  std 0.300  lr 1.0e-04  fps   8496   507.4s
it 9128/11200  reward     nan  ep_len    nan  fell    0  err_xy 0.041  std 0.300  lr 1.0e-04  fps   8721   507.7s
it 9129/11200  reward     nan  ep_len    nan  fell    0  err_xy 0.035  std 0.300  lr 1.0e-04  fps   8564   508.0s
it 9130/11200  reward     nan  ep_len    nan  fell    0  err_xy 0.029  std 0.300  lr 1.0e-04  fps   8801   508.2s
it 9131/11200  reward     nan  ep_len    nan  fell    0  err_xy 0.026  std 0.300  lr 1.0e-04  fps   8578   508.5s
it 9132/11200  reward     nan  ep_len    nan  fell    0  err_xy 0.023  std 0.300  lr 1.0e-04  fps   8579   508.8s
it 9133/11200  reward     nan  ep_len    nan  fell    0  err_xy 0.019  std 0.300  lr 1.0e-04  fps   8733   509.0s
it 9134/11200  reward   77.28  ep_len  400.0  fell    0  err_xy 0.211  std 0.300  lr 1.0e-04  fps   6921   509.4s
it 9135/11200  reward     nan  ep_len    nan  fell    0  err_xy 0.292  std 0.300  lr 1.0e-04  fps   9570   509.6s
it 9136/11200  reward     nan  ep_len    nan  fell    0  err_xy 0.248  std 0.300  lr 1.0e-04  fps   9680   509.9s
it 9137/11200  reward     nan  ep_len    nan  fell    0  err_xy 0.207  std 0.300  lr 1.0e-04  fps   9571   510.1s
it 9138/11200  reward     nan  ep_len    nan  fell    0  err_xy 0.197  std 0.300  lr 1.0e-04  fps   9469   510.3s
it 9139/11200  reward     nan  ep_len    nan  fell    0  err_xy 0.167  std 0.300  lr 1.0e-04  fps   9113   510.6s
it 9140/11200  reward     nan  ep_len    nan  fell    0  err_xy 0.099  std 0.300  lr 1.0e-04  fps   8979   510.9s
it 9141/11200  reward     nan  ep_len    nan  fell    0  err_xy 0.072  std 0.300  lr 1.0e-04  fps   8802   511.1s
it 9142/11200  reward     nan  ep_len    nan  fell    0  err_xy 0.058  std 0.300  lr 1.0e-04  fps   8843   511.4s
it 9143/11200  reward     nan  ep_len    nan  fell    0  err_xy 0.049  std 0.300  lr 1.0e-04  fps   8861   511.6s
it 9144/11200  reward     nan  ep_len    nan  fell    0  err_xy 0.040  std 0.300  lr 1.0e-04  fps   8910   511.9s
it 9145/11200  reward     nan  ep_len    nan  fell    0  err_xy 0.041  std 0.300  lr 1.0e-04  fps   8874   512.2s
it 9146/11200  reward     nan  ep_len    nan  fell    0  err_xy 0.034  std 0.300  lr 1.0e-04  fps   8859   512.4s
it 9147/11200  reward     nan  ep_len    nan  fell    0  err_xy 0.028  std 0.300  lr 1.0e-04  fps   8897   512.7s
it 9148/11200  reward     nan  ep_len    nan  fell    0  err_xy 0.022  std 0.300  lr 1.0e-04  fps   8789   512.9s
it 9149/11200  reward     nan  ep_len    nan  fell    0  err_xy 0.021  std 0.300  lr 1.0e-04  fps   8754   513.2s
it 9150/11200  reward   77.69  ep_len  400.0  fell    0  err_xy 0.019  std 0.300  lr 1.0e-04  fps   6900   513.5s
it 9151/11200  reward     nan  ep_len    nan  fell    0  err_xy 0.306  std 0.300  lr 1.0e-04  fps   9623   513.8s
it 9152/11200  reward     nan  ep_len    nan  fell    0  err_xy 0.277  std 0.300  lr 1.0e-04  fps   9719   514.0s
it 9153/11200  reward     nan  ep_len    nan  fell    0  err_xy 0.231  std 0.300  lr 1.0e-04  fps   9630   514.3s
it 9154/11200  reward     nan  ep_len    nan  fell    0  err_xy 0.193  std 0.300  lr 1.0e-04  fps   9612   514.5s
it 9155/11200  reward     nan  ep_len    nan  fell    0  err_xy 0.200  std 0.300  lr 1.0e-04  fps   9326   514.7s
it 9156/11200  reward     nan  ep_len    nan  fell    0  err_xy 0.144  std 0.300  lr 1.0e-04  fps   9218   515.0s
it 9157/11200  reward     nan  ep_len    nan  fell    0  err_xy 0.119  std 0.300  lr 1.0e-04  fps   9068   515.2s
it 9158/11200  reward     nan  ep_len    nan  fell    0  err_xy 0.080  std 0.300  lr 1.0e-04  fps   8945   515.5s
it 9159/11200  reward     nan  ep_len    nan  fell    0  err_xy 0.060  std 0.300  lr 1.0e-04  fps   8869   515.8s
it 9160/11200  reward     nan  ep_len    nan  fell    0  err_xy 0.043  std 0.300  lr 1.0e-04  fps   8724   516.0s
it 9161/11200  reward     nan  ep_len    nan  fell    0  err_xy 0.033  std 0.300  lr 1.0e-04  fps   8948   516.3s
it 9162/11200  reward     nan  ep_len    nan  fell    0  err_xy 0.031  std 0.300  lr 1.0e-04  fps   8987   516.5s
it 9163/11200  reward     nan  ep_len    nan  fell    0  err_xy 0.038  std 0.300  lr 1.0e-04  fps   8926   516.8s
it 9164/11200  reward     nan  ep_len    nan  fell    0  err_xy 0.025  std 0.300  lr 1.0e-04  fps   8878   517.1s
it 9165/11200  reward     nan  ep_len    nan  fell    0  err_xy 0.027  std 0.300  lr 1.0e-04  fps   8874   517.3s
it 9166/11200  reward     nan  ep_len    nan  fell    0  err_xy 0.024  std 0.300  lr 1.0e-04  fps   8775   517.6s
it 9167/11200  reward   76.96  ep_len  400.0  fell    0  err_xy 0.095  std 0.300  lr 1.0e-04  fps   7086   517.9s
it 9168/11200  reward     nan  ep_len    nan  fell    0  err_xy 0.322  std 0.300  lr 1.0e-04  fps   9489   518.1s
it 9169/11200  reward     nan  ep_len    nan  fell    0  err_xy 0.267  std 0.300  lr 1.0e-04  fps   9598   518.4s
it 9170/11200  reward     nan  ep_len    nan  fell    0  err_xy 0.209  std 0.300  lr 1.0e-04  fps   9577   518.6s
it 9171/11200  reward     nan  ep_len    nan  fell    0  err_xy 0.202  std 0.300  lr 1.0e-04  fps   9437   518.9s
it 9172/11200  reward     nan  ep_len    nan  fell    0  err_xy 0.175  std 0.300  lr 1.0e-04  fps   9115   519.1s
it 9173/11200  reward     nan  ep_len    nan  fell    0  err_xy 0.137  std 0.300  lr 1.0e-04  fps   8888   519.4s
it 9174/11200  reward     nan  ep_len    nan  fell    0  err_xy 0.095  std 0.300  lr 1.0e-04  fps   8822   519.6s
it 9175/11200  reward     nan  ep_len    nan  fell    0  err_xy 0.084  std 0.300  lr 1.0e-04  fps   8821   519.9s
it 9176/11200  reward     nan  ep_len    nan  fell    0  err_xy 0.064  std 0.300  lr 1.0e-04  fps   8817   520.2s
it 9177/11200  reward     nan  ep_len    nan  fell    0  err_xy 0.045  std 0.300  lr 1.0e-04  fps   8802   520.4s
it 9178/11200  reward     nan  ep_len    nan  fell    0  err_xy 0.032  std 0.300  lr 1.0e-04  fps   8754   520.7s
it 9179/11200  reward     nan  ep_len    nan  fell    0  err_xy 0.026  std 0.300  lr 1.0e-04  fps   8791   521.0s
it 9180/11200  reward     nan  ep_len    nan  fell    0  err_xy 0.021  std 0.300  lr 1.0e-04  fps   8832   521.2s
it 9181/11200  reward     nan  ep_len    nan  fell    0  err_xy 0.020  std 0.300  lr 1.0e-04  fps   8792   521.5s
it 9182/11200  reward     nan  ep_len    nan  fell    0  err_xy 0.019  std 0.300  lr 1.0e-04  fps   8760   521.7s
it 9183/11200  reward     nan  ep_len    nan  fell    0  err_xy 0.025  std 0.300  lr 1.0e-04  fps   8751   522.0s
it 9184/11200  reward   77.81  ep_len  400.0  fell    0  err_xy 0.206  std 0.300  lr 1.0e-04  fps   7021   522.3s
it 9185/11200  reward     nan  ep_len    nan  fell    0  err_xy 0.303  std 0.300  lr 1.0e-04  fps   9514   522.6s
it 9186/11200  reward     nan  ep_len    nan  fell    0  err_xy 0.253  std 0.300  lr 1.0e-04  fps   9520   522.8s
it 9187/11200  reward     nan  ep_len    nan  fell    0  err_xy 0.207  std 0.300  lr 1.0e-04  fps   9468   523.1s
it 9188/11200  reward     nan  ep_len    nan  fell    0  err_xy 0.203  std 0.300  lr 1.0e-04  fps   9503   523.3s
it 9189/11200  reward     nan  ep_len    nan  fell    0  err_xy 0.174  std 0.300  lr 1.0e-04  fps   9117   523.6s
it 9190/11200  reward     nan  ep_len    nan  fell    0  err_xy 0.136  std 0.300  lr 1.0e-04  fps   9034   523.8s
it 9191/11200  reward     nan  ep_len    nan  fell    0  err_xy 0.120  std 0.300  lr 1.0e-04  fps   8821   524.1s
it 9192/11200  reward     nan  ep_len    nan  fell    0  err_xy 0.093  std 0.300  lr 1.0e-04  fps   8825   524.3s
it 9193/11200  reward     nan  ep_len    nan  fell    0  err_xy 0.068  std 0.300  lr 1.0e-04  fps   8230   524.6s
it 9194/11200  reward     nan  ep_len    nan  fell    0  err_xy 0.052  std 0.300  lr 1.0e-04  fps   8651   524.9s
it 9195/11200  reward     nan  ep_len    nan  fell    0  err_xy 0.047  std 0.300  lr 1.0e-04  fps   8666   525.2s
it 9196/11200  reward     nan  ep_len    nan  fell    0  err_xy 0.042  std 0.300  lr 1.0e-04  fps   8846   525.4s
it 9197/11200  reward     nan  ep_len    nan  fell    0  err_xy 0.040  std 0.300  lr 1.0e-04  fps   8802   525.7s
it 9198/11200  reward     nan  ep_len    nan  fell    0  err_xy 0.032  std 0.300  lr 1.0e-04  fps   8831   525.9s
it 9199/11200  reward     nan  ep_len    nan  fell    0  err_xy 0.023  std 0.300  lr 1.0e-04  fps   8771   526.2s
it 9200/11200  reward   73.89  ep_len  400.0  fell    0  err_xy 0.018  std 0.300  lr 1.0e-04  fps   6824   526.5s
eval iteration 9200:
  prone          success   0.0%  time 8.00s  peak_τ 0.96 Nm  return 89.14
  supine         success   0.0%  time 8.00s  peak_τ 0.95 Nm  return 74.36
  score 0.000
it 9201/11200  reward     nan  ep_len    nan  fell    0  err_xy 0.298  std 0.300  lr 1.0e-04  fps   9087   528.8s
it 9202/11200  reward     nan  ep_len    nan  fell    0  err_xy 0.255  std 0.300  lr 1.0e-04  fps   7074   529.1s
it 9203/11200  reward     nan  ep_len    nan  fell    0  err_xy 0.214  std 0.300  lr 1.0e-04  fps   9366   529.4s
it 9204/11200  reward     nan  ep_len    nan  fell    0  err_xy 0.197  std 0.300  lr 1.0e-04  fps   9578   529.6s
it 9205/11200  reward     nan  ep_len    nan  fell    0  err_xy 0.205  std 0.300  lr 1.0e-04  fps   9386   529.9s
it 9206/11200  reward     nan  ep_len    nan  fell    0  err_xy 0.179  std 0.300  lr 1.0e-04  fps   9360   530.1s
it 9207/11200  reward     nan  ep_len    nan  fell    0  err_xy 0.135  std 0.300  lr 1.0e-04  fps   9258   530.4s
it 9208/11200  reward     nan  ep_len    nan  fell    0  err_xy 0.118  std 0.300  lr 1.0e-04  fps   9189   530.6s
it 9209/11200  reward     nan  ep_len    nan  fell    0  err_xy 0.093  std 0.300  lr 1.0e-04  fps   8957   530.9s
it 9210/11200  reward     nan  ep_len    nan  fell    0  err_xy 0.076  std 0.300  lr 1.0e-04  fps   8968   531.1s
it 9211/11200  reward     nan  ep_len    nan  fell    0  err_xy 0.084  std 0.300  lr 1.0e-04  fps   8860   531.4s
it 9212/11200  reward     nan  ep_len    nan  fell    0  err_xy 0.088  std 0.300  lr 1.0e-04  fps   8919   531.6s
it 9213/11200  reward     nan  ep_len    nan  fell    0  err_xy 0.086  std 0.300  lr 1.0e-04  fps   9123   531.9s
it 9214/11200  reward     nan  ep_len    nan  fell    0  err_xy 0.073  std 0.300  lr 1.0e-04  fps   9179   532.1s
it 9215/11200  reward     nan  ep_len    nan  fell    0  err_xy 0.066  std 0.300  lr 1.0e-04  fps   9045   532.4s
it 9216/11200  reward     nan  ep_len    nan  fell    0  err_xy 0.054  std 0.300  lr 1.0e-04  fps   8897   532.7s
it 9217/11200  reward   66.81  ep_len  400.0  fell    0  err_xy 0.117  std 0.300  lr 1.0e-04  fps   7102   533.0s
it 9218/11200  reward     nan  ep_len    nan  fell    0  err_xy 0.308  std 0.300  lr 1.0e-04  fps   9400   533.2s
it 9219/11200  reward     nan  ep_len    nan  fell    0  err_xy 0.288  std 0.300  lr 1.0e-04  fps   9428   533.5s
it 9220/11200  reward     nan  ep_len    nan  fell    0  err_xy 0.217  std 0.300  lr 1.0e-04  fps   9726   533.7s
it 9221/11200  reward     nan  ep_len    nan  fell    0  err_xy 0.199  std 0.300  lr 1.0e-04  fps   9680   533.9s
it 9222/11200  reward     nan  ep_len    nan  fell    0  err_xy 0.204  std 0.300  lr 1.0e-04  fps   9407   534.2s
it 9223/11200  reward     nan  ep_len    nan  fell    0  err_xy 0.169  std 0.300  lr 1.0e-04  fps   9218   534.4s
it 9224/11200  reward     nan  ep_len    nan  fell    0  err_xy 0.115  std 0.300  lr 1.0e-04  fps   9017   534.7s
it 9225/11200  reward     nan  ep_len    nan  fell    0  err_xy 0.075  std 0.300  lr 1.0e-04  fps   8888   535.0s
it 9226/11200  reward     nan  ep_len    nan  fell    0  err_xy 0.060  std 0.300  lr 1.0e-04  fps   8770   535.2s
it 9227/11200  reward     nan  ep_len    nan  fell    0  err_xy 0.053  std 0.300  lr 1.0e-04  fps   8851   535.5s
it 9228/11200  reward     nan  ep_len    nan  fell    0  err_xy 0.044  std 0.300  lr 1.0e-04  fps   8943   535.7s
it 9229/11200  reward     nan  ep_len    nan  fell    0  err_xy 0.042  std 0.300  lr 1.0e-04  fps   8905   536.0s
it 9230/11200  reward     nan  ep_len    nan  fell    0  err_xy 0.037  std 0.300  lr 1.0e-04  fps   8775   536.3s
it 9231/11200  reward     nan  ep_len    nan  fell    0  err_xy 0.032  std 0.300  lr 1.0e-04  fps   7396   536.6s
it 9232/11200  reward     nan  ep_len    nan  fell    0  err_xy 0.032  std 0.300  lr 1.0e-04  fps   8805   536.8s
it 9233/11200  reward     nan  ep_len    nan  fell    0  err_xy 0.025  std 0.300  lr 1.0e-04  fps   8840   537.1s
it 9234/11200  reward   74.04  ep_len  400.0  fell    0  err_xy 0.218  std 0.300  lr 1.0e-04  fps   7382   537.4s
it 9235/11200  reward     nan  ep_len    nan  fell    0  err_xy 0.324  std 0.300  lr 1.0e-04  fps   9797   537.6s
it 9236/11200  reward     nan  ep_len    nan  fell    0  err_xy 0.256  std 0.300  lr 1.0e-04  fps   9820   537.9s
it 9237/11200  reward     nan  ep_len    nan  fell    0  err_xy 0.216  std 0.300  lr 1.0e-04  fps   9795   538.1s
it 9238/11200  reward     nan  ep_len    nan  fell    0  err_xy 0.190  std 0.300  lr 1.0e-04  fps   9664   538.4s
it 9239/11200  reward     nan  ep_len    nan  fell    0  err_xy 0.162  std 0.300  lr 1.0e-04  fps   9368   538.6s
it 9240/11200  reward     nan  ep_len    nan  fell    0  err_xy 0.123  std 0.300  lr 1.0e-04  fps   9210   538.9s
it 9241/11200  reward     nan  ep_len    nan  fell    0  err_xy 0.087  std 0.300  lr 1.0e-04  fps   9019   539.1s
it 9242/11200  reward     nan  ep_len    nan  fell    0  err_xy 0.051  std 0.300  lr 1.0e-04  fps   9006   539.4s
it 9243/11200  reward     nan  ep_len    nan  fell    0  err_xy 0.040  std 0.300  lr 1.0e-04  fps   8945   539.6s
it 9244/11200  reward     nan  ep_len    nan  fell    0  err_xy 0.027  std 0.300  lr 1.0e-04  fps   8909   539.9s
it 9245/11200  reward     nan  ep_len    nan  fell    0  err_xy 0.018  std 0.300  lr 1.0e-04  fps   8918   540.1s
it 9246/11200  reward     nan  ep_len    nan  fell    0  err_xy 0.018  std 0.300  lr 1.0e-04  fps   8902   540.4s
it 9247/11200  reward     nan  ep_len    nan  fell    0  err_xy 0.019  std 0.300  lr 1.0e-04  fps   8860   540.7s
it 9248/11200  reward     nan  ep_len    nan  fell    0  err_xy 0.023  std 0.300  lr 1.0e-04  fps   8793   540.9s
it 9249/11200  reward     nan  ep_len    nan  fell    0  err_xy 0.023  std 0.300  lr 1.0e-04  fps   8766   541.2s
it 9250/11200  reward   78.37  ep_len  400.0  fell    0  err_xy 0.022  std 0.300  lr 1.0e-04  fps   6808   541.5s
it 9251/11200  reward     nan  ep_len    nan  fell    0  err_xy 0.299  std 0.300  lr 1.0e-04  fps   9636   541.8s
it 9252/11200  reward     nan  ep_len    nan  fell    0  err_xy 0.278  std 0.300  lr 1.0e-04  fps   9669   542.0s
it 9253/11200  reward     nan  ep_len    nan  fell    0  err_xy 0.234  std 0.300  lr 1.0e-04  fps   9575   542.2s
it 9254/11200  reward     nan  ep_len    nan  fell    0  err_xy 0.206  std 0.300  lr 1.0e-04  fps   9556   542.5s
it 9255/11200  reward     nan  ep_len    nan  fell    0  err_xy 0.196  std 0.300  lr 1.0e-04  fps   9242   542.7s
it 9256/11200  reward     nan  ep_len    nan  fell    0  err_xy 0.169  std 0.300  lr 1.0e-04  fps   9099   543.0s
it 9257/11200  reward     nan  ep_len    nan  fell    0  err_xy 0.116  std 0.300  lr 1.0e-04  fps   8817   543.2s
it 9258/11200  reward     nan  ep_len    nan  fell    0  err_xy 0.073  std 0.300  lr 1.0e-04  fps   8758   543.5s
it 9259/11200  reward     nan  ep_len    nan  fell    0  err_xy 0.050  std 0.300  lr 1.0e-04  fps   8667   543.8s
it 9260/11200  reward     nan  ep_len    nan  fell    0  err_xy 0.040  std 0.300  lr 1.0e-04  fps   8649   544.0s
it 9261/11200  reward     nan  ep_len    nan  fell    0  err_xy 0.031  std 0.300  lr 1.0e-04  fps   8514   544.3s
it 9262/11200  reward     nan  ep_len    nan  fell    0  err_xy 0.024  std 0.300  lr 1.0e-04  fps   8507   544.6s
it 9263/11200  reward     nan  ep_len    nan  fell    0  err_xy 0.023  std 0.300  lr 1.0e-04  fps   8570   544.9s
it 9264/11200  reward     nan  ep_len    nan  fell    0  err_xy 0.020  std 0.300  lr 1.0e-04  fps   8582   545.1s
it 9265/11200  reward     nan  ep_len    nan  fell    0  err_xy 0.020  std 0.300  lr 1.0e-04  fps   8603   545.4s
it 9266/11200  reward     nan  ep_len    nan  fell    0  err_xy 0.019  std 0.300  lr 1.0e-04  fps   8614   545.7s
it 9267/11200  reward   78.75  ep_len  400.0  fell    0  err_xy 0.096  std 0.300  lr 1.0e-04  fps   6834   546.0s
it 9268/11200  reward     nan  ep_len    nan  fell    0  err_xy 0.287  std 0.300  lr 1.0e-04  fps   9376   546.2s
it 9269/11200  reward     nan  ep_len    nan  fell    0  err_xy 0.300  std 0.300  lr 1.0e-04  fps   9576   546.5s
it 9270/11200  reward     nan  ep_len    nan  fell    0  err_xy 0.244  std 0.300  lr 1.0e-04  fps   9513   546.7s
it 9271/11200  reward     nan  ep_len    nan  fell    0  err_xy 0.224  std 0.300  lr 1.0e-04  fps   9458   547.0s
it 9272/11200  reward     nan  ep_len    nan  fell    0  err_xy 0.191  std 0.300  lr 1.0e-04  fps   9178   547.2s
it 9273/11200  reward     nan  ep_len    nan  fell    0  err_xy 0.151  std 0.300  lr 1.0e-04  fps   8934   547.5s
it 9274/11200  reward     nan  ep_len    nan  fell    0  err_xy 0.109  std 0.300  lr 1.0e-04  fps   8741   547.7s
it 9275/11200  reward     nan  ep_len    nan  fell    0  err_xy 0.065  std 0.300  lr 1.0e-04  fps   8780   548.0s
it 9276/11200  reward     nan  ep_len    nan  fell    0  err_xy 0.052  std 0.300  lr 1.0e-04  fps   8700   548.3s
it 9277/11200  reward     nan  ep_len    nan  fell    0  err_xy 0.035  std 0.300  lr 1.0e-04  fps   8693   548.5s
it 9278/11200  reward     nan  ep_len    nan  fell    0  err_xy 0.028  std 0.300  lr 1.0e-04  fps   8737   548.8s
it 9279/11200  reward     nan  ep_len    nan  fell    0  err_xy 0.026  std 0.300  lr 1.0e-04  fps   8824   549.1s
it 9280/11200  reward     nan  ep_len    nan  fell    0  err_xy 0.026  std 0.300  lr 1.0e-04  fps   8733   549.3s
it 9281/11200  reward     nan  ep_len    nan  fell    0  err_xy 0.020  std 0.300  lr 1.0e-04  fps   8782   549.6s
it 9282/11200  reward     nan  ep_len    nan  fell    0  err_xy 0.020  std 0.300  lr 1.0e-04  fps   8899   549.8s
it 9283/11200  reward     nan  ep_len    nan  fell    0  err_xy 0.016  std 0.300  lr 1.0e-04  fps   8884   550.1s
it 9284/11200  reward   78.93  ep_len  400.0  fell    0  err_xy 0.206  std 0.300  lr 1.0e-04  fps   7025   550.4s
it 9285/11200  reward     nan  ep_len    nan  fell    0  err_xy 0.297  std 0.300  lr 1.0e-04  fps   9508   550.7s
it 9286/11200  reward     nan  ep_len    nan  fell    0  err_xy 0.233  std 0.300  lr 1.0e-04  fps   9552   550.9s
it 9287/11200  reward     nan  ep_len    nan  fell    0  err_xy 0.205  std 0.300  lr 1.0e-04  fps   9536   551.2s
it 9288/11200  reward     nan  ep_len    nan  fell    0  err_xy 0.204  std 0.300  lr 1.0e-04  fps   9483   551.4s
it 9289/11200  reward     nan  ep_len    nan  fell    0  err_xy 0.183  std 0.300  lr 1.0e-04  fps   9390   551.7s
it 9290/11200  reward     nan  ep_len    nan  fell    0  err_xy 0.165  std 0.300  lr 1.0e-04  fps   9140   551.9s
it 9291/11200  reward     nan  ep_len    nan  fell    0  err_xy 0.121  std 0.300  lr 1.0e-04  fps   8934   552.2s
it 9292/11200  reward     nan  ep_len    nan  fell    0  err_xy 0.083  std 0.300  lr 1.0e-04  fps   8791   552.4s
it 9293/11200  reward     nan  ep_len    nan  fell    0  err_xy 0.062  std 0.300  lr 1.0e-04  fps   8849   552.7s
it 9294/11200  reward     nan  ep_len    nan  fell    0  err_xy 0.046  std 0.300  lr 1.0e-04  fps   8856   552.9s
it 9295/11200  reward     nan  ep_len    nan  fell    0  err_xy 0.031  std 0.300  lr 1.0e-04  fps   8838   553.2s
it 9296/11200  reward     nan  ep_len    nan  fell    0  err_xy 0.035  std 0.300  lr 1.0e-04  fps   8742   553.5s
it 9297/11200  reward     nan  ep_len    nan  fell    0  err_xy 0.030  std 0.300  lr 1.0e-04  fps   8725   553.7s
it 9298/11200  reward     nan  ep_len    nan  fell    0  err_xy 0.029  std 0.300  lr 1.0e-04  fps   8722   554.0s
it 9299/11200  reward     nan  ep_len    nan  fell    0  err_xy 0.021  std 0.300  lr 1.0e-04  fps   8671   554.3s
it 9300/11200  reward   72.93  ep_len  400.0  fell    0  err_xy 0.020  std 0.300  lr 1.0e-04  fps   6759   554.6s
it 9301/11200  reward     nan  ep_len    nan  fell    0  err_xy 0.321  std 0.300  lr 1.0e-04  fps   9339   554.9s
it 9302/11200  reward     nan  ep_len    nan  fell    0  err_xy 0.294  std 0.300  lr 1.0e-04  fps   9723   555.1s
it 9303/11200  reward     nan  ep_len    nan  fell    0  err_xy 0.242  std 0.300  lr 1.0e-04  fps   9587   555.3s
it 9304/11200  reward     nan  ep_len    nan  fell    0  err_xy 0.226  std 0.300  lr 1.0e-04  fps   9462   555.6s
it 9305/11200  reward     nan  ep_len    nan  fell    0  err_xy 0.191  std 0.300  lr 1.0e-04  fps   9382   555.8s
it 9306/11200  reward     nan  ep_len    nan  fell    0  err_xy 0.176  std 0.300  lr 1.0e-04  fps   9056   556.1s
it 9307/11200  reward     nan  ep_len    nan  fell    0  err_xy 0.129  std 0.300  lr 1.0e-04  fps   8836   556.3s
it 9308/11200  reward     nan  ep_len    nan  fell    0  err_xy 0.100  std 0.300  lr 1.0e-04  fps   8780   556.6s
it 9309/11200  reward     nan  ep_len    nan  fell    0  err_xy 0.080  std 0.300  lr 1.0e-04  fps   8730   556.9s
it 9310/11200  reward     nan  ep_len    nan  fell    0  err_xy 0.059  std 0.300  lr 1.0e-04  fps   8594   557.1s
it 9311/11200  reward     nan  ep_len    nan  fell    0  err_xy 0.053  std 0.300  lr 1.0e-04  fps   8590   557.4s
it 9312/11200  reward     nan  ep_len    nan  fell    0  err_xy 0.044  std 0.300  lr 1.0e-04  fps   8632   557.7s
it 9313/11200  reward     nan  ep_len    nan  fell    0  err_xy 0.035  std 0.300  lr 1.0e-04  fps   8633   557.9s
it 9314/11200  reward     nan  ep_len    nan  fell    0  err_xy 0.031  std 0.300  lr 1.0e-04  fps   8530   558.2s
it 9315/11200  reward     nan  ep_len    nan  fell    0  err_xy 0.034  std 0.300  lr 1.0e-04  fps   8576   558.5s
it 9316/11200  reward     nan  ep_len    nan  fell    0  err_xy 0.028  std 0.300  lr 1.0e-04  fps   8583   558.7s
it 9317/11200  reward   75.02  ep_len  400.0  fell    0  err_xy 0.096  std 0.300  lr 1.0e-04  fps   6923   559.1s
it 9318/11200  reward     nan  ep_len    nan  fell    0  err_xy 0.292  std 0.300  lr 1.0e-04  fps   9338   559.3s
it 9319/11200  reward     nan  ep_len    nan  fell    0  err_xy 0.295  std 0.300  lr 1.0e-04  fps   9652   559.6s
it 9320/11200  reward     nan  ep_len    nan  fell    0  err_xy 0.232  std 0.300  lr 1.0e-04  fps   9574   559.8s
it 9321/11200  reward     nan  ep_len    nan  fell    0  err_xy 0.228  std 0.300  lr 1.0e-04  fps   9424   560.0s
it 9322/11200  reward     nan  ep_len    nan  fell    0  err_xy 0.213  std 0.300  lr 1.0e-04  fps   9295   560.3s
it 9323/11200  reward     nan  ep_len    nan  fell    0  err_xy 0.191  std 0.300  lr 1.0e-04  fps   8960   560.6s
it 9324/11200  reward     nan  ep_len    nan  fell    0  err_xy 0.136  std 0.300  lr 1.0e-04  fps   8875   560.8s
it 9325/11200  reward     nan  ep_len    nan  fell    0  err_xy 0.108  std 0.300  lr 1.0e-04  fps   8780   561.1s
it 9326/11200  reward     nan  ep_len    nan  fell    0  err_xy 0.080  std 0.300  lr 1.0e-04  fps   8674   561.3s
it 9327/11200  reward     nan  ep_len    nan  fell    0  err_xy 0.061  std 0.300  lr 1.0e-04  fps   8842   561.6s
it 9328/11200  reward     nan  ep_len    nan  fell    0  err_xy 0.045  std 0.300  lr 1.0e-04  fps   8796   561.9s
it 9329/11200  reward     nan  ep_len    nan  fell    0  err_xy 0.044  std 0.300  lr 1.0e-04  fps   8814   562.1s
it 9330/11200  reward     nan  ep_len    nan  fell    0  err_xy 0.041  std 0.300  lr 1.0e-04  fps   8807   562.4s
it 9331/11200  reward     nan  ep_len    nan  fell    0  err_xy 0.027  std 0.300  lr 1.0e-04  fps   8682   562.7s
it 9332/11200  reward     nan  ep_len    nan  fell    0  err_xy 0.022  std 0.300  lr 1.0e-04  fps   8608   562.9s
it 9333/11200  reward     nan  ep_len    nan  fell    0  err_xy 0.018  std 0.300  lr 1.0e-04  fps   8700   563.2s
it 9334/11200  reward   74.80  ep_len  400.0  fell    0  err_xy 0.192  std 0.300  lr 1.0e-04  fps   7052   563.5s
it 9335/11200  reward     nan  ep_len    nan  fell    0  err_xy 0.278  std 0.300  lr 1.0e-04  fps   9308   563.8s
it 9336/11200  reward     nan  ep_len    nan  fell    0  err_xy 0.231  std 0.300  lr 1.0e-04  fps   9586   564.0s
it 9337/11200  reward     nan  ep_len    nan  fell    0  err_xy 0.205  std 0.300  lr 1.0e-04  fps   9547   564.2s
it 9338/11200  reward     nan  ep_len    nan  fell    0  err_xy 0.215  std 0.300  lr 1.0e-04  fps   9481   564.5s
it 9339/11200  reward     nan  ep_len    nan  fell    0  err_xy 0.191  std 0.300  lr 1.0e-04  fps   9114   564.7s
it 9340/11200  reward     nan  ep_len    nan  fell    0  err_xy 0.165  std 0.300  lr 1.0e-04  fps   7970   565.0s
it 9341/11200  reward     nan  ep_len    nan  fell    0  err_xy 0.122  std 0.300  lr 1.0e-04  fps   8694   565.3s
it 9342/11200  reward     nan  ep_len    nan  fell    0  err_xy 0.087  std 0.300  lr 1.0e-04  fps   8874   565.6s
it 9343/11200  reward     nan  ep_len    nan  fell    0  err_xy 0.063  std 0.300  lr 1.0e-04  fps   8861   565.8s
it 9344/11200  reward     nan  ep_len    nan  fell    0  err_xy 0.049  std 0.300  lr 1.0e-04  fps   8823   566.1s
it 9345/11200  reward     nan  ep_len    nan  fell    0  err_xy 0.036  std 0.300  lr 1.0e-04  fps   8819   566.3s
it 9346/11200  reward     nan  ep_len    nan  fell    0  err_xy 0.034  std 0.300  lr 1.0e-04  fps   8847   566.6s
it 9347/11200  reward     nan  ep_len    nan  fell    0  err_xy 0.029  std 0.300  lr 1.0e-04  fps   8842   566.9s
it 9348/11200  reward     nan  ep_len    nan  fell    0  err_xy 0.026  std 0.300  lr 1.0e-04  fps   8923   567.1s
it 9349/11200  reward     nan  ep_len    nan  fell    0  err_xy 0.024  std 0.300  lr 1.0e-04  fps   8896   567.4s
it 9350/11200  reward   73.98  ep_len  400.0  fell    0  err_xy 0.024  std 0.300  lr 1.0e-04  fps   7013   567.7s
it 9351/11200  reward     nan  ep_len    nan  fell    0  err_xy 0.295  std 0.300  lr 1.0e-04  fps   9381   568.0s
it 9352/11200  reward     nan  ep_len    nan  fell    0  err_xy 0.298  std 0.300  lr 1.0e-04  fps   9595   568.2s
it 9353/11200  reward     nan  ep_len    nan  fell    0  err_xy 0.239  std 0.300  lr 1.0e-04  fps   9545   568.4s
it 9354/11200  reward     nan  ep_len    nan  fell    0  err_xy 0.231  std 0.300  lr 1.0e-04  fps   9572   568.7s
it 9355/11200  reward     nan  ep_len    nan  fell    0  err_xy 0.222  std 0.300  lr 1.0e-04  fps   9434   568.9s
it 9356/11200  reward     nan  ep_len    nan  fell    0  err_xy 0.196  std 0.300  lr 1.0e-04  fps   9113   569.2s
it 9357/11200  reward     nan  ep_len    nan  fell    0  err_xy 0.159  std 0.300  lr 1.0e-04  fps   8380   569.5s
it 9358/11200  reward     nan  ep_len    nan  fell    0  err_xy 0.128  std 0.300  lr 1.0e-04  fps   8842   569.7s
it 9359/11200  reward     nan  ep_len    nan  fell    0  err_xy 0.110  std 0.300  lr 1.0e-04  fps   8860   570.0s
it 9360/11200  reward     nan  ep_len    nan  fell    0  err_xy 0.075  std 0.300  lr 1.0e-04  fps   8930   570.2s
it 9361/11200  reward     nan  ep_len    nan  fell    0  err_xy 0.052  std 0.300  lr 1.0e-04  fps   8894   570.5s
it 9362/11200  reward     nan  ep_len    nan  fell    0  err_xy 0.035  std 0.300  lr 1.0e-04  fps   8153   570.8s
it 9363/11200  reward     nan  ep_len    nan  fell    0  err_xy 0.030  std 0.300  lr 1.0e-04  fps   8955   571.0s
it 9364/11200  reward     nan  ep_len    nan  fell    0  err_xy 0.027  std 0.300  lr 1.0e-04  fps   8851   571.3s
it 9365/11200  reward     nan  ep_len    nan  fell    0  err_xy 0.023  std 0.300  lr 1.0e-04  fps   8946   571.6s
it 9366/11200  reward     nan  ep_len    nan  fell    0  err_xy 0.018  std 0.300  lr 1.0e-04  fps   8930   571.8s
it 9367/11200  reward   75.73  ep_len  400.0  fell    0  err_xy 0.094  std 0.300  lr 1.0e-04  fps   7076   572.1s
it 9368/11200  reward     nan  ep_len    nan  fell    0  err_xy 0.295  std 0.300  lr 1.0e-04  fps   9413   572.4s
it 9369/11200  reward     nan  ep_len    nan  fell    0  err_xy 0.267  std 0.300  lr 1.0e-04  fps   9664   572.6s
it 9370/11200  reward     nan  ep_len    nan  fell    0  err_xy 0.199  std 0.300  lr 1.0e-04  fps   9523   572.9s
it 9371/11200  reward     nan  ep_len    nan  fell    0  err_xy 0.204  std 0.300  lr 1.0e-04  fps   9513   573.1s
it 9372/11200  reward     nan  ep_len    nan  fell    0  err_xy 0.204  std 0.300  lr 1.0e-04  fps   9251   573.4s
it 9373/11200  reward     nan  ep_len    nan  fell    0  err_xy 0.204  std 0.300  lr 1.0e-04  fps   9130   573.6s
it 9374/11200  reward     nan  ep_len    nan  fell    0  err_xy 0.158  std 0.300  lr 1.0e-04  fps   8819   573.9s
it 9375/11200  reward     nan  ep_len    nan  fell    0  err_xy 0.119  std 0.300  lr 1.0e-04  fps   8621   574.1s
it 9376/11200  reward     nan  ep_len    nan  fell    0  err_xy 0.092  std 0.300  lr 1.0e-04  fps   7542   574.4s
it 9377/11200  reward     nan  ep_len    nan  fell    0  err_xy 0.069  std 0.300  lr 1.0e-04  fps   6782   574.8s
it 9378/11200  reward     nan  ep_len    nan  fell    0  err_xy 0.058  std 0.300  lr 1.0e-04  fps   7669   575.1s
it 9379/11200  reward     nan  ep_len    nan  fell    0  err_xy 0.041  std 0.300  lr 1.0e-04  fps   8237   575.4s
it 9380/11200  reward     nan  ep_len    nan  fell    0  err_xy 0.026  std 0.300  lr 1.0e-04  fps   8582   575.6s
it 9381/11200  reward     nan  ep_len    nan  fell    0  err_xy 0.029  std 0.300  lr 1.0e-04  fps   8823   575.9s
it 9382/11200  reward     nan  ep_len    nan  fell    0  err_xy 0.029  std 0.300  lr 1.0e-04  fps   8755   576.2s
it 9383/11200  reward     nan  ep_len    nan  fell    0  err_xy 0.020  std 0.300  lr 1.0e-04  fps   8923   576.4s
it 9384/11200  reward   72.55  ep_len  400.0  fell    0  err_xy 0.212  std 0.300  lr 1.0e-04  fps   6158   576.8s
it 9385/11200  reward     nan  ep_len    nan  fell    0  err_xy 0.266  std 0.300  lr 1.0e-04  fps   9281   577.0s
it 9386/11200  reward     nan  ep_len    nan  fell    0  err_xy 0.221  std 0.300  lr 1.0e-04  fps   9551   577.3s
it 9387/11200  reward     nan  ep_len    nan  fell    0  err_xy 0.199  std 0.300  lr 1.0e-04  fps   9410   577.5s
it 9388/11200  reward     nan  ep_len    nan  fell    0  err_xy 0.215  std 0.300  lr 1.0e-04  fps   9389   577.8s
it 9389/11200  reward     nan  ep_len    nan  fell    0  err_xy 0.204  std 0.300  lr 1.0e-04  fps   9103   578.0s
it 9390/11200  reward     nan  ep_len    nan  fell    0  err_xy 0.147  std 0.300  lr 1.0e-04  fps   8909   578.3s
it 9391/11200  reward     nan  ep_len    nan  fell    0  err_xy 0.085  std 0.300  lr 1.0e-04  fps   8764   578.5s
it 9392/11200  reward     nan  ep_len    nan  fell    0  err_xy 0.063  std 0.300  lr 1.0e-04  fps   8862   578.8s
it 9393/11200  reward     nan  ep_len    nan  fell    0  err_xy 0.046  std 0.300  lr 1.0e-04  fps   8864   579.1s
it 9394/11200  reward     nan  ep_len    nan  fell    0  err_xy 0.034  std 0.300  lr 1.0e-04  fps   8879   579.3s
it 9395/11200  reward     nan  ep_len    nan  fell    0  err_xy 0.025  std 0.300  lr 1.0e-04  fps   8852   579.6s
it 9396/11200  reward     nan  ep_len    nan  fell    0  err_xy 0.024  std 0.300  lr 1.0e-04  fps   8965   579.8s
it 9397/11200  reward     nan  ep_len    nan  fell    0  err_xy 0.020  std 0.300  lr 1.0e-04  fps   8818   580.1s
it 9398/11200  reward     nan  ep_len    nan  fell    0  err_xy 0.020  std 0.300  lr 1.0e-04  fps   8859   580.4s
it 9399/11200  reward     nan  ep_len    nan  fell    0  err_xy 0.019  std 0.300  lr 1.0e-04  fps   8966   580.6s
it 9400/11200  reward   76.41  ep_len  400.0  fell    0  err_xy 0.015  std 0.300  lr 1.0e-04  fps   7058   580.9s
eval iteration 9400:
  prone          success   0.0%  time 8.00s  peak_τ 0.96 Nm  return 85.52
  supine         success   0.0%  time 8.00s  peak_τ 0.96 Nm  return 77.84
  score 0.000
it 9401/11200  reward     nan  ep_len    nan  fell    0  err_xy 0.295  std 0.300  lr 1.0e-04  fps   9747   583.2s
it 9402/11200  reward     nan  ep_len    nan  fell    0  err_xy 0.283  std 0.300  lr 1.0e-04  fps   9913   583.4s
it 9403/11200  reward     nan  ep_len    nan  fell    0  err_xy 0.212  std 0.300  lr 1.0e-04  fps   9813   583.6s
it 9404/11200  reward     nan  ep_len    nan  fell    0  err_xy 0.206  std 0.300  lr 1.0e-04  fps   9076   583.9s
it 9405/11200  reward     nan  ep_len    nan  fell    0  err_xy 0.207  std 0.300  lr 1.0e-04  fps   9638   584.1s
it 9406/11200  reward     nan  ep_len    nan  fell    0  err_xy 0.185  std 0.300  lr 1.0e-04  fps   9367   584.4s
it 9407/11200  reward     nan  ep_len    nan  fell    0  err_xy 0.129  std 0.300  lr 1.0e-04  fps   9222   584.6s
it 9408/11200  reward     nan  ep_len    nan  fell    0  err_xy 0.094  std 0.300  lr 1.0e-04  fps   9209   584.9s
it 9409/11200  reward     nan  ep_len    nan  fell    0  err_xy 0.083  std 0.300  lr 1.0e-04  fps   9217   585.1s
it 9410/11200  reward     nan  ep_len    nan  fell    0  err_xy 0.055  std 0.300  lr 1.0e-04  fps   9211   585.4s
it 9411/11200  reward     nan  ep_len    nan  fell    0  err_xy 0.046  std 0.300  lr 1.0e-04  fps   9211   585.6s
it 9412/11200  reward     nan  ep_len    nan  fell    0  err_xy 0.034  std 0.300  lr 1.0e-04  fps   9213   585.9s
it 9413/11200  reward     nan  ep_len    nan  fell    0  err_xy 0.027  std 0.300  lr 1.0e-04  fps   9222   586.1s
it 9414/11200  reward     nan  ep_len    nan  fell    0  err_xy 0.023  std 0.300  lr 1.0e-04  fps   9305   586.4s
it 9415/11200  reward     nan  ep_len    nan  fell    0  err_xy 0.027  std 0.300  lr 1.0e-04  fps   9206   586.6s
it 9416/11200  reward     nan  ep_len    nan  fell    0  err_xy 0.031  std 0.300  lr 1.0e-04  fps   9215   586.9s
it 9417/11200  reward   75.68  ep_len  400.0  fell    0  err_xy 0.104  std 0.300  lr 1.0e-04  fps   7306   587.2s
it 9418/11200  reward     nan  ep_len    nan  fell    0  err_xy 0.323  std 0.300  lr 1.0e-04  fps   9829   587.4s
it 9419/11200  reward     nan  ep_len    nan  fell    0  err_xy 0.285  std 0.300  lr 1.0e-04  fps   9883   587.6s
it 9420/11200  reward     nan  ep_len    nan  fell    0  err_xy 0.218  std 0.300  lr 1.0e-04  fps   9838   587.9s
it 9421/11200  reward     nan  ep_len    nan  fell    0  err_xy 0.238  std 0.300  lr 1.0e-04  fps   9755   588.1s
it 9422/11200  reward     nan  ep_len    nan  fell    0  err_xy 0.217  std 0.300  lr 1.0e-04  fps   9363   588.4s
it 9423/11200  reward     nan  ep_len    nan  fell    0  err_xy 0.177  std 0.300  lr 1.0e-04  fps   9339   588.6s
it 9424/11200  reward     nan  ep_len    nan  fell    0  err_xy 0.110  std 0.300  lr 1.0e-04  fps   8890   588.9s
it 9425/11200  reward     nan  ep_len    nan  fell    0  err_xy 0.082  std 0.300  lr 1.0e-04  fps   9190   589.1s
it 9426/11200  reward     nan  ep_len    nan  fell    0  err_xy 0.052  std 0.300  lr 1.0e-04  fps   9060   589.4s
it 9427/11200  reward     nan  ep_len    nan  fell    0  err_xy 0.042  std 0.300  lr 1.0e-04  fps   8998   589.6s
it 9428/11200  reward     nan  ep_len    nan  fell    0  err_xy 0.034  std 0.300  lr 1.0e-04  fps   9123   589.9s
it 9429/11200  reward     nan  ep_len    nan  fell    0  err_xy 0.029  std 0.300  lr 1.0e-04  fps   9096   590.1s
it 9430/11200  reward     nan  ep_len    nan  fell    0  err_xy 0.022  std 0.300  lr 1.0e-04  fps   9043   590.4s
it 9431/11200  reward     nan  ep_len    nan  fell    0  err_xy 0.019  std 0.300  lr 1.0e-04  fps   9068   590.6s
it 9432/11200  reward     nan  ep_len    nan  fell    0  err_xy 0.018  std 0.300  lr 1.0e-04  fps   8688   590.9s
it 9433/11200  reward     nan  ep_len    nan  fell    0  err_xy 0.015  std 0.300  lr 1.0e-04  fps   9095   591.2s
it 9434/11200  reward   78.84  ep_len  400.0  fell    0  err_xy 0.214  std 0.300  lr 1.0e-04  fps   7226   591.5s
it 9435/11200  reward     nan  ep_len    nan  fell    0  err_xy 0.281  std 0.300  lr 1.0e-04  fps   9791   591.7s
it 9436/11200  reward     nan  ep_len    nan  fell    0  err_xy 0.255  std 0.300  lr 1.0e-04  fps   9870   592.0s
it 9437/11200  reward     nan  ep_len    nan  fell    0  err_xy 0.219  std 0.300  lr 1.0e-04  fps   9739   592.2s
it 9438/11200  reward     nan  ep_len    nan  fell    0  err_xy 0.222  std 0.300  lr 1.0e-04  fps   9615   592.4s
it 9439/11200  reward     nan  ep_len    nan  fell    0  err_xy 0.206  std 0.300  lr 1.0e-04  fps   9298   592.7s
it 9440/11200  reward     nan  ep_len    nan  fell    0  err_xy 0.174  std 0.300  lr 1.0e-04  fps   9350   592.9s
it 9441/11200  reward     nan  ep_len    nan  fell    0  err_xy 0.143  std 0.300  lr 1.0e-04  fps   9288   593.2s
it 9442/11200  reward     nan  ep_len    nan  fell    0  err_xy 0.094  std 0.300  lr 1.0e-04  fps   9209   593.4s
it 9443/11200  reward     nan  ep_len    nan  fell    0  err_xy 0.085  std 0.300  lr 1.0e-04  fps   9166   593.7s
it 9444/11200  reward     nan  ep_len    nan  fell    0  err_xy 0.084  std 0.300  lr 1.0e-04  fps   9126   593.9s
it 9445/11200  reward     nan  ep_len    nan  fell    0  err_xy 0.057  std 0.300  lr 1.0e-04  fps   8952   594.2s
it 9446/11200  reward     nan  ep_len    nan  fell    0  err_xy 0.048  std 0.300  lr 1.0e-04  fps   8860   594.5s
it 9447/11200  reward     nan  ep_len    nan  fell    0  err_xy 0.038  std 0.300  lr 1.0e-04  fps   8883   594.7s
it 9448/11200  reward     nan  ep_len    nan  fell    0  err_xy 0.037  std 0.300  lr 1.0e-04  fps   8783   595.0s
it 9449/11200  reward     nan  ep_len    nan  fell    0  err_xy 0.029  std 0.300  lr 1.0e-04  fps   8844   595.2s
it 9450/11200  reward   72.77  ep_len  400.0  fell    0  err_xy 0.022  std 0.300  lr 1.0e-04  fps   6817   595.6s
it 9451/11200  reward     nan  ep_len    nan  fell    0  err_xy 0.304  std 0.300  lr 1.0e-04  fps   9286   595.8s
it 9452/11200  reward     nan  ep_len    nan  fell    0  err_xy 0.268  std 0.300  lr 1.0e-04  fps   9550   596.1s
it 9453/11200  reward     nan  ep_len    nan  fell    0  err_xy 0.225  std 0.300  lr 1.0e-04  fps   9266   596.3s
it 9454/11200  reward     nan  ep_len    nan  fell    0  err_xy 0.212  std 0.300  lr 1.0e-04  fps   7361   596.6s
it 9455/11200  reward     nan  ep_len    nan  fell    0  err_xy 0.213  std 0.300  lr 1.0e-04  fps   8996   596.9s
it 9456/11200  reward     nan  ep_len    nan  fell    0  err_xy 0.190  std 0.300  lr 1.0e-04  fps   8623   597.1s
it 9457/11200  reward     nan  ep_len    nan  fell    0  err_xy 0.141  std 0.300  lr 1.0e-04  fps   8636   597.4s
it 9458/11200  reward     nan  ep_len    nan  fell    0  err_xy 0.137  std 0.300  lr 1.0e-04  fps   8759   597.7s
it 9459/11200  reward     nan  ep_len    nan  fell    0  err_xy 0.110  std 0.300  lr 1.0e-04  fps   8975   597.9s
it 9460/11200  reward     nan  ep_len    nan  fell    0  err_xy 0.082  std 0.300  lr 1.0e-04  fps   8914   598.2s
it 9461/11200  reward     nan  ep_len    nan  fell    0  err_xy 0.073  std 0.300  lr 1.0e-04  fps   8995   598.5s
it 9462/11200  reward     nan  ep_len    nan  fell    0  err_xy 0.054  std 0.300  lr 1.0e-04  fps   8678   598.7s
it 9463/11200  reward     nan  ep_len    nan  fell    0  err_xy 0.044  std 0.300  lr 1.0e-04  fps   8727   599.0s
it 9464/11200  reward     nan  ep_len    nan  fell    0  err_xy 0.038  std 0.300  lr 1.0e-04  fps   8516   599.3s
it 9465/11200  reward     nan  ep_len    nan  fell    0  err_xy 0.032  std 0.300  lr 1.0e-04  fps   8490   599.5s
it 9466/11200  reward     nan  ep_len    nan  fell    0  err_xy 0.027  std 0.300  lr 1.0e-04  fps   8813   599.8s
it 9467/11200  reward   68.88  ep_len  400.0  fell    0  err_xy 0.093  std 0.300  lr 1.0e-04  fps   7016   600.1s
it 9468/11200  reward     nan  ep_len    nan  fell    0  err_xy 0.286  std 0.300  lr 1.0e-04  fps   9319   600.4s
it 9469/11200  reward     nan  ep_len    nan  fell    0  err_xy 0.235  std 0.300  lr 1.0e-04  fps   9586   600.6s
it 9470/11200  reward     nan  ep_len    nan  fell    0  err_xy 0.208  std 0.300  lr 1.0e-04  fps   9421   600.8s
it 9471/11200  reward     nan  ep_len    nan  fell    0  err_xy 0.211  std 0.300  lr 1.0e-04  fps   9283   601.1s
it 9472/11200  reward     nan  ep_len    nan  fell    0  err_xy 0.202  std 0.300  lr 1.0e-04  fps   9125   601.3s
it 9473/11200  reward     nan  ep_len    nan  fell    0  err_xy 0.169  std 0.300  lr 1.0e-04  fps   9032   601.6s
it 9474/11200  reward     nan  ep_len    nan  fell    0  err_xy 0.130  std 0.300  lr 1.0e-04  fps   9001   601.9s
it 9475/11200  reward     nan  ep_len    nan  fell    0  err_xy 0.100  std 0.300  lr 1.0e-04  fps   8874   602.1s
it 9476/11200  reward     nan  ep_len    nan  fell    0  err_xy 0.070  std 0.300  lr 1.0e-04  fps   8647   602.4s
it 9477/11200  reward     nan  ep_len    nan  fell    0  err_xy 0.057  std 0.300  lr 1.0e-04  fps   8175   602.7s
it 9478/11200  reward     nan  ep_len    nan  fell    0  err_xy 0.048  std 0.300  lr 1.0e-04  fps   8861   602.9s
it 9479/11200  reward     nan  ep_len    nan  fell    0  err_xy 0.034  std 0.300  lr 1.0e-04  fps   8999   603.2s
it 9480/11200  reward     nan  ep_len    nan  fell    0  err_xy 0.028  std 0.300  lr 1.0e-04  fps   8962   603.4s
it 9481/11200  reward     nan  ep_len    nan  fell    0  err_xy 0.021  std 0.300  lr 1.0e-04  fps   7931   603.7s
it 9482/11200  reward     nan  ep_len    nan  fell    0  err_xy 0.020  std 0.300  lr 1.0e-04  fps   8015   604.0s
it 9483/11200  reward     nan  ep_len    nan  fell    0  err_xy 0.018  std 0.300  lr 1.0e-04  fps   8291   604.3s
it 9484/11200  reward   73.29  ep_len  400.0  fell    0  err_xy 0.184  std 0.300  lr 1.0e-04  fps   6335   604.7s
it 9485/11200  reward     nan  ep_len    nan  fell    0  err_xy 0.269  std 0.300  lr 1.0e-04  fps   8835   604.9s
it 9486/11200  reward     nan  ep_len    nan  fell    0  err_xy 0.245  std 0.300  lr 1.0e-04  fps   8862   605.2s
it 9487/11200  reward     nan  ep_len    nan  fell    0  err_xy 0.207  std 0.300  lr 1.0e-04  fps   7568   605.5s
it 9488/11200  reward     nan  ep_len    nan  fell    0  err_xy 0.212  std 0.300  lr 1.0e-04  fps   7681   605.8s
it 9489/11200  reward     nan  ep_len    nan  fell    0  err_xy 0.212  std 0.300  lr 1.0e-04  fps   8024   606.1s
it 9490/11200  reward     nan  ep_len    nan  fell    0  err_xy 0.172  std 0.300  lr 1.0e-04  fps   8588   606.3s
it 9491/11200  reward     nan  ep_len    nan  fell    0  err_xy 0.151  std 0.300  lr 1.0e-04  fps   8867   606.6s
it 9492/11200  reward     nan  ep_len    nan  fell    0  err_xy 0.111  std 0.300  lr 1.0e-04  fps   8742   606.9s
it 9493/11200  reward     nan  ep_len    nan  fell    0  err_xy 0.090  std 0.300  lr 1.0e-04  fps   8655   607.1s
it 9494/11200  reward     nan  ep_len    nan  fell    0  err_xy 0.062  std 0.300  lr 1.0e-04  fps   8816   607.4s
it 9495/11200  reward     nan  ep_len    nan  fell    0  err_xy 0.047  std 0.300  lr 1.0e-04  fps   8791   607.7s
it 9496/11200  reward     nan  ep_len    nan  fell    0  err_xy 0.034  std 0.300  lr 1.0e-04  fps   8267   607.9s
it 9497/11200  reward     nan  ep_len    nan  fell    0  err_xy 0.023  std 0.300  lr 1.0e-04  fps   8115   608.2s
it 9498/11200  reward     nan  ep_len    nan  fell    0  err_xy 0.020  std 0.300  lr 1.0e-04  fps   8566   608.5s
it 9499/11200  reward     nan  ep_len    nan  fell    0  err_xy 0.026  std 0.300  lr 1.0e-04  fps   7711   608.8s
it 9500/11200  reward   73.16  ep_len  400.0  fell    0  err_xy 0.022  std 0.300  lr 1.0e-04  fps   6024   609.2s
it 9501/11200  reward     nan  ep_len    nan  fell    0  err_xy 0.297  std 0.300  lr 1.0e-04  fps   8420   609.4s
it 9502/11200  reward     nan  ep_len    nan  fell    0  err_xy 0.289  std 0.300  lr 1.0e-04  fps   8256   609.7s
it 9503/11200  reward     nan  ep_len    nan  fell    0  err_xy 0.228  std 0.300  lr 1.0e-04  fps   9073   610.0s
it 9504/11200  reward     nan  ep_len    nan  fell    0  err_xy 0.212  std 0.300  lr 1.0e-04  fps   9119   610.2s
it 9505/11200  reward     nan  ep_len    nan  fell    0  err_xy 0.230  std 0.300  lr 1.0e-04  fps   9039   610.5s
it 9506/11200  reward     nan  ep_len    nan  fell    0  err_xy 0.199  std 0.300  lr 1.0e-04  fps   9044   610.7s
it 9507/11200  reward     nan  ep_len    nan  fell    0  err_xy 0.152  std 0.300  lr 1.0e-04  fps   8821   611.0s
it 9508/11200  reward     nan  ep_len    nan  fell    0  err_xy 0.124  std 0.300  lr 1.0e-04  fps   8890   611.3s
it 9509/11200  reward     nan  ep_len    nan  fell    0  err_xy 0.093  std 0.300  lr 1.0e-04  fps   8813   611.5s
it 9510/11200  reward     nan  ep_len    nan  fell    0  err_xy 0.075  std 0.300  lr 1.0e-04  fps   8664   611.8s
it 9511/11200  reward     nan  ep_len    nan  fell    0  err_xy 0.083  std 0.300  lr 1.0e-04  fps   7819   612.1s
it 9512/11200  reward     nan  ep_len    nan  fell    0  err_xy 0.065  std 0.300  lr 1.0e-04  fps   7796   612.4s
it 9513/11200  reward     nan  ep_len    nan  fell    0  err_xy 0.056  std 0.300  lr 1.0e-04  fps   8214   612.7s
it 9514/11200  reward     nan  ep_len    nan  fell    0  err_xy 0.047  std 0.300  lr 1.0e-04  fps   8802   612.9s
it 9515/11200  reward     nan  ep_len    nan  fell    0  err_xy 0.047  std 0.300  lr 1.0e-04  fps   8937   613.2s
it 9516/11200  reward     nan  ep_len    nan  fell    0  err_xy 0.039  std 0.300  lr 1.0e-04  fps   8822   613.4s
it 9517/11200  reward   71.17  ep_len  400.0  fell    0  err_xy 0.106  std 0.300  lr 1.0e-04  fps   7089   613.8s
it 9518/11200  reward     nan  ep_len    nan  fell    0  err_xy 0.299  std 0.300  lr 1.0e-04  fps   9298   614.0s
it 9519/11200  reward     nan  ep_len    nan  fell    0  err_xy 0.268  std 0.300  lr 1.0e-04  fps   9470   614.3s
it 9520/11200  reward     nan  ep_len    nan  fell    0  err_xy 0.206  std 0.300  lr 1.0e-04  fps   9104   614.5s
it 9521/11200  reward     nan  ep_len    nan  fell    0  err_xy 0.225  std 0.300  lr 1.0e-04  fps   8089   614.8s
it 9522/11200  reward     nan  ep_len    nan  fell    0  err_xy 0.222  std 0.300  lr 1.0e-04  fps   8011   615.1s
it 9523/11200  reward     nan  ep_len    nan  fell    0  err_xy 0.201  std 0.300  lr 1.0e-04  fps   8451   615.4s
it 9524/11200  reward     nan  ep_len    nan  fell    0  err_xy 0.175  std 0.300  lr 1.0e-04  fps   8670   615.6s
it 9525/11200  reward     nan  ep_len    nan  fell    0  err_xy 0.146  std 0.300  lr 1.0e-04  fps   8525   615.9s
it 9526/11200  reward     nan  ep_len    nan  fell    0  err_xy 0.128  std 0.300  lr 1.0e-04  fps   8754   616.2s
it 9527/11200  reward     nan  ep_len    nan  fell    0  err_xy 0.123  std 0.300  lr 1.0e-04  fps   9003   616.4s
it 9528/11200  reward     nan  ep_len    nan  fell    0  err_xy 0.097  std 0.300  lr 1.0e-04  fps   8912   616.7s
it 9529/11200  reward     nan  ep_len    nan  fell    0  err_xy 0.102  std 0.300  lr 1.0e-04  fps   8885   616.9s
it 9530/11200  reward     nan  ep_len    nan  fell    0  err_xy 0.084  std 0.300  lr 1.0e-04  fps   8911   617.2s
it 9531/11200  reward     nan  ep_len    nan  fell    0  err_xy 0.067  std 0.300  lr 1.0e-04  fps   8881   617.5s
it 9532/11200  reward     nan  ep_len    nan  fell    0  err_xy 0.058  std 0.300  lr 1.0e-04  fps   8966   617.7s
it 9533/11200  reward     nan  ep_len    nan  fell    0  err_xy 0.061  std 0.300  lr 1.0e-04  fps   8858   618.0s
it 9534/11200  reward   63.91  ep_len  400.0  fell    0  err_xy 0.236  std 0.300  lr 1.0e-04  fps   7202   618.3s
it 9535/11200  reward     nan  ep_len    nan  fell    0  err_xy 0.298  std 0.300  lr 1.0e-04  fps   9487   618.5s
it 9536/11200  reward     nan  ep_len    nan  fell    0  err_xy 0.254  std 0.300  lr 1.0e-04  fps   9562   618.8s
it 9537/11200  reward     nan  ep_len    nan  fell    0  err_xy 0.219  std 0.300  lr 1.0e-04  fps   9508   619.0s
it 9538/11200  reward     nan  ep_len    nan  fell    0  err_xy 0.234  std 0.300  lr 1.0e-04  fps   9391   619.3s
it 9539/11200  reward     nan  ep_len    nan  fell    0  err_xy 0.202  std 0.300  lr 1.0e-04  fps   9076   619.5s
it 9540/11200  reward     nan  ep_len    nan  fell    0  err_xy 0.165  std 0.300  lr 1.0e-04  fps   8960   619.8s
it 9541/11200  reward     nan  ep_len    nan  fell    0  err_xy 0.128  std 0.300  lr 1.0e-04  fps   8845   620.0s
it 9542/11200  reward     nan  ep_len    nan  fell    0  err_xy 0.112  std 0.300  lr 1.0e-04  fps   8596   620.3s
it 9543/11200  reward     nan  ep_len    nan  fell    0  err_xy 0.070  std 0.300  lr 1.0e-04  fps   7855   620.6s
it 9544/11200  reward     nan  ep_len    nan  fell    0  err_xy 0.050  std 0.300  lr 1.0e-04  fps   7518   620.9s
it 9545/11200  reward     nan  ep_len    nan  fell    0  err_xy 0.049  std 0.300  lr 1.0e-04  fps   7895   621.2s
it 9546/11200  reward     nan  ep_len    nan  fell    0  err_xy 0.042  std 0.300  lr 1.0e-04  fps   8252   621.5s
it 9547/11200  reward     nan  ep_len    nan  fell    0  err_xy 0.042  std 0.300  lr 1.0e-04  fps   8297   621.8s
it 9548/11200  reward     nan  ep_len    nan  fell    0  err_xy 0.040  std 0.300  lr 1.0e-04  fps   8724   622.0s
it 9549/11200  reward     nan  ep_len    nan  fell    0  err_xy 0.035  std 0.300  lr 1.0e-04  fps   8656   622.3s
it 9550/11200  reward   74.41  ep_len  400.0  fell    0  err_xy 0.022  std 0.300  lr 1.0e-04  fps   6730   622.6s
it 9551/11200  reward     nan  ep_len    nan  fell    0  err_xy 0.331  std 0.300  lr 1.0e-04  fps   9107   622.9s
it 9552/11200  reward     nan  ep_len    nan  fell    0  err_xy 0.289  std 0.300  lr 1.0e-04  fps   9514   623.1s
it 9553/11200  reward     nan  ep_len    nan  fell    0  err_xy 0.233  std 0.300  lr 1.0e-04  fps   9453   623.4s
it 9554/11200  reward     nan  ep_len    nan  fell    0  err_xy 0.206  std 0.300  lr 1.0e-04  fps   9378   623.6s
it 9555/11200  reward     nan  ep_len    nan  fell    0  err_xy 0.215  std 0.300  lr 1.0e-04  fps   9168   623.9s
it 9556/11200  reward     nan  ep_len    nan  fell    0  err_xy 0.152  std 0.300  lr 1.0e-04  fps   9027   624.1s
it 9557/11200  reward     nan  ep_len    nan  fell    0  err_xy 0.118  std 0.300  lr 1.0e-04  fps   8854   624.4s
it 9558/11200  reward     nan  ep_len    nan  fell    0  err_xy 0.101  std 0.300  lr 1.0e-04  fps   8781   624.7s
it 9559/11200  reward     nan  ep_len    nan  fell    0  err_xy 0.077  std 0.300  lr 1.0e-04  fps   8001   624.9s
it 9560/11200  reward     nan  ep_len    nan  fell    0  err_xy 0.063  std 0.300  lr 1.0e-04  fps   8764   625.2s
it 9561/11200  reward     nan  ep_len    nan  fell    0  err_xy 0.049  std 0.300  lr 1.0e-04  fps   8889   625.5s
it 9562/11200  reward     nan  ep_len    nan  fell    0  err_xy 0.038  std 0.300  lr 1.0e-04  fps   9006   625.7s
it 9563/11200  reward     nan  ep_len    nan  fell    0  err_xy 0.037  std 0.300  lr 1.0e-04  fps   9019   626.0s
it 9564/11200  reward     nan  ep_len    nan  fell    0  err_xy 0.033  std 0.300  lr 1.0e-04  fps   8969   626.2s
it 9565/11200  reward     nan  ep_len    nan  fell    0  err_xy 0.031  std 0.300  lr 1.0e-04  fps   8973   626.5s
it 9566/11200  reward     nan  ep_len    nan  fell    0  err_xy 0.033  std 0.300  lr 1.0e-04  fps   8833   626.7s
it 9567/11200  reward   73.07  ep_len  400.0  fell    0  err_xy 0.108  std 0.300  lr 1.0e-04  fps   7164   627.1s
it 9568/11200  reward     nan  ep_len    nan  fell    0  err_xy 0.328  std 0.300  lr 1.0e-04  fps   9344   627.3s
it 9569/11200  reward     nan  ep_len    nan  fell    0  err_xy 0.277  std 0.300  lr 1.0e-04  fps   9595   627.6s
it 9570/11200  reward     nan  ep_len    nan  fell    0  err_xy 0.203  std 0.300  lr 1.0e-04  fps   9469   627.8s
it 9571/11200  reward     nan  ep_len    nan  fell    0  err_xy 0.196  std 0.300  lr 1.0e-04  fps   9375   628.0s
it 9572/11200  reward     nan  ep_len    nan  fell    0  err_xy 0.215  std 0.300  lr 1.0e-04  fps   9233   628.3s
it 9573/11200  reward     nan  ep_len    nan  fell    0  err_xy 0.167  std 0.300  lr 1.0e-04  fps   8989   628.6s
it 9574/11200  reward     nan  ep_len    nan  fell    0  err_xy 0.123  std 0.300  lr 1.0e-04  fps   8914   628.8s
it 9575/11200  reward     nan  ep_len    nan  fell    0  err_xy 0.079  std 0.300  lr 1.0e-04  fps   8889   629.1s
it 9576/11200  reward     nan  ep_len    nan  fell    0  err_xy 0.063  std 0.300  lr 1.0e-04  fps   8893   629.3s
it 9577/11200  reward     nan  ep_len    nan  fell    0  err_xy 0.040  std 0.300  lr 1.0e-04  fps   8996   629.6s
it 9578/11200  reward     nan  ep_len    nan  fell    0  err_xy 0.037  std 0.300  lr 1.0e-04  fps   8990   629.8s
it 9579/11200  reward     nan  ep_len    nan  fell    0  err_xy 0.037  std 0.300  lr 1.0e-04  fps   8945   630.1s
it 9580/11200  reward     nan  ep_len    nan  fell    0  err_xy 0.039  std 0.300  lr 1.0e-04  fps   9024   630.4s
it 9581/11200  reward     nan  ep_len    nan  fell    0  err_xy 0.032  std 0.300  lr 1.0e-04  fps   8970   630.6s
it 9582/11200  reward     nan  ep_len    nan  fell    0  err_xy 0.036  std 0.300  lr 1.0e-04  fps   9030   630.9s
it 9583/11200  reward     nan  ep_len    nan  fell    0  err_xy 0.027  std 0.300  lr 1.0e-04  fps   8913   631.1s
it 9584/11200  reward   74.54  ep_len  400.0  fell    0  err_xy 0.221  std 0.300  lr 1.0e-04  fps   7236   631.4s
it 9585/11200  reward     nan  ep_len    nan  fell    0  err_xy 0.284  std 0.300  lr 1.0e-04  fps   9304   631.7s
it 9586/11200  reward     nan  ep_len    nan  fell    0  err_xy 0.266  std 0.300  lr 1.0e-04  fps   9344   631.9s
it 9587/11200  reward     nan  ep_len    nan  fell    0  err_xy 0.210  std 0.300  lr 1.0e-04  fps   9624   632.2s
it 9588/11200  reward     nan  ep_len    nan  fell    0  err_xy 0.208  std 0.300  lr 1.0e-04  fps   9422   632.4s
it 9589/11200  reward     nan  ep_len    nan  fell    0  err_xy 0.188  std 0.300  lr 1.0e-04  fps   9047   632.7s
it 9590/11200  reward     nan  ep_len    nan  fell    0  err_xy 0.131  std 0.300  lr 1.0e-04  fps   8970   632.9s
it 9591/11200  reward     nan  ep_len    nan  fell    0  err_xy 0.099  std 0.300  lr 1.0e-04  fps   8871   633.2s
it 9592/11200  reward     nan  ep_len    nan  fell    0  err_xy 0.078  std 0.300  lr 1.0e-04  fps   8864   633.5s
it 9593/11200  reward     nan  ep_len    nan  fell    0  err_xy 0.052  std 0.300  lr 1.0e-04  fps   8970   633.7s
it 9594/11200  reward     nan  ep_len    nan  fell    0  err_xy 0.047  std 0.300  lr 1.0e-04  fps   8891   634.0s
it 9595/11200  reward     nan  ep_len    nan  fell    0  err_xy 0.037  std 0.300  lr 1.0e-04  fps   8985   634.2s
it 9596/11200  reward     nan  ep_len    nan  fell    0  err_xy 0.035  std 0.300  lr 1.0e-04  fps   9082   634.5s
it 9597/11200  reward     nan  ep_len    nan  fell    0  err_xy 0.029  std 0.300  lr 1.0e-04  fps   9022   634.7s
it 9598/11200  reward     nan  ep_len    nan  fell    0  err_xy 0.024  std 0.300  lr 1.0e-04  fps   9112   635.0s
it 9599/11200  reward     nan  ep_len    nan  fell    0  err_xy 0.029  std 0.300  lr 1.0e-04  fps   9075   635.3s
it 9600/11200  reward   73.29  ep_len  400.0  fell    0  err_xy 0.031  std 0.300  lr 1.0e-04  fps   6978   635.6s
eval iteration 9600:
  prone          success   0.0%  time 8.00s  peak_τ 0.96 Nm  return 73.04
  supine         success   0.0%  time 8.00s  peak_τ 0.95 Nm  return 71.84
  score 0.000
it 9601/11200  reward     nan  ep_len    nan  fell    0  err_xy 0.302  std 0.300  lr 1.0e-04  fps   9888   637.8s
it 9602/11200  reward     nan  ep_len    nan  fell    0  err_xy 0.271  std 0.300  lr 1.0e-04  fps  10012   638.0s
it 9603/11200  reward     nan  ep_len    nan  fell    0  err_xy 0.213  std 0.300  lr 1.0e-04  fps   9827   638.2s
it 9604/11200  reward     nan  ep_len    nan  fell    0  err_xy 0.180  std 0.300  lr 1.0e-04  fps   9787   638.5s
it 9605/11200  reward     nan  ep_len    nan  fell    0  err_xy 0.214  std 0.300  lr 1.0e-04  fps   9691   638.7s
it 9606/11200  reward     nan  ep_len    nan  fell    0  err_xy 0.188  std 0.300  lr 1.0e-04  fps   9474   638.9s
it 9607/11200  reward     nan  ep_len    nan  fell    0  err_xy 0.138  std 0.300  lr 1.0e-04  fps   9302   639.2s
it 9608/11200  reward     nan  ep_len    nan  fell    0  err_xy 0.112  std 0.300  lr 1.0e-04  fps   9385   639.4s
it 9609/11200  reward     nan  ep_len    nan  fell    0  err_xy 0.095  std 0.300  lr 1.0e-04  fps   9337   639.7s
it 9610/11200  reward     nan  ep_len    nan  fell    0  err_xy 0.085  std 0.300  lr 1.0e-04  fps   9381   639.9s
it 9611/11200  reward     nan  ep_len    nan  fell    0  err_xy 0.070  std 0.300  lr 1.0e-04  fps   9338   640.2s
it 9612/11200  reward     nan  ep_len    nan  fell    0  err_xy 0.052  std 0.300  lr 1.0e-04  fps   9251   640.4s
it 9613/11200  reward     nan  ep_len    nan  fell    0  err_xy 0.043  std 0.300  lr 1.0e-04  fps   9349   640.7s
it 9614/11200  reward     nan  ep_len    nan  fell    0  err_xy 0.041  std 0.300  lr 1.0e-04  fps   9201   640.9s
it 9615/11200  reward     nan  ep_len    nan  fell    0  err_xy 0.033  std 0.300  lr 1.0e-04  fps   9180   641.2s
it 9616/11200  reward     nan  ep_len    nan  fell    0  err_xy 0.030  std 0.300  lr 1.0e-04  fps   9018   641.4s
it 9617/11200  reward   69.62  ep_len  400.0  fell    0  err_xy 0.105  std 0.300  lr 1.0e-04  fps   7282   641.7s
it 9618/11200  reward     nan  ep_len    nan  fell    0  err_xy 0.326  std 0.300  lr 1.0e-04  fps   9848   642.0s
it 9619/11200  reward     nan  ep_len    nan  fell    0  err_xy 0.284  std 0.300  lr 1.0e-04  fps   9811   642.2s
it 9620/11200  reward     nan  ep_len    nan  fell    0  err_xy 0.209  std 0.300  lr 1.0e-04  fps   9788   642.4s
it 9621/11200  reward     nan  ep_len    nan  fell    0  err_xy 0.187  std 0.300  lr 1.0e-04  fps   9762   642.7s
it 9622/11200  reward     nan  ep_len    nan  fell    0  err_xy 0.191  std 0.300  lr 1.0e-04  fps   9504   642.9s
it 9623/11200  reward     nan  ep_len    nan  fell    0  err_xy 0.154  std 0.300  lr 1.0e-04  fps   9317   643.2s
it 9624/11200  reward     nan  ep_len    nan  fell    0  err_xy 0.112  std 0.300  lr 1.0e-04  fps   9108   643.4s
it 9625/11200  reward     nan  ep_len    nan  fell    0  err_xy 0.088  std 0.300  lr 1.0e-04  fps   8899   643.7s
it 9626/11200  reward     nan  ep_len    nan  fell    0  err_xy 0.059  std 0.300  lr 1.0e-04  fps   9153   643.9s
it 9627/11200  reward     nan  ep_len    nan  fell    0  err_xy 0.052  std 0.300  lr 1.0e-04  fps   9366   644.2s
it 9628/11200  reward     nan  ep_len    nan  fell    0  err_xy 0.036  std 0.300  lr 1.0e-04  fps   9296   644.4s
it 9629/11200  reward     nan  ep_len    nan  fell    0  err_xy 0.033  std 0.300  lr 1.0e-04  fps   9153   644.7s
it 9630/11200  reward     nan  ep_len    nan  fell    0  err_xy 0.028  std 0.300  lr 1.0e-04  fps   9232   644.9s
it 9631/11200  reward     nan  ep_len    nan  fell    0  err_xy 0.028  std 0.300  lr 1.0e-04  fps   9270   645.2s
it 9632/11200  reward     nan  ep_len    nan  fell    0  err_xy 0.021  std 0.300  lr 1.0e-04  fps   9206   645.4s
it 9633/11200  reward     nan  ep_len    nan  fell    0  err_xy 0.021  std 0.300  lr 1.0e-04  fps   9145   645.7s
it 9634/11200  reward   72.12  ep_len  400.0  fell    0  err_xy 0.240  std 0.300  lr 1.0e-04  fps   7298   646.0s
it 9635/11200  reward     nan  ep_len    nan  fell    0  err_xy 0.325  std 0.300  lr 1.0e-04  fps   6659   646.3s
it 9636/11200  reward     nan  ep_len    nan  fell    0  err_xy 0.263  std 0.300  lr 1.0e-04  fps   7671   646.6s
it 9637/11200  reward     nan  ep_len    nan  fell    0  err_xy 0.211  std 0.300  lr 1.0e-04  fps   9000   646.9s
it 9638/11200  reward     nan  ep_len    nan  fell    0  err_xy 0.197  std 0.300  lr 1.0e-04  fps   8977   647.2s
it 9639/11200  reward     nan  ep_len    nan  fell    0  err_xy 0.194  std 0.300  lr 1.0e-04  fps   9138   647.4s
it 9640/11200  reward     nan  ep_len    nan  fell    0  err_xy 0.148  std 0.300  lr 1.0e-04  fps   8847   647.7s
it 9641/11200  reward     nan  ep_len    nan  fell    0  err_xy 0.116  std 0.300  lr 1.0e-04  fps   8908   647.9s
it 9642/11200  reward     nan  ep_len    nan  fell    0  err_xy 0.082  std 0.300  lr 1.0e-04  fps   8430   648.2s
it 9643/11200  reward     nan  ep_len    nan  fell    0  err_xy 0.051  std 0.300  lr 1.0e-04  fps   8545   648.5s
it 9644/11200  reward     nan  ep_len    nan  fell    0  err_xy 0.036  std 0.300  lr 1.0e-04  fps   8919   648.7s
it 9645/11200  reward     nan  ep_len    nan  fell    0  err_xy 0.027  std 0.300  lr 1.0e-04  fps   8709   649.0s
it 9646/11200  reward     nan  ep_len    nan  fell    0  err_xy 0.018  std 0.300  lr 1.0e-04  fps   8950   649.3s
it 9647/11200  reward     nan  ep_len    nan  fell    0  err_xy 0.015  std 0.300  lr 1.0e-04  fps   8963   649.5s
it 9648/11200  reward     nan  ep_len    nan  fell    0  err_xy 0.015  std 0.300  lr 1.0e-04  fps   8997   649.8s
it 9649/11200  reward     nan  ep_len    nan  fell    0  err_xy 0.014  std 0.300  lr 1.0e-04  fps   9006   650.0s
it 9650/11200  reward   74.89  ep_len  400.0  fell    0  err_xy 0.018  std 0.300  lr 1.0e-04  fps   7003   650.4s
it 9651/11200  reward     nan  ep_len    nan  fell    0  err_xy 0.305  std 0.300  lr 1.0e-04  fps   9332   650.6s
it 9652/11200  reward     nan  ep_len    nan  fell    0  err_xy 0.275  std 0.300  lr 1.0e-04  fps   9545   650.8s
it 9653/11200  reward     nan  ep_len    nan  fell    0  err_xy 0.222  std 0.300  lr 1.0e-04  fps   9521   651.1s
it 9654/11200  reward     nan  ep_len    nan  fell    0  err_xy 0.164  std 0.300  lr 1.0e-04  fps   9428   651.3s
it 9655/11200  reward     nan  ep_len    nan  fell    0  err_xy 0.171  std 0.300  lr 1.0e-04  fps   9287   651.6s
it 9656/11200  reward     nan  ep_len    nan  fell    0  err_xy 0.155  std 0.300  lr 1.0e-04  fps   9147   651.8s
it 9657/11200  reward     nan  ep_len    nan  fell    0  err_xy 0.140  std 0.300  lr 1.0e-04  fps   8977   652.1s
it 9658/11200  reward     nan  ep_len    nan  fell    0  err_xy 0.118  std 0.300  lr 1.0e-04  fps   8900   652.3s
it 9659/11200  reward     nan  ep_len    nan  fell    0  err_xy 0.082  std 0.300  lr 1.0e-04  fps   8897   652.6s
it 9660/11200  reward     nan  ep_len    nan  fell    0  err_xy 0.062  std 0.300  lr 1.0e-04  fps   8817   652.9s
it 9661/11200  reward     nan  ep_len    nan  fell    0  err_xy 0.046  std 0.300  lr 1.0e-04  fps   8871   653.1s
it 9662/11200  reward     nan  ep_len    nan  fell    0  err_xy 0.039  std 0.300  lr 1.0e-04  fps   8898   653.4s
it 9663/11200  reward     nan  ep_len    nan  fell    0  err_xy 0.034  std 0.300  lr 1.0e-04  fps   8785   653.7s
it 9664/11200  reward     nan  ep_len    nan  fell    0  err_xy 0.034  std 0.300  lr 1.0e-04  fps   8904   653.9s
it 9665/11200  reward     nan  ep_len    nan  fell    0  err_xy 0.039  std 0.300  lr 1.0e-04  fps   8857   654.2s
it 9666/11200  reward     nan  ep_len    nan  fell    0  err_xy 0.032  std 0.300  lr 1.0e-04  fps   8974   654.4s
it 9667/11200  reward   63.63  ep_len  400.0  fell    0  err_xy 0.106  std 0.300  lr 1.0e-04  fps   7118   654.8s
it 9668/11200  reward     nan  ep_len    nan  fell    0  err_xy 0.318  std 0.300  lr 1.0e-04  fps   9296   655.0s
it 9669/11200  reward     nan  ep_len    nan  fell    0  err_xy 0.273  std 0.300  lr 1.0e-04  fps   9542   655.2s
it 9670/11200  reward     nan  ep_len    nan  fell    0  err_xy 0.193  std 0.300  lr 1.0e-04  fps   9366   655.5s
it 9671/11200  reward     nan  ep_len    nan  fell    0  err_xy 0.164  std 0.300  lr 1.0e-04  fps   9408   655.7s
it 9672/11200  reward     nan  ep_len    nan  fell    0  err_xy 0.177  std 0.300  lr 1.0e-04  fps   9260   656.0s
it 9673/11200  reward     nan  ep_len    nan  fell    0  err_xy 0.174  std 0.300  lr 1.0e-04  fps   9121   656.2s
it 9674/11200  reward     nan  ep_len    nan  fell    0  err_xy 0.149  std 0.300  lr 1.0e-04  fps   8390   656.5s
it 9675/11200  reward     nan  ep_len    nan  fell    0  err_xy 0.136  std 0.300  lr 1.0e-04  fps   8981   656.8s
it 9676/11200  reward     nan  ep_len    nan  fell    0  err_xy 0.094  std 0.300  lr 1.0e-04  fps   9026   657.0s
it 9677/11200  reward     nan  ep_len    nan  fell    0  err_xy 0.088  std 0.300  lr 1.0e-04  fps   8912   657.3s
it 9678/11200  reward     nan  ep_len    nan  fell    0  err_xy 0.073  std 0.300  lr 1.0e-04  fps   8884   657.5s
it 9679/11200  reward     nan  ep_len    nan  fell    0  err_xy 0.054  std 0.300  lr 1.0e-04  fps   8976   657.8s
it 9680/11200  reward     nan  ep_len    nan  fell    0  err_xy 0.046  std 0.300  lr 1.0e-04  fps   9001   658.1s
it 9681/11200  reward     nan  ep_len    nan  fell    0  err_xy 0.038  std 0.300  lr 1.0e-04  fps   8923   658.3s
it 9682/11200  reward     nan  ep_len    nan  fell    0  err_xy 0.043  std 0.300  lr 1.0e-04  fps   8941   658.6s
it 9683/11200  reward     nan  ep_len    nan  fell    0  err_xy 0.049  std 0.300  lr 1.0e-04  fps   8970   658.8s
it 9684/11200  reward   59.23  ep_len  400.0  fell    0  err_xy 0.241  std 0.300  lr 1.0e-04  fps   7232   659.1s
it 9685/11200  reward     nan  ep_len    nan  fell    0  err_xy 0.297  std 0.300  lr 1.0e-04  fps   9372   659.4s
it 9686/11200  reward     nan  ep_len    nan  fell    0  err_xy 0.254  std 0.300  lr 1.0e-04  fps   9483   659.6s
it 9687/11200  reward     nan  ep_len    nan  fell    0  err_xy 0.170  std 0.300  lr 1.0e-04  fps   9454   659.9s
it 9688/11200  reward     nan  ep_len    nan  fell    0  err_xy 0.174  std 0.300  lr 1.0e-04  fps   9361   660.1s
it 9689/11200  reward     nan  ep_len    nan  fell    0  err_xy 0.174  std 0.300  lr 1.0e-04  fps   9137   660.4s
it 9690/11200  reward     nan  ep_len    nan  fell    0  err_xy 0.209  std 0.300  lr 1.0e-04  fps   9057   660.6s
it 9691/11200  reward     nan  ep_len    nan  fell    0  err_xy 0.148  std 0.300  lr 1.0e-04  fps   8867   660.9s
it 9692/11200  reward     nan  ep_len    nan  fell    0  err_xy 0.113  std 0.300  lr 1.0e-04  fps   8870   661.2s
it 9693/11200  reward     nan  ep_len    nan  fell    0  err_xy 0.081  std 0.300  lr 1.0e-04  fps   8791   661.4s
it 9694/11200  reward     nan  ep_len    nan  fell    0  err_xy 0.066  std 0.300  lr 1.0e-04  fps   8824   661.7s
it 9695/11200  reward     nan  ep_len    nan  fell    0  err_xy 0.053  std 0.300  lr 1.0e-04  fps   8940   661.9s
it 9696/11200  reward     nan  ep_len    nan  fell    0  err_xy 0.048  std 0.300  lr 1.0e-04  fps   8858   662.2s
it 9697/11200  reward     nan  ep_len    nan  fell    0  err_xy 0.046  std 0.300  lr 1.0e-04  fps   8916   662.5s
it 9698/11200  reward     nan  ep_len    nan  fell    0  err_xy 0.046  std 0.300  lr 1.0e-04  fps   8868   662.7s
it 9699/11200  reward     nan  ep_len    nan  fell    0  err_xy 0.052  std 0.300  lr 1.0e-04  fps   8863   663.0s
it 9700/11200  reward   63.39  ep_len  400.0  fell    0  err_xy 0.047  std 0.300  lr 1.0e-04  fps   6962   663.3s
it 9701/11200  reward     nan  ep_len    nan  fell    0  err_xy 0.306  std 0.300  lr 1.0e-04  fps   9285   663.6s
it 9702/11200  reward     nan  ep_len    nan  fell    0  err_xy 0.313  std 0.300  lr 1.0e-04  fps   9556   663.8s
it 9703/11200  reward     nan  ep_len    nan  fell    0  err_xy 0.226  std 0.300  lr 1.0e-04  fps   9453   664.0s
it 9704/11200  reward     nan  ep_len    nan  fell    0  err_xy 0.170  std 0.300  lr 1.0e-04  fps   9283   664.3s
it 9705/11200  reward     nan  ep_len    nan  fell    0  err_xy 0.188  std 0.300  lr 1.0e-04  fps   9191   664.5s
it 9706/11200  reward     nan  ep_len    nan  fell    0  err_xy 0.179  std 0.300  lr 1.0e-04  fps   9075   664.8s
it 9707/11200  reward     nan  ep_len    nan  fell    0  err_xy 0.163  std 0.300  lr 1.0e-04  fps   8953   665.1s
it 9708/11200  reward     nan  ep_len    nan  fell    0  err_xy 0.128  std 0.300  lr 1.0e-04  fps   8855   665.3s
it 9709/11200  reward     nan  ep_len    nan  fell    0  err_xy 0.094  std 0.300  lr 1.0e-04  fps   8833   665.6s
it 9710/11200  reward     nan  ep_len    nan  fell    0  err_xy 0.072  std 0.300  lr 1.0e-04  fps   8876   665.8s
it 9711/11200  reward     nan  ep_len    nan  fell    0  err_xy 0.065  std 0.300  lr 1.0e-04  fps   8925   666.1s
it 9712/11200  reward     nan  ep_len    nan  fell    0  err_xy 0.051  std 0.300  lr 1.0e-04  fps   8861   666.4s
it 9713/11200  reward     nan  ep_len    nan  fell    0  err_xy 0.039  std 0.300  lr 1.0e-04  fps   8879   666.6s
it 9714/11200  reward     nan  ep_len    nan  fell    0  err_xy 0.034  std 0.300  lr 1.0e-04  fps   8831   666.9s
it 9715/11200  reward     nan  ep_len    nan  fell    0  err_xy 0.023  std 0.300  lr 1.0e-04  fps   9005   667.1s
it 9716/11200  reward     nan  ep_len    nan  fell    0  err_xy 0.025  std 0.300  lr 1.0e-04  fps   9067   667.4s
it 9717/11200  reward   70.90  ep_len  400.0  fell    0  err_xy 0.100  std 0.300  lr 1.0e-04  fps   7050   667.7s
it 9718/11200  reward     nan  ep_len    nan  fell    0  err_xy 0.331  std 0.300  lr 1.0e-04  fps   9402   668.0s
it 9719/11200  reward     nan  ep_len    nan  fell    0  err_xy 0.267  std 0.300  lr 1.0e-04  fps   9419   668.2s
it 9720/11200  reward     nan  ep_len    nan  fell    0  err_xy 0.195  std 0.300  lr 1.0e-04  fps   8561   668.5s
it 9721/11200  reward     nan  ep_len    nan  fell    0  err_xy 0.179  std 0.300  lr 1.0e-04  fps   8790   668.7s
it 9722/11200  reward     nan  ep_len    nan  fell    0  err_xy 0.191  std 0.300  lr 1.0e-04  fps   8715   669.0s
it 9723/11200  reward     nan  ep_len    nan  fell    0  err_xy 0.201  std 0.300  lr 1.0e-04  fps   8163   669.3s
it 9724/11200  reward     nan  ep_len    nan  fell    0  err_xy 0.170  std 0.300  lr 1.0e-04  fps   8831   669.5s
it 9725/11200  reward     nan  ep_len    nan  fell    0  err_xy 0.141  std 0.300  lr 1.0e-04  fps   8569   669.8s
it 9726/11200  reward     nan  ep_len    nan  fell    0  err_xy 0.114  std 0.300  lr 1.0e-04  fps   8889   670.1s
it 9727/11200  reward     nan  ep_len    nan  fell    0  err_xy 0.115  std 0.300  lr 1.0e-04  fps   8981   670.3s
it 9728/11200  reward     nan  ep_len    nan  fell    0  err_xy 0.094  std 0.300  lr 1.0e-04  fps   8921   670.6s
it 9729/11200  reward     nan  ep_len    nan  fell    0  err_xy 0.081  std 0.300  lr 1.0e-04  fps   8350   670.9s
it 9730/11200  reward     nan  ep_len    nan  fell    0  err_xy 0.072  std 0.300  lr 1.0e-04  fps   8949   671.1s
it 9731/11200  reward     nan  ep_len    nan  fell    0  err_xy 0.056  std 0.300  lr 1.0e-04  fps   8915   671.4s
it 9732/11200  reward     nan  ep_len    nan  fell    0  err_xy 0.048  std 0.300  lr 1.0e-04  fps   8845   671.6s
it 9733/11200  reward     nan  ep_len    nan  fell    0  err_xy 0.055  std 0.300  lr 1.0e-04  fps   8700   671.9s
it 9734/11200  reward   62.80  ep_len  400.0  fell    0  err_xy 0.257  std 0.300  lr 1.0e-04  fps   7074   672.2s
it 9735/11200  reward     nan  ep_len    nan  fell    0  err_xy 0.334  std 0.300  lr 1.0e-04  fps   9242   672.5s
it 9736/11200  reward     nan  ep_len    nan  fell    0  err_xy 0.262  std 0.300  lr 1.0e-04  fps   9195   672.7s
it 9737/11200  reward     nan  ep_len    nan  fell    0  err_xy 0.181  std 0.300  lr 1.0e-04  fps   9158   673.0s
it 9738/11200  reward     nan  ep_len    nan  fell    0  err_xy 0.187  std 0.300  lr 1.0e-04  fps   9114   673.2s
it 9739/11200  reward     nan  ep_len    nan  fell    0  err_xy 0.189  std 0.300  lr 1.0e-04  fps   9110   673.5s
it 9740/11200  reward     nan  ep_len    nan  fell    0  err_xy 0.173  std 0.300  lr 1.0e-04  fps   8999   673.7s
it 9741/11200  reward     nan  ep_len    nan  fell    0  err_xy 0.159  std 0.300  lr 1.0e-04  fps   8934   674.0s
it 9742/11200  reward     nan  ep_len    nan  fell    0  err_xy 0.153  std 0.300  lr 1.0e-04  fps   8836   674.3s
it 9743/11200  reward     nan  ep_len    nan  fell    0  err_xy 0.121  std 0.300  lr 1.0e-04  fps   8897   674.5s
it 9744/11200  reward     nan  ep_len    nan  fell    0  err_xy 0.099  std 0.300  lr 1.0e-04  fps   8804   674.8s
it 9745/11200  reward     nan  ep_len    nan  fell    0  err_xy 0.073  std 0.300  lr 1.0e-04  fps   8761   675.1s
it 9746/11200  reward     nan  ep_len    nan  fell    0  err_xy 0.058  std 0.300  lr 1.0e-04  fps   8728   675.3s
it 9747/11200  reward     nan  ep_len    nan  fell    0  err_xy 0.037  std 0.300  lr 1.0e-04  fps   8827   675.6s
it 9748/11200  reward     nan  ep_len    nan  fell    0  err_xy 0.029  std 0.300  lr 1.0e-04  fps   8842   675.8s
it 9749/11200  reward     nan  ep_len    nan  fell    0  err_xy 0.027  std 0.300  lr 1.0e-04  fps   8831   676.1s
it 9750/11200  reward   64.35  ep_len  400.0  fell    0  err_xy 0.029  std 0.300  lr 1.0e-04  fps   6802   676.4s
it 9751/11200  reward     nan  ep_len    nan  fell    0  err_xy 0.325  std 0.300  lr 1.0e-04  fps   8858   676.7s
it 9752/11200  reward     nan  ep_len    nan  fell    0  err_xy 0.306  std 0.300  lr 1.0e-04  fps   9004   677.0s
it 9753/11200  reward     nan  ep_len    nan  fell    0  err_xy 0.230  std 0.300  lr 1.0e-04  fps   8831   677.2s
it 9754/11200  reward     nan  ep_len    nan  fell    0  err_xy 0.186  std 0.300  lr 1.0e-04  fps   9144   677.5s
it 9755/11200  reward     nan  ep_len    nan  fell    0  err_xy 0.175  std 0.300  lr 1.0e-04  fps   9144   677.7s
it 9756/11200  reward     nan  ep_len    nan  fell    0  err_xy 0.177  std 0.300  lr 1.0e-04  fps   8859   678.0s
it 9757/11200  reward     nan  ep_len    nan  fell    0  err_xy 0.170  std 0.300  lr 1.0e-04  fps   8791   678.2s
it 9758/11200  reward     nan  ep_len    nan  fell    0  err_xy 0.119  std 0.300  lr 1.0e-04  fps   8743   678.5s
it 9759/11200  reward     nan  ep_len    nan  fell    0  err_xy 0.101  std 0.300  lr 1.0e-04  fps   8630   678.8s
it 9760/11200  reward     nan  ep_len    nan  fell    0  err_xy 0.059  std 0.300  lr 1.0e-04  fps   8631   679.0s
it 9761/11200  reward     nan  ep_len    nan  fell    0  err_xy 0.033  std 0.300  lr 1.0e-04  fps   8712   679.3s
it 9762/11200  reward     nan  ep_len    nan  fell    0  err_xy 0.032  std 0.300  lr 1.0e-04  fps   8709   679.6s
it 9763/11200  reward     nan  ep_len    nan  fell    0  err_xy 0.025  std 0.300  lr 1.0e-04  fps   8431   679.8s
it 9764/11200  reward     nan  ep_len    nan  fell    0  err_xy 0.023  std 0.300  lr 1.0e-04  fps   8597   680.1s
it 9765/11200  reward     nan  ep_len    nan  fell    0  err_xy 0.019  std 0.300  lr 1.0e-04  fps   8377   680.4s
it 9766/11200  reward     nan  ep_len    nan  fell    0  err_xy 0.021  std 0.300  lr 1.0e-04  fps   8751   680.7s
it 9767/11200  reward   73.68  ep_len  400.0  fell    0  err_xy 0.093  std 0.300  lr 1.0e-04  fps   7058   681.0s
it 9768/11200  reward     nan  ep_len    nan  fell    0  err_xy 0.324  std 0.300  lr 1.0e-04  fps   9200   681.2s
it 9769/11200  reward     nan  ep_len    nan  fell    0  err_xy 0.286  std 0.300  lr 1.0e-04  fps   9485   681.5s
it 9770/11200  reward     nan  ep_len    nan  fell    0  err_xy 0.194  std 0.300  lr 1.0e-04  fps   9460   681.7s
it 9771/11200  reward     nan  ep_len    nan  fell    0  err_xy 0.187  std 0.300  lr 1.0e-04  fps   9459   682.0s
it 9772/11200  reward     nan  ep_len    nan  fell    0  err_xy 0.188  std 0.300  lr 1.0e-04  fps   9171   682.2s
it 9773/11200  reward     nan  ep_len    nan  fell    0  err_xy 0.173  std 0.300  lr 1.0e-04  fps   9024   682.5s
it 9774/11200  reward     nan  ep_len    nan  fell    0  err_xy 0.133  std 0.300  lr 1.0e-04  fps   8981   682.7s
it 9775/11200  reward     nan  ep_len    nan  fell    0  err_xy 0.107  std 0.300  lr 1.0e-04  fps   8677   683.0s
it 9776/11200  reward     nan  ep_len    nan  fell    0  err_xy 0.091  std 0.300  lr 1.0e-04  fps   8899   683.2s
it 9777/11200  reward     nan  ep_len    nan  fell    0  err_xy 0.061  std 0.300  lr 1.0e-04  fps   8800   683.5s
it 9778/11200  reward     nan  ep_len    nan  fell    0  err_xy 0.053  std 0.300  lr 1.0e-04  fps   8893   683.8s
it 9779/11200  reward     nan  ep_len    nan  fell    0  err_xy 0.036  std 0.300  lr 1.0e-04  fps   8944   684.0s
it 9780/11200  reward     nan  ep_len    nan  fell    0  err_xy 0.028  std 0.300  lr 1.0e-04  fps   8976   684.3s
it 9781/11200  reward     nan  ep_len    nan  fell    0  err_xy 0.021  std 0.300  lr 1.0e-04  fps   8932   684.5s
it 9782/11200  reward     nan  ep_len    nan  fell    0  err_xy 0.022  std 0.300  lr 1.0e-04  fps   8986   684.8s
it 9783/11200  reward     nan  ep_len    nan  fell    0  err_xy 0.022  std 0.300  lr 1.0e-04  fps   8262   685.1s
it 9784/11200  reward   69.34  ep_len  400.0  fell    0  err_xy 0.226  std 0.300  lr 1.0e-04  fps   6990   685.4s
it 9785/11200  reward     nan  ep_len    nan  fell    0  err_xy 0.304  std 0.300  lr 1.0e-04  fps   9325   685.7s
it 9786/11200  reward     nan  ep_len    nan  fell    0  err_xy 0.237  std 0.300  lr 1.0e-04  fps   9384   685.9s
it 9787/11200  reward     nan  ep_len    nan  fell    0  err_xy 0.183  std 0.300  lr 1.0e-04  fps   9353   686.1s
it 9788/11200  reward     nan  ep_len    nan  fell    0  err_xy 0.198  std 0.300  lr 1.0e-04  fps   9373   686.4s
it 9789/11200  reward     nan  ep_len    nan  fell    0  err_xy 0.187  std 0.300  lr 1.0e-04  fps   9181   686.6s
it 9790/11200  reward     nan  ep_len    nan  fell    0  err_xy 0.168  std 0.300  lr 1.0e-04  fps   9091   686.9s
it 9791/11200  reward     nan  ep_len    nan  fell    0  err_xy 0.126  std 0.300  lr 1.0e-04  fps   8941   687.2s
it 9792/11200  reward     nan  ep_len    nan  fell    0  err_xy 0.092  std 0.300  lr 1.0e-04  fps   8950   687.4s
it 9793/11200  reward     nan  ep_len    nan  fell    0  err_xy 0.068  std 0.300  lr 1.0e-04  fps   8985   687.7s
it 9794/11200  reward     nan  ep_len    nan  fell    0  err_xy 0.057  std 0.300  lr 1.0e-04  fps   8932   687.9s
it 9795/11200  reward     nan  ep_len    nan  fell    0  err_xy 0.047  std 0.300  lr 1.0e-04  fps   8915   688.2s
it 9796/11200  reward     nan  ep_len    nan  fell    0  err_xy 0.053  std 0.300  lr 1.0e-04  fps   8825   688.5s
it 9797/11200  reward     nan  ep_len    nan  fell    0  err_xy 0.037  std 0.300  lr 1.0e-04  fps   8878   688.7s
it 9798/11200  reward     nan  ep_len    nan  fell    0  err_xy 0.038  std 0.300  lr 1.0e-04  fps   8992   689.0s
it 9799/11200  reward     nan  ep_len    nan  fell    0  err_xy 0.031  std 0.300  lr 1.0e-04  fps   8395   689.2s
it 9800/11200  reward   67.23  ep_len  400.0  fell    0  err_xy 0.025  std 0.300  lr 1.0e-04  fps   6393   689.6s
eval iteration 9800:
  prone          success   0.0%  time 8.00s  peak_τ 0.96 Nm  return 60.22
  supine         success   0.0%  time 8.00s  peak_τ 0.94 Nm  return 73.40
  score 0.000
it 9801/11200  reward     nan  ep_len    nan  fell    0  err_xy 0.308  std 0.300  lr 1.0e-04  fps   9838   691.8s
it 9802/11200  reward     nan  ep_len    nan  fell    0  err_xy 0.301  std 0.300  lr 1.0e-04  fps  10007   692.0s
it 9803/11200  reward     nan  ep_len    nan  fell    0  err_xy 0.212  std 0.300  lr 1.0e-04  fps   9693   692.3s
it 9804/11200  reward     nan  ep_len    nan  fell    0  err_xy 0.177  std 0.300  lr 1.0e-04  fps   9816   692.5s
it 9805/11200  reward     nan  ep_len    nan  fell    0  err_xy 0.190  std 0.300  lr 1.0e-04  fps   9636   692.8s
it 9806/11200  reward     nan  ep_len    nan  fell    0  err_xy 0.165  std 0.300  lr 1.0e-04  fps   9400   693.0s
it 9807/11200  reward     nan  ep_len    nan  fell    0  err_xy 0.133  std 0.300  lr 1.0e-04  fps   9240   693.2s
it 9808/11200  reward     nan  ep_len    nan  fell    0  err_xy 0.114  std 0.300  lr 1.0e-04  fps   9225   693.5s
it 9809/11200  reward     nan  ep_len    nan  fell    0  err_xy 0.080  std 0.300  lr 1.0e-04  fps   9256   693.7s
it 9810/11200  reward     nan  ep_len    nan  fell    0  err_xy 0.074  std 0.300  lr 1.0e-04  fps   9194   694.0s
it 9811/11200  reward     nan  ep_len    nan  fell    0  err_xy 0.068  std 0.300  lr 1.0e-04  fps   8937   694.3s
it 9812/11200  reward     nan  ep_len    nan  fell    0  err_xy 0.048  std 0.300  lr 1.0e-04  fps   9055   694.5s
it 9813/11200  reward     nan  ep_len    nan  fell    0  err_xy 0.036  std 0.300  lr 1.0e-04  fps   9327   694.8s
it 9814/11200  reward     nan  ep_len    nan  fell    0  err_xy 0.032  std 0.300  lr 1.0e-04  fps   9465   695.0s
it 9815/11200  reward     nan  ep_len    nan  fell    0  err_xy 0.033  std 0.300  lr 1.0e-04  fps   9404   695.2s
it 9816/11200  reward     nan  ep_len    nan  fell    0  err_xy 0.031  std 0.300  lr 1.0e-04  fps   9390   695.5s
it 9817/11200  reward   68.94  ep_len  400.0  fell    0  err_xy 0.102  std 0.300  lr 1.0e-04  fps   7308   695.8s
it 9818/11200  reward     nan  ep_len    nan  fell    0  err_xy 0.316  std 0.300  lr 1.0e-04  fps   9902   696.0s
it 9819/11200  reward     nan  ep_len    nan  fell    0  err_xy 0.265  std 0.300  lr 1.0e-04  fps   9951   696.3s
it 9820/11200  reward     nan  ep_len    nan  fell    0  err_xy 0.171  std 0.300  lr 1.0e-04  fps   9712   696.5s
it 9821/11200  reward     nan  ep_len    nan  fell    0  err_xy 0.166  std 0.300  lr 1.0e-04  fps   9589   696.8s
it 9822/11200  reward     nan  ep_len    nan  fell    0  err_xy 0.203  std 0.300  lr 1.0e-04  fps   9202   697.0s
it 9823/11200  reward     nan  ep_len    nan  fell    0  err_xy 0.178  std 0.300  lr 1.0e-04  fps   9078   697.3s
it 9824/11200  reward     nan  ep_len    nan  fell    0  err_xy 0.137  std 0.300  lr 1.0e-04  fps   9271   697.5s
it 9825/11200  reward     nan  ep_len    nan  fell    0  err_xy 0.117  std 0.300  lr 1.0e-04  fps   9335   697.8s
it 9826/11200  reward     nan  ep_len    nan  fell    0  err_xy 0.097  std 0.300  lr 1.0e-04  fps   9448   698.0s
it 9827/11200  reward     nan  ep_len    nan  fell    0  err_xy 0.073  std 0.300  lr 1.0e-04  fps   9389   698.2s
it 9828/11200  reward     nan  ep_len    nan  fell    0  err_xy 0.067  std 0.300  lr 1.0e-04  fps   9245   698.5s
it 9829/11200  reward     nan  ep_len    nan  fell    0  err_xy 0.054  std 0.300  lr 1.0e-04  fps   9120   698.7s
it 9830/11200  reward     nan  ep_len    nan  fell    0  err_xy 0.036  std 0.300  lr 1.0e-04  fps   8647   699.0s
it 9831/11200  reward     nan  ep_len    nan  fell    0  err_xy 0.029  std 0.300  lr 1.0e-04  fps   8787   699.3s
it 9832/11200  reward     nan  ep_len    nan  fell    0  err_xy 0.022  std 0.300  lr 1.0e-04  fps   9061   699.5s
it 9833/11200  reward     nan  ep_len    nan  fell    0  err_xy 0.030  std 0.300  lr 1.0e-04  fps   9183   699.8s
it 9834/11200  reward   68.51  ep_len  400.0  fell    0  err_xy 0.209  std 0.300  lr 1.0e-04  fps   7038   700.1s
it 9835/11200  reward     nan  ep_len    nan  fell    0  err_xy 0.291  std 0.300  lr 1.0e-04  fps   9673   700.3s
it 9836/11200  reward     nan  ep_len    nan  fell    0  err_xy 0.234  std 0.300  lr 1.0e-04  fps   8692   700.6s
it 9837/11200  reward     nan  ep_len    nan  fell    0  err_xy 0.178  std 0.300  lr 1.0e-04  fps   9080   700.9s
it 9838/11200  reward     nan  ep_len    nan  fell    0  err_xy 0.194  std 0.300  lr 1.0e-04  fps   9246   701.1s
it 9839/11200  reward     nan  ep_len    nan  fell    0  err_xy 0.179  std 0.300  lr 1.0e-04  fps   8988   701.4s
it 9840/11200  reward     nan  ep_len    nan  fell    0  err_xy 0.151  std 0.300  lr 1.0e-04  fps   8958   701.6s
it 9841/11200  reward     nan  ep_len    nan  fell    0  err_xy 0.121  std 0.300  lr 1.0e-04  fps   8889   701.9s
it 9842/11200  reward     nan  ep_len    nan  fell    0  err_xy 0.101  std 0.300  lr 1.0e-04  fps   8746   702.2s
it 9843/11200  reward     nan  ep_len    nan  fell    0  err_xy 0.069  std 0.300  lr 1.0e-04  fps   8858   702.4s
it 9844/11200  reward     nan  ep_len    nan  fell    0  err_xy 0.042  std 0.300  lr 1.0e-04  fps   8764   702.7s
it 9845/11200  reward     nan  ep_len    nan  fell    0  err_xy 0.032  std 0.300  lr 1.0e-04  fps   8789   702.9s
it 9846/11200  reward     nan  ep_len    nan  fell    0  err_xy 0.024  std 0.300  lr 1.0e-04  fps   8939   703.2s
it 9847/11200  reward     nan  ep_len    nan  fell    0  err_xy 0.021  std 0.300  lr 1.0e-04  fps   8950   703.5s
it 9848/11200  reward     nan  ep_len    nan  fell    0  err_xy 0.023  std 0.300  lr 1.0e-04  fps   8923   703.7s
it 9849/11200  reward     nan  ep_len    nan  fell    0  err_xy 0.018  std 0.300  lr 1.0e-04  fps   8972   704.0s
it 9850/11200  reward   75.20  ep_len  400.0  fell    0  err_xy 0.016  std 0.300  lr 1.0e-04  fps   6773   704.3s
it 9851/11200  reward     nan  ep_len    nan  fell    0  err_xy 0.308  std 0.300  lr 1.0e-04  fps   9274   704.6s
it 9852/11200  reward     nan  ep_len    nan  fell    0  err_xy 0.306  std 0.300  lr 1.0e-04  fps   9646   704.8s
it 9853/11200  reward     nan  ep_len    nan  fell    0  err_xy 0.197  std 0.300  lr 1.0e-04  fps   9373   705.0s
it 9854/11200  reward     nan  ep_len    nan  fell    0  err_xy 0.173  std 0.300  lr 1.0e-04  fps   9433   705.3s
it 9855/11200  reward     nan  ep_len    nan  fell    0  err_xy 0.183  std 0.300  lr 1.0e-04  fps   9178   705.5s
it 9856/11200  reward     nan  ep_len    nan  fell    0  err_xy 0.166  std 0.300  lr 1.0e-04  fps   8825   705.8s
it 9857/11200  reward     nan  ep_len    nan  fell    0  err_xy 0.145  std 0.300  lr 1.0e-04  fps   8905   706.1s
it 9858/11200  reward     nan  ep_len    nan  fell    0  err_xy 0.121  std 0.300  lr 1.0e-04  fps   8788   706.3s
it 9859/11200  reward     nan  ep_len    nan  fell    0  err_xy 0.080  std 0.300  lr 1.0e-04  fps   8728   706.6s
it 9860/11200  reward     nan  ep_len    nan  fell    0  err_xy 0.068  std 0.300  lr 1.0e-04  fps   8662   706.9s
it 9861/11200  reward     nan  ep_len    nan  fell    0  err_xy 0.051  std 0.300  lr 1.0e-04  fps   8757   707.1s
it 9862/11200  reward     nan  ep_len    nan  fell    0  err_xy 0.036  std 0.300  lr 1.0e-04  fps   8800   707.4s
it 9863/11200  reward     nan  ep_len    nan  fell    0  err_xy 0.033  std 0.300  lr 1.0e-04  fps   8837   707.6s
it 9864/11200  reward     nan  ep_len    nan  fell    0  err_xy 0.030  std 0.300  lr 1.0e-04  fps   8875   707.9s
it 9865/11200  reward     nan  ep_len    nan  fell    0  err_xy 0.024  std 0.300  lr 1.0e-04  fps   8915   708.2s
it 9866/11200  reward     nan  ep_len    nan  fell    0  err_xy 0.021  std 0.300  lr 1.0e-04  fps   8880   708.4s
it 9867/11200  reward   70.78  ep_len  400.0  fell    0  err_xy 0.100  std 0.300  lr 1.0e-04  fps   6486   708.8s
it 9868/11200  reward     nan  ep_len    nan  fell    0  err_xy 0.333  std 0.300  lr 1.0e-04  fps   8993   709.0s
it 9869/11200  reward     nan  ep_len    nan  fell    0  err_xy 0.290  std 0.300  lr 1.0e-04  fps   9236   709.3s
it 9870/11200  reward     nan  ep_len    nan  fell    0  err_xy 0.192  std 0.300  lr 1.0e-04  fps   7419   709.6s
it 9871/11200  reward     nan  ep_len    nan  fell    0  err_xy 0.189  std 0.300  lr 1.0e-04  fps   9145   709.8s
it 9872/11200  reward     nan  ep_len    nan  fell    0  err_xy 0.198  std 0.300  lr 1.0e-04  fps   9028   710.1s
it 9873/11200  reward     nan  ep_len    nan  fell    0  err_xy 0.158  std 0.300  lr 1.0e-04  fps   8930   710.4s
it 9874/11200  reward     nan  ep_len    nan  fell    0  err_xy 0.149  std 0.300  lr 1.0e-04  fps   8714   710.6s
it 9875/11200  reward     nan  ep_len    nan  fell    0  err_xy 0.101  std 0.300  lr 1.0e-04  fps   8568   710.9s
it 9876/11200  reward     nan  ep_len    nan  fell    0  err_xy 0.078  std 0.300  lr 1.0e-04  fps   8696   711.2s
it 9877/11200  reward     nan  ep_len    nan  fell    0  err_xy 0.058  std 0.300  lr 1.0e-04  fps   8579   711.4s
it 9878/11200  reward     nan  ep_len    nan  fell    0  err_xy 0.041  std 0.300  lr 1.0e-04  fps   8833   711.7s
it 9879/11200  reward     nan  ep_len    nan  fell    0  err_xy 0.028  std 0.300  lr 1.0e-04  fps   8728   712.0s
it 9880/11200  reward     nan  ep_len    nan  fell    0  err_xy 0.024  std 0.300  lr 1.0e-04  fps   8615   712.2s
it 9881/11200  reward     nan  ep_len    nan  fell    0  err_xy 0.018  std 0.300  lr 1.0e-04  fps   8853   712.5s
it 9882/11200  reward     nan  ep_len    nan  fell    0  err_xy 0.017  std 0.300  lr 1.0e-04  fps   8886   712.7s
it 9883/11200  reward     nan  ep_len    nan  fell    0  err_xy 0.021  std 0.300  lr 1.0e-04  fps   8998   713.0s
it 9884/11200  reward   72.13  ep_len  400.0  fell    0  err_xy 0.237  std 0.300  lr 1.0e-04  fps   7132   713.3s
it 9885/11200  reward     nan  ep_len    nan  fell    0  err_xy 0.341  std 0.300  lr 1.0e-04  fps   9295   713.6s
it 9886/11200  reward     nan  ep_len    nan  fell    0  err_xy 0.263  std 0.300  lr 1.0e-04  fps   9384   713.8s
it 9887/11200  reward     nan  ep_len    nan  fell    0  err_xy 0.202  std 0.300  lr 1.0e-04  fps   9421   714.1s
it 9888/11200  reward     nan  ep_len    nan  fell    0  err_xy 0.200  std 0.300  lr 1.0e-04  fps   9211   714.3s
it 9889/11200  reward     nan  ep_len    nan  fell    0  err_xy 0.200  std 0.300  lr 1.0e-04  fps   9019   714.6s
it 9890/11200  reward     nan  ep_len    nan  fell    0  err_xy 0.189  std 0.300  lr 1.0e-04  fps   8713   714.8s
it 9891/11200  reward     nan  ep_len    nan  fell    0  err_xy 0.147  std 0.300  lr 1.0e-04  fps   8784   715.1s
it 9892/11200  reward     nan  ep_len    nan  fell    0  err_xy 0.112  std 0.300  lr 1.0e-04  fps   8860   715.4s
it 9893/11200  reward     nan  ep_len    nan  fell    0  err_xy 0.088  std 0.300  lr 1.0e-04  fps   8903   715.6s
it 9894/11200  reward     nan  ep_len    nan  fell    0  err_xy 0.071  std 0.300  lr 1.0e-04  fps   8904   715.9s
it 9895/11200  reward     nan  ep_len    nan  fell    0  err_xy 0.055  std 0.300  lr 1.0e-04  fps   8904   716.1s
it 9896/11200  reward     nan  ep_len    nan  fell    0  err_xy 0.053  std 0.300  lr 1.0e-04  fps   8165   716.4s
it 9897/11200  reward     nan  ep_len    nan  fell    0  err_xy 0.046  std 0.300  lr 1.0e-04  fps   8200   716.7s
it 9898/11200  reward     nan  ep_len    nan  fell    0  err_xy 0.038  std 0.300  lr 1.0e-04  fps   8599   717.0s
it 9899/11200  reward     nan  ep_len    nan  fell    0  err_xy 0.038  std 0.300  lr 1.0e-04  fps   8895   717.2s
it 9900/11200  reward   70.64  ep_len  400.0  fell    0  err_xy 0.029  std 0.300  lr 1.0e-04  fps   6975   717.6s
it 9901/11200  reward     nan  ep_len    nan  fell    0  err_xy 0.319  std 0.300  lr 1.0e-04  fps   9058   717.8s
it 9902/11200  reward     nan  ep_len    nan  fell    0  err_xy 0.277  std 0.300  lr 1.0e-04  fps   9312   718.1s
it 9903/11200  reward     nan  ep_len    nan  fell    0  err_xy 0.208  std 0.300  lr 1.0e-04  fps   9336   718.3s
it 9904/11200  reward     nan  ep_len    nan  fell    0  err_xy 0.173  std 0.300  lr 1.0e-04  fps   9193   718.6s
it 9905/11200  reward     nan  ep_len    nan  fell    0  err_xy 0.170  std 0.300  lr 1.0e-04  fps   9229   718.8s
it 9906/11200  reward     nan  ep_len    nan  fell    0  err_xy 0.180  std 0.300  lr 1.0e-04  fps   8917   719.1s
it 9907/11200  reward     nan  ep_len    nan  fell    0  err_xy 0.152  std 0.300  lr 1.0e-04  fps   8951   719.3s
it 9908/11200  reward     nan  ep_len    nan  fell    0  err_xy 0.116  std 0.300  lr 1.0e-04  fps   8634   719.6s
it 9909/11200  reward     nan  ep_len    nan  fell    0  err_xy 0.100  std 0.300  lr 1.0e-04  fps   8774   719.8s
it 9910/11200  reward     nan  ep_len    nan  fell    0  err_xy 0.078  std 0.300  lr 1.0e-04  fps   8813   720.1s
it 9911/11200  reward     nan  ep_len    nan  fell    0  err_xy 0.056  std 0.300  lr 1.0e-04  fps   8774   720.4s
it 9912/11200  reward     nan  ep_len    nan  fell    0  err_xy 0.048  std 0.300  lr 1.0e-04  fps   8672   720.6s
it 9913/11200  reward     nan  ep_len    nan  fell    0  err_xy 0.043  std 0.300  lr 1.0e-04  fps   8758   720.9s
it 9914/11200  reward     nan  ep_len    nan  fell    0  err_xy 0.034  std 0.300  lr 1.0e-04  fps   8828   721.2s
it 9915/11200  reward     nan  ep_len    nan  fell    0  err_xy 0.028  std 0.300  lr 1.0e-04  fps   8942   721.4s
it 9916/11200  reward     nan  ep_len    nan  fell    0  err_xy 0.030  std 0.300  lr 1.0e-04  fps   8918   721.7s
it 9917/11200  reward   70.30  ep_len  400.0  fell    0  err_xy 0.105  std 0.300  lr 1.0e-04  fps   7123   722.0s
it 9918/11200  reward     nan  ep_len    nan  fell    0  err_xy 0.362  std 0.300  lr 1.0e-04  fps   9421   722.2s
it 9919/11200  reward     nan  ep_len    nan  fell    0  err_xy 0.332  std 0.300  lr 1.0e-04  fps   9453   722.5s
it 9920/11200  reward     nan  ep_len    nan  fell    0  err_xy 0.218  std 0.300  lr 1.0e-04  fps   8463   722.8s
it 9921/11200  reward     nan  ep_len    nan  fell    0  err_xy 0.189  std 0.300  lr 1.0e-04  fps   9156   723.0s
it 9922/11200  reward     nan  ep_len    nan  fell    0  err_xy 0.178  std 0.300  lr 1.0e-04  fps   9133   723.3s
it 9923/11200  reward     nan  ep_len    nan  fell    0  err_xy 0.161  std 0.300  lr 1.0e-04  fps   8544   723.5s
it 9924/11200  reward     nan  ep_len    nan  fell    0  err_xy 0.135  std 0.300  lr 1.0e-04  fps   8679   723.8s
it 9925/11200  reward     nan  ep_len    nan  fell    0  err_xy 0.107  std 0.300  lr 1.0e-04  fps   8728   724.1s
it 9926/11200  reward     nan  ep_len    nan  fell    0  err_xy 0.076  std 0.300  lr 1.0e-04  fps   8692   724.3s
it 9927/11200  reward     nan  ep_len    nan  fell    0  err_xy 0.056  std 0.300  lr 1.0e-04  fps   8491   724.6s
it 9928/11200  reward     nan  ep_len    nan  fell    0  err_xy 0.043  std 0.300  lr 1.0e-04  fps   8212   724.9s
it 9929/11200  reward     nan  ep_len    nan  fell    0  err_xy 0.041  std 0.300  lr 1.0e-04  fps   8488   725.2s
it 9930/11200  reward     nan  ep_len    nan  fell    0  err_xy 0.036  std 0.300  lr 1.0e-04  fps   8795   725.4s
it 9931/11200  reward     nan  ep_len    nan  fell    0  err_xy 0.025  std 0.300  lr 1.0e-04  fps   8541   725.7s
it 9932/11200  reward     nan  ep_len    nan  fell    0  err_xy 0.021  std 0.300  lr 1.0e-04  fps   8461   726.0s
it 9933/11200  reward     nan  ep_len    nan  fell    0  err_xy 0.021  std 0.300  lr 1.0e-04  fps   7597   726.3s
it 9934/11200  reward   70.63  ep_len  400.0  fell    0  err_xy 0.243  std 0.300  lr 1.0e-04  fps   6596   726.6s
it 9935/11200  reward     nan  ep_len    nan  fell    0  err_xy 0.290  std 0.300  lr 1.0e-04  fps   9017   726.9s
it 9936/11200  reward     nan  ep_len    nan  fell    0  err_xy 0.243  std 0.300  lr 1.0e-04  fps   8650   727.1s
it 9937/11200  reward     nan  ep_len    nan  fell    0  err_xy 0.189  std 0.300  lr 1.0e-04  fps   9279   727.4s
it 9938/11200  reward     nan  ep_len    nan  fell    0  err_xy 0.175  std 0.300  lr 1.0e-04  fps   9177   727.6s
it 9939/11200  reward     nan  ep_len    nan  fell    0  err_xy 0.189  std 0.300  lr 1.0e-04  fps   8095   727.9s
it 9940/11200  reward     nan  ep_len    nan  fell    0  err_xy 0.178  std 0.300  lr 1.0e-04  fps   8907   728.2s
it 9941/11200  reward     nan  ep_len    nan  fell    0  err_xy 0.140  std 0.300  lr 1.0e-04  fps   8828   728.4s
it 9942/11200  reward     nan  ep_len    nan  fell    0  err_xy 0.115  std 0.300  lr 1.0e-04  fps   8764   728.7s
it 9943/11200  reward     nan  ep_len    nan  fell    0  err_xy 0.095  std 0.300  lr 1.0e-04  fps   8398   729.0s
it 9944/11200  reward     nan  ep_len    nan  fell    0  err_xy 0.062  std 0.300  lr 1.0e-04  fps   8613   729.3s
it 9945/11200  reward     nan  ep_len    nan  fell    0  err_xy 0.045  std 0.300  lr 1.0e-04  fps   8607   729.5s
it 9946/11200  reward     nan  ep_len    nan  fell    0  err_xy 0.043  std 0.300  lr 1.0e-04  fps   8701   729.8s
it 9947/11200  reward     nan  ep_len    nan  fell    0  err_xy 0.035  std 0.300  lr 1.0e-04  fps   8647   730.1s
it 9948/11200  reward     nan  ep_len    nan  fell    0  err_xy 0.027  std 0.300  lr 1.0e-04  fps   8657   730.3s
it 9949/11200  reward     nan  ep_len    nan  fell    0  err_xy 0.020  std 0.300  lr 1.0e-04  fps   8730   730.6s
it 9950/11200  reward   69.25  ep_len  400.0  fell    0  err_xy 0.019  std 0.300  lr 1.0e-04  fps   6954   730.9s
it 9951/11200  reward     nan  ep_len    nan  fell    0  err_xy 0.375  std 0.300  lr 1.0e-04  fps   9317   731.2s
it 9952/11200  reward     nan  ep_len    nan  fell    0  err_xy 0.330  std 0.300  lr 1.0e-04  fps   9626   731.4s
it 9953/11200  reward     nan  ep_len    nan  fell    0  err_xy 0.214  std 0.300  lr 1.0e-04  fps   8869   731.7s
it 9954/11200  reward     nan  ep_len    nan  fell    0  err_xy 0.190  std 0.300  lr 1.0e-04  fps   9199   731.9s
it 9955/11200  reward     nan  ep_len    nan  fell    0  err_xy 0.181  std 0.300  lr 1.0e-04  fps   9237   732.2s
it 9956/11200  reward     nan  ep_len    nan  fell    0  err_xy 0.176  std 0.300  lr 1.0e-04  fps   9147   732.4s
it 9957/11200  reward     nan  ep_len    nan  fell    0  err_xy 0.142  std 0.300  lr 1.0e-04  fps   8924   732.7s
it 9958/11200  reward     nan  ep_len    nan  fell    0  err_xy 0.119  std 0.300  lr 1.0e-04  fps   8783   732.9s
it 9959/11200  reward     nan  ep_len    nan  fell    0  err_xy 0.078  std 0.300  lr 1.0e-04  fps   8747   733.2s
it 9960/11200  reward     nan  ep_len    nan  fell    0  err_xy 0.072  std 0.300  lr 1.0e-04  fps   8758   733.5s
it 9961/11200  reward     nan  ep_len    nan  fell    0  err_xy 0.053  std 0.300  lr 1.0e-04  fps   8702   733.7s
it 9962/11200  reward     nan  ep_len    nan  fell    0  err_xy 0.053  std 0.300  lr 1.0e-04  fps   8675   734.0s
it 9963/11200  reward     nan  ep_len    nan  fell    0  err_xy 0.043  std 0.300  lr 1.0e-04  fps   8559   734.3s
it 9964/11200  reward     nan  ep_len    nan  fell    0  err_xy 0.030  std 0.300  lr 1.0e-04  fps   8576   734.5s
it 9965/11200  reward     nan  ep_len    nan  fell    0  err_xy 0.023  std 0.300  lr 1.0e-04  fps   8403   734.8s
it 9966/11200  reward     nan  ep_len    nan  fell    0  err_xy 0.024  std 0.300  lr 1.0e-04  fps   8527   735.1s
it 9967/11200  reward   70.14  ep_len  400.0  fell    0  err_xy 0.104  std 0.300  lr 1.0e-04  fps   6889   735.4s
it 9968/11200  reward     nan  ep_len    nan  fell    0  err_xy 0.347  std 0.300  lr 1.0e-04  fps   9276   735.7s
it 9969/11200  reward     nan  ep_len    nan  fell    0  err_xy 0.268  std 0.300  lr 1.0e-04  fps   8667   735.9s
it 9970/11200  reward     nan  ep_len    nan  fell    0  err_xy 0.191  std 0.300  lr 1.0e-04  fps   9256   736.2s
it 9971/11200  reward     nan  ep_len    nan  fell    0  err_xy 0.186  std 0.300  lr 1.0e-04  fps   9232   736.4s
it 9972/11200  reward     nan  ep_len    nan  fell    0  err_xy 0.191  std 0.300  lr 1.0e-04  fps   8184   736.7s
it 9973/11200  reward     nan  ep_len    nan  fell    0  err_xy 0.160  std 0.300  lr 1.0e-04  fps   8816   737.0s
it 9974/11200  reward     nan  ep_len    nan  fell    0  err_xy 0.121  std 0.300  lr 1.0e-04  fps   8675   737.2s
it 9975/11200  reward     nan  ep_len    nan  fell    0  err_xy 0.101  std 0.300  lr 1.0e-04  fps   8629   737.5s
it 9976/11200  reward     nan  ep_len    nan  fell    0  err_xy 0.089  std 0.300  lr 1.0e-04  fps   8621   737.8s
it 9977/11200  reward     nan  ep_len    nan  fell    0  err_xy 0.076  std 0.300  lr 1.0e-04  fps   7690   738.1s
it 9978/11200  reward     nan  ep_len    nan  fell    0  err_xy 0.055  std 0.300  lr 1.0e-04  fps   8537   738.3s
it 9979/11200  reward     nan  ep_len    nan  fell    0  err_xy 0.051  std 0.300  lr 1.0e-04  fps   8509   738.6s
it 9980/11200  reward     nan  ep_len    nan  fell    0  err_xy 0.038  std 0.300  lr 1.0e-04  fps   8558   738.9s
it 9981/11200  reward     nan  ep_len    nan  fell    0  err_xy 0.031  std 0.300  lr 1.0e-04  fps   8430   739.2s
it 9982/11200  reward     nan  ep_len    nan  fell    0  err_xy 0.035  std 0.300  lr 1.0e-04  fps   8637   739.4s
it 9983/11200  reward     nan  ep_len    nan  fell    0  err_xy 0.027  std 0.300  lr 1.0e-04  fps   8606   739.7s
it 9984/11200  reward   71.11  ep_len  400.0  fell    0  err_xy 0.247  std 0.300  lr 1.0e-04  fps   6933   740.0s
it 9985/11200  reward     nan  ep_len    nan  fell    0  err_xy 0.329  std 0.300  lr 1.0e-04  fps   9259   740.3s
it 9986/11200  reward     nan  ep_len    nan  fell    0  err_xy 0.242  std 0.300  lr 1.0e-04  fps   9065   740.5s
it 9987/11200  reward     nan  ep_len    nan  fell    0  err_xy 0.185  std 0.300  lr 1.0e-04  fps   8734   740.8s
it 9988/11200  reward     nan  ep_len    nan  fell    0  err_xy 0.173  std 0.300  lr 1.0e-04  fps   8433   741.1s
it 9989/11200  reward     nan  ep_len    nan  fell    0  err_xy 0.169  std 0.300  lr 1.0e-04  fps   8257   741.3s
it 9990/11200  reward     nan  ep_len    nan  fell    0  err_xy 0.166  std 0.300  lr 1.0e-04  fps   8586   741.6s
it 9991/11200  reward     nan  ep_len    nan  fell    0  err_xy 0.127  std 0.300  lr 1.0e-04  fps   8619   741.9s
it 9992/11200  reward     nan  ep_len    nan  fell    0  err_xy 0.092  std 0.300  lr 1.0e-04  fps   8542   742.2s
it 9993/11200  reward     nan  ep_len    nan  fell    0  err_xy 0.057  std 0.300  lr 1.0e-04  fps   8629   742.4s
it 9994/11200  reward     nan  ep_len    nan  fell    0  err_xy 0.038  std 0.300  lr 1.0e-04  fps   8640   742.7s
it 9995/11200  reward     nan  ep_len    nan  fell    0  err_xy 0.032  std 0.300  lr 1.0e-04  fps   8472   743.0s
it 9996/11200  reward     nan  ep_len    nan  fell    0  err_xy 0.029  std 0.300  lr 1.0e-04  fps   7963   743.2s
it 9997/11200  reward     nan  ep_len    nan  fell    0  err_xy 0.024  std 0.300  lr 1.0e-04  fps   7921   743.5s
it 9998/11200  reward     nan  ep_len    nan  fell    0  err_xy 0.029  std 0.300  lr 1.0e-04  fps   8058   743.8s
it 9999/11200  reward     nan  ep_len    nan  fell    0  err_xy 0.024  std 0.300  lr 1.0e-04  fps   8392   744.1s
it 10000/11200  reward   74.34  ep_len  400.0  fell    0  err_xy 0.024  std 0.300  lr 1.0e-04  fps   6764   744.4s
eval iteration 10000:
  prone          success   0.0%  time 8.00s  peak_τ 0.96 Nm  return 72.80
  supine         success   0.0%  time 8.00s  peak_τ 0.96 Nm  return 81.26
  score 0.000
it 10001/11200  reward     nan  ep_len    nan  fell    0  err_xy 0.343  std 0.300  lr 1.0e-04  fps   9411   746.8s
it 10002/11200  reward     nan  ep_len    nan  fell    0  err_xy 0.304  std 0.300  lr 1.0e-04  fps   9795   747.0s
it 10003/11200  reward     nan  ep_len    nan  fell    0  err_xy 0.213  std 0.300  lr 1.0e-04  fps   9775   747.3s
it 10004/11200  reward     nan  ep_len    nan  fell    0  err_xy 0.179  std 0.300  lr 1.0e-04  fps   9662   747.5s
it 10005/11200  reward     nan  ep_len    nan  fell    0  err_xy 0.187  std 0.300  lr 1.0e-04  fps   9583   747.7s
it 10006/11200  reward     nan  ep_len    nan  fell    0  err_xy 0.185  std 0.300  lr 1.0e-04  fps   9463   748.0s
it 10007/11200  reward     nan  ep_len    nan  fell    0  err_xy 0.147  std 0.300  lr 1.0e-04  fps   9272   748.2s
it 10008/11200  reward     nan  ep_len    nan  fell    0  err_xy 0.129  std 0.300  lr 1.0e-04  fps   9155   748.5s
it 10009/11200  reward     nan  ep_len    nan  fell    0  err_xy 0.092  std 0.300  lr 1.0e-04  fps   9153   748.7s
it 10010/11200  reward     nan  ep_len    nan  fell    0  err_xy 0.055  std 0.300  lr 1.0e-04  fps   9052   749.0s
it 10011/11200  reward     nan  ep_len    nan  fell    0  err_xy 0.046  std 0.300  lr 1.0e-04  fps   9034   749.3s
it 10012/11200  reward     nan  ep_len    nan  fell    0  err_xy 0.036  std 0.300  lr 1.0e-04  fps   9064   749.5s
it 10013/11200  reward     nan  ep_len    nan  fell    0  err_xy 0.025  std 0.300  lr 1.0e-04  fps   9044   749.8s
it 10014/11200  reward     nan  ep_len    nan  fell    0  err_xy 0.022  std 0.300  lr 1.0e-04  fps   8974   750.0s
it 10015/11200  reward     nan  ep_len    nan  fell    0  err_xy 0.015  std 0.300  lr 1.0e-04  fps   8935   750.3s
it 10016/11200  reward     nan  ep_len    nan  fell    0  err_xy 0.013  std 0.300  lr 1.0e-04  fps   8953   750.5s
it 10017/11200  reward   71.12  ep_len  400.0  fell    0  err_xy 0.094  std 0.300  lr 1.0e-04  fps   6921   750.9s
it 10018/11200  reward     nan  ep_len    nan  fell    0  err_xy 0.325  std 0.300  lr 1.0e-04  fps   9699   751.1s
it 10019/11200  reward     nan  ep_len    nan  fell    0  err_xy 0.263  std 0.300  lr 1.0e-04  fps   9332   751.4s
it 10020/11200  reward     nan  ep_len    nan  fell    0  err_xy 0.194  std 0.300  lr 1.0e-04  fps   9236   751.6s
it 10021/11200  reward     nan  ep_len    nan  fell    0  err_xy 0.178  std 0.300  lr 1.0e-04  fps   9277   751.8s
it 10022/11200  reward     nan  ep_len    nan  fell    0  err_xy 0.196  std 0.300  lr 1.0e-04  fps   8971   752.1s
it 10023/11200  reward     nan  ep_len    nan  fell    0  err_xy 0.170  std 0.300  lr 1.0e-04  fps   8819   752.4s
it 10024/11200  reward     nan  ep_len    nan  fell    0  err_xy 0.126  std 0.300  lr 1.0e-04  fps   8968   752.6s
it 10025/11200  reward     nan  ep_len    nan  fell    0  err_xy 0.103  std 0.300  lr 1.0e-04  fps   8964   752.9s
it 10026/11200  reward     nan  ep_len    nan  fell    0  err_xy 0.085  std 0.300  lr 1.0e-04  fps   8961   753.1s
it 10027/11200  reward     nan  ep_len    nan  fell    0  err_xy 0.064  std 0.300  lr 1.0e-04  fps   8835   753.4s
it 10028/11200  reward     nan  ep_len    nan  fell    0  err_xy 0.050  std 0.300  lr 1.0e-04  fps   8726   753.7s
it 10029/11200  reward     nan  ep_len    nan  fell    0  err_xy 0.045  std 0.300  lr 1.0e-04  fps   8537   753.9s
it 10030/11200  reward     nan  ep_len    nan  fell    0  err_xy 0.032  std 0.300  lr 1.0e-04  fps   8271   754.2s
it 10031/11200  reward     nan  ep_len    nan  fell    0  err_xy 0.025  std 0.300  lr 1.0e-04  fps   8394   754.5s
it 10032/11200  reward     nan  ep_len    nan  fell    0  err_xy 0.027  std 0.300  lr 1.0e-04  fps   7795   754.8s
it 10033/11200  reward     nan  ep_len    nan  fell    0  err_xy 0.023  std 0.300  lr 1.0e-04  fps   8439   755.1s
it 10034/11200  reward   69.81  ep_len  400.0  fell    0  err_xy 0.230  std 0.300  lr 1.0e-04  fps   7197   755.4s
it 10035/11200  reward     nan  ep_len    nan  fell    0  err_xy 0.316  std 0.300  lr 1.0e-04  fps   9196   755.6s
it 10036/11200  reward     nan  ep_len    nan  fell    0  err_xy 0.242  std 0.300  lr 1.0e-04  fps   8869   755.9s
it 10037/11200  reward     nan  ep_len    nan  fell    0  err_xy 0.185  std 0.300  lr 1.0e-04  fps   9321   756.1s
it 10038/11200  reward     nan  ep_len    nan  fell    0  err_xy 0.198  std 0.300  lr 1.0e-04  fps   9260   756.4s
it 10039/11200  reward     nan  ep_len    nan  fell    0  err_xy 0.185  std 0.300  lr 1.0e-04  fps   8758   756.7s
it 10040/11200  reward     nan  ep_len    nan  fell    0  err_xy 0.148  std 0.300  lr 1.0e-04  fps   8767   756.9s
it 10041/11200  reward     nan  ep_len    nan  fell    0  err_xy 0.145  std 0.300  lr 1.0e-04  fps   8897   757.2s
it 10042/11200  reward     nan  ep_len    nan  fell    0  err_xy 0.107  std 0.300  lr 1.0e-04  fps   8913   757.4s
it 10043/11200  reward     nan  ep_len    nan  fell    0  err_xy 0.072  std 0.300  lr 1.0e-04  fps   8943   757.7s
it 10044/11200  reward     nan  ep_len    nan  fell    0  err_xy 0.063  std 0.300  lr 1.0e-04  fps   8923   757.9s
it 10045/11200  reward     nan  ep_len    nan  fell    0  err_xy 0.044  std 0.300  lr 1.0e-04  fps   8848   758.2s
it 10046/11200  reward     nan  ep_len    nan  fell    0  err_xy 0.042  std 0.300  lr 1.0e-04  fps   8547   758.5s
it 10047/11200  reward     nan  ep_len    nan  fell    0  err_xy 0.034  std 0.300  lr 1.0e-04  fps   8811   758.7s
it 10048/11200  reward     nan  ep_len    nan  fell    0  err_xy 0.032  std 0.300  lr 1.0e-04  fps   8572   759.0s
it 10049/11200  reward     nan  ep_len    nan  fell    0  err_xy 0.031  std 0.300  lr 1.0e-04  fps   8654   759.3s
it 10050/11200  reward   67.88  ep_len  400.0  fell    0  err_xy 0.031  std 0.300  lr 1.0e-04  fps   6532   759.6s
it 10051/11200  reward     nan  ep_len    nan  fell    0  err_xy 0.349  std 0.300  lr 1.0e-04  fps   9317   759.9s
it 10052/11200  reward     nan  ep_len    nan  fell    0  err_xy 0.338  std 0.300  lr 1.0e-04  fps   9624   760.1s
it 10053/11200  reward     nan  ep_len    nan  fell    0  err_xy 0.212  std 0.300  lr 1.0e-04  fps   9256   760.4s
it 10054/11200  reward     nan  ep_len    nan  fell    0  err_xy 0.184  std 0.300  lr 1.0e-04  fps   8024   760.7s
it 10055/11200  reward     nan  ep_len    nan  fell    0  err_xy 0.199  std 0.300  lr 1.0e-04  fps   7095   761.0s
it 10056/11200  reward     nan  ep_len    nan  fell    0  err_xy 0.174  std 0.300  lr 1.0e-04  fps   8650   761.2s
it 10057/11200  reward     nan  ep_len    nan  fell    0  err_xy 0.128  std 0.300  lr 1.0e-04  fps   8725   761.5s
it 10058/11200  reward     nan  ep_len    nan  fell    0  err_xy 0.104  std 0.300  lr 1.0e-04  fps   8702   761.8s
it 10059/11200  reward     nan  ep_len    nan  fell    0  err_xy 0.090  std 0.300  lr 1.0e-04  fps   8734   762.0s
it 10060/11200  reward     nan  ep_len    nan  fell    0  err_xy 0.062  std 0.300  lr 1.0e-04  fps   8660   762.3s
it 10061/11200  reward     nan  ep_len    nan  fell    0  err_xy 0.055  std 0.300  lr 1.0e-04  fps   8703   762.6s
it 10062/11200  reward     nan  ep_len    nan  fell    0  err_xy 0.053  std 0.300  lr 1.0e-04  fps   8599   762.8s
it 10063/11200  reward     nan  ep_len    nan  fell    0  err_xy 0.044  std 0.300  lr 1.0e-04  fps   8774   763.1s
it 10064/11200  reward     nan  ep_len    nan  fell    0  err_xy 0.038  std 0.300  lr 1.0e-04  fps   8780   763.4s
it 10065/11200  reward     nan  ep_len    nan  fell    0  err_xy 0.039  std 0.300  lr 1.0e-04  fps   8729   763.6s
it 10066/11200  reward     nan  ep_len    nan  fell    0  err_xy 0.034  std 0.300  lr 1.0e-04  fps   8742   763.9s
it 10067/11200  reward   72.40  ep_len  400.0  fell    0  err_xy 0.120  std 0.300  lr 1.0e-04  fps   7040   764.2s
it 10068/11200  reward     nan  ep_len    nan  fell    0  err_xy 0.371  std 0.300  lr 1.0e-04  fps   9387   764.5s
it 10069/11200  reward     nan  ep_len    nan  fell    0  err_xy 0.334  std 0.300  lr 1.0e-04  fps   9481   764.7s
it 10070/11200  reward     nan  ep_len    nan  fell    0  err_xy 0.212  std 0.300  lr 1.0e-04  fps   8776   765.0s
it 10071/11200  reward     nan  ep_len    nan  fell    0  err_xy 0.204  std 0.300  lr 1.0e-04  fps   9215   765.2s
it 10072/11200  reward     nan  ep_len    nan  fell    0  err_xy 0.194  std 0.300  lr 1.0e-04  fps   9083   765.5s
it 10073/11200  reward     nan  ep_len    nan  fell    0  err_xy 0.186  std 0.300  lr 1.0e-04  fps   8837   765.7s
it 10074/11200  reward     nan  ep_len    nan  fell    0  err_xy 0.152  std 0.300  lr 1.0e-04  fps   8871   766.0s
it 10075/11200  reward     nan  ep_len    nan  fell    0  err_xy 0.105  std 0.300  lr 1.0e-04  fps   8771   766.3s
it 10076/11200  reward     nan  ep_len    nan  fell    0  err_xy 0.075  std 0.300  lr 1.0e-04  fps   8837   766.5s
it 10077/11200  reward     nan  ep_len    nan  fell    0  err_xy 0.070  std 0.300  lr 1.0e-04  fps   8773   766.8s
it 10078/11200  reward     nan  ep_len    nan  fell    0  err_xy 0.069  std 0.300  lr 1.0e-04  fps   8841   767.0s
it 10079/11200  reward     nan  ep_len    nan  fell    0  err_xy 0.059  std 0.300  lr 1.0e-04  fps   8886   767.3s
it 10080/11200  reward     nan  ep_len    nan  fell    0  err_xy 0.047  std 0.300  lr 1.0e-04  fps   8892   767.6s
it 10081/11200  reward     nan  ep_len    nan  fell    0  err_xy 0.039  std 0.300  lr 1.0e-04  fps   8901   767.8s
it 10082/11200  reward     nan  ep_len    nan  fell    0  err_xy 0.040  std 0.300  lr 1.0e-04  fps   8881   768.1s
it 10083/11200  reward     nan  ep_len    nan  fell    0  err_xy 0.031  std 0.300  lr 1.0e-04  fps   8874   768.3s
it 10084/11200  reward   69.14  ep_len  400.0  fell    0  err_xy 0.226  std 0.300  lr 1.0e-04  fps   7144   768.7s
it 10085/11200  reward     nan  ep_len    nan  fell    0  err_xy 0.335  std 0.300  lr 1.0e-04  fps   8986   768.9s
it 10086/11200  reward     nan  ep_len    nan  fell    0  err_xy 0.244  std 0.300  lr 1.0e-04  fps   9158   769.2s
it 10087/11200  reward     nan  ep_len    nan  fell    0  err_xy 0.199  std 0.300  lr 1.0e-04  fps   8767   769.4s
it 10088/11200  reward     nan  ep_len    nan  fell    0  err_xy 0.182  std 0.300  lr 1.0e-04  fps   8956   769.7s
it 10089/11200  reward     nan  ep_len    nan  fell    0  err_xy 0.187  std 0.300  lr 1.0e-04  fps   8775   770.0s
it 10090/11200  reward     nan  ep_len    nan  fell    0  err_xy 0.177  std 0.300  lr 1.0e-04  fps   8718   770.2s
it 10091/11200  reward     nan  ep_len    nan  fell    0  err_xy 0.155  std 0.300  lr 1.0e-04  fps   8960   770.5s
it 10092/11200  reward     nan  ep_len    nan  fell    0  err_xy 0.109  std 0.300  lr 1.0e-04  fps   8584   770.7s
it 10093/11200  reward     nan  ep_len    nan  fell    0  err_xy 0.087  std 0.300  lr 1.0e-04  fps   8036   771.0s
it 10094/11200  reward     nan  ep_len    nan  fell    0  err_xy 0.057  std 0.300  lr 1.0e-04  fps   8569   771.3s
it 10095/11200  reward     nan  ep_len    nan  fell    0  err_xy 0.064  std 0.300  lr 1.0e-04  fps   8773   771.6s
it 10096/11200  reward     nan  ep_len    nan  fell    0  err_xy 0.058  std 0.300  lr 1.0e-04  fps   8496   771.8s
it 10097/11200  reward     nan  ep_len    nan  fell    0  err_xy 0.045  std 0.300  lr 1.0e-04  fps   8448   772.1s
it 10098/11200  reward     nan  ep_len    nan  fell    0  err_xy 0.037  std 0.300  lr 1.0e-04  fps   8627   772.4s
it 10099/11200  reward     nan  ep_len    nan  fell    0  err_xy 0.036  std 0.300  lr 1.0e-04  fps   8656   772.6s
it 10100/11200  reward   66.24  ep_len  400.0  fell    0  err_xy 0.028  std 0.300  lr 1.0e-04  fps   6594   773.0s
it 10101/11200  reward     nan  ep_len    nan  fell    0  err_xy 0.334  std 0.300  lr 1.0e-04  fps   9036   773.3s
it 10102/11200  reward     nan  ep_len    nan  fell    0  err_xy 0.333  std 0.300  lr 1.0e-04  fps   9199   773.5s
it 10103/11200  reward     nan  ep_len    nan  fell    0  err_xy 0.232  std 0.300  lr 1.0e-04  fps   9286   773.8s
it 10104/11200  reward     nan  ep_len    nan  fell    0  err_xy 0.188  std 0.300  lr 1.0e-04  fps   9362   774.0s
it 10105/11200  reward     nan  ep_len    nan  fell    0  err_xy 0.182  std 0.300  lr 1.0e-04  fps   9207   774.2s
it 10106/11200  reward     nan  ep_len    nan  fell    0  err_xy 0.182  std 0.300  lr 1.0e-04  fps   9102   774.5s
it 10107/11200  reward     nan  ep_len    nan  fell    0  err_xy 0.171  std 0.300  lr 1.0e-04  fps   8916   774.8s
it 10108/11200  reward     nan  ep_len    nan  fell    0  err_xy 0.147  std 0.300  lr 1.0e-04  fps   8871   775.0s
it 10109/11200  reward     nan  ep_len    nan  fell    0  err_xy 0.105  std 0.300  lr 1.0e-04  fps   8910   775.3s
it 10110/11200  reward     nan  ep_len    nan  fell    0  err_xy 0.080  std 0.300  lr 1.0e-04  fps   8809   775.5s
it 10111/11200  reward     nan  ep_len    nan  fell    0  err_xy 0.061  std 0.300  lr 1.0e-04  fps   8676   775.8s
it 10112/11200  reward     nan  ep_len    nan  fell    0  err_xy 0.058  std 0.300  lr 1.0e-04  fps   8748   776.1s
it 10113/11200  reward     nan  ep_len    nan  fell    0  err_xy 0.040  std 0.300  lr 1.0e-04  fps   8812   776.3s
it 10114/11200  reward     nan  ep_len    nan  fell    0  err_xy 0.037  std 0.300  lr 1.0e-04  fps   8218   776.6s
it 10115/11200  reward     nan  ep_len    nan  fell    0  err_xy 0.034  std 0.300  lr 1.0e-04  fps   8748   776.9s
it 10116/11200  reward     nan  ep_len    nan  fell    0  err_xy 0.032  std 0.300  lr 1.0e-04  fps   8778   777.1s
it 10117/11200  reward   67.35  ep_len  400.0  fell    0  err_xy 0.108  std 0.300  lr 1.0e-04  fps   7014   777.5s
it 10118/11200  reward     nan  ep_len    nan  fell    0  err_xy 0.360  std 0.300  lr 1.0e-04  fps   9300   777.7s
it 10119/11200  reward     nan  ep_len    nan  fell    0  err_xy 0.284  std 0.300  lr 1.0e-04  fps   9425   778.0s
it 10120/11200  reward     nan  ep_len    nan  fell    0  err_xy 0.186  std 0.300  lr 1.0e-04  fps   9452   778.2s
it 10121/11200  reward     nan  ep_len    nan  fell    0  err_xy 0.164  std 0.300  lr 1.0e-04  fps   9332   778.5s
it 10122/11200  reward     nan  ep_len    nan  fell    0  err_xy 0.173  std 0.300  lr 1.0e-04  fps   9322   778.7s
it 10123/11200  reward     nan  ep_len    nan  fell    0  err_xy 0.168  std 0.300  lr 1.0e-04  fps   9039   779.0s
it 10124/11200  reward     nan  ep_len    nan  fell    0  err_xy 0.144  std 0.300  lr 1.0e-04  fps   8892   779.2s
it 10125/11200  reward     nan  ep_len    nan  fell    0  err_xy 0.129  std 0.300  lr 1.0e-04  fps   8815   779.5s
it 10126/11200  reward     nan  ep_len    nan  fell    0  err_xy 0.102  std 0.300  lr 1.0e-04  fps   8782   779.7s
it 10127/11200  reward     nan  ep_len    nan  fell    0  err_xy 0.080  std 0.300  lr 1.0e-04  fps   8820   780.0s
it 10128/11200  reward     nan  ep_len    nan  fell    0  err_xy 0.055  std 0.300  lr 1.0e-04  fps   8770   780.3s
it 10129/11200  reward     nan  ep_len    nan  fell    0  err_xy 0.053  std 0.300  lr 1.0e-04  fps   8826   780.5s
it 10130/11200  reward     nan  ep_len    nan  fell    0  err_xy 0.044  std 0.300  lr 1.0e-04  fps   8804   780.8s
it 10131/11200  reward     nan  ep_len    nan  fell    0  err_xy 0.042  std 0.300  lr 1.0e-04  fps   8819   781.0s
it 10132/11200  reward     nan  ep_len    nan  fell    0  err_xy 0.044  std 0.300  lr 1.0e-04  fps   8946   781.3s
it 10133/11200  reward     nan  ep_len    nan  fell    0  err_xy 0.042  std 0.300  lr 1.0e-04  fps   8974   781.6s
it 10134/11200  reward   66.01  ep_len  400.0  fell    0  err_xy 0.223  std 0.300  lr 1.0e-04  fps   7256   781.9s
it 10135/11200  reward     nan  ep_len    nan  fell    0  err_xy 0.338  std 0.300  lr 1.0e-04  fps   9291   782.1s
it 10136/11200  reward     nan  ep_len    nan  fell    0  err_xy 0.252  std 0.300  lr 1.0e-04  fps   9475   782.4s
it 10137/11200  reward     nan  ep_len    nan  fell    0  err_xy 0.179  std 0.300  lr 1.0e-04  fps   9417   782.6s
it 10138/11200  reward     nan  ep_len    nan  fell    0  err_xy 0.168  std 0.300  lr 1.0e-04  fps   9269   782.9s
it 10139/11200  reward     nan  ep_len    nan  fell    0  err_xy 0.173  std 0.300  lr 1.0e-04  fps   9136   783.1s
it 10140/11200  reward     nan  ep_len    nan  fell    0  err_xy 0.156  std 0.300  lr 1.0e-04  fps   9069   783.4s
it 10141/11200  reward     nan  ep_len    nan  fell    0  err_xy 0.136  std 0.300  lr 1.0e-04  fps   8926   783.6s
it 10142/11200  reward     nan  ep_len    nan  fell    0  err_xy 0.118  std 0.300  lr 1.0e-04  fps   8828   783.9s
it 10143/11200  reward     nan  ep_len    nan  fell    0  err_xy 0.082  std 0.300  lr 1.0e-04  fps   8813   784.2s
it 10144/11200  reward     nan  ep_len    nan  fell    0  err_xy 0.057  std 0.300  lr 1.0e-04  fps   8747   784.4s
it 10145/11200  reward     nan  ep_len    nan  fell    0  err_xy 0.054  std 0.300  lr 1.0e-04  fps   8881   784.7s
it 10146/11200  reward     nan  ep_len    nan  fell    0  err_xy 0.043  std 0.300  lr 1.0e-04  fps   8882   784.9s
it 10147/11200  reward     nan  ep_len    nan  fell    0  err_xy 0.032  std 0.300  lr 1.0e-04  fps   8855   785.2s
it 10148/11200  reward     nan  ep_len    nan  fell    0  err_xy 0.027  std 0.300  lr 1.0e-04  fps   8891   785.5s
it 10149/11200  reward     nan  ep_len    nan  fell    0  err_xy 0.024  std 0.300  lr 1.0e-04  fps   8952   785.7s
it 10150/11200  reward   66.24  ep_len  400.0  fell    0  err_xy 0.024  std 0.300  lr 1.0e-04  fps   6949   786.0s
it 10151/11200  reward     nan  ep_len    nan  fell    0  err_xy 0.321  std 0.300  lr 1.0e-04  fps   9269   786.3s
it 10152/11200  reward     nan  ep_len    nan  fell    0  err_xy 0.306  std 0.300  lr 1.0e-04  fps   9431   786.5s
it 10153/11200  reward     nan  ep_len    nan  fell    0  err_xy 0.215  std 0.300  lr 1.0e-04  fps   9404   786.8s
it 10154/11200  reward     nan  ep_len    nan  fell    0  err_xy 0.178  std 0.300  lr 1.0e-04  fps   9411   787.0s
it 10155/11200  reward     nan  ep_len    nan  fell    0  err_xy 0.171  std 0.300  lr 1.0e-04  fps   9235   787.3s
it 10156/11200  reward     nan  ep_len    nan  fell    0  err_xy 0.173  std 0.300  lr 1.0e-04  fps   9054   787.5s
it 10157/11200  reward     nan  ep_len    nan  fell    0  err_xy 0.143  std 0.300  lr 1.0e-04  fps   8862   787.8s
it 10158/11200  reward     nan  ep_len    nan  fell    0  err_xy 0.105  std 0.300  lr 1.0e-04  fps   8705   788.1s
it 10159/11200  reward     nan  ep_len    nan  fell    0  err_xy 0.086  std 0.300  lr 1.0e-04  fps   8423   788.3s
it 10160/11200  reward     nan  ep_len    nan  fell    0  err_xy 0.065  std 0.300  lr 1.0e-04  fps   8853   788.6s
it 10161/11200  reward     nan  ep_len    nan  fell    0  err_xy 0.058  std 0.300  lr 1.0e-04  fps   8895   788.9s
it 10162/11200  reward     nan  ep_len    nan  fell    0  err_xy 0.044  std 0.300  lr 1.0e-04  fps   8949   789.1s
it 10163/11200  reward     nan  ep_len    nan  fell    0  err_xy 0.056  std 0.300  lr 1.0e-04  fps   8922   789.4s
it 10164/11200  reward     nan  ep_len    nan  fell    0  err_xy 0.052  std 0.300  lr 1.0e-04  fps   8999   789.6s
it 10165/11200  reward     nan  ep_len    nan  fell    0  err_xy 0.051  std 0.300  lr 1.0e-04  fps   8981   789.9s
it 10166/11200  reward     nan  ep_len    nan  fell    0  err_xy 0.050  std 0.300  lr 1.0e-04  fps   8943   790.1s
it 10167/11200  reward   67.79  ep_len  400.0  fell    0  err_xy 0.119  std 0.300  lr 1.0e-04  fps   7178   790.5s
it 10168/11200  reward     nan  ep_len    nan  fell    0  err_xy 0.347  std 0.300  lr 1.0e-04  fps   9314   790.7s
it 10169/11200  reward     nan  ep_len    nan  fell    0  err_xy 0.313  std 0.300  lr 1.0e-04  fps   9471   791.0s
it 10170/11200  reward     nan  ep_len    nan  fell    0  err_xy 0.211  std 0.300  lr 1.0e-04  fps   9343   791.2s
it 10171/11200  reward     nan  ep_len    nan  fell    0  err_xy 0.201  std 0.300  lr 1.0e-04  fps   9380   791.4s
it 10172/11200  reward     nan  ep_len    nan  fell    0  err_xy 0.178  std 0.300  lr 1.0e-04  fps   9244   791.7s
it 10173/11200  reward     nan  ep_len    nan  fell    0  err_xy 0.177  std 0.300  lr 1.0e-04  fps   9056   792.0s
it 10174/11200  reward     nan  ep_len    nan  fell    0  err_xy 0.152  std 0.300  lr 1.0e-04  fps   9075   792.2s
it 10175/11200  reward     nan  ep_len    nan  fell    0  err_xy 0.127  std 0.300  lr 1.0e-04  fps   8943   792.5s
it 10176/11200  reward     nan  ep_len    nan  fell    0  err_xy 0.103  std 0.300  lr 1.0e-04  fps   8918   792.7s
it 10177/11200  reward     nan  ep_len    nan  fell    0  err_xy 0.098  std 0.300  lr 1.0e-04  fps   9018   793.0s
it 10178/11200  reward     nan  ep_len    nan  fell    0  err_xy 0.069  std 0.300  lr 1.0e-04  fps   9039   793.2s
it 10179/11200  reward     nan  ep_len    nan  fell    0  err_xy 0.057  std 0.300  lr 1.0e-04  fps   9004   793.5s
it 10180/11200  reward     nan  ep_len    nan  fell    0  err_xy 0.053  std 0.300  lr 1.0e-04  fps   9046   793.7s
it 10181/11200  reward     nan  ep_len    nan  fell    0  err_xy 0.036  std 0.300  lr 1.0e-04  fps   8854   794.0s
it 10182/11200  reward     nan  ep_len    nan  fell    0  err_xy 0.030  std 0.300  lr 1.0e-04  fps   9016   794.3s
it 10183/11200  reward     nan  ep_len    nan  fell    0  err_xy 0.020  std 0.300  lr 1.0e-04  fps   9015   794.5s
it 10184/11200  reward   68.31  ep_len  400.0  fell    0  err_xy 0.223  std 0.300  lr 1.0e-04  fps   7059   794.8s
it 10185/11200  reward     nan  ep_len    nan  fell    0  err_xy 0.312  std 0.300  lr 1.0e-04  fps   9306   795.1s
it 10186/11200  reward     nan  ep_len    nan  fell    0  err_xy 0.250  std 0.300  lr 1.0e-04  fps   9507   795.3s
it 10187/11200  reward     nan  ep_len    nan  fell    0  err_xy 0.184  std 0.300  lr 1.0e-04  fps   9495   795.6s
it 10188/11200  reward     nan  ep_len    nan  fell    0  err_xy 0.170  std 0.300  lr 1.0e-04  fps   9333   795.8s
it 10189/11200  reward     nan  ep_len    nan  fell    0  err_xy 0.158  std 0.300  lr 1.0e-04  fps   9173   796.1s
it 10190/11200  reward     nan  ep_len    nan  fell    0  err_xy 0.141  std 0.300  lr 1.0e-04  fps   9009   796.3s
it 10191/11200  reward     nan  ep_len    nan  fell    0  err_xy 0.123  std 0.300  lr 1.0e-04  fps   8858   796.6s
it 10192/11200  reward     nan  ep_len    nan  fell    0  err_xy 0.083  std 0.300  lr 1.0e-04  fps   8852   796.9s
it 10193/11200  reward     nan  ep_len    nan  fell    0  err_xy 0.074  std 0.300  lr 1.0e-04  fps   8925   797.1s
it 10194/11200  reward     nan  ep_len    nan  fell    0  err_xy 0.056  std 0.300  lr 1.0e-04  fps   8784   797.4s
it 10195/11200  reward     nan  ep_len    nan  fell    0  err_xy 0.048  std 0.300  lr 1.0e-04  fps   8950   797.6s
it 10196/11200  reward     nan  ep_len    nan  fell    0  err_xy 0.048  std 0.300  lr 1.0e-04  fps   8944   797.9s
it 10197/11200  reward     nan  ep_len    nan  fell    0  err_xy 0.038  std 0.300  lr 1.0e-04  fps   8834   798.2s
it 10198/11200  reward     nan  ep_len    nan  fell    0  err_xy 0.041  std 0.300  lr 1.0e-04  fps   8953   798.4s
it 10199/11200  reward     nan  ep_len    nan  fell    0  err_xy 0.043  std 0.300  lr 1.0e-04  fps   7888   798.7s
it 10200/11200  reward   65.15  ep_len  400.0  fell    0  err_xy 0.037  std 0.300  lr 1.0e-04  fps   6944   799.0s
eval iteration 10200:
  prone          success   0.0%  time 8.00s  peak_τ 0.96 Nm  return 60.16
  supine         success   0.0%  time 8.00s  peak_τ 0.96 Nm  return 77.38
  score 0.000
it 10201/11200  reward     nan  ep_len    nan  fell    0  err_xy 0.339  std 0.300  lr 1.0e-04  fps   9411   801.3s
it 10202/11200  reward     nan  ep_len    nan  fell    0  err_xy 0.326  std 0.300  lr 1.0e-04  fps   9954   801.5s
it 10203/11200  reward     nan  ep_len    nan  fell    0  err_xy 0.197  std 0.300  lr 1.0e-04  fps   9853   801.7s
it 10204/11200  reward     nan  ep_len    nan  fell    0  err_xy 0.175  std 0.300  lr 1.0e-04  fps   9764   802.0s
it 10205/11200  reward     nan  ep_len    nan  fell    0  err_xy 0.185  std 0.300  lr 1.0e-04  fps   9749   802.2s
it 10206/11200  reward     nan  ep_len    nan  fell    0  err_xy 0.177  std 0.300  lr 1.0e-04  fps   9435   802.4s
it 10207/11200  reward     nan  ep_len    nan  fell    0  err_xy 0.160  std 0.300  lr 1.0e-04  fps   9396   802.7s
it 10208/11200  reward     nan  ep_len    nan  fell    0  err_xy 0.156  std 0.300  lr 1.0e-04  fps   9255   802.9s
it 10209/11200  reward     nan  ep_len    nan  fell    0  err_xy 0.140  std 0.300  lr 1.0e-04  fps   9077   803.2s
it 10210/11200  reward     nan  ep_len    nan  fell    0  err_xy 0.128  std 0.300  lr 1.0e-04  fps   9265   803.4s
it 10211/11200  reward     nan  ep_len    nan  fell    0  err_xy 0.124  std 0.300  lr 1.0e-04  fps   9322   803.7s
it 10212/11200  reward     nan  ep_len    nan  fell    0  err_xy 0.097  std 0.300  lr 1.0e-04  fps   9274   803.9s
it 10213/11200  reward     nan  ep_len    nan  fell    0  err_xy 0.079  std 0.300  lr 1.0e-04  fps   9365   804.2s
it 10214/11200  reward     nan  ep_len    nan  fell    0  err_xy 0.063  std 0.300  lr 1.0e-04  fps   9310   804.4s
it 10215/11200  reward     nan  ep_len    nan  fell    0  err_xy 0.047  std 0.300  lr 1.0e-04  fps   9290   804.7s
it 10216/11200  reward     nan  ep_len    nan  fell    0  err_xy 0.063  std 0.300  lr 1.0e-04  fps   9063   804.9s
it 10217/11200  reward   58.47  ep_len  400.0  fell    0  err_xy 0.120  std 0.300  lr 1.0e-04  fps   7347   805.2s
it 10218/11200  reward     nan  ep_len    nan  fell    0  err_xy 0.374  std 0.300  lr 1.0e-04  fps  10008   805.5s
it 10219/11200  reward     nan  ep_len    nan  fell    0  err_xy 0.297  std 0.300  lr 1.0e-04  fps   9971   805.7s
it 10220/11200  reward     nan  ep_len    nan  fell    0  err_xy 0.207  std 0.300  lr 1.0e-04  fps   9423   805.9s
it 10221/11200  reward     nan  ep_len    nan  fell    0  err_xy 0.199  std 0.300  lr 1.0e-04  fps   9220   806.2s
it 10222/11200  reward     nan  ep_len    nan  fell    0  err_xy 0.203  std 0.300  lr 1.0e-04  fps   8435   806.5s
it 10223/11200  reward     nan  ep_len    nan  fell    0  err_xy 0.158  std 0.300  lr 1.0e-04  fps   8752   806.7s
it 10224/11200  reward     nan  ep_len    nan  fell    0  err_xy 0.143  std 0.300  lr 1.0e-04  fps   8735   807.0s
it 10225/11200  reward     nan  ep_len    nan  fell    0  err_xy 0.110  std 0.300  lr 1.0e-04  fps   8914   807.3s
it 10226/11200  reward     nan  ep_len    nan  fell    0  err_xy 0.069  std 0.300  lr 1.0e-04  fps   8858   807.5s
it 10227/11200  reward     nan  ep_len    nan  fell    0  err_xy 0.057  std 0.300  lr 1.0e-04  fps   8873   807.8s
it 10228/11200  reward     nan  ep_len    nan  fell    0  err_xy 0.052  std 0.300  lr 1.0e-04  fps   8950   808.0s
it 10229/11200  reward     nan  ep_len    nan  fell    0  err_xy 0.039  std 0.300  lr 1.0e-04  fps   8852   808.3s
it 10230/11200  reward     nan  ep_len    nan  fell    0  err_xy 0.043  std 0.300  lr 1.0e-04  fps   8799   808.6s
it 10231/11200  reward     nan  ep_len    nan  fell    0  err_xy 0.034  std 0.300  lr 1.0e-04  fps   8752   808.8s
it 10232/11200  reward     nan  ep_len    nan  fell    0  err_xy 0.027  std 0.300  lr 1.0e-04  fps   8682   809.1s
it 10233/11200  reward     nan  ep_len    nan  fell    0  err_xy 0.023  std 0.300  lr 1.0e-04  fps   8412   809.4s
it 10234/11200  reward   73.41  ep_len  400.0  fell    0  err_xy 0.225  std 0.300  lr 1.0e-04  fps   7026   809.7s
it 10235/11200  reward     nan  ep_len    nan  fell    0  err_xy 0.385  std 0.300  lr 1.0e-04  fps   9451   809.9s
it 10236/11200  reward     nan  ep_len    nan  fell    0  err_xy 0.268  std 0.300  lr 1.0e-04  fps   9433   810.2s
it 10237/11200  reward     nan  ep_len    nan  fell    0  err_xy 0.211  std 0.300  lr 1.0e-04  fps   9407   810.4s
it 10238/11200  reward     nan  ep_len    nan  fell    0  err_xy 0.212  std 0.300  lr 1.0e-04  fps   9333   810.7s
it 10239/11200  reward     nan  ep_len    nan  fell    0  err_xy 0.193  std 0.300  lr 1.0e-04  fps   8998   810.9s
it 10240/11200  reward     nan  ep_len    nan  fell    0  err_xy 0.130  std 0.300  lr 1.0e-04  fps   8570   811.2s
it 10241/11200  reward     nan  ep_len    nan  fell    0  err_xy 0.110  std 0.300  lr 1.0e-04  fps   8569   811.5s
it 10242/11200  reward     nan  ep_len    nan  fell    0  err_xy 0.103  std 0.300  lr 1.0e-04  fps   8760   811.7s
it 10243/11200  reward     nan  ep_len    nan  fell    0  err_xy 0.086  std 0.300  lr 1.0e-04  fps   8920   812.0s
it 10244/11200  reward     nan  ep_len    nan  fell    0  err_xy 0.062  std 0.300  lr 1.0e-04  fps   8918   812.2s
it 10245/11200  reward     nan  ep_len    nan  fell    0  err_xy 0.052  std 0.300  lr 1.0e-04  fps   8934   812.5s
it 10246/11200  reward     nan  ep_len    nan  fell    0  err_xy 0.040  std 0.300  lr 1.0e-04  fps   8913   812.8s
it 10247/11200  reward     nan  ep_len    nan  fell    0  err_xy 0.038  std 0.300  lr 1.0e-04  fps   8996   813.0s
it 10248/11200  reward     nan  ep_len    nan  fell    0  err_xy 0.030  std 0.300  lr 1.0e-04  fps   8949   813.3s
it 10249/11200  reward     nan  ep_len    nan  fell    0  err_xy 0.030  std 0.300  lr 1.0e-04  fps   8910   813.5s
it 10250/11200  reward   72.45  ep_len  400.0  fell    0  err_xy 0.028  std 0.300  lr 1.0e-04  fps   7001   813.9s
it 10251/11200  reward     nan  ep_len    nan  fell    0  err_xy 0.322  std 0.300  lr 1.0e-04  fps   9172   814.1s
it 10252/11200  reward     nan  ep_len    nan  fell    0  err_xy 0.340  std 0.300  lr 1.0e-04  fps   9513   814.4s
it 10253/11200  reward     nan  ep_len    nan  fell    0  err_xy 0.224  std 0.300  lr 1.0e-04  fps   9437   814.6s
it 10254/11200  reward     nan  ep_len    nan  fell    0  err_xy 0.196  std 0.300  lr 1.0e-04  fps   9349   814.9s
it 10255/11200  reward     nan  ep_len    nan  fell    0  err_xy 0.202  std 0.300  lr 1.0e-04  fps   9046   815.1s
it 10256/11200  reward     nan  ep_len    nan  fell    0  err_xy 0.155  std 0.300  lr 1.0e-04  fps   8928   815.4s
it 10257/11200  reward     nan  ep_len    nan  fell    0  err_xy 0.137  std 0.300  lr 1.0e-04  fps   8759   815.6s
it 10258/11200  reward     nan  ep_len    nan  fell    0  err_xy 0.107  std 0.300  lr 1.0e-04  fps   8832   815.9s
it 10259/11200  reward     nan  ep_len    nan  fell    0  err_xy 0.082  std 0.300  lr 1.0e-04  fps   8772   816.2s
it 10260/11200  reward     nan  ep_len    nan  fell    0  err_xy 0.065  std 0.300  lr 1.0e-04  fps   9053   816.4s
it 10261/11200  reward     nan  ep_len    nan  fell    0  err_xy 0.058  std 0.300  lr 1.0e-04  fps   8916   816.7s
it 10262/11200  reward     nan  ep_len    nan  fell    0  err_xy 0.054  std 0.300  lr 1.0e-04  fps   8928   816.9s
it 10263/11200  reward     nan  ep_len    nan  fell    0  err_xy 0.048  std 0.300  lr 1.0e-04  fps   8899   817.2s
it 10264/11200  reward     nan  ep_len    nan  fell    0  err_xy 0.040  std 0.300  lr 1.0e-04  fps   9083   817.4s
it 10265/11200  reward     nan  ep_len    nan  fell    0  err_xy 0.038  std 0.300  lr 1.0e-04  fps   8909   817.7s
it 10266/11200  reward     nan  ep_len    nan  fell    0  err_xy 0.040  std 0.300  lr 1.0e-04  fps   9062   818.0s
it 10267/11200  reward   72.93  ep_len  400.0  fell    0  err_xy 0.106  std 0.300  lr 1.0e-04  fps   7166   818.3s
it 10268/11200  reward     nan  ep_len    nan  fell    0  err_xy 0.356  std 0.300  lr 1.0e-04  fps   9382   818.5s
it 10269/11200  reward     nan  ep_len    nan  fell    0  err_xy 0.301  std 0.300  lr 1.0e-04  fps   9492   818.8s
it 10270/11200  reward     nan  ep_len    nan  fell    0  err_xy 0.198  std 0.300  lr 1.0e-04  fps   9431   819.0s
it 10271/11200  reward     nan  ep_len    nan  fell    0  err_xy 0.202  std 0.300  lr 1.0e-04  fps   9310   819.3s
it 10272/11200  reward     nan  ep_len    nan  fell    0  err_xy 0.187  std 0.300  lr 1.0e-04  fps   9080   819.5s
it 10273/11200  reward     nan  ep_len    nan  fell    0  err_xy 0.168  std 0.300  lr 1.0e-04  fps   8927   819.8s
it 10274/11200  reward     nan  ep_len    nan  fell    0  err_xy 0.121  std 0.300  lr 1.0e-04  fps   8878   820.0s
it 10275/11200  reward     nan  ep_len    nan  fell    0  err_xy 0.096  std 0.300  lr 1.0e-04  fps   8704   820.3s
it 10276/11200  reward     nan  ep_len    nan  fell    0  err_xy 0.064  std 0.300  lr 1.0e-04  fps   8850   820.6s
it 10277/11200  reward     nan  ep_len    nan  fell    0  err_xy 0.054  std 0.300  lr 1.0e-04  fps   8870   820.8s
it 10278/11200  reward     nan  ep_len    nan  fell    0  err_xy 0.045  std 0.300  lr 1.0e-04  fps   8866   821.1s
it 10279/11200  reward     nan  ep_len    nan  fell    0  err_xy 0.032  std 0.300  lr 1.0e-04  fps   8905   821.3s
it 10280/11200  reward     nan  ep_len    nan  fell    0  err_xy 0.029  std 0.300  lr 1.0e-04  fps   8873   821.6s
it 10281/11200  reward     nan  ep_len    nan  fell    0  err_xy 0.025  std 0.300  lr 1.0e-04  fps   8937   821.9s
it 10282/11200  reward     nan  ep_len    nan  fell    0  err_xy 0.024  std 0.300  lr 1.0e-04  fps   8753   822.1s
it 10283/11200  reward     nan  ep_len    nan  fell    0  err_xy 0.017  std 0.300  lr 1.0e-04  fps   8891   822.4s
it 10284/11200  reward   74.55  ep_len  400.0  fell    0  err_xy 0.211  std 0.300  lr 1.0e-04  fps   6997   822.7s
it 10285/11200  reward     nan  ep_len    nan  fell    0  err_xy 0.348  std 0.300  lr 1.0e-04  fps   9268   823.0s
it 10286/11200  reward     nan  ep_len    nan  fell    0  err_xy 0.259  std 0.300  lr 1.0e-04  fps   9398   823.2s
it 10287/11200  reward     nan  ep_len    nan  fell    0  err_xy 0.196  std 0.300  lr 1.0e-04  fps   9349   823.4s
it 10288/11200  reward     nan  ep_len    nan  fell    0  err_xy 0.200  std 0.300  lr 1.0e-04  fps   9213   823.7s
it 10289/11200  reward     nan  ep_len    nan  fell    0  err_xy 0.159  std 0.300  lr 1.0e-04  fps   8983   824.0s
it 10290/11200  reward     nan  ep_len    nan  fell    0  err_xy 0.124  std 0.300  lr 1.0e-04  fps   8877   824.2s
it 10291/11200  reward     nan  ep_len    nan  fell    0  err_xy 0.106  std 0.300  lr 1.0e-04  fps   8693   824.5s
it 10292/11200  reward     nan  ep_len    nan  fell    0  err_xy 0.072  std 0.300  lr 1.0e-04  fps   8765   824.7s
it 10293/11200  reward     nan  ep_len    nan  fell    0  err_xy 0.044  std 0.300  lr 1.0e-04  fps   8725   825.0s
it 10294/11200  reward     nan  ep_len    nan  fell    0  err_xy 0.033  std 0.300  lr 1.0e-04  fps   8729   825.3s
it 10295/11200  reward     nan  ep_len    nan  fell    0  err_xy 0.032  std 0.300  lr 1.0e-04  fps   8704   825.5s
it 10296/11200  reward     nan  ep_len    nan  fell    0  err_xy 0.029  std 0.300  lr 1.0e-04  fps   8783   825.8s
it 10297/11200  reward     nan  ep_len    nan  fell    0  err_xy 0.019  std 0.300  lr 1.0e-04  fps   8801   826.1s
it 10298/11200  reward     nan  ep_len    nan  fell    0  err_xy 0.018  std 0.300  lr 1.0e-04  fps   8850   826.3s
it 10299/11200  reward     nan  ep_len    nan  fell    0  err_xy 0.016  std 0.300  lr 1.0e-04  fps   8840   826.6s
it 10300/11200  reward   76.88  ep_len  400.0  fell    0  err_xy 0.013  std 0.300  lr 1.0e-04  fps   6948   826.9s
it 10301/11200  reward     nan  ep_len    nan  fell    0  err_xy 0.323  std 0.300  lr 1.0e-04  fps   9297   827.2s
it 10302/11200  reward     nan  ep_len    nan  fell    0  err_xy 0.339  std 0.300  lr 1.0e-04  fps   9504   827.4s
it 10303/11200  reward     nan  ep_len    nan  fell    0  err_xy 0.242  std 0.300  lr 1.0e-04  fps   9388   827.6s
it 10304/11200  reward     nan  ep_len    nan  fell    0  err_xy 0.205  std 0.300  lr 1.0e-04  fps   9413   827.9s
it 10305/11200  reward     nan  ep_len    nan  fell    0  err_xy 0.203  std 0.300  lr 1.0e-04  fps   9078   828.1s
it 10306/11200  reward     nan  ep_len    nan  fell    0  err_xy 0.143  std 0.300  lr 1.0e-04  fps   8572   828.4s
it 10307/11200  reward     nan  ep_len    nan  fell    0  err_xy 0.088  std 0.300  lr 1.0e-04  fps   8520   828.7s
it 10308/11200  reward     nan  ep_len    nan  fell    0  err_xy 0.078  std 0.300  lr 1.0e-04  fps   7064   829.0s
it 10309/11200  reward     nan  ep_len    nan  fell    0  err_xy 0.055  std 0.300  lr 1.0e-04  fps   8351   829.3s
it 10310/11200  reward     nan  ep_len    nan  fell    0  err_xy 0.044  std 0.300  lr 1.0e-04  fps   8498   829.6s
it 10311/11200  reward     nan  ep_len    nan  fell    0  err_xy 0.031  std 0.300  lr 1.0e-04  fps   8668   829.8s
it 10312/11200  reward     nan  ep_len    nan  fell    0  err_xy 0.023  std 0.300  lr 1.0e-04  fps   8655   830.1s
it 10313/11200  reward     nan  ep_len    nan  fell    0  err_xy 0.023  std 0.300  lr 1.0e-04  fps   8729   830.4s
it 10314/11200  reward     nan  ep_len    nan  fell    0  err_xy 0.023  std 0.300  lr 1.0e-04  fps   8683   830.6s
it 10315/11200  reward     nan  ep_len    nan  fell    0  err_xy 0.022  std 0.300  lr 1.0e-04  fps   8621   830.9s
it 10316/11200  reward     nan  ep_len    nan  fell    0  err_xy 0.022  std 0.300  lr 1.0e-04  fps   8717   831.2s
it 10317/11200  reward   77.65  ep_len  400.0  fell    0  err_xy 0.100  std 0.300  lr 1.0e-04  fps   7001   831.5s
it 10318/11200  reward     nan  ep_len    nan  fell    0  err_xy 0.370  std 0.300  lr 1.0e-04  fps   9351   831.7s
it 10319/11200  reward     nan  ep_len    nan  fell    0  err_xy 0.290  std 0.300  lr 1.0e-04  fps   9504   832.0s
it 10320/11200  reward     nan  ep_len    nan  fell    0  err_xy 0.210  std 0.300  lr 1.0e-04  fps   9530   832.2s
it 10321/11200  reward     nan  ep_len    nan  fell    0  err_xy 0.217  std 0.300  lr 1.0e-04  fps   9425   832.5s
it 10322/11200  reward     nan  ep_len    nan  fell    0  err_xy 0.211  std 0.300  lr 1.0e-04  fps   9002   832.7s
it 10323/11200  reward     nan  ep_len    nan  fell    0  err_xy 0.109  std 0.300  lr 1.0e-04  fps   8786   833.0s
it 10324/11200  reward     nan  ep_len    nan  fell    0  err_xy 0.069  std 0.300  lr 1.0e-04  fps   8700   833.2s
it 10325/11200  reward     nan  ep_len    nan  fell    0  err_xy 0.059  std 0.300  lr 1.0e-04  fps   8658   833.5s
it 10326/11200  reward     nan  ep_len    nan  fell    0  err_xy 0.040  std 0.300  lr 1.0e-04  fps   8769   833.8s
it 10327/11200  reward     nan  ep_len    nan  fell    0  err_xy 0.036  std 0.300  lr 1.0e-04  fps   8739   834.0s
it 10328/11200  reward     nan  ep_len    nan  fell    0  err_xy 0.029  std 0.300  lr 1.0e-04  fps   8929   834.3s
it 10329/11200  reward     nan  ep_len    nan  fell    0  err_xy 0.025  std 0.300  lr 1.0e-04  fps   8814   834.6s
it 10330/11200  reward     nan  ep_len    nan  fell    0  err_xy 0.023  std 0.300  lr 1.0e-04  fps   8957   834.8s
it 10331/11200  reward     nan  ep_len    nan  fell    0  err_xy 0.022  std 0.300  lr 1.0e-04  fps   8858   835.1s
it 10332/11200  reward     nan  ep_len    nan  fell    0  err_xy 0.017  std 0.300  lr 1.0e-04  fps   8889   835.3s
it 10333/11200  reward     nan  ep_len    nan  fell    0  err_xy 0.013  std 0.300  lr 1.0e-04  fps   8760   835.6s
it 10334/11200  reward   81.07  ep_len  400.0  fell    0  err_xy 0.220  std 0.300  lr 1.0e-04  fps   7053   835.9s
it 10335/11200  reward     nan  ep_len    nan  fell    0  err_xy 0.385  std 0.300  lr 1.0e-04  fps   9473   836.2s
it 10336/11200  reward     nan  ep_len    nan  fell    0  err_xy 0.216  std 0.300  lr 1.0e-04  fps   9047   836.4s
it 10337/11200  reward     nan  ep_len    nan  fell    0  err_xy 0.198  std 0.300  lr 1.0e-04  fps   9279   836.7s
it 10338/11200  reward     nan  ep_len    nan  fell    0  err_xy 0.188  std 0.300  lr 1.0e-04  fps   9214   836.9s
it 10339/11200  reward     nan  ep_len    nan  fell    0  err_xy 0.160  std 0.300  lr 1.0e-04  fps   8768   837.2s
it 10340/11200  reward     nan  ep_len    nan  fell    0  err_xy 0.106  std 0.300  lr 1.0e-04  fps   8710   837.5s
it 10341/11200  reward     nan  ep_len    nan  fell    0  err_xy 0.074  std 0.300  lr 1.0e-04  fps   8657   837.7s
it 10342/11200  reward     nan  ep_len    nan  fell    0  err_xy 0.056  std 0.300  lr 1.0e-04  fps   8730   838.0s
it 10343/11200  reward     nan  ep_len    nan  fell    0  err_xy 0.045  std 0.300  lr 1.0e-04  fps   8845   838.2s
it 10344/11200  reward     nan  ep_len    nan  fell    0  err_xy 0.035  std 0.300  lr 1.0e-04  fps   8893   838.5s
it 10345/11200  reward     nan  ep_len    nan  fell    0  err_xy 0.031  std 0.300  lr 1.0e-04  fps   8866   838.8s
it 10346/11200  reward     nan  ep_len    nan  fell    0  err_xy 0.028  std 0.300  lr 1.0e-04  fps   8972   839.0s
it 10347/11200  reward     nan  ep_len    nan  fell    0  err_xy 0.027  std 0.300  lr 1.0e-04  fps   8960   839.3s
it 10348/11200  reward     nan  ep_len    nan  fell    0  err_xy 0.023  std 0.300  lr 1.0e-04  fps   8901   839.5s
it 10349/11200  reward     nan  ep_len    nan  fell    0  err_xy 0.020  std 0.300  lr 1.0e-04  fps   8873   839.8s
it 10350/11200  reward   80.71  ep_len  400.0  fell    0  err_xy 0.018  std 0.300  lr 1.0e-04  fps   6946   840.1s
it 10351/11200  reward     nan  ep_len    nan  fell    0  err_xy 0.346  std 0.300  lr 1.0e-04  fps   9423   840.4s
it 10352/11200  reward     nan  ep_len    nan  fell    0  err_xy 0.363  std 0.300  lr 1.0e-04  fps   9559   840.6s
it 10353/11200  reward     nan  ep_len    nan  fell    0  err_xy 0.205  std 0.300  lr 1.0e-04  fps   9481   840.9s
it 10354/11200  reward     nan  ep_len    nan  fell    0  err_xy 0.192  std 0.300  lr 1.0e-04  fps   9421   841.1s
it 10355/11200  reward     nan  ep_len    nan  fell    0  err_xy 0.199  std 0.300  lr 1.0e-04  fps   9130   841.4s
it 10356/11200  reward     nan  ep_len    nan  fell    0  err_xy 0.129  std 0.300  lr 1.0e-04  fps   8880   841.6s
it 10357/11200  reward     nan  ep_len    nan  fell    0  err_xy 0.084  std 0.300  lr 1.0e-04  fps   8713   841.9s
it 10358/11200  reward     nan  ep_len    nan  fell    0  err_xy 0.068  std 0.300  lr 1.0e-04  fps   8765   842.1s
it 10359/11200  reward     nan  ep_len    nan  fell    0  err_xy 0.053  std 0.300  lr 1.0e-04  fps   8760   842.4s
it 10360/11200  reward     nan  ep_len    nan  fell    0  err_xy 0.042  std 0.300  lr 1.0e-04  fps   8804   842.7s
it 10361/11200  reward     nan  ep_len    nan  fell    0  err_xy 0.040  std 0.300  lr 1.0e-04  fps   8625   842.9s
it 10362/11200  reward     nan  ep_len    nan  fell    0  err_xy 0.032  std 0.300  lr 1.0e-04  fps   8838   843.2s
it 10363/11200  reward     nan  ep_len    nan  fell    0  err_xy 0.022  std 0.300  lr 1.0e-04  fps   8874   843.5s
it 10364/11200  reward     nan  ep_len    nan  fell    0  err_xy 0.021  std 0.300  lr 1.0e-04  fps   8855   843.7s
it 10365/11200  reward     nan  ep_len    nan  fell    0  err_xy 0.019  std 0.300  lr 1.0e-04  fps   8860   844.0s
it 10366/11200  reward     nan  ep_len    nan  fell    0  err_xy 0.017  std 0.300  lr 1.0e-04  fps   8806   844.2s
it 10367/11200  reward   79.18  ep_len  400.0  fell    0  err_xy 0.102  std 0.300  lr 1.0e-04  fps   6845   844.6s
it 10368/11200  reward     nan  ep_len    nan  fell    0  err_xy 0.359  std 0.300  lr 1.0e-04  fps   9228   844.8s
it 10369/11200  reward     nan  ep_len    nan  fell    0  err_xy 0.263  std 0.300  lr 1.0e-04  fps   9388   845.1s
it 10370/11200  reward     nan  ep_len    nan  fell    0  err_xy 0.185  std 0.300  lr 1.0e-04  fps   9474   845.3s
it 10371/11200  reward     nan  ep_len    nan  fell    0  err_xy 0.184  std 0.300  lr 1.0e-04  fps   9287   845.6s
it 10372/11200  reward     nan  ep_len    nan  fell    0  err_xy 0.180  std 0.300  lr 1.0e-04  fps   9052   845.8s
it 10373/11200  reward     nan  ep_len    nan  fell    0  err_xy 0.161  std 0.300  lr 1.0e-04  fps   8958   846.1s
it 10374/11200  reward     nan  ep_len    nan  fell    0  err_xy 0.133  std 0.300  lr 1.0e-04  fps   8875   846.3s
it 10375/11200  reward     nan  ep_len    nan  fell    0  err_xy 0.096  std 0.300  lr 1.0e-04  fps   8823   846.6s
it 10376/11200  reward     nan  ep_len    nan  fell    0  err_xy 0.072  std 0.300  lr 1.0e-04  fps   8381   846.9s
it 10377/11200  reward     nan  ep_len    nan  fell    0  err_xy 0.056  std 0.300  lr 1.0e-04  fps   8750   847.1s
it 10378/11200  reward     nan  ep_len    nan  fell    0  err_xy 0.056  std 0.300  lr 1.0e-04  fps   8915   847.4s
it 10379/11200  reward     nan  ep_len    nan  fell    0  err_xy 0.049  std 0.300  lr 1.0e-04  fps   8896   847.7s
it 10380/11200  reward     nan  ep_len    nan  fell    0  err_xy 0.041  std 0.300  lr 1.0e-04  fps   8887   847.9s
it 10381/11200  reward     nan  ep_len    nan  fell    0  err_xy 0.032  std 0.300  lr 1.0e-04  fps   8859   848.2s
it 10382/11200  reward     nan  ep_len    nan  fell    0  err_xy 0.022  std 0.300  lr 1.0e-04  fps   8841   848.4s
it 10383/11200  reward     nan  ep_len    nan  fell    0  err_xy 0.016  std 0.300  lr 1.0e-04  fps   8880   848.7s
it 10384/11200  reward   74.44  ep_len  400.0  fell    0  err_xy 0.208  std 0.300  lr 1.0e-04  fps   7179   849.0s
it 10385/11200  reward     nan  ep_len    nan  fell    0  err_xy 0.379  std 0.300  lr 1.0e-04  fps   9429   849.3s
it 10386/11200  reward     nan  ep_len    nan  fell    0  err_xy 0.238  std 0.300  lr 1.0e-04  fps   9418   849.5s
it 10387/11200  reward     nan  ep_len    nan  fell    0  err_xy 0.183  std 0.300  lr 1.0e-04  fps   9480   849.8s
it 10388/11200  reward     nan  ep_len    nan  fell    0  err_xy 0.187  std 0.300  lr 1.0e-04  fps   9397   850.0s
it 10389/11200  reward     nan  ep_len    nan  fell    0  err_xy 0.152  std 0.300  lr 1.0e-04  fps   8905   850.3s
it 10390/11200  reward     nan  ep_len    nan  fell    0  err_xy 0.107  std 0.300  lr 1.0e-04  fps   8818   850.5s
it 10391/11200  reward     nan  ep_len    nan  fell    0  err_xy 0.079  std 0.300  lr 1.0e-04  fps   8824   850.8s
it 10392/11200  reward     nan  ep_len    nan  fell    0  err_xy 0.064  std 0.300  lr 1.0e-04  fps   8778   851.0s
it 10393/11200  reward     nan  ep_len    nan  fell    0  err_xy 0.032  std 0.300  lr 1.0e-04  fps   8808   851.3s
it 10394/11200  reward     nan  ep_len    nan  fell    0  err_xy 0.031  std 0.300  lr 1.0e-04  fps   8889   851.6s
it 10395/11200  reward     nan  ep_len    nan  fell    0  err_xy 0.026  std 0.300  lr 1.0e-04  fps   8897   851.8s
it 10396/11200  reward     nan  ep_len    nan  fell    0  err_xy 0.023  std 0.300  lr 1.0e-04  fps   8942   852.1s
it 10397/11200  reward     nan  ep_len    nan  fell    0  err_xy 0.023  std 0.300  lr 1.0e-04  fps   8919   852.3s
it 10398/11200  reward     nan  ep_len    nan  fell    0  err_xy 0.017  std 0.300  lr 1.0e-04  fps   8951   852.6s
it 10399/11200  reward     nan  ep_len    nan  fell    0  err_xy 0.015  std 0.300  lr 1.0e-04  fps   8881   852.9s
it 10400/11200  reward   79.71  ep_len  400.0  fell    0  err_xy 0.014  std 0.300  lr 1.0e-04  fps   7024   853.2s
eval iteration 10400:
  prone          success   0.0%  time 8.00s  peak_τ 0.96 Nm  return 86.78
  supine         success   0.0%  time 8.00s  peak_τ 0.95 Nm  return 81.82
  score 0.000
it 10401/11200  reward     nan  ep_len    nan  fell    0  err_xy 0.320  std 0.299  lr 1.0e-04  fps   9535   855.4s
it 10402/11200  reward     nan  ep_len    nan  fell    0  err_xy 0.348  std 0.299  lr 1.0e-04  fps  10039   855.6s
it 10403/11200  reward     nan  ep_len    nan  fell    0  err_xy 0.224  std 0.300  lr 1.0e-04  fps   9857   855.9s
it 10404/11200  reward     nan  ep_len    nan  fell    0  err_xy 0.183  std 0.300  lr 1.0e-04  fps   9791   856.1s
it 10405/11200  reward     nan  ep_len    nan  fell    0  err_xy 0.174  std 0.300  lr 1.0e-04  fps   9667   856.3s
it 10406/11200  reward     nan  ep_len    nan  fell    0  err_xy 0.142  std 0.300  lr 1.0e-04  fps   9337   856.6s
it 10407/11200  reward     nan  ep_len    nan  fell    0  err_xy 0.125  std 0.300  lr 1.0e-04  fps   9224   856.8s
it 10408/11200  reward     nan  ep_len    nan  fell    0  err_xy 0.080  std 0.300  lr 1.0e-04  fps   9234   857.1s
it 10409/11200  reward     nan  ep_len    nan  fell    0  err_xy 0.062  std 0.300  lr 1.0e-04  fps   9242   857.3s
it 10410/11200  reward     nan  ep_len    nan  fell    0  err_xy 0.048  std 0.300  lr 1.0e-04  fps   9272   857.6s
it 10411/11200  reward     nan  ep_len    nan  fell    0  err_xy 0.047  std 0.300  lr 1.0e-04  fps   9380   857.8s
it 10412/11200  reward     nan  ep_len    nan  fell    0  err_xy 0.041  std 0.300  lr 1.0e-04  fps   9370   858.1s
it 10413/11200  reward     nan  ep_len    nan  fell    0  err_xy 0.029  std 0.300  lr 1.0e-04  fps   9367   858.3s
it 10414/11200  reward     nan  ep_len    nan  fell    0  err_xy 0.027  std 0.300  lr 1.0e-04  fps   9400   858.6s
it 10415/11200  reward     nan  ep_len    nan  fell    0  err_xy 0.021  std 0.300  lr 1.0e-04  fps   9400   858.8s
it 10416/11200  reward     nan  ep_len    nan  fell    0  err_xy 0.021  std 0.300  lr 1.0e-04  fps   9399   859.1s
it 10417/11200  reward   76.93  ep_len  400.0  fell    0  err_xy 0.094  std 0.300  lr 1.0e-04  fps   7428   859.4s
it 10418/11200  reward     nan  ep_len    nan  fell    0  err_xy 0.341  std 0.300  lr 1.0e-04  fps   9883   859.6s
it 10419/11200  reward     nan  ep_len    nan  fell    0  err_xy 0.265  std 0.300  lr 1.0e-04  fps   9856   859.8s
it 10420/11200  reward     nan  ep_len    nan  fell    0  err_xy 0.181  std 0.300  lr 1.0e-04  fps   9037   860.1s
it 10421/11200  reward     nan  ep_len    nan  fell    0  err_xy 0.155  std 0.300  lr 1.0e-04  fps   8822   860.4s
it 10422/11200  reward     nan  ep_len    nan  fell    0  err_xy 0.158  std 0.300  lr 1.0e-04  fps   8647   860.6s
it 10423/11200  reward     nan  ep_len    nan  fell    0  err_xy 0.134  std 0.300  lr 1.0e-04  fps   8297   860.9s
it 10424/11200  reward     nan  ep_len    nan  fell    0  err_xy 0.112  std 0.300  lr 1.0e-04  fps   8896   861.2s
it 10425/11200  reward     nan  ep_len    nan  fell    0  err_xy 0.074  std 0.300  lr 1.0e-04  fps   8944   861.4s
it 10426/11200  reward     nan  ep_len    nan  fell    0  err_xy 0.046  std 0.300  lr 1.0e-04  fps   9007   861.7s
it 10427/11200  reward     nan  ep_len    nan  fell    0  err_xy 0.034  std 0.300  lr 1.0e-04  fps   8765   861.9s
it 10428/11200  reward     nan  ep_len    nan  fell    0  err_xy 0.026  std 0.300  lr 1.0e-04  fps   8804   862.2s
it 10429/11200  reward     nan  ep_len    nan  fell    0  err_xy 0.019  std 0.300  lr 1.0e-04  fps   8664   862.5s
it 10430/11200  reward     nan  ep_len    nan  fell    0  err_xy 0.017  std 0.300  lr 1.0e-04  fps   8529   862.7s
it 10431/11200  reward     nan  ep_len    nan  fell    0  err_xy 0.016  std 0.300  lr 1.0e-04  fps   8655   863.0s
it 10432/11200  reward     nan  ep_len    nan  fell    0  err_xy 0.019  std 0.300  lr 1.0e-04  fps   8943   863.3s
it 10433/11200  reward     nan  ep_len    nan  fell    0  err_xy 0.018  std 0.300  lr 1.0e-04  fps   8989   863.5s
it 10434/11200  reward   77.35  ep_len  400.0  fell    0  err_xy 0.212  std 0.300  lr 1.0e-04  fps   7204   863.8s
it 10435/11200  reward     nan  ep_len    nan  fell    0  err_xy 0.374  std 0.300  lr 1.0e-04  fps   9520   864.1s
it 10436/11200  reward     nan  ep_len    nan  fell    0  err_xy 0.225  std 0.300  lr 1.0e-04  fps   9487   864.3s
it 10437/11200  reward     nan  ep_len    nan  fell    0  err_xy 0.187  std 0.300  lr 1.0e-04  fps   9443   864.6s
it 10438/11200  reward     nan  ep_len    nan  fell    0  err_xy 0.193  std 0.300  lr 1.0e-04  fps   9345   864.8s
it 10439/11200  reward     nan  ep_len    nan  fell    0  err_xy 0.161  std 0.300  lr 1.0e-04  fps   7634   865.1s
it 10440/11200  reward     nan  ep_len    nan  fell    0  err_xy 0.116  std 0.300  lr 1.0e-04  fps   8458   865.4s
it 10441/11200  reward     nan  ep_len    nan  fell    0  err_xy 0.102  std 0.300  lr 1.0e-04  fps   8458   865.7s
it 10442/11200  reward     nan  ep_len    nan  fell    0  err_xy 0.080  std 0.300  lr 1.0e-04  fps   8833   865.9s
it 10443/11200  reward     nan  ep_len    nan  fell    0  err_xy 0.069  std 0.300  lr 1.0e-04  fps   8927   866.2s
it 10444/11200  reward     nan  ep_len    nan  fell    0  err_xy 0.064  std 0.300  lr 1.0e-04  fps   8850   866.4s
it 10445/11200  reward     nan  ep_len    nan  fell    0  err_xy 0.050  std 0.300  lr 1.0e-04  fps   8961   866.7s
it 10446/11200  reward     nan  ep_len    nan  fell    0  err_xy 0.040  std 0.300  lr 1.0e-04  fps   8699   867.0s
it 10447/11200  reward     nan  ep_len    nan  fell    0  err_xy 0.028  std 0.300  lr 1.0e-04  fps   8158   867.2s
it 10448/11200  reward     nan  ep_len    nan  fell    0  err_xy 0.021  std 0.300  lr 1.0e-04  fps   8732   867.5s
it 10449/11200  reward     nan  ep_len    nan  fell    0  err_xy 0.019  std 0.300  lr 1.0e-04  fps   8855   867.8s
it 10450/11200  reward   74.36  ep_len  400.0  fell    0  err_xy 0.018  std 0.300  lr 1.0e-04  fps   6999   868.1s
it 10451/11200  reward     nan  ep_len    nan  fell    0  err_xy 0.312  std 0.300  lr 1.0e-04  fps   9336   868.3s
it 10452/11200  reward     nan  ep_len    nan  fell    0  err_xy 0.309  std 0.300  lr 1.0e-04  fps   9606   868.6s
it 10453/11200  reward     nan  ep_len    nan  fell    0  err_xy 0.188  std 0.300  lr 1.0e-04  fps   9367   868.8s
it 10454/11200  reward     nan  ep_len    nan  fell    0  err_xy 0.168  std 0.300  lr 1.0e-04  fps   9231   869.1s
it 10455/11200  reward     nan  ep_len    nan  fell    0  err_xy 0.186  std 0.300  lr 1.0e-04  fps   9196   869.3s
it 10456/11200  reward     nan  ep_len    nan  fell    0  err_xy 0.149  std 0.300  lr 1.0e-04  fps   8921   869.6s
it 10457/11200  reward     nan  ep_len    nan  fell    0  err_xy 0.110  std 0.300  lr 1.0e-04  fps   8803   869.9s
it 10458/11200  reward     nan  ep_len    nan  fell    0  err_xy 0.092  std 0.300  lr 1.0e-04  fps   8881   870.1s
it 10459/11200  reward     nan  ep_len    nan  fell    0  err_xy 0.089  std 0.300  lr 1.0e-04  fps   8866   870.4s
it 10460/11200  reward     nan  ep_len    nan  fell    0  err_xy 0.076  std 0.300  lr 1.0e-04  fps   8875   870.6s
it 10461/11200  reward     nan  ep_len    nan  fell    0  err_xy 0.065  std 0.300  lr 1.0e-04  fps   8833   870.9s
it 10462/11200  reward     nan  ep_len    nan  fell    0  err_xy 0.055  std 0.300  lr 1.0e-04  fps   8818   871.2s
it 10463/11200  reward     nan  ep_len    nan  fell    0  err_xy 0.047  std 0.300  lr 1.0e-04  fps   8917   871.4s
it 10464/11200  reward     nan  ep_len    nan  fell    0  err_xy 0.049  std 0.300  lr 1.0e-04  fps   8893   871.7s
it 10465/11200  reward     nan  ep_len    nan  fell    0  err_xy 0.043  std 0.300  lr 1.0e-04  fps   8354   872.0s
it 10466/11200  reward     nan  ep_len    nan  fell    0  err_xy 0.038  std 0.300  lr 1.0e-04  fps   8821   872.2s
it 10467/11200  reward   67.82  ep_len  400.0  fell    0  err_xy 0.109  std 0.300  lr 1.0e-04  fps   6979   872.5s
it 10468/11200  reward     nan  ep_len    nan  fell    0  err_xy 0.371  std 0.300  lr 1.0e-04  fps   9330   872.8s
it 10469/11200  reward     nan  ep_len    nan  fell    0  err_xy 0.277  std 0.300  lr 1.0e-04  fps   9311   873.0s
it 10470/11200  reward     nan  ep_len    nan  fell    0  err_xy 0.187  std 0.300  lr 1.0e-04  fps   9399   873.3s
it 10471/11200  reward     nan  ep_len    nan  fell    0  err_xy 0.183  std 0.300  lr 1.0e-04  fps   9227   873.5s
it 10472/11200  reward     nan  ep_len    nan  fell    0  err_xy 0.185  std 0.300  lr 1.0e-04  fps   8940   873.8s
it 10473/11200  reward     nan  ep_len    nan  fell    0  err_xy 0.172  std 0.300  lr 1.0e-04  fps   8720   874.1s
it 10474/11200  reward     nan  ep_len    nan  fell    0  err_xy 0.096  std 0.300  lr 1.0e-04  fps   7359   874.4s
it 10475/11200  reward     nan  ep_len    nan  fell    0  err_xy 0.075  std 0.300  lr 1.0e-04  fps   6098   874.7s
it 10476/11200  reward     nan  ep_len    nan  fell    0  err_xy 0.066  std 0.300  lr 1.0e-04  fps   8513   875.0s
it 10477/11200  reward     nan  ep_len    nan  fell    0  err_xy 0.048  std 0.300  lr 1.0e-04  fps   8725   875.3s
it 10478/11200  reward     nan  ep_len    nan  fell    0  err_xy 0.036  std 0.300  lr 1.0e-04  fps   8725   875.5s
it 10479/11200  reward     nan  ep_len    nan  fell    0  err_xy 0.026  std 0.300  lr 1.0e-04  fps   8978   875.8s
it 10480/11200  reward     nan  ep_len    nan  fell    0  err_xy 0.023  std 0.300  lr 1.0e-04  fps   8916   876.1s
it 10481/11200  reward     nan  ep_len    nan  fell    0  err_xy 0.018  std 0.300  lr 1.0e-04  fps   8830   876.3s
it 10482/11200  reward     nan  ep_len    nan  fell    0  err_xy 0.014  std 0.300  lr 1.0e-04  fps   8712   876.6s
it 10483/11200  reward     nan  ep_len    nan  fell    0  err_xy 0.013  std 0.300  lr 1.0e-04  fps   8815   876.9s
it 10484/11200  reward   75.66  ep_len  400.0  fell    0  err_xy 0.206  std 0.300  lr 1.0e-04  fps   7039   877.2s
it 10485/11200  reward     nan  ep_len    nan  fell    0  err_xy 0.381  std 0.300  lr 1.0e-04  fps   9368   877.4s
it 10486/11200  reward     nan  ep_len    nan  fell    0  err_xy 0.229  std 0.300  lr 1.0e-04  fps   9447   877.7s
it 10487/11200  reward     nan  ep_len    nan  fell    0  err_xy 0.174  std 0.300  lr 1.0e-04  fps   9490   877.9s
it 10488/11200  reward     nan  ep_len    nan  fell    0  err_xy 0.196  std 0.300  lr 1.0e-04  fps   9263   878.2s
it 10489/11200  reward     nan  ep_len    nan  fell    0  err_xy 0.151  std 0.300  lr 1.0e-04  fps   9071   878.4s
it 10490/11200  reward     nan  ep_len    nan  fell    0  err_xy 0.119  std 0.300  lr 1.0e-04  fps   8900   878.7s
it 10491/11200  reward     nan  ep_len    nan  fell    0  err_xy 0.116  std 0.300  lr 1.0e-04  fps   8929   878.9s
it 10492/11200  reward     nan  ep_len    nan  fell    0  err_xy 0.082  std 0.300  lr 1.0e-04  fps   8715   879.2s
it 10493/11200  reward     nan  ep_len    nan  fell    0  err_xy 0.080  std 0.300  lr 1.0e-04  fps   8765   879.5s
it 10494/11200  reward     nan  ep_len    nan  fell    0  err_xy 0.063  std 0.300  lr 1.0e-04  fps   8795   879.7s
it 10495/11200  reward     nan  ep_len    nan  fell    0  err_xy 0.054  std 0.300  lr 1.0e-04  fps   8792   880.0s
it 10496/11200  reward     nan  ep_len    nan  fell    0  err_xy 0.036  std 0.300  lr 1.0e-04  fps   8763   880.2s
it 10497/11200  reward     nan  ep_len    nan  fell    0  err_xy 0.028  std 0.300  lr 1.0e-04  fps   8825   880.5s
it 10498/11200  reward     nan  ep_len    nan  fell    0  err_xy 0.020  std 0.300  lr 1.0e-04  fps   8841   880.8s
it 10499/11200  reward     nan  ep_len    nan  fell    0  err_xy 0.017  std 0.300  lr 1.0e-04  fps   8821   881.0s
it 10500/11200  reward   73.00  ep_len  400.0  fell    0  err_xy 0.017  std 0.300  lr 1.0e-04  fps   6931   881.4s
it 10501/11200  reward     nan  ep_len    nan  fell    0  err_xy 0.335  std 0.300  lr 1.0e-04  fps   9246   881.6s
it 10502/11200  reward     nan  ep_len    nan  fell    0  err_xy 0.354  std 0.300  lr 1.0e-04  fps   9508   881.9s
it 10503/11200  reward     nan  ep_len    nan  fell    0  err_xy 0.228  std 0.300  lr 1.0e-04  fps   9473   882.1s
it 10504/11200  reward     nan  ep_len    nan  fell    0  err_xy 0.207  std 0.300  lr 1.0e-04  fps   9414   882.3s
it 10505/11200  reward     nan  ep_len    nan  fell    0  err_xy 0.225  std 0.300  lr 1.0e-04  fps   9209   882.6s
it 10506/11200  reward     nan  ep_len    nan  fell    0  err_xy 0.158  std 0.300  lr 1.0e-04  fps   8937   882.9s
it 10507/11200  reward     nan  ep_len    nan  fell    0  err_xy 0.121  std 0.300  lr 1.0e-04  fps   8984   883.1s
it 10508/11200  reward     nan  ep_len    nan  fell    0  err_xy 0.109  std 0.300  lr 1.0e-04  fps   8940   883.4s
it 10509/11200  reward     nan  ep_len    nan  fell    0  err_xy 0.085  std 0.300  lr 1.0e-04  fps   8251   883.6s
it 10510/11200  reward     nan  ep_len    nan  fell    0  err_xy 0.062  std 0.300  lr 1.0e-04  fps   8828   883.9s
it 10511/11200  reward     nan  ep_len    nan  fell    0  err_xy 0.037  std 0.300  lr 1.0e-04  fps   8921   884.2s
it 10512/11200  reward     nan  ep_len    nan  fell    0  err_xy 0.031  std 0.300  lr 1.0e-04  fps   8959   884.4s
it 10513/11200  reward     nan  ep_len    nan  fell    0  err_xy 0.026  std 0.300  lr 1.0e-04  fps   8302   884.7s
it 10514/11200  reward     nan  ep_len    nan  fell    0  err_xy 0.025  std 0.300  lr 1.0e-04  fps   8505   885.0s
it 10515/11200  reward     nan  ep_len    nan  fell    0  err_xy 0.028  std 0.300  lr 1.0e-04  fps   8396   885.3s
it 10516/11200  reward     nan  ep_len    nan  fell    0  err_xy 0.027  std 0.300  lr 1.0e-04  fps   8814   885.5s
it 10517/11200  reward   74.30  ep_len  400.0  fell    0  err_xy 0.102  std 0.300  lr 1.0e-04  fps   6980   885.8s
it 10518/11200  reward     nan  ep_len    nan  fell    0  err_xy 0.359  std 0.300  lr 1.0e-04  fps   9406   886.1s
it 10519/11200  reward     nan  ep_len    nan  fell    0  err_xy 0.286  std 0.300  lr 1.0e-04  fps   9397   886.3s
it 10520/11200  reward     nan  ep_len    nan  fell    0  err_xy 0.197  std 0.300  lr 1.0e-04  fps   9300   886.6s
it 10521/11200  reward     nan  ep_len    nan  fell    0  err_xy 0.196  std 0.300  lr 1.0e-04  fps   9226   886.8s
it 10522/11200  reward     nan  ep_len    nan  fell    0  err_xy 0.196  std 0.300  lr 1.0e-04  fps   9057   887.1s
it 10523/11200  reward     nan  ep_len    nan  fell    0  err_xy 0.126  std 0.300  lr 1.0e-04  fps   8924   887.3s
it 10524/11200  reward     nan  ep_len    nan  fell    0  err_xy 0.102  std 0.300  lr 1.0e-04  fps   8880   887.6s
it 10525/11200  reward     nan  ep_len    nan  fell    0  err_xy 0.079  std 0.300  lr 1.0e-04  fps   8798   887.9s
it 10526/11200  reward     nan  ep_len    nan  fell    0  err_xy 0.065  std 0.300  lr 1.0e-04  fps   8833   888.1s
it 10527/11200  reward     nan  ep_len    nan  fell    0  err_xy 0.060  std 0.300  lr 1.0e-04  fps   8684   888.4s
it 10528/11200  reward     nan  ep_len    nan  fell    0  err_xy 0.046  std 0.300  lr 1.0e-04  fps   8898   888.7s
it 10529/11200  reward     nan  ep_len    nan  fell    0  err_xy 0.035  std 0.300  lr 1.0e-04  fps   8574   888.9s
it 10530/11200  reward     nan  ep_len    nan  fell    0  err_xy 0.029  std 0.300  lr 1.0e-04  fps   8796   889.2s
it 10531/11200  reward     nan  ep_len    nan  fell    0  err_xy 0.021  std 0.300  lr 1.0e-04  fps   8937   889.4s
it 10532/11200  reward     nan  ep_len    nan  fell    0  err_xy 0.021  std 0.300  lr 1.0e-04  fps   8934   889.7s
it 10533/11200  reward     nan  ep_len    nan  fell    0  err_xy 0.017  std 0.300  lr 1.0e-04  fps   8937   890.0s
it 10534/11200  reward   75.18  ep_len  400.0  fell    0  err_xy 0.202  std 0.300  lr 1.0e-04  fps   7121   890.3s
it 10535/11200  reward     nan  ep_len    nan  fell    0  err_xy 0.373  std 0.300  lr 1.0e-04  fps   9178   890.5s
it 10536/11200  reward     nan  ep_len    nan  fell    0  err_xy 0.253  std 0.300  lr 1.0e-04  fps   9414   890.8s
it 10537/11200  reward     nan  ep_len    nan  fell    0  err_xy 0.187  std 0.300  lr 1.0e-04  fps   9457   891.0s
it 10538/11200  reward     nan  ep_len    nan  fell    0  err_xy 0.225  std 0.300  lr 1.0e-04  fps   9329   891.3s
it 10539/11200  reward     nan  ep_len    nan  fell    0  err_xy 0.182  std 0.300  lr 1.0e-04  fps   9041   891.5s
it 10540/11200  reward     nan  ep_len    nan  fell    0  err_xy 0.158  std 0.300  lr 1.0e-04  fps   8888   891.8s
it 10541/11200  reward     nan  ep_len    nan  fell    0  err_xy 0.134  std 0.300  lr 1.0e-04  fps   8983   892.0s
it 10542/11200  reward     nan  ep_len    nan  fell    0  err_xy 0.107  std 0.300  lr 1.0e-04  fps   8938   892.3s
it 10543/11200  reward     nan  ep_len    nan  fell    0  err_xy 0.084  std 0.300  lr 1.0e-04  fps   8995   892.6s
it 10544/11200  reward     nan  ep_len    nan  fell    0  err_xy 0.079  std 0.300  lr 1.0e-04  fps   8876   892.8s
it 10545/11200  reward     nan  ep_len    nan  fell    0  err_xy 0.051  std 0.300  lr 1.0e-04  fps   9003   893.1s
it 10546/11200  reward     nan  ep_len    nan  fell    0  err_xy 0.056  std 0.300  lr 1.0e-04  fps   8958   893.3s
it 10547/11200  reward     nan  ep_len    nan  fell    0  err_xy 0.040  std 0.300  lr 1.0e-04  fps   8896   893.6s
it 10548/11200  reward     nan  ep_len    nan  fell    0  err_xy 0.036  std 0.300  lr 1.0e-04  fps   8847   893.9s
it 10549/11200  reward     nan  ep_len    nan  fell    0  err_xy 0.028  std 0.300  lr 1.0e-04  fps   8877   894.1s
it 10550/11200  reward   72.70  ep_len  400.0  fell    0  err_xy 0.026  std 0.300  lr 1.0e-04  fps   6907   894.4s
it 10551/11200  reward     nan  ep_len    nan  fell    0  err_xy 0.321  std 0.300  lr 1.0e-04  fps   9272   894.7s
it 10552/11200  reward     nan  ep_len    nan  fell    0  err_xy 0.352  std 0.300  lr 1.0e-04  fps   9500   894.9s
it 10553/11200  reward     nan  ep_len    nan  fell    0  err_xy 0.215  std 0.300  lr 1.0e-04  fps   9474   895.2s
it 10554/11200  reward     nan  ep_len    nan  fell    0  err_xy 0.185  std 0.300  lr 1.0e-04  fps   9430   895.4s
it 10555/11200  reward     nan  ep_len    nan  fell    0  err_xy 0.208  std 0.300  lr 1.0e-04  fps   9123   895.7s
it 10556/11200  reward     nan  ep_len    nan  fell    0  err_xy 0.154  std 0.300  lr 1.0e-04  fps   9005   895.9s
it 10557/11200  reward     nan  ep_len    nan  fell    0  err_xy 0.127  std 0.300  lr 1.0e-04  fps   8916   896.2s
it 10558/11200  reward     nan  ep_len    nan  fell    0  err_xy 0.106  std 0.300  lr 1.0e-04  fps   8927   896.5s
it 10559/11200  reward     nan  ep_len    nan  fell    0  err_xy 0.090  std 0.300  lr 1.0e-04  fps   8832   896.7s
it 10560/11200  reward     nan  ep_len    nan  fell    0  err_xy 0.060  std 0.300  lr 1.0e-04  fps   8822   897.0s
it 10561/11200  reward     nan  ep_len    nan  fell    0  err_xy 0.042  std 0.300  lr 1.0e-04  fps   8656   897.2s
it 10562/11200  reward     nan  ep_len    nan  fell    0  err_xy 0.031  std 0.300  lr 1.0e-04  fps   8369   897.5s
it 10563/11200  reward     nan  ep_len    nan  fell    0  err_xy 0.022  std 0.300  lr 1.0e-04  fps   8720   897.8s
it 10564/11200  reward     nan  ep_len    nan  fell    0  err_xy 0.019  std 0.300  lr 1.0e-04  fps   8883   898.0s
it 10565/11200  reward     nan  ep_len    nan  fell    0  err_xy 0.017  std 0.300  lr 1.0e-04  fps   8814   898.3s
it 10566/11200  reward     nan  ep_len    nan  fell    0  err_xy 0.018  std 0.300  lr 1.0e-04  fps   8896   898.6s
it 10567/11200  reward   77.20  ep_len  400.0  fell    0  err_xy 0.100  std 0.300  lr 1.0e-04  fps   6975   898.9s
it 10568/11200  reward     nan  ep_len    nan  fell    0  err_xy 0.388  std 0.300  lr 1.0e-04  fps   9409   899.1s
it 10569/11200  reward     nan  ep_len    nan  fell    0  err_xy 0.340  std 0.300  lr 1.0e-04  fps   9551   899.4s
it 10570/11200  reward     nan  ep_len    nan  fell    0  err_xy 0.212  std 0.300  lr 1.0e-04  fps   9516   899.6s
it 10571/11200  reward     nan  ep_len    nan  fell    0  err_xy 0.249  std 0.300  lr 1.0e-04  fps   9485   899.9s
it 10572/11200  reward     nan  ep_len    nan  fell    0  err_xy 0.217  std 0.300  lr 1.0e-04  fps   9244   900.1s
it 10573/11200  reward     nan  ep_len    nan  fell    0  err_xy 0.173  std 0.300  lr 1.0e-04  fps   9012   900.4s
it 10574/11200  reward     nan  ep_len    nan  fell    0  err_xy 0.140  std 0.300  lr 1.0e-04  fps   9025   900.6s
it 10575/11200  reward     nan  ep_len    nan  fell    0  err_xy 0.118  std 0.300  lr 1.0e-04  fps   8864   900.9s
it 10576/11200  reward     nan  ep_len    nan  fell    0  err_xy 0.080  std 0.300  lr 1.0e-04  fps   8831   901.1s
it 10577/11200  reward     nan  ep_len    nan  fell    0  err_xy 0.058  std 0.300  lr 1.0e-04  fps   8923   901.4s
it 10578/11200  reward     nan  ep_len    nan  fell    0  err_xy 0.035  std 0.300  lr 1.0e-04  fps   9027   901.7s
it 10579/11200  reward     nan  ep_len    nan  fell    0  err_xy 0.033  std 0.300  lr 1.0e-04  fps   8942   901.9s
it 10580/11200  reward     nan  ep_len    nan  fell    0  err_xy 0.029  std 0.300  lr 1.0e-04  fps   9013   902.2s
it 10581/11200  reward     nan  ep_len    nan  fell    0  err_xy 0.024  std 0.300  lr 1.0e-04  fps   8997   902.4s
it 10582/11200  reward     nan  ep_len    nan  fell    0  err_xy 0.018  std 0.300  lr 1.0e-04  fps   8933   902.7s
it 10583/11200  reward     nan  ep_len    nan  fell    0  err_xy 0.016  std 0.300  lr 1.0e-04  fps   8873   902.9s
it 10584/11200  reward   75.95  ep_len  400.0  fell    0  err_xy 0.196  std 0.300  lr 1.0e-04  fps   7257   903.3s
it 10585/11200  reward     nan  ep_len    nan  fell    0  err_xy 0.330  std 0.300  lr 1.0e-04  fps   9386   903.5s
it 10586/11200  reward     nan  ep_len    nan  fell    0  err_xy 0.261  std 0.300  lr 1.0e-04  fps   9452   903.8s
it 10587/11200  reward     nan  ep_len    nan  fell    0  err_xy 0.190  std 0.300  lr 1.0e-04  fps   9465   904.0s
it 10588/11200  reward     nan  ep_len    nan  fell    0  err_xy 0.216  std 0.300  lr 1.0e-04  fps   9308   904.2s
it 10589/11200  reward     nan  ep_len    nan  fell    0  err_xy 0.166  std 0.300  lr 1.0e-04  fps   9018   904.5s
it 10590/11200  reward     nan  ep_len    nan  fell    0  err_xy 0.132  std 0.300  lr 1.0e-04  fps   8922   904.8s
it 10591/11200  reward     nan  ep_len    nan  fell    0  err_xy 0.110  std 0.300  lr 1.0e-04  fps   8925   905.0s
it 10592/11200  reward     nan  ep_len    nan  fell    0  err_xy 0.097  std 0.300  lr 1.0e-04  fps   8915   905.3s
it 10593/11200  reward     nan  ep_len    nan  fell    0  err_xy 0.079  std 0.300  lr 1.0e-04  fps   8873   905.5s
it 10594/11200  reward     nan  ep_len    nan  fell    0  err_xy 0.057  std 0.300  lr 1.0e-04  fps   8932   905.8s
it 10595/11200  reward     nan  ep_len    nan  fell    0  err_xy 0.059  std 0.300  lr 1.0e-04  fps   8864   906.1s
it 10596/11200  reward     nan  ep_len    nan  fell    0  err_xy 0.049  std 0.300  lr 1.0e-04  fps   8930   906.3s
it 10597/11200  reward     nan  ep_len    nan  fell    0  err_xy 0.046  std 0.300  lr 1.0e-04  fps   8910   906.6s
it 10598/11200  reward     nan  ep_len    nan  fell    0  err_xy 0.049  std 0.300  lr 1.0e-04  fps   8884   906.8s
it 10599/11200  reward     nan  ep_len    nan  fell    0  err_xy 0.041  std 0.300  lr 1.0e-04  fps   8924   907.1s
it 10600/11200  reward   73.62  ep_len  400.0  fell    0  err_xy 0.036  std 0.300  lr 1.0e-04  fps   6978   907.4s
eval iteration 10600:
  prone          success   0.0%  time 8.00s  peak_τ 0.96 Nm  return 90.55
  supine         success   0.0%  time 8.00s  peak_τ 0.96 Nm  return 72.24
  score 0.000
it 10601/11200  reward     nan  ep_len    nan  fell    0  err_xy 0.324  std 0.300  lr 1.0e-04  fps   9706   909.6s
it 10602/11200  reward     nan  ep_len    nan  fell    0  err_xy 0.356  std 0.300  lr 1.0e-04  fps  10107   909.9s
it 10603/11200  reward     nan  ep_len    nan  fell    0  err_xy 0.246  std 0.300  lr 1.0e-04  fps   9922   910.1s
it 10604/11200  reward     nan  ep_len    nan  fell    0  err_xy 0.207  std 0.300  lr 1.0e-04  fps   9782   910.3s
it 10605/11200  reward     nan  ep_len    nan  fell    0  err_xy 0.231  std 0.300  lr 1.0e-04  fps   9713   910.6s
it 10606/11200  reward     nan  ep_len    nan  fell    0  err_xy 0.182  std 0.300  lr 1.0e-04  fps   9470   910.8s
it 10607/11200  reward     nan  ep_len    nan  fell    0  err_xy 0.145  std 0.300  lr 1.0e-04  fps   9295   911.1s
it 10608/11200  reward     nan  ep_len    nan  fell    0  err_xy 0.135  std 0.300  lr 1.0e-04  fps   9449   911.3s
it 10609/11200  reward     nan  ep_len    nan  fell    0  err_xy 0.108  std 0.300  lr 1.0e-04  fps   9440   911.5s
it 10610/11200  reward     nan  ep_len    nan  fell    0  err_xy 0.079  std 0.300  lr 1.0e-04  fps   9312   911.8s
it 10611/11200  reward     nan  ep_len    nan  fell    0  err_xy 0.064  std 0.300  lr 1.0e-04  fps   8935   912.1s
it 10612/11200  reward     nan  ep_len    nan  fell    0  err_xy 0.046  std 0.300  lr 1.0e-04  fps   9396   912.3s
it 10613/11200  reward     nan  ep_len    nan  fell    0  err_xy 0.031  std 0.300  lr 1.0e-04  fps   9465   912.5s
it 10614/11200  reward     nan  ep_len    nan  fell    0  err_xy 0.031  std 0.300  lr 1.0e-04  fps   9421   912.8s
it 10615/11200  reward     nan  ep_len    nan  fell    0  err_xy 0.027  std 0.300  lr 1.0e-04  fps   9334   913.0s
it 10616/11200  reward     nan  ep_len    nan  fell    0  err_xy 0.025  std 0.300  lr 1.0e-04  fps   9385   913.3s
it 10617/11200  reward   72.85  ep_len  400.0  fell    0  err_xy 0.107  std 0.300  lr 1.0e-04  fps   7100   913.6s
it 10618/11200  reward     nan  ep_len    nan  fell    0  err_xy 0.370  std 0.300  lr 1.0e-04  fps   9546   913.8s
it 10619/11200  reward     nan  ep_len    nan  fell    0  err_xy 0.356  std 0.300  lr 1.0e-04  fps   9936   914.1s
it 10620/11200  reward     nan  ep_len    nan  fell    0  err_xy 0.248  std 0.300  lr 1.0e-04  fps   9483   914.3s
it 10621/11200  reward     nan  ep_len    nan  fell    0  err_xy 0.246  std 0.300  lr 1.0e-04  fps   9487   914.6s
it 10622/11200  reward     nan  ep_len    nan  fell    0  err_xy 0.188  std 0.300  lr 1.0e-04  fps   9337   914.8s
it 10623/11200  reward     nan  ep_len    nan  fell    0  err_xy 0.118  std 0.300  lr 1.0e-04  fps   9242   915.1s
it 10624/11200  reward     nan  ep_len    nan  fell    0  err_xy 0.095  std 0.300  lr 1.0e-04  fps   8770   915.3s
it 10625/11200  reward     nan  ep_len    nan  fell    0  err_xy 0.068  std 0.300  lr 1.0e-04  fps   8703   915.6s
it 10626/11200  reward     nan  ep_len    nan  fell    0  err_xy 0.052  std 0.300  lr 1.0e-04  fps   8526   915.9s
it 10627/11200  reward     nan  ep_len    nan  fell    0  err_xy 0.040  std 0.300  lr 1.0e-04  fps   8498   916.1s
it 10628/11200  reward     nan  ep_len    nan  fell    0  err_xy 0.031  std 0.300  lr 1.0e-04  fps   8905   916.4s
it 10629/11200  reward     nan  ep_len    nan  fell    0  err_xy 0.032  std 0.300  lr 1.0e-04  fps   8903   916.7s
it 10630/11200  reward     nan  ep_len    nan  fell    0  err_xy 0.030  std 0.300  lr 1.0e-04  fps   9013   916.9s
it 10631/11200  reward     nan  ep_len    nan  fell    0  err_xy 0.026  std 0.300  lr 1.0e-04  fps   9059   917.2s
it 10632/11200  reward     nan  ep_len    nan  fell    0  err_xy 0.022  std 0.300  lr 1.0e-04  fps   8997   917.4s
it 10633/11200  reward     nan  ep_len    nan  fell    0  err_xy 0.016  std 0.300  lr 1.0e-04  fps   8920   917.7s
it 10634/11200  reward   81.32  ep_len  400.0  fell    0  err_xy 0.205  std 0.300  lr 1.0e-04  fps   7205   918.0s
it 10635/11200  reward     nan  ep_len    nan  fell    0  err_xy 0.358  std 0.300  lr 1.0e-04  fps   9378   918.2s
it 10636/11200  reward     nan  ep_len    nan  fell    0  err_xy 0.246  std 0.300  lr 1.0e-04  fps   9467   918.5s
it 10637/11200  reward     nan  ep_len    nan  fell    0  err_xy 0.196  std 0.300  lr 1.0e-04  fps   9523   918.7s
it 10638/11200  reward     nan  ep_len    nan  fell    0  err_xy 0.231  std 0.300  lr 1.0e-04  fps   9264   919.0s
it 10639/11200  reward     nan  ep_len    nan  fell    0  err_xy 0.131  std 0.300  lr 1.0e-04  fps   8952   919.2s
it 10640/11200  reward     nan  ep_len    nan  fell    0  err_xy 0.099  std 0.300  lr 1.0e-04  fps   8929   919.5s
it 10641/11200  reward     nan  ep_len    nan  fell    0  err_xy 0.097  std 0.300  lr 1.0e-04  fps   8296   919.8s
it 10642/11200  reward     nan  ep_len    nan  fell    0  err_xy 0.074  std 0.300  lr 1.0e-04  fps   8733   920.0s
it 10643/11200  reward     nan  ep_len    nan  fell    0  err_xy 0.046  std 0.300  lr 1.0e-04  fps   8857   920.3s
it 10644/11200  reward     nan  ep_len    nan  fell    0  err_xy 0.037  std 0.300  lr 1.0e-04  fps   8889   920.6s
it 10645/11200  reward     nan  ep_len    nan  fell    0  err_xy 0.028  std 0.300  lr 1.0e-04  fps   8884   920.8s
it 10646/11200  reward     nan  ep_len    nan  fell    0  err_xy 0.020  std 0.300  lr 1.0e-04  fps   8844   921.1s
it 10647/11200  reward     nan  ep_len    nan  fell    0  err_xy 0.017  std 0.300  lr 1.0e-04  fps   8953   921.3s
it 10648/11200  reward     nan  ep_len    nan  fell    0  err_xy 0.015  std 0.300  lr 1.0e-04  fps   9055   921.6s
it 10649/11200  reward     nan  ep_len    nan  fell    0  err_xy 0.012  std 0.300  lr 1.0e-04  fps   9035   921.8s
it 10650/11200  reward   81.67  ep_len  400.0  fell    0  err_xy 0.012  std 0.299  lr 1.0e-04  fps   6979   922.2s
it 10651/11200  reward     nan  ep_len    nan  fell    0  err_xy 0.297  std 0.299  lr 1.0e-04  fps   9318   922.4s
it 10652/11200  reward     nan  ep_len    nan  fell    0  err_xy 0.352  std 0.299  lr 1.0e-04  fps   9636   922.7s
it 10653/11200  reward     nan  ep_len    nan  fell    0  err_xy 0.236  std 0.299  lr 1.0e-04  fps   9382   922.9s
it 10654/11200  reward     nan  ep_len    nan  fell    0  err_xy 0.208  std 0.300  lr 1.0e-04  fps   9403   923.2s
it 10655/11200  reward     nan  ep_len    nan  fell    0  err_xy 0.202  std 0.300  lr 1.0e-04  fps   9145   923.4s
it 10656/11200  reward     nan  ep_len    nan  fell    0  err_xy 0.116  std 0.300  lr 1.0e-04  fps   8842   923.7s
it 10657/11200  reward     nan  ep_len    nan  fell    0  err_xy 0.077  std 0.300  lr 1.0e-04  fps   8765   923.9s
it 10658/11200  reward     nan  ep_len    nan  fell    0  err_xy 0.057  std 0.300  lr 1.0e-04  fps   8777   924.2s
it 10659/11200  reward     nan  ep_len    nan  fell    0  err_xy 0.047  std 0.300  lr 1.0e-04  fps   8897   924.5s
it 10660/11200  reward     nan  ep_len    nan  fell    0  err_xy 0.032  std 0.300  lr 1.0e-04  fps   8722   924.7s
it 10661/11200  reward     nan  ep_len    nan  fell    0  err_xy 0.025  std 0.300  lr 1.0e-04  fps   7352   925.0s
it 10662/11200  reward     nan  ep_len    nan  fell    0  err_xy 0.021  std 0.300  lr 1.0e-04  fps   8767   925.3s
it 10663/11200  reward     nan  ep_len    nan  fell    0  err_xy 0.019  std 0.300  lr 1.0e-04  fps   8869   925.6s
it 10664/11200  reward     nan  ep_len    nan  fell    0  err_xy 0.016  std 0.300  lr 1.0e-04  fps   8899   925.8s
it 10665/11200  reward     nan  ep_len    nan  fell    0  err_xy 0.013  std 0.300  lr 1.0e-04  fps   8966   926.1s
it 10666/11200  reward     nan  ep_len    nan  fell    0  err_xy 0.015  std 0.300  lr 1.0e-04  fps   9035   926.3s
it 10667/11200  reward   83.04  ep_len  400.0  fell    0  err_xy 0.104  std 0.300  lr 1.0e-04  fps   7113   926.6s
it 10668/11200  reward     nan  ep_len    nan  fell    0  err_xy 0.354  std 0.300  lr 1.0e-04  fps   9439   926.9s
it 10669/11200  reward     nan  ep_len    nan  fell    0  err_xy 0.316  std 0.300  lr 1.0e-04  fps   9606   927.1s
it 10670/11200  reward     nan  ep_len    nan  fell    0  err_xy 0.237  std 0.300  lr 1.0e-04  fps   9418   927.4s
it 10671/11200  reward     nan  ep_len    nan  fell    0  err_xy 0.207  std 0.300  lr 1.0e-04  fps   9341   927.6s
it 10672/11200  reward     nan  ep_len    nan  fell    0  err_xy 0.157  std 0.300  lr 1.0e-04  fps   9056   927.9s
it 10673/11200  reward     nan  ep_len    nan  fell    0  err_xy 0.115  std 0.300  lr 1.0e-04  fps   8871   928.1s
it 10674/11200  reward     nan  ep_len    nan  fell    0  err_xy 0.094  std 0.300  lr 1.0e-04  fps   8885   928.4s
it 10675/11200  reward     nan  ep_len    nan  fell    0  err_xy 0.070  std 0.300  lr 1.0e-04  fps   8834   928.7s
it 10676/11200  reward     nan  ep_len    nan  fell    0  err_xy 0.054  std 0.300  lr 1.0e-04  fps   8908   928.9s
it 10677/11200  reward     nan  ep_len    nan  fell    0  err_xy 0.055  std 0.300  lr 1.0e-04  fps   8924   929.2s
it 10678/11200  reward     nan  ep_len    nan  fell    0  err_xy 0.043  std 0.300  lr 1.0e-04  fps   8926   929.4s
it 10679/11200  reward     nan  ep_len    nan  fell    0  err_xy 0.035  std 0.300  lr 1.0e-04  fps   8890   929.7s
it 10680/11200  reward     nan  ep_len    nan  fell    0  err_xy 0.033  std 0.300  lr 1.0e-04  fps   8905   930.0s
it 10681/11200  reward     nan  ep_len    nan  fell    0  err_xy 0.022  std 0.300  lr 1.0e-04  fps   8931   930.2s
it 10682/11200  reward     nan  ep_len    nan  fell    0  err_xy 0.018  std 0.300  lr 1.0e-04  fps   8981   930.5s
it 10683/11200  reward     nan  ep_len    nan  fell    0  err_xy 0.016  std 0.300  lr 1.0e-04  fps   8918   930.7s
it 10684/11200  reward   81.04  ep_len  400.0  fell    0  err_xy 0.206  std 0.300  lr 1.0e-04  fps   7096   931.1s
it 10685/11200  reward     nan  ep_len    nan  fell    0  err_xy 0.378  std 0.300  lr 1.0e-04  fps   8571   931.3s
it 10686/11200  reward     nan  ep_len    nan  fell    0  err_xy 0.280  std 0.300  lr 1.0e-04  fps   9362   931.6s
it 10687/11200  reward     nan  ep_len    nan  fell    0  err_xy 0.208  std 0.300  lr 1.0e-04  fps   9425   931.8s
it 10688/11200  reward     nan  ep_len    nan  fell    0  err_xy 0.189  std 0.300  lr 1.0e-04  fps   9335   932.1s
it 10689/11200  reward     nan  ep_len    nan  fell    0  err_xy 0.150  std 0.300  lr 1.0e-04  fps   9052   932.3s
it 10690/11200  reward     nan  ep_len    nan  fell    0  err_xy 0.120  std 0.300  lr 1.0e-04  fps   8940   932.6s
it 10691/11200  reward     nan  ep_len    nan  fell    0  err_xy 0.089  std 0.300  lr 1.0e-04  fps   8843   932.8s
it 10692/11200  reward     nan  ep_len    nan  fell    0  err_xy 0.067  std 0.300  lr 1.0e-04  fps   8854   933.1s
it 10693/11200  reward     nan  ep_len    nan  fell    0  err_xy 0.047  std 0.300  lr 1.0e-04  fps   8859   933.4s
it 10694/11200  reward     nan  ep_len    nan  fell    0  err_xy 0.032  std 0.300  lr 1.0e-04  fps   8782   933.6s
it 10695/11200  reward     nan  ep_len    nan  fell    0  err_xy 0.024  std 0.300  lr 1.0e-04  fps   8853   933.9s
it 10696/11200  reward     nan  ep_len    nan  fell    0  err_xy 0.024  std 0.300  lr 1.0e-04  fps   8777   934.1s
it 10697/11200  reward     nan  ep_len    nan  fell    0  err_xy 0.020  std 0.300  lr 1.0e-04  fps   8681   934.4s
it 10698/11200  reward     nan  ep_len    nan  fell    0  err_xy 0.020  std 0.300  lr 1.0e-04  fps   8639   934.7s
it 10699/11200  reward     nan  ep_len    nan  fell    0  err_xy 0.017  std 0.300  lr 1.0e-04  fps   8759   934.9s
it 10700/11200  reward   79.16  ep_len  400.0  fell    0  err_xy 0.014  std 0.300  lr 1.0e-04  fps   6863   935.3s
it 10701/11200  reward     nan  ep_len    nan  fell    0  err_xy 0.321  std 0.300  lr 1.0e-04  fps   9297   935.5s
it 10702/11200  reward     nan  ep_len    nan  fell    0  err_xy 0.350  std 0.300  lr 1.0e-04  fps   9463   935.8s
it 10703/11200  reward     nan  ep_len    nan  fell    0  err_xy 0.249  std 0.300  lr 1.0e-04  fps   9362   936.0s
it 10704/11200  reward     nan  ep_len    nan  fell    0  err_xy 0.208  std 0.300  lr 1.0e-04  fps   9370   936.3s
it 10705/11200  reward     nan  ep_len    nan  fell    0  err_xy 0.169  std 0.300  lr 1.0e-04  fps   9116   936.5s
it 10706/11200  reward     nan  ep_len    nan  fell    0  err_xy 0.118  std 0.300  lr 1.0e-04  fps   8941   936.8s
it 10707/11200  reward     nan  ep_len    nan  fell    0  err_xy 0.093  std 0.300  lr 1.0e-04  fps   8769   937.0s
it 10708/11200  reward     nan  ep_len    nan  fell    0  err_xy 0.069  std 0.300  lr 1.0e-04  fps   8673   937.3s
it 10709/11200  reward     nan  ep_len    nan  fell    0  err_xy 0.053  std 0.300  lr 1.0e-04  fps   8216   937.6s
it 10710/11200  reward     nan  ep_len    nan  fell    0  err_xy 0.043  std 0.300  lr 1.0e-04  fps   8605   937.8s
it 10711/11200  reward     nan  ep_len    nan  fell    0  err_xy 0.025  std 0.300  lr 1.0e-04  fps   8666   938.1s
it 10712/11200  reward     nan  ep_len    nan  fell    0  err_xy 0.028  std 0.300  lr 1.0e-04  fps   8715   938.4s
it 10713/11200  reward     nan  ep_len    nan  fell    0  err_xy 0.028  std 0.300  lr 1.0e-04  fps   8827   938.6s
it 10714/11200  reward     nan  ep_len    nan  fell    0  err_xy 0.023  std 0.300  lr 1.0e-04  fps   8789   938.9s
it 10715/11200  reward     nan  ep_len    nan  fell    0  err_xy 0.022  std 0.300  lr 1.0e-04  fps   8849   939.2s
it 10716/11200  reward     nan  ep_len    nan  fell    0  err_xy 0.020  std 0.300  lr 1.0e-04  fps   8895   939.4s
it 10717/11200  reward   80.41  ep_len  400.0  fell    0  err_xy 0.106  std 0.300  lr 1.0e-04  fps   6992   939.8s
it 10718/11200  reward     nan  ep_len    nan  fell    0  err_xy 0.376  std 0.300  lr 1.0e-04  fps   9454   940.0s
it 10719/11200  reward     nan  ep_len    nan  fell    0  err_xy 0.327  std 0.300  lr 1.0e-04  fps   9541   940.2s
it 10720/11200  reward     nan  ep_len    nan  fell    0  err_xy 0.231  std 0.300  lr 1.0e-04  fps   9463   940.5s
it 10721/11200  reward     nan  ep_len    nan  fell    0  err_xy 0.212  std 0.300  lr 1.0e-04  fps   9400   940.7s
it 10722/11200  reward     nan  ep_len    nan  fell    0  err_xy 0.158  std 0.300  lr 1.0e-04  fps   8876   941.0s
it 10723/11200  reward     nan  ep_len    nan  fell    0  err_xy 0.109  std 0.300  lr 1.0e-04  fps   8893   941.2s
it 10724/11200  reward     nan  ep_len    nan  fell    0  err_xy 0.072  std 0.300  lr 1.0e-04  fps   8782   941.5s
it 10725/11200  reward     nan  ep_len    nan  fell    0  err_xy 0.058  std 0.300  lr 1.0e-04  fps   8685   941.8s
it 10726/11200  reward     nan  ep_len    nan  fell    0  err_xy 0.043  std 0.300  lr 1.0e-04  fps   8743   942.0s
it 10727/11200  reward     nan  ep_len    nan  fell    0  err_xy 0.029  std 0.300  lr 1.0e-04  fps   8825   942.3s
it 10728/11200  reward     nan  ep_len    nan  fell    0  err_xy 0.036  std 0.300  lr 1.0e-04  fps   8807   942.6s
it 10729/11200  reward     nan  ep_len    nan  fell    0  err_xy 0.032  std 0.300  lr 1.0e-04  fps   8798   942.8s
it 10730/11200  reward     nan  ep_len    nan  fell    0  err_xy 0.025  std 0.300  lr 1.0e-04  fps   8916   943.1s
it 10731/11200  reward     nan  ep_len    nan  fell    0  err_xy 0.025  std 0.300  lr 1.0e-04  fps   8940   943.3s
it 10732/11200  reward     nan  ep_len    nan  fell    0  err_xy 0.021  std 0.300  lr 1.0e-04  fps   8946   943.6s
it 10733/11200  reward     nan  ep_len    nan  fell    0  err_xy 0.024  std 0.300  lr 1.0e-04  fps   8920   943.9s
it 10734/11200  reward   81.67  ep_len  400.0  fell    0  err_xy 0.207  std 0.300  lr 1.0e-04  fps   7210   944.2s
it 10735/11200  reward     nan  ep_len    nan  fell    0  err_xy 0.360  std 0.300  lr 1.0e-04  fps   9592   944.4s
it 10736/11200  reward     nan  ep_len    nan  fell    0  err_xy 0.265  std 0.300  lr 1.0e-04  fps   9347   944.7s
it 10737/11200  reward     nan  ep_len    nan  fell    0  err_xy 0.225  std 0.300  lr 1.0e-04  fps   9461   944.9s
it 10738/11200  reward     nan  ep_len    nan  fell    0  err_xy 0.213  std 0.300  lr 1.0e-04  fps   9132   945.2s
it 10739/11200  reward     nan  ep_len    nan  fell    0  err_xy 0.139  std 0.300  lr 1.0e-04  fps   8530   945.4s
it 10740/11200  reward     nan  ep_len    nan  fell    0  err_xy 0.116  std 0.300  lr 1.0e-04  fps   8760   945.7s
it 10741/11200  reward     nan  ep_len    nan  fell    0  err_xy 0.090  std 0.300  lr 1.0e-04  fps   8704   946.0s
it 10742/11200  reward     nan  ep_len    nan  fell    0  err_xy 0.067  std 0.300  lr 1.0e-04  fps   8609   946.2s
it 10743/11200  reward     nan  ep_len    nan  fell    0  err_xy 0.047  std 0.300  lr 1.0e-04  fps   8295   946.5s
it 10744/11200  reward     nan  ep_len    nan  fell    0  err_xy 0.036  std 0.300  lr 1.0e-04  fps   7284   946.8s
it 10745/11200  reward     nan  ep_len    nan  fell    0  err_xy 0.028  std 0.300  lr 1.0e-04  fps   8672   947.1s
it 10746/11200  reward     nan  ep_len    nan  fell    0  err_xy 0.028  std 0.300  lr 1.0e-04  fps   6577   947.4s
it 10747/11200  reward     nan  ep_len    nan  fell    0  err_xy 0.028  std 0.300  lr 1.0e-04  fps   8458   947.7s
it 10748/11200  reward     nan  ep_len    nan  fell    0  err_xy 0.023  std 0.300  lr 1.0e-04  fps   8676   948.0s
it 10749/11200  reward     nan  ep_len    nan  fell    0  err_xy 0.023  std 0.300  lr 1.0e-04  fps   8764   948.2s
it 10750/11200  reward   79.04  ep_len  400.0  fell    0  err_xy 0.019  std 0.300  lr 1.0e-04  fps   6746   948.6s
it 10751/11200  reward     nan  ep_len    nan  fell    0  err_xy 0.303  std 0.300  lr 1.0e-04  fps   8922   948.8s
it 10752/11200  reward     nan  ep_len    nan  fell    0  err_xy 0.340  std 0.300  lr 1.0e-04  fps   9059   949.1s
it 10753/11200  reward     nan  ep_len    nan  fell    0  err_xy 0.239  std 0.300  lr 1.0e-04  fps   9385   949.3s
it 10754/11200  reward     nan  ep_len    nan  fell    0  err_xy 0.214  std 0.300  lr 1.0e-04  fps   9436   949.6s
it 10755/11200  reward     nan  ep_len    nan  fell    0  err_xy 0.219  std 0.300  lr 1.0e-04  fps   9194   949.8s
it 10756/11200  reward     nan  ep_len    nan  fell    0  err_xy 0.118  std 0.300  lr 1.0e-04  fps   8876   950.1s
it 10757/11200  reward     nan  ep_len    nan  fell    0  err_xy 0.081  std 0.300  lr 1.0e-04  fps   8809   950.4s
it 10758/11200  reward     nan  ep_len    nan  fell    0  err_xy 0.052  std 0.300  lr 1.0e-04  fps   8755   950.6s
it 10759/11200  reward     nan  ep_len    nan  fell    0  err_xy 0.037  std 0.300  lr 1.0e-04  fps   8867   950.9s
it 10760/11200  reward     nan  ep_len    nan  fell    0  err_xy 0.032  std 0.300  lr 1.0e-04  fps   8968   951.1s
it 10761/11200  reward     nan  ep_len    nan  fell    0  err_xy 0.021  std 0.300  lr 1.0e-04  fps   8942   951.4s
it 10762/11200  reward     nan  ep_len    nan  fell    0  err_xy 0.018  std 0.300  lr 1.0e-04  fps   9058   951.7s
it 10763/11200  reward     nan  ep_len    nan  fell    0  err_xy 0.017  std 0.300  lr 1.0e-04  fps   9042   951.9s
it 10764/11200  reward     nan  ep_len    nan  fell    0  err_xy 0.017  std 0.300  lr 1.0e-04  fps   9045   952.2s
it 10765/11200  reward     nan  ep_len    nan  fell    0  err_xy 0.018  std 0.300  lr 1.0e-04  fps   8946   952.4s
it 10766/11200  reward     nan  ep_len    nan  fell    0  err_xy 0.016  std 0.299  lr 1.0e-04  fps   8858   952.7s
it 10767/11200  reward   83.15  ep_len  400.0  fell    0  err_xy 0.104  std 0.299  lr 1.0e-04  fps   6965   953.0s
it 10768/11200  reward     nan  ep_len    nan  fell    0  err_xy 0.355  std 0.299  lr 1.0e-04  fps   9359   953.3s
it 10769/11200  reward     nan  ep_len    nan  fell    0  err_xy 0.309  std 0.299  lr 1.0e-04  fps   9474   953.5s
it 10770/11200  reward     nan  ep_len    nan  fell    0  err_xy 0.249  std 0.299  lr 1.0e-04  fps   9497   953.7s
it 10771/11200  reward     nan  ep_len    nan  fell    0  err_xy 0.213  std 0.299  lr 1.0e-04  fps   9444   954.0s
it 10772/11200  reward     nan  ep_len    nan  fell    0  err_xy 0.198  std 0.299  lr 1.0e-04  fps   9315   954.2s
it 10773/11200  reward     nan  ep_len    nan  fell    0  err_xy 0.151  std 0.300  lr 1.0e-04  fps   9119   954.5s
it 10774/11200  reward     nan  ep_len    nan  fell    0  err_xy 0.109  std 0.300  lr 1.0e-04  fps   8995   954.7s
it 10775/11200  reward     nan  ep_len    nan  fell    0  err_xy 0.105  std 0.300  lr 1.0e-04  fps   9022   955.0s
it 10776/11200  reward     nan  ep_len    nan  fell    0  err_xy 0.090  std 0.300  lr 1.0e-04  fps   9054   955.3s
it 10777/11200  reward     nan  ep_len    nan  fell    0  err_xy 0.067  std 0.300  lr 1.0e-04  fps   8528   955.5s
it 10778/11200  reward     nan  ep_len    nan  fell    0  err_xy 0.049  std 0.300  lr 1.0e-04  fps   9024   955.8s
it 10779/11200  reward     nan  ep_len    nan  fell    0  err_xy 0.037  std 0.300  lr 1.0e-04  fps   8441   956.1s
it 10780/11200  reward     nan  ep_len    nan  fell    0  err_xy 0.032  std 0.300  lr 1.0e-04  fps   8963   956.3s
it 10781/11200  reward     nan  ep_len    nan  fell    0  err_xy 0.028  std 0.300  lr 1.0e-04  fps   9025   956.6s
it 10782/11200  reward     nan  ep_len    nan  fell    0  err_xy 0.029  std 0.300  lr 1.0e-04  fps   9059   956.8s
it 10783/11200  reward     nan  ep_len    nan  fell    0  err_xy 0.032  std 0.300  lr 1.0e-04  fps   9057   957.1s
it 10784/11200  reward   74.49  ep_len  400.0  fell    0  err_xy 0.206  std 0.300  lr 1.0e-04  fps   7083   957.4s
it 10785/11200  reward     nan  ep_len    nan  fell    0  err_xy 0.342  std 0.300  lr 1.0e-04  fps   9562   957.6s
it 10786/11200  reward     nan  ep_len    nan  fell    0  err_xy 0.277  std 0.300  lr 1.0e-04  fps   9564   957.9s
it 10787/11200  reward     nan  ep_len    nan  fell    0  err_xy 0.216  std 0.300  lr 1.0e-04  fps   9625   958.1s
it 10788/11200  reward     nan  ep_len    nan  fell    0  err_xy 0.230  std 0.300  lr 1.0e-04  fps   9275   958.4s
it 10789/11200  reward     nan  ep_len    nan  fell    0  err_xy 0.135  std 0.300  lr 1.0e-04  fps   8953   958.6s
it 10790/11200  reward     nan  ep_len    nan  fell    0  err_xy 0.103  std 0.300  lr 1.0e-04  fps   8931   958.9s
it 10791/11200  reward     nan  ep_len    nan  fell    0  err_xy 0.082  std 0.300  lr 1.0e-04  fps   8983   959.1s
it 10792/11200  reward     nan  ep_len    nan  fell    0  err_xy 0.061  std 0.300  lr 1.0e-04  fps   9007   959.4s
it 10793/11200  reward     nan  ep_len    nan  fell    0  err_xy 0.065  std 0.300  lr 1.0e-04  fps   9118   959.7s
it 10794/11200  reward     nan  ep_len    nan  fell    0  err_xy 0.054  std 0.300  lr 1.0e-04  fps   8907   959.9s
it 10795/11200  reward     nan  ep_len    nan  fell    0  err_xy 0.039  std 0.300  lr 1.0e-04  fps   8931   960.2s
it 10796/11200  reward     nan  ep_len    nan  fell    0  err_xy 0.037  std 0.300  lr 1.0e-04  fps   8884   960.4s
it 10797/11200  reward     nan  ep_len    nan  fell    0  err_xy 0.026  std 0.300  lr 1.0e-04  fps   8966   960.7s
it 10798/11200  reward     nan  ep_len    nan  fell    0  err_xy 0.027  std 0.300  lr 1.0e-04  fps   8926   961.0s
it 10799/11200  reward     nan  ep_len    nan  fell    0  err_xy 0.022  std 0.300  lr 1.0e-04  fps   8885   961.2s
it 10800/11200  reward   79.29  ep_len  400.0  fell    0  err_xy 0.019  std 0.300  lr 1.0e-04  fps   6846   961.5s
eval iteration 10800:
  prone          success   0.0%  time 8.00s  peak_τ 0.96 Nm  return 59.18
  supine         success   0.0%  time 8.00s  peak_τ 0.96 Nm  return 81.69
  score 0.000
it 10801/11200  reward     nan  ep_len    nan  fell    0  err_xy 0.303  std 0.300  lr 1.0e-04  fps   9588   963.7s
it 10802/11200  reward     nan  ep_len    nan  fell    0  err_xy 0.322  std 0.300  lr 1.0e-04  fps   9914   964.0s
it 10803/11200  reward     nan  ep_len    nan  fell    0  err_xy 0.230  std 0.300  lr 1.0e-04  fps   9900   964.2s
it 10804/11200  reward     nan  ep_len    nan  fell    0  err_xy 0.221  std 0.300  lr 1.0e-04  fps   9778   964.4s
it 10805/11200  reward     nan  ep_len    nan  fell    0  err_xy 0.205  std 0.300  lr 1.0e-04  fps   9591   964.7s
it 10806/11200  reward     nan  ep_len    nan  fell    0  err_xy 0.154  std 0.300  lr 1.0e-04  fps   9409   964.9s
it 10807/11200  reward     nan  ep_len    nan  fell    0  err_xy 0.116  std 0.300  lr 1.0e-04  fps   9357   965.2s
it 10808/11200  reward     nan  ep_len    nan  fell    0  err_xy 0.089  std 0.300  lr 1.0e-04  fps   9281   965.4s
it 10809/11200  reward     nan  ep_len    nan  fell    0  err_xy 0.064  std 0.300  lr 1.0e-04  fps   9327   965.7s
it 10810/11200  reward     nan  ep_len    nan  fell    0  err_xy 0.050  std 0.300  lr 1.0e-04  fps   9348   965.9s
it 10811/11200  reward     nan  ep_len    nan  fell    0  err_xy 0.042  std 0.300  lr 1.0e-04  fps   9265   966.2s
it 10812/11200  reward     nan  ep_len    nan  fell    0  err_xy 0.035  std 0.300  lr 1.0e-04  fps   9391   966.4s
it 10813/11200  reward     nan  ep_len    nan  fell    0  err_xy 0.036  std 0.300  lr 1.0e-04  fps   9414   966.7s
it 10814/11200  reward     nan  ep_len    nan  fell    0  err_xy 0.036  std 0.300  lr 1.0e-04  fps   9212   966.9s
it 10815/11200  reward     nan  ep_len    nan  fell    0  err_xy 0.029  std 0.300  lr 1.0e-04  fps   9171   967.2s
it 10816/11200  reward     nan  ep_len    nan  fell    0  err_xy 0.029  std 0.300  lr 1.0e-04  fps   9040   967.4s
it 10817/11200  reward   72.16  ep_len  400.0  fell    0  err_xy 0.104  std 0.300  lr 1.0e-04  fps   7370   967.7s
it 10818/11200  reward     nan  ep_len    nan  fell    0  err_xy 0.342  std 0.300  lr 1.0e-04  fps   9864   968.0s
it 10819/11200  reward     nan  ep_len    nan  fell    0  err_xy 0.314  std 0.300  lr 1.0e-04  fps   9925   968.2s
it 10820/11200  reward     nan  ep_len    nan  fell    0  err_xy 0.239  std 0.300  lr 1.0e-04  fps   8711   968.5s
it 10821/11200  reward     nan  ep_len    nan  fell    0  err_xy 0.252  std 0.300  lr 1.0e-04  fps   9462   968.7s
it 10822/11200  reward     nan  ep_len    nan  fell    0  err_xy 0.201  std 0.300  lr 1.0e-04  fps   9611   968.9s
it 10823/11200  reward     nan  ep_len    nan  fell    0  err_xy 0.168  std 0.300  lr 1.0e-04  fps   9337   969.2s
it 10824/11200  reward     nan  ep_len    nan  fell    0  err_xy 0.128  std 0.300  lr 1.0e-04  fps   8975   969.4s
it 10825/11200  reward     nan  ep_len    nan  fell    0  err_xy 0.100  std 0.300  lr 1.0e-04  fps   8559   969.7s
it 10826/11200  reward     nan  ep_len    nan  fell    0  err_xy 0.075  std 0.300  lr 1.0e-04  fps   9087   970.0s
it 10827/11200  reward     nan  ep_len    nan  fell    0  err_xy 0.063  std 0.300  lr 1.0e-04  fps   9260   970.2s
it 10828/11200  reward     nan  ep_len    nan  fell    0  err_xy 0.059  std 0.300  lr 1.0e-04  fps   9126   970.5s
it 10829/11200  reward     nan  ep_len    nan  fell    0  err_xy 0.060  std 0.300  lr 1.0e-04  fps   9118   970.7s
it 10830/11200  reward     nan  ep_len    nan  fell    0  err_xy 0.051  std 0.300  lr 1.0e-04  fps   9088   971.0s
it 10831/11200  reward     nan  ep_len    nan  fell    0  err_xy 0.049  std 0.300  lr 1.0e-04  fps   9061   971.2s
it 10832/11200  reward     nan  ep_len    nan  fell    0  err_xy 0.044  std 0.300  lr 1.0e-04  fps   9009   971.5s
it 10833/11200  reward     nan  ep_len    nan  fell    0  err_xy 0.035  std 0.300  lr 1.0e-04  fps   8972   971.7s
it 10834/11200  reward   68.00  ep_len  400.0  fell    0  err_xy 0.211  std 0.300  lr 1.0e-04  fps   7082   972.1s
it 10835/11200  reward     nan  ep_len    nan  fell    0  err_xy 0.336  std 0.300  lr 1.0e-04  fps   9554   972.3s
it 10836/11200  reward     nan  ep_len    nan  fell    0  err_xy 0.259  std 0.300  lr 1.0e-04  fps   9581   972.6s
it 10837/11200  reward     nan  ep_len    nan  fell    0  err_xy 0.234  std 0.300  lr 1.0e-04  fps   9579   972.8s
it 10838/11200  reward     nan  ep_len    nan  fell    0  err_xy 0.253  std 0.300  lr 1.0e-04  fps   9380   973.0s
it 10839/11200  reward     nan  ep_len    nan  fell    0  err_xy 0.190  std 0.300  lr 1.0e-04  fps   9055   973.3s
it 10840/11200  reward     nan  ep_len    nan  fell    0  err_xy 0.143  std 0.300  lr 1.0e-04  fps   9020   973.6s
it 10841/11200  reward     nan  ep_len    nan  fell    0  err_xy 0.113  std 0.300  lr 1.0e-04  fps   8476   973.8s
it 10842/11200  reward     nan  ep_len    nan  fell    0  err_xy 0.098  std 0.300  lr 1.0e-04  fps   8709   974.1s
it 10843/11200  reward     nan  ep_len    nan  fell    0  err_xy 0.074  std 0.300  lr 1.0e-04  fps   9016   974.3s
it 10844/11200  reward     nan  ep_len    nan  fell    0  err_xy 0.077  std 0.300  lr 1.0e-04  fps   9093   974.6s
it 10845/11200  reward     nan  ep_len    nan  fell    0  err_xy 0.069  std 0.300  lr 1.0e-04  fps   8997   974.9s
it 10846/11200  reward     nan  ep_len    nan  fell    0  err_xy 0.060  std 0.300  lr 1.0e-04  fps   9041   975.1s
it 10847/11200  reward     nan  ep_len    nan  fell    0  err_xy 0.055  std 0.300  lr 1.0e-04  fps   8942   975.4s
it 10848/11200  reward     nan  ep_len    nan  fell    0  err_xy 0.049  std 0.300  lr 1.0e-04  fps   9066   975.6s
it 10849/11200  reward     nan  ep_len    nan  fell    0  err_xy 0.038  std 0.300  lr 1.0e-04  fps   8881   975.9s
it 10850/11200  reward   71.38  ep_len  400.0  fell    0  err_xy 0.038  std 0.300  lr 1.0e-04  fps   7040   976.2s
it 10851/11200  reward     nan  ep_len    nan  fell    0  err_xy 0.335  std 0.300  lr 1.0e-04  fps   9364   976.5s
it 10852/11200  reward     nan  ep_len    nan  fell    0  err_xy 0.330  std 0.300  lr 1.0e-04  fps   9609   976.7s
it 10853/11200  reward     nan  ep_len    nan  fell    0  err_xy 0.230  std 0.300  lr 1.0e-04  fps   9552   976.9s
it 10854/11200  reward     nan  ep_len    nan  fell    0  err_xy 0.241  std 0.300  lr 1.0e-04  fps   9538   977.2s
it 10855/11200  reward     nan  ep_len    nan  fell    0  err_xy 0.224  std 0.300  lr 1.0e-04  fps   9274   977.4s
it 10856/11200  reward     nan  ep_len    nan  fell    0  err_xy 0.160  std 0.300  lr 1.0e-04  fps   9175   977.7s
it 10857/11200  reward     nan  ep_len    nan  fell    0  err_xy 0.129  std 0.300  lr 1.0e-04  fps   8905   977.9s
it 10858/11200  reward     nan  ep_len    nan  fell    0  err_xy 0.104  std 0.300  lr 1.0e-04  fps   8886   978.2s
it 10859/11200  reward     nan  ep_len    nan  fell    0  err_xy 0.087  std 0.300  lr 1.0e-04  fps   8746   978.5s
it 10860/11200  reward     nan  ep_len    nan  fell    0  err_xy 0.065  std 0.300  lr 1.0e-04  fps   8921   978.7s
it 10861/11200  reward     nan  ep_len    nan  fell    0  err_xy 0.040  std 0.300  lr 1.0e-04  fps   8903   979.0s
it 10862/11200  reward     nan  ep_len    nan  fell    0  err_xy 0.038  std 0.300  lr 1.0e-04  fps   8920   979.2s
it 10863/11200  reward     nan  ep_len    nan  fell    0  err_xy 0.036  std 0.300  lr 1.0e-04  fps   8933   979.5s
it 10864/11200  reward     nan  ep_len    nan  fell    0  err_xy 0.028  std 0.300  lr 1.0e-04  fps   9001   979.8s
it 10865/11200  reward     nan  ep_len    nan  fell    0  err_xy 0.022  std 0.300  lr 1.0e-04  fps   8979   980.0s
it 10866/11200  reward     nan  ep_len    nan  fell    0  err_xy 0.024  std 0.300  lr 1.0e-04  fps   8921   980.3s
it 10867/11200  reward   73.45  ep_len  400.0  fell    0  err_xy 0.098  std 0.300  lr 1.0e-04  fps   6825   980.6s
it 10868/11200  reward     nan  ep_len    nan  fell    0  err_xy 0.328  std 0.300  lr 1.0e-04  fps   8571   980.9s
it 10869/11200  reward     nan  ep_len    nan  fell    0  err_xy 0.314  std 0.300  lr 1.0e-04  fps   8329   981.2s
it 10870/11200  reward     nan  ep_len    nan  fell    0  err_xy 0.254  std 0.300  lr 1.0e-04  fps   9105   981.4s
it 10871/11200  reward     nan  ep_len    nan  fell    0  err_xy 0.268  std 0.300  lr 1.0e-04  fps   9335   981.7s
it 10872/11200  reward     nan  ep_len    nan  fell    0  err_xy 0.205  std 0.300  lr 1.0e-04  fps   9142   981.9s
it 10873/11200  reward     nan  ep_len    nan  fell    0  err_xy 0.150  std 0.300  lr 1.0e-04  fps   9027   982.2s
it 10874/11200  reward     nan  ep_len    nan  fell    0  err_xy 0.111  std 0.300  lr 1.0e-04  fps   8139   982.4s
it 10875/11200  reward     nan  ep_len    nan  fell    0  err_xy 0.082  std 0.300  lr 1.0e-04  fps   8790   982.7s
it 10876/11200  reward     nan  ep_len    nan  fell    0  err_xy 0.057  std 0.300  lr 1.0e-04  fps   8825   983.0s
it 10877/11200  reward     nan  ep_len    nan  fell    0  err_xy 0.052  std 0.300  lr 1.0e-04  fps   8920   983.2s
it 10878/11200  reward     nan  ep_len    nan  fell    0  err_xy 0.042  std 0.300  lr 1.0e-04  fps   9035   983.5s
it 10879/11200  reward     nan  ep_len    nan  fell    0  err_xy 0.035  std 0.300  lr 1.0e-04  fps   9008   983.7s
it 10880/11200  reward     nan  ep_len    nan  fell    0  err_xy 0.038  std 0.300  lr 1.0e-04  fps   8972   984.0s
it 10881/11200  reward     nan  ep_len    nan  fell    0  err_xy 0.030  std 0.300  lr 1.0e-04  fps   8974   984.3s
it 10882/11200  reward     nan  ep_len    nan  fell    0  err_xy 0.033  std 0.300  lr 1.0e-04  fps   8994   984.5s
it 10883/11200  reward     nan  ep_len    nan  fell    0  err_xy 0.033  std 0.300  lr 1.0e-04  fps   9068   984.8s
it 10884/11200  reward   73.43  ep_len  400.0  fell    0  err_xy 0.209  std 0.300  lr 1.0e-04  fps   6890   985.1s
it 10885/11200  reward     nan  ep_len    nan  fell    0  err_xy 0.333  std 0.300  lr 1.0e-04  fps   9473   985.3s
it 10886/11200  reward     nan  ep_len    nan  fell    0  err_xy 0.300  std 0.300  lr 1.0e-04  fps   9566   985.6s
it 10887/11200  reward     nan  ep_len    nan  fell    0  err_xy 0.239  std 0.300  lr 1.0e-04  fps   9603   985.8s
it 10888/11200  reward     nan  ep_len    nan  fell    0  err_xy 0.262  std 0.300  lr 1.0e-04  fps   9425   986.1s
it 10889/11200  reward     nan  ep_len    nan  fell    0  err_xy 0.210  std 0.300  lr 1.0e-04  fps   9101   986.3s
it 10890/11200  reward     nan  ep_len    nan  fell    0  err_xy 0.151  std 0.300  lr 1.0e-04  fps   9086   986.6s
it 10891/11200  reward     nan  ep_len    nan  fell    0  err_xy 0.116  std 0.300  lr 1.0e-04  fps   9118   986.8s
it 10892/11200  reward     nan  ep_len    nan  fell    0  err_xy 0.108  std 0.300  lr 1.0e-04  fps   9050   987.1s
it 10893/11200  reward     nan  ep_len    nan  fell    0  err_xy 0.084  std 0.300  lr 1.0e-04  fps   9075   987.3s
it 10894/11200  reward     nan  ep_len    nan  fell    0  err_xy 0.058  std 0.300  lr 1.0e-04  fps   9066   987.6s
it 10895/11200  reward     nan  ep_len    nan  fell    0  err_xy 0.059  std 0.300  lr 1.0e-04  fps   9087   987.8s
it 10896/11200  reward     nan  ep_len    nan  fell    0  err_xy 0.054  std 0.300  lr 1.0e-04  fps   9022   988.1s
it 10897/11200  reward     nan  ep_len    nan  fell    0  err_xy 0.053  std 0.300  lr 1.0e-04  fps   9067   988.4s
it 10898/11200  reward     nan  ep_len    nan  fell    0  err_xy 0.040  std 0.300  lr 1.0e-04  fps   9134   988.6s
it 10899/11200  reward     nan  ep_len    nan  fell    0  err_xy 0.043  std 0.300  lr 1.0e-04  fps   8434   988.9s
it 10900/11200  reward   73.95  ep_len  400.0  fell    0  err_xy 0.031  std 0.300  lr 1.0e-04  fps   7049   989.2s
it 10901/11200  reward     nan  ep_len    nan  fell    0  err_xy 0.300  std 0.300  lr 1.0e-04  fps   9406   989.5s
it 10902/11200  reward     nan  ep_len    nan  fell    0  err_xy 0.326  std 0.300  lr 1.0e-04  fps   9626   989.7s
it 10903/11200  reward     nan  ep_len    nan  fell    0  err_xy 0.239  std 0.300  lr 1.0e-04  fps   8578   990.0s
it 10904/11200  reward     nan  ep_len    nan  fell    0  err_xy 0.260  std 0.300  lr 1.0e-04  fps   9386   990.2s
it 10905/11200  reward     nan  ep_len    nan  fell    0  err_xy 0.248  std 0.300  lr 1.0e-04  fps   9064   990.5s
it 10906/11200  reward     nan  ep_len    nan  fell    0  err_xy 0.186  std 0.300  lr 1.0e-04  fps   9102   990.7s
it 10907/11200  reward     nan  ep_len    nan  fell    0  err_xy 0.128  std 0.300  lr 1.0e-04  fps   8790   991.0s
it 10908/11200  reward     nan  ep_len    nan  fell    0  err_xy 0.094  std 0.300  lr 1.0e-04  fps   8815   991.2s
it 10909/11200  reward     nan  ep_len    nan  fell    0  err_xy 0.079  std 0.300  lr 1.0e-04  fps   8947   991.5s
it 10910/11200  reward     nan  ep_len    nan  fell    0  err_xy 0.068  std 0.300  lr 1.0e-04  fps   8986   991.8s
it 10911/11200  reward     nan  ep_len    nan  fell    0  err_xy 0.043  std 0.300  lr 1.0e-04  fps   8981   992.0s
it 10912/11200  reward     nan  ep_len    nan  fell    0  err_xy 0.026  std 0.300  lr 1.0e-04  fps   8960   992.3s
it 10913/11200  reward     nan  ep_len    nan  fell    0  err_xy 0.030  std 0.300  lr 1.0e-04  fps   9020   992.5s
it 10914/11200  reward     nan  ep_len    nan  fell    0  err_xy 0.024  std 0.300  lr 1.0e-04  fps   9064   992.8s
it 10915/11200  reward     nan  ep_len    nan  fell    0  err_xy 0.022  std 0.300  lr 1.0e-04  fps   8130   993.1s
it 10916/11200  reward     nan  ep_len    nan  fell    0  err_xy 0.026  std 0.300  lr 1.0e-04  fps   8994   993.3s
it 10917/11200  reward   74.49  ep_len  400.0  fell    0  err_xy 0.104  std 0.300  lr 1.0e-04  fps   7157   993.6s
it 10918/11200  reward     nan  ep_len    nan  fell    0  err_xy 0.346  std 0.300  lr 1.0e-04  fps   9404   993.9s
it 10919/11200  reward     nan  ep_len    nan  fell    0  err_xy 0.337  std 0.300  lr 1.0e-04  fps   9502   994.1s
it 10920/11200  reward     nan  ep_len    nan  fell    0  err_xy 0.245  std 0.300  lr 1.0e-04  fps   9594   994.4s
it 10921/11200  reward     nan  ep_len    nan  fell    0  err_xy 0.235  std 0.300  lr 1.0e-04  fps   9418   994.6s
it 10922/11200  reward     nan  ep_len    nan  fell    0  err_xy 0.206  std 0.300  lr 1.0e-04  fps   9210   994.9s
it 10923/11200  reward     nan  ep_len    nan  fell    0  err_xy 0.158  std 0.300  lr 1.0e-04  fps   9153   995.1s
it 10924/11200  reward     nan  ep_len    nan  fell    0  err_xy 0.128  std 0.300  lr 1.0e-04  fps   9013   995.4s
it 10925/11200  reward     nan  ep_len    nan  fell    0  err_xy 0.110  std 0.300  lr 1.0e-04  fps   9083   995.6s
it 10926/11200  reward     nan  ep_len    nan  fell    0  err_xy 0.077  std 0.300  lr 1.0e-04  fps   9083   995.9s
it 10927/11200  reward     nan  ep_len    nan  fell    0  err_xy 0.070  std 0.300  lr 1.0e-04  fps   8979   996.1s
it 10928/11200  reward     nan  ep_len    nan  fell    0  err_xy 0.058  std 0.300  lr 1.0e-04  fps   8961   996.4s
it 10929/11200  reward     nan  ep_len    nan  fell    0  err_xy 0.047  std 0.300  lr 1.0e-04  fps   8986   996.7s
it 10930/11200  reward     nan  ep_len    nan  fell    0  err_xy 0.039  std 0.300  lr 1.0e-04  fps   8951   996.9s
it 10931/11200  reward     nan  ep_len    nan  fell    0  err_xy 0.031  std 0.300  lr 1.0e-04  fps   8997   997.2s
it 10932/11200  reward     nan  ep_len    nan  fell    0  err_xy 0.027  std 0.300  lr 1.0e-04  fps   9021   997.4s
it 10933/11200  reward     nan  ep_len    nan  fell    0  err_xy 0.023  std 0.300  lr 1.0e-04  fps   9018   997.7s
it 10934/11200  reward   71.47  ep_len  400.0  fell    0  err_xy 0.191  std 0.300  lr 1.0e-04  fps   7396   998.0s
it 10935/11200  reward     nan  ep_len    nan  fell    0  err_xy 0.331  std 0.300  lr 1.0e-04  fps   9631   998.2s
it 10936/11200  reward     nan  ep_len    nan  fell    0  err_xy 0.282  std 0.300  lr 1.0e-04  fps   9559   998.5s
it 10937/11200  reward     nan  ep_len    nan  fell    0  err_xy 0.208  std 0.300  lr 1.0e-04  fps   9571   998.7s
it 10938/11200  reward     nan  ep_len    nan  fell    0  err_xy 0.245  std 0.300  lr 1.0e-04  fps   8957   999.0s
it 10939/11200  reward     nan  ep_len    nan  fell    0  err_xy 0.172  std 0.300  lr 1.0e-04  fps   9034   999.2s
it 10940/11200  reward     nan  ep_len    nan  fell    0  err_xy 0.152  std 0.300  lr 1.0e-04  fps   8975   999.5s
it 10941/11200  reward     nan  ep_len    nan  fell    0  err_xy 0.115  std 0.300  lr 1.0e-04  fps   9050   999.7s
it 10942/11200  reward     nan  ep_len    nan  fell    0  err_xy 0.087  std 0.300  lr 1.0e-04  fps   8922  1000.0s
it 10943/11200  reward     nan  ep_len    nan  fell    0  err_xy 0.071  std 0.300  lr 1.0e-04  fps   8909  1000.3s
it 10944/11200  reward     nan  ep_len    nan  fell    0  err_xy 0.062  std 0.300  lr 1.0e-04  fps   8910  1000.5s
it 10945/11200  reward     nan  ep_len    nan  fell    0  err_xy 0.046  std 0.300  lr 1.0e-04  fps   9012  1000.8s
it 10946/11200  reward     nan  ep_len    nan  fell    0  err_xy 0.043  std 0.300  lr 1.0e-04  fps   8904  1001.0s
it 10947/11200  reward     nan  ep_len    nan  fell    0  err_xy 0.034  std 0.300  lr 1.0e-04  fps   9010  1001.3s
it 10948/11200  reward     nan  ep_len    nan  fell    0  err_xy 0.034  std 0.300  lr 1.0e-04  fps   9017  1001.5s
it 10949/11200  reward     nan  ep_len    nan  fell    0  err_xy 0.031  std 0.300  lr 1.0e-04  fps   8981  1001.8s
it 10950/11200  reward   74.32  ep_len  400.0  fell    0  err_xy 0.021  std 0.300  lr 1.0e-04  fps   6806  1002.1s
it 10951/11200  reward     nan  ep_len    nan  fell    0  err_xy 0.315  std 0.300  lr 1.0e-04  fps   9282  1002.4s
it 10952/11200  reward     nan  ep_len    nan  fell    0  err_xy 0.349  std 0.300  lr 1.0e-04  fps   9202  1002.6s
it 10953/11200  reward     nan  ep_len    nan  fell    0  err_xy 0.246  std 0.300  lr 1.0e-04  fps   9136  1002.9s
it 10954/11200  reward     nan  ep_len    nan  fell    0  err_xy 0.235  std 0.300  lr 1.0e-04  fps   9390  1003.1s
it 10955/11200  reward     nan  ep_len    nan  fell    0  err_xy 0.226  std 0.300  lr 1.0e-04  fps   9277  1003.4s
it 10956/11200  reward     nan  ep_len    nan  fell    0  err_xy 0.164  std 0.300  lr 1.0e-04  fps   9154  1003.6s
it 10957/11200  reward     nan  ep_len    nan  fell    0  err_xy 0.149  std 0.300  lr 1.0e-04  fps   9116  1003.9s
it 10958/11200  reward     nan  ep_len    nan  fell    0  err_xy 0.107  std 0.300  lr 1.0e-04  fps   8938  1004.1s
it 10959/11200  reward     nan  ep_len    nan  fell    0  err_xy 0.087  std 0.300  lr 1.0e-04  fps   8961  1004.4s
it 10960/11200  reward     nan  ep_len    nan  fell    0  err_xy 0.073  std 0.300  lr 1.0e-04  fps   9055  1004.7s
it 10961/11200  reward     nan  ep_len    nan  fell    0  err_xy 0.051  std 0.300  lr 1.0e-04  fps   8987  1004.9s
it 10962/11200  reward     nan  ep_len    nan  fell    0  err_xy 0.049  std 0.300  lr 1.0e-04  fps   8976  1005.2s
it 10963/11200  reward     nan  ep_len    nan  fell    0  err_xy 0.044  std 0.300  lr 1.0e-04  fps   8896  1005.4s
it 10964/11200  reward     nan  ep_len    nan  fell    0  err_xy 0.035  std 0.300  lr 1.0e-04  fps   9085  1005.7s
it 10965/11200  reward     nan  ep_len    nan  fell    0  err_xy 0.029  std 0.300  lr 1.0e-04  fps   8971  1005.9s
it 10966/11200  reward     nan  ep_len    nan  fell    0  err_xy 0.021  std 0.300  lr 1.0e-04  fps   8964  1006.2s
it 10967/11200  reward   73.23  ep_len  400.0  fell    0  err_xy 0.099  std 0.300  lr 1.0e-04  fps   7148  1006.5s
it 10968/11200  reward     nan  ep_len    nan  fell    0  err_xy 0.342  std 0.300  lr 1.0e-04  fps   9547  1006.8s
it 10969/11200  reward     nan  ep_len    nan  fell    0  err_xy 0.311  std 0.300  lr 1.0e-04  fps   9616  1007.0s
it 10970/11200  reward     nan  ep_len    nan  fell    0  err_xy 0.240  std 0.300  lr 1.0e-04  fps   9547  1007.2s
it 10971/11200  reward     nan  ep_len    nan  fell    0  err_xy 0.260  std 0.300  lr 1.0e-04  fps   9443  1007.5s
it 10972/11200  reward     nan  ep_len    nan  fell    0  err_xy 0.210  std 0.300  lr 1.0e-04  fps   9391  1007.7s
it 10973/11200  reward     nan  ep_len    nan  fell    0  err_xy 0.185  std 0.300  lr 1.0e-04  fps   9117  1008.0s
it 10974/11200  reward     nan  ep_len    nan  fell    0  err_xy 0.127  std 0.300  lr 1.0e-04  fps   9002  1008.2s
it 10975/11200  reward     nan  ep_len    nan  fell    0  err_xy 0.121  std 0.300  lr 1.0e-04  fps   8422  1008.5s
it 10976/11200  reward     nan  ep_len    nan  fell    0  err_xy 0.091  std 0.300  lr 1.0e-04  fps   8930  1008.8s
it 10977/11200  reward     nan  ep_len    nan  fell    0  err_xy 0.072  std 0.300  lr 1.0e-04  fps   8870  1009.0s
it 10978/11200  reward     nan  ep_len    nan  fell    0  err_xy 0.058  std 0.300  lr 1.0e-04  fps   7734  1009.3s
it 10979/11200  reward     nan  ep_len    nan  fell    0  err_xy 0.052  std 0.300  lr 1.0e-04  fps   8903  1009.6s
it 10980/11200  reward     nan  ep_len    nan  fell    0  err_xy 0.048  std 0.300  lr 1.0e-04  fps   8950  1009.9s
it 10981/11200  reward     nan  ep_len    nan  fell    0  err_xy 0.040  std 0.300  lr 1.0e-04  fps   8996  1010.1s
it 10982/11200  reward     nan  ep_len    nan  fell    0  err_xy 0.030  std 0.300  lr 1.0e-04  fps   9104  1010.4s
it 10983/11200  reward     nan  ep_len    nan  fell    0  err_xy 0.025  std 0.300  lr 1.0e-04  fps   8875  1010.6s
it 10984/11200  reward   70.30  ep_len  400.0  fell    0  err_xy 0.201  std 0.300  lr 1.0e-04  fps   7195  1010.9s
it 10985/11200  reward     nan  ep_len    nan  fell    0  err_xy 0.316  std 0.300  lr 1.0e-04  fps   8740  1011.2s
it 10986/11200  reward     nan  ep_len    nan  fell    0  err_xy 0.279  std 0.300  lr 1.0e-04  fps   9558  1011.4s
it 10987/11200  reward     nan  ep_len    nan  fell    0  err_xy 0.234  std 0.300  lr 1.0e-04  fps   9549  1011.7s
it 10988/11200  reward     nan  ep_len    nan  fell    0  err_xy 0.241  std 0.300  lr 1.0e-04  fps   9397  1011.9s
it 10989/11200  reward     nan  ep_len    nan  fell    0  err_xy 0.171  std 0.300  lr 1.0e-04  fps   9120  1012.2s
it 10990/11200  reward     nan  ep_len    nan  fell    0  err_xy 0.117  std 0.300  lr 1.0e-04  fps   9048  1012.4s
it 10991/11200  reward     nan  ep_len    nan  fell    0  err_xy 0.084  std 0.300  lr 1.0e-04  fps   9079  1012.7s
it 10992/11200  reward     nan  ep_len    nan  fell    0  err_xy 0.058  std 0.300  lr 1.0e-04  fps   8898  1013.0s
it 10993/11200  reward     nan  ep_len    nan  fell    0  err_xy 0.046  std 0.300  lr 1.0e-04  fps   9108  1013.2s
it 10994/11200  reward     nan  ep_len    nan  fell    0  err_xy 0.040  std 0.300  lr 1.0e-04  fps   9049  1013.5s
it 10995/11200  reward     nan  ep_len    nan  fell    0  err_xy 0.036  std 0.300  lr 1.0e-04  fps   9147  1013.7s
it 10996/11200  reward     nan  ep_len    nan  fell    0  err_xy 0.032  std 0.300  lr 1.0e-04  fps   9128  1014.0s
it 10997/11200  reward     nan  ep_len    nan  fell    0  err_xy 0.030  std 0.300  lr 1.0e-04  fps   9075  1014.2s
it 10998/11200  reward     nan  ep_len    nan  fell    0  err_xy 0.029  std 0.300  lr 1.0e-04  fps   9014  1014.5s
it 10999/11200  reward     nan  ep_len    nan  fell    0  err_xy 0.020  std 0.300  lr 1.0e-04  fps   9069  1014.7s
it 11000/11200  reward   77.98  ep_len  400.0  fell    0  err_xy 0.018  std 0.300  lr 1.0e-04  fps   7042  1015.1s
eval iteration 11000:
  prone          success   0.0%  time 8.00s  peak_τ 0.96 Nm  return 79.62
  supine         success   0.0%  time 8.00s  peak_τ 0.95 Nm  return 84.19
  score 0.000
it 11001/11200  reward     nan  ep_len    nan  fell    0  err_xy 0.294  std 0.300  lr 1.0e-04  fps   9688  1017.3s
it 11002/11200  reward     nan  ep_len    nan  fell    0  err_xy 0.299  std 0.300  lr 1.0e-04  fps   7906  1017.5s
it 11003/11200  reward     nan  ep_len    nan  fell    0  err_xy 0.218  std 0.300  lr 1.0e-04  fps   9928  1017.8s
it 11004/11200  reward     nan  ep_len    nan  fell    0  err_xy 0.226  std 0.300  lr 1.0e-04  fps   8850  1018.0s
it 11005/11200  reward     nan  ep_len    nan  fell    0  err_xy 0.204  std 0.300  lr 1.0e-04  fps   9570  1018.3s
it 11006/11200  reward     nan  ep_len    nan  fell    0  err_xy 0.133  std 0.300  lr 1.0e-04  fps   9416  1018.5s
it 11007/11200  reward     nan  ep_len    nan  fell    0  err_xy 0.110  std 0.300  lr 1.0e-04  fps   9492  1018.8s
it 11008/11200  reward     nan  ep_len    nan  fell    0  err_xy 0.089  std 0.300  lr 1.0e-04  fps   9370  1019.0s
it 11009/11200  reward     nan  ep_len    nan  fell    0  err_xy 0.075  std 0.300  lr 1.0e-04  fps   9459  1019.3s
it 11010/11200  reward     nan  ep_len    nan  fell    0  err_xy 0.052  std 0.300  lr 1.0e-04  fps   9448  1019.5s
it 11011/11200  reward     nan  ep_len    nan  fell    0  err_xy 0.040  std 0.300  lr 1.0e-04  fps   9382  1019.7s
it 11012/11200  reward     nan  ep_len    nan  fell    0  err_xy 0.032  std 0.300  lr 1.0e-04  fps   9459  1020.0s
it 11013/11200  reward     nan  ep_len    nan  fell    0  err_xy 0.033  std 0.300  lr 1.0e-04  fps   9510  1020.2s
it 11014/11200  reward     nan  ep_len    nan  fell    0  err_xy 0.025  std 0.300  lr 1.0e-04  fps   9390  1020.5s
it 11015/11200  reward     nan  ep_len    nan  fell    0  err_xy 0.022  std 0.300  lr 1.0e-04  fps   9390  1020.7s
it 11016/11200  reward     nan  ep_len    nan  fell    0  err_xy 0.018  std 0.300  lr 1.0e-04  fps   9418  1021.0s
it 11017/11200  reward   77.49  ep_len  400.0  fell    0  err_xy 0.097  std 0.300  lr 1.0e-04  fps   7225  1021.3s
it 11018/11200  reward     nan  ep_len    nan  fell    0  err_xy 0.343  std 0.300  lr 1.0e-04  fps   9597  1021.5s
it 11019/11200  reward     nan  ep_len    nan  fell    0  err_xy 0.312  std 0.300  lr 1.0e-04  fps   9932  1021.8s
it 11020/11200  reward     nan  ep_len    nan  fell    0  err_xy 0.242  std 0.300  lr 1.0e-04  fps   9566  1022.0s
it 11021/11200  reward     nan  ep_len    nan  fell    0  err_xy 0.230  std 0.300  lr 1.0e-04  fps   9461  1022.2s
it 11022/11200  reward     nan  ep_len    nan  fell    0  err_xy 0.186  std 0.300  lr 1.0e-04  fps   9541  1022.5s
it 11023/11200  reward     nan  ep_len    nan  fell    0  err_xy 0.128  std 0.300  lr 1.0e-04  fps   9343  1022.7s
it 11024/11200  reward     nan  ep_len    nan  fell    0  err_xy 0.093  std 0.300  lr 1.0e-04  fps   9174  1023.0s
it 11025/11200  reward     nan  ep_len    nan  fell    0  err_xy 0.066  std 0.300  lr 1.0e-04  fps   9167  1023.2s
it 11026/11200  reward     nan  ep_len    nan  fell    0  err_xy 0.048  std 0.300  lr 1.0e-04  fps   8950  1023.5s
it 11027/11200  reward     nan  ep_len    nan  fell    0  err_xy 0.055  std 0.300  lr 1.0e-04  fps   8949  1023.8s
it 11028/11200  reward     nan  ep_len    nan  fell    0  err_xy 0.034  std 0.300  lr 1.0e-04  fps   9350  1024.0s
it 11029/11200  reward     nan  ep_len    nan  fell    0  err_xy 0.034  std 0.300  lr 1.0e-04  fps   9299  1024.3s
it 11030/11200  reward     nan  ep_len    nan  fell    0  err_xy 0.030  std 0.300  lr 1.0e-04  fps   9301  1024.5s
it 11031/11200  reward     nan  ep_len    nan  fell    0  err_xy 0.038  std 0.300  lr 1.0e-04  fps   9353  1024.7s
it 11032/11200  reward     nan  ep_len    nan  fell    0  err_xy 0.031  std 0.300  lr 1.0e-04  fps   9241  1025.0s
it 11033/11200  reward     nan  ep_len    nan  fell    0  err_xy 0.026  std 0.300  lr 1.0e-04  fps   9192  1025.2s
it 11034/11200  reward   80.40  ep_len  400.0  fell    0  err_xy 0.235  std 0.300  lr 1.0e-04  fps   7383  1025.6s
it 11035/11200  reward     nan  ep_len    nan  fell    0  err_xy 0.349  std 0.300  lr 1.0e-04  fps   9674  1025.8s
it 11036/11200  reward     nan  ep_len    nan  fell    0  err_xy 0.280  std 0.300  lr 1.0e-04  fps   9667  1026.0s
it 11037/11200  reward     nan  ep_len    nan  fell    0  err_xy 0.238  std 0.300  lr 1.0e-04  fps   9534  1026.3s
it 11038/11200  reward     nan  ep_len    nan  fell    0  err_xy 0.260  std 0.300  lr 1.0e-04  fps   9440  1026.5s
it 11039/11200  reward     nan  ep_len    nan  fell    0  err_xy 0.151  std 0.300  lr 1.0e-04  fps   9140  1026.8s
it 11040/11200  reward     nan  ep_len    nan  fell    0  err_xy 0.112  std 0.300  lr 1.0e-04  fps   8354  1027.1s
it 11041/11200  reward     nan  ep_len    nan  fell    0  err_xy 0.071  std 0.300  lr 1.0e-04  fps   8509  1027.3s
it 11042/11200  reward     nan  ep_len    nan  fell    0  err_xy 0.057  std 0.300  lr 1.0e-04  fps   8845  1027.6s
it 11043/11200  reward     nan  ep_len    nan  fell    0  err_xy 0.049  std 0.300  lr 1.0e-04  fps   9046  1027.8s
it 11044/11200  reward     nan  ep_len    nan  fell    0  err_xy 0.036  std 0.300  lr 1.0e-04  fps   9033  1028.1s
it 11045/11200  reward     nan  ep_len    nan  fell    0  err_xy 0.025  std 0.300  lr 1.0e-04  fps   9089  1028.3s
it 11046/11200  reward     nan  ep_len    nan  fell    0  err_xy 0.026  std 0.300  lr 1.0e-04  fps   9035  1028.6s
it 11047/11200  reward     nan  ep_len    nan  fell    0  err_xy 0.021  std 0.300  lr 1.0e-04  fps   9053  1028.9s
it 11048/11200  reward     nan  ep_len    nan  fell    0  err_xy 0.017  std 0.300  lr 1.0e-04  fps   9050  1029.1s
it 11049/11200  reward     nan  ep_len    nan  fell    0  err_xy 0.016  std 0.300  lr 1.0e-04  fps   9034  1029.4s
it 11050/11200  reward   82.28  ep_len  400.0  fell    0  err_xy 0.016  std 0.300  lr 1.0e-04  fps   7088  1029.7s
it 11051/11200  reward     nan  ep_len    nan  fell    0  err_xy 0.310  std 0.300  lr 1.0e-04  fps   9431  1029.9s
it 11052/11200  reward     nan  ep_len    nan  fell    0  err_xy 0.329  std 0.300  lr 1.0e-04  fps   9607  1030.2s
it 11053/11200  reward     nan  ep_len    nan  fell    0  err_xy 0.222  std 0.300  lr 1.0e-04  fps   9665  1030.4s
it 11054/11200  reward     nan  ep_len    nan  fell    0  err_xy 0.232  std 0.300  lr 1.0e-04  fps   9531  1030.7s
it 11055/11200  reward     nan  ep_len    nan  fell    0  err_xy 0.185  std 0.300  lr 1.0e-04  fps   9323  1030.9s
it 11056/11200  reward     nan  ep_len    nan  fell    0  err_xy 0.116  std 0.300  lr 1.0e-04  fps   9078  1031.2s
it 11057/11200  reward     nan  ep_len    nan  fell    0  err_xy 0.094  std 0.300  lr 1.0e-04  fps   9055  1031.4s
it 11058/11200  reward     nan  ep_len    nan  fell    0  err_xy 0.077  std 0.300  lr 1.0e-04  fps   9090  1031.7s
it 11059/11200  reward     nan  ep_len    nan  fell    0  err_xy 0.068  std 0.300  lr 1.0e-04  fps   9100  1031.9s
it 11060/11200  reward     nan  ep_len    nan  fell    0  err_xy 0.057  std 0.300  lr 1.0e-04  fps   9060  1032.2s
it 11061/11200  reward     nan  ep_len    nan  fell    0  err_xy 0.043  std 0.300  lr 1.0e-04  fps   9142  1032.4s
it 11062/11200  reward     nan  ep_len    nan  fell    0  err_xy 0.046  std 0.300  lr 1.0e-04  fps   9132  1032.7s
it 11063/11200  reward     nan  ep_len    nan  fell    0  err_xy 0.031  std 0.300  lr 1.0e-04  fps   9215  1032.9s
it 11064/11200  reward     nan  ep_len    nan  fell    0  err_xy 0.029  std 0.300  lr 1.0e-04  fps   9151  1033.2s
it 11065/11200  reward     nan  ep_len    nan  fell    0  err_xy 0.030  std 0.300  lr 1.0e-04  fps   9151  1033.4s
it 11066/11200  reward     nan  ep_len    nan  fell    0  err_xy 0.024  std 0.300  lr 1.0e-04  fps   9137  1033.7s
it 11067/11200  reward   73.09  ep_len  400.0  fell    0  err_xy 0.097  std 0.300  lr 1.0e-04  fps   7207  1034.0s
it 11068/11200  reward     nan  ep_len    nan  fell    0  err_xy 0.330  std 0.300  lr 1.0e-04  fps   9562  1034.3s
it 11069/11200  reward     nan  ep_len    nan  fell    0  err_xy 0.306  std 0.300  lr 1.0e-04  fps   9665  1034.5s
it 11070/11200  reward     nan  ep_len    nan  fell    0  err_xy 0.207  std 0.300  lr 1.0e-04  fps   9547  1034.7s
it 11071/11200  reward     nan  ep_len    nan  fell    0  err_xy 0.236  std 0.300  lr 1.0e-04  fps   9494  1035.0s
it 11072/11200  reward     nan  ep_len    nan  fell    0  err_xy 0.197  std 0.300  lr 1.0e-04  fps   9221  1035.2s
it 11073/11200  reward     nan  ep_len    nan  fell    0  err_xy 0.129  std 0.300  lr 1.0e-04  fps   8997  1035.5s
it 11074/11200  reward     nan  ep_len    nan  fell    0  err_xy 0.089  std 0.300  lr 1.0e-04  fps   8889  1035.7s
it 11075/11200  reward     nan  ep_len    nan  fell    0  err_xy 0.063  std 0.300  lr 1.0e-04  fps   8883  1036.0s
it 11076/11200  reward     nan  ep_len    nan  fell    0  err_xy 0.050  std 0.300  lr 1.0e-04  fps   8973  1036.3s
it 11077/11200  reward     nan  ep_len    nan  fell    0  err_xy 0.047  std 0.300  lr 1.0e-04  fps   8958  1036.5s
it 11078/11200  reward     nan  ep_len    nan  fell    0  err_xy 0.040  std 0.300  lr 1.0e-04  fps   9001  1036.8s
it 11079/11200  reward     nan  ep_len    nan  fell    0  err_xy 0.033  std 0.300  lr 1.0e-04  fps   8821  1037.0s
it 11080/11200  reward     nan  ep_len    nan  fell    0  err_xy 0.025  std 0.300  lr 1.0e-04  fps   8951  1037.3s
it 11081/11200  reward     nan  ep_len    nan  fell    0  err_xy 0.025  std 0.300  lr 1.0e-04  fps   8925  1037.5s
it 11082/11200  reward     nan  ep_len    nan  fell    0  err_xy 0.018  std 0.300  lr 1.0e-04  fps   8988  1037.8s
it 11083/11200  reward     nan  ep_len    nan  fell    0  err_xy 0.016  std 0.300  lr 1.0e-04  fps   9017  1038.1s
it 11084/11200  reward   77.35  ep_len  400.0  fell    0  err_xy 0.217  std 0.300  lr 1.0e-04  fps   7346  1038.4s
it 11085/11200  reward     nan  ep_len    nan  fell    0  err_xy 0.376  std 0.300  lr 1.0e-04  fps   9605  1038.6s
it 11086/11200  reward     nan  ep_len    nan  fell    0  err_xy 0.288  std 0.300  lr 1.0e-04  fps   9699  1038.9s
it 11087/11200  reward     nan  ep_len    nan  fell    0  err_xy 0.228  std 0.300  lr 1.0e-04  fps   9624  1039.1s
it 11088/11200  reward     nan  ep_len    nan  fell    0  err_xy 0.236  std 0.300  lr 1.0e-04  fps   9287  1039.3s
it 11089/11200  reward     nan  ep_len    nan  fell    0  err_xy 0.152  std 0.300  lr 1.0e-04  fps   9091  1039.6s
it 11090/11200  reward     nan  ep_len    nan  fell    0  err_xy 0.099  std 0.300  lr 1.0e-04  fps   8948  1039.9s
it 11091/11200  reward     nan  ep_len    nan  fell    0  err_xy 0.083  std 0.300  lr 1.0e-04  fps   8922  1040.1s
it 11092/11200  reward     nan  ep_len    nan  fell    0  err_xy 0.064  std 0.300  lr 1.0e-04  fps   9009  1040.4s
it 11093/11200  reward     nan  ep_len    nan  fell    0  err_xy 0.049  std 0.300  lr 1.0e-04  fps   8930  1040.6s
it 11094/11200  reward     nan  ep_len    nan  fell    0  err_xy 0.035  std 0.300  lr 1.0e-04  fps   8979  1040.9s
it 11095/11200  reward     nan  ep_len    nan  fell    0  err_xy 0.028  std 0.300  lr 1.0e-04  fps   8727  1041.1s
it 11096/11200  reward     nan  ep_len    nan  fell    0  err_xy 0.026  std 0.300  lr 1.0e-04  fps   8934  1041.4s
it 11097/11200  reward     nan  ep_len    nan  fell    0  err_xy 0.020  std 0.300  lr 1.0e-04  fps   8907  1041.7s
it 11098/11200  reward     nan  ep_len    nan  fell    0  err_xy 0.019  std 0.300  lr 1.0e-04  fps   8858  1041.9s
it 11099/11200  reward     nan  ep_len    nan  fell    0  err_xy 0.018  std 0.300  lr 1.0e-04  fps   8852  1042.2s
it 11100/11200  reward   81.14  ep_len  400.0  fell    0  err_xy 0.016  std 0.299  lr 1.0e-04  fps   6953  1042.5s
it 11101/11200  reward     nan  ep_len    nan  fell    0  err_xy 0.338  std 0.299  lr 1.0e-04  fps   9405  1042.8s
it 11102/11200  reward     nan  ep_len    nan  fell    0  err_xy 0.386  std 0.299  lr 1.0e-04  fps   9719  1043.0s
it 11103/11200  reward     nan  ep_len    nan  fell    0  err_xy 0.258  std 0.299  lr 1.0e-04  fps   9453  1043.2s
it 11104/11200  reward     nan  ep_len    nan  fell    0  err_xy 0.232  std 0.300  lr 1.0e-04  fps   9498  1043.5s
it 11105/11200  reward     nan  ep_len    nan  fell    0  err_xy 0.215  std 0.300  lr 1.0e-04  fps   9174  1043.7s
it 11106/11200  reward     nan  ep_len    nan  fell    0  err_xy 0.123  std 0.300  lr 1.0e-04  fps   9000  1044.0s
it 11107/11200  reward     nan  ep_len    nan  fell    0  err_xy 0.084  std 0.300  lr 1.0e-04  fps   8937  1044.3s
it 11108/11200  reward     nan  ep_len    nan  fell    0  err_xy 0.066  std 0.300  lr 1.0e-04  fps   8877  1044.5s
it 11109/11200  reward     nan  ep_len    nan  fell    0  err_xy 0.056  std 0.300  lr 1.0e-04  fps   8983  1044.8s
it 11110/11200  reward     nan  ep_len    nan  fell    0  err_xy 0.051  std 0.300  lr 1.0e-04  fps   7925  1045.1s
it 11111/11200  reward     nan  ep_len    nan  fell    0  err_xy 0.044  std 0.300  lr 1.0e-04  fps   8836  1045.3s
it 11112/11200  reward     nan  ep_len    nan  fell    0  err_xy 0.033  std 0.300  lr 1.0e-04  fps   8937  1045.6s
it 11113/11200  reward     nan  ep_len    nan  fell    0  err_xy 0.025  std 0.300  lr 1.0e-04  fps   8935  1045.8s
it 11114/11200  reward     nan  ep_len    nan  fell    0  err_xy 0.031  std 0.300  lr 1.0e-04  fps   8779  1046.1s
it 11115/11200  reward     nan  ep_len    nan  fell    0  err_xy 0.026  std 0.300  lr 1.0e-04  fps   8786  1046.4s
it 11116/11200  reward     nan  ep_len    nan  fell    0  err_xy 0.021  std 0.300  lr 1.0e-04  fps   8968  1046.6s
it 11117/11200  reward   80.70  ep_len  400.0  fell    0  err_xy 0.101  std 0.300  lr 1.0e-04  fps   6914  1047.0s
it 11118/11200  reward     nan  ep_len    nan  fell    0  err_xy 0.343  std 0.300  lr 1.0e-04  fps   8920  1047.2s
it 11119/11200  reward     nan  ep_len    nan  fell    0  err_xy 0.295  std 0.300  lr 1.0e-04  fps   9647  1047.5s
it 11120/11200  reward     nan  ep_len    nan  fell    0  err_xy 0.238  std 0.300  lr 1.0e-04  fps   9669  1047.7s
it 11121/11200  reward     nan  ep_len    nan  fell    0  err_xy 0.220  std 0.300  lr 1.0e-04  fps   9580  1047.9s
it 11122/11200  reward     nan  ep_len    nan  fell    0  err_xy 0.218  std 0.300  lr 1.0e-04  fps   9322  1048.2s
it 11123/11200  reward     nan  ep_len    nan  fell    0  err_xy 0.153  std 0.300  lr 1.0e-04  fps   9125  1048.4s
it 11124/11200  reward     nan  ep_len    nan  fell    0  err_xy 0.114  std 0.300  lr 1.0e-04  fps   9027  1048.7s
it 11125/11200  reward     nan  ep_len    nan  fell    0  err_xy 0.096  std 0.300  lr 1.0e-04  fps   8963  1048.9s
it 11126/11200  reward     nan  ep_len    nan  fell    0  err_xy 0.070  std 0.300  lr 1.0e-04  fps   8959  1049.2s
it 11127/11200  reward     nan  ep_len    nan  fell    0  err_xy 0.060  std 0.300  lr 1.0e-04  fps   8962  1049.5s
it 11128/11200  reward     nan  ep_len    nan  fell    0  err_xy 0.051  std 0.300  lr 1.0e-04  fps   8848  1049.7s
it 11129/11200  reward     nan  ep_len    nan  fell    0  err_xy 0.032  std 0.300  lr 1.0e-04  fps   8844  1050.0s
it 11130/11200  reward     nan  ep_len    nan  fell    0  err_xy 0.035  std 0.300  lr 1.0e-04  fps   8695  1050.2s
it 11131/11200  reward     nan  ep_len    nan  fell    0  err_xy 0.030  std 0.300  lr 1.0e-04  fps   8764  1050.5s
it 11132/11200  reward     nan  ep_len    nan  fell    0  err_xy 0.030  std 0.300  lr 1.0e-04  fps   8725  1050.8s
it 11133/11200  reward     nan  ep_len    nan  fell    0  err_xy 0.025  std 0.300  lr 1.0e-04  fps   8536  1051.0s
it 11134/11200  reward   72.04  ep_len  400.0  fell    0  err_xy 0.210  std 0.300  lr 1.0e-04  fps   7236  1051.4s
it 11135/11200  reward     nan  ep_len    nan  fell    0  err_xy 0.353  std 0.300  lr 1.0e-04  fps   9632  1051.6s
it 11136/11200  reward     nan  ep_len    nan  fell    0  err_xy 0.261  std 0.300  lr 1.0e-04  fps   9448  1051.8s
it 11137/11200  reward     nan  ep_len    nan  fell    0  err_xy 0.213  std 0.300  lr 1.0e-04  fps   9609  1052.1s
it 11138/11200  reward     nan  ep_len    nan  fell    0  err_xy 0.245  std 0.300  lr 1.0e-04  fps   9358  1052.3s
it 11139/11200  reward     nan  ep_len    nan  fell    0  err_xy 0.172  std 0.300  lr 1.0e-04  fps   8992  1052.6s
it 11140/11200  reward     nan  ep_len    nan  fell    0  err_xy 0.105  std 0.300  lr 1.0e-04  fps   8786  1052.9s
it 11141/11200  reward     nan  ep_len    nan  fell    0  err_xy 0.053  std 0.300  lr 1.0e-04  fps   8618  1053.1s
it 11142/11200  reward     nan  ep_len    nan  fell    0  err_xy 0.039  std 0.300  lr 1.0e-04  fps   8625  1053.4s
it 11143/11200  reward     nan  ep_len    nan  fell    0  err_xy 0.035  std 0.300  lr 1.0e-04  fps   8649  1053.7s
it 11144/11200  reward     nan  ep_len    nan  fell    0  err_xy 0.040  std 0.300  lr 1.0e-04  fps   8646  1053.9s
it 11145/11200  reward     nan  ep_len    nan  fell    0  err_xy 0.030  std 0.300  lr 1.0e-04  fps   8457  1054.2s
it 11146/11200  reward     nan  ep_len    nan  fell    0  err_xy 0.025  std 0.300  lr 1.0e-04  fps   8463  1054.5s
it 11147/11200  reward     nan  ep_len    nan  fell    0  err_xy 0.020  std 0.300  lr 1.0e-04  fps   8454  1054.7s
it 11148/11200  reward     nan  ep_len    nan  fell    0  err_xy 0.017  std 0.300  lr 1.0e-04  fps   8379  1055.0s
it 11149/11200  reward     nan  ep_len    nan  fell    0  err_xy 0.016  std 0.300  lr 1.0e-04  fps   8408  1055.3s
it 11150/11200  reward   80.48  ep_len  400.0  fell    0  err_xy 0.016  std 0.300  lr 1.0e-04  fps   6641  1055.6s
it 11151/11200  reward     nan  ep_len    nan  fell    0  err_xy 0.315  std 0.300  lr 1.0e-04  fps   9372  1055.9s
it 11152/11200  reward     nan  ep_len    nan  fell    0  err_xy 0.332  std 0.300  lr 1.0e-04  fps   9610  1056.1s
it 11153/11200  reward     nan  ep_len    nan  fell    0  err_xy 0.220  std 0.300  lr 1.0e-04  fps   9659  1056.4s
it 11154/11200  reward     nan  ep_len    nan  fell    0  err_xy 0.197  std 0.300  lr 1.0e-04  fps   9557  1056.6s
it 11155/11200  reward     nan  ep_len    nan  fell    0  err_xy 0.227  std 0.300  lr 1.0e-04  fps   9365  1056.8s
it 11156/11200  reward     nan  ep_len    nan  fell    0  err_xy 0.156  std 0.300  lr 1.0e-04  fps   8995  1057.1s
it 11157/11200  reward     nan  ep_len    nan  fell    0  err_xy 0.105  std 0.300  lr 1.0e-04  fps   8854  1057.4s
it 11158/11200  reward     nan  ep_len    nan  fell    0  err_xy 0.087  std 0.300  lr 1.0e-04  fps   8660  1057.6s
it 11159/11200  reward     nan  ep_len    nan  fell    0  err_xy 0.083  std 0.300  lr 1.0e-04  fps   8639  1057.9s
it 11160/11200  reward     nan  ep_len    nan  fell    0  err_xy 0.064  std 0.300  lr 1.0e-04  fps   8491  1058.2s
it 11161/11200  reward     nan  ep_len    nan  fell    0  err_xy 0.048  std 0.300  lr 1.0e-04  fps   8213  1058.5s
it 11162/11200  reward     nan  ep_len    nan  fell    0  err_xy 0.038  std 0.300  lr 1.0e-04  fps   8341  1058.7s
it 11163/11200  reward     nan  ep_len    nan  fell    0  err_xy 0.032  std 0.300  lr 1.0e-04  fps   8154  1059.0s
it 11164/11200  reward     nan  ep_len    nan  fell    0  err_xy 0.032  std 0.300  lr 1.0e-04  fps   7942  1059.3s
it 11165/11200  reward     nan  ep_len    nan  fell    0  err_xy 0.023  std 0.300  lr 1.0e-04  fps   8198  1059.6s
it 11166/11200  reward     nan  ep_len    nan  fell    0  err_xy 0.021  std 0.300  lr 1.0e-04  fps   8234  1059.9s
it 11167/11200  reward   75.45  ep_len  400.0  fell    0  err_xy 0.095  std 0.300  lr 1.0e-04  fps   6679  1060.2s
it 11168/11200  reward     nan  ep_len    nan  fell    0  err_xy 0.351  std 0.300  lr 1.0e-04  fps   9393  1060.5s
it 11169/11200  reward     nan  ep_len    nan  fell    0  err_xy 0.282  std 0.300  lr 1.0e-04  fps   9594  1060.7s
it 11170/11200  reward     nan  ep_len    nan  fell    0  err_xy 0.186  std 0.300  lr 1.0e-04  fps   9521  1060.9s
it 11171/11200  reward     nan  ep_len    nan  fell    0  err_xy 0.215  std 0.300  lr 1.0e-04  fps   9470  1061.2s
it 11172/11200  reward     nan  ep_len    nan  fell    0  err_xy 0.209  std 0.300  lr 1.0e-04  fps   9267  1061.4s
it 11173/11200  reward     nan  ep_len    nan  fell    0  err_xy 0.165  std 0.300  lr 1.0e-04  fps   9100  1061.7s
it 11174/11200  reward     nan  ep_len    nan  fell    0  err_xy 0.127  std 0.300  lr 1.0e-04  fps   8856  1061.9s
it 11175/11200  reward     nan  ep_len    nan  fell    0  err_xy 0.090  std 0.300  lr 1.0e-04  fps   8732  1062.2s
it 11176/11200  reward     nan  ep_len    nan  fell    0  err_xy 0.060  std 0.300  lr 1.0e-04  fps   8471  1062.5s
it 11177/11200  reward     nan  ep_len    nan  fell    0  err_xy 0.046  std 0.300  lr 1.0e-04  fps   8437  1062.8s
it 11178/11200  reward     nan  ep_len    nan  fell    0  err_xy 0.043  std 0.300  lr 1.0e-04  fps   8356  1063.0s
it 11179/11200  reward     nan  ep_len    nan  fell    0  err_xy 0.035  std 0.300  lr 1.0e-04  fps   8299  1063.3s
it 11180/11200  reward     nan  ep_len    nan  fell    0  err_xy 0.028  std 0.300  lr 1.0e-04  fps   8233  1063.6s
it 11181/11200  reward     nan  ep_len    nan  fell    0  err_xy 0.031  std 0.300  lr 1.0e-04  fps   8132  1063.9s
it 11182/11200  reward     nan  ep_len    nan  fell    0  err_xy 0.029  std 0.300  lr 1.0e-04  fps   8153  1064.2s
it 11183/11200  reward     nan  ep_len    nan  fell    0  err_xy 0.025  std 0.300  lr 1.0e-04  fps   8109  1064.4s
it 11184/11200  reward   73.50  ep_len  400.0  fell    0  err_xy 0.192  std 0.300  lr 1.0e-04  fps   6953  1064.8s
it 11185/11200  reward     nan  ep_len    nan  fell    0  err_xy 0.310  std 0.300  lr 1.0e-04  fps   9262  1065.0s
it 11186/11200  reward     nan  ep_len    nan  fell    0  err_xy 0.212  std 0.300  lr 1.0e-04  fps   9383  1065.3s
it 11187/11200  reward     nan  ep_len    nan  fell    0  err_xy 0.192  std 0.300  lr 1.0e-04  fps   9428  1065.5s
it 11188/11200  reward     nan  ep_len    nan  fell    0  err_xy 0.218  std 0.300  lr 1.0e-04  fps   9361  1065.8s
it 11189/11200  reward     nan  ep_len    nan  fell    0  err_xy 0.191  std 0.300  lr 1.0e-04  fps   9044  1066.0s
it 11190/11200  reward     nan  ep_len    nan  fell    0  err_xy 0.149  std 0.300  lr 1.0e-04  fps   8873  1066.3s
it 11191/11200  reward     nan  ep_len    nan  fell    0  err_xy 0.100  std 0.300  lr 1.0e-04  fps   8705  1066.5s
it 11192/11200  reward     nan  ep_len    nan  fell    0  err_xy 0.070  std 0.300  lr 1.0e-04  fps   8613  1066.8s
it 11193/11200  reward     nan  ep_len    nan  fell    0  err_xy 0.067  std 0.300  lr 1.0e-04  fps   8503  1067.1s
it 11194/11200  reward     nan  ep_len    nan  fell    0  err_xy 0.058  std 0.300  lr 1.0e-04  fps   8427  1067.3s
it 11195/11200  reward     nan  ep_len    nan  fell    0  err_xy 0.057  std 0.300  lr 1.0e-04  fps   8493  1067.6s
it 11196/11200  reward     nan  ep_len    nan  fell    0  err_xy 0.051  std 0.300  lr 1.0e-04  fps   8362  1067.9s
it 11197/11200  reward     nan  ep_len    nan  fell    0  err_xy 0.047  std 0.300  lr 1.0e-04  fps   8330  1068.2s
it 11198/11200  reward     nan  ep_len    nan  fell    0  err_xy 0.036  std 0.300  lr 1.0e-04  fps   8266  1068.5s
it 11199/11200  reward     nan  ep_len    nan  fell    0  err_xy 0.026  std 0.300  lr 1.0e-04  fps   8170  1068.7s
it 11200/11200  reward   69.80  ep_len  400.0  fell    0  err_xy 0.023  std 0.300  lr 1.0e-04  fps   6167  1069.1s
eval iteration 11200:
  prone          success   0.0%  time 8.00s  peak_τ 0.96 Nm  return 89.34
  supine         success   0.0%  time 8.00s  peak_τ 0.93 Nm  return 90.99
  score 0.000
best 1: iteration 3400 score 0.000
best 2: iteration 3600 score 0.000
best 3: iteration 3800 score 0.000
policy file robots/microban/policies/getup_discover.nnm = checkpoint of iteration 3400 (score 0.000)
wrote robots/microban/policies/getup_discover.nnm (211530 bytes). last iteration: max |train - deployed| = 9.95e-02
final evaluation of getup_discover.nnm (iteration 3400, deployed int8 network):
  prone          success   0.0%  time 7.00s  peak_τ 0.96 Nm  return 39.95
  supine         success   0.0%  time 7.00s  peak_τ 0.96 Nm  return 18.51
  score 0.000
curves: robots/microban/policies/getup_discover_run/training_curves.png
