resumed from robots/microban/policies/getup_discover_run/getup_discover_it3200.pt at iteration 3200; std 0.400
gesture getup_discover: std [0.4000000059604645, 0.4000000059604645, 0.4000000059604645, 0.25, 0.25, 0.25, 0.25, 0.25, 0.25, 0.4000000059604645, 0.4000000059604645, 0.4000000059604645, 0.25, 0.25, 0.25, 0.25, 0.25, 0.25] (capped), fixed learning rate, qat=off
getup_discover assist start 0.00 N (mass=0.819 kg, stand_head_z=0.294)
/Users/robertonavoni/Desktop/Lavoro/Progetti-2026/Progetti Software/microduck-ap-ppo-sitl/tools/robots/train_velocity.py:830: UserWarning: Converting a tensor with requires_grad=True to a scalar may lead to unexpected behavior.
Consider using tensor.detach() first. (Triggered internally at /Users/runner/work/pytorch/pytorch/torch/csrc/autograd/generated/python_variable_methods.cpp:821.)
  "Policy/mean_std": float(log_std.exp().mean()),
it 3201/7200  reward     nan  ep_len    nan  fell    0  err_xy 0.281  std 0.300  lr 1.0e-04  fps   9112     0.3s
it 3202/7200  reward     nan  ep_len    nan  fell    0  err_xy 0.271  std 0.300  lr 1.0e-04  fps   9990     0.5s
it 3203/7200  reward     nan  ep_len    nan  fell    0  err_xy 0.205  std 0.300  lr 1.0e-04  fps   9931     0.7s
it 3204/7200  reward     nan  ep_len    nan  fell    0  err_xy 0.171  std 0.300  lr 1.0e-04  fps   9882     0.9s
it 3205/7200  reward     nan  ep_len    nan  fell    0  err_xy 0.158  std 0.300  lr 1.0e-04  fps   9856     1.2s
it 3206/7200  reward     nan  ep_len    nan  fell    0  err_xy 0.153  std 0.300  lr 1.0e-04  fps   9712     1.4s
it 3207/7200  reward     nan  ep_len    nan  fell    0  err_xy 0.164  std 0.300  lr 1.0e-04  fps   9694     1.7s
it 3208/7200  reward     nan  ep_len    nan  fell    0  err_xy 0.142  std 0.300  lr 1.0e-04  fps   9400     1.9s
it 3209/7200  reward     nan  ep_len    nan  fell    0  err_xy 0.121  std 0.300  lr 1.0e-04  fps   9466     2.1s
it 3210/7200  reward     nan  ep_len    nan  fell    0  err_xy 0.111  std 0.300  lr 1.0e-04  fps   9406     2.4s
it 3211/7200  reward     nan  ep_len    nan  fell    0  err_xy 0.096  std 0.300  lr 1.0e-04  fps   9038     2.6s
it 3212/7200  reward     nan  ep_len    nan  fell    0  err_xy 0.090  std 0.300  lr 1.0e-04  fps   9534     2.9s
it 3213/7200  reward     nan  ep_len    nan  fell    0  err_xy 0.079  std 0.300  lr 1.0e-04  fps   9502     3.1s
it 3214/7200  reward     nan  ep_len    nan  fell    0  err_xy 0.071  std 0.300  lr 1.0e-04  fps   9470     3.4s
it 3215/7200  reward     nan  ep_len    nan  fell    0  err_xy 0.069  std 0.300  lr 1.0e-04  fps   9380     3.6s
it 3216/7200  reward     nan  ep_len    nan  fell    0  err_xy 0.065  std 0.300  lr 1.0e-04  fps   9456     3.9s
it 3217/7200  reward   29.17  ep_len  400.0  fell    0  err_xy 0.109  std 0.300  lr 1.0e-04  fps   7404     4.2s
it 3218/7200  reward     nan  ep_len    nan  fell    0  err_xy 0.294  std 0.300  lr 1.0e-04  fps   9601     4.4s
it 3219/7200  reward     nan  ep_len    nan  fell    0  err_xy 0.267  std 0.300  lr 1.0e-04  fps   9888     4.7s
it 3220/7200  reward     nan  ep_len    nan  fell    0  err_xy 0.213  std 0.300  lr 1.0e-04  fps   9908     4.9s
it 3221/7200  reward     nan  ep_len    nan  fell    0  err_xy 0.177  std 0.300  lr 1.0e-04  fps   9897     5.1s
it 3222/7200  reward     nan  ep_len    nan  fell    0  err_xy 0.150  std 0.300  lr 1.0e-04  fps   9860     5.4s
it 3223/7200  reward     nan  ep_len    nan  fell    0  err_xy 0.144  std 0.300  lr 1.0e-04  fps   9760     5.6s
it 3224/7200  reward     nan  ep_len    nan  fell    0  err_xy 0.148  std 0.300  lr 1.0e-04  fps   9422     5.8s
it 3225/7200  reward     nan  ep_len    nan  fell    0  err_xy 0.141  std 0.300  lr 1.0e-04  fps   8745     6.1s
it 3226/7200  reward     nan  ep_len    nan  fell    0  err_xy 0.126  std 0.300  lr 1.0e-04  fps   9460     6.3s
it 3227/7200  reward     nan  ep_len    nan  fell    0  err_xy 0.114  std 0.300  lr 1.0e-04  fps   9443     6.6s
it 3228/7200  reward     nan  ep_len    nan  fell    0  err_xy 0.113  std 0.300  lr 1.0e-04  fps   9516     6.8s
it 3229/7200  reward     nan  ep_len    nan  fell    0  err_xy 0.094  std 0.300  lr 1.0e-04  fps   9497     7.1s
it 3230/7200  reward     nan  ep_len    nan  fell    0  err_xy 0.093  std 0.300  lr 1.0e-04  fps   9498     7.3s
it 3231/7200  reward     nan  ep_len    nan  fell    0  err_xy 0.084  std 0.300  lr 1.0e-04  fps   9344     7.6s
it 3232/7200  reward     nan  ep_len    nan  fell    0  err_xy 0.077  std 0.300  lr 1.0e-04  fps   9438     7.8s
it 3233/7200  reward     nan  ep_len    nan  fell    0  err_xy 0.070  std 0.300  lr 1.0e-04  fps   9299     8.1s
it 3234/7200  reward   28.26  ep_len  400.0  fell    0  err_xy 0.194  std 0.300  lr 1.0e-04  fps   7720     8.4s
it 3235/7200  reward     nan  ep_len    nan  fell    0  err_xy 0.283  std 0.300  lr 1.0e-04  fps  10125     8.6s
it 3236/7200  reward     nan  ep_len    nan  fell    0  err_xy 0.250  std 0.300  lr 1.0e-04  fps  10153     8.8s
it 3237/7200  reward     nan  ep_len    nan  fell    0  err_xy 0.199  std 0.300  lr 1.0e-04  fps   9930     9.0s
it 3238/7200  reward     nan  ep_len    nan  fell    0  err_xy 0.177  std 0.300  lr 1.0e-04  fps   9777     9.3s
it 3239/7200  reward     nan  ep_len    nan  fell    0  err_xy 0.168  std 0.300  lr 1.0e-04  fps   9747     9.5s
it 3240/7200  reward     nan  ep_len    nan  fell    0  err_xy 0.170  std 0.300  lr 1.0e-04  fps   9632     9.8s
it 3241/7200  reward     nan  ep_len    nan  fell    0  err_xy 0.161  std 0.300  lr 1.0e-04  fps   9312    10.0s
it 3242/7200  reward     nan  ep_len    nan  fell    0  err_xy 0.150  std 0.300  lr 1.0e-04  fps   9678    10.2s
it 3243/7200  reward     nan  ep_len    nan  fell    0  err_xy 0.133  std 0.300  lr 1.0e-04  fps   9633    10.5s
it 3244/7200  reward     nan  ep_len    nan  fell    0  err_xy 0.118  std 0.300  lr 1.0e-04  fps   9529    10.7s
it 3245/7200  reward     nan  ep_len    nan  fell    0  err_xy 0.097  std 0.300  lr 1.0e-04  fps   9330    11.0s
it 3246/7200  reward     nan  ep_len    nan  fell    0  err_xy 0.082  std 0.300  lr 1.0e-04  fps   9450    11.2s
it 3247/7200  reward     nan  ep_len    nan  fell    0  err_xy 0.080  std 0.300  lr 1.0e-04  fps   9376    11.5s
it 3248/7200  reward     nan  ep_len    nan  fell    0  err_xy 0.080  std 0.300  lr 1.0e-04  fps   8723    11.7s
it 3249/7200  reward     nan  ep_len    nan  fell    0  err_xy 0.068  std 0.300  lr 1.0e-04  fps   8603    12.0s
it 3250/7200  reward   31.86  ep_len  400.0  fell    0  err_xy 0.065  std 0.300  lr 1.0e-04  fps   6982    12.3s
it 3251/7200  reward     nan  ep_len    nan  fell    0  err_xy 0.247  std 0.300  lr 1.0e-04  fps   9199    12.6s
it 3252/7200  reward     nan  ep_len    nan  fell    0  err_xy 0.269  std 0.300  lr 1.0e-04  fps   9909    12.8s
it 3253/7200  reward     nan  ep_len    nan  fell    0  err_xy 0.228  std 0.300  lr 1.0e-04  fps  10027    13.0s
it 3254/7200  reward     nan  ep_len    nan  fell    0  err_xy 0.188  std 0.300  lr 1.0e-04  fps   9964    13.3s
it 3255/7200  reward     nan  ep_len    nan  fell    0  err_xy 0.155  std 0.300  lr 1.0e-04  fps   9876    13.5s
it 3256/7200  reward     nan  ep_len    nan  fell    0  err_xy 0.145  std 0.300  lr 1.0e-04  fps   9832    13.7s
it 3257/7200  reward     nan  ep_len    nan  fell    0  err_xy 0.164  std 0.300  lr 1.0e-04  fps   9774    14.0s
it 3258/7200  reward     nan  ep_len    nan  fell    0  err_xy 0.159  std 0.300  lr 1.0e-04  fps   9893    14.2s
it 3259/7200  reward     nan  ep_len    nan  fell    0  err_xy 0.149  std 0.300  lr 1.0e-04  fps   9862    14.4s
it 3260/7200  reward     nan  ep_len    nan  fell    0  err_xy 0.145  std 0.300  lr 1.0e-04  fps   8922    14.7s
it 3261/7200  reward     nan  ep_len    nan  fell    0  err_xy 0.135  std 0.300  lr 1.0e-04  fps   9698    14.9s
it 3262/7200  reward     nan  ep_len    nan  fell    0  err_xy 0.121  std 0.300  lr 1.0e-04  fps   8208    15.2s
it 3263/7200  reward     nan  ep_len    nan  fell    0  err_xy 0.113  std 0.300  lr 1.0e-04  fps   9298    15.5s
it 3264/7200  reward     nan  ep_len    nan  fell    0  err_xy 0.121  std 0.300  lr 1.0e-04  fps   9553    15.7s
it 3265/7200  reward     nan  ep_len    nan  fell    0  err_xy 0.128  std 0.300  lr 1.0e-04  fps   9697    15.9s
it 3266/7200  reward     nan  ep_len    nan  fell    0  err_xy 0.105  std 0.300  lr 1.0e-04  fps   9652    16.2s
it 3267/7200  reward   22.90  ep_len  400.0  fell    0  err_xy 0.145  std 0.300  lr 1.0e-04  fps   7561    16.5s
it 3268/7200  reward     nan  ep_len    nan  fell    0  err_xy 0.283  std 0.300  lr 1.0e-04  fps  10131    16.7s
it 3269/7200  reward     nan  ep_len    nan  fell    0  err_xy 0.241  std 0.300  lr 1.0e-04  fps   9987    16.9s
it 3270/7200  reward     nan  ep_len    nan  fell    0  err_xy 0.201  std 0.300  lr 1.0e-04  fps   9978    17.2s
it 3271/7200  reward     nan  ep_len    nan  fell    0  err_xy 0.153  std 0.300  lr 1.0e-04  fps   9801    17.4s
it 3272/7200  reward     nan  ep_len    nan  fell    0  err_xy 0.128  std 0.300  lr 1.0e-04  fps   9665    17.7s
it 3273/7200  reward     nan  ep_len    nan  fell    0  err_xy 0.138  std 0.300  lr 1.0e-04  fps   9758    17.9s
it 3274/7200  reward     nan  ep_len    nan  fell    0  err_xy 0.134  std 0.300  lr 1.0e-04  fps   9790    18.1s
it 3275/7200  reward     nan  ep_len    nan  fell    0  err_xy 0.139  std 0.300  lr 1.0e-04  fps   9618    18.4s
it 3276/7200  reward     nan  ep_len    nan  fell    0  err_xy 0.124  std 0.300  lr 1.0e-04  fps   9758    18.6s
it 3277/7200  reward     nan  ep_len    nan  fell    0  err_xy 0.121  std 0.300  lr 1.0e-04  fps   9616    18.8s
it 3278/7200  reward     nan  ep_len    nan  fell    0  err_xy 0.114  std 0.300  lr 1.0e-04  fps   9584    19.1s
it 3279/7200  reward     nan  ep_len    nan  fell    0  err_xy 0.106  std 0.300  lr 1.0e-04  fps   9496    19.3s
it 3280/7200  reward     nan  ep_len    nan  fell    0  err_xy 0.082  std 0.300  lr 1.0e-04  fps   9360    19.6s
it 3281/7200  reward     nan  ep_len    nan  fell    0  err_xy 0.074  std 0.300  lr 1.0e-04  fps   9125    19.8s
it 3282/7200  reward     nan  ep_len    nan  fell    0  err_xy 0.062  std 0.300  lr 1.0e-04  fps   9019    20.1s
it 3283/7200  reward     nan  ep_len    nan  fell    0  err_xy 0.061  std 0.300  lr 1.0e-04  fps   8900    20.3s
it 3284/7200  reward   28.44  ep_len  400.0  fell    0  err_xy 0.197  std 0.300  lr 1.0e-04  fps   7541    20.6s
it 3285/7200  reward     nan  ep_len    nan  fell    0  err_xy 0.294  std 0.300  lr 1.0e-04  fps  10171    20.9s
it 3286/7200  reward     nan  ep_len    nan  fell    0  err_xy 0.243  std 0.300  lr 1.0e-04  fps  10131    21.1s
it 3287/7200  reward     nan  ep_len    nan  fell    0  err_xy 0.206  std 0.300  lr 1.0e-04  fps  10005    21.3s
it 3288/7200  reward     nan  ep_len    nan  fell    0  err_xy 0.164  std 0.300  lr 1.0e-04  fps   9952    21.6s
it 3289/7200  reward     nan  ep_len    nan  fell    0  err_xy 0.140  std 0.300  lr 1.0e-04  fps   9759    21.8s
it 3290/7200  reward     nan  ep_len    nan  fell    0  err_xy 0.139  std 0.300  lr 1.0e-04  fps   9747    22.0s
it 3291/7200  reward     nan  ep_len    nan  fell    0  err_xy 0.124  std 0.300  lr 1.0e-04  fps   9673    22.3s
it 3292/7200  reward     nan  ep_len    nan  fell    0  err_xy 0.119  std 0.300  lr 1.0e-04  fps   9631    22.5s
it 3293/7200  reward     nan  ep_len    nan  fell    0  err_xy 0.124  std 0.300  lr 1.0e-04  fps   9574    22.8s
it 3294/7200  reward     nan  ep_len    nan  fell    0  err_xy 0.116  std 0.300  lr 1.0e-04  fps   9324    23.0s
it 3295/7200  reward     nan  ep_len    nan  fell    0  err_xy 0.120  std 0.300  lr 1.0e-04  fps   8190    23.3s
it 3296/7200  reward     nan  ep_len    nan  fell    0  err_xy 0.110  std 0.300  lr 1.0e-04  fps   9563    23.5s
it 3297/7200  reward     nan  ep_len    nan  fell    0  err_xy 0.100  std 0.300  lr 1.0e-04  fps   9490    23.8s
it 3298/7200  reward     nan  ep_len    nan  fell    0  err_xy 0.097  std 0.300  lr 1.0e-04  fps   9367    24.0s
it 3299/7200  reward     nan  ep_len    nan  fell    0  err_xy 0.084  std 0.300  lr 1.0e-04  fps   9437    24.3s
it 3300/7200  reward   27.47  ep_len  400.0  fell    0  err_xy 0.076  std 0.300  lr 1.0e-04  fps   7209    24.6s
it 3301/7200  reward     nan  ep_len    nan  fell    0  err_xy 0.269  std 0.300  lr 1.0e-04  fps   9992    24.8s
it 3302/7200  reward     nan  ep_len    nan  fell    0  err_xy 0.281  std 0.300  lr 1.0e-04  fps  10034    25.0s
it 3303/7200  reward     nan  ep_len    nan  fell    0  err_xy 0.242  std 0.300  lr 1.0e-04  fps  10018    25.3s
it 3304/7200  reward     nan  ep_len    nan  fell    0  err_xy 0.180  std 0.300  lr 1.0e-04  fps   9921    25.5s
it 3305/7200  reward     nan  ep_len    nan  fell    0  err_xy 0.147  std 0.300  lr 1.0e-04  fps   9780    25.7s
it 3306/7200  reward     nan  ep_len    nan  fell    0  err_xy 0.132  std 0.300  lr 1.0e-04  fps   9539    26.0s
it 3307/7200  reward     nan  ep_len    nan  fell    0  err_xy 0.124  std 0.300  lr 1.0e-04  fps   9248    26.2s
it 3308/7200  reward     nan  ep_len    nan  fell    0  err_xy 0.116  std 0.300  lr 1.0e-04  fps   9186    26.5s
it 3309/7200  reward     nan  ep_len    nan  fell    0  err_xy 0.101  std 0.300  lr 1.0e-04  fps   9641    26.7s
it 3310/7200  reward     nan  ep_len    nan  fell    0  err_xy 0.105  std 0.300  lr 1.0e-04  fps   9546    27.0s
it 3311/7200  reward     nan  ep_len    nan  fell    0  err_xy 0.102  std 0.300  lr 1.0e-04  fps   9624    27.2s
it 3312/7200  reward     nan  ep_len    nan  fell    0  err_xy 0.087  std 0.300  lr 1.0e-04  fps   9234    27.4s
it 3313/7200  reward     nan  ep_len    nan  fell    0  err_xy 0.083  std 0.300  lr 1.0e-04  fps   8914    27.7s
it 3314/7200  reward     nan  ep_len    nan  fell    0  err_xy 0.083  std 0.300  lr 1.0e-04  fps   9049    28.0s
it 3315/7200  reward     nan  ep_len    nan  fell    0  err_xy 0.081  std 0.300  lr 1.0e-04  fps   8981    28.2s
it 3316/7200  reward     nan  ep_len    nan  fell    0  err_xy 0.076  std 0.300  lr 1.0e-04  fps   9130    28.5s
it 3317/7200  reward   31.13  ep_len  400.0  fell    0  err_xy 0.120  std 0.300  lr 1.0e-04  fps   7329    28.8s
it 3318/7200  reward     nan  ep_len    nan  fell    0  err_xy 0.292  std 0.300  lr 1.0e-04  fps   9953    29.0s
it 3319/7200  reward     nan  ep_len    nan  fell    0  err_xy 0.251  std 0.300  lr 1.0e-04  fps  10021    29.2s
it 3320/7200  reward     nan  ep_len    nan  fell    0  err_xy 0.200  std 0.300  lr 1.0e-04  fps   9995    29.5s
it 3321/7200  reward     nan  ep_len    nan  fell    0  err_xy 0.157  std 0.300  lr 1.0e-04  fps   9734    29.7s
it 3322/7200  reward     nan  ep_len    nan  fell    0  err_xy 0.141  std 0.300  lr 1.0e-04  fps   9818    30.0s
it 3323/7200  reward     nan  ep_len    nan  fell    0  err_xy 0.127  std 0.300  lr 1.0e-04  fps   9782    30.2s
it 3324/7200  reward     nan  ep_len    nan  fell    0  err_xy 0.130  std 0.300  lr 1.0e-04  fps   9622    30.4s
it 3325/7200  reward     nan  ep_len    nan  fell    0  err_xy 0.109  std 0.300  lr 1.0e-04  fps   9436    30.7s
it 3326/7200  reward     nan  ep_len    nan  fell    0  err_xy 0.111  std 0.300  lr 1.0e-04  fps   9433    30.9s
it 3327/7200  reward     nan  ep_len    nan  fell    0  err_xy 0.103  std 0.300  lr 1.0e-04  fps   9136    31.2s
it 3328/7200  reward     nan  ep_len    nan  fell    0  err_xy 0.098  std 0.300  lr 1.0e-04  fps   8967    31.4s
it 3329/7200  reward     nan  ep_len    nan  fell    0  err_xy 0.091  std 0.300  lr 1.0e-04  fps   9375    31.7s
it 3330/7200  reward     nan  ep_len    nan  fell    0  err_xy 0.089  std 0.300  lr 1.0e-04  fps   9159    31.9s
it 3331/7200  reward     nan  ep_len    nan  fell    0  err_xy 0.089  std 0.300  lr 1.0e-04  fps   9379    32.2s
it 3332/7200  reward     nan  ep_len    nan  fell    0  err_xy 0.082  std 0.300  lr 1.0e-04  fps   9241    32.4s
it 3333/7200  reward     nan  ep_len    nan  fell    0  err_xy 0.080  std 0.300  lr 1.0e-04  fps   9214    32.7s
it 3334/7200  reward   31.21  ep_len  400.0  fell    0  err_xy 0.197  std 0.300  lr 1.0e-04  fps   7430    33.0s
it 3335/7200  reward     nan  ep_len    nan  fell    0  err_xy 0.290  std 0.300  lr 1.0e-04  fps  10005    33.2s
it 3336/7200  reward     nan  ep_len    nan  fell    0  err_xy 0.223  std 0.300  lr 1.0e-04  fps   9975    33.4s
it 3337/7200  reward     nan  ep_len    nan  fell    0  err_xy 0.167  std 0.300  lr 1.0e-04  fps   9881    33.7s
it 3338/7200  reward     nan  ep_len    nan  fell    0  err_xy 0.143  std 0.300  lr 1.0e-04  fps   9884    33.9s
it 3339/7200  reward     nan  ep_len    nan  fell    0  err_xy 0.135  std 0.300  lr 1.0e-04  fps   9852    34.1s
it 3340/7200  reward     nan  ep_len    nan  fell    0  err_xy 0.127  std 0.300  lr 1.0e-04  fps   9639    34.4s
it 3341/7200  reward     nan  ep_len    nan  fell    0  err_xy 0.125  std 0.300  lr 1.0e-04  fps   9734    34.6s
it 3342/7200  reward     nan  ep_len    nan  fell    0  err_xy 0.115  std 0.300  lr 1.0e-04  fps   9664    34.9s
it 3343/7200  reward     nan  ep_len    nan  fell    0  err_xy 0.105  std 0.300  lr 1.0e-04  fps   9419    35.1s
it 3344/7200  reward     nan  ep_len    nan  fell    0  err_xy 0.099  std 0.300  lr 1.0e-04  fps   9565    35.3s
it 3345/7200  reward     nan  ep_len    nan  fell    0  err_xy 0.092  std 0.300  lr 1.0e-04  fps   9458    35.6s
it 3346/7200  reward     nan  ep_len    nan  fell    0  err_xy 0.079  std 0.300  lr 1.0e-04  fps   9348    35.8s
it 3347/7200  reward     nan  ep_len    nan  fell    0  err_xy 0.081  std 0.300  lr 1.0e-04  fps   9234    36.1s
it 3348/7200  reward     nan  ep_len    nan  fell    0  err_xy 0.071  std 0.300  lr 1.0e-04  fps   9213    36.3s
it 3349/7200  reward     nan  ep_len    nan  fell    0  err_xy 0.073  std 0.300  lr 1.0e-04  fps   9279    36.6s
it 3350/7200  reward   30.03  ep_len  400.0  fell    0  err_xy 0.072  std 0.300  lr 1.0e-04  fps   6893    36.9s
it 3351/7200  reward     nan  ep_len    nan  fell    0  err_xy 0.248  std 0.300  lr 1.0e-04  fps   9807    37.2s
it 3352/7200  reward     nan  ep_len    nan  fell    0  err_xy 0.266  std 0.300  lr 1.0e-04  fps   9973    37.4s
it 3353/7200  reward     nan  ep_len    nan  fell    0  err_xy 0.224  std 0.300  lr 1.0e-04  fps   9849    37.6s
it 3354/7200  reward     nan  ep_len    nan  fell    0  err_xy 0.163  std 0.300  lr 1.0e-04  fps   9851    37.9s
it 3355/7200  reward     nan  ep_len    nan  fell    0  err_xy 0.158  std 0.300  lr 1.0e-04  fps   9794    38.1s
it 3356/7200  reward     nan  ep_len    nan  fell    0  err_xy 0.140  std 0.300  lr 1.0e-04  fps   9727    38.3s
it 3357/7200  reward     nan  ep_len    nan  fell    0  err_xy 0.130  std 0.300  lr 1.0e-04  fps   9613    38.6s
it 3358/7200  reward     nan  ep_len    nan  fell    0  err_xy 0.119  std 0.300  lr 1.0e-04  fps   9545    38.8s
it 3359/7200  reward     nan  ep_len    nan  fell    0  err_xy 0.117  std 0.300  lr 1.0e-04  fps   9457    39.1s
it 3360/7200  reward     nan  ep_len    nan  fell    0  err_xy 0.106  std 0.300  lr 1.0e-04  fps   9253    39.3s
it 3361/7200  reward     nan  ep_len    nan  fell    0  err_xy 0.102  std 0.300  lr 1.0e-04  fps   9308    39.5s
it 3362/7200  reward     nan  ep_len    nan  fell    0  err_xy 0.092  std 0.300  lr 1.0e-04  fps   9393    39.8s
it 3363/7200  reward     nan  ep_len    nan  fell    0  err_xy 0.089  std 0.300  lr 1.0e-04  fps   9188    40.0s
it 3364/7200  reward     nan  ep_len    nan  fell    0  err_xy 0.076  std 0.300  lr 1.0e-04  fps   9028    40.3s
it 3365/7200  reward     nan  ep_len    nan  fell    0  err_xy 0.077  std 0.300  lr 1.0e-04  fps   9000    40.6s
it 3366/7200  reward     nan  ep_len    nan  fell    0  err_xy 0.072  std 0.300  lr 1.0e-04  fps   8002    40.8s
it 3367/7200  reward   34.70  ep_len  400.0  fell    0  err_xy 0.113  std 0.300  lr 1.0e-04  fps   6998    41.2s
it 3368/7200  reward     nan  ep_len    nan  fell    0  err_xy 0.263  std 0.300  lr 1.0e-04  fps   9930    41.4s
it 3369/7200  reward     nan  ep_len    nan  fell    0  err_xy 0.243  std 0.300  lr 1.0e-04  fps  10011    41.6s
it 3370/7200  reward     nan  ep_len    nan  fell    0  err_xy 0.181  std 0.300  lr 1.0e-04  fps   9841    41.9s
it 3371/7200  reward     nan  ep_len    nan  fell    0  err_xy 0.149  std 0.300  lr 1.0e-04  fps   9720    42.1s
it 3372/7200  reward     nan  ep_len    nan  fell    0  err_xy 0.127  std 0.300  lr 1.0e-04  fps   9649    42.3s
it 3373/7200  reward     nan  ep_len    nan  fell    0  err_xy 0.108  std 0.300  lr 1.0e-04  fps   9699    42.6s
it 3374/7200  reward     nan  ep_len    nan  fell    0  err_xy 0.107  std 0.300  lr 1.0e-04  fps   9492    42.8s
it 3375/7200  reward     nan  ep_len    nan  fell    0  err_xy 0.109  std 0.300  lr 1.0e-04  fps   9521    43.1s
it 3376/7200  reward     nan  ep_len    nan  fell    0  err_xy 0.101  std 0.300  lr 1.0e-04  fps   9229    43.3s
it 3377/7200  reward     nan  ep_len    nan  fell    0  err_xy 0.095  std 0.300  lr 1.0e-04  fps   9326    43.6s
it 3378/7200  reward     nan  ep_len    nan  fell    0  err_xy 0.074  std 0.300  lr 1.0e-04  fps   9106    43.8s
it 3379/7200  reward     nan  ep_len    nan  fell    0  err_xy 0.065  std 0.300  lr 1.0e-04  fps   9005    44.1s
it 3380/7200  reward     nan  ep_len    nan  fell    0  err_xy 0.059  std 0.300  lr 1.0e-04  fps   8846    44.3s
it 3381/7200  reward     nan  ep_len    nan  fell    0  err_xy 0.054  std 0.300  lr 1.0e-04  fps   8853    44.6s
it 3382/7200  reward     nan  ep_len    nan  fell    0  err_xy 0.056  std 0.300  lr 1.0e-04  fps   8742    44.9s
it 3383/7200  reward     nan  ep_len    nan  fell    0  err_xy 0.054  std 0.300  lr 1.0e-04  fps   8650    45.1s
it 3384/7200  reward   38.03  ep_len  400.0  fell    0  err_xy 0.182  std 0.300  lr 1.0e-04  fps   7280    45.4s
it 3385/7200  reward     nan  ep_len    nan  fell    0  err_xy 0.266  std 0.300  lr 1.0e-04  fps   9888    45.7s
it 3386/7200  reward     nan  ep_len    nan  fell    0  err_xy 0.244  std 0.300  lr 1.0e-04  fps   9649    45.9s
it 3387/7200  reward     nan  ep_len    nan  fell    0  err_xy 0.182  std 0.300  lr 1.0e-04  fps   9320    46.2s
it 3388/7200  reward     nan  ep_len    nan  fell    0  err_xy 0.151  std 0.300  lr 1.0e-04  fps   9676    46.4s
it 3389/7200  reward     nan  ep_len    nan  fell    0  err_xy 0.136  std 0.300  lr 1.0e-04  fps   9619    46.6s
it 3390/7200  reward     nan  ep_len    nan  fell    0  err_xy 0.127  std 0.300  lr 1.0e-04  fps   9622    46.9s
it 3391/7200  reward     nan  ep_len    nan  fell    0  err_xy 0.124  std 0.300  lr 1.0e-04  fps   9589    47.1s
it 3392/7200  reward     nan  ep_len    nan  fell    0  err_xy 0.110  std 0.300  lr 1.0e-04  fps   9288    47.4s
it 3393/7200  reward     nan  ep_len    nan  fell    0  err_xy 0.094  std 0.300  lr 1.0e-04  fps   9318    47.6s
it 3394/7200  reward     nan  ep_len    nan  fell    0  err_xy 0.094  std 0.300  lr 1.0e-04  fps   9205    47.9s
it 3395/7200  reward     nan  ep_len    nan  fell    0  err_xy 0.077  std 0.300  lr 1.0e-04  fps   9023    48.1s
it 3396/7200  reward     nan  ep_len    nan  fell    0  err_xy 0.072  std 0.300  lr 1.0e-04  fps   8969    48.4s
it 3397/7200  reward     nan  ep_len    nan  fell    0  err_xy 0.064  std 0.300  lr 1.0e-04  fps   9048    48.6s
it 3398/7200  reward     nan  ep_len    nan  fell    0  err_xy 0.065  std 0.300  lr 1.0e-04  fps   8908    48.9s
it 3399/7200  reward     nan  ep_len    nan  fell    0  err_xy 0.059  std 0.300  lr 1.0e-04  fps   8831    49.2s
it 3400/7200  reward   37.06  ep_len  400.0  fell    0  err_xy 0.053  std 0.300  lr 1.0e-04  fps   6917    49.5s
eval iteration 3400:
  prone          success   0.0%  time 8.00s  peak_τ 0.96 Nm  return 44.42
  supine         success   0.0%  time 8.00s  peak_τ 0.96 Nm  return 22.58
  score 0.000
it 3401/7200  reward     nan  ep_len    nan  fell    0  err_xy 0.254  std 0.300  lr 1.0e-04  fps   9921    51.6s
it 3402/7200  reward     nan  ep_len    nan  fell    0  err_xy 0.293  std 0.300  lr 1.0e-04  fps  10090    51.9s
it 3403/7200  reward     nan  ep_len    nan  fell    0  err_xy 0.238  std 0.300  lr 1.0e-04  fps   9965    52.1s
it 3404/7200  reward     nan  ep_len    nan  fell    0  err_xy 0.186  std 0.300  lr 1.0e-04  fps   9848    52.3s
it 3405/7200  reward     nan  ep_len    nan  fell    0  err_xy 0.163  std 0.300  lr 1.0e-04  fps   9823    52.6s
it 3406/7200  reward     nan  ep_len    nan  fell    0  err_xy 0.147  std 0.300  lr 1.0e-04  fps   9737    52.8s
it 3407/7200  reward     nan  ep_len    nan  fell    0  err_xy 0.136  std 0.300  lr 1.0e-04  fps   9463    53.1s
it 3408/7200  reward     nan  ep_len    nan  fell    0  err_xy 0.117  std 0.300  lr 1.0e-04  fps   9398    53.3s
it 3409/7200  reward     nan  ep_len    nan  fell    0  err_xy 0.109  std 0.300  lr 1.0e-04  fps   9377    53.5s
it 3410/7200  reward     nan  ep_len    nan  fell    0  err_xy 0.103  std 0.300  lr 1.0e-04  fps   9244    53.8s
it 3411/7200  reward     nan  ep_len    nan  fell    0  err_xy 0.091  std 0.300  lr 1.0e-04  fps   9105    54.1s
it 3412/7200  reward     nan  ep_len    nan  fell    0  err_xy 0.086  std 0.300  lr 1.0e-04  fps   9183    54.3s
it 3413/7200  reward     nan  ep_len    nan  fell    0  err_xy 0.079  std 0.300  lr 1.0e-04  fps   9028    54.6s
it 3414/7200  reward     nan  ep_len    nan  fell    0  err_xy 0.068  std 0.300  lr 1.0e-04  fps   8999    54.8s
it 3415/7200  reward     nan  ep_len    nan  fell    0  err_xy 0.070  std 0.300  lr 1.0e-04  fps   8964    55.1s
it 3416/7200  reward     nan  ep_len    nan  fell    0  err_xy 0.063  std 0.300  lr 1.0e-04  fps   8814    55.3s
it 3417/7200  reward   38.27  ep_len  400.0  fell    0  err_xy 0.113  std 0.300  lr 1.0e-04  fps   7144    55.7s
it 3418/7200  reward     nan  ep_len    nan  fell    0  err_xy 0.295  std 0.300  lr 1.0e-04  fps   9915    55.9s
it 3419/7200  reward     nan  ep_len    nan  fell    0  err_xy 0.279  std 0.300  lr 1.0e-04  fps   9818    56.1s
it 3420/7200  reward     nan  ep_len    nan  fell    0  err_xy 0.201  std 0.300  lr 1.0e-04  fps   9703    56.4s
it 3421/7200  reward     nan  ep_len    nan  fell    0  err_xy 0.165  std 0.300  lr 1.0e-04  fps   9619    56.6s
it 3422/7200  reward     nan  ep_len    nan  fell    0  err_xy 0.158  std 0.300  lr 1.0e-04  fps   9378    56.8s
it 3423/7200  reward     nan  ep_len    nan  fell    0  err_xy 0.149  std 0.300  lr 1.0e-04  fps   9633    57.1s
it 3424/7200  reward     nan  ep_len    nan  fell    0  err_xy 0.126  std 0.300  lr 1.0e-04  fps   9498    57.3s
it 3425/7200  reward     nan  ep_len    nan  fell    0  err_xy 0.119  std 0.300  lr 1.0e-04  fps   9381    57.6s
it 3426/7200  reward     nan  ep_len    nan  fell    0  err_xy 0.094  std 0.300  lr 1.0e-04  fps   9208    57.8s
it 3427/7200  reward     nan  ep_len    nan  fell    0  err_xy 0.096  std 0.300  lr 1.0e-04  fps   9196    58.1s
it 3428/7200  reward     nan  ep_len    nan  fell    0  err_xy 0.089  std 0.300  lr 1.0e-04  fps   9021    58.3s
it 3429/7200  reward     nan  ep_len    nan  fell    0  err_xy 0.078  std 0.300  lr 1.0e-04  fps   8916    58.6s
it 3430/7200  reward     nan  ep_len    nan  fell    0  err_xy 0.067  std 0.300  lr 1.0e-04  fps   8580    58.9s
it 3431/7200  reward     nan  ep_len    nan  fell    0  err_xy 0.066  std 0.300  lr 1.0e-04  fps   8385    59.1s
it 3432/7200  reward     nan  ep_len    nan  fell    0  err_xy 0.059  std 0.300  lr 1.0e-04  fps   8745    59.4s
it 3433/7200  reward     nan  ep_len    nan  fell    0  err_xy 0.058  std 0.300  lr 1.0e-04  fps   8857    59.7s
it 3434/7200  reward   39.01  ep_len  400.0  fell    0  err_xy 0.189  std 0.300  lr 1.0e-04  fps   7175    60.0s
it 3435/7200  reward     nan  ep_len    nan  fell    0  err_xy 0.290  std 0.300  lr 1.0e-04  fps   9965    60.2s
it 3436/7200  reward     nan  ep_len    nan  fell    0  err_xy 0.223  std 0.300  lr 1.0e-04  fps   9839    60.4s
it 3437/7200  reward     nan  ep_len    nan  fell    0  err_xy 0.180  std 0.300  lr 1.0e-04  fps   9887    60.7s
it 3438/7200  reward     nan  ep_len    nan  fell    0  err_xy 0.173  std 0.300  lr 1.0e-04  fps   9725    60.9s
it 3439/7200  reward     nan  ep_len    nan  fell    0  err_xy 0.149  std 0.300  lr 1.0e-04  fps   9697    61.2s
it 3440/7200  reward     nan  ep_len    nan  fell    0  err_xy 0.124  std 0.300  lr 1.0e-04  fps   9571    61.4s
it 3441/7200  reward     nan  ep_len    nan  fell    0  err_xy 0.113  std 0.300  lr 1.0e-04  fps   9548    61.6s
it 3442/7200  reward     nan  ep_len    nan  fell    0  err_xy 0.107  std 0.300  lr 1.0e-04  fps   9260    61.9s
it 3443/7200  reward     nan  ep_len    nan  fell    0  err_xy 0.089  std 0.300  lr 1.0e-04  fps   9258    62.1s
it 3444/7200  reward     nan  ep_len    nan  fell    0  err_xy 0.090  std 0.300  lr 1.0e-04  fps   9145    62.4s
it 3445/7200  reward     nan  ep_len    nan  fell    0  err_xy 0.085  std 0.300  lr 1.0e-04  fps   9109    62.6s
it 3446/7200  reward     nan  ep_len    nan  fell    0  err_xy 0.079  std 0.300  lr 1.0e-04  fps   8988    62.9s
it 3447/7200  reward     nan  ep_len    nan  fell    0  err_xy 0.072  std 0.300  lr 1.0e-04  fps   8857    63.2s
it 3448/7200  reward     nan  ep_len    nan  fell    0  err_xy 0.069  std 0.300  lr 1.0e-04  fps   8825    63.4s
it 3449/7200  reward     nan  ep_len    nan  fell    0  err_xy 0.060  std 0.300  lr 1.0e-04  fps   8904    63.7s
it 3450/7200  reward   37.48  ep_len  400.0  fell    0  err_xy 0.049  std 0.300  lr 1.0e-04  fps   6997    64.0s
it 3451/7200  reward     nan  ep_len    nan  fell    0  err_xy 0.273  std 0.300  lr 1.0e-04  fps   9979    64.2s
it 3452/7200  reward     nan  ep_len    nan  fell    0  err_xy 0.273  std 0.300  lr 1.0e-04  fps  10078    64.5s
it 3453/7200  reward     nan  ep_len    nan  fell    0  err_xy 0.237  std 0.300  lr 1.0e-04  fps   9967    64.7s
it 3454/7200  reward     nan  ep_len    nan  fell    0  err_xy 0.184  std 0.300  lr 1.0e-04  fps   9856    64.9s
it 3455/7200  reward     nan  ep_len    nan  fell    0  err_xy 0.159  std 0.300  lr 1.0e-04  fps   9854    65.2s
it 3456/7200  reward     nan  ep_len    nan  fell    0  err_xy 0.147  std 0.300  lr 1.0e-04  fps   9523    65.4s
it 3457/7200  reward     nan  ep_len    nan  fell    0  err_xy 0.143  std 0.300  lr 1.0e-04  fps   9624    65.7s
it 3458/7200  reward     nan  ep_len    nan  fell    0  err_xy 0.124  std 0.300  lr 1.0e-04  fps   9384    65.9s
it 3459/7200  reward     nan  ep_len    nan  fell    0  err_xy 0.112  std 0.300  lr 1.0e-04  fps   9360    66.1s
it 3460/7200  reward     nan  ep_len    nan  fell    0  err_xy 0.117  std 0.300  lr 1.0e-04  fps   8955    66.4s
it 3461/7200  reward     nan  ep_len    nan  fell    0  err_xy 0.096  std 0.300  lr 1.0e-04  fps   8963    66.7s
it 3462/7200  reward     nan  ep_len    nan  fell    0  err_xy 0.088  std 0.300  lr 1.0e-04  fps   8977    66.9s
it 3463/7200  reward     nan  ep_len    nan  fell    0  err_xy 0.073  std 0.300  lr 1.0e-04  fps   8897    67.2s
it 3464/7200  reward     nan  ep_len    nan  fell    0  err_xy 0.068  std 0.300  lr 1.0e-04  fps   8792    67.4s
it 3465/7200  reward     nan  ep_len    nan  fell    0  err_xy 0.060  std 0.300  lr 1.0e-04  fps   8847    67.7s
it 3466/7200  reward     nan  ep_len    nan  fell    0  err_xy 0.050  std 0.300  lr 1.0e-04  fps   8688    68.0s
it 3467/7200  reward   40.86  ep_len  400.0  fell    0  err_xy 0.110  std 0.300  lr 1.0e-04  fps   7135    68.3s
it 3468/7200  reward     nan  ep_len    nan  fell    0  err_xy 0.303  std 0.300  lr 1.0e-04  fps   9829    68.5s
it 3469/7200  reward     nan  ep_len    nan  fell    0  err_xy 0.279  std 0.300  lr 1.0e-04  fps  10006    68.8s
it 3470/7200  reward     nan  ep_len    nan  fell    0  err_xy 0.218  std 0.300  lr 1.0e-04  fps   9936    69.0s
it 3471/7200  reward     nan  ep_len    nan  fell    0  err_xy 0.177  std 0.300  lr 1.0e-04  fps   9785    69.2s
it 3472/7200  reward     nan  ep_len    nan  fell    0  err_xy 0.162  std 0.300  lr 1.0e-04  fps   9742    69.5s
it 3473/7200  reward     nan  ep_len    nan  fell    0  err_xy 0.146  std 0.300  lr 1.0e-04  fps   9466    69.7s
it 3474/7200  reward     nan  ep_len    nan  fell    0  err_xy 0.118  std 0.300  lr 1.0e-04  fps   9436    69.9s
it 3475/7200  reward     nan  ep_len    nan  fell    0  err_xy 0.106  std 0.300  lr 1.0e-04  fps   9271    70.2s
it 3476/7200  reward     nan  ep_len    nan  fell    0  err_xy 0.096  std 0.300  lr 1.0e-04  fps   9161    70.4s
it 3477/7200  reward     nan  ep_len    nan  fell    0  err_xy 0.079  std 0.300  lr 1.0e-04  fps   8929    70.7s
it 3478/7200  reward     nan  ep_len    nan  fell    0  err_xy 0.072  std 0.300  lr 1.0e-04  fps   8733    71.0s
it 3479/7200  reward     nan  ep_len    nan  fell    0  err_xy 0.064  std 0.300  lr 1.0e-04  fps   8620    71.2s
it 3480/7200  reward     nan  ep_len    nan  fell    0  err_xy 0.047  std 0.300  lr 1.0e-04  fps   8593    71.5s
it 3481/7200  reward     nan  ep_len    nan  fell    0  err_xy 0.038  std 0.300  lr 1.0e-04  fps   8553    71.8s
it 3482/7200  reward     nan  ep_len    nan  fell    0  err_xy 0.032  std 0.300  lr 1.0e-04  fps   8671    72.0s
it 3483/7200  reward     nan  ep_len    nan  fell    0  err_xy 0.029  std 0.300  lr 1.0e-04  fps   8468    72.3s
it 3484/7200  reward   45.80  ep_len  400.0  fell    0  err_xy 0.193  std 0.300  lr 1.0e-04  fps   7096    72.6s
it 3485/7200  reward     nan  ep_len    nan  fell    0  err_xy 0.299  std 0.300  lr 1.0e-04  fps   8926    72.9s
it 3486/7200  reward     nan  ep_len    nan  fell    0  err_xy 0.257  std 0.300  lr 1.0e-04  fps  10005    73.1s
it 3487/7200  reward     nan  ep_len    nan  fell    0  err_xy 0.207  std 0.300  lr 1.0e-04  fps   9832    73.4s
it 3488/7200  reward     nan  ep_len    nan  fell    0  err_xy 0.170  std 0.300  lr 1.0e-04  fps   9735    73.6s
it 3489/7200  reward     nan  ep_len    nan  fell    0  err_xy 0.150  std 0.300  lr 1.0e-04  fps   9565    73.8s
it 3490/7200  reward     nan  ep_len    nan  fell    0  err_xy 0.151  std 0.300  lr 1.0e-04  fps   9159    74.1s
it 3491/7200  reward     nan  ep_len    nan  fell    0  err_xy 0.130  std 0.300  lr 1.0e-04  fps   9054    74.3s
it 3492/7200  reward     nan  ep_len    nan  fell    0  err_xy 0.133  std 0.300  lr 1.0e-04  fps   9286    74.6s
it 3493/7200  reward     nan  ep_len    nan  fell    0  err_xy 0.127  std 0.300  lr 1.0e-04  fps   9255    74.8s
it 3494/7200  reward     nan  ep_len    nan  fell    0  err_xy 0.108  std 0.300  lr 1.0e-04  fps   7825    75.1s
it 3495/7200  reward     nan  ep_len    nan  fell    0  err_xy 0.105  std 0.300  lr 1.0e-04  fps   9111    75.4s
it 3496/7200  reward     nan  ep_len    nan  fell    0  err_xy 0.089  std 0.300  lr 1.0e-04  fps   9027    75.6s
it 3497/7200  reward     nan  ep_len    nan  fell    0  err_xy 0.080  std 0.300  lr 1.0e-04  fps   9046    75.9s
it 3498/7200  reward     nan  ep_len    nan  fell    0  err_xy 0.070  std 0.300  lr 1.0e-04  fps   8670    76.2s
it 3499/7200  reward     nan  ep_len    nan  fell    0  err_xy 0.066  std 0.300  lr 1.0e-04  fps   8865    76.4s
it 3500/7200  reward   37.36  ep_len  400.0  fell    0  err_xy 0.062  std 0.300  lr 1.0e-04  fps   6980    76.8s
it 3501/7200  reward     nan  ep_len    nan  fell    0  err_xy 0.270  std 0.300  lr 1.0e-04  fps   9826    77.0s
it 3502/7200  reward     nan  ep_len    nan  fell    0  err_xy 0.290  std 0.300  lr 1.0e-04  fps  10078    77.2s
it 3503/7200  reward     nan  ep_len    nan  fell    0  err_xy 0.242  std 0.300  lr 1.0e-04  fps   9964    77.5s
it 3504/7200  reward     nan  ep_len    nan  fell    0  err_xy 0.190  std 0.300  lr 1.0e-04  fps   9963    77.7s
it 3505/7200  reward     nan  ep_len    nan  fell    0  err_xy 0.172  std 0.300  lr 1.0e-04  fps   9728    77.9s
it 3506/7200  reward     nan  ep_len    nan  fell    0  err_xy 0.145  std 0.300  lr 1.0e-04  fps   9483    78.2s
it 3507/7200  reward     nan  ep_len    nan  fell    0  err_xy 0.132  std 0.300  lr 1.0e-04  fps   9346    78.4s
it 3508/7200  reward     nan  ep_len    nan  fell    0  err_xy 0.106  std 0.300  lr 1.0e-04  fps   9118    78.7s
it 3509/7200  reward     nan  ep_len    nan  fell    0  err_xy 0.095  std 0.300  lr 1.0e-04  fps   9202    78.9s
it 3510/7200  reward     nan  ep_len    nan  fell    0  err_xy 0.087  std 0.300  lr 1.0e-04  fps   9093    79.2s
it 3511/7200  reward     nan  ep_len    nan  fell    0  err_xy 0.079  std 0.300  lr 1.0e-04  fps   8946    79.4s
it 3512/7200  reward     nan  ep_len    nan  fell    0  err_xy 0.064  std 0.300  lr 1.0e-04  fps   8845    79.7s
it 3513/7200  reward     nan  ep_len    nan  fell    0  err_xy 0.066  std 0.300  lr 1.0e-04  fps   8769    80.0s
it 3514/7200  reward     nan  ep_len    nan  fell    0  err_xy 0.064  std 0.300  lr 1.0e-04  fps   8836    80.2s
it 3515/7200  reward     nan  ep_len    nan  fell    0  err_xy 0.056  std 0.300  lr 1.0e-04  fps   8816    80.5s
it 3516/7200  reward     nan  ep_len    nan  fell    0  err_xy 0.053  std 0.300  lr 1.0e-04  fps   8936    80.7s
it 3517/7200  reward   45.15  ep_len  400.0  fell    0  err_xy 0.107  std 0.300  lr 1.0e-04  fps   7171    81.1s
it 3518/7200  reward     nan  ep_len    nan  fell    0  err_xy 0.281  std 0.300  lr 1.0e-04  fps   9907    81.3s
it 3519/7200  reward     nan  ep_len    nan  fell    0  err_xy 0.221  std 0.300  lr 1.0e-04  fps   9939    81.5s
it 3520/7200  reward     nan  ep_len    nan  fell    0  err_xy 0.194  std 0.300  lr 1.0e-04  fps   9866    81.8s
it 3521/7200  reward     nan  ep_len    nan  fell    0  err_xy 0.170  std 0.300  lr 1.0e-04  fps   9875    82.0s
it 3522/7200  reward     nan  ep_len    nan  fell    0  err_xy 0.167  std 0.300  lr 1.0e-04  fps   9742    82.2s
it 3523/7200  reward     nan  ep_len    nan  fell    0  err_xy 0.148  std 0.300  lr 1.0e-04  fps   9662    82.5s
it 3524/7200  reward     nan  ep_len    nan  fell    0  err_xy 0.139  std 0.300  lr 1.0e-04  fps   9376    82.7s
it 3525/7200  reward     nan  ep_len    nan  fell    0  err_xy 0.111  std 0.300  lr 1.0e-04  fps   9120    83.0s
it 3526/7200  reward     nan  ep_len    nan  fell    0  err_xy 0.112  std 0.300  lr 1.0e-04  fps   9254    83.2s
it 3527/7200  reward     nan  ep_len    nan  fell    0  err_xy 0.106  std 0.300  lr 1.0e-04  fps   8866    83.5s
it 3528/7200  reward     nan  ep_len    nan  fell    0  err_xy 0.092  std 0.300  lr 1.0e-04  fps   8716    83.7s
it 3529/7200  reward     nan  ep_len    nan  fell    0  err_xy 0.081  std 0.300  lr 1.0e-04  fps   8870    84.0s
it 3530/7200  reward     nan  ep_len    nan  fell    0  err_xy 0.072  std 0.300  lr 1.0e-04  fps   8879    84.3s
it 3531/7200  reward     nan  ep_len    nan  fell    0  err_xy 0.058  std 0.300  lr 1.0e-04  fps   8694    84.5s
it 3532/7200  reward     nan  ep_len    nan  fell    0  err_xy 0.060  std 0.300  lr 1.0e-04  fps   8709    84.8s
it 3533/7200  reward     nan  ep_len    nan  fell    0  err_xy 0.053  std 0.300  lr 1.0e-04  fps   8827    85.0s
it 3534/7200  reward   39.78  ep_len  400.0  fell    0  err_xy 0.200  std 0.300  lr 1.0e-04  fps   6877    85.4s
it 3535/7200  reward     nan  ep_len    nan  fell    0  err_xy 0.293  std 0.300  lr 1.0e-04  fps   9994    85.6s
it 3536/7200  reward     nan  ep_len    nan  fell    0  err_xy 0.228  std 0.300  lr 1.0e-04  fps  10029    85.8s
it 3537/7200  reward     nan  ep_len    nan  fell    0  err_xy 0.199  std 0.300  lr 1.0e-04  fps   9792    86.1s
it 3538/7200  reward     nan  ep_len    nan  fell    0  err_xy 0.181  std 0.300  lr 1.0e-04  fps   9913    86.3s
it 3539/7200  reward     nan  ep_len    nan  fell    0  err_xy 0.158  std 0.300  lr 1.0e-04  fps   9739    86.5s
it 3540/7200  reward     nan  ep_len    nan  fell    0  err_xy 0.151  std 0.300  lr 1.0e-04  fps   9491    86.8s
it 3541/7200  reward     nan  ep_len    nan  fell    0  err_xy 0.121  std 0.300  lr 1.0e-04  fps   9413    87.0s
it 3542/7200  reward     nan  ep_len    nan  fell    0  err_xy 0.118  std 0.300  lr 1.0e-04  fps   9244    87.3s
it 3543/7200  reward     nan  ep_len    nan  fell    0  err_xy 0.107  std 0.300  lr 1.0e-04  fps   9257    87.5s
it 3544/7200  reward     nan  ep_len    nan  fell    0  err_xy 0.092  std 0.300  lr 1.0e-04  fps   8983    87.8s
it 3545/7200  reward     nan  ep_len    nan  fell    0  err_xy 0.091  std 0.300  lr 1.0e-04  fps   8695    88.1s
it 3546/7200  reward     nan  ep_len    nan  fell    0  err_xy 0.078  std 0.300  lr 1.0e-04  fps   8522    88.3s
it 3547/7200  reward     nan  ep_len    nan  fell    0  err_xy 0.071  std 0.300  lr 1.0e-04  fps   8864    88.6s
it 3548/7200  reward     nan  ep_len    nan  fell    0  err_xy 0.067  std 0.300  lr 1.0e-04  fps   8631    88.9s
it 3549/7200  reward     nan  ep_len    nan  fell    0  err_xy 0.056  std 0.300  lr 1.0e-04  fps   8990    89.1s
it 3550/7200  reward   40.16  ep_len  400.0  fell    0  err_xy 0.058  std 0.300  lr 1.0e-04  fps   7051    89.4s
it 3551/7200  reward     nan  ep_len    nan  fell    0  err_xy 0.276  std 0.300  lr 1.0e-04  fps  10053    89.7s
it 3552/7200  reward     nan  ep_len    nan  fell    0  err_xy 0.264  std 0.300  lr 1.0e-04  fps  10211    89.9s
it 3553/7200  reward     nan  ep_len    nan  fell    0  err_xy 0.219  std 0.300  lr 1.0e-04  fps  10089    90.1s
it 3554/7200  reward     nan  ep_len    nan  fell    0  err_xy 0.188  std 0.300  lr 1.0e-04  fps   9957    90.4s
it 3555/7200  reward     nan  ep_len    nan  fell    0  err_xy 0.181  std 0.300  lr 1.0e-04  fps   9820    90.6s
it 3556/7200  reward     nan  ep_len    nan  fell    0  err_xy 0.172  std 0.300  lr 1.0e-04  fps   9791    90.8s
it 3557/7200  reward     nan  ep_len    nan  fell    0  err_xy 0.136  std 0.300  lr 1.0e-04  fps   9092    91.1s
it 3558/7200  reward     nan  ep_len    nan  fell    0  err_xy 0.114  std 0.300  lr 1.0e-04  fps   9000    91.3s
it 3559/7200  reward     nan  ep_len    nan  fell    0  err_xy 0.100  std 0.300  lr 1.0e-04  fps   9126    91.6s
it 3560/7200  reward     nan  ep_len    nan  fell    0  err_xy 0.088  std 0.300  lr 1.0e-04  fps   8995    91.8s
it 3561/7200  reward     nan  ep_len    nan  fell    0  err_xy 0.074  std 0.300  lr 1.0e-04  fps   8911    92.1s
it 3562/7200  reward     nan  ep_len    nan  fell    0  err_xy 0.072  std 0.300  lr 1.0e-04  fps   8815    92.4s
it 3563/7200  reward     nan  ep_len    nan  fell    0  err_xy 0.057  std 0.300  lr 1.0e-04  fps   8917    92.6s
it 3564/7200  reward     nan  ep_len    nan  fell    0  err_xy 0.050  std 0.300  lr 1.0e-04  fps   8816    92.9s
it 3565/7200  reward     nan  ep_len    nan  fell    0  err_xy 0.046  std 0.300  lr 1.0e-04  fps   8887    93.1s
it 3566/7200  reward     nan  ep_len    nan  fell    0  err_xy 0.041  std 0.300  lr 1.0e-04  fps   8910    93.4s
it 3567/7200  reward   44.48  ep_len  400.0  fell    0  err_xy 0.096  std 0.300  lr 1.0e-04  fps   7324    93.7s
it 3568/7200  reward     nan  ep_len    nan  fell    0  err_xy 0.283  std 0.300  lr 1.0e-04  fps  10067    93.9s
it 3569/7200  reward     nan  ep_len    nan  fell    0  err_xy 0.275  std 0.300  lr 1.0e-04  fps   9899    94.2s
it 3570/7200  reward     nan  ep_len    nan  fell    0  err_xy 0.229  std 0.300  lr 1.0e-04  fps   9946    94.4s
it 3571/7200  reward     nan  ep_len    nan  fell    0  err_xy 0.184  std 0.300  lr 1.0e-04  fps   9900    94.6s
it 3572/7200  reward     nan  ep_len    nan  fell    0  err_xy 0.165  std 0.300  lr 1.0e-04  fps   9795    94.9s
it 3573/7200  reward     nan  ep_len    nan  fell    0  err_xy 0.156  std 0.300  lr 1.0e-04  fps   9538    95.1s
it 3574/7200  reward     nan  ep_len    nan  fell    0  err_xy 0.115  std 0.300  lr 1.0e-04  fps   9492    95.4s
it 3575/7200  reward     nan  ep_len    nan  fell    0  err_xy 0.090  std 0.300  lr 1.0e-04  fps   9189    95.6s
it 3576/7200  reward     nan  ep_len    nan  fell    0  err_xy 0.079  std 0.300  lr 1.0e-04  fps   9135    95.9s
it 3577/7200  reward     nan  ep_len    nan  fell    0  err_xy 0.062  std 0.300  lr 1.0e-04  fps   9126    96.1s
it 3578/7200  reward     nan  ep_len    nan  fell    0  err_xy 0.056  std 0.300  lr 1.0e-04  fps   8073    96.4s
it 3579/7200  reward     nan  ep_len    nan  fell    0  err_xy 0.049  std 0.300  lr 1.0e-04  fps   8846    96.7s
it 3580/7200  reward     nan  ep_len    nan  fell    0  err_xy 0.043  std 0.300  lr 1.0e-04  fps   9116    96.9s
it 3581/7200  reward     nan  ep_len    nan  fell    0  err_xy 0.039  std 0.300  lr 1.0e-04  fps   8966    97.2s
it 3582/7200  reward     nan  ep_len    nan  fell    0  err_xy 0.032  std 0.300  lr 1.0e-04  fps   8931    97.4s
it 3583/7200  reward     nan  ep_len    nan  fell    0  err_xy 0.029  std 0.300  lr 1.0e-04  fps   9043    97.7s
it 3584/7200  reward   49.99  ep_len  400.0  fell    0  err_xy 0.178  std 0.300  lr 1.0e-04  fps   7644    98.0s
it 3585/7200  reward     nan  ep_len    nan  fell    0  err_xy 0.266  std 0.300  lr 1.0e-04  fps  10065    98.2s
it 3586/7200  reward     nan  ep_len    nan  fell    0  err_xy 0.254  std 0.300  lr 1.0e-04  fps  10118    98.5s
it 3587/7200  reward     nan  ep_len    nan  fell    0  err_xy 0.208  std 0.300  lr 1.0e-04  fps   9966    98.7s
it 3588/7200  reward     nan  ep_len    nan  fell    0  err_xy 0.181  std 0.300  lr 1.0e-04  fps   9933    98.9s
it 3589/7200  reward     nan  ep_len    nan  fell    0  err_xy 0.171  std 0.300  lr 1.0e-04  fps   8784    99.2s
it 3590/7200  reward     nan  ep_len    nan  fell    0  err_xy 0.139  std 0.300  lr 1.0e-04  fps   9518    99.4s
it 3591/7200  reward     nan  ep_len    nan  fell    0  err_xy 0.124  std 0.300  lr 1.0e-04  fps   9456    99.7s
it 3592/7200  reward     nan  ep_len    nan  fell    0  err_xy 0.108  std 0.300  lr 1.0e-04  fps   9472    99.9s
it 3593/7200  reward     nan  ep_len    nan  fell    0  err_xy 0.091  std 0.300  lr 1.0e-04  fps   9339   100.2s
it 3594/7200  reward     nan  ep_len    nan  fell    0  err_xy 0.080  std 0.300  lr 1.0e-04  fps   9163   100.4s
it 3595/7200  reward     nan  ep_len    nan  fell    0  err_xy 0.065  std 0.300  lr 1.0e-04  fps   9182   100.7s
it 3596/7200  reward     nan  ep_len    nan  fell    0  err_xy 0.057  std 0.300  lr 1.0e-04  fps   9174   100.9s
it 3597/7200  reward     nan  ep_len    nan  fell    0  err_xy 0.049  std 0.300  lr 1.0e-04  fps   9175   101.2s
it 3598/7200  reward     nan  ep_len    nan  fell    0  err_xy 0.043  std 0.300  lr 1.0e-04  fps   9076   101.4s
it 3599/7200  reward     nan  ep_len    nan  fell    0  err_xy 0.043  std 0.300  lr 1.0e-04  fps   9027   101.7s
it 3600/7200  reward   45.80  ep_len  400.0  fell    0  err_xy 0.037  std 0.300  lr 1.0e-04  fps   7275   102.0s
eval iteration 3600:
  prone          success   0.0%  time 8.00s  peak_τ 0.96 Nm  return 37.36
  supine         success   0.0%  time 8.00s  peak_τ 0.96 Nm  return 42.49
  score 0.000
it 3601/7200  reward     nan  ep_len    nan  fell    0  err_xy 0.265  std 0.300  lr 1.0e-04  fps   9948   104.2s
it 3602/7200  reward     nan  ep_len    nan  fell    0  err_xy 0.267  std 0.300  lr 1.0e-04  fps  10038   104.4s
it 3603/7200  reward     nan  ep_len    nan  fell    0  err_xy 0.242  std 0.300  lr 1.0e-04  fps  10091   104.6s
it 3604/7200  reward     nan  ep_len    nan  fell    0  err_xy 0.191  std 0.300  lr 1.0e-04  fps   9866   104.8s
it 3605/7200  reward     nan  ep_len    nan  fell    0  err_xy 0.165  std 0.300  lr 1.0e-04  fps   9927   105.1s
it 3606/7200  reward     nan  ep_len    nan  fell    0  err_xy 0.144  std 0.300  lr 1.0e-04  fps   9646   105.3s
it 3607/7200  reward     nan  ep_len    nan  fell    0  err_xy 0.117  std 0.300  lr 1.0e-04  fps   9655   105.6s
it 3608/7200  reward     nan  ep_len    nan  fell    0  err_xy 0.119  std 0.300  lr 1.0e-04  fps   9479   105.8s
it 3609/7200  reward     nan  ep_len    nan  fell    0  err_xy 0.092  std 0.300  lr 1.0e-04  fps   9467   106.0s
it 3610/7200  reward     nan  ep_len    nan  fell    0  err_xy 0.082  std 0.300  lr 1.0e-04  fps   9366   106.3s
it 3611/7200  reward     nan  ep_len    nan  fell    0  err_xy 0.082  std 0.300  lr 1.0e-04  fps   9137   106.5s
it 3612/7200  reward     nan  ep_len    nan  fell    0  err_xy 0.070  std 0.300  lr 1.0e-04  fps   9115   106.8s
it 3613/7200  reward     nan  ep_len    nan  fell    0  err_xy 0.070  std 0.300  lr 1.0e-04  fps   9184   107.0s
it 3614/7200  reward     nan  ep_len    nan  fell    0  err_xy 0.063  std 0.300  lr 1.0e-04  fps   9099   107.3s
it 3615/7200  reward     nan  ep_len    nan  fell    0  err_xy 0.063  std 0.300  lr 1.0e-04  fps   9181   107.6s
it 3616/7200  reward     nan  ep_len    nan  fell    0  err_xy 0.050  std 0.300  lr 1.0e-04  fps   9374   107.8s
it 3617/7200  reward   42.87  ep_len  400.0  fell    0  err_xy 0.114  std 0.300  lr 1.0e-04  fps   7273   108.1s
it 3618/7200  reward     nan  ep_len    nan  fell    0  err_xy 0.287  std 0.300  lr 1.0e-04  fps   9894   108.3s
it 3619/7200  reward     nan  ep_len    nan  fell    0  err_xy 0.294  std 0.300  lr 1.0e-04  fps   9763   108.6s
it 3620/7200  reward     nan  ep_len    nan  fell    0  err_xy 0.240  std 0.300  lr 1.0e-04  fps   9656   108.8s
it 3621/7200  reward     nan  ep_len    nan  fell    0  err_xy 0.183  std 0.300  lr 1.0e-04  fps   9959   109.1s
it 3622/7200  reward     nan  ep_len    nan  fell    0  err_xy 0.166  std 0.300  lr 1.0e-04  fps   9808   109.3s
it 3623/7200  reward     nan  ep_len    nan  fell    0  err_xy 0.138  std 0.300  lr 1.0e-04  fps   9657   109.5s
it 3624/7200  reward     nan  ep_len    nan  fell    0  err_xy 0.122  std 0.300  lr 1.0e-04  fps   9574   109.8s
it 3625/7200  reward     nan  ep_len    nan  fell    0  err_xy 0.098  std 0.300  lr 1.0e-04  fps   9330   110.0s
it 3626/7200  reward     nan  ep_len    nan  fell    0  err_xy 0.096  std 0.300  lr 1.0e-04  fps   9199   110.3s
it 3627/7200  reward     nan  ep_len    nan  fell    0  err_xy 0.088  std 0.300  lr 1.0e-04  fps   8966   110.5s
it 3628/7200  reward     nan  ep_len    nan  fell    0  err_xy 0.075  std 0.300  lr 1.0e-04  fps   8803   110.8s
it 3629/7200  reward     nan  ep_len    nan  fell    0  err_xy 0.061  std 0.300  lr 1.0e-04  fps   9159   111.0s
it 3630/7200  reward     nan  ep_len    nan  fell    0  err_xy 0.054  std 0.300  lr 1.0e-04  fps   9315   111.3s
it 3631/7200  reward     nan  ep_len    nan  fell    0  err_xy 0.045  std 0.300  lr 1.0e-04  fps   9265   111.5s
it 3632/7200  reward     nan  ep_len    nan  fell    0  err_xy 0.042  std 0.300  lr 1.0e-04  fps   9251   111.8s
it 3633/7200  reward     nan  ep_len    nan  fell    0  err_xy 0.041  std 0.300  lr 1.0e-04  fps   9210   112.0s
it 3634/7200  reward   45.35  ep_len  400.0  fell    0  err_xy 0.176  std 0.300  lr 1.0e-04  fps   7554   112.3s
it 3635/7200  reward     nan  ep_len    nan  fell    0  err_xy 0.271  std 0.300  lr 1.0e-04  fps  10073   112.6s
it 3636/7200  reward     nan  ep_len    nan  fell    0  err_xy 0.257  std 0.300  lr 1.0e-04  fps  10127   112.8s
it 3637/7200  reward     nan  ep_len    nan  fell    0  err_xy 0.211  std 0.300  lr 1.0e-04  fps  10082   113.0s
it 3638/7200  reward     nan  ep_len    nan  fell    0  err_xy 0.183  std 0.300  lr 1.0e-04  fps  10030   113.3s
it 3639/7200  reward     nan  ep_len    nan  fell    0  err_xy 0.177  std 0.300  lr 1.0e-04  fps   9782   113.5s
it 3640/7200  reward     nan  ep_len    nan  fell    0  err_xy 0.132  std 0.300  lr 1.0e-04  fps   9781   113.7s
it 3641/7200  reward     nan  ep_len    nan  fell    0  err_xy 0.109  std 0.300  lr 1.0e-04  fps   9577   114.0s
it 3642/7200  reward     nan  ep_len    nan  fell    0  err_xy 0.095  std 0.300  lr 1.0e-04  fps   9220   114.2s
it 3643/7200  reward     nan  ep_len    nan  fell    0  err_xy 0.085  std 0.300  lr 1.0e-04  fps   9201   114.5s
it 3644/7200  reward     nan  ep_len    nan  fell    0  err_xy 0.073  std 0.300  lr 1.0e-04  fps   8993   114.7s
it 3645/7200  reward     nan  ep_len    nan  fell    0  err_xy 0.057  std 0.300  lr 1.0e-04  fps   9112   115.0s
it 3646/7200  reward     nan  ep_len    nan  fell    0  err_xy 0.051  std 0.300  lr 1.0e-04  fps   9199   115.2s
it 3647/7200  reward     nan  ep_len    nan  fell    0  err_xy 0.042  std 0.300  lr 1.0e-04  fps   9117   115.5s
it 3648/7200  reward     nan  ep_len    nan  fell    0  err_xy 0.039  std 0.300  lr 1.0e-04  fps   9076   115.7s
it 3649/7200  reward     nan  ep_len    nan  fell    0  err_xy 0.034  std 0.300  lr 1.0e-04  fps   9215   116.0s
it 3650/7200  reward   48.56  ep_len  400.0  fell    0  err_xy 0.032  std 0.300  lr 1.0e-04  fps   7207   116.3s
it 3651/7200  reward     nan  ep_len    nan  fell    0  err_xy 0.276  std 0.300  lr 1.0e-04  fps   9841   116.5s
it 3652/7200  reward     nan  ep_len    nan  fell    0  err_xy 0.290  std 0.300  lr 1.0e-04  fps  10116   116.8s
it 3653/7200  reward     nan  ep_len    nan  fell    0  err_xy 0.248  std 0.300  lr 1.0e-04  fps   9904   117.0s
it 3654/7200  reward     nan  ep_len    nan  fell    0  err_xy 0.192  std 0.300  lr 1.0e-04  fps   9927   117.2s
it 3655/7200  reward     nan  ep_len    nan  fell    0  err_xy 0.181  std 0.300  lr 1.0e-04  fps   9924   117.5s
it 3656/7200  reward     nan  ep_len    nan  fell    0  err_xy 0.164  std 0.300  lr 1.0e-04  fps   9717   117.7s
it 3657/7200  reward     nan  ep_len    nan  fell    0  err_xy 0.146  std 0.300  lr 1.0e-04  fps   9663   117.9s
it 3658/7200  reward     nan  ep_len    nan  fell    0  err_xy 0.112  std 0.300  lr 1.0e-04  fps   9421   118.2s
it 3659/7200  reward     nan  ep_len    nan  fell    0  err_xy 0.100  std 0.300  lr 1.0e-04  fps   9241   118.4s
it 3660/7200  reward     nan  ep_len    nan  fell    0  err_xy 0.087  std 0.300  lr 1.0e-04  fps   9327   118.7s
it 3661/7200  reward     nan  ep_len    nan  fell    0  err_xy 0.084  std 0.300  lr 1.0e-04  fps   9265   118.9s
it 3662/7200  reward     nan  ep_len    nan  fell    0  err_xy 0.081  std 0.300  lr 1.0e-04  fps   9421   119.2s
it 3663/7200  reward     nan  ep_len    nan  fell    0  err_xy 0.065  std 0.300  lr 1.0e-04  fps   9174   119.4s
it 3664/7200  reward     nan  ep_len    nan  fell    0  err_xy 0.067  std 0.300  lr 1.0e-04  fps   8993   119.7s
it 3665/7200  reward     nan  ep_len    nan  fell    0  err_xy 0.065  std 0.300  lr 1.0e-04  fps   9372   119.9s
it 3666/7200  reward     nan  ep_len    nan  fell    0  err_xy 0.055  std 0.300  lr 1.0e-04  fps   9377   120.2s
it 3667/7200  reward   40.03  ep_len  400.0  fell    0  err_xy 0.116  std 0.300  lr 1.0e-04  fps   7325   120.5s
it 3668/7200  reward     nan  ep_len    nan  fell    0  err_xy 0.319  std 0.300  lr 1.0e-04  fps  10105   120.7s
it 3669/7200  reward     nan  ep_len    nan  fell    0  err_xy 0.281  std 0.300  lr 1.0e-04  fps  10129   121.0s
it 3670/7200  reward     nan  ep_len    nan  fell    0  err_xy 0.224  std 0.300  lr 1.0e-04  fps  10000   121.2s
it 3671/7200  reward     nan  ep_len    nan  fell    0  err_xy 0.166  std 0.300  lr 1.0e-04  fps   9966   121.4s
it 3672/7200  reward     nan  ep_len    nan  fell    0  err_xy 0.169  std 0.300  lr 1.0e-04  fps   9753   121.7s
it 3673/7200  reward     nan  ep_len    nan  fell    0  err_xy 0.146  std 0.300  lr 1.0e-04  fps   9682   121.9s
it 3674/7200  reward     nan  ep_len    nan  fell    0  err_xy 0.118  std 0.300  lr 1.0e-04  fps   9500   122.1s
it 3675/7200  reward     nan  ep_len    nan  fell    0  err_xy 0.100  std 0.300  lr 1.0e-04  fps   9155   122.4s
it 3676/7200  reward     nan  ep_len    nan  fell    0  err_xy 0.085  std 0.300  lr 1.0e-04  fps   9124   122.6s
it 3677/7200  reward     nan  ep_len    nan  fell    0  err_xy 0.080  std 0.300  lr 1.0e-04  fps   8998   122.9s
it 3678/7200  reward     nan  ep_len    nan  fell    0  err_xy 0.064  std 0.300  lr 1.0e-04  fps   9070   123.1s
it 3679/7200  reward     nan  ep_len    nan  fell    0  err_xy 0.056  std 0.300  lr 1.0e-04  fps   8991   123.4s
it 3680/7200  reward     nan  ep_len    nan  fell    0  err_xy 0.047  std 0.300  lr 1.0e-04  fps   8949   123.7s
it 3681/7200  reward     nan  ep_len    nan  fell    0  err_xy 0.041  std 0.300  lr 1.0e-04  fps   8951   123.9s
it 3682/7200  reward     nan  ep_len    nan  fell    0  err_xy 0.037  std 0.300  lr 1.0e-04  fps   8984   124.2s
it 3683/7200  reward     nan  ep_len    nan  fell    0  err_xy 0.031  std 0.300  lr 1.0e-04  fps   8960   124.4s
it 3684/7200  reward   46.60  ep_len  400.0  fell    0  err_xy 0.184  std 0.300  lr 1.0e-04  fps   7390   124.7s
it 3685/7200  reward     nan  ep_len    nan  fell    0  err_xy 0.266  std 0.300  lr 1.0e-04  fps  10051   125.0s
it 3686/7200  reward     nan  ep_len    nan  fell    0  err_xy 0.258  std 0.300  lr 1.0e-04  fps  10074   125.2s
it 3687/7200  reward     nan  ep_len    nan  fell    0  err_xy 0.193  std 0.300  lr 1.0e-04  fps   9979   125.4s
it 3688/7200  reward     nan  ep_len    nan  fell    0  err_xy 0.190  std 0.300  lr 1.0e-04  fps   9922   125.7s
it 3689/7200  reward     nan  ep_len    nan  fell    0  err_xy 0.201  std 0.300  lr 1.0e-04  fps   9818   125.9s
it 3690/7200  reward     nan  ep_len    nan  fell    0  err_xy 0.159  std 0.300  lr 1.0e-04  fps   9756   126.1s
it 3691/7200  reward     nan  ep_len    nan  fell    0  err_xy 0.133  std 0.300  lr 1.0e-04  fps   9452   126.4s
it 3692/7200  reward     nan  ep_len    nan  fell    0  err_xy 0.117  std 0.300  lr 1.0e-04  fps   9400   126.6s
it 3693/7200  reward     nan  ep_len    nan  fell    0  err_xy 0.090  std 0.300  lr 1.0e-04  fps   8276   126.9s
it 3694/7200  reward     nan  ep_len    nan  fell    0  err_xy 0.074  std 0.300  lr 1.0e-04  fps   9190   127.2s
it 3695/7200  reward     nan  ep_len    nan  fell    0  err_xy 0.075  std 0.300  lr 1.0e-04  fps   9103   127.4s
it 3696/7200  reward     nan  ep_len    nan  fell    0  err_xy 0.063  std 0.300  lr 1.0e-04  fps   9125   127.7s
it 3697/7200  reward     nan  ep_len    nan  fell    0  err_xy 0.058  std 0.300  lr 1.0e-04  fps   9242   127.9s
it 3698/7200  reward     nan  ep_len    nan  fell    0  err_xy 0.054  std 0.300  lr 1.0e-04  fps   9108   128.2s
it 3699/7200  reward     nan  ep_len    nan  fell    0  err_xy 0.045  std 0.300  lr 1.0e-04  fps   9034   128.4s
it 3700/7200  reward   44.25  ep_len  400.0  fell    0  err_xy 0.041  std 0.300  lr 1.0e-04  fps   7224   128.7s
it 3701/7200  reward     nan  ep_len    nan  fell    0  err_xy 0.271  std 0.300  lr 1.0e-04  fps   9937   129.0s
it 3702/7200  reward     nan  ep_len    nan  fell    0  err_xy 0.261  std 0.300  lr 1.0e-04  fps  10120   129.2s
it 3703/7200  reward     nan  ep_len    nan  fell    0  err_xy 0.229  std 0.300  lr 1.0e-04  fps   9881   129.4s
it 3704/7200  reward     nan  ep_len    nan  fell    0  err_xy 0.173  std 0.300  lr 1.0e-04  fps   9900   129.7s
it 3705/7200  reward     nan  ep_len    nan  fell    0  err_xy 0.175  std 0.300  lr 1.0e-04  fps   9988   129.9s
it 3706/7200  reward     nan  ep_len    nan  fell    0  err_xy 0.157  std 0.300  lr 1.0e-04  fps   9716   130.1s
it 3707/7200  reward     nan  ep_len    nan  fell    0  err_xy 0.142  std 0.300  lr 1.0e-04  fps   9457   130.4s
it 3708/7200  reward     nan  ep_len    nan  fell    0  err_xy 0.123  std 0.300  lr 1.0e-04  fps   9368   130.6s
it 3709/7200  reward     nan  ep_len    nan  fell    0  err_xy 0.105  std 0.300  lr 1.0e-04  fps   9272   130.9s
it 3710/7200  reward     nan  ep_len    nan  fell    0  err_xy 0.103  std 0.300  lr 1.0e-04  fps   9180   131.1s
it 3711/7200  reward     nan  ep_len    nan  fell    0  err_xy 0.090  std 0.300  lr 1.0e-04  fps   9290   131.4s
it 3712/7200  reward     nan  ep_len    nan  fell    0  err_xy 0.089  std 0.300  lr 1.0e-04  fps   8688   131.6s
it 3713/7200  reward     nan  ep_len    nan  fell    0  err_xy 0.098  std 0.300  lr 1.0e-04  fps   8633   131.9s
it 3714/7200  reward     nan  ep_len    nan  fell    0  err_xy 0.097  std 0.300  lr 1.0e-04  fps   8753   132.2s
it 3715/7200  reward     nan  ep_len    nan  fell    0  err_xy 0.083  std 0.300  lr 1.0e-04  fps   9167   132.4s
it 3716/7200  reward     nan  ep_len    nan  fell    0  err_xy 0.080  std 0.300  lr 1.0e-04  fps   9291   132.7s
it 3717/7200  reward   38.99  ep_len  400.0  fell    0  err_xy 0.117  std 0.300  lr 1.0e-04  fps   7474   133.0s
it 3718/7200  reward     nan  ep_len    nan  fell    0  err_xy 0.286  std 0.300  lr 1.0e-04  fps   9971   133.2s
it 3719/7200  reward     nan  ep_len    nan  fell    0  err_xy 0.287  std 0.300  lr 1.0e-04  fps  10016   133.4s
it 3720/7200  reward     nan  ep_len    nan  fell    0  err_xy 0.228  std 0.300  lr 1.0e-04  fps   9950   133.7s
it 3721/7200  reward     nan  ep_len    nan  fell    0  err_xy 0.200  std 0.300  lr 1.0e-04  fps  10070   133.9s
it 3722/7200  reward     nan  ep_len    nan  fell    0  err_xy 0.172  std 0.300  lr 1.0e-04  fps   9713   134.1s
it 3723/7200  reward     nan  ep_len    nan  fell    0  err_xy 0.151  std 0.300  lr 1.0e-04  fps   9709   134.4s
it 3724/7200  reward     nan  ep_len    nan  fell    0  err_xy 0.155  std 0.300  lr 1.0e-04  fps   9583   134.6s
it 3725/7200  reward     nan  ep_len    nan  fell    0  err_xy 0.123  std 0.300  lr 1.0e-04  fps   9367   134.9s
it 3726/7200  reward     nan  ep_len    nan  fell    0  err_xy 0.120  std 0.300  lr 1.0e-04  fps   8757   135.1s
it 3727/7200  reward     nan  ep_len    nan  fell    0  err_xy 0.104  std 0.300  lr 1.0e-04  fps   9079   135.4s
it 3728/7200  reward     nan  ep_len    nan  fell    0  err_xy 0.093  std 0.300  lr 1.0e-04  fps   8924   135.6s
it 3729/7200  reward     nan  ep_len    nan  fell    0  err_xy 0.080  std 0.300  lr 1.0e-04  fps   9054   135.9s
it 3730/7200  reward     nan  ep_len    nan  fell    0  err_xy 0.072  std 0.300  lr 1.0e-04  fps   9016   136.2s
it 3731/7200  reward     nan  ep_len    nan  fell    0  err_xy 0.059  std 0.300  lr 1.0e-04  fps   9039   136.4s
it 3732/7200  reward     nan  ep_len    nan  fell    0  err_xy 0.055  std 0.300  lr 1.0e-04  fps   9027   136.7s
it 3733/7200  reward     nan  ep_len    nan  fell    0  err_xy 0.046  std 0.300  lr 1.0e-04  fps   9026   136.9s
it 3734/7200  reward   42.28  ep_len  400.0  fell    0  err_xy 0.188  std 0.300  lr 1.0e-04  fps   7474   137.2s
it 3735/7200  reward     nan  ep_len    nan  fell    0  err_xy 0.261  std 0.300  lr 1.0e-04  fps   9904   137.5s
it 3736/7200  reward     nan  ep_len    nan  fell    0  err_xy 0.256  std 0.300  lr 1.0e-04  fps   9872   137.7s
it 3737/7200  reward     nan  ep_len    nan  fell    0  err_xy 0.208  std 0.300  lr 1.0e-04  fps   9957   137.9s
it 3738/7200  reward     nan  ep_len    nan  fell    0  err_xy 0.185  std 0.300  lr 1.0e-04  fps   9528   138.2s
it 3739/7200  reward     nan  ep_len    nan  fell    0  err_xy 0.189  std 0.300  lr 1.0e-04  fps   9558   138.4s
it 3740/7200  reward     nan  ep_len    nan  fell    0  err_xy 0.171  std 0.300  lr 1.0e-04  fps   9809   138.6s
it 3741/7200  reward     nan  ep_len    nan  fell    0  err_xy 0.142  std 0.300  lr 1.0e-04  fps   9775   138.9s
it 3742/7200  reward     nan  ep_len    nan  fell    0  err_xy 0.130  std 0.300  lr 1.0e-04  fps   9484   139.1s
it 3743/7200  reward     nan  ep_len    nan  fell    0  err_xy 0.120  std 0.300  lr 1.0e-04  fps   9302   139.4s
it 3744/7200  reward     nan  ep_len    nan  fell    0  err_xy 0.108  std 0.300  lr 1.0e-04  fps   9280   139.6s
it 3745/7200  reward     nan  ep_len    nan  fell    0  err_xy 0.094  std 0.300  lr 1.0e-04  fps   9141   139.9s
it 3746/7200  reward     nan  ep_len    nan  fell    0  err_xy 0.081  std 0.300  lr 1.0e-04  fps   9089   140.1s
it 3747/7200  reward     nan  ep_len    nan  fell    0  err_xy 0.077  std 0.300  lr 1.0e-04  fps   9026   140.4s
it 3748/7200  reward     nan  ep_len    nan  fell    0  err_xy 0.062  std 0.300  lr 1.0e-04  fps   8948   140.6s
it 3749/7200  reward     nan  ep_len    nan  fell    0  err_xy 0.053  std 0.300  lr 1.0e-04  fps   8937   140.9s
it 3750/7200  reward   40.05  ep_len  400.0  fell    0  err_xy 0.052  std 0.300  lr 1.0e-04  fps   7110   141.2s
it 3751/7200  reward     nan  ep_len    nan  fell    0  err_xy 0.273  std 0.300  lr 1.0e-04  fps   9877   141.5s
it 3752/7200  reward     nan  ep_len    nan  fell    0  err_xy 0.280  std 0.300  lr 1.0e-04  fps   9979   141.7s
it 3753/7200  reward     nan  ep_len    nan  fell    0  err_xy 0.251  std 0.300  lr 1.0e-04  fps  10080   141.9s
it 3754/7200  reward     nan  ep_len    nan  fell    0  err_xy 0.206  std 0.300  lr 1.0e-04  fps  10024   142.1s
it 3755/7200  reward     nan  ep_len    nan  fell    0  err_xy 0.189  std 0.300  lr 1.0e-04  fps   9893   142.4s
it 3756/7200  reward     nan  ep_len    nan  fell    0  err_xy 0.172  std 0.300  lr 1.0e-04  fps   9776   142.6s
it 3757/7200  reward     nan  ep_len    nan  fell    0  err_xy 0.143  std 0.300  lr 1.0e-04  fps   9530   142.9s
it 3758/7200  reward     nan  ep_len    nan  fell    0  err_xy 0.126  std 0.300  lr 1.0e-04  fps   9348   143.1s
it 3759/7200  reward     nan  ep_len    nan  fell    0  err_xy 0.096  std 0.300  lr 1.0e-04  fps   9092   143.4s
it 3760/7200  reward     nan  ep_len    nan  fell    0  err_xy 0.088  std 0.300  lr 1.0e-04  fps   8986   143.6s
it 3761/7200  reward     nan  ep_len    nan  fell    0  err_xy 0.077  std 0.300  lr 1.0e-04  fps   8794   143.9s
it 3762/7200  reward     nan  ep_len    nan  fell    0  err_xy 0.059  std 0.300  lr 1.0e-04  fps   8708   144.1s
it 3763/7200  reward     nan  ep_len    nan  fell    0  err_xy 0.051  std 0.300  lr 1.0e-04  fps   8817   144.4s
it 3764/7200  reward     nan  ep_len    nan  fell    0  err_xy 0.044  std 0.300  lr 1.0e-04  fps   8799   144.7s
it 3765/7200  reward     nan  ep_len    nan  fell    0  err_xy 0.037  std 0.300  lr 1.0e-04  fps   8853   144.9s
it 3766/7200  reward     nan  ep_len    nan  fell    0  err_xy 0.030  std 0.300  lr 1.0e-04  fps   8780   145.2s
it 3767/7200  reward   46.89  ep_len  400.0  fell    0  err_xy 0.096  std 0.300  lr 1.0e-04  fps   6935   145.5s
it 3768/7200  reward     nan  ep_len    nan  fell    0  err_xy 0.288  std 0.300  lr 1.0e-04  fps   9798   145.8s
it 3769/7200  reward     nan  ep_len    nan  fell    0  err_xy 0.252  std 0.300  lr 1.0e-04  fps  10222   146.0s
it 3770/7200  reward     nan  ep_len    nan  fell    0  err_xy 0.230  std 0.300  lr 1.0e-04  fps  10042   146.2s
it 3771/7200  reward     nan  ep_len    nan  fell    0  err_xy 0.197  std 0.300  lr 1.0e-04  fps   9990   146.4s
it 3772/7200  reward     nan  ep_len    nan  fell    0  err_xy 0.184  std 0.300  lr 1.0e-04  fps   9967   146.7s
it 3773/7200  reward     nan  ep_len    nan  fell    0  err_xy 0.174  std 0.300  lr 1.0e-04  fps   9869   146.9s
it 3774/7200  reward     nan  ep_len    nan  fell    0  err_xy 0.175  std 0.300  lr 1.0e-04  fps   9637   147.1s
it 3775/7200  reward     nan  ep_len    nan  fell    0  err_xy 0.165  std 0.300  lr 1.0e-04  fps   9560   147.4s
it 3776/7200  reward     nan  ep_len    nan  fell    0  err_xy 0.145  std 0.300  lr 1.0e-04  fps   9525   147.6s
it 3777/7200  reward     nan  ep_len    nan  fell    0  err_xy 0.133  std 0.300  lr 1.0e-04  fps   7843   147.9s
it 3778/7200  reward     nan  ep_len    nan  fell    0  err_xy 0.110  std 0.300  lr 1.0e-04  fps   9158   148.2s
it 3779/7200  reward     nan  ep_len    nan  fell    0  err_xy 0.097  std 0.300  lr 1.0e-04  fps   8906   148.4s
it 3780/7200  reward     nan  ep_len    nan  fell    0  err_xy 0.089  std 0.300  lr 1.0e-04  fps   8876   148.7s
it 3781/7200  reward     nan  ep_len    nan  fell    0  err_xy 0.077  std 0.300  lr 1.0e-04  fps   8750   149.0s
it 3782/7200  reward     nan  ep_len    nan  fell    0  err_xy 0.068  std 0.300  lr 1.0e-04  fps   8663   149.2s
it 3783/7200  reward     nan  ep_len    nan  fell    0  err_xy 0.058  std 0.300  lr 1.0e-04  fps   8712   149.5s
it 3784/7200  reward   38.45  ep_len  400.0  fell    0  err_xy 0.193  std 0.300  lr 1.0e-04  fps   7393   149.8s
it 3785/7200  reward     nan  ep_len    nan  fell    0  err_xy 0.282  std 0.300  lr 1.0e-04  fps  10053   150.0s
it 3786/7200  reward     nan  ep_len    nan  fell    0  err_xy 0.250  std 0.300  lr 1.0e-04  fps   9975   150.3s
it 3787/7200  reward     nan  ep_len    nan  fell    0  err_xy 0.206  std 0.300  lr 1.0e-04  fps   9889   150.5s
it 3788/7200  reward     nan  ep_len    nan  fell    0  err_xy 0.199  std 0.300  lr 1.0e-04  fps   9977   150.7s
it 3789/7200  reward     nan  ep_len    nan  fell    0  err_xy 0.179  std 0.300  lr 1.0e-04  fps   9808   151.0s
it 3790/7200  reward     nan  ep_len    nan  fell    0  err_xy 0.173  std 0.300  lr 1.0e-04  fps   9700   151.2s
it 3791/7200  reward     nan  ep_len    nan  fell    0  err_xy 0.164  std 0.300  lr 1.0e-04  fps   9487   151.4s
it 3792/7200  reward     nan  ep_len    nan  fell    0  err_xy 0.152  std 0.300  lr 1.0e-04  fps   9206   151.7s
it 3793/7200  reward     nan  ep_len    nan  fell    0  err_xy 0.129  std 0.300  lr 1.0e-04  fps   9139   151.9s
it 3794/7200  reward     nan  ep_len    nan  fell    0  err_xy 0.114  std 0.300  lr 1.0e-04  fps   9102   152.2s
it 3795/7200  reward     nan  ep_len    nan  fell    0  err_xy 0.098  std 0.300  lr 1.0e-04  fps   8993   152.5s
it 3796/7200  reward     nan  ep_len    nan  fell    0  err_xy 0.085  std 0.300  lr 1.0e-04  fps   9081   152.7s
it 3797/7200  reward     nan  ep_len    nan  fell    0  err_xy 0.073  std 0.300  lr 1.0e-04  fps   9112   153.0s
it 3798/7200  reward     nan  ep_len    nan  fell    0  err_xy 0.063  std 0.300  lr 1.0e-04  fps   8973   153.2s
it 3799/7200  reward     nan  ep_len    nan  fell    0  err_xy 0.054  std 0.300  lr 1.0e-04  fps   8988   153.5s
it 3800/7200  reward   38.51  ep_len  400.0  fell    0  err_xy 0.048  std 0.300  lr 1.0e-04  fps   7263   153.8s
eval iteration 3800:
  prone          success   0.0%  time 8.00s  peak_τ 0.96 Nm  return 48.65
  supine         success   0.0%  time 8.00s  peak_τ 0.96 Nm  return 53.43
  score 0.000
it 3801/7200  reward     nan  ep_len    nan  fell    0  err_xy 0.267  std 0.300  lr 1.0e-04  fps   9757   156.1s
it 3802/7200  reward     nan  ep_len    nan  fell    0  err_xy 0.245  std 0.300  lr 1.0e-04  fps   9207   156.3s
it 3803/7200  reward     nan  ep_len    nan  fell    0  err_xy 0.231  std 0.300  lr 1.0e-04  fps   9967   156.6s
it 3804/7200  reward     nan  ep_len    nan  fell    0  err_xy 0.190  std 0.300  lr 1.0e-04  fps   9889   156.8s
it 3805/7200  reward     nan  ep_len    nan  fell    0  err_xy 0.184  std 0.300  lr 1.0e-04  fps   9901   157.0s
it 3806/7200  reward     nan  ep_len    nan  fell    0  err_xy 0.165  std 0.300  lr 1.0e-04  fps   9856   157.3s
it 3807/7200  reward     nan  ep_len    nan  fell    0  err_xy 0.144  std 0.300  lr 1.0e-04  fps   9365   157.5s
it 3808/7200  reward     nan  ep_len    nan  fell    0  err_xy 0.128  std 0.300  lr 1.0e-04  fps   9165   157.8s
it 3809/7200  reward     nan  ep_len    nan  fell    0  err_xy 0.109  std 0.300  lr 1.0e-04  fps   9076   158.0s
it 3810/7200  reward     nan  ep_len    nan  fell    0  err_xy 0.093  std 0.300  lr 1.0e-04  fps   8870   158.3s
it 3811/7200  reward     nan  ep_len    nan  fell    0  err_xy 0.078  std 0.300  lr 1.0e-04  fps   8854   158.5s
it 3812/7200  reward     nan  ep_len    nan  fell    0  err_xy 0.077  std 0.300  lr 1.0e-04  fps   8878   158.8s
it 3813/7200  reward     nan  ep_len    nan  fell    0  err_xy 0.060  std 0.300  lr 1.0e-04  fps   8929   159.1s
it 3814/7200  reward     nan  ep_len    nan  fell    0  err_xy 0.056  std 0.300  lr 1.0e-04  fps   8605   159.3s
it 3815/7200  reward     nan  ep_len    nan  fell    0  err_xy 0.051  std 0.300  lr 1.0e-04  fps   8874   159.6s
it 3816/7200  reward     nan  ep_len    nan  fell    0  err_xy 0.045  std 0.300  lr 1.0e-04  fps   8765   159.8s
it 3817/7200  reward   43.87  ep_len  400.0  fell    0  err_xy 0.108  std 0.300  lr 1.0e-04  fps   7043   160.2s
it 3818/7200  reward     nan  ep_len    nan  fell    0  err_xy 0.294  std 0.300  lr 1.0e-04  fps   9934   160.4s
it 3819/7200  reward     nan  ep_len    nan  fell    0  err_xy 0.284  std 0.300  lr 1.0e-04  fps  10131   160.6s
it 3820/7200  reward     nan  ep_len    nan  fell    0  err_xy 0.219  std 0.300  lr 1.0e-04  fps   9931   160.9s
it 3821/7200  reward     nan  ep_len    nan  fell    0  err_xy 0.187  std 0.300  lr 1.0e-04  fps   9933   161.1s
it 3822/7200  reward     nan  ep_len    nan  fell    0  err_xy 0.182  std 0.300  lr 1.0e-04  fps   9597   161.3s
it 3823/7200  reward     nan  ep_len    nan  fell    0  err_xy 0.175  std 0.300  lr 1.0e-04  fps   8659   161.6s
it 3824/7200  reward     nan  ep_len    nan  fell    0  err_xy 0.147  std 0.300  lr 1.0e-04  fps   9213   161.9s
it 3825/7200  reward     nan  ep_len    nan  fell    0  err_xy 0.118  std 0.300  lr 1.0e-04  fps   8971   162.1s
it 3826/7200  reward     nan  ep_len    nan  fell    0  err_xy 0.114  std 0.300  lr 1.0e-04  fps   8583   162.4s
it 3827/7200  reward     nan  ep_len    nan  fell    0  err_xy 0.098  std 0.300  lr 1.0e-04  fps   8544   162.7s
it 3828/7200  reward     nan  ep_len    nan  fell    0  err_xy 0.081  std 0.300  lr 1.0e-04  fps   9121   162.9s
it 3829/7200  reward     nan  ep_len    nan  fell    0  err_xy 0.072  std 0.300  lr 1.0e-04  fps   8396   163.2s
it 3830/7200  reward     nan  ep_len    nan  fell    0  err_xy 0.062  std 0.300  lr 1.0e-04  fps   8876   163.4s
it 3831/7200  reward     nan  ep_len    nan  fell    0  err_xy 0.052  std 0.300  lr 1.0e-04  fps   8380   163.7s
it 3832/7200  reward     nan  ep_len    nan  fell    0  err_xy 0.043  std 0.300  lr 1.0e-04  fps   8718   164.0s
it 3833/7200  reward     nan  ep_len    nan  fell    0  err_xy 0.043  std 0.300  lr 1.0e-04  fps   8946   164.2s
it 3834/7200  reward   45.43  ep_len  400.0  fell    0  err_xy 0.197  std 0.300  lr 1.0e-04  fps   7445   164.5s
it 3835/7200  reward     nan  ep_len    nan  fell    0  err_xy 0.271  std 0.300  lr 1.0e-04  fps   9990   164.8s
it 3836/7200  reward     nan  ep_len    nan  fell    0  err_xy 0.260  std 0.300  lr 1.0e-04  fps  10127   165.0s
it 3837/7200  reward     nan  ep_len    nan  fell    0  err_xy 0.225  std 0.300  lr 1.0e-04  fps  10032   165.2s
it 3838/7200  reward     nan  ep_len    nan  fell    0  err_xy 0.192  std 0.300  lr 1.0e-04  fps   9954   165.5s
it 3839/7200  reward     nan  ep_len    nan  fell    0  err_xy 0.182  std 0.300  lr 1.0e-04  fps   9884   165.7s
it 3840/7200  reward     nan  ep_len    nan  fell    0  err_xy 0.170  std 0.300  lr 1.0e-04  fps   9688   165.9s
it 3841/7200  reward     nan  ep_len    nan  fell    0  err_xy 0.151  std 0.300  lr 1.0e-04  fps   9496   166.2s
it 3842/7200  reward     nan  ep_len    nan  fell    0  err_xy 0.132  std 0.300  lr 1.0e-04  fps   9418   166.4s
it 3843/7200  reward     nan  ep_len    nan  fell    0  err_xy 0.115  std 0.300  lr 1.0e-04  fps   9390   166.7s
it 3844/7200  reward     nan  ep_len    nan  fell    0  err_xy 0.106  std 0.300  lr 1.0e-04  fps   9184   166.9s
it 3845/7200  reward     nan  ep_len    nan  fell    0  err_xy 0.091  std 0.300  lr 1.0e-04  fps   9259   167.2s
it 3846/7200  reward     nan  ep_len    nan  fell    0  err_xy 0.079  std 0.300  lr 1.0e-04  fps   9085   167.4s
it 3847/7200  reward     nan  ep_len    nan  fell    0  err_xy 0.064  std 0.300  lr 1.0e-04  fps   9054   167.7s
it 3848/7200  reward     nan  ep_len    nan  fell    0  err_xy 0.063  std 0.300  lr 1.0e-04  fps   8804   167.9s
it 3849/7200  reward     nan  ep_len    nan  fell    0  err_xy 0.055  std 0.300  lr 1.0e-04  fps   8557   168.2s
it 3850/7200  reward   42.12  ep_len  400.0  fell    0  err_xy 0.053  std 0.300  lr 1.0e-04  fps   6988   168.5s
it 3851/7200  reward     nan  ep_len    nan  fell    0  err_xy 0.266  std 0.300  lr 1.0e-04  fps   9838   168.8s
it 3852/7200  reward     nan  ep_len    nan  fell    0  err_xy 0.283  std 0.300  lr 1.0e-04  fps  10083   169.0s
it 3853/7200  reward     nan  ep_len    nan  fell    0  err_xy 0.246  std 0.300  lr 1.0e-04  fps   9964   169.2s
it 3854/7200  reward     nan  ep_len    nan  fell    0  err_xy 0.189  std 0.300  lr 1.0e-04  fps   9813   169.5s
it 3855/7200  reward     nan  ep_len    nan  fell    0  err_xy 0.175  std 0.300  lr 1.0e-04  fps   9987   169.7s
it 3856/7200  reward     nan  ep_len    nan  fell    0  err_xy 0.162  std 0.300  lr 1.0e-04  fps   9725   169.9s
it 3857/7200  reward     nan  ep_len    nan  fell    0  err_xy 0.140  std 0.300  lr 1.0e-04  fps   9534   170.2s
it 3858/7200  reward     nan  ep_len    nan  fell    0  err_xy 0.141  std 0.300  lr 1.0e-04  fps   9360   170.4s
it 3859/7200  reward     nan  ep_len    nan  fell    0  err_xy 0.113  std 0.300  lr 1.0e-04  fps   9229   170.7s
it 3860/7200  reward     nan  ep_len    nan  fell    0  err_xy 0.100  std 0.300  lr 1.0e-04  fps   9209   170.9s
it 3861/7200  reward     nan  ep_len    nan  fell    0  err_xy 0.089  std 0.300  lr 1.0e-04  fps   9207   171.2s
it 3862/7200  reward     nan  ep_len    nan  fell    0  err_xy 0.072  std 0.300  lr 1.0e-04  fps   9060   171.4s
it 3863/7200  reward     nan  ep_len    nan  fell    0  err_xy 0.068  std 0.300  lr 1.0e-04  fps   9043   171.7s
it 3864/7200  reward     nan  ep_len    nan  fell    0  err_xy 0.047  std 0.300  lr 1.0e-04  fps   9119   171.9s
it 3865/7200  reward     nan  ep_len    nan  fell    0  err_xy 0.035  std 0.300  lr 1.0e-04  fps   9043   172.2s
it 3866/7200  reward     nan  ep_len    nan  fell    0  err_xy 0.028  std 0.300  lr 1.0e-04  fps   9010   172.5s
it 3867/7200  reward   45.70  ep_len  400.0  fell    0  err_xy 0.098  std 0.300  lr 1.0e-04  fps   7215   172.8s
it 3868/7200  reward     nan  ep_len    nan  fell    0  err_xy 0.294  std 0.300  lr 1.0e-04  fps  10005   173.0s
it 3869/7200  reward     nan  ep_len    nan  fell    0  err_xy 0.306  std 0.300  lr 1.0e-04  fps  10213   173.2s
it 3870/7200  reward     nan  ep_len    nan  fell    0  err_xy 0.222  std 0.300  lr 1.0e-04  fps   9926   173.5s
it 3871/7200  reward     nan  ep_len    nan  fell    0  err_xy 0.167  std 0.300  lr 1.0e-04  fps   9922   173.7s
it 3872/7200  reward     nan  ep_len    nan  fell    0  err_xy 0.163  std 0.300  lr 1.0e-04  fps   9910   173.9s
it 3873/7200  reward     nan  ep_len    nan  fell    0  err_xy 0.163  std 0.300  lr 1.0e-04  fps   9618   174.2s
it 3874/7200  reward     nan  ep_len    nan  fell    0  err_xy 0.158  std 0.300  lr 1.0e-04  fps   9460   174.4s
it 3875/7200  reward     nan  ep_len    nan  fell    0  err_xy 0.129  std 0.300  lr 1.0e-04  fps   9393   174.7s
it 3876/7200  reward     nan  ep_len    nan  fell    0  err_xy 0.121  std 0.300  lr 1.0e-04  fps   9151   174.9s
it 3877/7200  reward     nan  ep_len    nan  fell    0  err_xy 0.103  std 0.300  lr 1.0e-04  fps   9223   175.2s
it 3878/7200  reward     nan  ep_len    nan  fell    0  err_xy 0.081  std 0.300  lr 1.0e-04  fps   9027   175.4s
it 3879/7200  reward     nan  ep_len    nan  fell    0  err_xy 0.069  std 0.300  lr 1.0e-04  fps   9038   175.7s
it 3880/7200  reward     nan  ep_len    nan  fell    0  err_xy 0.061  std 0.300  lr 1.0e-04  fps   9121   175.9s
it 3881/7200  reward     nan  ep_len    nan  fell    0  err_xy 0.048  std 0.300  lr 1.0e-04  fps   9159   176.2s
it 3882/7200  reward     nan  ep_len    nan  fell    0  err_xy 0.045  std 0.300  lr 1.0e-04  fps   9072   176.4s
it 3883/7200  reward     nan  ep_len    nan  fell    0  err_xy 0.039  std 0.300  lr 1.0e-04  fps   9160   176.7s
it 3884/7200  reward   45.67  ep_len  400.0  fell    0  err_xy 0.199  std 0.300  lr 1.0e-04  fps   7562   177.0s
it 3885/7200  reward     nan  ep_len    nan  fell    0  err_xy 0.277  std 0.300  lr 1.0e-04  fps  10136   177.2s
it 3886/7200  reward     nan  ep_len    nan  fell    0  err_xy 0.266  std 0.300  lr 1.0e-04  fps  10108   177.4s
it 3887/7200  reward     nan  ep_len    nan  fell    0  err_xy 0.217  std 0.300  lr 1.0e-04  fps   9951   177.7s
it 3888/7200  reward     nan  ep_len    nan  fell    0  err_xy 0.180  std 0.300  lr 1.0e-04  fps   9894   177.9s
it 3889/7200  reward     nan  ep_len    nan  fell    0  err_xy 0.176  std 0.300  lr 1.0e-04  fps   9966   178.1s
it 3890/7200  reward     nan  ep_len    nan  fell    0  err_xy 0.159  std 0.300  lr 1.0e-04  fps   9590   178.4s
it 3891/7200  reward     nan  ep_len    nan  fell    0  err_xy 0.135  std 0.300  lr 1.0e-04  fps   9478   178.6s
it 3892/7200  reward     nan  ep_len    nan  fell    0  err_xy 0.113  std 0.300  lr 1.0e-04  fps   9404   178.9s
it 3893/7200  reward     nan  ep_len    nan  fell    0  err_xy 0.100  std 0.300  lr 1.0e-04  fps   9275   179.1s
it 3894/7200  reward     nan  ep_len    nan  fell    0  err_xy 0.088  std 0.300  lr 1.0e-04  fps   9182   179.4s
it 3895/7200  reward     nan  ep_len    nan  fell    0  err_xy 0.076  std 0.300  lr 1.0e-04  fps   8921   179.6s
it 3896/7200  reward     nan  ep_len    nan  fell    0  err_xy 0.060  std 0.300  lr 1.0e-04  fps   9211   179.9s
it 3897/7200  reward     nan  ep_len    nan  fell    0  err_xy 0.049  std 0.300  lr 1.0e-04  fps   9079   180.1s
it 3898/7200  reward     nan  ep_len    nan  fell    0  err_xy 0.045  std 0.300  lr 1.0e-04  fps   9090   180.4s
it 3899/7200  reward     nan  ep_len    nan  fell    0  err_xy 0.040  std 0.300  lr 1.0e-04  fps   9043   180.6s
it 3900/7200  reward   47.14  ep_len  400.0  fell    0  err_xy 0.031  std 0.300  lr 1.0e-04  fps   7175   181.0s
it 3901/7200  reward     nan  ep_len    nan  fell    0  err_xy 0.274  std 0.300  lr 1.0e-04  fps   9624   181.2s
it 3902/7200  reward     nan  ep_len    nan  fell    0  err_xy 0.284  std 0.300  lr 1.0e-04  fps   9922   181.4s
it 3903/7200  reward     nan  ep_len    nan  fell    0  err_xy 0.247  std 0.300  lr 1.0e-04  fps   9954   181.7s
it 3904/7200  reward     nan  ep_len    nan  fell    0  err_xy 0.197  std 0.300  lr 1.0e-04  fps   9974   181.9s
it 3905/7200  reward     nan  ep_len    nan  fell    0  err_xy 0.171  std 0.300  lr 1.0e-04  fps  10000   182.1s
it 3906/7200  reward     nan  ep_len    nan  fell    0  err_xy 0.170  std 0.300  lr 1.0e-04  fps   9800   182.4s
it 3907/7200  reward     nan  ep_len    nan  fell    0  err_xy 0.164  std 0.300  lr 1.0e-04  fps   9569   182.6s
it 3908/7200  reward     nan  ep_len    nan  fell    0  err_xy 0.147  std 0.300  lr 1.0e-04  fps   9363   182.9s
it 3909/7200  reward     nan  ep_len    nan  fell    0  err_xy 0.140  std 0.300  lr 1.0e-04  fps   9446   183.1s
it 3910/7200  reward     nan  ep_len    nan  fell    0  err_xy 0.114  std 0.300  lr 1.0e-04  fps   9410   183.3s
it 3911/7200  reward     nan  ep_len    nan  fell    0  err_xy 0.096  std 0.300  lr 1.0e-04  fps   9225   183.6s
it 3912/7200  reward     nan  ep_len    nan  fell    0  err_xy 0.081  std 0.300  lr 1.0e-04  fps   9214   183.8s
it 3913/7200  reward     nan  ep_len    nan  fell    0  err_xy 0.078  std 0.300  lr 1.0e-04  fps   9254   184.1s
it 3914/7200  reward     nan  ep_len    nan  fell    0  err_xy 0.075  std 0.300  lr 1.0e-04  fps   9281   184.3s
it 3915/7200  reward     nan  ep_len    nan  fell    0  err_xy 0.060  std 0.300  lr 1.0e-04  fps   9258   184.6s
it 3916/7200  reward     nan  ep_len    nan  fell    0  err_xy 0.054  std 0.300  lr 1.0e-04  fps   9183   184.8s
it 3917/7200  reward   42.37  ep_len  400.0  fell    0  err_xy 0.108  std 0.300  lr 1.0e-04  fps   7252   185.2s
it 3918/7200  reward     nan  ep_len    nan  fell    0  err_xy 0.281  std 0.300  lr 1.0e-04  fps  10121   185.4s
it 3919/7200  reward     nan  ep_len    nan  fell    0  err_xy 0.287  std 0.300  lr 1.0e-04  fps  10004   185.6s
it 3920/7200  reward     nan  ep_len    nan  fell    0  err_xy 0.228  std 0.300  lr 1.0e-04  fps   9911   185.8s
it 3921/7200  reward     nan  ep_len    nan  fell    0  err_xy 0.178  std 0.300  lr 1.0e-04  fps   9798   186.1s
it 3922/7200  reward     nan  ep_len    nan  fell    0  err_xy 0.169  std 0.300  lr 1.0e-04  fps   9886   186.3s
it 3923/7200  reward     nan  ep_len    nan  fell    0  err_xy 0.185  std 0.300  lr 1.0e-04  fps   9720   186.6s
it 3924/7200  reward     nan  ep_len    nan  fell    0  err_xy 0.147  std 0.300  lr 1.0e-04  fps   9526   186.8s
it 3925/7200  reward     nan  ep_len    nan  fell    0  err_xy 0.123  std 0.300  lr 1.0e-04  fps   9377   187.0s
it 3926/7200  reward     nan  ep_len    nan  fell    0  err_xy 0.111  std 0.300  lr 1.0e-04  fps   9431   187.3s
it 3927/7200  reward     nan  ep_len    nan  fell    0  err_xy 0.091  std 0.300  lr 1.0e-04  fps   9226   187.5s
it 3928/7200  reward     nan  ep_len    nan  fell    0  err_xy 0.075  std 0.300  lr 1.0e-04  fps   9297   187.8s
it 3929/7200  reward     nan  ep_len    nan  fell    0  err_xy 0.070  std 0.300  lr 1.0e-04  fps   9181   188.0s
it 3930/7200  reward     nan  ep_len    nan  fell    0  err_xy 0.056  std 0.300  lr 1.0e-04  fps   9154   188.3s
it 3931/7200  reward     nan  ep_len    nan  fell    0  err_xy 0.041  std 0.300  lr 1.0e-04  fps   9114   188.5s
it 3932/7200  reward     nan  ep_len    nan  fell    0  err_xy 0.036  std 0.300  lr 1.0e-04  fps   9306   188.8s
it 3933/7200  reward     nan  ep_len    nan  fell    0  err_xy 0.029  std 0.300  lr 1.0e-04  fps   9172   189.0s
it 3934/7200  reward   47.22  ep_len  400.0  fell    0  err_xy 0.201  std 0.300  lr 1.0e-04  fps   7606   189.3s
it 3935/7200  reward     nan  ep_len    nan  fell    0  err_xy 0.287  std 0.300  lr 1.0e-04  fps  10059   189.6s
it 3936/7200  reward     nan  ep_len    nan  fell    0  err_xy 0.254  std 0.300  lr 1.0e-04  fps   9960   189.8s
it 3937/7200  reward     nan  ep_len    nan  fell    0  err_xy 0.208  std 0.300  lr 1.0e-04  fps  10015   190.0s
it 3938/7200  reward     nan  ep_len    nan  fell    0  err_xy 0.189  std 0.300  lr 1.0e-04  fps   9958   190.3s
it 3939/7200  reward     nan  ep_len    nan  fell    0  err_xy 0.165  std 0.300  lr 1.0e-04  fps   9742   190.5s
it 3940/7200  reward     nan  ep_len    nan  fell    0  err_xy 0.149  std 0.300  lr 1.0e-04  fps   9645   190.7s
it 3941/7200  reward     nan  ep_len    nan  fell    0  err_xy 0.127  std 0.300  lr 1.0e-04  fps   9545   191.0s
it 3942/7200  reward     nan  ep_len    nan  fell    0  err_xy 0.100  std 0.300  lr 1.0e-04  fps   9427   191.2s
it 3943/7200  reward     nan  ep_len    nan  fell    0  err_xy 0.081  std 0.300  lr 1.0e-04  fps   9263   191.5s
it 3944/7200  reward     nan  ep_len    nan  fell    0  err_xy 0.063  std 0.300  lr 1.0e-04  fps   9209   191.7s
it 3945/7200  reward     nan  ep_len    nan  fell    0  err_xy 0.059  std 0.300  lr 1.0e-04  fps   9342   192.0s
it 3946/7200  reward     nan  ep_len    nan  fell    0  err_xy 0.045  std 0.300  lr 1.0e-04  fps   9253   192.2s
it 3947/7200  reward     nan  ep_len    nan  fell    0  err_xy 0.035  std 0.300  lr 1.0e-04  fps   9271   192.5s
it 3948/7200  reward     nan  ep_len    nan  fell    0  err_xy 0.036  std 0.300  lr 1.0e-04  fps   9325   192.7s
it 3949/7200  reward     nan  ep_len    nan  fell    0  err_xy 0.027  std 0.300  lr 1.0e-04  fps   9300   193.0s
it 3950/7200  reward   50.68  ep_len  400.0  fell    0  err_xy 0.027  std 0.300  lr 1.0e-04  fps   7322   193.3s
it 3951/7200  reward     nan  ep_len    nan  fell    0  err_xy 0.287  std 0.300  lr 1.0e-04  fps   9737   193.5s
it 3952/7200  reward     nan  ep_len    nan  fell    0  err_xy 0.263  std 0.300  lr 1.0e-04  fps  10105   193.8s
it 3953/7200  reward     nan  ep_len    nan  fell    0  err_xy 0.250  std 0.300  lr 1.0e-04  fps  10022   194.0s
it 3954/7200  reward     nan  ep_len    nan  fell    0  err_xy 0.199  std 0.300  lr 1.0e-04  fps   9847   194.2s
it 3955/7200  reward     nan  ep_len    nan  fell    0  err_xy 0.182  std 0.300  lr 1.0e-04  fps   9842   194.4s
it 3956/7200  reward     nan  ep_len    nan  fell    0  err_xy 0.165  std 0.300  lr 1.0e-04  fps   9792   194.7s
it 3957/7200  reward     nan  ep_len    nan  fell    0  err_xy 0.127  std 0.300  lr 1.0e-04  fps   9429   194.9s
it 3958/7200  reward     nan  ep_len    nan  fell    0  err_xy 0.095  std 0.300  lr 1.0e-04  fps   8981   195.2s
it 3959/7200  reward     nan  ep_len    nan  fell    0  err_xy 0.082  std 0.300  lr 1.0e-04  fps   9154   195.4s
it 3960/7200  reward     nan  ep_len    nan  fell    0  err_xy 0.080  std 0.300  lr 1.0e-04  fps   9174   195.7s
it 3961/7200  reward     nan  ep_len    nan  fell    0  err_xy 0.067  std 0.300  lr 1.0e-04  fps   9325   195.9s
it 3962/7200  reward     nan  ep_len    nan  fell    0  err_xy 0.074  std 0.300  lr 1.0e-04  fps   9307   196.2s
it 3963/7200  reward     nan  ep_len    nan  fell    0  err_xy 0.095  std 0.300  lr 1.0e-04  fps   9354   196.4s
it 3964/7200  reward     nan  ep_len    nan  fell    0  err_xy 0.071  std 0.300  lr 1.0e-04  fps   9326   196.7s
it 3965/7200  reward     nan  ep_len    nan  fell    0  err_xy 0.061  std 0.300  lr 1.0e-04  fps   9500   196.9s
it 3966/7200  reward     nan  ep_len    nan  fell    0  err_xy 0.063  std 0.300  lr 1.0e-04  fps   9407   197.2s
it 3967/7200  reward   49.86  ep_len  400.0  fell    0  err_xy 0.118  std 0.300  lr 1.0e-04  fps   7492   197.5s
it 3968/7200  reward     nan  ep_len    nan  fell    0  err_xy 0.290  std 0.300  lr 1.0e-04  fps  10036   197.7s
it 3969/7200  reward     nan  ep_len    nan  fell    0  err_xy 0.278  std 0.300  lr 1.0e-04  fps  10139   197.9s
it 3970/7200  reward     nan  ep_len    nan  fell    0  err_xy 0.233  std 0.300  lr 1.0e-04  fps   9860   198.2s
it 3971/7200  reward     nan  ep_len    nan  fell    0  err_xy 0.190  std 0.300  lr 1.0e-04  fps   9875   198.4s
it 3972/7200  reward     nan  ep_len    nan  fell    0  err_xy 0.179  std 0.300  lr 1.0e-04  fps   9841   198.6s
it 3973/7200  reward     nan  ep_len    nan  fell    0  err_xy 0.167  std 0.300  lr 1.0e-04  fps   9765   198.9s
it 3974/7200  reward     nan  ep_len    nan  fell    0  err_xy 0.138  std 0.300  lr 1.0e-04  fps   9448   199.1s
it 3975/7200  reward     nan  ep_len    nan  fell    0  err_xy 0.123  std 0.300  lr 1.0e-04  fps   9365   199.4s
it 3976/7200  reward     nan  ep_len    nan  fell    0  err_xy 0.098  std 0.300  lr 1.0e-04  fps   9361   199.6s
it 3977/7200  reward     nan  ep_len    nan  fell    0  err_xy 0.094  std 0.300  lr 1.0e-04  fps   9294   199.9s
it 3978/7200  reward     nan  ep_len    nan  fell    0  err_xy 0.088  std 0.300  lr 1.0e-04  fps   9330   200.1s
it 3979/7200  reward     nan  ep_len    nan  fell    0  err_xy 0.072  std 0.300  lr 1.0e-04  fps   9344   200.4s
it 3980/7200  reward     nan  ep_len    nan  fell    0  err_xy 0.059  std 0.300  lr 1.0e-04  fps   9247   200.6s
it 3981/7200  reward     nan  ep_len    nan  fell    0  err_xy 0.047  std 0.300  lr 1.0e-04  fps   9408   200.8s
it 3982/7200  reward     nan  ep_len    nan  fell    0  err_xy 0.037  std 0.300  lr 1.0e-04  fps   9422   201.1s
it 3983/7200  reward     nan  ep_len    nan  fell    0  err_xy 0.035  std 0.300  lr 1.0e-04  fps   9323   201.3s
it 3984/7200  reward   48.51  ep_len  400.0  fell    0  err_xy 0.189  std 0.300  lr 1.0e-04  fps   7578   201.6s
it 3985/7200  reward     nan  ep_len    nan  fell    0  err_xy 0.296  std 0.300  lr 1.0e-04  fps   9984   201.9s
it 3986/7200  reward     nan  ep_len    nan  fell    0  err_xy 0.259  std 0.300  lr 1.0e-04  fps  10066   202.1s
it 3987/7200  reward     nan  ep_len    nan  fell    0  err_xy 0.213  std 0.300  lr 1.0e-04  fps   9925   202.3s
it 3988/7200  reward     nan  ep_len    nan  fell    0  err_xy 0.194  std 0.300  lr 1.0e-04  fps   9827   202.6s
it 3989/7200  reward     nan  ep_len    nan  fell    0  err_xy 0.178  std 0.300  lr 1.0e-04  fps   9798   202.8s
it 3990/7200  reward     nan  ep_len    nan  fell    0  err_xy 0.133  std 0.300  lr 1.0e-04  fps   9465   203.0s
it 3991/7200  reward     nan  ep_len    nan  fell    0  err_xy 0.101  std 0.300  lr 1.0e-04  fps   9226   203.3s
it 3992/7200  reward     nan  ep_len    nan  fell    0  err_xy 0.093  std 0.300  lr 1.0e-04  fps   9190   203.5s
it 3993/7200  reward     nan  ep_len    nan  fell    0  err_xy 0.086  std 0.300  lr 1.0e-04  fps   9336   203.8s
it 3994/7200  reward     nan  ep_len    nan  fell    0  err_xy 0.076  std 0.300  lr 1.0e-04  fps   9415   204.0s
it 3995/7200  reward     nan  ep_len    nan  fell    0  err_xy 0.063  std 0.300  lr 1.0e-04  fps   9426   204.3s
it 3996/7200  reward     nan  ep_len    nan  fell    0  err_xy 0.059  std 0.300  lr 1.0e-04  fps   9300   204.5s
it 3997/7200  reward     nan  ep_len    nan  fell    0  err_xy 0.043  std 0.300  lr 1.0e-04  fps   9308   204.8s
it 3998/7200  reward     nan  ep_len    nan  fell    0  err_xy 0.038  std 0.300  lr 1.0e-04  fps   9409   205.0s
it 3999/7200  reward     nan  ep_len    nan  fell    0  err_xy 0.037  std 0.300  lr 1.0e-04  fps   9355   205.3s
it 4000/7200  reward   50.97  ep_len  400.0  fell    0  err_xy 0.030  std 0.300  lr 1.0e-04  fps   6832   205.6s
eval iteration 4000:
  prone          success   0.0%  time 8.00s  peak_τ 0.96 Nm  return 61.91
  supine         success   0.0%  time 8.00s  peak_τ 0.96 Nm  return 57.26
  score 0.000
it 4001/7200  reward     nan  ep_len    nan  fell    0  err_xy 0.293  std 0.300  lr 1.0e-04  fps   9749   207.8s
it 4002/7200  reward     nan  ep_len    nan  fell    0  err_xy 0.293  std 0.300  lr 1.0e-04  fps  10086   208.0s
it 4003/7200  reward     nan  ep_len    nan  fell    0  err_xy 0.237  std 0.300  lr 1.0e-04  fps  10027   208.3s
it 4004/7200  reward     nan  ep_len    nan  fell    0  err_xy 0.190  std 0.300  lr 1.0e-04  fps   9839   208.5s
it 4005/7200  reward     nan  ep_len    nan  fell    0  err_xy 0.186  std 0.300  lr 1.0e-04  fps   9883   208.7s
it 4006/7200  reward     nan  ep_len    nan  fell    0  err_xy 0.176  std 0.300  lr 1.0e-04  fps   9653   209.0s
it 4007/7200  reward     nan  ep_len    nan  fell    0  err_xy 0.119  std 0.300  lr 1.0e-04  fps   9442   209.2s
it 4008/7200  reward     nan  ep_len    nan  fell    0  err_xy 0.109  std 0.300  lr 1.0e-04  fps   9253   209.5s
it 4009/7200  reward     nan  ep_len    nan  fell    0  err_xy 0.090  std 0.300  lr 1.0e-04  fps   9171   209.7s
it 4010/7200  reward     nan  ep_len    nan  fell    0  err_xy 0.083  std 0.300  lr 1.0e-04  fps   9322   210.0s
it 4011/7200  reward     nan  ep_len    nan  fell    0  err_xy 0.071  std 0.300  lr 1.0e-04  fps   9195   210.2s
it 4012/7200  reward     nan  ep_len    nan  fell    0  err_xy 0.058  std 0.300  lr 1.0e-04  fps   9002   210.5s
it 4013/7200  reward     nan  ep_len    nan  fell    0  err_xy 0.061  std 0.300  lr 1.0e-04  fps   9432   210.7s
it 4014/7200  reward     nan  ep_len    nan  fell    0  err_xy 0.053  std 0.300  lr 1.0e-04  fps   9375   211.0s
it 4015/7200  reward     nan  ep_len    nan  fell    0  err_xy 0.040  std 0.300  lr 1.0e-04  fps   9342   211.2s
it 4016/7200  reward     nan  ep_len    nan  fell    0  err_xy 0.036  std 0.300  lr 1.0e-04  fps   9324   211.4s
it 4017/7200  reward   51.15  ep_len  400.0  fell    0  err_xy 0.102  std 0.300  lr 1.0e-04  fps   7405   211.8s
it 4018/7200  reward     nan  ep_len    nan  fell    0  err_xy 0.279  std 0.300  lr 1.0e-04  fps   9663   212.0s
it 4019/7200  reward     nan  ep_len    nan  fell    0  err_xy 0.260  std 0.300  lr 1.0e-04  fps   9623   212.2s
it 4020/7200  reward     nan  ep_len    nan  fell    0  err_xy 0.221  std 0.300  lr 1.0e-04  fps   9811   212.5s
it 4021/7200  reward     nan  ep_len    nan  fell    0  err_xy 0.204  std 0.300  lr 1.0e-04  fps   9916   212.7s
it 4022/7200  reward     nan  ep_len    nan  fell    0  err_xy 0.192  std 0.300  lr 1.0e-04  fps   9687   212.9s
it 4023/7200  reward     nan  ep_len    nan  fell    0  err_xy 0.161  std 0.300  lr 1.0e-04  fps   9463   213.2s
it 4024/7200  reward     nan  ep_len    nan  fell    0  err_xy 0.109  std 0.300  lr 1.0e-04  fps   9321   213.4s
it 4025/7200  reward     nan  ep_len    nan  fell    0  err_xy 0.087  std 0.300  lr 1.0e-04  fps   9209   213.7s
it 4026/7200  reward     nan  ep_len    nan  fell    0  err_xy 0.065  std 0.300  lr 1.0e-04  fps   9250   213.9s
it 4027/7200  reward     nan  ep_len    nan  fell    0  err_xy 0.054  std 0.300  lr 1.0e-04  fps   9090   214.2s
it 4028/7200  reward     nan  ep_len    nan  fell    0  err_xy 0.037  std 0.300  lr 1.0e-04  fps   9252   214.4s
it 4029/7200  reward     nan  ep_len    nan  fell    0  err_xy 0.027  std 0.300  lr 1.0e-04  fps   9368   214.7s
it 4030/7200  reward     nan  ep_len    nan  fell    0  err_xy 0.032  std 0.300  lr 1.0e-04  fps   9414   214.9s
it 4031/7200  reward     nan  ep_len    nan  fell    0  err_xy 0.029  std 0.300  lr 1.0e-04  fps   9424   215.2s
it 4032/7200  reward     nan  ep_len    nan  fell    0  err_xy 0.020  std 0.300  lr 1.0e-04  fps   9454   215.4s
it 4033/7200  reward     nan  ep_len    nan  fell    0  err_xy 0.017  std 0.300  lr 1.0e-04  fps   9100   215.7s
it 4034/7200  reward   56.19  ep_len  400.0  fell    0  err_xy 0.192  std 0.300  lr 1.0e-04  fps   7576   216.0s
it 4035/7200  reward     nan  ep_len    nan  fell    0  err_xy 0.256  std 0.300  lr 1.0e-04  fps  10033   216.2s
it 4036/7200  reward     nan  ep_len    nan  fell    0  err_xy 0.272  std 0.300  lr 1.0e-04  fps   9824   216.4s
it 4037/7200  reward     nan  ep_len    nan  fell    0  err_xy 0.221  std 0.300  lr 1.0e-04  fps   9793   216.7s
it 4038/7200  reward     nan  ep_len    nan  fell    0  err_xy 0.201  std 0.300  lr 1.0e-04  fps   8435   217.0s
it 4039/7200  reward     nan  ep_len    nan  fell    0  err_xy 0.194  std 0.300  lr 1.0e-04  fps   7639   217.3s
it 4040/7200  reward     nan  ep_len    nan  fell    0  err_xy 0.144  std 0.300  lr 1.0e-04  fps   9362   217.5s
it 4041/7200  reward     nan  ep_len    nan  fell    0  err_xy 0.137  std 0.300  lr 1.0e-04  fps   8697   217.8s
it 4042/7200  reward     nan  ep_len    nan  fell    0  err_xy 0.103  std 0.300  lr 1.0e-04  fps   9157   218.0s
it 4043/7200  reward     nan  ep_len    nan  fell    0  err_xy 0.110  std 0.300  lr 1.0e-04  fps   9380   218.3s
it 4044/7200  reward     nan  ep_len    nan  fell    0  err_xy 0.098  std 0.300  lr 1.0e-04  fps   9247   218.5s
it 4045/7200  reward     nan  ep_len    nan  fell    0  err_xy 0.090  std 0.300  lr 1.0e-04  fps   9331   218.8s
it 4046/7200  reward     nan  ep_len    nan  fell    0  err_xy 0.088  std 0.300  lr 1.0e-04  fps   9282   219.0s
it 4047/7200  reward     nan  ep_len    nan  fell    0  err_xy 0.076  std 0.300  lr 1.0e-04  fps   8161   219.3s
it 4048/7200  reward     nan  ep_len    nan  fell    0  err_xy 0.070  std 0.300  lr 1.0e-04  fps   9432   219.5s
it 4049/7200  reward     nan  ep_len    nan  fell    0  err_xy 0.056  std 0.300  lr 1.0e-04  fps   9347   219.8s
it 4050/7200  reward   49.41  ep_len  400.0  fell    0  err_xy 0.043  std 0.300  lr 1.0e-04  fps   7414   220.1s
it 4051/7200  reward     nan  ep_len    nan  fell    0  err_xy 0.287  std 0.300  lr 1.0e-04  fps   9879   220.3s
it 4052/7200  reward     nan  ep_len    nan  fell    0  err_xy 0.276  std 0.300  lr 1.0e-04  fps  10015   220.6s
it 4053/7200  reward     nan  ep_len    nan  fell    0  err_xy 0.254  std 0.300  lr 1.0e-04  fps   9964   220.8s
it 4054/7200  reward     nan  ep_len    nan  fell    0  err_xy 0.207  std 0.300  lr 1.0e-04  fps   9938   221.0s
it 4055/7200  reward     nan  ep_len    nan  fell    0  err_xy 0.200  std 0.300  lr 1.0e-04  fps   9818   221.3s
it 4056/7200  reward     nan  ep_len    nan  fell    0  err_xy 0.172  std 0.300  lr 1.0e-04  fps   9457   221.5s
it 4057/7200  reward     nan  ep_len    nan  fell    0  err_xy 0.108  std 0.300  lr 1.0e-04  fps   9286   221.7s
it 4058/7200  reward     nan  ep_len    nan  fell    0  err_xy 0.083  std 0.300  lr 1.0e-04  fps   9348   222.0s
it 4059/7200  reward     nan  ep_len    nan  fell    0  err_xy 0.068  std 0.300  lr 1.0e-04  fps   9232   222.2s
it 4060/7200  reward     nan  ep_len    nan  fell    0  err_xy 0.051  std 0.300  lr 1.0e-04  fps   9419   222.5s
it 4061/7200  reward     nan  ep_len    nan  fell    0  err_xy 0.034  std 0.300  lr 1.0e-04  fps   9360   222.7s
it 4062/7200  reward     nan  ep_len    nan  fell    0  err_xy 0.029  std 0.300  lr 1.0e-04  fps   9405   223.0s
it 4063/7200  reward     nan  ep_len    nan  fell    0  err_xy 0.030  std 0.300  lr 1.0e-04  fps   9514   223.2s
it 4064/7200  reward     nan  ep_len    nan  fell    0  err_xy 0.028  std 0.300  lr 1.0e-04  fps   8750   223.5s
it 4065/7200  reward     nan  ep_len    nan  fell    0  err_xy 0.021  std 0.300  lr 1.0e-04  fps   8625   223.8s
it 4066/7200  reward     nan  ep_len    nan  fell    0  err_xy 0.023  std 0.300  lr 1.0e-04  fps   8701   224.0s
it 4067/7200  reward   56.89  ep_len  400.0  fell    0  err_xy 0.087  std 0.300  lr 1.0e-04  fps   6830   224.4s
it 4068/7200  reward     nan  ep_len    nan  fell    0  err_xy 0.273  std 0.300  lr 1.0e-04  fps   9726   224.6s
it 4069/7200  reward     nan  ep_len    nan  fell    0  err_xy 0.276  std 0.300  lr 1.0e-04  fps   9683   224.8s
it 4070/7200  reward     nan  ep_len    nan  fell    0  err_xy 0.236  std 0.300  lr 1.0e-04  fps   9914   225.1s
it 4071/7200  reward     nan  ep_len    nan  fell    0  err_xy 0.208  std 0.300  lr 1.0e-04  fps   9693   225.3s
it 4072/7200  reward     nan  ep_len    nan  fell    0  err_xy 0.205  std 0.300  lr 1.0e-04  fps   9668   225.5s
it 4073/7200  reward     nan  ep_len    nan  fell    0  err_xy 0.159  std 0.300  lr 1.0e-04  fps   8361   225.8s
it 4074/7200  reward     nan  ep_len    nan  fell    0  err_xy 0.123  std 0.300  lr 1.0e-04  fps   8646   226.1s
it 4075/7200  reward     nan  ep_len    nan  fell    0  err_xy 0.099  std 0.300  lr 1.0e-04  fps   8820   226.3s
it 4076/7200  reward     nan  ep_len    nan  fell    0  err_xy 0.083  std 0.300  lr 1.0e-04  fps   8400   226.6s
it 4077/7200  reward     nan  ep_len    nan  fell    0  err_xy 0.080  std 0.300  lr 1.0e-04  fps   9298   226.9s
it 4078/7200  reward     nan  ep_len    nan  fell    0  err_xy 0.085  std 0.300  lr 1.0e-04  fps   9305   227.1s
it 4079/7200  reward     nan  ep_len    nan  fell    0  err_xy 0.076  std 0.300  lr 1.0e-04  fps   9197   227.4s
it 4080/7200  reward     nan  ep_len    nan  fell    0  err_xy 0.061  std 0.300  lr 1.0e-04  fps   9282   227.6s
it 4081/7200  reward     nan  ep_len    nan  fell    0  err_xy 0.059  std 0.300  lr 1.0e-04  fps   9439   227.9s
it 4082/7200  reward     nan  ep_len    nan  fell    0  err_xy 0.052  std 0.300  lr 1.0e-04  fps   9450   228.1s
it 4083/7200  reward     nan  ep_len    nan  fell    0  err_xy 0.046  std 0.300  lr 1.0e-04  fps   9359   228.4s
it 4084/7200  reward   52.30  ep_len  400.0  fell    0  err_xy 0.201  std 0.300  lr 1.0e-04  fps   7489   228.7s
it 4085/7200  reward     nan  ep_len    nan  fell    0  err_xy 0.274  std 0.300  lr 1.0e-04  fps  10065   228.9s
it 4086/7200  reward     nan  ep_len    nan  fell    0  err_xy 0.278  std 0.300  lr 1.0e-04  fps   9993   229.1s
it 4087/7200  reward     nan  ep_len    nan  fell    0  err_xy 0.217  std 0.300  lr 1.0e-04  fps   9904   229.4s
it 4088/7200  reward     nan  ep_len    nan  fell    0  err_xy 0.227  std 0.300  lr 1.0e-04  fps   9802   229.6s
it 4089/7200  reward     nan  ep_len    nan  fell    0  err_xy 0.176  std 0.300  lr 1.0e-04  fps   9489   229.8s
it 4090/7200  reward     nan  ep_len    nan  fell    0  err_xy 0.131  std 0.300  lr 1.0e-04  fps   9368   230.1s
it 4091/7200  reward     nan  ep_len    nan  fell    0  err_xy 0.115  std 0.300  lr 1.0e-04  fps   9316   230.3s
it 4092/7200  reward     nan  ep_len    nan  fell    0  err_xy 0.097  std 0.300  lr 1.0e-04  fps   9240   230.6s
it 4093/7200  reward     nan  ep_len    nan  fell    0  err_xy 0.092  std 0.300  lr 1.0e-04  fps   9411   230.8s
it 4094/7200  reward     nan  ep_len    nan  fell    0  err_xy 0.069  std 0.300  lr 1.0e-04  fps   9046   231.1s
it 4095/7200  reward     nan  ep_len    nan  fell    0  err_xy 0.062  std 0.300  lr 1.0e-04  fps   9017   231.3s
it 4096/7200  reward     nan  ep_len    nan  fell    0  err_xy 0.061  std 0.300  lr 1.0e-04  fps   9383   231.6s
it 4097/7200  reward     nan  ep_len    nan  fell    0  err_xy 0.051  std 0.300  lr 1.0e-04  fps   9490   231.8s
it 4098/7200  reward     nan  ep_len    nan  fell    0  err_xy 0.047  std 0.300  lr 1.0e-04  fps   9496   232.1s
it 4099/7200  reward     nan  ep_len    nan  fell    0  err_xy 0.043  std 0.300  lr 1.0e-04  fps   9448   232.3s
it 4100/7200  reward   55.00  ep_len  400.0  fell    0  err_xy 0.046  std 0.300  lr 1.0e-04  fps   7390   232.6s
it 4101/7200  reward     nan  ep_len    nan  fell    0  err_xy 0.284  std 0.300  lr 1.0e-04  fps   9220   232.9s
it 4102/7200  reward     nan  ep_len    nan  fell    0  err_xy 0.284  std 0.300  lr 1.0e-04  fps   8550   233.1s
it 4103/7200  reward     nan  ep_len    nan  fell    0  err_xy 0.261  std 0.300  lr 1.0e-04  fps   9881   233.4s
it 4104/7200  reward     nan  ep_len    nan  fell    0  err_xy 0.209  std 0.300  lr 1.0e-04  fps   9628   233.6s
it 4105/7200  reward     nan  ep_len    nan  fell    0  err_xy 0.218  std 0.300  lr 1.0e-04  fps   9786   233.8s
it 4106/7200  reward     nan  ep_len    nan  fell    0  err_xy 0.183  std 0.300  lr 1.0e-04  fps   9398   234.1s
it 4107/7200  reward     nan  ep_len    nan  fell    0  err_xy 0.148  std 0.300  lr 1.0e-04  fps   7690   234.4s
it 4108/7200  reward     nan  ep_len    nan  fell    0  err_xy 0.118  std 0.300  lr 1.0e-04  fps   8425   234.7s
it 4109/7200  reward     nan  ep_len    nan  fell    0  err_xy 0.102  std 0.300  lr 1.0e-04  fps   7995   235.0s
it 4110/7200  reward     nan  ep_len    nan  fell    0  err_xy 0.098  std 0.300  lr 1.0e-04  fps   9473   235.2s
it 4111/7200  reward     nan  ep_len    nan  fell    0  err_xy 0.079  std 0.300  lr 1.0e-04  fps   9331   235.4s
it 4112/7200  reward     nan  ep_len    nan  fell    0  err_xy 0.071  std 0.300  lr 1.0e-04  fps   9285   235.7s
it 4113/7200  reward     nan  ep_len    nan  fell    0  err_xy 0.051  std 0.300  lr 1.0e-04  fps   9405   235.9s
it 4114/7200  reward     nan  ep_len    nan  fell    0  err_xy 0.037  std 0.300  lr 1.0e-04  fps   9466   236.2s
it 4115/7200  reward     nan  ep_len    nan  fell    0  err_xy 0.036  std 0.300  lr 1.0e-04  fps   9391   236.4s
it 4116/7200  reward     nan  ep_len    nan  fell    0  err_xy 0.036  std 0.300  lr 1.0e-04  fps   9410   236.7s
it 4117/7200  reward   55.40  ep_len  400.0  fell    0  err_xy 0.105  std 0.300  lr 1.0e-04  fps   7338   237.0s
it 4118/7200  reward     nan  ep_len    nan  fell    0  err_xy 0.283  std 0.300  lr 1.0e-04  fps   9864   237.2s
it 4119/7200  reward     nan  ep_len    nan  fell    0  err_xy 0.268  std 0.300  lr 1.0e-04  fps   9946   237.5s
it 4120/7200  reward     nan  ep_len    nan  fell    0  err_xy 0.237  std 0.300  lr 1.0e-04  fps   9928   237.7s
it 4121/7200  reward     nan  ep_len    nan  fell    0  err_xy 0.209  std 0.300  lr 1.0e-04  fps   9871   237.9s
it 4122/7200  reward     nan  ep_len    nan  fell    0  err_xy 0.202  std 0.300  lr 1.0e-04  fps   9652   238.2s
it 4123/7200  reward     nan  ep_len    nan  fell    0  err_xy 0.140  std 0.300  lr 1.0e-04  fps   9486   238.4s
it 4124/7200  reward     nan  ep_len    nan  fell    0  err_xy 0.125  std 0.300  lr 1.0e-04  fps   9403   238.6s
it 4125/7200  reward     nan  ep_len    nan  fell    0  err_xy 0.118  std 0.300  lr 1.0e-04  fps   8711   238.9s
it 4126/7200  reward     nan  ep_len    nan  fell    0  err_xy 0.101  std 0.300  lr 1.0e-04  fps   9311   239.2s
it 4127/7200  reward     nan  ep_len    nan  fell    0  err_xy 0.087  std 0.300  lr 1.0e-04  fps   8936   239.4s
it 4128/7200  reward     nan  ep_len    nan  fell    0  err_xy 0.074  std 0.300  lr 1.0e-04  fps   9196   239.7s
it 4129/7200  reward     nan  ep_len    nan  fell    0  err_xy 0.056  std 0.300  lr 1.0e-04  fps   9304   239.9s
it 4130/7200  reward     nan  ep_len    nan  fell    0  err_xy 0.040  std 0.300  lr 1.0e-04  fps   9302   240.2s
it 4131/7200  reward     nan  ep_len    nan  fell    0  err_xy 0.033  std 0.300  lr 1.0e-04  fps   9386   240.4s
it 4132/7200  reward     nan  ep_len    nan  fell    0  err_xy 0.029  std 0.300  lr 1.0e-04  fps   9381   240.7s
it 4133/7200  reward     nan  ep_len    nan  fell    0  err_xy 0.023  std 0.300  lr 1.0e-04  fps   9444   240.9s
it 4134/7200  reward   55.95  ep_len  400.0  fell    0  err_xy 0.188  std 0.300  lr 1.0e-04  fps   7364   241.2s
it 4135/7200  reward     nan  ep_len    nan  fell    0  err_xy 0.272  std 0.300  lr 1.0e-04  fps   9916   241.4s
it 4136/7200  reward     nan  ep_len    nan  fell    0  err_xy 0.248  std 0.300  lr 1.0e-04  fps   9877   241.7s
it 4137/7200  reward     nan  ep_len    nan  fell    0  err_xy 0.214  std 0.300  lr 1.0e-04  fps   9908   241.9s
it 4138/7200  reward     nan  ep_len    nan  fell    0  err_xy 0.202  std 0.300  lr 1.0e-04  fps   9819   242.1s
it 4139/7200  reward     nan  ep_len    nan  fell    0  err_xy 0.174  std 0.300  lr 1.0e-04  fps   9483   242.4s
it 4140/7200  reward     nan  ep_len    nan  fell    0  err_xy 0.129  std 0.300  lr 1.0e-04  fps   9510   242.6s
it 4141/7200  reward     nan  ep_len    nan  fell    0  err_xy 0.110  std 0.300  lr 1.0e-04  fps   9445   242.9s
it 4142/7200  reward     nan  ep_len    nan  fell    0  err_xy 0.090  std 0.300  lr 1.0e-04  fps   9246   243.1s
it 4143/7200  reward     nan  ep_len    nan  fell    0  err_xy 0.080  std 0.300  lr 1.0e-04  fps   8722   243.4s
it 4144/7200  reward     nan  ep_len    nan  fell    0  err_xy 0.073  std 0.300  lr 1.0e-04  fps   9127   243.6s
it 4145/7200  reward     nan  ep_len    nan  fell    0  err_xy 0.060  std 0.300  lr 1.0e-04  fps   9367   243.9s
it 4146/7200  reward     nan  ep_len    nan  fell    0  err_xy 0.058  std 0.300  lr 1.0e-04  fps   9495   244.1s
it 4147/7200  reward     nan  ep_len    nan  fell    0  err_xy 0.046  std 0.300  lr 1.0e-04  fps   9313   244.4s
it 4148/7200  reward     nan  ep_len    nan  fell    0  err_xy 0.044  std 0.300  lr 1.0e-04  fps   9330   244.6s
it 4149/7200  reward     nan  ep_len    nan  fell    0  err_xy 0.035  std 0.300  lr 1.0e-04  fps   9470   244.9s
it 4150/7200  reward   50.94  ep_len  400.0  fell    0  err_xy 0.035  std 0.300  lr 1.0e-04  fps   7460   245.2s
it 4151/7200  reward     nan  ep_len    nan  fell    0  err_xy 0.247  std 0.300  lr 1.0e-04  fps  10029   245.4s
it 4152/7200  reward     nan  ep_len    nan  fell    0  err_xy 0.245  std 0.300  lr 1.0e-04  fps  10024   245.6s
it 4153/7200  reward     nan  ep_len    nan  fell    0  err_xy 0.264  std 0.300  lr 1.0e-04  fps   9963   245.9s
it 4154/7200  reward     nan  ep_len    nan  fell    0  err_xy 0.219  std 0.300  lr 1.0e-04  fps   9977   246.1s
it 4155/7200  reward     nan  ep_len    nan  fell    0  err_xy 0.210  std 0.300  lr 1.0e-04  fps   9692   246.3s
it 4156/7200  reward     nan  ep_len    nan  fell    0  err_xy 0.182  std 0.300  lr 1.0e-04  fps   9615   246.6s
it 4157/7200  reward     nan  ep_len    nan  fell    0  err_xy 0.132  std 0.300  lr 1.0e-04  fps   9441   246.8s
it 4158/7200  reward     nan  ep_len    nan  fell    0  err_xy 0.114  std 0.300  lr 1.0e-04  fps   9474   247.1s
it 4159/7200  reward     nan  ep_len    nan  fell    0  err_xy 0.102  std 0.300  lr 1.0e-04  fps   9392   247.3s
it 4160/7200  reward     nan  ep_len    nan  fell    0  err_xy 0.078  std 0.300  lr 1.0e-04  fps   9381   247.6s
it 4161/7200  reward     nan  ep_len    nan  fell    0  err_xy 0.069  std 0.300  lr 1.0e-04  fps   9266   247.8s
it 4162/7200  reward     nan  ep_len    nan  fell    0  err_xy 0.054  std 0.300  lr 1.0e-04  fps   9411   248.1s
it 4163/7200  reward     nan  ep_len    nan  fell    0  err_xy 0.043  std 0.300  lr 1.0e-04  fps   9370   248.3s
it 4164/7200  reward     nan  ep_len    nan  fell    0  err_xy 0.033  std 0.300  lr 1.0e-04  fps   9209   248.6s
it 4165/7200  reward     nan  ep_len    nan  fell    0  err_xy 0.031  std 0.300  lr 1.0e-04  fps   9366   248.8s
it 4166/7200  reward     nan  ep_len    nan  fell    0  err_xy 0.020  std 0.300  lr 1.0e-04  fps   9340   249.0s
it 4167/7200  reward   52.09  ep_len  400.0  fell    0  err_xy 0.087  std 0.300  lr 1.0e-04  fps   7448   249.4s
it 4168/7200  reward     nan  ep_len    nan  fell    0  err_xy 0.277  std 0.300  lr 1.0e-04  fps   9905   249.6s
it 4169/7200  reward     nan  ep_len    nan  fell    0  err_xy 0.261  std 0.300  lr 1.0e-04  fps   9991   249.8s
it 4170/7200  reward     nan  ep_len    nan  fell    0  err_xy 0.242  std 0.300  lr 1.0e-04  fps  10011   250.1s
it 4171/7200  reward     nan  ep_len    nan  fell    0  err_xy 0.206  std 0.300  lr 1.0e-04  fps   9860   250.3s
it 4172/7200  reward     nan  ep_len    nan  fell    0  err_xy 0.182  std 0.300  lr 1.0e-04  fps   9620   250.5s
it 4173/7200  reward     nan  ep_len    nan  fell    0  err_xy 0.148  std 0.300  lr 1.0e-04  fps   9376   250.8s
it 4174/7200  reward     nan  ep_len    nan  fell    0  err_xy 0.103  std 0.300  lr 1.0e-04  fps   9295   251.0s
it 4175/7200  reward     nan  ep_len    nan  fell    0  err_xy 0.106  std 0.300  lr 1.0e-04  fps   9318   251.3s
it 4176/7200  reward     nan  ep_len    nan  fell    0  err_xy 0.088  std 0.300  lr 1.0e-04  fps   9474   251.5s
it 4177/7200  reward     nan  ep_len    nan  fell    0  err_xy 0.074  std 0.300  lr 1.0e-04  fps   9125   251.8s
it 4178/7200  reward     nan  ep_len    nan  fell    0  err_xy 0.067  std 0.300  lr 1.0e-04  fps   8821   252.0s
it 4179/7200  reward     nan  ep_len    nan  fell    0  err_xy 0.066  std 0.300  lr 1.0e-04  fps   8712   252.3s
it 4180/7200  reward     nan  ep_len    nan  fell    0  err_xy 0.050  std 0.300  lr 1.0e-04  fps   9357   252.5s
it 4181/7200  reward     nan  ep_len    nan  fell    0  err_xy 0.043  std 0.300  lr 1.0e-04  fps   9247   252.8s
it 4182/7200  reward     nan  ep_len    nan  fell    0  err_xy 0.037  std 0.300  lr 1.0e-04  fps   9217   253.0s
it 4183/7200  reward     nan  ep_len    nan  fell    0  err_xy 0.035  std 0.300  lr 1.0e-04  fps   9371   253.3s
it 4184/7200  reward   53.87  ep_len  400.0  fell    0  err_xy 0.182  std 0.300  lr 1.0e-04  fps   7558   253.6s
it 4185/7200  reward     nan  ep_len    nan  fell    0  err_xy 0.230  std 0.300  lr 1.0e-04  fps   9970   253.8s
it 4186/7200  reward     nan  ep_len    nan  fell    0  err_xy 0.259  std 0.300  lr 1.0e-04  fps   9923   254.1s
it 4187/7200  reward     nan  ep_len    nan  fell    0  err_xy 0.229  std 0.300  lr 1.0e-04  fps  10027   254.3s
it 4188/7200  reward     nan  ep_len    nan  fell    0  err_xy 0.220  std 0.300  lr 1.0e-04  fps   9864   254.5s
it 4189/7200  reward     nan  ep_len    nan  fell    0  err_xy 0.187  std 0.300  lr 1.0e-04  fps   9537   254.8s
it 4190/7200  reward     nan  ep_len    nan  fell    0  err_xy 0.142  std 0.300  lr 1.0e-04  fps   9316   255.0s
it 4191/7200  reward     nan  ep_len    nan  fell    0  err_xy 0.122  std 0.300  lr 1.0e-04  fps   9202   255.3s
it 4192/7200  reward     nan  ep_len    nan  fell    0  err_xy 0.098  std 0.300  lr 1.0e-04  fps   9462   255.5s
it 4193/7200  reward     nan  ep_len    nan  fell    0  err_xy 0.077  std 0.300  lr 1.0e-04  fps   8361   255.8s
it 4194/7200  reward     nan  ep_len    nan  fell    0  err_xy 0.065  std 0.300  lr 1.0e-04  fps   8795   256.0s
it 4195/7200  reward     nan  ep_len    nan  fell    0  err_xy 0.058  std 0.300  lr 1.0e-04  fps   8432   256.3s
it 4196/7200  reward     nan  ep_len    nan  fell    0  err_xy 0.046  std 0.300  lr 1.0e-04  fps   8399   256.6s
it 4197/7200  reward     nan  ep_len    nan  fell    0  err_xy 0.045  std 0.300  lr 1.0e-04  fps   8363   256.9s
it 4198/7200  reward     nan  ep_len    nan  fell    0  err_xy 0.040  std 0.300  lr 1.0e-04  fps   8406   257.1s
it 4199/7200  reward     nan  ep_len    nan  fell    0  err_xy 0.037  std 0.300  lr 1.0e-04  fps   8416   257.4s
it 4200/7200  reward   54.20  ep_len  400.0  fell    0  err_xy 0.034  std 0.300  lr 1.0e-04  fps   6460   257.8s
eval iteration 4200:
  prone          success   0.0%  time 8.00s  peak_τ 0.96 Nm  return 43.14
  supine         success   0.0%  time 8.00s  peak_τ 0.96 Nm  return 65.00
  score 0.000
it 4201/7200  reward     nan  ep_len    nan  fell    0  err_xy 0.276  std 0.300  lr 1.0e-04  fps   8725   260.0s
it 4202/7200  reward     nan  ep_len    nan  fell    0  err_xy 0.254  std 0.300  lr 1.0e-04  fps   8877   260.3s
it 4203/7200  reward     nan  ep_len    nan  fell    0  err_xy 0.273  std 0.300  lr 1.0e-04  fps   8261   260.6s
it 4204/7200  reward     nan  ep_len    nan  fell    0  err_xy 0.224  std 0.300  lr 1.0e-04  fps   8269   260.9s
it 4205/7200  reward     nan  ep_len    nan  fell    0  err_xy 0.205  std 0.300  lr 1.0e-04  fps   8649   261.1s
it 4206/7200  reward     nan  ep_len    nan  fell    0  err_xy 0.175  std 0.300  lr 1.0e-04  fps   8491   261.4s
it 4207/7200  reward     nan  ep_len    nan  fell    0  err_xy 0.126  std 0.300  lr 1.0e-04  fps   8481   261.7s
it 4208/7200  reward     nan  ep_len    nan  fell    0  err_xy 0.114  std 0.300  lr 1.0e-04  fps   8438   261.9s
it 4209/7200  reward     nan  ep_len    nan  fell    0  err_xy 0.098  std 0.300  lr 1.0e-04  fps   8617   262.2s
it 4210/7200  reward     nan  ep_len    nan  fell    0  err_xy 0.086  std 0.300  lr 1.0e-04  fps   8110   262.5s
it 4211/7200  reward     nan  ep_len    nan  fell    0  err_xy 0.065  std 0.300  lr 1.0e-04  fps   8272   262.8s
it 4212/7200  reward     nan  ep_len    nan  fell    0  err_xy 0.049  std 0.300  lr 1.0e-04  fps   9238   263.0s
it 4213/7200  reward     nan  ep_len    nan  fell    0  err_xy 0.041  std 0.300  lr 1.0e-04  fps   8792   263.3s
it 4214/7200  reward     nan  ep_len    nan  fell    0  err_xy 0.034  std 0.300  lr 1.0e-04  fps   8338   263.6s
it 4215/7200  reward     nan  ep_len    nan  fell    0  err_xy 0.031  std 0.300  lr 1.0e-04  fps   9159   263.8s
it 4216/7200  reward     nan  ep_len    nan  fell    0  err_xy 0.027  std 0.300  lr 1.0e-04  fps   9404   264.1s
it 4217/7200  reward   55.55  ep_len  400.0  fell    0  err_xy 0.095  std 0.300  lr 1.0e-04  fps   7473   264.4s
it 4218/7200  reward     nan  ep_len    nan  fell    0  err_xy 0.272  std 0.300  lr 1.0e-04  fps   9848   264.6s
it 4219/7200  reward     nan  ep_len    nan  fell    0  err_xy 0.241  std 0.300  lr 1.0e-04  fps   9958   264.8s
it 4220/7200  reward     nan  ep_len    nan  fell    0  err_xy 0.237  std 0.300  lr 1.0e-04  fps   9879   265.1s
it 4221/7200  reward     nan  ep_len    nan  fell    0  err_xy 0.205  std 0.300  lr 1.0e-04  fps   9746   265.3s
it 4222/7200  reward     nan  ep_len    nan  fell    0  err_xy 0.203  std 0.300  lr 1.0e-04  fps   9445   265.6s
it 4223/7200  reward     nan  ep_len    nan  fell    0  err_xy 0.169  std 0.300  lr 1.0e-04  fps   9253   265.8s
it 4224/7200  reward     nan  ep_len    nan  fell    0  err_xy 0.119  std 0.300  lr 1.0e-04  fps   9352   266.0s
it 4225/7200  reward     nan  ep_len    nan  fell    0  err_xy 0.098  std 0.300  lr 1.0e-04  fps   9345   266.3s
it 4226/7200  reward     nan  ep_len    nan  fell    0  err_xy 0.087  std 0.300  lr 1.0e-04  fps   9451   266.5s
it 4227/7200  reward     nan  ep_len    nan  fell    0  err_xy 0.080  std 0.300  lr 1.0e-04  fps   9385   266.8s
it 4228/7200  reward     nan  ep_len    nan  fell    0  err_xy 0.083  std 0.300  lr 1.0e-04  fps   9422   267.0s
it 4229/7200  reward     nan  ep_len    nan  fell    0  err_xy 0.077  std 0.300  lr 1.0e-04  fps   9458   267.3s
it 4230/7200  reward     nan  ep_len    nan  fell    0  err_xy 0.071  std 0.300  lr 1.0e-04  fps   9451   267.5s
it 4231/7200  reward     nan  ep_len    nan  fell    0  err_xy 0.061  std 0.300  lr 1.0e-04  fps   9349   267.8s
it 4232/7200  reward     nan  ep_len    nan  fell    0  err_xy 0.047  std 0.300  lr 1.0e-04  fps   9388   268.0s
it 4233/7200  reward     nan  ep_len    nan  fell    0  err_xy 0.029  std 0.300  lr 1.0e-04  fps   9284   268.3s
it 4234/7200  reward   52.82  ep_len  400.0  fell    0  err_xy 0.195  std 0.300  lr 1.0e-04  fps   6812   268.6s
it 4235/7200  reward     nan  ep_len    nan  fell    0  err_xy 0.253  std 0.300  lr 1.0e-04  fps   9661   268.8s
it 4236/7200  reward     nan  ep_len    nan  fell    0  err_xy 0.244  std 0.300  lr 1.0e-04  fps   9862   269.1s
it 4237/7200  reward     nan  ep_len    nan  fell    0  err_xy 0.221  std 0.300  lr 1.0e-04  fps   9930   269.3s
it 4238/7200  reward     nan  ep_len    nan  fell    0  err_xy 0.201  std 0.300  lr 1.0e-04  fps   9735   269.5s
it 4239/7200  reward     nan  ep_len    nan  fell    0  err_xy 0.162  std 0.300  lr 1.0e-04  fps   9555   269.8s
it 4240/7200  reward     nan  ep_len    nan  fell    0  err_xy 0.140  std 0.300  lr 1.0e-04  fps   9287   270.0s
it 4241/7200  reward     nan  ep_len    nan  fell    0  err_xy 0.101  std 0.300  lr 1.0e-04  fps   9194   270.3s
it 4242/7200  reward     nan  ep_len    nan  fell    0  err_xy 0.088  std 0.300  lr 1.0e-04  fps   9312   270.5s
it 4243/7200  reward     nan  ep_len    nan  fell    0  err_xy 0.071  std 0.300  lr 1.0e-04  fps   9300   270.8s
it 4244/7200  reward     nan  ep_len    nan  fell    0  err_xy 0.061  std 0.300  lr 1.0e-04  fps   8753   271.0s
it 4245/7200  reward     nan  ep_len    nan  fell    0  err_xy 0.053  std 0.300  lr 1.0e-04  fps   9490   271.3s
it 4246/7200  reward     nan  ep_len    nan  fell    0  err_xy 0.041  std 0.300  lr 1.0e-04  fps   9386   271.5s
it 4247/7200  reward     nan  ep_len    nan  fell    0  err_xy 0.037  std 0.300  lr 1.0e-04  fps   8704   271.8s
it 4248/7200  reward     nan  ep_len    nan  fell    0  err_xy 0.030  std 0.300  lr 1.0e-04  fps   9360   272.0s
it 4249/7200  reward     nan  ep_len    nan  fell    0  err_xy 0.031  std 0.300  lr 1.0e-04  fps   9377   272.3s
it 4250/7200  reward   54.40  ep_len  400.0  fell    0  err_xy 0.021  std 0.300  lr 1.0e-04  fps   7156   272.6s
it 4251/7200  reward     nan  ep_len    nan  fell    0  err_xy 0.269  std 0.300  lr 1.0e-04  fps   9368   272.9s
it 4252/7200  reward     nan  ep_len    nan  fell    0  err_xy 0.255  std 0.300  lr 1.0e-04  fps   9884   273.1s
it 4253/7200  reward     nan  ep_len    nan  fell    0  err_xy 0.257  std 0.300  lr 1.0e-04  fps   9944   273.3s
it 4254/7200  reward     nan  ep_len    nan  fell    0  err_xy 0.202  std 0.300  lr 1.0e-04  fps  10012   273.5s
it 4255/7200  reward     nan  ep_len    nan  fell    0  err_xy 0.192  std 0.300  lr 1.0e-04  fps   9366   273.8s
it 4256/7200  reward     nan  ep_len    nan  fell    0  err_xy 0.161  std 0.300  lr 1.0e-04  fps   8854   274.1s
it 4257/7200  reward     nan  ep_len    nan  fell    0  err_xy 0.127  std 0.300  lr 1.0e-04  fps   9317   274.3s
it 4258/7200  reward     nan  ep_len    nan  fell    0  err_xy 0.111  std 0.300  lr 1.0e-04  fps   9452   274.5s
it 4259/7200  reward     nan  ep_len    nan  fell    0  err_xy 0.086  std 0.300  lr 1.0e-04  fps   9427   274.8s
it 4260/7200  reward     nan  ep_len    nan  fell    0  err_xy 0.071  std 0.300  lr 1.0e-04  fps   9353   275.0s
it 4261/7200  reward     nan  ep_len    nan  fell    0  err_xy 0.061  std 0.300  lr 1.0e-04  fps   8286   275.3s
it 4262/7200  reward     nan  ep_len    nan  fell    0  err_xy 0.064  std 0.300  lr 1.0e-04  fps   6867   275.7s
it 4263/7200  reward     nan  ep_len    nan  fell    0  err_xy 0.054  std 0.300  lr 1.0e-04  fps   8070   275.9s
it 4264/7200  reward     nan  ep_len    nan  fell    0  err_xy 0.045  std 0.300  lr 1.0e-04  fps   9305   276.2s
it 4265/7200  reward     nan  ep_len    nan  fell    0  err_xy 0.042  std 0.300  lr 1.0e-04  fps   9512   276.4s
it 4266/7200  reward     nan  ep_len    nan  fell    0  err_xy 0.044  std 0.300  lr 1.0e-04  fps   9480   276.7s
it 4267/7200  reward   55.11  ep_len  400.0  fell    0  err_xy 0.115  std 0.300  lr 1.0e-04  fps   6759   277.0s
it 4268/7200  reward     nan  ep_len    nan  fell    0  err_xy 0.283  std 0.300  lr 1.0e-04  fps   9735   277.3s
it 4269/7200  reward     nan  ep_len    nan  fell    0  err_xy 0.271  std 0.300  lr 1.0e-04  fps   9583   277.5s
it 4270/7200  reward     nan  ep_len    nan  fell    0  err_xy 0.253  std 0.300  lr 1.0e-04  fps   9784   277.7s
it 4271/7200  reward     nan  ep_len    nan  fell    0  err_xy 0.206  std 0.300  lr 1.0e-04  fps   9762   278.0s
it 4272/7200  reward     nan  ep_len    nan  fell    0  err_xy 0.188  std 0.300  lr 1.0e-04  fps   9697   278.2s
it 4273/7200  reward     nan  ep_len    nan  fell    0  err_xy 0.152  std 0.300  lr 1.0e-04  fps   9309   278.4s
it 4274/7200  reward     nan  ep_len    nan  fell    0  err_xy 0.106  std 0.300  lr 1.0e-04  fps   9286   278.7s
it 4275/7200  reward     nan  ep_len    nan  fell    0  err_xy 0.080  std 0.300  lr 1.0e-04  fps   9297   278.9s
it 4276/7200  reward     nan  ep_len    nan  fell    0  err_xy 0.072  std 0.300  lr 1.0e-04  fps   8377   279.2s
it 4277/7200  reward     nan  ep_len    nan  fell    0  err_xy 0.076  std 0.300  lr 1.0e-04  fps   9313   279.5s
it 4278/7200  reward     nan  ep_len    nan  fell    0  err_xy 0.079  std 0.300  lr 1.0e-04  fps   9235   279.7s
it 4279/7200  reward     nan  ep_len    nan  fell    0  err_xy 0.076  std 0.300  lr 1.0e-04  fps   9071   280.0s
it 4280/7200  reward     nan  ep_len    nan  fell    0  err_xy 0.071  std 0.300  lr 1.0e-04  fps   9095   280.2s
it 4281/7200  reward     nan  ep_len    nan  fell    0  err_xy 0.067  std 0.300  lr 1.0e-04  fps   9014   280.5s
it 4282/7200  reward     nan  ep_len    nan  fell    0  err_xy 0.052  std 0.300  lr 1.0e-04  fps   9246   280.7s
it 4283/7200  reward     nan  ep_len    nan  fell    0  err_xy 0.052  std 0.300  lr 1.0e-04  fps   9283   281.0s
it 4284/7200  reward   54.90  ep_len  400.0  fell    0  err_xy 0.190  std 0.300  lr 1.0e-04  fps   7083   281.3s
it 4285/7200  reward     nan  ep_len    nan  fell    0  err_xy 0.253  std 0.300  lr 1.0e-04  fps   9997   281.5s
it 4286/7200  reward     nan  ep_len    nan  fell    0  err_xy 0.252  std 0.300  lr 1.0e-04  fps   9941   281.8s
it 4287/7200  reward     nan  ep_len    nan  fell    0  err_xy 0.234  std 0.300  lr 1.0e-04  fps   9769   282.0s
it 4288/7200  reward     nan  ep_len    nan  fell    0  err_xy 0.213  std 0.300  lr 1.0e-04  fps   8834   282.3s
it 4289/7200  reward     nan  ep_len    nan  fell    0  err_xy 0.184  std 0.300  lr 1.0e-04  fps   9614   282.5s
it 4290/7200  reward     nan  ep_len    nan  fell    0  err_xy 0.135  std 0.300  lr 1.0e-04  fps   9336   282.8s
it 4291/7200  reward     nan  ep_len    nan  fell    0  err_xy 0.092  std 0.300  lr 1.0e-04  fps   8849   283.0s
it 4292/7200  reward     nan  ep_len    nan  fell    0  err_xy 0.071  std 0.300  lr 1.0e-04  fps   9187   283.3s
it 4293/7200  reward     nan  ep_len    nan  fell    0  err_xy 0.061  std 0.300  lr 1.0e-04  fps   9542   283.5s
it 4294/7200  reward     nan  ep_len    nan  fell    0  err_xy 0.047  std 0.300  lr 1.0e-04  fps   9498   283.8s
it 4295/7200  reward     nan  ep_len    nan  fell    0  err_xy 0.043  std 0.300  lr 1.0e-04  fps   9312   284.0s
it 4296/7200  reward     nan  ep_len    nan  fell    0  err_xy 0.026  std 0.300  lr 1.0e-04  fps   9271   284.2s
it 4297/7200  reward     nan  ep_len    nan  fell    0  err_xy 0.019  std 0.300  lr 1.0e-04  fps   9342   284.5s
it 4298/7200  reward     nan  ep_len    nan  fell    0  err_xy 0.016  std 0.300  lr 1.0e-04  fps   9165   284.7s
it 4299/7200  reward     nan  ep_len    nan  fell    0  err_xy 0.014  std 0.300  lr 1.0e-04  fps   9304   285.0s
it 4300/7200  reward   60.29  ep_len  400.0  fell    0  err_xy 0.013  std 0.300  lr 1.0e-04  fps   7227   285.3s
it 4301/7200  reward     nan  ep_len    nan  fell    0  err_xy 0.279  std 0.300  lr 1.0e-04  fps   9884   285.5s
it 4302/7200  reward     nan  ep_len    nan  fell    0  err_xy 0.269  std 0.300  lr 1.0e-04  fps   9831   285.8s
it 4303/7200  reward     nan  ep_len    nan  fell    0  err_xy 0.276  std 0.300  lr 1.0e-04  fps  10065   286.0s
it 4304/7200  reward     nan  ep_len    nan  fell    0  err_xy 0.225  std 0.300  lr 1.0e-04  fps  10074   286.2s
it 4305/7200  reward     nan  ep_len    nan  fell    0  err_xy 0.212  std 0.300  lr 1.0e-04  fps  10081   286.5s
it 4306/7200  reward     nan  ep_len    nan  fell    0  err_xy 0.192  std 0.300  lr 1.0e-04  fps   9689   286.7s
it 4307/7200  reward     nan  ep_len    nan  fell    0  err_xy 0.139  std 0.300  lr 1.0e-04  fps   9599   286.9s
it 4308/7200  reward     nan  ep_len    nan  fell    0  err_xy 0.107  std 0.300  lr 1.0e-04  fps   9636   287.2s
it 4309/7200  reward     nan  ep_len    nan  fell    0  err_xy 0.090  std 0.300  lr 1.0e-04  fps   8559   287.5s
it 4310/7200  reward     nan  ep_len    nan  fell    0  err_xy 0.075  std 0.300  lr 1.0e-04  fps   9610   287.7s
it 4311/7200  reward     nan  ep_len    nan  fell    0  err_xy 0.058  std 0.300  lr 1.0e-04  fps   9622   287.9s
it 4312/7200  reward     nan  ep_len    nan  fell    0  err_xy 0.046  std 0.300  lr 1.0e-04  fps   9721   288.2s
it 4313/7200  reward     nan  ep_len    nan  fell    0  err_xy 0.041  std 0.300  lr 1.0e-04  fps   9594   288.4s
it 4314/7200  reward     nan  ep_len    nan  fell    0  err_xy 0.037  std 0.300  lr 1.0e-04  fps   9521   288.7s
it 4315/7200  reward     nan  ep_len    nan  fell    0  err_xy 0.036  std 0.300  lr 1.0e-04  fps   9509   288.9s
it 4316/7200  reward     nan  ep_len    nan  fell    0  err_xy 0.037  std 0.300  lr 1.0e-04  fps   9622   289.1s
it 4317/7200  reward   54.29  ep_len  400.0  fell    0  err_xy 0.099  std 0.300  lr 1.0e-04  fps   7096   289.5s
it 4318/7200  reward     nan  ep_len    nan  fell    0  err_xy 0.259  std 0.300  lr 1.0e-04  fps  10080   289.7s
it 4319/7200  reward     nan  ep_len    nan  fell    0  err_xy 0.251  std 0.300  lr 1.0e-04  fps  10204   289.9s
it 4320/7200  reward     nan  ep_len    nan  fell    0  err_xy 0.248  std 0.300  lr 1.0e-04  fps   9094   290.2s
it 4321/7200  reward     nan  ep_len    nan  fell    0  err_xy 0.200  std 0.300  lr 1.0e-04  fps   9968   290.4s
it 4322/7200  reward     nan  ep_len    nan  fell    0  err_xy 0.184  std 0.300  lr 1.0e-04  fps   9843   290.6s
it 4323/7200  reward     nan  ep_len    nan  fell    0  err_xy 0.170  std 0.300  lr 1.0e-04  fps   9555   290.9s
it 4324/7200  reward     nan  ep_len    nan  fell    0  err_xy 0.147  std 0.300  lr 1.0e-04  fps   9726   291.1s
it 4325/7200  reward     nan  ep_len    nan  fell    0  err_xy 0.124  std 0.300  lr 1.0e-04  fps   9755   291.4s
it 4326/7200  reward     nan  ep_len    nan  fell    0  err_xy 0.114  std 0.300  lr 1.0e-04  fps   9767   291.6s
it 4327/7200  reward     nan  ep_len    nan  fell    0  err_xy 0.106  std 0.300  lr 1.0e-04  fps   9623   291.8s
it 4328/7200  reward     nan  ep_len    nan  fell    0  err_xy 0.092  std 0.300  lr 1.0e-04  fps   9646   292.1s
it 4329/7200  reward     nan  ep_len    nan  fell    0  err_xy 0.075  std 0.300  lr 1.0e-04  fps   9645   292.3s
it 4330/7200  reward     nan  ep_len    nan  fell    0  err_xy 0.057  std 0.300  lr 1.0e-04  fps   9612   292.5s
it 4331/7200  reward     nan  ep_len    nan  fell    0  err_xy 0.053  std 0.300  lr 1.0e-04  fps   9501   292.8s
it 4332/7200  reward     nan  ep_len    nan  fell    0  err_xy 0.048  std 0.300  lr 1.0e-04  fps   9599   293.0s
it 4333/7200  reward     nan  ep_len    nan  fell    0  err_xy 0.039  std 0.300  lr 1.0e-04  fps   9646   293.3s
it 4334/7200  reward   48.52  ep_len  400.0  fell    0  err_xy 0.192  std 0.300  lr 1.0e-04  fps   7588   293.6s
it 4335/7200  reward     nan  ep_len    nan  fell    0  err_xy 0.262  std 0.300  lr 1.0e-04  fps   9988   293.8s
it 4336/7200  reward     nan  ep_len    nan  fell    0  err_xy 0.245  std 0.300  lr 1.0e-04  fps   7758   294.1s
it 4337/7200  reward     nan  ep_len    nan  fell    0  err_xy 0.226  std 0.300  lr 1.0e-04  fps   9994   294.3s
it 4338/7200  reward     nan  ep_len    nan  fell    0  err_xy 0.186  std 0.300  lr 1.0e-04  fps  10079   294.6s
it 4339/7200  reward     nan  ep_len    nan  fell    0  err_xy 0.188  std 0.300  lr 1.0e-04  fps   9754   294.8s
it 4340/7200  reward     nan  ep_len    nan  fell    0  err_xy 0.151  std 0.300  lr 1.0e-04  fps   9688   295.0s
it 4341/7200  reward     nan  ep_len    nan  fell    0  err_xy 0.117  std 0.300  lr 1.0e-04  fps   9645   295.3s
it 4342/7200  reward     nan  ep_len    nan  fell    0  err_xy 0.106  std 0.300  lr 1.0e-04  fps   9679   295.5s
it 4343/7200  reward     nan  ep_len    nan  fell    0  err_xy 0.091  std 0.300  lr 1.0e-04  fps   9663   295.8s
it 4344/7200  reward     nan  ep_len    nan  fell    0  err_xy 0.086  std 0.300  lr 1.0e-04  fps   9659   296.0s
it 4345/7200  reward     nan  ep_len    nan  fell    0  err_xy 0.066  std 0.300  lr 1.0e-04  fps   9725   296.2s
it 4346/7200  reward     nan  ep_len    nan  fell    0  err_xy 0.062  std 0.300  lr 1.0e-04  fps   9677   296.5s
it 4347/7200  reward     nan  ep_len    nan  fell    0  err_xy 0.056  std 0.300  lr 1.0e-04  fps   9580   296.7s
it 4348/7200  reward     nan  ep_len    nan  fell    0  err_xy 0.041  std 0.300  lr 1.0e-04  fps   9636   296.9s
it 4349/7200  reward     nan  ep_len    nan  fell    0  err_xy 0.032  std 0.300  lr 1.0e-04  fps   9587   297.2s
it 4350/7200  reward   53.21  ep_len  400.0  fell    0  err_xy 0.030  std 0.300  lr 1.0e-04  fps   7500   297.5s
it 4351/7200  reward     nan  ep_len    nan  fell    0  err_xy 0.286  std 0.300  lr 1.0e-04  fps  10154   297.7s
it 4352/7200  reward     nan  ep_len    nan  fell    0  err_xy 0.256  std 0.300  lr 1.0e-04  fps  10330   297.9s
it 4353/7200  reward     nan  ep_len    nan  fell    0  err_xy 0.267  std 0.300  lr 1.0e-04  fps  10268   298.2s
it 4354/7200  reward     nan  ep_len    nan  fell    0  err_xy 0.217  std 0.300  lr 1.0e-04  fps  10230   298.4s
it 4355/7200  reward     nan  ep_len    nan  fell    0  err_xy 0.198  std 0.300  lr 1.0e-04  fps   9962   298.6s
it 4356/7200  reward     nan  ep_len    nan  fell    0  err_xy 0.191  std 0.300  lr 1.0e-04  fps   9788   298.9s
it 4357/7200  reward     nan  ep_len    nan  fell    0  err_xy 0.178  std 0.300  lr 1.0e-04  fps   9710   299.1s
it 4358/7200  reward     nan  ep_len    nan  fell    0  err_xy 0.156  std 0.300  lr 1.0e-04  fps   9751   299.3s
it 4359/7200  reward     nan  ep_len    nan  fell    0  err_xy 0.123  std 0.300  lr 1.0e-04  fps   9729   299.6s
it 4360/7200  reward     nan  ep_len    nan  fell    0  err_xy 0.103  std 0.300  lr 1.0e-04  fps   9641   299.8s
it 4361/7200  reward     nan  ep_len    nan  fell    0  err_xy 0.076  std 0.300  lr 1.0e-04  fps   9461   300.1s
it 4362/7200  reward     nan  ep_len    nan  fell    0  err_xy 0.075  std 0.300  lr 1.0e-04  fps   9673   300.3s
it 4363/7200  reward     nan  ep_len    nan  fell    0  err_xy 0.063  std 0.300  lr 1.0e-04  fps   9623   300.5s
it 4364/7200  reward     nan  ep_len    nan  fell    0  err_xy 0.056  std 0.300  lr 1.0e-04  fps   9621   300.8s
it 4365/7200  reward     nan  ep_len    nan  fell    0  err_xy 0.043  std 0.300  lr 1.0e-04  fps   9631   301.0s
it 4366/7200  reward     nan  ep_len    nan  fell    0  err_xy 0.037  std 0.300  lr 1.0e-04  fps   9649   301.3s
it 4367/7200  reward   52.79  ep_len  400.0  fell    0  err_xy 0.095  std 0.300  lr 1.0e-04  fps   7551   301.6s
it 4368/7200  reward     nan  ep_len    nan  fell    0  err_xy 0.271  std 0.300  lr 1.0e-04  fps  10044   301.8s
it 4369/7200  reward     nan  ep_len    nan  fell    0  err_xy 0.264  std 0.300  lr 1.0e-04  fps  10161   302.0s
it 4370/7200  reward     nan  ep_len    nan  fell    0  err_xy 0.225  std 0.300  lr 1.0e-04  fps  10133   302.2s
it 4371/7200  reward     nan  ep_len    nan  fell    0  err_xy 0.200  std 0.300  lr 1.0e-04  fps  10070   302.5s
it 4372/7200  reward     nan  ep_len    nan  fell    0  err_xy 0.174  std 0.300  lr 1.0e-04  fps   9908   302.7s
it 4373/7200  reward     nan  ep_len    nan  fell    0  err_xy 0.168  std 0.300  lr 1.0e-04  fps   9886   302.9s
it 4374/7200  reward     nan  ep_len    nan  fell    0  err_xy 0.143  std 0.300  lr 1.0e-04  fps   9766   303.2s
it 4375/7200  reward     nan  ep_len    nan  fell    0  err_xy 0.139  std 0.300  lr 1.0e-04  fps   9789   303.4s
it 4376/7200  reward     nan  ep_len    nan  fell    0  err_xy 0.133  std 0.300  lr 1.0e-04  fps   9861   303.6s
it 4377/7200  reward     nan  ep_len    nan  fell    0  err_xy 0.113  std 0.300  lr 1.0e-04  fps   9709   303.9s
it 4378/7200  reward     nan  ep_len    nan  fell    0  err_xy 0.100  std 0.300  lr 1.0e-04  fps   9745   304.1s
it 4379/7200  reward     nan  ep_len    nan  fell    0  err_xy 0.088  std 0.300  lr 1.0e-04  fps   9639   304.4s
it 4380/7200  reward     nan  ep_len    nan  fell    0  err_xy 0.074  std 0.300  lr 1.0e-04  fps   9235   304.6s
it 4381/7200  reward     nan  ep_len    nan  fell    0  err_xy 0.056  std 0.300  lr 1.0e-04  fps   9311   304.9s
it 4382/7200  reward     nan  ep_len    nan  fell    0  err_xy 0.052  std 0.300  lr 1.0e-04  fps   9476   305.1s
it 4383/7200  reward     nan  ep_len    nan  fell    0  err_xy 0.054  std 0.300  lr 1.0e-04  fps   9327   305.3s
it 4384/7200  reward   47.66  ep_len  400.0  fell    0  err_xy 0.211  std 0.300  lr 1.0e-04  fps   7379   305.7s
it 4385/7200  reward     nan  ep_len    nan  fell    0  err_xy 0.255  std 0.300  lr 1.0e-04  fps   9709   305.9s
it 4386/7200  reward     nan  ep_len    nan  fell    0  err_xy 0.252  std 0.300  lr 1.0e-04  fps   9768   306.1s
it 4387/7200  reward     nan  ep_len    nan  fell    0  err_xy 0.227  std 0.300  lr 1.0e-04  fps   9579   306.4s
it 4388/7200  reward     nan  ep_len    nan  fell    0  err_xy 0.195  std 0.300  lr 1.0e-04  fps   9750   306.6s
it 4389/7200  reward     nan  ep_len    nan  fell    0  err_xy 0.180  std 0.300  lr 1.0e-04  fps   9731   306.8s
it 4390/7200  reward     nan  ep_len    nan  fell    0  err_xy 0.186  std 0.300  lr 1.0e-04  fps   9756   307.1s
it 4391/7200  reward     nan  ep_len    nan  fell    0  err_xy 0.167  std 0.300  lr 1.0e-04  fps   9634   307.3s
it 4392/7200  reward     nan  ep_len    nan  fell    0  err_xy 0.144  std 0.300  lr 1.0e-04  fps   9686   307.6s
it 4393/7200  reward     nan  ep_len    nan  fell    0  err_xy 0.138  std 0.300  lr 1.0e-04  fps   9724   307.8s
it 4394/7200  reward     nan  ep_len    nan  fell    0  err_xy 0.100  std 0.300  lr 1.0e-04  fps   9507   308.0s
it 4395/7200  reward     nan  ep_len    nan  fell    0  err_xy 0.072  std 0.300  lr 1.0e-04  fps   9210   308.3s
it 4396/7200  reward     nan  ep_len    nan  fell    0  err_xy 0.055  std 0.300  lr 1.0e-04  fps   9201   308.5s
it 4397/7200  reward     nan  ep_len    nan  fell    0  err_xy 0.042  std 0.300  lr 1.0e-04  fps   9184   308.8s
it 4398/7200  reward     nan  ep_len    nan  fell    0  err_xy 0.032  std 0.300  lr 1.0e-04  fps   9094   309.0s
it 4399/7200  reward     nan  ep_len    nan  fell    0  err_xy 0.024  std 0.300  lr 1.0e-04  fps   9242   309.3s
it 4400/7200  reward   51.10  ep_len  400.0  fell    0  err_xy 0.020  std 0.300  lr 1.0e-04  fps   6994   309.6s
eval iteration 4400:
  prone          success   0.0%  time 8.00s  peak_τ 0.96 Nm  return 61.16
  supine         success   0.0%  time 8.00s  peak_τ 0.96 Nm  return 61.03
  score 0.000
it 4401/7200  reward     nan  ep_len    nan  fell    0  err_xy 0.270  std 0.300  lr 1.0e-04  fps   9858   311.8s
it 4402/7200  reward     nan  ep_len    nan  fell    0  err_xy 0.244  std 0.300  lr 1.0e-04  fps   9935   312.0s
it 4403/7200  reward     nan  ep_len    nan  fell    0  err_xy 0.258  std 0.300  lr 1.0e-04  fps   9489   312.3s
it 4404/7200  reward     nan  ep_len    nan  fell    0  err_xy 0.233  std 0.300  lr 1.0e-04  fps  10068   312.5s
it 4405/7200  reward     nan  ep_len    nan  fell    0  err_xy 0.210  std 0.300  lr 1.0e-04  fps   9720   312.7s
it 4406/7200  reward     nan  ep_len    nan  fell    0  err_xy 0.174  std 0.300  lr 1.0e-04  fps   9626   313.0s
it 4407/7200  reward     nan  ep_len    nan  fell    0  err_xy 0.152  std 0.300  lr 1.0e-04  fps   9366   313.2s
it 4408/7200  reward     nan  ep_len    nan  fell    0  err_xy 0.120  std 0.300  lr 1.0e-04  fps   9580   313.5s
it 4409/7200  reward     nan  ep_len    nan  fell    0  err_xy 0.095  std 0.300  lr 1.0e-04  fps   9467   313.7s
it 4410/7200  reward     nan  ep_len    nan  fell    0  err_xy 0.073  std 0.300  lr 1.0e-04  fps   9278   314.0s
it 4411/7200  reward     nan  ep_len    nan  fell    0  err_xy 0.067  std 0.300  lr 1.0e-04  fps   9409   314.2s
it 4412/7200  reward     nan  ep_len    nan  fell    0  err_xy 0.054  std 0.300  lr 1.0e-04  fps   9275   314.5s
it 4413/7200  reward     nan  ep_len    nan  fell    0  err_xy 0.045  std 0.300  lr 1.0e-04  fps   9265   314.7s
it 4414/7200  reward     nan  ep_len    nan  fell    0  err_xy 0.041  std 0.300  lr 1.0e-04  fps   8959   315.0s
it 4415/7200  reward     nan  ep_len    nan  fell    0  err_xy 0.035  std 0.300  lr 1.0e-04  fps   8442   315.2s
it 4416/7200  reward     nan  ep_len    nan  fell    0  err_xy 0.031  std 0.300  lr 1.0e-04  fps   9283   315.5s
it 4417/7200  reward   54.57  ep_len  400.0  fell    0  err_xy 0.107  std 0.300  lr 1.0e-04  fps   7076   315.8s
it 4418/7200  reward     nan  ep_len    nan  fell    0  err_xy 0.293  std 0.300  lr 1.0e-04  fps   9617   316.0s
it 4419/7200  reward     nan  ep_len    nan  fell    0  err_xy 0.275  std 0.300  lr 1.0e-04  fps   9938   316.3s
it 4420/7200  reward     nan  ep_len    nan  fell    0  err_xy 0.262  std 0.300  lr 1.0e-04  fps   9983   316.5s
it 4421/7200  reward     nan  ep_len    nan  fell    0  err_xy 0.224  std 0.300  lr 1.0e-04  fps   9588   316.7s
it 4422/7200  reward     nan  ep_len    nan  fell    0  err_xy 0.205  std 0.300  lr 1.0e-04  fps   9429   317.0s
it 4423/7200  reward     nan  ep_len    nan  fell    0  err_xy 0.171  std 0.300  lr 1.0e-04  fps   9427   317.2s
it 4424/7200  reward     nan  ep_len    nan  fell    0  err_xy 0.126  std 0.300  lr 1.0e-04  fps   9492   317.5s
it 4425/7200  reward     nan  ep_len    nan  fell    0  err_xy 0.107  std 0.300  lr 1.0e-04  fps   9199   317.7s
it 4426/7200  reward     nan  ep_len    nan  fell    0  err_xy 0.100  std 0.300  lr 1.0e-04  fps   9044   318.0s
it 4427/7200  reward     nan  ep_len    nan  fell    0  err_xy 0.080  std 0.300  lr 1.0e-04  fps   8966   318.2s
it 4428/7200  reward     nan  ep_len    nan  fell    0  err_xy 0.066  std 0.300  lr 1.0e-04  fps   9543   318.5s
it 4429/7200  reward     nan  ep_len    nan  fell    0  err_xy 0.068  std 0.300  lr 1.0e-04  fps   9511   318.7s
it 4430/7200  reward     nan  ep_len    nan  fell    0  err_xy 0.052  std 0.300  lr 1.0e-04  fps   9554   319.0s
it 4431/7200  reward     nan  ep_len    nan  fell    0  err_xy 0.042  std 0.300  lr 1.0e-04  fps   9381   319.2s
it 4432/7200  reward     nan  ep_len    nan  fell    0  err_xy 0.043  std 0.300  lr 1.0e-04  fps   9539   319.5s
it 4433/7200  reward     nan  ep_len    nan  fell    0  err_xy 0.040  std 0.300  lr 1.0e-04  fps   9505   319.7s
it 4434/7200  reward   55.35  ep_len  400.0  fell    0  err_xy 0.196  std 0.300  lr 1.0e-04  fps   7149   320.0s
it 4435/7200  reward     nan  ep_len    nan  fell    0  err_xy 0.243  std 0.300  lr 1.0e-04  fps  10190   320.3s
it 4436/7200  reward     nan  ep_len    nan  fell    0  err_xy 0.260  std 0.300  lr 1.0e-04  fps   9959   320.5s
it 4437/7200  reward     nan  ep_len    nan  fell    0  err_xy 0.244  std 0.300  lr 1.0e-04  fps   9853   320.7s
it 4438/7200  reward     nan  ep_len    nan  fell    0  err_xy 0.217  std 0.300  lr 1.0e-04  fps   9579   321.0s
it 4439/7200  reward     nan  ep_len    nan  fell    0  err_xy 0.191  std 0.300  lr 1.0e-04  fps   9537   321.2s
it 4440/7200  reward     nan  ep_len    nan  fell    0  err_xy 0.160  std 0.300  lr 1.0e-04  fps   9628   321.4s
it 4441/7200  reward     nan  ep_len    nan  fell    0  err_xy 0.116  std 0.300  lr 1.0e-04  fps   9577   321.7s
it 4442/7200  reward     nan  ep_len    nan  fell    0  err_xy 0.088  std 0.300  lr 1.0e-04  fps   9630   321.9s
it 4443/7200  reward     nan  ep_len    nan  fell    0  err_xy 0.073  std 0.300  lr 1.0e-04  fps   9435   322.2s
it 4444/7200  reward     nan  ep_len    nan  fell    0  err_xy 0.058  std 0.300  lr 1.0e-04  fps   9490   322.4s
it 4445/7200  reward     nan  ep_len    nan  fell    0  err_xy 0.047  std 0.300  lr 1.0e-04  fps   9398   322.7s
it 4446/7200  reward     nan  ep_len    nan  fell    0  err_xy 0.040  std 0.300  lr 1.0e-04  fps   9343   322.9s
it 4447/7200  reward     nan  ep_len    nan  fell    0  err_xy 0.032  std 0.300  lr 1.0e-04  fps   9420   323.1s
it 4448/7200  reward     nan  ep_len    nan  fell    0  err_xy 0.028  std 0.300  lr 1.0e-04  fps   9001   323.4s
it 4449/7200  reward     nan  ep_len    nan  fell    0  err_xy 0.025  std 0.300  lr 1.0e-04  fps   9125   323.7s
it 4450/7200  reward   56.53  ep_len  400.0  fell    0  err_xy 0.020  std 0.300  lr 1.0e-04  fps   7333   324.0s
it 4451/7200  reward     nan  ep_len    nan  fell    0  err_xy 0.278  std 0.300  lr 1.0e-04  fps   9842   324.2s
it 4452/7200  reward     nan  ep_len    nan  fell    0  err_xy 0.255  std 0.300  lr 1.0e-04  fps  10039   324.4s
it 4453/7200  reward     nan  ep_len    nan  fell    0  err_xy 0.255  std 0.300  lr 1.0e-04  fps   9913   324.7s
it 4454/7200  reward     nan  ep_len    nan  fell    0  err_xy 0.228  std 0.300  lr 1.0e-04  fps   9847   324.9s
it 4455/7200  reward     nan  ep_len    nan  fell    0  err_xy 0.210  std 0.300  lr 1.0e-04  fps   9718   325.1s
it 4456/7200  reward     nan  ep_len    nan  fell    0  err_xy 0.180  std 0.300  lr 1.0e-04  fps   9654   325.4s
it 4457/7200  reward     nan  ep_len    nan  fell    0  err_xy 0.135  std 0.300  lr 1.0e-04  fps   9522   325.6s
it 4458/7200  reward     nan  ep_len    nan  fell    0  err_xy 0.104  std 0.300  lr 1.0e-04  fps   9441   325.9s
it 4459/7200  reward     nan  ep_len    nan  fell    0  err_xy 0.096  std 0.300  lr 1.0e-04  fps   9568   326.1s
it 4460/7200  reward     nan  ep_len    nan  fell    0  err_xy 0.068  std 0.300  lr 1.0e-04  fps   9592   326.3s
it 4461/7200  reward     nan  ep_len    nan  fell    0  err_xy 0.053  std 0.300  lr 1.0e-04  fps   9397   326.6s
it 4462/7200  reward     nan  ep_len    nan  fell    0  err_xy 0.047  std 0.300  lr 1.0e-04  fps   9446   326.8s
it 4463/7200  reward     nan  ep_len    nan  fell    0  err_xy 0.041  std 0.300  lr 1.0e-04  fps   9326   327.1s
it 4464/7200  reward     nan  ep_len    nan  fell    0  err_xy 0.038  std 0.300  lr 1.0e-04  fps   9196   327.3s
it 4465/7200  reward     nan  ep_len    nan  fell    0  err_xy 0.034  std 0.300  lr 1.0e-04  fps   9363   327.6s
it 4466/7200  reward     nan  ep_len    nan  fell    0  err_xy 0.032  std 0.300  lr 1.0e-04  fps   9404   327.8s
it 4467/7200  reward   56.55  ep_len  400.0  fell    0  err_xy 0.098  std 0.300  lr 1.0e-04  fps   6934   328.2s
it 4468/7200  reward     nan  ep_len    nan  fell    0  err_xy 0.260  std 0.300  lr 1.0e-04  fps   9885   328.4s
it 4469/7200  reward     nan  ep_len    nan  fell    0  err_xy 0.246  std 0.300  lr 1.0e-04  fps   8469   328.7s
it 4470/7200  reward     nan  ep_len    nan  fell    0  err_xy 0.266  std 0.300  lr 1.0e-04  fps   9518   328.9s
it 4471/7200  reward     nan  ep_len    nan  fell    0  err_xy 0.215  std 0.300  lr 1.0e-04  fps   9739   329.1s
it 4472/7200  reward     nan  ep_len    nan  fell    0  err_xy 0.214  std 0.300  lr 1.0e-04  fps   9752   329.4s
it 4473/7200  reward     nan  ep_len    nan  fell    0  err_xy 0.194  std 0.300  lr 1.0e-04  fps   9524   329.6s
it 4474/7200  reward     nan  ep_len    nan  fell    0  err_xy 0.161  std 0.300  lr 1.0e-04  fps   7435   329.9s
it 4475/7200  reward     nan  ep_len    nan  fell    0  err_xy 0.119  std 0.300  lr 1.0e-04  fps   8180   330.2s
it 4476/7200  reward     nan  ep_len    nan  fell    0  err_xy 0.103  std 0.300  lr 1.0e-04  fps   8868   330.5s
it 4477/7200  reward     nan  ep_len    nan  fell    0  err_xy 0.080  std 0.300  lr 1.0e-04  fps   9036   330.7s
it 4478/7200  reward     nan  ep_len    nan  fell    0  err_xy 0.058  std 0.300  lr 1.0e-04  fps   9411   331.0s
it 4479/7200  reward     nan  ep_len    nan  fell    0  err_xy 0.049  std 0.300  lr 1.0e-04  fps   9565   331.2s
it 4480/7200  reward     nan  ep_len    nan  fell    0  err_xy 0.041  std 0.300  lr 1.0e-04  fps   9522   331.5s
it 4481/7200  reward     nan  ep_len    nan  fell    0  err_xy 0.035  std 0.300  lr 1.0e-04  fps   9487   331.7s
it 4482/7200  reward     nan  ep_len    nan  fell    0  err_xy 0.033  std 0.300  lr 1.0e-04  fps   9686   331.9s
it 4483/7200  reward     nan  ep_len    nan  fell    0  err_xy 0.023  std 0.300  lr 1.0e-04  fps   9733   332.2s
it 4484/7200  reward   54.28  ep_len  400.0  fell    0  err_xy 0.182  std 0.300  lr 1.0e-04  fps   7634   332.5s
it 4485/7200  reward     nan  ep_len    nan  fell    0  err_xy 0.238  std 0.300  lr 1.0e-04  fps  10168   332.7s
it 4486/7200  reward     nan  ep_len    nan  fell    0  err_xy 0.259  std 0.300  lr 1.0e-04  fps  10393   332.9s
it 4487/7200  reward     nan  ep_len    nan  fell    0  err_xy 0.256  std 0.300  lr 1.0e-04  fps  10218   333.2s
it 4488/7200  reward     nan  ep_len    nan  fell    0  err_xy 0.215  std 0.300  lr 1.0e-04  fps  10120   333.4s
it 4489/7200  reward     nan  ep_len    nan  fell    0  err_xy 0.202  std 0.300  lr 1.0e-04  fps   9990   333.6s
it 4490/7200  reward     nan  ep_len    nan  fell    0  err_xy 0.159  std 0.300  lr 1.0e-04  fps   9316   333.9s
it 4491/7200  reward     nan  ep_len    nan  fell    0  err_xy 0.123  std 0.300  lr 1.0e-04  fps   9155   334.1s
it 4492/7200  reward     nan  ep_len    nan  fell    0  err_xy 0.103  std 0.300  lr 1.0e-04  fps   9564   334.4s
it 4493/7200  reward     nan  ep_len    nan  fell    0  err_xy 0.078  std 0.300  lr 1.0e-04  fps   9166   334.6s
it 4494/7200  reward     nan  ep_len    nan  fell    0  err_xy 0.054  std 0.300  lr 1.0e-04  fps   9320   334.9s
it 4495/7200  reward     nan  ep_len    nan  fell    0  err_xy 0.048  std 0.300  lr 1.0e-04  fps   9001   335.1s
it 4496/7200  reward     nan  ep_len    nan  fell    0  err_xy 0.055  std 0.300  lr 1.0e-04  fps   8994   335.4s
it 4497/7200  reward     nan  ep_len    nan  fell    0  err_xy 0.060  std 0.300  lr 1.0e-04  fps   9586   335.6s
it 4498/7200  reward     nan  ep_len    nan  fell    0  err_xy 0.063  std 0.300  lr 1.0e-04  fps   9358   335.9s
it 4499/7200  reward     nan  ep_len    nan  fell    0  err_xy 0.051  std 0.300  lr 1.0e-04  fps   9484   336.1s
it 4500/7200  reward   53.34  ep_len  400.0  fell    0  err_xy 0.049  std 0.300  lr 1.0e-04  fps   7466   336.4s
it 4501/7200  reward     nan  ep_len    nan  fell    0  err_xy 0.276  std 0.300  lr 1.0e-04  fps  10042   336.6s
it 4502/7200  reward     nan  ep_len    nan  fell    0  err_xy 0.248  std 0.300  lr 1.0e-04  fps  10148   336.9s
it 4503/7200  reward     nan  ep_len    nan  fell    0  err_xy 0.276  std 0.300  lr 1.0e-04  fps  10209   337.1s
it 4504/7200  reward     nan  ep_len    nan  fell    0  err_xy 0.243  std 0.300  lr 1.0e-04  fps  10138   337.3s
it 4505/7200  reward     nan  ep_len    nan  fell    0  err_xy 0.209  std 0.300  lr 1.0e-04  fps   9876   337.5s
it 4506/7200  reward     nan  ep_len    nan  fell    0  err_xy 0.190  std 0.300  lr 1.0e-04  fps   9520   337.8s
it 4507/7200  reward     nan  ep_len    nan  fell    0  err_xy 0.153  std 0.300  lr 1.0e-04  fps   9531   338.0s
it 4508/7200  reward     nan  ep_len    nan  fell    0  err_xy 0.130  std 0.300  lr 1.0e-04  fps   9522   338.3s
it 4509/7200  reward     nan  ep_len    nan  fell    0  err_xy 0.119  std 0.300  lr 1.0e-04  fps   9351   338.5s
it 4510/7200  reward     nan  ep_len    nan  fell    0  err_xy 0.109  std 0.300  lr 1.0e-04  fps   9404   338.8s
it 4511/7200  reward     nan  ep_len    nan  fell    0  err_xy 0.086  std 0.300  lr 1.0e-04  fps   9577   339.0s
it 4512/7200  reward     nan  ep_len    nan  fell    0  err_xy 0.066  std 0.300  lr 1.0e-04  fps   9203   339.3s
it 4513/7200  reward     nan  ep_len    nan  fell    0  err_xy 0.060  std 0.300  lr 1.0e-04  fps   9460   339.5s
it 4514/7200  reward     nan  ep_len    nan  fell    0  err_xy 0.046  std 0.300  lr 1.0e-04  fps   9481   339.7s
it 4515/7200  reward     nan  ep_len    nan  fell    0  err_xy 0.038  std 0.300  lr 1.0e-04  fps   9567   340.0s
it 4516/7200  reward     nan  ep_len    nan  fell    0  err_xy 0.038  std 0.300  lr 1.0e-04  fps   9630   340.2s
it 4517/7200  reward   53.30  ep_len  400.0  fell    0  err_xy 0.105  std 0.300  lr 1.0e-04  fps   7625   340.5s
it 4518/7200  reward     nan  ep_len    nan  fell    0  err_xy 0.263  std 0.300  lr 1.0e-04  fps   9450   340.8s
it 4519/7200  reward     nan  ep_len    nan  fell    0  err_xy 0.251  std 0.300  lr 1.0e-04  fps   9885   341.0s
it 4520/7200  reward     nan  ep_len    nan  fell    0  err_xy 0.281  std 0.300  lr 1.0e-04  fps  10215   341.2s
it 4521/7200  reward     nan  ep_len    nan  fell    0  err_xy 0.216  std 0.300  lr 1.0e-04  fps  10248   341.5s
it 4522/7200  reward     nan  ep_len    nan  fell    0  err_xy 0.217  std 0.300  lr 1.0e-04  fps  10031   341.7s
it 4523/7200  reward     nan  ep_len    nan  fell    0  err_xy 0.181  std 0.300  lr 1.0e-04  fps   9727   341.9s
it 4524/7200  reward     nan  ep_len    nan  fell    0  err_xy 0.137  std 0.300  lr 1.0e-04  fps   9650   342.2s
it 4525/7200  reward     nan  ep_len    nan  fell    0  err_xy 0.105  std 0.300  lr 1.0e-04  fps   9611   342.4s
it 4526/7200  reward     nan  ep_len    nan  fell    0  err_xy 0.087  std 0.300  lr 1.0e-04  fps   9678   342.6s
it 4527/7200  reward     nan  ep_len    nan  fell    0  err_xy 0.066  std 0.300  lr 1.0e-04  fps   9607   342.9s
it 4528/7200  reward     nan  ep_len    nan  fell    0  err_xy 0.051  std 0.300  lr 1.0e-04  fps   9586   343.1s
it 4529/7200  reward     nan  ep_len    nan  fell    0  err_xy 0.042  std 0.300  lr 1.0e-04  fps   9581   343.4s
it 4530/7200  reward     nan  ep_len    nan  fell    0  err_xy 0.031  std 0.300  lr 1.0e-04  fps   9644   343.6s
it 4531/7200  reward     nan  ep_len    nan  fell    0  err_xy 0.026  std 0.300  lr 1.0e-04  fps   9625   343.8s
it 4532/7200  reward     nan  ep_len    nan  fell    0  err_xy 0.023  std 0.300  lr 1.0e-04  fps   9617   344.1s
it 4533/7200  reward     nan  ep_len    nan  fell    0  err_xy 0.018  std 0.300  lr 1.0e-04  fps   9647   344.3s
it 4534/7200  reward   57.67  ep_len  400.0  fell    0  err_xy 0.201  std 0.300  lr 1.0e-04  fps   7773   344.6s
it 4535/7200  reward     nan  ep_len    nan  fell    0  err_xy 0.250  std 0.300  lr 1.0e-04  fps  10166   344.8s
it 4536/7200  reward     nan  ep_len    nan  fell    0  err_xy 0.259  std 0.300  lr 1.0e-04  fps  10259   345.1s
it 4537/7200  reward     nan  ep_len    nan  fell    0  err_xy 0.240  std 0.300  lr 1.0e-04  fps  10186   345.3s
it 4538/7200  reward     nan  ep_len    nan  fell    0  err_xy 0.209  std 0.300  lr 1.0e-04  fps  10031   345.5s
it 4539/7200  reward     nan  ep_len    nan  fell    0  err_xy 0.185  std 0.300  lr 1.0e-04  fps   9861   345.8s
it 4540/7200  reward     nan  ep_len    nan  fell    0  err_xy 0.156  std 0.300  lr 1.0e-04  fps   9732   346.0s
it 4541/7200  reward     nan  ep_len    nan  fell    0  err_xy 0.115  std 0.300  lr 1.0e-04  fps   9699   346.2s
it 4542/7200  reward     nan  ep_len    nan  fell    0  err_xy 0.092  std 0.300  lr 1.0e-04  fps   9570   346.5s
it 4543/7200  reward     nan  ep_len    nan  fell    0  err_xy 0.079  std 0.300  lr 1.0e-04  fps   9513   346.7s
it 4544/7200  reward     nan  ep_len    nan  fell    0  err_xy 0.064  std 0.300  lr 1.0e-04  fps   9466   347.0s
it 4545/7200  reward     nan  ep_len    nan  fell    0  err_xy 0.053  std 0.300  lr 1.0e-04  fps   9552   347.2s
it 4546/7200  reward     nan  ep_len    nan  fell    0  err_xy 0.040  std 0.300  lr 1.0e-04  fps   9563   347.4s
it 4547/7200  reward     nan  ep_len    nan  fell    0  err_xy 0.030  std 0.300  lr 1.0e-04  fps   9523   347.7s
it 4548/7200  reward     nan  ep_len    nan  fell    0  err_xy 0.033  std 0.300  lr 1.0e-04  fps   9614   347.9s
it 4549/7200  reward     nan  ep_len    nan  fell    0  err_xy 0.029  std 0.300  lr 1.0e-04  fps   9650   348.2s
it 4550/7200  reward   56.47  ep_len  400.0  fell    0  err_xy 0.022  std 0.300  lr 1.0e-04  fps   7619   348.5s
it 4551/7200  reward     nan  ep_len    nan  fell    0  err_xy 0.268  std 0.300  lr 1.0e-04  fps  10131   348.7s
it 4552/7200  reward     nan  ep_len    nan  fell    0  err_xy 0.244  std 0.300  lr 1.0e-04  fps  10330   348.9s
it 4553/7200  reward     nan  ep_len    nan  fell    0  err_xy 0.247  std 0.300  lr 1.0e-04  fps  10298   349.1s
it 4554/7200  reward     nan  ep_len    nan  fell    0  err_xy 0.197  std 0.300  lr 1.0e-04  fps  10242   349.4s
it 4555/7200  reward     nan  ep_len    nan  fell    0  err_xy 0.200  std 0.300  lr 1.0e-04  fps  10094   349.6s
it 4556/7200  reward     nan  ep_len    nan  fell    0  err_xy 0.186  std 0.300  lr 1.0e-04  fps  10016   349.8s
it 4557/7200  reward     nan  ep_len    nan  fell    0  err_xy 0.150  std 0.300  lr 1.0e-04  fps   9923   350.1s
it 4558/7200  reward     nan  ep_len    nan  fell    0  err_xy 0.134  std 0.300  lr 1.0e-04  fps   9814   350.3s
it 4559/7200  reward     nan  ep_len    nan  fell    0  err_xy 0.116  std 0.300  lr 1.0e-04  fps   9843   350.5s
it 4560/7200  reward     nan  ep_len    nan  fell    0  err_xy 0.097  std 0.300  lr 1.0e-04  fps   9778   350.8s
it 4561/7200  reward     nan  ep_len    nan  fell    0  err_xy 0.093  std 0.300  lr 1.0e-04  fps   9811   351.0s
it 4562/7200  reward     nan  ep_len    nan  fell    0  err_xy 0.100  std 0.300  lr 1.0e-04  fps   9782   351.2s
it 4563/7200  reward     nan  ep_len    nan  fell    0  err_xy 0.115  std 0.300  lr 1.0e-04  fps   9829   351.5s
it 4564/7200  reward     nan  ep_len    nan  fell    0  err_xy 0.102  std 0.300  lr 1.0e-04  fps   9805   351.7s
it 4565/7200  reward     nan  ep_len    nan  fell    0  err_xy 0.111  std 0.300  lr 1.0e-04  fps   9810   351.9s
it 4566/7200  reward     nan  ep_len    nan  fell    0  err_xy 0.092  std 0.300  lr 1.0e-04  fps   9843   352.2s
it 4567/7200  reward   47.26  ep_len  400.0  fell    0  err_xy 0.132  std 0.300  lr 1.0e-04  fps   7803   352.5s
it 4568/7200  reward     nan  ep_len    nan  fell    0  err_xy 0.287  std 0.300  lr 1.0e-04  fps  10412   352.7s
it 4569/7200  reward     nan  ep_len    nan  fell    0  err_xy 0.241  std 0.300  lr 1.0e-04  fps  10456   352.9s
it 4570/7200  reward     nan  ep_len    nan  fell    0  err_xy 0.251  std 0.300  lr 1.0e-04  fps  10326   353.1s
it 4571/7200  reward     nan  ep_len    nan  fell    0  err_xy 0.214  std 0.300  lr 1.0e-04  fps  10293   353.4s
it 4572/7200  reward     nan  ep_len    nan  fell    0  err_xy 0.205  std 0.300  lr 1.0e-04  fps  10175   353.6s
it 4573/7200  reward     nan  ep_len    nan  fell    0  err_xy 0.171  std 0.300  lr 1.0e-04  fps   9795   353.8s
it 4574/7200  reward     nan  ep_len    nan  fell    0  err_xy 0.129  std 0.300  lr 1.0e-04  fps   9719   354.1s
it 4575/7200  reward     nan  ep_len    nan  fell    0  err_xy 0.115  std 0.300  lr 1.0e-04  fps   9825   354.3s
it 4576/7200  reward     nan  ep_len    nan  fell    0  err_xy 0.081  std 0.300  lr 1.0e-04  fps   9595   354.5s
it 4577/7200  reward     nan  ep_len    nan  fell    0  err_xy 0.069  std 0.300  lr 1.0e-04  fps   9756   354.8s
it 4578/7200  reward     nan  ep_len    nan  fell    0  err_xy 0.062  std 0.300  lr 1.0e-04  fps   9790   355.0s
it 4579/7200  reward     nan  ep_len    nan  fell    0  err_xy 0.045  std 0.300  lr 1.0e-04  fps   9929   355.2s
it 4580/7200  reward     nan  ep_len    nan  fell    0  err_xy 0.031  std 0.300  lr 1.0e-04  fps   9800   355.5s
it 4581/7200  reward     nan  ep_len    nan  fell    0  err_xy 0.026  std 0.300  lr 1.0e-04  fps   9785   355.7s
it 4582/7200  reward     nan  ep_len    nan  fell    0  err_xy 0.025  std 0.300  lr 1.0e-04  fps   9853   355.9s
it 4583/7200  reward     nan  ep_len    nan  fell    0  err_xy 0.027  std 0.300  lr 1.0e-04  fps   9843   356.2s
it 4584/7200  reward   55.83  ep_len  400.0  fell    0  err_xy 0.191  std 0.300  lr 1.0e-04  fps   7685   356.5s
it 4585/7200  reward     nan  ep_len    nan  fell    0  err_xy 0.263  std 0.300  lr 1.0e-04  fps  10208   356.7s
it 4586/7200  reward     nan  ep_len    nan  fell    0  err_xy 0.248  std 0.300  lr 1.0e-04  fps  10224   356.9s
it 4587/7200  reward     nan  ep_len    nan  fell    0  err_xy 0.245  std 0.300  lr 1.0e-04  fps  10213   357.2s
it 4588/7200  reward     nan  ep_len    nan  fell    0  err_xy 0.217  std 0.300  lr 1.0e-04  fps  10159   357.4s
it 4589/7200  reward     nan  ep_len    nan  fell    0  err_xy 0.215  std 0.300  lr 1.0e-04  fps  10013   357.6s
it 4590/7200  reward     nan  ep_len    nan  fell    0  err_xy 0.188  std 0.300  lr 1.0e-04  fps   9801   357.9s
it 4591/7200  reward     nan  ep_len    nan  fell    0  err_xy 0.154  std 0.300  lr 1.0e-04  fps   9785   358.1s
it 4592/7200  reward     nan  ep_len    nan  fell    0  err_xy 0.125  std 0.300  lr 1.0e-04  fps   9792   358.3s
it 4593/7200  reward     nan  ep_len    nan  fell    0  err_xy 0.117  std 0.300  lr 1.0e-04  fps   9804   358.6s
it 4594/7200  reward     nan  ep_len    nan  fell    0  err_xy 0.091  std 0.300  lr 1.0e-04  fps   9816   358.8s
it 4595/7200  reward     nan  ep_len    nan  fell    0  err_xy 0.082  std 0.300  lr 1.0e-04  fps   9720   359.0s
it 4596/7200  reward     nan  ep_len    nan  fell    0  err_xy 0.068  std 0.300  lr 1.0e-04  fps   9737   359.3s
it 4597/7200  reward     nan  ep_len    nan  fell    0  err_xy 0.066  std 0.300  lr 1.0e-04  fps   9748   359.5s
it 4598/7200  reward     nan  ep_len    nan  fell    0  err_xy 0.054  std 0.300  lr 1.0e-04  fps   9584   359.7s
it 4599/7200  reward     nan  ep_len    nan  fell    0  err_xy 0.050  std 0.300  lr 1.0e-04  fps   9328   360.0s
it 4600/7200  reward   51.99  ep_len  400.0  fell    0  err_xy 0.037  std 0.300  lr 1.0e-04  fps   7504   360.3s
eval iteration 4600:
  prone          success   0.0%  time 8.00s  peak_τ 0.96 Nm  return 58.98
  supine         success   0.0%  time 8.00s  peak_τ 0.96 Nm  return 48.38
  score 0.000
it 4601/7200  reward     nan  ep_len    nan  fell    0  err_xy 0.254  std 0.300  lr 1.0e-04  fps   9710   362.5s
it 4602/7200  reward     nan  ep_len    nan  fell    0  err_xy 0.232  std 0.300  lr 1.0e-04  fps  10163   362.7s
it 4603/7200  reward     nan  ep_len    nan  fell    0  err_xy 0.245  std 0.300  lr 1.0e-04  fps  10188   362.9s
it 4604/7200  reward     nan  ep_len    nan  fell    0  err_xy 0.218  std 0.300  lr 1.0e-04  fps  10210   363.1s
it 4605/7200  reward     nan  ep_len    nan  fell    0  err_xy 0.197  std 0.300  lr 1.0e-04  fps   9965   363.4s
it 4606/7200  reward     nan  ep_len    nan  fell    0  err_xy 0.192  std 0.300  lr 1.0e-04  fps   9393   363.6s
it 4607/7200  reward     nan  ep_len    nan  fell    0  err_xy 0.151  std 0.300  lr 1.0e-04  fps   9655   363.8s
it 4608/7200  reward     nan  ep_len    nan  fell    0  err_xy 0.130  std 0.300  lr 1.0e-04  fps   9766   364.1s
it 4609/7200  reward     nan  ep_len    nan  fell    0  err_xy 0.109  std 0.300  lr 1.0e-04  fps   9359   364.3s
it 4610/7200  reward     nan  ep_len    nan  fell    0  err_xy 0.095  std 0.300  lr 1.0e-04  fps   9452   364.6s
it 4611/7200  reward     nan  ep_len    nan  fell    0  err_xy 0.078  std 0.300  lr 1.0e-04  fps   9527   364.8s
it 4612/7200  reward     nan  ep_len    nan  fell    0  err_xy 0.059  std 0.300  lr 1.0e-04  fps   9691   365.1s
it 4613/7200  reward     nan  ep_len    nan  fell    0  err_xy 0.049  std 0.300  lr 1.0e-04  fps   9727   365.3s
it 4614/7200  reward     nan  ep_len    nan  fell    0  err_xy 0.039  std 0.300  lr 1.0e-04  fps   9564   365.5s
it 4615/7200  reward     nan  ep_len    nan  fell    0  err_xy 0.036  std 0.300  lr 1.0e-04  fps   9559   365.8s
it 4616/7200  reward     nan  ep_len    nan  fell    0  err_xy 0.026  std 0.300  lr 1.0e-04  fps   9542   366.0s
it 4617/7200  reward   54.42  ep_len  400.0  fell    0  err_xy 0.096  std 0.300  lr 1.0e-04  fps   7604   366.3s
it 4618/7200  reward     nan  ep_len    nan  fell    0  err_xy 0.275  std 0.300  lr 1.0e-04  fps  10248   366.5s
it 4619/7200  reward     nan  ep_len    nan  fell    0  err_xy 0.257  std 0.300  lr 1.0e-04  fps  10204   366.8s
it 4620/7200  reward     nan  ep_len    nan  fell    0  err_xy 0.258  std 0.300  lr 1.0e-04  fps  10101   367.0s
it 4621/7200  reward     nan  ep_len    nan  fell    0  err_xy 0.216  std 0.300  lr 1.0e-04  fps  10238   367.2s
it 4622/7200  reward     nan  ep_len    nan  fell    0  err_xy 0.212  std 0.300  lr 1.0e-04  fps   9955   367.5s
it 4623/7200  reward     nan  ep_len    nan  fell    0  err_xy 0.202  std 0.300  lr 1.0e-04  fps   9754   367.7s
it 4624/7200  reward     nan  ep_len    nan  fell    0  err_xy 0.150  std 0.300  lr 1.0e-04  fps   9685   367.9s
it 4625/7200  reward     nan  ep_len    nan  fell    0  err_xy 0.139  std 0.300  lr 1.0e-04  fps   9466   368.2s
it 4626/7200  reward     nan  ep_len    nan  fell    0  err_xy 0.101  std 0.300  lr 1.0e-04  fps   9531   368.4s
it 4627/7200  reward     nan  ep_len    nan  fell    0  err_xy 0.083  std 0.300  lr 1.0e-04  fps   9603   368.7s
it 4628/7200  reward     nan  ep_len    nan  fell    0  err_xy 0.072  std 0.300  lr 1.0e-04  fps   8475   368.9s
it 4629/7200  reward     nan  ep_len    nan  fell    0  err_xy 0.059  std 0.300  lr 1.0e-04  fps   9636   369.2s
it 4630/7200  reward     nan  ep_len    nan  fell    0  err_xy 0.066  std 0.300  lr 1.0e-04  fps   9665   369.4s
it 4631/7200  reward     nan  ep_len    nan  fell    0  err_xy 0.049  std 0.300  lr 1.0e-04  fps   9640   369.6s
it 4632/7200  reward     nan  ep_len    nan  fell    0  err_xy 0.041  std 0.300  lr 1.0e-04  fps   9098   369.9s
it 4633/7200  reward     nan  ep_len    nan  fell    0  err_xy 0.035  std 0.300  lr 1.0e-04  fps   9483   370.1s
it 4634/7200  reward   54.77  ep_len  400.0  fell    0  err_xy 0.187  std 0.300  lr 1.0e-04  fps   7723   370.4s
it 4635/7200  reward     nan  ep_len    nan  fell    0  err_xy 0.264  std 0.300  lr 1.0e-04  fps  10302   370.7s
it 4636/7200  reward     nan  ep_len    nan  fell    0  err_xy 0.275  std 0.300  lr 1.0e-04  fps  10282   370.9s
it 4637/7200  reward     nan  ep_len    nan  fell    0  err_xy 0.239  std 0.300  lr 1.0e-04  fps  10152   371.1s
it 4638/7200  reward     nan  ep_len    nan  fell    0  err_xy 0.210  std 0.300  lr 1.0e-04  fps  10161   371.3s
it 4639/7200  reward     nan  ep_len    nan  fell    0  err_xy 0.196  std 0.300  lr 1.0e-04  fps   9908   371.6s
it 4640/7200  reward     nan  ep_len    nan  fell    0  err_xy 0.159  std 0.300  lr 1.0e-04  fps   9408   371.8s
it 4641/7200  reward     nan  ep_len    nan  fell    0  err_xy 0.114  std 0.300  lr 1.0e-04  fps   9466   372.1s
it 4642/7200  reward     nan  ep_len    nan  fell    0  err_xy 0.103  std 0.300  lr 1.0e-04  fps   9433   372.3s
it 4643/7200  reward     nan  ep_len    nan  fell    0  err_xy 0.087  std 0.300  lr 1.0e-04  fps   9290   372.6s
it 4644/7200  reward     nan  ep_len    nan  fell    0  err_xy 0.082  std 0.300  lr 1.0e-04  fps   9603   372.8s
it 4645/7200  reward     nan  ep_len    nan  fell    0  err_xy 0.067  std 0.300  lr 1.0e-04  fps   9753   373.0s
it 4646/7200  reward     nan  ep_len    nan  fell    0  err_xy 0.063  std 0.300  lr 1.0e-04  fps   9796   373.3s
it 4647/7200  reward     nan  ep_len    nan  fell    0  err_xy 0.053  std 0.300  lr 1.0e-04  fps   9809   373.5s
it 4648/7200  reward     nan  ep_len    nan  fell    0  err_xy 0.044  std 0.300  lr 1.0e-04  fps   9763   373.7s
it 4649/7200  reward     nan  ep_len    nan  fell    0  err_xy 0.040  std 0.300  lr 1.0e-04  fps   9443   374.0s
it 4650/7200  reward   55.26  ep_len  400.0  fell    0  err_xy 0.038  std 0.300  lr 1.0e-04  fps   7484   374.3s
it 4651/7200  reward     nan  ep_len    nan  fell    0  err_xy 0.258  std 0.300  lr 1.0e-04  fps  10153   374.5s
it 4652/7200  reward     nan  ep_len    nan  fell    0  err_xy 0.254  std 0.300  lr 1.0e-04  fps  10226   374.7s
it 4653/7200  reward     nan  ep_len    nan  fell    0  err_xy 0.261  std 0.300  lr 1.0e-04  fps  10262   375.0s
it 4654/7200  reward     nan  ep_len    nan  fell    0  err_xy 0.228  std 0.300  lr 1.0e-04  fps  10222   375.2s
it 4655/7200  reward     nan  ep_len    nan  fell    0  err_xy 0.204  std 0.300  lr 1.0e-04  fps  10195   375.4s
it 4656/7200  reward     nan  ep_len    nan  fell    0  err_xy 0.188  std 0.300  lr 1.0e-04  fps   9864   375.7s
it 4657/7200  reward     nan  ep_len    nan  fell    0  err_xy 0.148  std 0.300  lr 1.0e-04  fps   9675   375.9s
it 4658/7200  reward     nan  ep_len    nan  fell    0  err_xy 0.105  std 0.300  lr 1.0e-04  fps   9674   376.1s
it 4659/7200  reward     nan  ep_len    nan  fell    0  err_xy 0.087  std 0.300  lr 1.0e-04  fps   9415   376.4s
it 4660/7200  reward     nan  ep_len    nan  fell    0  err_xy 0.074  std 0.300  lr 1.0e-04  fps   9664   376.6s
it 4661/7200  reward     nan  ep_len    nan  fell    0  err_xy 0.049  std 0.300  lr 1.0e-04  fps   9178   376.9s
it 4662/7200  reward     nan  ep_len    nan  fell    0  err_xy 0.038  std 0.300  lr 1.0e-04  fps   9662   377.1s
it 4663/7200  reward     nan  ep_len    nan  fell    0  err_xy 0.029  std 0.300  lr 1.0e-04  fps   9574   377.3s
it 4664/7200  reward     nan  ep_len    nan  fell    0  err_xy 0.023  std 0.300  lr 1.0e-04  fps   9663   377.6s
it 4665/7200  reward     nan  ep_len    nan  fell    0  err_xy 0.018  std 0.300  lr 1.0e-04  fps   9222   377.8s
it 4666/7200  reward     nan  ep_len    nan  fell    0  err_xy 0.018  std 0.300  lr 1.0e-04  fps   6701   378.2s
it 4667/7200  reward   57.65  ep_len  400.0  fell    0  err_xy 0.094  std 0.300  lr 1.0e-04  fps   7039   378.5s
it 4668/7200  reward     nan  ep_len    nan  fell    0  err_xy 0.267  std 0.300  lr 1.0e-04  fps   9861   378.7s
it 4669/7200  reward     nan  ep_len    nan  fell    0  err_xy 0.240  std 0.300  lr 1.0e-04  fps  10191   379.0s
it 4670/7200  reward     nan  ep_len    nan  fell    0  err_xy 0.266  std 0.300  lr 1.0e-04  fps  10156   379.2s
it 4671/7200  reward     nan  ep_len    nan  fell    0  err_xy 0.222  std 0.300  lr 1.0e-04  fps  10110   379.4s
it 4672/7200  reward     nan  ep_len    nan  fell    0  err_xy 0.200  std 0.300  lr 1.0e-04  fps   9922   379.7s
it 4673/7200  reward     nan  ep_len    nan  fell    0  err_xy 0.174  std 0.300  lr 1.0e-04  fps   9708   379.9s
it 4674/7200  reward     nan  ep_len    nan  fell    0  err_xy 0.131  std 0.300  lr 1.0e-04  fps   9704   380.1s
it 4675/7200  reward     nan  ep_len    nan  fell    0  err_xy 0.115  std 0.300  lr 1.0e-04  fps   9588   380.4s
it 4676/7200  reward     nan  ep_len    nan  fell    0  err_xy 0.096  std 0.300  lr 1.0e-04  fps   9638   380.6s
it 4677/7200  reward     nan  ep_len    nan  fell    0  err_xy 0.089  std 0.300  lr 1.0e-04  fps   9696   380.9s
it 4678/7200  reward     nan  ep_len    nan  fell    0  err_xy 0.077  std 0.300  lr 1.0e-04  fps   9717   381.1s
it 4679/7200  reward     nan  ep_len    nan  fell    0  err_xy 0.058  std 0.300  lr 1.0e-04  fps   9864   381.3s
it 4680/7200  reward     nan  ep_len    nan  fell    0  err_xy 0.055  std 0.300  lr 1.0e-04  fps   9777   381.6s
it 4681/7200  reward     nan  ep_len    nan  fell    0  err_xy 0.051  std 0.300  lr 1.0e-04  fps   9731   381.8s
it 4682/7200  reward     nan  ep_len    nan  fell    0  err_xy 0.045  std 0.300  lr 1.0e-04  fps   9764   382.0s
it 4683/7200  reward     nan  ep_len    nan  fell    0  err_xy 0.040  std 0.300  lr 1.0e-04  fps   9794   382.3s
it 4684/7200  reward   53.93  ep_len  400.0  fell    0  err_xy 0.191  std 0.300  lr 1.0e-04  fps   7707   382.6s
it 4685/7200  reward     nan  ep_len    nan  fell    0  err_xy 0.266  std 0.300  lr 1.0e-04  fps  10307   382.8s
it 4686/7200  reward     nan  ep_len    nan  fell    0  err_xy 0.259  std 0.300  lr 1.0e-04  fps  10411   383.0s
it 4687/7200  reward     nan  ep_len    nan  fell    0  err_xy 0.234  std 0.300  lr 1.0e-04  fps  10175   383.2s
it 4688/7200  reward     nan  ep_len    nan  fell    0  err_xy 0.206  std 0.300  lr 1.0e-04  fps  10129   383.5s
it 4689/7200  reward     nan  ep_len    nan  fell    0  err_xy 0.213  std 0.300  lr 1.0e-04  fps   9962   383.7s
it 4690/7200  reward     nan  ep_len    nan  fell    0  err_xy 0.168  std 0.300  lr 1.0e-04  fps   9949   383.9s
it 4691/7200  reward     nan  ep_len    nan  fell    0  err_xy 0.142  std 0.300  lr 1.0e-04  fps   9803   384.2s
it 4692/7200  reward     nan  ep_len    nan  fell    0  err_xy 0.117  std 0.300  lr 1.0e-04  fps   9849   384.4s
it 4693/7200  reward     nan  ep_len    nan  fell    0  err_xy 0.098  std 0.300  lr 1.0e-04  fps   9698   384.6s
it 4694/7200  reward     nan  ep_len    nan  fell    0  err_xy 0.077  std 0.300  lr 1.0e-04  fps   9766   384.9s
it 4695/7200  reward     nan  ep_len    nan  fell    0  err_xy 0.063  std 0.300  lr 1.0e-04  fps   9468   385.1s
it 4696/7200  reward     nan  ep_len    nan  fell    0  err_xy 0.057  std 0.300  lr 1.0e-04  fps   8925   385.4s
it 4697/7200  reward     nan  ep_len    nan  fell    0  err_xy 0.069  std 0.300  lr 1.0e-04  fps   9212   385.6s
it 4698/7200  reward     nan  ep_len    nan  fell    0  err_xy 0.059  std 0.300  lr 1.0e-04  fps   9593   385.9s
it 4699/7200  reward     nan  ep_len    nan  fell    0  err_xy 0.060  std 0.300  lr 1.0e-04  fps   9462   386.1s
it 4700/7200  reward   52.27  ep_len  400.0  fell    0  err_xy 0.056  std 0.300  lr 1.0e-04  fps   7549   386.4s
it 4701/7200  reward     nan  ep_len    nan  fell    0  err_xy 0.268  std 0.300  lr 1.0e-04  fps  10118   386.6s
it 4702/7200  reward     nan  ep_len    nan  fell    0  err_xy 0.247  std 0.300  lr 1.0e-04  fps  10236   386.9s
it 4703/7200  reward     nan  ep_len    nan  fell    0  err_xy 0.260  std 0.300  lr 1.0e-04  fps  10140   387.1s
it 4704/7200  reward     nan  ep_len    nan  fell    0  err_xy 0.226  std 0.300  lr 1.0e-04  fps  10150   387.3s
it 4705/7200  reward     nan  ep_len    nan  fell    0  err_xy 0.207  std 0.300  lr 1.0e-04  fps  10012   387.6s
it 4706/7200  reward     nan  ep_len    nan  fell    0  err_xy 0.185  std 0.300  lr 1.0e-04  fps   9867   387.8s
it 4707/7200  reward     nan  ep_len    nan  fell    0  err_xy 0.144  std 0.300  lr 1.0e-04  fps   9757   388.0s
it 4708/7200  reward     nan  ep_len    nan  fell    0  err_xy 0.113  std 0.300  lr 1.0e-04  fps   9650   388.3s
it 4709/7200  reward     nan  ep_len    nan  fell    0  err_xy 0.092  std 0.300  lr 1.0e-04  fps   9282   388.5s
it 4710/7200  reward     nan  ep_len    nan  fell    0  err_xy 0.076  std 0.300  lr 1.0e-04  fps   9679   388.8s
it 4711/7200  reward     nan  ep_len    nan  fell    0  err_xy 0.063  std 0.300  lr 1.0e-04  fps   9648   389.0s
it 4712/7200  reward     nan  ep_len    nan  fell    0  err_xy 0.051  std 0.300  lr 1.0e-04  fps   9686   389.2s
it 4713/7200  reward     nan  ep_len    nan  fell    0  err_xy 0.047  std 0.300  lr 1.0e-04  fps   9669   389.5s
it 4714/7200  reward     nan  ep_len    nan  fell    0  err_xy 0.030  std 0.300  lr 1.0e-04  fps   9600   389.7s
it 4715/7200  reward     nan  ep_len    nan  fell    0  err_xy 0.028  std 0.300  lr 1.0e-04  fps   9745   389.9s
it 4716/7200  reward     nan  ep_len    nan  fell    0  err_xy 0.025  std 0.300  lr 1.0e-04  fps   9744   390.2s
it 4717/7200  reward   56.04  ep_len  400.0  fell    0  err_xy 0.096  std 0.300  lr 1.0e-04  fps   7565   390.5s
it 4718/7200  reward     nan  ep_len    nan  fell    0  err_xy 0.286  std 0.300  lr 1.0e-04  fps  10186   390.7s
it 4719/7200  reward     nan  ep_len    nan  fell    0  err_xy 0.256  std 0.300  lr 1.0e-04  fps  10313   390.9s
it 4720/7200  reward     nan  ep_len    nan  fell    0  err_xy 0.228  std 0.300  lr 1.0e-04  fps  10208   391.2s
it 4721/7200  reward     nan  ep_len    nan  fell    0  err_xy 0.217  std 0.300  lr 1.0e-04  fps  10113   391.4s
it 4722/7200  reward     nan  ep_len    nan  fell    0  err_xy 0.211  std 0.300  lr 1.0e-04  fps   9992   391.6s
it 4723/7200  reward     nan  ep_len    nan  fell    0  err_xy 0.177  std 0.300  lr 1.0e-04  fps   9775   391.9s
it 4724/7200  reward     nan  ep_len    nan  fell    0  err_xy 0.153  std 0.300  lr 1.0e-04  fps   9837   392.1s
it 4725/7200  reward     nan  ep_len    nan  fell    0  err_xy 0.144  std 0.300  lr 1.0e-04  fps   9876   392.3s
it 4726/7200  reward     nan  ep_len    nan  fell    0  err_xy 0.121  std 0.300  lr 1.0e-04  fps   9775   392.6s
it 4727/7200  reward     nan  ep_len    nan  fell    0  err_xy 0.097  std 0.300  lr 1.0e-04  fps   9710   392.8s
it 4728/7200  reward     nan  ep_len    nan  fell    0  err_xy 0.073  std 0.300  lr 1.0e-04  fps   9738   393.0s
it 4729/7200  reward     nan  ep_len    nan  fell    0  err_xy 0.061  std 0.300  lr 1.0e-04  fps   9648   393.3s
it 4730/7200  reward     nan  ep_len    nan  fell    0  err_xy 0.052  std 0.300  lr 1.0e-04  fps   9680   393.5s
it 4731/7200  reward     nan  ep_len    nan  fell    0  err_xy 0.046  std 0.300  lr 1.0e-04  fps   9592   393.8s
it 4732/7200  reward     nan  ep_len    nan  fell    0  err_xy 0.043  std 0.300  lr 1.0e-04  fps   9499   394.0s
it 4733/7200  reward     nan  ep_len    nan  fell    0  err_xy 0.030  std 0.300  lr 1.0e-04  fps   9652   394.2s
it 4734/7200  reward   53.85  ep_len  400.0  fell    0  err_xy 0.190  std 0.300  lr 1.0e-04  fps   7877   394.5s
it 4735/7200  reward     nan  ep_len    nan  fell    0  err_xy 0.257  std 0.300  lr 1.0e-04  fps  10272   394.8s
it 4736/7200  reward     nan  ep_len    nan  fell    0  err_xy 0.261  std 0.300  lr 1.0e-04  fps  10279   395.0s
it 4737/7200  reward     nan  ep_len    nan  fell    0  err_xy 0.247  std 0.300  lr 1.0e-04  fps  10176   395.2s
it 4738/7200  reward     nan  ep_len    nan  fell    0  err_xy 0.219  std 0.300  lr 1.0e-04  fps  10013   395.4s
it 4739/7200  reward     nan  ep_len    nan  fell    0  err_xy 0.201  std 0.300  lr 1.0e-04  fps   9783   395.7s
it 4740/7200  reward     nan  ep_len    nan  fell    0  err_xy 0.164  std 0.300  lr 1.0e-04  fps   9680   395.9s
it 4741/7200  reward     nan  ep_len    nan  fell    0  err_xy 0.116  std 0.300  lr 1.0e-04  fps   9753   396.1s
it 4742/7200  reward     nan  ep_len    nan  fell    0  err_xy 0.102  std 0.300  lr 1.0e-04  fps   9612   396.4s
it 4743/7200  reward     nan  ep_len    nan  fell    0  err_xy 0.088  std 0.300  lr 1.0e-04  fps   9692   396.6s
it 4744/7200  reward     nan  ep_len    nan  fell    0  err_xy 0.070  std 0.300  lr 1.0e-04  fps   9699   396.9s
it 4745/7200  reward     nan  ep_len    nan  fell    0  err_xy 0.060  std 0.300  lr 1.0e-04  fps   9701   397.1s
it 4746/7200  reward     nan  ep_len    nan  fell    0  err_xy 0.046  std 0.300  lr 1.0e-04  fps   9642   397.3s
it 4747/7200  reward     nan  ep_len    nan  fell    0  err_xy 0.040  std 0.300  lr 1.0e-04  fps   9647   397.6s
it 4748/7200  reward     nan  ep_len    nan  fell    0  err_xy 0.037  std 0.300  lr 1.0e-04  fps   9661   397.8s
it 4749/7200  reward     nan  ep_len    nan  fell    0  err_xy 0.026  std 0.300  lr 1.0e-04  fps   9673   398.1s
it 4750/7200  reward   55.32  ep_len  400.0  fell    0  err_xy 0.027  std 0.300  lr 1.0e-04  fps   7603   398.4s
it 4751/7200  reward     nan  ep_len    nan  fell    0  err_xy 0.276  std 0.300  lr 1.0e-04  fps  10229   398.6s
it 4752/7200  reward     nan  ep_len    nan  fell    0  err_xy 0.259  std 0.300  lr 1.0e-04  fps  10414   398.8s
it 4753/7200  reward     nan  ep_len    nan  fell    0  err_xy 0.290  std 0.300  lr 1.0e-04  fps  10340   399.0s
it 4754/7200  reward     nan  ep_len    nan  fell    0  err_xy 0.230  std 0.300  lr 1.0e-04  fps  10159   399.3s
it 4755/7200  reward     nan  ep_len    nan  fell    0  err_xy 0.221  std 0.300  lr 1.0e-04  fps   9920   399.5s
it 4756/7200  reward     nan  ep_len    nan  fell    0  err_xy 0.198  std 0.300  lr 1.0e-04  fps   9255   399.7s
it 4757/7200  reward     nan  ep_len    nan  fell    0  err_xy 0.141  std 0.300  lr 1.0e-04  fps   9575   400.0s
it 4758/7200  reward     nan  ep_len    nan  fell    0  err_xy 0.101  std 0.300  lr 1.0e-04  fps   9786   400.2s
it 4759/7200  reward     nan  ep_len    nan  fell    0  err_xy 0.088  std 0.300  lr 1.0e-04  fps   9806   400.4s
it 4760/7200  reward     nan  ep_len    nan  fell    0  err_xy 0.077  std 0.300  lr 1.0e-04  fps   9657   400.7s
it 4761/7200  reward     nan  ep_len    nan  fell    0  err_xy 0.063  std 0.300  lr 1.0e-04  fps   9841   400.9s
it 4762/7200  reward     nan  ep_len    nan  fell    0  err_xy 0.060  std 0.300  lr 1.0e-04  fps   9733   401.2s
it 4763/7200  reward     nan  ep_len    nan  fell    0  err_xy 0.044  std 0.300  lr 1.0e-04  fps   9689   401.4s
it 4764/7200  reward     nan  ep_len    nan  fell    0  err_xy 0.038  std 0.300  lr 1.0e-04  fps   9644   401.6s
it 4765/7200  reward     nan  ep_len    nan  fell    0  err_xy 0.032  std 0.300  lr 1.0e-04  fps   9486   401.9s
it 4766/7200  reward     nan  ep_len    nan  fell    0  err_xy 0.030  std 0.300  lr 1.0e-04  fps   9683   402.1s
it 4767/7200  reward   55.34  ep_len  400.0  fell    0  err_xy 0.099  std 0.300  lr 1.0e-04  fps   7773   402.4s
it 4768/7200  reward     nan  ep_len    nan  fell    0  err_xy 0.264  std 0.300  lr 1.0e-04  fps  10405   402.6s
it 4769/7200  reward     nan  ep_len    nan  fell    0  err_xy 0.245  std 0.300  lr 1.0e-04  fps  10425   402.9s
it 4770/7200  reward     nan  ep_len    nan  fell    0  err_xy 0.250  std 0.300  lr 1.0e-04  fps  10237   403.1s
it 4771/7200  reward     nan  ep_len    nan  fell    0  err_xy 0.207  std 0.300  lr 1.0e-04  fps  10261   403.3s
it 4772/7200  reward     nan  ep_len    nan  fell    0  err_xy 0.197  std 0.300  lr 1.0e-04  fps  10011   403.5s
it 4773/7200  reward     nan  ep_len    nan  fell    0  err_xy 0.143  std 0.300  lr 1.0e-04  fps   9704   403.8s
it 4774/7200  reward     nan  ep_len    nan  fell    0  err_xy 0.119  std 0.300  lr 1.0e-04  fps   9647   404.0s
it 4775/7200  reward     nan  ep_len    nan  fell    0  err_xy 0.111  std 0.300  lr 1.0e-04  fps   9701   404.3s
it 4776/7200  reward     nan  ep_len    nan  fell    0  err_xy 0.101  std 0.300  lr 1.0e-04  fps   9757   404.5s
it 4777/7200  reward     nan  ep_len    nan  fell    0  err_xy 0.080  std 0.300  lr 1.0e-04  fps   9725   404.7s
it 4778/7200  reward     nan  ep_len    nan  fell    0  err_xy 0.067  std 0.300  lr 1.0e-04  fps   9651   405.0s
it 4779/7200  reward     nan  ep_len    nan  fell    0  err_xy 0.069  std 0.300  lr 1.0e-04  fps   9684   405.2s
it 4780/7200  reward     nan  ep_len    nan  fell    0  err_xy 0.059  std 0.300  lr 1.0e-04  fps   9666   405.4s
it 4781/7200  reward     nan  ep_len    nan  fell    0  err_xy 0.055  std 0.300  lr 1.0e-04  fps   9646   405.7s
it 4782/7200  reward     nan  ep_len    nan  fell    0  err_xy 0.044  std 0.300  lr 1.0e-04  fps   9772   405.9s
it 4783/7200  reward     nan  ep_len    nan  fell    0  err_xy 0.036  std 0.300  lr 1.0e-04  fps   9669   406.2s
it 4784/7200  reward   55.26  ep_len  400.0  fell    0  err_xy 0.198  std 0.300  lr 1.0e-04  fps   7851   406.5s
it 4785/7200  reward     nan  ep_len    nan  fell    0  err_xy 0.258  std 0.300  lr 1.0e-04  fps  10295   406.7s
it 4786/7200  reward     nan  ep_len    nan  fell    0  err_xy 0.266  std 0.300  lr 1.0e-04  fps  10341   406.9s
it 4787/7200  reward     nan  ep_len    nan  fell    0  err_xy 0.248  std 0.300  lr 1.0e-04  fps  10215   407.1s
it 4788/7200  reward     nan  ep_len    nan  fell    0  err_xy 0.214  std 0.300  lr 1.0e-04  fps  10190   407.4s
it 4789/7200  reward     nan  ep_len    nan  fell    0  err_xy 0.200  std 0.300  lr 1.0e-04  fps   9614   407.6s
it 4790/7200  reward     nan  ep_len    nan  fell    0  err_xy 0.157  std 0.300  lr 1.0e-04  fps   9590   407.8s
it 4791/7200  reward     nan  ep_len    nan  fell    0  err_xy 0.119  std 0.300  lr 1.0e-04  fps   9615   408.1s
it 4792/7200  reward     nan  ep_len    nan  fell    0  err_xy 0.097  std 0.300  lr 1.0e-04  fps   9584   408.3s
it 4793/7200  reward     nan  ep_len    nan  fell    0  err_xy 0.071  std 0.300  lr 1.0e-04  fps   9557   408.6s
it 4794/7200  reward     nan  ep_len    nan  fell    0  err_xy 0.053  std 0.300  lr 1.0e-04  fps   9240   408.8s
it 4795/7200  reward     nan  ep_len    nan  fell    0  err_xy 0.032  std 0.300  lr 1.0e-04  fps   8990   409.1s
it 4796/7200  reward     nan  ep_len    nan  fell    0  err_xy 0.030  std 0.300  lr 1.0e-04  fps   9375   409.3s
it 4797/7200  reward     nan  ep_len    nan  fell    0  err_xy 0.026  std 0.300  lr 1.0e-04  fps   9477   409.5s
it 4798/7200  reward     nan  ep_len    nan  fell    0  err_xy 0.034  std 0.300  lr 1.0e-04  fps   9534   409.8s
it 4799/7200  reward     nan  ep_len    nan  fell    0  err_xy 0.029  std 0.300  lr 1.0e-04  fps   9798   410.0s
it 4800/7200  reward   58.73  ep_len  400.0  fell    0  err_xy 0.025  std 0.300  lr 1.0e-04  fps   7587   410.3s
eval iteration 4800:
  prone          success   0.0%  time 8.00s  peak_τ 0.96 Nm  return 58.63
  supine         success   0.0%  time 8.00s  peak_τ 0.95 Nm  return 62.80
  score 0.000
it 4801/7200  reward     nan  ep_len    nan  fell    0  err_xy 0.274  std 0.300  lr 1.0e-04  fps   9921   412.5s
it 4802/7200  reward     nan  ep_len    nan  fell    0  err_xy 0.245  std 0.300  lr 1.0e-04  fps  10246   412.7s
it 4803/7200  reward     nan  ep_len    nan  fell    0  err_xy 0.270  std 0.300  lr 1.0e-04  fps  10250   412.9s
it 4804/7200  reward     nan  ep_len    nan  fell    0  err_xy 0.225  std 0.300  lr 1.0e-04  fps   9980   413.2s
it 4805/7200  reward     nan  ep_len    nan  fell    0  err_xy 0.214  std 0.300  lr 1.0e-04  fps   9896   413.4s
it 4806/7200  reward     nan  ep_len    nan  fell    0  err_xy 0.182  std 0.300  lr 1.0e-04  fps   9672   413.6s
it 4807/7200  reward     nan  ep_len    nan  fell    0  err_xy 0.136  std 0.300  lr 1.0e-04  fps   9536   413.9s
it 4808/7200  reward     nan  ep_len    nan  fell    0  err_xy 0.104  std 0.300  lr 1.0e-04  fps   9516   414.1s
it 4809/7200  reward     nan  ep_len    nan  fell    0  err_xy 0.086  std 0.300  lr 1.0e-04  fps   9589   414.4s
it 4810/7200  reward     nan  ep_len    nan  fell    0  err_xy 0.086  std 0.300  lr 1.0e-04  fps   9764   414.6s
it 4811/7200  reward     nan  ep_len    nan  fell    0  err_xy 0.077  std 0.300  lr 1.0e-04  fps   9509   414.8s
it 4812/7200  reward     nan  ep_len    nan  fell    0  err_xy 0.057  std 0.300  lr 1.0e-04  fps   9554   415.1s
it 4813/7200  reward     nan  ep_len    nan  fell    0  err_xy 0.053  std 0.300  lr 1.0e-04  fps   9541   415.3s
it 4814/7200  reward     nan  ep_len    nan  fell    0  err_xy 0.041  std 0.300  lr 1.0e-04  fps   9735   415.6s
it 4815/7200  reward     nan  ep_len    nan  fell    0  err_xy 0.041  std 0.300  lr 1.0e-04  fps   9653   415.8s
it 4816/7200  reward     nan  ep_len    nan  fell    0  err_xy 0.033  std 0.300  lr 1.0e-04  fps   9665   416.0s
it 4817/7200  reward   54.95  ep_len  400.0  fell    0  err_xy 0.101  std 0.300  lr 1.0e-04  fps   7672   416.3s
it 4818/7200  reward     nan  ep_len    nan  fell    0  err_xy 0.273  std 0.300  lr 1.0e-04  fps  10268   416.6s
it 4819/7200  reward     nan  ep_len    nan  fell    0  err_xy 0.233  std 0.300  lr 1.0e-04  fps  10197   416.8s
it 4820/7200  reward     nan  ep_len    nan  fell    0  err_xy 0.268  std 0.300  lr 1.0e-04  fps   9962   417.0s
it 4821/7200  reward     nan  ep_len    nan  fell    0  err_xy 0.211  std 0.300  lr 1.0e-04  fps   9974   417.2s
it 4822/7200  reward     nan  ep_len    nan  fell    0  err_xy 0.217  std 0.300  lr 1.0e-04  fps   9819   417.5s
it 4823/7200  reward     nan  ep_len    nan  fell    0  err_xy 0.152  std 0.300  lr 1.0e-04  fps   9714   417.7s
it 4824/7200  reward     nan  ep_len    nan  fell    0  err_xy 0.147  std 0.300  lr 1.0e-04  fps   9743   418.0s
it 4825/7200  reward     nan  ep_len    nan  fell    0  err_xy 0.115  std 0.300  lr 1.0e-04  fps   9442   418.2s
it 4826/7200  reward     nan  ep_len    nan  fell    0  err_xy 0.099  std 0.300  lr 1.0e-04  fps   9179   418.4s
it 4827/7200  reward     nan  ep_len    nan  fell    0  err_xy 0.087  std 0.300  lr 1.0e-04  fps   9583   418.7s
it 4828/7200  reward     nan  ep_len    nan  fell    0  err_xy 0.082  std 0.300  lr 1.0e-04  fps   9672   418.9s
it 4829/7200  reward     nan  ep_len    nan  fell    0  err_xy 0.068  std 0.300  lr 1.0e-04  fps   9477   419.2s
it 4830/7200  reward     nan  ep_len    nan  fell    0  err_xy 0.055  std 0.300  lr 1.0e-04  fps   9539   419.4s
it 4831/7200  reward     nan  ep_len    nan  fell    0  err_xy 0.038  std 0.300  lr 1.0e-04  fps   9548   419.7s
it 4832/7200  reward     nan  ep_len    nan  fell    0  err_xy 0.030  std 0.300  lr 1.0e-04  fps   9710   419.9s
it 4833/7200  reward     nan  ep_len    nan  fell    0  err_xy 0.025  std 0.300  lr 1.0e-04  fps   9681   420.1s
it 4834/7200  reward   56.31  ep_len  400.0  fell    0  err_xy 0.199  std 0.300  lr 1.0e-04  fps   7800   420.4s
it 4835/7200  reward     nan  ep_len    nan  fell    0  err_xy 0.253  std 0.300  lr 1.0e-04  fps  10267   420.7s
it 4836/7200  reward     nan  ep_len    nan  fell    0  err_xy 0.262  std 0.300  lr 1.0e-04  fps  10294   420.9s
it 4837/7200  reward     nan  ep_len    nan  fell    0  err_xy 0.236  std 0.300  lr 1.0e-04  fps  10151   421.1s
it 4838/7200  reward     nan  ep_len    nan  fell    0  err_xy 0.215  std 0.300  lr 1.0e-04  fps  10180   421.3s
it 4839/7200  reward     nan  ep_len    nan  fell    0  err_xy 0.216  std 0.300  lr 1.0e-04  fps  10079   421.6s
it 4840/7200  reward     nan  ep_len    nan  fell    0  err_xy 0.186  std 0.300  lr 1.0e-04  fps   9889   421.8s
it 4841/7200  reward     nan  ep_len    nan  fell    0  err_xy 0.165  std 0.300  lr 1.0e-04  fps   9869   422.0s
it 4842/7200  reward     nan  ep_len    nan  fell    0  err_xy 0.142  std 0.300  lr 1.0e-04  fps   9873   422.3s
it 4843/7200  reward     nan  ep_len    nan  fell    0  err_xy 0.118  std 0.300  lr 1.0e-04  fps   9736   422.5s
it 4844/7200  reward     nan  ep_len    nan  fell    0  err_xy 0.098  std 0.300  lr 1.0e-04  fps   9812   422.7s
it 4845/7200  reward     nan  ep_len    nan  fell    0  err_xy 0.086  std 0.300  lr 1.0e-04  fps   9722   423.0s
it 4846/7200  reward     nan  ep_len    nan  fell    0  err_xy 0.082  std 0.300  lr 1.0e-04  fps   9690   423.2s
it 4847/7200  reward     nan  ep_len    nan  fell    0  err_xy 0.076  std 0.300  lr 1.0e-04  fps   9173   423.5s
it 4848/7200  reward     nan  ep_len    nan  fell    0  err_xy 0.060  std 0.300  lr 1.0e-04  fps   9642   423.7s
it 4849/7200  reward     nan  ep_len    nan  fell    0  err_xy 0.049  std 0.300  lr 1.0e-04  fps   9686   423.9s
it 4850/7200  reward   52.55  ep_len  400.0  fell    0  err_xy 0.041  std 0.300  lr 1.0e-04  fps   7543   424.2s
it 4851/7200  reward     nan  ep_len    nan  fell    0  err_xy 0.278  std 0.300  lr 1.0e-04  fps  10227   424.5s
it 4852/7200  reward     nan  ep_len    nan  fell    0  err_xy 0.235  std 0.300  lr 1.0e-04  fps  10280   424.7s
it 4853/7200  reward     nan  ep_len    nan  fell    0  err_xy 0.245  std 0.300  lr 1.0e-04  fps  10392   424.9s
it 4854/7200  reward     nan  ep_len    nan  fell    0  err_xy 0.222  std 0.300  lr 1.0e-04  fps  10311   425.1s
it 4855/7200  reward     nan  ep_len    nan  fell    0  err_xy 0.232  std 0.300  lr 1.0e-04  fps  10160   425.4s
it 4856/7200  reward     nan  ep_len    nan  fell    0  err_xy 0.199  std 0.300  lr 1.0e-04  fps   9947   425.6s
it 4857/7200  reward     nan  ep_len    nan  fell    0  err_xy 0.158  std 0.300  lr 1.0e-04  fps   9952   425.8s
it 4858/7200  reward     nan  ep_len    nan  fell    0  err_xy 0.147  std 0.300  lr 1.0e-04  fps   9911   426.1s
it 4859/7200  reward     nan  ep_len    nan  fell    0  err_xy 0.122  std 0.300  lr 1.0e-04  fps   9888   426.3s
it 4860/7200  reward     nan  ep_len    nan  fell    0  err_xy 0.102  std 0.300  lr 1.0e-04  fps   9780   426.5s
it 4861/7200  reward     nan  ep_len    nan  fell    0  err_xy 0.072  std 0.300  lr 1.0e-04  fps   9775   426.8s
it 4862/7200  reward     nan  ep_len    nan  fell    0  err_xy 0.046  std 0.300  lr 1.0e-04  fps   9713   427.0s
it 4863/7200  reward     nan  ep_len    nan  fell    0  err_xy 0.038  std 0.300  lr 1.0e-04  fps   9721   427.2s
it 4864/7200  reward     nan  ep_len    nan  fell    0  err_xy 0.033  std 0.300  lr 1.0e-04  fps   9668   427.5s
it 4865/7200  reward     nan  ep_len    nan  fell    0  err_xy 0.031  std 0.300  lr 1.0e-04  fps   9650   427.7s
it 4866/7200  reward     nan  ep_len    nan  fell    0  err_xy 0.027  std 0.300  lr 1.0e-04  fps   9601   428.0s
it 4867/7200  reward   55.84  ep_len  400.0  fell    0  err_xy 0.099  std 0.300  lr 1.0e-04  fps   7586   428.3s
it 4868/7200  reward     nan  ep_len    nan  fell    0  err_xy 0.290  std 0.300  lr 1.0e-04  fps  10191   428.5s
it 4869/7200  reward     nan  ep_len    nan  fell    0  err_xy 0.263  std 0.300  lr 1.0e-04  fps  10295   428.7s
it 4870/7200  reward     nan  ep_len    nan  fell    0  err_xy 0.285  std 0.300  lr 1.0e-04  fps  10292   428.9s
it 4871/7200  reward     nan  ep_len    nan  fell    0  err_xy 0.231  std 0.300  lr 1.0e-04  fps  10273   429.2s
it 4872/7200  reward     nan  ep_len    nan  fell    0  err_xy 0.230  std 0.300  lr 1.0e-04  fps  10122   429.4s
it 4873/7200  reward     nan  ep_len    nan  fell    0  err_xy 0.204  std 0.300  lr 1.0e-04  fps   9901   429.6s
it 4874/7200  reward     nan  ep_len    nan  fell    0  err_xy 0.168  std 0.300  lr 1.0e-04  fps   9811   429.9s
it 4875/7200  reward     nan  ep_len    nan  fell    0  err_xy 0.177  std 0.300  lr 1.0e-04  fps   9897   430.1s
it 4876/7200  reward     nan  ep_len    nan  fell    0  err_xy 0.158  std 0.300  lr 1.0e-04  fps   9870   430.3s
it 4877/7200  reward     nan  ep_len    nan  fell    0  err_xy 0.113  std 0.300  lr 1.0e-04  fps   9786   430.6s
it 4878/7200  reward     nan  ep_len    nan  fell    0  err_xy 0.098  std 0.300  lr 1.0e-04  fps   9770   430.8s
it 4879/7200  reward     nan  ep_len    nan  fell    0  err_xy 0.077  std 0.300  lr 1.0e-04  fps   9802   431.0s
it 4880/7200  reward     nan  ep_len    nan  fell    0  err_xy 0.075  std 0.300  lr 1.0e-04  fps   9810   431.3s
it 4881/7200  reward     nan  ep_len    nan  fell    0  err_xy 0.063  std 0.300  lr 1.0e-04  fps   9646   431.5s
it 4882/7200  reward     nan  ep_len    nan  fell    0  err_xy 0.055  std 0.300  lr 1.0e-04  fps   9583   431.7s
it 4883/7200  reward     nan  ep_len    nan  fell    0  err_xy 0.035  std 0.300  lr 1.0e-04  fps   9606   432.0s
it 4884/7200  reward   52.51  ep_len  400.0  fell    0  err_xy 0.198  std 0.300  lr 1.0e-04  fps   7613   432.3s
it 4885/7200  reward     nan  ep_len    nan  fell    0  err_xy 0.264  std 0.300  lr 1.0e-04  fps  10254   432.5s
it 4886/7200  reward     nan  ep_len    nan  fell    0  err_xy 0.258  std 0.300  lr 1.0e-04  fps  10276   432.7s
it 4887/7200  reward     nan  ep_len    nan  fell    0  err_xy 0.254  std 0.300  lr 1.0e-04  fps  10276   433.0s
it 4888/7200  reward     nan  ep_len    nan  fell    0  err_xy 0.233  std 0.300  lr 1.0e-04  fps  10247   433.2s
it 4889/7200  reward     nan  ep_len    nan  fell    0  err_xy 0.203  std 0.300  lr 1.0e-04  fps   9662   433.4s
it 4890/7200  reward     nan  ep_len    nan  fell    0  err_xy 0.154  std 0.300  lr 1.0e-04  fps   9326   433.7s
it 4891/7200  reward     nan  ep_len    nan  fell    0  err_xy 0.127  std 0.300  lr 1.0e-04  fps   9751   433.9s
it 4892/7200  reward     nan  ep_len    nan  fell    0  err_xy 0.086  std 0.300  lr 1.0e-04  fps   9681   434.2s
it 4893/7200  reward     nan  ep_len    nan  fell    0  err_xy 0.069  std 0.300  lr 1.0e-04  fps   9780   434.4s
it 4894/7200  reward     nan  ep_len    nan  fell    0  err_xy 0.049  std 0.300  lr 1.0e-04  fps   9629   434.6s
it 4895/7200  reward     nan  ep_len    nan  fell    0  err_xy 0.041  std 0.300  lr 1.0e-04  fps   9685   434.9s
it 4896/7200  reward     nan  ep_len    nan  fell    0  err_xy 0.033  std 0.300  lr 1.0e-04  fps   9746   435.1s
it 4897/7200  reward     nan  ep_len    nan  fell    0  err_xy 0.021  std 0.300  lr 1.0e-04  fps   9672   435.3s
it 4898/7200  reward     nan  ep_len    nan  fell    0  err_xy 0.017  std 0.300  lr 1.0e-04  fps   9653   435.6s
it 4899/7200  reward     nan  ep_len    nan  fell    0  err_xy 0.015  std 0.300  lr 1.0e-04  fps   9631   435.8s
it 4900/7200  reward   60.27  ep_len  400.0  fell    0  err_xy 0.015  std 0.300  lr 1.0e-04  fps   6564   436.2s
it 4901/7200  reward     nan  ep_len    nan  fell    0  err_xy 0.288  std 0.300  lr 1.0e-04  fps  10202   436.4s
it 4902/7200  reward     nan  ep_len    nan  fell    0  err_xy 0.245  std 0.300  lr 1.0e-04  fps  10304   436.6s
it 4903/7200  reward     nan  ep_len    nan  fell    0  err_xy 0.262  std 0.300  lr 1.0e-04  fps  10379   436.8s
it 4904/7200  reward     nan  ep_len    nan  fell    0  err_xy 0.250  std 0.300  lr 1.0e-04  fps  10327   437.1s
it 4905/7200  reward     nan  ep_len    nan  fell    0  err_xy 0.230  std 0.300  lr 1.0e-04  fps  10228   437.3s
it 4906/7200  reward     nan  ep_len    nan  fell    0  err_xy 0.212  std 0.300  lr 1.0e-04  fps   9918   437.5s
it 4907/7200  reward     nan  ep_len    nan  fell    0  err_xy 0.160  std 0.300  lr 1.0e-04  fps   9765   437.8s
it 4908/7200  reward     nan  ep_len    nan  fell    0  err_xy 0.136  std 0.300  lr 1.0e-04  fps   9775   438.0s
it 4909/7200  reward     nan  ep_len    nan  fell    0  err_xy 0.105  std 0.300  lr 1.0e-04  fps   9657   438.2s
it 4910/7200  reward     nan  ep_len    nan  fell    0  err_xy 0.082  std 0.300  lr 1.0e-04  fps   9412   438.5s
it 4911/7200  reward     nan  ep_len    nan  fell    0  err_xy 0.062  std 0.300  lr 1.0e-04  fps   9466   438.7s
it 4912/7200  reward     nan  ep_len    nan  fell    0  err_xy 0.047  std 0.300  lr 1.0e-04  fps   9601   439.0s
it 4913/7200  reward     nan  ep_len    nan  fell    0  err_xy 0.045  std 0.300  lr 1.0e-04  fps   9735   439.2s
it 4914/7200  reward     nan  ep_len    nan  fell    0  err_xy 0.035  std 0.300  lr 1.0e-04  fps   9782   439.4s
it 4915/7200  reward     nan  ep_len    nan  fell    0  err_xy 0.032  std 0.300  lr 1.0e-04  fps   9662   439.7s
it 4916/7200  reward     nan  ep_len    nan  fell    0  err_xy 0.024  std 0.300  lr 1.0e-04  fps   9723   439.9s
it 4917/7200  reward   57.48  ep_len  400.0  fell    0  err_xy 0.103  std 0.300  lr 1.0e-04  fps   7606   440.2s
it 4918/7200  reward     nan  ep_len    nan  fell    0  err_xy 0.290  std 0.300  lr 1.0e-04  fps  10279   440.4s
it 4919/7200  reward     nan  ep_len    nan  fell    0  err_xy 0.251  std 0.300  lr 1.0e-04  fps  10242   440.7s
it 4920/7200  reward     nan  ep_len    nan  fell    0  err_xy 0.250  std 0.300  lr 1.0e-04  fps  10228   440.9s
it 4921/7200  reward     nan  ep_len    nan  fell    0  err_xy 0.217  std 0.300  lr 1.0e-04  fps  10175   441.1s
it 4922/7200  reward     nan  ep_len    nan  fell    0  err_xy 0.214  std 0.300  lr 1.0e-04  fps  10024   441.3s
it 4923/7200  reward     nan  ep_len    nan  fell    0  err_xy 0.182  std 0.300  lr 1.0e-04  fps   9960   441.6s
it 4924/7200  reward     nan  ep_len    nan  fell    0  err_xy 0.146  std 0.300  lr 1.0e-04  fps   9717   441.8s
it 4925/7200  reward     nan  ep_len    nan  fell    0  err_xy 0.112  std 0.300  lr 1.0e-04  fps   9755   442.1s
it 4926/7200  reward     nan  ep_len    nan  fell    0  err_xy 0.096  std 0.300  lr 1.0e-04  fps   9669   442.3s
it 4927/7200  reward     nan  ep_len    nan  fell    0  err_xy 0.075  std 0.300  lr 1.0e-04  fps   9709   442.5s
it 4928/7200  reward     nan  ep_len    nan  fell    0  err_xy 0.054  std 0.300  lr 1.0e-04  fps   9680   442.8s
it 4929/7200  reward     nan  ep_len    nan  fell    0  err_xy 0.050  std 0.300  lr 1.0e-04  fps   9787   443.0s
it 4930/7200  reward     nan  ep_len    nan  fell    0  err_xy 0.048  std 0.300  lr 1.0e-04  fps   9660   443.2s
it 4931/7200  reward     nan  ep_len    nan  fell    0  err_xy 0.036  std 0.300  lr 1.0e-04  fps   9717   443.5s
it 4932/7200  reward     nan  ep_len    nan  fell    0  err_xy 0.034  std 0.300  lr 1.0e-04  fps   9668   443.7s
it 4933/7200  reward     nan  ep_len    nan  fell    0  err_xy 0.038  std 0.300  lr 1.0e-04  fps   9669   444.0s
it 4934/7200  reward   55.47  ep_len  400.0  fell    0  err_xy 0.201  std 0.300  lr 1.0e-04  fps   7794   444.3s
it 4935/7200  reward     nan  ep_len    nan  fell    0  err_xy 0.265  std 0.300  lr 1.0e-04  fps  10325   444.5s
it 4936/7200  reward     nan  ep_len    nan  fell    0  err_xy 0.255  std 0.300  lr 1.0e-04  fps  10315   444.7s
it 4937/7200  reward     nan  ep_len    nan  fell    0  err_xy 0.241  std 0.300  lr 1.0e-04  fps  10085   444.9s
it 4938/7200  reward     nan  ep_len    nan  fell    0  err_xy 0.228  std 0.300  lr 1.0e-04  fps  10095   445.2s
it 4939/7200  reward     nan  ep_len    nan  fell    0  err_xy 0.214  std 0.300  lr 1.0e-04  fps   9856   445.4s
it 4940/7200  reward     nan  ep_len    nan  fell    0  err_xy 0.165  std 0.300  lr 1.0e-04  fps   9790   445.6s
it 4941/7200  reward     nan  ep_len    nan  fell    0  err_xy 0.139  std 0.300  lr 1.0e-04  fps   9754   445.9s
it 4942/7200  reward     nan  ep_len    nan  fell    0  err_xy 0.110  std 0.300  lr 1.0e-04  fps   9767   446.1s
it 4943/7200  reward     nan  ep_len    nan  fell    0  err_xy 0.082  std 0.300  lr 1.0e-04  fps   9713   446.3s
it 4944/7200  reward     nan  ep_len    nan  fell    0  err_xy 0.073  std 0.300  lr 1.0e-04  fps   9703   446.6s
it 4945/7200  reward     nan  ep_len    nan  fell    0  err_xy 0.056  std 0.300  lr 1.0e-04  fps   8771   446.8s
it 4946/7200  reward     nan  ep_len    nan  fell    0  err_xy 0.042  std 0.300  lr 1.0e-04  fps   9343   447.1s
it 4947/7200  reward     nan  ep_len    nan  fell    0  err_xy 0.029  std 0.300  lr 1.0e-04  fps   9514   447.3s
it 4948/7200  reward     nan  ep_len    nan  fell    0  err_xy 0.025  std 0.300  lr 1.0e-04  fps   9610   447.6s
it 4949/7200  reward     nan  ep_len    nan  fell    0  err_xy 0.027  std 0.300  lr 1.0e-04  fps   9641   447.8s
it 4950/7200  reward   56.95  ep_len  400.0  fell    0  err_xy 0.025  std 0.300  lr 1.0e-04  fps   7690   448.1s
it 4951/7200  reward     nan  ep_len    nan  fell    0  err_xy 0.264  std 0.300  lr 1.0e-04  fps  10153   448.3s
it 4952/7200  reward     nan  ep_len    nan  fell    0  err_xy 0.226  std 0.300  lr 1.0e-04  fps  10297   448.6s
it 4953/7200  reward     nan  ep_len    nan  fell    0  err_xy 0.262  std 0.300  lr 1.0e-04  fps   8856   448.8s
it 4954/7200  reward     nan  ep_len    nan  fell    0  err_xy 0.251  std 0.300  lr 1.0e-04  fps  10087   449.0s
it 4955/7200  reward     nan  ep_len    nan  fell    0  err_xy 0.223  std 0.300  lr 1.0e-04  fps  10152   449.3s
it 4956/7200  reward     nan  ep_len    nan  fell    0  err_xy 0.193  std 0.300  lr 1.0e-04  fps   9814   449.5s
it 4957/7200  reward     nan  ep_len    nan  fell    0  err_xy 0.145  std 0.300  lr 1.0e-04  fps   9720   449.7s
it 4958/7200  reward     nan  ep_len    nan  fell    0  err_xy 0.104  std 0.300  lr 1.0e-04  fps   9820   450.0s
it 4959/7200  reward     nan  ep_len    nan  fell    0  err_xy 0.097  std 0.300  lr 1.0e-04  fps   9756   450.2s
it 4960/7200  reward     nan  ep_len    nan  fell    0  err_xy 0.083  std 0.300  lr 1.0e-04  fps   9701   450.5s
it 4961/7200  reward     nan  ep_len    nan  fell    0  err_xy 0.065  std 0.300  lr 1.0e-04  fps   9649   450.7s
it 4962/7200  reward     nan  ep_len    nan  fell    0  err_xy 0.055  std 0.300  lr 1.0e-04  fps   9648   450.9s
it 4963/7200  reward     nan  ep_len    nan  fell    0  err_xy 0.049  std 0.300  lr 1.0e-04  fps   9735   451.2s
it 4964/7200  reward     nan  ep_len    nan  fell    0  err_xy 0.046  std 0.300  lr 1.0e-04  fps   9814   451.4s
it 4965/7200  reward     nan  ep_len    nan  fell    0  err_xy 0.038  std 0.300  lr 1.0e-04  fps   9538   451.7s
it 4966/7200  reward     nan  ep_len    nan  fell    0  err_xy 0.032  std 0.300  lr 1.0e-04  fps   9549   451.9s
it 4967/7200  reward   54.32  ep_len  400.0  fell    0  err_xy 0.102  std 0.300  lr 1.0e-04  fps   7629   452.2s
it 4968/7200  reward     nan  ep_len    nan  fell    0  err_xy 0.268  std 0.300  lr 1.0e-04  fps  10315   452.4s
it 4969/7200  reward     nan  ep_len    nan  fell    0  err_xy 0.245  std 0.300  lr 1.0e-04  fps  10163   452.6s
it 4970/7200  reward     nan  ep_len    nan  fell    0  err_xy 0.262  std 0.300  lr 1.0e-04  fps  10112   452.9s
it 4971/7200  reward     nan  ep_len    nan  fell    0  err_xy 0.233  std 0.300  lr 1.0e-04  fps  10028   453.1s
it 4972/7200  reward     nan  ep_len    nan  fell    0  err_xy 0.223  std 0.300  lr 1.0e-04  fps  10008   453.3s
it 4973/7200  reward     nan  ep_len    nan  fell    0  err_xy 0.183  std 0.300  lr 1.0e-04  fps   9694   453.6s
it 4974/7200  reward     nan  ep_len    nan  fell    0  err_xy 0.149  std 0.300  lr 1.0e-04  fps   9524   453.8s
it 4975/7200  reward     nan  ep_len    nan  fell    0  err_xy 0.110  std 0.300  lr 1.0e-04  fps   9616   454.1s
it 4976/7200  reward     nan  ep_len    nan  fell    0  err_xy 0.074  std 0.300  lr 1.0e-04  fps   9575   454.3s
it 4977/7200  reward     nan  ep_len    nan  fell    0  err_xy 0.052  std 0.300  lr 1.0e-04  fps   9650   454.5s
it 4978/7200  reward     nan  ep_len    nan  fell    0  err_xy 0.036  std 0.300  lr 1.0e-04  fps   9509   454.8s
it 4979/7200  reward     nan  ep_len    nan  fell    0  err_xy 0.024  std 0.300  lr 1.0e-04  fps   9539   455.0s
it 4980/7200  reward     nan  ep_len    nan  fell    0  err_xy 0.021  std 0.300  lr 1.0e-04  fps   9588   455.3s
it 4981/7200  reward     nan  ep_len    nan  fell    0  err_xy 0.015  std 0.300  lr 1.0e-04  fps   9590   455.5s
it 4982/7200  reward     nan  ep_len    nan  fell    0  err_xy 0.012  std 0.300  lr 1.0e-04  fps   9576   455.7s
it 4983/7200  reward     nan  ep_len    nan  fell    0  err_xy 0.012  std 0.300  lr 1.0e-04  fps   9553   456.0s
it 4984/7200  reward   59.14  ep_len  400.0  fell    0  err_xy 0.181  std 0.300  lr 1.0e-04  fps   7616   456.3s
it 4985/7200  reward     nan  ep_len    nan  fell    0  err_xy 0.265  std 0.300  lr 1.0e-04  fps  10227   456.5s
it 4986/7200  reward     nan  ep_len    nan  fell    0  err_xy 0.256  std 0.300  lr 1.0e-04  fps  10047   456.7s
it 4987/7200  reward     nan  ep_len    nan  fell    0  err_xy 0.237  std 0.300  lr 1.0e-04  fps  10053   457.0s
it 4988/7200  reward     nan  ep_len    nan  fell    0  err_xy 0.224  std 0.300  lr 1.0e-04  fps  10051   457.2s
it 4989/7200  reward     nan  ep_len    nan  fell    0  err_xy 0.214  std 0.300  lr 1.0e-04  fps   9944   457.4s
it 4990/7200  reward     nan  ep_len    nan  fell    0  err_xy 0.192  std 0.300  lr 1.0e-04  fps   9864   457.7s
it 4991/7200  reward     nan  ep_len    nan  fell    0  err_xy 0.150  std 0.300  lr 1.0e-04  fps   9282   457.9s
it 4992/7200  reward     nan  ep_len    nan  fell    0  err_xy 0.134  std 0.300  lr 1.0e-04  fps   9640   458.2s
it 4993/7200  reward     nan  ep_len    nan  fell    0  err_xy 0.108  std 0.300  lr 1.0e-04  fps   9793   458.4s
it 4994/7200  reward     nan  ep_len    nan  fell    0  err_xy 0.081  std 0.300  lr 1.0e-04  fps   9716   458.6s
it 4995/7200  reward     nan  ep_len    nan  fell    0  err_xy 0.062  std 0.300  lr 1.0e-04  fps   9734   458.9s
it 4996/7200  reward     nan  ep_len    nan  fell    0  err_xy 0.057  std 0.300  lr 1.0e-04  fps   9690   459.1s
it 4997/7200  reward     nan  ep_len    nan  fell    0  err_xy 0.048  std 0.300  lr 1.0e-04  fps   9737   459.3s
it 4998/7200  reward     nan  ep_len    nan  fell    0  err_xy 0.049  std 0.300  lr 1.0e-04  fps   9705   459.6s
it 4999/7200  reward     nan  ep_len    nan  fell    0  err_xy 0.037  std 0.300  lr 1.0e-04  fps   9295   459.8s
it 5000/7200  reward   52.11  ep_len  400.0  fell    0  err_xy 0.032  std 0.300  lr 1.0e-04  fps   6915   460.2s
eval iteration 5000:
  prone          success   0.0%  time 8.00s  peak_τ 0.96 Nm  return 59.58
  supine         success   0.0%  time 8.00s  peak_τ 0.96 Nm  return 64.23
  score 0.000
it 5001/7200  reward     nan  ep_len    nan  fell    0  err_xy 0.277  std 0.300  lr 1.0e-04  fps   9819   462.3s
it 5002/7200  reward     nan  ep_len    nan  fell    0  err_xy 0.254  std 0.300  lr 1.0e-04  fps   9478   462.5s
it 5003/7200  reward     nan  ep_len    nan  fell    0  err_xy 0.256  std 0.300  lr 1.0e-04  fps  10269   462.8s
it 5004/7200  reward     nan  ep_len    nan  fell    0  err_xy 0.214  std 0.300  lr 1.0e-04  fps  10144   463.0s
it 5005/7200  reward     nan  ep_len    nan  fell    0  err_xy 0.229  std 0.300  lr 1.0e-04  fps  10142   463.2s
it 5006/7200  reward     nan  ep_len    nan  fell    0  err_xy 0.202  std 0.300  lr 1.0e-04  fps   9955   463.4s
it 5007/7200  reward     nan  ep_len    nan  fell    0  err_xy 0.157  std 0.300  lr 1.0e-04  fps   9708   463.7s
it 5008/7200  reward     nan  ep_len    nan  fell    0  err_xy 0.145  std 0.300  lr 1.0e-04  fps   8636   464.0s
it 5009/7200  reward     nan  ep_len    nan  fell    0  err_xy 0.092  std 0.300  lr 1.0e-04  fps   9543   464.2s
it 5010/7200  reward     nan  ep_len    nan  fell    0  err_xy 0.083  std 0.300  lr 1.0e-04  fps   9491   464.4s
it 5011/7200  reward     nan  ep_len    nan  fell    0  err_xy 0.057  std 0.300  lr 1.0e-04  fps   9403   464.7s
it 5012/7200  reward     nan  ep_len    nan  fell    0  err_xy 0.048  std 0.300  lr 1.0e-04  fps   8393   465.0s
it 5013/7200  reward     nan  ep_len    nan  fell    0  err_xy 0.038  std 0.300  lr 1.0e-04  fps   6127   465.3s
it 5014/7200  reward     nan  ep_len    nan  fell    0  err_xy 0.033  std 0.300  lr 1.0e-04  fps   7508   465.6s
it 5015/7200  reward     nan  ep_len    nan  fell    0  err_xy 0.029  std 0.300  lr 1.0e-04  fps   6185   466.0s
it 5016/7200  reward     nan  ep_len    nan  fell    0  err_xy 0.025  std 0.300  lr 1.0e-04  fps   7412   466.3s
it 5017/7200  reward   56.82  ep_len  400.0  fell    0  err_xy 0.089  std 0.300  lr 1.0e-04  fps   6821   466.7s
it 5018/7200  reward     nan  ep_len    nan  fell    0  err_xy 0.271  std 0.300  lr 1.0e-04  fps   9090   466.9s
it 5019/7200  reward     nan  ep_len    nan  fell    0  err_xy 0.245  std 0.300  lr 1.0e-04  fps   9360   467.2s
it 5020/7200  reward     nan  ep_len    nan  fell    0  err_xy 0.250  std 0.300  lr 1.0e-04  fps   8227   467.4s
it 5021/7200  reward     nan  ep_len    nan  fell    0  err_xy 0.227  std 0.300  lr 1.0e-04  fps   9686   467.7s
it 5022/7200  reward     nan  ep_len    nan  fell    0  err_xy 0.226  std 0.300  lr 1.0e-04  fps   9382   467.9s
it 5023/7200  reward     nan  ep_len    nan  fell    0  err_xy 0.196  std 0.300  lr 1.0e-04  fps   9369   468.2s
it 5024/7200  reward     nan  ep_len    nan  fell    0  err_xy 0.150  std 0.300  lr 1.0e-04  fps   9060   468.4s
it 5025/7200  reward     nan  ep_len    nan  fell    0  err_xy 0.136  std 0.300  lr 1.0e-04  fps   9270   468.7s
it 5026/7200  reward     nan  ep_len    nan  fell    0  err_xy 0.121  std 0.300  lr 1.0e-04  fps   9625   468.9s
it 5027/7200  reward     nan  ep_len    nan  fell    0  err_xy 0.107  std 0.300  lr 1.0e-04  fps   9719   469.2s
it 5028/7200  reward     nan  ep_len    nan  fell    0  err_xy 0.088  std 0.300  lr 1.0e-04  fps   9590   469.4s
it 5029/7200  reward     nan  ep_len    nan  fell    0  err_xy 0.075  std 0.300  lr 1.0e-04  fps   9587   469.6s
it 5030/7200  reward     nan  ep_len    nan  fell    0  err_xy 0.061  std 0.300  lr 1.0e-04  fps   9413   469.9s
it 5031/7200  reward     nan  ep_len    nan  fell    0  err_xy 0.048  std 0.300  lr 1.0e-04  fps   9635   470.1s
it 5032/7200  reward     nan  ep_len    nan  fell    0  err_xy 0.042  std 0.300  lr 1.0e-04  fps   9653   470.4s
it 5033/7200  reward     nan  ep_len    nan  fell    0  err_xy 0.037  std 0.300  lr 1.0e-04  fps   9323   470.6s
it 5034/7200  reward   54.29  ep_len  400.0  fell    0  err_xy 0.200  std 0.300  lr 1.0e-04  fps   7579   470.9s
it 5035/7200  reward     nan  ep_len    nan  fell    0  err_xy 0.248  std 0.300  lr 1.0e-04  fps  10133   471.1s
it 5036/7200  reward     nan  ep_len    nan  fell    0  err_xy 0.255  std 0.300  lr 1.0e-04  fps  10271   471.4s
it 5037/7200  reward     nan  ep_len    nan  fell    0  err_xy 0.232  std 0.300  lr 1.0e-04  fps  10201   471.6s
it 5038/7200  reward     nan  ep_len    nan  fell    0  err_xy 0.222  std 0.300  lr 1.0e-04  fps  10004   471.8s
it 5039/7200  reward     nan  ep_len    nan  fell    0  err_xy 0.225  std 0.300  lr 1.0e-04  fps   9928   472.1s
it 5040/7200  reward     nan  ep_len    nan  fell    0  err_xy 0.193  std 0.300  lr 1.0e-04  fps   9860   472.3s
it 5041/7200  reward     nan  ep_len    nan  fell    0  err_xy 0.157  std 0.300  lr 1.0e-04  fps   9852   472.5s
it 5042/7200  reward     nan  ep_len    nan  fell    0  err_xy 0.131  std 0.300  lr 1.0e-04  fps   9686   472.8s
it 5043/7200  reward     nan  ep_len    nan  fell    0  err_xy 0.124  std 0.300  lr 1.0e-04  fps   9849   473.0s
it 5044/7200  reward     nan  ep_len    nan  fell    0  err_xy 0.114  std 0.300  lr 1.0e-04  fps   9756   473.2s
it 5045/7200  reward     nan  ep_len    nan  fell    0  err_xy 0.093  std 0.300  lr 1.0e-04  fps   9738   473.5s
it 5046/7200  reward     nan  ep_len    nan  fell    0  err_xy 0.084  std 0.300  lr 1.0e-04  fps   9697   473.7s
it 5047/7200  reward     nan  ep_len    nan  fell    0  err_xy 0.068  std 0.300  lr 1.0e-04  fps   9541   473.9s
it 5048/7200  reward     nan  ep_len    nan  fell    0  err_xy 0.062  std 0.300  lr 1.0e-04  fps   9649   474.2s
it 5049/7200  reward     nan  ep_len    nan  fell    0  err_xy 0.052  std 0.300  lr 1.0e-04  fps   9533   474.4s
it 5050/7200  reward   49.07  ep_len  400.0  fell    0  err_xy 0.053  std 0.300  lr 1.0e-04  fps   7230   474.7s
it 5051/7200  reward     nan  ep_len    nan  fell    0  err_xy 0.261  std 0.300  lr 1.0e-04  fps  10071   475.0s
it 5052/7200  reward     nan  ep_len    nan  fell    0  err_xy 0.236  std 0.300  lr 1.0e-04  fps   8862   475.2s
it 5053/7200  reward     nan  ep_len    nan  fell    0  err_xy 0.264  std 0.300  lr 1.0e-04  fps  10145   475.5s
it 5054/7200  reward     nan  ep_len    nan  fell    0  err_xy 0.231  std 0.300  lr 1.0e-04  fps   9539   475.7s
it 5055/7200  reward     nan  ep_len    nan  fell    0  err_xy 0.216  std 0.300  lr 1.0e-04  fps   9929   475.9s
it 5056/7200  reward     nan  ep_len    nan  fell    0  err_xy 0.196  std 0.300  lr 1.0e-04  fps   9882   476.2s
it 5057/7200  reward     nan  ep_len    nan  fell    0  err_xy 0.177  std 0.300  lr 1.0e-04  fps   9458   476.4s
it 5058/7200  reward     nan  ep_len    nan  fell    0  err_xy 0.144  std 0.300  lr 1.0e-04  fps   9682   476.7s
it 5059/7200  reward     nan  ep_len    nan  fell    0  err_xy 0.109  std 0.300  lr 1.0e-04  fps   9399   476.9s
it 5060/7200  reward     nan  ep_len    nan  fell    0  err_xy 0.088  std 0.300  lr 1.0e-04  fps   9708   477.1s
it 5061/7200  reward     nan  ep_len    nan  fell    0  err_xy 0.070  std 0.300  lr 1.0e-04  fps   9805   477.4s
it 5062/7200  reward     nan  ep_len    nan  fell    0  err_xy 0.066  std 0.300  lr 1.0e-04  fps   7332   477.7s
it 5063/7200  reward     nan  ep_len    nan  fell    0  err_xy 0.064  std 0.300  lr 1.0e-04  fps   8685   478.0s
it 5064/7200  reward     nan  ep_len    nan  fell    0  err_xy 0.047  std 0.300  lr 1.0e-04  fps   9479   478.2s
it 5065/7200  reward     nan  ep_len    nan  fell    0  err_xy 0.041  std 0.300  lr 1.0e-04  fps   9592   478.4s
it 5066/7200  reward     nan  ep_len    nan  fell    0  err_xy 0.046  std 0.300  lr 1.0e-04  fps   9442   478.7s
it 5067/7200  reward   53.21  ep_len  400.0  fell    0  err_xy 0.104  std 0.300  lr 1.0e-04  fps   7612   479.0s
it 5068/7200  reward     nan  ep_len    nan  fell    0  err_xy 0.279  std 0.300  lr 1.0e-04  fps  10037   479.2s
it 5069/7200  reward     nan  ep_len    nan  fell    0  err_xy 0.247  std 0.300  lr 1.0e-04  fps  10148   479.4s
it 5070/7200  reward     nan  ep_len    nan  fell    0  err_xy 0.256  std 0.300  lr 1.0e-04  fps  10033   479.7s
it 5071/7200  reward     nan  ep_len    nan  fell    0  err_xy 0.234  std 0.300  lr 1.0e-04  fps  10018   479.9s
it 5072/7200  reward     nan  ep_len    nan  fell    0  err_xy 0.229  std 0.300  lr 1.0e-04  fps   9988   480.1s
it 5073/7200  reward     nan  ep_len    nan  fell    0  err_xy 0.187  std 0.300  lr 1.0e-04  fps   9732   480.4s
it 5074/7200  reward     nan  ep_len    nan  fell    0  err_xy 0.154  std 0.300  lr 1.0e-04  fps   9709   480.6s
it 5075/7200  reward     nan  ep_len    nan  fell    0  err_xy 0.142  std 0.300  lr 1.0e-04  fps   9649   480.8s
it 5076/7200  reward     nan  ep_len    nan  fell    0  err_xy 0.105  std 0.300  lr 1.0e-04  fps   9716   481.1s
it 5077/7200  reward     nan  ep_len    nan  fell    0  err_xy 0.087  std 0.300  lr 1.0e-04  fps   9689   481.3s
it 5078/7200  reward     nan  ep_len    nan  fell    0  err_xy 0.075  std 0.300  lr 1.0e-04  fps   9730   481.6s
it 5079/7200  reward     nan  ep_len    nan  fell    0  err_xy 0.065  std 0.300  lr 1.0e-04  fps   9676   481.8s
it 5080/7200  reward     nan  ep_len    nan  fell    0  err_xy 0.050  std 0.300  lr 1.0e-04  fps   9719   482.0s
it 5081/7200  reward     nan  ep_len    nan  fell    0  err_xy 0.046  std 0.300  lr 1.0e-04  fps   9710   482.3s
it 5082/7200  reward     nan  ep_len    nan  fell    0  err_xy 0.034  std 0.300  lr 1.0e-04  fps   9694   482.5s
it 5083/7200  reward     nan  ep_len    nan  fell    0  err_xy 0.031  std 0.300  lr 1.0e-04  fps   9672   482.7s
it 5084/7200  reward   55.70  ep_len  400.0  fell    0  err_xy 0.203  std 0.300  lr 1.0e-04  fps   7747   483.0s
it 5085/7200  reward     nan  ep_len    nan  fell    0  err_xy 0.273  std 0.300  lr 1.0e-04  fps  10266   483.3s
it 5086/7200  reward     nan  ep_len    nan  fell    0  err_xy 0.282  std 0.300  lr 1.0e-04  fps  10269   483.5s
it 5087/7200  reward     nan  ep_len    nan  fell    0  err_xy 0.248  std 0.300  lr 1.0e-04  fps  10292   483.7s
it 5088/7200  reward     nan  ep_len    nan  fell    0  err_xy 0.219  std 0.300  lr 1.0e-04  fps  10240   483.9s
it 5089/7200  reward     nan  ep_len    nan  fell    0  err_xy 0.200  std 0.300  lr 1.0e-04  fps   9865   484.2s
it 5090/7200  reward     nan  ep_len    nan  fell    0  err_xy 0.155  std 0.300  lr 1.0e-04  fps   9848   484.4s
it 5091/7200  reward     nan  ep_len    nan  fell    0  err_xy 0.118  std 0.300  lr 1.0e-04  fps   9694   484.7s
it 5092/7200  reward     nan  ep_len    nan  fell    0  err_xy 0.093  std 0.300  lr 1.0e-04  fps   9733   484.9s
it 5093/7200  reward     nan  ep_len    nan  fell    0  err_xy 0.079  std 0.300  lr 1.0e-04  fps   9610   485.1s
it 5094/7200  reward     nan  ep_len    nan  fell    0  err_xy 0.057  std 0.300  lr 1.0e-04  fps   9618   485.4s
it 5095/7200  reward     nan  ep_len    nan  fell    0  err_xy 0.042  std 0.300  lr 1.0e-04  fps   9636   485.6s
it 5096/7200  reward     nan  ep_len    nan  fell    0  err_xy 0.044  std 0.300  lr 1.0e-04  fps   9608   485.8s
it 5097/7200  reward     nan  ep_len    nan  fell    0  err_xy 0.038  std 0.300  lr 1.0e-04  fps   9620   486.1s
it 5098/7200  reward     nan  ep_len    nan  fell    0  err_xy 0.038  std 0.300  lr 1.0e-04  fps   9561   486.3s
it 5099/7200  reward     nan  ep_len    nan  fell    0  err_xy 0.029  std 0.300  lr 1.0e-04  fps   9570   486.6s
it 5100/7200  reward   59.82  ep_len  400.0  fell    0  err_xy 0.034  std 0.300  lr 1.0e-04  fps   7595   486.9s
it 5101/7200  reward     nan  ep_len    nan  fell    0  err_xy 0.256  std 0.300  lr 1.0e-04  fps  10203   487.1s
it 5102/7200  reward     nan  ep_len    nan  fell    0  err_xy 0.250  std 0.300  lr 1.0e-04  fps  10253   487.3s
it 5103/7200  reward     nan  ep_len    nan  fell    0  err_xy 0.260  std 0.300  lr 1.0e-04  fps  10209   487.6s
it 5104/7200  reward     nan  ep_len    nan  fell    0  err_xy 0.223  std 0.300  lr 1.0e-04  fps  10224   487.8s
it 5105/7200  reward     nan  ep_len    nan  fell    0  err_xy 0.230  std 0.300  lr 1.0e-04  fps  10139   488.0s
it 5106/7200  reward     nan  ep_len    nan  fell    0  err_xy 0.196  std 0.300  lr 1.0e-04  fps   9928   488.2s
it 5107/7200  reward     nan  ep_len    nan  fell    0  err_xy 0.145  std 0.300  lr 1.0e-04  fps   9808   488.5s
it 5108/7200  reward     nan  ep_len    nan  fell    0  err_xy 0.101  std 0.300  lr 1.0e-04  fps   9713   488.7s
it 5109/7200  reward     nan  ep_len    nan  fell    0  err_xy 0.083  std 0.300  lr 1.0e-04  fps   9686   488.9s
it 5110/7200  reward     nan  ep_len    nan  fell    0  err_xy 0.074  std 0.300  lr 1.0e-04  fps   9782   489.2s
it 5111/7200  reward     nan  ep_len    nan  fell    0  err_xy 0.063  std 0.300  lr 1.0e-04  fps   9777   489.4s
it 5112/7200  reward     nan  ep_len    nan  fell    0  err_xy 0.054  std 0.300  lr 1.0e-04  fps   9579   489.7s
it 5113/7200  reward     nan  ep_len    nan  fell    0  err_xy 0.039  std 0.300  lr 1.0e-04  fps   9648   489.9s
it 5114/7200  reward     nan  ep_len    nan  fell    0  err_xy 0.033  std 0.300  lr 1.0e-04  fps   9653   490.1s
it 5115/7200  reward     nan  ep_len    nan  fell    0  err_xy 0.024  std 0.300  lr 1.0e-04  fps   9647   490.4s
it 5116/7200  reward     nan  ep_len    nan  fell    0  err_xy 0.023  std 0.300  lr 1.0e-04  fps   9580   490.6s
it 5117/7200  reward   57.89  ep_len  400.0  fell    0  err_xy 0.096  std 0.300  lr 1.0e-04  fps   7265   490.9s
it 5118/7200  reward     nan  ep_len    nan  fell    0  err_xy 0.270  std 0.300  lr 1.0e-04  fps  10291   491.2s
it 5119/7200  reward     nan  ep_len    nan  fell    0  err_xy 0.259  std 0.300  lr 1.0e-04  fps  10403   491.4s
it 5120/7200  reward     nan  ep_len    nan  fell    0  err_xy 0.262  std 0.300  lr 1.0e-04  fps   9918   491.6s
it 5121/7200  reward     nan  ep_len    nan  fell    0  err_xy 0.216  std 0.300  lr 1.0e-04  fps   9847   491.8s
it 5122/7200  reward     nan  ep_len    nan  fell    0  err_xy 0.224  std 0.300  lr 1.0e-04  fps   9554   492.1s
it 5123/7200  reward     nan  ep_len    nan  fell    0  err_xy 0.193  std 0.300  lr 1.0e-04  fps   9170   492.3s
it 5124/7200  reward     nan  ep_len    nan  fell    0  err_xy 0.148  std 0.300  lr 1.0e-04  fps   9221   492.6s
it 5125/7200  reward     nan  ep_len    nan  fell    0  err_xy 0.134  std 0.300  lr 1.0e-04  fps   9721   492.8s
it 5126/7200  reward     nan  ep_len    nan  fell    0  err_xy 0.112  std 0.300  lr 1.0e-04  fps   9837   493.1s
it 5127/7200  reward     nan  ep_len    nan  fell    0  err_xy 0.067  std 0.300  lr 1.0e-04  fps   9662   493.3s
it 5128/7200  reward     nan  ep_len    nan  fell    0  err_xy 0.056  std 0.300  lr 1.0e-04  fps   9647   493.5s
it 5129/7200  reward     nan  ep_len    nan  fell    0  err_xy 0.041  std 0.300  lr 1.0e-04  fps   9474   493.8s
it 5130/7200  reward     nan  ep_len    nan  fell    0  err_xy 0.045  std 0.300  lr 1.0e-04  fps   9412   494.0s
it 5131/7200  reward     nan  ep_len    nan  fell    0  err_xy 0.038  std 0.300  lr 1.0e-04  fps   9539   494.3s
it 5132/7200  reward     nan  ep_len    nan  fell    0  err_xy 0.031  std 0.300  lr 1.0e-04  fps   9573   494.5s
it 5133/7200  reward     nan  ep_len    nan  fell    0  err_xy 0.018  std 0.300  lr 1.0e-04  fps   9469   494.8s
it 5134/7200  reward   56.79  ep_len  400.0  fell    0  err_xy 0.183  std 0.300  lr 1.0e-04  fps   7631   495.1s
it 5135/7200  reward     nan  ep_len    nan  fell    0  err_xy 0.260  std 0.300  lr 1.0e-04  fps   9480   495.3s
it 5136/7200  reward     nan  ep_len    nan  fell    0  err_xy 0.250  std 0.300  lr 1.0e-04  fps  10077   495.5s
it 5137/7200  reward     nan  ep_len    nan  fell    0  err_xy 0.226  std 0.300  lr 1.0e-04  fps  10046   495.8s
it 5138/7200  reward     nan  ep_len    nan  fell    0  err_xy 0.219  std 0.300  lr 1.0e-04  fps   8515   496.0s
it 5139/7200  reward     nan  ep_len    nan  fell    0  err_xy 0.212  std 0.300  lr 1.0e-04  fps   9638   496.3s
it 5140/7200  reward     nan  ep_len    nan  fell    0  err_xy 0.178  std 0.300  lr 1.0e-04  fps   9719   496.5s
it 5141/7200  reward     nan  ep_len    nan  fell    0  err_xy 0.140  std 0.300  lr 1.0e-04  fps   9600   496.7s
it 5142/7200  reward     nan  ep_len    nan  fell    0  err_xy 0.126  std 0.300  lr 1.0e-04  fps   9775   497.0s
it 5143/7200  reward     nan  ep_len    nan  fell    0  err_xy 0.092  std 0.300  lr 1.0e-04  fps   9649   497.2s
it 5144/7200  reward     nan  ep_len    nan  fell    0  err_xy 0.080  std 0.300  lr 1.0e-04  fps   9537   497.5s
it 5145/7200  reward     nan  ep_len    nan  fell    0  err_xy 0.062  std 0.300  lr 1.0e-04  fps   9650   497.7s
it 5146/7200  reward     nan  ep_len    nan  fell    0  err_xy 0.054  std 0.300  lr 1.0e-04  fps   9681   497.9s
it 5147/7200  reward     nan  ep_len    nan  fell    0  err_xy 0.033  std 0.300  lr 1.0e-04  fps   9359   498.2s
it 5148/7200  reward     nan  ep_len    nan  fell    0  err_xy 0.034  std 0.300  lr 1.0e-04  fps   9056   498.4s
it 5149/7200  reward     nan  ep_len    nan  fell    0  err_xy 0.029  std 0.300  lr 1.0e-04  fps   9641   498.7s
it 5150/7200  reward   55.57  ep_len  400.0  fell    0  err_xy 0.030  std 0.300  lr 1.0e-04  fps   7455   499.0s
it 5151/7200  reward     nan  ep_len    nan  fell    0  err_xy 0.271  std 0.300  lr 1.0e-04  fps  10034   499.2s
it 5152/7200  reward     nan  ep_len    nan  fell    0  err_xy 0.266  std 0.300  lr 1.0e-04  fps  10143   499.4s
it 5153/7200  reward     nan  ep_len    nan  fell    0  err_xy 0.268  std 0.300  lr 1.0e-04  fps  10067   499.7s
it 5154/7200  reward     nan  ep_len    nan  fell    0  err_xy 0.254  std 0.300  lr 1.0e-04  fps   9737   499.9s
it 5155/7200  reward     nan  ep_len    nan  fell    0  err_xy 0.217  std 0.300  lr 1.0e-04  fps  10105   500.1s
it 5156/7200  reward     nan  ep_len    nan  fell    0  err_xy 0.201  std 0.300  lr 1.0e-04  fps   9687   500.4s
it 5157/7200  reward     nan  ep_len    nan  fell    0  err_xy 0.157  std 0.300  lr 1.0e-04  fps   9685   500.6s
it 5158/7200  reward     nan  ep_len    nan  fell    0  err_xy 0.114  std 0.300  lr 1.0e-04  fps   9745   500.9s
it 5159/7200  reward     nan  ep_len    nan  fell    0  err_xy 0.083  std 0.300  lr 1.0e-04  fps   9749   501.1s
it 5160/7200  reward     nan  ep_len    nan  fell    0  err_xy 0.077  std 0.300  lr 1.0e-04  fps   9707   501.3s
it 5161/7200  reward     nan  ep_len    nan  fell    0  err_xy 0.066  std 0.300  lr 1.0e-04  fps   9651   501.6s
it 5162/7200  reward     nan  ep_len    nan  fell    0  err_xy 0.052  std 0.300  lr 1.0e-04  fps   9031   501.8s
it 5163/7200  reward     nan  ep_len    nan  fell    0  err_xy 0.044  std 0.300  lr 1.0e-04  fps   9481   502.1s
it 5164/7200  reward     nan  ep_len    nan  fell    0  err_xy 0.031  std 0.300  lr 1.0e-04  fps   9544   502.3s
it 5165/7200  reward     nan  ep_len    nan  fell    0  err_xy 0.036  std 0.300  lr 1.0e-04  fps   9606   502.6s
it 5166/7200  reward     nan  ep_len    nan  fell    0  err_xy 0.029  std 0.300  lr 1.0e-04  fps   9258   502.8s
it 5167/7200  reward   56.34  ep_len  400.0  fell    0  err_xy 0.089  std 0.300  lr 1.0e-04  fps   6669   503.1s
it 5168/7200  reward     nan  ep_len    nan  fell    0  err_xy 0.280  std 0.300  lr 1.0e-04  fps   9819   503.4s
it 5169/7200  reward     nan  ep_len    nan  fell    0  err_xy 0.252  std 0.300  lr 1.0e-04  fps   9747   503.6s
it 5170/7200  reward     nan  ep_len    nan  fell    0  err_xy 0.229  std 0.300  lr 1.0e-04  fps   9563   503.9s
it 5171/7200  reward     nan  ep_len    nan  fell    0  err_xy 0.215  std 0.300  lr 1.0e-04  fps   9453   504.1s
it 5172/7200  reward     nan  ep_len    nan  fell    0  err_xy 0.219  std 0.300  lr 1.0e-04  fps   9812   504.3s
it 5173/7200  reward     nan  ep_len    nan  fell    0  err_xy 0.184  std 0.300  lr 1.0e-04  fps   9769   504.6s
it 5174/7200  reward     nan  ep_len    nan  fell    0  err_xy 0.156  std 0.300  lr 1.0e-04  fps   9556   504.8s
it 5175/7200  reward     nan  ep_len    nan  fell    0  err_xy 0.130  std 0.300  lr 1.0e-04  fps   9586   505.1s
it 5176/7200  reward     nan  ep_len    nan  fell    0  err_xy 0.097  std 0.300  lr 1.0e-04  fps   9016   505.3s
it 5177/7200  reward     nan  ep_len    nan  fell    0  err_xy 0.069  std 0.300  lr 1.0e-04  fps   7914   505.6s
it 5178/7200  reward     nan  ep_len    nan  fell    0  err_xy 0.061  std 0.300  lr 1.0e-04  fps   8242   505.9s
it 5179/7200  reward     nan  ep_len    nan  fell    0  err_xy 0.049  std 0.300  lr 1.0e-04  fps   9406   506.1s
it 5180/7200  reward     nan  ep_len    nan  fell    0  err_xy 0.042  std 0.300  lr 1.0e-04  fps   9465   506.4s
it 5181/7200  reward     nan  ep_len    nan  fell    0  err_xy 0.035  std 0.300  lr 1.0e-04  fps   9553   506.6s
it 5182/7200  reward     nan  ep_len    nan  fell    0  err_xy 0.024  std 0.300  lr 1.0e-04  fps   9319   506.9s
it 5183/7200  reward     nan  ep_len    nan  fell    0  err_xy 0.018  std 0.300  lr 1.0e-04  fps   9520   507.1s
it 5184/7200  reward   52.56  ep_len  400.0  fell    0  err_xy 0.185  std 0.300  lr 1.0e-04  fps   7364   507.4s
it 5185/7200  reward     nan  ep_len    nan  fell    0  err_xy 0.255  std 0.300  lr 1.0e-04  fps  10101   507.6s
it 5186/7200  reward     nan  ep_len    nan  fell    0  err_xy 0.239  std 0.300  lr 1.0e-04  fps   9917   507.9s
it 5187/7200  reward     nan  ep_len    nan  fell    0  err_xy 0.242  std 0.300  lr 1.0e-04  fps  10070   508.1s
it 5188/7200  reward     nan  ep_len    nan  fell    0  err_xy 0.223  std 0.300  lr 1.0e-04  fps   9941   508.3s
it 5189/7200  reward     nan  ep_len    nan  fell    0  err_xy 0.215  std 0.300  lr 1.0e-04  fps   9879   508.6s
it 5190/7200  reward     nan  ep_len    nan  fell    0  err_xy 0.177  std 0.300  lr 1.0e-04  fps   9133   508.8s
it 5191/7200  reward     nan  ep_len    nan  fell    0  err_xy 0.137  std 0.300  lr 1.0e-04  fps   9168   509.1s
it 5192/7200  reward     nan  ep_len    nan  fell    0  err_xy 0.109  std 0.300  lr 1.0e-04  fps   9739   509.3s
it 5193/7200  reward     nan  ep_len    nan  fell    0  err_xy 0.078  std 0.300  lr 1.0e-04  fps   9676   509.6s
it 5194/7200  reward     nan  ep_len    nan  fell    0  err_xy 0.056  std 0.300  lr 1.0e-04  fps   9122   509.8s
it 5195/7200  reward     nan  ep_len    nan  fell    0  err_xy 0.039  std 0.300  lr 1.0e-04  fps   9487   510.0s
it 5196/7200  reward     nan  ep_len    nan  fell    0  err_xy 0.033  std 0.300  lr 1.0e-04  fps   9527   510.3s
it 5197/7200  reward     nan  ep_len    nan  fell    0  err_xy 0.026  std 0.300  lr 1.0e-04  fps   9482   510.5s
it 5198/7200  reward     nan  ep_len    nan  fell    0  err_xy 0.022  std 0.300  lr 1.0e-04  fps   9539   510.8s
it 5199/7200  reward     nan  ep_len    nan  fell    0  err_xy 0.030  std 0.300  lr 1.0e-04  fps   9433   511.0s
it 5200/7200  reward   55.85  ep_len  400.0  fell    0  err_xy 0.028  std 0.300  lr 1.0e-04  fps   7489   511.3s
eval iteration 5200:
  prone          success   0.0%  time 8.00s  peak_τ 0.96 Nm  return 55.76
  supine         success   0.0%  time 8.00s  peak_τ 0.96 Nm  return 57.22
  score 0.000
it 5201/7200  reward     nan  ep_len    nan  fell    0  err_xy 0.261  std 0.300  lr 1.0e-04  fps   9807   513.5s
it 5202/7200  reward     nan  ep_len    nan  fell    0  err_xy 0.256  std 0.300  lr 1.0e-04  fps   9963   513.7s
it 5203/7200  reward     nan  ep_len    nan  fell    0  err_xy 0.244  std 0.300  lr 1.0e-04  fps   9914   514.0s
it 5204/7200  reward     nan  ep_len    nan  fell    0  err_xy 0.220  std 0.300  lr 1.0e-04  fps   9969   514.2s
it 5205/7200  reward     nan  ep_len    nan  fell    0  err_xy 0.224  std 0.300  lr 1.0e-04  fps  10059   514.4s
it 5206/7200  reward     nan  ep_len    nan  fell    0  err_xy 0.205  std 0.300  lr 1.0e-04  fps   9850   514.6s
it 5207/7200  reward     nan  ep_len    nan  fell    0  err_xy 0.166  std 0.300  lr 1.0e-04  fps   9737   514.9s
it 5208/7200  reward     nan  ep_len    nan  fell    0  err_xy 0.129  std 0.300  lr 1.0e-04  fps   9607   515.1s
it 5209/7200  reward     nan  ep_len    nan  fell    0  err_xy 0.110  std 0.300  lr 1.0e-04  fps   9715   515.4s
it 5210/7200  reward     nan  ep_len    nan  fell    0  err_xy 0.078  std 0.300  lr 1.0e-04  fps   9631   515.6s
it 5211/7200  reward     nan  ep_len    nan  fell    0  err_xy 0.063  std 0.300  lr 1.0e-04  fps   9445   515.8s
it 5212/7200  reward     nan  ep_len    nan  fell    0  err_xy 0.051  std 0.300  lr 1.0e-04  fps   9596   516.1s
it 5213/7200  reward     nan  ep_len    nan  fell    0  err_xy 0.043  std 0.300  lr 1.0e-04  fps   9587   516.3s
it 5214/7200  reward     nan  ep_len    nan  fell    0  err_xy 0.036  std 0.300  lr 1.0e-04  fps   9438   516.6s
it 5215/7200  reward     nan  ep_len    nan  fell    0  err_xy 0.028  std 0.300  lr 1.0e-04  fps   9416   516.8s
it 5216/7200  reward     nan  ep_len    nan  fell    0  err_xy 0.026  std 0.300  lr 1.0e-04  fps   9514   517.1s
it 5217/7200  reward   55.67  ep_len  400.0  fell    0  err_xy 0.090  std 0.300  lr 1.0e-04  fps   7441   517.4s
it 5218/7200  reward     nan  ep_len    nan  fell    0  err_xy 0.285  std 0.300  lr 1.0e-04  fps   7415   517.7s
it 5219/7200  reward     nan  ep_len    nan  fell    0  err_xy 0.255  std 0.300  lr 1.0e-04  fps   8401   518.0s
it 5220/7200  reward     nan  ep_len    nan  fell    0  err_xy 0.265  std 0.300  lr 1.0e-04  fps   9862   518.2s
it 5221/7200  reward     nan  ep_len    nan  fell    0  err_xy 0.214  std 0.300  lr 1.0e-04  fps   9629   518.4s
it 5222/7200  reward     nan  ep_len    nan  fell    0  err_xy 0.226  std 0.300  lr 1.0e-04  fps   9536   518.7s
it 5223/7200  reward     nan  ep_len    nan  fell    0  err_xy 0.191  std 0.300  lr 1.0e-04  fps   9053   518.9s
it 5224/7200  reward     nan  ep_len    nan  fell    0  err_xy 0.146  std 0.300  lr 1.0e-04  fps   9660   519.2s
it 5225/7200  reward     nan  ep_len    nan  fell    0  err_xy 0.123  std 0.300  lr 1.0e-04  fps   9639   519.4s
it 5226/7200  reward     nan  ep_len    nan  fell    0  err_xy 0.090  std 0.300  lr 1.0e-04  fps   9082   519.7s
it 5227/7200  reward     nan  ep_len    nan  fell    0  err_xy 0.076  std 0.300  lr 1.0e-04  fps   8893   519.9s
it 5228/7200  reward     nan  ep_len    nan  fell    0  err_xy 0.054  std 0.300  lr 1.0e-04  fps   9142   520.2s
it 5229/7200  reward     nan  ep_len    nan  fell    0  err_xy 0.043  std 0.300  lr 1.0e-04  fps   8982   520.4s
it 5230/7200  reward     nan  ep_len    nan  fell    0  err_xy 0.029  std 0.300  lr 1.0e-04  fps   8860   520.7s
it 5231/7200  reward     nan  ep_len    nan  fell    0  err_xy 0.025  std 0.300  lr 1.0e-04  fps   8807   520.9s
it 5232/7200  reward     nan  ep_len    nan  fell    0  err_xy 0.022  std 0.300  lr 1.0e-04  fps   9211   521.2s
it 5233/7200  reward     nan  ep_len    nan  fell    0  err_xy 0.021  std 0.300  lr 1.0e-04  fps   9276   521.4s
it 5234/7200  reward   59.84  ep_len  400.0  fell    0  err_xy 0.189  std 0.300  lr 1.0e-04  fps   7119   521.8s
it 5235/7200  reward     nan  ep_len    nan  fell    0  err_xy 0.283  std 0.300  lr 1.0e-04  fps   9983   522.0s
it 5236/7200  reward     nan  ep_len    nan  fell    0  err_xy 0.276  std 0.300  lr 1.0e-04  fps   9911   522.2s
it 5237/7200  reward     nan  ep_len    nan  fell    0  err_xy 0.228  std 0.300  lr 1.0e-04  fps   9853   522.5s
it 5238/7200  reward     nan  ep_len    nan  fell    0  err_xy 0.221  std 0.300  lr 1.0e-04  fps   9866   522.7s
it 5239/7200  reward     nan  ep_len    nan  fell    0  err_xy 0.217  std 0.300  lr 1.0e-04  fps   9583   522.9s
it 5240/7200  reward     nan  ep_len    nan  fell    0  err_xy 0.174  std 0.300  lr 1.0e-04  fps   9521   523.2s
it 5241/7200  reward     nan  ep_len    nan  fell    0  err_xy 0.130  std 0.300  lr 1.0e-04  fps   9467   523.4s
it 5242/7200  reward     nan  ep_len    nan  fell    0  err_xy 0.115  std 0.300  lr 1.0e-04  fps   9449   523.7s
it 5243/7200  reward     nan  ep_len    nan  fell    0  err_xy 0.090  std 0.300  lr 1.0e-04  fps   9512   523.9s
it 5244/7200  reward     nan  ep_len    nan  fell    0  err_xy 0.085  std 0.300  lr 1.0e-04  fps   9466   524.2s
it 5245/7200  reward     nan  ep_len    nan  fell    0  err_xy 0.060  std 0.300  lr 1.0e-04  fps   9492   524.4s
it 5246/7200  reward     nan  ep_len    nan  fell    0  err_xy 0.059  std 0.300  lr 1.0e-04  fps   9374   524.6s
it 5247/7200  reward     nan  ep_len    nan  fell    0  err_xy 0.060  std 0.300  lr 1.0e-04  fps   9331   524.9s
it 5248/7200  reward     nan  ep_len    nan  fell    0  err_xy 0.045  std 0.300  lr 1.0e-04  fps   9423   525.1s
it 5249/7200  reward     nan  ep_len    nan  fell    0  err_xy 0.039  std 0.300  lr 1.0e-04  fps   9449   525.4s
it 5250/7200  reward   57.48  ep_len  400.0  fell    0  err_xy 0.032  std 0.300  lr 1.0e-04  fps   7253   525.7s
it 5251/7200  reward     nan  ep_len    nan  fell    0  err_xy 0.254  std 0.300  lr 1.0e-04  fps   9550   525.9s
it 5252/7200  reward     nan  ep_len    nan  fell    0  err_xy 0.262  std 0.300  lr 1.0e-04  fps   9935   526.2s
it 5253/7200  reward     nan  ep_len    nan  fell    0  err_xy 0.262  std 0.300  lr 1.0e-04  fps   9935   526.4s
it 5254/7200  reward     nan  ep_len    nan  fell    0  err_xy 0.211  std 0.300  lr 1.0e-04  fps   9715   526.6s
it 5255/7200  reward     nan  ep_len    nan  fell    0  err_xy 0.230  std 0.300  lr 1.0e-04  fps   9742   526.9s
it 5256/7200  reward     nan  ep_len    nan  fell    0  err_xy 0.197  std 0.300  lr 1.0e-04  fps   9706   527.1s
it 5257/7200  reward     nan  ep_len    nan  fell    0  err_xy 0.146  std 0.300  lr 1.0e-04  fps   9437   527.4s
it 5258/7200  reward     nan  ep_len    nan  fell    0  err_xy 0.126  std 0.300  lr 1.0e-04  fps   9385   527.6s
it 5259/7200  reward     nan  ep_len    nan  fell    0  err_xy 0.097  std 0.300  lr 1.0e-04  fps   9372   527.9s
it 5260/7200  reward     nan  ep_len    nan  fell    0  err_xy 0.076  std 0.300  lr 1.0e-04  fps   9267   528.1s
it 5261/7200  reward     nan  ep_len    nan  fell    0  err_xy 0.058  std 0.300  lr 1.0e-04  fps   9347   528.4s
it 5262/7200  reward     nan  ep_len    nan  fell    0  err_xy 0.047  std 0.300  lr 1.0e-04  fps   9362   528.6s
it 5263/7200  reward     nan  ep_len    nan  fell    0  err_xy 0.043  std 0.300  lr 1.0e-04  fps   9281   528.8s
it 5264/7200  reward     nan  ep_len    nan  fell    0  err_xy 0.036  std 0.300  lr 1.0e-04  fps   9437   529.1s
it 5265/7200  reward     nan  ep_len    nan  fell    0  err_xy 0.031  std 0.300  lr 1.0e-04  fps   9412   529.3s
it 5266/7200  reward     nan  ep_len    nan  fell    0  err_xy 0.036  std 0.300  lr 1.0e-04  fps   8763   529.6s
it 5267/7200  reward   58.19  ep_len  400.0  fell    0  err_xy 0.094  std 0.300  lr 1.0e-04  fps   7428   529.9s
it 5268/7200  reward     nan  ep_len    nan  fell    0  err_xy 0.248  std 0.300  lr 1.0e-04  fps   9938   530.1s
it 5269/7200  reward     nan  ep_len    nan  fell    0  err_xy 0.254  std 0.300  lr 1.0e-04  fps   9902   530.4s
it 5270/7200  reward     nan  ep_len    nan  fell    0  err_xy 0.258  std 0.300  lr 1.0e-04  fps   9957   530.6s
it 5271/7200  reward     nan  ep_len    nan  fell    0  err_xy 0.222  std 0.300  lr 1.0e-04  fps   9879   530.8s
it 5272/7200  reward     nan  ep_len    nan  fell    0  err_xy 0.211  std 0.300  lr 1.0e-04  fps   9809   531.1s
it 5273/7200  reward     nan  ep_len    nan  fell    0  err_xy 0.188  std 0.300  lr 1.0e-04  fps   9599   531.3s
it 5274/7200  reward     nan  ep_len    nan  fell    0  err_xy 0.140  std 0.300  lr 1.0e-04  fps   9535   531.6s
it 5275/7200  reward     nan  ep_len    nan  fell    0  err_xy 0.109  std 0.300  lr 1.0e-04  fps   9429   531.8s
it 5276/7200  reward     nan  ep_len    nan  fell    0  err_xy 0.084  std 0.300  lr 1.0e-04  fps   9423   532.0s
it 5277/7200  reward     nan  ep_len    nan  fell    0  err_xy 0.077  std 0.300  lr 1.0e-04  fps   9310   532.3s
it 5278/7200  reward     nan  ep_len    nan  fell    0  err_xy 0.061  std 0.300  lr 1.0e-04  fps   9503   532.5s
it 5279/7200  reward     nan  ep_len    nan  fell    0  err_xy 0.051  std 0.300  lr 1.0e-04  fps   9448   532.8s
it 5280/7200  reward     nan  ep_len    nan  fell    0  err_xy 0.038  std 0.300  lr 1.0e-04  fps   9424   533.0s
it 5281/7200  reward     nan  ep_len    nan  fell    0  err_xy 0.032  std 0.300  lr 1.0e-04  fps   9354   533.3s
it 5282/7200  reward     nan  ep_len    nan  fell    0  err_xy 0.034  std 0.300  lr 1.0e-04  fps   9437   533.5s
it 5283/7200  reward     nan  ep_len    nan  fell    0  err_xy 0.030  std 0.300  lr 1.0e-04  fps   8849   533.8s
it 5284/7200  reward   57.25  ep_len  400.0  fell    0  err_xy 0.168  std 0.300  lr 1.0e-04  fps   7339   534.1s
it 5285/7200  reward     nan  ep_len    nan  fell    0  err_xy 0.275  std 0.300  lr 1.0e-04  fps   9885   534.3s
it 5286/7200  reward     nan  ep_len    nan  fell    0  err_xy 0.234  std 0.300  lr 1.0e-04  fps   9830   534.6s
it 5287/7200  reward     nan  ep_len    nan  fell    0  err_xy 0.219  std 0.300  lr 1.0e-04  fps   9857   534.8s
it 5288/7200  reward     nan  ep_len    nan  fell    0  err_xy 0.210  std 0.300  lr 1.0e-04  fps   9852   535.0s
it 5289/7200  reward     nan  ep_len    nan  fell    0  err_xy 0.200  std 0.300  lr 1.0e-04  fps   9659   535.3s
it 5290/7200  reward     nan  ep_len    nan  fell    0  err_xy 0.165  std 0.300  lr 1.0e-04  fps   9511   535.5s
it 5291/7200  reward     nan  ep_len    nan  fell    0  err_xy 0.140  std 0.300  lr 1.0e-04  fps   9387   535.8s
it 5292/7200  reward     nan  ep_len    nan  fell    0  err_xy 0.120  std 0.300  lr 1.0e-04  fps   9557   536.0s
it 5293/7200  reward     nan  ep_len    nan  fell    0  err_xy 0.087  std 0.300  lr 1.0e-04  fps   9515   536.2s
it 5294/7200  reward     nan  ep_len    nan  fell    0  err_xy 0.072  std 0.300  lr 1.0e-04  fps   9423   536.5s
it 5295/7200  reward     nan  ep_len    nan  fell    0  err_xy 0.063  std 0.300  lr 1.0e-04  fps   9349   536.7s
it 5296/7200  reward     nan  ep_len    nan  fell    0  err_xy 0.054  std 0.300  lr 1.0e-04  fps   9442   537.0s
it 5297/7200  reward     nan  ep_len    nan  fell    0  err_xy 0.053  std 0.300  lr 1.0e-04  fps   9451   537.2s
it 5298/7200  reward     nan  ep_len    nan  fell    0  err_xy 0.041  std 0.300  lr 1.0e-04  fps   9456   537.5s
it 5299/7200  reward     nan  ep_len    nan  fell    0  err_xy 0.039  std 0.300  lr 1.0e-04  fps   9449   537.7s
it 5300/7200  reward   56.44  ep_len  400.0  fell    0  err_xy 0.043  std 0.300  lr 1.0e-04  fps   7317   538.0s
it 5301/7200  reward     nan  ep_len    nan  fell    0  err_xy 0.276  std 0.300  lr 1.0e-04  fps   9769   538.3s
it 5302/7200  reward     nan  ep_len    nan  fell    0  err_xy 0.271  std 0.300  lr 1.0e-04  fps   9994   538.5s
it 5303/7200  reward     nan  ep_len    nan  fell    0  err_xy 0.254  std 0.300  lr 1.0e-04  fps   9821   538.7s
it 5304/7200  reward     nan  ep_len    nan  fell    0  err_xy 0.228  std 0.300  lr 1.0e-04  fps   9857   539.0s
it 5305/7200  reward     nan  ep_len    nan  fell    0  err_xy 0.216  std 0.300  lr 1.0e-04  fps   9670   539.2s
it 5306/7200  reward     nan  ep_len    nan  fell    0  err_xy 0.211  std 0.300  lr 1.0e-04  fps   9141   539.5s
it 5307/7200  reward     nan  ep_len    nan  fell    0  err_xy 0.162  std 0.300  lr 1.0e-04  fps   9458   539.7s
it 5308/7200  reward     nan  ep_len    nan  fell    0  err_xy 0.121  std 0.300  lr 1.0e-04  fps   8130   540.0s
it 5309/7200  reward     nan  ep_len    nan  fell    0  err_xy 0.093  std 0.300  lr 1.0e-04  fps   8893   540.2s
it 5310/7200  reward     nan  ep_len    nan  fell    0  err_xy 0.091  std 0.300  lr 1.0e-04  fps   9283   540.5s
it 5311/7200  reward     nan  ep_len    nan  fell    0  err_xy 0.067  std 0.300  lr 1.0e-04  fps   9298   540.7s
it 5312/7200  reward     nan  ep_len    nan  fell    0  err_xy 0.069  std 0.300  lr 1.0e-04  fps   8571   541.0s
it 5313/7200  reward     nan  ep_len    nan  fell    0  err_xy 0.058  std 0.300  lr 1.0e-04  fps   9226   541.3s
it 5314/7200  reward     nan  ep_len    nan  fell    0  err_xy 0.053  std 0.300  lr 1.0e-04  fps   9241   541.5s
it 5315/7200  reward     nan  ep_len    nan  fell    0  err_xy 0.045  std 0.300  lr 1.0e-04  fps   9251   541.8s
it 5316/7200  reward     nan  ep_len    nan  fell    0  err_xy 0.029  std 0.300  lr 1.0e-04  fps   9257   542.0s
it 5317/7200  reward   57.70  ep_len  400.0  fell    0  err_xy 0.094  std 0.300  lr 1.0e-04  fps   7253   542.3s
it 5318/7200  reward     nan  ep_len    nan  fell    0  err_xy 0.260  std 0.300  lr 1.0e-04  fps   9749   542.6s
it 5319/7200  reward     nan  ep_len    nan  fell    0  err_xy 0.245  std 0.300  lr 1.0e-04  fps   9787   542.8s
it 5320/7200  reward     nan  ep_len    nan  fell    0  err_xy 0.246  std 0.300  lr 1.0e-04  fps   9816   543.0s
it 5321/7200  reward     nan  ep_len    nan  fell    0  err_xy 0.223  std 0.300  lr 1.0e-04  fps   9760   543.3s
it 5322/7200  reward     nan  ep_len    nan  fell    0  err_xy 0.216  std 0.300  lr 1.0e-04  fps   9665   543.5s
it 5323/7200  reward     nan  ep_len    nan  fell    0  err_xy 0.191  std 0.300  lr 1.0e-04  fps   9405   543.7s
it 5324/7200  reward     nan  ep_len    nan  fell    0  err_xy 0.145  std 0.300  lr 1.0e-04  fps   9363   544.0s
it 5325/7200  reward     nan  ep_len    nan  fell    0  err_xy 0.122  std 0.300  lr 1.0e-04  fps   9308   544.2s
it 5326/7200  reward     nan  ep_len    nan  fell    0  err_xy 0.088  std 0.300  lr 1.0e-04  fps   9359   544.5s
it 5327/7200  reward     nan  ep_len    nan  fell    0  err_xy 0.070  std 0.300  lr 1.0e-04  fps   9337   544.7s
it 5328/7200  reward     nan  ep_len    nan  fell    0  err_xy 0.056  std 0.300  lr 1.0e-04  fps   9303   545.0s
it 5329/7200  reward     nan  ep_len    nan  fell    0  err_xy 0.046  std 0.300  lr 1.0e-04  fps   8900   545.2s
it 5330/7200  reward     nan  ep_len    nan  fell    0  err_xy 0.041  std 0.300  lr 1.0e-04  fps   9156   545.5s
it 5331/7200  reward     nan  ep_len    nan  fell    0  err_xy 0.038  std 0.300  lr 1.0e-04  fps   9298   545.7s
it 5332/7200  reward     nan  ep_len    nan  fell    0  err_xy 0.035  std 0.300  lr 1.0e-04  fps   9278   546.0s
it 5333/7200  reward     nan  ep_len    nan  fell    0  err_xy 0.031  std 0.300  lr 1.0e-04  fps   9296   546.2s
it 5334/7200  reward   57.51  ep_len  400.0  fell    0  err_xy 0.169  std 0.300  lr 1.0e-04  fps   7358   546.6s
it 5335/7200  reward     nan  ep_len    nan  fell    0  err_xy 0.257  std 0.300  lr 1.0e-04  fps   9736   546.8s
it 5336/7200  reward     nan  ep_len    nan  fell    0  err_xy 0.248  std 0.300  lr 1.0e-04  fps   9867   547.0s
it 5337/7200  reward     nan  ep_len    nan  fell    0  err_xy 0.235  std 0.300  lr 1.0e-04  fps   9737   547.3s
it 5338/7200  reward     nan  ep_len    nan  fell    0  err_xy 0.216  std 0.300  lr 1.0e-04  fps   9805   547.5s
it 5339/7200  reward     nan  ep_len    nan  fell    0  err_xy 0.220  std 0.300  lr 1.0e-04  fps   9583   547.7s
it 5340/7200  reward     nan  ep_len    nan  fell    0  err_xy 0.191  std 0.300  lr 1.0e-04  fps   9442   548.0s
it 5341/7200  reward     nan  ep_len    nan  fell    0  err_xy 0.148  std 0.300  lr 1.0e-04  fps   9312   548.2s
it 5342/7200  reward     nan  ep_len    nan  fell    0  err_xy 0.127  std 0.300  lr 1.0e-04  fps   9412   548.5s
it 5343/7200  reward     nan  ep_len    nan  fell    0  err_xy 0.104  std 0.300  lr 1.0e-04  fps   9414   548.7s
it 5344/7200  reward     nan  ep_len    nan  fell    0  err_xy 0.094  std 0.300  lr 1.0e-04  fps   9315   549.0s
it 5345/7200  reward     nan  ep_len    nan  fell    0  err_xy 0.080  std 0.300  lr 1.0e-04  fps   9337   549.2s
it 5346/7200  reward     nan  ep_len    nan  fell    0  err_xy 0.063  std 0.300  lr 1.0e-04  fps   9225   549.5s
it 5347/7200  reward     nan  ep_len    nan  fell    0  err_xy 0.059  std 0.300  lr 1.0e-04  fps   9307   549.7s
it 5348/7200  reward     nan  ep_len    nan  fell    0  err_xy 0.044  std 0.300  lr 1.0e-04  fps   9207   550.0s
it 5349/7200  reward     nan  ep_len    nan  fell    0  err_xy 0.037  std 0.300  lr 1.0e-04  fps   9225   550.2s
it 5350/7200  reward   55.42  ep_len  400.0  fell    0  err_xy 0.040  std 0.300  lr 1.0e-04  fps   7370   550.5s
it 5351/7200  reward     nan  ep_len    nan  fell    0  err_xy 0.255  std 0.300  lr 1.0e-04  fps   9671   550.8s
it 5352/7200  reward     nan  ep_len    nan  fell    0  err_xy 0.258  std 0.300  lr 1.0e-04  fps   9941   551.0s
it 5353/7200  reward     nan  ep_len    nan  fell    0  err_xy 0.273  std 0.300  lr 1.0e-04  fps   9963   551.2s
it 5354/7200  reward     nan  ep_len    nan  fell    0  err_xy 0.229  std 0.300  lr 1.0e-04  fps   9807   551.5s
it 5355/7200  reward     nan  ep_len    nan  fell    0  err_xy 0.230  std 0.300  lr 1.0e-04  fps   9680   551.7s
it 5356/7200  reward     nan  ep_len    nan  fell    0  err_xy 0.194  std 0.300  lr 1.0e-04  fps   9473   551.9s
it 5357/7200  reward     nan  ep_len    nan  fell    0  err_xy 0.144  std 0.300  lr 1.0e-04  fps   9327   552.2s
it 5358/7200  reward     nan  ep_len    nan  fell    0  err_xy 0.119  std 0.300  lr 1.0e-04  fps   9247   552.4s
it 5359/7200  reward     nan  ep_len    nan  fell    0  err_xy 0.090  std 0.300  lr 1.0e-04  fps   9352   552.7s
it 5360/7200  reward     nan  ep_len    nan  fell    0  err_xy 0.086  std 0.300  lr 1.0e-04  fps   9388   552.9s
it 5361/7200  reward     nan  ep_len    nan  fell    0  err_xy 0.073  std 0.300  lr 1.0e-04  fps   9329   553.2s
it 5362/7200  reward     nan  ep_len    nan  fell    0  err_xy 0.070  std 0.300  lr 1.0e-04  fps   9291   553.4s
it 5363/7200  reward     nan  ep_len    nan  fell    0  err_xy 0.052  std 0.300  lr 1.0e-04  fps   9355   553.7s
it 5364/7200  reward     nan  ep_len    nan  fell    0  err_xy 0.039  std 0.300  lr 1.0e-04  fps   9298   553.9s
it 5365/7200  reward     nan  ep_len    nan  fell    0  err_xy 0.031  std 0.300  lr 1.0e-04  fps   9211   554.2s
it 5366/7200  reward     nan  ep_len    nan  fell    0  err_xy 0.023  std 0.300  lr 1.0e-04  fps   9347   554.4s
it 5367/7200  reward   59.06  ep_len  400.0  fell    0  err_xy 0.090  std 0.300  lr 1.0e-04  fps   7331   554.7s
it 5368/7200  reward     nan  ep_len    nan  fell    0  err_xy 0.278  std 0.300  lr 1.0e-04  fps   9859   555.0s
it 5369/7200  reward     nan  ep_len    nan  fell    0  err_xy 0.255  std 0.300  lr 1.0e-04  fps   9942   555.2s
it 5370/7200  reward     nan  ep_len    nan  fell    0  err_xy 0.241  std 0.300  lr 1.0e-04  fps   9883   555.4s
it 5371/7200  reward     nan  ep_len    nan  fell    0  err_xy 0.228  std 0.300  lr 1.0e-04  fps   9835   555.7s
it 5372/7200  reward     nan  ep_len    nan  fell    0  err_xy 0.223  std 0.300  lr 1.0e-04  fps   9494   555.9s
it 5373/7200  reward     nan  ep_len    nan  fell    0  err_xy 0.185  std 0.300  lr 1.0e-04  fps   9634   556.2s
it 5374/7200  reward     nan  ep_len    nan  fell    0  err_xy 0.147  std 0.300  lr 1.0e-04  fps   9482   556.4s
it 5375/7200  reward     nan  ep_len    nan  fell    0  err_xy 0.123  std 0.300  lr 1.0e-04  fps   9536   556.6s
it 5376/7200  reward     nan  ep_len    nan  fell    0  err_xy 0.090  std 0.300  lr 1.0e-04  fps   9419   556.9s
it 5377/7200  reward     nan  ep_len    nan  fell    0  err_xy 0.075  std 0.300  lr 1.0e-04  fps   9344   557.1s
it 5378/7200  reward     nan  ep_len    nan  fell    0  err_xy 0.062  std 0.300  lr 1.0e-04  fps   9345   557.4s
it 5379/7200  reward     nan  ep_len    nan  fell    0  err_xy 0.050  std 0.300  lr 1.0e-04  fps   9428   557.6s
it 5380/7200  reward     nan  ep_len    nan  fell    0  err_xy 0.040  std 0.300  lr 1.0e-04  fps   9275   557.9s
it 5381/7200  reward     nan  ep_len    nan  fell    0  err_xy 0.036  std 0.300  lr 1.0e-04  fps   9387   558.1s
it 5382/7200  reward     nan  ep_len    nan  fell    0  err_xy 0.027  std 0.300  lr 1.0e-04  fps   9384   558.4s
it 5383/7200  reward     nan  ep_len    nan  fell    0  err_xy 0.029  std 0.300  lr 1.0e-04  fps   9417   558.6s
it 5384/7200  reward   55.56  ep_len  400.0  fell    0  err_xy 0.180  std 0.300  lr 1.0e-04  fps   7305   558.9s
it 5385/7200  reward     nan  ep_len    nan  fell    0  err_xy 0.274  std 0.300  lr 1.0e-04  fps   9944   559.2s
it 5386/7200  reward     nan  ep_len    nan  fell    0  err_xy 0.253  std 0.300  lr 1.0e-04  fps  10012   559.4s
it 5387/7200  reward     nan  ep_len    nan  fell    0  err_xy 0.236  std 0.300  lr 1.0e-04  fps   9849   559.6s
it 5388/7200  reward     nan  ep_len    nan  fell    0  err_xy 0.222  std 0.300  lr 1.0e-04  fps   9835   559.9s
it 5389/7200  reward     nan  ep_len    nan  fell    0  err_xy 0.218  std 0.300  lr 1.0e-04  fps   9799   560.1s
it 5390/7200  reward     nan  ep_len    nan  fell    0  err_xy 0.187  std 0.300  lr 1.0e-04  fps   9596   560.3s
it 5391/7200  reward     nan  ep_len    nan  fell    0  err_xy 0.156  std 0.300  lr 1.0e-04  fps   9656   560.6s
it 5392/7200  reward     nan  ep_len    nan  fell    0  err_xy 0.123  std 0.300  lr 1.0e-04  fps   9508   560.8s
it 5393/7200  reward     nan  ep_len    nan  fell    0  err_xy 0.121  std 0.300  lr 1.0e-04  fps   9408   561.1s
it 5394/7200  reward     nan  ep_len    nan  fell    0  err_xy 0.102  std 0.300  lr 1.0e-04  fps   9496   561.3s
it 5395/7200  reward     nan  ep_len    nan  fell    0  err_xy 0.082  std 0.300  lr 1.0e-04  fps   9379   561.5s
it 5396/7200  reward     nan  ep_len    nan  fell    0  err_xy 0.071  std 0.300  lr 1.0e-04  fps   9364   561.8s
it 5397/7200  reward     nan  ep_len    nan  fell    0  err_xy 0.054  std 0.300  lr 1.0e-04  fps   9411   562.0s
it 5398/7200  reward     nan  ep_len    nan  fell    0  err_xy 0.054  std 0.300  lr 1.0e-04  fps   9402   562.3s
it 5399/7200  reward     nan  ep_len    nan  fell    0  err_xy 0.045  std 0.300  lr 1.0e-04  fps   9322   562.5s
it 5400/7200  reward   51.64  ep_len  400.0  fell    0  err_xy 0.043  std 0.300  lr 1.0e-04  fps   7301   562.8s
eval iteration 5400:
  prone          success   0.0%  time 8.00s  peak_τ 0.96 Nm  return 51.71
  supine         success   0.0%  time 8.00s  peak_τ 0.96 Nm  return 51.35
  score 0.000
it 5401/7200  reward     nan  ep_len    nan  fell    0  err_xy 0.256  std 0.300  lr 1.0e-04  fps   9718   565.0s
it 5402/7200  reward     nan  ep_len    nan  fell    0  err_xy 0.269  std 0.300  lr 1.0e-04  fps   9957   565.3s
it 5403/7200  reward     nan  ep_len    nan  fell    0  err_xy 0.261  std 0.300  lr 1.0e-04  fps   9937   565.5s
it 5404/7200  reward     nan  ep_len    nan  fell    0  err_xy 0.216  std 0.300  lr 1.0e-04  fps   9863   565.7s
it 5405/7200  reward     nan  ep_len    nan  fell    0  err_xy 0.229  std 0.300  lr 1.0e-04  fps   9522   566.0s
it 5406/7200  reward     nan  ep_len    nan  fell    0  err_xy 0.190  std 0.300  lr 1.0e-04  fps   9272   566.2s
it 5407/7200  reward     nan  ep_len    nan  fell    0  err_xy 0.156  std 0.300  lr 1.0e-04  fps   9520   566.5s
it 5408/7200  reward     nan  ep_len    nan  fell    0  err_xy 0.130  std 0.300  lr 1.0e-04  fps   9198   566.7s
it 5409/7200  reward     nan  ep_len    nan  fell    0  err_xy 0.108  std 0.300  lr 1.0e-04  fps   9236   567.0s
it 5410/7200  reward     nan  ep_len    nan  fell    0  err_xy 0.074  std 0.300  lr 1.0e-04  fps   9237   567.2s
it 5411/7200  reward     nan  ep_len    nan  fell    0  err_xy 0.067  std 0.300  lr 1.0e-04  fps   9459   567.5s
it 5412/7200  reward     nan  ep_len    nan  fell    0  err_xy 0.052  std 0.300  lr 1.0e-04  fps   9370   567.7s
it 5413/7200  reward     nan  ep_len    nan  fell    0  err_xy 0.045  std 0.300  lr 1.0e-04  fps   9301   568.0s
it 5414/7200  reward     nan  ep_len    nan  fell    0  err_xy 0.028  std 0.300  lr 1.0e-04  fps   9275   568.2s
it 5415/7200  reward     nan  ep_len    nan  fell    0  err_xy 0.024  std 0.300  lr 1.0e-04  fps   9307   568.4s
it 5416/7200  reward     nan  ep_len    nan  fell    0  err_xy 0.017  std 0.300  lr 1.0e-04  fps   9342   568.7s
it 5417/7200  reward   56.60  ep_len  400.0  fell    0  err_xy 0.091  std 0.300  lr 1.0e-04  fps   7080   569.0s
it 5418/7200  reward     nan  ep_len    nan  fell    0  err_xy 0.287  std 0.300  lr 1.0e-04  fps   9956   569.3s
it 5419/7200  reward     nan  ep_len    nan  fell    0  err_xy 0.286  std 0.300  lr 1.0e-04  fps  10000   569.5s
it 5420/7200  reward     nan  ep_len    nan  fell    0  err_xy 0.249  std 0.300  lr 1.0e-04  fps   9850   569.7s
it 5421/7200  reward     nan  ep_len    nan  fell    0  err_xy 0.227  std 0.300  lr 1.0e-04  fps   9790   570.0s
it 5422/7200  reward     nan  ep_len    nan  fell    0  err_xy 0.227  std 0.300  lr 1.0e-04  fps   9580   570.2s
it 5423/7200  reward     nan  ep_len    nan  fell    0  err_xy 0.205  std 0.300  lr 1.0e-04  fps   9330   570.4s
it 5424/7200  reward     nan  ep_len    nan  fell    0  err_xy 0.166  std 0.300  lr 1.0e-04  fps   9183   570.7s
it 5425/7200  reward     nan  ep_len    nan  fell    0  err_xy 0.114  std 0.300  lr 1.0e-04  fps   8465   571.0s
it 5426/7200  reward     nan  ep_len    nan  fell    0  err_xy 0.101  std 0.300  lr 1.0e-04  fps   8908   571.2s
it 5427/7200  reward     nan  ep_len    nan  fell    0  err_xy 0.080  std 0.300  lr 1.0e-04  fps   8998   571.5s
it 5428/7200  reward     nan  ep_len    nan  fell    0  err_xy 0.066  std 0.300  lr 1.0e-04  fps   9169   571.7s
it 5429/7200  reward     nan  ep_len    nan  fell    0  err_xy 0.059  std 0.300  lr 1.0e-04  fps   8963   572.0s
it 5430/7200  reward     nan  ep_len    nan  fell    0  err_xy 0.054  std 0.300  lr 1.0e-04  fps   9272   572.2s
it 5431/7200  reward     nan  ep_len    nan  fell    0  err_xy 0.041  std 0.300  lr 1.0e-04  fps   9216   572.5s
it 5432/7200  reward     nan  ep_len    nan  fell    0  err_xy 0.037  std 0.300  lr 1.0e-04  fps   9020   572.7s
it 5433/7200  reward     nan  ep_len    nan  fell    0  err_xy 0.028  std 0.300  lr 1.0e-04  fps   9271   573.0s
it 5434/7200  reward   56.21  ep_len  400.0  fell    0  err_xy 0.187  std 0.300  lr 1.0e-04  fps   7374   573.3s
it 5435/7200  reward     nan  ep_len    nan  fell    0  err_xy 0.288  std 0.300  lr 1.0e-04  fps   9711   573.5s
it 5436/7200  reward     nan  ep_len    nan  fell    0  err_xy 0.272  std 0.300  lr 1.0e-04  fps   9793   573.8s
it 5437/7200  reward     nan  ep_len    nan  fell    0  err_xy 0.223  std 0.300  lr 1.0e-04  fps   9270   574.0s
it 5438/7200  reward     nan  ep_len    nan  fell    0  err_xy 0.213  std 0.300  lr 1.0e-04  fps   9273   574.3s
it 5439/7200  reward     nan  ep_len    nan  fell    0  err_xy 0.206  std 0.300  lr 1.0e-04  fps   9621   574.5s
it 5440/7200  reward     nan  ep_len    nan  fell    0  err_xy 0.182  std 0.300  lr 1.0e-04  fps   9526   574.8s
it 5441/7200  reward     nan  ep_len    nan  fell    0  err_xy 0.141  std 0.300  lr 1.0e-04  fps   9413   575.0s
it 5442/7200  reward     nan  ep_len    nan  fell    0  err_xy 0.108  std 0.300  lr 1.0e-04  fps   9489   575.2s
it 5443/7200  reward     nan  ep_len    nan  fell    0  err_xy 0.094  std 0.300  lr 1.0e-04  fps   9432   575.5s
it 5444/7200  reward     nan  ep_len    nan  fell    0  err_xy 0.083  std 0.300  lr 1.0e-04  fps   9339   575.7s
it 5445/7200  reward     nan  ep_len    nan  fell    0  err_xy 0.067  std 0.300  lr 1.0e-04  fps   9247   576.0s
it 5446/7200  reward     nan  ep_len    nan  fell    0  err_xy 0.068  std 0.300  lr 1.0e-04  fps   9373   576.2s
it 5447/7200  reward     nan  ep_len    nan  fell    0  err_xy 0.055  std 0.300  lr 1.0e-04  fps   9291   576.5s
it 5448/7200  reward     nan  ep_len    nan  fell    0  err_xy 0.043  std 0.300  lr 1.0e-04  fps   9164   576.7s
it 5449/7200  reward     nan  ep_len    nan  fell    0  err_xy 0.035  std 0.300  lr 1.0e-04  fps   9161   577.0s
it 5450/7200  reward   55.32  ep_len  400.0  fell    0  err_xy 0.027  std 0.300  lr 1.0e-04  fps   6940   577.3s
it 5451/7200  reward     nan  ep_len    nan  fell    0  err_xy 0.277  std 0.300  lr 1.0e-04  fps   9511   577.6s
it 5452/7200  reward     nan  ep_len    nan  fell    0  err_xy 0.271  std 0.300  lr 1.0e-04  fps   9816   577.8s
it 5453/7200  reward     nan  ep_len    nan  fell    0  err_xy 0.246  std 0.300  lr 1.0e-04  fps   9748   578.0s
it 5454/7200  reward     nan  ep_len    nan  fell    0  err_xy 0.229  std 0.300  lr 1.0e-04  fps   9818   578.3s
it 5455/7200  reward     nan  ep_len    nan  fell    0  err_xy 0.219  std 0.300  lr 1.0e-04  fps   9749   578.5s
it 5456/7200  reward     nan  ep_len    nan  fell    0  err_xy 0.203  std 0.300  lr 1.0e-04  fps   9554   578.7s
it 5457/7200  reward     nan  ep_len    nan  fell    0  err_xy 0.162  std 0.300  lr 1.0e-04  fps   9444   579.0s
it 5458/7200  reward     nan  ep_len    nan  fell    0  err_xy 0.138  std 0.300  lr 1.0e-04  fps   9400   579.2s
it 5459/7200  reward     nan  ep_len    nan  fell    0  err_xy 0.104  std 0.300  lr 1.0e-04  fps   9112   579.5s
it 5460/7200  reward     nan  ep_len    nan  fell    0  err_xy 0.080  std 0.300  lr 1.0e-04  fps   9215   579.7s
it 5461/7200  reward     nan  ep_len    nan  fell    0  err_xy 0.059  std 0.300  lr 1.0e-04  fps   8657   580.0s
it 5462/7200  reward     nan  ep_len    nan  fell    0  err_xy 0.049  std 0.300  lr 1.0e-04  fps   7568   580.3s
it 5463/7200  reward     nan  ep_len    nan  fell    0  err_xy 0.046  std 0.300  lr 1.0e-04  fps   9367   580.6s
it 5464/7200  reward     nan  ep_len    nan  fell    0  err_xy 0.038  std 0.300  lr 1.0e-04  fps   9240   580.8s
it 5465/7200  reward     nan  ep_len    nan  fell    0  err_xy 0.034  std 0.300  lr 1.0e-04  fps   9263   581.1s
it 5466/7200  reward     nan  ep_len    nan  fell    0  err_xy 0.031  std 0.300  lr 1.0e-04  fps   9303   581.3s
it 5467/7200  reward   55.24  ep_len  400.0  fell    0  err_xy 0.092  std 0.300  lr 1.0e-04  fps   7449   581.6s
it 5468/7200  reward     nan  ep_len    nan  fell    0  err_xy 0.273  std 0.300  lr 1.0e-04  fps   9695   581.9s
it 5469/7200  reward     nan  ep_len    nan  fell    0  err_xy 0.236  std 0.300  lr 1.0e-04  fps   8940   582.1s
it 5470/7200  reward     nan  ep_len    nan  fell    0  err_xy 0.248  std 0.300  lr 1.0e-04  fps   9793   582.3s
it 5471/7200  reward     nan  ep_len    nan  fell    0  err_xy 0.215  std 0.300  lr 1.0e-04  fps   9910   582.6s
it 5472/7200  reward     nan  ep_len    nan  fell    0  err_xy 0.221  std 0.300  lr 1.0e-04  fps   9607   582.8s
it 5473/7200  reward     nan  ep_len    nan  fell    0  err_xy 0.213  std 0.300  lr 1.0e-04  fps   9214   583.1s
it 5474/7200  reward     nan  ep_len    nan  fell    0  err_xy 0.176  std 0.300  lr 1.0e-04  fps   9474   583.3s
it 5475/7200  reward     nan  ep_len    nan  fell    0  err_xy 0.155  std 0.300  lr 1.0e-04  fps   9465   583.6s
it 5476/7200  reward     nan  ep_len    nan  fell    0  err_xy 0.132  std 0.300  lr 1.0e-04  fps   9424   583.8s
it 5477/7200  reward     nan  ep_len    nan  fell    0  err_xy 0.110  std 0.300  lr 1.0e-04  fps   9010   584.1s
it 5478/7200  reward     nan  ep_len    nan  fell    0  err_xy 0.096  std 0.300  lr 1.0e-04  fps   9217   584.3s
it 5479/7200  reward     nan  ep_len    nan  fell    0  err_xy 0.088  std 0.300  lr 1.0e-04  fps   9250   584.6s
it 5480/7200  reward     nan  ep_len    nan  fell    0  err_xy 0.070  std 0.300  lr 1.0e-04  fps   9333   584.8s
it 5481/7200  reward     nan  ep_len    nan  fell    0  err_xy 0.060  std 0.300  lr 1.0e-04  fps   9417   585.0s
it 5482/7200  reward     nan  ep_len    nan  fell    0  err_xy 0.048  std 0.300  lr 1.0e-04  fps   9456   585.3s
it 5483/7200  reward     nan  ep_len    nan  fell    0  err_xy 0.039  std 0.300  lr 1.0e-04  fps   9473   585.5s
it 5484/7200  reward   50.61  ep_len  400.0  fell    0  err_xy 0.169  std 0.300  lr 1.0e-04  fps   7465   585.8s
it 5485/7200  reward     nan  ep_len    nan  fell    0  err_xy 0.249  std 0.300  lr 1.0e-04  fps   9288   586.1s
it 5486/7200  reward     nan  ep_len    nan  fell    0  err_xy 0.255  std 0.300  lr 1.0e-04  fps  10084   586.3s
it 5487/7200  reward     nan  ep_len    nan  fell    0  err_xy 0.245  std 0.300  lr 1.0e-04  fps   9968   586.6s
it 5488/7200  reward     nan  ep_len    nan  fell    0  err_xy 0.214  std 0.300  lr 1.0e-04  fps   9885   586.8s
it 5489/7200  reward     nan  ep_len    nan  fell    0  err_xy 0.219  std 0.300  lr 1.0e-04  fps   9808   587.0s
it 5490/7200  reward     nan  ep_len    nan  fell    0  err_xy 0.189  std 0.300  lr 1.0e-04  fps   9770   587.3s
it 5491/7200  reward     nan  ep_len    nan  fell    0  err_xy 0.182  std 0.300  lr 1.0e-04  fps   9719   587.5s
it 5492/7200  reward     nan  ep_len    nan  fell    0  err_xy 0.148  std 0.300  lr 1.0e-04  fps   9625   587.7s
it 5493/7200  reward     nan  ep_len    nan  fell    0  err_xy 0.132  std 0.300  lr 1.0e-04  fps   9530   588.0s
it 5494/7200  reward     nan  ep_len    nan  fell    0  err_xy 0.110  std 0.300  lr 1.0e-04  fps   9544   588.2s
it 5495/7200  reward     nan  ep_len    nan  fell    0  err_xy 0.083  std 0.300  lr 1.0e-04  fps   9461   588.5s
it 5496/7200  reward     nan  ep_len    nan  fell    0  err_xy 0.070  std 0.300  lr 1.0e-04  fps   9497   588.7s
it 5497/7200  reward     nan  ep_len    nan  fell    0  err_xy 0.062  std 0.300  lr 1.0e-04  fps   9365   589.0s
it 5498/7200  reward     nan  ep_len    nan  fell    0  err_xy 0.054  std 0.300  lr 1.0e-04  fps   9424   589.2s
it 5499/7200  reward     nan  ep_len    nan  fell    0  err_xy 0.046  std 0.300  lr 1.0e-04  fps   9458   589.4s
it 5500/7200  reward   49.61  ep_len  400.0  fell    0  err_xy 0.043  std 0.300  lr 1.0e-04  fps   7295   589.8s
it 5501/7200  reward     nan  ep_len    nan  fell    0  err_xy 0.256  std 0.300  lr 1.0e-04  fps   9811   590.0s
it 5502/7200  reward     nan  ep_len    nan  fell    0  err_xy 0.257  std 0.300  lr 1.0e-04  fps   9965   590.2s
it 5503/7200  reward     nan  ep_len    nan  fell    0  err_xy 0.258  std 0.300  lr 1.0e-04  fps   9975   590.5s
it 5504/7200  reward     nan  ep_len    nan  fell    0  err_xy 0.238  std 0.300  lr 1.0e-04  fps   9847   590.7s
it 5505/7200  reward     nan  ep_len    nan  fell    0  err_xy 0.224  std 0.300  lr 1.0e-04  fps   9735   590.9s
it 5506/7200  reward     nan  ep_len    nan  fell    0  err_xy 0.200  std 0.300  lr 1.0e-04  fps   9719   591.2s
it 5507/7200  reward     nan  ep_len    nan  fell    0  err_xy 0.164  std 0.300  lr 1.0e-04  fps   9693   591.4s
it 5508/7200  reward     nan  ep_len    nan  fell    0  err_xy 0.156  std 0.300  lr 1.0e-04  fps   9433   591.6s
it 5509/7200  reward     nan  ep_len    nan  fell    0  err_xy 0.138  std 0.300  lr 1.0e-04  fps   9459   591.9s
it 5510/7200  reward     nan  ep_len    nan  fell    0  err_xy 0.119  std 0.300  lr 1.0e-04  fps   9626   592.1s
it 5511/7200  reward     nan  ep_len    nan  fell    0  err_xy 0.113  std 0.300  lr 1.0e-04  fps   9434   592.4s
it 5512/7200  reward     nan  ep_len    nan  fell    0  err_xy 0.090  std 0.300  lr 1.0e-04  fps   9463   592.6s
it 5513/7200  reward     nan  ep_len    nan  fell    0  err_xy 0.061  std 0.300  lr 1.0e-04  fps   9379   592.9s
it 5514/7200  reward     nan  ep_len    nan  fell    0  err_xy 0.056  std 0.300  lr 1.0e-04  fps   9539   593.1s
it 5515/7200  reward     nan  ep_len    nan  fell    0  err_xy 0.052  std 0.300  lr 1.0e-04  fps   9495   593.3s
it 5516/7200  reward     nan  ep_len    nan  fell    0  err_xy 0.041  std 0.300  lr 1.0e-04  fps   9308   593.6s
it 5517/7200  reward   50.79  ep_len  400.0  fell    0  err_xy 0.098  std 0.300  lr 1.0e-04  fps   7361   593.9s
it 5518/7200  reward     nan  ep_len    nan  fell    0  err_xy 0.279  std 0.300  lr 1.0e-04  fps   7140   594.2s
it 5519/7200  reward     nan  ep_len    nan  fell    0  err_xy 0.258  std 0.300  lr 1.0e-04  fps   9971   594.5s
it 5520/7200  reward     nan  ep_len    nan  fell    0  err_xy 0.241  std 0.300  lr 1.0e-04  fps   9724   594.7s
it 5521/7200  reward     nan  ep_len    nan  fell    0  err_xy 0.221  std 0.300  lr 1.0e-04  fps   9806   594.9s
it 5522/7200  reward     nan  ep_len    nan  fell    0  err_xy 0.223  std 0.300  lr 1.0e-04  fps   9750   595.2s
it 5523/7200  reward     nan  ep_len    nan  fell    0  err_xy 0.199  std 0.300  lr 1.0e-04  fps   9670   595.4s
it 5524/7200  reward     nan  ep_len    nan  fell    0  err_xy 0.162  std 0.300  lr 1.0e-04  fps   9639   595.7s
it 5525/7200  reward     nan  ep_len    nan  fell    0  err_xy 0.134  std 0.300  lr 1.0e-04  fps   9422   595.9s
it 5526/7200  reward     nan  ep_len    nan  fell    0  err_xy 0.096  std 0.300  lr 1.0e-04  fps   9503   596.1s
it 5527/7200  reward     nan  ep_len    nan  fell    0  err_xy 0.082  std 0.300  lr 1.0e-04  fps   9480   596.4s
it 5528/7200  reward     nan  ep_len    nan  fell    0  err_xy 0.064  std 0.300  lr 1.0e-04  fps   9486   596.6s
it 5529/7200  reward     nan  ep_len    nan  fell    0  err_xy 0.053  std 0.300  lr 1.0e-04  fps   9403   596.9s
it 5530/7200  reward     nan  ep_len    nan  fell    0  err_xy 0.041  std 0.300  lr 1.0e-04  fps   9500   597.1s
it 5531/7200  reward     nan  ep_len    nan  fell    0  err_xy 0.041  std 0.300  lr 1.0e-04  fps   9436   597.4s
it 5532/7200  reward     nan  ep_len    nan  fell    0  err_xy 0.037  std 0.300  lr 1.0e-04  fps   9439   597.6s
it 5533/7200  reward     nan  ep_len    nan  fell    0  err_xy 0.039  std 0.300  lr 1.0e-04  fps   9420   597.8s
it 5534/7200  reward   55.23  ep_len  400.0  fell    0  err_xy 0.194  std 0.300  lr 1.0e-04  fps   7541   598.2s
it 5535/7200  reward     nan  ep_len    nan  fell    0  err_xy 0.259  std 0.300  lr 1.0e-04  fps   9962   598.4s
it 5536/7200  reward     nan  ep_len    nan  fell    0  err_xy 0.257  std 0.300  lr 1.0e-04  fps  10126   598.6s
it 5537/7200  reward     nan  ep_len    nan  fell    0  err_xy 0.244  std 0.300  lr 1.0e-04  fps   9937   598.8s
it 5538/7200  reward     nan  ep_len    nan  fell    0  err_xy 0.228  std 0.300  lr 1.0e-04  fps   9880   599.1s
it 5539/7200  reward     nan  ep_len    nan  fell    0  err_xy 0.215  std 0.300  lr 1.0e-04  fps   9759   599.3s
it 5540/7200  reward     nan  ep_len    nan  fell    0  err_xy 0.173  std 0.300  lr 1.0e-04  fps   9714   599.6s
it 5541/7200  reward     nan  ep_len    nan  fell    0  err_xy 0.141  std 0.300  lr 1.0e-04  fps   9538   599.8s
it 5542/7200  reward     nan  ep_len    nan  fell    0  err_xy 0.117  std 0.300  lr 1.0e-04  fps   9569   600.0s
it 5543/7200  reward     nan  ep_len    nan  fell    0  err_xy 0.097  std 0.300  lr 1.0e-04  fps   9558   600.3s
it 5544/7200  reward     nan  ep_len    nan  fell    0  err_xy 0.068  std 0.300  lr 1.0e-04  fps   9441   600.5s
it 5545/7200  reward     nan  ep_len    nan  fell    0  err_xy 0.052  std 0.300  lr 1.0e-04  fps   9400   600.8s
it 5546/7200  reward     nan  ep_len    nan  fell    0  err_xy 0.046  std 0.300  lr 1.0e-04  fps   9428   601.0s
it 5547/7200  reward     nan  ep_len    nan  fell    0  err_xy 0.039  std 0.300  lr 1.0e-04  fps   9372   601.3s
it 5548/7200  reward     nan  ep_len    nan  fell    0  err_xy 0.028  std 0.300  lr 1.0e-04  fps   9412   601.5s
it 5549/7200  reward     nan  ep_len    nan  fell    0  err_xy 0.034  std 0.300  lr 1.0e-04  fps   9447   601.7s
it 5550/7200  reward   56.89  ep_len  400.0  fell    0  err_xy 0.024  std 0.300  lr 1.0e-04  fps   7200   602.1s
it 5551/7200  reward     nan  ep_len    nan  fell    0  err_xy 0.267  std 0.300  lr 1.0e-04  fps   9878   602.3s
it 5552/7200  reward     nan  ep_len    nan  fell    0  err_xy 0.278  std 0.300  lr 1.0e-04  fps  10134   602.5s
it 5553/7200  reward     nan  ep_len    nan  fell    0  err_xy 0.274  std 0.300  lr 1.0e-04  fps   9956   602.8s
it 5554/7200  reward     nan  ep_len    nan  fell    0  err_xy 0.236  std 0.300  lr 1.0e-04  fps   9924   603.0s
it 5555/7200  reward     nan  ep_len    nan  fell    0  err_xy 0.235  std 0.300  lr 1.0e-04  fps   9839   603.2s
it 5556/7200  reward     nan  ep_len    nan  fell    0  err_xy 0.205  std 0.300  lr 1.0e-04  fps   9681   603.5s
it 5557/7200  reward     nan  ep_len    nan  fell    0  err_xy 0.143  std 0.300  lr 1.0e-04  fps   9525   603.7s
it 5558/7200  reward     nan  ep_len    nan  fell    0  err_xy 0.111  std 0.300  lr 1.0e-04  fps   9495   604.0s
it 5559/7200  reward     nan  ep_len    nan  fell    0  err_xy 0.091  std 0.300  lr 1.0e-04  fps   9526   604.2s
it 5560/7200  reward     nan  ep_len    nan  fell    0  err_xy 0.075  std 0.300  lr 1.0e-04  fps   9520   604.4s
it 5561/7200  reward     nan  ep_len    nan  fell    0  err_xy 0.061  std 0.300  lr 1.0e-04  fps   9469   604.7s
it 5562/7200  reward     nan  ep_len    nan  fell    0  err_xy 0.052  std 0.300  lr 1.0e-04  fps   9475   604.9s
it 5563/7200  reward     nan  ep_len    nan  fell    0  err_xy 0.052  std 0.300  lr 1.0e-04  fps   9429   605.2s
it 5564/7200  reward     nan  ep_len    nan  fell    0  err_xy 0.045  std 0.300  lr 1.0e-04  fps   9467   605.4s
it 5565/7200  reward     nan  ep_len    nan  fell    0  err_xy 0.038  std 0.300  lr 1.0e-04  fps   9489   605.7s
it 5566/7200  reward     nan  ep_len    nan  fell    0  err_xy 0.033  std 0.300  lr 1.0e-04  fps   9380   605.9s
it 5567/7200  reward   56.03  ep_len  400.0  fell    0  err_xy 0.095  std 0.300  lr 1.0e-04  fps   7471   606.2s
it 5568/7200  reward     nan  ep_len    nan  fell    0  err_xy 0.271  std 0.300  lr 1.0e-04  fps   9939   606.4s
it 5569/7200  reward     nan  ep_len    nan  fell    0  err_xy 0.269  std 0.300  lr 1.0e-04  fps   9859   606.7s
it 5570/7200  reward     nan  ep_len    nan  fell    0  err_xy 0.253  std 0.300  lr 1.0e-04  fps   9793   606.9s
it 5571/7200  reward     nan  ep_len    nan  fell    0  err_xy 0.231  std 0.300  lr 1.0e-04  fps   9745   607.1s
it 5572/7200  reward     nan  ep_len    nan  fell    0  err_xy 0.227  std 0.300  lr 1.0e-04  fps   9746   607.4s
it 5573/7200  reward     nan  ep_len    nan  fell    0  err_xy 0.178  std 0.300  lr 1.0e-04  fps   9520   607.6s
it 5574/7200  reward     nan  ep_len    nan  fell    0  err_xy 0.127  std 0.300  lr 1.0e-04  fps   9470   607.9s
it 5575/7200  reward     nan  ep_len    nan  fell    0  err_xy 0.086  std 0.300  lr 1.0e-04  fps   9454   608.1s
it 5576/7200  reward     nan  ep_len    nan  fell    0  err_xy 0.077  std 0.300  lr 1.0e-04  fps   9454   608.4s
it 5577/7200  reward     nan  ep_len    nan  fell    0  err_xy 0.065  std 0.300  lr 1.0e-04  fps   9408   608.6s
it 5578/7200  reward     nan  ep_len    nan  fell    0  err_xy 0.052  std 0.300  lr 1.0e-04  fps   8850   608.9s
it 5579/7200  reward     nan  ep_len    nan  fell    0  err_xy 0.048  std 0.300  lr 1.0e-04  fps   9390   609.1s
it 5580/7200  reward     nan  ep_len    nan  fell    0  err_xy 0.041  std 0.300  lr 1.0e-04  fps   9373   609.4s
it 5581/7200  reward     nan  ep_len    nan  fell    0  err_xy 0.025  std 0.300  lr 1.0e-04  fps   9477   609.6s
it 5582/7200  reward     nan  ep_len    nan  fell    0  err_xy 0.031  std 0.300  lr 1.0e-04  fps   9408   609.8s
it 5583/7200  reward     nan  ep_len    nan  fell    0  err_xy 0.032  std 0.300  lr 1.0e-04  fps   9461   610.1s
it 5584/7200  reward   59.48  ep_len  400.0  fell    0  err_xy 0.186  std 0.300  lr 1.0e-04  fps   7586   610.4s
it 5585/7200  reward     nan  ep_len    nan  fell    0  err_xy 0.245  std 0.300  lr 1.0e-04  fps  10073   610.6s
it 5586/7200  reward     nan  ep_len    nan  fell    0  err_xy 0.265  std 0.300  lr 1.0e-04  fps   9946   610.9s
it 5587/7200  reward     nan  ep_len    nan  fell    0  err_xy 0.247  std 0.300  lr 1.0e-04  fps   9980   611.1s
it 5588/7200  reward     nan  ep_len    nan  fell    0  err_xy 0.218  std 0.300  lr 1.0e-04  fps   9903   611.3s
it 5589/7200  reward     nan  ep_len    nan  fell    0  err_xy 0.234  std 0.300  lr 1.0e-04  fps   9810   611.6s
it 5590/7200  reward     nan  ep_len    nan  fell    0  err_xy 0.183  std 0.300  lr 1.0e-04  fps   9036   611.8s
it 5591/7200  reward     nan  ep_len    nan  fell    0  err_xy 0.161  std 0.300  lr 1.0e-04  fps   8900   612.1s
it 5592/7200  reward     nan  ep_len    nan  fell    0  err_xy 0.122  std 0.300  lr 1.0e-04  fps   8792   612.3s
it 5593/7200  reward     nan  ep_len    nan  fell    0  err_xy 0.104  std 0.300  lr 1.0e-04  fps   9198   612.6s
it 5594/7200  reward     nan  ep_len    nan  fell    0  err_xy 0.092  std 0.300  lr 1.0e-04  fps   9418   612.8s
it 5595/7200  reward     nan  ep_len    nan  fell    0  err_xy 0.072  std 0.300  lr 1.0e-04  fps   9503   613.1s
it 5596/7200  reward     nan  ep_len    nan  fell    0  err_xy 0.061  std 0.300  lr 1.0e-04  fps   9519   613.3s
it 5597/7200  reward     nan  ep_len    nan  fell    0  err_xy 0.048  std 0.300  lr 1.0e-04  fps   9384   613.6s
it 5598/7200  reward     nan  ep_len    nan  fell    0  err_xy 0.039  std 0.300  lr 1.0e-04  fps   9327   613.8s
it 5599/7200  reward     nan  ep_len    nan  fell    0  err_xy 0.031  std 0.300  lr 1.0e-04  fps   9254   614.1s
it 5600/7200  reward   54.54  ep_len  400.0  fell    0  err_xy 0.021  std 0.300  lr 1.0e-04  fps   7294   614.4s
eval iteration 5600:
  prone          success   0.0%  time 8.00s  peak_τ 0.96 Nm  return 48.04
  supine         success   0.0%  time 8.00s  peak_τ 0.96 Nm  return 38.12
  score 0.000
it 5601/7200  reward     nan  ep_len    nan  fell    0  err_xy 0.254  std 0.300  lr 1.0e-04  fps   9729   616.6s
it 5602/7200  reward     nan  ep_len    nan  fell    0  err_xy 0.255  std 0.300  lr 1.0e-04  fps   9990   616.8s
it 5603/7200  reward     nan  ep_len    nan  fell    0  err_xy 0.254  std 0.300  lr 1.0e-04  fps   9883   617.0s
it 5604/7200  reward     nan  ep_len    nan  fell    0  err_xy 0.253  std 0.300  lr 1.0e-04  fps   9998   617.3s
it 5605/7200  reward     nan  ep_len    nan  fell    0  err_xy 0.249  std 0.300  lr 1.0e-04  fps   9732   617.5s
it 5606/7200  reward     nan  ep_len    nan  fell    0  err_xy 0.225  std 0.300  lr 1.0e-04  fps   9140   617.7s
it 5607/7200  reward     nan  ep_len    nan  fell    0  err_xy 0.198  std 0.300  lr 1.0e-04  fps   9472   618.0s
it 5608/7200  reward     nan  ep_len    nan  fell    0  err_xy 0.186  std 0.300  lr 1.0e-04  fps   9509   618.2s
it 5609/7200  reward     nan  ep_len    nan  fell    0  err_xy 0.141  std 0.300  lr 1.0e-04  fps   9520   618.5s
it 5610/7200  reward     nan  ep_len    nan  fell    0  err_xy 0.118  std 0.300  lr 1.0e-04  fps   9486   618.7s
it 5611/7200  reward     nan  ep_len    nan  fell    0  err_xy 0.100  std 0.300  lr 1.0e-04  fps   9420   619.0s
it 5612/7200  reward     nan  ep_len    nan  fell    0  err_xy 0.093  std 0.300  lr 1.0e-04  fps   9491   619.2s
it 5613/7200  reward     nan  ep_len    nan  fell    0  err_xy 0.077  std 0.300  lr 1.0e-04  fps   9404   619.4s
it 5614/7200  reward     nan  ep_len    nan  fell    0  err_xy 0.059  std 0.300  lr 1.0e-04  fps   9362   619.7s
it 5615/7200  reward     nan  ep_len    nan  fell    0  err_xy 0.069  std 0.300  lr 1.0e-04  fps   9247   619.9s
it 5616/7200  reward     nan  ep_len    nan  fell    0  err_xy 0.052  std 0.300  lr 1.0e-04  fps   9298   620.2s
it 5617/7200  reward   49.44  ep_len  400.0  fell    0  err_xy 0.113  std 0.300  lr 1.0e-04  fps   7221   620.5s
it 5618/7200  reward     nan  ep_len    nan  fell    0  err_xy 0.276  std 0.300  lr 1.0e-04  fps   9592   620.8s
it 5619/7200  reward     nan  ep_len    nan  fell    0  err_xy 0.247  std 0.300  lr 1.0e-04  fps   9801   621.0s
it 5620/7200  reward     nan  ep_len    nan  fell    0  err_xy 0.262  std 0.300  lr 1.0e-04  fps   9879   621.2s
it 5621/7200  reward     nan  ep_len    nan  fell    0  err_xy 0.262  std 0.300  lr 1.0e-04  fps   9823   621.5s
it 5622/7200  reward     nan  ep_len    nan  fell    0  err_xy 0.235  std 0.300  lr 1.0e-04  fps   9679   621.7s
it 5623/7200  reward     nan  ep_len    nan  fell    0  err_xy 0.210  std 0.300  lr 1.0e-04  fps   9488   621.9s
it 5624/7200  reward     nan  ep_len    nan  fell    0  err_xy 0.172  std 0.300  lr 1.0e-04  fps   9412   622.2s
it 5625/7200  reward     nan  ep_len    nan  fell    0  err_xy 0.140  std 0.300  lr 1.0e-04  fps   9303   622.4s
it 5626/7200  reward     nan  ep_len    nan  fell    0  err_xy 0.108  std 0.300  lr 1.0e-04  fps   9084   622.7s
it 5627/7200  reward     nan  ep_len    nan  fell    0  err_xy 0.091  std 0.300  lr 1.0e-04  fps   8629   623.0s
it 5628/7200  reward     nan  ep_len    nan  fell    0  err_xy 0.082  std 0.300  lr 1.0e-04  fps   9290   623.2s
it 5629/7200  reward     nan  ep_len    nan  fell    0  err_xy 0.079  std 0.300  lr 1.0e-04  fps   9352   623.4s
it 5630/7200  reward     nan  ep_len    nan  fell    0  err_xy 0.070  std 0.300  lr 1.0e-04  fps   9320   623.7s
it 5631/7200  reward     nan  ep_len    nan  fell    0  err_xy 0.061  std 0.300  lr 1.0e-04  fps   9239   623.9s
it 5632/7200  reward     nan  ep_len    nan  fell    0  err_xy 0.057  std 0.300  lr 1.0e-04  fps   9386   624.2s
it 5633/7200  reward     nan  ep_len    nan  fell    0  err_xy 0.053  std 0.300  lr 1.0e-04  fps   9371   624.4s
it 5634/7200  reward   53.00  ep_len  400.0  fell    0  err_xy 0.194  std 0.300  lr 1.0e-04  fps   7453   624.7s
it 5635/7200  reward     nan  ep_len    nan  fell    0  err_xy 0.268  std 0.300  lr 1.0e-04  fps   9958   625.0s
it 5636/7200  reward     nan  ep_len    nan  fell    0  err_xy 0.257  std 0.300  lr 1.0e-04  fps   9839   625.2s
it 5637/7200  reward     nan  ep_len    nan  fell    0  err_xy 0.251  std 0.300  lr 1.0e-04  fps   9905   625.4s
it 5638/7200  reward     nan  ep_len    nan  fell    0  err_xy 0.238  std 0.300  lr 1.0e-04  fps   9760   625.7s
it 5639/7200  reward     nan  ep_len    nan  fell    0  err_xy 0.222  std 0.300  lr 1.0e-04  fps   9690   625.9s
it 5640/7200  reward     nan  ep_len    nan  fell    0  err_xy 0.176  std 0.300  lr 1.0e-04  fps   9662   626.2s
it 5641/7200  reward     nan  ep_len    nan  fell    0  err_xy 0.148  std 0.300  lr 1.0e-04  fps   9423   626.4s
it 5642/7200  reward     nan  ep_len    nan  fell    0  err_xy 0.121  std 0.300  lr 1.0e-04  fps   9313   626.7s
it 5643/7200  reward     nan  ep_len    nan  fell    0  err_xy 0.101  std 0.300  lr 1.0e-04  fps   9440   626.9s
it 5644/7200  reward     nan  ep_len    nan  fell    0  err_xy 0.075  std 0.300  lr 1.0e-04  fps   9401   627.1s
it 5645/7200  reward     nan  ep_len    nan  fell    0  err_xy 0.071  std 0.300  lr 1.0e-04  fps   9417   627.4s
it 5646/7200  reward     nan  ep_len    nan  fell    0  err_xy 0.058  std 0.300  lr 1.0e-04  fps   9394   627.6s
it 5647/7200  reward     nan  ep_len    nan  fell    0  err_xy 0.052  std 0.300  lr 1.0e-04  fps   9191   627.9s
it 5648/7200  reward     nan  ep_len    nan  fell    0  err_xy 0.040  std 0.300  lr 1.0e-04  fps   8808   628.1s
it 5649/7200  reward     nan  ep_len    nan  fell    0  err_xy 0.040  std 0.300  lr 1.0e-04  fps   8838   628.4s
it 5650/7200  reward   51.25  ep_len  400.0  fell    0  err_xy 0.034  std 0.300  lr 1.0e-04  fps   7134   628.7s
it 5651/7200  reward     nan  ep_len    nan  fell    0  err_xy 0.249  std 0.300  lr 1.0e-04  fps   9834   629.0s
it 5652/7200  reward     nan  ep_len    nan  fell    0  err_xy 0.245  std 0.300  lr 1.0e-04  fps   9965   629.2s
it 5653/7200  reward     nan  ep_len    nan  fell    0  err_xy 0.240  std 0.300  lr 1.0e-04  fps  10037   629.4s
it 5654/7200  reward     nan  ep_len    nan  fell    0  err_xy 0.239  std 0.300  lr 1.0e-04  fps   9930   629.7s
it 5655/7200  reward     nan  ep_len    nan  fell    0  err_xy 0.237  std 0.300  lr 1.0e-04  fps   9789   629.9s
it 5656/7200  reward     nan  ep_len    nan  fell    0  err_xy 0.208  std 0.300  lr 1.0e-04  fps   9613   630.1s
it 5657/7200  reward     nan  ep_len    nan  fell    0  err_xy 0.162  std 0.300  lr 1.0e-04  fps   9475   630.4s
it 5658/7200  reward     nan  ep_len    nan  fell    0  err_xy 0.128  std 0.300  lr 1.0e-04  fps   9443   630.6s
it 5659/7200  reward     nan  ep_len    nan  fell    0  err_xy 0.110  std 0.300  lr 1.0e-04  fps   9550   630.9s
it 5660/7200  reward     nan  ep_len    nan  fell    0  err_xy 0.101  std 0.300  lr 1.0e-04  fps   9513   631.1s
it 5661/7200  reward     nan  ep_len    nan  fell    0  err_xy 0.082  std 0.300  lr 1.0e-04  fps   9447   631.3s
it 5662/7200  reward     nan  ep_len    nan  fell    0  err_xy 0.077  std 0.300  lr 1.0e-04  fps   9420   631.6s
it 5663/7200  reward     nan  ep_len    nan  fell    0  err_xy 0.070  std 0.300  lr 1.0e-04  fps   9502   631.8s
it 5664/7200  reward     nan  ep_len    nan  fell    0  err_xy 0.053  std 0.300  lr 1.0e-04  fps   9473   632.1s
it 5665/7200  reward     nan  ep_len    nan  fell    0  err_xy 0.048  std 0.300  lr 1.0e-04  fps   9450   632.3s
it 5666/7200  reward     nan  ep_len    nan  fell    0  err_xy 0.051  std 0.300  lr 1.0e-04  fps   9363   632.6s
it 5667/7200  reward   52.81  ep_len  400.0  fell    0  err_xy 0.112  std 0.300  lr 1.0e-04  fps   7406   632.9s
it 5668/7200  reward     nan  ep_len    nan  fell    0  err_xy 0.276  std 0.300  lr 1.0e-04  fps   9918   633.1s
it 5669/7200  reward     nan  ep_len    nan  fell    0  err_xy 0.246  std 0.300  lr 1.0e-04  fps   9527   633.4s
it 5670/7200  reward     nan  ep_len    nan  fell    0  err_xy 0.235  std 0.300  lr 1.0e-04  fps   8837   633.6s
it 5671/7200  reward     nan  ep_len    nan  fell    0  err_xy 0.238  std 0.300  lr 1.0e-04  fps   9795   633.9s
it 5672/7200  reward     nan  ep_len    nan  fell    0  err_xy 0.230  std 0.300  lr 1.0e-04  fps   9817   634.1s
it 5673/7200  reward     nan  ep_len    nan  fell    0  err_xy 0.204  std 0.300  lr 1.0e-04  fps   9658   634.3s
it 5674/7200  reward     nan  ep_len    nan  fell    0  err_xy 0.156  std 0.300  lr 1.0e-04  fps   9525   634.6s
it 5675/7200  reward     nan  ep_len    nan  fell    0  err_xy 0.101  std 0.300  lr 1.0e-04  fps   9386   634.8s
it 5676/7200  reward     nan  ep_len    nan  fell    0  err_xy 0.088  std 0.300  lr 1.0e-04  fps   9518   635.1s
it 5677/7200  reward     nan  ep_len    nan  fell    0  err_xy 0.068  std 0.300  lr 1.0e-04  fps   9520   635.3s
it 5678/7200  reward     nan  ep_len    nan  fell    0  err_xy 0.052  std 0.300  lr 1.0e-04  fps   9580   635.5s
it 5679/7200  reward     nan  ep_len    nan  fell    0  err_xy 0.060  std 0.300  lr 1.0e-04  fps   9384   635.8s
it 5680/7200  reward     nan  ep_len    nan  fell    0  err_xy 0.062  std 0.300  lr 1.0e-04  fps   9429   636.0s
it 5681/7200  reward     nan  ep_len    nan  fell    0  err_xy 0.054  std 0.300  lr 1.0e-04  fps   9445   636.3s
it 5682/7200  reward     nan  ep_len    nan  fell    0  err_xy 0.044  std 0.300  lr 1.0e-04  fps   9443   636.5s
it 5683/7200  reward     nan  ep_len    nan  fell    0  err_xy 0.042  std 0.300  lr 1.0e-04  fps   9301   636.8s
it 5684/7200  reward   53.57  ep_len  400.0  fell    0  err_xy 0.204  std 0.300  lr 1.0e-04  fps   7553   637.1s
it 5685/7200  reward     nan  ep_len    nan  fell    0  err_xy 0.258  std 0.300  lr 1.0e-04  fps   9995   637.3s
it 5686/7200  reward     nan  ep_len    nan  fell    0  err_xy 0.251  std 0.300  lr 1.0e-04  fps   9877   637.5s
it 5687/7200  reward     nan  ep_len    nan  fell    0  err_xy 0.245  std 0.300  lr 1.0e-04  fps   9974   637.8s
it 5688/7200  reward     nan  ep_len    nan  fell    0  err_xy 0.252  std 0.300  lr 1.0e-04  fps   9877   638.0s
it 5689/7200  reward     nan  ep_len    nan  fell    0  err_xy 0.245  std 0.300  lr 1.0e-04  fps   9731   638.2s
it 5690/7200  reward     nan  ep_len    nan  fell    0  err_xy 0.203  std 0.300  lr 1.0e-04  fps   9614   638.5s
it 5691/7200  reward     nan  ep_len    nan  fell    0  err_xy 0.165  std 0.300  lr 1.0e-04  fps   9570   638.7s
it 5692/7200  reward     nan  ep_len    nan  fell    0  err_xy 0.134  std 0.300  lr 1.0e-04  fps   9547   639.0s
it 5693/7200  reward     nan  ep_len    nan  fell    0  err_xy 0.110  std 0.300  lr 1.0e-04  fps   9590   639.2s
it 5694/7200  reward     nan  ep_len    nan  fell    0  err_xy 0.098  std 0.300  lr 1.0e-04  fps   9503   639.4s
it 5695/7200  reward     nan  ep_len    nan  fell    0  err_xy 0.098  std 0.300  lr 1.0e-04  fps   9461   639.7s
it 5696/7200  reward     nan  ep_len    nan  fell    0  err_xy 0.083  std 0.300  lr 1.0e-04  fps   8791   640.0s
it 5697/7200  reward     nan  ep_len    nan  fell    0  err_xy 0.072  std 0.300  lr 1.0e-04  fps   9450   640.2s
it 5698/7200  reward     nan  ep_len    nan  fell    0  err_xy 0.063  std 0.300  lr 1.0e-04  fps   9467   640.4s
it 5699/7200  reward     nan  ep_len    nan  fell    0  err_xy 0.050  std 0.300  lr 1.0e-04  fps   9315   640.7s
it 5700/7200  reward   50.47  ep_len  400.0  fell    0  err_xy 0.046  std 0.300  lr 1.0e-04  fps   7239   641.0s
it 5701/7200  reward     nan  ep_len    nan  fell    0  err_xy 0.268  std 0.300  lr 1.0e-04  fps   9461   641.2s
it 5702/7200  reward     nan  ep_len    nan  fell    0  err_xy 0.235  std 0.300  lr 1.0e-04  fps   9901   641.5s
it 5703/7200  reward     nan  ep_len    nan  fell    0  err_xy 0.251  std 0.300  lr 1.0e-04  fps   9738   641.7s
it 5704/7200  reward     nan  ep_len    nan  fell    0  err_xy 0.247  std 0.300  lr 1.0e-04  fps   9697   642.0s
it 5705/7200  reward     nan  ep_len    nan  fell    0  err_xy 0.245  std 0.300  lr 1.0e-04  fps   9873   642.2s
it 5706/7200  reward     nan  ep_len    nan  fell    0  err_xy 0.237  std 0.300  lr 1.0e-04  fps   9680   642.4s
it 5707/7200  reward     nan  ep_len    nan  fell    0  err_xy 0.205  std 0.300  lr 1.0e-04  fps   9593   642.7s
it 5708/7200  reward     nan  ep_len    nan  fell    0  err_xy 0.188  std 0.300  lr 1.0e-04  fps   9524   642.9s
it 5709/7200  reward     nan  ep_len    nan  fell    0  err_xy 0.123  std 0.300  lr 1.0e-04  fps   9431   643.2s
it 5710/7200  reward     nan  ep_len    nan  fell    0  err_xy 0.105  std 0.300  lr 1.0e-04  fps   9458   643.4s
it 5711/7200  reward     nan  ep_len    nan  fell    0  err_xy 0.086  std 0.300  lr 1.0e-04  fps   9426   643.6s
it 5712/7200  reward     nan  ep_len    nan  fell    0  err_xy 0.062  std 0.300  lr 1.0e-04  fps   9385   643.9s
it 5713/7200  reward     nan  ep_len    nan  fell    0  err_xy 0.047  std 0.300  lr 1.0e-04  fps   9462   644.1s
it 5714/7200  reward     nan  ep_len    nan  fell    0  err_xy 0.035  std 0.300  lr 1.0e-04  fps   9443   644.4s
it 5715/7200  reward     nan  ep_len    nan  fell    0  err_xy 0.034  std 0.300  lr 1.0e-04  fps   9387   644.6s
it 5716/7200  reward     nan  ep_len    nan  fell    0  err_xy 0.024  std 0.300  lr 1.0e-04  fps   9366   644.9s
it 5717/7200  reward   55.35  ep_len  400.0  fell    0  err_xy 0.098  std 0.300  lr 1.0e-04  fps   7453   645.2s
it 5718/7200  reward     nan  ep_len    nan  fell    0  err_xy 0.299  std 0.300  lr 1.0e-04  fps   9957   645.4s
it 5719/7200  reward     nan  ep_len    nan  fell    0  err_xy 0.248  std 0.300  lr 1.0e-04  fps  10058   645.6s
it 5720/7200  reward     nan  ep_len    nan  fell    0  err_xy 0.245  std 0.300  lr 1.0e-04  fps   9907   645.9s
it 5721/7200  reward     nan  ep_len    nan  fell    0  err_xy 0.234  std 0.300  lr 1.0e-04  fps   9866   646.1s
it 5722/7200  reward     nan  ep_len    nan  fell    0  err_xy 0.221  std 0.300  lr 1.0e-04  fps   9840   646.3s
it 5723/7200  reward     nan  ep_len    nan  fell    0  err_xy 0.208  std 0.300  lr 1.0e-04  fps   9735   646.6s
it 5724/7200  reward     nan  ep_len    nan  fell    0  err_xy 0.172  std 0.300  lr 1.0e-04  fps   9446   646.8s
it 5725/7200  reward     nan  ep_len    nan  fell    0  err_xy 0.136  std 0.300  lr 1.0e-04  fps   9519   647.1s
it 5726/7200  reward     nan  ep_len    nan  fell    0  err_xy 0.099  std 0.300  lr 1.0e-04  fps   9559   647.3s
it 5727/7200  reward     nan  ep_len    nan  fell    0  err_xy 0.084  std 0.300  lr 1.0e-04  fps   9571   647.5s
it 5728/7200  reward     nan  ep_len    nan  fell    0  err_xy 0.065  std 0.300  lr 1.0e-04  fps   9412   647.8s
it 5729/7200  reward     nan  ep_len    nan  fell    0  err_xy 0.056  std 0.300  lr 1.0e-04  fps   9493   648.0s
it 5730/7200  reward     nan  ep_len    nan  fell    0  err_xy 0.051  std 0.300  lr 1.0e-04  fps   9458   648.3s
it 5731/7200  reward     nan  ep_len    nan  fell    0  err_xy 0.041  std 0.300  lr 1.0e-04  fps   9475   648.5s
it 5732/7200  reward     nan  ep_len    nan  fell    0  err_xy 0.040  std 0.300  lr 1.0e-04  fps   9396   648.8s
it 5733/7200  reward     nan  ep_len    nan  fell    0  err_xy 0.031  std 0.300  lr 1.0e-04  fps   9431   649.0s
it 5734/7200  reward   54.79  ep_len  400.0  fell    0  err_xy 0.197  std 0.300  lr 1.0e-04  fps   7536   649.3s
it 5735/7200  reward     nan  ep_len    nan  fell    0  err_xy 0.284  std 0.300  lr 1.0e-04  fps  10051   649.5s
it 5736/7200  reward     nan  ep_len    nan  fell    0  err_xy 0.273  std 0.300  lr 1.0e-04  fps  10081   649.8s
it 5737/7200  reward     nan  ep_len    nan  fell    0  err_xy 0.270  std 0.300  lr 1.0e-04  fps   9921   650.0s
it 5738/7200  reward     nan  ep_len    nan  fell    0  err_xy 0.241  std 0.300  lr 1.0e-04  fps   9878   650.2s
it 5739/7200  reward     nan  ep_len    nan  fell    0  err_xy 0.243  std 0.300  lr 1.0e-04  fps   9800   650.5s
it 5740/7200  reward     nan  ep_len    nan  fell    0  err_xy 0.188  std 0.300  lr 1.0e-04  fps   9611   650.7s
it 5741/7200  reward     nan  ep_len    nan  fell    0  err_xy 0.152  std 0.300  lr 1.0e-04  fps   9107   651.0s
it 5742/7200  reward     nan  ep_len    nan  fell    0  err_xy 0.129  std 0.300  lr 1.0e-04  fps   9602   651.2s
it 5743/7200  reward     nan  ep_len    nan  fell    0  err_xy 0.114  std 0.300  lr 1.0e-04  fps   9671   651.5s
it 5744/7200  reward     nan  ep_len    nan  fell    0  err_xy 0.097  std 0.300  lr 1.0e-04  fps   9594   651.7s
it 5745/7200  reward     nan  ep_len    nan  fell    0  err_xy 0.084  std 0.300  lr 1.0e-04  fps   9570   651.9s
it 5746/7200  reward     nan  ep_len    nan  fell    0  err_xy 0.084  std 0.300  lr 1.0e-04  fps   9493   652.2s
it 5747/7200  reward     nan  ep_len    nan  fell    0  err_xy 0.071  std 0.300  lr 1.0e-04  fps   9530   652.4s
it 5748/7200  reward     nan  ep_len    nan  fell    0  err_xy 0.066  std 0.300  lr 1.0e-04  fps   9472   652.7s
it 5749/7200  reward     nan  ep_len    nan  fell    0  err_xy 0.064  std 0.300  lr 1.0e-04  fps   9478   652.9s
it 5750/7200  reward   50.46  ep_len  400.0  fell    0  err_xy 0.058  std 0.300  lr 1.0e-04  fps   7222   653.2s
it 5751/7200  reward     nan  ep_len    nan  fell    0  err_xy 0.280  std 0.300  lr 1.0e-04  fps   9821   653.5s
it 5752/7200  reward     nan  ep_len    nan  fell    0  err_xy 0.269  std 0.300  lr 1.0e-04  fps   9965   653.7s
it 5753/7200  reward     nan  ep_len    nan  fell    0  err_xy 0.258  std 0.300  lr 1.0e-04  fps   9799   653.9s
it 5754/7200  reward     nan  ep_len    nan  fell    0  err_xy 0.253  std 0.300  lr 1.0e-04  fps   9802   654.2s
it 5755/7200  reward     nan  ep_len    nan  fell    0  err_xy 0.236  std 0.300  lr 1.0e-04  fps   9925   654.4s
it 5756/7200  reward     nan  ep_len    nan  fell    0  err_xy 0.225  std 0.300  lr 1.0e-04  fps   9745   654.6s
it 5757/7200  reward     nan  ep_len    nan  fell    0  err_xy 0.179  std 0.300  lr 1.0e-04  fps   9359   654.9s
it 5758/7200  reward     nan  ep_len    nan  fell    0  err_xy 0.146  std 0.300  lr 1.0e-04  fps   9485   655.1s
it 5759/7200  reward     nan  ep_len    nan  fell    0  err_xy 0.119  std 0.300  lr 1.0e-04  fps   9592   655.4s
it 5760/7200  reward     nan  ep_len    nan  fell    0  err_xy 0.100  std 0.300  lr 1.0e-04  fps   9574   655.6s
it 5761/7200  reward     nan  ep_len    nan  fell    0  err_xy 0.080  std 0.300  lr 1.0e-04  fps   9577   655.8s
it 5762/7200  reward     nan  ep_len    nan  fell    0  err_xy 0.071  std 0.300  lr 1.0e-04  fps   9575   656.1s
it 5763/7200  reward     nan  ep_len    nan  fell    0  err_xy 0.061  std 0.300  lr 1.0e-04  fps   9573   656.3s
it 5764/7200  reward     nan  ep_len    nan  fell    0  err_xy 0.065  std 0.300  lr 1.0e-04  fps   9501   656.6s
it 5765/7200  reward     nan  ep_len    nan  fell    0  err_xy 0.054  std 0.300  lr 1.0e-04  fps   9383   656.8s
it 5766/7200  reward     nan  ep_len    nan  fell    0  err_xy 0.051  std 0.300  lr 1.0e-04  fps   9430   657.1s
it 5767/7200  reward   51.11  ep_len  400.0  fell    0  err_xy 0.108  std 0.300  lr 1.0e-04  fps   7461   657.4s
it 5768/7200  reward     nan  ep_len    nan  fell    0  err_xy 0.286  std 0.300  lr 1.0e-04  fps   9933   657.6s
it 5769/7200  reward     nan  ep_len    nan  fell    0  err_xy 0.260  std 0.300  lr 1.0e-04  fps   9991   657.8s
it 5770/7200  reward     nan  ep_len    nan  fell    0  err_xy 0.250  std 0.300  lr 1.0e-04  fps   9946   658.1s
it 5771/7200  reward     nan  ep_len    nan  fell    0  err_xy 0.235  std 0.300  lr 1.0e-04  fps   9858   658.3s
it 5772/7200  reward     nan  ep_len    nan  fell    0  err_xy 0.248  std 0.300  lr 1.0e-04  fps   9743   658.5s
it 5773/7200  reward     nan  ep_len    nan  fell    0  err_xy 0.203  std 0.300  lr 1.0e-04  fps   9564   658.8s
it 5774/7200  reward     nan  ep_len    nan  fell    0  err_xy 0.149  std 0.300  lr 1.0e-04  fps   9538   659.0s
it 5775/7200  reward     nan  ep_len    nan  fell    0  err_xy 0.112  std 0.300  lr 1.0e-04  fps   9481   659.3s
it 5776/7200  reward     nan  ep_len    nan  fell    0  err_xy 0.082  std 0.300  lr 1.0e-04  fps   9469   659.5s
it 5777/7200  reward     nan  ep_len    nan  fell    0  err_xy 0.066  std 0.300  lr 1.0e-04  fps   9500   659.7s
it 5778/7200  reward     nan  ep_len    nan  fell    0  err_xy 0.058  std 0.300  lr 1.0e-04  fps   9413   660.0s
it 5779/7200  reward     nan  ep_len    nan  fell    0  err_xy 0.039  std 0.300  lr 1.0e-04  fps   9472   660.2s
it 5780/7200  reward     nan  ep_len    nan  fell    0  err_xy 0.033  std 0.300  lr 1.0e-04  fps   9453   660.5s
it 5781/7200  reward     nan  ep_len    nan  fell    0  err_xy 0.035  std 0.300  lr 1.0e-04  fps   9345   660.7s
it 5782/7200  reward     nan  ep_len    nan  fell    0  err_xy 0.031  std 0.300  lr 1.0e-04  fps   9392   661.0s
it 5783/7200  reward     nan  ep_len    nan  fell    0  err_xy 0.026  std 0.300  lr 1.0e-04  fps   9415   661.2s
it 5784/7200  reward   56.55  ep_len  400.0  fell    0  err_xy 0.189  std 0.300  lr 1.0e-04  fps   7383   661.5s
it 5785/7200  reward     nan  ep_len    nan  fell    0  err_xy 0.282  std 0.300  lr 1.0e-04  fps  10042   661.8s
it 5786/7200  reward     nan  ep_len    nan  fell    0  err_xy 0.247  std 0.300  lr 1.0e-04  fps   9942   662.0s
it 5787/7200  reward     nan  ep_len    nan  fell    0  err_xy 0.254  std 0.300  lr 1.0e-04  fps   9905   662.2s
it 5788/7200  reward     nan  ep_len    nan  fell    0  err_xy 0.250  std 0.300  lr 1.0e-04  fps   9943   662.5s
it 5789/7200  reward     nan  ep_len    nan  fell    0  err_xy 0.232  std 0.300  lr 1.0e-04  fps   9736   662.7s
it 5790/7200  reward     nan  ep_len    nan  fell    0  err_xy 0.195  std 0.300  lr 1.0e-04  fps   9488   662.9s
it 5791/7200  reward     nan  ep_len    nan  fell    0  err_xy 0.153  std 0.300  lr 1.0e-04  fps   9547   663.2s
it 5792/7200  reward     nan  ep_len    nan  fell    0  err_xy 0.119  std 0.300  lr 1.0e-04  fps   9521   663.4s
it 5793/7200  reward     nan  ep_len    nan  fell    0  err_xy 0.105  std 0.300  lr 1.0e-04  fps   9487   663.7s
it 5794/7200  reward     nan  ep_len    nan  fell    0  err_xy 0.072  std 0.300  lr 1.0e-04  fps   9422   663.9s
it 5795/7200  reward     nan  ep_len    nan  fell    0  err_xy 0.063  std 0.300  lr 1.0e-04  fps   9472   664.2s
it 5796/7200  reward     nan  ep_len    nan  fell    0  err_xy 0.052  std 0.300  lr 1.0e-04  fps   9510   664.4s
it 5797/7200  reward     nan  ep_len    nan  fell    0  err_xy 0.046  std 0.300  lr 1.0e-04  fps   9375   664.6s
it 5798/7200  reward     nan  ep_len    nan  fell    0  err_xy 0.042  std 0.300  lr 1.0e-04  fps   9361   664.9s
it 5799/7200  reward     nan  ep_len    nan  fell    0  err_xy 0.034  std 0.300  lr 1.0e-04  fps   9390   665.1s
it 5800/7200  reward   55.36  ep_len  400.0  fell    0  err_xy 0.031  std 0.300  lr 1.0e-04  fps   7334   665.4s
eval iteration 5800:
  prone          success   0.0%  time 8.00s  peak_τ 0.96 Nm  return 62.18
  supine         success   0.0%  time 8.00s  peak_τ 0.96 Nm  return 67.04
  score 0.000
it 5801/7200  reward     nan  ep_len    nan  fell    0  err_xy 0.271  std 0.300  lr 1.0e-04  fps   9786   667.6s
it 5802/7200  reward     nan  ep_len    nan  fell    0  err_xy 0.257  std 0.300  lr 1.0e-04  fps   9746   667.8s
it 5803/7200  reward     nan  ep_len    nan  fell    0  err_xy 0.256  std 0.300  lr 1.0e-04  fps   9576   668.1s
it 5804/7200  reward     nan  ep_len    nan  fell    0  err_xy 0.234  std 0.300  lr 1.0e-04  fps   9992   668.3s
it 5805/7200  reward     nan  ep_len    nan  fell    0  err_xy 0.246  std 0.300  lr 1.0e-04  fps   9583   668.6s
it 5806/7200  reward     nan  ep_len    nan  fell    0  err_xy 0.207  std 0.300  lr 1.0e-04  fps   9058   668.8s
it 5807/7200  reward     nan  ep_len    nan  fell    0  err_xy 0.180  std 0.300  lr 1.0e-04  fps   9534   669.1s
it 5808/7200  reward     nan  ep_len    nan  fell    0  err_xy 0.157  std 0.300  lr 1.0e-04  fps   9506   669.3s
it 5809/7200  reward     nan  ep_len    nan  fell    0  err_xy 0.131  std 0.300  lr 1.0e-04  fps   9674   669.5s
it 5810/7200  reward     nan  ep_len    nan  fell    0  err_xy 0.115  std 0.300  lr 1.0e-04  fps   9445   669.8s
it 5811/7200  reward     nan  ep_len    nan  fell    0  err_xy 0.096  std 0.300  lr 1.0e-04  fps   9480   670.0s
it 5812/7200  reward     nan  ep_len    nan  fell    0  err_xy 0.076  std 0.300  lr 1.0e-04  fps   9527   670.3s
it 5813/7200  reward     nan  ep_len    nan  fell    0  err_xy 0.080  std 0.300  lr 1.0e-04  fps   9471   670.5s
it 5814/7200  reward     nan  ep_len    nan  fell    0  err_xy 0.072  std 0.300  lr 1.0e-04  fps   9275   670.8s
it 5815/7200  reward     nan  ep_len    nan  fell    0  err_xy 0.057  std 0.300  lr 1.0e-04  fps   9401   671.0s
it 5816/7200  reward     nan  ep_len    nan  fell    0  err_xy 0.058  std 0.300  lr 1.0e-04  fps   9109   671.3s
it 5817/7200  reward   50.24  ep_len  400.0  fell    0  err_xy 0.113  std 0.300  lr 1.0e-04  fps   7273   671.6s
it 5818/7200  reward     nan  ep_len    nan  fell    0  err_xy 0.283  std 0.300  lr 1.0e-04  fps   9885   671.8s
it 5819/7200  reward     nan  ep_len    nan  fell    0  err_xy 0.254  std 0.300  lr 1.0e-04  fps   9934   672.0s
it 5820/7200  reward     nan  ep_len    nan  fell    0  err_xy 0.253  std 0.300  lr 1.0e-04  fps   9934   672.3s
it 5821/7200  reward     nan  ep_len    nan  fell    0  err_xy 0.232  std 0.300  lr 1.0e-04  fps   9957   672.5s
it 5822/7200  reward     nan  ep_len    nan  fell    0  err_xy 0.228  std 0.300  lr 1.0e-04  fps   9590   672.7s
it 5823/7200  reward     nan  ep_len    nan  fell    0  err_xy 0.201  std 0.300  lr 1.0e-04  fps   9333   673.0s
it 5824/7200  reward     nan  ep_len    nan  fell    0  err_xy 0.157  std 0.300  lr 1.0e-04  fps   9196   673.2s
it 5825/7200  reward     nan  ep_len    nan  fell    0  err_xy 0.136  std 0.300  lr 1.0e-04  fps   9085   673.5s
it 5826/7200  reward     nan  ep_len    nan  fell    0  err_xy 0.106  std 0.300  lr 1.0e-04  fps   9497   673.7s
it 5827/7200  reward     nan  ep_len    nan  fell    0  err_xy 0.086  std 0.300  lr 1.0e-04  fps   9010   674.0s
it 5828/7200  reward     nan  ep_len    nan  fell    0  err_xy 0.079  std 0.300  lr 1.0e-04  fps   9335   674.2s
it 5829/7200  reward     nan  ep_len    nan  fell    0  err_xy 0.066  std 0.300  lr 1.0e-04  fps   9379   674.5s
it 5830/7200  reward     nan  ep_len    nan  fell    0  err_xy 0.058  std 0.300  lr 1.0e-04  fps   9386   674.7s
it 5831/7200  reward     nan  ep_len    nan  fell    0  err_xy 0.048  std 0.300  lr 1.0e-04  fps   9176   675.0s
it 5832/7200  reward     nan  ep_len    nan  fell    0  err_xy 0.034  std 0.300  lr 1.0e-04  fps   9082   675.2s
it 5833/7200  reward     nan  ep_len    nan  fell    0  err_xy 0.024  std 0.300  lr 1.0e-04  fps   9268   675.5s
it 5834/7200  reward   53.70  ep_len  400.0  fell    0  err_xy 0.182  std 0.300  lr 1.0e-04  fps   7277   675.8s
it 5835/7200  reward     nan  ep_len    nan  fell    0  err_xy 0.258  std 0.300  lr 1.0e-04  fps   9498   676.0s
it 5836/7200  reward     nan  ep_len    nan  fell    0  err_xy 0.260  std 0.300  lr 1.0e-04  fps   9903   676.3s
it 5837/7200  reward     nan  ep_len    nan  fell    0  err_xy 0.246  std 0.300  lr 1.0e-04  fps   9900   676.5s
it 5838/7200  reward     nan  ep_len    nan  fell    0  err_xy 0.232  std 0.300  lr 1.0e-04  fps   9944   676.7s
it 5839/7200  reward     nan  ep_len    nan  fell    0  err_xy 0.200  std 0.300  lr 1.0e-04  fps   9656   677.0s
it 5840/7200  reward     nan  ep_len    nan  fell    0  err_xy 0.167  std 0.300  lr 1.0e-04  fps   9605   677.2s
it 5841/7200  reward     nan  ep_len    nan  fell    0  err_xy 0.116  std 0.300  lr 1.0e-04  fps   9543   677.5s
it 5842/7200  reward     nan  ep_len    nan  fell    0  err_xy 0.087  std 0.300  lr 1.0e-04  fps   9513   677.7s
it 5843/7200  reward     nan  ep_len    nan  fell    0  err_xy 0.064  std 0.300  lr 1.0e-04  fps   9461   678.0s
it 5844/7200  reward     nan  ep_len    nan  fell    0  err_xy 0.052  std 0.300  lr 1.0e-04  fps   9577   678.2s
it 5845/7200  reward     nan  ep_len    nan  fell    0  err_xy 0.040  std 0.300  lr 1.0e-04  fps   9503   678.4s
it 5846/7200  reward     nan  ep_len    nan  fell    0  err_xy 0.034  std 0.300  lr 1.0e-04  fps   9372   678.7s
it 5847/7200  reward     nan  ep_len    nan  fell    0  err_xy 0.030  std 0.300  lr 1.0e-04  fps   9407   678.9s
it 5848/7200  reward     nan  ep_len    nan  fell    0  err_xy 0.028  std 0.300  lr 1.0e-04  fps   8991   679.2s
it 5849/7200  reward     nan  ep_len    nan  fell    0  err_xy 0.023  std 0.300  lr 1.0e-04  fps   9233   679.4s
it 5850/7200  reward   58.14  ep_len  400.0  fell    0  err_xy 0.020  std 0.300  lr 1.0e-04  fps   7111   679.8s
it 5851/7200  reward     nan  ep_len    nan  fell    0  err_xy 0.271  std 0.300  lr 1.0e-04  fps   9700   680.0s
it 5852/7200  reward     nan  ep_len    nan  fell    0  err_xy 0.261  std 0.300  lr 1.0e-04  fps   9870   680.2s
it 5853/7200  reward     nan  ep_len    nan  fell    0  err_xy 0.256  std 0.300  lr 1.0e-04  fps   9863   680.5s
it 5854/7200  reward     nan  ep_len    nan  fell    0  err_xy 0.232  std 0.300  lr 1.0e-04  fps   9929   680.7s
it 5855/7200  reward     nan  ep_len    nan  fell    0  err_xy 0.233  std 0.300  lr 1.0e-04  fps   9857   680.9s
it 5856/7200  reward     nan  ep_len    nan  fell    0  err_xy 0.203  std 0.300  lr 1.0e-04  fps   9632   681.2s
it 5857/7200  reward     nan  ep_len    nan  fell    0  err_xy 0.163  std 0.300  lr 1.0e-04  fps   9589   681.4s
it 5858/7200  reward     nan  ep_len    nan  fell    0  err_xy 0.116  std 0.300  lr 1.0e-04  fps   9437   681.7s
it 5859/7200  reward     nan  ep_len    nan  fell    0  err_xy 0.087  std 0.300  lr 1.0e-04  fps   9473   681.9s
it 5860/7200  reward     nan  ep_len    nan  fell    0  err_xy 0.060  std 0.300  lr 1.0e-04  fps   9403   682.1s
it 5861/7200  reward     nan  ep_len    nan  fell    0  err_xy 0.044  std 0.300  lr 1.0e-04  fps   9469   682.4s
it 5862/7200  reward     nan  ep_len    nan  fell    0  err_xy 0.034  std 0.300  lr 1.0e-04  fps   9501   682.6s
it 5863/7200  reward     nan  ep_len    nan  fell    0  err_xy 0.032  std 0.300  lr 1.0e-04  fps   9384   682.9s
it 5864/7200  reward     nan  ep_len    nan  fell    0  err_xy 0.031  std 0.300  lr 1.0e-04  fps   9356   683.1s
it 5865/7200  reward     nan  ep_len    nan  fell    0  err_xy 0.029  std 0.300  lr 1.0e-04  fps   9344   683.4s
it 5866/7200  reward     nan  ep_len    nan  fell    0  err_xy 0.028  std 0.300  lr 1.0e-04  fps   9444   683.6s
it 5867/7200  reward   58.53  ep_len  400.0  fell    0  err_xy 0.097  std 0.300  lr 1.0e-04  fps   7303   683.9s
it 5868/7200  reward     nan  ep_len    nan  fell    0  err_xy 0.289  std 0.300  lr 1.0e-04  fps   9899   684.2s
it 5869/7200  reward     nan  ep_len    nan  fell    0  err_xy 0.259  std 0.300  lr 1.0e-04  fps  10126   684.4s
it 5870/7200  reward     nan  ep_len    nan  fell    0  err_xy 0.245  std 0.300  lr 1.0e-04  fps   9986   684.6s
it 5871/7200  reward     nan  ep_len    nan  fell    0  err_xy 0.239  std 0.300  lr 1.0e-04  fps   9770   684.9s
it 5872/7200  reward     nan  ep_len    nan  fell    0  err_xy 0.211  std 0.300  lr 1.0e-04  fps   9630   685.1s
it 5873/7200  reward     nan  ep_len    nan  fell    0  err_xy 0.162  std 0.300  lr 1.0e-04  fps   9451   685.3s
it 5874/7200  reward     nan  ep_len    nan  fell    0  err_xy 0.123  std 0.300  lr 1.0e-04  fps   9472   685.6s
it 5875/7200  reward     nan  ep_len    nan  fell    0  err_xy 0.091  std 0.300  lr 1.0e-04  fps   9372   685.8s
it 5876/7200  reward     nan  ep_len    nan  fell    0  err_xy 0.076  std 0.300  lr 1.0e-04  fps   9515   686.1s
it 5877/7200  reward     nan  ep_len    nan  fell    0  err_xy 0.066  std 0.300  lr 1.0e-04  fps   9484   686.3s
it 5878/7200  reward     nan  ep_len    nan  fell    0  err_xy 0.059  std 0.300  lr 1.0e-04  fps   9508   686.6s
it 5879/7200  reward     nan  ep_len    nan  fell    0  err_xy 0.046  std 0.300  lr 1.0e-04  fps   9435   686.8s
it 5880/7200  reward     nan  ep_len    nan  fell    0  err_xy 0.040  std 0.300  lr 1.0e-04  fps   9429   687.0s
it 5881/7200  reward     nan  ep_len    nan  fell    0  err_xy 0.037  std 0.300  lr 1.0e-04  fps   9450   687.3s
it 5882/7200  reward     nan  ep_len    nan  fell    0  err_xy 0.042  std 0.300  lr 1.0e-04  fps   9474   687.5s
it 5883/7200  reward     nan  ep_len    nan  fell    0  err_xy 0.036  std 0.300  lr 1.0e-04  fps   9484   687.8s
it 5884/7200  reward   58.23  ep_len  400.0  fell    0  err_xy 0.199  std 0.300  lr 1.0e-04  fps   7418   688.1s
it 5885/7200  reward     nan  ep_len    nan  fell    0  err_xy 0.261  std 0.300  lr 1.0e-04  fps  10070   688.3s
it 5886/7200  reward     nan  ep_len    nan  fell    0  err_xy 0.265  std 0.300  lr 1.0e-04  fps  10058   688.5s
it 5887/7200  reward     nan  ep_len    nan  fell    0  err_xy 0.258  std 0.300  lr 1.0e-04  fps   9930   688.8s
it 5888/7200  reward     nan  ep_len    nan  fell    0  err_xy 0.247  std 0.300  lr 1.0e-04  fps   9744   689.0s
it 5889/7200  reward     nan  ep_len    nan  fell    0  err_xy 0.212  std 0.300  lr 1.0e-04  fps   9674   689.3s
it 5890/7200  reward     nan  ep_len    nan  fell    0  err_xy 0.179  std 0.300  lr 1.0e-04  fps   9542   689.5s
it 5891/7200  reward     nan  ep_len    nan  fell    0  err_xy 0.127  std 0.300  lr 1.0e-04  fps   9410   689.7s
it 5892/7200  reward     nan  ep_len    nan  fell    0  err_xy 0.113  std 0.300  lr 1.0e-04  fps   9447   690.0s
it 5893/7200  reward     nan  ep_len    nan  fell    0  err_xy 0.097  std 0.300  lr 1.0e-04  fps   9479   690.2s
it 5894/7200  reward     nan  ep_len    nan  fell    0  err_xy 0.092  std 0.300  lr 1.0e-04  fps   9516   690.5s
it 5895/7200  reward     nan  ep_len    nan  fell    0  err_xy 0.065  std 0.300  lr 1.0e-04  fps   9367   690.7s
it 5896/7200  reward     nan  ep_len    nan  fell    0  err_xy 0.059  std 0.300  lr 1.0e-04  fps   9385   691.0s
it 5897/7200  reward     nan  ep_len    nan  fell    0  err_xy 0.046  std 0.300  lr 1.0e-04  fps   9386   691.2s
it 5898/7200  reward     nan  ep_len    nan  fell    0  err_xy 0.036  std 0.300  lr 1.0e-04  fps   9447   691.5s
it 5899/7200  reward     nan  ep_len    nan  fell    0  err_xy 0.052  std 0.300  lr 1.0e-04  fps   9420   691.7s
it 5900/7200  reward   56.81  ep_len  400.0  fell    0  err_xy 0.042  std 0.300  lr 1.0e-04  fps   7367   692.0s
it 5901/7200  reward     nan  ep_len    nan  fell    0  err_xy 0.265  std 0.300  lr 1.0e-04  fps   9901   692.2s
it 5902/7200  reward     nan  ep_len    nan  fell    0  err_xy 0.234  std 0.300  lr 1.0e-04  fps  10014   692.5s
it 5903/7200  reward     nan  ep_len    nan  fell    0  err_xy 0.250  std 0.300  lr 1.0e-04  fps   9933   692.7s
it 5904/7200  reward     nan  ep_len    nan  fell    0  err_xy 0.240  std 0.300  lr 1.0e-04  fps   9305   693.0s
it 5905/7200  reward     nan  ep_len    nan  fell    0  err_xy 0.230  std 0.300  lr 1.0e-04  fps   9644   693.2s
it 5906/7200  reward     nan  ep_len    nan  fell    0  err_xy 0.194  std 0.300  lr 1.0e-04  fps   9615   693.4s
it 5907/7200  reward     nan  ep_len    nan  fell    0  err_xy 0.144  std 0.300  lr 1.0e-04  fps   9512   693.7s
it 5908/7200  reward     nan  ep_len    nan  fell    0  err_xy 0.126  std 0.300  lr 1.0e-04  fps   9445   693.9s
it 5909/7200  reward     nan  ep_len    nan  fell    0  err_xy 0.100  std 0.300  lr 1.0e-04  fps   9453   694.2s
it 5910/7200  reward     nan  ep_len    nan  fell    0  err_xy 0.084  std 0.300  lr 1.0e-04  fps   9498   694.4s
it 5911/7200  reward     nan  ep_len    nan  fell    0  err_xy 0.079  std 0.300  lr 1.0e-04  fps   9482   694.7s
it 5912/7200  reward     nan  ep_len    nan  fell    0  err_xy 0.072  std 0.300  lr 1.0e-04  fps   9428   694.9s
it 5913/7200  reward     nan  ep_len    nan  fell    0  err_xy 0.062  std 0.300  lr 1.0e-04  fps   9398   695.1s
it 5914/7200  reward     nan  ep_len    nan  fell    0  err_xy 0.057  std 0.300  lr 1.0e-04  fps   9412   695.4s
it 5915/7200  reward     nan  ep_len    nan  fell    0  err_xy 0.046  std 0.300  lr 1.0e-04  fps   9451   695.6s
it 5916/7200  reward     nan  ep_len    nan  fell    0  err_xy 0.039  std 0.300  lr 1.0e-04  fps   9410   695.9s
it 5917/7200  reward   56.70  ep_len  400.0  fell    0  err_xy 0.102  std 0.300  lr 1.0e-04  fps   7559   696.2s
it 5918/7200  reward     nan  ep_len    nan  fell    0  err_xy 0.260  std 0.300  lr 1.0e-04  fps   9958   696.4s
it 5919/7200  reward     nan  ep_len    nan  fell    0  err_xy 0.267  std 0.300  lr 1.0e-04  fps   9904   696.6s
it 5920/7200  reward     nan  ep_len    nan  fell    0  err_xy 0.245  std 0.300  lr 1.0e-04  fps   9914   696.9s
it 5921/7200  reward     nan  ep_len    nan  fell    0  err_xy 0.250  std 0.300  lr 1.0e-04  fps   9948   697.1s
it 5922/7200  reward     nan  ep_len    nan  fell    0  err_xy 0.224  std 0.300  lr 1.0e-04  fps   9760   697.3s
it 5923/7200  reward     nan  ep_len    nan  fell    0  err_xy 0.177  std 0.300  lr 1.0e-04  fps   9616   697.6s
it 5924/7200  reward     nan  ep_len    nan  fell    0  err_xy 0.141  std 0.300  lr 1.0e-04  fps   9354   697.8s
it 5925/7200  reward     nan  ep_len    nan  fell    0  err_xy 0.126  std 0.300  lr 1.0e-04  fps   8809   698.1s
it 5926/7200  reward     nan  ep_len    nan  fell    0  err_xy 0.100  std 0.300  lr 1.0e-04  fps   9573   698.3s
it 5927/7200  reward     nan  ep_len    nan  fell    0  err_xy 0.097  std 0.300  lr 1.0e-04  fps   9641   698.6s
it 5928/7200  reward     nan  ep_len    nan  fell    0  err_xy 0.079  std 0.300  lr 1.0e-04  fps   9549   698.8s
it 5929/7200  reward     nan  ep_len    nan  fell    0  err_xy 0.078  std 0.300  lr 1.0e-04  fps   9534   699.1s
it 5930/7200  reward     nan  ep_len    nan  fell    0  err_xy 0.062  std 0.300  lr 1.0e-04  fps   9539   699.3s
it 5931/7200  reward     nan  ep_len    nan  fell    0  err_xy 0.056  std 0.300  lr 1.0e-04  fps   9461   699.5s
it 5932/7200  reward     nan  ep_len    nan  fell    0  err_xy 0.043  std 0.300  lr 1.0e-04  fps   9373   699.8s
it 5933/7200  reward     nan  ep_len    nan  fell    0  err_xy 0.035  std 0.300  lr 1.0e-04  fps   9181   700.0s
it 5934/7200  reward   55.37  ep_len  400.0  fell    0  err_xy 0.180  std 0.300  lr 1.0e-04  fps   7599   700.3s
it 5935/7200  reward     nan  ep_len    nan  fell    0  err_xy 0.242  std 0.300  lr 1.0e-04  fps  10001   700.6s
it 5936/7200  reward     nan  ep_len    nan  fell    0  err_xy 0.257  std 0.300  lr 1.0e-04  fps   9903   700.8s
it 5937/7200  reward     nan  ep_len    nan  fell    0  err_xy 0.235  std 0.300  lr 1.0e-04  fps   9916   701.0s
it 5938/7200  reward     nan  ep_len    nan  fell    0  err_xy 0.241  std 0.300  lr 1.0e-04  fps   9807   701.3s
it 5939/7200  reward     nan  ep_len    nan  fell    0  err_xy 0.202  std 0.300  lr 1.0e-04  fps   9627   701.5s
it 5940/7200  reward     nan  ep_len    nan  fell    0  err_xy 0.148  std 0.300  lr 1.0e-04  fps   9426   701.8s
it 5941/7200  reward     nan  ep_len    nan  fell    0  err_xy 0.109  std 0.300  lr 1.0e-04  fps   9413   702.0s
it 5942/7200  reward     nan  ep_len    nan  fell    0  err_xy 0.085  std 0.300  lr 1.0e-04  fps   9495   702.3s
it 5943/7200  reward     nan  ep_len    nan  fell    0  err_xy 0.086  std 0.300  lr 1.0e-04  fps   9559   702.5s
it 5944/7200  reward     nan  ep_len    nan  fell    0  err_xy 0.069  std 0.300  lr 1.0e-04  fps   9488   702.7s
it 5945/7200  reward     nan  ep_len    nan  fell    0  err_xy 0.063  std 0.300  lr 1.0e-04  fps   9411   703.0s
it 5946/7200  reward     nan  ep_len    nan  fell    0  err_xy 0.047  std 0.300  lr 1.0e-04  fps   9390   703.2s
it 5947/7200  reward     nan  ep_len    nan  fell    0  err_xy 0.049  std 0.300  lr 1.0e-04  fps   9430   703.5s
it 5948/7200  reward     nan  ep_len    nan  fell    0  err_xy 0.047  std 0.300  lr 1.0e-04  fps   9459   703.7s
it 5949/7200  reward     nan  ep_len    nan  fell    0  err_xy 0.048  std 0.300  lr 1.0e-04  fps   9424   704.0s
it 5950/7200  reward   58.73  ep_len  400.0  fell    0  err_xy 0.043  std 0.300  lr 1.0e-04  fps   7427   704.3s
it 5951/7200  reward     nan  ep_len    nan  fell    0  err_xy 0.278  std 0.300  lr 1.0e-04  fps   9898   704.5s
it 5952/7200  reward     nan  ep_len    nan  fell    0  err_xy 0.280  std 0.300  lr 1.0e-04  fps   9908   704.7s
it 5953/7200  reward     nan  ep_len    nan  fell    0  err_xy 0.271  std 0.300  lr 1.0e-04  fps   9883   705.0s
it 5954/7200  reward     nan  ep_len    nan  fell    0  err_xy 0.248  std 0.300  lr 1.0e-04  fps   9793   705.2s
it 5955/7200  reward     nan  ep_len    nan  fell    0  err_xy 0.238  std 0.300  lr 1.0e-04  fps   9752   705.4s
it 5956/7200  reward     nan  ep_len    nan  fell    0  err_xy 0.200  std 0.300  lr 1.0e-04  fps   9519   705.7s
it 5957/7200  reward     nan  ep_len    nan  fell    0  err_xy 0.151  std 0.300  lr 1.0e-04  fps   8398   706.0s
it 5958/7200  reward     nan  ep_len    nan  fell    0  err_xy 0.121  std 0.300  lr 1.0e-04  fps   9220   706.2s
it 5959/7200  reward     nan  ep_len    nan  fell    0  err_xy 0.117  std 0.300  lr 1.0e-04  fps   9618   706.4s
it 5960/7200  reward     nan  ep_len    nan  fell    0  err_xy 0.110  std 0.300  lr 1.0e-04  fps   9565   706.7s
it 5961/7200  reward     nan  ep_len    nan  fell    0  err_xy 0.094  std 0.300  lr 1.0e-04  fps   9473   706.9s
it 5962/7200  reward     nan  ep_len    nan  fell    0  err_xy 0.082  std 0.300  lr 1.0e-04  fps   9502   707.2s
it 5963/7200  reward     nan  ep_len    nan  fell    0  err_xy 0.078  std 0.300  lr 1.0e-04  fps   9541   707.4s
it 5964/7200  reward     nan  ep_len    nan  fell    0  err_xy 0.068  std 0.300  lr 1.0e-04  fps   9470   707.7s
it 5965/7200  reward     nan  ep_len    nan  fell    0  err_xy 0.059  std 0.300  lr 1.0e-04  fps   9428   707.9s
it 5966/7200  reward     nan  ep_len    nan  fell    0  err_xy 0.044  std 0.300  lr 1.0e-04  fps   9490   708.2s
it 5967/7200  reward   55.27  ep_len  400.0  fell    0  err_xy 0.100  std 0.300  lr 1.0e-04  fps   7458   708.5s
it 5968/7200  reward     nan  ep_len    nan  fell    0  err_xy 0.285  std 0.300  lr 1.0e-04  fps   9838   708.7s
it 5969/7200  reward     nan  ep_len    nan  fell    0  err_xy 0.277  std 0.300  lr 1.0e-04  fps   9895   708.9s
it 5970/7200  reward     nan  ep_len    nan  fell    0  err_xy 0.235  std 0.300  lr 1.0e-04  fps   9974   709.2s
it 5971/7200  reward     nan  ep_len    nan  fell    0  err_xy 0.243  std 0.300  lr 1.0e-04  fps   9821   709.4s
it 5972/7200  reward     nan  ep_len    nan  fell    0  err_xy 0.235  std 0.300  lr 1.0e-04  fps   9732   709.6s
it 5973/7200  reward     nan  ep_len    nan  fell    0  err_xy 0.179  std 0.300  lr 1.0e-04  fps   9569   709.9s
it 5974/7200  reward     nan  ep_len    nan  fell    0  err_xy 0.136  std 0.300  lr 1.0e-04  fps   9473   710.1s
it 5975/7200  reward     nan  ep_len    nan  fell    0  err_xy 0.094  std 0.300  lr 1.0e-04  fps   9451   710.4s
it 5976/7200  reward     nan  ep_len    nan  fell    0  err_xy 0.078  std 0.300  lr 1.0e-04  fps   9484   710.6s
it 5977/7200  reward     nan  ep_len    nan  fell    0  err_xy 0.060  std 0.300  lr 1.0e-04  fps   9405   710.8s
it 5978/7200  reward     nan  ep_len    nan  fell    0  err_xy 0.058  std 0.300  lr 1.0e-04  fps   9478   711.1s
it 5979/7200  reward     nan  ep_len    nan  fell    0  err_xy 0.047  std 0.300  lr 1.0e-04  fps   9488   711.3s
it 5980/7200  reward     nan  ep_len    nan  fell    0  err_xy 0.040  std 0.300  lr 1.0e-04  fps   9512   711.6s
it 5981/7200  reward     nan  ep_len    nan  fell    0  err_xy 0.042  std 0.300  lr 1.0e-04  fps   9378   711.8s
it 5982/7200  reward     nan  ep_len    nan  fell    0  err_xy 0.032  std 0.300  lr 1.0e-04  fps   9337   712.1s
it 5983/7200  reward     nan  ep_len    nan  fell    0  err_xy 0.027  std 0.300  lr 1.0e-04  fps   9452   712.3s
it 5984/7200  reward   59.29  ep_len  400.0  fell    0  err_xy 0.191  std 0.300  lr 1.0e-04  fps   7458   712.6s
it 5985/7200  reward     nan  ep_len    nan  fell    0  err_xy 0.291  std 0.300  lr 1.0e-04  fps   9914   712.9s
it 5986/7200  reward     nan  ep_len    nan  fell    0  err_xy 0.261  std 0.300  lr 1.0e-04  fps   9922   713.1s
it 5987/7200  reward     nan  ep_len    nan  fell    0  err_xy 0.253  std 0.300  lr 1.0e-04  fps   9834   713.3s
it 5988/7200  reward     nan  ep_len    nan  fell    0  err_xy 0.260  std 0.300  lr 1.0e-04  fps   9792   713.6s
it 5989/7200  reward     nan  ep_len    nan  fell    0  err_xy 0.206  std 0.300  lr 1.0e-04  fps   9489   713.8s
it 5990/7200  reward     nan  ep_len    nan  fell    0  err_xy 0.164  std 0.300  lr 1.0e-04  fps   9346   714.0s
it 5991/7200  reward     nan  ep_len    nan  fell    0  err_xy 0.118  std 0.300  lr 1.0e-04  fps   9339   714.3s
it 5992/7200  reward     nan  ep_len    nan  fell    0  err_xy 0.093  std 0.300  lr 1.0e-04  fps   9616   714.5s
it 5993/7200  reward     nan  ep_len    nan  fell    0  err_xy 0.080  std 0.300  lr 1.0e-04  fps   9484   714.8s
it 5994/7200  reward     nan  ep_len    nan  fell    0  err_xy 0.067  std 0.300  lr 1.0e-04  fps   9407   715.0s
it 5995/7200  reward     nan  ep_len    nan  fell    0  err_xy 0.058  std 0.300  lr 1.0e-04  fps   9453   715.3s
it 5996/7200  reward     nan  ep_len    nan  fell    0  err_xy 0.050  std 0.300  lr 1.0e-04  fps   9405   715.5s
it 5997/7200  reward     nan  ep_len    nan  fell    0  err_xy 0.044  std 0.300  lr 1.0e-04  fps   9413   715.8s
it 5998/7200  reward     nan  ep_len    nan  fell    0  err_xy 0.030  std 0.300  lr 1.0e-04  fps   9362   716.0s
it 5999/7200  reward     nan  ep_len    nan  fell    0  err_xy 0.036  std 0.300  lr 1.0e-04  fps   9524   716.2s
it 6000/7200  reward   60.55  ep_len  400.0  fell    0  err_xy 0.027  std 0.300  lr 1.0e-04  fps   7315   716.6s
eval iteration 6000:
  prone          success   0.0%  time 8.00s  peak_τ 0.96 Nm  return 65.71
  supine         success   0.0%  time 8.00s  peak_τ 0.96 Nm  return 58.40
  score 0.000
it 6001/7200  reward     nan  ep_len    nan  fell    0  err_xy 0.279  std 0.300  lr 1.0e-04  fps   9717   718.7s
it 6002/7200  reward     nan  ep_len    nan  fell    0  err_xy 0.274  std 0.300  lr 1.0e-04  fps  10036   719.0s
it 6003/7200  reward     nan  ep_len    nan  fell    0  err_xy 0.261  std 0.300  lr 1.0e-04  fps   9897   719.2s
it 6004/7200  reward     nan  ep_len    nan  fell    0  err_xy 0.246  std 0.300  lr 1.0e-04  fps   9910   719.4s
it 6005/7200  reward     nan  ep_len    nan  fell    0  err_xy 0.219  std 0.300  lr 1.0e-04  fps   9669   719.7s
it 6006/7200  reward     nan  ep_len    nan  fell    0  err_xy 0.169  std 0.300  lr 1.0e-04  fps   9042   719.9s
it 6007/7200  reward     nan  ep_len    nan  fell    0  err_xy 0.121  std 0.300  lr 1.0e-04  fps   9402   720.2s
it 6008/7200  reward     nan  ep_len    nan  fell    0  err_xy 0.083  std 0.300  lr 1.0e-04  fps   9479   720.4s
it 6009/7200  reward     nan  ep_len    nan  fell    0  err_xy 0.064  std 0.300  lr 1.0e-04  fps   9421   720.6s
it 6010/7200  reward     nan  ep_len    nan  fell    0  err_xy 0.048  std 0.300  lr 1.0e-04  fps   9450   720.9s
it 6011/7200  reward     nan  ep_len    nan  fell    0  err_xy 0.038  std 0.300  lr 1.0e-04  fps   9302   721.1s
it 6012/7200  reward     nan  ep_len    nan  fell    0  err_xy 0.033  std 0.300  lr 1.0e-04  fps   9162   721.4s
it 6013/7200  reward     nan  ep_len    nan  fell    0  err_xy 0.030  std 0.300  lr 1.0e-04  fps   9225   721.6s
it 6014/7200  reward     nan  ep_len    nan  fell    0  err_xy 0.026  std 0.300  lr 1.0e-04  fps   9171   721.9s
it 6015/7200  reward     nan  ep_len    nan  fell    0  err_xy 0.020  std 0.300  lr 1.0e-04  fps   9302   722.1s
it 6016/7200  reward     nan  ep_len    nan  fell    0  err_xy 0.019  std 0.300  lr 1.0e-04  fps   9391   722.4s
it 6017/7200  reward   63.26  ep_len  400.0  fell    0  err_xy 0.082  std 0.300  lr 1.0e-04  fps   7271   722.7s
it 6018/7200  reward     nan  ep_len    nan  fell    0  err_xy 0.278  std 0.300  lr 1.0e-04  fps   8919   723.0s
it 6019/7200  reward     nan  ep_len    nan  fell    0  err_xy 0.261  std 0.300  lr 1.0e-04  fps   9612   723.2s
it 6020/7200  reward     nan  ep_len    nan  fell    0  err_xy 0.245  std 0.300  lr 1.0e-04  fps   9634   723.4s
it 6021/7200  reward     nan  ep_len    nan  fell    0  err_xy 0.240  std 0.300  lr 1.0e-04  fps   9749   723.7s
it 6022/7200  reward     nan  ep_len    nan  fell    0  err_xy 0.212  std 0.300  lr 1.0e-04  fps   9606   723.9s
it 6023/7200  reward     nan  ep_len    nan  fell    0  err_xy 0.164  std 0.300  lr 1.0e-04  fps   9574   724.2s
it 6024/7200  reward     nan  ep_len    nan  fell    0  err_xy 0.135  std 0.300  lr 1.0e-04  fps   9433   724.4s
it 6025/7200  reward     nan  ep_len    nan  fell    0  err_xy 0.108  std 0.300  lr 1.0e-04  fps   9472   724.6s
it 6026/7200  reward     nan  ep_len    nan  fell    0  err_xy 0.088  std 0.300  lr 1.0e-04  fps   9317   724.9s
it 6027/7200  reward     nan  ep_len    nan  fell    0  err_xy 0.048  std 0.300  lr 1.0e-04  fps   8667   725.2s
it 6028/7200  reward     nan  ep_len    nan  fell    0  err_xy 0.044  std 0.300  lr 1.0e-04  fps   8932   725.4s
it 6029/7200  reward     nan  ep_len    nan  fell    0  err_xy 0.034  std 0.300  lr 1.0e-04  fps   9249   725.7s
it 6030/7200  reward     nan  ep_len    nan  fell    0  err_xy 0.027  std 0.300  lr 1.0e-04  fps   9215   725.9s
it 6031/7200  reward     nan  ep_len    nan  fell    0  err_xy 0.019  std 0.300  lr 1.0e-04  fps   9393   726.2s
it 6032/7200  reward     nan  ep_len    nan  fell    0  err_xy 0.016  std 0.300  lr 1.0e-04  fps   9436   726.4s
it 6033/7200  reward     nan  ep_len    nan  fell    0  err_xy 0.018  std 0.300  lr 1.0e-04  fps   9319   726.7s
it 6034/7200  reward   60.46  ep_len  400.0  fell    0  err_xy 0.169  std 0.300  lr 1.0e-04  fps   7628   727.0s
it 6035/7200  reward     nan  ep_len    nan  fell    0  err_xy 0.258  std 0.300  lr 1.0e-04  fps   9924   727.2s
it 6036/7200  reward     nan  ep_len    nan  fell    0  err_xy 0.288  std 0.300  lr 1.0e-04  fps   9985   727.4s
it 6037/7200  reward     nan  ep_len    nan  fell    0  err_xy 0.244  std 0.300  lr 1.0e-04  fps   9997   727.7s
it 6038/7200  reward     nan  ep_len    nan  fell    0  err_xy 0.246  std 0.300  lr 1.0e-04  fps   9712   727.9s
it 6039/7200  reward     nan  ep_len    nan  fell    0  err_xy 0.207  std 0.300  lr 1.0e-04  fps   9580   728.1s
it 6040/7200  reward     nan  ep_len    nan  fell    0  err_xy 0.153  std 0.300  lr 1.0e-04  fps   9395   728.4s
it 6041/7200  reward     nan  ep_len    nan  fell    0  err_xy 0.109  std 0.300  lr 1.0e-04  fps   9439   728.6s
it 6042/7200  reward     nan  ep_len    nan  fell    0  err_xy 0.074  std 0.300  lr 1.0e-04  fps   9361   728.9s
it 6043/7200  reward     nan  ep_len    nan  fell    0  err_xy 0.068  std 0.300  lr 1.0e-04  fps   9439   729.1s
it 6044/7200  reward     nan  ep_len    nan  fell    0  err_xy 0.055  std 0.300  lr 1.0e-04  fps   9400   729.4s
it 6045/7200  reward     nan  ep_len    nan  fell    0  err_xy 0.052  std 0.300  lr 1.0e-04  fps   9491   729.6s
it 6046/7200  reward     nan  ep_len    nan  fell    0  err_xy 0.047  std 0.300  lr 1.0e-04  fps   9386   729.8s
it 6047/7200  reward     nan  ep_len    nan  fell    0  err_xy 0.038  std 0.300  lr 1.0e-04  fps   9386   730.1s
it 6048/7200  reward     nan  ep_len    nan  fell    0  err_xy 0.034  std 0.300  lr 1.0e-04  fps   9064   730.3s
it 6049/7200  reward     nan  ep_len    nan  fell    0  err_xy 0.026  std 0.300  lr 1.0e-04  fps   9246   730.6s
it 6050/7200  reward   60.65  ep_len  400.0  fell    0  err_xy 0.019  std 0.300  lr 1.0e-04  fps   7250   730.9s
it 6051/7200  reward     nan  ep_len    nan  fell    0  err_xy 0.268  std 0.300  lr 1.0e-04  fps   9845   731.1s
it 6052/7200  reward     nan  ep_len    nan  fell    0  err_xy 0.296  std 0.300  lr 1.0e-04  fps  10107   731.4s
it 6053/7200  reward     nan  ep_len    nan  fell    0  err_xy 0.297  std 0.300  lr 1.0e-04  fps   9979   731.6s
it 6054/7200  reward     nan  ep_len    nan  fell    0  err_xy 0.231  std 0.300  lr 1.0e-04  fps   9378   731.9s
it 6055/7200  reward     nan  ep_len    nan  fell    0  err_xy 0.237  std 0.300  lr 1.0e-04  fps   9170   732.1s
it 6056/7200  reward     nan  ep_len    nan  fell    0  err_xy 0.190  std 0.300  lr 1.0e-04  fps   9466   732.3s
it 6057/7200  reward     nan  ep_len    nan  fell    0  err_xy 0.120  std 0.300  lr 1.0e-04  fps   9318   732.6s
it 6058/7200  reward     nan  ep_len    nan  fell    0  err_xy 0.090  std 0.300  lr 1.0e-04  fps   9337   732.8s
it 6059/7200  reward     nan  ep_len    nan  fell    0  err_xy 0.072  std 0.300  lr 1.0e-04  fps   9498   733.1s
it 6060/7200  reward     nan  ep_len    nan  fell    0  err_xy 0.066  std 0.300  lr 1.0e-04  fps   9488   733.3s
it 6061/7200  reward     nan  ep_len    nan  fell    0  err_xy 0.050  std 0.300  lr 1.0e-04  fps   9505   733.6s
it 6062/7200  reward     nan  ep_len    nan  fell    0  err_xy 0.048  std 0.300  lr 1.0e-04  fps   9435   733.8s
it 6063/7200  reward     nan  ep_len    nan  fell    0  err_xy 0.038  std 0.300  lr 1.0e-04  fps   9377   734.1s
it 6064/7200  reward     nan  ep_len    nan  fell    0  err_xy 0.029  std 0.300  lr 1.0e-04  fps   9448   734.3s
it 6065/7200  reward     nan  ep_len    nan  fell    0  err_xy 0.022  std 0.300  lr 1.0e-04  fps   9404   734.6s
it 6066/7200  reward     nan  ep_len    nan  fell    0  err_xy 0.022  std 0.300  lr 1.0e-04  fps   9338   734.8s
it 6067/7200  reward   63.38  ep_len  400.0  fell    0  err_xy 0.088  std 0.300  lr 1.0e-04  fps   7448   735.1s
it 6068/7200  reward     nan  ep_len    nan  fell    0  err_xy 0.285  std 0.300  lr 1.0e-04  fps  10028   735.3s
it 6069/7200  reward     nan  ep_len    nan  fell    0  err_xy 0.296  std 0.300  lr 1.0e-04  fps  10123   735.6s
it 6070/7200  reward     nan  ep_len    nan  fell    0  err_xy 0.268  std 0.300  lr 1.0e-04  fps   9906   735.8s
it 6071/7200  reward     nan  ep_len    nan  fell    0  err_xy 0.241  std 0.300  lr 1.0e-04  fps   9038   736.1s
it 6072/7200  reward     nan  ep_len    nan  fell    0  err_xy 0.204  std 0.300  lr 1.0e-04  fps   9625   736.3s
it 6073/7200  reward     nan  ep_len    nan  fell    0  err_xy 0.157  std 0.300  lr 1.0e-04  fps   9471   736.5s
it 6074/7200  reward     nan  ep_len    nan  fell    0  err_xy 0.108  std 0.300  lr 1.0e-04  fps   9335   736.8s
it 6075/7200  reward     nan  ep_len    nan  fell    0  err_xy 0.090  std 0.300  lr 1.0e-04  fps   9350   737.0s
it 6076/7200  reward     nan  ep_len    nan  fell    0  err_xy 0.092  std 0.300  lr 1.0e-04  fps   9496   737.3s
it 6077/7200  reward     nan  ep_len    nan  fell    0  err_xy 0.076  std 0.300  lr 1.0e-04  fps   9521   737.5s
it 6078/7200  reward     nan  ep_len    nan  fell    0  err_xy 0.059  std 0.300  lr 1.0e-04  fps   9360   737.8s
it 6079/7200  reward     nan  ep_len    nan  fell    0  err_xy 0.059  std 0.300  lr 1.0e-04  fps   9334   738.0s
it 6080/7200  reward     nan  ep_len    nan  fell    0  err_xy 0.046  std 0.300  lr 1.0e-04  fps   9353   738.3s
it 6081/7200  reward     nan  ep_len    nan  fell    0  err_xy 0.033  std 0.300  lr 1.0e-04  fps   9404   738.5s
it 6082/7200  reward     nan  ep_len    nan  fell    0  err_xy 0.038  std 0.300  lr 1.0e-04  fps   9381   738.7s
it 6083/7200  reward     nan  ep_len    nan  fell    0  err_xy 0.037  std 0.300  lr 1.0e-04  fps   9366   739.0s
it 6084/7200  reward   59.92  ep_len  400.0  fell    0  err_xy 0.171  std 0.300  lr 1.0e-04  fps   7488   739.3s
it 6085/7200  reward     nan  ep_len    nan  fell    0  err_xy 0.261  std 0.300  lr 1.0e-04  fps   9867   739.5s
it 6086/7200  reward     nan  ep_len    nan  fell    0  err_xy 0.263  std 0.300  lr 1.0e-04  fps   9913   739.8s
it 6087/7200  reward     nan  ep_len    nan  fell    0  err_xy 0.236  std 0.300  lr 1.0e-04  fps   9903   740.0s
it 6088/7200  reward     nan  ep_len    nan  fell    0  err_xy 0.231  std 0.300  lr 1.0e-04  fps   9855   740.2s
it 6089/7200  reward     nan  ep_len    nan  fell    0  err_xy 0.190  std 0.300  lr 1.0e-04  fps   9626   740.5s
it 6090/7200  reward     nan  ep_len    nan  fell    0  err_xy 0.134  std 0.300  lr 1.0e-04  fps   9461   740.7s
it 6091/7200  reward     nan  ep_len    nan  fell    0  err_xy 0.115  std 0.300  lr 1.0e-04  fps   8852   741.0s
it 6092/7200  reward     nan  ep_len    nan  fell    0  err_xy 0.087  std 0.300  lr 1.0e-04  fps   9358   741.2s
it 6093/7200  reward     nan  ep_len    nan  fell    0  err_xy 0.062  std 0.300  lr 1.0e-04  fps   9451   741.5s
it 6094/7200  reward     nan  ep_len    nan  fell    0  err_xy 0.054  std 0.300  lr 1.0e-04  fps   9378   741.7s
it 6095/7200  reward     nan  ep_len    nan  fell    0  err_xy 0.045  std 0.300  lr 1.0e-04  fps   9379   742.0s
it 6096/7200  reward     nan  ep_len    nan  fell    0  err_xy 0.051  std 0.300  lr 1.0e-04  fps   9510   742.2s
it 6097/7200  reward     nan  ep_len    nan  fell    0  err_xy 0.047  std 0.300  lr 1.0e-04  fps   9512   742.4s
it 6098/7200  reward     nan  ep_len    nan  fell    0  err_xy 0.037  std 0.300  lr 1.0e-04  fps   9394   742.7s
it 6099/7200  reward     nan  ep_len    nan  fell    0  err_xy 0.029  std 0.300  lr 1.0e-04  fps   9326   742.9s
it 6100/7200  reward   58.84  ep_len  400.0  fell    0  err_xy 0.025  std 0.300  lr 1.0e-04  fps   7255   743.3s
it 6101/7200  reward     nan  ep_len    nan  fell    0  err_xy 0.273  std 0.300  lr 1.0e-04  fps   9948   743.5s
it 6102/7200  reward     nan  ep_len    nan  fell    0  err_xy 0.256  std 0.300  lr 1.0e-04  fps   9997   743.7s
it 6103/7200  reward     nan  ep_len    nan  fell    0  err_xy 0.270  std 0.300  lr 1.0e-04  fps  10040   744.0s
it 6104/7200  reward     nan  ep_len    nan  fell    0  err_xy 0.240  std 0.300  lr 1.0e-04  fps   9897   744.2s
it 6105/7200  reward     nan  ep_len    nan  fell    0  err_xy 0.224  std 0.300  lr 1.0e-04  fps   9638   744.4s
it 6106/7200  reward     nan  ep_len    nan  fell    0  err_xy 0.175  std 0.300  lr 1.0e-04  fps   8902   744.7s
it 6107/7200  reward     nan  ep_len    nan  fell    0  err_xy 0.137  std 0.300  lr 1.0e-04  fps   9281   744.9s
it 6108/7200  reward     nan  ep_len    nan  fell    0  err_xy 0.113  std 0.300  lr 1.0e-04  fps   8937   745.2s
it 6109/7200  reward     nan  ep_len    nan  fell    0  err_xy 0.076  std 0.300  lr 1.0e-04  fps   9225   745.4s
it 6110/7200  reward     nan  ep_len    nan  fell    0  err_xy 0.054  std 0.300  lr 1.0e-04  fps   9290   745.7s
it 6111/7200  reward     nan  ep_len    nan  fell    0  err_xy 0.032  std 0.300  lr 1.0e-04  fps   9248   745.9s
it 6112/7200  reward     nan  ep_len    nan  fell    0  err_xy 0.032  std 0.300  lr 1.0e-04  fps   9271   746.2s
it 6113/7200  reward     nan  ep_len    nan  fell    0  err_xy 0.021  std 0.300  lr 1.0e-04  fps   9054   746.4s
it 6114/7200  reward     nan  ep_len    nan  fell    0  err_xy 0.024  std 0.300  lr 1.0e-04  fps   8236   746.7s
it 6115/7200  reward     nan  ep_len    nan  fell    0  err_xy 0.022  std 0.300  lr 1.0e-04  fps   9262   747.0s
it 6116/7200  reward     nan  ep_len    nan  fell    0  err_xy 0.015  std 0.300  lr 1.0e-04  fps   9394   747.2s
it 6117/7200  reward   62.32  ep_len  400.0  fell    0  err_xy 0.082  std 0.300  lr 1.0e-04  fps   7422   747.5s
it 6118/7200  reward     nan  ep_len    nan  fell    0  err_xy 0.282  std 0.300  lr 1.0e-04  fps   9919   747.8s
it 6119/7200  reward     nan  ep_len    nan  fell    0  err_xy 0.280  std 0.300  lr 1.0e-04  fps   9894   748.0s
it 6120/7200  reward     nan  ep_len    nan  fell    0  err_xy 0.240  std 0.300  lr 1.0e-04  fps   9867   748.2s
it 6121/7200  reward     nan  ep_len    nan  fell    0  err_xy 0.217  std 0.300  lr 1.0e-04  fps   9801   748.5s
it 6122/7200  reward     nan  ep_len    nan  fell    0  err_xy 0.206  std 0.300  lr 1.0e-04  fps   9643   748.7s
it 6123/7200  reward     nan  ep_len    nan  fell    0  err_xy 0.164  std 0.300  lr 1.0e-04  fps   9494   748.9s
it 6124/7200  reward     nan  ep_len    nan  fell    0  err_xy 0.116  std 0.300  lr 1.0e-04  fps   9489   749.2s
it 6125/7200  reward     nan  ep_len    nan  fell    0  err_xy 0.098  std 0.300  lr 1.0e-04  fps   9447   749.4s
it 6126/7200  reward     nan  ep_len    nan  fell    0  err_xy 0.083  std 0.300  lr 1.0e-04  fps   8537   749.7s
it 6127/7200  reward     nan  ep_len    nan  fell    0  err_xy 0.068  std 0.300  lr 1.0e-04  fps   9443   749.9s
it 6128/7200  reward     nan  ep_len    nan  fell    0  err_xy 0.053  std 0.300  lr 1.0e-04  fps   9439   750.2s
it 6129/7200  reward     nan  ep_len    nan  fell    0  err_xy 0.045  std 0.300  lr 1.0e-04  fps   9465   750.4s
it 6130/7200  reward     nan  ep_len    nan  fell    0  err_xy 0.040  std 0.300  lr 1.0e-04  fps   9352   750.7s
it 6131/7200  reward     nan  ep_len    nan  fell    0  err_xy 0.033  std 0.300  lr 1.0e-04  fps   9365   750.9s
it 6132/7200  reward     nan  ep_len    nan  fell    0  err_xy 0.029  std 0.300  lr 1.0e-04  fps   9325   751.2s
it 6133/7200  reward     nan  ep_len    nan  fell    0  err_xy 0.025  std 0.300  lr 1.0e-04  fps   9362   751.4s
it 6134/7200  reward   60.84  ep_len  400.0  fell    0  err_xy 0.176  std 0.300  lr 1.0e-04  fps   7489   751.7s
it 6135/7200  reward     nan  ep_len    nan  fell    0  err_xy 0.268  std 0.300  lr 1.0e-04  fps   9734   752.0s
it 6136/7200  reward     nan  ep_len    nan  fell    0  err_xy 0.287  std 0.300  lr 1.0e-04  fps   9973   752.2s
it 6137/7200  reward     nan  ep_len    nan  fell    0  err_xy 0.222  std 0.300  lr 1.0e-04  fps   9925   752.4s
it 6138/7200  reward     nan  ep_len    nan  fell    0  err_xy 0.214  std 0.300  lr 1.0e-04  fps   9774   752.7s
it 6139/7200  reward     nan  ep_len    nan  fell    0  err_xy 0.178  std 0.300  lr 1.0e-04  fps   9693   752.9s
it 6140/7200  reward     nan  ep_len    nan  fell    0  err_xy 0.143  std 0.300  lr 1.0e-04  fps   9616   753.1s
it 6141/7200  reward     nan  ep_len    nan  fell    0  err_xy 0.118  std 0.300  lr 1.0e-04  fps   9448   753.4s
it 6142/7200  reward     nan  ep_len    nan  fell    0  err_xy 0.086  std 0.300  lr 1.0e-04  fps   9505   753.6s
it 6143/7200  reward     nan  ep_len    nan  fell    0  err_xy 0.064  std 0.300  lr 1.0e-04  fps   9396   753.9s
it 6144/7200  reward     nan  ep_len    nan  fell    0  err_xy 0.042  std 0.300  lr 1.0e-04  fps   9412   754.1s
it 6145/7200  reward     nan  ep_len    nan  fell    0  err_xy 0.037  std 0.300  lr 1.0e-04  fps   9577   754.4s
it 6146/7200  reward     nan  ep_len    nan  fell    0  err_xy 0.033  std 0.300  lr 1.0e-04  fps   9449   754.6s
it 6147/7200  reward     nan  ep_len    nan  fell    0  err_xy 0.035  std 0.300  lr 1.0e-04  fps   9418   754.9s
it 6148/7200  reward     nan  ep_len    nan  fell    0  err_xy 0.028  std 0.300  lr 1.0e-04  fps   9389   755.1s
it 6149/7200  reward     nan  ep_len    nan  fell    0  err_xy 0.025  std 0.300  lr 1.0e-04  fps   9407   755.3s
it 6150/7200  reward   60.05  ep_len  400.0  fell    0  err_xy 0.021  std 0.300  lr 1.0e-04  fps   7200   755.7s
it 6151/7200  reward     nan  ep_len    nan  fell    0  err_xy 0.259  std 0.300  lr 1.0e-04  fps   9568   755.9s
it 6152/7200  reward     nan  ep_len    nan  fell    0  err_xy 0.267  std 0.300  lr 1.0e-04  fps   9773   756.1s
it 6153/7200  reward     nan  ep_len    nan  fell    0  err_xy 0.265  std 0.300  lr 1.0e-04  fps   9417   756.4s
it 6154/7200  reward     nan  ep_len    nan  fell    0  err_xy 0.225  std 0.300  lr 1.0e-04  fps   9646   756.6s
it 6155/7200  reward     nan  ep_len    nan  fell    0  err_xy 0.223  std 0.300  lr 1.0e-04  fps   9691   756.9s
it 6156/7200  reward     nan  ep_len    nan  fell    0  err_xy 0.186  std 0.300  lr 1.0e-04  fps   9551   757.1s
it 6157/7200  reward     nan  ep_len    nan  fell    0  err_xy 0.136  std 0.300  lr 1.0e-04  fps   9492   757.3s
it 6158/7200  reward     nan  ep_len    nan  fell    0  err_xy 0.094  std 0.300  lr 1.0e-04  fps   9330   757.6s
it 6159/7200  reward     nan  ep_len    nan  fell    0  err_xy 0.070  std 0.300  lr 1.0e-04  fps   9276   757.8s
it 6160/7200  reward     nan  ep_len    nan  fell    0  err_xy 0.048  std 0.300  lr 1.0e-04  fps   8812   758.1s
it 6161/7200  reward     nan  ep_len    nan  fell    0  err_xy 0.041  std 0.300  lr 1.0e-04  fps   9464   758.3s
it 6162/7200  reward     nan  ep_len    nan  fell    0  err_xy 0.028  std 0.300  lr 1.0e-04  fps   9343   758.6s
it 6163/7200  reward     nan  ep_len    nan  fell    0  err_xy 0.026  std 0.300  lr 1.0e-04  fps   9390   758.8s
it 6164/7200  reward     nan  ep_len    nan  fell    0  err_xy 0.028  std 0.300  lr 1.0e-04  fps   9364   759.1s
it 6165/7200  reward     nan  ep_len    nan  fell    0  err_xy 0.025  std 0.300  lr 1.0e-04  fps   9395   759.3s
it 6166/7200  reward     nan  ep_len    nan  fell    0  err_xy 0.025  std 0.300  lr 1.0e-04  fps   9399   759.6s
it 6167/7200  reward   61.84  ep_len  400.0  fell    0  err_xy 0.087  std 0.300  lr 1.0e-04  fps   7514   759.9s
it 6168/7200  reward     nan  ep_len    nan  fell    0  err_xy 0.287  std 0.300  lr 1.0e-04  fps   9768   760.1s
it 6169/7200  reward     nan  ep_len    nan  fell    0  err_xy 0.266  std 0.300  lr 1.0e-04  fps   9929   760.4s
it 6170/7200  reward     nan  ep_len    nan  fell    0  err_xy 0.245  std 0.300  lr 1.0e-04  fps   9971   760.6s
it 6171/7200  reward     nan  ep_len    nan  fell    0  err_xy 0.224  std 0.300  lr 1.0e-04  fps   9713   760.8s
it 6172/7200  reward     nan  ep_len    nan  fell    0  err_xy 0.215  std 0.300  lr 1.0e-04  fps   9605   761.1s
it 6173/7200  reward     nan  ep_len    nan  fell    0  err_xy 0.152  std 0.300  lr 1.0e-04  fps   9527   761.3s
it 6174/7200  reward     nan  ep_len    nan  fell    0  err_xy 0.114  std 0.300  lr 1.0e-04  fps   9614   761.5s
it 6175/7200  reward     nan  ep_len    nan  fell    0  err_xy 0.072  std 0.300  lr 1.0e-04  fps   9379   761.8s
it 6176/7200  reward     nan  ep_len    nan  fell    0  err_xy 0.052  std 0.300  lr 1.0e-04  fps   9382   762.0s
it 6177/7200  reward     nan  ep_len    nan  fell    0  err_xy 0.039  std 0.300  lr 1.0e-04  fps   9369   762.3s
it 6178/7200  reward     nan  ep_len    nan  fell    0  err_xy 0.032  std 0.300  lr 1.0e-04  fps   9421   762.5s
it 6179/7200  reward     nan  ep_len    nan  fell    0  err_xy 0.030  std 0.300  lr 1.0e-04  fps   9313   762.8s
it 6180/7200  reward     nan  ep_len    nan  fell    0  err_xy 0.020  std 0.300  lr 1.0e-04  fps   9374   763.0s
it 6181/7200  reward     nan  ep_len    nan  fell    0  err_xy 0.020  std 0.300  lr 1.0e-04  fps   9502   763.3s
it 6182/7200  reward     nan  ep_len    nan  fell    0  err_xy 0.024  std 0.300  lr 1.0e-04  fps   9500   763.5s
it 6183/7200  reward     nan  ep_len    nan  fell    0  err_xy 0.025  std 0.300  lr 1.0e-04  fps   9411   763.8s
it 6184/7200  reward   61.89  ep_len  400.0  fell    0  err_xy 0.181  std 0.300  lr 1.0e-04  fps   7434   764.1s
it 6185/7200  reward     nan  ep_len    nan  fell    0  err_xy 0.293  std 0.300  lr 1.0e-04  fps  10027   764.3s
it 6186/7200  reward     nan  ep_len    nan  fell    0  err_xy 0.278  std 0.300  lr 1.0e-04  fps  10015   764.5s
it 6187/7200  reward     nan  ep_len    nan  fell    0  err_xy 0.225  std 0.300  lr 1.0e-04  fps   9860   764.8s
it 6188/7200  reward     nan  ep_len    nan  fell    0  err_xy 0.239  std 0.300  lr 1.0e-04  fps   9720   765.0s
it 6189/7200  reward     nan  ep_len    nan  fell    0  err_xy 0.189  std 0.300  lr 1.0e-04  fps   9558   765.2s
it 6190/7200  reward     nan  ep_len    nan  fell    0  err_xy 0.159  std 0.300  lr 1.0e-04  fps   9572   765.5s
it 6191/7200  reward     nan  ep_len    nan  fell    0  err_xy 0.119  std 0.300  lr 1.0e-04  fps   9565   765.7s
it 6192/7200  reward     nan  ep_len    nan  fell    0  err_xy 0.082  std 0.300  lr 1.0e-04  fps   9072   766.0s
it 6193/7200  reward     nan  ep_len    nan  fell    0  err_xy 0.069  std 0.300  lr 1.0e-04  fps   9344   766.2s
it 6194/7200  reward     nan  ep_len    nan  fell    0  err_xy 0.059  std 0.300  lr 1.0e-04  fps   9544   766.5s
it 6195/7200  reward     nan  ep_len    nan  fell    0  err_xy 0.046  std 0.300  lr 1.0e-04  fps   9387   766.7s
it 6196/7200  reward     nan  ep_len    nan  fell    0  err_xy 0.043  std 0.300  lr 1.0e-04  fps   9217   767.0s
it 6197/7200  reward     nan  ep_len    nan  fell    0  err_xy 0.044  std 0.300  lr 1.0e-04  fps   9273   767.2s
it 6198/7200  reward     nan  ep_len    nan  fell    0  err_xy 0.037  std 0.300  lr 1.0e-04  fps   9355   767.5s
it 6199/7200  reward     nan  ep_len    nan  fell    0  err_xy 0.034  std 0.300  lr 1.0e-04  fps   9417   767.7s
it 6200/7200  reward   54.82  ep_len  400.0  fell    0  err_xy 0.038  std 0.300  lr 1.0e-04  fps   7329   768.0s
eval iteration 6200:
  prone          success   0.0%  time 8.00s  peak_τ 0.96 Nm  return 72.96
  supine         success   0.0%  time 8.00s  peak_τ 0.94 Nm  return 59.50
  score 0.000
it 6201/7200  reward     nan  ep_len    nan  fell    0  err_xy 0.267  std 0.300  lr 1.0e-04  fps   9583   770.2s
it 6202/7200  reward     nan  ep_len    nan  fell    0  err_xy 0.289  std 0.300  lr 1.0e-04  fps   9918   770.4s
it 6203/7200  reward     nan  ep_len    nan  fell    0  err_xy 0.254  std 0.300  lr 1.0e-04  fps   9794   770.6s
it 6204/7200  reward     nan  ep_len    nan  fell    0  err_xy 0.226  std 0.300  lr 1.0e-04  fps   9798   770.9s
it 6205/7200  reward     nan  ep_len    nan  fell    0  err_xy 0.218  std 0.300  lr 1.0e-04  fps   8940   771.1s
it 6206/7200  reward     nan  ep_len    nan  fell    0  err_xy 0.193  std 0.300  lr 1.0e-04  fps   8536   771.4s
it 6207/7200  reward     nan  ep_len    nan  fell    0  err_xy 0.182  std 0.300  lr 1.0e-04  fps   9580   771.6s
it 6208/7200  reward     nan  ep_len    nan  fell    0  err_xy 0.159  std 0.300  lr 1.0e-04  fps   9299   771.9s
it 6209/7200  reward     nan  ep_len    nan  fell    0  err_xy 0.149  std 0.300  lr 1.0e-04  fps   9397   772.1s
it 6210/7200  reward     nan  ep_len    nan  fell    0  err_xy 0.114  std 0.300  lr 1.0e-04  fps   9511   772.4s
it 6211/7200  reward     nan  ep_len    nan  fell    0  err_xy 0.093  std 0.300  lr 1.0e-04  fps   9472   772.6s
it 6212/7200  reward     nan  ep_len    nan  fell    0  err_xy 0.090  std 0.300  lr 1.0e-04  fps   9505   772.9s
it 6213/7200  reward     nan  ep_len    nan  fell    0  err_xy 0.081  std 0.300  lr 1.0e-04  fps   9409   773.1s
it 6214/7200  reward     nan  ep_len    nan  fell    0  err_xy 0.060  std 0.300  lr 1.0e-04  fps   9188   773.4s
it 6215/7200  reward     nan  ep_len    nan  fell    0  err_xy 0.068  std 0.300  lr 1.0e-04  fps   8979   773.6s
it 6216/7200  reward     nan  ep_len    nan  fell    0  err_xy 0.049  std 0.300  lr 1.0e-04  fps   9099   773.9s
it 6217/7200  reward   55.25  ep_len  400.0  fell    0  err_xy 0.109  std 0.300  lr 1.0e-04  fps   7363   774.2s
it 6218/7200  reward     nan  ep_len    nan  fell    0  err_xy 0.280  std 0.300  lr 1.0e-04  fps   9938   774.4s
it 6219/7200  reward     nan  ep_len    nan  fell    0  err_xy 0.285  std 0.300  lr 1.0e-04  fps   9914   774.7s
it 6220/7200  reward     nan  ep_len    nan  fell    0  err_xy 0.242  std 0.300  lr 1.0e-04  fps   9786   774.9s
it 6221/7200  reward     nan  ep_len    nan  fell    0  err_xy 0.245  std 0.300  lr 1.0e-04  fps   9820   775.1s
it 6222/7200  reward     nan  ep_len    nan  fell    0  err_xy 0.209  std 0.300  lr 1.0e-04  fps   9570   775.4s
it 6223/7200  reward     nan  ep_len    nan  fell    0  err_xy 0.145  std 0.300  lr 1.0e-04  fps   9362   775.6s
it 6224/7200  reward     nan  ep_len    nan  fell    0  err_xy 0.122  std 0.300  lr 1.0e-04  fps   9146   775.9s
it 6225/7200  reward     nan  ep_len    nan  fell    0  err_xy 0.099  std 0.300  lr 1.0e-04  fps   9159   776.1s
it 6226/7200  reward     nan  ep_len    nan  fell    0  err_xy 0.087  std 0.300  lr 1.0e-04  fps   9491   776.4s
it 6227/7200  reward     nan  ep_len    nan  fell    0  err_xy 0.071  std 0.300  lr 1.0e-04  fps   9106   776.6s
it 6228/7200  reward     nan  ep_len    nan  fell    0  err_xy 0.081  std 0.300  lr 1.0e-04  fps   9378   776.9s
it 6229/7200  reward     nan  ep_len    nan  fell    0  err_xy 0.049  std 0.300  lr 1.0e-04  fps   9560   777.1s
it 6230/7200  reward     nan  ep_len    nan  fell    0  err_xy 0.038  std 0.300  lr 1.0e-04  fps   9521   777.3s
it 6231/7200  reward     nan  ep_len    nan  fell    0  err_xy 0.033  std 0.300  lr 1.0e-04  fps   9486   777.6s
it 6232/7200  reward     nan  ep_len    nan  fell    0  err_xy 0.039  std 0.300  lr 1.0e-04  fps   9501   777.8s
it 6233/7200  reward     nan  ep_len    nan  fell    0  err_xy 0.034  std 0.300  lr 1.0e-04  fps   9503   778.1s
it 6234/7200  reward   57.38  ep_len  400.0  fell    0  err_xy 0.203  std 0.300  lr 1.0e-04  fps   7492   778.4s
it 6235/7200  reward     nan  ep_len    nan  fell    0  err_xy 0.288  std 0.300  lr 1.0e-04  fps   9915   778.6s
it 6236/7200  reward     nan  ep_len    nan  fell    0  err_xy 0.296  std 0.300  lr 1.0e-04  fps   9873   778.8s
it 6237/7200  reward     nan  ep_len    nan  fell    0  err_xy 0.234  std 0.300  lr 1.0e-04  fps   9853   779.1s
it 6238/7200  reward     nan  ep_len    nan  fell    0  err_xy 0.258  std 0.300  lr 1.0e-04  fps   9849   779.3s
it 6239/7200  reward     nan  ep_len    nan  fell    0  err_xy 0.210  std 0.300  lr 1.0e-04  fps   9678   779.6s
it 6240/7200  reward     nan  ep_len    nan  fell    0  err_xy 0.164  std 0.300  lr 1.0e-04  fps   9512   779.8s
it 6241/7200  reward     nan  ep_len    nan  fell    0  err_xy 0.119  std 0.300  lr 1.0e-04  fps   9619   780.0s
it 6242/7200  reward     nan  ep_len    nan  fell    0  err_xy 0.093  std 0.300  lr 1.0e-04  fps   8820   780.3s
it 6243/7200  reward     nan  ep_len    nan  fell    0  err_xy 0.082  std 0.300  lr 1.0e-04  fps   9533   780.5s
it 6244/7200  reward     nan  ep_len    nan  fell    0  err_xy 0.072  std 0.300  lr 1.0e-04  fps   9452   780.8s
it 6245/7200  reward     nan  ep_len    nan  fell    0  err_xy 0.059  std 0.300  lr 1.0e-04  fps   9418   781.0s
it 6246/7200  reward     nan  ep_len    nan  fell    0  err_xy 0.046  std 0.300  lr 1.0e-04  fps   9435   781.3s
it 6247/7200  reward     nan  ep_len    nan  fell    0  err_xy 0.050  std 0.300  lr 1.0e-04  fps   9532   781.5s
it 6248/7200  reward     nan  ep_len    nan  fell    0  err_xy 0.059  std 0.300  lr 1.0e-04  fps   9442   781.8s
it 6249/7200  reward     nan  ep_len    nan  fell    0  err_xy 0.055  std 0.300  lr 1.0e-04  fps   9391   782.0s
it 6250/7200  reward   57.74  ep_len  400.0  fell    0  err_xy 0.047  std 0.300  lr 1.0e-04  fps   7387   782.3s
it 6251/7200  reward     nan  ep_len    nan  fell    0  err_xy 0.278  std 0.300  lr 1.0e-04  fps   9898   782.5s
it 6252/7200  reward     nan  ep_len    nan  fell    0  err_xy 0.289  std 0.300  lr 1.0e-04  fps  10043   782.8s
it 6253/7200  reward     nan  ep_len    nan  fell    0  err_xy 0.254  std 0.300  lr 1.0e-04  fps   9942   783.0s
it 6254/7200  reward     nan  ep_len    nan  fell    0  err_xy 0.229  std 0.300  lr 1.0e-04  fps   9816   783.2s
it 6255/7200  reward     nan  ep_len    nan  fell    0  err_xy 0.235  std 0.300  lr 1.0e-04  fps   9638   783.5s
it 6256/7200  reward     nan  ep_len    nan  fell    0  err_xy 0.161  std 0.300  lr 1.0e-04  fps   9561   783.7s
it 6257/7200  reward     nan  ep_len    nan  fell    0  err_xy 0.109  std 0.300  lr 1.0e-04  fps   9450   784.0s
it 6258/7200  reward     nan  ep_len    nan  fell    0  err_xy 0.097  std 0.300  lr 1.0e-04  fps   9501   784.2s
it 6259/7200  reward     nan  ep_len    nan  fell    0  err_xy 0.080  std 0.300  lr 1.0e-04  fps   9621   784.5s
it 6260/7200  reward     nan  ep_len    nan  fell    0  err_xy 0.062  std 0.300  lr 1.0e-04  fps   9438   784.7s
it 6261/7200  reward     nan  ep_len    nan  fell    0  err_xy 0.047  std 0.300  lr 1.0e-04  fps   9436   784.9s
it 6262/7200  reward     nan  ep_len    nan  fell    0  err_xy 0.046  std 0.300  lr 1.0e-04  fps   9407   785.2s
it 6263/7200  reward     nan  ep_len    nan  fell    0  err_xy 0.047  std 0.300  lr 1.0e-04  fps   9470   785.4s
it 6264/7200  reward     nan  ep_len    nan  fell    0  err_xy 0.046  std 0.300  lr 1.0e-04  fps   9330   785.7s
it 6265/7200  reward     nan  ep_len    nan  fell    0  err_xy 0.048  std 0.300  lr 1.0e-04  fps   9412   785.9s
it 6266/7200  reward     nan  ep_len    nan  fell    0  err_xy 0.036  std 0.300  lr 1.0e-04  fps   9388   786.2s
it 6267/7200  reward   60.41  ep_len  400.0  fell    0  err_xy 0.105  std 0.300  lr 1.0e-04  fps   7446   786.5s
it 6268/7200  reward     nan  ep_len    nan  fell    0  err_xy 0.297  std 0.300  lr 1.0e-04  fps   9823   786.7s
it 6269/7200  reward     nan  ep_len    nan  fell    0  err_xy 0.314  std 0.300  lr 1.0e-04  fps   9976   786.9s
it 6270/7200  reward     nan  ep_len    nan  fell    0  err_xy 0.250  std 0.300  lr 1.0e-04  fps   9832   787.2s
it 6271/7200  reward     nan  ep_len    nan  fell    0  err_xy 0.252  std 0.300  lr 1.0e-04  fps   9809   787.4s
it 6272/7200  reward     nan  ep_len    nan  fell    0  err_xy 0.207  std 0.300  lr 1.0e-04  fps   9623   787.7s
it 6273/7200  reward     nan  ep_len    nan  fell    0  err_xy 0.155  std 0.300  lr 1.0e-04  fps   9480   787.9s
it 6274/7200  reward     nan  ep_len    nan  fell    0  err_xy 0.107  std 0.300  lr 1.0e-04  fps   9484   788.1s
it 6275/7200  reward     nan  ep_len    nan  fell    0  err_xy 0.067  std 0.300  lr 1.0e-04  fps   9428   788.4s
it 6276/7200  reward     nan  ep_len    nan  fell    0  err_xy 0.043  std 0.300  lr 1.0e-04  fps   9471   788.6s
it 6277/7200  reward     nan  ep_len    nan  fell    0  err_xy 0.043  std 0.300  lr 1.0e-04  fps   9379   788.9s
it 6278/7200  reward     nan  ep_len    nan  fell    0  err_xy 0.037  std 0.300  lr 1.0e-04  fps   9387   789.1s
it 6279/7200  reward     nan  ep_len    nan  fell    0  err_xy 0.024  std 0.300  lr 1.0e-04  fps   9412   789.4s
it 6280/7200  reward     nan  ep_len    nan  fell    0  err_xy 0.018  std 0.300  lr 1.0e-04  fps   9429   789.6s
it 6281/7200  reward     nan  ep_len    nan  fell    0  err_xy 0.016  std 0.300  lr 1.0e-04  fps   9327   789.9s
it 6282/7200  reward     nan  ep_len    nan  fell    0  err_xy 0.013  std 0.300  lr 1.0e-04  fps   9301   790.1s
it 6283/7200  reward     nan  ep_len    nan  fell    0  err_xy 0.016  std 0.300  lr 1.0e-04  fps   9388   790.4s
it 6284/7200  reward   63.75  ep_len  400.0  fell    0  err_xy 0.186  std 0.300  lr 1.0e-04  fps   7472   790.7s
it 6285/7200  reward     nan  ep_len    nan  fell    0  err_xy 0.263  std 0.300  lr 1.0e-04  fps   9925   790.9s
it 6286/7200  reward     nan  ep_len    nan  fell    0  err_xy 0.265  std 0.300  lr 1.0e-04  fps   9935   791.1s
it 6287/7200  reward     nan  ep_len    nan  fell    0  err_xy 0.228  std 0.300  lr 1.0e-04  fps   9908   791.4s
it 6288/7200  reward     nan  ep_len    nan  fell    0  err_xy 0.237  std 0.300  lr 1.0e-04  fps   9740   791.6s
it 6289/7200  reward     nan  ep_len    nan  fell    0  err_xy 0.186  std 0.300  lr 1.0e-04  fps   9553   791.8s
it 6290/7200  reward     nan  ep_len    nan  fell    0  err_xy 0.131  std 0.300  lr 1.0e-04  fps   9554   792.1s
it 6291/7200  reward     nan  ep_len    nan  fell    0  err_xy 0.121  std 0.300  lr 1.0e-04  fps   9469   792.3s
it 6292/7200  reward     nan  ep_len    nan  fell    0  err_xy 0.091  std 0.300  lr 1.0e-04  fps   9446   792.6s
it 6293/7200  reward     nan  ep_len    nan  fell    0  err_xy 0.081  std 0.300  lr 1.0e-04  fps   9490   792.8s
it 6294/7200  reward     nan  ep_len    nan  fell    0  err_xy 0.063  std 0.300  lr 1.0e-04  fps   9292   793.1s
it 6295/7200  reward     nan  ep_len    nan  fell    0  err_xy 0.061  std 0.300  lr 1.0e-04  fps   9536   793.3s
it 6296/7200  reward     nan  ep_len    nan  fell    0  err_xy 0.056  std 0.300  lr 1.0e-04  fps   9565   793.5s
it 6297/7200  reward     nan  ep_len    nan  fell    0  err_xy 0.051  std 0.300  lr 1.0e-04  fps   9429   793.8s
it 6298/7200  reward     nan  ep_len    nan  fell    0  err_xy 0.037  std 0.300  lr 1.0e-04  fps   9216   794.0s
it 6299/7200  reward     nan  ep_len    nan  fell    0  err_xy 0.037  std 0.300  lr 1.0e-04  fps   9353   794.3s
it 6300/7200  reward   57.65  ep_len  400.0  fell    0  err_xy 0.032  std 0.300  lr 1.0e-04  fps   7409   794.6s
it 6301/7200  reward     nan  ep_len    nan  fell    0  err_xy 0.275  std 0.300  lr 1.0e-04  fps   9776   794.8s
it 6302/7200  reward     nan  ep_len    nan  fell    0  err_xy 0.280  std 0.300  lr 1.0e-04  fps   9942   795.1s
it 6303/7200  reward     nan  ep_len    nan  fell    0  err_xy 0.274  std 0.300  lr 1.0e-04  fps   9827   795.3s
it 6304/7200  reward     nan  ep_len    nan  fell    0  err_xy 0.246  std 0.300  lr 1.0e-04  fps   9884   795.5s
it 6305/7200  reward     nan  ep_len    nan  fell    0  err_xy 0.252  std 0.300  lr 1.0e-04  fps   9665   795.8s
it 6306/7200  reward     nan  ep_len    nan  fell    0  err_xy 0.180  std 0.300  lr 1.0e-04  fps   8602   796.0s
it 6307/7200  reward     nan  ep_len    nan  fell    0  err_xy 0.154  std 0.300  lr 1.0e-04  fps   9523   796.3s
it 6308/7200  reward     nan  ep_len    nan  fell    0  err_xy 0.138  std 0.300  lr 1.0e-04  fps   9576   796.5s
it 6309/7200  reward     nan  ep_len    nan  fell    0  err_xy 0.107  std 0.300  lr 1.0e-04  fps   9307   796.8s
it 6310/7200  reward     nan  ep_len    nan  fell    0  err_xy 0.095  std 0.300  lr 1.0e-04  fps   9440   797.0s
it 6311/7200  reward     nan  ep_len    nan  fell    0  err_xy 0.078  std 0.300  lr 1.0e-04  fps   9490   797.3s
it 6312/7200  reward     nan  ep_len    nan  fell    0  err_xy 0.063  std 0.300  lr 1.0e-04  fps   9499   797.5s
it 6313/7200  reward     nan  ep_len    nan  fell    0  err_xy 0.064  std 0.300  lr 1.0e-04  fps   9425   797.7s
it 6314/7200  reward     nan  ep_len    nan  fell    0  err_xy 0.058  std 0.300  lr 1.0e-04  fps   9449   798.0s
it 6315/7200  reward     nan  ep_len    nan  fell    0  err_xy 0.058  std 0.300  lr 1.0e-04  fps   9452   798.2s
it 6316/7200  reward     nan  ep_len    nan  fell    0  err_xy 0.048  std 0.300  lr 1.0e-04  fps   9522   798.5s
it 6317/7200  reward   58.52  ep_len  400.0  fell    0  err_xy 0.106  std 0.300  lr 1.0e-04  fps   7468   798.8s
it 6318/7200  reward     nan  ep_len    nan  fell    0  err_xy 0.296  std 0.300  lr 1.0e-04  fps   9905   799.0s
it 6319/7200  reward     nan  ep_len    nan  fell    0  err_xy 0.276  std 0.300  lr 1.0e-04  fps   9944   799.2s
it 6320/7200  reward     nan  ep_len    nan  fell    0  err_xy 0.228  std 0.300  lr 1.0e-04  fps   9987   799.5s
it 6321/7200  reward     nan  ep_len    nan  fell    0  err_xy 0.228  std 0.300  lr 1.0e-04  fps   9740   799.7s
it 6322/7200  reward     nan  ep_len    nan  fell    0  err_xy 0.202  std 0.300  lr 1.0e-04  fps   9600   800.0s
it 6323/7200  reward     nan  ep_len    nan  fell    0  err_xy 0.130  std 0.300  lr 1.0e-04  fps   9579   800.2s
it 6324/7200  reward     nan  ep_len    nan  fell    0  err_xy 0.113  std 0.300  lr 1.0e-04  fps   9514   800.4s
it 6325/7200  reward     nan  ep_len    nan  fell    0  err_xy 0.109  std 0.300  lr 1.0e-04  fps   9464   800.7s
it 6326/7200  reward     nan  ep_len    nan  fell    0  err_xy 0.081  std 0.300  lr 1.0e-04  fps   9462   800.9s
it 6327/7200  reward     nan  ep_len    nan  fell    0  err_xy 0.075  std 0.300  lr 1.0e-04  fps   9449   801.2s
it 6328/7200  reward     nan  ep_len    nan  fell    0  err_xy 0.065  std 0.300  lr 1.0e-04  fps   9567   801.4s
it 6329/7200  reward     nan  ep_len    nan  fell    0  err_xy 0.063  std 0.300  lr 1.0e-04  fps   9481   801.7s
it 6330/7200  reward     nan  ep_len    nan  fell    0  err_xy 0.064  std 0.300  lr 1.0e-04  fps   9405   801.9s
it 6331/7200  reward     nan  ep_len    nan  fell    0  err_xy 0.064  std 0.300  lr 1.0e-04  fps   9456   802.1s
it 6332/7200  reward     nan  ep_len    nan  fell    0  err_xy 0.060  std 0.300  lr 1.0e-04  fps   9407   802.4s
it 6333/7200  reward     nan  ep_len    nan  fell    0  err_xy 0.055  std 0.300  lr 1.0e-04  fps   9500   802.6s
it 6334/7200  reward   57.77  ep_len  400.0  fell    0  err_xy 0.204  std 0.300  lr 1.0e-04  fps   7401   802.9s
it 6335/7200  reward     nan  ep_len    nan  fell    0  err_xy 0.270  std 0.300  lr 1.0e-04  fps   9796   803.2s
it 6336/7200  reward     nan  ep_len    nan  fell    0  err_xy 0.256  std 0.300  lr 1.0e-04  fps   9918   803.4s
it 6337/7200  reward     nan  ep_len    nan  fell    0  err_xy 0.243  std 0.300  lr 1.0e-04  fps   9625   803.7s
it 6338/7200  reward     nan  ep_len    nan  fell    0  err_xy 0.236  std 0.300  lr 1.0e-04  fps   9568   803.9s
it 6339/7200  reward     nan  ep_len    nan  fell    0  err_xy 0.188  std 0.300  lr 1.0e-04  fps   9654   804.1s
it 6340/7200  reward     nan  ep_len    nan  fell    0  err_xy 0.175  std 0.300  lr 1.0e-04  fps   9560   804.4s
it 6341/7200  reward     nan  ep_len    nan  fell    0  err_xy 0.148  std 0.300  lr 1.0e-04  fps   9639   804.6s
it 6342/7200  reward     nan  ep_len    nan  fell    0  err_xy 0.135  std 0.300  lr 1.0e-04  fps   9510   804.9s
it 6343/7200  reward     nan  ep_len    nan  fell    0  err_xy 0.143  std 0.300  lr 1.0e-04  fps   9560   805.1s
it 6344/7200  reward     nan  ep_len    nan  fell    0  err_xy 0.117  std 0.300  lr 1.0e-04  fps   9479   805.3s
it 6345/7200  reward     nan  ep_len    nan  fell    0  err_xy 0.092  std 0.300  lr 1.0e-04  fps   9545   805.6s
it 6346/7200  reward     nan  ep_len    nan  fell    0  err_xy 0.091  std 0.300  lr 1.0e-04  fps   9364   805.8s
it 6347/7200  reward     nan  ep_len    nan  fell    0  err_xy 0.065  std 0.300  lr 1.0e-04  fps   9504   806.1s
it 6348/7200  reward     nan  ep_len    nan  fell    0  err_xy 0.051  std 0.300  lr 1.0e-04  fps   9484   806.3s
it 6349/7200  reward     nan  ep_len    nan  fell    0  err_xy 0.052  std 0.300  lr 1.0e-04  fps   9472   806.6s
it 6350/7200  reward   53.95  ep_len  400.0  fell    0  err_xy 0.043  std 0.300  lr 1.0e-04  fps   7395   806.9s
it 6351/7200  reward     nan  ep_len    nan  fell    0  err_xy 0.287  std 0.300  lr 1.0e-04  fps   9375   807.1s
it 6352/7200  reward     nan  ep_len    nan  fell    0  err_xy 0.266  std 0.300  lr 1.0e-04  fps  10026   807.3s
it 6353/7200  reward     nan  ep_len    nan  fell    0  err_xy 0.243  std 0.300  lr 1.0e-04  fps   9942   807.6s
it 6354/7200  reward     nan  ep_len    nan  fell    0  err_xy 0.237  std 0.300  lr 1.0e-04  fps   9856   807.8s
it 6355/7200  reward     nan  ep_len    nan  fell    0  err_xy 0.210  std 0.300  lr 1.0e-04  fps   9667   808.1s
it 6356/7200  reward     nan  ep_len    nan  fell    0  err_xy 0.148  std 0.300  lr 1.0e-04  fps   9533   808.3s
it 6357/7200  reward     nan  ep_len    nan  fell    0  err_xy 0.120  std 0.300  lr 1.0e-04  fps   9530   808.5s
it 6358/7200  reward     nan  ep_len    nan  fell    0  err_xy 0.095  std 0.300  lr 1.0e-04  fps   9370   808.8s
it 6359/7200  reward     nan  ep_len    nan  fell    0  err_xy 0.082  std 0.300  lr 1.0e-04  fps   9496   809.0s
it 6360/7200  reward     nan  ep_len    nan  fell    0  err_xy 0.082  std 0.300  lr 1.0e-04  fps   9562   809.3s
it 6361/7200  reward     nan  ep_len    nan  fell    0  err_xy 0.074  std 0.300  lr 1.0e-04  fps   9502   809.5s
it 6362/7200  reward     nan  ep_len    nan  fell    0  err_xy 0.064  std 0.300  lr 1.0e-04  fps   9385   809.8s
it 6363/7200  reward     nan  ep_len    nan  fell    0  err_xy 0.059  std 0.300  lr 1.0e-04  fps   9437   810.0s
it 6364/7200  reward     nan  ep_len    nan  fell    0  err_xy 0.050  std 0.300  lr 1.0e-04  fps   9302   810.2s
it 6365/7200  reward     nan  ep_len    nan  fell    0  err_xy 0.042  std 0.300  lr 1.0e-04  fps   9384   810.5s
it 6366/7200  reward     nan  ep_len    nan  fell    0  err_xy 0.033  std 0.300  lr 1.0e-04  fps   9340   810.7s
it 6367/7200  reward   60.15  ep_len  400.0  fell    0  err_xy 0.106  std 0.300  lr 1.0e-04  fps   7324   811.1s
it 6368/7200  reward     nan  ep_len    nan  fell    0  err_xy 0.299  std 0.300  lr 1.0e-04  fps   9890   811.3s
it 6369/7200  reward     nan  ep_len    nan  fell    0  err_xy 0.282  std 0.300  lr 1.0e-04  fps  10036   811.5s
it 6370/7200  reward     nan  ep_len    nan  fell    0  err_xy 0.245  std 0.300  lr 1.0e-04  fps   9891   811.7s
it 6371/7200  reward     nan  ep_len    nan  fell    0  err_xy 0.246  std 0.300  lr 1.0e-04  fps   9739   812.0s
it 6372/7200  reward     nan  ep_len    nan  fell    0  err_xy 0.202  std 0.300  lr 1.0e-04  fps   9498   812.2s
it 6373/7200  reward     nan  ep_len    nan  fell    0  err_xy 0.149  std 0.300  lr 1.0e-04  fps   9550   812.5s
it 6374/7200  reward     nan  ep_len    nan  fell    0  err_xy 0.131  std 0.300  lr 1.0e-04  fps   9439   812.7s
it 6375/7200  reward     nan  ep_len    nan  fell    0  err_xy 0.124  std 0.300  lr 1.0e-04  fps   9396   813.0s
it 6376/7200  reward     nan  ep_len    nan  fell    0  err_xy 0.095  std 0.300  lr 1.0e-04  fps   9472   813.2s
it 6377/7200  reward     nan  ep_len    nan  fell    0  err_xy 0.083  std 0.300  lr 1.0e-04  fps   9547   813.4s
it 6378/7200  reward     nan  ep_len    nan  fell    0  err_xy 0.073  std 0.300  lr 1.0e-04  fps   9480   813.7s
it 6379/7200  reward     nan  ep_len    nan  fell    0  err_xy 0.063  std 0.300  lr 1.0e-04  fps   9293   813.9s
it 6380/7200  reward     nan  ep_len    nan  fell    0  err_xy 0.054  std 0.300  lr 1.0e-04  fps   9253   814.2s
it 6381/7200  reward     nan  ep_len    nan  fell    0  err_xy 0.042  std 0.300  lr 1.0e-04  fps   9422   814.4s
it 6382/7200  reward     nan  ep_len    nan  fell    0  err_xy 0.041  std 0.300  lr 1.0e-04  fps   9388   814.7s
it 6383/7200  reward     nan  ep_len    nan  fell    0  err_xy 0.041  std 0.300  lr 1.0e-04  fps   9348   814.9s
it 6384/7200  reward   59.56  ep_len  400.0  fell    0  err_xy 0.190  std 0.300  lr 1.0e-04  fps   7534   815.2s
it 6385/7200  reward     nan  ep_len    nan  fell    0  err_xy 0.252  std 0.300  lr 1.0e-04  fps   9929   815.5s
it 6386/7200  reward     nan  ep_len    nan  fell    0  err_xy 0.273  std 0.300  lr 1.0e-04  fps   9912   815.7s
it 6387/7200  reward     nan  ep_len    nan  fell    0  err_xy 0.229  std 0.300  lr 1.0e-04  fps   9635   815.9s
it 6388/7200  reward     nan  ep_len    nan  fell    0  err_xy 0.243  std 0.300  lr 1.0e-04  fps   9668   816.2s
it 6389/7200  reward     nan  ep_len    nan  fell    0  err_xy 0.174  std 0.300  lr 1.0e-04  fps   9508   816.4s
it 6390/7200  reward     nan  ep_len    nan  fell    0  err_xy 0.121  std 0.300  lr 1.0e-04  fps   9139   816.7s
it 6391/7200  reward     nan  ep_len    nan  fell    0  err_xy 0.086  std 0.300  lr 1.0e-04  fps   9392   816.9s
it 6392/7200  reward     nan  ep_len    nan  fell    0  err_xy 0.078  std 0.300  lr 1.0e-04  fps   9398   817.2s
it 6393/7200  reward     nan  ep_len    nan  fell    0  err_xy 0.053  std 0.300  lr 1.0e-04  fps   9378   817.4s
it 6394/7200  reward     nan  ep_len    nan  fell    0  err_xy 0.036  std 0.300  lr 1.0e-04  fps   8529   817.7s
it 6395/7200  reward     nan  ep_len    nan  fell    0  err_xy 0.029  std 0.300  lr 1.0e-04  fps   9298   817.9s
it 6396/7200  reward     nan  ep_len    nan  fell    0  err_xy 0.026  std 0.300  lr 1.0e-04  fps   9351   818.2s
it 6397/7200  reward     nan  ep_len    nan  fell    0  err_xy 0.025  std 0.300  lr 1.0e-04  fps   9431   818.4s
it 6398/7200  reward     nan  ep_len    nan  fell    0  err_xy 0.025  std 0.300  lr 1.0e-04  fps   9361   818.7s
it 6399/7200  reward     nan  ep_len    nan  fell    0  err_xy 0.026  std 0.300  lr 1.0e-04  fps   9411   818.9s
it 6400/7200  reward   63.48  ep_len  400.0  fell    0  err_xy 0.027  std 0.300  lr 1.0e-04  fps   7463   819.2s
eval iteration 6400:
  prone          success   0.0%  time 8.00s  peak_τ 0.96 Nm  return 67.74
  supine         success   0.0%  time 8.00s  peak_τ 0.96 Nm  return 71.46
  score 0.000
it 6401/7200  reward     nan  ep_len    nan  fell    0  err_xy 0.284  std 0.300  lr 1.0e-04  fps   9813   821.4s
it 6402/7200  reward     nan  ep_len    nan  fell    0  err_xy 0.260  std 0.300  lr 1.0e-04  fps   9943   821.6s
it 6403/7200  reward     nan  ep_len    nan  fell    0  err_xy 0.267  std 0.300  lr 1.0e-04  fps   9755   821.9s
it 6404/7200  reward     nan  ep_len    nan  fell    0  err_xy 0.247  std 0.300  lr 1.0e-04  fps   8839   822.1s
it 6405/7200  reward     nan  ep_len    nan  fell    0  err_xy 0.226  std 0.300  lr 1.0e-04  fps   9193   822.4s
it 6406/7200  reward     nan  ep_len    nan  fell    0  err_xy 0.158  std 0.300  lr 1.0e-04  fps   9185   822.6s
it 6407/7200  reward     nan  ep_len    nan  fell    0  err_xy 0.127  std 0.300  lr 1.0e-04  fps   9466   822.9s
it 6408/7200  reward     nan  ep_len    nan  fell    0  err_xy 0.106  std 0.300  lr 1.0e-04  fps   9171   823.1s
it 6409/7200  reward     nan  ep_len    nan  fell    0  err_xy 0.089  std 0.300  lr 1.0e-04  fps   9478   823.4s
it 6410/7200  reward     nan  ep_len    nan  fell    0  err_xy 0.083  std 0.300  lr 1.0e-04  fps   9415   823.6s
it 6411/7200  reward     nan  ep_len    nan  fell    0  err_xy 0.076  std 0.300  lr 1.0e-04  fps   9424   823.8s
it 6412/7200  reward     nan  ep_len    nan  fell    0  err_xy 0.068  std 0.300  lr 1.0e-04  fps   9418   824.1s
it 6413/7200  reward     nan  ep_len    nan  fell    0  err_xy 0.050  std 0.300  lr 1.0e-04  fps   9453   824.3s
it 6414/7200  reward     nan  ep_len    nan  fell    0  err_xy 0.044  std 0.300  lr 1.0e-04  fps   9474   824.6s
it 6415/7200  reward     nan  ep_len    nan  fell    0  err_xy 0.041  std 0.300  lr 1.0e-04  fps   9404   824.8s
it 6416/7200  reward     nan  ep_len    nan  fell    0  err_xy 0.028  std 0.300  lr 1.0e-04  fps   9219   825.1s
it 6417/7200  reward   59.74  ep_len  400.0  fell    0  err_xy 0.102  std 0.300  lr 1.0e-04  fps   7216   825.4s
it 6418/7200  reward     nan  ep_len    nan  fell    0  err_xy 0.278  std 0.300  lr 1.0e-04  fps   9731   825.6s
it 6419/7200  reward     nan  ep_len    nan  fell    0  err_xy 0.241  std 0.300  lr 1.0e-04  fps   9135   825.9s
it 6420/7200  reward     nan  ep_len    nan  fell    0  err_xy 0.239  std 0.300  lr 1.0e-04  fps   9544   826.1s
it 6421/7200  reward     nan  ep_len    nan  fell    0  err_xy 0.251  std 0.300  lr 1.0e-04  fps   9825   826.4s
it 6422/7200  reward     nan  ep_len    nan  fell    0  err_xy 0.205  std 0.300  lr 1.0e-04  fps   9696   826.6s
it 6423/7200  reward     nan  ep_len    nan  fell    0  err_xy 0.167  std 0.300  lr 1.0e-04  fps   9515   826.8s
it 6424/7200  reward     nan  ep_len    nan  fell    0  err_xy 0.137  std 0.300  lr 1.0e-04  fps   9472   827.1s
it 6425/7200  reward     nan  ep_len    nan  fell    0  err_xy 0.104  std 0.300  lr 1.0e-04  fps   9516   827.3s
it 6426/7200  reward     nan  ep_len    nan  fell    0  err_xy 0.083  std 0.300  lr 1.0e-04  fps   9435   827.6s
it 6427/7200  reward     nan  ep_len    nan  fell    0  err_xy 0.064  std 0.300  lr 1.0e-04  fps   9141   827.8s
it 6428/7200  reward     nan  ep_len    nan  fell    0  err_xy 0.046  std 0.300  lr 1.0e-04  fps   9396   828.1s
it 6429/7200  reward     nan  ep_len    nan  fell    0  err_xy 0.032  std 0.300  lr 1.0e-04  fps   9345   828.3s
it 6430/7200  reward     nan  ep_len    nan  fell    0  err_xy 0.033  std 0.300  lr 1.0e-04  fps   9269   828.6s
it 6431/7200  reward     nan  ep_len    nan  fell    0  err_xy 0.028  std 0.300  lr 1.0e-04  fps   9355   828.8s
it 6432/7200  reward     nan  ep_len    nan  fell    0  err_xy 0.026  std 0.300  lr 1.0e-04  fps   9255   829.1s
it 6433/7200  reward     nan  ep_len    nan  fell    0  err_xy 0.019  std 0.300  lr 1.0e-04  fps   9345   829.3s
it 6434/7200  reward   61.98  ep_len  400.0  fell    0  err_xy 0.197  std 0.300  lr 1.0e-04  fps   7449   829.6s
it 6435/7200  reward     nan  ep_len    nan  fell    0  err_xy 0.262  std 0.300  lr 1.0e-04  fps   9656   829.9s
it 6436/7200  reward     nan  ep_len    nan  fell    0  err_xy 0.273  std 0.300  lr 1.0e-04  fps   9574   830.1s
it 6437/7200  reward     nan  ep_len    nan  fell    0  err_xy 0.237  std 0.300  lr 1.0e-04  fps   9738   830.3s
it 6438/7200  reward     nan  ep_len    nan  fell    0  err_xy 0.237  std 0.300  lr 1.0e-04  fps   9747   830.6s
it 6439/7200  reward     nan  ep_len    nan  fell    0  err_xy 0.186  std 0.300  lr 1.0e-04  fps   9490   830.8s
it 6440/7200  reward     nan  ep_len    nan  fell    0  err_xy 0.136  std 0.300  lr 1.0e-04  fps   9382   831.1s
it 6441/7200  reward     nan  ep_len    nan  fell    0  err_xy 0.112  std 0.300  lr 1.0e-04  fps   8635   831.3s
it 6442/7200  reward     nan  ep_len    nan  fell    0  err_xy 0.097  std 0.300  lr 1.0e-04  fps   9493   831.6s
it 6443/7200  reward     nan  ep_len    nan  fell    0  err_xy 0.070  std 0.300  lr 1.0e-04  fps   9384   831.8s
it 6444/7200  reward     nan  ep_len    nan  fell    0  err_xy 0.050  std 0.300  lr 1.0e-04  fps   9359   832.1s
it 6445/7200  reward     nan  ep_len    nan  fell    0  err_xy 0.041  std 0.300  lr 1.0e-04  fps   9465   832.3s
it 6446/7200  reward     nan  ep_len    nan  fell    0  err_xy 0.031  std 0.300  lr 1.0e-04  fps   9498   832.5s
it 6447/7200  reward     nan  ep_len    nan  fell    0  err_xy 0.034  std 0.300  lr 1.0e-04  fps   9358   832.8s
it 6448/7200  reward     nan  ep_len    nan  fell    0  err_xy 0.032  std 0.300  lr 1.0e-04  fps   8980   833.0s
it 6449/7200  reward     nan  ep_len    nan  fell    0  err_xy 0.027  std 0.300  lr 1.0e-04  fps   9378   833.3s
it 6450/7200  reward   60.48  ep_len  400.0  fell    0  err_xy 0.028  std 0.300  lr 1.0e-04  fps   7433   833.6s
it 6451/7200  reward     nan  ep_len    nan  fell    0  err_xy 0.263  std 0.300  lr 1.0e-04  fps   9757   833.8s
it 6452/7200  reward     nan  ep_len    nan  fell    0  err_xy 0.213  std 0.300  lr 1.0e-04  fps   9879   834.1s
it 6453/7200  reward     nan  ep_len    nan  fell    0  err_xy 0.266  std 0.300  lr 1.0e-04  fps   9961   834.3s
it 6454/7200  reward     nan  ep_len    nan  fell    0  err_xy 0.245  std 0.300  lr 1.0e-04  fps   9642   834.5s
it 6455/7200  reward     nan  ep_len    nan  fell    0  err_xy 0.239  std 0.300  lr 1.0e-04  fps   9408   834.8s
it 6456/7200  reward     nan  ep_len    nan  fell    0  err_xy 0.167  std 0.300  lr 1.0e-04  fps   9392   835.0s
it 6457/7200  reward     nan  ep_len    nan  fell    0  err_xy 0.130  std 0.300  lr 1.0e-04  fps   9337   835.3s
it 6458/7200  reward     nan  ep_len    nan  fell    0  err_xy 0.106  std 0.300  lr 1.0e-04  fps   9253   835.5s
it 6459/7200  reward     nan  ep_len    nan  fell    0  err_xy 0.083  std 0.300  lr 1.0e-04  fps   9423   835.8s
it 6460/7200  reward     nan  ep_len    nan  fell    0  err_xy 0.072  std 0.300  lr 1.0e-04  fps   9398   836.0s
it 6461/7200  reward     nan  ep_len    nan  fell    0  err_xy 0.065  std 0.300  lr 1.0e-04  fps   9410   836.3s
it 6462/7200  reward     nan  ep_len    nan  fell    0  err_xy 0.047  std 0.300  lr 1.0e-04  fps   9443   836.5s
it 6463/7200  reward     nan  ep_len    nan  fell    0  err_xy 0.039  std 0.300  lr 1.0e-04  fps   9305   836.8s
it 6464/7200  reward     nan  ep_len    nan  fell    0  err_xy 0.038  std 0.300  lr 1.0e-04  fps   9358   837.0s
it 6465/7200  reward     nan  ep_len    nan  fell    0  err_xy 0.028  std 0.300  lr 1.0e-04  fps   9299   837.3s
it 6466/7200  reward     nan  ep_len    nan  fell    0  err_xy 0.021  std 0.300  lr 1.0e-04  fps   9276   837.5s
it 6467/7200  reward   62.95  ep_len  400.0  fell    0  err_xy 0.092  std 0.300  lr 1.0e-04  fps   7434   837.8s
it 6468/7200  reward     nan  ep_len    nan  fell    0  err_xy 0.264  std 0.300  lr 1.0e-04  fps   9901   838.0s
it 6469/7200  reward     nan  ep_len    nan  fell    0  err_xy 0.269  std 0.300  lr 1.0e-04  fps  10050   838.3s
it 6470/7200  reward     nan  ep_len    nan  fell    0  err_xy 0.256  std 0.300  lr 1.0e-04  fps   9953   838.5s
it 6471/7200  reward     nan  ep_len    nan  fell    0  err_xy 0.257  std 0.300  lr 1.0e-04  fps   9791   838.7s
it 6472/7200  reward     nan  ep_len    nan  fell    0  err_xy 0.215  std 0.300  lr 1.0e-04  fps   9501   839.0s
it 6473/7200  reward     nan  ep_len    nan  fell    0  err_xy 0.140  std 0.300  lr 1.0e-04  fps   9523   839.2s
it 6474/7200  reward     nan  ep_len    nan  fell    0  err_xy 0.123  std 0.300  lr 1.0e-04  fps   9376   839.5s
it 6475/7200  reward     nan  ep_len    nan  fell    0  err_xy 0.095  std 0.300  lr 1.0e-04  fps   9413   839.7s
it 6476/7200  reward     nan  ep_len    nan  fell    0  err_xy 0.081  std 0.300  lr 1.0e-04  fps   9450   840.0s
it 6477/7200  reward     nan  ep_len    nan  fell    0  err_xy 0.068  std 0.300  lr 1.0e-04  fps   9397   840.2s
it 6478/7200  reward     nan  ep_len    nan  fell    0  err_xy 0.046  std 0.300  lr 1.0e-04  fps   9409   840.5s
it 6479/7200  reward     nan  ep_len    nan  fell    0  err_xy 0.041  std 0.300  lr 1.0e-04  fps   9351   840.7s
it 6480/7200  reward     nan  ep_len    nan  fell    0  err_xy 0.030  std 0.300  lr 1.0e-04  fps   9312   840.9s
it 6481/7200  reward     nan  ep_len    nan  fell    0  err_xy 0.027  std 0.300  lr 1.0e-04  fps   9395   841.2s
it 6482/7200  reward     nan  ep_len    nan  fell    0  err_xy 0.027  std 0.300  lr 1.0e-04  fps   9439   841.4s
it 6483/7200  reward     nan  ep_len    nan  fell    0  err_xy 0.026  std 0.300  lr 1.0e-04  fps   9306   841.7s
it 6484/7200  reward   60.76  ep_len  400.0  fell    0  err_xy 0.191  std 0.300  lr 1.0e-04  fps   7419   842.0s
it 6485/7200  reward     nan  ep_len    nan  fell    0  err_xy 0.263  std 0.300  lr 1.0e-04  fps   9971   842.2s
it 6486/7200  reward     nan  ep_len    nan  fell    0  err_xy 0.275  std 0.300  lr 1.0e-04  fps  10027   842.5s
it 6487/7200  reward     nan  ep_len    nan  fell    0  err_xy 0.239  std 0.300  lr 1.0e-04  fps   9826   842.7s
it 6488/7200  reward     nan  ep_len    nan  fell    0  err_xy 0.232  std 0.300  lr 1.0e-04  fps   9752   842.9s
it 6489/7200  reward     nan  ep_len    nan  fell    0  err_xy 0.196  std 0.300  lr 1.0e-04  fps   9593   843.2s
it 6490/7200  reward     nan  ep_len    nan  fell    0  err_xy 0.144  std 0.300  lr 1.0e-04  fps   9595   843.4s
it 6491/7200  reward     nan  ep_len    nan  fell    0  err_xy 0.125  std 0.300  lr 1.0e-04  fps   9494   843.7s
it 6492/7200  reward     nan  ep_len    nan  fell    0  err_xy 0.119  std 0.300  lr 1.0e-04  fps   9499   843.9s
it 6493/7200  reward     nan  ep_len    nan  fell    0  err_xy 0.095  std 0.300  lr 1.0e-04  fps   9472   844.1s
it 6494/7200  reward     nan  ep_len    nan  fell    0  err_xy 0.078  std 0.300  lr 1.0e-04  fps   9488   844.4s
it 6495/7200  reward     nan  ep_len    nan  fell    0  err_xy 0.055  std 0.300  lr 1.0e-04  fps   9468   844.6s
it 6496/7200  reward     nan  ep_len    nan  fell    0  err_xy 0.050  std 0.300  lr 1.0e-04  fps   9519   844.9s
it 6497/7200  reward     nan  ep_len    nan  fell    0  err_xy 0.047  std 0.300  lr 1.0e-04  fps   9494   845.1s
it 6498/7200  reward     nan  ep_len    nan  fell    0  err_xy 0.039  std 0.300  lr 1.0e-04  fps   9471   845.4s
it 6499/7200  reward     nan  ep_len    nan  fell    0  err_xy 0.027  std 0.300  lr 1.0e-04  fps   9445   845.6s
it 6500/7200  reward   58.05  ep_len  400.0  fell    0  err_xy 0.024  std 0.300  lr 1.0e-04  fps   7359   845.9s
it 6501/7200  reward     nan  ep_len    nan  fell    0  err_xy 0.291  std 0.300  lr 1.0e-04  fps   9858   846.1s
it 6502/7200  reward     nan  ep_len    nan  fell    0  err_xy 0.262  std 0.300  lr 1.0e-04  fps  10050   846.4s
it 6503/7200  reward     nan  ep_len    nan  fell    0  err_xy 0.253  std 0.300  lr 1.0e-04  fps   9903   846.6s
it 6504/7200  reward     nan  ep_len    nan  fell    0  err_xy 0.256  std 0.300  lr 1.0e-04  fps   9840   846.8s
it 6505/7200  reward     nan  ep_len    nan  fell    0  err_xy 0.249  std 0.300  lr 1.0e-04  fps   9671   847.1s
it 6506/7200  reward     nan  ep_len    nan  fell    0  err_xy 0.170  std 0.300  lr 1.0e-04  fps   9500   847.3s
it 6507/7200  reward     nan  ep_len    nan  fell    0  err_xy 0.129  std 0.300  lr 1.0e-04  fps   9557   847.6s
it 6508/7200  reward     nan  ep_len    nan  fell    0  err_xy 0.096  std 0.300  lr 1.0e-04  fps   9411   847.8s
it 6509/7200  reward     nan  ep_len    nan  fell    0  err_xy 0.074  std 0.300  lr 1.0e-04  fps   9415   848.1s
it 6510/7200  reward     nan  ep_len    nan  fell    0  err_xy 0.063  std 0.300  lr 1.0e-04  fps   9456   848.3s
it 6511/7200  reward     nan  ep_len    nan  fell    0  err_xy 0.048  std 0.300  lr 1.0e-04  fps   9535   848.5s
it 6512/7200  reward     nan  ep_len    nan  fell    0  err_xy 0.040  std 0.300  lr 1.0e-04  fps   9464   848.8s
it 6513/7200  reward     nan  ep_len    nan  fell    0  err_xy 0.035  std 0.300  lr 1.0e-04  fps   9393   849.0s
it 6514/7200  reward     nan  ep_len    nan  fell    0  err_xy 0.039  std 0.300  lr 1.0e-04  fps   9414   849.3s
it 6515/7200  reward     nan  ep_len    nan  fell    0  err_xy 0.031  std 0.300  lr 1.0e-04  fps   9482   849.5s
it 6516/7200  reward     nan  ep_len    nan  fell    0  err_xy 0.027  std 0.300  lr 1.0e-04  fps   9369   849.8s
it 6517/7200  reward   61.64  ep_len  400.0  fell    0  err_xy 0.095  std 0.300  lr 1.0e-04  fps   7004   850.1s
it 6518/7200  reward     nan  ep_len    nan  fell    0  err_xy 0.283  std 0.300  lr 1.0e-04  fps   9791   850.3s
it 6519/7200  reward     nan  ep_len    nan  fell    0  err_xy 0.245  std 0.300  lr 1.0e-04  fps   9900   850.6s
it 6520/7200  reward     nan  ep_len    nan  fell    0  err_xy 0.232  std 0.300  lr 1.0e-04  fps   9761   850.8s
it 6521/7200  reward     nan  ep_len    nan  fell    0  err_xy 0.245  std 0.300  lr 1.0e-04  fps   9709   851.0s
it 6522/7200  reward     nan  ep_len    nan  fell    0  err_xy 0.207  std 0.300  lr 1.0e-04  fps   9534   851.3s
it 6523/7200  reward     nan  ep_len    nan  fell    0  err_xy 0.144  std 0.300  lr 1.0e-04  fps   9570   851.5s
it 6524/7200  reward     nan  ep_len    nan  fell    0  err_xy 0.120  std 0.300  lr 1.0e-04  fps   9060   851.8s
it 6525/7200  reward     nan  ep_len    nan  fell    0  err_xy 0.109  std 0.300  lr 1.0e-04  fps   8768   852.0s
it 6526/7200  reward     nan  ep_len    nan  fell    0  err_xy 0.097  std 0.300  lr 1.0e-04  fps   9153   852.3s
it 6527/7200  reward     nan  ep_len    nan  fell    0  err_xy 0.075  std 0.300  lr 1.0e-04  fps   9474   852.5s
it 6528/7200  reward     nan  ep_len    nan  fell    0  err_xy 0.051  std 0.300  lr 1.0e-04  fps   9427   852.8s
it 6529/7200  reward     nan  ep_len    nan  fell    0  err_xy 0.043  std 0.300  lr 1.0e-04  fps   9400   853.0s
it 6530/7200  reward     nan  ep_len    nan  fell    0  err_xy 0.037  std 0.300  lr 1.0e-04  fps   9408   853.3s
it 6531/7200  reward     nan  ep_len    nan  fell    0  err_xy 0.040  std 0.300  lr 1.0e-04  fps   9400   853.5s
it 6532/7200  reward     nan  ep_len    nan  fell    0  err_xy 0.042  std 0.300  lr 1.0e-04  fps   9451   853.8s
it 6533/7200  reward     nan  ep_len    nan  fell    0  err_xy 0.038  std 0.300  lr 1.0e-04  fps   9298   854.0s
it 6534/7200  reward   57.49  ep_len  400.0  fell    0  err_xy 0.198  std 0.300  lr 1.0e-04  fps   7255   854.3s
it 6535/7200  reward     nan  ep_len    nan  fell    0  err_xy 0.263  std 0.300  lr 1.0e-04  fps   9786   854.6s
it 6536/7200  reward     nan  ep_len    nan  fell    0  err_xy 0.239  std 0.300  lr 1.0e-04  fps   9963   854.8s
it 6537/7200  reward     nan  ep_len    nan  fell    0  err_xy 0.238  std 0.300  lr 1.0e-04  fps   9317   855.0s
it 6538/7200  reward     nan  ep_len    nan  fell    0  err_xy 0.268  std 0.300  lr 1.0e-04  fps   9820   855.3s
it 6539/7200  reward     nan  ep_len    nan  fell    0  err_xy 0.207  std 0.300  lr 1.0e-04  fps   9583   855.5s
it 6540/7200  reward     nan  ep_len    nan  fell    0  err_xy 0.166  std 0.300  lr 1.0e-04  fps   9251   855.8s
it 6541/7200  reward     nan  ep_len    nan  fell    0  err_xy 0.137  std 0.300  lr 1.0e-04  fps   9309   856.0s
it 6542/7200  reward     nan  ep_len    nan  fell    0  err_xy 0.108  std 0.300  lr 1.0e-04  fps   9518   856.3s
it 6543/7200  reward     nan  ep_len    nan  fell    0  err_xy 0.074  std 0.300  lr 1.0e-04  fps   9443   856.5s
it 6544/7200  reward     nan  ep_len    nan  fell    0  err_xy 0.053  std 0.300  lr 1.0e-04  fps   9348   856.7s
it 6545/7200  reward     nan  ep_len    nan  fell    0  err_xy 0.044  std 0.300  lr 1.0e-04  fps   9404   857.0s
it 6546/7200  reward     nan  ep_len    nan  fell    0  err_xy 0.037  std 0.300  lr 1.0e-04  fps   9443   857.2s
it 6547/7200  reward     nan  ep_len    nan  fell    0  err_xy 0.031  std 0.300  lr 1.0e-04  fps   9482   857.5s
it 6548/7200  reward     nan  ep_len    nan  fell    0  err_xy 0.025  std 0.300  lr 1.0e-04  fps   9423   857.7s
it 6549/7200  reward     nan  ep_len    nan  fell    0  err_xy 0.021  std 0.300  lr 1.0e-04  fps   9429   858.0s
it 6550/7200  reward   60.34  ep_len  400.0  fell    0  err_xy 0.020  std 0.300  lr 1.0e-04  fps   7045   858.3s
it 6551/7200  reward     nan  ep_len    nan  fell    0  err_xy 0.270  std 0.300  lr 1.0e-04  fps   9291   858.5s
it 6552/7200  reward     nan  ep_len    nan  fell    0  err_xy 0.246  std 0.300  lr 1.0e-04  fps   9952   858.8s
it 6553/7200  reward     nan  ep_len    nan  fell    0  err_xy 0.237  std 0.300  lr 1.0e-04  fps   9959   859.0s
it 6554/7200  reward     nan  ep_len    nan  fell    0  err_xy 0.250  std 0.300  lr 1.0e-04  fps   9965   859.2s
it 6555/7200  reward     nan  ep_len    nan  fell    0  err_xy 0.249  std 0.300  lr 1.0e-04  fps   9854   859.5s
it 6556/7200  reward     nan  ep_len    nan  fell    0  err_xy 0.194  std 0.300  lr 1.0e-04  fps   9473   859.7s
it 6557/7200  reward     nan  ep_len    nan  fell    0  err_xy 0.137  std 0.300  lr 1.0e-04  fps   9328   860.0s
it 6558/7200  reward     nan  ep_len    nan  fell    0  err_xy 0.094  std 0.300  lr 1.0e-04  fps   9356   860.2s
it 6559/7200  reward     nan  ep_len    nan  fell    0  err_xy 0.072  std 0.300  lr 1.0e-04  fps   9315   860.5s
it 6560/7200  reward     nan  ep_len    nan  fell    0  err_xy 0.057  std 0.300  lr 1.0e-04  fps   9367   860.7s
it 6561/7200  reward     nan  ep_len    nan  fell    0  err_xy 0.042  std 0.300  lr 1.0e-04  fps   9196   861.0s
it 6562/7200  reward     nan  ep_len    nan  fell    0  err_xy 0.031  std 0.300  lr 1.0e-04  fps   9360   861.2s
it 6563/7200  reward     nan  ep_len    nan  fell    0  err_xy 0.031  std 0.300  lr 1.0e-04  fps   9373   861.5s
it 6564/7200  reward     nan  ep_len    nan  fell    0  err_xy 0.027  std 0.300  lr 1.0e-04  fps   9278   861.7s
it 6565/7200  reward     nan  ep_len    nan  fell    0  err_xy 0.023  std 0.300  lr 1.0e-04  fps   9297   861.9s
it 6566/7200  reward     nan  ep_len    nan  fell    0  err_xy 0.021  std 0.300  lr 1.0e-04  fps   9353   862.2s
it 6567/7200  reward   62.29  ep_len  400.0  fell    0  err_xy 0.111  std 0.300  lr 1.0e-04  fps   7425   862.5s
it 6568/7200  reward     nan  ep_len    nan  fell    0  err_xy 0.313  std 0.300  lr 1.0e-04  fps   9838   862.7s
it 6569/7200  reward     nan  ep_len    nan  fell    0  err_xy 0.274  std 0.300  lr 1.0e-04  fps   9996   863.0s
it 6570/7200  reward     nan  ep_len    nan  fell    0  err_xy 0.244  std 0.300  lr 1.0e-04  fps   9953   863.2s
it 6571/7200  reward     nan  ep_len    nan  fell    0  err_xy 0.252  std 0.300  lr 1.0e-04  fps   9855   863.4s
it 6572/7200  reward     nan  ep_len    nan  fell    0  err_xy 0.231  std 0.300  lr 1.0e-04  fps   9678   863.7s
it 6573/7200  reward     nan  ep_len    nan  fell    0  err_xy 0.160  std 0.300  lr 1.0e-04  fps   9484   863.9s
it 6574/7200  reward     nan  ep_len    nan  fell    0  err_xy 0.104  std 0.300  lr 1.0e-04  fps   9496   864.2s
it 6575/7200  reward     nan  ep_len    nan  fell    0  err_xy 0.088  std 0.300  lr 1.0e-04  fps   9490   864.4s
it 6576/7200  reward     nan  ep_len    nan  fell    0  err_xy 0.066  std 0.300  lr 1.0e-04  fps   9368   864.6s
it 6577/7200  reward     nan  ep_len    nan  fell    0  err_xy 0.048  std 0.300  lr 1.0e-04  fps   9387   864.9s
it 6578/7200  reward     nan  ep_len    nan  fell    0  err_xy 0.041  std 0.300  lr 1.0e-04  fps   9439   865.1s
it 6579/7200  reward     nan  ep_len    nan  fell    0  err_xy 0.030  std 0.300  lr 1.0e-04  fps   9394   865.4s
it 6580/7200  reward     nan  ep_len    nan  fell    0  err_xy 0.027  std 0.300  lr 1.0e-04  fps   9376   865.6s
it 6581/7200  reward     nan  ep_len    nan  fell    0  err_xy 0.023  std 0.300  lr 1.0e-04  fps   9193   865.9s
it 6582/7200  reward     nan  ep_len    nan  fell    0  err_xy 0.022  std 0.300  lr 1.0e-04  fps   9399   866.1s
it 6583/7200  reward     nan  ep_len    nan  fell    0  err_xy 0.021  std 0.300  lr 1.0e-04  fps   9451   866.4s
it 6584/7200  reward   64.03  ep_len  400.0  fell    0  err_xy 0.199  std 0.300  lr 1.0e-04  fps   7530   866.7s
it 6585/7200  reward     nan  ep_len    nan  fell    0  err_xy 0.254  std 0.300  lr 1.0e-04  fps   9871   866.9s
it 6586/7200  reward     nan  ep_len    nan  fell    0  err_xy 0.241  std 0.300  lr 1.0e-04  fps   9887   867.1s
it 6587/7200  reward     nan  ep_len    nan  fell    0  err_xy 0.238  std 0.300  lr 1.0e-04  fps   9887   867.4s
it 6588/7200  reward     nan  ep_len    nan  fell    0  err_xy 0.231  std 0.300  lr 1.0e-04  fps   9831   867.6s
it 6589/7200  reward     nan  ep_len    nan  fell    0  err_xy 0.171  std 0.300  lr 1.0e-04  fps   9497   867.9s
it 6590/7200  reward     nan  ep_len    nan  fell    0  err_xy 0.128  std 0.300  lr 1.0e-04  fps   9458   868.1s
it 6591/7200  reward     nan  ep_len    nan  fell    0  err_xy 0.083  std 0.300  lr 1.0e-04  fps   9495   868.3s
it 6592/7200  reward     nan  ep_len    nan  fell    0  err_xy 0.070  std 0.300  lr 1.0e-04  fps   9331   868.6s
it 6593/7200  reward     nan  ep_len    nan  fell    0  err_xy 0.050  std 0.300  lr 1.0e-04  fps   9431   868.8s
it 6594/7200  reward     nan  ep_len    nan  fell    0  err_xy 0.041  std 0.300  lr 1.0e-04  fps   9413   869.1s
it 6595/7200  reward     nan  ep_len    nan  fell    0  err_xy 0.040  std 0.300  lr 1.0e-04  fps   9443   869.3s
it 6596/7200  reward     nan  ep_len    nan  fell    0  err_xy 0.033  std 0.300  lr 1.0e-04  fps   9409   869.6s
it 6597/7200  reward     nan  ep_len    nan  fell    0  err_xy 0.028  std 0.300  lr 1.0e-04  fps   9359   869.8s
it 6598/7200  reward     nan  ep_len    nan  fell    0  err_xy 0.025  std 0.300  lr 1.0e-04  fps   9294   870.1s
it 6599/7200  reward     nan  ep_len    nan  fell    0  err_xy 0.022  std 0.300  lr 1.0e-04  fps   9353   870.3s
it 6600/7200  reward   64.77  ep_len  400.0  fell    0  err_xy 0.016  std 0.300  lr 1.0e-04  fps   7346   870.6s
eval iteration 6600:
  prone          success   0.0%  time 8.00s  peak_τ 0.96 Nm  return 61.41
  supine         success   0.0%  time 8.00s  peak_τ 0.94 Nm  return 77.39
  score 0.000
it 6601/7200  reward     nan  ep_len    nan  fell    0  err_xy 0.289  std 0.300  lr 1.0e-04  fps   9609   872.8s
it 6602/7200  reward     nan  ep_len    nan  fell    0  err_xy 0.262  std 0.300  lr 1.0e-04  fps   9887   873.1s
it 6603/7200  reward     nan  ep_len    nan  fell    0  err_xy 0.281  std 0.300  lr 1.0e-04  fps   9839   873.3s
it 6604/7200  reward     nan  ep_len    nan  fell    0  err_xy 0.257  std 0.300  lr 1.0e-04  fps   9913   873.5s
it 6605/7200  reward     nan  ep_len    nan  fell    0  err_xy 0.247  std 0.300  lr 1.0e-04  fps   9662   873.8s
it 6606/7200  reward     nan  ep_len    nan  fell    0  err_xy 0.218  std 0.300  lr 1.0e-04  fps   8966   874.0s
it 6607/7200  reward     nan  ep_len    nan  fell    0  err_xy 0.173  std 0.300  lr 1.0e-04  fps   9429   874.3s
it 6608/7200  reward     nan  ep_len    nan  fell    0  err_xy 0.152  std 0.300  lr 1.0e-04  fps   9487   874.5s
it 6609/7200  reward     nan  ep_len    nan  fell    0  err_xy 0.122  std 0.300  lr 1.0e-04  fps   9533   874.8s
it 6610/7200  reward     nan  ep_len    nan  fell    0  err_xy 0.099  std 0.300  lr 1.0e-04  fps   9506   875.0s
it 6611/7200  reward     nan  ep_len    nan  fell    0  err_xy 0.082  std 0.300  lr 1.0e-04  fps   9542   875.2s
it 6612/7200  reward     nan  ep_len    nan  fell    0  err_xy 0.073  std 0.300  lr 1.0e-04  fps   9406   875.5s
it 6613/7200  reward     nan  ep_len    nan  fell    0  err_xy 0.054  std 0.300  lr 1.0e-04  fps   9359   875.7s
it 6614/7200  reward     nan  ep_len    nan  fell    0  err_xy 0.048  std 0.300  lr 1.0e-04  fps   9448   876.0s
it 6615/7200  reward     nan  ep_len    nan  fell    0  err_xy 0.030  std 0.300  lr 1.0e-04  fps   9390   876.2s
it 6616/7200  reward     nan  ep_len    nan  fell    0  err_xy 0.025  std 0.300  lr 1.0e-04  fps   9385   876.5s
it 6617/7200  reward   57.96  ep_len  400.0  fell    0  err_xy 0.110  std 0.300  lr 1.0e-04  fps   6758   876.8s
it 6618/7200  reward     nan  ep_len    nan  fell    0  err_xy 0.296  std 0.300  lr 1.0e-04  fps   9183   877.1s
it 6619/7200  reward     nan  ep_len    nan  fell    0  err_xy 0.303  std 0.300  lr 1.0e-04  fps   9659   877.3s
it 6620/7200  reward     nan  ep_len    nan  fell    0  err_xy 0.256  std 0.300  lr 1.0e-04  fps   9856   877.5s
it 6621/7200  reward     nan  ep_len    nan  fell    0  err_xy 0.258  std 0.300  lr 1.0e-04  fps   9723   877.8s
it 6622/7200  reward     nan  ep_len    nan  fell    0  err_xy 0.232  std 0.300  lr 1.0e-04  fps   9594   878.0s
it 6623/7200  reward     nan  ep_len    nan  fell    0  err_xy 0.195  std 0.300  lr 1.0e-04  fps   9428   878.3s
it 6624/7200  reward     nan  ep_len    nan  fell    0  err_xy 0.151  std 0.300  lr 1.0e-04  fps   9453   878.5s
it 6625/7200  reward     nan  ep_len    nan  fell    0  err_xy 0.116  std 0.300  lr 1.0e-04  fps   8848   878.8s
it 6626/7200  reward     nan  ep_len    nan  fell    0  err_xy 0.103  std 0.300  lr 1.0e-04  fps   8998   879.0s
it 6627/7200  reward     nan  ep_len    nan  fell    0  err_xy 0.080  std 0.300  lr 1.0e-04  fps   8880   879.3s
it 6628/7200  reward     nan  ep_len    nan  fell    0  err_xy 0.058  std 0.300  lr 1.0e-04  fps   9216   879.5s
it 6629/7200  reward     nan  ep_len    nan  fell    0  err_xy 0.049  std 0.300  lr 1.0e-04  fps   9264   879.8s
it 6630/7200  reward     nan  ep_len    nan  fell    0  err_xy 0.044  std 0.300  lr 1.0e-04  fps   8263   880.1s
it 6631/7200  reward     nan  ep_len    nan  fell    0  err_xy 0.034  std 0.300  lr 1.0e-04  fps   9225   880.3s
it 6632/7200  reward     nan  ep_len    nan  fell    0  err_xy 0.031  std 0.300  lr 1.0e-04  fps   9242   880.5s
it 6633/7200  reward     nan  ep_len    nan  fell    0  err_xy 0.021  std 0.300  lr 1.0e-04  fps   9255   880.8s
it 6634/7200  reward   60.80  ep_len  400.0  fell    0  err_xy 0.191  std 0.300  lr 1.0e-04  fps   7406   881.1s
it 6635/7200  reward     nan  ep_len    nan  fell    0  err_xy 0.262  std 0.300  lr 1.0e-04  fps   9779   881.3s
it 6636/7200  reward     nan  ep_len    nan  fell    0  err_xy 0.235  std 0.300  lr 1.0e-04  fps   9867   881.6s
it 6637/7200  reward     nan  ep_len    nan  fell    0  err_xy 0.230  std 0.300  lr 1.0e-04  fps   9754   881.8s
it 6638/7200  reward     nan  ep_len    nan  fell    0  err_xy 0.241  std 0.300  lr 1.0e-04  fps   9676   882.1s
it 6639/7200  reward     nan  ep_len    nan  fell    0  err_xy 0.199  std 0.300  lr 1.0e-04  fps   9459   882.3s
it 6640/7200  reward     nan  ep_len    nan  fell    0  err_xy 0.137  std 0.300  lr 1.0e-04  fps   8602   882.6s
it 6641/7200  reward     nan  ep_len    nan  fell    0  err_xy 0.096  std 0.300  lr 1.0e-04  fps   9213   882.8s
it 6642/7200  reward     nan  ep_len    nan  fell    0  err_xy 0.076  std 0.300  lr 1.0e-04  fps   8841   883.1s
it 6643/7200  reward     nan  ep_len    nan  fell    0  err_xy 0.054  std 0.300  lr 1.0e-04  fps   9282   883.3s
it 6644/7200  reward     nan  ep_len    nan  fell    0  err_xy 0.055  std 0.300  lr 1.0e-04  fps   9331   883.6s
it 6645/7200  reward     nan  ep_len    nan  fell    0  err_xy 0.043  std 0.300  lr 1.0e-04  fps   9258   883.8s
it 6646/7200  reward     nan  ep_len    nan  fell    0  err_xy 0.043  std 0.300  lr 1.0e-04  fps   9329   884.1s
it 6647/7200  reward     nan  ep_len    nan  fell    0  err_xy 0.033  std 0.300  lr 1.0e-04  fps   9181   884.3s
it 6648/7200  reward     nan  ep_len    nan  fell    0  err_xy 0.032  std 0.300  lr 1.0e-04  fps   8970   884.6s
it 6649/7200  reward     nan  ep_len    nan  fell    0  err_xy 0.027  std 0.300  lr 1.0e-04  fps   9278   884.8s
it 6650/7200  reward   61.48  ep_len  400.0  fell    0  err_xy 0.023  std 0.300  lr 1.0e-04  fps   7290   885.1s
it 6651/7200  reward     nan  ep_len    nan  fell    0  err_xy 0.273  std 0.300  lr 1.0e-04  fps   9785   885.4s
it 6652/7200  reward     nan  ep_len    nan  fell    0  err_xy 0.259  std 0.300  lr 1.0e-04  fps   9930   885.6s
it 6653/7200  reward     nan  ep_len    nan  fell    0  err_xy 0.241  std 0.300  lr 1.0e-04  fps   9696   885.9s
it 6654/7200  reward     nan  ep_len    nan  fell    0  err_xy 0.242  std 0.300  lr 1.0e-04  fps   8669   886.1s
it 6655/7200  reward     nan  ep_len    nan  fell    0  err_xy 0.254  std 0.300  lr 1.0e-04  fps   9551   886.4s
it 6656/7200  reward     nan  ep_len    nan  fell    0  err_xy 0.182  std 0.300  lr 1.0e-04  fps   9374   886.6s
it 6657/7200  reward     nan  ep_len    nan  fell    0  err_xy 0.152  std 0.300  lr 1.0e-04  fps   9233   886.9s
it 6658/7200  reward     nan  ep_len    nan  fell    0  err_xy 0.119  std 0.300  lr 1.0e-04  fps   9209   887.1s
it 6659/7200  reward     nan  ep_len    nan  fell    0  err_xy 0.101  std 0.300  lr 1.0e-04  fps   9302   887.4s
it 6660/7200  reward     nan  ep_len    nan  fell    0  err_xy 0.083  std 0.300  lr 1.0e-04  fps   9334   887.6s
it 6661/7200  reward     nan  ep_len    nan  fell    0  err_xy 0.069  std 0.300  lr 1.0e-04  fps   9322   887.8s
it 6662/7200  reward     nan  ep_len    nan  fell    0  err_xy 0.060  std 0.300  lr 1.0e-04  fps   9343   888.1s
it 6663/7200  reward     nan  ep_len    nan  fell    0  err_xy 0.050  std 0.300  lr 1.0e-04  fps   9268   888.3s
it 6664/7200  reward     nan  ep_len    nan  fell    0  err_xy 0.040  std 0.300  lr 1.0e-04  fps   9337   888.6s
it 6665/7200  reward     nan  ep_len    nan  fell    0  err_xy 0.032  std 0.300  lr 1.0e-04  fps   9182   888.8s
it 6666/7200  reward     nan  ep_len    nan  fell    0  err_xy 0.023  std 0.300  lr 1.0e-04  fps   9194   889.1s
it 6667/7200  reward   59.13  ep_len  400.0  fell    0  err_xy 0.107  std 0.300  lr 1.0e-04  fps   7379   889.4s
it 6668/7200  reward     nan  ep_len    nan  fell    0  err_xy 0.291  std 0.300  lr 1.0e-04  fps   9781   889.6s
it 6669/7200  reward     nan  ep_len    nan  fell    0  err_xy 0.265  std 0.300  lr 1.0e-04  fps   9807   889.9s
it 6670/7200  reward     nan  ep_len    nan  fell    0  err_xy 0.251  std 0.300  lr 1.0e-04  fps   9957   890.1s
it 6671/7200  reward     nan  ep_len    nan  fell    0  err_xy 0.251  std 0.300  lr 1.0e-04  fps   9837   890.3s
it 6672/7200  reward     nan  ep_len    nan  fell    0  err_xy 0.221  std 0.300  lr 1.0e-04  fps   9621   890.6s
it 6673/7200  reward     nan  ep_len    nan  fell    0  err_xy 0.154  std 0.300  lr 1.0e-04  fps   9412   890.8s
it 6674/7200  reward     nan  ep_len    nan  fell    0  err_xy 0.122  std 0.300  lr 1.0e-04  fps   9485   891.1s
it 6675/7200  reward     nan  ep_len    nan  fell    0  err_xy 0.090  std 0.300  lr 1.0e-04  fps   9376   891.3s
it 6676/7200  reward     nan  ep_len    nan  fell    0  err_xy 0.065  std 0.300  lr 1.0e-04  fps   9361   891.6s
it 6677/7200  reward     nan  ep_len    nan  fell    0  err_xy 0.048  std 0.300  lr 1.0e-04  fps   9393   891.8s
it 6678/7200  reward     nan  ep_len    nan  fell    0  err_xy 0.048  std 0.300  lr 1.0e-04  fps   9395   892.1s
it 6679/7200  reward     nan  ep_len    nan  fell    0  err_xy 0.042  std 0.300  lr 1.0e-04  fps   9419   892.3s
it 6680/7200  reward     nan  ep_len    nan  fell    0  err_xy 0.040  std 0.300  lr 1.0e-04  fps   9394   892.5s
it 6681/7200  reward     nan  ep_len    nan  fell    0  err_xy 0.033  std 0.300  lr 1.0e-04  fps   9313   892.8s
it 6682/7200  reward     nan  ep_len    nan  fell    0  err_xy 0.028  std 0.300  lr 1.0e-04  fps   9364   893.0s
it 6683/7200  reward     nan  ep_len    nan  fell    0  err_xy 0.024  std 0.300  lr 1.0e-04  fps   9072   893.3s
it 6684/7200  reward   62.24  ep_len  400.0  fell    0  err_xy 0.216  std 0.300  lr 1.0e-04  fps   7524   893.6s
it 6685/7200  reward     nan  ep_len    nan  fell    0  err_xy 0.291  std 0.300  lr 1.0e-04  fps   9724   893.8s
it 6686/7200  reward     nan  ep_len    nan  fell    0  err_xy 0.266  std 0.300  lr 1.0e-04  fps   9833   894.1s
it 6687/7200  reward     nan  ep_len    nan  fell    0  err_xy 0.234  std 0.300  lr 1.0e-04  fps   9895   894.3s
it 6688/7200  reward     nan  ep_len    nan  fell    0  err_xy 0.239  std 0.300  lr 1.0e-04  fps   9802   894.5s
it 6689/7200  reward     nan  ep_len    nan  fell    0  err_xy 0.207  std 0.300  lr 1.0e-04  fps   9487   894.8s
it 6690/7200  reward     nan  ep_len    nan  fell    0  err_xy 0.154  std 0.300  lr 1.0e-04  fps   9436   895.0s
it 6691/7200  reward     nan  ep_len    nan  fell    0  err_xy 0.105  std 0.300  lr 1.0e-04  fps   9361   895.3s
it 6692/7200  reward     nan  ep_len    nan  fell    0  err_xy 0.073  std 0.300  lr 1.0e-04  fps   9451   895.5s
it 6693/7200  reward     nan  ep_len    nan  fell    0  err_xy 0.055  std 0.300  lr 1.0e-04  fps   9414   895.8s
it 6694/7200  reward     nan  ep_len    nan  fell    0  err_xy 0.041  std 0.300  lr 1.0e-04  fps   9403   896.0s
it 6695/7200  reward     nan  ep_len    nan  fell    0  err_xy 0.038  std 0.300  lr 1.0e-04  fps   9339   896.3s
it 6696/7200  reward     nan  ep_len    nan  fell    0  err_xy 0.035  std 0.300  lr 1.0e-04  fps   9424   896.5s
it 6697/7200  reward     nan  ep_len    nan  fell    0  err_xy 0.024  std 0.300  lr 1.0e-04  fps   9378   896.7s
it 6698/7200  reward     nan  ep_len    nan  fell    0  err_xy 0.021  std 0.300  lr 1.0e-04  fps   8615   897.0s
it 6699/7200  reward     nan  ep_len    nan  fell    0  err_xy 0.013  std 0.300  lr 1.0e-04  fps   9028   897.3s
it 6700/7200  reward   60.58  ep_len  400.0  fell    0  err_xy 0.011  std 0.300  lr 1.0e-04  fps   7170   897.6s
it 6701/7200  reward     nan  ep_len    nan  fell    0  err_xy 0.292  std 0.300  lr 1.0e-04  fps   9812   897.8s
it 6702/7200  reward     nan  ep_len    nan  fell    0  err_xy 0.286  std 0.300  lr 1.0e-04  fps   9936   898.1s
it 6703/7200  reward     nan  ep_len    nan  fell    0  err_xy 0.243  std 0.300  lr 1.0e-04  fps   9622   898.3s
it 6704/7200  reward     nan  ep_len    nan  fell    0  err_xy 0.215  std 0.300  lr 1.0e-04  fps   9894   898.5s
it 6705/7200  reward     nan  ep_len    nan  fell    0  err_xy 0.234  std 0.300  lr 1.0e-04  fps   9720   898.8s
it 6706/7200  reward     nan  ep_len    nan  fell    0  err_xy 0.176  std 0.300  lr 1.0e-04  fps   9363   899.0s
it 6707/7200  reward     nan  ep_len    nan  fell    0  err_xy 0.114  std 0.300  lr 1.0e-04  fps   9187   899.3s
it 6708/7200  reward     nan  ep_len    nan  fell    0  err_xy 0.080  std 0.300  lr 1.0e-04  fps   9261   899.5s
it 6709/7200  reward     nan  ep_len    nan  fell    0  err_xy 0.051  std 0.300  lr 1.0e-04  fps   9270   899.8s
it 6710/7200  reward     nan  ep_len    nan  fell    0  err_xy 0.038  std 0.300  lr 1.0e-04  fps   9397   900.0s
it 6711/7200  reward     nan  ep_len    nan  fell    0  err_xy 0.027  std 0.300  lr 1.0e-04  fps   9202   900.3s
it 6712/7200  reward     nan  ep_len    nan  fell    0  err_xy 0.027  std 0.300  lr 1.0e-04  fps   9318   900.5s
it 6713/7200  reward     nan  ep_len    nan  fell    0  err_xy 0.019  std 0.300  lr 1.0e-04  fps   9325   900.8s
it 6714/7200  reward     nan  ep_len    nan  fell    0  err_xy 0.018  std 0.300  lr 1.0e-04  fps   9468   901.0s
it 6715/7200  reward     nan  ep_len    nan  fell    0  err_xy 0.017  std 0.300  lr 1.0e-04  fps   9318   901.2s
it 6716/7200  reward     nan  ep_len    nan  fell    0  err_xy 0.013  std 0.300  lr 1.0e-04  fps   9452   901.5s
it 6717/7200  reward   66.02  ep_len  400.0  fell    0  err_xy 0.101  std 0.300  lr 1.0e-04  fps   7381   901.8s
it 6718/7200  reward     nan  ep_len    nan  fell    0  err_xy 0.290  std 0.300  lr 1.0e-04  fps   9938   902.0s
it 6719/7200  reward     nan  ep_len    nan  fell    0  err_xy 0.265  std 0.300  lr 1.0e-04  fps   9926   902.3s
it 6720/7200  reward     nan  ep_len    nan  fell    0  err_xy 0.237  std 0.300  lr 1.0e-04  fps   9960   902.5s
it 6721/7200  reward     nan  ep_len    nan  fell    0  err_xy 0.236  std 0.300  lr 1.0e-04  fps   9847   902.7s
it 6722/7200  reward     nan  ep_len    nan  fell    0  err_xy 0.237  std 0.300  lr 1.0e-04  fps   9731   903.0s
it 6723/7200  reward     nan  ep_len    nan  fell    0  err_xy 0.167  std 0.300  lr 1.0e-04  fps   9035   903.2s
it 6724/7200  reward     nan  ep_len    nan  fell    0  err_xy 0.089  std 0.300  lr 1.0e-04  fps   8352   903.5s
it 6725/7200  reward     nan  ep_len    nan  fell    0  err_xy 0.064  std 0.300  lr 1.0e-04  fps   9359   903.7s
it 6726/7200  reward     nan  ep_len    nan  fell    0  err_xy 0.050  std 0.300  lr 1.0e-04  fps   9442   904.0s
it 6727/7200  reward     nan  ep_len    nan  fell    0  err_xy 0.041  std 0.300  lr 1.0e-04  fps   9317   904.2s
it 6728/7200  reward     nan  ep_len    nan  fell    0  err_xy 0.038  std 0.300  lr 1.0e-04  fps   9485   904.5s
it 6729/7200  reward     nan  ep_len    nan  fell    0  err_xy 0.034  std 0.300  lr 1.0e-04  fps   9442   904.7s
it 6730/7200  reward     nan  ep_len    nan  fell    0  err_xy 0.027  std 0.300  lr 1.0e-04  fps   9390   905.0s
it 6731/7200  reward     nan  ep_len    nan  fell    0  err_xy 0.014  std 0.300  lr 1.0e-04  fps   9305   905.2s
it 6732/7200  reward     nan  ep_len    nan  fell    0  err_xy 0.013  std 0.300  lr 1.0e-04  fps   9414   905.5s
it 6733/7200  reward     nan  ep_len    nan  fell    0  err_xy 0.012  std 0.300  lr 1.0e-04  fps   9393   905.7s
it 6734/7200  reward   63.12  ep_len  400.0  fell    0  err_xy 0.204  std 0.300  lr 1.0e-04  fps   7570   906.0s
it 6735/7200  reward     nan  ep_len    nan  fell    0  err_xy 0.253  std 0.300  lr 1.0e-04  fps   9811   906.3s
it 6736/7200  reward     nan  ep_len    nan  fell    0  err_xy 0.224  std 0.300  lr 1.0e-04  fps  10047   906.5s
it 6737/7200  reward     nan  ep_len    nan  fell    0  err_xy 0.203  std 0.300  lr 1.0e-04  fps   9871   906.7s
it 6738/7200  reward     nan  ep_len    nan  fell    0  err_xy 0.216  std 0.300  lr 1.0e-04  fps   9796   907.0s
it 6739/7200  reward     nan  ep_len    nan  fell    0  err_xy 0.191  std 0.300  lr 1.0e-04  fps   9611   907.2s
it 6740/7200  reward     nan  ep_len    nan  fell    0  err_xy 0.130  std 0.300  lr 1.0e-04  fps   9394   907.4s
it 6741/7200  reward     nan  ep_len    nan  fell    0  err_xy 0.099  std 0.300  lr 1.0e-04  fps   9362   907.7s
it 6742/7200  reward     nan  ep_len    nan  fell    0  err_xy 0.064  std 0.300  lr 1.0e-04  fps   9375   907.9s
it 6743/7200  reward     nan  ep_len    nan  fell    0  err_xy 0.052  std 0.300  lr 1.0e-04  fps   9384   908.2s
it 6744/7200  reward     nan  ep_len    nan  fell    0  err_xy 0.044  std 0.300  lr 1.0e-04  fps   9328   908.4s
it 6745/7200  reward     nan  ep_len    nan  fell    0  err_xy 0.031  std 0.300  lr 1.0e-04  fps   9464   908.7s
it 6746/7200  reward     nan  ep_len    nan  fell    0  err_xy 0.025  std 0.300  lr 1.0e-04  fps   9390   908.9s
it 6747/7200  reward     nan  ep_len    nan  fell    0  err_xy 0.024  std 0.300  lr 1.0e-04  fps   9323   909.2s
it 6748/7200  reward     nan  ep_len    nan  fell    0  err_xy 0.015  std 0.300  lr 1.0e-04  fps   9348   909.4s
it 6749/7200  reward     nan  ep_len    nan  fell    0  err_xy 0.013  std 0.300  lr 1.0e-04  fps   9304   909.7s
it 6750/7200  reward   62.62  ep_len  400.0  fell    0  err_xy 0.014  std 0.300  lr 1.0e-04  fps   7280   910.0s
it 6751/7200  reward     nan  ep_len    nan  fell    0  err_xy 0.275  std 0.300  lr 1.0e-04  fps   9607   910.2s
it 6752/7200  reward     nan  ep_len    nan  fell    0  err_xy 0.240  std 0.300  lr 1.0e-04  fps   9910   910.4s
it 6753/7200  reward     nan  ep_len    nan  fell    0  err_xy 0.234  std 0.300  lr 1.0e-04  fps  10015   910.7s
it 6754/7200  reward     nan  ep_len    nan  fell    0  err_xy 0.236  std 0.300  lr 1.0e-04  fps  10019   910.9s
it 6755/7200  reward     nan  ep_len    nan  fell    0  err_xy 0.260  std 0.300  lr 1.0e-04  fps   9865   911.1s
it 6756/7200  reward     nan  ep_len    nan  fell    0  err_xy 0.216  std 0.300  lr 1.0e-04  fps   9497   911.4s
it 6757/7200  reward     nan  ep_len    nan  fell    0  err_xy 0.145  std 0.300  lr 1.0e-04  fps   8812   911.6s
it 6758/7200  reward     nan  ep_len    nan  fell    0  err_xy 0.113  std 0.300  lr 1.0e-04  fps   9069   911.9s
it 6759/7200  reward     nan  ep_len    nan  fell    0  err_xy 0.075  std 0.300  lr 1.0e-04  fps   8504   912.2s
it 6760/7200  reward     nan  ep_len    nan  fell    0  err_xy 0.064  std 0.300  lr 1.0e-04  fps   9229   912.4s
it 6761/7200  reward     nan  ep_len    nan  fell    0  err_xy 0.054  std 0.300  lr 1.0e-04  fps   9270   912.7s
it 6762/7200  reward     nan  ep_len    nan  fell    0  err_xy 0.037  std 0.300  lr 1.0e-04  fps   9385   912.9s
it 6763/7200  reward     nan  ep_len    nan  fell    0  err_xy 0.036  std 0.300  lr 1.0e-04  fps   9408   913.2s
it 6764/7200  reward     nan  ep_len    nan  fell    0  err_xy 0.026  std 0.300  lr 1.0e-04  fps   9354   913.4s
it 6765/7200  reward     nan  ep_len    nan  fell    0  err_xy 0.020  std 0.300  lr 1.0e-04  fps   9349   913.7s
it 6766/7200  reward     nan  ep_len    nan  fell    0  err_xy 0.018  std 0.300  lr 1.0e-04  fps   9416   913.9s
it 6767/7200  reward   60.75  ep_len  400.0  fell    0  err_xy 0.101  std 0.300  lr 1.0e-04  fps   6977   914.2s
it 6768/7200  reward     nan  ep_len    nan  fell    0  err_xy 0.307  std 0.300  lr 1.0e-04  fps   9875   914.5s
it 6769/7200  reward     nan  ep_len    nan  fell    0  err_xy 0.228  std 0.300  lr 1.0e-04  fps   9797   914.7s
it 6770/7200  reward     nan  ep_len    nan  fell    0  err_xy 0.226  std 0.300  lr 1.0e-04  fps   9827   914.9s
it 6771/7200  reward     nan  ep_len    nan  fell    0  err_xy 0.236  std 0.300  lr 1.0e-04  fps   9873   915.2s
it 6772/7200  reward     nan  ep_len    nan  fell    0  err_xy 0.219  std 0.300  lr 1.0e-04  fps   9783   915.4s
it 6773/7200  reward     nan  ep_len    nan  fell    0  err_xy 0.190  std 0.300  lr 1.0e-04  fps   9370   915.6s
it 6774/7200  reward     nan  ep_len    nan  fell    0  err_xy 0.127  std 0.300  lr 1.0e-04  fps   9346   915.9s
it 6775/7200  reward     nan  ep_len    nan  fell    0  err_xy 0.100  std 0.300  lr 1.0e-04  fps   8738   916.2s
it 6776/7200  reward     nan  ep_len    nan  fell    0  err_xy 0.073  std 0.300  lr 1.0e-04  fps   9447   916.4s
it 6777/7200  reward     nan  ep_len    nan  fell    0  err_xy 0.062  std 0.300  lr 1.0e-04  fps   9272   916.7s
it 6778/7200  reward     nan  ep_len    nan  fell    0  err_xy 0.048  std 0.300  lr 1.0e-04  fps   9367   916.9s
it 6779/7200  reward     nan  ep_len    nan  fell    0  err_xy 0.042  std 0.300  lr 1.0e-04  fps   9345   917.1s
it 6780/7200  reward     nan  ep_len    nan  fell    0  err_xy 0.038  std 0.300  lr 1.0e-04  fps   9319   917.4s
it 6781/7200  reward     nan  ep_len    nan  fell    0  err_xy 0.031  std 0.300  lr 1.0e-04  fps   9409   917.6s
it 6782/7200  reward     nan  ep_len    nan  fell    0  err_xy 0.022  std 0.300  lr 1.0e-04  fps   9369   917.9s
it 6783/7200  reward     nan  ep_len    nan  fell    0  err_xy 0.020  std 0.300  lr 1.0e-04  fps   9485   918.1s
it 6784/7200  reward   60.91  ep_len  400.0  fell    0  err_xy 0.194  std 0.300  lr 1.0e-04  fps   7520   918.4s
it 6785/7200  reward     nan  ep_len    nan  fell    0  err_xy 0.257  std 0.300  lr 1.0e-04  fps   9891   918.7s
it 6786/7200  reward     nan  ep_len    nan  fell    0  err_xy 0.227  std 0.300  lr 1.0e-04  fps   9989   918.9s
it 6787/7200  reward     nan  ep_len    nan  fell    0  err_xy 0.233  std 0.300  lr 1.0e-04  fps   9926   919.1s
it 6788/7200  reward     nan  ep_len    nan  fell    0  err_xy 0.242  std 0.300  lr 1.0e-04  fps   9788   919.4s
it 6789/7200  reward     nan  ep_len    nan  fell    0  err_xy 0.227  std 0.300  lr 1.0e-04  fps   9709   919.6s
it 6790/7200  reward     nan  ep_len    nan  fell    0  err_xy 0.191  std 0.300  lr 1.0e-04  fps   8903   919.9s
it 6791/7200  reward     nan  ep_len    nan  fell    0  err_xy 0.143  std 0.300  lr 1.0e-04  fps   9223   920.1s
it 6792/7200  reward     nan  ep_len    nan  fell    0  err_xy 0.099  std 0.300  lr 1.0e-04  fps   9356   920.4s
it 6793/7200  reward     nan  ep_len    nan  fell    0  err_xy 0.064  std 0.300  lr 1.0e-04  fps   9330   920.6s
it 6794/7200  reward     nan  ep_len    nan  fell    0  err_xy 0.049  std 0.300  lr 1.0e-04  fps   9286   920.9s
it 6795/7200  reward     nan  ep_len    nan  fell    0  err_xy 0.050  std 0.300  lr 1.0e-04  fps   9374   921.1s
it 6796/7200  reward     nan  ep_len    nan  fell    0  err_xy 0.047  std 0.300  lr 1.0e-04  fps   9413   921.3s
it 6797/7200  reward     nan  ep_len    nan  fell    0  err_xy 0.036  std 0.300  lr 1.0e-04  fps   9473   921.6s
it 6798/7200  reward     nan  ep_len    nan  fell    0  err_xy 0.025  std 0.300  lr 1.0e-04  fps   9365   921.8s
it 6799/7200  reward     nan  ep_len    nan  fell    0  err_xy 0.020  std 0.300  lr 1.0e-04  fps   9336   922.1s
it 6800/7200  reward   60.96  ep_len  400.0  fell    0  err_xy 0.019  std 0.300  lr 1.0e-04  fps   7170   922.4s
eval iteration 6800:
  prone          success   0.0%  time 8.00s  peak_τ 0.96 Nm  return 62.84
  supine         success   0.0%  time 8.00s  peak_τ 0.95 Nm  return 65.88
  score 0.000
it 6801/7200  reward     nan  ep_len    nan  fell    0  err_xy 0.278  std 0.300  lr 1.0e-04  fps   9521   924.6s
it 6802/7200  reward     nan  ep_len    nan  fell    0  err_xy 0.244  std 0.300  lr 1.0e-04  fps   9765   924.8s
it 6803/7200  reward     nan  ep_len    nan  fell    0  err_xy 0.195  std 0.300  lr 1.0e-04  fps   9908   925.1s
it 6804/7200  reward     nan  ep_len    nan  fell    0  err_xy 0.211  std 0.300  lr 1.0e-04  fps   9845   925.3s
it 6805/7200  reward     nan  ep_len    nan  fell    0  err_xy 0.221  std 0.300  lr 1.0e-04  fps   9750   925.5s
it 6806/7200  reward     nan  ep_len    nan  fell    0  err_xy 0.187  std 0.300  lr 1.0e-04  fps   8781   925.8s
it 6807/7200  reward     nan  ep_len    nan  fell    0  err_xy 0.152  std 0.300  lr 1.0e-04  fps   9090   926.1s
it 6808/7200  reward     nan  ep_len    nan  fell    0  err_xy 0.108  std 0.300  lr 1.0e-04  fps   9141   926.3s
it 6809/7200  reward     nan  ep_len    nan  fell    0  err_xy 0.071  std 0.300  lr 1.0e-04  fps   9368   926.6s
it 6810/7200  reward     nan  ep_len    nan  fell    0  err_xy 0.063  std 0.300  lr 1.0e-04  fps   9408   926.8s
it 6811/7200  reward     nan  ep_len    nan  fell    0  err_xy 0.044  std 0.300  lr 1.0e-04  fps   9331   927.0s
it 6812/7200  reward     nan  ep_len    nan  fell    0  err_xy 0.034  std 0.300  lr 1.0e-04  fps   9411   927.3s
it 6813/7200  reward     nan  ep_len    nan  fell    0  err_xy 0.023  std 0.300  lr 1.0e-04  fps   9444   927.5s
it 6814/7200  reward     nan  ep_len    nan  fell    0  err_xy 0.025  std 0.300  lr 1.0e-04  fps   9435   927.8s
it 6815/7200  reward     nan  ep_len    nan  fell    0  err_xy 0.020  std 0.300  lr 1.0e-04  fps   9393   928.0s
it 6816/7200  reward     nan  ep_len    nan  fell    0  err_xy 0.021  std 0.300  lr 1.0e-04  fps   9309   928.3s
it 6817/7200  reward   58.42  ep_len  400.0  fell    0  err_xy 0.097  std 0.300  lr 1.0e-04  fps   7258   928.6s
it 6818/7200  reward     nan  ep_len    nan  fell    0  err_xy 0.298  std 0.300  lr 1.0e-04  fps   9435   928.8s
it 6819/7200  reward     nan  ep_len    nan  fell    0  err_xy 0.237  std 0.300  lr 1.0e-04  fps   9725   929.1s
it 6820/7200  reward     nan  ep_len    nan  fell    0  err_xy 0.236  std 0.300  lr 1.0e-04  fps   9918   929.3s
it 6821/7200  reward     nan  ep_len    nan  fell    0  err_xy 0.241  std 0.300  lr 1.0e-04  fps   9338   929.6s
it 6822/7200  reward     nan  ep_len    nan  fell    0  err_xy 0.232  std 0.300  lr 1.0e-04  fps   9606   929.8s
it 6823/7200  reward     nan  ep_len    nan  fell    0  err_xy 0.194  std 0.300  lr 1.0e-04  fps   9550   930.0s
it 6824/7200  reward     nan  ep_len    nan  fell    0  err_xy 0.162  std 0.300  lr 1.0e-04  fps   8001   930.3s
it 6825/7200  reward     nan  ep_len    nan  fell    0  err_xy 0.130  std 0.300  lr 1.0e-04  fps   9168   930.6s
it 6826/7200  reward     nan  ep_len    nan  fell    0  err_xy 0.083  std 0.300  lr 1.0e-04  fps   8633   930.8s
it 6827/7200  reward     nan  ep_len    nan  fell    0  err_xy 0.069  std 0.300  lr 1.0e-04  fps   9040   931.1s
it 6828/7200  reward     nan  ep_len    nan  fell    0  err_xy 0.074  std 0.300  lr 1.0e-04  fps   9402   931.3s
it 6829/7200  reward     nan  ep_len    nan  fell    0  err_xy 0.056  std 0.300  lr 1.0e-04  fps   9374   931.6s
it 6830/7200  reward     nan  ep_len    nan  fell    0  err_xy 0.045  std 0.300  lr 1.0e-04  fps   9293   931.8s
it 6831/7200  reward     nan  ep_len    nan  fell    0  err_xy 0.034  std 0.300  lr 1.0e-04  fps   9295   932.1s
it 6832/7200  reward     nan  ep_len    nan  fell    0  err_xy 0.032  std 0.300  lr 1.0e-04  fps   9009   932.3s
it 6833/7200  reward     nan  ep_len    nan  fell    0  err_xy 0.028  std 0.300  lr 1.0e-04  fps   8948   932.6s
it 6834/7200  reward   56.82  ep_len  400.0  fell    0  err_xy 0.211  std 0.300  lr 1.0e-04  fps   7320   932.9s
it 6835/7200  reward     nan  ep_len    nan  fell    0  err_xy 0.263  std 0.300  lr 1.0e-04  fps   9892   933.1s
it 6836/7200  reward     nan  ep_len    nan  fell    0  err_xy 0.244  std 0.300  lr 1.0e-04  fps   9946   933.4s
it 6837/7200  reward     nan  ep_len    nan  fell    0  err_xy 0.224  std 0.300  lr 1.0e-04  fps   9844   933.6s
it 6838/7200  reward     nan  ep_len    nan  fell    0  err_xy 0.214  std 0.300  lr 1.0e-04  fps   9838   933.9s
it 6839/7200  reward     nan  ep_len    nan  fell    0  err_xy 0.236  std 0.300  lr 1.0e-04  fps   9610   934.1s
it 6840/7200  reward     nan  ep_len    nan  fell    0  err_xy 0.201  std 0.300  lr 1.0e-04  fps   9507   934.3s
it 6841/7200  reward     nan  ep_len    nan  fell    0  err_xy 0.162  std 0.300  lr 1.0e-04  fps   8752   934.6s
it 6842/7200  reward     nan  ep_len    nan  fell    0  err_xy 0.131  std 0.300  lr 1.0e-04  fps   9013   934.9s
it 6843/7200  reward     nan  ep_len    nan  fell    0  err_xy 0.098  std 0.300  lr 1.0e-04  fps   9400   935.1s
it 6844/7200  reward     nan  ep_len    nan  fell    0  err_xy 0.078  std 0.300  lr 1.0e-04  fps   9419   935.3s
it 6845/7200  reward     nan  ep_len    nan  fell    0  err_xy 0.069  std 0.300  lr 1.0e-04  fps   9176   935.6s
it 6846/7200  reward     nan  ep_len    nan  fell    0  err_xy 0.059  std 0.300  lr 1.0e-04  fps   8484   935.9s
it 6847/7200  reward     nan  ep_len    nan  fell    0  err_xy 0.054  std 0.300  lr 1.0e-04  fps   8906   936.1s
it 6848/7200  reward     nan  ep_len    nan  fell    0  err_xy 0.051  std 0.300  lr 1.0e-04  fps   9401   936.4s
it 6849/7200  reward     nan  ep_len    nan  fell    0  err_xy 0.037  std 0.300  lr 1.0e-04  fps   9312   936.6s
it 6850/7200  reward   57.87  ep_len  400.0  fell    0  err_xy 0.026  std 0.300  lr 1.0e-04  fps   7086   936.9s
it 6851/7200  reward     nan  ep_len    nan  fell    0  err_xy 0.315  std 0.300  lr 1.0e-04  fps   9640   937.2s
it 6852/7200  reward     nan  ep_len    nan  fell    0  err_xy 0.276  std 0.300  lr 1.0e-04  fps   9818   937.4s
it 6853/7200  reward     nan  ep_len    nan  fell    0  err_xy 0.199  std 0.300  lr 1.0e-04  fps   9783   937.7s
it 6854/7200  reward     nan  ep_len    nan  fell    0  err_xy 0.218  std 0.300  lr 1.0e-04  fps   9876   937.9s
it 6855/7200  reward     nan  ep_len    nan  fell    0  err_xy 0.225  std 0.300  lr 1.0e-04  fps   9752   938.1s
it 6856/7200  reward     nan  ep_len    nan  fell    0  err_xy 0.221  std 0.300  lr 1.0e-04  fps   9564   938.4s
it 6857/7200  reward     nan  ep_len    nan  fell    0  err_xy 0.206  std 0.300  lr 1.0e-04  fps   9377   938.6s
it 6858/7200  reward     nan  ep_len    nan  fell    0  err_xy 0.160  std 0.300  lr 1.0e-04  fps   9208   938.9s
it 6859/7200  reward     nan  ep_len    nan  fell    0  err_xy 0.112  std 0.300  lr 1.0e-04  fps   8918   939.1s
it 6860/7200  reward     nan  ep_len    nan  fell    0  err_xy 0.096  std 0.300  lr 1.0e-04  fps   8709   939.4s
it 6861/7200  reward     nan  ep_len    nan  fell    0  err_xy 0.065  std 0.300  lr 1.0e-04  fps   9355   939.6s
it 6862/7200  reward     nan  ep_len    nan  fell    0  err_xy 0.053  std 0.300  lr 1.0e-04  fps   8880   939.9s
it 6863/7200  reward     nan  ep_len    nan  fell    0  err_xy 0.045  std 0.300  lr 1.0e-04  fps   9192   940.1s
it 6864/7200  reward     nan  ep_len    nan  fell    0  err_xy 0.037  std 0.300  lr 1.0e-04  fps   9463   940.4s
it 6865/7200  reward     nan  ep_len    nan  fell    0  err_xy 0.036  std 0.300  lr 1.0e-04  fps   9321   940.6s
it 6866/7200  reward     nan  ep_len    nan  fell    0  err_xy 0.033  std 0.300  lr 1.0e-04  fps   9405   940.9s
it 6867/7200  reward   58.47  ep_len  400.0  fell    0  err_xy 0.102  std 0.300  lr 1.0e-04  fps   7514   941.2s
it 6868/7200  reward     nan  ep_len    nan  fell    0  err_xy 0.293  std 0.300  lr 1.0e-04  fps  10031   941.4s
it 6869/7200  reward     nan  ep_len    nan  fell    0  err_xy 0.273  std 0.300  lr 1.0e-04  fps   9872   941.6s
it 6870/7200  reward     nan  ep_len    nan  fell    0  err_xy 0.225  std 0.300  lr 1.0e-04  fps   9823   941.9s
it 6871/7200  reward     nan  ep_len    nan  fell    0  err_xy 0.220  std 0.300  lr 1.0e-04  fps   9824   942.1s
it 6872/7200  reward     nan  ep_len    nan  fell    0  err_xy 0.234  std 0.300  lr 1.0e-04  fps   9684   942.4s
it 6873/7200  reward     nan  ep_len    nan  fell    0  err_xy 0.194  std 0.300  lr 1.0e-04  fps   9327   942.6s
it 6874/7200  reward     nan  ep_len    nan  fell    0  err_xy 0.161  std 0.300  lr 1.0e-04  fps   9359   942.9s
it 6875/7200  reward     nan  ep_len    nan  fell    0  err_xy 0.120  std 0.300  lr 1.0e-04  fps   9333   943.1s
it 6876/7200  reward     nan  ep_len    nan  fell    0  err_xy 0.097  std 0.300  lr 1.0e-04  fps   9162   943.4s
it 6877/7200  reward     nan  ep_len    nan  fell    0  err_xy 0.073  std 0.300  lr 1.0e-04  fps   7859   943.6s
it 6878/7200  reward     nan  ep_len    nan  fell    0  err_xy 0.063  std 0.300  lr 1.0e-04  fps   8302   943.9s
it 6879/7200  reward     nan  ep_len    nan  fell    0  err_xy 0.056  std 0.300  lr 1.0e-04  fps   9156   944.2s
it 6880/7200  reward     nan  ep_len    nan  fell    0  err_xy 0.041  std 0.300  lr 1.0e-04  fps   9325   944.4s
it 6881/7200  reward     nan  ep_len    nan  fell    0  err_xy 0.035  std 0.300  lr 1.0e-04  fps   8807   944.7s
it 6882/7200  reward     nan  ep_len    nan  fell    0  err_xy 0.031  std 0.300  lr 1.0e-04  fps   7651   945.0s
it 6883/7200  reward     nan  ep_len    nan  fell    0  err_xy 0.027  std 0.300  lr 1.0e-04  fps   7375   945.3s
it 6884/7200  reward   58.06  ep_len  400.0  fell    0  err_xy 0.211  std 0.300  lr 1.0e-04  fps   6908   945.6s
it 6885/7200  reward     nan  ep_len    nan  fell    0  err_xy 0.277  std 0.300  lr 1.0e-04  fps   9544   945.9s
it 6886/7200  reward     nan  ep_len    nan  fell    0  err_xy 0.239  std 0.300  lr 1.0e-04  fps   9129   946.1s
it 6887/7200  reward     nan  ep_len    nan  fell    0  err_xy 0.226  std 0.300  lr 1.0e-04  fps   9396   946.4s
it 6888/7200  reward     nan  ep_len    nan  fell    0  err_xy 0.216  std 0.300  lr 1.0e-04  fps   9725   946.6s
it 6889/7200  reward     nan  ep_len    nan  fell    0  err_xy 0.218  std 0.300  lr 1.0e-04  fps   9395   946.9s
it 6890/7200  reward     nan  ep_len    nan  fell    0  err_xy 0.156  std 0.300  lr 1.0e-04  fps   8936   947.1s
it 6891/7200  reward     nan  ep_len    nan  fell    0  err_xy 0.115  std 0.300  lr 1.0e-04  fps   8431   947.4s
it 6892/7200  reward     nan  ep_len    nan  fell    0  err_xy 0.090  std 0.300  lr 1.0e-04  fps   8596   947.7s
it 6893/7200  reward     nan  ep_len    nan  fell    0  err_xy 0.060  std 0.300  lr 1.0e-04  fps   8248   947.9s
it 6894/7200  reward     nan  ep_len    nan  fell    0  err_xy 0.044  std 0.300  lr 1.0e-04  fps   8705   948.2s
it 6895/7200  reward     nan  ep_len    nan  fell    0  err_xy 0.038  std 0.300  lr 1.0e-04  fps   9175   948.5s
it 6896/7200  reward     nan  ep_len    nan  fell    0  err_xy 0.039  std 0.300  lr 1.0e-04  fps   9053   948.7s
it 6897/7200  reward     nan  ep_len    nan  fell    0  err_xy 0.032  std 0.300  lr 1.0e-04  fps   9032   949.0s
it 6898/7200  reward     nan  ep_len    nan  fell    0  err_xy 0.027  std 0.300  lr 1.0e-04  fps   9146   949.2s
it 6899/7200  reward     nan  ep_len    nan  fell    0  err_xy 0.023  std 0.300  lr 1.0e-04  fps   9020   949.5s
it 6900/7200  reward   61.42  ep_len  400.0  fell    0  err_xy 0.014  std 0.300  lr 1.0e-04  fps   7288   949.8s
it 6901/7200  reward     nan  ep_len    nan  fell    0  err_xy 0.286  std 0.300  lr 1.0e-04  fps   9556   950.0s
it 6902/7200  reward     nan  ep_len    nan  fell    0  err_xy 0.279  std 0.300  lr 1.0e-04  fps   8660   950.3s
it 6903/7200  reward     nan  ep_len    nan  fell    0  err_xy 0.209  std 0.300  lr 1.0e-04  fps   9472   950.5s
it 6904/7200  reward     nan  ep_len    nan  fell    0  err_xy 0.217  std 0.300  lr 1.0e-04  fps   9709   950.8s
it 6905/7200  reward     nan  ep_len    nan  fell    0  err_xy 0.239  std 0.300  lr 1.0e-04  fps   9803   951.0s
it 6906/7200  reward     nan  ep_len    nan  fell    0  err_xy 0.218  std 0.300  lr 1.0e-04  fps   9411   951.3s
it 6907/7200  reward     nan  ep_len    nan  fell    0  err_xy 0.148  std 0.300  lr 1.0e-04  fps   9369   951.5s
it 6908/7200  reward     nan  ep_len    nan  fell    0  err_xy 0.114  std 0.300  lr 1.0e-04  fps   9291   951.7s
it 6909/7200  reward     nan  ep_len    nan  fell    0  err_xy 0.116  std 0.300  lr 1.0e-04  fps   9242   952.0s
it 6910/7200  reward     nan  ep_len    nan  fell    0  err_xy 0.095  std 0.300  lr 1.0e-04  fps   9245   952.2s
it 6911/7200  reward     nan  ep_len    nan  fell    0  err_xy 0.073  std 0.300  lr 1.0e-04  fps   9275   952.5s
it 6912/7200  reward     nan  ep_len    nan  fell    0  err_xy 0.045  std 0.300  lr 1.0e-04  fps   9221   952.7s
it 6913/7200  reward     nan  ep_len    nan  fell    0  err_xy 0.044  std 0.300  lr 1.0e-04  fps   9181   953.0s
it 6914/7200  reward     nan  ep_len    nan  fell    0  err_xy 0.044  std 0.300  lr 1.0e-04  fps   8292   953.3s
it 6915/7200  reward     nan  ep_len    nan  fell    0  err_xy 0.036  std 0.300  lr 1.0e-04  fps   7933   953.6s
it 6916/7200  reward     nan  ep_len    nan  fell    0  err_xy 0.025  std 0.300  lr 1.0e-04  fps   8710   953.8s
it 6917/7200  reward   58.99  ep_len  400.0  fell    0  err_xy 0.098  std 0.300  lr 1.0e-04  fps   7255   954.2s
it 6918/7200  reward     nan  ep_len    nan  fell    0  err_xy 0.297  std 0.300  lr 1.0e-04  fps   9905   954.4s
it 6919/7200  reward     nan  ep_len    nan  fell    0  err_xy 0.252  std 0.300  lr 1.0e-04  fps   9869   954.6s
it 6920/7200  reward     nan  ep_len    nan  fell    0  err_xy 0.222  std 0.300  lr 1.0e-04  fps   9961   954.8s
it 6921/7200  reward     nan  ep_len    nan  fell    0  err_xy 0.223  std 0.300  lr 1.0e-04  fps   9801   955.1s
it 6922/7200  reward     nan  ep_len    nan  fell    0  err_xy 0.219  std 0.300  lr 1.0e-04  fps   9458   955.3s
it 6923/7200  reward     nan  ep_len    nan  fell    0  err_xy 0.180  std 0.300  lr 1.0e-04  fps   8868   955.6s
it 6924/7200  reward     nan  ep_len    nan  fell    0  err_xy 0.142  std 0.300  lr 1.0e-04  fps   8563   955.9s
it 6925/7200  reward     nan  ep_len    nan  fell    0  err_xy 0.092  std 0.300  lr 1.0e-04  fps   9060   956.1s
it 6926/7200  reward     nan  ep_len    nan  fell    0  err_xy 0.059  std 0.300  lr 1.0e-04  fps   9412   956.4s
it 6927/7200  reward     nan  ep_len    nan  fell    0  err_xy 0.049  std 0.300  lr 1.0e-04  fps   9204   956.6s
it 6928/7200  reward     nan  ep_len    nan  fell    0  err_xy 0.044  std 0.300  lr 1.0e-04  fps   9289   956.9s
it 6929/7200  reward     nan  ep_len    nan  fell    0  err_xy 0.029  std 0.300  lr 1.0e-04  fps   9264   957.1s
it 6930/7200  reward     nan  ep_len    nan  fell    0  err_xy 0.021  std 0.300  lr 1.0e-04  fps   9298   957.4s
it 6931/7200  reward     nan  ep_len    nan  fell    0  err_xy 0.028  std 0.300  lr 1.0e-04  fps   9156   957.6s
it 6932/7200  reward     nan  ep_len    nan  fell    0  err_xy 0.025  std 0.300  lr 1.0e-04  fps   9012   957.9s
it 6933/7200  reward     nan  ep_len    nan  fell    0  err_xy 0.025  std 0.300  lr 1.0e-04  fps   8660   958.1s
it 6934/7200  reward   57.49  ep_len  400.0  fell    0  err_xy 0.192  std 0.300  lr 1.0e-04  fps   6919   958.5s
it 6935/7200  reward     nan  ep_len    nan  fell    0  err_xy 0.265  std 0.300  lr 1.0e-04  fps   9435   958.7s
it 6936/7200  reward     nan  ep_len    nan  fell    0  err_xy 0.216  std 0.300  lr 1.0e-04  fps   9412   959.0s
it 6937/7200  reward     nan  ep_len    nan  fell    0  err_xy 0.190  std 0.300  lr 1.0e-04  fps   9817   959.2s
it 6938/7200  reward     nan  ep_len    nan  fell    0  err_xy 0.219  std 0.300  lr 1.0e-04  fps   9314   959.4s
it 6939/7200  reward     nan  ep_len    nan  fell    0  err_xy 0.215  std 0.300  lr 1.0e-04  fps   8910   959.7s
it 6940/7200  reward     nan  ep_len    nan  fell    0  err_xy 0.159  std 0.300  lr 1.0e-04  fps   8943   960.0s
it 6941/7200  reward     nan  ep_len    nan  fell    0  err_xy 0.101  std 0.300  lr 1.0e-04  fps   8548   960.2s
it 6942/7200  reward     nan  ep_len    nan  fell    0  err_xy 0.096  std 0.300  lr 1.0e-04  fps   8896   960.5s
it 6943/7200  reward     nan  ep_len    nan  fell    0  err_xy 0.073  std 0.300  lr 1.0e-04  fps   9134   960.7s
it 6944/7200  reward     nan  ep_len    nan  fell    0  err_xy 0.064  std 0.300  lr 1.0e-04  fps   8986   961.0s
it 6945/7200  reward     nan  ep_len    nan  fell    0  err_xy 0.047  std 0.300  lr 1.0e-04  fps   8591   961.3s
it 6946/7200  reward     nan  ep_len    nan  fell    0  err_xy 0.044  std 0.300  lr 1.0e-04  fps   8510   961.5s
it 6947/7200  reward     nan  ep_len    nan  fell    0  err_xy 0.031  std 0.300  lr 1.0e-04  fps   8547   961.8s
it 6948/7200  reward     nan  ep_len    nan  fell    0  err_xy 0.028  std 0.300  lr 1.0e-04  fps   9089   962.1s
it 6949/7200  reward     nan  ep_len    nan  fell    0  err_xy 0.019  std 0.300  lr 1.0e-04  fps   9180   962.3s
it 6950/7200  reward   61.37  ep_len  400.0  fell    0  err_xy 0.015  std 0.300  lr 1.0e-04  fps   7139   962.6s
it 6951/7200  reward     nan  ep_len    nan  fell    0  err_xy 0.311  std 0.300  lr 1.0e-04  fps   9685   962.9s
it 6952/7200  reward     nan  ep_len    nan  fell    0  err_xy 0.276  std 0.300  lr 1.0e-04  fps   9202   963.1s
it 6953/7200  reward     nan  ep_len    nan  fell    0  err_xy 0.209  std 0.300  lr 1.0e-04  fps   9793   963.4s
it 6954/7200  reward     nan  ep_len    nan  fell    0  err_xy 0.211  std 0.300  lr 1.0e-04  fps   9851   963.6s
it 6955/7200  reward     nan  ep_len    nan  fell    0  err_xy 0.227  std 0.300  lr 1.0e-04  fps   9560   963.8s
it 6956/7200  reward     nan  ep_len    nan  fell    0  err_xy 0.209  std 0.300  lr 1.0e-04  fps   9297   964.1s
it 6957/7200  reward     nan  ep_len    nan  fell    0  err_xy 0.158  std 0.300  lr 1.0e-04  fps   8714   964.3s
it 6958/7200  reward     nan  ep_len    nan  fell    0  err_xy 0.141  std 0.300  lr 1.0e-04  fps   8925   964.6s
it 6959/7200  reward     nan  ep_len    nan  fell    0  err_xy 0.099  std 0.300  lr 1.0e-04  fps   8311   964.9s
it 6960/7200  reward     nan  ep_len    nan  fell    0  err_xy 0.083  std 0.300  lr 1.0e-04  fps   8946   965.1s
it 6961/7200  reward     nan  ep_len    nan  fell    0  err_xy 0.071  std 0.300  lr 1.0e-04  fps   9190   965.4s
it 6962/7200  reward     nan  ep_len    nan  fell    0  err_xy 0.054  std 0.300  lr 1.0e-04  fps   9068   965.6s
it 6963/7200  reward     nan  ep_len    nan  fell    0  err_xy 0.045  std 0.300  lr 1.0e-04  fps   8923   965.9s
it 6964/7200  reward     nan  ep_len    nan  fell    0  err_xy 0.035  std 0.300  lr 1.0e-04  fps   8405   966.2s
it 6965/7200  reward     nan  ep_len    nan  fell    0  err_xy 0.033  std 0.300  lr 1.0e-04  fps   8880   966.4s
it 6966/7200  reward     nan  ep_len    nan  fell    0  err_xy 0.030  std 0.300  lr 1.0e-04  fps   9068   966.7s
it 6967/7200  reward   56.09  ep_len  400.0  fell    0  err_xy 0.108  std 0.300  lr 1.0e-04  fps   7031   967.0s
it 6968/7200  reward     nan  ep_len    nan  fell    0  err_xy 0.297  std 0.300  lr 1.0e-04  fps   9217   967.3s
it 6969/7200  reward     nan  ep_len    nan  fell    0  err_xy 0.252  std 0.300  lr 1.0e-04  fps   9076   967.5s
it 6970/7200  reward     nan  ep_len    nan  fell    0  err_xy 0.194  std 0.300  lr 1.0e-04  fps   9153   967.8s
it 6971/7200  reward     nan  ep_len    nan  fell    0  err_xy 0.218  std 0.300  lr 1.0e-04  fps   9771   968.0s
it 6972/7200  reward     nan  ep_len    nan  fell    0  err_xy 0.223  std 0.300  lr 1.0e-04  fps   8796   968.3s
it 6973/7200  reward     nan  ep_len    nan  fell    0  err_xy 0.197  std 0.300  lr 1.0e-04  fps   8834   968.5s
it 6974/7200  reward     nan  ep_len    nan  fell    0  err_xy 0.139  std 0.300  lr 1.0e-04  fps   8296   968.8s
it 6975/7200  reward     nan  ep_len    nan  fell    0  err_xy 0.108  std 0.300  lr 1.0e-04  fps   8888   969.1s
it 6976/7200  reward     nan  ep_len    nan  fell    0  err_xy 0.090  std 0.300  lr 1.0e-04  fps   8499   969.3s
it 6977/7200  reward     nan  ep_len    nan  fell    0  err_xy 0.067  std 0.300  lr 1.0e-04  fps   7804   969.6s
it 6978/7200  reward     nan  ep_len    nan  fell    0  err_xy 0.058  std 0.300  lr 1.0e-04  fps   8498   969.9s
it 6979/7200  reward     nan  ep_len    nan  fell    0  err_xy 0.049  std 0.300  lr 1.0e-04  fps   9077   970.2s
it 6980/7200  reward     nan  ep_len    nan  fell    0  err_xy 0.036  std 0.300  lr 1.0e-04  fps   9013   970.4s
it 6981/7200  reward     nan  ep_len    nan  fell    0  err_xy 0.027  std 0.300  lr 1.0e-04  fps   9069   970.7s
it 6982/7200  reward     nan  ep_len    nan  fell    0  err_xy 0.022  std 0.300  lr 1.0e-04  fps   9094   970.9s
it 6983/7200  reward     nan  ep_len    nan  fell    0  err_xy 0.020  std 0.300  lr 1.0e-04  fps   9085   971.2s
it 6984/7200  reward   59.37  ep_len  400.0  fell    0  err_xy 0.202  std 0.300  lr 1.0e-04  fps   6972   971.5s
it 6985/7200  reward     nan  ep_len    nan  fell    0  err_xy 0.264  std 0.300  lr 1.0e-04  fps   9140   971.8s
it 6986/7200  reward     nan  ep_len    nan  fell    0  err_xy 0.210  std 0.300  lr 1.0e-04  fps   8399   972.0s
it 6987/7200  reward     nan  ep_len    nan  fell    0  err_xy 0.217  std 0.300  lr 1.0e-04  fps   8578   972.3s
it 6988/7200  reward     nan  ep_len    nan  fell    0  err_xy 0.224  std 0.300  lr 1.0e-04  fps   8906   972.6s
it 6989/7200  reward     nan  ep_len    nan  fell    0  err_xy 0.227  std 0.300  lr 1.0e-04  fps   9005   972.8s
it 6990/7200  reward     nan  ep_len    nan  fell    0  err_xy 0.173  std 0.300  lr 1.0e-04  fps   9325   973.1s
it 6991/7200  reward     nan  ep_len    nan  fell    0  err_xy 0.134  std 0.300  lr 1.0e-04  fps   9225   973.3s
it 6992/7200  reward     nan  ep_len    nan  fell    0  err_xy 0.090  std 0.300  lr 1.0e-04  fps   9183   973.6s
it 6993/7200  reward     nan  ep_len    nan  fell    0  err_xy 0.073  std 0.300  lr 1.0e-04  fps   9170   973.8s
it 6994/7200  reward     nan  ep_len    nan  fell    0  err_xy 0.045  std 0.300  lr 1.0e-04  fps   9100   974.1s
it 6995/7200  reward     nan  ep_len    nan  fell    0  err_xy 0.040  std 0.300  lr 1.0e-04  fps   9218   974.3s
it 6996/7200  reward     nan  ep_len    nan  fell    0  err_xy 0.027  std 0.300  lr 1.0e-04  fps   9140   974.6s
it 6997/7200  reward     nan  ep_len    nan  fell    0  err_xy 0.020  std 0.300  lr 1.0e-04  fps   8193   974.9s
it 6998/7200  reward     nan  ep_len    nan  fell    0  err_xy 0.017  std 0.300  lr 1.0e-04  fps   9322   975.1s
it 6999/7200  reward     nan  ep_len    nan  fell    0  err_xy 0.017  std 0.300  lr 1.0e-04  fps   9284   975.4s
it 7000/7200  reward   59.63  ep_len  400.0  fell    0  err_xy 0.014  std 0.300  lr 1.0e-04  fps   7268   975.7s
eval iteration 7000:
  prone          success   0.0%  time 8.00s  peak_τ 0.96 Nm  return 61.15
  supine         success   0.0%  time 8.00s  peak_τ 0.96 Nm  return 62.18
  score 0.000
it 7001/7200  reward     nan  ep_len    nan  fell    0  err_xy 0.279  std 0.300  lr 1.0e-04  fps   8944   978.0s
it 7002/7200  reward     nan  ep_len    nan  fell    0  err_xy 0.249  std 0.300  lr 1.0e-04  fps   9566   978.2s
it 7003/7200  reward     nan  ep_len    nan  fell    0  err_xy 0.186  std 0.300  lr 1.0e-04  fps   9997   978.5s
it 7004/7200  reward     nan  ep_len    nan  fell    0  err_xy 0.189  std 0.300  lr 1.0e-04  fps   9854   978.7s
it 7005/7200  reward     nan  ep_len    nan  fell    0  err_xy 0.197  std 0.300  lr 1.0e-04  fps   9763   979.0s
it 7006/7200  reward     nan  ep_len    nan  fell    0  err_xy 0.208  std 0.300  lr 1.0e-04  fps   9546   979.2s
it 7007/7200  reward     nan  ep_len    nan  fell    0  err_xy 0.152  std 0.300  lr 1.0e-04  fps   9366   979.4s
it 7008/7200  reward     nan  ep_len    nan  fell    0  err_xy 0.092  std 0.300  lr 1.0e-04  fps   9169   979.7s
it 7009/7200  reward     nan  ep_len    nan  fell    0  err_xy 0.081  std 0.300  lr 1.0e-04  fps   9190   979.9s
it 7010/7200  reward     nan  ep_len    nan  fell    0  err_xy 0.055  std 0.300  lr 1.0e-04  fps   9103   980.2s
it 7011/7200  reward     nan  ep_len    nan  fell    0  err_xy 0.044  std 0.300  lr 1.0e-04  fps   8991   980.5s
it 7012/7200  reward     nan  ep_len    nan  fell    0  err_xy 0.033  std 0.300  lr 1.0e-04  fps   9225   980.7s
it 7013/7200  reward     nan  ep_len    nan  fell    0  err_xy 0.018  std 0.300  lr 1.0e-04  fps   9229   981.0s
it 7014/7200  reward     nan  ep_len    nan  fell    0  err_xy 0.018  std 0.300  lr 1.0e-04  fps   9351   981.2s
it 7015/7200  reward     nan  ep_len    nan  fell    0  err_xy 0.018  std 0.300  lr 1.0e-04  fps   9300   981.4s
it 7016/7200  reward     nan  ep_len    nan  fell    0  err_xy 0.019  std 0.300  lr 1.0e-04  fps   8939   981.7s
it 7017/7200  reward   58.93  ep_len  400.0  fell    0  err_xy 0.096  std 0.300  lr 1.0e-04  fps   6351   982.1s
it 7018/7200  reward     nan  ep_len    nan  fell    0  err_xy 0.299  std 0.300  lr 1.0e-04  fps   8819   982.3s
it 7019/7200  reward     nan  ep_len    nan  fell    0  err_xy 0.235  std 0.300  lr 1.0e-04  fps   9372   982.6s
it 7020/7200  reward     nan  ep_len    nan  fell    0  err_xy 0.193  std 0.300  lr 1.0e-04  fps   8978   982.8s
it 7021/7200  reward     nan  ep_len    nan  fell    0  err_xy 0.206  std 0.300  lr 1.0e-04  fps   9599   983.1s
it 7022/7200  reward     nan  ep_len    nan  fell    0  err_xy 0.233  std 0.300  lr 1.0e-04  fps   9532   983.3s
it 7023/7200  reward     nan  ep_len    nan  fell    0  err_xy 0.199  std 0.300  lr 1.0e-04  fps   9397   983.6s
it 7024/7200  reward     nan  ep_len    nan  fell    0  err_xy 0.174  std 0.300  lr 1.0e-04  fps   9305   983.8s
it 7025/7200  reward     nan  ep_len    nan  fell    0  err_xy 0.162  std 0.300  lr 1.0e-04  fps   9146   984.1s
it 7026/7200  reward     nan  ep_len    nan  fell    0  err_xy 0.123  std 0.300  lr 1.0e-04  fps   8926   984.3s
it 7027/7200  reward     nan  ep_len    nan  fell    0  err_xy 0.108  std 0.300  lr 1.0e-04  fps   9451   984.6s
it 7028/7200  reward     nan  ep_len    nan  fell    0  err_xy 0.103  std 0.300  lr 1.0e-04  fps   9238   984.8s
it 7029/7200  reward     nan  ep_len    nan  fell    0  err_xy 0.085  std 0.300  lr 1.0e-04  fps   9660   985.1s
it 7030/7200  reward     nan  ep_len    nan  fell    0  err_xy 0.083  std 0.300  lr 1.0e-04  fps   9330   985.3s
it 7031/7200  reward     nan  ep_len    nan  fell    0  err_xy 0.070  std 0.300  lr 1.0e-04  fps   9186   985.5s
it 7032/7200  reward     nan  ep_len    nan  fell    0  err_xy 0.056  std 0.300  lr 1.0e-04  fps   9428   985.8s
it 7033/7200  reward     nan  ep_len    nan  fell    0  err_xy 0.049  std 0.300  lr 1.0e-04  fps   9541   986.0s
it 7034/7200  reward   52.38  ep_len  400.0  fell    0  err_xy 0.228  std 0.300  lr 1.0e-04  fps   6840   986.4s
it 7035/7200  reward     nan  ep_len    nan  fell    0  err_xy 0.268  std 0.300  lr 1.0e-04  fps   9513   986.6s
it 7036/7200  reward     nan  ep_len    nan  fell    0  err_xy 0.207  std 0.300  lr 1.0e-04  fps   8966   986.9s
it 7037/7200  reward     nan  ep_len    nan  fell    0  err_xy 0.192  std 0.300  lr 1.0e-04  fps   9577   987.1s
it 7038/7200  reward     nan  ep_len    nan  fell    0  err_xy 0.227  std 0.300  lr 1.0e-04  fps   9187   987.4s
it 7039/7200  reward     nan  ep_len    nan  fell    0  err_xy 0.235  std 0.300  lr 1.0e-04  fps   9287   987.6s
it 7040/7200  reward     nan  ep_len    nan  fell    0  err_xy 0.219  std 0.300  lr 1.0e-04  fps   9531   987.9s
it 7041/7200  reward     nan  ep_len    nan  fell    0  err_xy 0.178  std 0.300  lr 1.0e-04  fps   9170   988.1s
it 7042/7200  reward     nan  ep_len    nan  fell    0  err_xy 0.149  std 0.300  lr 1.0e-04  fps   9084   988.4s
it 7043/7200  reward     nan  ep_len    nan  fell    0  err_xy 0.119  std 0.300  lr 1.0e-04  fps   9263   988.6s
it 7044/7200  reward     nan  ep_len    nan  fell    0  err_xy 0.110  std 0.300  lr 1.0e-04  fps   8793   988.9s
it 7045/7200  reward     nan  ep_len    nan  fell    0  err_xy 0.090  std 0.300  lr 1.0e-04  fps   8021   989.2s
it 7046/7200  reward     nan  ep_len    nan  fell    0  err_xy 0.091  std 0.300  lr 1.0e-04  fps   8620   989.4s
it 7047/7200  reward     nan  ep_len    nan  fell    0  err_xy 0.068  std 0.300  lr 1.0e-04  fps   8922   989.7s
it 7048/7200  reward     nan  ep_len    nan  fell    0  err_xy 0.060  std 0.300  lr 1.0e-04  fps   8893   989.9s
it 7049/7200  reward     nan  ep_len    nan  fell    0  err_xy 0.042  std 0.300  lr 1.0e-04  fps   8873   990.2s
it 7050/7200  reward   50.61  ep_len  400.0  fell    0  err_xy 0.035  std 0.300  lr 1.0e-04  fps   6874   990.5s
it 7051/7200  reward     nan  ep_len    nan  fell    0  err_xy 0.289  std 0.300  lr 1.0e-04  fps   9009   990.8s
it 7052/7200  reward     nan  ep_len    nan  fell    0  err_xy 0.251  std 0.300  lr 1.0e-04  fps   8679   991.1s
it 7053/7200  reward     nan  ep_len    nan  fell    0  err_xy 0.181  std 0.300  lr 1.0e-04  fps   8806   991.3s
it 7054/7200  reward     nan  ep_len    nan  fell    0  err_xy 0.181  std 0.300  lr 1.0e-04  fps   8997   991.6s
it 7055/7200  reward     nan  ep_len    nan  fell    0  err_xy 0.210  std 0.300  lr 1.0e-04  fps   9391   991.8s
it 7056/7200  reward     nan  ep_len    nan  fell    0  err_xy 0.222  std 0.300  lr 1.0e-04  fps   9782   992.1s
it 7057/7200  reward     nan  ep_len    nan  fell    0  err_xy 0.179  std 0.300  lr 1.0e-04  fps   9539   992.3s
it 7058/7200  reward     nan  ep_len    nan  fell    0  err_xy 0.143  std 0.300  lr 1.0e-04  fps   9428   992.6s
it 7059/7200  reward     nan  ep_len    nan  fell    0  err_xy 0.101  std 0.300  lr 1.0e-04  fps   9568   992.8s
it 7060/7200  reward     nan  ep_len    nan  fell    0  err_xy 0.076  std 0.300  lr 1.0e-04  fps   8700   993.1s
it 7061/7200  reward     nan  ep_len    nan  fell    0  err_xy 0.058  std 0.300  lr 1.0e-04  fps   8405   993.3s
it 7062/7200  reward     nan  ep_len    nan  fell    0  err_xy 0.058  std 0.300  lr 1.0e-04  fps   7851   993.6s
it 7063/7200  reward     nan  ep_len    nan  fell    0  err_xy 0.047  std 0.300  lr 1.0e-04  fps   8216   993.9s
it 7064/7200  reward     nan  ep_len    nan  fell    0  err_xy 0.046  std 0.300  lr 1.0e-04  fps   9243   994.2s
it 7065/7200  reward     nan  ep_len    nan  fell    0  err_xy 0.037  std 0.300  lr 1.0e-04  fps   8930   994.4s
it 7066/7200  reward     nan  ep_len    nan  fell    0  err_xy 0.033  std 0.300  lr 1.0e-04  fps   8592   994.7s
it 7067/7200  reward   54.77  ep_len  400.0  fell    0  err_xy 0.102  std 0.300  lr 1.0e-04  fps   6616   995.0s
it 7068/7200  reward     nan  ep_len    nan  fell    0  err_xy 0.276  std 0.300  lr 1.0e-04  fps   9253   995.3s
it 7069/7200  reward     nan  ep_len    nan  fell    0  err_xy 0.221  std 0.300  lr 1.0e-04  fps   9598   995.5s
it 7070/7200  reward     nan  ep_len    nan  fell    0  err_xy 0.179  std 0.300  lr 1.0e-04  fps   9528   995.8s
it 7071/7200  reward     nan  ep_len    nan  fell    0  err_xy 0.184  std 0.300  lr 1.0e-04  fps   9209   996.0s
it 7072/7200  reward     nan  ep_len    nan  fell    0  err_xy 0.214  std 0.300  lr 1.0e-04  fps   8912   996.3s
it 7073/7200  reward     nan  ep_len    nan  fell    0  err_xy 0.211  std 0.300  lr 1.0e-04  fps   8673   996.5s
it 7074/7200  reward     nan  ep_len    nan  fell    0  err_xy 0.174  std 0.300  lr 1.0e-04  fps   8559   996.8s
it 7075/7200  reward     nan  ep_len    nan  fell    0  err_xy 0.158  std 0.300  lr 1.0e-04  fps   8571   997.1s
it 7076/7200  reward     nan  ep_len    nan  fell    0  err_xy 0.107  std 0.300  lr 1.0e-04  fps   8951   997.3s
it 7077/7200  reward     nan  ep_len    nan  fell    0  err_xy 0.092  std 0.300  lr 1.0e-04  fps   8424   997.6s
it 7078/7200  reward     nan  ep_len    nan  fell    0  err_xy 0.059  std 0.300  lr 1.0e-04  fps   9124   997.9s
it 7079/7200  reward     nan  ep_len    nan  fell    0  err_xy 0.054  std 0.300  lr 1.0e-04  fps   8948   998.1s
it 7080/7200  reward     nan  ep_len    nan  fell    0  err_xy 0.047  std 0.300  lr 1.0e-04  fps   8758   998.4s
it 7081/7200  reward     nan  ep_len    nan  fell    0  err_xy 0.039  std 0.300  lr 1.0e-04  fps   9270   998.6s
it 7082/7200  reward     nan  ep_len    nan  fell    0  err_xy 0.026  std 0.300  lr 1.0e-04  fps   8270   998.9s
it 7083/7200  reward     nan  ep_len    nan  fell    0  err_xy 0.023  std 0.300  lr 1.0e-04  fps   8590   999.2s
it 7084/7200  reward   54.42  ep_len  400.0  fell    0  err_xy 0.212  std 0.300  lr 1.0e-04  fps   7271   999.5s
it 7085/7200  reward     nan  ep_len    nan  fell    0  err_xy 0.268  std 0.300  lr 1.0e-04  fps   9482   999.7s
it 7086/7200  reward     nan  ep_len    nan  fell    0  err_xy 0.229  std 0.300  lr 1.0e-04  fps   9432  1000.0s
it 7087/7200  reward     nan  ep_len    nan  fell    0  err_xy 0.210  std 0.300  lr 1.0e-04  fps   9087  1000.2s
it 7088/7200  reward     nan  ep_len    nan  fell    0  err_xy 0.215  std 0.300  lr 1.0e-04  fps   9570  1000.5s
it 7089/7200  reward     nan  ep_len    nan  fell    0  err_xy 0.225  std 0.300  lr 1.0e-04  fps   9479  1000.7s
it 7090/7200  reward     nan  ep_len    nan  fell    0  err_xy 0.224  std 0.300  lr 1.0e-04  fps   9413  1001.0s
it 7091/7200  reward     nan  ep_len    nan  fell    0  err_xy 0.162  std 0.300  lr 1.0e-04  fps   9237  1001.2s
it 7092/7200  reward     nan  ep_len    nan  fell    0  err_xy 0.121  std 0.300  lr 1.0e-04  fps   9192  1001.5s
it 7093/7200  reward     nan  ep_len    nan  fell    0  err_xy 0.086  std 0.300  lr 1.0e-04  fps   9106  1001.7s
it 7094/7200  reward     nan  ep_len    nan  fell    0  err_xy 0.076  std 0.300  lr 1.0e-04  fps   9283  1002.0s
it 7095/7200  reward     nan  ep_len    nan  fell    0  err_xy 0.069  std 0.300  lr 1.0e-04  fps   9314  1002.2s
it 7096/7200  reward     nan  ep_len    nan  fell    0  err_xy 0.072  std 0.300  lr 1.0e-04  fps   9413  1002.5s
it 7097/7200  reward     nan  ep_len    nan  fell    0  err_xy 0.065  std 0.300  lr 1.0e-04  fps   9270  1002.7s
it 7098/7200  reward     nan  ep_len    nan  fell    0  err_xy 0.060  std 0.300  lr 1.0e-04  fps   9130  1003.0s
it 7099/7200  reward     nan  ep_len    nan  fell    0  err_xy 0.046  std 0.300  lr 1.0e-04  fps   9330  1003.2s
it 7100/7200  reward   51.19  ep_len  400.0  fell    0  err_xy 0.037  std 0.300  lr 1.0e-04  fps   7242  1003.5s
it 7101/7200  reward     nan  ep_len    nan  fell    0  err_xy 0.304  std 0.300  lr 1.0e-04  fps   9613  1003.8s
it 7102/7200  reward     nan  ep_len    nan  fell    0  err_xy 0.282  std 0.300  lr 1.0e-04  fps   9872  1004.0s
it 7103/7200  reward     nan  ep_len    nan  fell    0  err_xy 0.215  std 0.300  lr 1.0e-04  fps   9880  1004.2s
it 7104/7200  reward     nan  ep_len    nan  fell    0  err_xy 0.211  std 0.300  lr 1.0e-04  fps   9911  1004.5s
it 7105/7200  reward     nan  ep_len    nan  fell    0  err_xy 0.233  std 0.300  lr 1.0e-04  fps   9754  1004.7s
it 7106/7200  reward     nan  ep_len    nan  fell    0  err_xy 0.195  std 0.300  lr 1.0e-04  fps   9605  1004.9s
it 7107/7200  reward     nan  ep_len    nan  fell    0  err_xy 0.201  std 0.300  lr 1.0e-04  fps   9054  1005.2s
it 7108/7200  reward     nan  ep_len    nan  fell    0  err_xy 0.182  std 0.300  lr 1.0e-04  fps   9484  1005.4s
it 7109/7200  reward     nan  ep_len    nan  fell    0  err_xy 0.147  std 0.300  lr 1.0e-04  fps   9449  1005.7s
it 7110/7200  reward     nan  ep_len    nan  fell    0  err_xy 0.136  std 0.300  lr 1.0e-04  fps   9078  1005.9s
it 7111/7200  reward     nan  ep_len    nan  fell    0  err_xy 0.118  std 0.300  lr 1.0e-04  fps   9271  1006.2s
it 7112/7200  reward     nan  ep_len    nan  fell    0  err_xy 0.106  std 0.300  lr 1.0e-04  fps   9053  1006.4s
it 7113/7200  reward     nan  ep_len    nan  fell    0  err_xy 0.091  std 0.300  lr 1.0e-04  fps   9301  1006.7s
it 7114/7200  reward     nan  ep_len    nan  fell    0  err_xy 0.078  std 0.300  lr 1.0e-04  fps   9373  1006.9s
it 7115/7200  reward     nan  ep_len    nan  fell    0  err_xy 0.080  std 0.300  lr 1.0e-04  fps   9442  1007.2s
it 7116/7200  reward     nan  ep_len    nan  fell    0  err_xy 0.067  std 0.300  lr 1.0e-04  fps   9391  1007.4s
it 7117/7200  reward   47.19  ep_len  400.0  fell    0  err_xy 0.120  std 0.300  lr 1.0e-04  fps   7274  1007.7s
it 7118/7200  reward     nan  ep_len    nan  fell    0  err_xy 0.286  std 0.300  lr 1.0e-04  fps   9863  1008.0s
it 7119/7200  reward     nan  ep_len    nan  fell    0  err_xy 0.237  std 0.300  lr 1.0e-04  fps   9888  1008.2s
it 7120/7200  reward     nan  ep_len    nan  fell    0  err_xy 0.200  std 0.300  lr 1.0e-04  fps   9948  1008.4s
it 7121/7200  reward     nan  ep_len    nan  fell    0  err_xy 0.207  std 0.300  lr 1.0e-04  fps   9836  1008.7s
it 7122/7200  reward     nan  ep_len    nan  fell    0  err_xy 0.221  std 0.300  lr 1.0e-04  fps   9707  1008.9s
it 7123/7200  reward     nan  ep_len    nan  fell    0  err_xy 0.214  std 0.300  lr 1.0e-04  fps   9603  1009.2s
it 7124/7200  reward     nan  ep_len    nan  fell    0  err_xy 0.195  std 0.300  lr 1.0e-04  fps   9627  1009.4s
it 7125/7200  reward     nan  ep_len    nan  fell    0  err_xy 0.200  std 0.300  lr 1.0e-04  fps   9506  1009.6s
it 7126/7200  reward     nan  ep_len    nan  fell    0  err_xy 0.156  std 0.300  lr 1.0e-04  fps   9465  1009.9s
it 7127/7200  reward     nan  ep_len    nan  fell    0  err_xy 0.128  std 0.300  lr 1.0e-04  fps   9572  1010.1s
it 7128/7200  reward     nan  ep_len    nan  fell    0  err_xy 0.117  std 0.300  lr 1.0e-04  fps   8980  1010.4s
it 7129/7200  reward     nan  ep_len    nan  fell    0  err_xy 0.104  std 0.300  lr 1.0e-04  fps   8346  1010.7s
it 7130/7200  reward     nan  ep_len    nan  fell    0  err_xy 0.086  std 0.300  lr 1.0e-04  fps   8892  1010.9s
it 7131/7200  reward     nan  ep_len    nan  fell    0  err_xy 0.067  std 0.300  lr 1.0e-04  fps   9133  1011.2s
it 7132/7200  reward     nan  ep_len    nan  fell    0  err_xy 0.048  std 0.300  lr 1.0e-04  fps   8889  1011.4s
it 7133/7200  reward     nan  ep_len    nan  fell    0  err_xy 0.041  std 0.300  lr 1.0e-04  fps   8245  1011.7s
it 7134/7200  reward   49.94  ep_len  400.0  fell    0  err_xy 0.207  std 0.300  lr 1.0e-04  fps   7396  1012.0s
it 7135/7200  reward     nan  ep_len    nan  fell    0  err_xy 0.284  std 0.300  lr 1.0e-04  fps   9783  1012.3s
it 7136/7200  reward     nan  ep_len    nan  fell    0  err_xy 0.218  std 0.300  lr 1.0e-04  fps   9810  1012.5s
it 7137/7200  reward     nan  ep_len    nan  fell    0  err_xy 0.212  std 0.300  lr 1.0e-04  fps   9778  1012.7s
it 7138/7200  reward     nan  ep_len    nan  fell    0  err_xy 0.220  std 0.300  lr 1.0e-04  fps   9789  1013.0s
it 7139/7200  reward     nan  ep_len    nan  fell    0  err_xy 0.218  std 0.300  lr 1.0e-04  fps   9542  1013.2s
it 7140/7200  reward     nan  ep_len    nan  fell    0  err_xy 0.175  std 0.300  lr 1.0e-04  fps   9386  1013.5s
it 7141/7200  reward     nan  ep_len    nan  fell    0  err_xy 0.142  std 0.300  lr 1.0e-04  fps   9371  1013.7s
it 7142/7200  reward     nan  ep_len    nan  fell    0  err_xy 0.129  std 0.300  lr 1.0e-04  fps   9311  1013.9s
it 7143/7200  reward     nan  ep_len    nan  fell    0  err_xy 0.096  std 0.300  lr 1.0e-04  fps   9266  1014.2s
it 7144/7200  reward     nan  ep_len    nan  fell    0  err_xy 0.086  std 0.300  lr 1.0e-04  fps   9464  1014.4s
it 7145/7200  reward     nan  ep_len    nan  fell    0  err_xy 0.069  std 0.300  lr 1.0e-04  fps   9423  1014.7s
it 7146/7200  reward     nan  ep_len    nan  fell    0  err_xy 0.059  std 0.300  lr 1.0e-04  fps   9343  1014.9s
it 7147/7200  reward     nan  ep_len    nan  fell    0  err_xy 0.050  std 0.300  lr 1.0e-04  fps   9345  1015.2s
it 7148/7200  reward     nan  ep_len    nan  fell    0  err_xy 0.041  std 0.300  lr 1.0e-04  fps   9336  1015.4s
it 7149/7200  reward     nan  ep_len    nan  fell    0  err_xy 0.031  std 0.300  lr 1.0e-04  fps   9350  1015.7s
it 7150/7200  reward   55.95  ep_len  400.0  fell    0  err_xy 0.031  std 0.300  lr 1.0e-04  fps   7222  1016.0s
it 7151/7200  reward     nan  ep_len    nan  fell    0  err_xy 0.294  std 0.300  lr 1.0e-04  fps   9703  1016.2s
it 7152/7200  reward     nan  ep_len    nan  fell    0  err_xy 0.288  std 0.300  lr 1.0e-04  fps   9911  1016.5s
it 7153/7200  reward     nan  ep_len    nan  fell    0  err_xy 0.193  std 0.300  lr 1.0e-04  fps   9863  1016.7s
it 7154/7200  reward     nan  ep_len    nan  fell    0  err_xy 0.190  std 0.300  lr 1.0e-04  fps   9811  1016.9s
it 7155/7200  reward     nan  ep_len    nan  fell    0  err_xy 0.217  std 0.300  lr 1.0e-04  fps   9634  1017.2s
it 7156/7200  reward     nan  ep_len    nan  fell    0  err_xy 0.200  std 0.300  lr 1.0e-04  fps   9516  1017.4s
it 7157/7200  reward     nan  ep_len    nan  fell    0  err_xy 0.133  std 0.300  lr 1.0e-04  fps   9281  1017.7s
it 7158/7200  reward     nan  ep_len    nan  fell    0  err_xy 0.113  std 0.300  lr 1.0e-04  fps   9108  1017.9s
it 7159/7200  reward     nan  ep_len    nan  fell    0  err_xy 0.082  std 0.300  lr 1.0e-04  fps   9207  1018.2s
it 7160/7200  reward     nan  ep_len    nan  fell    0  err_xy 0.077  std 0.300  lr 1.0e-04  fps   9367  1018.4s
it 7161/7200  reward     nan  ep_len    nan  fell    0  err_xy 0.071  std 0.300  lr 1.0e-04  fps   9342  1018.7s
it 7162/7200  reward     nan  ep_len    nan  fell    0  err_xy 0.060  std 0.300  lr 1.0e-04  fps   9335  1018.9s
it 7163/7200  reward     nan  ep_len    nan  fell    0  err_xy 0.053  std 0.300  lr 1.0e-04  fps   9319  1019.2s
it 7164/7200  reward     nan  ep_len    nan  fell    0  err_xy 0.045  std 0.300  lr 1.0e-04  fps   9297  1019.4s
it 7165/7200  reward     nan  ep_len    nan  fell    0  err_xy 0.029  std 0.300  lr 1.0e-04  fps   9247  1019.7s
it 7166/7200  reward     nan  ep_len    nan  fell    0  err_xy 0.020  std 0.300  lr 1.0e-04  fps   9310  1019.9s
it 7167/7200  reward   58.33  ep_len  400.0  fell    0  err_xy 0.096  std 0.300  lr 1.0e-04  fps   7363  1020.2s
it 7168/7200  reward     nan  ep_len    nan  fell    0  err_xy 0.303  std 0.300  lr 1.0e-04  fps   9709  1020.4s
it 7169/7200  reward     nan  ep_len    nan  fell    0  err_xy 0.248  std 0.300  lr 1.0e-04  fps   9868  1020.7s
it 7170/7200  reward     nan  ep_len    nan  fell    0  err_xy 0.212  std 0.300  lr 1.0e-04  fps   9653  1020.9s
it 7171/7200  reward     nan  ep_len    nan  fell    0  err_xy 0.218  std 0.300  lr 1.0e-04  fps   9698  1021.2s
it 7172/7200  reward     nan  ep_len    nan  fell    0  err_xy 0.205  std 0.300  lr 1.0e-04  fps   9528  1021.4s
it 7173/7200  reward     nan  ep_len    nan  fell    0  err_xy 0.171  std 0.300  lr 1.0e-04  fps   9270  1021.7s
it 7174/7200  reward     nan  ep_len    nan  fell    0  err_xy 0.130  std 0.300  lr 1.0e-04  fps   9274  1021.9s
it 7175/7200  reward     nan  ep_len    nan  fell    0  err_xy 0.107  std 0.300  lr 1.0e-04  fps   9158  1022.2s
it 7176/7200  reward     nan  ep_len    nan  fell    0  err_xy 0.089  std 0.300  lr 1.0e-04  fps   9243  1022.4s
it 7177/7200  reward     nan  ep_len    nan  fell    0  err_xy 0.088  std 0.300  lr 1.0e-04  fps   9212  1022.7s
it 7178/7200  reward     nan  ep_len    nan  fell    0  err_xy 0.080  std 0.300  lr 1.0e-04  fps   9283  1022.9s
it 7179/7200  reward     nan  ep_len    nan  fell    0  err_xy 0.067  std 0.300  lr 1.0e-04  fps   9223  1023.2s
it 7180/7200  reward     nan  ep_len    nan  fell    0  err_xy 0.050  std 0.300  lr 1.0e-04  fps   9186  1023.4s
it 7181/7200  reward     nan  ep_len    nan  fell    0  err_xy 0.038  std 0.300  lr 1.0e-04  fps   9124  1023.7s
it 7182/7200  reward     nan  ep_len    nan  fell    0  err_xy 0.038  std 0.300  lr 1.0e-04  fps   9379  1023.9s
it 7183/7200  reward     nan  ep_len    nan  fell    0  err_xy 0.026  std 0.300  lr 1.0e-04  fps   9368  1024.1s
it 7184/7200  reward   58.52  ep_len  400.0  fell    0  err_xy 0.186  std 0.300  lr 1.0e-04  fps   7296  1024.5s
it 7185/7200  reward     nan  ep_len    nan  fell    0  err_xy 0.263  std 0.300  lr 1.0e-04  fps   9773  1024.7s
it 7186/7200  reward     nan  ep_len    nan  fell    0  err_xy 0.187  std 0.300  lr 1.0e-04  fps   9873  1024.9s
it 7187/7200  reward     nan  ep_len    nan  fell    0  err_xy 0.192  std 0.300  lr 1.0e-04  fps   9799  1025.2s
it 7188/7200  reward     nan  ep_len    nan  fell    0  err_xy 0.203  std 0.300  lr 1.0e-04  fps   9611  1025.4s
it 7189/7200  reward     nan  ep_len    nan  fell    0  err_xy 0.199  std 0.300  lr 1.0e-04  fps   9428  1025.7s
it 7190/7200  reward     nan  ep_len    nan  fell    0  err_xy 0.144  std 0.300  lr 1.0e-04  fps   9254  1025.9s
it 7191/7200  reward     nan  ep_len    nan  fell    0  err_xy 0.096  std 0.300  lr 1.0e-04  fps   9227  1026.2s
it 7192/7200  reward     nan  ep_len    nan  fell    0  err_xy 0.077  std 0.300  lr 1.0e-04  fps   9329  1026.4s
it 7193/7200  reward     nan  ep_len    nan  fell    0  err_xy 0.069  std 0.300  lr 1.0e-04  fps   9262  1026.6s
it 7194/7200  reward     nan  ep_len    nan  fell    0  err_xy 0.056  std 0.300  lr 1.0e-04  fps   9333  1026.9s
it 7195/7200  reward     nan  ep_len    nan  fell    0  err_xy 0.042  std 0.300  lr 1.0e-04  fps   8628  1027.2s
it 7196/7200  reward     nan  ep_len    nan  fell    0  err_xy 0.033  std 0.300  lr 1.0e-04  fps   8506  1027.4s
it 7197/7200  reward     nan  ep_len    nan  fell    0  err_xy 0.024  std 0.300  lr 1.0e-04  fps   8940  1027.7s
it 7198/7200  reward     nan  ep_len    nan  fell    0  err_xy 0.020  std 0.300  lr 1.0e-04  fps   8974  1027.9s
it 7199/7200  reward     nan  ep_len    nan  fell    0  err_xy 0.017  std 0.300  lr 1.0e-04  fps   8957  1028.2s
it 7200/7200  reward   59.36  ep_len  400.0  fell    0  err_xy 0.018  std 0.300  lr 1.0e-04  fps   7079  1028.5s
eval iteration 7200:
  prone          success   0.0%  time 8.00s  peak_τ 0.96 Nm  return 61.52
  supine         success   0.0%  time 8.00s  peak_τ 0.96 Nm  return 57.11
  score 0.000
best 1: iteration 3400 score 0.000
best 2: iteration 3600 score 0.000
best 3: iteration 3800 score 0.000
policy file robots/microban/policies/getup_discover.nnm = checkpoint of iteration 3400 (score 0.000)
wrote robots/microban/policies/getup_discover.nnm (211530 bytes). last iteration: max |train - deployed| = 5.24e-02
final evaluation of getup_discover.nnm (iteration 3400, deployed int8 network):
  prone          success   0.0%  time 7.00s  peak_τ 0.96 Nm  return 38.53
  supine         success   0.0%  time 7.00s  peak_τ 0.96 Nm  return 17.98
  score 0.000
curves: robots/microban/policies/getup_discover_run/training_curves.png
