iteration,Train/mean_reward,Train/mean_episode_length,Train/mean_step_reward,Episode_Termination/time_out,Episode_Termination/fell_over,Metrics/twist/error_vel_xy,Metrics/twist/error_vel_yaw,Loss/value,Loss/surrogate,Loss/entropy,Loss/learning_rate,Loss/kl,Policy/mean_std,Perf/total_fps,Perf/collection_time,Perf/learning_time,Curriculum/action_rate_weight,Curriculum/standing_envs,Curriculum/penalty_scale,time_s,env_steps,Episode_Reward/track_linear_velocity,Episode_Reward/track_angular_velocity,Episode_Reward/upright,Episode_Reward/pose,Episode_Reward/action_rate_l2,Episode_Reward/alive,Episode_Reward/air_time,Episode_Reward/single_stance,Episode_Reward/foot_lift,Episode_Reward/foot_alternation,Episode_Reward/foot_symmetry,Episode_Reward/foot_clearance,Episode_Reward/foot_swing_height,Episode_Reward/foot_slip,Episode_Reward/trot,Episode_Reward/joint_torque,Episode_Reward/self_collisions,Episode_Reward/dof_pos_limits,Episode_Reward/body_ang_vel,Episode_Reward/angular_momentum,Episode_Reward/pose_l2,Episode_Reward/orientation,Episode_Reward/no_progress,Episode_Reward/joint_vel,Episode_Reward/undesired_contacts,Episode_Reward/base_height,Episode_Reward/air_time_variance,Episode_Reward/footfall_sequence
1601,1.60331,21,0.0921155,0,0.0416667,0.0643009,0.18835,0.484593,0.162645,6.792,1e-05,0.994587,0.444879,11972.8,0.699248,0.327079,-0.4,0.2,1,1.02649,1.96731e+07,0.0784264,0.0487262,0,0.00348368,-0.00254735,nan,-0.0028,nan,nan,nan,nan,-0.000496107,-0.00154773,-0.000375743,nan,-0.0043462,0,0,-0.00696539,nan,-0.00432265,-0.00290704,-0.0137258,-0.00831328,-0.007,0.00490592,-2.9425e-05,0
1602,2.96903,43.6667,0.0992395,0,0.125,0.0640902,0.179988,0.23425,-0.0076387,6.79399,1e-05,0.0164476,0.444942,10240.6,0.730945,0.468984,-0.4,0.2,1,2.22892,1.96854e+07,0.140699,0.0958677,0,0.00543051,-0.00648415,nan,-0.00703333,nan,nan,nan,nan,-0.00148051,-0.00349489,-0.00106165,nan,-0.00905475,0,-0.00153861,-0.0176039,nan,-0.0147499,-0.0205326,-0.0186431,-0.0167534,-0.00766667,0.0108371,-0.000129383,0.00333333
1603,3.40743,56,0.0957282,0,0.0416667,0.067007,0.188508,0.133606,-0.00462774,6.79459,1e-05,0.0164401,0.444923,10491.6,0.795605,0.375618,-0.4,0.2,1,3.40185,1.96977e+07,0.177522,0.0940009,0,0.00818437,-0.00786633,nan,-0.0048,nan,nan,nan,nan,-0.00116385,-0.00298616,-0.000875126,nan,-0.0120672,0,0,-0.0222617,nan,-0.0157514,-0.0214198,-0.0244007,-0.0225652,-0.02,0.0148716,-0.000258825,0
1604,7.25177,83.3333,0.0965787,0,0.125,0.0673232,0.1892,0.243536,-0.00457738,6.79427,1e-05,0.0160815,0.444904,11114.6,0.73932,0.36625,-0.4,0.2,1,4.50889,1.971e+07,0.332415,0.178809,0,0.0122452,-0.0137322,nan,-0.0091,nan,nan,nan,nan,-0.00167166,-0.00628093,-0.00214733,nan,-0.0177032,0,-0.00239131,-0.0366261,nan,-0.0206609,-0.0117503,-0.0279696,-0.0401645,-0.029,0.0215222,-0.000192308,0.0283333
1605,9.48357,105.667,0.0957453,0,0.125,0.0666428,0.193938,0.16864,-0.00948674,6.79385,0.000113906,0.013894,0.444885,12433,0.678711,0.309625,-0.4,0.2,1,5.49873,1.97222e+07,0.385505,0.239271,0,0.0145201,-0.0157121,nan,-0.0132333,nan,nan,nan,nan,-0.00187785,-0.00712099,-0.00238459,nan,-0.0222339,0,-0.000473963,-0.0344763,nan,-0.029906,-0.0127199,-0.0444835,-0.0440215,-0.032,0.0282267,-0.00022205,0.0616667
1606,9.9436,138,0.0974378,0,0.0416667,0.0661708,0.182039,0.152151,-0.0132081,6.79394,7.59375e-05,0.011069,0.444859,12966.5,0.64663,0.301044,-0.4,0.2,1,6.45186,1.97345e+07,0.406092,0.344205,0,0.0175288,-0.0230671,nan,-0.0176,nan,nan,nan,nan,-0.00199469,-0.00765647,-0.00440703,nan,-0.0292773,0,-0.000623357,-0.0447949,nan,-0.0403993,-0.0144417,-0.0759524,-0.0603212,-0.07,0.0346545,-0.00036885,0.075
1607,16.6317,157,0.0939841,0,0.166667,0.0696456,0.188274,0.370558,-0.00573579,6.79257,1e-05,0.0194113,0.44485,11532.7,0.664068,0.40142,-0.4,0.2,1,7.51901,1.97468e+07,0.626466,0.373108,0,0.0219106,-0.025078,nan,-0.019325,nan,nan,nan,nan,-0.00298764,-0.0110042,-0.00408091,nan,-0.0327209,0,-0.0127689,-0.0573195,nan,-0.0416387,-0.0189696,-0.0304613,-0.067343,-0.0355,0.0410639,-0.000462013,0.105
1608,14.4707,177.5,0.095053,0,0.0833333,0.0670567,0.188758,0.175359,-0.0104547,6.79217,0.000113906,0.0142357,0.444795,10334.5,0.755219,0.433806,-0.4,0.2,1,8.7096,1.97591e+07,0.644402,0.354134,0,0.020511,-0.0280069,nan,-0.02405,nan,nan,nan,nan,-0.00375282,-0.0109666,-0.00517311,nan,-0.0372785,0,-0.0190567,-0.0688824,nan,-0.0620416,-0.0359961,-0.0620016,-0.0801744,-0.0445,0.047266,-0.000381313,0.0875
1609,18.9768,202.667,0.0930862,0,0.125,0.0690536,0.184796,0.262182,-0.00599517,6.79062,1e-05,0.0206033,0.444774,10586.4,0.773292,0.387439,-0.4,0.2,1,9.87192,1.97714e+07,0.772001,0.449091,0,0.0241409,-0.031153,nan,-0.0310333,nan,nan,nan,nan,-0.003598,-0.0157122,-0.00591793,nan,-0.0419658,0,-0.00430229,-0.0687226,nan,-0.0665583,-0.0132054,-0.0500867,-0.0854556,-0.0496667,0.0539907,-0.000444575,0.105
1610,20.1138,226.667,0.0921636,0,0.125,0.0687065,0.186466,0.171757,-0.00930885,6.79116,0.000113906,0.013239,0.444811,10991,0.727743,0.390258,-0.4,0.2,1,10.9917,1.97837e+07,0.854247,0.455453,0,0.0297909,-0.0353199,nan,-0.0295667,nan,nan,nan,nan,-0.00466564,-0.0152332,-0.00535835,nan,-0.0467439,0,-0.0165193,-0.0837965,nan,-0.0724139,-0.0377459,-0.0827092,-0.0968567,-0.0573333,0.0615729,-0.000497083,0.123333
1611,25.1073,259,0.0926438,0,0.0416667,0.0684076,0.180802,0.188052,-0.0126238,6.78902,0.000113906,0.0136842,0.444589,10113.7,0.765638,0.449346,-0.4,0.2,1,12.209,1.9796e+07,1.09202,0.596684,0,0.0321603,-0.0403449,nan,-0.0393,nan,nan,nan,nan,-0.00399166,-0.019468,-0.00842939,nan,-0.0549087,0,0,-0.091718,nan,-0.0754812,-0.0197363,-0.0499387,-0.112026,-0.106,0.0603941,-0.000647275,0.085
1612,26.8527,279,0.0929889,0,0.0416667,0.0686809,0.182679,0.239496,-0.00467275,6.78674,1e-05,0.020891,0.444549,10298.8,0.801748,0.391397,-0.4,0.2,1,13.4039,1.98083e+07,1.11459,0.636512,0,0.0327913,-0.0422702,nan,-0.0411,nan,nan,nan,nan,-0.00478131,-0.0195202,-0.00767918,nan,-0.0549323,0,-0.00606138,-0.0987362,nan,-0.0880399,-0.0155618,-0.0817894,-0.116383,-0.075,0.0760417,-0.000476075,0.135
1613,26.6487,299.5,0.0930011,0,0.166667,0.0673315,0.179644,0.170278,-0.0100637,6.78794,0.000113906,0.013345,0.4447,10364.6,0.774337,0.411237,-0.4,0.2,1,14.591,1.98205e+07,1.05542,0.656711,0,0.0396683,-0.0461843,nan,-0.041225,nan,nan,nan,nan,-0.00574819,-0.0209105,-0.00835414,nan,-0.0617379,0,-0.00759193,-0.109222,nan,-0.084184,-0.0339202,-0.0836428,-0.130631,-0.0865,0.0801065,-0.000679781,0.1825
1614,29.1239,315,0.0915702,0,0.0416667,0.0682342,0.185874,0.172083,-0.00767194,6.79257,1e-05,0.019279,0.444852,11237.6,0.702444,0.39103,-0.4,0.2,1,15.6864,1.98328e+07,1.22336,0.757085,0,0.0405547,-0.0481894,nan,-0.0485,nan,nan,nan,nan,-0.00422879,-0.0199833,-0.00939293,nan,-0.0647506,0,0,-0.105103,nan,-0.0876529,-0.0162856,-0.113425,-0.126268,-0.119,0.0774757,-0.0007992,0.11
1615,30.2418,350,0.0909589,0,0.0416667,0.0671371,0.183033,0.221218,-0.00536079,6.79407,1e-05,0.0186076,0.444873,11123.5,0.72748,0.377206,-0.4,0.2,1,16.7927,1.98451e+07,1.26066,0.773056,0,0.0534289,-0.0528506,nan,-0.05645,nan,nan,nan,nan,-0.00528775,-0.0226409,-0.00926646,nan,-0.0699845,0,-0.00429008,-0.106289,nan,-0.0783309,-0.0175611,-0.125082,-0.148928,-0.12,0.0971639,-0.00067165,0.115
1616,nan,nan,0.0916419,0,0,0.0664896,0.184583,0.219909,-0.00417233,6.79493,1e-05,0.0177671,0.4449,10025.3,0.804402,0.421294,-0.4,0.2,1,18.02,1.98574e+07,nan,nan,nan,nan,nan,nan,nan,nan,nan,nan,nan,nan,nan,nan,nan,nan,nan,nan,nan,nan,nan,nan,nan,nan,nan,nan,nan,nan
1617,37.9122,398,0.089394,0,0.125,0.0681597,0.178984,0.272169,-0.00721228,6.79651,0.000113906,0.0139677,0.445043,10984.7,0.75987,0.358773,-0.4,0.2,1,19.1402,1.98697e+07,1.5148,0.902967,0,0.0619747,-0.0601394,nan,-0.0581333,nan,nan,nan,nan,-0.0063168,-0.025276,-0.0104094,nan,-0.0806282,0,-0.00043154,-0.143772,nan,-0.0877632,-0.0291728,-0.168223,-0.165693,-0.118667,0.106113,-0.000788867,0.228333
1618,32.8134,409,0.0909629,0,0.0416667,0.066334,0.175117,0.147019,-0.0122451,6.80112,5.0625e-05,0.0110695,0.445254,11193,0.724196,0.373636,-0.4,0.2,1,20.2394,1.9882e+07,1.28457,0.944882,0,0.0527946,-0.0638675,nan,-0.0517,nan,nan,nan,nan,-0.00902567,-0.0252809,-0.0116286,nan,-0.08438,0,-0.00637728,-0.149747,nan,-0.115022,-0.0684485,-0.156063,-0.175161,-0.123,0.102509,-0.00121442,0.235
1619,39.6609,453,0.0928524,0,0.0416667,0.0647568,0.168436,0.27245,-0.00828874,6.80381,1e-05,0.0195057,0.445334,10146.8,0.811851,0.399168,-0.4,0.2,1,21.4519,1.98943e+07,1.66546,1.08238,0,0.0495718,-0.0704319,nan,-0.06065,nan,nan,nan,nan,-0.00789632,-0.030959,-0.0132258,nan,-0.0943183,0,-0.0251048,-0.162441,nan,-0.158903,-0.0405704,-0.169995,-0.198009,-0.121,0.11832,-0.00124543,0.195
1620,41.9774,456.25,0.0942776,0,0.166667,0.0639793,0.172105,0.211505,-0.0102409,6.8038,0.000113906,0.0154475,0.445316,10981.9,0.758288,0.360646,-0.4,0.2,1,22.5725,1.99066e+07,1.75123,0.974527,0,0.0625219,-0.0709185,nan,-0.064975,nan,nan,nan,nan,-0.00829728,-0.0332033,-0.0123215,nan,-0.0942952,0,-0.0157502,-0.162799,nan,-0.122586,-0.0470628,-0.144665,-0.197565,-0.14275,0.121474,-0.00120684,0.24625
1621,47.1086,485,0.0932983,0,0.0416667,0.0635449,0.178936,0.201095,-0.010328,6.80349,1e-05,0.0180996,0.445279,10497.7,0.742635,0.427907,-0.4,0.2,1,23.7444,1.99188e+07,1.83693,1.19812,0,0.0656579,-0.0719934,nan,-0.07185,nan,nan,nan,nan,-0.00866192,-0.0353121,-0.0119686,nan,-0.0981478,0,-0.00468805,-0.159438,nan,-0.130533,-0.0508198,-0.186601,-0.195459,-0.169,0.124678,-0.00140145,0.295
1622,40.0258,505,0.0903272,0,0.0833333,0.0672534,0.179165,0.181887,-0.010736,6.80265,0.000113906,0.013301,0.445236,10548,0.786155,0.378804,-0.4,0.2,1,24.9112,1.99311e+07,1.52538,1.05978,0,0.0633493,-0.0780913,nan,-0.068325,nan,nan,nan,nan,-0.0100913,-0.0362156,-0.0149967,nan,-0.103283,0,-0.025464,-0.177491,nan,-0.154811,-0.0459067,-0.124719,-0.21998,-0.109,0.135941,-0.00168065,0.3125
1623,42.6219,539,0.0923932,0,0.0416667,0.0665646,0.17436,0.208822,-0.00762695,6.80003,3.375e-05,0.0124386,0.445188,10097.5,0.799557,0.417376,-0.4,0.2,1,26.1297,1.99434e+07,2.17127,1.30606,0,0.0462803,-0.0827867,nan,-0.0326,nan,nan,nan,nan,-0.00308007,-0.0129768,-0.00580773,nan,-0.107582,0,-0.000824556,-0.169297,nan,-0.335939,-0.0212477,-0.0885508,-0.218717,-0.165,0.149427,-0.000955975,0.12
1624,49.0871,563.667,0.090893,0,0.125,0.067321,0.180499,0.283226,-0.00799842,6.79782,2.25e-05,0.0153765,0.445102,11207.4,0.762666,0.333752,-0.4,0.2,1,27.2276,1.99557e+07,2.15297,1.29297,0,0.0702096,-0.0884426,nan,-0.0612,nan,nan,nan,nan,-0.00757379,-0.0288281,-0.0127962,nan,-0.116967,0,-0.00687962,-0.199519,nan,-0.209042,-0.0347753,-0.194586,-0.244417,-0.185,0.151145,-0.00130312,0.265
1625,nan,nan,0.0919539,0,0,0.0660809,0.177426,0.196675,-0.0072658,6.79587,1.5e-05,0.0155644,0.445062,12479.2,0.653047,0.331631,-0.4,0.2,1,28.2139,1.9968e+07,nan,nan,nan,nan,nan,nan,nan,nan,nan,nan,nan,nan,nan,nan,nan,nan,nan,nan,nan,nan,nan,nan,nan,nan,nan,nan,nan,nan
1626,60.1769,610,0.0920704,0,0.125,0.0652902,0.178281,0.185822,-0.00964207,6.79487,0.000113906,0.0136396,0.444986,10482.7,0.766704,0.405509,-0.4,0.2,1,29.3874,1.99803e+07,2.39796,1.39324,0,0.0862283,-0.0954203,nan,-0.0872667,nan,nan,nan,nan,-0.0108429,-0.042466,-0.016481,nan,-0.124342,0,-0.0248024,-0.214009,nan,-0.152453,-0.0502534,-0.160792,-0.265627,-0.159667,0.16282,-0.00130821,0.318333
1627,43.8852,499.5,0.0937522,0,0.0833333,0.0642121,0.17986,0.191842,-0.00604913,6.79326,3.375e-05,0.0110916,0.444979,10620.7,0.781705,0.37528,-0.4,0.2,1,30.5464,1.99926e+07,1.78832,1.09011,0,0.0760047,-0.0755232,nan,-0.06935,nan,nan,nan,nan,-0.00847552,-0.0338865,-0.0126334,nan,-0.102662,0,-0.000373659,-0.173686,nan,-0.114988,-0.0425897,-0.198021,-0.204329,-0.163,0.132927,-0.00123729,0.2575
1628,nan,nan,0.0925179,0,0,0.0653597,0.183384,0.162645,-0.00791663,6.79401,1e-05,0.0176627,0.444992,10025.6,0.827895,0.397765,-0.4,0.2,1,31.7738,2.00049e+07,nan,nan,nan,nan,nan,nan,nan,nan,nan,nan,nan,nan,nan,nan,nan,nan,nan,nan,nan,nan,nan,nan,nan,nan,nan,nan,nan,nan
1629,65.3772,688.5,0.0921582,0,0.166667,0.0666677,0.176212,0.258146,-0.0081046,6.79259,7.59375e-05,0.011351,0.444889,12015.2,0.673247,0.349455,-0.4,0.2,1,32.798,2.00172e+07,2.64626,1.61313,0,0.0909716,-0.104731,nan,-0.092525,nan,nan,nan,nan,-0.00982005,-0.0422419,-0.0163653,nan,-0.139267,0,-0.00594665,-0.22753,nan,-0.213123,-0.0423457,-0.213347,-0.282206,-0.20925,0.185693,-0.00149109,0.37125
1630,65.4409,714,0.0917054,0,0.0416667,0.0653766,0.180638,0.18422,-0.00918213,6.78982,3.375e-05,0.0113955,0.444784,11020.1,0.724063,0.390987,-0.4,0.2,1,33.9144,2.00294e+07,3.05368,1.74279,0,0.0853952,-0.111833,nan,-0.0879,nan,nan,nan,nan,-0.00730571,-0.0323529,-0.0157232,nan,-0.149347,0,-0.000193883,-0.248245,nan,-0.279335,-0.0336271,-0.155471,-0.299788,-0.298,0.190308,-0.00136208,0.145
1631,nan,nan,0.0934628,0,0,0.0655861,0.175194,0.150397,-0.0112701,6.78706,0.000170859,0.0151704,0.444667,10030.8,0.829837,0.395186,-0.4,0.2,1,35.1408,2.00417e+07,nan,nan,nan,nan,nan,nan,nan,nan,nan,nan,nan,nan,nan,nan,nan,nan,nan,nan,nan,nan,nan,nan,nan,nan,nan,nan,nan,nan
1632,73.4134,761.5,0.0913672,0,0.0833333,0.0671389,0.174177,0.25421,-0.00563773,6.78242,1e-05,0.0178041,0.444595,11729.2,0.72957,0.31807,-0.4,0.2,1,36.1898,2.0054e+07,3.14201,1.83585,0,0.0930554,-0.114427,nan,-0.083525,nan,nan,nan,nan,-0.00909954,-0.0397596,-0.0147627,nan,-0.153832,0,-0.00404956,-0.260281,nan,-0.290163,-0.0427552,-0.248411,-0.315066,-0.232,0.206309,-0.00162539,0.3925
1633,74.3363,780,0.0936375,0,0.0416667,0.0657002,0.175451,0.152471,-0.0080668,6.78026,7.59375e-05,0.0118988,0.444478,11589.9,0.685084,0.375153,-0.4,0.2,1,37.2513,2.00663e+07,2.94784,1.90058,0,0.111482,-0.116697,nan,-0.11695,nan,nan,nan,nan,-0.0126775,-0.0509987,-0.0214333,nan,-0.156579,0,-0.0041588,-0.279999,nan,-0.193651,-0.0756052,-0.31119,-0.322268,-0.246,0.211623,-0.00179892,0.405
1634,56.1591,598.667,0.0945719,0,0.125,0.0641613,0.170289,0.252903,-0.00755718,6.77547,1e-05,0.0171061,0.444382,10955.7,0.750011,0.371599,-0.4,0.2,1,38.3743,2.00786e+07,2.17826,1.35925,0,0.0848833,-0.0964105,nan,-0.0764167,nan,nan,nan,nan,-0.0102419,-0.0412041,-0.0167997,nan,-0.125459,0,-0.00682539,-0.21476,nan,-0.152112,-0.0425809,-0.178182,-0.266165,-0.179,0.157184,-0.0015286,0.373333
1635,nan,nan,0.0927565,0,0,0.0651002,0.182636,0.14524,-0.0104845,6.77494,0.000113906,0.0135571,0.444367,11061,0.729988,0.380942,-0.4,0.2,1,39.4865,2.00909e+07,nan,nan,nan,nan,nan,nan,nan,nan,nan,nan,nan,nan,nan,nan,nan,nan,nan,nan,nan,nan,nan,nan,nan,nan,nan,nan,nan,nan
1636,72.1439,845,0.0930184,0,0.0416667,0.0665246,0.182619,0.19039,-0.00933065,6.77233,1e-05,0.0211827,0.444243,12197.9,0.672514,0.334875,-0.4,0.2,1,40.4952,2.01032e+07,3.09178,1.95205,0,0.100913,-0.12815,nan,-0.0822,nan,nan,nan,nan,-0.00953506,-0.0403364,-0.0153019,nan,-0.168066,0,-0.00305787,-0.297576,nan,-0.35016,-0.0460862,-0.209557,-0.346772,-0.295,0.230468,-0.0019315,0.48
1637,68.6559,877,0.094541,0,0.0416667,0.0660455,0.178921,0.140448,-0.00938423,6.76946,0.000113906,0.0131495,0.444038,9939.19,0.788584,0.447734,-0.4,0.2,1,41.7334,2.01155e+07,3.10285,2.04845,0,0.0934249,-0.136277,nan,-0.0897,nan,nan,nan,nan,-0.0126991,-0.0435424,-0.0153918,nan,-0.179939,0,-0.0147425,-0.330487,nan,-0.371132,-0.0841774,-0.205842,-0.377239,-0.252,0.240018,-0.00226865,0.275
1638,nan,nan,0.0923103,0,0,0.0670175,0.181544,0.144452,-0.0137024,6.75884,0.000113906,0.013892,0.44359,10376.4,0.788882,0.395346,-0.4,0.2,1,42.9193,2.01277e+07,nan,nan,nan,nan,nan,nan,nan,nan,nan,nan,nan,nan,nan,nan,nan,nan,nan,nan,nan,nan,nan,nan,nan,nan,nan,nan,nan,nan
1639,92.7337,920,0.0938589,0,0.0416667,0.065692,0.183276,0.181382,-0.01268,6.74866,5.0625e-05,0.0107249,0.443369,10019.1,0.841531,0.384924,-0.4,0.2,1,44.1475,2.014e+07,3.71258,2.1677,0,0.132043,-0.141963,nan,-0.1367,nan,nan,nan,nan,-0.0138316,-0.0611011,-0.0262084,nan,-0.188393,0,0,-0.313375,nan,-0.23058,-0.0425201,-0.267911,-0.378802,-0.318,0.239047,-0.00178875,0.47
1640,57.2162,557.5,0.0938386,0,0.0833333,0.0644119,0.180798,0.235559,-0.00909127,6.74399,1e-05,0.018875,0.443235,11819.6,0.666462,0.373166,-0.4,0.2,1,45.1885,2.01523e+07,2.19114,1.32441,0,0.0777043,-0.0894219,nan,-0.06905,nan,nan,nan,nan,-0.0102435,-0.0388569,-0.0156909,nan,-0.114702,0,-0.0179421,-0.211475,nan,-0.145863,-0.0462378,-0.124863,-0.254739,-0.114,0.14522,-0.0013369,0.3425
1641,87.8696,963,0.0972982,0,0.125,0.0619967,0.175949,0.161582,-0.00850168,6.74059,0.000113906,0.0128438,0.443056,9945.22,0.810441,0.425127,-0.4,0.2,1,46.4255,2.01646e+07,3.61933,2.21448,0,0.140484,-0.147089,nan,-0.12845,nan,nan,nan,nan,-0.0142036,-0.0575207,-0.0236209,nan,-0.194746,0,-0.0160268,-0.340641,nan,-0.255877,-0.0577126,-0.377155,-0.403762,-0.298,0.264133,-0.00228522,0.498333
1642,93.5395,1000,0.0910318,18.5,0,0.0624756,0.183751,0.0928923,-0.0109365,6.73453,3.375e-05,0.0112693,0.442827,9238.1,0.89589,0.434253,-0.4,0.2,1,47.7574,2.01769e+07,3.87913,2.32028,0,0.133297,-0.153916,nan,-0.122481,nan,nan,nan,nan,-0.0138071,-0.0579629,-0.0232166,nan,-0.203448,0,-0.0114524,-0.348053,nan,-0.319027,-0.0552259,-0.280456,-0.421101,-0.293791,0.269043,-0.00224179,0.502849
1643,45.761,516,0.0943468,0.0416667,0.0416667,0.0612595,0.17108,0.183931,-0.00550459,6.73045,1e-05,0.024083,0.442668,10386.5,0.75277,0.430305,-0.4,0.2,1,48.9425,2.01892e+07,1.92674,1.21184,0,0.0637783,-0.0804071,nan,-0.047525,nan,nan,nan,nan,-0.00510987,-0.0228166,-0.00825421,nan,-0.103313,0,-0.00131346,-0.172815,nan,-0.199846,-0.0203971,-0.0492804,-0.213241,-0.175,0.142365,-0.0010593,0.2475
1644,60.2598,717.833,0.0925163,0.125,0.125,0.0652668,0.172822,0.11112,-0.0101316,6.72686,0.000113906,0.0126239,0.442422,10555,0.788307,0.37588,-0.4,0.2,1,50.1084,2.02015e+07,2.75663,1.6833,0,0.0738832,-0.110129,nan,-0.0672,nan,nan,nan,nan,-0.00771462,-0.0314814,-0.0131635,nan,-0.146843,0,-0.00634996,-0.249258,nan,-0.326643,-0.0499653,-0.151998,-0.297431,-0.215,0.19357,-0.00149751,0.259167
1645,45.1064,530.5,0.0945805,0.0416667,0.0416667,0.0645816,0.17479,0.0993799,-0.0120593,6.71417,0.000113906,0.0127513,0.441776,10870,0.746742,0.383712,-0.4,0.2,1,51.2406,2.02138e+07,2.01622,1.23865,0,0.0600486,-0.0817664,nan,-0.048375,nan,nan,nan,nan,-0.00700378,-0.0256847,-0.00974222,nan,-0.10908,0,-0.00456099,-0.190027,nan,-0.214223,-0.0544308,-0.166304,-0.228659,-0.1575,0.142304,-0.00143625,0.2375
1646,88.474,1000,0.0949121,0.166667,0,0.064604,0.17119,0.113815,-0.0127092,6.696,0.000113906,0.0118661,0.441107,11275.9,0.781644,0.308117,-0.4,0.2,1,52.3318,2.0226e+07,3.86748,2.33085,0,0.118815,-0.152653,nan,-0.1045,nan,nan,nan,nan,-0.0112313,-0.047078,-0.0199587,nan,-0.202579,0,-0.00707107,-0.349089,nan,-0.40475,-0.0469301,-0.202147,-0.420561,-0.2955,0.270368,-0.00215651,0.43
1647,49.8577,555,0.0980898,0.0416667,0.0416667,0.0613749,0.167293,0.0879468,-0.0100771,6.68294,7.59375e-05,0.0103298,0.440797,10451.1,0.763001,0.412761,-0.4,0.2,1,53.5089,2.02383e+07,2.047,1.2273,0,0.0804186,-0.0838733,nan,-0.0816,nan,nan,nan,nan,-0.00851801,-0.0348172,-0.0165296,nan,-0.1147,0,-0.00376055,-0.18327,nan,-0.136399,-0.0479441,-0.156701,-0.225573,-0.204,0.144959,-0.00132349,0.2625
1648,90.5182,1000,0.0977691,0.0833333,0,0.0624736,0.173227,0.114413,-0.0119015,6.67782,0.000113906,0.0135532,0.440619,10361.1,0.80114,0.384831,-0.4,0.2,1,54.6966,2.02506e+07,3.92323,2.34559,0,0.106024,-0.156652,nan,-0.1025,nan,nan,nan,nan,-0.0120904,-0.0494039,-0.0208293,nan,-0.204647,0,-0.0170232,-0.350872,nan,-0.421514,-0.0483777,-0.147275,-0.430355,-0.2715,0.264122,-0.00196326,0.4325
1649,87.2838,1000,0.0934223,0.125,0,0.0669244,0.181194,0.151504,-0.0145752,6.66908,0.000113906,0.0137309,0.440164,10927.2,0.756165,0.368366,-0.4,0.2,1,55.8224,2.02629e+07,4.05457,2.36644,0,0.108445,-0.158618,nan,-0.0775,nan,nan,nan,nan,-0.00978916,-0.0369369,-0.0146389,nan,-0.203951,0,-0.0129539,-0.364925,nan,-0.47754,-0.0550148,-0.191035,-0.437829,-0.303,0.272906,-0.00199422,0.383333
1650,90.2008,1000,0.0953181,0.125,0,0.065973,0.17734,0.186061,-0.0127721,6.65739,7.59375e-05,0.0140248,0.439756,11223.5,0.722615,0.372226,-0.4,0.2,1,56.9187,2.02752e+07,3.90628,2.33776,0,0.124596,-0.156459,nan,-0.1045,nan,nan,nan,nan,-0.012873,-0.0501802,-0.0200789,nan,-0.202994,0,-0.0229132,-0.340823,nan,-0.383528,-0.0509041,-0.269202,-0.430196,-0.253667,0.268784,-0.00204923,0.436667
1651,92.6896,1000,0.0943277,0.0833333,0,0.0660199,0.173098,0.176324,-0.0126994,6.65138,1.5e-05,0.0172027,0.439655,9717.7,0.790094,0.474403,-0.4,0.2,1,58.1849,2.02875e+07,4.312,2.31114,0,0.113809,-0.148951,nan,-0.08775,nan,nan,nan,nan,-0.00913449,-0.0389214,-0.0154553,nan,-0.198351,0,-0.00219773,-0.363269,nan,-0.455123,-0.0469916,-0.183999,-0.410443,-0.2935,0.273301,-0.0019295,0.36
1652,72.9405,745,0.0957762,0.0833333,0.0416667,0.0652427,0.167763,0.238362,-0.0103158,6.64933,1e-05,0.0191999,0.439564,9781.16,0.779625,0.476667,-0.4,0.2,1,59.4427,2.02998e+07,2.90586,1.72516,0,0.106952,-0.112468,nan,-0.0936167,nan,nan,nan,nan,-0.010092,-0.0419363,-0.0159462,nan,-0.149708,0,-0.00206308,-0.259675,nan,-0.218416,-0.0383775,-0.159516,-0.307637,-0.224667,0.202773,-0.0015611,0.43
1653,47.0042,506,0.0950445,0.0416667,0.0833333,0.0651234,0.169474,0.126174,-0.0114902,6.64569,0.000113906,0.0144137,0.439358,10567.6,0.776209,0.38659,-0.4,0.2,1,60.6071,2.03121e+07,1.85563,1.15048,0,0.0717339,-0.077336,nan,-0.07095,nan,nan,nan,nan,-0.00882947,-0.0327499,-0.0134088,nan,-0.103784,0,-0.00904335,-0.167001,nan,-0.128869,-0.0517987,-0.167786,-0.213059,-0.155,0.135876,-0.00116172,0.296667
1654,76.4603,1000,0.0955089,0.0416667,0,0.0629451,0.177046,0.158142,-0.012127,6.63952,0.000170859,0.01532,0.439201,11425.8,0.708116,0.367344,-0.4,0.2,1,61.6842,2.03244e+07,3.72828,2.26323,0,0.0913942,-0.156868,nan,-0.0559,nan,nan,nan,nan,-0.00759801,-0.0323108,-0.0129868,nan,-0.203945,0,-0.00608344,-0.368984,nan,-0.555024,-0.0475922,-0.0569146,-0.431105,-0.303,0.270051,-0.00228117,0.37
1655,90.9403,1000,0.0956711,0.166667,0,0.0653055,0.176468,0.176525,-0.0136615,6.63912,1e-05,0.0196652,0.439124,11024.3,0.736601,0.378026,-0.4,0.2,1,62.8003,2.03366e+07,3.84519,2.33424,0,0.125327,-0.151131,nan,-0.114462,nan,nan,nan,nan,-0.0124964,-0.0531567,-0.020497,nan,-0.199682,0,-0.0129602,-0.344053,nan,-0.357976,-0.0517612,-0.296628,-0.412404,-0.2925,0.272199,-0.00220419,0.4975
1656,28.3734,338,0.0959676,0,0.0416667,0.0643725,0.175156,0.229361,-0.00817001,6.63728,7.59375e-05,0.0149892,0.438988,10214.7,0.79253,0.410444,-0.4,0.2,1,64.0049,2.03489e+07,1.19149,0.767804,0,0.045516,-0.049623,nan,-0.056,nan,nan,nan,nan,-0.00518979,-0.0251696,-0.0106227,nan,-0.0705814,0,-0.00513693,-0.119048,nan,-0.0937434,-0.0178455,-0.111704,-0.138968,-0.116,0.0894663,-0.000624525,0.1
1657,101.861,1000,0.0963986,0.0416667,0,0.0643708,0.17626,0.164396,-0.0124248,6.6337,7.59375e-05,0.0107285,0.438903,11251,0.764281,0.327892,-0.4,0.2,1,65.0985,2.03612e+07,3.85237,2.29656,0,0.160199,-0.15464,nan,-0.1374,nan,nan,nan,nan,-0.0166835,-0.0714096,-0.0287416,nan,-0.204924,0,-0.0148766,-0.355522,nan,-0.207505,-0.0580529,-0.230594,-0.431653,-0.287,0.267746,-0.0023271,0.66
1658,91.6625,1000,0.0973954,0.0416667,0,0.0651386,0.172735,0.150945,-0.0147869,6.63143,7.59375e-05,0.0195944,0.438719,10681.5,0.733366,0.417037,-0.4,0.2,1,66.2506,2.03735e+07,3.54041,2.38361,0,0.157102,-0.153661,nan,-0.14645,nan,nan,nan,nan,-0.0158952,-0.0689642,-0.0250773,nan,-0.200356,0,-0.0102104,-0.347522,nan,-0.214692,-0.0560581,-0.508394,-0.413887,-0.285,0.270936,-0.00227195,0.595
1659,99.5782,1000,0.0958468,0.125,0,0.0641785,0.182525,0.155569,-0.0159197,6.62976,7.59375e-05,0.0206986,0.438903,9791.26,0.827941,0.427056,-0.4,0.2,1,67.5072,2.03858e+07,4.05654,2.3423,0,0.138554,-0.148601,nan,-0.117383,nan,nan,nan,nan,-0.0138786,-0.059579,-0.022237,nan,-0.20169,0,-0.0200716,-0.349518,nan,-0.299427,-0.055209,-0.264148,-0.412141,-0.287667,0.27035,-0.00228373,0.548333
1660,42.8017,434,0.09574,0,0.0416667,0.0626425,0.181564,0.174313,-0.0142885,6.63085,7.59375e-05,0.0123439,0.438836,10074.9,0.81774,0.401929,-0.4,0.2,1,68.7284,2.03981e+07,1.69649,1.06334,0,0.0664073,-0.0674041,nan,-0.0555,nan,nan,nan,nan,-0.0064985,-0.0282762,-0.0115082,nan,-0.0899216,0,-0.00579047,-0.131985,nan,-0.0958911,-0.0295853,-0.15516,-0.176148,-0.189,0.110788,-0.0013417,0.23
1661,89.8069,1000,0.0974522,0.0833333,0,0.0623838,0.17959,0.134076,-0.0141395,6.62701,0.000113906,0.0185847,0.438656,10004,0.862322,0.365991,-0.4,0.2,1,69.9581,2.04104e+07,3.88193,2.33974,0,0.120904,-0.150901,nan,-0.120375,nan,nan,nan,nan,-0.0130224,-0.0569011,-0.022292,nan,-0.202033,0,-0.00902028,-0.325039,nan,-0.360828,-0.0650439,-0.289798,-0.417093,-0.3235,0.267368,-0.00248116,0.4225
1662,69.4342,731.25,0.0969432,0.166667,0.166667,0.0631498,0.181049,0.191919,-0.00946113,6.62549,3.375e-05,0.0100946,0.438652,10884.4,0.757144,0.371816,-0.4,0.2,1,71.0887,2.04227e+07,2.84284,1.67947,0,0.102013,-0.11078,nan,-0.0898375,nan,nan,nan,nan,-0.0102622,-0.0430296,-0.0166272,nan,-0.147384,0,-0.00758749,-0.26612,nan,-0.220757,-0.0458152,-0.181731,-0.303229,-0.218875,0.197275,-0.00160364,0.380625
1663,73.8817,752.25,0.0978995,0.0833333,0.0833333,0.0620397,0.182209,0.17805,-0.00946664,6.62503,1e-05,0.0190549,0.438573,10562.4,0.757261,0.406106,-0.4,0.2,1,72.2536,2.04349e+07,2.93841,1.72803,0,0.105364,-0.115285,nan,-0.09565,nan,nan,nan,nan,-0.011365,-0.0485599,-0.0167591,nan,-0.151226,0,-0.0102493,-0.265204,nan,-0.211759,-0.0607466,-0.274705,-0.318621,-0.19825,0.205292,-0.0019349,0.525
1664,53.0091,526.5,0.0968408,0,0.0833333,0.0631936,0.181104,0.22439,-0.00999847,6.62248,7.59375e-05,0.0117743,0.438413,11117.3,0.745457,0.35985,-0.4,0.2,1,73.3604,2.04472e+07,1.97791,1.19594,0,0.0807258,-0.082803,nan,-0.06405,nan,nan,nan,nan,-0.00994928,-0.0384391,-0.0137558,nan,-0.107185,0,-0.022233,-0.194872,nan,-0.117965,-0.0490506,-0.16929,-0.226354,-0.132,0.141059,-0.00145361,0.42
1665,94.8028,1000,0.0968825,0.125,0,0.0623886,0.17879,0.19092,-0.00776817,6.61765,1.5e-05,0.0160826,0.438269,11359,0.728255,0.353535,-0.4,0.2,1,74.4437,2.04595e+07,3.76037,2.19195,0,0.150952,-0.154462,nan,-0.13685,nan,nan,nan,nan,-0.0164354,-0.0700825,-0.0268891,nan,-0.203952,0,-0.0242176,-0.33847,nan,-0.234404,-0.0624341,-0.295393,-0.42242,-0.314,0.265496,-0.00256927,0.588333
1666,60.594,661,0.0944121,0.0416667,0.166667,0.0653833,0.178203,0.260147,-0.00960785,6.61505,0.000113906,0.0165279,0.438137,9690.09,0.815655,0.452444,-0.4,0.2,1,75.7134,2.04718e+07,2.52709,1.55342,0,0.0802703,-0.0999694,nan,-0.06969,nan,nan,nan,nan,-0.00885292,-0.0346558,-0.0141011,nan,-0.132993,0,-0.0155208,-0.237326,nan,-0.239236,-0.0494709,-0.172994,-0.277449,-0.1892,0.175286,-0.00165837,0.339
1667,68.5014,731,0.0943582,0.0416667,0.0833333,0.0653256,0.178355,0.199372,-0.00550473,6.61125,1e-05,0.0212191,0.438105,9953,0.855958,0.378645,-0.4,0.2,1,76.9501,2.04841e+07,2.94085,1.74679,0,0.0893997,-0.108058,nan,-0.0809667,nan,nan,nan,nan,-0.00863319,-0.0386075,-0.0136636,nan,-0.143496,0,-0.00357236,-0.245448,nan,-0.270004,-0.0387074,-0.229218,-0.291223,-0.201667,0.197961,-0.00148648,0.321667
1668,nan,nan,0.0935847,0,0,0.0645086,0.177508,0.16241,-0.00965077,6.61135,0.000113906,0.0158625,0.43805,10947,0.798962,0.323535,-0.4,0.2,1,78.0742,2.04964e+07,nan,nan,nan,nan,nan,nan,nan,nan,nan,nan,nan,nan,nan,nan,nan,nan,nan,nan,nan,nan,nan,nan,nan,nan,nan,nan,nan,nan
1669,76.4769,879,0.0957765,0.0833333,0.0416667,0.0646022,0.175872,0.185252,-0.00684645,6.6074,1e-05,0.0189423,0.43787,11157.2,0.703985,0.397366,-0.4,0.2,1,79.1768,2.05087e+07,3.39799,2.04378,0,0.10152,-0.134643,nan,-0.0751333,nan,nan,nan,nan,-0.00925015,-0.0385358,-0.0153307,nan,-0.178268,0,-0.00671221,-0.315329,nan,-0.377886,-0.0481267,-0.154328,-0.373368,-0.269667,0.2354,-0.00205033,0.398333
1670,69.427,676,0.0956843,0,0.0416667,0.06447,0.18044,0.165065,-0.00807144,6.60441,0.000113906,0.0135927,0.437703,10453.6,0.819193,0.356291,-0.4,0.2,1,80.354,2.0521e+07,2.58212,1.64179,0,0.110119,-0.100479,nan,-0.0871,nan,nan,nan,nan,-0.0101174,-0.0435445,-0.0175998,nan,-0.134048,0,-0.00249299,-0.233189,nan,-0.137866,-0.0404868,-0.221478,-0.276362,-0.204,0.183536,-0.001621,0.43
1671,102.884,1000,0.0961426,0.166667,0,0.0645996,0.171967,0.162326,-0.0105676,6.59804,5.0625e-05,0.00972171,0.437457,10511.4,0.802331,0.36669,-0.4,0.2,1,81.5244,2.05332e+07,4.08951,2.3155,0,0.155642,-0.148289,nan,-0.127162,nan,nan,nan,nan,-0.0141887,-0.0607722,-0.0222892,nan,-0.200066,0,-0.00970641,-0.345114,nan,-0.240074,-0.0517523,-0.313548,-0.408987,-0.28225,0.269684,-0.00238383,0.585
1672,88.5512,1000,0.0950688,0.0416667,0,0.0654146,0.177129,0.140615,-0.0101595,6.59203,5.0625e-05,0.0106614,0.437151,10974.7,0.794164,0.325499,-0.4,0.2,1,82.6456,2.05455e+07,4.06937,2.45957,0,0.10155,-0.151967,nan,-0.0771,nan,nan,nan,nan,-0.00817714,-0.0342689,-0.0141126,nan,-0.199256,0,-0.00609038,-0.348789,nan,-0.484061,-0.0528528,-0.173185,-0.40194,-0.306,0.274739,-0.0021278,0.37
1673,73.4005,751,0.0952203,0,0.0416667,0.063756,0.177373,0.203689,-0.00941354,6.58443,3.375e-05,0.0136522,0.43687,11673.5,0.706427,0.346216,-0.4,0.2,1,83.7001,2.05578e+07,3.03927,1.87516,0,0.0959726,-0.110227,nan,-0.07635,nan,nan,nan,nan,-0.0098737,-0.0440712,-0.0143665,nan,-0.148959,0,-0.0450804,-0.273067,nan,-0.246621,-0.0427537,-0.196724,-0.305611,-0.21,0.201052,-0.00169603,0.36
1674,71.2508,754.4,0.0970394,0.0833333,0.125,0.0641431,0.167116,0.247825,-0.00912903,6.5817,2.25e-05,0.0149412,0.436844,10211.8,0.813365,0.389953,-0.4,0.2,1,84.9049,2.05701e+07,2.92413,1.73786,0,0.102565,-0.114193,nan,-0.0899,nan,nan,nan,nan,-0.0101231,-0.0426779,-0.0169174,nan,-0.152228,0,-0.00510799,-0.264581,nan,-0.241851,-0.0484223,-0.203892,-0.313672,-0.2304,0.201265,-0.00169662,0.408
1675,59.6886,594.5,0.0968587,0.0416667,0.0416667,0.0638245,0.172042,0.166046,-0.0114128,6.5807,0.000113906,0.0139197,0.436714,10635.8,0.774136,0.381204,-0.4,0.2,1,86.062,2.05824e+07,2.29065,1.32828,0,0.0950398,-0.0894241,nan,-0.069175,nan,nan,nan,nan,-0.0107722,-0.0415778,-0.0154054,nan,-0.120866,0,-0.0143512,-0.220083,nan,-0.123264,-0.0500786,-0.183742,-0.257596,-0.1575,0.158568,-0.00158781,0.4275
1676,100.789,1000,0.0964481,0.0833333,0,0.0628456,0.173055,0.146167,-0.0129492,6.57546,0.000113906,0.0131708,0.436501,9958.69,0.871085,0.362812,-0.4,0.2,1,87.2973,2.05947e+07,4.27993,2.3538,0,0.138837,-0.147243,nan,-0.104425,nan,nan,nan,nan,-0.0113755,-0.0502377,-0.0196404,nan,-0.198952,0,-0.00104538,-0.35592,nan,-0.323592,-0.0491771,-0.240131,-0.400168,-0.308,0.272162,-0.00217295,0.4675
1677,82.4437,888.667,0.0948114,0.0416667,0.0833333,0.0638827,0.175019,0.252044,-0.0106807,6.57251,1.5e-05,0.0191356,0.436421,11317.7,0.698926,0.386804,-0.4,0.2,1,88.3846,2.0607e+07,3.41867,2.07443,0,0.118922,-0.134459,nan,-0.0877167,nan,nan,nan,nan,-0.00999853,-0.0433059,-0.0158633,nan,-0.179045,0,-0.00387031,-0.317855,nan,-0.316156,-0.0494636,-0.149833,-0.368262,-0.278,0.24089,-0.00192213,0.466667
1678,86.3529,853,0.0964622,0,0.0416667,0.063967,0.168778,0.155897,-0.0115066,6.57195,0.000170859,0.0164496,0.4364,10489.2,0.782608,0.388888,-0.4,0.2,1,89.5577,2.06193e+07,3.4293,1.7664,0,0.13834,-0.131182,nan,-0.1021,nan,nan,nan,nan,-0.0143418,-0.0623078,-0.0198153,nan,-0.172748,0,-0.0195809,-0.321245,nan,-0.173897,-0.0894967,-0.25175,-0.363879,-0.244,0.229314,-0.0022171,0.66
1679,88.9046,913.25,0.0956946,0.0416667,0.125,0.065138,0.175386,0.205426,-0.010822,6.57081,3.375e-05,0.0107905,0.43635,10581.1,0.793858,0.367455,-0.4,0.2,1,90.7212,2.06316e+07,3.66783,2.0633,0,0.128583,-0.137054,nan,-0.107025,nan,nan,nan,nan,-0.0125902,-0.054039,-0.0200719,nan,-0.182209,0,-0.00945357,-0.314504,nan,-0.28195,-0.0601041,-0.20789,-0.374607,-0.26,0.245449,-0.00211281,0.48375
1680,96.2829,951.5,0.0952284,0.0416667,0.0416667,0.063869,0.17611,0.163902,-0.012394,6.56772,5.0625e-05,0.0136594,0.436099,11116.8,0.728387,0.376968,-0.4,0.2,1,91.8281,2.06438e+07,3.88383,2.23934,0,0.140504,-0.146256,nan,-0.109975,nan,nan,nan,nan,-0.0122902,-0.0521405,-0.0217084,nan,-0.191575,0,-0.00176407,-0.333213,nan,-0.278449,-0.0428297,-0.172368,-0.398,-0.2945,0.258069,-0.0021098,0.5325
1681,54.5555,650.5,0.095975,0,0.0833333,0.0636714,0.175511,0.274372,-0.011007,6.561,2.25e-05,0.0155326,0.435882,10366.9,0.788048,0.39726,-0.4,0.2,1,93.015,2.06561e+07,2.70363,1.54626,0,0.0542326,-0.0970465,nan,-0.0329,nan,nan,nan,nan,-0.00507851,-0.0196225,-0.00772826,nan,-0.129242,0,-0.0105563,-0.224696,nan,-0.365458,-0.0409568,-0.0760702,-0.265635,-0.1725,0.176169,-0.00137589,0.1675
1682,94.0537,1000,0.0959008,0.208333,0,0.0635073,0.177108,0.154147,-0.0113386,6.55787,7.59375e-05,0.0121265,0.435676,10225.8,0.796668,0.404996,-0.4,0.2,1,94.2182,2.06684e+07,3.88499,2.30751,0,0.13626,-0.149504,nan,-0.10567,nan,nan,nan,nan,-0.0129337,-0.0554219,-0.0197135,nan,-0.199568,0,-0.0123294,-0.348176,nan,-0.325819,-0.0530866,-0.244647,-0.411749,-0.2784,0.269735,-0.00255038,0.531
1683,89.9751,977,0.0964495,0,0.125,0.064759,0.173728,0.204284,-0.00894004,6.54826,1.5e-05,0.0148875,0.435373,10423,0.817404,0.361523,-0.4,0.2,1,95.3988,2.06807e+07,3.6013,2.30517,0,0.124127,-0.148543,nan,-0.10365,nan,nan,nan,nan,-0.0146854,-0.0548291,-0.0208031,nan,-0.195428,0,-0.0309585,-0.346127,nan,-0.324397,-0.0698824,-0.296429,-0.416377,-0.214,0.263072,-0.00232539,0.571667
1684,95.4633,997.482,0.0921686,16.9583,0.0833333,0.0632342,0.178853,0.133952,-0.00484863,6.54467,1e-05,0.0208586,0.435265,10372.8,0.804155,0.38048,-0.4,0.2,1,96.5852,2.0693e+07,3.95251,2.34448,0,0.134109,-0.148691,nan,-0.109283,nan,nan,nan,nan,-0.012701,-0.054314,-0.0205736,nan,-0.199161,0,-0.0115215,-0.348732,nan,-0.327755,-0.0543042,-0.257139,-0.410259,-0.289249,0.268642,-0.00235139,0.522677
1685,96.1354,1000,0.10125,0.125,0,0.0605362,0.165788,0.116346,-0.00511438,6.54147,3.375e-05,0.0108202,0.435121,10698.9,0.789183,0.359348,-0.4,0.2,1,97.7352,2.07053e+07,3.82631,2.31113,0,0.144596,-0.14931,nan,-0.118683,nan,nan,nan,nan,-0.0132711,-0.0571477,-0.0212245,nan,-0.199207,0,-0.0128524,-0.352404,nan,-0.297778,-0.0565711,-0.193764,-0.409421,-0.287,0.272387,-0.0020892,0.576667
1686,73.24,762.25,0.101028,0.125,0.0416667,0.061241,0.164827,0.114904,-0.00523513,6.53707,2.25e-05,0.00956756,0.434991,10229.1,0.793549,0.407728,-0.4,0.2,1,98.9383,2.07176e+07,3.1128,1.77178,0,0.0964452,-0.115215,nan,-0.0808625,nan,nan,nan,nan,-0.0098433,-0.0412389,-0.0151837,nan,-0.15252,0,-0.0176954,-0.257523,nan,-0.271849,-0.0457942,-0.194795,-0.319861,-0.2,0.205946,-0.00180706,0.38375
1687,66.3239,692,0.0982118,0.0833333,0.0416667,0.0625689,0.172918,0.149227,-0.00988488,6.5336,0.000113906,0.0135236,0.434869,10641,0.813691,0.34109,-0.4,0.2,1,100.094,2.07299e+07,2.81746,1.55621,0,0.0864869,-0.103641,nan,-0.0650833,nan,nan,nan,nan,-0.00781922,-0.0341676,-0.0121145,nan,-0.137101,0,-0.00594302,-0.236734,nan,-0.262107,-0.0344404,-0.136983,-0.283541,-0.197667,0.187624,-0.00167809,0.416667
1688,91.5913,1000,0.101251,0.166667,0,0.0609325,0.161897,0.102298,-0.0104428,6.52703,0.000113906,0.0113513,0.43468,11141.8,0.73552,0.36735,-0.4,0.2,1,101.199,2.07421e+07,3.96294,2.27532,0,0.127873,-0.151823,nan,-0.11155,nan,nan,nan,nan,-0.011952,-0.0526961,-0.0208837,nan,-0.201398,0,-0.0189842,-0.344012,nan,-0.355505,-0.0549644,-0.195713,-0.415138,-0.28225,0.270027,-0.00215619,0.43625
1689,59.9981,557.5,0.100297,0.0416667,0.0416667,0.0612447,0.167753,0.116547,-0.0136567,6.51754,0.000170859,0.0144061,0.434257,11158.5,0.74036,0.360865,-0.4,0.2,1,102.302,2.07544e+07,2.21407,1.30186,0,0.0895386,-0.0845813,nan,-0.06765,nan,nan,nan,nan,-0.00927021,-0.0380096,-0.0133703,nan,-0.111685,0,-0.0114673,-0.200945,nan,-0.117057,-0.0325709,-0.130891,-0.231815,-0.153,0.146786,-0.00130219,0.4275
1690,89.7506,1000,0.0965503,0.166667,0,0.0641463,0.175207,0.163856,-0.0109615,6.50661,1e-05,0.0201693,0.433929,10425.6,0.749035,0.429601,-0.4,0.2,1,103.482,2.07667e+07,4.03094,2.3614,0,0.105496,-0.148828,nan,-0.078775,nan,nan,nan,nan,-0.0100144,-0.0414739,-0.0156565,nan,-0.199201,0,-0.00825814,-0.360075,nan,-0.450935,-0.0568878,-0.166787,-0.40976,-0.30375,0.268426,-0.00239946,0.42
1691,65.3788,669.167,0.0963789,0.125,0.125,0.0643409,0.173077,0.225317,-0.00812887,6.50435,2.25e-05,0.0173251,0.4339,10512.7,0.836848,0.332026,-0.4,0.2,1,104.652,2.0779e+07,2.61298,1.5373,0,0.0938973,-0.0995736,nan,-0.0828333,nan,nan,nan,nan,-0.0101636,-0.0425258,-0.0159671,nan,-0.133041,0,-0.00925238,-0.233832,nan,-0.194021,-0.0429066,-0.177715,-0.275092,-0.195667,0.180068,-0.00169147,0.408333
1692,89.6112,1000,0.0964698,0.125,0,0.0631528,0.18466,0.197612,-0.0082136,6.50416,1e-05,0.0170672,0.433865,10682.5,0.789902,0.360393,-0.4,0.2,1,105.804,2.07913e+07,3.76866,2.37314,0,0.129197,-0.147536,nan,-0.0838333,nan,nan,nan,nan,-0.010265,-0.0447672,-0.0150992,nan,-0.197061,0,-0.00226794,-0.35649,nan,-0.385633,-0.050535,-0.191342,-0.404156,-0.277333,0.271645,-0.00227938,0.496667
1693,61.6959,605,0.093632,0.0416667,0.0416667,0.0654205,0.171425,0.164257,-0.00881741,6.5032,0.000113906,0.0123899,0.433836,10346,0.821385,0.366323,-0.4,0.2,1,106.993,2.08036e+07,2.21189,1.40505,0,0.0974536,-0.0910028,nan,-0.0885,nan,nan,nan,nan,-0.00991954,-0.042044,-0.0149835,nan,-0.120737,0,-0.00780954,-0.202124,nan,-0.126745,-0.0339155,-0.122352,-0.254804,-0.145,0.161525,-0.00136834,0.435
1694,93.423,1000,0.0960731,0.125,0,0.0647352,0.176477,0.189545,-0.0109216,6.5022,1.5e-05,0.0168216,0.433857,9934.55,0.801395,0.4355,-0.4,0.2,1,108.231,2.08159e+07,3.94274,2.3189,0,0.13454,-0.149813,nan,-0.100333,nan,nan,nan,nan,-0.0116962,-0.0493305,-0.017337,nan,-0.200057,0,-0.0083693,-0.358915,nan,-0.346011,-0.0544167,-0.221275,-0.411317,-0.281667,0.275021,-0.00225142,0.503333
1695,99.7004,1000,0.0930004,0.0833333,0,0.0668,0.17895,0.153909,-0.0100565,6.50247,0.000113906,0.0123073,0.433868,10722.8,0.787077,0.358892,-0.4,0.2,1,109.379,2.08282e+07,4.10967,2.36138,0,0.138535,-0.146634,nan,-0.106375,nan,nan,nan,nan,-0.0123062,-0.0522695,-0.0201922,nan,-0.198334,0,-0.00886068,-0.359119,nan,-0.326328,-0.0539764,-0.243297,-0.406332,-0.2895,0.267607,-0.00240604,0.545
1696,94.2626,1000,0.0957318,0.0833333,0,0.0644735,0.169595,0.131821,-0.0143141,6.49875,7.59375e-05,0.0175437,0.433689,10832.3,0.765242,0.36914,-0.4,0.2,1,110.515,2.08404e+07,3.90378,2.35944,0,0.116381,-0.144763,nan,-0.1104,nan,nan,nan,nan,-0.0130872,-0.0557321,-0.0227174,nan,-0.197494,0,-0.0102858,-0.336212,nan,-0.376278,-0.0591582,-0.304802,-0.399756,-0.2665,0.26751,-0.00254229,0.56
1697,84.4218,831.25,0.094665,0.125,0.0416667,0.0662299,0.176922,0.203146,-0.00849702,6.49395,3.375e-05,0.0130419,0.433553,10591.3,0.765025,0.395174,-0.4,0.2,1,111.677,2.08527e+07,3.45224,1.96573,0,0.117504,-0.123966,nan,-0.0954125,nan,nan,nan,nan,-0.012074,-0.0511686,-0.0167254,nan,-0.165676,0,-0.00811099,-0.309331,nan,-0.243897,-0.0643799,-0.273393,-0.341245,-0.22275,0.226868,-0.0021853,0.4975
1698,84.1744,820.25,0.0982479,0.0833333,0.0833333,0.0631032,0.172583,0.159265,-0.00634066,6.49153,2.25e-05,0.0146548,0.433496,10965.1,0.804678,0.315965,-0.4,0.2,1,112.799,2.0865e+07,3.33829,1.90637,0,0.121338,-0.122688,nan,-0.1025,nan,nan,nan,nan,-0.0124438,-0.0511505,-0.0195632,nan,-0.166097,0,-0.00525118,-0.290077,nan,-0.210673,-0.0576195,-0.232872,-0.340221,-0.2565,0.220042,-0.00211333,0.49625
1699,nan,nan,0.0984376,0,0,0.064105,0.17448,0.132158,-0.0120943,6.48892,0.000170859,0.0169448,0.433272,10265.8,0.822719,0.37427,-0.4,0.2,1,113.997,2.08773e+07,nan,nan,nan,nan,nan,nan,nan,nan,nan,nan,nan,nan,nan,nan,nan,nan,nan,nan,nan,nan,nan,nan,nan,nan,nan,nan,nan,nan
1700,101.676,1000,0.0957381,0.0416667,0,0.0653741,0.176294,0.174765,-0.0102993,6.48365,1e-05,0.0177612,0.433121,10585.6,0.797696,0.363125,-0.4,0.2,1,115.159,2.08896e+07,4.06723,2.4675,0,0.133474,-0.143711,nan,-0.0965,nan,nan,nan,nan,-0.0113824,-0.0517845,-0.0189179,nan,-0.195808,0,-0.0157922,-0.357455,nan,-0.345521,-0.0533612,-0.205582,-0.395595,-0.238,0.271804,-0.0022773,0.595
1701,79.3744,803.667,0.097209,0.0833333,0.0416667,0.0637697,0.170722,0.175477,-0.00848401,6.47955,1e-05,0.0215293,0.432926,10891.3,0.776611,0.351625,-0.4,0.2,1,118.285,2.09019e+07,3.21703,1.87494,0,0.111845,-0.115945,nan,-0.0840833,nan,nan,nan,nan,-0.0114315,-0.0483596,-0.0165559,nan,-0.158675,0,-0.0291395,-0.276206,nan,-0.241599,-0.052161,-0.280471,-0.322074,-0.217,0.219411,-0.00213947,0.508333
1702,99.7278,1000,0.0998069,0.0416667,0,0.0622476,0.169496,0.114694,-0.00892458,6.47462,0.000113906,0.0128876,0.43269,10995,0.774473,0.34313,-0.4,0.2,1,119.404,2.09142e+07,4.10683,2.23929,0,0.156961,-0.144644,nan,-0.10015,nan,nan,nan,nan,-0.0132094,-0.0562698,-0.0186624,nan,-0.201188,0,-0.000416093,-0.339077,nan,-0.269839,-0.0507418,-0.202649,-0.407652,-0.289,0.271143,-0.00240293,0.485
1703,86.553,881.625,0.100236,0.25,0.0833333,0.0618696,0.166734,0.244021,-0.00655119,6.4659,1e-05,0.0194741,0.432444,10747.7,0.719283,0.424027,-0.4,0.2,1,120.549,2.09265e+07,3.5058,2.06296,0,0.123827,-0.128417,nan,-0.103812,nan,nan,nan,nan,-0.0115611,-0.0506217,-0.0191185,nan,-0.173829,0,-0.0119333,-0.309256,nan,-0.267237,-0.0515783,-0.245925,-0.357305,-0.2515,0.237222,-0.00221277,0.5075
1704,72.6922,741.833,0.0987908,0.125,0.125,0.0626979,0.179727,0.198364,-0.00991731,6.46432,0.000113906,0.0141217,0.432447,10636.7,0.776748,0.3785,-0.4,0.2,1,121.706,2.09388e+07,2.8363,1.72628,0,0.105396,-0.110946,nan,-0.08555,nan,nan,nan,nan,-0.0112632,-0.0462344,-0.0176065,nan,-0.148703,0,-0.0203862,-0.271788,nan,-0.204518,-0.0520319,-0.169235,-0.308288,-0.214333,0.19856,-0.00194777,0.469167
1705,95.3911,1000,0.0992853,0.125,0,0.061842,0.176072,0.198336,-0.0114931,6.4632,1e-05,0.0185889,0.432454,10990.2,0.72229,0.395799,-0.4,0.2,1,122.825,2.0951e+07,3.91345,2.34403,0,0.135881,-0.147604,nan,-0.0978667,nan,nan,nan,nan,-0.0117322,-0.0503839,-0.019326,nan,-0.198259,0,-0.0024126,-0.340134,nan,-0.326256,-0.049457,-0.288596,-0.406972,-0.314667,0.270186,-0.00245279,0.585
1706,84.5085,884,0.0995716,0.125,0.0416667,0.0621971,0.175098,0.265605,-0.00768834,6.46288,1e-05,0.0204228,0.432445,10252.3,0.814038,0.384525,-0.4,0.2,1,124.025,2.09633e+07,3.51314,2.09301,0,0.119426,-0.127948,nan,-0.09115,nan,nan,nan,nan,-0.0111914,-0.047109,-0.0170766,nan,-0.174456,0,-0.0129256,-0.317475,nan,-0.310944,-0.056423,-0.150744,-0.35859,-0.243,0.240151,-0.00208447,0.43
1707,72.1614,774.75,0.0957435,0.0833333,0.0833333,0.0638836,0.181482,0.197017,-0.00986106,6.46303,0.000113906,0.0144552,0.432499,13309.3,0.659307,0.263957,-0.4,0.2,1,124.95,2.09756e+07,2.88824,1.79189,0,0.111576,-0.115022,nan,-0.086025,nan,nan,nan,nan,-0.0118799,-0.0463894,-0.0172443,nan,-0.155013,0,-0.0188801,-0.289001,nan,-0.216983,-0.0705393,-0.22877,-0.32236,-0.213,0.209269,-0.00199319,0.43375
1708,97.0215,1000,0.0966321,0.166667,0,0.0635346,0.181499,0.174147,-0.015252,6.46312,0.000170859,0.0170859,0.43248,14364.6,0.603668,0.25177,-0.4,0.2,1,125.807,2.09879e+07,4.00102,2.35974,0,0.133748,-0.14458,nan,-0.09545,nan,nan,nan,nan,-0.0113994,-0.0495068,-0.0174019,nan,-0.195653,0,-0.0048929,-0.350406,nan,-0.349457,-0.0504753,-0.219289,-0.402232,-0.28075,0.270215,-0.00235907,0.55375
1709,85.0717,870.333,0.0982453,0.0833333,0.0416667,0.0629606,0.174517,0.133361,-0.00854976,6.45994,3.375e-05,0.0116575,0.432443,14414.2,0.598953,0.253542,-0.4,0.2,1,126.661,2.10002e+07,3.63774,1.99249,0,0.111006,-0.124147,nan,-0.0922833,nan,nan,nan,nan,-0.00994868,-0.0418603,-0.0172821,nan,-0.169946,0,-0.0035405,-0.302235,nan,-0.322366,-0.0508685,-0.145515,-0.339542,-0.277,0.231289,-0.00193163,0.425
1710,73.8376,860.333,0.0996336,0.0833333,0.0416667,0.0614509,0.173632,0.151549,-0.012882,6.45665,0.000170859,0.0162197,0.43217,14470.9,0.598033,0.251117,-0.4,0.2,1,127.511,2.10125e+07,3.32041,1.96523,0,0.0958281,-0.129709,nan,-0.0779,nan,nan,nan,nan,-0.00962725,-0.0401993,-0.0150591,nan,-0.173113,0,-0.0142178,-0.313734,nan,-0.371265,-0.0538829,-0.219863,-0.359643,-0.245,0.226244,-0.00201398,0.401667
1711,83.4255,822,0.0968324,0.0416667,0.0416667,0.0629102,0.182371,0.178121,-0.0128091,6.44856,0.000170859,0.0131549,0.431984,14425.5,0.600731,0.251093,-0.4,0.2,1,128.364,2.10248e+07,3.2494,1.9308,0,0.118744,-0.118151,nan,-0.109775,nan,nan,nan,nan,-0.011821,-0.0522598,-0.021438,nan,-0.161571,0,-0.0160721,-0.272486,nan,-0.212606,-0.0442549,-0.279737,-0.321764,-0.2435,0.213831,-0.00224541,0.53
1712,88.805,921,0.0987892,0.125,0.0416667,0.0623421,0.172553,0.183364,-0.00884664,6.44718,1e-05,0.017869,0.43197,14565.3,0.591951,0.251696,-0.4,0.2,1,129.209,2.10371e+07,3.69632,2.20553,0,0.123898,-0.13345,nan,-0.106712,nan,nan,nan,nan,-0.0109933,-0.0509767,-0.0192746,nan,-0.183415,0,-0.00940155,-0.309118,nan,-0.300193,-0.0500581,-0.24182,-0.368195,-0.294,0.244881,-0.00214148,0.44375
1713,100.387,1000,0.0970821,0.0833333,0,0.0625303,0.172065,0.158662,-0.00978297,6.4456,0.000113906,0.0122113,0.431843,13858.6,0.628133,0.258537,-0.4,0.2,1,130.097,2.10493e+07,3.98162,2.27168,0,0.158124,-0.145381,nan,-0.137575,nan,nan,nan,nan,-0.0154906,-0.067794,-0.0263218,nan,-0.197552,0,-0.0202092,-0.347363,nan,-0.211437,-0.0539404,-0.416607,-0.406327,-0.282,0.262609,-0.00214791,0.635
1714,76.5454,799.75,0.0955225,0.0416667,0.125,0.0638995,0.174183,0.23871,-0.0113538,6.43942,0.000170859,0.0173844,0.431575,14539.8,0.595712,0.249417,-0.4,0.2,1,130.943,2.10616e+07,3.19991,1.89977,0,0.102559,-0.116814,nan,-0.0769875,nan,nan,nan,nan,-0.010691,-0.0423151,-0.0143755,nan,-0.157603,0,-0.00777827,-0.28535,nan,-0.284752,-0.0650654,-0.223078,-0.325218,-0.222,0.216427,-0.00200846,0.44875
1715,93.0872,939.5,0.0973405,0.125,0.0416667,0.0626683,0.172039,0.225205,-0.0120215,6.43658,0.000170859,0.0149333,0.431391,14580.1,0.593114,0.249681,-0.4,0.2,1,131.787,2.10739e+07,3.97764,2.23494,0,0.12853,-0.137611,nan,-0.0940125,nan,nan,nan,nan,-0.0108274,-0.0469754,-0.016939,nan,-0.184185,0,-0.00578066,-0.331587,nan,-0.321952,-0.0530273,-0.168519,-0.378129,-0.278,0.256895,-0.00235526,0.37625
1716,96.0124,1000,0.0965572,0.166667,0,0.0636424,0.173796,0.136023,-0.0132832,6.4286,3.375e-05,0.0126705,0.431091,13880,0.631396,0.253907,-0.4,0.2,1,132.674,2.10862e+07,4.12632,2.38058,0,0.126551,-0.143096,nan,-0.105725,nan,nan,nan,nan,-0.0107981,-0.049072,-0.017481,nan,-0.19413,0,-0.011323,-0.344765,nan,-0.378048,-0.0494692,-0.221817,-0.390526,-0.2855,0.272292,-0.00221579,0.435
1717,95.5681,1000,0.0960348,0.0833333,0,0.0626882,0.176991,0.148031,-0.0075181,6.42125,1e-05,0.0210968,0.430797,14451.4,0.59397,0.256329,-0.4,0.2,1,133.525,2.10985e+07,4.18556,2.39978,0,0.115307,-0.14376,nan,-0.0793,nan,nan,nan,nan,-0.009961,-0.0434976,-0.0152885,nan,-0.194737,0,-0.00580036,-0.355753,nan,-0.417807,-0.0610799,-0.209522,-0.397181,-0.3025,0.272176,-0.0025198,0.4675
1718,92.07,1000,0.0987947,0.0833333,0,0.0613934,0.16771,0.148763,-0.00875682,6.41698,0.000113906,0.0131415,0.430602,14404.2,0.593641,0.259441,-0.4,0.2,1,134.38,2.11108e+07,3.87754,2.42692,0,0.117245,-0.143571,nan,-0.0995,nan,nan,nan,nan,-0.0111068,-0.0487217,-0.0189287,nan,-0.196969,0,-0.00752878,-0.346428,nan,-0.396058,-0.0551378,-0.142648,-0.392418,-0.318,0.268398,-0.00236313,0.42
1719,103.886,1000,0.0974551,0.125,0,0.0616106,0.172794,0.13419,-0.0132094,6.40781,7.59375e-05,0.012004,0.430215,10365.6,0.800869,0.384587,-0.4,0.2,1,135.567,2.11231e+07,4.09676,2.37283,0,0.144358,-0.144506,nan,-0.108083,nan,nan,nan,nan,-0.0140605,-0.059705,-0.0220747,nan,-0.198915,0,-0.0136114,-0.369362,nan,-0.281035,-0.0546841,-0.232295,-0.405058,-0.295667,0.269145,-0.00256785,0.641667
1720,86.4301,1000,0.0943188,0.0833333,0,0.0643657,0.178317,0.208588,-0.0141622,6.39845,7.59375e-05,0.0137453,0.429919,10018.1,0.852667,0.373918,-0.4,0.2,1,136.795,2.11354e+07,3.9734,2.39471,0,0.0922743,-0.147175,nan,-0.0563,nan,nan,nan,nan,-0.00917113,-0.0356309,-0.0129497,nan,-0.197033,0,-0.0334255,-0.364625,nan,-0.513907,-0.0611502,-0.139898,-0.416673,-0.276,0.274178,-0.00244315,0.435
1721,75.217,753.5,0.0963472,0.0833333,0.0833333,0.0623427,0.169064,0.203056,-0.00968233,6.39092,1e-05,0.0216483,0.429725,10456.1,0.782478,0.392717,-0.4,0.2,1,137.972,2.11476e+07,3.09337,1.74653,0,0.101438,-0.109275,nan,-0.0753,nan,nan,nan,nan,-0.0111217,-0.0407484,-0.014714,nan,-0.149502,0,-0.00767351,-0.272931,nan,-0.240464,-0.0592822,-0.194247,-0.304321,-0.1995,0.205714,-0.00178483,0.42375
1722,95.526,1000,0.0951564,0.0416667,0,0.0636908,0.171719,0.159849,-0.0101973,6.38776,2.25e-05,0.0180025,0.429591,10530.4,0.804532,0.362379,-0.4,0.2,1,139.14,2.11599e+07,3.63661,2.34727,0,0.146379,-0.142517,nan,-0.1062,nan,nan,nan,nan,-0.0122881,-0.0549868,-0.0192572,nan,-0.197574,0,-0.00277881,-0.371052,nan,-0.289406,-0.0561388,-0.176714,-0.401437,-0.321,0.276069,-0.0022567,0.675
1723,97.8211,989.2,0.096382,0.166667,0.0416667,0.0625216,0.178515,0.180512,-0.00779462,6.38441,2.25e-05,0.0142144,0.429506,11224.4,0.698362,0.396395,-0.4,0.2,1,140.236,2.11722e+07,3.86668,2.3113,0,0.138657,-0.141129,nan,-0.11848,nan,nan,nan,nan,-0.0137252,-0.0586663,-0.0222741,nan,-0.194479,0,-0.00677944,-0.348569,nan,-0.283428,-0.0563113,-0.244206,-0.39238,-0.288,0.269242,-0.00231252,0.584
1724,98.8484,994.8,0.0958438,0.166667,0.0416667,0.0631529,0.169815,0.203476,-0.00636113,6.38227,1e-05,0.0179268,0.429448,10032.7,0.828236,0.396557,-0.4,0.2,1,141.463,2.11845e+07,3.94146,2.37523,0,0.136274,-0.144079,nan,-0.1148,nan,nan,nan,nan,-0.0138114,-0.0575403,-0.0220359,nan,-0.195988,0,-0.0175299,-0.348706,nan,-0.307036,-0.0544079,-0.263142,-0.400628,-0.2754,0.266941,-0.0022931,0.598
1725,97.2097,999.987,0.0969767,15.875,0.0416667,0.0622789,0.171757,0.138083,-0.0107854,6.38121,0.000113906,0.0157521,0.429329,9369.67,0.864233,0.447233,-0.4,0.2,1,142.776,2.11968e+07,4.01147,2.35573,0,0.132967,-0.143525,nan,-0.106389,nan,nan,nan,nan,-0.0123136,-0.0533204,-0.0198187,nan,-0.196661,0,-0.0122199,-0.348792,nan,-0.334224,-0.0539765,-0.232132,-0.399026,-0.286958,0.269823,-0.00237711,0.522906
1726,96.669,1000,0.0965176,0.125,0,0.0571254,0.173965,0.105103,-0.0139739,6.37057,0.000113906,0.0136133,0.428847,10174.3,0.831974,0.37578,-0.4,0.2,1,143.986,2.12091e+07,4.16828,2.37041,0,0.122406,-0.143486,nan,-0.0873,nan,nan,nan,nan,-0.0104184,-0.045889,-0.0153819,nan,-0.194327,0,-0.011852,-0.35408,nan,-0.392067,-0.049207,-0.180202,-0.396949,-0.285,0.273176,-0.00220889,0.468333
1727,67.0755,676.333,0.101537,0.0833333,0.0416667,0.0583688,0.168722,0.123613,-0.0127513,6.3592,7.59375e-05,0.0116035,0.428518,11466.8,0.706179,0.365441,-0.4,0.2,1,145.059,2.12214e+07,2.67138,1.61065,0,0.0941645,-0.0983573,nan,-0.06415,nan,nan,nan,nan,-0.0089547,-0.035477,-0.0136225,nan,-0.133757,0,-0.0208542,-0.231643,nan,-0.211007,-0.0418386,-0.190114,-0.27669,-0.184667,0.184137,-0.00175759,0.438333
1728,51.9457,528.667,0.100241,0.125,0.125,0.0587355,0.177178,0.137424,-0.0124442,6.34849,0.000170859,0.0159863,0.428157,9949.01,0.795465,0.439632,-0.4,0.2,1,146.295,2.12337e+07,2.0122,1.24508,0,0.0738528,-0.0763559,nan,-0.0745083,nan,nan,nan,nan,-0.00824212,-0.0348621,-0.0144585,nan,-0.104162,0,-0.0091482,-0.18108,nan,-0.141653,-0.0340854,-0.147704,-0.212889,-0.146,0.136966,-0.00123197,0.303333
1729,79.9441,846.2,0.0996227,0.166667,0.0416667,0.0612831,0.168961,0.160202,-0.0103119,6.33665,7.59375e-05,0.0113972,0.427884,10593.5,0.796433,0.363522,-0.4,0.2,1,147.457,2.1246e+07,3.20433,1.98825,0,0.122048,-0.121735,nan,-0.09554,nan,nan,nan,nan,-0.0115768,-0.0500572,-0.0185277,nan,-0.165635,0,-0.0124434,-0.304791,nan,-0.249161,-0.0440844,-0.257851,-0.34097,-0.243,0.226653,-0.00200794,0.461
1730,90.4319,1000,0.0985093,0.208333,0,0.0617628,0.173453,0.128955,-0.0142125,6.32933,0.000256289,0.0179216,0.427482,11259.3,0.766541,0.324824,-0.4,0.2,1,148.55,2.12582e+07,3.98056,2.35763,0,0.112028,-0.142254,nan,-0.0873,nan,nan,nan,nan,-0.0105815,-0.0447212,-0.016339,nan,-0.19548,0,-0.0152518,-0.346411,nan,-0.422899,-0.0535513,-0.230955,-0.403872,-0.2848,0.274605,-0.00240172,0.471
1731,56.2828,578.333,0.101303,0.0416667,0.0833333,0.0587999,0.172742,0.172009,-0.00526061,6.31574,1e-05,0.0195166,0.427169,14346.5,0.597012,0.259506,-0.4,0.2,1,149.408,2.12705e+07,2.26221,1.31401,0,0.0884195,-0.0833133,nan,-0.07085,nan,nan,nan,nan,-0.00877927,-0.0346131,-0.0129477,nan,-0.114444,0,-0.00873955,-0.201127,nan,-0.147741,-0.0491006,-0.160261,-0.232392,-0.186,0.155974,-0.00133682,0.333333
1732,84.8466,858.167,0.0999428,0.208333,0.0416667,0.0621335,0.171654,0.160303,-0.00907916,6.3114,0.000113906,0.0128963,0.426996,9301.34,0.792926,0.528174,-0.4,0.2,1,150.73,2.12828e+07,3.41456,2.01127,0,0.115965,-0.122939,nan,-0.0970833,nan,nan,nan,nan,-0.0117191,-0.0484623,-0.0183623,nan,-0.167932,0,-0.0194741,-0.308971,nan,-0.265716,-0.0504611,-0.196354,-0.344791,-0.242333,0.230417,-0.00203692,0.495
1733,85.0488,1000,0.0976695,0.166667,0,0.0637154,0.175739,0.188813,-0.0114947,6.30537,7.59375e-05,0.0125685,0.426926,9631.34,0.859016,0.416819,-0.4,0.2,1,152.008,2.12951e+07,3.89767,2.42195,0,0.100497,-0.141685,nan,-0.07455,nan,nan,nan,nan,-0.0087607,-0.0382917,-0.0135119,nan,-0.194549,0,-0.0122506,-0.34817,nan,-0.473568,-0.0518764,-0.211621,-0.394938,-0.284,0.273368,-0.00233592,0.345
1734,83.3172,842.8,0.0980712,0.166667,0.0416667,0.0628964,0.182986,0.193253,-0.0100965,6.30329,1e-05,0.0198478,0.426891,8896.14,0.897277,0.483996,-0.4,0.2,1,153.391,2.13074e+07,3.38031,1.95448,0,0.123625,-0.117879,nan,-0.11692,nan,nan,nan,nan,-0.0117477,-0.0527793,-0.0215078,nan,-0.163906,0,-0.00638817,-0.288386,nan,-0.225081,-0.0377174,-0.190257,-0.327814,-0.2588,0.219211,-0.00185193,0.366
1735,74.5323,792.4,0.100234,0.125,0.0833333,0.0619266,0.173115,0.204372,-0.00747275,6.30087,2.25e-05,0.0164658,0.426773,11276.6,0.748462,0.341227,-0.4,0.2,1,154.482,2.13197e+07,3.16853,1.87026,0,0.101214,-0.111501,nan,-0.08762,nan,nan,nan,nan,-0.00981185,-0.0425522,-0.0161373,nan,-0.155751,0,-0.00587582,-0.261377,nan,-0.271738,-0.0391467,-0.219535,-0.311795,-0.2176,0.211464,-0.00178679,0.322
1736,70.0158,753.667,0.0991868,0.0833333,0.0416667,0.0614122,0.170594,0.148527,-0.010349,6.29819,7.59375e-05,0.0100853,0.426696,11020.7,0.69612,0.418877,-0.4,0.2,1,155.599,2.1332e+07,3.07733,1.74088,0,0.0901666,-0.106128,nan,-0.07405,nan,nan,nan,nan,-0.00751481,-0.0358226,-0.0129384,nan,-0.148433,0,-0.00512399,-0.249339,nan,-0.298765,-0.0509243,-0.339015,-0.291394,-0.247667,0.205405,-0.00190678,0.365
1737,72.7394,719,0.0992115,0.0416667,0.0833333,0.062484,0.175861,0.187599,-0.00851112,6.29411,5.0625e-05,0.0117969,0.42653,9895.75,0.868973,0.372772,-0.4,0.2,1,156.842,2.13443e+07,2.84443,1.68197,0,0.118645,-0.101191,nan,-0.1073,nan,nan,nan,nan,-0.0106714,-0.0469725,-0.0192229,nan,-0.140185,0,-0.00299822,-0.248691,nan,-0.143297,-0.0461252,-0.226572,-0.279147,-0.24,0.191728,-0.00151602,0.37
1738,82.3448,860.4,0.100547,0.166667,0.0416667,0.0603275,0.175662,0.158889,-0.00768739,6.29203,1e-05,0.0176583,0.426514,9337.83,0.783171,0.532767,-0.4,0.2,1,158.159,2.13565e+07,3.50472,2.02048,0,0.109666,-0.12248,nan,-0.08788,nan,nan,nan,nan,-0.0110508,-0.0461113,-0.0155201,nan,-0.169039,0,-0.0104267,-0.305359,nan,-0.300651,-0.0584184,-0.210313,-0.341789,-0.233,0.236145,-0.0021919,0.38
1739,100.805,1000,0.100491,0.166667,0,0.0607736,0.172429,0.167334,-0.00903099,6.29252,5.0625e-05,0.0117612,0.42659,10322.8,0.838771,0.351604,-0.4,0.2,1,159.351,2.13688e+07,4.13628,2.38201,0,0.136393,-0.141171,nan,-0.1085,nan,nan,nan,nan,-0.0114396,-0.0512273,-0.0192312,nan,-0.196235,0,-0.00942908,-0.342348,nan,-0.325163,-0.0507546,-0.228179,-0.392434,-0.293,0.275297,-0.0024498,0.5225
1740,101.663,1000,0.0978569,0.0833333,0,0.0629647,0.174255,0.159155,-0.0117189,6.29103,0.000170859,0.0157214,0.42632,11046.5,0.756883,0.355502,-0.4,0.2,1,160.465,2.13811e+07,4.09197,2.41144,0,0.145706,-0.142629,nan,-0.11585,nan,nan,nan,nan,-0.0129562,-0.060343,-0.0196374,nan,-0.196602,0,-0.00584408,-0.345689,nan,-0.279231,-0.0527617,-0.233679,-0.396074,-0.309,0.269904,-0.00217068,0.52
1741,42.2066,375,0.0978154,0,0.0416667,0.0623887,0.175511,0.149611,-0.0140659,6.27917,0.000170859,0.0168975,0.425844,10438.9,0.786168,0.390962,-0.4,0.2,1,161.644,2.13934e+07,1.64053,0.886083,0,0.0474756,-0.0525566,nan,-0.0614,nan,nan,nan,nan,-0.00711512,-0.0270727,-0.00962941,nan,-0.0733507,0,-0.00201781,-0.136126,nan,-0.109863,-0.0468396,-0.0666791,-0.147448,-0.088,0.101602,-0.0006974,0.225
1742,61.5511,655.5,0.0973486,0.0416667,0.0416667,0.0615413,0.182472,0.254541,-0.00885576,6.26946,1.5e-05,0.0166668,0.42555,10231.6,0.806042,0.394945,-0.4,0.2,1,162.846,2.14057e+07,2.5554,1.53935,0,0.0797374,-0.0930692,nan,-0.05675,nan,nan,nan,nan,-0.00869527,-0.0373665,-0.0123598,nan,-0.126953,0,-0.0219467,-0.222315,nan,-0.244514,-0.034227,-0.151364,-0.268059,-0.1615,0.174855,-0.00179366,0.3475
1743,55.8138,554.429,0.100037,0.0833333,0.208333,0.0615326,0.177564,0.341701,-0.00702129,6.26652,1e-05,0.019636,0.425475,10149.9,0.818768,0.391885,-0.4,0.2,1,164.058,2.1418e+07,2.299,1.28512,0,0.0764475,-0.0750003,nan,-0.0667714,nan,nan,nan,nan,-0.0067541,-0.0321796,-0.0112128,nan,-0.107081,0,-0.00398351,-0.188797,nan,-0.175381,-0.0313755,-0.135406,-0.211652,-0.168286,0.148976,-0.00125628,0.285714
1744,97.4544,1000,0.0984172,0.0833333,0,0.0619217,0.176253,0.130199,-0.0100672,6.26392,0.000113906,0.0119994,0.425346,9511.73,0.856519,0.43536,-0.4,0.2,1,165.352,2.14303e+07,4.05223,2.36634,0,0.143667,-0.137303,nan,-0.11105,nan,nan,nan,nan,-0.0107773,-0.0536504,-0.0176602,nan,-0.191314,0,-0.00299896,-0.33662,nan,-0.324497,-0.04483,-0.2482,-0.376786,-0.269,0.275365,-0.00243409,0.4675
1745,100.722,1000,0.101107,0.416667,0,0.0606198,0.171438,0.146913,-0.00947838,6.258,5.0625e-05,0.00947634,0.425192,9399.3,0.843143,0.464189,-0.4,0.2,1,166.661,2.14426e+07,4.05352,2.35204,0,0.144205,-0.141761,nan,-0.1209,nan,nan,nan,nan,-0.0129993,-0.0583091,-0.0210777,nan,-0.195402,0,-0.011274,-0.332779,nan,-0.290418,-0.0495069,-0.242702,-0.395691,-0.2887,0.269655,-0.00221343,0.5525
1746,77.2752,786,0.100992,0.125,0.0833333,0.059889,0.174927,0.200748,-0.00943156,6.25543,5.0625e-05,0.0107333,0.425136,9475.28,0.912966,0.383882,-0.4,0.2,1,167.97,2.14548e+07,3.0784,1.83388,0,0.114978,-0.109958,nan,-0.10413,nan,nan,nan,nan,-0.010994,-0.0491617,-0.0181057,nan,-0.152844,0,-0.0159212,-0.270334,nan,-0.206561,-0.0485769,-0.213449,-0.304394,-0.2202,0.213478,-0.00192936,0.392
1747,88.3931,905.571,0.101416,0.208333,0.0833333,0.0591842,0.178879,0.137509,-0.0129709,6.25306,7.59375e-05,0.0123751,0.425039,11387.4,0.692527,0.386562,-0.4,0.2,1,169.051,2.14671e+07,3.68822,2.11014,0,0.108563,-0.129168,nan,-0.0863929,nan,nan,nan,nan,-0.0112477,-0.0471264,-0.0163958,nan,-0.177846,0,-0.0153604,-0.313566,nan,-0.342859,-0.0551129,-0.184144,-0.360068,-0.234714,0.247406,-0.00228583,0.502143
1748,83.6497,850,0.0996929,0.0833333,0.0416667,0.0604604,0.180098,0.192719,-0.011727,6.2481,5.0625e-05,0.0141909,0.424851,8431.07,0.99325,0.464216,-0.4,0.2,1,170.509,2.14794e+07,3.3774,1.99164,0,0.116034,-0.120583,nan,-0.0894667,nan,nan,nan,nan,-0.0113895,-0.0474209,-0.0162473,nan,-0.16603,0,-0.0148775,-0.304453,nan,-0.264032,-0.0526111,-0.225053,-0.339383,-0.232667,0.231269,-0.00189405,0.523333
1749,100.302,943.857,0.0973575,0.25,0.0416667,0.0629511,0.185625,0.21261,-0.00810836,6.24317,1e-05,0.01844,0.424701,10709.9,0.780756,0.366598,-0.4,0.2,1,171.658,2.14917e+07,3.79877,2.24275,0,0.140662,-0.131014,nan,-0.115907,nan,nan,nan,nan,-0.0139184,-0.059437,-0.0217381,nan,-0.184766,0,-0.0129075,-0.32121,nan,-0.239341,-0.0524069,-0.233065,-0.374827,-0.261571,0.255492,-0.00220294,0.652857
1750,81.2409,862.667,0.100678,0.0833333,0.0416667,0.0609678,0.181238,0.164132,-0.00811368,6.24027,0.000113906,0.0142853,0.424556,10494.4,0.797499,0.373408,-0.4,0.2,1,172.831,2.1504e+07,3.53289,2.04675,0,0.0940453,-0.119644,nan,-0.0797,nan,nan,nan,nan,-0.00993439,-0.0431496,-0.0146139,nan,-0.167706,0,-0.0124927,-0.290696,nan,-0.350576,-0.0602155,-0.171993,-0.334929,-0.251667,0.232842,-0.00217847,0.363333
1751,98.5726,1000,0.0984378,0.125,0,0.063591,0.184553,0.134863,-0.0129599,6.23359,7.59375e-05,0.0118135,0.424332,10943.1,0.708652,0.41425,-0.4,0.2,1,173.955,2.15163e+07,4.03531,2.3329,0,0.142552,-0.140631,nan,-0.0994167,nan,nan,nan,nan,-0.0116202,-0.0513504,-0.0167869,nan,-0.193577,0,-0.00999329,-0.354754,nan,-0.319163,-0.0504653,-0.197597,-0.388165,-0.27,0.274814,-0.00232038,0.503333
1752,85.0926,906.25,0.0994066,0.125,0.0416667,0.062662,0.17771,0.134959,-0.0155621,6.22693,0.000256289,0.0179635,0.424153,9867.49,0.840112,0.405189,-0.4,0.2,1,175.202,2.15286e+07,3.5027,2.13667,0,0.110815,-0.127513,nan,-0.092275,nan,nan,nan,nan,-0.0102894,-0.04548,-0.0165928,nan,-0.176661,0,-0.0137315,-0.306633,nan,-0.345126,-0.0419871,-0.16535,-0.354727,-0.25125,0.243724,-0.00197229,0.4675
1753,nan,nan,0.100984,0,0,0.0610891,0.179707,0.145418,-0.0100289,6.22037,0.000170859,0.0122189,0.423862,10052.3,0.824922,0.397484,-0.4,0.2,1,176.426,2.15409e+07,nan,nan,nan,nan,nan,nan,nan,nan,nan,nan,nan,nan,nan,nan,nan,nan,nan,nan,nan,nan,nan,nan,nan,nan,nan,nan,nan,nan
1754,81.1145,819.143,0.100597,0.208333,0.0833333,0.0621128,0.175345,0.227375,-0.0104107,6.21145,0.000170859,0.0172836,0.42365,11161.7,0.79229,0.308614,-0.4,0.2,1,177.529,2.15532e+07,3.28918,1.90925,0,0.114735,-0.1124,nan,-0.0875786,nan,nan,nan,nan,-0.00986579,-0.0424597,-0.0157486,nan,-0.158129,0,-0.0108923,-0.279149,nan,-0.253634,-0.0378453,-0.179982,-0.316081,-0.241857,0.223087,-0.00185296,0.452143
1755,55.7286,569.5,0.101889,0.0416667,0.0416667,0.0626388,0.17251,0.161328,-0.0117838,6.20924,5.0625e-05,0.0129001,0.423583,12891.2,0.651197,0.30201,-0.4,0.2,1,178.484,2.15654e+07,2.2268,1.34815,0,0.0795687,-0.0796346,nan,-0.066325,nan,nan,nan,nan,-0.00704402,-0.0314467,-0.0113634,nan,-0.110642,0,-0.00939555,-0.195183,nan,-0.183339,-0.0267199,-0.154285,-0.222935,-0.167,0.156439,-0.00127372,0.3175
1756,81.12,809.429,0.100018,0.125,0.166667,0.0637539,0.182194,0.373305,-0.00299139,6.20577,1e-05,0.0224843,0.423456,10262.6,0.793833,0.403522,-0.4,0.2,1,179.682,2.15777e+07,3.34613,1.86006,0,0.11036,-0.11233,nan,-0.0962357,nan,nan,nan,nan,-0.0104683,-0.0453859,-0.0173805,nan,-0.157902,0,-0.0078324,-0.275843,nan,-0.251245,-0.043562,-0.198076,-0.312736,-0.256571,0.217084,-0.00194229,0.425714
1757,94.2861,950,0.100052,0.166667,0.0416667,0.0619409,0.175129,0.168951,-0.0105839,6.2035,0.000113906,0.0145435,0.423334,10228.2,0.855338,0.346044,-0.4,0.2,1,180.885,2.159e+07,3.95446,2.23518,0,0.118119,-0.13085,nan,-0.10664,nan,nan,nan,nan,-0.0117276,-0.0521281,-0.0196601,nan,-0.183921,0,-0.0135761,-0.317406,nan,-0.334242,-0.0436352,-0.19241,-0.368722,-0.2778,0.257107,-0.00234076,0.412
1758,88.3558,946.75,0.101882,0.125,0.0416667,0.0619212,0.171536,0.173465,-0.00788928,6.19925,7.59375e-05,0.0138774,0.423196,10749.5,0.775492,0.367627,-0.4,0.2,1,182.03,2.16023e+07,3.73428,2.20763,0,0.1229,-0.131285,nan,-0.101712,nan,nan,nan,nan,-0.0113727,-0.0504245,-0.0181053,nan,-0.184084,0,-0.0102989,-0.322387,nan,-0.319637,-0.0594125,-0.242595,-0.366761,-0.263,0.256312,-0.0024079,0.39375
1759,101.879,1000,0.104043,0.125,0,0.0602608,0.177142,0.142186,-0.0111962,6.19712,1.5e-05,0.0163509,0.423226,10395,0.810227,0.371884,-0.4,0.2,1,183.213,2.16146e+07,3.96012,2.35358,0,0.141806,-0.134621,nan,-0.0979,nan,nan,nan,nan,-0.0133095,-0.0550554,-0.0173958,nan,-0.191098,0,-0.00975669,-0.342739,nan,-0.298977,-0.0544517,-0.277959,-0.388498,-0.287667,0.274515,-0.00251847,0.72
1760,93.4842,1000,0.100929,0.0833333,0,0.0619085,0.176785,0.142871,-0.0100149,6.19901,3.375e-05,0.0140515,0.423348,10366.8,0.772778,0.41254,-0.4,0.2,1,184.4,2.16269e+07,3.87721,2.30509,0,0.137363,-0.138243,nan,-0.10435,nan,nan,nan,nan,-0.0124557,-0.057149,-0.0183821,nan,-0.192995,0,-0.0174128,-0.340718,nan,-0.33742,-0.050169,-0.235007,-0.389585,-0.2945,0.273832,-0.00232777,0.5475
1761,nan,nan,0.103583,0,0,0.0612075,0.170395,0.157775,-0.0127884,6.20151,0.000170859,0.0168308,0.423413,10263.7,0.798234,0.398994,-0.4,0.2,1,185.599,2.16392e+07,nan,nan,nan,nan,nan,nan,nan,nan,nan,nan,nan,nan,nan,nan,nan,nan,nan,nan,nan,nan,nan,nan,nan,nan,nan,nan,nan,nan
1762,108.995,1000,0.101537,0.166667,0,0.062048,0.173132,0.0973066,-0.0153233,6.19971,0.000170859,0.0153542,0.423361,10238,0.811763,0.388467,-0.4,0.2,1,186.801,2.16515e+07,4.30746,2.30635,0,0.149369,-0.135712,nan,-0.121025,nan,nan,nan,nan,-0.0130324,-0.0593574,-0.0205778,nan,-0.190944,0,-0.00504689,-0.335365,nan,-0.270744,-0.0434114,-0.216203,-0.380542,-0.294,0.269204,-0.00222191,0.62125
1763,98.0964,1000,0.102029,0.0833333,0,0.0609093,0.169745,0.126914,-0.0144735,6.19704,7.59375e-05,0.0117356,0.42337,10639.2,0.815476,0.339494,-0.4,0.2,1,187.958,2.16637e+07,4.20201,2.2621,0,0.122618,-0.136639,nan,-0.08225,nan,nan,nan,nan,-0.00981922,-0.0421029,-0.0141701,nan,-0.190542,0,-0.00425876,-0.342632,nan,-0.37477,-0.0612657,-0.141983,-0.381385,-0.294,0.277109,-0.0025294,0.5225
1764,106.035,1000,0.100061,0.0416667,0,0.0622102,0.172483,0.151558,-0.012992,6.19514,3.375e-05,0.0134305,0.423245,12926.1,0.637706,0.312932,-0.4,0.2,1,188.91,2.1676e+07,3.88219,2.39697,0,0.177433,-0.140626,nan,-0.1533,nan,nan,nan,nan,-0.0147918,-0.0667463,-0.0272507,nan,-0.19618,0,-0.00255524,-0.343507,nan,-0.173137,-0.0455033,-0.209663,-0.38422,-0.317,0.267574,-0.0019753,0.625
1765,101.663,1000,0.101659,0.208333,0,0.0623102,0.168747,0.127516,-0.0104844,6.18899,1e-05,0.0180383,0.422994,9579.72,0.828523,0.454186,-0.4,0.2,1,190.194,2.16883e+07,4.13428,2.3241,0,0.140685,-0.136431,nan,-0.12007,nan,nan,nan,nan,-0.0126887,-0.05781,-0.021549,nan,-0.193038,0,-0.010432,-0.339826,nan,-0.295465,-0.0497258,-0.257168,-0.384318,-0.2768,0.269802,-0.00229972,0.515
1766,101.215,1000,0.10059,0.25,0,0.0615918,0.180028,0.160822,-0.00956251,6.18516,0.000113906,0.013564,0.422901,10338.6,0.794426,0.39413,-0.4,0.2,1,191.384,2.17006e+07,4.07533,2.33147,0,0.146272,-0.137317,nan,-0.129942,nan,nan,nan,nan,-0.013235,-0.0609188,-0.0225327,nan,-0.193803,0,-0.00899026,-0.34149,nan,-0.273113,-0.0494985,-0.263359,-0.389555,-0.295,0.269491,-0.0022851,0.519167
1767,100.048,999.977,0.0969556,14.75,0.0416667,0.0609386,0.179574,0.181124,-0.0108623,6.18288,7.59375e-05,0.0108659,0.422823,10446.2,0.829475,0.346841,-0.4,0.2,1,192.562,2.17129e+07,4.07242,2.34755,0,0.135676,-0.13751,nan,-0.108678,nan,nan,nan,nan,-0.0123283,-0.0545242,-0.019298,nan,-0.192789,0,-0.0124241,-0.340765,nan,-0.319777,-0.0519732,-0.231683,-0.38478,-0.286397,0.272899,-0.00235896,0.543042
1768,84.9252,912,0.100243,0.166667,0.0416667,0.060593,0.169776,0.137992,-0.0129534,6.1794,0.000113906,0.0179224,0.422602,12278.5,0.711731,0.289039,-0.4,0.2,1,193.565,2.17252e+07,3.69571,2.17071,0,0.09943,-0.126274,nan,-0.0785,nan,nan,nan,nan,-0.010121,-0.0412378,-0.0152434,nan,-0.175877,0,-0.0248611,-0.324924,nan,-0.376222,-0.0528436,-0.200713,-0.356236,-0.2762,0.248273,-0.00220635,0.426
1769,59.0608,615.8,0.102707,0.125,0.0833333,0.0616377,0.165712,0.167794,-0.0101738,6.17265,5.0625e-05,0.0106212,0.422507,9027.64,0.87149,0.489663,-0.4,0.2,1,194.928,2.17375e+07,2.47117,1.42395,0,0.0821432,-0.0846807,nan,-0.07581,nan,nan,nan,nan,-0.00809663,-0.0360767,-0.0137255,nan,-0.119539,0,-0.0137649,-0.212334,nan,-0.198106,-0.0363489,-0.167249,-0.236214,-0.1764,0.164706,-0.00138281,0.298
1770,70.6501,720.667,0.102955,0.208333,0.166667,0.060412,0.16795,0.24288,-0.00664995,6.17227,1.5e-05,0.0155618,0.422499,9954.61,0.848148,0.386255,-0.4,0.2,1,196.164,2.17498e+07,2.95018,1.69919,0,0.0899732,-0.0971092,nan,-0.0774333,nan,nan,nan,nan,-0.00833575,-0.0371157,-0.0130055,nan,-0.137323,0,-0.00553898,-0.24321,nan,-0.254315,-0.0378226,-0.171038,-0.272583,-0.215778,0.196287,-0.00172586,0.36
1771,69.1763,695.333,0.104263,0.166667,0.0833333,0.0600712,0.162211,0.158504,-0.00883165,6.17003,0.000113906,0.0141264,0.422274,10321.8,0.812309,0.378176,-0.4,0.2,1,197.356,2.1762e+07,2.85832,1.58583,0,0.0960288,-0.0942698,nan,-0.0784667,nan,nan,nan,nan,-0.00882021,-0.0385459,-0.0139371,nan,-0.133938,0,-0.00704992,-0.233497,nan,-0.213891,-0.0315651,-0.1635,-0.264012,-0.1975,0.188353,-0.00153759,0.329167
1772,81.001,754,0.102377,0.125,0.0416667,0.0607449,0.162968,0.168388,-0.00966799,6.16141,3.375e-05,0.0114157,0.42205,12435.7,0.648562,0.339564,-0.4,0.2,1,198.345,2.17743e+07,3.11345,1.7825,0,0.117856,-0.10105,nan,-0.0979,nan,nan,nan,nan,-0.0103813,-0.0472434,-0.0159005,nan,-0.143227,0,-0.00728496,-0.248212,nan,-0.1795,-0.0353209,-0.190056,-0.285092,-0.21475,0.205848,-0.00173984,0.4475
1773,99.0631,1000,0.104467,0.208333,0,0.0586611,0.170837,0.179318,-0.0107894,6.15803,0.000170859,0.0174124,0.42191,13460.9,0.638624,0.274239,-0.4,0.2,1,199.261,2.17866e+07,4.17347,2.37609,0,0.125695,-0.136789,nan,-0.09691,nan,nan,nan,nan,-0.0112223,-0.0501762,-0.0171138,nan,-0.192425,0,-0.0192393,-0.345498,nan,-0.360486,-0.0468902,-0.169204,-0.384523,-0.2822,0.275887,-0.00234179,0.438
1774,64.8982,658.182,0.101415,0.208333,0.25,0.0627792,0.169616,0.319149,-0.0111144,6.15247,3.375e-05,0.0134246,0.42181,11971.1,0.661834,0.364637,-0.4,0.2,1,200.289,2.17989e+07,2.62223,1.54342,0,0.0879571,-0.0915114,nan,-0.0791,nan,nan,nan,nan,-0.00929796,-0.0399848,-0.0142674,nan,-0.127778,0,-0.0109732,-0.225369,nan,-0.204118,-0.0483627,-0.169892,-0.255176,-0.194273,0.178247,-0.00158832,0.360909
1775,83.4154,820,0.102042,0.166667,0.0416667,0.0626252,0.167387,0.173033,-0.00978438,6.15134,2.25e-05,0.0141777,0.421769,14103.8,0.615126,0.256128,-0.4,0.2,1,201.162,2.18112e+07,3.37427,1.93749,0,0.115987,-0.111793,nan,-0.08664,nan,nan,nan,nan,-0.00971374,-0.0422967,-0.0147527,nan,-0.156009,0,-0.00377194,-0.272762,nan,-0.257416,-0.0416614,-0.210575,-0.309748,-0.2488,0.227011,-0.00180729,0.484
1776,68.0126,699.125,0.103106,0.208333,0.125,0.061112,0.171262,0.310228,-0.00591377,6.1492,1e-05,0.0190817,0.42167,14323.4,0.598084,0.25981,-0.4,0.2,1,202.021,2.18235e+07,2.88482,1.65381,0,0.085584,-0.0952535,nan,-0.0665937,nan,nan,nan,nan,-0.00748904,-0.0327397,-0.0116058,nan,-0.134195,0,-0.00867526,-0.23406,nan,-0.265591,-0.034363,-0.159961,-0.26673,-0.19825,0.191453,-0.00160309,0.325
1777,99.3273,1000,0.0999645,0.0833333,0,0.0621488,0.180296,0.204519,-0.00808884,6.14786,0.000113906,0.012523,0.421577,14374.4,0.600551,0.254304,-0.4,0.2,1,202.877,2.18358e+07,3.97574,2.35402,0,0.136156,-0.134218,nan,-0.120425,nan,nan,nan,nan,-0.0122089,-0.0567424,-0.0218011,nan,-0.192213,0,-0.000708763,-0.330347,nan,-0.309392,-0.0436394,-0.209983,-0.372913,-0.2825,0.260487,-0.00257331,0.49
1778,84.7872,798.5,0.103347,0.166667,0.0833333,0.0609707,0.163288,0.246618,-0.00981086,6.14347,3.375e-05,0.0128589,0.421422,14382.6,0.600428,0.253935,-0.4,0.2,1,203.733,2.18481e+07,3.29146,1.85806,0,0.118766,-0.10857,nan,-0.0958333,nan,nan,nan,nan,-0.0110662,-0.0486058,-0.0164861,nan,-0.152021,0,-0.00546275,-0.270753,nan,-0.216762,-0.0486162,-0.191125,-0.305216,-0.222833,0.218303,-0.00187911,0.539167
1779,87.3047,782,0.0995883,0.0416667,0.0416667,0.0644544,0.173332,0.22809,-0.0070277,6.14203,1e-05,0.0163947,0.421401,14582.9,0.593226,0.249404,-0.4,0.2,1,204.577,2.18604e+07,3.17789,1.80393,0,0.122601,-0.105395,nan,-0.102,nan,nan,nan,nan,-0.012021,-0.0528553,-0.0178028,nan,-0.152202,0,-0.00535922,-0.256465,nan,-0.176053,-0.0492412,-0.145503,-0.298347,-0.211,0.213176,-0.00201719,0.605
1780,90.2576,894.857,0.0999849,0.208333,0.0833333,0.0633675,0.173488,0.190044,-0.00740665,6.14179,5.0625e-05,0.0121518,0.421405,14318.6,0.594725,0.26346,-0.4,0.2,1,205.436,2.18726e+07,3.6262,2.10344,0,0.122194,-0.121572,nan,-0.0974143,nan,nan,nan,nan,-0.010925,-0.0491305,-0.0170863,nan,-0.17069,0,-0.00772973,-0.312699,nan,-0.288385,-0.0448748,-0.174723,-0.340835,-0.254143,0.246128,-0.00205708,0.503571
1781,73.7589,781.333,0.104313,0.0833333,0.0416667,0.0603667,0.166141,0.174981,-0.00877673,6.14117,2.25e-05,0.013186,0.421412,13985.5,0.624144,0.254479,-0.4,0.2,1,206.316,2.18849e+07,3.09077,1.83526,0,0.0947954,-0.106027,nan,-0.0764,nan,nan,nan,nan,-0.00819339,-0.035869,-0.0136163,nan,-0.14803,0,-0.0131097,-0.262327,nan,-0.304829,-0.0353547,-0.116135,-0.298805,-0.230667,0.212908,-0.00168166,0.368333
1782,60.2495,658.5,0.102382,0.0416667,0.0416667,0.0611484,0.168217,0.201089,-0.00534525,6.14179,1e-05,0.0160748,0.421475,13898.2,0.622402,0.261739,-0.4,0.2,1,207.201,2.18972e+07,2.76555,1.57011,0,0.0669048,-0.0907684,nan,-0.047375,nan,nan,nan,nan,-0.00504161,-0.0245021,-0.00810907,nan,-0.126071,0,-0.00154579,-0.221172,nan,-0.309879,-0.0344605,-0.138069,-0.250845,-0.2255,0.181687,-0.00165767,0.285
1783,96.4682,1000,0.102784,0.0416667,0,0.0604885,0.171835,0.20445,-0.00913691,6.14273,0.000113906,0.0151094,0.421478,12739.8,0.6705,0.294035,-0.4,0.2,1,208.167,2.19095e+07,3.94557,2.31792,0,0.132052,-0.140548,nan,-0.0968,nan,nan,nan,nan,-0.013583,-0.0551718,-0.0201578,nan,-0.193969,0,-0.017482,-0.345184,nan,-0.313376,-0.0533185,-0.186889,-0.405143,-0.26,0.272331,-0.00252308,0.45
1784,103.842,1000,0.102525,0.25,0,0.0616177,0.170816,0.174336,-0.00806983,6.14112,3.375e-05,0.0117445,0.421377,13296.2,0.647733,0.276442,-0.4,0.2,1,209.093,2.19218e+07,4.20511,2.42228,0,0.136884,-0.136426,nan,-0.100542,nan,nan,nan,nan,-0.0113405,-0.052484,-0.0172938,nan,-0.191125,0,-0.00475656,-0.34124,nan,-0.324573,-0.0536999,-0.202394,-0.379973,-0.305167,0.274252,-0.00234106,0.553333
1785,93.3701,871,0.102458,0.166667,0.0416667,0.061494,0.165455,0.158283,-0.012209,6.13913,0.000170859,0.0156956,0.421216,13228,0.613574,0.315367,-0.4,0.2,1,210.023,2.19341e+07,3.62315,2.11604,0,0.126283,-0.118753,nan,-0.09877,nan,nan,nan,nan,-0.011508,-0.0498604,-0.0169342,nan,-0.165776,0,-0.0094551,-0.304863,nan,-0.252451,-0.0523224,-0.164829,-0.332709,-0.246,0.240891,-0.00201561,0.535
1786,87.3414,817,0.0999952,0.0833333,0.0416667,0.0634592,0.166472,0.169815,-0.00498255,6.13323,1e-05,0.0188327,0.421031,9101.33,0.870219,0.479913,-0.4,0.2,1,211.375,2.19464e+07,3.19863,1.92246,0,0.134526,-0.112211,nan,-0.1011,nan,nan,nan,nan,-0.0128149,-0.0564139,-0.0196482,nan,-0.157046,0,-0.0272906,-0.286639,nan,-0.163885,-0.0472602,-0.246869,-0.312066,-0.222667,0.221524,-0.0021785,0.596667
1787,97.9419,973.917,0.100061,0.458333,0.0416667,0.0623775,0.170311,0.185068,-0.00773116,6.13165,2.25e-05,0.0152874,0.420988,10346.9,0.831046,0.356558,-0.4,0.2,1,212.564,2.19587e+07,3.81568,2.24462,0,0.137641,-0.136646,nan,-0.1148,nan,nan,nan,nan,-0.0142363,-0.0601993,-0.021555,nan,-0.189054,0,-0.0202662,-0.334521,nan,-0.271943,-0.0574899,-0.255763,-0.383414,-0.26475,0.264727,-0.00242757,0.632083
1788,108.781,1000,0.100488,0.25,0,0.0608612,0.177443,0.172548,-0.00470639,6.12978,1e-05,0.0169319,0.42091,10307.6,0.786387,0.405744,-0.4,0.2,1,213.757,2.19709e+07,4.34593,2.33113,0,0.149684,-0.136369,nan,-0.121992,nan,nan,nan,nan,-0.0125334,-0.0569506,-0.0210851,nan,-0.192765,0,-0.00574137,-0.332938,nan,-0.273519,-0.0467781,-0.199748,-0.379659,-0.302,0.271813,-0.00225408,0.575
1789,102.313,1000,0.102818,0.166667,0,0.0595637,0.169712,0.178828,-0.00939798,6.12817,0.000113906,0.0144547,0.420818,10448.7,0.815105,0.360922,-0.4,0.2,1,214.935,2.19832e+07,4.18926,2.40397,0,0.138486,-0.134931,nan,-0.110725,nan,nan,nan,nan,-0.0110407,-0.0517195,-0.0182169,nan,-0.192504,0,-0.00234009,-0.334215,nan,-0.322421,-0.0422441,-0.201608,-0.379277,-0.291,0.272091,-0.00230684,0.48375
1790,82.6372,805.6,0.102587,0.166667,0.0416667,0.0607398,0.166282,0.236786,-0.00888602,6.12588,1e-05,0.0211708,0.420736,10676.3,0.782746,0.368211,-0.4,0.2,1,216.088,2.19955e+07,3.30559,1.88409,0,0.108676,-0.110199,nan,-0.08525,nan,nan,nan,nan,-0.00995003,-0.0453641,-0.0150848,nan,-0.153095,0,-0.00761635,-0.280949,nan,-0.257233,-0.0454402,-0.19351,-0.304984,-0.2312,0.221165,-0.00199132,0.507
1791,101.251,1000,0.102764,0.166667,0,0.0631226,0.169058,0.153816,-0.00966218,6.12539,0.000113906,0.0128718,0.420686,10255.9,0.816811,0.381329,-0.4,0.2,1,217.288,2.20078e+07,4.11193,2.39618,0,0.141744,-0.137285,nan,-0.11485,nan,nan,nan,nan,-0.012556,-0.0578707,-0.0198936,nan,-0.191733,0,-0.00646302,-0.336541,nan,-0.307731,-0.051355,-0.259115,-0.379353,-0.29175,0.271506,-0.00231035,0.5025
1792,94.7433,1000,0.0992549,0.125,0,0.0641207,0.170728,0.149808,-0.0130961,6.12233,7.59375e-05,0.011334,0.420568,9249.4,0.906335,0.422184,-0.4,0.2,1,218.618,2.20201e+07,4.19253,2.35167,0,0.128396,-0.137475,nan,-0.0919667,nan,nan,nan,nan,-0.00965408,-0.0435352,-0.0153518,nan,-0.191827,0,-0.00952294,-0.338546,nan,-0.37789,-0.0475185,-0.193682,-0.380117,-0.320667,0.27574,-0.00235389,0.341667
1793,81.4202,811.167,0.10111,0.125,0.125,0.0634955,0.169074,0.241496,-0.00921544,6.12017,3.375e-05,0.0113084,0.420546,10409.4,0.78068,0.399791,-0.4,0.2,1,219.801,2.20324e+07,3.20378,1.90294,0,0.108693,-0.112418,nan,-0.0873167,nan,nan,nan,nan,-0.0118409,-0.0497946,-0.0171285,nan,-0.157485,0,-0.0158078,-0.281904,nan,-0.248558,-0.0519116,-0.221371,-0.320455,-0.2245,0.218886,-0.00199194,0.526667
1794,104.263,1000,0.101873,0.0833333,0,0.0610311,0.17093,0.17605,-0.0125259,6.12142,0.000170859,0.0167302,0.420612,8534.54,0.883388,0.556409,-0.4,0.2,1,221.242,2.20447e+07,4.07311,2.35366,0,0.150605,-0.13634,nan,-0.1345,nan,nan,nan,nan,-0.0138141,-0.0635936,-0.0241003,nan,-0.191599,0,-0.0136893,-0.337846,nan,-0.253479,-0.0523992,-0.194915,-0.38433,-0.3025,0.269398,-0.00218212,0.5175
1795,93.9767,834.5,0.100698,0.0833333,0.0833333,0.0638995,0.17042,0.210681,-0.0142858,6.12551,1e-05,0.0197948,0.420726,9730.01,0.858637,0.40426,-0.4,0.2,1,222.507,2.2057e+07,3.53535,1.95661,0,0.140454,-0.112352,nan,-0.115,nan,nan,nan,nan,-0.0126112,-0.0561766,-0.0198613,nan,-0.159301,0,-0.00551972,-0.280798,nan,-0.161331,-0.053317,-0.252367,-0.310492,-0.265,0.227909,-0.00190105,0.60375
1796,76.8847,803.143,0.101821,0.166667,0.125,0.0618563,0.171435,0.22429,-0.00957504,6.12699,2.25e-05,0.0161249,0.420733,10037.7,0.805448,0.418741,-0.4,0.2,1,223.732,2.20692e+07,3.10882,1.89034,0,0.113621,-0.11164,nan,-0.0900071,nan,nan,nan,nan,-0.0107174,-0.046957,-0.0164566,nan,-0.155677,0,-0.0105662,-0.278921,nan,-0.239281,-0.0538495,-0.207131,-0.311688,-0.236286,0.218554,-0.0019821,0.413571
1797,51.8988,518,0.102671,0.0416667,0.0416667,0.0618596,0.165762,0.175797,-0.00909322,6.12618,7.59375e-05,0.0113829,0.420677,10362.3,0.799845,0.385989,-0.4,0.2,1,224.92,2.20815e+07,2.08897,1.20441,0,0.0649495,-0.0737835,nan,-0.0478,nan,nan,nan,nan,-0.00685758,-0.028186,-0.00988426,nan,-0.100404,0,-0.0171738,-0.201241,nan,-0.186182,-0.039177,-0.102167,-0.208579,-0.139,0.141734,-0.00121769,0.36
1798,99.7721,1000,0.102366,0.375,0,0.0622386,0.168466,0.134857,-0.014674,6.12274,0.000113906,0.0136799,0.420558,9465.35,0.862909,0.4353,-0.4,0.2,1,226.22,2.20938e+07,3.98242,2.39409,0,0.133823,-0.138701,nan,-0.0989,nan,nan,nan,nan,-0.012261,-0.0524874,-0.0182788,nan,-0.192736,0,-0.0130617,-0.344788,nan,-0.330986,-0.0566038,-0.184348,-0.388449,-0.306111,0.273569,-0.00241024,0.577778
1799,103.183,1000,0.103645,0.208333,0,0.0608786,0.170179,0.16806,-0.0143117,6.11475,5.0625e-05,0.0152785,0.420392,9606.17,0.850006,0.429172,-0.4,0.2,1,227.501,2.21061e+07,3.99273,2.36887,0,0.137617,-0.139434,nan,-0.09978,nan,nan,nan,nan,-0.0131595,-0.0557878,-0.0195888,nan,-0.191876,0,-0.0161105,-0.336281,nan,-0.31041,-0.0525478,-0.207953,-0.388164,-0.266,0.274534,-0.00254762,0.705
1800,75.7681,737,0.103639,0.0833333,0.0416667,0.0607613,0.161076,0.193538,-0.00973977,6.11205,3.375e-05,0.0122031,0.420365,10284.8,0.840983,0.353795,-0.4,0.2,1,228.697,2.21184e+07,2.95683,1.74505,0,0.0939614,-0.104851,nan,-0.0773,nan,nan,nan,nan,-0.0104144,-0.0422648,-0.0156676,nan,-0.14438,0,-0.0188149,-0.252201,nan,-0.238449,-0.0446064,-0.158397,-0.296663,-0.221333,0.200992,-0.00180855,0.533333
1801,100.297,937.333,0.103725,0.0833333,0.0416667,0.0615657,0.162641,0.154583,-0.0118865,6.11118,0.000170859,0.0142258,0.420265,10769,0.770923,0.370133,-0.4,0.2,1,232.12,2.21307e+07,3.7271,2.26925,0,0.145611,-0.127227,nan,-0.120867,nan,nan,nan,nan,-0.0136362,-0.0609086,-0.0217344,nan,-0.179526,0,-0.00581308,-0.324986,nan,-0.224932,-0.0549818,-0.194155,-0.353329,-0.266667,0.25324,-0.00234242,0.595
1802,79.1932,828,0.102406,0.0833333,0.0416667,0.0624901,0.161077,0.155251,-0.0152648,6.10945,0.000170859,0.0173068,0.420254,10828.1,0.742893,0.39193,-0.4,0.2,1,233.257,2.2143e+07,3.31027,2.02023,0,0.102178,-0.113968,nan,-0.06545,nan,nan,nan,nan,-0.00921245,-0.03824,-0.0127774,nan,-0.159906,0,-0.0128453,-0.288973,nan,-0.316358,-0.0448386,-0.136043,-0.321236,-0.250333,0.225282,-0.00197718,0.395
1803,82.0818,777.667,0.103141,0,0.125,0.0617917,0.162754,0.297379,-0.01139,6.109,0.000113906,0.0123141,0.420173,9749.24,0.844847,0.415559,-0.4,0.2,1,234.519,2.21553e+07,3.23137,1.90228,0,0.103764,-0.108843,nan,-0.0796667,nan,nan,nan,nan,-0.0104896,-0.0424616,-0.0149975,nan,-0.151262,0,-0.0154412,-0.25858,nan,-0.24935,-0.0504589,-0.162104,-0.305012,-0.230333,0.212588,-0.0018479,0.496667
1804,105.515,980.333,0.101932,0.208333,0.0416667,0.0617272,0.168156,0.225746,-0.00570662,6.10525,1e-05,0.0189815,0.420031,9780.04,0.856413,0.400024,-0.4,0.2,1,235.777,2.21676e+07,4.0201,2.34619,0,0.149036,-0.132502,nan,-0.123117,nan,nan,nan,nan,-0.0132785,-0.0624303,-0.0212127,nan,-0.188351,0,-0.00867138,-0.329055,nan,-0.251833,-0.0480672,-0.23295,-0.372125,-0.294167,0.268114,-0.0022897,0.675833
1805,73.2981,683,0.103084,0.0833333,0.0416667,0.0605802,0.166102,0.224281,-0.00713667,6.10413,5.0625e-05,0.0098158,0.419983,8599.65,0.929809,0.499086,-0.4,0.2,1,237.208,2.21798e+07,2.9321,1.59981,0,0.109247,-0.0931612,nan,-0.0740667,nan,nan,nan,nan,-0.00816889,-0.0368274,-0.0130661,nan,-0.130063,0,-0.00147543,-0.232838,nan,-0.177525,-0.035287,-0.123874,-0.259172,-0.208667,0.188071,-0.00165724,0.353333
1806,101.942,1000,0.104093,0.0833333,0,0.0607756,0.166312,0.163041,-0.0110438,6.1018,0.000170859,0.0167687,0.419845,8866.57,0.888197,0.497682,-0.4,0.2,1,238.596,2.21921e+07,4.09428,2.41566,0,0.134609,-0.136664,nan,-0.114025,nan,nan,nan,nan,-0.0124771,-0.0564808,-0.0205877,nan,-0.192648,0,-0.0127264,-0.331177,nan,-0.333145,-0.0453967,-0.194427,-0.383006,-0.2885,0.269349,-0.0025791,0.535
1807,104.158,993.333,0.104197,0.208333,0.0416667,0.0612725,0.169168,0.165036,-0.0132792,6.09453,0.000170859,0.0145664,0.419528,8288.8,0.892843,0.589639,-0.4,0.2,1,240.08,2.22044e+07,4.05364,2.35702,0,0.143683,-0.137149,nan,-0.11645,nan,nan,nan,nan,-0.0139705,-0.0603151,-0.021529,nan,-0.192055,0,-0.0160523,-0.342618,nan,-0.276609,-0.055806,-0.230517,-0.385997,-0.28,0.269978,-0.00241145,0.6125
1808,98.7963,940,0.103242,0.208333,0.0416667,0.0611831,0.162593,0.22029,-0.0113437,6.08202,3.375e-05,0.0128722,0.419244,7932.68,0.995873,0.553162,-0.4,0.2,1,241.632,2.22167e+07,3.83258,2.2019,0,0.141699,-0.12982,nan,-0.110467,nan,nan,nan,nan,-0.0125779,-0.0564779,-0.019362,nan,-0.18036,0,-0.0127456,-0.315398,nan,-0.248961,-0.0443737,-0.218868,-0.360043,-0.260833,0.25444,-0.00222163,0.596667
1809,101.866,998.742,0.099406,13.7083,0.0416667,0.0585712,0.179198,0.163776,-0.00719848,6.07878,3.375e-05,0.0141713,0.419163,7558.23,1.10199,0.523791,-0.4,0.2,1,243.26,2.2229e+07,4.07104,2.38182,0,0.136589,-0.137698,nan,-0.105552,nan,nan,nan,nan,-0.0124143,-0.0547419,-0.0192182,nan,-0.192582,0,-0.0129089,-0.340127,nan,-0.316297,-0.0520554,-0.221934,-0.384829,-0.294564,0.271998,-0.00242007,0.59203
1810,64.3211,676,0.104446,0.166667,0.0833333,0.0597583,0.160622,0.235806,-0.00395864,6.07605,1e-05,0.0171773,0.419084,10696.4,0.767876,0.380924,-0.4,0.2,1,244.411,2.22413e+07,2.72926,1.63675,0,0.0692811,-0.0920574,nan,-0.0483833,nan,nan,nan,nan,-0.00704216,-0.0293717,-0.0099842,nan,-0.129835,0,-0.0125732,-0.229539,nan,-0.301058,-0.0370611,-0.125619,-0.258609,-0.174833,0.18504,-0.00166447,0.363333
1811,92.9187,863.143,0.104795,0.25,0.0416667,0.0596339,0.166221,0.129766,-0.00906879,6.07398,0.000113906,0.0117972,0.418909,8611.96,0.914025,0.512829,-0.4,0.2,1,245.839,2.22536e+07,3.55354,2.02801,0,0.126247,-0.120432,nan,-0.0962286,nan,nan,nan,nan,-0.0115137,-0.0505267,-0.0170636,nan,-0.166509,0,-0.00781975,-0.289704,nan,-0.240529,-0.0465883,-0.212213,-0.335364,-0.236857,0.237845,-0.00209337,0.647857
1812,93.113,884.25,0.103396,0.291667,0.0416667,0.0608445,0.166258,0.127732,-0.0104571,6.06777,7.59375e-05,0.0106108,0.418687,9469.29,0.873666,0.424002,-0.4,0.2,1,247.138,2.22659e+07,3.6432,2.09271,0,0.122542,-0.124472,nan,-0.0886312,nan,nan,nan,nan,-0.0120744,-0.050953,-0.0175279,nan,-0.171846,0,-0.0174038,-0.300873,nan,-0.265824,-0.0484738,-0.187829,-0.35031,-0.2545,0.241883,-0.00229547,0.604375
1813,79.7434,1000,0.105365,0.0833333,0,0.0587544,0.166689,0.11248,-0.0140297,6.06139,0.000256289,0.0166454,0.418455,10159.4,0.842933,0.366582,-0.4,0.2,1,248.35,2.22781e+07,3.73575,2.26963,0,0.107235,-0.137395,nan,-0.086775,nan,nan,nan,nan,-0.00911324,-0.0425359,-0.0166813,nan,-0.193454,0,-0.00337066,-0.341959,nan,-0.444097,-0.0575649,-0.276003,-0.383453,-0.314,0.266992,-0.00282473,0.2775
1814,96.7805,1000,0.106118,0.125,0,0.0583764,0.158563,0.0968925,-0.0152468,6.05422,0.000113906,0.0125451,0.418297,10298.7,0.776961,0.416195,-0.4,0.2,1,249.544,2.22904e+07,4.07283,2.33957,0,0.135892,-0.138044,nan,-0.106333,nan,nan,nan,nan,-0.0104829,-0.0494671,-0.0181421,nan,-0.195527,0,-0.00316024,-0.334944,nan,-0.334656,-0.046403,-0.219868,-0.379402,-0.322333,0.269086,-0.00220391,0.485
1815,101.083,1000,0.103049,0.375,0,0.061864,0.163856,0.142959,-0.0162115,6.04649,0.000113906,0.0139059,0.417911,9779.48,0.870981,0.385528,-0.4,0.2,1,250.802,2.23027e+07,3.94584,2.36021,0,0.146552,-0.138072,nan,-0.114744,nan,nan,nan,nan,-0.013415,-0.0596655,-0.0213351,nan,-0.193781,0,-0.00965111,-0.338484,nan,-0.272096,-0.052941,-0.263188,-0.386953,-0.310556,0.272394,-0.00241053,0.605556
1816,107.373,1000,0.102048,0.375,0,0.0613572,0.172061,0.158759,-0.0123363,6.03803,2.25e-05,0.0148644,0.417764,9740.12,0.809053,0.452533,-0.4,0.2,1,252.065,2.2315e+07,4.209,2.38911,0,0.148831,-0.136858,nan,-0.112478,nan,nan,nan,nan,-0.0128823,-0.0569126,-0.0198475,nan,-0.192333,0,-0.00961503,-0.335829,nan,-0.281011,-0.052499,-0.210784,-0.380761,-0.304111,0.275023,-0.00247337,0.603333
1817,102.986,1000,0.104093,0.166667,0,0.0594171,0.166936,0.148628,-0.0101578,6.03749,0.000113906,0.0129605,0.417761,10189.3,0.864261,0.341711,-0.4,0.2,1,253.273,2.23273e+07,3.951,2.4174,0,0.150658,-0.136727,nan,-0.1172,nan,nan,nan,nan,-0.0129129,-0.0563296,-0.0209263,nan,-0.192357,0,-0.00871851,-0.329819,nan,-0.273362,-0.045035,-0.265188,-0.383379,-0.3195,0.269922,-0.00226156,0.6475
1818,93.2985,902.25,0.103616,0.291667,0.0416667,0.060611,0.168935,0.139107,-0.0138041,6.03258,7.59375e-05,0.0133311,0.417505,10267.1,0.776207,0.420629,-0.4,0.2,1,254.471,2.23396e+07,3.69601,2.12578,0,0.13293,-0.123469,nan,-0.107331,nan,nan,nan,nan,-0.011949,-0.052148,-0.0191327,nan,-0.174394,0,-0.00765097,-0.295877,nan,-0.250327,-0.0476526,-0.218889,-0.347265,-0.275625,0.244653,-0.00217268,0.516875
1819,85.7738,809.5,0.104117,0.0833333,0.0833333,0.0603735,0.169696,0.224124,-0.00635892,6.029,1e-05,0.0200756,0.417437,9913.94,0.850189,0.389278,-0.4,0.2,1,255.713,2.23519e+07,3.31118,1.99357,0,0.117069,-0.111066,nan,-0.09065,nan,nan,nan,nan,-0.0098532,-0.0422269,-0.0159552,nan,-0.155517,0,-0.00571537,-0.27307,nan,-0.235293,-0.048124,-0.167016,-0.310334,-0.24025,0.221826,-0.00176659,0.49875
1820,83.4462,812.6,0.101149,0.166667,0.0416667,0.0619638,0.168933,0.199303,-0.00961705,6.03072,0.000113906,0.0148427,0.417602,10036.8,0.858633,0.365662,-0.4,0.2,1,256.939,2.23642e+07,3.55218,1.93497,0,0.104959,-0.110682,nan,-0.0729,nan,nan,nan,nan,-0.00832399,-0.0347873,-0.013225,nan,-0.155329,0,-0.00248429,-0.276357,nan,-0.295572,-0.0407693,-0.142737,-0.305371,-0.2568,0.221326,-0.00191283,0.379
1821,104.184,1000,0.103955,0.208333,0,0.0606626,0.169664,0.172546,-0.011266,6.03564,1e-05,0.0172596,0.417673,10593,0.800239,0.359774,-0.4,0.2,1,258.1,2.23764e+07,4.09212,2.41661,0,0.141506,-0.135977,nan,-0.10487,nan,nan,nan,nan,-0.0115403,-0.0516747,-0.0180997,nan,-0.191497,0,-0.00836747,-0.332601,nan,-0.315377,-0.0497274,-0.190593,-0.37651,-0.3026,0.274388,-0.00240744,0.623
1822,85.7199,827,0.102984,0.125,0.0416667,0.0602157,0.174276,0.193694,-0.0086121,6.03513,0.000113906,0.0120604,0.417641,9076.16,0.924193,0.429683,-0.4,0.2,1,259.455,2.23887e+07,3.1911,1.92573,0,0.126758,-0.114996,nan,-0.109875,nan,nan,nan,nan,-0.0128002,-0.0564907,-0.020407,nan,-0.1599,0,-0.00972417,-0.278227,nan,-0.189514,-0.0495186,-0.308785,-0.321661,-0.2365,0.224209,-0.00200982,0.62625
1823,98.7316,1000,0.1033,0.125,0,0.0624627,0.164539,0.174273,-0.0106284,6.03171,5.0625e-05,0.0110303,0.417451,9810.38,0.854933,0.397618,-0.4,0.2,1,260.71,2.2401e+07,3.97225,2.32871,0,0.140121,-0.136451,nan,-0.1073,nan,nan,nan,nan,-0.0124734,-0.0567314,-0.0192074,nan,-0.192291,0,-0.00557096,-0.339523,nan,-0.301101,-0.0532199,-0.29759,-0.378407,-0.305667,0.271494,-0.00240959,0.618333
1824,67.6468,678.5,0.102286,0.0416667,0.0416667,0.0627792,0.165643,0.173789,-0.0106078,6.02788,1.5e-05,0.0170907,0.417318,9578.08,0.868817,0.414112,-0.4,0.2,1,261.994,2.24133e+07,2.67339,1.57795,0,0.0860081,-0.0928347,nan,-0.07425,nan,nan,nan,nan,-0.00906994,-0.0387471,-0.0128517,nan,-0.130092,0,-0.0219916,-0.239817,nan,-0.232593,-0.0436661,-0.203263,-0.263785,-0.2105,0.187333,-0.00160351,0.55
1825,nan,nan,0.103884,0,0,0.0604116,0.171536,0.229535,-0.00791646,6.02627,3.375e-05,0.0152838,0.417223,9468.23,0.904475,0.393338,-0.4,0.2,1,263.293,2.24256e+07,nan,nan,nan,nan,nan,nan,nan,nan,nan,nan,nan,nan,nan,nan,nan,nan,nan,nan,nan,nan,nan,nan,nan,nan,nan,nan,nan,nan
1826,92.5008,906.9,0.105204,0.333333,0.0833333,0.0604853,0.164081,0.14997,-0.0104934,6.02479,3.375e-05,0.0119089,0.417195,10596.7,0.757225,0.402382,-0.4,0.2,1,264.455,2.24379e+07,3.65868,2.18775,0,0.129681,-0.124886,nan,-0.09643,nan,nan,nan,nan,-0.011437,-0.0490127,-0.0168817,nan,-0.175332,0,-0.0150674,-0.309111,nan,-0.272027,-0.0463654,-0.178973,-0.348474,-0.271,0.247905,-0.00203581,0.5055
1827,93.0445,799.667,0.104993,0.0833333,0.0416667,0.0598108,0.166289,0.19559,-0.0109425,6.02398,0.000170859,0.0171875,0.417137,9654.11,0.886754,0.386072,-0.4,0.2,1,265.729,2.24502e+07,3.46657,1.93672,0,0.143046,-0.110143,nan,-0.122033,nan,nan,nan,nan,-0.0115156,-0.0550122,-0.0196811,nan,-0.153841,0,-0.00511809,-0.258143,nan,-0.135885,-0.0420116,-0.18757,-0.304011,-0.251667,0.216338,-0.00163158,0.52
1828,90.5455,915.222,0.104805,0.291667,0.0833333,0.0613543,0.163105,0.2041,-0.0129031,6.0202,7.59375e-05,0.0122223,0.41699,10233.3,0.832401,0.368389,-0.4,0.2,1,266.932,2.24625e+07,3.64592,2.17456,0,0.129336,-0.123975,nan,-0.0967,nan,nan,nan,nan,-0.0111737,-0.0486533,-0.0177392,nan,-0.176491,0,-0.0157812,-0.303105,nan,-0.281905,-0.0493778,-0.212003,-0.348376,-0.262111,0.246838,-0.00214531,0.48
1829,89.5956,893,0.104376,0.375,0.166667,0.0604738,0.173062,0.329631,-0.00686586,6.01387,1e-05,0.0286788,0.416797,10327.7,0.84996,0.339849,-0.4,0.2,1,268.123,2.24748e+07,3.64067,2.11344,0,0.118439,-0.122926,nan,-0.0821615,nan,nan,nan,nan,-0.0106757,-0.0453519,-0.0157113,nan,-0.172822,0,-0.0162661,-0.308427,nan,-0.303245,-0.0470861,-0.170759,-0.347388,-0.266692,0.243373,-0.00219613,0.516538
1830,91.3269,962.8,0.104717,0.166667,0.0416667,0.0606515,0.164751,0.19682,-0.0111118,6.01328,0.000113906,0.0148496,0.416852,10411.6,0.785696,0.394525,-0.4,0.2,1,269.305,2.2487e+07,3.97031,2.29523,0,0.113592,-0.134242,nan,-0.08533,nan,nan,nan,nan,-0.0101125,-0.0449306,-0.0161329,nan,-0.187649,0,-0.0233616,-0.32962,nan,-0.385335,-0.0531251,-0.163152,-0.371849,-0.2876,0.262187,-0.00239724,0.405
1831,88.2973,880.5,0.102833,0.125,0.0416667,0.0617351,0.168435,0.146974,-0.0129497,6.01542,2.25e-05,0.0141039,0.416828,10175.8,0.810239,0.397327,-0.4,0.2,1,270.514,2.24993e+07,3.62358,2.07883,0,0.112726,-0.1236,nan,-0.0784125,nan,nan,nan,nan,-0.00969658,-0.0426275,-0.0143815,nan,-0.172622,0,-0.0149836,-0.299578,nan,-0.312769,-0.0491564,-0.139704,-0.345777,-0.25625,0.237219,-0.00214222,0.5325
1832,105.825,1000,0.10374,0.166667,0,0.0607618,0.171601,0.181653,-0.0100303,6.0127,0.000113906,0.0128279,0.416677,10249.2,0.832389,0.366538,-0.4,0.2,1,271.716,2.25116e+07,4.10771,2.39987,0,0.145232,-0.136717,nan,-0.115675,nan,nan,nan,nan,-0.0136996,-0.0598288,-0.0218144,nan,-0.192761,0,-0.0139788,-0.32881,nan,-0.276443,-0.0523235,-0.25491,-0.385415,-0.29925,0.271759,-0.00234832,0.65625
1833,90.323,916.8,0.105413,0.166667,0.0416667,0.0607647,0.166027,0.137922,-0.0116874,6.00856,7.59375e-05,0.0105876,0.416575,10589.4,0.83138,0.329022,-0.4,0.2,1,272.877,2.25239e+07,3.60854,2.18604,0,0.123066,-0.126748,nan,-0.0841,nan,nan,nan,nan,-0.0107552,-0.0433763,-0.015521,nan,-0.176475,0,-0.0139137,-0.32368,nan,-0.304812,-0.0497092,-0.198507,-0.355901,-0.265,0.249746,-0.00199014,0.587
1834,92.2022,921.2,0.104535,0.166667,0.0416667,0.0614405,0.16851,0.193696,-0.0125562,6.00583,5.0625e-05,0.011675,0.416454,10432.4,0.791823,0.386051,-0.4,0.2,1,274.057,2.25362e+07,3.89066,2.22009,0,0.111864,-0.124408,nan,-0.08804,nan,nan,nan,nan,-0.00907989,-0.0402848,-0.0146247,nan,-0.177742,0,-0.00820775,-0.303055,nan,-0.350251,-0.0476306,-0.138252,-0.34396,-0.2794,0.252355,-0.00207092,0.419
1835,89.3371,852.2,0.106057,0.125,0.0833333,0.0597948,0.169417,0.240495,-0.00719759,6.00293,1e-05,0.017593,0.41638,10866.1,0.757023,0.373834,-0.4,0.2,1,275.189,2.25485e+07,3.52191,2.00917,0,0.128197,-0.116233,nan,-0.09389,nan,nan,nan,nan,-0.0102969,-0.0453501,-0.0160133,nan,-0.163213,0,-0.00617827,-0.288272,nan,-0.240672,-0.0433329,-0.199176,-0.322406,-0.2452,0.233356,-0.00197003,0.529
1836,109.442,1000,0.105122,0.125,0,0.0595614,0.171279,0.13081,-0.0107578,5.99988,0.000113906,0.0147098,0.416181,10755.1,0.80896,0.333566,-0.4,0.2,1,276.333,2.25608e+07,4.24714,2.38188,0,0.16417,-0.133775,nan,-0.139767,nan,nan,nan,nan,-0.0133498,-0.0640361,-0.023875,nan,-0.19201,0,-0.00215207,-0.331741,nan,-0.21176,-0.0455902,-0.239445,-0.372948,-0.325333,0.267277,-0.00221862,0.553333
1837,99.8646,920.5,0.105913,0.125,0.0416667,0.0589873,0.17318,0.202116,-0.00536358,5.99363,1e-05,0.0198168,0.416069,10628.6,0.753128,0.402999,-0.4,0.2,1,277.491,2.25731e+07,3.81499,2.21027,0,0.145016,-0.127053,nan,-0.104325,nan,nan,nan,nan,-0.012296,-0.0527378,-0.0184662,nan,-0.178167,0,-0.00951204,-0.324046,nan,-0.229633,-0.0472581,-0.203434,-0.352671,-0.28625,0.250031,-0.00223202,0.64
1838,103.736,955.714,0.104743,0.25,0.0416667,0.0604253,0.171171,0.226942,-0.00697581,5.99178,0.000113906,0.0126697,0.41596,10194.4,0.788555,0.416811,-0.4,0.2,1,278.698,2.25853e+07,3.89851,2.29686,0,0.147943,-0.132866,nan,-0.104879,nan,nan,nan,nan,-0.0130363,-0.0561205,-0.0193452,nan,-0.18511,0,-0.0134494,-0.329718,nan,-0.239375,-0.0480123,-0.216607,-0.373401,-0.282714,0.260304,-0.0023394,0.715
1839,98.0001,926.286,0.101791,0.208333,0.0833333,0.0627129,0.171656,0.210815,-0.0080786,5.98793,1e-05,0.017002,0.415885,10308.6,0.795733,0.39628,-0.4,0.2,1,279.892,2.25976e+07,3.82058,2.18117,0,0.149029,-0.126606,nan,-0.121493,nan,nan,nan,nan,-0.0132458,-0.0598341,-0.0208164,nan,-0.178426,0,-0.00998441,-0.307011,nan,-0.211553,-0.0554666,-0.253839,-0.350918,-0.281857,0.248543,-0.00210576,0.523571
1840,99.4967,923,0.103092,0.25,0.0833333,0.0625578,0.172287,0.192095,-0.00788111,5.98757,5.0625e-05,0.0127661,0.415889,11712.9,0.692801,0.356297,-0.4,0.2,1,280.942,2.26099e+07,3.7523,2.2203,0,0.144619,-0.12754,nan,-0.109531,nan,nan,nan,nan,-0.0134047,-0.0570675,-0.0198014,nan,-0.178605,0,-0.0121425,-0.309306,nan,-0.218563,-0.0533357,-0.244418,-0.357111,-0.264375,0.253465,-0.00233028,0.6325
1841,101.419,1000,0.101403,0.208333,0,0.0634305,0.172233,0.146751,-0.00829046,5.98616,1e-05,0.0174592,0.415817,10751.1,0.752928,0.390023,-0.4,0.2,1,282.087,2.26222e+07,4.03722,2.3967,0,0.131286,-0.138601,nan,-0.08852,nan,nan,nan,nan,-0.0111297,-0.0475702,-0.0162374,nan,-0.191682,0,-0.016839,-0.329393,nan,-0.345781,-0.0409916,-0.154946,-0.386772,-0.2796,0.272343,-0.00215007,0.604
1842,95.6897,1000,0.102567,0.0416667,0,0.0617811,0.171978,0.121525,-0.010625,5.98217,0.000113906,0.0132533,0.415508,10805.2,0.763963,0.373266,-0.4,0.2,1,283.225,2.26345e+07,4.25753,2.3779,0,0.109964,-0.132298,nan,-0.0581,nan,nan,nan,nan,-0.00687316,-0.030563,-0.00926164,nan,-0.189406,0,-0.000704474,-0.322212,nan,-0.448486,-0.0409358,-0.0733156,-0.372984,-0.298,0.274405,-0.00234465,0.39
1843,90.9466,963,0.103507,0.166667,0.0416667,0.0617458,0.172271,0.142387,-0.0116487,5.96644,3.375e-05,0.0165039,0.414978,11826.6,0.710371,0.328639,-0.4,0.2,1,284.266,2.26468e+07,3.90319,2.30164,0,0.115388,-0.131414,nan,-0.07558,nan,nan,nan,nan,-0.00834723,-0.0366357,-0.0131287,nan,-0.185094,0,-0.00430215,-0.327096,nan,-0.392362,-0.0434488,-0.171669,-0.370399,-0.2918,0.261828,-0.00216027,0.46
1844,119.354,1000,0.102524,0.0416667,0,0.0634792,0.171417,0.149685,-0.0115855,5.95918,0.000170859,0.0146779,0.414818,13107.8,0.639808,0.297648,-0.4,0.2,1,285.205,2.26591e+07,4.50377,2.29028,0,0.180109,-0.136638,nan,-0.1354,nan,nan,nan,nan,-0.0148943,-0.0647011,-0.0231672,nan,-0.195497,0,-0.00880036,-0.331939,nan,-0.171042,-0.0548747,-0.255543,-0.378036,-0.301,0.270432,-0.00217005,0.78
1845,101.24,956.5,0.100583,0.166667,0.0833333,0.0633981,0.178985,0.223665,-0.00673927,5.9566,1e-05,0.0196627,0.414772,13956.3,0.608381,0.272083,-0.4,0.2,1,286.087,2.26714e+07,3.92457,2.2924,0,0.143258,-0.131481,nan,-0.10925,nan,nan,nan,nan,-0.0124993,-0.0550905,-0.0187454,nan,-0.182987,0,-0.00916759,-0.3207,nan,-0.256444,-0.0498772,-0.191805,-0.361538,-0.288,0.261484,-0.00207458,0.585833
1846,103.731,1000,0.102299,0.208333,0,0.0626651,0.172228,0.14897,-0.0100698,5.95611,0.000113906,0.0132301,0.41476,13008.9,0.6545,0.290083,-0.4,0.2,1,287.033,2.26836e+07,4.00553,2.40846,0,0.154411,-0.138481,nan,-0.10804,nan,nan,nan,nan,-0.0131676,-0.0567743,-0.0195404,nan,-0.194102,0,-0.0082393,-0.342412,nan,-0.253734,-0.0504286,-0.278051,-0.386065,-0.2948,0.271533,-0.00236699,0.62
1847,115.344,1000,0.104355,0.0833333,0,0.0610764,0.175043,0.138535,-0.0120828,5.9528,5.0625e-05,0.0105171,0.41462,9827.35,0.756459,0.493929,-0.4,0.2,1,288.284,2.26959e+07,4.20362,2.39704,0,0.163104,-0.139629,nan,-0.13525,nan,nan,nan,nan,-0.0161087,-0.072114,-0.0263356,nan,-0.194679,0,-0.0106947,-0.320647,nan,-0.198308,-0.039953,-0.239565,-0.3973,-0.2885,0.26538,-0.00223252,0.7875
1848,101.957,1000,0.103212,0.166667,0,0.0614329,0.173821,0.108088,-0.0109678,5.9471,5.0625e-05,0.0108568,0.414424,9649.22,0.851205,0.422266,-0.4,0.2,1,289.559,2.27082e+07,3.97365,2.4004,0,0.145579,-0.136861,nan,-0.113037,nan,nan,nan,nan,-0.0125593,-0.0559477,-0.0194055,nan,-0.191775,0,-0.013137,-0.327989,nan,-0.279008,-0.0484464,-0.273195,-0.383229,-0.29525,0.271108,-0.00225223,0.6225
1849,102.973,1000,0.102018,0.208333,0,0.0618206,0.177374,0.122865,-0.0102606,5.94239,2.25e-05,0.0155383,0.414247,10550.7,0.757061,0.407603,-0.4,0.2,1,290.726,2.27205e+07,4.18954,2.41294,0,0.140249,-0.134595,nan,-0.09852,nan,nan,nan,nan,-0.0103197,-0.0463781,-0.0167443,nan,-0.190419,0,-0.00530919,-0.326855,nan,-0.319299,-0.0420545,-0.177667,-0.374712,-0.315,0.271407,-0.00211213,0.523
1850,103.293,1000,0.102315,12.875,0,0.062076,0.17129,0.147573,-0.0110777,5.9393,0.000170859,0.0147497,0.414067,9983.28,0.884503,0.346355,-0.4,0.2,1,291.958,2.27328e+07,4.09589,2.37683,0,0.144218,-0.136451,nan,-0.105364,nan,nan,nan,nan,-0.0122,-0.053394,-0.018816,nan,-0.192065,0,-0.0107214,-0.335557,nan,-0.293409,-0.0481694,-0.227812,-0.382635,-0.293307,0.271563,-0.00232382,0.601618
1851,108.42,1000,0.0996468,0.166667,0,0.0601079,0.174533,0.0937715,-0.0126873,5.93429,7.59375e-05,0.0167559,0.413669,10496.6,0.772325,0.398343,-0.4,0.2,1,293.13,2.27451e+07,4.20799,2.3459,0,0.14692,-0.137419,nan,-0.09945,nan,nan,nan,nan,-0.0131523,-0.0553734,-0.018833,nan,-0.193282,0,-0.0166839,-0.33545,nan,-0.275202,-0.0516907,-0.234871,-0.385888,-0.2775,0.273129,-0.00244233,0.72125
1852,90.3926,838.167,0.106008,0.208333,0.0416667,0.0590819,0.164924,0.172051,-0.0112005,5.92631,2.25e-05,0.0164939,0.413409,8884.57,0.809905,0.573167,-0.4,0.2,1,294.515,2.27574e+07,3.47986,2.00036,0,0.137271,-0.113427,nan,-0.100058,nan,nan,nan,nan,-0.011118,-0.0485127,-0.0181271,nan,-0.161258,0,-0.00651468,-0.282519,nan,-0.189075,-0.04058,-0.219473,-0.317997,-0.259,0.225943,-0.00192712,0.523333
1853,86.8739,839.167,0.105872,0.166667,0.0833333,0.0588631,0.168322,0.103826,-0.00729518,5.9227,1.5e-05,0.0155755,0.413312,8710.96,0.906935,0.503702,-0.4,0.2,1,295.928,2.27697e+07,3.29567,1.99524,0,0.1293,-0.113235,nan,-0.0965833,nan,nan,nan,nan,-0.0113148,-0.0477147,-0.016881,nan,-0.160062,0,-0.00867166,-0.27529,nan,-0.213674,-0.0507623,-0.202797,-0.315619,-0.237667,0.228014,-0.00201152,0.549167
1854,96.4282,1000,0.106216,0.291667,0,0.060346,0.156271,0.0960705,-0.007546,5.9203,7.59375e-05,0.00935802,0.413214,9896.5,0.854506,0.387145,-0.4,0.2,1,297.171,2.2782e+07,3.91375,2.35283,0,0.138558,-0.135043,nan,-0.103886,nan,nan,nan,nan,-0.0115708,-0.0516956,-0.0187766,nan,-0.192461,0,-0.00758622,-0.335203,nan,-0.31217,-0.0512527,-0.206935,-0.378893,-0.307,0.270701,-0.00232218,0.507857
1855,109.81,1000,0.105736,0.125,0,0.061574,0.164874,0.148462,-0.0101726,5.91491,5.0625e-05,0.0103175,0.413023,9417.02,0.873994,0.430877,-0.4,0.2,1,298.478,2.27942e+07,4.12314,2.39234,0,0.156446,-0.142098,nan,-0.116167,nan,nan,nan,nan,-0.0146727,-0.0647361,-0.0210611,nan,-0.193289,0,-0.0182611,-0.34586,nan,-0.239736,-0.0515813,-0.212557,-0.39594,-0.274333,0.274179,-0.00238578,0.716667
1856,78.9603,782.25,0.104807,0.125,0.0416667,0.0610193,0.164942,0.0968016,-0.012705,5.90601,7.59375e-05,0.011577,0.412586,9373.31,0.858852,0.452104,-0.4,0.2,1,299.79,2.28065e+07,3.34285,1.92936,0,0.0912899,-0.106567,nan,-0.0513625,nan,nan,nan,nan,-0.0075355,-0.0293005,-0.00976699,nan,-0.149772,0,-0.00708181,-0.261211,nan,-0.3198,-0.0445171,-0.179049,-0.295515,-0.20925,0.214074,-0.00170174,0.3875
1857,103.306,1000,0.106573,0.458333,0,0.0607725,0.166681,0.155571,-0.0150683,5.89067,0.000113906,0.0193759,0.411928,9113.89,0.894919,0.453353,-0.4,0.2,1,301.141,2.28188e+07,4.10251,2.39594,0,0.142943,-0.137897,nan,-0.101782,nan,nan,nan,nan,-0.0120723,-0.0526518,-0.0179012,nan,-0.192522,0,-0.0111066,-0.341811,nan,-0.302712,-0.0488909,-0.219242,-0.388327,-0.292727,0.272479,-0.0023013,0.610909
1858,102.127,1000,0.104185,0.25,0,0.0625881,0.1702,0.154068,-0.0137062,5.8814,7.59375e-05,0.0113901,0.411772,10601.8,0.827976,0.331076,-0.4,0.2,1,302.301,2.28311e+07,4.1574,2.35871,0,0.150437,-0.13332,nan,-0.111842,nan,nan,nan,nan,-0.0115335,-0.0536884,-0.0182212,nan,-0.190055,0,-0.00446399,-0.331057,nan,-0.277437,-0.0437932,-0.269844,-0.371981,-0.2775,0.273764,-0.00221844,0.4825
1859,108.554,1000,0.106272,0.208333,0,0.060769,0.165954,0.160554,-0.0119146,5.87875,0.000113906,0.0169525,0.411793,10451.9,0.768671,0.407004,-0.4,0.2,1,303.478,2.28434e+07,4.14251,2.37314,0,0.1565,-0.136446,nan,-0.11481,nan,nan,nan,nan,-0.0144199,-0.0641329,-0.0206312,nan,-0.192122,0,-0.0116206,-0.341329,nan,-0.239561,-0.0527263,-0.228044,-0.385858,-0.2628,0.271416,-0.00229963,0.646
1860,97.5462,888.571,0.105376,0.25,0.0416667,0.0609512,0.169484,0.173438,-0.00776408,5.87936,1.5e-05,0.0161507,0.411802,8692.69,0.955419,0.458182,-0.4,0.2,1,304.894,2.28557e+07,3.60745,2.09246,0,0.147643,-0.120804,nan,-0.101257,nan,nan,nan,nan,-0.0125148,-0.0530318,-0.0180687,nan,-0.16984,0,-0.0057135,-0.301483,nan,-0.190138,-0.0469688,-0.197216,-0.343402,-0.257571,0.241647,-0.00203894,0.672857
1861,96.139,876.5,0.10392,0.208333,0.0416667,0.0627192,0.173339,0.174365,-0.0106382,5.87925,0.000113906,0.0133435,0.4118,9728.62,0.840642,0.422436,-0.4,0.2,1,306.158,2.2868e+07,3.5787,2.10524,0,0.148785,-0.119155,nan,-0.117092,nan,nan,nan,nan,-0.0128558,-0.0566055,-0.0202256,nan,-0.169045,0,-0.00778285,-0.291951,nan,-0.174991,-0.0465282,-0.221124,-0.335463,-0.262833,0.236358,-0.00211159,0.585833
1862,96.4445,1000,0.103393,0.125,0,0.0628773,0.166844,0.188372,-0.00742163,5.87514,1e-05,0.0187041,0.411633,10223.7,0.888403,0.313515,-0.4,0.2,1,307.362,2.28803e+07,4.01021,2.39253,0,0.132307,-0.133452,nan,-0.08015,nan,nan,nan,nan,-0.00934821,-0.0411482,-0.0131718,nan,-0.189964,0,-0.00365018,-0.330704,nan,-0.352956,-0.0409439,-0.250846,-0.3723,-0.283333,0.274478,-0.00233265,0.533333
1863,98.5181,1000,0.104957,0.333333,0,0.0604303,0.170266,0.152309,-0.00905684,5.87196,0.000113906,0.0138454,0.411531,10876.1,0.733711,0.396109,-0.4,0.2,1,308.493,2.28925e+07,4.07347,2.40631,0,0.131173,-0.133497,nan,-0.093925,nan,nan,nan,nan,-0.0103976,-0.0456162,-0.0167936,nan,-0.19033,0,-0.00734089,-0.331655,nan,-0.34657,-0.0473904,-0.220658,-0.375433,-0.305875,0.269605,-0.00221412,0.504375
1864,104.242,1000,0.103977,0.125,0,0.0612591,0.173584,0.117436,-0.0136796,5.86787,0.000170859,0.0144742,0.411368,9216.53,0.930087,0.40317,-0.4,0.2,1,309.829,2.29048e+07,4.06143,2.35033,0,0.162177,-0.136488,nan,-0.141567,nan,nan,nan,nan,-0.0136446,-0.0623289,-0.0245125,nan,-0.192543,0,-0.00268764,-0.315941,nan,-0.217883,-0.0470889,-0.311437,-0.375336,-0.297333,0.264453,-0.00207569,0.558333
1865,112.742,1000,0.102777,0.0833333,0,0.0622363,0.169272,0.23024,-0.008891,5.86303,7.59375e-05,0.0122762,0.411292,9904.43,0.834184,0.406473,-0.4,0.2,1,311.071,2.29171e+07,4.06232,2.23578,0,0.16998,-0.137401,nan,-0.110925,nan,nan,nan,nan,-0.0166739,-0.0656353,-0.021516,nan,-0.190711,0,-0.0280629,-0.348327,nan,-0.187549,-0.0617114,-0.237301,-0.397513,-0.268,0.270188,-0.0027306,0.91
1866,52.0265,578.333,0.102003,0.0416667,0.0833333,0.0621684,0.175769,0.160766,-0.0132393,5.85848,0.000256289,0.0190202,0.410895,9765.65,0.926586,0.331702,-0.4,0.2,1,312.331,2.29294e+07,2.25848,1.3064,0,0.0771491,-0.0759898,nan,-0.0596,nan,nan,nan,nan,-0.00619784,-0.0248368,-0.00997245,nan,-0.110731,0,-0.000445981,-0.192802,nan,-0.200558,-0.0456704,-0.128454,-0.214583,-0.181333,0.15366,-0.001288,0.208333
1867,95.4205,931.2,0.104041,0.166667,0.0416667,0.062037,0.16583,0.174308,-0.0121612,5.84795,0.000170859,0.0147614,0.410639,10660.1,0.739798,0.412908,-0.4,0.2,1,313.485,2.29417e+07,3.73159,2.2281,0,0.136935,-0.125527,nan,-0.09109,nan,nan,nan,nan,-0.0119295,-0.0496716,-0.0168007,nan,-0.17699,0,-0.00722142,-0.320457,nan,-0.267111,-0.0470251,-0.224889,-0.357554,-0.2416,0.2526,-0.00206236,0.575
1868,95.98,928.25,0.103489,0.291667,0.0416667,0.0622477,0.164812,0.161651,-0.014938,5.8431,0.000113906,0.0130058,0.410441,9443.52,0.858649,0.442561,-0.4,0.2,1,314.789,2.2954e+07,3.70875,2.1583,0,0.136896,-0.128007,nan,-0.098375,nan,nan,nan,nan,-0.0131314,-0.0541206,-0.0192417,nan,-0.180289,0,-0.0196018,-0.31197,nan,-0.252551,-0.0566674,-0.209,-0.366255,-0.25625,0.249645,-0.00233743,0.631875
1869,112.373,1000,0.1035,0.208333,0,0.0622252,0.16392,0.140423,-0.0158666,5.83267,0.000170859,0.0161843,0.40994,9042.39,0.973794,0.385138,-0.4,0.2,1,316.15,2.29663e+07,4.12087,2.39965,0,0.168257,-0.132514,nan,-0.12416,nan,nan,nan,nan,-0.0146859,-0.0645583,-0.0218455,nan,-0.189853,0,-0.0109273,-0.34191,nan,-0.203875,-0.0494312,-0.251591,-0.378259,-0.2628,0.271308,-0.00234329,0.742
1870,109.87,1000,0.103474,0.416667,0,0.0627222,0.16137,0.157461,-0.0156389,5.82477,3.375e-05,0.0151952,0.409821,9469.43,0.898036,0.399613,-0.4,0.2,1,317.449,2.29786e+07,4.04993,2.35342,0,0.161891,-0.138024,nan,-0.12391,nan,nan,nan,nan,-0.0149737,-0.0633252,-0.022685,nan,-0.192249,0,-0.0130335,-0.337812,nan,-0.217765,-0.0515513,-0.248524,-0.387273,-0.2829,0.26963,-0.00230462,0.783
1871,94.1528,875.417,0.105494,0.375,0.125,0.0596263,0.161268,0.175471,-0.00856025,5.82252,1e-05,0.0180312,0.409744,10609.1,0.771812,0.386439,-0.4,0.2,1,318.609,2.29908e+07,3.57581,2.07469,0,0.140003,-0.119219,nan,-0.0989042,nan,nan,nan,nan,-0.0120565,-0.0524663,-0.0175632,nan,-0.168238,0,-0.00629888,-0.297693,nan,-0.208315,-0.050434,-0.24428,-0.334714,-0.24025,0.237897,-0.00206645,0.62375
1872,103.769,1000,0.105147,0.291667,0,0.0603644,0.168601,0.164619,-0.00796202,5.82016,1e-05,0.0183872,0.40964,9690.45,0.849682,0.418371,-0.4,0.2,1,319.878,2.30031e+07,3.95909,2.39385,0,0.154018,-0.135609,nan,-0.114321,nan,nan,nan,nan,-0.0136883,-0.0595066,-0.0215692,nan,-0.190747,0,-0.0100627,-0.334176,nan,-0.252294,-0.0514802,-0.26414,-0.383364,-0.290857,0.269022,-0.00233651,0.651429
1873,100.127,1000,0.104274,0.125,0,0.0607069,0.166506,0.245127,-0.0098592,5.81697,0.000113906,0.0124003,0.409453,9411.66,0.849955,0.45566,-0.4,0.2,1,321.185,2.30154e+07,4.20859,2.3516,0,0.131267,-0.133813,nan,-0.0946167,nan,nan,nan,nan,-0.0101545,-0.0452267,-0.0167654,nan,-0.191794,0,-0.00395443,-0.330517,nan,-0.351534,-0.0497666,-0.137103,-0.372551,-0.294,0.272194,-0.00241087,0.431667
1874,80.8166,777.778,0.103587,0.208333,0.166667,0.0615316,0.165796,0.188596,-0.0107008,5.80879,7.59375e-05,0.012691,0.40916,11020.3,0.778473,0.336563,-0.4,0.2,1,322.302,2.30277e+07,3.15406,1.84293,0,0.1144,-0.103869,nan,-0.0841333,nan,nan,nan,nan,-0.0103427,-0.0438071,-0.0150501,nan,-0.146806,0,-0.0133857,-0.25896,nan,-0.217139,-0.0490628,-0.197403,-0.29325,-0.215222,0.211299,-0.00182284,0.503333
1875,88.6522,829.6,0.105912,0.166667,0.0416667,0.0622992,0.165162,0.174103,-0.011164,5.79994,1e-05,0.018996,0.408933,10051.1,0.74769,0.474866,-0.4,0.2,1,323.526,2.304e+07,3.31374,1.96708,0,0.135585,-0.112239,nan,-0.10731,nan,nan,nan,nan,-0.0119734,-0.0519795,-0.0189502,nan,-0.158961,0,-0.0110087,-0.272586,nan,-0.183339,-0.0490084,-0.215379,-0.318345,-0.2372,0.224384,-0.00187847,0.579
1876,106.516,1000,0.106108,0.208333,0,0.0603524,0.166053,0.145797,-0.00921824,5.79673,0.000113906,0.0122059,0.40881,9594.15,0.880245,0.400536,-0.4,0.2,1,324.809,2.30523e+07,4.07854,2.35633,0,0.168114,-0.131901,nan,-0.11766,nan,nan,nan,nan,-0.0129898,-0.0575834,-0.0201458,nan,-0.188395,0,-0.00147008,-0.330668,nan,-0.221294,-0.0435202,-0.275564,-0.369605,-0.2974,0.27209,-0.00230273,0.639
1877,98.6595,913.25,0.106728,0.25,0.0833333,0.0597733,0.171912,0.256421,-0.0112727,5.79185,7.59375e-05,0.0113915,0.40874,10506.5,0.797928,0.371629,-0.4,0.2,1,325.98,2.30646e+07,3.8707,2.19168,0,0.140023,-0.121256,nan,-0.102337,nan,nan,nan,nan,-0.011098,-0.0501103,-0.0177774,nan,-0.173255,0,-0.00663223,-0.294425,nan,-0.244082,-0.0419284,-0.213194,-0.343536,-0.25525,0.248307,-0.00208276,0.545
1878,95.144,941,0.106259,0.0416667,0.0416667,0.0615199,0.164468,0.16259,-0.00939207,5.79093,1e-05,0.0189109,0.408726,11007.3,0.746706,0.36964,-0.4,0.2,1,327.098,2.30769e+07,3.70088,2.20985,0,0.132504,-0.129553,nan,-0.0952,nan,nan,nan,nan,-0.0123888,-0.0495537,-0.0174972,nan,-0.180711,0,-0.00716536,-0.32044,nan,-0.29226,-0.0614683,-0.199697,-0.369538,-0.259,0.252026,-0.00202982,0.65
1879,106.667,1000,0.107703,0.375,0,0.0602399,0.166112,0.152852,-0.00387471,5.79039,1e-05,0.0197824,0.40871,9894.08,0.845762,0.396193,-0.4,0.2,1,328.341,2.30892e+07,4.16767,2.38601,0,0.151657,-0.132751,nan,-0.105278,nan,nan,nan,nan,-0.0121161,-0.0539547,-0.0181073,nan,-0.188615,0,-0.00599349,-0.332122,nan,-0.275269,-0.043378,-0.198266,-0.374501,-0.276778,0.269838,-0.00224871,0.595556
1880,102.375,1000,0.108136,0.166667,0,0.0598177,0.161587,0.142287,-0.0106116,5.78974,0.000113906,0.0140701,0.408655,9548.4,0.870959,0.415958,-0.4,0.2,1,329.63,2.31014e+07,4.18973,2.35513,0,0.145671,-0.133787,nan,-0.0969125,nan,nan,nan,nan,-0.0107085,-0.0479201,-0.0173282,nan,-0.191612,0,-0.00327736,-0.334176,nan,-0.306276,-0.0472191,-0.178359,-0.376907,-0.3105,0.271551,-0.00237116,0.5175
1881,104.91,1000,0.106654,0.291667,0,0.061262,0.163587,0.173004,-0.0138741,5.78766,0.000170859,0.0184675,0.408613,9985.1,0.827209,0.403425,-0.4,0.2,1,330.862,2.31137e+07,4.1484,2.40886,0,0.152943,-0.131416,nan,-0.102971,nan,nan,nan,nan,-0.0116995,-0.0532033,-0.0180942,nan,-0.189372,0,-0.00618438,-0.340631,nan,-0.271629,-0.0532552,-0.22935,-0.372651,-0.283429,0.272551,-0.00236067,0.557143
1882,98.1009,971.857,0.106045,0.25,0.0416667,0.0621605,0.160337,0.144473,-0.0125935,5.789,0.000113906,0.0108665,0.408753,11739.3,0.700483,0.346256,-0.4,0.2,1,331.91,2.3126e+07,4.04623,2.37454,0,0.123973,-0.129757,nan,-0.0857,nan,nan,nan,nan,-0.0102234,-0.0437092,-0.0155377,nan,-0.184453,0,-0.00904141,-0.318227,nan,-0.349596,-0.0466454,-0.180764,-0.368035,-0.270429,0.263584,-0.00211349,0.481429
1883,88.9972,831.2,0.105425,0.166667,0.0416667,0.0606493,0.167132,0.149943,-0.0144263,5.78887,1e-05,0.0196032,0.408656,10714.2,0.748843,0.398041,-0.4,0.2,1,333.058,2.31383e+07,3.27268,1.97696,0,0.135206,-0.109852,nan,-0.09288,nan,nan,nan,nan,-0.0121723,-0.0493773,-0.0163914,nan,-0.157661,0,-0.00466624,-0.273056,nan,-0.190392,-0.051116,-0.204641,-0.314721,-0.2218,0.226006,-0.00189434,0.614
1884,109.734,1000,0.107576,0.125,0,0.0606777,0.159271,0.143172,-0.0101201,5.78533,0.000113906,0.0131668,0.408453,9032.03,0.940179,0.420313,-0.4,0.2,1,334.421,2.31506e+07,4.0696,2.31911,0,0.175957,-0.133567,nan,-0.1357,nan,nan,nan,nan,-0.015134,-0.0679223,-0.022935,nan,-0.191052,0,-0.00203954,-0.331929,nan,-0.175504,-0.0604796,-0.275053,-0.365414,-0.287667,0.269317,-0.00251963,0.676667
1885,97.5823,957.75,0.106694,0.125,0.0416667,0.0612863,0.169087,0.246325,-0.0101107,5.7783,1e-05,0.0188672,0.408256,10067.7,0.809285,0.411252,-0.4,0.2,1,335.643,2.31629e+07,3.96031,2.28278,0,0.129176,-0.126824,nan,-0.0937625,nan,nan,nan,nan,-0.0105494,-0.0463883,-0.0173093,nan,-0.180401,0,-0.0101635,-0.311829,nan,-0.314207,-0.0475568,-0.182193,-0.351082,-0.273,0.258836,-0.00211636,0.51375
1886,99.8477,952.667,0.104964,0.0833333,0.0416667,0.0625691,0.166892,0.145739,-0.00816678,5.77683,1e-05,0.0174645,0.408193,11394.2,0.750179,0.328265,-0.4,0.2,1,336.723,2.31752e+07,3.92277,2.27247,0,0.14362,-0.125523,nan,-0.101483,nan,nan,nan,nan,-0.011544,-0.0541019,-0.0171768,nan,-0.178554,0,-0.0166024,-0.314269,nan,-0.270561,-0.0480779,-0.248058,-0.351,-0.247,0.260317,-0.00228314,0.591667
1887,102.274,982.857,0.104347,0.25,0.0416667,0.061095,0.171336,0.208866,-0.00908386,5.77476,0.000113906,0.0141589,0.408083,10913.7,0.749819,0.376108,-0.4,0.2,1,337.85,2.31875e+07,4.03458,2.3447,0,0.144999,-0.128215,nan,-0.106871,nan,nan,nan,nan,-0.0113054,-0.0507957,-0.0189537,nan,-0.185995,0,-0.00704569,-0.326233,nan,-0.28177,-0.0441055,-0.206032,-0.362499,-0.283571,0.265248,-0.00221843,0.560714
1888,104.69,1000,0.107263,0.125,0,0.0601279,0.16397,0.140333,-0.0115562,5.76722,7.59375e-05,0.0101896,0.407861,9238.35,0.889509,0.440599,-0.4,0.2,1,339.182,2.31997e+07,4.12086,2.37772,0,0.158854,-0.133144,nan,-0.118333,nan,nan,nan,nan,-0.0130317,-0.0575992,-0.0206411,nan,-0.190388,0,-0.008552,-0.335476,nan,-0.248833,-0.0498891,-0.298296,-0.375646,-0.295,0.273439,-0.00231026,0.588333
1889,61.3021,565,0.107844,0.0416667,0.0833333,0.0587091,0.163026,0.173524,-0.0141185,5.76237,0.000113906,0.0177679,0.407731,9982.02,0.814311,0.416702,-0.4,0.2,1,340.415,2.3212e+07,2.25463,1.34014,0,0.0903091,-0.0763634,nan,-0.0688,nan,nan,nan,nan,-0.00925375,-0.0380433,-0.0140668,nan,-0.109873,0,-0.00461759,-0.191924,nan,-0.117129,-0.0353369,-0.15908,-0.221316,-0.162333,0.147228,-0.00140518,0.425
1890,92.1217,877.6,0.105228,0.166667,0.0416667,0.0608261,0.166794,0.182362,-0.0105045,5.75788,2.25e-05,0.015614,0.407563,11007.5,0.734574,0.38176,-0.4,0.2,1,341.533,2.32243e+07,3.49716,2.11442,0,0.137725,-0.115165,nan,-0.10372,nan,nan,nan,nan,-0.0123099,-0.0518966,-0.0186188,nan,-0.166176,0,-0.00851741,-0.286528,nan,-0.211259,-0.0549133,-0.229834,-0.32661,-0.242,0.238948,-0.00213517,0.525
1891,107.812,1000,0.105973,0.291667,0,0.0598285,0.168437,0.142314,-0.0104993,5.75451,5.0625e-05,0.0119116,0.407463,10321.6,0.819058,0.37146,-0.4,0.2,1,342.725,2.32366e+07,4.18077,2.37561,0,0.155748,-0.132039,nan,-0.102771,nan,nan,nan,nan,-0.0119222,-0.0514327,-0.0177869,nan,-0.188824,0,-0.00374653,-0.332604,nan,-0.257943,-0.0455981,-0.213979,-0.373866,-0.285429,0.274013,-0.00224255,0.616429
1892,104.832,1000,0.103119,12.0833,0,0.0608725,0.163045,0.139693,-0.00674981,5.75192,1e-05,0.0210452,0.407366,9166.62,0.903821,0.436695,-0.4,0.2,1,344.067,2.32489e+07,4.08106,2.39174,0,0.148799,-0.132438,nan,-0.104842,nan,nan,nan,nan,-0.012432,-0.0547572,-0.0189613,nan,-0.189318,0,-0.00933557,-0.332716,nan,-0.281573,-0.0485008,-0.231999,-0.375258,-0.275434,0.270451,-0.00235363,0.62431
1893,95.1308,877.875,0.108437,0.291667,0.0416667,0.0580021,0.157657,0.234302,-0.00618502,5.75049,2.25e-05,0.0160192,0.407303,9737.21,0.834162,0.427801,-0.4,0.2,1,345.331,2.32612e+07,3.63905,2.09229,0,0.140431,-0.116985,nan,-0.093075,nan,nan,nan,nan,-0.0115589,-0.0500668,-0.0169675,nan,-0.166626,0,-0.00530788,-0.292769,nan,-0.213845,-0.0421809,-0.252154,-0.333824,-0.2485,0.238393,-0.00204699,0.621875
1894,89.59,807.2,0.10832,0.166667,0.0416667,0.0596412,0.16026,0.10102,-0.00807061,5.74683,0.000113906,0.0106637,0.407085,12004,0.702348,0.321307,-0.4,0.2,1,346.357,2.32735e+07,3.45748,1.91883,0,0.132983,-0.10801,nan,-0.10658,nan,nan,nan,nan,-0.0114541,-0.0502645,-0.0187529,nan,-0.153489,0,-0.00898643,-0.26624,nan,-0.170949,-0.0429126,-0.240625,-0.29774,-0.229,0.215448,-0.00183817,0.489
1895,106.081,1000,0.1103,0.375,0,0.0590461,0.158918,0.0945062,-0.0147661,5.73856,0.000170859,0.0148025,0.406839,10865,0.742601,0.388373,-0.4,0.2,1,347.489,2.32858e+07,4.13853,2.40602,0,0.151204,-0.131484,nan,-0.101706,nan,nan,nan,nan,-0.0118899,-0.0536094,-0.0175896,nan,-0.188526,0,-0.00542031,-0.336627,nan,-0.285436,-0.046597,-0.230741,-0.370025,-0.262667,0.271797,-0.0023952,0.618333
1896,111.184,1000,0.109139,0.125,0,0.0579996,0.160339,0.104331,-0.0148133,5.73133,7.59375e-05,0.0167241,0.406531,8457.85,0.950038,0.502814,-0.4,0.2,1,348.943,2.3298e+07,4.2005,2.37677,0,0.163612,-0.130783,nan,-0.111933,nan,nan,nan,nan,-0.0136154,-0.0599325,-0.0193426,nan,-0.188255,0,-0.00986169,-0.346384,nan,-0.229813,-0.0473029,-0.238667,-0.372811,-0.260333,0.270601,-0.00226314,0.7
1897,85.3737,811.333,0.108962,0.0833333,0.0416667,0.0579668,0.160817,0.228615,-0.00964809,5.72663,1e-05,0.0199145,0.406439,9712.78,0.925899,0.339239,-0.4,0.2,1,350.21,2.33103e+07,3.36163,1.93629,0,0.117678,-0.106324,nan,-0.0851667,nan,nan,nan,nan,-0.00943991,-0.0436642,-0.0145403,nan,-0.153336,0,-0.00959128,-0.266628,nan,-0.237458,-0.0376152,-0.163656,-0.303705,-0.221667,0.219264,-0.00190326,0.486667
1898,78.6881,754.571,0.109879,0.208333,0.0833333,0.0582719,0.163887,0.173601,-0.00977291,5.72579,0.000113906,0.0130013,0.406374,13151.5,0.65799,0.276354,-0.4,0.2,1,351.146,2.33226e+07,3.0174,1.7963,0,0.112361,-0.100343,nan,-0.0790214,nan,nan,nan,nan,-0.00972552,-0.0425738,-0.0138157,nan,-0.143332,0,-0.00710029,-0.259371,nan,-0.210658,-0.0402653,-0.159049,-0.28388,-0.204143,0.203609,-0.00175892,0.5
1899,96.7808,929.917,0.104129,0.458333,0.0416667,0.0629484,0.173926,0.159717,-0.0114976,5.72213,5.0625e-05,0.0104288,0.40624,13333.1,0.650625,0.270988,-0.4,0.2,1,352.069,2.33349e+07,3.85878,2.24006,0,0.130959,-0.123061,nan,-0.0903542,nan,nan,nan,nan,-0.0107251,-0.0463998,-0.016186,nan,-0.17583,0,-0.00759373,-0.310354,nan,-0.288429,-0.0473118,-0.210004,-0.347957,-0.2525,0.251109,-0.00223139,0.535
1900,101.754,1000,0.106363,0.208333,0,0.0603677,0.169848,0.16579,-0.0150823,5.71514,0.000170859,0.0183112,0.405934,14286.1,0.599384,0.260753,-0.4,0.2,1,352.93,2.33472e+07,4.00654,2.40019,0,0.137295,-0.130901,nan,-0.101,nan,nan,nan,nan,-0.0126972,-0.0561289,-0.0185776,nan,-0.189222,0,-0.0164138,-0.337254,nan,-0.307277,-0.0464432,-0.217557,-0.376938,-0.2674,0.266936,-0.00231325,0.599
1901,106.422,1000,0.105133,0.375,0,0.0613101,0.166019,0.190444,-0.0130915,5.70692,7.59375e-05,0.0133187,0.405773,14558.8,0.595425,0.248603,-0.4,0.2,1,355.628,2.33595e+07,4.08129,2.38557,0,0.151357,-0.130564,nan,-0.110411,nan,nan,nan,nan,-0.0128866,-0.0568613,-0.0197043,nan,-0.187788,0,-0.00971641,-0.329892,nan,-0.267479,-0.0480703,-0.248013,-0.37145,-0.275556,0.272507,-0.00236718,0.672778
1902,74.0759,695.2,0.106119,0.125,0.0833333,0.0603319,0.164372,0.160191,-0.0127716,5.70458,0.000113906,0.0121414,0.405808,14407,0.604005,0.248912,-0.4,0.2,1,356.482,2.33718e+07,2.81857,1.61345,0,0.111807,-0.0920088,nan,-0.07573,nan,nan,nan,nan,-0.00942549,-0.038372,-0.0136995,nan,-0.133501,0,-0.00233989,-0.234218,nan,-0.166761,-0.0483271,-0.184216,-0.261283,-0.212,0.189206,-0.0016874,0.505
1903,91.2183,874.833,0.107159,0.208333,0.0416667,0.0602178,0.165779,0.168866,-0.0101326,5.70527,1e-05,0.0186834,0.40583,14550.4,0.591321,0.253193,-0.4,0.2,1,357.328,2.33841e+07,3.63204,2.06967,0,0.129596,-0.113124,nan,-0.094325,nan,nan,nan,nan,-0.0101372,-0.0460572,-0.0166664,nan,-0.163731,0,-0.00326732,-0.292439,nan,-0.252209,-0.04604,-0.202684,-0.320436,-0.241333,0.23729,-0.00215892,0.486667
1904,78.7654,716.4,0.107184,0.125,0.0833333,0.0609509,0.162988,0.238611,-0.00696494,5.70459,1e-05,0.0196596,0.405808,14563.9,0.590618,0.253112,-0.4,0.2,1,358.173,2.33964e+07,2.89656,1.70763,0,0.114271,-0.0950775,nan,-0.0849,nan,nan,nan,nan,-0.0103071,-0.0458256,-0.0154163,nan,-0.136272,0,-0.00421076,-0.239671,nan,-0.164571,-0.0407089,-0.166052,-0.269172,-0.1938,0.192677,-0.00171599,0.54
1905,95.788,922.667,0.105748,0.333333,0.0416667,0.0613279,0.169926,0.26618,-0.00801684,5.70507,0.000113906,0.0119174,0.405898,14506.7,0.597119,0.249938,-0.4,0.2,1,359.021,2.34086e+07,3.88862,2.1903,0,0.12374,-0.123798,nan,-0.0776722,nan,nan,nan,nan,-0.0102249,-0.0431709,-0.0150092,nan,-0.176383,0,-0.00763459,-0.323601,nan,-0.313131,-0.0428265,-0.138426,-0.351191,-0.256222,0.249823,-0.00211398,0.549444
1906,78.7626,774,0.106163,0.0833333,0.0416667,0.0608627,0.167147,0.171602,-0.0120475,5.70894,1e-05,0.018424,0.406026,14342.9,0.60958,0.24715,-0.4,0.2,1,359.879,2.34209e+07,2.98318,1.89305,0,0.116519,-0.101488,nan,-0.0893333,nan,nan,nan,nan,-0.0109714,-0.0484619,-0.0163931,nan,-0.14861,0,-0.00619698,-0.248799,nan,-0.191772,-0.0745339,-0.263836,-0.289349,-0.208667,0.208653,-0.00216433,0.476667
1907,90.4511,871.2,0.106197,0.166667,0.0416667,0.0592244,0.172665,0.252141,-0.00835562,5.70927,1e-05,0.0194975,0.406035,14231.6,0.610067,0.253362,-0.4,0.2,1,360.744,2.34332e+07,3.68134,2.07662,0,0.116785,-0.115245,nan,-0.06985,nan,nan,nan,nan,-0.00889736,-0.0377736,-0.0130937,nan,-0.165066,0,-0.00615561,-0.299429,nan,-0.300346,-0.0398213,-0.164823,-0.327651,-0.2506,0.238058,-0.00204709,0.548
1908,91.3125,849,0.106234,0.0416667,0.0416667,0.0603407,0.166653,0.186528,-0.0105483,5.71026,0.000113906,0.0170987,0.406156,14760.5,0.583554,0.248939,-0.4,0.2,1,361.577,2.34455e+07,3.33148,2.03928,0,0.132726,-0.114598,nan,-0.08415,nan,nan,nan,nan,-0.0118626,-0.0479452,-0.0160075,nan,-0.162194,0,-0.00628727,-0.298892,nan,-0.211509,-0.0603826,-0.181192,-0.326745,-0.2605,0.230798,-0.00205474,0.73
1909,102.232,941.1,0.105844,0.375,0.0416667,0.0612465,0.166389,0.141816,-0.0103472,5.70999,0.000170859,0.0207268,0.405917,14459.8,0.600757,0.249048,-0.4,0.2,1,362.428,2.34578e+07,3.86783,2.26504,0,0.146078,-0.124131,nan,-0.10585,nan,nan,nan,nan,-0.0128335,-0.0550166,-0.0194795,nan,-0.178073,0,-0.0126835,-0.312836,nan,-0.240366,-0.0471966,-0.213589,-0.353334,-0.2684,0.253349,-0.00227178,0.6405
1910,104.664,1000,0.106889,0.166667,0,0.06064,0.169771,0.123336,-0.0171052,5.69789,0.000256289,0.017108,0.405544,14660.1,0.58862,0.249571,-0.4,0.2,1,363.268,2.34701e+07,4.25528,2.43105,0,0.134423,-0.130353,nan,-0.08345,nan,nan,nan,nan,-0.0105611,-0.0446842,-0.0156985,nan,-0.187059,0,-0.00641106,-0.345934,nan,-0.327133,-0.0440462,-0.2248,-0.369683,-0.2805,0.272386,-0.00233122,0.54125
1911,103.032,1000,0.107575,0.166667,0,0.0605283,0.165968,0.150426,-0.0141584,5.69355,7.59375e-05,0.0110547,0.405473,14539.4,0.591525,0.253625,-0.4,0.2,1,364.114,2.34824e+07,4.17344,2.41102,0,0.133896,-0.131035,nan,-0.086875,nan,nan,nan,nan,-0.00987218,-0.0441312,-0.0155585,nan,-0.187692,0,-0.00433899,-0.324547,nan,-0.347909,-0.0417085,-0.128896,-0.369981,-0.288,0.271623,-0.00235221,0.53
1912,106.737,1000,0.107881,0.666667,0,0.0590754,0.16374,0.168427,-0.0133549,5.69408,5.0625e-05,0.015859,0.405486,14397.4,0.600767,0.25272,-0.4,0.2,1,364.969,2.34947e+07,4.16282,2.41046,0,0.146138,-0.129882,nan,-0.0969594,nan,nan,nan,nan,-0.0115144,-0.0506912,-0.0172357,nan,-0.188021,0,-0.00766821,-0.325378,nan,-0.293895,-0.0483835,-0.206892,-0.368092,-0.274062,0.272459,-0.00235753,0.635937
1913,94.5927,874.727,0.107448,0.375,0.0833333,0.0590127,0.170129,0.171854,-0.010318,5.69197,5.0625e-05,0.0109476,0.405406,14285.5,0.591619,0.268556,-0.4,0.2,1,365.831,2.35069e+07,3.60787,2.07965,0,0.134281,-0.117079,nan,-0.0943091,nan,nan,nan,nan,-0.0118771,-0.0519802,-0.0172694,nan,-0.165704,0,-0.0095267,-0.289744,nan,-0.227303,-0.0481424,-0.232821,-0.333466,-0.238636,0.237506,-0.00205091,0.627727
1914,94.2918,839.4,0.107775,0.166667,0.0416667,0.060694,0.167395,0.20593,-0.00876729,5.68961,1e-05,0.0183754,0.405338,14168.8,0.598165,0.269092,-0.4,0.2,1,366.699,2.35192e+07,3.44837,2.05775,0,0.136788,-0.111614,nan,-0.09735,nan,nan,nan,nan,-0.011187,-0.0492345,-0.0174966,nan,-0.159099,0,-0.00437687,-0.271684,nan,-0.192952,-0.0383182,-0.209425,-0.311715,-0.2466,0.228278,-0.00194929,0.668
1915,99.7014,1000,0.106388,0.25,0,0.0623485,0.17066,0.166808,-0.0108386,5.6879,0.000113906,0.0136079,0.405255,10811.9,0.722608,0.413919,-0.4,0.2,1,367.837,2.35315e+07,4.0973,2.33716,0,0.134593,-0.129456,nan,-0.103142,nan,nan,nan,nan,-0.0110013,-0.0491951,-0.0180069,nan,-0.189384,0,-0.0097453,-0.325266,nan,-0.333661,-0.0453246,-0.201425,-0.365047,-0.289667,0.268227,-0.00222,0.496667
1916,106.467,1000,0.106717,0.291667,0,0.0595288,0.17583,0.152131,-0.0113368,5.68332,7.59375e-05,0.00950203,0.405043,9485.23,0.890227,0.405261,-0.4,0.2,1,369.134,2.35438e+07,4.07439,2.39797,0,0.156149,-0.129633,nan,-0.110786,nan,nan,nan,nan,-0.012553,-0.0561574,-0.0198197,nan,-0.187971,0,-0.00253517,-0.330717,nan,-0.257896,-0.0476878,-0.241472,-0.364799,-0.279571,0.271889,-0.00228331,0.625714
1917,103.083,1000,0.109307,0.166667,0,0.0593308,0.170766,0.187386,-0.0124444,5.67756,1e-05,0.0197752,0.404871,10560.7,0.787972,0.375586,-0.4,0.2,1,370.299,2.35561e+07,4.16987,2.38097,0,0.128931,-0.132524,nan,-0.0745875,nan,nan,nan,nan,-0.00962107,-0.0428913,-0.0135659,nan,-0.189337,0,-0.00485068,-0.32659,nan,-0.371141,-0.0488162,-0.138863,-0.37321,-0.2805,0.274919,-0.0023646,0.6475
1918,103.052,1000,0.107154,0.25,0,0.0598974,0.169289,0.157111,-0.0103445,5.67526,0.000113906,0.0126703,0.40477,11273.7,0.736996,0.352978,-0.4,0.2,1,371.39,2.35684e+07,4.04436,2.38422,0,0.143948,-0.131757,nan,-0.101417,nan,nan,nan,nan,-0.0120232,-0.0539037,-0.0182494,nan,-0.190049,0,-0.00760667,-0.332742,nan,-0.294037,-0.04625,-0.225339,-0.374895,-0.273167,0.2686,-0.00230023,0.5725
1919,102.193,953.833,0.108764,0.208333,0.0416667,0.0591172,0.172762,0.148339,-0.013817,5.66923,7.59375e-05,0.012523,0.40458,13297.1,0.6458,0.278311,-0.4,0.2,1,372.317,2.35807e+07,3.95498,2.29424,0,0.132613,-0.126105,nan,-0.0790583,nan,nan,nan,nan,-0.0116639,-0.046719,-0.0158167,nan,-0.180859,0,-0.0142112,-0.319939,nan,-0.297527,-0.0451703,-0.219531,-0.359703,-0.2565,0.25818,-0.00231385,0.7225
1920,105.9,1000,0.107101,0.125,0,0.0602963,0.166299,0.151787,-0.0128116,5.66627,3.375e-05,0.0137579,0.404523,14125.3,0.615979,0.253948,-0.4,0.2,1,373.189,2.3593e+07,4.08635,2.42079,0,0.140469,-0.132972,nan,-0.101517,nan,nan,nan,nan,-0.012351,-0.0527188,-0.0197995,nan,-0.191033,0,-0.0216253,-0.325391,nan,-0.299123,-0.0443579,-0.158644,-0.379782,-0.266,0.266871,-0.00230784,0.618333
1921,98.2336,949.333,0.108743,0.208333,0.0416667,0.0590488,0.171771,0.190726,-0.00598135,5.66658,1e-05,0.022906,0.404544,13224.9,0.607303,0.321854,-0.4,0.2,1,374.119,2.36052e+07,3.89415,2.29262,0,0.133317,-0.12288,nan,-0.103642,nan,nan,nan,nan,-0.0107644,-0.0514546,-0.0173621,nan,-0.177358,0,-0.00754337,-0.320882,nan,-0.290737,-0.0475522,-0.207084,-0.343946,-0.282,0.253725,-0.00209786,0.548333
1922,100.882,938.2,0.106647,0.125,0.0833333,0.061737,0.177062,0.255706,-0.00349024,5.66604,1e-05,0.0195876,0.404534,8530.15,0.879175,0.561362,-0.4,0.2,1,375.561,2.36175e+07,3.96431,2.20641,0,0.132918,-0.12567,nan,-0.09176,nan,nan,nan,nan,-0.0119401,-0.0507374,-0.0178795,nan,-0.178785,0,-0.00949831,-0.312717,nan,-0.281254,-0.052036,-0.185427,-0.356519,-0.277,0.25259,-0.00230471,0.649
1923,108.312,1000,0.10562,0.416667,0,0.0607755,0.174245,0.13964,-0.0115917,5.66395,0.000170859,0.0154501,0.404347,8924.42,0.924984,0.451913,-0.4,0.2,1,376.94,2.36298e+07,4.24496,2.43634,0,0.142276,-0.13113,nan,-0.092435,nan,nan,nan,nan,-0.0113592,-0.0505912,-0.0169349,nan,-0.187309,0,-0.00755162,-0.338594,nan,-0.305171,-0.0500116,-0.211349,-0.374664,-0.28,0.272175,-0.0023189,0.6685
1924,106.259,1000,0.106352,0.166667,0,0.0606729,0.16859,0.175066,-0.014677,5.65551,0.000113906,0.0139102,0.404095,9773.62,0.864317,0.392945,-0.4,0.2,1,378.198,2.36421e+07,4.11225,2.42423,0,0.145167,-0.129738,nan,-0.10975,nan,nan,nan,nan,-0.0117479,-0.0551992,-0.0186876,nan,-0.188814,0,-0.0063353,-0.330958,nan,-0.292633,-0.0530539,-0.19429,-0.365898,-0.2735,0.268862,-0.00223669,0.62
1925,108.628,1000,0.107721,0.166667,0,0.0595568,0.170014,0.139585,-0.0155289,5.64947,7.59375e-05,0.0139615,0.403869,11313.7,0.775033,0.311083,-0.4,0.2,1,379.286,2.36544e+07,3.95078,2.41982,0,0.155776,-0.134478,nan,-0.09375,nan,nan,nan,nan,-0.0141891,-0.0594548,-0.0183194,nan,-0.190403,0,-0.012492,-0.351917,nan,-0.255545,-0.0535053,-0.243697,-0.389728,-0.2765,0.272535,-0.00256434,0.88125
1926,105.569,1000,0.109303,0.125,0,0.0580552,0.163907,0.144318,-0.0135125,5.64339,2.25e-05,0.0166972,0.403712,9456.09,0.797073,0.502408,-0.4,0.2,1,380.587,2.36667e+07,4.16114,2.40324,0,0.14459,-0.128632,nan,-0.0954667,nan,nan,nan,nan,-0.0109953,-0.050462,-0.0164347,nan,-0.187471,0,-0.00233453,-0.328757,nan,-0.299556,-0.0459104,-0.196133,-0.361556,-0.257667,0.271865,-0.00239085,0.586667
1927,108.11,986,0.10692,0.166667,0.0416667,0.0593525,0.16898,0.177975,-0.0106285,5.63947,0.000113906,0.0156738,0.403588,8975.09,0.896486,0.472637,-0.4,0.2,1,381.958,2.3679e+07,4.21254,2.33339,0,0.155432,-0.125719,nan,-0.10596,nan,nan,nan,nan,-0.0113835,-0.0528848,-0.0181056,nan,-0.183106,0,-0.00328166,-0.320149,nan,-0.25682,-0.0474449,-0.218595,-0.354656,-0.2666,0.268757,-0.00220131,0.603
1928,114.466,1000,0.108219,0.166667,0,0.0600239,0.16562,0.174661,-0.0109355,5.63463,2.25e-05,0.0147896,0.403535,10163.9,0.820764,0.38822,-0.4,0.2,1,383.169,2.36913e+07,4.15405,2.31714,0,0.161837,-0.135111,nan,-0.0929125,nan,nan,nan,nan,-0.0147386,-0.0612907,-0.0189487,nan,-0.190649,0,-0.0120073,-0.353453,nan,-0.236867,-0.0510538,-0.189446,-0.391729,-0.271,0.268858,-0.00273504,0.955
1929,107.659,1000,0.106674,0.291667,0,0.0612382,0.161994,0.153422,-0.0104923,5.63108,5.0625e-05,0.0123696,0.403358,9028.83,0.838981,0.521993,-0.4,0.2,1,384.531,2.37036e+07,4.12916,2.33082,0,0.149949,-0.134974,nan,-0.09235,nan,nan,nan,nan,-0.0126376,-0.0547122,-0.0174843,nan,-0.190706,0,-0.0137648,-0.33318,nan,-0.27878,-0.0467742,-0.205449,-0.382528,-0.282,0.271647,-0.00249385,0.777857
1930,99.772,1000,0.108053,0.0833333,0,0.0599902,0.172009,0.163363,-0.0137501,5.62361,0.000170859,0.0183052,0.403041,8474.42,0.931845,0.518165,-0.4,0.2,1,385.983,2.37158e+07,4.30171,2.3706,0,0.139184,-0.131984,nan,-0.0975,nan,nan,nan,nan,-0.00975635,-0.045896,-0.0166182,nan,-0.190118,0,-0.00351421,-0.312775,nan,-0.340879,-0.0459106,-0.220687,-0.360812,-0.3025,0.272208,-0.00237504,0.3325
1931,107.056,1000,0.108313,0.125,0,0.0596339,0.166491,0.16116,-0.0116755,5.6141,5.0625e-05,0.010497,0.402823,8146.84,0.992861,0.515453,-0.4,0.2,1,387.493,2.37281e+07,4.22164,2.39531,0,0.161027,-0.128786,nan,-0.112667,nan,nan,nan,nan,-0.0130594,-0.0593499,-0.0203122,nan,-0.189158,0,-0.00190037,-0.322483,nan,-0.237712,-0.0584898,-0.276709,-0.362543,-0.289667,0.272611,-0.00270679,0.493333
1932,113.494,1000,0.106359,0.208333,0,0.0622633,0.171283,0.115434,-0.0151454,5.60444,0.000113906,0.0195783,0.402379,7863.23,0.996433,0.566283,-0.4,0.2,1,389.058,2.37404e+07,4.18653,2.41777,0,0.158765,-0.1334,nan,-0.10306,nan,nan,nan,nan,-0.0130679,-0.0563513,-0.0189417,nan,-0.189472,0,-0.0061647,-0.347987,nan,-0.23912,-0.051058,-0.2276,-0.384137,-0.28,0.273132,-0.0023301,0.837
1933,91.5495,887.143,0.106458,0.25,0.0416667,0.0615315,0.174737,0.227516,-0.0078171,5.59436,3.375e-05,0.00863556,0.402217,7892.63,1.01421,0.542687,-0.4,0.2,1,390.617,2.37527e+07,3.64835,2.16289,0,0.123027,-0.115651,nan,-0.0731143,nan,nan,nan,nan,-0.00951788,-0.0393905,-0.0140145,nan,-0.167064,0,-0.00881587,-0.2977,nan,-0.290979,-0.0472302,-0.163993,-0.325818,-0.252,0.242105,-0.00204201,0.516429
1934,107.271,1000,0.103687,11.4167,0,0.0594874,0.173906,0.107431,-0.00963334,5.59061,2.25e-05,0.0141691,0.402072,8310.73,1.01386,0.464709,-0.4,0.2,1,392.098,2.3765e+07,4.13311,2.38989,0,0.149679,-0.131705,nan,-0.101352,nan,nan,nan,nan,-0.0123552,-0.0546436,-0.0186345,nan,-0.18878,0,-0.00755323,-0.331563,nan,-0.278093,-0.0492397,-0.217146,-0.373218,-0.284697,0.270077,-0.00238248,0.677847
1935,103.937,1000,0.111708,0.333333,0,0.0579394,0.163359,0.113469,-0.00604492,5.58614,2.25e-05,0.0115776,0.401926,9579.49,0.872083,0.410658,-0.4,0.2,1,393.382,2.37773e+07,4.15244,2.38868,0,0.142756,-0.133157,nan,-0.09645,nan,nan,nan,nan,-0.0117012,-0.0522519,-0.0177784,nan,-0.189401,0,-0.00953897,-0.328774,nan,-0.301856,-0.0493056,-0.247875,-0.373341,-0.282125,0.270876,-0.00241689,0.606875
1936,113.096,1000,0.110824,0.291667,0,0.0593768,0.161652,0.0988643,-0.00977479,5.57964,0.000113906,0.0125164,0.401546,9170.81,0.879785,0.460119,-0.4,0.2,1,394.724,2.37896e+07,4.19792,2.35715,0,0.162078,-0.13197,nan,-0.108029,nan,nan,nan,nan,-0.0138127,-0.0603834,-0.0203429,nan,-0.189102,0,-0.00547151,-0.334166,nan,-0.228845,-0.0526247,-0.219996,-0.375356,-0.273857,0.269411,-0.00243513,0.797857
1937,111.055,1000,0.111973,0.25,0,0.05775,0.159948,0.117714,-0.0157227,5.56518,3.375e-05,0.0190792,0.401129,10186.1,0.854502,0.351844,-0.4,0.2,1,395.932,2.38019e+07,4.15699,2.40304,0,0.162788,-0.130588,nan,-0.112083,nan,nan,nan,nan,-0.0131945,-0.060253,-0.0198565,nan,-0.188181,0,-0.00675201,-0.330691,nan,-0.240691,-0.0466273,-0.244616,-0.371494,-0.293167,0.268968,-0.00239388,0.7725
1938,113.123,1000,0.110524,0.0833333,0,0.0590573,0.164154,0.0970882,-0.0136283,5.55803,0.000170859,0.0166167,0.400794,10370.3,0.786517,0.398402,-0.4,0.2,1,397.119,2.38141e+07,3.93405,2.37288,0,0.17776,-0.129619,nan,-0.133075,nan,nan,nan,nan,-0.0151162,-0.0694224,-0.0241823,nan,-0.18536,0,-0.00485349,-0.323545,nan,-0.169429,-0.0409507,-0.31526,-0.371527,-0.253,0.265699,-0.00240377,0.905
1939,106.87,1000,0.111159,0.166667,0,0.0582446,0.171534,0.136736,-0.0131096,5.54009,5.0625e-05,0.0152968,0.400259,10238.5,0.834881,0.365293,-0.4,0.2,1,398.32,2.38264e+07,4.06495,2.35197,0,0.159383,-0.131656,nan,-0.111825,nan,nan,nan,nan,-0.0132211,-0.0590384,-0.0206419,nan,-0.189593,0,-0.00676812,-0.340609,nan,-0.238427,-0.0480468,-0.259461,-0.376311,-0.28025,0.266847,-0.00230109,0.71125
1940,97.9888,934.308,0.109906,0.5,0.0416667,0.0585347,0.166632,0.139555,-0.0153148,5.52729,1e-05,0.0193875,0.399852,10076.4,0.839157,0.380323,-0.4,0.2,1,399.541,2.38387e+07,3.79421,2.19867,0,0.139198,-0.124307,nan,-0.0956115,nan,nan,nan,nan,-0.0121683,-0.0526803,-0.0181012,nan,-0.177323,0,-0.0127347,-0.315611,nan,-0.25893,-0.0491666,-0.212855,-0.354981,-0.264846,0.252007,-0.00221949,0.633846
1941,95.855,920.636,0.107648,0.375,0.0833333,0.0605396,0.172297,0.217917,-0.00792336,5.52145,1.5e-05,0.0180067,0.399781,10482.5,0.761305,0.410933,-0.4,0.2,1,400.715,2.3851e+07,3.78379,2.1809,0,0.133903,-0.120831,nan,-0.0857773,nan,nan,nan,nan,-0.0105506,-0.0475916,-0.0155693,nan,-0.173109,0,-0.00529193,-0.303913,nan,-0.271062,-0.0471151,-0.201689,-0.343404,-0.262636,0.249357,-0.00221752,0.561364
1942,78.8935,745.143,0.107368,0.166667,0.125,0.0609252,0.168736,0.240031,-0.0103713,5.52159,0.000113906,0.0122581,0.399881,9566.49,0.864318,0.420165,-0.4,0.2,1,402.001,2.38633e+07,3.07738,1.75718,0,0.111386,-0.0969328,nan,-0.0775786,nan,nan,nan,nan,-0.00965558,-0.0416568,-0.0142923,nan,-0.139471,0,-0.00785256,-0.245932,nan,-0.201015,-0.0406074,-0.215309,-0.275123,-0.207429,0.198776,-0.00176518,0.500714
1943,101.766,955.889,0.105831,0.333333,0.0416667,0.060721,0.173454,0.210411,-0.00933055,5.5238,5.0625e-05,0.0104147,0.399911,9168.17,0.923485,0.416804,-0.4,0.2,1,403.343,2.38756e+07,3.96346,2.26175,0,0.136694,-0.126879,nan,-0.0856,nan,nan,nan,nan,-0.0117444,-0.05019,-0.0164495,nan,-0.180702,0,-0.00947532,-0.32175,nan,-0.282179,-0.0474625,-0.156198,-0.3616,-0.273778,0.257962,-0.00239444,0.649444
1944,110.315,1000,0.107556,0.291667,0,0.0598201,0.168585,0.157077,-0.0141045,5.52109,5.0625e-05,0.0123243,0.399776,9421.35,0.858616,0.445656,-0.4,0.2,1,404.649,2.38879e+07,4.0692,2.38499,0,0.149279,-0.134393,nan,-0.0921143,nan,nan,nan,nan,-0.0133278,-0.0568553,-0.0185426,nan,-0.191034,0,-0.0116094,-0.334884,nan,-0.276393,-0.0514637,-0.173494,-0.387167,-0.277714,0.270221,-0.00245425,0.874286
1945,88.1314,793.429,0.108603,0.208333,0.0833333,0.0593865,0.169854,0.306847,-0.0122329,5.51839,7.59375e-05,0.0132618,0.39975,11707.7,0.707554,0.342014,-0.4,0.2,1,405.7,2.39002e+07,3.2585,1.84333,0,0.122454,-0.107066,nan,-0.0814214,nan,nan,nan,nan,-0.0121532,-0.0518941,-0.0163922,nan,-0.152965,0,-0.00928989,-0.273551,nan,-0.195757,-0.0478132,-0.173984,-0.309871,-0.229,0.208966,-0.00200755,0.709286
1946,102.57,907.667,0.107406,0.333333,0.0416667,0.0618109,0.164183,0.21439,-0.0122019,5.5155,1.5e-05,0.0196224,0.399685,9407.99,0.801084,0.50504,-0.4,0.2,1,407.008,2.39124e+07,3.81952,2.14805,0,0.149602,-0.117718,nan,-0.0934667,nan,nan,nan,nan,-0.0122994,-0.0536198,-0.0178075,nan,-0.169736,0,-0.00720103,-0.292193,nan,-0.202772,-0.0425124,-0.193717,-0.335397,-0.258111,0.244201,-0.00236562,0.666667
1947,108.47,1000,0.107061,0.208333,0,0.0609869,0.168698,0.191899,-0.0115448,5.51436,0.000170859,0.0146348,0.399666,9590.18,0.873579,0.407732,-0.4,0.2,1,408.291,2.39247e+07,4.13528,2.34306,0,0.158512,-0.130362,nan,-0.0993,nan,nan,nan,nan,-0.0123403,-0.0557879,-0.0181322,nan,-0.187263,0,-0.00395954,-0.329838,nan,-0.25456,-0.0479966,-0.236551,-0.37038,-0.2984,0.271698,-0.00239689,0.739
1948,97.9224,967.333,0.106019,0.0833333,0.0416667,0.0620078,0.168535,0.211471,-0.0110797,5.51555,3.375e-05,0.0149213,0.399682,9691.2,0.812863,0.455092,-0.4,0.2,1,409.561,2.3937e+07,4.00804,2.29585,0,0.1328,-0.12448,nan,-0.0868667,nan,nan,nan,nan,-0.00999755,-0.0457484,-0.0151587,nan,-0.181165,0,-0.00372614,-0.311469,nan,-0.320817,-0.0426565,-0.20718,-0.354554,-0.268667,0.259361,-0.00217712,0.496667
1949,115.051,1000,0.107495,0.125,0,0.06042,0.166437,0.196877,-0.0116992,5.51685,7.59375e-05,0.012701,0.399754,10271.5,0.750142,0.446172,-0.4,0.2,1,410.76,2.39493e+07,4.26833,2.34396,0,0.161944,-0.134508,nan,-0.0964667,nan,nan,nan,nan,-0.0143819,-0.0632492,-0.0197898,nan,-0.191622,0,-0.0126135,-0.333045,nan,-0.231772,-0.0468619,-0.211415,-0.388907,-0.283333,0.270663,-0.00243984,0.851667
1950,97.6354,1000,0.107414,0.0416667,0,0.0606211,0.165425,0.204669,-0.00922532,5.5184,7.59375e-05,0.010752,0.39974,10723.1,0.768787,0.377155,-0.4,0.2,1,411.907,2.39616e+07,3.8912,2.39456,0,0.138633,-0.133969,nan,-0.0796,nan,nan,nan,nan,-0.0113918,-0.0493105,-0.0150334,nan,-0.188925,0,-0.00213463,-0.356277,nan,-0.332305,-0.0522403,-0.285147,-0.384672,-0.26,0.268552,-0.00247108,0.675
1951,101.164,951.429,0.108303,0.5,0.0833333,0.0583422,0.169689,0.143998,-0.0125775,5.51532,0.000113906,0.0127712,0.399571,11107.9,0.7378,0.36844,-0.4,0.2,1,413.015,2.39739e+07,3.85673,2.25958,0,0.151901,-0.122044,nan,-0.112032,nan,nan,nan,nan,-0.0123639,-0.0561952,-0.0200316,nan,-0.178494,0,-0.00445885,-0.300453,nan,-0.224515,-0.0487101,-0.242441,-0.346131,-0.274429,0.253529,-0.00220658,0.594286
1952,83.4475,812,0.107574,0.0833333,0.0833333,0.0595977,0.168372,0.227639,-0.0160126,5.50985,0.000170859,0.0171548,0.399332,11300.9,0.692535,0.394808,-0.4,0.2,1,414.104,2.39862e+07,3.2465,1.93936,0,0.124848,-0.105046,nan,-0.088425,nan,nan,nan,nan,-0.00990462,-0.0444167,-0.0151068,nan,-0.15137,0,-0.0041869,-0.259902,nan,-0.217174,-0.0488769,-0.1985,-0.293943,-0.23925,0.21981,-0.00194536,0.47
1953,107.866,1000,0.107677,0.333333,0,0.060155,0.167964,0.157549,-0.0125357,5.50215,5.0625e-05,0.0119464,0.399141,9736.25,0.829822,0.432265,-0.4,0.2,1,415.368,2.39985e+07,4.13537,2.40009,0,0.155654,-0.130635,nan,-0.103512,nan,nan,nan,nan,-0.0118762,-0.054388,-0.018178,nan,-0.188405,0,-0.00381667,-0.322865,nan,-0.269173,-0.0433304,-0.193882,-0.373079,-0.295625,0.270223,-0.00233528,0.6675
1954,109.891,1000,0.108511,0.5,0,0.0601676,0.170173,0.176369,-0.0127097,5.49473,5.0625e-05,0.0158878,0.398911,10495.7,0.767344,0.403422,-0.4,0.2,1,416.54,2.40108e+07,4.26615,2.38055,0,0.148263,-0.130001,nan,-0.0942708,nan,nan,nan,nan,-0.0116065,-0.0523194,-0.017262,nan,-0.187874,0,-0.00692246,-0.329182,nan,-0.291383,-0.0465927,-0.192343,-0.370628,-0.295583,0.26963,-0.00247704,0.720833
1955,113.237,1000,0.107284,0.333333,0,0.0615932,0.170713,0.198165,-0.00985321,5.49138,3.375e-05,0.0126195,0.398933,11680,0.742746,0.309306,-0.4,0.2,1,417.594,2.4023e+07,4.19521,2.38156,0,0.163353,-0.129545,nan,-0.104775,nan,nan,nan,nan,-0.0127769,-0.0587517,-0.0187972,nan,-0.185693,0,-0.00290166,-0.318282,nan,-0.229965,-0.0479254,-0.252198,-0.36683,-0.28125,0.270936,-0.00252573,0.816875
1956,97.813,921,0.108731,0.208333,0.0416667,0.0591077,0.167875,0.14886,-0.00977786,5.4919,5.0625e-05,0.0107128,0.398931,10369.2,0.717927,0.467124,-0.4,0.2,1,418.78,2.40353e+07,3.74167,2.15377,0,0.14701,-0.119917,nan,-0.1059,nan,nan,nan,nan,-0.0120861,-0.0545949,-0.0192908,nan,-0.172797,0,-0.00347789,-0.2938,nan,-0.21556,-0.0513649,-0.253821,-0.338418,-0.28,0.24293,-0.00219807,0.614167
1957,94.4656,916,0.107747,0.25,0.0416667,0.0600448,0.168465,0.151795,-0.0119999,5.48921,7.59375e-05,0.0120919,0.398774,9780.83,0.808243,0.448092,-0.4,0.2,1,420.038,2.40476e+07,3.77558,2.18099,0,0.132339,-0.119271,nan,-0.0906929,nan,nan,nan,nan,-0.010493,-0.0477576,-0.0168993,nan,-0.171981,0,-0.00364467,-0.289144,nan,-0.280241,-0.0432525,-0.174938,-0.33595,-0.267,0.241573,-0.00215816,0.489286
1958,99.0994,897,0.107834,0.291667,0.0416667,0.0602916,0.171871,0.214149,-0.0116466,5.48502,7.59375e-05,0.0119905,0.398641,10453.8,0.79444,0.381018,-0.4,0.2,1,421.216,2.40599e+07,3.73625,2.10412,0,0.142677,-0.118099,nan,-0.0927375,nan,nan,nan,nan,-0.012708,-0.0556619,-0.017625,nan,-0.169238,0,-0.00582016,-0.289908,nan,-0.215761,-0.0470244,-0.195521,-0.337339,-0.267,0.239978,-0.00210555,0.676875
1959,103.142,1000,0.109199,0.166667,0,0.0606114,0.167974,0.150524,-0.0129651,5.48432,0.000170859,0.0171371,0.398725,11319.8,0.771277,0.314251,-0.4,0.2,1,422.302,2.40722e+07,4.15856,2.32103,0,0.130766,-0.133109,nan,-0.081,nan,nan,nan,nan,-0.0112702,-0.0515933,-0.0157877,nan,-0.189203,0,-0.00709474,-0.325113,nan,-0.341427,-0.0551712,-0.21811,-0.380036,-0.278,0.269855,-0.00255878,0.7075
1960,85.8386,886.714,0.108035,0.208333,0.0833333,0.0599436,0.177177,0.225106,-0.00910202,5.48562,0.000113906,0.0120781,0.398729,11154.9,0.720427,0.381148,-0.4,0.2,1,423.405,2.40845e+07,3.50224,2.09113,0,0.114573,-0.11644,nan,-0.0715,nan,nan,nan,nan,-0.00911182,-0.0397253,-0.0139813,nan,-0.167522,0,-0.00583855,-0.293533,nan,-0.300981,-0.0444683,-0.1954,-0.33092,-0.264143,0.234874,-0.00219512,0.512857
1961,108.418,951.143,0.107254,0.25,0.0416667,0.0623255,0.169927,0.210627,-0.011141,5.48185,1e-05,0.0176706,0.398543,10049.1,0.806526,0.41627,-0.4,0.2,1,424.63,2.40968e+07,3.95573,2.28236,0,0.158236,-0.124128,nan,-0.100564,nan,nan,nan,nan,-0.0132755,-0.0594104,-0.018264,nan,-0.178253,0,-0.00631981,-0.307638,nan,-0.210298,-0.0502531,-0.216481,-0.353451,-0.275429,0.256397,-0.00230559,0.775
1962,112.096,1000,0.107425,0.125,0,0.0623872,0.171196,0.157521,-0.0106332,5.47833,7.59375e-05,0.0141372,0.39833,10484.1,0.812551,0.35951,-0.4,0.2,1,425.804,2.41091e+07,4.11149,2.38943,0,0.17021,-0.12721,nan,-0.1082,nan,nan,nan,nan,-0.0126852,-0.0555696,-0.0186614,nan,-0.185138,0,-0.00151239,-0.302462,nan,-0.217723,-0.0404256,-0.250196,-0.357138,-0.302,0.270008,-0.0021866,0.751667
1963,106.224,1000,0.108343,0.25,0,0.0613778,0.174563,0.14869,-0.0151244,5.46821,0.000113906,0.0181243,0.397767,11690.6,0.663766,0.387339,-0.4,0.2,1,426.856,2.41213e+07,4.20673,2.40656,0,0.141403,-0.129909,nan,-0.0888167,nan,nan,nan,nan,-0.0108964,-0.0472347,-0.0163555,nan,-0.186975,0,-0.00485052,-0.32304,nan,-0.309115,-0.0449741,-0.199058,-0.369595,-0.281667,0.269013,-0.00240295,0.606667
1964,102.86,945.4,0.109482,0.333333,0.0833333,0.0589144,0.175918,0.286954,-0.0105476,5.45688,5.0625e-05,0.0122855,0.397615,10809.1,0.759603,0.37722,-0.4,0.2,1,427.995,2.41336e+07,3.8619,2.25622,0,0.149492,-0.122225,nan,-0.102075,nan,nan,nan,nan,-0.0122929,-0.0554195,-0.0184544,nan,-0.17792,0,-0.00458949,-0.301835,nan,-0.235996,-0.0470539,-0.204317,-0.346391,-0.2777,0.251998,-0.00224835,0.676
1965,97.3901,934.75,0.109051,0.291667,0.0416667,0.0600281,0.175798,0.243586,-0.00761928,5.45488,3.375e-05,0.0120216,0.397557,11081.5,0.749332,0.359548,-0.4,0.2,1,429.105,2.41459e+07,3.83643,2.24353,0,0.136851,-0.122506,nan,-0.0854375,nan,nan,nan,nan,-0.0110971,-0.0499253,-0.0157425,nan,-0.176181,0,-0.00623238,-0.300496,nan,-0.26982,-0.0459994,-0.211691,-0.351664,-0.2665,0.25176,-0.00233176,0.5575
1966,111.484,1000,0.10697,0.125,0,0.0614058,0.17554,0.182151,-0.00862174,5.45379,3.375e-05,0.0110701,0.397554,11634.9,0.68342,0.372709,-0.4,0.2,1,430.162,2.41582e+07,4.24264,2.37851,0,0.151991,-0.131698,nan,-0.0943,nan,nan,nan,nan,-0.0130964,-0.0603336,-0.0171328,nan,-0.188791,0,-0.00520673,-0.333244,nan,-0.264247,-0.0550162,-0.241834,-0.373979,-0.271,0.270753,-0.00256377,0.771667
1967,79.6478,731.333,0.110228,0.0833333,0.0416667,0.0579672,0.17187,0.191237,-0.00746042,5.454,5.0625e-05,0.00980701,0.397553,10587.6,0.78107,0.379528,-0.4,0.2,1,431.324,2.41705e+07,2.8677,1.64058,0,0.124429,-0.0955261,nan,-0.0892667,nan,nan,nan,nan,-0.0112618,-0.0491627,-0.0171463,nan,-0.138328,0,-0.00520056,-0.240235,nan,-0.136715,-0.0427661,-0.219569,-0.274114,-0.206667,0.195471,-0.00179174,0.63
1968,102.626,1000,0.110481,0.25,0,0.0592319,0.171019,0.189452,-0.00795481,5.45218,1e-05,0.0182786,0.397494,10820.3,0.754884,0.380761,-0.4,0.2,1,432.462,2.41828e+07,4.26834,2.37037,0,0.127547,-0.129688,nan,-0.0696333,nan,nan,nan,nan,-0.0098085,-0.0431515,-0.0128322,nan,-0.186433,0,-0.00634131,-0.327033,nan,-0.362012,-0.0440773,-0.172053,-0.367657,-0.285833,0.271074,-0.00246025,0.55
1969,67.7566,662.25,0.110297,0.0833333,0.0833333,0.058985,0.172015,0.176055,-0.00987039,5.45107,0.000113906,0.0149591,0.397469,11640.6,0.685424,0.370193,-0.4,0.2,1,433.519,2.41951e+07,2.67596,1.58114,0,0.0929852,-0.0875652,nan,-0.0549,nan,nan,nan,nan,-0.00785486,-0.0337474,-0.0105907,nan,-0.125104,0,-0.00860294,-0.210335,nan,-0.204497,-0.0473404,-0.150735,-0.25077,-0.189,0.177885,-0.00161081,0.4325
1970,106.283,1000,0.11033,0.333333,0,0.058949,0.170363,0.143407,-0.00674752,5.45027,1e-05,0.0166916,0.397455,10577.3,0.767212,0.394521,-0.4,0.2,1,434.682,2.42074e+07,4.25919,2.36768,0,0.14839,-0.127227,nan,-0.095275,nan,nan,nan,nan,-0.010758,-0.0506309,-0.0164565,nan,-0.187083,0,-0.00261046,-0.317648,nan,-0.286879,-0.0456386,-0.238525,-0.359256,-0.298,0.266884,-0.00244177,0.579375
1971,109.205,1000,0.111133,0.166667,0,0.0601238,0.167278,0.164705,-0.00886237,5.45034,3.375e-05,0.0141186,0.397419,10894.1,0.756065,0.371889,-0.4,0.2,1,435.812,2.42196e+07,4.17509,2.32669,0,0.159509,-0.133752,nan,-0.09225,nan,nan,nan,nan,-0.0136217,-0.0589272,-0.018695,nan,-0.191088,0,-0.00766866,-0.323369,nan,-0.246153,-0.0474085,-0.31235,-0.38125,-0.2795,0.267127,-0.00261612,0.775
1972,99.2948,1000,0.110222,0.0833333,0,0.0591274,0.166143,0.149979,-0.010707,5.44646,0.000113906,0.012226,0.397202,11898.4,0.711994,0.320754,-0.4,0.2,1,436.846,2.42319e+07,4.10444,2.39639,0,0.126942,-0.125739,nan,-0.0766,nan,nan,nan,nan,-0.00835738,-0.0386895,-0.0138287,nan,-0.18466,0,-0.00021334,-0.306928,nan,-0.35299,-0.0367331,-0.128596,-0.354679,-0.3135,0.263831,-0.00220479,0.455
1973,114.876,1000,0.110216,0.125,0,0.0594777,0.168094,0.19749,-0.00873357,5.43725,3.375e-05,0.0129544,0.397005,11161.2,0.718735,0.382221,-0.4,0.2,1,437.948,2.42442e+07,4.0426,2.3349,0,0.178347,-0.12949,nan,-0.125517,nan,nan,nan,nan,-0.0152556,-0.0688887,-0.0225455,nan,-0.188437,0,-0.00745015,-0.316302,nan,-0.170425,-0.0427503,-0.277033,-0.370966,-0.283,0.263465,-0.00247955,0.886667
1974,98.7402,857.25,0.110947,0.25,0.0833333,0.0586775,0.17097,0.191498,-0.0111958,5.43332,0.000170859,0.0160283,0.396859,10697.2,0.770884,0.377823,-0.4,0.2,1,439.099,2.42565e+07,3.7296,2.04824,0,0.144672,-0.111232,nan,-0.0919812,nan,nan,nan,nan,-0.0113948,-0.0514684,-0.0162499,nan,-0.160572,0,-0.00356387,-0.281975,nan,-0.185331,-0.0479194,-0.206042,-0.313668,-0.259625,0.230037,-0.00211838,0.625625
1975,108.377,997.903,0.111395,11.0833,0.0416667,0.0570286,0.174711,0.194746,-0.0123834,5.43092,5.0625e-05,0.0118675,0.396863,10405,0.806379,0.374591,-0.4,0.2,1,440.281,2.42688e+07,4.12025,2.37285,0,0.153899,-0.1304,nan,-0.0946084,nan,nan,nan,nan,-0.0124071,-0.0553356,-0.0180129,nan,-0.187857,0,-0.00570314,-0.322651,nan,-0.264053,-0.049619,-0.223906,-0.372329,-0.292738,0.26713,-0.00249446,0.73897
1976,75.3484,690.5,0.106739,0.166667,0.0833333,0.0579534,0.17383,0.246959,-0.00658652,5.43158,1e-05,0.0206201,0.396883,13163.4,0.65987,0.273629,-0.4,0.2,1,441.216,2.42811e+07,2.89469,1.65172,0,0.10466,-0.0891269,nan,-0.0629333,nan,nan,nan,nan,-0.0076985,-0.0363273,-0.011384,nan,-0.129459,0,-0.00370625,-0.223774,nan,-0.191907,-0.0323442,-0.149476,-0.254843,-0.196667,0.185448,-0.00167185,0.498333
1977,109.139,1000,0.1122,0.291667,0,0.0584199,0.170254,0.164292,-0.00767285,5.43218,0.000113906,0.0111244,0.396918,13067.1,0.665317,0.275062,-0.4,0.2,1,442.158,2.42934e+07,4.28708,2.34347,0,0.155313,-0.126632,nan,-0.09905,nan,nan,nan,nan,-0.0118998,-0.0538366,-0.0179245,nan,-0.187122,0,-0.00370352,-0.326064,nan,-0.26802,-0.047212,-0.217783,-0.362021,-0.293857,0.266434,-0.00243855,0.638571
1978,115.35,1000,0.112527,0.208333,0,0.058961,0.168251,0.115417,-0.0144055,5.43154,0.000113906,0.012896,0.396842,14014.9,0.615473,0.261306,-0.4,0.2,1,443.036,2.43057e+07,4.212,2.35118,0,0.167313,-0.133533,nan,-0.1032,nan,nan,nan,nan,-0.0146396,-0.0643495,-0.0196872,nan,-0.191135,0,-0.00700897,-0.336075,nan,-0.216077,-0.0582681,-0.245048,-0.387195,-0.296,0.269164,-0.00257816,0.911
1979,89.3087,870,0.113244,0.25,0.0416667,0.0588223,0.165545,0.186974,-0.0100686,5.42879,3.375e-05,0.0128138,0.396749,13494.2,0.634369,0.276241,-0.4,0.2,1,443.948,2.4318e+07,3.64313,2.11298,0,0.11944,-0.110657,nan,-0.0738643,nan,nan,nan,nan,-0.00800446,-0.0379737,-0.0125672,nan,-0.162424,0,-0.00263709,-0.281211,nan,-0.288867,-0.0398719,-0.188399,-0.313438,-0.272714,0.233167,-0.00208372,0.477143
1980,76.4232,738.2,0.114682,0.125,0.0833333,0.057408,0.164523,0.132117,-0.0113352,5.42804,0.000170859,0.0154905,0.396684,14285.9,0.591257,0.268893,-0.4,0.2,1,444.809,2.43302e+07,3.08332,1.76882,0,0.103626,-0.0930858,nan,-0.06432,nan,nan,nan,nan,-0.00709255,-0.0314706,-0.0115628,nan,-0.137225,0,-0.00197592,-0.237077,nan,-0.231478,-0.0437281,-0.122245,-0.260619,-0.233,0.195059,-0.00170724,0.389
1981,107.553,1000,0.115572,0.208333,0,0.0572713,0.163704,0.144072,-0.0145855,5.42507,0.000170859,0.0161993,0.396548,10861.2,0.710627,0.420738,-0.4,0.2,1,445.942,2.43425e+07,4.31641,2.35992,0,0.140604,-0.127213,nan,-0.09075,nan,nan,nan,nan,-0.0102739,-0.0463978,-0.0161673,nan,-0.186468,0,-0.00272838,-0.305569,nan,-0.309934,-0.0454538,-0.224216,-0.362913,-0.2984,0.268678,-0.00235758,0.625
1982,101.411,894.75,0.111629,0.583333,0.0833333,0.0593712,0.164155,0.226697,-0.0100482,5.41959,1.5e-05,0.0172643,0.396429,9503.24,0.877185,0.415847,-0.4,0.2,1,447.236,2.43548e+07,3.70588,2.1392,0,0.148023,-0.117437,nan,-0.0903906,nan,nan,nan,nan,-0.0124255,-0.0541296,-0.0173366,nan,-0.168725,0,-0.00505832,-0.293206,nan,-0.200221,-0.0458903,-0.215229,-0.337021,-0.268375,0.239302,-0.00223518,0.765312
1983,114.703,1000,0.110247,0.291667,0,0.060856,0.16956,0.235182,-0.0107191,5.4171,5.0625e-05,0.01516,0.396323,10055.8,0.81065,0.411326,-0.4,0.2,1,448.46,2.43671e+07,4.18022,2.39717,0,0.176223,-0.129734,nan,-0.116379,nan,nan,nan,nan,-0.014047,-0.0644998,-0.0211339,nan,-0.1869,0,-0.00431557,-0.318961,nan,-0.1869,-0.0466584,-0.2908,-0.368463,-0.303714,0.26517,-0.0023733,0.81
1984,90.7311,821.455,0.10988,0.333333,0.125,0.0592319,0.17392,0.172362,-0.0101034,5.4145,2.25e-05,0.0129894,0.396215,7196.76,1.04591,0.661524,-0.4,0.2,1,450.169,2.43794e+07,3.41765,1.93804,0,0.130409,-0.106993,nan,-0.0860818,nan,nan,nan,nan,-0.010629,-0.0482318,-0.0157572,nan,-0.155185,0,-0.00444961,-0.264772,nan,-0.20119,-0.0447571,-0.192844,-0.303934,-0.243545,0.219612,-0.00200184,0.631818
1985,105.034,1000,0.111951,0.333333,0,0.0598918,0.169677,0.2819,-0.00655711,5.41389,1e-05,0.0229006,0.39623,9441.11,0.891725,0.409817,-0.4,0.2,1,451.473,2.43917e+07,4.1484,2.40157,0,0.14971,-0.127617,nan,-0.100694,nan,nan,nan,nan,-0.0116006,-0.0530566,-0.0181366,nan,-0.187125,0,-0.00577822,-0.313125,nan,-0.276769,-0.0541526,-0.250099,-0.36165,-0.3045,0.264308,-0.00243766,0.57875
1986,99.3002,890.778,0.109814,0.291667,0.0833333,0.0612182,0.170061,0.188835,-0.00862035,5.41446,2.25e-05,0.0167508,0.396254,10456.6,0.769891,0.40525,-0.4,0.2,1,452.649,2.4404e+07,3.77589,2.12492,0,0.135474,-0.115133,nan,-0.0789833,nan,nan,nan,nan,-0.0109684,-0.0467757,-0.0144784,nan,-0.16638,0,-0.00660577,-0.284851,nan,-0.243772,-0.0495194,-0.184463,-0.328339,-0.263,0.240008,-0.00226996,0.682778
1987,73.9234,686.714,0.111288,0.166667,0.125,0.0602236,0.167045,0.244115,-0.00769054,5.41313,2.25e-05,0.0160304,0.396159,11121.2,0.788188,0.316726,-0.4,0.2,1,453.756,2.44163e+07,2.87793,1.62292,0,0.107447,-0.086492,nan,-0.0710429,nan,nan,nan,nan,-0.00780419,-0.0345183,-0.0123981,nan,-0.127458,0,-0.00224311,-0.214227,nan,-0.179109,-0.0314094,-0.135815,-0.24046,-0.210714,0.18047,-0.00155159,0.41
1988,106.51,942.417,0.111235,0.458333,0.0416667,0.0592184,0.164964,0.192997,-0.00638109,5.41184,1e-05,0.0180879,0.396148,12065.7,0.679128,0.339298,-0.4,0.2,1,454.776,2.44285e+07,3.85301,2.2232,0,0.152977,-0.125595,nan,-0.0931542,nan,nan,nan,nan,-0.013835,-0.0619659,-0.0180219,nan,-0.179064,0,-0.00656668,-0.314322,nan,-0.211427,-0.0534492,-0.240235,-0.361813,-0.272083,0.252868,-0.00253917,0.87875
1989,114.665,1000,0.109611,0.166667,0,0.0615752,0.163933,0.176524,-0.00667089,5.4132,1.5e-05,0.0156687,0.396228,9654.6,0.825183,0.447578,-0.4,0.2,1,456.051,2.44408e+07,4.18858,2.3365,0,0.175326,-0.129951,nan,-0.12375,nan,nan,nan,nan,-0.0141028,-0.0638609,-0.0222132,nan,-0.188634,0,-0.00836894,-0.316124,nan,-0.187912,-0.0504668,-0.30124,-0.37126,-0.30875,0.264935,-0.00237816,0.87875
1990,112.968,1000,0.110745,0.125,0,0.0594607,0.164859,0.1571,-0.010231,5.41448,7.59375e-05,0.0113145,0.396245,10992.8,0.75089,0.366932,-0.4,0.2,1,457.17,2.44531e+07,4.17616,2.36387,0,0.171652,-0.131846,nan,-0.0958667,nan,nan,nan,nan,-0.0137245,-0.0601884,-0.0187662,nan,-0.189013,0,-0.00219472,-0.343682,nan,-0.211136,-0.0561529,-0.270353,-0.381074,-0.310333,0.268886,-0.00248047,0.853333
1991,71.5436,677,0.110064,0.0833333,0.0833333,0.0590565,0.169142,0.207869,-0.0101966,5.41274,2.25e-05,0.0136412,0.396163,10852.4,0.779301,0.352982,-0.4,0.2,1,458.304,2.44654e+07,2.87484,1.60141,0,0.088221,-0.0904314,nan,-0.0460625,nan,nan,nan,nan,-0.00666597,-0.028798,-0.00887321,nan,-0.128476,0,-0.00190053,-0.225508,nan,-0.24427,-0.0336361,-0.0580353,-0.257167,-0.21075,0.183177,-0.00156886,0.47
1992,92.3132,871.5,0.111461,0.166667,0.0833333,0.0587429,0.168196,0.246153,-0.0069816,5.41094,3.375e-05,0.0122415,0.396111,13145.5,0.653408,0.281364,-0.4,0.2,1,459.24,2.44777e+07,3.66335,2.07322,0,0.125741,-0.113026,nan,-0.0829417,nan,nan,nan,nan,-0.00993777,-0.045547,-0.0154355,nan,-0.162838,0,-0.00264076,-0.27903,nan,-0.25637,-0.0407514,-0.144257,-0.32183,-0.273833,0.231701,-0.00208036,0.511667
1993,104.355,946.818,0.10977,0.416667,0.0416667,0.060382,0.168053,0.160281,-0.0078613,5.40938,3.375e-05,0.00983813,0.396043,12147,0.628844,0.382767,-0.4,0.2,1,460.253,2.449e+07,3.94386,2.24778,0,0.149933,-0.12299,nan,-0.0885636,nan,nan,nan,nan,-0.0122811,-0.0539173,-0.0172775,nan,-0.17791,0,-0.0104091,-0.306384,nan,-0.239958,-0.0507085,-0.201307,-0.351562,-0.275545,0.254875,-0.00247547,0.696818
1994,108.016,1000,0.110897,0.166667,0,0.0590146,0.169221,0.169539,-0.00926128,5.40593,5.0625e-05,0.0103585,0.395978,9211.14,0.909163,0.424874,-0.4,0.2,1,461.588,2.45023e+07,4.18296,2.36576,0,0.155778,-0.128786,nan,-0.098525,nan,nan,nan,nan,-0.0115324,-0.0522103,-0.0185047,nan,-0.188587,0,-0.00317157,-0.315024,nan,-0.259258,-0.0492618,-0.212318,-0.363261,-0.3045,0.267,-0.00239824,0.65625
1995,104.794,945.8,0.110651,0.375,0.0416667,0.0595823,0.163405,0.135655,-0.0103758,5.40438,3.375e-05,0.0117167,0.395959,10752.8,0.763117,0.379658,-0.4,0.2,1,462.733,2.45146e+07,3.87071,2.2556,0,0.153913,-0.121804,nan,-0.098775,nan,nan,nan,nan,-0.0126261,-0.0565423,-0.0184323,nan,-0.17755,0,-0.0061518,-0.302694,nan,-0.218501,-0.0452244,-0.260113,-0.348845,-0.2689,0.25281,-0.00239122,0.755
1996,99.741,921.385,0.110583,0.458333,0.0833333,0.0590241,0.171455,0.227457,-0.00516512,5.40303,1e-05,0.0205403,0.39593,11632,0.731236,0.325159,-0.4,0.2,1,463.791,2.45268e+07,3.78058,2.21074,0,0.134719,-0.121366,nan,-0.0821192,nan,nan,nan,nan,-0.01138,-0.0501476,-0.0164793,nan,-0.174248,0,-0.00902593,-0.301445,nan,-0.265258,-0.0449811,-0.193847,-0.346928,-0.284385,0.246135,-0.00226206,0.740385
1997,105.867,1000,0.112309,0.291667,0,0.0585745,0.171804,0.147434,-0.00659279,5.40279,3.375e-05,0.0115886,0.395933,10774.4,0.718449,0.422036,-0.4,0.2,1,464.933,2.45391e+07,4.00738,2.37653,0,0.149274,-0.13286,nan,-0.0854286,nan,nan,nan,nan,-0.0120424,-0.0538236,-0.0168218,nan,-0.188248,0,-0.0041911,-0.323876,nan,-0.284757,-0.0509461,-0.218687,-0.375928,-0.289,0.270109,-0.00242546,0.775
1998,84.2079,777.167,0.112545,0.166667,0.0833333,0.0585039,0.174202,0.252886,-0.00334924,5.40205,1e-05,0.0187181,0.39593,9911.12,0.785767,0.454052,-0.4,0.2,1,466.174,2.45514e+07,3.15307,1.80919,0,0.120475,-0.102147,nan,-0.06925,nan,nan,nan,nan,-0.0104767,-0.0446906,-0.0141585,nan,-0.147291,0,-0.006264,-0.260514,nan,-0.202578,-0.0377376,-0.17894,-0.294172,-0.2285,0.206662,-0.00196353,0.645833
1999,112.121,1000,0.112543,0.25,0,0.0587874,0.170253,0.19706,-0.0108712,5.40198,0.000113906,0.0147508,0.395917,10918.1,0.752942,0.37253,-0.4,0.2,1,467.301,2.45637e+07,4.12539,2.38884,0,0.152328,-0.136685,nan,-0.07845,nan,nan,nan,nan,-0.0139514,-0.056667,-0.0178592,nan,-0.191302,0,-0.0137022,-0.328038,nan,-0.266705,-0.0536575,-0.219547,-0.39565,-0.291333,0.268178,-0.0026314,0.941667
2000,92.4972,896.625,0.110477,0.25,0.0833333,0.0587757,0.171158,0.20709,-0.0111998,5.40129,7.59375e-05,0.0119016,0.395873,11274.1,0.700646,0.389288,-0.4,0.2,1,468.393,2.4576e+07,3.665,2.15792,0,0.123844,-0.117152,nan,-0.0722375,nan,nan,nan,nan,-0.00975193,-0.0433678,-0.0136035,nan,-0.168582,0,-0.00543099,-0.291862,nan,-0.285036,-0.0418692,-0.187419,-0.335242,-0.2645,0.240633,-0.00215785,0.584375
2001,86.1991,792.75,0.110176,0.0833333,0.0833333,0.0596,0.169498,0.234312,-0.0120037,5.40271,0.000256289,0.0184299,0.39589,11299.5,0.726095,0.361385,-0.4,0.25,1,471.726,2.45883e+07,3.30223,1.92741,0,0.114149,-0.101933,nan,-0.067125,nan,nan,nan,nan,-0.00923045,-0.0425353,-0.0117772,nan,-0.147792,0,-0.00444941,-0.26437,nan,-0.231023,-0.0391033,-0.162939,-0.293489,-0.221,0.214314,-0.00202757,0.57
2002,107.232,966.727,0.111551,0.416667,0.0416667,0.057936,0.167926,0.218051,-0.00732191,5.40575,1.5e-05,0.0160535,0.395905,11342.5,0.698391,0.384968,-0.4,0.25,1,472.811,2.46006e+07,4.05674,2.25805,0,0.154885,-0.125886,nan,-0.09815,nan,nan,nan,nan,-0.0126647,-0.0568312,-0.0187296,nan,-0.181624,0,-0.00605809,-0.318232,nan,-0.230942,-0.0501664,-0.264612,-0.359517,-0.292091,0.258771,-0.00251397,0.772727
2003,92.7482,862.4,0.110597,0.125,0.0833333,0.0599128,0.169457,0.279024,-0.00992931,5.40587,0.000113906,0.0150154,0.395923,10246.9,0.796505,0.402688,-0.4,0.25,1,474.013,2.46129e+07,3.50545,2.01554,0,0.140113,-0.112847,nan,-0.08711,nan,nan,nan,nan,-0.0113842,-0.050676,-0.0176645,nan,-0.163098,0,-0.00268907,-0.277814,nan,-0.203014,-0.0446828,-0.214255,-0.323475,-0.2592,0.228313,-0.00235436,0.613
2004,104.417,931.333,0.109256,0.291667,0.0833333,0.0606032,0.164649,0.216447,-0.00771263,5.40664,3.375e-05,0.0126788,0.395923,10015.9,0.790035,0.436818,-0.4,0.25,1,475.241,2.46252e+07,3.8373,2.17899,0,0.158585,-0.121022,nan,-0.10695,nan,nan,nan,nan,-0.0132136,-0.0596168,-0.0199999,nan,-0.176208,0,-0.0039188,-0.296981,nan,-0.189284,-0.0523656,-0.237623,-0.342825,-0.296778,0.246292,-0.0023748,0.753333
2005,90.1397,827.571,0.110929,0.208333,0.0833333,0.0588606,0.172937,0.247684,-0.0100198,5.40817,0.000113906,0.0137817,0.395997,10770.3,0.791316,0.349604,-0.4,0.25,1,476.384,2.46374e+07,3.4046,1.96424,0,0.124642,-0.109786,nan,-0.0724786,nan,nan,nan,nan,-0.0111348,-0.0489093,-0.0146545,nan,-0.156236,0,-0.0127149,-0.266094,nan,-0.222578,-0.0487958,-0.196346,-0.315518,-0.254286,0.222256,-0.00210768,0.675714
2006,106.441,953.833,0.108556,0.375,0.125,0.058955,0.168561,0.249756,-0.00970086,5.40944,7.59375e-05,0.0124,0.39602,10293.2,0.75756,0.436232,-0.4,0.25,1,477.579,2.46497e+07,4.00928,2.22163,0,0.146056,-0.126654,nan,-0.0860708,nan,nan,nan,nan,-0.0129439,-0.0558283,-0.0174953,nan,-0.18132,0,-0.00979895,-0.316692,nan,-0.250069,-0.0500266,-0.204487,-0.364771,-0.283833,0.254646,-0.00241446,0.817083
2007,102.025,930.143,0.107119,0.208333,0.0833333,0.0603025,0.163128,0.381149,-0.0105102,5.41011,7.59375e-05,0.0122844,0.396033,10730,0.760712,0.384484,-0.4,0.25,1,478.726,2.4662e+07,3.76686,2.19343,0,0.156977,-0.120395,nan,-0.0956929,nan,nan,nan,nan,-0.0124702,-0.0563773,-0.0184383,nan,-0.175641,0,-0.00468388,-0.303191,nan,-0.197519,-0.0522628,-0.213548,-0.343279,-0.289857,0.246503,-0.00232829,0.705714
2008,92.9681,804,0.110562,0.166667,0.125,0.0580616,0.165315,0.307315,-0.0108936,5.41197,1e-05,0.0223646,0.396086,9455.53,0.825737,0.47382,-0.4,0.25,1,480.027,2.46743e+07,3.41107,1.89866,0,0.136045,-0.106557,nan,-0.08475,nan,nan,nan,nan,-0.0114732,-0.0501108,-0.0159434,nan,-0.151536,0,-0.00355888,-0.26988,nan,-0.170668,-0.0442694,-0.175801,-0.302591,-0.238714,0.216411,-0.00201432,0.685
2009,81.7359,686.143,0.107294,0.166667,0.125,0.0610649,0.170585,0.337125,-0.00697587,5.41278,1e-05,0.020342,0.396091,9838.8,0.833416,0.415517,-0.4,0.25,1,481.277,2.46866e+07,2.95597,1.63086,0,0.119714,-0.0875606,nan,-0.0724929,nan,nan,nan,nan,-0.00920787,-0.0404407,-0.0139514,nan,-0.128194,0,-0.00202486,-0.217595,nan,-0.134277,-0.0330432,-0.160156,-0.24945,-0.212857,0.184747,-0.00170691,0.600714
2010,108.51,966.6,0.106274,0.166667,0.0416667,0.0616353,0.171272,0.198976,-0.00884711,5.41122,3.375e-05,0.0139635,0.395979,10357.7,0.709551,0.476816,-0.4,0.25,1,482.465,2.46989e+07,4.08697,2.30434,0,0.156876,-0.126208,nan,-0.09347,nan,nan,nan,nan,-0.0119343,-0.0550008,-0.0171426,nan,-0.182622,0,-0.00589808,-0.326714,nan,-0.23887,-0.042681,-0.190823,-0.360287,-0.2816,0.259556,-0.00243534,0.753
2011,117.478,986.714,0.106317,0.25,0.0416667,0.0615335,0.171382,0.203898,-0.00387535,5.40878,1e-05,0.0175969,0.395949,9837.97,0.820957,0.428081,-0.4,0.25,1,483.716,2.47112e+07,4.16525,2.36176,0,0.165056,-0.130356,nan,-0.0970143,nan,nan,nan,nan,-0.0140331,-0.0638478,-0.0181219,nan,-0.185697,0,-0.00618596,-0.320754,nan,-0.214059,-0.0493883,-0.204537,-0.374836,-0.293714,0.265258,-0.00260464,1.00071
2012,103.743,923.091,0.108448,0.291667,0.166667,0.057983,0.172428,0.324359,-0.00706076,5.40873,0.000113906,0.0151938,0.395957,10123.9,0.806603,0.407159,-0.4,0.25,1,484.931,2.47235e+07,3.79257,2.17606,0,0.150261,-0.124476,nan,-0.0823182,nan,nan,nan,nan,-0.0130926,-0.055409,-0.0169728,nan,-0.17572,0,-0.0113039,-0.30838,nan,-0.208756,-0.0541229,-0.240956,-0.357847,-0.268455,0.249545,-0.00245492,0.828182
2013,105.617,1000,0.108901,0.0833333,0,0.0575374,0.167006,0.155857,-0.0119949,5.40796,0.000113906,0.0134989,0.395887,10527.5,0.779712,0.387513,-0.4,0.25,1,486.1,2.47357e+07,3.89586,2.34523,0,0.166031,-0.127964,nan,-0.0963,nan,nan,nan,nan,-0.0138971,-0.0637187,-0.0185134,nan,-0.187348,0,-0.00597238,-0.323307,nan,-0.237473,-0.0517811,-0.255773,-0.371367,-0.286,0.269557,-0.00256936,0.75
2014,108.385,1000,0.107642,0.0416667,0,0.0591005,0.169168,0.189992,-0.00860213,5.40166,1.5e-05,0.0134096,0.395734,11312.9,0.699295,0.3869,-0.4,0.25,1,487.188,2.4748e+07,4.1285,2.42835,0,0.144535,-0.132221,nan,-0.0843,nan,nan,nan,nan,-0.012244,-0.0588407,-0.0176703,nan,-0.191556,0,-0.0041246,-0.339945,nan,-0.288282,-0.0447672,-0.306093,-0.379075,-0.258,0.258354,-0.00287182,0.84
2015,105.268,1000,0.107635,0.208333,0,0.0593691,0.166398,0.133201,-0.0105751,5.39844,0.000113906,0.0124068,0.395554,9737.11,0.817631,0.444345,-0.4,0.25,1,488.451,2.47603e+07,4.25672,2.38989,0,0.141956,-0.127465,nan,-0.10096,nan,nan,nan,nan,-0.0101728,-0.0493561,-0.0174675,nan,-0.188007,0,-0.00192583,-0.319458,nan,-0.304338,-0.0416494,-0.155941,-0.358953,-0.3182,0.266114,-0.00236201,0.527
2016,104.95,982.667,0.107632,0.333333,0.0416667,0.059044,0.171617,0.197916,-0.0130582,5.39185,0.000170859,0.018767,0.395357,9901.57,0.82011,0.420905,-0.4,0.25,1,489.694,2.47726e+07,4.11514,2.29755,0,0.15341,-0.12683,nan,-0.0947111,nan,nan,nan,nan,-0.011402,-0.0520171,-0.0175841,nan,-0.184133,0,-0.00274961,-0.311649,nan,-0.257273,-0.0489896,-0.241733,-0.360798,-0.311222,0.261711,-0.00244007,0.643889
2017,109.32,996.383,0.105123,9.45833,0.125,0.060574,0.167539,0.204168,-0.0139267,5.38767,1e-05,0.0199998,0.395271,10845.9,0.802255,0.330709,-0.4,0.25,1,490.828,2.47849e+07,4.13792,2.37517,0,0.152163,-0.129397,nan,-0.0902728,nan,nan,nan,nan,-0.0120469,-0.0539988,-0.0172591,nan,-0.18707,0,-0.00516089,-0.320872,nan,-0.269484,-0.0483925,-0.208338,-0.369598,-0.301448,0.26736,-0.00251135,0.771913
2018,104.203,985.4,0.109931,0.333333,0.0833333,0.0566236,0.162475,0.2188,-0.00877271,5.386,3.375e-05,0.0142956,0.395204,11156.3,0.728597,0.372847,-0.4,0.25,1,491.931,2.47972e+07,4.07648,2.37549,0,0.145015,-0.125554,nan,-0.08892,nan,nan,nan,nan,-0.0107063,-0.0481472,-0.0166035,nan,-0.184351,0,-0.00142792,-0.313969,nan,-0.290414,-0.0436749,-0.169517,-0.358869,-0.3137,0.263414,-0.0024693,0.6015
2019,71.3324,678.5,0.110564,0.166667,0.0833333,0.0557274,0.164728,0.171304,-0.00624881,5.38413,3.375e-05,0.00904582,0.395138,10620.2,0.752086,0.404952,-0.4,0.25,1,493.09,2.48095e+07,2.80393,1.60743,0,0.103524,-0.0856109,nan,-0.0719667,nan,nan,nan,nan,-0.00789032,-0.036961,-0.013813,nan,-0.126972,0,-0.0042555,-0.214622,nan,-0.179387,-0.0305011,-0.154297,-0.241383,-0.204,0.17898,-0.00169932,0.381667
2020,111.384,1000,0.111503,0.291667,0,0.0555899,0.159851,0.117512,-0.0116759,5.38053,0.000113906,0.0143662,0.394952,9929.43,0.834364,0.40317,-0.4,0.25,1,494.329,2.48218e+07,4.05897,2.39553,0,0.158399,-0.129647,nan,-0.0934643,nan,nan,nan,nan,-0.0131938,-0.0585134,-0.0184605,nan,-0.187218,0,-0.00735791,-0.32408,nan,-0.245465,-0.048576,-0.196021,-0.374699,-0.286571,0.270723,-0.00260317,0.842857
2021,112.361,1000,0.110833,0.208333,0,0.056192,0.16792,0.116054,-0.0144924,5.372,7.59375e-05,0.0102467,0.394671,10651.6,0.749801,0.403824,-0.4,0.25,1,495.484,2.4834e+07,4.25702,2.41905,0,0.152604,-0.127417,nan,-0.09607,nan,nan,nan,nan,-0.0123793,-0.0551528,-0.0179467,nan,-0.186481,0,-0.00579953,-0.32359,nan,-0.26464,-0.0515767,-0.236571,-0.365307,-0.298,0.269927,-0.00241821,0.743
2022,72.993,630.25,0.110807,0.0833333,0.0833333,0.0561597,0.16519,0.217803,-0.0100221,5.36491,5.0625e-05,0.0159558,0.394517,10426.7,0.770268,0.408246,-0.4,0.25,1,496.664,2.48463e+07,2.69786,1.4708,0,0.10363,-0.0826245,nan,-0.0563125,nan,nan,nan,nan,-0.00881352,-0.0356809,-0.0114215,nan,-0.118651,0,-0.00267366,-0.211267,nan,-0.146591,-0.0344085,-0.135558,-0.239305,-0.197,0.169513,-0.00153596,0.5725
2023,112.483,1000,0.107673,0.291667,0,0.0589242,0.164321,0.157258,-0.00779636,5.3636,1e-05,0.0196105,0.394506,10728.3,0.764103,0.381283,-0.4,0.25,1,497.811,2.48586e+07,4.27015,2.37079,0,0.15512,-0.128413,nan,-0.0993429,nan,nan,nan,nan,-0.0122097,-0.0580464,-0.017904,nan,-0.185822,0,-0.00525549,-0.318236,nan,-0.260692,-0.0484725,-0.225458,-0.363733,-0.291857,0.266828,-0.00261431,0.760714
2024,110.364,1000,0.10794,0.541667,0,0.0591031,0.169678,0.166202,-0.00928857,5.36236,0.000113906,0.014597,0.394385,10457.4,0.781722,0.393331,-0.4,0.25,1,498.988,2.48709e+07,4.17041,2.38422,0,0.153317,-0.129219,nan,-0.0914385,nan,nan,nan,nan,-0.0121249,-0.0544066,-0.017207,nan,-0.188142,0,-0.00287872,-0.326504,nan,-0.267921,-0.0458686,-0.188631,-0.368227,-0.291692,0.268047,-0.0024619,0.751154
2025,114.638,1000,0.109018,0.333333,0,0.0580534,0.169964,0.177669,-0.00919053,5.35498,2.25e-05,0.0139103,0.394169,10487,0.754326,0.417415,-0.4,0.25,1,500.162,2.48832e+07,4.23716,2.35847,0,0.165675,-0.130929,nan,-0.0943375,nan,nan,nan,nan,-0.0129808,-0.0580082,-0.0172872,nan,-0.188125,0,-0.00512803,-0.329229,nan,-0.228806,-0.0491148,-0.231215,-0.374643,-0.2925,0.270514,-0.00250244,0.855625
2026,107.827,1000,0.109235,0.5,0,0.0598729,0.171172,0.173064,-0.0101778,5.35223,2.25e-05,0.0146498,0.394115,9841.76,0.806555,0.442002,-0.4,0.25,1,501.412,2.48955e+07,4.27342,2.39519,0,0.14316,-0.127874,nan,-0.0835458,nan,nan,nan,nan,-0.0103558,-0.0472798,-0.0154362,nan,-0.187094,0,-0.00273286,-0.315823,nan,-0.308836,-0.0424443,-0.170452,-0.363049,-0.306,0.269483,-0.00249093,0.623333
2027,92.7442,831.222,0.110817,0.291667,0.0833333,0.058424,0.170836,0.324205,-0.00725881,5.35207,1e-05,0.0187188,0.394119,11003.2,0.767764,0.349003,-0.4,0.25,1,502.53,2.49078e+07,3.56046,1.99681,0,0.123222,-0.106949,nan,-0.0726889,nan,nan,nan,nan,-0.00915873,-0.0415328,-0.0132185,nan,-0.155453,0,-0.00277966,-0.263884,nan,-0.236252,-0.0365274,-0.158585,-0.304598,-0.253667,0.222996,-0.00207629,0.618333
2028,99.2018,893,0.109963,0.333333,0.0416667,0.0586754,0.171376,0.155326,-0.00715878,5.35109,1.5e-05,0.0147859,0.394052,10057.9,0.750198,0.471528,-0.4,0.25,1,503.754,2.49201e+07,3.70301,2.11553,0,0.136804,-0.117814,nan,-0.0796444,nan,nan,nan,nan,-0.0114553,-0.050007,-0.0163438,nan,-0.170243,0,-0.0070269,-0.289637,nan,-0.238239,-0.0475631,-0.1725,-0.338532,-0.270667,0.238371,-0.00233403,0.752222
2029,105.329,1000,0.10896,0.291667,0,0.060005,0.172922,0.16991,-0.0106991,5.34568,0.000113906,0.0145921,0.393737,9478.75,0.838211,0.458162,-0.4,0.25,1,505.052,2.49324e+07,4.16321,2.38579,0,0.147595,-0.127419,nan,-0.09105,nan,nan,nan,nan,-0.0108978,-0.0508177,-0.0168338,nan,-0.186534,0,-0.00276574,-0.312341,nan,-0.294148,-0.0490171,-0.202205,-0.358747,-0.310429,0.268286,-0.00251876,0.602857
2030,107.39,1000,0.107783,0.416667,0,0.0613369,0.16884,0.147212,-0.0152374,5.33242,0.000113906,0.0150808,0.393369,10295.3,0.798777,0.394772,-0.4,0.25,1,506.247,2.49446e+07,4.34978,2.41991,0,0.136453,-0.126777,nan,-0.079925,nan,nan,nan,nan,-0.00946614,-0.0433628,-0.0144484,nan,-0.187242,0,-0.00256145,-0.318819,nan,-0.334579,-0.0465425,-0.178351,-0.359517,-0.3011,0.269365,-0.00247476,0.583
2031,110.246,969.25,0.108902,0.125,0.0416667,0.0593728,0.166043,0.237073,-0.0105565,5.32447,1e-05,0.018213,0.393229,11042.6,0.786029,0.326755,-0.4,0.25,1,507.362,2.49569e+07,3.99843,2.33287,0,0.154816,-0.128861,nan,-0.091075,nan,nan,nan,nan,-0.013285,-0.0564437,-0.0179908,nan,-0.184379,0,-0.00404778,-0.316126,nan,-0.22738,-0.0514385,-0.269834,-0.366746,-0.28875,0.261394,-0.00269477,0.90875
2032,90.0777,812.875,0.11054,0.208333,0.125,0.0586268,0.166842,0.310165,-0.00941782,5.32397,0.000113906,0.0140844,0.393296,10559,0.75759,0.406157,-0.4,0.25,1,508.527,2.49692e+07,3.54208,1.95025,0,0.117115,-0.104039,nan,-0.0697313,nan,nan,nan,nan,-0.00870516,-0.0403984,-0.0128245,nan,-0.151893,0,-0.00322394,-0.262235,nan,-0.247552,-0.0407597,-0.138911,-0.297103,-0.2415,0.216969,-0.0020399,0.549375
2033,87.0493,834.4,0.107553,0.125,0.0833333,0.061764,0.168597,0.24711,-0.0124125,5.32717,5.0625e-05,0.0113663,0.393438,10034.9,0.805091,0.419439,-0.4,0.25,1,509.753,2.49815e+07,3.3669,1.95757,0,0.124102,-0.109261,nan,-0.07755,nan,nan,nan,nan,-0.00981529,-0.0426031,-0.0144731,nan,-0.157904,0,-0.00204976,-0.264208,nan,-0.238161,-0.050305,-0.164702,-0.311136,-0.2572,0.226714,-0.00205429,0.574
2034,114.46,1000,0.108642,0.375,0,0.0601449,0.166968,0.255822,-0.00817343,5.33032,1e-05,0.0192815,0.393513,10503.5,0.838007,0.331893,-0.4,0.25,1,510.924,2.49938e+07,4.18983,2.36217,0,0.157534,-0.130465,nan,-0.0891722,nan,nan,nan,nan,-0.0134101,-0.0574142,-0.0179997,nan,-0.188735,0,-0.00688433,-0.32193,nan,-0.250282,-0.0460074,-0.174638,-0.378596,-0.294889,0.26805,-0.00247768,0.898889
2035,85.6215,750,0.109894,0.125,0.166667,0.0576635,0.168908,0.284837,-0.00753679,5.33025,5.0625e-05,0.0128992,0.393442,11828.3,0.726044,0.312816,-0.4,0.25,1,511.965,2.50061e+07,3.16182,1.76763,0,0.124158,-0.0981857,nan,-0.0779857,nan,nan,nan,nan,-0.0104383,-0.0460787,-0.0147955,nan,-0.141517,0,-0.00375922,-0.241795,nan,-0.16717,-0.0409808,-0.145673,-0.28112,-0.232,0.202702,-0.00184432,0.601429
2036,93.36,844,0.109477,0.208333,0.0416667,0.0586121,0.169363,0.228494,-0.0100827,5.32781,7.59375e-05,0.01317,0.393359,13721.5,0.629475,0.266056,-0.4,0.25,1,512.862,2.50184e+07,3.54969,1.99698,0,0.132587,-0.106454,nan,-0.0878667,nan,nan,nan,nan,-0.0104057,-0.0458099,-0.016281,nan,-0.157189,0,-0.00295584,-0.263839,nan,-0.216025,-0.0397638,-0.170053,-0.303195,-0.261,0.224298,-0.0021327,0.5875
2037,109.635,1000,0.106943,0.458333,0,0.059701,0.17258,0.165409,-0.0153107,5.32446,0.000170859,0.0171299,0.393142,12518.3,0.677904,0.303701,-0.4,0.25,1,513.845,2.50307e+07,4.08949,2.41371,0,0.144583,-0.129757,nan,-0.0836273,nan,nan,nan,nan,-0.012126,-0.0528531,-0.0167034,nan,-0.188085,0,-0.00297015,-0.326783,nan,-0.28685,-0.0491865,-0.195562,-0.375033,-0.296727,0.267957,-0.00253088,0.837727
2038,103.21,929.231,0.108022,0.5,0.0416667,0.0591988,0.170361,0.163529,-0.0137608,5.31702,7.59375e-05,0.0108452,0.392946,13457.7,0.635385,0.277699,-0.4,0.25,1,514.759,2.50429e+07,3.94524,2.22674,0,0.141861,-0.120323,nan,-0.0835154,nan,nan,nan,nan,-0.0113125,-0.0507828,-0.0164087,nan,-0.174266,0,-0.00378578,-0.298054,nan,-0.251541,-0.0431042,-0.182585,-0.343155,-0.281615,0.247943,-0.00235014,0.658846
2039,111.218,1000,0.105983,0.208333,0,0.0605346,0.175945,0.143004,-0.0139292,5.31103,5.0625e-05,0.0153944,0.392769,13586.4,0.62919,0.275247,-0.4,0.25,1,515.665,2.50552e+07,4.16467,2.40399,0,0.159892,-0.128122,nan,-0.09879,nan,nan,nan,nan,-0.0122394,-0.0544776,-0.0187882,nan,-0.187267,0,-0.00230303,-0.317282,nan,-0.249398,-0.0450929,-0.199165,-0.364811,-0.3158,0.266944,-0.00247804,0.743
2040,101.106,911.778,0.107762,0.25,0.125,0.0590123,0.171705,0.336904,-0.00893519,5.30766,2.25e-05,0.0155998,0.392671,13531,0.630811,0.277325,-0.4,0.25,1,516.574,2.50675e+07,3.73752,2.15075,0,0.143355,-0.118291,nan,-0.0885111,nan,nan,nan,nan,-0.0119749,-0.0532656,-0.0173181,nan,-0.171667,0,-0.0041107,-0.295989,nan,-0.226883,-0.0434256,-0.196233,-0.33874,-0.278111,0.244641,-0.00224667,0.765556
2041,110.058,1000,0.109834,0.375,0,0.0582137,0.164502,0.170066,-0.0105413,5.30495,0.000170859,0.0166203,0.392525,13288.6,0.647299,0.277402,-0.4,0.25,1,517.5,2.50798e+07,4.15014,2.36509,0,0.146039,-0.130559,nan,-0.0883889,nan,nan,nan,nan,-0.0124686,-0.0536738,-0.0175137,nan,-0.189368,0,-0.00571188,-0.325472,nan,-0.279579,-0.0508832,-0.220006,-0.374714,-0.305111,0.26827,-0.00252151,0.826667
2042,89.517,822.25,0.109287,0.125,0.0416667,0.0584647,0.162424,0.208526,-0.0138577,5.30011,0.000170859,0.0167619,0.392338,13760.9,0.625596,0.267366,-0.4,0.25,1,518.394,2.50921e+07,3.26672,2.00923,0,0.116675,-0.110045,nan,-0.067575,nan,nan,nan,nan,-0.0107399,-0.0453163,-0.0143592,nan,-0.157336,0,-0.00807209,-0.261066,nan,-0.237984,-0.0498411,-0.180397,-0.312663,-0.255,0.219503,-0.0023145,0.75625
2043,110.154,965,0.110674,0.25,0.0416667,0.0573668,0.162406,0.18054,-0.0114583,5.29518,0.000113906,0.0128314,0.392175,13240.4,0.637091,0.290977,-0.4,0.25,1,519.324,2.51044e+07,4.09137,2.28642,0,0.154064,-0.125421,nan,-0.0939,nan,nan,nan,nan,-0.01269,-0.0564421,-0.0186538,nan,-0.181336,0,-0.00274367,-0.312521,nan,-0.233937,-0.0518334,-0.203997,-0.358405,-0.300429,0.256621,-0.00254828,0.813571
2044,104.901,991.7,0.1102,0.375,0.0416667,0.056681,0.171951,0.235769,-0.0129092,5.29001,1e-05,0.0183034,0.392047,13555.2,0.631377,0.27514,-0.4,0.25,1,520.232,2.51167e+07,4.19348,2.38831,0,0.131137,-0.127806,nan,-0.072615,nan,nan,nan,nan,-0.00983919,-0.0434826,-0.0140769,nan,-0.185558,0,-0.0033622,-0.31475,nan,-0.337264,-0.0440638,-0.158498,-0.364818,-0.3018,0.265477,-0.00250685,0.638
2045,92.2434,870.5,0.109082,0.208333,0.0416667,0.0569539,0.166453,0.238115,-0.00889821,5.28782,5.0625e-05,0.0129301,0.391957,13670.3,0.629606,0.269274,-0.4,0.25,1,521.132,2.5129e+07,3.54382,2.06283,0,0.138171,-0.107686,nan,-0.0900667,nan,nan,nan,nan,-0.0102634,-0.0460231,-0.0161687,nan,-0.160894,0,-0.00090999,-0.267933,nan,-0.216452,-0.0379814,-0.184358,-0.304696,-0.272167,0.229715,-0.0022207,0.505833
2046,104.681,949.167,0.108172,0.208333,0.0416667,0.0582161,0.172311,0.327229,-0.00403692,5.28551,1e-05,0.0221907,0.391928,13719.8,0.626988,0.26865,-0.4,0.25,1,522.029,2.51412e+07,3.97404,2.20249,0,0.14627,-0.122075,nan,-0.0870333,nan,nan,nan,nan,-0.0118449,-0.05142,-0.0166248,nan,-0.178596,0,-0.00407103,-0.296124,nan,-0.248494,-0.0448864,-0.210119,-0.351612,-0.284667,0.253527,-0.00243598,0.754167
2047,89.8115,809.455,0.106375,0.291667,0.166667,0.0607874,0.163151,0.307539,-0.00696412,5.28594,5.0625e-05,0.0121777,0.391946,13827.7,0.618006,0.270648,-0.4,0.25,1,522.919,2.51535e+07,3.35839,1.92955,0,0.122865,-0.104345,nan,-0.0680909,nan,nan,nan,nan,-0.0100701,-0.0430143,-0.0130451,nan,-0.151321,0,-0.00443698,-0.261485,nan,-0.220466,-0.040478,-0.152704,-0.298938,-0.247,0.218611,-0.0020026,0.667273
2048,107.073,1000,0.109913,0.416667,0,0.0583603,0.160834,0.135444,-0.0122114,5.28583,0.000170859,0.0158532,0.391903,13586.3,0.61481,0.289631,-0.4,0.25,1,523.824,2.51658e+07,4.15892,2.37018,0,0.147498,-0.1267,nan,-0.089665,nan,nan,nan,nan,-0.0107213,-0.0492659,-0.0161534,nan,-0.185881,0,-0.00048781,-0.325698,nan,-0.292997,-0.0458501,-0.169511,-0.359858,-0.3099,0.270396,-0.00243986,0.67
2049,92.6278,851.111,0.109829,0.291667,0.0833333,0.0591679,0.171581,0.24424,-0.0130299,5.28269,0.000170859,0.0156006,0.391892,13492.7,0.637235,0.273478,-0.4,0.25,1,524.736,2.51781e+07,3.60321,2.02118,0,0.124463,-0.108652,nan,-0.0716611,nan,nan,nan,nan,-0.00912664,-0.0420305,-0.0136357,nan,-0.158102,0,-0.000608928,-0.274666,nan,-0.253233,-0.0373046,-0.155371,-0.308082,-0.257111,0.228338,-0.00209892,0.606667
2050,113.131,1000,0.10906,0.25,0,0.0594535,0.162589,0.157227,-0.0157429,5.28298,7.59375e-05,0.0128367,0.391915,13406.5,0.642348,0.27422,-0.4,0.25,1,525.654,2.51904e+07,4.27514,2.40809,0,0.148571,-0.127937,nan,-0.0808,nan,nan,nan,nan,-0.0113451,-0.0492211,-0.0151756,nan,-0.186356,0,-0.00380772,-0.316151,nan,-0.291728,-0.0405743,-0.157481,-0.371054,-0.31,0.26911,-0.00238895,0.816667
2051,102.864,958.333,0.109609,0.166667,0.0833333,0.0587031,0.170199,0.267704,-0.0148841,5.28228,0.000170859,0.017083,0.391921,13333,0.632699,0.288921,-0.4,0.25,1,526.577,2.52027e+07,4.04614,2.27944,0,0.138512,-0.121878,nan,-0.080825,nan,nan,nan,nan,-0.00983978,-0.0451948,-0.0150653,nan,-0.177697,0,-0.00383668,-0.297772,nan,-0.299064,-0.0467319,-0.194575,-0.34689,-0.295167,0.254851,-0.00221345,0.6525
2052,99.4705,984.6,0.107684,0.375,0.0416667,0.059987,0.169971,0.248068,-0.0129926,5.2836,5.0625e-05,0.016751,0.392006,11748.1,0.682012,0.363947,-0.4,0.25,1,527.625,2.5215e+07,4.14952,2.35692,0,0.126341,-0.124913,nan,-0.072585,nan,nan,nan,nan,-0.00883923,-0.0402061,-0.0130244,nan,-0.182623,0,-0.00317567,-0.317258,nan,-0.35836,-0.0422384,-0.172643,-0.355001,-0.3093,0.264572,-0.00234882,0.5195
2053,92.5326,824.8,0.107608,0.166667,0.0416667,0.0607909,0.173924,0.185796,-0.0141065,5.27891,0.000170859,0.0203404,0.391626,8988.95,0.90049,0.466522,-0.4,0.25,1,528.994,2.52273e+07,3.66334,1.98254,0,0.113182,-0.104425,nan,-0.06253,nan,nan,nan,nan,-0.00806847,-0.0357723,-0.0117216,nan,-0.15294,0,-0.00157445,-0.267946,nan,-0.263369,-0.0356492,-0.126753,-0.29823,-0.2702,0.223656,-0.00191746,0.594
2054,109.839,1000,0.109774,0.333333,0,0.0598231,0.171982,0.198215,-0.0155798,5.26866,5.0625e-05,0.014024,0.391536,8455.53,1.03028,0.422974,-0.4,0.25,1,530.449,2.52396e+07,4.17731,2.40829,0,0.149035,-0.129357,nan,-0.0807563,nan,nan,nan,nan,-0.0113269,-0.0504313,-0.0147776,nan,-0.187693,0,-0.00855696,-0.327139,nan,-0.288248,-0.044607,-0.190853,-0.369032,-0.301375,0.270014,-0.0024678,0.790625
2055,112.987,1000,0.109738,0.0416667,0,0.0596157,0.168295,0.133061,-0.012825,5.26778,0.000256289,0.0175837,0.391416,9789.38,0.827817,0.42742,-0.4,0.25,1,531.706,2.52518e+07,3.91708,2.33183,0,0.178639,-0.130748,nan,-0.1221,nan,nan,nan,nan,-0.0146559,-0.0658921,-0.0240206,nan,-0.190721,0,-0.00111123,-0.310074,nan,-0.170383,-0.0606082,-0.2746,-0.379263,-0.321,0.269499,-0.00253392,0.975
2056,113.173,977,0.109256,0.0833333,0.0416667,0.0591252,0.169759,0.185492,-0.0136205,5.25996,5.0625e-05,0.0133159,0.391244,10518.7,0.827241,0.340967,-0.4,0.25,1,532.876,2.52641e+07,4.11478,2.32383,0,0.173242,-0.126003,nan,-0.108317,nan,nan,nan,nan,-0.0140702,-0.0623011,-0.0198183,nan,-0.18159,0,-0.00336853,-0.317091,nan,-0.181547,-0.0474764,-0.240015,-0.362098,-0.316,0.262745,-0.00239638,0.795
2057,112.905,1000,0.10854,0.291667,0,0.0614993,0.172638,0.179051,-0.0127559,5.25699,2.25e-05,0.0166014,0.391119,12705.3,0.630884,0.336269,-0.4,0.25,1,533.845,2.52764e+07,4.21135,2.40931,0,0.159916,-0.126468,nan,-0.0952429,nan,nan,nan,nan,-0.0122299,-0.0561185,-0.0176533,nan,-0.18495,0,-0.00209875,-0.324567,nan,-0.248822,-0.0468234,-0.213409,-0.361853,-0.301286,0.26979,-0.00245503,0.787143
2058,112.246,997.182,0.108359,0.416667,0.0416667,0.0603326,0.165887,0.164267,-0.0125229,5.25202,0.000170859,0.0189528,0.390939,9003.81,0.871938,0.492817,-0.4,0.25,1,535.211,2.52887e+07,4.16392,2.36201,0,0.156497,-0.128341,nan,-0.0881227,nan,nan,nan,nan,-0.0128977,-0.0560228,-0.0175779,nan,-0.186985,0,-0.00631888,-0.323667,nan,-0.252938,-0.0507665,-0.230928,-0.371182,-0.298,0.268908,-0.00266222,0.868182
2059,108.202,995.916,0.10851,8.875,0.0416667,0.0565595,0.165116,0.174504,-0.0127314,5.24621,1.5e-05,0.0175783,0.390925,9235.46,0.911901,0.418622,-0.4,0.25,1,536.543,2.5301e+07,4.16296,2.37803,0,0.146076,-0.127254,nan,-0.0820869,nan,nan,nan,nan,-0.0113376,-0.0505641,-0.0156362,nan,-0.185783,0,-0.00464451,-0.320511,nan,-0.290158,-0.0462788,-0.19453,-0.365858,-0.304416,0.267967,-0.00246856,0.732407
2060,103.612,928.333,0.111268,0.458333,0.0416667,0.0562916,0.166078,0.172841,-0.010952,5.24704,7.59375e-05,0.0131589,0.390999,10566.6,0.825233,0.33768,-0.4,0.25,1,537.708,2.53133e+07,3.93772,2.21395,0,0.140988,-0.117365,nan,-0.0848208,nan,nan,nan,nan,-0.0108657,-0.0497542,-0.0151128,nan,-0.172333,0,-0.00497449,-0.297819,nan,-0.252834,-0.0438606,-0.189555,-0.335765,-0.289667,0.249431,-0.00227587,0.7175
2061,55.7436,490.4,0.11112,0.166667,0.25,0.0568482,0.169341,0.468308,-0.0079773,5.24828,1e-05,0.0193645,0.391038,12685.2,0.690368,0.278321,-0.4,0.25,1,538.678,2.53256e+07,1.99774,1.14477,0,0.077962,-0.0651902,nan,-0.045675,nan,nan,nan,nan,-0.0074064,-0.0325895,-0.0097011,nan,-0.093229,0,-0.00785956,-0.166155,nan,-0.11664,-0.0276152,-0.104377,-0.190423,-0.1481,0.130358,-0.00118924,0.4905
2062,95.1433,866.429,0.107929,0.25,0.0416667,0.0599506,0.169168,0.139093,-0.0115457,5.24736,0.000113906,0.0140073,0.390908,13809.4,0.626609,0.26322,-0.4,0.25,1,539.569,2.53379e+07,3.52662,2.08279,0,0.148088,-0.108077,nan,-0.109121,nan,nan,nan,nan,-0.0111756,-0.0549624,-0.0191421,nan,-0.160521,0,-0.00146543,-0.269928,nan,-0.175384,-0.0372496,-0.224524,-0.30411,-0.285571,0.230852,-0.00208696,0.587143
2063,85.4896,776.167,0.111115,0.166667,0.0833333,0.0566578,0.16515,0.196327,-0.00911863,5.23976,5.0625e-05,0.0124993,0.390708,11004,0.704793,0.41189,-0.4,0.25,1,540.687,2.53501e+07,3.28314,1.8515,0,0.11691,-0.0984432,nan,-0.0705583,nan,nan,nan,nan,-0.00938272,-0.0415592,-0.0134982,nan,-0.144334,0,-0.00113746,-0.246454,nan,-0.210126,-0.0389859,-0.195221,-0.281025,-0.249667,0.205066,-0.00203351,0.575
2064,112.956,993.8,0.110762,0.166667,0.0416667,0.0563655,0.164633,0.158051,-0.00878228,5.23621,5.0625e-05,0.0126956,0.390622,9362.3,0.885907,0.426591,-0.4,0.25,1,542.001,2.53624e+07,4.07117,2.32128,0,0.165333,-0.126652,nan,-0.09999,nan,nan,nan,nan,-0.013442,-0.0619963,-0.0183091,nan,-0.184559,0,-0.00634961,-0.331308,nan,-0.220786,-0.0467473,-0.227514,-0.366066,-0.3142,0.266391,-0.00235554,0.953
2065,107.788,1000,0.109531,0.458333,0,0.0580207,0.1665,0.170476,-0.00699133,5.23295,1e-05,0.021232,0.390524,10146.9,0.819331,0.391682,-0.4,0.25,1,543.214,2.53747e+07,4.23387,2.36909,0,0.140194,-0.129061,nan,-0.0792682,nan,nan,nan,nan,-0.0107975,-0.0487074,-0.0155915,nan,-0.187085,0,-0.00325884,-0.323627,nan,-0.312706,-0.0438819,-0.178666,-0.369156,-0.307455,0.266343,-0.00258632,0.715
2066,106.138,1000,0.106705,0.375,0,0.0593635,0.167091,0.188176,-0.00717258,5.22993,2.25e-05,0.0138121,0.390388,9348.37,0.903182,0.411272,-0.4,0.25,1,544.53,2.5387e+07,4.11201,2.34745,0,0.149515,-0.126345,nan,-0.0911222,nan,nan,nan,nan,-0.0110417,-0.0515565,-0.0165126,nan,-0.185716,0,-0.00473564,-0.318808,nan,-0.28642,-0.0421534,-0.218507,-0.361776,-0.303333,0.266638,-0.00239844,0.718889
2067,111.699,1000,0.106719,0.375,0,0.059868,0.172379,0.176785,-0.0114995,5.22442,0.000170859,0.0172396,0.390189,10247.4,0.788244,0.410885,-0.4,0.25,1,545.731,2.53993e+07,4.21987,2.37867,0,0.161816,-0.123793,nan,-0.0947889,nan,nan,nan,nan,-0.0115921,-0.0533915,-0.0172349,nan,-0.184063,0,-0.00213986,-0.310957,nan,-0.242385,-0.0407186,-0.224354,-0.353826,-0.305333,0.268664,-0.00254153,0.726667
2068,99.1899,935.444,0.107692,0.333333,0.0416667,0.0599422,0.169662,0.16318,-0.0133972,5.21889,7.59375e-05,0.0133489,0.390048,9075.72,0.900478,0.453464,-0.4,0.25,1,547.087,2.54116e+07,3.92392,2.20974,0,0.133219,-0.11704,nan,-0.0791556,nan,nan,nan,nan,-0.00967696,-0.0445249,-0.013607,nan,-0.173364,0,-0.00261033,-0.294651,nan,-0.287879,-0.0413256,-0.186321,-0.335971,-0.287444,0.249265,-0.00223812,0.623889
2069,113.713,1000,0.109375,0.5,0,0.0583686,0.168102,0.208396,-0.0114603,5.21416,1e-05,0.0181004,0.3899,9887.5,0.817903,0.424879,-0.4,0.25,1,548.331,2.54239e+07,4.16353,2.34874,0,0.165787,-0.128542,nan,-0.0997958,nan,nan,nan,nan,-0.0140504,-0.0638661,-0.0188302,nan,-0.186672,0,-0.00794577,-0.324893,nan,-0.217331,-0.0493642,-0.303446,-0.37129,-0.300583,0.268642,-0.00260074,0.9125
2070,102.427,949.6,0.107426,0.375,0.0416667,0.0595241,0.166499,0.152151,-0.0111972,5.21059,0.000113906,0.0133611,0.389731,9695.24,0.89829,0.369136,-0.4,0.25,1,549.6,2.54362e+07,4.10221,2.23654,0,0.128632,-0.119816,nan,-0.06937,nan,nan,nan,nan,-0.00948235,-0.0414012,-0.0132617,nan,-0.175805,0,-0.00330762,-0.307317,nan,-0.314384,-0.0431742,-0.173805,-0.341712,-0.2987,0.25382,-0.00229759,0.664
2071,109.613,1000,0.108321,0.291667,0,0.0590824,0.169561,0.166247,-0.0141657,5.2015,0.000113906,0.014797,0.389463,10166.3,0.813533,0.395166,-0.4,0.25,1,550.811,2.54484e+07,4.14012,2.34581,0,0.157247,-0.124905,nan,-0.0949786,nan,nan,nan,nan,-0.0121049,-0.0554538,-0.0167858,nan,-0.183843,0,-0.00488474,-0.319677,nan,-0.258816,-0.0484817,-0.225155,-0.359755,-0.312429,0.271705,-0.00251804,0.778571
2072,89.5081,869.571,0.110455,0.25,0.0416667,0.058367,0.163704,0.206805,-0.0111762,5.19392,7.59375e-05,0.0121045,0.389282,9697.34,0.856274,0.410878,-0.4,0.25,1,552.079,2.54607e+07,3.54779,2.11644,0,0.10821,-0.109068,nan,-0.0555071,nan,nan,nan,nan,-0.00798007,-0.03538,-0.0111828,nan,-0.16062,0,-0.00259888,-0.274433,nan,-0.31836,-0.0344174,-0.121714,-0.316239,-0.256143,0.232973,-0.00213664,0.577857
2073,83.9355,746.333,0.107113,0.25,0.125,0.0602051,0.169302,0.302459,-0.00706605,5.19142,1e-05,0.0176958,0.389235,9776.85,0.872799,0.384047,-0.4,0.25,1,553.338,2.5473e+07,3.15235,1.79887,0,0.107943,-0.0955927,nan,-0.0593944,nan,nan,nan,nan,-0.00903866,-0.0381492,-0.0122621,nan,-0.139388,0,-0.00306497,-0.242926,nan,-0.214897,-0.0354984,-0.136397,-0.277846,-0.225889,0.200031,-0.00189647,0.633889
2074,104.757,1000,0.107004,0.208333,0,0.0602662,0.169601,0.207066,-0.0102122,5.18891,0.000113906,0.0134022,0.389019,10437.6,0.791043,0.386244,-0.4,0.25,1,554.517,2.54853e+07,4.12758,2.36183,0,0.13601,-0.125903,nan,-0.06946,nan,nan,nan,nan,-0.0100815,-0.0443908,-0.0129635,nan,-0.184372,0,-0.0016333,-0.3246,nan,-0.33011,-0.0493278,-0.201544,-0.363194,-0.2992,0.272738,-0.00250848,0.735
2075,96.4242,856.4,0.107182,0.125,0.0833333,0.0597486,0.174433,0.250886,-0.0107414,5.18068,5.0625e-05,0.0109331,0.388844,9556.44,0.895568,0.390266,-0.4,0.25,1,555.804,2.54976e+07,3.57131,2.02795,0,0.139245,-0.108174,nan,-0.07612,nan,nan,nan,nan,-0.0112714,-0.049538,-0.0149181,nan,-0.159312,0,-0.00194642,-0.28131,nan,-0.205224,-0.0466113,-0.167867,-0.312148,-0.2574,0.22641,-0.0020522,0.707
2076,102.194,955.154,0.108716,0.5,0.0416667,0.0599099,0.162698,0.231422,-0.00974777,5.1822,1e-05,0.0189451,0.388943,9783.95,0.841097,0.414838,-0.4,0.25,1,557.062,2.55099e+07,3.92648,2.297,0,0.140179,-0.120484,nan,-0.0768538,nan,nan,nan,nan,-0.0109423,-0.0493834,-0.015019,nan,-0.177698,0,-0.00608649,-0.308862,nan,-0.277837,-0.043674,-0.216063,-0.346517,-0.287154,0.253363,-0.00245968,0.699231
2077,106.337,1000,0.111592,0.208333,0,0.0573843,0.16774,0.121445,-0.0102564,5.18284,0.000113906,0.0125958,0.388902,10314.4,0.839796,0.351552,-0.4,0.25,1,558.255,2.55222e+07,4.19604,2.37797,0,0.144689,-0.124207,nan,-0.08423,nan,nan,nan,nan,-0.0101405,-0.0476599,-0.0147324,nan,-0.18357,0,-0.00175077,-0.312902,nan,-0.299656,-0.0387337,-0.242519,-0.355717,-0.2916,0.267609,-0.00224195,0.665
2078,99.6537,929.5,0.112069,0.25,0.0833333,0.0576609,0.167439,0.261676,-0.00901453,5.17869,3.375e-05,0.0129481,0.388754,8390.99,0.816016,0.648413,-0.4,0.25,1,559.721,2.55345e+07,3.81014,2.23582,0,0.144516,-0.115265,nan,-0.0913063,nan,nan,nan,nan,-0.0110719,-0.0506352,-0.0170729,nan,-0.171277,0,-0.00274577,-0.293423,nan,-0.241078,-0.0383032,-0.216661,-0.330431,-0.277875,0.243532,-0.00230113,0.5925
2079,99.576,911.867,0.108527,0.541667,0.0833333,0.0599034,0.16986,0.259192,-0.0104404,5.17601,0.000170859,0.0171907,0.388686,8665.89,0.995549,0.422425,-0.4,0.25,1,561.14,2.55468e+07,3.8572,2.15874,0,0.139061,-0.113563,nan,-0.0823667,nan,nan,nan,nan,-0.010337,-0.0472687,-0.0150233,nan,-0.168997,0,-0.00259537,-0.292669,nan,-0.248742,-0.043774,-0.187743,-0.32766,-0.274133,0.24205,-0.00219769,0.633333
2080,104.934,906.25,0.111629,0.291667,0.0416667,0.0577923,0.171113,0.197418,-0.0152534,5.16865,7.59375e-05,0.013764,0.388357,9380.07,0.841836,0.468176,-0.4,0.25,1,562.452,2.5559e+07,3.91397,2.16847,0,0.143682,-0.112836,nan,-0.0861562,nan,nan,nan,nan,-0.0108585,-0.0506744,-0.015662,nan,-0.166963,0,-0.00387053,-0.284012,nan,-0.223562,-0.038636,-0.242137,-0.326233,-0.270125,0.243075,-0.0022236,0.77875
2081,104.593,933.857,0.109554,0.25,0.0416667,0.0596817,0.175691,0.241581,-0.012091,5.15932,1e-05,0.0182023,0.388139,10186,0.83586,0.370498,-0.4,0.25,1,563.661,2.55713e+07,3.88956,2.18886,0,0.145147,-0.116215,nan,-0.0757643,nan,nan,nan,nan,-0.0115764,-0.0510571,-0.0149281,nan,-0.173018,0,-0.00317218,-0.297399,nan,-0.241039,-0.0427991,-0.186038,-0.339192,-0.282,0.248646,-0.00239511,0.803571
2082,106.741,1000,0.110278,0.291667,0,0.0582046,0.174683,0.158139,-0.0107411,5.1566,7.59375e-05,0.012017,0.388105,8381.2,0.986555,0.479583,-0.4,0.25,1,565.128,2.55836e+07,4.18719,2.40538,0,0.143937,-0.124412,nan,-0.0852643,nan,nan,nan,nan,-0.010088,-0.0483001,-0.0148006,nan,-0.183018,0,-0.00117105,-0.319676,nan,-0.304649,-0.0445315,-0.212793,-0.355308,-0.317714,0.268735,-0.0024084,0.689286
2083,111.348,1000,0.109511,0.375,0,0.0592559,0.167532,0.151883,-0.0133684,5.1493,0.000113906,0.0171563,0.387608,8727.64,0.873954,0.533986,-0.4,0.25,1,566.538,2.55959e+07,4.07855,2.3656,0,0.156057,-0.129029,nan,-0.0866889,nan,nan,nan,nan,-0.0135144,-0.0603635,-0.0179162,nan,-0.187538,0,-0.00274823,-0.323638,nan,-0.251692,-0.0482658,-0.251799,-0.374833,-0.302556,0.26673,-0.00266461,0.914444
2084,104.724,868.667,0.111454,0.0833333,0.0416667,0.0575008,0.172364,0.183814,-0.0125033,5.13901,0.000170859,0.0172334,0.387462,9492.4,0.845444,0.449065,-0.4,0.25,1,567.834,2.56082e+07,3.5454,2.06816,0,0.150451,-0.114721,nan,-0.0837667,nan,nan,nan,nan,-0.0136725,-0.0615377,-0.0173257,nan,-0.165407,0,-0.00419759,-0.294016,nan,-0.166803,-0.0427915,-0.165865,-0.334966,-0.256333,0.226834,-0.0022079,0.998333
2085,105.286,1000,0.111017,0.416667,0,0.0582268,0.174872,0.178792,-0.0146917,5.14078,0.000113906,0.0153987,0.38759,9355.81,0.901416,0.411992,-0.4,0.25,1,569.149,2.56205e+07,4.20484,2.36931,0,0.140535,-0.121728,nan,-0.07948,nan,nan,nan,nan,-0.00950143,-0.0436536,-0.0137016,nan,-0.182781,0,-0.00183554,-0.318905,nan,-0.315782,-0.0442739,-0.192446,-0.348218,-0.2925,0.267337,-0.00256565,0.592
2086,92.0314,863.909,0.111686,0.375,0.0833333,0.057741,0.17314,0.214677,-0.0156716,5.14238,0.000113906,0.0140054,0.387593,9862.73,0.818298,0.427605,-0.4,0.25,1,570.398,2.56328e+07,3.56638,2.03281,0,0.129233,-0.10849,nan,-0.0748682,nan,nan,nan,nan,-0.0106582,-0.0489564,-0.0144507,nan,-0.160011,0,-0.0056515,-0.282384,nan,-0.242079,-0.0427435,-0.209059,-0.315882,-0.262273,0.228301,-0.00219296,0.631364
2087,111.188,936.6,0.11072,0.166667,0.0416667,0.0600069,0.167497,0.196932,-0.0152904,5.13864,3.375e-05,0.0190981,0.387293,9677.69,0.86532,0.404405,-0.4,0.25,1,571.669,2.56451e+07,3.96135,2.23395,0,0.156145,-0.119784,nan,-0.08182,nan,nan,nan,nan,-0.012932,-0.0551517,-0.016114,nan,-0.173376,0,-0.00675605,-0.304394,nan,-0.210877,-0.0447341,-0.214497,-0.348434,-0.2848,0.252327,-0.00233336,0.959
