iteration,Train/mean_reward,Train/mean_episode_length,Train/mean_step_reward,Episode_Termination/time_out,Episode_Termination/fell_over,Metrics/twist/error_vel_xy,Metrics/twist/error_vel_yaw,Loss/value,Loss/surrogate,Loss/entropy,Loss/learning_rate,Loss/kl,Policy/mean_std,Perf/total_fps,Perf/collection_time,Perf/learning_time,Curriculum/action_rate_weight,Curriculum/standing_envs,Curriculum/penalty_scale,time_s,env_steps,Episode_Reward/track_linear_velocity,Episode_Reward/track_angular_velocity,Episode_Reward/upright,Episode_Reward/pose,Episode_Reward/action_rate_l2,Episode_Reward/alive,Episode_Reward/air_time,Episode_Reward/single_stance,Episode_Reward/foot_lift,Episode_Reward/foot_alternation,Episode_Reward/foot_symmetry,Episode_Reward/foot_clearance,Episode_Reward/foot_swing_height,Episode_Reward/foot_slip,Episode_Reward/trot,Episode_Reward/joint_torque,Episode_Reward/self_collisions,Episode_Reward/dof_pos_limits,Episode_Reward/body_ang_vel,Episode_Reward/angular_momentum
1,nan,nan,-0.0300082,0,0,0.17008,0.467057,0.181649,0.133865,1.67672,0.001,0,0.266667,8356.36,1.18108,0.289419,-0.1,0.02,1,1.47062,12288,nan,nan,nan,nan,nan,nan,nan,nan,nan,nan,nan,nan,nan,nan,nan,nan,nan,nan,nan,nan
2,nan,nan,0.00389124,0,0,0.0722622,0.311365,0.0375994,0.059688,1.68144,0.001,0,0.266667,9152.2,1.08594,0.256692,-0.1,0.02,1,2.8148,24576,nan,nan,nan,nan,nan,nan,nan,nan,nan,nan,nan,nan,nan,nan,nan,nan,nan,nan,nan,nan
3,nan,nan,0.00349794,0,0,0.0266214,0.124829,0.0164491,0.027196,1.68139,0.001,0,0.266664,9551.84,1.02299,0.263466,-0.1,0.02,1,4.10242,36864,nan,nan,nan,nan,nan,nan,nan,nan,nan,nan,nan,nan,nan,nan,nan,nan,nan,nan,nan,nan
4,nan,nan,0.00299403,0,0,0.0314045,0.133271,0.0150643,0.0330176,1.68146,0.001,0,0.266667,9598.59,1.02986,0.250327,-0.1,0.02,1,5.38372,49152,nan,nan,nan,nan,nan,nan,nan,nan,nan,nan,nan,nan,nan,nan,nan,nan,nan,nan,nan,nan
5,nan,nan,0.00270544,0,0,0.0588402,0.27815,0.0129257,0.0273285,1.68152,0.001,0,0.266666,9677.84,1.01619,0.253517,-0.1,0.02,1,6.65454,61440,nan,nan,nan,nan,nan,nan,nan,nan,nan,nan,nan,nan,nan,nan,nan,nan,nan,nan,nan,nan
6,nan,nan,-0.00182968,0,0,0.0296559,0.212526,0.00704194,0.0237872,1.68152,0.001,0,0.266667,9156.12,1.0715,0.270556,-0.1,0.02,1,7.9977,73728,nan,nan,nan,nan,nan,nan,nan,nan,nan,nan,nan,nan,nan,nan,nan,nan,nan,nan,nan,nan
7,nan,nan,-0.00306771,0,0,0.0121745,0.121649,0.00469039,0.0136698,1.68113,0.001,0,0.266652,9198.27,1.07678,0.259129,-0.1,0.02,1,9.33482,86016,nan,nan,nan,nan,nan,nan,nan,nan,nan,nan,nan,nan,nan,nan,nan,nan,nan,nan,nan,nan
8,nan,nan,-0.00292106,0,0,0.00819496,0.0696153,0.00391376,0.0141697,1.68094,0.001,0,0.266667,9485.36,1.04412,0.251351,-0.1,0.02,1,10.6314,98304,nan,nan,nan,nan,nan,nan,nan,nan,nan,nan,nan,nan,nan,nan,nan,nan,nan,nan,nan,nan
9,nan,nan,-0.00280106,0,0,0.00797813,0.0680782,0.00435723,0.0127059,1.68104,0.001,0,0.266667,9447.27,1.04191,0.258787,-0.1,0.02,1,11.9333,110592,nan,nan,nan,nan,nan,nan,nan,nan,nan,nan,nan,nan,nan,nan,nan,nan,nan,nan,nan,nan
10,nan,nan,-0.00236717,0,0,0.00774307,0.0590542,0.00349456,0.0046014,1.68119,0.001,0,0.266639,8572.59,1.16261,0.270792,-0.1,0.02,1,13.3679,122880,nan,nan,nan,nan,nan,nan,nan,nan,nan,nan,nan,nan,nan,nan,nan,nan,nan,nan,nan,nan
11,nan,nan,-0.00215469,0,0,0.00780913,0.0623895,0.00282765,-0.00538922,1.67768,0.001,0,0.266584,9241.79,1.07635,0.253267,-0.1,0.02,1,14.6987,135168,nan,nan,nan,nan,nan,nan,nan,nan,nan,nan,nan,nan,nan,nan,nan,nan,nan,nan,nan,nan
12,nan,nan,-0.00183342,0,0,0.00782208,0.0645566,0.00207973,-0.00462604,1.67782,0.001,0,0.266634,9312.9,1.05137,0.268091,-0.1,0.02,1,16.0194,147456,nan,nan,nan,nan,nan,nan,nan,nan,nan,nan,nan,nan,nan,nan,nan,nan,nan,nan,nan,nan
13,-0.835374,300,-0.010659,21.3333,0,0.0738166,0.307696,0.111802,0.06259,1.68048,0.001,0,0.266656,6635.23,1.56548,0.286454,-0.1,0.02,1,17.8724,159744,0,0,0.164613,0.00170335,-0.0554221,nan,0,nan,nan,nan,nan,0,nan,0,nan,-0.00447701,-0.12972,-0.0504927,nan,nan
14,nan,nan,0.00501311,0,0,0.149449,0.581142,0.0342698,0.0268155,1.68144,0.001,0,0.266666,9514.68,1.03757,0.253906,-0.1,0.02,1,19.1655,172032,nan,nan,nan,nan,nan,nan,nan,nan,nan,nan,nan,nan,nan,nan,nan,nan,nan,nan,nan,nan
15,nan,nan,0.00129185,0,0,0.0309942,0.194094,0.033482,0.0261729,1.6815,0.001,0,0.266667,9206.15,1.08037,0.254389,-0.1,0.02,1,20.5014,184320,nan,nan,nan,nan,nan,nan,nan,nan,nan,nan,nan,nan,nan,nan,nan,nan,nan,nan,nan,nan
16,nan,nan,0.00276458,0,0,0.0189071,0.125212,0.014511,0.0124858,1.68149,0.001,0,0.266667,9476.77,1.04108,0.25556,-0.1,0.02,1,21.7992,196608,nan,nan,nan,nan,nan,nan,nan,nan,nan,nan,nan,nan,nan,nan,nan,nan,nan,nan,nan,nan
17,nan,nan,0.00409184,0,0,0.0161949,0.118606,0.013572,0.0155532,1.68152,0.001,0,0.266667,9355.15,1.04881,0.264687,-0.1,0.02,1,23.1139,208896,nan,nan,nan,nan,nan,nan,nan,nan,nan,nan,nan,nan,nan,nan,nan,nan,nan,nan,nan,nan
18,nan,nan,0.0044967,0,0,0.016011,0.106331,0.00632923,0.00263532,1.68066,0.001,0,0.266609,9147.22,1.08249,0.26087,-0.1,0.02,1,24.4585,221184,nan,nan,nan,nan,nan,nan,nan,nan,nan,nan,nan,nan,nan,nan,nan,nan,nan,nan,nan,nan
19,nan,nan,0.0043021,0,0,0.0157715,0.104812,0.00511467,-0.00377798,1.6784,0.001,0,0.266612,9442.67,1.04074,0.260582,-0.1,0.02,1,25.7609,233472,nan,nan,nan,nan,nan,nan,nan,nan,nan,nan,nan,nan,nan,nan,nan,nan,nan,nan,nan,nan
20,nan,nan,0.00377117,0,0,0.020553,0.12593,0.00702419,-0.00422245,1.67813,0.001,0,0.266613,9482.41,1.04041,0.255468,-0.1,0.02,1,27.058,245760,nan,nan,nan,nan,nan,nan,nan,nan,nan,nan,nan,nan,nan,nan,nan,nan,nan,nan,nan,nan
21,nan,nan,0.00228443,0,0,0.0212735,0.1372,0.0068032,-0.00200845,1.67995,0.001,0,0.266644,9439.98,1.04704,0.254663,-0.1,0.02,1,28.361,258048,nan,nan,nan,nan,nan,nan,nan,nan,nan,nan,nan,nan,nan,nan,nan,nan,nan,nan,nan,nan
22,nan,nan,0.000918097,0,0,0.0238003,0.158464,0.00662479,0.00487433,1.6811,0.001,0,0.266667,9559.15,1.03021,0.255261,-0.1,0.02,1,29.6476,270336,nan,nan,nan,nan,nan,nan,nan,nan,nan,nan,nan,nan,nan,nan,nan,nan,nan,nan,nan,nan
23,nan,nan,-0.000346815,0,0,0.0197735,0.143621,0.00333239,0.00426985,1.68152,0.001,0,0.266667,9557.83,1.03039,0.255258,-0.1,0.02,1,30.9342,282624,nan,nan,nan,nan,nan,nan,nan,nan,nan,nan,nan,nan,nan,nan,nan,nan,nan,nan,nan,nan
24,nan,nan,-0.00129179,0,0,0.0145316,0.11499,0.00117587,0.0115196,1.68115,0.001,0,0.266651,9602.92,1.02474,0.254872,-0.1,0.02,1,32.215,294912,nan,nan,nan,nan,nan,nan,nan,nan,nan,nan,nan,nan,nan,nan,nan,nan,nan,nan,nan,nan
25,0.377061,300,-0.00183833,21.3333,0,0.0102535,0.095591,0.00100448,0.00144064,1.67752,0.001,0,0.2666,6922.36,1.52141,0.253708,-0.1,0.02,1,33.9913,307200,0,0,0.221917,0.00129961,-0.0558574,nan,0,nan,nan,nan,nan,0,nan,0,nan,-0.00461601,-0.13652,-0.0290996,nan,nan
26,nan,nan,-0.0121449,0,0,0.174902,0.675638,0.235778,0.0264083,1.67859,0.001,0,0.266631,9177.68,1.0855,0.253402,-0.1,0.02,1,35.3316,319488,nan,nan,nan,nan,nan,nan,nan,nan,nan,nan,nan,nan,nan,nan,nan,nan,nan,nan,nan,nan
27,nan,nan,0.00145029,0,0,0.078041,0.463003,0.045941,0.0235855,1.67937,0.001,0,0.266632,9513.15,1.03795,0.253731,-0.1,0.02,1,36.6244,331776,nan,nan,nan,nan,nan,nan,nan,nan,nan,nan,nan,nan,nan,nan,nan,nan,nan,nan,nan,nan
28,nan,nan,0.00441177,0,0,0.0364,0.268498,0.0209003,0.0167398,1.67974,0.001,0,0.266643,9538.02,1.034,0.254314,-0.1,0.02,1,37.9138,344064,nan,nan,nan,nan,nan,nan,nan,nan,nan,nan,nan,nan,nan,nan,nan,nan,nan,nan,nan,nan
29,nan,nan,0.00636142,0,0,0.0276868,0.240193,0.00505281,0.00555018,1.67813,0.001,0,0.266598,9401.82,1.04644,0.260539,-0.1,0.02,1,39.2218,356352,nan,nan,nan,nan,nan,nan,nan,nan,nan,nan,nan,nan,nan,nan,nan,nan,nan,nan,nan,nan
30,nan,nan,0.00665258,0,0,0.0221615,0.16896,0.00363011,0.00255163,1.6789,0.001,0,0.266608,9589.02,1.0278,0.25367,-0.1,0.02,1,40.5045,368640,nan,nan,nan,nan,nan,nan,nan,nan,nan,nan,nan,nan,nan,nan,nan,nan,nan,nan,nan,nan
31,nan,nan,0.00624906,0,0,0.0246866,0.168134,0.00770317,0.015562,1.67568,0.001,0,0.266582,9511.76,1.0328,0.259073,-0.1,0.02,1,41.7975,380928,nan,nan,nan,nan,nan,nan,nan,nan,nan,nan,nan,nan,nan,nan,nan,nan,nan,nan,nan,nan
32,nan,nan,0.00452321,0,0,0.0285559,0.177839,0.00441146,0.00822104,1.6744,0.001,0,0.266545,9286.35,1.05395,0.269283,-0.1,0.02,1,43.1218,393216,nan,nan,nan,nan,nan,nan,nan,nan,nan,nan,nan,nan,nan,nan,nan,nan,nan,nan,nan,nan
33,nan,nan,0.00188994,0,0,0.0236538,0.151693,0.00283876,0.00425461,1.67418,0.001,0,0.266603,9270.72,1.06372,0.261744,-0.1,0.02,1,44.4483,405504,nan,nan,nan,nan,nan,nan,nan,nan,nan,nan,nan,nan,nan,nan,nan,nan,nan,nan,nan,nan
34,nan,nan,0.000256964,0,0,0.0165924,0.125247,0.00248854,-0.00638103,1.67961,0.001,0,0.266667,9157.63,1.08098,0.260852,-0.1,0.02,1,45.7913,417792,nan,nan,nan,nan,nan,nan,nan,nan,nan,nan,nan,nan,nan,nan,nan,nan,nan,nan,nan,nan
35,nan,nan,-0.00041219,0,0,0.0127712,0.10508,0.00139287,0.00988555,1.68113,0.001,0,0.266667,9496.22,1.03638,0.257613,-0.1,0.02,1,47.0863,430080,nan,nan,nan,nan,nan,nan,nan,nan,nan,nan,nan,nan,nan,nan,nan,nan,nan,nan,nan,nan
36,nan,nan,-0.000497524,0,0,0.0145664,0.104512,0.00626995,0.0406626,1.68152,0.001,0,0.266667,9359.96,1.05763,0.255192,-0.1,0.02,1,48.4004,442368,nan,nan,nan,nan,nan,nan,nan,nan,nan,nan,nan,nan,nan,nan,nan,nan,nan,nan,nan,nan
37,nan,nan,-0.000685249,0,0,0.0133929,0.106731,0.00144889,0.0065834,1.68152,0.001,0,0.266667,9423.21,1.0524,0.251612,-0.1,0.02,1,49.7054,454656,nan,nan,nan,nan,nan,nan,nan,nan,nan,nan,nan,nan,nan,nan,nan,nan,nan,nan,nan,nan
38,0.424478,300,-0.00661987,21.3333,0,0.0877222,0.358554,0.0658082,0.0742787,1.68152,0.001,0,0.266667,6806.6,1.55538,0.249931,-0.1,0.02,1,51.5118,466944,0,0,0.238733,0.00114516,-0.0559979,nan,0,nan,nan,nan,nan,0,nan,0,nan,-0.00450856,-0.101758,-0.0228427,nan,nan
39,nan,nan,0.0061398,0,0,0.158399,0.723818,0.0610426,0.0259687,1.68152,0.001,0,0.266667,9510.84,1.02903,0.262973,-0.1,0.02,1,52.8051,479232,nan,nan,nan,nan,nan,nan,nan,nan,nan,nan,nan,nan,nan,nan,nan,nan,nan,nan,nan,nan
40,nan,nan,0.00352369,0,0,0.0345458,0.267628,0.0253769,0.0174526,1.68152,0.001,0,0.266667,9515.5,1.02627,0.265101,-0.1,0.02,1,54.0976,491520,nan,nan,nan,nan,nan,nan,nan,nan,nan,nan,nan,nan,nan,nan,nan,nan,nan,nan,nan,nan
41,nan,nan,0.00605924,0,0,0.0210918,0.160373,0.0226585,0.0225683,1.68129,0.001,0,0.266651,9383.82,1.05959,0.249902,-0.1,0.02,1,55.4083,503808,nan,nan,nan,nan,nan,nan,nan,nan,nan,nan,nan,nan,nan,nan,nan,nan,nan,nan,nan,nan
42,nan,nan,0.0080558,0,0,0.0188219,0.141863,0.0028918,0.0191745,1.68026,0.001,0,0.266648,9298.53,1.04004,0.281463,-0.1,0.02,1,56.7309,516096,nan,nan,nan,nan,nan,nan,nan,nan,nan,nan,nan,nan,nan,nan,nan,nan,nan,nan,nan,nan
43,nan,nan,0.00894105,0,0,0.0159204,0.109774,0.00201628,0.00261646,1.6776,0.001,0,0.266499,8856.91,1.08106,0.306332,-0.1,0.02,1,58.1196,528384,nan,nan,nan,nan,nan,nan,nan,nan,nan,nan,nan,nan,nan,nan,nan,nan,nan,nan,nan,nan
44,nan,nan,0.00956432,0,0,0.0159555,0.108452,0.00216736,-0.00120665,1.66534,0.001,0,0.26636,9391.92,1.02952,0.278841,-0.1,0.02,1,59.4291,540672,nan,nan,nan,nan,nan,nan,nan,nan,nan,nan,nan,nan,nan,nan,nan,nan,nan,nan,nan,nan
45,nan,nan,0.0098898,0,0,0.0150215,0.101333,0.00176443,-0.00109998,1.65456,0.001,0,0.266109,9202.82,1.08347,0.251775,-0.1,0.02,1,60.7658,552960,nan,nan,nan,nan,nan,nan,nan,nan,nan,nan,nan,nan,nan,nan,nan,nan,nan,nan,nan,nan
46,nan,nan,0.0102228,0,0,0.0152881,0.103717,0.00233475,0.00595188,1.64767,0.001,0,0.266198,9523.61,1.03825,0.252017,-0.1,0.02,1,62.0572,565248,nan,nan,nan,nan,nan,nan,nan,nan,nan,nan,nan,nan,nan,nan,nan,nan,nan,nan,nan,nan
47,nan,nan,0.0102211,0,0,0.0157086,0.0988867,0.00326301,0.015057,1.65645,0.001,0,0.266291,9648.88,1.0212,0.252313,-0.1,0.02,1,63.3317,577536,nan,nan,nan,nan,nan,nan,nan,nan,nan,nan,nan,nan,nan,nan,nan,nan,nan,nan,nan,nan
48,nan,nan,0.00996626,0,0,0.0163037,0.101241,0.00300169,-0.00498207,1.65337,0.001,0,0.26619,9612.03,1.02649,0.25191,-0.1,0.02,1,64.6113,589824,nan,nan,nan,nan,nan,nan,nan,nan,nan,nan,nan,nan,nan,nan,nan,nan,nan,nan,nan,nan
49,nan,nan,0.0094198,0,0,0.0167337,0.104196,0.00213981,0.00320538,1.65418,0.001,0,0.266306,9345.65,1.06227,0.252564,-0.1,0.02,1,65.9271,602112,nan,nan,nan,nan,nan,nan,nan,nan,nan,nan,nan,nan,nan,nan,nan,nan,nan,nan,nan,nan
50,2.27359,300,0.00898049,21.3333,0,0.0144651,0.102987,0.0019883,-0.00275174,1.65329,0.001,0,0.266042,6781.57,1.55986,0.25211,-0.1,0.02,1,67.7405,614400,0,0,0.447411,0.00103704,-0.0558282,nan,0,nan,nan,nan,nan,0,nan,0,nan,-0.00441075,-0.0723145,-0.0406632,nan,nan
51,nan,nan,-0.00282017,0,0,0.197698,0.72267,0.0846681,0.0291784,1.64279,0.001,0,0.266262,8878.72,1.11783,0.266156,-0.1,0.02,1,69.1258,626688,nan,nan,nan,nan,nan,nan,nan,nan,nan,nan,nan,nan,nan,nan,nan,nan,nan,nan,nan,nan
52,nan,nan,0.00469567,0,0,0.0490882,0.344209,0.0303806,0.0159222,1.66262,0.001,0,0.266463,8827.08,1.04517,0.346911,-0.1,0.02,1,70.5189,638976,nan,nan,nan,nan,nan,nan,nan,nan,nan,nan,nan,nan,nan,nan,nan,nan,nan,nan,nan,nan
53,nan,nan,0.00717371,0,0,0.0243823,0.201783,0.00552261,-0.0041816,1.67253,0.001,0,0.266498,9618.33,1.02659,0.250967,-0.1,0.02,1,71.7976,651264,nan,nan,nan,nan,nan,nan,nan,nan,nan,nan,nan,nan,nan,nan,nan,nan,nan,nan,nan,nan
54,nan,nan,0.0094346,0,0,0.0156253,0.112844,0.00187797,-0.000698899,1.66467,0.001,0,0.266309,9294.75,1.06368,0.258356,-0.1,0.02,1,73.1207,663552,nan,nan,nan,nan,nan,nan,nan,nan,nan,nan,nan,nan,nan,nan,nan,nan,nan,nan,nan,nan
55,nan,nan,0.0103296,0,0,0.0127189,0.095809,0.00145232,-0.00395731,1.65997,0.001,0,0.266401,9656.27,1.00466,0.26788,-0.1,0.02,1,74.3944,675840,nan,nan,nan,nan,nan,nan,nan,nan,nan,nan,nan,nan,nan,nan,nan,nan,nan,nan,nan,nan
56,nan,nan,0.0107916,0,0,0.0122897,0.0907406,0.00118487,-0.00206782,1.65924,0.001,0,0.266272,9436.76,1.02738,0.274759,-0.1,0.02,1,75.6976,688128,nan,nan,nan,nan,nan,nan,nan,nan,nan,nan,nan,nan,nan,nan,nan,nan,nan,nan,nan,nan
57,nan,nan,0.0110485,0,0,0.0129775,0.106463,0.00121105,0.00043328,1.65465,0.001,0,0.266268,9646.54,1.00458,0.269247,-0.1,0.02,1,76.9726,700416,nan,nan,nan,nan,nan,nan,nan,nan,nan,nan,nan,nan,nan,nan,nan,nan,nan,nan,nan,nan
58,nan,nan,0.0112061,0,0,0.0131604,0.0985129,0.00120143,-0.00938772,1.65746,0.001,0,0.2663,9577.88,1.02217,0.260781,-0.1,0.02,1,78.2567,712704,nan,nan,nan,nan,nan,nan,nan,nan,nan,nan,nan,nan,nan,nan,nan,nan,nan,nan,nan,nan
59,nan,nan,0.0114091,0,0,0.0137618,0.0978024,0.00195655,-0.00139222,1.65144,0.001,0,0.266162,9781.2,0.995061,0.261227,-0.1,0.02,1,79.5141,724992,nan,nan,nan,nan,nan,nan,nan,nan,nan,nan,nan,nan,nan,nan,nan,nan,nan,nan,nan,nan
60,nan,nan,0.0116481,0,0,0.0145208,0.096284,0.00293565,-0.00413219,1.64706,0.001,0,0.266194,9818.18,0.978943,0.272612,-0.1,0.02,1,80.7668,737280,nan,nan,nan,nan,nan,nan,nan,nan,nan,nan,nan,nan,nan,nan,nan,nan,nan,nan,nan,nan
61,nan,nan,0.0117079,0,0,0.0150077,0.0967673,0.00294978,0.00816181,1.65075,0.001,0,0.266136,9380.54,1.03682,0.273125,-0.1,0.02,1,82.0779,749568,nan,nan,nan,nan,nan,nan,nan,nan,nan,nan,nan,nan,nan,nan,nan,nan,nan,nan,nan,nan
62,nan,nan,0.0114305,0,0,0.0207413,0.107658,0.00521067,-0.000760996,1.64703,0.001,0,0.266317,9389.22,1.05085,0.257887,-0.1,0.02,1,83.3878,761856,nan,nan,nan,nan,nan,nan,nan,nan,nan,nan,nan,nan,nan,nan,nan,nan,nan,nan,nan,nan
63,2.71561,300,0.000749809,21.3333,0,0.091461,0.413397,0.0618375,0.0362115,1.66281,0.001,0,0.266482,6761.72,1.5556,0.261692,-0.1,0.02,1,85.2062,774144,0,0,0.525181,0.00114349,-0.0552923,nan,0,nan,nan,nan,nan,0,nan,0,nan,-0.00431776,-0.0461458,-0.0540367,nan,nan
64,nan,nan,0.00726815,0,0,0.160164,0.755001,0.0480607,0.0316865,1.6709,0.001,0,0.266582,9613.9,1.0141,0.264051,-0.1,0.02,1,86.4856,786432,nan,nan,nan,nan,nan,nan,nan,nan,nan,nan,nan,nan,nan,nan,nan,nan,nan,nan,nan,nan
65,nan,nan,0.00507392,0,0,0.0343255,0.263839,0.0258982,0.0101273,1.67696,0.001,0,0.266613,9089.24,1.03672,0.315208,-0.1,0.02,1,87.8386,798720,nan,nan,nan,nan,nan,nan,nan,nan,nan,nan,nan,nan,nan,nan,nan,nan,nan,nan,nan,nan
66,nan,nan,0.00890291,0,0,0.0237367,0.191076,0.017539,0.0213089,1.68014,0.001,0,0.266667,9395.39,1.04585,0.26203,-0.1,0.02,1,89.1476,811008,nan,nan,nan,nan,nan,nan,nan,nan,nan,nan,nan,nan,nan,nan,nan,nan,nan,nan,nan,nan
67,nan,nan,0.0110567,0,0,0.0197793,0.140775,0.0117007,0.01368,1.68152,0.001,0,0.266667,9820.23,0.988157,0.263137,-0.1,0.02,1,90.3999,823296,nan,nan,nan,nan,nan,nan,nan,nan,nan,nan,nan,nan,nan,nan,nan,nan,nan,nan,nan,nan
68,nan,nan,0.0115808,0,0,0.0154802,0.111213,0.00228307,0.00801746,1.68132,0.001,0,0.266656,9434.25,1.02469,0.277802,-0.1,0.02,1,91.7035,835584,nan,nan,nan,nan,nan,nan,nan,nan,nan,nan,nan,nan,nan,nan,nan,nan,nan,nan,nan,nan
69,nan,nan,0.0118865,0,0,0.0154715,0.111957,0.00148441,0.00125514,1.67667,0.001,0,0.266519,9205.4,1.04177,0.293103,-0.1,0.02,1,93.0394,847872,nan,nan,nan,nan,nan,nan,nan,nan,nan,nan,nan,nan,nan,nan,nan,nan,nan,nan,nan,nan
70,nan,nan,0.0120483,0,0,0.0155466,0.109667,0.00147706,0.000382459,1.67205,0.001,0,0.266588,9720.94,1.00118,0.26289,-0.1,0.02,1,94.3047,860160,nan,nan,nan,nan,nan,nan,nan,nan,nan,nan,nan,nan,nan,nan,nan,nan,nan,nan,nan,nan
71,nan,nan,0.0122715,0,0,0.0160653,0.107297,0.00196718,0.00253974,1.67564,0.001,0,0.266583,9689.31,1.00234,0.265862,-0.1,0.02,1,95.574,872448,nan,nan,nan,nan,nan,nan,nan,nan,nan,nan,nan,nan,nan,nan,nan,nan,nan,nan,nan,nan
72,nan,nan,0.0122424,0,0,0.01608,0.104286,0.00272658,0.00189136,1.6713,0.001,0,0.266401,9286.04,1.03044,0.292832,-0.1,0.02,1,96.8984,884736,nan,nan,nan,nan,nan,nan,nan,nan,nan,nan,nan,nan,nan,nan,nan,nan,nan,nan,nan,nan
73,nan,nan,0.0120606,0,0,0.0168515,0.0978642,0.00210737,0.00120701,1.65722,0.001,0,0.266195,9302.42,1.04631,0.274637,-0.1,0.02,1,98.2205,897024,nan,nan,nan,nan,nan,nan,nan,nan,nan,nan,nan,nan,nan,nan,nan,nan,nan,nan,nan,nan
74,nan,nan,0.0115613,0,0,0.0163387,0.0982462,0.00202075,-0.00732234,1.65395,0.001,0,0.266297,9975.92,0.972616,0.259151,-0.1,0.02,1,99.4536,909312,nan,nan,nan,nan,nan,nan,nan,nan,nan,nan,nan,nan,nan,nan,nan,nan,nan,nan,nan,nan
75,2.93763,300,0.0107936,21.3333,0,0.0177348,0.104155,0.00179196,-0.00297991,1.66243,0.001,0,0.266454,6985.74,1.49091,0.268106,-0.1,0.02,1,101.214,921600,0,0,0.525999,0.000916981,-0.0558857,nan,0,nan,nan,nan,nan,0,nan,0,nan,-0.00438105,-0.0641602,-0.0527621,nan,nan
76,nan,nan,-0.00221175,0,0,0.189613,0.717521,0.0859413,0.0248776,1.67602,0.001,0,0.266666,8857.84,1.08609,0.301154,-0.1,0.02,1,102.602,933888,nan,nan,nan,nan,nan,nan,nan,nan,nan,nan,nan,nan,nan,nan,nan,nan,nan,nan,nan,nan
77,nan,nan,0.00797307,0,0,0.0657726,0.417641,0.0215422,0.0115717,1.68121,0.001,0,0.26665,9139.25,1.06885,0.275676,-0.1,0.02,1,103.948,946176,nan,nan,nan,nan,nan,nan,nan,nan,nan,nan,nan,nan,nan,nan,nan,nan,nan,nan,nan,nan
78,nan,nan,0.0112071,0,0,0.0303767,0.249691,0.00662247,0.00431119,1.67908,0.001,0,0.266584,9744.66,0.991387,0.269612,-0.1,0.02,1,105.21,958464,nan,nan,nan,nan,nan,nan,nan,nan,nan,nan,nan,nan,nan,nan,nan,nan,nan,nan,nan,nan
79,nan,nan,0.0126298,0,0,0.0177916,0.144458,0.00302441,-0.000401955,1.67358,0.001,0,0.266534,9762.63,0.994793,0.263884,-0.1,0.02,1,106.47,970752,nan,nan,nan,nan,nan,nan,nan,nan,nan,nan,nan,nan,nan,nan,nan,nan,nan,nan,nan,nan
80,nan,nan,0.0132767,0,0,0.0151988,0.114951,0.00174554,0.00354886,1.6702,0.001,0,0.266482,9590.9,1.01699,0.264222,-0.1,0.02,1,107.752,983040,nan,nan,nan,nan,nan,nan,nan,nan,nan,nan,nan,nan,nan,nan,nan,nan,nan,nan,nan,nan
81,nan,nan,0.0135739,0,0,0.0134846,0.100828,0.00119773,0.000153479,1.6678,0.001,0,0.266495,9305.78,1.04301,0.277458,-0.1,0.02,1,109.074,995328,nan,nan,nan,nan,nan,nan,nan,nan,nan,nan,nan,nan,nan,nan,nan,nan,nan,nan,nan,nan
82,nan,nan,0.0138404,0,0,0.0134848,0.104496,0.00102272,-0.00068215,1.66677,0.001,0,0.26639,9131.45,1.01163,0.334044,-0.1,0.02,1,110.421,1.00762e+06,nan,nan,nan,nan,nan,nan,nan,nan,nan,nan,nan,nan,nan,nan,nan,nan,nan,nan,nan,nan
83,nan,nan,0.0139321,0,0,0.0139047,0.108578,0.000900988,-0.00431763,1.66589,0.001,0,0.266429,8731.73,1.12292,0.284365,-0.1,0.02,1,111.829,1.0199e+06,nan,nan,nan,nan,nan,nan,nan,nan,nan,nan,nan,nan,nan,nan,nan,nan,nan,nan,nan,nan
84,nan,nan,0.0139937,0,0,0.0142244,0.105749,0.00119534,-0.00519727,1.65809,0.001,0,0.266212,9194.04,1.05997,0.276547,-0.1,0.02,1,113.167,1.03219e+06,nan,nan,nan,nan,nan,nan,nan,nan,nan,nan,nan,nan,nan,nan,nan,nan,nan,nan,nan,nan
85,nan,nan,0.0140759,0,0,0.0139693,0.097568,0.00101202,-0.00119651,1.65218,0.001,0,0.266307,9099.94,1.07056,0.279775,-0.1,0.02,1,114.519,1.04448e+06,nan,nan,nan,nan,nan,nan,nan,nan,nan,nan,nan,nan,nan,nan,nan,nan,nan,nan,nan,nan
86,nan,nan,0.0141892,0,0,0.0139534,0.0950666,0.00144218,-0.00283122,1.66329,0.001,0,0.266555,9526.91,1.0168,0.273016,-0.1,0.02,1,115.809,1.05677e+06,nan,nan,nan,nan,nan,nan,nan,nan,nan,nan,nan,nan,nan,nan,nan,nan,nan,nan,nan,nan
87,nan,nan,0.0142501,0,0,0.014793,0.102042,0.00163274,-0.00588282,1.6743,0.001,0,0.266491,9228,1.0434,0.288203,-0.1,0.02,1,117.142,1.06906e+06,nan,nan,nan,nan,nan,nan,nan,nan,nan,nan,nan,nan,nan,nan,nan,nan,nan,nan,nan,nan
88,3.54773,300,0.00034246,21.3333,0,0.0875604,0.372134,0.0483418,0.0167016,1.6699,0.001,0,0.266494,6144.42,1.71476,0.285109,-0.1,0.02,1,119.143,1.08134e+06,0,0,0.593695,0.000776019,-0.0556798,nan,0,nan,nan,nan,nan,0,nan,0,nan,-0.00452071,-0.060625,-0.0466202,nan,nan
89,nan,nan,0.00767159,0,0,0.172881,0.684638,0.0344989,0.0161659,1.67362,0.001,0,0.266596,9516.53,1.02472,0.266503,-0.1,0.02,1,120.436,1.09363e+06,nan,nan,nan,nan,nan,nan,nan,nan,nan,nan,nan,nan,nan,nan,nan,nan,nan,nan,nan,nan
90,nan,nan,0.00421219,0,0,0.0355086,0.260874,0.0182774,0.0221512,1.67923,0.001,0,0.266606,9688.11,1.00599,0.262369,-0.1,0.02,1,121.705,1.10592e+06,nan,nan,nan,nan,nan,nan,nan,nan,nan,nan,nan,nan,nan,nan,nan,nan,nan,nan,nan,nan
91,nan,nan,0.0072039,0,0,0.0268588,0.244284,0.0235975,0.0228845,1.67828,0.001,0,0.266661,8981.35,1.0322,0.335972,-0.1,0.02,1,123.075,1.11821e+06,nan,nan,nan,nan,nan,nan,nan,nan,nan,nan,nan,nan,nan,nan,nan,nan,nan,nan,nan,nan
92,nan,nan,0.0106857,0,0,0.0229525,0.241097,0.00514547,0.00877128,1.68145,0.001,0,0.266667,9352.01,1.01874,0.295203,-0.1,0.02,1,124.39,1.1305e+06,nan,nan,nan,nan,nan,nan,nan,nan,nan,nan,nan,nan,nan,nan,nan,nan,nan,nan,nan,nan
93,nan,nan,0.0120494,0,0,0.0168261,0.156393,0.00158559,0.00554958,1.68096,0.001,0,0.266651,8569.5,1.15037,0.283557,-0.1,0.02,1,125.825,1.14278e+06,nan,nan,nan,nan,nan,nan,nan,nan,nan,nan,nan,nan,nan,nan,nan,nan,nan,nan,nan,nan
94,nan,nan,0.0123706,0,0,0.0154314,0.141559,0.000812205,0.000119919,1.67271,0.001,0,0.266379,9691.89,0.990671,0.277193,-0.1,0.02,1,127.094,1.15507e+06,nan,nan,nan,nan,nan,nan,nan,nan,nan,nan,nan,nan,nan,nan,nan,nan,nan,nan,nan,nan
95,nan,nan,0.0124875,0,0,0.0135385,0.109177,0.000847423,-9.27985e-05,1.65959,0.001,0,0.266313,9164.57,1.06288,0.277935,-0.1,0.02,1,128.436,1.16736e+06,nan,nan,nan,nan,nan,nan,nan,nan,nan,nan,nan,nan,nan,nan,nan,nan,nan,nan,nan,nan
96,nan,nan,0.0127986,0,0,0.0141765,0.125559,0.0010288,0.0109184,1.66109,0.001,0,0.266387,9141.63,1.04109,0.303092,-0.1,0.02,1,129.781,1.17965e+06,nan,nan,nan,nan,nan,nan,nan,nan,nan,nan,nan,nan,nan,nan,nan,nan,nan,nan,nan,nan
97,nan,nan,0.0132426,0,0,0.0130483,0.104827,0.000976296,-0.00465235,1.66732,0.001,0,0.266434,9431.94,1.02558,0.277227,-0.1,0.02,1,131.088,1.19194e+06,nan,nan,nan,nan,nan,nan,nan,nan,nan,nan,nan,nan,nan,nan,nan,nan,nan,nan,nan,nan
98,nan,nan,0.0136815,0,0,0.0129587,0.106535,0.000939132,0.00353405,1.66362,0.001,0,0.266287,9286.89,1.00894,0.314211,-0.1,0.02,1,132.412,1.20422e+06,nan,nan,nan,nan,nan,nan,nan,nan,nan,nan,nan,nan,nan,nan,nan,nan,nan,nan,nan,nan
99,nan,nan,0.0139607,0,0,0.0126662,0.103408,0.00126449,-0.00303287,1.65811,0.001,0,0.266385,8404.63,1.16357,0.298479,-0.1,0.02,1,133.876,1.21651e+06,nan,nan,nan,nan,nan,nan,nan,nan,nan,nan,nan,nan,nan,nan,nan,nan,nan,nan,nan,nan
100,3.06974,300,0.0142909,21.3333,0,0.0129784,0.107514,0.00145748,0.0122244,1.66713,0.001,0,0.266475,6911.42,1.50493,0.272999,-0.1,0.02,1,135.655,1.2288e+06,0,0,0.581321,0.000778159,-0.0561241,nan,0,nan,nan,nan,nan,0,nan,0,nan,-0.00477455,-0.114652,-0.0474278,nan,nan
101,nan,nan,-0.00262023,0,0,0.207861,0.714238,0.0615723,0.0218129,1.67073,0.001,0,0.266569,9366.78,1.03994,0.271932,-0.1,0.02,1,136.971,1.24109e+06,nan,nan,nan,nan,nan,nan,nan,nan,nan,nan,nan,nan,nan,nan,nan,nan,nan,nan,nan,nan
102,nan,nan,0.0101487,0,0,0.0694807,0.44258,0.018837,0.00881599,1.67901,0.001,0,0.26665,9177.86,1.05442,0.284458,-0.1,0.02,1,138.311,1.25338e+06,nan,nan,nan,nan,nan,nan,nan,nan,nan,nan,nan,nan,nan,nan,nan,nan,nan,nan,nan,nan
103,nan,nan,0.0123044,0,0,0.0188821,0.163976,0.00272805,0.00577298,1.68081,0.001,0,0.266663,9169.88,1.05827,0.281773,-0.1,0.02,1,139.652,1.26566e+06,nan,nan,nan,nan,nan,nan,nan,nan,nan,nan,nan,nan,nan,nan,nan,nan,nan,nan,nan,nan
104,nan,nan,0.0129309,0,0,0.0144462,0.146881,0.00138192,0.00286077,1.67836,0.001,0,0.266613,9467.38,1.02882,0.269112,-0.1,0.02,1,140.951,1.27795e+06,nan,nan,nan,nan,nan,nan,nan,nan,nan,nan,nan,nan,nan,nan,nan,nan,nan,nan,nan,nan
105,nan,nan,0.0135961,0,0,0.012041,0.12832,0.00139098,0.00129256,1.67733,0.001,0,0.266639,9219.46,1.03006,0.302776,-0.1,0.02,1,142.285,1.29024e+06,nan,nan,nan,nan,nan,nan,nan,nan,nan,nan,nan,nan,nan,nan,nan,nan,nan,nan,nan,nan
106,nan,nan,0.0142281,0,0,0.0111903,0.12088,0.00135274,-0.00247333,1.68061,0.001,0,0.26664,8035.03,1.19096,0.338349,-0.1,0.02,1,143.815,1.30253e+06,nan,nan,nan,nan,nan,nan,nan,nan,nan,nan,nan,nan,nan,nan,nan,nan,nan,nan,nan,nan
107,nan,nan,0.0148568,0,0,0.0112605,0.121368,0.00172112,0.0147458,1.67925,0.001,0,0.266627,8630.98,1.14603,0.277681,-0.1,0.02,1,145.24,1.31482e+06,nan,nan,nan,nan,nan,nan,nan,nan,nan,nan,nan,nan,nan,nan,nan,nan,nan,nan,nan,nan
108,nan,nan,0.0156558,0,0,0.0122899,0.134443,0.0018483,-0.000969361,1.67918,0.001,0,0.266614,9719.91,0.996452,0.267757,-0.1,0.02,1,146.506,1.3271e+06,nan,nan,nan,nan,nan,nan,nan,nan,nan,nan,nan,nan,nan,nan,nan,nan,nan,nan,nan,nan
109,nan,nan,0.0167358,0,0,0.0134356,0.1551,0.00165162,0.00917892,1.67891,0.001,0,0.266653,9634.62,1.01409,0.261313,-0.1,0.02,1,147.782,1.33939e+06,nan,nan,nan,nan,nan,nan,nan,nan,nan,nan,nan,nan,nan,nan,nan,nan,nan,nan,nan,nan
110,nan,nan,0.0176745,0,0,0.0127847,0.149934,0.00154101,0.000524885,1.67717,0.001,0,0.266535,8994.19,1.04553,0.320685,-0.1,0.02,1,149.149,1.35168e+06,nan,nan,nan,nan,nan,nan,nan,nan,nan,nan,nan,nan,nan,nan,nan,nan,nan,nan,nan,nan
111,nan,nan,0.0180675,0,0,0.0119295,0.130543,0.00182533,0.00526027,1.67411,0.001,0,0.266533,9898.13,0.977784,0.263662,-0.1,0.02,1,150.392,1.36397e+06,nan,nan,nan,nan,nan,nan,nan,nan,nan,nan,nan,nan,nan,nan,nan,nan,nan,nan,nan,nan
112,nan,nan,0.0180425,0,0,0.0113192,0.119882,0.00185959,-0.0048434,1.66556,0.001,0,0.26633,9965.48,0.967664,0.265392,-0.1,0.02,1,151.626,1.37626e+06,nan,nan,nan,nan,nan,nan,nan,nan,nan,nan,nan,nan,nan,nan,nan,nan,nan,nan,nan,nan
113,4.09792,300,-0.00257208,21.3333,0,0.0838671,0.400409,0.0275023,0.0216962,1.6565,0.001,0,0.266305,6136.08,1.72911,0.273468,-0.1,0.02,1,153.63,1.38854e+06,0,0,0.744312,0.00097201,-0.0556297,nan,0,nan,nan,nan,nan,0,nan,0,nan,-0.00447496,-0.0651855,-0.0666184,nan,nan
114,nan,nan,0.00833218,0,0,0.182063,0.845785,0.0538947,0.0333847,1.65815,0.001,0,0.266364,9602.17,1.00017,0.279538,-0.1,0.02,1,154.911,1.40083e+06,nan,nan,nan,nan,nan,nan,nan,nan,nan,nan,nan,nan,nan,nan,nan,nan,nan,nan,nan,nan
115,nan,nan,0.00872515,0,0,0.0519988,0.425155,0.015635,0.0291925,1.66132,0.001,0,0.266396,9873.62,0.982671,0.261857,-0.1,0.02,1,156.156,1.41312e+06,nan,nan,nan,nan,nan,nan,nan,nan,nan,nan,nan,nan,nan,nan,nan,nan,nan,nan,nan,nan
116,nan,nan,0.0108903,0,0,0.0217326,0.181192,0.00280884,0.00748646,1.66333,0.001,0,0.26643,9564.27,0.983076,0.301705,-0.1,0.02,1,157.442,1.42541e+06,nan,nan,nan,nan,nan,nan,nan,nan,nan,nan,nan,nan,nan,nan,nan,nan,nan,nan,nan,nan
117,nan,nan,0.0115822,0,0,0.0144548,0.135357,0.00173459,0.00896635,1.67061,0.001,0,0.266618,9171.16,1.066,0.273852,-0.1,0.02,1,158.783,1.4377e+06,nan,nan,nan,nan,nan,nan,nan,nan,nan,nan,nan,nan,nan,nan,nan,nan,nan,nan,nan,nan
118,nan,nan,0.0127353,0,0,0.0148452,0.170277,0.00292742,0.0200601,1.6807,0.001,0,0.266653,9489.91,1.02438,0.27047,-0.1,0.02,1,160.079,1.44998e+06,nan,nan,nan,nan,nan,nan,nan,nan,nan,nan,nan,nan,nan,nan,nan,nan,nan,nan,nan,nan
119,nan,nan,0.0141971,0,0,0.0149497,0.173495,0.00205962,0.00713235,1.67885,0.001,0,0.266577,9698.33,0.999837,0.267186,-0.1,0.02,1,161.347,1.46227e+06,nan,nan,nan,nan,nan,nan,nan,nan,nan,nan,nan,nan,nan,nan,nan,nan,nan,nan,nan,nan
120,nan,nan,0.0146948,0,0,0.0138773,0.161362,0.0024036,0.00620502,1.67768,0.001,0,0.266654,9007.7,1.05584,0.308327,-0.1,0.02,1,162.713,1.47456e+06,nan,nan,nan,nan,nan,nan,nan,nan,nan,nan,nan,nan,nan,nan,nan,nan,nan,nan,nan,nan
121,nan,nan,0.0147196,0,0,0.0142697,0.15863,0.00217538,0.0125224,1.68037,0.001,0,0.266649,9588.33,1.01486,0.266694,-0.1,0.02,1,163.996,1.48685e+06,nan,nan,nan,nan,nan,nan,nan,nan,nan,nan,nan,nan,nan,nan,nan,nan,nan,nan,nan,nan
122,nan,nan,0.0148333,0,0,0.0137915,0.140975,0.0012847,0.00157345,1.67734,0.001,0,0.266521,9837.09,0.984855,0.264295,-0.1,0.02,1,165.246,1.49914e+06,nan,nan,nan,nan,nan,nan,nan,nan,nan,nan,nan,nan,nan,nan,nan,nan,nan,nan,nan,nan
123,nan,nan,0.0145373,0,0,0.0135351,0.136302,0.00373332,0.0121829,1.67008,0.001,0,0.266535,9866.79,0.975126,0.270264,-0.1,0.02,1,166.492,1.51142e+06,nan,nan,nan,nan,nan,nan,nan,nan,nan,nan,nan,nan,nan,nan,nan,nan,nan,nan,nan,nan
124,nan,nan,0.0143677,0,0,0.0149883,0.153726,0.00211895,0.00274982,1.67597,0.001,0,0.266613,8904.3,1.06495,0.315062,-0.1,0.02,1,167.873,1.52371e+06,nan,nan,nan,nan,nan,nan,nan,nan,nan,nan,nan,nan,nan,nan,nan,nan,nan,nan,nan,nan
125,3.4308,300,0.0150331,21.3333,0,0.0149061,0.15244,0.00182384,0.00424807,1.67728,0.001,0,0.266533,6539.13,1.59793,0.281214,-0.1,0.02,1,169.754,1.536e+06,0,0,0.678376,0.00072728,-0.0562442,nan,0,nan,nan,nan,nan,0,nan,0,nan,-0.00453018,-0.0768652,-0.102107,nan,nan
126,nan,nan,-0.00313572,0,0,0.21913,0.815149,0.0381517,0.0122849,1.67632,0.001,0,0.266652,9298.76,1.04607,0.275393,-0.1,0.02,1,171.077,1.54829e+06,nan,nan,nan,nan,nan,nan,nan,nan,nan,nan,nan,nan,nan,nan,nan,nan,nan,nan,nan,nan
127,nan,nan,0.00939127,0,0,0.0894878,0.628608,0.0152838,0.0177402,1.68141,0.001,0,0.266667,9326.03,1.02084,0.296761,-0.1,0.02,1,172.395,1.56058e+06,nan,nan,nan,nan,nan,nan,nan,nan,nan,nan,nan,nan,nan,nan,nan,nan,nan,nan,nan,nan
128,nan,nan,0.012435,0,0,0.0292311,0.256847,0.00266845,0.00928964,1.68146,0.001,0,0.266661,9352.29,1.03767,0.276235,-0.1,0.02,1,173.71,1.57286e+06,nan,nan,nan,nan,nan,nan,nan,nan,nan,nan,nan,nan,nan,nan,nan,nan,nan,nan,nan,nan
129,nan,nan,0.0140018,0,0,0.024874,0.261551,0.00442094,0.0179446,1.68146,0.001,0,0.266667,9316.41,1.04607,0.272894,-0.1,0.02,1,175.03,1.58515e+06,nan,nan,nan,nan,nan,nan,nan,nan,nan,nan,nan,nan,nan,nan,nan,nan,nan,nan,nan,nan
130,nan,nan,0.0141721,0,0,0.0245511,0.226481,0.00238999,0.00644692,1.68143,0.001,0,0.266657,9727.08,0.998202,0.265076,-0.1,0.02,1,176.295,1.59744e+06,nan,nan,nan,nan,nan,nan,nan,nan,nan,nan,nan,nan,nan,nan,nan,nan,nan,nan,nan,nan
131,nan,nan,0.0135881,0,0,0.0178682,0.174316,0.00238044,0.0176337,1.68091,0.001,0,0.266659,8622.18,1.12642,0.298742,-0.1,0.02,1,177.721,1.60973e+06,nan,nan,nan,nan,nan,nan,nan,nan,nan,nan,nan,nan,nan,nan,nan,nan,nan,nan,nan,nan
132,nan,nan,0.0135631,0,0,0.0149381,0.155383,0.00215796,0.00253878,1.68036,0.001,0,0.266638,9521.97,1.01497,0.275521,-0.1,0.02,1,179.013,1.62202e+06,nan,nan,nan,nan,nan,nan,nan,nan,nan,nan,nan,nan,nan,nan,nan,nan,nan,nan,nan,nan
133,nan,nan,0.0142228,0,0,0.0132109,0.133146,0.00185181,0.00167016,1.67962,0.001,0,0.266624,9591.78,1.01247,0.268628,-0.1,0.02,1,180.295,1.6343e+06,nan,nan,nan,nan,nan,nan,nan,nan,nan,nan,nan,nan,nan,nan,nan,nan,nan,nan,nan,nan
134,nan,nan,0.0160031,0,0,0.0120859,0.12478,0.00142624,0.0148584,1.67815,0.001,0,0.266641,9561.7,1.01107,0.274053,-0.1,0.02,1,181.581,1.64659e+06,nan,nan,nan,nan,nan,nan,nan,nan,nan,nan,nan,nan,nan,nan,nan,nan,nan,nan,nan,nan
135,nan,nan,0.0171991,0,0,0.0116787,0.115064,0.00101268,-0.000211031,1.68006,0.001,0,0.26662,9497.8,1.02285,0.270925,-0.1,0.02,1,182.876,1.65888e+06,nan,nan,nan,nan,nan,nan,nan,nan,nan,nan,nan,nan,nan,nan,nan,nan,nan,nan,nan,nan
136,nan,nan,0.017687,0,0,0.0115995,0.115835,0.000839095,-0.00261355,1.67528,0.001,0,0.266488,9734.47,0.988638,0.27368,-0.1,0.02,1,184.139,1.67117e+06,nan,nan,nan,nan,nan,nan,nan,nan,nan,nan,nan,nan,nan,nan,nan,nan,nan,nan,nan,nan
137,nan,nan,0.0180399,0,0,0.0118594,0.116213,0.000714083,-0.000669333,1.66425,0.001,0,0.266323,9527.38,1.0183,0.271459,-0.1,0.02,1,185.43,1.68346e+06,nan,nan,nan,nan,nan,nan,nan,nan,nan,nan,nan,nan,nan,nan,nan,nan,nan,nan,nan,nan
138,3.99147,300,0.00104646,21.3333,0,0.0908827,0.411767,0.0108119,0.0148504,1.66702,0.001,0,0.266552,6285.08,1.67263,0.282477,-0.1,0.02,1,187.387,1.69574e+06,0,0,0.781072,0.000860584,-0.056228,nan,0,nan,nan,nan,nan,0,nan,0,nan,-0.00464562,-0.0774609,-0.129353,nan,nan
139,nan,nan,0.0097961,0,0,0.194132,0.78422,0.0211479,0.00725005,1.67174,0.001,0,0.266436,9014.16,1.06856,0.294629,-0.1,0.02,1,188.751,1.70803e+06,nan,nan,nan,nan,nan,nan,nan,nan,nan,nan,nan,nan,nan,nan,nan,nan,nan,nan,nan,nan
140,nan,nan,0.0100836,0,0,0.0462751,0.352277,0.00748012,0.0121717,1.66795,0.001,0,0.26649,7726.83,1.2229,0.367406,-0.1,0.02,1,190.343,1.72032e+06,nan,nan,nan,nan,nan,nan,nan,nan,nan,nan,nan,nan,nan,nan,nan,nan,nan,nan,nan,nan
141,nan,nan,0.0129777,0,0,0.0279979,0.25856,0.00373734,0.000717365,1.67293,0.001,0,0.266538,8133.99,1.22562,0.285078,-0.1,0.02,1,191.855,1.73261e+06,nan,nan,nan,nan,nan,nan,nan,nan,nan,nan,nan,nan,nan,nan,nan,nan,nan,nan,nan,nan
142,nan,nan,0.0151827,0,0,0.0222183,0.239536,0.00226224,0.0120973,1.67472,0.001,0,0.266562,9449.29,1.03182,0.268595,-0.1,0.02,1,193.156,1.7449e+06,nan,nan,nan,nan,nan,nan,nan,nan,nan,nan,nan,nan,nan,nan,nan,nan,nan,nan,nan,nan
143,nan,nan,0.0166069,0,0,0.0173019,0.183454,0.00141971,0.00281198,1.67857,0.001,0,0.266647,9595.51,1.01192,0.268678,-0.1,0.02,1,194.438,1.75718e+06,nan,nan,nan,nan,nan,nan,nan,nan,nan,nan,nan,nan,nan,nan,nan,nan,nan,nan,nan,nan
144,nan,nan,0.0174367,0,0,0.0143796,0.148824,0.000583012,0.00461843,1.67865,0.001,0,0.266562,9083.91,1.06782,0.284903,-0.1,0.02,1,195.792,1.76947e+06,nan,nan,nan,nan,nan,nan,nan,nan,nan,nan,nan,nan,nan,nan,nan,nan,nan,nan,nan,nan
145,nan,nan,0.0178701,0,0,0.0137861,0.139561,0.000525291,-0.00167714,1.67012,0.001,0,0.266443,8791.99,1.11954,0.278099,-0.1,0.02,1,197.191,1.78176e+06,nan,nan,nan,nan,nan,nan,nan,nan,nan,nan,nan,nan,nan,nan,nan,nan,nan,nan,nan,nan
146,nan,nan,0.018217,0,0,0.0134858,0.147971,0.000481668,0.00213462,1.66209,0.001,0,0.266229,9405.87,1.03032,0.276094,-0.1,0.02,1,198.498,1.79405e+06,nan,nan,nan,nan,nan,nan,nan,nan,nan,nan,nan,nan,nan,nan,nan,nan,nan,nan,nan,nan
147,nan,nan,0.0187244,0,0,0.0116874,0.12743,0.000485345,-0.00270382,1.64105,0.001,0,0.265995,9066.97,1.06186,0.293393,-0.1,0.02,1,199.854,1.80634e+06,nan,nan,nan,nan,nan,nan,nan,nan,nan,nan,nan,nan,nan,nan,nan,nan,nan,nan,nan,nan
148,nan,nan,0.0190407,0,0,0.0110956,0.115409,0.000346968,-0.000994988,1.62333,0.001,0,0.265626,9795.89,0.994252,0.260151,-0.1,0.02,1,201.11,1.81862e+06,nan,nan,nan,nan,nan,nan,nan,nan,nan,nan,nan,nan,nan,nan,nan,nan,nan,nan,nan,nan
149,nan,nan,0.0192668,0,0,0.010486,0.112437,0.000376492,0.00364552,1.6002,0.001,0,0.265305,8680.49,1.10644,0.309148,-0.1,0.02,1,202.527,1.83091e+06,nan,nan,nan,nan,nan,nan,nan,nan,nan,nan,nan,nan,nan,nan,nan,nan,nan,nan,nan,nan
150,4.47431,300,0.0193243,21.3333,0,0.0104566,0.106822,0.00025128,-0.00318571,1.5797,0.001,0,0.264998,5753.27,1.75776,0.378074,-0.1,0.02,1,204.664,1.8432e+06,0,0,0.76811,0.00103566,-0.0562905,nan,0,nan,nan,nan,nan,0,nan,0,nan,-0.00445103,-0.0426823,-0.0775001,nan,nan
151,nan,nan,0.000762451,0,0,0.208322,0.808781,0.0278567,0.0171131,1.58897,0.001,0,0.265771,8724.07,1.12852,0.279992,-0.1,0.02,1,206.074,1.85549e+06,nan,nan,nan,nan,nan,nan,nan,nan,nan,nan,nan,nan,nan,nan,nan,nan,nan,nan,nan,nan
152,nan,nan,0.0103653,0,0,0.0947358,0.583654,0.0127925,0.00644266,1.63722,0.001,0,0.266237,9292.4,1.03128,0.291087,-0.1,0.02,1,207.397,1.86778e+06,nan,nan,nan,nan,nan,nan,nan,nan,nan,nan,nan,nan,nan,nan,nan,nan,nan,nan,nan,nan
153,nan,nan,0.013417,0,0,0.0335311,0.31291,0.00361578,0.00115125,1.65625,0.001,0,0.266347,9204.55,1.05998,0.275015,-0.1,0.02,1,208.733,1.88006e+06,nan,nan,nan,nan,nan,nan,nan,nan,nan,nan,nan,nan,nan,nan,nan,nan,nan,nan,nan,nan
154,nan,nan,0.0158625,0,0,0.0194055,0.227891,0.00147846,0.00249197,1.66663,0.001,0,0.266574,9698.8,1.00279,0.264172,-0.1,0.02,1,210.002,1.89235e+06,nan,nan,nan,nan,nan,nan,nan,nan,nan,nan,nan,nan,nan,nan,nan,nan,nan,nan,nan,nan
155,nan,nan,0.0174609,0,0,0.0154151,0.176955,0.000722701,0.00871098,1.67875,0.001,0,0.266646,9397.88,1.03216,0.275365,-0.1,0.02,1,211.31,1.90464e+06,nan,nan,nan,nan,nan,nan,nan,nan,nan,nan,nan,nan,nan,nan,nan,nan,nan,nan,nan,nan
156,nan,nan,0.0182665,0,0,0.0118888,0.140982,0.000316421,-0.00319835,1.67988,0.001,0,0.266626,8859.46,1.07451,0.312487,-0.1,0.02,1,212.698,1.91693e+06,nan,nan,nan,nan,nan,nan,nan,nan,nan,nan,nan,nan,nan,nan,nan,nan,nan,nan,nan,nan
157,nan,nan,0.0185914,0,0,0.0102919,0.120746,0.000245648,0.00222083,1.6686,0.001,0,0.266295,9350.71,1.04706,0.267061,-0.1,0.02,1,214.014,1.92922e+06,nan,nan,nan,nan,nan,nan,nan,nan,nan,nan,nan,nan,nan,nan,nan,nan,nan,nan,nan,nan
158,nan,nan,0.0188996,0,0,0.0102379,0.118298,0.000194021,-0.00238221,1.64491,0.001,0,0.265989,9589.73,1.01239,0.268981,-0.1,0.02,1,215.296,1.9415e+06,nan,nan,nan,nan,nan,nan,nan,nan,nan,nan,nan,nan,nan,nan,nan,nan,nan,nan,nan,nan
159,nan,nan,0.0190518,0,0,0.00998265,0.115818,0.000231595,0.000686314,1.6215,0.001,0,0.265514,9738.17,0.997971,0.263867,-0.1,0.02,1,216.559,1.95379e+06,nan,nan,nan,nan,nan,nan,nan,nan,nan,nan,nan,nan,nan,nan,nan,nan,nan,nan,nan,nan
160,nan,nan,0.0190921,0,0,0.0099685,0.113972,0.000195471,-0.00153348,1.58639,0.001,0,0.264982,9072.84,1.03269,0.321684,-0.1,0.02,1,217.915,1.96608e+06,nan,nan,nan,nan,nan,nan,nan,nan,nan,nan,nan,nan,nan,nan,nan,nan,nan,nan,nan,nan
161,nan,nan,0.0191714,0,0,0.0104718,0.117017,0.00023213,0.000390654,1.54141,0.001,0,0.264098,9399.56,1.03391,0.273385,-0.1,0.02,1,219.223,1.97837e+06,nan,nan,nan,nan,nan,nan,nan,nan,nan,nan,nan,nan,nan,nan,nan,nan,nan,nan,nan,nan
162,nan,nan,0.0191548,0,0,0.0103613,0.114204,0.000204005,0.00846871,1.48414,0.001,0,0.263341,9300.69,1.0339,0.287296,-0.1,0.02,1,220.545,1.99066e+06,nan,nan,nan,nan,nan,nan,nan,nan,nan,nan,nan,nan,nan,nan,nan,nan,nan,nan,nan,nan
163,4.79133,300,0.00490167,21.3333,0,0.085932,0.393918,0.014984,0.0209327,1.48679,0.001,0,0.264427,6333.91,1.65132,0.288714,-0.1,0.02,1,222.487,2.00294e+06,0,0,0.78654,0.00130377,-0.0560193,nan,0,nan,nan,nan,nan,0,nan,0,nan,-0.00432797,-0.0348698,-0.0577543,nan,nan
164,nan,nan,0.0106014,0,0,0.164024,0.767789,0.0195016,0.0131004,1.57583,0.001,0,0.265716,9145.17,1.06997,0.273693,-0.1,0.02,1,223.832,2.01523e+06,nan,nan,nan,nan,nan,nan,nan,nan,nan,nan,nan,nan,nan,nan,nan,nan,nan,nan,nan,nan
165,nan,nan,0.0135803,0,0,0.0475225,0.385454,0.00430914,0.0247077,1.63975,0.001,0,0.266162,9587.72,1.01821,0.263425,-0.1,0.02,1,225.114,2.02752e+06,nan,nan,nan,nan,nan,nan,nan,nan,nan,nan,nan,nan,nan,nan,nan,nan,nan,nan,nan,nan
166,nan,nan,0.0166535,0,0,0.0240332,0.268813,0.00250727,0.0121298,1.65679,0.001,0,0.266399,9669.99,1.00622,0.264517,-0.1,0.02,1,226.386,2.03981e+06,nan,nan,nan,nan,nan,nan,nan,nan,nan,nan,nan,nan,nan,nan,nan,nan,nan,nan,nan,nan
167,nan,nan,0.0182309,0,0,0.0150839,0.174367,0.0014305,0.00401502,1.67204,0.001,0,0.266605,9494.5,1.02036,0.273865,-0.1,0.02,1,227.681,2.0521e+06,nan,nan,nan,nan,nan,nan,nan,nan,nan,nan,nan,nan,nan,nan,nan,nan,nan,nan,nan,nan
168,nan,nan,0.0191198,0,0,0.0135341,0.145622,0.0014286,0.00460435,1.67991,0.001,0,0.266657,8329.76,1.18158,0.293611,-0.1,0.02,1,229.158,2.06438e+06,nan,nan,nan,nan,nan,nan,nan,nan,nan,nan,nan,nan,nan,nan,nan,nan,nan,nan,nan,nan
169,nan,nan,0.019627,0,0,0.0113284,0.123259,0.000448729,7.9663e-07,1.67947,0.001,0,0.266587,9706.26,0.999679,0.266308,-0.1,0.02,1,230.425,2.07667e+06,nan,nan,nan,nan,nan,nan,nan,nan,nan,nan,nan,nan,nan,nan,nan,nan,nan,nan,nan,nan
170,nan,nan,0.0198566,0,0,0.0110397,0.114922,0.000233533,-0.00209002,1.66708,0.001,0,0.266306,9807.69,0.989778,0.263116,-0.1,0.02,1,231.679,2.08896e+06,nan,nan,nan,nan,nan,nan,nan,nan,nan,nan,nan,nan,nan,nan,nan,nan,nan,nan,nan,nan
171,nan,nan,0.0199958,0,0,0.0107142,0.109606,0.000225511,-0.00137274,1.63665,0.001,0,0.265716,9382.86,1.02622,0.2834,-0.1,0.02,1,232.99,2.10125e+06,nan,nan,nan,nan,nan,nan,nan,nan,nan,nan,nan,nan,nan,nan,nan,nan,nan,nan,nan,nan
172,nan,nan,0.0201222,0,0,0.0110008,0.110773,0.000302931,-0.000531971,1.59623,0.001,0,0.26514,9495.54,1.02384,0.270242,-0.1,0.02,1,234.285,2.11354e+06,nan,nan,nan,nan,nan,nan,nan,nan,nan,nan,nan,nan,nan,nan,nan,nan,nan,nan,nan,nan
173,nan,nan,0.0202559,0,0,0.0115722,0.111385,0.000254375,-0.00274205,1.56435,0.001,0,0.264763,9780.41,0.993853,0.262536,-0.1,0.02,1,235.542,2.12582e+06,nan,nan,nan,nan,nan,nan,nan,nan,nan,nan,nan,nan,nan,nan,nan,nan,nan,nan,nan,nan
174,nan,nan,0.0203241,0,0,0.0119711,0.111911,0.000854661,0.00250124,1.56495,0.001,0,0.265258,9768.18,0.980462,0.277501,-0.1,0.02,1,236.802,2.13811e+06,nan,nan,nan,nan,nan,nan,nan,nan,nan,nan,nan,nan,nan,nan,nan,nan,nan,nan,nan,nan
175,5.13619,300,0.0202819,21.3333,0,0.0130241,0.11643,0.00187847,0.0011133,1.60679,0.001,0,0.265829,6461.23,1.62149,0.280319,-0.1,0.02,1,238.705,2.1504e+06,0,0,0.810029,0.000637873,-0.0556728,nan,0,nan,nan,nan,nan,0,nan,0,nan,-0.00449863,-0.041263,-0.0629178,nan,nan
176,nan,nan,0.00403763,0,0,0.182003,0.718324,0.0224559,0.0196482,1.6423,0.001,0,0.266243,9328.57,1.0521,0.265146,-0.1,0.02,1,240.023,2.16269e+06,nan,nan,nan,nan,nan,nan,nan,nan,nan,nan,nan,nan,nan,nan,nan,nan,nan,nan,nan,nan
177,nan,nan,0.0129465,0,0,0.091023,0.522729,0.00377166,0.00421914,1.66608,0.001,0,0.266596,9888.25,0.978824,0.263863,-0.1,0.02,1,241.267,2.17498e+06,nan,nan,nan,nan,nan,nan,nan,nan,nan,nan,nan,nan,nan,nan,nan,nan,nan,nan,nan,nan
178,nan,nan,0.0148206,0,0,0.0288275,0.296586,0.00138246,0.00585682,1.67831,0.001,0,0.266641,9856.48,0.980508,0.266185,-0.1,0.02,1,242.515,2.18726e+06,nan,nan,nan,nan,nan,nan,nan,nan,nan,nan,nan,nan,nan,nan,nan,nan,nan,nan,nan,nan
179,nan,nan,0.0169508,0,0,0.0150795,0.170292,0.000803223,0.00469082,1.67911,0.001,0,0.266547,9209.59,1.05345,0.280815,-0.1,0.02,1,243.85,2.19955e+06,nan,nan,nan,nan,nan,nan,nan,nan,nan,nan,nan,nan,nan,nan,nan,nan,nan,nan,nan,nan
180,nan,nan,0.0183491,0,0,0.012153,0.135883,0.00043145,-0.00357253,1.6701,0.001,0,0.266503,9499.98,1.02563,0.267843,-0.1,0.02,1,245.145,2.21184e+06,nan,nan,nan,nan,nan,nan,nan,nan,nan,nan,nan,nan,nan,nan,nan,nan,nan,nan,nan,nan
181,nan,nan,0.0190863,0,0,0.0104387,0.115636,0.000242111,-0.00420361,1.66561,0.001,0,0.266311,9833.65,0.987507,0.26208,-0.1,0.02,1,246.395,2.22413e+06,nan,nan,nan,nan,nan,nan,nan,nan,nan,nan,nan,nan,nan,nan,nan,nan,nan,nan,nan,nan
182,nan,nan,0.0195327,0,0,0.0101068,0.108666,0.000183557,-0.000146909,1.64766,0.001,0,0.266107,9147.67,1.0509,0.292397,-0.1,0.02,1,247.74,2.23642e+06,nan,nan,nan,nan,nan,nan,nan,nan,nan,nan,nan,nan,nan,nan,nan,nan,nan,nan,nan,nan
183,nan,nan,0.0197349,0,0,0.0100384,0.105305,0.000173385,-0.00035392,1.6223,0.001,0,0.265527,9508.4,1.02271,0.269618,-0.1,0.02,1,249.033,2.2487e+06,nan,nan,nan,nan,nan,nan,nan,nan,nan,nan,nan,nan,nan,nan,nan,nan,nan,nan,nan,nan
184,nan,nan,0.0198754,0,0,0.0104281,0.108724,0.000193921,-0.00555065,1.58708,0.001,0,0.265022,9453.7,1.02449,0.275314,-0.1,0.02,1,250.334,2.26099e+06,nan,nan,nan,nan,nan,nan,nan,nan,nan,nan,nan,nan,nan,nan,nan,nan,nan,nan,nan,nan
185,nan,nan,0.0200618,0,0,0.0104452,0.108,0.000170555,0.000918944,1.54614,0.001,0,0.264289,9137.03,1.07407,0.270789,-0.1,0.02,1,251.68,2.27328e+06,nan,nan,nan,nan,nan,nan,nan,nan,nan,nan,nan,nan,nan,nan,nan,nan,nan,nan,nan,nan
186,nan,nan,0.0201721,0,0,0.0104826,0.108279,0.000156972,0.00215654,1.50488,0.001,0,0.263807,9176.1,1.04183,0.297299,-0.1,0.02,1,253.021,2.28557e+06,nan,nan,nan,nan,nan,nan,nan,nan,nan,nan,nan,nan,nan,nan,nan,nan,nan,nan,nan,nan
187,nan,nan,0.0201752,0,0,0.0103459,0.105061,0.000163073,-0.00267923,1.47109,0.001,0,0.2632,9014.51,1.08688,0.276253,-0.1,0.02,1,254.385,2.29786e+06,nan,nan,nan,nan,nan,nan,nan,nan,nan,nan,nan,nan,nan,nan,nan,nan,nan,nan,nan,nan
188,5.17962,300,0.00927722,21.3333,0,0.0902024,0.446446,0.00811406,0.0350322,1.47001,0.001,0,0.264218,6603.4,1.59366,0.267196,-0.1,0.02,1,256.247,2.31014e+06,0,0,0.810853,0.000739052,-0.0557398,nan,0,nan,nan,nan,nan,0,nan,0,nan,-0.00436037,-0.0259082,-0.0554202,nan,nan
189,nan,nan,0.0124077,0,0,0.206273,0.936214,0.0103288,0.0255999,1.55521,0.001,0,0.265296,9896.51,0.97396,0.26769,-0.1,0.02,1,257.49,2.32243e+06,nan,nan,nan,nan,nan,nan,nan,nan,nan,nan,nan,nan,nan,nan,nan,nan,nan,nan,nan,nan
190,nan,nan,0.0143225,0,0,0.0492246,0.453614,0.00237478,0.00488955,1.61691,0.001,0,0.266051,9384.2,1.03463,0.274802,-0.1,0.02,1,258.801,2.33472e+06,nan,nan,nan,nan,nan,nan,nan,nan,nan,nan,nan,nan,nan,nan,nan,nan,nan,nan,nan,nan
191,nan,nan,0.0170568,0,0,0.0205215,0.234703,0.00108551,-0.0019424,1.66036,0.001,0,0.266529,9067.37,1.05039,0.304802,-0.1,0.02,1,260.157,2.34701e+06,nan,nan,nan,nan,nan,nan,nan,nan,nan,nan,nan,nan,nan,nan,nan,nan,nan,nan,nan,nan
192,nan,nan,0.0180295,0,0,0.0118799,0.131844,0.0015953,0.0162347,1.67498,0.001,0,0.266567,9491.57,1.01869,0.275937,-0.1,0.02,1,261.453,2.3593e+06,nan,nan,nan,nan,nan,nan,nan,nan,nan,nan,nan,nan,nan,nan,nan,nan,nan,nan,nan,nan
193,nan,nan,0.0184971,0,0,0.0108206,0.113768,0.000782402,-0.00218977,1.67343,0.001,0,0.266519,9435.8,1.02636,0.275913,-0.1,0.02,1,262.756,2.37158e+06,nan,nan,nan,nan,nan,nan,nan,nan,nan,nan,nan,nan,nan,nan,nan,nan,nan,nan,nan,nan
194,nan,nan,0.01865,0,0,0.00995716,0.10886,0.000285452,-0.00529806,1.66787,0.001,0,0.266314,9474.73,1.01857,0.278349,-0.1,0.02,1,264.054,2.38387e+06,nan,nan,nan,nan,nan,nan,nan,nan,nan,nan,nan,nan,nan,nan,nan,nan,nan,nan,nan,nan
195,nan,nan,0.0189501,0,0,0.00946724,0.0989672,0.000188999,0.00081517,1.64442,0.001,0,0.265879,9694.72,1.00124,0.26625,-0.1,0.02,1,265.323,2.39616e+06,nan,nan,nan,nan,nan,nan,nan,nan,nan,nan,nan,nan,nan,nan,nan,nan,nan,nan,nan,nan
196,nan,nan,0.0193143,0,0,0.00979243,0.0992147,9.14311e-05,-0.0043938,1.61675,0.001,0,0.265416,9363.38,1.01994,0.292401,-0.1,0.02,1,266.636,2.40845e+06,nan,nan,nan,nan,nan,nan,nan,nan,nan,nan,nan,nan,nan,nan,nan,nan,nan,nan,nan,nan
197,nan,nan,0.0194245,0,0,0.0100059,0.0991923,0.000120519,-0.000425182,1.58129,0.001,0,0.264899,9439.42,1.02939,0.272385,-0.1,0.02,1,267.939,2.42074e+06,nan,nan,nan,nan,nan,nan,nan,nan,nan,nan,nan,nan,nan,nan,nan,nan,nan,nan,nan,nan
198,nan,nan,0.0195329,0,0,0.00995011,0.0977518,0.000172369,-0.00033979,1.54536,0.001,0,0.264314,9786.59,0.987761,0.267835,-0.1,0.02,1,269.196,2.43302e+06,nan,nan,nan,nan,nan,nan,nan,nan,nan,nan,nan,nan,nan,nan,nan,nan,nan,nan,nan,nan
199,nan,nan,0.0195783,0,0,0.00980585,0.0986099,0.000216224,0.00436996,1.51088,0.001,0,0.263984,9806.92,0.986579,0.266414,-0.1,0.02,1,270.45,2.44531e+06,nan,nan,nan,nan,nan,nan,nan,nan,nan,nan,nan,nan,nan,nan,nan,nan,nan,nan,nan,nan
200,5.1527,300,0.0197294,21.3333,0,0.0104997,0.101256,0.000221904,0.00219394,1.50173,0.001,0,0.263952,6841.25,1.52234,0.273823,-0.1,0.02,1,272.247,2.4576e+06,0,0,0.851971,0.000943143,-0.0551692,nan,0,nan,nan,nan,nan,0,nan,0,nan,-0.00441542,-0.0368066,-0.0573503,nan,nan
201,nan,nan,0.00587026,0,0,0.217036,1.0133,0.0159614,0.0286633,1.52338,0.001,0,0.264853,9607.32,0.999978,0.279047,-0.1,0.02,1,274.958,2.46989e+06,nan,nan,nan,nan,nan,nan,nan,nan,nan,nan,nan,nan,nan,nan,nan,nan,nan,nan,nan,nan
202,nan,nan,0.0101284,0,0,0.083889,0.759234,0.0081526,0.0223572,1.59553,0.001,0,0.266018,9871.81,0.991652,0.253105,-0.1,0.02,1,276.204,2.48218e+06,nan,nan,nan,nan,nan,nan,nan,nan,nan,nan,nan,nan,nan,nan,nan,nan,nan,nan,nan,nan
203,nan,nan,0.0162083,0,0,0.0343823,0.338764,0.000988248,0.00090152,1.65635,0.001,0,0.266423,10113.1,0.957582,0.257473,-0.1,0.02,1,277.42,2.49446e+06,nan,nan,nan,nan,nan,nan,nan,nan,nan,nan,nan,nan,nan,nan,nan,nan,nan,nan,nan,nan
204,nan,nan,0.0179694,0,0,0.0162747,0.181234,0.000751963,-0.000929969,1.66938,0.001,0,0.26654,9591.42,1.00859,0.272558,-0.1,0.02,1,278.702,2.50675e+06,nan,nan,nan,nan,nan,nan,nan,nan,nan,nan,nan,nan,nan,nan,nan,nan,nan,nan,nan,nan
205,nan,nan,0.0191387,0,0,0.0108145,0.117963,0.000482097,-0.00352906,1.67311,0.001,0,0.266508,8282.21,1.16221,0.321456,-0.1,0.02,1,280.187,2.51904e+06,nan,nan,nan,nan,nan,nan,nan,nan,nan,nan,nan,nan,nan,nan,nan,nan,nan,nan,nan,nan
206,nan,nan,0.0198884,0,0,0.00984765,0.104934,0.00038319,0.00333182,1.67023,0.001,0,0.266501,8015.34,1.21744,0.315615,-0.1,0.02,1,281.721,2.53133e+06,nan,nan,nan,nan,nan,nan,nan,nan,nan,nan,nan,nan,nan,nan,nan,nan,nan,nan,nan,nan
207,nan,nan,0.0200945,0,0,0.0100939,0.101864,0.000274385,-0.00269104,1.65698,0.001,0,0.266005,9052.68,1.0797,0.277683,-0.1,0.02,1,283.08,2.54362e+06,nan,nan,nan,nan,nan,nan,nan,nan,nan,nan,nan,nan,nan,nan,nan,nan,nan,nan,nan,nan
208,nan,nan,0.0201624,0,0,0.0103915,0.102015,0.000188717,-0.00534225,1.61762,0.001,0,0.265368,9413.32,1.02462,0.280764,-0.1,0.02,1,284.386,2.5559e+06,nan,nan,nan,nan,nan,nan,nan,nan,nan,nan,nan,nan,nan,nan,nan,nan,nan,nan,nan,nan
209,nan,nan,0.0202419,0,0,0.0101725,0.100695,0.000190523,-0.00142868,1.58707,0.001,0,0.265151,9349.29,1.03994,0.274379,-0.1,0.02,1,285.702,2.56819e+06,nan,nan,nan,nan,nan,nan,nan,nan,nan,nan,nan,nan,nan,nan,nan,nan,nan,nan,nan,nan
210,nan,nan,0.0202215,0,0,0.01071,0.102662,0.000243529,-9.22557e-05,1.56769,0.001,0,0.264701,9559.21,1.01323,0.272228,-0.1,0.02,1,286.988,2.58048e+06,nan,nan,nan,nan,nan,nan,nan,nan,nan,nan,nan,nan,nan,nan,nan,nan,nan,nan,nan,nan
211,nan,nan,0.0200852,0,0,0.010765,0.103159,0.000317306,-0.00286457,1.54314,0.001,0,0.264393,8756.33,1.11773,0.285599,-0.1,0.02,1,288.393,2.59277e+06,nan,nan,nan,nan,nan,nan,nan,nan,nan,nan,nan,nan,nan,nan,nan,nan,nan,nan,nan,nan
212,nan,nan,0.0200915,0,0,0.0112578,0.103868,0.000461082,0.000791544,1.53567,0.001,0,0.264456,9361.64,1.01883,0.293759,-0.1,0.02,1,289.707,2.60506e+06,nan,nan,nan,nan,nan,nan,nan,nan,nan,nan,nan,nan,nan,nan,nan,nan,nan,nan,nan,nan
213,5.28438,300,0.007897,21.3333,0,0.0910018,0.458945,0.00958633,0.033397,1.55511,0.001,0,0.265087,6423.03,1.63845,0.274671,-0.1,0.02,1,291.621,2.61734e+06,0,0,0.878438,0.000846034,-0.0552374,nan,0,nan,nan,nan,nan,0,nan,0,nan,-0.00441315,-0.0431348,-0.0633592,nan,nan
214,nan,nan,0.0129677,0,0,0.21068,0.777835,0.0153423,0.0605795,1.59702,0.001,0,0.265597,9158.96,1.03919,0.302444,-0.1,0.02,1,292.964,2.62963e+06,nan,nan,nan,nan,nan,nan,nan,nan,nan,nan,nan,nan,nan,nan,nan,nan,nan,nan,nan,nan
215,nan,nan,0.0154317,0,0,0.0526415,0.438178,0.00388799,0.00412787,1.63453,0.001,0,0.266156,8757.53,1.12456,0.278574,-0.1,0.02,1,294.368,2.64192e+06,nan,nan,nan,nan,nan,nan,nan,nan,nan,nan,nan,nan,nan,nan,nan,nan,nan,nan,nan,nan
216,nan,nan,0.0181156,0,0,0.0213115,0.198399,0.00155067,0.000367925,1.65245,0.001,0,0.266263,9231.97,1.0549,0.27613,-0.1,0.02,1,295.7,2.65421e+06,nan,nan,nan,nan,nan,nan,nan,nan,nan,nan,nan,nan,nan,nan,nan,nan,nan,nan,nan,nan
217,nan,nan,0.0190691,0,0,0.0129341,0.128513,0.000815294,0.000204684,1.66326,0.001,0,0.266428,9242.94,1.03923,0.290213,-0.1,0.02,1,297.031,2.6665e+06,nan,nan,nan,nan,nan,nan,nan,nan,nan,nan,nan,nan,nan,nan,nan,nan,nan,nan,nan,nan
218,nan,nan,0.0192674,0,0,0.0114737,0.110126,0.000931358,0.00160161,1.6663,0.001,0,0.266431,8896.74,1.10291,0.278272,-0.1,0.02,1,298.413,2.67878e+06,nan,nan,nan,nan,nan,nan,nan,nan,nan,nan,nan,nan,nan,nan,nan,nan,nan,nan,nan,nan
219,nan,nan,0.0193683,0,0,0.0100768,0.10218,0.000880896,-0.000416068,1.66767,0.001,0,0.266425,8805.83,1.10334,0.292098,-0.1,0.02,1,299.81,2.69107e+06,nan,nan,nan,nan,nan,nan,nan,nan,nan,nan,nan,nan,nan,nan,nan,nan,nan,nan,nan,nan
220,nan,nan,0.0193499,0,0,0.00991993,0.0988966,0.000440782,-0.00153392,1.66571,0.001,0,0.266424,9007.96,1.08511,0.279019,-0.1,0.02,1,301.175,2.70336e+06,nan,nan,nan,nan,nan,nan,nan,nan,nan,nan,nan,nan,nan,nan,nan,nan,nan,nan,nan,nan
221,nan,nan,0.0195722,0,0,0.010203,0.101366,0.000294746,-0.00109977,1.6671,0.001,0,0.266478,9234.6,1.05038,0.280268,-0.1,0.02,1,302.507,2.71565e+06,nan,nan,nan,nan,nan,nan,nan,nan,nan,nan,nan,nan,nan,nan,nan,nan,nan,nan,nan,nan
222,nan,nan,0.0199083,0,0,0.0107601,0.10101,0.000350461,0.00660197,1.66348,0.001,0,0.266294,9151.3,1.05856,0.284196,-0.1,0.02,1,303.851,2.72794e+06,nan,nan,nan,nan,nan,nan,nan,nan,nan,nan,nan,nan,nan,nan,nan,nan,nan,nan,nan,nan
223,nan,nan,0.0200063,0,0,0.0112601,0.105533,0.000254753,-0.000117575,1.65396,0.001,0,0.266248,9596.36,1.01154,0.268949,-0.1,0.02,1,305.133,2.74022e+06,nan,nan,nan,nan,nan,nan,nan,nan,nan,nan,nan,nan,nan,nan,nan,nan,nan,nan,nan,nan
224,nan,nan,0.0200389,0,0,0.0107919,0.102825,0.000309795,0.00998591,1.6435,0.001,0,0.265833,9391.95,1.03273,0.275626,-0.1,0.02,1,306.442,2.75251e+06,nan,nan,nan,nan,nan,nan,nan,nan,nan,nan,nan,nan,nan,nan,nan,nan,nan,nan,nan,nan
225,5.30598,300,0.0201722,21.3333,0,0.0108745,0.104819,0.000776741,0.00449208,1.63435,0.001,0,0.266175,6450.02,1.62984,0.275267,-0.1,0.02,1,308.348,2.7648e+06,0,0,0.871597,0.000879222,-0.0561474,nan,0,nan,nan,nan,nan,0,nan,0,nan,-0.0044764,-0.0421549,-0.0875173,nan,nan
226,nan,nan,0.00591287,0,0,0.230067,0.932266,0.0279192,0.0350523,1.66297,0.001,0,0.266498,9478.11,1.02877,0.267691,-0.1,0.02,1,309.646,2.77709e+06,nan,nan,nan,nan,nan,nan,nan,nan,nan,nan,nan,nan,nan,nan,nan,nan,nan,nan,nan,nan
227,nan,nan,0.0137625,0,0,0.0817774,0.653808,0.00344515,0.0119286,1.67256,0.001,0,0.26653,9571.2,0.989362,0.29449,-0.1,0.02,1,310.931,2.78938e+06,nan,nan,nan,nan,nan,nan,nan,nan,nan,nan,nan,nan,nan,nan,nan,nan,nan,nan,nan,nan
228,nan,nan,0.0167718,0,0,0.02566,0.264857,0.000781743,0.00531342,1.67417,0.001,0,0.266588,9491.13,1.02292,0.271762,-0.1,0.02,1,312.227,2.80166e+06,nan,nan,nan,nan,nan,nan,nan,nan,nan,nan,nan,nan,nan,nan,nan,nan,nan,nan,nan,nan
229,nan,nan,0.0176924,0,0,0.0103357,0.116708,0.000940305,-0.00314843,1.67581,0.001,0,0.266592,9069.5,1.05127,0.303605,-0.1,0.02,1,313.583,2.81395e+06,nan,nan,nan,nan,nan,nan,nan,nan,nan,nan,nan,nan,nan,nan,nan,nan,nan,nan,nan,nan
230,nan,nan,0.0182155,0,0,0.00898703,0.0984847,0.000641038,0.0070648,1.67534,0.001,0,0.266525,9484.25,1.02262,0.272997,-0.1,0.02,1,314.879,2.82624e+06,nan,nan,nan,nan,nan,nan,nan,nan,nan,nan,nan,nan,nan,nan,nan,nan,nan,nan,nan,nan
231,nan,nan,0.018445,0,0,0.00887521,0.0967788,0.000960673,-0.00176031,1.67571,0.001,0,0.266652,9363.93,1.01559,0.296682,-0.1,0.02,1,316.193,2.83853e+06,nan,nan,nan,nan,nan,nan,nan,nan,nan,nan,nan,nan,nan,nan,nan,nan,nan,nan,nan,nan
232,nan,nan,0.0184369,0,0,0.0086814,0.0943937,0.000898393,0.000369905,1.68145,0.001,0,0.266667,9534.46,1.01778,0.271015,-0.1,0.02,1,317.483,2.85082e+06,nan,nan,nan,nan,nan,nan,nan,nan,nan,nan,nan,nan,nan,nan,nan,nan,nan,nan,nan,nan
233,nan,nan,0.0183181,0,0,0.00883039,0.0997887,0.000421552,0.000920488,1.68147,0.001,0,0.266667,8981.06,1.06486,0.303353,-0.1,0.02,1,318.852,2.8631e+06,nan,nan,nan,nan,nan,nan,nan,nan,nan,nan,nan,nan,nan,nan,nan,nan,nan,nan,nan,nan
234,nan,nan,0.0183338,0,0,0.0140003,0.114016,0.000870078,-0.00727041,1.68052,0.001,0,0.26664,9475.54,1.02614,0.270671,-0.1,0.02,1,320.15,2.87539e+06,nan,nan,nan,nan,nan,nan,nan,nan,nan,nan,nan,nan,nan,nan,nan,nan,nan,nan,nan,nan
235,nan,nan,0.0181243,0,0,0.0113683,0.10714,0.00177106,-0.0114838,1.6812,0.001,0,0.266667,9182.98,1.03093,0.307197,-0.1,0.02,1,321.489,2.88768e+06,nan,nan,nan,nan,nan,nan,nan,nan,nan,nan,nan,nan,nan,nan,nan,nan,nan,nan,nan,nan
236,nan,nan,0.0178352,0,0,0.0123274,0.104426,0.0022152,-0.00686169,1.68152,0.001,0,0.266667,9168.56,1.04109,0.299138,-0.1,0.02,1,322.831,2.89997e+06,nan,nan,nan,nan,nan,nan,nan,nan,nan,nan,nan,nan,nan,nan,nan,nan,nan,nan,nan,nan
237,nan,nan,0.0157861,0,0,0.00984847,0.0961766,0.00684426,-0.00567775,1.68152,0.001,0,0.266667,9219.48,1.05201,0.28082,-0.1,0.02,1,324.165,2.91226e+06,nan,nan,nan,nan,nan,nan,nan,nan,nan,nan,nan,nan,nan,nan,nan,nan,nan,nan,nan,nan
238,4.94979,300,0.00766,21.3333,0,0.0972408,0.480694,0.0616891,0.0614885,1.68152,0.001,0,0.266666,6191.37,1.69623,0.288464,-0.1,0.02,1,326.15,2.92454e+06,0,0,0.856001,0.000673491,-0.0563449,nan,0,nan,nan,nan,nan,0,nan,0,nan,-0.00435797,-0.0580306,-0.0805453,nan,nan
239,nan,nan,0.0065203,0,0,0.185652,0.936797,0.027448,0.0430735,1.68135,0.001,0,0.266667,8956.68,1.0901,0.28184,-0.1,0.02,1,327.524,2.93683e+06,nan,nan,nan,nan,nan,nan,nan,nan,nan,nan,nan,nan,nan,nan,nan,nan,nan,nan,nan,nan
240,nan,nan,0.00955623,0,0,0.0469611,0.522356,0.0157999,0.0241252,1.6815,0.001,0,0.266667,9650.61,0.998654,0.274633,-0.1,0.02,1,328.798,2.94912e+06,nan,nan,nan,nan,nan,nan,nan,nan,nan,nan,nan,nan,nan,nan,nan,nan,nan,nan,nan,nan
241,nan,nan,0.014604,0,0,0.0237427,0.261566,0.00418403,0.00387242,1.68148,0.001,0,0.266667,9763.84,0.987047,0.271474,-0.1,0.02,1,330.058,2.96141e+06,nan,nan,nan,nan,nan,nan,nan,nan,nan,nan,nan,nan,nan,nan,nan,nan,nan,nan,nan,nan
242,nan,nan,0.0163254,0,0,0.0142859,0.173353,0.00181342,0.0108878,1.68098,0.001,0,0.266638,9940.9,0.973383,0.262723,-0.1,0.02,1,331.295,2.9737e+06,nan,nan,nan,nan,nan,nan,nan,nan,nan,nan,nan,nan,nan,nan,nan,nan,nan,nan,nan,nan
243,nan,nan,0.0167368,0,0,0.0107749,0.137115,0.00306649,0.000709424,1.67946,0.001,0,0.266653,9891.07,0.979907,0.262426,-0.1,0.02,1,332.538,2.98598e+06,nan,nan,nan,nan,nan,nan,nan,nan,nan,nan,nan,nan,nan,nan,nan,nan,nan,nan,nan,nan
244,nan,nan,0.0170949,0,0,0.00949104,0.111086,0.00259566,0.0132978,1.681,0.001,0,0.266653,9563.46,0.99027,0.29462,-0.1,0.02,1,333.824,2.99827e+06,nan,nan,nan,nan,nan,nan,nan,nan,nan,nan,nan,nan,nan,nan,nan,nan,nan,nan,nan,nan
245,nan,nan,0.0175728,0,0,0.00895948,0.112323,0.0114673,0.0122916,1.68118,0.001,0,0.266667,9214.36,1.05414,0.279436,-0.1,0.02,1,335.159,3.01056e+06,nan,nan,nan,nan,nan,nan,nan,nan,nan,nan,nan,nan,nan,nan,nan,nan,nan,nan,nan,nan
246,nan,nan,0.0180857,0,0,0.0104541,0.125903,0.00184662,-0.00165459,1.68152,0.001,0,0.266667,9638.34,1.00669,0.26822,-0.1,0.02,1,336.435,3.02285e+06,nan,nan,nan,nan,nan,nan,nan,nan,nan,nan,nan,nan,nan,nan,nan,nan,nan,nan,nan,nan
247,nan,nan,0.0184931,0,0,0.0104515,0.121911,0.00351609,0.0066739,1.68148,0.001,0,0.266667,9370.06,1.01449,0.296919,-0.1,0.02,1,337.748,3.03514e+06,nan,nan,nan,nan,nan,nan,nan,nan,nan,nan,nan,nan,nan,nan,nan,nan,nan,nan,nan,nan
248,nan,nan,0.0186788,0,0,0.00989423,0.128432,0.00138031,-0.00308423,1.67984,0.001,0,0.26661,9644.53,0.998521,0.275569,-0.1,0.02,1,339.023,3.04742e+06,nan,nan,nan,nan,nan,nan,nan,nan,nan,nan,nan,nan,nan,nan,nan,nan,nan,nan,nan,nan
249,nan,nan,0.0188195,0,0,0.00883553,0.114256,0.00103182,-0.00463284,1.67057,0.001,0,0.266346,9504.84,1.03174,0.26108,-0.1,0.02,1,340.317,3.05971e+06,nan,nan,nan,nan,nan,nan,nan,nan,nan,nan,nan,nan,nan,nan,nan,nan,nan,nan,nan,nan
250,4.56597,300,0.0187077,21.3333,0,0.00906582,0.113327,0.00167628,0.00561534,1.66387,0.001,0,0.266529,6766.34,1.52403,0.292022,-0.1,0.02,1,342.134,3.072e+06,0,0,0.835782,0.000506533,-0.0585349,nan,0,nan,nan,nan,nan,0,nan,0,nan,-0.00456414,-0.0644499,-0.0709331,nan,nan
251,nan,nan,-0.00402853,0,0,0.213637,0.839086,0.036344,0.0160434,1.67813,0.001,0,0.266644,9261.42,1.05852,0.268272,-0.1,0.02,1,343.462,3.08429e+06,nan,nan,nan,nan,nan,nan,nan,nan,nan,nan,nan,nan,nan,nan,nan,nan,nan,nan,nan,nan
252,nan,nan,0.00881235,0,0,0.104326,0.726284,0.0184694,0.0158315,1.68068,0.001,0,0.266651,9933.85,0.973664,0.263319,-0.1,0.02,1,344.7,3.09658e+06,nan,nan,nan,nan,nan,nan,nan,nan,nan,nan,nan,nan,nan,nan,nan,nan,nan,nan,nan,nan
253,nan,nan,0.0140932,0,0,0.0304647,0.300835,0.00644286,0.00684979,1.68094,0.001,0,0.266667,9709.77,0.997291,0.268238,-0.1,0.02,1,345.967,3.10886e+06,nan,nan,nan,nan,nan,nan,nan,nan,nan,nan,nan,nan,nan,nan,nan,nan,nan,nan,nan,nan
254,nan,nan,0.0157368,0,0,0.0166102,0.173376,0.00397231,-0.00117188,1.68152,0.001,0,0.266666,9865.78,0.977811,0.267706,-0.1,0.02,1,347.214,3.12115e+06,nan,nan,nan,nan,nan,nan,nan,nan,nan,nan,nan,nan,nan,nan,nan,nan,nan,nan,nan,nan
255,nan,nan,0.0164882,0,0,0.0125605,0.147512,0.00178378,0.00334991,1.68152,0.001,0,0.266667,9506.15,1.0003,0.292338,-0.1,0.02,1,348.507,3.13344e+06,nan,nan,nan,nan,nan,nan,nan,nan,nan,nan,nan,nan,nan,nan,nan,nan,nan,nan,nan,nan
256,nan,nan,0.0167153,0,0,0.0115635,0.134723,0.00184844,0.0163917,1.68053,0.001,0,0.266616,9414.46,1.0335,0.271724,-0.1,0.02,1,349.814,3.14573e+06,nan,nan,nan,nan,nan,nan,nan,nan,nan,nan,nan,nan,nan,nan,nan,nan,nan,nan,nan,nan
257,nan,nan,0.0170053,0,0,0.0139597,0.156976,0.00290619,0.00578535,1.6781,0.001,0,0.266631,9558.47,1.01175,0.273813,-0.1,0.02,1,351.101,3.15802e+06,nan,nan,nan,nan,nan,nan,nan,nan,nan,nan,nan,nan,nan,nan,nan,nan,nan,nan,nan,nan
258,nan,nan,0.0179854,0,0,0.0157817,0.187787,0.00217429,0.0285682,1.68055,0.001,0,0.266666,9370.25,0.990115,0.321269,-0.1,0.02,1,352.413,3.1703e+06,nan,nan,nan,nan,nan,nan,nan,nan,nan,nan,nan,nan,nan,nan,nan,nan,nan,nan,nan,nan
259,nan,nan,0.0174815,0,0,0.0208821,0.196641,0.00849574,0.0157567,1.68152,0.001,0,0.266667,7626.78,1.30433,0.306837,-0.1,0.02,1,354.026,3.18259e+06,nan,nan,nan,nan,nan,nan,nan,nan,nan,nan,nan,nan,nan,nan,nan,nan,nan,nan,nan,nan
260,nan,nan,0.017325,0,0,0.0196128,0.198385,0.00914971,0.0106024,1.68152,0.001,0,0.266667,7782.32,1.24382,0.335143,-0.1,0.02,1,355.606,3.19488e+06,nan,nan,nan,nan,nan,nan,nan,nan,nan,nan,nan,nan,nan,nan,nan,nan,nan,nan,nan,nan
261,nan,nan,0.0177662,0,0,0.0237197,0.201031,0.0068316,0.0384816,1.68152,0.001,0,0.266667,8017.45,1.12071,0.411941,-0.1,0.02,1,357.14,3.20717e+06,nan,nan,nan,nan,nan,nan,nan,nan,nan,nan,nan,nan,nan,nan,nan,nan,nan,nan,nan,nan
262,nan,nan,0.0172339,0,0,0.020558,0.196748,0.00384786,0.00904138,1.68152,0.001,0,0.266667,8121.91,1.19152,0.321425,-0.1,0.02,1,358.654,3.21946e+06,nan,nan,nan,nan,nan,nan,nan,nan,nan,nan,nan,nan,nan,nan,nan,nan,nan,nan,nan,nan
263,4.35361,300,0.00196008,21.3333,0,0.104076,0.584638,0.107596,0.0272095,1.68152,0.001,0,0.266667,5880.27,1.77256,0.317144,-0.1,0.02,1,360.745,3.23174e+06,0,0,0.847174,0.000647245,-0.059999,nan,0,nan,nan,nan,nan,0,nan,0,nan,-0.00496684,-0.0842155,-0.0818571,nan,nan
264,nan,nan,0.00565766,0,0,0.238534,1.17876,0.124603,0.0789776,1.68152,0.001,0,0.266667,9484.71,1.02012,0.275436,-0.1,0.02,1,362.042,3.24403e+06,nan,nan,nan,nan,nan,nan,nan,nan,nan,nan,nan,nan,nan,nan,nan,nan,nan,nan,nan,nan
265,nan,nan,-0.00619207,0,0,0.184213,1.47256,0.281761,0.212191,1.68152,0.001,0,0.266667,8426.5,1.136,0.322258,-0.1,0.02,1,363.501,3.25632e+06,nan,nan,nan,nan,nan,nan,nan,nan,nan,nan,nan,nan,nan,nan,nan,nan,nan,nan,nan,nan
266,nan,nan,-0.00126689,0,0,0.199316,1.59953,0.0681182,0.219941,1.68152,0.001,0,0.266666,8285.58,1.11231,0.370747,-0.1,0.02,1,364.985,3.26861e+06,nan,nan,nan,nan,nan,nan,nan,nan,nan,nan,nan,nan,nan,nan,nan,nan,nan,nan,nan,nan
267,nan,nan,0.00371676,0,0,0.100329,1.01479,0.0301692,0.0860729,1.68152,0.001,0,0.266667,8410.79,1.12868,0.332303,-0.1,0.02,1,366.448,3.2809e+06,nan,nan,nan,nan,nan,nan,nan,nan,nan,nan,nan,nan,nan,nan,nan,nan,nan,nan,nan,nan
268,nan,nan,0.00999044,0,0,0.0525927,0.465237,0.00826473,0.0237328,1.6815,0.001,0,0.266662,8782.88,1.08666,0.312427,-0.1,0.02,1,367.848,3.29318e+06,nan,nan,nan,nan,nan,nan,nan,nan,nan,nan,nan,nan,nan,nan,nan,nan,nan,nan,nan,nan
269,nan,nan,0.0127147,0,0,0.034543,0.335671,0.00655148,0.027984,1.68024,0.001,0,0.266627,8511.84,1.13418,0.309452,-0.1,0.02,1,369.293,3.30547e+06,nan,nan,nan,nan,nan,nan,nan,nan,nan,nan,nan,nan,nan,nan,nan,nan,nan,nan,nan,nan
270,nan,nan,0.011843,0,0,0.0420979,0.398647,0.0041696,0.0654895,1.67887,0.001,0,0.266656,9040.73,1.07239,0.286792,-0.1,0.02,1,370.654,3.31776e+06,nan,nan,nan,nan,nan,nan,nan,nan,nan,nan,nan,nan,nan,nan,nan,nan,nan,nan,nan,nan
271,nan,nan,0.0110885,0,0,0.0381234,0.423923,0.00422679,0.0390977,1.68124,0.001,0,0.266657,9286.31,1.02251,0.300732,-0.1,0.02,1,371.978,3.33005e+06,nan,nan,nan,nan,nan,nan,nan,nan,nan,nan,nan,nan,nan,nan,nan,nan,nan,nan,nan,nan
272,nan,nan,0.0123055,0,0,0.0320458,0.314837,0.00330653,0.00762502,1.68145,0.001,0,0.266667,8713.87,1.10463,0.305541,-0.1,0.02,1,373.389,3.34234e+06,nan,nan,nan,nan,nan,nan,nan,nan,nan,nan,nan,nan,nan,nan,nan,nan,nan,nan,nan,nan
273,nan,nan,0.0134486,0,0,0.0298581,0.289109,0.00313948,0.00789147,1.6806,0.001,0,0.266633,9309.01,1.04398,0.276033,-0.1,0.02,1,374.711,3.35462e+06,nan,nan,nan,nan,nan,nan,nan,nan,nan,nan,nan,nan,nan,nan,nan,nan,nan,nan,nan,nan
274,nan,nan,0.0128876,0,0,0.0348217,0.33728,0.00302046,0.00842351,1.67969,0.001,0,0.266655,8699.53,1.08685,0.325642,-0.1,0.02,1,376.124,3.36691e+06,nan,nan,nan,nan,nan,nan,nan,nan,nan,nan,nan,nan,nan,nan,nan,nan,nan,nan,nan,nan
275,2.22315,300,0.0132632,21.3333,0,0.0352854,0.343018,0.00261245,0.0226984,1.68057,0.001,0,0.266658,5376.52,1.89344,0.392051,-0.1,0.02,1,378.411,3.3792e+06,0,0,0.554098,0.000787293,-0.120915,nan,0,nan,nan,nan,nan,0,nan,0,nan,-0.00807342,-0.103252,-0.129315,nan,nan
276,nan,nan,0.00260816,0,0,0.255506,1.3234,0.041383,0.0259842,1.68107,0.001,0,0.26665,7216.4,1.30832,0.394465,-0.1,0.02,1,380.116,3.39149e+06,nan,nan,nan,nan,nan,nan,nan,nan,nan,nan,nan,nan,nan,nan,nan,nan,nan,nan,nan,nan
277,nan,nan,0.00914893,0,0,0.118471,0.976623,0.0167929,0.0211825,1.68124,0.001,0,0.266666,8284.28,1.13681,0.346481,-0.1,0.02,1,381.6,3.40378e+06,nan,nan,nan,nan,nan,nan,nan,nan,nan,nan,nan,nan,nan,nan,nan,nan,nan,nan,nan,nan
278,nan,nan,0.01451,0,0,0.0461032,0.423562,0.00472155,0.0291577,1.68104,0.001,0,0.266637,7830.33,1.22412,0.345165,-0.1,0.02,1,383.171,3.41606e+06,nan,nan,nan,nan,nan,nan,nan,nan,nan,nan,nan,nan,nan,nan,nan,nan,nan,nan,nan,nan
279,nan,nan,0.0163588,0,0,0.0228836,0.237951,0.00194298,0.0209262,1.67996,0.001,0,0.266651,9229.04,1.05525,0.2762,-0.1,0.02,1,384.504,3.42835e+06,nan,nan,nan,nan,nan,nan,nan,nan,nan,nan,nan,nan,nan,nan,nan,nan,nan,nan,nan,nan
280,nan,nan,0.0167975,0,0,0.0182697,0.193821,0.00125233,0.00971314,1.67935,0.001,0,0.266633,9501.68,1.01601,0.277233,-0.1,0.02,1,385.798,3.44064e+06,nan,nan,nan,nan,nan,nan,nan,nan,nan,nan,nan,nan,nan,nan,nan,nan,nan,nan,nan,nan
281,nan,nan,0.0176411,0,0,0.0153502,0.162414,0.000725725,0.00581145,1.6803,0.001,0,0.266631,9048.97,1.04792,0.310025,-0.1,0.02,1,387.157,3.45293e+06,nan,nan,nan,nan,nan,nan,nan,nan,nan,nan,nan,nan,nan,nan,nan,nan,nan,nan,nan,nan
282,nan,nan,0.0179621,0,0,0.0143563,0.149167,0.000495986,0.00388692,1.67821,0.001,0,0.26661,8607.95,1.06166,0.365862,-0.1,0.02,1,388.586,3.46522e+06,nan,nan,nan,nan,nan,nan,nan,nan,nan,nan,nan,nan,nan,nan,nan,nan,nan,nan,nan,nan
283,nan,nan,0.0178563,0,0,0.014025,0.151494,0.000611808,0.000753436,1.6738,0.001,0,0.266436,9392.63,1.02965,0.27861,-0.1,0.02,1,389.895,3.4775e+06,nan,nan,nan,nan,nan,nan,nan,nan,nan,nan,nan,nan,nan,nan,nan,nan,nan,nan,nan,nan
284,nan,nan,0.0179302,0,0,0.0133787,0.141629,0.000582109,0.00917421,1.66552,0.001,0,0.266419,9896.39,0.968158,0.273507,-0.1,0.02,1,391.141,3.48979e+06,nan,nan,nan,nan,nan,nan,nan,nan,nan,nan,nan,nan,nan,nan,nan,nan,nan,nan,nan,nan
285,nan,nan,0.0176727,0,0,0.0128565,0.138713,0.000701699,0.014734,1.6672,0.001,0,0.266476,9975.94,0.958921,0.272843,-0.1,0.02,1,392.374,3.50208e+06,nan,nan,nan,nan,nan,nan,nan,nan,nan,nan,nan,nan,nan,nan,nan,nan,nan,nan,nan,nan
286,nan,nan,0.0176076,0,0,0.0131321,0.139075,0.000660788,0.00746223,1.66734,0.001,0,0.266422,10031.8,0.954062,0.270848,-0.1,0.02,1,393.6,3.51437e+06,nan,nan,nan,nan,nan,nan,nan,nan,nan,nan,nan,nan,nan,nan,nan,nan,nan,nan,nan,nan
287,nan,nan,0.0179691,0,0,0.013039,0.133867,0.000539619,0.00411775,1.66248,0.001,0,0.266337,9939.83,0.958693,0.277546,-0.1,0.02,1,394.838,3.52666e+06,nan,nan,nan,nan,nan,nan,nan,nan,nan,nan,nan,nan,nan,nan,nan,nan,nan,nan,nan,nan
288,4.63626,300,0.0057989,21.3333,0,0.0977641,0.563597,0.0131669,0.0376005,1.66397,0.001,0,0.266537,6724.41,1.52659,0.300781,-0.1,0.02,1,396.666,3.53894e+06,0,0,0.863057,0.000773463,-0.0611618,nan,0,nan,nan,nan,nan,0,nan,0,nan,-0.00497492,-0.0559635,-0.11626,nan,nan
289,nan,nan,0.0128379,0,0,0.216943,1.04069,0.0146143,0.0227042,1.67665,0.001,0,0.26662,9870.48,0.968344,0.27658,-0.1,0.02,1,397.912,3.55123e+06,nan,nan,nan,nan,nan,nan,nan,nan,nan,nan,nan,nan,nan,nan,nan,nan,nan,nan,nan,nan
290,nan,nan,0.0132777,0,0,0.0579748,0.503693,0.00443894,0.0200031,1.68041,0.001,0,0.266667,10006.8,0.956103,0.271865,-0.1,0.02,1,399.141,3.56352e+06,nan,nan,nan,nan,nan,nan,nan,nan,nan,nan,nan,nan,nan,nan,nan,nan,nan,nan,nan,nan
291,nan,nan,0.0157496,0,0,0.022806,0.243621,0.00341416,0.00434207,1.6814,0.001,0,0.266667,10008.5,0.955886,0.271875,-0.1,0.02,1,400.37,3.57581e+06,nan,nan,nan,nan,nan,nan,nan,nan,nan,nan,nan,nan,nan,nan,nan,nan,nan,nan,nan,nan
292,nan,nan,0.0166804,0,0,0.0163623,0.175512,0.00301979,0.0122111,1.68152,0.001,0,0.266667,9666.24,0.991027,0.280201,-0.1,0.02,1,401.643,3.5881e+06,nan,nan,nan,nan,nan,nan,nan,nan,nan,nan,nan,nan,nan,nan,nan,nan,nan,nan,nan,nan
293,nan,nan,0.0171962,0,0,0.013811,0.161975,0.00174058,0.00924253,1.68152,0.001,0,0.266667,9579.84,0.993719,0.288974,-0.1,0.02,1,402.926,3.60038e+06,nan,nan,nan,nan,nan,nan,nan,nan,nan,nan,nan,nan,nan,nan,nan,nan,nan,nan,nan,nan
294,nan,nan,0.0177892,0,0,0.0140445,0.141257,0.00264289,0.00571653,1.68152,0.001,0,0.266667,9983.53,0.96946,0.261367,-0.1,0.02,1,404.158,3.61267e+06,nan,nan,nan,nan,nan,nan,nan,nan,nan,nan,nan,nan,nan,nan,nan,nan,nan,nan,nan,nan
295,nan,nan,0.0179239,0,0,0.0124813,0.141751,0.00100034,0.00447678,1.68072,0.001,0,0.266628,10007.8,0.960507,0.267339,-0.1,0.02,1,405.387,3.62496e+06,nan,nan,nan,nan,nan,nan,nan,nan,nan,nan,nan,nan,nan,nan,nan,nan,nan,nan,nan,nan
296,nan,nan,0.018085,0,0,0.0129288,0.143562,0.00108548,0.00369148,1.67864,0.001,0,0.266589,9618.42,1.01646,0.261092,-0.1,0.02,1,406.666,3.63725e+06,nan,nan,nan,nan,nan,nan,nan,nan,nan,nan,nan,nan,nan,nan,nan,nan,nan,nan,nan,nan
297,nan,nan,0.0180341,0,0,0.0125989,0.141766,0.00199168,0.00935545,1.67628,0.001,0,0.2666,10188.3,0.94445,0.261638,-0.1,0.02,1,407.873,3.64954e+06,nan,nan,nan,nan,nan,nan,nan,nan,nan,nan,nan,nan,nan,nan,nan,nan,nan,nan,nan,nan
298,nan,nan,0.0180661,0,0,0.0150699,0.162208,0.00123854,0.00102583,1.68026,0.001,0,0.266666,10099,0.953806,0.262948,-0.1,0.02,1,409.091,3.66182e+06,nan,nan,nan,nan,nan,nan,nan,nan,nan,nan,nan,nan,nan,nan,nan,nan,nan,nan,nan,nan
299,nan,nan,0.0178259,0,0,0.0150745,0.163513,0.00157821,0.0220885,1.68078,0.001,0,0.266643,10198,0.943934,0.261013,-0.1,0.02,1,410.297,3.67411e+06,nan,nan,nan,nan,nan,nan,nan,nan,nan,nan,nan,nan,nan,nan,nan,nan,nan,nan,nan,nan
300,4.75629,300,0.0180289,21.3333,0,0.0151583,0.16485,0.00186598,0.019768,1.67993,0.001,0,0.266626,6887.89,1.49224,0.291766,-0.1,0.02,1,412.082,3.6864e+06,0,0,0.828824,0.000696497,-0.0601365,nan,0,nan,nan,nan,nan,0,nan,0,nan,-0.00463243,-0.0495475,-0.0839272,nan,nan
301,nan,nan,0.00553956,0,0,0.245385,1.18984,0.0510302,0.0501926,1.67757,0.001,0,0.266639,9655.9,1.00318,0.269411,-0.1,0.02,1,413.359,3.69869e+06,nan,nan,nan,nan,nan,nan,nan,nan,nan,nan,nan,nan,nan,nan,nan,nan,nan,nan,nan,nan
302,nan,nan,0.0122905,0,0,0.104087,0.92449,0.0117441,0.0365736,1.68038,0.001,0,0.266662,9710.98,0.935961,0.329411,-0.1,0.02,1,414.625,3.71098e+06,nan,nan,nan,nan,nan,nan,nan,nan,nan,nan,nan,nan,nan,nan,nan,nan,nan,nan,nan,nan
303,nan,nan,0.0143995,0,0,0.0411165,0.434333,0.00283336,0.0222286,1.68149,0.001,0,0.266667,9574.37,1.01299,0.270433,-0.1,0.02,1,415.91,3.72326e+06,nan,nan,nan,nan,nan,nan,nan,nan,nan,nan,nan,nan,nan,nan,nan,nan,nan,nan,nan,nan
304,nan,nan,0.0161043,0,0,0.0224669,0.27222,0.00131316,0.0105518,1.68123,0.001,0,0.266656,9965.22,0.944022,0.289067,-0.1,0.02,1,417.144,3.73555e+06,nan,nan,nan,nan,nan,nan,nan,nan,nan,nan,nan,nan,nan,nan,nan,nan,nan,nan,nan,nan
305,nan,nan,0.0174975,0,0,0.0183828,0.233132,0.00115552,0.00350252,1.67895,0.001,0,0.266586,9722.77,0.975924,0.287913,-0.1,0.02,1,418.409,3.74784e+06,nan,nan,nan,nan,nan,nan,nan,nan,nan,nan,nan,nan,nan,nan,nan,nan,nan,nan,nan,nan
306,nan,nan,0.0185243,0,0,0.0169635,0.197045,0.00125838,0.014165,1.67862,0.001,0,0.266663,10074.9,0.955554,0.264109,-0.1,0.02,1,419.63,3.76013e+06,nan,nan,nan,nan,nan,nan,nan,nan,nan,nan,nan,nan,nan,nan,nan,nan,nan,nan,nan,nan
307,nan,nan,0.0189528,0,0,0.0144987,0.168495,0.000817841,0.0124897,1.6802,0.001,0,0.266636,9708.81,0.989112,0.276543,-0.1,0.02,1,420.896,3.77242e+06,nan,nan,nan,nan,nan,nan,nan,nan,nan,nan,nan,nan,nan,nan,nan,nan,nan,nan,nan,nan
308,nan,nan,0.0189762,0,0,0.0149352,0.161315,0.000854975,0.0124554,1.68061,0.001,0,0.266658,10095.4,0.956975,0.260212,-0.1,0.02,1,422.115,3.7847e+06,nan,nan,nan,nan,nan,nan,nan,nan,nan,nan,nan,nan,nan,nan,nan,nan,nan,nan,nan,nan
309,nan,nan,0.0190677,0,0,0.0152895,0.174196,0.00090896,0.028534,1.68027,0.001,0,0.266653,10208.7,0.944133,0.259543,-0.1,0.02,1,423.319,3.79699e+06,nan,nan,nan,nan,nan,nan,nan,nan,nan,nan,nan,nan,nan,nan,nan,nan,nan,nan,nan,nan
310,nan,nan,0.0190287,0,0,0.0158175,0.182311,0.00095263,0.0226772,1.67919,0.001,0,0.266589,9928.85,0.971997,0.265608,-0.1,0.02,1,424.558,3.80928e+06,nan,nan,nan,nan,nan,nan,nan,nan,nan,nan,nan,nan,nan,nan,nan,nan,nan,nan,nan,nan
311,nan,nan,0.0191098,0,0,0.0168008,0.186318,0.000980281,0.0243184,1.673,0.001,0,0.266519,9286.05,1.04726,0.276014,-0.1,0.02,1,425.883,3.82157e+06,nan,nan,nan,nan,nan,nan,nan,nan,nan,nan,nan,nan,nan,nan,nan,nan,nan,nan,nan,nan
312,nan,nan,0.0192044,0,0,0.0160284,0.182042,0.000635358,0.0256143,1.66861,0.001,0,0.266375,9780.64,0.95257,0.30379,-0.1,0.02,1,427.14,3.83386e+06,nan,nan,nan,nan,nan,nan,nan,nan,nan,nan,nan,nan,nan,nan,nan,nan,nan,nan,nan,nan
313,5.00046,300,0.00566576,21.3333,0,0.122818,0.826548,0.0143611,0.0712576,1.66277,0.001,0,0.266556,6747.51,1.55364,0.267471,-0.1,0.02,1,428.962,3.84614e+06,0,0,0.850102,0.000719548,-0.0633425,nan,0,nan,nan,nan,nan,0,nan,0,nan,-0.00502694,-0.0431836,-0.0700006,nan,nan
314,nan,nan,0.013867,0,0,0.246489,1.45407,0.0181421,0.113336,1.67916,0.001,0,0.266667,10329.6,0.931169,0.258425,-0.1,0.02,1,430.153,3.85843e+06,nan,nan,nan,nan,nan,nan,nan,nan,nan,nan,nan,nan,nan,nan,nan,nan,nan,nan,nan,nan
315,nan,nan,0.010788,0,0,0.0881316,0.938591,0.00617169,0.0581499,1.681,0.001,0,0.266667,10366.4,0.924208,0.261162,-0.1,0.02,1,431.34,3.87072e+06,nan,nan,nan,nan,nan,nan,nan,nan,nan,nan,nan,nan,nan,nan,nan,nan,nan,nan,nan,nan
316,nan,nan,0.0146086,0,0,0.0466105,0.565162,0.00343104,0.0378427,1.68152,0.001,0,0.266667,9893.36,0.951161,0.290884,-0.1,0.02,1,432.583,3.88301e+06,nan,nan,nan,nan,nan,nan,nan,nan,nan,nan,nan,nan,nan,nan,nan,nan,nan,nan,nan,nan
317,nan,nan,0.0172626,0,0,0.0336187,0.422669,0.00181931,0.0164348,1.67973,0.001,0,0.266605,10035.5,0.961539,0.262911,-0.1,0.02,1,433.808,3.8953e+06,nan,nan,nan,nan,nan,nan,nan,nan,nan,nan,nan,nan,nan,nan,nan,nan,nan,nan,nan,nan
318,nan,nan,0.0183808,0,0,0.0310027,0.374545,0.000999443,0.0345301,1.6799,0.001,0,0.266659,10161.2,0.946674,0.262631,-0.1,0.02,1,435.019,3.90758e+06,nan,nan,nan,nan,nan,nan,nan,nan,nan,nan,nan,nan,nan,nan,nan,nan,nan,nan,nan,nan
319,nan,nan,0.0189602,0,0,0.0247983,0.304923,0.000818947,0.0349165,1.68092,0.001,0,0.26664,10142.4,0.952352,0.259194,-0.1,0.02,1,436.232,3.91987e+06,nan,nan,nan,nan,nan,nan,nan,nan,nan,nan,nan,nan,nan,nan,nan,nan,nan,nan,nan,nan
320,nan,nan,0.0190485,0,0,0.0242795,0.274531,0.000639253,0.0467441,1.67721,0.001,0,0.266581,9578.54,1.00362,0.279243,-0.1,0.02,1,437.515,3.93216e+06,nan,nan,nan,nan,nan,nan,nan,nan,nan,nan,nan,nan,nan,nan,nan,nan,nan,nan,nan,nan
321,nan,nan,0.0189517,0,0,0.0249507,0.30939,0.000880464,0.0345844,1.67822,0.001,0,0.26666,10143.6,0.951276,0.260128,-0.1,0.02,1,438.728,3.94445e+06,nan,nan,nan,nan,nan,nan,nan,nan,nan,nan,nan,nan,nan,nan,nan,nan,nan,nan,nan,nan
322,nan,nan,0.0187755,0,0,0.0261836,0.346572,0.00158231,0.0443906,1.68068,0.001,0,0.26662,10138.3,0.952503,0.259532,-0.1,0.02,1,439.941,3.95674e+06,nan,nan,nan,nan,nan,nan,nan,nan,nan,nan,nan,nan,nan,nan,nan,nan,nan,nan,nan,nan
323,nan,nan,0.0182308,0,0,0.0300273,0.375849,0.0028863,0.0561491,1.67839,0.001,0,0.266667,10191.3,0.94756,0.25818,-0.1,0.02,1,441.148,3.96902e+06,nan,nan,nan,nan,nan,nan,nan,nan,nan,nan,nan,nan,nan,nan,nan,nan,nan,nan,nan,nan
324,nan,nan,0.0184603,0,0,0.0334994,0.486011,0.00338876,0.101231,1.68152,0.001,0,0.266667,10036.8,0.948478,0.275813,-0.1,0.02,1,442.373,3.98131e+06,nan,nan,nan,nan,nan,nan,nan,nan,nan,nan,nan,nan,nan,nan,nan,nan,nan,nan,nan,nan
325,4.82066,300,0.0175185,21.3333,0,0.031394,0.382379,0.00148829,-0.00502071,1.68152,0.001,0,0.266667,6936.24,1.50161,0.269959,-0.1,0.02,1,444.146,3.9936e+06,0,0,0.795698,0.000772129,-0.0773829,nan,0,nan,nan,nan,nan,0,nan,0,nan,-0.0063091,-0.0581283,-0.080005,nan,nan
326,nan,nan,0.000441404,0,0,0.251786,1.60722,0.0740939,0.0737819,1.68144,0.001,0,0.266658,10092.3,0.95765,0.259911,-0.1,0.02,1,445.365,4.00589e+06,nan,nan,nan,nan,nan,nan,nan,nan,nan,nan,nan,nan,nan,nan,nan,nan,nan,nan,nan,nan
327,nan,nan,-0.00334212,0,0,0.149933,1.42663,0.0247404,0.0752056,1.68116,0.001,0,0.266667,10439.3,0.918576,0.258516,-0.1,0.02,1,446.543,4.01818e+06,nan,nan,nan,nan,nan,nan,nan,nan,nan,nan,nan,nan,nan,nan,nan,nan,nan,nan,nan,nan
328,nan,nan,-0.003584,0,0,0.0870457,0.938496,0.0147215,0.0686195,1.68152,0.001,0,0.266667,9918.68,0.955459,0.283416,-0.1,0.02,1,447.783,4.03046e+06,nan,nan,nan,nan,nan,nan,nan,nan,nan,nan,nan,nan,nan,nan,nan,nan,nan,nan,nan,nan
329,nan,nan,-0.00284138,0,0,0.0777317,0.848044,0.00880721,0.0715406,1.68116,0.001,0,0.266646,10216.3,0.939803,0.262981,-0.1,0.02,1,448.987,4.04275e+06,nan,nan,nan,nan,nan,nan,nan,nan,nan,nan,nan,nan,nan,nan,nan,nan,nan,nan,nan,nan
330,nan,nan,-0.00066757,0,0,0.0809463,0.895486,0.00523301,0.0692921,1.68051,0.001,0,0.266663,9989.49,0.937541,0.292552,-0.1,0.02,1,450.218,4.05504e+06,nan,nan,nan,nan,nan,nan,nan,nan,nan,nan,nan,nan,nan,nan,nan,nan,nan,nan,nan,nan
331,nan,nan,0.00108407,0,0,0.0799931,0.926307,0.00360322,0.0344388,1.68076,0.001,0,0.266624,10370.2,0.92656,0.258373,-0.1,0.02,1,451.404,4.06733e+06,nan,nan,nan,nan,nan,nan,nan,nan,nan,nan,nan,nan,nan,nan,nan,nan,nan,nan,nan,nan
332,nan,nan,0.00230333,0,0,0.0801054,0.923828,0.00300104,0.0596287,1.68042,0.001,0,0.266667,10142.9,0.925802,0.28568,-0.1,0.02,1,452.617,4.07962e+06,nan,nan,nan,nan,nan,nan,nan,nan,nan,nan,nan,nan,nan,nan,nan,nan,nan,nan,nan,nan
333,nan,nan,0.003477,0,0,0.0780882,0.902136,0.00284585,0.0336394,1.6814,0.001,0,0.266666,10319.9,0.931546,0.259165,-0.1,0.02,1,453.809,4.0919e+06,nan,nan,nan,nan,nan,nan,nan,nan,nan,nan,nan,nan,nan,nan,nan,nan,nan,nan,nan,nan
334,nan,nan,0.00498605,0,0,0.0747622,0.862865,0.0042056,0.0351393,1.68147,0.001,0,0.266661,10399.6,0.913477,0.268109,-0.1,0.02,1,454.991,4.10419e+06,nan,nan,nan,nan,nan,nan,nan,nan,nan,nan,nan,nan,nan,nan,nan,nan,nan,nan,nan,nan
335,nan,nan,0.00683867,0,0,0.0668254,0.776538,0.0042801,0.0313358,1.68117,0.001,0,0.266644,10481.3,0.912662,0.259717,-0.1,0.02,1,456.165,4.11648e+06,nan,nan,nan,nan,nan,nan,nan,nan,nan,nan,nan,nan,nan,nan,nan,nan,nan,nan,nan,nan
336,nan,nan,0.0084201,0,0,0.0559516,0.667959,0.00356556,0.0235824,1.6789,0.001,0,0.26661,10184.8,0.919562,0.28694,-0.1,0.02,1,457.373,4.12877e+06,nan,nan,nan,nan,nan,nan,nan,nan,nan,nan,nan,nan,nan,nan,nan,nan,nan,nan,nan,nan
337,nan,nan,0.00988043,0,0,0.0477504,0.595934,0.00184157,0.0311469,1.67893,0.001,0,0.266652,10239.6,0.94,0.26005,-0.1,0.02,1,458.574,4.14106e+06,nan,nan,nan,nan,nan,nan,nan,nan,nan,nan,nan,nan,nan,nan,nan,nan,nan,nan,nan,nan
338,0.780704,300,0.00191613,21.3333,0,0.119288,0.815047,0.0258706,0.0450507,1.67973,0.001,0,0.266635,7035.08,1.48104,0.265633,-0.1,0.02,1,460.322,4.15334e+06,0,0,0.329949,0.000589001,-0.147073,nan,0,nan,nan,nan,nan,0,nan,0,nan,-0.0124793,-0.102777,-0.0818362,nan,nan
339,nan,nan,0.00870803,0,0,0.208724,1.32846,0.0545712,0.0594937,1.68089,0.001,0,0.266667,10250.4,0.940281,0.258503,-0.1,0.02,1,461.522,4.16563e+06,nan,nan,nan,nan,nan,nan,nan,nan,nan,nan,nan,nan,nan,nan,nan,nan,nan,nan,nan,nan
340,nan,nan,0.00416171,0,0,0.076559,0.76159,0.0217643,0.0337352,1.68146,0.001,0,0.266667,9729.09,0.982529,0.280487,-0.1,0.02,1,462.786,4.17792e+06,nan,nan,nan,nan,nan,nan,nan,nan,nan,nan,nan,nan,nan,nan,nan,nan,nan,nan,nan,nan
341,nan,nan,0.00593641,0,0,0.0510021,0.577101,0.0269572,0.0281846,1.68146,0.001,0,0.266661,10017.2,0.959464,0.267225,-0.1,0.02,1,464.013,4.19021e+06,nan,nan,nan,nan,nan,nan,nan,nan,nan,nan,nan,nan,nan,nan,nan,nan,nan,nan,nan,nan
342,nan,nan,0.00848984,0,0,0.0443495,0.506546,0.0319324,0.0741114,1.68148,0.001,0,0.266667,9784.14,0.995541,0.260369,-0.1,0.02,1,465.27,4.2025e+06,nan,nan,nan,nan,nan,nan,nan,nan,nan,nan,nan,nan,nan,nan,nan,nan,nan,nan,nan,nan
343,nan,nan,0.0114565,0,0,0.041637,0.490482,0.0317996,0.042184,1.68152,0.001,0,0.266667,9981.45,0.962483,0.268601,-0.1,0.02,1,466.503,4.21478e+06,nan,nan,nan,nan,nan,nan,nan,nan,nan,nan,nan,nan,nan,nan,nan,nan,nan,nan,nan,nan
344,nan,nan,0.0132886,0,0,0.0395579,0.474631,0.00805484,0.0337568,1.68152,0.001,0,0.266667,10256.4,0.939409,0.258671,-0.1,0.02,1,467.702,4.22707e+06,nan,nan,nan,nan,nan,nan,nan,nan,nan,nan,nan,nan,nan,nan,nan,nan,nan,nan,nan,nan
345,nan,nan,0.0138873,0,0,0.0331711,0.416259,0.00495088,0.0319096,1.68152,0.001,0,0.266667,10262.9,0.939877,0.257444,-0.1,0.02,1,468.9,4.23936e+06,nan,nan,nan,nan,nan,nan,nan,nan,nan,nan,nan,nan,nan,nan,nan,nan,nan,nan,nan,nan
346,nan,nan,0.0142807,0,0,0.0286755,0.364597,0.00376509,0.0309067,1.68111,0.001,0,0.266667,10076,0.945554,0.273979,-0.1,0.02,1,470.121,4.25165e+06,nan,nan,nan,nan,nan,nan,nan,nan,nan,nan,nan,nan,nan,nan,nan,nan,nan,nan,nan,nan
347,nan,nan,0.014648,0,0,0.0259878,0.347391,0.00238767,0.0237283,1.68094,0.001,0,0.266654,9999.39,0.969044,0.259831,-0.1,0.02,1,471.351,4.26394e+06,nan,nan,nan,nan,nan,nan,nan,nan,nan,nan,nan,nan,nan,nan,nan,nan,nan,nan,nan,nan
348,nan,nan,0.0151513,0,0,0.0250265,0.324352,0.00544035,0.0204525,1.68133,0.001,0,0.266667,10326.9,0.931356,0.258541,-0.1,0.02,1,472.542,4.27622e+06,nan,nan,nan,nan,nan,nan,nan,nan,nan,nan,nan,nan,nan,nan,nan,nan,nan,nan,nan,nan
349,nan,nan,0.0153868,0,0,0.0231254,0.287746,0.00552302,0.0232462,1.68152,0.001,0,0.266667,10200.6,0.940935,0.263701,-0.1,0.02,1,473.748,4.28851e+06,nan,nan,nan,nan,nan,nan,nan,nan,nan,nan,nan,nan,nan,nan,nan,nan,nan,nan,nan,nan
350,3.29671,300,0.0155849,21.3333,0,0.0223355,0.282656,0.00372764,0.0207217,1.68152,0.001,0,0.266667,6923.31,1.51099,0.263884,-0.1,0.02,1,475.524,4.3008e+06,0,0,0.603174,0.000817896,-0.0836267,nan,0,nan,nan,nan,nan,0,nan,0,nan,-0.00768441,-0.131081,-0.089628,nan,nan
351,nan,nan,0.000496126,0,0,0.21889,1.35973,0.172193,0.0651215,1.68152,0.001,0,0.266667,9904.33,0.961329,0.279341,-0.1,0.02,1,476.766,4.31309e+06,nan,nan,nan,nan,nan,nan,nan,nan,nan,nan,nan,nan,nan,nan,nan,nan,nan,nan,nan,nan
352,nan,nan,0.00551481,0,0,0.136719,1.02942,0.0907877,0.0440079,1.68152,0.001,0,0.266667,9680.86,1.00221,0.267103,-0.1,0.02,1,478.036,4.32538e+06,nan,nan,nan,nan,nan,nan,nan,nan,nan,nan,nan,nan,nan,nan,nan,nan,nan,nan,nan,nan
353,nan,nan,0.00808106,0,0,0.0574654,0.56469,0.0248074,0.069773,1.68044,0.001,0,0.26664,10163.4,0.952126,0.256922,-0.1,0.02,1,479.246,4.33766e+06,nan,nan,nan,nan,nan,nan,nan,nan,nan,nan,nan,nan,nan,nan,nan,nan,nan,nan,nan,nan
354,nan,nan,0.0115514,0,0,0.0464276,0.518988,0.0138271,0.0272354,1.68062,0.001,0,0.266667,10214.2,0.943058,0.259974,-0.1,0.02,1,480.451,4.34995e+06,nan,nan,nan,nan,nan,nan,nan,nan,nan,nan,nan,nan,nan,nan,nan,nan,nan,nan,nan,nan
355,nan,nan,0.0128621,0,0,0.0366883,0.402282,0.00726633,0.016152,1.6815,0.001,0,0.266667,10335.5,0.929998,0.258917,-0.1,0.02,1,481.641,4.36224e+06,nan,nan,nan,nan,nan,nan,nan,nan,nan,nan,nan,nan,nan,nan,nan,nan,nan,nan,nan,nan
356,nan,nan,0.0137628,0,0,0.0324801,0.386036,0.00663168,0.0201444,1.68134,0.001,0,0.266662,9846.46,0.969948,0.278013,-0.1,0.02,1,482.89,4.37453e+06,nan,nan,nan,nan,nan,nan,nan,nan,nan,nan,nan,nan,nan,nan,nan,nan,nan,nan,nan,nan
357,nan,nan,0.0142163,0,0,0.0289313,0.367375,0.00612964,0.0195639,1.67957,0.001,0,0.266626,10259.8,0.939571,0.258118,-0.1,0.02,1,484.089,4.38682e+06,nan,nan,nan,nan,nan,nan,nan,nan,nan,nan,nan,nan,nan,nan,nan,nan,nan,nan,nan,nan
358,nan,nan,0.0143336,0,0,0.0272385,0.340993,0.00931343,0.0188312,1.67998,0.001,0,0.266667,10124,0.953638,0.260109,-0.1,0.02,1,485.304,4.3991e+06,nan,nan,nan,nan,nan,nan,nan,nan,nan,nan,nan,nan,nan,nan,nan,nan,nan,nan,nan,nan
359,nan,nan,0.0139557,0,0,0.0268042,0.336529,0.00912272,0.0194744,1.68145,0.001,0,0.266667,10165.2,0.950214,0.258621,-0.1,0.02,1,486.514,4.41139e+06,nan,nan,nan,nan,nan,nan,nan,nan,nan,nan,nan,nan,nan,nan,nan,nan,nan,nan,nan,nan
360,nan,nan,0.0137392,0,0,0.0261679,0.334146,0.00977112,0.0149441,1.68152,0.001,0,0.266667,9924.44,0.948654,0.289502,-0.1,0.02,1,487.753,4.42368e+06,nan,nan,nan,nan,nan,nan,nan,nan,nan,nan,nan,nan,nan,nan,nan,nan,nan,nan,nan,nan
361,nan,nan,0.0142254,0,0,0.0244457,0.324783,0.00513512,-0.000634686,1.68152,0.001,0,0.266667,9733.12,0.988362,0.274131,-0.1,0.02,1,489.017,4.43597e+06,nan,nan,nan,nan,nan,nan,nan,nan,nan,nan,nan,nan,nan,nan,nan,nan,nan,nan,nan,nan
362,nan,nan,0.014555,0,0,0.0238491,0.317651,0.00379653,0.0327642,1.68152,0.001,0,0.266667,10110.9,0.956684,0.258638,-0.1,0.02,1,490.233,4.44826e+06,nan,nan,nan,nan,nan,nan,nan,nan,nan,nan,nan,nan,nan,nan,nan,nan,nan,nan,nan,nan
363,3.47196,300,0.00167215,21.3333,0,0.115015,0.784784,0.155873,0.161505,1.68152,0.001,0,0.266667,6754.84,1.53931,0.27983,-0.1,0.02,1,492.053,4.46054e+06,0,0,0.648559,0.000619104,-0.0817017,nan,0,nan,nan,nan,nan,0,nan,0,nan,-0.00751473,-0.16209,-0.124,nan,nan
364,nan,nan,0.00450082,0,0,0.239922,1.54771,0.287489,0.205504,1.68152,0.001,0,0.266667,9548.74,1.00123,0.285637,-0.1,0.02,1,493.341,4.47283e+06,nan,nan,nan,nan,nan,nan,nan,nan,nan,nan,nan,nan,nan,nan,nan,nan,nan,nan,nan,nan
365,nan,nan,0.00624052,0,0,0.106176,0.971125,0.0591626,0.113719,1.68152,0.001,0,0.266667,10095.4,0.959576,0.257606,-0.1,0.02,1,494.56,4.48512e+06,nan,nan,nan,nan,nan,nan,nan,nan,nan,nan,nan,nan,nan,nan,nan,nan,nan,nan,nan,nan
366,nan,nan,0.00942018,0,0,0.0539211,0.627874,0.0160654,0.0688541,1.68152,0.001,0,0.266667,10455,0.919533,0.25579,-0.1,0.02,1,495.736,4.49741e+06,nan,nan,nan,nan,nan,nan,nan,nan,nan,nan,nan,nan,nan,nan,nan,nan,nan,nan,nan,nan
367,nan,nan,0.0105225,0,0,0.0371999,0.466362,0.0130631,0.0871379,1.68152,0.001,0,0.266667,10354.2,0.925029,0.261738,-0.1,0.02,1,496.924,4.5097e+06,nan,nan,nan,nan,nan,nan,nan,nan,nan,nan,nan,nan,nan,nan,nan,nan,nan,nan,nan,nan
368,nan,nan,0.0108714,0,0,0.0350359,0.376115,0.0369351,0.0571188,1.68152,0.001,0,0.266667,9466.4,0.9642,0.333865,-0.1,0.02,1,498.223,4.52198e+06,nan,nan,nan,nan,nan,nan,nan,nan,nan,nan,nan,nan,nan,nan,nan,nan,nan,nan,nan,nan
369,nan,nan,0.00994737,0,0,0.0303732,0.321453,0.0214681,0.00594097,1.68152,0.001,0,0.266667,10262.9,0.939495,0.257823,-0.1,0.02,1,499.422,4.53427e+06,nan,nan,nan,nan,nan,nan,nan,nan,nan,nan,nan,nan,nan,nan,nan,nan,nan,nan,nan,nan
370,nan,nan,0.0107195,0,0,0.024174,0.295672,0.0149954,0.0116961,1.68152,0.001,0,0.266667,10281.1,0.930712,0.264495,-0.1,0.02,1,500.618,4.54656e+06,nan,nan,nan,nan,nan,nan,nan,nan,nan,nan,nan,nan,nan,nan,nan,nan,nan,nan,nan,nan
371,nan,nan,0.0106224,0,0,0.0208416,0.263968,0.00960348,0.000867422,1.68152,0.001,0,0.266667,10353.8,0.928841,0.257971,-0.1,0.02,1,501.806,4.55885e+06,nan,nan,nan,nan,nan,nan,nan,nan,nan,nan,nan,nan,nan,nan,nan,nan,nan,nan,nan,nan
372,nan,nan,0.0103189,0,0,0.0238928,0.269412,0.0223392,0.0855816,1.68152,0.001,0,0.266667,10305.5,0.919894,0.272476,-0.1,0.02,1,502.999,4.57114e+06,nan,nan,nan,nan,nan,nan,nan,nan,nan,nan,nan,nan,nan,nan,nan,nan,nan,nan,nan,nan
373,nan,nan,0.00977929,0,0,0.0236925,0.257037,0.0298533,-0.0195897,1.68152,0.001,0,0.266667,10105.4,0.958743,0.25724,-0.1,0.02,1,504.216,4.58342e+06,nan,nan,nan,nan,nan,nan,nan,nan,nan,nan,nan,nan,nan,nan,nan,nan,nan,nan,nan,nan
374,nan,nan,0.00848122,0,0,0.0215213,0.228321,0.0125343,-0.0245411,1.68152,0.001,0,0.266667,10324.6,0.935051,0.255114,-0.1,0.02,1,505.408,4.59571e+06,nan,nan,nan,nan,nan,nan,nan,nan,nan,nan,nan,nan,nan,nan,nan,nan,nan,nan,nan,nan
375,2.52734,300,0.00958105,21.3333,0,0.0214965,0.225139,0.0112645,-0.0115267,1.68152,0.001,0,0.266667,7215.06,1.42225,0.280852,-0.1,0.02,1,507.112,4.608e+06,0,0,0.495672,0.000751241,-0.107876,nan,0,nan,nan,nan,nan,0,nan,0,nan,-0.0130003,-0.249704,-0.217689,nan,nan
376,nan,nan,-0.00590571,0,0,0.226662,1.43491,0.266762,0.196056,1.68143,0.001,0,0.266667,9881.8,0.981089,0.262409,-0.1,0.02,1,508.357,4.62029e+06,nan,nan,nan,nan,nan,nan,nan,nan,nan,nan,nan,nan,nan,nan,nan,nan,nan,nan,nan,nan
377,nan,nan,-0.0168905,0,0,0.112574,0.5937,0.0687889,0.0844589,1.68124,0.001,0,0.266658,9946.29,0.977646,0.25779,-0.1,0.02,1,509.593,4.63258e+06,nan,nan,nan,nan,nan,nan,nan,nan,nan,nan,nan,nan,nan,nan,nan,nan,nan,nan,nan,nan
378,nan,nan,-0.0100991,0,0,0.0728123,0.406036,0.0468088,0.181466,1.68138,0.001,0,0.266667,10167.1,0.954704,0.253903,-0.1,0.02,1,510.803,4.64486e+06,nan,nan,nan,nan,nan,nan,nan,nan,nan,nan,nan,nan,nan,nan,nan,nan,nan,nan,nan,nan
379,nan,nan,0.00390333,0,0,0.132434,0.992303,0.0950858,0.212462,1.68152,0.001,0,0.266667,10100.1,0.940748,0.275879,-0.1,0.02,1,512.021,4.65715e+06,nan,nan,nan,nan,nan,nan,nan,nan,nan,nan,nan,nan,nan,nan,nan,nan,nan,nan,nan,nan
380,nan,nan,0.00383938,0,0,0.0867454,0.641068,0.0411014,0.211695,1.68151,0.001,0,0.266666,10030.3,0.970546,0.254541,-0.1,0.02,1,513.247,4.66944e+06,nan,nan,nan,nan,nan,nan,nan,nan,nan,nan,nan,nan,nan,nan,nan,nan,nan,nan,nan,nan
381,nan,nan,-0.000389831,0,0,0.0792167,0.702612,0.0634173,0.218047,1.68137,0.001,0,0.266667,10133.8,0.958782,0.253792,-0.1,0.02,1,514.461,4.68173e+06,nan,nan,nan,nan,nan,nan,nan,nan,nan,nan,nan,nan,nan,nan,nan,nan,nan,nan,nan,nan
382,nan,nan,0.005016,0,0,0.0888355,0.765595,0.0451364,0.188184,1.68152,0.001,0,0.266667,10036.9,0.968533,0.255752,-0.1,0.02,1,515.687,4.69402e+06,nan,nan,nan,nan,nan,nan,nan,nan,nan,nan,nan,nan,nan,nan,nan,nan,nan,nan,nan,nan
383,nan,nan,0.00635674,0,0,0.0926923,0.750246,0.0698101,0.19379,1.68133,0.001,0,0.266667,10114.5,0.955305,0.259588,-0.1,0.02,1,516.903,4.7063e+06,nan,nan,nan,nan,nan,nan,nan,nan,nan,nan,nan,nan,nan,nan,nan,nan,nan,nan,nan,nan
384,nan,nan,0.00582444,0,0,0.0733698,0.604675,0.0611323,0.112721,1.68152,0.001,0,0.266667,9720.06,1.0022,0.261986,-0.1,0.02,1,518.168,4.71859e+06,nan,nan,nan,nan,nan,nan,nan,nan,nan,nan,nan,nan,nan,nan,nan,nan,nan,nan,nan,nan
385,nan,nan,0.00754393,0,0,0.0677326,0.559698,0.0430979,0.11597,1.68152,0.001,0,0.266667,10200.4,0.949744,0.254909,-0.1,0.02,1,519.374,4.73088e+06,nan,nan,nan,nan,nan,nan,nan,nan,nan,nan,nan,nan,nan,nan,nan,nan,nan,nan,nan,nan
386,nan,nan,0.00994803,0,0,0.0563912,0.483829,0.0248536,0.0571486,1.68152,0.001,0,0.266667,10395.6,0.930402,0.251638,-0.1,0.02,1,520.557,4.74317e+06,nan,nan,nan,nan,nan,nan,nan,nan,nan,nan,nan,nan,nan,nan,nan,nan,nan,nan,nan,nan
387,nan,nan,0.0101727,0,0,0.0462607,0.438627,0.0163803,0.0477338,1.67988,0.001,0,0.2666,10429.4,0.923045,0.255165,-0.1,0.02,1,521.736,4.75546e+06,nan,nan,nan,nan,nan,nan,nan,nan,nan,nan,nan,nan,nan,nan,nan,nan,nan,nan,nan,nan
388,0.583351,300,0.000251092,21.3333,0,0.118573,0.814481,0.105858,0.0827918,1.67993,0.001,0,0.266667,6937.31,1.51252,0.258771,-0.1,0.02,1,523.508,4.76774e+06,0,0,0.486715,0.000584602,-0.120793,nan,0,nan,nan,nan,nan,0,nan,0,nan,-0.0145443,-0.549746,-0.439201,nan,nan
389,nan,nan,0.00749204,0,0,0.224029,1.28083,0.0716304,0.0773723,1.68152,0.001,0,0.266667,10151.6,0.960524,0.24992,-0.1,0.02,1,524.72,4.78003e+06,nan,nan,nan,nan,nan,nan,nan,nan,nan,nan,nan,nan,nan,nan,nan,nan,nan,nan,nan,nan
390,nan,nan,0.00642725,0,0,0.0758434,0.598405,0.0504454,0.0586711,1.68152,0.001,0,0.266667,10499.7,0.912259,0.258065,-0.1,0.02,1,525.892,4.79232e+06,nan,nan,nan,nan,nan,nan,nan,nan,nan,nan,nan,nan,nan,nan,nan,nan,nan,nan,nan,nan
391,nan,nan,0.00844251,0,0,0.0354504,0.374157,0.076486,0.0825272,1.68152,0.001,0,0.266667,10355.1,0.92695,0.259706,-0.1,0.02,1,527.079,4.80461e+06,nan,nan,nan,nan,nan,nan,nan,nan,nan,nan,nan,nan,nan,nan,nan,nan,nan,nan,nan,nan
392,nan,nan,0.0103602,0,0,0.0278091,0.278446,0.0291992,0.0691973,1.68152,0.001,0,0.266667,10256.8,0.943407,0.254631,-0.1,0.02,1,528.279,4.8169e+06,nan,nan,nan,nan,nan,nan,nan,nan,nan,nan,nan,nan,nan,nan,nan,nan,nan,nan,nan,nan
393,nan,nan,0.0101875,0,0,0.0181983,0.192094,0.00981931,0.0345025,1.68152,0.001,0,0.266667,10220.1,0.944909,0.257431,-0.1,0.02,1,529.482,4.82918e+06,nan,nan,nan,nan,nan,nan,nan,nan,nan,nan,nan,nan,nan,nan,nan,nan,nan,nan,nan,nan
394,nan,nan,0.00959565,0,0,0.0138858,0.162457,0.0131498,0.0171967,1.68152,0.001,0,0.266667,9901.88,0.976688,0.264288,-0.1,0.02,1,530.724,4.84147e+06,nan,nan,nan,nan,nan,nan,nan,nan,nan,nan,nan,nan,nan,nan,nan,nan,nan,nan,nan,nan
395,nan,nan,0.01048,0,0,0.0132426,0.156379,0.0102131,0.0360117,1.68149,0.001,0,0.266667,10192.3,0.946525,0.259093,-0.1,0.02,1,531.931,4.85376e+06,nan,nan,nan,nan,nan,nan,nan,nan,nan,nan,nan,nan,nan,nan,nan,nan,nan,nan,nan,nan
396,nan,nan,0.0114854,0,0,0.0146651,0.172129,0.0476725,0.0502597,1.68152,0.001,0,0.266667,10241.8,0.948297,0.251494,-0.1,0.02,1,533.132,4.86605e+06,nan,nan,nan,nan,nan,nan,nan,nan,nan,nan,nan,nan,nan,nan,nan,nan,nan,nan,nan,nan
397,nan,nan,0.0120843,0,0,0.0149336,0.172335,0.0115661,0.0301449,1.68152,0.001,0,0.266667,10174.3,0.949925,0.257823,-0.1,0.02,1,534.341,4.87834e+06,nan,nan,nan,nan,nan,nan,nan,nan,nan,nan,nan,nan,nan,nan,nan,nan,nan,nan,nan,nan
398,nan,nan,0.0122542,0,0,0.0150537,0.16619,0.0110658,0.0350619,1.68152,0.001,0,0.266667,10221.1,0.939338,0.262879,-0.1,0.02,1,535.544,4.89062e+06,nan,nan,nan,nan,nan,nan,nan,nan,nan,nan,nan,nan,nan,nan,nan,nan,nan,nan,nan,nan
399,nan,nan,0.0121303,0,0,0.0165135,0.186436,0.00859533,0.0179482,1.68152,0.001,0,0.266667,10164.7,0.935287,0.273598,-0.1,0.02,1,536.754,4.90291e+06,nan,nan,nan,nan,nan,nan,nan,nan,nan,nan,nan,nan,nan,nan,nan,nan,nan,nan,nan,nan
400,2.84836,300,0.0124782,21.3333,0,0.0162808,0.172974,0.018974,0.0300947,1.68152,0.001,0,0.266667,196.685,62.1764,0.298971,-0.1,0.02,1,599.231,4.9152e+06,0,0,0.741176,0.000901029,-0.0804033,nan,0,nan,nan,nan,nan,0,nan,0,nan,-0.00793018,-0.24903,-0.179926,nan,nan
401,nan,nan,0.00492054,0,0,0.249319,1.48236,0.214585,0.0583638,1.68152,0.001,0,0.266667,10567.6,0.898846,0.26395,-0.1,0.02,1,601.846,4.92749e+06,nan,nan,nan,nan,nan,nan,nan,nan,nan,nan,nan,nan,nan,nan,nan,nan,nan,nan,nan,nan
402,nan,nan,0.00720199,0,0,0.1761,1.48227,0.0462585,0.0611918,1.68152,0.001,0,0.266666,10775,0.888518,0.251903,-0.1,0.02,1,602.988,4.93978e+06,nan,nan,nan,nan,nan,nan,nan,nan,nan,nan,nan,nan,nan,nan,nan,nan,nan,nan,nan,nan
403,nan,nan,0.00995446,0,0,0.0651006,0.852546,0.0189938,0.0538184,1.68152,0.001,0,0.266667,10845.2,0.882533,0.250498,-0.1,0.02,1,604.122,4.95206e+06,nan,nan,nan,nan,nan,nan,nan,nan,nan,nan,nan,nan,nan,nan,nan,nan,nan,nan,nan,nan
404,nan,nan,0.0115086,0,0,0.0461357,0.583944,0.0121889,0.0476624,1.68151,0.001,0,0.266667,10813,0.888841,0.247564,-0.1,0.02,1,605.259,4.96435e+06,nan,nan,nan,nan,nan,nan,nan,nan,nan,nan,nan,nan,nan,nan,nan,nan,nan,nan,nan,nan
405,nan,nan,0.0125607,0,0,0.0336108,0.365257,0.00676847,0.0366068,1.68152,0.001,0,0.266667,10731.6,0.897373,0.247652,-0.1,0.02,1,606.405,4.97664e+06,nan,nan,nan,nan,nan,nan,nan,nan,nan,nan,nan,nan,nan,nan,nan,nan,nan,nan,nan,nan
406,nan,nan,0.0132733,0,0,0.0255423,0.265494,0.00584674,0.0124302,1.68152,0.001,0,0.266667,10697.7,0.898145,0.250512,-0.1,0.02,1,607.555,4.98893e+06,nan,nan,nan,nan,nan,nan,nan,nan,nan,nan,nan,nan,nan,nan,nan,nan,nan,nan,nan,nan
407,nan,nan,0.0144158,0,0,0.0196145,0.202326,0.00541329,0.0130177,1.68127,0.001,0,0.266654,10609.1,0.908959,0.249293,-0.1,0.02,1,608.714,5.00122e+06,nan,nan,nan,nan,nan,nan,nan,nan,nan,nan,nan,nan,nan,nan,nan,nan,nan,nan,nan,nan
408,nan,nan,0.0148869,0,0,0.014949,0.16081,0.00522752,0.0268663,1.68098,0.001,0,0.266667,9494.98,0.915969,0.378188,-0.1,0.02,1,610.01,5.0135e+06,nan,nan,nan,nan,nan,nan,nan,nan,nan,nan,nan,nan,nan,nan,nan,nan,nan,nan,nan,nan
409,nan,nan,0.0154195,0,0,0.0126256,0.141921,0.00306103,0.0139786,1.68152,0.001,0,0.266667,10229.2,0.949577,0.251692,-0.1,0.02,1,611.213,5.02579e+06,nan,nan,nan,nan,nan,nan,nan,nan,nan,nan,nan,nan,nan,nan,nan,nan,nan,nan,nan,nan
410,nan,nan,0.0155005,0,0,0.0125587,0.133522,0.00447665,0.0157348,1.68151,0.001,0,0.266667,10355.8,0.926344,0.260242,-0.1,0.02,1,612.4,5.03808e+06,nan,nan,nan,nan,nan,nan,nan,nan,nan,nan,nan,nan,nan,nan,nan,nan,nan,nan,nan,nan
411,nan,nan,0.0160789,0,0,0.0120042,0.132687,0.00245437,0.0305224,1.68152,0.001,0,0.266667,10017.5,0.972416,0.254238,-0.1,0.02,1,613.628,5.05037e+06,nan,nan,nan,nan,nan,nan,nan,nan,nan,nan,nan,nan,nan,nan,nan,nan,nan,nan,nan,nan
412,nan,nan,0.0162553,0,0,0.011777,0.130454,0.00251172,0.00932514,1.68152,0.001,0,0.266667,9757.04,0.996526,0.262872,-0.1,0.02,1,614.889,5.06266e+06,nan,nan,nan,nan,nan,nan,nan,nan,nan,nan,nan,nan,nan,nan,nan,nan,nan,nan,nan,nan
413,3.84474,300,0.00298719,21.3333,0,0.0964629,0.61495,0.12991,0.0906704,1.68152,0.001,0,0.266667,6841.89,1.49549,0.30051,-0.1,0.02,1,616.686,5.07494e+06,0,0,0.756526,0.000768396,-0.0972862,nan,0,nan,nan,nan,nan,0,nan,0,nan,-0.00853374,-0.13696,-0.175362,nan,nan
414,nan,nan,0.0128473,0,0,0.266109,1.41228,0.0873646,0.182225,1.68152,0.001,0,0.266667,10313.3,0.94392,0.247546,-0.1,0.02,1,617.879,5.08723e+06,nan,nan,nan,nan,nan,nan,nan,nan,nan,nan,nan,nan,nan,nan,nan,nan,nan,nan,nan,nan
415,nan,nan,0.00770758,0,0,0.107512,0.977872,0.0323036,0.0816415,1.68152,0.001,0,0.266667,10384.3,0.930713,0.252615,-0.1,0.02,1,619.063,5.09952e+06,nan,nan,nan,nan,nan,nan,nan,nan,nan,nan,nan,nan,nan,nan,nan,nan,nan,nan,nan,nan
416,nan,nan,0.0106866,0,0,0.0475297,0.479989,0.0121366,0.0046266,1.68152,0.001,0,0.266667,10400.6,0.930539,0.250934,-0.1,0.02,1,620.246,5.11181e+06,nan,nan,nan,nan,nan,nan,nan,nan,nan,nan,nan,nan,nan,nan,nan,nan,nan,nan,nan,nan
417,nan,nan,0.013365,0,0,0.0232037,0.231264,0.00563865,0.00987397,1.68113,0.001,0,0.266657,9887.27,0.945948,0.296862,-0.1,0.02,1,621.49,5.1241e+06,nan,nan,nan,nan,nan,nan,nan,nan,nan,nan,nan,nan,nan,nan,nan,nan,nan,nan,nan,nan
418,nan,nan,0.0136877,0,0,0.0145035,0.150375,0.0193425,0.0116684,1.68145,0.001,0,0.266667,9919.98,0.991204,0.247508,-0.1,0.02,1,622.729,5.13638e+06,nan,nan,nan,nan,nan,nan,nan,nan,nan,nan,nan,nan,nan,nan,nan,nan,nan,nan,nan,nan
419,nan,nan,0.0137905,0,0,0.0114025,0.118398,0.0160061,-0.0150186,1.68152,0.001,0,0.266667,9229.22,1.01859,0.312836,-0.1,0.02,1,624.062,5.14867e+06,nan,nan,nan,nan,nan,nan,nan,nan,nan,nan,nan,nan,nan,nan,nan,nan,nan,nan,nan,nan
420,nan,nan,0.0141185,0,0,0.0119827,0.123448,0.0060476,-0.00387329,1.68152,0.001,0,0.266667,9336.06,1.01417,0.302014,-0.1,0.02,1,625.379,5.16096e+06,nan,nan,nan,nan,nan,nan,nan,nan,nan,nan,nan,nan,nan,nan,nan,nan,nan,nan,nan,nan
421,nan,nan,0.0144384,0,0,0.0115208,0.115551,0.00829166,-0.0161686,1.68151,0.001,0,0.266667,8463.78,1.15913,0.292707,-0.1,0.02,1,626.832,5.17325e+06,nan,nan,nan,nan,nan,nan,nan,nan,nan,nan,nan,nan,nan,nan,nan,nan,nan,nan,nan,nan
422,nan,nan,0.0145681,0,0,0.0114509,0.111283,0.00658172,-0.0196574,1.68071,0.001,0,0.266624,9755.6,0.98857,0.271014,-0.1,0.02,1,628.093,5.18554e+06,nan,nan,nan,nan,nan,nan,nan,nan,nan,nan,nan,nan,nan,nan,nan,nan,nan,nan,nan,nan
423,nan,nan,0.0149996,0,0,0.0110086,0.110063,0.00511637,-0.00703183,1.6758,0.001,0,0.266519,9621.11,1.00539,0.271805,-0.1,0.02,1,629.372,5.19782e+06,nan,nan,nan,nan,nan,nan,nan,nan,nan,nan,nan,nan,nan,nan,nan,nan,nan,nan,nan,nan
424,nan,nan,0.0151904,0,0,0.0112391,0.111612,0.00995124,0.0112326,1.67451,0.001,0,0.266604,10101.6,0.969715,0.24673,-0.1,0.02,1,630.589,5.21011e+06,nan,nan,nan,nan,nan,nan,nan,nan,nan,nan,nan,nan,nan,nan,nan,nan,nan,nan,nan,nan
425,3.73372,300,0.015406,21.3333,0,0.0139997,0.136026,0.0117195,0.0177581,1.67827,0.001,0,0.266635,7143.32,1.45825,0.261955,-0.1,0.02,1,632.31,5.2224e+06,0,0,0.712407,0.000832244,-0.0923571,nan,0,nan,nan,nan,nan,0,nan,0,nan,-0.0113639,-0.235814,-0.176203,nan,nan
426,nan,nan,0.00259081,0,0,0.216654,1.11051,0.187234,0.143028,1.68106,0.001,0,0.266667,9740.5,1.00843,0.253104,-0.1,0.02,1,633.573,5.23469e+06,nan,nan,nan,nan,nan,nan,nan,nan,nan,nan,nan,nan,nan,nan,nan,nan,nan,nan,nan,nan
427,nan,nan,0.00937023,0,0,0.189616,1.08864,0.0516691,0.0996535,1.68152,0.001,0,0.266667,9918.6,0.988325,0.250559,-0.1,0.02,1,634.813,5.24698e+06,nan,nan,nan,nan,nan,nan,nan,nan,nan,nan,nan,nan,nan,nan,nan,nan,nan,nan,nan,nan
428,nan,nan,0.0125134,0,0,0.0498364,0.438548,0.0211133,0.0526731,1.68152,0.001,0,0.266667,9749.89,1.00638,0.253947,-0.1,0.02,1,636.075,5.25926e+06,nan,nan,nan,nan,nan,nan,nan,nan,nan,nan,nan,nan,nan,nan,nan,nan,nan,nan,nan,nan
429,nan,nan,0.014698,0,0,0.0196236,0.188603,0.0298935,0.0366259,1.68152,0.001,0,0.266667,9359.59,1.03141,0.28147,-0.1,0.02,1,637.389,5.27155e+06,nan,nan,nan,nan,nan,nan,nan,nan,nan,nan,nan,nan,nan,nan,nan,nan,nan,nan,nan,nan
430,nan,nan,0.0155286,0,0,0.0131756,0.13088,0.0143496,0.0297679,1.68152,0.001,0,0.266667,9767.1,1.0078,0.250296,-0.1,0.02,1,638.648,5.28384e+06,nan,nan,nan,nan,nan,nan,nan,nan,nan,nan,nan,nan,nan,nan,nan,nan,nan,nan,nan,nan
431,nan,nan,0.0160517,0,0,0.0120347,0.120395,0.0087433,0.0346265,1.68098,0.001,0,0.266634,9677.3,1.01007,0.2597,-0.1,0.02,1,639.919,5.29613e+06,nan,nan,nan,nan,nan,nan,nan,nan,nan,nan,nan,nan,nan,nan,nan,nan,nan,nan,nan,nan
432,nan,nan,0.0158426,0,0,0.0128627,0.135431,0.00991545,0.0168294,1.68072,0.001,0,0.266667,9915.67,0.984693,0.254558,-0.1,0.02,1,641.16,5.30842e+06,nan,nan,nan,nan,nan,nan,nan,nan,nan,nan,nan,nan,nan,nan,nan,nan,nan,nan,nan,nan
433,nan,nan,0.0151076,0,0,0.0123375,0.128142,0.011669,0.00935926,1.68152,0.001,0,0.266667,9876.77,0.98243,0.261702,-0.1,0.02,1,642.405,5.3207e+06,nan,nan,nan,nan,nan,nan,nan,nan,nan,nan,nan,nan,nan,nan,nan,nan,nan,nan,nan,nan
434,nan,nan,0.0146879,0,0,0.0126472,0.130369,0.0117479,0.0148688,1.68152,0.001,0,0.266667,9669.74,0.987866,0.282903,-0.1,0.02,1,643.677,5.33299e+06,nan,nan,nan,nan,nan,nan,nan,nan,nan,nan,nan,nan,nan,nan,nan,nan,nan,nan,nan,nan
435,nan,nan,0.0153855,0,0,0.0119623,0.127615,0.0184783,0.0565743,1.68152,0.001,0,0.266667,9859.6,0.970891,0.275407,-0.1,0.02,1,644.924,5.34528e+06,nan,nan,nan,nan,nan,nan,nan,nan,nan,nan,nan,nan,nan,nan,nan,nan,nan,nan,nan,nan
436,nan,nan,0.0152393,0,0,0.0127275,0.133212,0.0342893,0.0613017,1.68152,0.001,0,0.266667,9738.42,1.00951,0.252296,-0.1,0.02,1,646.187,5.35757e+06,nan,nan,nan,nan,nan,nan,nan,nan,nan,nan,nan,nan,nan,nan,nan,nan,nan,nan,nan,nan
437,nan,nan,0.0158193,0,0,0.0127262,0.13632,0.0101151,0.0224586,1.6815,0.001,0,0.266661,9991.15,0.975102,0.254787,-0.1,0.02,1,647.418,5.36986e+06,nan,nan,nan,nan,nan,nan,nan,nan,nan,nan,nan,nan,nan,nan,nan,nan,nan,nan,nan,nan
438,4.10323,300,0.000970996,21.3333,0,0.0942233,0.551012,0.146589,0.0970963,1.68107,0.001,0,0.266667,6896.06,1.52953,0.252361,-0.1,0.02,1,649.201,5.38214e+06,0,0,0.74792,0.00081769,-0.092811,nan,0,nan,nan,nan,nan,0,nan,0,nan,-0.00982022,-0.214362,-0.156492,nan,nan
439,nan,nan,0.00330754,0,0,0.237782,1.0979,0.400036,0.205868,1.68152,0.001,0,0.266667,9889.73,0.98885,0.253651,-0.1,0.02,1,650.445,5.39443e+06,nan,nan,nan,nan,nan,nan,nan,nan,nan,nan,nan,nan,nan,nan,nan,nan,nan,nan,nan,nan
440,nan,nan,0.0102789,0,0,0.0819436,0.574392,0.0734194,0.0827349,1.68152,0.001,0,0.266667,10028.6,0.974484,0.250812,-0.1,0.02,1,651.672,5.40672e+06,nan,nan,nan,nan,nan,nan,nan,nan,nan,nan,nan,nan,nan,nan,nan,nan,nan,nan,nan,nan
441,nan,nan,0.0136048,0,0,0.0344096,0.291496,0.0395651,0.125971,1.6814,0.001,0,0.266667,9921.21,0.974247,0.264312,-0.1,0.02,1,652.911,5.41901e+06,nan,nan,nan,nan,nan,nan,nan,nan,nan,nan,nan,nan,nan,nan,nan,nan,nan,nan,nan,nan
442,nan,nan,0.0156345,0,0,0.0203121,0.190143,0.00902571,0.0510811,1.68152,0.001,0,0.266667,9975.89,0.981148,0.250622,-0.1,0.02,1,654.144,5.4313e+06,nan,nan,nan,nan,nan,nan,nan,nan,nan,nan,nan,nan,nan,nan,nan,nan,nan,nan,nan,nan
443,nan,nan,0.0163131,0,0,0.0161438,0.155402,0.0115478,0.105227,1.68152,0.001,0,0.266667,9789.53,0.963928,0.291291,-0.1,0.02,1,655.4,5.44358e+06,nan,nan,nan,nan,nan,nan,nan,nan,nan,nan,nan,nan,nan,nan,nan,nan,nan,nan,nan,nan
444,nan,nan,0.0163263,0,0,0.0143282,0.147932,0.00477364,0.0305469,1.68152,0.001,0,0.266667,10163.7,0.956576,0.252432,-0.1,0.02,1,656.611,5.45587e+06,nan,nan,nan,nan,nan,nan,nan,nan,nan,nan,nan,nan,nan,nan,nan,nan,nan,nan,nan,nan
445,nan,nan,0.0160876,0,0,0.0122498,0.139382,0.00997275,0.0138912,1.68152,0.001,0,0.266667,9598.46,1.00545,0.27476,-0.1,0.02,1,657.892,5.46816e+06,nan,nan,nan,nan,nan,nan,nan,nan,nan,nan,nan,nan,nan,nan,nan,nan,nan,nan,nan,nan
446,nan,nan,0.0161645,0,0,0.0122903,0.14559,0.00575334,0.0581866,1.68152,0.001,0,0.266667,9879.78,0.981722,0.26203,-0.1,0.02,1,659.137,5.48045e+06,nan,nan,nan,nan,nan,nan,nan,nan,nan,nan,nan,nan,nan,nan,nan,nan,nan,nan,nan,nan
447,nan,nan,0.0165165,0,0,0.014017,0.151765,0.00469502,0.0302259,1.68151,0.001,0,0.266667,10089.4,0.965572,0.252335,-0.1,0.02,1,660.356,5.49274e+06,nan,nan,nan,nan,nan,nan,nan,nan,nan,nan,nan,nan,nan,nan,nan,nan,nan,nan,nan,nan
448,nan,nan,0.0169442,0,0,0.0127373,0.148595,0.00420066,-0.00870259,1.68152,0.001,0,0.266667,9992.75,0.972262,0.257429,-0.1,0.02,1,661.587,5.50502e+06,nan,nan,nan,nan,nan,nan,nan,nan,nan,nan,nan,nan,nan,nan,nan,nan,nan,nan,nan,nan
449,nan,nan,0.0170294,0,0,0.0114237,0.135217,0.00439939,-0.00928158,1.68152,0.001,0,0.266667,9766.78,0.98903,0.269112,-0.1,0.02,1,662.847,5.51731e+06,nan,nan,nan,nan,nan,nan,nan,nan,nan,nan,nan,nan,nan,nan,nan,nan,nan,nan,nan,nan
450,4.02765,300,0.0167732,21.3333,0,0.0120399,0.141116,0.0205358,0.0498256,1.68152,0.001,0,0.266667,7134.8,1.46247,0.259796,-0.1,0.02,1,664.57,5.5296e+06,0,0,0.705385,0.000730667,-0.138934,nan,0,nan,nan,nan,nan,0,nan,0,nan,-0.00927933,-0.136514,-0.145781,nan,nan
451,nan,nan,-0.0120151,0,0,0.204512,1.00348,0.178736,0.18608,1.68152,0.001,0,0.266667,9602.42,1.01715,0.262532,-0.1,0.02,1,665.851,5.54189e+06,nan,nan,nan,nan,nan,nan,nan,nan,nan,nan,nan,nan,nan,nan,nan,nan,nan,nan,nan,nan
452,nan,nan,0.00703478,0,0,0.167134,0.998832,0.0496668,0.120926,1.68152,0.001,0,0.266667,10167.3,0.954737,0.253841,-0.1,0.02,1,667.061,5.55418e+06,nan,nan,nan,nan,nan,nan,nan,nan,nan,nan,nan,nan,nan,nan,nan,nan,nan,nan,nan,nan
453,nan,nan,0.0112451,0,0,0.0731076,0.60129,0.0321587,0.0564738,1.6815,0.001,0,0.266667,10029.9,0.968987,0.256149,-0.1,0.02,1,668.287,5.56646e+06,nan,nan,nan,nan,nan,nan,nan,nan,nan,nan,nan,nan,nan,nan,nan,nan,nan,nan,nan,nan
454,nan,nan,0.0145457,0,0,0.0341863,0.350382,0.0162725,0.0591465,1.68149,0.001,0,0.266667,10206.2,0.949342,0.254631,-0.1,0.02,1,669.492,5.57875e+06,nan,nan,nan,nan,nan,nan,nan,nan,nan,nan,nan,nan,nan,nan,nan,nan,nan,nan,nan,nan
455,nan,nan,0.0165749,0,0,0.0220824,0.228789,0.00702736,0.0412144,1.68152,0.001,0,0.266667,10136.5,0.962389,0.249869,-0.1,0.02,1,670.705,5.59104e+06,nan,nan,nan,nan,nan,nan,nan,nan,nan,nan,nan,nan,nan,nan,nan,nan,nan,nan,nan,nan
456,nan,nan,0.0180291,0,0,0.0157713,0.168573,0.00358523,0.0508359,1.68152,0.001,0,0.266667,10065.4,0.973356,0.247465,-0.1,0.02,1,671.927,5.60333e+06,nan,nan,nan,nan,nan,nan,nan,nan,nan,nan,nan,nan,nan,nan,nan,nan,nan,nan,nan,nan
457,nan,nan,0.018623,0,0,0.0132388,0.142282,0.00369282,0.0224207,1.68148,0.001,0,0.266667,10073,0.957959,0.261937,-0.1,0.02,1,673.148,5.61562e+06,nan,nan,nan,nan,nan,nan,nan,nan,nan,nan,nan,nan,nan,nan,nan,nan,nan,nan,nan,nan
458,nan,nan,0.0190608,0,0,0.0111466,0.131123,0.00222139,0.00595743,1.68152,0.001,0,0.266667,10047.8,0.971608,0.251347,-0.1,0.02,1,674.372,5.6279e+06,nan,nan,nan,nan,nan,nan,nan,nan,nan,nan,nan,nan,nan,nan,nan,nan,nan,nan,nan,nan
459,nan,nan,0.018987,0,0,0.0108475,0.126391,0.000963746,0.004071,1.68152,0.001,0,0.266667,10031.1,0.969597,0.255398,-0.1,0.02,1,675.598,5.64019e+06,nan,nan,nan,nan,nan,nan,nan,nan,nan,nan,nan,nan,nan,nan,nan,nan,nan,nan,nan,nan
460,nan,nan,0.0188751,0,0,0.010258,0.118679,0.000836818,-0.00044898,1.68152,0.001,0,0.266667,10077.3,0.96386,0.25552,-0.1,0.02,1,676.819,5.65248e+06,nan,nan,nan,nan,nan,nan,nan,nan,nan,nan,nan,nan,nan,nan,nan,nan,nan,nan,nan,nan
461,nan,nan,0.0189631,0,0,0.00928024,0.113097,0.00055371,0.0116296,1.68104,0.001,0,0.266632,10014.2,0.970967,0.256089,-0.1,0.02,1,678.047,5.66477e+06,nan,nan,nan,nan,nan,nan,nan,nan,nan,nan,nan,nan,nan,nan,nan,nan,nan,nan,nan,nan
462,nan,nan,0.0191116,0,0,0.00893169,0.107879,0.000565182,0.0208042,1.67794,0.001,0,0.266642,10193.9,0.952603,0.252829,-0.1,0.02,1,679.254,5.67706e+06,nan,nan,nan,nan,nan,nan,nan,nan,nan,nan,nan,nan,nan,nan,nan,nan,nan,nan,nan,nan
463,4.28621,300,0.00111214,21.3333,0,0.105719,0.652838,0.0700256,0.118491,1.68083,0.001,0,0.266667,7197.94,1.45497,0.252183,-0.1,0.02,1,680.962,5.68934e+06,0,0,0.76839,0.000824496,-0.126941,nan,0,nan,nan,nan,nan,0,nan,0,nan,-0.00679696,-0.0599674,-0.121209,nan,nan
464,nan,nan,0.00820409,0,0,0.211645,1.2409,0.0897789,0.131946,1.68152,0.001,0,0.266667,10287.2,0.944242,0.250258,-0.1,0.02,1,682.158,5.70163e+06,nan,nan,nan,nan,nan,nan,nan,nan,nan,nan,nan,nan,nan,nan,nan,nan,nan,nan,nan,nan
465,nan,nan,0.00956058,0,0,0.0852294,0.704716,0.0305805,0.119287,1.68149,0.001,0,0.266667,10316.8,0.935922,0.255145,-0.1,0.02,1,683.35,5.71392e+06,nan,nan,nan,nan,nan,nan,nan,nan,nan,nan,nan,nan,nan,nan,nan,nan,nan,nan,nan,nan
466,nan,nan,0.0134593,0,0,0.0341485,0.329574,0.00839039,0.0529092,1.68152,0.001,0,0.266667,10443.5,0.93183,0.244786,-0.1,0.02,1,684.527,5.72621e+06,nan,nan,nan,nan,nan,nan,nan,nan,nan,nan,nan,nan,nan,nan,nan,nan,nan,nan,nan,nan
467,nan,nan,0.0158453,0,0,0.0198008,0.210844,0.00359422,0.0492541,1.68137,0.001,0,0.266661,10438.2,0.931588,0.245631,-0.1,0.02,1,685.706,5.7385e+06,nan,nan,nan,nan,nan,nan,nan,nan,nan,nan,nan,nan,nan,nan,nan,nan,nan,nan,nan,nan
468,nan,nan,0.0171128,0,0,0.0142793,0.158537,0.00272826,0.0801497,1.68142,0.001,0,0.266667,10240.7,0.942356,0.257557,-0.1,0.02,1,686.907,5.75078e+06,nan,nan,nan,nan,nan,nan,nan,nan,nan,nan,nan,nan,nan,nan,nan,nan,nan,nan,nan,nan
469,nan,nan,0.0173644,0,0,0.0129164,0.146786,0.0015101,0.0693824,1.68152,0.001,0,0.266664,10046.3,0.960676,0.262456,-0.1,0.02,1,688.131,5.76307e+06,nan,nan,nan,nan,nan,nan,nan,nan,nan,nan,nan,nan,nan,nan,nan,nan,nan,nan,nan,nan
470,nan,nan,0.0176065,0,0,0.0128936,0.143439,0.00126164,0.0543949,1.68092,0.001,0,0.266647,10256.9,0.947634,0.250386,-0.1,0.02,1,689.33,5.77536e+06,nan,nan,nan,nan,nan,nan,nan,nan,nan,nan,nan,nan,nan,nan,nan,nan,nan,nan,nan,nan
471,nan,nan,0.0177363,0,0,0.0130867,0.143305,0.000962718,0.0268292,1.6801,0.001,0,0.266653,9992.83,0.972263,0.257419,-0.1,0.02,1,690.561,5.78765e+06,nan,nan,nan,nan,nan,nan,nan,nan,nan,nan,nan,nan,nan,nan,nan,nan,nan,nan,nan,nan
472,nan,nan,0.0176463,0,0,0.0127041,0.141661,0.00118382,0.035601,1.68081,0.001,0,0.266629,10332.6,0.937503,0.251747,-0.1,0.02,1,691.751,5.79994e+06,nan,nan,nan,nan,nan,nan,nan,nan,nan,nan,nan,nan,nan,nan,nan,nan,nan,nan,nan,nan
473,nan,nan,0.0177843,0,0,0.0119771,0.137516,0.000879699,0.0299137,1.67828,0.001,0,0.266616,9941.8,0.963506,0.272487,-0.1,0.02,1,692.989,5.81222e+06,nan,nan,nan,nan,nan,nan,nan,nan,nan,nan,nan,nan,nan,nan,nan,nan,nan,nan,nan,nan
474,nan,nan,0.0180195,0,0,0.0117102,0.136388,0.000945925,0.0240201,1.67778,0.001,0,0.266651,10205,0.950334,0.253781,-0.1,0.02,1,694.194,5.82451e+06,nan,nan,nan,nan,nan,nan,nan,nan,nan,nan,nan,nan,nan,nan,nan,nan,nan,nan,nan,nan
475,4.31765,300,0.0180074,21.3333,0,0.0114644,0.134255,0.0006966,0.0219116,1.68096,0.001,0,0.266646,7088.16,1.47485,0.258744,-0.1,0.02,1,695.928,5.8368e+06,0,0,0.713497,0.000752385,-0.104088,nan,0,nan,nan,nan,nan,0,nan,0,nan,-0.00696465,-0.103141,-0.154511,nan,nan
476,nan,nan,-0.000201755,0,0,0.207261,1.06101,0.0865714,0.0707215,1.68124,0.001,0,0.266667,10217.1,0.949282,0.253403,-0.1,0.02,1,697.133,5.84909e+06,nan,nan,nan,nan,nan,nan,nan,nan,nan,nan,nan,nan,nan,nan,nan,nan,nan,nan,nan,nan
477,nan,nan,0.00849161,0,0,0.144976,1.01499,0.0410937,0.0322674,1.68152,0.001,0,0.266667,9704.38,0.953872,0.31236,-0.1,0.02,1,698.401,5.86138e+06,nan,nan,nan,nan,nan,nan,nan,nan,nan,nan,nan,nan,nan,nan,nan,nan,nan,nan,nan,nan
478,nan,nan,0.0121556,0,0,0.0401627,0.397834,0.0161581,0.0281447,1.68152,0.001,0,0.266667,9850.15,0.965123,0.282371,-0.1,0.02,1,699.649,5.87366e+06,nan,nan,nan,nan,nan,nan,nan,nan,nan,nan,nan,nan,nan,nan,nan,nan,nan,nan,nan,nan
479,nan,nan,0.0151135,0,0,0.0212075,0.206021,0.00753579,0.0334163,1.68152,0.001,0,0.266667,9802.28,0.974634,0.278952,-0.1,0.02,1,700.904,5.88595e+06,nan,nan,nan,nan,nan,nan,nan,nan,nan,nan,nan,nan,nan,nan,nan,nan,nan,nan,nan,nan
480,nan,nan,0.0162595,0,0,0.0169767,0.16259,0.00469281,0.0496735,1.68152,0.001,0,0.266667,10105.1,0.953356,0.262661,-0.1,0.02,1,702.121,5.89824e+06,nan,nan,nan,nan,nan,nan,nan,nan,nan,nan,nan,nan,nan,nan,nan,nan,nan,nan,nan,nan
481,nan,nan,0.0167456,0,0,0.0146542,0.150222,0.00283553,0.0257581,1.68123,0.001,0,0.266667,9657.85,0.979521,0.292812,-0.1,0.02,1,703.395,5.91053e+06,nan,nan,nan,nan,nan,nan,nan,nan,nan,nan,nan,nan,nan,nan,nan,nan,nan,nan,nan,nan
482,nan,nan,0.0167355,0,0,0.0151929,0.156045,0.00260623,0.0499583,1.68151,0.001,0,0.266667,9744.08,0.985222,0.275851,-0.1,0.02,1,704.657,5.92282e+06,nan,nan,nan,nan,nan,nan,nan,nan,nan,nan,nan,nan,nan,nan,nan,nan,nan,nan,nan,nan
483,nan,nan,0.0161879,0,0,0.0154359,0.162676,0.00313246,0.0349978,1.68045,0.001,0,0.266613,9749.59,0.991859,0.268502,-0.1,0.02,1,705.918,5.9351e+06,nan,nan,nan,nan,nan,nan,nan,nan,nan,nan,nan,nan,nan,nan,nan,nan,nan,nan,nan,nan
484,nan,nan,0.0155924,0,0,0.0157557,0.167473,0.0109203,0.054862,1.68,0.001,0,0.266667,9611.58,0.973419,0.305039,-0.1,0.02,1,707.198,5.94739e+06,nan,nan,nan,nan,nan,nan,nan,nan,nan,nan,nan,nan,nan,nan,nan,nan,nan,nan,nan,nan
485,nan,nan,0.0148581,0,0,0.0157978,0.174872,0.00882077,0.0371204,1.68152,0.001,0,0.266667,9596.35,1.001,0.279491,-0.1,0.02,1,708.479,5.95968e+06,nan,nan,nan,nan,nan,nan,nan,nan,nan,nan,nan,nan,nan,nan,nan,nan,nan,nan,nan,nan
486,nan,nan,0.0133817,0,0,0.0144947,0.161511,0.00746647,0.022829,1.68114,0.001,0,0.266642,9763.13,0.983636,0.274977,-0.1,0.02,1,709.739,5.97197e+06,nan,nan,nan,nan,nan,nan,nan,nan,nan,nan,nan,nan,nan,nan,nan,nan,nan,nan,nan,nan
487,nan,nan,0.012138,0,0,0.0126526,0.147864,0.00912043,0.028535,1.67955,0.001,0,0.26666,9930.85,0.967912,0.269444,-0.1,0.02,1,710.978,5.98426e+06,nan,nan,nan,nan,nan,nan,nan,nan,nan,nan,nan,nan,nan,nan,nan,nan,nan,nan,nan,nan
488,3.92166,300,-0.0015162,21.3333,0,0.105677,0.602951,0.045103,0.113279,1.68148,0.001,0,0.266667,6892.5,1.50033,0.282476,-0.1,0.02,1,712.762,5.99654e+06,0,0,0.734042,0.000968735,-0.088228,nan,0,nan,nan,nan,nan,0,nan,0,nan,-0.00712359,-0.169242,-0.13607,nan,nan
489,nan,nan,0.00484603,0,0,0.230207,1.34734,0.13868,0.160608,1.68152,0.001,0,0.266667,9843.73,0.976944,0.271363,-0.1,0.02,1,714.011,6.00883e+06,nan,nan,nan,nan,nan,nan,nan,nan,nan,nan,nan,nan,nan,nan,nan,nan,nan,nan,nan,nan
490,nan,nan,0.00787615,0,0,0.0783159,0.677001,0.0706756,0.127918,1.68152,0.001,0,0.266667,9820.5,0.978305,0.272955,-0.1,0.02,1,715.264,6.02112e+06,nan,nan,nan,nan,nan,nan,nan,nan,nan,nan,nan,nan,nan,nan,nan,nan,nan,nan,nan,nan
491,nan,nan,0.0110863,0,0,0.0338759,0.292285,0.0134023,0.0211995,1.68152,0.001,0,0.266667,9823.26,0.97848,0.272429,-0.1,0.02,1,716.516,6.03341e+06,nan,nan,nan,nan,nan,nan,nan,nan,nan,nan,nan,nan,nan,nan,nan,nan,nan,nan,nan,nan
492,nan,nan,0.00981964,0,0,0.0192204,0.179895,0.0188939,0.0178317,1.68152,0.001,0,0.266667,8582.16,1.11132,0.320485,-0.1,0.02,1,717.949,6.0457e+06,nan,nan,nan,nan,nan,nan,nan,nan,nan,nan,nan,nan,nan,nan,nan,nan,nan,nan,nan,nan
493,nan,nan,0.00993804,0,0,0.014338,0.138777,0.00864379,-0.0135499,1.68151,0.001,0,0.266667,9383.1,1.03658,0.273012,-0.1,0.02,1,719.26,6.05798e+06,nan,nan,nan,nan,nan,nan,nan,nan,nan,nan,nan,nan,nan,nan,nan,nan,nan,nan,nan,nan
494,nan,nan,0.0121008,0,0,0.0138839,0.136257,0.0100998,0.0152711,1.68148,0.001,0,0.266667,9375.34,1.03783,0.272843,-0.1,0.02,1,720.571,6.07027e+06,nan,nan,nan,nan,nan,nan,nan,nan,nan,nan,nan,nan,nan,nan,nan,nan,nan,nan,nan,nan
495,nan,nan,0.0116544,0,0,0.012412,0.125453,0.00813135,-0.0192888,1.68152,0.001,0,0.266667,9616.51,1.0015,0.276303,-0.1,0.02,1,721.85,6.08256e+06,nan,nan,nan,nan,nan,nan,nan,nan,nan,nan,nan,nan,nan,nan,nan,nan,nan,nan,nan,nan
496,nan,nan,0.010653,0,0,0.0120309,0.124614,0.0100738,0.000247514,1.68152,0.001,0,0.266667,9097.24,1.06572,0.28502,-0.1,0.02,1,723.202,6.09485e+06,nan,nan,nan,nan,nan,nan,nan,nan,nan,nan,nan,nan,nan,nan,nan,nan,nan,nan,nan,nan
497,nan,nan,0.00958874,0,0,0.0110143,0.116262,0.0203671,-0.00841803,1.68152,0.001,0,0.266667,9638.15,0.998859,0.276074,-0.1,0.02,1,724.478,6.10714e+06,nan,nan,nan,nan,nan,nan,nan,nan,nan,nan,nan,nan,nan,nan,nan,nan,nan,nan,nan,nan
498,nan,nan,0.00819553,0,0,0.0109113,0.116192,0.0152528,-0.0141497,1.68152,0.001,0,0.266667,9250.12,1.05161,0.276802,-0.1,0.02,1,725.807,6.11942e+06,nan,nan,nan,nan,nan,nan,nan,nan,nan,nan,nan,nan,nan,nan,nan,nan,nan,nan,nan,nan
499,nan,nan,0.00866902,0,0,0.011311,0.119737,0.0153067,-0.00980675,1.6815,0.001,0,0.266667,9345.21,1.04018,0.274721,-0.1,0.02,1,727.124,6.13171e+06,nan,nan,nan,nan,nan,nan,nan,nan,nan,nan,nan,nan,nan,nan,nan,nan,nan,nan,nan,nan
500,2.61454,300,0.0119724,21.3333,0,0.0240651,0.201692,0.0282743,0.000896673,1.68152,0.001,0,0.266667,6297.44,1.61912,0.332153,-0.1,0.02,1,729.076,6.144e+06,0,0,0.627073,0.000723158,-0.108858,nan,0,nan,nan,nan,nan,0,nan,0,nan,-0.00772854,-0.347181,-0.165677,nan,nan
501,nan,nan,-0.015522,0,0,0.196755,1.17342,0.275773,0.171142,1.67905,1e-05,6.84891,0.266642,9315.89,1.02195,0.297087,-0.2,0.05,1,1.3192,6.15629e+06,nan,nan,nan,nan,nan,nan,nan,nan,nan,nan,nan,nan,nan,nan,nan,nan,nan,nan,nan,nan
502,nan,nan,0.00206851,0,0,0.137008,1.00085,0.0657132,-0.00945868,1.68031,1e-05,0.0169389,0.266652,10344.1,0.92973,0.258194,-0.2,0.05,1,2.51007,6.16858e+06,nan,nan,nan,nan,nan,nan,nan,nan,nan,nan,nan,nan,nan,nan,nan,nan,nan,nan,nan,nan
503,nan,nan,0.00807329,0,0,0.0636369,0.577377,0.0298464,-0.0135917,1.6808,5.0625e-05,0.020203,0.266658,10325.3,0.925702,0.26439,-0.2,0.05,1,3.7014,6.18086e+06,nan,nan,nan,nan,nan,nan,nan,nan,nan,nan,nan,nan,nan,nan,nan,nan,nan,nan,nan,nan
504,nan,nan,0.0122693,0,0,0.0412316,0.418943,0.0105653,-0.0115917,1.68096,2.25e-05,0.0115484,0.266658,10266.8,0.941308,0.255562,-0.2,0.05,1,4.89936,6.19315e+06,nan,nan,nan,nan,nan,nan,nan,nan,nan,nan,nan,nan,nan,nan,nan,nan,nan,nan,nan,nan
505,nan,nan,0.0150091,0,0,0.0260773,0.290378,0.00418872,-0.0125507,1.68073,0.000113906,0.0164644,0.266649,10233.4,0.943235,0.257535,-0.2,0.05,1,6.10141,6.20544e+06,nan,nan,nan,nan,nan,nan,nan,nan,nan,nan,nan,nan,nan,nan,nan,nan,nan,nan,nan,nan
506,nan,nan,0.0165831,0,0,0.0172088,0.200171,0.00200431,-0.0107778,1.67962,0.000113906,0.013791,0.266629,9991.44,0.973007,0.256845,-0.2,0.05,1,7.33232,6.21773e+06,nan,nan,nan,nan,nan,nan,nan,nan,nan,nan,nan,nan,nan,nan,nan,nan,nan,nan,nan,nan
507,nan,nan,0.0173475,0,0,0.0133046,0.163168,0.00116639,-0.00684957,1.67688,0.000170859,0.0147902,0.26656,9883.63,0.984286,0.258982,-0.2,0.05,1,8.57674,6.23002e+06,nan,nan,nan,nan,nan,nan,nan,nan,nan,nan,nan,nan,nan,nan,nan,nan,nan,nan,nan,nan
508,nan,nan,0.0176874,0,0,0.0117314,0.144149,0.000723506,-0.00750817,1.67332,0.000170859,0.0126222,0.266566,10077.5,0.964303,0.255053,-0.2,0.05,1,9.79719,6.2423e+06,nan,nan,nan,nan,nan,nan,nan,nan,nan,nan,nan,nan,nan,nan,nan,nan,nan,nan,nan,nan
509,nan,nan,0.017677,0,0,0.0102351,0.127192,0.00118824,-0.00672387,1.67436,0.000113906,0.0153727,0.266572,9936.43,0.953249,0.283412,-0.2,0.05,1,11.035,6.25459e+06,nan,nan,nan,nan,nan,nan,nan,nan,nan,nan,nan,nan,nan,nan,nan,nan,nan,nan,nan,nan
510,nan,nan,0.0177553,0,0,0.0102982,0.127913,0.000595352,-0.00927524,1.67567,7.59375e-05,0.0204156,0.266601,10034.8,0.969924,0.254614,-0.2,0.05,1,12.2606,6.26688e+06,nan,nan,nan,nan,nan,nan,nan,nan,nan,nan,nan,nan,nan,nan,nan,nan,nan,nan,nan,nan
511,nan,nan,0.0178957,0,0,0.0100414,0.125038,0.000591423,-0.00710977,1.67717,7.59375e-05,0.0115304,0.266597,10179.2,0.952237,0.254934,-0.2,0.05,1,13.4688,6.27917e+06,nan,nan,nan,nan,nan,nan,nan,nan,nan,nan,nan,nan,nan,nan,nan,nan,nan,nan,nan,nan
512,nan,nan,0.0179482,0,0,0.00993077,0.124846,0.000435876,-0.00833611,1.67554,5.0625e-05,0.0110671,0.266563,9806.45,0.971049,0.282004,-0.2,0.05,1,14.723,6.29146e+06,nan,nan,nan,nan,nan,nan,nan,nan,nan,nan,nan,nan,nan,nan,nan,nan,nan,nan,nan,nan
513,3.69158,300,-0.0024092,21.3333,0,0.0879171,0.608163,0.100953,-0.00947479,1.67422,1e-05,0.0170289,0.266562,6875.16,1.50788,0.279422,-0.2,0.05,1,16.5114,6.30374e+06,0,0,0.715812,0.000799791,-0.17792,nan,0,nan,nan,nan,nan,0,nan,0,nan,-0.00720795,-0.0853711,-0.122005,nan,nan
514,nan,nan,-0.00189183,0,0,0.207154,1.1821,0.0734724,-0.010843,1.67497,5.0625e-05,0.0164282,0.266584,10049.1,0.966617,0.256175,-0.2,0.05,1,17.7357,6.31603e+06,nan,nan,nan,nan,nan,nan,nan,nan,nan,nan,nan,nan,nan,nan,nan,nan,nan,nan,nan,nan
515,nan,nan,0.00370599,0,0,0.0913603,0.724054,0.03445,-0.0151952,1.67669,1.5e-05,0.0194097,0.266602,9742.09,0.991462,0.269869,-0.2,0.05,1,18.9983,6.32832e+06,nan,nan,nan,nan,nan,nan,nan,nan,nan,nan,nan,nan,nan,nan,nan,nan,nan,nan,nan,nan
516,nan,nan,0.00849704,0,0,0.0543048,0.528865,0.014907,-0.0133968,1.67851,7.59375e-05,0.0214782,0.266638,10116.8,0.958331,0.256284,-0.2,0.05,1,20.2141,6.34061e+06,nan,nan,nan,nan,nan,nan,nan,nan,nan,nan,nan,nan,nan,nan,nan,nan,nan,nan,nan,nan
517,nan,nan,0.0124551,0,0,0.033923,0.354192,0.00594895,-0.0111533,1.6797,3.375e-05,0.0163988,0.266643,10208.6,0.944801,0.258891,-0.2,0.05,1,21.4189,6.3529e+06,nan,nan,nan,nan,nan,nan,nan,nan,nan,nan,nan,nan,nan,nan,nan,nan,nan,nan,nan,nan
518,nan,nan,0.0145893,0,0,0.0202831,0.234355,0.00294986,-0.0116544,1.67983,0.000113906,0.0149152,0.26664,9836.4,0.992366,0.256871,-0.2,0.05,1,22.6693,6.36518e+06,nan,nan,nan,nan,nan,nan,nan,nan,nan,nan,nan,nan,nan,nan,nan,nan,nan,nan,nan,nan
519,nan,nan,0.0155585,0,0,0.0145431,0.172964,0.00112127,-0.00705925,1.67888,2.25e-05,0.0206104,0.266622,9514.61,1.02235,0.269135,-0.2,0.05,1,23.962,6.37747e+06,nan,nan,nan,nan,nan,nan,nan,nan,nan,nan,nan,nan,nan,nan,nan,nan,nan,nan,nan,nan
520,nan,nan,0.015859,0,0,0.0121486,0.146948,0.000821868,-0.00715562,1.67751,0.000113906,0.0126189,0.266575,9745.66,1.00467,0.256196,-0.2,0.05,1,25.2239,6.38976e+06,nan,nan,nan,nan,nan,nan,nan,nan,nan,nan,nan,nan,nan,nan,nan,nan,nan,nan,nan,nan
521,nan,nan,0.0159549,0,0,0.0112301,0.136741,0.000746137,-0.00385478,1.67253,7.59375e-05,0.0159244,0.266525,9956.71,0.97942,0.254722,-0.2,0.05,1,26.4618,6.40205e+06,nan,nan,nan,nan,nan,nan,nan,nan,nan,nan,nan,nan,nan,nan,nan,nan,nan,nan,nan,nan
522,nan,nan,0.0159082,0,0,0.0104479,0.128569,0.00108524,-0.00434014,1.67141,0.000113906,0.0164064,0.266513,9585.6,1.00688,0.275042,-0.2,0.05,1,27.7449,6.41434e+06,nan,nan,nan,nan,nan,nan,nan,nan,nan,nan,nan,nan,nan,nan,nan,nan,nan,nan,nan,nan
523,nan,nan,0.0158279,0,0,0.0103322,0.126409,0.000924699,-0.00146905,1.67118,1.5e-05,0.0156961,0.266514,9649.13,1.0153,0.258181,-0.2,0.05,1,29.0195,6.42662e+06,nan,nan,nan,nan,nan,nan,nan,nan,nan,nan,nan,nan,nan,nan,nan,nan,nan,nan,nan,nan
524,nan,nan,0.0159233,0,0,0.0103554,0.127591,0.000811572,-0.00463431,1.67119,7.59375e-05,0.010033,0.266515,9844.59,0.990928,0.25727,-0.2,0.05,1,30.2689,6.43891e+06,nan,nan,nan,nan,nan,nan,nan,nan,nan,nan,nan,nan,nan,nan,nan,nan,nan,nan,nan,nan
525,3.28683,300,0.0159965,21.3333,0,0.010151,0.126953,0.000572542,-0.0069756,1.66939,0.000170859,0.0169629,0.266438,6870.09,1.51945,0.269173,-0.2,0.05,1,32.0587,6.4512e+06,0,0,0.678574,0.00102118,-0.167984,nan,0,nan,nan,nan,nan,0,nan,0,nan,-0.00779221,-0.140745,-0.132954,nan,nan
526,nan,nan,-0.01113,0,0,0.204218,1.12838,0.121204,-0.0101983,1.66532,2.25e-05,0.0162938,0.266433,9859.51,0.989528,0.256781,-0.2,0.05,1,33.3065,6.46349e+06,nan,nan,nan,nan,nan,nan,nan,nan,nan,nan,nan,nan,nan,nan,nan,nan,nan,nan,nan,nan
527,nan,nan,0.00139518,0,0,0.146988,1.03068,0.0359097,-0.0113635,1.66749,1e-05,0.0204148,0.26648,10069.7,0.955146,0.265151,-0.2,0.05,1,34.5279,6.47578e+06,nan,nan,nan,nan,nan,nan,nan,nan,nan,nan,nan,nan,nan,nan,nan,nan,nan,nan,nan,nan
528,nan,nan,0.0070733,0,0,0.0664451,0.583074,0.0155736,-0.0137078,1.67043,1e-05,0.0223234,0.266525,10111.6,0.961054,0.254179,-0.2,0.05,1,35.7444,6.48806e+06,nan,nan,nan,nan,nan,nan,nan,nan,nan,nan,nan,nan,nan,nan,nan,nan,nan,nan,nan,nan
529,nan,nan,0.0116553,0,0,0.0429405,0.421655,0.00906604,-0.010421,1.67185,1e-05,0.0199066,0.266533,10136,0.957169,0.255145,-0.2,0.05,1,36.9578,6.50035e+06,nan,nan,nan,nan,nan,nan,nan,nan,nan,nan,nan,nan,nan,nan,nan,nan,nan,nan,nan,nan
530,nan,nan,0.0147386,0,0,0.0253192,0.253555,0.00287568,-0.00935449,1.67209,7.59375e-05,0.0130775,0.266529,9992.66,0.972763,0.25694,-0.2,0.05,1,38.1887,6.51264e+06,nan,nan,nan,nan,nan,nan,nan,nan,nan,nan,nan,nan,nan,nan,nan,nan,nan,nan,nan,nan
531,nan,nan,0.0161289,0,0,0.0167506,0.18211,0.00188996,-0.00605978,1.67063,0.000170859,0.0144211,0.266508,9835.95,0.992927,0.256368,-0.2,0.05,1,39.4391,6.52493e+06,nan,nan,nan,nan,nan,nan,nan,nan,nan,nan,nan,nan,nan,nan,nan,nan,nan,nan,nan,nan
532,nan,nan,0.0165721,0,0,0.012827,0.143038,0.000931177,-0.00695021,1.6704,7.59375e-05,0.0129225,0.266507,9805.56,0.999664,0.253502,-0.2,0.05,1,40.6934,6.53722e+06,nan,nan,nan,nan,nan,nan,nan,nan,nan,nan,nan,nan,nan,nan,nan,nan,nan,nan,nan,nan
533,nan,nan,0.0167134,0,0,0.0109578,0.128202,0.000852073,-0.00527296,1.67016,0.000170859,0.0125072,0.266517,9966.21,0.977793,0.255173,-0.2,0.05,1,41.9275,6.5495e+06,nan,nan,nan,nan,nan,nan,nan,nan,nan,nan,nan,nan,nan,nan,nan,nan,nan,nan,nan,nan
534,nan,nan,0.0166787,0,0,0.0105398,0.124147,0.000720182,-0.00501174,1.67145,0.000113906,0.0190577,0.26653,9894.04,0.989319,0.252641,-0.2,0.05,1,43.1707,6.56179e+06,nan,nan,nan,nan,nan,nan,nan,nan,nan,nan,nan,nan,nan,nan,nan,nan,nan,nan,nan,nan
535,nan,nan,0.0166271,0,0,0.0102403,0.120471,0.000546422,-0.00388212,1.6725,3.375e-05,0.0175459,0.26654,9784.68,0.987594,0.268247,-0.2,0.05,1,44.4276,6.57408e+06,nan,nan,nan,nan,nan,nan,nan,nan,nan,nan,nan,nan,nan,nan,nan,nan,nan,nan,nan,nan
536,nan,nan,0.0164489,0,0,0.00994883,0.115818,0.00154255,-0.00422336,1.67196,2.25e-05,0.0164757,0.266528,10026.4,0.969705,0.255864,-0.2,0.05,1,45.6543,6.58637e+06,nan,nan,nan,nan,nan,nan,nan,nan,nan,nan,nan,nan,nan,nan,nan,nan,nan,nan,nan,nan
537,nan,nan,0.016558,0,0,0.00983648,0.116574,0.000742343,-0.00793502,1.67131,0.000113906,0.0113988,0.266505,9941.63,0.96915,0.266865,-0.2,0.05,1,46.8917,6.59866e+06,nan,nan,nan,nan,nan,nan,nan,nan,nan,nan,nan,nan,nan,nan,nan,nan,nan,nan,nan,nan
538,3.54515,300,-0.00263724,21.3333,0,0.0886364,0.578393,0.0525951,-0.00848917,1.67004,1e-05,0.0213109,0.266502,6916.01,1.51374,0.26301,-0.2,0.05,1,48.6695,6.61094e+06,0,0,0.645812,0.000963965,-0.158479,nan,0,nan,nan,nan,nan,0,nan,0,nan,-0.00762761,-0.128802,-0.143947,nan,nan
539,nan,nan,0.000569999,0,0,0.208077,1.17335,0.0350464,-0.0136059,1.67057,3.375e-05,0.0188173,0.266511,10109.6,0.960823,0.254659,-0.2,0.05,1,49.8865,6.62323e+06,nan,nan,nan,nan,nan,nan,nan,nan,nan,nan,nan,nan,nan,nan,nan,nan,nan,nan,nan,nan
540,nan,nan,0.00634485,0,0,0.0859525,0.716961,0.0170249,-0.0148973,1.67089,2.25e-05,0.0143178,0.266513,10255.2,0.944843,0.253373,-0.2,0.05,1,51.0859,6.63552e+06,nan,nan,nan,nan,nan,nan,nan,nan,nan,nan,nan,nan,nan,nan,nan,nan,nan,nan,nan,nan
541,nan,nan,0.0117649,0,0,0.054179,0.494553,0.00643487,-0.0112988,1.67164,1e-05,0.0222638,0.266536,10163.9,0.950775,0.258205,-0.2,0.05,1,52.296,6.64781e+06,nan,nan,nan,nan,nan,nan,nan,nan,nan,nan,nan,nan,nan,nan,nan,nan,nan,nan,nan,nan
542,nan,nan,0.0153513,0,0,0.0342855,0.338653,0.00360794,-0.0112109,1.67399,1e-05,0.0219007,0.26658,9904.41,0.979172,0.261487,-0.2,0.05,1,53.5379,6.6601e+06,nan,nan,nan,nan,nan,nan,nan,nan,nan,nan,nan,nan,nan,nan,nan,nan,nan,nan,nan,nan
543,nan,nan,0.0169527,0,0,0.020197,0.200556,0.00194136,-0.00830433,1.67542,0.000113906,0.0155299,0.266571,9923.88,0.983958,0.254268,-0.2,0.05,1,54.7773,6.67238e+06,nan,nan,nan,nan,nan,nan,nan,nan,nan,nan,nan,nan,nan,nan,nan,nan,nan,nan,nan,nan
544,nan,nan,0.0175893,0,0,0.0146876,0.152699,0.000734082,-0.00541716,1.67274,0.000170859,0.0143524,0.266505,9859.43,0.991579,0.254741,-0.2,0.05,1,56.0248,6.68467e+06,nan,nan,nan,nan,nan,nan,nan,nan,nan,nan,nan,nan,nan,nan,nan,nan,nan,nan,nan,nan
545,nan,nan,0.0176284,0,0,0.0117113,0.127524,0.000563067,-0.00313854,1.66769,0.000170859,0.0127686,0.266424,9976.15,0.977094,0.254643,-0.2,0.05,1,57.2577,6.69696e+06,nan,nan,nan,nan,nan,nan,nan,nan,nan,nan,nan,nan,nan,nan,nan,nan,nan,nan,nan,nan
546,nan,nan,0.0174845,0,0,0.0109881,0.1238,0.00062167,-0.00485544,1.6629,0.000113906,0.010578,0.266384,10014.1,0.96905,0.258024,-0.2,0.05,1,58.4859,6.70925e+06,nan,nan,nan,nan,nan,nan,nan,nan,nan,nan,nan,nan,nan,nan,nan,nan,nan,nan,nan,nan
547,nan,nan,0.0173017,0,0,0.0104496,0.120991,0.000742552,-0.00565188,1.6633,0.000170859,0.0130255,0.266424,9856.3,0.989513,0.257202,-0.2,0.05,1,59.7337,6.72154e+06,nan,nan,nan,nan,nan,nan,nan,nan,nan,nan,nan,nan,nan,nan,nan,nan,nan,nan,nan,nan
548,nan,nan,0.017098,0,0,0.0101676,0.119,0.000712961,-0.0066228,1.66624,0.000170859,0.0150969,0.266436,10149.2,0.956365,0.254366,-0.2,0.05,1,60.9455,6.73382e+06,nan,nan,nan,nan,nan,nan,nan,nan,nan,nan,nan,nan,nan,nan,nan,nan,nan,nan,nan,nan
549,nan,nan,0.0169564,0,0,0.0098502,0.11849,0.000723496,-0.00521754,1.66614,7.59375e-05,0.0122273,0.26646,10114.9,0.96205,0.252789,-0.2,0.05,1,62.1614,6.74611e+06,nan,nan,nan,nan,nan,nan,nan,nan,nan,nan,nan,nan,nan,nan,nan,nan,nan,nan,nan,nan
550,3.86477,300,0.0168823,21.3333,0,0.00983225,0.118553,0.000602694,-0.00639648,1.66782,5.0625e-05,0.0101383,0.266459,7157.24,1.45048,0.26638,-0.2,0.05,1,63.8794,6.7584e+06,0,0,0.654722,0.000992594,-0.150715,nan,0,nan,nan,nan,nan,0,nan,0,nan,-0.00709444,-0.0923503,-0.142893,nan,nan
551,nan,nan,-0.00747269,0,0,0.190284,1.07425,0.070022,-0.0114823,1.66623,1.5e-05,0.0135427,0.266444,9831.12,0.992317,0.257592,-0.2,0.05,1,65.1333,6.77069e+06,nan,nan,nan,nan,nan,nan,nan,nan,nan,nan,nan,nan,nan,nan,nan,nan,nan,nan,nan,nan
552,nan,nan,0.0044357,0,0,0.13484,0.983795,0.0283664,-0.0127765,1.66674,5.0625e-05,0.019936,0.266464,10275.4,0.940122,0.255745,-0.2,0.05,1,66.3303,6.78298e+06,nan,nan,nan,nan,nan,nan,nan,nan,nan,nan,nan,nan,nan,nan,nan,nan,nan,nan,nan,nan
553,nan,nan,0.0111067,0,0,0.0602034,0.533522,0.00776651,-0.0100117,1.66847,1e-05,0.0173346,0.266481,10234.6,0.94347,0.257168,-0.2,0.05,1,67.5321,6.79526e+06,nan,nan,nan,nan,nan,nan,nan,nan,nan,nan,nan,nan,nan,nan,nan,nan,nan,nan,nan,nan
554,nan,nan,0.0142429,0,0,0.039932,0.407108,0.00295904,-0.00816043,1.6688,7.59375e-05,0.0152851,0.266478,10120.2,0.955942,0.258269,-0.2,0.05,1,68.7475,6.80755e+06,nan,nan,nan,nan,nan,nan,nan,nan,nan,nan,nan,nan,nan,nan,nan,nan,nan,nan,nan,nan
555,nan,nan,0.0160766,0,0,0.0232162,0.236986,0.00134929,-0.00451527,1.66957,7.59375e-05,0.0127307,0.266507,9598.14,0.983747,0.296501,-0.2,0.05,1,70.0288,6.81984e+06,nan,nan,nan,nan,nan,nan,nan,nan,nan,nan,nan,nan,nan,nan,nan,nan,nan,nan,nan,nan
556,nan,nan,0.0168102,0,0,0.0149449,0.154366,0.00144637,-0.00218675,1.67259,7.59375e-05,0.0105171,0.266547,9937.65,0.978104,0.258406,-0.2,0.05,1,71.2666,6.83213e+06,nan,nan,nan,nan,nan,nan,nan,nan,nan,nan,nan,nan,nan,nan,nan,nan,nan,nan,nan,nan
557,nan,nan,0.0168351,0,0,0.0115646,0.123228,0.000878918,0.000202007,1.67393,5.0625e-05,0.00937685,0.266561,9968.69,0.977044,0.255616,-0.2,0.05,1,72.5002,6.84442e+06,nan,nan,nan,nan,nan,nan,nan,nan,nan,nan,nan,nan,nan,nan,nan,nan,nan,nan,nan,nan
558,nan,nan,0.0166972,0,0,0.011052,0.118856,0.00119018,-0.000205033,1.67581,0.000170859,0.0138208,0.266603,10012,0.970296,0.257036,-0.2,0.05,1,73.7287,6.8567e+06,nan,nan,nan,nan,nan,nan,nan,nan,nan,nan,nan,nan,nan,nan,nan,nan,nan,nan,nan,nan
559,nan,nan,0.0164982,0,0,0.0102343,0.118884,0.00102115,0.000361222,1.67896,3.375e-05,0.0131899,0.266641,9687.14,0.977652,0.290834,-0.2,0.05,1,74.9985,6.86899e+06,nan,nan,nan,nan,nan,nan,nan,nan,nan,nan,nan,nan,nan,nan,nan,nan,nan,nan,nan,nan
560,nan,nan,0.0161243,0,0,0.00947576,0.114442,0.000972441,-0.00220091,1.67992,0.000170859,0.00955839,0.266631,10014.5,0.971971,0.255044,-0.2,0.05,1,76.2264,6.88128e+06,nan,nan,nan,nan,nan,nan,nan,nan,nan,nan,nan,nan,nan,nan,nan,nan,nan,nan,nan,nan
561,nan,nan,0.016118,0,0,0.00955827,0.116091,0.000949678,0.00573413,1.67777,5.0625e-05,0.0155758,0.266608,9991.6,0.974689,0.255144,-0.2,0.05,1,77.4574,6.89357e+06,nan,nan,nan,nan,nan,nan,nan,nan,nan,nan,nan,nan,nan,nan,nan,nan,nan,nan,nan,nan
562,nan,nan,0.0162047,0,0,0.00933285,0.117634,0.000899885,-0.000933975,1.67712,0.000113906,0.00772765,0.266593,9789.24,0.988462,0.266794,-0.2,0.05,1,78.7137,6.90586e+06,nan,nan,nan,nan,nan,nan,nan,nan,nan,nan,nan,nan,nan,nan,nan,nan,nan,nan,nan,nan
563,3.88235,300,-0.0017389,21.3333,0,0.0868654,0.555631,0.0330883,-0.00770913,1.6763,1e-05,0.0216246,0.266589,6941.38,1.48482,0.28543,-0.2,0.05,1,80.4852,6.91814e+06,0,0,0.661934,0.00109151,-0.130482,nan,0,nan,nan,nan,nan,0,nan,0,nan,-0.00704267,-0.104694,-0.152242,nan,nan
564,nan,nan,0.00187566,0,0,0.211528,1.13137,0.0401749,-0.0123128,1.67696,5.0625e-05,0.0167743,0.266605,10103.5,0.959711,0.256497,-0.2,0.05,1,81.7029,6.93043e+06,nan,nan,nan,nan,nan,nan,nan,nan,nan,nan,nan,nan,nan,nan,nan,nan,nan,nan,nan,nan
565,nan,nan,0.00688949,0,0,0.0931648,0.752528,0.0139686,-0.0112831,1.67811,1e-05,0.0177669,0.26662,9923.28,0.971042,0.267259,-0.2,0.05,1,82.9423,6.94272e+06,nan,nan,nan,nan,nan,nan,nan,nan,nan,nan,nan,nan,nan,nan,nan,nan,nan,nan,nan,nan
566,nan,nan,0.0124609,0,0,0.0588876,0.512883,0.00676577,-0.00988359,1.68009,3.375e-05,0.0180239,0.266662,9986.88,0.966006,0.264408,-0.2,0.05,1,84.1739,6.95501e+06,nan,nan,nan,nan,nan,nan,nan,nan,nan,nan,nan,nan,nan,nan,nan,nan,nan,nan,nan,nan
567,nan,nan,0.0153103,0,0,0.0294377,0.277501,0.00262592,-0.00654794,1.68049,0.000170859,0.0163064,0.266634,9730.25,0.983455,0.279411,-0.2,0.05,1,85.4377,6.9673e+06,nan,nan,nan,nan,nan,nan,nan,nan,nan,nan,nan,nan,nan,nan,nan,nan,nan,nan,nan,nan
568,nan,nan,0.0166592,0,0,0.0181624,0.168186,0.00122237,-0.00121596,1.67798,0.000256289,0.0178665,0.266595,9169.77,1.0825,0.257551,-0.2,0.05,1,86.7791,6.97958e+06,nan,nan,nan,nan,nan,nan,nan,nan,nan,nan,nan,nan,nan,nan,nan,nan,nan,nan,nan,nan
569,nan,nan,0.0168446,0,0,0.012563,0.128875,0.0010778,-0.000742104,1.67824,0.000170859,0.0124967,0.266612,9906.07,0.984476,0.255976,-0.2,0.05,1,88.0206,6.99187e+06,nan,nan,nan,nan,nan,nan,nan,nan,nan,nan,nan,nan,nan,nan,nan,nan,nan,nan,nan,nan
570,nan,nan,0.0166444,0,0,0.0111542,0.122385,0.000920026,8.02288e-06,1.67516,0.000170859,0.0163996,0.266534,9734.52,0.986661,0.27565,-0.2,0.05,1,89.2841,7.00416e+06,nan,nan,nan,nan,nan,nan,nan,nan,nan,nan,nan,nan,nan,nan,nan,nan,nan,nan,nan,nan
571,nan,nan,0.0162801,0,0,0.0100089,0.114689,0.000809948,-0.00190054,1.67243,0.000256289,0.0170348,0.266556,9869.16,0.985166,0.259925,-0.2,0.05,1,90.5304,7.01645e+06,nan,nan,nan,nan,nan,nan,nan,nan,nan,nan,nan,nan,nan,nan,nan,nan,nan,nan,nan,nan
572,nan,nan,0.0159379,0,0,0.00952006,0.113039,0.00100239,-0.000192019,1.67566,0.000256289,0.0128385,0.266605,9647.95,1.00714,0.2665,-0.2,0.05,1,91.8052,7.02874e+06,nan,nan,nan,nan,nan,nan,nan,nan,nan,nan,nan,nan,nan,nan,nan,nan,nan,nan,nan,nan
573,nan,nan,0.0157006,0,0,0.00911442,0.112304,0.00105214,0.00239753,1.67738,0.000113906,0.0109036,0.266607,9952.91,0.977381,0.257233,-0.2,0.05,1,93.0409,7.04102e+06,nan,nan,nan,nan,nan,nan,nan,nan,nan,nan,nan,nan,nan,nan,nan,nan,nan,nan,nan,nan
574,nan,nan,0.0156053,0,0,0.00905588,0.112683,0.000977344,-0.000688031,1.67663,0.000170859,0.0218159,0.266579,9947.36,0.964815,0.270488,-0.2,0.05,1,94.2774,7.05331e+06,nan,nan,nan,nan,nan,nan,nan,nan,nan,nan,nan,nan,nan,nan,nan,nan,nan,nan,nan,nan
575,3.74526,300,0.0156706,21.3333,0,0.00902138,0.112209,0.00104529,-0.00265358,1.67699,0.000113906,0.0156539,0.266616,7183.46,1.45346,0.25714,-0.2,0.05,1,95.989,7.0656e+06,0,0,0.653187,0.000892884,-0.133685,nan,0,nan,nan,nan,nan,0,nan,0,nan,-0.00717232,-0.12528,-0.162076,nan,nan
576,nan,nan,-0.00692816,0,0,0.199135,1.02797,0.0580308,-0.0089855,1.67794,2.25e-05,0.0122344,0.266612,9647.74,1.01833,0.255337,-0.2,0.05,1,97.2642,7.07789e+06,nan,nan,nan,nan,nan,nan,nan,nan,nan,nan,nan,nan,nan,nan,nan,nan,nan,nan,nan,nan
577,nan,nan,0.00625369,0,0,0.128938,0.904473,0.0195109,-0.0136791,1.67787,7.59375e-05,0.0187798,0.26661,10057.1,0.966445,0.255373,-0.2,0.05,1,98.4871,7.09018e+06,nan,nan,nan,nan,nan,nan,nan,nan,nan,nan,nan,nan,nan,nan,nan,nan,nan,nan,nan,nan
578,nan,nan,0.0117898,0,0,0.0572969,0.484917,0.00979436,-0.0121162,1.67857,3.375e-05,0.0168081,0.266631,9411.57,0.979396,0.326231,-0.2,0.05,1,99.7939,7.10246e+06,nan,nan,nan,nan,nan,nan,nan,nan,nan,nan,nan,nan,nan,nan,nan,nan,nan,nan,nan,nan
579,nan,nan,0.0157663,0,0,0.0355984,0.317683,0.00341863,-0.00907073,1.6793,0.000113906,0.0142609,0.266643,9789.86,0.995467,0.259709,-0.2,0.05,1,101.05,7.11475e+06,nan,nan,nan,nan,nan,nan,nan,nan,nan,nan,nan,nan,nan,nan,nan,nan,nan,nan,nan,nan
580,nan,nan,0.0174085,0,0,0.0207343,0.177745,0.0022458,-0.00788773,1.68031,5.0625e-05,0.0165493,0.266647,9685.64,1.01336,0.255324,-0.2,0.05,1,102.32,7.12704e+06,nan,nan,nan,nan,nan,nan,nan,nan,nan,nan,nan,nan,nan,nan,nan,nan,nan,nan,nan,nan
581,nan,nan,0.0179903,0,0,0.0141691,0.131062,0.0118018,-0.000556121,1.6806,7.59375e-05,0.0166041,0.266658,9852.52,0.987658,0.259536,-0.2,0.05,1,103.568,7.13933e+06,nan,nan,nan,nan,nan,nan,nan,nan,nan,nan,nan,nan,nan,nan,nan,nan,nan,nan,nan,nan
582,nan,nan,0.0178232,0,0,0.0117875,0.119345,0.00238513,-0.00583453,1.68139,0.000113906,0.0116934,0.266663,9752.71,1.00382,0.256139,-0.2,0.05,1,104.83,7.15162e+06,nan,nan,nan,nan,nan,nan,nan,nan,nan,nan,nan,nan,nan,nan,nan,nan,nan,nan,nan,nan
583,nan,nan,0.0175226,0,0,0.0107569,0.116554,0.00146021,-0.00433191,1.68076,7.59375e-05,0.0140749,0.266638,9910.12,0.986881,0.253064,-0.2,0.05,1,106.07,7.1639e+06,nan,nan,nan,nan,nan,nan,nan,nan,nan,nan,nan,nan,nan,nan,nan,nan,nan,nan,nan,nan
584,nan,nan,0.0171483,0,0,0.0101988,0.113857,0.00128743,-0.0074042,1.678,0.000113906,0.0143522,0.266595,9882.86,0.98774,0.255625,-0.2,0.05,1,107.315,7.17619e+06,nan,nan,nan,nan,nan,nan,nan,nan,nan,nan,nan,nan,nan,nan,nan,nan,nan,nan,nan,nan
585,nan,nan,0.0168674,0,0,0.00990673,0.113551,0.00105213,-0.005961,1.67734,5.0625e-05,0.0151585,0.266609,10027.3,0.956521,0.268933,-0.2,0.05,1,108.541,7.18848e+06,nan,nan,nan,nan,nan,nan,nan,nan,nan,nan,nan,nan,nan,nan,nan,nan,nan,nan,nan,nan
586,nan,nan,0.0166654,0,0,0.00974171,0.112528,0.00112416,-0.0041548,1.67843,0.000170859,0.0184357,0.266627,10098.1,0.964065,0.252792,-0.2,0.05,1,109.759,7.20077e+06,nan,nan,nan,nan,nan,nan,nan,nan,nan,nan,nan,nan,nan,nan,nan,nan,nan,nan,nan,nan
587,nan,nan,0.0166007,0,0,0.00944786,0.111833,0.000849423,-0.00288977,1.67889,0.000170859,0.0127401,0.266617,10190,0.95064,0.255252,-0.2,0.05,1,110.967,7.21306e+06,nan,nan,nan,nan,nan,nan,nan,nan,nan,nan,nan,nan,nan,nan,nan,nan,nan,nan,nan,nan
588,4.15701,300,-0.00140139,21.3333,0,0.0942298,0.545726,0.0334637,-0.00185396,1.67767,1e-05,0.0188585,0.266614,7115.58,1.47656,0.250355,-0.2,0.05,1,112.695,7.22534e+06,0,0,0.661482,0.000716194,-0.115984,nan,0,nan,nan,nan,nan,0,nan,0,nan,-0.00705396,-0.127106,-0.162613,nan,nan
589,nan,nan,0.00508226,0,0,0.215966,1.14964,0.0267392,-0.0103589,1.6785,2.25e-05,0.0194219,0.266633,10107,0.949936,0.265855,-0.2,0.05,1,113.912,7.23763e+06,nan,nan,nan,nan,nan,nan,nan,nan,nan,nan,nan,nan,nan,nan,nan,nan,nan,nan,nan,nan
590,nan,nan,0.00841649,0,0,0.083871,0.709756,0.00856616,-0.0127306,1.67938,1e-05,0.0182521,0.266636,9930.11,0.958457,0.278992,-0.2,0.05,1,115.15,7.24992e+06,nan,nan,nan,nan,nan,nan,nan,nan,nan,nan,nan,nan,nan,nan,nan,nan,nan,nan,nan,nan
591,nan,nan,0.0129452,0,0,0.042431,0.377318,0.00717691,-0.00877699,1.67955,7.59375e-05,0.0143786,0.266642,10171.6,0.954512,0.253559,-0.2,0.05,1,116.359,7.26221e+06,nan,nan,nan,nan,nan,nan,nan,nan,nan,nan,nan,nan,nan,nan,nan,nan,nan,nan,nan,nan
592,nan,nan,0.0158793,0,0,0.0251054,0.215614,0.00225777,-0.0074015,1.68018,3.375e-05,0.0124415,0.266649,9829.75,0.991789,0.258294,-0.2,0.05,1,117.611,7.2745e+06,nan,nan,nan,nan,nan,nan,nan,nan,nan,nan,nan,nan,nan,nan,nan,nan,nan,nan,nan,nan
593,nan,nan,0.0171923,0,0,0.0162134,0.144165,0.00177221,-0.00506588,1.68046,0.000170859,0.0106965,0.266651,9856.18,0.984941,0.261789,-0.2,0.05,1,118.859,7.28678e+06,nan,nan,nan,nan,nan,nan,nan,nan,nan,nan,nan,nan,nan,nan,nan,nan,nan,nan,nan,nan
594,nan,nan,0.0173596,0,0,0.0124187,0.122872,0.00115791,-0.00346127,1.67984,7.59375e-05,0.0150642,0.266636,9808.74,0.994834,0.257927,-0.2,0.05,1,120.112,7.29907e+06,nan,nan,nan,nan,nan,nan,nan,nan,nan,nan,nan,nan,nan,nan,nan,nan,nan,nan,nan,nan
595,nan,nan,0.0173337,0,0,0.0111784,0.1172,0.00233413,-0.00218005,1.67918,5.0625e-05,0.0128263,0.266632,10056.1,0.964663,0.257286,-0.2,0.05,1,121.336,7.31136e+06,nan,nan,nan,nan,nan,nan,nan,nan,nan,nan,nan,nan,nan,nan,nan,nan,nan,nan,nan,nan
596,nan,nan,0.0172902,0,0,0.0104505,0.111016,0.00200534,-0.00412409,1.67968,5.0625e-05,0.0099908,0.266644,9779.54,0.981219,0.275282,-0.2,0.05,1,122.593,7.32365e+06,nan,nan,nan,nan,nan,nan,nan,nan,nan,nan,nan,nan,nan,nan,nan,nan,nan,nan,nan,nan
597,nan,nan,0.0172279,0,0,0.0102125,0.108298,0.00112806,-0.0044087,1.68008,0.000170859,0.0153574,0.266629,9761.27,0.999881,0.258971,-0.2,0.05,1,123.853,7.33594e+06,nan,nan,nan,nan,nan,nan,nan,nan,nan,nan,nan,nan,nan,nan,nan,nan,nan,nan,nan,nan
598,nan,nan,0.0171005,0,0,0.00951715,0.109266,0.00125189,0.000259759,1.67851,7.59375e-05,0.0111729,0.266612,9702.37,0.999713,0.266782,-0.2,0.05,1,125.121,7.34822e+06,nan,nan,nan,nan,nan,nan,nan,nan,nan,nan,nan,nan,nan,nan,nan,nan,nan,nan,nan,nan
599,nan,nan,0.0170056,0,0,0.0094006,0.108206,0.00107464,-0.00324325,1.67782,5.0625e-05,0.0117515,0.266609,9940.7,0.966036,0.270095,-0.2,0.05,1,126.358,7.36051e+06,nan,nan,nan,nan,nan,nan,nan,nan,nan,nan,nan,nan,nan,nan,nan,nan,nan,nan,nan,nan
600,4.08319,300,0.0170017,21.3333,0,0.00949747,0.111893,0.00121601,-0.00107927,1.67851,0.000113906,0.0152193,0.266623,7011.36,1.48493,0.267652,-0.2,0.05,1,128.112,7.3728e+06,0,0,0.650584,0.000691364,-0.108559,nan,0,nan,nan,nan,nan,0,nan,0,nan,-0.00707565,-0.154746,-0.15581,nan,nan
601,nan,nan,-0.00395917,0,0,0.195652,0.991624,0.0488257,-0.007652,1.67879,1.5e-05,0.0138779,0.266624,9999.3,0.970694,0.258193,-0.2,0.05,1,130.796,7.38509e+06,nan,nan,nan,nan,nan,nan,nan,nan,nan,nan,nan,nan,nan,nan,nan,nan,nan,nan,nan,nan
602,nan,nan,0.00735866,0,0,0.141414,0.980698,0.015688,-0.01308,1.679,1.5e-05,0.0181299,0.266629,10168.8,0.948563,0.259844,-0.2,0.05,1,132.006,7.39738e+06,nan,nan,nan,nan,nan,nan,nan,nan,nan,nan,nan,nan,nan,nan,nan,nan,nan,nan,nan,nan
603,nan,nan,0.0115769,0,0,0.0536025,0.458781,0.00482225,-0.0115428,1.67987,2.25e-05,0.0194329,0.266645,9908.62,0.978566,0.261567,-0.2,0.05,1,133.247,7.40966e+06,nan,nan,nan,nan,nan,nan,nan,nan,nan,nan,nan,nan,nan,nan,nan,nan,nan,nan,nan,nan
604,nan,nan,0.0144247,0,0,0.0316138,0.287241,0.00250182,-0.0104266,1.6803,0.000113906,0.0174663,0.266649,9943.44,0.975443,0.260347,-0.2,0.05,1,134.484,7.42195e+06,nan,nan,nan,nan,nan,nan,nan,nan,nan,nan,nan,nan,nan,nan,nan,nan,nan,nan,nan,nan
605,nan,nan,0.0163725,0,0,0.0189408,0.167585,0.00167881,-0.00670747,1.67996,7.59375e-05,0.0125757,0.266643,9719.04,1.00668,0.257648,-0.2,0.05,1,135.749,7.43424e+06,nan,nan,nan,nan,nan,nan,nan,nan,nan,nan,nan,nan,nan,nan,nan,nan,nan,nan,nan,nan
606,nan,nan,0.0172526,0,0,0.0142723,0.136665,0.00133515,-0.0036763,1.67954,0.000170859,0.014614,0.266618,9832.3,0.996519,0.253239,-0.2,0.05,1,137,7.44653e+06,nan,nan,nan,nan,nan,nan,nan,nan,nan,nan,nan,nan,nan,nan,nan,nan,nan,nan,nan,nan
607,nan,nan,0.0175765,0,0,0.0132061,0.127773,0.0012635,-0.00458443,1.67846,2.25e-05,0.0173007,0.266624,9848.85,0.976898,0.27076,-0.2,0.05,1,138.249,7.45882e+06,nan,nan,nan,nan,nan,nan,nan,nan,nan,nan,nan,nan,nan,nan,nan,nan,nan,nan,nan,nan
608,nan,nan,0.0176302,0,0,0.0111603,0.116349,0.00181862,-0.00423009,1.67871,1e-05,0.0152033,0.266623,9549.35,1.02649,0.260297,-0.2,0.05,1,139.537,7.4711e+06,nan,nan,nan,nan,nan,nan,nan,nan,nan,nan,nan,nan,nan,nan,nan,nan,nan,nan,nan,nan
609,nan,nan,0.0176614,0,0,0.0101401,0.111694,0.00142074,-0.00597271,1.67872,7.59375e-05,0.0158476,0.266618,10050.6,0.968187,0.254421,-0.2,0.05,1,140.76,7.48339e+06,nan,nan,nan,nan,nan,nan,nan,nan,nan,nan,nan,nan,nan,nan,nan,nan,nan,nan,nan,nan
610,nan,nan,0.0177742,0,0,0.00960788,0.107767,0.000787007,-0.00439693,1.67739,5.0625e-05,0.0142977,0.266598,10071.3,0.965161,0.254945,-0.2,0.05,1,141.982,7.49568e+06,nan,nan,nan,nan,nan,nan,nan,nan,nan,nan,nan,nan,nan,nan,nan,nan,nan,nan,nan,nan
611,nan,nan,0.0178044,0,0,0.00962206,0.108187,0.00081877,-0.00441998,1.67711,5.0625e-05,0.0159534,0.266604,9927.04,0.95803,0.279801,-0.2,0.05,1,143.221,7.50797e+06,nan,nan,nan,nan,nan,nan,nan,nan,nan,nan,nan,nan,nan,nan,nan,nan,nan,nan,nan,nan
612,nan,nan,0.0177692,0,0,0.00949784,0.108573,0.000861471,-0.00657258,1.67712,0.000113906,0.0131971,0.2666,9736.69,1.00973,0.252303,-0.2,0.05,1,144.484,7.52026e+06,nan,nan,nan,nan,nan,nan,nan,nan,nan,nan,nan,nan,nan,nan,nan,nan,nan,nan,nan,nan
613,4.2768,300,-0.0019522,21.3333,0,0.0959845,0.529004,0.0512328,-0.00592258,1.67664,1e-05,0.0187208,0.266598,7032.3,1.49466,0.252703,-0.2,0.05,1,146.232,7.53254e+06,0,0,0.680057,0.000907961,-0.10311,nan,0,nan,nan,nan,nan,0,nan,0,nan,-0.00688115,-0.123356,-0.13351,nan,nan
614,nan,nan,0.00360798,0,0,0.215377,1.09902,0.0335783,-0.0123021,1.67709,3.375e-05,0.0162083,0.266611,10254.6,0.943441,0.254855,-0.2,0.05,1,147.432,7.54483e+06,nan,nan,nan,nan,nan,nan,nan,nan,nan,nan,nan,nan,nan,nan,nan,nan,nan,nan,nan,nan
615,nan,nan,0.0087361,0,0,0.0889393,0.724901,0.00872013,-0.0135318,1.67834,1e-05,0.0165277,0.266626,10192.6,0.946938,0.258637,-0.2,0.05,1,148.639,7.55712e+06,nan,nan,nan,nan,nan,nan,nan,nan,nan,nan,nan,nan,nan,nan,nan,nan,nan,nan,nan,nan
616,nan,nan,0.0127557,0,0,0.0456685,0.390182,0.00754721,-0.00863013,1.67898,1e-05,0.0178404,0.266636,9329.8,1.06195,0.255119,-0.2,0.05,1,149.957,7.56941e+06,nan,nan,nan,nan,nan,nan,nan,nan,nan,nan,nan,nan,nan,nan,nan,nan,nan,nan,nan,nan
617,nan,nan,0.0155882,0,0,0.0277756,0.230716,0.00493074,-0.00858319,1.67991,7.59375e-05,0.0104395,0.266652,9674.3,0.997919,0.27225,-0.2,0.05,1,151.228,7.5817e+06,nan,nan,nan,nan,nan,nan,nan,nan,nan,nan,nan,nan,nan,nan,nan,nan,nan,nan,nan,nan
618,nan,nan,0.0170604,0,0,0.0178791,0.160973,0.0026289,-0.00646529,1.68079,3.375e-05,0.0111878,0.266659,9998.39,0.975,0.253998,-0.2,0.05,1,152.458,7.59398e+06,nan,nan,nan,nan,nan,nan,nan,nan,nan,nan,nan,nan,nan,nan,nan,nan,nan,nan,nan,nan
619,nan,nan,0.0177464,0,0,0.0132453,0.132819,0.00132292,-0.00637977,1.68101,5.0625e-05,0.00937732,0.26666,10109,0.959663,0.25589,-0.2,0.05,1,153.675,7.60627e+06,nan,nan,nan,nan,nan,nan,nan,nan,nan,nan,nan,nan,nan,nan,nan,nan,nan,nan,nan,nan
620,nan,nan,0.0179571,0,0,0.0118248,0.123947,0.00127589,-0.00643954,1.68114,7.59375e-05,0.016206,0.266659,9780.64,0.981353,0.275006,-0.2,0.05,1,154.933,7.61856e+06,nan,nan,nan,nan,nan,nan,nan,nan,nan,nan,nan,nan,nan,nan,nan,nan,nan,nan,nan,nan
621,nan,nan,0.017981,0,0,0.0106466,0.110038,0.000944202,-0.00618143,1.68101,7.59375e-05,0.017349,0.266666,9913.92,0.979132,0.260337,-0.2,0.05,1,156.173,7.63085e+06,nan,nan,nan,nan,nan,nan,nan,nan,nan,nan,nan,nan,nan,nan,nan,nan,nan,nan,nan,nan
622,nan,nan,0.0181003,0,0,0.0100827,0.107206,0.00105893,-0.00751291,1.68107,3.375e-05,0.00999907,0.266655,10099.3,0.960341,0.256374,-0.2,0.05,1,157.391,7.64314e+06,nan,nan,nan,nan,nan,nan,nan,nan,nan,nan,nan,nan,nan,nan,nan,nan,nan,nan,nan,nan
623,nan,nan,0.0182753,0,0,0.0102132,0.11036,0.0145839,-0.00435295,1.68079,1e-05,0.0134468,0.266656,10033.9,0.964748,0.259902,-0.2,0.05,1,158.617,7.65542e+06,nan,nan,nan,nan,nan,nan,nan,nan,nan,nan,nan,nan,nan,nan,nan,nan,nan,nan,nan,nan
624,nan,nan,0.0184206,0,0,0.0103731,0.112274,0.00197272,-0.00715096,1.68123,7.59375e-05,0.0124376,0.266663,9854.48,0.981669,0.265277,-0.2,0.05,1,159.865,7.66771e+06,nan,nan,nan,nan,nan,nan,nan,nan,nan,nan,nan,nan,nan,nan,nan,nan,nan,nan,nan,nan
625,4.17022,300,0.0184405,21.3333,0,0.0105407,0.115459,0.00128503,-0.0060979,1.68119,0.000113906,0.0140298,0.266665,7086.77,1.46485,0.269086,-0.2,0.05,1,161.6,7.68e+06,0,0,0.644311,0.000582107,-0.117481,nan,0,nan,nan,nan,nan,0,nan,0,nan,-0.0070427,-0.124687,-0.131892,nan,nan
626,nan,nan,-0.0109952,0,0,0.206497,1.01492,0.0678189,-0.00880409,1.68151,2.25e-05,0.0131485,0.266666,9912.85,0.981492,0.258111,-0.2,0.05,1,162.841,7.69229e+06,nan,nan,nan,nan,nan,nan,nan,nan,nan,nan,nan,nan,nan,nan,nan,nan,nan,nan,nan,nan
627,nan,nan,0.00752351,0,0,0.152852,0.987851,0.0168055,-0.0137366,1.68147,1e-05,0.0178765,0.266666,10385.1,0.930315,0.252913,-0.2,0.05,1,164.025,7.70458e+06,nan,nan,nan,nan,nan,nan,nan,nan,nan,nan,nan,nan,nan,nan,nan,nan,nan,nan,nan,nan
628,nan,nan,0.0115187,0,0,0.0577916,0.490401,0.0107858,-0.0110875,1.68143,7.59375e-05,0.0181217,0.266662,9640.94,0.998645,0.27592,-0.2,0.05,1,165.301,7.71686e+06,nan,nan,nan,nan,nan,nan,nan,nan,nan,nan,nan,nan,nan,nan,nan,nan,nan,nan,nan,nan
629,nan,nan,0.0150714,0,0,0.0338988,0.275761,0.00480996,-0.00805334,1.68075,3.375e-05,0.0134791,0.266654,9756.28,0.988315,0.271182,-0.2,0.05,1,166.562,7.72915e+06,nan,nan,nan,nan,nan,nan,nan,nan,nan,nan,nan,nan,nan,nan,nan,nan,nan,nan,nan,nan
630,nan,nan,0.017183,0,0,0.0218595,0.180418,0.00213708,-0.00651973,1.68051,0.000170859,0.0162655,0.266652,10072.1,0.966706,0.253301,-0.2,0.05,1,167.783,7.74144e+06,nan,nan,nan,nan,nan,nan,nan,nan,nan,nan,nan,nan,nan,nan,nan,nan,nan,nan,nan,nan
631,nan,nan,0.0180514,0,0,0.0144924,0.139857,0.00219201,-0.00126672,1.68095,1.5e-05,0.014923,0.266659,9968.27,0.96644,0.266271,-0.2,0.05,1,169.017,7.75373e+06,nan,nan,nan,nan,nan,nan,nan,nan,nan,nan,nan,nan,nan,nan,nan,nan,nan,nan,nan,nan
632,nan,nan,0.018384,0,0,0.0128735,0.13337,0.00122832,-0.00549824,1.68123,2.25e-05,0.0102359,0.266664,10013.9,0.968969,0.25812,-0.2,0.05,1,170.245,7.76602e+06,nan,nan,nan,nan,nan,nan,nan,nan,nan,nan,nan,nan,nan,nan,nan,nan,nan,nan,nan,nan
633,nan,nan,0.0183235,0,0,0.0118831,0.119204,0.00173139,-0.0081675,1.6813,1e-05,0.0157931,0.266664,9903.26,0.982048,0.258756,-0.2,0.05,1,171.487,7.7783e+06,nan,nan,nan,nan,nan,nan,nan,nan,nan,nan,nan,nan,nan,nan,nan,nan,nan,nan,nan,nan
634,nan,nan,0.0184624,0,0,0.0117517,0.116256,0.00126312,-0.00760381,1.68138,7.59375e-05,0.0186151,0.266666,10147,0.953108,0.257887,-0.2,0.05,1,172.699,7.79059e+06,nan,nan,nan,nan,nan,nan,nan,nan,nan,nan,nan,nan,nan,nan,nan,nan,nan,nan,nan,nan
635,nan,nan,0.018623,0,0,0.0108328,0.11373,0.000917919,-0.00785594,1.68072,3.375e-05,0.012813,0.266651,10042.5,0.963001,0.260601,-0.2,0.05,1,173.924,7.80288e+06,nan,nan,nan,nan,nan,nan,nan,nan,nan,nan,nan,nan,nan,nan,nan,nan,nan,nan,nan,nan
636,nan,nan,0.0185767,0,0,0.010605,0.109987,0.00104676,-0.00840896,1.68009,5.0625e-05,0.0204988,0.266636,9990.96,0.973693,0.256219,-0.2,0.05,1,175.155,7.81517e+06,nan,nan,nan,nan,nan,nan,nan,nan,nan,nan,nan,nan,nan,nan,nan,nan,nan,nan,nan,nan
637,nan,nan,0.0187227,0,0,0.010785,0.112541,0.0302412,-0.0048387,1.67944,0.000113906,0.0163178,0.266659,9947.32,0.976576,0.258732,-0.2,0.05,1,176.391,7.82746e+06,nan,nan,nan,nan,nan,nan,nan,nan,nan,nan,nan,nan,nan,nan,nan,nan,nan,nan,nan,nan
638,4.2921,300,-0.00265344,21.3333,0,0.0968001,0.532522,0.0368354,-0.00755293,1.68148,1e-05,0.0168864,0.266667,7100.69,1.47639,0.254149,-0.2,0.05,1,178.123,7.83974e+06,0,0,0.625751,0.000700009,-0.114738,nan,0,nan,nan,nan,nan,0,nan,0,nan,-0.00735294,-0.136833,-0.13207,nan,nan
639,nan,nan,0.00256111,0,0,0.219906,1.13123,0.0319549,-0.0127784,1.68151,1e-05,0.0192378,0.266667,10125.5,0.945126,0.26844,-0.2,0.05,1,179.338,7.85203e+06,nan,nan,nan,nan,nan,nan,nan,nan,nan,nan,nan,nan,nan,nan,nan,nan,nan,nan,nan,nan
640,nan,nan,0.00990247,0,0,0.0841441,0.711612,0.0106545,-0.0126199,1.68146,1e-05,0.0228051,0.266665,10160.8,0.947729,0.261622,-0.2,0.05,1,180.548,7.86432e+06,nan,nan,nan,nan,nan,nan,nan,nan,nan,nan,nan,nan,nan,nan,nan,nan,nan,nan,nan,nan
641,nan,nan,0.0148171,0,0,0.0445709,0.375441,0.00763417,-0.00993751,1.68148,3.375e-05,0.0201777,0.266666,10103.8,0.958277,0.257905,-0.2,0.05,1,181.765,7.87661e+06,nan,nan,nan,nan,nan,nan,nan,nan,nan,nan,nan,nan,nan,nan,nan,nan,nan,nan,nan,nan
642,nan,nan,0.0176091,0,0,0.024023,0.208018,0.00206067,-0.0105416,1.68108,0.000170859,0.0154911,0.266646,10170.4,0.95348,0.25473,-0.2,0.05,1,182.975,7.8889e+06,nan,nan,nan,nan,nan,nan,nan,nan,nan,nan,nan,nan,nan,nan,nan,nan,nan,nan,nan,nan
643,nan,nan,0.0188513,0,0,0.0157412,0.147946,0.00543729,-0.00513223,1.67961,7.59375e-05,0.0141124,0.266649,10073.6,0.959183,0.260642,-0.2,0.05,1,184.196,7.90118e+06,nan,nan,nan,nan,nan,nan,nan,nan,nan,nan,nan,nan,nan,nan,nan,nan,nan,nan,nan,nan
644,nan,nan,0.0195904,0,0,0.0123279,0.12766,0.00182556,-0.00620528,1.68132,5.0625e-05,0.0121448,0.266665,9874.66,0.985208,0.25919,-0.2,0.05,1,185.441,7.91347e+06,nan,nan,nan,nan,nan,nan,nan,nan,nan,nan,nan,nan,nan,nan,nan,nan,nan,nan,nan,nan
645,nan,nan,0.0200608,0,0,0.0113219,0.11684,0.000310917,-0.00642914,1.68113,3.375e-05,0.00829924,0.266656,10001.2,0.965883,0.262772,-0.2,0.05,1,186.671,7.92576e+06,nan,nan,nan,nan,nan,nan,nan,nan,nan,nan,nan,nan,nan,nan,nan,nan,nan,nan,nan,nan
646,nan,nan,0.0203076,0,0,0.0110932,0.111687,0.000595697,-0.00454973,1.67967,0.000113906,0.0111964,0.266626,10073.7,0.964669,0.255139,-0.2,0.05,1,187.892,7.93805e+06,nan,nan,nan,nan,nan,nan,nan,nan,nan,nan,nan,nan,nan,nan,nan,nan,nan,nan,nan,nan
647,nan,nan,0.020536,0,0,0.0103408,0.105181,0.000560175,-0.00560796,1.6778,0.000113906,0.0130795,0.266604,9943.66,0.966484,0.269278,-0.2,0.05,1,189.129,7.95034e+06,nan,nan,nan,nan,nan,nan,nan,nan,nan,nan,nan,nan,nan,nan,nan,nan,nan,nan,nan,nan
648,nan,nan,0.0205626,0,0,0.0102155,0.105075,0.000479578,-0.00509386,1.67681,7.59375e-05,0.0125931,0.266591,10141.7,0.953199,0.25843,-0.2,0.05,1,190.342,7.96262e+06,nan,nan,nan,nan,nan,nan,nan,nan,nan,nan,nan,nan,nan,nan,nan,nan,nan,nan,nan,nan
649,nan,nan,0.0206129,0,0,0.0102177,0.105476,0.0006434,-0.00252938,1.67624,7.59375e-05,0.0148942,0.266579,10059.5,0.954414,0.267119,-0.2,0.05,1,191.564,7.97491e+06,nan,nan,nan,nan,nan,nan,nan,nan,nan,nan,nan,nan,nan,nan,nan,nan,nan,nan,nan,nan
650,4.65506,300,0.0205949,21.3333,0,0.0100026,0.106451,0.000803938,0.0003759,1.67624,3.375e-05,0.00972792,0.266593,7138.31,1.45644,0.264974,-0.2,0.05,1,193.287,7.9872e+06,0,0,0.668139,0.000789908,-0.116671,nan,0,nan,nan,nan,nan,0,nan,0,nan,-0.00675966,-0.106657,-0.1123,nan,nan
651,nan,nan,-0.00951373,0,0,0.210876,1.03592,0.0448966,-0.0113361,1.67755,1e-05,0.0154564,0.26661,9693.11,0.997703,0.270002,-0.2,0.05,1,194.556,7.99949e+06,nan,nan,nan,nan,nan,nan,nan,nan,nan,nan,nan,nan,nan,nan,nan,nan,nan,nan,nan,nan
652,nan,nan,0.00903403,0,0,0.143386,0.9899,0.0138098,-0.0140665,1.67812,7.59375e-05,0.0199412,0.266615,10104.2,0.956234,0.259898,-0.2,0.05,1,195.773,8.01178e+06,nan,nan,nan,nan,nan,nan,nan,nan,nan,nan,nan,nan,nan,nan,nan,nan,nan,nan,nan,nan
653,nan,nan,0.0134442,0,0,0.0493317,0.44751,0.00481731,-0.010511,1.67837,5.0625e-05,0.0211512,0.26663,9963.25,0.955634,0.277699,-0.2,0.05,1,197.008,8.02406e+06,nan,nan,nan,nan,nan,nan,nan,nan,nan,nan,nan,nan,nan,nan,nan,nan,nan,nan,nan,nan
654,nan,nan,0.0175187,0,0,0.0306085,0.267215,0.00159521,-0.0117101,1.67897,0.000113906,0.0141154,0.266613,9972.37,0.974005,0.2582,-0.2,0.05,1,198.241,8.03635e+06,nan,nan,nan,nan,nan,nan,nan,nan,nan,nan,nan,nan,nan,nan,nan,nan,nan,nan,nan,nan
655,nan,nan,0.0191647,0,0,0.0173617,0.170427,0.00245674,-0.00738404,1.6779,5.0625e-05,0.0116276,0.266633,9672.29,1.00599,0.264447,-0.2,0.05,1,199.513,8.04864e+06,nan,nan,nan,nan,nan,nan,nan,nan,nan,nan,nan,nan,nan,nan,nan,nan,nan,nan,nan,nan
656,nan,nan,0.0200831,0,0,0.0137471,0.144977,0.000682307,-0.00635312,1.67998,0.000113906,0.0165189,0.266651,9943.05,0.978353,0.257485,-0.2,0.05,1,200.75,8.06093e+06,nan,nan,nan,nan,nan,nan,nan,nan,nan,nan,nan,nan,nan,nan,nan,nan,nan,nan,nan,nan
657,nan,nan,0.020501,0,0,0.0118039,0.127737,0.00110458,-0.00713741,1.68115,1.5e-05,0.0323393,0.266666,10110.1,0.959731,0.255689,-0.2,0.05,1,201.966,8.07322e+06,nan,nan,nan,nan,nan,nan,nan,nan,nan,nan,nan,nan,nan,nan,nan,nan,nan,nan,nan,nan
658,nan,nan,0.0207663,0,0,0.010868,0.112433,0.000790943,-0.00613437,1.68104,0.000113906,0.0124409,0.266651,10083.4,0.962851,0.255785,-0.2,0.05,1,203.186,8.0855e+06,nan,nan,nan,nan,nan,nan,nan,nan,nan,nan,nan,nan,nan,nan,nan,nan,nan,nan,nan,nan
659,nan,nan,0.0208765,0,0,0.0107837,0.112555,0.000662906,-0.00450706,1.68033,7.59375e-05,0.0111442,0.266642,9893.27,0.970429,0.271627,-0.2,0.05,1,204.429,8.09779e+06,nan,nan,nan,nan,nan,nan,nan,nan,nan,nan,nan,nan,nan,nan,nan,nan,nan,nan,nan,nan
660,nan,nan,0.0207568,0,0,0.010519,0.110207,0.000708252,-0.00609072,1.67911,0.000113906,0.013563,0.26663,10106.6,0.959583,0.256254,-0.2,0.05,1,205.646,8.11008e+06,nan,nan,nan,nan,nan,nan,nan,nan,nan,nan,nan,nan,nan,nan,nan,nan,nan,nan,nan,nan
661,nan,nan,0.0203259,0,0,0.0102047,0.112922,0.000596919,-0.00449946,1.679,7.59375e-05,0.00876709,0.266622,10149,0.954025,0.256738,-0.2,0.05,1,206.858,8.12237e+06,nan,nan,nan,nan,nan,nan,nan,nan,nan,nan,nan,nan,nan,nan,nan,nan,nan,nan,nan,nan
662,nan,nan,0.0199768,0,0,0.00989423,0.109097,0.0010565,-0.00604116,1.6775,7.59375e-05,0.0109664,0.266605,9855.33,0.989002,0.257836,-0.2,0.05,1,208.106,8.13466e+06,nan,nan,nan,nan,nan,nan,nan,nan,nan,nan,nan,nan,nan,nan,nan,nan,nan,nan,nan,nan
663,4.86679,300,-0.00116601,21.3333,0,0.0910479,0.497056,0.0255247,-0.0085105,1.67707,1e-05,0.0184404,0.2666,6956.6,1.511,0.255384,-0.2,0.05,1,209.873,8.14694e+06,0,0,0.688647,0.0011544,-0.111038,nan,0,nan,nan,nan,nan,0,nan,0,nan,-0.00600507,-0.0771517,-0.104144,nan,nan
664,nan,nan,0.0026995,0,0,0.183946,1.03349,0.0374856,-0.0107486,1.67732,5.0625e-05,0.0197509,0.266609,10174.5,0.946785,0.260936,-0.2,0.05,1,211.082,8.15923e+06,nan,nan,nan,nan,nan,nan,nan,nan,nan,nan,nan,nan,nan,nan,nan,nan,nan,nan,nan,nan
665,nan,nan,0.0117762,0,0,0.0787998,0.658515,0.0178668,-0.00754534,1.67809,1e-05,0.0194572,0.266617,10308.7,0.939946,0.252061,-0.2,0.05,1,212.275,8.17152e+06,nan,nan,nan,nan,nan,nan,nan,nan,nan,nan,nan,nan,nan,nan,nan,nan,nan,nan,nan,nan
666,nan,nan,0.0170576,0,0,0.0466411,0.374481,0.0106331,-0.00750521,1.67942,1.5e-05,0.0166191,0.266647,10092.5,0.963785,0.253756,-0.2,0.05,1,213.494,8.18381e+06,nan,nan,nan,nan,nan,nan,nan,nan,nan,nan,nan,nan,nan,nan,nan,nan,nan,nan,nan,nan
667,nan,nan,0.0199093,0,0,0.0265777,0.242301,0.0023342,-0.00691202,1.68057,0.000113906,0.0167464,0.266653,9938.19,0.966468,0.269975,-0.2,0.05,1,214.732,8.1961e+06,nan,nan,nan,nan,nan,nan,nan,nan,nan,nan,nan,nan,nan,nan,nan,nan,nan,nan,nan,nan
668,nan,nan,0.0214269,0,0,0.0167507,0.155052,0.00130041,-0.00442875,1.68053,2.25e-05,0.00795608,0.266652,10066.6,0.965496,0.255173,-0.2,0.05,1,215.953,8.20838e+06,nan,nan,nan,nan,nan,nan,nan,nan,nan,nan,nan,nan,nan,nan,nan,nan,nan,nan,nan,nan
669,nan,nan,0.0220249,0,0,0.0134367,0.127471,0.000883364,-0.00603462,1.68019,0.000113906,0.0137855,0.266649,10077.4,0.962132,0.257234,-0.2,0.05,1,217.174,8.22067e+06,nan,nan,nan,nan,nan,nan,nan,nan,nan,nan,nan,nan,nan,nan,nan,nan,nan,nan,nan,nan
670,nan,nan,0.022133,0,0,0.0124788,0.121288,0.000901533,-0.0061144,1.6805,5.0625e-05,0.0121319,0.266644,9768.79,0.992604,0.26528,-0.2,0.05,1,218.433,8.23296e+06,nan,nan,nan,nan,nan,nan,nan,nan,nan,nan,nan,nan,nan,nan,nan,nan,nan,nan,nan,nan
671,nan,nan,0.0219242,0,0,0.0119644,0.117507,0.000453686,-0.00622064,1.67824,5.0625e-05,0.0113973,0.266587,9821.36,0.987108,0.264042,-0.2,0.05,1,219.685,8.24525e+06,nan,nan,nan,nan,nan,nan,nan,nan,nan,nan,nan,nan,nan,nan,nan,nan,nan,nan,nan,nan
672,nan,nan,0.0216345,0,0,0.0113328,0.11465,0.000515078,-0.00670655,1.67275,0.000113906,0.0150612,0.266503,10035.1,0.964564,0.259934,-0.2,0.05,1,220.911,8.25754e+06,nan,nan,nan,nan,nan,nan,nan,nan,nan,nan,nan,nan,nan,nan,nan,nan,nan,nan,nan,nan
673,nan,nan,0.0211776,0,0,0.0108103,0.109983,0.000466504,-0.0028426,1.66743,0.000256289,0.0164129,0.266386,10103.1,0.959516,0.256742,-0.2,0.05,1,222.128,8.26982e+06,nan,nan,nan,nan,nan,nan,nan,nan,nan,nan,nan,nan,nan,nan,nan,nan,nan,nan,nan,nan
674,nan,nan,0.0206982,0,0,0.0103841,0.111045,0.000688503,0.00153199,1.66043,0.000113906,0.00880525,0.266324,10031.2,0.958087,0.26689,-0.2,0.05,1,223.354,8.28211e+06,nan,nan,nan,nan,nan,nan,nan,nan,nan,nan,nan,nan,nan,nan,nan,nan,nan,nan,nan,nan
675,5.08015,300,0.0202257,21.3333,0,0.0103097,0.111292,0.000702134,-0.0033974,1.65664,7.59375e-05,0.00733567,0.266273,7032.39,1.48564,0.261701,-0.2,0.05,1,225.103,8.2944e+06,0,0,0.713703,0.000437463,-0.118172,nan,0,nan,nan,nan,nan,0,nan,0,nan,-0.00635707,-0.0849186,-0.118046,nan,nan
676,nan,nan,-0.00900895,0,0,0.193813,0.945024,0.0406865,-0.00910699,1.65466,3.375e-05,0.0147038,0.26627,9950.81,0.976369,0.258505,-0.2,0.05,1,226.339,8.30669e+06,nan,nan,nan,nan,nan,nan,nan,nan,nan,nan,nan,nan,nan,nan,nan,nan,nan,nan,nan,nan
677,nan,nan,0.00931711,0,0,0.128207,0.901748,0.0125966,-0.0152606,1.65661,1e-05,0.0174816,0.266304,10326.1,0.933455,0.256541,-0.2,0.05,1,227.53,8.31898e+06,nan,nan,nan,nan,nan,nan,nan,nan,nan,nan,nan,nan,nan,nan,nan,nan,nan,nan,nan,nan
678,nan,nan,0.0147733,0,0,0.055958,0.463343,0.00567555,-0.0106569,1.65927,1e-05,0.0166872,0.266353,9887.38,0.957233,0.285564,-0.2,0.05,1,228.774,8.33126e+06,nan,nan,nan,nan,nan,nan,nan,nan,nan,nan,nan,nan,nan,nan,nan,nan,nan,nan,nan,nan
679,nan,nan,0.0189391,0,0,0.0319578,0.27796,0.00211987,-0.0104654,1.66292,7.59375e-05,0.0148714,0.266431,9902.27,0.982358,0.25857,-0.2,0.05,1,230.016,8.34355e+06,nan,nan,nan,nan,nan,nan,nan,nan,nan,nan,nan,nan,nan,nan,nan,nan,nan,nan,nan,nan
680,nan,nan,0.0205704,0,0,0.0197471,0.173392,0.000648526,-0.00933376,1.66852,5.0625e-05,0.00966473,0.266489,10020.3,0.968084,0.258226,-0.2,0.05,1,231.243,8.35584e+06,nan,nan,nan,nan,nan,nan,nan,nan,nan,nan,nan,nan,nan,nan,nan,nan,nan,nan,nan,nan
681,nan,nan,0.0212707,0,0,0.0143411,0.13691,0.000350571,-0.0060608,1.67093,0.000170859,0.0136824,0.266521,10116.1,0.959128,0.255574,-0.2,0.05,1,232.459,8.36813e+06,nan,nan,nan,nan,nan,nan,nan,nan,nan,nan,nan,nan,nan,nan,nan,nan,nan,nan,nan,nan
682,nan,nan,0.0213768,0,0,0.0131119,0.126507,0.000310782,-0.00488601,1.66991,0.000113906,0.0130873,0.266471,9784.28,0.979777,0.276115,-0.2,0.05,1,233.716,8.38042e+06,nan,nan,nan,nan,nan,nan,nan,nan,nan,nan,nan,nan,nan,nan,nan,nan,nan,nan,nan,nan
683,nan,nan,0.021089,0,0,0.0122356,0.119475,0.000368614,-0.00311436,1.66181,0.000256289,0.019233,0.266277,9841.29,0.991185,0.257432,-0.2,0.05,1,234.966,8.3927e+06,nan,nan,nan,nan,nan,nan,nan,nan,nan,nan,nan,nan,nan,nan,nan,nan,nan,nan,nan,nan
684,nan,nan,0.020699,0,0,0.011257,0.112496,0.000481252,-0.00200069,1.65212,7.59375e-05,0.00799724,0.266237,10073.1,0.962024,0.25786,-0.2,0.05,1,236.187,8.40499e+06,nan,nan,nan,nan,nan,nan,nan,nan,nan,nan,nan,nan,nan,nan,nan,nan,nan,nan,nan,nan
685,nan,nan,0.0202174,0,0,0.0104754,0.110357,0.000570482,-0.00199545,1.65373,0.000170859,0.0136723,0.266267,10103.8,0.95919,0.25699,-0.2,0.05,1,237.404,8.41728e+06,nan,nan,nan,nan,nan,nan,nan,nan,nan,nan,nan,nan,nan,nan,nan,nan,nan,nan,nan,nan
686,nan,nan,0.0198587,0,0,0.0101838,0.111657,0.000600979,-0.00340302,1.65525,0.000170859,0.0103393,0.266293,10238.7,0.948079,0.252069,-0.2,0.05,1,238.606,8.42957e+06,nan,nan,nan,nan,nan,nan,nan,nan,nan,nan,nan,nan,nan,nan,nan,nan,nan,nan,nan,nan
687,nan,nan,0.0196815,0,0,0.00990666,0.108462,0.000436205,-0.00275377,1.65467,0.000170859,0.0150392,0.266218,9723.67,0.992321,0.271399,-0.2,0.05,1,239.871,8.44186e+06,nan,nan,nan,nan,nan,nan,nan,nan,nan,nan,nan,nan,nan,nan,nan,nan,nan,nan,nan,nan
688,5.00718,300,-0.000128459,21.3333,0,0.0930681,0.507711,0.0201485,-0.00633205,1.65106,1e-05,0.0207649,0.266212,7114.69,1.4707,0.256433,-0.2,0.05,1,241.599,8.45414e+06,0,0,0.69301,0.00067184,-0.108361,nan,0,nan,nan,nan,nan,0,nan,0,nan,-0.00610702,-0.083125,-0.123127,nan,nan
689,nan,nan,0.00406021,0,0,0.217207,1.10635,0.0234285,-0.0121427,1.65297,5.0625e-05,0.0150182,0.26627,10227,0.944405,0.257116,-0.2,0.05,1,242.802,8.46643e+06,nan,nan,nan,nan,nan,nan,nan,nan,nan,nan,nan,nan,nan,nan,nan,nan,nan,nan,nan,nan
690,nan,nan,0.0102585,0,0,0.0897082,0.74262,0.00952414,-0.0123191,1.65945,1e-05,0.0197413,0.266357,10190.4,0.944222,0.261616,-0.2,0.05,1,244.009,8.47872e+06,nan,nan,nan,nan,nan,nan,nan,nan,nan,nan,nan,nan,nan,nan,nan,nan,nan,nan,nan,nan
691,nan,nan,0.0164734,0,0,0.050709,0.406553,0.00353264,-0.00962631,1.66325,7.59375e-05,0.0149676,0.266423,9635.4,1.01057,0.264723,-0.2,0.05,1,245.285,8.49101e+06,nan,nan,nan,nan,nan,nan,nan,nan,nan,nan,nan,nan,nan,nan,nan,nan,nan,nan,nan,nan
692,nan,nan,0.0194438,0,0,0.0263375,0.220442,0.00153915,-0.00919469,1.66772,2.25e-05,0.0136823,0.266469,10027.5,0.96683,0.258606,-0.2,0.05,1,246.512,8.5033e+06,nan,nan,nan,nan,nan,nan,nan,nan,nan,nan,nan,nan,nan,nan,nan,nan,nan,nan,nan,nan
693,nan,nan,0.0205747,0,0,0.0166821,0.146171,0.000970035,-0.00705294,1.66994,0.000113906,0.014026,0.266506,10137.6,0.956606,0.255511,-0.2,0.05,1,247.725,8.51558e+06,nan,nan,nan,nan,nan,nan,nan,nan,nan,nan,nan,nan,nan,nan,nan,nan,nan,nan,nan,nan
694,nan,nan,0.0209325,0,0,0.0135121,0.126661,0.000679697,-0.00598581,1.67175,3.375e-05,0.0114645,0.266522,10053.9,0.963589,0.258621,-0.2,0.05,1,248.949,8.52787e+06,nan,nan,nan,nan,nan,nan,nan,nan,nan,nan,nan,nan,nan,nan,nan,nan,nan,nan,nan,nan
695,nan,nan,0.0208264,0,0,0.0120941,0.114697,0.000691386,-0.00585913,1.67368,0.000113906,0.0123457,0.266559,9675.13,0.987689,0.282372,-0.2,0.05,1,250.22,8.54016e+06,nan,nan,nan,nan,nan,nan,nan,nan,nan,nan,nan,nan,nan,nan,nan,nan,nan,nan,nan,nan
696,nan,nan,0.020554,0,0,0.0114467,0.113427,0.000763983,-0.00500509,1.67489,0.000113906,0.00875511,0.266556,9906.87,0.980056,0.260295,-0.2,0.05,1,251.461,8.55245e+06,nan,nan,nan,nan,nan,nan,nan,nan,nan,nan,nan,nan,nan,nan,nan,nan,nan,nan,nan,nan
697,nan,nan,0.020156,0,0,0.0105202,0.108733,0.00051994,-0.00452447,1.67376,7.59375e-05,0.0121349,0.266533,10132.9,0.952806,0.259873,-0.2,0.05,1,252.675,8.56474e+06,nan,nan,nan,nan,nan,nan,nan,nan,nan,nan,nan,nan,nan,nan,nan,nan,nan,nan,nan,nan
698,nan,nan,0.0197493,0,0,0.0100087,0.106969,0.000609417,-0.0074282,1.67218,0.000170859,0.0130127,0.2665,10008.5,0.952821,0.274935,-0.2,0.05,1,253.904,8.57702e+06,nan,nan,nan,nan,nan,nan,nan,nan,nan,nan,nan,nan,nan,nan,nan,nan,nan,nan,nan,nan
699,nan,nan,0.0194959,0,0,0.00994292,0.107012,0.000554764,-0.00639447,1.66849,3.375e-05,0.00961447,0.266463,9943.08,0.972053,0.263781,-0.2,0.05,1,255.141,8.58931e+06,nan,nan,nan,nan,nan,nan,nan,nan,nan,nan,nan,nan,nan,nan,nan,nan,nan,nan,nan,nan
700,4.84709,300,0.0194141,21.3333,0,0.00974377,0.106298,0.000516583,-0.00652509,1.66682,7.59375e-05,0.014208,0.266429,7049.21,1.48154,0.261638,-0.2,0.05,1,256.885,8.6016e+06,0,0,0.694415,0.00103602,-0.11056,nan,0,nan,nan,nan,nan,0,nan,0,nan,-0.0065585,-0.105312,-0.129249,nan,nan
701,nan,nan,-0.00788806,0,0,0.209917,0.99357,0.0350358,-0.00998248,1.6647,1.5e-05,0.015269,0.266418,9953.1,0.977936,0.256654,-0.2,0.05,1,258.123,8.61389e+06,nan,nan,nan,nan,nan,nan,nan,nan,nan,nan,nan,nan,nan,nan,nan,nan,nan,nan,nan,nan
702,nan,nan,0.00963815,0,0,0.146018,1.02128,0.0133322,-0.0129092,1.66573,1e-05,0.0185848,0.266443,9788.44,0.977273,0.278086,-0.2,0.05,1,259.38,8.62618e+06,nan,nan,nan,nan,nan,nan,nan,nan,nan,nan,nan,nan,nan,nan,nan,nan,nan,nan,nan,nan
703,nan,nan,0.01524,0,0,0.0564269,0.509923,0.00358041,-0.0105484,1.66747,1e-05,0.0160745,0.26647,9894.29,0.970437,0.271491,-0.2,0.05,1,260.623,8.63846e+06,nan,nan,nan,nan,nan,nan,nan,nan,nan,nan,nan,nan,nan,nan,nan,nan,nan,nan,nan,nan
704,nan,nan,0.0191378,0,0,0.0315959,0.26739,0.0015116,-0.00975894,1.66918,7.59375e-05,0.0137899,0.266508,10063.1,0.96383,0.25726,-0.2,0.05,1,261.845,8.65075e+06,nan,nan,nan,nan,nan,nan,nan,nan,nan,nan,nan,nan,nan,nan,nan,nan,nan,nan,nan,nan
705,nan,nan,0.0204538,0,0,0.019136,0.180316,0.00141356,-0.0068006,1.67409,7.59375e-05,0.0108441,0.266596,9988.03,0.973188,0.257085,-0.2,0.05,1,263.076,8.66304e+06,nan,nan,nan,nan,nan,nan,nan,nan,nan,nan,nan,nan,nan,nan,nan,nan,nan,nan,nan,nan
706,nan,nan,0.021215,0,0,0.0143882,0.138384,0.000323861,-0.00697391,1.67811,7.59375e-05,0.0105022,0.266619,9962.99,0.975875,0.25749,-0.2,0.05,1,264.311,8.67533e+06,nan,nan,nan,nan,nan,nan,nan,nan,nan,nan,nan,nan,nan,nan,nan,nan,nan,nan,nan,nan
707,nan,nan,0.0215395,0,0,0.0127319,0.125117,0.000233577,-0.00525009,1.67737,0.000170859,0.0131269,0.266584,9720.14,0.985112,0.279068,-0.2,0.05,1,265.576,8.68762e+06,nan,nan,nan,nan,nan,nan,nan,nan,nan,nan,nan,nan,nan,nan,nan,nan,nan,nan,nan,nan
708,nan,nan,0.0217391,0,0,0.0117043,0.115767,0.00031458,-0.00266601,1.67412,0.000113906,0.0118203,0.266538,9887.79,0.985021,0.257724,-0.2,0.05,1,266.82,8.6999e+06,nan,nan,nan,nan,nan,nan,nan,nan,nan,nan,nan,nan,nan,nan,nan,nan,nan,nan,nan,nan
709,nan,nan,0.0218694,0,0,0.0112624,0.115731,0.000257347,-0.00565476,1.67158,0.000113906,0.012043,0.266499,10040.8,0.964847,0.258956,-0.2,0.05,1,268.045,8.71219e+06,nan,nan,nan,nan,nan,nan,nan,nan,nan,nan,nan,nan,nan,nan,nan,nan,nan,nan,nan,nan
710,nan,nan,0.0219153,0,0,0.0105915,0.10735,0.000253915,-0.00499177,1.6683,7.59375e-05,0.0106741,0.266457,9951.7,0.958337,0.276427,-0.2,0.05,1,269.281,8.72448e+06,nan,nan,nan,nan,nan,nan,nan,nan,nan,nan,nan,nan,nan,nan,nan,nan,nan,nan,nan,nan
711,nan,nan,0.0218063,0,0,0.0105081,0.106012,0.000221295,-0.00429427,1.66594,0.000170859,0.0117716,0.266407,10018.6,0.967442,0.259078,-0.2,0.05,1,270.509,8.73677e+06,nan,nan,nan,nan,nan,nan,nan,nan,nan,nan,nan,nan,nan,nan,nan,nan,nan,nan,nan,nan
712,nan,nan,0.0216448,0,0,0.0101744,0.102249,0.00018382,-0.000828532,1.66188,0.000113906,0.00972367,0.266337,9404.81,1.04127,0.265298,-0.2,0.05,1,271.816,8.74906e+06,nan,nan,nan,nan,nan,nan,nan,nan,nan,nan,nan,nan,nan,nan,nan,nan,nan,nan,nan,nan
713,5.25761,300,0.00115241,21.3333,0,0.0972965,0.517634,0.0172367,-0.00331682,1.65814,1e-05,0.0220234,0.266323,7060.52,1.48505,0.255329,-0.2,0.05,1,273.558,8.76134e+06,0,0,0.712525,0.000929923,-0.10258,nan,0,nan,nan,nan,nan,0,nan,0,nan,-0.00596538,-0.0690755,-0.0896393,nan,nan
714,nan,nan,0.00626427,0,0,0.221336,1.07087,0.0203312,-0.0110989,1.65949,1e-05,0.0191032,0.266358,9962.94,0.966089,0.267281,-0.2,0.05,1,274.792,8.77363e+06,nan,nan,nan,nan,nan,nan,nan,nan,nan,nan,nan,nan,nan,nan,nan,nan,nan,nan,nan,nan
715,nan,nan,0.0127065,0,0,0.0812161,0.708977,0.00610478,-0.0111458,1.66171,3.375e-05,0.0132796,0.266389,10192.2,0.947959,0.257674,-0.2,0.05,1,275.999,8.78592e+06,nan,nan,nan,nan,nan,nan,nan,nan,nan,nan,nan,nan,nan,nan,nan,nan,nan,nan,nan,nan
716,nan,nan,0.0180523,0,0,0.0443647,0.378513,0.00302395,-0.0109353,1.66504,2.25e-05,0.0121249,0.266452,9887.03,0.985509,0.257331,-0.2,0.05,1,277.243,8.79821e+06,nan,nan,nan,nan,nan,nan,nan,nan,nan,nan,nan,nan,nan,nan,nan,nan,nan,nan,nan,nan
717,nan,nan,0.0204891,0,0,0.0229889,0.195182,0.00215608,-0.00759519,1.66863,3.375e-05,0.00884778,0.266493,9916.15,0.981009,0.258181,-0.2,0.05,1,278.483,8.8105e+06,nan,nan,nan,nan,nan,nan,nan,nan,nan,nan,nan,nan,nan,nan,nan,nan,nan,nan,nan,nan
718,nan,nan,0.0215157,0,0,0.0162854,0.146955,0.00120833,-0.00664084,1.67162,1e-05,0.0163637,0.266531,9848.43,0.976412,0.2713,-0.2,0.05,1,279.732,8.82278e+06,nan,nan,nan,nan,nan,nan,nan,nan,nan,nan,nan,nan,nan,nan,nan,nan,nan,nan,nan,nan
719,nan,nan,0.0220438,0,0,0.0139214,0.129276,0.000583342,-0.00678843,1.67389,7.59375e-05,0.0116322,0.266568,9649.45,1.00919,0.264253,-0.2,0.05,1,281.007,8.83507e+06,nan,nan,nan,nan,nan,nan,nan,nan,nan,nan,nan,nan,nan,nan,nan,nan,nan,nan,nan,nan
720,nan,nan,0.0222469,0,0,0.0129867,0.121681,0.000272212,-0.00500583,1.67538,7.59375e-05,0.0138986,0.266555,9752.99,0.996486,0.263435,-0.2,0.05,1,282.268,8.84736e+06,nan,nan,nan,nan,nan,nan,nan,nan,nan,nan,nan,nan,nan,nan,nan,nan,nan,nan,nan,nan
721,nan,nan,0.0223171,0,0,0.0118194,0.113001,0.00025704,-0.00373739,1.67222,0.000170859,0.0130191,0.266477,10057.9,0.961238,0.260494,-0.2,0.05,1,283.491,8.85965e+06,nan,nan,nan,nan,nan,nan,nan,nan,nan,nan,nan,nan,nan,nan,nan,nan,nan,nan,nan,nan
722,nan,nan,0.022371,0,0,0.0114,0.107742,0.000270771,-0.000817527,1.66555,0.000113906,0.013999,0.266383,9707.7,0.988285,0.277514,-0.2,0.05,1,284.758,8.87194e+06,nan,nan,nan,nan,nan,nan,nan,nan,nan,nan,nan,nan,nan,nan,nan,nan,nan,nan,nan,nan
723,nan,nan,0.0222876,0,0,0.0114018,0.110205,0.00030933,-0.00040287,1.66221,1.5e-05,0.00721961,0.266376,10034,0.963935,0.260698,-0.2,0.05,1,285.983,8.88422e+06,nan,nan,nan,nan,nan,nan,nan,nan,nan,nan,nan,nan,nan,nan,nan,nan,nan,nan,nan,nan
724,nan,nan,0.0221338,0,0,0.0106628,0.102443,0.000229064,-0.00469098,1.66023,7.59375e-05,0.00898716,0.266307,9974.73,0.962668,0.269245,-0.2,0.05,1,287.216,8.89651e+06,nan,nan,nan,nan,nan,nan,nan,nan,nan,nan,nan,nan,nan,nan,nan,nan,nan,nan,nan,nan
725,5.39318,300,0.0218914,21.3333,0,0.010638,0.103182,0.000237965,0.000248866,1.65463,7.59375e-05,0.0193419,0.266253,7084.36,1.46569,0.268835,-0.2,0.05,1,288.952,8.9088e+06,0,0,0.727072,0.000908196,-0.100551,nan,0,nan,nan,nan,nan,0,nan,0,nan,-0.00612525,-0.0818001,-0.103064,nan,nan
726,nan,nan,-0.00768602,0,0,0.210359,0.992545,0.0324841,-0.0109983,1.65432,1e-05,0.0139538,0.266265,9699.23,1.00149,0.26541,-0.2,0.05,1,290.22,8.92109e+06,nan,nan,nan,nan,nan,nan,nan,nan,nan,nan,nan,nan,nan,nan,nan,nan,nan,nan,nan,nan
727,nan,nan,0.00920668,0,0,0.145561,0.937117,0.0159457,-0.0119408,1.65521,2.25e-05,0.015425,0.266287,10318.4,0.932213,0.258664,-0.2,0.05,1,291.412,8.93338e+06,nan,nan,nan,nan,nan,nan,nan,nan,nan,nan,nan,nan,nan,nan,nan,nan,nan,nan,nan,nan
728,nan,nan,0.014394,0,0,0.0587352,0.504423,0.00411427,-0.00929801,1.65874,2.25e-05,0.0137622,0.266346,9847.14,0.982139,0.265736,-0.2,0.05,1,292.661,8.94566e+06,nan,nan,nan,nan,nan,nan,nan,nan,nan,nan,nan,nan,nan,nan,nan,nan,nan,nan,nan,nan
729,nan,nan,0.018694,0,0,0.0337606,0.276344,0.0019851,-0.0100258,1.66333,0.000113906,0.0142854,0.266446,9610.41,1.01027,0.268348,-0.2,0.05,1,293.941,8.95795e+06,nan,nan,nan,nan,nan,nan,nan,nan,nan,nan,nan,nan,nan,nan,nan,nan,nan,nan,nan,nan
730,nan,nan,0.0199878,0,0,0.0191859,0.167636,0.000888397,-0.0062694,1.67011,0.000113906,0.0140581,0.266538,9798.86,0.990157,0.263866,-0.2,0.05,1,295.196,8.97024e+06,nan,nan,nan,nan,nan,nan,nan,nan,nan,nan,nan,nan,nan,nan,nan,nan,nan,nan,nan,nan
731,nan,nan,0.0206648,0,0,0.0148959,0.138974,0.000248498,-0.00026729,1.67366,5.0625e-05,0.0110325,0.266552,10031,0.964384,0.260624,-0.2,0.05,1,296.422,8.98253e+06,nan,nan,nan,nan,nan,nan,nan,nan,nan,nan,nan,nan,nan,nan,nan,nan,nan,nan,nan,nan
732,nan,nan,0.0208952,0,0,0.0132005,0.12439,0.000240485,-0.00373081,1.67305,5.0625e-05,0.00805461,0.266532,9791.19,0.983003,0.272003,-0.2,0.05,1,297.678,8.99482e+06,nan,nan,nan,nan,nan,nan,nan,nan,nan,nan,nan,nan,nan,nan,nan,nan,nan,nan,nan,nan
733,nan,nan,0.0208838,0,0,0.0123538,0.117005,0.000241063,-0.00173317,1.67161,5.0625e-05,0.00759082,0.266513,9978.99,0.966525,0.264862,-0.2,0.05,1,298.911,9.0071e+06,nan,nan,nan,nan,nan,nan,nan,nan,nan,nan,nan,nan,nan,nan,nan,nan,nan,nan,nan,nan
734,nan,nan,0.0206877,0,0,0.0112966,0.110699,0.000283651,-0.00333347,1.66777,0.000170859,0.0124316,0.266393,9842.22,0.984806,0.263692,-0.2,0.05,1,300.16,9.01939e+06,nan,nan,nan,nan,nan,nan,nan,nan,nan,nan,nan,nan,nan,nan,nan,nan,nan,nan,nan,nan
735,nan,nan,0.0204352,0,0,0.0105811,0.106612,0.000265289,-0.0039908,1.65909,7.59375e-05,0.0133426,0.266313,10067,0.96293,0.257697,-0.2,0.05,1,301.382,9.03168e+06,nan,nan,nan,nan,nan,nan,nan,nan,nan,nan,nan,nan,nan,nan,nan,nan,nan,nan,nan,nan
736,nan,nan,0.0202431,0,0,0.010002,0.105997,0.000270501,-0.00378774,1.65723,0.000113906,0.0104587,0.266295,10080.8,0.960499,0.258453,-0.2,0.05,1,302.602,9.04397e+06,nan,nan,nan,nan,nan,nan,nan,nan,nan,nan,nan,nan,nan,nan,nan,nan,nan,nan,nan,nan
737,nan,nan,0.0202092,0,0,0.00975702,0.105007,0.000212746,-0.00510909,1.65666,5.0625e-05,0.0108106,0.266298,9841.97,0.990589,0.257942,-0.2,0.05,1,303.852,9.05626e+06,nan,nan,nan,nan,nan,nan,nan,nan,nan,nan,nan,nan,nan,nan,nan,nan,nan,nan,nan,nan
738,5.00897,300,0.00180092,21.3333,0,0.0992189,0.504619,0.0177431,-0.00872713,1.65845,1e-05,0.0169202,0.266329,6811.38,1.53902,0.265018,-0.2,0.05,1,305.657,9.06854e+06,0,0,0.707232,0.000817387,-0.0973488,nan,0,nan,nan,nan,nan,0,nan,0,nan,-0.00628848,-0.0849349,-0.126332,nan,nan
739,nan,nan,0.00581249,0,0,0.204615,1.04846,0.0111547,-0.0121364,1.65971,1e-05,0.0159611,0.266344,10336.9,0.930963,0.25779,-0.2,0.05,1,306.847,9.08083e+06,nan,nan,nan,nan,nan,nan,nan,nan,nan,nan,nan,nan,nan,nan,nan,nan,nan,nan,nan,nan
740,nan,nan,0.0108124,0,0,0.0685435,0.623412,0.00571756,-0.00498732,1.66204,2.25e-05,0.0141054,0.266404,10160.9,0.936455,0.272883,-0.2,0.05,1,308.057,9.09312e+06,nan,nan,nan,nan,nan,nan,nan,nan,nan,nan,nan,nan,nan,nan,nan,nan,nan,nan,nan,nan
741,nan,nan,0.016724,0,0,0.040789,0.329155,0.00343605,-0.00246602,1.66554,3.375e-05,0.0105402,0.266436,9930.76,0.966078,0.27129,-0.2,0.05,1,309.296,9.10541e+06,nan,nan,nan,nan,nan,nan,nan,nan,nan,nan,nan,nan,nan,nan,nan,nan,nan,nan,nan,nan
742,nan,nan,0.0198848,0,0,0.0243515,0.186782,0.000778087,-0.00667459,1.66571,0.000170859,0.0158171,0.266416,10029.5,0.969426,0.255754,-0.2,0.05,1,310.522,9.1177e+06,nan,nan,nan,nan,nan,nan,nan,nan,nan,nan,nan,nan,nan,nan,nan,nan,nan,nan,nan,nan
743,nan,nan,0.020618,0,0,0.0148185,0.12739,0.000271507,-0.00595731,1.6647,0.000113906,0.0120561,0.266411,10028,0.969326,0.256049,-0.2,0.05,1,311.748,9.12998e+06,nan,nan,nan,nan,nan,nan,nan,nan,nan,nan,nan,nan,nan,nan,nan,nan,nan,nan,nan,nan
744,nan,nan,0.0208934,0,0,0.012831,0.119418,0.000184473,-0.00451463,1.66387,2.25e-05,0.00711545,0.26639,10189.1,0.953298,0.252693,-0.2,0.05,1,312.955,9.14227e+06,nan,nan,nan,nan,nan,nan,nan,nan,nan,nan,nan,nan,nan,nan,nan,nan,nan,nan,nan,nan
745,nan,nan,0.0208928,0,0,0.0118622,0.111892,0.000192617,-0.00561291,1.66208,7.59375e-05,0.0122127,0.266361,9617.35,1.00256,0.275131,-0.2,0.05,1,314.234,9.15456e+06,nan,nan,nan,nan,nan,nan,nan,nan,nan,nan,nan,nan,nan,nan,nan,nan,nan,nan,nan,nan
746,nan,nan,0.0207875,0,0,0.0113195,0.105943,0.000238208,0.00259501,1.66012,7.59375e-05,0.0184189,0.266318,9545.61,1.0193,0.267992,-0.2,0.05,1,315.523,9.16685e+06,nan,nan,nan,nan,nan,nan,nan,nan,nan,nan,nan,nan,nan,nan,nan,nan,nan,nan,nan,nan
747,nan,nan,0.0206322,0,0,0.010983,0.105188,0.000193123,-0.00162016,1.65412,0.000113906,0.0115028,0.266176,10192.9,0.949992,0.255557,-0.2,0.05,1,316.729,9.17914e+06,nan,nan,nan,nan,nan,nan,nan,nan,nan,nan,nan,nan,nan,nan,nan,nan,nan,nan,nan,nan
748,nan,nan,0.0204316,0,0,0.0102822,0.101552,0.000203181,-0.00485596,1.64322,7.59375e-05,0.0130154,0.266052,9955.54,0.983389,0.250898,-0.2,0.05,1,317.965,9.19142e+06,nan,nan,nan,nan,nan,nan,nan,nan,nan,nan,nan,nan,nan,nan,nan,nan,nan,nan,nan,nan
749,nan,nan,0.0202848,0,0,0.00992373,0.103157,0.000180443,-0.00481254,1.63712,5.0625e-05,0.0104821,0.265983,9756.05,0.982727,0.2768,-0.2,0.05,1,319.225,9.20371e+06,nan,nan,nan,nan,nan,nan,nan,nan,nan,nan,nan,nan,nan,nan,nan,nan,nan,nan,nan,nan
750,5.03017,300,0.0201071,21.3333,0,0.00981068,0.101149,0.000177076,-0.00542233,1.6333,3.375e-05,0.00733297,0.265936,7099.03,1.46846,0.262484,-0.2,0.05,1,320.957,9.216e+06,0,0,0.703406,0.000618169,-0.0922169,nan,0,nan,nan,nan,nan,0,nan,0,nan,-0.00689169,-0.109154,-0.136067,nan,nan
751,nan,nan,-0.00540909,0,0,0.20991,0.958028,0.0302271,-0.0110114,1.63177,1.5e-05,0.0169825,0.265928,9929.08,0.969803,0.267774,-0.4,0.1,1,322.196,9.22829e+06,nan,nan,nan,nan,nan,nan,nan,nan,nan,nan,nan,nan,nan,nan,nan,nan,nan,nan,nan,nan
752,nan,nan,0.00997387,0,0,0.128208,0.922395,0.00689619,-0.0104704,1.63374,1.5e-05,0.0131287,0.265978,9822.28,0.971296,0.279737,-0.4,0.1,1,323.449,9.24058e+06,nan,nan,nan,nan,nan,nan,nan,nan,nan,nan,nan,nan,nan,nan,nan,nan,nan,nan,nan,nan
753,nan,nan,0.015005,0,0,0.0481997,0.426211,0.00435923,-0.00926308,1.63802,3.375e-05,0.0173131,0.266049,9636.75,1.00883,0.266291,-0.4,0.1,1,324.725,9.25286e+06,nan,nan,nan,nan,nan,nan,nan,nan,nan,nan,nan,nan,nan,nan,nan,nan,nan,nan,nan,nan
754,nan,nan,0.0188506,0,0,0.0248532,0.207578,0.001391,-0.00609347,1.64275,0.000113906,0.0167958,0.266137,9530.12,1.01015,0.279236,-0.4,0.1,1,326.015,9.26515e+06,nan,nan,nan,nan,nan,nan,nan,nan,nan,nan,nan,nan,nan,nan,nan,nan,nan,nan,nan,nan
755,nan,nan,0.0201603,0,0,0.0160172,0.138127,0.000578509,-0.00313913,1.6483,7.59375e-05,0.0136587,0.266194,9880.27,0.983381,0.26031,-0.4,0.1,1,327.26,9.27744e+06,nan,nan,nan,nan,nan,nan,nan,nan,nan,nan,nan,nan,nan,nan,nan,nan,nan,nan,nan,nan
756,nan,nan,0.0207829,0,0,0.0131445,0.118743,0.00031171,-0.00372877,1.65021,0.000170859,0.0129326,0.266213,9935.97,0.978942,0.257777,-0.4,0.1,1,328.498,9.28973e+06,nan,nan,nan,nan,nan,nan,nan,nan,nan,nan,nan,nan,nan,nan,nan,nan,nan,nan,nan,nan
757,nan,nan,0.0211069,0,0,0.0118838,0.109953,0.000449822,-0.00465823,1.65095,3.375e-05,0.0134657,0.266211,9587.78,1.00431,0.277323,-0.4,0.1,1,329.781,9.30202e+06,nan,nan,nan,nan,nan,nan,nan,nan,nan,nan,nan,nan,nan,nan,nan,nan,nan,nan,nan,nan
758,nan,nan,0.0211414,0,0,0.0113845,0.108109,0.000310014,-0.00359317,1.65047,0.000113906,0.0118744,0.266201,10030,0.969023,0.256105,-0.4,0.1,1,331.007,9.3143e+06,nan,nan,nan,nan,nan,nan,nan,nan,nan,nan,nan,nan,nan,nan,nan,nan,nan,nan,nan,nan
759,nan,nan,0.0212257,0,0,0.0107884,0.105627,0.000256336,-0.00275474,1.64929,0.000113906,0.0163989,0.266178,10142.5,0.955861,0.255677,-0.4,0.1,1,332.22,9.32659e+06,nan,nan,nan,nan,nan,nan,nan,nan,nan,nan,nan,nan,nan,nan,nan,nan,nan,nan,nan,nan
760,nan,nan,0.0212728,0,0,0.0105221,0.103132,0.000233711,-0.0014146,1.64953,5.0625e-05,0.00978839,0.266211,10152.7,0.953749,0.256571,-0.4,0.1,1,333.431,9.33888e+06,nan,nan,nan,nan,nan,nan,nan,nan,nan,nan,nan,nan,nan,nan,nan,nan,nan,nan,nan,nan
761,nan,nan,0.0212218,0,0,0.0101991,0.10432,0.000259169,-0.0038484,1.65047,0.000113906,0.0121079,0.266191,9758.84,0.981238,0.277928,-0.4,0.1,1,334.691,9.35117e+06,nan,nan,nan,nan,nan,nan,nan,nan,nan,nan,nan,nan,nan,nan,nan,nan,nan,nan,nan,nan
762,nan,nan,0.0210971,0,0,0.0100453,0.104555,0.000204606,-0.00519299,1.64627,0.000113906,0.0127573,0.266126,10224.3,0.948715,0.253122,-0.4,0.1,1,335.895,9.36346e+06,nan,nan,nan,nan,nan,nan,nan,nan,nan,nan,nan,nan,nan,nan,nan,nan,nan,nan,nan,nan
763,5.20569,300,0.00391526,21.3333,0,0.0918909,0.500544,0.0267162,-0.00469951,1.64428,1e-05,0.0162034,0.266128,7169.24,1.45683,0.257158,-0.4,0.1,1,337.61,9.37574e+06,0,0,0.729848,0.000793512,-0.0883218,nan,0,nan,nan,nan,nan,0,nan,0,nan,-0.00644017,-0.104645,-0.112929,nan,nan
764,nan,nan,0.00839894,0,0,0.21834,1.08457,0.0148146,-0.0111911,1.6457,2.25e-05,0.0198263,0.266166,10250.7,0.940369,0.25838,-0.4,0.1,1,338.81,9.38803e+06,nan,nan,nan,nan,nan,nan,nan,nan,nan,nan,nan,nan,nan,nan,nan,nan,nan,nan,nan,nan
765,nan,nan,0.0123088,0,0,0.0686506,0.600705,0.00930631,-0.00903878,1.6481,3.375e-05,0.0145481,0.2662,9698.79,0.975522,0.29144,-0.4,0.1,1,340.078,9.40032e+06,nan,nan,nan,nan,nan,nan,nan,nan,nan,nan,nan,nan,nan,nan,nan,nan,nan,nan,nan,nan
766,nan,nan,0.0174002,0,0,0.0406312,0.327768,0.00430827,-0.00396904,1.65053,7.59375e-05,0.0182673,0.266249,9980.77,0.973996,0.257171,-0.4,0.1,1,341.31,9.41261e+06,nan,nan,nan,nan,nan,nan,nan,nan,nan,nan,nan,nan,nan,nan,nan,nan,nan,nan,nan,nan
767,nan,nan,0.0197402,0,0,0.0214438,0.175891,0.00348871,-0.0055521,1.65628,3.375e-05,0.0151425,0.266339,10007.1,0.972387,0.255546,-0.4,0.1,1,342.539,9.4249e+06,nan,nan,nan,nan,nan,nan,nan,nan,nan,nan,nan,nan,nan,nan,nan,nan,nan,nan,nan,nan
768,nan,nan,0.0204744,0,0,0.0162001,0.138186,0.0012409,-0.00526805,1.66182,0.000113906,0.0154301,0.26643,10025.3,0.968932,0.256763,-0.4,0.1,1,343.766,9.43718e+06,nan,nan,nan,nan,nan,nan,nan,nan,nan,nan,nan,nan,nan,nan,nan,nan,nan,nan,nan,nan
769,nan,nan,0.0210278,0,0,0.0136116,0.127253,0.000521645,-0.00652378,1.66649,7.59375e-05,0.0124444,0.266435,9834.49,0.977842,0.271638,-0.4,0.1,1,345.017,9.44947e+06,nan,nan,nan,nan,nan,nan,nan,nan,nan,nan,nan,nan,nan,nan,nan,nan,nan,nan,nan,nan
770,nan,nan,0.0211128,0,0,0.0132105,0.119809,0.000351057,-0.00733131,1.66421,7.59375e-05,0.0110532,0.266413,9958.18,0.975992,0.257969,-0.4,0.1,1,346.252,9.46176e+06,nan,nan,nan,nan,nan,nan,nan,nan,nan,nan,nan,nan,nan,nan,nan,nan,nan,nan,nan,nan
771,nan,nan,0.0209962,0,0,0.0123293,0.115227,0.000521031,-0.00571729,1.66582,7.59375e-05,0.0131211,0.266466,9617.45,1.01151,0.266163,-0.4,0.1,1,347.53,9.47405e+06,nan,nan,nan,nan,nan,nan,nan,nan,nan,nan,nan,nan,nan,nan,nan,nan,nan,nan,nan,nan
772,nan,nan,0.0208027,0,0,0.0113852,0.111229,0.000716612,-0.00139226,1.67011,5.0625e-05,0.011918,0.266525,10053,0.959882,0.262445,-0.4,0.1,1,348.754,9.48634e+06,nan,nan,nan,nan,nan,nan,nan,nan,nan,nan,nan,nan,nan,nan,nan,nan,nan,nan,nan,nan
773,nan,nan,0.0205649,0,0,0.0109665,0.108482,0.000434717,-0.00636861,1.67384,0.000113906,0.012699,0.266576,9663.11,1.00426,0.267379,-0.4,0.1,1,350.027,9.49862e+06,nan,nan,nan,nan,nan,nan,nan,nan,nan,nan,nan,nan,nan,nan,nan,nan,nan,nan,nan,nan
774,nan,nan,0.0204004,0,0,0.0104843,0.107349,0.000728691,-0.00516601,1.67566,7.59375e-05,0.0135772,0.266592,9943.03,0.972151,0.26369,-0.4,0.1,1,351.264,9.51091e+06,nan,nan,nan,nan,nan,nan,nan,nan,nan,nan,nan,nan,nan,nan,nan,nan,nan,nan,nan,nan
775,5.20572,300,0.0202368,21.3333,0,0.010155,0.107,0.000324953,-0.0083239,1.67686,7.59375e-05,0.0114228,0.266588,7059.32,1.43842,0.302254,-0.4,0.1,1,353.005,9.5232e+06,0,0,0.729519,0.00102351,-0.0849358,nan,0,nan,nan,nan,nan,0,nan,0,nan,-0.00675392,-0.118864,-0.121974,nan,nan
776,nan,nan,-0.00103906,0,0,0.213821,1.00401,0.0486613,-0.00821346,1.67538,1e-05,0.0171736,0.266572,9961.02,0.95596,0.277649,-0.4,0.1,1,354.24,9.53549e+06,nan,nan,nan,nan,nan,nan,nan,nan,nan,nan,nan,nan,nan,nan,nan,nan,nan,nan,nan,nan
777,nan,nan,0.01043,0,0,0.134546,0.945459,0.00974173,-0.0139663,1.67525,3.375e-05,0.0194904,0.266573,10212.6,0.943436,0.259785,-0.4,0.1,1,355.445,9.54778e+06,nan,nan,nan,nan,nan,nan,nan,nan,nan,nan,nan,nan,nan,nan,nan,nan,nan,nan,nan,nan
778,nan,nan,0.0143501,0,0,0.0436472,0.400703,0.00969616,-0.00661897,1.67478,1e-05,0.0161954,0.266561,10048,0.961698,0.261231,-0.4,0.1,1,356.669,9.56006e+06,nan,nan,nan,nan,nan,nan,nan,nan,nan,nan,nan,nan,nan,nan,nan,nan,nan,nan,nan,nan
779,nan,nan,0.0182381,0,0,0.0293433,0.239955,0.00904931,-0.00510394,1.67439,5.0625e-05,0.0158825,0.26656,10114.2,0.959834,0.255091,-0.4,0.1,1,357.885,9.57235e+06,nan,nan,nan,nan,nan,nan,nan,nan,nan,nan,nan,nan,nan,nan,nan,nan,nan,nan,nan,nan
780,nan,nan,0.0204637,0,0,0.0168314,0.14991,0.00240628,-0.00364839,1.67489,0.000113906,0.0135781,0.266572,9883.61,0.973118,0.270152,-0.4,0.1,1,359.129,9.58464e+06,nan,nan,nan,nan,nan,nan,nan,nan,nan,nan,nan,nan,nan,nan,nan,nan,nan,nan,nan,nan
781,nan,nan,0.0214955,0,0,0.01405,0.132146,0.00115911,-0.00327929,1.67496,0.000113906,0.0120599,0.266554,9841.97,0.989825,0.258705,-0.4,0.1,1,360.381,9.59693e+06,nan,nan,nan,nan,nan,nan,nan,nan,nan,nan,nan,nan,nan,nan,nan,nan,nan,nan,nan,nan
782,nan,nan,0.0216754,0,0,0.0123631,0.123023,0.000483924,-0.00326491,1.67272,0.000113906,0.0178647,0.26652,9895.72,0.98189,0.259859,-0.4,0.1,1,361.624,9.60922e+06,nan,nan,nan,nan,nan,nan,nan,nan,nan,nan,nan,nan,nan,nan,nan,nan,nan,nan,nan,nan
783,nan,nan,0.0216827,0,0,0.0109396,0.113134,0.000301719,-0.00559662,1.66983,0.000113906,0.00962051,0.266469,10158.5,0.954618,0.255015,-0.4,0.1,1,362.835,9.6215e+06,nan,nan,nan,nan,nan,nan,nan,nan,nan,nan,nan,nan,nan,nan,nan,nan,nan,nan,nan,nan
784,nan,nan,0.0216998,0,0,0.0105495,0.109174,0.00017745,-0.00266679,1.66657,0.000113906,0.0078863,0.266435,10004.9,0.961095,0.267109,-0.4,0.1,1,364.064,9.63379e+06,nan,nan,nan,nan,nan,nan,nan,nan,nan,nan,nan,nan,nan,nan,nan,nan,nan,nan,nan,nan
785,nan,nan,0.0216057,0,0,0.0100627,0.109787,0.000157965,-0.00321468,1.66233,7.59375e-05,0.0131328,0.266348,10056.3,0.964097,0.257818,-0.4,0.1,1,365.287,9.64608e+06,nan,nan,nan,nan,nan,nan,nan,nan,nan,nan,nan,nan,nan,nan,nan,nan,nan,nan,nan,nan
786,nan,nan,0.0215248,0,0,0.00986387,0.109076,0.000123832,-0.00539867,1.65317,0.000170859,0.0128473,0.266136,9948.53,0.969584,0.265574,-0.4,0.1,1,366.524,9.65837e+06,nan,nan,nan,nan,nan,nan,nan,nan,nan,nan,nan,nan,nan,nan,nan,nan,nan,nan,nan,nan
787,nan,nan,0.0214018,0,0,0.00974528,0.111824,0.000108391,-0.00120815,1.63756,0.000256289,0.0144492,0.265896,10178.2,0.949857,0.257435,-0.4,0.1,1,367.732,9.67066e+06,nan,nan,nan,nan,nan,nan,nan,nan,nan,nan,nan,nan,nan,nan,nan,nan,nan,nan,nan,nan
788,5.37979,300,0.00500823,21.3333,0,0.0921007,0.471004,0.0160415,-0.00222015,1.62828,1e-05,0.0361889,0.26588,6883.23,1.50543,0.279775,-0.4,0.1,1,369.519,9.68294e+06,0,0,0.756433,0.00091887,-0.084507,nan,0,nan,nan,nan,nan,0,nan,0,nan,-0.00595975,-0.0866927,-0.103298,nan,nan
789,nan,nan,0.00937715,0,0,0.207586,1.1065,0.0129114,-0.0116166,1.6303,5.0625e-05,0.0173495,0.265937,10366.8,0.929356,0.255967,-0.4,0.1,1,370.705,9.69523e+06,nan,nan,nan,nan,nan,nan,nan,nan,nan,nan,nan,nan,nan,nan,nan,nan,nan,nan,nan,nan
790,nan,nan,0.0137493,0,0,0.0632569,0.584805,0.00328582,-0.011732,1.63561,5.0625e-05,0.0105924,0.266014,9908.23,0.954054,0.286127,-0.4,0.1,1,371.947,9.70752e+06,nan,nan,nan,nan,nan,nan,nan,nan,nan,nan,nan,nan,nan,nan,nan,nan,nan,nan,nan,nan
791,nan,nan,0.0182359,0,0,0.0359351,0.296674,0.00194891,-0.00807389,1.64222,5.0625e-05,0.00947315,0.266136,10187.5,0.949652,0.256527,-0.4,0.1,1,373.154,9.71981e+06,nan,nan,nan,nan,nan,nan,nan,nan,nan,nan,nan,nan,nan,nan,nan,nan,nan,nan,nan,nan
792,nan,nan,0.0205932,0,0,0.0214479,0.170284,0.00129718,-0.00456714,1.65117,7.59375e-05,0.0138466,0.266277,9940.78,0.960939,0.275182,-0.4,0.1,1,374.391,9.7321e+06,nan,nan,nan,nan,nan,nan,nan,nan,nan,nan,nan,nan,nan,nan,nan,nan,nan,nan,nan,nan
793,nan,nan,0.0212929,0,0,0.0156877,0.134782,0.00109514,-0.00579102,1.66262,0.000113906,0.0221538,0.266469,9907.04,0.979763,0.260567,-0.4,0.1,1,375.633,9.74438e+06,nan,nan,nan,nan,nan,nan,nan,nan,nan,nan,nan,nan,nan,nan,nan,nan,nan,nan,nan,nan
794,nan,nan,0.0215308,0,0,0.0129493,0.115761,0.000922189,-0.00250114,1.67015,5.0625e-05,0.00939028,0.266507,9972.19,0.957804,0.274423,-0.4,0.1,1,376.866,9.75667e+06,nan,nan,nan,nan,nan,nan,nan,nan,nan,nan,nan,nan,nan,nan,nan,nan,nan,nan,nan,nan
795,nan,nan,0.0216483,0,0,0.0117494,0.113629,0.000953739,-0.00338758,1.67093,3.375e-05,0.00816455,0.266502,9849.04,0.991725,0.25591,-0.4,0.1,1,378.115,9.76896e+06,nan,nan,nan,nan,nan,nan,nan,nan,nan,nan,nan,nan,nan,nan,nan,nan,nan,nan,nan,nan
796,nan,nan,0.021468,0,0,0.0109377,0.110286,0.000902521,-0.00272428,1.6711,0.000170859,0.0163787,0.266544,10051.3,0.96302,0.259512,-0.4,0.1,1,379.338,9.78125e+06,nan,nan,nan,nan,nan,nan,nan,nan,nan,nan,nan,nan,nan,nan,nan,nan,nan,nan,nan,nan
797,nan,nan,0.0213202,0,0,0.0102673,0.108877,0.000518602,-0.00348825,1.67398,0.000113906,0.0126449,0.266533,9885.84,0.978034,0.264956,-0.4,0.1,1,380.583,9.79354e+06,nan,nan,nan,nan,nan,nan,nan,nan,nan,nan,nan,nan,nan,nan,nan,nan,nan,nan,nan,nan
798,nan,nan,0.0210991,0,0,0.00989017,0.109331,0.000301505,-0.00623361,1.67025,3.375e-05,0.00910743,0.266497,10196.8,0.948374,0.25671,-0.4,0.1,1,381.789,9.80582e+06,nan,nan,nan,nan,nan,nan,nan,nan,nan,nan,nan,nan,nan,nan,nan,nan,nan,nan,nan,nan
799,nan,nan,0.0209039,0,0,0.00985214,0.109951,0.00020797,-0.00662919,1.66797,5.0625e-05,0.0111133,0.266448,9921.2,0.978007,0.260553,-0.4,0.1,1,383.028,9.81811e+06,nan,nan,nan,nan,nan,nan,nan,nan,nan,nan,nan,nan,nan,nan,nan,nan,nan,nan,nan,nan
800,5.43034,300,0.0206664,21.3333,0,0.00963413,0.108839,0.000165846,-0.00642834,1.66352,0.000113906,0.0109225,0.26637,7025.59,1.47492,0.274115,-0.4,0.1,1,384.778,9.8304e+06,0,0,0.742885,0.000899866,-0.0840063,nan,0,nan,nan,nan,nan,0,nan,0,nan,-0.00597624,-0.0831283,-0.10764,nan,nan
801,nan,nan,-0.00330301,0,0,0.200424,0.938121,0.024117,-0.00906215,1.65992,1e-05,0.015895,0.266364,9289.72,1.0626,0.260149,-0.4,0.1,1,387.545,9.84269e+06,nan,nan,nan,nan,nan,nan,nan,nan,nan,nan,nan,nan,nan,nan,nan,nan,nan,nan,nan,nan
802,nan,nan,0.0112408,0,0,0.135028,0.906891,0.00670786,-0.010682,1.66175,2.25e-05,0.0171426,0.266404,10462.4,0.922186,0.252305,-0.4,0.1,1,388.723,9.85498e+06,nan,nan,nan,nan,nan,nan,nan,nan,nan,nan,nan,nan,nan,nan,nan,nan,nan,nan,nan,nan
803,nan,nan,0.0154384,0,0,0.052025,0.441374,0.00339331,-0.0060375,1.66482,3.375e-05,0.0121816,0.266452,10408.9,0.928321,0.252203,-0.4,0.1,1,389.904,9.86726e+06,nan,nan,nan,nan,nan,nan,nan,nan,nan,nan,nan,nan,nan,nan,nan,nan,nan,nan,nan,nan
804,nan,nan,0.019376,0,0,0.0284431,0.22967,0.00134702,-0.00502448,1.66701,0.000113906,0.0139964,0.266465,9691.05,0.975217,0.292757,-0.4,0.1,1,391.173,9.87955e+06,nan,nan,nan,nan,nan,nan,nan,nan,nan,nan,nan,nan,nan,nan,nan,nan,nan,nan,nan,nan
805,nan,nan,0.0205911,0,0,0.0160937,0.139314,0.000688076,-0.00457959,1.66845,5.0625e-05,0.00893648,0.26651,10035.2,0.969825,0.254665,-0.4,0.1,1,392.399,9.89184e+06,nan,nan,nan,nan,nan,nan,nan,nan,nan,nan,nan,nan,nan,nan,nan,nan,nan,nan,nan,nan
806,nan,nan,0.0209444,0,0,0.0143132,0.126678,0.000357078,-0.00418912,1.67179,0.000170859,0.0129917,0.266524,10047,0.971454,0.251601,-0.4,0.1,1,393.623,9.90413e+06,nan,nan,nan,nan,nan,nan,nan,nan,nan,nan,nan,nan,nan,nan,nan,nan,nan,nan,nan,nan
807,nan,nan,0.020972,0,0,0.012446,0.118428,0.000383196,-0.00303805,1.67099,0.000113906,0.0119822,0.266491,9877.04,0.980005,0.264092,-0.4,0.1,1,394.868,9.91642e+06,nan,nan,nan,nan,nan,nan,nan,nan,nan,nan,nan,nan,nan,nan,nan,nan,nan,nan,nan,nan
808,nan,nan,0.0210904,0,0,0.0115867,0.114286,0.000223991,-0.0028924,1.66565,0.000256289,0.0171417,0.266354,10153.2,0.956021,0.254242,-0.4,0.1,1,396.08,9.9287e+06,nan,nan,nan,nan,nan,nan,nan,nan,nan,nan,nan,nan,nan,nan,nan,nan,nan,nan,nan,nan
809,nan,nan,0.0210137,0,0,0.0106838,0.113185,0.000205624,-0.00159729,1.65618,7.59375e-05,0.0133294,0.266261,10015.8,0.970056,0.256802,-0.4,0.1,1,397.308,9.94099e+06,nan,nan,nan,nan,nan,nan,nan,nan,nan,nan,nan,nan,nan,nan,nan,nan,nan,nan,nan,nan
810,nan,nan,0.0208159,0,0,0.0103612,0.111645,0.000209235,-0.00241578,1.65138,0.000113906,0.0151142,0.266187,9960.15,0.975895,0.257821,-0.4,0.1,1,398.542,9.95328e+06,nan,nan,nan,nan,nan,nan,nan,nan,nan,nan,nan,nan,nan,nan,nan,nan,nan,nan,nan,nan
811,nan,nan,0.0205884,0,0,0.0101511,0.109829,0.000212664,-0.00355552,1.64831,7.59375e-05,0.0121578,0.266166,9931.05,0.972889,0.264443,-0.4,0.1,1,399.781,9.96557e+06,nan,nan,nan,nan,nan,nan,nan,nan,nan,nan,nan,nan,nan,nan,nan,nan,nan,nan,nan,nan
812,nan,nan,0.0204247,0,0,0.00999318,0.111134,0.000194224,-0.00483369,1.64665,0.000170859,0.0134257,0.266115,10173.3,0.94934,0.258524,-0.4,0.1,1,400.99,9.97786e+06,nan,nan,nan,nan,nan,nan,nan,nan,nan,nan,nan,nan,nan,nan,nan,nan,nan,nan,nan,nan
813,5.26491,300,0.00260938,21.3333,0,0.0936052,0.489567,0.0146467,-0.00486578,1.64267,1e-05,0.0220864,0.266094,6950.17,1.50621,0.261805,-0.4,0.1,1,402.759,9.99014e+06,0,0,0.753633,0.000978131,-0.0872039,nan,0,nan,nan,nan,nan,0,nan,0,nan,-0.00636445,-0.0991536,-0.107106,nan,nan
814,nan,nan,0.00876724,0,0,0.225805,1.15806,0.0114245,-0.0128294,1.64319,5.0625e-05,0.0159836,0.266111,10092.8,0.947369,0.270138,-0.4,0.1,1,403.978,1.00024e+07,nan,nan,nan,nan,nan,nan,nan,nan,nan,nan,nan,nan,nan,nan,nan,nan,nan,nan,nan,nan
815,nan,nan,0.0125333,0,0,0.0715324,0.663766,0.00379785,-0.00815425,1.64699,2.25e-05,0.0188887,0.266194,10105.3,0.950992,0.265005,-0.4,0.1,1,405.195,1.00147e+07,nan,nan,nan,nan,nan,nan,nan,nan,nan,nan,nan,nan,nan,nan,nan,nan,nan,nan,nan,nan
816,nan,nan,0.0179606,0,0,0.0414556,0.337815,0.00253519,-0.0078031,1.65201,5.0625e-05,0.0112315,0.266255,10112.9,0.956823,0.258255,-0.4,0.1,1,406.415,1.0027e+07,nan,nan,nan,nan,nan,nan,nan,nan,nan,nan,nan,nan,nan,nan,nan,nan,nan,nan,nan,nan
817,nan,nan,0.02038,0,0,0.0225495,0.170999,0.000764414,-0.00521604,1.65572,0.000170859,0.0131027,0.26631,10053.5,0.966898,0.255368,-0.4,0.1,1,407.639,1.00393e+07,nan,nan,nan,nan,nan,nan,nan,nan,nan,nan,nan,nan,nan,nan,nan,nan,nan,nan,nan,nan
818,nan,nan,0.0212279,0,0,0.0157367,0.128706,0.000259156,-1.90761e-05,1.65738,7.59375e-05,0.0142137,0.266298,9833.87,0.982571,0.266988,-0.4,0.1,1,408.889,1.00516e+07,nan,nan,nan,nan,nan,nan,nan,nan,nan,nan,nan,nan,nan,nan,nan,nan,nan,nan,nan,nan
819,nan,nan,0.0215637,0,0,0.013718,0.116576,0.00027007,-0.00404207,1.65435,3.375e-05,0.00867985,0.266252,9874.35,0.982123,0.262313,-0.4,0.1,1,410.135,1.00639e+07,nan,nan,nan,nan,nan,nan,nan,nan,nan,nan,nan,nan,nan,nan,nan,nan,nan,nan,nan,nan
820,nan,nan,0.0216253,0,0,0.0132275,0.118128,0.000245416,-0.00680313,1.65134,0.000113906,0.0132117,0.266225,10033.3,0.965203,0.259521,-0.4,0.1,1,411.361,1.00762e+07,nan,nan,nan,nan,nan,nan,nan,nan,nan,nan,nan,nan,nan,nan,nan,nan,nan,nan,nan,nan
821,nan,nan,0.0216202,0,0,0.0123003,0.116865,0.000267619,-0.00110615,1.65085,5.0625e-05,0.0146714,0.266226,9967.26,0.964941,0.267895,-0.4,0.1,1,412.595,1.00884e+07,nan,nan,nan,nan,nan,nan,nan,nan,nan,nan,nan,nan,nan,nan,nan,nan,nan,nan,nan,nan
822,nan,nan,0.0215645,0,0,0.0114974,0.11316,0.000269857,-0.00211038,1.65111,0.000113906,0.0171842,0.26622,9622.06,0.970613,0.306453,-0.4,0.1,1,413.873,1.01007e+07,nan,nan,nan,nan,nan,nan,nan,nan,nan,nan,nan,nan,nan,nan,nan,nan,nan,nan,nan,nan
823,nan,nan,0.0214683,0,0,0.0111681,0.11421,0.000236982,-0.00335514,1.64933,7.59375e-05,0.00984546,0.266193,9869.06,0.983737,0.261366,-0.4,0.1,1,415.119,1.0113e+07,nan,nan,nan,nan,nan,nan,nan,nan,nan,nan,nan,nan,nan,nan,nan,nan,nan,nan,nan,nan
824,nan,nan,0.0213169,0,0,0.010589,0.111736,0.000236854,-0.00327461,1.64916,7.59375e-05,0.0104197,0.266206,10118,0.955203,0.259264,-0.4,0.1,1,416.335,1.01253e+07,nan,nan,nan,nan,nan,nan,nan,nan,nan,nan,nan,nan,nan,nan,nan,nan,nan,nan,nan,nan
825,5.36613,300,0.0211305,21.3333,0,0.0105113,0.111961,0.000245623,-0.00436814,1.64935,0.000170859,0.0130807,0.266163,7174.12,1.44625,0.266572,-0.4,0.1,1,418.049,1.01376e+07,0,0,0.743367,0.000964185,-0.0907179,nan,0,nan,nan,nan,nan,0,nan,0,nan,-0.00636673,-0.0947233,-0.0929501,nan,nan
826,nan,nan,-0.00104924,0,0,0.197563,0.94427,0.0275048,-0.00606766,1.64651,1e-05,0.0144346,0.266158,9863.76,0.971293,0.274479,-0.4,0.1,1,419.296,1.01499e+07,nan,nan,nan,nan,nan,nan,nan,nan,nan,nan,nan,nan,nan,nan,nan,nan,nan,nan,nan,nan
827,nan,nan,0.0125118,0,0,0.126382,0.854981,0.00889821,-0.0113923,1.64887,1e-05,0.0189309,0.266215,10088.7,0.953095,0.2649,-0.4,0.1,1,420.515,1.01622e+07,nan,nan,nan,nan,nan,nan,nan,nan,nan,nan,nan,nan,nan,nan,nan,nan,nan,nan,nan,nan
828,nan,nan,0.0163455,0,0,0.0496354,0.399966,0.00642988,-0.00570062,1.65394,0.000113906,0.0152593,0.266334,10229.3,0.943148,0.258104,-0.4,0.1,1,421.717,1.01745e+07,nan,nan,nan,nan,nan,nan,nan,nan,nan,nan,nan,nan,nan,nan,nan,nan,nan,nan,nan,nan
829,nan,nan,0.019799,0,0,0.0270869,0.199698,0.0018899,-0.00403041,1.66136,0.000256289,0.0181054,0.266407,10127.7,0.952879,0.260432,-0.4,0.1,1,422.932,1.01868e+07,nan,nan,nan,nan,nan,nan,nan,nan,nan,nan,nan,nan,nan,nan,nan,nan,nan,nan,nan,nan
830,nan,nan,0.0212532,0,0,0.0185785,0.136132,0.001663,-0.0043005,1.66421,1.5e-05,0.013733,0.266427,10138.9,0.953802,0.258169,-0.4,0.1,1,424.145,1.0199e+07,nan,nan,nan,nan,nan,nan,nan,nan,nan,nan,nan,nan,nan,nan,nan,nan,nan,nan,nan,nan
831,nan,nan,0.021969,0,0,0.0146133,0.116599,0.000408099,-0.00527295,1.66469,7.59375e-05,0.00953534,0.266424,9610.98,0.987683,0.290855,-0.4,0.1,1,425.425,1.02113e+07,nan,nan,nan,nan,nan,nan,nan,nan,nan,nan,nan,nan,nan,nan,nan,nan,nan,nan,nan,nan
832,nan,nan,0.0221152,0,0,0.0136998,0.116074,0.000743467,-0.00510986,1.66312,0.000113906,0.0128825,0.266383,9829.3,0.987813,0.262327,-0.4,0.1,1,426.676,1.02236e+07,nan,nan,nan,nan,nan,nan,nan,nan,nan,nan,nan,nan,nan,nan,nan,nan,nan,nan,nan,nan
833,nan,nan,0.0222799,0,0,0.0136088,0.118497,0.000684294,-0.00592009,1.6626,0.000113906,0.0141962,0.266405,10081.6,0.958198,0.260656,-0.4,0.1,1,427.896,1.02359e+07,nan,nan,nan,nan,nan,nan,nan,nan,nan,nan,nan,nan,nan,nan,nan,nan,nan,nan,nan,nan
834,nan,nan,0.022297,0,0,0.0133388,0.118166,0.000357984,-0.0059835,1.66249,0.000113906,0.0176446,0.266358,9797.43,0.970193,0.284013,-0.4,0.1,1,429.151,1.02482e+07,nan,nan,nan,nan,nan,nan,nan,nan,nan,nan,nan,nan,nan,nan,nan,nan,nan,nan,nan,nan
835,nan,nan,0.0222118,0,0,0.0128965,0.117029,0.000309008,-0.00499728,1.65882,0.000170859,0.0166287,0.26632,9912.28,0.976275,0.263399,-0.4,0.1,1,430.392,1.02605e+07,nan,nan,nan,nan,nan,nan,nan,nan,nan,nan,nan,nan,nan,nan,nan,nan,nan,nan,nan,nan
836,nan,nan,0.0220954,0,0,0.0123252,0.114526,0.000247877,0.00136987,1.65732,2.25e-05,0.0128426,0.266318,9939.37,0.97382,0.262475,-0.4,0.1,1,431.629,1.02728e+07,nan,nan,nan,nan,nan,nan,nan,nan,nan,nan,nan,nan,nan,nan,nan,nan,nan,nan,nan,nan
837,nan,nan,0.02201,0,0,0.0117888,0.112672,0.000280609,-0.0056561,1.65897,2.25e-05,0.00754155,0.266349,10136.7,0.952142,0.260083,-0.4,0.1,1,432.843,1.02851e+07,nan,nan,nan,nan,nan,nan,nan,nan,nan,nan,nan,nan,nan,nan,nan,nan,nan,nan,nan,nan
838,5.6353,300,0.00562942,21.3333,0,0.0945578,0.487729,0.0226709,-0.00763724,1.66028,1e-05,0.0187228,0.266369,6952.97,1.47749,0.289811,-0.4,0.1,1,434.611,1.02973e+07,0,0,0.760318,0.000711282,-0.0833454,nan,0,nan,nan,nan,nan,0,nan,0,nan,-0.00622481,-0.0890397,-0.0852767,nan,nan
839,nan,nan,0.0106818,0,0,0.203264,1.01818,0.0119454,-0.0120335,1.66198,2.25e-05,0.0200569,0.266399,9910.26,0.964213,0.275714,-0.4,0.1,1,435.852,1.03096e+07,nan,nan,nan,nan,nan,nan,nan,nan,nan,nan,nan,nan,nan,nan,nan,nan,nan,nan,nan,nan
840,nan,nan,0.0133775,0,0,0.0671897,0.563704,0.00511268,-0.00943017,1.66434,7.59375e-05,0.021138,0.266442,9981.51,0.966749,0.264328,-0.4,0.1,1,437.085,1.03219e+07,nan,nan,nan,nan,nan,nan,nan,nan,nan,nan,nan,nan,nan,nan,nan,nan,nan,nan,nan,nan
841,nan,nan,0.018017,0,0,0.0427889,0.298754,0.00925169,-0.00478045,1.66689,2.25e-05,0.0142707,0.266473,10118.2,0.954868,0.259577,-0.4,0.1,1,438.3,1.03342e+07,nan,nan,nan,nan,nan,nan,nan,nan,nan,nan,nan,nan,nan,nan,nan,nan,nan,nan,nan,nan
842,nan,nan,0.0201102,0,0,0.0268439,0.189342,0.00376779,-0.00685281,1.66942,5.0625e-05,0.0206042,0.266522,9859.24,0.985949,0.260395,-0.4,0.1,1,439.548,1.03465e+07,nan,nan,nan,nan,nan,nan,nan,nan,nan,nan,nan,nan,nan,nan,nan,nan,nan,nan,nan,nan
843,nan,nan,0.0212125,0,0,0.0171605,0.131329,0.00147276,-0.00603631,1.67093,5.0625e-05,0.0108853,0.266508,9736.3,0.996691,0.265391,-0.4,0.1,1,440.811,1.03588e+07,nan,nan,nan,nan,nan,nan,nan,nan,nan,nan,nan,nan,nan,nan,nan,nan,nan,nan,nan,nan
844,nan,nan,0.0219096,0,0,0.0145037,0.117239,0.00055259,-0.0036631,1.66759,0.000170859,0.0175773,0.266441,9929.41,0.974342,0.263194,-0.4,0.1,1,442.049,1.03711e+07,nan,nan,nan,nan,nan,nan,nan,nan,nan,nan,nan,nan,nan,nan,nan,nan,nan,nan,nan,nan
845,nan,nan,0.0219554,0,0,0.0141091,0.119571,0.000696739,-0.00391756,1.6652,0.000113906,0.014381,0.266451,10079.4,0.957993,0.261132,-0.4,0.1,1,443.27,1.03834e+07,nan,nan,nan,nan,nan,nan,nan,nan,nan,nan,nan,nan,nan,nan,nan,nan,nan,nan,nan,nan
846,nan,nan,0.0218268,0,0,0.0144143,0.122046,0.000907787,-0.00428645,1.66706,2.25e-05,0.00976453,0.26647,10078.7,0.955223,0.26398,-0.4,0.1,1,444.49,1.03956e+07,nan,nan,nan,nan,nan,nan,nan,nan,nan,nan,nan,nan,nan,nan,nan,nan,nan,nan,nan,nan
847,nan,nan,0.0217135,0,0,0.014058,0.121049,0.000886252,-0.00481286,1.66773,0.000113906,0.0118853,0.266464,9713.02,0.992518,0.272588,-0.4,0.1,1,445.756,1.04079e+07,nan,nan,nan,nan,nan,nan,nan,nan,nan,nan,nan,nan,nan,nan,nan,nan,nan,nan,nan,nan
848,nan,nan,0.0215719,0,0,0.0131674,0.118008,0.000767628,-0.0032344,1.66642,7.59375e-05,0.0123639,0.266461,9922.82,0.973766,0.264592,-0.4,0.1,1,446.996,1.04202e+07,nan,nan,nan,nan,nan,nan,nan,nan,nan,nan,nan,nan,nan,nan,nan,nan,nan,nan,nan,nan
849,nan,nan,0.0214238,0,0,0.0129381,0.118037,0.00095354,-0.00504236,1.6679,1e-05,0.0115815,0.266478,9563.64,1.01803,0.266837,-0.4,0.1,1,448.282,1.04325e+07,nan,nan,nan,nan,nan,nan,nan,nan,nan,nan,nan,nan,nan,nan,nan,nan,nan,nan,nan,nan
850,5.5134,300,0.021261,21.3333,0,0.0128753,0.115754,0.000692563,-0.00315003,1.66713,7.59375e-05,0.00893805,0.266427,6367.4,1.65203,0.277799,-0.4,0.1,1,450.213,1.04448e+07,0,0,0.759882,0.000901565,-0.0835974,nan,0,nan,nan,nan,nan,0,nan,0,nan,-0.00677971,-0.107806,-0.102098,nan,nan
851,nan,nan,-0.00340725,0,0,0.223981,0.977878,0.0272096,-0.0102296,1.6636,1e-05,0.0166624,0.266407,10069,0.959504,0.260873,-0.4,0.1,1,451.434,1.04571e+07,nan,nan,nan,nan,nan,nan,nan,nan,nan,nan,nan,nan,nan,nan,nan,nan,nan,nan,nan,nan
852,nan,nan,0.0116361,0,0,0.136877,0.90442,0.00752643,-0.00988384,1.66467,7.59375e-05,0.0181322,0.266446,10172.5,0.944844,0.263116,-0.4,0.1,1,452.643,1.04694e+07,nan,nan,nan,nan,nan,nan,nan,nan,nan,nan,nan,nan,nan,nan,nan,nan,nan,nan,nan,nan
853,nan,nan,0.0157086,0,0,0.0546835,0.418136,0.00331485,-0.00849976,1.66671,0.000170859,0.0187671,0.266452,10196,0.938118,0.26706,-0.4,0.1,1,453.85,1.04817e+07,nan,nan,nan,nan,nan,nan,nan,nan,nan,nan,nan,nan,nan,nan,nan,nan,nan,nan,nan,nan
854,nan,nan,0.0192025,0,0,0.0283176,0.216476,0.00371693,-0.00392657,1.66746,5.0625e-05,0.0118765,0.266484,9741.03,0.994748,0.266721,-0.4,0.1,1,455.112,1.0494e+07,nan,nan,nan,nan,nan,nan,nan,nan,nan,nan,nan,nan,nan,nan,nan,nan,nan,nan,nan,nan
855,nan,nan,0.0210182,0,0,0.0183945,0.147341,0.00116577,-0.00638794,1.66919,7.59375e-05,0.0108938,0.2665,10042.9,0.961753,0.261797,-0.4,0.1,1,456.337,1.05062e+07,nan,nan,nan,nan,nan,nan,nan,nan,nan,nan,nan,nan,nan,nan,nan,nan,nan,nan,nan,nan
856,nan,nan,0.0217493,0,0,0.0145768,0.126561,0.000618475,-0.00404877,1.66772,0.000170859,0.0105628,0.266424,9821.92,0.988551,0.262529,-0.4,0.1,1,457.589,1.05185e+07,nan,nan,nan,nan,nan,nan,nan,nan,nan,nan,nan,nan,nan,nan,nan,nan,nan,nan,nan,nan
857,nan,nan,0.0219732,0,0,0.0136125,0.120373,0.000514242,-0.00516734,1.66347,0.000170859,0.0158049,0.266384,9823.51,0.975698,0.275179,-0.4,0.1,1,458.841,1.05308e+07,nan,nan,nan,nan,nan,nan,nan,nan,nan,nan,nan,nan,nan,nan,nan,nan,nan,nan,nan,nan
858,nan,nan,0.0219591,0,0,0.0132227,0.119067,0.000482797,-0.00579599,1.66285,0.000113906,0.0154526,0.266374,9764.08,0.994701,0.263789,-0.4,0.1,1,460.101,1.05431e+07,nan,nan,nan,nan,nan,nan,nan,nan,nan,nan,nan,nan,nan,nan,nan,nan,nan,nan,nan,nan
859,nan,nan,0.0217762,0,0,0.0132556,0.119589,0.000428672,-0.00712752,1.66092,5.0625e-05,0.0099828,0.266328,10093.4,0.955019,0.262411,-0.4,0.1,1,461.319,1.05554e+07,nan,nan,nan,nan,nan,nan,nan,nan,nan,nan,nan,nan,nan,nan,nan,nan,nan,nan,nan,nan
860,nan,nan,0.0216504,0,0,0.0131746,0.118018,0.000409957,-0.00631178,1.65713,0.000113906,0.0127827,0.266271,9831.93,0.981248,0.268557,-0.4,0.1,1,462.57,1.05677e+07,nan,nan,nan,nan,nan,nan,nan,nan,nan,nan,nan,nan,nan,nan,nan,nan,nan,nan,nan,nan
861,nan,nan,0.0214795,0,0,0.0130873,0.121335,0.0003835,-0.0048876,1.6538,5.0625e-05,0.0119813,0.266222,10130.5,0.94288,0.270088,-0.4,0.1,1,463.784,1.058e+07,nan,nan,nan,nan,nan,nan,nan,nan,nan,nan,nan,nan,nan,nan,nan,nan,nan,nan,nan,nan
862,nan,nan,0.0213921,0,0,0.0130415,0.120167,0.00040177,-0.0062882,1.6498,0.000113906,0.013159,0.266146,9839.73,0.977546,0.271269,-0.4,0.1,1,465.034,1.05923e+07,nan,nan,nan,nan,nan,nan,nan,nan,nan,nan,nan,nan,nan,nan,nan,nan,nan,nan,nan,nan
863,5.44248,300,0.00419062,21.3333,0,0.0994965,0.490839,0.0207166,-0.00804504,1.64685,1e-05,0.0207127,0.266143,6994.87,1.49227,0.264446,-0.4,0.1,1,466.792,1.06045e+07,0,0,0.707053,0.000644019,-0.0849693,nan,0,nan,nan,nan,nan,0,nan,0,nan,-0.00675628,-0.10252,-0.108664,nan,nan
864,nan,nan,0.00971839,0,0,0.224201,1.06792,0.0276568,-0.0117512,1.64877,5.0625e-05,0.0187195,0.266198,10191.8,0.943231,0.262446,-0.4,0.1,1,467.999,1.06168e+07,nan,nan,nan,nan,nan,nan,nan,nan,nan,nan,nan,nan,nan,nan,nan,nan,nan,nan,nan,nan
865,nan,nan,0.0125448,0,0,0.07648,0.620763,0.0118261,-0.0110308,1.65514,5.0625e-05,0.0190811,0.26631,10123.5,0.945544,0.268263,-0.4,0.1,1,469.214,1.06291e+07,nan,nan,nan,nan,nan,nan,nan,nan,nan,nan,nan,nan,nan,nan,nan,nan,nan,nan,nan,nan
866,nan,nan,0.017896,0,0,0.0423732,0.297463,0.0073743,-0.0067262,1.66033,3.375e-05,0.0104655,0.266348,9797.73,0.989044,0.265124,-0.4,0.1,1,470.472,1.06414e+07,nan,nan,nan,nan,nan,nan,nan,nan,nan,nan,nan,nan,nan,nan,nan,nan,nan,nan,nan,nan
867,nan,nan,0.0203005,0,0,0.0257416,0.189893,0.00318634,-0.0051743,1.66175,3.375e-05,0.0103629,0.26637,10047.4,0.959968,0.263034,-0.4,0.1,1,471.696,1.06537e+07,nan,nan,nan,nan,nan,nan,nan,nan,nan,nan,nan,nan,nan,nan,nan,nan,nan,nan,nan,nan
868,nan,nan,0.0214775,0,0,0.0178176,0.134306,0.00194988,-0.00516097,1.66482,7.59375e-05,0.0117864,0.266435,9657.45,0.96338,0.309006,-0.4,0.1,1,472.97,1.0666e+07,nan,nan,nan,nan,nan,nan,nan,nan,nan,nan,nan,nan,nan,nan,nan,nan,nan,nan,nan,nan
869,nan,nan,0.0219715,0,0,0.0151903,0.12134,0.00103509,-0.00462966,1.66691,5.0625e-05,0.0101204,0.26645,9701.53,0.979522,0.287082,-0.4,0.1,1,474.237,1.06783e+07,nan,nan,nan,nan,nan,nan,nan,nan,nan,nan,nan,nan,nan,nan,nan,nan,nan,nan,nan,nan
870,nan,nan,0.0220696,0,0,0.0145146,0.119957,0.000903451,-0.00646553,1.66704,7.59375e-05,0.0131538,0.266439,9887.65,0.973603,0.26916,-0.4,0.1,1,475.481,1.06906e+07,nan,nan,nan,nan,nan,nan,nan,nan,nan,nan,nan,nan,nan,nan,nan,nan,nan,nan,nan,nan
871,nan,nan,0.0218193,0,0,0.0140537,0.119452,0.000924057,-0.00720654,1.66556,3.375e-05,0.00863174,0.26642,10025.5,0.959003,0.266675,-0.4,0.1,1,476.708,1.07028e+07,nan,nan,nan,nan,nan,nan,nan,nan,nan,nan,nan,nan,nan,nan,nan,nan,nan,nan,nan,nan
872,nan,nan,0.021582,0,0,0.0137225,0.118084,0.000804301,-0.00699233,1.6632,0.000113906,0.0103475,0.266342,10077.2,0.946734,0.272654,-0.4,0.1,1,477.929,1.07151e+07,nan,nan,nan,nan,nan,nan,nan,nan,nan,nan,nan,nan,nan,nan,nan,nan,nan,nan,nan,nan
873,nan,nan,0.0213058,0,0,0.0133493,0.117305,0.000595848,-0.0031424,1.65833,0.000113906,0.013611,0.266316,9917.82,0.963085,0.275897,-0.4,0.1,1,479.169,1.07274e+07,nan,nan,nan,nan,nan,nan,nan,nan,nan,nan,nan,nan,nan,nan,nan,nan,nan,nan,nan,nan
874,nan,nan,0.0209936,0,0,0.0133044,0.115198,0.000543518,-0.00470477,1.65893,7.59375e-05,0.0139822,0.266327,9895.22,0.974885,0.266927,-0.4,0.1,1,480.412,1.07397e+07,nan,nan,nan,nan,nan,nan,nan,nan,nan,nan,nan,nan,nan,nan,nan,nan,nan,nan,nan,nan
875,5.4216,300,0.0206625,21.3333,0,0.0130799,0.115928,0.000543349,-0.00675636,1.65724,0.000113906,0.0137915,0.266268,7136.46,1.44972,0.272143,-0.4,0.1,1,482.135,1.0752e+07,0,0,0.744584,0.000740659,-0.0880295,nan,0,nan,nan,nan,nan,0,nan,0,nan,-0.00696944,-0.112256,-0.111946,nan,nan
876,nan,nan,0.000484644,0,0,0.210805,0.960562,0.033937,-0.0120932,1.65456,3.375e-05,0.0154952,0.266281,9749.69,0.952481,0.307866,-0.4,0.1,1,483.396,1.07643e+07,nan,nan,nan,nan,nan,nan,nan,nan,nan,nan,nan,nan,nan,nan,nan,nan,nan,nan,nan,nan
877,nan,nan,0.0126813,0,0,0.137053,0.838787,0.0114567,-0.0122802,1.65874,3.375e-05,0.0112145,0.266355,9850.05,0.965293,0.282213,-0.4,0.1,1,484.645,1.07766e+07,nan,nan,nan,nan,nan,nan,nan,nan,nan,nan,nan,nan,nan,nan,nan,nan,nan,nan,nan,nan
878,nan,nan,0.016499,0,0,0.0536152,0.390447,0.00581731,-0.0107083,1.66247,1.5e-05,0.0157306,0.266402,9991.37,0.954538,0.275323,-0.4,0.1,1,485.876,1.07889e+07,nan,nan,nan,nan,nan,nan,nan,nan,nan,nan,nan,nan,nan,nan,nan,nan,nan,nan,nan,nan
879,nan,nan,0.0196449,0,0,0.0320385,0.219262,0.00350461,-0.00693566,1.6653,1.5e-05,0.0144511,0.266442,9616.57,1.0106,0.267199,-0.4,0.1,1,487.155,1.08012e+07,nan,nan,nan,nan,nan,nan,nan,nan,nan,nan,nan,nan,nan,nan,nan,nan,nan,nan,nan,nan
880,nan,nan,0.0214392,0,0,0.0239113,0.166317,0.0016818,-0.00503857,1.66813,7.59375e-05,0.0097197,0.2665,9898.09,0.968401,0.27305,-0.4,0.1,1,488.398,1.08134e+07,nan,nan,nan,nan,nan,nan,nan,nan,nan,nan,nan,nan,nan,nan,nan,nan,nan,nan,nan,nan
881,nan,nan,0.0220555,0,0,0.0181651,0.130357,0.000807355,-0.00835656,1.67079,0.000170859,0.0117191,0.266504,9590.63,0.996557,0.284694,-0.4,0.1,1,489.68,1.08257e+07,nan,nan,nan,nan,nan,nan,nan,nan,nan,nan,nan,nan,nan,nan,nan,nan,nan,nan,nan,nan
882,nan,nan,0.0223203,0,0,0.0148487,0.121225,0.000394274,-0.00436892,1.6654,0.000113906,0.014243,0.266391,9158.73,0.978083,0.363587,-0.4,0.1,1,491.023,1.0838e+07,nan,nan,nan,nan,nan,nan,nan,nan,nan,nan,nan,nan,nan,nan,nan,nan,nan,nan,nan,nan
883,nan,nan,0.0223734,0,0,0.0141897,0.119747,0.000374665,-0.00403578,1.65695,0.000113906,0.0110543,0.266249,8685.28,1.05559,0.359218,-0.4,0.1,1,492.439,1.08503e+07,nan,nan,nan,nan,nan,nan,nan,nan,nan,nan,nan,nan,nan,nan,nan,nan,nan,nan,nan,nan
884,nan,nan,0.0222543,0,0,0.0140761,0.119024,0.000418133,-0.00409244,1.64795,0.000170859,0.0125411,0.266135,9037.8,1.0616,0.29802,-0.4,0.1,1,493.8,1.08626e+07,nan,nan,nan,nan,nan,nan,nan,nan,nan,nan,nan,nan,nan,nan,nan,nan,nan,nan,nan,nan
885,nan,nan,0.0220921,0,0,0.0140367,0.118361,0.000484669,-0.00281312,1.64341,7.59375e-05,0.0139987,0.266098,9369.5,1.00394,0.307547,-0.4,0.1,1,495.113,1.08749e+07,nan,nan,nan,nan,nan,nan,nan,nan,nan,nan,nan,nan,nan,nan,nan,nan,nan,nan,nan,nan
886,nan,nan,0.0218878,0,0,0.0133376,0.116374,0.000450518,-0.00594609,1.64294,5.0625e-05,0.0111994,0.266109,9701.66,0.995252,0.271335,-0.4,0.1,1,496.38,1.08872e+07,nan,nan,nan,nan,nan,nan,nan,nan,nan,nan,nan,nan,nan,nan,nan,nan,nan,nan,nan,nan
887,nan,nan,0.0217987,0,0,0.0129697,0.117956,0.000502516,-0.00550576,1.64396,1.5e-05,0.00986902,0.266108,9863.16,0.978541,0.267307,-0.4,0.1,1,497.627,1.08995e+07,nan,nan,nan,nan,nan,nan,nan,nan,nan,nan,nan,nan,nan,nan,nan,nan,nan,nan,nan,nan
888,5.6742,300,0.00627361,21.3333,0,0.0951899,0.479305,0.0187791,-0.0104656,1.64375,1e-05,0.0170386,0.266112,6403.81,1.60032,0.318534,-0.4,0.1,1,499.547,1.09117e+07,0,0,0.784224,0.000706965,-0.0852298,nan,0,nan,nan,nan,nan,0,nan,0,nan,-0.00698918,-0.106061,-0.114981,nan,nan
889,nan,nan,0.0108988,0,0,0.236407,1.10302,0.0190937,-0.0119596,1.64561,5.0625e-05,0.0175602,0.266167,9688.34,1.00071,0.267619,-0.4,0.1,1,500.817,1.0924e+07,nan,nan,nan,nan,nan,nan,nan,nan,nan,nan,nan,nan,nan,nan,nan,nan,nan,nan,nan,nan
890,nan,nan,0.0133167,0,0,0.0730989,0.577539,0.00613292,-0.00863854,1.65065,1e-05,0.0210744,0.266232,9951.8,0.965183,0.269568,-0.4,0.1,1,502.053,1.09363e+07,nan,nan,nan,nan,nan,nan,nan,nan,nan,nan,nan,nan,nan,nan,nan,nan,nan,nan,nan,nan
891,nan,nan,0.018172,0,0,0.0386947,0.28348,0.00373019,-0.00500728,1.65299,3.375e-05,0.0120134,0.266259,9887.94,0.972406,0.270319,-0.4,0.1,1,503.297,1.09486e+07,nan,nan,nan,nan,nan,nan,nan,nan,nan,nan,nan,nan,nan,nan,nan,nan,nan,nan,nan,nan
892,nan,nan,0.0201541,0,0,0.02354,0.167413,0.00365453,-0.00503523,1.65549,2.25e-05,0.0192038,0.266309,9261.91,1.01679,0.30993,-0.4,0.1,1,504.625,1.09609e+07,nan,nan,nan,nan,nan,nan,nan,nan,nan,nan,nan,nan,nan,nan,nan,nan,nan,nan,nan,nan
893,nan,nan,0.0212618,0,0,0.018599,0.135924,0.00152247,-0.00477249,1.65873,0.000113906,0.0113821,0.266359,9613.77,1.00369,0.27448,-0.4,0.1,1,505.904,1.09732e+07,nan,nan,nan,nan,nan,nan,nan,nan,nan,nan,nan,nan,nan,nan,nan,nan,nan,nan,nan,nan
894,nan,nan,0.021818,0,0,0.0147202,0.125556,0.000639946,-0.00230731,1.66163,7.59375e-05,0.0164994,0.266381,9707.24,0.994934,0.270926,-0.4,0.1,1,507.171,1.09855e+07,nan,nan,nan,nan,nan,nan,nan,nan,nan,nan,nan,nan,nan,nan,nan,nan,nan,nan,nan,nan
895,nan,nan,0.021957,0,0,0.0142739,0.123172,0.000549262,-0.00234622,1.66177,0.000170859,0.0142035,0.266373,9502.19,1.01793,0.275243,-0.4,0.1,1,508.466,1.09978e+07,nan,nan,nan,nan,nan,nan,nan,nan,nan,nan,nan,nan,nan,nan,nan,nan,nan,nan,nan,nan
896,nan,nan,0.0218467,0,0,0.0134365,0.120124,0.000526798,-0.00498473,1.66108,0.000113906,0.0135628,0.266335,9016.43,1.04076,0.322089,-0.4,0.1,1,509.83,1.101e+07,nan,nan,nan,nan,nan,nan,nan,nan,nan,nan,nan,nan,nan,nan,nan,nan,nan,nan,nan,nan
897,nan,nan,0.0216985,0,0,0.0135101,0.118675,0.000572769,-0.00218556,1.65545,0.000113906,0.0201614,0.266208,9054.73,1.03359,0.323491,-0.4,0.1,1,511.188,1.10223e+07,nan,nan,nan,nan,nan,nan,nan,nan,nan,nan,nan,nan,nan,nan,nan,nan,nan,nan,nan,nan
898,nan,nan,0.021578,0,0,0.013316,0.118336,0.000500015,-0.0060075,1.64893,0.000113906,0.0166441,0.266149,9591.6,1.01238,0.268744,-0.4,0.1,1,512.471,1.10346e+07,nan,nan,nan,nan,nan,nan,nan,nan,nan,nan,nan,nan,nan,nan,nan,nan,nan,nan,nan,nan
899,nan,nan,0.0215711,0,0,0.0131538,0.114936,0.000491837,-0.00690824,1.6475,7.59375e-05,0.0126555,0.266155,9751.99,0.987116,0.272934,-0.4,0.1,1,513.732,1.10469e+07,nan,nan,nan,nan,nan,nan,nan,nan,nan,nan,nan,nan,nan,nan,nan,nan,nan,nan,nan,nan
900,5.54847,300,0.0215338,21.3333,0,0.013004,0.114802,0.000463517,-0.00253712,1.64717,7.59375e-05,0.0138538,0.266122,6564.83,1.5966,0.275192,-0.4,0.1,1,515.605,1.10592e+07,0,0,0.790435,0.00107356,-0.0850174,nan,0,nan,nan,nan,nan,0,nan,0,nan,-0.00695217,-0.103682,-0.115867,nan,nan
901,nan,nan,0.00238263,0,0,0.222157,1.01207,0.0360497,-0.00948909,1.64669,3.375e-05,0.0155449,0.266139,9743.02,0.993274,0.267936,-0.4,0.1,1,516.874,1.10715e+07,nan,nan,nan,nan,nan,nan,nan,nan,nan,nan,nan,nan,nan,nan,nan,nan,nan,nan,nan,nan
902,nan,nan,0.011817,0,0,0.15302,0.926796,0.0119898,-0.0143711,1.64906,1e-05,0.0174309,0.266176,10074.9,0.949407,0.270257,-0.4,0.1,1,518.095,1.10838e+07,nan,nan,nan,nan,nan,nan,nan,nan,nan,nan,nan,nan,nan,nan,nan,nan,nan,nan,nan,nan
903,nan,nan,0.0176066,0,0,0.0592904,0.424046,0.0055146,-0.00897703,1.6511,7.59375e-05,0.014793,0.26622,9197.21,0.998552,0.337505,-0.4,0.1,1,519.432,1.10961e+07,nan,nan,nan,nan,nan,nan,nan,nan,nan,nan,nan,nan,nan,nan,nan,nan,nan,nan,nan,nan
904,nan,nan,0.021167,0,0,0.0283677,0.198115,0.00429159,-0.00648484,1.65314,2.25e-05,0.0120354,0.266227,9317.04,1.0327,0.286177,-0.4,0.1,1,520.752,1.11084e+07,nan,nan,nan,nan,nan,nan,nan,nan,nan,nan,nan,nan,nan,nan,nan,nan,nan,nan,nan,nan
905,nan,nan,0.0222655,0,0,0.0190702,0.141333,0.00445155,-0.00570587,1.6549,0.000113906,0.0174189,0.266312,9198.77,1.04681,0.289018,-0.4,0.1,1,522.089,1.11206e+07,nan,nan,nan,nan,nan,nan,nan,nan,nan,nan,nan,nan,nan,nan,nan,nan,nan,nan,nan,nan
906,nan,nan,0.0231336,0,0,0.0166245,0.130676,0.00176073,-0.00233618,1.66033,7.59375e-05,0.0137877,0.266341,9561.64,1.00753,0.277606,-0.4,0.1,1,523.375,1.11329e+07,nan,nan,nan,nan,nan,nan,nan,nan,nan,nan,nan,nan,nan,nan,nan,nan,nan,nan,nan,nan
907,nan,nan,0.0237809,0,0,0.0156328,0.12539,0.000761824,-0.00457356,1.66249,0.000170859,0.016875,0.266401,8863.84,1.04628,0.340032,-0.4,0.1,1,524.763,1.11452e+07,nan,nan,nan,nan,nan,nan,nan,nan,nan,nan,nan,nan,nan,nan,nan,nan,nan,nan,nan,nan
908,nan,nan,0.0237677,0,0,0.0147079,0.123578,0.000329373,-0.00470118,1.66451,0.000170859,0.0169083,0.266359,9335.81,1.01036,0.305859,-0.4,0.1,1,526.08,1.11575e+07,nan,nan,nan,nan,nan,nan,nan,nan,nan,nan,nan,nan,nan,nan,nan,nan,nan,nan,nan,nan
909,nan,nan,0.0236448,0,0,0.01412,0.121897,0.000306528,-0.00574393,1.6609,0.000170859,0.0175033,0.266337,9925.17,0.974467,0.263598,-0.4,0.1,1,527.319,1.11698e+07,nan,nan,nan,nan,nan,nan,nan,nan,nan,nan,nan,nan,nan,nan,nan,nan,nan,nan,nan,nan
910,nan,nan,0.023616,0,0,0.0138779,0.12137,0.000247131,-0.00526134,1.65937,0.000113906,0.0111215,0.266308,10104.7,0.94989,0.266174,-0.4,0.1,1,528.536,1.11821e+07,nan,nan,nan,nan,nan,nan,nan,nan,nan,nan,nan,nan,nan,nan,nan,nan,nan,nan,nan,nan
911,nan,nan,0.0235243,0,0,0.0132903,0.118849,0.000240084,-0.00617186,1.65785,7.59375e-05,0.013347,0.266294,9707.22,0.990115,0.275747,-0.4,0.1,1,529.804,1.11944e+07,nan,nan,nan,nan,nan,nan,nan,nan,nan,nan,nan,nan,nan,nan,nan,nan,nan,nan,nan,nan
912,nan,nan,0.0235201,0,0,0.0129079,0.119907,0.000251522,-0.0058094,1.65588,0.000170859,0.0131548,0.266229,10017.9,0.9601,0.26651,-0.4,0.1,1,531.031,1.12067e+07,nan,nan,nan,nan,nan,nan,nan,nan,nan,nan,nan,nan,nan,nan,nan,nan,nan,nan,nan,nan
913,6.04855,300,0.0088701,21.3333,0,0.0971301,0.515384,0.0135397,0.00651651,1.65318,1e-05,0.0405857,0.266223,7006.59,1.48576,0.268018,-0.4,0.1,1,532.786,1.12189e+07,0,0,0.79474,0.00104974,-0.0853646,nan,0,nan,nan,nan,nan,0,nan,0,nan,-0.00627174,-0.0740885,-0.106726,nan,nan
914,nan,nan,0.0107165,0,0,0.225696,1.06747,0.014197,-0.00911071,1.65397,1e-05,0.0178319,0.266238,10335,0.921916,0.267048,-0.4,0.1,1,533.976,1.12312e+07,nan,nan,nan,nan,nan,nan,nan,nan,nan,nan,nan,nan,nan,nan,nan,nan,nan,nan,nan,nan
915,nan,nan,0.0135375,0,0,0.0776386,0.579161,0.00573415,-0.00931527,1.65492,7.59375e-05,0.0155234,0.266259,9952.61,0.966561,0.26809,-0.4,0.1,1,535.212,1.12435e+07,nan,nan,nan,nan,nan,nan,nan,nan,nan,nan,nan,nan,nan,nan,nan,nan,nan,nan,nan,nan
916,nan,nan,0.0192751,0,0,0.0435895,0.297453,0.00347467,-0.00743365,1.65629,5.0625e-05,0.0103991,0.266281,9834.97,0.978807,0.270612,-0.4,0.1,1,536.463,1.12558e+07,nan,nan,nan,nan,nan,nan,nan,nan,nan,nan,nan,nan,nan,nan,nan,nan,nan,nan,nan,nan
917,nan,nan,0.0219165,0,0,0.0271036,0.178413,0.00131635,-0.00577792,1.65962,0.000170859,0.0184386,0.266379,9890.38,0.977818,0.264601,-0.4,0.1,1,537.706,1.12681e+07,nan,nan,nan,nan,nan,nan,nan,nan,nan,nan,nan,nan,nan,nan,nan,nan,nan,nan,nan,nan
918,nan,nan,0.022699,0,0,0.0192577,0.140361,0.0010984,-0.005416,1.66563,5.0625e-05,0.00930048,0.266436,10019.4,0.955082,0.271336,-0.4,0.1,1,538.934,1.12804e+07,nan,nan,nan,nan,nan,nan,nan,nan,nan,nan,nan,nan,nan,nan,nan,nan,nan,nan,nan,nan
919,nan,nan,0.023265,0,0,0.0182391,0.130655,0.000397331,-0.00374785,1.66715,0.000170859,0.0195387,0.266433,9653.7,0.995119,0.277761,-0.4,0.1,1,540.208,1.12927e+07,nan,nan,nan,nan,nan,nan,nan,nan,nan,nan,nan,nan,nan,nan,nan,nan,nan,nan,nan,nan
920,nan,nan,0.0235025,0,0,0.0160831,0.123885,0.000353374,-0.00177093,1.66497,7.59375e-05,0.0103603,0.266405,10029.5,0.960533,0.264651,-0.4,0.1,1,541.434,1.1305e+07,nan,nan,nan,nan,nan,nan,nan,nan,nan,nan,nan,nan,nan,nan,nan,nan,nan,nan,nan,nan
921,nan,nan,0.0234951,0,0,0.0140741,0.120482,0.000343317,-0.00472539,1.66296,0.000113906,0.0146496,0.266366,9891.4,0.978785,0.263506,-0.4,0.1,1,542.678,1.13172e+07,nan,nan,nan,nan,nan,nan,nan,nan,nan,nan,nan,nan,nan,nan,nan,nan,nan,nan,nan,nan
922,nan,nan,0.0235099,0,0,0.0127833,0.11758,0.000427889,-0.00412864,1.65932,0.000113906,0.0140921,0.266315,10024.7,0.952325,0.273446,-0.4,0.1,1,543.905,1.13295e+07,nan,nan,nan,nan,nan,nan,nan,nan,nan,nan,nan,nan,nan,nan,nan,nan,nan,nan,nan,nan
923,nan,nan,0.023516,0,0,0.0122291,0.118972,0.0013381,-0.00664873,1.65758,7.59375e-05,0.0124127,0.266329,9860.23,0.983415,0.262803,-0.4,0.1,1,545.153,1.13418e+07,nan,nan,nan,nan,nan,nan,nan,nan,nan,nan,nan,nan,nan,nan,nan,nan,nan,nan,nan,nan
924,nan,nan,0.0234814,0,0,0.0120617,0.117619,0.000712848,-0.00349536,1.65999,5.0625e-05,0.00951551,0.266371,10076.3,0.954034,0.265467,-0.4,0.1,1,546.373,1.13541e+07,nan,nan,nan,nan,nan,nan,nan,nan,nan,nan,nan,nan,nan,nan,nan,nan,nan,nan,nan,nan
925,5.98656,300,0.0234525,21.3333,0,0.0118108,0.118725,0.000290819,-0.00572287,1.66099,5.0625e-05,0.0101015,0.266362,6925.68,1.50611,0.268152,-0.4,0.1,1,548.149,1.13664e+07,0,0,0.847057,0.00102297,-0.0862753,nan,0,nan,nan,nan,nan,0,nan,0,nan,-0.00699296,-0.103942,-0.120998,nan,nan
926,nan,nan,0.00226742,0,0,0.210394,0.960715,0.0245127,-0.0144964,1.66034,1e-05,0.0168935,0.266366,9968.57,0.955293,0.277381,-0.4,0.1,1,549.383,1.13787e+07,nan,nan,nan,nan,nan,nan,nan,nan,nan,nan,nan,nan,nan,nan,nan,nan,nan,nan,nan,nan
927,nan,nan,0.012696,0,0,0.154614,0.926629,0.00680724,-0.013292,1.66236,7.59375e-05,0.0191,0.266427,10054.6,0.957277,0.264852,-0.4,0.1,1,550.606,1.1391e+07,nan,nan,nan,nan,nan,nan,nan,nan,nan,nan,nan,nan,nan,nan,nan,nan,nan,nan,nan,nan
928,nan,nan,0.0179168,0,0,0.0623299,0.454896,0.00610201,-0.00878608,1.66721,1e-05,0.0138936,0.266471,10178.4,0.943129,0.264136,-0.4,0.1,1,551.814,1.14033e+07,nan,nan,nan,nan,nan,nan,nan,nan,nan,nan,nan,nan,nan,nan,nan,nan,nan,nan,nan,nan
929,nan,nan,0.0208234,0,0,0.0310912,0.216285,0.00897844,-0.00331196,1.66964,7.59375e-05,0.0101015,0.266526,9888.05,0.978187,0.264525,-0.4,0.1,1,553.058,1.14156e+07,nan,nan,nan,nan,nan,nan,nan,nan,nan,nan,nan,nan,nan,nan,nan,nan,nan,nan,nan,nan
930,nan,nan,0.0205462,0,0,0.0191317,0.142815,0.013754,-0.00387683,1.67309,0.000170859,0.0180304,0.266557,9825.26,0.969578,0.281075,-0.4,0.1,1,554.31,1.14278e+07,nan,nan,nan,nan,nan,nan,nan,nan,nan,nan,nan,nan,nan,nan,nan,nan,nan,nan,nan,nan
931,nan,nan,0.0216016,0,0,0.0159396,0.12715,0.00992957,-0.00225788,1.67388,0.000170859,0.0143086,0.266531,9639.54,1.00521,0.26954,-0.4,0.1,1,555.586,1.14401e+07,nan,nan,nan,nan,nan,nan,nan,nan,nan,nan,nan,nan,nan,nan,nan,nan,nan,nan,nan,nan
932,nan,nan,0.0235562,0,0,0.0144675,0.122828,0.00449651,-0.00493233,1.67253,7.59375e-05,0.0128954,0.266538,10017.1,0.962037,0.264664,-0.4,0.1,1,556.814,1.14524e+07,nan,nan,nan,nan,nan,nan,nan,nan,nan,nan,nan,nan,nan,nan,nan,nan,nan,nan,nan,nan
933,nan,nan,0.0243351,0,0,0.0130632,0.117967,0.00255047,-0.00516626,1.67475,7.59375e-05,0.0150796,0.266581,9634.7,1.00288,0.272513,-0.4,0.1,1,558.09,1.14647e+07,nan,nan,nan,nan,nan,nan,nan,nan,nan,nan,nan,nan,nan,nan,nan,nan,nan,nan,nan,nan
934,nan,nan,0.0247235,0,0,0.0126729,0.117696,0.00113171,-0.00688786,1.67683,1.5e-05,0.00868101,0.266596,9815.35,0.97,0.281917,-0.4,0.1,1,559.343,1.1477e+07,nan,nan,nan,nan,nan,nan,nan,nan,nan,nan,nan,nan,nan,nan,nan,nan,nan,nan,nan,nan
935,nan,nan,0.0246044,0,0,0.0123432,0.119396,0.00119663,-0.00499281,1.67759,7.59375e-05,0.0118042,0.266615,9894.56,0.974159,0.267736,-0.4,0.1,1,560.586,1.14893e+07,nan,nan,nan,nan,nan,nan,nan,nan,nan,nan,nan,nan,nan,nan,nan,nan,nan,nan,nan,nan
936,nan,nan,0.0245959,0,0,0.0123005,0.120879,0.000399491,-0.00545735,1.67731,0.000170859,0.0139951,0.266575,9859.4,0.98323,0.263093,-0.4,0.1,1,561.834,1.15016e+07,nan,nan,nan,nan,nan,nan,nan,nan,nan,nan,nan,nan,nan,nan,nan,nan,nan,nan,nan,nan
937,nan,nan,0.024531,0,0,0.012009,0.117843,0.000377628,-0.00326203,1.67405,0.000113906,0.0129327,0.266551,9944.2,0.952166,0.283529,-0.4,0.1,1,563.07,1.15139e+07,nan,nan,nan,nan,nan,nan,nan,nan,nan,nan,nan,nan,nan,nan,nan,nan,nan,nan,nan,nan
938,6.1059,300,0.00881561,21.3333,0,0.0954441,0.506562,0.0161879,-0.00775921,1.67384,1e-05,0.0159465,0.266557,6874.84,1.51654,0.270848,-0.4,0.1,1,564.859,1.15261e+07,0,0,0.883236,0.000955232,-0.0849249,nan,0,nan,nan,nan,nan,0,nan,0,nan,-0.00673093,-0.0911882,-0.106851,nan,nan
939,nan,nan,0.0126421,0,0,0.225602,1.09332,0.0124433,-0.010872,1.6745,1.5e-05,0.0147341,0.266569,10327.2,0.928602,0.26127,-0.4,0.1,1,566.05,1.15384e+07,nan,nan,nan,nan,nan,nan,nan,nan,nan,nan,nan,nan,nan,nan,nan,nan,nan,nan,nan,nan
940,nan,nan,0.0153768,0,0,0.0814256,0.620514,0.00477388,-0.008301,1.67517,3.375e-05,0.00970882,0.266576,10228.2,0.937881,0.263504,-0.4,0.1,1,567.253,1.15507e+07,nan,nan,nan,nan,nan,nan,nan,nan,nan,nan,nan,nan,nan,nan,nan,nan,nan,nan,nan,nan
941,nan,nan,0.0213129,0,0,0.0416327,0.293447,0.00234735,-0.00744051,1.6748,2.25e-05,0.012911,0.266565,9958.43,0.960217,0.273712,-0.4,0.1,1,568.488,1.1563e+07,nan,nan,nan,nan,nan,nan,nan,nan,nan,nan,nan,nan,nan,nan,nan,nan,nan,nan,nan,nan
942,nan,nan,0.0233125,0,0,0.0239037,0.164926,0.00131815,-0.00650725,1.67464,3.375e-05,0.0099029,0.266569,9706.08,0.982272,0.283738,-0.4,0.1,1,569.755,1.15753e+07,nan,nan,nan,nan,nan,nan,nan,nan,nan,nan,nan,nan,nan,nan,nan,nan,nan,nan,nan,nan
943,nan,nan,0.0240496,0,0,0.0169612,0.129419,0.00254918,-0.00206758,1.67513,7.59375e-05,0.0109449,0.266578,9698.31,1.00031,0.266715,-0.4,0.1,1,571.023,1.15876e+07,nan,nan,nan,nan,nan,nan,nan,nan,nan,nan,nan,nan,nan,nan,nan,nan,nan,nan,nan,nan
944,nan,nan,0.0244257,0,0,0.0147554,0.122623,0.000493484,-0.00608175,1.67582,0.000170859,0.0148292,0.266555,10037,0.962155,0.262119,-0.4,0.1,1,572.249,1.15999e+07,nan,nan,nan,nan,nan,nan,nan,nan,nan,nan,nan,nan,nan,nan,nan,nan,nan,nan,nan,nan
945,nan,nan,0.0245375,0,0,0.0133911,0.119154,0.00044946,-0.00447387,1.67139,0.000113906,0.00964191,0.266486,9933.38,0.95652,0.280521,-0.4,0.1,1,573.487,1.16122e+07,nan,nan,nan,nan,nan,nan,nan,nan,nan,nan,nan,nan,nan,nan,nan,nan,nan,nan,nan,nan
946,nan,nan,0.024513,0,0,0.0121891,0.117494,0.000371438,-0.00167865,1.6682,0.000113906,0.00824169,0.266467,9591.84,1.00472,0.276369,-0.4,0.1,1,574.769,1.16244e+07,nan,nan,nan,nan,nan,nan,nan,nan,nan,nan,nan,nan,nan,nan,nan,nan,nan,nan,nan,nan
947,nan,nan,0.0244483,0,0,0.0119151,0.117432,0.000446095,-0.00441029,1.66715,0.000170859,0.0156486,0.266391,9962.04,0.968583,0.2649,-0.4,0.1,1,576.004,1.16367e+07,nan,nan,nan,nan,nan,nan,nan,nan,nan,nan,nan,nan,nan,nan,nan,nan,nan,nan,nan,nan
948,nan,nan,0.0243728,0,0,0.0111048,0.11364,0.000356608,-0.00324089,1.65823,0.000256289,0.0189457,0.266234,10125.4,0.95295,0.260631,-0.4,0.1,1,577.218,1.1649e+07,nan,nan,nan,nan,nan,nan,nan,nan,nan,nan,nan,nan,nan,nan,nan,nan,nan,nan,nan,nan
949,nan,nan,0.0242372,0,0,0.011097,0.112819,0.000385877,-0.00085976,1.65005,0.000170859,0.0118755,0.266126,10153.7,0.945189,0.265013,-0.4,0.1,1,578.43,1.16613e+07,nan,nan,nan,nan,nan,nan,nan,nan,nan,nan,nan,nan,nan,nan,nan,nan,nan,nan,nan,nan
950,6.33385,300,0.0240814,21.3333,0,0.010843,0.112353,0.000357482,-0.000527756,1.64458,7.59375e-05,0.0120874,0.2661,6880.26,1.50642,0.279563,-0.4,0.1,1,580.217,1.16736e+07,0,0,0.870358,0.000949569,-0.0816759,nan,0,nan,nan,nan,nan,0,nan,0,nan,-0.00652035,-0.0887793,-0.106333,nan,nan
951,nan,nan,0.00469167,0,0,0.222609,1.04876,0.0183931,-0.0123824,1.64465,1e-05,0.0137399,0.266113,10086.6,0.956198,0.262049,-0.4,0.1,1,581.436,1.16859e+07,nan,nan,nan,nan,nan,nan,nan,nan,nan,nan,nan,nan,nan,nan,nan,nan,nan,nan,nan,nan
952,nan,nan,0.0135149,0,0,0.159161,0.977761,0.00659688,-0.0111017,1.64597,1e-05,0.0199758,0.26614,10054.5,0.95948,0.262659,-0.4,0.1,1,582.659,1.16982e+07,nan,nan,nan,nan,nan,nan,nan,nan,nan,nan,nan,nan,nan,nan,nan,nan,nan,nan,nan,nan
953,nan,nan,0.0187509,0,0,0.0612075,0.460441,0.00239498,-0.00731017,1.6489,0.000113906,0.0171049,0.266216,10205.6,0.936955,0.26709,-0.4,0.1,1,583.865,1.17105e+07,nan,nan,nan,nan,nan,nan,nan,nan,nan,nan,nan,nan,nan,nan,nan,nan,nan,nan,nan,nan
954,nan,nan,0.0225147,0,0,0.0282768,0.214731,0.00106726,-0.00812336,1.65514,5.0625e-05,0.00941685,0.266292,9594.9,0.98465,0.29603,-0.4,0.1,1,585.146,1.17228e+07,nan,nan,nan,nan,nan,nan,nan,nan,nan,nan,nan,nan,nan,nan,nan,nan,nan,nan,nan,nan
955,nan,nan,0.0234968,0,0,0.0187097,0.143325,0.00103945,-0.00614752,1.65982,5.0625e-05,0.00941546,0.266362,10016.3,0.964942,0.261858,-0.4,0.1,1,586.375,1.1735e+07,nan,nan,nan,nan,nan,nan,nan,nan,nan,nan,nan,nan,nan,nan,nan,nan,nan,nan,nan,nan
956,nan,nan,0.0242193,0,0,0.0168553,0.129203,0.00077614,-0.00472615,1.66376,2.25e-05,0.012956,0.266406,10065.6,0.954648,0.266149,-0.4,0.1,1,587.597,1.17473e+07,nan,nan,nan,nan,nan,nan,nan,nan,nan,nan,nan,nan,nan,nan,nan,nan,nan,nan,nan,nan
957,nan,nan,0.0247063,0,0,0.0147935,0.121155,0.000694863,-0.00359241,1.6664,0.000113906,0.0167932,0.266465,9871.89,0.961636,0.28311,-0.4,0.1,1,588.842,1.17596e+07,nan,nan,nan,nan,nan,nan,nan,nan,nan,nan,nan,nan,nan,nan,nan,nan,nan,nan,nan,nan
958,nan,nan,0.0248616,0,0,0.0137464,0.116075,0.000498043,-0.00162575,1.67077,0.000113906,0.0128358,0.266531,9964.2,0.970325,0.26289,-0.4,0.1,1,590.077,1.17719e+07,nan,nan,nan,nan,nan,nan,nan,nan,nan,nan,nan,nan,nan,nan,nan,nan,nan,nan,nan,nan
959,nan,nan,0.0249217,0,0,0.0125922,0.117338,0.000639914,-0.00370839,1.6726,7.59375e-05,0.0155978,0.266525,9904.36,0.978617,0.262049,-0.4,0.1,1,591.319,1.17842e+07,nan,nan,nan,nan,nan,nan,nan,nan,nan,nan,nan,nan,nan,nan,nan,nan,nan,nan,nan,nan
960,nan,nan,0.0250697,0,0,0.0117515,0.115273,0.000603152,-0.00524119,1.67176,0.000113906,0.0136794,0.266499,10174.2,0.944011,0.263745,-0.4,0.1,1,592.528,1.17965e+07,nan,nan,nan,nan,nan,nan,nan,nan,nan,nan,nan,nan,nan,nan,nan,nan,nan,nan,nan,nan
961,nan,nan,0.0251203,0,0,0.011229,0.115516,0.000285848,-0.000865991,1.67041,0.000113906,0.013177,0.266477,9929.23,0.972473,0.265085,-0.4,0.1,1,593.766,1.18088e+07,nan,nan,nan,nan,nan,nan,nan,nan,nan,nan,nan,nan,nan,nan,nan,nan,nan,nan,nan,nan
962,nan,nan,0.0250852,0,0,0.0109348,0.112882,0.00048622,-0.001667,1.66772,0.000170859,0.0172288,0.266421,9830.14,0.969802,0.280231,-0.4,0.1,1,595.017,1.18211e+07,nan,nan,nan,nan,nan,nan,nan,nan,nan,nan,nan,nan,nan,nan,nan,nan,nan,nan,nan,nan
963,6.46686,300,0.00874276,21.3333,0,0.092749,0.49983,0.0304383,-0.00316975,1.66546,1e-05,0.0148959,0.266416,6806.4,1.5343,0.271056,-0.4,0.1,1,596.824,1.18333e+07,0,0,0.863797,0.00108745,-0.0793479,nan,0,nan,nan,nan,nan,0,nan,0,nan,-0.00638736,-0.0827214,-0.0970353,nan,nan
964,nan,nan,0.0128559,0,0,0.215341,1.09345,0.0121984,-0.0124628,1.66664,1.5e-05,0.0177723,0.266451,10455.3,0.917266,0.258027,-0.4,0.1,1,598,1.18456e+07,nan,nan,nan,nan,nan,nan,nan,nan,nan,nan,nan,nan,nan,nan,nan,nan,nan,nan,nan,nan
965,nan,nan,0.0160078,0,0,0.0791171,0.60118,0.00856586,-0.00345524,1.66872,5.0625e-05,0.017765,0.266476,10112.5,0.941178,0.273946,-0.4,0.1,1,599.217,1.18579e+07,nan,nan,nan,nan,nan,nan,nan,nan,nan,nan,nan,nan,nan,nan,nan,nan,nan,nan,nan,nan
966,nan,nan,0.0214943,0,0,0.0424496,0.296749,0.00331559,-0.00642444,1.67073,7.59375e-05,0.0118114,0.266517,9881.19,0.97814,0.265435,-0.4,0.1,1,600.461,1.18702e+07,nan,nan,nan,nan,nan,nan,nan,nan,nan,nan,nan,nan,nan,nan,nan,nan,nan,nan,nan,nan
967,nan,nan,0.0237338,0,0,0.0216386,0.16819,0.000947669,-0.00600183,1.67296,0.000170859,0.0161743,0.26656,9758.16,0.993069,0.266184,-0.4,0.1,1,601.722,1.18825e+07,nan,nan,nan,nan,nan,nan,nan,nan,nan,nan,nan,nan,nan,nan,nan,nan,nan,nan,nan,nan
968,nan,nan,0.0245927,0,0,0.0163444,0.131973,0.000630956,-0.00462829,1.67528,0.000113906,0.0135304,0.266573,9930.96,0.974081,0.263262,-0.4,0.1,1,602.96,1.18948e+07,nan,nan,nan,nan,nan,nan,nan,nan,nan,nan,nan,nan,nan,nan,nan,nan,nan,nan,nan,nan
969,nan,nan,0.024873,0,0,0.0151739,0.12331,0.000813673,-0.0047683,1.67599,3.375e-05,0.00965752,0.266586,9955.65,0.96241,0.271864,-0.4,0.1,1,604.196,1.19071e+07,nan,nan,nan,nan,nan,nan,nan,nan,nan,nan,nan,nan,nan,nan,nan,nan,nan,nan,nan,nan
970,nan,nan,0.0251085,0,0,0.0139958,0.117682,0.000345248,-0.00499341,1.6753,0.000113906,0.0151012,0.266536,9831.98,0.986028,0.263771,-0.4,0.1,1,605.447,1.19194e+07,nan,nan,nan,nan,nan,nan,nan,nan,nan,nan,nan,nan,nan,nan,nan,nan,nan,nan,nan,nan
971,nan,nan,0.025307,0,0,0.0126854,0.117839,0.000464627,-0.00597225,1.67208,3.375e-05,0.00916128,0.266521,9885.52,0.979017,0.264013,-0.4,0.1,1,606.691,1.19316e+07,nan,nan,nan,nan,nan,nan,nan,nan,nan,nan,nan,nan,nan,nan,nan,nan,nan,nan,nan,nan
972,nan,nan,0.0254714,0,0,0.0119532,0.116463,0.000280417,-0.00552488,1.67283,0.000113906,0.0142843,0.266528,10160.1,0.947429,0.262012,-0.4,0.1,1,607.901,1.19439e+07,nan,nan,nan,nan,nan,nan,nan,nan,nan,nan,nan,nan,nan,nan,nan,nan,nan,nan,nan,nan
973,nan,nan,0.0255134,0,0,0.0112902,0.114169,0.000223866,-0.00430266,1.66833,0.000170859,0.0166597,0.266421,9949.23,0.955183,0.279887,-0.4,0.1,1,609.138,1.19562e+07,nan,nan,nan,nan,nan,nan,nan,nan,nan,nan,nan,nan,nan,nan,nan,nan,nan,nan,nan,nan
974,nan,nan,0.0254748,0,0,0.0107952,0.113161,0.000224045,-0.00122701,1.66309,0.000113906,0.0124338,0.266356,9979.75,0.967065,0.264229,-0.4,0.1,1,610.37,1.19685e+07,nan,nan,nan,nan,nan,nan,nan,nan,nan,nan,nan,nan,nan,nan,nan,nan,nan,nan,nan,nan
975,6.53061,300,0.025433,21.3333,0,0.0106119,0.114526,0.000185332,-0.00225073,1.65649,0.000113906,0.0132102,0.266238,6982.91,1.49377,0.26595,-0.4,0.1,1,612.131,1.19808e+07,0,0,0.937422,0.00082448,-0.0777954,nan,0,nan,nan,nan,nan,0,nan,0,nan,-0.00647662,-0.0837858,-0.101944,nan,nan
976,nan,nan,0.00295287,0,0,0.215351,1.05652,0.0395693,-0.00794723,1.65146,1e-05,0.0154229,0.266216,10142.2,0.950537,0.261032,-0.4,0.1,1,613.344,1.19931e+07,nan,nan,nan,nan,nan,nan,nan,nan,nan,nan,nan,nan,nan,nan,nan,nan,nan,nan,nan,nan
977,nan,nan,0.0128305,0,0,0.150024,0.970929,0.0102361,-0.00814677,1.65288,1e-05,0.0195479,0.266253,10064.1,0.953329,0.267642,-0.4,0.1,1,614.566,1.20054e+07,nan,nan,nan,nan,nan,nan,nan,nan,nan,nan,nan,nan,nan,nan,nan,nan,nan,nan,nan,nan
978,nan,nan,0.0182741,0,0,0.0591861,0.474786,0.0038341,-0.00660977,1.65559,7.59375e-05,0.015395,0.266302,9183.62,1.06083,0.277204,-0.4,0.1,1,615.905,1.20177e+07,nan,nan,nan,nan,nan,nan,nan,nan,nan,nan,nan,nan,nan,nan,nan,nan,nan,nan,nan,nan
979,nan,nan,0.0220456,0,0,0.0289588,0.230806,0.00200808,-0.00558972,1.6605,3.375e-05,0.0133465,0.266388,9876,0.981292,0.262936,-0.4,0.1,1,617.15,1.203e+07,nan,nan,nan,nan,nan,nan,nan,nan,nan,nan,nan,nan,nan,nan,nan,nan,nan,nan,nan,nan
980,nan,nan,0.0235555,0,0,0.0188435,0.146736,0.00119279,-0.00648792,1.66718,5.0625e-05,0.0125742,0.266509,10055,0.958361,0.263716,-0.4,0.1,1,618.373,1.20422e+07,nan,nan,nan,nan,nan,nan,nan,nan,nan,nan,nan,nan,nan,nan,nan,nan,nan,nan,nan,nan
981,nan,nan,0.0241356,0,0,0.0152176,0.124986,0.0018032,-0.00562572,1.67311,0.000113906,0.0138571,0.266567,9739.35,0.991245,0.270441,-0.4,0.1,1,619.636,1.20545e+07,nan,nan,nan,nan,nan,nan,nan,nan,nan,nan,nan,nan,nan,nan,nan,nan,nan,nan,nan,nan
982,nan,nan,0.0246,0,0,0.0140411,0.118494,0.00111348,-0.00363975,1.67653,5.0625e-05,0.00914489,0.266603,9666.06,1.01104,0.260209,-0.4,0.1,1,620.908,1.20668e+07,nan,nan,nan,nan,nan,nan,nan,nan,nan,nan,nan,nan,nan,nan,nan,nan,nan,nan,nan,nan
983,nan,nan,0.0248374,0,0,0.0128909,0.116651,0.000824045,-0.00156578,1.67787,0.000170859,0.0163046,0.266616,9935.96,0.963632,0.273088,-0.4,0.1,1,622.146,1.20791e+07,nan,nan,nan,nan,nan,nan,nan,nan,nan,nan,nan,nan,nan,nan,nan,nan,nan,nan,nan,nan
984,nan,nan,0.0250812,0,0,0.0121283,0.117855,0.00058186,0.00349535,1.67877,1.5e-05,0.0134819,0.266625,9668.91,0.955299,0.315578,-0.4,0.1,1,623.418,1.20914e+07,nan,nan,nan,nan,nan,nan,nan,nan,nan,nan,nan,nan,nan,nan,nan,nan,nan,nan,nan,nan
985,nan,nan,0.0248834,0,0,0.0116949,0.115744,0.000892088,-0.00192857,1.67857,5.0625e-05,0.0144468,0.26661,9565.06,0.997918,0.286757,-0.4,0.1,1,624.704,1.21037e+07,nan,nan,nan,nan,nan,nan,nan,nan,nan,nan,nan,nan,nan,nan,nan,nan,nan,nan,nan,nan
986,nan,nan,0.0247918,0,0,0.0110066,0.114048,0.000968722,-0.00295086,1.67745,7.59375e-05,0.00965427,0.266593,9992.82,0.96708,0.262603,-0.4,0.1,1,625.935,1.2116e+07,nan,nan,nan,nan,nan,nan,nan,nan,nan,nan,nan,nan,nan,nan,nan,nan,nan,nan,nan,nan
987,nan,nan,0.0246528,0,0,0.0107146,0.113785,0.00078182,-0.00374643,1.67676,5.0625e-05,0.00788943,0.266596,9159.62,1.04367,0.297875,-0.4,0.1,1,627.278,1.21283e+07,nan,nan,nan,nan,nan,nan,nan,nan,nan,nan,nan,nan,nan,nan,nan,nan,nan,nan,nan,nan
988,6.35763,300,0.0104672,21.3333,0,0.0946891,0.507744,0.0158209,-0.00836024,1.67737,1e-05,0.0168185,0.266604,6979.16,1.48104,0.279631,-0.4,0.1,1,629.039,1.21405e+07,0,0,0.920159,0.000966157,-0.0766875,nan,0,nan,nan,nan,nan,0,nan,0,nan,-0.00663925,-0.100374,-0.1064,nan,nan
989,nan,nan,0.0131677,0,0,0.219413,1.10128,0.0111814,-0.0130421,1.67757,5.0625e-05,0.0178293,0.266599,10093.8,0.95068,0.266704,-0.4,0.1,1,630.258,1.21528e+07,nan,nan,nan,nan,nan,nan,nan,nan,nan,nan,nan,nan,nan,nan,nan,nan,nan,nan,nan,nan
990,nan,nan,0.0166273,0,0,0.0766697,0.614834,0.00288098,-0.00846272,1.67641,0.000113906,0.0137708,0.266567,9348,1.03191,0.282592,-0.4,0.1,1,631.574,1.21651e+07,nan,nan,nan,nan,nan,nan,nan,nan,nan,nan,nan,nan,nan,nan,nan,nan,nan,nan,nan,nan
991,nan,nan,0.0219032,0,0,0.0430637,0.300874,0.00228804,-0.00580358,1.67544,5.0625e-05,0.0101952,0.266576,9844.51,0.981528,0.266681,-0.4,0.1,1,632.823,1.21774e+07,nan,nan,nan,nan,nan,nan,nan,nan,nan,nan,nan,nan,nan,nan,nan,nan,nan,nan,nan,nan
992,nan,nan,0.0238685,0,0,0.0217976,0.167453,0.0025026,-0.00229084,1.67628,7.59375e-05,0.0150935,0.266592,9768.3,0.972755,0.285192,-0.4,0.1,1,634.082,1.21897e+07,nan,nan,nan,nan,nan,nan,nan,nan,nan,nan,nan,nan,nan,nan,nan,nan,nan,nan,nan,nan
993,nan,nan,0.0244368,0,0,0.0151622,0.12403,0.0017656,-0.00413317,1.67801,0.000170859,0.0195438,0.266632,10017.2,0.958751,0.26794,-0.4,0.1,1,635.31,1.2202e+07,nan,nan,nan,nan,nan,nan,nan,nan,nan,nan,nan,nan,nan,nan,nan,nan,nan,nan,nan,nan
994,nan,nan,0.0248548,0,0,0.0139852,0.119125,0.00102431,-0.00451288,1.67986,1e-05,0.0176061,0.266644,10090.8,0.955932,0.261809,-0.4,0.1,1,636.529,1.22143e+07,nan,nan,nan,nan,nan,nan,nan,nan,nan,nan,nan,nan,nan,nan,nan,nan,nan,nan,nan,nan
995,nan,nan,0.0248209,0,0,0.0131757,0.114824,0.00184149,-0.00429661,1.68066,7.59375e-05,0.0129305,0.266659,9942.87,0.95532,0.28054,-0.4,0.1,1,637.766,1.22266e+07,nan,nan,nan,nan,nan,nan,nan,nan,nan,nan,nan,nan,nan,nan,nan,nan,nan,nan,nan,nan
996,nan,nan,0.0250206,0,0,0.0126637,0.114518,0.00122328,-0.00433808,1.68008,7.59375e-05,0.0117495,0.266635,9811.47,0.968057,0.284355,-0.4,0.1,1,639.019,1.22388e+07,nan,nan,nan,nan,nan,nan,nan,nan,nan,nan,nan,nan,nan,nan,nan,nan,nan,nan,nan,nan
997,nan,nan,0.025054,0,0,0.0120224,0.11296,0.000867075,-0.00476773,1.67935,5.0625e-05,0.0109533,0.266636,9754.22,0.974861,0.284902,-0.4,0.1,1,640.28,1.22511e+07,nan,nan,nan,nan,nan,nan,nan,nan,nan,nan,nan,nan,nan,nan,nan,nan,nan,nan,nan,nan
998,nan,nan,0.0249946,0,0,0.0117778,0.113719,0.000479717,-0.00802152,1.679,5.0625e-05,0.0104751,0.266619,10062.9,0.955643,0.265477,-0.4,0.1,1,641.502,1.22634e+07,nan,nan,nan,nan,nan,nan,nan,nan,nan,nan,nan,nan,nan,nan,nan,nan,nan,nan,nan,nan
999,nan,nan,0.0249465,0,0,0.0111367,0.110968,0.000331045,-0.00338176,1.67669,3.375e-05,0.0147828,0.26657,9946.67,0.969912,0.265476,-0.4,0.1,1,642.739,1.22757e+07,nan,nan,nan,nan,nan,nan,nan,nan,nan,nan,nan,nan,nan,nan,nan,nan,nan,nan,nan,nan
1000,6.54323,300,0.0247331,21.3333,0,0.0105553,0.108826,0.000379702,-0.00432249,1.67529,5.0625e-05,0.0125626,0.266577,6926.76,1.48231,0.291678,-0.4,0.1,1,644.514,1.2288e+07,0,0,0.932164,0.000829805,-0.0758857,nan,0,nan,nan,nan,nan,0,nan,0,nan,-0.00657334,-0.0968066,-0.111692,nan,nan
1001,nan,nan,0.00465201,0,0,0.225931,1.09798,0.067527,-0.00980259,1.67684,2.25e-05,0.0128968,0.2666,10470.5,0.923818,0.249766,-0.6,0.15,1,647.11,1.23003e+07,nan,nan,nan,nan,nan,nan,nan,nan,nan,nan,nan,nan,nan,nan,nan,nan,nan,nan,nan,nan
1002,nan,nan,0.0137275,0,0,0.144029,0.907801,0.0139003,-0.0063449,1.67716,3.375e-05,0.0184358,0.266595,10191.7,0.920806,0.284884,-0.6,0.15,1,648.316,1.23126e+07,nan,nan,nan,nan,nan,nan,nan,nan,nan,nan,nan,nan,nan,nan,nan,nan,nan,nan,nan,nan
1003,nan,nan,0.0180438,0,0,0.0618295,0.457968,0.0150532,-0.00327121,1.67724,2.25e-05,0.0146598,0.26661,10257.1,0.936779,0.261226,-0.6,0.15,1,649.515,1.23249e+07,nan,nan,nan,nan,nan,nan,nan,nan,nan,nan,nan,nan,nan,nan,nan,nan,nan,nan,nan,nan
1004,nan,nan,0.0204028,0,0,0.0300543,0.217048,0.011014,-0.00442131,1.679,0.000113906,0.0160775,0.26663,10335.9,0.940072,0.24879,-0.6,0.15,1,650.705,1.23372e+07,nan,nan,nan,nan,nan,nan,nan,nan,nan,nan,nan,nan,nan,nan,nan,nan,nan,nan,nan,nan
1005,nan,nan,0.0213498,0,0,0.0175095,0.137363,0.00935276,-0.00317894,1.67948,0.000113906,0.011192,0.266651,9986.68,0.964445,0.265994,-0.6,0.15,1,651.937,1.23494e+07,nan,nan,nan,nan,nan,nan,nan,nan,nan,nan,nan,nan,nan,nan,nan,nan,nan,nan,nan,nan
1006,nan,nan,0.0238392,0,0,0.0145272,0.122119,0.00450413,-0.00468568,1.68095,0.000113906,0.01597,0.266656,10078.4,0.95806,0.261186,-0.6,0.15,1,653.158,1.23617e+07,nan,nan,nan,nan,nan,nan,nan,nan,nan,nan,nan,nan,nan,nan,nan,nan,nan,nan,nan,nan
1007,nan,nan,0.0252211,0,0,0.0131302,0.117673,0.00170936,-0.00671496,1.68005,3.375e-05,0.00881582,0.266637,9972.6,0.974621,0.257555,-0.6,0.15,1,654.391,1.2374e+07,nan,nan,nan,nan,nan,nan,nan,nan,nan,nan,nan,nan,nan,nan,nan,nan,nan,nan,nan,nan
1008,nan,nan,0.0256475,0,0,0.0127719,0.115929,0.000990418,-0.00695034,1.6784,3.375e-05,0.00910698,0.26661,10105.4,0.954523,0.261464,-0.6,0.15,1,655.608,1.23863e+07,nan,nan,nan,nan,nan,nan,nan,nan,nan,nan,nan,nan,nan,nan,nan,nan,nan,nan,nan,nan
1009,nan,nan,0.0255821,0,0,0.0119769,0.112085,0.000413195,-0.00639087,1.67617,0.000113906,0.0150994,0.266568,10045.9,0.958205,0.264984,-0.6,0.15,1,656.832,1.23986e+07,nan,nan,nan,nan,nan,nan,nan,nan,nan,nan,nan,nan,nan,nan,nan,nan,nan,nan,nan,nan
1010,nan,nan,0.0254205,0,0,0.011543,0.113019,0.000411949,-0.00367445,1.67359,0.000170859,0.0160592,0.266543,10075.8,0.957212,0.262339,-0.6,0.15,1,658.053,1.24109e+07,nan,nan,nan,nan,nan,nan,nan,nan,nan,nan,nan,nan,nan,nan,nan,nan,nan,nan,nan,nan
1011,nan,nan,0.0253364,0,0,0.0110547,0.112429,0.000325394,-0.0036234,1.67387,7.59375e-05,0.0129426,0.266567,9981.85,0.951159,0.279875,-0.6,0.15,1,659.285,1.24232e+07,nan,nan,nan,nan,nan,nan,nan,nan,nan,nan,nan,nan,nan,nan,nan,nan,nan,nan,nan,nan
1012,nan,nan,0.0251124,0,0,0.010801,0.110698,0.000379954,-0.00338608,1.67542,5.0625e-05,0.0105875,0.266578,9752.96,0.991552,0.268373,-0.6,0.15,1,660.546,1.24355e+07,nan,nan,nan,nan,nan,nan,nan,nan,nan,nan,nan,nan,nan,nan,nan,nan,nan,nan,nan,nan
1013,6.40376,300,0.0096732,21.3333,0,0.0931233,0.487423,0.0325636,-0.00690849,1.67589,1e-05,0.0205766,0.266587,7030.93,1.4819,0.26581,-0.6,0.15,1,662.295,1.24477e+07,0,0,0.939473,0.000947302,-0.0769749,nan,0,nan,nan,nan,nan,0,nan,0,nan,-0.00656197,-0.0953581,-0.112808,nan,nan
1014,nan,nan,0.0134009,0,0,0.216706,1.05507,0.0183003,-0.0123196,1.67685,3.375e-05,0.0172878,0.266605,10347.3,0.923734,0.263822,-0.6,0.15,1,663.484,1.246e+07,nan,nan,nan,nan,nan,nan,nan,nan,nan,nan,nan,nan,nan,nan,nan,nan,nan,nan,nan,nan
1015,nan,nan,0.0163576,0,0,0.0827206,0.619066,0.00574559,-0.0093923,1.67686,3.375e-05,0.0131938,0.266594,9869.43,0.971781,0.273276,-0.6,0.15,1,664.73,1.24723e+07,nan,nan,nan,nan,nan,nan,nan,nan,nan,nan,nan,nan,nan,nan,nan,nan,nan,nan,nan,nan
1016,nan,nan,0.0211918,0,0,0.0457625,0.350554,0.00227548,-0.0109851,1.6764,5.0625e-05,0.0126844,0.266586,9851.65,0.983064,0.26424,-0.6,0.15,1,665.979,1.24846e+07,nan,nan,nan,nan,nan,nan,nan,nan,nan,nan,nan,nan,nan,nan,nan,nan,nan,nan,nan,nan
1017,nan,nan,0.0233064,0,0,0.0223559,0.174935,0.00181207,-0.00472444,1.67597,3.375e-05,0.00854398,0.266593,10082,0.958032,0.26077,-0.6,0.15,1,667.198,1.24969e+07,nan,nan,nan,nan,nan,nan,nan,nan,nan,nan,nan,nan,nan,nan,nan,nan,nan,nan,nan,nan
1018,nan,nan,0.024286,0,0,0.0158005,0.129877,0.00130924,-0.00188714,1.6774,0.000113906,0.013353,0.266613,10050.2,0.960796,0.261862,-0.6,0.15,1,668.422,1.25092e+07,nan,nan,nan,nan,nan,nan,nan,nan,nan,nan,nan,nan,nan,nan,nan,nan,nan,nan,nan,nan
1019,nan,nan,0.0245942,0,0,0.0134236,0.117718,0.000425744,-0.000937673,1.67582,0.000113906,0.0148038,0.266539,9675.23,0.98752,0.282527,-0.6,0.15,1,669.693,1.25215e+07,nan,nan,nan,nan,nan,nan,nan,nan,nan,nan,nan,nan,nan,nan,nan,nan,nan,nan,nan,nan
1020,nan,nan,0.0246387,0,0,0.0124641,0.113723,0.000391032,-0.00450227,1.67205,0.000113906,0.0125675,0.266527,9669.27,1.00128,0.269546,-0.6,0.15,1,670.965,1.25338e+07,nan,nan,nan,nan,nan,nan,nan,nan,nan,nan,nan,nan,nan,nan,nan,nan,nan,nan,nan,nan
1021,nan,nan,0.0245496,0,0,0.0119791,0.111925,0.00149921,-0.0046369,1.67345,0.000170859,0.0140067,0.266561,10114.5,0.952517,0.262367,-0.6,0.15,1,672.181,1.2546e+07,nan,nan,nan,nan,nan,nan,nan,nan,nan,nan,nan,nan,nan,nan,nan,nan,nan,nan,nan,nan
1022,nan,nan,0.0248672,0,0,0.0115994,0.112846,0.000306025,-0.00444829,1.67482,0.000113906,0.0141806,0.266563,10090.9,0.94898,0.268753,-0.6,0.15,1,673.4,1.25583e+07,nan,nan,nan,nan,nan,nan,nan,nan,nan,nan,nan,nan,nan,nan,nan,nan,nan,nan,nan,nan
1023,nan,nan,0.0248702,0,0,0.0115217,0.112884,0.000394015,-0.00316644,1.67345,7.59375e-05,0.0144398,0.266545,9722.41,0.983965,0.27992,-0.6,0.15,1,674.665,1.25706e+07,nan,nan,nan,nan,nan,nan,nan,nan,nan,nan,nan,nan,nan,nan,nan,nan,nan,nan,nan,nan
1024,nan,nan,0.0248072,0,0,0.0112791,0.115353,0.000268154,-0.00315871,1.67263,7.59375e-05,0.0133352,0.266525,9591.44,1.00257,0.278574,-0.6,0.15,1,675.947,1.25829e+07,nan,nan,nan,nan,nan,nan,nan,nan,nan,nan,nan,nan,nan,nan,nan,nan,nan,nan,nan,nan
1025,6.44731,300,0.0245833,21.3333,0,0.0109349,0.111978,0.000269641,-0.00509121,1.67087,0.000170859,0.0140382,0.266478,7082.93,1.46519,0.269684,-0.6,0.15,1,677.683,1.25952e+07,0,0,0.948624,0.000905691,-0.0794202,nan,0,nan,nan,nan,nan,0,nan,0,nan,-0.00678966,-0.102936,-0.112291,nan,nan
1026,nan,nan,0.00629487,0,0,0.221782,1.04809,0.0323895,-0.0101221,1.669,1e-05,0.0161871,0.266477,9636.18,0.988723,0.286471,-0.6,0.15,1,678.96,1.26075e+07,nan,nan,nan,nan,nan,nan,nan,nan,nan,nan,nan,nan,nan,nan,nan,nan,nan,nan,nan,nan
1027,nan,nan,0.015735,0,0,0.142958,0.817794,0.00853207,-0.0118334,1.67143,7.59375e-05,0.0188176,0.266546,10059.1,0.958142,0.263444,-0.6,0.15,1,680.183,1.26198e+07,nan,nan,nan,nan,nan,nan,nan,nan,nan,nan,nan,nan,nan,nan,nan,nan,nan,nan,nan,nan
1028,nan,nan,0.0207529,0,0,0.0665961,0.471946,0.00273145,-0.0116939,1.67516,5.0625e-05,0.0183043,0.266576,9421.9,0.974951,0.329245,-0.6,0.15,1,681.488,1.26321e+07,nan,nan,nan,nan,nan,nan,nan,nan,nan,nan,nan,nan,nan,nan,nan,nan,nan,nan,nan,nan
1029,nan,nan,0.0239528,0,0,0.0298404,0.225687,0.000987843,-0.00908728,1.67542,7.59375e-05,0.0140152,0.266577,8676.5,1.05935,0.356891,-0.6,0.15,1,682.905,1.26444e+07,nan,nan,nan,nan,nan,nan,nan,nan,nan,nan,nan,nan,nan,nan,nan,nan,nan,nan,nan,nan
1030,nan,nan,0.025395,0,0,0.0178742,0.147178,0.000421866,-0.00481102,1.67466,7.59375e-05,0.0156289,0.26655,8972.46,1.0718,0.297727,-0.6,0.15,1,684.276,1.26566e+07,nan,nan,nan,nan,nan,nan,nan,nan,nan,nan,nan,nan,nan,nan,nan,nan,nan,nan,nan,nan
1031,nan,nan,0.0258771,0,0,0.0141812,0.123946,0.000318257,-0.00370587,1.67161,0.000113906,0.00988033,0.266491,9563.96,1.00992,0.274908,-0.6,0.15,1,685.562,1.26689e+07,nan,nan,nan,nan,nan,nan,nan,nan,nan,nan,nan,nan,nan,nan,nan,nan,nan,nan,nan,nan
1032,nan,nan,0.0260206,0,0,0.0124041,0.114067,0.000447633,-0.00210903,1.66998,7.59375e-05,0.00965084,0.26652,8466.84,1.16035,0.290962,-0.6,0.15,1,687.015,1.26812e+07,nan,nan,nan,nan,nan,nan,nan,nan,nan,nan,nan,nan,nan,nan,nan,nan,nan,nan,nan,nan
1033,nan,nan,0.0260608,0,0,0.011588,0.113818,0.000249623,-0.00188182,1.67253,0.000170859,0.0159704,0.266513,9650.8,1.00262,0.270647,-0.6,0.15,1,688.289,1.26935e+07,nan,nan,nan,nan,nan,nan,nan,nan,nan,nan,nan,nan,nan,nan,nan,nan,nan,nan,nan,nan
1034,nan,nan,0.0261321,0,0,0.0114245,0.112197,0.000176947,0.000802776,1.66776,0.000170859,0.0187965,0.266422,9468.93,1.00065,0.29707,-0.6,0.15,1,689.588,1.27058e+07,nan,nan,nan,nan,nan,nan,nan,nan,nan,nan,nan,nan,nan,nan,nan,nan,nan,nan,nan,nan
1035,nan,nan,0.0260477,0,0,0.0112529,0.114896,0.000210909,-0.00495516,1.66122,5.0625e-05,0.0113609,0.266351,8558.81,1.10674,0.328972,-0.6,0.15,1,691.025,1.27181e+07,nan,nan,nan,nan,nan,nan,nan,nan,nan,nan,nan,nan,nan,nan,nan,nan,nan,nan,nan,nan
1036,nan,nan,0.0259275,0,0,0.0110445,0.114816,0.000171778,-0.00725612,1.65776,2.25e-05,0.00850954,0.266305,7892.31,1.2029,0.354061,-0.6,0.15,1,692.583,1.27304e+07,nan,nan,nan,nan,nan,nan,nan,nan,nan,nan,nan,nan,nan,nan,nan,nan,nan,nan,nan,nan
1037,nan,nan,0.0257235,0,0,0.0109074,0.112273,0.000175336,-0.00807537,1.6548,3.375e-05,0.0104628,0.266252,8386.92,1.13471,0.33043,-0.6,0.15,1,694.05,1.27427e+07,nan,nan,nan,nan,nan,nan,nan,nan,nan,nan,nan,nan,nan,nan,nan,nan,nan,nan,nan,nan
1038,6.88067,300,0.00881647,21.3333,0,0.0985783,0.496229,0.0155819,-0.0122418,1.65268,1e-05,0.019876,0.266249,5639.93,1.83158,0.34717,-0.6,0.15,1,696.229,1.27549e+07,0,0,0.96782,0.000975794,-0.0741802,nan,0,nan,nan,nan,nan,0,nan,0,nan,-0.00637337,-0.0748503,-0.108324,nan,nan
1039,nan,nan,0.015248,0,0,0.239756,1.12774,0.01908,-0.00986887,1.65455,5.0625e-05,0.0168635,0.266292,8243.13,1.15865,0.332043,-0.6,0.15,1,697.722,1.27672e+07,nan,nan,nan,nan,nan,nan,nan,nan,nan,nan,nan,nan,nan,nan,nan,nan,nan,nan,nan,nan
1040,nan,nan,0.0181068,0,0,0.0863585,0.63412,0.00558963,-0.011645,1.65742,3.375e-05,0.0116961,0.266335,9492.21,0.992427,0.302109,-0.6,0.15,1,699.017,1.27795e+07,nan,nan,nan,nan,nan,nan,nan,nan,nan,nan,nan,nan,nan,nan,nan,nan,nan,nan,nan,nan
1041,nan,nan,0.023423,0,0,0.0434043,0.315937,0.00164236,-0.00997825,1.65969,5.0625e-05,0.0114117,0.266369,9519.05,1.01981,0.271075,-0.6,0.15,1,700.31,1.27918e+07,nan,nan,nan,nan,nan,nan,nan,nan,nan,nan,nan,nan,nan,nan,nan,nan,nan,nan,nan,nan
1042,nan,nan,0.0258669,0,0,0.0220703,0.180235,0.000936256,-0.00465644,1.66378,0.000170859,0.012666,0.266459,9507.47,1.0144,0.278054,-0.6,0.15,1,701.603,1.28041e+07,nan,nan,nan,nan,nan,nan,nan,nan,nan,nan,nan,nan,nan,nan,nan,nan,nan,nan,nan,nan
1043,nan,nan,0.0266606,0,0,0.0155624,0.128904,0.000769946,-0.00390742,1.66892,0.000113906,0.00940189,0.266499,9122.64,1.05293,0.294046,-0.6,0.15,1,702.952,1.28164e+07,nan,nan,nan,nan,nan,nan,nan,nan,nan,nan,nan,nan,nan,nan,nan,nan,nan,nan,nan,nan
1044,nan,nan,0.0269564,0,0,0.0135636,0.116925,0.000467578,-0.00530967,1.67305,0.000170859,0.0149605,0.266556,9472.78,1.00948,0.287711,-0.6,0.15,1,704.25,1.28287e+07,nan,nan,nan,nan,nan,nan,nan,nan,nan,nan,nan,nan,nan,nan,nan,nan,nan,nan,nan,nan
1045,nan,nan,0.0270074,0,0,0.0124245,0.113634,0.000575708,-0.0055473,1.67427,7.59375e-05,0.0122125,0.266549,9645.38,1.00206,0.271913,-0.6,0.15,1,705.525,1.2841e+07,nan,nan,nan,nan,nan,nan,nan,nan,nan,nan,nan,nan,nan,nan,nan,nan,nan,nan,nan,nan
1046,nan,nan,0.0270511,0,0,0.0124461,0.116335,0.000367539,-0.00769143,1.67413,3.375e-05,0.0120279,0.266551,9518.43,1.01507,0.275902,-0.6,0.15,1,706.817,1.28532e+07,nan,nan,nan,nan,nan,nan,nan,nan,nan,nan,nan,nan,nan,nan,nan,nan,nan,nan,nan,nan
1047,nan,nan,0.0271257,0,0,0.0124709,0.118219,0.000274154,-0.00722387,1.6725,0.000113906,0.0112336,0.266505,9745.1,0.994892,0.26605,-0.6,0.15,1,708.079,1.28655e+07,nan,nan,nan,nan,nan,nan,nan,nan,nan,nan,nan,nan,nan,nan,nan,nan,nan,nan,nan,nan
1048,nan,nan,0.0273136,0,0,0.0122647,0.118423,0.000177666,-0.00431316,1.66869,7.59375e-05,0.0106968,0.266447,9778.83,0.970343,0.286249,-0.6,0.15,1,709.337,1.28778e+07,nan,nan,nan,nan,nan,nan,nan,nan,nan,nan,nan,nan,nan,nan,nan,nan,nan,nan,nan,nan
1049,nan,nan,0.0272796,0,0,0.012059,0.119694,0.000175075,-0.00579085,1.66428,0.000113906,0.0167796,0.266365,10045.5,0.961172,0.262067,-0.6,0.15,1,710.561,1.28901e+07,nan,nan,nan,nan,nan,nan,nan,nan,nan,nan,nan,nan,nan,nan,nan,nan,nan,nan,nan,nan
1050,7.08486,300,0.0271221,21.3333,0,0.011665,0.114977,0.000176115,-0.00717444,1.65661,7.59375e-05,0.0130091,0.26621,6898.75,1.51122,0.269972,-0.6,0.15,1,712.344,1.29024e+07,0,0,0.969902,0.000741257,-0.0743534,nan,0,nan,nan,nan,nan,0,nan,0,nan,-0.00611127,-0.0723112,-0.0917629,nan,nan
1051,nan,nan,0.00668418,0,0,0.220845,1.02877,0.0285878,-0.00947286,1.64849,1e-05,0.0149111,0.266155,9781.6,0.98615,0.270086,-0.6,0.15,1,713.601,1.29147e+07,nan,nan,nan,nan,nan,nan,nan,nan,nan,nan,nan,nan,nan,nan,nan,nan,nan,nan,nan,nan
1052,nan,nan,0.0168489,0,0,0.132142,0.794554,0.00627867,-0.0115355,1.65073,3.375e-05,0.0137758,0.26624,9956.72,0.970294,0.263847,-0.6,0.15,1,714.836,1.2927e+07,nan,nan,nan,nan,nan,nan,nan,nan,nan,nan,nan,nan,nan,nan,nan,nan,nan,nan,nan,nan
1053,nan,nan,0.0217449,0,0,0.0584632,0.422395,0.00283707,-0.011161,1.65751,5.0625e-05,0.01217,0.266329,10028.7,0.961202,0.26408,-0.6,0.15,1,716.063,1.29393e+07,nan,nan,nan,nan,nan,nan,nan,nan,nan,nan,nan,nan,nan,nan,nan,nan,nan,nan,nan,nan
1054,nan,nan,0.0252796,0,0,0.0278079,0.210691,0.000857833,-0.00733097,1.66205,2.25e-05,0.00984103,0.266384,10017.9,0.966346,0.26026,-0.6,0.15,1,717.29,1.29516e+07,nan,nan,nan,nan,nan,nan,nan,nan,nan,nan,nan,nan,nan,nan,nan,nan,nan,nan,nan,nan
1055,nan,nan,0.0264899,0,0,0.0171455,0.145383,0.00048617,-0.00665513,1.66434,5.0625e-05,0.00862616,0.266408,9617.67,1.00148,0.27617,-0.6,0.15,1,718.569,1.29638e+07,nan,nan,nan,nan,nan,nan,nan,nan,nan,nan,nan,nan,nan,nan,nan,nan,nan,nan,nan,nan
1056,nan,nan,0.0268945,0,0,0.0146308,0.124328,0.000315966,-0.00818072,1.66304,0.000170859,0.0138232,0.266349,9046.26,1.04383,0.314521,-0.6,0.15,1,719.929,1.29761e+07,nan,nan,nan,nan,nan,nan,nan,nan,nan,nan,nan,nan,nan,nan,nan,nan,nan,nan,nan,nan
1057,nan,nan,0.0270598,0,0,0.0135256,0.116924,0.000190662,-0.00518952,1.65932,0.000113906,0.0118338,0.266326,8709.71,1.13145,0.279384,-0.6,0.15,1,721.341,1.29884e+07,nan,nan,nan,nan,nan,nan,nan,nan,nan,nan,nan,nan,nan,nan,nan,nan,nan,nan,nan,nan
1058,nan,nan,0.0270312,0,0,0.0129323,0.115465,0.000585136,-0.00426666,1.65731,5.0625e-05,0.0102659,0.266285,9169.11,1.06452,0.275635,-0.6,0.15,1,722.682,1.30007e+07,nan,nan,nan,nan,nan,nan,nan,nan,nan,nan,nan,nan,nan,nan,nan,nan,nan,nan,nan,nan
1059,nan,nan,0.0271282,0,0,0.0130802,0.119646,0.000239162,-0.00637161,1.65354,0.000113906,0.014998,0.266209,9356.45,1.0127,0.30062,-0.6,0.15,1,723.997,1.3013e+07,nan,nan,nan,nan,nan,nan,nan,nan,nan,nan,nan,nan,nan,nan,nan,nan,nan,nan,nan,nan
1060,nan,nan,0.0272877,0,0,0.0127773,0.122049,0.000202461,-0.00216429,1.64831,0.000113906,0.0121423,0.266149,9718.03,0.99425,0.270204,-0.6,0.15,1,725.262,1.30253e+07,nan,nan,nan,nan,nan,nan,nan,nan,nan,nan,nan,nan,nan,nan,nan,nan,nan,nan,nan,nan
1061,nan,nan,0.0271004,0,0,0.0124419,0.120912,0.000422309,-0.00333749,1.64424,0.000113906,0.0129955,0.266075,9658.56,1.00423,0.268006,-0.6,0.15,1,726.536,1.30376e+07,nan,nan,nan,nan,nan,nan,nan,nan,nan,nan,nan,nan,nan,nan,nan,nan,nan,nan,nan,nan
1062,nan,nan,0.0265481,0,0,0.0122429,0.118674,0.00132721,-0.00568592,1.64238,1.5e-05,0.0121191,0.266086,9863.62,0.972126,0.273664,-0.6,0.15,1,727.783,1.30499e+07,nan,nan,nan,nan,nan,nan,nan,nan,nan,nan,nan,nan,nan,nan,nan,nan,nan,nan,nan,nan
1063,7.18552,300,0.0116016,21.3333,0,0.0941631,0.499819,0.0104701,-0.0110901,1.64555,1e-05,0.0195706,0.266147,6637,1.55615,0.295289,-0.6,0.15,1,729.635,1.30621e+07,0,0,0.993836,0.000803578,-0.0730869,nan,0,nan,nan,nan,nan,0,nan,0,nan,-0.006446,-0.075638,-0.0989736,nan,nan
1064,nan,nan,0.0156798,0,0,0.230852,1.1009,0.0134898,-0.0135754,1.64905,3.375e-05,0.0142395,0.266192,9963.3,0.969556,0.26377,-0.6,0.15,1,730.87,1.30744e+07,nan,nan,nan,nan,nan,nan,nan,nan,nan,nan,nan,nan,nan,nan,nan,nan,nan,nan,nan,nan
1065,nan,nan,0.018862,0,0,0.0841115,0.588966,0.00409633,-0.0112974,1.65232,2.25e-05,0.0126308,0.266244,10100.4,0.956773,0.259808,-0.6,0.15,1,732.087,1.30867e+07,nan,nan,nan,nan,nan,nan,nan,nan,nan,nan,nan,nan,nan,nan,nan,nan,nan,nan,nan,nan
1066,nan,nan,0.0233098,0,0,0.041608,0.292583,0.00249168,-0.00841256,1.65594,1.5e-05,0.0121285,0.266297,10010.6,0.961109,0.266385,-0.6,0.15,1,733.316,1.3099e+07,nan,nan,nan,nan,nan,nan,nan,nan,nan,nan,nan,nan,nan,nan,nan,nan,nan,nan,nan,nan
1067,nan,nan,0.0254843,0,0,0.0210981,0.166918,0.00188337,-0.00785193,1.6593,7.59375e-05,0.0107539,0.266371,9825.83,0.973295,0.277286,-0.6,0.15,1,734.568,1.31113e+07,nan,nan,nan,nan,nan,nan,nan,nan,nan,nan,nan,nan,nan,nan,nan,nan,nan,nan,nan,nan
1068,nan,nan,0.0264447,0,0,0.0152878,0.133963,0.000821916,-0.00457321,1.66454,0.000170859,0.0178725,0.266434,9692.07,1.00125,0.266587,-0.6,0.15,1,735.837,1.31236e+07,nan,nan,nan,nan,nan,nan,nan,nan,nan,nan,nan,nan,nan,nan,nan,nan,nan,nan,nan,nan
1069,nan,nan,0.0267954,0,0,0.0136965,0.123975,0.00063572,-0.00477696,1.66726,0.000113906,0.0112544,0.266474,9855.25,0.984408,0.26244,-0.6,0.15,1,737.085,1.31359e+07,nan,nan,nan,nan,nan,nan,nan,nan,nan,nan,nan,nan,nan,nan,nan,nan,nan,nan,nan,nan
1070,nan,nan,0.0267551,0,0,0.0132314,0.121031,0.000576013,-0.00608589,1.66914,0.000113906,0.0160575,0.266479,10016.3,0.965986,0.260812,-0.6,0.15,1,738.313,1.31482e+07,nan,nan,nan,nan,nan,nan,nan,nan,nan,nan,nan,nan,nan,nan,nan,nan,nan,nan,nan,nan
1071,nan,nan,0.0267241,0,0,0.013102,0.122017,0.000389117,-0.00504697,1.66854,7.59375e-05,0.0126696,0.266455,9881.73,0.965245,0.278262,-0.6,0.15,1,739.557,1.31604e+07,nan,nan,nan,nan,nan,nan,nan,nan,nan,nan,nan,nan,nan,nan,nan,nan,nan,nan,nan,nan
1072,nan,nan,0.0266118,0,0,0.0129815,0.124763,0.000424527,-0.00655784,1.6667,0.000113906,0.0117465,0.266442,10063.1,0.95963,0.261465,-0.6,0.15,1,740.78,1.31727e+07,nan,nan,nan,nan,nan,nan,nan,nan,nan,nan,nan,nan,nan,nan,nan,nan,nan,nan,nan,nan
1073,nan,nan,0.0261841,0,0,0.0121831,0.117433,0.000754941,-0.00609182,1.66621,7.59375e-05,0.0211453,0.266431,10191.5,0.946348,0.259367,-0.6,0.15,1,741.986,1.3185e+07,nan,nan,nan,nan,nan,nan,nan,nan,nan,nan,nan,nan,nan,nan,nan,nan,nan,nan,nan,nan
1074,nan,nan,0.025677,0,0,0.011658,0.113218,0.00154658,-0.00542348,1.66595,0.000113906,0.0152172,0.266439,10194.8,0.947833,0.257486,-0.6,0.15,1,743.193,1.31973e+07,nan,nan,nan,nan,nan,nan,nan,nan,nan,nan,nan,nan,nan,nan,nan,nan,nan,nan,nan,nan
1075,7.01852,300,0.0256078,21.3333,0,0.0111844,0.109489,0.00156983,-0.00410543,1.66721,3.375e-05,0.00998865,0.266464,6997.53,1.47757,0.278481,-0.6,0.15,1,744.95,1.32096e+07,0,0,1.04961,0.000939398,-0.0735414,nan,0,nan,nan,nan,nan,0,nan,0,nan,-0.00637062,-0.0800781,-0.105316,nan,nan
1076,nan,nan,0.00699183,0,0,0.211865,1.00333,0.0271682,-0.0147866,1.66934,1.5e-05,0.0159899,0.266494,9622.14,1.01763,0.259428,-0.6,0.15,1,746.228,1.32219e+07,nan,nan,nan,nan,nan,nan,nan,nan,nan,nan,nan,nan,nan,nan,nan,nan,nan,nan,nan,nan
1077,nan,nan,0.0183735,0,0,0.140632,0.766845,0.0118049,-0.0135028,1.67224,5.0625e-05,0.0170479,0.266547,9580.46,0.933801,0.34881,-0.6,0.15,1,747.512,1.32342e+07,nan,nan,nan,nan,nan,nan,nan,nan,nan,nan,nan,nan,nan,nan,nan,nan,nan,nan,nan,nan
1078,nan,nan,0.0228495,0,0,0.0580984,0.394095,0.00510651,-0.00928028,1.67494,1e-05,0.0162821,0.266574,9104.29,1.0635,0.286191,-0.6,0.15,1,748.864,1.32465e+07,nan,nan,nan,nan,nan,nan,nan,nan,nan,nan,nan,nan,nan,nan,nan,nan,nan,nan,nan,nan
1079,nan,nan,0.0256405,0,0,0.0271402,0.20758,0.00152583,-0.00595628,1.6766,7.59375e-05,0.0144702,0.266602,9614.47,1.01356,0.264511,-0.6,0.15,1,750.143,1.32588e+07,nan,nan,nan,nan,nan,nan,nan,nan,nan,nan,nan,nan,nan,nan,nan,nan,nan,nan,nan,nan
1080,nan,nan,0.0266632,0,0,0.0158317,0.137846,0.000753727,-0.00578353,1.67757,5.0625e-05,0.0120127,0.266604,9182.22,1.03738,0.300855,-0.6,0.15,1,751.482,1.3271e+07,nan,nan,nan,nan,nan,nan,nan,nan,nan,nan,nan,nan,nan,nan,nan,nan,nan,nan,nan,nan
1081,nan,nan,0.0270609,0,0,0.0140577,0.123841,0.00078591,-0.00778356,1.67623,7.59375e-05,0.0120916,0.266562,10213.7,0.949687,0.253401,-0.6,0.15,1,752.687,1.32833e+07,nan,nan,nan,nan,nan,nan,nan,nan,nan,nan,nan,nan,nan,nan,nan,nan,nan,nan,nan,nan
1082,nan,nan,0.0272036,0,0,0.0132425,0.122421,0.00044357,-0.00640121,1.6739,7.59375e-05,0.0112582,0.266543,10176,0.941646,0.265905,-0.6,0.15,1,753.895,1.32956e+07,nan,nan,nan,nan,nan,nan,nan,nan,nan,nan,nan,nan,nan,nan,nan,nan,nan,nan,nan,nan
1083,nan,nan,0.0273936,0,0,0.0130952,0.121115,0.000426538,-0.00763522,1.67251,0.000170859,0.0166612,0.266498,9630,1.00942,0.266589,-0.6,0.15,1,755.173,1.33079e+07,nan,nan,nan,nan,nan,nan,nan,nan,nan,nan,nan,nan,nan,nan,nan,nan,nan,nan,nan,nan
1084,nan,nan,0.0275378,0,0,0.0133298,0.125733,0.000823219,-0.00619145,1.66758,0.000113906,0.0173152,0.266414,9595.91,1.00339,0.277154,-0.6,0.15,1,756.454,1.33202e+07,nan,nan,nan,nan,nan,nan,nan,nan,nan,nan,nan,nan,nan,nan,nan,nan,nan,nan,nan,nan
1085,nan,nan,0.0268696,0,0,0.0129558,0.123259,0.00340528,-0.00509325,1.66613,5.0625e-05,0.0128819,0.266453,9122.25,1.06737,0.279664,-0.6,0.15,1,757.802,1.33325e+07,nan,nan,nan,nan,nan,nan,nan,nan,nan,nan,nan,nan,nan,nan,nan,nan,nan,nan,nan,nan
1086,nan,nan,0.0264262,0,0,0.0121901,0.114445,0.00388896,-0.0052893,1.67066,1e-05,0.0131162,0.266511,9762.93,0.948274,0.310364,-0.6,0.15,1,759.062,1.33448e+07,nan,nan,nan,nan,nan,nan,nan,nan,nan,nan,nan,nan,nan,nan,nan,nan,nan,nan,nan,nan
1087,nan,nan,0.0262534,0,0,0.011608,0.107227,0.00365071,-0.00542134,1.67226,5.0625e-05,0.0123543,0.266532,9366.89,1.0318,0.280056,-0.6,0.15,1,760.375,1.33571e+07,nan,nan,nan,nan,nan,nan,nan,nan,nan,nan,nan,nan,nan,nan,nan,nan,nan,nan,nan,nan
1088,7.26002,300,0.0110603,21.3333,0,0.0959357,0.512186,0.0150782,-0.00861115,1.67373,1e-05,0.0165837,0.266548,6798.96,1.54668,0.260659,-0.6,0.15,1,762.184,1.33693e+07,0,0,1.12772,0.000937425,-0.0711696,nan,0,nan,nan,nan,nan,0,nan,0,nan,-0.00612241,-0.0643001,-0.102772,nan,nan
1089,nan,nan,0.0153068,0,0,0.226402,1.03947,0.0143719,-0.0133346,1.67501,3.375e-05,0.0190384,0.266578,10437,0.917234,0.260115,-0.6,0.15,1,763.362,1.33816e+07,nan,nan,nan,nan,nan,nan,nan,nan,nan,nan,nan,nan,nan,nan,nan,nan,nan,nan,nan,nan
1090,nan,nan,0.0204032,0,0,0.076256,0.55299,0.00456455,-0.012994,1.67698,7.59375e-05,0.0160994,0.2666,9826.56,0.973217,0.277272,-0.6,0.15,1,764.614,1.33939e+07,nan,nan,nan,nan,nan,nan,nan,nan,nan,nan,nan,nan,nan,nan,nan,nan,nan,nan,nan,nan
1091,nan,nan,0.0245415,0,0,0.0409909,0.300048,0.00211425,-0.0115174,1.67685,3.375e-05,0.0130264,0.266592,9860.76,0.98925,0.256902,-0.6,0.15,1,765.861,1.34062e+07,nan,nan,nan,nan,nan,nan,nan,nan,nan,nan,nan,nan,nan,nan,nan,nan,nan,nan,nan,nan
1092,nan,nan,0.0262279,0,0,0.0201066,0.163598,0.00116396,-0.00697389,1.67683,0.000113906,0.0128216,0.266595,10138.8,0.949007,0.26297,-0.6,0.15,1,767.074,1.34185e+07,nan,nan,nan,nan,nan,nan,nan,nan,nan,nan,nan,nan,nan,nan,nan,nan,nan,nan,nan,nan
1093,nan,nan,0.026802,0,0,0.014475,0.127321,0.000712289,-0.0063576,1.6772,5.0625e-05,0.00881844,0.266607,9979.41,0.943948,0.287387,-0.6,0.15,1,768.307,1.34308e+07,nan,nan,nan,nan,nan,nan,nan,nan,nan,nan,nan,nan,nan,nan,nan,nan,nan,nan,nan,nan
1094,nan,nan,0.0270576,0,0,0.0129369,0.121722,0.00054845,-0.00349196,1.67734,0.000113906,0.0109935,0.266598,9487.4,1.00651,0.288687,-0.6,0.15,1,769.603,1.34431e+07,nan,nan,nan,nan,nan,nan,nan,nan,nan,nan,nan,nan,nan,nan,nan,nan,nan,nan,nan,nan
1095,nan,nan,0.0271774,0,0,0.0127948,0.120383,0.000526666,-0.00255768,1.67343,0.000113906,0.0179696,0.266484,10212.3,0.949874,0.253379,-0.6,0.15,1,770.808,1.34554e+07,nan,nan,nan,nan,nan,nan,nan,nan,nan,nan,nan,nan,nan,nan,nan,nan,nan,nan,nan,nan
1096,nan,nan,0.0271072,0,0,0.0120697,0.115996,0.000425335,-0.00476308,1.66769,0.000113906,0.0143994,0.266443,10415.3,0.923206,0.256597,-0.6,0.15,1,771.989,1.34676e+07,nan,nan,nan,nan,nan,nan,nan,nan,nan,nan,nan,nan,nan,nan,nan,nan,nan,nan,nan,nan
1097,nan,nan,0.0270333,0,0,0.011243,0.108073,0.000336092,-0.00352369,1.66363,0.000113906,0.0124556,0.266362,10399.2,0.927232,0.254395,-0.6,0.15,1,773.171,1.34799e+07,nan,nan,nan,nan,nan,nan,nan,nan,nan,nan,nan,nan,nan,nan,nan,nan,nan,nan,nan,nan
1098,nan,nan,0.0268132,0,0,0.0107375,0.0996017,0.000451387,-0.00334279,1.65882,7.59375e-05,0.0129877,0.266319,9692.07,0.990706,0.277135,-0.6,0.15,1,774.44,1.34922e+07,nan,nan,nan,nan,nan,nan,nan,nan,nan,nan,nan,nan,nan,nan,nan,nan,nan,nan,nan,nan
1099,nan,nan,0.026801,0,0,0.0107416,0.0980632,0.000339563,-0.0047168,1.65712,5.0625e-05,0.0110414,0.26628,10282.9,0.931929,0.26307,-0.6,0.15,1,775.637,1.35045e+07,nan,nan,nan,nan,nan,nan,nan,nan,nan,nan,nan,nan,nan,nan,nan,nan,nan,nan,nan,nan
1100,7.19038,300,0.0265049,21.3333,0,0.0105138,0.0942424,0.00164592,-0.00518743,1.65375,1e-05,0.0144673,0.26625,6868.37,1.50805,0.281024,-0.6,0.15,1,777.427,1.35168e+07,0,0,1.09071,0.000741203,-0.0725459,nan,0,nan,nan,nan,nan,0,nan,0,nan,-0.00641444,-0.0822201,-0.119021,nan,nan
1101,nan,nan,0.00388232,0,0,0.233674,1.05419,0.0271215,-0.0116248,1.65491,5.0625e-05,0.0162845,0.266304,10039.7,0.966447,0.257489,-0.6,0.15,1,778.655,1.35291e+07,nan,nan,nan,nan,nan,nan,nan,nan,nan,nan,nan,nan,nan,nan,nan,nan,nan,nan,nan,nan
1102,nan,nan,0.01722,0,0,0.133371,0.778428,0.0110294,-0.013254,1.66067,1e-05,0.0186288,0.266387,9883.54,0.983494,0.259785,-0.6,0.15,1,779.899,1.35414e+07,nan,nan,nan,nan,nan,nan,nan,nan,nan,nan,nan,nan,nan,nan,nan,nan,nan,nan,nan,nan
1103,nan,nan,0.0231679,0,0,0.0540821,0.3783,0.00328435,-0.00871959,1.66516,3.375e-05,0.0114398,0.266461,10449.6,0.922948,0.252984,-0.6,0.15,1,781.076,1.35537e+07,nan,nan,nan,nan,nan,nan,nan,nan,nan,nan,nan,nan,nan,nan,nan,nan,nan,nan,nan,nan
1104,nan,nan,0.0259437,0,0,0.0248317,0.194571,0.000948438,-0.007898,1.66854,3.375e-05,0.01101,0.266494,10020.4,0.96465,0.261644,-0.6,0.15,1,782.304,1.3566e+07,nan,nan,nan,nan,nan,nan,nan,nan,nan,nan,nan,nan,nan,nan,nan,nan,nan,nan,nan,nan
1105,nan,nan,0.0269626,0,0,0.0159488,0.135648,0.000507807,-0.00799913,1.66963,0.000113906,0.0110385,0.266495,10379.8,0.931318,0.252524,-0.6,0.15,1,783.489,1.35782e+07,nan,nan,nan,nan,nan,nan,nan,nan,nan,nan,nan,nan,nan,nan,nan,nan,nan,nan,nan,nan
1106,nan,nan,0.027457,0,0,0.0131236,0.118048,0.000246853,-0.0062339,1.66845,0.000113906,0.0147069,0.266472,10327.6,0.928245,0.261581,-0.6,0.15,1,784.68,1.35905e+07,nan,nan,nan,nan,nan,nan,nan,nan,nan,nan,nan,nan,nan,nan,nan,nan,nan,nan,nan,nan
1107,nan,nan,0.027608,0,0,0.0125261,0.115324,0.000240625,-0.00670674,1.66619,0.000113906,0.0123706,0.266424,10245.3,0.946779,0.252605,-0.6,0.15,1,785.88,1.36028e+07,nan,nan,nan,nan,nan,nan,nan,nan,nan,nan,nan,nan,nan,nan,nan,nan,nan,nan,nan,nan
1108,nan,nan,0.0274382,0,0,0.0122476,0.113849,0.000623094,-0.00333487,1.66427,3.375e-05,0.012979,0.266427,10209.8,0.937721,0.265832,-0.6,0.15,1,787.085,1.36151e+07,nan,nan,nan,nan,nan,nan,nan,nan,nan,nan,nan,nan,nan,nan,nan,nan,nan,nan,nan,nan
1109,nan,nan,0.0270893,0,0,0.0118665,0.110162,0.00157927,-0.00540924,1.66604,1e-05,0.0158957,0.266446,10327.9,0.933309,0.256479,-0.6,0.15,1,788.276,1.36274e+07,nan,nan,nan,nan,nan,nan,nan,nan,nan,nan,nan,nan,nan,nan,nan,nan,nan,nan,nan,nan
1110,nan,nan,0.0262414,0,0,0.0113778,0.103517,0.00456397,-0.00423771,1.66692,1.5e-05,0.0117541,0.266459,10049.8,0.968778,0.253937,-0.6,0.15,1,789.5,1.36397e+07,nan,nan,nan,nan,nan,nan,nan,nan,nan,nan,nan,nan,nan,nan,nan,nan,nan,nan,nan,nan
1111,nan,nan,0.0262223,0,0,0.0111716,0.0994666,0.00342156,-0.00361528,1.66803,1e-05,0.0143169,0.266475,9940.04,0.979847,0.256365,-0.6,0.15,1,790.737,1.3652e+07,nan,nan,nan,nan,nan,nan,nan,nan,nan,nan,nan,nan,nan,nan,nan,nan,nan,nan,nan,nan
1112,nan,nan,0.0265438,0,0,0.0109067,0.0958598,0.00127813,-0.00426746,1.6689,1e-05,0.0157448,0.266485,10112.5,0.957815,0.257318,-0.6,0.15,1,791.953,1.36643e+07,nan,nan,nan,nan,nan,nan,nan,nan,nan,nan,nan,nan,nan,nan,nan,nan,nan,nan,nan,nan
1113,7.17685,300,0.0113741,21.3333,0,0.0927636,0.487349,0.00992992,-0.0108592,1.66916,1e-05,0.0190131,0.266487,7392.51,1.40961,0.252616,-0.6,0.15,1,793.617,1.36765e+07,0,0,1.10829,0.00070692,-0.0727738,nan,0,nan,nan,nan,nan,0,nan,0,nan,-0.00656994,-0.0818555,-0.11832,nan,nan
1114,nan,nan,0.0168038,0,0,0.22001,1.01754,0.0118813,-0.0125059,1.66925,1.5e-05,0.0154329,0.266487,10450.4,0.919312,0.256527,-0.6,0.15,1,794.794,1.36888e+07,nan,nan,nan,nan,nan,nan,nan,nan,nan,nan,nan,nan,nan,nan,nan,nan,nan,nan,nan,nan
1115,nan,nan,0.0220702,0,0,0.0682044,0.502081,0.00307347,-0.00961528,1.66922,7.59375e-05,0.0150821,0.266495,9875.19,0.990616,0.253714,-0.6,0.15,1,796.039,1.37011e+07,nan,nan,nan,nan,nan,nan,nan,nan,nan,nan,nan,nan,nan,nan,nan,nan,nan,nan,nan,nan
1116,nan,nan,0.0255773,0,0,0.034107,0.252592,0.00124366,-0.00915236,1.66892,3.375e-05,0.01557,0.266476,10199.7,0.950762,0.253975,-0.6,0.15,1,797.245,1.37134e+07,nan,nan,nan,nan,nan,nan,nan,nan,nan,nan,nan,nan,nan,nan,nan,nan,nan,nan,nan,nan
1117,nan,nan,0.0267265,0,0,0.0175195,0.151411,0.000449417,-0.00656145,1.66728,0.000113906,0.0118834,0.266436,10166.9,0.95721,0.251419,-0.6,0.15,1,798.458,1.37257e+07,nan,nan,nan,nan,nan,nan,nan,nan,nan,nan,nan,nan,nan,nan,nan,nan,nan,nan,nan,nan
1118,nan,nan,0.0273017,0,0,0.0140266,0.120815,0.000267226,-0.00346346,1.66207,0.000113906,0.0137533,0.266337,9732.03,0.979774,0.282861,-0.6,0.15,1,799.721,1.3738e+07,nan,nan,nan,nan,nan,nan,nan,nan,nan,nan,nan,nan,nan,nan,nan,nan,nan,nan,nan,nan
1119,nan,nan,0.0274465,0,0,0.0128237,0.115173,0.000351839,-0.00554899,1.65682,0.000113906,0.0153757,0.266267,9247.92,1.05173,0.276998,-0.6,0.15,1,801.051,1.37503e+07,nan,nan,nan,nan,nan,nan,nan,nan,nan,nan,nan,nan,nan,nan,nan,nan,nan,nan,nan,nan
1120,nan,nan,0.0274899,0,0,0.012419,0.114368,0.000296757,-0.00359369,1.65478,7.59375e-05,0.0130807,0.266268,10249,0.942746,0.2562,-0.6,0.15,1,802.254,1.37626e+07,nan,nan,nan,nan,nan,nan,nan,nan,nan,nan,nan,nan,nan,nan,nan,nan,nan,nan,nan,nan
1121,nan,nan,0.02758,0,0,0.0121532,0.112071,0.000306631,-0.00771642,1.65523,0.000170859,0.0186631,0.266256,10262.6,0.939785,0.257567,-0.6,0.15,1,803.453,1.37748e+07,nan,nan,nan,nan,nan,nan,nan,nan,nan,nan,nan,nan,nan,nan,nan,nan,nan,nan,nan,nan
1122,nan,nan,0.0273965,0,0,0.0118728,0.109529,0.000682695,-0.00492867,1.65514,7.59375e-05,0.0138613,0.266265,9864.86,0.996642,0.248991,-0.6,0.15,1,804.699,1.37871e+07,nan,nan,nan,nan,nan,nan,nan,nan,nan,nan,nan,nan,nan,nan,nan,nan,nan,nan,nan,nan
1123,nan,nan,0.027246,0,0,0.0115342,0.103588,0.00128915,-0.00385895,1.6564,1e-05,0.015213,0.266281,10422.5,0.926603,0.252388,-0.6,0.15,1,805.879,1.37994e+07,nan,nan,nan,nan,nan,nan,nan,nan,nan,nan,nan,nan,nan,nan,nan,nan,nan,nan,nan,nan
1124,nan,nan,0.0270382,0,0,0.0109808,0.0983172,0.00178309,-0.00286096,1.65741,1e-05,0.0127615,0.266297,10434.9,0.92603,0.251555,-0.6,0.15,1,807.058,1.38117e+07,nan,nan,nan,nan,nan,nan,nan,nan,nan,nan,nan,nan,nan,nan,nan,nan,nan,nan,nan,nan
1125,7.38778,300,0.0270323,21.3333,0,0.011049,0.0987637,0.00166143,-0.00443466,1.65846,5.0625e-05,0.0164363,0.266319,7329.7,1.42518,0.251292,-0.6,0.15,1,808.736,1.3824e+07,0,0,1.13179,0.000596789,-0.0701117,nan,0,nan,nan,nan,nan,0,nan,0,nan,-0.00631668,-0.0680697,-0.117321,nan,nan
1126,nan,nan,0.0044441,0,0,0.214937,1.01551,0.02969,-0.0113434,1.66059,1e-05,0.0190649,0.266348,10462.8,0.917356,0.257096,-0.6,0.15,1,809.912,1.38363e+07,nan,nan,nan,nan,nan,nan,nan,nan,nan,nan,nan,nan,nan,nan,nan,nan,nan,nan,nan,nan
1127,nan,nan,0.017461,0,0,0.139348,0.748521,0.00874551,-0.0118812,1.66253,2.25e-05,0.0166213,0.266389,10303.5,0.938972,0.253633,-0.6,0.15,1,811.105,1.38486e+07,nan,nan,nan,nan,nan,nan,nan,nan,nan,nan,nan,nan,nan,nan,nan,nan,nan,nan,nan,nan
1128,nan,nan,0.0223069,0,0,0.0581302,0.404208,0.00257299,-0.00956334,1.66546,7.59375e-05,0.02049,0.266445,10455.3,0.914305,0.260986,-0.6,0.15,1,812.282,1.38609e+07,nan,nan,nan,nan,nan,nan,nan,nan,nan,nan,nan,nan,nan,nan,nan,nan,nan,nan,nan,nan
1129,nan,nan,0.0250802,0,0,0.0252936,0.202522,0.000792252,-0.00846245,1.66858,7.59375e-05,0.0122615,0.266474,10530,0.915507,0.251442,-0.6,0.15,1,813.45,1.38732e+07,nan,nan,nan,nan,nan,nan,nan,nan,nan,nan,nan,nan,nan,nan,nan,nan,nan,nan,nan,nan
1130,nan,nan,0.0261048,0,0,0.0154,0.13264,0.00034753,-0.00439165,1.67011,0.000113906,0.00959133,0.266492,10212.1,0.949617,0.253662,-0.6,0.15,1,814.654,1.38854e+07,nan,nan,nan,nan,nan,nan,nan,nan,nan,nan,nan,nan,nan,nan,nan,nan,nan,nan,nan,nan
1131,nan,nan,0.0265539,0,0,0.0129256,0.120317,0.00025074,-0.00479504,1.67042,5.0625e-05,0.0125863,0.266483,10458.7,0.923288,0.251615,-0.6,0.15,1,815.83,1.38977e+07,nan,nan,nan,nan,nan,nan,nan,nan,nan,nan,nan,nan,nan,nan,nan,nan,nan,nan,nan,nan
1132,nan,nan,0.0267327,0,0,0.0121638,0.115882,0.000200991,-0.00624878,1.66889,0.000113906,0.0157853,0.26644,10539.7,0.916974,0.248906,-0.6,0.15,1,816.997,1.391e+07,nan,nan,nan,nan,nan,nan,nan,nan,nan,nan,nan,nan,nan,nan,nan,nan,nan,nan,nan,nan
1133,nan,nan,0.0266319,0,0,0.0116915,0.109225,0.000246126,-0.00445955,1.66631,1e-05,0.0187053,0.266419,10448.7,0.926316,0.249718,-0.6,0.15,1,818.174,1.39223e+07,nan,nan,nan,nan,nan,nan,nan,nan,nan,nan,nan,nan,nan,nan,nan,nan,nan,nan,nan,nan
1134,nan,nan,0.0266607,0,0,0.0113032,0.105657,0.000291441,-0.00654827,1.6653,7.59375e-05,0.0148432,0.266382,9888.66,0.966437,0.276198,-0.6,0.15,1,819.418,1.39346e+07,nan,nan,nan,nan,nan,nan,nan,nan,nan,nan,nan,nan,nan,nan,nan,nan,nan,nan,nan,nan
1135,nan,nan,0.0262656,0,0,0.0108926,0.101096,0.0019639,-0.00402524,1.66333,2.25e-05,0.00925307,0.266383,10356.6,0.930881,0.25561,-0.6,0.15,1,820.606,1.39469e+07,nan,nan,nan,nan,nan,nan,nan,nan,nan,nan,nan,nan,nan,nan,nan,nan,nan,nan,nan,nan
1136,nan,nan,0.0246362,0,0,0.0108125,0.0995919,0.00811939,-0.00598653,1.66511,1e-05,0.01416,0.26641,10391.1,0.93136,0.251186,-0.6,0.15,1,821.79,1.39592e+07,nan,nan,nan,nan,nan,nan,nan,nan,nan,nan,nan,nan,nan,nan,nan,nan,nan,nan,nan,nan
1137,nan,nan,0.0248857,0,0,0.0111902,0.100626,0.00434538,-0.00549566,1.66631,3.375e-05,0.015441,0.266426,10384.3,0.932468,0.250858,-0.6,0.15,1,822.974,1.39715e+07,nan,nan,nan,nan,nan,nan,nan,nan,nan,nan,nan,nan,nan,nan,nan,nan,nan,nan,nan,nan
1138,6.97101,300,0.0102262,21.3333,0,0.089256,0.502673,0.0223799,-0.00732465,1.66712,1e-05,0.0172522,0.266436,7247.88,1.43089,0.264499,-0.6,0.15,1,824.671,1.39837e+07,0,0,1.11019,0.000636838,-0.0735921,nan,0,nan,nan,nan,nan,0,nan,0,nan,-0.00700828,-0.0993848,-0.126317,nan,nan
1139,nan,nan,0.015698,0,0,0.210621,0.992276,0.0163374,-0.0113577,1.66775,5.0625e-05,0.0168436,0.266457,9849.31,0.929038,0.318562,-0.6,0.15,1,825.92,1.3996e+07,nan,nan,nan,nan,nan,nan,nan,nan,nan,nan,nan,nan,nan,nan,nan,nan,nan,nan,nan,nan
1140,nan,nan,0.0213963,0,0,0.07363,0.514552,0.00447389,-0.0093235,1.67002,1e-05,0.017552,0.266491,7440.32,1.3451,0.30644,-0.6,0.15,1,827.573,1.40083e+07,nan,nan,nan,nan,nan,nan,nan,nan,nan,nan,nan,nan,nan,nan,nan,nan,nan,nan,nan,nan
1141,nan,nan,0.025105,0,0,0.0367201,0.253816,0.00218709,-0.00827764,1.67129,7.59375e-05,0.0193587,0.266525,9123.91,1.08187,0.264921,-0.6,0.15,1,828.921,1.40206e+07,nan,nan,nan,nan,nan,nan,nan,nan,nan,nan,nan,nan,nan,nan,nan,nan,nan,nan,nan,nan
1142,nan,nan,0.0263798,0,0,0.019113,0.151868,0.0007966,-0.00462928,1.6739,0.000113906,0.0132502,0.266556,8556.45,1.16003,0.276078,-0.6,0.15,1,830.358,1.40329e+07,nan,nan,nan,nan,nan,nan,nan,nan,nan,nan,nan,nan,nan,nan,nan,nan,nan,nan,nan,nan
1143,nan,nan,0.026857,0,0,0.0142271,0.125631,0.000674272,-0.00562923,1.6753,0.000113906,0.0172977,0.266575,10133.2,0.948999,0.263647,-0.6,0.15,1,831.572,1.40452e+07,nan,nan,nan,nan,nan,nan,nan,nan,nan,nan,nan,nan,nan,nan,nan,nan,nan,nan,nan,nan
1144,nan,nan,0.0269437,0,0,0.012539,0.115633,0.000506969,-0.00450529,1.67549,7.59375e-05,0.014663,0.266551,9415.36,1.01764,0.287462,-0.6,0.15,1,832.878,1.40575e+07,nan,nan,nan,nan,nan,nan,nan,nan,nan,nan,nan,nan,nan,nan,nan,nan,nan,nan,nan,nan
1145,nan,nan,0.0269518,0,0,0.0120483,0.113402,0.000395107,-0.00704422,1.67251,7.59375e-05,0.0125606,0.26651,9483.56,1.02465,0.271069,-0.6,0.15,1,834.175,1.40698e+07,nan,nan,nan,nan,nan,nan,nan,nan,nan,nan,nan,nan,nan,nan,nan,nan,nan,nan,nan,nan
1146,nan,nan,0.0269043,0,0,0.0116532,0.105736,0.000559851,-0.00563408,1.6709,0.000170859,0.0180317,0.266485,9340.82,1.03376,0.281758,-0.6,0.15,1,835.492,1.4082e+07,nan,nan,nan,nan,nan,nan,nan,nan,nan,nan,nan,nan,nan,nan,nan,nan,nan,nan,nan,nan
1147,nan,nan,0.027022,0,0,0.0114714,0.105345,0.000581759,-0.00613913,1.66957,0.000113906,0.0148612,0.266472,9528.28,1.02382,0.265816,-0.6,0.15,1,836.783,1.40943e+07,nan,nan,nan,nan,nan,nan,nan,nan,nan,nan,nan,nan,nan,nan,nan,nan,nan,nan,nan,nan
1148,nan,nan,0.0270198,0,0,0.0113837,0.105708,0.000833099,-0.00515133,1.66925,3.375e-05,0.00982686,0.266485,9344.94,1.033,0.28194,-0.6,0.15,1,838.099,1.41066e+07,nan,nan,nan,nan,nan,nan,nan,nan,nan,nan,nan,nan,nan,nan,nan,nan,nan,nan,nan,nan
1149,nan,nan,0.0267088,0,0,0.0110939,0.101692,0.00168725,-0.00476534,1.67016,3.375e-05,0.0142763,0.266477,9162.4,1.06225,0.278884,-0.6,0.15,1,839.441,1.41189e+07,nan,nan,nan,nan,nan,nan,nan,nan,nan,nan,nan,nan,nan,nan,nan,nan,nan,nan,nan,nan
1150,7.22155,300,0.0263802,21.3333,0,0.0110307,0.098296,0.00230019,-0.0032103,1.66917,1e-05,0.0108623,0.266473,6874.33,1.47493,0.312587,-0.6,0.15,1,841.23,1.41312e+07,0,0,1.13188,0.000547054,-0.0716918,nan,0,nan,nan,nan,nan,0,nan,0,nan,-0.00657666,-0.0889486,-0.124692,nan,nan
1151,nan,nan,0.00676872,0,0,0.226791,1.04648,0.0305559,-0.012939,1.67042,1.5e-05,0.0198941,0.266507,9693.74,1.00591,0.261713,-0.6,0.15,1,842.499,1.41435e+07,nan,nan,nan,nan,nan,nan,nan,nan,nan,nan,nan,nan,nan,nan,nan,nan,nan,nan,nan,nan
1152,nan,nan,0.0168015,0,0,0.141971,0.815017,0.00892352,-0.0130484,1.67243,3.375e-05,0.0153548,0.266527,10281.7,0.934308,0.260826,-0.6,0.15,1,843.695,1.41558e+07,nan,nan,nan,nan,nan,nan,nan,nan,nan,nan,nan,nan,nan,nan,nan,nan,nan,nan,nan,nan
1153,nan,nan,0.0233815,0,0,0.0575363,0.396341,0.00310874,-0.00849133,1.6728,2.25e-05,0.0155992,0.266524,9828.79,0.986696,0.263509,-0.6,0.15,1,844.946,1.41681e+07,nan,nan,nan,nan,nan,nan,nan,nan,nan,nan,nan,nan,nan,nan,nan,nan,nan,nan,nan,nan
1154,nan,nan,0.0260157,0,0,0.0226971,0.188057,0.00083078,-0.0098695,1.67272,7.59375e-05,0.0132772,0.266527,10305.9,0.93408,0.258245,-0.6,0.15,1,846.14,1.41804e+07,nan,nan,nan,nan,nan,nan,nan,nan,nan,nan,nan,nan,nan,nan,nan,nan,nan,nan,nan,nan
1155,nan,nan,0.0266743,0,0,0.0141872,0.131342,0.000593903,-0.00626854,1.67311,7.59375e-05,0.015203,0.266538,10289,0.937225,0.257062,-0.6,0.15,1,847.335,1.41926e+07,nan,nan,nan,nan,nan,nan,nan,nan,nan,nan,nan,nan,nan,nan,nan,nan,nan,nan,nan,nan
1156,nan,nan,0.0266297,0,0,0.0125836,0.120346,0.000547954,-0.00673744,1.67349,2.25e-05,0.0088752,0.266539,10296.2,0.93346,0.259991,-0.6,0.15,1,848.53,1.42049e+07,nan,nan,nan,nan,nan,nan,nan,nan,nan,nan,nan,nan,nan,nan,nan,nan,nan,nan,nan,nan
1157,nan,nan,0.026592,0,0,0.0116014,0.111198,0.000270925,-0.00638963,1.67221,0.000113906,0.0191832,0.266493,9661.4,1.00785,0.264018,-0.6,0.15,1,849.803,1.42172e+07,nan,nan,nan,nan,nan,nan,nan,nan,nan,nan,nan,nan,nan,nan,nan,nan,nan,nan,nan,nan
1158,nan,nan,0.0266222,0,0,0.0110325,0.106603,0.000208532,-0.00523753,1.66878,7.59375e-05,0.00940005,0.26646,10237.1,0.942479,0.257857,-0.6,0.15,1,851.005,1.42295e+07,nan,nan,nan,nan,nan,nan,nan,nan,nan,nan,nan,nan,nan,nan,nan,nan,nan,nan,nan,nan
1159,nan,nan,0.0265916,0,0,0.0105003,0.100108,0.000169596,-0.00526052,1.66459,0.000113906,0.0167928,0.266359,10321.5,0.93399,0.256538,-0.6,0.15,1,852.196,1.42418e+07,nan,nan,nan,nan,nan,nan,nan,nan,nan,nan,nan,nan,nan,nan,nan,nan,nan,nan,nan,nan
1160,nan,nan,0.0264766,0,0,0.0100825,0.0957302,0.00063928,-0.00474234,1.65857,5.0625e-05,0.00877589,0.266312,10312.3,0.933947,0.257637,-0.6,0.15,1,853.389,1.42541e+07,nan,nan,nan,nan,nan,nan,nan,nan,nan,nan,nan,nan,nan,nan,nan,nan,nan,nan,nan,nan
1161,nan,nan,0.0257784,0,0,0.0101821,0.0961532,0.00278532,-0.00350018,1.65704,0.000113906,0.0138162,0.266296,10014.3,0.963036,0.264005,-0.6,0.15,1,854.617,1.42664e+07,nan,nan,nan,nan,nan,nan,nan,nan,nan,nan,nan,nan,nan,nan,nan,nan,nan,nan,nan,nan
1162,nan,nan,0.0254231,0,0,0.0103183,0.0963217,0.00287469,-0.00241607,1.65792,1e-05,0.0154467,0.266319,9888.96,0.983964,0.258634,-0.6,0.15,1,855.861,1.42787e+07,nan,nan,nan,nan,nan,nan,nan,nan,nan,nan,nan,nan,nan,nan,nan,nan,nan,nan,nan,nan
1163,7.1177,300,0.0120485,21.3333,0,0.0931538,0.501294,0.00932378,-0.012831,1.65938,1e-05,0.0207891,0.266341,7336.43,1.41697,0.257959,-0.6,0.15,1,857.537,1.42909e+07,0,0,1.11659,0.000857599,-0.0730182,nan,0,nan,nan,nan,nan,0,nan,0,nan,-0.00687781,-0.083278,-0.139988,nan,nan
1164,nan,nan,0.0167337,0,0,0.232956,1.07854,0.0127207,-0.0134536,1.66056,1e-05,0.0194187,0.26636,10204.2,0.936053,0.268154,-0.6,0.15,1,858.742,1.43032e+07,nan,nan,nan,nan,nan,nan,nan,nan,nan,nan,nan,nan,nan,nan,nan,nan,nan,nan,nan,nan
1165,nan,nan,0.0219269,0,0,0.0843334,0.556675,0.00360315,-0.0129634,1.66236,2.25e-05,0.0142688,0.266396,9827.95,0.99225,0.258062,-0.6,0.15,1,859.994,1.43155e+07,nan,nan,nan,nan,nan,nan,nan,nan,nan,nan,nan,nan,nan,nan,nan,nan,nan,nan,nan,nan
1166,nan,nan,0.0262734,0,0,0.0344742,0.239671,0.000872871,-0.0120003,1.6643,5.0625e-05,0.0119295,0.266415,10294.3,0.935567,0.258101,-0.6,0.15,1,861.189,1.43278e+07,nan,nan,nan,nan,nan,nan,nan,nan,nan,nan,nan,nan,nan,nan,nan,nan,nan,nan,nan,nan
1167,nan,nan,0.0272348,0,0,0.0159076,0.134482,0.000453093,-0.00749164,1.66525,0.000113906,0.014886,0.266425,10445.8,0.922939,0.253418,-0.6,0.15,1,862.366,1.43401e+07,nan,nan,nan,nan,nan,nan,nan,nan,nan,nan,nan,nan,nan,nan,nan,nan,nan,nan,nan,nan
1168,nan,nan,0.0273976,0,0,0.0120645,0.11359,0.000242135,-0.00665879,1.6674,0.000113906,0.0114342,0.266465,10357.3,0.929152,0.257252,-0.6,0.15,1,863.554,1.43524e+07,nan,nan,nan,nan,nan,nan,nan,nan,nan,nan,nan,nan,nan,nan,nan,nan,nan,nan,nan,nan
1169,nan,nan,0.0273868,0,0,0.0111783,0.103352,0.000186718,-0.00656876,1.667,0.000113906,0.017386,0.266412,10137.6,0.954479,0.257642,-0.6,0.15,1,864.767,1.43647e+07,nan,nan,nan,nan,nan,nan,nan,nan,nan,nan,nan,nan,nan,nan,nan,nan,nan,nan,nan,nan
1170,nan,nan,0.027456,0,0,0.010387,0.0969768,0.000149245,-0.00698251,1.66434,5.0625e-05,0.0104223,0.266403,10283.5,0.94356,0.25136,-0.6,0.15,1,865.963,1.4377e+07,nan,nan,nan,nan,nan,nan,nan,nan,nan,nan,nan,nan,nan,nan,nan,nan,nan,nan,nan,nan
1171,nan,nan,0.0274013,0,0,0.0103093,0.0991988,0.000440231,-0.00501614,1.66398,1.5e-05,0.00947488,0.266389,10154.3,0.935688,0.274444,-0.6,0.15,1,867.174,1.43892e+07,nan,nan,nan,nan,nan,nan,nan,nan,nan,nan,nan,nan,nan,nan,nan,nan,nan,nan,nan,nan
1172,nan,nan,0.0273509,0,0,0.0102915,0.0979691,0.000911852,-0.00359039,1.66269,1e-05,0.0110345,0.266372,10470.7,0.921992,0.251568,-0.6,0.15,1,868.349,1.44015e+07,nan,nan,nan,nan,nan,nan,nan,nan,nan,nan,nan,nan,nan,nan,nan,nan,nan,nan,nan,nan
1173,nan,nan,0.0265147,0,0,0.0102572,0.0967518,0.00375038,-0.00275372,1.66267,1e-05,0.0167176,0.266382,10188.5,0.946348,0.259717,-0.6,0.15,1,869.556,1.44138e+07,nan,nan,nan,nan,nan,nan,nan,nan,nan,nan,nan,nan,nan,nan,nan,nan,nan,nan,nan,nan
1174,nan,nan,0.0263164,0,0,0.0104828,0.0975415,0.00395098,-0.00309458,1.66401,1e-05,0.0168029,0.266406,10395.1,0.924109,0.257989,-0.6,0.15,1,870.739,1.44261e+07,nan,nan,nan,nan,nan,nan,nan,nan,nan,nan,nan,nan,nan,nan,nan,nan,nan,nan,nan,nan
1175,7.39671,300,0.0269708,21.3333,0,0.0104847,0.098465,0.00130434,-0.00301368,1.66512,1e-05,0.0127449,0.266417,7151.82,1.46317,0.254992,-0.6,0.15,1,872.459,1.44384e+07,0,0,1.14012,0.000720358,-0.0739626,nan,0,nan,nan,nan,nan,0,nan,0,nan,-0.00639038,-0.055026,-0.142519,nan,nan
1176,nan,nan,0.00749891,0,0,0.23274,1.07808,0.0217756,-0.0125834,1.66605,1e-05,0.0173357,0.266436,10482.9,0.919139,0.253058,-0.6,0.15,1,873.632,1.44507e+07,nan,nan,nan,nan,nan,nan,nan,nan,nan,nan,nan,nan,nan,nan,nan,nan,nan,nan,nan,nan
1177,nan,nan,0.019548,0,0,0.139524,0.760186,0.00979931,-0.0106341,1.66751,7.59375e-05,0.0166642,0.266459,10308.1,0.935327,0.256741,-0.6,0.15,1,874.825,1.4463e+07,nan,nan,nan,nan,nan,nan,nan,nan,nan,nan,nan,nan,nan,nan,nan,nan,nan,nan,nan,nan
1178,nan,nan,0.0244047,0,0,0.0576744,0.390711,0.00232097,-0.00957391,1.66911,7.59375e-05,0.012371,0.26648,10417.4,0.917143,0.262418,-0.6,0.15,1,876.006,1.44753e+07,nan,nan,nan,nan,nan,nan,nan,nan,nan,nan,nan,nan,nan,nan,nan,nan,nan,nan,nan,nan
1179,nan,nan,0.0260225,0,0,0.0249704,0.19448,0.000595644,-0.00827533,1.66819,0.000113906,0.0132936,0.266423,10428.8,0.927769,0.250503,-0.6,0.15,1,877.185,1.44876e+07,nan,nan,nan,nan,nan,nan,nan,nan,nan,nan,nan,nan,nan,nan,nan,nan,nan,nan,nan,nan
1180,nan,nan,0.0268328,0,0,0.0157745,0.1368,0.000340096,-0.00512465,1.66431,7.59375e-05,0.0106322,0.26638,10367.5,0.928927,0.256313,-0.6,0.15,1,878.372,1.44998e+07,nan,nan,nan,nan,nan,nan,nan,nan,nan,nan,nan,nan,nan,nan,nan,nan,nan,nan,nan,nan
1181,nan,nan,0.0270175,0,0,0.0124478,0.112116,0.000209397,-0.00467849,1.66099,7.59375e-05,0.0106641,0.266313,10228.9,0.940527,0.260774,-0.6,0.15,1,879.574,1.45121e+07,nan,nan,nan,nan,nan,nan,nan,nan,nan,nan,nan,nan,nan,nan,nan,nan,nan,nan,nan,nan
1182,nan,nan,0.027133,0,0,0.0116157,0.10574,0.000218209,-0.0035481,1.6569,5.0625e-05,0.00985073,0.266271,10411.5,0.927866,0.252373,-0.6,0.15,1,880.756,1.45244e+07,nan,nan,nan,nan,nan,nan,nan,nan,nan,nan,nan,nan,nan,nan,nan,nan,nan,nan,nan,nan
1183,nan,nan,0.0272828,0,0,0.011116,0.103233,0.000276724,-0.00477732,1.65655,7.59375e-05,0.010407,0.266282,10240.5,0.947759,0.252182,-0.6,0.15,1,881.957,1.45367e+07,nan,nan,nan,nan,nan,nan,nan,nan,nan,nan,nan,nan,nan,nan,nan,nan,nan,nan,nan,nan
1184,nan,nan,0.0273771,0,0,0.0108811,0.102201,0.000443318,-0.00449857,1.65647,7.59375e-05,0.0112251,0.266266,10499.1,0.920913,0.249468,-0.6,0.15,1,883.128,1.4549e+07,nan,nan,nan,nan,nan,nan,nan,nan,nan,nan,nan,nan,nan,nan,nan,nan,nan,nan,nan,nan
1185,nan,nan,0.0272914,0,0,0.0106173,0.0994511,0.00118701,-0.00616083,1.65596,1e-05,0.0142133,0.26627,10363,0.920955,0.264801,-0.6,0.15,1,884.315,1.45613e+07,nan,nan,nan,nan,nan,nan,nan,nan,nan,nan,nan,nan,nan,nan,nan,nan,nan,nan,nan,nan
1186,nan,nan,0.0266739,0,0,0.011019,0.0996028,0.00282893,-0.00398995,1.65702,2.25e-05,0.0142325,0.266292,10334.3,0.935718,0.253332,-0.6,0.15,1,885.505,1.45736e+07,nan,nan,nan,nan,nan,nan,nan,nan,nan,nan,nan,nan,nan,nan,nan,nan,nan,nan,nan,nan
1187,nan,nan,0.0264685,0,0,0.0111302,0.100478,0.00323897,-0.00406225,1.65863,1e-05,0.0129305,0.266315,10380.7,0.923831,0.259906,-0.6,0.15,1,886.69,1.45859e+07,nan,nan,nan,nan,nan,nan,nan,nan,nan,nan,nan,nan,nan,nan,nan,nan,nan,nan,nan,nan
1188,7.36846,300,0.0114306,21.3333,0,0.0948737,0.537112,0.0163291,-0.0105577,1.66018,1e-05,0.0236594,0.266338,7300.96,1.43089,0.25218,-0.6,0.15,1,888.374,1.45981e+07,0,0,1.13,0.0005626,-0.0736121,nan,0,nan,nan,nan,nan,0,nan,0,nan,-0.00695154,-0.0881999,-0.137382,nan,nan
1189,nan,nan,0.0145593,0,0,0.246978,1.08042,0.0168039,-0.0121423,1.66146,1e-05,0.0172009,0.266362,10396.1,0.928802,0.253177,-0.6,0.15,1,889.558,1.46104e+07,nan,nan,nan,nan,nan,nan,nan,nan,nan,nan,nan,nan,nan,nan,nan,nan,nan,nan,nan,nan
1190,nan,nan,0.0205163,0,0,0.0889795,0.585718,0.00497968,-0.0105382,1.66316,1e-05,0.0203559,0.266389,10414.1,0.92184,0.258101,-0.6,0.15,1,890.739,1.46227e+07,nan,nan,nan,nan,nan,nan,nan,nan,nan,nan,nan,nan,nan,nan,nan,nan,nan,nan,nan,nan
1191,nan,nan,0.0246005,0,0,0.0411493,0.280565,0.00140707,-0.00744295,1.66408,7.59375e-05,0.0129913,0.266387,10448.2,0.924919,0.251165,-0.6,0.15,1,891.916,1.4635e+07,nan,nan,nan,nan,nan,nan,nan,nan,nan,nan,nan,nan,nan,nan,nan,nan,nan,nan,nan,nan
1192,nan,nan,0.0258881,0,0,0.0181336,0.153031,0.000603592,-0.00768664,1.66395,7.59375e-05,0.00917942,0.266385,10319.1,0.932543,0.258262,-0.6,0.15,1,893.108,1.46473e+07,nan,nan,nan,nan,nan,nan,nan,nan,nan,nan,nan,nan,nan,nan,nan,nan,nan,nan,nan,nan
1193,nan,nan,0.0265904,0,0,0.0125831,0.114553,0.000261124,-0.00674419,1.66482,0.000113906,0.0126786,0.266408,10260.7,0.938906,0.258675,-0.6,0.15,1,894.307,1.46596e+07,nan,nan,nan,nan,nan,nan,nan,nan,nan,nan,nan,nan,nan,nan,nan,nan,nan,nan,nan,nan
1194,nan,nan,0.0265864,0,0,0.0119294,0.110142,0.000762084,-0.00399666,1.66482,7.59375e-05,0.0134227,0.266386,10280.4,0.939821,0.25546,-0.6,0.15,1,895.503,1.46719e+07,nan,nan,nan,nan,nan,nan,nan,nan,nan,nan,nan,nan,nan,nan,nan,nan,nan,nan,nan,nan
1195,nan,nan,0.0266801,0,0,0.0114028,0.105993,0.000286852,-0.00308339,1.66383,2.25e-05,0.0105276,0.266375,10224.6,0.932888,0.268917,-0.6,0.15,1,896.706,1.46842e+07,nan,nan,nan,nan,nan,nan,nan,nan,nan,nan,nan,nan,nan,nan,nan,nan,nan,nan,nan,nan
1196,nan,nan,0.0264161,0,0,0.010901,0.100846,0.00185459,-0.00344024,1.66334,1e-05,0.0120416,0.266372,10404.4,0.927391,0.253653,-0.6,0.15,1,897.888,1.46964e+07,nan,nan,nan,nan,nan,nan,nan,nan,nan,nan,nan,nan,nan,nan,nan,nan,nan,nan,nan,nan
1197,nan,nan,0.0255796,0,0,0.0108236,0.0988305,0.00399117,-0.00424171,1.66357,1.5e-05,0.0109431,0.266378,10306.5,0.928836,0.263418,-0.6,0.15,1,899.081,1.47087e+07,nan,nan,nan,nan,nan,nan,nan,nan,nan,nan,nan,nan,nan,nan,nan,nan,nan,nan,nan,nan
1198,nan,nan,0.0254098,0,0,0.0106442,0.0975027,0.00448135,-0.00543821,1.66381,1e-05,0.0167892,0.26638,10436.4,0.927391,0.250025,-0.6,0.15,1,900.26,1.4721e+07,nan,nan,nan,nan,nan,nan,nan,nan,nan,nan,nan,nan,nan,nan,nan,nan,nan,nan,nan,nan
1199,nan,nan,0.0257503,0,0,0.010998,0.0967335,0.00178412,-0.00396895,1.66404,1e-05,0.0158019,0.266386,10354.4,0.925407,0.261333,-0.6,0.15,1,901.448,1.47333e+07,nan,nan,nan,nan,nan,nan,nan,nan,nan,nan,nan,nan,nan,nan,nan,nan,nan,nan,nan,nan
1200,7.01133,300,0.025599,21.3333,0,0.0105738,0.0946362,0.00197563,-0.00434322,1.66457,1.5e-05,0.0108525,0.266398,7435.71,1.40216,0.250406,-0.6,0.15,1,903.101,1.47456e+07,0,0,1.12062,0.000649189,-0.0745803,nan,0,nan,nan,nan,nan,0,nan,0,nan,-0.0071881,-0.108125,-0.143517,nan,nan
1201,nan,nan,0.00592303,0,0,0.229008,1.08243,0.0308203,-0.0118149,1.66566,1e-05,0.0149548,0.266414,10404.5,0.929105,0.251927,-0.6,0.15,1,905.698,1.47579e+07,nan,nan,nan,nan,nan,nan,nan,nan,nan,nan,nan,nan,nan,nan,nan,nan,nan,nan,nan,nan
1202,nan,nan,0.0189784,0,0,0.143205,0.783764,0.00783101,-0.0129054,1.66632,5.0625e-05,0.0182116,0.266424,10450.6,0.923028,0.252789,-0.6,0.15,1,906.875,1.47702e+07,nan,nan,nan,nan,nan,nan,nan,nan,nan,nan,nan,nan,nan,nan,nan,nan,nan,nan,nan,nan
1203,nan,nan,0.0246986,0,0,0.057973,0.385731,0.0013421,-0.0134164,1.66712,5.0625e-05,0.0158378,0.266434,10565.7,0.910921,0.252082,-0.6,0.15,1,908.039,1.47825e+07,nan,nan,nan,nan,nan,nan,nan,nan,nan,nan,nan,nan,nan,nan,nan,nan,nan,nan,nan,nan
1204,nan,nan,0.026635,0,0,0.0222489,0.169701,0.00043744,-0.00958738,1.66577,0.000113906,0.0139243,0.266386,10430.5,0.918791,0.259289,-0.6,0.15,1,909.218,1.47948e+07,nan,nan,nan,nan,nan,nan,nan,nan,nan,nan,nan,nan,nan,nan,nan,nan,nan,nan,nan,nan
1205,nan,nan,0.0273516,0,0,0.0131252,0.115422,0.000202427,-0.00438744,1.66236,7.59375e-05,0.00922814,0.266335,10326.7,0.937494,0.252426,-0.6,0.15,1,910.409,1.4807e+07,nan,nan,nan,nan,nan,nan,nan,nan,nan,nan,nan,nan,nan,nan,nan,nan,nan,nan,nan,nan
1206,nan,nan,0.0274551,0,0,0.0114131,0.104594,0.000172738,-0.00474391,1.65821,7.59375e-05,0.0100498,0.266269,10200.1,0.940345,0.264354,-0.6,0.15,1,911.615,1.48193e+07,nan,nan,nan,nan,nan,nan,nan,nan,nan,nan,nan,nan,nan,nan,nan,nan,nan,nan,nan,nan
1207,nan,nan,0.0274685,0,0,0.0112084,0.102088,0.000137498,-0.00669896,1.65352,5.0625e-05,0.00988634,0.266199,10497.5,0.918015,0.252551,-0.6,0.15,1,912.786,1.48316e+07,nan,nan,nan,nan,nan,nan,nan,nan,nan,nan,nan,nan,nan,nan,nan,nan,nan,nan,nan,nan
1208,nan,nan,0.0274757,0,0,0.0107654,0.0998173,0.000253205,-0.00430793,1.64972,7.59375e-05,0.010194,0.266156,10446.8,0.92204,0.254206,-0.6,0.15,1,913.964,1.48439e+07,nan,nan,nan,nan,nan,nan,nan,nan,nan,nan,nan,nan,nan,nan,nan,nan,nan,nan,nan,nan
1209,nan,nan,0.0273154,0,0,0.0107529,0.0974972,0.00100514,-0.00339233,1.64895,7.59375e-05,0.0153122,0.266162,10251.7,0.93817,0.260456,-0.6,0.15,1,915.163,1.48562e+07,nan,nan,nan,nan,nan,nan,nan,nan,nan,nan,nan,nan,nan,nan,nan,nan,nan,nan,nan,nan
1210,nan,nan,0.0270792,0,0,0.0106005,0.0970198,0.00135622,-0.00390839,1.64909,5.0625e-05,0.0116634,0.266167,9820,0.995631,0.255693,-0.6,0.15,1,916.416,1.48685e+07,nan,nan,nan,nan,nan,nan,nan,nan,nan,nan,nan,nan,nan,nan,nan,nan,nan,nan,nan,nan
1211,nan,nan,0.0268516,0,0,0.0108879,0.099228,0.0019739,-0.00387834,1.64982,2.25e-05,0.0093757,0.266175,9970.93,0.933065,0.299318,-0.6,0.15,1,917.649,1.48808e+07,nan,nan,nan,nan,nan,nan,nan,nan,nan,nan,nan,nan,nan,nan,nan,nan,nan,nan,nan,nan
1212,nan,nan,0.0266825,0,0,0.0104609,0.0965262,0.00172127,-0.00347452,1.65046,1e-05,0.0133342,0.266187,10523.3,0.915714,0.251984,-0.6,0.15,1,918.818,1.48931e+07,nan,nan,nan,nan,nan,nan,nan,nan,nan,nan,nan,nan,nan,nan,nan,nan,nan,nan,nan,nan
1213,7.37526,300,0.0122087,21.3333,0,0.0977142,0.556912,0.0160768,-0.00871018,1.65133,1e-05,0.0145431,0.266202,7422.86,1.40442,0.251009,-0.6,0.15,1,920.475,1.49053e+07,0,0,1.18588,0.00054188,-0.0724945,nan,0,nan,nan,nan,nan,0,nan,0,nan,-0.00632944,-0.0644173,-0.142961,nan,nan
1214,nan,nan,0.0166459,0,0,0.238629,1.05236,0.017633,-0.0105044,1.6529,1e-05,0.0152149,0.266233,10632.5,0.904865,0.250837,-0.6,0.15,1,921.632,1.49176e+07,nan,nan,nan,nan,nan,nan,nan,nan,nan,nan,nan,nan,nan,nan,nan,nan,nan,nan,nan,nan
1215,nan,nan,0.0224189,0,0,0.0809727,0.558003,0.00402184,-0.0118146,1.65577,2.25e-05,0.0156888,0.266284,9720.01,0.948489,0.315707,-0.6,0.15,1,922.897,1.49299e+07,nan,nan,nan,nan,nan,nan,nan,nan,nan,nan,nan,nan,nan,nan,nan,nan,nan,nan,nan,nan
1216,nan,nan,0.0260553,0,0,0.0348389,0.249168,0.00116697,-0.00877549,1.65891,3.375e-05,0.0114283,0.266326,10242.7,0.93663,0.263054,-0.6,0.15,1,924.098,1.49422e+07,nan,nan,nan,nan,nan,nan,nan,nan,nan,nan,nan,nan,nan,nan,nan,nan,nan,nan,nan,nan
1217,nan,nan,0.0274153,0,0,0.0179858,0.143303,0.000377127,-0.00766153,1.66073,0.000113906,0.0161627,0.266333,10044.1,0.956028,0.267381,-0.6,0.15,1,925.322,1.49545e+07,nan,nan,nan,nan,nan,nan,nan,nan,nan,nan,nan,nan,nan,nan,nan,nan,nan,nan,nan,nan
1218,nan,nan,0.0277022,0,0,0.0125946,0.113588,0.000211304,-0.00374942,1.66004,7.59375e-05,0.00950307,0.266307,9994.76,0.962861,0.266583,-0.6,0.15,1,926.553,1.49668e+07,nan,nan,nan,nan,nan,nan,nan,nan,nan,nan,nan,nan,nan,nan,nan,nan,nan,nan,nan,nan
1219,nan,nan,0.0276657,0,0,0.0115934,0.105808,0.000578126,-0.0036989,1.65768,5.0625e-05,0.0117997,0.266277,10383.1,0.932312,0.251146,-0.6,0.15,1,927.737,1.49791e+07,nan,nan,nan,nan,nan,nan,nan,nan,nan,nan,nan,nan,nan,nan,nan,nan,nan,nan,nan,nan
1220,nan,nan,0.0276533,0,0,0.0111667,0.10271,0.000427125,-0.00412433,1.65776,7.59375e-05,0.0114109,0.266304,10349.2,0.931002,0.256332,-0.6,0.15,1,928.926,1.49914e+07,nan,nan,nan,nan,nan,nan,nan,nan,nan,nan,nan,nan,nan,nan,nan,nan,nan,nan,nan,nan
1221,nan,nan,0.027521,0,0,0.0106151,0.0988522,0.000673406,-0.00590073,1.6595,1e-05,0.0101482,0.266316,10044.7,0.968759,0.254569,-0.6,0.15,1,930.15,1.50036e+07,nan,nan,nan,nan,nan,nan,nan,nan,nan,nan,nan,nan,nan,nan,nan,nan,nan,nan,nan,nan
1222,nan,nan,0.0271748,0,0,0.0105842,0.0973792,0.00194322,-0.00573736,1.66009,1e-05,0.0179429,0.266326,10437.6,0.92184,0.255447,-0.6,0.15,1,931.329,1.50159e+07,nan,nan,nan,nan,nan,nan,nan,nan,nan,nan,nan,nan,nan,nan,nan,nan,nan,nan,nan,nan
1223,nan,nan,0.0269981,0,0,0.0105782,0.095317,0.00212326,-0.00445564,1.66116,1e-05,0.0153905,0.266346,10295.8,0.942746,0.250747,-0.6,0.15,1,932.523,1.50282e+07,nan,nan,nan,nan,nan,nan,nan,nan,nan,nan,nan,nan,nan,nan,nan,nan,nan,nan,nan,nan
1224,nan,nan,0.0269816,0,0,0.0109892,0.0965455,0.00173434,-0.00113907,1.66244,1e-05,0.00785132,0.26636,10537.5,0.914619,0.251502,-0.6,0.15,1,933.69,1.50405e+07,nan,nan,nan,nan,nan,nan,nan,nan,nan,nan,nan,nan,nan,nan,nan,nan,nan,nan,nan,nan
1225,7.43027,300,0.0265415,21.3333,0,0.0107778,0.0952192,0.00248411,-0.00511779,1.66292,2.25e-05,0.0118256,0.266369,7536.87,1.38063,0.249758,-0.6,0.15,1,935.322,1.50528e+07,0,0,1.14193,0.000575253,-0.0742275,nan,0,nan,nan,nan,nan,0,nan,0,nan,-0.00646821,-0.0759505,-0.133328,nan,nan
1226,nan,nan,0.00743779,0,0,0.230332,1.08183,0.0223866,-0.0134648,1.66415,1e-05,0.0170653,0.266393,10494.2,0.918742,0.252188,-0.6,0.15,1,936.494,1.50651e+07,nan,nan,nan,nan,nan,nan,nan,nan,nan,nan,nan,nan,nan,nan,nan,nan,nan,nan,nan,nan
1227,nan,nan,0.0186591,0,0,0.140741,0.775473,0.00741979,-0.0136229,1.66605,7.59375e-05,0.018353,0.266452,10643.6,0.904186,0.250316,-0.6,0.15,1,937.65,1.50774e+07,nan,nan,nan,nan,nan,nan,nan,nan,nan,nan,nan,nan,nan,nan,nan,nan,nan,nan,nan,nan
1228,nan,nan,0.0242311,0,0,0.0578078,0.361748,0.00245297,-0.00590803,1.67026,5.0625e-05,0.0131368,0.266497,10455.5,0.918629,0.25664,-0.6,0.15,1,938.826,1.50897e+07,nan,nan,nan,nan,nan,nan,nan,nan,nan,nan,nan,nan,nan,nan,nan,nan,nan,nan,nan,nan
1229,nan,nan,0.0261335,0,0,0.0242927,0.187289,0.000910404,-0.00904336,1.67218,5.0625e-05,0.00938318,0.266524,10316.6,0.927615,0.26348,-0.6,0.15,1,940.018,1.5102e+07,nan,nan,nan,nan,nan,nan,nan,nan,nan,nan,nan,nan,nan,nan,nan,nan,nan,nan,nan,nan
1230,nan,nan,0.0268929,0,0,0.015246,0.124499,0.000737521,-0.00536643,1.6719,0.000170859,0.0170815,0.266486,10482.8,0.921789,0.250414,-0.6,0.15,1,941.192,1.51142e+07,nan,nan,nan,nan,nan,nan,nan,nan,nan,nan,nan,nan,nan,nan,nan,nan,nan,nan,nan,nan
1231,nan,nan,0.027128,0,0,0.0126701,0.106695,0.000627637,-0.00321204,1.66864,0.000170859,0.0164696,0.266432,10485.1,0.920321,0.251623,-0.6,0.15,1,942.365,1.51265e+07,nan,nan,nan,nan,nan,nan,nan,nan,nan,nan,nan,nan,nan,nan,nan,nan,nan,nan,nan,nan
1232,nan,nan,0.0270938,0,0,0.0117249,0.103007,0.000542436,-0.00415556,1.6657,7.59375e-05,0.0128906,0.266407,10488.2,0.91814,0.253464,-0.6,0.15,1,943.538,1.51388e+07,nan,nan,nan,nan,nan,nan,nan,nan,nan,nan,nan,nan,nan,nan,nan,nan,nan,nan,nan,nan
1233,nan,nan,0.0269335,0,0,0.0113148,0.0974846,0.000936749,-0.00211483,1.66461,7.59375e-05,0.0153969,0.266405,10280.9,0.945176,0.250048,-0.6,0.15,1,944.734,1.51511e+07,nan,nan,nan,nan,nan,nan,nan,nan,nan,nan,nan,nan,nan,nan,nan,nan,nan,nan,nan,nan
1234,nan,nan,0.0264863,0,0,0.0106764,0.0944646,0.00189478,-0.00450621,1.66627,3.375e-05,0.0083637,0.266445,10448.3,0.926574,0.249502,-0.6,0.15,1,945.911,1.51634e+07,nan,nan,nan,nan,nan,nan,nan,nan,nan,nan,nan,nan,nan,nan,nan,nan,nan,nan,nan,nan
1235,nan,nan,0.0256328,0,0,0.0105912,0.0915652,0.00446707,-0.00359824,1.66908,0.000113906,0.0134266,0.266479,10492.8,0.921816,0.249275,-0.6,0.15,1,947.083,1.51757e+07,nan,nan,nan,nan,nan,nan,nan,nan,nan,nan,nan,nan,nan,nan,nan,nan,nan,nan,nan,nan
1236,nan,nan,0.0251336,0,0,0.0105215,0.0904259,0.00462006,-0.00374787,1.67012,5.0625e-05,0.0106214,0.26649,10193.5,0.954912,0.25056,-0.6,0.15,1,948.29,1.5188e+07,nan,nan,nan,nan,nan,nan,nan,nan,nan,nan,nan,nan,nan,nan,nan,nan,nan,nan,nan,nan
1237,nan,nan,0.0255214,0,0,0.0102557,0.0865322,0.00286791,-0.0043482,1.67044,1e-05,0.0131184,0.266487,10243.1,0.935431,0.264208,-0.6,0.15,1,949.491,1.52003e+07,nan,nan,nan,nan,nan,nan,nan,nan,nan,nan,nan,nan,nan,nan,nan,nan,nan,nan,nan,nan
1238,7.20134,300,0.0112844,21.3333,0,0.0987212,0.547318,0.0171849,-0.00906279,1.67015,1e-05,0.0219834,0.266483,7423.31,1.40514,0.250182,-0.6,0.15,1,951.147,1.52125e+07,0,0,1.15858,0.000778025,-0.0731851,nan,0,nan,nan,nan,nan,0,nan,0,nan,-0.00665658,-0.0994987,-0.139149,nan,nan
1239,nan,nan,0.0154027,0,0,0.25194,1.11666,0.0181736,-0.0135204,1.6705,2.25e-05,0.0183083,0.266493,10613.5,0.902289,0.255482,-0.6,0.15,1,952.306,1.52248e+07,nan,nan,nan,nan,nan,nan,nan,nan,nan,nan,nan,nan,nan,nan,nan,nan,nan,nan,nan,nan
1240,nan,nan,0.0204483,0,0,0.0944463,0.608107,0.0104984,-0.0108406,1.6712,1e-05,0.0170771,0.266502,10353.8,0.930624,0.256192,-0.6,0.15,1,953.494,1.52371e+07,nan,nan,nan,nan,nan,nan,nan,nan,nan,nan,nan,nan,nan,nan,nan,nan,nan,nan,nan,nan
1241,nan,nan,0.024411,0,0,0.0462274,0.305876,0.00369226,-0.00836733,1.6718,7.59375e-05,0.0151834,0.266512,10365.4,0.935648,0.249837,-0.6,0.15,1,954.681,1.52494e+07,nan,nan,nan,nan,nan,nan,nan,nan,nan,nan,nan,nan,nan,nan,nan,nan,nan,nan,nan,nan
1242,nan,nan,0.0260576,0,0,0.0211298,0.166143,0.0011783,-0.00757373,1.67261,0.000113906,0.0148727,0.266536,10462.3,0.922547,0.251956,-0.6,0.15,1,955.857,1.52617e+07,nan,nan,nan,nan,nan,nan,nan,nan,nan,nan,nan,nan,nan,nan,nan,nan,nan,nan,nan,nan
1243,nan,nan,0.0267233,0,0,0.0147942,0.11815,0.000449062,-0.00736113,1.6733,7.59375e-05,0.0100137,0.266526,10397,0.927202,0.254674,-0.6,0.15,1,957.04,1.5274e+07,nan,nan,nan,nan,nan,nan,nan,nan,nan,nan,nan,nan,nan,nan,nan,nan,nan,nan,nan,nan
1244,nan,nan,0.0267287,0,0,0.0123195,0.103304,0.000320795,-0.00439243,1.67189,7.59375e-05,0.0133612,0.266503,10469.6,0.91961,0.254074,-0.6,0.15,1,958.214,1.52863e+07,nan,nan,nan,nan,nan,nan,nan,nan,nan,nan,nan,nan,nan,nan,nan,nan,nan,nan,nan,nan
1245,nan,nan,0.0265246,0,0,0.010965,0.0954876,0.000271445,-0.00251781,1.67015,5.0625e-05,0.0132049,0.266475,10474.8,0.919162,0.253944,-0.6,0.15,1,959.389,1.52986e+07,nan,nan,nan,nan,nan,nan,nan,nan,nan,nan,nan,nan,nan,nan,nan,nan,nan,nan,nan,nan
1246,nan,nan,0.0263635,0,0,0.0105242,0.092342,0.000316869,-0.00286301,1.66714,0.000170859,0.0181851,0.266386,10197.5,0.954875,0.250124,-0.6,0.15,1,960.595,1.53108e+07,nan,nan,nan,nan,nan,nan,nan,nan,nan,nan,nan,nan,nan,nan,nan,nan,nan,nan,nan,nan
1247,nan,nan,0.0259549,0,0,0.0105884,0.090269,0.00110075,0.000679351,1.66319,3.375e-05,0.0129986,0.266389,10495.6,0.919039,0.251733,-0.6,0.15,1,961.767,1.53231e+07,nan,nan,nan,nan,nan,nan,nan,nan,nan,nan,nan,nan,nan,nan,nan,nan,nan,nan,nan,nan
1248,nan,nan,0.0256981,0,0,0.0102917,0.0883743,0.00156475,-0.00508505,1.66525,2.25e-05,0.010555,0.266427,10444.7,0.926253,0.250225,-0.6,0.15,1,962.944,1.53354e+07,nan,nan,nan,nan,nan,nan,nan,nan,nan,nan,nan,nan,nan,nan,nan,nan,nan,nan,nan,nan
1249,nan,nan,0.0256505,0,0,0.0101796,0.0861822,0.00148993,-0.00433806,1.66735,1e-05,0.0138195,0.266447,10285.6,0.932906,0.261773,-0.6,0.15,1,964.14,1.53477e+07,nan,nan,nan,nan,nan,nan,nan,nan,nan,nan,nan,nan,nan,nan,nan,nan,nan,nan,nan,nan
1250,7.0614,300,0.0257494,21.3333,0,0.00996931,0.0862307,0.000977554,-0.00315701,1.66774,1e-05,0.0178736,0.266448,7407.33,1.40735,0.251543,-0.6,0.15,1,965.8,1.536e+07,0,0,1.12518,0.000714757,-0.0758492,nan,0,nan,nan,nan,nan,0,nan,0,nan,-0.00682089,-0.0950651,-0.153556,nan,nan
1251,nan,nan,0.0052202,0,0,0.239255,1.09948,0.0261476,-0.0135758,1.66812,3.375e-05,0.0167625,0.266464,10449.5,0.920056,0.255882,-0.8,0.15,1,966.977,1.53723e+07,nan,nan,nan,nan,nan,nan,nan,nan,nan,nan,nan,nan,nan,nan,nan,nan,nan,nan,nan,nan
1252,nan,nan,0.0188325,0,0,0.137678,0.759926,0.0113809,-0.0128844,1.67074,2.25e-05,0.0148703,0.266512,10500.3,0.911535,0.258714,-0.8,0.15,1,968.149,1.53846e+07,nan,nan,nan,nan,nan,nan,nan,nan,nan,nan,nan,nan,nan,nan,nan,nan,nan,nan,nan,nan
1253,nan,nan,0.0240439,0,0,0.0571808,0.363293,0.00238929,-0.00946838,1.67285,1.5e-05,0.0200131,0.266537,10261.2,0.929573,0.267952,-0.8,0.15,1,969.347,1.53969e+07,nan,nan,nan,nan,nan,nan,nan,nan,nan,nan,nan,nan,nan,nan,nan,nan,nan,nan,nan,nan
1254,nan,nan,0.0260091,0,0,0.0263296,0.204887,0.000715271,-0.006588,1.67403,0.000113906,0.0144664,0.266552,10436.8,0.926696,0.250671,-0.8,0.15,1,970.526,1.54092e+07,nan,nan,nan,nan,nan,nan,nan,nan,nan,nan,nan,nan,nan,nan,nan,nan,nan,nan,nan,nan
1255,nan,nan,0.0269047,0,0,0.0159704,0.129611,0.000492354,-0.00218397,1.67393,0.000170859,0.0175115,0.266535,10450.7,0.923727,0.252075,-0.8,0.15,1,971.703,1.54214e+07,nan,nan,nan,nan,nan,nan,nan,nan,nan,nan,nan,nan,nan,nan,nan,nan,nan,nan,nan,nan
1256,nan,nan,0.0270532,0,0,0.0133012,0.111966,0.000409982,-0.000414677,1.67329,7.59375e-05,0.0121158,0.266547,10415.9,0.928137,0.251603,-0.8,0.15,1,972.884,1.54337e+07,nan,nan,nan,nan,nan,nan,nan,nan,nan,nan,nan,nan,nan,nan,nan,nan,nan,nan,nan,nan
1257,nan,nan,0.0269261,0,0,0.0125706,0.107743,0.000419266,-0.00496859,1.67489,3.375e-05,0.0198494,0.266571,10028.2,0.962945,0.262403,-0.8,0.15,1,974.11,1.5446e+07,nan,nan,nan,nan,nan,nan,nan,nan,nan,nan,nan,nan,nan,nan,nan,nan,nan,nan,nan,nan
1258,nan,nan,0.0268339,0,0,0.0115332,0.100835,0.000466279,-0.00431942,1.67572,2.25e-05,0.0156273,0.266575,10352.4,0.932353,0.254623,-0.8,0.15,1,975.298,1.54583e+07,nan,nan,nan,nan,nan,nan,nan,nan,nan,nan,nan,nan,nan,nan,nan,nan,nan,nan,nan,nan
1259,nan,nan,0.0267962,0,0,0.0109558,0.0978691,0.000382684,-0.00502172,1.67495,5.0625e-05,0.0203343,0.266562,10200.3,0.952053,0.252612,-0.8,0.15,1,976.504,1.54706e+07,nan,nan,nan,nan,nan,nan,nan,nan,nan,nan,nan,nan,nan,nan,nan,nan,nan,nan,nan,nan
1260,nan,nan,0.026871,0,0,0.0105974,0.0957495,0.00033176,-0.00360078,1.67411,5.0625e-05,0.0143643,0.266546,10428.1,0.927907,0.250443,-0.8,0.15,1,977.684,1.54829e+07,nan,nan,nan,nan,nan,nan,nan,nan,nan,nan,nan,nan,nan,nan,nan,nan,nan,nan,nan,nan
1261,nan,nan,0.0270711,0,0,0.0106237,0.092982,0.000246079,0.00103902,1.67201,7.59375e-05,0.0133432,0.2665,10341.7,0.928062,0.260133,-0.8,0.15,1,978.873,1.54952e+07,nan,nan,nan,nan,nan,nan,nan,nan,nan,nan,nan,nan,nan,nan,nan,nan,nan,nan,nan,nan
1262,nan,nan,0.0270897,0,0,0.0105407,0.0911366,0.00036806,-0.00236194,1.66912,0.000113906,0.0162556,0.266447,10144.6,0.960091,0.251196,-0.8,0.15,1,980.085,1.55075e+07,nan,nan,nan,nan,nan,nan,nan,nan,nan,nan,nan,nan,nan,nan,nan,nan,nan,nan,nan,nan
1263,7.27562,300,0.01449,21.3333,0,0.0978354,0.552727,0.0148882,-0.00840524,1.66723,2.25e-05,0.0163662,0.266454,7499.84,1.38849,0.249949,-0.8,0.15,1,981.725,1.55197e+07,0,0,1.1079,0.000428036,-0.075013,nan,0,nan,nan,nan,nan,0,nan,0,nan,-0.00680388,-0.103232,-0.123472,nan,nan
1264,nan,nan,0.0179762,0,0,0.220926,1.02206,0.0152157,-0.0136318,1.6697,3.375e-05,0.0185375,0.266511,10666.5,0.902852,0.24917,-0.8,0.15,1,982.878,1.5532e+07,nan,nan,nan,nan,nan,nan,nan,nan,nan,nan,nan,nan,nan,nan,nan,nan,nan,nan,nan,nan
1265,nan,nan,0.022976,0,0,0.068523,0.498884,0.00434831,-0.00976675,1.67322,3.375e-05,0.0165328,0.266555,10296.7,0.932575,0.260821,-0.8,0.15,1,984.073,1.55443e+07,nan,nan,nan,nan,nan,nan,nan,nan,nan,nan,nan,nan,nan,nan,nan,nan,nan,nan,nan,nan
1266,nan,nan,0.0267302,0,0,0.031849,0.237156,0.00115521,-0.00964527,1.67599,3.375e-05,0.0107418,0.266596,10383.4,0.926873,0.256553,-0.8,0.15,1,985.257,1.55566e+07,nan,nan,nan,nan,nan,nan,nan,nan,nan,nan,nan,nan,nan,nan,nan,nan,nan,nan,nan,nan
1267,nan,nan,0.0281295,0,0,0.0161047,0.142125,0.000321993,-0.00788042,1.67682,5.0625e-05,0.00888528,0.266588,9687.15,0.945551,0.322933,-0.8,0.15,1,986.527,1.55689e+07,nan,nan,nan,nan,nan,nan,nan,nan,nan,nan,nan,nan,nan,nan,nan,nan,nan,nan,nan,nan
1268,nan,nan,0.0286904,0,0,0.013127,0.115166,0.000261422,-0.00874797,1.67495,7.59375e-05,0.0132735,0.266565,9889.42,0.990438,0.252103,-0.8,0.15,1,987.771,1.55812e+07,nan,nan,nan,nan,nan,nan,nan,nan,nan,nan,nan,nan,nan,nan,nan,nan,nan,nan,nan,nan
1269,nan,nan,0.0290106,0,0,0.011462,0.103554,0.000179934,-0.00594726,1.67365,7.59375e-05,0.00978675,0.266533,10065,0.957446,0.263416,-0.8,0.15,1,988.993,1.55935e+07,nan,nan,nan,nan,nan,nan,nan,nan,nan,nan,nan,nan,nan,nan,nan,nan,nan,nan,nan,nan
1270,nan,nan,0.0289647,0,0,0.0114676,0.101866,0.000605869,-0.00534157,1.67084,0.000113906,0.0133331,0.266478,10229.4,0.94604,0.255201,-0.8,0.15,1,990.195,1.56058e+07,nan,nan,nan,nan,nan,nan,nan,nan,nan,nan,nan,nan,nan,nan,nan,nan,nan,nan,nan,nan
1271,nan,nan,0.0288451,0,0,0.0111519,0.101554,0.000594915,-0.00312457,1.66732,5.0625e-05,0.00994307,0.266453,9975.18,0.975917,0.255941,-0.8,0.15,1,991.428,1.5618e+07,nan,nan,nan,nan,nan,nan,nan,nan,nan,nan,nan,nan,nan,nan,nan,nan,nan,nan,nan,nan
1272,nan,nan,0.0287926,0,0,0.0108925,0.0965477,0.000530354,-0.00466606,1.66731,3.375e-05,0.0108841,0.266463,10459.2,0.925524,0.24933,-0.8,0.15,1,992.604,1.56303e+07,nan,nan,nan,nan,nan,nan,nan,nan,nan,nan,nan,nan,nan,nan,nan,nan,nan,nan,nan,nan
1273,nan,nan,0.0284458,0,0,0.010636,0.0937247,0.00135346,-0.00634377,1.66797,1e-05,0.0179284,0.266469,10432.8,0.926226,0.251595,-0.8,0.15,1,993.783,1.56426e+07,nan,nan,nan,nan,nan,nan,nan,nan,nan,nan,nan,nan,nan,nan,nan,nan,nan,nan,nan,nan
1274,nan,nan,0.0285613,0,0,0.0106545,0.0910948,0.000492988,-0.00388067,1.66839,7.59375e-05,0.0118052,0.266476,10295.2,0.941688,0.251873,-0.8,0.15,1,994.977,1.56549e+07,nan,nan,nan,nan,nan,nan,nan,nan,nan,nan,nan,nan,nan,nan,nan,nan,nan,nan,nan,nan
1275,7.84244,300,0.0286553,21.3333,0,0.0104075,0.0887928,0.000215164,-0.00558573,1.66758,7.59375e-05,0.00887708,0.266438,7475.96,1.39462,0.249052,-0.8,0.15,1,996.622,1.56672e+07,0,0,1.13966,0.000609765,-0.0718951,nan,0,nan,nan,nan,nan,0,nan,0,nan,-0.00603471,-0.0643294,-0.0934947,nan,nan
1276,nan,nan,0.00691563,0,0,0.227687,1.02605,0.0256089,-0.0121937,1.66572,2.25e-05,0.0114149,0.266428,10410.2,0.922921,0.257465,-0.8,0.15,1,997.804,1.56795e+07,nan,nan,nan,nan,nan,nan,nan,nan,nan,nan,nan,nan,nan,nan,nan,nan,nan,nan,nan,nan
1277,nan,nan,0.0197592,0,0,0.133538,0.737619,0.0100513,-0.01396,1.66623,1.5e-05,0.0200538,0.266438,10479,0.917564,0.255067,-0.8,0.15,1,998.978,1.56918e+07,nan,nan,nan,nan,nan,nan,nan,nan,nan,nan,nan,nan,nan,nan,nan,nan,nan,nan,nan,nan
1278,nan,nan,0.024603,0,0,0.05099,0.332673,0.00196407,-0.0118319,1.66707,3.375e-05,0.0123185,0.266449,10243.9,0.938209,0.261339,-0.8,0.15,1,1000.18,1.57041e+07,nan,nan,nan,nan,nan,nan,nan,nan,nan,nan,nan,nan,nan,nan,nan,nan,nan,nan,nan,nan
1279,nan,nan,0.0267245,0,0,0.021868,0.175822,0.00066196,-0.00780335,1.66873,7.59375e-05,0.00896762,0.26649,10251.4,0.947304,0.251357,-0.8,0.15,1,1001.38,1.57164e+07,nan,nan,nan,nan,nan,nan,nan,nan,nan,nan,nan,nan,nan,nan,nan,nan,nan,nan,nan,nan
1280,nan,nan,0.0277084,0,0,0.0136519,0.117583,0.000629151,-0.00460759,1.67076,0.000113906,0.0130069,0.266511,10422.6,0.926788,0.252189,-0.8,0.15,1,1002.56,1.57286e+07,nan,nan,nan,nan,nan,nan,nan,nan,nan,nan,nan,nan,nan,nan,nan,nan,nan,nan,nan,nan
1281,nan,nan,0.0279917,0,0,0.0121154,0.103741,0.000936293,-0.003669,1.67108,1.5e-05,0.00710373,0.266522,10202.5,0.940982,0.263423,-0.8,0.15,1,1003.76,1.57409e+07,nan,nan,nan,nan,nan,nan,nan,nan,nan,nan,nan,nan,nan,nan,nan,nan,nan,nan,nan,nan
1282,nan,nan,0.0281935,0,0,0.0118965,0.0998474,0.000292314,-0.005442,1.67237,7.59375e-05,0.0105689,0.266547,10237,0.950337,0.25001,-0.8,0.15,1,1004.97,1.57532e+07,nan,nan,nan,nan,nan,nan,nan,nan,nan,nan,nan,nan,nan,nan,nan,nan,nan,nan,nan,nan
1283,nan,nan,0.0281483,0,0,0.0114789,0.095509,0.00021581,-0.00323378,1.6723,0.000170859,0.0165197,0.266498,10239.7,0.946585,0.253451,-0.8,0.15,1,1006.17,1.57655e+07,nan,nan,nan,nan,nan,nan,nan,nan,nan,nan,nan,nan,nan,nan,nan,nan,nan,nan,nan,nan
1284,nan,nan,0.0279892,0,0,0.0110877,0.0924321,0.000387909,-0.00320766,1.66926,2.25e-05,0.00916587,0.266489,10388,0.930194,0.252709,-0.8,0.15,1,1007.35,1.57778e+07,nan,nan,nan,nan,nan,nan,nan,nan,nan,nan,nan,nan,nan,nan,nan,nan,nan,nan,nan,nan
1285,nan,nan,0.0280815,0,0,0.0109863,0.092011,0.000196635,-0.00432243,1.67008,1.5e-05,0.015801,0.266499,10185.8,0.954066,0.25232,-0.8,0.15,1,1008.56,1.57901e+07,nan,nan,nan,nan,nan,nan,nan,nan,nan,nan,nan,nan,nan,nan,nan,nan,nan,nan,nan,nan
1286,nan,nan,0.0281933,0,0,0.0107984,0.0873912,0.00022161,-0.00432752,1.66906,7.59375e-05,0.0120806,0.266466,10294.5,0.93066,0.262984,-0.8,0.15,1,1009.75,1.58024e+07,nan,nan,nan,nan,nan,nan,nan,nan,nan,nan,nan,nan,nan,nan,nan,nan,nan,nan,nan,nan
1287,nan,nan,0.0281541,0,0,0.0107688,0.0883744,0.000953835,-0.00529113,1.66616,1e-05,0.0143946,0.266441,10307.8,0.94064,0.251462,-0.8,0.15,1,1010.95,1.58147e+07,nan,nan,nan,nan,nan,nan,nan,nan,nan,nan,nan,nan,nan,nan,nan,nan,nan,nan,nan,nan
1288,7.59994,300,0.0144958,21.3333,0,0.0933361,0.525686,0.0139386,-0.00877801,1.66612,1e-05,0.0197458,0.266452,7485.07,1.39093,0.250737,-0.8,0.15,1,1012.59,1.58269e+07,0,0,1.15816,0.000562707,-0.0728589,nan,0,nan,nan,nan,nan,0,nan,0,nan,-0.00652846,-0.0764779,-0.105924,nan,nan
1289,nan,nan,0.0179447,0,0,0.218218,0.954584,0.0152083,-0.0139063,1.66773,3.375e-05,0.0193289,0.266488,10204.1,0.944177,0.260044,-0.8,0.15,1,1013.79,1.58392e+07,nan,nan,nan,nan,nan,nan,nan,nan,nan,nan,nan,nan,nan,nan,nan,nan,nan,nan,nan,nan
1290,nan,nan,0.023101,0,0,0.0668419,0.468461,0.00434619,-0.0112763,1.67053,7.59375e-05,0.0198193,0.266538,10363.6,0.935146,0.250541,-0.8,0.15,1,1014.98,1.58515e+07,nan,nan,nan,nan,nan,nan,nan,nan,nan,nan,nan,nan,nan,nan,nan,nan,nan,nan,nan,nan
1291,nan,nan,0.026386,0,0,0.0326115,0.236741,0.00131618,-0.00913812,1.67348,2.25e-05,0.0103784,0.266556,10274.7,0.945082,0.250862,-0.8,0.15,1,1016.18,1.58638e+07,nan,nan,nan,nan,nan,nan,nan,nan,nan,nan,nan,nan,nan,nan,nan,nan,nan,nan,nan,nan
1292,nan,nan,0.0279129,0,0,0.0171946,0.137164,0.000580067,-0.00751144,1.67295,3.375e-05,0.00807397,0.266533,10223,0.951746,0.250244,-0.8,0.15,1,1017.38,1.58761e+07,nan,nan,nan,nan,nan,nan,nan,nan,nan,nan,nan,nan,nan,nan,nan,nan,nan,nan,nan,nan
1293,nan,nan,0.0287981,0,0,0.0138398,0.112584,0.000266249,-0.00551429,1.671,0.000113906,0.0131969,0.266493,10260.3,0.939343,0.258283,-0.8,0.15,1,1018.58,1.58884e+07,nan,nan,nan,nan,nan,nan,nan,nan,nan,nan,nan,nan,nan,nan,nan,nan,nan,nan,nan,nan
1294,nan,nan,0.0290614,0,0,0.0133188,0.105288,0.000888416,-0.00429837,1.66906,7.59375e-05,0.012142,0.266485,10251.8,0.948164,0.250456,-0.8,0.15,1,1019.78,1.59007e+07,nan,nan,nan,nan,nan,nan,nan,nan,nan,nan,nan,nan,nan,nan,nan,nan,nan,nan,nan,nan
1295,nan,nan,0.0288883,0,0,0.0120186,0.0982917,0.000743385,-0.00479501,1.66968,3.375e-05,0.0124647,0.266498,10299.9,0.94251,0.250507,-0.8,0.15,1,1020.97,1.5913e+07,nan,nan,nan,nan,nan,nan,nan,nan,nan,nan,nan,nan,nan,nan,nan,nan,nan,nan,nan,nan
1296,nan,nan,0.0285557,0,0,0.0116196,0.0938275,0.00138077,-0.0055696,1.67081,5.0625e-05,0.0120228,0.26652,10333.6,0.938097,0.251032,-0.8,0.15,1,1022.16,1.59252e+07,nan,nan,nan,nan,nan,nan,nan,nan,nan,nan,nan,nan,nan,nan,nan,nan,nan,nan,nan,nan
1297,nan,nan,0.0285718,0,0,0.0115678,0.0921903,0.00148473,-0.00521239,1.67167,2.25e-05,0.0142937,0.266515,10422.3,0.927357,0.251653,-0.8,0.15,1,1023.34,1.59375e+07,nan,nan,nan,nan,nan,nan,nan,nan,nan,nan,nan,nan,nan,nan,nan,nan,nan,nan,nan,nan
1298,nan,nan,0.0287995,0,0,0.0118878,0.0923301,0.000649718,-0.0058441,1.67116,5.0625e-05,0.0118155,0.266515,10214.9,0.94069,0.262263,-0.8,0.15,1,1024.55,1.59498e+07,nan,nan,nan,nan,nan,nan,nan,nan,nan,nan,nan,nan,nan,nan,nan,nan,nan,nan,nan,nan
1299,nan,nan,0.0289512,0,0,0.0116303,0.0909704,0.00081795,-0.00579337,1.67108,2.25e-05,0.00810628,0.266514,10327,0.936732,0.25316,-0.8,0.15,1,1025.74,1.59621e+07,nan,nan,nan,nan,nan,nan,nan,nan,nan,nan,nan,nan,nan,nan,nan,nan,nan,nan,nan,nan
1300,7.83612,300,0.0292406,21.3333,0,0.01164,0.0904733,0.000294785,-0.00554105,1.67042,5.0625e-05,0.00905114,0.266491,7455.95,1.39731,0.250764,-0.8,0.15,1,1027.39,1.59744e+07,0,0,1.17727,0.000610122,-0.0716574,nan,0,nan,nan,nan,nan,0,nan,0,nan,-0.00636336,-0.0713411,-0.0987777,nan,nan
1301,nan,nan,0.00840069,0,0,0.213339,1.00174,0.0224075,-0.0130736,1.66975,2.25e-05,0.0124074,0.266495,10374,0.925414,0.259091,-0.8,0.15,1,1028.58,1.59867e+07,nan,nan,nan,nan,nan,nan,nan,nan,nan,nan,nan,nan,nan,nan,nan,nan,nan,nan,nan,nan
1302,nan,nan,0.0204206,0,0,0.118951,0.681952,0.00842566,-0.0142093,1.67071,1.5e-05,0.0168459,0.266515,10209.4,0.937354,0.266243,-0.8,0.15,1,1029.78,1.5999e+07,nan,nan,nan,nan,nan,nan,nan,nan,nan,nan,nan,nan,nan,nan,nan,nan,nan,nan,nan,nan
1303,nan,nan,0.0254378,0,0,0.0430194,0.292882,0.00293772,-0.0103057,1.67206,5.0625e-05,0.0147228,0.266536,10390.2,0.931602,0.251052,-0.8,0.15,1,1030.97,1.60113e+07,nan,nan,nan,nan,nan,nan,nan,nan,nan,nan,nan,nan,nan,nan,nan,nan,nan,nan,nan,nan
1304,nan,nan,0.0277344,0,0,0.0239564,0.173989,0.00117816,-0.00855191,1.67295,7.59375e-05,0.0133169,0.266546,10227.6,0.951135,0.250322,-0.8,0.15,1,1032.17,1.60236e+07,nan,nan,nan,nan,nan,nan,nan,nan,nan,nan,nan,nan,nan,nan,nan,nan,nan,nan,nan,nan
1305,nan,nan,0.0288603,0,0,0.0165169,0.129902,0.00108205,-0.00602915,1.6735,7.59375e-05,0.0117998,0.266557,10160.6,0.942566,0.266809,-0.8,0.15,1,1033.38,1.60358e+07,nan,nan,nan,nan,nan,nan,nan,nan,nan,nan,nan,nan,nan,nan,nan,nan,nan,nan,nan,nan
1306,nan,nan,0.0293064,0,0,0.0145487,0.111953,0.0017264,-0.00363306,1.67452,5.0625e-05,0.0124952,0.266582,10276.8,0.945417,0.250286,-0.8,0.15,1,1034.58,1.60481e+07,nan,nan,nan,nan,nan,nan,nan,nan,nan,nan,nan,nan,nan,nan,nan,nan,nan,nan,nan,nan
1307,nan,nan,0.0293131,0,0,0.013333,0.103268,0.000525942,-0.00644431,1.67497,0.000113906,0.0150784,0.266549,9769.22,0.956827,0.301001,-0.8,0.15,1,1035.83,1.60604e+07,nan,nan,nan,nan,nan,nan,nan,nan,nan,nan,nan,nan,nan,nan,nan,nan,nan,nan,nan,nan
1308,nan,nan,0.0292842,0,0,0.0125987,0.0973041,0.000459591,-0.00671172,1.67183,7.59375e-05,0.0123045,0.2665,10204.9,0.953933,0.250192,-0.8,0.15,1,1037.04,1.60727e+07,nan,nan,nan,nan,nan,nan,nan,nan,nan,nan,nan,nan,nan,nan,nan,nan,nan,nan,nan,nan
1309,nan,nan,0.0293244,0,0,0.0123179,0.0954956,0.000389627,-0.00525087,1.66818,0.000113906,0.014093,0.266433,10118.5,0.964209,0.250204,-0.8,0.15,1,1038.26,1.6085e+07,nan,nan,nan,nan,nan,nan,nan,nan,nan,nan,nan,nan,nan,nan,nan,nan,nan,nan,nan,nan
1310,nan,nan,0.0293825,0,0,0.0120354,0.0932049,0.000373298,-0.0058137,1.66402,7.59375e-05,0.014921,0.266371,10161.1,0.949046,0.260276,-0.8,0.15,1,1039.47,1.60973e+07,nan,nan,nan,nan,nan,nan,nan,nan,nan,nan,nan,nan,nan,nan,nan,nan,nan,nan,nan,nan
1311,nan,nan,0.0294977,0,0,0.0117626,0.0903952,0.0003109,-0.0060487,1.65895,7.59375e-05,0.0129833,0.266301,10370.7,0.93492,0.249958,-0.8,0.15,1,1040.65,1.61096e+07,nan,nan,nan,nan,nan,nan,nan,nan,nan,nan,nan,nan,nan,nan,nan,nan,nan,nan,nan,nan
1312,nan,nan,0.0294507,0,0,0.0117868,0.0922968,0.000696556,-0.00504775,1.65589,7.59375e-05,0.011922,0.266284,10388.6,0.932566,0.250273,-0.8,0.15,1,1041.84,1.61219e+07,nan,nan,nan,nan,nan,nan,nan,nan,nan,nan,nan,nan,nan,nan,nan,nan,nan,nan,nan,nan
1313,7.94527,300,0.0137107,21.3333,0,0.0953887,0.535721,0.0121274,-0.00980696,1.65673,1e-05,0.0197848,0.266295,7325.27,1.42672,0.250757,-0.8,0.15,1,1043.51,1.61341e+07,0,0,1.17843,0.000421308,-0.071804,nan,0,nan,nan,nan,nan,0,nan,0,nan,-0.00634553,-0.0763021,-0.0921894,nan,nan
1314,nan,nan,0.0162369,0,0,0.21703,0.939136,0.0134273,-0.0142446,1.6583,2.25e-05,0.0122312,0.26633,10356.4,0.928809,0.257704,-0.8,0.15,1,1044.7,1.61464e+07,nan,nan,nan,nan,nan,nan,nan,nan,nan,nan,nan,nan,nan,nan,nan,nan,nan,nan,nan,nan
1315,nan,nan,0.0219059,0,0,0.0660059,0.412232,0.00660207,-0.0122036,1.65986,7.59375e-05,0.0147575,0.266338,10429.7,0.925757,0.252421,-0.8,0.15,1,1045.88,1.61587e+07,nan,nan,nan,nan,nan,nan,nan,nan,nan,nan,nan,nan,nan,nan,nan,nan,nan,nan,nan,nan
1316,nan,nan,0.0254526,0,0,0.0346308,0.226887,0.00193384,-0.0110419,1.66191,7.59375e-05,0.0141569,0.266398,10297,0.936968,0.256393,-0.8,0.15,1,1047.08,1.6171e+07,nan,nan,nan,nan,nan,nan,nan,nan,nan,nan,nan,nan,nan,nan,nan,nan,nan,nan,nan,nan
1317,nan,nan,0.0272981,0,0,0.0187384,0.14061,0.000871264,-0.00297107,1.66573,0.000170859,0.0143306,0.26643,10267.4,0.943959,0.25284,-0.8,0.15,1,1048.27,1.61833e+07,nan,nan,nan,nan,nan,nan,nan,nan,nan,nan,nan,nan,nan,nan,nan,nan,nan,nan,nan,nan
1318,nan,nan,0.0281552,0,0,0.0146907,0.111732,0.000622027,-0.00196421,1.66719,0.000113906,0.0228195,0.266481,10105.7,0.961556,0.254394,-0.8,0.15,1,1049.49,1.61956e+07,nan,nan,nan,nan,nan,nan,nan,nan,nan,nan,nan,nan,nan,nan,nan,nan,nan,nan,nan,nan
1319,nan,nan,0.0283795,0,0,0.0133818,0.103061,0.000610708,-0.00452424,1.66918,7.59375e-05,0.0103404,0.266493,9809.78,0.999979,0.252649,-0.8,0.15,1,1050.74,1.62079e+07,nan,nan,nan,nan,nan,nan,nan,nan,nan,nan,nan,nan,nan,nan,nan,nan,nan,nan,nan,nan
1320,nan,nan,0.028327,0,0,0.0128098,0.0993595,0.000476063,-0.00480276,1.66848,7.59375e-05,0.0104593,0.26646,10281.2,0.9427,0.252487,-0.8,0.15,1,1051.94,1.62202e+07,nan,nan,nan,nan,nan,nan,nan,nan,nan,nan,nan,nan,nan,nan,nan,nan,nan,nan,nan,nan
1321,nan,nan,0.0282017,0,0,0.0126522,0.0970807,0.000496041,-0.00418495,1.66693,0.000113906,0.0139262,0.266465,10398.1,0.932648,0.249101,-0.8,0.15,1,1053.12,1.62324e+07,nan,nan,nan,nan,nan,nan,nan,nan,nan,nan,nan,nan,nan,nan,nan,nan,nan,nan,nan,nan
1322,nan,nan,0.0281684,0,0,0.0118657,0.0907344,0.000458058,-0.00534098,1.66736,7.59375e-05,0.0134245,0.266434,10226.1,0.940396,0.261238,-0.8,0.15,1,1054.33,1.62447e+07,nan,nan,nan,nan,nan,nan,nan,nan,nan,nan,nan,nan,nan,nan,nan,nan,nan,nan,nan,nan
1323,nan,nan,0.0282722,0,0,0.0121381,0.0930446,0.00053145,-0.00378903,1.66421,3.375e-05,0.0098211,0.2664,10270.3,0.937655,0.258802,-0.8,0.15,1,1055.52,1.6257e+07,nan,nan,nan,nan,nan,nan,nan,nan,nan,nan,nan,nan,nan,nan,nan,nan,nan,nan,nan,nan
1324,nan,nan,0.0280175,0,0,0.0118703,0.0900085,0.00156808,-0.00612311,1.66459,3.375e-05,0.0110288,0.266435,10305,0.940227,0.252209,-0.8,0.15,1,1056.72,1.62693e+07,nan,nan,nan,nan,nan,nan,nan,nan,nan,nan,nan,nan,nan,nan,nan,nan,nan,nan,nan,nan
1325,7.56863,300,0.0278738,21.3333,0,0.0119985,0.0905411,0.000916411,-0.00432203,1.66747,3.375e-05,0.0100983,0.266471,7378.61,1.4161,0.249259,-0.8,0.15,1,1058.38,1.62816e+07,0,0,1.15906,0.000463897,-0.0737716,nan,0,nan,nan,nan,nan,0,nan,0,nan,-0.00707368,-0.113906,-0.109017,nan,nan
1326,nan,nan,0.00848258,0,0,0.230809,1.02739,0.0183631,-0.0151839,1.66903,1.5e-05,0.017933,0.26649,10336.8,0.936958,0.251807,-0.8,0.15,1,1059.57,1.62939e+07,nan,nan,nan,nan,nan,nan,nan,nan,nan,nan,nan,nan,nan,nan,nan,nan,nan,nan,nan,nan
1327,nan,nan,0.0187789,0,0,0.12642,0.697459,0.00887167,-0.0124085,1.67083,2.25e-05,0.0176263,0.26652,10328.8,0.937278,0.252401,-0.8,0.15,1,1060.77,1.63062e+07,nan,nan,nan,nan,nan,nan,nan,nan,nan,nan,nan,nan,nan,nan,nan,nan,nan,nan,nan,nan
1328,nan,nan,0.0240631,0,0,0.0445627,0.301982,0.00399846,-0.0103748,1.67226,7.59375e-05,0.0155644,0.266543,10368.5,0.93123,0.253895,-0.8,0.15,1,1061.95,1.63185e+07,nan,nan,nan,nan,nan,nan,nan,nan,nan,nan,nan,nan,nan,nan,nan,nan,nan,nan,nan,nan
1329,nan,nan,0.0261685,0,0,0.0240167,0.180836,0.00170996,-0.00753213,1.67341,5.0625e-05,0.0135232,0.26655,10283.2,0.945902,0.249055,-0.8,0.15,1,1063.15,1.63308e+07,nan,nan,nan,nan,nan,nan,nan,nan,nan,nan,nan,nan,nan,nan,nan,nan,nan,nan,nan,nan
1330,nan,nan,0.0273703,0,0,0.0167611,0.126307,0.00201546,-0.00372663,1.67347,2.25e-05,0.010807,0.266556,9925.52,0.961048,0.276973,-0.8,0.15,1,1064.39,1.6343e+07,nan,nan,nan,nan,nan,nan,nan,nan,nan,nan,nan,nan,nan,nan,nan,nan,nan,nan,nan,nan
1331,nan,nan,0.0280775,0,0,0.0147435,0.112859,0.0022182,-0.00421647,1.67508,1e-05,0.0135158,0.266581,10140.8,0.960698,0.251041,-0.8,0.15,1,1065.6,1.63553e+07,nan,nan,nan,nan,nan,nan,nan,nan,nan,nan,nan,nan,nan,nan,nan,nan,nan,nan,nan,nan
1332,nan,nan,0.0283383,0,0,0.0144293,0.109701,0.000915562,-0.00386527,1.67603,5.0625e-05,0.00994559,0.26659,10256.5,0.947198,0.250872,-0.8,0.15,1,1066.8,1.63676e+07,nan,nan,nan,nan,nan,nan,nan,nan,nan,nan,nan,nan,nan,nan,nan,nan,nan,nan,nan,nan
1333,nan,nan,0.0281681,0,0,0.013481,0.10434,0.000841987,-0.00654307,1.67534,0.000113906,0.0144061,0.266558,10236.3,0.948,0.252438,-0.8,0.15,1,1068,1.63799e+07,nan,nan,nan,nan,nan,nan,nan,nan,nan,nan,nan,nan,nan,nan,nan,nan,nan,nan,nan,nan
1334,nan,nan,0.0278343,0,0,0.0132953,0.102342,0.00132729,-0.00685279,1.67359,2.25e-05,0.0113305,0.266547,10092.4,0.966521,0.251033,-0.8,0.15,1,1069.22,1.63922e+07,nan,nan,nan,nan,nan,nan,nan,nan,nan,nan,nan,nan,nan,nan,nan,nan,nan,nan,nan,nan
1335,nan,nan,0.0275606,0,0,0.0134204,0.100888,0.00128419,-0.00734692,1.67439,7.59375e-05,0.0173294,0.266568,9973.56,0.982002,0.250056,-0.8,0.15,1,1070.45,1.64045e+07,nan,nan,nan,nan,nan,nan,nan,nan,nan,nan,nan,nan,nan,nan,nan,nan,nan,nan,nan,nan
1336,nan,nan,0.0274796,0,0,0.0128779,0.0958468,0.00137625,-0.00440801,1.67484,5.0625e-05,0.0112814,0.266564,10268.3,0.946338,0.250353,-0.8,0.15,1,1071.65,1.64168e+07,nan,nan,nan,nan,nan,nan,nan,nan,nan,nan,nan,nan,nan,nan,nan,nan,nan,nan,nan,nan
1337,nan,nan,0.0276474,0,0,0.0130155,0.0957514,0.000790843,-0.0036572,1.67388,5.0625e-05,0.0128469,0.266536,10326,0.93948,0.250525,-0.8,0.15,1,1072.84,1.64291e+07,nan,nan,nan,nan,nan,nan,nan,nan,nan,nan,nan,nan,nan,nan,nan,nan,nan,nan,nan,nan
1338,7.5308,300,0.0122371,21.3333,0,0.0955259,0.555701,0.0182096,-0.00913519,1.67273,1e-05,0.0203273,0.266538,7178.78,1.45787,0.253842,-0.8,0.15,1,1074.56,1.64413e+07,0,0,1.16581,0.000536743,-0.0748311,nan,0,nan,nan,nan,nan,0,nan,0,nan,-0.00724813,-0.122308,-0.122863,nan,nan
1339,nan,nan,0.0157528,0,0,0.223445,0.947789,0.0174139,-0.0126713,1.67324,1e-05,0.0169759,0.266544,10598.7,0.906321,0.253065,-0.8,0.15,1,1075.72,1.64536e+07,nan,nan,nan,nan,nan,nan,nan,nan,nan,nan,nan,nan,nan,nan,nan,nan,nan,nan,nan,nan
1340,nan,nan,0.0221469,0,0,0.0698131,0.463065,0.00784829,-0.0133689,1.67347,7.59375e-05,0.0194882,0.266552,10425.5,0.92657,0.252076,-0.8,0.15,1,1076.9,1.64659e+07,nan,nan,nan,nan,nan,nan,nan,nan,nan,nan,nan,nan,nan,nan,nan,nan,nan,nan,nan,nan
1341,nan,nan,0.0254771,0,0,0.0374374,0.247764,0.00285732,-0.0119576,1.67465,7.59375e-05,0.0135312,0.266568,10305.8,0.942285,0.250056,-0.8,0.15,1,1078.09,1.64782e+07,nan,nan,nan,nan,nan,nan,nan,nan,nan,nan,nan,nan,nan,nan,nan,nan,nan,nan,nan,nan
1342,nan,nan,0.0274184,0,0,0.0220878,0.166217,0.00149797,-0.011076,1.67525,3.375e-05,0.00943595,0.266572,10191.5,0.953852,0.251858,-0.8,0.15,1,1079.3,1.64905e+07,nan,nan,nan,nan,nan,nan,nan,nan,nan,nan,nan,nan,nan,nan,nan,nan,nan,nan,nan,nan
1343,nan,nan,0.028286,0,0,0.0177237,0.128974,0.00152431,-0.00915818,1.67668,0.000113906,0.0138333,0.266621,10094.2,0.967672,0.249663,-0.8,0.15,1,1080.51,1.65028e+07,nan,nan,nan,nan,nan,nan,nan,nan,nan,nan,nan,nan,nan,nan,nan,nan,nan,nan,nan,nan
1344,nan,nan,0.0287193,0,0,0.0156122,0.114143,0.000666949,-0.00558061,1.67967,7.59375e-05,0.0118689,0.266639,10117.5,0.962539,0.251994,-0.8,0.15,1,1081.73,1.65151e+07,nan,nan,nan,nan,nan,nan,nan,nan,nan,nan,nan,nan,nan,nan,nan,nan,nan,nan,nan,nan
1345,nan,nan,0.0288479,0,0,0.0147006,0.108976,0.000480896,-0.00694701,1.67896,7.59375e-05,0.00948821,0.266609,10270.9,0.944283,0.252106,-0.8,0.15,1,1082.93,1.65274e+07,nan,nan,nan,nan,nan,nan,nan,nan,nan,nan,nan,nan,nan,nan,nan,nan,nan,nan,nan,nan
1346,nan,nan,0.0288494,0,0,0.0133384,0.104015,0.000510726,-0.00480705,1.67583,0.000113906,0.0152889,0.266556,10244,0.943292,0.256244,-0.8,0.15,1,1084.13,1.65396e+07,nan,nan,nan,nan,nan,nan,nan,nan,nan,nan,nan,nan,nan,nan,nan,nan,nan,nan,nan,nan
1347,nan,nan,0.0286144,0,0,0.0131687,0.0980363,0.000686441,-0.00518093,1.67278,2.25e-05,0.0113533,0.266528,10234.3,0.948689,0.251985,-0.8,0.15,1,1085.33,1.65519e+07,nan,nan,nan,nan,nan,nan,nan,nan,nan,nan,nan,nan,nan,nan,nan,nan,nan,nan,nan,nan
1348,nan,nan,0.028593,0,0,0.0127167,0.095167,0.000676511,-0.00444003,1.67263,7.59375e-05,0.0156782,0.266541,10344.7,0.938498,0.249354,-0.8,0.15,1,1086.52,1.65642e+07,nan,nan,nan,nan,nan,nan,nan,nan,nan,nan,nan,nan,nan,nan,nan,nan,nan,nan,nan,nan
1349,nan,nan,0.0285788,0,0,0.0127221,0.0975754,0.000490962,-0.00400363,1.67298,0.000113906,0.0147608,0.266535,10302.5,0.935814,0.256908,-0.8,0.15,1,1087.71,1.65765e+07,nan,nan,nan,nan,nan,nan,nan,nan,nan,nan,nan,nan,nan,nan,nan,nan,nan,nan,nan,nan
1350,7.63706,300,0.028504,21.3333,0,0.0125707,0.0948648,0.000629904,-0.00194686,1.67184,5.0625e-05,0.012686,0.266511,7201.99,1.45749,0.248702,-0.8,0.15,1,1089.42,1.65888e+07,0,0,1.13046,0.00046216,-0.077113,nan,0,nan,nan,nan,nan,0,nan,0,nan,-0.00711154,-0.113698,-0.111327,nan,nan
1351,nan,nan,0.00908491,0,0,0.233113,1.04711,0.0244817,-0.0100266,1.67082,1e-05,0.0157012,0.266505,10480,0.920728,0.251796,-0.8,0.15,1,1090.59,1.66011e+07,nan,nan,nan,nan,nan,nan,nan,nan,nan,nan,nan,nan,nan,nan,nan,nan,nan,nan,nan,nan
1352,nan,nan,0.0198881,0,0,0.129837,0.720366,0.00964109,-0.0142753,1.67098,3.375e-05,0.0173146,0.266512,10392.7,0.914478,0.267891,-0.8,0.15,1,1091.78,1.66134e+07,nan,nan,nan,nan,nan,nan,nan,nan,nan,nan,nan,nan,nan,nan,nan,nan,nan,nan,nan,nan
1353,nan,nan,0.0254087,0,0,0.042527,0.301582,0.0031096,-0.0112938,1.67281,0.000113906,0.0174005,0.26658,10401.8,0.92977,0.251563,-0.8,0.15,1,1092.96,1.66257e+07,nan,nan,nan,nan,nan,nan,nan,nan,nan,nan,nan,nan,nan,nan,nan,nan,nan,nan,nan,nan
1354,nan,nan,0.0278011,0,0,0.0258905,0.183794,0.001234,-0.00824114,1.67597,5.0625e-05,0.00954861,0.266578,10357.3,0.934799,0.251608,-0.8,0.15,1,1094.15,1.6638e+07,nan,nan,nan,nan,nan,nan,nan,nan,nan,nan,nan,nan,nan,nan,nan,nan,nan,nan,nan,nan
1355,nan,nan,0.0291221,0,0,0.0172749,0.123543,0.000657274,-0.00959431,1.67406,7.59375e-05,0.0175259,0.266534,9855.21,0.993646,0.253207,-0.8,0.15,1,1095.4,1.66502e+07,nan,nan,nan,nan,nan,nan,nan,nan,nan,nan,nan,nan,nan,nan,nan,nan,nan,nan,nan,nan
1356,nan,nan,0.0296095,0,0,0.0154736,0.113862,0.000442395,-0.00887347,1.67051,7.59375e-05,0.0148511,0.266475,9977.68,0.97871,0.252839,-0.8,0.15,1,1096.63,1.66625e+07,nan,nan,nan,nan,nan,nan,nan,nan,nan,nan,nan,nan,nan,nan,nan,nan,nan,nan,nan,nan
1357,nan,nan,0.0296852,0,0,0.0146325,0.109416,0.00092525,-0.00532053,1.66714,3.375e-05,0.00927338,0.266454,10313,0.940224,0.251282,-0.8,0.15,1,1097.82,1.66748e+07,nan,nan,nan,nan,nan,nan,nan,nan,nan,nan,nan,nan,nan,nan,nan,nan,nan,nan,nan,nan
1358,nan,nan,0.0295518,0,0,0.0137739,0.107989,0.00067267,-0.00567582,1.66576,7.59375e-05,0.014738,0.266397,10362.5,0.931367,0.254449,-0.8,0.15,1,1099.01,1.66871e+07,nan,nan,nan,nan,nan,nan,nan,nan,nan,nan,nan,nan,nan,nan,nan,nan,nan,nan,nan,nan
1359,nan,nan,0.0291845,0,0,0.0131984,0.102576,0.00210751,-0.00260327,1.66254,1e-05,0.0167131,0.266391,10273.9,0.945501,0.250536,-0.8,0.15,1,1100.21,1.66994e+07,nan,nan,nan,nan,nan,nan,nan,nan,nan,nan,nan,nan,nan,nan,nan,nan,nan,nan,nan,nan
1360,nan,nan,0.0293595,0,0,0.0133478,0.10401,0.00086273,-0.0052482,1.66368,1e-05,0.0103968,0.266414,10272.4,0.942478,0.253737,-0.8,0.15,1,1101.4,1.67117e+07,nan,nan,nan,nan,nan,nan,nan,nan,nan,nan,nan,nan,nan,nan,nan,nan,nan,nan,nan,nan
1361,nan,nan,0.029412,0,0,0.0128638,0.0998375,0.00134063,-0.00345465,1.66519,1e-05,0.0107063,0.266439,10364.9,0.935898,0.249643,-0.8,0.15,1,1102.59,1.6724e+07,nan,nan,nan,nan,nan,nan,nan,nan,nan,nan,nan,nan,nan,nan,nan,nan,nan,nan,nan,nan
1362,nan,nan,0.0293934,0,0,0.0122368,0.0925587,0.000912896,-0.00327144,1.66649,5.0625e-05,0.015563,0.266457,9962.65,0.941868,0.291539,-0.8,0.15,1,1103.82,1.67363e+07,nan,nan,nan,nan,nan,nan,nan,nan,nan,nan,nan,nan,nan,nan,nan,nan,nan,nan,nan,nan
1363,7.97267,300,0.0145359,21.3333,0,0.0949572,0.547064,0.0145242,-0.011916,1.66722,1e-05,0.0250792,0.266467,7166.01,1.45926,0.255501,-0.8,0.15,1,1105.54,1.67485e+07,0,0,1.13631,0.000579782,-0.0757971,nan,0,nan,nan,nan,nan,0,nan,0,nan,-0.0064537,-0.0899186,-0.0970513,nan,nan
1364,nan,nan,0.0167598,0,0,0.227341,0.964979,0.0183715,-0.0131084,1.66801,5.0625e-05,0.0152031,0.266488,10287.4,0.942114,0.252351,-0.8,0.15,1,1106.74,1.67608e+07,nan,nan,nan,nan,nan,nan,nan,nan,nan,nan,nan,nan,nan,nan,nan,nan,nan,nan,nan,nan
1365,nan,nan,0.0233101,0,0,0.0726091,0.484104,0.0061228,-0.0149305,1.67072,1.5e-05,0.0166899,0.266529,10357.2,0.933891,0.252532,-0.8,0.15,1,1107.92,1.67731e+07,nan,nan,nan,nan,nan,nan,nan,nan,nan,nan,nan,nan,nan,nan,nan,nan,nan,nan,nan,nan
1366,nan,nan,0.0264006,0,0,0.0376045,0.265177,0.00319997,-0.010944,1.67334,7.59375e-05,0.0149402,0.266582,10170.9,0.949111,0.259038,-0.8,0.15,1,1109.13,1.67854e+07,nan,nan,nan,nan,nan,nan,nan,nan,nan,nan,nan,nan,nan,nan,nan,nan,nan,nan,nan,nan
1367,nan,nan,0.0284501,0,0,0.0203245,0.15656,0.00126097,-0.0104106,1.67718,5.0625e-05,0.0125369,0.266612,10270.1,0.943677,0.252804,-0.8,0.15,1,1110.33,1.67977e+07,nan,nan,nan,nan,nan,nan,nan,nan,nan,nan,nan,nan,nan,nan,nan,nan,nan,nan,nan,nan
1368,nan,nan,0.0294871,0,0,0.0149699,0.109654,0.000964571,-0.00665067,1.67699,0.000113906,0.0120041,0.266591,9865.28,0.983579,0.262001,-0.8,0.15,1,1111.58,1.681e+07,nan,nan,nan,nan,nan,nan,nan,nan,nan,nan,nan,nan,nan,nan,nan,nan,nan,nan,nan,nan
1369,nan,nan,0.0297536,0,0,0.014181,0.106123,0.000696319,-0.00564148,1.67582,7.59375e-05,0.0114413,0.266588,10309.3,0.940819,0.251112,-0.8,0.15,1,1112.77,1.68223e+07,nan,nan,nan,nan,nan,nan,nan,nan,nan,nan,nan,nan,nan,nan,nan,nan,nan,nan,nan,nan
1370,nan,nan,0.0298685,0,0,0.0132783,0.102163,0.000604989,-0.00678832,1.67592,7.59375e-05,0.0124166,0.266585,10313.4,0.937625,0.253833,-0.8,0.15,1,1113.96,1.68346e+07,nan,nan,nan,nan,nan,nan,nan,nan,nan,nan,nan,nan,nan,nan,nan,nan,nan,nan,nan,nan
1371,nan,nan,0.029716,0,0,0.0129056,0.100703,0.000651702,-0.00776451,1.67472,7.59375e-05,0.0105773,0.266548,10202.3,0.945193,0.259243,-0.8,0.15,1,1115.17,1.68468e+07,nan,nan,nan,nan,nan,nan,nan,nan,nan,nan,nan,nan,nan,nan,nan,nan,nan,nan,nan,nan
1372,nan,nan,0.0295405,0,0,0.0128489,0.0988039,0.000902115,-0.00538319,1.67254,1e-05,0.0118301,0.266538,10279.6,0.945276,0.250102,-0.8,0.15,1,1116.36,1.68591e+07,nan,nan,nan,nan,nan,nan,nan,nan,nan,nan,nan,nan,nan,nan,nan,nan,nan,nan,nan,nan
1373,nan,nan,0.0295572,0,0,0.0119964,0.092957,0.000453126,-0.00473672,1.67257,5.0625e-05,0.0118756,0.266535,10382.6,0.933939,0.249576,-0.8,0.15,1,1117.55,1.68714e+07,nan,nan,nan,nan,nan,nan,nan,nan,nan,nan,nan,nan,nan,nan,nan,nan,nan,nan,nan,nan
1374,nan,nan,0.029542,0,0,0.0117933,0.090921,0.000402721,-0.00489713,1.6709,0.000113906,0.0131938,0.266499,10330.3,0.935887,0.253618,-0.8,0.15,1,1118.74,1.68837e+07,nan,nan,nan,nan,nan,nan,nan,nan,nan,nan,nan,nan,nan,nan,nan,nan,nan,nan,nan,nan
1375,7.95949,300,0.029418,21.3333,0,0.011661,0.0906745,0.000754441,-0.00431753,1.66914,1.5e-05,0.0122754,0.266487,7383.04,1.41446,0.249897,-0.8,0.15,1,1120.4,1.6896e+07,0,0,1.14511,0.000567004,-0.0757975,nan,0,nan,nan,nan,nan,0,nan,0,nan,-0.00648164,-0.0851693,-0.0911655,nan,nan
1376,nan,nan,0.00969605,0,0,0.227828,1.02486,0.0260463,-0.0161763,1.66888,1e-05,0.0202574,0.266493,10404.1,0.923973,0.257101,-0.8,0.15,1,1121.59,1.69083e+07,nan,nan,nan,nan,nan,nan,nan,nan,nan,nan,nan,nan,nan,nan,nan,nan,nan,nan,nan,nan
1377,nan,nan,0.0205184,0,0,0.125587,0.713155,0.0108807,-0.0148292,1.66969,1.5e-05,0.0189005,0.266504,10474.4,0.922411,0.250736,-0.8,0.15,1,1122.76,1.69206e+07,nan,nan,nan,nan,nan,nan,nan,nan,nan,nan,nan,nan,nan,nan,nan,nan,nan,nan,nan,nan
1378,nan,nan,0.0254101,0,0,0.0491676,0.33692,0.0054465,-0.0104485,1.66997,7.59375e-05,0.0151821,0.266506,10140.8,0.945697,0.266044,-0.8,0.15,1,1123.97,1.69329e+07,nan,nan,nan,nan,nan,nan,nan,nan,nan,nan,nan,nan,nan,nan,nan,nan,nan,nan,nan,nan
1379,nan,nan,0.0271307,0,0,0.0241638,0.182117,0.00411074,-0.00388003,1.67102,3.375e-05,0.00909507,0.266525,10242.9,0.940455,0.259208,-0.8,0.15,1,1125.17,1.69452e+07,nan,nan,nan,nan,nan,nan,nan,nan,nan,nan,nan,nan,nan,nan,nan,nan,nan,nan,nan,nan
1380,nan,nan,0.0286355,0,0,0.0161757,0.11523,0.00212133,-0.00672278,1.67136,7.59375e-05,0.0144982,0.266523,10233.5,0.946344,0.25442,-0.8,0.15,1,1126.38,1.69574e+07,nan,nan,nan,nan,nan,nan,nan,nan,nan,nan,nan,nan,nan,nan,nan,nan,nan,nan,nan,nan
1381,nan,nan,0.0294246,0,0,0.0147004,0.105101,0.00124422,-0.00962823,1.6718,1e-05,0.0101872,0.266529,10308.3,0.941227,0.250819,-0.8,0.15,1,1127.57,1.69697e+07,nan,nan,nan,nan,nan,nan,nan,nan,nan,nan,nan,nan,nan,nan,nan,nan,nan,nan,nan,nan
1382,nan,nan,0.0297167,0,0,0.0143518,0.105899,0.00141836,-0.00640316,1.67208,1e-05,0.0166186,0.266533,10212,0.951022,0.252269,-0.8,0.15,1,1128.77,1.6982e+07,nan,nan,nan,nan,nan,nan,nan,nan,nan,nan,nan,nan,nan,nan,nan,nan,nan,nan,nan,nan
1383,nan,nan,0.0298451,0,0,0.0131098,0.0999014,0.00109555,-0.00544441,1.67243,1e-05,0.0122249,0.266535,9872.73,0.97877,0.265871,-0.8,0.15,1,1130.02,1.69943e+07,nan,nan,nan,nan,nan,nan,nan,nan,nan,nan,nan,nan,nan,nan,nan,nan,nan,nan,nan,nan
1384,nan,nan,0.0297998,0,0,0.0122922,0.0973401,0.00137933,-0.00489429,1.67227,1e-05,0.0137323,0.26653,9749.89,0.968699,0.291623,-0.8,0.15,1,1131.28,1.70066e+07,nan,nan,nan,nan,nan,nan,nan,nan,nan,nan,nan,nan,nan,nan,nan,nan,nan,nan,nan,nan
1385,nan,nan,0.0297718,0,0,0.0120805,0.0963116,0.000887847,-0.00495674,1.67229,1e-05,0.0170065,0.266536,10368.8,0.934957,0.250133,-0.8,0.15,1,1132.47,1.70189e+07,nan,nan,nan,nan,nan,nan,nan,nan,nan,nan,nan,nan,nan,nan,nan,nan,nan,nan,nan,nan
1386,nan,nan,0.0299641,0,0,0.0123116,0.0954454,0.000373332,-0.00382928,1.67239,5.0625e-05,0.0115523,0.266528,10289.7,0.938798,0.255404,-0.8,0.15,1,1133.66,1.70312e+07,nan,nan,nan,nan,nan,nan,nan,nan,nan,nan,nan,nan,nan,nan,nan,nan,nan,nan,nan,nan
1387,nan,nan,0.0298041,0,0,0.012199,0.0946178,0.000531829,-0.00481479,1.66969,0.000113906,0.0120447,0.266458,10256.8,0.948105,0.249927,-0.8,0.15,1,1134.86,1.70435e+07,nan,nan,nan,nan,nan,nan,nan,nan,nan,nan,nan,nan,nan,nan,nan,nan,nan,nan,nan,nan
1388,8.03124,300,0.0149502,21.3333,0,0.0945007,0.546528,0.0145102,-0.00848099,1.66594,1e-05,0.0203908,0.266437,7368.42,1.41803,0.249628,-0.8,0.15,1,1136.53,1.70557e+07,0,0,1.15426,0.000535531,-0.073153,nan,0,nan,nan,nan,nan,0,nan,0,nan,-0.00619806,-0.0761068,-0.0995097,nan,nan
1389,nan,nan,0.017861,0,0,0.216261,0.897301,0.0181485,-0.0133719,1.6666,1e-05,0.0178719,0.266458,10586.9,0.910178,0.2505,-0.8,0.15,1,1137.69,1.7068e+07,nan,nan,nan,nan,nan,nan,nan,nan,nan,nan,nan,nan,nan,nan,nan,nan,nan,nan,nan,nan
1390,nan,nan,0.0241203,0,0,0.0598747,0.402244,0.0048106,-0.0126299,1.66765,2.25e-05,0.0128897,0.266466,10278.7,0.932362,0.263115,-0.8,0.15,1,1138.89,1.70803e+07,nan,nan,nan,nan,nan,nan,nan,nan,nan,nan,nan,nan,nan,nan,nan,nan,nan,nan,nan,nan
1391,nan,nan,0.0276328,0,0,0.0331289,0.221607,0.00470059,-0.00812772,1.66823,1e-05,0.013876,0.266475,10156.7,0.946646,0.263199,-0.8,0.15,1,1140.1,1.70926e+07,nan,nan,nan,nan,nan,nan,nan,nan,nan,nan,nan,nan,nan,nan,nan,nan,nan,nan,nan,nan
1392,nan,nan,0.0290231,0,0,0.0202998,0.139916,0.00180745,-0.00786638,1.66953,7.59375e-05,0.0108224,0.26651,10266.6,0.944825,0.252067,-0.8,0.15,1,1141.3,1.71049e+07,nan,nan,nan,nan,nan,nan,nan,nan,nan,nan,nan,nan,nan,nan,nan,nan,nan,nan,nan,nan
1393,nan,nan,0.0294654,0,0,0.0151608,0.114067,0.0017147,-0.00791664,1.67224,5.0625e-05,0.0133397,0.266534,10368.8,0.93409,0.250999,-0.8,0.15,1,1142.49,1.71172e+07,nan,nan,nan,nan,nan,nan,nan,nan,nan,nan,nan,nan,nan,nan,nan,nan,nan,nan,nan,nan
1394,nan,nan,0.0297374,0,0,0.0149115,0.110173,0.000932318,-0.00630012,1.6717,0.000113906,0.0133274,0.266495,10265.4,0.941158,0.255878,-0.8,0.15,1,1143.68,1.71295e+07,nan,nan,nan,nan,nan,nan,nan,nan,nan,nan,nan,nan,nan,nan,nan,nan,nan,nan,nan,nan
1395,nan,nan,0.0296389,0,0,0.0135552,0.100576,0.00154121,-0.00618497,1.66927,7.59375e-05,0.011175,0.266484,10194.8,0.953967,0.251352,-0.8,0.15,1,1144.89,1.71418e+07,nan,nan,nan,nan,nan,nan,nan,nan,nan,nan,nan,nan,nan,nan,nan,nan,nan,nan,nan,nan
1396,nan,nan,0.0298686,0,0,0.0118678,0.0937875,0.00038227,-0.0067163,1.66834,5.0625e-05,0.0117626,0.266464,10296.6,0.941057,0.252351,-0.8,0.15,1,1146.08,1.7154e+07,nan,nan,nan,nan,nan,nan,nan,nan,nan,nan,nan,nan,nan,nan,nan,nan,nan,nan,nan,nan
1397,nan,nan,0.0297561,0,0,0.0119623,0.0951877,0.000307901,-0.00472117,1.66562,5.0625e-05,0.00875353,0.266422,10403.5,0.930195,0.250948,-0.8,0.15,1,1147.27,1.71663e+07,nan,nan,nan,nan,nan,nan,nan,nan,nan,nan,nan,nan,nan,nan,nan,nan,nan,nan,nan,nan
1398,nan,nan,0.0295598,0,0,0.0119667,0.0957726,0.000354192,-0.00714262,1.66368,7.59375e-05,0.0128007,0.266393,10423.3,0.925775,0.253126,-0.8,0.15,1,1148.45,1.71786e+07,nan,nan,nan,nan,nan,nan,nan,nan,nan,nan,nan,nan,nan,nan,nan,nan,nan,nan,nan,nan
1399,nan,nan,0.029423,0,0,0.0117159,0.0949824,0.000277852,-0.00587059,1.662,5.0625e-05,0.0113055,0.266375,10220.1,0.9469,0.255438,-0.8,0.15,1,1149.65,1.71909e+07,nan,nan,nan,nan,nan,nan,nan,nan,nan,nan,nan,nan,nan,nan,nan,nan,nan,nan,nan,nan
1400,8.05129,300,0.0293519,21.3333,0,0.0116406,0.0935512,0.000258778,-0.00617671,1.66173,7.59375e-05,0.0125925,0.266395,7396.45,1.41104,0.250299,-0.8,0.15,1,1151.31,1.72032e+07,0,0,1.15857,0.000560277,-0.0731575,nan,0,nan,nan,nan,nan,0,nan,0,nan,-0.00665906,-0.109427,-0.0977743,nan,nan
1401,nan,nan,0.00712195,0,0,0.222534,1.04432,0.0309408,-0.012634,1.6634,1e-05,0.0174731,0.26642,10343.5,0.934029,0.253965,-0.8,0.15,1,1153.93,1.72155e+07,nan,nan,nan,nan,nan,nan,nan,nan,nan,nan,nan,nan,nan,nan,nan,nan,nan,nan,nan,nan
1402,nan,nan,0.0202412,0,0,0.120928,0.672298,0.0104982,-0.0143174,1.66556,2.25e-05,0.0184474,0.266463,9484.56,1.00538,0.290204,-0.8,0.15,1,1155.23,1.72278e+07,nan,nan,nan,nan,nan,nan,nan,nan,nan,nan,nan,nan,nan,nan,nan,nan,nan,nan,nan,nan
1403,nan,nan,0.026146,0,0,0.0437619,0.298834,0.00262052,-0.0121335,1.66823,3.375e-05,0.00922687,0.26649,9905.32,0.975537,0.265009,-0.8,0.15,1,1156.47,1.72401e+07,nan,nan,nan,nan,nan,nan,nan,nan,nan,nan,nan,nan,nan,nan,nan,nan,nan,nan,nan,nan
1404,nan,nan,0.0283966,0,0,0.0253112,0.182246,0.000960275,-0.00815828,1.66895,0.000113906,0.0145653,0.266497,9966.07,0.972856,0.260128,-0.8,0.15,1,1157.71,1.72524e+07,nan,nan,nan,nan,nan,nan,nan,nan,nan,nan,nan,nan,nan,nan,nan,nan,nan,nan,nan,nan
1405,nan,nan,0.0291225,0,0,0.0162947,0.118387,0.00181644,-0.00514471,1.66967,1e-05,0.0137224,0.266501,10235.3,0.945174,0.255378,-0.8,0.15,1,1158.91,1.72646e+07,nan,nan,nan,nan,nan,nan,nan,nan,nan,nan,nan,nan,nan,nan,nan,nan,nan,nan,nan,nan
1406,nan,nan,0.0292382,0,0,0.0136984,0.102235,0.00248237,-0.00687068,1.6699,1e-05,0.014709,0.266508,10184.8,0.953275,0.253227,-0.8,0.15,1,1160.12,1.72769e+07,nan,nan,nan,nan,nan,nan,nan,nan,nan,nan,nan,nan,nan,nan,nan,nan,nan,nan,nan,nan
1407,nan,nan,0.0295031,0,0,0.0132537,0.101516,0.00158293,-0.00622651,1.67081,1e-05,0.0159907,0.266523,10080.7,0.959246,0.259718,-0.8,0.15,1,1161.34,1.72892e+07,nan,nan,nan,nan,nan,nan,nan,nan,nan,nan,nan,nan,nan,nan,nan,nan,nan,nan,nan,nan
1408,nan,nan,0.0298501,0,0,0.0120849,0.0938971,0.000700998,-0.00344307,1.6713,1.5e-05,0.0088061,0.266525,10311.4,0.940554,0.251137,-0.8,0.15,1,1162.53,1.73015e+07,nan,nan,nan,nan,nan,nan,nan,nan,nan,nan,nan,nan,nan,nan,nan,nan,nan,nan,nan,nan
1409,nan,nan,0.029878,0,0,0.011248,0.0909672,0.000522809,-0.00485298,1.67114,7.59375e-05,0.0131016,0.26652,10364.5,0.929,0.256587,-0.8,0.15,1,1163.72,1.73138e+07,nan,nan,nan,nan,nan,nan,nan,nan,nan,nan,nan,nan,nan,nan,nan,nan,nan,nan,nan,nan
1410,nan,nan,0.0298087,0,0,0.0113633,0.0904131,0.000208068,-0.00186943,1.66838,0.000170859,0.0138654,0.266416,9850.53,0.989273,0.258173,-0.8,0.15,1,1164.96,1.73261e+07,nan,nan,nan,nan,nan,nan,nan,nan,nan,nan,nan,nan,nan,nan,nan,nan,nan,nan,nan,nan
1411,nan,nan,0.0296734,0,0,0.0111173,0.0911772,0.000155113,-0.00102413,1.6617,2.25e-05,0.00871408,0.266368,10336.9,0.936794,0.251958,-0.8,0.15,1,1166.15,1.73384e+07,nan,nan,nan,nan,nan,nan,nan,nan,nan,nan,nan,nan,nan,nan,nan,nan,nan,nan,nan,nan
1412,nan,nan,0.0295698,0,0,0.011078,0.0901837,0.000128777,-0.0047811,1.65762,7.59375e-05,0.0102535,0.266256,10347.2,0.936114,0.251456,-0.8,0.15,1,1167.34,1.73507e+07,nan,nan,nan,nan,nan,nan,nan,nan,nan,nan,nan,nan,nan,nan,nan,nan,nan,nan,nan,nan
1413,7.99797,300,0.0148997,21.3333,0,0.0966131,0.564787,0.0131579,-0.008636,1.65073,1e-05,0.0165161,0.266221,7282.49,1.42018,0.267153,-0.8,0.15,1,1169.03,1.73629e+07,0,0,1.14198,0.000435217,-0.0732846,nan,0,nan,nan,nan,nan,0,nan,0,nan,-0.00654083,-0.101686,-0.106238,nan,nan
1414,nan,nan,0.0180307,0,0,0.227498,0.945816,0.0150262,-0.0140778,1.65337,2.25e-05,0.018911,0.266299,9533.83,1.02311,0.265778,-0.8,0.15,1,1170.32,1.73752e+07,nan,nan,nan,nan,nan,nan,nan,nan,nan,nan,nan,nan,nan,nan,nan,nan,nan,nan,nan,nan
1415,nan,nan,0.0244952,0,0,0.0673061,0.437876,0.00583215,-0.0123721,1.65964,1e-05,0.0188723,0.266385,9485.43,0.993671,0.30179,-0.8,0.15,1,1171.62,1.73875e+07,nan,nan,nan,nan,nan,nan,nan,nan,nan,nan,nan,nan,nan,nan,nan,nan,nan,nan,nan,nan
1416,nan,nan,0.0280916,0,0,0.0301465,0.214266,0.00227167,-0.0084282,1.66409,7.59375e-05,0.0132838,0.26646,10146.5,0.9556,0.255456,-0.8,0.15,1,1172.83,1.73998e+07,nan,nan,nan,nan,nan,nan,nan,nan,nan,nan,nan,nan,nan,nan,nan,nan,nan,nan,nan,nan
1417,nan,nan,0.029827,0,0,0.0180317,0.135265,0.000751339,-0.0051813,1.66761,7.59375e-05,0.0164029,0.266467,9904.78,0.971703,0.26891,-0.8,0.15,1,1174.07,1.74121e+07,nan,nan,nan,nan,nan,nan,nan,nan,nan,nan,nan,nan,nan,nan,nan,nan,nan,nan,nan,nan
1418,nan,nan,0.030523,0,0,0.013752,0.108061,0.000376277,-0.00631502,1.66756,7.59375e-05,0.0136091,0.266475,9848.38,0.969608,0.27811,-0.8,0.15,1,1175.32,1.74244e+07,nan,nan,nan,nan,nan,nan,nan,nan,nan,nan,nan,nan,nan,nan,nan,nan,nan,nan,nan,nan
1419,nan,nan,0.0306962,0,0,0.0137259,0.103733,0.000455546,-0.00567054,1.6671,0.000170859,0.0151316,0.266424,10076.1,0.964362,0.255163,-0.8,0.15,1,1176.54,1.74367e+07,nan,nan,nan,nan,nan,nan,nan,nan,nan,nan,nan,nan,nan,nan,nan,nan,nan,nan,nan,nan
1420,nan,nan,0.0307448,0,0,0.0127311,0.102906,0.000303027,-0.0010732,1.66363,0.000170859,0.0132844,0.266399,9975.08,0.976401,0.255468,-0.8,0.15,1,1177.77,1.7449e+07,nan,nan,nan,nan,nan,nan,nan,nan,nan,nan,nan,nan,nan,nan,nan,nan,nan,nan,nan,nan
1421,nan,nan,0.030816,0,0,0.0123737,0.10208,0.000301289,0.00156958,1.66349,1e-05,0.018856,0.2664,9829.86,0.981205,0.268864,-0.8,0.15,1,1179.03,1.74612e+07,nan,nan,nan,nan,nan,nan,nan,nan,nan,nan,nan,nan,nan,nan,nan,nan,nan,nan,nan,nan
1422,nan,nan,0.0306944,0,0,0.0118546,0.0991275,0.000310765,-0.00273136,1.66393,1e-05,0.0126463,0.266405,9965.23,0.973984,0.259103,-0.8,0.15,1,1180.26,1.74735e+07,nan,nan,nan,nan,nan,nan,nan,nan,nan,nan,nan,nan,nan,nan,nan,nan,nan,nan,nan,nan
1423,nan,nan,0.0306187,0,0,0.0114618,0.0993343,0.000113723,-0.00562408,1.66177,7.59375e-05,0.00804836,0.266306,10043.3,0.96851,0.254996,-0.8,0.15,1,1181.49,1.74858e+07,nan,nan,nan,nan,nan,nan,nan,nan,nan,nan,nan,nan,nan,nan,nan,nan,nan,nan,nan,nan
1424,nan,nan,0.0304691,0,0,0.0111051,0.0990884,0.000104483,-0.00319987,1.65039,0.000113906,0.00870226,0.266121,10124.1,0.9531,0.260634,-0.8,0.15,1,1182.7,1.74981e+07,nan,nan,nan,nan,nan,nan,nan,nan,nan,nan,nan,nan,nan,nan,nan,nan,nan,nan,nan,nan
1425,8.2904,300,0.0302266,21.3333,0,0.0115283,0.100104,0.000146491,-0.00534891,1.64065,5.0625e-05,0.00906723,0.266015,6981.65,1.48725,0.272796,-0.8,0.15,1,1184.46,1.75104e+07,0,0,1.14864,0.000556252,-0.0733254,nan,0,nan,nan,nan,nan,0,nan,0,nan,-0.00588364,-0.0624056,-0.0961172,nan,nan
1426,nan,nan,0.0106346,0,0,0.207562,0.978132,0.0240443,-0.0133694,1.63463,1e-05,0.014951,0.265965,10017.9,0.960821,0.265787,-0.8,0.15,1,1185.69,1.75227e+07,nan,nan,nan,nan,nan,nan,nan,nan,nan,nan,nan,nan,nan,nan,nan,nan,nan,nan,nan,nan
1427,nan,nan,0.0220172,0,0,0.105406,0.601002,0.00582351,-0.013045,1.63558,5.0625e-05,0.0177269,0.266034,10154.3,0.953885,0.256241,-0.8,0.15,1,1186.9,1.7535e+07,nan,nan,nan,nan,nan,nan,nan,nan,nan,nan,nan,nan,nan,nan,nan,nan,nan,nan,nan,nan
1428,nan,nan,0.0278527,0,0,0.0373913,0.269897,0.0013788,-0.0113366,1.64205,3.375e-05,0.0114225,0.266115,10179.6,0.952789,0.254332,-0.8,0.15,1,1188.11,1.75473e+07,nan,nan,nan,nan,nan,nan,nan,nan,nan,nan,nan,nan,nan,nan,nan,nan,nan,nan,nan,nan
1429,nan,nan,0.0299146,0,0,0.0213328,0.172431,0.000672089,-0.00830372,1.64534,3.375e-05,0.0116361,0.266149,9678.83,0.96931,0.300265,-0.8,0.15,1,1189.38,1.75596e+07,nan,nan,nan,nan,nan,nan,nan,nan,nan,nan,nan,nan,nan,nan,nan,nan,nan,nan,nan,nan
1430,nan,nan,0.0309877,0,0,0.0149453,0.114245,0.00071104,-0.00744665,1.64684,5.0625e-05,0.00904054,0.266161,9898.42,0.981511,0.259899,-0.8,0.15,1,1190.62,1.75718e+07,nan,nan,nan,nan,nan,nan,nan,nan,nan,nan,nan,nan,nan,nan,nan,nan,nan,nan,nan,nan
1431,nan,nan,0.0313596,0,0,0.0135634,0.10558,0.000389831,-0.00556693,1.6473,5.0625e-05,0.0105065,0.266176,9844.1,0.988756,0.259504,-0.8,0.15,1,1191.87,1.75841e+07,nan,nan,nan,nan,nan,nan,nan,nan,nan,nan,nan,nan,nan,nan,nan,nan,nan,nan,nan,nan
1432,nan,nan,0.0316059,0,0,0.012793,0.0996416,0.000201156,-0.00736796,1.64735,5.0625e-05,0.00961505,0.266159,9570.54,0.978341,0.305599,-0.8,0.15,1,1193.16,1.75964e+07,nan,nan,nan,nan,nan,nan,nan,nan,nan,nan,nan,nan,nan,nan,nan,nan,nan,nan,nan,nan
1433,nan,nan,0.0315241,0,0,0.0123623,0.0974857,0.000551474,-0.00557896,1.64625,1.5e-05,0.00818444,0.266159,9791.14,0.992058,0.262954,-0.8,0.15,1,1194.41,1.76087e+07,nan,nan,nan,nan,nan,nan,nan,nan,nan,nan,nan,nan,nan,nan,nan,nan,nan,nan,nan,nan
1434,nan,nan,0.0315896,0,0,0.0118185,0.097143,0.000219402,-0.00443038,1.64638,7.59375e-05,0.0103798,0.266132,9957.9,0.973884,0.260111,-0.8,0.15,1,1195.65,1.7621e+07,nan,nan,nan,nan,nan,nan,nan,nan,nan,nan,nan,nan,nan,nan,nan,nan,nan,nan,nan,nan
1435,nan,nan,0.0315663,0,0,0.011314,0.0954066,0.000138584,-0.00477058,1.64275,5.0625e-05,0.0116761,0.26607,9907.07,0.97762,0.262707,-0.8,0.15,1,1196.89,1.76333e+07,nan,nan,nan,nan,nan,nan,nan,nan,nan,nan,nan,nan,nan,nan,nan,nan,nan,nan,nan,nan
1436,nan,nan,0.0313631,0,0,0.0112388,0.0941232,0.000110341,-0.00716564,1.63617,0.000113906,0.0142941,0.265912,10010.6,0.964667,0.262833,-0.8,0.15,1,1198.12,1.76456e+07,nan,nan,nan,nan,nan,nan,nan,nan,nan,nan,nan,nan,nan,nan,nan,nan,nan,nan,nan,nan
1437,nan,nan,0.0311208,0,0,0.01129,0.0954501,0.000146631,-0.00602554,1.62556,3.375e-05,0.0110924,0.265799,9612.65,0.978369,0.299947,-0.8,0.15,1,1199.4,1.76579e+07,nan,nan,nan,nan,nan,nan,nan,nan,nan,nan,nan,nan,nan,nan,nan,nan,nan,nan,nan,nan
1438,8.5699,300,0.0173519,21.3333,0,0.0923215,0.562212,0.0098978,-0.0133423,1.62251,1.5e-05,0.0192358,0.265787,7284.37,1.43675,0.250152,-0.8,0.15,1,1201.09,1.76701e+07,0,0,1.2012,0.000510494,-0.0704806,nan,0,nan,nan,nan,nan,0,nan,0,nan,-0.00573469,-0.0635579,-0.0878794,nan,nan
1439,nan,nan,0.0180489,0,0,0.217113,0.884119,0.0114853,-0.0103304,1.62468,3.375e-05,0.0157797,0.265855,10426.4,0.92569,0.252855,-0.8,0.15,1,1202.27,1.76824e+07,nan,nan,nan,nan,nan,nan,nan,nan,nan,nan,nan,nan,nan,nan,nan,nan,nan,nan,nan,nan
1440,nan,nan,0.0254043,0,0,0.0585621,0.389887,0.00444378,-0.0112587,1.63127,1.5e-05,0.0146145,0.265943,10443.6,0.925564,0.251044,-0.8,0.15,1,1203.44,1.76947e+07,nan,nan,nan,nan,nan,nan,nan,nan,nan,nan,nan,nan,nan,nan,nan,nan,nan,nan,nan,nan
1441,nan,nan,0.0285468,0,0,0.0272466,0.211258,0.00225807,-0.00789377,1.63673,3.375e-05,0.00834728,0.266043,10199.5,0.943254,0.261506,-0.8,0.15,1,1204.65,1.7707e+07,nan,nan,nan,nan,nan,nan,nan,nan,nan,nan,nan,nan,nan,nan,nan,nan,nan,nan,nan,nan
1442,nan,nan,0.0300245,0,0,0.0152423,0.122659,0.00148879,-0.00709785,1.64436,2.25e-05,0.0103586,0.266137,10139.5,0.941685,0.270211,-0.8,0.15,1,1205.86,1.77193e+07,nan,nan,nan,nan,nan,nan,nan,nan,nan,nan,nan,nan,nan,nan,nan,nan,nan,nan,nan,nan
1443,nan,nan,0.0306351,0,0,0.0136357,0.109139,0.00124196,-0.00499483,1.64925,7.59375e-05,0.00940284,0.266211,9341.37,1.04041,0.275031,-0.8,0.15,1,1207.18,1.77316e+07,nan,nan,nan,nan,nan,nan,nan,nan,nan,nan,nan,nan,nan,nan,nan,nan,nan,nan,nan,nan
1444,nan,nan,0.0310259,0,0,0.0130777,0.10243,0.000669945,-0.00613488,1.65368,7.59375e-05,0.015352,0.266259,9636.42,0.997014,0.278148,-0.8,0.15,1,1208.46,1.77439e+07,nan,nan,nan,nan,nan,nan,nan,nan,nan,nan,nan,nan,nan,nan,nan,nan,nan,nan,nan,nan
1445,nan,nan,0.0312342,0,0,0.0121878,0.0976176,0.000407045,-0.00341573,1.65508,0.000170859,0.0144581,0.266251,9237.26,1.02933,0.300937,-0.8,0.15,1,1209.79,1.77562e+07,nan,nan,nan,nan,nan,nan,nan,nan,nan,nan,nan,nan,nan,nan,nan,nan,nan,nan,nan,nan
1446,nan,nan,0.0312542,0,0,0.0117195,0.0965118,0.000233843,-0.00235895,1.65219,0.000113906,0.0194465,0.266173,9395.88,1.02508,0.28273,-0.8,0.15,1,1211.1,1.77684e+07,nan,nan,nan,nan,nan,nan,nan,nan,nan,nan,nan,nan,nan,nan,nan,nan,nan,nan,nan,nan
1447,nan,nan,0.0310512,0,0,0.0115638,0.0957159,0.000617521,-0.00395853,1.64882,5.0625e-05,0.0142892,0.266177,9474.23,1.0105,0.286494,-0.8,0.15,1,1212.39,1.77807e+07,nan,nan,nan,nan,nan,nan,nan,nan,nan,nan,nan,nan,nan,nan,nan,nan,nan,nan,nan,nan
1448,nan,nan,0.0310212,0,0,0.0111518,0.0934786,0.000213574,-0.00382964,1.64752,0.000113906,0.0121103,0.26608,9820.19,0.988215,0.263085,-0.8,0.15,1,1213.65,1.7793e+07,nan,nan,nan,nan,nan,nan,nan,nan,nan,nan,nan,nan,nan,nan,nan,nan,nan,nan,nan,nan
1449,nan,nan,0.0308851,0,0,0.0111283,0.0945701,0.000186404,-0.00428052,1.63886,5.0625e-05,0.0117527,0.265985,9546.58,1.02158,0.265586,-0.8,0.15,1,1214.93,1.78053e+07,nan,nan,nan,nan,nan,nan,nan,nan,nan,nan,nan,nan,nan,nan,nan,nan,nan,nan,nan,nan
1450,8.44207,300,0.0308127,21.3333,0,0.0111332,0.095131,0.00019503,-0.00505072,1.63378,2.25e-05,0.00902491,0.265923,6887.29,1.52058,0.263576,-0.8,0.15,1,1216.72,1.78176e+07,0,0,1.19829,0.000634099,-0.0704912,nan,0,nan,nan,nan,nan,0,nan,0,nan,-0.00583419,-0.0739583,-0.0926486,nan,nan
1451,nan,nan,0.0106147,0,0,0.230951,1.06386,0.0285555,-0.0136944,1.63163,1e-05,0.0155124,0.265911,9551.69,0.991719,0.294755,-0.8,0.15,1,1218.01,1.78299e+07,nan,nan,nan,nan,nan,nan,nan,nan,nan,nan,nan,nan,nan,nan,nan,nan,nan,nan,nan,nan
1452,nan,nan,0.0218005,0,0,0.120658,0.67656,0.00647214,-0.0151553,1.63418,7.59375e-05,0.0182048,0.266007,9786.46,0.973486,0.282126,-0.8,0.15,1,1219.26,1.78422e+07,nan,nan,nan,nan,nan,nan,nan,nan,nan,nan,nan,nan,nan,nan,nan,nan,nan,nan,nan,nan
1453,nan,nan,0.027762,0,0,0.0334057,0.243727,0.00185215,-0.0128646,1.64277,5.0625e-05,0.0161742,0.266117,9935.38,0.967602,0.26919,-0.8,0.15,1,1220.5,1.78545e+07,nan,nan,nan,nan,nan,nan,nan,nan,nan,nan,nan,nan,nan,nan,nan,nan,nan,nan,nan,nan
1454,nan,nan,0.0300594,0,0,0.0165381,0.139913,0.00133519,-0.00447032,1.64747,7.59375e-05,0.0111237,0.266179,9885.04,0.977806,0.265284,-0.8,0.15,1,1221.75,1.78668e+07,nan,nan,nan,nan,nan,nan,nan,nan,nan,nan,nan,nan,nan,nan,nan,nan,nan,nan,nan,nan
1455,nan,nan,0.0310257,0,0,0.0132585,0.108859,0.00061576,-0.0047186,1.65083,5.0625e-05,0.00960589,0.26621,9683.46,1.00174,0.26723,-0.8,0.15,1,1223.02,1.7879e+07,nan,nan,nan,nan,nan,nan,nan,nan,nan,nan,nan,nan,nan,nan,nan,nan,nan,nan,nan,nan
1456,nan,nan,0.0312768,0,0,0.0133202,0.10947,0.000464663,-0.00694477,1.65075,5.0625e-05,0.0089141,0.266191,9071.41,1.06591,0.288676,-0.8,0.15,1,1224.37,1.78913e+07,nan,nan,nan,nan,nan,nan,nan,nan,nan,nan,nan,nan,nan,nan,nan,nan,nan,nan,nan,nan
1457,nan,nan,0.0313062,0,0,0.0131719,0.107542,0.000593989,-0.00676872,1.64871,0.000113906,0.011384,0.266167,9647.02,1.00093,0.272832,-0.8,0.15,1,1225.65,1.79036e+07,nan,nan,nan,nan,nan,nan,nan,nan,nan,nan,nan,nan,nan,nan,nan,nan,nan,nan,nan,nan
1458,nan,nan,0.0315507,0,0,0.0127124,0.103583,0.00034616,-0.00684269,1.64662,5.0625e-05,0.0172936,0.266122,9775.5,0.98985,0.267171,-0.8,0.15,1,1226.91,1.79159e+07,nan,nan,nan,nan,nan,nan,nan,nan,nan,nan,nan,nan,nan,nan,nan,nan,nan,nan,nan,nan
1459,nan,nan,0.031453,0,0,0.0121454,0.103462,0.000350583,-0.00407754,1.64274,0.000113906,0.0137425,0.266064,9649.53,0.993443,0.279987,-0.8,0.15,1,1228.18,1.79282e+07,nan,nan,nan,nan,nan,nan,nan,nan,nan,nan,nan,nan,nan,nan,nan,nan,nan,nan,nan,nan
1460,nan,nan,0.0312739,0,0,0.0113978,0.100274,0.000346873,-0.00365494,1.6386,0.000170859,0.0146157,0.265995,9691.06,0.999897,0.268076,-0.8,0.15,1,1229.45,1.79405e+07,nan,nan,nan,nan,nan,nan,nan,nan,nan,nan,nan,nan,nan,nan,nan,nan,nan,nan,nan,nan
1461,nan,nan,0.0310014,0,0,0.011517,0.102366,0.000621124,-0.0041563,1.63517,0.000113906,0.0161843,0.265969,9777.66,0.978417,0.278326,-0.8,0.15,1,1230.71,1.79528e+07,nan,nan,nan,nan,nan,nan,nan,nan,nan,nan,nan,nan,nan,nan,nan,nan,nan,nan,nan,nan
1462,nan,nan,0.0309063,0,0,0.0117137,0.102643,0.000961707,-0.00480423,1.63397,7.59375e-05,0.0119048,0.265968,9370.7,1.03467,0.276654,-0.8,0.15,1,1232.02,1.79651e+07,nan,nan,nan,nan,nan,nan,nan,nan,nan,nan,nan,nan,nan,nan,nan,nan,nan,nan,nan,nan
1463,8.53104,300,0.0162934,21.3333,0,0.0994489,0.590401,0.0150346,-0.0116297,1.63604,1e-05,0.0189574,0.266011,6939.04,1.50353,0.267315,-0.8,0.15,1,1233.79,1.79773e+07,0,0,1.17787,0.000548102,-0.0720104,nan,0,nan,nan,nan,nan,0,nan,0,nan,-0.0057738,-0.0647135,-0.0875739,nan,nan
1464,nan,nan,0.0185232,0,0,0.232765,0.979061,0.013594,-0.0154324,1.63939,1.5e-05,0.019045,0.266075,9615.51,1.00925,0.268686,-0.8,0.15,1,1235.07,1.79896e+07,nan,nan,nan,nan,nan,nan,nan,nan,nan,nan,nan,nan,nan,nan,nan,nan,nan,nan,nan,nan
1465,nan,nan,0.0244621,0,0,0.0659906,0.447922,0.00386715,-0.0152095,1.64361,7.59375e-05,0.0167573,0.266151,9903.61,0.974103,0.266657,-0.8,0.15,1,1236.31,1.80019e+07,nan,nan,nan,nan,nan,nan,nan,nan,nan,nan,nan,nan,nan,nan,nan,nan,nan,nan,nan,nan
1466,nan,nan,0.0281237,0,0,0.0316887,0.241499,0.00105942,-0.0104605,1.6493,7.59375e-05,0.0162728,0.266225,9912.77,0.973907,0.265706,-0.8,0.15,1,1237.55,1.80142e+07,nan,nan,nan,nan,nan,nan,nan,nan,nan,nan,nan,nan,nan,nan,nan,nan,nan,nan,nan,nan
1467,nan,nan,0.0299899,0,0,0.0177029,0.151102,0.000515048,-0.00654042,1.65075,0.000170859,0.0138883,0.266193,9910.8,0.974152,0.265708,-0.8,0.15,1,1238.79,1.80265e+07,nan,nan,nan,nan,nan,nan,nan,nan,nan,nan,nan,nan,nan,nan,nan,nan,nan,nan,nan,nan
1468,nan,nan,0.0308263,0,0,0.0132756,0.113928,0.000265302,-0.0034963,1.64635,0.000113906,0.0153953,0.266108,9618.8,0.991002,0.286496,-0.8,0.15,1,1240.07,1.80388e+07,nan,nan,nan,nan,nan,nan,nan,nan,nan,nan,nan,nan,nan,nan,nan,nan,nan,nan,nan,nan
1469,nan,nan,0.0311085,0,0,0.0124062,0.108356,0.000303844,-0.00377831,1.63937,5.0625e-05,0.00823395,0.266022,9675.87,1.00461,0.265358,-0.8,0.15,1,1241.34,1.80511e+07,nan,nan,nan,nan,nan,nan,nan,nan,nan,nan,nan,nan,nan,nan,nan,nan,nan,nan,nan,nan
1470,nan,nan,0.0310892,0,0,0.0124439,0.107204,0.000233724,-0.00566123,1.63428,0.000113906,0.0119882,0.265954,9697.96,1.00167,0.265399,-0.8,0.15,1,1242.61,1.80634e+07,nan,nan,nan,nan,nan,nan,nan,nan,nan,nan,nan,nan,nan,nan,nan,nan,nan,nan,nan,nan
1471,nan,nan,0.0310334,0,0,0.0120187,0.107188,0.000239136,-0.00311762,1.63095,5.0625e-05,0.0116426,0.26592,9683.85,0.996668,0.272249,-0.8,0.15,1,1243.88,1.80756e+07,nan,nan,nan,nan,nan,nan,nan,nan,nan,nan,nan,nan,nan,nan,nan,nan,nan,nan,nan,nan
1472,nan,nan,0.0308281,0,0,0.0120155,0.10902,0.000376995,-0.00650466,1.6273,2.25e-05,0.00815516,0.265863,9617.45,1.00436,0.273315,-0.8,0.15,1,1245.16,1.80879e+07,nan,nan,nan,nan,nan,nan,nan,nan,nan,nan,nan,nan,nan,nan,nan,nan,nan,nan,nan,nan
1473,nan,nan,0.0305237,0,0,0.0117396,0.109908,0.000540897,-0.00616672,1.62485,1.5e-05,0.00971564,0.265848,9782.04,0.991507,0.264673,-0.8,0.15,1,1246.42,1.81002e+07,nan,nan,nan,nan,nan,nan,nan,nan,nan,nan,nan,nan,nan,nan,nan,nan,nan,nan,nan,nan
1474,nan,nan,0.0303694,0,0,0.0118626,0.110377,0.000277024,-0.00647594,1.62658,7.59375e-05,0.0128292,0.265898,9881.56,0.978738,0.26479,-0.8,0.15,1,1247.66,1.81125e+07,nan,nan,nan,nan,nan,nan,nan,nan,nan,nan,nan,nan,nan,nan,nan,nan,nan,nan,nan,nan
1475,8.34977,300,0.0301656,21.3333,0,0.0116997,0.109716,0.000313415,-0.00840365,1.62872,5.0625e-05,0.0103017,0.265889,6698.99,1.4994,0.334911,-0.8,0.15,1,1249.5,1.81248e+07,0,0,1.14579,0.000604675,-0.073905,nan,0,nan,nan,nan,nan,0,nan,0,nan,-0.0062144,-0.0780957,-0.0813856,nan,nan
1476,nan,nan,0.0114162,0,0,0.219525,1.0398,0.0214831,-0.0129387,1.62815,2.25e-05,0.0131565,0.265895,9970.48,0.966081,0.266357,-0.8,0.15,1,1250.73,1.81371e+07,nan,nan,nan,nan,nan,nan,nan,nan,nan,nan,nan,nan,nan,nan,nan,nan,nan,nan,nan,nan
1477,nan,nan,0.0213385,0,0,0.120371,0.666573,0.00595772,-0.0159188,1.63107,7.59375e-05,0.0199242,0.26598,9656.82,1.00543,0.267034,-0.8,0.15,1,1252.01,1.81494e+07,nan,nan,nan,nan,nan,nan,nan,nan,nan,nan,nan,nan,nan,nan,nan,nan,nan,nan,nan,nan
1478,nan,nan,0.0270587,0,0,0.0338975,0.250011,0.00324675,-0.0110367,1.63643,3.375e-05,0.0144908,0.266022,9559.63,0.960859,0.324546,-0.8,0.15,1,1253.29,1.81617e+07,nan,nan,nan,nan,nan,nan,nan,nan,nan,nan,nan,nan,nan,nan,nan,nan,nan,nan,nan,nan
1479,nan,nan,0.0291514,0,0,0.0190911,0.158749,0.00240077,-0.00877677,1.63913,7.59375e-05,0.0157448,0.266077,9428.34,1.00535,0.297959,-0.8,0.15,1,1254.6,1.8174e+07,nan,nan,nan,nan,nan,nan,nan,nan,nan,nan,nan,nan,nan,nan,nan,nan,nan,nan,nan,nan
1480,nan,nan,0.0303307,0,0,0.0138812,0.11993,0.00121565,-0.00464671,1.64402,7.59375e-05,0.011714,0.26616,9472.51,0.998889,0.298338,-0.8,0.15,1,1255.9,1.81862e+07,nan,nan,nan,nan,nan,nan,nan,nan,nan,nan,nan,nan,nan,nan,nan,nan,nan,nan,nan,nan
1481,nan,nan,0.03082,0,0,0.0136225,0.115476,0.000998477,-0.00449394,1.65067,0.000113906,0.0140756,0.266255,9202.44,1.06373,0.27157,-0.8,0.15,1,1257.23,1.81985e+07,nan,nan,nan,nan,nan,nan,nan,nan,nan,nan,nan,nan,nan,nan,nan,nan,nan,nan,nan,nan
1482,nan,nan,0.0309822,0,0,0.0126575,0.112937,0.000610018,-0.00315238,1.6546,0.000113906,0.01173,0.266272,9780.41,0.989873,0.266516,-0.8,0.15,1,1258.49,1.82108e+07,nan,nan,nan,nan,nan,nan,nan,nan,nan,nan,nan,nan,nan,nan,nan,nan,nan,nan,nan,nan
1483,nan,nan,0.0308433,0,0,0.0124037,0.113329,0.000464327,-0.00382416,1.65429,0.000170859,0.0109723,0.266253,9441.84,1.02233,0.27911,-0.8,0.15,1,1259.79,1.82231e+07,nan,nan,nan,nan,nan,nan,nan,nan,nan,nan,nan,nan,nan,nan,nan,nan,nan,nan,nan,nan
1484,nan,nan,0.0306439,0,0,0.0121059,0.115201,0.000719938,-0.00367093,1.65533,0.000113906,0.00946022,0.266312,9098.27,1.04591,0.304674,-0.8,0.15,1,1261.14,1.82354e+07,nan,nan,nan,nan,nan,nan,nan,nan,nan,nan,nan,nan,nan,nan,nan,nan,nan,nan,nan,nan
1485,nan,nan,0.0302608,0,0,0.0118407,0.114683,0.000711952,-0.00408945,1.65882,3.375e-05,0.00922736,0.266332,9476.59,1.02453,0.272137,-0.8,0.15,1,1262.44,1.82477e+07,nan,nan,nan,nan,nan,nan,nan,nan,nan,nan,nan,nan,nan,nan,nan,nan,nan,nan,nan,nan
1486,nan,nan,0.0299961,0,0,0.0116871,0.114518,0.000612277,-0.00338296,1.65885,5.0625e-05,0.00830815,0.266329,9832.76,0.978348,0.271352,-0.8,0.15,1,1263.69,1.826e+07,nan,nan,nan,nan,nan,nan,nan,nan,nan,nan,nan,nan,nan,nan,nan,nan,nan,nan,nan,nan
1487,nan,nan,0.0296732,0,0,0.0115033,0.111421,0.000994433,-0.00544451,1.6597,1e-05,0.0107903,0.266348,9167.09,1.02819,0.312252,-0.8,0.15,1,1265.04,1.82723e+07,nan,nan,nan,nan,nan,nan,nan,nan,nan,nan,nan,nan,nan,nan,nan,nan,nan,nan,nan,nan
1488,8.3337,300,0.014907,21.3333,0,0.0908864,0.56372,0.016816,-0.0113382,1.66105,1e-05,0.0189949,0.266366,6785.42,1.52654,0.2844,-0.8,0.15,1,1266.85,1.82845e+07,0,0,1.135,0.000605838,-0.0714027,nan,0,nan,nan,nan,nan,0,nan,0,nan,-0.006126,-0.0928678,-0.062256,nan,nan
1489,nan,nan,0.0173315,0,0,0.205366,0.929787,0.0149765,-0.0119144,1.66298,2.25e-05,0.0137743,0.26641,10231.8,0.938528,0.262432,-0.8,0.15,1,1268.05,1.82968e+07,nan,nan,nan,nan,nan,nan,nan,nan,nan,nan,nan,nan,nan,nan,nan,nan,nan,nan,nan,nan
1490,nan,nan,0.0242527,0,0,0.0629632,0.421344,0.0068777,-0.0132416,1.66733,7.59375e-05,0.0167022,0.266502,9641.95,0.974882,0.299549,-0.8,0.15,1,1269.32,1.83091e+07,nan,nan,nan,nan,nan,nan,nan,nan,nan,nan,nan,nan,nan,nan,nan,nan,nan,nan,nan,nan
1491,nan,nan,0.0278982,0,0,0.0271473,0.214265,0.00262264,-0.00919505,1.67233,7.59375e-05,0.0131188,0.266546,9718.71,0.996638,0.267727,-0.8,0.15,1,1270.59,1.83214e+07,nan,nan,nan,nan,nan,nan,nan,nan,nan,nan,nan,nan,nan,nan,nan,nan,nan,nan,nan,nan
1492,nan,nan,0.0294308,0,0,0.0147007,0.129825,0.000879961,-0.00519815,1.67484,0.000170859,0.0117017,0.266579,10009.8,0.966563,0.261037,-0.8,0.15,1,1271.82,1.83337e+07,nan,nan,nan,nan,nan,nan,nan,nan,nan,nan,nan,nan,nan,nan,nan,nan,nan,nan,nan,nan
1493,nan,nan,0.030097,0,0,0.0127825,0.112657,0.000800575,-0.00585278,1.67569,7.59375e-05,0.00966552,0.266587,9821.82,0.987547,0.263545,-0.8,0.15,1,1273.07,1.8346e+07,nan,nan,nan,nan,nan,nan,nan,nan,nan,nan,nan,nan,nan,nan,nan,nan,nan,nan,nan,nan
1494,nan,nan,0.0302142,0,0,0.0130311,0.115636,0.00103296,-0.00729403,1.67645,7.59375e-05,0.0124651,0.266586,9678.77,0.999686,0.269896,-0.8,0.15,1,1274.34,1.83583e+07,nan,nan,nan,nan,nan,nan,nan,nan,nan,nan,nan,nan,nan,nan,nan,nan,nan,nan,nan,nan
1495,nan,nan,0.0302911,0,0,0.012736,0.115738,0.000590094,-0.00528009,1.67541,0.000113906,0.0121711,0.266559,8921.29,1.04908,0.328297,-0.8,0.15,1,1275.72,1.83706e+07,nan,nan,nan,nan,nan,nan,nan,nan,nan,nan,nan,nan,nan,nan,nan,nan,nan,nan,nan,nan
1496,nan,nan,0.0300772,0,0,0.0114952,0.11107,0.000607918,-0.00486784,1.67301,5.0625e-05,0.0095894,0.266535,9721.14,1.00326,0.260794,-0.8,0.15,1,1276.99,1.83828e+07,nan,nan,nan,nan,nan,nan,nan,nan,nan,nan,nan,nan,nan,nan,nan,nan,nan,nan,nan,nan
1497,nan,nan,0.0299326,0,0,0.0112238,0.108311,0.000469827,-0.00468102,1.67244,5.0625e-05,0.0094503,0.26653,9836.33,0.983741,0.265505,-0.8,0.15,1,1278.24,1.83951e+07,nan,nan,nan,nan,nan,nan,nan,nan,nan,nan,nan,nan,nan,nan,nan,nan,nan,nan,nan,nan
1498,nan,nan,0.0298179,0,0,0.0113559,0.110613,0.000310356,-0.00380581,1.67173,0.000113906,0.0136543,0.266509,9902.95,0.980851,0.259991,-0.8,0.15,1,1279.48,1.84074e+07,nan,nan,nan,nan,nan,nan,nan,nan,nan,nan,nan,nan,nan,nan,nan,nan,nan,nan,nan,nan
1499,nan,nan,0.0295673,0,0,0.0113605,0.111542,0.000393681,-0.00341404,1.66964,5.0625e-05,0.00971932,0.266486,9509.57,0.970291,0.321881,-0.8,0.15,1,1280.77,1.84197e+07,nan,nan,nan,nan,nan,nan,nan,nan,nan,nan,nan,nan,nan,nan,nan,nan,nan,nan,nan,nan
1500,8.12097,300,0.0292788,21.3333,0,0.0115501,0.112964,0.000506721,-0.00479069,1.66837,0.000113906,0.0173114,0.26647,6828.65,1.51615,0.283333,-0.8,0.15,1,1282.57,1.8432e+07,0,0,1.13559,0.000493229,-0.0721255,nan,0,nan,nan,nan,nan,0,nan,0,nan,-0.00640505,-0.109277,-0.0672712,nan,nan
1501,nan,nan,0.00825475,0,0,0.209343,1.06798,0.0286604,-0.0128603,1.66807,3.375e-05,0.0138233,0.266484,9995.6,0.962264,0.267077,-1,0.2,1,1283.81,1.84443e+07,nan,nan,nan,nan,nan,nan,nan,nan,nan,nan,nan,nan,nan,nan,nan,nan,nan,nan,nan,nan
1502,nan,nan,0.020088,0,0,0.127921,0.717457,0.00973802,-0.0154107,1.67091,5.0625e-05,0.0159224,0.266537,9925.07,0.971226,0.266851,-1,0.2,1,1285.05,1.84566e+07,nan,nan,nan,nan,nan,nan,nan,nan,nan,nan,nan,nan,nan,nan,nan,nan,nan,nan,nan,nan
1503,nan,nan,0.0256232,0,0,0.046661,0.348105,0.0060831,-0.00878533,1.67491,3.375e-05,0.0138768,0.266588,9980.58,0.967441,0.26375,-1,0.2,1,1286.28,1.84689e+07,nan,nan,nan,nan,nan,nan,nan,nan,nan,nan,nan,nan,nan,nan,nan,nan,nan,nan,nan,nan
1504,nan,nan,0.0280863,0,0,0.0277869,0.237027,0.00304033,-0.0111722,1.67704,5.0625e-05,0.0186489,0.266613,8307.51,1.16187,0.317272,-1,0.2,1,1287.76,1.84812e+07,nan,nan,nan,nan,nan,nan,nan,nan,nan,nan,nan,nan,nan,nan,nan,nan,nan,nan,nan,nan
1505,nan,nan,0.029324,0,0,0.0168024,0.146828,0.0012561,-0.00925111,1.67745,0.000170859,0.0161036,0.266593,9674.41,1.0061,0.264057,-1,0.2,1,1289.03,1.84934e+07,nan,nan,nan,nan,nan,nan,nan,nan,nan,nan,nan,nan,nan,nan,nan,nan,nan,nan,nan,nan
1506,nan,nan,0.0300074,0,0,0.0135994,0.122223,0.000974373,-0.00747146,1.67444,7.59375e-05,0.0122533,0.266545,9664.31,0.989356,0.282126,-1,0.2,1,1290.3,1.85057e+07,nan,nan,nan,nan,nan,nan,nan,nan,nan,nan,nan,nan,nan,nan,nan,nan,nan,nan,nan,nan
1507,nan,nan,0.0300495,0,0,0.013278,0.118394,0.000913449,-0.00618744,1.67043,0.000170859,0.0133462,0.266482,9780.8,0.985752,0.270587,-1,0.2,1,1291.56,1.8518e+07,nan,nan,nan,nan,nan,nan,nan,nan,nan,nan,nan,nan,nan,nan,nan,nan,nan,nan,nan,nan
1508,nan,nan,0.0298455,0,0,0.013354,0.12194,0.000546453,-0.00412832,1.66808,7.59375e-05,0.0104508,0.266463,9422.68,1.02759,0.276496,-1,0.2,1,1292.87,1.85303e+07,nan,nan,nan,nan,nan,nan,nan,nan,nan,nan,nan,nan,nan,nan,nan,nan,nan,nan,nan,nan
1509,nan,nan,0.0295599,0,0,0.0127516,0.119622,0.000631348,-0.00587079,1.66758,2.25e-05,0.00995466,0.266462,9894.66,0.976415,0.265467,-1,0.2,1,1294.11,1.85426e+07,nan,nan,nan,nan,nan,nan,nan,nan,nan,nan,nan,nan,nan,nan,nan,nan,nan,nan,nan,nan
1510,nan,nan,0.0290248,0,0,0.012443,0.121407,0.000606443,-0.0062645,1.66822,7.59375e-05,0.00975608,0.266463,9527.11,0.993758,0.296035,-1,0.2,1,1295.4,1.85549e+07,nan,nan,nan,nan,nan,nan,nan,nan,nan,nan,nan,nan,nan,nan,nan,nan,nan,nan,nan,nan
1511,nan,nan,0.0283123,0,0,0.0130253,0.123869,0.000961157,-0.00319971,1.6669,7.59375e-05,0.00992197,0.266435,9568.52,1.00427,0.279938,-1,0.2,1,1296.69,1.85672e+07,nan,nan,nan,nan,nan,nan,nan,nan,nan,nan,nan,nan,nan,nan,nan,nan,nan,nan,nan,nan
1512,nan,nan,0.02724,0,0,0.0149217,0.128031,0.00248543,-0.00119375,1.66586,5.0625e-05,0.00619141,0.266436,10031.6,0.962932,0.261991,-1,0.2,1,1297.91,1.85795e+07,nan,nan,nan,nan,nan,nan,nan,nan,nan,nan,nan,nan,nan,nan,nan,nan,nan,nan,nan,nan
1513,7.88353,300,0.0145416,21.3333,0,0.0983907,0.609213,0.0137006,-0.0112419,1.66668,1e-05,0.0147,0.266447,6805.46,1.52934,0.276271,-1,0.2,1,1299.72,1.85917e+07,0,0,1.08273,0.000553194,-0.0741486,nan,0,nan,nan,nan,nan,0,nan,0,nan,-0.00636035,-0.0996484,-0.0539261,nan,nan
1514,nan,nan,0.0190452,0,0,0.227315,1.03387,0.0168041,-0.0155517,1.66836,2.25e-05,0.014153,0.266485,9477.42,0.981739,0.314817,-1,0.2,1,1301.02,1.8604e+07,nan,nan,nan,nan,nan,nan,nan,nan,nan,nan,nan,nan,nan,nan,nan,nan,nan,nan,nan,nan
1515,nan,nan,0.0250522,0,0,0.0654418,0.46392,0.0080098,-0.0134144,1.6712,1e-05,0.016017,0.266521,9742.76,0.994289,0.266955,-1,0.2,1,1302.28,1.86163e+07,nan,nan,nan,nan,nan,nan,nan,nan,nan,nan,nan,nan,nan,nan,nan,nan,nan,nan,nan,nan
1516,nan,nan,0.028131,0,0,0.0346811,0.264353,0.00302935,-0.0102924,1.67296,7.59375e-05,0.0156905,0.26656,9903.77,0.959497,0.281242,-1,0.2,1,1303.52,1.86286e+07,nan,nan,nan,nan,nan,nan,nan,nan,nan,nan,nan,nan,nan,nan,nan,nan,nan,nan,nan,nan
1517,nan,nan,0.029906,0,0,0.0201784,0.184089,0.00169039,-0.00438134,1.67611,0.000113906,0.0122054,0.266608,9639.76,1.00611,0.268609,-1,0.2,1,1304.8,1.86409e+07,nan,nan,nan,nan,nan,nan,nan,nan,nan,nan,nan,nan,nan,nan,nan,nan,nan,nan,nan,nan
1518,nan,nan,0.0307584,0,0,0.0142553,0.127778,0.000808785,-0.00671041,1.67815,7.59375e-05,0.0106499,0.266623,9636.67,0.987511,0.287618,-1,0.2,1,1306.08,1.86532e+07,nan,nan,nan,nan,nan,nan,nan,nan,nan,nan,nan,nan,nan,nan,nan,nan,nan,nan,nan,nan
1519,nan,nan,0.0308529,0,0,0.0128681,0.12157,0.000634494,-0.00634516,1.67777,7.59375e-05,0.0123337,0.266594,9927.8,0.977273,0.260464,-1,0.2,1,1307.31,1.86655e+07,nan,nan,nan,nan,nan,nan,nan,nan,nan,nan,nan,nan,nan,nan,nan,nan,nan,nan,nan,nan
1520,nan,nan,0.0306685,0,0,0.0127433,0.117557,0.00103978,-0.00635328,1.67605,7.59375e-05,0.0179512,0.266583,9772.54,0.991631,0.26577,-1,0.2,1,1308.57,1.86778e+07,nan,nan,nan,nan,nan,nan,nan,nan,nan,nan,nan,nan,nan,nan,nan,nan,nan,nan,nan,nan
1521,nan,nan,0.030308,0,0,0.0123968,0.119525,0.000534089,-0.00759899,1.67638,7.59375e-05,0.0144811,0.266586,9205.91,1.05945,0.275342,-1,0.2,1,1309.91,1.869e+07,nan,nan,nan,nan,nan,nan,nan,nan,nan,nan,nan,nan,nan,nan,nan,nan,nan,nan,nan,nan
1522,nan,nan,0.029993,0,0,0.0123087,0.119961,0.000589217,-0.00673751,1.67654,5.0625e-05,0.0134,0.266587,9852.04,0.979779,0.267475,-1,0.2,1,1311.16,1.87023e+07,nan,nan,nan,nan,nan,nan,nan,nan,nan,nan,nan,nan,nan,nan,nan,nan,nan,nan,nan,nan
1523,nan,nan,0.0294367,0,0,0.0125892,0.118501,0.00100318,-0.00629134,1.67717,0.000113906,0.0160106,0.266622,9842.15,0.983612,0.264896,-1,0.2,1,1312.41,1.87146e+07,nan,nan,nan,nan,nan,nan,nan,nan,nan,nan,nan,nan,nan,nan,nan,nan,nan,nan,nan,nan
1524,nan,nan,0.0287112,0,0,0.013135,0.121735,0.00138805,-0.00555049,1.67911,5.0625e-05,0.00748527,0.266627,9759.24,0.996825,0.262289,-1,0.2,1,1313.67,1.87269e+07,nan,nan,nan,nan,nan,nan,nan,nan,nan,nan,nan,nan,nan,nan,nan,nan,nan,nan,nan,nan
1525,8.21585,300,0.0279873,21.3333,0,0.0135314,0.120172,0.00199236,-0.0065564,1.67643,0.000113906,0.0129173,0.266536,6538.67,1.5931,0.286181,-1,0.2,1,1315.55,1.87392e+07,0,0,1.08509,0.000668886,-0.0735228,nan,0,nan,nan,nan,nan,0,nan,0,nan,-0.00598984,-0.0725326,-0.0551175,nan,nan
1526,nan,nan,0.00992455,0,0,0.217613,1.10855,0.0310972,-0.0138785,1.67065,1e-05,0.0166449,0.266509,9726.88,1.00228,0.261026,-1,0.2,1,1316.81,1.87515e+07,nan,nan,nan,nan,nan,nan,nan,nan,nan,nan,nan,nan,nan,nan,nan,nan,nan,nan,nan,nan
1527,nan,nan,0.0214653,0,0,0.131978,0.748283,0.018096,-0.0117529,1.67079,1e-05,0.0151223,0.266515,10197.9,0.942782,0.262172,-1,0.2,1,1318.02,1.87638e+07,nan,nan,nan,nan,nan,nan,nan,nan,nan,nan,nan,nan,nan,nan,nan,nan,nan,nan,nan,nan
