initialised actor and normalizer from robots/microban/policies/getup_v7_clip16_run/getup_it2000.nnm; exploration std 0.1
gesture getup: std [0.25, 0.25, 0.25, 0.20000000298023224, 0.20000000298023224, 0.20000000298023224, 0.20000000298023224, 0.20000000298023224, 0.20000000298023224, 0.25, 0.25, 0.25, 0.20000000298023224, 0.20000000298023224, 0.20000000298023224, 0.20000000298023224, 0.20000000298023224, 0.20000000298023224] (capped), fixed learning rate
eval iteration 0:
  prone          success   0.0%  time 21.16s  peak_τ 0.96 Nm  return 144.38
  supine         success   0.0%  time 21.16s  peak_τ 0.96 Nm  return 167.56
  score 0.000
/Users/robertonavoni/Desktop/Lavoro/Progetti-2026/Progetti Software/microduck-ap-ppo-sitl/tools/robots/train_velocity.py:835: UserWarning: Converting a tensor with requires_grad=True to a scalar may lead to unexpected behavior.
Consider using tensor.detach() first. (Triggered internally at /Users/runner/work/pytorch/pytorch/torch/csrc/autograd/generated/python_variable_methods.cpp:821.)
  "Policy/mean_std": float(log_std.exp().mean()),
it    1/4000  reward     nan  ep_len    nan  fell    0  err_xy 0.265  std 0.217  lr 1.0e-04  fps   8443     0.3s
it    2/4000  reward     nan  ep_len    nan  fell    0  err_xy 0.207  std 0.217  lr 1.0e-04  fps   9341     0.5s
it    3/4000  reward     nan  ep_len    nan  fell    0  err_xy 0.207  std 0.217  lr 1.0e-04  fps   9231     0.8s
it    4/4000  reward     nan  ep_len    nan  fell    0  err_xy 0.236  std 0.217  lr 1.0e-04  fps   9457     1.0s
it    5/4000  reward     nan  ep_len    nan  fell    0  err_xy 0.248  std 0.217  lr 1.0e-04  fps   9371     1.3s
it    6/4000  reward     nan  ep_len    nan  fell    0  err_xy 0.244  std 0.217  lr 1.0e-04  fps   9434     1.5s
it    7/4000  reward     nan  ep_len    nan  fell    0  err_xy 0.228  std 0.217  lr 1.0e-04  fps   9207     1.8s
it    8/4000  reward     nan  ep_len    nan  fell    0  err_xy 0.180  std 0.217  lr 1.0e-04  fps   9335     2.0s
it    9/4000  reward     nan  ep_len    nan  fell    0  err_xy 0.144  std 0.217  lr 1.0e-04  fps   9004     2.3s
it   10/4000  reward     nan  ep_len    nan  fell    0  err_xy 0.122  std 0.217  lr 1.0e-04  fps   7745     2.6s
it   11/4000  reward     nan  ep_len    nan  fell    0  err_xy 0.108  std 0.217  lr 1.0e-04  fps   8058     2.8s
it   12/4000  reward     nan  ep_len    nan  fell    0  err_xy 0.112  std 0.217  lr 1.0e-04  fps   8802     3.1s
it   13/4000  reward     nan  ep_len    nan  fell    0  err_xy 0.095  std 0.217  lr 1.0e-04  fps   8836     3.4s
it   14/4000  reward     nan  ep_len    nan  fell    0  err_xy 0.097  std 0.217  lr 1.0e-04  fps   8869     3.6s
it   15/4000  reward     nan  ep_len    nan  fell    0  err_xy 0.079  std 0.217  lr 1.0e-04  fps   8586     3.9s
it   16/4000  reward     nan  ep_len    nan  fell    0  err_xy 0.078  std 0.217  lr 1.0e-04  fps   6957     4.2s
it   17/4000  reward     nan  ep_len    nan  fell    0  err_xy 0.071  std 0.217  lr 1.0e-04  fps   7101     4.6s
it   18/4000  reward     nan  ep_len    nan  fell    0  err_xy 0.061  std 0.217  lr 1.0e-04  fps   7368     4.9s
it   19/4000  reward     nan  ep_len    nan  fell    0  err_xy 0.067  std 0.217  lr 1.0e-04  fps   7342     5.2s
it   20/4000  reward     nan  ep_len    nan  fell    0  err_xy 0.055  std 0.217  lr 1.0e-04  fps   7574     5.5s
it   21/4000  reward     nan  ep_len    nan  fell    0  err_xy 0.052  std 0.217  lr 1.0e-04  fps   8235     5.8s
it   22/4000  reward     nan  ep_len    nan  fell    0  err_xy 0.045  std 0.217  lr 1.0e-04  fps   7978     6.1s
it   23/4000  reward     nan  ep_len    nan  fell    0  err_xy 0.056  std 0.217  lr 1.0e-04  fps   7285     6.4s
it   24/4000  reward     nan  ep_len    nan  fell    0  err_xy 0.045  std 0.217  lr 1.0e-04  fps   7427     6.7s
it   25/4000  reward     nan  ep_len    nan  fell    0  err_xy 0.043  std 0.217  lr 1.0e-04  fps   7619     7.0s
it   26/4000  reward     nan  ep_len    nan  fell    0  err_xy 0.043  std 0.217  lr 1.0e-04  fps   8178     7.3s
it   27/4000  reward     nan  ep_len    nan  fell    0  err_xy 0.039  std 0.217  lr 1.0e-04  fps   8549     7.5s
it   28/4000  reward     nan  ep_len    nan  fell    0  err_xy 0.039  std 0.217  lr 1.0e-04  fps   8030     7.8s
it   29/4000  reward     nan  ep_len    nan  fell    0  err_xy 0.039  std 0.217  lr 1.0e-04  fps   8395     8.1s
it   30/4000  reward     nan  ep_len    nan  fell    0  err_xy 0.039  std 0.217  lr 1.0e-04  fps   7787     8.4s
it   31/4000  reward     nan  ep_len    nan  fell    0  err_xy 0.037  std 0.217  lr 1.0e-04  fps   7483     8.7s
it   32/4000  reward     nan  ep_len    nan  fell    0  err_xy 0.029  std 0.217  lr 1.0e-04  fps   6339     9.1s
it   33/4000  reward     nan  ep_len    nan  fell    0  err_xy 0.024  std 0.217  lr 1.0e-04  fps   6321     9.4s
it   34/4000  reward     nan  ep_len    nan  fell    0  err_xy 0.026  std 0.217  lr 1.0e-04  fps   6234     9.8s
it   35/4000  reward     nan  ep_len    nan  fell    0  err_xy 0.024  std 0.217  lr 1.0e-04  fps   7357    10.1s
it   36/4000  reward     nan  ep_len    nan  fell    0  err_xy 0.030  std 0.217  lr 1.0e-04  fps   7447    10.4s
it   37/4000  reward     nan  ep_len    nan  fell    0  err_xy 0.026  std 0.217  lr 1.0e-04  fps   7921    10.7s
it   38/4000  reward     nan  ep_len    nan  fell    0  err_xy 0.031  std 0.217  lr 1.0e-04  fps   7804    11.0s
it   39/4000  reward     nan  ep_len    nan  fell    0  err_xy 0.035  std 0.217  lr 1.0e-04  fps   8014    11.3s
it   40/4000  reward     nan  ep_len    nan  fell    0  err_xy 0.042  std 0.217  lr 1.0e-04  fps   8167    11.6s
it   41/4000  reward     nan  ep_len    nan  fell    0  err_xy 0.067  std 0.217  lr 1.0e-04  fps   8329    11.9s
it   42/4000  reward     nan  ep_len    nan  fell    0  err_xy 0.086  std 0.217  lr 1.0e-04  fps   8468    12.1s
it   43/4000  reward     nan  ep_len    nan  fell    0  err_xy 0.076  std 0.217  lr 1.0e-04  fps   8420    12.4s
it   44/4000  reward     nan  ep_len    nan  fell    0  err_xy 0.084  std 0.217  lr 1.0e-04  fps   8187    12.7s
it   45/4000  reward  149.90  ep_len 1058.0  fell    0  err_xy 0.264  std 0.217  lr 1.0e-04  fps   7156    13.0s
it   46/4000  reward     nan  ep_len    nan  fell    0  err_xy 0.233  std 0.217  lr 1.0e-04  fps   8675    13.3s
it   47/4000  reward     nan  ep_len    nan  fell    0  err_xy 0.225  std 0.217  lr 1.0e-04  fps   8646    13.5s
it   48/4000  reward     nan  ep_len    nan  fell    0  err_xy 0.258  std 0.217  lr 1.0e-04  fps   8206    13.8s
it   49/4000  reward     nan  ep_len    nan  fell    0  err_xy 0.314  std 0.217  lr 1.0e-04  fps   8493    14.1s
it   50/4000  reward     nan  ep_len    nan  fell    0  err_xy 0.300  std 0.217  lr 1.0e-04  fps   8449    14.4s
it   51/4000  reward     nan  ep_len    nan  fell    0  err_xy 0.279  std 0.217  lr 1.0e-04  fps   8540    14.6s
it   52/4000  reward     nan  ep_len    nan  fell    0  err_xy 0.251  std 0.217  lr 1.0e-04  fps   8590    14.9s
it   53/4000  reward     nan  ep_len    nan  fell    0  err_xy 0.252  std 0.217  lr 1.0e-04  fps   8559    15.2s
it   54/4000  reward     nan  ep_len    nan  fell    0  err_xy 0.248  std 0.217  lr 1.0e-04  fps   8609    15.4s
it   55/4000  reward     nan  ep_len    nan  fell    0  err_xy 0.221  std 0.217  lr 1.0e-04  fps   8628    15.7s
it   56/4000  reward     nan  ep_len    nan  fell    0  err_xy 0.217  std 0.217  lr 1.0e-04  fps   8219    16.0s
it   57/4000  reward     nan  ep_len    nan  fell    0  err_xy 0.209  std 0.217  lr 1.0e-04  fps   7983    16.3s
it   58/4000  reward     nan  ep_len    nan  fell    0  err_xy 0.217  std 0.217  lr 1.0e-04  fps   8520    16.5s
it   59/4000  reward     nan  ep_len    nan  fell    0  err_xy 0.198  std 0.217  lr 1.0e-04  fps   7941    16.8s
it   60/4000  reward     nan  ep_len    nan  fell    0  err_xy 0.203  std 0.217  lr 1.0e-04  fps   8560    17.1s
it   61/4000  reward     nan  ep_len    nan  fell    0  err_xy 0.198  std 0.217  lr 1.0e-04  fps   8784    17.4s
it   62/4000  reward     nan  ep_len    nan  fell    0  err_xy 0.163  std 0.217  lr 1.0e-04  fps   8678    17.6s
it   63/4000  reward     nan  ep_len    nan  fell    0  err_xy 0.177  std 0.217  lr 1.0e-04  fps   8756    17.9s
it   64/4000  reward     nan  ep_len    nan  fell    0  err_xy 0.158  std 0.217  lr 1.0e-04  fps   8797    18.2s
it   65/4000  reward     nan  ep_len    nan  fell    0  err_xy 0.151  std 0.217  lr 1.0e-04  fps   7518    18.5s
it   66/4000  reward     nan  ep_len    nan  fell    0  err_xy 0.144  std 0.217  lr 1.0e-04  fps   7920    18.8s
it   67/4000  reward     nan  ep_len    nan  fell    0  err_xy 0.166  std 0.217  lr 1.0e-04  fps   7541    19.1s
it   68/4000  reward     nan  ep_len    nan  fell    0  err_xy 0.161  std 0.217  lr 1.0e-04  fps   7997    19.4s
it   69/4000  reward     nan  ep_len    nan  fell    0  err_xy 0.146  std 0.217  lr 1.0e-04  fps   8158    19.6s
it   70/4000  reward     nan  ep_len    nan  fell    0  err_xy 0.132  std 0.217  lr 1.0e-04  fps   7814    19.9s
it   71/4000  reward     nan  ep_len    nan  fell    0  err_xy 0.110  std 0.217  lr 1.0e-04  fps   8156    20.2s
it   72/4000  reward     nan  ep_len    nan  fell    0  err_xy 0.100  std 0.217  lr 1.0e-04  fps   8171    20.5s
it   73/4000  reward     nan  ep_len    nan  fell    0  err_xy 0.101  std 0.217  lr 1.0e-04  fps   8565    20.8s
it   74/4000  reward     nan  ep_len    nan  fell    0  err_xy 0.109  std 0.217  lr 1.0e-04  fps   8490    21.0s
it   75/4000  reward     nan  ep_len    nan  fell    0  err_xy 0.099  std 0.217  lr 1.0e-04  fps   8543    21.3s
it   76/4000  reward     nan  ep_len    nan  fell    0  err_xy 0.109  std 0.217  lr 1.0e-04  fps   8516    21.6s
it   77/4000  reward     nan  ep_len    nan  fell    0  err_xy 0.109  std 0.217  lr 1.0e-04  fps   8596    21.8s
it   78/4000  reward     nan  ep_len    nan  fell    0  err_xy 0.127  std 0.217  lr 1.0e-04  fps   8568    22.1s
it   79/4000  reward     nan  ep_len    nan  fell    0  err_xy 0.125  std 0.217  lr 1.0e-04  fps   8603    22.4s
it   80/4000  reward     nan  ep_len    nan  fell    0  err_xy 0.126  std 0.217  lr 1.0e-04  fps   8689    22.7s
it   81/4000  reward     nan  ep_len    nan  fell    0  err_xy 0.131  std 0.217  lr 1.0e-04  fps   8602    22.9s
it   82/4000  reward     nan  ep_len    nan  fell    0  err_xy 0.128  std 0.217  lr 1.0e-04  fps   8729    23.2s
it   83/4000  reward     nan  ep_len    nan  fell    0  err_xy 0.135  std 0.217  lr 1.0e-04  fps   8083    23.5s
it   84/4000  reward     nan  ep_len    nan  fell    0  err_xy 0.148  std 0.217  lr 1.0e-04  fps   8483    23.7s
it   85/4000  reward     nan  ep_len    nan  fell    0  err_xy 0.122  std 0.217  lr 1.0e-04  fps   8812    24.0s
it   86/4000  reward     nan  ep_len    nan  fell    0  err_xy 0.114  std 0.217  lr 1.0e-04  fps   8758    24.3s
it   87/4000  reward     nan  ep_len    nan  fell    0  err_xy 0.134  std 0.217  lr 1.0e-04  fps   8682    24.5s
it   88/4000  reward     nan  ep_len    nan  fell    0  err_xy 0.163  std 0.217  lr 1.0e-04  fps   8570    24.8s
it   89/4000  reward  133.46  ep_len 1058.0  fell    0  err_xy 0.259  std 0.217  lr 1.0e-04  fps   6652    25.1s
it   90/4000  reward     nan  ep_len    nan  fell    0  err_xy 0.237  std 0.217  lr 1.0e-04  fps   7319    25.5s
it   91/4000  reward     nan  ep_len    nan  fell    0  err_xy 0.231  std 0.217  lr 1.0e-04  fps   7351    25.8s
it   92/4000  reward     nan  ep_len    nan  fell    0  err_xy 0.250  std 0.217  lr 1.0e-04  fps   7216    26.1s
it   93/4000  reward     nan  ep_len    nan  fell    0  err_xy 0.281  std 0.217  lr 1.0e-04  fps   7337    26.4s
it   94/4000  reward     nan  ep_len    nan  fell    0  err_xy 0.304  std 0.217  lr 1.0e-04  fps   7376    26.7s
it   95/4000  reward     nan  ep_len    nan  fell    0  err_xy 0.267  std 0.217  lr 1.0e-04  fps   7554    27.0s
it   96/4000  reward     nan  ep_len    nan  fell    0  err_xy 0.250  std 0.217  lr 1.0e-04  fps   8045    27.3s
it   97/4000  reward     nan  ep_len    nan  fell    0  err_xy 0.222  std 0.217  lr 1.0e-04  fps   8233    27.6s
it   98/4000  reward     nan  ep_len    nan  fell    0  err_xy 0.235  std 0.217  lr 1.0e-04  fps   8158    27.9s
it   99/4000  reward     nan  ep_len    nan  fell    0  err_xy 0.205  std 0.217  lr 1.0e-04  fps   8165    28.2s
it  100/4000  reward     nan  ep_len    nan  fell    0  err_xy 0.204  std 0.217  lr 1.0e-04  fps   7896    28.5s
it  101/4000  reward     nan  ep_len    nan  fell    0  err_xy 0.207  std 0.217  lr 1.0e-04  fps   8142    28.7s
it  102/4000  reward     nan  ep_len    nan  fell    0  err_xy 0.202  std 0.217  lr 1.0e-04  fps   7975    29.0s
it  103/4000  reward     nan  ep_len    nan  fell    0  err_xy 0.195  std 0.217  lr 1.0e-04  fps   7799    29.3s
it  104/4000  reward     nan  ep_len    nan  fell    0  err_xy 0.164  std 0.217  lr 1.0e-04  fps   8107    29.6s
it  105/4000  reward     nan  ep_len    nan  fell    0  err_xy 0.173  std 0.217  lr 1.0e-04  fps   8259    29.9s
it  106/4000  reward     nan  ep_len    nan  fell    0  err_xy 0.163  std 0.217  lr 1.0e-04  fps   7812    30.2s
it  107/4000  reward     nan  ep_len    nan  fell    0  err_xy 0.151  std 0.217  lr 1.0e-04  fps   7518    30.5s
it  108/4000  reward     nan  ep_len    nan  fell    0  err_xy 0.160  std 0.217  lr 1.0e-04  fps   7157    30.8s
it  109/4000  reward     nan  ep_len    nan  fell    0  err_xy 0.166  std 0.217  lr 1.0e-04  fps   7199    31.1s
it  110/4000  reward     nan  ep_len    nan  fell    0  err_xy 0.185  std 0.217  lr 1.0e-04  fps   7390    31.4s
it  111/4000  reward     nan  ep_len    nan  fell    0  err_xy 0.196  std 0.217  lr 1.0e-04  fps   6980    31.8s
it  112/4000  reward     nan  ep_len    nan  fell    0  err_xy 0.180  std 0.217  lr 1.0e-04  fps   8054    32.1s
it  113/4000  reward     nan  ep_len    nan  fell    0  err_xy 0.191  std 0.217  lr 1.0e-04  fps   7190    32.4s
it  114/4000  reward     nan  ep_len    nan  fell    0  err_xy 0.187  std 0.217  lr 1.0e-04  fps   7053    32.7s
it  115/4000  reward     nan  ep_len    nan  fell    0  err_xy 0.220  std 0.217  lr 1.0e-04  fps   7526    33.0s
it  116/4000  reward     nan  ep_len    nan  fell    0  err_xy 0.201  std 0.217  lr 1.0e-04  fps   8027    33.3s
it  117/4000  reward     nan  ep_len    nan  fell    0  err_xy 0.206  std 0.217  lr 1.0e-04  fps   8396    33.6s
it  118/4000  reward     nan  ep_len    nan  fell    0  err_xy 0.189  std 0.217  lr 1.0e-04  fps   8437    33.8s
it  119/4000  reward     nan  ep_len    nan  fell    0  err_xy 0.182  std 0.217  lr 1.0e-04  fps   7943    34.1s
it  120/4000  reward     nan  ep_len    nan  fell    0  err_xy 0.188  std 0.217  lr 1.0e-04  fps   7990    34.4s
it  121/4000  reward     nan  ep_len    nan  fell    0  err_xy 0.184  std 0.217  lr 1.0e-04  fps   7586    34.7s
it  122/4000  reward     nan  ep_len    nan  fell    0  err_xy 0.182  std 0.217  lr 1.0e-04  fps   7118    35.1s
it  123/4000  reward     nan  ep_len    nan  fell    0  err_xy 0.172  std 0.217  lr 1.0e-04  fps   7221    35.4s
it  124/4000  reward     nan  ep_len    nan  fell    0  err_xy 0.159  std 0.217  lr 1.0e-04  fps   7198    35.7s
it  125/4000  reward     nan  ep_len    nan  fell    0  err_xy 0.175  std 0.217  lr 1.0e-04  fps   7474    36.0s
it  126/4000  reward     nan  ep_len    nan  fell    0  err_xy 0.151  std 0.217  lr 1.0e-04  fps   7248    36.3s
it  127/4000  reward     nan  ep_len    nan  fell    0  err_xy 0.168  std 0.217  lr 1.0e-04  fps   7451    36.6s
it  128/4000  reward     nan  ep_len    nan  fell    0  err_xy 0.200  std 0.217  lr 1.0e-04  fps   7300    36.9s
it  129/4000  reward     nan  ep_len    nan  fell    0  err_xy 0.197  std 0.217  lr 1.0e-04  fps   6885    37.3s
it  130/4000  reward     nan  ep_len    nan  fell    0  err_xy 0.193  std 0.217  lr 1.0e-04  fps   6639    37.6s
it  131/4000  reward     nan  ep_len    nan  fell    0  err_xy 0.200  std 0.217  lr 1.0e-04  fps   6512    38.0s
it  132/4000  reward     nan  ep_len    nan  fell    0  err_xy 0.200  std 0.217  lr 1.0e-04  fps   7141    38.3s
it  133/4000  reward  125.86  ep_len 1058.0  fell    0  err_xy 0.253  std 0.217  lr 1.0e-04  fps   6030    38.7s
it  134/4000  reward     nan  ep_len    nan  fell    0  err_xy 0.233  std 0.217  lr 1.0e-04  fps   7847    39.0s
it  135/4000  reward     nan  ep_len    nan  fell    0  err_xy 0.217  std 0.217  lr 1.0e-04  fps   8298    39.3s
it  136/4000  reward     nan  ep_len    nan  fell    0  err_xy 0.221  std 0.217  lr 1.0e-04  fps   7613    39.6s
it  137/4000  reward     nan  ep_len    nan  fell    0  err_xy 0.250  std 0.217  lr 1.0e-04  fps   7618    39.9s
it  138/4000  reward     nan  ep_len    nan  fell    0  err_xy 0.278  std 0.217  lr 1.0e-04  fps   8136    40.2s
it  139/4000  reward     nan  ep_len    nan  fell    0  err_xy 0.244  std 0.217  lr 1.0e-04  fps   8280    40.4s
it  140/4000  reward     nan  ep_len    nan  fell    0  err_xy 0.240  std 0.217  lr 1.0e-04  fps   8390    40.7s
it  141/4000  reward     nan  ep_len    nan  fell    0  err_xy 0.226  std 0.217  lr 1.0e-04  fps   8371    41.0s
it  142/4000  reward     nan  ep_len    nan  fell    0  err_xy 0.229  std 0.217  lr 1.0e-04  fps   8423    41.3s
it  143/4000  reward     nan  ep_len    nan  fell    0  err_xy 0.236  std 0.217  lr 1.0e-04  fps   7727    41.6s
it  144/4000  reward     nan  ep_len    nan  fell    0  err_xy 0.241  std 0.217  lr 1.0e-04  fps   6743    41.9s
it  145/4000  reward     nan  ep_len    nan  fell    0  err_xy 0.218  std 0.217  lr 1.0e-04  fps   7405    42.2s
it  146/4000  reward     nan  ep_len    nan  fell    0  err_xy 0.203  std 0.217  lr 1.0e-04  fps   7860    42.5s
it  147/4000  reward     nan  ep_len    nan  fell    0  err_xy 0.199  std 0.217  lr 1.0e-04  fps   8122    42.8s
it  148/4000  reward     nan  ep_len    nan  fell    0  err_xy 0.193  std 0.217  lr 1.0e-04  fps   8364    43.1s
it  149/4000  reward     nan  ep_len    nan  fell    0  err_xy 0.186  std 0.217  lr 1.0e-04  fps   8370    43.3s
it  150/4000  reward     nan  ep_len    nan  fell    0  err_xy 0.178  std 0.217  lr 1.0e-04  fps   8468    43.6s
it  151/4000  reward     nan  ep_len    nan  fell    0  err_xy 0.194  std 0.217  lr 1.0e-04  fps   8495    43.9s
it  152/4000  reward     nan  ep_len    nan  fell    0  err_xy 0.208  std 0.217  lr 1.0e-04  fps   8479    44.2s
it  153/4000  reward     nan  ep_len    nan  fell    0  err_xy 0.204  std 0.217  lr 1.0e-04  fps   7937    44.4s
it  154/4000  reward     nan  ep_len    nan  fell    0  err_xy 0.189  std 0.217  lr 1.0e-04  fps   8150    44.7s
it  155/4000  reward     nan  ep_len    nan  fell    0  err_xy 0.190  std 0.217  lr 1.0e-04  fps   8579    45.0s
it  156/4000  reward     nan  ep_len    nan  fell    0  err_xy 0.195  std 0.217  lr 1.0e-04  fps   8560    45.3s
it  157/4000  reward     nan  ep_len    nan  fell    0  err_xy 0.212  std 0.217  lr 1.0e-04  fps   8547    45.5s
it  158/4000  reward     nan  ep_len    nan  fell    0  err_xy 0.216  std 0.217  lr 1.0e-04  fps   8588    45.8s
it  159/4000  reward     nan  ep_len    nan  fell    0  err_xy 0.218  std 0.217  lr 1.0e-04  fps   8676    46.1s
it  160/4000  reward     nan  ep_len    nan  fell    0  err_xy 0.239  std 0.217  lr 1.0e-04  fps   8636    46.3s
it  161/4000  reward     nan  ep_len    nan  fell    0  err_xy 0.235  std 0.217  lr 1.0e-04  fps   8608    46.6s
it  162/4000  reward     nan  ep_len    nan  fell    0  err_xy 0.244  std 0.217  lr 1.0e-04  fps   8569    46.9s
it  163/4000  reward     nan  ep_len    nan  fell    0  err_xy 0.272  std 0.217  lr 1.0e-04  fps   8592    47.1s
it  164/4000  reward     nan  ep_len    nan  fell    0  err_xy 0.257  std 0.217  lr 1.0e-04  fps   8629    47.4s
it  165/4000  reward     nan  ep_len    nan  fell    0  err_xy 0.249  std 0.217  lr 1.0e-04  fps   8605    47.7s
it  166/4000  reward     nan  ep_len    nan  fell    0  err_xy 0.241  std 0.217  lr 1.0e-04  fps   8606    47.9s
it  167/4000  reward     nan  ep_len    nan  fell    0  err_xy 0.244  std 0.217  lr 1.0e-04  fps   8463    48.2s
it  168/4000  reward     nan  ep_len    nan  fell    0  err_xy 0.236  std 0.217  lr 1.0e-04  fps   8099    48.5s
it  169/4000  reward     nan  ep_len    nan  fell    0  err_xy 0.221  std 0.217  lr 1.0e-04  fps   8485    48.8s
it  170/4000  reward     nan  ep_len    nan  fell    0  err_xy 0.221  std 0.217  lr 1.0e-04  fps   8597    49.0s
it  171/4000  reward     nan  ep_len    nan  fell    0  err_xy 0.219  std 0.217  lr 1.0e-04  fps   8497    49.3s
it  172/4000  reward     nan  ep_len    nan  fell    0  err_xy 0.223  std 0.217  lr 1.0e-04  fps   8322    49.6s
it  173/4000  reward     nan  ep_len    nan  fell    0  err_xy 0.199  std 0.217  lr 1.0e-04  fps   8584    49.9s
it  174/4000  reward     nan  ep_len    nan  fell    0  err_xy 0.192  std 0.216  lr 1.0e-04  fps   8699    50.1s
it  175/4000  reward     nan  ep_len    nan  fell    0  err_xy 0.192  std 0.216  lr 1.0e-04  fps   8312    50.4s
it  176/4000  reward     nan  ep_len    nan  fell    0  err_xy 0.216  std 0.216  lr 1.0e-04  fps   8457    50.7s
it  177/4000  reward  119.70  ep_len 1058.0  fell    0  err_xy 0.236  std 0.217  lr 1.0e-04  fps   6943    51.0s
it  178/4000  reward     nan  ep_len    nan  fell    0  err_xy 0.244  std 0.217  lr 1.0e-04  fps   8514    51.3s
it  179/4000  reward     nan  ep_len    nan  fell    0  err_xy 0.222  std 0.217  lr 1.0e-04  fps   8537    51.5s
it  180/4000  reward     nan  ep_len    nan  fell    0  err_xy 0.244  std 0.217  lr 1.0e-04  fps   8396    51.8s
it  181/4000  reward     nan  ep_len    nan  fell    0  err_xy 0.253  std 0.217  lr 1.0e-04  fps   8262    52.1s
it  182/4000  reward     nan  ep_len    nan  fell    0  err_xy 0.256  std 0.217  lr 1.0e-04  fps   8035    52.4s
it  183/4000  reward     nan  ep_len    nan  fell    0  err_xy 0.239  std 0.217  lr 1.0e-04  fps   8158    52.7s
it  184/4000  reward     nan  ep_len    nan  fell    0  err_xy 0.241  std 0.217  lr 1.0e-04  fps   8425    52.9s
it  185/4000  reward     nan  ep_len    nan  fell    0  err_xy 0.234  std 0.217  lr 1.0e-04  fps   8384    53.2s
it  186/4000  reward     nan  ep_len    nan  fell    0  err_xy 0.213  std 0.217  lr 1.0e-04  fps   8293    53.5s
it  187/4000  reward     nan  ep_len    nan  fell    0  err_xy 0.191  std 0.217  lr 1.0e-04  fps   8013    53.8s
it  188/4000  reward     nan  ep_len    nan  fell    0  err_xy 0.189  std 0.217  lr 1.0e-04  fps   8126    54.1s
it  189/4000  reward     nan  ep_len    nan  fell    0  err_xy 0.166  std 0.217  lr 1.0e-04  fps   8318    54.3s
it  190/4000  reward     nan  ep_len    nan  fell    0  err_xy 0.152  std 0.217  lr 1.0e-04  fps   8435    54.6s
it  191/4000  reward     nan  ep_len    nan  fell    0  err_xy 0.132  std 0.217  lr 1.0e-04  fps   8478    54.9s
it  192/4000  reward     nan  ep_len    nan  fell    0  err_xy 0.131  std 0.217  lr 1.0e-04  fps   7754    55.2s
it  193/4000  reward     nan  ep_len    nan  fell    0  err_xy 0.128  std 0.217  lr 1.0e-04  fps   8265    55.5s
it  194/4000  reward     nan  ep_len    nan  fell    0  err_xy 0.137  std 0.217  lr 1.0e-04  fps   8404    55.7s
it  195/4000  reward     nan  ep_len    nan  fell    0  err_xy 0.140  std 0.217  lr 1.0e-04  fps   8489    56.0s
it  196/4000  reward     nan  ep_len    nan  fell    0  err_xy 0.127  std 0.217  lr 1.0e-04  fps   8440    56.3s
it  197/4000  reward     nan  ep_len    nan  fell    0  err_xy 0.128  std 0.217  lr 1.0e-04  fps   8492    56.6s
it  198/4000  reward     nan  ep_len    nan  fell    0  err_xy 0.109  std 0.217  lr 1.0e-04  fps   8489    56.8s
it  199/4000  reward     nan  ep_len    nan  fell    0  err_xy 0.089  std 0.217  lr 1.0e-04  fps   8502    57.1s
it  200/4000  reward     nan  ep_len    nan  fell    0  err_xy 0.095  std 0.217  lr 1.0e-04  fps   8506    57.4s
eval iteration 200:
  prone          success   0.0%  time 21.16s  peak_τ 0.96 Nm  return 160.55
  supine         success   0.0%  time 21.16s  peak_τ 0.96 Nm  return 155.12
  score 0.000
it  201/4000  reward     nan  ep_len    nan  fell    0  err_xy 0.091  std 0.217  lr 1.0e-04  fps   8361    62.4s
it  202/4000  reward     nan  ep_len    nan  fell    0  err_xy 0.093  std 0.217  lr 1.0e-04  fps   8516    62.6s
it  203/4000  reward     nan  ep_len    nan  fell    0  err_xy 0.088  std 0.217  lr 1.0e-04  fps   8868    62.9s
it  204/4000  reward     nan  ep_len    nan  fell    0  err_xy 0.098  std 0.217  lr 1.0e-04  fps   8858    63.2s
it  205/4000  reward     nan  ep_len    nan  fell    0  err_xy 0.087  std 0.217  lr 1.0e-04  fps   8851    63.4s
it  206/4000  reward     nan  ep_len    nan  fell    0  err_xy 0.089  std 0.217  lr 1.0e-04  fps   8897    63.7s
it  207/4000  reward     nan  ep_len    nan  fell    0  err_xy 0.075  std 0.217  lr 1.0e-04  fps   8814    63.9s
it  208/4000  reward     nan  ep_len    nan  fell    0  err_xy 0.094  std 0.217  lr 1.0e-04  fps   8742    64.2s
it  209/4000  reward     nan  ep_len    nan  fell    0  err_xy 0.111  std 0.217  lr 1.0e-04  fps   8565    64.5s
it  210/4000  reward     nan  ep_len    nan  fell    0  err_xy 0.159  std 0.217  lr 1.0e-04  fps   8642    64.7s
it  211/4000  reward     nan  ep_len    nan  fell    0  err_xy 0.186  std 0.217  lr 1.0e-04  fps   8910    65.0s
it  212/4000  reward     nan  ep_len    nan  fell    0  err_xy 0.207  std 0.217  lr 1.0e-04  fps   8707    65.3s
it  213/4000  reward     nan  ep_len    nan  fell    0  err_xy 0.194  std 0.217  lr 1.0e-04  fps   8781    65.5s
it  214/4000  reward     nan  ep_len    nan  fell    0  err_xy 0.204  std 0.217  lr 1.0e-04  fps   8748    65.8s
it  215/4000  reward     nan  ep_len    nan  fell    0  err_xy 0.203  std 0.217  lr 1.0e-04  fps   7408    66.1s
it  216/4000  reward     nan  ep_len    nan  fell    0  err_xy 0.213  std 0.217  lr 1.0e-04  fps   7423    66.4s
it  217/4000  reward     nan  ep_len    nan  fell    0  err_xy 0.240  std 0.217  lr 1.0e-04  fps   8880    66.7s
it  218/4000  reward     nan  ep_len    nan  fell    0  err_xy 0.225  std 0.217  lr 1.0e-04  fps   8526    66.9s
it  219/4000  reward     nan  ep_len    nan  fell    0  err_xy 0.193  std 0.217  lr 1.0e-04  fps   7994    67.2s
it  220/4000  reward     nan  ep_len    nan  fell    0  err_xy 0.191  std 0.217  lr 1.0e-04  fps   8897    67.5s
it  221/4000  reward  131.59  ep_len 1058.0  fell    0  err_xy 0.200  std 0.217  lr 1.0e-04  fps   7293    67.8s
it  222/4000  reward     nan  ep_len    nan  fell    0  err_xy 0.255  std 0.217  lr 1.0e-04  fps   8312    68.1s
it  223/4000  reward     nan  ep_len    nan  fell    0  err_xy 0.217  std 0.217  lr 1.0e-04  fps   8676    68.4s
it  224/4000  reward     nan  ep_len    nan  fell    0  err_xy 0.240  std 0.217  lr 1.0e-04  fps   8909    68.6s
it  225/4000  reward     nan  ep_len    nan  fell    0  err_xy 0.234  std 0.217  lr 1.0e-04  fps   8903    68.9s
it  226/4000  reward     nan  ep_len    nan  fell    0  err_xy 0.243  std 0.217  lr 1.0e-04  fps   8628    69.1s
it  227/4000  reward     nan  ep_len    nan  fell    0  err_xy 0.203  std 0.217  lr 1.0e-04  fps   8478    69.4s
it  228/4000  reward     nan  ep_len    nan  fell    0  err_xy 0.193  std 0.217  lr 1.0e-04  fps   8063    69.7s
it  229/4000  reward     nan  ep_len    nan  fell    0  err_xy 0.162  std 0.217  lr 1.0e-04  fps   8327    70.0s
it  230/4000  reward     nan  ep_len    nan  fell    0  err_xy 0.166  std 0.217  lr 1.0e-04  fps   8416    70.2s
it  231/4000  reward     nan  ep_len    nan  fell    0  err_xy 0.152  std 0.217  lr 1.0e-04  fps   8337    70.5s
it  232/4000  reward     nan  ep_len    nan  fell    0  err_xy 0.137  std 0.217  lr 1.0e-04  fps   7751    70.8s
it  233/4000  reward     nan  ep_len    nan  fell    0  err_xy 0.118  std 0.217  lr 1.0e-04  fps   8363    71.1s
it  234/4000  reward     nan  ep_len    nan  fell    0  err_xy 0.110  std 0.217  lr 1.0e-04  fps   8860    71.4s
it  235/4000  reward     nan  ep_len    nan  fell    0  err_xy 0.091  std 0.217  lr 1.0e-04  fps   8762    71.6s
it  236/4000  reward     nan  ep_len    nan  fell    0  err_xy 0.083  std 0.217  lr 1.0e-04  fps   8871    71.9s
it  237/4000  reward     nan  ep_len    nan  fell    0  err_xy 0.074  std 0.217  lr 1.0e-04  fps   8833    72.1s
it  238/4000  reward     nan  ep_len    nan  fell    0  err_xy 0.075  std 0.217  lr 1.0e-04  fps   8119    72.4s
it  239/4000  reward     nan  ep_len    nan  fell    0  err_xy 0.053  std 0.217  lr 1.0e-04  fps   7820    72.7s
it  240/4000  reward     nan  ep_len    nan  fell    0  err_xy 0.048  std 0.217  lr 1.0e-04  fps   8559    73.0s
it  241/4000  reward     nan  ep_len    nan  fell    0  err_xy 0.045  std 0.217  lr 1.0e-04  fps   8774    73.3s
it  242/4000  reward     nan  ep_len    nan  fell    0  err_xy 0.041  std 0.217  lr 1.0e-04  fps   8613    73.5s
it  243/4000  reward     nan  ep_len    nan  fell    0  err_xy 0.047  std 0.217  lr 1.0e-04  fps   8168    73.8s
it  244/4000  reward     nan  ep_len    nan  fell    0  err_xy 0.043  std 0.217  lr 1.0e-04  fps   7731    74.1s
it  245/4000  reward     nan  ep_len    nan  fell    0  err_xy 0.041  std 0.217  lr 1.0e-04  fps   7902    74.4s
it  246/4000  reward     nan  ep_len    nan  fell    0  err_xy 0.032  std 0.217  lr 1.0e-04  fps   8523    74.7s
it  247/4000  reward     nan  ep_len    nan  fell    0  err_xy 0.033  std 0.217  lr 1.0e-04  fps   7676    75.0s
it  248/4000  reward     nan  ep_len    nan  fell    0  err_xy 0.031  std 0.217  lr 1.0e-04  fps   8496    75.2s
it  249/4000  reward     nan  ep_len    nan  fell    0  err_xy 0.028  std 0.217  lr 1.0e-04  fps   8505    75.5s
it  250/4000  reward     nan  ep_len    nan  fell    0  err_xy 0.024  std 0.217  lr 1.0e-04  fps   7822    75.8s
it  251/4000  reward     nan  ep_len    nan  fell    0  err_xy 0.026  std 0.217  lr 1.0e-04  fps   7445    76.1s
it  252/4000  reward     nan  ep_len    nan  fell    0  err_xy 0.034  std 0.217  lr 1.0e-04  fps   7829    76.4s
it  253/4000  reward     nan  ep_len    nan  fell    0  err_xy 0.031  std 0.217  lr 1.0e-04  fps   8314    76.7s
it  254/4000  reward     nan  ep_len    nan  fell    0  err_xy 0.033  std 0.217  lr 1.0e-04  fps   8257    77.0s
it  255/4000  reward     nan  ep_len    nan  fell    0  err_xy 0.042  std 0.217  lr 1.0e-04  fps   8153    77.2s
it  256/4000  reward     nan  ep_len    nan  fell    0  err_xy 0.036  std 0.217  lr 1.0e-04  fps   8029    77.5s
it  257/4000  reward     nan  ep_len    nan  fell    0  err_xy 0.035  std 0.217  lr 1.0e-04  fps   8315    77.8s
it  258/4000  reward     nan  ep_len    nan  fell    0  err_xy 0.034  std 0.217  lr 1.0e-04  fps   8210    78.1s
it  259/4000  reward     nan  ep_len    nan  fell    0  err_xy 0.039  std 0.217  lr 1.0e-04  fps   8095    78.4s
it  260/4000  reward     nan  ep_len    nan  fell    0  err_xy 0.045  std 0.217  lr 1.0e-04  fps   7651    78.7s
it  261/4000  reward     nan  ep_len    nan  fell    0  err_xy 0.039  std 0.217  lr 1.0e-04  fps   7878    79.0s
it  262/4000  reward     nan  ep_len    nan  fell    0  err_xy 0.054  std 0.217  lr 1.0e-04  fps   7923    79.3s
it  263/4000  reward     nan  ep_len    nan  fell    0  err_xy 0.043  std 0.217  lr 1.0e-04  fps   7524    79.6s
it  264/4000  reward     nan  ep_len    nan  fell    0  err_xy 0.052  std 0.217  lr 1.0e-04  fps   7236    79.9s
it  265/4000  reward  145.33  ep_len 1058.0  fell    0  err_xy 0.138  std 0.217  lr 1.0e-04  fps   5914    80.3s
it  266/4000  reward     nan  ep_len    nan  fell    0  err_xy 0.248  std 0.217  lr 1.0e-04  fps   7808    80.6s
it  267/4000  reward     nan  ep_len    nan  fell    0  err_xy 0.216  std 0.217  lr 1.0e-04  fps   8216    80.9s
it  268/4000  reward     nan  ep_len    nan  fell    0  err_xy 0.242  std 0.217  lr 1.0e-04  fps   8245    81.1s
it  269/4000  reward     nan  ep_len    nan  fell    0  err_xy 0.262  std 0.217  lr 1.0e-04  fps   8584    81.4s
it  270/4000  reward     nan  ep_len    nan  fell    0  err_xy 0.261  std 0.217  lr 1.0e-04  fps   8455    81.7s
it  271/4000  reward     nan  ep_len    nan  fell    0  err_xy 0.256  std 0.217  lr 1.0e-04  fps   8329    82.0s
it  272/4000  reward     nan  ep_len    nan  fell    0  err_xy 0.251  std 0.217  lr 1.0e-04  fps   8500    82.2s
it  273/4000  reward     nan  ep_len    nan  fell    0  err_xy 0.264  std 0.217  lr 1.0e-04  fps   8344    82.5s
it  274/4000  reward     nan  ep_len    nan  fell    0  err_xy 0.253  std 0.217  lr 1.0e-04  fps   8126    82.8s
it  275/4000  reward     nan  ep_len    nan  fell    0  err_xy 0.241  std 0.217  lr 1.0e-04  fps   8288    83.1s
it  276/4000  reward     nan  ep_len    nan  fell    0  err_xy 0.225  std 0.217  lr 1.0e-04  fps   8415    83.3s
it  277/4000  reward     nan  ep_len    nan  fell    0  err_xy 0.194  std 0.217  lr 1.0e-04  fps   8398    83.6s
it  278/4000  reward     nan  ep_len    nan  fell    0  err_xy 0.175  std 0.217  lr 1.0e-04  fps   8460    83.9s
it  279/4000  reward     nan  ep_len    nan  fell    0  err_xy 0.174  std 0.217  lr 1.0e-04  fps   8443    84.2s
it  280/4000  reward     nan  ep_len    nan  fell    0  err_xy 0.151  std 0.217  lr 1.0e-04  fps   8339    84.4s
it  281/4000  reward     nan  ep_len    nan  fell    0  err_xy 0.143  std 0.217  lr 1.0e-04  fps   8413    84.7s
it  282/4000  reward     nan  ep_len    nan  fell    0  err_xy 0.165  std 0.217  lr 1.0e-04  fps   8409    85.0s
it  283/4000  reward     nan  ep_len    nan  fell    0  err_xy 0.165  std 0.217  lr 1.0e-04  fps   8321    85.3s
it  284/4000  reward     nan  ep_len    nan  fell    0  err_xy 0.149  std 0.217  lr 1.0e-04  fps   7459    85.6s
it  285/4000  reward     nan  ep_len    nan  fell    0  err_xy 0.132  std 0.217  lr 1.0e-04  fps   8166    85.9s
it  286/4000  reward     nan  ep_len    nan  fell    0  err_xy 0.130  std 0.217  lr 1.0e-04  fps   8347    86.1s
it  287/4000  reward     nan  ep_len    nan  fell    0  err_xy 0.127  std 0.217  lr 1.0e-04  fps   8019    86.4s
it  288/4000  reward     nan  ep_len    nan  fell    0  err_xy 0.107  std 0.217  lr 1.0e-04  fps   8026    86.7s
it  289/4000  reward     nan  ep_len    nan  fell    0  err_xy 0.115  std 0.217  lr 1.0e-04  fps   8291    87.0s
it  290/4000  reward     nan  ep_len    nan  fell    0  err_xy 0.085  std 0.217  lr 1.0e-04  fps   8272    87.3s
it  291/4000  reward     nan  ep_len    nan  fell    0  err_xy 0.089  std 0.217  lr 1.0e-04  fps   8051    87.5s
it  292/4000  reward     nan  ep_len    nan  fell    0  err_xy 0.080  std 0.217  lr 1.0e-04  fps   7600    87.9s
it  293/4000  reward     nan  ep_len    nan  fell    0  err_xy 0.069  std 0.217  lr 1.0e-04  fps   7284    88.2s
it  294/4000  reward     nan  ep_len    nan  fell    0  err_xy 0.061  std 0.217  lr 1.0e-04  fps   7181    88.5s
it  295/4000  reward     nan  ep_len    nan  fell    0  err_xy 0.055  std 0.217  lr 1.0e-04  fps   7611    88.8s
it  296/4000  reward     nan  ep_len    nan  fell    0  err_xy 0.044  std 0.217  lr 1.0e-04  fps   7855    89.1s
it  297/4000  reward     nan  ep_len    nan  fell    0  err_xy 0.048  std 0.217  lr 1.0e-04  fps   7777    89.4s
it  298/4000  reward     nan  ep_len    nan  fell    0  err_xy 0.036  std 0.217  lr 1.0e-04  fps   6577    89.7s
it  299/4000  reward     nan  ep_len    nan  fell    0  err_xy 0.042  std 0.217  lr 1.0e-04  fps   6927    90.1s
it  300/4000  reward     nan  ep_len    nan  fell    0  err_xy 0.041  std 0.217  lr 1.0e-04  fps   6965    90.4s
it  301/4000  reward     nan  ep_len    nan  fell    0  err_xy 0.049  std 0.217  lr 1.0e-04  fps   6830    90.7s
it  302/4000  reward     nan  ep_len    nan  fell    0  err_xy 0.042  std 0.217  lr 1.0e-04  fps   6916    91.1s
it  303/4000  reward     nan  ep_len    nan  fell    0  err_xy 0.049  std 0.217  lr 1.0e-04  fps   7328    91.4s
it  304/4000  reward     nan  ep_len    nan  fell    0  err_xy 0.061  std 0.217  lr 1.0e-04  fps   6676    91.7s
it  305/4000  reward     nan  ep_len    nan  fell    0  err_xy 0.059  std 0.217  lr 1.0e-04  fps   7093    92.1s
it  306/4000  reward     nan  ep_len    nan  fell    0  err_xy 0.055  std 0.217  lr 1.0e-04  fps   7602    92.4s
it  307/4000  reward     nan  ep_len    nan  fell    0  err_xy 0.060  std 0.217  lr 1.0e-04  fps   8151    92.6s
it  308/4000  reward     nan  ep_len    nan  fell    0  err_xy 0.053  std 0.217  lr 1.0e-04  fps   8202    92.9s
it  309/4000  reward  140.31  ep_len 1058.0  fell    0  err_xy 0.115  std 0.217  lr 1.0e-04  fps   6643    93.3s
it  310/4000  reward     nan  ep_len    nan  fell    0  err_xy 0.238  std 0.217  lr 1.0e-04  fps   8091    93.6s
it  311/4000  reward     nan  ep_len    nan  fell    0  err_xy 0.206  std 0.217  lr 1.0e-04  fps   8383    93.8s
it  312/4000  reward     nan  ep_len    nan  fell    0  err_xy 0.214  std 0.217  lr 1.0e-04  fps   7632    94.1s
it  313/4000  reward     nan  ep_len    nan  fell    0  err_xy 0.212  std 0.217  lr 1.0e-04  fps   8058    94.4s
it  314/4000  reward     nan  ep_len    nan  fell    0  err_xy 0.223  std 0.217  lr 1.0e-04  fps   8278    94.7s
it  315/4000  reward     nan  ep_len    nan  fell    0  err_xy 0.196  std 0.217  lr 1.0e-04  fps   8001    95.0s
it  316/4000  reward     nan  ep_len    nan  fell    0  err_xy 0.182  std 0.217  lr 1.0e-04  fps   7336    95.3s
it  317/4000  reward     nan  ep_len    nan  fell    0  err_xy 0.160  std 0.217  lr 1.0e-04  fps   7104    95.6s
it  318/4000  reward     nan  ep_len    nan  fell    0  err_xy 0.143  std 0.217  lr 1.0e-04  fps   7221    95.9s
it  319/4000  reward     nan  ep_len    nan  fell    0  err_xy 0.122  std 0.217  lr 1.0e-04  fps   7209    96.3s
it  320/4000  reward     nan  ep_len    nan  fell    0  err_xy 0.123  std 0.217  lr 1.0e-04  fps   7564    96.6s
it  321/4000  reward     nan  ep_len    nan  fell    0  err_xy 0.104  std 0.217  lr 1.0e-04  fps   7296    96.9s
it  322/4000  reward     nan  ep_len    nan  fell    0  err_xy 0.088  std 0.217  lr 1.0e-04  fps   7239    97.2s
it  323/4000  reward     nan  ep_len    nan  fell    0  err_xy 0.103  std 0.217  lr 1.0e-04  fps   6982    97.5s
it  324/4000  reward     nan  ep_len    nan  fell    0  err_xy 0.088  std 0.217  lr 1.0e-04  fps   7337    97.8s
it  325/4000  reward     nan  ep_len    nan  fell    0  err_xy 0.081  std 0.217  lr 1.0e-04  fps   7119    98.2s
it  326/4000  reward     nan  ep_len    nan  fell    0  err_xy 0.063  std 0.217  lr 1.0e-04  fps   7570    98.5s
it  327/4000  reward     nan  ep_len    nan  fell    0  err_xy 0.052  std 0.217  lr 1.0e-04  fps   7240    98.8s
it  328/4000  reward     nan  ep_len    nan  fell    0  err_xy 0.045  std 0.217  lr 1.0e-04  fps   6980    99.1s
it  329/4000  reward     nan  ep_len    nan  fell    0  err_xy 0.046  std 0.217  lr 1.0e-04  fps   7101    99.5s
it  330/4000  reward     nan  ep_len    nan  fell    0  err_xy 0.046  std 0.217  lr 1.0e-04  fps   7248    99.8s
it  331/4000  reward     nan  ep_len    nan  fell    0  err_xy 0.046  std 0.217  lr 1.0e-04  fps   7530   100.1s
it  332/4000  reward     nan  ep_len    nan  fell    0  err_xy 0.043  std 0.217  lr 1.0e-04  fps   7515   100.4s
it  333/4000  reward     nan  ep_len    nan  fell    0  err_xy 0.038  std 0.217  lr 1.0e-04  fps   7565   100.7s
it  334/4000  reward     nan  ep_len    nan  fell    0  err_xy 0.033  std 0.217  lr 1.0e-04  fps   7611   101.0s
it  335/4000  reward     nan  ep_len    nan  fell    0  err_xy 0.036  std 0.217  lr 1.0e-04  fps   7924   101.3s
it  336/4000  reward     nan  ep_len    nan  fell    0  err_xy 0.033  std 0.217  lr 1.0e-04  fps   7590   101.6s
it  337/4000  reward     nan  ep_len    nan  fell    0  err_xy 0.032  std 0.217  lr 1.0e-04  fps   7515   101.9s
it  338/4000  reward     nan  ep_len    nan  fell    0  err_xy 0.028  std 0.217  lr 1.0e-04  fps   8175   102.2s
it  339/4000  reward     nan  ep_len    nan  fell    0  err_xy 0.029  std 0.217  lr 1.0e-04  fps   8216   102.5s
it  340/4000  reward     nan  ep_len    nan  fell    0  err_xy 0.041  std 0.217  lr 1.0e-04  fps   8262   102.7s
it  341/4000  reward     nan  ep_len    nan  fell    0  err_xy 0.046  std 0.217  lr 1.0e-04  fps   8323   103.0s
it  342/4000  reward     nan  ep_len    nan  fell    0  err_xy 0.060  std 0.217  lr 1.0e-04  fps   8433   103.3s
it  343/4000  reward     nan  ep_len    nan  fell    0  err_xy 0.063  std 0.217  lr 1.0e-04  fps   8462   103.6s
it  344/4000  reward     nan  ep_len    nan  fell    0  err_xy 0.051  std 0.217  lr 1.0e-04  fps   7959   103.8s
it  345/4000  reward     nan  ep_len    nan  fell    0  err_xy 0.065  std 0.217  lr 1.0e-04  fps   7934   104.1s
it  346/4000  reward     nan  ep_len    nan  fell    0  err_xy 0.053  std 0.217  lr 1.0e-04  fps   7128   104.5s
it  347/4000  reward     nan  ep_len    nan  fell    0  err_xy 0.042  std 0.217  lr 1.0e-04  fps   6692   104.8s
it  348/4000  reward     nan  ep_len    nan  fell    0  err_xy 0.043  std 0.217  lr 1.0e-04  fps   6882   105.1s
it  349/4000  reward     nan  ep_len    nan  fell    0  err_xy 0.040  std 0.217  lr 1.0e-04  fps   7032   105.5s
it  350/4000  reward     nan  ep_len    nan  fell    0  err_xy 0.032  std 0.217  lr 1.0e-04  fps   7551   105.8s
it  351/4000  reward     nan  ep_len    nan  fell    0  err_xy 0.021  std 0.216  lr 1.0e-04  fps   8080   106.1s
it  352/4000  reward     nan  ep_len    nan  fell    0  err_xy 0.016  std 0.217  lr 1.0e-04  fps   8182   106.3s
it  353/4000  reward  151.96  ep_len 1058.0  fell    0  err_xy 0.087  std 0.217  lr 1.0e-04  fps   6805   106.7s
it  354/4000  reward     nan  ep_len    nan  fell    0  err_xy 0.279  std 0.217  lr 1.0e-04  fps   8471   107.0s
it  355/4000  reward     nan  ep_len    nan  fell    0  err_xy 0.215  std 0.217  lr 1.0e-04  fps   8375   107.2s
it  356/4000  reward     nan  ep_len    nan  fell    0  err_xy 0.212  std 0.217  lr 1.0e-04  fps   8351   107.5s
it  357/4000  reward     nan  ep_len    nan  fell    0  err_xy 0.188  std 0.217  lr 1.0e-04  fps   8409   107.8s
it  358/4000  reward     nan  ep_len    nan  fell    0  err_xy 0.194  std 0.217  lr 1.0e-04  fps   8454   108.1s
it  359/4000  reward     nan  ep_len    nan  fell    0  err_xy 0.190  std 0.216  lr 1.0e-04  fps   8433   108.3s
it  360/4000  reward     nan  ep_len    nan  fell    0  err_xy 0.148  std 0.217  lr 1.0e-04  fps   8406   108.6s
it  361/4000  reward     nan  ep_len    nan  fell    0  err_xy 0.118  std 0.217  lr 1.0e-04  fps   8248   108.9s
it  362/4000  reward     nan  ep_len    nan  fell    0  err_xy 0.084  std 0.217  lr 1.0e-04  fps   7668   109.2s
it  363/4000  reward     nan  ep_len    nan  fell    0  err_xy 0.073  std 0.217  lr 1.0e-04  fps   7250   109.5s
it  364/4000  reward     nan  ep_len    nan  fell    0  err_xy 0.052  std 0.217  lr 1.0e-04  fps   7167   109.8s
it  365/4000  reward     nan  ep_len    nan  fell    0  err_xy 0.043  std 0.217  lr 1.0e-04  fps   7425   110.1s
it  366/4000  reward     nan  ep_len    nan  fell    0  err_xy 0.037  std 0.217  lr 1.0e-04  fps   7943   110.4s
it  367/4000  reward     nan  ep_len    nan  fell    0  err_xy 0.036  std 0.217  lr 1.0e-04  fps   8142   110.7s
it  368/4000  reward     nan  ep_len    nan  fell    0  err_xy 0.032  std 0.217  lr 1.0e-04  fps   8224   111.0s
it  369/4000  reward     nan  ep_len    nan  fell    0  err_xy 0.030  std 0.217  lr 1.0e-04  fps   7590   111.3s
it  370/4000  reward     nan  ep_len    nan  fell    0  err_xy 0.030  std 0.217  lr 1.0e-04  fps   7074   111.6s
it  371/4000  reward     nan  ep_len    nan  fell    0  err_xy 0.027  std 0.217  lr 1.0e-04  fps   7110   111.9s
it  372/4000  reward     nan  ep_len    nan  fell    0  err_xy 0.031  std 0.217  lr 1.0e-04  fps   7278   112.3s
it  373/4000  reward     nan  ep_len    nan  fell    0  err_xy 0.037  std 0.217  lr 1.0e-04  fps   8037   112.5s
it  374/4000  reward     nan  ep_len    nan  fell    0  err_xy 0.046  std 0.217  lr 1.0e-04  fps   7737   112.8s
it  375/4000  reward     nan  ep_len    nan  fell    0  err_xy 0.057  std 0.217  lr 1.0e-04  fps   8322   113.1s
it  376/4000  reward     nan  ep_len    nan  fell    0  err_xy 0.055  std 0.217  lr 1.0e-04  fps   8233   113.4s
it  377/4000  reward     nan  ep_len    nan  fell    0  err_xy 0.067  std 0.217  lr 1.0e-04  fps   8250   113.7s
it  378/4000  reward     nan  ep_len    nan  fell    0  err_xy 0.070  std 0.217  lr 1.0e-04  fps   7972   114.0s
it  379/4000  reward     nan  ep_len    nan  fell    0  err_xy 0.074  std 0.217  lr 1.0e-04  fps   8285   114.2s
it  380/4000  reward     nan  ep_len    nan  fell    0  err_xy 0.074  std 0.217  lr 1.0e-04  fps   8206   114.5s
it  381/4000  reward     nan  ep_len    nan  fell    0  err_xy 0.079  std 0.217  lr 1.0e-04  fps   8413   114.8s
it  382/4000  reward     nan  ep_len    nan  fell    0  err_xy 0.077  std 0.217  lr 1.0e-04  fps   8489   115.1s
it  383/4000  reward     nan  ep_len    nan  fell    0  err_xy 0.075  std 0.217  lr 1.0e-04  fps   8112   115.4s
it  384/4000  reward     nan  ep_len    nan  fell    0  err_xy 0.081  std 0.217  lr 1.0e-04  fps   8390   115.6s
it  385/4000  reward     nan  ep_len    nan  fell    0  err_xy 0.069  std 0.217  lr 1.0e-04  fps   8476   115.9s
it  386/4000  reward     nan  ep_len    nan  fell    0  err_xy 0.050  std 0.217  lr 1.0e-04  fps   8392   116.2s
it  387/4000  reward     nan  ep_len    nan  fell    0  err_xy 0.036  std 0.217  lr 1.0e-04  fps   7715   116.5s
it  388/4000  reward     nan  ep_len    nan  fell    0  err_xy 0.033  std 0.217  lr 1.0e-04  fps   8188   116.8s
it  389/4000  reward     nan  ep_len    nan  fell    0  err_xy 0.030  std 0.217  lr 1.0e-04  fps   8351   117.0s
it  390/4000  reward     nan  ep_len    nan  fell    0  err_xy 0.027  std 0.217  lr 1.0e-04  fps   8216   117.3s
it  391/4000  reward     nan  ep_len    nan  fell    0  err_xy 0.023  std 0.217  lr 1.0e-04  fps   8165   117.6s
it  392/4000  reward     nan  ep_len    nan  fell    0  err_xy 0.025  std 0.217  lr 1.0e-04  fps   8040   117.9s
it  393/4000  reward     nan  ep_len    nan  fell    0  err_xy 0.031  std 0.217  lr 1.0e-04  fps   8328   118.2s
it  394/4000  reward     nan  ep_len    nan  fell    0  err_xy 0.022  std 0.216  lr 1.0e-04  fps   8237   118.4s
it  395/4000  reward     nan  ep_len    nan  fell    0  err_xy 0.024  std 0.217  lr 1.0e-04  fps   8049   118.7s
it  396/4000  reward     nan  ep_len    nan  fell    0  err_xy 0.023  std 0.216  lr 1.0e-04  fps   7906   119.0s
it  397/4000  reward  153.62  ep_len 1058.0  fell    0  err_xy 0.076  std 0.216  lr 1.0e-04  fps   6754   119.4s
it  398/4000  reward     nan  ep_len    nan  fell    0  err_xy 0.288  std 0.217  lr 1.0e-04  fps   8504   119.6s
it  399/4000  reward     nan  ep_len    nan  fell    0  err_xy 0.209  std 0.217  lr 1.0e-04  fps   8675   119.9s
it  400/4000  reward     nan  ep_len    nan  fell    0  err_xy 0.236  std 0.217  lr 1.0e-04  fps   8762   120.2s
eval iteration 400:
  prone          success   0.0%  time 21.16s  peak_τ 0.96 Nm  return 155.50
  supine         success   0.0%  time 21.16s  peak_τ 0.96 Nm  return 163.42
  score 0.000
it  401/4000  reward     nan  ep_len    nan  fell    0  err_xy 0.223  std 0.217  lr 1.0e-04  fps   8228   125.4s
it  402/4000  reward     nan  ep_len    nan  fell    0  err_xy 0.220  std 0.217  lr 1.0e-04  fps   8176   125.7s
it  403/4000  reward     nan  ep_len    nan  fell    0  err_xy 0.203  std 0.217  lr 1.0e-04  fps   8250   126.0s
it  404/4000  reward     nan  ep_len    nan  fell    0  err_xy 0.175  std 0.217  lr 1.0e-04  fps   6346   126.4s
it  405/4000  reward     nan  ep_len    nan  fell    0  err_xy 0.141  std 0.217  lr 1.0e-04  fps   8798   126.6s
it  406/4000  reward     nan  ep_len    nan  fell    0  err_xy 0.118  std 0.217  lr 1.0e-04  fps   8911   126.9s
it  407/4000  reward     nan  ep_len    nan  fell    0  err_xy 0.098  std 0.217  lr 1.0e-04  fps   8807   127.1s
it  408/4000  reward     nan  ep_len    nan  fell    0  err_xy 0.075  std 0.217  lr 1.0e-04  fps   8632   127.4s
it  409/4000  reward     nan  ep_len    nan  fell    0  err_xy 0.044  std 0.217  lr 1.0e-04  fps   8525   127.7s
it  410/4000  reward     nan  ep_len    nan  fell    0  err_xy 0.038  std 0.217  lr 1.0e-04  fps   7742   128.0s
it  411/4000  reward     nan  ep_len    nan  fell    0  err_xy 0.031  std 0.217  lr 1.0e-04  fps   8638   128.2s
it  412/4000  reward     nan  ep_len    nan  fell    0  err_xy 0.028  std 0.217  lr 1.0e-04  fps   8653   128.5s
it  413/4000  reward     nan  ep_len    nan  fell    0  err_xy 0.030  std 0.217  lr 1.0e-04  fps   8621   128.8s
it  414/4000  reward     nan  ep_len    nan  fell    0  err_xy 0.025  std 0.217  lr 1.0e-04  fps   8699   129.0s
it  415/4000  reward     nan  ep_len    nan  fell    0  err_xy 0.023  std 0.217  lr 1.0e-04  fps   8375   129.3s
it  416/4000  reward     nan  ep_len    nan  fell    0  err_xy 0.022  std 0.217  lr 1.0e-04  fps   8594   129.6s
it  417/4000  reward     nan  ep_len    nan  fell    0  err_xy 0.029  std 0.217  lr 1.0e-04  fps   8740   129.9s
it  418/4000  reward     nan  ep_len    nan  fell    0  err_xy 0.030  std 0.217  lr 1.0e-04  fps   8822   130.1s
it  419/4000  reward     nan  ep_len    nan  fell    0  err_xy 0.031  std 0.217  lr 1.0e-04  fps   8868   130.4s
it  420/4000  reward     nan  ep_len    nan  fell    0  err_xy 0.027  std 0.217  lr 1.0e-04  fps   8832   130.6s
it  421/4000  reward     nan  ep_len    nan  fell    0  err_xy 0.026  std 0.217  lr 1.0e-04  fps   8950   130.9s
it  422/4000  reward     nan  ep_len    nan  fell    0  err_xy 0.025  std 0.217  lr 1.0e-04  fps   8965   131.2s
it  423/4000  reward     nan  ep_len    nan  fell    0  err_xy 0.026  std 0.217  lr 1.0e-04  fps   8913   131.4s
it  424/4000  reward     nan  ep_len    nan  fell    0  err_xy 0.026  std 0.217  lr 1.0e-04  fps   8869   131.7s
it  425/4000  reward     nan  ep_len    nan  fell    0  err_xy 0.021  std 0.217  lr 1.0e-04  fps   8975   131.9s
it  426/4000  reward     nan  ep_len    nan  fell    0  err_xy 0.015  std 0.217  lr 1.0e-04  fps   8997   132.2s
it  427/4000  reward     nan  ep_len    nan  fell    0  err_xy 0.013  std 0.217  lr 1.0e-04  fps   8759   132.4s
it  428/4000  reward     nan  ep_len    nan  fell    0  err_xy 0.013  std 0.217  lr 1.0e-04  fps   8825   132.7s
it  429/4000  reward     nan  ep_len    nan  fell    0  err_xy 0.012  std 0.217  lr 1.0e-04  fps   8836   133.0s
it  430/4000  reward     nan  ep_len    nan  fell    0  err_xy 0.011  std 0.217  lr 1.0e-04  fps   8836   133.2s
it  431/4000  reward     nan  ep_len    nan  fell    0  err_xy 0.013  std 0.217  lr 1.0e-04  fps   8759   133.5s
it  432/4000  reward     nan  ep_len    nan  fell    0  err_xy 0.011  std 0.217  lr 1.0e-04  fps   8896   133.8s
it  433/4000  reward     nan  ep_len    nan  fell    0  err_xy 0.012  std 0.216  lr 1.0e-04  fps   8723   134.0s
it  434/4000  reward     nan  ep_len    nan  fell    0  err_xy 0.018  std 0.216  lr 1.0e-04  fps   7220   134.3s
it  435/4000  reward     nan  ep_len    nan  fell    0  err_xy 0.026  std 0.216  lr 1.0e-04  fps   7591   134.6s
it  436/4000  reward     nan  ep_len    nan  fell    0  err_xy 0.052  std 0.216  lr 1.0e-04  fps   8240   134.9s
it  437/4000  reward     nan  ep_len    nan  fell    0  err_xy 0.061  std 0.216  lr 1.0e-04  fps   8384   135.2s
it  438/4000  reward     nan  ep_len    nan  fell    0  err_xy 0.078  std 0.216  lr 1.0e-04  fps   8291   135.5s
it  439/4000  reward     nan  ep_len    nan  fell    0  err_xy 0.088  std 0.216  lr 1.0e-04  fps   8466   135.7s
it  440/4000  reward     nan  ep_len    nan  fell    0  err_xy 0.073  std 0.216  lr 1.0e-04  fps   8510   136.0s
it  441/4000  reward  156.55  ep_len 1058.0  fell    0  err_xy 0.067  std 0.216  lr 1.0e-04  fps   6854   136.4s
it  442/4000  reward     nan  ep_len    nan  fell    0  err_xy 0.259  std 0.216  lr 1.0e-04  fps   8595   136.6s
it  443/4000  reward     nan  ep_len    nan  fell    0  err_xy 0.214  std 0.216  lr 1.0e-04  fps   8754   136.9s
it  444/4000  reward     nan  ep_len    nan  fell    0  err_xy 0.216  std 0.216  lr 1.0e-04  fps   8703   137.2s
it  445/4000  reward     nan  ep_len    nan  fell    0  err_xy 0.221  std 0.217  lr 1.0e-04  fps   8601   137.4s
it  446/4000  reward     nan  ep_len    nan  fell    0  err_xy 0.218  std 0.217  lr 1.0e-04  fps   8517   137.7s
it  447/4000  reward     nan  ep_len    nan  fell    0  err_xy 0.203  std 0.217  lr 1.0e-04  fps   8126   138.0s
it  448/4000  reward     nan  ep_len    nan  fell    0  err_xy 0.169  std 0.217  lr 1.0e-04  fps   7034   138.3s
it  449/4000  reward     nan  ep_len    nan  fell    0  err_xy 0.126  std 0.217  lr 1.0e-04  fps   8078   138.6s
it  450/4000  reward     nan  ep_len    nan  fell    0  err_xy 0.106  std 0.217  lr 1.0e-04  fps   8103   138.9s
it  451/4000  reward     nan  ep_len    nan  fell    0  err_xy 0.085  std 0.217  lr 1.0e-04  fps   8162   139.2s
it  452/4000  reward     nan  ep_len    nan  fell    0  err_xy 0.081  std 0.217  lr 1.0e-04  fps   8147   139.4s
it  453/4000  reward     nan  ep_len    nan  fell    0  err_xy 0.066  std 0.217  lr 1.0e-04  fps   7479   139.7s
it  454/4000  reward     nan  ep_len    nan  fell    0  err_xy 0.059  std 0.217  lr 1.0e-04  fps   8133   140.0s
it  455/4000  reward     nan  ep_len    nan  fell    0  err_xy 0.063  std 0.217  lr 1.0e-04  fps   8094   140.3s
it  456/4000  reward     nan  ep_len    nan  fell    0  err_xy 0.058  std 0.217  lr 1.0e-04  fps   7867   140.6s
it  457/4000  reward     nan  ep_len    nan  fell    0  err_xy 0.065  std 0.217  lr 1.0e-04  fps   7670   140.9s
it  458/4000  reward     nan  ep_len    nan  fell    0  err_xy 0.081  std 0.217  lr 1.0e-04  fps   8033   141.2s
it  459/4000  reward     nan  ep_len    nan  fell    0  err_xy 0.074  std 0.217  lr 1.0e-04  fps   8084   141.5s
it  460/4000  reward     nan  ep_len    nan  fell    0  err_xy 0.079  std 0.217  lr 1.0e-04  fps   7949   141.8s
it  461/4000  reward     nan  ep_len    nan  fell    0  err_xy 0.074  std 0.217  lr 1.0e-04  fps   8089   142.1s
it  462/4000  reward     nan  ep_len    nan  fell    0  err_xy 0.065  std 0.217  lr 1.0e-04  fps   8063   142.3s
it  463/4000  reward     nan  ep_len    nan  fell    0  err_xy 0.061  std 0.217  lr 1.0e-04  fps   8077   142.6s
it  464/4000  reward     nan  ep_len    nan  fell    0  err_xy 0.054  std 0.217  lr 1.0e-04  fps   8171   142.9s
it  465/4000  reward     nan  ep_len    nan  fell    0  err_xy 0.041  std 0.217  lr 1.0e-04  fps   8150   143.2s
it  466/4000  reward     nan  ep_len    nan  fell    0  err_xy 0.034  std 0.217  lr 1.0e-04  fps   8102   143.5s
it  467/4000  reward     nan  ep_len    nan  fell    0  err_xy 0.029  std 0.217  lr 1.0e-04  fps   7809   143.8s
it  468/4000  reward     nan  ep_len    nan  fell    0  err_xy 0.026  std 0.217  lr 1.0e-04  fps   8148   144.1s
it  469/4000  reward     nan  ep_len    nan  fell    0  err_xy 0.024  std 0.217  lr 1.0e-04  fps   8162   144.3s
it  470/4000  reward     nan  ep_len    nan  fell    0  err_xy 0.018  std 0.217  lr 1.0e-04  fps   8164   144.6s
it  471/4000  reward     nan  ep_len    nan  fell    0  err_xy 0.016  std 0.217  lr 1.0e-04  fps   8165   144.9s
it  472/4000  reward     nan  ep_len    nan  fell    0  err_xy 0.019  std 0.217  lr 1.0e-04  fps   7900   145.2s
it  473/4000  reward     nan  ep_len    nan  fell    0  err_xy 0.017  std 0.217  lr 1.0e-04  fps   7709   145.5s
it  474/4000  reward     nan  ep_len    nan  fell    0  err_xy 0.015  std 0.217  lr 1.0e-04  fps   7545   145.8s
it  475/4000  reward     nan  ep_len    nan  fell    0  err_xy 0.014  std 0.217  lr 1.0e-04  fps   7500   146.1s
it  476/4000  reward     nan  ep_len    nan  fell    0  err_xy 0.011  std 0.217  lr 1.0e-04  fps   7212   146.4s
it  477/4000  reward     nan  ep_len    nan  fell    0  err_xy 0.009  std 0.217  lr 1.0e-04  fps   7616   146.7s
it  478/4000  reward     nan  ep_len    nan  fell    0  err_xy 0.008  std 0.217  lr 1.0e-04  fps   7063   147.1s
it  479/4000  reward     nan  ep_len    nan  fell    0  err_xy 0.008  std 0.217  lr 1.0e-04  fps   7659   147.4s
it  480/4000  reward     nan  ep_len    nan  fell    0  err_xy 0.008  std 0.217  lr 1.0e-04  fps   7747   147.7s
it  481/4000  reward     nan  ep_len    nan  fell    0  err_xy 0.009  std 0.217  lr 1.0e-04  fps   7727   148.0s
it  482/4000  reward     nan  ep_len    nan  fell    0  err_xy 0.014  std 0.217  lr 1.0e-04  fps   7636   148.3s
it  483/4000  reward     nan  ep_len    nan  fell    0  err_xy 0.014  std 0.216  lr 1.0e-04  fps   7698   148.6s
it  484/4000  reward     nan  ep_len    nan  fell    0  err_xy 0.023  std 0.216  lr 1.0e-04  fps   7154   148.9s
it  485/4000  reward  149.76  ep_len 1058.0  fell    0  err_xy 0.038  std 0.216  lr 1.0e-04  fps   4452   149.4s
it  486/4000  reward     nan  ep_len    nan  fell    0  err_xy 0.242  std 0.216  lr 1.0e-04  fps   5501   149.8s
it  487/4000  reward     nan  ep_len    nan  fell    0  err_xy 0.216  std 0.216  lr 1.0e-04  fps   6175   150.2s
it  488/4000  reward     nan  ep_len    nan  fell    0  err_xy 0.213  std 0.217  lr 1.0e-04  fps   7673   150.5s
it  489/4000  reward     nan  ep_len    nan  fell    0  err_xy 0.242  std 0.217  lr 1.0e-04  fps   7794   150.8s
it  490/4000  reward     nan  ep_len    nan  fell    0  err_xy 0.247  std 0.217  lr 1.0e-04  fps   6950   151.1s
it  491/4000  reward     nan  ep_len    nan  fell    0  err_xy 0.221  std 0.217  lr 1.0e-04  fps   6424   151.5s
it  492/4000  reward     nan  ep_len    nan  fell    0  err_xy 0.193  std 0.217  lr 1.0e-04  fps   7863   151.8s
it  493/4000  reward     nan  ep_len    nan  fell    0  err_xy 0.165  std 0.217  lr 1.0e-04  fps   8302   152.1s
it  494/4000  reward     nan  ep_len    nan  fell    0  err_xy 0.141  std 0.217  lr 1.0e-04  fps   7256   152.4s
it  495/4000  reward     nan  ep_len    nan  fell    0  err_xy 0.129  std 0.217  lr 1.0e-04  fps   8010   152.7s
it  496/4000  reward     nan  ep_len    nan  fell    0  err_xy 0.113  std 0.217  lr 1.0e-04  fps   8079   152.9s
it  497/4000  reward     nan  ep_len    nan  fell    0  err_xy 0.102  std 0.217  lr 1.0e-04  fps   7873   153.2s
it  498/4000  reward     nan  ep_len    nan  fell    0  err_xy 0.084  std 0.217  lr 1.0e-04  fps   8253   153.5s
it  499/4000  reward     nan  ep_len    nan  fell    0  err_xy 0.077  std 0.217  lr 1.0e-04  fps   8116   153.8s
it  500/4000  reward     nan  ep_len    nan  fell    0  err_xy 0.067  std 0.217  lr 1.0e-04  fps   8141   154.1s
it  501/4000  reward     nan  ep_len    nan  fell    0  err_xy 0.065  std 0.217  lr 1.0e-04  fps   8161   154.4s
it  502/4000  reward     nan  ep_len    nan  fell    0  err_xy 0.075  std 0.217  lr 1.0e-04  fps   8152   154.7s
it  503/4000  reward     nan  ep_len    nan  fell    0  err_xy 0.069  std 0.217  lr 1.0e-04  fps   5804   155.0s
it  504/4000  reward     nan  ep_len    nan  fell    0  err_xy 0.065  std 0.217  lr 1.0e-04  fps   6864   155.4s
it  505/4000  reward     nan  ep_len    nan  fell    0  err_xy 0.059  std 0.217  lr 1.0e-04  fps   7370   155.7s
it  506/4000  reward     nan  ep_len    nan  fell    0  err_xy 0.054  std 0.217  lr 1.0e-04  fps   7820   156.0s
it  507/4000  reward     nan  ep_len    nan  fell    0  err_xy 0.050  std 0.217  lr 1.0e-04  fps   7929   156.3s
it  508/4000  reward     nan  ep_len    nan  fell    0  err_xy 0.041  std 0.217  lr 1.0e-04  fps   7929   156.6s
it  509/4000  reward     nan  ep_len    nan  fell    0  err_xy 0.032  std 0.217  lr 1.0e-04  fps   7984   156.9s
it  510/4000  reward     nan  ep_len    nan  fell    0  err_xy 0.026  std 0.217  lr 1.0e-04  fps   7861   157.2s
it  511/4000  reward     nan  ep_len    nan  fell    0  err_xy 0.025  std 0.217  lr 1.0e-04  fps   7502   157.5s
it  512/4000  reward     nan  ep_len    nan  fell    0  err_xy 0.020  std 0.217  lr 1.0e-04  fps   7313   157.8s
it  513/4000  reward     nan  ep_len    nan  fell    0  err_xy 0.025  std 0.217  lr 1.0e-04  fps   7141   158.1s
it  514/4000  reward     nan  ep_len    nan  fell    0  err_xy 0.017  std 0.217  lr 1.0e-04  fps   7033   158.4s
it  515/4000  reward     nan  ep_len    nan  fell    0  err_xy 0.012  std 0.217  lr 1.0e-04  fps   7653   158.7s
it  516/4000  reward     nan  ep_len    nan  fell    0  err_xy 0.011  std 0.217  lr 1.0e-04  fps   7884   159.0s
it  517/4000  reward     nan  ep_len    nan  fell    0  err_xy 0.015  std 0.217  lr 1.0e-04  fps   7653   159.3s
it  518/4000  reward     nan  ep_len    nan  fell    0  err_xy 0.016  std 0.217  lr 1.0e-04  fps   7639   159.6s
it  519/4000  reward     nan  ep_len    nan  fell    0  err_xy 0.016  std 0.217  lr 1.0e-04  fps   6776   160.0s
it  520/4000  reward     nan  ep_len    nan  fell    0  err_xy 0.018  std 0.217  lr 1.0e-04  fps   6853   160.3s
it  521/4000  reward     nan  ep_len    nan  fell    0  err_xy 0.015  std 0.217  lr 1.0e-04  fps   7277   160.6s
it  522/4000  reward     nan  ep_len    nan  fell    0  err_xy 0.023  std 0.217  lr 1.0e-04  fps   7106   160.9s
it  523/4000  reward     nan  ep_len    nan  fell    0  err_xy 0.018  std 0.217  lr 1.0e-04  fps   7221   161.3s
it  524/4000  reward     nan  ep_len    nan  fell    0  err_xy 0.015  std 0.217  lr 1.0e-04  fps   7515   161.6s
it  525/4000  reward     nan  ep_len    nan  fell    0  err_xy 0.013  std 0.216  lr 1.0e-04  fps   7062   161.9s
it  526/4000  reward     nan  ep_len    nan  fell    0  err_xy 0.014  std 0.217  lr 1.0e-04  fps   6839   162.2s
it  527/4000  reward     nan  ep_len    nan  fell    0  err_xy 0.018  std 0.217  lr 1.0e-04  fps   7311   162.6s
it  528/4000  reward     nan  ep_len    nan  fell    0  err_xy 0.012  std 0.217  lr 1.0e-04  fps   7388   162.9s
it  529/4000  reward  155.41  ep_len 1058.0  fell    0  err_xy 0.013  std 0.216  lr 1.0e-04  fps   6099   163.2s
it  530/4000  reward     nan  ep_len    nan  fell    0  err_xy 0.264  std 0.216  lr 1.0e-04  fps   7997   163.5s
it  531/4000  reward     nan  ep_len    nan  fell    0  err_xy 0.223  std 0.217  lr 1.0e-04  fps   7781   163.8s
it  532/4000  reward     nan  ep_len    nan  fell    0  err_xy 0.213  std 0.217  lr 1.0e-04  fps   8373   164.1s
it  533/4000  reward     nan  ep_len    nan  fell    0  err_xy 0.218  std 0.217  lr 1.0e-04  fps   8193   164.4s
it  534/4000  reward     nan  ep_len    nan  fell    0  err_xy 0.250  std 0.217  lr 1.0e-04  fps   8362   164.7s
it  535/4000  reward     nan  ep_len    nan  fell    0  err_xy 0.223  std 0.217  lr 1.0e-04  fps   8346   164.9s
it  536/4000  reward     nan  ep_len    nan  fell    0  err_xy 0.196  std 0.217  lr 1.0e-04  fps   8325   165.2s
it  537/4000  reward     nan  ep_len    nan  fell    0  err_xy 0.178  std 0.217  lr 1.0e-04  fps   8172   165.5s
it  538/4000  reward     nan  ep_len    nan  fell    0  err_xy 0.139  std 0.217  lr 1.0e-04  fps   7420   165.8s
it  539/4000  reward     nan  ep_len    nan  fell    0  err_xy 0.115  std 0.217  lr 1.0e-04  fps   6823   166.1s
it  540/4000  reward     nan  ep_len    nan  fell    0  err_xy 0.108  std 0.217  lr 1.0e-04  fps   6801   166.5s
it  541/4000  reward     nan  ep_len    nan  fell    0  err_xy 0.098  std 0.217  lr 1.0e-04  fps   7582   166.8s
it  542/4000  reward     nan  ep_len    nan  fell    0  err_xy 0.095  std 0.217  lr 1.0e-04  fps   7199   167.1s
it  543/4000  reward     nan  ep_len    nan  fell    0  err_xy 0.080  std 0.217  lr 1.0e-04  fps   7224   167.4s
it  544/4000  reward     nan  ep_len    nan  fell    0  err_xy 0.059  std 0.217  lr 1.0e-04  fps   6268   167.8s
it  545/4000  reward     nan  ep_len    nan  fell    0  err_xy 0.050  std 0.217  lr 1.0e-04  fps   6657   168.1s
it  546/4000  reward     nan  ep_len    nan  fell    0  err_xy 0.044  std 0.217  lr 1.0e-04  fps   7349   168.5s
it  547/4000  reward     nan  ep_len    nan  fell    0  err_xy 0.048  std 0.217  lr 1.0e-04  fps   6582   168.8s
it  548/4000  reward     nan  ep_len    nan  fell    0  err_xy 0.038  std 0.217  lr 1.0e-04  fps   7236   169.1s
it  549/4000  reward     nan  ep_len    nan  fell    0  err_xy 0.038  std 0.217  lr 1.0e-04  fps   7545   169.4s
it  550/4000  reward     nan  ep_len    nan  fell    0  err_xy 0.045  std 0.217  lr 1.0e-04  fps   7083   169.8s
it  551/4000  reward     nan  ep_len    nan  fell    0  err_xy 0.044  std 0.217  lr 1.0e-04  fps   6348   170.1s
it  552/4000  reward     nan  ep_len    nan  fell    0  err_xy 0.040  std 0.217  lr 1.0e-04  fps   6355   170.5s
it  553/4000  reward     nan  ep_len    nan  fell    0  err_xy 0.036  std 0.217  lr 1.0e-04  fps   6688   170.8s
it  554/4000  reward     nan  ep_len    nan  fell    0  err_xy 0.047  std 0.217  lr 1.0e-04  fps   7624   171.1s
it  555/4000  reward     nan  ep_len    nan  fell    0  err_xy 0.050  std 0.217  lr 1.0e-04  fps   7702   171.4s
it  556/4000  reward     nan  ep_len    nan  fell    0  err_xy 0.058  std 0.217  lr 1.0e-04  fps   8063   171.7s
it  557/4000  reward     nan  ep_len    nan  fell    0  err_xy 0.062  std 0.217  lr 1.0e-04  fps   8062   172.0s
it  558/4000  reward     nan  ep_len    nan  fell    0  err_xy 0.048  std 0.217  lr 1.0e-04  fps   8086   172.3s
it  559/4000  reward     nan  ep_len    nan  fell    0  err_xy 0.058  std 0.217  lr 1.0e-04  fps   8134   172.6s
it  560/4000  reward     nan  ep_len    nan  fell    0  err_xy 0.053  std 0.217  lr 1.0e-04  fps   7367   172.9s
it  561/4000  reward     nan  ep_len    nan  fell    0  err_xy 0.058  std 0.217  lr 1.0e-04  fps   7403   173.2s
it  562/4000  reward     nan  ep_len    nan  fell    0  err_xy 0.063  std 0.217  lr 1.0e-04  fps   7405   173.5s
it  563/4000  reward     nan  ep_len    nan  fell    0  err_xy 0.065  std 0.217  lr 1.0e-04  fps   7964   173.8s
it  564/4000  reward     nan  ep_len    nan  fell    0  err_xy 0.071  std 0.217  lr 1.0e-04  fps   7915   174.1s
it  565/4000  reward     nan  ep_len    nan  fell    0  err_xy 0.067  std 0.217  lr 1.0e-04  fps   7946   174.4s
it  566/4000  reward     nan  ep_len    nan  fell    0  err_xy 0.069  std 0.217  lr 1.0e-04  fps   8074   174.7s
it  567/4000  reward     nan  ep_len    nan  fell    0  err_xy 0.069  std 0.217  lr 1.0e-04  fps   8039   175.0s
it  568/4000  reward     nan  ep_len    nan  fell    0  err_xy 0.055  std 0.217  lr 1.0e-04  fps   8089   175.2s
it  569/4000  reward     nan  ep_len    nan  fell    0  err_xy 0.060  std 0.217  lr 1.0e-04  fps   8048   175.5s
it  570/4000  reward     nan  ep_len    nan  fell    0  err_xy 0.063  std 0.217  lr 1.0e-04  fps   7774   175.8s
it  571/4000  reward     nan  ep_len    nan  fell    0  err_xy 0.060  std 0.217  lr 1.0e-04  fps   7958   176.1s
it  572/4000  reward     nan  ep_len    nan  fell    0  err_xy 0.056  std 0.217  lr 1.0e-04  fps   7977   176.4s
it  573/4000  reward     nan  ep_len    nan  fell    0  err_xy 0.053  std 0.217  lr 1.0e-04  fps   8161   176.7s
it  574/4000  reward  147.36  ep_len 1058.0  fell    0  err_xy 0.230  std 0.217  lr 1.0e-04  fps   6633   177.0s
it  575/4000  reward     nan  ep_len    nan  fell    0  err_xy 0.227  std 0.217  lr 1.0e-04  fps   7797   177.3s
it  576/4000  reward     nan  ep_len    nan  fell    0  err_xy 0.206  std 0.217  lr 1.0e-04  fps   7432   177.6s
it  577/4000  reward     nan  ep_len    nan  fell    0  err_xy 0.218  std 0.217  lr 1.0e-04  fps   7603   177.9s
it  578/4000  reward     nan  ep_len    nan  fell    0  err_xy 0.206  std 0.217  lr 1.0e-04  fps   7848   178.2s
it  579/4000  reward     nan  ep_len    nan  fell    0  err_xy 0.218  std 0.217  lr 1.0e-04  fps   8314   178.5s
it  580/4000  reward     nan  ep_len    nan  fell    0  err_xy 0.181  std 0.217  lr 1.0e-04  fps   8396   178.8s
it  581/4000  reward     nan  ep_len    nan  fell    0  err_xy 0.174  std 0.217  lr 1.0e-04  fps   8404   179.1s
it  582/4000  reward     nan  ep_len    nan  fell    0  err_xy 0.161  std 0.217  lr 1.0e-04  fps   8327   179.3s
it  583/4000  reward     nan  ep_len    nan  fell    0  err_xy 0.148  std 0.217  lr 1.0e-04  fps   8383   179.6s
it  584/4000  reward     nan  ep_len    nan  fell    0  err_xy 0.133  std 0.217  lr 1.0e-04  fps   8366   179.9s
it  585/4000  reward     nan  ep_len    nan  fell    0  err_xy 0.118  std 0.217  lr 1.0e-04  fps   8366   180.2s
it  586/4000  reward     nan  ep_len    nan  fell    0  err_xy 0.114  std 0.217  lr 1.0e-04  fps   8400   180.4s
it  587/4000  reward     nan  ep_len    nan  fell    0  err_xy 0.101  std 0.217  lr 1.0e-04  fps   8378   180.7s
it  588/4000  reward     nan  ep_len    nan  fell    0  err_xy 0.080  std 0.217  lr 1.0e-04  fps   8351   181.0s
it  589/4000  reward     nan  ep_len    nan  fell    0  err_xy 0.072  std 0.217  lr 1.0e-04  fps   8305   181.3s
it  590/4000  reward     nan  ep_len    nan  fell    0  err_xy 0.065  std 0.217  lr 1.0e-04  fps   8349   181.5s
it  591/4000  reward     nan  ep_len    nan  fell    0  err_xy 0.053  std 0.217  lr 1.0e-04  fps   8346   181.8s
it  592/4000  reward     nan  ep_len    nan  fell    0  err_xy 0.039  std 0.217  lr 1.0e-04  fps   8369   182.1s
it  593/4000  reward     nan  ep_len    nan  fell    0  err_xy 0.038  std 0.217  lr 1.0e-04  fps   8346   182.4s
it  594/4000  reward     nan  ep_len    nan  fell    0  err_xy 0.026  std 0.217  lr 1.0e-04  fps   8434   182.6s
it  595/4000  reward     nan  ep_len    nan  fell    0  err_xy 0.025  std 0.217  lr 1.0e-04  fps   8333   182.9s
it  596/4000  reward     nan  ep_len    nan  fell    0  err_xy 0.025  std 0.217  lr 1.0e-04  fps   8244   183.2s
it  597/4000  reward     nan  ep_len    nan  fell    0  err_xy 0.021  std 0.217  lr 1.0e-04  fps   8327   183.5s
it  598/4000  reward     nan  ep_len    nan  fell    0  err_xy 0.021  std 0.217  lr 1.0e-04  fps   8360   183.8s
it  599/4000  reward     nan  ep_len    nan  fell    0  err_xy 0.023  std 0.217  lr 1.0e-04  fps   7599   184.1s
it  600/4000  reward     nan  ep_len    nan  fell    0  err_xy 0.020  std 0.217  lr 1.0e-04  fps   8156   184.3s
eval iteration 600:
  prone          success   0.0%  time 21.16s  peak_τ 0.96 Nm  return 140.37
  supine         success   0.0%  time 21.16s  peak_τ 0.96 Nm  return 152.38
  score 0.000
it  601/4000  reward     nan  ep_len    nan  fell    0  err_xy 0.018  std 0.217  lr 1.0e-04  fps   8450   189.3s
it  602/4000  reward     nan  ep_len    nan  fell    0  err_xy 0.016  std 0.217  lr 1.0e-04  fps   8403   189.6s
it  603/4000  reward     nan  ep_len    nan  fell    0  err_xy 0.014  std 0.217  lr 1.0e-04  fps   8762   189.8s
it  604/4000  reward     nan  ep_len    nan  fell    0  err_xy 0.012  std 0.217  lr 1.0e-04  fps   8425   190.1s
it  605/4000  reward     nan  ep_len    nan  fell    0  err_xy 0.011  std 0.217  lr 1.0e-04  fps   8652   190.4s
it  606/4000  reward     nan  ep_len    nan  fell    0  err_xy 0.010  std 0.217  lr 1.0e-04  fps   8534   190.7s
it  607/4000  reward     nan  ep_len    nan  fell    0  err_xy 0.009  std 0.217  lr 1.0e-04  fps   8457   190.9s
it  608/4000  reward     nan  ep_len    nan  fell    0  err_xy 0.024  std 0.217  lr 1.0e-04  fps   8478   191.2s
it  609/4000  reward     nan  ep_len    nan  fell    0  err_xy 0.032  std 0.217  lr 1.0e-04  fps   8657   191.5s
it  610/4000  reward     nan  ep_len    nan  fell    0  err_xy 0.046  std 0.217  lr 1.0e-04  fps   8771   191.7s
it  611/4000  reward     nan  ep_len    nan  fell    0  err_xy 0.038  std 0.217  lr 1.0e-04  fps   8731   192.0s
it  612/4000  reward     nan  ep_len    nan  fell    0  err_xy 0.036  std 0.217  lr 1.0e-04  fps   8661   192.3s
it  613/4000  reward     nan  ep_len    nan  fell    0  err_xy 0.039  std 0.217  lr 1.0e-04  fps   8540   192.5s
it  614/4000  reward     nan  ep_len    nan  fell    0  err_xy 0.036  std 0.217  lr 1.0e-04  fps   8352   192.8s
it  615/4000  reward     nan  ep_len    nan  fell    0  err_xy 0.025  std 0.217  lr 1.0e-04  fps   8402   193.1s
it  616/4000  reward     nan  ep_len    nan  fell    0  err_xy 0.025  std 0.217  lr 1.0e-04  fps   7889   193.4s
it  617/4000  reward     nan  ep_len    nan  fell    0  err_xy 0.025  std 0.217  lr 1.0e-04  fps   8884   193.6s
it  618/4000  reward  149.29  ep_len 1058.0  fell    0  err_xy 0.212  std 0.217  lr 1.0e-04  fps   7407   193.9s
it  619/4000  reward     nan  ep_len    nan  fell    0  err_xy 0.217  std 0.217  lr 1.0e-04  fps   9048   194.2s
it  620/4000  reward     nan  ep_len    nan  fell    0  err_xy 0.209  std 0.217  lr 1.0e-04  fps   9083   194.5s
it  621/4000  reward     nan  ep_len    nan  fell    0  err_xy 0.255  std 0.217  lr 1.0e-04  fps   8918   194.7s
it  622/4000  reward     nan  ep_len    nan  fell    0  err_xy 0.213  std 0.217  lr 1.0e-04  fps   8966   195.0s
it  623/4000  reward     nan  ep_len    nan  fell    0  err_xy 0.240  std 0.217  lr 1.0e-04  fps   9091   195.2s
it  624/4000  reward     nan  ep_len    nan  fell    0  err_xy 0.207  std 0.217  lr 1.0e-04  fps   9089   195.5s
it  625/4000  reward     nan  ep_len    nan  fell    0  err_xy 0.178  std 0.217  lr 1.0e-04  fps   9052   195.7s
it  626/4000  reward     nan  ep_len    nan  fell    0  err_xy 0.169  std 0.217  lr 1.0e-04  fps   9066   196.0s
it  627/4000  reward     nan  ep_len    nan  fell    0  err_xy 0.154  std 0.217  lr 1.0e-04  fps   8929   196.2s
it  628/4000  reward     nan  ep_len    nan  fell    0  err_xy 0.133  std 0.217  lr 1.0e-04  fps   8642   196.5s
it  629/4000  reward     nan  ep_len    nan  fell    0  err_xy 0.117  std 0.217  lr 1.0e-04  fps   8848   196.8s
it  630/4000  reward     nan  ep_len    nan  fell    0  err_xy 0.101  std 0.217  lr 1.0e-04  fps   8894   197.0s
it  631/4000  reward     nan  ep_len    nan  fell    0  err_xy 0.087  std 0.217  lr 1.0e-04  fps   8776   197.3s
it  632/4000  reward     nan  ep_len    nan  fell    0  err_xy 0.073  std 0.217  lr 1.0e-04  fps   8825   197.6s
it  633/4000  reward     nan  ep_len    nan  fell    0  err_xy 0.072  std 0.217  lr 1.0e-04  fps   8890   197.8s
it  634/4000  reward     nan  ep_len    nan  fell    0  err_xy 0.067  std 0.217  lr 1.0e-04  fps   8068   198.1s
it  635/4000  reward     nan  ep_len    nan  fell    0  err_xy 0.070  std 0.217  lr 1.0e-04  fps   8813   198.4s
it  636/4000  reward     nan  ep_len    nan  fell    0  err_xy 0.060  std 0.217  lr 1.0e-04  fps   8955   198.6s
it  637/4000  reward     nan  ep_len    nan  fell    0  err_xy 0.058  std 0.217  lr 1.0e-04  fps   8894   198.9s
it  638/4000  reward     nan  ep_len    nan  fell    0  err_xy 0.046  std 0.217  lr 1.0e-04  fps   8935   199.1s
it  639/4000  reward     nan  ep_len    nan  fell    0  err_xy 0.043  std 0.217  lr 1.0e-04  fps   8915   199.4s
it  640/4000  reward     nan  ep_len    nan  fell    0  err_xy 0.051  std 0.217  lr 1.0e-04  fps   8313   199.7s
it  641/4000  reward     nan  ep_len    nan  fell    0  err_xy 0.064  std 0.217  lr 1.0e-04  fps   8869   199.9s
it  642/4000  reward     nan  ep_len    nan  fell    0  err_xy 0.061  std 0.217  lr 1.0e-04  fps   8605   200.2s
it  643/4000  reward     nan  ep_len    nan  fell    0  err_xy 0.056  std 0.217  lr 1.0e-04  fps   8863   200.5s
it  644/4000  reward     nan  ep_len    nan  fell    0  err_xy 0.058  std 0.217  lr 1.0e-04  fps   8838   200.7s
it  645/4000  reward     nan  ep_len    nan  fell    0  err_xy 0.054  std 0.217  lr 1.0e-04  fps   8562   201.0s
it  646/4000  reward     nan  ep_len    nan  fell    0  err_xy 0.049  std 0.217  lr 1.0e-04  fps   8617   201.3s
it  647/4000  reward     nan  ep_len    nan  fell    0  err_xy 0.043  std 0.217  lr 1.0e-04  fps   8708   201.5s
it  648/4000  reward     nan  ep_len    nan  fell    0  err_xy 0.062  std 0.217  lr 1.0e-04  fps   8690   201.8s
it  649/4000  reward     nan  ep_len    nan  fell    0  err_xy 0.074  std 0.217  lr 1.0e-04  fps   8746   202.1s
it  650/4000  reward     nan  ep_len    nan  fell    0  err_xy 0.060  std 0.217  lr 1.0e-04  fps   8774   202.3s
it  651/4000  reward     nan  ep_len    nan  fell    0  err_xy 0.054  std 0.217  lr 1.0e-04  fps   8826   202.6s
it  652/4000  reward     nan  ep_len    nan  fell    0  err_xy 0.060  std 0.217  lr 1.0e-04  fps   8666   202.8s
it  653/4000  reward     nan  ep_len    nan  fell    0  err_xy 0.059  std 0.217  lr 1.0e-04  fps   8620   203.1s
it  654/4000  reward     nan  ep_len    nan  fell    0  err_xy 0.058  std 0.217  lr 1.0e-04  fps   8563   203.4s
it  655/4000  reward     nan  ep_len    nan  fell    0  err_xy 0.060  std 0.217  lr 1.0e-04  fps   8527   203.6s
it  656/4000  reward     nan  ep_len    nan  fell    0  err_xy 0.051  std 0.217  lr 1.0e-04  fps   8201   203.9s
it  657/4000  reward     nan  ep_len    nan  fell    0  err_xy 0.038  std 0.217  lr 1.0e-04  fps   8052   204.2s
it  658/4000  reward     nan  ep_len    nan  fell    0  err_xy 0.045  std 0.217  lr 1.0e-04  fps   8440   204.5s
it  659/4000  reward     nan  ep_len    nan  fell    0  err_xy 0.040  std 0.217  lr 1.0e-04  fps   8501   204.8s
it  660/4000  reward     nan  ep_len    nan  fell    0  err_xy 0.049  std 0.217  lr 1.0e-04  fps   8488   205.0s
it  661/4000  reward     nan  ep_len    nan  fell    0  err_xy 0.043  std 0.217  lr 1.0e-04  fps   8474   205.3s
it  662/4000  reward  147.43  ep_len 1058.0  fell    0  err_xy 0.201  std 0.217  lr 1.0e-04  fps   7019   205.6s
it  663/4000  reward     nan  ep_len    nan  fell    0  err_xy 0.226  std 0.217  lr 1.0e-04  fps   8681   205.9s
it  664/4000  reward     nan  ep_len    nan  fell    0  err_xy 0.192  std 0.217  lr 1.0e-04  fps   8754   206.2s
it  665/4000  reward     nan  ep_len    nan  fell    0  err_xy 0.214  std 0.217  lr 1.0e-04  fps   8640   206.4s
it  666/4000  reward     nan  ep_len    nan  fell    0  err_xy 0.230  std 0.217  lr 1.0e-04  fps   8730   206.7s
it  667/4000  reward     nan  ep_len    nan  fell    0  err_xy 0.235  std 0.217  lr 1.0e-04  fps   8683   207.0s
it  668/4000  reward     nan  ep_len    nan  fell    0  err_xy 0.232  std 0.217  lr 1.0e-04  fps   8552   207.2s
it  669/4000  reward     nan  ep_len    nan  fell    0  err_xy 0.208  std 0.217  lr 1.0e-04  fps   8610   207.5s
it  670/4000  reward     nan  ep_len    nan  fell    0  err_xy 0.201  std 0.217  lr 1.0e-04  fps   8605   207.8s
it  671/4000  reward     nan  ep_len    nan  fell    0  err_xy 0.173  std 0.217  lr 1.0e-04  fps   8626   208.0s
it  672/4000  reward     nan  ep_len    nan  fell    0  err_xy 0.158  std 0.217  lr 1.0e-04  fps   8510   208.3s
it  673/4000  reward     nan  ep_len    nan  fell    0  err_xy 0.139  std 0.217  lr 1.0e-04  fps   8549   208.6s
it  674/4000  reward     nan  ep_len    nan  fell    0  err_xy 0.126  std 0.217  lr 1.0e-04  fps   8566   208.8s
it  675/4000  reward     nan  ep_len    nan  fell    0  err_xy 0.110  std 0.217  lr 1.0e-04  fps   8481   209.1s
it  676/4000  reward     nan  ep_len    nan  fell    0  err_xy 0.095  std 0.217  lr 1.0e-04  fps   8434   209.4s
it  677/4000  reward     nan  ep_len    nan  fell    0  err_xy 0.083  std 0.217  lr 1.0e-04  fps   8381   209.7s
it  678/4000  reward     nan  ep_len    nan  fell    0  err_xy 0.064  std 0.217  lr 1.0e-04  fps   8433   209.9s
it  679/4000  reward     nan  ep_len    nan  fell    0  err_xy 0.064  std 0.217  lr 1.0e-04  fps   8417   210.2s
it  680/4000  reward     nan  ep_len    nan  fell    0  err_xy 0.057  std 0.217  lr 1.0e-04  fps   8389   210.5s
it  681/4000  reward     nan  ep_len    nan  fell    0  err_xy 0.058  std 0.217  lr 1.0e-04  fps   8402   210.8s
it  682/4000  reward     nan  ep_len    nan  fell    0  err_xy 0.069  std 0.217  lr 1.0e-04  fps   8389   211.0s
it  683/4000  reward     nan  ep_len    nan  fell    0  err_xy 0.070  std 0.217  lr 1.0e-04  fps   8378   211.3s
it  684/4000  reward     nan  ep_len    nan  fell    0  err_xy 0.066  std 0.217  lr 1.0e-04  fps   8401   211.6s
it  685/4000  reward     nan  ep_len    nan  fell    0  err_xy 0.060  std 0.217  lr 1.0e-04  fps   7468   211.9s
it  686/4000  reward     nan  ep_len    nan  fell    0  err_xy 0.061  std 0.217  lr 1.0e-04  fps   7732   212.2s
it  687/4000  reward     nan  ep_len    nan  fell    0  err_xy 0.050  std 0.217  lr 1.0e-04  fps   6107   212.6s
it  688/4000  reward     nan  ep_len    nan  fell    0  err_xy 0.045  std 0.217  lr 1.0e-04  fps   6784   212.9s
it  689/4000  reward     nan  ep_len    nan  fell    0  err_xy 0.045  std 0.217  lr 1.0e-04  fps   7195   213.2s
it  690/4000  reward     nan  ep_len    nan  fell    0  err_xy 0.045  std 0.217  lr 1.0e-04  fps   6538   213.6s
it  691/4000  reward     nan  ep_len    nan  fell    0  err_xy 0.035  std 0.217  lr 1.0e-04  fps   6967   213.9s
it  692/4000  reward     nan  ep_len    nan  fell    0  err_xy 0.032  std 0.217  lr 1.0e-04  fps   6649   214.3s
it  693/4000  reward     nan  ep_len    nan  fell    0  err_xy 0.036  std 0.217  lr 1.0e-04  fps   7849   214.6s
it  694/4000  reward     nan  ep_len    nan  fell    0  err_xy 0.033  std 0.217  lr 1.0e-04  fps   8115   214.8s
it  695/4000  reward     nan  ep_len    nan  fell    0  err_xy 0.033  std 0.217  lr 1.0e-04  fps   8296   215.1s
it  696/4000  reward     nan  ep_len    nan  fell    0  err_xy 0.030  std 0.217  lr 1.0e-04  fps   8385   215.4s
it  697/4000  reward     nan  ep_len    nan  fell    0  err_xy 0.028  std 0.217  lr 1.0e-04  fps   8417   215.7s
it  698/4000  reward     nan  ep_len    nan  fell    0  err_xy 0.027  std 0.217  lr 1.0e-04  fps   8387   215.9s
it  699/4000  reward     nan  ep_len    nan  fell    0  err_xy 0.027  std 0.217  lr 1.0e-04  fps   8384   216.2s
it  700/4000  reward     nan  ep_len    nan  fell    0  err_xy 0.024  std 0.217  lr 1.0e-04  fps   8440   216.5s
it  701/4000  reward     nan  ep_len    nan  fell    0  err_xy 0.019  std 0.217  lr 1.0e-04  fps   8348   216.8s
it  702/4000  reward     nan  ep_len    nan  fell    0  err_xy 0.022  std 0.217  lr 1.0e-04  fps   8458   217.0s
it  703/4000  reward     nan  ep_len    nan  fell    0  err_xy 0.026  std 0.217  lr 1.0e-04  fps   8295   217.3s
it  704/4000  reward     nan  ep_len    nan  fell    0  err_xy 0.026  std 0.217  lr 1.0e-04  fps   8349   217.6s
it  705/4000  reward     nan  ep_len    nan  fell    0  err_xy 0.028  std 0.217  lr 1.0e-04  fps   7482   217.9s
it  706/4000  reward  141.59  ep_len 1058.0  fell    0  err_xy 0.165  std 0.217  lr 1.0e-04  fps   6131   218.3s
it  707/4000  reward     nan  ep_len    nan  fell    0  err_xy 0.232  std 0.217  lr 1.0e-04  fps   8478   218.6s
it  708/4000  reward     nan  ep_len    nan  fell    0  err_xy 0.214  std 0.217  lr 1.0e-04  fps   8542   218.8s
it  709/4000  reward     nan  ep_len    nan  fell    0  err_xy 0.235  std 0.217  lr 1.0e-04  fps   8473   219.1s
it  710/4000  reward     nan  ep_len    nan  fell    0  err_xy 0.254  std 0.217  lr 1.0e-04  fps   8559   219.4s
it  711/4000  reward     nan  ep_len    nan  fell    0  err_xy 0.249  std 0.217  lr 1.0e-04  fps   8072   219.6s
it  712/4000  reward     nan  ep_len    nan  fell    0  err_xy 0.245  std 0.217  lr 1.0e-04  fps   7770   219.9s
it  713/4000  reward     nan  ep_len    nan  fell    0  err_xy 0.214  std 0.217  lr 1.0e-04  fps   8278   220.2s
it  714/4000  reward     nan  ep_len    nan  fell    0  err_xy 0.208  std 0.217  lr 1.0e-04  fps   7992   220.5s
it  715/4000  reward     nan  ep_len    nan  fell    0  err_xy 0.184  std 0.217  lr 1.0e-04  fps   8165   220.8s
it  716/4000  reward     nan  ep_len    nan  fell    0  err_xy 0.173  std 0.217  lr 1.0e-04  fps   7987   221.1s
it  717/4000  reward     nan  ep_len    nan  fell    0  err_xy 0.161  std 0.217  lr 1.0e-04  fps   8303   221.4s
it  718/4000  reward     nan  ep_len    nan  fell    0  err_xy 0.139  std 0.217  lr 1.0e-04  fps   8296   221.6s
it  719/4000  reward     nan  ep_len    nan  fell    0  err_xy 0.136  std 0.217  lr 1.0e-04  fps   7692   221.9s
it  720/4000  reward     nan  ep_len    nan  fell    0  err_xy 0.126  std 0.217  lr 1.0e-04  fps   7548   222.2s
it  721/4000  reward     nan  ep_len    nan  fell    0  err_xy 0.132  std 0.217  lr 1.0e-04  fps   7813   222.5s
it  722/4000  reward     nan  ep_len    nan  fell    0  err_xy 0.110  std 0.217  lr 1.0e-04  fps   7822   222.8s
it  723/4000  reward     nan  ep_len    nan  fell    0  err_xy 0.096  std 0.217  lr 1.0e-04  fps   7785   223.1s
it  724/4000  reward     nan  ep_len    nan  fell    0  err_xy 0.090  std 0.217  lr 1.0e-04  fps   8043   223.4s
it  725/4000  reward     nan  ep_len    nan  fell    0  err_xy 0.083  std 0.217  lr 1.0e-04  fps   7937   223.7s
it  726/4000  reward     nan  ep_len    nan  fell    0  err_xy 0.087  std 0.217  lr 1.0e-04  fps   8028   224.0s
it  727/4000  reward     nan  ep_len    nan  fell    0  err_xy 0.080  std 0.217  lr 1.0e-04  fps   7969   224.3s
it  728/4000  reward     nan  ep_len    nan  fell    0  err_xy 0.065  std 0.217  lr 1.0e-04  fps   8122   224.6s
it  729/4000  reward     nan  ep_len    nan  fell    0  err_xy 0.062  std 0.217  lr 1.0e-04  fps   7906   224.9s
it  730/4000  reward     nan  ep_len    nan  fell    0  err_xy 0.054  std 0.217  lr 1.0e-04  fps   7849   225.2s
it  731/4000  reward     nan  ep_len    nan  fell    0  err_xy 0.056  std 0.217  lr 1.0e-04  fps   8026   225.4s
it  732/4000  reward     nan  ep_len    nan  fell    0  err_xy 0.052  std 0.217  lr 1.0e-04  fps   7466   225.8s
it  733/4000  reward     nan  ep_len    nan  fell    0  err_xy 0.048  std 0.217  lr 1.0e-04  fps   7988   226.0s
it  734/4000  reward     nan  ep_len    nan  fell    0  err_xy 0.051  std 0.217  lr 1.0e-04  fps   7814   226.3s
it  735/4000  reward     nan  ep_len    nan  fell    0  err_xy 0.050  std 0.217  lr 1.0e-04  fps   8131   226.6s
it  736/4000  reward     nan  ep_len    nan  fell    0  err_xy 0.047  std 0.217  lr 1.0e-04  fps   8018   226.9s
it  737/4000  reward     nan  ep_len    nan  fell    0  err_xy 0.040  std 0.217  lr 1.0e-04  fps   7222   227.2s
it  738/4000  reward     nan  ep_len    nan  fell    0  err_xy 0.036  std 0.217  lr 1.0e-04  fps   6878   227.6s
it  739/4000  reward     nan  ep_len    nan  fell    0  err_xy 0.028  std 0.217  lr 1.0e-04  fps   6756   227.9s
it  740/4000  reward     nan  ep_len    nan  fell    0  err_xy 0.023  std 0.217  lr 1.0e-04  fps   6870   228.2s
it  741/4000  reward     nan  ep_len    nan  fell    0  err_xy 0.026  std 0.217  lr 1.0e-04  fps   6749   228.6s
it  742/4000  reward     nan  ep_len    nan  fell    0  err_xy 0.021  std 0.217  lr 1.0e-04  fps   6602   228.9s
it  743/4000  reward     nan  ep_len    nan  fell    0  err_xy 0.022  std 0.217  lr 1.0e-04  fps   6454   229.3s
it  744/4000  reward     nan  ep_len    nan  fell    0  err_xy 0.021  std 0.217  lr 1.0e-04  fps   6691   229.6s
it  745/4000  reward     nan  ep_len    nan  fell    0  err_xy 0.026  std 0.217  lr 1.0e-04  fps   6847   230.0s
it  746/4000  reward     nan  ep_len    nan  fell    0  err_xy 0.031  std 0.217  lr 1.0e-04  fps   6723   230.3s
it  747/4000  reward     nan  ep_len    nan  fell    0  err_xy 0.034  std 0.217  lr 1.0e-04  fps   6914   230.6s
it  748/4000  reward     nan  ep_len    nan  fell    0  err_xy 0.035  std 0.217  lr 1.0e-04  fps   4459   231.2s
it  749/4000  reward     nan  ep_len    nan  fell    0  err_xy 0.042  std 0.217  lr 1.0e-04  fps   5118   231.6s
it  750/4000  reward  142.98  ep_len 1058.0  fell    0  err_xy 0.167  std 0.217  lr 1.0e-04  fps   4832   232.1s
it  751/4000  reward     nan  ep_len    nan  fell    0  err_xy 0.261  std 0.217  lr 1.0e-04  fps   4464   232.6s
it  752/4000  reward     nan  ep_len    nan  fell    0  err_xy 0.199  std 0.217  lr 1.0e-04  fps   5974   233.0s
it  753/4000  reward     nan  ep_len    nan  fell    0  err_xy 0.222  std 0.217  lr 1.0e-04  fps   5694   233.4s
it  754/4000  reward     nan  ep_len    nan  fell    0  err_xy 0.218  std 0.217  lr 1.0e-04  fps   5914   233.8s
it  755/4000  reward     nan  ep_len    nan  fell    0  err_xy 0.221  std 0.217  lr 1.0e-04  fps   6392   234.2s
it  756/4000  reward     nan  ep_len    nan  fell    0  err_xy 0.224  std 0.217  lr 1.0e-04  fps   6405   234.5s
it  757/4000  reward     nan  ep_len    nan  fell    0  err_xy 0.218  std 0.217  lr 1.0e-04  fps   5818   234.9s
it  758/4000  reward     nan  ep_len    nan  fell    0  err_xy 0.205  std 0.217  lr 1.0e-04  fps   5946   235.3s
it  759/4000  reward     nan  ep_len    nan  fell    0  err_xy 0.179  std 0.217  lr 1.0e-04  fps   6148   235.7s
it  760/4000  reward     nan  ep_len    nan  fell    0  err_xy 0.160  std 0.217  lr 1.0e-04  fps   5979   236.1s
it  761/4000  reward     nan  ep_len    nan  fell    0  err_xy 0.155  std 0.217  lr 1.0e-04  fps   6209   236.4s
it  762/4000  reward     nan  ep_len    nan  fell    0  err_xy 0.133  std 0.217  lr 1.0e-04  fps   6037   236.8s
it  763/4000  reward     nan  ep_len    nan  fell    0  err_xy 0.107  std 0.217  lr 1.0e-04  fps   6000   237.2s
it  764/4000  reward     nan  ep_len    nan  fell    0  err_xy 0.104  std 0.217  lr 1.0e-04  fps   5925   237.6s
it  765/4000  reward     nan  ep_len    nan  fell    0  err_xy 0.094  std 0.217  lr 1.0e-04  fps   6412   237.9s
it  766/4000  reward     nan  ep_len    nan  fell    0  err_xy 0.097  std 0.217  lr 1.0e-04  fps   6169   238.3s
it  767/4000  reward     nan  ep_len    nan  fell    0  err_xy 0.081  std 0.217  lr 1.0e-04  fps   6089   238.7s
it  768/4000  reward     nan  ep_len    nan  fell    0  err_xy 0.072  std 0.217  lr 1.0e-04  fps   5872   239.1s
it  769/4000  reward     nan  ep_len    nan  fell    0  err_xy 0.059  std 0.217  lr 1.0e-04  fps   5860   239.5s
it  770/4000  reward     nan  ep_len    nan  fell    0  err_xy 0.059  std 0.217  lr 1.0e-04  fps   6026   239.9s
it  771/4000  reward     nan  ep_len    nan  fell    0  err_xy 0.063  std 0.217  lr 1.0e-04  fps   6388   240.2s
it  772/4000  reward     nan  ep_len    nan  fell    0  err_xy 0.068  std 0.217  lr 1.0e-04  fps   6102   240.6s
it  773/4000  reward     nan  ep_len    nan  fell    0  err_xy 0.068  std 0.217  lr 1.0e-04  fps   5700   241.0s
it  774/4000  reward     nan  ep_len    nan  fell    0  err_xy 0.067  std 0.217  lr 1.0e-04  fps   6065   241.4s
it  775/4000  reward     nan  ep_len    nan  fell    0  err_xy 0.072  std 0.217  lr 1.0e-04  fps   6623   241.7s
it  776/4000  reward     nan  ep_len    nan  fell    0  err_xy 0.076  std 0.217  lr 1.0e-04  fps   6036   242.1s
it  777/4000  reward     nan  ep_len    nan  fell    0  err_xy 0.064  std 0.217  lr 1.0e-04  fps   6682   242.5s
it  778/4000  reward     nan  ep_len    nan  fell    0  err_xy 0.070  std 0.217  lr 1.0e-04  fps   6272   242.8s
it  779/4000  reward     nan  ep_len    nan  fell    0  err_xy 0.067  std 0.217  lr 1.0e-04  fps   6695   243.2s
it  780/4000  reward     nan  ep_len    nan  fell    0  err_xy 0.055  std 0.217  lr 1.0e-04  fps   6703   243.5s
it  781/4000  reward     nan  ep_len    nan  fell    0  err_xy 0.058  std 0.217  lr 1.0e-04  fps   6894   243.9s
it  782/4000  reward     nan  ep_len    nan  fell    0  err_xy 0.062  std 0.217  lr 1.0e-04  fps   6897   244.2s
it  783/4000  reward     nan  ep_len    nan  fell    0  err_xy 0.063  std 0.217  lr 1.0e-04  fps   6884   244.5s
it  784/4000  reward     nan  ep_len    nan  fell    0  err_xy 0.063  std 0.217  lr 1.0e-04  fps   6983   244.9s
it  785/4000  reward     nan  ep_len    nan  fell    0  err_xy 0.047  std 0.217  lr 1.0e-04  fps   6820   245.2s
it  786/4000  reward     nan  ep_len    nan  fell    0  err_xy 0.054  std 0.217  lr 1.0e-04  fps   6927   245.5s
it  787/4000  reward     nan  ep_len    nan  fell    0  err_xy 0.050  std 0.217  lr 1.0e-04  fps   6800   245.9s
it  788/4000  reward     nan  ep_len    nan  fell    0  err_xy 0.049  std 0.217  lr 1.0e-04  fps   6333   246.2s
it  789/4000  reward     nan  ep_len    nan  fell    0  err_xy 0.046  std 0.217  lr 1.0e-04  fps   6988   246.6s
it  790/4000  reward     nan  ep_len    nan  fell    0  err_xy 0.044  std 0.217  lr 1.0e-04  fps   7047   246.9s
it  791/4000  reward     nan  ep_len    nan  fell    0  err_xy 0.046  std 0.217  lr 1.0e-04  fps   6888   247.2s
it  792/4000  reward     nan  ep_len    nan  fell    0  err_xy 0.051  std 0.217  lr 1.0e-04  fps   6939   247.6s
it  793/4000  reward     nan  ep_len    nan  fell    0  err_xy 0.046  std 0.217  lr 1.0e-04  fps   7023   247.9s
it  794/4000  reward  133.48  ep_len 1058.0  fell    0  err_xy 0.150  std 0.217  lr 1.0e-04  fps   5801   248.3s
it  795/4000  reward     nan  ep_len    nan  fell    0  err_xy 0.294  std 0.217  lr 1.0e-04  fps   7974   248.6s
it  796/4000  reward     nan  ep_len    nan  fell    0  err_xy 0.192  std 0.217  lr 1.0e-04  fps   8264   248.8s
it  797/4000  reward     nan  ep_len    nan  fell    0  err_xy 0.190  std 0.217  lr 1.0e-04  fps   7897   249.1s
it  798/4000  reward     nan  ep_len    nan  fell    0  err_xy 0.211  std 0.217  lr 1.0e-04  fps   8099   249.4s
it  799/4000  reward     nan  ep_len    nan  fell    0  err_xy 0.227  std 0.217  lr 1.0e-04  fps   8236   249.7s
it  800/4000  reward     nan  ep_len    nan  fell    0  err_xy 0.229  std 0.217  lr 1.0e-04  fps   8089   250.0s
eval iteration 800:
  prone          success   0.0%  time 21.16s  peak_τ 0.96 Nm  return 142.79
  supine         success   0.0%  time 21.16s  peak_τ 0.96 Nm  return 157.00
  score 0.000
it  801/4000  reward     nan  ep_len    nan  fell    0  err_xy 0.221  std 0.217  lr 1.0e-04  fps   8204   255.1s
it  802/4000  reward     nan  ep_len    nan  fell    0  err_xy 0.213  std 0.217  lr 1.0e-04  fps   8374   255.3s
it  803/4000  reward     nan  ep_len    nan  fell    0  err_xy 0.194  std 0.217  lr 1.0e-04  fps   8190   255.6s
it  804/4000  reward     nan  ep_len    nan  fell    0  err_xy 0.182  std 0.217  lr 1.0e-04  fps   8864   255.9s
it  805/4000  reward     nan  ep_len    nan  fell    0  err_xy 0.186  std 0.217  lr 1.0e-04  fps   8756   256.1s
it  806/4000  reward     nan  ep_len    nan  fell    0  err_xy 0.170  std 0.217  lr 1.0e-04  fps   8379   256.4s
it  807/4000  reward     nan  ep_len    nan  fell    0  err_xy 0.149  std 0.217  lr 1.0e-04  fps   8777   256.7s
it  808/4000  reward     nan  ep_len    nan  fell    0  err_xy 0.140  std 0.217  lr 1.0e-04  fps   8564   257.0s
it  809/4000  reward     nan  ep_len    nan  fell    0  err_xy 0.129  std 0.217  lr 1.0e-04  fps   8669   257.2s
it  810/4000  reward     nan  ep_len    nan  fell    0  err_xy 0.124  std 0.217  lr 1.0e-04  fps   8610   257.5s
it  811/4000  reward     nan  ep_len    nan  fell    0  err_xy 0.131  std 0.217  lr 1.0e-04  fps   8730   257.8s
it  812/4000  reward     nan  ep_len    nan  fell    0  err_xy 0.127  std 0.217  lr 1.0e-04  fps   8918   258.0s
it  813/4000  reward     nan  ep_len    nan  fell    0  err_xy 0.122  std 0.217  lr 1.0e-04  fps   7797   258.3s
it  814/4000  reward     nan  ep_len    nan  fell    0  err_xy 0.115  std 0.217  lr 1.0e-04  fps   7454   258.6s
it  815/4000  reward     nan  ep_len    nan  fell    0  err_xy 0.108  std 0.217  lr 1.0e-04  fps   7517   258.9s
it  816/4000  reward     nan  ep_len    nan  fell    0  err_xy 0.096  std 0.217  lr 1.0e-04  fps   7684   259.2s
it  817/4000  reward     nan  ep_len    nan  fell    0  err_xy 0.101  std 0.217  lr 1.0e-04  fps   7854   259.5s
it  818/4000  reward     nan  ep_len    nan  fell    0  err_xy 0.084  std 0.217  lr 1.0e-04  fps   7908   259.8s
it  819/4000  reward     nan  ep_len    nan  fell    0  err_xy 0.082  std 0.217  lr 1.0e-04  fps   8088   260.1s
it  820/4000  reward     nan  ep_len    nan  fell    0  err_xy 0.077  std 0.217  lr 1.0e-04  fps   8419   260.4s
it  821/4000  reward     nan  ep_len    nan  fell    0  err_xy 0.070  std 0.217  lr 1.0e-04  fps   7456   260.7s
it  822/4000  reward     nan  ep_len    nan  fell    0  err_xy 0.072  std 0.217  lr 1.0e-04  fps   7937   261.0s
it  823/4000  reward     nan  ep_len    nan  fell    0  err_xy 0.063  std 0.217  lr 1.0e-04  fps   7889   261.3s
it  824/4000  reward     nan  ep_len    nan  fell    0  err_xy 0.054  std 0.217  lr 1.0e-04  fps   8535   261.5s
it  825/4000  reward     nan  ep_len    nan  fell    0  err_xy 0.047  std 0.217  lr 1.0e-04  fps   8075   261.8s
it  826/4000  reward     nan  ep_len    nan  fell    0  err_xy 0.047  std 0.217  lr 1.0e-04  fps   8347   262.1s
it  827/4000  reward     nan  ep_len    nan  fell    0  err_xy 0.042  std 0.217  lr 1.0e-04  fps   6755   262.4s
it  828/4000  reward     nan  ep_len    nan  fell    0  err_xy 0.043  std 0.217  lr 1.0e-04  fps   7571   262.7s
it  829/4000  reward     nan  ep_len    nan  fell    0  err_xy 0.043  std 0.217  lr 1.0e-04  fps   7918   263.0s
it  830/4000  reward     nan  ep_len    nan  fell    0  err_xy 0.040  std 0.217  lr 1.0e-04  fps   8016   263.3s
it  831/4000  reward     nan  ep_len    nan  fell    0  err_xy 0.043  std 0.217  lr 1.0e-04  fps   8501   263.6s
it  832/4000  reward     nan  ep_len    nan  fell    0  err_xy 0.044  std 0.217  lr 1.0e-04  fps   8374   263.9s
it  833/4000  reward     nan  ep_len    nan  fell    0  err_xy 0.046  std 0.216  lr 1.0e-04  fps   8031   264.2s
it  834/4000  reward     nan  ep_len    nan  fell    0  err_xy 0.046  std 0.216  lr 1.0e-04  fps   7774   264.5s
it  835/4000  reward     nan  ep_len    nan  fell    0  err_xy 0.053  std 0.216  lr 1.0e-04  fps   8193   264.7s
it  836/4000  reward     nan  ep_len    nan  fell    0  err_xy 0.055  std 0.216  lr 1.0e-04  fps   8547   265.0s
it  837/4000  reward     nan  ep_len    nan  fell    0  err_xy 0.049  std 0.216  lr 1.0e-04  fps   8746   265.3s
it  838/4000  reward  133.51  ep_len 1058.0  fell    0  err_xy 0.119  std 0.216  lr 1.0e-04  fps   7248   265.6s
it  839/4000  reward     nan  ep_len    nan  fell    0  err_xy 0.244  std 0.217  lr 1.0e-04  fps   9047   265.8s
it  840/4000  reward     nan  ep_len    nan  fell    0  err_xy 0.190  std 0.217  lr 1.0e-04  fps   8984   266.1s
it  841/4000  reward     nan  ep_len    nan  fell    0  err_xy 0.181  std 0.217  lr 1.0e-04  fps   8951   266.4s
it  842/4000  reward     nan  ep_len    nan  fell    0  err_xy 0.205  std 0.217  lr 1.0e-04  fps   9110   266.6s
it  843/4000  reward     nan  ep_len    nan  fell    0  err_xy 0.231  std 0.217  lr 1.0e-04  fps   8863   266.9s
it  844/4000  reward     nan  ep_len    nan  fell    0  err_xy 0.195  std 0.217  lr 1.0e-04  fps   8843   267.1s
it  845/4000  reward     nan  ep_len    nan  fell    0  err_xy 0.179  std 0.217  lr 1.0e-04  fps   7929   267.4s
it  846/4000  reward     nan  ep_len    nan  fell    0  err_xy 0.140  std 0.217  lr 1.0e-04  fps   8278   267.7s
it  847/4000  reward     nan  ep_len    nan  fell    0  err_xy 0.133  std 0.217  lr 1.0e-04  fps   8620   268.0s
it  848/4000  reward     nan  ep_len    nan  fell    0  err_xy 0.132  std 0.217  lr 1.0e-04  fps   8709   268.2s
it  849/4000  reward     nan  ep_len    nan  fell    0  err_xy 0.116  std 0.217  lr 1.0e-04  fps   8742   268.5s
it  850/4000  reward     nan  ep_len    nan  fell    0  err_xy 0.107  std 0.217  lr 1.0e-04  fps   8669   268.8s
it  851/4000  reward     nan  ep_len    nan  fell    0  err_xy 0.098  std 0.217  lr 1.0e-04  fps   8747   269.0s
it  852/4000  reward     nan  ep_len    nan  fell    0  err_xy 0.087  std 0.217  lr 1.0e-04  fps   8695   269.3s
it  853/4000  reward     nan  ep_len    nan  fell    0  err_xy 0.083  std 0.217  lr 1.0e-04  fps   8411   269.6s
it  854/4000  reward     nan  ep_len    nan  fell    0  err_xy 0.083  std 0.217  lr 1.0e-04  fps   7818   269.9s
it  855/4000  reward     nan  ep_len    nan  fell    0  err_xy 0.068  std 0.217  lr 1.0e-04  fps   8180   270.1s
it  856/4000  reward     nan  ep_len    nan  fell    0  err_xy 0.071  std 0.217  lr 1.0e-04  fps   8240   270.4s
it  857/4000  reward     nan  ep_len    nan  fell    0  err_xy 0.062  std 0.217  lr 1.0e-04  fps   8495   270.7s
it  858/4000  reward     nan  ep_len    nan  fell    0  err_xy 0.060  std 0.217  lr 1.0e-04  fps   8519   271.0s
it  859/4000  reward     nan  ep_len    nan  fell    0  err_xy 0.049  std 0.217  lr 1.0e-04  fps   8482   271.2s
it  860/4000  reward     nan  ep_len    nan  fell    0  err_xy 0.049  std 0.217  lr 1.0e-04  fps   8491   271.5s
it  861/4000  reward     nan  ep_len    nan  fell    0  err_xy 0.043  std 0.217  lr 1.0e-04  fps   8440   271.8s
it  862/4000  reward     nan  ep_len    nan  fell    0  err_xy 0.044  std 0.217  lr 1.0e-04  fps   8550   272.0s
it  863/4000  reward     nan  ep_len    nan  fell    0  err_xy 0.038  std 0.217  lr 1.0e-04  fps   8422   272.3s
it  864/4000  reward     nan  ep_len    nan  fell    0  err_xy 0.035  std 0.217  lr 1.0e-04  fps   8338   272.6s
it  865/4000  reward     nan  ep_len    nan  fell    0  err_xy 0.037  std 0.217  lr 1.0e-04  fps   8335   272.9s
it  866/4000  reward     nan  ep_len    nan  fell    0  err_xy 0.032  std 0.217  lr 1.0e-04  fps   8436   273.1s
it  867/4000  reward     nan  ep_len    nan  fell    0  err_xy 0.038  std 0.217  lr 1.0e-04  fps   8482   273.4s
it  868/4000  reward     nan  ep_len    nan  fell    0  err_xy 0.033  std 0.217  lr 1.0e-04  fps   8522   273.7s
it  869/4000  reward     nan  ep_len    nan  fell    0  err_xy 0.031  std 0.217  lr 1.0e-04  fps   8521   274.0s
it  870/4000  reward     nan  ep_len    nan  fell    0  err_xy 0.028  std 0.217  lr 1.0e-04  fps   8562   274.2s
it  871/4000  reward     nan  ep_len    nan  fell    0  err_xy 0.024  std 0.217  lr 1.0e-04  fps   8300   274.5s
it  872/4000  reward     nan  ep_len    nan  fell    0  err_xy 0.030  std 0.217  lr 1.0e-04  fps   8371   274.8s
it  873/4000  reward     nan  ep_len    nan  fell    0  err_xy 0.020  std 0.217  lr 1.0e-04  fps   8375   275.1s
it  874/4000  reward     nan  ep_len    nan  fell    0  err_xy 0.023  std 0.217  lr 1.0e-04  fps   8440   275.3s
it  875/4000  reward     nan  ep_len    nan  fell    0  err_xy 0.018  std 0.217  lr 1.0e-04  fps   8531   275.6s
it  876/4000  reward     nan  ep_len    nan  fell    0  err_xy 0.017  std 0.217  lr 1.0e-04  fps   8612   275.9s
it  877/4000  reward     nan  ep_len    nan  fell    0  err_xy 0.021  std 0.217  lr 1.0e-04  fps   8631   276.1s
it  878/4000  reward     nan  ep_len    nan  fell    0  err_xy 0.018  std 0.217  lr 1.0e-04  fps   8604   276.4s
it  879/4000  reward     nan  ep_len    nan  fell    0  err_xy 0.020  std 0.217  lr 1.0e-04  fps   8674   276.7s
it  880/4000  reward     nan  ep_len    nan  fell    0  err_xy 0.022  std 0.217  lr 1.0e-04  fps   8671   276.9s
it  881/4000  reward     nan  ep_len    nan  fell    0  err_xy 0.019  std 0.217  lr 1.0e-04  fps   8583   277.2s
it  882/4000  reward  149.93  ep_len 1058.0  fell    0  err_xy 0.082  std 0.217  lr 1.0e-04  fps   6772   277.5s
it  883/4000  reward     nan  ep_len    nan  fell    0  err_xy 0.273  std 0.217  lr 1.0e-04  fps   7928   277.8s
it  884/4000  reward     nan  ep_len    nan  fell    0  err_xy 0.190  std 0.217  lr 1.0e-04  fps   7965   278.1s
it  885/4000  reward     nan  ep_len    nan  fell    0  err_xy 0.177  std 0.217  lr 1.0e-04  fps   8244   278.4s
it  886/4000  reward     nan  ep_len    nan  fell    0  err_xy 0.180  std 0.217  lr 1.0e-04  fps   8606   278.7s
it  887/4000  reward     nan  ep_len    nan  fell    0  err_xy 0.193  std 0.217  lr 1.0e-04  fps   8745   278.9s
it  888/4000  reward     nan  ep_len    nan  fell    0  err_xy 0.193  std 0.217  lr 1.0e-04  fps   8683   279.2s
it  889/4000  reward     nan  ep_len    nan  fell    0  err_xy 0.172  std 0.217  lr 1.0e-04  fps   8641   279.5s
it  890/4000  reward     nan  ep_len    nan  fell    0  err_xy 0.169  std 0.217  lr 1.0e-04  fps   8536   279.7s
it  891/4000  reward     nan  ep_len    nan  fell    0  err_xy 0.149  std 0.217  lr 1.0e-04  fps   8513   280.0s
it  892/4000  reward     nan  ep_len    nan  fell    0  err_xy 0.114  std 0.217  lr 1.0e-04  fps   8555   280.3s
it  893/4000  reward     nan  ep_len    nan  fell    0  err_xy 0.107  std 0.217  lr 1.0e-04  fps   8496   280.6s
it  894/4000  reward     nan  ep_len    nan  fell    0  err_xy 0.090  std 0.217  lr 1.0e-04  fps   8454   280.8s
it  895/4000  reward     nan  ep_len    nan  fell    0  err_xy 0.077  std 0.217  lr 1.0e-04  fps   8081   281.1s
it  896/4000  reward     nan  ep_len    nan  fell    0  err_xy 0.059  std 0.217  lr 1.0e-04  fps   8026   281.4s
it  897/4000  reward     nan  ep_len    nan  fell    0  err_xy 0.056  std 0.217  lr 1.0e-04  fps   8421   281.7s
it  898/4000  reward     nan  ep_len    nan  fell    0  err_xy 0.050  std 0.217  lr 1.0e-04  fps   8164   282.0s
it  899/4000  reward     nan  ep_len    nan  fell    0  err_xy 0.056  std 0.217  lr 1.0e-04  fps   8369   282.2s
it  900/4000  reward     nan  ep_len    nan  fell    0  err_xy 0.059  std 0.217  lr 1.0e-04  fps   8386   282.5s
it  901/4000  reward     nan  ep_len    nan  fell    0  err_xy 0.052  std 0.217  lr 1.0e-04  fps   8397   282.8s
it  902/4000  reward     nan  ep_len    nan  fell    0  err_xy 0.051  std 0.217  lr 1.0e-04  fps   8513   283.1s
it  903/4000  reward     nan  ep_len    nan  fell    0  err_xy 0.036  std 0.217  lr 1.0e-04  fps   8127   283.3s
it  904/4000  reward     nan  ep_len    nan  fell    0  err_xy 0.032  std 0.217  lr 1.0e-04  fps   8324   283.6s
it  905/4000  reward     nan  ep_len    nan  fell    0  err_xy 0.030  std 0.217  lr 1.0e-04  fps   8345   283.9s
it  906/4000  reward     nan  ep_len    nan  fell    0  err_xy 0.032  std 0.217  lr 1.0e-04  fps   8390   284.2s
it  907/4000  reward     nan  ep_len    nan  fell    0  err_xy 0.033  std 0.217  lr 1.0e-04  fps   8357   284.4s
it  908/4000  reward     nan  ep_len    nan  fell    0  err_xy 0.036  std 0.217  lr 1.0e-04  fps   8485   284.7s
it  909/4000  reward     nan  ep_len    nan  fell    0  err_xy 0.034  std 0.217  lr 1.0e-04  fps   8413   285.0s
it  910/4000  reward     nan  ep_len    nan  fell    0  err_xy 0.032  std 0.217  lr 1.0e-04  fps   8448   285.3s
it  911/4000  reward     nan  ep_len    nan  fell    0  err_xy 0.028  std 0.217  lr 1.0e-04  fps   8373   285.5s
it  912/4000  reward     nan  ep_len    nan  fell    0  err_xy 0.021  std 0.217  lr 1.0e-04  fps   7680   285.8s
it  913/4000  reward     nan  ep_len    nan  fell    0  err_xy 0.020  std 0.217  lr 1.0e-04  fps   7685   286.1s
it  914/4000  reward     nan  ep_len    nan  fell    0  err_xy 0.022  std 0.217  lr 1.0e-04  fps   7848   286.4s
it  915/4000  reward     nan  ep_len    nan  fell    0  err_xy 0.018  std 0.217  lr 1.0e-04  fps   8159   286.7s
it  916/4000  reward     nan  ep_len    nan  fell    0  err_xy 0.018  std 0.217  lr 1.0e-04  fps   7986   287.0s
it  917/4000  reward     nan  ep_len    nan  fell    0  err_xy 0.015  std 0.217  lr 1.0e-04  fps   8217   287.3s
it  918/4000  reward     nan  ep_len    nan  fell    0  err_xy 0.015  std 0.217  lr 1.0e-04  fps   8044   287.6s
it  919/4000  reward     nan  ep_len    nan  fell    0  err_xy 0.016  std 0.217  lr 1.0e-04  fps   7832   287.9s
it  920/4000  reward     nan  ep_len    nan  fell    0  err_xy 0.019  std 0.217  lr 1.0e-04  fps   8282   288.1s
it  921/4000  reward     nan  ep_len    nan  fell    0  err_xy 0.020  std 0.217  lr 1.0e-04  fps   8282   288.4s
it  922/4000  reward     nan  ep_len    nan  fell    0  err_xy 0.022  std 0.217  lr 1.0e-04  fps   8467   288.7s
it  923/4000  reward     nan  ep_len    nan  fell    0  err_xy 0.020  std 0.217  lr 1.0e-04  fps   7744   289.0s
it  924/4000  reward     nan  ep_len    nan  fell    0  err_xy 0.018  std 0.217  lr 1.0e-04  fps   8525   289.3s
it  925/4000  reward     nan  ep_len    nan  fell    0  err_xy 0.022  std 0.217  lr 1.0e-04  fps   8560   289.5s
it  926/4000  reward  145.02  ep_len 1058.0  fell    0  err_xy 0.059  std 0.217  lr 1.0e-04  fps   6993   289.9s
it  927/4000  reward     nan  ep_len    nan  fell    0  err_xy 0.289  std 0.217  lr 1.0e-04  fps   8646   290.1s
it  928/4000  reward     nan  ep_len    nan  fell    0  err_xy 0.207  std 0.217  lr 1.0e-04  fps   8773   290.4s
it  929/4000  reward     nan  ep_len    nan  fell    0  err_xy 0.179  std 0.217  lr 1.0e-04  fps   8802   290.7s
it  930/4000  reward     nan  ep_len    nan  fell    0  err_xy 0.179  std 0.217  lr 1.0e-04  fps   8556   290.9s
it  931/4000  reward     nan  ep_len    nan  fell    0  err_xy 0.174  std 0.217  lr 1.0e-04  fps   8601   291.2s
it  932/4000  reward     nan  ep_len    nan  fell    0  err_xy 0.163  std 0.217  lr 1.0e-04  fps   8527   291.5s
it  933/4000  reward     nan  ep_len    nan  fell    0  err_xy 0.148  std 0.217  lr 1.0e-04  fps   8577   291.7s
it  934/4000  reward     nan  ep_len    nan  fell    0  err_xy 0.123  std 0.217  lr 1.0e-04  fps   8519   292.0s
it  935/4000  reward     nan  ep_len    nan  fell    0  err_xy 0.105  std 0.217  lr 1.0e-04  fps   8565   292.3s
it  936/4000  reward     nan  ep_len    nan  fell    0  err_xy 0.091  std 0.217  lr 1.0e-04  fps   8434   292.5s
it  937/4000  reward     nan  ep_len    nan  fell    0  err_xy 0.071  std 0.217  lr 1.0e-04  fps   8391   292.8s
it  938/4000  reward     nan  ep_len    nan  fell    0  err_xy 0.065  std 0.217  lr 1.0e-04  fps   8502   293.1s
it  939/4000  reward     nan  ep_len    nan  fell    0  err_xy 0.061  std 0.217  lr 1.0e-04  fps   8433   293.4s
it  940/4000  reward     nan  ep_len    nan  fell    0  err_xy 0.055  std 0.217  lr 1.0e-04  fps   8434   293.6s
it  941/4000  reward     nan  ep_len    nan  fell    0  err_xy 0.047  std 0.217  lr 1.0e-04  fps   8489   293.9s
it  942/4000  reward     nan  ep_len    nan  fell    0  err_xy 0.039  std 0.217  lr 1.0e-04  fps   8450   294.2s
it  943/4000  reward     nan  ep_len    nan  fell    0  err_xy 0.035  std 0.217  lr 1.0e-04  fps   8391   294.5s
it  944/4000  reward     nan  ep_len    nan  fell    0  err_xy 0.032  std 0.217  lr 1.0e-04  fps   8438   294.7s
it  945/4000  reward     nan  ep_len    nan  fell    0  err_xy 0.029  std 0.217  lr 1.0e-04  fps   8474   295.0s
it  946/4000  reward     nan  ep_len    nan  fell    0  err_xy 0.023  std 0.217  lr 1.0e-04  fps   8505   295.3s
it  947/4000  reward     nan  ep_len    nan  fell    0  err_xy 0.019  std 0.217  lr 1.0e-04  fps   8441   295.5s
it  948/4000  reward     nan  ep_len    nan  fell    0  err_xy 0.016  std 0.217  lr 1.0e-04  fps   8500   295.8s
it  949/4000  reward     nan  ep_len    nan  fell    0  err_xy 0.014  std 0.217  lr 1.0e-04  fps   8494   296.1s
it  950/4000  reward     nan  ep_len    nan  fell    0  err_xy 0.014  std 0.217  lr 1.0e-04  fps   8432   296.4s
it  951/4000  reward     nan  ep_len    nan  fell    0  err_xy 0.013  std 0.217  lr 1.0e-04  fps   8447   296.6s
it  952/4000  reward     nan  ep_len    nan  fell    0  err_xy 0.013  std 0.217  lr 1.0e-04  fps   8513   296.9s
it  953/4000  reward     nan  ep_len    nan  fell    0  err_xy 0.018  std 0.217  lr 1.0e-04  fps   8498   297.2s
it  954/4000  reward     nan  ep_len    nan  fell    0  err_xy 0.014  std 0.217  lr 1.0e-04  fps   8448   297.5s
it  955/4000  reward     nan  ep_len    nan  fell    0  err_xy 0.018  std 0.217  lr 1.0e-04  fps   8431   297.7s
it  956/4000  reward     nan  ep_len    nan  fell    0  err_xy 0.017  std 0.217  lr 1.0e-04  fps   8495   298.0s
it  957/4000  reward     nan  ep_len    nan  fell    0  err_xy 0.019  std 0.217  lr 1.0e-04  fps   8441   298.3s
it  958/4000  reward     nan  ep_len    nan  fell    0  err_xy 0.021  std 0.217  lr 1.0e-04  fps   8456   298.5s
it  959/4000  reward     nan  ep_len    nan  fell    0  err_xy 0.027  std 0.217  lr 1.0e-04  fps   8378   298.8s
it  960/4000  reward     nan  ep_len    nan  fell    0  err_xy 0.023  std 0.217  lr 1.0e-04  fps   8338   299.1s
it  961/4000  reward     nan  ep_len    nan  fell    0  err_xy 0.030  std 0.217  lr 1.0e-04  fps   8396   299.4s
it  962/4000  reward     nan  ep_len    nan  fell    0  err_xy 0.025  std 0.217  lr 1.0e-04  fps   8366   299.6s
it  963/4000  reward     nan  ep_len    nan  fell    0  err_xy 0.026  std 0.217  lr 1.0e-04  fps   8518   299.9s
it  964/4000  reward     nan  ep_len    nan  fell    0  err_xy 0.025  std 0.217  lr 1.0e-04  fps   8369   300.2s
it  965/4000  reward     nan  ep_len    nan  fell    0  err_xy 0.025  std 0.217  lr 1.0e-04  fps   8365   300.5s
it  966/4000  reward     nan  ep_len    nan  fell    0  err_xy 0.026  std 0.217  lr 1.0e-04  fps   8478   300.7s
it  967/4000  reward     nan  ep_len    nan  fell    0  err_xy 0.023  std 0.217  lr 1.0e-04  fps   8635   301.0s
it  968/4000  reward     nan  ep_len    nan  fell    0  err_xy 0.023  std 0.216  lr 1.0e-04  fps   7632   301.3s
it  969/4000  reward     nan  ep_len    nan  fell    0  err_xy 0.019  std 0.216  lr 1.0e-04  fps   8006   301.6s
it  970/4000  reward  151.90  ep_len 1058.0  fell    0  err_xy 0.039  std 0.216  lr 1.0e-04  fps   6203   302.0s
it  971/4000  reward     nan  ep_len    nan  fell    0  err_xy 0.244  std 0.216  lr 1.0e-04  fps   8362   302.2s
it  972/4000  reward     nan  ep_len    nan  fell    0  err_xy 0.189  std 0.216  lr 1.0e-04  fps   8204   302.5s
it  973/4000  reward     nan  ep_len    nan  fell    0  err_xy 0.162  std 0.216  lr 1.0e-04  fps   6885   302.9s
it  974/4000  reward     nan  ep_len    nan  fell    0  err_xy 0.155  std 0.217  lr 1.0e-04  fps   5945   303.3s
it  975/4000  reward     nan  ep_len    nan  fell    0  err_xy 0.152  std 0.217  lr 1.0e-04  fps   8111   303.5s
it  976/4000  reward     nan  ep_len    nan  fell    0  err_xy 0.136  std 0.217  lr 1.0e-04  fps   8233   303.8s
it  977/4000  reward     nan  ep_len    nan  fell    0  err_xy 0.123  std 0.217  lr 1.0e-04  fps   8403   304.1s
it  978/4000  reward     nan  ep_len    nan  fell    0  err_xy 0.110  std 0.217  lr 1.0e-04  fps   8192   304.4s
it  979/4000  reward     nan  ep_len    nan  fell    0  err_xy 0.106  std 0.217  lr 1.0e-04  fps   8465   304.6s
it  980/4000  reward     nan  ep_len    nan  fell    0  err_xy 0.100  std 0.217  lr 1.0e-04  fps   8308   304.9s
it  981/4000  reward     nan  ep_len    nan  fell    0  err_xy 0.078  std 0.217  lr 1.0e-04  fps   8267   305.2s
it  982/4000  reward     nan  ep_len    nan  fell    0  err_xy 0.057  std 0.217  lr 1.0e-04  fps   8346   305.5s
it  983/4000  reward     nan  ep_len    nan  fell    0  err_xy 0.053  std 0.217  lr 1.0e-04  fps   8420   305.8s
it  984/4000  reward     nan  ep_len    nan  fell    0  err_xy 0.041  std 0.217  lr 1.0e-04  fps   7915   306.0s
it  985/4000  reward     nan  ep_len    nan  fell    0  err_xy 0.033  std 0.217  lr 1.0e-04  fps   8412   306.3s
it  986/4000  reward     nan  ep_len    nan  fell    0  err_xy 0.029  std 0.217  lr 1.0e-04  fps   8412   306.6s
it  987/4000  reward     nan  ep_len    nan  fell    0  err_xy 0.034  std 0.217  lr 1.0e-04  fps   8546   306.9s
it  988/4000  reward     nan  ep_len    nan  fell    0  err_xy 0.028  std 0.217  lr 1.0e-04  fps   8440   307.1s
it  989/4000  reward     nan  ep_len    nan  fell    0  err_xy 0.025  std 0.217  lr 1.0e-04  fps   8388   307.4s
it  990/4000  reward     nan  ep_len    nan  fell    0  err_xy 0.024  std 0.217  lr 1.0e-04  fps   8424   307.7s
it  991/4000  reward     nan  ep_len    nan  fell    0  err_xy 0.020  std 0.217  lr 1.0e-04  fps   8481   308.0s
it  992/4000  reward     nan  ep_len    nan  fell    0  err_xy 0.019  std 0.217  lr 1.0e-04  fps   8461   308.2s
it  993/4000  reward     nan  ep_len    nan  fell    0  err_xy 0.017  std 0.217  lr 1.0e-04  fps   8453   308.5s
it  994/4000  reward     nan  ep_len    nan  fell    0  err_xy 0.014  std 0.217  lr 1.0e-04  fps   8447   308.8s
it  995/4000  reward     nan  ep_len    nan  fell    0  err_xy 0.011  std 0.217  lr 1.0e-04  fps   8457   309.0s
it  996/4000  reward     nan  ep_len    nan  fell    0  err_xy 0.010  std 0.217  lr 1.0e-04  fps   8324   309.3s
it  997/4000  reward     nan  ep_len    nan  fell    0  err_xy 0.011  std 0.217  lr 1.0e-04  fps   8320   309.6s
it  998/4000  reward     nan  ep_len    nan  fell    0  err_xy 0.012  std 0.217  lr 1.0e-04  fps   8331   309.9s
it  999/4000  reward     nan  ep_len    nan  fell    0  err_xy 0.014  std 0.217  lr 1.0e-04  fps   8243   310.2s
it 1000/4000  reward     nan  ep_len    nan  fell    0  err_xy 0.017  std 0.217  lr 1.0e-04  fps   8271   310.4s
eval iteration 1000:
  prone          success   0.0%  time 21.16s  peak_τ 0.96 Nm  return 125.80
  supine         success   0.0%  time 21.16s  peak_τ 0.96 Nm  return 126.95
  score 0.000
it 1001/4000  reward     nan  ep_len    nan  fell    0  err_xy 0.020  std 0.217  lr 1.0e-04  fps   8670   315.3s
it 1002/4000  reward     nan  ep_len    nan  fell    0  err_xy 0.017  std 0.217  lr 1.0e-04  fps   8771   315.6s
it 1003/4000  reward     nan  ep_len    nan  fell    0  err_xy 0.017  std 0.217  lr 1.0e-04  fps   8690   315.8s
it 1004/4000  reward     nan  ep_len    nan  fell    0  err_xy 0.023  std 0.217  lr 1.0e-04  fps   8801   316.1s
it 1005/4000  reward     nan  ep_len    nan  fell    0  err_xy 0.021  std 0.217  lr 1.0e-04  fps   8353   316.4s
it 1006/4000  reward     nan  ep_len    nan  fell    0  err_xy 0.022  std 0.217  lr 1.0e-04  fps   8295   316.7s
it 1007/4000  reward     nan  ep_len    nan  fell    0  err_xy 0.018  std 0.217  lr 1.0e-04  fps   8568   316.9s
it 1008/4000  reward     nan  ep_len    nan  fell    0  err_xy 0.029  std 0.217  lr 1.0e-04  fps   8649   317.2s
it 1009/4000  reward     nan  ep_len    nan  fell    0  err_xy 0.023  std 0.217  lr 1.0e-04  fps   8766   317.5s
it 1010/4000  reward     nan  ep_len    nan  fell    0  err_xy 0.022  std 0.217  lr 1.0e-04  fps   9010   317.7s
it 1011/4000  reward     nan  ep_len    nan  fell    0  err_xy 0.021  std 0.217  lr 1.0e-04  fps   9065   318.0s
it 1012/4000  reward     nan  ep_len    nan  fell    0  err_xy 0.028  std 0.217  lr 1.0e-04  fps   9007   318.2s
it 1013/4000  reward     nan  ep_len    nan  fell    0  err_xy 0.028  std 0.217  lr 1.0e-04  fps   8999   318.5s
it 1014/4000  reward  152.05  ep_len 1058.0  fell    0  err_xy 0.041  std 0.217  lr 1.0e-04  fps   7287   318.8s
it 1015/4000  reward     nan  ep_len    nan  fell    0  err_xy 0.273  std 0.217  lr 1.0e-04  fps   8967   319.1s
it 1016/4000  reward     nan  ep_len    nan  fell    0  err_xy 0.188  std 0.217  lr 1.0e-04  fps   8923   319.3s
it 1017/4000  reward     nan  ep_len    nan  fell    0  err_xy 0.184  std 0.217  lr 1.0e-04  fps   8781   319.6s
it 1018/4000  reward     nan  ep_len    nan  fell    0  err_xy 0.177  std 0.217  lr 1.0e-04  fps   9086   319.8s
it 1019/4000  reward     nan  ep_len    nan  fell    0  err_xy 0.169  std 0.217  lr 1.0e-04  fps   9150   320.1s
it 1020/4000  reward     nan  ep_len    nan  fell    0  err_xy 0.204  std 0.217  lr 1.0e-04  fps   9061   320.3s
it 1021/4000  reward     nan  ep_len    nan  fell    0  err_xy 0.202  std 0.217  lr 1.0e-04  fps   8317   320.6s
it 1022/4000  reward     nan  ep_len    nan  fell    0  err_xy 0.208  std 0.217  lr 1.0e-04  fps   8987   320.9s
it 1023/4000  reward     nan  ep_len    nan  fell    0  err_xy 0.206  std 0.217  lr 1.0e-04  fps   8910   321.1s
it 1024/4000  reward     nan  ep_len    nan  fell    0  err_xy 0.168  std 0.217  lr 1.0e-04  fps   8632   321.4s
it 1025/4000  reward     nan  ep_len    nan  fell    0  err_xy 0.154  std 0.217  lr 1.0e-04  fps   8628   321.7s
it 1026/4000  reward     nan  ep_len    nan  fell    0  err_xy 0.149  std 0.217  lr 1.0e-04  fps   8908   321.9s
it 1027/4000  reward     nan  ep_len    nan  fell    0  err_xy 0.136  std 0.217  lr 1.0e-04  fps   8894   322.2s
it 1028/4000  reward     nan  ep_len    nan  fell    0  err_xy 0.133  std 0.217  lr 1.0e-04  fps   8872   322.4s
it 1029/4000  reward     nan  ep_len    nan  fell    0  err_xy 0.133  std 0.217  lr 1.0e-04  fps   8929   322.7s
it 1030/4000  reward     nan  ep_len    nan  fell    0  err_xy 0.115  std 0.217  lr 1.0e-04  fps   8932   323.0s
it 1031/4000  reward     nan  ep_len    nan  fell    0  err_xy 0.114  std 0.217  lr 1.0e-04  fps   8822   323.2s
it 1032/4000  reward     nan  ep_len    nan  fell    0  err_xy 0.125  std 0.217  lr 1.0e-04  fps   8793   323.5s
it 1033/4000  reward     nan  ep_len    nan  fell    0  err_xy 0.108  std 0.217  lr 1.0e-04  fps   8636   323.8s
it 1034/4000  reward     nan  ep_len    nan  fell    0  err_xy 0.087  std 0.217  lr 1.0e-04  fps   8844   324.0s
it 1035/4000  reward     nan  ep_len    nan  fell    0  err_xy 0.094  std 0.217  lr 1.0e-04  fps   8836   324.3s
it 1036/4000  reward     nan  ep_len    nan  fell    0  err_xy 0.100  std 0.217  lr 1.0e-04  fps   8844   324.5s
it 1037/4000  reward     nan  ep_len    nan  fell    0  err_xy 0.080  std 0.217  lr 1.0e-04  fps   8864   324.8s
it 1038/4000  reward     nan  ep_len    nan  fell    0  err_xy 0.076  std 0.217  lr 1.0e-04  fps   8832   325.1s
it 1039/4000  reward     nan  ep_len    nan  fell    0  err_xy 0.081  std 0.217  lr 1.0e-04  fps   8817   325.3s
it 1040/4000  reward     nan  ep_len    nan  fell    0  err_xy 0.066  std 0.217  lr 1.0e-04  fps   8821   325.6s
it 1041/4000  reward     nan  ep_len    nan  fell    0  err_xy 0.059  std 0.217  lr 1.0e-04  fps   8760   325.8s
it 1042/4000  reward     nan  ep_len    nan  fell    0  err_xy 0.053  std 0.217  lr 1.0e-04  fps   8786   326.1s
it 1043/4000  reward     nan  ep_len    nan  fell    0  err_xy 0.045  std 0.217  lr 1.0e-04  fps   8784   326.4s
it 1044/4000  reward     nan  ep_len    nan  fell    0  err_xy 0.050  std 0.217  lr 1.0e-04  fps   8756   326.6s
it 1045/4000  reward     nan  ep_len    nan  fell    0  err_xy 0.041  std 0.217  lr 1.0e-04  fps   8780   326.9s
it 1046/4000  reward     nan  ep_len    nan  fell    0  err_xy 0.035  std 0.217  lr 1.0e-04  fps   8780   327.2s
it 1047/4000  reward     nan  ep_len    nan  fell    0  err_xy 0.032  std 0.217  lr 1.0e-04  fps   8769   327.4s
it 1048/4000  reward     nan  ep_len    nan  fell    0  err_xy 0.028  std 0.217  lr 1.0e-04  fps   8819   327.7s
it 1049/4000  reward     nan  ep_len    nan  fell    0  err_xy 0.031  std 0.217  lr 1.0e-04  fps   8805   327.9s
it 1050/4000  reward     nan  ep_len    nan  fell    0  err_xy 0.030  std 0.217  lr 1.0e-04  fps   8712   328.2s
it 1051/4000  reward     nan  ep_len    nan  fell    0  err_xy 0.034  std 0.217  lr 1.0e-04  fps   8738   328.5s
it 1052/4000  reward     nan  ep_len    nan  fell    0  err_xy 0.031  std 0.217  lr 1.0e-04  fps   8582   328.7s
it 1053/4000  reward     nan  ep_len    nan  fell    0  err_xy 0.029  std 0.217  lr 1.0e-04  fps   8845   329.0s
it 1054/4000  reward     nan  ep_len    nan  fell    0  err_xy 0.032  std 0.217  lr 1.0e-04  fps   8868   329.3s
it 1055/4000  reward     nan  ep_len    nan  fell    0  err_xy 0.029  std 0.217  lr 1.0e-04  fps   8901   329.5s
it 1056/4000  reward     nan  ep_len    nan  fell    0  err_xy 0.028  std 0.217  lr 1.0e-04  fps   8907   329.8s
it 1057/4000  reward     nan  ep_len    nan  fell    0  err_xy 0.022  std 0.217  lr 1.0e-04  fps   8842   330.0s
it 1058/4000  reward  138.06  ep_len 1058.0  fell    0  err_xy 0.019  std 0.217  lr 1.0e-04  fps   7246   330.4s
it 1059/4000  reward     nan  ep_len    nan  fell    0  err_xy 0.251  std 0.217  lr 1.0e-04  fps   8936   330.6s
it 1060/4000  reward     nan  ep_len    nan  fell    0  err_xy 0.203  std 0.217  lr 1.0e-04  fps   9140   330.9s
it 1061/4000  reward     nan  ep_len    nan  fell    0  err_xy 0.201  std 0.217  lr 1.0e-04  fps   9150   331.1s
it 1062/4000  reward     nan  ep_len    nan  fell    0  err_xy 0.188  std 0.217  lr 1.0e-04  fps   8932   331.4s
it 1063/4000  reward     nan  ep_len    nan  fell    0  err_xy 0.150  std 0.217  lr 1.0e-04  fps   9036   331.6s
it 1064/4000  reward     nan  ep_len    nan  fell    0  err_xy 0.146  std 0.217  lr 1.0e-04  fps   9063   331.9s
it 1065/4000  reward     nan  ep_len    nan  fell    0  err_xy 0.187  std 0.217  lr 1.0e-04  fps   9019   332.1s
it 1066/4000  reward     nan  ep_len    nan  fell    0  err_xy 0.193  std 0.217  lr 1.0e-04  fps   8896   332.4s
it 1067/4000  reward     nan  ep_len    nan  fell    0  err_xy 0.178  std 0.217  lr 1.0e-04  fps   8821   332.7s
it 1068/4000  reward     nan  ep_len    nan  fell    0  err_xy 0.203  std 0.217  lr 1.0e-04  fps   8856   332.9s
it 1069/4000  reward     nan  ep_len    nan  fell    0  err_xy 0.173  std 0.217  lr 1.0e-04  fps   8824   333.2s
it 1070/4000  reward     nan  ep_len    nan  fell    0  err_xy 0.188  std 0.217  lr 1.0e-04  fps   8851   333.4s
it 1071/4000  reward     nan  ep_len    nan  fell    0  err_xy 0.173  std 0.217  lr 1.0e-04  fps   8927   333.7s
it 1072/4000  reward     nan  ep_len    nan  fell    0  err_xy 0.177  std 0.217  lr 1.0e-04  fps   8967   334.0s
it 1073/4000  reward     nan  ep_len    nan  fell    0  err_xy 0.166  std 0.217  lr 1.0e-04  fps   8755   334.2s
it 1074/4000  reward     nan  ep_len    nan  fell    0  err_xy 0.178  std 0.217  lr 1.0e-04  fps   8711   334.5s
it 1075/4000  reward     nan  ep_len    nan  fell    0  err_xy 0.167  std 0.217  lr 1.0e-04  fps   8677   334.8s
it 1076/4000  reward     nan  ep_len    nan  fell    0  err_xy 0.173  std 0.217  lr 1.0e-04  fps   8669   335.0s
it 1077/4000  reward     nan  ep_len    nan  fell    0  err_xy 0.176  std 0.217  lr 1.0e-04  fps   8880   335.3s
it 1078/4000  reward     nan  ep_len    nan  fell    0  err_xy 0.185  std 0.217  lr 1.0e-04  fps   8875   335.5s
it 1079/4000  reward     nan  ep_len    nan  fell    0  err_xy 0.158  std 0.217  lr 1.0e-04  fps   8851   335.8s
it 1080/4000  reward     nan  ep_len    nan  fell    0  err_xy 0.142  std 0.217  lr 1.0e-04  fps   8931   336.1s
it 1081/4000  reward     nan  ep_len    nan  fell    0  err_xy 0.140  std 0.217  lr 1.0e-04  fps   8876   336.3s
it 1082/4000  reward     nan  ep_len    nan  fell    0  err_xy 0.132  std 0.217  lr 1.0e-04  fps   8950   336.6s
it 1083/4000  reward     nan  ep_len    nan  fell    0  err_xy 0.124  std 0.217  lr 1.0e-04  fps   8903   336.8s
it 1084/4000  reward     nan  ep_len    nan  fell    0  err_xy 0.138  std 0.217  lr 1.0e-04  fps   8926   337.1s
it 1085/4000  reward     nan  ep_len    nan  fell    0  err_xy 0.125  std 0.217  lr 1.0e-04  fps   8855   337.4s
it 1086/4000  reward     nan  ep_len    nan  fell    0  err_xy 0.130  std 0.217  lr 1.0e-04  fps   8948   337.6s
it 1087/4000  reward     nan  ep_len    nan  fell    0  err_xy 0.126  std 0.217  lr 1.0e-04  fps   8766   337.9s
it 1088/4000  reward     nan  ep_len    nan  fell    0  err_xy 0.112  std 0.217  lr 1.0e-04  fps   8688   338.1s
it 1089/4000  reward     nan  ep_len    nan  fell    0  err_xy 0.112  std 0.217  lr 1.0e-04  fps   8467   338.4s
it 1090/4000  reward     nan  ep_len    nan  fell    0  err_xy 0.110  std 0.217  lr 1.0e-04  fps   8459   338.7s
it 1091/4000  reward     nan  ep_len    nan  fell    0  err_xy 0.112  std 0.217  lr 1.0e-04  fps   8738   339.0s
it 1092/4000  reward     nan  ep_len    nan  fell    0  err_xy 0.103  std 0.217  lr 1.0e-04  fps   8769   339.2s
it 1093/4000  reward     nan  ep_len    nan  fell    0  err_xy 0.076  std 0.217  lr 1.0e-04  fps   8728   339.5s
it 1094/4000  reward     nan  ep_len    nan  fell    0  err_xy 0.079  std 0.217  lr 1.0e-04  fps   8681   339.7s
it 1095/4000  reward     nan  ep_len    nan  fell    0  err_xy 0.079  std 0.217  lr 1.0e-04  fps   8699   340.0s
it 1096/4000  reward     nan  ep_len    nan  fell    0  err_xy 0.066  std 0.217  lr 1.0e-04  fps   8606   340.3s
it 1097/4000  reward     nan  ep_len    nan  fell    0  err_xy 0.064  std 0.217  lr 1.0e-04  fps   8264   340.6s
it 1098/4000  reward     nan  ep_len    nan  fell    0  err_xy 0.056  std 0.217  lr 1.0e-04  fps   8146   340.8s
it 1099/4000  reward     nan  ep_len    nan  fell    0  err_xy 0.052  std 0.217  lr 1.0e-04  fps   8375   341.1s
it 1100/4000  reward     nan  ep_len    nan  fell    0  err_xy 0.049  std 0.217  lr 1.0e-04  fps   8625   341.4s
it 1101/4000  reward     nan  ep_len    nan  fell    0  err_xy 0.053  std 0.217  lr 1.0e-04  fps   8693   341.7s
it 1102/4000  reward     nan  ep_len    nan  fell    0  err_xy 0.048  std 0.217  lr 1.0e-04  fps   7898   341.9s
it 1103/4000  reward  122.35  ep_len 1058.0  fell    0  err_xy 0.252  std 0.217  lr 1.0e-04  fps   6996   342.3s
it 1104/4000  reward     nan  ep_len    nan  fell    0  err_xy 0.202  std 0.217  lr 1.0e-04  fps   8825   342.5s
it 1105/4000  reward     nan  ep_len    nan  fell    0  err_xy 0.188  std 0.217  lr 1.0e-04  fps   8810   342.8s
it 1106/4000  reward     nan  ep_len    nan  fell    0  err_xy 0.166  std 0.217  lr 1.0e-04  fps   8843   343.1s
it 1107/4000  reward     nan  ep_len    nan  fell    0  err_xy 0.147  std 0.217  lr 1.0e-04  fps   8754   343.3s
it 1108/4000  reward     nan  ep_len    nan  fell    0  err_xy 0.164  std 0.217  lr 1.0e-04  fps   8793   343.6s
it 1109/4000  reward     nan  ep_len    nan  fell    0  err_xy 0.175  std 0.217  lr 1.0e-04  fps   8797   343.8s
it 1110/4000  reward     nan  ep_len    nan  fell    0  err_xy 0.166  std 0.217  lr 1.0e-04  fps   8752   344.1s
it 1111/4000  reward     nan  ep_len    nan  fell    0  err_xy 0.134  std 0.217  lr 1.0e-04  fps   8694   344.4s
it 1112/4000  reward     nan  ep_len    nan  fell    0  err_xy 0.130  std 0.217  lr 1.0e-04  fps   8621   344.6s
it 1113/4000  reward     nan  ep_len    nan  fell    0  err_xy 0.117  std 0.217  lr 1.0e-04  fps   8575   344.9s
it 1114/4000  reward     nan  ep_len    nan  fell    0  err_xy 0.115  std 0.217  lr 1.0e-04  fps   8636   345.2s
it 1115/4000  reward     nan  ep_len    nan  fell    0  err_xy 0.102  std 0.217  lr 1.0e-04  fps   8550   345.4s
it 1116/4000  reward     nan  ep_len    nan  fell    0  err_xy 0.097  std 0.217  lr 1.0e-04  fps   8573   345.7s
it 1117/4000  reward     nan  ep_len    nan  fell    0  err_xy 0.082  std 0.217  lr 1.0e-04  fps   8572   346.0s
it 1118/4000  reward     nan  ep_len    nan  fell    0  err_xy 0.069  std 0.217  lr 1.0e-04  fps   8582   346.3s
it 1119/4000  reward     nan  ep_len    nan  fell    0  err_xy 0.070  std 0.217  lr 1.0e-04  fps   8491   346.5s
it 1120/4000  reward     nan  ep_len    nan  fell    0  err_xy 0.062  std 0.217  lr 1.0e-04  fps   8522   346.8s
it 1121/4000  reward     nan  ep_len    nan  fell    0  err_xy 0.052  std 0.217  lr 1.0e-04  fps   8549   347.1s
it 1122/4000  reward     nan  ep_len    nan  fell    0  err_xy 0.044  std 0.217  lr 1.0e-04  fps   8533   347.3s
it 1123/4000  reward     nan  ep_len    nan  fell    0  err_xy 0.039  std 0.217  lr 1.0e-04  fps   8485   347.6s
it 1124/4000  reward     nan  ep_len    nan  fell    0  err_xy 0.041  std 0.217  lr 1.0e-04  fps   8537   347.9s
it 1125/4000  reward     nan  ep_len    nan  fell    0  err_xy 0.038  std 0.217  lr 1.0e-04  fps   8571   348.1s
it 1126/4000  reward     nan  ep_len    nan  fell    0  err_xy 0.037  std 0.217  lr 1.0e-04  fps   8519   348.4s
it 1127/4000  reward     nan  ep_len    nan  fell    0  err_xy 0.038  std 0.217  lr 1.0e-04  fps   8539   348.7s
it 1128/4000  reward     nan  ep_len    nan  fell    0  err_xy 0.038  std 0.217  lr 1.0e-04  fps   8575   349.0s
it 1129/4000  reward     nan  ep_len    nan  fell    0  err_xy 0.045  std 0.217  lr 1.0e-04  fps   8549   349.2s
it 1130/4000  reward     nan  ep_len    nan  fell    0  err_xy 0.041  std 0.217  lr 1.0e-04  fps   8565   349.5s
it 1131/4000  reward     nan  ep_len    nan  fell    0  err_xy 0.036  std 0.217  lr 1.0e-04  fps   8560   349.8s
it 1132/4000  reward     nan  ep_len    nan  fell    0  err_xy 0.032  std 0.217  lr 1.0e-04  fps   8533   350.0s
it 1133/4000  reward     nan  ep_len    nan  fell    0  err_xy 0.031  std 0.217  lr 1.0e-04  fps   8524   350.3s
it 1134/4000  reward     nan  ep_len    nan  fell    0  err_xy 0.028  std 0.217  lr 1.0e-04  fps   8534   350.6s
it 1135/4000  reward     nan  ep_len    nan  fell    0  err_xy 0.025  std 0.217  lr 1.0e-04  fps   8529   350.8s
it 1136/4000  reward     nan  ep_len    nan  fell    0  err_xy 0.025  std 0.217  lr 1.0e-04  fps   8502   351.1s
it 1137/4000  reward     nan  ep_len    nan  fell    0  err_xy 0.022  std 0.217  lr 1.0e-04  fps   8382   351.4s
it 1138/4000  reward     nan  ep_len    nan  fell    0  err_xy 0.017  std 0.217  lr 1.0e-04  fps   8502   351.7s
it 1139/4000  reward     nan  ep_len    nan  fell    0  err_xy 0.021  std 0.217  lr 1.0e-04  fps   8506   351.9s
it 1140/4000  reward     nan  ep_len    nan  fell    0  err_xy 0.018  std 0.217  lr 1.0e-04  fps   8510   352.2s
it 1141/4000  reward     nan  ep_len    nan  fell    0  err_xy 0.016  std 0.217  lr 1.0e-04  fps   8500   352.5s
it 1142/4000  reward     nan  ep_len    nan  fell    0  err_xy 0.017  std 0.216  lr 1.0e-04  fps   8595   352.7s
it 1143/4000  reward     nan  ep_len    nan  fell    0  err_xy 0.018  std 0.216  lr 1.0e-04  fps   8642   353.0s
it 1144/4000  reward     nan  ep_len    nan  fell    0  err_xy 0.012  std 0.217  lr 1.0e-04  fps   8591   353.3s
it 1145/4000  reward     nan  ep_len    nan  fell    0  err_xy 0.013  std 0.216  lr 1.0e-04  fps   8648   353.5s
it 1146/4000  reward     nan  ep_len    nan  fell    0  err_xy 0.014  std 0.216  lr 1.0e-04  fps   8675   353.8s
it 1147/4000  reward  142.23  ep_len 1058.0  fell    0  err_xy 0.230  std 0.216  lr 1.0e-04  fps   7133   354.1s
it 1148/4000  reward     nan  ep_len    nan  fell    0  err_xy 0.222  std 0.216  lr 1.0e-04  fps   8830   354.4s
it 1149/4000  reward     nan  ep_len    nan  fell    0  err_xy 0.219  std 0.216  lr 1.0e-04  fps   8920   354.7s
it 1150/4000  reward     nan  ep_len    nan  fell    0  err_xy 0.197  std 0.217  lr 1.0e-04  fps   8971   354.9s
it 1151/4000  reward     nan  ep_len    nan  fell    0  err_xy 0.210  std 0.217  lr 1.0e-04  fps   8845   355.2s
it 1152/4000  reward     nan  ep_len    nan  fell    0  err_xy 0.206  std 0.217  lr 1.0e-04  fps   8720   355.4s
it 1153/4000  reward     nan  ep_len    nan  fell    0  err_xy 0.168  std 0.217  lr 1.0e-04  fps   8711   355.7s
it 1154/4000  reward     nan  ep_len    nan  fell    0  err_xy 0.149  std 0.217  lr 1.0e-04  fps   8668   356.0s
it 1155/4000  reward     nan  ep_len    nan  fell    0  err_xy 0.117  std 0.217  lr 1.0e-04  fps   8570   356.2s
it 1156/4000  reward     nan  ep_len    nan  fell    0  err_xy 0.103  std 0.217  lr 1.0e-04  fps   8574   356.5s
it 1157/4000  reward     nan  ep_len    nan  fell    0  err_xy 0.085  std 0.217  lr 1.0e-04  fps   8524   356.8s
it 1158/4000  reward     nan  ep_len    nan  fell    0  err_xy 0.067  std 0.217  lr 1.0e-04  fps   8557   357.1s
it 1159/4000  reward     nan  ep_len    nan  fell    0  err_xy 0.052  std 0.217  lr 1.0e-04  fps   8471   357.3s
it 1160/4000  reward     nan  ep_len    nan  fell    0  err_xy 0.038  std 0.217  lr 1.0e-04  fps   8434   357.6s
it 1161/4000  reward     nan  ep_len    nan  fell    0  err_xy 0.031  std 0.217  lr 1.0e-04  fps   8465   357.9s
it 1162/4000  reward     nan  ep_len    nan  fell    0  err_xy 0.028  std 0.217  lr 1.0e-04  fps   8326   358.1s
it 1163/4000  reward     nan  ep_len    nan  fell    0  err_xy 0.024  std 0.217  lr 1.0e-04  fps   8271   358.4s
it 1164/4000  reward     nan  ep_len    nan  fell    0  err_xy 0.019  std 0.217  lr 1.0e-04  fps   7804   358.7s
it 1165/4000  reward     nan  ep_len    nan  fell    0  err_xy 0.017  std 0.217  lr 1.0e-04  fps   8057   359.0s
it 1166/4000  reward     nan  ep_len    nan  fell    0  err_xy 0.014  std 0.217  lr 1.0e-04  fps   8223   359.3s
it 1167/4000  reward     nan  ep_len    nan  fell    0  err_xy 0.013  std 0.216  lr 1.0e-04  fps   7809   359.6s
it 1168/4000  reward     nan  ep_len    nan  fell    0  err_xy 0.011  std 0.216  lr 1.0e-04  fps   8359   359.9s
it 1169/4000  reward     nan  ep_len    nan  fell    0  err_xy 0.012  std 0.216  lr 1.0e-04  fps   8449   360.1s
it 1170/4000  reward     nan  ep_len    nan  fell    0  err_xy 0.015  std 0.217  lr 1.0e-04  fps   8399   360.4s
it 1171/4000  reward     nan  ep_len    nan  fell    0  err_xy 0.019  std 0.217  lr 1.0e-04  fps   8458   360.7s
it 1172/4000  reward     nan  ep_len    nan  fell    0  err_xy 0.023  std 0.217  lr 1.0e-04  fps   8509   360.9s
it 1173/4000  reward     nan  ep_len    nan  fell    0  err_xy 0.028  std 0.217  lr 1.0e-04  fps   7397   361.3s
it 1174/4000  reward     nan  ep_len    nan  fell    0  err_xy 0.039  std 0.217  lr 1.0e-04  fps   7812   361.6s
it 1175/4000  reward     nan  ep_len    nan  fell    0  err_xy 0.048  std 0.217  lr 1.0e-04  fps   8333   361.8s
it 1176/4000  reward     nan  ep_len    nan  fell    0  err_xy 0.053  std 0.217  lr 1.0e-04  fps   7384   362.1s
it 1177/4000  reward     nan  ep_len    nan  fell    0  err_xy 0.047  std 0.217  lr 1.0e-04  fps   6877   362.5s
it 1178/4000  reward     nan  ep_len    nan  fell    0  err_xy 0.045  std 0.217  lr 1.0e-04  fps   7201   362.8s
it 1179/4000  reward     nan  ep_len    nan  fell    0  err_xy 0.047  std 0.217  lr 1.0e-04  fps   6181   363.2s
it 1180/4000  reward     nan  ep_len    nan  fell    0  err_xy 0.047  std 0.217  lr 1.0e-04  fps   8021   363.5s
it 1181/4000  reward     nan  ep_len    nan  fell    0  err_xy 0.026  std 0.217  lr 1.0e-04  fps   7632   363.8s
it 1182/4000  reward     nan  ep_len    nan  fell    0  err_xy 0.027  std 0.217  lr 1.0e-04  fps   7215   364.1s
it 1183/4000  reward     nan  ep_len    nan  fell    0  err_xy 0.031  std 0.217  lr 1.0e-04  fps   7325   364.4s
it 1184/4000  reward     nan  ep_len    nan  fell    0  err_xy 0.029  std 0.217  lr 1.0e-04  fps   7544   364.7s
it 1185/4000  reward     nan  ep_len    nan  fell    0  err_xy 0.030  std 0.217  lr 1.0e-04  fps   7507   365.0s
it 1186/4000  reward     nan  ep_len    nan  fell    0  err_xy 0.025  std 0.217  lr 1.0e-04  fps   7721   365.3s
it 1187/4000  reward     nan  ep_len    nan  fell    0  err_xy 0.029  std 0.217  lr 1.0e-04  fps   7244   365.6s
it 1188/4000  reward     nan  ep_len    nan  fell    0  err_xy 0.034  std 0.217  lr 1.0e-04  fps   7797   365.9s
it 1189/4000  reward     nan  ep_len    nan  fell    0  err_xy 0.028  std 0.217  lr 1.0e-04  fps   7990   366.2s
it 1190/4000  reward     nan  ep_len    nan  fell    0  err_xy 0.029  std 0.217  lr 1.0e-04  fps   6682   366.6s
it 1191/4000  reward  153.56  ep_len 1058.0  fell    0  err_xy 0.194  std 0.217  lr 1.0e-04  fps   6073   366.9s
it 1192/4000  reward     nan  ep_len    nan  fell    0  err_xy 0.210  std 0.217  lr 1.0e-04  fps   7992   367.2s
it 1193/4000  reward     nan  ep_len    nan  fell    0  err_xy 0.200  std 0.217  lr 1.0e-04  fps   8473   367.5s
it 1194/4000  reward     nan  ep_len    nan  fell    0  err_xy 0.197  std 0.217  lr 1.0e-04  fps   8741   367.8s
it 1195/4000  reward     nan  ep_len    nan  fell    0  err_xy 0.204  std 0.217  lr 1.0e-04  fps   8689   368.0s
it 1196/4000  reward     nan  ep_len    nan  fell    0  err_xy 0.190  std 0.217  lr 1.0e-04  fps   8372   368.3s
it 1197/4000  reward     nan  ep_len    nan  fell    0  err_xy 0.172  std 0.217  lr 1.0e-04  fps   8559   368.6s
it 1198/4000  reward     nan  ep_len    nan  fell    0  err_xy 0.151  std 0.217  lr 1.0e-04  fps   8584   368.8s
it 1199/4000  reward     nan  ep_len    nan  fell    0  err_xy 0.150  std 0.217  lr 1.0e-04  fps   8569   369.1s
it 1200/4000  reward     nan  ep_len    nan  fell    0  err_xy 0.139  std 0.217  lr 1.0e-04  fps   8445   369.4s
eval iteration 1200:
  prone          success   0.0%  time 21.16s  peak_τ 0.96 Nm  return 173.44
  supine         success   0.0%  time 21.16s  peak_τ 0.96 Nm  return 160.61
  score 0.000
it 1201/4000  reward     nan  ep_len    nan  fell    0  err_xy 0.132  std 0.217  lr 1.0e-04  fps   8511   374.4s
it 1202/4000  reward     nan  ep_len    nan  fell    0  err_xy 0.114  std 0.217  lr 1.0e-04  fps   8802   374.6s
it 1203/4000  reward     nan  ep_len    nan  fell    0  err_xy 0.088  std 0.217  lr 1.0e-04  fps   8848   374.9s
it 1204/4000  reward     nan  ep_len    nan  fell    0  err_xy 0.083  std 0.217  lr 1.0e-04  fps   8885   375.2s
it 1205/4000  reward     nan  ep_len    nan  fell    0  err_xy 0.074  std 0.217  lr 1.0e-04  fps   8838   375.4s
it 1206/4000  reward     nan  ep_len    nan  fell    0  err_xy 0.067  std 0.217  lr 1.0e-04  fps   8901   375.7s
it 1207/4000  reward     nan  ep_len    nan  fell    0  err_xy 0.052  std 0.217  lr 1.0e-04  fps   8790   375.9s
it 1208/4000  reward     nan  ep_len    nan  fell    0  err_xy 0.047  std 0.217  lr 1.0e-04  fps   8869   376.2s
it 1209/4000  reward     nan  ep_len    nan  fell    0  err_xy 0.044  std 0.217  lr 1.0e-04  fps   8791   376.5s
it 1210/4000  reward     nan  ep_len    nan  fell    0  err_xy 0.045  std 0.217  lr 1.0e-04  fps   8780   376.7s
it 1211/4000  reward     nan  ep_len    nan  fell    0  err_xy 0.046  std 0.217  lr 1.0e-04  fps   7996   377.0s
it 1212/4000  reward     nan  ep_len    nan  fell    0  err_xy 0.031  std 0.217  lr 1.0e-04  fps   7646   377.3s
it 1213/4000  reward     nan  ep_len    nan  fell    0  err_xy 0.025  std 0.217  lr 1.0e-04  fps   7417   377.6s
it 1214/4000  reward     nan  ep_len    nan  fell    0  err_xy 0.023  std 0.217  lr 1.0e-04  fps   8084   377.9s
it 1215/4000  reward     nan  ep_len    nan  fell    0  err_xy 0.027  std 0.217  lr 1.0e-04  fps   8230   378.2s
it 1216/4000  reward     nan  ep_len    nan  fell    0  err_xy 0.022  std 0.217  lr 1.0e-04  fps   7804   378.5s
it 1217/4000  reward     nan  ep_len    nan  fell    0  err_xy 0.021  std 0.217  lr 1.0e-04  fps   7786   378.8s
it 1218/4000  reward     nan  ep_len    nan  fell    0  err_xy 0.023  std 0.217  lr 1.0e-04  fps   8246   379.1s
it 1219/4000  reward     nan  ep_len    nan  fell    0  err_xy 0.027  std 0.217  lr 1.0e-04  fps   8180   379.4s
it 1220/4000  reward     nan  ep_len    nan  fell    0  err_xy 0.024  std 0.217  lr 1.0e-04  fps   8035   379.6s
it 1221/4000  reward     nan  ep_len    nan  fell    0  err_xy 0.024  std 0.216  lr 1.0e-04  fps   8094   379.9s
it 1222/4000  reward     nan  ep_len    nan  fell    0  err_xy 0.020  std 0.216  lr 1.0e-04  fps   7981   380.2s
it 1223/4000  reward     nan  ep_len    nan  fell    0  err_xy 0.023  std 0.216  lr 1.0e-04  fps   7614   380.5s
it 1224/4000  reward     nan  ep_len    nan  fell    0  err_xy 0.024  std 0.216  lr 1.0e-04  fps   7688   380.8s
it 1225/4000  reward     nan  ep_len    nan  fell    0  err_xy 0.025  std 0.216  lr 1.0e-04  fps   7776   381.1s
it 1226/4000  reward     nan  ep_len    nan  fell    0  err_xy 0.023  std 0.216  lr 1.0e-04  fps   7534   381.4s
it 1227/4000  reward     nan  ep_len    nan  fell    0  err_xy 0.027  std 0.216  lr 1.0e-04  fps   7742   381.7s
it 1228/4000  reward     nan  ep_len    nan  fell    0  err_xy 0.025  std 0.216  lr 1.0e-04  fps   8035   382.0s
it 1229/4000  reward     nan  ep_len    nan  fell    0  err_xy 0.026  std 0.216  lr 1.0e-04  fps   8441   382.3s
it 1230/4000  reward     nan  ep_len    nan  fell    0  err_xy 0.021  std 0.216  lr 1.0e-04  fps   7849   382.6s
it 1231/4000  reward     nan  ep_len    nan  fell    0  err_xy 0.019  std 0.217  lr 1.0e-04  fps   8149   382.9s
it 1232/4000  reward     nan  ep_len    nan  fell    0  err_xy 0.024  std 0.216  lr 1.0e-04  fps   7908   383.1s
it 1233/4000  reward     nan  ep_len    nan  fell    0  err_xy 0.035  std 0.216  lr 1.0e-04  fps   8340   383.4s
it 1234/4000  reward     nan  ep_len    nan  fell    0  err_xy 0.033  std 0.217  lr 1.0e-04  fps   8761   383.7s
it 1235/4000  reward  149.59  ep_len 1058.0  fell    0  err_xy 0.200  std 0.217  lr 1.0e-04  fps   6823   384.0s
it 1236/4000  reward     nan  ep_len    nan  fell    0  err_xy 0.275  std 0.217  lr 1.0e-04  fps   8770   384.3s
it 1237/4000  reward     nan  ep_len    nan  fell    0  err_xy 0.216  std 0.217  lr 1.0e-04  fps   8450   384.6s
it 1238/4000  reward     nan  ep_len    nan  fell    0  err_xy 0.213  std 0.217  lr 1.0e-04  fps   8290   384.8s
it 1239/4000  reward     nan  ep_len    nan  fell    0  err_xy 0.214  std 0.217  lr 1.0e-04  fps   8446   385.1s
it 1240/4000  reward     nan  ep_len    nan  fell    0  err_xy 0.217  std 0.217  lr 1.0e-04  fps   8071   385.4s
it 1241/4000  reward     nan  ep_len    nan  fell    0  err_xy 0.187  std 0.217  lr 1.0e-04  fps   7788   385.7s
it 1242/4000  reward     nan  ep_len    nan  fell    0  err_xy 0.163  std 0.217  lr 1.0e-04  fps   8304   386.0s
it 1243/4000  reward     nan  ep_len    nan  fell    0  err_xy 0.143  std 0.217  lr 1.0e-04  fps   7843   386.3s
it 1244/4000  reward     nan  ep_len    nan  fell    0  err_xy 0.136  std 0.217  lr 1.0e-04  fps   7985   386.6s
it 1245/4000  reward     nan  ep_len    nan  fell    0  err_xy 0.117  std 0.217  lr 1.0e-04  fps   8117   386.8s
it 1246/4000  reward     nan  ep_len    nan  fell    0  err_xy 0.111  std 0.217  lr 1.0e-04  fps   8109   387.1s
it 1247/4000  reward     nan  ep_len    nan  fell    0  err_xy 0.101  std 0.217  lr 1.0e-04  fps   7713   387.4s
it 1248/4000  reward     nan  ep_len    nan  fell    0  err_xy 0.078  std 0.217  lr 1.0e-04  fps   7615   387.7s
it 1249/4000  reward     nan  ep_len    nan  fell    0  err_xy 0.073  std 0.217  lr 1.0e-04  fps   7770   388.0s
it 1250/4000  reward     nan  ep_len    nan  fell    0  err_xy 0.072  std 0.217  lr 1.0e-04  fps   7629   388.3s
it 1251/4000  reward     nan  ep_len    nan  fell    0  err_xy 0.060  std 0.217  lr 1.0e-04  fps   8025   388.6s
it 1252/4000  reward     nan  ep_len    nan  fell    0  err_xy 0.063  std 0.217  lr 1.0e-04  fps   7956   388.9s
it 1253/4000  reward     nan  ep_len    nan  fell    0  err_xy 0.046  std 0.217  lr 1.0e-04  fps   7946   389.2s
it 1254/4000  reward     nan  ep_len    nan  fell    0  err_xy 0.032  std 0.217  lr 1.0e-04  fps   8367   389.5s
it 1255/4000  reward     nan  ep_len    nan  fell    0  err_xy 0.035  std 0.217  lr 1.0e-04  fps   8771   389.7s
it 1256/4000  reward     nan  ep_len    nan  fell    0  err_xy 0.034  std 0.217  lr 1.0e-04  fps   8757   390.0s
it 1257/4000  reward     nan  ep_len    nan  fell    0  err_xy 0.035  std 0.217  lr 1.0e-04  fps   8679   390.3s
it 1258/4000  reward     nan  ep_len    nan  fell    0  err_xy 0.029  std 0.217  lr 1.0e-04  fps   8636   390.5s
it 1259/4000  reward     nan  ep_len    nan  fell    0  err_xy 0.036  std 0.217  lr 1.0e-04  fps   8629   390.8s
it 1260/4000  reward     nan  ep_len    nan  fell    0  err_xy 0.033  std 0.217  lr 1.0e-04  fps   8650   391.1s
it 1261/4000  reward     nan  ep_len    nan  fell    0  err_xy 0.028  std 0.217  lr 1.0e-04  fps   8683   391.3s
it 1262/4000  reward     nan  ep_len    nan  fell    0  err_xy 0.032  std 0.217  lr 1.0e-04  fps   8661   391.6s
it 1263/4000  reward     nan  ep_len    nan  fell    0  err_xy 0.028  std 0.217  lr 1.0e-04  fps   8660   391.9s
it 1264/4000  reward     nan  ep_len    nan  fell    0  err_xy 0.022  std 0.217  lr 1.0e-04  fps   8637   392.1s
it 1265/4000  reward     nan  ep_len    nan  fell    0  err_xy 0.026  std 0.217  lr 1.0e-04  fps   8626   392.4s
it 1266/4000  reward     nan  ep_len    nan  fell    0  err_xy 0.028  std 0.217  lr 1.0e-04  fps   8427   392.7s
it 1267/4000  reward     nan  ep_len    nan  fell    0  err_xy 0.020  std 0.217  lr 1.0e-04  fps   8575   392.9s
it 1268/4000  reward     nan  ep_len    nan  fell    0  err_xy 0.018  std 0.217  lr 1.0e-04  fps   8473   393.2s
it 1269/4000  reward     nan  ep_len    nan  fell    0  err_xy 0.017  std 0.217  lr 1.0e-04  fps   8464   393.5s
it 1270/4000  reward     nan  ep_len    nan  fell    0  err_xy 0.015  std 0.217  lr 1.0e-04  fps   8448   393.8s
it 1271/4000  reward     nan  ep_len    nan  fell    0  err_xy 0.024  std 0.217  lr 1.0e-04  fps   8465   394.0s
it 1272/4000  reward     nan  ep_len    nan  fell    0  err_xy 0.035  std 0.217  lr 1.0e-04  fps   8453   394.3s
it 1273/4000  reward     nan  ep_len    nan  fell    0  err_xy 0.046  std 0.217  lr 1.0e-04  fps   8461   394.6s
it 1274/4000  reward     nan  ep_len    nan  fell    0  err_xy 0.048  std 0.217  lr 1.0e-04  fps   8519   394.8s
it 1275/4000  reward     nan  ep_len    nan  fell    0  err_xy 0.056  std 0.217  lr 1.0e-04  fps   8513   395.1s
it 1276/4000  reward     nan  ep_len    nan  fell    0  err_xy 0.063  std 0.217  lr 1.0e-04  fps   8490   395.4s
it 1277/4000  reward     nan  ep_len    nan  fell    0  err_xy 0.048  std 0.217  lr 1.0e-04  fps   8590   395.7s
it 1278/4000  reward     nan  ep_len    nan  fell    0  err_xy 0.051  std 0.217  lr 1.0e-04  fps   8552   395.9s
it 1279/4000  reward  146.76  ep_len 1058.0  fell    0  err_xy 0.161  std 0.217  lr 1.0e-04  fps   7097   396.3s
it 1280/4000  reward     nan  ep_len    nan  fell    0  err_xy 0.241  std 0.217  lr 1.0e-04  fps   8830   396.5s
it 1281/4000  reward     nan  ep_len    nan  fell    0  err_xy 0.189  std 0.217  lr 1.0e-04  fps   8444   396.8s
it 1282/4000  reward     nan  ep_len    nan  fell    0  err_xy 0.185  std 0.217  lr 1.0e-04  fps   8070   397.1s
it 1283/4000  reward     nan  ep_len    nan  fell    0  err_xy 0.179  std 0.217  lr 1.0e-04  fps   7603   397.4s
it 1284/4000  reward     nan  ep_len    nan  fell    0  err_xy 0.197  std 0.217  lr 1.0e-04  fps   7983   397.7s
it 1285/4000  reward     nan  ep_len    nan  fell    0  err_xy 0.191  std 0.217  lr 1.0e-04  fps   7760   398.0s
it 1286/4000  reward     nan  ep_len    nan  fell    0  err_xy 0.177  std 0.217  lr 1.0e-04  fps   8201   398.2s
it 1287/4000  reward     nan  ep_len    nan  fell    0  err_xy 0.162  std 0.217  lr 1.0e-04  fps   8507   398.5s
it 1288/4000  reward     nan  ep_len    nan  fell    0  err_xy 0.155  std 0.217  lr 1.0e-04  fps   8690   398.8s
it 1289/4000  reward     nan  ep_len    nan  fell    0  err_xy 0.140  std 0.217  lr 1.0e-04  fps   8622   399.0s
it 1290/4000  reward     nan  ep_len    nan  fell    0  err_xy 0.122  std 0.217  lr 1.0e-04  fps   8651   399.3s
it 1291/4000  reward     nan  ep_len    nan  fell    0  err_xy 0.108  std 0.217  lr 1.0e-04  fps   8505   399.6s
it 1292/4000  reward     nan  ep_len    nan  fell    0  err_xy 0.090  std 0.217  lr 1.0e-04  fps   8635   399.9s
it 1293/4000  reward     nan  ep_len    nan  fell    0  err_xy 0.077  std 0.217  lr 1.0e-04  fps   8674   400.1s
it 1294/4000  reward     nan  ep_len    nan  fell    0  err_xy 0.070  std 0.217  lr 1.0e-04  fps   8021   400.4s
it 1295/4000  reward     nan  ep_len    nan  fell    0  err_xy 0.057  std 0.217  lr 1.0e-04  fps   8514   400.7s
it 1296/4000  reward     nan  ep_len    nan  fell    0  err_xy 0.049  std 0.217  lr 1.0e-04  fps   8578   400.9s
it 1297/4000  reward     nan  ep_len    nan  fell    0  err_xy 0.041  std 0.217  lr 1.0e-04  fps   8095   401.2s
it 1298/4000  reward     nan  ep_len    nan  fell    0  err_xy 0.034  std 0.217  lr 1.0e-04  fps   8445   401.5s
it 1299/4000  reward     nan  ep_len    nan  fell    0  err_xy 0.021  std 0.217  lr 1.0e-04  fps   8751   401.8s
it 1300/4000  reward     nan  ep_len    nan  fell    0  err_xy 0.016  std 0.217  lr 1.0e-04  fps   8501   402.0s
it 1301/4000  reward     nan  ep_len    nan  fell    0  err_xy 0.014  std 0.217  lr 1.0e-04  fps   8587   402.3s
it 1302/4000  reward     nan  ep_len    nan  fell    0  err_xy 0.016  std 0.217  lr 1.0e-04  fps   8701   402.6s
it 1303/4000  reward     nan  ep_len    nan  fell    0  err_xy 0.016  std 0.217  lr 1.0e-04  fps   8690   402.8s
it 1304/4000  reward     nan  ep_len    nan  fell    0  err_xy 0.014  std 0.217  lr 1.0e-04  fps   8610   403.1s
it 1305/4000  reward     nan  ep_len    nan  fell    0  err_xy 0.019  std 0.217  lr 1.0e-04  fps   8632   403.4s
it 1306/4000  reward     nan  ep_len    nan  fell    0  err_xy 0.015  std 0.217  lr 1.0e-04  fps   8535   403.6s
it 1307/4000  reward     nan  ep_len    nan  fell    0  err_xy 0.019  std 0.217  lr 1.0e-04  fps   8416   403.9s
it 1308/4000  reward     nan  ep_len    nan  fell    0  err_xy 0.018  std 0.217  lr 1.0e-04  fps   8433   404.2s
it 1309/4000  reward     nan  ep_len    nan  fell    0  err_xy 0.018  std 0.217  lr 1.0e-04  fps   8552   404.5s
it 1310/4000  reward     nan  ep_len    nan  fell    0  err_xy 0.019  std 0.217  lr 1.0e-04  fps   8607   404.7s
it 1311/4000  reward     nan  ep_len    nan  fell    0  err_xy 0.014  std 0.217  lr 1.0e-04  fps   8550   405.0s
it 1312/4000  reward     nan  ep_len    nan  fell    0  err_xy 0.011  std 0.217  lr 1.0e-04  fps   8629   405.3s
it 1313/4000  reward     nan  ep_len    nan  fell    0  err_xy 0.011  std 0.217  lr 1.0e-04  fps   8485   405.5s
it 1314/4000  reward     nan  ep_len    nan  fell    0  err_xy 0.010  std 0.217  lr 1.0e-04  fps   8243   405.8s
it 1315/4000  reward     nan  ep_len    nan  fell    0  err_xy 0.010  std 0.216  lr 1.0e-04  fps   7879   406.1s
it 1316/4000  reward     nan  ep_len    nan  fell    0  err_xy 0.011  std 0.216  lr 1.0e-04  fps   8384   406.4s
it 1317/4000  reward     nan  ep_len    nan  fell    0  err_xy 0.011  std 0.216  lr 1.0e-04  fps   8408   406.7s
it 1318/4000  reward     nan  ep_len    nan  fell    0  err_xy 0.011  std 0.216  lr 1.0e-04  fps   8552   406.9s
it 1319/4000  reward     nan  ep_len    nan  fell    0  err_xy 0.011  std 0.216  lr 1.0e-04  fps   8589   407.2s
it 1320/4000  reward     nan  ep_len    nan  fell    0  err_xy 0.010  std 0.216  lr 1.0e-04  fps   8607   407.5s
it 1321/4000  reward     nan  ep_len    nan  fell    0  err_xy 0.010  std 0.216  lr 1.0e-04  fps   8665   407.7s
it 1322/4000  reward     nan  ep_len    nan  fell    0  err_xy 0.010  std 0.216  lr 1.0e-04  fps   8694   408.0s
it 1323/4000  reward  153.21  ep_len 1058.0  fell    0  err_xy 0.110  std 0.216  lr 1.0e-04  fps   7086   408.3s
it 1324/4000  reward     nan  ep_len    nan  fell    0  err_xy 0.222  std 0.216  lr 1.0e-04  fps   8950   408.6s
it 1325/4000  reward     nan  ep_len    nan  fell    0  err_xy 0.184  std 0.216  lr 1.0e-04  fps   8930   408.8s
it 1326/4000  reward     nan  ep_len    nan  fell    0  err_xy 0.192  std 0.216  lr 1.0e-04  fps   9011   409.1s
it 1327/4000  reward     nan  ep_len    nan  fell    0  err_xy 0.200  std 0.216  lr 1.0e-04  fps   8665   409.4s
it 1328/4000  reward     nan  ep_len    nan  fell    0  err_xy 0.200  std 0.216  lr 1.0e-04  fps   8366   409.6s
it 1329/4000  reward     nan  ep_len    nan  fell    0  err_xy 0.189  std 0.216  lr 1.0e-04  fps   8824   409.9s
it 1330/4000  reward     nan  ep_len    nan  fell    0  err_xy 0.169  std 0.216  lr 1.0e-04  fps   8468   410.2s
it 1331/4000  reward     nan  ep_len    nan  fell    0  err_xy 0.156  std 0.216  lr 1.0e-04  fps   8228   410.5s
it 1332/4000  reward     nan  ep_len    nan  fell    0  err_xy 0.133  std 0.216  lr 1.0e-04  fps   8532   410.7s
it 1333/4000  reward     nan  ep_len    nan  fell    0  err_xy 0.115  std 0.216  lr 1.0e-04  fps   8543   411.0s
it 1334/4000  reward     nan  ep_len    nan  fell    0  err_xy 0.087  std 0.216  lr 1.0e-04  fps   8555   411.3s
it 1335/4000  reward     nan  ep_len    nan  fell    0  err_xy 0.056  std 0.216  lr 1.0e-04  fps   8605   411.5s
it 1336/4000  reward     nan  ep_len    nan  fell    0  err_xy 0.041  std 0.216  lr 1.0e-04  fps   8573   411.8s
it 1337/4000  reward     nan  ep_len    nan  fell    0  err_xy 0.031  std 0.216  lr 1.0e-04  fps   8644   412.1s
it 1338/4000  reward     nan  ep_len    nan  fell    0  err_xy 0.032  std 0.217  lr 1.0e-04  fps   8577   412.3s
it 1339/4000  reward     nan  ep_len    nan  fell    0  err_xy 0.026  std 0.217  lr 1.0e-04  fps   8325   412.6s
it 1340/4000  reward     nan  ep_len    nan  fell    0  err_xy 0.026  std 0.217  lr 1.0e-04  fps   8463   412.9s
it 1341/4000  reward     nan  ep_len    nan  fell    0  err_xy 0.024  std 0.217  lr 1.0e-04  fps   8468   413.2s
it 1342/4000  reward     nan  ep_len    nan  fell    0  err_xy 0.019  std 0.217  lr 1.0e-04  fps   8437   413.4s
it 1343/4000  reward     nan  ep_len    nan  fell    0  err_xy 0.024  std 0.217  lr 1.0e-04  fps   7624   413.7s
it 1344/4000  reward     nan  ep_len    nan  fell    0  err_xy 0.017  std 0.217  lr 1.0e-04  fps   8524   414.0s
it 1345/4000  reward     nan  ep_len    nan  fell    0  err_xy 0.020  std 0.217  lr 1.0e-04  fps   8586   414.3s
it 1346/4000  reward     nan  ep_len    nan  fell    0  err_xy 0.017  std 0.217  lr 1.0e-04  fps   7627   414.6s
it 1347/4000  reward     nan  ep_len    nan  fell    0  err_xy 0.012  std 0.217  lr 1.0e-04  fps   8051   414.9s
it 1348/4000  reward     nan  ep_len    nan  fell    0  err_xy 0.011  std 0.217  lr 1.0e-04  fps   7328   415.2s
it 1349/4000  reward     nan  ep_len    nan  fell    0  err_xy 0.011  std 0.217  lr 1.0e-04  fps   6672   415.5s
it 1350/4000  reward     nan  ep_len    nan  fell    0  err_xy 0.013  std 0.217  lr 1.0e-04  fps   7149   415.8s
it 1351/4000  reward     nan  ep_len    nan  fell    0  err_xy 0.019  std 0.217  lr 1.0e-04  fps   7736   416.1s
it 1352/4000  reward     nan  ep_len    nan  fell    0  err_xy 0.027  std 0.217  lr 1.0e-04  fps   7899   416.4s
it 1353/4000  reward     nan  ep_len    nan  fell    0  err_xy 0.029  std 0.217  lr 1.0e-04  fps   8291   416.7s
it 1354/4000  reward     nan  ep_len    nan  fell    0  err_xy 0.023  std 0.217  lr 1.0e-04  fps   8268   417.0s
it 1355/4000  reward     nan  ep_len    nan  fell    0  err_xy 0.019  std 0.217  lr 1.0e-04  fps   7897   417.3s
it 1356/4000  reward     nan  ep_len    nan  fell    0  err_xy 0.018  std 0.217  lr 1.0e-04  fps   7629   417.6s
it 1357/4000  reward     nan  ep_len    nan  fell    0  err_xy 0.021  std 0.217  lr 1.0e-04  fps   7542   417.9s
it 1358/4000  reward     nan  ep_len    nan  fell    0  err_xy 0.019  std 0.217  lr 1.0e-04  fps   7251   418.2s
it 1359/4000  reward     nan  ep_len    nan  fell    0  err_xy 0.016  std 0.217  lr 1.0e-04  fps   7581   418.5s
it 1360/4000  reward     nan  ep_len    nan  fell    0  err_xy 0.013  std 0.217  lr 1.0e-04  fps   7651   418.8s
it 1361/4000  reward     nan  ep_len    nan  fell    0  err_xy 0.014  std 0.217  lr 1.0e-04  fps   7237   419.1s
it 1362/4000  reward     nan  ep_len    nan  fell    0  err_xy 0.011  std 0.217  lr 1.0e-04  fps   7062   419.5s
it 1363/4000  reward     nan  ep_len    nan  fell    0  err_xy 0.011  std 0.217  lr 1.0e-04  fps   7053   419.8s
it 1364/4000  reward     nan  ep_len    nan  fell    0  err_xy 0.011  std 0.216  lr 1.0e-04  fps   7330   420.1s
it 1365/4000  reward     nan  ep_len    nan  fell    0  err_xy 0.011  std 0.216  lr 1.0e-04  fps   8086   420.4s
it 1366/4000  reward     nan  ep_len    nan  fell    0  err_xy 0.011  std 0.216  lr 1.0e-04  fps   7981   420.7s
it 1367/4000  reward  154.63  ep_len 1058.0  fell    0  err_xy 0.104  std 0.216  lr 1.0e-04  fps   6778   421.0s
it 1368/4000  reward     nan  ep_len    nan  fell    0  err_xy 0.271  std 0.216  lr 1.0e-04  fps   8510   421.3s
it 1369/4000  reward     nan  ep_len    nan  fell    0  err_xy 0.202  std 0.216  lr 1.0e-04  fps   8636   421.6s
it 1370/4000  reward     nan  ep_len    nan  fell    0  err_xy 0.213  std 0.216  lr 1.0e-04  fps   8705   421.8s
it 1371/4000  reward     nan  ep_len    nan  fell    0  err_xy 0.194  std 0.216  lr 1.0e-04  fps   8753   422.1s
it 1372/4000  reward     nan  ep_len    nan  fell    0  err_xy 0.194  std 0.217  lr 1.0e-04  fps   8474   422.4s
it 1373/4000  reward     nan  ep_len    nan  fell    0  err_xy 0.188  std 0.217  lr 1.0e-04  fps   8314   422.6s
it 1374/4000  reward     nan  ep_len    nan  fell    0  err_xy 0.170  std 0.217  lr 1.0e-04  fps   8396   422.9s
it 1375/4000  reward     nan  ep_len    nan  fell    0  err_xy 0.149  std 0.217  lr 1.0e-04  fps   8345   423.2s
it 1376/4000  reward     nan  ep_len    nan  fell    0  err_xy 0.142  std 0.217  lr 1.0e-04  fps   7531   423.5s
it 1377/4000  reward     nan  ep_len    nan  fell    0  err_xy 0.114  std 0.217  lr 1.0e-04  fps   7899   423.8s
it 1378/4000  reward     nan  ep_len    nan  fell    0  err_xy 0.089  std 0.217  lr 1.0e-04  fps   7809   424.1s
it 1379/4000  reward     nan  ep_len    nan  fell    0  err_xy 0.090  std 0.217  lr 1.0e-04  fps   7070   424.4s
it 1380/4000  reward     nan  ep_len    nan  fell    0  err_xy 0.079  std 0.217  lr 1.0e-04  fps   7387   424.7s
it 1381/4000  reward     nan  ep_len    nan  fell    0  err_xy 0.073  std 0.217  lr 1.0e-04  fps   7449   425.0s
it 1382/4000  reward     nan  ep_len    nan  fell    0  err_xy 0.067  std 0.217  lr 1.0e-04  fps   8171   425.3s
it 1383/4000  reward     nan  ep_len    nan  fell    0  err_xy 0.057  std 0.217  lr 1.0e-04  fps   8361   425.6s
it 1384/4000  reward     nan  ep_len    nan  fell    0  err_xy 0.045  std 0.217  lr 1.0e-04  fps   8345   425.9s
it 1385/4000  reward     nan  ep_len    nan  fell    0  err_xy 0.031  std 0.217  lr 1.0e-04  fps   8253   426.1s
it 1386/4000  reward     nan  ep_len    nan  fell    0  err_xy 0.025  std 0.217  lr 1.0e-04  fps   7294   426.5s
it 1387/4000  reward     nan  ep_len    nan  fell    0  err_xy 0.037  std 0.217  lr 1.0e-04  fps   8294   426.7s
it 1388/4000  reward     nan  ep_len    nan  fell    0  err_xy 0.029  std 0.217  lr 1.0e-04  fps   7367   427.0s
it 1389/4000  reward     nan  ep_len    nan  fell    0  err_xy 0.026  std 0.217  lr 1.0e-04  fps   7046   427.4s
it 1390/4000  reward     nan  ep_len    nan  fell    0  err_xy 0.026  std 0.217  lr 1.0e-04  fps   7456   427.7s
it 1391/4000  reward     nan  ep_len    nan  fell    0  err_xy 0.022  std 0.217  lr 1.0e-04  fps   7888   428.0s
it 1392/4000  reward     nan  ep_len    nan  fell    0  err_xy 0.020  std 0.217  lr 1.0e-04  fps   8152   428.3s
it 1393/4000  reward     nan  ep_len    nan  fell    0  err_xy 0.017  std 0.217  lr 1.0e-04  fps   8207   428.5s
it 1394/4000  reward     nan  ep_len    nan  fell    0  err_xy 0.016  std 0.217  lr 1.0e-04  fps   8222   428.8s
it 1395/4000  reward     nan  ep_len    nan  fell    0  err_xy 0.016  std 0.217  lr 1.0e-04  fps   8215   429.1s
it 1396/4000  reward     nan  ep_len    nan  fell    0  err_xy 0.013  std 0.217  lr 1.0e-04  fps   7933   429.4s
it 1397/4000  reward     nan  ep_len    nan  fell    0  err_xy 0.011  std 0.217  lr 1.0e-04  fps   7468   429.7s
it 1398/4000  reward     nan  ep_len    nan  fell    0  err_xy 0.011  std 0.216  lr 1.0e-04  fps   7200   430.0s
it 1399/4000  reward     nan  ep_len    nan  fell    0  err_xy 0.011  std 0.216  lr 1.0e-04  fps   7070   430.3s
it 1400/4000  reward     nan  ep_len    nan  fell    0  err_xy 0.013  std 0.216  lr 1.0e-04  fps   7362   430.7s
eval iteration 1400:
  prone          success   0.0%  time 21.16s  peak_τ 0.96 Nm  return 170.00
  supine         success   0.0%  time 21.16s  peak_τ 0.95 Nm  return 169.52
  score 0.000
it 1401/4000  reward     nan  ep_len    nan  fell    0  err_xy 0.013  std 0.216  lr 1.0e-04  fps   8588   435.7s
it 1402/4000  reward     nan  ep_len    nan  fell    0  err_xy 0.010  std 0.216  lr 1.0e-04  fps   8609   435.9s
it 1403/4000  reward     nan  ep_len    nan  fell    0  err_xy 0.012  std 0.216  lr 1.0e-04  fps   8619   436.2s
it 1404/4000  reward     nan  ep_len    nan  fell    0  err_xy 0.012  std 0.216  lr 1.0e-04  fps   7816   436.5s
it 1405/4000  reward     nan  ep_len    nan  fell    0  err_xy 0.011  std 0.216  lr 1.0e-04  fps   8457   436.8s
it 1406/4000  reward     nan  ep_len    nan  fell    0  err_xy 0.011  std 0.216  lr 1.0e-04  fps   7894   437.1s
it 1407/4000  reward     nan  ep_len    nan  fell    0  err_xy 0.011  std 0.216  lr 1.0e-04  fps   8628   437.3s
it 1408/4000  reward     nan  ep_len    nan  fell    0  err_xy 0.011  std 0.216  lr 1.0e-04  fps   8661   437.6s
it 1409/4000  reward     nan  ep_len    nan  fell    0  err_xy 0.011  std 0.216  lr 1.0e-04  fps   8764   437.8s
it 1410/4000  reward     nan  ep_len    nan  fell    0  err_xy 0.015  std 0.216  lr 1.0e-04  fps   8852   438.1s
it 1411/4000  reward  148.77  ep_len 1058.0  fell    0  err_xy 0.077  std 0.216  lr 1.0e-04  fps   6731   438.5s
it 1412/4000  reward     nan  ep_len    nan  fell    0  err_xy 0.262  std 0.216  lr 1.0e-04  fps   8443   438.7s
it 1413/4000  reward     nan  ep_len    nan  fell    0  err_xy 0.198  std 0.216  lr 1.0e-04  fps   8169   439.0s
it 1414/4000  reward     nan  ep_len    nan  fell    0  err_xy 0.199  std 0.216  lr 1.0e-04  fps   8525   439.3s
it 1415/4000  reward     nan  ep_len    nan  fell    0  err_xy 0.185  std 0.216  lr 1.0e-04  fps   8872   439.5s
it 1416/4000  reward     nan  ep_len    nan  fell    0  err_xy 0.178  std 0.216  lr 1.0e-04  fps   8967   439.8s
it 1417/4000  reward     nan  ep_len    nan  fell    0  err_xy 0.170  std 0.216  lr 1.0e-04  fps   8899   440.1s
it 1418/4000  reward     nan  ep_len    nan  fell    0  err_xy 0.162  std 0.216  lr 1.0e-04  fps   8805   440.3s
it 1419/4000  reward     nan  ep_len    nan  fell    0  err_xy 0.131  std 0.216  lr 1.0e-04  fps   7811   440.6s
it 1420/4000  reward     nan  ep_len    nan  fell    0  err_xy 0.111  std 0.216  lr 1.0e-04  fps   7946   440.9s
it 1421/4000  reward     nan  ep_len    nan  fell    0  err_xy 0.124  std 0.216  lr 1.0e-04  fps   8236   441.2s
it 1422/4000  reward     nan  ep_len    nan  fell    0  err_xy 0.107  std 0.216  lr 1.0e-04  fps   7852   441.5s
it 1423/4000  reward     nan  ep_len    nan  fell    0  err_xy 0.095  std 0.216  lr 1.0e-04  fps   7990   441.8s
it 1424/4000  reward     nan  ep_len    nan  fell    0  err_xy 0.072  std 0.216  lr 1.0e-04  fps   8014   442.1s
it 1425/4000  reward     nan  ep_len    nan  fell    0  err_xy 0.053  std 0.216  lr 1.0e-04  fps   7856   442.3s
it 1426/4000  reward     nan  ep_len    nan  fell    0  err_xy 0.041  std 0.216  lr 1.0e-04  fps   8514   442.6s
it 1427/4000  reward     nan  ep_len    nan  fell    0  err_xy 0.038  std 0.216  lr 1.0e-04  fps   8611   442.9s
it 1428/4000  reward     nan  ep_len    nan  fell    0  err_xy 0.025  std 0.216  lr 1.0e-04  fps   8346   443.2s
it 1429/4000  reward     nan  ep_len    nan  fell    0  err_xy 0.027  std 0.216  lr 1.0e-04  fps   8483   443.4s
it 1430/4000  reward     nan  ep_len    nan  fell    0  err_xy 0.021  std 0.216  lr 1.0e-04  fps   8701   443.7s
it 1431/4000  reward     nan  ep_len    nan  fell    0  err_xy 0.016  std 0.216  lr 1.0e-04  fps   8183   444.0s
it 1432/4000  reward     nan  ep_len    nan  fell    0  err_xy 0.013  std 0.216  lr 1.0e-04  fps   7855   444.3s
it 1433/4000  reward     nan  ep_len    nan  fell    0  err_xy 0.012  std 0.216  lr 1.0e-04  fps   7716   444.6s
it 1434/4000  reward     nan  ep_len    nan  fell    0  err_xy 0.010  std 0.216  lr 1.0e-04  fps   7917   444.9s
it 1435/4000  reward     nan  ep_len    nan  fell    0  err_xy 0.010  std 0.216  lr 1.0e-04  fps   8300   445.1s
it 1436/4000  reward     nan  ep_len    nan  fell    0  err_xy 0.010  std 0.216  lr 1.0e-04  fps   8476   445.4s
it 1437/4000  reward     nan  ep_len    nan  fell    0  err_xy 0.011  std 0.216  lr 1.0e-04  fps   8524   445.7s
it 1438/4000  reward     nan  ep_len    nan  fell    0  err_xy 0.011  std 0.216  lr 1.0e-04  fps   8549   446.0s
it 1439/4000  reward     nan  ep_len    nan  fell    0  err_xy 0.011  std 0.216  lr 1.0e-04  fps   8498   446.2s
it 1440/4000  reward     nan  ep_len    nan  fell    0  err_xy 0.010  std 0.216  lr 1.0e-04  fps   8576   446.5s
it 1441/4000  reward     nan  ep_len    nan  fell    0  err_xy 0.010  std 0.216  lr 1.0e-04  fps   8439   446.8s
it 1442/4000  reward     nan  ep_len    nan  fell    0  err_xy 0.011  std 0.216  lr 1.0e-04  fps   8431   447.0s
it 1443/4000  reward     nan  ep_len    nan  fell    0  err_xy 0.012  std 0.217  lr 1.0e-04  fps   7785   447.3s
it 1444/4000  reward     nan  ep_len    nan  fell    0  err_xy 0.012  std 0.217  lr 1.0e-04  fps   8469   447.6s
it 1445/4000  reward     nan  ep_len    nan  fell    0  err_xy 0.011  std 0.217  lr 1.0e-04  fps   8422   447.9s
it 1446/4000  reward     nan  ep_len    nan  fell    0  err_xy 0.012  std 0.217  lr 1.0e-04  fps   8435   448.2s
it 1447/4000  reward     nan  ep_len    nan  fell    0  err_xy 0.011  std 0.216  lr 1.0e-04  fps   8348   448.4s
it 1448/4000  reward     nan  ep_len    nan  fell    0  err_xy 0.012  std 0.217  lr 1.0e-04  fps   8411   448.7s
it 1449/4000  reward     nan  ep_len    nan  fell    0  err_xy 0.012  std 0.217  lr 1.0e-04  fps   8378   449.0s
it 1450/4000  reward     nan  ep_len    nan  fell    0  err_xy 0.011  std 0.217  lr 1.0e-04  fps   8335   449.3s
it 1451/4000  reward     nan  ep_len    nan  fell    0  err_xy 0.011  std 0.217  lr 1.0e-04  fps   8430   449.5s
it 1452/4000  reward     nan  ep_len    nan  fell    0  err_xy 0.012  std 0.217  lr 1.0e-04  fps   8509   449.8s
it 1453/4000  reward     nan  ep_len    nan  fell    0  err_xy 0.011  std 0.217  lr 1.0e-04  fps   8417   450.1s
it 1454/4000  reward     nan  ep_len    nan  fell    0  err_xy 0.012  std 0.216  lr 1.0e-04  fps   7748   450.4s
it 1455/4000  reward  155.48  ep_len 1058.0  fell    0  err_xy 0.053  std 0.216  lr 1.0e-04  fps   6882   450.7s
it 1456/4000  reward     nan  ep_len    nan  fell    0  err_xy 0.252  std 0.216  lr 1.0e-04  fps   8849   451.0s
it 1457/4000  reward     nan  ep_len    nan  fell    0  err_xy 0.162  std 0.216  lr 1.0e-04  fps   8947   451.2s
it 1458/4000  reward     nan  ep_len    nan  fell    0  err_xy 0.180  std 0.217  lr 1.0e-04  fps   8823   451.5s
it 1459/4000  reward     nan  ep_len    nan  fell    0  err_xy 0.156  std 0.217  lr 1.0e-04  fps   8836   451.8s
it 1460/4000  reward     nan  ep_len    nan  fell    0  err_xy 0.174  std 0.217  lr 1.0e-04  fps   8837   452.0s
it 1461/4000  reward     nan  ep_len    nan  fell    0  err_xy 0.186  std 0.217  lr 1.0e-04  fps   8771   452.3s
it 1462/4000  reward     nan  ep_len    nan  fell    0  err_xy 0.175  std 0.217  lr 1.0e-04  fps   8767   452.5s
it 1463/4000  reward     nan  ep_len    nan  fell    0  err_xy 0.152  std 0.217  lr 1.0e-04  fps   8774   452.8s
it 1464/4000  reward     nan  ep_len    nan  fell    0  err_xy 0.135  std 0.217  lr 1.0e-04  fps   8741   453.1s
it 1465/4000  reward     nan  ep_len    nan  fell    0  err_xy 0.117  std 0.217  lr 1.0e-04  fps   8555   453.3s
it 1466/4000  reward     nan  ep_len    nan  fell    0  err_xy 0.097  std 0.217  lr 1.0e-04  fps   8496   453.6s
it 1467/4000  reward     nan  ep_len    nan  fell    0  err_xy 0.091  std 0.217  lr 1.0e-04  fps   8576   453.9s
it 1468/4000  reward     nan  ep_len    nan  fell    0  err_xy 0.079  std 0.217  lr 1.0e-04  fps   8498   454.1s
it 1469/4000  reward     nan  ep_len    nan  fell    0  err_xy 0.073  std 0.217  lr 1.0e-04  fps   8396   454.4s
it 1470/4000  reward     nan  ep_len    nan  fell    0  err_xy 0.060  std 0.217  lr 1.0e-04  fps   8251   454.7s
it 1471/4000  reward     nan  ep_len    nan  fell    0  err_xy 0.046  std 0.217  lr 1.0e-04  fps   8488   455.0s
it 1472/4000  reward     nan  ep_len    nan  fell    0  err_xy 0.039  std 0.217  lr 1.0e-04  fps   8558   455.2s
it 1473/4000  reward     nan  ep_len    nan  fell    0  err_xy 0.043  std 0.217  lr 1.0e-04  fps   8519   455.5s
it 1474/4000  reward     nan  ep_len    nan  fell    0  err_xy 0.031  std 0.217  lr 1.0e-04  fps   8545   455.8s
it 1475/4000  reward     nan  ep_len    nan  fell    0  err_xy 0.027  std 0.217  lr 1.0e-04  fps   8557   456.1s
it 1476/4000  reward     nan  ep_len    nan  fell    0  err_xy 0.030  std 0.217  lr 1.0e-04  fps   8512   456.3s
it 1477/4000  reward     nan  ep_len    nan  fell    0  err_xy 0.024  std 0.217  lr 1.0e-04  fps   8507   456.6s
it 1478/4000  reward     nan  ep_len    nan  fell    0  err_xy 0.021  std 0.217  lr 1.0e-04  fps   8554   456.9s
it 1479/4000  reward     nan  ep_len    nan  fell    0  err_xy 0.020  std 0.217  lr 1.0e-04  fps   8538   457.1s
it 1480/4000  reward     nan  ep_len    nan  fell    0  err_xy 0.021  std 0.217  lr 1.0e-04  fps   8456   457.4s
it 1481/4000  reward     nan  ep_len    nan  fell    0  err_xy 0.017  std 0.217  lr 1.0e-04  fps   8460   457.7s
it 1482/4000  reward     nan  ep_len    nan  fell    0  err_xy 0.018  std 0.216  lr 1.0e-04  fps   8437   458.0s
it 1483/4000  reward     nan  ep_len    nan  fell    0  err_xy 0.015  std 0.216  lr 1.0e-04  fps   8164   458.2s
it 1484/4000  reward     nan  ep_len    nan  fell    0  err_xy 0.014  std 0.217  lr 1.0e-04  fps   8070   458.5s
it 1485/4000  reward     nan  ep_len    nan  fell    0  err_xy 0.017  std 0.217  lr 1.0e-04  fps   8085   458.8s
it 1486/4000  reward     nan  ep_len    nan  fell    0  err_xy 0.015  std 0.216  lr 1.0e-04  fps   8140   459.1s
it 1487/4000  reward     nan  ep_len    nan  fell    0  err_xy 0.015  std 0.216  lr 1.0e-04  fps   8247   459.4s
it 1488/4000  reward     nan  ep_len    nan  fell    0  err_xy 0.022  std 0.216  lr 1.0e-04  fps   7705   459.7s
it 1489/4000  reward     nan  ep_len    nan  fell    0  err_xy 0.016  std 0.216  lr 1.0e-04  fps   7356   460.0s
it 1490/4000  reward     nan  ep_len    nan  fell    0  err_xy 0.020  std 0.216  lr 1.0e-04  fps   7351   460.3s
it 1491/4000  reward     nan  ep_len    nan  fell    0  err_xy 0.018  std 0.216  lr 1.0e-04  fps   7626   460.6s
it 1492/4000  reward     nan  ep_len    nan  fell    0  err_xy 0.019  std 0.217  lr 1.0e-04  fps   7768   460.9s
it 1493/4000  reward     nan  ep_len    nan  fell    0  err_xy 0.017  std 0.217  lr 1.0e-04  fps   8104   461.2s
it 1494/4000  reward     nan  ep_len    nan  fell    0  err_xy 0.013  std 0.217  lr 1.0e-04  fps   8042   461.5s
it 1495/4000  reward     nan  ep_len    nan  fell    0  err_xy 0.014  std 0.217  lr 1.0e-04  fps   8226   461.7s
it 1496/4000  reward     nan  ep_len    nan  fell    0  err_xy 0.014  std 0.217  lr 1.0e-04  fps   6865   462.1s
it 1497/4000  reward     nan  ep_len    nan  fell    0  err_xy 0.015  std 0.217  lr 1.0e-04  fps   8177   462.4s
it 1498/4000  reward     nan  ep_len    nan  fell    0  err_xy 0.014  std 0.217  lr 1.0e-04  fps   7741   462.7s
it 1499/4000  reward  149.03  ep_len 1058.0  fell    0  err_xy 0.037  std 0.217  lr 1.0e-04  fps   5975   463.1s
it 1500/4000  reward     nan  ep_len    nan  fell    0  err_xy 0.273  std 0.217  lr 1.0e-04  fps   7602   463.4s
it 1501/4000  reward     nan  ep_len    nan  fell    0  err_xy 0.196  std 0.217  lr 1.0e-04  fps   8233   463.6s
it 1502/4000  reward     nan  ep_len    nan  fell    0  err_xy 0.207  std 0.217  lr 1.0e-04  fps   7612   463.9s
it 1503/4000  reward     nan  ep_len    nan  fell    0  err_xy 0.197  std 0.217  lr 1.0e-04  fps   7155   464.3s
it 1504/4000  reward     nan  ep_len    nan  fell    0  err_xy 0.204  std 0.217  lr 1.0e-04  fps   7739   464.6s
it 1505/4000  reward     nan  ep_len    nan  fell    0  err_xy 0.198  std 0.217  lr 1.0e-04  fps   8259   464.8s
it 1506/4000  reward     nan  ep_len    nan  fell    0  err_xy 0.180  std 0.217  lr 1.0e-04  fps   8293   465.1s
it 1507/4000  reward     nan  ep_len    nan  fell    0  err_xy 0.142  std 0.217  lr 1.0e-04  fps   8430   465.4s
it 1508/4000  reward     nan  ep_len    nan  fell    0  err_xy 0.132  std 0.217  lr 1.0e-04  fps   8364   465.7s
it 1509/4000  reward     nan  ep_len    nan  fell    0  err_xy 0.101  std 0.217  lr 1.0e-04  fps   8296   465.9s
it 1510/4000  reward     nan  ep_len    nan  fell    0  err_xy 0.082  std 0.217  lr 1.0e-04  fps   8269   466.2s
it 1511/4000  reward     nan  ep_len    nan  fell    0  err_xy 0.052  std 0.217  lr 1.0e-04  fps   8088   466.5s
it 1512/4000  reward     nan  ep_len    nan  fell    0  err_xy 0.044  std 0.217  lr 1.0e-04  fps   8008   466.8s
it 1513/4000  reward     nan  ep_len    nan  fell    0  err_xy 0.047  std 0.217  lr 1.0e-04  fps   7889   467.1s
it 1514/4000  reward     nan  ep_len    nan  fell    0  err_xy 0.040  std 0.217  lr 1.0e-04  fps   8109   467.4s
it 1515/4000  reward     nan  ep_len    nan  fell    0  err_xy 0.035  std 0.217  lr 1.0e-04  fps   7928   467.7s
it 1516/4000  reward     nan  ep_len    nan  fell    0  err_xy 0.033  std 0.217  lr 1.0e-04  fps   7628   468.0s
it 1517/4000  reward     nan  ep_len    nan  fell    0  err_xy 0.032  std 0.217  lr 1.0e-04  fps   7544   468.3s
it 1518/4000  reward     nan  ep_len    nan  fell    0  err_xy 0.029  std 0.217  lr 1.0e-04  fps   7212   468.6s
it 1519/4000  reward     nan  ep_len    nan  fell    0  err_xy 0.023  std 0.217  lr 1.0e-04  fps   7520   468.9s
it 1520/4000  reward     nan  ep_len    nan  fell    0  err_xy 0.025  std 0.217  lr 1.0e-04  fps   7445   469.2s
it 1521/4000  reward     nan  ep_len    nan  fell    0  err_xy 0.027  std 0.217  lr 1.0e-04  fps   7163   469.5s
it 1522/4000  reward     nan  ep_len    nan  fell    0  err_xy 0.022  std 0.217  lr 1.0e-04  fps   7228   469.8s
it 1523/4000  reward     nan  ep_len    nan  fell    0  err_xy 0.020  std 0.217  lr 1.0e-04  fps   7340   470.2s
it 1524/4000  reward     nan  ep_len    nan  fell    0  err_xy 0.019  std 0.217  lr 1.0e-04  fps   7867   470.5s
it 1525/4000  reward     nan  ep_len    nan  fell    0  err_xy 0.014  std 0.217  lr 1.0e-04  fps   7974   470.7s
it 1526/4000  reward     nan  ep_len    nan  fell    0  err_xy 0.017  std 0.217  lr 1.0e-04  fps   8268   471.0s
it 1527/4000  reward     nan  ep_len    nan  fell    0  err_xy 0.016  std 0.217  lr 1.0e-04  fps   8228   471.3s
it 1528/4000  reward     nan  ep_len    nan  fell    0  err_xy 0.015  std 0.217  lr 1.0e-04  fps   8341   471.6s
it 1529/4000  reward     nan  ep_len    nan  fell    0  err_xy 0.015  std 0.216  lr 1.0e-04  fps   8213   471.9s
it 1530/4000  reward     nan  ep_len    nan  fell    0  err_xy 0.017  std 0.217  lr 1.0e-04  fps   8400   472.1s
it 1531/4000  reward     nan  ep_len    nan  fell    0  err_xy 0.018  std 0.217  lr 1.0e-04  fps   8334   472.4s
it 1532/4000  reward     nan  ep_len    nan  fell    0  err_xy 0.020  std 0.217  lr 1.0e-04  fps   8321   472.7s
it 1533/4000  reward     nan  ep_len    nan  fell    0  err_xy 0.018  std 0.217  lr 1.0e-04  fps   8396   473.0s
it 1534/4000  reward     nan  ep_len    nan  fell    0  err_xy 0.019  std 0.217  lr 1.0e-04  fps   8402   473.2s
it 1535/4000  reward     nan  ep_len    nan  fell    0  err_xy 0.019  std 0.217  lr 1.0e-04  fps   8414   473.5s
it 1536/4000  reward     nan  ep_len    nan  fell    0  err_xy 0.018  std 0.217  lr 1.0e-04  fps   8420   473.8s
it 1537/4000  reward     nan  ep_len    nan  fell    0  err_xy 0.017  std 0.217  lr 1.0e-04  fps   8104   474.1s
it 1538/4000  reward     nan  ep_len    nan  fell    0  err_xy 0.018  std 0.217  lr 1.0e-04  fps   7560   474.4s
it 1539/4000  reward     nan  ep_len    nan  fell    0  err_xy 0.015  std 0.217  lr 1.0e-04  fps   8057   474.7s
it 1540/4000  reward     nan  ep_len    nan  fell    0  err_xy 0.015  std 0.217  lr 1.0e-04  fps   7904   475.0s
it 1541/4000  reward     nan  ep_len    nan  fell    0  err_xy 0.017  std 0.217  lr 1.0e-04  fps   8027   475.2s
it 1542/4000  reward     nan  ep_len    nan  fell    0  err_xy 0.019  std 0.217  lr 1.0e-04  fps   8425   475.5s
it 1543/4000  reward  154.16  ep_len 1058.0  fell    0  err_xy 0.027  std 0.217  lr 1.0e-04  fps   6897   475.9s
it 1544/4000  reward     nan  ep_len    nan  fell    0  err_xy 0.240  std 0.217  lr 1.0e-04  fps   8052   476.1s
it 1545/4000  reward     nan  ep_len    nan  fell    0  err_xy 0.200  std 0.217  lr 1.0e-04  fps   7443   476.4s
it 1546/4000  reward     nan  ep_len    nan  fell    0  err_xy 0.197  std 0.217  lr 1.0e-04  fps   8536   476.7s
it 1547/4000  reward     nan  ep_len    nan  fell    0  err_xy 0.182  std 0.217  lr 1.0e-04  fps   8380   477.0s
it 1548/4000  reward     nan  ep_len    nan  fell    0  err_xy 0.189  std 0.217  lr 1.0e-04  fps   8547   477.3s
it 1549/4000  reward     nan  ep_len    nan  fell    0  err_xy 0.211  std 0.217  lr 1.0e-04  fps   7739   477.6s
it 1550/4000  reward     nan  ep_len    nan  fell    0  err_xy 0.165  std 0.217  lr 1.0e-04  fps   6507   477.9s
it 1551/4000  reward     nan  ep_len    nan  fell    0  err_xy 0.146  std 0.217  lr 1.0e-04  fps   7192   478.2s
it 1552/4000  reward     nan  ep_len    nan  fell    0  err_xy 0.133  std 0.217  lr 1.0e-04  fps   7313   478.6s
it 1553/4000  reward     nan  ep_len    nan  fell    0  err_xy 0.116  std 0.217  lr 1.0e-04  fps   7311   478.9s
it 1554/4000  reward     nan  ep_len    nan  fell    0  err_xy 0.098  std 0.217  lr 1.0e-04  fps   7368   479.2s
it 1555/4000  reward     nan  ep_len    nan  fell    0  err_xy 0.080  std 0.217  lr 1.0e-04  fps   7791   479.5s
it 1556/4000  reward     nan  ep_len    nan  fell    0  err_xy 0.075  std 0.217  lr 1.0e-04  fps   7927   479.8s
it 1557/4000  reward     nan  ep_len    nan  fell    0  err_xy 0.075  std 0.217  lr 1.0e-04  fps   7952   480.1s
it 1558/4000  reward     nan  ep_len    nan  fell    0  err_xy 0.071  std 0.217  lr 1.0e-04  fps   8028   480.3s
it 1559/4000  reward     nan  ep_len    nan  fell    0  err_xy 0.061  std 0.217  lr 1.0e-04  fps   8040   480.6s
it 1560/4000  reward     nan  ep_len    nan  fell    0  err_xy 0.056  std 0.217  lr 1.0e-04  fps   8272   480.9s
it 1561/4000  reward     nan  ep_len    nan  fell    0  err_xy 0.046  std 0.217  lr 1.0e-04  fps   8266   481.2s
it 1562/4000  reward     nan  ep_len    nan  fell    0  err_xy 0.036  std 0.217  lr 1.0e-04  fps   8138   481.5s
it 1563/4000  reward     nan  ep_len    nan  fell    0  err_xy 0.030  std 0.217  lr 1.0e-04  fps   8214   481.8s
it 1564/4000  reward     nan  ep_len    nan  fell    0  err_xy 0.029  std 0.217  lr 1.0e-04  fps   8276   482.0s
it 1565/4000  reward     nan  ep_len    nan  fell    0  err_xy 0.026  std 0.217  lr 1.0e-04  fps   8219   482.3s
it 1566/4000  reward     nan  ep_len    nan  fell    0  err_xy 0.027  std 0.217  lr 1.0e-04  fps   8270   482.6s
it 1567/4000  reward     nan  ep_len    nan  fell    0  err_xy 0.024  std 0.217  lr 1.0e-04  fps   8218   482.9s
it 1568/4000  reward     nan  ep_len    nan  fell    0  err_xy 0.028  std 0.217  lr 1.0e-04  fps   8201   483.2s
it 1569/4000  reward     nan  ep_len    nan  fell    0  err_xy 0.028  std 0.217  lr 1.0e-04  fps   8095   483.4s
it 1570/4000  reward     nan  ep_len    nan  fell    0  err_xy 0.026  std 0.217  lr 1.0e-04  fps   8137   483.7s
it 1571/4000  reward     nan  ep_len    nan  fell    0  err_xy 0.025  std 0.217  lr 1.0e-04  fps   8182   484.0s
it 1572/4000  reward     nan  ep_len    nan  fell    0  err_xy 0.019  std 0.217  lr 1.0e-04  fps   8235   484.3s
it 1573/4000  reward     nan  ep_len    nan  fell    0  err_xy 0.022  std 0.217  lr 1.0e-04  fps   8285   484.6s
it 1574/4000  reward     nan  ep_len    nan  fell    0  err_xy 0.018  std 0.217  lr 1.0e-04  fps   8196   484.8s
it 1575/4000  reward     nan  ep_len    nan  fell    0  err_xy 0.015  std 0.217  lr 1.0e-04  fps   8282   485.1s
it 1576/4000  reward     nan  ep_len    nan  fell    0  err_xy 0.021  std 0.217  lr 1.0e-04  fps   7750   485.4s
it 1577/4000  reward     nan  ep_len    nan  fell    0  err_xy 0.018  std 0.217  lr 1.0e-04  fps   7857   485.7s
it 1578/4000  reward     nan  ep_len    nan  fell    0  err_xy 0.016  std 0.217  lr 1.0e-04  fps   7484   486.0s
it 1579/4000  reward     nan  ep_len    nan  fell    0  err_xy 0.016  std 0.217  lr 1.0e-04  fps   8055   486.3s
it 1580/4000  reward     nan  ep_len    nan  fell    0  err_xy 0.015  std 0.217  lr 1.0e-04  fps   8214   486.6s
it 1581/4000  reward     nan  ep_len    nan  fell    0  err_xy 0.014  std 0.217  lr 1.0e-04  fps   8432   486.9s
it 1582/4000  reward     nan  ep_len    nan  fell    0  err_xy 0.018  std 0.217  lr 1.0e-04  fps   8462   487.1s
it 1583/4000  reward     nan  ep_len    nan  fell    0  err_xy 0.015  std 0.217  lr 1.0e-04  fps   8449   487.4s
it 1584/4000  reward     nan  ep_len    nan  fell    0  err_xy 0.015  std 0.217  lr 1.0e-04  fps   8555   487.7s
it 1585/4000  reward     nan  ep_len    nan  fell    0  err_xy 0.014  std 0.217  lr 1.0e-04  fps   8528   488.0s
it 1586/4000  reward     nan  ep_len    nan  fell    0  err_xy 0.015  std 0.217  lr 1.0e-04  fps   8545   488.2s
it 1587/4000  reward  156.97  ep_len 1058.0  fell    0  err_xy 0.015  std 0.217  lr 1.0e-04  fps   6937   488.6s
it 1588/4000  reward     nan  ep_len    nan  fell    0  err_xy 0.234  std 0.216  lr 1.0e-04  fps   8647   488.8s
it 1589/4000  reward     nan  ep_len    nan  fell    0  err_xy 0.178  std 0.217  lr 1.0e-04  fps   8886   489.1s
it 1590/4000  reward     nan  ep_len    nan  fell    0  err_xy 0.184  std 0.217  lr 1.0e-04  fps   8802   489.3s
it 1591/4000  reward     nan  ep_len    nan  fell    0  err_xy 0.177  std 0.217  lr 1.0e-04  fps   8675   489.6s
it 1592/4000  reward     nan  ep_len    nan  fell    0  err_xy 0.199  std 0.217  lr 1.0e-04  fps   8698   489.9s
it 1593/4000  reward     nan  ep_len    nan  fell    0  err_xy 0.182  std 0.217  lr 1.0e-04  fps   8601   490.1s
it 1594/4000  reward     nan  ep_len    nan  fell    0  err_xy 0.170  std 0.217  lr 1.0e-04  fps   8511   490.4s
it 1595/4000  reward     nan  ep_len    nan  fell    0  err_xy 0.131  std 0.217  lr 1.0e-04  fps   8496   490.7s
it 1596/4000  reward     nan  ep_len    nan  fell    0  err_xy 0.100  std 0.217  lr 1.0e-04  fps   8426   491.0s
it 1597/4000  reward     nan  ep_len    nan  fell    0  err_xy 0.102  std 0.217  lr 1.0e-04  fps   8467   491.2s
it 1598/4000  reward     nan  ep_len    nan  fell    0  err_xy 0.091  std 0.217  lr 1.0e-04  fps   8372   491.5s
it 1599/4000  reward     nan  ep_len    nan  fell    0  err_xy 0.080  std 0.217  lr 1.0e-04  fps   8405   491.8s
it 1600/4000  reward     nan  ep_len    nan  fell    0  err_xy 0.072  std 0.217  lr 1.0e-04  fps   8393   492.1s
eval iteration 1600:
  prone          success   0.0%  time 21.16s  peak_τ 0.96 Nm  return 161.37
  supine         success   0.0%  time 21.16s  peak_τ 0.96 Nm  return 151.06
  score 0.000
it 1601/4000  reward     nan  ep_len    nan  fell    0  err_xy 0.064  std 0.217  lr 1.0e-04  fps   8655   497.0s
it 1602/4000  reward     nan  ep_len    nan  fell    0  err_xy 0.061  std 0.217  lr 1.0e-04  fps   8673   497.3s
it 1603/4000  reward     nan  ep_len    nan  fell    0  err_xy 0.045  std 0.217  lr 1.0e-04  fps   8624   497.5s
it 1604/4000  reward     nan  ep_len    nan  fell    0  err_xy 0.039  std 0.217  lr 1.0e-04  fps   8712   497.8s
it 1605/4000  reward     nan  ep_len    nan  fell    0  err_xy 0.037  std 0.217  lr 1.0e-04  fps   8578   498.1s
it 1606/4000  reward     nan  ep_len    nan  fell    0  err_xy 0.034  std 0.217  lr 1.0e-04  fps   8387   498.4s
it 1607/4000  reward     nan  ep_len    nan  fell    0  err_xy 0.037  std 0.217  lr 1.0e-04  fps   8349   498.6s
it 1608/4000  reward     nan  ep_len    nan  fell    0  err_xy 0.032  std 0.217  lr 1.0e-04  fps   8540   498.9s
it 1609/4000  reward     nan  ep_len    nan  fell    0  err_xy 0.032  std 0.217  lr 1.0e-04  fps   8562   499.2s
it 1610/4000  reward     nan  ep_len    nan  fell    0  err_xy 0.030  std 0.217  lr 1.0e-04  fps   8487   499.4s
it 1611/4000  reward     nan  ep_len    nan  fell    0  err_xy 0.036  std 0.217  lr 1.0e-04  fps   8425   499.7s
it 1612/4000  reward     nan  ep_len    nan  fell    0  err_xy 0.028  std 0.217  lr 1.0e-04  fps   8531   500.0s
it 1613/4000  reward     nan  ep_len    nan  fell    0  err_xy 0.023  std 0.217  lr 1.0e-04  fps   8297   500.3s
it 1614/4000  reward     nan  ep_len    nan  fell    0  err_xy 0.023  std 0.217  lr 1.0e-04  fps   8222   500.5s
it 1615/4000  reward     nan  ep_len    nan  fell    0  err_xy 0.016  std 0.217  lr 1.0e-04  fps   8177   500.8s
it 1616/4000  reward     nan  ep_len    nan  fell    0  err_xy 0.019  std 0.217  lr 1.0e-04  fps   8669   501.1s
it 1617/4000  reward     nan  ep_len    nan  fell    0  err_xy 0.024  std 0.217  lr 1.0e-04  fps   8576   501.4s
it 1618/4000  reward     nan  ep_len    nan  fell    0  err_xy 0.018  std 0.217  lr 1.0e-04  fps   8592   501.6s
it 1619/4000  reward     nan  ep_len    nan  fell    0  err_xy 0.018  std 0.217  lr 1.0e-04  fps   8391   501.9s
it 1620/4000  reward     nan  ep_len    nan  fell    0  err_xy 0.017  std 0.216  lr 1.0e-04  fps   8399   502.2s
it 1621/4000  reward     nan  ep_len    nan  fell    0  err_xy 0.017  std 0.217  lr 1.0e-04  fps   8590   502.5s
it 1622/4000  reward     nan  ep_len    nan  fell    0  err_xy 0.016  std 0.217  lr 1.0e-04  fps   8746   502.7s
it 1623/4000  reward     nan  ep_len    nan  fell    0  err_xy 0.017  std 0.217  lr 1.0e-04  fps   8768   503.0s
it 1624/4000  reward     nan  ep_len    nan  fell    0  err_xy 0.028  std 0.217  lr 1.0e-04  fps   8772   503.2s
it 1625/4000  reward     nan  ep_len    nan  fell    0  err_xy 0.038  std 0.217  lr 1.0e-04  fps   8807   503.5s
it 1626/4000  reward     nan  ep_len    nan  fell    0  err_xy 0.053  std 0.217  lr 1.0e-04  fps   8841   503.8s
it 1627/4000  reward     nan  ep_len    nan  fell    0  err_xy 0.048  std 0.217  lr 1.0e-04  fps   8947   504.0s
it 1628/4000  reward     nan  ep_len    nan  fell    0  err_xy 0.057  std 0.217  lr 1.0e-04  fps   8859   504.3s
it 1629/4000  reward     nan  ep_len    nan  fell    0  err_xy 0.056  std 0.217  lr 1.0e-04  fps   8888   504.5s
it 1630/4000  reward     nan  ep_len    nan  fell    0  err_xy 0.054  std 0.217  lr 1.0e-04  fps   8915   504.8s
it 1631/4000  reward     nan  ep_len    nan  fell    0  err_xy 0.048  std 0.217  lr 1.0e-04  fps   8901   505.1s
it 1632/4000  reward  158.12  ep_len 1058.0  fell    0  err_xy 0.240  std 0.217  lr 1.0e-04  fps   7337   505.4s
it 1633/4000  reward     nan  ep_len    nan  fell    0  err_xy 0.208  std 0.217  lr 1.0e-04  fps   9110   505.6s
it 1634/4000  reward     nan  ep_len    nan  fell    0  err_xy 0.207  std 0.217  lr 1.0e-04  fps   9084   505.9s
it 1635/4000  reward     nan  ep_len    nan  fell    0  err_xy 0.191  std 0.217  lr 1.0e-04  fps   9111   506.1s
it 1636/4000  reward     nan  ep_len    nan  fell    0  err_xy 0.197  std 0.217  lr 1.0e-04  fps   9018   506.4s
it 1637/4000  reward     nan  ep_len    nan  fell    0  err_xy 0.211  std 0.217  lr 1.0e-04  fps   9038   506.6s
it 1638/4000  reward     nan  ep_len    nan  fell    0  err_xy 0.205  std 0.217  lr 1.0e-04  fps   8952   506.9s
it 1639/4000  reward     nan  ep_len    nan  fell    0  err_xy 0.167  std 0.217  lr 1.0e-04  fps   8944   507.2s
it 1640/4000  reward     nan  ep_len    nan  fell    0  err_xy 0.156  std 0.217  lr 1.0e-04  fps   8871   507.4s
it 1641/4000  reward     nan  ep_len    nan  fell    0  err_xy 0.161  std 0.217  lr 1.0e-04  fps   8824   507.7s
it 1642/4000  reward     nan  ep_len    nan  fell    0  err_xy 0.111  std 0.217  lr 1.0e-04  fps   8626   507.9s
it 1643/4000  reward     nan  ep_len    nan  fell    0  err_xy 0.102  std 0.217  lr 1.0e-04  fps   8618   508.2s
it 1644/4000  reward     nan  ep_len    nan  fell    0  err_xy 0.096  std 0.217  lr 1.0e-04  fps   8586   508.5s
it 1645/4000  reward     nan  ep_len    nan  fell    0  err_xy 0.081  std 0.217  lr 1.0e-04  fps   8676   508.8s
it 1646/4000  reward     nan  ep_len    nan  fell    0  err_xy 0.075  std 0.217  lr 1.0e-04  fps   8659   509.0s
it 1647/4000  reward     nan  ep_len    nan  fell    0  err_xy 0.059  std 0.217  lr 1.0e-04  fps   8635   509.3s
it 1648/4000  reward     nan  ep_len    nan  fell    0  err_xy 0.055  std 0.217  lr 1.0e-04  fps   8661   509.6s
it 1649/4000  reward     nan  ep_len    nan  fell    0  err_xy 0.062  std 0.217  lr 1.0e-04  fps   8640   509.8s
it 1650/4000  reward     nan  ep_len    nan  fell    0  err_xy 0.060  std 0.217  lr 1.0e-04  fps   8761   510.1s
it 1651/4000  reward     nan  ep_len    nan  fell    0  err_xy 0.057  std 0.217  lr 1.0e-04  fps   8654   510.3s
it 1652/4000  reward     nan  ep_len    nan  fell    0  err_xy 0.065  std 0.217  lr 1.0e-04  fps   8732   510.6s
it 1653/4000  reward     nan  ep_len    nan  fell    0  err_xy 0.070  std 0.217  lr 1.0e-04  fps   8625   510.9s
it 1654/4000  reward     nan  ep_len    nan  fell    0  err_xy 0.060  std 0.217  lr 1.0e-04  fps   8761   511.1s
it 1655/4000  reward     nan  ep_len    nan  fell    0  err_xy 0.061  std 0.217  lr 1.0e-04  fps   8723   511.4s
it 1656/4000  reward     nan  ep_len    nan  fell    0  err_xy 0.055  std 0.217  lr 1.0e-04  fps   8638   511.7s
it 1657/4000  reward     nan  ep_len    nan  fell    0  err_xy 0.045  std 0.217  lr 1.0e-04  fps   8658   511.9s
it 1658/4000  reward     nan  ep_len    nan  fell    0  err_xy 0.042  std 0.217  lr 1.0e-04  fps   8628   512.2s
it 1659/4000  reward     nan  ep_len    nan  fell    0  err_xy 0.040  std 0.217  lr 1.0e-04  fps   7953   512.5s
it 1660/4000  reward     nan  ep_len    nan  fell    0  err_xy 0.038  std 0.217  lr 1.0e-04  fps   8700   512.8s
it 1661/4000  reward     nan  ep_len    nan  fell    0  err_xy 0.031  std 0.217  lr 1.0e-04  fps   8637   513.0s
it 1662/4000  reward     nan  ep_len    nan  fell    0  err_xy 0.033  std 0.217  lr 1.0e-04  fps   8700   513.3s
it 1663/4000  reward     nan  ep_len    nan  fell    0  err_xy 0.034  std 0.217  lr 1.0e-04  fps   8726   513.6s
it 1664/4000  reward     nan  ep_len    nan  fell    0  err_xy 0.034  std 0.217  lr 1.0e-04  fps   8623   513.8s
it 1665/4000  reward     nan  ep_len    nan  fell    0  err_xy 0.026  std 0.217  lr 1.0e-04  fps   8623   514.1s
it 1666/4000  reward     nan  ep_len    nan  fell    0  err_xy 0.027  std 0.217  lr 1.0e-04  fps   8436   514.4s
it 1667/4000  reward     nan  ep_len    nan  fell    0  err_xy 0.030  std 0.217  lr 1.0e-04  fps   8569   514.6s
it 1668/4000  reward     nan  ep_len    nan  fell    0  err_xy 0.025  std 0.217  lr 1.0e-04  fps   8767   514.9s
it 1669/4000  reward     nan  ep_len    nan  fell    0  err_xy 0.024  std 0.217  lr 1.0e-04  fps   8724   515.2s
it 1670/4000  reward     nan  ep_len    nan  fell    0  err_xy 0.022  std 0.217  lr 1.0e-04  fps   8683   515.4s
it 1671/4000  reward     nan  ep_len    nan  fell    0  err_xy 0.027  std 0.217  lr 1.0e-04  fps   8752   515.7s
it 1672/4000  reward     nan  ep_len    nan  fell    0  err_xy 0.025  std 0.217  lr 1.0e-04  fps   8829   516.0s
it 1673/4000  reward     nan  ep_len    nan  fell    0  err_xy 0.021  std 0.217  lr 1.0e-04  fps   8858   516.2s
it 1674/4000  reward     nan  ep_len    nan  fell    0  err_xy 0.018  std 0.217  lr 1.0e-04  fps   8827   516.5s
it 1675/4000  reward     nan  ep_len    nan  fell    0  err_xy 0.015  std 0.217  lr 1.0e-04  fps   8792   516.7s
it 1676/4000  reward  153.03  ep_len 1058.0  fell    0  err_xy 0.220  std 0.217  lr 1.0e-04  fps   7221   517.1s
it 1677/4000  reward     nan  ep_len    nan  fell    0  err_xy 0.214  std 0.217  lr 1.0e-04  fps   8864   517.3s
it 1678/4000  reward     nan  ep_len    nan  fell    0  err_xy 0.188  std 0.217  lr 1.0e-04  fps   8301   517.6s
it 1679/4000  reward     nan  ep_len    nan  fell    0  err_xy 0.180  std 0.217  lr 1.0e-04  fps   8750   517.9s
it 1680/4000  reward     nan  ep_len    nan  fell    0  err_xy 0.173  std 0.217  lr 1.0e-04  fps   8925   518.1s
it 1681/4000  reward     nan  ep_len    nan  fell    0  err_xy 0.189  std 0.217  lr 1.0e-04  fps   8853   518.4s
it 1682/4000  reward     nan  ep_len    nan  fell    0  err_xy 0.161  std 0.217  lr 1.0e-04  fps   8814   518.6s
it 1683/4000  reward     nan  ep_len    nan  fell    0  err_xy 0.134  std 0.217  lr 1.0e-04  fps   8896   518.9s
it 1684/4000  reward     nan  ep_len    nan  fell    0  err_xy 0.123  std 0.217  lr 1.0e-04  fps   8895   519.2s
it 1685/4000  reward     nan  ep_len    nan  fell    0  err_xy 0.108  std 0.217  lr 1.0e-04  fps   8761   519.4s
it 1686/4000  reward     nan  ep_len    nan  fell    0  err_xy 0.103  std 0.217  lr 1.0e-04  fps   8620   519.7s
it 1687/4000  reward     nan  ep_len    nan  fell    0  err_xy 0.101  std 0.217  lr 1.0e-04  fps   8675   520.0s
it 1688/4000  reward     nan  ep_len    nan  fell    0  err_xy 0.078  std 0.217  lr 1.0e-04  fps   8688   520.2s
it 1689/4000  reward     nan  ep_len    nan  fell    0  err_xy 0.069  std 0.217  lr 1.0e-04  fps   8570   520.5s
it 1690/4000  reward     nan  ep_len    nan  fell    0  err_xy 0.062  std 0.217  lr 1.0e-04  fps   8689   520.8s
it 1691/4000  reward     nan  ep_len    nan  fell    0  err_xy 0.056  std 0.217  lr 1.0e-04  fps   8465   521.0s
it 1692/4000  reward     nan  ep_len    nan  fell    0  err_xy 0.049  std 0.217  lr 1.0e-04  fps   7612   521.3s
it 1693/4000  reward     nan  ep_len    nan  fell    0  err_xy 0.042  std 0.217  lr 1.0e-04  fps   7436   521.6s
it 1694/4000  reward     nan  ep_len    nan  fell    0  err_xy 0.035  std 0.217  lr 1.0e-04  fps   7824   521.9s
it 1695/4000  reward     nan  ep_len    nan  fell    0  err_xy 0.032  std 0.217  lr 1.0e-04  fps   7978   522.2s
it 1696/4000  reward     nan  ep_len    nan  fell    0  err_xy 0.036  std 0.217  lr 1.0e-04  fps   8343   522.5s
it 1697/4000  reward     nan  ep_len    nan  fell    0  err_xy 0.026  std 0.217  lr 1.0e-04  fps   7709   522.8s
it 1698/4000  reward     nan  ep_len    nan  fell    0  err_xy 0.024  std 0.217  lr 1.0e-04  fps   8030   523.1s
it 1699/4000  reward     nan  ep_len    nan  fell    0  err_xy 0.022  std 0.217  lr 1.0e-04  fps   8453   523.4s
it 1700/4000  reward     nan  ep_len    nan  fell    0  err_xy 0.017  std 0.217  lr 1.0e-04  fps   8519   523.6s
it 1701/4000  reward     nan  ep_len    nan  fell    0  err_xy 0.014  std 0.217  lr 1.0e-04  fps   7860   523.9s
it 1702/4000  reward     nan  ep_len    nan  fell    0  err_xy 0.014  std 0.217  lr 1.0e-04  fps   8352   524.2s
it 1703/4000  reward     nan  ep_len    nan  fell    0  err_xy 0.014  std 0.217  lr 1.0e-04  fps   8088   524.5s
it 1704/4000  reward     nan  ep_len    nan  fell    0  err_xy 0.014  std 0.217  lr 1.0e-04  fps   8413   524.8s
it 1705/4000  reward     nan  ep_len    nan  fell    0  err_xy 0.013  std 0.217  lr 1.0e-04  fps   8456   525.0s
it 1706/4000  reward     nan  ep_len    nan  fell    0  err_xy 0.013  std 0.217  lr 1.0e-04  fps   8374   525.3s
it 1707/4000  reward     nan  ep_len    nan  fell    0  err_xy 0.012  std 0.217  lr 1.0e-04  fps   7373   525.6s
it 1708/4000  reward     nan  ep_len    nan  fell    0  err_xy 0.012  std 0.217  lr 1.0e-04  fps   7846   525.9s
it 1709/4000  reward     nan  ep_len    nan  fell    0  err_xy 0.011  std 0.217  lr 1.0e-04  fps   8026   526.2s
it 1710/4000  reward     nan  ep_len    nan  fell    0  err_xy 0.013  std 0.217  lr 1.0e-04  fps   8115   526.5s
it 1711/4000  reward     nan  ep_len    nan  fell    0  err_xy 0.015  std 0.217  lr 1.0e-04  fps   8469   526.8s
it 1712/4000  reward     nan  ep_len    nan  fell    0  err_xy 0.017  std 0.217  lr 1.0e-04  fps   7558   527.1s
it 1713/4000  reward     nan  ep_len    nan  fell    0  err_xy 0.017  std 0.217  lr 1.0e-04  fps   7740   527.4s
it 1714/4000  reward     nan  ep_len    nan  fell    0  err_xy 0.020  std 0.217  lr 1.0e-04  fps   7810   527.7s
it 1715/4000  reward     nan  ep_len    nan  fell    0  err_xy 0.031  std 0.217  lr 1.0e-04  fps   7907   528.0s
it 1716/4000  reward     nan  ep_len    nan  fell    0  err_xy 0.043  std 0.217  lr 1.0e-04  fps   7635   528.3s
it 1717/4000  reward     nan  ep_len    nan  fell    0  err_xy 0.052  std 0.217  lr 1.0e-04  fps   7980   528.5s
it 1718/4000  reward     nan  ep_len    nan  fell    0  err_xy 0.051  std 0.217  lr 1.0e-04  fps   8523   528.8s
it 1719/4000  reward     nan  ep_len    nan  fell    0  err_xy 0.042  std 0.217  lr 1.0e-04  fps   8559   529.1s
it 1720/4000  reward  154.61  ep_len 1058.0  fell    0  err_xy 0.196  std 0.217  lr 1.0e-04  fps   7010   529.4s
it 1721/4000  reward     nan  ep_len    nan  fell    0  err_xy 0.216  std 0.217  lr 1.0e-04  fps   8764   529.7s
it 1722/4000  reward     nan  ep_len    nan  fell    0  err_xy 0.184  std 0.217  lr 1.0e-04  fps   8854   529.9s
it 1723/4000  reward     nan  ep_len    nan  fell    0  err_xy 0.165  std 0.217  lr 1.0e-04  fps   8876   530.2s
it 1724/4000  reward     nan  ep_len    nan  fell    0  err_xy 0.171  std 0.217  lr 1.0e-04  fps   7868   530.5s
it 1725/4000  reward     nan  ep_len    nan  fell    0  err_xy 0.197  std 0.217  lr 1.0e-04  fps   7374   530.8s
it 1726/4000  reward     nan  ep_len    nan  fell    0  err_xy 0.180  std 0.217  lr 1.0e-04  fps   6584   531.2s
it 1727/4000  reward     nan  ep_len    nan  fell    0  err_xy 0.159  std 0.217  lr 1.0e-04  fps   5733   531.6s
it 1728/4000  reward     nan  ep_len    nan  fell    0  err_xy 0.153  std 0.217  lr 1.0e-04  fps   7285   531.9s
it 1729/4000  reward     nan  ep_len    nan  fell    0  err_xy 0.148  std 0.217  lr 1.0e-04  fps   7971   532.2s
it 1730/4000  reward     nan  ep_len    nan  fell    0  err_xy 0.125  std 0.217  lr 1.0e-04  fps   8064   532.4s
it 1731/4000  reward     nan  ep_len    nan  fell    0  err_xy 0.110  std 0.217  lr 1.0e-04  fps   6594   532.8s
it 1732/4000  reward     nan  ep_len    nan  fell    0  err_xy 0.093  std 0.217  lr 1.0e-04  fps   8199   533.1s
it 1733/4000  reward     nan  ep_len    nan  fell    0  err_xy 0.096  std 0.217  lr 1.0e-04  fps   7672   533.4s
it 1734/4000  reward     nan  ep_len    nan  fell    0  err_xy 0.082  std 0.217  lr 1.0e-04  fps   8192   533.7s
it 1735/4000  reward     nan  ep_len    nan  fell    0  err_xy 0.066  std 0.217  lr 1.0e-04  fps   8370   533.9s
it 1736/4000  reward     nan  ep_len    nan  fell    0  err_xy 0.061  std 0.217  lr 1.0e-04  fps   7723   534.2s
it 1737/4000  reward     nan  ep_len    nan  fell    0  err_xy 0.053  std 0.217  lr 1.0e-04  fps   8278   534.5s
it 1738/4000  reward     nan  ep_len    nan  fell    0  err_xy 0.035  std 0.217  lr 1.0e-04  fps   8354   534.8s
it 1739/4000  reward     nan  ep_len    nan  fell    0  err_xy 0.037  std 0.217  lr 1.0e-04  fps   8395   535.1s
it 1740/4000  reward     nan  ep_len    nan  fell    0  err_xy 0.032  std 0.217  lr 1.0e-04  fps   8363   535.3s
it 1741/4000  reward     nan  ep_len    nan  fell    0  err_xy 0.030  std 0.217  lr 1.0e-04  fps   8379   535.6s
it 1742/4000  reward     nan  ep_len    nan  fell    0  err_xy 0.024  std 0.217  lr 1.0e-04  fps   8356   535.9s
it 1743/4000  reward     nan  ep_len    nan  fell    0  err_xy 0.024  std 0.217  lr 1.0e-04  fps   8426   536.2s
it 1744/4000  reward     nan  ep_len    nan  fell    0  err_xy 0.019  std 0.217  lr 1.0e-04  fps   8287   536.4s
it 1745/4000  reward     nan  ep_len    nan  fell    0  err_xy 0.022  std 0.217  lr 1.0e-04  fps   8426   536.7s
it 1746/4000  reward     nan  ep_len    nan  fell    0  err_xy 0.019  std 0.217  lr 1.0e-04  fps   8387   537.0s
it 1747/4000  reward     nan  ep_len    nan  fell    0  err_xy 0.022  std 0.217  lr 1.0e-04  fps   8274   537.3s
it 1748/4000  reward     nan  ep_len    nan  fell    0  err_xy 0.023  std 0.217  lr 1.0e-04  fps   8226   537.6s
it 1749/4000  reward     nan  ep_len    nan  fell    0  err_xy 0.018  std 0.217  lr 1.0e-04  fps   8085   537.8s
it 1750/4000  reward     nan  ep_len    nan  fell    0  err_xy 0.018  std 0.217  lr 1.0e-04  fps   8291   538.1s
it 1751/4000  reward     nan  ep_len    nan  fell    0  err_xy 0.016  std 0.217  lr 1.0e-04  fps   8385   538.4s
it 1752/4000  reward     nan  ep_len    nan  fell    0  err_xy 0.018  std 0.217  lr 1.0e-04  fps   8432   538.7s
it 1753/4000  reward     nan  ep_len    nan  fell    0  err_xy 0.016  std 0.217  lr 1.0e-04  fps   8408   538.9s
it 1754/4000  reward     nan  ep_len    nan  fell    0  err_xy 0.016  std 0.217  lr 1.0e-04  fps   8372   539.2s
it 1755/4000  reward     nan  ep_len    nan  fell    0  err_xy 0.018  std 0.217  lr 1.0e-04  fps   8359   539.5s
it 1756/4000  reward     nan  ep_len    nan  fell    0  err_xy 0.015  std 0.216  lr 1.0e-04  fps   8327   539.8s
it 1757/4000  reward     nan  ep_len    nan  fell    0  err_xy 0.014  std 0.217  lr 1.0e-04  fps   8448   540.0s
it 1758/4000  reward     nan  ep_len    nan  fell    0  err_xy 0.014  std 0.217  lr 1.0e-04  fps   8458   540.3s
it 1759/4000  reward     nan  ep_len    nan  fell    0  err_xy 0.014  std 0.216  lr 1.0e-04  fps   8500   540.6s
it 1760/4000  reward     nan  ep_len    nan  fell    0  err_xy 0.014  std 0.217  lr 1.0e-04  fps   8559   540.9s
it 1761/4000  reward     nan  ep_len    nan  fell    0  err_xy 0.015  std 0.217  lr 1.0e-04  fps   8574   541.1s
it 1762/4000  reward     nan  ep_len    nan  fell    0  err_xy 0.014  std 0.217  lr 1.0e-04  fps   8017   541.4s
it 1763/4000  reward     nan  ep_len    nan  fell    0  err_xy 0.016  std 0.217  lr 1.0e-04  fps   8070   541.7s
it 1764/4000  reward  159.34  ep_len 1058.0  fell    0  err_xy 0.171  std 0.217  lr 1.0e-04  fps   6952   542.0s
it 1765/4000  reward     nan  ep_len    nan  fell    0  err_xy 0.237  std 0.217  lr 1.0e-04  fps   8504   542.3s
it 1766/4000  reward     nan  ep_len    nan  fell    0  err_xy 0.185  std 0.217  lr 1.0e-04  fps   8641   542.6s
it 1767/4000  reward     nan  ep_len    nan  fell    0  err_xy 0.168  std 0.217  lr 1.0e-04  fps   8576   542.8s
it 1768/4000  reward     nan  ep_len    nan  fell    0  err_xy 0.167  std 0.217  lr 1.0e-04  fps   8437   543.1s
it 1769/4000  reward     nan  ep_len    nan  fell    0  err_xy 0.173  std 0.217  lr 1.0e-04  fps   8214   543.4s
it 1770/4000  reward     nan  ep_len    nan  fell    0  err_xy 0.143  std 0.217  lr 1.0e-04  fps   8356   543.7s
it 1771/4000  reward     nan  ep_len    nan  fell    0  err_xy 0.131  std 0.217  lr 1.0e-04  fps   8469   543.9s
it 1772/4000  reward     nan  ep_len    nan  fell    0  err_xy 0.111  std 0.217  lr 1.0e-04  fps   8473   544.2s
it 1773/4000  reward     nan  ep_len    nan  fell    0  err_xy 0.090  std 0.217  lr 1.0e-04  fps   8339   544.5s
it 1774/4000  reward     nan  ep_len    nan  fell    0  err_xy 0.071  std 0.217  lr 1.0e-04  fps   8369   544.8s
it 1775/4000  reward     nan  ep_len    nan  fell    0  err_xy 0.053  std 0.217  lr 1.0e-04  fps   8387   545.0s
it 1776/4000  reward     nan  ep_len    nan  fell    0  err_xy 0.048  std 0.217  lr 1.0e-04  fps   8079   545.3s
it 1777/4000  reward     nan  ep_len    nan  fell    0  err_xy 0.043  std 0.217  lr 1.0e-04  fps   7927   545.6s
it 1778/4000  reward     nan  ep_len    nan  fell    0  err_xy 0.033  std 0.217  lr 1.0e-04  fps   8096   545.9s
it 1779/4000  reward     nan  ep_len    nan  fell    0  err_xy 0.035  std 0.217  lr 1.0e-04  fps   7623   546.2s
it 1780/4000  reward     nan  ep_len    nan  fell    0  err_xy 0.031  std 0.217  lr 1.0e-04  fps   8304   546.5s
it 1781/4000  reward     nan  ep_len    nan  fell    0  err_xy 0.027  std 0.217  lr 1.0e-04  fps   8410   546.8s
it 1782/4000  reward     nan  ep_len    nan  fell    0  err_xy 0.027  std 0.217  lr 1.0e-04  fps   8414   547.0s
it 1783/4000  reward     nan  ep_len    nan  fell    0  err_xy 0.029  std 0.217  lr 1.0e-04  fps   8412   547.3s
it 1784/4000  reward     nan  ep_len    nan  fell    0  err_xy 0.028  std 0.217  lr 1.0e-04  fps   8374   547.6s
it 1785/4000  reward     nan  ep_len    nan  fell    0  err_xy 0.026  std 0.217  lr 1.0e-04  fps   8471   547.8s
it 1786/4000  reward     nan  ep_len    nan  fell    0  err_xy 0.019  std 0.217  lr 1.0e-04  fps   8473   548.1s
it 1787/4000  reward     nan  ep_len    nan  fell    0  err_xy 0.019  std 0.217  lr 1.0e-04  fps   8426   548.4s
it 1788/4000  reward     nan  ep_len    nan  fell    0  err_xy 0.015  std 0.217  lr 1.0e-04  fps   8479   548.7s
it 1789/4000  reward     nan  ep_len    nan  fell    0  err_xy 0.021  std 0.217  lr 1.0e-04  fps   8457   548.9s
it 1790/4000  reward     nan  ep_len    nan  fell    0  err_xy 0.020  std 0.217  lr 1.0e-04  fps   8465   549.2s
it 1791/4000  reward     nan  ep_len    nan  fell    0  err_xy 0.020  std 0.217  lr 1.0e-04  fps   8347   549.5s
it 1792/4000  reward     nan  ep_len    nan  fell    0  err_xy 0.020  std 0.217  lr 1.0e-04  fps   8485   549.8s
it 1793/4000  reward     nan  ep_len    nan  fell    0  err_xy 0.015  std 0.217  lr 1.0e-04  fps   8456   550.0s
it 1794/4000  reward     nan  ep_len    nan  fell    0  err_xy 0.016  std 0.217  lr 1.0e-04  fps   8522   550.3s
it 1795/4000  reward     nan  ep_len    nan  fell    0  err_xy 0.014  std 0.217  lr 1.0e-04  fps   8403   550.6s
it 1796/4000  reward     nan  ep_len    nan  fell    0  err_xy 0.013  std 0.217  lr 1.0e-04  fps   8475   550.9s
it 1797/4000  reward     nan  ep_len    nan  fell    0  err_xy 0.015  std 0.217  lr 1.0e-04  fps   8578   551.1s
it 1798/4000  reward     nan  ep_len    nan  fell    0  err_xy 0.015  std 0.217  lr 1.0e-04  fps   8565   551.4s
it 1799/4000  reward     nan  ep_len    nan  fell    0  err_xy 0.016  std 0.217  lr 1.0e-04  fps   8676   551.7s
it 1800/4000  reward     nan  ep_len    nan  fell    0  err_xy 0.016  std 0.217  lr 1.0e-04  fps   8644   551.9s
eval iteration 1800:
  prone          success   0.0%  time 21.16s  peak_τ 0.96 Nm  return 141.23
  supine         success   0.0%  time 21.16s  peak_τ 0.95 Nm  return 168.48
  score 0.000
it 1801/4000  reward     nan  ep_len    nan  fell    0  err_xy 0.014  std 0.217  lr 1.0e-04  fps   8559   556.8s
it 1802/4000  reward     nan  ep_len    nan  fell    0  err_xy 0.015  std 0.217  lr 1.0e-04  fps   8626   557.1s
it 1803/4000  reward     nan  ep_len    nan  fell    0  err_xy 0.016  std 0.217  lr 1.0e-04  fps   8824   557.4s
it 1804/4000  reward     nan  ep_len    nan  fell    0  err_xy 0.016  std 0.217  lr 1.0e-04  fps   8817   557.6s
it 1805/4000  reward     nan  ep_len    nan  fell    0  err_xy 0.015  std 0.217  lr 1.0e-04  fps   8422   557.9s
it 1806/4000  reward     nan  ep_len    nan  fell    0  err_xy 0.019  std 0.217  lr 1.0e-04  fps   8166   558.2s
it 1807/4000  reward     nan  ep_len    nan  fell    0  err_xy 0.018  std 0.217  lr 1.0e-04  fps   8551   558.4s
it 1808/4000  reward  157.74  ep_len 1058.0  fell    0  err_xy 0.138  std 0.217  lr 1.0e-04  fps   6779   558.8s
it 1809/4000  reward     nan  ep_len    nan  fell    0  err_xy 0.210  std 0.217  lr 1.0e-04  fps   8197   559.1s
it 1810/4000  reward     nan  ep_len    nan  fell    0  err_xy 0.166  std 0.217  lr 1.0e-04  fps   7035   559.4s
it 1811/4000  reward     nan  ep_len    nan  fell    0  err_xy 0.149  std 0.217  lr 1.0e-04  fps   7262   559.7s
it 1812/4000  reward     nan  ep_len    nan  fell    0  err_xy 0.137  std 0.217  lr 1.0e-04  fps   7801   560.0s
it 1813/4000  reward     nan  ep_len    nan  fell    0  err_xy 0.141  std 0.217  lr 1.0e-04  fps   8278   560.3s
it 1814/4000  reward     nan  ep_len    nan  fell    0  err_xy 0.106  std 0.217  lr 1.0e-04  fps   7244   560.6s
it 1815/4000  reward     nan  ep_len    nan  fell    0  err_xy 0.081  std 0.217  lr 1.0e-04  fps   8431   560.9s
it 1816/4000  reward     nan  ep_len    nan  fell    0  err_xy 0.068  std 0.217  lr 1.0e-04  fps   7741   561.2s
it 1817/4000  reward     nan  ep_len    nan  fell    0  err_xy 0.065  std 0.217  lr 1.0e-04  fps   7519   561.5s
it 1818/4000  reward     nan  ep_len    nan  fell    0  err_xy 0.049  std 0.217  lr 1.0e-04  fps   7868   561.8s
it 1819/4000  reward     nan  ep_len    nan  fell    0  err_xy 0.032  std 0.217  lr 1.0e-04  fps   8040   562.1s
it 1820/4000  reward     nan  ep_len    nan  fell    0  err_xy 0.028  std 0.217  lr 1.0e-04  fps   8343   562.3s
it 1821/4000  reward     nan  ep_len    nan  fell    0  err_xy 0.026  std 0.217  lr 1.0e-04  fps   8616   562.6s
it 1822/4000  reward     nan  ep_len    nan  fell    0  err_xy 0.020  std 0.217  lr 1.0e-04  fps   8658   562.9s
it 1823/4000  reward     nan  ep_len    nan  fell    0  err_xy 0.022  std 0.217  lr 1.0e-04  fps   8629   563.1s
it 1824/4000  reward     nan  ep_len    nan  fell    0  err_xy 0.017  std 0.217  lr 1.0e-04  fps   8539   563.4s
it 1825/4000  reward     nan  ep_len    nan  fell    0  err_xy 0.015  std 0.217  lr 1.0e-04  fps   8642   563.7s
it 1826/4000  reward     nan  ep_len    nan  fell    0  err_xy 0.019  std 0.217  lr 1.0e-04  fps   8592   563.9s
it 1827/4000  reward     nan  ep_len    nan  fell    0  err_xy 0.015  std 0.216  lr 1.0e-04  fps   8606   564.2s
it 1828/4000  reward     nan  ep_len    nan  fell    0  err_xy 0.012  std 0.216  lr 1.0e-04  fps   8567   564.5s
it 1829/4000  reward     nan  ep_len    nan  fell    0  err_xy 0.013  std 0.217  lr 1.0e-04  fps   8636   564.8s
it 1830/4000  reward     nan  ep_len    nan  fell    0  err_xy 0.012  std 0.217  lr 1.0e-04  fps   8532   565.0s
it 1831/4000  reward     nan  ep_len    nan  fell    0  err_xy 0.010  std 0.217  lr 1.0e-04  fps   8596   565.3s
it 1832/4000  reward     nan  ep_len    nan  fell    0  err_xy 0.010  std 0.217  lr 1.0e-04  fps   8733   565.6s
it 1833/4000  reward     nan  ep_len    nan  fell    0  err_xy 0.011  std 0.217  lr 1.0e-04  fps   8797   565.8s
it 1834/4000  reward     nan  ep_len    nan  fell    0  err_xy 0.011  std 0.217  lr 1.0e-04  fps   8836   566.1s
it 1835/4000  reward     nan  ep_len    nan  fell    0  err_xy 0.011  std 0.217  lr 1.0e-04  fps   8808   566.3s
it 1836/4000  reward     nan  ep_len    nan  fell    0  err_xy 0.011  std 0.217  lr 1.0e-04  fps   8784   566.6s
it 1837/4000  reward     nan  ep_len    nan  fell    0  err_xy 0.010  std 0.217  lr 1.0e-04  fps   8842   566.9s
it 1838/4000  reward     nan  ep_len    nan  fell    0  err_xy 0.012  std 0.217  lr 1.0e-04  fps   8835   567.1s
it 1839/4000  reward     nan  ep_len    nan  fell    0  err_xy 0.013  std 0.217  lr 1.0e-04  fps   8747   567.4s
it 1840/4000  reward     nan  ep_len    nan  fell    0  err_xy 0.014  std 0.217  lr 1.0e-04  fps   8803   567.7s
it 1841/4000  reward     nan  ep_len    nan  fell    0  err_xy 0.016  std 0.217  lr 1.0e-04  fps   8857   567.9s
it 1842/4000  reward     nan  ep_len    nan  fell    0  err_xy 0.016  std 0.217  lr 1.0e-04  fps   8788   568.2s
it 1843/4000  reward     nan  ep_len    nan  fell    0  err_xy 0.014  std 0.217  lr 1.0e-04  fps   8801   568.4s
it 1844/4000  reward     nan  ep_len    nan  fell    0  err_xy 0.015  std 0.217  lr 1.0e-04  fps   8894   568.7s
it 1845/4000  reward     nan  ep_len    nan  fell    0  err_xy 0.016  std 0.217  lr 1.0e-04  fps   8921   569.0s
it 1846/4000  reward     nan  ep_len    nan  fell    0  err_xy 0.015  std 0.217  lr 1.0e-04  fps   8917   569.2s
it 1847/4000  reward     nan  ep_len    nan  fell    0  err_xy 0.017  std 0.217  lr 1.0e-04  fps   8084   569.5s
it 1848/4000  reward     nan  ep_len    nan  fell    0  err_xy 0.021  std 0.217  lr 1.0e-04  fps   8881   569.8s
it 1849/4000  reward     nan  ep_len    nan  fell    0  err_xy 0.024  std 0.217  lr 1.0e-04  fps   8834   570.0s
it 1850/4000  reward     nan  ep_len    nan  fell    0  err_xy 0.020  std 0.217  lr 1.0e-04  fps   8695   570.3s
it 1851/4000  reward     nan  ep_len    nan  fell    0  err_xy 0.025  std 0.217  lr 1.0e-04  fps   8384   570.6s
it 1852/4000  reward  158.90  ep_len 1058.0  fell    0  err_xy 0.113  std 0.217  lr 1.0e-04  fps   6439   570.9s
it 1853/4000  reward     nan  ep_len    nan  fell    0  err_xy 0.235  std 0.217  lr 1.0e-04  fps   8715   571.2s
it 1854/4000  reward     nan  ep_len    nan  fell    0  err_xy 0.219  std 0.217  lr 1.0e-04  fps   8603   571.5s
it 1855/4000  reward     nan  ep_len    nan  fell    0  err_xy 0.205  std 0.217  lr 1.0e-04  fps   8681   571.7s
it 1856/4000  reward     nan  ep_len    nan  fell    0  err_xy 0.199  std 0.217  lr 1.0e-04  fps   8621   572.0s
it 1857/4000  reward     nan  ep_len    nan  fell    0  err_xy 0.206  std 0.217  lr 1.0e-04  fps   8641   572.3s
it 1858/4000  reward     nan  ep_len    nan  fell    0  err_xy 0.205  std 0.217  lr 1.0e-04  fps   8559   572.5s
it 1859/4000  reward     nan  ep_len    nan  fell    0  err_xy 0.180  std 0.217  lr 1.0e-04  fps   8642   572.8s
it 1860/4000  reward     nan  ep_len    nan  fell    0  err_xy 0.187  std 0.217  lr 1.0e-04  fps   8542   573.1s
it 1861/4000  reward     nan  ep_len    nan  fell    0  err_xy 0.174  std 0.217  lr 1.0e-04  fps   8422   573.3s
it 1862/4000  reward     nan  ep_len    nan  fell    0  err_xy 0.147  std 0.217  lr 1.0e-04  fps   8447   573.6s
it 1863/4000  reward     nan  ep_len    nan  fell    0  err_xy 0.123  std 0.217  lr 1.0e-04  fps   8589   573.9s
it 1864/4000  reward     nan  ep_len    nan  fell    0  err_xy 0.113  std 0.217  lr 1.0e-04  fps   8639   574.1s
it 1865/4000  reward     nan  ep_len    nan  fell    0  err_xy 0.141  std 0.217  lr 1.0e-04  fps   8501   574.4s
it 1866/4000  reward     nan  ep_len    nan  fell    0  err_xy 0.126  std 0.217  lr 1.0e-04  fps   8533   574.7s
it 1867/4000  reward     nan  ep_len    nan  fell    0  err_xy 0.109  std 0.217  lr 1.0e-04  fps   8564   575.0s
it 1868/4000  reward     nan  ep_len    nan  fell    0  err_xy 0.105  std 0.217  lr 1.0e-04  fps   8424   575.2s
it 1869/4000  reward     nan  ep_len    nan  fell    0  err_xy 0.110  std 0.217  lr 1.0e-04  fps   8383   575.5s
it 1870/4000  reward     nan  ep_len    nan  fell    0  err_xy 0.091  std 0.217  lr 1.0e-04  fps   8593   575.8s
it 1871/4000  reward     nan  ep_len    nan  fell    0  err_xy 0.084  std 0.217  lr 1.0e-04  fps   8506   576.0s
it 1872/4000  reward     nan  ep_len    nan  fell    0  err_xy 0.070  std 0.217  lr 1.0e-04  fps   8478   576.3s
it 1873/4000  reward     nan  ep_len    nan  fell    0  err_xy 0.068  std 0.217  lr 1.0e-04  fps   8462   576.6s
it 1874/4000  reward     nan  ep_len    nan  fell    0  err_xy 0.064  std 0.217  lr 1.0e-04  fps   8540   576.9s
it 1875/4000  reward     nan  ep_len    nan  fell    0  err_xy 0.064  std 0.217  lr 1.0e-04  fps   8599   577.1s
it 1876/4000  reward     nan  ep_len    nan  fell    0  err_xy 0.061  std 0.217  lr 1.0e-04  fps   8438   577.4s
it 1877/4000  reward     nan  ep_len    nan  fell    0  err_xy 0.063  std 0.217  lr 1.0e-04  fps   8367   577.7s
it 1878/4000  reward     nan  ep_len    nan  fell    0  err_xy 0.057  std 0.217  lr 1.0e-04  fps   7360   578.0s
it 1879/4000  reward     nan  ep_len    nan  fell    0  err_xy 0.063  std 0.217  lr 1.0e-04  fps   8403   578.3s
it 1880/4000  reward     nan  ep_len    nan  fell    0  err_xy 0.064  std 0.217  lr 1.0e-04  fps   8461   578.5s
it 1881/4000  reward     nan  ep_len    nan  fell    0  err_xy 0.060  std 0.217  lr 1.0e-04  fps   8590   578.8s
it 1882/4000  reward     nan  ep_len    nan  fell    0  err_xy 0.050  std 0.217  lr 1.0e-04  fps   8568   579.1s
it 1883/4000  reward     nan  ep_len    nan  fell    0  err_xy 0.047  std 0.217  lr 1.0e-04  fps   8085   579.4s
it 1884/4000  reward     nan  ep_len    nan  fell    0  err_xy 0.051  std 0.217  lr 1.0e-04  fps   7724   579.7s
it 1885/4000  reward     nan  ep_len    nan  fell    0  err_xy 0.044  std 0.217  lr 1.0e-04  fps   8206   579.9s
it 1886/4000  reward     nan  ep_len    nan  fell    0  err_xy 0.046  std 0.217  lr 1.0e-04  fps   8199   580.2s
it 1887/4000  reward     nan  ep_len    nan  fell    0  err_xy 0.048  std 0.217  lr 1.0e-04  fps   8126   580.5s
it 1888/4000  reward     nan  ep_len    nan  fell    0  err_xy 0.036  std 0.217  lr 1.0e-04  fps   8199   580.8s
it 1889/4000  reward     nan  ep_len    nan  fell    0  err_xy 0.035  std 0.217  lr 1.0e-04  fps   8282   581.1s
it 1890/4000  reward     nan  ep_len    nan  fell    0  err_xy 0.033  std 0.217  lr 1.0e-04  fps   8170   581.3s
it 1891/4000  reward     nan  ep_len    nan  fell    0  err_xy 0.032  std 0.217  lr 1.0e-04  fps   8340   581.6s
it 1892/4000  reward     nan  ep_len    nan  fell    0  err_xy 0.036  std 0.217  lr 1.0e-04  fps   8269   581.9s
it 1893/4000  reward     nan  ep_len    nan  fell    0  err_xy 0.023  std 0.217  lr 1.0e-04  fps   8099   582.2s
it 1894/4000  reward     nan  ep_len    nan  fell    0  err_xy 0.025  std 0.217  lr 1.0e-04  fps   8268   582.5s
it 1895/4000  reward     nan  ep_len    nan  fell    0  err_xy 0.024  std 0.217  lr 1.0e-04  fps   8461   582.7s
it 1896/4000  reward  156.81  ep_len 1058.0  fell    0  err_xy 0.098  std 0.217  lr 1.0e-04  fps   6924   583.1s
it 1897/4000  reward     nan  ep_len    nan  fell    0  err_xy 0.252  std 0.217  lr 1.0e-04  fps   7849   583.4s
it 1898/4000  reward     nan  ep_len    nan  fell    0  err_xy 0.225  std 0.217  lr 1.0e-04  fps   8575   583.6s
it 1899/4000  reward     nan  ep_len    nan  fell    0  err_xy 0.200  std 0.217  lr 1.0e-04  fps   8759   583.9s
it 1900/4000  reward     nan  ep_len    nan  fell    0  err_xy 0.209  std 0.217  lr 1.0e-04  fps   8742   584.2s
it 1901/4000  reward     nan  ep_len    nan  fell    0  err_xy 0.201  std 0.217  lr 1.0e-04  fps   8600   584.4s
it 1902/4000  reward     nan  ep_len    nan  fell    0  err_xy 0.163  std 0.217  lr 1.0e-04  fps   8550   584.7s
it 1903/4000  reward     nan  ep_len    nan  fell    0  err_xy 0.149  std 0.217  lr 1.0e-04  fps   8575   585.0s
it 1904/4000  reward     nan  ep_len    nan  fell    0  err_xy 0.114  std 0.217  lr 1.0e-04  fps   8530   585.2s
it 1905/4000  reward     nan  ep_len    nan  fell    0  err_xy 0.100  std 0.217  lr 1.0e-04  fps   8471   585.5s
it 1906/4000  reward     nan  ep_len    nan  fell    0  err_xy 0.076  std 0.217  lr 1.0e-04  fps   8504   585.8s
it 1907/4000  reward     nan  ep_len    nan  fell    0  err_xy 0.079  std 0.217  lr 1.0e-04  fps   8261   586.1s
it 1908/4000  reward     nan  ep_len    nan  fell    0  err_xy 0.064  std 0.217  lr 1.0e-04  fps   8258   586.3s
it 1909/4000  reward     nan  ep_len    nan  fell    0  err_xy 0.042  std 0.217  lr 1.0e-04  fps   8348   586.6s
it 1910/4000  reward     nan  ep_len    nan  fell    0  err_xy 0.034  std 0.217  lr 1.0e-04  fps   8380   586.9s
it 1911/4000  reward     nan  ep_len    nan  fell    0  err_xy 0.035  std 0.217  lr 1.0e-04  fps   8425   587.2s
it 1912/4000  reward     nan  ep_len    nan  fell    0  err_xy 0.024  std 0.217  lr 1.0e-04  fps   8188   587.4s
it 1913/4000  reward     nan  ep_len    nan  fell    0  err_xy 0.020  std 0.217  lr 1.0e-04  fps   7720   587.7s
it 1914/4000  reward     nan  ep_len    nan  fell    0  err_xy 0.017  std 0.217  lr 1.0e-04  fps   7801   588.0s
it 1915/4000  reward     nan  ep_len    nan  fell    0  err_xy 0.017  std 0.217  lr 1.0e-04  fps   8032   588.3s
it 1916/4000  reward     nan  ep_len    nan  fell    0  err_xy 0.014  std 0.217  lr 1.0e-04  fps   7582   588.6s
it 1917/4000  reward     nan  ep_len    nan  fell    0  err_xy 0.013  std 0.217  lr 1.0e-04  fps   7705   588.9s
it 1918/4000  reward     nan  ep_len    nan  fell    0  err_xy 0.017  std 0.217  lr 1.0e-04  fps   7767   589.2s
it 1919/4000  reward     nan  ep_len    nan  fell    0  err_xy 0.014  std 0.217  lr 1.0e-04  fps   7684   589.5s
it 1920/4000  reward     nan  ep_len    nan  fell    0  err_xy 0.013  std 0.217  lr 1.0e-04  fps   6856   589.9s
it 1921/4000  reward     nan  ep_len    nan  fell    0  err_xy 0.015  std 0.217  lr 1.0e-04  fps   7391   590.2s
it 1922/4000  reward     nan  ep_len    nan  fell    0  err_xy 0.011  std 0.217  lr 1.0e-04  fps   7661   590.5s
it 1923/4000  reward     nan  ep_len    nan  fell    0  err_xy 0.010  std 0.217  lr 1.0e-04  fps   7965   590.8s
it 1924/4000  reward     nan  ep_len    nan  fell    0  err_xy 0.011  std 0.217  lr 1.0e-04  fps   8018   591.1s
it 1925/4000  reward     nan  ep_len    nan  fell    0  err_xy 0.012  std 0.217  lr 1.0e-04  fps   7970   591.3s
it 1926/4000  reward     nan  ep_len    nan  fell    0  err_xy 0.015  std 0.217  lr 1.0e-04  fps   8073   591.6s
it 1927/4000  reward     nan  ep_len    nan  fell    0  err_xy 0.013  std 0.217  lr 1.0e-04  fps   8024   591.9s
it 1928/4000  reward     nan  ep_len    nan  fell    0  err_xy 0.016  std 0.217  lr 1.0e-04  fps   8084   592.2s
it 1929/4000  reward     nan  ep_len    nan  fell    0  err_xy 0.014  std 0.217  lr 1.0e-04  fps   8082   592.5s
it 1930/4000  reward     nan  ep_len    nan  fell    0  err_xy 0.014  std 0.217  lr 1.0e-04  fps   7977   592.8s
it 1931/4000  reward     nan  ep_len    nan  fell    0  err_xy 0.013  std 0.217  lr 1.0e-04  fps   8108   593.1s
it 1932/4000  reward     nan  ep_len    nan  fell    0  err_xy 0.015  std 0.217  lr 1.0e-04  fps   7385   593.4s
it 1933/4000  reward     nan  ep_len    nan  fell    0  err_xy 0.019  std 0.217  lr 1.0e-04  fps   8057   593.7s
it 1934/4000  reward     nan  ep_len    nan  fell    0  err_xy 0.016  std 0.217  lr 1.0e-04  fps   8189   593.9s
it 1935/4000  reward     nan  ep_len    nan  fell    0  err_xy 0.017  std 0.217  lr 1.0e-04  fps   8199   594.2s
it 1936/4000  reward     nan  ep_len    nan  fell    0  err_xy 0.019  std 0.217  lr 1.0e-04  fps   8126   594.5s
it 1937/4000  reward     nan  ep_len    nan  fell    0  err_xy 0.017  std 0.217  lr 1.0e-04  fps   8224   594.8s
it 1938/4000  reward     nan  ep_len    nan  fell    0  err_xy 0.021  std 0.217  lr 1.0e-04  fps   8219   595.1s
it 1939/4000  reward     nan  ep_len    nan  fell    0  err_xy 0.019  std 0.217  lr 1.0e-04  fps   8135   595.4s
it 1940/4000  reward  166.64  ep_len 1058.0  fell    0  err_xy 0.073  std 0.217  lr 1.0e-04  fps   6756   595.7s
it 1941/4000  reward     nan  ep_len    nan  fell    0  err_xy 0.261  std 0.217  lr 1.0e-04  fps   8253   596.0s
it 1942/4000  reward     nan  ep_len    nan  fell    0  err_xy 0.189  std 0.217  lr 1.0e-04  fps   8393   596.2s
it 1943/4000  reward     nan  ep_len    nan  fell    0  err_xy 0.163  std 0.217  lr 1.0e-04  fps   8358   596.5s
it 1944/4000  reward     nan  ep_len    nan  fell    0  err_xy 0.185  std 0.217  lr 1.0e-04  fps   8546   596.8s
it 1945/4000  reward     nan  ep_len    nan  fell    0  err_xy 0.185  std 0.217  lr 1.0e-04  fps   8592   597.1s
it 1946/4000  reward     nan  ep_len    nan  fell    0  err_xy 0.145  std 0.217  lr 1.0e-04  fps   8506   597.3s
it 1947/4000  reward     nan  ep_len    nan  fell    0  err_xy 0.133  std 0.217  lr 1.0e-04  fps   8430   597.6s
it 1948/4000  reward     nan  ep_len    nan  fell    0  err_xy 0.122  std 0.217  lr 1.0e-04  fps   8471   597.9s
it 1949/4000  reward     nan  ep_len    nan  fell    0  err_xy 0.111  std 0.217  lr 1.0e-04  fps   7861   598.2s
it 1950/4000  reward     nan  ep_len    nan  fell    0  err_xy 0.085  std 0.217  lr 1.0e-04  fps   7291   598.5s
it 1951/4000  reward     nan  ep_len    nan  fell    0  err_xy 0.082  std 0.217  lr 1.0e-04  fps   7886   598.8s
it 1952/4000  reward     nan  ep_len    nan  fell    0  err_xy 0.077  std 0.217  lr 1.0e-04  fps   7995   599.1s
it 1953/4000  reward     nan  ep_len    nan  fell    0  err_xy 0.075  std 0.217  lr 1.0e-04  fps   8261   599.3s
it 1954/4000  reward     nan  ep_len    nan  fell    0  err_xy 0.069  std 0.217  lr 1.0e-04  fps   8275   599.6s
it 1955/4000  reward     nan  ep_len    nan  fell    0  err_xy 0.061  std 0.217  lr 1.0e-04  fps   8084   599.9s
it 1956/4000  reward     nan  ep_len    nan  fell    0  err_xy 0.055  std 0.217  lr 1.0e-04  fps   8161   600.2s
it 1957/4000  reward     nan  ep_len    nan  fell    0  err_xy 0.043  std 0.217  lr 1.0e-04  fps   8166   600.5s
it 1958/4000  reward     nan  ep_len    nan  fell    0  err_xy 0.040  std 0.217  lr 1.0e-04  fps   7949   600.8s
it 1959/4000  reward     nan  ep_len    nan  fell    0  err_xy 0.037  std 0.217  lr 1.0e-04  fps   8343   601.0s
it 1960/4000  reward     nan  ep_len    nan  fell    0  err_xy 0.033  std 0.217  lr 1.0e-04  fps   7843   601.3s
it 1961/4000  reward     nan  ep_len    nan  fell    0  err_xy 0.028  std 0.217  lr 1.0e-04  fps   8130   601.6s
it 1962/4000  reward     nan  ep_len    nan  fell    0  err_xy 0.025  std 0.217  lr 1.0e-04  fps   7348   601.9s
it 1963/4000  reward     nan  ep_len    nan  fell    0  err_xy 0.030  std 0.217  lr 1.0e-04  fps   7391   602.2s
it 1964/4000  reward     nan  ep_len    nan  fell    0  err_xy 0.026  std 0.217  lr 1.0e-04  fps   7665   602.5s
it 1965/4000  reward     nan  ep_len    nan  fell    0  err_xy 0.030  std 0.217  lr 1.0e-04  fps   6087   602.9s
it 1966/4000  reward     nan  ep_len    nan  fell    0  err_xy 0.028  std 0.217  lr 1.0e-04  fps   6974   603.3s
it 1967/4000  reward     nan  ep_len    nan  fell    0  err_xy 0.022  std 0.217  lr 1.0e-04  fps   8044   603.5s
it 1968/4000  reward     nan  ep_len    nan  fell    0  err_xy 0.020  std 0.217  lr 1.0e-04  fps   8015   603.8s
it 1969/4000  reward     nan  ep_len    nan  fell    0  err_xy 0.024  std 0.217  lr 1.0e-04  fps   8128   604.1s
it 1970/4000  reward     nan  ep_len    nan  fell    0  err_xy 0.021  std 0.217  lr 1.0e-04  fps   7319   604.4s
it 1971/4000  reward     nan  ep_len    nan  fell    0  err_xy 0.021  std 0.217  lr 1.0e-04  fps   7647   604.7s
it 1972/4000  reward     nan  ep_len    nan  fell    0  err_xy 0.019  std 0.217  lr 1.0e-04  fps   8115   605.0s
it 1973/4000  reward     nan  ep_len    nan  fell    0  err_xy 0.016  std 0.217  lr 1.0e-04  fps   8276   605.3s
it 1974/4000  reward     nan  ep_len    nan  fell    0  err_xy 0.014  std 0.217  lr 1.0e-04  fps   8357   605.6s
it 1975/4000  reward     nan  ep_len    nan  fell    0  err_xy 0.016  std 0.217  lr 1.0e-04  fps   8433   605.8s
it 1976/4000  reward     nan  ep_len    nan  fell    0  err_xy 0.015  std 0.217  lr 1.0e-04  fps   8287   606.1s
it 1977/4000  reward     nan  ep_len    nan  fell    0  err_xy 0.015  std 0.217  lr 1.0e-04  fps   7956   606.4s
it 1978/4000  reward     nan  ep_len    nan  fell    0  err_xy 0.014  std 0.217  lr 1.0e-04  fps   8274   606.7s
it 1979/4000  reward     nan  ep_len    nan  fell    0  err_xy 0.012  std 0.217  lr 1.0e-04  fps   8486   607.0s
it 1980/4000  reward     nan  ep_len    nan  fell    0  err_xy 0.014  std 0.217  lr 1.0e-04  fps   8428   607.2s
it 1981/4000  reward     nan  ep_len    nan  fell    0  err_xy 0.015  std 0.217  lr 1.0e-04  fps   8394   607.5s
it 1982/4000  reward     nan  ep_len    nan  fell    0  err_xy 0.015  std 0.217  lr 1.0e-04  fps   8482   607.8s
it 1983/4000  reward     nan  ep_len    nan  fell    0  err_xy 0.017  std 0.217  lr 1.0e-04  fps   8549   608.1s
it 1984/4000  reward  156.60  ep_len 1058.0  fell    0  err_xy 0.054  std 0.217  lr 1.0e-04  fps   6900   608.4s
it 1985/4000  reward     nan  ep_len    nan  fell    0  err_xy 0.275  std 0.217  lr 1.0e-04  fps   8613   608.7s
it 1986/4000  reward     nan  ep_len    nan  fell    0  err_xy 0.230  std 0.217  lr 1.0e-04  fps   8646   608.9s
it 1987/4000  reward     nan  ep_len    nan  fell    0  err_xy 0.212  std 0.217  lr 1.0e-04  fps   8682   609.2s
it 1988/4000  reward     nan  ep_len    nan  fell    0  err_xy 0.193  std 0.217  lr 1.0e-04  fps   8470   609.5s
it 1989/4000  reward     nan  ep_len    nan  fell    0  err_xy 0.186  std 0.217  lr 1.0e-04  fps   8473   609.7s
it 1990/4000  reward     nan  ep_len    nan  fell    0  err_xy 0.170  std 0.217  lr 1.0e-04  fps   8377   610.0s
it 1991/4000  reward     nan  ep_len    nan  fell    0  err_xy 0.151  std 0.217  lr 1.0e-04  fps   8507   610.3s
it 1992/4000  reward     nan  ep_len    nan  fell    0  err_xy 0.117  std 0.217  lr 1.0e-04  fps   8304   610.6s
it 1993/4000  reward     nan  ep_len    nan  fell    0  err_xy 0.098  std 0.217  lr 1.0e-04  fps   8309   610.8s
it 1994/4000  reward     nan  ep_len    nan  fell    0  err_xy 0.096  std 0.217  lr 1.0e-04  fps   8315   611.1s
it 1995/4000  reward     nan  ep_len    nan  fell    0  err_xy 0.083  std 0.217  lr 1.0e-04  fps   8202   611.4s
it 1996/4000  reward     nan  ep_len    nan  fell    0  err_xy 0.075  std 0.217  lr 1.0e-04  fps   8273   611.7s
it 1997/4000  reward     nan  ep_len    nan  fell    0  err_xy 0.067  std 0.217  lr 1.0e-04  fps   8334   612.0s
it 1998/4000  reward     nan  ep_len    nan  fell    0  err_xy 0.058  std 0.217  lr 1.0e-04  fps   8396   612.2s
it 1999/4000  reward     nan  ep_len    nan  fell    0  err_xy 0.046  std 0.217  lr 1.0e-04  fps   8314   612.5s
it 2000/4000  reward     nan  ep_len    nan  fell    0  err_xy 0.047  std 0.217  lr 1.0e-04  fps   8350   612.8s
eval iteration 2000:
  prone          success   0.0%  time 21.16s  peak_τ 0.96 Nm  return 197.70
  supine         success   0.0%  time 21.16s  peak_τ 0.96 Nm  return 142.18
  score 0.000
it 2001/4000  reward     nan  ep_len    nan  fell    0  err_xy 0.046  std 0.217  lr 1.0e-04  fps   7962   617.7s
it 2002/4000  reward     nan  ep_len    nan  fell    0  err_xy 0.037  std 0.217  lr 1.0e-04  fps   8379   618.0s
it 2003/4000  reward     nan  ep_len    nan  fell    0  err_xy 0.042  std 0.217  lr 1.0e-04  fps   8320   618.3s
it 2004/4000  reward     nan  ep_len    nan  fell    0  err_xy 0.040  std 0.217  lr 1.0e-04  fps   8528   618.5s
it 2005/4000  reward     nan  ep_len    nan  fell    0  err_xy 0.048  std 0.217  lr 1.0e-04  fps   8693   618.8s
it 2006/4000  reward     nan  ep_len    nan  fell    0  err_xy 0.050  std 0.217  lr 1.0e-04  fps   8723   619.1s
it 2007/4000  reward     nan  ep_len    nan  fell    0  err_xy 0.049  std 0.217  lr 1.0e-04  fps   8696   619.3s
it 2008/4000  reward     nan  ep_len    nan  fell    0  err_xy 0.046  std 0.217  lr 1.0e-04  fps   8500   619.6s
it 2009/4000  reward     nan  ep_len    nan  fell    0  err_xy 0.040  std 0.217  lr 1.0e-04  fps   8458   619.9s
it 2010/4000  reward     nan  ep_len    nan  fell    0  err_xy 0.035  std 0.217  lr 1.0e-04  fps   8336   620.1s
it 2011/4000  reward     nan  ep_len    nan  fell    0  err_xy 0.034  std 0.217  lr 1.0e-04  fps   7687   620.4s
it 2012/4000  reward     nan  ep_len    nan  fell    0  err_xy 0.031  std 0.217  lr 1.0e-04  fps   8529   620.7s
it 2013/4000  reward     nan  ep_len    nan  fell    0  err_xy 0.032  std 0.217  lr 1.0e-04  fps   8594   621.0s
it 2014/4000  reward     nan  ep_len    nan  fell    0  err_xy 0.030  std 0.217  lr 1.0e-04  fps   8570   621.3s
it 2015/4000  reward     nan  ep_len    nan  fell    0  err_xy 0.021  std 0.217  lr 1.0e-04  fps   8506   621.5s
it 2016/4000  reward     nan  ep_len    nan  fell    0  err_xy 0.020  std 0.217  lr 1.0e-04  fps   8418   621.8s
it 2017/4000  reward     nan  ep_len    nan  fell    0  err_xy 0.023  std 0.217  lr 1.0e-04  fps   8688   622.1s
it 2018/4000  reward     nan  ep_len    nan  fell    0  err_xy 0.025  std 0.217  lr 1.0e-04  fps   8721   622.3s
it 2019/4000  reward     nan  ep_len    nan  fell    0  err_xy 0.022  std 0.217  lr 1.0e-04  fps   8701   622.6s
it 2020/4000  reward     nan  ep_len    nan  fell    0  err_xy 0.022  std 0.217  lr 1.0e-04  fps   8775   622.9s
it 2021/4000  reward     nan  ep_len    nan  fell    0  err_xy 0.017  std 0.217  lr 1.0e-04  fps   8772   623.1s
it 2022/4000  reward     nan  ep_len    nan  fell    0  err_xy 0.017  std 0.217  lr 1.0e-04  fps   8638   623.4s
it 2023/4000  reward     nan  ep_len    nan  fell    0  err_xy 0.014  std 0.217  lr 1.0e-04  fps   8722   623.7s
it 2024/4000  reward     nan  ep_len    nan  fell    0  err_xy 0.015  std 0.217  lr 1.0e-04  fps   8840   623.9s
it 2025/4000  reward     nan  ep_len    nan  fell    0  err_xy 0.013  std 0.217  lr 1.0e-04  fps   8881   624.2s
it 2026/4000  reward     nan  ep_len    nan  fell    0  err_xy 0.013  std 0.217  lr 1.0e-04  fps   8814   624.4s
it 2027/4000  reward     nan  ep_len    nan  fell    0  err_xy 0.014  std 0.217  lr 1.0e-04  fps   8841   624.7s
it 2028/4000  reward  162.24  ep_len 1058.0  fell    0  err_xy 0.037  std 0.217  lr 1.0e-04  fps   7268   625.0s
it 2029/4000  reward     nan  ep_len    nan  fell    0  err_xy 0.265  std 0.217  lr 1.0e-04  fps   8981   625.3s
it 2030/4000  reward     nan  ep_len    nan  fell    0  err_xy 0.185  std 0.217  lr 1.0e-04  fps   9021   625.5s
it 2031/4000  reward     nan  ep_len    nan  fell    0  err_xy 0.184  std 0.217  lr 1.0e-04  fps   8955   625.8s
it 2032/4000  reward     nan  ep_len    nan  fell    0  err_xy 0.183  std 0.217  lr 1.0e-04  fps   8919   626.0s
it 2033/4000  reward     nan  ep_len    nan  fell    0  err_xy 0.174  std 0.217  lr 1.0e-04  fps   8854   626.3s
it 2034/4000  reward     nan  ep_len    nan  fell    0  err_xy 0.170  std 0.217  lr 1.0e-04  fps   8797   626.6s
it 2035/4000  reward     nan  ep_len    nan  fell    0  err_xy 0.162  std 0.217  lr 1.0e-04  fps   8725   626.8s
it 2036/4000  reward     nan  ep_len    nan  fell    0  err_xy 0.140  std 0.217  lr 1.0e-04  fps   8736   627.1s
it 2037/4000  reward     nan  ep_len    nan  fell    0  err_xy 0.131  std 0.217  lr 1.0e-04  fps   8702   627.4s
it 2038/4000  reward     nan  ep_len    nan  fell    0  err_xy 0.107  std 0.217  lr 1.0e-04  fps   8606   627.6s
it 2039/4000  reward     nan  ep_len    nan  fell    0  err_xy 0.103  std 0.217  lr 1.0e-04  fps   8609   627.9s
it 2040/4000  reward     nan  ep_len    nan  fell    0  err_xy 0.095  std 0.217  lr 1.0e-04  fps   8611   628.2s
it 2041/4000  reward     nan  ep_len    nan  fell    0  err_xy 0.098  std 0.217  lr 1.0e-04  fps   8663   628.4s
it 2042/4000  reward     nan  ep_len    nan  fell    0  err_xy 0.091  std 0.217  lr 1.0e-04  fps   8762   628.7s
it 2043/4000  reward     nan  ep_len    nan  fell    0  err_xy 0.086  std 0.217  lr 1.0e-04  fps   8699   629.0s
it 2044/4000  reward     nan  ep_len    nan  fell    0  err_xy 0.087  std 0.217  lr 1.0e-04  fps   8646   629.2s
it 2045/4000  reward     nan  ep_len    nan  fell    0  err_xy 0.083  std 0.217  lr 1.0e-04  fps   8414   629.5s
it 2046/4000  reward     nan  ep_len    nan  fell    0  err_xy 0.062  std 0.217  lr 1.0e-04  fps   8575   629.8s
it 2047/4000  reward     nan  ep_len    nan  fell    0  err_xy 0.064  std 0.217  lr 1.0e-04  fps   8666   630.0s
it 2048/4000  reward     nan  ep_len    nan  fell    0  err_xy 0.065  std 0.217  lr 1.0e-04  fps   8585   630.3s
it 2049/4000  reward     nan  ep_len    nan  fell    0  err_xy 0.059  std 0.217  lr 1.0e-04  fps   8647   630.6s
it 2050/4000  reward     nan  ep_len    nan  fell    0  err_xy 0.053  std 0.217  lr 1.0e-04  fps   8615   630.8s
it 2051/4000  reward     nan  ep_len    nan  fell    0  err_xy 0.046  std 0.217  lr 1.0e-04  fps   8653   631.1s
it 2052/4000  reward     nan  ep_len    nan  fell    0  err_xy 0.037  std 0.217  lr 1.0e-04  fps   8551   631.4s
it 2053/4000  reward     nan  ep_len    nan  fell    0  err_xy 0.030  std 0.217  lr 1.0e-04  fps   8602   631.6s
it 2054/4000  reward     nan  ep_len    nan  fell    0  err_xy 0.032  std 0.217  lr 1.0e-04  fps   8642   631.9s
it 2055/4000  reward     nan  ep_len    nan  fell    0  err_xy 0.028  std 0.217  lr 1.0e-04  fps   8577   632.2s
it 2056/4000  reward     nan  ep_len    nan  fell    0  err_xy 0.020  std 0.217  lr 1.0e-04  fps   8409   632.5s
it 2057/4000  reward     nan  ep_len    nan  fell    0  err_xy 0.015  std 0.217  lr 1.0e-04  fps   8632   632.7s
it 2058/4000  reward     nan  ep_len    nan  fell    0  err_xy 0.023  std 0.217  lr 1.0e-04  fps   8522   633.0s
it 2059/4000  reward     nan  ep_len    nan  fell    0  err_xy 0.023  std 0.217  lr 1.0e-04  fps   8472   633.3s
it 2060/4000  reward     nan  ep_len    nan  fell    0  err_xy 0.021  std 0.217  lr 1.0e-04  fps   8465   633.5s
it 2061/4000  reward     nan  ep_len    nan  fell    0  err_xy 0.021  std 0.217  lr 1.0e-04  fps   8664   633.8s
it 2062/4000  reward     nan  ep_len    nan  fell    0  err_xy 0.022  std 0.217  lr 1.0e-04  fps   8601   634.1s
it 2063/4000  reward     nan  ep_len    nan  fell    0  err_xy 0.022  std 0.217  lr 1.0e-04  fps   8640   634.3s
it 2064/4000  reward     nan  ep_len    nan  fell    0  err_xy 0.024  std 0.217  lr 1.0e-04  fps   8650   634.6s
it 2065/4000  reward     nan  ep_len    nan  fell    0  err_xy 0.025  std 0.217  lr 1.0e-04  fps   8733   634.9s
it 2066/4000  reward     nan  ep_len    nan  fell    0  err_xy 0.020  std 0.217  lr 1.0e-04  fps   8787   635.1s
it 2067/4000  reward     nan  ep_len    nan  fell    0  err_xy 0.019  std 0.217  lr 1.0e-04  fps   8773   635.4s
it 2068/4000  reward     nan  ep_len    nan  fell    0  err_xy 0.014  std 0.217  lr 1.0e-04  fps   8830   635.7s
it 2069/4000  reward     nan  ep_len    nan  fell    0  err_xy 0.015  std 0.217  lr 1.0e-04  fps   8804   635.9s
it 2070/4000  reward     nan  ep_len    nan  fell    0  err_xy 0.013  std 0.217  lr 1.0e-04  fps   8842   636.2s
it 2071/4000  reward     nan  ep_len    nan  fell    0  err_xy 0.013  std 0.217  lr 1.0e-04  fps   8702   636.4s
it 2072/4000  reward  160.81  ep_len 1058.0  fell    0  err_xy 0.020  std 0.217  lr 1.0e-04  fps   7027   636.8s
it 2073/4000  reward     nan  ep_len    nan  fell    0  err_xy 0.276  std 0.217  lr 1.0e-04  fps   8831   637.0s
it 2074/4000  reward     nan  ep_len    nan  fell    0  err_xy 0.190  std 0.217  lr 1.0e-04  fps   8704   637.3s
it 2075/4000  reward     nan  ep_len    nan  fell    0  err_xy 0.184  std 0.217  lr 1.0e-04  fps   8188   637.6s
it 2076/4000  reward     nan  ep_len    nan  fell    0  err_xy 0.168  std 0.217  lr 1.0e-04  fps   8075   637.9s
it 2077/4000  reward     nan  ep_len    nan  fell    0  err_xy 0.163  std 0.217  lr 1.0e-04  fps   7940   638.2s
it 2078/4000  reward     nan  ep_len    nan  fell    0  err_xy 0.158  std 0.217  lr 1.0e-04  fps   8676   638.4s
it 2079/4000  reward     nan  ep_len    nan  fell    0  err_xy 0.145  std 0.217  lr 1.0e-04  fps   8700   638.7s
it 2080/4000  reward     nan  ep_len    nan  fell    0  err_xy 0.131  std 0.217  lr 1.0e-04  fps   8793   638.9s
it 2081/4000  reward     nan  ep_len    nan  fell    0  err_xy 0.117  std 0.217  lr 1.0e-04  fps   8747   639.2s
it 2082/4000  reward     nan  ep_len    nan  fell    0  err_xy 0.099  std 0.217  lr 1.0e-04  fps   8684   639.5s
it 2083/4000  reward     nan  ep_len    nan  fell    0  err_xy 0.104  std 0.217  lr 1.0e-04  fps   8615   639.7s
it 2084/4000  reward     nan  ep_len    nan  fell    0  err_xy 0.078  std 0.217  lr 1.0e-04  fps   8749   640.0s
it 2085/4000  reward     nan  ep_len    nan  fell    0  err_xy 0.065  std 0.217  lr 1.0e-04  fps   8670   640.3s
it 2086/4000  reward     nan  ep_len    nan  fell    0  err_xy 0.060  std 0.217  lr 1.0e-04  fps   8522   640.5s
it 2087/4000  reward     nan  ep_len    nan  fell    0  err_xy 0.052  std 0.217  lr 1.0e-04  fps   8555   640.8s
it 2088/4000  reward     nan  ep_len    nan  fell    0  err_xy 0.054  std 0.217  lr 1.0e-04  fps   7446   641.1s
it 2089/4000  reward     nan  ep_len    nan  fell    0  err_xy 0.047  std 0.217  lr 1.0e-04  fps   7087   641.4s
it 2090/4000  reward     nan  ep_len    nan  fell    0  err_xy 0.036  std 0.217  lr 1.0e-04  fps   7712   641.7s
it 2091/4000  reward     nan  ep_len    nan  fell    0  err_xy 0.035  std 0.217  lr 1.0e-04  fps   7081   642.1s
it 2092/4000  reward     nan  ep_len    nan  fell    0  err_xy 0.033  std 0.217  lr 1.0e-04  fps   8299   642.4s
it 2093/4000  reward     nan  ep_len    nan  fell    0  err_xy 0.037  std 0.217  lr 1.0e-04  fps   8394   642.6s
it 2094/4000  reward     nan  ep_len    nan  fell    0  err_xy 0.027  std 0.217  lr 1.0e-04  fps   8397   642.9s
it 2095/4000  reward     nan  ep_len    nan  fell    0  err_xy 0.026  std 0.217  lr 1.0e-04  fps   8408   643.2s
it 2096/4000  reward     nan  ep_len    nan  fell    0  err_xy 0.021  std 0.217  lr 1.0e-04  fps   8310   643.5s
it 2097/4000  reward     nan  ep_len    nan  fell    0  err_xy 0.018  std 0.217  lr 1.0e-04  fps   7993   643.7s
it 2098/4000  reward     nan  ep_len    nan  fell    0  err_xy 0.017  std 0.217  lr 1.0e-04  fps   7720   644.0s
it 2099/4000  reward     nan  ep_len    nan  fell    0  err_xy 0.015  std 0.217  lr 1.0e-04  fps   7398   644.4s
it 2100/4000  reward     nan  ep_len    nan  fell    0  err_xy 0.020  std 0.217  lr 1.0e-04  fps   7815   644.6s
it 2101/4000  reward     nan  ep_len    nan  fell    0  err_xy 0.024  std 0.217  lr 1.0e-04  fps   8296   644.9s
it 2102/4000  reward     nan  ep_len    nan  fell    0  err_xy 0.021  std 0.217  lr 1.0e-04  fps   7290   645.2s
it 2103/4000  reward     nan  ep_len    nan  fell    0  err_xy 0.030  std 0.217  lr 1.0e-04  fps   7997   645.5s
it 2104/4000  reward     nan  ep_len    nan  fell    0  err_xy 0.025  std 0.217  lr 1.0e-04  fps   7699   645.8s
it 2105/4000  reward     nan  ep_len    nan  fell    0  err_xy 0.023  std 0.217  lr 1.0e-04  fps   7429   646.1s
it 2106/4000  reward     nan  ep_len    nan  fell    0  err_xy 0.026  std 0.217  lr 1.0e-04  fps   7999   646.4s
it 2107/4000  reward     nan  ep_len    nan  fell    0  err_xy 0.026  std 0.217  lr 1.0e-04  fps   7734   646.7s
it 2108/4000  reward     nan  ep_len    nan  fell    0  err_xy 0.023  std 0.217  lr 1.0e-04  fps   7860   647.0s
it 2109/4000  reward     nan  ep_len    nan  fell    0  err_xy 0.024  std 0.217  lr 1.0e-04  fps   8277   647.3s
it 2110/4000  reward     nan  ep_len    nan  fell    0  err_xy 0.018  std 0.217  lr 1.0e-04  fps   8490   647.6s
it 2111/4000  reward     nan  ep_len    nan  fell    0  err_xy 0.016  std 0.217  lr 1.0e-04  fps   8379   647.8s
it 2112/4000  reward     nan  ep_len    nan  fell    0  err_xy 0.016  std 0.217  lr 1.0e-04  fps   7461   648.2s
it 2113/4000  reward     nan  ep_len    nan  fell    0  err_xy 0.016  std 0.217  lr 1.0e-04  fps   7650   648.5s
it 2114/4000  reward     nan  ep_len    nan  fell    0  err_xy 0.018  std 0.217  lr 1.0e-04  fps   7709   648.8s
it 2115/4000  reward     nan  ep_len    nan  fell    0  err_xy 0.017  std 0.217  lr 1.0e-04  fps   8514   649.0s
it 2116/4000  reward  159.02  ep_len 1058.0  fell    0  err_xy 0.013  std 0.217  lr 1.0e-04  fps   6977   649.4s
it 2117/4000  reward     nan  ep_len    nan  fell    0  err_xy 0.247  std 0.217  lr 1.0e-04  fps   8529   649.6s
it 2118/4000  reward     nan  ep_len    nan  fell    0  err_xy 0.200  std 0.217  lr 1.0e-04  fps   8669   649.9s
it 2119/4000  reward     nan  ep_len    nan  fell    0  err_xy 0.187  std 0.217  lr 1.0e-04  fps   8652   650.2s
it 2120/4000  reward     nan  ep_len    nan  fell    0  err_xy 0.182  std 0.217  lr 1.0e-04  fps   8634   650.4s
it 2121/4000  reward     nan  ep_len    nan  fell    0  err_xy 0.172  std 0.217  lr 1.0e-04  fps   8650   650.7s
it 2122/4000  reward     nan  ep_len    nan  fell    0  err_xy 0.164  std 0.217  lr 1.0e-04  fps   8441   651.0s
it 2123/4000  reward     nan  ep_len    nan  fell    0  err_xy 0.144  std 0.217  lr 1.0e-04  fps   8366   651.2s
it 2124/4000  reward     nan  ep_len    nan  fell    0  err_xy 0.112  std 0.217  lr 1.0e-04  fps   7962   651.5s
it 2125/4000  reward     nan  ep_len    nan  fell    0  err_xy 0.109  std 0.217  lr 1.0e-04  fps   7365   651.8s
it 2126/4000  reward     nan  ep_len    nan  fell    0  err_xy 0.086  std 0.217  lr 1.0e-04  fps   8400   652.1s
it 2127/4000  reward     nan  ep_len    nan  fell    0  err_xy 0.077  std 0.217  lr 1.0e-04  fps   8314   652.4s
it 2128/4000  reward     nan  ep_len    nan  fell    0  err_xy 0.063  std 0.217  lr 1.0e-04  fps   8043   652.7s
it 2129/4000  reward     nan  ep_len    nan  fell    0  err_xy 0.065  std 0.217  lr 1.0e-04  fps   8439   653.0s
it 2130/4000  reward     nan  ep_len    nan  fell    0  err_xy 0.057  std 0.217  lr 1.0e-04  fps   8245   653.2s
it 2131/4000  reward     nan  ep_len    nan  fell    0  err_xy 0.052  std 0.217  lr 1.0e-04  fps   7199   653.6s
it 2132/4000  reward     nan  ep_len    nan  fell    0  err_xy 0.050  std 0.217  lr 1.0e-04  fps   6971   653.9s
it 2133/4000  reward     nan  ep_len    nan  fell    0  err_xy 0.044  std 0.217  lr 1.0e-04  fps   7765   654.2s
it 2134/4000  reward     nan  ep_len    nan  fell    0  err_xy 0.039  std 0.217  lr 1.0e-04  fps   8100   654.5s
it 2135/4000  reward     nan  ep_len    nan  fell    0  err_xy 0.037  std 0.217  lr 1.0e-04  fps   8334   654.7s
it 2136/4000  reward     nan  ep_len    nan  fell    0  err_xy 0.036  std 0.217  lr 1.0e-04  fps   8289   655.0s
it 2137/4000  reward     nan  ep_len    nan  fell    0  err_xy 0.022  std 0.217  lr 1.0e-04  fps   8305   655.3s
it 2138/4000  reward     nan  ep_len    nan  fell    0  err_xy 0.029  std 0.217  lr 1.0e-04  fps   7754   655.6s
it 2139/4000  reward     nan  ep_len    nan  fell    0  err_xy 0.028  std 0.217  lr 1.0e-04  fps   8156   655.9s
it 2140/4000  reward     nan  ep_len    nan  fell    0  err_xy 0.019  std 0.217  lr 1.0e-04  fps   8020   656.2s
it 2141/4000  reward     nan  ep_len    nan  fell    0  err_xy 0.024  std 0.217  lr 1.0e-04  fps   8464   656.4s
it 2142/4000  reward     nan  ep_len    nan  fell    0  err_xy 0.018  std 0.217  lr 1.0e-04  fps   8473   656.7s
it 2143/4000  reward     nan  ep_len    nan  fell    0  err_xy 0.019  std 0.217  lr 1.0e-04  fps   8480   657.0s
it 2144/4000  reward     nan  ep_len    nan  fell    0  err_xy 0.019  std 0.217  lr 1.0e-04  fps   8427   657.3s
it 2145/4000  reward     nan  ep_len    nan  fell    0  err_xy 0.016  std 0.217  lr 1.0e-04  fps   8327   657.5s
it 2146/4000  reward     nan  ep_len    nan  fell    0  err_xy 0.016  std 0.217  lr 1.0e-04  fps   8387   657.8s
it 2147/4000  reward     nan  ep_len    nan  fell    0  err_xy 0.015  std 0.217  lr 1.0e-04  fps   8469   658.1s
it 2148/4000  reward     nan  ep_len    nan  fell    0  err_xy 0.013  std 0.217  lr 1.0e-04  fps   8486   658.4s
it 2149/4000  reward     nan  ep_len    nan  fell    0  err_xy 0.013  std 0.217  lr 1.0e-04  fps   8546   658.6s
it 2150/4000  reward     nan  ep_len    nan  fell    0  err_xy 0.015  std 0.217  lr 1.0e-04  fps   8683   658.9s
it 2151/4000  reward     nan  ep_len    nan  fell    0  err_xy 0.015  std 0.217  lr 1.0e-04  fps   8677   659.2s
it 2152/4000  reward     nan  ep_len    nan  fell    0  err_xy 0.015  std 0.217  lr 1.0e-04  fps   8325   659.4s
it 2153/4000  reward     nan  ep_len    nan  fell    0  err_xy 0.018  std 0.217  lr 1.0e-04  fps   8470   659.7s
it 2154/4000  reward     nan  ep_len    nan  fell    0  err_xy 0.018  std 0.217  lr 1.0e-04  fps   8583   660.0s
it 2155/4000  reward     nan  ep_len    nan  fell    0  err_xy 0.014  std 0.217  lr 1.0e-04  fps   8568   660.2s
it 2156/4000  reward     nan  ep_len    nan  fell    0  err_xy 0.013  std 0.217  lr 1.0e-04  fps   8568   660.5s
it 2157/4000  reward     nan  ep_len    nan  fell    0  err_xy 0.013  std 0.217  lr 1.0e-04  fps   8690   660.8s
it 2158/4000  reward     nan  ep_len    nan  fell    0  err_xy 0.012  std 0.217  lr 1.0e-04  fps   8708   661.0s
it 2159/4000  reward     nan  ep_len    nan  fell    0  err_xy 0.012  std 0.217  lr 1.0e-04  fps   8565   661.3s
it 2160/4000  reward     nan  ep_len    nan  fell    0  err_xy 0.014  std 0.217  lr 1.0e-04  fps   8589   661.6s
it 2161/4000  reward  161.20  ep_len 1058.0  fell    0  err_xy 0.222  std 0.217  lr 1.0e-04  fps   7186   661.9s
it 2162/4000  reward     nan  ep_len    nan  fell    0  err_xy 0.190  std 0.217  lr 1.0e-04  fps   8437   662.2s
it 2163/4000  reward     nan  ep_len    nan  fell    0  err_xy 0.159  std 0.217  lr 1.0e-04  fps   8132   662.5s
it 2164/4000  reward     nan  ep_len    nan  fell    0  err_xy 0.167  std 0.217  lr 1.0e-04  fps   8465   662.7s
it 2165/4000  reward     nan  ep_len    nan  fell    0  err_xy 0.166  std 0.217  lr 1.0e-04  fps   6528   663.1s
it 2166/4000  reward     nan  ep_len    nan  fell    0  err_xy 0.144  std 0.217  lr 1.0e-04  fps   7996   663.4s
it 2167/4000  reward     nan  ep_len    nan  fell    0  err_xy 0.121  std 0.217  lr 1.0e-04  fps   7971   663.7s
it 2168/4000  reward     nan  ep_len    nan  fell    0  err_xy 0.092  std 0.217  lr 1.0e-04  fps   8286   663.9s
it 2169/4000  reward     nan  ep_len    nan  fell    0  err_xy 0.075  std 0.217  lr 1.0e-04  fps   8406   664.2s
it 2170/4000  reward     nan  ep_len    nan  fell    0  err_xy 0.070  std 0.217  lr 1.0e-04  fps   8287   664.5s
it 2171/4000  reward     nan  ep_len    nan  fell    0  err_xy 0.064  std 0.217  lr 1.0e-04  fps   7697   664.8s
it 2172/4000  reward     nan  ep_len    nan  fell    0  err_xy 0.050  std 0.217  lr 1.0e-04  fps   8267   665.1s
it 2173/4000  reward     nan  ep_len    nan  fell    0  err_xy 0.044  std 0.217  lr 1.0e-04  fps   7887   665.4s
it 2174/4000  reward     nan  ep_len    nan  fell    0  err_xy 0.040  std 0.217  lr 1.0e-04  fps   7900   665.7s
it 2175/4000  reward     nan  ep_len    nan  fell    0  err_xy 0.036  std 0.217  lr 1.0e-04  fps   7525   666.0s
it 2176/4000  reward     nan  ep_len    nan  fell    0  err_xy 0.041  std 0.217  lr 1.0e-04  fps   7570   666.3s
it 2177/4000  reward     nan  ep_len    nan  fell    0  err_xy 0.033  std 0.217  lr 1.0e-04  fps   8274   666.6s
it 2178/4000  reward     nan  ep_len    nan  fell    0  err_xy 0.030  std 0.217  lr 1.0e-04  fps   8441   666.8s
it 2179/4000  reward     nan  ep_len    nan  fell    0  err_xy 0.027  std 0.217  lr 1.0e-04  fps   8511   667.1s
it 2180/4000  reward     nan  ep_len    nan  fell    0  err_xy 0.031  std 0.217  lr 1.0e-04  fps   8430   667.4s
it 2181/4000  reward     nan  ep_len    nan  fell    0  err_xy 0.026  std 0.217  lr 1.0e-04  fps   8465   667.6s
it 2182/4000  reward     nan  ep_len    nan  fell    0  err_xy 0.026  std 0.217  lr 1.0e-04  fps   8511   667.9s
it 2183/4000  reward     nan  ep_len    nan  fell    0  err_xy 0.027  std 0.217  lr 1.0e-04  fps   8406   668.2s
it 2184/4000  reward     nan  ep_len    nan  fell    0  err_xy 0.018  std 0.217  lr 1.0e-04  fps   8453   668.5s
it 2185/4000  reward     nan  ep_len    nan  fell    0  err_xy 0.016  std 0.217  lr 1.0e-04  fps   8572   668.7s
it 2186/4000  reward     nan  ep_len    nan  fell    0  err_xy 0.016  std 0.217  lr 1.0e-04  fps   8398   669.0s
it 2187/4000  reward     nan  ep_len    nan  fell    0  err_xy 0.010  std 0.217  lr 1.0e-04  fps   8386   669.3s
it 2188/4000  reward     nan  ep_len    nan  fell    0  err_xy 0.009  std 0.217  lr 1.0e-04  fps   8401   669.6s
it 2189/4000  reward     nan  ep_len    nan  fell    0  err_xy 0.008  std 0.217  lr 1.0e-04  fps   8556   669.8s
it 2190/4000  reward     nan  ep_len    nan  fell    0  err_xy 0.009  std 0.217  lr 1.0e-04  fps   8601   670.1s
it 2191/4000  reward     nan  ep_len    nan  fell    0  err_xy 0.010  std 0.217  lr 1.0e-04  fps   8601   670.4s
it 2192/4000  reward     nan  ep_len    nan  fell    0  err_xy 0.011  std 0.217  lr 1.0e-04  fps   8514   670.6s
it 2193/4000  reward     nan  ep_len    nan  fell    0  err_xy 0.014  std 0.217  lr 1.0e-04  fps   8665   670.9s
it 2194/4000  reward     nan  ep_len    nan  fell    0  err_xy 0.011  std 0.217  lr 1.0e-04  fps   8673   671.2s
it 2195/4000  reward     nan  ep_len    nan  fell    0  err_xy 0.010  std 0.217  lr 1.0e-04  fps   8628   671.4s
it 2196/4000  reward     nan  ep_len    nan  fell    0  err_xy 0.009  std 0.217  lr 1.0e-04  fps   8669   671.7s
it 2197/4000  reward     nan  ep_len    nan  fell    0  err_xy 0.010  std 0.217  lr 1.0e-04  fps   8543   672.0s
it 2198/4000  reward     nan  ep_len    nan  fell    0  err_xy 0.010  std 0.217  lr 1.0e-04  fps   8682   672.2s
it 2199/4000  reward     nan  ep_len    nan  fell    0  err_xy 0.010  std 0.217  lr 1.0e-04  fps   8693   672.5s
it 2200/4000  reward     nan  ep_len    nan  fell    0  err_xy 0.013  std 0.217  lr 1.0e-04  fps   8757   672.8s
eval iteration 2200:
  prone          success   0.0%  time 21.16s  peak_τ 0.96 Nm  return 194.57
  supine         success   0.0%  time 21.16s  peak_τ 0.96 Nm  return 180.04
  score 0.000
it 2201/4000  reward     nan  ep_len    nan  fell    0  err_xy 0.012  std 0.217  lr 1.0e-04  fps   8900   677.7s
it 2202/4000  reward     nan  ep_len    nan  fell    0  err_xy 0.011  std 0.217  lr 1.0e-04  fps   9002   678.0s
it 2203/4000  reward     nan  ep_len    nan  fell    0  err_xy 0.012  std 0.217  lr 1.0e-04  fps   9044   678.2s
it 2204/4000  reward     nan  ep_len    nan  fell    0  err_xy 0.016  std 0.217  lr 1.0e-04  fps   9006   678.5s
it 2205/4000  reward  161.77  ep_len 1058.0  fell    0  err_xy 0.204  std 0.217  lr 1.0e-04  fps   7339   678.8s
it 2206/4000  reward     nan  ep_len    nan  fell    0  err_xy 0.192  std 0.217  lr 1.0e-04  fps   8806   679.1s
it 2207/4000  reward     nan  ep_len    nan  fell    0  err_xy 0.138  std 0.217  lr 1.0e-04  fps   8981   679.3s
it 2208/4000  reward     nan  ep_len    nan  fell    0  err_xy 0.139  std 0.217  lr 1.0e-04  fps   8945   679.6s
it 2209/4000  reward     nan  ep_len    nan  fell    0  err_xy 0.146  std 0.217  lr 1.0e-04  fps   9093   679.8s
it 2210/4000  reward     nan  ep_len    nan  fell    0  err_xy 0.113  std 0.217  lr 1.0e-04  fps   8931   680.1s
it 2211/4000  reward     nan  ep_len    nan  fell    0  err_xy 0.094  std 0.217  lr 1.0e-04  fps   8688   680.4s
it 2212/4000  reward     nan  ep_len    nan  fell    0  err_xy 0.076  std 0.217  lr 1.0e-04  fps   8420   680.6s
it 2213/4000  reward     nan  ep_len    nan  fell    0  err_xy 0.057  std 0.217  lr 1.0e-04  fps   7387   680.9s
it 2214/4000  reward     nan  ep_len    nan  fell    0  err_xy 0.040  std 0.217  lr 1.0e-04  fps   8734   681.2s
it 2215/4000  reward     nan  ep_len    nan  fell    0  err_xy 0.037  std 0.217  lr 1.0e-04  fps   8744   681.5s
it 2216/4000  reward     nan  ep_len    nan  fell    0  err_xy 0.027  std 0.217  lr 1.0e-04  fps   8798   681.7s
it 2217/4000  reward     nan  ep_len    nan  fell    0  err_xy 0.021  std 0.217  lr 1.0e-04  fps   8787   682.0s
it 2218/4000  reward     nan  ep_len    nan  fell    0  err_xy 0.024  std 0.217  lr 1.0e-04  fps   8574   682.3s
it 2219/4000  reward     nan  ep_len    nan  fell    0  err_xy 0.018  std 0.217  lr 1.0e-04  fps   8439   682.5s
it 2220/4000  reward     nan  ep_len    nan  fell    0  err_xy 0.013  std 0.217  lr 1.0e-04  fps   8696   682.8s
it 2221/4000  reward     nan  ep_len    nan  fell    0  err_xy 0.012  std 0.217  lr 1.0e-04  fps   8825   683.1s
it 2222/4000  reward     nan  ep_len    nan  fell    0  err_xy 0.015  std 0.217  lr 1.0e-04  fps   8782   683.3s
it 2223/4000  reward     nan  ep_len    nan  fell    0  err_xy 0.015  std 0.217  lr 1.0e-04  fps   8813   683.6s
it 2224/4000  reward     nan  ep_len    nan  fell    0  err_xy 0.013  std 0.217  lr 1.0e-04  fps   8818   683.8s
it 2225/4000  reward     nan  ep_len    nan  fell    0  err_xy 0.016  std 0.217  lr 1.0e-04  fps   8811   684.1s
it 2226/4000  reward     nan  ep_len    nan  fell    0  err_xy 0.012  std 0.217  lr 1.0e-04  fps   8725   684.4s
it 2227/4000  reward     nan  ep_len    nan  fell    0  err_xy 0.013  std 0.217  lr 1.0e-04  fps   8820   684.6s
it 2228/4000  reward     nan  ep_len    nan  fell    0  err_xy 0.011  std 0.217  lr 1.0e-04  fps   8780   684.9s
it 2229/4000  reward     nan  ep_len    nan  fell    0  err_xy 0.012  std 0.217  lr 1.0e-04  fps   8717   685.2s
it 2230/4000  reward     nan  ep_len    nan  fell    0  err_xy 0.013  std 0.217  lr 1.0e-04  fps   8794   685.4s
it 2231/4000  reward     nan  ep_len    nan  fell    0  err_xy 0.015  std 0.217  lr 1.0e-04  fps   8880   685.7s
it 2232/4000  reward     nan  ep_len    nan  fell    0  err_xy 0.016  std 0.217  lr 1.0e-04  fps   8924   685.9s
it 2233/4000  reward     nan  ep_len    nan  fell    0  err_xy 0.017  std 0.217  lr 1.0e-04  fps   8877   686.2s
it 2234/4000  reward     nan  ep_len    nan  fell    0  err_xy 0.026  std 0.217  lr 1.0e-04  fps   8856   686.5s
it 2235/4000  reward     nan  ep_len    nan  fell    0  err_xy 0.025  std 0.217  lr 1.0e-04  fps   8924   686.7s
it 2236/4000  reward     nan  ep_len    nan  fell    0  err_xy 0.021  std 0.217  lr 1.0e-04  fps   8897   687.0s
it 2237/4000  reward     nan  ep_len    nan  fell    0  err_xy 0.022  std 0.217  lr 1.0e-04  fps   8952   687.2s
it 2238/4000  reward     nan  ep_len    nan  fell    0  err_xy 0.020  std 0.217  lr 1.0e-04  fps   8940   687.5s
it 2239/4000  reward     nan  ep_len    nan  fell    0  err_xy 0.016  std 0.217  lr 1.0e-04  fps   8930   687.8s
it 2240/4000  reward     nan  ep_len    nan  fell    0  err_xy 0.013  std 0.217  lr 1.0e-04  fps   8856   688.0s
it 2241/4000  reward     nan  ep_len    nan  fell    0  err_xy 0.014  std 0.217  lr 1.0e-04  fps   8870   688.3s
it 2242/4000  reward     nan  ep_len    nan  fell    0  err_xy 0.014  std 0.217  lr 1.0e-04  fps   8767   688.5s
it 2243/4000  reward     nan  ep_len    nan  fell    0  err_xy 0.015  std 0.217  lr 1.0e-04  fps   8975   688.8s
it 2244/4000  reward     nan  ep_len    nan  fell    0  err_xy 0.012  std 0.217  lr 1.0e-04  fps   9031   689.1s
it 2245/4000  reward     nan  ep_len    nan  fell    0  err_xy 0.012  std 0.217  lr 1.0e-04  fps   9090   689.3s
it 2246/4000  reward     nan  ep_len    nan  fell    0  err_xy 0.014  std 0.217  lr 1.0e-04  fps   9015   689.6s
it 2247/4000  reward     nan  ep_len    nan  fell    0  err_xy 0.025  std 0.217  lr 1.0e-04  fps   9124   689.8s
it 2248/4000  reward     nan  ep_len    nan  fell    0  err_xy 0.044  std 0.217  lr 1.0e-04  fps   9012   690.1s
it 2249/4000  reward  168.67  ep_len 1058.0  fell    0  err_xy 0.200  std 0.217  lr 1.0e-04  fps   7270   690.4s
it 2250/4000  reward     nan  ep_len    nan  fell    0  err_xy 0.225  std 0.217  lr 1.0e-04  fps   9136   690.6s
it 2251/4000  reward     nan  ep_len    nan  fell    0  err_xy 0.191  std 0.217  lr 1.0e-04  fps   9192   690.9s
it 2252/4000  reward     nan  ep_len    nan  fell    0  err_xy 0.185  std 0.217  lr 1.0e-04  fps   9129   691.1s
it 2253/4000  reward     nan  ep_len    nan  fell    0  err_xy 0.179  std 0.217  lr 1.0e-04  fps   9058   691.4s
it 2254/4000  reward     nan  ep_len    nan  fell    0  err_xy 0.175  std 0.217  lr 1.0e-04  fps   8964   691.7s
it 2255/4000  reward     nan  ep_len    nan  fell    0  err_xy 0.132  std 0.217  lr 1.0e-04  fps   8906   691.9s
it 2256/4000  reward     nan  ep_len    nan  fell    0  err_xy 0.113  std 0.217  lr 1.0e-04  fps   8906   692.2s
it 2257/4000  reward     nan  ep_len    nan  fell    0  err_xy 0.085  std 0.217  lr 1.0e-04  fps   7848   692.5s
it 2258/4000  reward     nan  ep_len    nan  fell    0  err_xy 0.077  std 0.217  lr 1.0e-04  fps   7479   692.8s
it 2259/4000  reward     nan  ep_len    nan  fell    0  err_xy 0.071  std 0.217  lr 1.0e-04  fps   8519   693.0s
it 2260/4000  reward     nan  ep_len    nan  fell    0  err_xy 0.062  std 0.217  lr 1.0e-04  fps   8564   693.3s
it 2261/4000  reward     nan  ep_len    nan  fell    0  err_xy 0.057  std 0.217  lr 1.0e-04  fps   8544   693.6s
it 2262/4000  reward     nan  ep_len    nan  fell    0  err_xy 0.041  std 0.217  lr 1.0e-04  fps   8529   693.9s
it 2263/4000  reward     nan  ep_len    nan  fell    0  err_xy 0.034  std 0.217  lr 1.0e-04  fps   7371   694.2s
it 2264/4000  reward     nan  ep_len    nan  fell    0  err_xy 0.034  std 0.217  lr 1.0e-04  fps   8444   694.4s
it 2265/4000  reward     nan  ep_len    nan  fell    0  err_xy 0.035  std 0.217  lr 1.0e-04  fps   8502   694.7s
it 2266/4000  reward     nan  ep_len    nan  fell    0  err_xy 0.026  std 0.217  lr 1.0e-04  fps   8536   695.0s
it 2267/4000  reward     nan  ep_len    nan  fell    0  err_xy 0.029  std 0.217  lr 1.0e-04  fps   8540   695.3s
it 2268/4000  reward     nan  ep_len    nan  fell    0  err_xy 0.025  std 0.217  lr 1.0e-04  fps   8504   695.5s
it 2269/4000  reward     nan  ep_len    nan  fell    0  err_xy 0.021  std 0.217  lr 1.0e-04  fps   8485   695.8s
it 2270/4000  reward     nan  ep_len    nan  fell    0  err_xy 0.018  std 0.217  lr 1.0e-04  fps   8229   696.1s
it 2271/4000  reward     nan  ep_len    nan  fell    0  err_xy 0.018  std 0.217  lr 1.0e-04  fps   7542   696.4s
it 2272/4000  reward     nan  ep_len    nan  fell    0  err_xy 0.015  std 0.217  lr 1.0e-04  fps   8362   696.7s
it 2273/4000  reward     nan  ep_len    nan  fell    0  err_xy 0.017  std 0.217  lr 1.0e-04  fps   7785   697.0s
it 2274/4000  reward     nan  ep_len    nan  fell    0  err_xy 0.012  std 0.217  lr 1.0e-04  fps   8737   697.2s
it 2275/4000  reward     nan  ep_len    nan  fell    0  err_xy 0.014  std 0.217  lr 1.0e-04  fps   8615   697.5s
it 2276/4000  reward     nan  ep_len    nan  fell    0  err_xy 0.013  std 0.217  lr 1.0e-04  fps   8636   697.8s
it 2277/4000  reward     nan  ep_len    nan  fell    0  err_xy 0.011  std 0.217  lr 1.0e-04  fps   8698   698.0s
it 2278/4000  reward     nan  ep_len    nan  fell    0  err_xy 0.008  std 0.216  lr 1.0e-04  fps   8692   698.3s
it 2279/4000  reward     nan  ep_len    nan  fell    0  err_xy 0.009  std 0.217  lr 1.0e-04  fps   8700   698.5s
it 2280/4000  reward     nan  ep_len    nan  fell    0  err_xy 0.009  std 0.217  lr 1.0e-04  fps   8337   698.8s
it 2281/4000  reward     nan  ep_len    nan  fell    0  err_xy 0.008  std 0.216  lr 1.0e-04  fps   8646   699.1s
it 2282/4000  reward     nan  ep_len    nan  fell    0  err_xy 0.008  std 0.217  lr 1.0e-04  fps   8805   699.4s
it 2283/4000  reward     nan  ep_len    nan  fell    0  err_xy 0.009  std 0.217  lr 1.0e-04  fps   8341   699.6s
it 2284/4000  reward     nan  ep_len    nan  fell    0  err_xy 0.009  std 0.217  lr 1.0e-04  fps   8573   699.9s
it 2285/4000  reward     nan  ep_len    nan  fell    0  err_xy 0.009  std 0.217  lr 1.0e-04  fps   8486   700.2s
it 2286/4000  reward     nan  ep_len    nan  fell    0  err_xy 0.010  std 0.217  lr 1.0e-04  fps   8634   700.4s
it 2287/4000  reward     nan  ep_len    nan  fell    0  err_xy 0.013  std 0.217  lr 1.0e-04  fps   8436   700.7s
it 2288/4000  reward     nan  ep_len    nan  fell    0  err_xy 0.012  std 0.217  lr 1.0e-04  fps   8707   701.0s
it 2289/4000  reward     nan  ep_len    nan  fell    0  err_xy 0.010  std 0.217  lr 1.0e-04  fps   8833   701.2s
it 2290/4000  reward     nan  ep_len    nan  fell    0  err_xy 0.010  std 0.217  lr 1.0e-04  fps   8736   701.5s
it 2291/4000  reward     nan  ep_len    nan  fell    0  err_xy 0.011  std 0.217  lr 1.0e-04  fps   7454   701.8s
it 2292/4000  reward     nan  ep_len    nan  fell    0  err_xy 0.013  std 0.217  lr 1.0e-04  fps   7933   702.1s
it 2293/4000  reward  163.48  ep_len 1058.0  fell    0  err_xy 0.157  std 0.217  lr 1.0e-04  fps   7022   702.4s
it 2294/4000  reward     nan  ep_len    nan  fell    0  err_xy 0.228  std 0.217  lr 1.0e-04  fps   8810   702.7s
it 2295/4000  reward     nan  ep_len    nan  fell    0  err_xy 0.204  std 0.217  lr 1.0e-04  fps   8815   703.0s
it 2296/4000  reward     nan  ep_len    nan  fell    0  err_xy 0.184  std 0.217  lr 1.0e-04  fps   8799   703.2s
it 2297/4000  reward     nan  ep_len    nan  fell    0  err_xy 0.182  std 0.217  lr 1.0e-04  fps   8674   703.5s
it 2298/4000  reward     nan  ep_len    nan  fell    0  err_xy 0.180  std 0.217  lr 1.0e-04  fps   8621   703.8s
it 2299/4000  reward     nan  ep_len    nan  fell    0  err_xy 0.154  std 0.217  lr 1.0e-04  fps   8595   704.0s
it 2300/4000  reward     nan  ep_len    nan  fell    0  err_xy 0.131  std 0.217  lr 1.0e-04  fps   8544   704.3s
it 2301/4000  reward     nan  ep_len    nan  fell    0  err_xy 0.109  std 0.217  lr 1.0e-04  fps   8460   704.6s
it 2302/4000  reward     nan  ep_len    nan  fell    0  err_xy 0.091  std 0.217  lr 1.0e-04  fps   8406   704.8s
it 2303/4000  reward     nan  ep_len    nan  fell    0  err_xy 0.079  std 0.217  lr 1.0e-04  fps   8307   705.1s
it 2304/4000  reward     nan  ep_len    nan  fell    0  err_xy 0.072  std 0.217  lr 1.0e-04  fps   8227   705.4s
it 2305/4000  reward     nan  ep_len    nan  fell    0  err_xy 0.074  std 0.217  lr 1.0e-04  fps   8333   705.7s
it 2306/4000  reward     nan  ep_len    nan  fell    0  err_xy 0.058  std 0.217  lr 1.0e-04  fps   8347   705.9s
it 2307/4000  reward     nan  ep_len    nan  fell    0  err_xy 0.062  std 0.217  lr 1.0e-04  fps   8407   706.2s
it 2308/4000  reward     nan  ep_len    nan  fell    0  err_xy 0.061  std 0.217  lr 1.0e-04  fps   8278   706.5s
it 2309/4000  reward     nan  ep_len    nan  fell    0  err_xy 0.047  std 0.217  lr 1.0e-04  fps   8301   706.8s
it 2310/4000  reward     nan  ep_len    nan  fell    0  err_xy 0.050  std 0.217  lr 1.0e-04  fps   8353   707.1s
it 2311/4000  reward     nan  ep_len    nan  fell    0  err_xy 0.039  std 0.217  lr 1.0e-04  fps   8314   707.3s
it 2312/4000  reward     nan  ep_len    nan  fell    0  err_xy 0.036  std 0.217  lr 1.0e-04  fps   8293   707.6s
it 2313/4000  reward     nan  ep_len    nan  fell    0  err_xy 0.033  std 0.217  lr 1.0e-04  fps   8171   707.9s
it 2314/4000  reward     nan  ep_len    nan  fell    0  err_xy 0.031  std 0.217  lr 1.0e-04  fps   8281   708.2s
it 2315/4000  reward     nan  ep_len    nan  fell    0  err_xy 0.025  std 0.217  lr 1.0e-04  fps   8328   708.4s
it 2316/4000  reward     nan  ep_len    nan  fell    0  err_xy 0.026  std 0.217  lr 1.0e-04  fps   8238   708.7s
it 2317/4000  reward     nan  ep_len    nan  fell    0  err_xy 0.019  std 0.217  lr 1.0e-04  fps   8306   709.0s
it 2318/4000  reward     nan  ep_len    nan  fell    0  err_xy 0.020  std 0.217  lr 1.0e-04  fps   8232   709.3s
it 2319/4000  reward     nan  ep_len    nan  fell    0  err_xy 0.017  std 0.217  lr 1.0e-04  fps   8180   709.6s
it 2320/4000  reward     nan  ep_len    nan  fell    0  err_xy 0.017  std 0.217  lr 1.0e-04  fps   8187   709.8s
it 2321/4000  reward     nan  ep_len    nan  fell    0  err_xy 0.015  std 0.217  lr 1.0e-04  fps   7037   710.2s
it 2322/4000  reward     nan  ep_len    nan  fell    0  err_xy 0.014  std 0.217  lr 1.0e-04  fps   7562   710.5s
it 2323/4000  reward     nan  ep_len    nan  fell    0  err_xy 0.013  std 0.217  lr 1.0e-04  fps   7942   710.8s
it 2324/4000  reward     nan  ep_len    nan  fell    0  err_xy 0.010  std 0.216  lr 1.0e-04  fps   8109   711.1s
it 2325/4000  reward     nan  ep_len    nan  fell    0  err_xy 0.009  std 0.217  lr 1.0e-04  fps   7599   711.4s
it 2326/4000  reward     nan  ep_len    nan  fell    0  err_xy 0.010  std 0.217  lr 1.0e-04  fps   8286   711.6s
it 2327/4000  reward     nan  ep_len    nan  fell    0  err_xy 0.012  std 0.217  lr 1.0e-04  fps   8269   711.9s
it 2328/4000  reward     nan  ep_len    nan  fell    0  err_xy 0.010  std 0.217  lr 1.0e-04  fps   8431   712.2s
it 2329/4000  reward     nan  ep_len    nan  fell    0  err_xy 0.011  std 0.217  lr 1.0e-04  fps   8449   712.5s
it 2330/4000  reward     nan  ep_len    nan  fell    0  err_xy 0.013  std 0.217  lr 1.0e-04  fps   8460   712.7s
it 2331/4000  reward     nan  ep_len    nan  fell    0  err_xy 0.012  std 0.217  lr 1.0e-04  fps   8571   713.0s
it 2332/4000  reward     nan  ep_len    nan  fell    0  err_xy 0.012  std 0.217  lr 1.0e-04  fps   8337   713.3s
it 2333/4000  reward     nan  ep_len    nan  fell    0  err_xy 0.012  std 0.217  lr 1.0e-04  fps   8514   713.6s
it 2334/4000  reward     nan  ep_len    nan  fell    0  err_xy 0.013  std 0.217  lr 1.0e-04  fps   8711   713.8s
it 2335/4000  reward     nan  ep_len    nan  fell    0  err_xy 0.014  std 0.217  lr 1.0e-04  fps   8501   714.1s
it 2336/4000  reward     nan  ep_len    nan  fell    0  err_xy 0.018  std 0.217  lr 1.0e-04  fps   8322   714.4s
it 2337/4000  reward  165.59  ep_len 1058.0  fell    0  err_xy 0.130  std 0.217  lr 1.0e-04  fps   7097   714.7s
it 2338/4000  reward     nan  ep_len    nan  fell    0  err_xy 0.247  std 0.217  lr 1.0e-04  fps   8827   715.0s
it 2339/4000  reward     nan  ep_len    nan  fell    0  err_xy 0.195  std 0.217  lr 1.0e-04  fps   8684   715.2s
it 2340/4000  reward     nan  ep_len    nan  fell    0  err_xy 0.203  std 0.217  lr 1.0e-04  fps   8819   715.5s
it 2341/4000  reward     nan  ep_len    nan  fell    0  err_xy 0.184  std 0.217  lr 1.0e-04  fps   8834   715.7s
it 2342/4000  reward     nan  ep_len    nan  fell    0  err_xy 0.171  std 0.217  lr 1.0e-04  fps   8908   716.0s
it 2343/4000  reward     nan  ep_len    nan  fell    0  err_xy 0.152  std 0.217  lr 1.0e-04  fps   8526   716.3s
it 2344/4000  reward     nan  ep_len    nan  fell    0  err_xy 0.133  std 0.217  lr 1.0e-04  fps   8753   716.5s
it 2345/4000  reward     nan  ep_len    nan  fell    0  err_xy 0.113  std 0.217  lr 1.0e-04  fps   8742   716.8s
it 2346/4000  reward     nan  ep_len    nan  fell    0  err_xy 0.095  std 0.217  lr 1.0e-04  fps   8702   717.1s
it 2347/4000  reward     nan  ep_len    nan  fell    0  err_xy 0.071  std 0.217  lr 1.0e-04  fps   8633   717.3s
it 2348/4000  reward     nan  ep_len    nan  fell    0  err_xy 0.058  std 0.217  lr 1.0e-04  fps   8556   717.6s
it 2349/4000  reward     nan  ep_len    nan  fell    0  err_xy 0.047  std 0.217  lr 1.0e-04  fps   8561   717.9s
it 2350/4000  reward     nan  ep_len    nan  fell    0  err_xy 0.048  std 0.217  lr 1.0e-04  fps   8355   718.1s
it 2351/4000  reward     nan  ep_len    nan  fell    0  err_xy 0.047  std 0.217  lr 1.0e-04  fps   8207   718.4s
it 2352/4000  reward     nan  ep_len    nan  fell    0  err_xy 0.040  std 0.217  lr 1.0e-04  fps   8253   718.7s
it 2353/4000  reward     nan  ep_len    nan  fell    0  err_xy 0.038  std 0.217  lr 1.0e-04  fps   8460   719.0s
it 2354/4000  reward     nan  ep_len    nan  fell    0  err_xy 0.032  std 0.217  lr 1.0e-04  fps   8237   719.3s
it 2355/4000  reward     nan  ep_len    nan  fell    0  err_xy 0.026  std 0.217  lr 1.0e-04  fps   8344   719.5s
it 2356/4000  reward     nan  ep_len    nan  fell    0  err_xy 0.023  std 0.217  lr 1.0e-04  fps   8288   719.8s
it 2357/4000  reward     nan  ep_len    nan  fell    0  err_xy 0.019  std 0.217  lr 1.0e-04  fps   8411   720.1s
it 2358/4000  reward     nan  ep_len    nan  fell    0  err_xy 0.016  std 0.217  lr 1.0e-04  fps   8319   720.4s
it 2359/4000  reward     nan  ep_len    nan  fell    0  err_xy 0.014  std 0.217  lr 1.0e-04  fps   8378   720.6s
it 2360/4000  reward     nan  ep_len    nan  fell    0  err_xy 0.019  std 0.217  lr 1.0e-04  fps   8544   720.9s
it 2361/4000  reward     nan  ep_len    nan  fell    0  err_xy 0.017  std 0.217  lr 1.0e-04  fps   8258   721.2s
it 2362/4000  reward     nan  ep_len    nan  fell    0  err_xy 0.012  std 0.217  lr 1.0e-04  fps   8401   721.5s
it 2363/4000  reward     nan  ep_len    nan  fell    0  err_xy 0.014  std 0.217  lr 1.0e-04  fps   8489   721.7s
it 2364/4000  reward     nan  ep_len    nan  fell    0  err_xy 0.016  std 0.217  lr 1.0e-04  fps   8534   722.0s
it 2365/4000  reward     nan  ep_len    nan  fell    0  err_xy 0.011  std 0.217  lr 1.0e-04  fps   8302   722.3s
it 2366/4000  reward     nan  ep_len    nan  fell    0  err_xy 0.012  std 0.217  lr 1.0e-04  fps   8114   722.6s
it 2367/4000  reward     nan  ep_len    nan  fell    0  err_xy 0.015  std 0.217  lr 1.0e-04  fps   7674   722.9s
it 2368/4000  reward     nan  ep_len    nan  fell    0  err_xy 0.013  std 0.217  lr 1.0e-04  fps   8572   723.1s
it 2369/4000  reward     nan  ep_len    nan  fell    0  err_xy 0.012  std 0.217  lr 1.0e-04  fps   8362   723.4s
it 2370/4000  reward     nan  ep_len    nan  fell    0  err_xy 0.011  std 0.217  lr 1.0e-04  fps   8353   723.7s
it 2371/4000  reward     nan  ep_len    nan  fell    0  err_xy 0.013  std 0.217  lr 1.0e-04  fps   8348   724.0s
it 2372/4000  reward     nan  ep_len    nan  fell    0  err_xy 0.015  std 0.217  lr 1.0e-04  fps   8405   724.2s
it 2373/4000  reward     nan  ep_len    nan  fell    0  err_xy 0.017  std 0.217  lr 1.0e-04  fps   8463   724.5s
it 2374/4000  reward     nan  ep_len    nan  fell    0  err_xy 0.026  std 0.217  lr 1.0e-04  fps   8643   724.8s
it 2375/4000  reward     nan  ep_len    nan  fell    0  err_xy 0.030  std 0.217  lr 1.0e-04  fps   7925   725.1s
it 2376/4000  reward     nan  ep_len    nan  fell    0  err_xy 0.040  std 0.217  lr 1.0e-04  fps   8388   725.3s
it 2377/4000  reward     nan  ep_len    nan  fell    0  err_xy 0.048  std 0.217  lr 1.0e-04  fps   8414   725.6s
it 2378/4000  reward     nan  ep_len    nan  fell    0  err_xy 0.042  std 0.217  lr 1.0e-04  fps   8497   725.9s
it 2379/4000  reward     nan  ep_len    nan  fell    0  err_xy 0.046  std 0.217  lr 1.0e-04  fps   8342   726.2s
it 2380/4000  reward     nan  ep_len    nan  fell    0  err_xy 0.036  std 0.217  lr 1.0e-04  fps   8503   726.4s
it 2381/4000  reward  166.12  ep_len 1058.0  fell    0  err_xy 0.118  std 0.217  lr 1.0e-04  fps   6941   726.8s
it 2382/4000  reward     nan  ep_len    nan  fell    0  err_xy 0.235  std 0.217  lr 1.0e-04  fps   8139   727.1s
it 2383/4000  reward     nan  ep_len    nan  fell    0  err_xy 0.186  std 0.217  lr 1.0e-04  fps   8166   727.3s
it 2384/4000  reward     nan  ep_len    nan  fell    0  err_xy 0.190  std 0.217  lr 1.0e-04  fps   8507   727.6s
it 2385/4000  reward     nan  ep_len    nan  fell    0  err_xy 0.190  std 0.217  lr 1.0e-04  fps   8521   727.9s
it 2386/4000  reward     nan  ep_len    nan  fell    0  err_xy 0.153  std 0.217  lr 1.0e-04  fps   8593   728.1s
it 2387/4000  reward     nan  ep_len    nan  fell    0  err_xy 0.131  std 0.217  lr 1.0e-04  fps   8408   728.4s
it 2388/4000  reward     nan  ep_len    nan  fell    0  err_xy 0.115  std 0.217  lr 1.0e-04  fps   7813   728.7s
it 2389/4000  reward     nan  ep_len    nan  fell    0  err_xy 0.104  std 0.217  lr 1.0e-04  fps   7970   729.0s
it 2390/4000  reward     nan  ep_len    nan  fell    0  err_xy 0.091  std 0.217  lr 1.0e-04  fps   8284   729.3s
it 2391/4000  reward     nan  ep_len    nan  fell    0  err_xy 0.082  std 0.217  lr 1.0e-04  fps   8479   729.6s
it 2392/4000  reward     nan  ep_len    nan  fell    0  err_xy 0.080  std 0.217  lr 1.0e-04  fps   8016   729.8s
it 2393/4000  reward     nan  ep_len    nan  fell    0  err_xy 0.059  std 0.217  lr 1.0e-04  fps   7908   730.1s
it 2394/4000  reward     nan  ep_len    nan  fell    0  err_xy 0.053  std 0.217  lr 1.0e-04  fps   8390   730.4s
it 2395/4000  reward     nan  ep_len    nan  fell    0  err_xy 0.045  std 0.217  lr 1.0e-04  fps   8146   730.7s
it 2396/4000  reward     nan  ep_len    nan  fell    0  err_xy 0.045  std 0.217  lr 1.0e-04  fps   8518   731.0s
it 2397/4000  reward     nan  ep_len    nan  fell    0  err_xy 0.034  std 0.217  lr 1.0e-04  fps   8402   731.2s
it 2398/4000  reward     nan  ep_len    nan  fell    0  err_xy 0.037  std 0.217  lr 1.0e-04  fps   8324   731.5s
it 2399/4000  reward     nan  ep_len    nan  fell    0  err_xy 0.026  std 0.217  lr 1.0e-04  fps   8218   731.8s
it 2400/4000  reward     nan  ep_len    nan  fell    0  err_xy 0.026  std 0.217  lr 1.0e-04  fps   7727   732.1s
eval iteration 2400:
  prone          success   0.0%  time 21.16s  peak_τ 0.95 Nm  return 176.47
  supine         success   0.0%  time 21.16s  peak_τ 0.91 Nm  return 136.95
  score 0.000
it 2401/4000  reward     nan  ep_len    nan  fell    0  err_xy 0.024  std 0.217  lr 1.0e-04  fps   8627   737.1s
it 2402/4000  reward     nan  ep_len    nan  fell    0  err_xy 0.021  std 0.217  lr 1.0e-04  fps   8545   737.4s
it 2403/4000  reward     nan  ep_len    nan  fell    0  err_xy 0.022  std 0.217  lr 1.0e-04  fps   8011   737.7s
it 2404/4000  reward     nan  ep_len    nan  fell    0  err_xy 0.024  std 0.217  lr 1.0e-04  fps   8486   738.0s
it 2405/4000  reward     nan  ep_len    nan  fell    0  err_xy 0.017  std 0.217  lr 1.0e-04  fps   8189   738.2s
it 2406/4000  reward     nan  ep_len    nan  fell    0  err_xy 0.015  std 0.217  lr 1.0e-04  fps   8421   738.5s
it 2407/4000  reward     nan  ep_len    nan  fell    0  err_xy 0.016  std 0.217  lr 1.0e-04  fps   8681   738.8s
it 2408/4000  reward     nan  ep_len    nan  fell    0  err_xy 0.013  std 0.217  lr 1.0e-04  fps   8804   739.0s
it 2409/4000  reward     nan  ep_len    nan  fell    0  err_xy 0.014  std 0.217  lr 1.0e-04  fps   8597   739.3s
it 2410/4000  reward     nan  ep_len    nan  fell    0  err_xy 0.011  std 0.217  lr 1.0e-04  fps   7978   739.6s
it 2411/4000  reward     nan  ep_len    nan  fell    0  err_xy 0.011  std 0.217  lr 1.0e-04  fps   8524   739.9s
it 2412/4000  reward     nan  ep_len    nan  fell    0  err_xy 0.012  std 0.217  lr 1.0e-04  fps   8390   740.1s
it 2413/4000  reward     nan  ep_len    nan  fell    0  err_xy 0.010  std 0.217  lr 1.0e-04  fps   8568   740.4s
it 2414/4000  reward     nan  ep_len    nan  fell    0  err_xy 0.009  std 0.217  lr 1.0e-04  fps   8303   740.7s
it 2415/4000  reward     nan  ep_len    nan  fell    0  err_xy 0.010  std 0.217  lr 1.0e-04  fps   8495   741.0s
it 2416/4000  reward     nan  ep_len    nan  fell    0  err_xy 0.010  std 0.217  lr 1.0e-04  fps   8261   741.2s
it 2417/4000  reward     nan  ep_len    nan  fell    0  err_xy 0.012  std 0.217  lr 1.0e-04  fps   8330   741.5s
it 2418/4000  reward     nan  ep_len    nan  fell    0  err_xy 0.013  std 0.217  lr 1.0e-04  fps   8833   741.8s
it 2419/4000  reward     nan  ep_len    nan  fell    0  err_xy 0.012  std 0.217  lr 1.0e-04  fps   8841   742.0s
it 2420/4000  reward     nan  ep_len    nan  fell    0  err_xy 0.009  std 0.217  lr 1.0e-04  fps   8858   742.3s
it 2421/4000  reward     nan  ep_len    nan  fell    0  err_xy 0.008  std 0.217  lr 1.0e-04  fps   8808   742.6s
it 2422/4000  reward     nan  ep_len    nan  fell    0  err_xy 0.008  std 0.217  lr 1.0e-04  fps   8867   742.8s
it 2423/4000  reward     nan  ep_len    nan  fell    0  err_xy 0.009  std 0.217  lr 1.0e-04  fps   8857   743.1s
it 2424/4000  reward     nan  ep_len    nan  fell    0  err_xy 0.011  std 0.217  lr 1.0e-04  fps   8846   743.3s
it 2425/4000  reward  171.34  ep_len 1058.0  fell    0  err_xy 0.097  std 0.217  lr 1.0e-04  fps   7085   743.7s
it 2426/4000  reward     nan  ep_len    nan  fell    0  err_xy 0.265  std 0.217  lr 1.0e-04  fps   9047   743.9s
it 2427/4000  reward     nan  ep_len    nan  fell    0  err_xy 0.204  std 0.217  lr 1.0e-04  fps   9069   744.2s
it 2428/4000  reward     nan  ep_len    nan  fell    0  err_xy 0.216  std 0.217  lr 1.0e-04  fps   9079   744.4s
it 2429/4000  reward     nan  ep_len    nan  fell    0  err_xy 0.208  std 0.217  lr 1.0e-04  fps   9084   744.7s
it 2430/4000  reward     nan  ep_len    nan  fell    0  err_xy 0.185  std 0.217  lr 1.0e-04  fps   8954   744.9s
it 2431/4000  reward     nan  ep_len    nan  fell    0  err_xy 0.189  std 0.217  lr 1.0e-04  fps   8870   745.2s
it 2432/4000  reward     nan  ep_len    nan  fell    0  err_xy 0.155  std 0.217  lr 1.0e-04  fps   8837   745.5s
it 2433/4000  reward     nan  ep_len    nan  fell    0  err_xy 0.135  std 0.217  lr 1.0e-04  fps   8791   745.7s
it 2434/4000  reward     nan  ep_len    nan  fell    0  err_xy 0.122  std 0.217  lr 1.0e-04  fps   8169   746.0s
it 2435/4000  reward     nan  ep_len    nan  fell    0  err_xy 0.112  std 0.217  lr 1.0e-04  fps   6742   746.3s
it 2436/4000  reward     nan  ep_len    nan  fell    0  err_xy 0.100  std 0.217  lr 1.0e-04  fps   8578   746.6s
it 2437/4000  reward     nan  ep_len    nan  fell    0  err_xy 0.087  std 0.217  lr 1.0e-04  fps   8595   746.9s
it 2438/4000  reward     nan  ep_len    nan  fell    0  err_xy 0.078  std 0.217  lr 1.0e-04  fps   8404   747.2s
it 2439/4000  reward     nan  ep_len    nan  fell    0  err_xy 0.064  std 0.217  lr 1.0e-04  fps   8121   747.4s
it 2440/4000  reward     nan  ep_len    nan  fell    0  err_xy 0.055  std 0.217  lr 1.0e-04  fps   7789   747.7s
it 2441/4000  reward     nan  ep_len    nan  fell    0  err_xy 0.052  std 0.217  lr 1.0e-04  fps   7834   748.0s
it 2442/4000  reward     nan  ep_len    nan  fell    0  err_xy 0.055  std 0.217  lr 1.0e-04  fps   8371   748.3s
it 2443/4000  reward     nan  ep_len    nan  fell    0  err_xy 0.042  std 0.217  lr 1.0e-04  fps   8375   748.6s
it 2444/4000  reward     nan  ep_len    nan  fell    0  err_xy 0.037  std 0.217  lr 1.0e-04  fps   8171   748.9s
it 2445/4000  reward     nan  ep_len    nan  fell    0  err_xy 0.037  std 0.217  lr 1.0e-04  fps   7379   749.2s
it 2446/4000  reward     nan  ep_len    nan  fell    0  err_xy 0.036  std 0.217  lr 1.0e-04  fps   7839   749.5s
it 2447/4000  reward     nan  ep_len    nan  fell    0  err_xy 0.034  std 0.217  lr 1.0e-04  fps   8251   749.8s
it 2448/4000  reward     nan  ep_len    nan  fell    0  err_xy 0.034  std 0.217  lr 1.0e-04  fps   7467   750.1s
it 2449/4000  reward     nan  ep_len    nan  fell    0  err_xy 0.026  std 0.217  lr 1.0e-04  fps   7656   750.4s
it 2450/4000  reward     nan  ep_len    nan  fell    0  err_xy 0.025  std 0.217  lr 1.0e-04  fps   7879   750.7s
it 2451/4000  reward     nan  ep_len    nan  fell    0  err_xy 0.020  std 0.217  lr 1.0e-04  fps   7642   751.0s
it 2452/4000  reward     nan  ep_len    nan  fell    0  err_xy 0.016  std 0.217  lr 1.0e-04  fps   7883   751.3s
it 2453/4000  reward     nan  ep_len    nan  fell    0  err_xy 0.016  std 0.217  lr 1.0e-04  fps   7826   751.5s
it 2454/4000  reward     nan  ep_len    nan  fell    0  err_xy 0.013  std 0.217  lr 1.0e-04  fps   8079   751.8s
it 2455/4000  reward     nan  ep_len    nan  fell    0  err_xy 0.011  std 0.217  lr 1.0e-04  fps   8279   752.1s
it 2456/4000  reward     nan  ep_len    nan  fell    0  err_xy 0.012  std 0.216  lr 1.0e-04  fps   7908   752.4s
it 2457/4000  reward     nan  ep_len    nan  fell    0  err_xy 0.010  std 0.216  lr 1.0e-04  fps   8425   752.7s
it 2458/4000  reward     nan  ep_len    nan  fell    0  err_xy 0.011  std 0.216  lr 1.0e-04  fps   8452   753.0s
it 2459/4000  reward     nan  ep_len    nan  fell    0  err_xy 0.008  std 0.217  lr 1.0e-04  fps   8464   753.2s
it 2460/4000  reward     nan  ep_len    nan  fell    0  err_xy 0.008  std 0.216  lr 1.0e-04  fps   6459   753.6s
it 2461/4000  reward     nan  ep_len    nan  fell    0  err_xy 0.008  std 0.217  lr 1.0e-04  fps   7598   753.9s
it 2462/4000  reward     nan  ep_len    nan  fell    0  err_xy 0.008  std 0.216  lr 1.0e-04  fps   8048   754.2s
it 2463/4000  reward     nan  ep_len    nan  fell    0  err_xy 0.008  std 0.216  lr 1.0e-04  fps   8436   754.4s
it 2464/4000  reward     nan  ep_len    nan  fell    0  err_xy 0.008  std 0.216  lr 1.0e-04  fps   8557   754.7s
it 2465/4000  reward     nan  ep_len    nan  fell    0  err_xy 0.008  std 0.216  lr 1.0e-04  fps   8818   755.0s
it 2466/4000  reward     nan  ep_len    nan  fell    0  err_xy 0.008  std 0.216  lr 1.0e-04  fps   8667   755.2s
it 2467/4000  reward     nan  ep_len    nan  fell    0  err_xy 0.008  std 0.216  lr 1.0e-04  fps   8245   755.5s
it 2468/4000  reward     nan  ep_len    nan  fell    0  err_xy 0.007  std 0.216  lr 1.0e-04  fps   8113   755.8s
it 2469/4000  reward  170.80  ep_len 1058.0  fell    0  err_xy 0.065  std 0.216  lr 1.0e-04  fps   6540   756.2s
it 2470/4000  reward     nan  ep_len    nan  fell    0  err_xy 0.232  std 0.216  lr 1.0e-04  fps   8278   756.4s
it 2471/4000  reward     nan  ep_len    nan  fell    0  err_xy 0.182  std 0.216  lr 1.0e-04  fps   8608   756.7s
it 2472/4000  reward     nan  ep_len    nan  fell    0  err_xy 0.194  std 0.216  lr 1.0e-04  fps   8637   757.0s
it 2473/4000  reward     nan  ep_len    nan  fell    0  err_xy 0.196  std 0.216  lr 1.0e-04  fps   8583   757.2s
it 2474/4000  reward     nan  ep_len    nan  fell    0  err_xy 0.179  std 0.217  lr 1.0e-04  fps   8168   757.5s
it 2475/4000  reward     nan  ep_len    nan  fell    0  err_xy 0.164  std 0.217  lr 1.0e-04  fps   7851   757.8s
it 2476/4000  reward     nan  ep_len    nan  fell    0  err_xy 0.156  std 0.217  lr 1.0e-04  fps   7418   758.1s
it 2477/4000  reward     nan  ep_len    nan  fell    0  err_xy 0.136  std 0.217  lr 1.0e-04  fps   7988   758.4s
it 2478/4000  reward     nan  ep_len    nan  fell    0  err_xy 0.112  std 0.217  lr 1.0e-04  fps   8224   758.7s
it 2479/4000  reward     nan  ep_len    nan  fell    0  err_xy 0.104  std 0.217  lr 1.0e-04  fps   8080   759.0s
it 2480/4000  reward     nan  ep_len    nan  fell    0  err_xy 0.084  std 0.217  lr 1.0e-04  fps   8205   759.3s
it 2481/4000  reward     nan  ep_len    nan  fell    0  err_xy 0.083  std 0.217  lr 1.0e-04  fps   7833   759.6s
it 2482/4000  reward     nan  ep_len    nan  fell    0  err_xy 0.072  std 0.217  lr 1.0e-04  fps   7496   759.9s
it 2483/4000  reward     nan  ep_len    nan  fell    0  err_xy 0.059  std 0.217  lr 1.0e-04  fps   7093   760.2s
it 2484/4000  reward     nan  ep_len    nan  fell    0  err_xy 0.056  std 0.217  lr 1.0e-04  fps   6603   760.5s
it 2485/4000  reward     nan  ep_len    nan  fell    0  err_xy 0.043  std 0.217  lr 1.0e-04  fps   6500   760.9s
it 2486/4000  reward     nan  ep_len    nan  fell    0  err_xy 0.034  std 0.217  lr 1.0e-04  fps   6879   761.2s
it 2487/4000  reward     nan  ep_len    nan  fell    0  err_xy 0.033  std 0.217  lr 1.0e-04  fps   6823   761.6s
it 2488/4000  reward     nan  ep_len    nan  fell    0  err_xy 0.025  std 0.217  lr 1.0e-04  fps   7329   761.9s
it 2489/4000  reward     nan  ep_len    nan  fell    0  err_xy 0.026  std 0.217  lr 1.0e-04  fps   6123   762.3s
it 2490/4000  reward     nan  ep_len    nan  fell    0  err_xy 0.027  std 0.217  lr 1.0e-04  fps   7576   762.6s
it 2491/4000  reward     nan  ep_len    nan  fell    0  err_xy 0.027  std 0.217  lr 1.0e-04  fps   7550   762.9s
it 2492/4000  reward     nan  ep_len    nan  fell    0  err_xy 0.025  std 0.217  lr 1.0e-04  fps   7871   763.2s
it 2493/4000  reward     nan  ep_len    nan  fell    0  err_xy 0.021  std 0.217  lr 1.0e-04  fps   7921   763.5s
it 2494/4000  reward     nan  ep_len    nan  fell    0  err_xy 0.021  std 0.217  lr 1.0e-04  fps   7962   763.7s
it 2495/4000  reward     nan  ep_len    nan  fell    0  err_xy 0.019  std 0.217  lr 1.0e-04  fps   7897   764.0s
it 2496/4000  reward     nan  ep_len    nan  fell    0  err_xy 0.019  std 0.217  lr 1.0e-04  fps   7944   764.3s
it 2497/4000  reward     nan  ep_len    nan  fell    0  err_xy 0.018  std 0.217  lr 1.0e-04  fps   7942   764.6s
it 2498/4000  reward     nan  ep_len    nan  fell    0  err_xy 0.016  std 0.217  lr 1.0e-04  fps   7998   764.9s
it 2499/4000  reward     nan  ep_len    nan  fell    0  err_xy 0.017  std 0.217  lr 1.0e-04  fps   8085   765.2s
it 2500/4000  reward     nan  ep_len    nan  fell    0  err_xy 0.013  std 0.217  lr 1.0e-04  fps   8101   765.5s
it 2501/4000  reward     nan  ep_len    nan  fell    0  err_xy 0.014  std 0.217  lr 1.0e-04  fps   7689   765.8s
it 2502/4000  reward     nan  ep_len    nan  fell    0  err_xy 0.015  std 0.217  lr 1.0e-04  fps   7967   766.1s
it 2503/4000  reward     nan  ep_len    nan  fell    0  err_xy 0.017  std 0.217  lr 1.0e-04  fps   8179   766.3s
it 2504/4000  reward     nan  ep_len    nan  fell    0  err_xy 0.013  std 0.217  lr 1.0e-04  fps   7866   766.6s
it 2505/4000  reward     nan  ep_len    nan  fell    0  err_xy 0.015  std 0.217  lr 1.0e-04  fps   8115   766.9s
it 2506/4000  reward     nan  ep_len    nan  fell    0  err_xy 0.015  std 0.217  lr 1.0e-04  fps   7886   767.2s
it 2507/4000  reward     nan  ep_len    nan  fell    0  err_xy 0.012  std 0.217  lr 1.0e-04  fps   7468   767.5s
it 2508/4000  reward     nan  ep_len    nan  fell    0  err_xy 0.012  std 0.217  lr 1.0e-04  fps   7724   767.8s
it 2509/4000  reward     nan  ep_len    nan  fell    0  err_xy 0.016  std 0.217  lr 1.0e-04  fps   8164   768.1s
it 2510/4000  reward     nan  ep_len    nan  fell    0  err_xy 0.018  std 0.217  lr 1.0e-04  fps   8282   768.4s
it 2511/4000  reward     nan  ep_len    nan  fell    0  err_xy 0.015  std 0.217  lr 1.0e-04  fps   7630   768.7s
it 2512/4000  reward     nan  ep_len    nan  fell    0  err_xy 0.015  std 0.217  lr 1.0e-04  fps   8228   769.0s
it 2513/4000  reward  174.43  ep_len 1058.0  fell    0  err_xy 0.046  std 0.217  lr 1.0e-04  fps   6405   769.3s
it 2514/4000  reward     nan  ep_len    nan  fell    0  err_xy 0.244  std 0.217  lr 1.0e-04  fps   7225   769.6s
it 2515/4000  reward     nan  ep_len    nan  fell    0  err_xy 0.196  std 0.217  lr 1.0e-04  fps   7677   769.9s
it 2516/4000  reward     nan  ep_len    nan  fell    0  err_xy 0.176  std 0.217  lr 1.0e-04  fps   7420   770.3s
it 2517/4000  reward     nan  ep_len    nan  fell    0  err_xy 0.193  std 0.217  lr 1.0e-04  fps   7865   770.6s
it 2518/4000  reward     nan  ep_len    nan  fell    0  err_xy 0.169  std 0.217  lr 1.0e-04  fps   6887   770.9s
it 2519/4000  reward     nan  ep_len    nan  fell    0  err_xy 0.167  std 0.217  lr 1.0e-04  fps   7881   771.2s
it 2520/4000  reward     nan  ep_len    nan  fell    0  err_xy 0.158  std 0.217  lr 1.0e-04  fps   6913   771.5s
it 2521/4000  reward     nan  ep_len    nan  fell    0  err_xy 0.165  std 0.217  lr 1.0e-04  fps   6965   771.8s
it 2522/4000  reward     nan  ep_len    nan  fell    0  err_xy 0.140  std 0.217  lr 1.0e-04  fps   7396   772.2s
it 2523/4000  reward     nan  ep_len    nan  fell    0  err_xy 0.130  std 0.217  lr 1.0e-04  fps   7916   772.4s
it 2524/4000  reward     nan  ep_len    nan  fell    0  err_xy 0.101  std 0.217  lr 1.0e-04  fps   7286   772.8s
it 2525/4000  reward     nan  ep_len    nan  fell    0  err_xy 0.088  std 0.217  lr 1.0e-04  fps   7951   773.1s
it 2526/4000  reward     nan  ep_len    nan  fell    0  err_xy 0.080  std 0.217  lr 1.0e-04  fps   8075   773.3s
it 2527/4000  reward     nan  ep_len    nan  fell    0  err_xy 0.069  std 0.217  lr 1.0e-04  fps   8077   773.6s
it 2528/4000  reward     nan  ep_len    nan  fell    0  err_xy 0.073  std 0.217  lr 1.0e-04  fps   8102   773.9s
it 2529/4000  reward     nan  ep_len    nan  fell    0  err_xy 0.063  std 0.217  lr 1.0e-04  fps   8168   774.2s
it 2530/4000  reward     nan  ep_len    nan  fell    0  err_xy 0.062  std 0.217  lr 1.0e-04  fps   8100   774.5s
it 2531/4000  reward     nan  ep_len    nan  fell    0  err_xy 0.065  std 0.217  lr 1.0e-04  fps   8022   774.8s
it 2532/4000  reward     nan  ep_len    nan  fell    0  err_xy 0.053  std 0.217  lr 1.0e-04  fps   8120   775.0s
it 2533/4000  reward     nan  ep_len    nan  fell    0  err_xy 0.050  std 0.217  lr 1.0e-04  fps   7527   775.4s
it 2534/4000  reward     nan  ep_len    nan  fell    0  err_xy 0.043  std 0.217  lr 1.0e-04  fps   7649   775.7s
it 2535/4000  reward     nan  ep_len    nan  fell    0  err_xy 0.038  std 0.217  lr 1.0e-04  fps   7975   775.9s
it 2536/4000  reward     nan  ep_len    nan  fell    0  err_xy 0.033  std 0.217  lr 1.0e-04  fps   8004   776.2s
it 2537/4000  reward     nan  ep_len    nan  fell    0  err_xy 0.034  std 0.217  lr 1.0e-04  fps   7931   776.5s
it 2538/4000  reward     nan  ep_len    nan  fell    0  err_xy 0.034  std 0.217  lr 1.0e-04  fps   7782   776.8s
it 2539/4000  reward     nan  ep_len    nan  fell    0  err_xy 0.035  std 0.217  lr 1.0e-04  fps   8124   777.1s
it 2540/4000  reward     nan  ep_len    nan  fell    0  err_xy 0.030  std 0.217  lr 1.0e-04  fps   8078   777.4s
it 2541/4000  reward     nan  ep_len    nan  fell    0  err_xy 0.025  std 0.217  lr 1.0e-04  fps   8120   777.7s
it 2542/4000  reward     nan  ep_len    nan  fell    0  err_xy 0.024  std 0.217  lr 1.0e-04  fps   8165   778.0s
it 2543/4000  reward     nan  ep_len    nan  fell    0  err_xy 0.026  std 0.217  lr 1.0e-04  fps   8263   778.2s
it 2544/4000  reward     nan  ep_len    nan  fell    0  err_xy 0.028  std 0.217  lr 1.0e-04  fps   8318   778.5s
it 2545/4000  reward     nan  ep_len    nan  fell    0  err_xy 0.026  std 0.217  lr 1.0e-04  fps   8282   778.8s
it 2546/4000  reward     nan  ep_len    nan  fell    0  err_xy 0.027  std 0.217  lr 1.0e-04  fps   8319   779.1s
it 2547/4000  reward     nan  ep_len    nan  fell    0  err_xy 0.026  std 0.217  lr 1.0e-04  fps   8363   779.3s
it 2548/4000  reward     nan  ep_len    nan  fell    0  err_xy 0.029  std 0.217  lr 1.0e-04  fps   8314   779.6s
it 2549/4000  reward     nan  ep_len    nan  fell    0  err_xy 0.032  std 0.217  lr 1.0e-04  fps   8455   779.9s
it 2550/4000  reward     nan  ep_len    nan  fell    0  err_xy 0.026  std 0.217  lr 1.0e-04  fps   8456   780.2s
it 2551/4000  reward     nan  ep_len    nan  fell    0  err_xy 0.031  std 0.217  lr 1.0e-04  fps   8330   780.4s
it 2552/4000  reward     nan  ep_len    nan  fell    0  err_xy 0.024  std 0.217  lr 1.0e-04  fps   8383   780.7s
it 2553/4000  reward     nan  ep_len    nan  fell    0  err_xy 0.030  std 0.217  lr 1.0e-04  fps   8421   781.0s
it 2554/4000  reward     nan  ep_len    nan  fell    0  err_xy 0.017  std 0.217  lr 1.0e-04  fps   8429   781.3s
it 2555/4000  reward     nan  ep_len    nan  fell    0  err_xy 0.013  std 0.217  lr 1.0e-04  fps   8451   781.5s
it 2556/4000  reward     nan  ep_len    nan  fell    0  err_xy 0.016  std 0.217  lr 1.0e-04  fps   8504   781.8s
it 2557/4000  reward  157.63  ep_len 1058.0  fell    0  err_xy 0.038  std 0.217  lr 1.0e-04  fps   6876   782.1s
it 2558/4000  reward     nan  ep_len    nan  fell    0  err_xy 0.236  std 0.217  lr 1.0e-04  fps   8482   782.4s
it 2559/4000  reward     nan  ep_len    nan  fell    0  err_xy 0.208  std 0.217  lr 1.0e-04  fps   8739   782.7s
it 2560/4000  reward     nan  ep_len    nan  fell    0  err_xy 0.193  std 0.217  lr 1.0e-04  fps   8745   782.9s
it 2561/4000  reward     nan  ep_len    nan  fell    0  err_xy 0.208  std 0.217  lr 1.0e-04  fps   8617   783.2s
it 2562/4000  reward     nan  ep_len    nan  fell    0  err_xy 0.182  std 0.217  lr 1.0e-04  fps   8261   783.5s
it 2563/4000  reward     nan  ep_len    nan  fell    0  err_xy 0.179  std 0.217  lr 1.0e-04  fps   8369   783.8s
it 2564/4000  reward     nan  ep_len    nan  fell    0  err_xy 0.171  std 0.217  lr 1.0e-04  fps   8284   784.0s
it 2565/4000  reward     nan  ep_len    nan  fell    0  err_xy 0.161  std 0.217  lr 1.0e-04  fps   8322   784.3s
it 2566/4000  reward     nan  ep_len    nan  fell    0  err_xy 0.150  std 0.217  lr 1.0e-04  fps   8247   784.6s
it 2567/4000  reward     nan  ep_len    nan  fell    0  err_xy 0.136  std 0.217  lr 1.0e-04  fps   8203   784.9s
it 2568/4000  reward     nan  ep_len    nan  fell    0  err_xy 0.131  std 0.217  lr 1.0e-04  fps   8153   785.2s
it 2569/4000  reward     nan  ep_len    nan  fell    0  err_xy 0.106  std 0.217  lr 1.0e-04  fps   8164   785.5s
it 2570/4000  reward     nan  ep_len    nan  fell    0  err_xy 0.076  std 0.217  lr 1.0e-04  fps   8032   785.7s
it 2571/4000  reward     nan  ep_len    nan  fell    0  err_xy 0.077  std 0.217  lr 1.0e-04  fps   7872   786.0s
it 2572/4000  reward     nan  ep_len    nan  fell    0  err_xy 0.061  std 0.217  lr 1.0e-04  fps   7960   786.3s
it 2573/4000  reward     nan  ep_len    nan  fell    0  err_xy 0.060  std 0.217  lr 1.0e-04  fps   7973   786.6s
it 2574/4000  reward     nan  ep_len    nan  fell    0  err_xy 0.045  std 0.217  lr 1.0e-04  fps   7913   786.9s
it 2575/4000  reward     nan  ep_len    nan  fell    0  err_xy 0.036  std 0.217  lr 1.0e-04  fps   7922   787.2s
it 2576/4000  reward     nan  ep_len    nan  fell    0  err_xy 0.033  std 0.217  lr 1.0e-04  fps   7778   787.5s
it 2577/4000  reward     nan  ep_len    nan  fell    0  err_xy 0.036  std 0.217  lr 1.0e-04  fps   7841   787.8s
it 2578/4000  reward     nan  ep_len    nan  fell    0  err_xy 0.027  std 0.217  lr 1.0e-04  fps   7913   788.1s
it 2579/4000  reward     nan  ep_len    nan  fell    0  err_xy 0.037  std 0.217  lr 1.0e-04  fps   7873   788.4s
it 2580/4000  reward     nan  ep_len    nan  fell    0  err_xy 0.026  std 0.217  lr 1.0e-04  fps   7857   788.7s
it 2581/4000  reward     nan  ep_len    nan  fell    0  err_xy 0.026  std 0.217  lr 1.0e-04  fps   7860   789.0s
it 2582/4000  reward     nan  ep_len    nan  fell    0  err_xy 0.027  std 0.217  lr 1.0e-04  fps   7890   789.2s
it 2583/4000  reward     nan  ep_len    nan  fell    0  err_xy 0.027  std 0.217  lr 1.0e-04  fps   7847   789.5s
it 2584/4000  reward     nan  ep_len    nan  fell    0  err_xy 0.023  std 0.217  lr 1.0e-04  fps   7875   789.8s
it 2585/4000  reward     nan  ep_len    nan  fell    0  err_xy 0.026  std 0.217  lr 1.0e-04  fps   7854   790.1s
it 2586/4000  reward     nan  ep_len    nan  fell    0  err_xy 0.029  std 0.217  lr 1.0e-04  fps   7953   790.4s
it 2587/4000  reward     nan  ep_len    nan  fell    0  err_xy 0.033  std 0.217  lr 1.0e-04  fps   7975   790.7s
it 2588/4000  reward     nan  ep_len    nan  fell    0  err_xy 0.031  std 0.217  lr 1.0e-04  fps   8201   791.0s
it 2589/4000  reward     nan  ep_len    nan  fell    0  err_xy 0.025  std 0.217  lr 1.0e-04  fps   8244   791.3s
it 2590/4000  reward     nan  ep_len    nan  fell    0  err_xy 0.024  std 0.217  lr 1.0e-04  fps   8282   791.5s
it 2591/4000  reward     nan  ep_len    nan  fell    0  err_xy 0.022  std 0.217  lr 1.0e-04  fps   8300   791.8s
it 2592/4000  reward     nan  ep_len    nan  fell    0  err_xy 0.020  std 0.217  lr 1.0e-04  fps   8283   792.1s
it 2593/4000  reward     nan  ep_len    nan  fell    0  err_xy 0.019  std 0.217  lr 1.0e-04  fps   8289   792.4s
it 2594/4000  reward     nan  ep_len    nan  fell    0  err_xy 0.015  std 0.217  lr 1.0e-04  fps   8262   792.7s
it 2595/4000  reward     nan  ep_len    nan  fell    0  err_xy 0.020  std 0.217  lr 1.0e-04  fps   8274   792.9s
it 2596/4000  reward     nan  ep_len    nan  fell    0  err_xy 0.020  std 0.217  lr 1.0e-04  fps   7615   793.2s
it 2597/4000  reward     nan  ep_len    nan  fell    0  err_xy 0.018  std 0.217  lr 1.0e-04  fps   8203   793.5s
it 2598/4000  reward     nan  ep_len    nan  fell    0  err_xy 0.016  std 0.217  lr 1.0e-04  fps   8409   793.8s
it 2599/4000  reward     nan  ep_len    nan  fell    0  err_xy 0.014  std 0.217  lr 1.0e-04  fps   8428   794.1s
it 2600/4000  reward     nan  ep_len    nan  fell    0  err_xy 0.013  std 0.217  lr 1.0e-04  fps   8475   794.3s
eval iteration 2600:
  prone          success   0.0%  time 21.16s  peak_τ 0.96 Nm  return 181.78
  supine         success   0.0%  time 21.16s  peak_τ 0.96 Nm  return 136.21
  score 0.000
it 2601/4000  reward  160.79  ep_len 1058.0  fell    0  err_xy 0.022  std 0.217  lr 1.0e-04  fps   6470   799.4s
it 2602/4000  reward     nan  ep_len    nan  fell    0  err_xy 0.234  std 0.217  lr 1.0e-04  fps   8791   799.7s
it 2603/4000  reward     nan  ep_len    nan  fell    0  err_xy 0.196  std 0.217  lr 1.0e-04  fps   9068   799.9s
it 2604/4000  reward     nan  ep_len    nan  fell    0  err_xy 0.197  std 0.217  lr 1.0e-04  fps   9054   800.2s
it 2605/4000  reward     nan  ep_len    nan  fell    0  err_xy 0.212  std 0.217  lr 1.0e-04  fps   8981   800.4s
it 2606/4000  reward     nan  ep_len    nan  fell    0  err_xy 0.195  std 0.217  lr 1.0e-04  fps   8903   800.7s
it 2607/4000  reward     nan  ep_len    nan  fell    0  err_xy 0.186  std 0.217  lr 1.0e-04  fps   8688   800.9s
it 2608/4000  reward     nan  ep_len    nan  fell    0  err_xy 0.175  std 0.217  lr 1.0e-04  fps   8755   801.2s
it 2609/4000  reward     nan  ep_len    nan  fell    0  err_xy 0.162  std 0.217  lr 1.0e-04  fps   8615   801.5s
it 2610/4000  reward     nan  ep_len    nan  fell    0  err_xy 0.155  std 0.217  lr 1.0e-04  fps   8526   801.7s
it 2611/4000  reward     nan  ep_len    nan  fell    0  err_xy 0.136  std 0.217  lr 1.0e-04  fps   8639   802.0s
it 2612/4000  reward     nan  ep_len    nan  fell    0  err_xy 0.124  std 0.217  lr 1.0e-04  fps   8487   802.3s
it 2613/4000  reward     nan  ep_len    nan  fell    0  err_xy 0.110  std 0.217  lr 1.0e-04  fps   8490   802.6s
it 2614/4000  reward     nan  ep_len    nan  fell    0  err_xy 0.093  std 0.217  lr 1.0e-04  fps   8295   802.8s
it 2615/4000  reward     nan  ep_len    nan  fell    0  err_xy 0.077  std 0.217  lr 1.0e-04  fps   8186   803.1s
it 2616/4000  reward     nan  ep_len    nan  fell    0  err_xy 0.071  std 0.217  lr 1.0e-04  fps   8227   803.4s
it 2617/4000  reward     nan  ep_len    nan  fell    0  err_xy 0.051  std 0.217  lr 1.0e-04  fps   7934   803.7s
it 2618/4000  reward     nan  ep_len    nan  fell    0  err_xy 0.047  std 0.217  lr 1.0e-04  fps   8156   804.0s
it 2619/4000  reward     nan  ep_len    nan  fell    0  err_xy 0.041  std 0.217  lr 1.0e-04  fps   8214   804.2s
it 2620/4000  reward     nan  ep_len    nan  fell    0  err_xy 0.043  std 0.217  lr 1.0e-04  fps   8200   804.5s
it 2621/4000  reward     nan  ep_len    nan  fell    0  err_xy 0.032  std 0.217  lr 1.0e-04  fps   8251   804.8s
it 2622/4000  reward     nan  ep_len    nan  fell    0  err_xy 0.032  std 0.217  lr 1.0e-04  fps   8288   805.1s
it 2623/4000  reward     nan  ep_len    nan  fell    0  err_xy 0.033  std 0.217  lr 1.0e-04  fps   7819   805.4s
it 2624/4000  reward     nan  ep_len    nan  fell    0  err_xy 0.030  std 0.217  lr 1.0e-04  fps   8290   805.7s
it 2625/4000  reward     nan  ep_len    nan  fell    0  err_xy 0.028  std 0.217  lr 1.0e-04  fps   8199   805.9s
it 2626/4000  reward     nan  ep_len    nan  fell    0  err_xy 0.026  std 0.217  lr 1.0e-04  fps   8214   806.2s
it 2627/4000  reward     nan  ep_len    nan  fell    0  err_xy 0.024  std 0.217  lr 1.0e-04  fps   7500   806.5s
it 2628/4000  reward     nan  ep_len    nan  fell    0  err_xy 0.025  std 0.217  lr 1.0e-04  fps   8303   806.8s
it 2629/4000  reward     nan  ep_len    nan  fell    0  err_xy 0.026  std 0.217  lr 1.0e-04  fps   8406   807.1s
it 2630/4000  reward     nan  ep_len    nan  fell    0  err_xy 0.029  std 0.217  lr 1.0e-04  fps   8508   807.4s
it 2631/4000  reward     nan  ep_len    nan  fell    0  err_xy 0.030  std 0.217  lr 1.0e-04  fps   8488   807.6s
it 2632/4000  reward     nan  ep_len    nan  fell    0  err_xy 0.030  std 0.217  lr 1.0e-04  fps   8504   807.9s
it 2633/4000  reward     nan  ep_len    nan  fell    0  err_xy 0.029  std 0.217  lr 1.0e-04  fps   8546   808.2s
it 2634/4000  reward     nan  ep_len    nan  fell    0  err_xy 0.030  std 0.217  lr 1.0e-04  fps   8616   808.4s
it 2635/4000  reward     nan  ep_len    nan  fell    0  err_xy 0.029  std 0.217  lr 1.0e-04  fps   8598   808.7s
it 2636/4000  reward     nan  ep_len    nan  fell    0  err_xy 0.028  std 0.217  lr 1.0e-04  fps   8710   809.0s
it 2637/4000  reward     nan  ep_len    nan  fell    0  err_xy 0.024  std 0.217  lr 1.0e-04  fps   8669   809.2s
it 2638/4000  reward     nan  ep_len    nan  fell    0  err_xy 0.018  std 0.217  lr 1.0e-04  fps   8631   809.5s
it 2639/4000  reward     nan  ep_len    nan  fell    0  err_xy 0.020  std 0.217  lr 1.0e-04  fps   8688   809.8s
it 2640/4000  reward     nan  ep_len    nan  fell    0  err_xy 0.022  std 0.217  lr 1.0e-04  fps   8660   810.0s
it 2641/4000  reward     nan  ep_len    nan  fell    0  err_xy 0.020  std 0.217  lr 1.0e-04  fps   8670   810.3s
it 2642/4000  reward     nan  ep_len    nan  fell    0  err_xy 0.022  std 0.217  lr 1.0e-04  fps   8638   810.6s
it 2643/4000  reward     nan  ep_len    nan  fell    0  err_xy 0.021  std 0.217  lr 1.0e-04  fps   8750   810.8s
it 2644/4000  reward     nan  ep_len    nan  fell    0  err_xy 0.019  std 0.217  lr 1.0e-04  fps   8813   811.1s
it 2645/4000  reward  160.08  ep_len 1058.0  fell    0  err_xy 0.018  std 0.217  lr 1.0e-04  fps   7039   811.4s
it 2646/4000  reward     nan  ep_len    nan  fell    0  err_xy 0.247  std 0.217  lr 1.0e-04  fps   8914   811.7s
it 2647/4000  reward     nan  ep_len    nan  fell    0  err_xy 0.204  std 0.217  lr 1.0e-04  fps   9065   811.9s
it 2648/4000  reward     nan  ep_len    nan  fell    0  err_xy 0.181  std 0.217  lr 1.0e-04  fps   8633   812.2s
it 2649/4000  reward     nan  ep_len    nan  fell    0  err_xy 0.174  std 0.217  lr 1.0e-04  fps   8603   812.5s
it 2650/4000  reward     nan  ep_len    nan  fell    0  err_xy 0.178  std 0.217  lr 1.0e-04  fps   8700   812.7s
it 2651/4000  reward     nan  ep_len    nan  fell    0  err_xy 0.153  std 0.217  lr 1.0e-04  fps   8843   813.0s
it 2652/4000  reward     nan  ep_len    nan  fell    0  err_xy 0.142  std 0.217  lr 1.0e-04  fps   8287   813.3s
it 2653/4000  reward     nan  ep_len    nan  fell    0  err_xy 0.142  std 0.217  lr 1.0e-04  fps   7854   813.6s
it 2654/4000  reward     nan  ep_len    nan  fell    0  err_xy 0.131  std 0.217  lr 1.0e-04  fps   8159   813.8s
it 2655/4000  reward     nan  ep_len    nan  fell    0  err_xy 0.102  std 0.217  lr 1.0e-04  fps   8379   814.1s
it 2656/4000  reward     nan  ep_len    nan  fell    0  err_xy 0.099  std 0.217  lr 1.0e-04  fps   8538   814.4s
it 2657/4000  reward     nan  ep_len    nan  fell    0  err_xy 0.086  std 0.217  lr 1.0e-04  fps   8464   814.7s
it 2658/4000  reward     nan  ep_len    nan  fell    0  err_xy 0.096  std 0.217  lr 1.0e-04  fps   8446   814.9s
it 2659/4000  reward     nan  ep_len    nan  fell    0  err_xy 0.065  std 0.217  lr 1.0e-04  fps   8496   815.2s
it 2660/4000  reward     nan  ep_len    nan  fell    0  err_xy 0.056  std 0.217  lr 1.0e-04  fps   8405   815.5s
it 2661/4000  reward     nan  ep_len    nan  fell    0  err_xy 0.046  std 0.217  lr 1.0e-04  fps   8346   815.8s
it 2662/4000  reward     nan  ep_len    nan  fell    0  err_xy 0.043  std 0.217  lr 1.0e-04  fps   8270   816.0s
it 2663/4000  reward     nan  ep_len    nan  fell    0  err_xy 0.041  std 0.217  lr 1.0e-04  fps   8244   816.3s
it 2664/4000  reward     nan  ep_len    nan  fell    0  err_xy 0.032  std 0.217  lr 1.0e-04  fps   8137   816.6s
it 2665/4000  reward     nan  ep_len    nan  fell    0  err_xy 0.037  std 0.216  lr 1.0e-04  fps   7454   816.9s
it 2666/4000  reward     nan  ep_len    nan  fell    0  err_xy 0.038  std 0.217  lr 1.0e-04  fps   7958   817.2s
it 2667/4000  reward     nan  ep_len    nan  fell    0  err_xy 0.028  std 0.217  lr 1.0e-04  fps   8234   817.5s
it 2668/4000  reward     nan  ep_len    nan  fell    0  err_xy 0.025  std 0.217  lr 1.0e-04  fps   8231   817.8s
it 2669/4000  reward     nan  ep_len    nan  fell    0  err_xy 0.029  std 0.217  lr 1.0e-04  fps   8259   818.0s
it 2670/4000  reward     nan  ep_len    nan  fell    0  err_xy 0.024  std 0.217  lr 1.0e-04  fps   8334   818.3s
it 2671/4000  reward     nan  ep_len    nan  fell    0  err_xy 0.019  std 0.217  lr 1.0e-04  fps   8351   818.6s
it 2672/4000  reward     nan  ep_len    nan  fell    0  err_xy 0.021  std 0.217  lr 1.0e-04  fps   8407   818.9s
it 2673/4000  reward     nan  ep_len    nan  fell    0  err_xy 0.021  std 0.216  lr 1.0e-04  fps   8426   819.1s
it 2674/4000  reward     nan  ep_len    nan  fell    0  err_xy 0.022  std 0.216  lr 1.0e-04  fps   8326   819.4s
it 2675/4000  reward     nan  ep_len    nan  fell    0  err_xy 0.015  std 0.216  lr 1.0e-04  fps   8194   819.7s
it 2676/4000  reward     nan  ep_len    nan  fell    0  err_xy 0.021  std 0.216  lr 1.0e-04  fps   8260   820.0s
it 2677/4000  reward     nan  ep_len    nan  fell    0  err_xy 0.014  std 0.216  lr 1.0e-04  fps   8305   820.3s
it 2678/4000  reward     nan  ep_len    nan  fell    0  err_xy 0.016  std 0.216  lr 1.0e-04  fps   8296   820.5s
it 2679/4000  reward     nan  ep_len    nan  fell    0  err_xy 0.014  std 0.217  lr 1.0e-04  fps   8388   820.8s
it 2680/4000  reward     nan  ep_len    nan  fell    0  err_xy 0.012  std 0.217  lr 1.0e-04  fps   8443   821.1s
it 2681/4000  reward     nan  ep_len    nan  fell    0  err_xy 0.011  std 0.217  lr 1.0e-04  fps   8320   821.4s
it 2682/4000  reward     nan  ep_len    nan  fell    0  err_xy 0.011  std 0.217  lr 1.0e-04  fps   8351   821.6s
it 2683/4000  reward     nan  ep_len    nan  fell    0  err_xy 0.011  std 0.217  lr 1.0e-04  fps   8367   821.9s
it 2684/4000  reward     nan  ep_len    nan  fell    0  err_xy 0.010  std 0.217  lr 1.0e-04  fps   7139   822.2s
it 2685/4000  reward     nan  ep_len    nan  fell    0  err_xy 0.009  std 0.217  lr 1.0e-04  fps   8211   822.5s
it 2686/4000  reward     nan  ep_len    nan  fell    0  err_xy 0.009  std 0.216  lr 1.0e-04  fps   8361   822.8s
it 2687/4000  reward     nan  ep_len    nan  fell    0  err_xy 0.009  std 0.216  lr 1.0e-04  fps   8455   823.1s
it 2688/4000  reward     nan  ep_len    nan  fell    0  err_xy 0.009  std 0.216  lr 1.0e-04  fps   8381   823.3s
it 2689/4000  reward     nan  ep_len    nan  fell    0  err_xy 0.009  std 0.216  lr 1.0e-04  fps   8421   823.6s
it 2690/4000  reward  172.62  ep_len 1058.0  fell    0  err_xy 0.232  std 0.216  lr 1.0e-04  fps   6415   824.0s
it 2691/4000  reward     nan  ep_len    nan  fell    0  err_xy 0.208  std 0.216  lr 1.0e-04  fps   8266   824.3s
it 2692/4000  reward     nan  ep_len    nan  fell    0  err_xy 0.178  std 0.216  lr 1.0e-04  fps   8403   824.5s
it 2693/4000  reward     nan  ep_len    nan  fell    0  err_xy 0.168  std 0.217  lr 1.0e-04  fps   8527   824.8s
it 2694/4000  reward     nan  ep_len    nan  fell    0  err_xy 0.176  std 0.217  lr 1.0e-04  fps   8658   825.1s
it 2695/4000  reward     nan  ep_len    nan  fell    0  err_xy 0.166  std 0.217  lr 1.0e-04  fps   8595   825.3s
it 2696/4000  reward     nan  ep_len    nan  fell    0  err_xy 0.155  std 0.217  lr 1.0e-04  fps   8542   825.6s
it 2697/4000  reward     nan  ep_len    nan  fell    0  err_xy 0.148  std 0.217  lr 1.0e-04  fps   8470   825.9s
it 2698/4000  reward     nan  ep_len    nan  fell    0  err_xy 0.136  std 0.217  lr 1.0e-04  fps   8519   826.1s
it 2699/4000  reward     nan  ep_len    nan  fell    0  err_xy 0.138  std 0.217  lr 1.0e-04  fps   8433   826.4s
it 2700/4000  reward     nan  ep_len    nan  fell    0  err_xy 0.118  std 0.217  lr 1.0e-04  fps   8394   826.7s
it 2701/4000  reward     nan  ep_len    nan  fell    0  err_xy 0.116  std 0.217  lr 1.0e-04  fps   8361   827.0s
it 2702/4000  reward     nan  ep_len    nan  fell    0  err_xy 0.085  std 0.217  lr 1.0e-04  fps   8300   827.3s
it 2703/4000  reward     nan  ep_len    nan  fell    0  err_xy 0.090  std 0.217  lr 1.0e-04  fps   8216   827.5s
it 2704/4000  reward     nan  ep_len    nan  fell    0  err_xy 0.073  std 0.217  lr 1.0e-04  fps   8228   827.8s
it 2705/4000  reward     nan  ep_len    nan  fell    0  err_xy 0.077  std 0.217  lr 1.0e-04  fps   8244   828.1s
it 2706/4000  reward     nan  ep_len    nan  fell    0  err_xy 0.060  std 0.217  lr 1.0e-04  fps   8232   828.4s
it 2707/4000  reward     nan  ep_len    nan  fell    0  err_xy 0.056  std 0.217  lr 1.0e-04  fps   8165   828.7s
it 2708/4000  reward     nan  ep_len    nan  fell    0  err_xy 0.048  std 0.217  lr 1.0e-04  fps   8140   828.9s
it 2709/4000  reward     nan  ep_len    nan  fell    0  err_xy 0.035  std 0.217  lr 1.0e-04  fps   8051   829.2s
it 2710/4000  reward     nan  ep_len    nan  fell    0  err_xy 0.033  std 0.217  lr 1.0e-04  fps   7883   829.5s
it 2711/4000  reward     nan  ep_len    nan  fell    0  err_xy 0.030  std 0.217  lr 1.0e-04  fps   8029   829.8s
it 2712/4000  reward     nan  ep_len    nan  fell    0  err_xy 0.031  std 0.217  lr 1.0e-04  fps   8026   830.1s
it 2713/4000  reward     nan  ep_len    nan  fell    0  err_xy 0.029  std 0.217  lr 1.0e-04  fps   8020   830.4s
it 2714/4000  reward     nan  ep_len    nan  fell    0  err_xy 0.030  std 0.217  lr 1.0e-04  fps   7935   830.7s
it 2715/4000  reward     nan  ep_len    nan  fell    0  err_xy 0.032  std 0.217  lr 1.0e-04  fps   7838   831.0s
it 2716/4000  reward     nan  ep_len    nan  fell    0  err_xy 0.029  std 0.217  lr 1.0e-04  fps   5845   831.4s
it 2717/4000  reward     nan  ep_len    nan  fell    0  err_xy 0.026  std 0.217  lr 1.0e-04  fps   7400   831.7s
it 2718/4000  reward     nan  ep_len    nan  fell    0  err_xy 0.025  std 0.217  lr 1.0e-04  fps   7398   832.0s
it 2719/4000  reward     nan  ep_len    nan  fell    0  err_xy 0.024  std 0.217  lr 1.0e-04  fps   8074   832.3s
it 2720/4000  reward     nan  ep_len    nan  fell    0  err_xy 0.022  std 0.217  lr 1.0e-04  fps   8135   832.6s
it 2721/4000  reward     nan  ep_len    nan  fell    0  err_xy 0.024  std 0.217  lr 1.0e-04  fps   6226   832.9s
it 2722/4000  reward     nan  ep_len    nan  fell    0  err_xy 0.024  std 0.217  lr 1.0e-04  fps   8082   833.2s
it 2723/4000  reward     nan  ep_len    nan  fell    0  err_xy 0.019  std 0.217  lr 1.0e-04  fps   8040   833.5s
it 2724/4000  reward     nan  ep_len    nan  fell    0  err_xy 0.020  std 0.217  lr 1.0e-04  fps   8268   833.8s
it 2725/4000  reward     nan  ep_len    nan  fell    0  err_xy 0.019  std 0.217  lr 1.0e-04  fps   8318   834.1s
it 2726/4000  reward     nan  ep_len    nan  fell    0  err_xy 0.023  std 0.217  lr 1.0e-04  fps   8247   834.3s
it 2727/4000  reward     nan  ep_len    nan  fell    0  err_xy 0.018  std 0.217  lr 1.0e-04  fps   8195   834.6s
it 2728/4000  reward     nan  ep_len    nan  fell    0  err_xy 0.018  std 0.217  lr 1.0e-04  fps   8318   834.9s
it 2729/4000  reward     nan  ep_len    nan  fell    0  err_xy 0.019  std 0.217  lr 1.0e-04  fps   8358   835.2s
it 2730/4000  reward     nan  ep_len    nan  fell    0  err_xy 0.015  std 0.217  lr 1.0e-04  fps   8323   835.4s
it 2731/4000  reward     nan  ep_len    nan  fell    0  err_xy 0.013  std 0.217  lr 1.0e-04  fps   8422   835.7s
it 2732/4000  reward     nan  ep_len    nan  fell    0  err_xy 0.013  std 0.217  lr 1.0e-04  fps   8504   836.0s
it 2733/4000  reward     nan  ep_len    nan  fell    0  err_xy 0.015  std 0.217  lr 1.0e-04  fps   8441   836.3s
it 2734/4000  reward  166.01  ep_len 1058.0  fell    0  err_xy 0.185  std 0.217  lr 1.0e-04  fps   6839   836.6s
it 2735/4000  reward     nan  ep_len    nan  fell    0  err_xy 0.206  std 0.217  lr 1.0e-04  fps   8456   836.9s
it 2736/4000  reward     nan  ep_len    nan  fell    0  err_xy 0.177  std 0.217  lr 1.0e-04  fps   8573   837.1s
it 2737/4000  reward     nan  ep_len    nan  fell    0  err_xy 0.151  std 0.217  lr 1.0e-04  fps   8473   837.4s
it 2738/4000  reward     nan  ep_len    nan  fell    0  err_xy 0.169  std 0.217  lr 1.0e-04  fps   8288   837.7s
it 2739/4000  reward     nan  ep_len    nan  fell    0  err_xy 0.167  std 0.217  lr 1.0e-04  fps   8391   838.0s
it 2740/4000  reward     nan  ep_len    nan  fell    0  err_xy 0.161  std 0.217  lr 1.0e-04  fps   8465   838.2s
it 2741/4000  reward     nan  ep_len    nan  fell    0  err_xy 0.138  std 0.217  lr 1.0e-04  fps   8335   838.5s
it 2742/4000  reward     nan  ep_len    nan  fell    0  err_xy 0.125  std 0.217  lr 1.0e-04  fps   8440   838.8s
it 2743/4000  reward     nan  ep_len    nan  fell    0  err_xy 0.121  std 0.217  lr 1.0e-04  fps   8424   839.1s
it 2744/4000  reward     nan  ep_len    nan  fell    0  err_xy 0.095  std 0.217  lr 1.0e-04  fps   8416   839.3s
it 2745/4000  reward     nan  ep_len    nan  fell    0  err_xy 0.098  std 0.217  lr 1.0e-04  fps   8274   839.6s
it 2746/4000  reward     nan  ep_len    nan  fell    0  err_xy 0.086  std 0.217  lr 1.0e-04  fps   8446   839.9s
it 2747/4000  reward     nan  ep_len    nan  fell    0  err_xy 0.080  std 0.217  lr 1.0e-04  fps   8355   840.2s
it 2748/4000  reward     nan  ep_len    nan  fell    0  err_xy 0.071  std 0.217  lr 1.0e-04  fps   8261   840.4s
it 2749/4000  reward     nan  ep_len    nan  fell    0  err_xy 0.067  std 0.217  lr 1.0e-04  fps   8299   840.7s
it 2750/4000  reward     nan  ep_len    nan  fell    0  err_xy 0.063  std 0.217  lr 1.0e-04  fps   8294   841.0s
it 2751/4000  reward     nan  ep_len    nan  fell    0  err_xy 0.061  std 0.217  lr 1.0e-04  fps   8270   841.3s
it 2752/4000  reward     nan  ep_len    nan  fell    0  err_xy 0.055  std 0.217  lr 1.0e-04  fps   8136   841.6s
it 2753/4000  reward     nan  ep_len    nan  fell    0  err_xy 0.050  std 0.217  lr 1.0e-04  fps   8215   841.8s
it 2754/4000  reward     nan  ep_len    nan  fell    0  err_xy 0.046  std 0.217  lr 1.0e-04  fps   8198   842.1s
it 2755/4000  reward     nan  ep_len    nan  fell    0  err_xy 0.040  std 0.217  lr 1.0e-04  fps   8152   842.4s
it 2756/4000  reward     nan  ep_len    nan  fell    0  err_xy 0.043  std 0.217  lr 1.0e-04  fps   8109   842.7s
it 2757/4000  reward     nan  ep_len    nan  fell    0  err_xy 0.045  std 0.217  lr 1.0e-04  fps   8221   843.0s
it 2758/4000  reward     nan  ep_len    nan  fell    0  err_xy 0.034  std 0.217  lr 1.0e-04  fps   8138   843.3s
it 2759/4000  reward     nan  ep_len    nan  fell    0  err_xy 0.035  std 0.217  lr 1.0e-04  fps   8070   843.5s
it 2760/4000  reward     nan  ep_len    nan  fell    0  err_xy 0.031  std 0.217  lr 1.0e-04  fps   8230   843.8s
it 2761/4000  reward     nan  ep_len    nan  fell    0  err_xy 0.031  std 0.217  lr 1.0e-04  fps   8179   844.1s
it 2762/4000  reward     nan  ep_len    nan  fell    0  err_xy 0.026  std 0.217  lr 1.0e-04  fps   8225   844.4s
it 2763/4000  reward     nan  ep_len    nan  fell    0  err_xy 0.025  std 0.217  lr 1.0e-04  fps   8220   844.7s
it 2764/4000  reward     nan  ep_len    nan  fell    0  err_xy 0.022  std 0.217  lr 1.0e-04  fps   8253   844.9s
it 2765/4000  reward     nan  ep_len    nan  fell    0  err_xy 0.022  std 0.217  lr 1.0e-04  fps   7541   845.2s
it 2766/4000  reward     nan  ep_len    nan  fell    0  err_xy 0.021  std 0.217  lr 1.0e-04  fps   8049   845.5s
it 2767/4000  reward     nan  ep_len    nan  fell    0  err_xy 0.021  std 0.217  lr 1.0e-04  fps   8189   845.8s
it 2768/4000  reward     nan  ep_len    nan  fell    0  err_xy 0.022  std 0.217  lr 1.0e-04  fps   7717   846.1s
it 2769/4000  reward     nan  ep_len    nan  fell    0  err_xy 0.020  std 0.217  lr 1.0e-04  fps   8232   846.4s
it 2770/4000  reward     nan  ep_len    nan  fell    0  err_xy 0.020  std 0.217  lr 1.0e-04  fps   8341   846.7s
it 2771/4000  reward     nan  ep_len    nan  fell    0  err_xy 0.017  std 0.217  lr 1.0e-04  fps   8409   846.9s
it 2772/4000  reward     nan  ep_len    nan  fell    0  err_xy 0.015  std 0.217  lr 1.0e-04  fps   8413   847.2s
it 2773/4000  reward     nan  ep_len    nan  fell    0  err_xy 0.017  std 0.217  lr 1.0e-04  fps   8389   847.5s
it 2774/4000  reward     nan  ep_len    nan  fell    0  err_xy 0.020  std 0.217  lr 1.0e-04  fps   8553   847.8s
it 2775/4000  reward     nan  ep_len    nan  fell    0  err_xy 0.025  std 0.217  lr 1.0e-04  fps   8553   848.0s
it 2776/4000  reward     nan  ep_len    nan  fell    0  err_xy 0.022  std 0.217  lr 1.0e-04  fps   8453   848.3s
it 2777/4000  reward     nan  ep_len    nan  fell    0  err_xy 0.023  std 0.217  lr 1.0e-04  fps   8377   848.6s
it 2778/4000  reward  163.33  ep_len 1058.0  fell    0  err_xy 0.175  std 0.217  lr 1.0e-04  fps   6863   848.9s
it 2779/4000  reward     nan  ep_len    nan  fell    0  err_xy 0.232  std 0.217  lr 1.0e-04  fps   8524   849.2s
it 2780/4000  reward     nan  ep_len    nan  fell    0  err_xy 0.191  std 0.217  lr 1.0e-04  fps   8648   849.5s
it 2781/4000  reward     nan  ep_len    nan  fell    0  err_xy 0.176  std 0.217  lr 1.0e-04  fps   8676   849.7s
it 2782/4000  reward     nan  ep_len    nan  fell    0  err_xy 0.177  std 0.217  lr 1.0e-04  fps   8695   850.0s
it 2783/4000  reward     nan  ep_len    nan  fell    0  err_xy 0.177  std 0.217  lr 1.0e-04  fps   8629   850.3s
it 2784/4000  reward     nan  ep_len    nan  fell    0  err_xy 0.158  std 0.217  lr 1.0e-04  fps   8572   850.5s
it 2785/4000  reward     nan  ep_len    nan  fell    0  err_xy 0.165  std 0.217  lr 1.0e-04  fps   8577   850.8s
it 2786/4000  reward     nan  ep_len    nan  fell    0  err_xy 0.152  std 0.217  lr 1.0e-04  fps   8544   851.1s
it 2787/4000  reward     nan  ep_len    nan  fell    0  err_xy 0.146  std 0.217  lr 1.0e-04  fps   8492   851.3s
it 2788/4000  reward     nan  ep_len    nan  fell    0  err_xy 0.131  std 0.217  lr 1.0e-04  fps   8474   851.6s
it 2789/4000  reward     nan  ep_len    nan  fell    0  err_xy 0.109  std 0.217  lr 1.0e-04  fps   8411   851.9s
it 2790/4000  reward     nan  ep_len    nan  fell    0  err_xy 0.095  std 0.217  lr 1.0e-04  fps   8431   852.2s
it 2791/4000  reward     nan  ep_len    nan  fell    0  err_xy 0.083  std 0.217  lr 1.0e-04  fps   8372   852.4s
it 2792/4000  reward     nan  ep_len    nan  fell    0  err_xy 0.072  std 0.217  lr 1.0e-04  fps   8190   852.7s
it 2793/4000  reward     nan  ep_len    nan  fell    0  err_xy 0.070  std 0.217  lr 1.0e-04  fps   8265   853.0s
it 2794/4000  reward     nan  ep_len    nan  fell    0  err_xy 0.076  std 0.217  lr 1.0e-04  fps   8272   853.3s
it 2795/4000  reward     nan  ep_len    nan  fell    0  err_xy 0.063  std 0.217  lr 1.0e-04  fps   8215   853.6s
it 2796/4000  reward     nan  ep_len    nan  fell    0  err_xy 0.064  std 0.217  lr 1.0e-04  fps   8156   853.8s
it 2797/4000  reward     nan  ep_len    nan  fell    0  err_xy 0.052  std 0.217  lr 1.0e-04  fps   8199   854.1s
it 2798/4000  reward     nan  ep_len    nan  fell    0  err_xy 0.043  std 0.217  lr 1.0e-04  fps   8161   854.4s
it 2799/4000  reward     nan  ep_len    nan  fell    0  err_xy 0.033  std 0.217  lr 1.0e-04  fps   8119   854.7s
it 2800/4000  reward     nan  ep_len    nan  fell    0  err_xy 0.036  std 0.217  lr 1.0e-04  fps   8182   855.0s
eval iteration 2800:
  prone          success   0.0%  time 21.16s  peak_τ 0.96 Nm  return 172.17
  supine         success   0.0%  time 21.16s  peak_τ 0.96 Nm  return 182.36
  score 0.000
it 2801/4000  reward     nan  ep_len    nan  fell    0  err_xy 0.032  std 0.217  lr 1.0e-04  fps   8330   859.9s
it 2802/4000  reward     nan  ep_len    nan  fell    0  err_xy 0.032  std 0.217  lr 1.0e-04  fps   7743   860.2s
it 2803/4000  reward     nan  ep_len    nan  fell    0  err_xy 0.026  std 0.217  lr 1.0e-04  fps   8480   860.5s
it 2804/4000  reward     nan  ep_len    nan  fell    0  err_xy 0.023  std 0.217  lr 1.0e-04  fps   8503   860.8s
it 2805/4000  reward     nan  ep_len    nan  fell    0  err_xy 0.022  std 0.217  lr 1.0e-04  fps   8621   861.0s
it 2806/4000  reward     nan  ep_len    nan  fell    0  err_xy 0.019  std 0.217  lr 1.0e-04  fps   8580   861.3s
it 2807/4000  reward     nan  ep_len    nan  fell    0  err_xy 0.019  std 0.217  lr 1.0e-04  fps   8529   861.6s
it 2808/4000  reward     nan  ep_len    nan  fell    0  err_xy 0.022  std 0.217  lr 1.0e-04  fps   8385   861.8s
it 2809/4000  reward     nan  ep_len    nan  fell    0  err_xy 0.023  std 0.216  lr 1.0e-04  fps   8420   862.1s
it 2810/4000  reward     nan  ep_len    nan  fell    0  err_xy 0.016  std 0.217  lr 1.0e-04  fps   8663   862.4s
it 2811/4000  reward     nan  ep_len    nan  fell    0  err_xy 0.017  std 0.217  lr 1.0e-04  fps   8622   862.6s
it 2812/4000  reward     nan  ep_len    nan  fell    0  err_xy 0.018  std 0.217  lr 1.0e-04  fps   8605   862.9s
it 2813/4000  reward     nan  ep_len    nan  fell    0  err_xy 0.015  std 0.217  lr 1.0e-04  fps   8581   863.2s
it 2814/4000  reward     nan  ep_len    nan  fell    0  err_xy 0.019  std 0.217  lr 1.0e-04  fps   8204   863.5s
it 2815/4000  reward     nan  ep_len    nan  fell    0  err_xy 0.016  std 0.217  lr 1.0e-04  fps   7449   863.8s
it 2816/4000  reward     nan  ep_len    nan  fell    0  err_xy 0.015  std 0.217  lr 1.0e-04  fps   8849   864.0s
it 2817/4000  reward     nan  ep_len    nan  fell    0  err_xy 0.014  std 0.217  lr 1.0e-04  fps   8786   864.3s
it 2818/4000  reward     nan  ep_len    nan  fell    0  err_xy 0.018  std 0.217  lr 1.0e-04  fps   8798   864.6s
it 2819/4000  reward     nan  ep_len    nan  fell    0  err_xy 0.016  std 0.217  lr 1.0e-04  fps   8763   864.8s
it 2820/4000  reward     nan  ep_len    nan  fell    0  err_xy 0.016  std 0.217  lr 1.0e-04  fps   8834   865.1s
it 2821/4000  reward     nan  ep_len    nan  fell    0  err_xy 0.016  std 0.217  lr 1.0e-04  fps   8814   865.3s
it 2822/4000  reward  170.17  ep_len 1058.0  fell    0  err_xy 0.154  std 0.217  lr 1.0e-04  fps   7304   865.7s
it 2823/4000  reward     nan  ep_len    nan  fell    0  err_xy 0.234  std 0.217  lr 1.0e-04  fps   8908   865.9s
it 2824/4000  reward     nan  ep_len    nan  fell    0  err_xy 0.190  std 0.217  lr 1.0e-04  fps   8972   866.2s
it 2825/4000  reward     nan  ep_len    nan  fell    0  err_xy 0.169  std 0.217  lr 1.0e-04  fps   8850   866.4s
it 2826/4000  reward     nan  ep_len    nan  fell    0  err_xy 0.176  std 0.217  lr 1.0e-04  fps   8829   866.7s
it 2827/4000  reward     nan  ep_len    nan  fell    0  err_xy 0.169  std 0.217  lr 1.0e-04  fps   8829   867.0s
it 2828/4000  reward     nan  ep_len    nan  fell    0  err_xy 0.162  std 0.217  lr 1.0e-04  fps   8807   867.2s
it 2829/4000  reward     nan  ep_len    nan  fell    0  err_xy 0.150  std 0.217  lr 1.0e-04  fps   8687   867.5s
it 2830/4000  reward     nan  ep_len    nan  fell    0  err_xy 0.130  std 0.217  lr 1.0e-04  fps   8792   867.8s
it 2831/4000  reward     nan  ep_len    nan  fell    0  err_xy 0.139  std 0.217  lr 1.0e-04  fps   8890   868.0s
it 2832/4000  reward     nan  ep_len    nan  fell    0  err_xy 0.135  std 0.217  lr 1.0e-04  fps   8788   868.3s
it 2833/4000  reward     nan  ep_len    nan  fell    0  err_xy 0.128  std 0.217  lr 1.0e-04  fps   8749   868.5s
it 2834/4000  reward     nan  ep_len    nan  fell    0  err_xy 0.131  std 0.217  lr 1.0e-04  fps   8816   868.8s
it 2835/4000  reward     nan  ep_len    nan  fell    0  err_xy 0.111  std 0.217  lr 1.0e-04  fps   8781   869.1s
it 2836/4000  reward     nan  ep_len    nan  fell    0  err_xy 0.098  std 0.217  lr 1.0e-04  fps   8750   869.3s
it 2837/4000  reward     nan  ep_len    nan  fell    0  err_xy 0.092  std 0.217  lr 1.0e-04  fps   7962   869.6s
it 2838/4000  reward     nan  ep_len    nan  fell    0  err_xy 0.092  std 0.217  lr 1.0e-04  fps   8738   869.9s
it 2839/4000  reward     nan  ep_len    nan  fell    0  err_xy 0.075  std 0.217  lr 1.0e-04  fps   8667   870.1s
it 2840/4000  reward     nan  ep_len    nan  fell    0  err_xy 0.066  std 0.217  lr 1.0e-04  fps   8709   870.4s
it 2841/4000  reward     nan  ep_len    nan  fell    0  err_xy 0.056  std 0.217  lr 1.0e-04  fps   8563   870.7s
it 2842/4000  reward     nan  ep_len    nan  fell    0  err_xy 0.058  std 0.217  lr 1.0e-04  fps   8567   871.0s
it 2843/4000  reward     nan  ep_len    nan  fell    0  err_xy 0.062  std 0.217  lr 1.0e-04  fps   8322   871.2s
it 2844/4000  reward     nan  ep_len    nan  fell    0  err_xy 0.066  std 0.217  lr 1.0e-04  fps   8645   871.5s
it 2845/4000  reward     nan  ep_len    nan  fell    0  err_xy 0.061  std 0.217  lr 1.0e-04  fps   8033   871.8s
it 2846/4000  reward     nan  ep_len    nan  fell    0  err_xy 0.058  std 0.217  lr 1.0e-04  fps   8674   872.0s
it 2847/4000  reward     nan  ep_len    nan  fell    0  err_xy 0.056  std 0.217  lr 1.0e-04  fps   8542   872.3s
it 2848/4000  reward     nan  ep_len    nan  fell    0  err_xy 0.049  std 0.217  lr 1.0e-04  fps   8105   872.6s
it 2849/4000  reward     nan  ep_len    nan  fell    0  err_xy 0.041  std 0.217  lr 1.0e-04  fps   8379   872.9s
it 2850/4000  reward     nan  ep_len    nan  fell    0  err_xy 0.047  std 0.217  lr 1.0e-04  fps   8443   873.2s
it 2851/4000  reward     nan  ep_len    nan  fell    0  err_xy 0.035  std 0.217  lr 1.0e-04  fps   8422   873.4s
it 2852/4000  reward     nan  ep_len    nan  fell    0  err_xy 0.040  std 0.217  lr 1.0e-04  fps   8384   873.7s
it 2853/4000  reward     nan  ep_len    nan  fell    0  err_xy 0.041  std 0.217  lr 1.0e-04  fps   8457   874.0s
it 2854/4000  reward     nan  ep_len    nan  fell    0  err_xy 0.037  std 0.217  lr 1.0e-04  fps   8412   874.2s
it 2855/4000  reward     nan  ep_len    nan  fell    0  err_xy 0.034  std 0.217  lr 1.0e-04  fps   8301   874.5s
it 2856/4000  reward     nan  ep_len    nan  fell    0  err_xy 0.039  std 0.217  lr 1.0e-04  fps   8087   874.8s
it 2857/4000  reward     nan  ep_len    nan  fell    0  err_xy 0.034  std 0.217  lr 1.0e-04  fps   8080   875.1s
it 2858/4000  reward     nan  ep_len    nan  fell    0  err_xy 0.038  std 0.217  lr 1.0e-04  fps   7971   875.4s
it 2859/4000  reward     nan  ep_len    nan  fell    0  err_xy 0.038  std 0.217  lr 1.0e-04  fps   7957   875.7s
it 2860/4000  reward     nan  ep_len    nan  fell    0  err_xy 0.043  std 0.217  lr 1.0e-04  fps   7985   876.0s
it 2861/4000  reward     nan  ep_len    nan  fell    0  err_xy 0.036  std 0.217  lr 1.0e-04  fps   7960   876.3s
it 2862/4000  reward     nan  ep_len    nan  fell    0  err_xy 0.032  std 0.217  lr 1.0e-04  fps   7959   876.5s
it 2863/4000  reward     nan  ep_len    nan  fell    0  err_xy 0.037  std 0.217  lr 1.0e-04  fps   8055   876.8s
it 2864/4000  reward     nan  ep_len    nan  fell    0  err_xy 0.033  std 0.217  lr 1.0e-04  fps   7994   877.1s
it 2865/4000  reward     nan  ep_len    nan  fell    0  err_xy 0.039  std 0.217  lr 1.0e-04  fps   7719   877.4s
it 2866/4000  reward  158.11  ep_len 1058.0  fell    0  err_xy 0.141  std 0.217  lr 1.0e-04  fps   5535   877.8s
it 2867/4000  reward     nan  ep_len    nan  fell    0  err_xy 0.240  std 0.217  lr 1.0e-04  fps   7683   878.1s
it 2868/4000  reward     nan  ep_len    nan  fell    0  err_xy 0.192  std 0.217  lr 1.0e-04  fps   7411   878.4s
it 2869/4000  reward     nan  ep_len    nan  fell    0  err_xy 0.189  std 0.217  lr 1.0e-04  fps   8045   878.7s
it 2870/4000  reward     nan  ep_len    nan  fell    0  err_xy 0.203  std 0.217  lr 1.0e-04  fps   8151   879.0s
it 2871/4000  reward     nan  ep_len    nan  fell    0  err_xy 0.207  std 0.217  lr 1.0e-04  fps   8190   879.3s
it 2872/4000  reward     nan  ep_len    nan  fell    0  err_xy 0.190  std 0.217  lr 1.0e-04  fps   8243   879.6s
it 2873/4000  reward     nan  ep_len    nan  fell    0  err_xy 0.166  std 0.217  lr 1.0e-04  fps   8264   879.9s
it 2874/4000  reward     nan  ep_len    nan  fell    0  err_xy 0.177  std 0.217  lr 1.0e-04  fps   8227   880.1s
it 2875/4000  reward     nan  ep_len    nan  fell    0  err_xy 0.180  std 0.217  lr 1.0e-04  fps   8211   880.4s
it 2876/4000  reward     nan  ep_len    nan  fell    0  err_xy 0.171  std 0.217  lr 1.0e-04  fps   8211   880.7s
it 2877/4000  reward     nan  ep_len    nan  fell    0  err_xy 0.153  std 0.217  lr 1.0e-04  fps   8222   881.0s
it 2878/4000  reward     nan  ep_len    nan  fell    0  err_xy 0.162  std 0.217  lr 1.0e-04  fps   8143   881.3s
it 2879/4000  reward     nan  ep_len    nan  fell    0  err_xy 0.147  std 0.217  lr 1.0e-04  fps   8118   881.5s
it 2880/4000  reward     nan  ep_len    nan  fell    0  err_xy 0.147  std 0.217  lr 1.0e-04  fps   8037   881.8s
it 2881/4000  reward     nan  ep_len    nan  fell    0  err_xy 0.135  std 0.217  lr 1.0e-04  fps   7900   882.1s
it 2882/4000  reward     nan  ep_len    nan  fell    0  err_xy 0.118  std 0.217  lr 1.0e-04  fps   8022   882.4s
it 2883/4000  reward     nan  ep_len    nan  fell    0  err_xy 0.107  std 0.217  lr 1.0e-04  fps   7961   882.7s
it 2884/4000  reward     nan  ep_len    nan  fell    0  err_xy 0.115  std 0.217  lr 1.0e-04  fps   7971   883.0s
it 2885/4000  reward     nan  ep_len    nan  fell    0  err_xy 0.113  std 0.217  lr 1.0e-04  fps   7966   883.3s
it 2886/4000  reward     nan  ep_len    nan  fell    0  err_xy 0.101  std 0.217  lr 1.0e-04  fps   7937   883.6s
it 2887/4000  reward     nan  ep_len    nan  fell    0  err_xy 0.092  std 0.217  lr 1.0e-04  fps   7893   883.9s
it 2888/4000  reward     nan  ep_len    nan  fell    0  err_xy 0.088  std 0.217  lr 1.0e-04  fps   7913   884.2s
it 2889/4000  reward     nan  ep_len    nan  fell    0  err_xy 0.097  std 0.217  lr 1.0e-04  fps   7730   884.5s
it 2890/4000  reward     nan  ep_len    nan  fell    0  err_xy 0.093  std 0.217  lr 1.0e-04  fps   7188   884.8s
it 2891/4000  reward     nan  ep_len    nan  fell    0  err_xy 0.075  std 0.217  lr 1.0e-04  fps   8119   885.1s
it 2892/4000  reward     nan  ep_len    nan  fell    0  err_xy 0.064  std 0.217  lr 1.0e-04  fps   8104   885.3s
it 2893/4000  reward     nan  ep_len    nan  fell    0  err_xy 0.071  std 0.217  lr 1.0e-04  fps   8172   885.6s
it 2894/4000  reward     nan  ep_len    nan  fell    0  err_xy 0.067  std 0.217  lr 1.0e-04  fps   8156   885.9s
it 2895/4000  reward     nan  ep_len    nan  fell    0  err_xy 0.064  std 0.217  lr 1.0e-04  fps   8194   886.2s
it 2896/4000  reward     nan  ep_len    nan  fell    0  err_xy 0.060  std 0.217  lr 1.0e-04  fps   8125   886.5s
it 2897/4000  reward     nan  ep_len    nan  fell    0  err_xy 0.048  std 0.217  lr 1.0e-04  fps   8122   886.8s
it 2898/4000  reward     nan  ep_len    nan  fell    0  err_xy 0.052  std 0.217  lr 1.0e-04  fps   8178   887.0s
it 2899/4000  reward     nan  ep_len    nan  fell    0  err_xy 0.052  std 0.217  lr 1.0e-04  fps   8178   887.3s
it 2900/4000  reward     nan  ep_len    nan  fell    0  err_xy 0.046  std 0.217  lr 1.0e-04  fps   8124   887.6s
it 2901/4000  reward     nan  ep_len    nan  fell    0  err_xy 0.046  std 0.217  lr 1.0e-04  fps   8100   887.9s
it 2902/4000  reward     nan  ep_len    nan  fell    0  err_xy 0.047  std 0.217  lr 1.0e-04  fps   8196   888.2s
it 2903/4000  reward     nan  ep_len    nan  fell    0  err_xy 0.046  std 0.217  lr 1.0e-04  fps   8070   888.5s
it 2904/4000  reward     nan  ep_len    nan  fell    0  err_xy 0.039  std 0.217  lr 1.0e-04  fps   8093   888.7s
it 2905/4000  reward     nan  ep_len    nan  fell    0  err_xy 0.051  std 0.217  lr 1.0e-04  fps   8032   889.0s
it 2906/4000  reward     nan  ep_len    nan  fell    0  err_xy 0.045  std 0.217  lr 1.0e-04  fps   8089   889.3s
it 2907/4000  reward     nan  ep_len    nan  fell    0  err_xy 0.034  std 0.217  lr 1.0e-04  fps   8105   889.6s
it 2908/4000  reward     nan  ep_len    nan  fell    0  err_xy 0.035  std 0.217  lr 1.0e-04  fps   8133   889.9s
it 2909/4000  reward     nan  ep_len    nan  fell    0  err_xy 0.037  std 0.217  lr 1.0e-04  fps   8259   890.2s
it 2910/4000  reward  148.22  ep_len 1058.0  fell    0  err_xy 0.113  std 0.217  lr 1.0e-04  fps   6818   890.5s
it 2911/4000  reward     nan  ep_len    nan  fell    0  err_xy 0.212  std 0.217  lr 1.0e-04  fps   8426   890.8s
it 2912/4000  reward     nan  ep_len    nan  fell    0  err_xy 0.181  std 0.217  lr 1.0e-04  fps   8634   891.0s
it 2913/4000  reward     nan  ep_len    nan  fell    0  err_xy 0.170  std 0.217  lr 1.0e-04  fps   8632   891.3s
it 2914/4000  reward     nan  ep_len    nan  fell    0  err_xy 0.192  std 0.217  lr 1.0e-04  fps   8660   891.6s
it 2915/4000  reward     nan  ep_len    nan  fell    0  err_xy 0.184  std 0.217  lr 1.0e-04  fps   8485   891.8s
it 2916/4000  reward     nan  ep_len    nan  fell    0  err_xy 0.162  std 0.217  lr 1.0e-04  fps   8432   892.1s
it 2917/4000  reward     nan  ep_len    nan  fell    0  err_xy 0.152  std 0.217  lr 1.0e-04  fps   8381   892.4s
it 2918/4000  reward     nan  ep_len    nan  fell    0  err_xy 0.133  std 0.217  lr 1.0e-04  fps   8353   892.7s
it 2919/4000  reward     nan  ep_len    nan  fell    0  err_xy 0.122  std 0.217  lr 1.0e-04  fps   8278   893.0s
it 2920/4000  reward     nan  ep_len    nan  fell    0  err_xy 0.111  std 0.217  lr 1.0e-04  fps   8213   893.2s
it 2921/4000  reward     nan  ep_len    nan  fell    0  err_xy 0.092  std 0.217  lr 1.0e-04  fps   8178   893.5s
it 2922/4000  reward     nan  ep_len    nan  fell    0  err_xy 0.082  std 0.217  lr 1.0e-04  fps   8131   893.8s
it 2923/4000  reward     nan  ep_len    nan  fell    0  err_xy 0.072  std 0.217  lr 1.0e-04  fps   8134   894.1s
it 2924/4000  reward     nan  ep_len    nan  fell    0  err_xy 0.058  std 0.217  lr 1.0e-04  fps   7850   894.4s
it 2925/4000  reward     nan  ep_len    nan  fell    0  err_xy 0.053  std 0.217  lr 1.0e-04  fps   7911   894.7s
it 2926/4000  reward     nan  ep_len    nan  fell    0  err_xy 0.043  std 0.217  lr 1.0e-04  fps   7921   895.0s
it 2927/4000  reward     nan  ep_len    nan  fell    0  err_xy 0.042  std 0.217  lr 1.0e-04  fps   7892   895.3s
it 2928/4000  reward     nan  ep_len    nan  fell    0  err_xy 0.040  std 0.217  lr 1.0e-04  fps   7876   895.5s
it 2929/4000  reward     nan  ep_len    nan  fell    0  err_xy 0.031  std 0.217  lr 1.0e-04  fps   7844   895.8s
it 2930/4000  reward     nan  ep_len    nan  fell    0  err_xy 0.027  std 0.217  lr 1.0e-04  fps   7949   896.1s
it 2931/4000  reward     nan  ep_len    nan  fell    0  err_xy 0.026  std 0.217  lr 1.0e-04  fps   7934   896.4s
it 2932/4000  reward     nan  ep_len    nan  fell    0  err_xy 0.026  std 0.217  lr 1.0e-04  fps   7874   896.7s
it 2933/4000  reward     nan  ep_len    nan  fell    0  err_xy 0.024  std 0.217  lr 1.0e-04  fps   7829   897.0s
it 2934/4000  reward     nan  ep_len    nan  fell    0  err_xy 0.026  std 0.217  lr 1.0e-04  fps   7884   897.3s
it 2935/4000  reward     nan  ep_len    nan  fell    0  err_xy 0.022  std 0.217  lr 1.0e-04  fps   7970   897.6s
it 2936/4000  reward     nan  ep_len    nan  fell    0  err_xy 0.022  std 0.217  lr 1.0e-04  fps   7940   897.9s
it 2937/4000  reward     nan  ep_len    nan  fell    0  err_xy 0.023  std 0.217  lr 1.0e-04  fps   8030   898.2s
it 2938/4000  reward     nan  ep_len    nan  fell    0  err_xy 0.021  std 0.217  lr 1.0e-04  fps   8044   898.5s
it 2939/4000  reward     nan  ep_len    nan  fell    0  err_xy 0.022  std 0.217  lr 1.0e-04  fps   8002   898.7s
it 2940/4000  reward     nan  ep_len    nan  fell    0  err_xy 0.021  std 0.217  lr 1.0e-04  fps   7624   899.0s
it 2941/4000  reward     nan  ep_len    nan  fell    0  err_xy 0.021  std 0.217  lr 1.0e-04  fps   7951   899.3s
it 2942/4000  reward     nan  ep_len    nan  fell    0  err_xy 0.024  std 0.217  lr 1.0e-04  fps   7848   899.6s
it 2943/4000  reward     nan  ep_len    nan  fell    0  err_xy 0.018  std 0.217  lr 1.0e-04  fps   7980   899.9s
it 2944/4000  reward     nan  ep_len    nan  fell    0  err_xy 0.018  std 0.217  lr 1.0e-04  fps   8018   900.2s
it 2945/4000  reward     nan  ep_len    nan  fell    0  err_xy 0.016  std 0.217  lr 1.0e-04  fps   7879   900.5s
it 2946/4000  reward     nan  ep_len    nan  fell    0  err_xy 0.016  std 0.217  lr 1.0e-04  fps   7904   900.8s
it 2947/4000  reward     nan  ep_len    nan  fell    0  err_xy 0.012  std 0.217  lr 1.0e-04  fps   7946   901.1s
it 2948/4000  reward     nan  ep_len    nan  fell    0  err_xy 0.012  std 0.217  lr 1.0e-04  fps   7829   901.4s
it 2949/4000  reward     nan  ep_len    nan  fell    0  err_xy 0.012  std 0.216  lr 1.0e-04  fps   7779   901.7s
it 2950/4000  reward     nan  ep_len    nan  fell    0  err_xy 0.014  std 0.216  lr 1.0e-04  fps   7290   902.0s
it 2951/4000  reward     nan  ep_len    nan  fell    0  err_xy 0.012  std 0.216  lr 1.0e-04  fps   6920   902.3s
it 2952/4000  reward     nan  ep_len    nan  fell    0  err_xy 0.014  std 0.217  lr 1.0e-04  fps   6830   902.7s
it 2953/4000  reward     nan  ep_len    nan  fell    0  err_xy 0.013  std 0.217  lr 1.0e-04  fps   6138   903.0s
it 2954/4000  reward  171.80  ep_len 1058.0  fell    0  err_xy 0.088  std 0.217  lr 1.0e-04  fps   6152   903.4s
it 2955/4000  reward     nan  ep_len    nan  fell    0  err_xy 0.257  std 0.217  lr 1.0e-04  fps   7889   903.7s
it 2956/4000  reward     nan  ep_len    nan  fell    0  err_xy 0.201  std 0.217  lr 1.0e-04  fps   8175   904.0s
it 2957/4000  reward     nan  ep_len    nan  fell    0  err_xy 0.189  std 0.217  lr 1.0e-04  fps   8253   904.3s
it 2958/4000  reward     nan  ep_len    nan  fell    0  err_xy 0.194  std 0.217  lr 1.0e-04  fps   7621   904.6s
it 2959/4000  reward     nan  ep_len    nan  fell    0  err_xy 0.200  std 0.217  lr 1.0e-04  fps   8154   904.8s
it 2960/4000  reward     nan  ep_len    nan  fell    0  err_xy 0.181  std 0.217  lr 1.0e-04  fps   8020   905.1s
it 2961/4000  reward     nan  ep_len    nan  fell    0  err_xy 0.157  std 0.217  lr 1.0e-04  fps   8189   905.4s
it 2962/4000  reward     nan  ep_len    nan  fell    0  err_xy 0.159  std 0.217  lr 1.0e-04  fps   8143   905.7s
it 2963/4000  reward     nan  ep_len    nan  fell    0  err_xy 0.142  std 0.217  lr 1.0e-04  fps   7939   906.0s
it 2964/4000  reward     nan  ep_len    nan  fell    0  err_xy 0.142  std 0.217  lr 1.0e-04  fps   7505   906.3s
it 2965/4000  reward     nan  ep_len    nan  fell    0  err_xy 0.121  std 0.217  lr 1.0e-04  fps   7953   906.6s
it 2966/4000  reward     nan  ep_len    nan  fell    0  err_xy 0.120  std 0.217  lr 1.0e-04  fps   8049   906.9s
it 2967/4000  reward     nan  ep_len    nan  fell    0  err_xy 0.101  std 0.217  lr 1.0e-04  fps   8017   907.2s
it 2968/4000  reward     nan  ep_len    nan  fell    0  err_xy 0.089  std 0.217  lr 1.0e-04  fps   7956   907.5s
it 2969/4000  reward     nan  ep_len    nan  fell    0  err_xy 0.090  std 0.217  lr 1.0e-04  fps   7977   907.7s
it 2970/4000  reward     nan  ep_len    nan  fell    0  err_xy 0.084  std 0.217  lr 1.0e-04  fps   7926   908.0s
it 2971/4000  reward     nan  ep_len    nan  fell    0  err_xy 0.063  std 0.217  lr 1.0e-04  fps   7917   908.3s
it 2972/4000  reward     nan  ep_len    nan  fell    0  err_xy 0.066  std 0.217  lr 1.0e-04  fps   8048   908.6s
it 2973/4000  reward     nan  ep_len    nan  fell    0  err_xy 0.066  std 0.217  lr 1.0e-04  fps   7977   908.9s
it 2974/4000  reward     nan  ep_len    nan  fell    0  err_xy 0.061  std 0.217  lr 1.0e-04  fps   8008   909.2s
it 2975/4000  reward     nan  ep_len    nan  fell    0  err_xy 0.046  std 0.217  lr 1.0e-04  fps   7900   909.5s
it 2976/4000  reward     nan  ep_len    nan  fell    0  err_xy 0.044  std 0.217  lr 1.0e-04  fps   7942   909.8s
it 2977/4000  reward     nan  ep_len    nan  fell    0  err_xy 0.047  std 0.217  lr 1.0e-04  fps   7766   910.1s
it 2978/4000  reward     nan  ep_len    nan  fell    0  err_xy 0.044  std 0.217  lr 1.0e-04  fps   7656   910.4s
it 2979/4000  reward     nan  ep_len    nan  fell    0  err_xy 0.045  std 0.217  lr 1.0e-04  fps   7686   910.7s
it 2980/4000  reward     nan  ep_len    nan  fell    0  err_xy 0.040  std 0.217  lr 1.0e-04  fps   7687   911.0s
it 2981/4000  reward     nan  ep_len    nan  fell    0  err_xy 0.034  std 0.217  lr 1.0e-04  fps   7595   911.3s
it 2982/4000  reward     nan  ep_len    nan  fell    0  err_xy 0.028  std 0.217  lr 1.0e-04  fps   7728   911.6s
it 2983/4000  reward     nan  ep_len    nan  fell    0  err_xy 0.027  std 0.217  lr 1.0e-04  fps   7113   911.9s
it 2984/4000  reward     nan  ep_len    nan  fell    0  err_xy 0.025  std 0.217  lr 1.0e-04  fps   7742   912.2s
it 2985/4000  reward     nan  ep_len    nan  fell    0  err_xy 0.028  std 0.217  lr 1.0e-04  fps   7753   912.5s
it 2986/4000  reward     nan  ep_len    nan  fell    0  err_xy 0.026  std 0.217  lr 1.0e-04  fps   7744   912.8s
it 2987/4000  reward     nan  ep_len    nan  fell    0  err_xy 0.025  std 0.217  lr 1.0e-04  fps   7642   913.1s
it 2988/4000  reward     nan  ep_len    nan  fell    0  err_xy 0.024  std 0.217  lr 1.0e-04  fps   7712   913.4s
it 2989/4000  reward     nan  ep_len    nan  fell    0  err_xy 0.027  std 0.217  lr 1.0e-04  fps   7823   913.7s
it 2990/4000  reward     nan  ep_len    nan  fell    0  err_xy 0.023  std 0.217  lr 1.0e-04  fps   7873   914.0s
it 2991/4000  reward     nan  ep_len    nan  fell    0  err_xy 0.029  std 0.217  lr 1.0e-04  fps   7894   914.3s
it 2992/4000  reward     nan  ep_len    nan  fell    0  err_xy 0.021  std 0.217  lr 1.0e-04  fps   7910   914.6s
it 2993/4000  reward     nan  ep_len    nan  fell    0  err_xy 0.023  std 0.217  lr 1.0e-04  fps   7858   914.9s
it 2994/4000  reward     nan  ep_len    nan  fell    0  err_xy 0.023  std 0.217  lr 1.0e-04  fps   7894   915.1s
it 2995/4000  reward     nan  ep_len    nan  fell    0  err_xy 0.017  std 0.217  lr 1.0e-04  fps   7899   915.4s
it 2996/4000  reward     nan  ep_len    nan  fell    0  err_xy 0.017  std 0.217  lr 1.0e-04  fps   8264   915.7s
it 2997/4000  reward     nan  ep_len    nan  fell    0  err_xy 0.017  std 0.217  lr 1.0e-04  fps   8308   916.0s
it 2998/4000  reward  163.59  ep_len 1058.0  fell    0  err_xy 0.075  std 0.217  lr 1.0e-04  fps   6822   916.3s
it 2999/4000  reward     nan  ep_len    nan  fell    0  err_xy 0.243  std 0.217  lr 1.0e-04  fps   8367   916.6s
it 3000/4000  reward     nan  ep_len    nan  fell    0  err_xy 0.204  std 0.217  lr 1.0e-04  fps   8569   916.9s
eval iteration 3000:
  prone          success   0.0%  time 21.16s  peak_τ 0.96 Nm  return 194.05
  supine         success   0.0%  time 21.16s  peak_τ 0.94 Nm  return 175.60
  score 0.000
it 3001/4000  reward     nan  ep_len    nan  fell    0  err_xy 0.188  std 0.217  lr 1.0e-04  fps   8521   921.9s
it 3002/4000  reward     nan  ep_len    nan  fell    0  err_xy 0.179  std 0.217  lr 1.0e-04  fps   8810   922.1s
it 3003/4000  reward     nan  ep_len    nan  fell    0  err_xy 0.174  std 0.217  lr 1.0e-04  fps   8829   922.4s
it 3004/4000  reward     nan  ep_len    nan  fell    0  err_xy 0.162  std 0.217  lr 1.0e-04  fps   8695   922.6s
it 3005/4000  reward     nan  ep_len    nan  fell    0  err_xy 0.159  std 0.217  lr 1.0e-04  fps   8698   922.9s
it 3006/4000  reward     nan  ep_len    nan  fell    0  err_xy 0.156  std 0.217  lr 1.0e-04  fps   8620   923.2s
it 3007/4000  reward     nan  ep_len    nan  fell    0  err_xy 0.134  std 0.217  lr 1.0e-04  fps   8548   923.5s
it 3008/4000  reward     nan  ep_len    nan  fell    0  err_xy 0.134  std 0.217  lr 1.0e-04  fps   8368   923.7s
it 3009/4000  reward     nan  ep_len    nan  fell    0  err_xy 0.120  std 0.217  lr 1.0e-04  fps   8325   924.0s
it 3010/4000  reward     nan  ep_len    nan  fell    0  err_xy 0.102  std 0.217  lr 1.0e-04  fps   8337   924.3s
it 3011/4000  reward     nan  ep_len    nan  fell    0  err_xy 0.091  std 0.217  lr 1.0e-04  fps   8464   924.6s
it 3012/4000  reward     nan  ep_len    nan  fell    0  err_xy 0.088  std 0.217  lr 1.0e-04  fps   8559   924.8s
it 3013/4000  reward     nan  ep_len    nan  fell    0  err_xy 0.085  std 0.217  lr 1.0e-04  fps   8516   925.1s
it 3014/4000  reward     nan  ep_len    nan  fell    0  err_xy 0.076  std 0.217  lr 1.0e-04  fps   8372   925.4s
it 3015/4000  reward     nan  ep_len    nan  fell    0  err_xy 0.072  std 0.217  lr 1.0e-04  fps   8170   925.7s
it 3016/4000  reward     nan  ep_len    nan  fell    0  err_xy 0.072  std 0.217  lr 1.0e-04  fps   8216   925.9s
it 3017/4000  reward     nan  ep_len    nan  fell    0  err_xy 0.070  std 0.217  lr 1.0e-04  fps   8534   926.2s
it 3018/4000  reward     nan  ep_len    nan  fell    0  err_xy 0.075  std 0.217  lr 1.0e-04  fps   8508   926.5s
it 3019/4000  reward     nan  ep_len    nan  fell    0  err_xy 0.062  std 0.217  lr 1.0e-04  fps   8537   926.7s
it 3020/4000  reward     nan  ep_len    nan  fell    0  err_xy 0.057  std 0.217  lr 1.0e-04  fps   8469   927.0s
it 3021/4000  reward     nan  ep_len    nan  fell    0  err_xy 0.046  std 0.217  lr 1.0e-04  fps   8504   927.3s
it 3022/4000  reward     nan  ep_len    nan  fell    0  err_xy 0.047  std 0.217  lr 1.0e-04  fps   8512   927.6s
it 3023/4000  reward     nan  ep_len    nan  fell    0  err_xy 0.037  std 0.217  lr 1.0e-04  fps   8441   927.8s
it 3024/4000  reward     nan  ep_len    nan  fell    0  err_xy 0.031  std 0.217  lr 1.0e-04  fps   8500   928.1s
it 3025/4000  reward     nan  ep_len    nan  fell    0  err_xy 0.029  std 0.217  lr 1.0e-04  fps   8507   928.4s
it 3026/4000  reward     nan  ep_len    nan  fell    0  err_xy 0.029  std 0.217  lr 1.0e-04  fps   8445   928.6s
it 3027/4000  reward     nan  ep_len    nan  fell    0  err_xy 0.032  std 0.217  lr 1.0e-04  fps   8445   928.9s
it 3028/4000  reward     nan  ep_len    nan  fell    0  err_xy 0.025  std 0.217  lr 1.0e-04  fps   8499   929.2s
it 3029/4000  reward     nan  ep_len    nan  fell    0  err_xy 0.026  std 0.217  lr 1.0e-04  fps   8494   929.5s
it 3030/4000  reward     nan  ep_len    nan  fell    0  err_xy 0.026  std 0.217  lr 1.0e-04  fps   7883   929.8s
it 3031/4000  reward     nan  ep_len    nan  fell    0  err_xy 0.023  std 0.217  lr 1.0e-04  fps   8528   930.0s
it 3032/4000  reward     nan  ep_len    nan  fell    0  err_xy 0.024  std 0.217  lr 1.0e-04  fps   8509   930.3s
it 3033/4000  reward     nan  ep_len    nan  fell    0  err_xy 0.023  std 0.217  lr 1.0e-04  fps   8554   930.6s
it 3034/4000  reward     nan  ep_len    nan  fell    0  err_xy 0.031  std 0.217  lr 1.0e-04  fps   8366   930.8s
it 3035/4000  reward     nan  ep_len    nan  fell    0  err_xy 0.030  std 0.217  lr 1.0e-04  fps   8555   931.1s
it 3036/4000  reward     nan  ep_len    nan  fell    0  err_xy 0.025  std 0.217  lr 1.0e-04  fps   8566   931.4s
it 3037/4000  reward     nan  ep_len    nan  fell    0  err_xy 0.022  std 0.217  lr 1.0e-04  fps   8778   931.6s
it 3038/4000  reward     nan  ep_len    nan  fell    0  err_xy 0.025  std 0.217  lr 1.0e-04  fps   8757   931.9s
it 3039/4000  reward     nan  ep_len    nan  fell    0  err_xy 0.020  std 0.217  lr 1.0e-04  fps   8695   932.2s
it 3040/4000  reward     nan  ep_len    nan  fell    0  err_xy 0.024  std 0.217  lr 1.0e-04  fps   8792   932.4s
it 3041/4000  reward     nan  ep_len    nan  fell    0  err_xy 0.020  std 0.217  lr 1.0e-04  fps   8806   932.7s
it 3042/4000  reward  166.39  ep_len 1058.0  fell    0  err_xy 0.057  std 0.217  lr 1.0e-04  fps   7260   933.0s
it 3043/4000  reward     nan  ep_len    nan  fell    0  err_xy 0.238  std 0.217  lr 1.0e-04  fps   9020   933.3s
it 3044/4000  reward     nan  ep_len    nan  fell    0  err_xy 0.210  std 0.217  lr 1.0e-04  fps   9029   933.5s
it 3045/4000  reward     nan  ep_len    nan  fell    0  err_xy 0.195  std 0.217  lr 1.0e-04  fps   8939   933.8s
it 3046/4000  reward     nan  ep_len    nan  fell    0  err_xy 0.206  std 0.217  lr 1.0e-04  fps   8983   934.0s
it 3047/4000  reward     nan  ep_len    nan  fell    0  err_xy 0.176  std 0.217  lr 1.0e-04  fps   8864   934.3s
it 3048/4000  reward     nan  ep_len    nan  fell    0  err_xy 0.161  std 0.217  lr 1.0e-04  fps   8860   934.6s
it 3049/4000  reward     nan  ep_len    nan  fell    0  err_xy 0.152  std 0.217  lr 1.0e-04  fps   8768   934.8s
it 3050/4000  reward     nan  ep_len    nan  fell    0  err_xy 0.152  std 0.217  lr 1.0e-04  fps   8788   935.1s
it 3051/4000  reward     nan  ep_len    nan  fell    0  err_xy 0.136  std 0.217  lr 1.0e-04  fps   8702   935.4s
it 3052/4000  reward     nan  ep_len    nan  fell    0  err_xy 0.125  std 0.217  lr 1.0e-04  fps   8655   935.6s
it 3053/4000  reward     nan  ep_len    nan  fell    0  err_xy 0.115  std 0.217  lr 1.0e-04  fps   8625   935.9s
it 3054/4000  reward     nan  ep_len    nan  fell    0  err_xy 0.110  std 0.217  lr 1.0e-04  fps   8562   936.2s
it 3055/4000  reward     nan  ep_len    nan  fell    0  err_xy 0.107  std 0.217  lr 1.0e-04  fps   8617   936.4s
it 3056/4000  reward     nan  ep_len    nan  fell    0  err_xy 0.111  std 0.217  lr 1.0e-04  fps   8635   936.7s
it 3057/4000  reward     nan  ep_len    nan  fell    0  err_xy 0.105  std 0.217  lr 1.0e-04  fps   8166   937.0s
it 3058/4000  reward     nan  ep_len    nan  fell    0  err_xy 0.102  std 0.217  lr 1.0e-04  fps   7609   937.3s
it 3059/4000  reward     nan  ep_len    nan  fell    0  err_xy 0.092  std 0.217  lr 1.0e-04  fps   8278   937.6s
it 3060/4000  reward     nan  ep_len    nan  fell    0  err_xy 0.083  std 0.217  lr 1.0e-04  fps   8198   937.8s
it 3061/4000  reward     nan  ep_len    nan  fell    0  err_xy 0.088  std 0.217  lr 1.0e-04  fps   8474   938.1s
it 3062/4000  reward     nan  ep_len    nan  fell    0  err_xy 0.091  std 0.217  lr 1.0e-04  fps   8504   938.4s
it 3063/4000  reward     nan  ep_len    nan  fell    0  err_xy 0.076  std 0.217  lr 1.0e-04  fps   8394   938.7s
it 3064/4000  reward     nan  ep_len    nan  fell    0  err_xy 0.072  std 0.217  lr 1.0e-04  fps   8400   938.9s
it 3065/4000  reward     nan  ep_len    nan  fell    0  err_xy 0.074  std 0.217  lr 1.0e-04  fps   8338   939.2s
it 3066/4000  reward     nan  ep_len    nan  fell    0  err_xy 0.071  std 0.217  lr 1.0e-04  fps   8288   939.5s
it 3067/4000  reward     nan  ep_len    nan  fell    0  err_xy 0.069  std 0.217  lr 1.0e-04  fps   8115   939.8s
it 3068/4000  reward     nan  ep_len    nan  fell    0  err_xy 0.068  std 0.217  lr 1.0e-04  fps   8234   940.0s
it 3069/4000  reward     nan  ep_len    nan  fell    0  err_xy 0.065  std 0.217  lr 1.0e-04  fps   8244   940.3s
it 3070/4000  reward     nan  ep_len    nan  fell    0  err_xy 0.059  std 0.217  lr 1.0e-04  fps   8184   940.6s
it 3071/4000  reward     nan  ep_len    nan  fell    0  err_xy 0.066  std 0.217  lr 1.0e-04  fps   8211   940.9s
it 3072/4000  reward     nan  ep_len    nan  fell    0  err_xy 0.058  std 0.217  lr 1.0e-04  fps   8214   941.2s
it 3073/4000  reward     nan  ep_len    nan  fell    0  err_xy 0.061  std 0.217  lr 1.0e-04  fps   8243   941.5s
it 3074/4000  reward     nan  ep_len    nan  fell    0  err_xy 0.059  std 0.217  lr 1.0e-04  fps   8129   941.7s
it 3075/4000  reward     nan  ep_len    nan  fell    0  err_xy 0.057  std 0.217  lr 1.0e-04  fps   7969   942.0s
it 3076/4000  reward     nan  ep_len    nan  fell    0  err_xy 0.058  std 0.217  lr 1.0e-04  fps   7532   942.3s
it 3077/4000  reward     nan  ep_len    nan  fell    0  err_xy 0.059  std 0.217  lr 1.0e-04  fps   8166   942.6s
it 3078/4000  reward     nan  ep_len    nan  fell    0  err_xy 0.059  std 0.217  lr 1.0e-04  fps   8217   942.9s
it 3079/4000  reward     nan  ep_len    nan  fell    0  err_xy 0.055  std 0.217  lr 1.0e-04  fps   8255   943.2s
it 3080/4000  reward     nan  ep_len    nan  fell    0  err_xy 0.050  std 0.217  lr 1.0e-04  fps   8279   943.5s
it 3081/4000  reward     nan  ep_len    nan  fell    0  err_xy 0.050  std 0.217  lr 1.0e-04  fps   8250   943.7s
it 3082/4000  reward     nan  ep_len    nan  fell    0  err_xy 0.046  std 0.217  lr 1.0e-04  fps   8357   944.0s
it 3083/4000  reward     nan  ep_len    nan  fell    0  err_xy 0.045  std 0.217  lr 1.0e-04  fps   8336   944.3s
it 3084/4000  reward     nan  ep_len    nan  fell    0  err_xy 0.041  std 0.217  lr 1.0e-04  fps   8414   944.6s
it 3085/4000  reward     nan  ep_len    nan  fell    0  err_xy 0.050  std 0.217  lr 1.0e-04  fps   8364   944.8s
it 3086/4000  reward  152.60  ep_len 1058.0  fell    0  err_xy 0.057  std 0.217  lr 1.0e-04  fps   6953   945.2s
it 3087/4000  reward     nan  ep_len    nan  fell    0  err_xy 0.240  std 0.217  lr 1.0e-04  fps   8420   945.4s
it 3088/4000  reward     nan  ep_len    nan  fell    0  err_xy 0.209  std 0.217  lr 1.0e-04  fps   8156   945.7s
it 3089/4000  reward     nan  ep_len    nan  fell    0  err_xy 0.196  std 0.217  lr 1.0e-04  fps   7639   946.0s
it 3090/4000  reward     nan  ep_len    nan  fell    0  err_xy 0.205  std 0.217  lr 1.0e-04  fps   8309   946.3s
it 3091/4000  reward     nan  ep_len    nan  fell    0  err_xy 0.179  std 0.217  lr 1.0e-04  fps   8408   946.6s
it 3092/4000  reward     nan  ep_len    nan  fell    0  err_xy 0.170  std 0.217  lr 1.0e-04  fps   8325   946.9s
it 3093/4000  reward     nan  ep_len    nan  fell    0  err_xy 0.169  std 0.217  lr 1.0e-04  fps   8343   947.1s
it 3094/4000  reward     nan  ep_len    nan  fell    0  err_xy 0.149  std 0.217  lr 1.0e-04  fps   8377   947.4s
it 3095/4000  reward     nan  ep_len    nan  fell    0  err_xy 0.145  std 0.217  lr 1.0e-04  fps   8426   947.7s
it 3096/4000  reward     nan  ep_len    nan  fell    0  err_xy 0.142  std 0.217  lr 1.0e-04  fps   8378   948.0s
it 3097/4000  reward     nan  ep_len    nan  fell    0  err_xy 0.132  std 0.217  lr 1.0e-04  fps   8343   948.2s
it 3098/4000  reward     nan  ep_len    nan  fell    0  err_xy 0.116  std 0.217  lr 1.0e-04  fps   8319   948.5s
it 3099/4000  reward     nan  ep_len    nan  fell    0  err_xy 0.111  std 0.217  lr 1.0e-04  fps   8325   948.8s
it 3100/4000  reward     nan  ep_len    nan  fell    0  err_xy 0.104  std 0.217  lr 1.0e-04  fps   8297   949.1s
it 3101/4000  reward     nan  ep_len    nan  fell    0  err_xy 0.101  std 0.217  lr 1.0e-04  fps   8335   949.3s
it 3102/4000  reward     nan  ep_len    nan  fell    0  err_xy 0.095  std 0.217  lr 1.0e-04  fps   8288   949.6s
it 3103/4000  reward     nan  ep_len    nan  fell    0  err_xy 0.093  std 0.217  lr 1.0e-04  fps   8245   949.9s
it 3104/4000  reward     nan  ep_len    nan  fell    0  err_xy 0.086  std 0.217  lr 1.0e-04  fps   8251   950.2s
it 3105/4000  reward     nan  ep_len    nan  fell    0  err_xy 0.069  std 0.217  lr 1.0e-04  fps   8190   950.5s
it 3106/4000  reward     nan  ep_len    nan  fell    0  err_xy 0.071  std 0.217  lr 1.0e-04  fps   8178   950.7s
it 3107/4000  reward     nan  ep_len    nan  fell    0  err_xy 0.064  std 0.217  lr 1.0e-04  fps   8081   951.0s
it 3108/4000  reward     nan  ep_len    nan  fell    0  err_xy 0.063  std 0.217  lr 1.0e-04  fps   8115   951.3s
it 3109/4000  reward     nan  ep_len    nan  fell    0  err_xy 0.064  std 0.217  lr 1.0e-04  fps   8186   951.6s
it 3110/4000  reward     nan  ep_len    nan  fell    0  err_xy 0.061  std 0.217  lr 1.0e-04  fps   8104   951.9s
it 3111/4000  reward     nan  ep_len    nan  fell    0  err_xy 0.055  std 0.217  lr 1.0e-04  fps   8174   952.2s
it 3112/4000  reward     nan  ep_len    nan  fell    0  err_xy 0.051  std 0.217  lr 1.0e-04  fps   8180   952.4s
it 3113/4000  reward     nan  ep_len    nan  fell    0  err_xy 0.047  std 0.217  lr 1.0e-04  fps   8133   952.7s
it 3114/4000  reward     nan  ep_len    nan  fell    0  err_xy 0.046  std 0.217  lr 1.0e-04  fps   8155   953.0s
it 3115/4000  reward     nan  ep_len    nan  fell    0  err_xy 0.047  std 0.217  lr 1.0e-04  fps   8259   953.3s
it 3116/4000  reward     nan  ep_len    nan  fell    0  err_xy 0.062  std 0.217  lr 1.0e-04  fps   8212   953.6s
it 3117/4000  reward     nan  ep_len    nan  fell    0  err_xy 0.084  std 0.217  lr 1.0e-04  fps   8165   953.9s
it 3118/4000  reward     nan  ep_len    nan  fell    0  err_xy 0.084  std 0.217  lr 1.0e-04  fps   8171   954.1s
it 3119/4000  reward     nan  ep_len    nan  fell    0  err_xy 0.084  std 0.217  lr 1.0e-04  fps   8149   954.4s
it 3120/4000  reward     nan  ep_len    nan  fell    0  err_xy 0.075  std 0.217  lr 1.0e-04  fps   8132   954.7s
it 3121/4000  reward     nan  ep_len    nan  fell    0  err_xy 0.065  std 0.217  lr 1.0e-04  fps   8109   955.0s
it 3122/4000  reward     nan  ep_len    nan  fell    0  err_xy 0.061  std 0.217  lr 1.0e-04  fps   8150   955.3s
it 3123/4000  reward     nan  ep_len    nan  fell    0  err_xy 0.056  std 0.217  lr 1.0e-04  fps   8263   955.5s
it 3124/4000  reward     nan  ep_len    nan  fell    0  err_xy 0.059  std 0.217  lr 1.0e-04  fps   8317   955.8s
it 3125/4000  reward     nan  ep_len    nan  fell    0  err_xy 0.047  std 0.217  lr 1.0e-04  fps   7807   956.1s
it 3126/4000  reward     nan  ep_len    nan  fell    0  err_xy 0.052  std 0.217  lr 1.0e-04  fps   8341   956.4s
it 3127/4000  reward     nan  ep_len    nan  fell    0  err_xy 0.059  std 0.217  lr 1.0e-04  fps   8397   956.7s
it 3128/4000  reward     nan  ep_len    nan  fell    0  err_xy 0.062  std 0.217  lr 1.0e-04  fps   8383   956.9s
it 3129/4000  reward     nan  ep_len    nan  fell    0  err_xy 0.053  std 0.217  lr 1.0e-04  fps   8250   957.2s
it 3130/4000  reward  156.98  ep_len 1058.0  fell    0  err_xy 0.052  std 0.217  lr 1.0e-04  fps   6704   957.6s
it 3131/4000  reward     nan  ep_len    nan  fell    0  err_xy 0.227  std 0.217  lr 1.0e-04  fps   8174   957.9s
it 3132/4000  reward     nan  ep_len    nan  fell    0  err_xy 0.203  std 0.217  lr 1.0e-04  fps   8329   958.1s
it 3133/4000  reward     nan  ep_len    nan  fell    0  err_xy 0.176  std 0.217  lr 1.0e-04  fps   8423   958.4s
it 3134/4000  reward     nan  ep_len    nan  fell    0  err_xy 0.212  std 0.217  lr 1.0e-04  fps   8319   958.7s
it 3135/4000  reward     nan  ep_len    nan  fell    0  err_xy 0.219  std 0.217  lr 1.0e-04  fps   8361   959.0s
it 3136/4000  reward     nan  ep_len    nan  fell    0  err_xy 0.184  std 0.217  lr 1.0e-04  fps   8283   959.2s
it 3137/4000  reward     nan  ep_len    nan  fell    0  err_xy 0.176  std 0.217  lr 1.0e-04  fps   8222   959.5s
it 3138/4000  reward     nan  ep_len    nan  fell    0  err_xy 0.169  std 0.217  lr 1.0e-04  fps   8123   959.8s
it 3139/4000  reward     nan  ep_len    nan  fell    0  err_xy 0.139  std 0.217  lr 1.0e-04  fps   8148   960.1s
it 3140/4000  reward     nan  ep_len    nan  fell    0  err_xy 0.133  std 0.217  lr 1.0e-04  fps   8158   960.4s
it 3141/4000  reward     nan  ep_len    nan  fell    0  err_xy 0.133  std 0.217  lr 1.0e-04  fps   8087   960.7s
it 3142/4000  reward     nan  ep_len    nan  fell    0  err_xy 0.116  std 0.217  lr 1.0e-04  fps   8094   960.9s
it 3143/4000  reward     nan  ep_len    nan  fell    0  err_xy 0.104  std 0.217  lr 1.0e-04  fps   8077   961.2s
it 3144/4000  reward     nan  ep_len    nan  fell    0  err_xy 0.091  std 0.217  lr 1.0e-04  fps   7921   961.5s
it 3145/4000  reward     nan  ep_len    nan  fell    0  err_xy 0.089  std 0.217  lr 1.0e-04  fps   8082   961.8s
it 3146/4000  reward     nan  ep_len    nan  fell    0  err_xy 0.076  std 0.217  lr 1.0e-04  fps   6959   962.1s
it 3147/4000  reward     nan  ep_len    nan  fell    0  err_xy 0.069  std 0.217  lr 1.0e-04  fps   7709   962.4s
it 3148/4000  reward     nan  ep_len    nan  fell    0  err_xy 0.081  std 0.217  lr 1.0e-04  fps   7871   962.7s
it 3149/4000  reward     nan  ep_len    nan  fell    0  err_xy 0.066  std 0.217  lr 1.0e-04  fps   7213   963.0s
it 3150/4000  reward     nan  ep_len    nan  fell    0  err_xy 0.063  std 0.217  lr 1.0e-04  fps   7892   963.3s
it 3151/4000  reward     nan  ep_len    nan  fell    0  err_xy 0.053  std 0.217  lr 1.0e-04  fps   7836   963.6s
it 3152/4000  reward     nan  ep_len    nan  fell    0  err_xy 0.051  std 0.217  lr 1.0e-04  fps   7949   963.9s
it 3153/4000  reward     nan  ep_len    nan  fell    0  err_xy 0.051  std 0.217  lr 1.0e-04  fps   7959   964.2s
it 3154/4000  reward     nan  ep_len    nan  fell    0  err_xy 0.049  std 0.217  lr 1.0e-04  fps   7890   964.5s
it 3155/4000  reward     nan  ep_len    nan  fell    0  err_xy 0.052  std 0.217  lr 1.0e-04  fps   7062   964.8s
it 3156/4000  reward     nan  ep_len    nan  fell    0  err_xy 0.036  std 0.217  lr 1.0e-04  fps   7011   965.2s
it 3157/4000  reward     nan  ep_len    nan  fell    0  err_xy 0.040  std 0.217  lr 1.0e-04  fps   7609   965.5s
it 3158/4000  reward     nan  ep_len    nan  fell    0  err_xy 0.043  std 0.217  lr 1.0e-04  fps   7910   965.8s
it 3159/4000  reward     nan  ep_len    nan  fell    0  err_xy 0.029  std 0.217  lr 1.0e-04  fps   7664   966.1s
it 3160/4000  reward     nan  ep_len    nan  fell    0  err_xy 0.031  std 0.217  lr 1.0e-04  fps   7260   966.4s
it 3161/4000  reward     nan  ep_len    nan  fell    0  err_xy 0.030  std 0.217  lr 1.0e-04  fps   7945   966.7s
it 3162/4000  reward     nan  ep_len    nan  fell    0  err_xy 0.034  std 0.217  lr 1.0e-04  fps   8135   966.9s
it 3163/4000  reward     nan  ep_len    nan  fell    0  err_xy 0.023  std 0.217  lr 1.0e-04  fps   8193   967.2s
it 3164/4000  reward     nan  ep_len    nan  fell    0  err_xy 0.028  std 0.217  lr 1.0e-04  fps   8222   967.5s
it 3165/4000  reward     nan  ep_len    nan  fell    0  err_xy 0.026  std 0.217  lr 1.0e-04  fps   7682   967.8s
it 3166/4000  reward     nan  ep_len    nan  fell    0  err_xy 0.029  std 0.217  lr 1.0e-04  fps   8272   968.1s
it 3167/4000  reward     nan  ep_len    nan  fell    0  err_xy 0.027  std 0.217  lr 1.0e-04  fps   8267   968.4s
it 3168/4000  reward     nan  ep_len    nan  fell    0  err_xy 0.030  std 0.217  lr 1.0e-04  fps   7651   968.7s
it 3169/4000  reward     nan  ep_len    nan  fell    0  err_xy 0.033  std 0.217  lr 1.0e-04  fps   8260   968.9s
it 3170/4000  reward     nan  ep_len    nan  fell    0  err_xy 0.024  std 0.217  lr 1.0e-04  fps   8464   969.2s
it 3171/4000  reward     nan  ep_len    nan  fell    0  err_xy 0.023  std 0.217  lr 1.0e-04  fps   8424   969.5s
it 3172/4000  reward     nan  ep_len    nan  fell    0  err_xy 0.023  std 0.217  lr 1.0e-04  fps   8413   969.8s
it 3173/4000  reward     nan  ep_len    nan  fell    0  err_xy 0.024  std 0.217  lr 1.0e-04  fps   8442   970.0s
it 3174/4000  reward  165.28  ep_len 1058.0  fell    0  err_xy 0.020  std 0.217  lr 1.0e-04  fps   6918   970.4s
it 3175/4000  reward     nan  ep_len    nan  fell    0  err_xy 0.268  std 0.217  lr 1.0e-04  fps   8473   970.6s
it 3176/4000  reward     nan  ep_len    nan  fell    0  err_xy 0.234  std 0.217  lr 1.0e-04  fps   8749   970.9s
it 3177/4000  reward     nan  ep_len    nan  fell    0  err_xy 0.208  std 0.217  lr 1.0e-04  fps   8750   971.2s
it 3178/4000  reward     nan  ep_len    nan  fell    0  err_xy 0.214  std 0.217  lr 1.0e-04  fps   8693   971.4s
it 3179/4000  reward     nan  ep_len    nan  fell    0  err_xy 0.213  std 0.217  lr 1.0e-04  fps   8670   971.7s
it 3180/4000  reward     nan  ep_len    nan  fell    0  err_xy 0.192  std 0.217  lr 1.0e-04  fps   8620   972.0s
it 3181/4000  reward     nan  ep_len    nan  fell    0  err_xy 0.166  std 0.217  lr 1.0e-04  fps   8631   972.2s
it 3182/4000  reward     nan  ep_len    nan  fell    0  err_xy 0.165  std 0.217  lr 1.0e-04  fps   7942   972.5s
it 3183/4000  reward     nan  ep_len    nan  fell    0  err_xy 0.153  std 0.217  lr 1.0e-04  fps   8418   972.8s
it 3184/4000  reward     nan  ep_len    nan  fell    0  err_xy 0.149  std 0.217  lr 1.0e-04  fps   8495   973.1s
it 3185/4000  reward     nan  ep_len    nan  fell    0  err_xy 0.137  std 0.217  lr 1.0e-04  fps   8463   973.3s
it 3186/4000  reward     nan  ep_len    nan  fell    0  err_xy 0.136  std 0.217  lr 1.0e-04  fps   8423   973.6s
it 3187/4000  reward     nan  ep_len    nan  fell    0  err_xy 0.110  std 0.217  lr 1.0e-04  fps   8325   973.9s
it 3188/4000  reward     nan  ep_len    nan  fell    0  err_xy 0.112  std 0.217  lr 1.0e-04  fps   8364   974.2s
it 3189/4000  reward     nan  ep_len    nan  fell    0  err_xy 0.110  std 0.217  lr 1.0e-04  fps   8295   974.5s
it 3190/4000  reward     nan  ep_len    nan  fell    0  err_xy 0.112  std 0.217  lr 1.0e-04  fps   8277   974.7s
it 3191/4000  reward     nan  ep_len    nan  fell    0  err_xy 0.105  std 0.217  lr 1.0e-04  fps   8235   975.0s
it 3192/4000  reward     nan  ep_len    nan  fell    0  err_xy 0.097  std 0.217  lr 1.0e-04  fps   8194   975.3s
it 3193/4000  reward     nan  ep_len    nan  fell    0  err_xy 0.092  std 0.217  lr 1.0e-04  fps   7267   975.6s
it 3194/4000  reward     nan  ep_len    nan  fell    0  err_xy 0.084  std 0.217  lr 1.0e-04  fps   7694   975.9s
it 3195/4000  reward     nan  ep_len    nan  fell    0  err_xy 0.069  std 0.217  lr 1.0e-04  fps   7614   976.2s
it 3196/4000  reward     nan  ep_len    nan  fell    0  err_xy 0.069  std 0.217  lr 1.0e-04  fps   7485   976.5s
it 3197/4000  reward     nan  ep_len    nan  fell    0  err_xy 0.064  std 0.217  lr 1.0e-04  fps   7553   976.8s
it 3198/4000  reward     nan  ep_len    nan  fell    0  err_xy 0.073  std 0.217  lr 1.0e-04  fps   7538   977.1s
it 3199/4000  reward     nan  ep_len    nan  fell    0  err_xy 0.069  std 0.217  lr 1.0e-04  fps   7536   977.4s
it 3200/4000  reward     nan  ep_len    nan  fell    0  err_xy 0.070  std 0.217  lr 1.0e-04  fps   7541   977.7s
eval iteration 3200:
  prone          success   0.0%  time 21.16s  peak_τ 0.96 Nm  return 103.21
  supine         success   0.0%  time 21.16s  peak_τ 0.96 Nm  return 174.71
  score 0.000
it 3201/4000  reward     nan  ep_len    nan  fell    0  err_xy 0.063  std 0.217  lr 1.0e-04  fps   7933   982.7s
it 3202/4000  reward     nan  ep_len    nan  fell    0  err_xy 0.061  std 0.217  lr 1.0e-04  fps   8313   983.0s
it 3203/4000  reward     nan  ep_len    nan  fell    0  err_xy 0.054  std 0.217  lr 1.0e-04  fps   8448   983.3s
it 3204/4000  reward     nan  ep_len    nan  fell    0  err_xy 0.057  std 0.217  lr 1.0e-04  fps   8460   983.6s
it 3205/4000  reward     nan  ep_len    nan  fell    0  err_xy 0.057  std 0.217  lr 1.0e-04  fps   8223   983.8s
it 3206/4000  reward     nan  ep_len    nan  fell    0  err_xy 0.059  std 0.217  lr 1.0e-04  fps   8421   984.1s
it 3207/4000  reward     nan  ep_len    nan  fell    0  err_xy 0.050  std 0.217  lr 1.0e-04  fps   8476   984.4s
it 3208/4000  reward     nan  ep_len    nan  fell    0  err_xy 0.045  std 0.217  lr 1.0e-04  fps   8455   984.7s
it 3209/4000  reward     nan  ep_len    nan  fell    0  err_xy 0.045  std 0.217  lr 1.0e-04  fps   8323   984.9s
it 3210/4000  reward     nan  ep_len    nan  fell    0  err_xy 0.045  std 0.217  lr 1.0e-04  fps   8235   985.2s
it 3211/4000  reward     nan  ep_len    nan  fell    0  err_xy 0.050  std 0.217  lr 1.0e-04  fps   8402   985.5s
it 3212/4000  reward     nan  ep_len    nan  fell    0  err_xy 0.042  std 0.217  lr 1.0e-04  fps   8611   985.8s
it 3213/4000  reward     nan  ep_len    nan  fell    0  err_xy 0.043  std 0.217  lr 1.0e-04  fps   8638   986.0s
it 3214/4000  reward     nan  ep_len    nan  fell    0  err_xy 0.041  std 0.217  lr 1.0e-04  fps   8636   986.3s
it 3215/4000  reward     nan  ep_len    nan  fell    0  err_xy 0.047  std 0.217  lr 1.0e-04  fps   8475   986.6s
it 3216/4000  reward     nan  ep_len    nan  fell    0  err_xy 0.040  std 0.217  lr 1.0e-04  fps   8326   986.8s
it 3217/4000  reward     nan  ep_len    nan  fell    0  err_xy 0.046  std 0.217  lr 1.0e-04  fps   8363   987.1s
it 3218/4000  reward     nan  ep_len    nan  fell    0  err_xy 0.031  std 0.217  lr 1.0e-04  fps   8431   987.4s
it 3219/4000  reward  156.70  ep_len 1058.0  fell    0  err_xy 0.242  std 0.217  lr 1.0e-04  fps   7223   987.7s
it 3220/4000  reward     nan  ep_len    nan  fell    0  err_xy 0.217  std 0.217  lr 1.0e-04  fps   8840   988.0s
it 3221/4000  reward     nan  ep_len    nan  fell    0  err_xy 0.194  std 0.217  lr 1.0e-04  fps   8892   988.2s
it 3222/4000  reward     nan  ep_len    nan  fell    0  err_xy 0.200  std 0.217  lr 1.0e-04  fps   8867   988.5s
it 3223/4000  reward     nan  ep_len    nan  fell    0  err_xy 0.189  std 0.217  lr 1.0e-04  fps   8593   988.8s
it 3224/4000  reward     nan  ep_len    nan  fell    0  err_xy 0.147  std 0.217  lr 1.0e-04  fps   8671   989.0s
it 3225/4000  reward     nan  ep_len    nan  fell    0  err_xy 0.122  std 0.217  lr 1.0e-04  fps   8584   989.3s
it 3226/4000  reward     nan  ep_len    nan  fell    0  err_xy 0.129  std 0.217  lr 1.0e-04  fps   8385   989.6s
it 3227/4000  reward     nan  ep_len    nan  fell    0  err_xy 0.105  std 0.217  lr 1.0e-04  fps   8249   989.8s
it 3228/4000  reward     nan  ep_len    nan  fell    0  err_xy 0.104  std 0.217  lr 1.0e-04  fps   8218   990.1s
it 3229/4000  reward     nan  ep_len    nan  fell    0  err_xy 0.095  std 0.217  lr 1.0e-04  fps   8198   990.4s
it 3230/4000  reward     nan  ep_len    nan  fell    0  err_xy 0.091  std 0.217  lr 1.0e-04  fps   8194   990.7s
it 3231/4000  reward     nan  ep_len    nan  fell    0  err_xy 0.083  std 0.217  lr 1.0e-04  fps   8159   991.0s
it 3232/4000  reward     nan  ep_len    nan  fell    0  err_xy 0.077  std 0.217  lr 1.0e-04  fps   8029   991.3s
it 3233/4000  reward     nan  ep_len    nan  fell    0  err_xy 0.064  std 0.217  lr 1.0e-04  fps   7956   991.6s
it 3234/4000  reward     nan  ep_len    nan  fell    0  err_xy 0.065  std 0.217  lr 1.0e-04  fps   7978   991.8s
it 3235/4000  reward     nan  ep_len    nan  fell    0  err_xy 0.055  std 0.217  lr 1.0e-04  fps   8027   992.1s
it 3236/4000  reward     nan  ep_len    nan  fell    0  err_xy 0.063  std 0.217  lr 1.0e-04  fps   7919   992.4s
it 3237/4000  reward     nan  ep_len    nan  fell    0  err_xy 0.056  std 0.217  lr 1.0e-04  fps   7853   992.7s
it 3238/4000  reward     nan  ep_len    nan  fell    0  err_xy 0.048  std 0.217  lr 1.0e-04  fps   7893   993.0s
it 3239/4000  reward     nan  ep_len    nan  fell    0  err_xy 0.037  std 0.217  lr 1.0e-04  fps   7766   993.3s
it 3240/4000  reward     nan  ep_len    nan  fell    0  err_xy 0.036  std 0.217  lr 1.0e-04  fps   7850   993.6s
it 3241/4000  reward     nan  ep_len    nan  fell    0  err_xy 0.033  std 0.217  lr 1.0e-04  fps   7850   993.9s
it 3242/4000  reward     nan  ep_len    nan  fell    0  err_xy 0.033  std 0.217  lr 1.0e-04  fps   7854   994.2s
it 3243/4000  reward     nan  ep_len    nan  fell    0  err_xy 0.022  std 0.217  lr 1.0e-04  fps   7741   994.5s
it 3244/4000  reward     nan  ep_len    nan  fell    0  err_xy 0.023  std 0.217  lr 1.0e-04  fps   7774   994.8s
it 3245/4000  reward     nan  ep_len    nan  fell    0  err_xy 0.021  std 0.217  lr 1.0e-04  fps   7811   995.1s
it 3246/4000  reward     nan  ep_len    nan  fell    0  err_xy 0.021  std 0.217  lr 1.0e-04  fps   7813   995.4s
it 3247/4000  reward     nan  ep_len    nan  fell    0  err_xy 0.022  std 0.217  lr 1.0e-04  fps   7774   995.7s
it 3248/4000  reward     nan  ep_len    nan  fell    0  err_xy 0.019  std 0.217  lr 1.0e-04  fps   7401   996.0s
it 3249/4000  reward     nan  ep_len    nan  fell    0  err_xy 0.017  std 0.217  lr 1.0e-04  fps   7747   996.3s
it 3250/4000  reward     nan  ep_len    nan  fell    0  err_xy 0.018  std 0.217  lr 1.0e-04  fps   7736   996.6s
it 3251/4000  reward     nan  ep_len    nan  fell    0  err_xy 0.019  std 0.217  lr 1.0e-04  fps   7881   996.9s
it 3252/4000  reward     nan  ep_len    nan  fell    0  err_xy 0.018  std 0.217  lr 1.0e-04  fps   7974   997.2s
it 3253/4000  reward     nan  ep_len    nan  fell    0  err_xy 0.021  std 0.217  lr 1.0e-04  fps   7761   997.5s
it 3254/4000  reward     nan  ep_len    nan  fell    0  err_xy 0.024  std 0.217  lr 1.0e-04  fps   7441   997.8s
it 3255/4000  reward     nan  ep_len    nan  fell    0  err_xy 0.025  std 0.217  lr 1.0e-04  fps   7271   998.1s
it 3256/4000  reward     nan  ep_len    nan  fell    0  err_xy 0.032  std 0.217  lr 1.0e-04  fps   7600   998.4s
it 3257/4000  reward     nan  ep_len    nan  fell    0  err_xy 0.031  std 0.217  lr 1.0e-04  fps   7873   998.7s
it 3258/4000  reward     nan  ep_len    nan  fell    0  err_xy 0.036  std 0.217  lr 1.0e-04  fps   8010   999.0s
it 3259/4000  reward     nan  ep_len    nan  fell    0  err_xy 0.031  std 0.217  lr 1.0e-04  fps   8073   999.2s
it 3260/4000  reward     nan  ep_len    nan  fell    0  err_xy 0.030  std 0.217  lr 1.0e-04  fps   8154   999.5s
it 3261/4000  reward     nan  ep_len    nan  fell    0  err_xy 0.031  std 0.217  lr 1.0e-04  fps   7801   999.8s
it 3262/4000  reward     nan  ep_len    nan  fell    0  err_xy 0.032  std 0.217  lr 1.0e-04  fps   7598  1000.1s
it 3263/4000  reward  161.23  ep_len 1058.0  fell    0  err_xy 0.201  std 0.217  lr 1.0e-04  fps   6922  1000.5s
it 3264/4000  reward     nan  ep_len    nan  fell    0  err_xy 0.225  std 0.217  lr 1.0e-04  fps   8596  1000.7s
it 3265/4000  reward     nan  ep_len    nan  fell    0  err_xy 0.194  std 0.217  lr 1.0e-04  fps   8728  1001.0s
it 3266/4000  reward     nan  ep_len    nan  fell    0  err_xy 0.194  std 0.217  lr 1.0e-04  fps   8664  1001.3s
it 3267/4000  reward     nan  ep_len    nan  fell    0  err_xy 0.180  std 0.217  lr 1.0e-04  fps   8612  1001.5s
it 3268/4000  reward     nan  ep_len    nan  fell    0  err_xy 0.167  std 0.217  lr 1.0e-04  fps   8486  1001.8s
it 3269/4000  reward     nan  ep_len    nan  fell    0  err_xy 0.149  std 0.217  lr 1.0e-04  fps   8206  1002.1s
it 3270/4000  reward     nan  ep_len    nan  fell    0  err_xy 0.147  std 0.217  lr 1.0e-04  fps   8487  1002.4s
it 3271/4000  reward     nan  ep_len    nan  fell    0  err_xy 0.126  std 0.217  lr 1.0e-04  fps   8502  1002.6s
it 3272/4000  reward     nan  ep_len    nan  fell    0  err_xy 0.119  std 0.217  lr 1.0e-04  fps   8400  1002.9s
it 3273/4000  reward     nan  ep_len    nan  fell    0  err_xy 0.111  std 0.217  lr 1.0e-04  fps   8425  1003.2s
it 3274/4000  reward     nan  ep_len    nan  fell    0  err_xy 0.084  std 0.217  lr 1.0e-04  fps   8399  1003.5s
it 3275/4000  reward     nan  ep_len    nan  fell    0  err_xy 0.080  std 0.217  lr 1.0e-04  fps   8364  1003.7s
it 3276/4000  reward     nan  ep_len    nan  fell    0  err_xy 0.071  std 0.217  lr 1.0e-04  fps   8262  1004.0s
it 3277/4000  reward     nan  ep_len    nan  fell    0  err_xy 0.057  std 0.217  lr 1.0e-04  fps   8199  1004.3s
it 3278/4000  reward     nan  ep_len    nan  fell    0  err_xy 0.056  std 0.217  lr 1.0e-04  fps   8248  1004.6s
it 3279/4000  reward     nan  ep_len    nan  fell    0  err_xy 0.051  std 0.217  lr 1.0e-04  fps   8144  1004.8s
it 3280/4000  reward     nan  ep_len    nan  fell    0  err_xy 0.048  std 0.217  lr 1.0e-04  fps   8253  1005.1s
it 3281/4000  reward     nan  ep_len    nan  fell    0  err_xy 0.047  std 0.217  lr 1.0e-04  fps   8147  1005.4s
it 3282/4000  reward     nan  ep_len    nan  fell    0  err_xy 0.049  std 0.217  lr 1.0e-04  fps   8135  1005.7s
it 3283/4000  reward     nan  ep_len    nan  fell    0  err_xy 0.038  std 0.217  lr 1.0e-04  fps   8103  1006.0s
it 3284/4000  reward     nan  ep_len    nan  fell    0  err_xy 0.035  std 0.217  lr 1.0e-04  fps   8163  1006.3s
it 3285/4000  reward     nan  ep_len    nan  fell    0  err_xy 0.037  std 0.217  lr 1.0e-04  fps   7343  1006.6s
it 3286/4000  reward     nan  ep_len    nan  fell    0  err_xy 0.034  std 0.217  lr 1.0e-04  fps   7768  1006.9s
it 3287/4000  reward     nan  ep_len    nan  fell    0  err_xy 0.036  std 0.217  lr 1.0e-04  fps   8010  1007.2s
it 3288/4000  reward     nan  ep_len    nan  fell    0  err_xy 0.034  std 0.217  lr 1.0e-04  fps   7956  1007.5s
it 3289/4000  reward     nan  ep_len    nan  fell    0  err_xy 0.032  std 0.217  lr 1.0e-04  fps   8028  1007.7s
it 3290/4000  reward     nan  ep_len    nan  fell    0  err_xy 0.029  std 0.217  lr 1.0e-04  fps   7397  1008.1s
it 3291/4000  reward     nan  ep_len    nan  fell    0  err_xy 0.026  std 0.217  lr 1.0e-04  fps   7955  1008.3s
it 3292/4000  reward     nan  ep_len    nan  fell    0  err_xy 0.030  std 0.217  lr 1.0e-04  fps   7892  1008.6s
it 3293/4000  reward     nan  ep_len    nan  fell    0  err_xy 0.029  std 0.217  lr 1.0e-04  fps   7647  1008.9s
it 3294/4000  reward     nan  ep_len    nan  fell    0  err_xy 0.027  std 0.217  lr 1.0e-04  fps   8149  1009.2s
it 3295/4000  reward     nan  ep_len    nan  fell    0  err_xy 0.024  std 0.217  lr 1.0e-04  fps   8203  1009.5s
it 3296/4000  reward     nan  ep_len    nan  fell    0  err_xy 0.027  std 0.217  lr 1.0e-04  fps   8191  1009.8s
it 3297/4000  reward     nan  ep_len    nan  fell    0  err_xy 0.029  std 0.217  lr 1.0e-04  fps   8296  1010.1s
it 3298/4000  reward     nan  ep_len    nan  fell    0  err_xy 0.030  std 0.217  lr 1.0e-04  fps   8170  1010.3s
it 3299/4000  reward     nan  ep_len    nan  fell    0  err_xy 0.023  std 0.217  lr 1.0e-04  fps   8286  1010.6s
it 3300/4000  reward     nan  ep_len    nan  fell    0  err_xy 0.021  std 0.217  lr 1.0e-04  fps   8212  1010.9s
it 3301/4000  reward     nan  ep_len    nan  fell    0  err_xy 0.025  std 0.217  lr 1.0e-04  fps   8366  1011.2s
it 3302/4000  reward     nan  ep_len    nan  fell    0  err_xy 0.022  std 0.217  lr 1.0e-04  fps   8296  1011.5s
it 3303/4000  reward     nan  ep_len    nan  fell    0  err_xy 0.025  std 0.217  lr 1.0e-04  fps   8420  1011.7s
it 3304/4000  reward     nan  ep_len    nan  fell    0  err_xy 0.024  std 0.217  lr 1.0e-04  fps   8351  1012.0s
it 3305/4000  reward     nan  ep_len    nan  fell    0  err_xy 0.023  std 0.217  lr 1.0e-04  fps   8408  1012.3s
it 3306/4000  reward     nan  ep_len    nan  fell    0  err_xy 0.021  std 0.217  lr 1.0e-04  fps   8386  1012.6s
it 3307/4000  reward  166.84  ep_len 1058.0  fell    0  err_xy 0.195  std 0.217  lr 1.0e-04  fps   6851  1012.9s
it 3308/4000  reward     nan  ep_len    nan  fell    0  err_xy 0.233  std 0.217  lr 1.0e-04  fps   8465  1013.2s
it 3309/4000  reward     nan  ep_len    nan  fell    0  err_xy 0.178  std 0.217  lr 1.0e-04  fps   8530  1013.4s
it 3310/4000  reward     nan  ep_len    nan  fell    0  err_xy 0.160  std 0.217  lr 1.0e-04  fps   8495  1013.7s
it 3311/4000  reward     nan  ep_len    nan  fell    0  err_xy 0.188  std 0.217  lr 1.0e-04  fps   8547  1014.0s
it 3312/4000  reward     nan  ep_len    nan  fell    0  err_xy 0.183  std 0.217  lr 1.0e-04  fps   8346  1014.3s
it 3313/4000  reward     nan  ep_len    nan  fell    0  err_xy 0.143  std 0.217  lr 1.0e-04  fps   8311  1014.5s
it 3314/4000  reward     nan  ep_len    nan  fell    0  err_xy 0.156  std 0.217  lr 1.0e-04  fps   7659  1014.8s
it 3315/4000  reward     nan  ep_len    nan  fell    0  err_xy 0.129  std 0.217  lr 1.0e-04  fps   8155  1015.1s
it 3316/4000  reward     nan  ep_len    nan  fell    0  err_xy 0.124  std 0.217  lr 1.0e-04  fps   7588  1015.4s
it 3317/4000  reward     nan  ep_len    nan  fell    0  err_xy 0.113  std 0.217  lr 1.0e-04  fps   8092  1015.7s
it 3318/4000  reward     nan  ep_len    nan  fell    0  err_xy 0.095  std 0.217  lr 1.0e-04  fps   8105  1016.0s
it 3319/4000  reward     nan  ep_len    nan  fell    0  err_xy 0.090  std 0.217  lr 1.0e-04  fps   8118  1016.3s
it 3320/4000  reward     nan  ep_len    nan  fell    0  err_xy 0.079  std 0.217  lr 1.0e-04  fps   8056  1016.6s
it 3321/4000  reward     nan  ep_len    nan  fell    0  err_xy 0.079  std 0.217  lr 1.0e-04  fps   8086  1016.8s
it 3322/4000  reward     nan  ep_len    nan  fell    0  err_xy 0.071  std 0.217  lr 1.0e-04  fps   8027  1017.1s
it 3323/4000  reward     nan  ep_len    nan  fell    0  err_xy 0.068  std 0.217  lr 1.0e-04  fps   8012  1017.4s
it 3324/4000  reward     nan  ep_len    nan  fell    0  err_xy 0.068  std 0.217  lr 1.0e-04  fps   7921  1017.7s
it 3325/4000  reward     nan  ep_len    nan  fell    0  err_xy 0.062  std 0.217  lr 1.0e-04  fps   7945  1018.0s
it 3326/4000  reward     nan  ep_len    nan  fell    0  err_xy 0.056  std 0.217  lr 1.0e-04  fps   7964  1018.3s
it 3327/4000  reward     nan  ep_len    nan  fell    0  err_xy 0.053  std 0.217  lr 1.0e-04  fps   7920  1018.6s
it 3328/4000  reward     nan  ep_len    nan  fell    0  err_xy 0.049  std 0.217  lr 1.0e-04  fps   7912  1018.9s
it 3329/4000  reward     nan  ep_len    nan  fell    0  err_xy 0.053  std 0.217  lr 1.0e-04  fps   7945  1019.2s
it 3330/4000  reward     nan  ep_len    nan  fell    0  err_xy 0.050  std 0.217  lr 1.0e-04  fps   7892  1019.5s
it 3331/4000  reward     nan  ep_len    nan  fell    0  err_xy 0.046  std 0.217  lr 1.0e-04  fps   7818  1019.7s
it 3332/4000  reward     nan  ep_len    nan  fell    0  err_xy 0.048  std 0.217  lr 1.0e-04  fps   7917  1020.0s
it 3333/4000  reward     nan  ep_len    nan  fell    0  err_xy 0.050  std 0.217  lr 1.0e-04  fps   7980  1020.3s
it 3334/4000  reward     nan  ep_len    nan  fell    0  err_xy 0.051  std 0.217  lr 1.0e-04  fps   8046  1020.6s
it 3335/4000  reward     nan  ep_len    nan  fell    0  err_xy 0.040  std 0.217  lr 1.0e-04  fps   8080  1020.9s
it 3336/4000  reward     nan  ep_len    nan  fell    0  err_xy 0.040  std 0.217  lr 1.0e-04  fps   8176  1021.2s
it 3337/4000  reward     nan  ep_len    nan  fell    0  err_xy 0.036  std 0.217  lr 1.0e-04  fps   8072  1021.5s
it 3338/4000  reward     nan  ep_len    nan  fell    0  err_xy 0.034  std 0.217  lr 1.0e-04  fps   8165  1021.8s
it 3339/4000  reward     nan  ep_len    nan  fell    0  err_xy 0.042  std 0.217  lr 1.0e-04  fps   8139  1022.0s
it 3340/4000  reward     nan  ep_len    nan  fell    0  err_xy 0.034  std 0.217  lr 1.0e-04  fps   8070  1022.3s
it 3341/4000  reward     nan  ep_len    nan  fell    0  err_xy 0.028  std 0.217  lr 1.0e-04  fps   8183  1022.6s
it 3342/4000  reward     nan  ep_len    nan  fell    0  err_xy 0.026  std 0.217  lr 1.0e-04  fps   8243  1022.9s
it 3343/4000  reward     nan  ep_len    nan  fell    0  err_xy 0.023  std 0.217  lr 1.0e-04  fps   8258  1023.2s
it 3344/4000  reward     nan  ep_len    nan  fell    0  err_xy 0.021  std 0.217  lr 1.0e-04  fps   8245  1023.4s
it 3345/4000  reward     nan  ep_len    nan  fell    0  err_xy 0.016  std 0.217  lr 1.0e-04  fps   8275  1023.7s
it 3346/4000  reward     nan  ep_len    nan  fell    0  err_xy 0.017  std 0.217  lr 1.0e-04  fps   8308  1024.0s
it 3347/4000  reward     nan  ep_len    nan  fell    0  err_xy 0.017  std 0.217  lr 1.0e-04  fps   8185  1024.3s
it 3348/4000  reward     nan  ep_len    nan  fell    0  err_xy 0.015  std 0.217  lr 1.0e-04  fps   8230  1024.6s
it 3349/4000  reward     nan  ep_len    nan  fell    0  err_xy 0.018  std 0.217  lr 1.0e-04  fps   8210  1024.8s
it 3350/4000  reward     nan  ep_len    nan  fell    0  err_xy 0.021  std 0.217  lr 1.0e-04  fps   8223  1025.1s
it 3351/4000  reward  158.94  ep_len 1058.0  fell    0  err_xy 0.174  std 0.217  lr 1.0e-04  fps   6441  1025.5s
it 3352/4000  reward     nan  ep_len    nan  fell    0  err_xy 0.276  std 0.217  lr 1.0e-04  fps   8263  1025.8s
it 3353/4000  reward     nan  ep_len    nan  fell    0  err_xy 0.211  std 0.217  lr 1.0e-04  fps   6764  1026.1s
it 3354/4000  reward     nan  ep_len    nan  fell    0  err_xy 0.176  std 0.217  lr 1.0e-04  fps   7979  1026.4s
it 3355/4000  reward     nan  ep_len    nan  fell    0  err_xy 0.196  std 0.217  lr 1.0e-04  fps   8140  1026.7s
it 3356/4000  reward     nan  ep_len    nan  fell    0  err_xy 0.206  std 0.217  lr 1.0e-04  fps   8267  1027.0s
it 3357/4000  reward     nan  ep_len    nan  fell    0  err_xy 0.175  std 0.217  lr 1.0e-04  fps   8274  1027.2s
it 3358/4000  reward     nan  ep_len    nan  fell    0  err_xy 0.157  std 0.217  lr 1.0e-04  fps   8051  1027.5s
it 3359/4000  reward     nan  ep_len    nan  fell    0  err_xy 0.143  std 0.217  lr 1.0e-04  fps   8173  1027.8s
it 3360/4000  reward     nan  ep_len    nan  fell    0  err_xy 0.143  std 0.217  lr 1.0e-04  fps   8194  1028.1s
it 3361/4000  reward     nan  ep_len    nan  fell    0  err_xy 0.139  std 0.217  lr 1.0e-04  fps   8174  1028.4s
it 3362/4000  reward     nan  ep_len    nan  fell    0  err_xy 0.115  std 0.217  lr 1.0e-04  fps   8094  1028.6s
it 3363/4000  reward     nan  ep_len    nan  fell    0  err_xy 0.117  std 0.217  lr 1.0e-04  fps   8126  1028.9s
it 3364/4000  reward     nan  ep_len    nan  fell    0  err_xy 0.106  std 0.217  lr 1.0e-04  fps   8090  1029.2s
it 3365/4000  reward     nan  ep_len    nan  fell    0  err_xy 0.076  std 0.217  lr 1.0e-04  fps   8070  1029.5s
it 3366/4000  reward     nan  ep_len    nan  fell    0  err_xy 0.067  std 0.217  lr 1.0e-04  fps   8029  1029.8s
it 3367/4000  reward     nan  ep_len    nan  fell    0  err_xy 0.063  std 0.217  lr 1.0e-04  fps   7947  1030.1s
it 3368/4000  reward     nan  ep_len    nan  fell    0  err_xy 0.054  std 0.217  lr 1.0e-04  fps   7947  1030.4s
it 3369/4000  reward     nan  ep_len    nan  fell    0  err_xy 0.057  std 0.217  lr 1.0e-04  fps   7885  1030.7s
it 3370/4000  reward     nan  ep_len    nan  fell    0  err_xy 0.061  std 0.217  lr 1.0e-04  fps   7925  1031.0s
it 3371/4000  reward     nan  ep_len    nan  fell    0  err_xy 0.051  std 0.217  lr 1.0e-04  fps   7943  1031.2s
it 3372/4000  reward     nan  ep_len    nan  fell    0  err_xy 0.046  std 0.217  lr 1.0e-04  fps   7957  1031.5s
it 3373/4000  reward     nan  ep_len    nan  fell    0  err_xy 0.045  std 0.217  lr 1.0e-04  fps   7914  1031.8s
it 3374/4000  reward     nan  ep_len    nan  fell    0  err_xy 0.047  std 0.217  lr 1.0e-04  fps   7984  1032.1s
it 3375/4000  reward     nan  ep_len    nan  fell    0  err_xy 0.040  std 0.217  lr 1.0e-04  fps   8037  1032.4s
it 3376/4000  reward     nan  ep_len    nan  fell    0  err_xy 0.036  std 0.217  lr 1.0e-04  fps   8002  1032.7s
it 3377/4000  reward     nan  ep_len    nan  fell    0  err_xy 0.039  std 0.217  lr 1.0e-04  fps   8069  1033.0s
it 3378/4000  reward     nan  ep_len    nan  fell    0  err_xy 0.044  std 0.217  lr 1.0e-04  fps   8081  1033.3s
it 3379/4000  reward     nan  ep_len    nan  fell    0  err_xy 0.041  std 0.217  lr 1.0e-04  fps   8080  1033.5s
it 3380/4000  reward     nan  ep_len    nan  fell    0  err_xy 0.039  std 0.217  lr 1.0e-04  fps   8138  1033.8s
it 3381/4000  reward     nan  ep_len    nan  fell    0  err_xy 0.032  std 0.217  lr 1.0e-04  fps   8124  1034.1s
it 3382/4000  reward     nan  ep_len    nan  fell    0  err_xy 0.034  std 0.217  lr 1.0e-04  fps   8040  1034.4s
it 3383/4000  reward     nan  ep_len    nan  fell    0  err_xy 0.030  std 0.217  lr 1.0e-04  fps   8112  1034.7s
it 3384/4000  reward     nan  ep_len    nan  fell    0  err_xy 0.031  std 0.217  lr 1.0e-04  fps   8052  1035.0s
it 3385/4000  reward     nan  ep_len    nan  fell    0  err_xy 0.030  std 0.217  lr 1.0e-04  fps   8142  1035.3s
it 3386/4000  reward     nan  ep_len    nan  fell    0  err_xy 0.030  std 0.217  lr 1.0e-04  fps   8124  1035.5s
it 3387/4000  reward     nan  ep_len    nan  fell    0  err_xy 0.026  std 0.217  lr 1.0e-04  fps   8089  1035.8s
it 3388/4000  reward     nan  ep_len    nan  fell    0  err_xy 0.028  std 0.217  lr 1.0e-04  fps   8135  1036.1s
it 3389/4000  reward     nan  ep_len    nan  fell    0  err_xy 0.029  std 0.217  lr 1.0e-04  fps   8149  1036.4s
it 3390/4000  reward     nan  ep_len    nan  fell    0  err_xy 0.028  std 0.217  lr 1.0e-04  fps   8071  1036.7s
it 3391/4000  reward     nan  ep_len    nan  fell    0  err_xy 0.025  std 0.217  lr 1.0e-04  fps   7983  1037.0s
it 3392/4000  reward     nan  ep_len    nan  fell    0  err_xy 0.027  std 0.217  lr 1.0e-04  fps   7890  1037.3s
it 3393/4000  reward     nan  ep_len    nan  fell    0  err_xy 0.021  std 0.217  lr 1.0e-04  fps   7999  1037.5s
it 3394/4000  reward     nan  ep_len    nan  fell    0  err_xy 0.022  std 0.217  lr 1.0e-04  fps   8024  1037.8s
it 3395/4000  reward  160.35  ep_len 1058.0  fell    0  err_xy 0.141  std 0.217  lr 1.0e-04  fps   6662  1038.2s
it 3396/4000  reward     nan  ep_len    nan  fell    0  err_xy 0.223  std 0.217  lr 1.0e-04  fps   8071  1038.5s
it 3397/4000  reward     nan  ep_len    nan  fell    0  err_xy 0.155  std 0.217  lr 1.0e-04  fps   8111  1038.8s
it 3398/4000  reward     nan  ep_len    nan  fell    0  err_xy 0.140  std 0.217  lr 1.0e-04  fps   8194  1039.0s
it 3399/4000  reward     nan  ep_len    nan  fell    0  err_xy 0.163  std 0.217  lr 1.0e-04  fps   8218  1039.3s
it 3400/4000  reward     nan  ep_len    nan  fell    0  err_xy 0.185  std 0.217  lr 1.0e-04  fps   8183  1039.6s
eval iteration 3400:
  prone          success   0.0%  time 21.16s  peak_τ 0.96 Nm  return 188.16
  supine         success   0.0%  time 21.16s  peak_τ 0.96 Nm  return 161.14
  score 0.000
it 3401/4000  reward     nan  ep_len    nan  fell    0  err_xy 0.153  std 0.217  lr 1.0e-04  fps   8292  1044.7s
it 3402/4000  reward     nan  ep_len    nan  fell    0  err_xy 0.129  std 0.217  lr 1.0e-04  fps   8280  1045.0s
it 3403/4000  reward     nan  ep_len    nan  fell    0  err_xy 0.134  std 0.217  lr 1.0e-04  fps   8520  1045.2s
it 3404/4000  reward     nan  ep_len    nan  fell    0  err_xy 0.121  std 0.217  lr 1.0e-04  fps   8512  1045.5s
it 3405/4000  reward     nan  ep_len    nan  fell    0  err_xy 0.113  std 0.217  lr 1.0e-04  fps   7763  1045.8s
it 3406/4000  reward     nan  ep_len    nan  fell    0  err_xy 0.101  std 0.217  lr 1.0e-04  fps   8390  1046.1s
it 3407/4000  reward     nan  ep_len    nan  fell    0  err_xy 0.091  std 0.217  lr 1.0e-04  fps   8539  1046.3s
it 3408/4000  reward     nan  ep_len    nan  fell    0  err_xy 0.079  std 0.217  lr 1.0e-04  fps   8149  1046.6s
it 3409/4000  reward     nan  ep_len    nan  fell    0  err_xy 0.071  std 0.217  lr 1.0e-04  fps   8130  1046.9s
it 3410/4000  reward     nan  ep_len    nan  fell    0  err_xy 0.062  std 0.217  lr 1.0e-04  fps   7413  1047.2s
it 3411/4000  reward     nan  ep_len    nan  fell    0  err_xy 0.056  std 0.217  lr 1.0e-04  fps   8195  1047.5s
it 3412/4000  reward     nan  ep_len    nan  fell    0  err_xy 0.049  std 0.217  lr 1.0e-04  fps   8068  1047.8s
it 3413/4000  reward     nan  ep_len    nan  fell    0  err_xy 0.048  std 0.217  lr 1.0e-04  fps   8258  1048.1s
it 3414/4000  reward     nan  ep_len    nan  fell    0  err_xy 0.034  std 0.217  lr 1.0e-04  fps   8115  1048.3s
it 3415/4000  reward     nan  ep_len    nan  fell    0  err_xy 0.033  std 0.217  lr 1.0e-04  fps   8113  1048.6s
it 3416/4000  reward     nan  ep_len    nan  fell    0  err_xy 0.023  std 0.217  lr 1.0e-04  fps   8155  1048.9s
it 3417/4000  reward     nan  ep_len    nan  fell    0  err_xy 0.023  std 0.217  lr 1.0e-04  fps   7612  1049.2s
it 3418/4000  reward     nan  ep_len    nan  fell    0  err_xy 0.022  std 0.217  lr 1.0e-04  fps   8544  1049.5s
it 3419/4000  reward     nan  ep_len    nan  fell    0  err_xy 0.020  std 0.217  lr 1.0e-04  fps   8517  1049.8s
it 3420/4000  reward     nan  ep_len    nan  fell    0  err_xy 0.016  std 0.217  lr 1.0e-04  fps   8460  1050.0s
it 3421/4000  reward     nan  ep_len    nan  fell    0  err_xy 0.017  std 0.217  lr 1.0e-04  fps   8504  1050.3s
it 3422/4000  reward     nan  ep_len    nan  fell    0  err_xy 0.020  std 0.217  lr 1.0e-04  fps   8546  1050.6s
it 3423/4000  reward     nan  ep_len    nan  fell    0  err_xy 0.020  std 0.217  lr 1.0e-04  fps   8511  1050.8s
it 3424/4000  reward     nan  ep_len    nan  fell    0  err_xy 0.017  std 0.217  lr 1.0e-04  fps   8556  1051.1s
it 3425/4000  reward     nan  ep_len    nan  fell    0  err_xy 0.020  std 0.217  lr 1.0e-04  fps   8572  1051.4s
it 3426/4000  reward     nan  ep_len    nan  fell    0  err_xy 0.018  std 0.216  lr 1.0e-04  fps   8655  1051.6s
it 3427/4000  reward     nan  ep_len    nan  fell    0  err_xy 0.019  std 0.216  lr 1.0e-04  fps   8618  1051.9s
it 3428/4000  reward     nan  ep_len    nan  fell    0  err_xy 0.017  std 0.216  lr 1.0e-04  fps   8687  1052.2s
it 3429/4000  reward     nan  ep_len    nan  fell    0  err_xy 0.014  std 0.216  lr 1.0e-04  fps   8732  1052.4s
it 3430/4000  reward     nan  ep_len    nan  fell    0  err_xy 0.015  std 0.217  lr 1.0e-04  fps   8703  1052.7s
it 3431/4000  reward     nan  ep_len    nan  fell    0  err_xy 0.016  std 0.217  lr 1.0e-04  fps   8690  1053.0s
it 3432/4000  reward     nan  ep_len    nan  fell    0  err_xy 0.016  std 0.217  lr 1.0e-04  fps   8683  1053.2s
it 3433/4000  reward     nan  ep_len    nan  fell    0  err_xy 0.016  std 0.217  lr 1.0e-04  fps   8755  1053.5s
it 3434/4000  reward     nan  ep_len    nan  fell    0  err_xy 0.015  std 0.217  lr 1.0e-04  fps   8713  1053.8s
it 3435/4000  reward     nan  ep_len    nan  fell    0  err_xy 0.016  std 0.217  lr 1.0e-04  fps   8682  1054.0s
it 3436/4000  reward     nan  ep_len    nan  fell    0  err_xy 0.014  std 0.217  lr 1.0e-04  fps   8687  1054.3s
it 3437/4000  reward     nan  ep_len    nan  fell    0  err_xy 0.014  std 0.217  lr 1.0e-04  fps   8617  1054.6s
it 3438/4000  reward     nan  ep_len    nan  fell    0  err_xy 0.012  std 0.217  lr 1.0e-04  fps   8487  1054.8s
it 3439/4000  reward  168.80  ep_len 1058.0  fell    0  err_xy 0.112  std 0.217  lr 1.0e-04  fps   6963  1055.2s
it 3440/4000  reward     nan  ep_len    nan  fell    0  err_xy 0.249  std 0.217  lr 1.0e-04  fps   8599  1055.4s
it 3441/4000  reward     nan  ep_len    nan  fell    0  err_xy 0.178  std 0.217  lr 1.0e-04  fps   8677  1055.7s
it 3442/4000  reward     nan  ep_len    nan  fell    0  err_xy 0.167  std 0.217  lr 1.0e-04  fps   8254  1056.0s
it 3443/4000  reward     nan  ep_len    nan  fell    0  err_xy 0.184  std 0.217  lr 1.0e-04  fps   8490  1056.3s
it 3444/4000  reward     nan  ep_len    nan  fell    0  err_xy 0.167  std 0.217  lr 1.0e-04  fps   8432  1056.5s
it 3445/4000  reward     nan  ep_len    nan  fell    0  err_xy 0.149  std 0.217  lr 1.0e-04  fps   8330  1056.8s
it 3446/4000  reward     nan  ep_len    nan  fell    0  err_xy 0.130  std 0.217  lr 1.0e-04  fps   8365  1057.1s
it 3447/4000  reward     nan  ep_len    nan  fell    0  err_xy 0.135  std 0.217  lr 1.0e-04  fps   8373  1057.4s
it 3448/4000  reward     nan  ep_len    nan  fell    0  err_xy 0.110  std 0.217  lr 1.0e-04  fps   8256  1057.6s
it 3449/4000  reward     nan  ep_len    nan  fell    0  err_xy 0.105  std 0.217  lr 1.0e-04  fps   8171  1057.9s
it 3450/4000  reward     nan  ep_len    nan  fell    0  err_xy 0.100  std 0.217  lr 1.0e-04  fps   8273  1058.2s
it 3451/4000  reward     nan  ep_len    nan  fell    0  err_xy 0.091  std 0.217  lr 1.0e-04  fps   8235  1058.5s
it 3452/4000  reward     nan  ep_len    nan  fell    0  err_xy 0.073  std 0.217  lr 1.0e-04  fps   8301  1058.8s
it 3453/4000  reward     nan  ep_len    nan  fell    0  err_xy 0.072  std 0.217  lr 1.0e-04  fps   8223  1059.0s
it 3454/4000  reward     nan  ep_len    nan  fell    0  err_xy 0.082  std 0.217  lr 1.0e-04  fps   8154  1059.3s
it 3455/4000  reward     nan  ep_len    nan  fell    0  err_xy 0.059  std 0.217  lr 1.0e-04  fps   8202  1059.6s
it 3456/4000  reward     nan  ep_len    nan  fell    0  err_xy 0.061  std 0.217  lr 1.0e-04  fps   8216  1059.9s
it 3457/4000  reward     nan  ep_len    nan  fell    0  err_xy 0.051  std 0.217  lr 1.0e-04  fps   8288  1060.2s
it 3458/4000  reward     nan  ep_len    nan  fell    0  err_xy 0.041  std 0.217  lr 1.0e-04  fps   8257  1060.4s
it 3459/4000  reward     nan  ep_len    nan  fell    0  err_xy 0.036  std 0.217  lr 1.0e-04  fps   8220  1060.7s
it 3460/4000  reward     nan  ep_len    nan  fell    0  err_xy 0.032  std 0.217  lr 1.0e-04  fps   8135  1061.0s
it 3461/4000  reward     nan  ep_len    nan  fell    0  err_xy 0.023  std 0.217  lr 1.0e-04  fps   8159  1061.3s
it 3462/4000  reward     nan  ep_len    nan  fell    0  err_xy 0.019  std 0.217  lr 1.0e-04  fps   8222  1061.6s
it 3463/4000  reward     nan  ep_len    nan  fell    0  err_xy 0.019  std 0.217  lr 1.0e-04  fps   8166  1061.9s
it 3464/4000  reward     nan  ep_len    nan  fell    0  err_xy 0.022  std 0.216  lr 1.0e-04  fps   7647  1062.2s
it 3465/4000  reward     nan  ep_len    nan  fell    0  err_xy 0.015  std 0.216  lr 1.0e-04  fps   8146  1062.4s
it 3466/4000  reward     nan  ep_len    nan  fell    0  err_xy 0.018  std 0.216  lr 1.0e-04  fps   8290  1062.7s
it 3467/4000  reward     nan  ep_len    nan  fell    0  err_xy 0.017  std 0.216  lr 1.0e-04  fps   8242  1063.0s
it 3468/4000  reward     nan  ep_len    nan  fell    0  err_xy 0.016  std 0.216  lr 1.0e-04  fps   8325  1063.3s
it 3469/4000  reward     nan  ep_len    nan  fell    0  err_xy 0.017  std 0.216  lr 1.0e-04  fps   8326  1063.5s
it 3470/4000  reward     nan  ep_len    nan  fell    0  err_xy 0.016  std 0.216  lr 1.0e-04  fps   8346  1063.8s
it 3471/4000  reward     nan  ep_len    nan  fell    0  err_xy 0.018  std 0.216  lr 1.0e-04  fps   8305  1064.1s
it 3472/4000  reward     nan  ep_len    nan  fell    0  err_xy 0.018  std 0.216  lr 1.0e-04  fps   8371  1064.4s
it 3473/4000  reward     nan  ep_len    nan  fell    0  err_xy 0.016  std 0.216  lr 1.0e-04  fps   7346  1064.7s
it 3474/4000  reward     nan  ep_len    nan  fell    0  err_xy 0.015  std 0.216  lr 1.0e-04  fps   7805  1065.0s
it 3475/4000  reward     nan  ep_len    nan  fell    0  err_xy 0.016  std 0.217  lr 1.0e-04  fps   7890  1065.3s
it 3476/4000  reward     nan  ep_len    nan  fell    0  err_xy 0.021  std 0.217  lr 1.0e-04  fps   7899  1065.6s
it 3477/4000  reward     nan  ep_len    nan  fell    0  err_xy 0.018  std 0.217  lr 1.0e-04  fps   7915  1065.9s
it 3478/4000  reward     nan  ep_len    nan  fell    0  err_xy 0.016  std 0.217  lr 1.0e-04  fps   8072  1066.1s
it 3479/4000  reward     nan  ep_len    nan  fell    0  err_xy 0.012  std 0.217  lr 1.0e-04  fps   7960  1066.4s
it 3480/4000  reward     nan  ep_len    nan  fell    0  err_xy 0.011  std 0.217  lr 1.0e-04  fps   7941  1066.7s
it 3481/4000  reward     nan  ep_len    nan  fell    0  err_xy 0.012  std 0.217  lr 1.0e-04  fps   8099  1067.0s
it 3482/4000  reward     nan  ep_len    nan  fell    0  err_xy 0.012  std 0.217  lr 1.0e-04  fps   8466  1067.3s
it 3483/4000  reward  165.24  ep_len 1058.0  fell    0  err_xy 0.092  std 0.217  lr 1.0e-04  fps   6908  1067.6s
it 3484/4000  reward     nan  ep_len    nan  fell    0  err_xy 0.285  std 0.217  lr 1.0e-04  fps   8447  1067.9s
it 3485/4000  reward     nan  ep_len    nan  fell    0  err_xy 0.206  std 0.217  lr 1.0e-04  fps   8463  1068.2s
it 3486/4000  reward     nan  ep_len    nan  fell    0  err_xy 0.180  std 0.217  lr 1.0e-04  fps   8518  1068.4s
it 3487/4000  reward     nan  ep_len    nan  fell    0  err_xy 0.192  std 0.217  lr 1.0e-04  fps   8389  1068.7s
it 3488/4000  reward     nan  ep_len    nan  fell    0  err_xy 0.172  std 0.217  lr 1.0e-04  fps   8418  1069.0s
it 3489/4000  reward     nan  ep_len    nan  fell    0  err_xy 0.160  std 0.217  lr 1.0e-04  fps   8407  1069.3s
it 3490/4000  reward     nan  ep_len    nan  fell    0  err_xy 0.143  std 0.217  lr 1.0e-04  fps   8405  1069.5s
it 3491/4000  reward     nan  ep_len    nan  fell    0  err_xy 0.107  std 0.217  lr 1.0e-04  fps   8347  1069.8s
it 3492/4000  reward     nan  ep_len    nan  fell    0  err_xy 0.098  std 0.217  lr 1.0e-04  fps   8359  1070.1s
it 3493/4000  reward     nan  ep_len    nan  fell    0  err_xy 0.078  std 0.217  lr 1.0e-04  fps   8306  1070.4s
it 3494/4000  reward     nan  ep_len    nan  fell    0  err_xy 0.069  std 0.217  lr 1.0e-04  fps   8221  1070.6s
it 3495/4000  reward     nan  ep_len    nan  fell    0  err_xy 0.073  std 0.217  lr 1.0e-04  fps   8141  1070.9s
it 3496/4000  reward     nan  ep_len    nan  fell    0  err_xy 0.069  std 0.217  lr 1.0e-04  fps   8189  1071.2s
it 3497/4000  reward     nan  ep_len    nan  fell    0  err_xy 0.064  std 0.217  lr 1.0e-04  fps   8312  1071.5s
it 3498/4000  reward     nan  ep_len    nan  fell    0  err_xy 0.047  std 0.217  lr 1.0e-04  fps   8239  1071.8s
it 3499/4000  reward     nan  ep_len    nan  fell    0  err_xy 0.045  std 0.217  lr 1.0e-04  fps   8306  1072.0s
it 3500/4000  reward     nan  ep_len    nan  fell    0  err_xy 0.042  std 0.217  lr 1.0e-04  fps   8215  1072.3s
it 3501/4000  reward     nan  ep_len    nan  fell    0  err_xy 0.035  std 0.217  lr 1.0e-04  fps   8234  1072.6s
it 3502/4000  reward     nan  ep_len    nan  fell    0  err_xy 0.026  std 0.217  lr 1.0e-04  fps   8145  1072.9s
it 3503/4000  reward     nan  ep_len    nan  fell    0  err_xy 0.022  std 0.217  lr 1.0e-04  fps   8214  1073.2s
it 3504/4000  reward     nan  ep_len    nan  fell    0  err_xy 0.018  std 0.217  lr 1.0e-04  fps   8226  1073.5s
it 3505/4000  reward     nan  ep_len    nan  fell    0  err_xy 0.020  std 0.217  lr 1.0e-04  fps   7978  1073.7s
it 3506/4000  reward     nan  ep_len    nan  fell    0  err_xy 0.018  std 0.217  lr 1.0e-04  fps   8019  1074.0s
it 3507/4000  reward     nan  ep_len    nan  fell    0  err_xy 0.017  std 0.217  lr 1.0e-04  fps   7979  1074.3s
it 3508/4000  reward     nan  ep_len    nan  fell    0  err_xy 0.015  std 0.217  lr 1.0e-04  fps   8080  1074.6s
it 3509/4000  reward     nan  ep_len    nan  fell    0  err_xy 0.014  std 0.217  lr 1.0e-04  fps   7987  1074.9s
it 3510/4000  reward     nan  ep_len    nan  fell    0  err_xy 0.014  std 0.217  lr 1.0e-04  fps   8057  1075.2s
it 3511/4000  reward     nan  ep_len    nan  fell    0  err_xy 0.012  std 0.217  lr 1.0e-04  fps   8002  1075.5s
it 3512/4000  reward     nan  ep_len    nan  fell    0  err_xy 0.011  std 0.217  lr 1.0e-04  fps   7949  1075.8s
it 3513/4000  reward     nan  ep_len    nan  fell    0  err_xy 0.009  std 0.217  lr 1.0e-04  fps   8033  1076.0s
it 3514/4000  reward     nan  ep_len    nan  fell    0  err_xy 0.010  std 0.217  lr 1.0e-04  fps   8098  1076.3s
it 3515/4000  reward     nan  ep_len    nan  fell    0  err_xy 0.008  std 0.217  lr 1.0e-04  fps   8121  1076.6s
it 3516/4000  reward     nan  ep_len    nan  fell    0  err_xy 0.007  std 0.217  lr 1.0e-04  fps   8106  1076.9s
it 3517/4000  reward     nan  ep_len    nan  fell    0  err_xy 0.008  std 0.217  lr 1.0e-04  fps   8195  1077.2s
it 3518/4000  reward     nan  ep_len    nan  fell    0  err_xy 0.008  std 0.217  lr 1.0e-04  fps   8164  1077.5s
it 3519/4000  reward     nan  ep_len    nan  fell    0  err_xy 0.008  std 0.217  lr 1.0e-04  fps   8122  1077.7s
it 3520/4000  reward     nan  ep_len    nan  fell    0  err_xy 0.008  std 0.217  lr 1.0e-04  fps   8179  1078.0s
it 3521/4000  reward     nan  ep_len    nan  fell    0  err_xy 0.008  std 0.217  lr 1.0e-04  fps   8221  1078.3s
it 3522/4000  reward     nan  ep_len    nan  fell    0  err_xy 0.008  std 0.217  lr 1.0e-04  fps   8265  1078.6s
it 3523/4000  reward     nan  ep_len    nan  fell    0  err_xy 0.008  std 0.217  lr 1.0e-04  fps   8209  1078.9s
it 3524/4000  reward     nan  ep_len    nan  fell    0  err_xy 0.008  std 0.217  lr 1.0e-04  fps   8267  1079.1s
it 3525/4000  reward     nan  ep_len    nan  fell    0  err_xy 0.008  std 0.217  lr 1.0e-04  fps   8260  1079.4s
it 3526/4000  reward     nan  ep_len    nan  fell    0  err_xy 0.009  std 0.217  lr 1.0e-04  fps   8191  1079.7s
it 3527/4000  reward  165.60  ep_len 1058.0  fell    0  err_xy 0.079  std 0.217  lr 1.0e-04  fps   6701  1080.1s
it 3528/4000  reward     nan  ep_len    nan  fell    0  err_xy 0.269  std 0.217  lr 1.0e-04  fps   8295  1080.3s
it 3529/4000  reward     nan  ep_len    nan  fell    0  err_xy 0.210  std 0.217  lr 1.0e-04  fps   8474  1080.6s
it 3530/4000  reward     nan  ep_len    nan  fell    0  err_xy 0.185  std 0.217  lr 1.0e-04  fps   8406  1080.9s
it 3531/4000  reward     nan  ep_len    nan  fell    0  err_xy 0.189  std 0.217  lr 1.0e-04  fps   7795  1081.2s
it 3532/4000  reward     nan  ep_len    nan  fell    0  err_xy 0.183  std 0.217  lr 1.0e-04  fps   8223  1081.5s
it 3533/4000  reward     nan  ep_len    nan  fell    0  err_xy 0.187  std 0.217  lr 1.0e-04  fps   8290  1081.7s
it 3534/4000  reward     nan  ep_len    nan  fell    0  err_xy 0.159  std 0.217  lr 1.0e-04  fps   8248  1082.0s
it 3535/4000  reward     nan  ep_len    nan  fell    0  err_xy 0.139  std 0.217  lr 1.0e-04  fps   7601  1082.3s
it 3536/4000  reward     nan  ep_len    nan  fell    0  err_xy 0.124  std 0.217  lr 1.0e-04  fps   8162  1082.6s
it 3537/4000  reward     nan  ep_len    nan  fell    0  err_xy 0.128  std 0.217  lr 1.0e-04  fps   8139  1082.9s
it 3538/4000  reward     nan  ep_len    nan  fell    0  err_xy 0.114  std 0.217  lr 1.0e-04  fps   8161  1083.2s
it 3539/4000  reward     nan  ep_len    nan  fell    0  err_xy 0.083  std 0.217  lr 1.0e-04  fps   8120  1083.4s
it 3540/4000  reward     nan  ep_len    nan  fell    0  err_xy 0.081  std 0.217  lr 1.0e-04  fps   8062  1083.7s
it 3541/4000  reward     nan  ep_len    nan  fell    0  err_xy 0.069  std 0.217  lr 1.0e-04  fps   8115  1084.0s
it 3542/4000  reward     nan  ep_len    nan  fell    0  err_xy 0.059  std 0.217  lr 1.0e-04  fps   8065  1084.3s
it 3543/4000  reward     nan  ep_len    nan  fell    0  err_xy 0.049  std 0.217  lr 1.0e-04  fps   8042  1084.6s
it 3544/4000  reward     nan  ep_len    nan  fell    0  err_xy 0.044  std 0.217  lr 1.0e-04  fps   8019  1084.9s
it 3545/4000  reward     nan  ep_len    nan  fell    0  err_xy 0.046  std 0.217  lr 1.0e-04  fps   7889  1085.2s
it 3546/4000  reward     nan  ep_len    nan  fell    0  err_xy 0.038  std 0.217  lr 1.0e-04  fps   7861  1085.5s
it 3547/4000  reward     nan  ep_len    nan  fell    0  err_xy 0.038  std 0.217  lr 1.0e-04  fps   7913  1085.8s
it 3548/4000  reward     nan  ep_len    nan  fell    0  err_xy 0.037  std 0.217  lr 1.0e-04  fps   7655  1086.1s
it 3549/4000  reward     nan  ep_len    nan  fell    0  err_xy 0.039  std 0.217  lr 1.0e-04  fps   7792  1086.4s
it 3550/4000  reward     nan  ep_len    nan  fell    0  err_xy 0.028  std 0.217  lr 1.0e-04  fps   7861  1086.6s
it 3551/4000  reward     nan  ep_len    nan  fell    0  err_xy 0.025  std 0.217  lr 1.0e-04  fps   7859  1086.9s
it 3552/4000  reward     nan  ep_len    nan  fell    0  err_xy 0.025  std 0.217  lr 1.0e-04  fps   7943  1087.2s
it 3553/4000  reward     nan  ep_len    nan  fell    0  err_xy 0.017  std 0.217  lr 1.0e-04  fps   7781  1087.5s
it 3554/4000  reward     nan  ep_len    nan  fell    0  err_xy 0.017  std 0.217  lr 1.0e-04  fps   7799  1087.8s
it 3555/4000  reward     nan  ep_len    nan  fell    0  err_xy 0.019  std 0.217  lr 1.0e-04  fps   7935  1088.1s
it 3556/4000  reward     nan  ep_len    nan  fell    0  err_xy 0.014  std 0.217  lr 1.0e-04  fps   7902  1088.4s
it 3557/4000  reward     nan  ep_len    nan  fell    0  err_xy 0.013  std 0.217  lr 1.0e-04  fps   7909  1088.7s
it 3558/4000  reward     nan  ep_len    nan  fell    0  err_xy 0.014  std 0.217  lr 1.0e-04  fps   7913  1089.0s
it 3559/4000  reward     nan  ep_len    nan  fell    0  err_xy 0.011  std 0.217  lr 1.0e-04  fps   7890  1089.3s
it 3560/4000  reward     nan  ep_len    nan  fell    0  err_xy 0.011  std 0.217  lr 1.0e-04  fps   7973  1089.6s
it 3561/4000  reward     nan  ep_len    nan  fell    0  err_xy 0.011  std 0.217  lr 1.0e-04  fps   7970  1089.9s
it 3562/4000  reward     nan  ep_len    nan  fell    0  err_xy 0.010  std 0.217  lr 1.0e-04  fps   8103  1090.1s
it 3563/4000  reward     nan  ep_len    nan  fell    0  err_xy 0.011  std 0.217  lr 1.0e-04  fps   8076  1090.4s
it 3564/4000  reward     nan  ep_len    nan  fell    0  err_xy 0.009  std 0.217  lr 1.0e-04  fps   8124  1090.7s
it 3565/4000  reward     nan  ep_len    nan  fell    0  err_xy 0.009  std 0.217  lr 1.0e-04  fps   8106  1091.0s
it 3566/4000  reward     nan  ep_len    nan  fell    0  err_xy 0.009  std 0.217  lr 1.0e-04  fps   8066  1091.3s
it 3567/4000  reward     nan  ep_len    nan  fell    0  err_xy 0.009  std 0.217  lr 1.0e-04  fps   8150  1091.6s
it 3568/4000  reward     nan  ep_len    nan  fell    0  err_xy 0.009  std 0.217  lr 1.0e-04  fps   8207  1091.8s
it 3569/4000  reward     nan  ep_len    nan  fell    0  err_xy 0.008  std 0.217  lr 1.0e-04  fps   8274  1092.1s
it 3570/4000  reward     nan  ep_len    nan  fell    0  err_xy 0.009  std 0.217  lr 1.0e-04  fps   8213  1092.4s
it 3571/4000  reward  166.78  ep_len 1058.0  fell    0  err_xy 0.061  std 0.216  lr 1.0e-04  fps   6772  1092.7s
it 3572/4000  reward     nan  ep_len    nan  fell    0  err_xy 0.302  std 0.217  lr 1.0e-04  fps   8422  1093.0s
it 3573/4000  reward     nan  ep_len    nan  fell    0  err_xy 0.219  std 0.217  lr 1.0e-04  fps   8544  1093.3s
it 3574/4000  reward     nan  ep_len    nan  fell    0  err_xy 0.207  std 0.217  lr 1.0e-04  fps   8534  1093.6s
it 3575/4000  reward     nan  ep_len    nan  fell    0  err_xy 0.221  std 0.217  lr 1.0e-04  fps   8398  1093.8s
it 3576/4000  reward     nan  ep_len    nan  fell    0  err_xy 0.223  std 0.217  lr 1.0e-04  fps   8445  1094.1s
it 3577/4000  reward     nan  ep_len    nan  fell    0  err_xy 0.208  std 0.217  lr 1.0e-04  fps   8335  1094.4s
it 3578/4000  reward     nan  ep_len    nan  fell    0  err_xy 0.187  std 0.217  lr 1.0e-04  fps   8304  1094.7s
it 3579/4000  reward     nan  ep_len    nan  fell    0  err_xy 0.176  std 0.217  lr 1.0e-04  fps   8244  1094.9s
it 3580/4000  reward     nan  ep_len    nan  fell    0  err_xy 0.161  std 0.217  lr 1.0e-04  fps   8143  1095.2s
it 3581/4000  reward     nan  ep_len    nan  fell    0  err_xy 0.145  std 0.217  lr 1.0e-04  fps   8096  1095.5s
it 3582/4000  reward     nan  ep_len    nan  fell    0  err_xy 0.134  std 0.217  lr 1.0e-04  fps   8014  1095.8s
it 3583/4000  reward     nan  ep_len    nan  fell    0  err_xy 0.144  std 0.217  lr 1.0e-04  fps   8051  1096.1s
it 3584/4000  reward     nan  ep_len    nan  fell    0  err_xy 0.110  std 0.217  lr 1.0e-04  fps   8010  1096.4s
it 3585/4000  reward     nan  ep_len    nan  fell    0  err_xy 0.101  std 0.217  lr 1.0e-04  fps   7940  1096.7s
it 3586/4000  reward     nan  ep_len    nan  fell    0  err_xy 0.087  std 0.217  lr 1.0e-04  fps   8009  1097.0s
it 3587/4000  reward     nan  ep_len    nan  fell    0  err_xy 0.085  std 0.217  lr 1.0e-04  fps   7172  1097.3s
it 3588/4000  reward     nan  ep_len    nan  fell    0  err_xy 0.065  std 0.217  lr 1.0e-04  fps   7706  1097.6s
it 3589/4000  reward     nan  ep_len    nan  fell    0  err_xy 0.072  std 0.217  lr 1.0e-04  fps   7711  1097.9s
it 3590/4000  reward     nan  ep_len    nan  fell    0  err_xy 0.057  std 0.217  lr 1.0e-04  fps   7652  1098.2s
it 3591/4000  reward     nan  ep_len    nan  fell    0  err_xy 0.042  std 0.217  lr 1.0e-04  fps   7758  1098.5s
it 3592/4000  reward     nan  ep_len    nan  fell    0  err_xy 0.039  std 0.217  lr 1.0e-04  fps   7742  1098.8s
it 3593/4000  reward     nan  ep_len    nan  fell    0  err_xy 0.039  std 0.217  lr 1.0e-04  fps   7699  1099.1s
it 3594/4000  reward     nan  ep_len    nan  fell    0  err_xy 0.043  std 0.217  lr 1.0e-04  fps   7734  1099.4s
it 3595/4000  reward     nan  ep_len    nan  fell    0  err_xy 0.035  std 0.217  lr 1.0e-04  fps   7183  1099.7s
it 3596/4000  reward     nan  ep_len    nan  fell    0  err_xy 0.036  std 0.217  lr 1.0e-04  fps   7691  1100.0s
it 3597/4000  reward     nan  ep_len    nan  fell    0  err_xy 0.030  std 0.217  lr 1.0e-04  fps   7657  1100.3s
it 3598/4000  reward     nan  ep_len    nan  fell    0  err_xy 0.034  std 0.217  lr 1.0e-04  fps   7781  1100.6s
it 3599/4000  reward     nan  ep_len    nan  fell    0  err_xy 0.032  std 0.217  lr 1.0e-04  fps   8080  1100.9s
it 3600/4000  reward     nan  ep_len    nan  fell    0  err_xy 0.033  std 0.217  lr 1.0e-04  fps   8106  1101.2s
eval iteration 3600:
  prone          success   0.0%  time 21.16s  peak_τ 0.95 Nm  return 153.09
  supine         success   0.0%  time 21.16s  peak_τ 0.92 Nm  return 177.54
  score 0.000
it 3601/4000  reward     nan  ep_len    nan  fell    0  err_xy 0.030  std 0.217  lr 1.0e-04  fps   8104  1106.2s
it 3602/4000  reward     nan  ep_len    nan  fell    0  err_xy 0.021  std 0.217  lr 1.0e-04  fps   8307  1106.5s
it 3603/4000  reward     nan  ep_len    nan  fell    0  err_xy 0.021  std 0.217  lr 1.0e-04  fps   8594  1106.7s
it 3604/4000  reward     nan  ep_len    nan  fell    0  err_xy 0.025  std 0.217  lr 1.0e-04  fps   8536  1107.0s
it 3605/4000  reward     nan  ep_len    nan  fell    0  err_xy 0.024  std 0.217  lr 1.0e-04  fps   8541  1107.3s
it 3606/4000  reward     nan  ep_len    nan  fell    0  err_xy 0.022  std 0.217  lr 1.0e-04  fps   8330  1107.5s
it 3607/4000  reward     nan  ep_len    nan  fell    0  err_xy 0.021  std 0.217  lr 1.0e-04  fps   7853  1107.8s
it 3608/4000  reward     nan  ep_len    nan  fell    0  err_xy 0.017  std 0.217  lr 1.0e-04  fps   8534  1108.1s
it 3609/4000  reward     nan  ep_len    nan  fell    0  err_xy 0.017  std 0.217  lr 1.0e-04  fps   8622  1108.4s
it 3610/4000  reward     nan  ep_len    nan  fell    0  err_xy 0.014  std 0.217  lr 1.0e-04  fps   8444  1108.6s
it 3611/4000  reward     nan  ep_len    nan  fell    0  err_xy 0.013  std 0.217  lr 1.0e-04  fps   8489  1108.9s
it 3612/4000  reward     nan  ep_len    nan  fell    0  err_xy 0.013  std 0.217  lr 1.0e-04  fps   8586  1109.2s
it 3613/4000  reward     nan  ep_len    nan  fell    0  err_xy 0.012  std 0.217  lr 1.0e-04  fps   7634  1109.5s
it 3614/4000  reward     nan  ep_len    nan  fell    0  err_xy 0.010  std 0.217  lr 1.0e-04  fps   8664  1109.8s
it 3615/4000  reward  164.61  ep_len 1058.0  fell    0  err_xy 0.040  std 0.217  lr 1.0e-04  fps   7148  1110.1s
it 3616/4000  reward     nan  ep_len    nan  fell    0  err_xy 0.295  std 0.217  lr 1.0e-04  fps   8805  1110.3s
it 3617/4000  reward     nan  ep_len    nan  fell    0  err_xy 0.239  std 0.217  lr 1.0e-04  fps   9018  1110.6s
it 3618/4000  reward     nan  ep_len    nan  fell    0  err_xy 0.208  std 0.217  lr 1.0e-04  fps   8804  1110.9s
it 3619/4000  reward     nan  ep_len    nan  fell    0  err_xy 0.239  std 0.217  lr 1.0e-04  fps   8788  1111.1s
it 3620/4000  reward     nan  ep_len    nan  fell    0  err_xy 0.239  std 0.217  lr 1.0e-04  fps   9015  1111.4s
it 3621/4000  reward     nan  ep_len    nan  fell    0  err_xy 0.226  std 0.217  lr 1.0e-04  fps   9030  1111.6s
it 3622/4000  reward     nan  ep_len    nan  fell    0  err_xy 0.208  std 0.217  lr 1.0e-04  fps   8913  1111.9s
it 3623/4000  reward     nan  ep_len    nan  fell    0  err_xy 0.195  std 0.217  lr 1.0e-04  fps   8786  1112.2s
it 3624/4000  reward     nan  ep_len    nan  fell    0  err_xy 0.173  std 0.217  lr 1.0e-04  fps   8639  1112.4s
it 3625/4000  reward     nan  ep_len    nan  fell    0  err_xy 0.171  std 0.217  lr 1.0e-04  fps   8592  1112.7s
it 3626/4000  reward     nan  ep_len    nan  fell    0  err_xy 0.144  std 0.217  lr 1.0e-04  fps   8721  1113.0s
it 3627/4000  reward     nan  ep_len    nan  fell    0  err_xy 0.137  std 0.217  lr 1.0e-04  fps   8866  1113.2s
it 3628/4000  reward     nan  ep_len    nan  fell    0  err_xy 0.120  std 0.217  lr 1.0e-04  fps   8746  1113.5s
it 3629/4000  reward     nan  ep_len    nan  fell    0  err_xy 0.106  std 0.217  lr 1.0e-04  fps   8237  1113.8s
it 3630/4000  reward     nan  ep_len    nan  fell    0  err_xy 0.095  std 0.217  lr 1.0e-04  fps   8409  1114.0s
it 3631/4000  reward     nan  ep_len    nan  fell    0  err_xy 0.085  std 0.217  lr 1.0e-04  fps   8624  1114.3s
it 3632/4000  reward     nan  ep_len    nan  fell    0  err_xy 0.083  std 0.217  lr 1.0e-04  fps   8649  1114.6s
it 3633/4000  reward     nan  ep_len    nan  fell    0  err_xy 0.083  std 0.217  lr 1.0e-04  fps   8670  1114.8s
it 3634/4000  reward     nan  ep_len    nan  fell    0  err_xy 0.071  std 0.217  lr 1.0e-04  fps   8469  1115.1s
it 3635/4000  reward     nan  ep_len    nan  fell    0  err_xy 0.071  std 0.217  lr 1.0e-04  fps   8294  1115.4s
it 3636/4000  reward     nan  ep_len    nan  fell    0  err_xy 0.063  std 0.217  lr 1.0e-04  fps   8237  1115.7s
it 3637/4000  reward     nan  ep_len    nan  fell    0  err_xy 0.051  std 0.217  lr 1.0e-04  fps   7624  1116.0s
it 3638/4000  reward     nan  ep_len    nan  fell    0  err_xy 0.042  std 0.217  lr 1.0e-04  fps   7703  1116.3s
it 3639/4000  reward     nan  ep_len    nan  fell    0  err_xy 0.044  std 0.217  lr 1.0e-04  fps   8038  1116.5s
it 3640/4000  reward     nan  ep_len    nan  fell    0  err_xy 0.032  std 0.217  lr 1.0e-04  fps   8425  1116.8s
it 3641/4000  reward     nan  ep_len    nan  fell    0  err_xy 0.028  std 0.217  lr 1.0e-04  fps   8381  1117.1s
it 3642/4000  reward     nan  ep_len    nan  fell    0  err_xy 0.024  std 0.217  lr 1.0e-04  fps   8299  1117.4s
it 3643/4000  reward     nan  ep_len    nan  fell    0  err_xy 0.020  std 0.217  lr 1.0e-04  fps   7763  1117.7s
it 3644/4000  reward     nan  ep_len    nan  fell    0  err_xy 0.018  std 0.217  lr 1.0e-04  fps   7814  1118.0s
it 3645/4000  reward     nan  ep_len    nan  fell    0  err_xy 0.013  std 0.217  lr 1.0e-04  fps   8158  1118.3s
it 3646/4000  reward     nan  ep_len    nan  fell    0  err_xy 0.013  std 0.217  lr 1.0e-04  fps   8465  1118.5s
it 3647/4000  reward     nan  ep_len    nan  fell    0  err_xy 0.012  std 0.217  lr 1.0e-04  fps   8510  1118.8s
it 3648/4000  reward     nan  ep_len    nan  fell    0  err_xy 0.012  std 0.216  lr 1.0e-04  fps   8436  1119.1s
it 3649/4000  reward     nan  ep_len    nan  fell    0  err_xy 0.012  std 0.216  lr 1.0e-04  fps   8527  1119.3s
it 3650/4000  reward     nan  ep_len    nan  fell    0  err_xy 0.011  std 0.216  lr 1.0e-04  fps   8189  1119.6s
it 3651/4000  reward     nan  ep_len    nan  fell    0  err_xy 0.012  std 0.216  lr 1.0e-04  fps   7972  1119.9s
it 3652/4000  reward     nan  ep_len    nan  fell    0  err_xy 0.010  std 0.217  lr 1.0e-04  fps   8321  1120.2s
it 3653/4000  reward     nan  ep_len    nan  fell    0  err_xy 0.011  std 0.217  lr 1.0e-04  fps   8519  1120.5s
it 3654/4000  reward     nan  ep_len    nan  fell    0  err_xy 0.012  std 0.217  lr 1.0e-04  fps   8564  1120.7s
it 3655/4000  reward     nan  ep_len    nan  fell    0  err_xy 0.011  std 0.217  lr 1.0e-04  fps   8564  1121.0s
it 3656/4000  reward     nan  ep_len    nan  fell    0  err_xy 0.012  std 0.217  lr 1.0e-04  fps   8360  1121.3s
it 3657/4000  reward     nan  ep_len    nan  fell    0  err_xy 0.011  std 0.217  lr 1.0e-04  fps   8206  1121.6s
it 3658/4000  reward     nan  ep_len    nan  fell    0  err_xy 0.013  std 0.217  lr 1.0e-04  fps   8218  1121.8s
it 3659/4000  reward  165.27  ep_len 1058.0  fell    0  err_xy 0.025  std 0.217  lr 1.0e-04  fps   5519  1122.3s
it 3660/4000  reward     nan  ep_len    nan  fell    0  err_xy 0.288  std 0.217  lr 1.0e-04  fps   8051  1122.5s
it 3661/4000  reward     nan  ep_len    nan  fell    0  err_xy 0.262  std 0.217  lr 1.0e-04  fps   8424  1122.8s
it 3662/4000  reward     nan  ep_len    nan  fell    0  err_xy 0.229  std 0.217  lr 1.0e-04  fps   8669  1123.1s
it 3663/4000  reward     nan  ep_len    nan  fell    0  err_xy 0.222  std 0.217  lr 1.0e-04  fps   8666  1123.3s
it 3664/4000  reward     nan  ep_len    nan  fell    0  err_xy 0.213  std 0.217  lr 1.0e-04  fps   8635  1123.6s
it 3665/4000  reward     nan  ep_len    nan  fell    0  err_xy 0.204  std 0.217  lr 1.0e-04  fps   8545  1123.9s
it 3666/4000  reward     nan  ep_len    nan  fell    0  err_xy 0.183  std 0.217  lr 1.0e-04  fps   8520  1124.2s
it 3667/4000  reward     nan  ep_len    nan  fell    0  err_xy 0.161  std 0.217  lr 1.0e-04  fps   8440  1124.4s
it 3668/4000  reward     nan  ep_len    nan  fell    0  err_xy 0.141  std 0.217  lr 1.0e-04  fps   8025  1124.7s
it 3669/4000  reward     nan  ep_len    nan  fell    0  err_xy 0.122  std 0.217  lr 1.0e-04  fps   8469  1125.0s
it 3670/4000  reward     nan  ep_len    nan  fell    0  err_xy 0.105  std 0.217  lr 1.0e-04  fps   8577  1125.3s
it 3671/4000  reward     nan  ep_len    nan  fell    0  err_xy 0.121  std 0.217  lr 1.0e-04  fps   8429  1125.5s
it 3672/4000  reward     nan  ep_len    nan  fell    0  err_xy 0.107  std 0.217  lr 1.0e-04  fps   7916  1125.8s
it 3673/4000  reward     nan  ep_len    nan  fell    0  err_xy 0.098  std 0.217  lr 1.0e-04  fps   7280  1126.1s
it 3674/4000  reward     nan  ep_len    nan  fell    0  err_xy 0.102  std 0.217  lr 1.0e-04  fps   8075  1126.4s
it 3675/4000  reward     nan  ep_len    nan  fell    0  err_xy 0.089  std 0.217  lr 1.0e-04  fps   8341  1126.7s
it 3676/4000  reward     nan  ep_len    nan  fell    0  err_xy 0.080  std 0.217  lr 1.0e-04  fps   8448  1127.0s
it 3677/4000  reward     nan  ep_len    nan  fell    0  err_xy 0.068  std 0.217  lr 1.0e-04  fps   8297  1127.2s
it 3678/4000  reward     nan  ep_len    nan  fell    0  err_xy 0.070  std 0.217  lr 1.0e-04  fps   8551  1127.5s
it 3679/4000  reward     nan  ep_len    nan  fell    0  err_xy 0.070  std 0.217  lr 1.0e-04  fps   8525  1127.8s
it 3680/4000  reward     nan  ep_len    nan  fell    0  err_xy 0.064  std 0.217  lr 1.0e-04  fps   8612  1128.1s
it 3681/4000  reward     nan  ep_len    nan  fell    0  err_xy 0.054  std 0.217  lr 1.0e-04  fps   8535  1128.3s
it 3682/4000  reward     nan  ep_len    nan  fell    0  err_xy 0.056  std 0.217  lr 1.0e-04  fps   8619  1128.6s
it 3683/4000  reward     nan  ep_len    nan  fell    0  err_xy 0.048  std 0.217  lr 1.0e-04  fps   8468  1128.9s
it 3684/4000  reward     nan  ep_len    nan  fell    0  err_xy 0.042  std 0.217  lr 1.0e-04  fps   7899  1129.2s
it 3685/4000  reward     nan  ep_len    nan  fell    0  err_xy 0.042  std 0.217  lr 1.0e-04  fps   7648  1129.5s
it 3686/4000  reward     nan  ep_len    nan  fell    0  err_xy 0.040  std 0.217  lr 1.0e-04  fps   8254  1129.7s
it 3687/4000  reward     nan  ep_len    nan  fell    0  err_xy 0.047  std 0.217  lr 1.0e-04  fps   8492  1130.0s
it 3688/4000  reward     nan  ep_len    nan  fell    0  err_xy 0.042  std 0.217  lr 1.0e-04  fps   8477  1130.3s
it 3689/4000  reward     nan  ep_len    nan  fell    0  err_xy 0.046  std 0.217  lr 1.0e-04  fps   8480  1130.6s
it 3690/4000  reward     nan  ep_len    nan  fell    0  err_xy 0.042  std 0.217  lr 1.0e-04  fps   8414  1130.8s
it 3691/4000  reward     nan  ep_len    nan  fell    0  err_xy 0.041  std 0.217  lr 1.0e-04  fps   8044  1131.1s
it 3692/4000  reward     nan  ep_len    nan  fell    0  err_xy 0.037  std 0.217  lr 1.0e-04  fps   6774  1131.5s
it 3693/4000  reward     nan  ep_len    nan  fell    0  err_xy 0.037  std 0.217  lr 1.0e-04  fps   7852  1131.8s
it 3694/4000  reward     nan  ep_len    nan  fell    0  err_xy 0.035  std 0.217  lr 1.0e-04  fps   8272  1132.0s
it 3695/4000  reward     nan  ep_len    nan  fell    0  err_xy 0.035  std 0.217  lr 1.0e-04  fps   8113  1132.3s
it 3696/4000  reward     nan  ep_len    nan  fell    0  err_xy 0.030  std 0.217  lr 1.0e-04  fps   8010  1132.6s
it 3697/4000  reward     nan  ep_len    nan  fell    0  err_xy 0.034  std 0.217  lr 1.0e-04  fps   8363  1132.9s
it 3698/4000  reward     nan  ep_len    nan  fell    0  err_xy 0.038  std 0.217  lr 1.0e-04  fps   6844  1133.2s
it 3699/4000  reward     nan  ep_len    nan  fell    0  err_xy 0.036  std 0.217  lr 1.0e-04  fps   8349  1133.5s
it 3700/4000  reward     nan  ep_len    nan  fell    0  err_xy 0.041  std 0.217  lr 1.0e-04  fps   8611  1133.8s
it 3701/4000  reward     nan  ep_len    nan  fell    0  err_xy 0.036  std 0.217  lr 1.0e-04  fps   8498  1134.0s
it 3702/4000  reward     nan  ep_len    nan  fell    0  err_xy 0.030  std 0.217  lr 1.0e-04  fps   8557  1134.3s
it 3703/4000  reward  155.44  ep_len 1058.0  fell    0  err_xy 0.031  std 0.217  lr 1.0e-04  fps   7019  1134.6s
it 3704/4000  reward     nan  ep_len    nan  fell    0  err_xy 0.277  std 0.217  lr 1.0e-04  fps   8821  1134.9s
it 3705/4000  reward     nan  ep_len    nan  fell    0  err_xy 0.258  std 0.217  lr 1.0e-04  fps   8751  1135.2s
it 3706/4000  reward     nan  ep_len    nan  fell    0  err_xy 0.209  std 0.217  lr 1.0e-04  fps   8890  1135.4s
it 3707/4000  reward     nan  ep_len    nan  fell    0  err_xy 0.207  std 0.217  lr 1.0e-04  fps   8579  1135.7s
it 3708/4000  reward     nan  ep_len    nan  fell    0  err_xy 0.205  std 0.217  lr 1.0e-04  fps   8453  1136.0s
it 3709/4000  reward     nan  ep_len    nan  fell    0  err_xy 0.199  std 0.217  lr 1.0e-04  fps   8706  1136.2s
it 3710/4000  reward     nan  ep_len    nan  fell    0  err_xy 0.198  std 0.217  lr 1.0e-04  fps   8829  1136.5s
it 3711/4000  reward     nan  ep_len    nan  fell    0  err_xy 0.192  std 0.217  lr 1.0e-04  fps   8850  1136.7s
it 3712/4000  reward     nan  ep_len    nan  fell    0  err_xy 0.173  std 0.217  lr 1.0e-04  fps   8469  1137.0s
it 3713/4000  reward     nan  ep_len    nan  fell    0  err_xy 0.173  std 0.217  lr 1.0e-04  fps   8017  1137.3s
it 3714/4000  reward     nan  ep_len    nan  fell    0  err_xy 0.134  std 0.217  lr 1.0e-04  fps   8370  1137.6s
it 3715/4000  reward     nan  ep_len    nan  fell    0  err_xy 0.120  std 0.217  lr 1.0e-04  fps   8475  1137.9s
it 3716/4000  reward     nan  ep_len    nan  fell    0  err_xy 0.115  std 0.217  lr 1.0e-04  fps   8354  1138.1s
it 3717/4000  reward     nan  ep_len    nan  fell    0  err_xy 0.101  std 0.217  lr 1.0e-04  fps   7195  1138.4s
it 3718/4000  reward     nan  ep_len    nan  fell    0  err_xy 0.104  std 0.217  lr 1.0e-04  fps   8292  1138.7s
it 3719/4000  reward     nan  ep_len    nan  fell    0  err_xy 0.097  std 0.217  lr 1.0e-04  fps   8512  1139.0s
it 3720/4000  reward     nan  ep_len    nan  fell    0  err_xy 0.096  std 0.217  lr 1.0e-04  fps   8501  1139.3s
it 3721/4000  reward     nan  ep_len    nan  fell    0  err_xy 0.087  std 0.217  lr 1.0e-04  fps   8527  1139.5s
it 3722/4000  reward     nan  ep_len    nan  fell    0  err_xy 0.082  std 0.217  lr 1.0e-04  fps   8456  1139.8s
it 3723/4000  reward     nan  ep_len    nan  fell    0  err_xy 0.076  std 0.217  lr 1.0e-04  fps   8375  1140.1s
it 3724/4000  reward     nan  ep_len    nan  fell    0  err_xy 0.062  std 0.217  lr 1.0e-04  fps   7957  1140.4s
it 3725/4000  reward     nan  ep_len    nan  fell    0  err_xy 0.060  std 0.217  lr 1.0e-04  fps   8050  1140.7s
it 3726/4000  reward     nan  ep_len    nan  fell    0  err_xy 0.058  std 0.217  lr 1.0e-04  fps   8069  1141.0s
it 3727/4000  reward     nan  ep_len    nan  fell    0  err_xy 0.055  std 0.217  lr 1.0e-04  fps   8086  1141.2s
it 3728/4000  reward     nan  ep_len    nan  fell    0  err_xy 0.051  std 0.217  lr 1.0e-04  fps   7104  1141.6s
it 3729/4000  reward     nan  ep_len    nan  fell    0  err_xy 0.042  std 0.217  lr 1.0e-04  fps   7206  1141.9s
it 3730/4000  reward     nan  ep_len    nan  fell    0  err_xy 0.037  std 0.217  lr 1.0e-04  fps   7646  1142.2s
it 3731/4000  reward     nan  ep_len    nan  fell    0  err_xy 0.052  std 0.217  lr 1.0e-04  fps   7967  1142.5s
it 3732/4000  reward     nan  ep_len    nan  fell    0  err_xy 0.038  std 0.217  lr 1.0e-04  fps   8173  1142.8s
it 3733/4000  reward     nan  ep_len    nan  fell    0  err_xy 0.034  std 0.217  lr 1.0e-04  fps   8256  1143.0s
it 3734/4000  reward     nan  ep_len    nan  fell    0  err_xy 0.029  std 0.217  lr 1.0e-04  fps   8032  1143.3s
it 3735/4000  reward     nan  ep_len    nan  fell    0  err_xy 0.032  std 0.217  lr 1.0e-04  fps   7731  1143.6s
it 3736/4000  reward     nan  ep_len    nan  fell    0  err_xy 0.033  std 0.217  lr 1.0e-04  fps   8005  1143.9s
it 3737/4000  reward     nan  ep_len    nan  fell    0  err_xy 0.028  std 0.217  lr 1.0e-04  fps   8226  1144.2s
it 3738/4000  reward     nan  ep_len    nan  fell    0  err_xy 0.023  std 0.217  lr 1.0e-04  fps   8128  1144.5s
it 3739/4000  reward     nan  ep_len    nan  fell    0  err_xy 0.018  std 0.217  lr 1.0e-04  fps   8247  1144.8s
it 3740/4000  reward     nan  ep_len    nan  fell    0  err_xy 0.015  std 0.217  lr 1.0e-04  fps   8206  1145.0s
it 3741/4000  reward     nan  ep_len    nan  fell    0  err_xy 0.020  std 0.217  lr 1.0e-04  fps   8236  1145.3s
it 3742/4000  reward     nan  ep_len    nan  fell    0  err_xy 0.018  std 0.217  lr 1.0e-04  fps   8262  1145.6s
it 3743/4000  reward     nan  ep_len    nan  fell    0  err_xy 0.017  std 0.217  lr 1.0e-04  fps   8340  1145.9s
it 3744/4000  reward     nan  ep_len    nan  fell    0  err_xy 0.018  std 0.217  lr 1.0e-04  fps   8137  1146.2s
it 3745/4000  reward     nan  ep_len    nan  fell    0  err_xy 0.019  std 0.217  lr 1.0e-04  fps   8199  1146.4s
it 3746/4000  reward     nan  ep_len    nan  fell    0  err_xy 0.016  std 0.217  lr 1.0e-04  fps   8349  1146.7s
it 3747/4000  reward     nan  ep_len    nan  fell    0  err_xy 0.017  std 0.217  lr 1.0e-04  fps   8407  1147.0s
it 3748/4000  reward  155.10  ep_len 1058.0  fell    0  err_xy 0.245  std 0.217  lr 1.0e-04  fps   6830  1147.3s
it 3749/4000  reward     nan  ep_len    nan  fell    0  err_xy 0.244  std 0.217  lr 1.0e-04  fps   7073  1147.6s
it 3750/4000  reward     nan  ep_len    nan  fell    0  err_xy 0.190  std 0.217  lr 1.0e-04  fps   7867  1147.9s
it 3751/4000  reward     nan  ep_len    nan  fell    0  err_xy 0.182  std 0.217  lr 1.0e-04  fps   7761  1148.2s
it 3752/4000  reward     nan  ep_len    nan  fell    0  err_xy 0.163  std 0.217  lr 1.0e-04  fps   5524  1148.7s
it 3753/4000  reward     nan  ep_len    nan  fell    0  err_xy 0.171  std 0.217  lr 1.0e-04  fps   3820  1149.3s
it 3754/4000  reward     nan  ep_len    nan  fell    0  err_xy 0.162  std 0.217  lr 1.0e-04  fps   4074  1149.8s
it 3755/4000  reward     nan  ep_len    nan  fell    0  err_xy 0.143  std 0.217  lr 1.0e-04  fps   6284  1150.2s
it 3756/4000  reward     nan  ep_len    nan  fell    0  err_xy 0.127  std 0.217  lr 1.0e-04  fps   7103  1150.5s
it 3757/4000  reward     nan  ep_len    nan  fell    0  err_xy 0.120  std 0.217  lr 1.0e-04  fps   6000  1150.9s
it 3758/4000  reward     nan  ep_len    nan  fell    0  err_xy 0.116  std 0.217  lr 1.0e-04  fps   5818  1151.3s
it 3759/4000  reward     nan  ep_len    nan  fell    0  err_xy 0.120  std 0.217  lr 1.0e-04  fps   5326  1151.7s
it 3760/4000  reward     nan  ep_len    nan  fell    0  err_xy 0.095  std 0.217  lr 1.0e-04  fps   5502  1152.1s
it 3761/4000  reward     nan  ep_len    nan  fell    0  err_xy 0.089  std 0.217  lr 1.0e-04  fps   5401  1152.6s
it 3762/4000  reward     nan  ep_len    nan  fell    0  err_xy 0.089  std 0.217  lr 1.0e-04  fps   5353  1153.0s
it 3763/4000  reward     nan  ep_len    nan  fell    0  err_xy 0.088  std 0.217  lr 1.0e-04  fps   4503  1153.5s
it 3764/4000  reward     nan  ep_len    nan  fell    0  err_xy 0.085  std 0.217  lr 1.0e-04  fps   5243  1154.0s
it 3765/4000  reward     nan  ep_len    nan  fell    0  err_xy 0.092  std 0.217  lr 1.0e-04  fps   5230  1154.4s
it 3766/4000  reward     nan  ep_len    nan  fell    0  err_xy 0.087  std 0.217  lr 1.0e-04  fps   5343  1154.8s
it 3767/4000  reward     nan  ep_len    nan  fell    0  err_xy 0.089  std 0.217  lr 1.0e-04  fps   5322  1155.3s
it 3768/4000  reward     nan  ep_len    nan  fell    0  err_xy 0.074  std 0.217  lr 1.0e-04  fps   5150  1155.7s
it 3769/4000  reward     nan  ep_len    nan  fell    0  err_xy 0.069  std 0.217  lr 1.0e-04  fps   5330  1156.1s
it 3770/4000  reward     nan  ep_len    nan  fell    0  err_xy 0.074  std 0.217  lr 1.0e-04  fps   5297  1156.6s
it 3771/4000  reward     nan  ep_len    nan  fell    0  err_xy 0.062  std 0.217  lr 1.0e-04  fps   5202  1157.0s
it 3772/4000  reward     nan  ep_len    nan  fell    0  err_xy 0.066  std 0.217  lr 1.0e-04  fps   5425  1157.5s
it 3773/4000  reward     nan  ep_len    nan  fell    0  err_xy 0.086  std 0.217  lr 1.0e-04  fps   5316  1157.9s
it 3774/4000  reward     nan  ep_len    nan  fell    0  err_xy 0.084  std 0.217  lr 1.0e-04  fps   5505  1158.3s
it 3775/4000  reward     nan  ep_len    nan  fell    0  err_xy 0.065  std 0.217  lr 1.0e-04  fps   5309  1158.7s
it 3776/4000  reward     nan  ep_len    nan  fell    0  err_xy 0.053  std 0.217  lr 1.0e-04  fps   5384  1159.2s
it 3777/4000  reward     nan  ep_len    nan  fell    0  err_xy 0.051  std 0.217  lr 1.0e-04  fps   5392  1159.6s
it 3778/4000  reward     nan  ep_len    nan  fell    0  err_xy 0.052  std 0.217  lr 1.0e-04  fps   5572  1160.0s
it 3779/4000  reward     nan  ep_len    nan  fell    0  err_xy 0.046  std 0.217  lr 1.0e-04  fps   5561  1160.4s
it 3780/4000  reward     nan  ep_len    nan  fell    0  err_xy 0.043  std 0.217  lr 1.0e-04  fps   5569  1160.8s
it 3781/4000  reward     nan  ep_len    nan  fell    0  err_xy 0.044  std 0.217  lr 1.0e-04  fps   5562  1161.3s
it 3782/4000  reward     nan  ep_len    nan  fell    0  err_xy 0.043  std 0.217  lr 1.0e-04  fps   5222  1161.7s
it 3783/4000  reward     nan  ep_len    nan  fell    0  err_xy 0.041  std 0.217  lr 1.0e-04  fps   5594  1162.1s
it 3784/4000  reward     nan  ep_len    nan  fell    0  err_xy 0.044  std 0.217  lr 1.0e-04  fps   5318  1162.5s
it 3785/4000  reward     nan  ep_len    nan  fell    0  err_xy 0.042  std 0.217  lr 1.0e-04  fps   5650  1162.9s
it 3786/4000  reward     nan  ep_len    nan  fell    0  err_xy 0.049  std 0.217  lr 1.0e-04  fps   5702  1163.4s
it 3787/4000  reward     nan  ep_len    nan  fell    0  err_xy 0.053  std 0.217  lr 1.0e-04  fps   5664  1163.8s
it 3788/4000  reward     nan  ep_len    nan  fell    0  err_xy 0.059  std 0.217  lr 1.0e-04  fps   5746  1164.2s
it 3789/4000  reward     nan  ep_len    nan  fell    0  err_xy 0.079  std 0.217  lr 1.0e-04  fps   5829  1164.6s
it 3790/4000  reward     nan  ep_len    nan  fell    0  err_xy 0.072  std 0.217  lr 1.0e-04  fps   5427  1165.0s
it 3791/4000  reward     nan  ep_len    nan  fell    0  err_xy 0.067  std 0.217  lr 1.0e-04  fps   5902  1165.4s
it 3792/4000  reward  144.70  ep_len 1058.0  fell    0  err_xy 0.205  std 0.217  lr 1.0e-04  fps   4833  1165.8s
it 3793/4000  reward     nan  ep_len    nan  fell    0  err_xy 0.247  std 0.217  lr 1.0e-04  fps   5627  1166.3s
it 3794/4000  reward     nan  ep_len    nan  fell    0  err_xy 0.216  std 0.217  lr 1.0e-04  fps   5862  1166.7s
it 3795/4000  reward     nan  ep_len    nan  fell    0  err_xy 0.213  std 0.217  lr 1.0e-04  fps   5519  1167.1s
it 3796/4000  reward     nan  ep_len    nan  fell    0  err_xy 0.206  std 0.217  lr 1.0e-04  fps   5852  1167.5s
it 3797/4000  reward     nan  ep_len    nan  fell    0  err_xy 0.200  std 0.217  lr 1.0e-04  fps   5754  1167.9s
it 3798/4000  reward     nan  ep_len    nan  fell    0  err_xy 0.176  std 0.217  lr 1.0e-04  fps   5795  1168.3s
it 3799/4000  reward     nan  ep_len    nan  fell    0  err_xy 0.168  std 0.217  lr 1.0e-04  fps   5686  1168.7s
it 3800/4000  reward     nan  ep_len    nan  fell    0  err_xy 0.135  std 0.217  lr 1.0e-04  fps   5404  1169.1s
eval iteration 3800:
  prone          success   0.0%  time 21.16s  peak_τ 0.96 Nm  return 187.08
  supine         success   0.0%  time 21.16s  peak_τ 0.95 Nm  return 177.55
  score 0.000
it 3801/4000  reward     nan  ep_len    nan  fell    0  err_xy 0.118  std 0.217  lr 1.0e-04  fps   6177  1175.7s
it 3802/4000  reward     nan  ep_len    nan  fell    0  err_xy 0.115  std 0.217  lr 1.0e-04  fps   5613  1176.1s
it 3803/4000  reward     nan  ep_len    nan  fell    0  err_xy 0.094  std 0.217  lr 1.0e-04  fps   5530  1176.5s
it 3804/4000  reward     nan  ep_len    nan  fell    0  err_xy 0.085  std 0.217  lr 1.0e-04  fps   5533  1176.9s
it 3805/4000  reward     nan  ep_len    nan  fell    0  err_xy 0.083  std 0.217  lr 1.0e-04  fps   5624  1177.3s
it 3806/4000  reward     nan  ep_len    nan  fell    0  err_xy 0.069  std 0.217  lr 1.0e-04  fps   5362  1177.8s
it 3807/4000  reward     nan  ep_len    nan  fell    0  err_xy 0.057  std 0.217  lr 1.0e-04  fps   5597  1178.2s
it 3808/4000  reward     nan  ep_len    nan  fell    0  err_xy 0.048  std 0.217  lr 1.0e-04  fps   5555  1178.6s
it 3809/4000  reward     nan  ep_len    nan  fell    0  err_xy 0.051  std 0.217  lr 1.0e-04  fps   5467  1179.0s
it 3810/4000  reward     nan  ep_len    nan  fell    0  err_xy 0.042  std 0.217  lr 1.0e-04  fps   5577  1179.4s
it 3811/4000  reward     nan  ep_len    nan  fell    0  err_xy 0.046  std 0.217  lr 1.0e-04  fps   5457  1179.8s
it 3812/4000  reward     nan  ep_len    nan  fell    0  err_xy 0.041  std 0.217  lr 1.0e-04  fps   5302  1180.3s
it 3813/4000  reward     nan  ep_len    nan  fell    0  err_xy 0.036  std 0.217  lr 1.0e-04  fps   5452  1180.7s
it 3814/4000  reward     nan  ep_len    nan  fell    0  err_xy 0.037  std 0.217  lr 1.0e-04  fps   5540  1181.1s
it 3815/4000  reward     nan  ep_len    nan  fell    0  err_xy 0.036  std 0.217  lr 1.0e-04  fps   5636  1181.5s
it 3816/4000  reward     nan  ep_len    nan  fell    0  err_xy 0.032  std 0.217  lr 1.0e-04  fps   5438  1182.0s
it 3817/4000  reward     nan  ep_len    nan  fell    0  err_xy 0.032  std 0.217  lr 1.0e-04  fps   5478  1182.4s
it 3818/4000  reward     nan  ep_len    nan  fell    0  err_xy 0.032  std 0.217  lr 1.0e-04  fps   5688  1182.8s
it 3819/4000  reward     nan  ep_len    nan  fell    0  err_xy 0.028  std 0.217  lr 1.0e-04  fps   5605  1183.2s
it 3820/4000  reward     nan  ep_len    nan  fell    0  err_xy 0.028  std 0.217  lr 1.0e-04  fps   5579  1183.6s
it 3821/4000  reward     nan  ep_len    nan  fell    0  err_xy 0.028  std 0.217  lr 1.0e-04  fps   5409  1184.0s
it 3822/4000  reward     nan  ep_len    nan  fell    0  err_xy 0.029  std 0.217  lr 1.0e-04  fps   5442  1184.5s
it 3823/4000  reward     nan  ep_len    nan  fell    0  err_xy 0.023  std 0.217  lr 1.0e-04  fps   5625  1184.9s
it 3824/4000  reward     nan  ep_len    nan  fell    0  err_xy 0.026  std 0.217  lr 1.0e-04  fps   5387  1185.3s
it 3825/4000  reward     nan  ep_len    nan  fell    0  err_xy 0.021  std 0.217  lr 1.0e-04  fps   5662  1185.7s
it 3826/4000  reward     nan  ep_len    nan  fell    0  err_xy 0.021  std 0.217  lr 1.0e-04  fps   5550  1186.1s
it 3827/4000  reward     nan  ep_len    nan  fell    0  err_xy 0.022  std 0.217  lr 1.0e-04  fps   5490  1186.5s
it 3828/4000  reward     nan  ep_len    nan  fell    0  err_xy 0.021  std 0.217  lr 1.0e-04  fps   5484  1187.0s
it 3829/4000  reward     nan  ep_len    nan  fell    0  err_xy 0.042  std 0.217  lr 1.0e-04  fps   5595  1187.4s
it 3830/4000  reward     nan  ep_len    nan  fell    0  err_xy 0.073  std 0.217  lr 1.0e-04  fps   5517  1187.8s
it 3831/4000  reward     nan  ep_len    nan  fell    0  err_xy 0.078  std 0.217  lr 1.0e-04  fps   5708  1188.2s
it 3832/4000  reward     nan  ep_len    nan  fell    0  err_xy 0.087  std 0.217  lr 1.0e-04  fps   5456  1188.6s
it 3833/4000  reward     nan  ep_len    nan  fell    0  err_xy 0.083  std 0.217  lr 1.0e-04  fps   5103  1189.1s
it 3834/4000  reward     nan  ep_len    nan  fell    0  err_xy 0.090  std 0.217  lr 1.0e-04  fps   4900  1189.5s
it 3835/4000  reward     nan  ep_len    nan  fell    0  err_xy 0.084  std 0.217  lr 1.0e-04  fps   5528  1190.0s
it 3836/4000  reward  159.61  ep_len 1058.0  fell    0  err_xy 0.204  std 0.217  lr 1.0e-04  fps   4248  1190.5s
it 3837/4000  reward     nan  ep_len    nan  fell    0  err_xy 0.245  std 0.217  lr 1.0e-04  fps   5178  1190.9s
it 3838/4000  reward     nan  ep_len    nan  fell    0  err_xy 0.189  std 0.217  lr 1.0e-04  fps   5037  1191.4s
it 3839/4000  reward     nan  ep_len    nan  fell    0  err_xy 0.188  std 0.217  lr 1.0e-04  fps   5884  1191.8s
it 3840/4000  reward     nan  ep_len    nan  fell    0  err_xy 0.212  std 0.217  lr 1.0e-04  fps   4917  1192.3s
it 3841/4000  reward     nan  ep_len    nan  fell    0  err_xy 0.203  std 0.217  lr 1.0e-04  fps   5360  1192.7s
it 3842/4000  reward     nan  ep_len    nan  fell    0  err_xy 0.177  std 0.217  lr 1.0e-04  fps   5803  1193.1s
it 3843/4000  reward     nan  ep_len    nan  fell    0  err_xy 0.152  std 0.217  lr 1.0e-04  fps   5621  1193.5s
it 3844/4000  reward     nan  ep_len    nan  fell    0  err_xy 0.134  std 0.217  lr 1.0e-04  fps   4887  1194.0s
it 3845/4000  reward     nan  ep_len    nan  fell    0  err_xy 0.130  std 0.217  lr 1.0e-04  fps   4995  1194.4s
it 3846/4000  reward     nan  ep_len    nan  fell    0  err_xy 0.105  std 0.217  lr 1.0e-04  fps   5116  1194.9s
it 3847/4000  reward     nan  ep_len    nan  fell    0  err_xy 0.108  std 0.217  lr 1.0e-04  fps   5425  1195.3s
it 3848/4000  reward     nan  ep_len    nan  fell    0  err_xy 0.095  std 0.217  lr 1.0e-04  fps   5434  1195.7s
it 3849/4000  reward     nan  ep_len    nan  fell    0  err_xy 0.077  std 0.217  lr 1.0e-04  fps   4823  1196.2s
it 3850/4000  reward     nan  ep_len    nan  fell    0  err_xy 0.067  std 0.217  lr 1.0e-04  fps   4706  1196.7s
it 3851/4000  reward     nan  ep_len    nan  fell    0  err_xy 0.057  std 0.217  lr 1.0e-04  fps   4963  1197.2s
it 3852/4000  reward     nan  ep_len    nan  fell    0  err_xy 0.049  std 0.216  lr 1.0e-04  fps   4846  1197.6s
it 3853/4000  reward     nan  ep_len    nan  fell    0  err_xy 0.043  std 0.216  lr 1.0e-04  fps   5183  1198.1s
it 3854/4000  reward     nan  ep_len    nan  fell    0  err_xy 0.051  std 0.216  lr 1.0e-04  fps   4697  1198.6s
it 3855/4000  reward     nan  ep_len    nan  fell    0  err_xy 0.052  std 0.216  lr 1.0e-04  fps   4598  1199.1s
it 3856/4000  reward     nan  ep_len    nan  fell    0  err_xy 0.045  std 0.216  lr 1.0e-04  fps   4805  1199.6s
it 3857/4000  reward     nan  ep_len    nan  fell    0  err_xy 0.046  std 0.216  lr 1.0e-04  fps   4666  1200.1s
it 3858/4000  reward     nan  ep_len    nan  fell    0  err_xy 0.046  std 0.216  lr 1.0e-04  fps   4705  1200.5s
it 3859/4000  reward     nan  ep_len    nan  fell    0  err_xy 0.050  std 0.216  lr 1.0e-04  fps   4900  1201.0s
it 3860/4000  reward     nan  ep_len    nan  fell    0  err_xy 0.039  std 0.217  lr 1.0e-04  fps   5014  1201.5s
it 3861/4000  reward     nan  ep_len    nan  fell    0  err_xy 0.034  std 0.217  lr 1.0e-04  fps   5225  1201.9s
it 3862/4000  reward     nan  ep_len    nan  fell    0  err_xy 0.034  std 0.217  lr 1.0e-04  fps   5259  1202.4s
it 3863/4000  reward     nan  ep_len    nan  fell    0  err_xy 0.032  std 0.217  lr 1.0e-04  fps   4291  1202.9s
it 3864/4000  reward     nan  ep_len    nan  fell    0  err_xy 0.035  std 0.217  lr 1.0e-04  fps   4728  1203.4s
it 3865/4000  reward     nan  ep_len    nan  fell    0  err_xy 0.033  std 0.217  lr 1.0e-04  fps   5460  1203.8s
it 3866/4000  reward     nan  ep_len    nan  fell    0  err_xy 0.034  std 0.217  lr 1.0e-04  fps   5533  1204.2s
it 3867/4000  reward     nan  ep_len    nan  fell    0  err_xy 0.031  std 0.217  lr 1.0e-04  fps   5445  1204.6s
it 3868/4000  reward     nan  ep_len    nan  fell    0  err_xy 0.033  std 0.217  lr 1.0e-04  fps   5348  1205.1s
it 3869/4000  reward     nan  ep_len    nan  fell    0  err_xy 0.034  std 0.217  lr 1.0e-04  fps   4925  1205.5s
it 3870/4000  reward     nan  ep_len    nan  fell    0  err_xy 0.032  std 0.217  lr 1.0e-04  fps   5095  1206.0s
it 3871/4000  reward     nan  ep_len    nan  fell    0  err_xy 0.026  std 0.217  lr 1.0e-04  fps   5524  1206.4s
it 3872/4000  reward     nan  ep_len    nan  fell    0  err_xy 0.026  std 0.217  lr 1.0e-04  fps   5232  1206.9s
it 3873/4000  reward     nan  ep_len    nan  fell    0  err_xy 0.024  std 0.217  lr 1.0e-04  fps   5693  1207.3s
it 3874/4000  reward     nan  ep_len    nan  fell    0  err_xy 0.027  std 0.217  lr 1.0e-04  fps   5715  1207.7s
it 3875/4000  reward     nan  ep_len    nan  fell    0  err_xy 0.025  std 0.217  lr 1.0e-04  fps   5691  1208.1s
it 3876/4000  reward     nan  ep_len    nan  fell    0  err_xy 0.028  std 0.217  lr 1.0e-04  fps   6077  1208.4s
it 3877/4000  reward     nan  ep_len    nan  fell    0  err_xy 0.032  std 0.217  lr 1.0e-04  fps   5794  1208.8s
it 3878/4000  reward     nan  ep_len    nan  fell    0  err_xy 0.045  std 0.217  lr 1.0e-04  fps   5792  1209.2s
it 3879/4000  reward     nan  ep_len    nan  fell    0  err_xy 0.061  std 0.217  lr 1.0e-04  fps   5677  1209.6s
it 3880/4000  reward  157.45  ep_len 1058.0  fell    0  err_xy 0.175  std 0.217  lr 1.0e-04  fps   4690  1210.1s
it 3881/4000  reward     nan  ep_len    nan  fell    0  err_xy 0.262  std 0.217  lr 1.0e-04  fps   5704  1210.5s
it 3882/4000  reward     nan  ep_len    nan  fell    0  err_xy 0.200  std 0.217  lr 1.0e-04  fps   5480  1211.0s
it 3883/4000  reward     nan  ep_len    nan  fell    0  err_xy 0.203  std 0.217  lr 1.0e-04  fps   5706  1211.4s
it 3884/4000  reward     nan  ep_len    nan  fell    0  err_xy 0.221  std 0.217  lr 1.0e-04  fps   5592  1211.8s
it 3885/4000  reward     nan  ep_len    nan  fell    0  err_xy 0.196  std 0.217  lr 1.0e-04  fps   5782  1212.2s
it 3886/4000  reward     nan  ep_len    nan  fell    0  err_xy 0.189  std 0.217  lr 1.0e-04  fps   5671  1212.6s
it 3887/4000  reward     nan  ep_len    nan  fell    0  err_xy 0.196  std 0.217  lr 1.0e-04  fps   4790  1213.1s
it 3888/4000  reward     nan  ep_len    nan  fell    0  err_xy 0.167  std 0.217  lr 1.0e-04  fps   4653  1213.6s
it 3889/4000  reward     nan  ep_len    nan  fell    0  err_xy 0.159  std 0.217  lr 1.0e-04  fps   4760  1214.0s
it 3890/4000  reward     nan  ep_len    nan  fell    0  err_xy 0.141  std 0.217  lr 1.0e-04  fps   5157  1214.5s
it 3891/4000  reward     nan  ep_len    nan  fell    0  err_xy 0.132  std 0.217  lr 1.0e-04  fps   5596  1214.9s
it 3892/4000  reward     nan  ep_len    nan  fell    0  err_xy 0.116  std 0.217  lr 1.0e-04  fps   5566  1215.3s
it 3893/4000  reward     nan  ep_len    nan  fell    0  err_xy 0.106  std 0.217  lr 1.0e-04  fps   5385  1215.8s
it 3894/4000  reward     nan  ep_len    nan  fell    0  err_xy 0.090  std 0.217  lr 1.0e-04  fps   5658  1216.2s
it 3895/4000  reward     nan  ep_len    nan  fell    0  err_xy 0.084  std 0.217  lr 1.0e-04  fps   5610  1216.6s
it 3896/4000  reward     nan  ep_len    nan  fell    0  err_xy 0.080  std 0.217  lr 1.0e-04  fps   5615  1217.0s
it 3897/4000  reward     nan  ep_len    nan  fell    0  err_xy 0.068  std 0.217  lr 1.0e-04  fps   5612  1217.4s
it 3898/4000  reward     nan  ep_len    nan  fell    0  err_xy 0.074  std 0.217  lr 1.0e-04  fps   5396  1217.8s
it 3899/4000  reward     nan  ep_len    nan  fell    0  err_xy 0.067  std 0.217  lr 1.0e-04  fps   5377  1218.2s
it 3900/4000  reward     nan  ep_len    nan  fell    0  err_xy 0.064  std 0.217  lr 1.0e-04  fps   5272  1218.7s
it 3901/4000  reward     nan  ep_len    nan  fell    0  err_xy 0.040  std 0.217  lr 1.0e-04  fps   5441  1219.1s
it 3902/4000  reward     nan  ep_len    nan  fell    0  err_xy 0.048  std 0.217  lr 1.0e-04  fps   5316  1219.5s
it 3903/4000  reward     nan  ep_len    nan  fell    0  err_xy 0.042  std 0.217  lr 1.0e-04  fps   5271  1220.0s
it 3904/4000  reward     nan  ep_len    nan  fell    0  err_xy 0.034  std 0.217  lr 1.0e-04  fps   5295  1220.4s
it 3905/4000  reward     nan  ep_len    nan  fell    0  err_xy 0.029  std 0.217  lr 1.0e-04  fps   5542  1220.8s
it 3906/4000  reward     nan  ep_len    nan  fell    0  err_xy 0.032  std 0.217  lr 1.0e-04  fps   5802  1221.2s
it 3907/4000  reward     nan  ep_len    nan  fell    0  err_xy 0.026  std 0.217  lr 1.0e-04  fps   5732  1221.6s
it 3908/4000  reward     nan  ep_len    nan  fell    0  err_xy 0.021  std 0.217  lr 1.0e-04  fps   5749  1222.0s
it 3909/4000  reward     nan  ep_len    nan  fell    0  err_xy 0.022  std 0.217  lr 1.0e-04  fps   5822  1222.4s
it 3910/4000  reward     nan  ep_len    nan  fell    0  err_xy 0.020  std 0.217  lr 1.0e-04  fps   5510  1222.8s
it 3911/4000  reward     nan  ep_len    nan  fell    0  err_xy 0.018  std 0.217  lr 1.0e-04  fps   5969  1223.2s
it 3912/4000  reward     nan  ep_len    nan  fell    0  err_xy 0.019  std 0.217  lr 1.0e-04  fps   5670  1223.6s
it 3913/4000  reward     nan  ep_len    nan  fell    0  err_xy 0.016  std 0.217  lr 1.0e-04  fps   5834  1224.0s
it 3914/4000  reward     nan  ep_len    nan  fell    0  err_xy 0.020  std 0.217  lr 1.0e-04  fps   5694  1224.4s
it 3915/4000  reward     nan  ep_len    nan  fell    0  err_xy 0.021  std 0.217  lr 1.0e-04  fps   5369  1224.9s
it 3916/4000  reward     nan  ep_len    nan  fell    0  err_xy 0.022  std 0.217  lr 1.0e-04  fps   5576  1225.3s
it 3917/4000  reward     nan  ep_len    nan  fell    0  err_xy 0.021  std 0.217  lr 1.0e-04  fps   5679  1225.7s
it 3918/4000  reward     nan  ep_len    nan  fell    0  err_xy 0.023  std 0.217  lr 1.0e-04  fps   5746  1226.1s
it 3919/4000  reward     nan  ep_len    nan  fell    0  err_xy 0.019  std 0.217  lr 1.0e-04  fps   5220  1226.5s
it 3920/4000  reward     nan  ep_len    nan  fell    0  err_xy 0.027  std 0.217  lr 1.0e-04  fps   5533  1227.0s
it 3921/4000  reward     nan  ep_len    nan  fell    0  err_xy 0.025  std 0.217  lr 1.0e-04  fps   5548  1227.4s
it 3922/4000  reward     nan  ep_len    nan  fell    0  err_xy 0.024  std 0.217  lr 1.0e-04  fps   5653  1227.8s
it 3923/4000  reward     nan  ep_len    nan  fell    0  err_xy 0.022  std 0.217  lr 1.0e-04  fps   5442  1228.2s
it 3924/4000  reward  163.29  ep_len 1058.0  fell    0  err_xy 0.145  std 0.217  lr 1.0e-04  fps   4744  1228.7s
it 3925/4000  reward     nan  ep_len    nan  fell    0  err_xy 0.269  std 0.217  lr 1.0e-04  fps   5467  1229.1s
it 3926/4000  reward     nan  ep_len    nan  fell    0  err_xy 0.189  std 0.217  lr 1.0e-04  fps   5702  1229.5s
it 3927/4000  reward     nan  ep_len    nan  fell    0  err_xy 0.187  std 0.217  lr 1.0e-04  fps   5766  1229.9s
it 3928/4000  reward     nan  ep_len    nan  fell    0  err_xy 0.208  std 0.217  lr 1.0e-04  fps   5726  1230.3s
it 3929/4000  reward     nan  ep_len    nan  fell    0  err_xy 0.209  std 0.217  lr 1.0e-04  fps   5628  1230.7s
it 3930/4000  reward     nan  ep_len    nan  fell    0  err_xy 0.162  std 0.217  lr 1.0e-04  fps   5551  1231.1s
it 3931/4000  reward     nan  ep_len    nan  fell    0  err_xy 0.154  std 0.217  lr 1.0e-04  fps   5558  1231.6s
it 3932/4000  reward     nan  ep_len    nan  fell    0  err_xy 0.127  std 0.217  lr 1.0e-04  fps   5465  1232.0s
it 3933/4000  reward     nan  ep_len    nan  fell    0  err_xy 0.105  std 0.217  lr 1.0e-04  fps   5452  1232.4s
it 3934/4000  reward     nan  ep_len    nan  fell    0  err_xy 0.108  std 0.217  lr 1.0e-04  fps   5425  1232.8s
it 3935/4000  reward     nan  ep_len    nan  fell    0  err_xy 0.089  std 0.217  lr 1.0e-04  fps   5494  1233.2s
it 3936/4000  reward     nan  ep_len    nan  fell    0  err_xy 0.095  std 0.217  lr 1.0e-04  fps   5086  1233.7s
it 3937/4000  reward     nan  ep_len    nan  fell    0  err_xy 0.072  std 0.217  lr 1.0e-04  fps   5460  1234.1s
it 3938/4000  reward     nan  ep_len    nan  fell    0  err_xy 0.068  std 0.217  lr 1.0e-04  fps   5387  1234.5s
it 3939/4000  reward     nan  ep_len    nan  fell    0  err_xy 0.061  std 0.217  lr 1.0e-04  fps   5214  1235.0s
it 3940/4000  reward     nan  ep_len    nan  fell    0  err_xy 0.066  std 0.217  lr 1.0e-04  fps   6663  1235.3s
it 3941/4000  reward     nan  ep_len    nan  fell    0  err_xy 0.064  std 0.217  lr 1.0e-04  fps   7646  1235.6s
it 3942/4000  reward     nan  ep_len    nan  fell    0  err_xy 0.057  std 0.217  lr 1.0e-04  fps   7245  1236.0s
it 3943/4000  reward     nan  ep_len    nan  fell    0  err_xy 0.057  std 0.217  lr 1.0e-04  fps   7908  1236.2s
it 3944/4000  reward     nan  ep_len    nan  fell    0  err_xy 0.052  std 0.217  lr 1.0e-04  fps   7958  1236.5s
it 3945/4000  reward     nan  ep_len    nan  fell    0  err_xy 0.053  std 0.217  lr 1.0e-04  fps   7866  1236.8s
it 3946/4000  reward     nan  ep_len    nan  fell    0  err_xy 0.049  std 0.217  lr 1.0e-04  fps   7774  1237.1s
it 3947/4000  reward     nan  ep_len    nan  fell    0  err_xy 0.042  std 0.217  lr 1.0e-04  fps   7633  1237.4s
it 3948/4000  reward     nan  ep_len    nan  fell    0  err_xy 0.042  std 0.217  lr 1.0e-04  fps   7471  1237.7s
it 3949/4000  reward     nan  ep_len    nan  fell    0  err_xy 0.042  std 0.217  lr 1.0e-04  fps   5237  1238.2s
it 3950/4000  reward     nan  ep_len    nan  fell    0  err_xy 0.038  std 0.217  lr 1.0e-04  fps   5323  1238.6s
it 3951/4000  reward     nan  ep_len    nan  fell    0  err_xy 0.039  std 0.217  lr 1.0e-04  fps   5350  1239.0s
it 3952/4000  reward     nan  ep_len    nan  fell    0  err_xy 0.029  std 0.217  lr 1.0e-04  fps   5386  1239.5s
it 3953/4000  reward     nan  ep_len    nan  fell    0  err_xy 0.032  std 0.217  lr 1.0e-04  fps   5073  1239.9s
it 3954/4000  reward     nan  ep_len    nan  fell    0  err_xy 0.023  std 0.217  lr 1.0e-04  fps   5500  1240.3s
it 3955/4000  reward     nan  ep_len    nan  fell    0  err_xy 0.020  std 0.217  lr 1.0e-04  fps   5681  1240.8s
it 3956/4000  reward     nan  ep_len    nan  fell    0  err_xy 0.021  std 0.217  lr 1.0e-04  fps   5539  1241.2s
it 3957/4000  reward     nan  ep_len    nan  fell    0  err_xy 0.019  std 0.217  lr 1.0e-04  fps   5559  1241.6s
it 3958/4000  reward     nan  ep_len    nan  fell    0  err_xy 0.020  std 0.217  lr 1.0e-04  fps   5410  1242.0s
it 3959/4000  reward     nan  ep_len    nan  fell    0  err_xy 0.020  std 0.217  lr 1.0e-04  fps   5397  1242.4s
it 3960/4000  reward     nan  ep_len    nan  fell    0  err_xy 0.019  std 0.217  lr 1.0e-04  fps   5488  1242.9s
it 3961/4000  reward     nan  ep_len    nan  fell    0  err_xy 0.024  std 0.217  lr 1.0e-04  fps   5730  1243.3s
it 3962/4000  reward     nan  ep_len    nan  fell    0  err_xy 0.020  std 0.217  lr 1.0e-04  fps   5425  1243.7s
it 3963/4000  reward     nan  ep_len    nan  fell    0  err_xy 0.020  std 0.217  lr 1.0e-04  fps   5482  1244.1s
it 3964/4000  reward     nan  ep_len    nan  fell    0  err_xy 0.023  std 0.217  lr 1.0e-04  fps   5475  1244.5s
it 3965/4000  reward     nan  ep_len    nan  fell    0  err_xy 0.034  std 0.217  lr 1.0e-04  fps   5769  1244.9s
it 3966/4000  reward     nan  ep_len    nan  fell    0  err_xy 0.038  std 0.217  lr 1.0e-04  fps   5647  1245.3s
it 3967/4000  reward     nan  ep_len    nan  fell    0  err_xy 0.037  std 0.217  lr 1.0e-04  fps   5695  1245.7s
it 3968/4000  reward  163.95  ep_len 1058.0  fell    0  err_xy 0.149  std 0.217  lr 1.0e-04  fps   4832  1246.2s
it 3969/4000  reward     nan  ep_len    nan  fell    0  err_xy 0.283  std 0.217  lr 1.0e-04  fps   5639  1246.6s
it 3970/4000  reward     nan  ep_len    nan  fell    0  err_xy 0.197  std 0.217  lr 1.0e-04  fps   5770  1247.0s
it 3971/4000  reward     nan  ep_len    nan  fell    0  err_xy 0.174  std 0.217  lr 1.0e-04  fps   5684  1247.4s
it 3972/4000  reward     nan  ep_len    nan  fell    0  err_xy 0.184  std 0.217  lr 1.0e-04  fps   5674  1247.8s
it 3973/4000  reward     nan  ep_len    nan  fell    0  err_xy 0.157  std 0.217  lr 1.0e-04  fps   5687  1248.2s
it 3974/4000  reward     nan  ep_len    nan  fell    0  err_xy 0.150  std 0.217  lr 1.0e-04  fps   5666  1248.7s
it 3975/4000  reward     nan  ep_len    nan  fell    0  err_xy 0.128  std 0.217  lr 1.0e-04  fps   5627  1249.1s
it 3976/4000  reward     nan  ep_len    nan  fell    0  err_xy 0.114  std 0.217  lr 1.0e-04  fps   5981  1249.4s
it 3977/4000  reward     nan  ep_len    nan  fell    0  err_xy 0.103  std 0.217  lr 1.0e-04  fps   5632  1249.9s
it 3978/4000  reward     nan  ep_len    nan  fell    0  err_xy 0.089  std 0.217  lr 1.0e-04  fps   5687  1250.3s
it 3979/4000  reward     nan  ep_len    nan  fell    0  err_xy 0.078  std 0.217  lr 1.0e-04  fps   5576  1250.7s
it 3980/4000  reward     nan  ep_len    nan  fell    0  err_xy 0.074  std 0.217  lr 1.0e-04  fps   5420  1251.1s
it 3981/4000  reward     nan  ep_len    nan  fell    0  err_xy 0.067  std 0.217  lr 1.0e-04  fps   5597  1251.5s
it 3982/4000  reward     nan  ep_len    nan  fell    0  err_xy 0.051  std 0.217  lr 1.0e-04  fps   5554  1251.9s
it 3983/4000  reward     nan  ep_len    nan  fell    0  err_xy 0.050  std 0.217  lr 1.0e-04  fps   5455  1252.4s
it 3984/4000  reward     nan  ep_len    nan  fell    0  err_xy 0.040  std 0.217  lr 1.0e-04  fps   5563  1252.8s
it 3985/4000  reward     nan  ep_len    nan  fell    0  err_xy 0.035  std 0.217  lr 1.0e-04  fps   5872  1253.2s
it 3986/4000  reward     nan  ep_len    nan  fell    0  err_xy 0.031  std 0.217  lr 1.0e-04  fps   5633  1253.6s
it 3987/4000  reward     nan  ep_len    nan  fell    0  err_xy 0.031  std 0.217  lr 1.0e-04  fps   5703  1254.0s
it 3988/4000  reward     nan  ep_len    nan  fell    0  err_xy 0.032  std 0.217  lr 1.0e-04  fps   5611  1254.4s
it 3989/4000  reward     nan  ep_len    nan  fell    0  err_xy 0.034  std 0.217  lr 1.0e-04  fps   5374  1254.8s
it 3990/4000  reward     nan  ep_len    nan  fell    0  err_xy 0.033  std 0.217  lr 1.0e-04  fps   5312  1255.2s
it 3991/4000  reward     nan  ep_len    nan  fell    0  err_xy 0.026  std 0.217  lr 1.0e-04  fps   5323  1255.7s
it 3992/4000  reward     nan  ep_len    nan  fell    0  err_xy 0.028  std 0.217  lr 1.0e-04  fps   5500  1256.1s
it 3993/4000  reward     nan  ep_len    nan  fell    0  err_xy 0.028  std 0.217  lr 1.0e-04  fps   5439  1256.5s
it 3994/4000  reward     nan  ep_len    nan  fell    0  err_xy 0.028  std 0.217  lr 1.0e-04  fps   5463  1256.9s
it 3995/4000  reward     nan  ep_len    nan  fell    0  err_xy 0.027  std 0.217  lr 1.0e-04  fps   5321  1257.4s
it 3996/4000  reward     nan  ep_len    nan  fell    0  err_xy 0.030  std 0.217  lr 1.0e-04  fps   5089  1257.8s
it 3997/4000  reward     nan  ep_len    nan  fell    0  err_xy 0.034  std 0.217  lr 1.0e-04  fps   5425  1258.3s
it 3998/4000  reward     nan  ep_len    nan  fell    0  err_xy 0.029  std 0.217  lr 1.0e-04  fps   5417  1258.7s
it 3999/4000  reward     nan  ep_len    nan  fell    0  err_xy 0.028  std 0.217  lr 1.0e-04  fps   5697  1259.1s
it 4000/4000  reward     nan  ep_len    nan  fell    0  err_xy 0.024  std 0.217  lr 1.0e-04  fps   5760  1259.5s
eval iteration 4000:
  prone          success   0.0%  time 21.16s  peak_τ 0.96 Nm  return 164.12
  supine         success   0.0%  time 21.16s  peak_τ 0.96 Nm  return 129.82
  score 0.000
best 1: iteration 0 score 0.000
best 2: iteration 200 score 0.000
best 3: iteration 400 score 0.000
policy file robots/microban/policies/getup.nnm = checkpoint of iteration 0 (score 0.000)
wrote robots/microban/policies/getup.nnm (211530 bytes). last iteration: max |train - deployed| = 5.72e-06
final evaluation of getup.nnm (iteration 0, deployed int8 network):
  prone          success   0.0%  time 21.16s  peak_τ 0.96 Nm  return 157.76
  supine         success   0.0%  time 21.16s  peak_τ 0.95 Nm  return 165.56
  score 0.000
curves: robots/microban/policies/getup_run/training_curves.png
