gesture getup_discover: std [0.5, 0.5, 0.5, 0.5, 0.5, 0.5, 0.5, 0.5, 0.5, 0.5, 0.5, 0.5, 0.5, 0.5, 0.5, 0.5, 0.5, 0.5] (capped), fixed learning rate, qat=off
getup_discover assist start 5.62 N (mass=0.819 kg, stand_head_z=0.294)
eval iteration 0:
  prone          success   0.0%  time 8.00s  peak_τ 0.40 Nm  return 12.69
  supine         success   0.0%  time 8.00s  peak_τ 0.09 Nm  return 3.59
  score 0.000
/Users/robertonavoni/Desktop/Lavoro/Progetti-2026/Progetti Software/microduck-ap-ppo-sitl/tools/robots/train_velocity.py:823: UserWarning: Converting a tensor with requires_grad=True to a scalar may lead to unexpected behavior.
Consider using tensor.detach() first. (Triggered internally at /Users/runner/work/pytorch/pytorch/torch/csrc/autograd/generated/python_variable_methods.cpp:821.)
  "Policy/mean_std": float(log_std.exp().mean()),
it    1/4000  reward     nan  ep_len    nan  fell    0  err_xy 0.194  std 0.500  lr 3.0e-04  fps   5140     0.3s
it    2/4000  reward     nan  ep_len    nan  fell    0  err_xy 0.155  std 0.500  lr 3.0e-04  fps   5120     0.6s
it    3/4000  reward     nan  ep_len    nan  fell    0  err_xy 0.073  std 0.500  lr 3.0e-04  fps   5053     0.9s
it    4/4000  reward     nan  ep_len    nan  fell    0  err_xy 0.072  std 0.500  lr 3.0e-04  fps   5273     1.2s
it    5/4000  reward     nan  ep_len    nan  fell    0  err_xy 0.098  std 0.500  lr 3.0e-04  fps   5182     1.5s
it    6/4000  reward     nan  ep_len    nan  fell    0  err_xy 0.071  std 0.500  lr 3.0e-04  fps   4790     1.8s
it    7/4000  reward     nan  ep_len    nan  fell    0  err_xy 0.072  std 0.500  lr 3.0e-04  fps   5441     2.1s
it    8/4000  reward     nan  ep_len    nan  fell    0  err_xy 0.068  std 0.500  lr 3.0e-04  fps   5434     2.4s
it    9/4000  reward     nan  ep_len    nan  fell    0  err_xy 0.070  std 0.500  lr 3.0e-04  fps   5406     2.7s
it   10/4000  reward     nan  ep_len    nan  fell    0  err_xy 0.071  std 0.500  lr 3.0e-04  fps   5507     2.9s
it   11/4000  reward     nan  ep_len    nan  fell    0  err_xy 0.071  std 0.500  lr 3.0e-04  fps   5695     3.2s
it   12/4000  reward     nan  ep_len    nan  fell    0  err_xy 0.070  std 0.500  lr 3.0e-04  fps   5630     3.5s
it   13/4000  reward     nan  ep_len    nan  fell    0  err_xy 0.070  std 0.500  lr 3.0e-04  fps   5552     3.8s
it   14/4000  reward     nan  ep_len    nan  fell    0  err_xy 0.071  std 0.500  lr 3.0e-04  fps   5480     4.0s
it   15/4000  reward     nan  ep_len    nan  fell    0  err_xy 0.073  std 0.500  lr 3.0e-04  fps   5386     4.3s
it   16/4000  reward     nan  ep_len    nan  fell    0  err_xy 0.077  std 0.500  lr 3.0e-04  fps   5524     4.6s
it   17/4000  reward   14.08  ep_len  400.0  fell    0  err_xy 0.114  std 0.500  lr 3.0e-04  fps   4204     5.0s
it   18/4000  reward     nan  ep_len    nan  fell    0  err_xy 0.205  std 0.500  lr 3.0e-04  fps   5448     5.3s
it   19/4000  reward     nan  ep_len    nan  fell    0  err_xy 0.112  std 0.500  lr 3.0e-04  fps   5497     5.5s
it   20/4000  reward     nan  ep_len    nan  fell    0  err_xy 0.102  std 0.500  lr 3.0e-04  fps   4953     5.8s
it   21/4000  reward     nan  ep_len    nan  fell    0  err_xy 0.083  std 0.500  lr 3.0e-04  fps   5295     6.1s
it   22/4000  reward     nan  ep_len    nan  fell    0  err_xy 0.079  std 0.500  lr 3.0e-04  fps   5408     6.4s
it   23/4000  reward     nan  ep_len    nan  fell    0  err_xy 0.081  std 0.500  lr 3.0e-04  fps   5119     6.7s
it   24/4000  reward     nan  ep_len    nan  fell    0  err_xy 0.078  std 0.500  lr 3.0e-04  fps   5199     7.0s
it   25/4000  reward     nan  ep_len    nan  fell    0  err_xy 0.075  std 0.500  lr 3.0e-04  fps   5343     7.3s
it   26/4000  reward     nan  ep_len    nan  fell    0  err_xy 0.072  std 0.500  lr 3.0e-04  fps   5470     7.6s
it   27/4000  reward     nan  ep_len    nan  fell    0  err_xy 0.078  std 0.500  lr 3.0e-04  fps   5598     7.9s
it   28/4000  reward     nan  ep_len    nan  fell    0  err_xy 0.078  std 0.500  lr 3.0e-04  fps   5516     8.1s
it   29/4000  reward     nan  ep_len    nan  fell    0  err_xy 0.078  std 0.500  lr 3.0e-04  fps   5451     8.4s
it   30/4000  reward     nan  ep_len    nan  fell    0  err_xy 0.077  std 0.500  lr 3.0e-04  fps   5428     8.7s
it   31/4000  reward     nan  ep_len    nan  fell    0  err_xy 0.077  std 0.500  lr 3.0e-04  fps   5220     9.0s
it   32/4000  reward     nan  ep_len    nan  fell    0  err_xy 0.073  std 0.500  lr 3.0e-04  fps   5387     9.3s
it   33/4000  reward     nan  ep_len    nan  fell    0  err_xy 0.083  std 0.500  lr 3.0e-04  fps   5610     9.6s
it   34/4000  reward   25.44  ep_len  400.0  fell    0  err_xy 0.170  std 0.500  lr 3.0e-04  fps   4012     9.9s
it   35/4000  reward     nan  ep_len    nan  fell    0  err_xy 0.163  std 0.500  lr 3.0e-04  fps   5561    10.2s
it   36/4000  reward     nan  ep_len    nan  fell    0  err_xy 0.096  std 0.500  lr 3.0e-04  fps   5090    10.5s
it   37/4000  reward     nan  ep_len    nan  fell    0  err_xy 0.094  std 0.500  lr 3.0e-04  fps   5023    10.8s
it   38/4000  reward     nan  ep_len    nan  fell    0  err_xy 0.084  std 0.500  lr 3.0e-04  fps   5007    11.1s
it   39/4000  reward     nan  ep_len    nan  fell    0  err_xy 0.086  std 0.500  lr 3.0e-04  fps   5369    11.4s
it   40/4000  reward     nan  ep_len    nan  fell    0  err_xy 0.085  std 0.500  lr 3.0e-04  fps   5460    11.7s
it   41/4000  reward     nan  ep_len    nan  fell    0  err_xy 0.083  std 0.499  lr 3.0e-04  fps   5573    12.0s
it   42/4000  reward     nan  ep_len    nan  fell    0  err_xy 0.084  std 0.500  lr 3.0e-04  fps   5200    12.3s
it   43/4000  reward     nan  ep_len    nan  fell    0  err_xy 0.074  std 0.500  lr 3.0e-04  fps   5218    12.6s
it   44/4000  reward     nan  ep_len    nan  fell    0  err_xy 0.072  std 0.499  lr 3.0e-04  fps   5312    12.9s
it   45/4000  reward     nan  ep_len    nan  fell    0  err_xy 0.073  std 0.499  lr 3.0e-04  fps   5505    13.1s
it   46/4000  reward     nan  ep_len    nan  fell    0  err_xy 0.073  std 0.499  lr 3.0e-04  fps   5263    13.4s
it   47/4000  reward     nan  ep_len    nan  fell    0  err_xy 0.073  std 0.499  lr 3.0e-04  fps   5539    13.7s
it   48/4000  reward     nan  ep_len    nan  fell    0  err_xy 0.070  std 0.500  lr 3.0e-04  fps   5344    14.0s
it   49/4000  reward     nan  ep_len    nan  fell    0  err_xy 0.077  std 0.500  lr 3.0e-04  fps   5386    14.3s
it   50/4000  reward   28.46  ep_len  400.0  fell    0  err_xy 0.074  std 0.500  lr 3.0e-04  fps   4226    14.6s
it   51/4000  reward     nan  ep_len    nan  fell    0  err_xy 0.190  std 0.500  lr 3.0e-04  fps   5422    14.9s
it   52/4000  reward     nan  ep_len    nan  fell    0  err_xy 0.141  std 0.500  lr 3.0e-04  fps   5518    15.2s
it   53/4000  reward     nan  ep_len    nan  fell    0  err_xy 0.095  std 0.500  lr 3.0e-04  fps   5354    15.5s
it   54/4000  reward     nan  ep_len    nan  fell    0  err_xy 0.095  std 0.500  lr 3.0e-04  fps   5202    15.8s
it   55/4000  reward     nan  ep_len    nan  fell    0  err_xy 0.088  std 0.500  lr 3.0e-04  fps   5500    16.1s
it   56/4000  reward     nan  ep_len    nan  fell    0  err_xy 0.094  std 0.500  lr 3.0e-04  fps   5010    16.4s
it   57/4000  reward     nan  ep_len    nan  fell    0  err_xy 0.083  std 0.500  lr 3.0e-04  fps   5354    16.7s
it   58/4000  reward     nan  ep_len    nan  fell    0  err_xy 0.082  std 0.500  lr 3.0e-04  fps   5502    16.9s
it   59/4000  reward     nan  ep_len    nan  fell    0  err_xy 0.082  std 0.500  lr 3.0e-04  fps   5328    17.2s
it   60/4000  reward     nan  ep_len    nan  fell    0  err_xy 0.087  std 0.500  lr 3.0e-04  fps   5328    17.5s
it   61/4000  reward     nan  ep_len    nan  fell    0  err_xy 0.082  std 0.500  lr 3.0e-04  fps   5617    17.8s
it   62/4000  reward     nan  ep_len    nan  fell    0  err_xy 0.082  std 0.500  lr 3.0e-04  fps   5650    18.1s
it   63/4000  reward     nan  ep_len    nan  fell    0  err_xy 0.087  std 0.500  lr 3.0e-04  fps   5285    18.4s
it   64/4000  reward     nan  ep_len    nan  fell    0  err_xy 0.089  std 0.500  lr 3.0e-04  fps   5503    18.6s
it   65/4000  reward     nan  ep_len    nan  fell    0  err_xy 0.088  std 0.500  lr 3.0e-04  fps   5479    18.9s
it   66/4000  reward     nan  ep_len    nan  fell    0  err_xy 0.089  std 0.500  lr 3.0e-04  fps   5229    19.2s
it   67/4000  reward   28.66  ep_len  400.0  fell    0  err_xy 0.127  std 0.500  lr 3.0e-04  fps   4122    19.6s
it   68/4000  reward     nan  ep_len    nan  fell    0  err_xy 0.204  std 0.500  lr 3.0e-04  fps   5603    19.9s
it   69/4000  reward     nan  ep_len    nan  fell    0  err_xy 0.115  std 0.500  lr 3.0e-04  fps   5508    20.1s
it   70/4000  reward     nan  ep_len    nan  fell    0  err_xy 0.095  std 0.500  lr 3.0e-04  fps   5375    20.4s
it   71/4000  reward     nan  ep_len    nan  fell    0  err_xy 0.101  std 0.500  lr 3.0e-04  fps   5195    20.7s
it   72/4000  reward     nan  ep_len    nan  fell    0  err_xy 0.106  std 0.500  lr 3.0e-04  fps   5254    21.0s
it   73/4000  reward     nan  ep_len    nan  fell    0  err_xy 0.091  std 0.500  lr 3.0e-04  fps   5642    21.3s
it   74/4000  reward     nan  ep_len    nan  fell    0  err_xy 0.095  std 0.500  lr 3.0e-04  fps   5035    21.6s
it   75/4000  reward     nan  ep_len    nan  fell    0  err_xy 0.102  std 0.500  lr 3.0e-04  fps   5484    21.9s
it   76/4000  reward     nan  ep_len    nan  fell    0  err_xy 0.093  std 0.500  lr 3.0e-04  fps   5371    22.2s
it   77/4000  reward     nan  ep_len    nan  fell    0  err_xy 0.099  std 0.499  lr 3.0e-04  fps   5631    22.4s
it   78/4000  reward     nan  ep_len    nan  fell    0  err_xy 0.102  std 0.499  lr 3.0e-04  fps   5512    22.7s
it   79/4000  reward     nan  ep_len    nan  fell    0  err_xy 0.097  std 0.500  lr 3.0e-04  fps   5555    23.0s
it   80/4000  reward     nan  ep_len    nan  fell    0  err_xy 0.095  std 0.500  lr 3.0e-04  fps   5544    23.3s
it   81/4000  reward     nan  ep_len    nan  fell    0  err_xy 0.103  std 0.500  lr 3.0e-04  fps   5543    23.5s
it   82/4000  reward     nan  ep_len    nan  fell    0  err_xy 0.105  std 0.500  lr 3.0e-04  fps   5604    23.8s
it   83/4000  reward     nan  ep_len    nan  fell    0  err_xy 0.110  std 0.500  lr 3.0e-04  fps   5544    24.1s
it   84/4000  reward   31.58  ep_len  400.0  fell    0  err_xy 0.174  std 0.499  lr 3.0e-04  fps   4139    24.5s
it   85/4000  reward     nan  ep_len    nan  fell    0  err_xy 0.190  std 0.499  lr 3.0e-04  fps   5550    24.7s
it   86/4000  reward     nan  ep_len    nan  fell    0  err_xy 0.133  std 0.499  lr 3.0e-04  fps   5442    25.0s
it   87/4000  reward     nan  ep_len    nan  fell    0  err_xy 0.127  std 0.499  lr 3.0e-04  fps   5549    25.3s
it   88/4000  reward     nan  ep_len    nan  fell    0  err_xy 0.128  std 0.499  lr 3.0e-04  fps   5277    25.6s
it   89/4000  reward     nan  ep_len    nan  fell    0  err_xy 0.115  std 0.499  lr 3.0e-04  fps   5208    25.9s
it   90/4000  reward     nan  ep_len    nan  fell    0  err_xy 0.119  std 0.499  lr 3.0e-04  fps   5536    26.2s
it   91/4000  reward     nan  ep_len    nan  fell    0  err_xy 0.122  std 0.500  lr 3.0e-04  fps   5521    26.4s
it   92/4000  reward     nan  ep_len    nan  fell    0  err_xy 0.121  std 0.500  lr 3.0e-04  fps   5335    26.7s
it   93/4000  reward     nan  ep_len    nan  fell    0  err_xy 0.116  std 0.500  lr 3.0e-04  fps   5340    27.0s
it   94/4000  reward     nan  ep_len    nan  fell    0  err_xy 0.114  std 0.500  lr 3.0e-04  fps   5219    27.3s
it   95/4000  reward     nan  ep_len    nan  fell    0  err_xy 0.108  std 0.500  lr 3.0e-04  fps   5173    27.6s
it   96/4000  reward     nan  ep_len    nan  fell    0  err_xy 0.107  std 0.500  lr 3.0e-04  fps   5369    27.9s
it   97/4000  reward     nan  ep_len    nan  fell    0  err_xy 0.111  std 0.499  lr 3.0e-04  fps   5570    28.2s
it   98/4000  reward     nan  ep_len    nan  fell    0  err_xy 0.111  std 0.499  lr 3.0e-04  fps   5704    28.4s
it   99/4000  reward     nan  ep_len    nan  fell    0  err_xy 0.114  std 0.500  lr 3.0e-04  fps   5431    28.7s
it  100/4000  reward   33.95  ep_len  400.0  fell    0  err_xy 0.117  std 0.500  lr 3.0e-04  fps   4111    29.1s
it  101/4000  reward     nan  ep_len    nan  fell    0  err_xy 0.214  std 0.499  lr 3.0e-04  fps   5413    29.4s
it  102/4000  reward     nan  ep_len    nan  fell    0  err_xy 0.159  std 0.500  lr 3.0e-04  fps   5428    29.7s
it  103/4000  reward     nan  ep_len    nan  fell    0  err_xy 0.140  std 0.500  lr 3.0e-04  fps   5449    29.9s
it  104/4000  reward     nan  ep_len    nan  fell    0  err_xy 0.125  std 0.500  lr 3.0e-04  fps   5557    30.2s
it  105/4000  reward     nan  ep_len    nan  fell    0  err_xy 0.119  std 0.500  lr 3.0e-04  fps   5413    30.5s
it  106/4000  reward     nan  ep_len    nan  fell    0  err_xy 0.121  std 0.499  lr 3.0e-04  fps   5554    30.8s
it  107/4000  reward     nan  ep_len    nan  fell    0  err_xy 0.115  std 0.500  lr 3.0e-04  fps   5389    31.1s
it  108/4000  reward     nan  ep_len    nan  fell    0  err_xy 0.108  std 0.500  lr 3.0e-04  fps   5465    31.4s
it  109/4000  reward     nan  ep_len    nan  fell    0  err_xy 0.107  std 0.499  lr 3.0e-04  fps   5173    31.6s
it  110/4000  reward     nan  ep_len    nan  fell    0  err_xy 0.110  std 0.499  lr 3.0e-04  fps   4841    32.0s
it  111/4000  reward     nan  ep_len    nan  fell    0  err_xy 0.105  std 0.500  lr 3.0e-04  fps   5116    32.3s
it  112/4000  reward     nan  ep_len    nan  fell    0  err_xy 0.112  std 0.500  lr 3.0e-04  fps   5471    32.5s
it  113/4000  reward     nan  ep_len    nan  fell    0  err_xy 0.119  std 0.500  lr 3.0e-04  fps   5481    32.8s
it  114/4000  reward     nan  ep_len    nan  fell    0  err_xy 0.120  std 0.500  lr 3.0e-04  fps   5442    33.1s
it  115/4000  reward     nan  ep_len    nan  fell    0  err_xy 0.123  std 0.500  lr 3.0e-04  fps   5249    33.4s
it  116/4000  reward     nan  ep_len    nan  fell    0  err_xy 0.121  std 0.499  lr 3.0e-04  fps   5369    33.7s
it  117/4000  reward   34.47  ep_len  400.0  fell    0  err_xy 0.149  std 0.499  lr 3.0e-04  fps   4182    34.1s
it  118/4000  reward     nan  ep_len    nan  fell    0  err_xy 0.218  std 0.499  lr 3.0e-04  fps   5368    34.3s
it  119/4000  reward     nan  ep_len    nan  fell    0  err_xy 0.150  std 0.500  lr 3.0e-04  fps   5563    34.6s
it  120/4000  reward     nan  ep_len    nan  fell    0  err_xy 0.140  std 0.500  lr 3.0e-04  fps   5593    34.9s
it  121/4000  reward     nan  ep_len    nan  fell    0  err_xy 0.126  std 0.500  lr 3.0e-04  fps   5518    35.2s
it  122/4000  reward     nan  ep_len    nan  fell    0  err_xy 0.124  std 0.500  lr 3.0e-04  fps   5434    35.5s
it  123/4000  reward     nan  ep_len    nan  fell    0  err_xy 0.117  std 0.499  lr 3.0e-04  fps   5176    35.8s
it  124/4000  reward     nan  ep_len    nan  fell    0  err_xy 0.117  std 0.499  lr 3.0e-04  fps   5094    36.1s
it  125/4000  reward     nan  ep_len    nan  fell    0  err_xy 0.118  std 0.499  lr 3.0e-04  fps   5248    36.3s
it  126/4000  reward     nan  ep_len    nan  fell    0  err_xy 0.117  std 0.499  lr 3.0e-04  fps   5634    36.6s
it  127/4000  reward     nan  ep_len    nan  fell    0  err_xy 0.120  std 0.499  lr 3.0e-04  fps   5550    36.9s
it  128/4000  reward     nan  ep_len    nan  fell    0  err_xy 0.116  std 0.499  lr 3.0e-04  fps   5467    37.2s
it  129/4000  reward     nan  ep_len    nan  fell    0  err_xy 0.115  std 0.499  lr 3.0e-04  fps   5221    37.5s
it  130/4000  reward     nan  ep_len    nan  fell    0  err_xy 0.115  std 0.499  lr 3.0e-04  fps   5167    37.8s
it  131/4000  reward     nan  ep_len    nan  fell    0  err_xy 0.117  std 0.499  lr 3.0e-04  fps   5529    38.0s
it  132/4000  reward     nan  ep_len    nan  fell    0  err_xy 0.119  std 0.499  lr 3.0e-04  fps   5502    38.3s
it  133/4000  reward     nan  ep_len    nan  fell    0  err_xy 0.116  std 0.499  lr 3.0e-04  fps   5563    38.6s
it  134/4000  reward   35.91  ep_len  400.0  fell    0  err_xy 0.183  std 0.499  lr 3.0e-04  fps   4142    39.0s
it  135/4000  reward     nan  ep_len    nan  fell    0  err_xy 0.207  std 0.499  lr 3.0e-04  fps   5489    39.3s
it  136/4000  reward     nan  ep_len    nan  fell    0  err_xy 0.149  std 0.499  lr 3.0e-04  fps   5578    39.5s
it  137/4000  reward     nan  ep_len    nan  fell    0  err_xy 0.142  std 0.499  lr 3.0e-04  fps   5304    39.8s
it  138/4000  reward     nan  ep_len    nan  fell    0  err_xy 0.119  std 0.499  lr 3.0e-04  fps   5509    40.1s
it  139/4000  reward     nan  ep_len    nan  fell    0  err_xy 0.112  std 0.499  lr 3.0e-04  fps   5495    40.4s
it  140/4000  reward     nan  ep_len    nan  fell    0  err_xy 0.117  std 0.499  lr 3.0e-04  fps   5367    40.7s
it  141/4000  reward     nan  ep_len    nan  fell    0  err_xy 0.112  std 0.499  lr 3.0e-04  fps   5375    41.0s
it  142/4000  reward     nan  ep_len    nan  fell    0  err_xy 0.114  std 0.500  lr 3.0e-04  fps   5338    41.2s
it  143/4000  reward     nan  ep_len    nan  fell    0  err_xy 0.115  std 0.500  lr 3.0e-04  fps   5504    41.5s
it  144/4000  reward     nan  ep_len    nan  fell    0  err_xy 0.110  std 0.500  lr 3.0e-04  fps   5467    41.8s
it  145/4000  reward     nan  ep_len    nan  fell    0  err_xy 0.102  std 0.500  lr 3.0e-04  fps   4860    42.1s
it  146/4000  reward     nan  ep_len    nan  fell    0  err_xy 0.109  std 0.500  lr 3.0e-04  fps   5116    42.4s
it  147/4000  reward     nan  ep_len    nan  fell    0  err_xy 0.102  std 0.500  lr 3.0e-04  fps   5218    42.7s
it  148/4000  reward     nan  ep_len    nan  fell    0  err_xy 0.102  std 0.500  lr 3.0e-04  fps   5314    43.0s
it  149/4000  reward     nan  ep_len    nan  fell    0  err_xy 0.099  std 0.499  lr 3.0e-04  fps   5403    43.3s
it  150/4000  reward   36.07  ep_len  400.0  fell    0  err_xy 0.108  std 0.499  lr 3.0e-04  fps   3503    43.7s
it  151/4000  reward     nan  ep_len    nan  fell    0  err_xy 0.208  std 0.500  lr 3.0e-04  fps   5272    44.0s
it  152/4000  reward     nan  ep_len    nan  fell    0  err_xy 0.171  std 0.500  lr 3.0e-04  fps   5318    44.3s
it  153/4000  reward     nan  ep_len    nan  fell    0  err_xy 0.140  std 0.500  lr 3.0e-04  fps   5034    44.6s
it  154/4000  reward     nan  ep_len    nan  fell    0  err_xy 0.120  std 0.500  lr 3.0e-04  fps   4981    44.9s
it  155/4000  reward     nan  ep_len    nan  fell    0  err_xy 0.108  std 0.500  lr 3.0e-04  fps   5245    45.2s
it  156/4000  reward     nan  ep_len    nan  fell    0  err_xy 0.112  std 0.500  lr 3.0e-04  fps   5491    45.5s
it  157/4000  reward     nan  ep_len    nan  fell    0  err_xy 0.112  std 0.500  lr 3.0e-04  fps   5566    45.8s
it  158/4000  reward     nan  ep_len    nan  fell    0  err_xy 0.109  std 0.500  lr 3.0e-04  fps   5428    46.1s
it  159/4000  reward     nan  ep_len    nan  fell    0  err_xy 0.117  std 0.500  lr 3.0e-04  fps   5103    46.4s
it  160/4000  reward     nan  ep_len    nan  fell    0  err_xy 0.124  std 0.500  lr 3.0e-04  fps   5115    46.7s
it  161/4000  reward     nan  ep_len    nan  fell    0  err_xy 0.121  std 0.500  lr 3.0e-04  fps   5591    46.9s
it  162/4000  reward     nan  ep_len    nan  fell    0  err_xy 0.118  std 0.500  lr 3.0e-04  fps   5326    47.2s
it  163/4000  reward     nan  ep_len    nan  fell    0  err_xy 0.117  std 0.500  lr 3.0e-04  fps   5418    47.5s
it  164/4000  reward     nan  ep_len    nan  fell    0  err_xy 0.109  std 0.500  lr 3.0e-04  fps   5515    47.8s
it  165/4000  reward     nan  ep_len    nan  fell    0  err_xy 0.110  std 0.500  lr 3.0e-04  fps   5052    48.1s
it  166/4000  reward     nan  ep_len    nan  fell    0  err_xy 0.115  std 0.500  lr 3.0e-04  fps   5219    48.4s
it  167/4000  reward   36.69  ep_len  400.0  fell    0  err_xy 0.133  std 0.500  lr 3.0e-04  fps   4173    48.7s
it  168/4000  reward     nan  ep_len    nan  fell    0  err_xy 0.230  std 0.500  lr 3.0e-04  fps   5427    49.0s
it  169/4000  reward     nan  ep_len    nan  fell    0  err_xy 0.174  std 0.500  lr 3.0e-04  fps   5470    49.3s
it  170/4000  reward     nan  ep_len    nan  fell    0  err_xy 0.144  std 0.500  lr 3.0e-04  fps   5464    49.6s
it  171/4000  reward     nan  ep_len    nan  fell    0  err_xy 0.126  std 0.500  lr 3.0e-04  fps   5509    49.9s
it  172/4000  reward     nan  ep_len    nan  fell    0  err_xy 0.128  std 0.500  lr 3.0e-04  fps   5091    50.2s
it  173/4000  reward     nan  ep_len    nan  fell    0  err_xy 0.135  std 0.500  lr 3.0e-04  fps   5523    50.5s
it  174/4000  reward     nan  ep_len    nan  fell    0  err_xy 0.133  std 0.500  lr 3.0e-04  fps   5262    50.7s
it  175/4000  reward     nan  ep_len    nan  fell    0  err_xy 0.139  std 0.500  lr 3.0e-04  fps   5371    51.0s
it  176/4000  reward     nan  ep_len    nan  fell    0  err_xy 0.132  std 0.500  lr 3.0e-04  fps   5521    51.3s
it  177/4000  reward     nan  ep_len    nan  fell    0  err_xy 0.125  std 0.500  lr 3.0e-04  fps   5469    51.6s
it  178/4000  reward     nan  ep_len    nan  fell    0  err_xy 0.118  std 0.500  lr 3.0e-04  fps   5375    51.9s
it  179/4000  reward     nan  ep_len    nan  fell    0  err_xy 0.113  std 0.499  lr 3.0e-04  fps   5425    52.2s
it  180/4000  reward     nan  ep_len    nan  fell    0  err_xy 0.121  std 0.500  lr 3.0e-04  fps   5292    52.5s
it  181/4000  reward     nan  ep_len    nan  fell    0  err_xy 0.127  std 0.500  lr 3.0e-04  fps   5387    52.7s
it  182/4000  reward     nan  ep_len    nan  fell    0  err_xy 0.125  std 0.500  lr 3.0e-04  fps   5447    53.0s
it  183/4000  reward     nan  ep_len    nan  fell    0  err_xy 0.115  std 0.500  lr 3.0e-04  fps   4973    53.3s
it  184/4000  reward   37.50  ep_len  400.0  fell    0  err_xy 0.177  std 0.500  lr 3.0e-04  fps   3899    53.7s
it  185/4000  reward     nan  ep_len    nan  fell    0  err_xy 0.184  std 0.500  lr 3.0e-04  fps   5481    54.0s
it  186/4000  reward     nan  ep_len    nan  fell    0  err_xy 0.132  std 0.500  lr 3.0e-04  fps   5548    54.3s
it  187/4000  reward     nan  ep_len    nan  fell    0  err_xy 0.128  std 0.499  lr 3.0e-04  fps   5335    54.6s
it  188/4000  reward     nan  ep_len    nan  fell    0  err_xy 0.132  std 0.499  lr 3.0e-04  fps   5346    54.9s
it  189/4000  reward     nan  ep_len    nan  fell    0  err_xy 0.133  std 0.500  lr 3.0e-04  fps   5393    55.1s
it  190/4000  reward     nan  ep_len    nan  fell    0  err_xy 0.143  std 0.500  lr 3.0e-04  fps   5476    55.4s
it  191/4000  reward     nan  ep_len    nan  fell    0  err_xy 0.130  std 0.500  lr 3.0e-04  fps   5057    55.7s
it  192/4000  reward     nan  ep_len    nan  fell    0  err_xy 0.117  std 0.500  lr 3.0e-04  fps   5035    56.0s
it  193/4000  reward     nan  ep_len    nan  fell    0  err_xy 0.109  std 0.500  lr 3.0e-04  fps   5309    56.3s
it  194/4000  reward     nan  ep_len    nan  fell    0  err_xy 0.118  std 0.500  lr 3.0e-04  fps   5399    56.6s
it  195/4000  reward     nan  ep_len    nan  fell    0  err_xy 0.104  std 0.500  lr 3.0e-04  fps   5046    56.9s
it  196/4000  reward     nan  ep_len    nan  fell    0  err_xy 0.107  std 0.500  lr 3.0e-04  fps   5221    57.2s
it  197/4000  reward     nan  ep_len    nan  fell    0  err_xy 0.112  std 0.500  lr 3.0e-04  fps   5342    57.5s
it  198/4000  reward     nan  ep_len    nan  fell    0  err_xy 0.118  std 0.499  lr 3.0e-04  fps   5344    57.8s
it  199/4000  reward     nan  ep_len    nan  fell    0  err_xy 0.113  std 0.500  lr 3.0e-04  fps   5318    58.1s
it  200/4000  reward   42.83  ep_len  400.0  fell    0  err_xy 0.108  std 0.499  lr 3.0e-04  fps   4027    58.5s
eval iteration 200:
  prone          success   0.0%  time 8.00s  peak_τ 0.77 Nm  return -1.89
  supine         success   0.0%  time 8.00s  peak_τ 0.51 Nm  return -6.82
  score 0.000
it  201/4000  reward     nan  ep_len    nan  fell    0  err_xy 0.219  std 0.500  lr 3.0e-04  fps   6095    60.6s
it  202/4000  reward     nan  ep_len    nan  fell    0  err_xy 0.167  std 0.499  lr 3.0e-04  fps   4254    60.9s
it  203/4000  reward     nan  ep_len    nan  fell    0  err_xy 0.153  std 0.499  lr 3.0e-04  fps   4817    61.2s
it  204/4000  reward     nan  ep_len    nan  fell    0  err_xy 0.138  std 0.500  lr 3.0e-04  fps   5267    61.5s
it  205/4000  reward     nan  ep_len    nan  fell    0  err_xy 0.135  std 0.500  lr 3.0e-04  fps   5323    61.8s
it  206/4000  reward     nan  ep_len    nan  fell    0  err_xy 0.124  std 0.500  lr 3.0e-04  fps   5312    62.1s
it  207/4000  reward     nan  ep_len    nan  fell    0  err_xy 0.116  std 0.500  lr 3.0e-04  fps   5155    62.4s
it  208/4000  reward     nan  ep_len    nan  fell    0  err_xy 0.108  std 0.499  lr 3.0e-04  fps   5160    62.7s
it  209/4000  reward     nan  ep_len    nan  fell    0  err_xy 0.105  std 0.499  lr 3.0e-04  fps   5222    63.0s
it  210/4000  reward     nan  ep_len    nan  fell    0  err_xy 0.105  std 0.499  lr 3.0e-04  fps   5252    63.3s
it  211/4000  reward     nan  ep_len    nan  fell    0  err_xy 0.093  std 0.499  lr 3.0e-04  fps   5341    63.6s
it  212/4000  reward     nan  ep_len    nan  fell    0  err_xy 0.091  std 0.499  lr 3.0e-04  fps   5336    63.9s
it  213/4000  reward     nan  ep_len    nan  fell    0  err_xy 0.088  std 0.499  lr 3.0e-04  fps   5409    64.2s
it  214/4000  reward     nan  ep_len    nan  fell    0  err_xy 0.084  std 0.499  lr 3.0e-04  fps   5347    64.4s
it  215/4000  reward     nan  ep_len    nan  fell    0  err_xy 0.080  std 0.499  lr 3.0e-04  fps   5366    64.7s
it  216/4000  reward     nan  ep_len    nan  fell    0  err_xy 0.078  std 0.499  lr 3.0e-04  fps   5300    65.0s
it  217/4000  reward   45.79  ep_len  400.0  fell    0  err_xy 0.115  std 0.499  lr 3.0e-04  fps   3559    65.4s
it  218/4000  reward     nan  ep_len    nan  fell    0  err_xy 0.233  std 0.499  lr 3.0e-04  fps   5151    65.7s
it  219/4000  reward     nan  ep_len    nan  fell    0  err_xy 0.169  std 0.499  lr 3.0e-04  fps   5216    66.0s
it  220/4000  reward     nan  ep_len    nan  fell    0  err_xy 0.144  std 0.499  lr 3.0e-04  fps   5123    66.3s
it  221/4000  reward     nan  ep_len    nan  fell    0  err_xy 0.124  std 0.499  lr 3.0e-04  fps   5471    66.6s
it  222/4000  reward     nan  ep_len    nan  fell    0  err_xy 0.120  std 0.499  lr 3.0e-04  fps   5367    66.9s
it  223/4000  reward     nan  ep_len    nan  fell    0  err_xy 0.116  std 0.499  lr 3.0e-04  fps   5345    67.2s
it  224/4000  reward     nan  ep_len    nan  fell    0  err_xy 0.105  std 0.500  lr 3.0e-04  fps   5301    67.5s
it  225/4000  reward     nan  ep_len    nan  fell    0  err_xy 0.104  std 0.499  lr 3.0e-04  fps   5257    67.8s
it  226/4000  reward     nan  ep_len    nan  fell    0  err_xy 0.098  std 0.500  lr 3.0e-04  fps   5160    68.1s
it  227/4000  reward     nan  ep_len    nan  fell    0  err_xy 0.096  std 0.499  lr 3.0e-04  fps   4916    68.4s
it  228/4000  reward     nan  ep_len    nan  fell    0  err_xy 0.088  std 0.499  lr 3.0e-04  fps   5076    68.7s
it  229/4000  reward     nan  ep_len    nan  fell    0  err_xy 0.087  std 0.499  lr 3.0e-04  fps   5266    69.0s
it  230/4000  reward     nan  ep_len    nan  fell    0  err_xy 0.081  std 0.499  lr 3.0e-04  fps   5173    69.3s
it  231/4000  reward     nan  ep_len    nan  fell    0  err_xy 0.079  std 0.499  lr 3.0e-04  fps   5252    69.6s
it  232/4000  reward     nan  ep_len    nan  fell    0  err_xy 0.081  std 0.499  lr 3.0e-04  fps   5211    69.9s
it  233/4000  reward     nan  ep_len    nan  fell    0  err_xy 0.082  std 0.499  lr 3.0e-04  fps   5124    70.2s
it  234/4000  reward   45.88  ep_len  400.0  fell    0  err_xy 0.171  std 0.499  lr 3.0e-04  fps   4111    70.5s
it  235/4000  reward     nan  ep_len    nan  fell    0  err_xy 0.228  std 0.499  lr 3.0e-04  fps   5289    70.8s
it  236/4000  reward     nan  ep_len    nan  fell    0  err_xy 0.147  std 0.499  lr 3.0e-04  fps   5367    71.1s
it  237/4000  reward     nan  ep_len    nan  fell    0  err_xy 0.151  std 0.499  lr 3.0e-04  fps   5293    71.4s
it  238/4000  reward     nan  ep_len    nan  fell    0  err_xy 0.131  std 0.499  lr 3.0e-04  fps   5359    71.7s
it  239/4000  reward     nan  ep_len    nan  fell    0  err_xy 0.131  std 0.499  lr 3.0e-04  fps   5378    72.0s
it  240/4000  reward     nan  ep_len    nan  fell    0  err_xy 0.123  std 0.499  lr 3.0e-04  fps   5307    72.3s
it  241/4000  reward     nan  ep_len    nan  fell    0  err_xy 0.115  std 0.499  lr 3.0e-04  fps   5188    72.6s
it  242/4000  reward     nan  ep_len    nan  fell    0  err_xy 0.117  std 0.499  lr 3.0e-04  fps   5365    72.9s
it  243/4000  reward     nan  ep_len    nan  fell    0  err_xy 0.115  std 0.499  lr 3.0e-04  fps   5371    73.1s
it  244/4000  reward     nan  ep_len    nan  fell    0  err_xy 0.111  std 0.499  lr 3.0e-04  fps   5539    73.4s
it  245/4000  reward     nan  ep_len    nan  fell    0  err_xy 0.105  std 0.499  lr 3.0e-04  fps   5483    73.7s
it  246/4000  reward     nan  ep_len    nan  fell    0  err_xy 0.100  std 0.499  lr 3.0e-04  fps   5498    74.0s
it  247/4000  reward     nan  ep_len    nan  fell    0  err_xy 0.113  std 0.499  lr 3.0e-04  fps   5668    74.3s
it  248/4000  reward     nan  ep_len    nan  fell    0  err_xy 0.114  std 0.499  lr 3.0e-04  fps   5551    74.5s
it  249/4000  reward     nan  ep_len    nan  fell    0  err_xy 0.125  std 0.499  lr 3.0e-04  fps   5384    74.8s
it  250/4000  reward   43.58  ep_len  400.0  fell    0  err_xy 0.109  std 0.499  lr 3.0e-04  fps   4187    75.2s
it  251/4000  reward     nan  ep_len    nan  fell    0  err_xy 0.237  std 0.499  lr 3.0e-04  fps   5423    75.5s
it  252/4000  reward     nan  ep_len    nan  fell    0  err_xy 0.195  std 0.499  lr 3.0e-04  fps   5582    75.7s
it  253/4000  reward     nan  ep_len    nan  fell    0  err_xy 0.147  std 0.499  lr 3.0e-04  fps   5583    76.0s
it  254/4000  reward     nan  ep_len    nan  fell    0  err_xy 0.139  std 0.499  lr 3.0e-04  fps   5545    76.3s
it  255/4000  reward     nan  ep_len    nan  fell    0  err_xy 0.136  std 0.499  lr 3.0e-04  fps   5546    76.6s
it  256/4000  reward     nan  ep_len    nan  fell    0  err_xy 0.119  std 0.499  lr 3.0e-04  fps   5444    76.9s
it  257/4000  reward     nan  ep_len    nan  fell    0  err_xy 0.127  std 0.500  lr 3.0e-04  fps   5537    77.1s
it  258/4000  reward     nan  ep_len    nan  fell    0  err_xy 0.118  std 0.500  lr 3.0e-04  fps   5291    77.4s
it  259/4000  reward     nan  ep_len    nan  fell    0  err_xy 0.111  std 0.500  lr 3.0e-04  fps   5193    77.7s
it  260/4000  reward     nan  ep_len    nan  fell    0  err_xy 0.108  std 0.500  lr 3.0e-04  fps   5195    78.0s
it  261/4000  reward     nan  ep_len    nan  fell    0  err_xy 0.109  std 0.499  lr 3.0e-04  fps   5313    78.3s
it  262/4000  reward     nan  ep_len    nan  fell    0  err_xy 0.108  std 0.499  lr 3.0e-04  fps   5514    78.6s
it  263/4000  reward     nan  ep_len    nan  fell    0  err_xy 0.104  std 0.499  lr 3.0e-04  fps   5216    78.9s
it  264/4000  reward     nan  ep_len    nan  fell    0  err_xy 0.097  std 0.499  lr 3.0e-04  fps   5401    79.2s
it  265/4000  reward     nan  ep_len    nan  fell    0  err_xy 0.099  std 0.499  lr 3.0e-04  fps   5296    79.4s
it  266/4000  reward     nan  ep_len    nan  fell    0  err_xy 0.096  std 0.499  lr 3.0e-04  fps   5290    79.7s
it  267/4000  reward   45.85  ep_len  400.0  fell    0  err_xy 0.141  std 0.499  lr 3.0e-04  fps   4176    80.1s
it  268/4000  reward     nan  ep_len    nan  fell    0  err_xy 0.250  std 0.499  lr 3.0e-04  fps   5551    80.4s
it  269/4000  reward     nan  ep_len    nan  fell    0  err_xy 0.187  std 0.500  lr 3.0e-04  fps   5105    80.7s
it  270/4000  reward     nan  ep_len    nan  fell    0  err_xy 0.169  std 0.500  lr 3.0e-04  fps   5582    81.0s
it  271/4000  reward     nan  ep_len    nan  fell    0  err_xy 0.175  std 0.499  lr 3.0e-04  fps   5240    81.3s
it  272/4000  reward     nan  ep_len    nan  fell    0  err_xy 0.169  std 0.499  lr 3.0e-04  fps   5406    81.5s
it  273/4000  reward     nan  ep_len    nan  fell    0  err_xy 0.143  std 0.499  lr 3.0e-04  fps   5220    81.8s
it  274/4000  reward     nan  ep_len    nan  fell    0  err_xy 0.140  std 0.499  lr 3.0e-04  fps   5201    82.1s
it  275/4000  reward     nan  ep_len    nan  fell    0  err_xy 0.126  std 0.499  lr 3.0e-04  fps   5212    82.4s
it  276/4000  reward     nan  ep_len    nan  fell    0  err_xy 0.110  std 0.499  lr 3.0e-04  fps   5361    82.7s
it  277/4000  reward     nan  ep_len    nan  fell    0  err_xy 0.115  std 0.499  lr 3.0e-04  fps   5462    83.0s
it  278/4000  reward     nan  ep_len    nan  fell    0  err_xy 0.112  std 0.499  lr 3.0e-04  fps   5223    83.3s
it  279/4000  reward     nan  ep_len    nan  fell    0  err_xy 0.109  std 0.499  lr 3.0e-04  fps   5264    83.6s
it  280/4000  reward     nan  ep_len    nan  fell    0  err_xy 0.110  std 0.499  lr 3.0e-04  fps   5517    83.9s
it  281/4000  reward     nan  ep_len    nan  fell    0  err_xy 0.109  std 0.499  lr 3.0e-04  fps   5455    84.1s
it  282/4000  reward     nan  ep_len    nan  fell    0  err_xy 0.096  std 0.500  lr 3.0e-04  fps   5361    84.4s
it  283/4000  reward     nan  ep_len    nan  fell    0  err_xy 0.096  std 0.500  lr 3.0e-04  fps   5408    84.7s
it  284/4000  reward   48.01  ep_len  400.0  fell    0  err_xy 0.205  std 0.500  lr 3.0e-04  fps   4131    85.1s
it  285/4000  reward     nan  ep_len    nan  fell    0  err_xy 0.246  std 0.500  lr 3.0e-04  fps   5595    85.4s
it  286/4000  reward     nan  ep_len    nan  fell    0  err_xy 0.164  std 0.500  lr 3.0e-04  fps   5455    85.6s
it  287/4000  reward     nan  ep_len    nan  fell    0  err_xy 0.157  std 0.500  lr 3.0e-04  fps   5315    85.9s
it  288/4000  reward     nan  ep_len    nan  fell    0  err_xy 0.157  std 0.500  lr 3.0e-04  fps   5419    86.2s
it  289/4000  reward     nan  ep_len    nan  fell    0  err_xy 0.131  std 0.500  lr 3.0e-04  fps   5265    86.5s
it  290/4000  reward     nan  ep_len    nan  fell    0  err_xy 0.145  std 0.500  lr 3.0e-04  fps   5133    86.8s
it  291/4000  reward     nan  ep_len    nan  fell    0  err_xy 0.140  std 0.500  lr 3.0e-04  fps   5427    87.1s
it  292/4000  reward     nan  ep_len    nan  fell    0  err_xy 0.121  std 0.500  lr 3.0e-04  fps   5386    87.4s
it  293/4000  reward     nan  ep_len    nan  fell    0  err_xy 0.119  std 0.500  lr 3.0e-04  fps   5469    87.7s
it  294/4000  reward     nan  ep_len    nan  fell    0  err_xy 0.118  std 0.500  lr 3.0e-04  fps   5350    87.9s
it  295/4000  reward     nan  ep_len    nan  fell    0  err_xy 0.112  std 0.500  lr 3.0e-04  fps   5143    88.2s
it  296/4000  reward     nan  ep_len    nan  fell    0  err_xy 0.099  std 0.500  lr 3.0e-04  fps   4966    88.5s
it  297/4000  reward     nan  ep_len    nan  fell    0  err_xy 0.105  std 0.500  lr 3.0e-04  fps   5192    88.8s
it  298/4000  reward     nan  ep_len    nan  fell    0  err_xy 0.101  std 0.500  lr 3.0e-04  fps   5323    89.1s
it  299/4000  reward     nan  ep_len    nan  fell    0  err_xy 0.096  std 0.500  lr 3.0e-04  fps   5386    89.4s
it  300/4000  reward   48.98  ep_len  400.0  fell    0  err_xy 0.098  std 0.500  lr 3.0e-04  fps   3906    89.8s
it  301/4000  reward     nan  ep_len    nan  fell    0  err_xy 0.263  std 0.500  lr 3.0e-04  fps   5018    90.1s
it  302/4000  reward     nan  ep_len    nan  fell    0  err_xy 0.231  std 0.500  lr 3.0e-04  fps   5370    90.4s
it  303/4000  reward     nan  ep_len    nan  fell    0  err_xy 0.210  std 0.500  lr 3.0e-04  fps   5479    90.7s
it  304/4000  reward     nan  ep_len    nan  fell    0  err_xy 0.191  std 0.500  lr 3.0e-04  fps   5478    91.0s
it  305/4000  reward     nan  ep_len    nan  fell    0  err_xy 0.152  std 0.500  lr 3.0e-04  fps   5273    91.3s
it  306/4000  reward     nan  ep_len    nan  fell    0  err_xy 0.155  std 0.500  lr 3.0e-04  fps   5001    91.6s
it  307/4000  reward     nan  ep_len    nan  fell    0  err_xy 0.139  std 0.500  lr 3.0e-04  fps   5183    91.9s
it  308/4000  reward     nan  ep_len    nan  fell    0  err_xy 0.128  std 0.500  lr 3.0e-04  fps   5272    92.2s
it  309/4000  reward     nan  ep_len    nan  fell    0  err_xy 0.126  std 0.500  lr 3.0e-04  fps   5410    92.4s
it  310/4000  reward     nan  ep_len    nan  fell    0  err_xy 0.128  std 0.500  lr 3.0e-04  fps   5317    92.7s
it  311/4000  reward     nan  ep_len    nan  fell    0  err_xy 0.118  std 0.500  lr 3.0e-04  fps   5414    93.0s
it  312/4000  reward     nan  ep_len    nan  fell    0  err_xy 0.112  std 0.500  lr 3.0e-04  fps   5422    93.3s
it  313/4000  reward     nan  ep_len    nan  fell    0  err_xy 0.108  std 0.499  lr 3.0e-04  fps   5422    93.6s
it  314/4000  reward     nan  ep_len    nan  fell    0  err_xy 0.111  std 0.500  lr 3.0e-04  fps   5234    93.9s
it  315/4000  reward     nan  ep_len    nan  fell    0  err_xy 0.110  std 0.500  lr 3.0e-04  fps   5178    94.2s
it  316/4000  reward     nan  ep_len    nan  fell    0  err_xy 0.101  std 0.500  lr 3.0e-04  fps   5248    94.5s
it  317/4000  reward   50.22  ep_len  400.0  fell    0  err_xy 0.149  std 0.500  lr 3.0e-04  fps   3998    94.8s
it  318/4000  reward     nan  ep_len    nan  fell    0  err_xy 0.286  std 0.500  lr 3.0e-04  fps   5269    95.1s
it  319/4000  reward     nan  ep_len    nan  fell    0  err_xy 0.195  std 0.500  lr 3.0e-04  fps   5039    95.4s
it  320/4000  reward     nan  ep_len    nan  fell    0  err_xy 0.183  std 0.500  lr 3.0e-04  fps   4979    95.8s
it  321/4000  reward     nan  ep_len    nan  fell    0  err_xy 0.155  std 0.500  lr 3.0e-04  fps   5087    96.1s
it  322/4000  reward     nan  ep_len    nan  fell    0  err_xy 0.140  std 0.500  lr 3.0e-04  fps   5243    96.3s
it  323/4000  reward     nan  ep_len    nan  fell    0  err_xy 0.127  std 0.500  lr 3.0e-04  fps   5233    96.6s
it  324/4000  reward     nan  ep_len    nan  fell    0  err_xy 0.127  std 0.500  lr 3.0e-04  fps   5064    96.9s
it  325/4000  reward     nan  ep_len    nan  fell    0  err_xy 0.117  std 0.500  lr 3.0e-04  fps   5298    97.2s
it  326/4000  reward     nan  ep_len    nan  fell    0  err_xy 0.127  std 0.500  lr 3.0e-04  fps   5160    97.5s
it  327/4000  reward     nan  ep_len    nan  fell    0  err_xy 0.114  std 0.500  lr 3.0e-04  fps   5242    97.8s
it  328/4000  reward     nan  ep_len    nan  fell    0  err_xy 0.108  std 0.500  lr 3.0e-04  fps   5419    98.1s
it  329/4000  reward     nan  ep_len    nan  fell    0  err_xy 0.107  std 0.500  lr 3.0e-04  fps   5495    98.4s
it  330/4000  reward     nan  ep_len    nan  fell    0  err_xy 0.100  std 0.500  lr 3.0e-04  fps   5133    98.7s
it  331/4000  reward     nan  ep_len    nan  fell    0  err_xy 0.100  std 0.500  lr 3.0e-04  fps   5028    99.0s
it  332/4000  reward     nan  ep_len    nan  fell    0  err_xy 0.100  std 0.500  lr 3.0e-04  fps   5142    99.3s
it  333/4000  reward     nan  ep_len    nan  fell    0  err_xy 0.092  std 0.500  lr 3.0e-04  fps   5367    99.6s
it  334/4000  reward   51.55  ep_len  400.0  fell    0  err_xy 0.195  std 0.500  lr 3.0e-04  fps   4169   100.0s
it  335/4000  reward     nan  ep_len    nan  fell    0  err_xy 0.244  std 0.500  lr 3.0e-04  fps   5631   100.2s
it  336/4000  reward     nan  ep_len    nan  fell    0  err_xy 0.180  std 0.500  lr 3.0e-04  fps   5618   100.5s
it  337/4000  reward     nan  ep_len    nan  fell    0  err_xy 0.165  std 0.500  lr 3.0e-04  fps   5467   100.8s
it  338/4000  reward     nan  ep_len    nan  fell    0  err_xy 0.146  std 0.500  lr 3.0e-04  fps   5324   101.1s
it  339/4000  reward     nan  ep_len    nan  fell    0  err_xy 0.149  std 0.500  lr 3.0e-04  fps   5145   101.4s
it  340/4000  reward     nan  ep_len    nan  fell    0  err_xy 0.147  std 0.500  lr 3.0e-04  fps   5096   101.7s
it  341/4000  reward     nan  ep_len    nan  fell    0  err_xy 0.162  std 0.500  lr 3.0e-04  fps   4989   102.0s
it  342/4000  reward     nan  ep_len    nan  fell    0  err_xy 0.157  std 0.500  lr 3.0e-04  fps   5075   102.3s
it  343/4000  reward     nan  ep_len    nan  fell    0  err_xy 0.176  std 0.500  lr 3.0e-04  fps   5024   102.6s
it  344/4000  reward     nan  ep_len    nan  fell    0  err_xy 0.146  std 0.500  lr 3.0e-04  fps   5501   102.9s
it  345/4000  reward     nan  ep_len    nan  fell    0  err_xy 0.143  std 0.499  lr 3.0e-04  fps   5488   103.1s
it  346/4000  reward     nan  ep_len    nan  fell    0  err_xy 0.123  std 0.500  lr 3.0e-04  fps   5569   103.4s
it  347/4000  reward     nan  ep_len    nan  fell    0  err_xy 0.113  std 0.500  lr 3.0e-04  fps   5464   103.7s
it  348/4000  reward     nan  ep_len    nan  fell    0  err_xy 0.111  std 0.500  lr 3.0e-04  fps   5491   104.0s
it  349/4000  reward     nan  ep_len    nan  fell    0  err_xy 0.110  std 0.500  lr 3.0e-04  fps   5331   104.3s
it  350/4000  reward   47.23  ep_len  400.0  fell    0  err_xy 0.111  std 0.500  lr 3.0e-04  fps   4043   104.6s
it  351/4000  reward     nan  ep_len    nan  fell    0  err_xy 0.264  std 0.500  lr 3.0e-04  fps   5300   104.9s
it  352/4000  reward     nan  ep_len    nan  fell    0  err_xy 0.214  std 0.500  lr 3.0e-04  fps   5281   105.2s
it  353/4000  reward     nan  ep_len    nan  fell    0  err_xy 0.177  std 0.500  lr 3.0e-04  fps   5456   105.5s
it  354/4000  reward     nan  ep_len    nan  fell    0  err_xy 0.159  std 0.500  lr 3.0e-04  fps   5435   105.8s
it  355/4000  reward     nan  ep_len    nan  fell    0  err_xy 0.138  std 0.500  lr 3.0e-04  fps   5446   106.1s
it  356/4000  reward     nan  ep_len    nan  fell    0  err_xy 0.125  std 0.500  lr 3.0e-04  fps   5375   106.4s
it  357/4000  reward     nan  ep_len    nan  fell    0  err_xy 0.102  std 0.500  lr 3.0e-04  fps   5431   106.6s
it  358/4000  reward     nan  ep_len    nan  fell    0  err_xy 0.097  std 0.500  lr 3.0e-04  fps   5313   106.9s
it  359/4000  reward     nan  ep_len    nan  fell    0  err_xy 0.088  std 0.500  lr 3.0e-04  fps   5340   107.2s
it  360/4000  reward     nan  ep_len    nan  fell    0  err_xy 0.090  std 0.500  lr 3.0e-04  fps   5371   107.5s
it  361/4000  reward     nan  ep_len    nan  fell    0  err_xy 0.091  std 0.499  lr 3.0e-04  fps   5361   107.8s
it  362/4000  reward     nan  ep_len    nan  fell    0  err_xy 0.091  std 0.499  lr 3.0e-04  fps   5447   108.1s
it  363/4000  reward     nan  ep_len    nan  fell    0  err_xy 0.090  std 0.499  lr 3.0e-04  fps   5425   108.4s
it  364/4000  reward     nan  ep_len    nan  fell    0  err_xy 0.090  std 0.499  lr 3.0e-04  fps   5450   108.6s
it  365/4000  reward     nan  ep_len    nan  fell    0  err_xy 0.087  std 0.499  lr 3.0e-04  fps   5137   108.9s
it  366/4000  reward     nan  ep_len    nan  fell    0  err_xy 0.089  std 0.499  lr 3.0e-04  fps   5305   109.2s
it  367/4000  reward   54.01  ep_len  400.0  fell    0  err_xy 0.132  std 0.499  lr 3.0e-04  fps   4080   109.6s
it  368/4000  reward     nan  ep_len    nan  fell    0  err_xy 0.246  std 0.499  lr 3.0e-04  fps   5401   109.9s
it  369/4000  reward     nan  ep_len    nan  fell    0  err_xy 0.168  std 0.500  lr 3.0e-04  fps   5626   110.2s
it  370/4000  reward     nan  ep_len    nan  fell    0  err_xy 0.161  std 0.500  lr 3.0e-04  fps   5543   110.4s
it  371/4000  reward     nan  ep_len    nan  fell    0  err_xy 0.149  std 0.500  lr 3.0e-04  fps   5563   110.7s
it  372/4000  reward     nan  ep_len    nan  fell    0  err_xy 0.135  std 0.500  lr 3.0e-04  fps   5600   111.0s
it  373/4000  reward     nan  ep_len    nan  fell    0  err_xy 0.131  std 0.499  lr 3.0e-04  fps   5604   111.3s
it  374/4000  reward     nan  ep_len    nan  fell    0  err_xy 0.119  std 0.500  lr 3.0e-04  fps   5611   111.5s
it  375/4000  reward     nan  ep_len    nan  fell    0  err_xy 0.114  std 0.500  lr 3.0e-04  fps   5632   111.8s
it  376/4000  reward     nan  ep_len    nan  fell    0  err_xy 0.106  std 0.500  lr 3.0e-04  fps   5589   112.1s
it  377/4000  reward     nan  ep_len    nan  fell    0  err_xy 0.108  std 0.500  lr 3.0e-04  fps   5595   112.4s
it  378/4000  reward     nan  ep_len    nan  fell    0  err_xy 0.103  std 0.500  lr 3.0e-04  fps   5532   112.6s
it  379/4000  reward     nan  ep_len    nan  fell    0  err_xy 0.106  std 0.500  lr 3.0e-04  fps   5625   112.9s
it  380/4000  reward     nan  ep_len    nan  fell    0  err_xy 0.106  std 0.499  lr 3.0e-04  fps   5623   113.2s
it  381/4000  reward     nan  ep_len    nan  fell    0  err_xy 0.104  std 0.499  lr 3.0e-04  fps   5728   113.5s
it  382/4000  reward     nan  ep_len    nan  fell    0  err_xy 0.098  std 0.499  lr 3.0e-04  fps   5267   113.8s
it  383/4000  reward     nan  ep_len    nan  fell    0  err_xy 0.102  std 0.500  lr 3.0e-04  fps   5595   114.0s
it  384/4000  reward   45.37  ep_len  400.0  fell    0  err_xy 0.208  std 0.500  lr 3.0e-04  fps   4396   114.4s
it  385/4000  reward     nan  ep_len    nan  fell    0  err_xy 0.229  std 0.499  lr 3.0e-04  fps   5544   114.7s
it  386/4000  reward     nan  ep_len    nan  fell    0  err_xy 0.180  std 0.499  lr 3.0e-04  fps   5683   114.9s
it  387/4000  reward     nan  ep_len    nan  fell    0  err_xy 0.163  std 0.500  lr 3.0e-04  fps   5663   115.2s
it  388/4000  reward     nan  ep_len    nan  fell    0  err_xy 0.135  std 0.500  lr 3.0e-04  fps   5546   115.5s
it  389/4000  reward     nan  ep_len    nan  fell    0  err_xy 0.113  std 0.500  lr 3.0e-04  fps   5424   115.8s
it  390/4000  reward     nan  ep_len    nan  fell    0  err_xy 0.115  std 0.499  lr 3.0e-04  fps   5437   116.0s
it  391/4000  reward     nan  ep_len    nan  fell    0  err_xy 0.116  std 0.500  lr 3.0e-04  fps   5464   116.3s
it  392/4000  reward     nan  ep_len    nan  fell    0  err_xy 0.119  std 0.500  lr 3.0e-04  fps   5463   116.6s
it  393/4000  reward     nan  ep_len    nan  fell    0  err_xy 0.112  std 0.500  lr 3.0e-04  fps   5410   116.9s
it  394/4000  reward     nan  ep_len    nan  fell    0  err_xy 0.118  std 0.500  lr 3.0e-04  fps   5455   117.2s
it  395/4000  reward     nan  ep_len    nan  fell    0  err_xy 0.112  std 0.500  lr 3.0e-04  fps   5360   117.5s
it  396/4000  reward     nan  ep_len    nan  fell    0  err_xy 0.114  std 0.500  lr 3.0e-04  fps   5413   117.7s
it  397/4000  reward     nan  ep_len    nan  fell    0  err_xy 0.115  std 0.500  lr 3.0e-04  fps   5406   118.0s
it  398/4000  reward     nan  ep_len    nan  fell    0  err_xy 0.125  std 0.500  lr 3.0e-04  fps   5583   118.3s
it  399/4000  reward     nan  ep_len    nan  fell    0  err_xy 0.130  std 0.500  lr 3.0e-04  fps   6279   118.5s
it  400/4000  reward   52.76  ep_len  400.0  fell    0  err_xy 0.142  std 0.500  lr 3.0e-04  fps   4757   118.9s
eval iteration 400:
  prone          success   0.0%  time 8.00s  peak_τ 0.81 Nm  return -6.42
  supine         success   0.0%  time 8.00s  peak_τ 0.74 Nm  return -8.00
  score 0.000
it  401/4000  reward     nan  ep_len    nan  fell    0  err_xy 0.249  std 0.500  lr 3.0e-04  fps   5415   121.0s
it  402/4000  reward     nan  ep_len    nan  fell    0  err_xy 0.212  std 0.500  lr 3.0e-04  fps   5589   121.3s
it  403/4000  reward     nan  ep_len    nan  fell    0  err_xy 0.172  std 0.500  lr 3.0e-04  fps   5521   121.6s
it  404/4000  reward     nan  ep_len    nan  fell    0  err_xy 0.139  std 0.500  lr 3.0e-04  fps   5345   121.9s
it  405/4000  reward     nan  ep_len    nan  fell    0  err_xy 0.123  std 0.500  lr 3.0e-04  fps   5040   122.2s
it  406/4000  reward     nan  ep_len    nan  fell    0  err_xy 0.121  std 0.500  lr 3.0e-04  fps   5114   122.5s
it  407/4000  reward     nan  ep_len    nan  fell    0  err_xy 0.109  std 0.500  lr 3.0e-04  fps   4622   122.8s
it  408/4000  reward     nan  ep_len    nan  fell    0  err_xy 0.114  std 0.500  lr 3.0e-04  fps   5107   123.1s
it  409/4000  reward     nan  ep_len    nan  fell    0  err_xy 0.108  std 0.500  lr 3.0e-04  fps   5073   123.4s
it  410/4000  reward     nan  ep_len    nan  fell    0  err_xy 0.109  std 0.500  lr 3.0e-04  fps   5375   123.7s
it  411/4000  reward     nan  ep_len    nan  fell    0  err_xy 0.110  std 0.500  lr 3.0e-04  fps   5137   124.0s
it  412/4000  reward     nan  ep_len    nan  fell    0  err_xy 0.115  std 0.500  lr 3.0e-04  fps   5012   124.3s
it  413/4000  reward     nan  ep_len    nan  fell    0  err_xy 0.108  std 0.499  lr 3.0e-04  fps   4930   124.6s
it  414/4000  reward     nan  ep_len    nan  fell    0  err_xy 0.105  std 0.499  lr 3.0e-04  fps   4927   124.9s
it  415/4000  reward     nan  ep_len    nan  fell    0  err_xy 0.102  std 0.499  lr 3.0e-04  fps   5194   125.2s
it  416/4000  reward     nan  ep_len    nan  fell    0  err_xy 0.099  std 0.499  lr 3.0e-04  fps   4975   125.6s
it  417/4000  reward   55.71  ep_len  400.0  fell    0  err_xy 0.156  std 0.499  lr 3.0e-04  fps   3929   125.9s
it  418/4000  reward     nan  ep_len    nan  fell    0  err_xy 0.246  std 0.499  lr 3.0e-04  fps   5384   126.2s
it  419/4000  reward     nan  ep_len    nan  fell    0  err_xy 0.178  std 0.499  lr 3.0e-04  fps   5511   126.5s
it  420/4000  reward     nan  ep_len    nan  fell    0  err_xy 0.148  std 0.499  lr 3.0e-04  fps   5515   126.8s
it  421/4000  reward     nan  ep_len    nan  fell    0  err_xy 0.131  std 0.500  lr 3.0e-04  fps   5374   127.1s
it  422/4000  reward     nan  ep_len    nan  fell    0  err_xy 0.134  std 0.500  lr 3.0e-04  fps   4970   127.4s
it  423/4000  reward     nan  ep_len    nan  fell    0  err_xy 0.114  std 0.500  lr 3.0e-04  fps   5229   127.7s
it  424/4000  reward     nan  ep_len    nan  fell    0  err_xy 0.118  std 0.500  lr 3.0e-04  fps   5211   128.0s
it  425/4000  reward     nan  ep_len    nan  fell    0  err_xy 0.129  std 0.500  lr 3.0e-04  fps   5244   128.3s
it  426/4000  reward     nan  ep_len    nan  fell    0  err_xy 0.125  std 0.499  lr 3.0e-04  fps   5420   128.6s
it  427/4000  reward     nan  ep_len    nan  fell    0  err_xy 0.124  std 0.499  lr 3.0e-04  fps   5482   128.8s
it  428/4000  reward     nan  ep_len    nan  fell    0  err_xy 0.124  std 0.499  lr 3.0e-04  fps   5464   129.1s
it  429/4000  reward     nan  ep_len    nan  fell    0  err_xy 0.138  std 0.499  lr 3.0e-04  fps   5484   129.4s
it  430/4000  reward     nan  ep_len    nan  fell    0  err_xy 0.108  std 0.499  lr 3.0e-04  fps   5531   129.7s
it  431/4000  reward     nan  ep_len    nan  fell    0  err_xy 0.107  std 0.499  lr 3.0e-04  fps   5370   130.0s
it  432/4000  reward     nan  ep_len    nan  fell    0  err_xy 0.106  std 0.499  lr 3.0e-04  fps   5487   130.2s
it  433/4000  reward     nan  ep_len    nan  fell    0  err_xy 0.105  std 0.499  lr 3.0e-04  fps   5555   130.5s
it  434/4000  reward   52.24  ep_len  400.0  fell    0  err_xy 0.202  std 0.499  lr 3.0e-04  fps   4282   130.9s
it  435/4000  reward     nan  ep_len    nan  fell    0  err_xy 0.225  std 0.499  lr 3.0e-04  fps   5704   131.1s
it  436/4000  reward     nan  ep_len    nan  fell    0  err_xy 0.185  std 0.499  lr 3.0e-04  fps   5606   131.4s
it  437/4000  reward     nan  ep_len    nan  fell    0  err_xy 0.144  std 0.499  lr 3.0e-04  fps   5472   131.7s
it  438/4000  reward     nan  ep_len    nan  fell    0  err_xy 0.138  std 0.499  lr 3.0e-04  fps   5453   132.0s
it  439/4000  reward     nan  ep_len    nan  fell    0  err_xy 0.125  std 0.499  lr 3.0e-04  fps   5421   132.3s
it  440/4000  reward     nan  ep_len    nan  fell    0  err_xy 0.109  std 0.499  lr 3.0e-04  fps   5422   132.5s
it  441/4000  reward     nan  ep_len    nan  fell    0  err_xy 0.104  std 0.500  lr 3.0e-04  fps   5256   132.8s
it  442/4000  reward     nan  ep_len    nan  fell    0  err_xy 0.102  std 0.499  lr 3.0e-04  fps   5253   133.1s
it  443/4000  reward     nan  ep_len    nan  fell    0  err_xy 0.101  std 0.499  lr 3.0e-04  fps   5348   133.4s
it  444/4000  reward     nan  ep_len    nan  fell    0  err_xy 0.108  std 0.499  lr 3.0e-04  fps   5274   133.7s
it  445/4000  reward     nan  ep_len    nan  fell    0  err_xy 0.102  std 0.499  lr 3.0e-04  fps   5301   134.0s
it  446/4000  reward     nan  ep_len    nan  fell    0  err_xy 0.098  std 0.499  lr 3.0e-04  fps   5311   134.3s
it  447/4000  reward     nan  ep_len    nan  fell    0  err_xy 0.099  std 0.499  lr 3.0e-04  fps   5331   134.6s
it  448/4000  reward     nan  ep_len    nan  fell    0  err_xy 0.097  std 0.500  lr 3.0e-04  fps   5314   134.9s
it  449/4000  reward     nan  ep_len    nan  fell    0  err_xy 0.093  std 0.500  lr 3.0e-04  fps   5290   135.2s
it  450/4000  reward   55.22  ep_len  400.0  fell    0  err_xy 0.092  std 0.500  lr 3.0e-04  fps   4167   135.5s
it  451/4000  reward     nan  ep_len    nan  fell    0  err_xy 0.230  std 0.500  lr 3.0e-04  fps   5466   135.8s
it  452/4000  reward     nan  ep_len    nan  fell    0  err_xy 0.169  std 0.500  lr 3.0e-04  fps   5450   136.1s
it  453/4000  reward     nan  ep_len    nan  fell    0  err_xy 0.135  std 0.499  lr 3.0e-04  fps   5134   136.4s
it  454/4000  reward     nan  ep_len    nan  fell    0  err_xy 0.109  std 0.499  lr 3.0e-04  fps   5104   136.7s
it  455/4000  reward     nan  ep_len    nan  fell    0  err_xy 0.112  std 0.500  lr 3.0e-04  fps   5366   137.0s
it  456/4000  reward     nan  ep_len    nan  fell    0  err_xy 0.107  std 0.500  lr 3.0e-04  fps   4757   137.3s
it  457/4000  reward     nan  ep_len    nan  fell    0  err_xy 0.105  std 0.500  lr 3.0e-04  fps   5034   137.6s
it  458/4000  reward     nan  ep_len    nan  fell    0  err_xy 0.116  std 0.500  lr 3.0e-04  fps   5142   137.9s
it  459/4000  reward     nan  ep_len    nan  fell    0  err_xy 0.122  std 0.500  lr 3.0e-04  fps   5340   138.2s
it  460/4000  reward     nan  ep_len    nan  fell    0  err_xy 0.110  std 0.500  lr 3.0e-04  fps   5477   138.5s
it  461/4000  reward     nan  ep_len    nan  fell    0  err_xy 0.111  std 0.500  lr 3.0e-04  fps   5347   138.8s
it  462/4000  reward     nan  ep_len    nan  fell    0  err_xy 0.104  std 0.500  lr 3.0e-04  fps   5279   139.1s
it  463/4000  reward     nan  ep_len    nan  fell    0  err_xy 0.105  std 0.500  lr 3.0e-04  fps   5111   139.4s
it  464/4000  reward     nan  ep_len    nan  fell    0  err_xy 0.102  std 0.500  lr 3.0e-04  fps   5355   139.6s
it  465/4000  reward     nan  ep_len    nan  fell    0  err_xy 0.093  std 0.500  lr 3.0e-04  fps   5302   139.9s
it  466/4000  reward     nan  ep_len    nan  fell    0  err_xy 0.095  std 0.500  lr 3.0e-04  fps   5271   140.2s
it  467/4000  reward   53.89  ep_len  400.0  fell    0  err_xy 0.139  std 0.500  lr 3.0e-04  fps   3973   140.6s
it  468/4000  reward     nan  ep_len    nan  fell    0  err_xy 0.222  std 0.500  lr 3.0e-04  fps   5351   140.9s
it  469/4000  reward     nan  ep_len    nan  fell    0  err_xy 0.150  std 0.500  lr 3.0e-04  fps   5377   141.2s
it  470/4000  reward     nan  ep_len    nan  fell    0  err_xy 0.136  std 0.500  lr 3.0e-04  fps   5375   141.5s
it  471/4000  reward     nan  ep_len    nan  fell    0  err_xy 0.134  std 0.499  lr 3.0e-04  fps   5297   141.8s
it  472/4000  reward     nan  ep_len    nan  fell    0  err_xy 0.141  std 0.499  lr 3.0e-04  fps   5218   142.1s
it  473/4000  reward     nan  ep_len    nan  fell    0  err_xy 0.122  std 0.499  lr 3.0e-04  fps   5299   142.3s
it  474/4000  reward     nan  ep_len    nan  fell    0  err_xy 0.111  std 0.499  lr 3.0e-04  fps   5174   142.6s
it  475/4000  reward     nan  ep_len    nan  fell    0  err_xy 0.105  std 0.499  lr 3.0e-04  fps   5276   142.9s
it  476/4000  reward     nan  ep_len    nan  fell    0  err_xy 0.105  std 0.499  lr 3.0e-04  fps   5230   143.2s
it  477/4000  reward     nan  ep_len    nan  fell    0  err_xy 0.110  std 0.499  lr 3.0e-04  fps   5072   143.5s
it  478/4000  reward     nan  ep_len    nan  fell    0  err_xy 0.108  std 0.499  lr 3.0e-04  fps   5158   143.8s
it  479/4000  reward     nan  ep_len    nan  fell    0  err_xy 0.110  std 0.499  lr 3.0e-04  fps   5057   144.1s
it  480/4000  reward     nan  ep_len    nan  fell    0  err_xy 0.106  std 0.500  lr 3.0e-04  fps   5265   144.4s
it  481/4000  reward     nan  ep_len    nan  fell    0  err_xy 0.109  std 0.500  lr 3.0e-04  fps   5168   144.7s
it  482/4000  reward     nan  ep_len    nan  fell    0  err_xy 0.113  std 0.500  lr 3.0e-04  fps   5149   145.0s
it  483/4000  reward     nan  ep_len    nan  fell    0  err_xy 0.110  std 0.500  lr 3.0e-04  fps   5124   145.3s
it  484/4000  reward   53.50  ep_len  400.0  fell    0  err_xy 0.198  std 0.500  lr 3.0e-04  fps   3921   145.7s
it  485/4000  reward     nan  ep_len    nan  fell    0  err_xy 0.197  std 0.500  lr 3.0e-04  fps   5210   146.0s
it  486/4000  reward     nan  ep_len    nan  fell    0  err_xy 0.154  std 0.500  lr 3.0e-04  fps   5235   146.3s
it  487/4000  reward     nan  ep_len    nan  fell    0  err_xy 0.141  std 0.500  lr 3.0e-04  fps   5270   146.6s
it  488/4000  reward     nan  ep_len    nan  fell    0  err_xy 0.129  std 0.500  lr 3.0e-04  fps   5269   146.9s
it  489/4000  reward     nan  ep_len    nan  fell    0  err_xy 0.129  std 0.500  lr 3.0e-04  fps   5268   147.2s
it  490/4000  reward     nan  ep_len    nan  fell    0  err_xy 0.122  std 0.500  lr 3.0e-04  fps   5196   147.5s
it  491/4000  reward     nan  ep_len    nan  fell    0  err_xy 0.108  std 0.500  lr 3.0e-04  fps   5189   147.8s
it  492/4000  reward     nan  ep_len    nan  fell    0  err_xy 0.114  std 0.499  lr 3.0e-04  fps   5180   148.1s
it  493/4000  reward     nan  ep_len    nan  fell    0  err_xy 0.104  std 0.500  lr 3.0e-04  fps   5258   148.4s
it  494/4000  reward     nan  ep_len    nan  fell    0  err_xy 0.108  std 0.500  lr 3.0e-04  fps   5266   148.7s
it  495/4000  reward     nan  ep_len    nan  fell    0  err_xy 0.110  std 0.500  lr 3.0e-04  fps   5196   148.9s
it  496/4000  reward     nan  ep_len    nan  fell    0  err_xy 0.102  std 0.500  lr 3.0e-04  fps   5098   149.2s
it  497/4000  reward     nan  ep_len    nan  fell    0  err_xy 0.097  std 0.500  lr 3.0e-04  fps   5284   149.5s
it  498/4000  reward     nan  ep_len    nan  fell    0  err_xy 0.100  std 0.500  lr 3.0e-04  fps   5348   149.8s
it  499/4000  reward     nan  ep_len    nan  fell    0  err_xy 0.100  std 0.500  lr 3.0e-04  fps   5252   150.1s
it  500/4000  reward   52.10  ep_len  400.0  fell    0  err_xy 0.100  std 0.500  lr 3.0e-04  fps   4126   150.5s
it  501/4000  reward     nan  ep_len    nan  fell    0  err_xy 0.221  std 0.500  lr 3.0e-04  fps   5413   150.8s
it  502/4000  reward     nan  ep_len    nan  fell    0  err_xy 0.198  std 0.500  lr 3.0e-04  fps   5526   151.1s
it  503/4000  reward     nan  ep_len    nan  fell    0  err_xy 0.167  std 0.500  lr 3.0e-04  fps   5512   151.3s
it  504/4000  reward     nan  ep_len    nan  fell    0  err_xy 0.158  std 0.500  lr 3.0e-04  fps   5327   151.6s
it  505/4000  reward     nan  ep_len    nan  fell    0  err_xy 0.146  std 0.500  lr 3.0e-04  fps   5445   151.9s
it  506/4000  reward     nan  ep_len    nan  fell    0  err_xy 0.124  std 0.500  lr 3.0e-04  fps   5439   152.2s
it  507/4000  reward     nan  ep_len    nan  fell    0  err_xy 0.119  std 0.500  lr 3.0e-04  fps   5323   152.5s
it  508/4000  reward     nan  ep_len    nan  fell    0  err_xy 0.119  std 0.500  lr 3.0e-04  fps   5353   152.8s
it  509/4000  reward     nan  ep_len    nan  fell    0  err_xy 0.117  std 0.500  lr 3.0e-04  fps   5336   153.1s
it  510/4000  reward     nan  ep_len    nan  fell    0  err_xy 0.114  std 0.500  lr 3.0e-04  fps   5368   153.3s
it  511/4000  reward     nan  ep_len    nan  fell    0  err_xy 0.098  std 0.500  lr 3.0e-04  fps   5330   153.6s
it  512/4000  reward     nan  ep_len    nan  fell    0  err_xy 0.101  std 0.500  lr 3.0e-04  fps   5124   153.9s
it  513/4000  reward     nan  ep_len    nan  fell    0  err_xy 0.101  std 0.500  lr 3.0e-04  fps   5360   154.2s
it  514/4000  reward     nan  ep_len    nan  fell    0  err_xy 0.097  std 0.500  lr 3.0e-04  fps   5413   154.5s
it  515/4000  reward     nan  ep_len    nan  fell    0  err_xy 0.101  std 0.500  lr 3.0e-04  fps   5257   154.8s
it  516/4000  reward     nan  ep_len    nan  fell    0  err_xy 0.092  std 0.500  lr 3.0e-04  fps   5283   155.1s
it  517/4000  reward   53.11  ep_len  400.0  fell    0  err_xy 0.124  std 0.500  lr 3.0e-04  fps   3979   155.5s
it  518/4000  reward     nan  ep_len    nan  fell    0  err_xy 0.227  std 0.500  lr 3.0e-04  fps   4909   155.8s
it  519/4000  reward     nan  ep_len    nan  fell    0  err_xy 0.163  std 0.500  lr 3.0e-04  fps   4698   156.1s
it  520/4000  reward     nan  ep_len    nan  fell    0  err_xy 0.137  std 0.500  lr 3.0e-04  fps   4809   156.4s
it  521/4000  reward     nan  ep_len    nan  fell    0  err_xy 0.144  std 0.500  lr 3.0e-04  fps   5093   156.7s
it  522/4000  reward     nan  ep_len    nan  fell    0  err_xy 0.143  std 0.500  lr 3.0e-04  fps   5002   157.0s
it  523/4000  reward     nan  ep_len    nan  fell    0  err_xy 0.130  std 0.500  lr 3.0e-04  fps   4919   157.3s
it  524/4000  reward     nan  ep_len    nan  fell    0  err_xy 0.120  std 0.500  lr 3.0e-04  fps   4814   157.7s
it  525/4000  reward     nan  ep_len    nan  fell    0  err_xy 0.108  std 0.500  lr 3.0e-04  fps   5048   158.0s
it  526/4000  reward     nan  ep_len    nan  fell    0  err_xy 0.111  std 0.500  lr 3.0e-04  fps   5316   158.3s
it  527/4000  reward     nan  ep_len    nan  fell    0  err_xy 0.104  std 0.500  lr 3.0e-04  fps   5206   158.6s
it  528/4000  reward     nan  ep_len    nan  fell    0  err_xy 0.109  std 0.500  lr 3.0e-04  fps   4972   158.9s
it  529/4000  reward     nan  ep_len    nan  fell    0  err_xy 0.102  std 0.500  lr 3.0e-04  fps   5026   159.2s
it  530/4000  reward     nan  ep_len    nan  fell    0  err_xy 0.099  std 0.500  lr 3.0e-04  fps   5195   159.5s
it  531/4000  reward     nan  ep_len    nan  fell    0  err_xy 0.100  std 0.500  lr 3.0e-04  fps   5299   159.8s
it  532/4000  reward     nan  ep_len    nan  fell    0  err_xy 0.099  std 0.500  lr 3.0e-04  fps   5231   160.1s
it  533/4000  reward     nan  ep_len    nan  fell    0  err_xy 0.093  std 0.500  lr 3.0e-04  fps   5136   160.4s
it  534/4000  reward   52.73  ep_len  400.0  fell    0  err_xy 0.174  std 0.500  lr 3.0e-04  fps   3844   160.8s
it  535/4000  reward     nan  ep_len    nan  fell    0  err_xy 0.188  std 0.500  lr 3.0e-04  fps   5157   161.0s
it  536/4000  reward     nan  ep_len    nan  fell    0  err_xy 0.161  std 0.500  lr 3.0e-04  fps   5375   161.3s
it  537/4000  reward     nan  ep_len    nan  fell    0  err_xy 0.157  std 0.500  lr 3.0e-04  fps   5394   161.6s
it  538/4000  reward     nan  ep_len    nan  fell    0  err_xy 0.147  std 0.500  lr 3.0e-04  fps   5235   161.9s
it  539/4000  reward     nan  ep_len    nan  fell    0  err_xy 0.140  std 0.500  lr 3.0e-04  fps   5068   162.2s
it  540/4000  reward     nan  ep_len    nan  fell    0  err_xy 0.109  std 0.500  lr 3.0e-04  fps   4898   162.5s
it  541/4000  reward     nan  ep_len    nan  fell    0  err_xy 0.108  std 0.500  lr 3.0e-04  fps   4768   162.9s
it  542/4000  reward     nan  ep_len    nan  fell    0  err_xy 0.100  std 0.499  lr 3.0e-04  fps   4792   163.2s
it  543/4000  reward     nan  ep_len    nan  fell    0  err_xy 0.097  std 0.499  lr 3.0e-04  fps   5259   163.5s
it  544/4000  reward     nan  ep_len    nan  fell    0  err_xy 0.084  std 0.499  lr 3.0e-04  fps   5038   163.8s
it  545/4000  reward     nan  ep_len    nan  fell    0  err_xy 0.084  std 0.499  lr 3.0e-04  fps   5203   164.1s
it  546/4000  reward     nan  ep_len    nan  fell    0  err_xy 0.083  std 0.499  lr 3.0e-04  fps   5150   164.4s
it  547/4000  reward     nan  ep_len    nan  fell    0  err_xy 0.087  std 0.499  lr 3.0e-04  fps   5272   164.7s
it  548/4000  reward     nan  ep_len    nan  fell    0  err_xy 0.088  std 0.499  lr 3.0e-04  fps   5192   165.0s
it  549/4000  reward     nan  ep_len    nan  fell    0  err_xy 0.076  std 0.499  lr 3.0e-04  fps   5154   165.3s
it  550/4000  reward   55.10  ep_len  400.0  fell    0  err_xy 0.081  std 0.499  lr 3.0e-04  fps   4116   165.6s
it  551/4000  reward     nan  ep_len    nan  fell    0  err_xy 0.237  std 0.499  lr 3.0e-04  fps   5502   165.9s
it  552/4000  reward     nan  ep_len    nan  fell    0  err_xy 0.179  std 0.499  lr 3.0e-04  fps   5364   166.2s
it  553/4000  reward     nan  ep_len    nan  fell    0  err_xy 0.169  std 0.500  lr 3.0e-04  fps   5322   166.5s
it  554/4000  reward     nan  ep_len    nan  fell    0  err_xy 0.159  std 0.500  lr 3.0e-04  fps   5131   166.8s
it  555/4000  reward     nan  ep_len    nan  fell    0  err_xy 0.143  std 0.500  lr 3.0e-04  fps   5095   167.1s
it  556/4000  reward     nan  ep_len    nan  fell    0  err_xy 0.121  std 0.499  lr 3.0e-04  fps   5294   167.4s
it  557/4000  reward     nan  ep_len    nan  fell    0  err_xy 0.110  std 0.499  lr 3.0e-04  fps   5338   167.7s
it  558/4000  reward     nan  ep_len    nan  fell    0  err_xy 0.103  std 0.500  lr 3.0e-04  fps   5360   167.9s
it  559/4000  reward     nan  ep_len    nan  fell    0  err_xy 0.103  std 0.500  lr 3.0e-04  fps   5013   168.3s
it  560/4000  reward     nan  ep_len    nan  fell    0  err_xy 0.090  std 0.500  lr 3.0e-04  fps   5138   168.6s
it  561/4000  reward     nan  ep_len    nan  fell    0  err_xy 0.098  std 0.500  lr 3.0e-04  fps   5129   168.9s
it  562/4000  reward     nan  ep_len    nan  fell    0  err_xy 0.090  std 0.500  lr 3.0e-04  fps   5284   169.1s
it  563/4000  reward     nan  ep_len    nan  fell    0  err_xy 0.096  std 0.500  lr 3.0e-04  fps   5414   169.4s
it  564/4000  reward     nan  ep_len    nan  fell    0  err_xy 0.099  std 0.500  lr 3.0e-04  fps   5319   169.7s
it  565/4000  reward     nan  ep_len    nan  fell    0  err_xy 0.085  std 0.500  lr 3.0e-04  fps   5311   170.0s
it  566/4000  reward     nan  ep_len    nan  fell    0  err_xy 0.084  std 0.499  lr 3.0e-04  fps   5519   170.3s
it  567/4000  reward   55.27  ep_len  400.0  fell    0  err_xy 0.125  std 0.499  lr 3.0e-04  fps   4131   170.7s
it  568/4000  reward     nan  ep_len    nan  fell    0  err_xy 0.227  std 0.500  lr 3.0e-04  fps   5417   170.9s
it  569/4000  reward     nan  ep_len    nan  fell    0  err_xy 0.172  std 0.500  lr 3.0e-04  fps   5411   171.2s
it  570/4000  reward     nan  ep_len    nan  fell    0  err_xy 0.156  std 0.500  lr 3.0e-04  fps   5281   171.5s
it  571/4000  reward     nan  ep_len    nan  fell    0  err_xy 0.157  std 0.500  lr 3.0e-04  fps   5223   171.8s
it  572/4000  reward     nan  ep_len    nan  fell    0  err_xy 0.153  std 0.500  lr 3.0e-04  fps   5095   172.1s
it  573/4000  reward     nan  ep_len    nan  fell    0  err_xy 0.130  std 0.500  lr 3.0e-04  fps   4936   172.4s
it  574/4000  reward     nan  ep_len    nan  fell    0  err_xy 0.126  std 0.500  lr 3.0e-04  fps   5204   172.7s
it  575/4000  reward     nan  ep_len    nan  fell    0  err_xy 0.116  std 0.500  lr 3.0e-04  fps   5271   173.0s
it  576/4000  reward     nan  ep_len    nan  fell    0  err_xy 0.117  std 0.500  lr 3.0e-04  fps   5340   173.3s
it  577/4000  reward     nan  ep_len    nan  fell    0  err_xy 0.149  std 0.500  lr 3.0e-04  fps   4874   173.6s
it  578/4000  reward     nan  ep_len    nan  fell    0  err_xy 0.163  std 0.500  lr 3.0e-04  fps   5283   173.9s
it  579/4000  reward     nan  ep_len    nan  fell    0  err_xy 0.159  std 0.500  lr 3.0e-04  fps   5316   174.2s
it  580/4000  reward     nan  ep_len    nan  fell    0  err_xy 0.135  std 0.500  lr 3.0e-04  fps   5297   174.5s
it  581/4000  reward     nan  ep_len    nan  fell    0  err_xy 0.142  std 0.500  lr 3.0e-04  fps   5398   174.8s
it  582/4000  reward     nan  ep_len    nan  fell    0  err_xy 0.137  std 0.500  lr 3.0e-04  fps   5429   175.1s
it  583/4000  reward     nan  ep_len    nan  fell    0  err_xy 0.119  std 0.500  lr 3.0e-04  fps   5361   175.3s
it  584/4000  reward   46.40  ep_len  400.0  fell    0  err_xy 0.189  std 0.500  lr 3.0e-04  fps   4019   175.7s
it  585/4000  reward     nan  ep_len    nan  fell    0  err_xy 0.213  std 0.500  lr 3.0e-04  fps   5352   176.0s
it  586/4000  reward     nan  ep_len    nan  fell    0  err_xy 0.168  std 0.500  lr 3.0e-04  fps   5405   176.3s
it  587/4000  reward     nan  ep_len    nan  fell    0  err_xy 0.175  std 0.500  lr 3.0e-04  fps   5376   176.6s
it  588/4000  reward     nan  ep_len    nan  fell    0  err_xy 0.155  std 0.500  lr 3.0e-04  fps   5305   176.9s
it  589/4000  reward     nan  ep_len    nan  fell    0  err_xy 0.141  std 0.500  lr 3.0e-04  fps   5274   177.2s
it  590/4000  reward     nan  ep_len    nan  fell    0  err_xy 0.121  std 0.500  lr 3.0e-04  fps   5341   177.4s
it  591/4000  reward     nan  ep_len    nan  fell    0  err_xy 0.116  std 0.500  lr 3.0e-04  fps   5183   177.7s
it  592/4000  reward     nan  ep_len    nan  fell    0  err_xy 0.114  std 0.500  lr 3.0e-04  fps   5210   178.0s
it  593/4000  reward     nan  ep_len    nan  fell    0  err_xy 0.109  std 0.500  lr 3.0e-04  fps   5064   178.3s
it  594/4000  reward     nan  ep_len    nan  fell    0  err_xy 0.114  std 0.500  lr 3.0e-04  fps   5533   178.6s
it  595/4000  reward     nan  ep_len    nan  fell    0  err_xy 0.110  std 0.500  lr 3.0e-04  fps   6047   178.9s
it  596/4000  reward     nan  ep_len    nan  fell    0  err_xy 0.108  std 0.500  lr 3.0e-04  fps   6176   179.1s
it  597/4000  reward     nan  ep_len    nan  fell    0  err_xy 0.097  std 0.500  lr 3.0e-04  fps   6202   179.4s
it  598/4000  reward     nan  ep_len    nan  fell    0  err_xy 0.094  std 0.500  lr 3.0e-04  fps   6019   179.6s
it  599/4000  reward     nan  ep_len    nan  fell    0  err_xy 0.085  std 0.500  lr 3.0e-04  fps   6086   179.9s
it  600/4000  reward   54.11  ep_len  400.0  fell    0  err_xy 0.088  std 0.500  lr 3.0e-04  fps   4662   180.2s
eval iteration 600:
  prone          success   0.0%  time 8.00s  peak_τ 0.79 Nm  return -7.58
  supine         success   0.0%  time 8.00s  peak_τ 0.85 Nm  return -7.68
  score 0.000
it  601/4000  reward     nan  ep_len    nan  fell    0  err_xy 0.237  std 0.500  lr 3.0e-04  fps   5385   182.6s
it  602/4000  reward     nan  ep_len    nan  fell    0  err_xy 0.187  std 0.500  lr 3.0e-04  fps   5217   182.9s
it  603/4000  reward     nan  ep_len    nan  fell    0  err_xy 0.143  std 0.500  lr 3.0e-04  fps   5382   183.2s
it  604/4000  reward     nan  ep_len    nan  fell    0  err_xy 0.158  std 0.500  lr 3.0e-04  fps   5234   183.5s
it  605/4000  reward     nan  ep_len    nan  fell    0  err_xy 0.162  std 0.500  lr 3.0e-04  fps   5068   183.8s
it  606/4000  reward     nan  ep_len    nan  fell    0  err_xy 0.134  std 0.500  lr 3.0e-04  fps   5094   184.1s
it  607/4000  reward     nan  ep_len    nan  fell    0  err_xy 0.137  std 0.500  lr 3.0e-04  fps   5438   184.3s
it  608/4000  reward     nan  ep_len    nan  fell    0  err_xy 0.135  std 0.500  lr 3.0e-04  fps   5387   184.6s
it  609/4000  reward     nan  ep_len    nan  fell    0  err_xy 0.134  std 0.500  lr 3.0e-04  fps   5378   184.9s
it  610/4000  reward     nan  ep_len    nan  fell    0  err_xy 0.126  std 0.500  lr 3.0e-04  fps   5288   185.2s
it  611/4000  reward     nan  ep_len    nan  fell    0  err_xy 0.113  std 0.500  lr 3.0e-04  fps   5355   185.5s
it  612/4000  reward     nan  ep_len    nan  fell    0  err_xy 0.123  std 0.500  lr 3.0e-04  fps   5323   185.8s
it  613/4000  reward     nan  ep_len    nan  fell    0  err_xy 0.126  std 0.500  lr 3.0e-04  fps   5252   186.1s
it  614/4000  reward     nan  ep_len    nan  fell    0  err_xy 0.118  std 0.500  lr 3.0e-04  fps   5181   186.4s
it  615/4000  reward     nan  ep_len    nan  fell    0  err_xy 0.112  std 0.500  lr 3.0e-04  fps   5248   186.7s
it  616/4000  reward     nan  ep_len    nan  fell    0  err_xy 0.115  std 0.500  lr 3.0e-04  fps   5476   186.9s
it  617/4000  reward   45.96  ep_len  400.0  fell    0  err_xy 0.142  std 0.500  lr 3.0e-04  fps   3878   187.3s
it  618/4000  reward     nan  ep_len    nan  fell    0  err_xy 0.235  std 0.500  lr 3.0e-04  fps   5495   187.6s
it  619/4000  reward     nan  ep_len    nan  fell    0  err_xy 0.165  std 0.500  lr 3.0e-04  fps   5426   187.9s
it  620/4000  reward     nan  ep_len    nan  fell    0  err_xy 0.144  std 0.500  lr 3.0e-04  fps   5300   188.2s
it  621/4000  reward     nan  ep_len    nan  fell    0  err_xy 0.155  std 0.500  lr 3.0e-04  fps   5175   188.5s
it  622/4000  reward     nan  ep_len    nan  fell    0  err_xy 0.165  std 0.500  lr 3.0e-04  fps   5111   188.8s
it  623/4000  reward     nan  ep_len    nan  fell    0  err_xy 0.151  std 0.500  lr 3.0e-04  fps   5362   189.1s
it  624/4000  reward     nan  ep_len    nan  fell    0  err_xy 0.126  std 0.500  lr 3.0e-04  fps   5331   189.4s
it  625/4000  reward     nan  ep_len    nan  fell    0  err_xy 0.123  std 0.500  lr 3.0e-04  fps   5391   189.6s
it  626/4000  reward     nan  ep_len    nan  fell    0  err_xy 0.116  std 0.500  lr 3.0e-04  fps   5407   189.9s
it  627/4000  reward     nan  ep_len    nan  fell    0  err_xy 0.111  std 0.500  lr 3.0e-04  fps   5310   190.2s
it  628/4000  reward     nan  ep_len    nan  fell    0  err_xy 0.111  std 0.500  lr 3.0e-04  fps   5291   190.5s
it  629/4000  reward     nan  ep_len    nan  fell    0  err_xy 0.104  std 0.500  lr 3.0e-04  fps   5415   190.8s
it  630/4000  reward     nan  ep_len    nan  fell    0  err_xy 0.104  std 0.500  lr 3.0e-04  fps   5363   191.1s
it  631/4000  reward     nan  ep_len    nan  fell    0  err_xy 0.102  std 0.500  lr 3.0e-04  fps   5200   191.4s
it  632/4000  reward     nan  ep_len    nan  fell    0  err_xy 0.097  std 0.500  lr 3.0e-04  fps   5269   191.7s
it  633/4000  reward     nan  ep_len    nan  fell    0  err_xy 0.102  std 0.500  lr 3.0e-04  fps   5233   192.0s
it  634/4000  reward   47.02  ep_len  400.0  fell    0  err_xy 0.199  std 0.500  lr 3.0e-04  fps   3897   192.4s
it  635/4000  reward     nan  ep_len    nan  fell    0  err_xy 0.228  std 0.499  lr 3.0e-04  fps   5124   192.7s
it  636/4000  reward     nan  ep_len    nan  fell    0  err_xy 0.169  std 0.500  lr 3.0e-04  fps   5275   192.9s
it  637/4000  reward     nan  ep_len    nan  fell    0  err_xy 0.175  std 0.500  lr 3.0e-04  fps   5262   193.2s
it  638/4000  reward     nan  ep_len    nan  fell    0  err_xy 0.156  std 0.500  lr 3.0e-04  fps   5246   193.5s
it  639/4000  reward     nan  ep_len    nan  fell    0  err_xy 0.144  std 0.500  lr 3.0e-04  fps   5322   193.8s
it  640/4000  reward     nan  ep_len    nan  fell    0  err_xy 0.127  std 0.500  lr 3.0e-04  fps   5274   194.1s
it  641/4000  reward     nan  ep_len    nan  fell    0  err_xy 0.120  std 0.500  lr 3.0e-04  fps   5284   194.4s
it  642/4000  reward     nan  ep_len    nan  fell    0  err_xy 0.122  std 0.500  lr 3.0e-04  fps   5161   194.7s
it  643/4000  reward     nan  ep_len    nan  fell    0  err_xy 0.113  std 0.500  lr 3.0e-04  fps   5064   195.0s
it  644/4000  reward     nan  ep_len    nan  fell    0  err_xy 0.111  std 0.500  lr 3.0e-04  fps   5152   195.3s
it  645/4000  reward     nan  ep_len    nan  fell    0  err_xy 0.101  std 0.500  lr 3.0e-04  fps   5336   195.6s
it  646/4000  reward     nan  ep_len    nan  fell    0  err_xy 0.109  std 0.500  lr 3.0e-04  fps   5368   195.9s
it  647/4000  reward     nan  ep_len    nan  fell    0  err_xy 0.089  std 0.500  lr 3.0e-04  fps   5373   196.2s
it  648/4000  reward     nan  ep_len    nan  fell    0  err_xy 0.083  std 0.500  lr 3.0e-04  fps   5279   196.5s
it  649/4000  reward     nan  ep_len    nan  fell    0  err_xy 0.085  std 0.500  lr 3.0e-04  fps   4979   196.8s
it  650/4000  reward   52.49  ep_len  400.0  fell    0  err_xy 0.083  std 0.499  lr 3.0e-04  fps   3935   197.2s
it  651/4000  reward     nan  ep_len    nan  fell    0  err_xy 0.232  std 0.500  lr 3.0e-04  fps   5426   197.4s
it  652/4000  reward     nan  ep_len    nan  fell    0  err_xy 0.182  std 0.500  lr 3.0e-04  fps   5343   197.7s
it  653/4000  reward     nan  ep_len    nan  fell    0  err_xy 0.162  std 0.500  lr 3.0e-04  fps   5266   198.0s
it  654/4000  reward     nan  ep_len    nan  fell    0  err_xy 0.167  std 0.500  lr 3.0e-04  fps   5155   198.3s
it  655/4000  reward     nan  ep_len    nan  fell    0  err_xy 0.140  std 0.500  lr 3.0e-04  fps   5157   198.6s
it  656/4000  reward     nan  ep_len    nan  fell    0  err_xy 0.129  std 0.500  lr 3.0e-04  fps   5274   198.9s
it  657/4000  reward     nan  ep_len    nan  fell    0  err_xy 0.120  std 0.500  lr 3.0e-04  fps   5218   199.2s
it  658/4000  reward     nan  ep_len    nan  fell    0  err_xy 0.108  std 0.500  lr 3.0e-04  fps   5270   199.5s
it  659/4000  reward     nan  ep_len    nan  fell    0  err_xy 0.104  std 0.500  lr 3.0e-04  fps   5121   199.8s
it  660/4000  reward     nan  ep_len    nan  fell    0  err_xy 0.096  std 0.500  lr 3.0e-04  fps   5201   200.1s
it  661/4000  reward     nan  ep_len    nan  fell    0  err_xy 0.087  std 0.500  lr 3.0e-04  fps   5101   200.4s
it  662/4000  reward     nan  ep_len    nan  fell    0  err_xy 0.083  std 0.500  lr 3.0e-04  fps   5168   200.7s
it  663/4000  reward     nan  ep_len    nan  fell    0  err_xy 0.085  std 0.500  lr 3.0e-04  fps   4892   201.0s
it  664/4000  reward     nan  ep_len    nan  fell    0  err_xy 0.090  std 0.500  lr 3.0e-04  fps   5276   201.3s
it  665/4000  reward     nan  ep_len    nan  fell    0  err_xy 0.085  std 0.500  lr 3.0e-04  fps   5226   201.6s
it  666/4000  reward     nan  ep_len    nan  fell    0  err_xy 0.084  std 0.499  lr 3.0e-04  fps   5238   201.9s
it  667/4000  reward   55.68  ep_len  400.0  fell    0  err_xy 0.129  std 0.500  lr 3.0e-04  fps   3920   202.3s
it  668/4000  reward     nan  ep_len    nan  fell    0  err_xy 0.223  std 0.499  lr 3.0e-04  fps   5474   202.6s
it  669/4000  reward     nan  ep_len    nan  fell    0  err_xy 0.184  std 0.499  lr 3.0e-04  fps   5379   202.8s
it  670/4000  reward     nan  ep_len    nan  fell    0  err_xy 0.168  std 0.500  lr 3.0e-04  fps   5343   203.1s
it  671/4000  reward     nan  ep_len    nan  fell    0  err_xy 0.166  std 0.499  lr 3.0e-04  fps   5287   203.4s
it  672/4000  reward     nan  ep_len    nan  fell    0  err_xy 0.155  std 0.499  lr 3.0e-04  fps   5157   203.7s
it  673/4000  reward     nan  ep_len    nan  fell    0  err_xy 0.148  std 0.499  lr 3.0e-04  fps   5214   204.0s
it  674/4000  reward     nan  ep_len    nan  fell    0  err_xy 0.111  std 0.500  lr 3.0e-04  fps   5161   204.3s
it  675/4000  reward     nan  ep_len    nan  fell    0  err_xy 0.106  std 0.500  lr 3.0e-04  fps   5232   204.6s
it  676/4000  reward     nan  ep_len    nan  fell    0  err_xy 0.100  std 0.500  lr 3.0e-04  fps   5240   204.9s
it  677/4000  reward     nan  ep_len    nan  fell    0  err_xy 0.099  std 0.500  lr 3.0e-04  fps   5190   205.2s
it  678/4000  reward     nan  ep_len    nan  fell    0  err_xy 0.097  std 0.500  lr 3.0e-04  fps   5068   205.5s
it  679/4000  reward     nan  ep_len    nan  fell    0  err_xy 0.094  std 0.500  lr 3.0e-04  fps   5224   205.8s
it  680/4000  reward     nan  ep_len    nan  fell    0  err_xy 0.091  std 0.500  lr 3.0e-04  fps   5342   206.1s
it  681/4000  reward     nan  ep_len    nan  fell    0  err_xy 0.087  std 0.500  lr 3.0e-04  fps   5303   206.4s
it  682/4000  reward     nan  ep_len    nan  fell    0  err_xy 0.078  std 0.500  lr 3.0e-04  fps   5319   206.7s
it  683/4000  reward     nan  ep_len    nan  fell    0  err_xy 0.080  std 0.500  lr 3.0e-04  fps   5319   206.9s
it  684/4000  reward   55.96  ep_len  400.0  fell    0  err_xy 0.196  std 0.500  lr 3.0e-04  fps   4098   207.3s
it  685/4000  reward     nan  ep_len    nan  fell    0  err_xy 0.218  std 0.500  lr 3.0e-04  fps   5385   207.6s
it  686/4000  reward     nan  ep_len    nan  fell    0  err_xy 0.176  std 0.500  lr 3.0e-04  fps   5311   207.9s
it  687/4000  reward     nan  ep_len    nan  fell    0  err_xy 0.178  std 0.500  lr 3.0e-04  fps   5313   208.2s
it  688/4000  reward     nan  ep_len    nan  fell    0  err_xy 0.154  std 0.500  lr 3.0e-04  fps   5345   208.5s
it  689/4000  reward     nan  ep_len    nan  fell    0  err_xy 0.139  std 0.500  lr 3.0e-04  fps   5303   208.8s
it  690/4000  reward     nan  ep_len    nan  fell    0  err_xy 0.121  std 0.500  lr 3.0e-04  fps   5311   209.1s
it  691/4000  reward     nan  ep_len    nan  fell    0  err_xy 0.111  std 0.500  lr 3.0e-04  fps   5236   209.3s
it  692/4000  reward     nan  ep_len    nan  fell    0  err_xy 0.092  std 0.499  lr 3.0e-04  fps   5157   209.6s
it  693/4000  reward     nan  ep_len    nan  fell    0  err_xy 0.085  std 0.499  lr 3.0e-04  fps   5145   209.9s
it  694/4000  reward     nan  ep_len    nan  fell    0  err_xy 0.077  std 0.499  lr 3.0e-04  fps   4854   210.3s
it  695/4000  reward     nan  ep_len    nan  fell    0  err_xy 0.081  std 0.499  lr 3.0e-04  fps   5044   210.6s
it  696/4000  reward     nan  ep_len    nan  fell    0  err_xy 0.075  std 0.499  lr 3.0e-04  fps   5145   210.9s
it  697/4000  reward     nan  ep_len    nan  fell    0  err_xy 0.068  std 0.499  lr 3.0e-04  fps   5059   211.2s
it  698/4000  reward     nan  ep_len    nan  fell    0  err_xy 0.068  std 0.499  lr 3.0e-04  fps   5209   211.5s
it  699/4000  reward     nan  ep_len    nan  fell    0  err_xy 0.067  std 0.499  lr 3.0e-04  fps   5162   211.8s
  assist curriculum: 5.62 → 5.22 N (lying stood=76% of 38, all stood=75%, peak_head=0.265/0.294)
it  700/4000  reward   58.73  ep_len  400.0  fell    0  err_xy 0.075  std 0.499  lr 3.0e-04  fps   4009   212.1s
it  701/4000  reward     nan  ep_len    nan  fell    0  err_xy 0.211  std 0.499  lr 3.0e-04  fps   5338   212.4s
it  702/4000  reward     nan  ep_len    nan  fell    0  err_xy 0.201  std 0.499  lr 3.0e-04  fps   5308   212.7s
it  703/4000  reward     nan  ep_len    nan  fell    0  err_xy 0.154  std 0.499  lr 3.0e-04  fps   5445   213.0s
it  704/4000  reward     nan  ep_len    nan  fell    0  err_xy 0.147  std 0.499  lr 3.0e-04  fps   5472   213.3s
it  705/4000  reward     nan  ep_len    nan  fell    0  err_xy 0.164  std 0.499  lr 3.0e-04  fps   5232   213.6s
it  706/4000  reward     nan  ep_len    nan  fell    0  err_xy 0.141  std 0.499  lr 3.0e-04  fps   5252   213.9s
it  707/4000  reward     nan  ep_len    nan  fell    0  err_xy 0.124  std 0.499  lr 3.0e-04  fps   5155   214.2s
it  708/4000  reward     nan  ep_len    nan  fell    0  err_xy 0.114  std 0.499  lr 3.0e-04  fps   5180   214.5s
it  709/4000  reward     nan  ep_len    nan  fell    0  err_xy 0.100  std 0.499  lr 3.0e-04  fps   5215   214.8s
it  710/4000  reward     nan  ep_len    nan  fell    0  err_xy 0.095  std 0.499  lr 3.0e-04  fps   5224   215.1s
it  711/4000  reward     nan  ep_len    nan  fell    0  err_xy 0.092  std 0.499  lr 3.0e-04  fps   5185   215.4s
it  712/4000  reward     nan  ep_len    nan  fell    0  err_xy 0.089  std 0.499  lr 3.0e-04  fps   5108   215.7s
it  713/4000  reward     nan  ep_len    nan  fell    0  err_xy 0.091  std 0.499  lr 3.0e-04  fps   5032   216.0s
it  714/4000  reward     nan  ep_len    nan  fell    0  err_xy 0.078  std 0.499  lr 3.0e-04  fps   5110   216.3s
it  715/4000  reward     nan  ep_len    nan  fell    0  err_xy 0.073  std 0.499  lr 3.0e-04  fps   5204   216.6s
it  716/4000  reward     nan  ep_len    nan  fell    0  err_xy 0.070  std 0.499  lr 3.0e-04  fps   5182   216.9s
  assist curriculum: 5.22 → 4.82 N (lying stood=78% of 37, all stood=69%, peak_head=0.265/0.294)
it  717/4000  reward   47.77  ep_len  400.0  fell    0  err_xy 0.114  std 0.499  lr 3.0e-04  fps   3967   217.2s
it  718/4000  reward     nan  ep_len    nan  fell    0  err_xy 0.200  std 0.499  lr 3.0e-04  fps   5201   217.5s
it  719/4000  reward     nan  ep_len    nan  fell    0  err_xy 0.180  std 0.500  lr 3.0e-04  fps   5278   217.8s
it  720/4000  reward     nan  ep_len    nan  fell    0  err_xy 0.126  std 0.500  lr 3.0e-04  fps   5252   218.1s
it  721/4000  reward     nan  ep_len    nan  fell    0  err_xy 0.137  std 0.500  lr 3.0e-04  fps   5383   218.4s
it  722/4000  reward     nan  ep_len    nan  fell    0  err_xy 0.139  std 0.500  lr 3.0e-04  fps   5205   218.7s
it  723/4000  reward     nan  ep_len    nan  fell    0  err_xy 0.121  std 0.500  lr 3.0e-04  fps   4904   219.0s
it  724/4000  reward     nan  ep_len    nan  fell    0  err_xy 0.113  std 0.500  lr 3.0e-04  fps   5160   219.3s
it  725/4000  reward     nan  ep_len    nan  fell    0  err_xy 0.110  std 0.500  lr 3.0e-04  fps   5219   219.6s
it  726/4000  reward     nan  ep_len    nan  fell    0  err_xy 0.101  std 0.500  lr 3.0e-04  fps   5190   219.9s
it  727/4000  reward     nan  ep_len    nan  fell    0  err_xy 0.089  std 0.500  lr 3.0e-04  fps   5162   220.2s
it  728/4000  reward     nan  ep_len    nan  fell    0  err_xy 0.080  std 0.500  lr 3.0e-04  fps   5172   220.5s
it  729/4000  reward     nan  ep_len    nan  fell    0  err_xy 0.078  std 0.500  lr 3.0e-04  fps   5270   220.8s
it  730/4000  reward     nan  ep_len    nan  fell    0  err_xy 0.083  std 0.500  lr 3.0e-04  fps   5272   221.1s
it  731/4000  reward     nan  ep_len    nan  fell    0  err_xy 0.082  std 0.500  lr 3.0e-04  fps   5245   221.4s
it  732/4000  reward     nan  ep_len    nan  fell    0  err_xy 0.078  std 0.499  lr 3.0e-04  fps   5292   221.7s
it  733/4000  reward     nan  ep_len    nan  fell    0  err_xy 0.069  std 0.500  lr 3.0e-04  fps   5104   222.0s
  assist curriculum: 4.82 → 4.42 N (lying stood=63% of 41, all stood=58%, peak_head=0.259/0.294)
it  734/4000  reward   39.53  ep_len  400.0  fell    0  err_xy 0.165  std 0.500  lr 3.0e-04  fps   3681   222.4s
it  735/4000  reward     nan  ep_len    nan  fell    0  err_xy 0.193  std 0.500  lr 3.0e-04  fps   5038   222.7s
it  736/4000  reward     nan  ep_len    nan  fell    0  err_xy 0.148  std 0.500  lr 3.0e-04  fps   5287   223.0s
it  737/4000  reward     nan  ep_len    nan  fell    0  err_xy 0.113  std 0.500  lr 3.0e-04  fps   5393   223.3s
it  738/4000  reward     nan  ep_len    nan  fell    0  err_xy 0.107  std 0.500  lr 3.0e-04  fps   5403   223.6s
it  739/4000  reward     nan  ep_len    nan  fell    0  err_xy 0.103  std 0.500  lr 3.0e-04  fps   5331   223.8s
it  740/4000  reward     nan  ep_len    nan  fell    0  err_xy 0.098  std 0.500  lr 3.0e-04  fps   5172   224.1s
it  741/4000  reward     nan  ep_len    nan  fell    0  err_xy 0.098  std 0.500  lr 3.0e-04  fps   5237   224.4s
it  742/4000  reward     nan  ep_len    nan  fell    0  err_xy 0.097  std 0.500  lr 3.0e-04  fps   5280   224.7s
it  743/4000  reward     nan  ep_len    nan  fell    0  err_xy 0.103  std 0.500  lr 3.0e-04  fps   5281   225.0s
it  744/4000  reward     nan  ep_len    nan  fell    0  err_xy 0.099  std 0.500  lr 3.0e-04  fps   5346   225.3s
it  745/4000  reward     nan  ep_len    nan  fell    0  err_xy 0.104  std 0.500  lr 3.0e-04  fps   5159   225.6s
it  746/4000  reward     nan  ep_len    nan  fell    0  err_xy 0.109  std 0.500  lr 3.0e-04  fps   5329   225.9s
it  747/4000  reward     nan  ep_len    nan  fell    0  err_xy 0.117  std 0.500  lr 3.0e-04  fps   5290   226.2s
it  748/4000  reward     nan  ep_len    nan  fell    0  err_xy 0.102  std 0.500  lr 3.0e-04  fps   5489   226.5s
it  749/4000  reward     nan  ep_len    nan  fell    0  err_xy 0.099  std 0.500  lr 3.0e-04  fps   5441   226.7s
it  750/4000  reward   24.42  ep_len  400.0  fell    0  err_xy 0.098  std 0.500  lr 3.0e-04  fps   4133   227.1s
it  751/4000  reward     nan  ep_len    nan  fell    0  err_xy 0.213  std 0.500  lr 3.0e-04  fps   5493   227.4s
it  752/4000  reward     nan  ep_len    nan  fell    0  err_xy 0.178  std 0.500  lr 3.0e-04  fps   5455   227.7s
it  753/4000  reward     nan  ep_len    nan  fell    0  err_xy 0.127  std 0.500  lr 3.0e-04  fps   5517   228.0s
it  754/4000  reward     nan  ep_len    nan  fell    0  err_xy 0.122  std 0.500  lr 3.0e-04  fps   5350   228.2s
it  755/4000  reward     nan  ep_len    nan  fell    0  err_xy 0.135  std 0.500  lr 3.0e-04  fps   5475   228.5s
it  756/4000  reward     nan  ep_len    nan  fell    0  err_xy 0.141  std 0.500  lr 3.0e-04  fps   5396   228.8s
it  757/4000  reward     nan  ep_len    nan  fell    0  err_xy 0.112  std 0.500  lr 3.0e-04  fps   5181   229.1s
it  758/4000  reward     nan  ep_len    nan  fell    0  err_xy 0.095  std 0.500  lr 3.0e-04  fps   5262   229.4s
it  759/4000  reward     nan  ep_len    nan  fell    0  err_xy 0.098  std 0.500  lr 3.0e-04  fps   5231   229.7s
it  760/4000  reward     nan  ep_len    nan  fell    0  err_xy 0.093  std 0.500  lr 3.0e-04  fps   5289   230.0s
it  761/4000  reward     nan  ep_len    nan  fell    0  err_xy 0.085  std 0.500  lr 3.0e-04  fps   5358   230.3s
it  762/4000  reward     nan  ep_len    nan  fell    0  err_xy 0.086  std 0.500  lr 3.0e-04  fps   5335   230.6s
it  763/4000  reward     nan  ep_len    nan  fell    0  err_xy 0.078  std 0.500  lr 3.0e-04  fps   5301   230.8s
it  764/4000  reward     nan  ep_len    nan  fell    0  err_xy 0.077  std 0.500  lr 3.0e-04  fps   5434   231.1s
it  765/4000  reward     nan  ep_len    nan  fell    0  err_xy 0.075  std 0.500  lr 3.0e-04  fps   5437   231.4s
it  766/4000  reward     nan  ep_len    nan  fell    0  err_xy 0.075  std 0.500  lr 3.0e-04  fps   5394   231.7s
it  767/4000  reward   30.49  ep_len  400.0  fell    0  err_xy 0.117  std 0.500  lr 3.0e-04  fps   4071   232.1s
it  768/4000  reward     nan  ep_len    nan  fell    0  err_xy 0.202  std 0.500  lr 3.0e-04  fps   5390   232.4s
it  769/4000  reward     nan  ep_len    nan  fell    0  err_xy 0.166  std 0.500  lr 3.0e-04  fps   5330   232.6s
it  770/4000  reward     nan  ep_len    nan  fell    0  err_xy 0.145  std 0.500  lr 3.0e-04  fps   5326   232.9s
it  771/4000  reward     nan  ep_len    nan  fell    0  err_xy 0.130  std 0.500  lr 3.0e-04  fps   5417   233.2s
it  772/4000  reward     nan  ep_len    nan  fell    0  err_xy 0.121  std 0.500  lr 3.0e-04  fps   5389   233.5s
it  773/4000  reward     nan  ep_len    nan  fell    0  err_xy 0.118  std 0.500  lr 3.0e-04  fps   5409   233.8s
it  774/4000  reward     nan  ep_len    nan  fell    0  err_xy 0.108  std 0.500  lr 3.0e-04  fps   5367   234.1s
it  775/4000  reward     nan  ep_len    nan  fell    0  err_xy 0.102  std 0.500  lr 3.0e-04  fps   5277   234.4s
it  776/4000  reward     nan  ep_len    nan  fell    0  err_xy 0.099  std 0.500  lr 3.0e-04  fps   5327   234.7s
it  777/4000  reward     nan  ep_len    nan  fell    0  err_xy 0.090  std 0.500  lr 3.0e-04  fps   5409   234.9s
it  778/4000  reward     nan  ep_len    nan  fell    0  err_xy 0.093  std 0.500  lr 3.0e-04  fps   5404   235.2s
it  779/4000  reward     nan  ep_len    nan  fell    0  err_xy 0.095  std 0.500  lr 3.0e-04  fps   5357   235.5s
it  780/4000  reward     nan  ep_len    nan  fell    0  err_xy 0.099  std 0.500  lr 3.0e-04  fps   5309   235.8s
it  781/4000  reward     nan  ep_len    nan  fell    0  err_xy 0.091  std 0.500  lr 3.0e-04  fps   5364   236.1s
it  782/4000  reward     nan  ep_len    nan  fell    0  err_xy 0.095  std 0.500  lr 3.0e-04  fps   5357   236.4s
it  783/4000  reward     nan  ep_len    nan  fell    0  err_xy 0.091  std 0.500  lr 3.0e-04  fps   5413   236.7s
it  784/4000  reward   24.64  ep_len  400.0  fell    0  err_xy 0.156  std 0.500  lr 3.0e-04  fps   4021   237.0s
it  785/4000  reward     nan  ep_len    nan  fell    0  err_xy 0.174  std 0.500  lr 3.0e-04  fps   5336   237.3s
it  786/4000  reward     nan  ep_len    nan  fell    0  err_xy 0.166  std 0.500  lr 3.0e-04  fps   5336   237.6s
it  787/4000  reward     nan  ep_len    nan  fell    0  err_xy 0.153  std 0.500  lr 3.0e-04  fps   5438   237.9s
it  788/4000  reward     nan  ep_len    nan  fell    0  err_xy 0.139  std 0.500  lr 3.0e-04  fps   5429   238.2s
it  789/4000  reward     nan  ep_len    nan  fell    0  err_xy 0.128  std 0.500  lr 3.0e-04  fps   5401   238.5s
it  790/4000  reward     nan  ep_len    nan  fell    0  err_xy 0.129  std 0.500  lr 3.0e-04  fps   5379   238.8s
it  791/4000  reward     nan  ep_len    nan  fell    0  err_xy 0.121  std 0.500  lr 3.0e-04  fps   5422   239.0s
it  792/4000  reward     nan  ep_len    nan  fell    0  err_xy 0.115  std 0.500  lr 3.0e-04  fps   5421   239.3s
it  793/4000  reward     nan  ep_len    nan  fell    0  err_xy 0.122  std 0.500  lr 3.0e-04  fps   5380   239.6s
it  794/4000  reward     nan  ep_len    nan  fell    0  err_xy 0.119  std 0.500  lr 3.0e-04  fps   5468   239.9s
it  795/4000  reward     nan  ep_len    nan  fell    0  err_xy 0.110  std 0.500  lr 3.0e-04  fps   5384   240.2s
it  796/4000  reward     nan  ep_len    nan  fell    0  err_xy 0.108  std 0.500  lr 3.0e-04  fps   5386   240.5s
it  797/4000  reward     nan  ep_len    nan  fell    0  err_xy 0.103  std 0.500  lr 3.0e-04  fps   5200   240.8s
it  798/4000  reward     nan  ep_len    nan  fell    0  err_xy 0.105  std 0.500  lr 3.0e-04  fps   6335   241.0s
it  799/4000  reward     nan  ep_len    nan  fell    0  err_xy 0.096  std 0.500  lr 3.0e-04  fps   6298   241.2s
it  800/4000  reward   27.11  ep_len  400.0  fell    0  err_xy 0.094  std 0.500  lr 3.0e-04  fps   4704   241.6s
eval iteration 800:
  prone          success   0.0%  time 8.00s  peak_τ 0.80 Nm  return -4.91
  supine         success   0.0%  time 8.00s  peak_τ 0.85 Nm  return -4.41
  score 0.000
it  801/4000  reward     nan  ep_len    nan  fell    0  err_xy 0.217  std 0.500  lr 3.0e-04  fps   5500   243.8s
it  802/4000  reward     nan  ep_len    nan  fell    0  err_xy 0.195  std 0.500  lr 3.0e-04  fps   5459   244.1s
it  803/4000  reward     nan  ep_len    nan  fell    0  err_xy 0.185  std 0.500  lr 3.0e-04  fps   5595   244.3s
it  804/4000  reward     nan  ep_len    nan  fell    0  err_xy 0.166  std 0.500  lr 3.0e-04  fps   5616   244.6s
it  805/4000  reward     nan  ep_len    nan  fell    0  err_xy 0.156  std 0.500  lr 3.0e-04  fps   5359   244.9s
it  806/4000  reward     nan  ep_len    nan  fell    0  err_xy 0.156  std 0.500  lr 3.0e-04  fps   5572   245.2s
it  807/4000  reward     nan  ep_len    nan  fell    0  err_xy 0.146  std 0.500  lr 3.0e-04  fps   5550   245.5s
it  808/4000  reward     nan  ep_len    nan  fell    0  err_xy 0.148  std 0.500  lr 3.0e-04  fps   5372   245.7s
it  809/4000  reward     nan  ep_len    nan  fell    0  err_xy 0.128  std 0.500  lr 3.0e-04  fps   5418   246.0s
it  810/4000  reward     nan  ep_len    nan  fell    0  err_xy 0.130  std 0.500  lr 3.0e-04  fps   5477   246.3s
it  811/4000  reward     nan  ep_len    nan  fell    0  err_xy 0.139  std 0.499  lr 3.0e-04  fps   5474   246.6s
it  812/4000  reward     nan  ep_len    nan  fell    0  err_xy 0.136  std 0.499  lr 3.0e-04  fps   5495   246.9s
it  813/4000  reward     nan  ep_len    nan  fell    0  err_xy 0.131  std 0.500  lr 3.0e-04  fps   5487   247.1s
it  814/4000  reward     nan  ep_len    nan  fell    0  err_xy 0.130  std 0.500  lr 3.0e-04  fps   5286   247.4s
it  815/4000  reward     nan  ep_len    nan  fell    0  err_xy 0.139  std 0.500  lr 3.0e-04  fps   5527   247.7s
it  816/4000  reward     nan  ep_len    nan  fell    0  err_xy 0.137  std 0.500  lr 3.0e-04  fps   5498   248.0s
it  817/4000  reward   30.44  ep_len  400.0  fell    0  err_xy 0.149  std 0.500  lr 3.0e-04  fps   4169   248.4s
it  818/4000  reward     nan  ep_len    nan  fell    0  err_xy 0.203  std 0.500  lr 3.0e-04  fps   5440   248.6s
it  819/4000  reward     nan  ep_len    nan  fell    0  err_xy 0.183  std 0.500  lr 3.0e-04  fps   5561   248.9s
it  820/4000  reward     nan  ep_len    nan  fell    0  err_xy 0.160  std 0.500  lr 3.0e-04  fps   5512   249.2s
it  821/4000  reward     nan  ep_len    nan  fell    0  err_xy 0.151  std 0.500  lr 3.0e-04  fps   5518   249.5s
it  822/4000  reward     nan  ep_len    nan  fell    0  err_xy 0.161  std 0.500  lr 3.0e-04  fps   5532   249.8s
it  823/4000  reward     nan  ep_len    nan  fell    0  err_xy 0.168  std 0.500  lr 3.0e-04  fps   5297   250.0s
it  824/4000  reward     nan  ep_len    nan  fell    0  err_xy 0.169  std 0.500  lr 3.0e-04  fps   5388   250.3s
it  825/4000  reward     nan  ep_len    nan  fell    0  err_xy 0.162  std 0.500  lr 3.0e-04  fps   5475   250.6s
it  826/4000  reward     nan  ep_len    nan  fell    0  err_xy 0.146  std 0.500  lr 3.0e-04  fps   5453   250.9s
it  827/4000  reward     nan  ep_len    nan  fell    0  err_xy 0.144  std 0.500  lr 3.0e-04  fps   5309   251.2s
it  828/4000  reward     nan  ep_len    nan  fell    0  err_xy 0.151  std 0.500  lr 3.0e-04  fps   5199   251.5s
it  829/4000  reward     nan  ep_len    nan  fell    0  err_xy 0.134  std 0.500  lr 3.0e-04  fps   5205   251.8s
it  830/4000  reward     nan  ep_len    nan  fell    0  err_xy 0.135  std 0.500  lr 3.0e-04  fps   5356   252.1s
it  831/4000  reward     nan  ep_len    nan  fell    0  err_xy 0.135  std 0.500  lr 3.0e-04  fps   5287   252.4s
it  832/4000  reward     nan  ep_len    nan  fell    0  err_xy 0.136  std 0.500  lr 3.0e-04  fps   5443   252.6s
it  833/4000  reward     nan  ep_len    nan  fell    0  err_xy 0.121  std 0.499  lr 3.0e-04  fps   5429   252.9s
it  834/4000  reward   33.84  ep_len  400.0  fell    0  err_xy 0.180  std 0.499  lr 3.0e-04  fps   4233   253.3s
it  835/4000  reward     nan  ep_len    nan  fell    0  err_xy 0.205  std 0.499  lr 3.0e-04  fps   5298   253.6s
it  836/4000  reward     nan  ep_len    nan  fell    0  err_xy 0.181  std 0.500  lr 3.0e-04  fps   5320   253.9s
it  837/4000  reward     nan  ep_len    nan  fell    0  err_xy 0.177  std 0.500  lr 3.0e-04  fps   5503   254.1s
it  838/4000  reward     nan  ep_len    nan  fell    0  err_xy 0.176  std 0.500  lr 3.0e-04  fps   5578   254.4s
it  839/4000  reward     nan  ep_len    nan  fell    0  err_xy 0.162  std 0.500  lr 3.0e-04  fps   5527   254.7s
it  840/4000  reward     nan  ep_len    nan  fell    0  err_xy 0.159  std 0.500  lr 3.0e-04  fps   5347   255.0s
it  841/4000  reward     nan  ep_len    nan  fell    0  err_xy 0.148  std 0.500  lr 3.0e-04  fps   5276   255.3s
it  842/4000  reward     nan  ep_len    nan  fell    0  err_xy 0.139  std 0.500  lr 3.0e-04  fps   5260   255.6s
it  843/4000  reward     nan  ep_len    nan  fell    0  err_xy 0.115  std 0.500  lr 3.0e-04  fps   5271   255.9s
it  844/4000  reward     nan  ep_len    nan  fell    0  err_xy 0.106  std 0.500  lr 3.0e-04  fps   5298   256.1s
it  845/4000  reward     nan  ep_len    nan  fell    0  err_xy 0.097  std 0.500  lr 3.0e-04  fps   5475   256.4s
it  846/4000  reward     nan  ep_len    nan  fell    0  err_xy 0.095  std 0.500  lr 3.0e-04  fps   5326   256.7s
it  847/4000  reward     nan  ep_len    nan  fell    0  err_xy 0.090  std 0.500  lr 3.0e-04  fps   5033   257.0s
it  848/4000  reward     nan  ep_len    nan  fell    0  err_xy 0.079  std 0.500  lr 3.0e-04  fps   5392   257.3s
it  849/4000  reward     nan  ep_len    nan  fell    0  err_xy 0.082  std 0.500  lr 3.0e-04  fps   5289   257.6s
it  850/4000  reward   40.66  ep_len  400.0  fell    0  err_xy 0.081  std 0.500  lr 3.0e-04  fps   4094   258.0s
it  851/4000  reward     nan  ep_len    nan  fell    0  err_xy 0.208  std 0.500  lr 3.0e-04  fps   5482   258.3s
it  852/4000  reward     nan  ep_len    nan  fell    0  err_xy 0.202  std 0.500  lr 3.0e-04  fps   5237   258.5s
it  853/4000  reward     nan  ep_len    nan  fell    0  err_xy 0.182  std 0.500  lr 3.0e-04  fps   5428   258.8s
it  854/4000  reward     nan  ep_len    nan  fell    0  err_xy 0.173  std 0.500  lr 3.0e-04  fps   5346   259.1s
it  855/4000  reward     nan  ep_len    nan  fell    0  err_xy 0.172  std 0.500  lr 3.0e-04  fps   5325   259.4s
it  856/4000  reward     nan  ep_len    nan  fell    0  err_xy 0.147  std 0.500  lr 3.0e-04  fps   5300   259.7s
it  857/4000  reward     nan  ep_len    nan  fell    0  err_xy 0.133  std 0.500  lr 3.0e-04  fps   5202   260.0s
it  858/4000  reward     nan  ep_len    nan  fell    0  err_xy 0.125  std 0.500  lr 3.0e-04  fps   4964   260.3s
it  859/4000  reward     nan  ep_len    nan  fell    0  err_xy 0.108  std 0.500  lr 3.0e-04  fps   5184   260.6s
it  860/4000  reward     nan  ep_len    nan  fell    0  err_xy 0.096  std 0.500  lr 3.0e-04  fps   5113   260.9s
it  861/4000  reward     nan  ep_len    nan  fell    0  err_xy 0.087  std 0.500  lr 3.0e-04  fps   5268   261.2s
it  862/4000  reward     nan  ep_len    nan  fell    0  err_xy 0.090  std 0.500  lr 3.0e-04  fps   5213   261.5s
it  863/4000  reward     nan  ep_len    nan  fell    0  err_xy 0.080  std 0.500  lr 3.0e-04  fps   5223   261.8s
it  864/4000  reward     nan  ep_len    nan  fell    0  err_xy 0.085  std 0.500  lr 3.0e-04  fps   5160   262.1s
it  865/4000  reward     nan  ep_len    nan  fell    0  err_xy 0.083  std 0.500  lr 3.0e-04  fps   5213   262.4s
it  866/4000  reward     nan  ep_len    nan  fell    0  err_xy 0.082  std 0.500  lr 3.0e-04  fps   5390   262.7s
  assist curriculum: 4.42 → 4.02 N (lying stood=44% of 34, all stood=42%, peak_head=0.256/0.294)
it  867/4000  reward   41.40  ep_len  400.0  fell    0  err_xy 0.113  std 0.500  lr 3.0e-04  fps   4233   263.0s
it  868/4000  reward     nan  ep_len    nan  fell    0  err_xy 0.188  std 0.500  lr 3.0e-04  fps   5508   263.3s
it  869/4000  reward     nan  ep_len    nan  fell    0  err_xy 0.187  std 0.500  lr 3.0e-04  fps   5490   263.6s
it  870/4000  reward     nan  ep_len    nan  fell    0  err_xy 0.146  std 0.500  lr 3.0e-04  fps   5412   263.9s
it  871/4000  reward     nan  ep_len    nan  fell    0  err_xy 0.124  std 0.500  lr 3.0e-04  fps   5380   264.2s
it  872/4000  reward     nan  ep_len    nan  fell    0  err_xy 0.111  std 0.500  lr 3.0e-04  fps   5315   264.4s
it  873/4000  reward     nan  ep_len    nan  fell    0  err_xy 0.109  std 0.500  lr 3.0e-04  fps   5337   264.7s
it  874/4000  reward     nan  ep_len    nan  fell    0  err_xy 0.092  std 0.500  lr 3.0e-04  fps   5324   265.0s
it  875/4000  reward     nan  ep_len    nan  fell    0  err_xy 0.088  std 0.500  lr 3.0e-04  fps   5482   265.3s
it  876/4000  reward     nan  ep_len    nan  fell    0  err_xy 0.085  std 0.500  lr 3.0e-04  fps   5422   265.6s
it  877/4000  reward     nan  ep_len    nan  fell    0  err_xy 0.091  std 0.500  lr 3.0e-04  fps   5452   265.9s
it  878/4000  reward     nan  ep_len    nan  fell    0  err_xy 0.076  std 0.500  lr 3.0e-04  fps   5433   266.1s
it  879/4000  reward     nan  ep_len    nan  fell    0  err_xy 0.076  std 0.500  lr 3.0e-04  fps   5396   266.4s
it  880/4000  reward     nan  ep_len    nan  fell    0  err_xy 0.064  std 0.500  lr 3.0e-04  fps   5140   266.7s
it  881/4000  reward     nan  ep_len    nan  fell    0  err_xy 0.059  std 0.500  lr 3.0e-04  fps   5271   267.0s
it  882/4000  reward     nan  ep_len    nan  fell    0  err_xy 0.055  std 0.500  lr 3.0e-04  fps   5484   267.3s
it  883/4000  reward     nan  ep_len    nan  fell    0  err_xy 0.059  std 0.500  lr 3.0e-04  fps   5415   267.6s
it  884/4000  reward   29.22  ep_len  400.0  fell    0  err_xy 0.146  std 0.500  lr 3.0e-04  fps   4129   268.0s
it  885/4000  reward     nan  ep_len    nan  fell    0  err_xy 0.177  std 0.500  lr 3.0e-04  fps   5486   268.2s
it  886/4000  reward     nan  ep_len    nan  fell    0  err_xy 0.158  std 0.500  lr 3.0e-04  fps   5467   268.5s
it  887/4000  reward     nan  ep_len    nan  fell    0  err_xy 0.148  std 0.500  lr 3.0e-04  fps   5417   268.8s
it  888/4000  reward     nan  ep_len    nan  fell    0  err_xy 0.131  std 0.500  lr 3.0e-04  fps   5427   269.1s
it  889/4000  reward     nan  ep_len    nan  fell    0  err_xy 0.133  std 0.500  lr 3.0e-04  fps   5438   269.4s
it  890/4000  reward     nan  ep_len    nan  fell    0  err_xy 0.133  std 0.500  lr 3.0e-04  fps   5361   269.7s
it  891/4000  reward     nan  ep_len    nan  fell    0  err_xy 0.114  std 0.500  lr 3.0e-04  fps   5400   269.9s
it  892/4000  reward     nan  ep_len    nan  fell    0  err_xy 0.113  std 0.500  lr 3.0e-04  fps   5288   270.2s
it  893/4000  reward     nan  ep_len    nan  fell    0  err_xy 0.101  std 0.500  lr 3.0e-04  fps   5328   270.5s
it  894/4000  reward     nan  ep_len    nan  fell    0  err_xy 0.093  std 0.500  lr 3.0e-04  fps   5282   270.8s
it  895/4000  reward     nan  ep_len    nan  fell    0  err_xy 0.087  std 0.500  lr 3.0e-04  fps   5207   271.1s
it  896/4000  reward     nan  ep_len    nan  fell    0  err_xy 0.090  std 0.500  lr 3.0e-04  fps   4975   271.4s
it  897/4000  reward     nan  ep_len    nan  fell    0  err_xy 0.083  std 0.500  lr 3.0e-04  fps   5231   271.7s
it  898/4000  reward     nan  ep_len    nan  fell    0  err_xy 0.079  std 0.500  lr 3.0e-04  fps   5119   272.0s
it  899/4000  reward     nan  ep_len    nan  fell    0  err_xy 0.081  std 0.500  lr 3.0e-04  fps   5370   272.3s
it  900/4000  reward   31.66  ep_len  400.0  fell    0  err_xy 0.088  std 0.500  lr 3.0e-04  fps   3978   272.7s
it  901/4000  reward     nan  ep_len    nan  fell    0  err_xy 0.209  std 0.500  lr 3.0e-04  fps   5381   273.0s
it  902/4000  reward     nan  ep_len    nan  fell    0  err_xy 0.198  std 0.500  lr 3.0e-04  fps   5437   273.3s
it  903/4000  reward     nan  ep_len    nan  fell    0  err_xy 0.168  std 0.500  lr 3.0e-04  fps   5375   273.5s
it  904/4000  reward     nan  ep_len    nan  fell    0  err_xy 0.181  std 0.500  lr 3.0e-04  fps   5463   273.8s
it  905/4000  reward     nan  ep_len    nan  fell    0  err_xy 0.159  std 0.500  lr 3.0e-04  fps   5375   274.1s
it  906/4000  reward     nan  ep_len    nan  fell    0  err_xy 0.159  std 0.500  lr 3.0e-04  fps   5271   274.4s
it  907/4000  reward     nan  ep_len    nan  fell    0  err_xy 0.139  std 0.500  lr 3.0e-04  fps   5234   274.7s
it  908/4000  reward     nan  ep_len    nan  fell    0  err_xy 0.133  std 0.500  lr 3.0e-04  fps   5271   275.0s
it  909/4000  reward     nan  ep_len    nan  fell    0  err_xy 0.126  std 0.500  lr 3.0e-04  fps   5221   275.3s
it  910/4000  reward     nan  ep_len    nan  fell    0  err_xy 0.111  std 0.500  lr 3.0e-04  fps   5029   275.6s
it  911/4000  reward     nan  ep_len    nan  fell    0  err_xy 0.117  std 0.500  lr 3.0e-04  fps   4786   275.9s
it  912/4000  reward     nan  ep_len    nan  fell    0  err_xy 0.114  std 0.500  lr 3.0e-04  fps   5067   276.2s
it  913/4000  reward     nan  ep_len    nan  fell    0  err_xy 0.107  std 0.500  lr 3.0e-04  fps   5341   276.5s
it  914/4000  reward     nan  ep_len    nan  fell    0  err_xy 0.114  std 0.500  lr 3.0e-04  fps   4785   276.8s
it  915/4000  reward     nan  ep_len    nan  fell    0  err_xy 0.115  std 0.500  lr 3.0e-04  fps   5151   277.1s
it  916/4000  reward     nan  ep_len    nan  fell    0  err_xy 0.110  std 0.499  lr 3.0e-04  fps   5458   277.4s
  assist curriculum: 4.02 → 3.62 N (lying stood=32% of 34, all stood=38%, peak_head=0.235/0.294)
it  917/4000  reward   35.73  ep_len  400.0  fell    0  err_xy 0.139  std 0.500  lr 3.0e-04  fps   4185   277.8s
it  918/4000  reward     nan  ep_len    nan  fell    0  err_xy 0.218  std 0.500  lr 3.0e-04  fps   5479   278.0s
it  919/4000  reward     nan  ep_len    nan  fell    0  err_xy 0.187  std 0.500  lr 3.0e-04  fps   5511   278.3s
it  920/4000  reward     nan  ep_len    nan  fell    0  err_xy 0.163  std 0.500  lr 3.0e-04  fps   5507   278.6s
it  921/4000  reward     nan  ep_len    nan  fell    0  err_xy 0.168  std 0.500  lr 3.0e-04  fps   5353   278.9s
it  922/4000  reward     nan  ep_len    nan  fell    0  err_xy 0.149  std 0.500  lr 3.0e-04  fps   5412   279.2s
it  923/4000  reward     nan  ep_len    nan  fell    0  err_xy 0.150  std 0.500  lr 3.0e-04  fps   5355   279.5s
it  924/4000  reward     nan  ep_len    nan  fell    0  err_xy 0.145  std 0.500  lr 3.0e-04  fps   5368   279.8s
it  925/4000  reward     nan  ep_len    nan  fell    0  err_xy 0.135  std 0.500  lr 3.0e-04  fps   5376   280.0s
it  926/4000  reward     nan  ep_len    nan  fell    0  err_xy 0.129  std 0.500  lr 3.0e-04  fps   5462   280.3s
it  927/4000  reward     nan  ep_len    nan  fell    0  err_xy 0.120  std 0.500  lr 3.0e-04  fps   5458   280.6s
it  928/4000  reward     nan  ep_len    nan  fell    0  err_xy 0.124  std 0.500  lr 3.0e-04  fps   5456   280.9s
it  929/4000  reward     nan  ep_len    nan  fell    0  err_xy 0.118  std 0.500  lr 3.0e-04  fps   5350   281.2s
it  930/4000  reward     nan  ep_len    nan  fell    0  err_xy 0.122  std 0.500  lr 3.0e-04  fps   5395   281.5s
it  931/4000  reward     nan  ep_len    nan  fell    0  err_xy 0.128  std 0.500  lr 3.0e-04  fps   5339   281.7s
it  932/4000  reward     nan  ep_len    nan  fell    0  err_xy 0.118  std 0.500  lr 3.0e-04  fps   5380   282.0s
it  933/4000  reward     nan  ep_len    nan  fell    0  err_xy 0.110  std 0.500  lr 3.0e-04  fps   5242   282.3s
it  934/4000  reward   25.39  ep_len  400.0  fell    0  err_xy 0.170  std 0.500  lr 3.0e-04  fps   4099   282.7s
it  935/4000  reward     nan  ep_len    nan  fell    0  err_xy 0.207  std 0.500  lr 3.0e-04  fps   5455   283.0s
it  936/4000  reward     nan  ep_len    nan  fell    0  err_xy 0.169  std 0.500  lr 3.0e-04  fps   5431   283.3s
it  937/4000  reward     nan  ep_len    nan  fell    0  err_xy 0.141  std 0.500  lr 3.0e-04  fps   5450   283.5s
it  938/4000  reward     nan  ep_len    nan  fell    0  err_xy 0.138  std 0.500  lr 3.0e-04  fps   5419   283.8s
it  939/4000  reward     nan  ep_len    nan  fell    0  err_xy 0.139  std 0.500  lr 3.0e-04  fps   5328   284.1s
it  940/4000  reward     nan  ep_len    nan  fell    0  err_xy 0.122  std 0.500  lr 3.0e-04  fps   5521   284.4s
it  941/4000  reward     nan  ep_len    nan  fell    0  err_xy 0.105  std 0.500  lr 3.0e-04  fps   5285   284.7s
it  942/4000  reward     nan  ep_len    nan  fell    0  err_xy 0.103  std 0.500  lr 3.0e-04  fps   5444   285.0s
it  943/4000  reward     nan  ep_len    nan  fell    0  err_xy 0.094  std 0.500  lr 3.0e-04  fps   5432   285.3s
it  944/4000  reward     nan  ep_len    nan  fell    0  err_xy 0.083  std 0.500  lr 3.0e-04  fps   5403   285.5s
it  945/4000  reward     nan  ep_len    nan  fell    0  err_xy 0.071  std 0.500  lr 3.0e-04  fps   5471   285.8s
it  946/4000  reward     nan  ep_len    nan  fell    0  err_xy 0.069  std 0.500  lr 3.0e-04  fps   5464   286.1s
it  947/4000  reward     nan  ep_len    nan  fell    0  err_xy 0.065  std 0.500  lr 3.0e-04  fps   5418   286.4s
it  948/4000  reward     nan  ep_len    nan  fell    0  err_xy 0.064  std 0.500  lr 3.0e-04  fps   5365   286.7s
it  949/4000  reward     nan  ep_len    nan  fell    0  err_xy 0.058  std 0.500  lr 3.0e-04  fps   5365   287.0s
it  950/4000  reward   20.20  ep_len  400.0  fell    0  err_xy 0.057  std 0.500  lr 3.0e-04  fps   3977   287.3s
it  951/4000  reward     nan  ep_len    nan  fell    0  err_xy 0.150  std 0.500  lr 3.0e-04  fps   5293   287.6s
it  952/4000  reward     nan  ep_len    nan  fell    0  err_xy 0.130  std 0.500  lr 3.0e-04  fps   5379   287.9s
it  953/4000  reward     nan  ep_len    nan  fell    0  err_xy 0.111  std 0.500  lr 3.0e-04  fps   5458   288.2s
it  954/4000  reward     nan  ep_len    nan  fell    0  err_xy 0.114  std 0.500  lr 3.0e-04  fps   5314   288.5s
it  955/4000  reward     nan  ep_len    nan  fell    0  err_xy 0.108  std 0.500  lr 3.0e-04  fps   5257   288.8s
it  956/4000  reward     nan  ep_len    nan  fell    0  err_xy 0.109  std 0.500  lr 3.0e-04  fps   5237   289.1s
it  957/4000  reward     nan  ep_len    nan  fell    0  err_xy 0.105  std 0.500  lr 3.0e-04  fps   5359   289.4s
it  958/4000  reward     nan  ep_len    nan  fell    0  err_xy 0.100  std 0.500  lr 3.0e-04  fps   4841   289.7s
it  959/4000  reward     nan  ep_len    nan  fell    0  err_xy 0.090  std 0.500  lr 3.0e-04  fps   5318   290.0s
it  960/4000  reward     nan  ep_len    nan  fell    0  err_xy 0.084  std 0.500  lr 3.0e-04  fps   5221   290.3s
it  961/4000  reward     nan  ep_len    nan  fell    0  err_xy 0.089  std 0.500  lr 3.0e-04  fps   5206   290.6s
it  962/4000  reward     nan  ep_len    nan  fell    0  err_xy 0.084  std 0.500  lr 3.0e-04  fps   5248   290.9s
it  963/4000  reward     nan  ep_len    nan  fell    0  err_xy 0.074  std 0.500  lr 3.0e-04  fps   5262   291.1s
it  964/4000  reward     nan  ep_len    nan  fell    0  err_xy 0.079  std 0.500  lr 3.0e-04  fps   5309   291.4s
it  965/4000  reward     nan  ep_len    nan  fell    0  err_xy 0.083  std 0.500  lr 3.0e-04  fps   4714   291.8s
it  966/4000  reward     nan  ep_len    nan  fell    0  err_xy 0.077  std 0.500  lr 3.0e-04  fps   5267   292.1s
it  967/4000  reward   19.18  ep_len  400.0  fell    0  err_xy 0.114  std 0.500  lr 3.0e-04  fps   3971   292.4s
it  968/4000  reward     nan  ep_len    nan  fell    0  err_xy 0.173  std 0.500  lr 3.0e-04  fps   5294   292.7s
it  969/4000  reward     nan  ep_len    nan  fell    0  err_xy 0.159  std 0.500  lr 3.0e-04  fps   5385   293.0s
it  970/4000  reward     nan  ep_len    nan  fell    0  err_xy 0.124  std 0.500  lr 3.0e-04  fps   5410   293.3s
it  971/4000  reward     nan  ep_len    nan  fell    0  err_xy 0.113  std 0.500  lr 3.0e-04  fps   5179   293.6s
it  972/4000  reward     nan  ep_len    nan  fell    0  err_xy 0.118  std 0.500  lr 3.0e-04  fps   5246   293.9s
it  973/4000  reward     nan  ep_len    nan  fell    0  err_xy 0.109  std 0.500  lr 3.0e-04  fps   5348   294.2s
it  974/4000  reward     nan  ep_len    nan  fell    0  err_xy 0.104  std 0.500  lr 3.0e-04  fps   5329   294.5s
it  975/4000  reward     nan  ep_len    nan  fell    0  err_xy 0.097  std 0.500  lr 3.0e-04  fps   5273   294.8s
it  976/4000  reward     nan  ep_len    nan  fell    0  err_xy 0.094  std 0.500  lr 3.0e-04  fps   5407   295.0s
it  977/4000  reward     nan  ep_len    nan  fell    0  err_xy 0.097  std 0.500  lr 3.0e-04  fps   5431   295.3s
it  978/4000  reward     nan  ep_len    nan  fell    0  err_xy 0.092  std 0.500  lr 3.0e-04  fps   5344   295.6s
it  979/4000  reward     nan  ep_len    nan  fell    0  err_xy 0.086  std 0.500  lr 3.0e-04  fps   5361   295.9s
it  980/4000  reward     nan  ep_len    nan  fell    0  err_xy 0.095  std 0.500  lr 3.0e-04  fps   5253   296.2s
it  981/4000  reward     nan  ep_len    nan  fell    0  err_xy 0.094  std 0.500  lr 3.0e-04  fps   5286   296.5s
it  982/4000  reward     nan  ep_len    nan  fell    0  err_xy 0.080  std 0.499  lr 3.0e-04  fps   5325   296.8s
it  983/4000  reward     nan  ep_len    nan  fell    0  err_xy 0.081  std 0.499  lr 3.0e-04  fps   5378   297.1s
it  984/4000  reward   20.04  ep_len  400.0  fell    0  err_xy 0.147  std 0.500  lr 3.0e-04  fps   4116   297.4s
it  985/4000  reward     nan  ep_len    nan  fell    0  err_xy 0.165  std 0.500  lr 3.0e-04  fps   5438   297.7s
it  986/4000  reward     nan  ep_len    nan  fell    0  err_xy 0.152  std 0.500  lr 3.0e-04  fps   5480   298.0s
it  987/4000  reward     nan  ep_len    nan  fell    0  err_xy 0.142  std 0.500  lr 3.0e-04  fps   5522   298.3s
it  988/4000  reward     nan  ep_len    nan  fell    0  err_xy 0.147  std 0.500  lr 3.0e-04  fps   5496   298.6s
it  989/4000  reward     nan  ep_len    nan  fell    0  err_xy 0.140  std 0.500  lr 3.0e-04  fps   5480   298.8s
it  990/4000  reward     nan  ep_len    nan  fell    0  err_xy 0.127  std 0.500  lr 3.0e-04  fps   5274   299.1s
it  991/4000  reward     nan  ep_len    nan  fell    0  err_xy 0.117  std 0.500  lr 3.0e-04  fps   4902   299.4s
it  992/4000  reward     nan  ep_len    nan  fell    0  err_xy 0.115  std 0.500  lr 3.0e-04  fps   4791   299.8s
it  993/4000  reward     nan  ep_len    nan  fell    0  err_xy 0.100  std 0.500  lr 3.0e-04  fps   5115   300.1s
it  994/4000  reward     nan  ep_len    nan  fell    0  err_xy 0.103  std 0.500  lr 3.0e-04  fps   4911   300.4s
it  995/4000  reward     nan  ep_len    nan  fell    0  err_xy 0.097  std 0.500  lr 3.0e-04  fps   5186   300.7s
it  996/4000  reward     nan  ep_len    nan  fell    0  err_xy 0.086  std 0.500  lr 3.0e-04  fps   5187   301.0s
it  997/4000  reward     nan  ep_len    nan  fell    0  err_xy 0.083  std 0.500  lr 3.0e-04  fps   5118   301.3s
it  998/4000  reward     nan  ep_len    nan  fell    0  err_xy 0.077  std 0.500  lr 3.0e-04  fps   5216   301.6s
it  999/4000  reward     nan  ep_len    nan  fell    0  err_xy 0.077  std 0.500  lr 3.0e-04  fps   5129   301.9s
it 1000/4000  reward   27.45  ep_len  400.0  fell    0  err_xy 0.088  std 0.500  lr 3.0e-04  fps   3934   302.2s
eval iteration 1000:
  prone          success   0.0%  time 8.00s  peak_τ 0.83 Nm  return -7.94
  supine         success   0.0%  time 8.00s  peak_τ 0.94 Nm  return -6.01
  score 0.000
it 1001/4000  reward     nan  ep_len    nan  fell    0  err_xy 0.185  std 0.500  lr 3.0e-04  fps   5988   304.4s
it 1002/4000  reward     nan  ep_len    nan  fell    0  err_xy 0.184  std 0.500  lr 3.0e-04  fps   5389   304.7s
it 1003/4000  reward     nan  ep_len    nan  fell    0  err_xy 0.157  std 0.500  lr 3.0e-04  fps   5580   304.9s
it 1004/4000  reward     nan  ep_len    nan  fell    0  err_xy 0.152  std 0.500  lr 3.0e-04  fps   5529   305.2s
it 1005/4000  reward     nan  ep_len    nan  fell    0  err_xy 0.145  std 0.500  lr 3.0e-04  fps   5469   305.5s
it 1006/4000  reward     nan  ep_len    nan  fell    0  err_xy 0.152  std 0.500  lr 3.0e-04  fps   5170   305.8s
it 1007/4000  reward     nan  ep_len    nan  fell    0  err_xy 0.134  std 0.500  lr 3.0e-04  fps   5265   306.1s
it 1008/4000  reward     nan  ep_len    nan  fell    0  err_xy 0.117  std 0.500  lr 3.0e-04  fps   5283   306.4s
it 1009/4000  reward     nan  ep_len    nan  fell    0  err_xy 0.099  std 0.500  lr 3.0e-04  fps   5260   306.7s
it 1010/4000  reward     nan  ep_len    nan  fell    0  err_xy 0.096  std 0.500  lr 3.0e-04  fps   5244   307.0s
it 1011/4000  reward     nan  ep_len    nan  fell    0  err_xy 0.087  std 0.500  lr 3.0e-04  fps   5273   307.3s
it 1012/4000  reward     nan  ep_len    nan  fell    0  err_xy 0.087  std 0.500  lr 3.0e-04  fps   5222   307.6s
it 1013/4000  reward     nan  ep_len    nan  fell    0  err_xy 0.091  std 0.500  lr 3.0e-04  fps   5220   307.8s
it 1014/4000  reward     nan  ep_len    nan  fell    0  err_xy 0.089  std 0.500  lr 3.0e-04  fps   5297   308.1s
it 1015/4000  reward     nan  ep_len    nan  fell    0  err_xy 0.085  std 0.500  lr 3.0e-04  fps   5342   308.4s
it 1016/4000  reward     nan  ep_len    nan  fell    0  err_xy 0.086  std 0.500  lr 3.0e-04  fps   5029   308.7s
it 1017/4000  reward   30.24  ep_len  400.0  fell    0  err_xy 0.118  std 0.500  lr 3.0e-04  fps   4086   309.1s
it 1018/4000  reward     nan  ep_len    nan  fell    0  err_xy 0.219  std 0.500  lr 3.0e-04  fps   5386   309.4s
it 1019/4000  reward     nan  ep_len    nan  fell    0  err_xy 0.220  std 0.500  lr 3.0e-04  fps   5249   309.7s
it 1020/4000  reward     nan  ep_len    nan  fell    0  err_xy 0.170  std 0.500  lr 3.0e-04  fps   5250   310.0s
it 1021/4000  reward     nan  ep_len    nan  fell    0  err_xy 0.144  std 0.500  lr 3.0e-04  fps   5480   310.3s
it 1022/4000  reward     nan  ep_len    nan  fell    0  err_xy 0.143  std 0.500  lr 3.0e-04  fps   5339   310.5s
it 1023/4000  reward     nan  ep_len    nan  fell    0  err_xy 0.133  std 0.500  lr 3.0e-04  fps   5511   310.8s
it 1024/4000  reward     nan  ep_len    nan  fell    0  err_xy 0.130  std 0.500  lr 3.0e-04  fps   5083   311.1s
it 1025/4000  reward     nan  ep_len    nan  fell    0  err_xy 0.132  std 0.500  lr 3.0e-04  fps   5284   311.4s
it 1026/4000  reward     nan  ep_len    nan  fell    0  err_xy 0.117  std 0.500  lr 3.0e-04  fps   5126   311.7s
it 1027/4000  reward     nan  ep_len    nan  fell    0  err_xy 0.113  std 0.500  lr 3.0e-04  fps   5186   312.0s
it 1028/4000  reward     nan  ep_len    nan  fell    0  err_xy 0.106  std 0.500  lr 3.0e-04  fps   5395   312.3s
it 1029/4000  reward     nan  ep_len    nan  fell    0  err_xy 0.098  std 0.500  lr 3.0e-04  fps   5387   312.6s
it 1030/4000  reward     nan  ep_len    nan  fell    0  err_xy 0.106  std 0.500  lr 3.0e-04  fps   5431   312.9s
it 1031/4000  reward     nan  ep_len    nan  fell    0  err_xy 0.108  std 0.500  lr 3.0e-04  fps   5455   313.2s
it 1032/4000  reward     nan  ep_len    nan  fell    0  err_xy 0.106  std 0.500  lr 3.0e-04  fps   5481   313.4s
it 1033/4000  reward     nan  ep_len    nan  fell    0  err_xy 0.108  std 0.500  lr 3.0e-04  fps   5420   313.7s
it 1034/4000  reward   24.45  ep_len  400.0  fell    0  err_xy 0.157  std 0.500  lr 3.0e-04  fps   4161   314.1s
it 1035/4000  reward     nan  ep_len    nan  fell    0  err_xy 0.198  std 0.500  lr 3.0e-04  fps   5615   314.4s
it 1036/4000  reward     nan  ep_len    nan  fell    0  err_xy 0.197  std 0.500  lr 3.0e-04  fps   5284   314.6s
it 1037/4000  reward     nan  ep_len    nan  fell    0  err_xy 0.156  std 0.500  lr 3.0e-04  fps   5346   314.9s
it 1038/4000  reward     nan  ep_len    nan  fell    0  err_xy 0.147  std 0.500  lr 3.0e-04  fps   5227   315.2s
it 1039/4000  reward     nan  ep_len    nan  fell    0  err_xy 0.144  std 0.500  lr 3.0e-04  fps   5029   315.5s
it 1040/4000  reward     nan  ep_len    nan  fell    0  err_xy 0.134  std 0.500  lr 3.0e-04  fps   5371   315.8s
it 1041/4000  reward     nan  ep_len    nan  fell    0  err_xy 0.124  std 0.500  lr 3.0e-04  fps   5340   316.1s
it 1042/4000  reward     nan  ep_len    nan  fell    0  err_xy 0.106  std 0.500  lr 3.0e-04  fps   4937   316.4s
it 1043/4000  reward     nan  ep_len    nan  fell    0  err_xy 0.105  std 0.500  lr 3.0e-04  fps   5077   316.7s
it 1044/4000  reward     nan  ep_len    nan  fell    0  err_xy 0.098  std 0.500  lr 3.0e-04  fps   5033   317.0s
it 1045/4000  reward     nan  ep_len    nan  fell    0  err_xy 0.090  std 0.500  lr 3.0e-04  fps   5133   317.3s
it 1046/4000  reward     nan  ep_len    nan  fell    0  err_xy 0.089  std 0.500  lr 3.0e-04  fps   5092   317.6s
it 1047/4000  reward     nan  ep_len    nan  fell    0  err_xy 0.083  std 0.500  lr 3.0e-04  fps   5082   317.9s
it 1048/4000  reward     nan  ep_len    nan  fell    0  err_xy 0.088  std 0.500  lr 3.0e-04  fps   5073   318.2s
it 1049/4000  reward     nan  ep_len    nan  fell    0  err_xy 0.087  std 0.500  lr 3.0e-04  fps   5102   318.5s
it 1050/4000  reward   32.72  ep_len  400.0  fell    0  err_xy 0.091  std 0.500  lr 3.0e-04  fps   3737   318.9s
it 1051/4000  reward     nan  ep_len    nan  fell    0  err_xy 0.181  std 0.500  lr 3.0e-04  fps   5214   319.2s
it 1052/4000  reward     nan  ep_len    nan  fell    0  err_xy 0.194  std 0.500  lr 3.0e-04  fps   5196   319.5s
it 1053/4000  reward     nan  ep_len    nan  fell    0  err_xy 0.145  std 0.500  lr 3.0e-04  fps   5056   319.8s
it 1054/4000  reward     nan  ep_len    nan  fell    0  err_xy 0.142  std 0.500  lr 3.0e-04  fps   5273   320.1s
it 1055/4000  reward     nan  ep_len    nan  fell    0  err_xy 0.126  std 0.500  lr 3.0e-04  fps   5473   320.4s
it 1056/4000  reward     nan  ep_len    nan  fell    0  err_xy 0.128  std 0.500  lr 3.0e-04  fps   5424   320.7s
it 1057/4000  reward     nan  ep_len    nan  fell    0  err_xy 0.125  std 0.500  lr 3.0e-04  fps   5339   321.0s
it 1058/4000  reward     nan  ep_len    nan  fell    0  err_xy 0.122  std 0.500  lr 3.0e-04  fps   4888   321.3s
it 1059/4000  reward     nan  ep_len    nan  fell    0  err_xy 0.108  std 0.500  lr 3.0e-04  fps   4859   321.6s
it 1060/4000  reward     nan  ep_len    nan  fell    0  err_xy 0.099  std 0.500  lr 3.0e-04  fps   5255   321.9s
it 1061/4000  reward     nan  ep_len    nan  fell    0  err_xy 0.100  std 0.500  lr 3.0e-04  fps   5294   322.2s
it 1062/4000  reward     nan  ep_len    nan  fell    0  err_xy 0.095  std 0.500  lr 3.0e-04  fps   5258   322.5s
it 1063/4000  reward     nan  ep_len    nan  fell    0  err_xy 0.098  std 0.500  lr 3.0e-04  fps   5434   322.8s
it 1064/4000  reward     nan  ep_len    nan  fell    0  err_xy 0.100  std 0.500  lr 3.0e-04  fps   5411   323.1s
it 1065/4000  reward     nan  ep_len    nan  fell    0  err_xy 0.091  std 0.500  lr 3.0e-04  fps   5350   323.3s
it 1066/4000  reward     nan  ep_len    nan  fell    0  err_xy 0.092  std 0.500  lr 3.0e-04  fps   5053   323.7s
it 1067/4000  reward   22.72  ep_len  400.0  fell    0  err_xy 0.128  std 0.500  lr 3.0e-04  fps   4221   324.0s
it 1068/4000  reward     nan  ep_len    nan  fell    0  err_xy 0.207  std 0.500  lr 3.0e-04  fps   5560   324.3s
it 1069/4000  reward     nan  ep_len    nan  fell    0  err_xy 0.199  std 0.500  lr 3.0e-04  fps   5563   324.6s
it 1070/4000  reward     nan  ep_len    nan  fell    0  err_xy 0.177  std 0.500  lr 3.0e-04  fps   5562   324.8s
it 1071/4000  reward     nan  ep_len    nan  fell    0  err_xy 0.140  std 0.500  lr 3.0e-04  fps   5582   325.1s
it 1072/4000  reward     nan  ep_len    nan  fell    0  err_xy 0.126  std 0.500  lr 3.0e-04  fps   5572   325.4s
it 1073/4000  reward     nan  ep_len    nan  fell    0  err_xy 0.126  std 0.500  lr 3.0e-04  fps   5404   325.7s
it 1074/4000  reward     nan  ep_len    nan  fell    0  err_xy 0.124  std 0.500  lr 3.0e-04  fps   5364   326.0s
it 1075/4000  reward     nan  ep_len    nan  fell    0  err_xy 0.101  std 0.500  lr 3.0e-04  fps   5414   326.3s
it 1076/4000  reward     nan  ep_len    nan  fell    0  err_xy 0.101  std 0.500  lr 3.0e-04  fps   5411   326.5s
it 1077/4000  reward     nan  ep_len    nan  fell    0  err_xy 0.098  std 0.500  lr 3.0e-04  fps   5350   326.8s
it 1078/4000  reward     nan  ep_len    nan  fell    0  err_xy 0.095  std 0.500  lr 3.0e-04  fps   5361   327.1s
it 1079/4000  reward     nan  ep_len    nan  fell    0  err_xy 0.091  std 0.500  lr 3.0e-04  fps   5361   327.4s
it 1080/4000  reward     nan  ep_len    nan  fell    0  err_xy 0.090  std 0.500  lr 3.0e-04  fps   5396   327.7s
it 1081/4000  reward     nan  ep_len    nan  fell    0  err_xy 0.091  std 0.500  lr 3.0e-04  fps   5441   328.0s
it 1082/4000  reward     nan  ep_len    nan  fell    0  err_xy 0.099  std 0.500  lr 3.0e-04  fps   5390   328.3s
it 1083/4000  reward     nan  ep_len    nan  fell    0  err_xy 0.091  std 0.500  lr 3.0e-04  fps   5449   328.5s
  assist curriculum: 3.62 → 3.22 N (lying stood=32% of 41, all stood=41%, peak_head=0.229/0.294)
it 1084/4000  reward   34.64  ep_len  400.0  fell    0  err_xy 0.141  std 0.500  lr 3.0e-04  fps   4199   328.9s
it 1085/4000  reward     nan  ep_len    nan  fell    0  err_xy 0.154  std 0.500  lr 3.0e-04  fps   5621   329.2s
it 1086/4000  reward     nan  ep_len    nan  fell    0  err_xy 0.146  std 0.500  lr 3.0e-04  fps   5594   329.4s
it 1087/4000  reward     nan  ep_len    nan  fell    0  err_xy 0.127  std 0.500  lr 3.0e-04  fps   5669   329.7s
it 1088/4000  reward     nan  ep_len    nan  fell    0  err_xy 0.126  std 0.500  lr 3.0e-04  fps   5607   330.0s
it 1089/4000  reward     nan  ep_len    nan  fell    0  err_xy 0.129  std 0.500  lr 3.0e-04  fps   5526   330.3s
it 1090/4000  reward     nan  ep_len    nan  fell    0  err_xy 0.131  std 0.500  lr 3.0e-04  fps   5573   330.5s
it 1091/4000  reward     nan  ep_len    nan  fell    0  err_xy 0.108  std 0.500  lr 3.0e-04  fps   5615   330.8s
it 1092/4000  reward     nan  ep_len    nan  fell    0  err_xy 0.089  std 0.500  lr 3.0e-04  fps   5614   331.1s
it 1093/4000  reward     nan  ep_len    nan  fell    0  err_xy 0.078  std 0.500  lr 3.0e-04  fps   5026   331.4s
it 1094/4000  reward     nan  ep_len    nan  fell    0  err_xy 0.077  std 0.500  lr 3.0e-04  fps   5522   331.7s
it 1095/4000  reward     nan  ep_len    nan  fell    0  err_xy 0.065  std 0.500  lr 3.0e-04  fps   5466   332.0s
it 1096/4000  reward     nan  ep_len    nan  fell    0  err_xy 0.067  std 0.500  lr 3.0e-04  fps   5582   332.2s
it 1097/4000  reward     nan  ep_len    nan  fell    0  err_xy 0.071  std 0.500  lr 3.0e-04  fps   5534   332.5s
it 1098/4000  reward     nan  ep_len    nan  fell    0  err_xy 0.071  std 0.500  lr 3.0e-04  fps   5529   332.8s
it 1099/4000  reward     nan  ep_len    nan  fell    0  err_xy 0.070  std 0.500  lr 3.0e-04  fps   5446   333.1s
it 1100/4000  reward   14.50  ep_len  400.0  fell    0  err_xy 0.070  std 0.500  lr 3.0e-04  fps   4073   333.5s
it 1101/4000  reward     nan  ep_len    nan  fell    0  err_xy 0.188  std 0.500  lr 3.0e-04  fps   5196   333.7s
it 1102/4000  reward     nan  ep_len    nan  fell    0  err_xy 0.160  std 0.500  lr 3.0e-04  fps   5532   334.0s
it 1103/4000  reward     nan  ep_len    nan  fell    0  err_xy 0.134  std 0.500  lr 3.0e-04  fps   5616   334.3s
it 1104/4000  reward     nan  ep_len    nan  fell    0  err_xy 0.122  std 0.500  lr 3.0e-04  fps   5511   334.6s
it 1105/4000  reward     nan  ep_len    nan  fell    0  err_xy 0.112  std 0.500  lr 3.0e-04  fps   5574   334.9s
it 1106/4000  reward     nan  ep_len    nan  fell    0  err_xy 0.099  std 0.500  lr 3.0e-04  fps   5685   335.1s
it 1107/4000  reward     nan  ep_len    nan  fell    0  err_xy 0.104  std 0.500  lr 3.0e-04  fps   5570   335.4s
it 1108/4000  reward     nan  ep_len    nan  fell    0  err_xy 0.101  std 0.500  lr 3.0e-04  fps   5618   335.7s
it 1109/4000  reward     nan  ep_len    nan  fell    0  err_xy 0.097  std 0.500  lr 3.0e-04  fps   5671   335.9s
it 1110/4000  reward     nan  ep_len    nan  fell    0  err_xy 0.086  std 0.500  lr 3.0e-04  fps   5475   336.2s
it 1111/4000  reward     nan  ep_len    nan  fell    0  err_xy 0.102  std 0.500  lr 3.0e-04  fps   5540   336.5s
it 1112/4000  reward     nan  ep_len    nan  fell    0  err_xy 0.100  std 0.500  lr 3.0e-04  fps   5624   336.8s
it 1113/4000  reward     nan  ep_len    nan  fell    0  err_xy 0.099  std 0.500  lr 3.0e-04  fps   5542   337.1s
it 1114/4000  reward     nan  ep_len    nan  fell    0  err_xy 0.096  std 0.500  lr 3.0e-04  fps   5453   337.3s
it 1115/4000  reward     nan  ep_len    nan  fell    0  err_xy 0.103  std 0.500  lr 3.0e-04  fps   5282   337.6s
it 1116/4000  reward     nan  ep_len    nan  fell    0  err_xy 0.102  std 0.500  lr 3.0e-04  fps   5537   337.9s
it 1117/4000  reward   13.31  ep_len  400.0  fell    0  err_xy 0.134  std 0.500  lr 3.0e-04  fps   4035   338.3s
it 1118/4000  reward     nan  ep_len    nan  fell    0  err_xy 0.162  std 0.500  lr 3.0e-04  fps   5398   338.6s
it 1119/4000  reward     nan  ep_len    nan  fell    0  err_xy 0.178  std 0.500  lr 3.0e-04  fps   5262   338.9s
it 1120/4000  reward     nan  ep_len    nan  fell    0  err_xy 0.141  std 0.500  lr 3.0e-04  fps   5467   339.1s
it 1121/4000  reward     nan  ep_len    nan  fell    0  err_xy 0.135  std 0.500  lr 3.0e-04  fps   5529   339.4s
it 1122/4000  reward     nan  ep_len    nan  fell    0  err_xy 0.131  std 0.500  lr 3.0e-04  fps   5487   339.7s
it 1123/4000  reward     nan  ep_len    nan  fell    0  err_xy 0.131  std 0.500  lr 3.0e-04  fps   5509   340.0s
it 1124/4000  reward     nan  ep_len    nan  fell    0  err_xy 0.136  std 0.500  lr 3.0e-04  fps   5495   340.3s
it 1125/4000  reward     nan  ep_len    nan  fell    0  err_xy 0.117  std 0.500  lr 3.0e-04  fps   5455   340.5s
it 1126/4000  reward     nan  ep_len    nan  fell    0  err_xy 0.104  std 0.500  lr 3.0e-04  fps   5452   340.8s
it 1127/4000  reward     nan  ep_len    nan  fell    0  err_xy 0.092  std 0.500  lr 3.0e-04  fps   5373   341.1s
it 1128/4000  reward     nan  ep_len    nan  fell    0  err_xy 0.094  std 0.500  lr 3.0e-04  fps   5396   341.4s
it 1129/4000  reward     nan  ep_len    nan  fell    0  err_xy 0.094  std 0.500  lr 3.0e-04  fps   5147   341.7s
it 1130/4000  reward     nan  ep_len    nan  fell    0  err_xy 0.098  std 0.500  lr 3.0e-04  fps   5164   342.0s
it 1131/4000  reward     nan  ep_len    nan  fell    0  err_xy 0.095  std 0.500  lr 3.0e-04  fps   5036   342.3s
it 1132/4000  reward     nan  ep_len    nan  fell    0  err_xy 0.092  std 0.500  lr 3.0e-04  fps   4892   342.6s
it 1133/4000  reward     nan  ep_len    nan  fell    0  err_xy 0.088  std 0.500  lr 3.0e-04  fps   5111   342.9s
  assist curriculum: 3.22 → 2.82 N (lying stood=46% of 35, all stood=44%, peak_head=0.230/0.294)
it 1134/4000  reward   28.74  ep_len  400.0  fell    0  err_xy 0.149  std 0.500  lr 3.0e-04  fps   4073   343.3s
it 1135/4000  reward     nan  ep_len    nan  fell    0  err_xy 0.156  std 0.500  lr 3.0e-04  fps   5444   343.6s
it 1136/4000  reward     nan  ep_len    nan  fell    0  err_xy 0.133  std 0.500  lr 3.0e-04  fps   5607   343.8s
it 1137/4000  reward     nan  ep_len    nan  fell    0  err_xy 0.106  std 0.500  lr 3.0e-04  fps   5658   344.1s
it 1138/4000  reward     nan  ep_len    nan  fell    0  err_xy 0.106  std 0.500  lr 3.0e-04  fps   5642   344.4s
it 1139/4000  reward     nan  ep_len    nan  fell    0  err_xy 0.095  std 0.500  lr 3.0e-04  fps   5598   344.7s
it 1140/4000  reward     nan  ep_len    nan  fell    0  err_xy 0.102  std 0.500  lr 3.0e-04  fps   5568   344.9s
it 1141/4000  reward     nan  ep_len    nan  fell    0  err_xy 0.098  std 0.500  lr 3.0e-04  fps   5575   345.2s
it 1142/4000  reward     nan  ep_len    nan  fell    0  err_xy 0.099  std 0.500  lr 3.0e-04  fps   5475   345.5s
it 1143/4000  reward     nan  ep_len    nan  fell    0  err_xy 0.089  std 0.500  lr 3.0e-04  fps   5460   345.8s
it 1144/4000  reward     nan  ep_len    nan  fell    0  err_xy 0.096  std 0.500  lr 3.0e-04  fps   5544   346.1s
it 1145/4000  reward     nan  ep_len    nan  fell    0  err_xy 0.101  std 0.500  lr 3.0e-04  fps   5394   346.3s
it 1146/4000  reward     nan  ep_len    nan  fell    0  err_xy 0.103  std 0.500  lr 3.0e-04  fps   5186   346.6s
it 1147/4000  reward     nan  ep_len    nan  fell    0  err_xy 0.102  std 0.500  lr 3.0e-04  fps   5239   346.9s
it 1148/4000  reward     nan  ep_len    nan  fell    0  err_xy 0.097  std 0.500  lr 3.0e-04  fps   5479   347.2s
it 1149/4000  reward     nan  ep_len    nan  fell    0  err_xy 0.093  std 0.500  lr 3.0e-04  fps   5577   347.5s
it 1150/4000  reward   10.05  ep_len  400.0  fell    0  err_xy 0.103  std 0.500  lr 3.0e-04  fps   4094   347.9s
it 1151/4000  reward     nan  ep_len    nan  fell    0  err_xy 0.170  std 0.500  lr 3.0e-04  fps   5393   348.1s
it 1152/4000  reward     nan  ep_len    nan  fell    0  err_xy 0.149  std 0.500  lr 3.0e-04  fps   5696   348.4s
it 1153/4000  reward     nan  ep_len    nan  fell    0  err_xy 0.114  std 0.500  lr 3.0e-04  fps   5604   348.7s
it 1154/4000  reward     nan  ep_len    nan  fell    0  err_xy 0.094  std 0.500  lr 3.0e-04  fps   5539   349.0s
it 1155/4000  reward     nan  ep_len    nan  fell    0  err_xy 0.103  std 0.500  lr 3.0e-04  fps   5715   349.2s
it 1156/4000  reward     nan  ep_len    nan  fell    0  err_xy 0.107  std 0.500  lr 3.0e-04  fps   5657   349.5s
it 1157/4000  reward     nan  ep_len    nan  fell    0  err_xy 0.107  std 0.500  lr 3.0e-04  fps   5624   349.8s
it 1158/4000  reward     nan  ep_len    nan  fell    0  err_xy 0.121  std 0.500  lr 3.0e-04  fps   5597   350.1s
it 1159/4000  reward     nan  ep_len    nan  fell    0  err_xy 0.120  std 0.500  lr 3.0e-04  fps   5549   350.3s
it 1160/4000  reward     nan  ep_len    nan  fell    0  err_xy 0.106  std 0.500  lr 3.0e-04  fps   5577   350.6s
it 1161/4000  reward     nan  ep_len    nan  fell    0  err_xy 0.101  std 0.500  lr 3.0e-04  fps   5539   350.9s
it 1162/4000  reward     nan  ep_len    nan  fell    0  err_xy 0.097  std 0.500  lr 3.0e-04  fps   5595   351.2s
it 1163/4000  reward     nan  ep_len    nan  fell    0  err_xy 0.102  std 0.500  lr 3.0e-04  fps   5601   351.4s
it 1164/4000  reward     nan  ep_len    nan  fell    0  err_xy 0.105  std 0.500  lr 3.0e-04  fps   5207   351.7s
it 1165/4000  reward     nan  ep_len    nan  fell    0  err_xy 0.101  std 0.500  lr 3.0e-04  fps   5655   352.0s
it 1166/4000  reward     nan  ep_len    nan  fell    0  err_xy 0.095  std 0.500  lr 3.0e-04  fps   5647   352.3s
it 1167/4000  reward    6.52  ep_len  400.0  fell    0  err_xy 0.121  std 0.500  lr 3.0e-04  fps   4057   352.7s
it 1168/4000  reward     nan  ep_len    nan  fell    0  err_xy 0.169  std 0.500  lr 3.0e-04  fps   5480   352.9s
it 1169/4000  reward     nan  ep_len    nan  fell    0  err_xy 0.150  std 0.500  lr 3.0e-04  fps   5611   353.2s
it 1170/4000  reward     nan  ep_len    nan  fell    0  err_xy 0.108  std 0.500  lr 3.0e-04  fps   5611   353.5s
it 1171/4000  reward     nan  ep_len    nan  fell    0  err_xy 0.101  std 0.500  lr 3.0e-04  fps   5496   353.8s
it 1172/4000  reward     nan  ep_len    nan  fell    0  err_xy 0.113  std 0.500  lr 3.0e-04  fps   5509   354.0s
it 1173/4000  reward     nan  ep_len    nan  fell    0  err_xy 0.111  std 0.500  lr 3.0e-04  fps   5709   354.3s
it 1174/4000  reward     nan  ep_len    nan  fell    0  err_xy 0.112  std 0.500  lr 3.0e-04  fps   5588   354.6s
it 1175/4000  reward     nan  ep_len    nan  fell    0  err_xy 0.103  std 0.500  lr 3.0e-04  fps   5504   354.9s
it 1176/4000  reward     nan  ep_len    nan  fell    0  err_xy 0.109  std 0.500  lr 3.0e-04  fps   5557   355.1s
it 1177/4000  reward     nan  ep_len    nan  fell    0  err_xy 0.101  std 0.500  lr 3.0e-04  fps   5518   355.4s
it 1178/4000  reward     nan  ep_len    nan  fell    0  err_xy 0.109  std 0.500  lr 3.0e-04  fps   5454   355.7s
it 1179/4000  reward     nan  ep_len    nan  fell    0  err_xy 0.112  std 0.500  lr 3.0e-04  fps   5503   356.0s
it 1180/4000  reward     nan  ep_len    nan  fell    0  err_xy 0.109  std 0.500  lr 3.0e-04  fps   5499   356.3s
it 1181/4000  reward     nan  ep_len    nan  fell    0  err_xy 0.118  std 0.500  lr 3.0e-04  fps   5447   356.5s
it 1182/4000  reward     nan  ep_len    nan  fell    0  err_xy 0.115  std 0.500  lr 3.0e-04  fps   5370   356.8s
it 1183/4000  reward     nan  ep_len    nan  fell    0  err_xy 0.111  std 0.500  lr 3.0e-04  fps   5361   357.1s
it 1184/4000  reward   10.29  ep_len  400.0  fell    0  err_xy 0.173  std 0.500  lr 3.0e-04  fps   4160   357.5s
it 1185/4000  reward     nan  ep_len    nan  fell    0  err_xy 0.143  std 0.500  lr 3.0e-04  fps   5379   357.8s
it 1186/4000  reward     nan  ep_len    nan  fell    0  err_xy 0.124  std 0.500  lr 3.0e-04  fps   5433   358.1s
it 1187/4000  reward     nan  ep_len    nan  fell    0  err_xy 0.108  std 0.500  lr 3.0e-04  fps   5466   358.3s
it 1188/4000  reward     nan  ep_len    nan  fell    0  err_xy 0.115  std 0.500  lr 3.0e-04  fps   5459   358.6s
it 1189/4000  reward     nan  ep_len    nan  fell    0  err_xy 0.131  std 0.500  lr 3.0e-04  fps   5583   358.9s
it 1190/4000  reward     nan  ep_len    nan  fell    0  err_xy 0.127  std 0.500  lr 3.0e-04  fps   5595   359.2s
it 1191/4000  reward     nan  ep_len    nan  fell    0  err_xy 0.114  std 0.500  lr 3.0e-04  fps   5585   359.4s
it 1192/4000  reward     nan  ep_len    nan  fell    0  err_xy 0.093  std 0.500  lr 3.0e-04  fps   5467   359.7s
it 1193/4000  reward     nan  ep_len    nan  fell    0  err_xy 0.084  std 0.500  lr 3.0e-04  fps   5228   360.0s
it 1194/4000  reward     nan  ep_len    nan  fell    0  err_xy 0.096  std 0.500  lr 3.0e-04  fps   5436   360.3s
it 1195/4000  reward     nan  ep_len    nan  fell    0  err_xy 0.098  std 0.500  lr 3.0e-04  fps   5415   360.6s
it 1196/4000  reward     nan  ep_len    nan  fell    0  err_xy 0.101  std 0.500  lr 3.0e-04  fps   4095   361.0s
it 1197/4000  reward     nan  ep_len    nan  fell    0  err_xy 0.101  std 0.500  lr 3.0e-04  fps   5007   361.3s
it 1198/4000  reward     nan  ep_len    nan  fell    0  err_xy 0.104  std 0.500  lr 3.0e-04  fps   4617   361.6s
it 1199/4000  reward     nan  ep_len    nan  fell    0  err_xy 0.111  std 0.500  lr 3.0e-04  fps   5348   361.9s
it 1200/4000  reward    5.80  ep_len  400.0  fell    0  err_xy 0.119  std 0.500  lr 3.0e-04  fps   4138   362.3s
eval iteration 1200:
  prone          success   0.0%  time 8.00s  peak_τ 0.95 Nm  return -3.66
  supine         success   0.0%  time 8.00s  peak_τ 0.96 Nm  return -6.94
  score 0.000
it 1201/4000  reward     nan  ep_len    nan  fell    0  err_xy 0.157  std 0.500  lr 3.0e-04  fps   6329   364.5s
it 1202/4000  reward     nan  ep_len    nan  fell    0  err_xy 0.170  std 0.500  lr 3.0e-04  fps   6433   364.8s
it 1203/4000  reward     nan  ep_len    nan  fell    0  err_xy 0.157  std 0.500  lr 3.0e-04  fps   6572   365.0s
it 1204/4000  reward     nan  ep_len    nan  fell    0  err_xy 0.140  std 0.500  lr 3.0e-04  fps   6463   365.3s
it 1205/4000  reward     nan  ep_len    nan  fell    0  err_xy 0.138  std 0.500  lr 3.0e-04  fps   5486   365.5s
it 1206/4000  reward     nan  ep_len    nan  fell    0  err_xy 0.138  std 0.500  lr 3.0e-04  fps   5586   365.8s
it 1207/4000  reward     nan  ep_len    nan  fell    0  err_xy 0.139  std 0.500  lr 3.0e-04  fps   5572   366.1s
it 1208/4000  reward     nan  ep_len    nan  fell    0  err_xy 0.127  std 0.500  lr 3.0e-04  fps   5529   366.4s
it 1209/4000  reward     nan  ep_len    nan  fell    0  err_xy 0.125  std 0.500  lr 3.0e-04  fps   5171   366.7s
it 1210/4000  reward     nan  ep_len    nan  fell    0  err_xy 0.120  std 0.500  lr 3.0e-04  fps   5402   366.9s
it 1211/4000  reward     nan  ep_len    nan  fell    0  err_xy 0.134  std 0.500  lr 3.0e-04  fps   5402   367.2s
it 1212/4000  reward     nan  ep_len    nan  fell    0  err_xy 0.114  std 0.500  lr 3.0e-04  fps   5680   367.5s
it 1213/4000  reward     nan  ep_len    nan  fell    0  err_xy 0.130  std 0.500  lr 3.0e-04  fps   5634   367.8s
it 1214/4000  reward     nan  ep_len    nan  fell    0  err_xy 0.135  std 0.500  lr 3.0e-04  fps   5575   368.0s
it 1215/4000  reward     nan  ep_len    nan  fell    0  err_xy 0.127  std 0.500  lr 3.0e-04  fps   5557   368.3s
it 1216/4000  reward     nan  ep_len    nan  fell    0  err_xy 0.116  std 0.500  lr 3.0e-04  fps   5495   368.6s
it 1217/4000  reward    8.65  ep_len  400.0  fell    0  err_xy 0.143  std 0.500  lr 3.0e-04  fps   4257   369.0s
it 1218/4000  reward     nan  ep_len    nan  fell    0  err_xy 0.155  std 0.500  lr 3.0e-04  fps   5594   369.2s
it 1219/4000  reward     nan  ep_len    nan  fell    0  err_xy 0.179  std 0.500  lr 3.0e-04  fps   5562   369.5s
it 1220/4000  reward     nan  ep_len    nan  fell    0  err_xy 0.159  std 0.500  lr 3.0e-04  fps   5443   369.8s
it 1221/4000  reward     nan  ep_len    nan  fell    0  err_xy 0.153  std 0.500  lr 3.0e-04  fps   5417   370.1s
it 1222/4000  reward     nan  ep_len    nan  fell    0  err_xy 0.158  std 0.500  lr 3.0e-04  fps   5538   370.4s
it 1223/4000  reward     nan  ep_len    nan  fell    0  err_xy 0.163  std 0.500  lr 3.0e-04  fps   5523   370.6s
it 1224/4000  reward     nan  ep_len    nan  fell    0  err_xy 0.152  std 0.500  lr 3.0e-04  fps   5553   370.9s
it 1225/4000  reward     nan  ep_len    nan  fell    0  err_xy 0.139  std 0.500  lr 3.0e-04  fps   5486   371.2s
it 1226/4000  reward     nan  ep_len    nan  fell    0  err_xy 0.147  std 0.500  lr 3.0e-04  fps   5562   371.5s
it 1227/4000  reward     nan  ep_len    nan  fell    0  err_xy 0.142  std 0.500  lr 3.0e-04  fps   5509   371.7s
it 1228/4000  reward     nan  ep_len    nan  fell    0  err_xy 0.152  std 0.500  lr 3.0e-04  fps   5490   372.0s
it 1229/4000  reward     nan  ep_len    nan  fell    0  err_xy 0.135  std 0.500  lr 3.0e-04  fps   5581   372.3s
it 1230/4000  reward     nan  ep_len    nan  fell    0  err_xy 0.137  std 0.500  lr 3.0e-04  fps   5433   372.6s
it 1231/4000  reward     nan  ep_len    nan  fell    0  err_xy 0.128  std 0.500  lr 3.0e-04  fps   5510   372.9s
it 1232/4000  reward     nan  ep_len    nan  fell    0  err_xy 0.137  std 0.500  lr 3.0e-04  fps   5530   373.1s
it 1233/4000  reward     nan  ep_len    nan  fell    0  err_xy 0.131  std 0.500  lr 3.0e-04  fps   5539   373.4s
it 1234/4000  reward   12.35  ep_len  400.0  fell    0  err_xy 0.159  std 0.500  lr 3.0e-04  fps   4034   373.8s
it 1235/4000  reward     nan  ep_len    nan  fell    0  err_xy 0.131  std 0.500  lr 3.0e-04  fps   5561   374.1s
it 1236/4000  reward     nan  ep_len    nan  fell    0  err_xy 0.133  std 0.500  lr 3.0e-04  fps   5557   374.4s
it 1237/4000  reward     nan  ep_len    nan  fell    0  err_xy 0.121  std 0.500  lr 3.0e-04  fps   5273   374.6s
it 1238/4000  reward     nan  ep_len    nan  fell    0  err_xy 0.116  std 0.500  lr 3.0e-04  fps   5665   374.9s
it 1239/4000  reward     nan  ep_len    nan  fell    0  err_xy 0.115  std 0.500  lr 3.0e-04  fps   5604   375.2s
it 1240/4000  reward     nan  ep_len    nan  fell    0  err_xy 0.108  std 0.500  lr 3.0e-04  fps   5594   375.5s
it 1241/4000  reward     nan  ep_len    nan  fell    0  err_xy 0.100  std 0.500  lr 3.0e-04  fps   5680   375.7s
it 1242/4000  reward     nan  ep_len    nan  fell    0  err_xy 0.093  std 0.500  lr 3.0e-04  fps   5642   376.0s
it 1243/4000  reward     nan  ep_len    nan  fell    0  err_xy 0.094  std 0.500  lr 3.0e-04  fps   5715   376.3s
it 1244/4000  reward     nan  ep_len    nan  fell    0  err_xy 0.089  std 0.500  lr 3.0e-04  fps   5642   376.6s
it 1245/4000  reward     nan  ep_len    nan  fell    0  err_xy 0.086  std 0.500  lr 3.0e-04  fps   5588   376.8s
it 1246/4000  reward     nan  ep_len    nan  fell    0  err_xy 0.086  std 0.500  lr 3.0e-04  fps   5478   377.1s
it 1247/4000  reward     nan  ep_len    nan  fell    0  err_xy 0.087  std 0.500  lr 3.0e-04  fps   5697   377.4s
it 1248/4000  reward     nan  ep_len    nan  fell    0  err_xy 0.083  std 0.500  lr 3.0e-04  fps   5596   377.7s
it 1249/4000  reward     nan  ep_len    nan  fell    0  err_xy 0.080  std 0.500  lr 3.0e-04  fps   5594   377.9s
it 1250/4000  reward    3.61  ep_len  400.0  fell    0  err_xy 0.077  std 0.500  lr 3.0e-04  fps   4130   378.3s
it 1251/4000  reward     nan  ep_len    nan  fell    0  err_xy 0.171  std 0.500  lr 3.0e-04  fps   5376   378.6s
it 1252/4000  reward     nan  ep_len    nan  fell    0  err_xy 0.163  std 0.500  lr 3.0e-04  fps   5408   378.9s
it 1253/4000  reward     nan  ep_len    nan  fell    0  err_xy 0.132  std 0.500  lr 3.0e-04  fps   5413   379.2s
it 1254/4000  reward     nan  ep_len    nan  fell    0  err_xy 0.132  std 0.500  lr 3.0e-04  fps   5466   379.4s
it 1255/4000  reward     nan  ep_len    nan  fell    0  err_xy 0.126  std 0.500  lr 3.0e-04  fps   5539   379.7s
it 1256/4000  reward     nan  ep_len    nan  fell    0  err_xy 0.114  std 0.500  lr 3.0e-04  fps   5455   380.0s
it 1257/4000  reward     nan  ep_len    nan  fell    0  err_xy 0.119  std 0.500  lr 3.0e-04  fps   5441   380.3s
it 1258/4000  reward     nan  ep_len    nan  fell    0  err_xy 0.110  std 0.500  lr 3.0e-04  fps   5306   380.6s
it 1259/4000  reward     nan  ep_len    nan  fell    0  err_xy 0.108  std 0.500  lr 3.0e-04  fps   5277   380.9s
it 1260/4000  reward     nan  ep_len    nan  fell    0  err_xy 0.106  std 0.500  lr 3.0e-04  fps   5113   381.2s
it 1261/4000  reward     nan  ep_len    nan  fell    0  err_xy 0.097  std 0.500  lr 3.0e-04  fps   5031   381.5s
it 1262/4000  reward     nan  ep_len    nan  fell    0  err_xy 0.085  std 0.500  lr 3.0e-04  fps   5490   381.7s
it 1263/4000  reward     nan  ep_len    nan  fell    0  err_xy 0.086  std 0.500  lr 3.0e-04  fps   5590   382.0s
it 1264/4000  reward     nan  ep_len    nan  fell    0  err_xy 0.084  std 0.500  lr 3.0e-04  fps   5531   382.3s
it 1265/4000  reward     nan  ep_len    nan  fell    0  err_xy 0.080  std 0.500  lr 3.0e-04  fps   5353   382.6s
it 1266/4000  reward     nan  ep_len    nan  fell    0  err_xy 0.078  std 0.500  lr 3.0e-04  fps   5368   382.9s
it 1267/4000  reward    3.02  ep_len  400.0  fell    0  err_xy 0.113  std 0.500  lr 3.0e-04  fps   4146   383.2s
it 1268/4000  reward     nan  ep_len    nan  fell    0  err_xy 0.159  std 0.500  lr 3.0e-04  fps   5497   383.5s
it 1269/4000  reward     nan  ep_len    nan  fell    0  err_xy 0.142  std 0.500  lr 3.0e-04  fps   5635   383.8s
it 1270/4000  reward     nan  ep_len    nan  fell    0  err_xy 0.117  std 0.500  lr 3.0e-04  fps   5531   384.1s
it 1271/4000  reward     nan  ep_len    nan  fell    0  err_xy 0.112  std 0.500  lr 3.0e-04  fps   5468   384.4s
it 1272/4000  reward     nan  ep_len    nan  fell    0  err_xy 0.116  std 0.500  lr 3.0e-04  fps   5239   384.6s
it 1273/4000  reward     nan  ep_len    nan  fell    0  err_xy 0.108  std 0.500  lr 3.0e-04  fps   5285   384.9s
it 1274/4000  reward     nan  ep_len    nan  fell    0  err_xy 0.095  std 0.500  lr 3.0e-04  fps   5619   385.2s
it 1275/4000  reward     nan  ep_len    nan  fell    0  err_xy 0.096  std 0.500  lr 3.0e-04  fps   5751   385.5s
it 1276/4000  reward     nan  ep_len    nan  fell    0  err_xy 0.091  std 0.500  lr 3.0e-04  fps   5735   385.7s
it 1277/4000  reward     nan  ep_len    nan  fell    0  err_xy 0.090  std 0.500  lr 3.0e-04  fps   5725   386.0s
it 1278/4000  reward     nan  ep_len    nan  fell    0  err_xy 0.091  std 0.500  lr 3.0e-04  fps   5633   386.3s
it 1279/4000  reward     nan  ep_len    nan  fell    0  err_xy 0.082  std 0.500  lr 3.0e-04  fps   5427   386.6s
it 1280/4000  reward     nan  ep_len    nan  fell    0  err_xy 0.090  std 0.500  lr 3.0e-04  fps   5575   386.8s
it 1281/4000  reward     nan  ep_len    nan  fell    0  err_xy 0.093  std 0.500  lr 3.0e-04  fps   5638   387.1s
it 1282/4000  reward     nan  ep_len    nan  fell    0  err_xy 0.094  std 0.500  lr 3.0e-04  fps   5727   387.4s
it 1283/4000  reward     nan  ep_len    nan  fell    0  err_xy 0.094  std 0.500  lr 3.0e-04  fps   5611   387.7s
it 1284/4000  reward    3.00  ep_len  400.0  fell    0  err_xy 0.130  std 0.500  lr 3.0e-04  fps   4270   388.0s
it 1285/4000  reward     nan  ep_len    nan  fell    0  err_xy 0.161  std 0.500  lr 3.0e-04  fps   5529   388.3s
it 1286/4000  reward     nan  ep_len    nan  fell    0  err_xy 0.152  std 0.500  lr 3.0e-04  fps   5597   388.6s
it 1287/4000  reward     nan  ep_len    nan  fell    0  err_xy 0.137  std 0.500  lr 3.0e-04  fps   5759   388.8s
it 1288/4000  reward     nan  ep_len    nan  fell    0  err_xy 0.119  std 0.500  lr 3.0e-04  fps   5674   389.1s
it 1289/4000  reward     nan  ep_len    nan  fell    0  err_xy 0.116  std 0.500  lr 3.0e-04  fps   5392   389.4s
it 1290/4000  reward     nan  ep_len    nan  fell    0  err_xy 0.114  std 0.500  lr 3.0e-04  fps   5593   389.7s
it 1291/4000  reward     nan  ep_len    nan  fell    0  err_xy 0.110  std 0.500  lr 3.0e-04  fps   5637   389.9s
it 1292/4000  reward     nan  ep_len    nan  fell    0  err_xy 0.103  std 0.500  lr 3.0e-04  fps   5569   390.2s
it 1293/4000  reward     nan  ep_len    nan  fell    0  err_xy 0.103  std 0.500  lr 3.0e-04  fps   5641   390.5s
it 1294/4000  reward     nan  ep_len    nan  fell    0  err_xy 0.080  std 0.500  lr 3.0e-04  fps   5707   390.8s
it 1295/4000  reward     nan  ep_len    nan  fell    0  err_xy 0.079  std 0.500  lr 3.0e-04  fps   5677   391.0s
it 1296/4000  reward     nan  ep_len    nan  fell    0  err_xy 0.079  std 0.500  lr 3.0e-04  fps   5716   391.3s
it 1297/4000  reward     nan  ep_len    nan  fell    0  err_xy 0.079  std 0.500  lr 3.0e-04  fps   5671   391.6s
it 1298/4000  reward     nan  ep_len    nan  fell    0  err_xy 0.083  std 0.500  lr 3.0e-04  fps   5662   391.8s
it 1299/4000  reward     nan  ep_len    nan  fell    0  err_xy 0.089  std 0.499  lr 3.0e-04  fps   5712   392.1s
it 1300/4000  reward    4.88  ep_len  400.0  fell    0  err_xy 0.084  std 0.499  lr 3.0e-04  fps   4180   392.5s
it 1301/4000  reward     nan  ep_len    nan  fell    0  err_xy 0.168  std 0.499  lr 3.0e-04  fps   5294   392.8s
it 1302/4000  reward     nan  ep_len    nan  fell    0  err_xy 0.170  std 0.500  lr 3.0e-04  fps   5491   393.1s
it 1303/4000  reward     nan  ep_len    nan  fell    0  err_xy 0.127  std 0.500  lr 3.0e-04  fps   5409   393.3s
it 1304/4000  reward     nan  ep_len    nan  fell    0  err_xy 0.097  std 0.500  lr 3.0e-04  fps   5512   393.6s
it 1305/4000  reward     nan  ep_len    nan  fell    0  err_xy 0.099  std 0.500  lr 3.0e-04  fps   5568   393.9s
it 1306/4000  reward     nan  ep_len    nan  fell    0  err_xy 0.094  std 0.500  lr 3.0e-04  fps   5484   394.2s
it 1307/4000  reward     nan  ep_len    nan  fell    0  err_xy 0.094  std 0.500  lr 3.0e-04  fps   5514   394.5s
it 1308/4000  reward     nan  ep_len    nan  fell    0  err_xy 0.095  std 0.500  lr 3.0e-04  fps   5499   394.7s
it 1309/4000  reward     nan  ep_len    nan  fell    0  err_xy 0.090  std 0.500  lr 3.0e-04  fps   5598   395.0s
it 1310/4000  reward     nan  ep_len    nan  fell    0  err_xy 0.099  std 0.500  lr 3.0e-04  fps   5723   395.3s
it 1311/4000  reward     nan  ep_len    nan  fell    0  err_xy 0.093  std 0.500  lr 3.0e-04  fps   5430   395.6s
it 1312/4000  reward     nan  ep_len    nan  fell    0  err_xy 0.094  std 0.500  lr 3.0e-04  fps   5103   395.9s
it 1313/4000  reward     nan  ep_len    nan  fell    0  err_xy 0.092  std 0.500  lr 3.0e-04  fps   5008   396.2s
it 1314/4000  reward     nan  ep_len    nan  fell    0  err_xy 0.097  std 0.500  lr 3.0e-04  fps   5596   396.4s
it 1315/4000  reward     nan  ep_len    nan  fell    0  err_xy 0.087  std 0.500  lr 3.0e-04  fps   5665   396.7s
it 1316/4000  reward     nan  ep_len    nan  fell    0  err_xy 0.092  std 0.500  lr 3.0e-04  fps   5524   397.0s
it 1317/4000  reward    4.87  ep_len  400.0  fell    0  err_xy 0.118  std 0.500  lr 3.0e-04  fps   4215   397.4s
it 1318/4000  reward     nan  ep_len    nan  fell    0  err_xy 0.181  std 0.500  lr 3.0e-04  fps   5507   397.6s
it 1319/4000  reward     nan  ep_len    nan  fell    0  err_xy 0.141  std 0.500  lr 3.0e-04  fps   5530   397.9s
it 1320/4000  reward     nan  ep_len    nan  fell    0  err_xy 0.110  std 0.500  lr 3.0e-04  fps   5585   398.2s
it 1321/4000  reward     nan  ep_len    nan  fell    0  err_xy 0.093  std 0.500  lr 3.0e-04  fps   5699   398.5s
it 1322/4000  reward     nan  ep_len    nan  fell    0  err_xy 0.099  std 0.500  lr 3.0e-04  fps   5475   398.7s
it 1323/4000  reward     nan  ep_len    nan  fell    0  err_xy 0.095  std 0.500  lr 3.0e-04  fps   4905   399.1s
it 1324/4000  reward     nan  ep_len    nan  fell    0  err_xy 0.095  std 0.500  lr 3.0e-04  fps   5507   399.3s
it 1325/4000  reward     nan  ep_len    nan  fell    0  err_xy 0.092  std 0.500  lr 3.0e-04  fps   5586   399.6s
it 1326/4000  reward     nan  ep_len    nan  fell    0  err_xy 0.085  std 0.500  lr 3.0e-04  fps   5774   399.9s
it 1327/4000  reward     nan  ep_len    nan  fell    0  err_xy 0.078  std 0.500  lr 3.0e-04  fps   5692   400.1s
it 1328/4000  reward     nan  ep_len    nan  fell    0  err_xy 0.085  std 0.500  lr 3.0e-04  fps   5735   400.4s
it 1329/4000  reward     nan  ep_len    nan  fell    0  err_xy 0.081  std 0.500  lr 3.0e-04  fps   5651   400.7s
it 1330/4000  reward     nan  ep_len    nan  fell    0  err_xy 0.087  std 0.500  lr 3.0e-04  fps   5583   401.0s
it 1331/4000  reward     nan  ep_len    nan  fell    0  err_xy 0.081  std 0.500  lr 3.0e-04  fps   5668   401.2s
it 1332/4000  reward     nan  ep_len    nan  fell    0  err_xy 0.079  std 0.500  lr 3.0e-04  fps   5673   401.5s
it 1333/4000  reward     nan  ep_len    nan  fell    0  err_xy 0.077  std 0.499  lr 3.0e-04  fps   5559   401.8s
it 1334/4000  reward    4.40  ep_len  400.0  fell    0  err_xy 0.143  std 0.500  lr 3.0e-04  fps   4112   402.2s
it 1335/4000  reward     nan  ep_len    nan  fell    0  err_xy 0.171  std 0.500  lr 3.0e-04  fps   5471   402.4s
it 1336/4000  reward     nan  ep_len    nan  fell    0  err_xy 0.118  std 0.500  lr 3.0e-04  fps   5386   402.7s
it 1337/4000  reward     nan  ep_len    nan  fell    0  err_xy 0.092  std 0.500  lr 3.0e-04  fps   5561   403.0s
it 1338/4000  reward     nan  ep_len    nan  fell    0  err_xy 0.097  std 0.500  lr 3.0e-04  fps   5482   403.3s
it 1339/4000  reward     nan  ep_len    nan  fell    0  err_xy 0.097  std 0.500  lr 3.0e-04  fps   5457   403.6s
it 1340/4000  reward     nan  ep_len    nan  fell    0  err_xy 0.092  std 0.500  lr 3.0e-04  fps   5576   403.8s
it 1341/4000  reward     nan  ep_len    nan  fell    0  err_xy 0.093  std 0.500  lr 3.0e-04  fps   5389   404.1s
it 1342/4000  reward     nan  ep_len    nan  fell    0  err_xy 0.093  std 0.500  lr 3.0e-04  fps   5433   404.4s
it 1343/4000  reward     nan  ep_len    nan  fell    0  err_xy 0.089  std 0.500  lr 3.0e-04  fps   5635   404.7s
it 1344/4000  reward     nan  ep_len    nan  fell    0  err_xy 0.089  std 0.500  lr 3.0e-04  fps   5683   404.9s
it 1345/4000  reward     nan  ep_len    nan  fell    0  err_xy 0.088  std 0.500  lr 3.0e-04  fps   5616   405.2s
it 1346/4000  reward     nan  ep_len    nan  fell    0  err_xy 0.083  std 0.500  lr 3.0e-04  fps   5639   405.5s
it 1347/4000  reward     nan  ep_len    nan  fell    0  err_xy 0.077  std 0.500  lr 3.0e-04  fps   5635   405.8s
it 1348/4000  reward     nan  ep_len    nan  fell    0  err_xy 0.081  std 0.500  lr 3.0e-04  fps   5619   406.0s
it 1349/4000  reward     nan  ep_len    nan  fell    0  err_xy 0.079  std 0.500  lr 3.0e-04  fps   5597   406.3s
it 1350/4000  reward    4.91  ep_len  400.0  fell    0  err_xy 0.082  std 0.500  lr 3.0e-04  fps   4259   406.7s
it 1351/4000  reward     nan  ep_len    nan  fell    0  err_xy 0.169  std 0.500  lr 3.0e-04  fps   5473   407.0s
it 1352/4000  reward     nan  ep_len    nan  fell    0  err_xy 0.179  std 0.500  lr 3.0e-04  fps   5604   407.2s
it 1353/4000  reward     nan  ep_len    nan  fell    0  err_xy 0.123  std 0.500  lr 3.0e-04  fps   5644   407.5s
it 1354/4000  reward     nan  ep_len    nan  fell    0  err_xy 0.118  std 0.500  lr 3.0e-04  fps   5562   407.8s
it 1355/4000  reward     nan  ep_len    nan  fell    0  err_xy 0.108  std 0.500  lr 3.0e-04  fps   5631   408.1s
it 1356/4000  reward     nan  ep_len    nan  fell    0  err_xy 0.104  std 0.500  lr 3.0e-04  fps   5592   408.3s
it 1357/4000  reward     nan  ep_len    nan  fell    0  err_xy 0.101  std 0.500  lr 3.0e-04  fps   5431   408.6s
it 1358/4000  reward     nan  ep_len    nan  fell    0  err_xy 0.099  std 0.500  lr 3.0e-04  fps   5520   408.9s
it 1359/4000  reward     nan  ep_len    nan  fell    0  err_xy 0.081  std 0.500  lr 3.0e-04  fps   5561   409.2s
it 1360/4000  reward     nan  ep_len    nan  fell    0  err_xy 0.080  std 0.500  lr 3.0e-04  fps   4720   409.5s
it 1361/4000  reward     nan  ep_len    nan  fell    0  err_xy 0.080  std 0.500  lr 3.0e-04  fps   5689   409.8s
it 1362/4000  reward     nan  ep_len    nan  fell    0  err_xy 0.081  std 0.500  lr 3.0e-04  fps   5657   410.0s
it 1363/4000  reward     nan  ep_len    nan  fell    0  err_xy 0.085  std 0.499  lr 3.0e-04  fps   5702   410.3s
it 1364/4000  reward     nan  ep_len    nan  fell    0  err_xy 0.080  std 0.500  lr 3.0e-04  fps   5628   410.6s
it 1365/4000  reward     nan  ep_len    nan  fell    0  err_xy 0.087  std 0.500  lr 3.0e-04  fps   5737   410.8s
it 1366/4000  reward     nan  ep_len    nan  fell    0  err_xy 0.087  std 0.500  lr 3.0e-04  fps   5681   411.1s
it 1367/4000  reward    6.00  ep_len  400.0  fell    0  err_xy 0.118  std 0.500  lr 3.0e-04  fps   4265   411.5s
it 1368/4000  reward     nan  ep_len    nan  fell    0  err_xy 0.212  std 0.500  lr 3.0e-04  fps   5571   411.7s
it 1369/4000  reward     nan  ep_len    nan  fell    0  err_xy 0.153  std 0.500  lr 3.0e-04  fps   5622   412.0s
it 1370/4000  reward     nan  ep_len    nan  fell    0  err_xy 0.125  std 0.500  lr 3.0e-04  fps   5217   412.3s
it 1371/4000  reward     nan  ep_len    nan  fell    0  err_xy 0.112  std 0.500  lr 3.0e-04  fps   5595   412.6s
it 1372/4000  reward     nan  ep_len    nan  fell    0  err_xy 0.109  std 0.500  lr 3.0e-04  fps   5530   412.9s
it 1373/4000  reward     nan  ep_len    nan  fell    0  err_xy 0.093  std 0.500  lr 3.0e-04  fps   5680   413.1s
it 1374/4000  reward     nan  ep_len    nan  fell    0  err_xy 0.091  std 0.500  lr 3.0e-04  fps   5406   413.4s
it 1375/4000  reward     nan  ep_len    nan  fell    0  err_xy 0.099  std 0.500  lr 3.0e-04  fps   5685   413.7s
it 1376/4000  reward     nan  ep_len    nan  fell    0  err_xy 0.093  std 0.500  lr 3.0e-04  fps   5667   414.0s
it 1377/4000  reward     nan  ep_len    nan  fell    0  err_xy 0.092  std 0.500  lr 3.0e-04  fps   5728   414.2s
it 1378/4000  reward     nan  ep_len    nan  fell    0  err_xy 0.088  std 0.500  lr 3.0e-04  fps   5823   414.5s
it 1379/4000  reward     nan  ep_len    nan  fell    0  err_xy 0.090  std 0.500  lr 3.0e-04  fps   5666   414.8s
it 1380/4000  reward     nan  ep_len    nan  fell    0  err_xy 0.082  std 0.500  lr 3.0e-04  fps   5698   415.0s
it 1381/4000  reward     nan  ep_len    nan  fell    0  err_xy 0.085  std 0.500  lr 3.0e-04  fps   5670   415.3s
it 1382/4000  reward     nan  ep_len    nan  fell    0  err_xy 0.087  std 0.500  lr 3.0e-04  fps   5655   415.6s
it 1383/4000  reward     nan  ep_len    nan  fell    0  err_xy 0.086  std 0.500  lr 3.0e-04  fps   5734   415.9s
it 1384/4000  reward    4.05  ep_len  400.0  fell    0  err_xy 0.150  std 0.500  lr 3.0e-04  fps   4225   416.2s
it 1385/4000  reward     nan  ep_len    nan  fell    0  err_xy 0.187  std 0.500  lr 3.0e-04  fps   5585   416.5s
it 1386/4000  reward     nan  ep_len    nan  fell    0  err_xy 0.130  std 0.500  lr 3.0e-04  fps   5506   416.8s
it 1387/4000  reward     nan  ep_len    nan  fell    0  err_xy 0.118  std 0.500  lr 3.0e-04  fps   5565   417.0s
it 1388/4000  reward     nan  ep_len    nan  fell    0  err_xy 0.118  std 0.500  lr 3.0e-04  fps   5522   417.3s
it 1389/4000  reward     nan  ep_len    nan  fell    0  err_xy 0.103  std 0.500  lr 3.0e-04  fps   5566   417.6s
it 1390/4000  reward     nan  ep_len    nan  fell    0  err_xy 0.096  std 0.500  lr 3.0e-04  fps   5551   417.9s
it 1391/4000  reward     nan  ep_len    nan  fell    0  err_xy 0.092  std 0.500  lr 3.0e-04  fps   5353   418.2s
it 1392/4000  reward     nan  ep_len    nan  fell    0  err_xy 0.088  std 0.500  lr 3.0e-04  fps   5572   418.4s
it 1393/4000  reward     nan  ep_len    nan  fell    0  err_xy 0.092  std 0.500  lr 3.0e-04  fps   5524   418.7s
it 1394/4000  reward     nan  ep_len    nan  fell    0  err_xy 0.084  std 0.500  lr 3.0e-04  fps   5617   419.0s
it 1395/4000  reward     nan  ep_len    nan  fell    0  err_xy 0.084  std 0.500  lr 3.0e-04  fps   5575   419.3s
it 1396/4000  reward     nan  ep_len    nan  fell    0  err_xy 0.082  std 0.500  lr 3.0e-04  fps   5571   419.5s
it 1397/4000  reward     nan  ep_len    nan  fell    0  err_xy 0.078  std 0.500  lr 3.0e-04  fps   5537   419.8s
it 1398/4000  reward     nan  ep_len    nan  fell    0  err_xy 0.081  std 0.500  lr 3.0e-04  fps   5567   420.1s
it 1399/4000  reward     nan  ep_len    nan  fell    0  err_xy 0.082  std 0.500  lr 3.0e-04  fps   5498   420.4s
it 1400/4000  reward    8.09  ep_len  400.0  fell    0  err_xy 0.079  std 0.500  lr 3.0e-04  fps   4229   420.7s
eval iteration 1400:
  prone          success   0.0%  time 8.00s  peak_τ 0.92 Nm  return -3.92
  supine         success   0.0%  time 8.00s  peak_τ 0.94 Nm  return -4.71
  score 0.000
it 1401/4000  reward     nan  ep_len    nan  fell    0  err_xy 0.171  std 0.500  lr 3.0e-04  fps   6283   423.1s
it 1402/4000  reward     nan  ep_len    nan  fell    0  err_xy 0.155  std 0.500  lr 3.0e-04  fps   6407   423.3s
it 1403/4000  reward     nan  ep_len    nan  fell    0  err_xy 0.112  std 0.500  lr 3.0e-04  fps   6149   423.5s
it 1404/4000  reward     nan  ep_len    nan  fell    0  err_xy 0.096  std 0.500  lr 3.0e-04  fps   6500   423.8s
it 1405/4000  reward     nan  ep_len    nan  fell    0  err_xy 0.093  std 0.500  lr 3.0e-04  fps   6259   424.0s
it 1406/4000  reward     nan  ep_len    nan  fell    0  err_xy 0.089  std 0.500  lr 3.0e-04  fps   6235   424.3s
it 1407/4000  reward     nan  ep_len    nan  fell    0  err_xy 0.096  std 0.500  lr 3.0e-04  fps   6471   424.5s
it 1408/4000  reward     nan  ep_len    nan  fell    0  err_xy 0.087  std 0.500  lr 3.0e-04  fps   5683   424.8s
it 1409/4000  reward     nan  ep_len    nan  fell    0  err_xy 0.084  std 0.500  lr 3.0e-04  fps   5706   425.1s
it 1410/4000  reward     nan  ep_len    nan  fell    0  err_xy 0.079  std 0.500  lr 3.0e-04  fps   4551   425.4s
it 1411/4000  reward     nan  ep_len    nan  fell    0  err_xy 0.077  std 0.500  lr 3.0e-04  fps   5505   425.7s
it 1412/4000  reward     nan  ep_len    nan  fell    0  err_xy 0.074  std 0.500  lr 3.0e-04  fps   5552   425.9s
it 1413/4000  reward     nan  ep_len    nan  fell    0  err_xy 0.066  std 0.500  lr 3.0e-04  fps   5633   426.2s
it 1414/4000  reward     nan  ep_len    nan  fell    0  err_xy 0.062  std 0.500  lr 3.0e-04  fps   5524   426.5s
it 1415/4000  reward     nan  ep_len    nan  fell    0  err_xy 0.062  std 0.500  lr 3.0e-04  fps   5478   426.8s
it 1416/4000  reward     nan  ep_len    nan  fell    0  err_xy 0.065  std 0.500  lr 3.0e-04  fps   5646   427.0s
it 1417/4000  reward    8.51  ep_len  400.0  fell    0  err_xy 0.096  std 0.500  lr 3.0e-04  fps   4194   427.4s
it 1418/4000  reward     nan  ep_len    nan  fell    0  err_xy 0.187  std 0.500  lr 3.0e-04  fps   5557   427.7s
it 1419/4000  reward     nan  ep_len    nan  fell    0  err_xy 0.148  std 0.500  lr 3.0e-04  fps   5862   428.0s
it 1420/4000  reward     nan  ep_len    nan  fell    0  err_xy 0.108  std 0.500  lr 3.0e-04  fps   5716   428.2s
it 1421/4000  reward     nan  ep_len    nan  fell    0  err_xy 0.104  std 0.500  lr 3.0e-04  fps   5769   428.5s
it 1422/4000  reward     nan  ep_len    nan  fell    0  err_xy 0.100  std 0.500  lr 3.0e-04  fps   5731   428.8s
it 1423/4000  reward     nan  ep_len    nan  fell    0  err_xy 0.095  std 0.500  lr 3.0e-04  fps   5710   429.0s
it 1424/4000  reward     nan  ep_len    nan  fell    0  err_xy 0.091  std 0.500  lr 3.0e-04  fps   5370   429.3s
it 1425/4000  reward     nan  ep_len    nan  fell    0  err_xy 0.085  std 0.500  lr 3.0e-04  fps   5477   429.6s
it 1426/4000  reward     nan  ep_len    nan  fell    0  err_xy 0.081  std 0.500  lr 3.0e-04  fps   5749   429.9s
it 1427/4000  reward     nan  ep_len    nan  fell    0  err_xy 0.076  std 0.500  lr 3.0e-04  fps   5536   430.1s
it 1428/4000  reward     nan  ep_len    nan  fell    0  err_xy 0.070  std 0.500  lr 3.0e-04  fps   5565   430.4s
it 1429/4000  reward     nan  ep_len    nan  fell    0  err_xy 0.067  std 0.500  lr 3.0e-04  fps   5666   430.7s
it 1430/4000  reward     nan  ep_len    nan  fell    0  err_xy 0.071  std 0.500  lr 3.0e-04  fps   5648   431.0s
it 1431/4000  reward     nan  ep_len    nan  fell    0  err_xy 0.064  std 0.500  lr 3.0e-04  fps   5578   431.2s
it 1432/4000  reward     nan  ep_len    nan  fell    0  err_xy 0.063  std 0.500  lr 3.0e-04  fps   5529   431.5s
it 1433/4000  reward     nan  ep_len    nan  fell    0  err_xy 0.059  std 0.500  lr 3.0e-04  fps   5376   431.8s
it 1434/4000  reward    5.77  ep_len  400.0  fell    0  err_xy 0.130  std 0.500  lr 3.0e-04  fps   3935   432.2s
it 1435/4000  reward     nan  ep_len    nan  fell    0  err_xy 0.192  std 0.500  lr 3.0e-04  fps   5070   432.5s
it 1436/4000  reward     nan  ep_len    nan  fell    0  err_xy 0.126  std 0.500  lr 3.0e-04  fps   5266   432.8s
it 1437/4000  reward     nan  ep_len    nan  fell    0  err_xy 0.107  std 0.500  lr 3.0e-04  fps   5429   433.1s
it 1438/4000  reward     nan  ep_len    nan  fell    0  err_xy 0.095  std 0.500  lr 3.0e-04  fps   5421   433.4s
it 1439/4000  reward     nan  ep_len    nan  fell    0  err_xy 0.085  std 0.500  lr 3.0e-04  fps   5432   433.6s
it 1440/4000  reward     nan  ep_len    nan  fell    0  err_xy 0.077  std 0.500  lr 3.0e-04  fps   5429   433.9s
it 1441/4000  reward     nan  ep_len    nan  fell    0  err_xy 0.072  std 0.500  lr 3.0e-04  fps   5432   434.2s
it 1442/4000  reward     nan  ep_len    nan  fell    0  err_xy 0.065  std 0.500  lr 3.0e-04  fps   5310   434.5s
it 1443/4000  reward     nan  ep_len    nan  fell    0  err_xy 0.074  std 0.500  lr 3.0e-04  fps   5140   434.8s
it 1444/4000  reward     nan  ep_len    nan  fell    0  err_xy 0.071  std 0.500  lr 3.0e-04  fps   5368   435.1s
it 1445/4000  reward     nan  ep_len    nan  fell    0  err_xy 0.064  std 0.500  lr 3.0e-04  fps   5380   435.4s
it 1446/4000  reward     nan  ep_len    nan  fell    0  err_xy 0.066  std 0.500  lr 3.0e-04  fps   5382   435.6s
it 1447/4000  reward     nan  ep_len    nan  fell    0  err_xy 0.066  std 0.499  lr 3.0e-04  fps   5424   435.9s
it 1448/4000  reward     nan  ep_len    nan  fell    0  err_xy 0.067  std 0.499  lr 3.0e-04  fps   5336   436.2s
it 1449/4000  reward     nan  ep_len    nan  fell    0  err_xy 0.070  std 0.499  lr 3.0e-04  fps   5352   436.5s
it 1450/4000  reward    7.73  ep_len  400.0  fell    0  err_xy 0.072  std 0.500  lr 3.0e-04  fps   4099   436.9s
it 1451/4000  reward     nan  ep_len    nan  fell    0  err_xy 0.162  std 0.500  lr 3.0e-04  fps   5314   437.2s
it 1452/4000  reward     nan  ep_len    nan  fell    0  err_xy 0.161  std 0.500  lr 3.0e-04  fps   4666   437.5s
it 1453/4000  reward     nan  ep_len    nan  fell    0  err_xy 0.108  std 0.500  lr 3.0e-04  fps   5377   437.8s
it 1454/4000  reward     nan  ep_len    nan  fell    0  err_xy 0.102  std 0.500  lr 3.0e-04  fps   5452   438.1s
it 1455/4000  reward     nan  ep_len    nan  fell    0  err_xy 0.095  std 0.500  lr 3.0e-04  fps   5451   438.4s
it 1456/4000  reward     nan  ep_len    nan  fell    0  err_xy 0.096  std 0.500  lr 3.0e-04  fps   5419   438.6s
it 1457/4000  reward     nan  ep_len    nan  fell    0  err_xy 0.084  std 0.500  lr 3.0e-04  fps   5291   438.9s
it 1458/4000  reward     nan  ep_len    nan  fell    0  err_xy 0.073  std 0.500  lr 3.0e-04  fps   5165   439.2s
it 1459/4000  reward     nan  ep_len    nan  fell    0  err_xy 0.075  std 0.500  lr 3.0e-04  fps   5408   439.5s
it 1460/4000  reward     nan  ep_len    nan  fell    0  err_xy 0.077  std 0.500  lr 3.0e-04  fps   5379   439.8s
it 1461/4000  reward     nan  ep_len    nan  fell    0  err_xy 0.076  std 0.500  lr 3.0e-04  fps   5440   440.1s
it 1462/4000  reward     nan  ep_len    nan  fell    0  err_xy 0.075  std 0.500  lr 3.0e-04  fps   5419   440.4s
it 1463/4000  reward     nan  ep_len    nan  fell    0  err_xy 0.076  std 0.500  lr 3.0e-04  fps   5294   440.6s
it 1464/4000  reward     nan  ep_len    nan  fell    0  err_xy 0.080  std 0.500  lr 3.0e-04  fps   5466   440.9s
it 1465/4000  reward     nan  ep_len    nan  fell    0  err_xy 0.078  std 0.500  lr 3.0e-04  fps   5367   441.2s
it 1466/4000  reward     nan  ep_len    nan  fell    0  err_xy 0.079  std 0.500  lr 3.0e-04  fps   5519   441.5s
it 1467/4000  reward   10.17  ep_len  400.0  fell    0  err_xy 0.109  std 0.500  lr 3.0e-04  fps   3461   441.9s
it 1468/4000  reward     nan  ep_len    nan  fell    0  err_xy 0.196  std 0.500  lr 3.0e-04  fps   5266   442.2s
it 1469/4000  reward     nan  ep_len    nan  fell    0  err_xy 0.146  std 0.500  lr 3.0e-04  fps   5464   442.5s
it 1470/4000  reward     nan  ep_len    nan  fell    0  err_xy 0.118  std 0.500  lr 3.0e-04  fps   5455   442.8s
it 1471/4000  reward     nan  ep_len    nan  fell    0  err_xy 0.109  std 0.500  lr 3.0e-04  fps   5470   443.1s
it 1472/4000  reward     nan  ep_len    nan  fell    0  err_xy 0.106  std 0.500  lr 3.0e-04  fps   5421   443.4s
it 1473/4000  reward     nan  ep_len    nan  fell    0  err_xy 0.102  std 0.500  lr 3.0e-04  fps   5304   443.6s
it 1474/4000  reward     nan  ep_len    nan  fell    0  err_xy 0.092  std 0.500  lr 3.0e-04  fps   5407   443.9s
it 1475/4000  reward     nan  ep_len    nan  fell    0  err_xy 0.092  std 0.500  lr 3.0e-04  fps   5365   444.2s
it 1476/4000  reward     nan  ep_len    nan  fell    0  err_xy 0.088  std 0.500  lr 3.0e-04  fps   5447   444.5s
it 1477/4000  reward     nan  ep_len    nan  fell    0  err_xy 0.086  std 0.500  lr 3.0e-04  fps   5430   444.8s
it 1478/4000  reward     nan  ep_len    nan  fell    0  err_xy 0.083  std 0.500  lr 3.0e-04  fps   5453   445.1s
it 1479/4000  reward     nan  ep_len    nan  fell    0  err_xy 0.093  std 0.500  lr 3.0e-04  fps   5529   445.3s
it 1480/4000  reward     nan  ep_len    nan  fell    0  err_xy 0.087  std 0.500  lr 3.0e-04  fps   5463   445.6s
it 1481/4000  reward     nan  ep_len    nan  fell    0  err_xy 0.092  std 0.500  lr 3.0e-04  fps   5464   445.9s
it 1482/4000  reward     nan  ep_len    nan  fell    0  err_xy 0.091  std 0.500  lr 3.0e-04  fps   5530   446.2s
it 1483/4000  reward     nan  ep_len    nan  fell    0  err_xy 0.086  std 0.500  lr 3.0e-04  fps   5509   446.5s
it 1484/4000  reward    8.17  ep_len  400.0  fell    0  err_xy 0.145  std 0.500  lr 3.0e-04  fps   3946   446.9s
it 1485/4000  reward     nan  ep_len    nan  fell    0  err_xy 0.209  std 0.500  lr 3.0e-04  fps   5393   447.1s
it 1486/4000  reward     nan  ep_len    nan  fell    0  err_xy 0.126  std 0.500  lr 3.0e-04  fps   5491   447.4s
it 1487/4000  reward     nan  ep_len    nan  fell    0  err_xy 0.110  std 0.500  lr 3.0e-04  fps   5484   447.7s
it 1488/4000  reward     nan  ep_len    nan  fell    0  err_xy 0.102  std 0.500  lr 3.0e-04  fps   5368   448.0s
it 1489/4000  reward     nan  ep_len    nan  fell    0  err_xy 0.103  std 0.500  lr 3.0e-04  fps   5469   448.3s
it 1490/4000  reward     nan  ep_len    nan  fell    0  err_xy 0.096  std 0.500  lr 3.0e-04  fps   5556   448.5s
it 1491/4000  reward     nan  ep_len    nan  fell    0  err_xy 0.091  std 0.500  lr 3.0e-04  fps   5506   448.8s
it 1492/4000  reward     nan  ep_len    nan  fell    0  err_xy 0.091  std 0.500  lr 3.0e-04  fps   5435   449.1s
it 1493/4000  reward     nan  ep_len    nan  fell    0  err_xy 0.083  std 0.500  lr 3.0e-04  fps   5521   449.4s
it 1494/4000  reward     nan  ep_len    nan  fell    0  err_xy 0.083  std 0.500  lr 3.0e-04  fps   5518   449.7s
it 1495/4000  reward     nan  ep_len    nan  fell    0  err_xy 0.092  std 0.500  lr 3.0e-04  fps   5323   450.0s
it 1496/4000  reward     nan  ep_len    nan  fell    0  err_xy 0.088  std 0.500  lr 3.0e-04  fps   5292   450.2s
it 1497/4000  reward     nan  ep_len    nan  fell    0  err_xy 0.093  std 0.500  lr 3.0e-04  fps   5492   450.5s
it 1498/4000  reward     nan  ep_len    nan  fell    0  err_xy 0.085  std 0.500  lr 3.0e-04  fps   5239   450.8s
it 1499/4000  reward     nan  ep_len    nan  fell    0  err_xy 0.089  std 0.500  lr 3.0e-04  fps   5452   451.1s
it 1500/4000  reward    8.08  ep_len  400.0  fell    0  err_xy 0.091  std 0.500  lr 3.0e-04  fps   4039   451.5s
it 1501/4000  reward     nan  ep_len    nan  fell    0  err_xy 0.186  std 0.500  lr 3.0e-04  fps   5328   451.8s
it 1502/4000  reward     nan  ep_len    nan  fell    0  err_xy 0.175  std 0.500  lr 3.0e-04  fps   5531   452.0s
it 1503/4000  reward     nan  ep_len    nan  fell    0  err_xy 0.115  std 0.500  lr 3.0e-04  fps   5521   452.3s
it 1504/4000  reward     nan  ep_len    nan  fell    0  err_xy 0.105  std 0.500  lr 3.0e-04  fps   5544   452.6s
it 1505/4000  reward     nan  ep_len    nan  fell    0  err_xy 0.094  std 0.500  lr 3.0e-04  fps   5494   452.9s
it 1506/4000  reward     nan  ep_len    nan  fell    0  err_xy 0.092  std 0.500  lr 3.0e-04  fps   5563   453.2s
it 1507/4000  reward     nan  ep_len    nan  fell    0  err_xy 0.089  std 0.500  lr 3.0e-04  fps   5471   453.4s
it 1508/4000  reward     nan  ep_len    nan  fell    0  err_xy 0.092  std 0.500  lr 3.0e-04  fps   5336   453.7s
it 1509/4000  reward     nan  ep_len    nan  fell    0  err_xy 0.097  std 0.500  lr 3.0e-04  fps   5474   454.0s
it 1510/4000  reward     nan  ep_len    nan  fell    0  err_xy 0.100  std 0.500  lr 3.0e-04  fps   5582   454.3s
it 1511/4000  reward     nan  ep_len    nan  fell    0  err_xy 0.100  std 0.500  lr 3.0e-04  fps   5661   454.6s
it 1512/4000  reward     nan  ep_len    nan  fell    0  err_xy 0.099  std 0.500  lr 3.0e-04  fps   5511   454.8s
it 1513/4000  reward     nan  ep_len    nan  fell    0  err_xy 0.095  std 0.500  lr 3.0e-04  fps   5662   455.1s
it 1514/4000  reward     nan  ep_len    nan  fell    0  err_xy 0.097  std 0.500  lr 3.0e-04  fps   5556   455.4s
it 1515/4000  reward     nan  ep_len    nan  fell    0  err_xy 0.096  std 0.500  lr 3.0e-04  fps   5465   455.7s
it 1516/4000  reward     nan  ep_len    nan  fell    0  err_xy 0.096  std 0.500  lr 3.0e-04  fps   5585   455.9s
it 1517/4000  reward    8.93  ep_len  400.0  fell    0  err_xy 0.121  std 0.500  lr 3.0e-04  fps   4074   456.3s
it 1518/4000  reward     nan  ep_len    nan  fell    0  err_xy 0.211  std 0.500  lr 3.0e-04  fps   5416   456.6s
it 1519/4000  reward     nan  ep_len    nan  fell    0  err_xy 0.152  std 0.500  lr 3.0e-04  fps   5541   456.9s
it 1520/4000  reward     nan  ep_len    nan  fell    0  err_xy 0.109  std 0.500  lr 3.0e-04  fps   5512   457.2s
it 1521/4000  reward     nan  ep_len    nan  fell    0  err_xy 0.105  std 0.500  lr 3.0e-04  fps   5618   457.4s
it 1522/4000  reward     nan  ep_len    nan  fell    0  err_xy 0.098  std 0.500  lr 3.0e-04  fps   5678   457.7s
it 1523/4000  reward     nan  ep_len    nan  fell    0  err_xy 0.101  std 0.500  lr 3.0e-04  fps   5534   458.0s
it 1524/4000  reward     nan  ep_len    nan  fell    0  err_xy 0.107  std 0.500  lr 3.0e-04  fps   5571   458.3s
it 1525/4000  reward     nan  ep_len    nan  fell    0  err_xy 0.108  std 0.500  lr 3.0e-04  fps   5528   458.5s
it 1526/4000  reward     nan  ep_len    nan  fell    0  err_xy 0.100  std 0.500  lr 3.0e-04  fps   5507   458.8s
it 1527/4000  reward     nan  ep_len    nan  fell    0  err_xy 0.099  std 0.500  lr 3.0e-04  fps   5593   459.1s
it 1528/4000  reward     nan  ep_len    nan  fell    0  err_xy 0.094  std 0.500  lr 3.0e-04  fps   5562   459.4s
it 1529/4000  reward     nan  ep_len    nan  fell    0  err_xy 0.098  std 0.500  lr 3.0e-04  fps   5632   459.6s
it 1530/4000  reward     nan  ep_len    nan  fell    0  err_xy 0.103  std 0.500  lr 3.0e-04  fps   5622   459.9s
it 1531/4000  reward     nan  ep_len    nan  fell    0  err_xy 0.096  std 0.500  lr 3.0e-04  fps   5503   460.2s
it 1532/4000  reward     nan  ep_len    nan  fell    0  err_xy 0.099  std 0.500  lr 3.0e-04  fps   5610   460.5s
it 1533/4000  reward     nan  ep_len    nan  fell    0  err_xy 0.099  std 0.500  lr 3.0e-04  fps   5553   460.7s
it 1534/4000  reward    7.94  ep_len  400.0  fell    0  err_xy 0.156  std 0.500  lr 3.0e-04  fps   4060   461.1s
it 1535/4000  reward     nan  ep_len    nan  fell    0  err_xy 0.199  std 0.500  lr 3.0e-04  fps   5439   461.4s
it 1536/4000  reward     nan  ep_len    nan  fell    0  err_xy 0.141  std 0.500  lr 3.0e-04  fps   5512   461.7s
it 1537/4000  reward     nan  ep_len    nan  fell    0  err_xy 0.111  std 0.500  lr 3.0e-04  fps   5684   462.0s
it 1538/4000  reward     nan  ep_len    nan  fell    0  err_xy 0.106  std 0.500  lr 3.0e-04  fps   5572   462.2s
it 1539/4000  reward     nan  ep_len    nan  fell    0  err_xy 0.109  std 0.500  lr 3.0e-04  fps   5544   462.5s
it 1540/4000  reward     nan  ep_len    nan  fell    0  err_xy 0.107  std 0.500  lr 3.0e-04  fps   5438   462.8s
it 1541/4000  reward     nan  ep_len    nan  fell    0  err_xy 0.101  std 0.500  lr 3.0e-04  fps   5549   463.1s
it 1542/4000  reward     nan  ep_len    nan  fell    0  err_xy 0.100  std 0.500  lr 3.0e-04  fps   5456   463.3s
it 1543/4000  reward     nan  ep_len    nan  fell    0  err_xy 0.100  std 0.500  lr 3.0e-04  fps   5594   463.6s
it 1544/4000  reward     nan  ep_len    nan  fell    0  err_xy 0.097  std 0.500  lr 3.0e-04  fps   5578   463.9s
it 1545/4000  reward     nan  ep_len    nan  fell    0  err_xy 0.092  std 0.500  lr 3.0e-04  fps   5531   464.2s
it 1546/4000  reward     nan  ep_len    nan  fell    0  err_xy 0.097  std 0.500  lr 3.0e-04  fps   5581   464.4s
it 1547/4000  reward     nan  ep_len    nan  fell    0  err_xy 0.088  std 0.500  lr 3.0e-04  fps   5575   464.7s
it 1548/4000  reward     nan  ep_len    nan  fell    0  err_xy 0.095  std 0.500  lr 3.0e-04  fps   5582   465.0s
it 1549/4000  reward     nan  ep_len    nan  fell    0  err_xy 0.092  std 0.500  lr 3.0e-04  fps   5592   465.3s
it 1550/4000  reward    8.14  ep_len  400.0  fell    0  err_xy 0.088  std 0.500  lr 3.0e-04  fps   4166   465.6s
it 1551/4000  reward     nan  ep_len    nan  fell    0  err_xy 0.179  std 0.500  lr 3.0e-04  fps   5278   465.9s
it 1552/4000  reward     nan  ep_len    nan  fell    0  err_xy 0.166  std 0.500  lr 3.0e-04  fps   5333   466.2s
it 1553/4000  reward     nan  ep_len    nan  fell    0  err_xy 0.143  std 0.500  lr 3.0e-04  fps   5455   466.5s
it 1554/4000  reward     nan  ep_len    nan  fell    0  err_xy 0.119  std 0.500  lr 3.0e-04  fps   5538   466.8s
it 1555/4000  reward     nan  ep_len    nan  fell    0  err_xy 0.113  std 0.500  lr 3.0e-04  fps   5506   467.1s
it 1556/4000  reward     nan  ep_len    nan  fell    0  err_xy 0.115  std 0.500  lr 3.0e-04  fps   5511   467.3s
it 1557/4000  reward     nan  ep_len    nan  fell    0  err_xy 0.102  std 0.500  lr 3.0e-04  fps   5416   467.6s
it 1558/4000  reward     nan  ep_len    nan  fell    0  err_xy 0.101  std 0.500  lr 3.0e-04  fps   5319   467.9s
it 1559/4000  reward     nan  ep_len    nan  fell    0  err_xy 0.104  std 0.500  lr 3.0e-04  fps   5408   468.2s
it 1560/4000  reward     nan  ep_len    nan  fell    0  err_xy 0.102  std 0.500  lr 3.0e-04  fps   5467   468.5s
it 1561/4000  reward     nan  ep_len    nan  fell    0  err_xy 0.099  std 0.499  lr 3.0e-04  fps   5518   468.8s
it 1562/4000  reward     nan  ep_len    nan  fell    0  err_xy 0.101  std 0.500  lr 3.0e-04  fps   5546   469.0s
it 1563/4000  reward     nan  ep_len    nan  fell    0  err_xy 0.111  std 0.500  lr 3.0e-04  fps   5443   469.3s
it 1564/4000  reward     nan  ep_len    nan  fell    0  err_xy 0.111  std 0.500  lr 3.0e-04  fps   5402   469.6s
it 1565/4000  reward     nan  ep_len    nan  fell    0  err_xy 0.103  std 0.500  lr 3.0e-04  fps   5335   469.9s
it 1566/4000  reward     nan  ep_len    nan  fell    0  err_xy 0.104  std 0.500  lr 3.0e-04  fps   5266   470.2s
it 1567/4000  reward   11.45  ep_len  400.0  fell    0  err_xy 0.126  std 0.500  lr 3.0e-04  fps   4115   470.6s
it 1568/4000  reward     nan  ep_len    nan  fell    0  err_xy 0.192  std 0.500  lr 3.0e-04  fps   5467   470.8s
it 1569/4000  reward     nan  ep_len    nan  fell    0  err_xy 0.170  std 0.500  lr 3.0e-04  fps   5408   471.1s
it 1570/4000  reward     nan  ep_len    nan  fell    0  err_xy 0.124  std 0.500  lr 3.0e-04  fps   5579   471.4s
it 1571/4000  reward     nan  ep_len    nan  fell    0  err_xy 0.113  std 0.500  lr 3.0e-04  fps   5228   471.7s
it 1572/4000  reward     nan  ep_len    nan  fell    0  err_xy 0.113  std 0.500  lr 3.0e-04  fps   5483   472.0s
it 1573/4000  reward     nan  ep_len    nan  fell    0  err_xy 0.112  std 0.500  lr 3.0e-04  fps   5512   472.3s
it 1574/4000  reward     nan  ep_len    nan  fell    0  err_xy 0.112  std 0.500  lr 3.0e-04  fps   5506   472.5s
it 1575/4000  reward     nan  ep_len    nan  fell    0  err_xy 0.106  std 0.500  lr 3.0e-04  fps   5551   472.8s
it 1576/4000  reward     nan  ep_len    nan  fell    0  err_xy 0.102  std 0.500  lr 3.0e-04  fps   5576   473.1s
it 1577/4000  reward     nan  ep_len    nan  fell    0  err_xy 0.100  std 0.500  lr 3.0e-04  fps   5647   473.4s
it 1578/4000  reward     nan  ep_len    nan  fell    0  err_xy 0.097  std 0.500  lr 3.0e-04  fps   5674   473.6s
it 1579/4000  reward     nan  ep_len    nan  fell    0  err_xy 0.097  std 0.500  lr 3.0e-04  fps   5556   473.9s
it 1580/4000  reward     nan  ep_len    nan  fell    0  err_xy 0.100  std 0.500  lr 3.0e-04  fps   5553   474.2s
it 1581/4000  reward     nan  ep_len    nan  fell    0  err_xy 0.102  std 0.500  lr 3.0e-04  fps   5585   474.5s
it 1582/4000  reward     nan  ep_len    nan  fell    0  err_xy 0.104  std 0.500  lr 3.0e-04  fps   5534   474.7s
it 1583/4000  reward     nan  ep_len    nan  fell    0  err_xy 0.101  std 0.500  lr 3.0e-04  fps   5576   475.0s
it 1584/4000  reward   10.64  ep_len  400.0  fell    0  err_xy 0.151  std 0.500  lr 3.0e-04  fps   4254   475.4s
it 1585/4000  reward     nan  ep_len    nan  fell    0  err_xy 0.214  std 0.500  lr 3.0e-04  fps   5529   475.6s
it 1586/4000  reward     nan  ep_len    nan  fell    0  err_xy 0.174  std 0.500  lr 3.0e-04  fps   5667   475.9s
it 1587/4000  reward     nan  ep_len    nan  fell    0  err_xy 0.141  std 0.500  lr 3.0e-04  fps   5668   476.2s
it 1588/4000  reward     nan  ep_len    nan  fell    0  err_xy 0.125  std 0.500  lr 3.0e-04  fps   5587   476.5s
it 1589/4000  reward     nan  ep_len    nan  fell    0  err_xy 0.112  std 0.500  lr 3.0e-04  fps   5620   476.7s
it 1590/4000  reward     nan  ep_len    nan  fell    0  err_xy 0.108  std 0.500  lr 3.0e-04  fps   5617   477.0s
it 1591/4000  reward     nan  ep_len    nan  fell    0  err_xy 0.111  std 0.500  lr 3.0e-04  fps   5523   477.3s
it 1592/4000  reward     nan  ep_len    nan  fell    0  err_xy 0.106  std 0.500  lr 3.0e-04  fps   5417   477.6s
it 1593/4000  reward     nan  ep_len    nan  fell    0  err_xy 0.103  std 0.500  lr 3.0e-04  fps   5472   477.9s
it 1594/4000  reward     nan  ep_len    nan  fell    0  err_xy 0.112  std 0.500  lr 3.0e-04  fps   5523   478.1s
it 1595/4000  reward     nan  ep_len    nan  fell    0  err_xy 0.116  std 0.500  lr 3.0e-04  fps   5604   478.4s
it 1596/4000  reward     nan  ep_len    nan  fell    0  err_xy 0.108  std 0.500  lr 3.0e-04  fps   5514   478.7s
it 1597/4000  reward     nan  ep_len    nan  fell    0  err_xy 0.112  std 0.500  lr 3.0e-04  fps   5540   479.0s
it 1598/4000  reward     nan  ep_len    nan  fell    0  err_xy 0.108  std 0.500  lr 3.0e-04  fps   5535   479.2s
it 1599/4000  reward     nan  ep_len    nan  fell    0  err_xy 0.106  std 0.500  lr 3.0e-04  fps   5518   479.5s
it 1600/4000  reward    8.80  ep_len  400.0  fell    0  err_xy 0.103  std 0.500  lr 3.0e-04  fps   4173   479.9s
eval iteration 1600:
  prone          success   0.0%  time 8.00s  peak_τ 0.96 Nm  return -0.71
  supine         success   0.0%  time 8.00s  peak_τ 0.95 Nm  return -1.88
  score 0.000
it 1601/4000  reward     nan  ep_len    nan  fell    0  err_xy 0.195  std 0.500  lr 3.0e-04  fps   6286   482.2s
it 1602/4000  reward     nan  ep_len    nan  fell    0  err_xy 0.193  std 0.500  lr 3.0e-04  fps   6405   482.5s
it 1603/4000  reward     nan  ep_len    nan  fell    0  err_xy 0.143  std 0.500  lr 3.0e-04  fps   6491   482.7s
it 1604/4000  reward     nan  ep_len    nan  fell    0  err_xy 0.126  std 0.500  lr 3.0e-04  fps   6320   483.0s
it 1605/4000  reward     nan  ep_len    nan  fell    0  err_xy 0.120  std 0.500  lr 3.0e-04  fps   6502   483.2s
it 1606/4000  reward     nan  ep_len    nan  fell    0  err_xy 0.116  std 0.500  lr 3.0e-04  fps   6050   483.4s
it 1607/4000  reward     nan  ep_len    nan  fell    0  err_xy 0.108  std 0.500  lr 3.0e-04  fps   6408   483.7s
it 1608/4000  reward     nan  ep_len    nan  fell    0  err_xy 0.108  std 0.500  lr 3.0e-04  fps   5688   484.0s
it 1609/4000  reward     nan  ep_len    nan  fell    0  err_xy 0.106  std 0.500  lr 3.0e-04  fps   5043   484.3s
it 1610/4000  reward     nan  ep_len    nan  fell    0  err_xy 0.107  std 0.500  lr 3.0e-04  fps   4849   484.6s
it 1611/4000  reward     nan  ep_len    nan  fell    0  err_xy 0.107  std 0.500  lr 3.0e-04  fps   5115   484.9s
it 1612/4000  reward     nan  ep_len    nan  fell    0  err_xy 0.112  std 0.500  lr 3.0e-04  fps   5275   485.2s
it 1613/4000  reward     nan  ep_len    nan  fell    0  err_xy 0.103  std 0.500  lr 3.0e-04  fps   5308   485.5s
it 1614/4000  reward     nan  ep_len    nan  fell    0  err_xy 0.109  std 0.500  lr 3.0e-04  fps   4995   485.8s
it 1615/4000  reward     nan  ep_len    nan  fell    0  err_xy 0.106  std 0.500  lr 3.0e-04  fps   5173   486.1s
it 1616/4000  reward     nan  ep_len    nan  fell    0  err_xy 0.103  std 0.500  lr 3.0e-04  fps   5271   486.4s
it 1617/4000  reward   10.23  ep_len  400.0  fell    0  err_xy 0.125  std 0.500  lr 3.0e-04  fps   4262   486.7s
it 1618/4000  reward     nan  ep_len    nan  fell    0  err_xy 0.207  std 0.500  lr 3.0e-04  fps   5250   487.0s
it 1619/4000  reward     nan  ep_len    nan  fell    0  err_xy 0.187  std 0.500  lr 3.0e-04  fps   5294   487.3s
it 1620/4000  reward     nan  ep_len    nan  fell    0  err_xy 0.144  std 0.500  lr 3.0e-04  fps   5480   487.6s
it 1621/4000  reward     nan  ep_len    nan  fell    0  err_xy 0.131  std 0.500  lr 3.0e-04  fps   5457   487.9s
it 1622/4000  reward     nan  ep_len    nan  fell    0  err_xy 0.124  std 0.500  lr 3.0e-04  fps   5482   488.1s
it 1623/4000  reward     nan  ep_len    nan  fell    0  err_xy 0.127  std 0.500  lr 3.0e-04  fps   5522   488.4s
it 1624/4000  reward     nan  ep_len    nan  fell    0  err_xy 0.122  std 0.500  lr 3.0e-04  fps   5010   488.7s
it 1625/4000  reward     nan  ep_len    nan  fell    0  err_xy 0.117  std 0.500  lr 3.0e-04  fps   5210   489.0s
it 1626/4000  reward     nan  ep_len    nan  fell    0  err_xy 0.122  std 0.500  lr 3.0e-04  fps   5202   489.3s
it 1627/4000  reward     nan  ep_len    nan  fell    0  err_xy 0.122  std 0.500  lr 3.0e-04  fps   4942   489.6s
it 1628/4000  reward     nan  ep_len    nan  fell    0  err_xy 0.117  std 0.500  lr 3.0e-04  fps   5304   489.9s
it 1629/4000  reward     nan  ep_len    nan  fell    0  err_xy 0.109  std 0.500  lr 3.0e-04  fps   5465   490.2s
it 1630/4000  reward     nan  ep_len    nan  fell    0  err_xy 0.110  std 0.500  lr 3.0e-04  fps   5457   490.5s
it 1631/4000  reward     nan  ep_len    nan  fell    0  err_xy 0.113  std 0.500  lr 3.0e-04  fps   5527   490.8s
it 1632/4000  reward     nan  ep_len    nan  fell    0  err_xy 0.119  std 0.500  lr 3.0e-04  fps   5483   491.0s
it 1633/4000  reward     nan  ep_len    nan  fell    0  err_xy 0.115  std 0.500  lr 3.0e-04  fps   5434   491.3s
it 1634/4000  reward    8.10  ep_len  400.0  fell    0  err_xy 0.171  std 0.500  lr 3.0e-04  fps   4029   491.7s
it 1635/4000  reward     nan  ep_len    nan  fell    0  err_xy 0.221  std 0.500  lr 3.0e-04  fps   5349   492.0s
it 1636/4000  reward     nan  ep_len    nan  fell    0  err_xy 0.175  std 0.500  lr 3.0e-04  fps   5473   492.3s
it 1637/4000  reward     nan  ep_len    nan  fell    0  err_xy 0.138  std 0.500  lr 3.0e-04  fps   5506   492.6s
it 1638/4000  reward     nan  ep_len    nan  fell    0  err_xy 0.119  std 0.500  lr 3.0e-04  fps   5439   492.8s
it 1639/4000  reward     nan  ep_len    nan  fell    0  err_xy 0.132  std 0.500  lr 3.0e-04  fps   5488   493.1s
it 1640/4000  reward     nan  ep_len    nan  fell    0  err_xy 0.119  std 0.500  lr 3.0e-04  fps   5498   493.4s
it 1641/4000  reward     nan  ep_len    nan  fell    0  err_xy 0.126  std 0.500  lr 3.0e-04  fps   5453   493.7s
it 1642/4000  reward     nan  ep_len    nan  fell    0  err_xy 0.121  std 0.500  lr 3.0e-04  fps   5042   494.0s
it 1643/4000  reward     nan  ep_len    nan  fell    0  err_xy 0.114  std 0.500  lr 3.0e-04  fps   5368   494.3s
it 1644/4000  reward     nan  ep_len    nan  fell    0  err_xy 0.111  std 0.500  lr 3.0e-04  fps   5414   494.6s
it 1645/4000  reward     nan  ep_len    nan  fell    0  err_xy 0.112  std 0.500  lr 3.0e-04  fps   5441   494.8s
it 1646/4000  reward     nan  ep_len    nan  fell    0  err_xy 0.108  std 0.500  lr 3.0e-04  fps   5477   495.1s
it 1647/4000  reward     nan  ep_len    nan  fell    0  err_xy 0.103  std 0.500  lr 3.0e-04  fps   5343   495.4s
it 1648/4000  reward     nan  ep_len    nan  fell    0  err_xy 0.112  std 0.500  lr 3.0e-04  fps   5388   495.7s
it 1649/4000  reward     nan  ep_len    nan  fell    0  err_xy 0.114  std 0.500  lr 3.0e-04  fps   5340   496.0s
it 1650/4000  reward   10.05  ep_len  400.0  fell    0  err_xy 0.106  std 0.500  lr 3.0e-04  fps   4150   496.3s
it 1651/4000  reward     nan  ep_len    nan  fell    0  err_xy 0.194  std 0.500  lr 3.0e-04  fps   5249   496.6s
it 1652/4000  reward     nan  ep_len    nan  fell    0  err_xy 0.197  std 0.500  lr 3.0e-04  fps   5356   496.9s
it 1653/4000  reward     nan  ep_len    nan  fell    0  err_xy 0.153  std 0.500  lr 3.0e-04  fps   5557   497.2s
it 1654/4000  reward     nan  ep_len    nan  fell    0  err_xy 0.150  std 0.500  lr 3.0e-04  fps   5495   497.5s
it 1655/4000  reward     nan  ep_len    nan  fell    0  err_xy 0.137  std 0.500  lr 3.0e-04  fps   5469   497.8s
it 1656/4000  reward     nan  ep_len    nan  fell    0  err_xy 0.133  std 0.500  lr 3.0e-04  fps   5359   498.1s
it 1657/4000  reward     nan  ep_len    nan  fell    0  err_xy 0.153  std 0.500  lr 3.0e-04  fps   5392   498.3s
it 1658/4000  reward     nan  ep_len    nan  fell    0  err_xy 0.159  std 0.500  lr 3.0e-04  fps   5319   498.6s
it 1659/4000  reward     nan  ep_len    nan  fell    0  err_xy 0.145  std 0.500  lr 3.0e-04  fps   5497   498.9s
it 1660/4000  reward     nan  ep_len    nan  fell    0  err_xy 0.126  std 0.500  lr 3.0e-04  fps   5485   499.2s
it 1661/4000  reward     nan  ep_len    nan  fell    0  err_xy 0.135  std 0.500  lr 3.0e-04  fps   5419   499.5s
it 1662/4000  reward     nan  ep_len    nan  fell    0  err_xy 0.129  std 0.500  lr 3.0e-04  fps   5441   499.8s
it 1663/4000  reward     nan  ep_len    nan  fell    0  err_xy 0.132  std 0.500  lr 3.0e-04  fps   5417   500.0s
it 1664/4000  reward     nan  ep_len    nan  fell    0  err_xy 0.135  std 0.500  lr 3.0e-04  fps   5575   500.3s
it 1665/4000  reward     nan  ep_len    nan  fell    0  err_xy 0.135  std 0.500  lr 3.0e-04  fps   5449   500.6s
it 1666/4000  reward     nan  ep_len    nan  fell    0  err_xy 0.130  std 0.500  lr 3.0e-04  fps   5442   500.9s
it 1667/4000  reward    9.22  ep_len  400.0  fell    0  err_xy 0.147  std 0.500  lr 3.0e-04  fps   4064   501.3s
it 1668/4000  reward     nan  ep_len    nan  fell    0  err_xy 0.236  std 0.500  lr 3.0e-04  fps   5018   501.6s
it 1669/4000  reward     nan  ep_len    nan  fell    0  err_xy 0.199  std 0.500  lr 3.0e-04  fps   5168   501.9s
it 1670/4000  reward     nan  ep_len    nan  fell    0  err_xy 0.171  std 0.500  lr 3.0e-04  fps   5459   502.1s
it 1671/4000  reward     nan  ep_len    nan  fell    0  err_xy 0.170  std 0.500  lr 3.0e-04  fps   5520   502.4s
it 1672/4000  reward     nan  ep_len    nan  fell    0  err_xy 0.156  std 0.500  lr 3.0e-04  fps   5462   502.7s
it 1673/4000  reward     nan  ep_len    nan  fell    0  err_xy 0.154  std 0.500  lr 3.0e-04  fps   5430   503.0s
it 1674/4000  reward     nan  ep_len    nan  fell    0  err_xy 0.143  std 0.500  lr 3.0e-04  fps   5498   503.3s
it 1675/4000  reward     nan  ep_len    nan  fell    0  err_xy 0.138  std 0.500  lr 3.0e-04  fps   5403   503.5s
it 1676/4000  reward     nan  ep_len    nan  fell    0  err_xy 0.142  std 0.500  lr 3.0e-04  fps   5433   503.8s
it 1677/4000  reward     nan  ep_len    nan  fell    0  err_xy 0.143  std 0.500  lr 3.0e-04  fps   5437   504.1s
it 1678/4000  reward     nan  ep_len    nan  fell    0  err_xy 0.139  std 0.500  lr 3.0e-04  fps   5487   504.4s
it 1679/4000  reward     nan  ep_len    nan  fell    0  err_xy 0.139  std 0.500  lr 3.0e-04  fps   5426   504.7s
it 1680/4000  reward     nan  ep_len    nan  fell    0  err_xy 0.142  std 0.500  lr 3.0e-04  fps   5513   505.0s
it 1681/4000  reward     nan  ep_len    nan  fell    0  err_xy 0.130  std 0.500  lr 3.0e-04  fps   5487   505.2s
it 1682/4000  reward     nan  ep_len    nan  fell    0  err_xy 0.123  std 0.500  lr 3.0e-04  fps   5446   505.5s
it 1683/4000  reward     nan  ep_len    nan  fell    0  err_xy 0.118  std 0.500  lr 3.0e-04  fps   5415   505.8s
it 1684/4000  reward   12.37  ep_len  400.0  fell    0  err_xy 0.167  std 0.500  lr 3.0e-04  fps   4067   506.2s
it 1685/4000  reward     nan  ep_len    nan  fell    0  err_xy 0.225  std 0.500  lr 3.0e-04  fps   5390   506.5s
it 1686/4000  reward     nan  ep_len    nan  fell    0  err_xy 0.200  std 0.500  lr 3.0e-04  fps   5484   506.7s
it 1687/4000  reward     nan  ep_len    nan  fell    0  err_xy 0.178  std 0.500  lr 3.0e-04  fps   5429   507.0s
it 1688/4000  reward     nan  ep_len    nan  fell    0  err_xy 0.158  std 0.500  lr 3.0e-04  fps   5541   507.3s
it 1689/4000  reward     nan  ep_len    nan  fell    0  err_xy 0.146  std 0.500  lr 3.0e-04  fps   5424   507.6s
it 1690/4000  reward     nan  ep_len    nan  fell    0  err_xy 0.142  std 0.500  lr 3.0e-04  fps   5461   507.9s
it 1691/4000  reward     nan  ep_len    nan  fell    0  err_xy 0.133  std 0.500  lr 3.0e-04  fps   5427   508.2s
it 1692/4000  reward     nan  ep_len    nan  fell    0  err_xy 0.129  std 0.500  lr 3.0e-04  fps   5376   508.4s
it 1693/4000  reward     nan  ep_len    nan  fell    0  err_xy 0.144  std 0.500  lr 3.0e-04  fps   5514   508.7s
it 1694/4000  reward     nan  ep_len    nan  fell    0  err_xy 0.135  std 0.500  lr 3.0e-04  fps   5499   509.0s
it 1695/4000  reward     nan  ep_len    nan  fell    0  err_xy 0.137  std 0.500  lr 3.0e-04  fps   5504   509.3s
it 1696/4000  reward     nan  ep_len    nan  fell    0  err_xy 0.133  std 0.500  lr 3.0e-04  fps   5636   509.6s
it 1697/4000  reward     nan  ep_len    nan  fell    0  err_xy 0.138  std 0.500  lr 3.0e-04  fps   5513   509.8s
it 1698/4000  reward     nan  ep_len    nan  fell    0  err_xy 0.147  std 0.500  lr 3.0e-04  fps   5588   510.1s
it 1699/4000  reward     nan  ep_len    nan  fell    0  err_xy 0.140  std 0.500  lr 3.0e-04  fps   5469   510.4s
it 1700/4000  reward   12.56  ep_len  400.0  fell    0  err_xy 0.129  std 0.500  lr 3.0e-04  fps   4030   510.8s
it 1701/4000  reward     nan  ep_len    nan  fell    0  err_xy 0.220  std 0.500  lr 3.0e-04  fps   5226   511.1s
it 1702/4000  reward     nan  ep_len    nan  fell    0  err_xy 0.216  std 0.500  lr 3.0e-04  fps   5327   511.4s
it 1703/4000  reward     nan  ep_len    nan  fell    0  err_xy 0.172  std 0.500  lr 3.0e-04  fps   5359   511.6s
it 1704/4000  reward     nan  ep_len    nan  fell    0  err_xy 0.155  std 0.500  lr 3.0e-04  fps   5452   511.9s
it 1705/4000  reward     nan  ep_len    nan  fell    0  err_xy 0.161  std 0.500  lr 3.0e-04  fps   5333   512.2s
it 1706/4000  reward     nan  ep_len    nan  fell    0  err_xy 0.162  std 0.500  lr 3.0e-04  fps   5462   512.5s
it 1707/4000  reward     nan  ep_len    nan  fell    0  err_xy 0.158  std 0.500  lr 3.0e-04  fps   5389   512.8s
it 1708/4000  reward     nan  ep_len    nan  fell    0  err_xy 0.146  std 0.500  lr 3.0e-04  fps   5271   513.1s
it 1709/4000  reward     nan  ep_len    nan  fell    0  err_xy 0.152  std 0.500  lr 3.0e-04  fps   5356   513.4s
it 1710/4000  reward     nan  ep_len    nan  fell    0  err_xy 0.144  std 0.500  lr 3.0e-04  fps   5384   513.6s
it 1711/4000  reward     nan  ep_len    nan  fell    0  err_xy 0.147  std 0.500  lr 3.0e-04  fps   5397   513.9s
it 1712/4000  reward     nan  ep_len    nan  fell    0  err_xy 0.153  std 0.500  lr 3.0e-04  fps   5401   514.2s
it 1713/4000  reward     nan  ep_len    nan  fell    0  err_xy 0.154  std 0.500  lr 3.0e-04  fps   5360   514.5s
it 1714/4000  reward     nan  ep_len    nan  fell    0  err_xy 0.147  std 0.500  lr 3.0e-04  fps   5367   514.8s
it 1715/4000  reward     nan  ep_len    nan  fell    0  err_xy 0.150  std 0.500  lr 3.0e-04  fps   5384   515.1s
it 1716/4000  reward     nan  ep_len    nan  fell    0  err_xy 0.148  std 0.500  lr 3.0e-04  fps   5366   515.4s
it 1717/4000  reward   13.26  ep_len  400.0  fell    0  err_xy 0.160  std 0.500  lr 3.0e-04  fps   3626   515.8s
it 1718/4000  reward     nan  ep_len    nan  fell    0  err_xy 0.203  std 0.500  lr 3.0e-04  fps   4674   516.1s
it 1719/4000  reward     nan  ep_len    nan  fell    0  err_xy 0.184  std 0.500  lr 3.0e-04  fps   5177   516.4s
it 1720/4000  reward     nan  ep_len    nan  fell    0  err_xy 0.176  std 0.500  lr 3.0e-04  fps   5288   516.7s
it 1721/4000  reward     nan  ep_len    nan  fell    0  err_xy 0.165  std 0.500  lr 3.0e-04  fps   5385   517.0s
it 1722/4000  reward     nan  ep_len    nan  fell    0  err_xy 0.161  std 0.500  lr 3.0e-04  fps   5424   517.3s
it 1723/4000  reward     nan  ep_len    nan  fell    0  err_xy 0.152  std 0.500  lr 3.0e-04  fps   5382   517.5s
it 1724/4000  reward     nan  ep_len    nan  fell    0  err_xy 0.150  std 0.500  lr 3.0e-04  fps   5340   517.8s
it 1725/4000  reward     nan  ep_len    nan  fell    0  err_xy 0.141  std 0.500  lr 3.0e-04  fps   5294   518.1s
it 1726/4000  reward     nan  ep_len    nan  fell    0  err_xy 0.138  std 0.500  lr 3.0e-04  fps   5552   518.4s
it 1727/4000  reward     nan  ep_len    nan  fell    0  err_xy 0.147  std 0.500  lr 3.0e-04  fps   5295   518.7s
it 1728/4000  reward     nan  ep_len    nan  fell    0  err_xy 0.142  std 0.500  lr 3.0e-04  fps   5128   519.0s
it 1729/4000  reward     nan  ep_len    nan  fell    0  err_xy 0.142  std 0.500  lr 3.0e-04  fps   5462   519.3s
it 1730/4000  reward     nan  ep_len    nan  fell    0  err_xy 0.147  std 0.500  lr 3.0e-04  fps   5437   519.6s
it 1731/4000  reward     nan  ep_len    nan  fell    0  err_xy 0.143  std 0.500  lr 3.0e-04  fps   5485   519.8s
it 1732/4000  reward     nan  ep_len    nan  fell    0  err_xy 0.145  std 0.500  lr 3.0e-04  fps   5504   520.1s
it 1733/4000  reward     nan  ep_len    nan  fell    0  err_xy 0.142  std 0.500  lr 3.0e-04  fps   5442   520.4s
it 1734/4000  reward   15.21  ep_len  400.0  fell    0  err_xy 0.180  std 0.500  lr 3.0e-04  fps   4285   520.8s
it 1735/4000  reward     nan  ep_len    nan  fell    0  err_xy 0.231  std 0.500  lr 3.0e-04  fps   5433   521.0s
it 1736/4000  reward     nan  ep_len    nan  fell    0  err_xy 0.178  std 0.500  lr 3.0e-04  fps   5486   521.3s
it 1737/4000  reward     nan  ep_len    nan  fell    0  err_xy 0.165  std 0.500  lr 3.0e-04  fps   5467   521.6s
it 1738/4000  reward     nan  ep_len    nan  fell    0  err_xy 0.165  std 0.500  lr 3.0e-04  fps   5381   521.9s
it 1739/4000  reward     nan  ep_len    nan  fell    0  err_xy 0.178  std 0.500  lr 3.0e-04  fps   5417   522.2s
it 1740/4000  reward     nan  ep_len    nan  fell    0  err_xy 0.190  std 0.500  lr 3.0e-04  fps   5503   522.5s
it 1741/4000  reward     nan  ep_len    nan  fell    0  err_xy 0.176  std 0.500  lr 3.0e-04  fps   5395   522.7s
it 1742/4000  reward     nan  ep_len    nan  fell    0  err_xy 0.186  std 0.500  lr 3.0e-04  fps   5360   523.0s
it 1743/4000  reward     nan  ep_len    nan  fell    0  err_xy 0.171  std 0.500  lr 3.0e-04  fps   5400   523.3s
it 1744/4000  reward     nan  ep_len    nan  fell    0  err_xy 0.164  std 0.500  lr 3.0e-04  fps   5424   523.6s
it 1745/4000  reward     nan  ep_len    nan  fell    0  err_xy 0.167  std 0.500  lr 3.0e-04  fps   5399   523.9s
it 1746/4000  reward     nan  ep_len    nan  fell    0  err_xy 0.156  std 0.500  lr 3.0e-04  fps   5479   524.2s
it 1747/4000  reward     nan  ep_len    nan  fell    0  err_xy 0.159  std 0.500  lr 3.0e-04  fps   5453   524.4s
it 1748/4000  reward     nan  ep_len    nan  fell    0  err_xy 0.154  std 0.500  lr 3.0e-04  fps   5388   524.7s
it 1749/4000  reward     nan  ep_len    nan  fell    0  err_xy 0.155  std 0.500  lr 3.0e-04  fps   5491   525.0s
it 1750/4000  reward   14.75  ep_len  400.0  fell    0  err_xy 0.139  std 0.500  lr 3.0e-04  fps   4122   525.4s
it 1751/4000  reward     nan  ep_len    nan  fell    0  err_xy 0.225  std 0.500  lr 3.0e-04  fps   5239   525.7s
it 1752/4000  reward     nan  ep_len    nan  fell    0  err_xy 0.235  std 0.500  lr 3.0e-04  fps   5394   526.0s
it 1753/4000  reward     nan  ep_len    nan  fell    0  err_xy 0.176  std 0.500  lr 3.0e-04  fps   5352   526.2s
it 1754/4000  reward     nan  ep_len    nan  fell    0  err_xy 0.174  std 0.500  lr 3.0e-04  fps   5403   526.5s
it 1755/4000  reward     nan  ep_len    nan  fell    0  err_xy 0.171  std 0.500  lr 3.0e-04  fps   5406   526.8s
it 1756/4000  reward     nan  ep_len    nan  fell    0  err_xy 0.190  std 0.500  lr 3.0e-04  fps   5343   527.1s
it 1757/4000  reward     nan  ep_len    nan  fell    0  err_xy 0.195  std 0.500  lr 3.0e-04  fps   5347   527.4s
it 1758/4000  reward     nan  ep_len    nan  fell    0  err_xy 0.189  std 0.500  lr 3.0e-04  fps   5395   527.7s
it 1759/4000  reward     nan  ep_len    nan  fell    0  err_xy 0.159  std 0.500  lr 3.0e-04  fps   5349   528.0s
it 1760/4000  reward     nan  ep_len    nan  fell    0  err_xy 0.170  std 0.500  lr 3.0e-04  fps   5424   528.2s
it 1761/4000  reward     nan  ep_len    nan  fell    0  err_xy 0.160  std 0.500  lr 3.0e-04  fps   5422   528.5s
it 1762/4000  reward     nan  ep_len    nan  fell    0  err_xy 0.156  std 0.500  lr 3.0e-04  fps   5505   528.8s
it 1763/4000  reward     nan  ep_len    nan  fell    0  err_xy 0.159  std 0.500  lr 3.0e-04  fps   5235   529.1s
it 1764/4000  reward     nan  ep_len    nan  fell    0  err_xy 0.147  std 0.500  lr 3.0e-04  fps   5301   529.4s
it 1765/4000  reward     nan  ep_len    nan  fell    0  err_xy 0.140  std 0.500  lr 3.0e-04  fps   5113   529.7s
it 1766/4000  reward     nan  ep_len    nan  fell    0  err_xy 0.133  std 0.500  lr 3.0e-04  fps   5170   530.0s
it 1767/4000  reward   14.47  ep_len  400.0  fell    0  err_xy 0.168  std 0.500  lr 3.0e-04  fps   3862   530.4s
it 1768/4000  reward     nan  ep_len    nan  fell    0  err_xy 0.209  std 0.500  lr 3.0e-04  fps   5061   530.7s
it 1769/4000  reward     nan  ep_len    nan  fell    0  err_xy 0.195  std 0.500  lr 3.0e-04  fps   5292   531.0s
it 1770/4000  reward     nan  ep_len    nan  fell    0  err_xy 0.184  std 0.500  lr 3.0e-04  fps   5069   531.3s
it 1771/4000  reward     nan  ep_len    nan  fell    0  err_xy 0.183  std 0.500  lr 3.0e-04  fps   5221   531.6s
it 1772/4000  reward     nan  ep_len    nan  fell    0  err_xy 0.160  std 0.500  lr 3.0e-04  fps   5384   531.9s
it 1773/4000  reward     nan  ep_len    nan  fell    0  err_xy 0.172  std 0.500  lr 3.0e-04  fps   5431   532.1s
it 1774/4000  reward     nan  ep_len    nan  fell    0  err_xy 0.182  std 0.500  lr 3.0e-04  fps   5458   532.4s
it 1775/4000  reward     nan  ep_len    nan  fell    0  err_xy 0.184  std 0.500  lr 3.0e-04  fps   5375   532.7s
it 1776/4000  reward     nan  ep_len    nan  fell    0  err_xy 0.182  std 0.500  lr 3.0e-04  fps   5303   533.0s
it 1777/4000  reward     nan  ep_len    nan  fell    0  err_xy 0.167  std 0.500  lr 3.0e-04  fps   4946   533.3s
it 1778/4000  reward     nan  ep_len    nan  fell    0  err_xy 0.167  std 0.500  lr 3.0e-04  fps   4249   533.7s
it 1779/4000  reward     nan  ep_len    nan  fell    0  err_xy 0.151  std 0.500  lr 3.0e-04  fps   5300   534.0s
it 1780/4000  reward     nan  ep_len    nan  fell    0  err_xy 0.151  std 0.500  lr 3.0e-04  fps   5298   534.3s
it 1781/4000  reward     nan  ep_len    nan  fell    0  err_xy 0.162  std 0.500  lr 3.0e-04  fps   5160   534.6s
it 1782/4000  reward     nan  ep_len    nan  fell    0  err_xy 0.168  std 0.500  lr 3.0e-04  fps   5236   534.9s
it 1783/4000  reward     nan  ep_len    nan  fell    0  err_xy 0.165  std 0.500  lr 3.0e-04  fps   5179   535.1s
it 1784/4000  reward   15.06  ep_len  400.0  fell    0  err_xy 0.184  std 0.500  lr 3.0e-04  fps   4036   535.5s
it 1785/4000  reward     nan  ep_len    nan  fell    0  err_xy 0.234  std 0.500  lr 3.0e-04  fps   5246   535.8s
it 1786/4000  reward     nan  ep_len    nan  fell    0  err_xy 0.195  std 0.500  lr 3.0e-04  fps   5400   536.1s
it 1787/4000  reward     nan  ep_len    nan  fell    0  err_xy 0.188  std 0.500  lr 3.0e-04  fps   5446   536.4s
it 1788/4000  reward     nan  ep_len    nan  fell    0  err_xy 0.186  std 0.500  lr 3.0e-04  fps   5390   536.7s
it 1789/4000  reward     nan  ep_len    nan  fell    0  err_xy 0.174  std 0.500  lr 3.0e-04  fps   5545   537.0s
it 1790/4000  reward     nan  ep_len    nan  fell    0  err_xy 0.177  std 0.500  lr 3.0e-04  fps   5461   537.2s
it 1791/4000  reward     nan  ep_len    nan  fell    0  err_xy 0.175  std 0.500  lr 3.0e-04  fps   5415   537.5s
it 1792/4000  reward     nan  ep_len    nan  fell    0  err_xy 0.159  std 0.500  lr 3.0e-04  fps   5314   537.8s
it 1793/4000  reward     nan  ep_len    nan  fell    0  err_xy 0.163  std 0.500  lr 3.0e-04  fps   5399   538.1s
it 1794/4000  reward     nan  ep_len    nan  fell    0  err_xy 0.170  std 0.500  lr 3.0e-04  fps   5484   538.4s
it 1795/4000  reward     nan  ep_len    nan  fell    0  err_xy 0.158  std 0.500  lr 3.0e-04  fps   5147   538.7s
it 1796/4000  reward     nan  ep_len    nan  fell    0  err_xy 0.171  std 0.500  lr 3.0e-04  fps   4761   539.0s
it 1797/4000  reward     nan  ep_len    nan  fell    0  err_xy 0.158  std 0.500  lr 3.0e-04  fps   5416   539.3s
it 1798/4000  reward     nan  ep_len    nan  fell    0  err_xy 0.159  std 0.500  lr 3.0e-04  fps   5437   539.6s
it 1799/4000  reward     nan  ep_len    nan  fell    0  err_xy 0.159  std 0.500  lr 3.0e-04  fps   5394   539.8s
it 1800/4000  reward   16.54  ep_len  400.0  fell    0  err_xy 0.142  std 0.500  lr 3.0e-04  fps   4113   540.2s
eval iteration 1800:
  prone          success   0.0%  time 8.00s  peak_τ 0.96 Nm  return 3.24
  supine         success   0.0%  time 8.00s  peak_τ 0.96 Nm  return -2.87
  score 0.000
it 1801/4000  reward     nan  ep_len    nan  fell    0  err_xy 0.212  std 0.500  lr 3.0e-04  fps   6208   542.6s
it 1802/4000  reward     nan  ep_len    nan  fell    0  err_xy 0.230  std 0.500  lr 3.0e-04  fps   6069   542.8s
it 1803/4000  reward     nan  ep_len    nan  fell    0  err_xy 0.192  std 0.500  lr 3.0e-04  fps   5745   543.1s
it 1804/4000  reward     nan  ep_len    nan  fell    0  err_xy 0.176  std 0.500  lr 3.0e-04  fps   6350   543.3s
it 1805/4000  reward     nan  ep_len    nan  fell    0  err_xy 0.170  std 0.500  lr 3.0e-04  fps   6436   543.6s
it 1806/4000  reward     nan  ep_len    nan  fell    0  err_xy 0.159  std 0.500  lr 3.0e-04  fps   6446   543.8s
it 1807/4000  reward     nan  ep_len    nan  fell    0  err_xy 0.175  std 0.500  lr 3.0e-04  fps   6235   544.0s
it 1808/4000  reward     nan  ep_len    nan  fell    0  err_xy 0.165  std 0.500  lr 3.0e-04  fps   5925   544.3s
it 1809/4000  reward     nan  ep_len    nan  fell    0  err_xy 0.166  std 0.500  lr 3.0e-04  fps   5656   544.6s
it 1810/4000  reward     nan  ep_len    nan  fell    0  err_xy 0.146  std 0.500  lr 3.0e-04  fps   5474   544.9s
it 1811/4000  reward     nan  ep_len    nan  fell    0  err_xy 0.149  std 0.500  lr 3.0e-04  fps   5102   545.2s
it 1812/4000  reward     nan  ep_len    nan  fell    0  err_xy 0.147  std 0.500  lr 3.0e-04  fps   5159   545.5s
it 1813/4000  reward     nan  ep_len    nan  fell    0  err_xy 0.151  std 0.500  lr 3.0e-04  fps   5506   545.7s
it 1814/4000  reward     nan  ep_len    nan  fell    0  err_xy 0.144  std 0.500  lr 3.0e-04  fps   5588   546.0s
it 1815/4000  reward     nan  ep_len    nan  fell    0  err_xy 0.145  std 0.500  lr 3.0e-04  fps   5609   546.3s
it 1816/4000  reward     nan  ep_len    nan  fell    0  err_xy 0.145  std 0.500  lr 3.0e-04  fps   5556   546.6s
it 1817/4000  reward   18.47  ep_len  400.0  fell    0  err_xy 0.153  std 0.500  lr 3.0e-04  fps   4154   546.9s
it 1818/4000  reward     nan  ep_len    nan  fell    0  err_xy 0.227  std 0.500  lr 3.0e-04  fps   5340   547.2s
it 1819/4000  reward     nan  ep_len    nan  fell    0  err_xy 0.209  std 0.500  lr 3.0e-04  fps   5305   547.5s
it 1820/4000  reward     nan  ep_len    nan  fell    0  err_xy 0.173  std 0.500  lr 3.0e-04  fps   5395   547.8s
it 1821/4000  reward     nan  ep_len    nan  fell    0  err_xy 0.169  std 0.500  lr 3.0e-04  fps   5145   548.1s
it 1822/4000  reward     nan  ep_len    nan  fell    0  err_xy 0.159  std 0.500  lr 3.0e-04  fps   5218   548.4s
it 1823/4000  reward     nan  ep_len    nan  fell    0  err_xy 0.154  std 0.500  lr 3.0e-04  fps   5308   548.7s
it 1824/4000  reward     nan  ep_len    nan  fell    0  err_xy 0.158  std 0.500  lr 3.0e-04  fps   5457   549.0s
it 1825/4000  reward     nan  ep_len    nan  fell    0  err_xy 0.149  std 0.500  lr 3.0e-04  fps   5428   549.2s
it 1826/4000  reward     nan  ep_len    nan  fell    0  err_xy 0.156  std 0.500  lr 3.0e-04  fps   5393   549.5s
it 1827/4000  reward     nan  ep_len    nan  fell    0  err_xy 0.141  std 0.500  lr 3.0e-04  fps   5305   549.8s
it 1828/4000  reward     nan  ep_len    nan  fell    0  err_xy 0.150  std 0.500  lr 3.0e-04  fps   5241   550.1s
it 1829/4000  reward     nan  ep_len    nan  fell    0  err_xy 0.155  std 0.500  lr 3.0e-04  fps   5070   550.4s
it 1830/4000  reward     nan  ep_len    nan  fell    0  err_xy 0.145  std 0.500  lr 3.0e-04  fps   5127   550.7s
it 1831/4000  reward     nan  ep_len    nan  fell    0  err_xy 0.156  std 0.500  lr 3.0e-04  fps   5286   551.0s
it 1832/4000  reward     nan  ep_len    nan  fell    0  err_xy 0.152  std 0.500  lr 3.0e-04  fps   5309   551.3s
it 1833/4000  reward     nan  ep_len    nan  fell    0  err_xy 0.138  std 0.500  lr 3.0e-04  fps   5410   551.6s
it 1834/4000  reward   18.49  ep_len  400.0  fell    0  err_xy 0.188  std 0.500  lr 3.0e-04  fps   3904   552.0s
it 1835/4000  reward     nan  ep_len    nan  fell    0  err_xy 0.226  std 0.500  lr 3.0e-04  fps   5354   552.3s
it 1836/4000  reward     nan  ep_len    nan  fell    0  err_xy 0.197  std 0.500  lr 3.0e-04  fps   5412   552.5s
it 1837/4000  reward     nan  ep_len    nan  fell    0  err_xy 0.182  std 0.500  lr 3.0e-04  fps   4818   552.9s
it 1838/4000  reward     nan  ep_len    nan  fell    0  err_xy 0.157  std 0.500  lr 3.0e-04  fps   5317   553.2s
it 1839/4000  reward     nan  ep_len    nan  fell    0  err_xy 0.169  std 0.500  lr 3.0e-04  fps   5399   553.4s
it 1840/4000  reward     nan  ep_len    nan  fell    0  err_xy 0.161  std 0.500  lr 3.0e-04  fps   5506   553.7s
it 1841/4000  reward     nan  ep_len    nan  fell    0  err_xy 0.150  std 0.500  lr 3.0e-04  fps   5159   554.0s
it 1842/4000  reward     nan  ep_len    nan  fell    0  err_xy 0.155  std 0.500  lr 3.0e-04  fps   5387   554.3s
it 1843/4000  reward     nan  ep_len    nan  fell    0  err_xy 0.154  std 0.500  lr 3.0e-04  fps   5370   554.6s
it 1844/4000  reward     nan  ep_len    nan  fell    0  err_xy 0.149  std 0.500  lr 3.0e-04  fps   5453   554.9s
it 1845/4000  reward     nan  ep_len    nan  fell    0  err_xy 0.146  std 0.500  lr 3.0e-04  fps   5431   555.2s
it 1846/4000  reward     nan  ep_len    nan  fell    0  err_xy 0.143  std 0.500  lr 3.0e-04  fps   5520   555.4s
it 1847/4000  reward     nan  ep_len    nan  fell    0  err_xy 0.145  std 0.500  lr 3.0e-04  fps   5190   555.7s
it 1848/4000  reward     nan  ep_len    nan  fell    0  err_xy 0.148  std 0.500  lr 3.0e-04  fps   5435   556.0s
it 1849/4000  reward     nan  ep_len    nan  fell    0  err_xy 0.137  std 0.500  lr 3.0e-04  fps   5567   556.3s
it 1850/4000  reward   17.05  ep_len  400.0  fell    0  err_xy 0.147  std 0.500  lr 3.0e-04  fps   4141   556.7s
it 1851/4000  reward     nan  ep_len    nan  fell    0  err_xy 0.191  std 0.500  lr 3.0e-04  fps   5442   556.9s
it 1852/4000  reward     nan  ep_len    nan  fell    0  err_xy 0.211  std 0.500  lr 3.0e-04  fps   5489   557.2s
it 1853/4000  reward     nan  ep_len    nan  fell    0  err_xy 0.178  std 0.500  lr 3.0e-04  fps   5531   557.5s
it 1854/4000  reward     nan  ep_len    nan  fell    0  err_xy 0.171  std 0.500  lr 3.0e-04  fps   5429   557.8s
it 1855/4000  reward     nan  ep_len    nan  fell    0  err_xy 0.165  std 0.500  lr 3.0e-04  fps   5232   558.1s
it 1856/4000  reward     nan  ep_len    nan  fell    0  err_xy 0.155  std 0.500  lr 3.0e-04  fps   5351   558.4s
it 1857/4000  reward     nan  ep_len    nan  fell    0  err_xy 0.157  std 0.500  lr 3.0e-04  fps   5530   558.6s
it 1858/4000  reward     nan  ep_len    nan  fell    0  err_xy 0.136  std 0.500  lr 3.0e-04  fps   5515   558.9s
it 1859/4000  reward     nan  ep_len    nan  fell    0  err_xy 0.136  std 0.500  lr 3.0e-04  fps   5415   559.2s
it 1860/4000  reward     nan  ep_len    nan  fell    0  err_xy 0.124  std 0.500  lr 3.0e-04  fps   5517   559.5s
it 1861/4000  reward     nan  ep_len    nan  fell    0  err_xy 0.127  std 0.500  lr 3.0e-04  fps   5475   559.8s
it 1862/4000  reward     nan  ep_len    nan  fell    0  err_xy 0.125  std 0.500  lr 3.0e-04  fps   5520   560.0s
it 1863/4000  reward     nan  ep_len    nan  fell    0  err_xy 0.127  std 0.500  lr 3.0e-04  fps   5580   560.3s
it 1864/4000  reward     nan  ep_len    nan  fell    0  err_xy 0.122  std 0.500  lr 3.0e-04  fps   5442   560.6s
it 1865/4000  reward     nan  ep_len    nan  fell    0  err_xy 0.125  std 0.499  lr 3.0e-04  fps   5506   560.9s
it 1866/4000  reward     nan  ep_len    nan  fell    0  err_xy 0.121  std 0.499  lr 3.0e-04  fps   5480   561.2s
it 1867/4000  reward   18.33  ep_len  400.0  fell    0  err_xy 0.143  std 0.499  lr 3.0e-04  fps   4120   561.5s
it 1868/4000  reward     nan  ep_len    nan  fell    0  err_xy 0.219  std 0.499  lr 3.0e-04  fps   5099   561.8s
it 1869/4000  reward     nan  ep_len    nan  fell    0  err_xy 0.188  std 0.499  lr 3.0e-04  fps   5404   562.1s
it 1870/4000  reward     nan  ep_len    nan  fell    0  err_xy 0.148  std 0.500  lr 3.0e-04  fps   5477   562.4s
it 1871/4000  reward     nan  ep_len    nan  fell    0  err_xy 0.151  std 0.499  lr 3.0e-04  fps   5433   562.7s
it 1872/4000  reward     nan  ep_len    nan  fell    0  err_xy 0.142  std 0.500  lr 3.0e-04  fps   5493   563.0s
it 1873/4000  reward     nan  ep_len    nan  fell    0  err_xy 0.144  std 0.500  lr 3.0e-04  fps   5467   563.2s
it 1874/4000  reward     nan  ep_len    nan  fell    0  err_xy 0.150  std 0.499  lr 3.0e-04  fps   5493   563.5s
it 1875/4000  reward     nan  ep_len    nan  fell    0  err_xy 0.152  std 0.499  lr 3.0e-04  fps   5508   563.8s
it 1876/4000  reward     nan  ep_len    nan  fell    0  err_xy 0.154  std 0.500  lr 3.0e-04  fps   5412   564.1s
it 1877/4000  reward     nan  ep_len    nan  fell    0  err_xy 0.147  std 0.500  lr 3.0e-04  fps   5567   564.4s
it 1878/4000  reward     nan  ep_len    nan  fell    0  err_xy 0.140  std 0.500  lr 3.0e-04  fps   5462   564.6s
it 1879/4000  reward     nan  ep_len    nan  fell    0  err_xy 0.139  std 0.500  lr 3.0e-04  fps   5555   564.9s
it 1880/4000  reward     nan  ep_len    nan  fell    0  err_xy 0.152  std 0.500  lr 3.0e-04  fps   5504   565.2s
it 1881/4000  reward     nan  ep_len    nan  fell    0  err_xy 0.143  std 0.500  lr 3.0e-04  fps   5468   565.5s
it 1882/4000  reward     nan  ep_len    nan  fell    0  err_xy 0.146  std 0.500  lr 3.0e-04  fps   5588   565.8s
it 1883/4000  reward     nan  ep_len    nan  fell    0  err_xy 0.145  std 0.500  lr 3.0e-04  fps   5523   566.0s
it 1884/4000  reward   16.65  ep_len  400.0  fell    0  err_xy 0.190  std 0.500  lr 3.0e-04  fps   4077   566.4s
it 1885/4000  reward     nan  ep_len    nan  fell    0  err_xy 0.221  std 0.500  lr 3.0e-04  fps   5332   566.7s
it 1886/4000  reward     nan  ep_len    nan  fell    0  err_xy 0.194  std 0.500  lr 3.0e-04  fps   5444   567.0s
it 1887/4000  reward     nan  ep_len    nan  fell    0  err_xy 0.166  std 0.500  lr 3.0e-04  fps   5450   567.3s
it 1888/4000  reward     nan  ep_len    nan  fell    0  err_xy 0.176  std 0.500  lr 3.0e-04  fps   5450   567.5s
it 1889/4000  reward     nan  ep_len    nan  fell    0  err_xy 0.180  std 0.500  lr 3.0e-04  fps   5499   567.8s
it 1890/4000  reward     nan  ep_len    nan  fell    0  err_xy 0.173  std 0.500  lr 3.0e-04  fps   5590   568.1s
it 1891/4000  reward     nan  ep_len    nan  fell    0  err_xy 0.170  std 0.500  lr 3.0e-04  fps   5541   568.4s
it 1892/4000  reward     nan  ep_len    nan  fell    0  err_xy 0.159  std 0.500  lr 3.0e-04  fps   5508   568.7s
it 1893/4000  reward     nan  ep_len    nan  fell    0  err_xy 0.160  std 0.500  lr 3.0e-04  fps   5421   568.9s
it 1894/4000  reward     nan  ep_len    nan  fell    0  err_xy 0.153  std 0.500  lr 3.0e-04  fps   5595   569.2s
it 1895/4000  reward     nan  ep_len    nan  fell    0  err_xy 0.148  std 0.500  lr 3.0e-04  fps   5528   569.5s
it 1896/4000  reward     nan  ep_len    nan  fell    0  err_xy 0.150  std 0.500  lr 3.0e-04  fps   5459   569.8s
it 1897/4000  reward     nan  ep_len    nan  fell    0  err_xy 0.144  std 0.500  lr 3.0e-04  fps   5529   570.1s
it 1898/4000  reward     nan  ep_len    nan  fell    0  err_xy 0.135  std 0.500  lr 3.0e-04  fps   5464   570.3s
it 1899/4000  reward     nan  ep_len    nan  fell    0  err_xy 0.143  std 0.500  lr 3.0e-04  fps   5519   570.6s
it 1900/4000  reward   18.88  ep_len  400.0  fell    0  err_xy 0.143  std 0.500  lr 3.0e-04  fps   4221   571.0s
it 1901/4000  reward     nan  ep_len    nan  fell    0  err_xy 0.201  std 0.500  lr 3.0e-04  fps   5402   571.3s
it 1902/4000  reward     nan  ep_len    nan  fell    0  err_xy 0.201  std 0.500  lr 3.0e-04  fps   5533   571.5s
it 1903/4000  reward     nan  ep_len    nan  fell    0  err_xy 0.176  std 0.500  lr 3.0e-04  fps   5442   571.8s
it 1904/4000  reward     nan  ep_len    nan  fell    0  err_xy 0.176  std 0.500  lr 3.0e-04  fps   5503   572.1s
it 1905/4000  reward     nan  ep_len    nan  fell    0  err_xy 0.166  std 0.500  lr 3.0e-04  fps   5512   572.4s
it 1906/4000  reward     nan  ep_len    nan  fell    0  err_xy 0.160  std 0.500  lr 3.0e-04  fps   5491   572.7s
it 1907/4000  reward     nan  ep_len    nan  fell    0  err_xy 0.154  std 0.500  lr 3.0e-04  fps   5573   572.9s
it 1908/4000  reward     nan  ep_len    nan  fell    0  err_xy 0.149  std 0.500  lr 3.0e-04  fps   5465   573.2s
it 1909/4000  reward     nan  ep_len    nan  fell    0  err_xy 0.152  std 0.500  lr 3.0e-04  fps   5353   573.5s
it 1910/4000  reward     nan  ep_len    nan  fell    0  err_xy 0.156  std 0.500  lr 3.0e-04  fps   5511   573.8s
it 1911/4000  reward     nan  ep_len    nan  fell    0  err_xy 0.151  std 0.500  lr 3.0e-04  fps   5664   574.1s
it 1912/4000  reward     nan  ep_len    nan  fell    0  err_xy 0.159  std 0.500  lr 3.0e-04  fps   5577   574.3s
it 1913/4000  reward     nan  ep_len    nan  fell    0  err_xy 0.153  std 0.500  lr 3.0e-04  fps   5533   574.6s
it 1914/4000  reward     nan  ep_len    nan  fell    0  err_xy 0.149  std 0.500  lr 3.0e-04  fps   5575   574.9s
it 1915/4000  reward     nan  ep_len    nan  fell    0  err_xy 0.152  std 0.500  lr 3.0e-04  fps   5600   575.2s
it 1916/4000  reward     nan  ep_len    nan  fell    0  err_xy 0.148  std 0.500  lr 3.0e-04  fps   5563   575.4s
it 1917/4000  reward   20.53  ep_len  400.0  fell    0  err_xy 0.166  std 0.500  lr 3.0e-04  fps   4105   575.8s
it 1918/4000  reward     nan  ep_len    nan  fell    0  err_xy 0.234  std 0.500  lr 3.0e-04  fps   5456   576.1s
it 1919/4000  reward     nan  ep_len    nan  fell    0  err_xy 0.205  std 0.500  lr 3.0e-04  fps   5564   576.4s
it 1920/4000  reward     nan  ep_len    nan  fell    0  err_xy 0.169  std 0.500  lr 3.0e-04  fps   5520   576.6s
it 1921/4000  reward     nan  ep_len    nan  fell    0  err_xy 0.150  std 0.500  lr 3.0e-04  fps   5487   576.9s
it 1922/4000  reward     nan  ep_len    nan  fell    0  err_xy 0.159  std 0.500  lr 3.0e-04  fps   5494   577.2s
it 1923/4000  reward     nan  ep_len    nan  fell    0  err_xy 0.147  std 0.500  lr 3.0e-04  fps   5528   577.5s
it 1924/4000  reward     nan  ep_len    nan  fell    0  err_xy 0.135  std 0.500  lr 3.0e-04  fps   5533   577.8s
it 1925/4000  reward     nan  ep_len    nan  fell    0  err_xy 0.134  std 0.500  lr 3.0e-04  fps   5478   578.0s
it 1926/4000  reward     nan  ep_len    nan  fell    0  err_xy 0.139  std 0.500  lr 3.0e-04  fps   5229   578.3s
it 1927/4000  reward     nan  ep_len    nan  fell    0  err_xy 0.133  std 0.500  lr 3.0e-04  fps   5415   578.6s
it 1928/4000  reward     nan  ep_len    nan  fell    0  err_xy 0.135  std 0.500  lr 3.0e-04  fps   5403   578.9s
it 1929/4000  reward     nan  ep_len    nan  fell    0  err_xy 0.138  std 0.500  lr 3.0e-04  fps   5407   579.2s
it 1930/4000  reward     nan  ep_len    nan  fell    0  err_xy 0.129  std 0.500  lr 3.0e-04  fps   5435   579.5s
it 1931/4000  reward     nan  ep_len    nan  fell    0  err_xy 0.136  std 0.500  lr 3.0e-04  fps   5383   579.8s
it 1932/4000  reward     nan  ep_len    nan  fell    0  err_xy 0.137  std 0.500  lr 3.0e-04  fps   5396   580.0s
it 1933/4000  reward     nan  ep_len    nan  fell    0  err_xy 0.128  std 0.500  lr 3.0e-04  fps   5284   580.3s
it 1934/4000  reward   22.66  ep_len  400.0  fell    0  err_xy 0.188  std 0.500  lr 3.0e-04  fps   3774   580.7s
it 1935/4000  reward     nan  ep_len    nan  fell    0  err_xy 0.222  std 0.500  lr 3.0e-04  fps   4956   581.1s
it 1936/4000  reward     nan  ep_len    nan  fell    0  err_xy 0.181  std 0.500  lr 3.0e-04  fps   5233   581.3s
it 1937/4000  reward     nan  ep_len    nan  fell    0  err_xy 0.173  std 0.500  lr 3.0e-04  fps   5218   581.6s
it 1938/4000  reward     nan  ep_len    nan  fell    0  err_xy 0.163  std 0.500  lr 3.0e-04  fps   5065   581.9s
it 1939/4000  reward     nan  ep_len    nan  fell    0  err_xy 0.151  std 0.500  lr 3.0e-04  fps   4700   582.3s
it 1940/4000  reward     nan  ep_len    nan  fell    0  err_xy 0.148  std 0.500  lr 3.0e-04  fps   4932   582.6s
it 1941/4000  reward     nan  ep_len    nan  fell    0  err_xy 0.147  std 0.500  lr 3.0e-04  fps   5144   582.9s
it 1942/4000  reward     nan  ep_len    nan  fell    0  err_xy 0.135  std 0.500  lr 3.0e-04  fps   5283   583.2s
it 1943/4000  reward     nan  ep_len    nan  fell    0  err_xy 0.133  std 0.500  lr 3.0e-04  fps   5226   583.5s
it 1944/4000  reward     nan  ep_len    nan  fell    0  err_xy 0.128  std 0.500  lr 3.0e-04  fps   5397   583.8s
it 1945/4000  reward     nan  ep_len    nan  fell    0  err_xy 0.135  std 0.500  lr 3.0e-04  fps   5477   584.0s
it 1946/4000  reward     nan  ep_len    nan  fell    0  err_xy 0.135  std 0.500  lr 3.0e-04  fps   5447   584.3s
it 1947/4000  reward     nan  ep_len    nan  fell    0  err_xy 0.129  std 0.500  lr 3.0e-04  fps   5435   584.6s
it 1948/4000  reward     nan  ep_len    nan  fell    0  err_xy 0.135  std 0.500  lr 3.0e-04  fps   5471   584.9s
it 1949/4000  reward     nan  ep_len    nan  fell    0  err_xy 0.139  std 0.500  lr 3.0e-04  fps   5475   585.2s
it 1950/4000  reward   20.84  ep_len  400.0  fell    0  err_xy 0.133  std 0.500  lr 3.0e-04  fps   4112   585.5s
it 1951/4000  reward     nan  ep_len    nan  fell    0  err_xy 0.225  std 0.500  lr 3.0e-04  fps   5311   585.8s
it 1952/4000  reward     nan  ep_len    nan  fell    0  err_xy 0.201  std 0.500  lr 3.0e-04  fps   5437   586.1s
it 1953/4000  reward     nan  ep_len    nan  fell    0  err_xy 0.151  std 0.500  lr 3.0e-04  fps   5394   586.4s
it 1954/4000  reward     nan  ep_len    nan  fell    0  err_xy 0.145  std 0.500  lr 3.0e-04  fps   5448   586.7s
it 1955/4000  reward     nan  ep_len    nan  fell    0  err_xy 0.136  std 0.500  lr 3.0e-04  fps   5437   587.0s
it 1956/4000  reward     nan  ep_len    nan  fell    0  err_xy 0.134  std 0.500  lr 3.0e-04  fps   5431   587.2s
it 1957/4000  reward     nan  ep_len    nan  fell    0  err_xy 0.138  std 0.500  lr 3.0e-04  fps   5343   587.5s
it 1958/4000  reward     nan  ep_len    nan  fell    0  err_xy 0.141  std 0.500  lr 3.0e-04  fps   5334   587.8s
it 1959/4000  reward     nan  ep_len    nan  fell    0  err_xy 0.140  std 0.500  lr 3.0e-04  fps   5382   588.1s
it 1960/4000  reward     nan  ep_len    nan  fell    0  err_xy 0.142  std 0.500  lr 3.0e-04  fps   5420   588.4s
it 1961/4000  reward     nan  ep_len    nan  fell    0  err_xy 0.135  std 0.500  lr 3.0e-04  fps   5038   588.7s
it 1962/4000  reward     nan  ep_len    nan  fell    0  err_xy 0.148  std 0.500  lr 3.0e-04  fps   4654   589.0s
it 1963/4000  reward     nan  ep_len    nan  fell    0  err_xy 0.139  std 0.500  lr 3.0e-04  fps   5491   589.3s
it 1964/4000  reward     nan  ep_len    nan  fell    0  err_xy 0.141  std 0.500  lr 3.0e-04  fps   5115   589.6s
it 1965/4000  reward     nan  ep_len    nan  fell    0  err_xy 0.141  std 0.500  lr 3.0e-04  fps   5091   589.9s
it 1966/4000  reward     nan  ep_len    nan  fell    0  err_xy 0.136  std 0.500  lr 3.0e-04  fps   5535   590.2s
it 1967/4000  reward   22.19  ep_len  400.0  fell    0  err_xy 0.155  std 0.500  lr 3.0e-04  fps   4179   590.5s
it 1968/4000  reward     nan  ep_len    nan  fell    0  err_xy 0.228  std 0.500  lr 3.0e-04  fps   5412   590.8s
it 1969/4000  reward     nan  ep_len    nan  fell    0  err_xy 0.202  std 0.500  lr 3.0e-04  fps   5512   591.1s
it 1970/4000  reward     nan  ep_len    nan  fell    0  err_xy 0.162  std 0.500  lr 3.0e-04  fps   5507   591.4s
it 1971/4000  reward     nan  ep_len    nan  fell    0  err_xy 0.148  std 0.500  lr 3.0e-04  fps   5321   591.7s
it 1972/4000  reward     nan  ep_len    nan  fell    0  err_xy 0.156  std 0.500  lr 3.0e-04  fps   5432   592.0s
it 1973/4000  reward     nan  ep_len    nan  fell    0  err_xy 0.153  std 0.500  lr 3.0e-04  fps   5408   592.2s
it 1974/4000  reward     nan  ep_len    nan  fell    0  err_xy 0.144  std 0.500  lr 3.0e-04  fps   5422   592.5s
it 1975/4000  reward     nan  ep_len    nan  fell    0  err_xy 0.139  std 0.500  lr 3.0e-04  fps   5406   592.8s
it 1976/4000  reward     nan  ep_len    nan  fell    0  err_xy 0.134  std 0.500  lr 3.0e-04  fps   5329   593.1s
it 1977/4000  reward     nan  ep_len    nan  fell    0  err_xy 0.135  std 0.500  lr 3.0e-04  fps   5451   593.4s
it 1978/4000  reward     nan  ep_len    nan  fell    0  err_xy 0.140  std 0.500  lr 3.0e-04  fps   5432   593.7s
it 1979/4000  reward     nan  ep_len    nan  fell    0  err_xy 0.131  std 0.500  lr 3.0e-04  fps   5547   593.9s
it 1980/4000  reward     nan  ep_len    nan  fell    0  err_xy 0.132  std 0.500  lr 3.0e-04  fps   5414   594.2s
it 1981/4000  reward     nan  ep_len    nan  fell    0  err_xy 0.126  std 0.500  lr 3.0e-04  fps   5476   594.5s
it 1982/4000  reward     nan  ep_len    nan  fell    0  err_xy 0.126  std 0.500  lr 3.0e-04  fps   5432   594.8s
it 1983/4000  reward     nan  ep_len    nan  fell    0  err_xy 0.138  std 0.500  lr 3.0e-04  fps   5312   595.1s
it 1984/4000  reward   20.03  ep_len  400.0  fell    0  err_xy 0.208  std 0.500  lr 3.0e-04  fps   3924   595.5s
it 1985/4000  reward     nan  ep_len    nan  fell    0  err_xy 0.210  std 0.500  lr 3.0e-04  fps   5406   595.8s
it 1986/4000  reward     nan  ep_len    nan  fell    0  err_xy 0.163  std 0.500  lr 3.0e-04  fps   5433   596.0s
it 1987/4000  reward     nan  ep_len    nan  fell    0  err_xy 0.179  std 0.500  lr 3.0e-04  fps   5446   596.3s
it 1988/4000  reward     nan  ep_len    nan  fell    0  err_xy 0.178  std 0.500  lr 3.0e-04  fps   5453   596.6s
it 1989/4000  reward     nan  ep_len    nan  fell    0  err_xy 0.167  std 0.500  lr 3.0e-04  fps   5447   596.9s
it 1990/4000  reward     nan  ep_len    nan  fell    0  err_xy 0.159  std 0.500  lr 3.0e-04  fps   5370   597.2s
it 1991/4000  reward     nan  ep_len    nan  fell    0  err_xy 0.156  std 0.500  lr 3.0e-04  fps   5459   597.5s
it 1992/4000  reward     nan  ep_len    nan  fell    0  err_xy 0.136  std 0.500  lr 3.0e-04  fps   5290   597.7s
it 1993/4000  reward     nan  ep_len    nan  fell    0  err_xy 0.137  std 0.500  lr 3.0e-04  fps   5361   598.0s
it 1994/4000  reward     nan  ep_len    nan  fell    0  err_xy 0.140  std 0.500  lr 3.0e-04  fps   5396   598.3s
it 1995/4000  reward     nan  ep_len    nan  fell    0  err_xy 0.129  std 0.500  lr 3.0e-04  fps   5257   598.6s
it 1996/4000  reward     nan  ep_len    nan  fell    0  err_xy 0.122  std 0.500  lr 3.0e-04  fps   5387   598.9s
it 1997/4000  reward     nan  ep_len    nan  fell    0  err_xy 0.127  std 0.500  lr 3.0e-04  fps   5469   599.2s
it 1998/4000  reward     nan  ep_len    nan  fell    0  err_xy 0.122  std 0.500  lr 3.0e-04  fps   5359   599.5s
it 1999/4000  reward     nan  ep_len    nan  fell    0  err_xy 0.120  std 0.500  lr 3.0e-04  fps   5354   599.8s
it 2000/4000  reward   22.97  ep_len  400.0  fell    0  err_xy 0.118  std 0.500  lr 3.0e-04  fps   4123   600.1s
eval iteration 2000:
  prone          success   0.0%  time 8.00s  peak_τ 0.96 Nm  return -0.36
  supine         success   0.0%  time 8.00s  peak_τ 0.94 Nm  return 3.40
  score 0.000
it 2001/4000  reward     nan  ep_len    nan  fell    0  err_xy 0.228  std 0.500  lr 3.0e-04  fps   6224   602.5s
it 2002/4000  reward     nan  ep_len    nan  fell    0  err_xy 0.211  std 0.500  lr 3.0e-04  fps   6269   602.7s
it 2003/4000  reward     nan  ep_len    nan  fell    0  err_xy 0.171  std 0.500  lr 3.0e-04  fps   6043   603.0s
it 2004/4000  reward     nan  ep_len    nan  fell    0  err_xy 0.170  std 0.500  lr 3.0e-04  fps   5929   603.2s
it 2005/4000  reward     nan  ep_len    nan  fell    0  err_xy 0.169  std 0.500  lr 3.0e-04  fps   5856   603.5s
it 2006/4000  reward     nan  ep_len    nan  fell    0  err_xy 0.157  std 0.500  lr 3.0e-04  fps   6167   603.8s
it 2007/4000  reward     nan  ep_len    nan  fell    0  err_xy 0.156  std 0.500  lr 3.0e-04  fps   6418   604.0s
it 2008/4000  reward     nan  ep_len    nan  fell    0  err_xy 0.147  std 0.500  lr 3.0e-04  fps   6314   604.2s
it 2009/4000  reward     nan  ep_len    nan  fell    0  err_xy 0.133  std 0.500  lr 3.0e-04  fps   5440   604.5s
it 2010/4000  reward     nan  ep_len    nan  fell    0  err_xy 0.129  std 0.500  lr 3.0e-04  fps   5368   604.8s
it 2011/4000  reward     nan  ep_len    nan  fell    0  err_xy 0.115  std 0.500  lr 3.0e-04  fps   5221   605.1s
it 2012/4000  reward     nan  ep_len    nan  fell    0  err_xy 0.110  std 0.500  lr 3.0e-04  fps   5374   605.4s
it 2013/4000  reward     nan  ep_len    nan  fell    0  err_xy 0.105  std 0.500  lr 3.0e-04  fps   5395   605.7s
it 2014/4000  reward     nan  ep_len    nan  fell    0  err_xy 0.103  std 0.500  lr 3.0e-04  fps   5422   606.0s
it 2015/4000  reward     nan  ep_len    nan  fell    0  err_xy 0.110  std 0.500  lr 3.0e-04  fps   5378   606.2s
it 2016/4000  reward     nan  ep_len    nan  fell    0  err_xy 0.111  std 0.500  lr 3.0e-04  fps   5519   606.5s
it 2017/4000  reward   25.06  ep_len  400.0  fell    0  err_xy 0.149  std 0.500  lr 3.0e-04  fps   4241   606.9s
it 2018/4000  reward     nan  ep_len    nan  fell    0  err_xy 0.240  std 0.500  lr 3.0e-04  fps   5586   607.2s
it 2019/4000  reward     nan  ep_len    nan  fell    0  err_xy 0.194  std 0.500  lr 3.0e-04  fps   5437   607.4s
it 2020/4000  reward     nan  ep_len    nan  fell    0  err_xy 0.166  std 0.500  lr 3.0e-04  fps   5183   607.7s
it 2021/4000  reward     nan  ep_len    nan  fell    0  err_xy 0.153  std 0.500  lr 3.0e-04  fps   5309   608.0s
it 2022/4000  reward     nan  ep_len    nan  fell    0  err_xy 0.155  std 0.500  lr 3.0e-04  fps   5457   608.3s
it 2023/4000  reward     nan  ep_len    nan  fell    0  err_xy 0.143  std 0.500  lr 3.0e-04  fps   5467   608.6s
it 2024/4000  reward     nan  ep_len    nan  fell    0  err_xy 0.139  std 0.500  lr 3.0e-04  fps   5104   608.9s
it 2025/4000  reward     nan  ep_len    nan  fell    0  err_xy 0.139  std 0.500  lr 3.0e-04  fps   5136   609.2s
it 2026/4000  reward     nan  ep_len    nan  fell    0  err_xy 0.128  std 0.500  lr 3.0e-04  fps   5290   609.5s
it 2027/4000  reward     nan  ep_len    nan  fell    0  err_xy 0.133  std 0.500  lr 3.0e-04  fps   5135   609.8s
it 2028/4000  reward     nan  ep_len    nan  fell    0  err_xy 0.116  std 0.500  lr 3.0e-04  fps   5111   610.1s
it 2029/4000  reward     nan  ep_len    nan  fell    0  err_xy 0.117  std 0.500  lr 3.0e-04  fps   5274   610.4s
it 2030/4000  reward     nan  ep_len    nan  fell    0  err_xy 0.121  std 0.500  lr 3.0e-04  fps   5285   610.7s
it 2031/4000  reward     nan  ep_len    nan  fell    0  err_xy 0.112  std 0.500  lr 3.0e-04  fps   5289   611.0s
it 2032/4000  reward     nan  ep_len    nan  fell    0  err_xy 0.112  std 0.500  lr 3.0e-04  fps   5271   611.2s
it 2033/4000  reward     nan  ep_len    nan  fell    0  err_xy 0.111  std 0.500  lr 3.0e-04  fps   5201   611.5s
it 2034/4000  reward   27.77  ep_len  400.0  fell    0  err_xy 0.188  std 0.500  lr 3.0e-04  fps   4013   611.9s
it 2035/4000  reward     nan  ep_len    nan  fell    0  err_xy 0.232  std 0.500  lr 3.0e-04  fps   5355   612.2s
it 2036/4000  reward     nan  ep_len    nan  fell    0  err_xy 0.179  std 0.500  lr 3.0e-04  fps   5165   612.5s
it 2037/4000  reward     nan  ep_len    nan  fell    0  err_xy 0.187  std 0.500  lr 3.0e-04  fps   5422   612.8s
it 2038/4000  reward     nan  ep_len    nan  fell    0  err_xy 0.183  std 0.500  lr 3.0e-04  fps   5446   613.1s
it 2039/4000  reward     nan  ep_len    nan  fell    0  err_xy 0.180  std 0.500  lr 3.0e-04  fps   5459   613.4s
it 2040/4000  reward     nan  ep_len    nan  fell    0  err_xy 0.164  std 0.500  lr 3.0e-04  fps   5521   613.6s
it 2041/4000  reward     nan  ep_len    nan  fell    0  err_xy 0.153  std 0.500  lr 3.0e-04  fps   5371   613.9s
it 2042/4000  reward     nan  ep_len    nan  fell    0  err_xy 0.159  std 0.500  lr 3.0e-04  fps   5152   614.2s
it 2043/4000  reward     nan  ep_len    nan  fell    0  err_xy 0.158  std 0.500  lr 3.0e-04  fps   5414   614.5s
it 2044/4000  reward     nan  ep_len    nan  fell    0  err_xy 0.142  std 0.500  lr 3.0e-04  fps   5421   614.8s
it 2045/4000  reward     nan  ep_len    nan  fell    0  err_xy 0.140  std 0.500  lr 3.0e-04  fps   5372   615.1s
it 2046/4000  reward     nan  ep_len    nan  fell    0  err_xy 0.138  std 0.500  lr 3.0e-04  fps   5385   615.4s
it 2047/4000  reward     nan  ep_len    nan  fell    0  err_xy 0.138  std 0.500  lr 3.0e-04  fps   5298   615.6s
it 2048/4000  reward     nan  ep_len    nan  fell    0  err_xy 0.150  std 0.500  lr 3.0e-04  fps   5409   615.9s
it 2049/4000  reward     nan  ep_len    nan  fell    0  err_xy 0.135  std 0.500  lr 3.0e-04  fps   5356   616.2s
it 2050/4000  reward   26.54  ep_len  400.0  fell    0  err_xy 0.140  std 0.500  lr 3.0e-04  fps   4100   616.6s
it 2051/4000  reward     nan  ep_len    nan  fell    0  err_xy 0.222  std 0.500  lr 3.0e-04  fps   5402   616.9s
it 2052/4000  reward     nan  ep_len    nan  fell    0  err_xy 0.201  std 0.500  lr 3.0e-04  fps   5513   617.2s
it 2053/4000  reward     nan  ep_len    nan  fell    0  err_xy 0.202  std 0.500  lr 3.0e-04  fps   5488   617.4s
it 2054/4000  reward     nan  ep_len    nan  fell    0  err_xy 0.178  std 0.500  lr 3.0e-04  fps   5471   617.7s
it 2055/4000  reward     nan  ep_len    nan  fell    0  err_xy 0.165  std 0.500  lr 3.0e-04  fps   5472   618.0s
it 2056/4000  reward     nan  ep_len    nan  fell    0  err_xy 0.162  std 0.500  lr 3.0e-04  fps   5532   618.3s
it 2057/4000  reward     nan  ep_len    nan  fell    0  err_xy 0.163  std 0.500  lr 3.0e-04  fps   5217   618.6s
it 2058/4000  reward     nan  ep_len    nan  fell    0  err_xy 0.149  std 0.500  lr 3.0e-04  fps   5388   618.9s
it 2059/4000  reward     nan  ep_len    nan  fell    0  err_xy 0.142  std 0.500  lr 3.0e-04  fps   5461   619.1s
it 2060/4000  reward     nan  ep_len    nan  fell    0  err_xy 0.121  std 0.500  lr 3.0e-04  fps   5395   619.4s
it 2061/4000  reward     nan  ep_len    nan  fell    0  err_xy 0.116  std 0.500  lr 3.0e-04  fps   5385   619.7s
it 2062/4000  reward     nan  ep_len    nan  fell    0  err_xy 0.124  std 0.500  lr 3.0e-04  fps   5412   620.0s
it 2063/4000  reward     nan  ep_len    nan  fell    0  err_xy 0.117  std 0.500  lr 3.0e-04  fps   5326   620.3s
it 2064/4000  reward     nan  ep_len    nan  fell    0  err_xy 0.117  std 0.500  lr 3.0e-04  fps   5357   620.6s
it 2065/4000  reward     nan  ep_len    nan  fell    0  err_xy 0.113  std 0.500  lr 3.0e-04  fps   5298   620.9s
it 2066/4000  reward     nan  ep_len    nan  fell    0  err_xy 0.111  std 0.500  lr 3.0e-04  fps   5306   621.2s
it 2067/4000  reward   28.18  ep_len  400.0  fell    0  err_xy 0.151  std 0.500  lr 3.0e-04  fps   4201   621.5s
it 2068/4000  reward     nan  ep_len    nan  fell    0  err_xy 0.216  std 0.500  lr 3.0e-04  fps   5382   621.8s
it 2069/4000  reward     nan  ep_len    nan  fell    0  err_xy 0.202  std 0.500  lr 3.0e-04  fps   5405   622.1s
it 2070/4000  reward     nan  ep_len    nan  fell    0  err_xy 0.190  std 0.500  lr 3.0e-04  fps   5432   622.4s
it 2071/4000  reward     nan  ep_len    nan  fell    0  err_xy 0.203  std 0.500  lr 3.0e-04  fps   5507   622.6s
it 2072/4000  reward     nan  ep_len    nan  fell    0  err_xy 0.196  std 0.500  lr 3.0e-04  fps   5388   622.9s
it 2073/4000  reward     nan  ep_len    nan  fell    0  err_xy 0.179  std 0.500  lr 3.0e-04  fps   5525   623.2s
it 2074/4000  reward     nan  ep_len    nan  fell    0  err_xy 0.158  std 0.500  lr 3.0e-04  fps   5265   623.5s
it 2075/4000  reward     nan  ep_len    nan  fell    0  err_xy 0.136  std 0.500  lr 3.0e-04  fps   5406   623.8s
it 2076/4000  reward     nan  ep_len    nan  fell    0  err_xy 0.128  std 0.500  lr 3.0e-04  fps   5394   624.1s
it 2077/4000  reward     nan  ep_len    nan  fell    0  err_xy 0.126  std 0.500  lr 3.0e-04  fps   5469   624.4s
it 2078/4000  reward     nan  ep_len    nan  fell    0  err_xy 0.128  std 0.500  lr 3.0e-04  fps   5482   624.6s
it 2079/4000  reward     nan  ep_len    nan  fell    0  err_xy 0.125  std 0.500  lr 3.0e-04  fps   5412   624.9s
it 2080/4000  reward     nan  ep_len    nan  fell    0  err_xy 0.132  std 0.500  lr 3.0e-04  fps   5456   625.2s
it 2081/4000  reward     nan  ep_len    nan  fell    0  err_xy 0.131  std 0.500  lr 3.0e-04  fps   5465   625.5s
it 2082/4000  reward     nan  ep_len    nan  fell    0  err_xy 0.136  std 0.500  lr 3.0e-04  fps   5492   625.8s
it 2083/4000  reward     nan  ep_len    nan  fell    0  err_xy 0.131  std 0.500  lr 3.0e-04  fps   5487   626.0s
it 2084/4000  reward   23.97  ep_len  400.0  fell    0  err_xy 0.190  std 0.500  lr 3.0e-04  fps   4028   626.4s
it 2085/4000  reward     nan  ep_len    nan  fell    0  err_xy 0.223  std 0.500  lr 3.0e-04  fps   5315   626.7s
it 2086/4000  reward     nan  ep_len    nan  fell    0  err_xy 0.190  std 0.500  lr 3.0e-04  fps   5155   627.0s
it 2087/4000  reward     nan  ep_len    nan  fell    0  err_xy 0.195  std 0.500  lr 3.0e-04  fps   5117   627.3s
it 2088/4000  reward     nan  ep_len    nan  fell    0  err_xy 0.183  std 0.500  lr 3.0e-04  fps   5065   627.6s
it 2089/4000  reward     nan  ep_len    nan  fell    0  err_xy 0.187  std 0.500  lr 3.0e-04  fps   5280   627.9s
it 2090/4000  reward     nan  ep_len    nan  fell    0  err_xy 0.163  std 0.500  lr 3.0e-04  fps   5446   628.2s
it 2091/4000  reward     nan  ep_len    nan  fell    0  err_xy 0.170  std 0.500  lr 3.0e-04  fps   5151   628.5s
it 2092/4000  reward     nan  ep_len    nan  fell    0  err_xy 0.153  std 0.500  lr 3.0e-04  fps   5511   628.8s
it 2093/4000  reward     nan  ep_len    nan  fell    0  err_xy 0.164  std 0.500  lr 3.0e-04  fps   5552   629.0s
it 2094/4000  reward     nan  ep_len    nan  fell    0  err_xy 0.145  std 0.500  lr 3.0e-04  fps   5391   629.3s
it 2095/4000  reward     nan  ep_len    nan  fell    0  err_xy 0.150  std 0.500  lr 3.0e-04  fps   5441   629.6s
it 2096/4000  reward     nan  ep_len    nan  fell    0  err_xy 0.156  std 0.500  lr 3.0e-04  fps   5558   629.9s
it 2097/4000  reward     nan  ep_len    nan  fell    0  err_xy 0.148  std 0.500  lr 3.0e-04  fps   5544   630.2s
it 2098/4000  reward     nan  ep_len    nan  fell    0  err_xy 0.146  std 0.500  lr 3.0e-04  fps   5494   630.4s
it 2099/4000  reward     nan  ep_len    nan  fell    0  err_xy 0.136  std 0.500  lr 3.0e-04  fps   5433   630.7s
it 2100/4000  reward   23.23  ep_len  400.0  fell    0  err_xy 0.129  std 0.500  lr 3.0e-04  fps   4106   631.1s
it 2101/4000  reward     nan  ep_len    nan  fell    0  err_xy 0.277  std 0.500  lr 3.0e-04  fps   5547   631.4s
it 2102/4000  reward     nan  ep_len    nan  fell    0  err_xy 0.215  std 0.500  lr 3.0e-04  fps   5475   631.7s
it 2103/4000  reward     nan  ep_len    nan  fell    0  err_xy 0.199  std 0.500  lr 3.0e-04  fps   5350   631.9s
it 2104/4000  reward     nan  ep_len    nan  fell    0  err_xy 0.186  std 0.500  lr 3.0e-04  fps   5374   632.2s
it 2105/4000  reward     nan  ep_len    nan  fell    0  err_xy 0.174  std 0.500  lr 3.0e-04  fps   5228   632.5s
it 2106/4000  reward     nan  ep_len    nan  fell    0  err_xy 0.149  std 0.500  lr 3.0e-04  fps   5221   632.8s
it 2107/4000  reward     nan  ep_len    nan  fell    0  err_xy 0.153  std 0.500  lr 3.0e-04  fps   5045   633.1s
it 2108/4000  reward     nan  ep_len    nan  fell    0  err_xy 0.155  std 0.500  lr 3.0e-04  fps   5397   633.4s
it 2109/4000  reward     nan  ep_len    nan  fell    0  err_xy 0.142  std 0.500  lr 3.0e-04  fps   5391   633.7s
it 2110/4000  reward     nan  ep_len    nan  fell    0  err_xy 0.151  std 0.500  lr 3.0e-04  fps   5331   634.0s
it 2111/4000  reward     nan  ep_len    nan  fell    0  err_xy 0.151  std 0.500  lr 3.0e-04  fps   5471   634.3s
it 2112/4000  reward     nan  ep_len    nan  fell    0  err_xy 0.149  std 0.500  lr 3.0e-04  fps   5310   634.6s
it 2113/4000  reward     nan  ep_len    nan  fell    0  err_xy 0.128  std 0.500  lr 3.0e-04  fps   5389   634.8s
it 2114/4000  reward     nan  ep_len    nan  fell    0  err_xy 0.134  std 0.500  lr 3.0e-04  fps   5392   635.1s
it 2115/4000  reward     nan  ep_len    nan  fell    0  err_xy 0.133  std 0.500  lr 3.0e-04  fps   5092   635.4s
it 2116/4000  reward     nan  ep_len    nan  fell    0  err_xy 0.123  std 0.500  lr 3.0e-04  fps   4917   635.7s
it 2117/4000  reward   27.93  ep_len  400.0  fell    0  err_xy 0.156  std 0.500  lr 3.0e-04  fps   3736   636.2s
it 2118/4000  reward     nan  ep_len    nan  fell    0  err_xy 0.225  std 0.500  lr 3.0e-04  fps   5387   636.4s
it 2119/4000  reward     nan  ep_len    nan  fell    0  err_xy 0.196  std 0.500  lr 3.0e-04  fps   5376   636.7s
it 2120/4000  reward     nan  ep_len    nan  fell    0  err_xy 0.196  std 0.500  lr 3.0e-04  fps   5395   637.0s
it 2121/4000  reward     nan  ep_len    nan  fell    0  err_xy 0.193  std 0.500  lr 3.0e-04  fps   5430   637.3s
it 2122/4000  reward     nan  ep_len    nan  fell    0  err_xy 0.174  std 0.500  lr 3.0e-04  fps   5433   637.6s
it 2123/4000  reward     nan  ep_len    nan  fell    0  err_xy 0.158  std 0.500  lr 3.0e-04  fps   5303   637.9s
it 2124/4000  reward     nan  ep_len    nan  fell    0  err_xy 0.138  std 0.500  lr 3.0e-04  fps   5294   638.2s
it 2125/4000  reward     nan  ep_len    nan  fell    0  err_xy 0.134  std 0.500  lr 3.0e-04  fps   5422   638.4s
it 2126/4000  reward     nan  ep_len    nan  fell    0  err_xy 0.125  std 0.500  lr 3.0e-04  fps   5342   638.7s
it 2127/4000  reward     nan  ep_len    nan  fell    0  err_xy 0.122  std 0.500  lr 3.0e-04  fps   4095   639.1s
it 2128/4000  reward     nan  ep_len    nan  fell    0  err_xy 0.113  std 0.500  lr 3.0e-04  fps   5377   639.4s
it 2129/4000  reward     nan  ep_len    nan  fell    0  err_xy 0.104  std 0.500  lr 3.0e-04  fps   5244   639.7s
it 2130/4000  reward     nan  ep_len    nan  fell    0  err_xy 0.105  std 0.500  lr 3.0e-04  fps   5280   640.0s
it 2131/4000  reward     nan  ep_len    nan  fell    0  err_xy 0.103  std 0.500  lr 3.0e-04  fps   5215   640.3s
it 2132/4000  reward     nan  ep_len    nan  fell    0  err_xy 0.102  std 0.500  lr 3.0e-04  fps   5244   640.6s
it 2133/4000  reward     nan  ep_len    nan  fell    0  err_xy 0.099  std 0.500  lr 3.0e-04  fps   5317   640.9s
it 2134/4000  reward   27.35  ep_len  400.0  fell    0  err_xy 0.182  std 0.500  lr 3.0e-04  fps   4163   641.2s
it 2135/4000  reward     nan  ep_len    nan  fell    0  err_xy 0.222  std 0.500  lr 3.0e-04  fps   5430   641.5s
it 2136/4000  reward     nan  ep_len    nan  fell    0  err_xy 0.184  std 0.500  lr 3.0e-04  fps   5311   641.8s
it 2137/4000  reward     nan  ep_len    nan  fell    0  err_xy 0.165  std 0.500  lr 3.0e-04  fps   5415   642.1s
it 2138/4000  reward     nan  ep_len    nan  fell    0  err_xy 0.173  std 0.500  lr 3.0e-04  fps   5445   642.4s
it 2139/4000  reward     nan  ep_len    nan  fell    0  err_xy 0.163  std 0.500  lr 3.0e-04  fps   5307   642.6s
it 2140/4000  reward     nan  ep_len    nan  fell    0  err_xy 0.167  std 0.500  lr 3.0e-04  fps   5443   642.9s
it 2141/4000  reward     nan  ep_len    nan  fell    0  err_xy 0.170  std 0.500  lr 3.0e-04  fps   5310   643.2s
it 2142/4000  reward     nan  ep_len    nan  fell    0  err_xy 0.133  std 0.500  lr 3.0e-04  fps   5422   643.5s
it 2143/4000  reward     nan  ep_len    nan  fell    0  err_xy 0.126  std 0.500  lr 3.0e-04  fps   5350   643.8s
it 2144/4000  reward     nan  ep_len    nan  fell    0  err_xy 0.125  std 0.500  lr 3.0e-04  fps   5370   644.1s
it 2145/4000  reward     nan  ep_len    nan  fell    0  err_xy 0.123  std 0.500  lr 3.0e-04  fps   5362   644.4s
it 2146/4000  reward     nan  ep_len    nan  fell    0  err_xy 0.114  std 0.500  lr 3.0e-04  fps   5266   644.7s
it 2147/4000  reward     nan  ep_len    nan  fell    0  err_xy 0.122  std 0.500  lr 3.0e-04  fps   5313   644.9s
it 2148/4000  reward     nan  ep_len    nan  fell    0  err_xy 0.123  std 0.500  lr 3.0e-04  fps   5213   645.2s
it 2149/4000  reward     nan  ep_len    nan  fell    0  err_xy 0.114  std 0.500  lr 3.0e-04  fps   5195   645.5s
it 2150/4000  reward   26.12  ep_len  400.0  fell    0  err_xy 0.123  std 0.500  lr 3.0e-04  fps   4106   645.9s
it 2151/4000  reward     nan  ep_len    nan  fell    0  err_xy 0.253  std 0.500  lr 3.0e-04  fps   5469   646.2s
it 2152/4000  reward     nan  ep_len    nan  fell    0  err_xy 0.221  std 0.500  lr 3.0e-04  fps   5410   646.5s
it 2153/4000  reward     nan  ep_len    nan  fell    0  err_xy 0.192  std 0.500  lr 3.0e-04  fps   5442   646.8s
it 2154/4000  reward     nan  ep_len    nan  fell    0  err_xy 0.203  std 0.500  lr 3.0e-04  fps   5375   647.0s
it 2155/4000  reward     nan  ep_len    nan  fell    0  err_xy 0.173  std 0.500  lr 3.0e-04  fps   5414   647.3s
it 2156/4000  reward     nan  ep_len    nan  fell    0  err_xy 0.166  std 0.500  lr 3.0e-04  fps   5408   647.6s
it 2157/4000  reward     nan  ep_len    nan  fell    0  err_xy 0.155  std 0.500  lr 3.0e-04  fps   5289   647.9s
it 2158/4000  reward     nan  ep_len    nan  fell    0  err_xy 0.139  std 0.500  lr 3.0e-04  fps   5408   648.2s
it 2159/4000  reward     nan  ep_len    nan  fell    0  err_xy 0.130  std 0.500  lr 3.0e-04  fps   5419   648.5s
it 2160/4000  reward     nan  ep_len    nan  fell    0  err_xy 0.128  std 0.500  lr 3.0e-04  fps   5322   648.8s
it 2161/4000  reward     nan  ep_len    nan  fell    0  err_xy 0.108  std 0.500  lr 3.0e-04  fps   5056   649.1s
it 2162/4000  reward     nan  ep_len    nan  fell    0  err_xy 0.119  std 0.500  lr 3.0e-04  fps   5167   649.4s
it 2163/4000  reward     nan  ep_len    nan  fell    0  err_xy 0.114  std 0.500  lr 3.0e-04  fps   5174   649.7s
it 2164/4000  reward     nan  ep_len    nan  fell    0  err_xy 0.103  std 0.500  lr 3.0e-04  fps   5154   650.0s
it 2165/4000  reward     nan  ep_len    nan  fell    0  err_xy 0.100  std 0.500  lr 3.0e-04  fps   5103   650.3s
it 2166/4000  reward     nan  ep_len    nan  fell    0  err_xy 0.093  std 0.500  lr 3.0e-04  fps   5108   650.6s
it 2167/4000  reward   27.53  ep_len  400.0  fell    0  err_xy 0.146  std 0.500  lr 3.0e-04  fps   4045   650.9s
it 2168/4000  reward     nan  ep_len    nan  fell    0  err_xy 0.257  std 0.500  lr 3.0e-04  fps   5382   651.2s
it 2169/4000  reward     nan  ep_len    nan  fell    0  err_xy 0.207  std 0.500  lr 3.0e-04  fps   5395   651.5s
it 2170/4000  reward     nan  ep_len    nan  fell    0  err_xy 0.171  std 0.500  lr 3.0e-04  fps   5310   651.8s
it 2171/4000  reward     nan  ep_len    nan  fell    0  err_xy 0.152  std 0.500  lr 3.0e-04  fps   5220   652.1s
it 2172/4000  reward     nan  ep_len    nan  fell    0  err_xy 0.142  std 0.500  lr 3.0e-04  fps   5291   652.4s
it 2173/4000  reward     nan  ep_len    nan  fell    0  err_xy 0.146  std 0.500  lr 3.0e-04  fps   5181   652.7s
it 2174/4000  reward     nan  ep_len    nan  fell    0  err_xy 0.130  std 0.500  lr 3.0e-04  fps   5134   653.0s
it 2175/4000  reward     nan  ep_len    nan  fell    0  err_xy 0.122  std 0.500  lr 3.0e-04  fps   5220   653.3s
it 2176/4000  reward     nan  ep_len    nan  fell    0  err_xy 0.116  std 0.500  lr 3.0e-04  fps   5278   653.6s
it 2177/4000  reward     nan  ep_len    nan  fell    0  err_xy 0.109  std 0.500  lr 3.0e-04  fps   5275   653.9s
it 2178/4000  reward     nan  ep_len    nan  fell    0  err_xy 0.105  std 0.500  lr 3.0e-04  fps   5284   654.1s
it 2179/4000  reward     nan  ep_len    nan  fell    0  err_xy 0.108  std 0.500  lr 3.0e-04  fps   5212   654.4s
it 2180/4000  reward     nan  ep_len    nan  fell    0  err_xy 0.090  std 0.500  lr 3.0e-04  fps   5185   654.7s
it 2181/4000  reward     nan  ep_len    nan  fell    0  err_xy 0.085  std 0.500  lr 3.0e-04  fps   5185   655.0s
it 2182/4000  reward     nan  ep_len    nan  fell    0  err_xy 0.082  std 0.500  lr 3.0e-04  fps   5209   655.3s
it 2183/4000  reward     nan  ep_len    nan  fell    0  err_xy 0.080  std 0.500  lr 3.0e-04  fps   5119   655.6s
it 2184/4000  reward   27.37  ep_len  400.0  fell    0  err_xy 0.182  std 0.500  lr 3.0e-04  fps   4101   656.0s
it 2185/4000  reward     nan  ep_len    nan  fell    0  err_xy 0.245  std 0.500  lr 3.0e-04  fps   5296   656.3s
it 2186/4000  reward     nan  ep_len    nan  fell    0  err_xy 0.209  std 0.500  lr 3.0e-04  fps   5152   656.6s
it 2187/4000  reward     nan  ep_len    nan  fell    0  err_xy 0.184  std 0.500  lr 3.0e-04  fps   5276   656.9s
it 2188/4000  reward     nan  ep_len    nan  fell    0  err_xy 0.157  std 0.500  lr 3.0e-04  fps   5271   657.2s
it 2189/4000  reward     nan  ep_len    nan  fell    0  err_xy 0.151  std 0.500  lr 3.0e-04  fps   5253   657.5s
it 2190/4000  reward     nan  ep_len    nan  fell    0  err_xy 0.136  std 0.500  lr 3.0e-04  fps   5206   657.8s
it 2191/4000  reward     nan  ep_len    nan  fell    0  err_xy 0.120  std 0.500  lr 3.0e-04  fps   5211   658.1s
it 2192/4000  reward     nan  ep_len    nan  fell    0  err_xy 0.108  std 0.500  lr 3.0e-04  fps   5203   658.4s
it 2193/4000  reward     nan  ep_len    nan  fell    0  err_xy 0.098  std 0.500  lr 3.0e-04  fps   5108   658.7s
it 2194/4000  reward     nan  ep_len    nan  fell    0  err_xy 0.088  std 0.500  lr 3.0e-04  fps   5047   659.0s
it 2195/4000  reward     nan  ep_len    nan  fell    0  err_xy 0.088  std 0.500  lr 3.0e-04  fps   5307   659.3s
it 2196/4000  reward     nan  ep_len    nan  fell    0  err_xy 0.089  std 0.500  lr 3.0e-04  fps   5112   659.6s
it 2197/4000  reward     nan  ep_len    nan  fell    0  err_xy 0.089  std 0.500  lr 3.0e-04  fps   5246   659.8s
it 2198/4000  reward     nan  ep_len    nan  fell    0  err_xy 0.091  std 0.500  lr 3.0e-04  fps   4665   660.2s
it 2199/4000  reward     nan  ep_len    nan  fell    0  err_xy 0.091  std 0.500  lr 3.0e-04  fps   5145   660.5s
it 2200/4000  reward   26.68  ep_len  400.0  fell    0  err_xy 0.101  std 0.500  lr 3.0e-04  fps   3616   660.9s
eval iteration 2200:
  prone          success   0.0%  time 8.00s  peak_τ 0.96 Nm  return 18.31
  supine         success   0.0%  time 8.00s  peak_τ 0.96 Nm  return 2.03
  score 0.000
it 2201/4000  reward     nan  ep_len    nan  fell    0  err_xy 0.245  std 0.500  lr 3.0e-04  fps   5904   663.4s
it 2202/4000  reward     nan  ep_len    nan  fell    0  err_xy 0.214  std 0.500  lr 3.0e-04  fps   6105   663.7s
it 2203/4000  reward     nan  ep_len    nan  fell    0  err_xy 0.182  std 0.500  lr 3.0e-04  fps   6363   663.9s
it 2204/4000  reward     nan  ep_len    nan  fell    0  err_xy 0.163  std 0.500  lr 3.0e-04  fps   6245   664.1s
it 2205/4000  reward     nan  ep_len    nan  fell    0  err_xy 0.156  std 0.500  lr 3.0e-04  fps   6313   664.4s
it 2206/4000  reward     nan  ep_len    nan  fell    0  err_xy 0.138  std 0.500  lr 3.0e-04  fps   6227   664.6s
it 2207/4000  reward     nan  ep_len    nan  fell    0  err_xy 0.118  std 0.500  lr 3.0e-04  fps   6216   664.9s
it 2208/4000  reward     nan  ep_len    nan  fell    0  err_xy 0.099  std 0.500  lr 3.0e-04  fps   6022   665.1s
it 2209/4000  reward     nan  ep_len    nan  fell    0  err_xy 0.087  std 0.500  lr 3.0e-04  fps   5175   665.4s
it 2210/4000  reward     nan  ep_len    nan  fell    0  err_xy 0.083  std 0.500  lr 3.0e-04  fps   5136   665.7s
it 2211/4000  reward     nan  ep_len    nan  fell    0  err_xy 0.075  std 0.500  lr 3.0e-04  fps   5194   666.0s
it 2212/4000  reward     nan  ep_len    nan  fell    0  err_xy 0.074  std 0.500  lr 3.0e-04  fps   5282   666.3s
it 2213/4000  reward     nan  ep_len    nan  fell    0  err_xy 0.078  std 0.500  lr 3.0e-04  fps   5300   666.6s
it 2214/4000  reward     nan  ep_len    nan  fell    0  err_xy 0.082  std 0.500  lr 3.0e-04  fps   5228   666.9s
it 2215/4000  reward     nan  ep_len    nan  fell    0  err_xy 0.086  std 0.499  lr 3.0e-04  fps   5252   667.2s
it 2216/4000  reward     nan  ep_len    nan  fell    0  err_xy 0.093  std 0.499  lr 3.0e-04  fps   5259   667.5s
it 2217/4000  reward   28.73  ep_len  400.0  fell    0  err_xy 0.137  std 0.500  lr 3.0e-04  fps   4029   667.9s
it 2218/4000  reward     nan  ep_len    nan  fell    0  err_xy 0.264  std 0.500  lr 3.0e-04  fps   5421   668.1s
it 2219/4000  reward     nan  ep_len    nan  fell    0  err_xy 0.208  std 0.499  lr 3.0e-04  fps   5176   668.4s
it 2220/4000  reward     nan  ep_len    nan  fell    0  err_xy 0.163  std 0.499  lr 3.0e-04  fps   4932   668.8s
it 2221/4000  reward     nan  ep_len    nan  fell    0  err_xy 0.148  std 0.500  lr 3.0e-04  fps   5311   669.0s
it 2222/4000  reward     nan  ep_len    nan  fell    0  err_xy 0.148  std 0.500  lr 3.0e-04  fps   5343   669.3s
it 2223/4000  reward     nan  ep_len    nan  fell    0  err_xy 0.131  std 0.500  lr 3.0e-04  fps   5347   669.6s
it 2224/4000  reward     nan  ep_len    nan  fell    0  err_xy 0.122  std 0.500  lr 3.0e-04  fps   5285   669.9s
it 2225/4000  reward     nan  ep_len    nan  fell    0  err_xy 0.113  std 0.500  lr 3.0e-04  fps   4964   670.2s
it 2226/4000  reward     nan  ep_len    nan  fell    0  err_xy 0.099  std 0.500  lr 3.0e-04  fps   5006   670.5s
it 2227/4000  reward     nan  ep_len    nan  fell    0  err_xy 0.088  std 0.500  lr 3.0e-04  fps   5070   670.8s
it 2228/4000  reward     nan  ep_len    nan  fell    0  err_xy 0.079  std 0.500  lr 3.0e-04  fps   5205   671.1s
it 2229/4000  reward     nan  ep_len    nan  fell    0  err_xy 0.068  std 0.500  lr 3.0e-04  fps   5272   671.4s
it 2230/4000  reward     nan  ep_len    nan  fell    0  err_xy 0.074  std 0.500  lr 3.0e-04  fps   5130   671.7s
it 2231/4000  reward     nan  ep_len    nan  fell    0  err_xy 0.079  std 0.500  lr 3.0e-04  fps   4986   672.0s
it 2232/4000  reward     nan  ep_len    nan  fell    0  err_xy 0.080  std 0.500  lr 3.0e-04  fps   4809   672.3s
it 2233/4000  reward     nan  ep_len    nan  fell    0  err_xy 0.066  std 0.500  lr 3.0e-04  fps   5090   672.7s
it 2234/4000  reward   28.92  ep_len  400.0  fell    0  err_xy 0.187  std 0.500  lr 3.0e-04  fps   4090   673.0s
it 2235/4000  reward     nan  ep_len    nan  fell    0  err_xy 0.253  std 0.500  lr 3.0e-04  fps   5447   673.3s
it 2236/4000  reward     nan  ep_len    nan  fell    0  err_xy 0.217  std 0.500  lr 3.0e-04  fps   5418   673.6s
it 2237/4000  reward     nan  ep_len    nan  fell    0  err_xy 0.183  std 0.500  lr 3.0e-04  fps   5246   673.9s
it 2238/4000  reward     nan  ep_len    nan  fell    0  err_xy 0.178  std 0.500  lr 3.0e-04  fps   4987   674.2s
it 2239/4000  reward     nan  ep_len    nan  fell    0  err_xy 0.158  std 0.500  lr 3.0e-04  fps   5446   674.5s
it 2240/4000  reward     nan  ep_len    nan  fell    0  err_xy 0.132  std 0.500  lr 3.0e-04  fps   5302   674.8s
it 2241/4000  reward     nan  ep_len    nan  fell    0  err_xy 0.102  std 0.500  lr 3.0e-04  fps   5239   675.1s
it 2242/4000  reward     nan  ep_len    nan  fell    0  err_xy 0.095  std 0.500  lr 3.0e-04  fps   5142   675.4s
it 2243/4000  reward     nan  ep_len    nan  fell    0  err_xy 0.087  std 0.500  lr 3.0e-04  fps   5245   675.7s
it 2244/4000  reward     nan  ep_len    nan  fell    0  err_xy 0.074  std 0.500  lr 3.0e-04  fps   5293   675.9s
it 2245/4000  reward     nan  ep_len    nan  fell    0  err_xy 0.078  std 0.500  lr 3.0e-04  fps   5344   676.2s
it 2246/4000  reward     nan  ep_len    nan  fell    0  err_xy 0.076  std 0.500  lr 3.0e-04  fps   5289   676.5s
it 2247/4000  reward     nan  ep_len    nan  fell    0  err_xy 0.081  std 0.500  lr 3.0e-04  fps   5319   676.8s
it 2248/4000  reward     nan  ep_len    nan  fell    0  err_xy 0.075  std 0.500  lr 3.0e-04  fps   5322   677.1s
it 2249/4000  reward     nan  ep_len    nan  fell    0  err_xy 0.068  std 0.500  lr 3.0e-04  fps   5280   677.4s
it 2250/4000  reward   27.43  ep_len  400.0  fell    0  err_xy 0.073  std 0.500  lr 3.0e-04  fps   3989   677.8s
it 2251/4000  reward     nan  ep_len    nan  fell    0  err_xy 0.263  std 0.500  lr 3.0e-04  fps   5392   678.1s
it 2252/4000  reward     nan  ep_len    nan  fell    0  err_xy 0.261  std 0.500  lr 3.0e-04  fps   5408   678.3s
it 2253/4000  reward     nan  ep_len    nan  fell    0  err_xy 0.166  std 0.500  lr 3.0e-04  fps   5403   678.6s
it 2254/4000  reward     nan  ep_len    nan  fell    0  err_xy 0.145  std 0.500  lr 3.0e-04  fps   5342   678.9s
it 2255/4000  reward     nan  ep_len    nan  fell    0  err_xy 0.139  std 0.500  lr 3.0e-04  fps   5335   679.2s
it 2256/4000  reward     nan  ep_len    nan  fell    0  err_xy 0.124  std 0.500  lr 3.0e-04  fps   5322   679.5s
it 2257/4000  reward     nan  ep_len    nan  fell    0  err_xy 0.103  std 0.500  lr 3.0e-04  fps   5223   679.8s
it 2258/4000  reward     nan  ep_len    nan  fell    0  err_xy 0.098  std 0.500  lr 3.0e-04  fps   5050   680.1s
it 2259/4000  reward     nan  ep_len    nan  fell    0  err_xy 0.093  std 0.500  lr 3.0e-04  fps   5251   680.4s
it 2260/4000  reward     nan  ep_len    nan  fell    0  err_xy 0.077  std 0.500  lr 3.0e-04  fps   5181   680.7s
it 2261/4000  reward     nan  ep_len    nan  fell    0  err_xy 0.074  std 0.500  lr 3.0e-04  fps   5273   681.0s
it 2262/4000  reward     nan  ep_len    nan  fell    0  err_xy 0.077  std 0.500  lr 3.0e-04  fps   5053   681.3s
it 2263/4000  reward     nan  ep_len    nan  fell    0  err_xy 0.080  std 0.500  lr 3.0e-04  fps   5021   681.6s
it 2264/4000  reward     nan  ep_len    nan  fell    0  err_xy 0.091  std 0.500  lr 3.0e-04  fps   5087   681.9s
it 2265/4000  reward     nan  ep_len    nan  fell    0  err_xy 0.076  std 0.500  lr 3.0e-04  fps   5213   682.2s
it 2266/4000  reward     nan  ep_len    nan  fell    0  err_xy 0.069  std 0.500  lr 3.0e-04  fps   5189   682.5s
it 2267/4000  reward   27.53  ep_len  400.0  fell    0  err_xy 0.122  std 0.500  lr 3.0e-04  fps   4061   682.9s
it 2268/4000  reward     nan  ep_len    nan  fell    0  err_xy 0.239  std 0.500  lr 3.0e-04  fps   5459   683.1s
it 2269/4000  reward     nan  ep_len    nan  fell    0  err_xy 0.199  std 0.500  lr 3.0e-04  fps   5445   683.4s
it 2270/4000  reward     nan  ep_len    nan  fell    0  err_xy 0.148  std 0.500  lr 3.0e-04  fps   5295   683.7s
it 2271/4000  reward     nan  ep_len    nan  fell    0  err_xy 0.122  std 0.500  lr 3.0e-04  fps   5333   684.0s
it 2272/4000  reward     nan  ep_len    nan  fell    0  err_xy 0.100  std 0.500  lr 3.0e-04  fps   5240   684.3s
it 2273/4000  reward     nan  ep_len    nan  fell    0  err_xy 0.095  std 0.500  lr 3.0e-04  fps   5171   684.6s
it 2274/4000  reward     nan  ep_len    nan  fell    0  err_xy 0.090  std 0.500  lr 3.0e-04  fps   5201   684.9s
it 2275/4000  reward     nan  ep_len    nan  fell    0  err_xy 0.096  std 0.500  lr 3.0e-04  fps   5019   685.2s
it 2276/4000  reward     nan  ep_len    nan  fell    0  err_xy 0.083  std 0.500  lr 3.0e-04  fps   5182   685.5s
it 2277/4000  reward     nan  ep_len    nan  fell    0  err_xy 0.080  std 0.500  lr 3.0e-04  fps   5190   685.8s
it 2278/4000  reward     nan  ep_len    nan  fell    0  err_xy 0.083  std 0.500  lr 3.0e-04  fps   5273   686.1s
it 2279/4000  reward     nan  ep_len    nan  fell    0  err_xy 0.075  std 0.500  lr 3.0e-04  fps   5287   686.4s
it 2280/4000  reward     nan  ep_len    nan  fell    0  err_xy 0.074  std 0.500  lr 3.0e-04  fps   5200   686.7s
it 2281/4000  reward     nan  ep_len    nan  fell    0  err_xy 0.070  std 0.500  lr 3.0e-04  fps   5123   687.0s
it 2282/4000  reward     nan  ep_len    nan  fell    0  err_xy 0.063  std 0.500  lr 3.0e-04  fps   5142   687.3s
it 2283/4000  reward     nan  ep_len    nan  fell    0  err_xy 0.061  std 0.500  lr 3.0e-04  fps   5164   687.6s
it 2284/4000  reward   30.10  ep_len  400.0  fell    0  err_xy 0.180  std 0.500  lr 3.0e-04  fps   4148   687.9s
it 2285/4000  reward     nan  ep_len    nan  fell    0  err_xy 0.249  std 0.500  lr 3.0e-04  fps   5450   688.2s
it 2286/4000  reward     nan  ep_len    nan  fell    0  err_xy 0.200  std 0.500  lr 3.0e-04  fps   5347   688.5s
it 2287/4000  reward     nan  ep_len    nan  fell    0  err_xy 0.141  std 0.500  lr 3.0e-04  fps   5364   688.8s
it 2288/4000  reward     nan  ep_len    nan  fell    0  err_xy 0.127  std 0.500  lr 3.0e-04  fps   5260   689.1s
it 2289/4000  reward     nan  ep_len    nan  fell    0  err_xy 0.119  std 0.500  lr 3.0e-04  fps   5343   689.4s
it 2290/4000  reward     nan  ep_len    nan  fell    0  err_xy 0.118  std 0.500  lr 3.0e-04  fps   5232   689.7s
it 2291/4000  reward     nan  ep_len    nan  fell    0  err_xy 0.097  std 0.500  lr 3.0e-04  fps   5276   690.0s
it 2292/4000  reward     nan  ep_len    nan  fell    0  err_xy 0.090  std 0.500  lr 3.0e-04  fps   5200   690.2s
it 2293/4000  reward     nan  ep_len    nan  fell    0  err_xy 0.076  std 0.500  lr 3.0e-04  fps   5187   690.5s
it 2294/4000  reward     nan  ep_len    nan  fell    0  err_xy 0.072  std 0.500  lr 3.0e-04  fps   5258   690.8s
it 2295/4000  reward     nan  ep_len    nan  fell    0  err_xy 0.067  std 0.500  lr 3.0e-04  fps   5162   691.1s
it 2296/4000  reward     nan  ep_len    nan  fell    0  err_xy 0.061  std 0.499  lr 3.0e-04  fps   5257   691.4s
it 2297/4000  reward     nan  ep_len    nan  fell    0  err_xy 0.069  std 0.499  lr 3.0e-04  fps   5220   691.7s
it 2298/4000  reward     nan  ep_len    nan  fell    0  err_xy 0.072  std 0.500  lr 3.0e-04  fps   5267   692.0s
it 2299/4000  reward     nan  ep_len    nan  fell    0  err_xy 0.078  std 0.500  lr 3.0e-04  fps   5271   692.3s
it 2300/4000  reward   29.36  ep_len  400.0  fell    0  err_xy 0.073  std 0.500  lr 3.0e-04  fps   4035   692.7s
it 2301/4000  reward     nan  ep_len    nan  fell    0  err_xy 0.258  std 0.500  lr 3.0e-04  fps   5506   693.0s
it 2302/4000  reward     nan  ep_len    nan  fell    0  err_xy 0.237  std 0.500  lr 3.0e-04  fps   5551   693.2s
it 2303/4000  reward     nan  ep_len    nan  fell    0  err_xy 0.152  std 0.500  lr 3.0e-04  fps   5348   693.5s
it 2304/4000  reward     nan  ep_len    nan  fell    0  err_xy 0.146  std 0.500  lr 3.0e-04  fps   5382   693.8s
it 2305/4000  reward     nan  ep_len    nan  fell    0  err_xy 0.134  std 0.499  lr 3.0e-04  fps   5357   694.1s
it 2306/4000  reward     nan  ep_len    nan  fell    0  err_xy 0.121  std 0.500  lr 3.0e-04  fps   5244   694.4s
it 2307/4000  reward     nan  ep_len    nan  fell    0  err_xy 0.127  std 0.500  lr 3.0e-04  fps   5129   694.7s
it 2308/4000  reward     nan  ep_len    nan  fell    0  err_xy 0.140  std 0.499  lr 3.0e-04  fps   5296   695.0s
it 2309/4000  reward     nan  ep_len    nan  fell    0  err_xy 0.122  std 0.500  lr 3.0e-04  fps   5275   695.3s
it 2310/4000  reward     nan  ep_len    nan  fell    0  err_xy 0.127  std 0.500  lr 3.0e-04  fps   5289   695.6s
it 2311/4000  reward     nan  ep_len    nan  fell    0  err_xy 0.118  std 0.500  lr 3.0e-04  fps   5275   695.9s
it 2312/4000  reward     nan  ep_len    nan  fell    0  err_xy 0.104  std 0.500  lr 3.0e-04  fps   5337   696.1s
it 2313/4000  reward     nan  ep_len    nan  fell    0  err_xy 0.098  std 0.500  lr 3.0e-04  fps   5282   696.4s
it 2314/4000  reward     nan  ep_len    nan  fell    0  err_xy 0.105  std 0.500  lr 3.0e-04  fps   5276   696.7s
it 2315/4000  reward     nan  ep_len    nan  fell    0  err_xy 0.074  std 0.500  lr 3.0e-04  fps   5220   697.0s
it 2316/4000  reward     nan  ep_len    nan  fell    0  err_xy 0.080  std 0.500  lr 3.0e-04  fps   5187   697.3s
it 2317/4000  reward   28.54  ep_len  400.0  fell    0  err_xy 0.125  std 0.500  lr 3.0e-04  fps   4114   697.7s
it 2318/4000  reward     nan  ep_len    nan  fell    0  err_xy 0.248  std 0.500  lr 3.0e-04  fps   5457   698.0s
it 2319/4000  reward     nan  ep_len    nan  fell    0  err_xy 0.220  std 0.500  lr 3.0e-04  fps   5511   698.3s
it 2320/4000  reward     nan  ep_len    nan  fell    0  err_xy 0.170  std 0.500  lr 3.0e-04  fps   5517   698.5s
it 2321/4000  reward     nan  ep_len    nan  fell    0  err_xy 0.141  std 0.500  lr 3.0e-04  fps   5474   698.8s
it 2322/4000  reward     nan  ep_len    nan  fell    0  err_xy 0.135  std 0.500  lr 3.0e-04  fps   5099   699.1s
it 2323/4000  reward     nan  ep_len    nan  fell    0  err_xy 0.123  std 0.500  lr 3.0e-04  fps   5324   699.4s
it 2324/4000  reward     nan  ep_len    nan  fell    0  err_xy 0.121  std 0.500  lr 3.0e-04  fps   5227   699.7s
it 2325/4000  reward     nan  ep_len    nan  fell    0  err_xy 0.114  std 0.500  lr 3.0e-04  fps   5200   700.0s
it 2326/4000  reward     nan  ep_len    nan  fell    0  err_xy 0.083  std 0.500  lr 3.0e-04  fps   5292   700.3s
it 2327/4000  reward     nan  ep_len    nan  fell    0  err_xy 0.085  std 0.500  lr 3.0e-04  fps   5318   700.6s
it 2328/4000  reward     nan  ep_len    nan  fell    0  err_xy 0.082  std 0.500  lr 3.0e-04  fps   5286   700.9s
it 2329/4000  reward     nan  ep_len    nan  fell    0  err_xy 0.077  std 0.500  lr 3.0e-04  fps   5301   701.2s
it 2330/4000  reward     nan  ep_len    nan  fell    0  err_xy 0.081  std 0.500  lr 3.0e-04  fps   5245   701.4s
it 2331/4000  reward     nan  ep_len    nan  fell    0  err_xy 0.082  std 0.500  lr 3.0e-04  fps   5112   701.7s
it 2332/4000  reward     nan  ep_len    nan  fell    0  err_xy 0.079  std 0.500  lr 3.0e-04  fps   5198   702.0s
it 2333/4000  reward     nan  ep_len    nan  fell    0  err_xy 0.079  std 0.500  lr 3.0e-04  fps   5225   702.3s
it 2334/4000  reward   27.20  ep_len  400.0  fell    0  err_xy 0.198  std 0.500  lr 3.0e-04  fps   4069   702.7s
it 2335/4000  reward     nan  ep_len    nan  fell    0  err_xy 0.256  std 0.500  lr 3.0e-04  fps   5448   703.0s
it 2336/4000  reward     nan  ep_len    nan  fell    0  err_xy 0.203  std 0.500  lr 3.0e-04  fps   5497   703.3s
it 2337/4000  reward     nan  ep_len    nan  fell    0  err_xy 0.181  std 0.500  lr 3.0e-04  fps   5465   703.6s
it 2338/4000  reward     nan  ep_len    nan  fell    0  err_xy 0.175  std 0.500  lr 3.0e-04  fps   5494   703.8s
it 2339/4000  reward     nan  ep_len    nan  fell    0  err_xy 0.147  std 0.500  lr 3.0e-04  fps   5429   704.1s
it 2340/4000  reward     nan  ep_len    nan  fell    0  err_xy 0.138  std 0.500  lr 3.0e-04  fps   5236   704.4s
it 2341/4000  reward     nan  ep_len    nan  fell    0  err_xy 0.143  std 0.500  lr 3.0e-04  fps   5294   704.7s
it 2342/4000  reward     nan  ep_len    nan  fell    0  err_xy 0.123  std 0.500  lr 3.0e-04  fps   5386   705.0s
it 2343/4000  reward     nan  ep_len    nan  fell    0  err_xy 0.107  std 0.500  lr 3.0e-04  fps   5268   705.3s
it 2344/4000  reward     nan  ep_len    nan  fell    0  err_xy 0.095  std 0.500  lr 3.0e-04  fps   5291   705.6s
it 2345/4000  reward     nan  ep_len    nan  fell    0  err_xy 0.093  std 0.500  lr 3.0e-04  fps   5266   705.9s
it 2346/4000  reward     nan  ep_len    nan  fell    0  err_xy 0.084  std 0.500  lr 3.0e-04  fps   5252   706.2s
it 2347/4000  reward     nan  ep_len    nan  fell    0  err_xy 0.078  std 0.500  lr 3.0e-04  fps   5241   706.5s
it 2348/4000  reward     nan  ep_len    nan  fell    0  err_xy 0.072  std 0.500  lr 3.0e-04  fps   5302   706.7s
it 2349/4000  reward     nan  ep_len    nan  fell    0  err_xy 0.069  std 0.500  lr 3.0e-04  fps   5242   707.0s
it 2350/4000  reward   26.76  ep_len  400.0  fell    0  err_xy 0.065  std 0.500  lr 3.0e-04  fps   3997   707.4s
it 2351/4000  reward     nan  ep_len    nan  fell    0  err_xy 0.245  std 0.500  lr 3.0e-04  fps   5318   707.7s
it 2352/4000  reward     nan  ep_len    nan  fell    0  err_xy 0.262  std 0.500  lr 3.0e-04  fps   5425   708.0s
it 2353/4000  reward     nan  ep_len    nan  fell    0  err_xy 0.194  std 0.500  lr 3.0e-04  fps   5454   708.3s
it 2354/4000  reward     nan  ep_len    nan  fell    0  err_xy 0.190  std 0.500  lr 3.0e-04  fps   5428   708.6s
it 2355/4000  reward     nan  ep_len    nan  fell    0  err_xy 0.159  std 0.500  lr 3.0e-04  fps   5339   708.8s
it 2356/4000  reward     nan  ep_len    nan  fell    0  err_xy 0.135  std 0.500  lr 3.0e-04  fps   5174   709.1s
it 2357/4000  reward     nan  ep_len    nan  fell    0  err_xy 0.116  std 0.500  lr 3.0e-04  fps   5182   709.4s
it 2358/4000  reward     nan  ep_len    nan  fell    0  err_xy 0.101  std 0.500  lr 3.0e-04  fps   4484   709.8s
it 2359/4000  reward     nan  ep_len    nan  fell    0  err_xy 0.093  std 0.500  lr 3.0e-04  fps   5131   710.1s
it 2360/4000  reward     nan  ep_len    nan  fell    0  err_xy 0.082  std 0.500  lr 3.0e-04  fps   5093   710.4s
it 2361/4000  reward     nan  ep_len    nan  fell    0  err_xy 0.074  std 0.500  lr 3.0e-04  fps   5100   710.7s
it 2362/4000  reward     nan  ep_len    nan  fell    0  err_xy 0.075  std 0.500  lr 3.0e-04  fps   5064   711.0s
it 2363/4000  reward     nan  ep_len    nan  fell    0  err_xy 0.063  std 0.499  lr 3.0e-04  fps   5110   711.3s
it 2364/4000  reward     nan  ep_len    nan  fell    0  err_xy 0.083  std 0.499  lr 3.0e-04  fps   4300   711.6s
it 2365/4000  reward     nan  ep_len    nan  fell    0  err_xy 0.093  std 0.499  lr 3.0e-04  fps   4962   712.0s
it 2366/4000  reward     nan  ep_len    nan  fell    0  err_xy 0.089  std 0.499  lr 3.0e-04  fps   4876   712.3s
it 2367/4000  reward   27.03  ep_len  400.0  fell    0  err_xy 0.142  std 0.499  lr 3.0e-04  fps   3962   712.7s
it 2368/4000  reward     nan  ep_len    nan  fell    0  err_xy 0.254  std 0.499  lr 3.0e-04  fps   5439   712.9s
it 2369/4000  reward     nan  ep_len    nan  fell    0  err_xy 0.214  std 0.500  lr 3.0e-04  fps   5013   713.2s
it 2370/4000  reward     nan  ep_len    nan  fell    0  err_xy 0.161  std 0.500  lr 3.0e-04  fps   4658   713.6s
it 2371/4000  reward     nan  ep_len    nan  fell    0  err_xy 0.121  std 0.500  lr 3.0e-04  fps   4535   713.9s
it 2372/4000  reward     nan  ep_len    nan  fell    0  err_xy 0.106  std 0.500  lr 3.0e-04  fps   4731   714.2s
it 2373/4000  reward     nan  ep_len    nan  fell    0  err_xy 0.092  std 0.500  lr 3.0e-04  fps   5038   714.5s
it 2374/4000  reward     nan  ep_len    nan  fell    0  err_xy 0.092  std 0.500  lr 3.0e-04  fps   5293   714.8s
it 2375/4000  reward     nan  ep_len    nan  fell    0  err_xy 0.076  std 0.500  lr 3.0e-04  fps   5128   715.1s
it 2376/4000  reward     nan  ep_len    nan  fell    0  err_xy 0.064  std 0.500  lr 3.0e-04  fps   5238   715.4s
it 2377/4000  reward     nan  ep_len    nan  fell    0  err_xy 0.060  std 0.500  lr 3.0e-04  fps   5172   715.7s
it 2378/4000  reward     nan  ep_len    nan  fell    0  err_xy 0.063  std 0.499  lr 3.0e-04  fps   5115   716.0s
it 2379/4000  reward     nan  ep_len    nan  fell    0  err_xy 0.052  std 0.500  lr 3.0e-04  fps   5168   716.3s
it 2380/4000  reward     nan  ep_len    nan  fell    0  err_xy 0.050  std 0.500  lr 3.0e-04  fps   5164   716.6s
it 2381/4000  reward     nan  ep_len    nan  fell    0  err_xy 0.055  std 0.500  lr 3.0e-04  fps   5135   716.9s
it 2382/4000  reward     nan  ep_len    nan  fell    0  err_xy 0.065  std 0.500  lr 3.0e-04  fps   5162   717.2s
it 2383/4000  reward     nan  ep_len    nan  fell    0  err_xy 0.072  std 0.500  lr 3.0e-04  fps   5152   717.5s
it 2384/4000  reward   32.34  ep_len  400.0  fell    0  err_xy 0.202  std 0.500  lr 3.0e-04  fps   4141   717.9s
it 2385/4000  reward     nan  ep_len    nan  fell    0  err_xy 0.220  std 0.500  lr 3.0e-04  fps   5485   718.2s
it 2386/4000  reward     nan  ep_len    nan  fell    0  err_xy 0.161  std 0.500  lr 3.0e-04  fps   5122   718.5s
it 2387/4000  reward     nan  ep_len    nan  fell    0  err_xy 0.117  std 0.500  lr 3.0e-04  fps   5093   718.8s
it 2388/4000  reward     nan  ep_len    nan  fell    0  err_xy 0.090  std 0.500  lr 3.0e-04  fps   5083   719.1s
it 2389/4000  reward     nan  ep_len    nan  fell    0  err_xy 0.079  std 0.499  lr 3.0e-04  fps   4974   719.4s
it 2390/4000  reward     nan  ep_len    nan  fell    0  err_xy 0.081  std 0.500  lr 3.0e-04  fps   4984   719.7s
it 2391/4000  reward     nan  ep_len    nan  fell    0  err_xy 0.089  std 0.499  lr 3.0e-04  fps   5206   720.0s
it 2392/4000  reward     nan  ep_len    nan  fell    0  err_xy 0.078  std 0.500  lr 3.0e-04  fps   5096   720.3s
it 2393/4000  reward     nan  ep_len    nan  fell    0  err_xy 0.066  std 0.499  lr 3.0e-04  fps   5099   720.6s
it 2394/4000  reward     nan  ep_len    nan  fell    0  err_xy 0.058  std 0.499  lr 3.0e-04  fps   4725   720.9s
it 2395/4000  reward     nan  ep_len    nan  fell    0  err_xy 0.054  std 0.499  lr 3.0e-04  fps   5099   721.2s
it 2396/4000  reward     nan  ep_len    nan  fell    0  err_xy 0.051  std 0.499  lr 3.0e-04  fps   5081   721.5s
it 2397/4000  reward     nan  ep_len    nan  fell    0  err_xy 0.053  std 0.499  lr 3.0e-04  fps   5060   721.8s
it 2398/4000  reward     nan  ep_len    nan  fell    0  err_xy 0.059  std 0.499  lr 3.0e-04  fps   5053   722.1s
it 2399/4000  reward     nan  ep_len    nan  fell    0  err_xy 0.069  std 0.499  lr 3.0e-04  fps   5004   722.4s
it 2400/4000  reward   31.43  ep_len  400.0  fell    0  err_xy 0.075  std 0.499  lr 3.0e-04  fps   3763   722.8s
eval iteration 2400:
  prone          success   0.0%  time 8.00s  peak_τ 0.96 Nm  return 8.96
  supine         success   0.0%  time 8.00s  peak_τ 0.96 Nm  return 0.15
  score 0.000
it 2401/4000  reward     nan  ep_len    nan  fell    0  err_xy 0.250  std 0.499  lr 3.0e-04  fps   6255   725.2s
it 2402/4000  reward     nan  ep_len    nan  fell    0  err_xy 0.216  std 0.499  lr 3.0e-04  fps   6252   725.4s
it 2403/4000  reward     nan  ep_len    nan  fell    0  err_xy 0.194  std 0.500  lr 3.0e-04  fps   6165   725.7s
it 2404/4000  reward     nan  ep_len    nan  fell    0  err_xy 0.147  std 0.500  lr 3.0e-04  fps   5485   725.9s
it 2405/4000  reward     nan  ep_len    nan  fell    0  err_xy 0.136  std 0.500  lr 3.0e-04  fps   4967   726.3s
it 2406/4000  reward     nan  ep_len    nan  fell    0  err_xy 0.114  std 0.500  lr 3.0e-04  fps   5242   726.5s
it 2407/4000  reward     nan  ep_len    nan  fell    0  err_xy 0.089  std 0.500  lr 3.0e-04  fps   5132   726.8s
it 2408/4000  reward     nan  ep_len    nan  fell    0  err_xy 0.096  std 0.500  lr 3.0e-04  fps   5210   727.1s
it 2409/4000  reward     nan  ep_len    nan  fell    0  err_xy 0.097  std 0.500  lr 3.0e-04  fps   5210   727.4s
it 2410/4000  reward     nan  ep_len    nan  fell    0  err_xy 0.095  std 0.500  lr 3.0e-04  fps   5199   727.7s
it 2411/4000  reward     nan  ep_len    nan  fell    0  err_xy 0.094  std 0.500  lr 3.0e-04  fps   5335   728.0s
it 2412/4000  reward     nan  ep_len    nan  fell    0  err_xy 0.088  std 0.500  lr 3.0e-04  fps   5332   728.3s
it 2413/4000  reward     nan  ep_len    nan  fell    0  err_xy 0.079  std 0.500  lr 3.0e-04  fps   5286   728.6s
it 2414/4000  reward     nan  ep_len    nan  fell    0  err_xy 0.069  std 0.500  lr 3.0e-04  fps   5203   728.9s
it 2415/4000  reward     nan  ep_len    nan  fell    0  err_xy 0.075  std 0.500  lr 3.0e-04  fps   5264   729.2s
it 2416/4000  reward     nan  ep_len    nan  fell    0  err_xy 0.082  std 0.500  lr 3.0e-04  fps   5181   729.5s
it 2417/4000  reward   28.68  ep_len  400.0  fell    0  err_xy 0.126  std 0.500  lr 3.0e-04  fps   4105   729.9s
it 2418/4000  reward     nan  ep_len    nan  fell    0  err_xy 0.231  std 0.500  lr 3.0e-04  fps   5526   730.1s
it 2419/4000  reward     nan  ep_len    nan  fell    0  err_xy 0.234  std 0.500  lr 3.0e-04  fps   5440   730.4s
it 2420/4000  reward     nan  ep_len    nan  fell    0  err_xy 0.176  std 0.500  lr 3.0e-04  fps   5126   730.7s
it 2421/4000  reward     nan  ep_len    nan  fell    0  err_xy 0.152  std 0.500  lr 3.0e-04  fps   5303   731.0s
it 2422/4000  reward     nan  ep_len    nan  fell    0  err_xy 0.131  std 0.500  lr 3.0e-04  fps   5477   731.3s
it 2423/4000  reward     nan  ep_len    nan  fell    0  err_xy 0.124  std 0.500  lr 3.0e-04  fps   5275   731.6s
it 2424/4000  reward     nan  ep_len    nan  fell    0  err_xy 0.118  std 0.500  lr 3.0e-04  fps   5044   731.9s
it 2425/4000  reward     nan  ep_len    nan  fell    0  err_xy 0.117  std 0.500  lr 3.0e-04  fps   4981   732.2s
it 2426/4000  reward     nan  ep_len    nan  fell    0  err_xy 0.109  std 0.500  lr 3.0e-04  fps   5147   732.5s
it 2427/4000  reward     nan  ep_len    nan  fell    0  err_xy 0.097  std 0.500  lr 3.0e-04  fps   5323   732.8s
it 2428/4000  reward     nan  ep_len    nan  fell    0  err_xy 0.105  std 0.500  lr 3.0e-04  fps   5232   733.1s
it 2429/4000  reward     nan  ep_len    nan  fell    0  err_xy 0.111  std 0.500  lr 3.0e-04  fps   5165   733.4s
it 2430/4000  reward     nan  ep_len    nan  fell    0  err_xy 0.111  std 0.500  lr 3.0e-04  fps   5219   733.7s
it 2431/4000  reward     nan  ep_len    nan  fell    0  err_xy 0.108  std 0.500  lr 3.0e-04  fps   5348   734.0s
it 2432/4000  reward     nan  ep_len    nan  fell    0  err_xy 0.112  std 0.500  lr 3.0e-04  fps   5193   734.2s
it 2433/4000  reward     nan  ep_len    nan  fell    0  err_xy 0.116  std 0.500  lr 3.0e-04  fps   5284   734.5s
it 2434/4000  reward   25.57  ep_len  400.0  fell    0  err_xy 0.200  std 0.500  lr 3.0e-04  fps   4049   734.9s
it 2435/4000  reward     nan  ep_len    nan  fell    0  err_xy 0.243  std 0.500  lr 3.0e-04  fps   5241   735.2s
it 2436/4000  reward     nan  ep_len    nan  fell    0  err_xy 0.190  std 0.500  lr 3.0e-04  fps   5356   735.5s
it 2437/4000  reward     nan  ep_len    nan  fell    0  err_xy 0.153  std 0.500  lr 3.0e-04  fps   5137   735.8s
it 2438/4000  reward     nan  ep_len    nan  fell    0  err_xy 0.159  std 0.500  lr 3.0e-04  fps   5113   736.1s
it 2439/4000  reward     nan  ep_len    nan  fell    0  err_xy 0.142  std 0.500  lr 3.0e-04  fps   5183   736.4s
it 2440/4000  reward     nan  ep_len    nan  fell    0  err_xy 0.137  std 0.500  lr 3.0e-04  fps   5120   736.7s
it 2441/4000  reward     nan  ep_len    nan  fell    0  err_xy 0.132  std 0.500  lr 3.0e-04  fps   5170   737.0s
it 2442/4000  reward     nan  ep_len    nan  fell    0  err_xy 0.125  std 0.500  lr 3.0e-04  fps   5188   737.3s
it 2443/4000  reward     nan  ep_len    nan  fell    0  err_xy 0.115  std 0.500  lr 3.0e-04  fps   4386   737.6s
it 2444/4000  reward     nan  ep_len    nan  fell    0  err_xy 0.116  std 0.500  lr 3.0e-04  fps   4962   738.0s
it 2445/4000  reward     nan  ep_len    nan  fell    0  err_xy 0.108  std 0.500  lr 3.0e-04  fps   4983   738.3s
it 2446/4000  reward     nan  ep_len    nan  fell    0  err_xy 0.106  std 0.500  lr 3.0e-04  fps   5075   738.6s
it 2447/4000  reward     nan  ep_len    nan  fell    0  err_xy 0.100  std 0.500  lr 3.0e-04  fps   4995   738.9s
it 2448/4000  reward     nan  ep_len    nan  fell    0  err_xy 0.098  std 0.500  lr 3.0e-04  fps   5097   739.2s
it 2449/4000  reward     nan  ep_len    nan  fell    0  err_xy 0.095  std 0.500  lr 3.0e-04  fps   5174   739.5s
it 2450/4000  reward   25.85  ep_len  400.0  fell    0  err_xy 0.094  std 0.500  lr 3.0e-04  fps   3849   739.9s
it 2451/4000  reward     nan  ep_len    nan  fell    0  err_xy 0.234  std 0.500  lr 3.0e-04  fps   5418   740.2s
it 2452/4000  reward     nan  ep_len    nan  fell    0  err_xy 0.209  std 0.500  lr 3.0e-04  fps   5379   740.5s
it 2453/4000  reward     nan  ep_len    nan  fell    0  err_xy 0.172  std 0.500  lr 3.0e-04  fps   5397   740.7s
it 2454/4000  reward     nan  ep_len    nan  fell    0  err_xy 0.140  std 0.500  lr 3.0e-04  fps   5367   741.0s
it 2455/4000  reward     nan  ep_len    nan  fell    0  err_xy 0.117  std 0.500  lr 3.0e-04  fps   5285   741.3s
it 2456/4000  reward     nan  ep_len    nan  fell    0  err_xy 0.120  std 0.500  lr 3.0e-04  fps   5149   741.6s
it 2457/4000  reward     nan  ep_len    nan  fell    0  err_xy 0.126  std 0.500  lr 3.0e-04  fps   4781   741.9s
it 2458/4000  reward     nan  ep_len    nan  fell    0  err_xy 0.124  std 0.500  lr 3.0e-04  fps   4943   742.3s
it 2459/4000  reward     nan  ep_len    nan  fell    0  err_xy 0.119  std 0.500  lr 3.0e-04  fps   4928   742.6s
it 2460/4000  reward     nan  ep_len    nan  fell    0  err_xy 0.108  std 0.500  lr 3.0e-04  fps   5217   742.9s
it 2461/4000  reward     nan  ep_len    nan  fell    0  err_xy 0.102  std 0.500  lr 3.0e-04  fps   5272   743.2s
it 2462/4000  reward     nan  ep_len    nan  fell    0  err_xy 0.091  std 0.500  lr 3.0e-04  fps   5215   743.5s
it 2463/4000  reward     nan  ep_len    nan  fell    0  err_xy 0.085  std 0.500  lr 3.0e-04  fps   5131   743.8s
it 2464/4000  reward     nan  ep_len    nan  fell    0  err_xy 0.084  std 0.500  lr 3.0e-04  fps   5105   744.1s
it 2465/4000  reward     nan  ep_len    nan  fell    0  err_xy 0.082  std 0.500  lr 3.0e-04  fps   4896   744.4s
it 2466/4000  reward     nan  ep_len    nan  fell    0  err_xy 0.079  std 0.500  lr 3.0e-04  fps   4803   744.7s
it 2467/4000  reward   28.91  ep_len  400.0  fell    0  err_xy 0.123  std 0.500  lr 3.0e-04  fps   3912   745.1s
it 2468/4000  reward     nan  ep_len    nan  fell    0  err_xy 0.253  std 0.500  lr 3.0e-04  fps   5292   745.4s
it 2469/4000  reward     nan  ep_len    nan  fell    0  err_xy 0.208  std 0.500  lr 3.0e-04  fps   5294   745.7s
it 2470/4000  reward     nan  ep_len    nan  fell    0  err_xy 0.165  std 0.500  lr 3.0e-04  fps   5266   746.0s
it 2471/4000  reward     nan  ep_len    nan  fell    0  err_xy 0.137  std 0.500  lr 3.0e-04  fps   5223   746.2s
it 2472/4000  reward     nan  ep_len    nan  fell    0  err_xy 0.130  std 0.500  lr 3.0e-04  fps   5091   746.5s
it 2473/4000  reward     nan  ep_len    nan  fell    0  err_xy 0.120  std 0.500  lr 3.0e-04  fps   4969   746.9s
it 2474/4000  reward     nan  ep_len    nan  fell    0  err_xy 0.105  std 0.500  lr 3.0e-04  fps   5099   747.2s
it 2475/4000  reward     nan  ep_len    nan  fell    0  err_xy 0.092  std 0.500  lr 3.0e-04  fps   5259   747.5s
it 2476/4000  reward     nan  ep_len    nan  fell    0  err_xy 0.080  std 0.500  lr 3.0e-04  fps   5269   747.7s
it 2477/4000  reward     nan  ep_len    nan  fell    0  err_xy 0.077  std 0.499  lr 3.0e-04  fps   5146   748.0s
it 2478/4000  reward     nan  ep_len    nan  fell    0  err_xy 0.077  std 0.499  lr 3.0e-04  fps   5201   748.3s
it 2479/4000  reward     nan  ep_len    nan  fell    0  err_xy 0.078  std 0.500  lr 3.0e-04  fps   5184   748.6s
it 2480/4000  reward     nan  ep_len    nan  fell    0  err_xy 0.076  std 0.499  lr 3.0e-04  fps   5098   748.9s
it 2481/4000  reward     nan  ep_len    nan  fell    0  err_xy 0.070  std 0.499  lr 3.0e-04  fps   5153   749.2s
it 2482/4000  reward     nan  ep_len    nan  fell    0  err_xy 0.068  std 0.500  lr 3.0e-04  fps   5134   749.5s
it 2483/4000  reward     nan  ep_len    nan  fell    0  err_xy 0.065  std 0.500  lr 3.0e-04  fps   5134   749.8s
it 2484/4000  reward   31.68  ep_len  400.0  fell    0  err_xy 0.189  std 0.500  lr 3.0e-04  fps   4180   750.2s
it 2485/4000  reward     nan  ep_len    nan  fell    0  err_xy 0.241  std 0.500  lr 3.0e-04  fps   5292   750.5s
it 2486/4000  reward     nan  ep_len    nan  fell    0  err_xy 0.182  std 0.500  lr 3.0e-04  fps   5510   750.8s
it 2487/4000  reward     nan  ep_len    nan  fell    0  err_xy 0.153  std 0.500  lr 3.0e-04  fps   5423   751.1s
it 2488/4000  reward     nan  ep_len    nan  fell    0  err_xy 0.123  std 0.500  lr 3.0e-04  fps   5329   751.3s
it 2489/4000  reward     nan  ep_len    nan  fell    0  err_xy 0.106  std 0.500  lr 3.0e-04  fps   5222   751.6s
it 2490/4000  reward     nan  ep_len    nan  fell    0  err_xy 0.095  std 0.500  lr 3.0e-04  fps   5251   751.9s
it 2491/4000  reward     nan  ep_len    nan  fell    0  err_xy 0.089  std 0.500  lr 3.0e-04  fps   5123   752.2s
it 2492/4000  reward     nan  ep_len    nan  fell    0  err_xy 0.085  std 0.500  lr 3.0e-04  fps   5085   752.5s
it 2493/4000  reward     nan  ep_len    nan  fell    0  err_xy 0.079  std 0.500  lr 3.0e-04  fps   5112   752.8s
it 2494/4000  reward     nan  ep_len    nan  fell    0  err_xy 0.077  std 0.500  lr 3.0e-04  fps   5068   753.1s
it 2495/4000  reward     nan  ep_len    nan  fell    0  err_xy 0.077  std 0.499  lr 3.0e-04  fps   5091   753.4s
it 2496/4000  reward     nan  ep_len    nan  fell    0  err_xy 0.071  std 0.499  lr 3.0e-04  fps   4967   753.7s
it 2497/4000  reward     nan  ep_len    nan  fell    0  err_xy 0.067  std 0.500  lr 3.0e-04  fps   5106   754.0s
it 2498/4000  reward     nan  ep_len    nan  fell    0  err_xy 0.067  std 0.500  lr 3.0e-04  fps   5102   754.3s
it 2499/4000  reward     nan  ep_len    nan  fell    0  err_xy 0.075  std 0.500  lr 3.0e-04  fps   5095   754.7s
it 2500/4000  reward   31.84  ep_len  400.0  fell    0  err_xy 0.070  std 0.499  lr 3.0e-04  fps   3931   755.0s
it 2501/4000  reward     nan  ep_len    nan  fell    0  err_xy 0.230  std 0.499  lr 3.0e-04  fps   5421   755.3s
it 2502/4000  reward     nan  ep_len    nan  fell    0  err_xy 0.210  std 0.499  lr 3.0e-04  fps   5155   755.6s
it 2503/4000  reward     nan  ep_len    nan  fell    0  err_xy 0.193  std 0.500  lr 3.0e-04  fps   4966   755.9s
it 2504/4000  reward     nan  ep_len    nan  fell    0  err_xy 0.189  std 0.500  lr 3.0e-04  fps   4706   756.3s
it 2505/4000  reward     nan  ep_len    nan  fell    0  err_xy 0.177  std 0.500  lr 3.0e-04  fps   5216   756.6s
it 2506/4000  reward     nan  ep_len    nan  fell    0  err_xy 0.155  std 0.500  lr 3.0e-04  fps   5368   756.8s
it 2507/4000  reward     nan  ep_len    nan  fell    0  err_xy 0.143  std 0.500  lr 3.0e-04  fps   5342   757.1s
it 2508/4000  reward     nan  ep_len    nan  fell    0  err_xy 0.136  std 0.500  lr 3.0e-04  fps   5335   757.4s
it 2509/4000  reward     nan  ep_len    nan  fell    0  err_xy 0.132  std 0.500  lr 3.0e-04  fps   5279   757.7s
it 2510/4000  reward     nan  ep_len    nan  fell    0  err_xy 0.132  std 0.500  lr 3.0e-04  fps   5145   758.0s
it 2511/4000  reward     nan  ep_len    nan  fell    0  err_xy 0.109  std 0.500  lr 3.0e-04  fps   5272   758.3s
it 2512/4000  reward     nan  ep_len    nan  fell    0  err_xy 0.106  std 0.500  lr 3.0e-04  fps   5131   758.6s
it 2513/4000  reward     nan  ep_len    nan  fell    0  err_xy 0.099  std 0.500  lr 3.0e-04  fps   4558   758.9s
it 2514/4000  reward     nan  ep_len    nan  fell    0  err_xy 0.099  std 0.500  lr 3.0e-04  fps   5158   759.2s
it 2515/4000  reward     nan  ep_len    nan  fell    0  err_xy 0.101  std 0.500  lr 3.0e-04  fps   5135   759.5s
it 2516/4000  reward     nan  ep_len    nan  fell    0  err_xy 0.093  std 0.500  lr 3.0e-04  fps   5122   759.8s
it 2517/4000  reward   25.92  ep_len  400.0  fell    0  err_xy 0.138  std 0.500  lr 3.0e-04  fps   3765   760.2s
it 2518/4000  reward     nan  ep_len    nan  fell    0  err_xy 0.267  std 0.500  lr 3.0e-04  fps   5397   760.5s
it 2519/4000  reward     nan  ep_len    nan  fell    0  err_xy 0.223  std 0.500  lr 3.0e-04  fps   4999   760.8s
it 2520/4000  reward     nan  ep_len    nan  fell    0  err_xy 0.174  std 0.500  lr 3.0e-04  fps   5322   761.1s
it 2521/4000  reward     nan  ep_len    nan  fell    0  err_xy 0.146  std 0.500  lr 3.0e-04  fps   5377   761.4s
it 2522/4000  reward     nan  ep_len    nan  fell    0  err_xy 0.135  std 0.500  lr 3.0e-04  fps   5129   761.7s
it 2523/4000  reward     nan  ep_len    nan  fell    0  err_xy 0.123  std 0.500  lr 3.0e-04  fps   4977   762.0s
it 2524/4000  reward     nan  ep_len    nan  fell    0  err_xy 0.106  std 0.500  lr 3.0e-04  fps   5057   762.3s
it 2525/4000  reward     nan  ep_len    nan  fell    0  err_xy 0.102  std 0.500  lr 3.0e-04  fps   5245   762.6s
it 2526/4000  reward     nan  ep_len    nan  fell    0  err_xy 0.093  std 0.500  lr 3.0e-04  fps   5188   762.9s
it 2527/4000  reward     nan  ep_len    nan  fell    0  err_xy 0.093  std 0.500  lr 3.0e-04  fps   5163   763.2s
it 2528/4000  reward     nan  ep_len    nan  fell    0  err_xy 0.089  std 0.500  lr 3.0e-04  fps   5200   763.5s
it 2529/4000  reward     nan  ep_len    nan  fell    0  err_xy 0.088  std 0.500  lr 3.0e-04  fps   5236   763.8s
it 2530/4000  reward     nan  ep_len    nan  fell    0  err_xy 0.090  std 0.500  lr 3.0e-04  fps   5274   764.1s
it 2531/4000  reward     nan  ep_len    nan  fell    0  err_xy 0.091  std 0.500  lr 3.0e-04  fps   5221   764.4s
it 2532/4000  reward     nan  ep_len    nan  fell    0  err_xy 0.088  std 0.500  lr 3.0e-04  fps   5246   764.7s
it 2533/4000  reward     nan  ep_len    nan  fell    0  err_xy 0.090  std 0.500  lr 3.0e-04  fps   5062   765.0s
it 2534/4000  reward   29.79  ep_len  400.0  fell    0  err_xy 0.214  std 0.500  lr 3.0e-04  fps   4149   765.4s
it 2535/4000  reward     nan  ep_len    nan  fell    0  err_xy 0.260  std 0.500  lr 3.0e-04  fps   5403   765.6s
it 2536/4000  reward     nan  ep_len    nan  fell    0  err_xy 0.186  std 0.500  lr 3.0e-04  fps   5503   765.9s
it 2537/4000  reward     nan  ep_len    nan  fell    0  err_xy 0.148  std 0.500  lr 3.0e-04  fps   5277   766.2s
it 2538/4000  reward     nan  ep_len    nan  fell    0  err_xy 0.130  std 0.500  lr 3.0e-04  fps   5149   766.5s
it 2539/4000  reward     nan  ep_len    nan  fell    0  err_xy 0.110  std 0.500  lr 3.0e-04  fps   5151   766.8s
it 2540/4000  reward     nan  ep_len    nan  fell    0  err_xy 0.108  std 0.500  lr 3.0e-04  fps   5110   767.1s
it 2541/4000  reward     nan  ep_len    nan  fell    0  err_xy 0.095  std 0.499  lr 3.0e-04  fps   5091   767.4s
it 2542/4000  reward     nan  ep_len    nan  fell    0  err_xy 0.083  std 0.500  lr 3.0e-04  fps   5116   767.7s
it 2543/4000  reward     nan  ep_len    nan  fell    0  err_xy 0.080  std 0.500  lr 3.0e-04  fps   5144   768.0s
it 2544/4000  reward     nan  ep_len    nan  fell    0  err_xy 0.073  std 0.500  lr 3.0e-04  fps   4836   768.3s
it 2545/4000  reward     nan  ep_len    nan  fell    0  err_xy 0.077  std 0.499  lr 3.0e-04  fps   5005   768.6s
it 2546/4000  reward     nan  ep_len    nan  fell    0  err_xy 0.069  std 0.500  lr 3.0e-04  fps   4950   768.9s
it 2547/4000  reward     nan  ep_len    nan  fell    0  err_xy 0.067  std 0.500  lr 3.0e-04  fps   4940   769.3s
it 2548/4000  reward     nan  ep_len    nan  fell    0  err_xy 0.069  std 0.500  lr 3.0e-04  fps   5061   769.6s
it 2549/4000  reward     nan  ep_len    nan  fell    0  err_xy 0.069  std 0.500  lr 3.0e-04  fps   5019   769.9s
it 2550/4000  reward   33.86  ep_len  400.0  fell    0  err_xy 0.065  std 0.500  lr 3.0e-04  fps   3880   770.3s
it 2551/4000  reward     nan  ep_len    nan  fell    0  err_xy 0.265  std 0.499  lr 3.0e-04  fps   5283   770.6s
it 2552/4000  reward     nan  ep_len    nan  fell    0  err_xy 0.252  std 0.500  lr 3.0e-04  fps   5313   770.8s
it 2553/4000  reward     nan  ep_len    nan  fell    0  err_xy 0.169  std 0.500  lr 3.0e-04  fps   5200   771.1s
it 2554/4000  reward     nan  ep_len    nan  fell    0  err_xy 0.136  std 0.500  lr 3.0e-04  fps   5159   771.4s
it 2555/4000  reward     nan  ep_len    nan  fell    0  err_xy 0.118  std 0.500  lr 3.0e-04  fps   5196   771.7s
it 2556/4000  reward     nan  ep_len    nan  fell    0  err_xy 0.094  std 0.500  lr 3.0e-04  fps   5037   772.0s
it 2557/4000  reward     nan  ep_len    nan  fell    0  err_xy 0.089  std 0.500  lr 3.0e-04  fps   4929   772.3s
it 2558/4000  reward     nan  ep_len    nan  fell    0  err_xy 0.079  std 0.500  lr 3.0e-04  fps   5052   772.7s
it 2559/4000  reward     nan  ep_len    nan  fell    0  err_xy 0.078  std 0.500  lr 3.0e-04  fps   5098   773.0s
it 2560/4000  reward     nan  ep_len    nan  fell    0  err_xy 0.070  std 0.500  lr 3.0e-04  fps   5123   773.3s
it 2561/4000  reward     nan  ep_len    nan  fell    0  err_xy 0.066  std 0.500  lr 3.0e-04  fps   5015   773.6s
it 2562/4000  reward     nan  ep_len    nan  fell    0  err_xy 0.061  std 0.500  lr 3.0e-04  fps   5097   773.9s
it 2563/4000  reward     nan  ep_len    nan  fell    0  err_xy 0.060  std 0.500  lr 3.0e-04  fps   5098   774.2s
it 2564/4000  reward     nan  ep_len    nan  fell    0  err_xy 0.063  std 0.500  lr 3.0e-04  fps   5116   774.5s
it 2565/4000  reward     nan  ep_len    nan  fell    0  err_xy 0.066  std 0.500  lr 3.0e-04  fps   5136   774.8s
it 2566/4000  reward     nan  ep_len    nan  fell    0  err_xy 0.075  std 0.500  lr 3.0e-04  fps   5030   775.1s
it 2567/4000  reward   30.60  ep_len  400.0  fell    0  err_xy 0.114  std 0.500  lr 3.0e-04  fps   3931   775.5s
it 2568/4000  reward     nan  ep_len    nan  fell    0  err_xy 0.278  std 0.500  lr 3.0e-04  fps   5316   775.7s
it 2569/4000  reward     nan  ep_len    nan  fell    0  err_xy 0.230  std 0.500  lr 3.0e-04  fps   5419   776.0s
it 2570/4000  reward     nan  ep_len    nan  fell    0  err_xy 0.187  std 0.500  lr 3.0e-04  fps   5346   776.3s
it 2571/4000  reward     nan  ep_len    nan  fell    0  err_xy 0.165  std 0.500  lr 3.0e-04  fps   5263   776.6s
it 2572/4000  reward     nan  ep_len    nan  fell    0  err_xy 0.149  std 0.500  lr 3.0e-04  fps   4843   776.9s
it 2573/4000  reward     nan  ep_len    nan  fell    0  err_xy 0.127  std 0.500  lr 3.0e-04  fps   5012   777.2s
it 2574/4000  reward     nan  ep_len    nan  fell    0  err_xy 0.122  std 0.500  lr 3.0e-04  fps   5081   777.5s
it 2575/4000  reward     nan  ep_len    nan  fell    0  err_xy 0.109  std 0.500  lr 3.0e-04  fps   5042   777.8s
it 2576/4000  reward     nan  ep_len    nan  fell    0  err_xy 0.102  std 0.500  lr 3.0e-04  fps   5126   778.1s
it 2577/4000  reward     nan  ep_len    nan  fell    0  err_xy 0.084  std 0.500  lr 3.0e-04  fps   5173   778.4s
it 2578/4000  reward     nan  ep_len    nan  fell    0  err_xy 0.080  std 0.500  lr 3.0e-04  fps   5120   778.7s
it 2579/4000  reward     nan  ep_len    nan  fell    0  err_xy 0.079  std 0.500  lr 3.0e-04  fps   5144   779.0s
it 2580/4000  reward     nan  ep_len    nan  fell    0  err_xy 0.078  std 0.500  lr 3.0e-04  fps   5086   779.3s
it 2581/4000  reward     nan  ep_len    nan  fell    0  err_xy 0.087  std 0.500  lr 3.0e-04  fps   5105   779.6s
it 2582/4000  reward     nan  ep_len    nan  fell    0  err_xy 0.085  std 0.500  lr 3.0e-04  fps   5082   779.9s
it 2583/4000  reward     nan  ep_len    nan  fell    0  err_xy 0.082  std 0.500  lr 3.0e-04  fps   5043   780.3s
it 2584/4000  reward   28.31  ep_len  400.0  fell    0  err_xy 0.192  std 0.500  lr 3.0e-04  fps   3931   780.6s
it 2585/4000  reward     nan  ep_len    nan  fell    0  err_xy 0.270  std 0.500  lr 3.0e-04  fps   5320   780.9s
it 2586/4000  reward     nan  ep_len    nan  fell    0  err_xy 0.242  std 0.500  lr 3.0e-04  fps   5311   781.2s
it 2587/4000  reward     nan  ep_len    nan  fell    0  err_xy 0.214  std 0.500  lr 3.0e-04  fps   5353   781.5s
it 2588/4000  reward     nan  ep_len    nan  fell    0  err_xy 0.186  std 0.500  lr 3.0e-04  fps   5298   781.8s
it 2589/4000  reward     nan  ep_len    nan  fell    0  err_xy 0.174  std 0.500  lr 3.0e-04  fps   5243   782.1s
it 2590/4000  reward     nan  ep_len    nan  fell    0  err_xy 0.164  std 0.500  lr 3.0e-04  fps   5199   782.4s
it 2591/4000  reward     nan  ep_len    nan  fell    0  err_xy 0.149  std 0.500  lr 3.0e-04  fps   5236   782.7s
it 2592/4000  reward     nan  ep_len    nan  fell    0  err_xy 0.133  std 0.500  lr 3.0e-04  fps   5026   783.0s
it 2593/4000  reward     nan  ep_len    nan  fell    0  err_xy 0.128  std 0.500  lr 3.0e-04  fps   5135   783.3s
it 2594/4000  reward     nan  ep_len    nan  fell    0  err_xy 0.110  std 0.500  lr 3.0e-04  fps   5131   783.6s
it 2595/4000  reward     nan  ep_len    nan  fell    0  err_xy 0.113  std 0.500  lr 3.0e-04  fps   5216   783.9s
it 2596/4000  reward     nan  ep_len    nan  fell    0  err_xy 0.107  std 0.500  lr 3.0e-04  fps   5100   784.2s
it 2597/4000  reward     nan  ep_len    nan  fell    0  err_xy 0.100  std 0.500  lr 3.0e-04  fps   5147   784.5s
it 2598/4000  reward     nan  ep_len    nan  fell    0  err_xy 0.095  std 0.500  lr 3.0e-04  fps   4931   784.8s
it 2599/4000  reward     nan  ep_len    nan  fell    0  err_xy 0.095  std 0.500  lr 3.0e-04  fps   5891   785.1s
it 2600/4000  reward   27.29  ep_len  400.0  fell    0  err_xy 0.097  std 0.500  lr 3.0e-04  fps   4538   785.4s
eval iteration 2600:
  prone          success   0.0%  time 8.00s  peak_τ 0.96 Nm  return 6.03
  supine         success   0.0%  time 8.00s  peak_τ 0.96 Nm  return 2.02
  score 0.000
it 2601/4000  reward     nan  ep_len    nan  fell    0  err_xy 0.245  std 0.500  lr 3.0e-04  fps   5376   787.6s
it 2602/4000  reward     nan  ep_len    nan  fell    0  err_xy 0.247  std 0.500  lr 3.0e-04  fps   5402   787.9s
it 2603/4000  reward     nan  ep_len    nan  fell    0  err_xy 0.212  std 0.500  lr 3.0e-04  fps   5298   788.2s
it 2604/4000  reward     nan  ep_len    nan  fell    0  err_xy 0.188  std 0.500  lr 3.0e-04  fps   5278   788.5s
it 2605/4000  reward     nan  ep_len    nan  fell    0  err_xy 0.179  std 0.500  lr 3.0e-04  fps   5271   788.8s
it 2606/4000  reward     nan  ep_len    nan  fell    0  err_xy 0.167  std 0.500  lr 3.0e-04  fps   5284   789.1s
it 2607/4000  reward     nan  ep_len    nan  fell    0  err_xy 0.168  std 0.500  lr 3.0e-04  fps   5313   789.4s
it 2608/4000  reward     nan  ep_len    nan  fell    0  err_xy 0.156  std 0.500  lr 3.0e-04  fps   5200   789.7s
it 2609/4000  reward     nan  ep_len    nan  fell    0  err_xy 0.144  std 0.500  lr 3.0e-04  fps   5038   790.0s
it 2610/4000  reward     nan  ep_len    nan  fell    0  err_xy 0.138  std 0.500  lr 3.0e-04  fps   4750   790.3s
it 2611/4000  reward     nan  ep_len    nan  fell    0  err_xy 0.120  std 0.500  lr 3.0e-04  fps   4708   790.6s
it 2612/4000  reward     nan  ep_len    nan  fell    0  err_xy 0.110  std 0.500  lr 3.0e-04  fps   5034   790.9s
it 2613/4000  reward     nan  ep_len    nan  fell    0  err_xy 0.099  std 0.500  lr 3.0e-04  fps   4962   791.2s
it 2614/4000  reward     nan  ep_len    nan  fell    0  err_xy 0.099  std 0.500  lr 3.0e-04  fps   5005   791.5s
it 2615/4000  reward     nan  ep_len    nan  fell    0  err_xy 0.087  std 0.500  lr 3.0e-04  fps   4924   791.9s
it 2616/4000  reward     nan  ep_len    nan  fell    0  err_xy 0.088  std 0.500  lr 3.0e-04  fps   5011   792.2s
it 2617/4000  reward   27.28  ep_len  400.0  fell    0  err_xy 0.138  std 0.500  lr 3.0e-04  fps   3964   792.6s
it 2618/4000  reward     nan  ep_len    nan  fell    0  err_xy 0.246  std 0.500  lr 3.0e-04  fps   5369   792.8s
it 2619/4000  reward     nan  ep_len    nan  fell    0  err_xy 0.210  std 0.500  lr 3.0e-04  fps   5342   793.1s
it 2620/4000  reward     nan  ep_len    nan  fell    0  err_xy 0.188  std 0.500  lr 3.0e-04  fps   5298   793.4s
it 2621/4000  reward     nan  ep_len    nan  fell    0  err_xy 0.169  std 0.500  lr 3.0e-04  fps   4784   793.7s
it 2622/4000  reward     nan  ep_len    nan  fell    0  err_xy 0.146  std 0.500  lr 3.0e-04  fps   5043   794.0s
it 2623/4000  reward     nan  ep_len    nan  fell    0  err_xy 0.135  std 0.500  lr 3.0e-04  fps   4997   794.4s
it 2624/4000  reward     nan  ep_len    nan  fell    0  err_xy 0.121  std 0.500  lr 3.0e-04  fps   5237   794.6s
it 2625/4000  reward     nan  ep_len    nan  fell    0  err_xy 0.108  std 0.500  lr 3.0e-04  fps   5230   794.9s
it 2626/4000  reward     nan  ep_len    nan  fell    0  err_xy 0.097  std 0.500  lr 3.0e-04  fps   5252   795.2s
it 2627/4000  reward     nan  ep_len    nan  fell    0  err_xy 0.082  std 0.500  lr 3.0e-04  fps   5134   795.5s
it 2628/4000  reward     nan  ep_len    nan  fell    0  err_xy 0.080  std 0.500  lr 3.0e-04  fps   5212   795.8s
it 2629/4000  reward     nan  ep_len    nan  fell    0  err_xy 0.085  std 0.500  lr 3.0e-04  fps   5162   796.1s
it 2630/4000  reward     nan  ep_len    nan  fell    0  err_xy 0.082  std 0.500  lr 3.0e-04  fps   5107   796.4s
it 2631/4000  reward     nan  ep_len    nan  fell    0  err_xy 0.076  std 0.500  lr 3.0e-04  fps   5037   796.7s
it 2632/4000  reward     nan  ep_len    nan  fell    0  err_xy 0.075  std 0.500  lr 3.0e-04  fps   5059   797.0s
it 2633/4000  reward     nan  ep_len    nan  fell    0  err_xy 0.070  std 0.500  lr 3.0e-04  fps   5116   797.3s
it 2634/4000  reward   30.84  ep_len  400.0  fell    0  err_xy 0.173  std 0.500  lr 3.0e-04  fps   4095   797.7s
it 2635/4000  reward     nan  ep_len    nan  fell    0  err_xy 0.246  std 0.500  lr 3.0e-04  fps   5318   798.0s
it 2636/4000  reward     nan  ep_len    nan  fell    0  err_xy 0.189  std 0.500  lr 3.0e-04  fps   5323   798.3s
it 2637/4000  reward     nan  ep_len    nan  fell    0  err_xy 0.158  std 0.500  lr 3.0e-04  fps   5213   798.6s
it 2638/4000  reward     nan  ep_len    nan  fell    0  err_xy 0.124  std 0.500  lr 3.0e-04  fps   5197   798.9s
it 2639/4000  reward     nan  ep_len    nan  fell    0  err_xy 0.114  std 0.500  lr 3.0e-04  fps   5223   799.2s
it 2640/4000  reward     nan  ep_len    nan  fell    0  err_xy 0.105  std 0.500  lr 3.0e-04  fps   5099   799.5s
it 2641/4000  reward     nan  ep_len    nan  fell    0  err_xy 0.110  std 0.500  lr 3.0e-04  fps   5058   799.8s
it 2642/4000  reward     nan  ep_len    nan  fell    0  err_xy 0.100  std 0.500  lr 3.0e-04  fps   5172   800.1s
it 2643/4000  reward     nan  ep_len    nan  fell    0  err_xy 0.105  std 0.500  lr 3.0e-04  fps   5159   800.4s
it 2644/4000  reward     nan  ep_len    nan  fell    0  err_xy 0.110  std 0.500  lr 3.0e-04  fps   5153   800.7s
it 2645/4000  reward     nan  ep_len    nan  fell    0  err_xy 0.117  std 0.500  lr 3.0e-04  fps   5221   801.0s
it 2646/4000  reward     nan  ep_len    nan  fell    0  err_xy 0.105  std 0.500  lr 3.0e-04  fps   5132   801.3s
it 2647/4000  reward     nan  ep_len    nan  fell    0  err_xy 0.098  std 0.500  lr 3.0e-04  fps   5129   801.6s
it 2648/4000  reward     nan  ep_len    nan  fell    0  err_xy 0.089  std 0.500  lr 3.0e-04  fps   4318   801.9s
it 2649/4000  reward     nan  ep_len    nan  fell    0  err_xy 0.085  std 0.500  lr 3.0e-04  fps   4806   802.2s
it 2650/4000  reward   29.44  ep_len  400.0  fell    0  err_xy 0.084  std 0.500  lr 3.0e-04  fps   3698   802.7s
it 2651/4000  reward     nan  ep_len    nan  fell    0  err_xy 0.224  std 0.500  lr 3.0e-04  fps   5281   802.9s
it 2652/4000  reward     nan  ep_len    nan  fell    0  err_xy 0.218  std 0.500  lr 3.0e-04  fps   5206   803.2s
it 2653/4000  reward     nan  ep_len    nan  fell    0  err_xy 0.175  std 0.500  lr 3.0e-04  fps   5033   803.5s
it 2654/4000  reward     nan  ep_len    nan  fell    0  err_xy 0.158  std 0.500  lr 3.0e-04  fps   5043   803.9s
it 2655/4000  reward     nan  ep_len    nan  fell    0  err_xy 0.139  std 0.500  lr 3.0e-04  fps   5004   804.2s
it 2656/4000  reward     nan  ep_len    nan  fell    0  err_xy 0.127  std 0.500  lr 3.0e-04  fps   4991   804.5s
it 2657/4000  reward     nan  ep_len    nan  fell    0  err_xy 0.123  std 0.500  lr 3.0e-04  fps   5063   804.8s
it 2658/4000  reward     nan  ep_len    nan  fell    0  err_xy 0.103  std 0.500  lr 3.0e-04  fps   4993   805.1s
it 2659/4000  reward     nan  ep_len    nan  fell    0  err_xy 0.089  std 0.500  lr 3.0e-04  fps   4978   805.4s
it 2660/4000  reward     nan  ep_len    nan  fell    0  err_xy 0.080  std 0.500  lr 3.0e-04  fps   4942   805.7s
it 2661/4000  reward     nan  ep_len    nan  fell    0  err_xy 0.080  std 0.500  lr 3.0e-04  fps   4827   806.0s
it 2662/4000  reward     nan  ep_len    nan  fell    0  err_xy 0.074  std 0.500  lr 3.0e-04  fps   4939   806.3s
it 2663/4000  reward     nan  ep_len    nan  fell    0  err_xy 0.069  std 0.500  lr 3.0e-04  fps   4960   806.6s
it 2664/4000  reward     nan  ep_len    nan  fell    0  err_xy 0.081  std 0.500  lr 3.0e-04  fps   4987   806.9s
it 2665/4000  reward     nan  ep_len    nan  fell    0  err_xy 0.085  std 0.500  lr 3.0e-04  fps   4898   807.3s
it 2666/4000  reward     nan  ep_len    nan  fell    0  err_xy 0.094  std 0.500  lr 3.0e-04  fps   4950   807.6s
it 2667/4000  reward   31.55  ep_len  400.0  fell    0  err_xy 0.145  std 0.500  lr 3.0e-04  fps   3862   808.0s
it 2668/4000  reward     nan  ep_len    nan  fell    0  err_xy 0.245  std 0.500  lr 3.0e-04  fps   5304   808.3s
it 2669/4000  reward     nan  ep_len    nan  fell    0  err_xy 0.196  std 0.500  lr 3.0e-04  fps   5138   808.6s
it 2670/4000  reward     nan  ep_len    nan  fell    0  err_xy 0.143  std 0.500  lr 3.0e-04  fps   5099   808.9s
it 2671/4000  reward     nan  ep_len    nan  fell    0  err_xy 0.144  std 0.500  lr 3.0e-04  fps   5033   809.2s
it 2672/4000  reward     nan  ep_len    nan  fell    0  err_xy 0.129  std 0.500  lr 3.0e-04  fps   5065   809.5s
it 2673/4000  reward     nan  ep_len    nan  fell    0  err_xy 0.139  std 0.499  lr 3.0e-04  fps   5059   809.8s
it 2674/4000  reward     nan  ep_len    nan  fell    0  err_xy 0.128  std 0.500  lr 3.0e-04  fps   5001   810.1s
it 2675/4000  reward     nan  ep_len    nan  fell    0  err_xy 0.111  std 0.499  lr 3.0e-04  fps   4961   810.4s
it 2676/4000  reward     nan  ep_len    nan  fell    0  err_xy 0.101  std 0.499  lr 3.0e-04  fps   4987   810.7s
it 2677/4000  reward     nan  ep_len    nan  fell    0  err_xy 0.091  std 0.499  lr 3.0e-04  fps   4955   811.0s
it 2678/4000  reward     nan  ep_len    nan  fell    0  err_xy 0.091  std 0.499  lr 3.0e-04  fps   5048   811.3s
it 2679/4000  reward     nan  ep_len    nan  fell    0  err_xy 0.091  std 0.499  lr 3.0e-04  fps   4921   811.6s
it 2680/4000  reward     nan  ep_len    nan  fell    0  err_xy 0.082  std 0.499  lr 3.0e-04  fps   4874   811.9s
it 2681/4000  reward     nan  ep_len    nan  fell    0  err_xy 0.082  std 0.499  lr 3.0e-04  fps   4649   812.3s
it 2682/4000  reward     nan  ep_len    nan  fell    0  err_xy 0.086  std 0.500  lr 3.0e-04  fps   4908   812.6s
it 2683/4000  reward     nan  ep_len    nan  fell    0  err_xy 0.076  std 0.500  lr 3.0e-04  fps   4906   812.9s
it 2684/4000  reward   29.27  ep_len  400.0  fell    0  err_xy 0.179  std 0.500  lr 3.0e-04  fps   3931   813.3s
it 2685/4000  reward     nan  ep_len    nan  fell    0  err_xy 0.225  std 0.500  lr 3.0e-04  fps   5210   813.6s
it 2686/4000  reward     nan  ep_len    nan  fell    0  err_xy 0.177  std 0.500  lr 3.0e-04  fps   5046   813.9s
it 2687/4000  reward     nan  ep_len    nan  fell    0  err_xy 0.133  std 0.500  lr 3.0e-04  fps   4837   814.2s
it 2688/4000  reward     nan  ep_len    nan  fell    0  err_xy 0.118  std 0.500  lr 3.0e-04  fps   4885   814.5s
it 2689/4000  reward     nan  ep_len    nan  fell    0  err_xy 0.097  std 0.500  lr 3.0e-04  fps   4925   814.8s
it 2690/4000  reward     nan  ep_len    nan  fell    0  err_xy 0.089  std 0.500  lr 3.0e-04  fps   4912   815.1s
it 2691/4000  reward     nan  ep_len    nan  fell    0  err_xy 0.077  std 0.499  lr 3.0e-04  fps   4891   815.5s
it 2692/4000  reward     nan  ep_len    nan  fell    0  err_xy 0.072  std 0.500  lr 3.0e-04  fps   4863   815.8s
it 2693/4000  reward     nan  ep_len    nan  fell    0  err_xy 0.067  std 0.500  lr 3.0e-04  fps   4863   816.1s
it 2694/4000  reward     nan  ep_len    nan  fell    0  err_xy 0.073  std 0.500  lr 3.0e-04  fps   4864   816.4s
it 2695/4000  reward     nan  ep_len    nan  fell    0  err_xy 0.069  std 0.500  lr 3.0e-04  fps   4784   816.7s
it 2696/4000  reward     nan  ep_len    nan  fell    0  err_xy 0.073  std 0.500  lr 3.0e-04  fps   4869   817.0s
it 2697/4000  reward     nan  ep_len    nan  fell    0  err_xy 0.071  std 0.500  lr 3.0e-04  fps   4665   817.4s
it 2698/4000  reward     nan  ep_len    nan  fell    0  err_xy 0.067  std 0.499  lr 3.0e-04  fps   4670   817.7s
it 2699/4000  reward     nan  ep_len    nan  fell    0  err_xy 0.077  std 0.499  lr 3.0e-04  fps   4810   818.0s
it 2700/4000  reward   33.60  ep_len  400.0  fell    0  err_xy 0.070  std 0.499  lr 3.0e-04  fps   3846   818.4s
it 2701/4000  reward     nan  ep_len    nan  fell    0  err_xy 0.219  std 0.499  lr 3.0e-04  fps   5438   818.7s
it 2702/4000  reward     nan  ep_len    nan  fell    0  err_xy 0.196  std 0.499  lr 3.0e-04  fps   4760   819.0s
it 2703/4000  reward     nan  ep_len    nan  fell    0  err_xy 0.152  std 0.499  lr 3.0e-04  fps   5318   819.3s
it 2704/4000  reward     nan  ep_len    nan  fell    0  err_xy 0.137  std 0.499  lr 3.0e-04  fps   5316   819.6s
it 2705/4000  reward     nan  ep_len    nan  fell    0  err_xy 0.131  std 0.499  lr 3.0e-04  fps   5257   819.9s
it 2706/4000  reward     nan  ep_len    nan  fell    0  err_xy 0.121  std 0.500  lr 3.0e-04  fps   5213   820.2s
it 2707/4000  reward     nan  ep_len    nan  fell    0  err_xy 0.123  std 0.499  lr 3.0e-04  fps   5210   820.5s
it 2708/4000  reward     nan  ep_len    nan  fell    0  err_xy 0.124  std 0.500  lr 3.0e-04  fps   5147   820.8s
it 2709/4000  reward     nan  ep_len    nan  fell    0  err_xy 0.113  std 0.499  lr 3.0e-04  fps   5142   821.1s
it 2710/4000  reward     nan  ep_len    nan  fell    0  err_xy 0.107  std 0.499  lr 3.0e-04  fps   5156   821.4s
it 2711/4000  reward     nan  ep_len    nan  fell    0  err_xy 0.105  std 0.499  lr 3.0e-04  fps   5112   821.7s
it 2712/4000  reward     nan  ep_len    nan  fell    0  err_xy 0.097  std 0.499  lr 3.0e-04  fps   5144   822.0s
it 2713/4000  reward     nan  ep_len    nan  fell    0  err_xy 0.093  std 0.499  lr 3.0e-04  fps   5171   822.3s
it 2714/4000  reward     nan  ep_len    nan  fell    0  err_xy 0.087  std 0.499  lr 3.0e-04  fps   5046   822.6s
it 2715/4000  reward     nan  ep_len    nan  fell    0  err_xy 0.094  std 0.499  lr 3.0e-04  fps   5151   822.9s
it 2716/4000  reward     nan  ep_len    nan  fell    0  err_xy 0.089  std 0.500  lr 3.0e-04  fps   5130   823.2s
it 2717/4000  reward   27.32  ep_len  400.0  fell    0  err_xy 0.129  std 0.500  lr 3.0e-04  fps   4070   823.6s
it 2718/4000  reward     nan  ep_len    nan  fell    0  err_xy 0.240  std 0.500  lr 3.0e-04  fps   5331   823.9s
it 2719/4000  reward     nan  ep_len    nan  fell    0  err_xy 0.219  std 0.500  lr 3.0e-04  fps   5449   824.1s
it 2720/4000  reward     nan  ep_len    nan  fell    0  err_xy 0.190  std 0.500  lr 3.0e-04  fps   5270   824.4s
it 2721/4000  reward     nan  ep_len    nan  fell    0  err_xy 0.163  std 0.500  lr 3.0e-04  fps   5279   824.7s
it 2722/4000  reward     nan  ep_len    nan  fell    0  err_xy 0.177  std 0.500  lr 3.0e-04  fps   5247   825.0s
it 2723/4000  reward     nan  ep_len    nan  fell    0  err_xy 0.165  std 0.500  lr 3.0e-04  fps   5117   825.3s
it 2724/4000  reward     nan  ep_len    nan  fell    0  err_xy 0.152  std 0.500  lr 3.0e-04  fps   5198   825.6s
it 2725/4000  reward     nan  ep_len    nan  fell    0  err_xy 0.128  std 0.500  lr 3.0e-04  fps   4923   825.9s
it 2726/4000  reward     nan  ep_len    nan  fell    0  err_xy 0.132  std 0.500  lr 3.0e-04  fps   5132   826.2s
it 2727/4000  reward     nan  ep_len    nan  fell    0  err_xy 0.131  std 0.500  lr 3.0e-04  fps   5082   826.5s
it 2728/4000  reward     nan  ep_len    nan  fell    0  err_xy 0.121  std 0.500  lr 3.0e-04  fps   5104   826.8s
it 2729/4000  reward     nan  ep_len    nan  fell    0  err_xy 0.116  std 0.500  lr 3.0e-04  fps   5032   827.1s
it 2730/4000  reward     nan  ep_len    nan  fell    0  err_xy 0.118  std 0.500  lr 3.0e-04  fps   5109   827.4s
it 2731/4000  reward     nan  ep_len    nan  fell    0  err_xy 0.108  std 0.500  lr 3.0e-04  fps   4959   827.7s
it 2732/4000  reward     nan  ep_len    nan  fell    0  err_xy 0.111  std 0.500  lr 3.0e-04  fps   5194   828.0s
it 2733/4000  reward     nan  ep_len    nan  fell    0  err_xy 0.093  std 0.500  lr 3.0e-04  fps   5201   828.3s
it 2734/4000  reward   25.73  ep_len  400.0  fell    0  err_xy 0.192  std 0.500  lr 3.0e-04  fps   4037   828.7s
it 2735/4000  reward     nan  ep_len    nan  fell    0  err_xy 0.248  std 0.500  lr 3.0e-04  fps   5374   829.0s
it 2736/4000  reward     nan  ep_len    nan  fell    0  err_xy 0.197  std 0.500  lr 3.0e-04  fps   5360   829.3s
it 2737/4000  reward     nan  ep_len    nan  fell    0  err_xy 0.163  std 0.500  lr 3.0e-04  fps   5267   829.6s
it 2738/4000  reward     nan  ep_len    nan  fell    0  err_xy 0.140  std 0.500  lr 3.0e-04  fps   5378   829.9s
it 2739/4000  reward     nan  ep_len    nan  fell    0  err_xy 0.140  std 0.500  lr 3.0e-04  fps   5290   830.2s
it 2740/4000  reward     nan  ep_len    nan  fell    0  err_xy 0.129  std 0.500  lr 3.0e-04  fps   5161   830.5s
it 2741/4000  reward     nan  ep_len    nan  fell    0  err_xy 0.110  std 0.500  lr 3.0e-04  fps   5220   830.7s
it 2742/4000  reward     nan  ep_len    nan  fell    0  err_xy 0.102  std 0.500  lr 3.0e-04  fps   5215   831.0s
it 2743/4000  reward     nan  ep_len    nan  fell    0  err_xy 0.089  std 0.500  lr 3.0e-04  fps   5192   831.3s
it 2744/4000  reward     nan  ep_len    nan  fell    0  err_xy 0.087  std 0.500  lr 3.0e-04  fps   5171   831.6s
it 2745/4000  reward     nan  ep_len    nan  fell    0  err_xy 0.094  std 0.500  lr 3.0e-04  fps   5144   831.9s
it 2746/4000  reward     nan  ep_len    nan  fell    0  err_xy 0.094  std 0.500  lr 3.0e-04  fps   5198   832.2s
it 2747/4000  reward     nan  ep_len    nan  fell    0  err_xy 0.089  std 0.500  lr 3.0e-04  fps   5046   832.5s
it 2748/4000  reward     nan  ep_len    nan  fell    0  err_xy 0.100  std 0.500  lr 3.0e-04  fps   5178   832.8s
it 2749/4000  reward     nan  ep_len    nan  fell    0  err_xy 0.098  std 0.500  lr 3.0e-04  fps   5194   833.1s
it 2750/4000  reward   28.11  ep_len  400.0  fell    0  err_xy 0.092  std 0.500  lr 3.0e-04  fps   4192   833.5s
it 2751/4000  reward     nan  ep_len    nan  fell    0  err_xy 0.282  std 0.500  lr 3.0e-04  fps   5532   833.8s
it 2752/4000  reward     nan  ep_len    nan  fell    0  err_xy 0.234  std 0.500  lr 3.0e-04  fps   5106   834.1s
it 2753/4000  reward     nan  ep_len    nan  fell    0  err_xy 0.179  std 0.500  lr 3.0e-04  fps   5430   834.4s
it 2754/4000  reward     nan  ep_len    nan  fell    0  err_xy 0.161  std 0.500  lr 3.0e-04  fps   5112   834.7s
it 2755/4000  reward     nan  ep_len    nan  fell    0  err_xy 0.141  std 0.500  lr 3.0e-04  fps   5407   834.9s
it 2756/4000  reward     nan  ep_len    nan  fell    0  err_xy 0.120  std 0.500  lr 3.0e-04  fps   5305   835.2s
it 2757/4000  reward     nan  ep_len    nan  fell    0  err_xy 0.109  std 0.500  lr 3.0e-04  fps   5308   835.5s
it 2758/4000  reward     nan  ep_len    nan  fell    0  err_xy 0.097  std 0.500  lr 3.0e-04  fps   5266   835.8s
it 2759/4000  reward     nan  ep_len    nan  fell    0  err_xy 0.109  std 0.500  lr 3.0e-04  fps   5367   836.1s
it 2760/4000  reward     nan  ep_len    nan  fell    0  err_xy 0.098  std 0.500  lr 3.0e-04  fps   5261   836.4s
it 2761/4000  reward     nan  ep_len    nan  fell    0  err_xy 0.096  std 0.500  lr 3.0e-04  fps   5236   836.7s
it 2762/4000  reward     nan  ep_len    nan  fell    0  err_xy 0.092  std 0.500  lr 3.0e-04  fps   5249   837.0s
it 2763/4000  reward     nan  ep_len    nan  fell    0  err_xy 0.097  std 0.500  lr 3.0e-04  fps   5249   837.3s
it 2764/4000  reward     nan  ep_len    nan  fell    0  err_xy 0.085  std 0.500  lr 3.0e-04  fps   5211   837.6s
it 2765/4000  reward     nan  ep_len    nan  fell    0  err_xy 0.084  std 0.500  lr 3.0e-04  fps   5222   837.9s
it 2766/4000  reward     nan  ep_len    nan  fell    0  err_xy 0.088  std 0.500  lr 3.0e-04  fps   5250   838.2s
it 2767/4000  reward   26.78  ep_len  400.0  fell    0  err_xy 0.130  std 0.500  lr 3.0e-04  fps   4147   838.5s
it 2768/4000  reward     nan  ep_len    nan  fell    0  err_xy 0.281  std 0.500  lr 3.0e-04  fps   5488   838.8s
it 2769/4000  reward     nan  ep_len    nan  fell    0  err_xy 0.202  std 0.500  lr 3.0e-04  fps   5481   839.1s
it 2770/4000  reward     nan  ep_len    nan  fell    0  err_xy 0.156  std 0.500  lr 3.0e-04  fps   5481   839.4s
it 2771/4000  reward     nan  ep_len    nan  fell    0  err_xy 0.134  std 0.500  lr 3.0e-04  fps   4967   839.7s
it 2772/4000  reward     nan  ep_len    nan  fell    0  err_xy 0.125  std 0.500  lr 3.0e-04  fps   5180   840.0s
it 2773/4000  reward     nan  ep_len    nan  fell    0  err_xy 0.111  std 0.500  lr 3.0e-04  fps   5263   840.3s
it 2774/4000  reward     nan  ep_len    nan  fell    0  err_xy 0.095  std 0.500  lr 3.0e-04  fps   5110   840.6s
it 2775/4000  reward     nan  ep_len    nan  fell    0  err_xy 0.090  std 0.500  lr 3.0e-04  fps   5166   840.9s
it 2776/4000  reward     nan  ep_len    nan  fell    0  err_xy 0.085  std 0.500  lr 3.0e-04  fps   5182   841.2s
it 2777/4000  reward     nan  ep_len    nan  fell    0  err_xy 0.079  std 0.500  lr 3.0e-04  fps   5113   841.5s
it 2778/4000  reward     nan  ep_len    nan  fell    0  err_xy 0.073  std 0.500  lr 3.0e-04  fps   5181   841.8s
it 2779/4000  reward     nan  ep_len    nan  fell    0  err_xy 0.078  std 0.499  lr 3.0e-04  fps   5109   842.1s
it 2780/4000  reward     nan  ep_len    nan  fell    0  err_xy 0.076  std 0.500  lr 3.0e-04  fps   5078   842.4s
it 2781/4000  reward     nan  ep_len    nan  fell    0  err_xy 0.070  std 0.500  lr 3.0e-04  fps   4958   842.7s
it 2782/4000  reward     nan  ep_len    nan  fell    0  err_xy 0.071  std 0.500  lr 3.0e-04  fps   4959   843.0s
it 2783/4000  reward     nan  ep_len    nan  fell    0  err_xy 0.075  std 0.500  lr 3.0e-04  fps   5107   843.3s
it 2784/4000  reward   31.43  ep_len  400.0  fell    0  err_xy 0.187  std 0.500  lr 3.0e-04  fps   3963   843.7s
it 2785/4000  reward     nan  ep_len    nan  fell    0  err_xy 0.250  std 0.500  lr 3.0e-04  fps   5361   844.0s
it 2786/4000  reward     nan  ep_len    nan  fell    0  err_xy 0.163  std 0.500  lr 3.0e-04  fps   5072   844.3s
it 2787/4000  reward     nan  ep_len    nan  fell    0  err_xy 0.144  std 0.500  lr 3.0e-04  fps   5133   844.6s
it 2788/4000  reward     nan  ep_len    nan  fell    0  err_xy 0.121  std 0.500  lr 3.0e-04  fps   5199   844.9s
it 2789/4000  reward     nan  ep_len    nan  fell    0  err_xy 0.111  std 0.500  lr 3.0e-04  fps   5102   845.2s
it 2790/4000  reward     nan  ep_len    nan  fell    0  err_xy 0.096  std 0.500  lr 3.0e-04  fps   5087   845.5s
it 2791/4000  reward     nan  ep_len    nan  fell    0  err_xy 0.095  std 0.500  lr 3.0e-04  fps   5092   845.8s
it 2792/4000  reward     nan  ep_len    nan  fell    0  err_xy 0.081  std 0.499  lr 3.0e-04  fps   5099   846.1s
it 2793/4000  reward     nan  ep_len    nan  fell    0  err_xy 0.085  std 0.500  lr 3.0e-04  fps   5084   846.4s
it 2794/4000  reward     nan  ep_len    nan  fell    0  err_xy 0.084  std 0.499  lr 3.0e-04  fps   5047   846.7s
it 2795/4000  reward     nan  ep_len    nan  fell    0  err_xy 0.089  std 0.499  lr 3.0e-04  fps   4760   847.0s
it 2796/4000  reward     nan  ep_len    nan  fell    0  err_xy 0.082  std 0.499  lr 3.0e-04  fps   5087   847.3s
it 2797/4000  reward     nan  ep_len    nan  fell    0  err_xy 0.080  std 0.499  lr 3.0e-04  fps   5096   847.6s
it 2798/4000  reward     nan  ep_len    nan  fell    0  err_xy 0.080  std 0.499  lr 3.0e-04  fps   5368   847.9s
it 2799/4000  reward     nan  ep_len    nan  fell    0  err_xy 0.079  std 0.499  lr 3.0e-04  fps   6112   848.1s
it 2800/4000  reward   32.55  ep_len  400.0  fell    0  err_xy 0.076  std 0.500  lr 3.0e-04  fps   4551   848.5s
eval iteration 2800:
  prone          success   0.0%  time 8.00s  peak_τ 0.96 Nm  return 12.78
  supine         success   0.0%  time 8.00s  peak_τ 0.96 Nm  return 6.24
  score 0.000
it 2801/4000  reward     nan  ep_len    nan  fell    0  err_xy 0.230  std 0.500  lr 3.0e-04  fps   5614   850.7s
it 2802/4000  reward     nan  ep_len    nan  fell    0  err_xy 0.206  std 0.500  lr 3.0e-04  fps   5504   851.0s
it 2803/4000  reward     nan  ep_len    nan  fell    0  err_xy 0.159  std 0.500  lr 3.0e-04  fps   5446   851.3s
it 2804/4000  reward     nan  ep_len    nan  fell    0  err_xy 0.141  std 0.500  lr 3.0e-04  fps   5351   851.6s
it 2805/4000  reward     nan  ep_len    nan  fell    0  err_xy 0.126  std 0.500  lr 3.0e-04  fps   5298   851.9s
it 2806/4000  reward     nan  ep_len    nan  fell    0  err_xy 0.112  std 0.500  lr 3.0e-04  fps   5188   852.2s
it 2807/4000  reward     nan  ep_len    nan  fell    0  err_xy 0.102  std 0.500  lr 3.0e-04  fps   5163   852.5s
it 2808/4000  reward     nan  ep_len    nan  fell    0  err_xy 0.104  std 0.500  lr 3.0e-04  fps   5018   852.8s
it 2809/4000  reward     nan  ep_len    nan  fell    0  err_xy 0.093  std 0.500  lr 3.0e-04  fps   5172   853.1s
it 2810/4000  reward     nan  ep_len    nan  fell    0  err_xy 0.083  std 0.500  lr 3.0e-04  fps   5299   853.3s
it 2811/4000  reward     nan  ep_len    nan  fell    0  err_xy 0.092  std 0.500  lr 3.0e-04  fps   5224   853.6s
it 2812/4000  reward     nan  ep_len    nan  fell    0  err_xy 0.091  std 0.500  lr 3.0e-04  fps   5278   853.9s
it 2813/4000  reward     nan  ep_len    nan  fell    0  err_xy 0.093  std 0.500  lr 3.0e-04  fps   5278   854.2s
it 2814/4000  reward     nan  ep_len    nan  fell    0  err_xy 0.088  std 0.500  lr 3.0e-04  fps   5187   854.5s
it 2815/4000  reward     nan  ep_len    nan  fell    0  err_xy 0.076  std 0.500  lr 3.0e-04  fps   5155   854.8s
it 2816/4000  reward     nan  ep_len    nan  fell    0  err_xy 0.077  std 0.500  lr 3.0e-04  fps   5209   855.1s
it 2817/4000  reward   31.52  ep_len  400.0  fell    0  err_xy 0.130  std 0.500  lr 3.0e-04  fps   4094   855.5s
it 2818/4000  reward     nan  ep_len    nan  fell    0  err_xy 0.232  std 0.500  lr 3.0e-04  fps   5344   855.8s
it 2819/4000  reward     nan  ep_len    nan  fell    0  err_xy 0.177  std 0.500  lr 3.0e-04  fps   5207   856.1s
it 2820/4000  reward     nan  ep_len    nan  fell    0  err_xy 0.148  std 0.500  lr 3.0e-04  fps   5376   856.4s
it 2821/4000  reward     nan  ep_len    nan  fell    0  err_xy 0.137  std 0.500  lr 3.0e-04  fps   5323   856.6s
it 2822/4000  reward     nan  ep_len    nan  fell    0  err_xy 0.109  std 0.500  lr 3.0e-04  fps   5233   856.9s
it 2823/4000  reward     nan  ep_len    nan  fell    0  err_xy 0.105  std 0.500  lr 3.0e-04  fps   5013   857.2s
it 2824/4000  reward     nan  ep_len    nan  fell    0  err_xy 0.108  std 0.500  lr 3.0e-04  fps   5169   857.5s
it 2825/4000  reward     nan  ep_len    nan  fell    0  err_xy 0.105  std 0.500  lr 3.0e-04  fps   4949   857.9s
it 2826/4000  reward     nan  ep_len    nan  fell    0  err_xy 0.104  std 0.500  lr 3.0e-04  fps   4818   858.2s
it 2827/4000  reward     nan  ep_len    nan  fell    0  err_xy 0.101  std 0.500  lr 3.0e-04  fps   5147   858.5s
it 2828/4000  reward     nan  ep_len    nan  fell    0  err_xy 0.084  std 0.500  lr 3.0e-04  fps   5149   858.8s
it 2829/4000  reward     nan  ep_len    nan  fell    0  err_xy 0.081  std 0.500  lr 3.0e-04  fps   5093   859.1s
it 2830/4000  reward     nan  ep_len    nan  fell    0  err_xy 0.075  std 0.500  lr 3.0e-04  fps   5105   859.4s
it 2831/4000  reward     nan  ep_len    nan  fell    0  err_xy 0.078  std 0.500  lr 3.0e-04  fps   5116   859.7s
it 2832/4000  reward     nan  ep_len    nan  fell    0  err_xy 0.076  std 0.500  lr 3.0e-04  fps   5179   860.0s
it 2833/4000  reward     nan  ep_len    nan  fell    0  err_xy 0.079  std 0.500  lr 3.0e-04  fps   5057   860.3s
it 2834/4000  reward   30.48  ep_len  400.0  fell    0  err_xy 0.170  std 0.500  lr 3.0e-04  fps   4050   860.7s
it 2835/4000  reward     nan  ep_len    nan  fell    0  err_xy 0.218  std 0.500  lr 3.0e-04  fps   5441   860.9s
it 2836/4000  reward     nan  ep_len    nan  fell    0  err_xy 0.165  std 0.500  lr 3.0e-04  fps   5422   861.2s
it 2837/4000  reward     nan  ep_len    nan  fell    0  err_xy 0.125  std 0.500  lr 3.0e-04  fps   5392   861.5s
it 2838/4000  reward     nan  ep_len    nan  fell    0  err_xy 0.122  std 0.500  lr 3.0e-04  fps   5294   861.8s
it 2839/4000  reward     nan  ep_len    nan  fell    0  err_xy 0.118  std 0.500  lr 3.0e-04  fps   5190   862.1s
it 2840/4000  reward     nan  ep_len    nan  fell    0  err_xy 0.111  std 0.500  lr 3.0e-04  fps   5038   862.4s
it 2841/4000  reward     nan  ep_len    nan  fell    0  err_xy 0.117  std 0.500  lr 3.0e-04  fps   5231   862.7s
it 2842/4000  reward     nan  ep_len    nan  fell    0  err_xy 0.126  std 0.500  lr 3.0e-04  fps   5336   863.0s
it 2843/4000  reward     nan  ep_len    nan  fell    0  err_xy 0.131  std 0.500  lr 3.0e-04  fps   5273   863.3s
it 2844/4000  reward     nan  ep_len    nan  fell    0  err_xy 0.130  std 0.500  lr 3.0e-04  fps   4999   863.6s
it 2845/4000  reward     nan  ep_len    nan  fell    0  err_xy 0.118  std 0.500  lr 3.0e-04  fps   5153   863.9s
it 2846/4000  reward     nan  ep_len    nan  fell    0  err_xy 0.107  std 0.500  lr 3.0e-04  fps   5146   864.2s
it 2847/4000  reward     nan  ep_len    nan  fell    0  err_xy 0.096  std 0.500  lr 3.0e-04  fps   5008   864.5s
it 2848/4000  reward     nan  ep_len    nan  fell    0  err_xy 0.093  std 0.500  lr 3.0e-04  fps   5009   864.8s
it 2849/4000  reward     nan  ep_len    nan  fell    0  err_xy 0.088  std 0.500  lr 3.0e-04  fps   5014   865.1s
it 2850/4000  reward   27.12  ep_len  400.0  fell    0  err_xy 0.090  std 0.500  lr 3.0e-04  fps   3866   865.5s
it 2851/4000  reward     nan  ep_len    nan  fell    0  err_xy 0.241  std 0.500  lr 3.0e-04  fps   5290   865.8s
it 2852/4000  reward     nan  ep_len    nan  fell    0  err_xy 0.258  std 0.500  lr 3.0e-04  fps   5447   866.1s
it 2853/4000  reward     nan  ep_len    nan  fell    0  err_xy 0.177  std 0.500  lr 3.0e-04  fps   5427   866.3s
it 2854/4000  reward     nan  ep_len    nan  fell    0  err_xy 0.146  std 0.500  lr 3.0e-04  fps   5320   866.6s
it 2855/4000  reward     nan  ep_len    nan  fell    0  err_xy 0.128  std 0.500  lr 3.0e-04  fps   5300   866.9s
it 2856/4000  reward     nan  ep_len    nan  fell    0  err_xy 0.116  std 0.500  lr 3.0e-04  fps   5234   867.2s
it 2857/4000  reward     nan  ep_len    nan  fell    0  err_xy 0.114  std 0.500  lr 3.0e-04  fps   4977   867.5s
it 2858/4000  reward     nan  ep_len    nan  fell    0  err_xy 0.105  std 0.500  lr 3.0e-04  fps   5305   867.8s
it 2859/4000  reward     nan  ep_len    nan  fell    0  err_xy 0.099  std 0.500  lr 3.0e-04  fps   5330   868.1s
it 2860/4000  reward     nan  ep_len    nan  fell    0  err_xy 0.094  std 0.500  lr 3.0e-04  fps   5316   868.4s
it 2861/4000  reward     nan  ep_len    nan  fell    0  err_xy 0.093  std 0.500  lr 3.0e-04  fps   5450   868.7s
it 2862/4000  reward     nan  ep_len    nan  fell    0  err_xy 0.105  std 0.500  lr 3.0e-04  fps   5396   869.0s
it 2863/4000  reward     nan  ep_len    nan  fell    0  err_xy 0.093  std 0.500  lr 3.0e-04  fps   5330   869.3s
it 2864/4000  reward     nan  ep_len    nan  fell    0  err_xy 0.094  std 0.500  lr 3.0e-04  fps   5105   869.6s
it 2865/4000  reward     nan  ep_len    nan  fell    0  err_xy 0.091  std 0.500  lr 3.0e-04  fps   5278   869.8s
it 2866/4000  reward     nan  ep_len    nan  fell    0  err_xy 0.091  std 0.500  lr 3.0e-04  fps   5366   870.1s
it 2867/4000  reward   28.50  ep_len  400.0  fell    0  err_xy 0.139  std 0.500  lr 3.0e-04  fps   4104   870.5s
it 2868/4000  reward     nan  ep_len    nan  fell    0  err_xy 0.250  std 0.500  lr 3.0e-04  fps   5398   870.8s
it 2869/4000  reward     nan  ep_len    nan  fell    0  err_xy 0.198  std 0.500  lr 3.0e-04  fps   5280   871.1s
it 2870/4000  reward     nan  ep_len    nan  fell    0  err_xy 0.179  std 0.500  lr 3.0e-04  fps   5271   871.4s
it 2871/4000  reward     nan  ep_len    nan  fell    0  err_xy 0.163  std 0.500  lr 3.0e-04  fps   5276   871.7s
it 2872/4000  reward     nan  ep_len    nan  fell    0  err_xy 0.135  std 0.500  lr 3.0e-04  fps   5179   872.0s
it 2873/4000  reward     nan  ep_len    nan  fell    0  err_xy 0.128  std 0.500  lr 3.0e-04  fps   5318   872.3s
it 2874/4000  reward     nan  ep_len    nan  fell    0  err_xy 0.120  std 0.500  lr 3.0e-04  fps   5109   872.6s
it 2875/4000  reward     nan  ep_len    nan  fell    0  err_xy 0.107  std 0.500  lr 3.0e-04  fps   4937   872.9s
it 2876/4000  reward     nan  ep_len    nan  fell    0  err_xy 0.101  std 0.500  lr 3.0e-04  fps   5141   873.2s
it 2877/4000  reward     nan  ep_len    nan  fell    0  err_xy 0.113  std 0.500  lr 3.0e-04  fps   5205   873.5s
it 2878/4000  reward     nan  ep_len    nan  fell    0  err_xy 0.103  std 0.500  lr 3.0e-04  fps   5143   873.8s
it 2879/4000  reward     nan  ep_len    nan  fell    0  err_xy 0.097  std 0.500  lr 3.0e-04  fps   5201   874.1s
it 2880/4000  reward     nan  ep_len    nan  fell    0  err_xy 0.093  std 0.500  lr 3.0e-04  fps   5202   874.3s
it 2881/4000  reward     nan  ep_len    nan  fell    0  err_xy 0.094  std 0.500  lr 3.0e-04  fps   5048   874.7s
it 2882/4000  reward     nan  ep_len    nan  fell    0  err_xy 0.096  std 0.500  lr 3.0e-04  fps   5250   874.9s
it 2883/4000  reward     nan  ep_len    nan  fell    0  err_xy 0.091  std 0.500  lr 3.0e-04  fps   5206   875.2s
it 2884/4000  reward   28.17  ep_len  400.0  fell    0  err_xy 0.161  std 0.500  lr 3.0e-04  fps   3841   875.6s
it 2885/4000  reward     nan  ep_len    nan  fell    0  err_xy 0.228  std 0.500  lr 3.0e-04  fps   4706   876.0s
it 2886/4000  reward     nan  ep_len    nan  fell    0  err_xy 0.186  std 0.500  lr 3.0e-04  fps   4939   876.3s
it 2887/4000  reward     nan  ep_len    nan  fell    0  err_xy 0.170  std 0.500  lr 3.0e-04  fps   5253   876.6s
it 2888/4000  reward     nan  ep_len    nan  fell    0  err_xy 0.138  std 0.500  lr 3.0e-04  fps   5301   876.9s
it 2889/4000  reward     nan  ep_len    nan  fell    0  err_xy 0.124  std 0.500  lr 3.0e-04  fps   5273   877.2s
it 2890/4000  reward     nan  ep_len    nan  fell    0  err_xy 0.117  std 0.500  lr 3.0e-04  fps   5263   877.4s
it 2891/4000  reward     nan  ep_len    nan  fell    0  err_xy 0.107  std 0.500  lr 3.0e-04  fps   5220   877.7s
it 2892/4000  reward     nan  ep_len    nan  fell    0  err_xy 0.102  std 0.500  lr 3.0e-04  fps   4957   878.1s
it 2893/4000  reward     nan  ep_len    nan  fell    0  err_xy 0.093  std 0.500  lr 3.0e-04  fps   5203   878.3s
it 2894/4000  reward     nan  ep_len    nan  fell    0  err_xy 0.099  std 0.500  lr 3.0e-04  fps   5150   878.6s
it 2895/4000  reward     nan  ep_len    nan  fell    0  err_xy 0.095  std 0.500  lr 3.0e-04  fps   4842   879.0s
it 2896/4000  reward     nan  ep_len    nan  fell    0  err_xy 0.097  std 0.500  lr 3.0e-04  fps   5020   879.3s
it 2897/4000  reward     nan  ep_len    nan  fell    0  err_xy 0.091  std 0.499  lr 3.0e-04  fps   5158   879.6s
it 2898/4000  reward     nan  ep_len    nan  fell    0  err_xy 0.094  std 0.500  lr 3.0e-04  fps   5328   879.9s
it 2899/4000  reward     nan  ep_len    nan  fell    0  err_xy 0.088  std 0.500  lr 3.0e-04  fps   5029   880.2s
it 2900/4000  reward   28.62  ep_len  400.0  fell    0  err_xy 0.093  std 0.500  lr 3.0e-04  fps   3914   880.6s
it 2901/4000  reward     nan  ep_len    nan  fell    0  err_xy 0.244  std 0.499  lr 3.0e-04  fps   5490   880.8s
it 2902/4000  reward     nan  ep_len    nan  fell    0  err_xy 0.233  std 0.499  lr 3.0e-04  fps   5339   881.1s
it 2903/4000  reward     nan  ep_len    nan  fell    0  err_xy 0.173  std 0.499  lr 3.0e-04  fps   5321   881.4s
it 2904/4000  reward     nan  ep_len    nan  fell    0  err_xy 0.150  std 0.499  lr 3.0e-04  fps   5238   881.7s
it 2905/4000  reward     nan  ep_len    nan  fell    0  err_xy 0.138  std 0.499  lr 3.0e-04  fps   5053   882.0s
it 2906/4000  reward     nan  ep_len    nan  fell    0  err_xy 0.139  std 0.499  lr 3.0e-04  fps   5294   882.3s
it 2907/4000  reward     nan  ep_len    nan  fell    0  err_xy 0.123  std 0.500  lr 3.0e-04  fps   5231   882.6s
it 2908/4000  reward     nan  ep_len    nan  fell    0  err_xy 0.111  std 0.500  lr 3.0e-04  fps   5262   882.9s
it 2909/4000  reward     nan  ep_len    nan  fell    0  err_xy 0.106  std 0.500  lr 3.0e-04  fps   5187   883.2s
it 2910/4000  reward     nan  ep_len    nan  fell    0  err_xy 0.097  std 0.499  lr 3.0e-04  fps   5160   883.5s
it 2911/4000  reward     nan  ep_len    nan  fell    0  err_xy 0.094  std 0.499  lr 3.0e-04  fps   5197   883.8s
it 2912/4000  reward     nan  ep_len    nan  fell    0  err_xy 0.098  std 0.499  lr 3.0e-04  fps   5200   884.1s
it 2913/4000  reward     nan  ep_len    nan  fell    0  err_xy 0.105  std 0.499  lr 3.0e-04  fps   5157   884.4s
it 2914/4000  reward     nan  ep_len    nan  fell    0  err_xy 0.102  std 0.499  lr 3.0e-04  fps   5110   884.7s
it 2915/4000  reward     nan  ep_len    nan  fell    0  err_xy 0.097  std 0.499  lr 3.0e-04  fps   5117   885.0s
it 2916/4000  reward     nan  ep_len    nan  fell    0  err_xy 0.087  std 0.500  lr 3.0e-04  fps   5175   885.3s
it 2917/4000  reward   28.77  ep_len  400.0  fell    0  err_xy 0.121  std 0.500  lr 3.0e-04  fps   3899   885.7s
it 2918/4000  reward     nan  ep_len    nan  fell    0  err_xy 0.257  std 0.500  lr 3.0e-04  fps   5319   886.0s
it 2919/4000  reward     nan  ep_len    nan  fell    0  err_xy 0.212  std 0.500  lr 3.0e-04  fps   5309   886.2s
it 2920/4000  reward     nan  ep_len    nan  fell    0  err_xy 0.182  std 0.500  lr 3.0e-04  fps   5319   886.5s
it 2921/4000  reward     nan  ep_len    nan  fell    0  err_xy 0.147  std 0.500  lr 3.0e-04  fps   5224   886.8s
it 2922/4000  reward     nan  ep_len    nan  fell    0  err_xy 0.127  std 0.500  lr 3.0e-04  fps   5048   887.1s
it 2923/4000  reward     nan  ep_len    nan  fell    0  err_xy 0.113  std 0.500  lr 3.0e-04  fps   5198   887.4s
it 2924/4000  reward     nan  ep_len    nan  fell    0  err_xy 0.101  std 0.500  lr 3.0e-04  fps   5231   887.7s
it 2925/4000  reward     nan  ep_len    nan  fell    0  err_xy 0.100  std 0.500  lr 3.0e-04  fps   5307   888.0s
it 2926/4000  reward     nan  ep_len    nan  fell    0  err_xy 0.097  std 0.500  lr 3.0e-04  fps   5204   888.3s
it 2927/4000  reward     nan  ep_len    nan  fell    0  err_xy 0.092  std 0.500  lr 3.0e-04  fps   5148   888.6s
it 2928/4000  reward     nan  ep_len    nan  fell    0  err_xy 0.089  std 0.500  lr 3.0e-04  fps   4940   888.9s
it 2929/4000  reward     nan  ep_len    nan  fell    0  err_xy 0.084  std 0.500  lr 3.0e-04  fps   5024   889.2s
it 2930/4000  reward     nan  ep_len    nan  fell    0  err_xy 0.086  std 0.499  lr 3.0e-04  fps   4951   889.5s
it 2931/4000  reward     nan  ep_len    nan  fell    0  err_xy 0.087  std 0.499  lr 3.0e-04  fps   4374   889.9s
it 2932/4000  reward     nan  ep_len    nan  fell    0  err_xy 0.098  std 0.499  lr 3.0e-04  fps   4602   890.2s
it 2933/4000  reward     nan  ep_len    nan  fell    0  err_xy 0.101  std 0.499  lr 3.0e-04  fps   5136   890.5s
it 2934/4000  reward   29.36  ep_len  400.0  fell    0  err_xy 0.201  std 0.499  lr 3.0e-04  fps   4015   890.9s
it 2935/4000  reward     nan  ep_len    nan  fell    0  err_xy 0.253  std 0.500  lr 3.0e-04  fps   5359   891.2s
it 2936/4000  reward     nan  ep_len    nan  fell    0  err_xy 0.203  std 0.500  lr 3.0e-04  fps   5298   891.5s
it 2937/4000  reward     nan  ep_len    nan  fell    0  err_xy 0.170  std 0.500  lr 3.0e-04  fps   4817   891.8s
it 2938/4000  reward     nan  ep_len    nan  fell    0  err_xy 0.156  std 0.500  lr 3.0e-04  fps   5120   892.1s
it 2939/4000  reward     nan  ep_len    nan  fell    0  err_xy 0.140  std 0.500  lr 3.0e-04  fps   5194   892.4s
it 2940/4000  reward     nan  ep_len    nan  fell    0  err_xy 0.130  std 0.500  lr 3.0e-04  fps   5127   892.7s
it 2941/4000  reward     nan  ep_len    nan  fell    0  err_xy 0.127  std 0.500  lr 3.0e-04  fps   5129   893.0s
it 2942/4000  reward     nan  ep_len    nan  fell    0  err_xy 0.115  std 0.500  lr 3.0e-04  fps   5008   893.3s
it 2943/4000  reward     nan  ep_len    nan  fell    0  err_xy 0.105  std 0.500  lr 3.0e-04  fps   5064   893.6s
it 2944/4000  reward     nan  ep_len    nan  fell    0  err_xy 0.100  std 0.500  lr 3.0e-04  fps   5146   893.9s
it 2945/4000  reward     nan  ep_len    nan  fell    0  err_xy 0.100  std 0.500  lr 3.0e-04  fps   5074   894.2s
it 2946/4000  reward     nan  ep_len    nan  fell    0  err_xy 0.102  std 0.500  lr 3.0e-04  fps   4953   894.5s
it 2947/4000  reward     nan  ep_len    nan  fell    0  err_xy 0.097  std 0.500  lr 3.0e-04  fps   5102   894.8s
it 2948/4000  reward     nan  ep_len    nan  fell    0  err_xy 0.094  std 0.500  lr 3.0e-04  fps   5095   895.1s
it 2949/4000  reward     nan  ep_len    nan  fell    0  err_xy 0.101  std 0.500  lr 3.0e-04  fps   5129   895.4s
it 2950/4000  reward   27.32  ep_len  400.0  fell    0  err_xy 0.112  std 0.500  lr 3.0e-04  fps   3992   895.8s
it 2951/4000  reward     nan  ep_len    nan  fell    0  err_xy 0.232  std 0.500  lr 3.0e-04  fps   5417   896.1s
it 2952/4000  reward     nan  ep_len    nan  fell    0  err_xy 0.223  std 0.500  lr 3.0e-04  fps   5521   896.4s
it 2953/4000  reward     nan  ep_len    nan  fell    0  err_xy 0.190  std 0.500  lr 3.0e-04  fps   5472   896.6s
it 2954/4000  reward     nan  ep_len    nan  fell    0  err_xy 0.146  std 0.500  lr 3.0e-04  fps   5377   896.9s
it 2955/4000  reward     nan  ep_len    nan  fell    0  err_xy 0.136  std 0.500  lr 3.0e-04  fps   5338   897.2s
it 2956/4000  reward     nan  ep_len    nan  fell    0  err_xy 0.123  std 0.500  lr 3.0e-04  fps   5158   897.5s
it 2957/4000  reward     nan  ep_len    nan  fell    0  err_xy 0.118  std 0.500  lr 3.0e-04  fps   5288   897.8s
it 2958/4000  reward     nan  ep_len    nan  fell    0  err_xy 0.121  std 0.500  lr 3.0e-04  fps   5271   898.1s
it 2959/4000  reward     nan  ep_len    nan  fell    0  err_xy 0.129  std 0.500  lr 3.0e-04  fps   5264   898.4s
it 2960/4000  reward     nan  ep_len    nan  fell    0  err_xy 0.129  std 0.500  lr 3.0e-04  fps   5252   898.7s
it 2961/4000  reward     nan  ep_len    nan  fell    0  err_xy 0.116  std 0.500  lr 3.0e-04  fps   4976   899.0s
it 2962/4000  reward     nan  ep_len    nan  fell    0  err_xy 0.117  std 0.500  lr 3.0e-04  fps   5185   899.3s
it 2963/4000  reward     nan  ep_len    nan  fell    0  err_xy 0.127  std 0.500  lr 3.0e-04  fps   5047   899.6s
it 2964/4000  reward     nan  ep_len    nan  fell    0  err_xy 0.113  std 0.500  lr 3.0e-04  fps   4881   899.9s
it 2965/4000  reward     nan  ep_len    nan  fell    0  err_xy 0.120  std 0.500  lr 3.0e-04  fps   5230   900.2s
it 2966/4000  reward     nan  ep_len    nan  fell    0  err_xy 0.126  std 0.500  lr 3.0e-04  fps   5236   900.5s
it 2967/4000  reward   26.28  ep_len  400.0  fell    0  err_xy 0.146  std 0.500  lr 3.0e-04  fps   4257   900.9s
it 2968/4000  reward     nan  ep_len    nan  fell    0  err_xy 0.264  std 0.500  lr 3.0e-04  fps   5397   901.1s
it 2969/4000  reward     nan  ep_len    nan  fell    0  err_xy 0.227  std 0.500  lr 3.0e-04  fps   5532   901.4s
it 2970/4000  reward     nan  ep_len    nan  fell    0  err_xy 0.196  std 0.500  lr 3.0e-04  fps   5386   901.7s
it 2971/4000  reward     nan  ep_len    nan  fell    0  err_xy 0.174  std 0.500  lr 3.0e-04  fps   5368   902.0s
it 2972/4000  reward     nan  ep_len    nan  fell    0  err_xy 0.139  std 0.500  lr 3.0e-04  fps   5331   902.3s
it 2973/4000  reward     nan  ep_len    nan  fell    0  err_xy 0.122  std 0.500  lr 3.0e-04  fps   5296   902.6s
it 2974/4000  reward     nan  ep_len    nan  fell    0  err_xy 0.118  std 0.500  lr 3.0e-04  fps   5060   902.9s
it 2975/4000  reward     nan  ep_len    nan  fell    0  err_xy 0.119  std 0.500  lr 3.0e-04  fps   5266   903.2s
it 2976/4000  reward     nan  ep_len    nan  fell    0  err_xy 0.129  std 0.500  lr 3.0e-04  fps   5320   903.5s
it 2977/4000  reward     nan  ep_len    nan  fell    0  err_xy 0.115  std 0.500  lr 3.0e-04  fps   5329   903.7s
it 2978/4000  reward     nan  ep_len    nan  fell    0  err_xy 0.116  std 0.500  lr 3.0e-04  fps   5255   904.0s
it 2979/4000  reward     nan  ep_len    nan  fell    0  err_xy 0.123  std 0.500  lr 3.0e-04  fps   5317   904.3s
it 2980/4000  reward     nan  ep_len    nan  fell    0  err_xy 0.124  std 0.500  lr 3.0e-04  fps   5367   904.6s
it 2981/4000  reward     nan  ep_len    nan  fell    0  err_xy 0.124  std 0.500  lr 3.0e-04  fps   5398   904.9s
it 2982/4000  reward     nan  ep_len    nan  fell    0  err_xy 0.123  std 0.500  lr 3.0e-04  fps   5494   905.2s
it 2983/4000  reward     nan  ep_len    nan  fell    0  err_xy 0.121  std 0.500  lr 3.0e-04  fps   5364   905.5s
it 2984/4000  reward   25.67  ep_len  400.0  fell    0  err_xy 0.180  std 0.500  lr 3.0e-04  fps   4056   905.8s
it 2985/4000  reward     nan  ep_len    nan  fell    0  err_xy 0.255  std 0.500  lr 3.0e-04  fps   5409   906.1s
it 2986/4000  reward     nan  ep_len    nan  fell    0  err_xy 0.219  std 0.500  lr 3.0e-04  fps   5310   906.4s
it 2987/4000  reward     nan  ep_len    nan  fell    0  err_xy 0.168  std 0.500  lr 3.0e-04  fps   5450   906.7s
it 2988/4000  reward     nan  ep_len    nan  fell    0  err_xy 0.148  std 0.500  lr 3.0e-04  fps   5349   907.0s
it 2989/4000  reward     nan  ep_len    nan  fell    0  err_xy 0.133  std 0.500  lr 3.0e-04  fps   4902   907.3s
it 2990/4000  reward     nan  ep_len    nan  fell    0  err_xy 0.126  std 0.500  lr 3.0e-04  fps   5302   907.6s
it 2991/4000  reward     nan  ep_len    nan  fell    0  err_xy 0.119  std 0.500  lr 3.0e-04  fps   4933   907.9s
it 2992/4000  reward     nan  ep_len    nan  fell    0  err_xy 0.115  std 0.500  lr 3.0e-04  fps   5256   908.2s
it 2993/4000  reward     nan  ep_len    nan  fell    0  err_xy 0.106  std 0.500  lr 3.0e-04  fps   5255   908.5s
it 2994/4000  reward     nan  ep_len    nan  fell    0  err_xy 0.105  std 0.499  lr 3.0e-04  fps   5238   908.8s
it 2995/4000  reward     nan  ep_len    nan  fell    0  err_xy 0.097  std 0.499  lr 3.0e-04  fps   5202   909.1s
it 2996/4000  reward     nan  ep_len    nan  fell    0  err_xy 0.099  std 0.500  lr 3.0e-04  fps   5063   909.4s
it 2997/4000  reward     nan  ep_len    nan  fell    0  err_xy 0.100  std 0.500  lr 3.0e-04  fps   5920   909.6s
it 2998/4000  reward     nan  ep_len    nan  fell    0  err_xy 0.105  std 0.500  lr 3.0e-04  fps   6249   909.9s
it 2999/4000  reward     nan  ep_len    nan  fell    0  err_xy 0.103  std 0.500  lr 3.0e-04  fps   6071   910.1s
it 3000/4000  reward   25.69  ep_len  400.0  fell    0  err_xy 0.114  std 0.500  lr 3.0e-04  fps   4613   910.5s
eval iteration 3000:
  prone          success   0.0%  time 8.00s  peak_τ 0.96 Nm  return 8.44
  supine         success   0.0%  time 8.00s  peak_τ 0.96 Nm  return -0.50
  score 0.000
it 3001/4000  reward     nan  ep_len    nan  fell    0  err_xy 0.228  std 0.500  lr 3.0e-04  fps   5410   912.7s
it 3002/4000  reward     nan  ep_len    nan  fell    0  err_xy 0.236  std 0.500  lr 3.0e-04  fps   5411   913.0s
it 3003/4000  reward     nan  ep_len    nan  fell    0  err_xy 0.193  std 0.500  lr 3.0e-04  fps   5452   913.3s
it 3004/4000  reward     nan  ep_len    nan  fell    0  err_xy 0.182  std 0.500  lr 3.0e-04  fps   5503   913.6s
it 3005/4000  reward     nan  ep_len    nan  fell    0  err_xy 0.146  std 0.500  lr 3.0e-04  fps   5377   913.9s
it 3006/4000  reward     nan  ep_len    nan  fell    0  err_xy 0.136  std 0.500  lr 3.0e-04  fps   5342   914.1s
it 3007/4000  reward     nan  ep_len    nan  fell    0  err_xy 0.125  std 0.500  lr 3.0e-04  fps   5206   914.4s
it 3008/4000  reward     nan  ep_len    nan  fell    0  err_xy 0.120  std 0.500  lr 3.0e-04  fps   4981   914.7s
it 3009/4000  reward     nan  ep_len    nan  fell    0  err_xy 0.108  std 0.500  lr 3.0e-04  fps   5048   915.1s
it 3010/4000  reward     nan  ep_len    nan  fell    0  err_xy 0.121  std 0.500  lr 3.0e-04  fps   5099   915.4s
it 3011/4000  reward     nan  ep_len    nan  fell    0  err_xy 0.108  std 0.500  lr 3.0e-04  fps   5199   915.7s
it 3012/4000  reward     nan  ep_len    nan  fell    0  err_xy 0.110  std 0.500  lr 3.0e-04  fps   5296   915.9s
it 3013/4000  reward     nan  ep_len    nan  fell    0  err_xy 0.092  std 0.500  lr 3.0e-04  fps   5278   916.2s
it 3014/4000  reward     nan  ep_len    nan  fell    0  err_xy 0.103  std 0.500  lr 3.0e-04  fps   5120   916.5s
it 3015/4000  reward     nan  ep_len    nan  fell    0  err_xy 0.087  std 0.500  lr 3.0e-04  fps   5404   916.8s
it 3016/4000  reward     nan  ep_len    nan  fell    0  err_xy 0.088  std 0.500  lr 3.0e-04  fps   5360   917.1s
it 3017/4000  reward   24.29  ep_len  400.0  fell    0  err_xy 0.128  std 0.500  lr 3.0e-04  fps   4008   917.5s
it 3018/4000  reward     nan  ep_len    nan  fell    0  err_xy 0.241  std 0.500  lr 3.0e-04  fps   5505   917.8s
it 3019/4000  reward     nan  ep_len    nan  fell    0  err_xy 0.200  std 0.500  lr 3.0e-04  fps   5337   918.1s
it 3020/4000  reward     nan  ep_len    nan  fell    0  err_xy 0.176  std 0.500  lr 3.0e-04  fps   5292   918.3s
it 3021/4000  reward     nan  ep_len    nan  fell    0  err_xy 0.153  std 0.500  lr 3.0e-04  fps   5341   918.6s
it 3022/4000  reward     nan  ep_len    nan  fell    0  err_xy 0.145  std 0.500  lr 3.0e-04  fps   5436   918.9s
it 3023/4000  reward     nan  ep_len    nan  fell    0  err_xy 0.136  std 0.500  lr 3.0e-04  fps   5266   919.2s
it 3024/4000  reward     nan  ep_len    nan  fell    0  err_xy 0.125  std 0.500  lr 3.0e-04  fps   5233   919.5s
it 3025/4000  reward     nan  ep_len    nan  fell    0  err_xy 0.115  std 0.500  lr 3.0e-04  fps   5135   919.8s
it 3026/4000  reward     nan  ep_len    nan  fell    0  err_xy 0.104  std 0.500  lr 3.0e-04  fps   5082   920.1s
it 3027/4000  reward     nan  ep_len    nan  fell    0  err_xy 0.106  std 0.500  lr 3.0e-04  fps   4884   920.4s
it 3028/4000  reward     nan  ep_len    nan  fell    0  err_xy 0.108  std 0.500  lr 3.0e-04  fps   5146   920.7s
it 3029/4000  reward     nan  ep_len    nan  fell    0  err_xy 0.101  std 0.500  lr 3.0e-04  fps   5308   921.0s
it 3030/4000  reward     nan  ep_len    nan  fell    0  err_xy 0.102  std 0.500  lr 3.0e-04  fps   5364   921.3s
it 3031/4000  reward     nan  ep_len    nan  fell    0  err_xy 0.099  std 0.500  lr 3.0e-04  fps   4879   921.6s
it 3032/4000  reward     nan  ep_len    nan  fell    0  err_xy 0.090  std 0.500  lr 3.0e-04  fps   4967   921.9s
it 3033/4000  reward     nan  ep_len    nan  fell    0  err_xy 0.085  std 0.500  lr 3.0e-04  fps   5129   922.2s
it 3034/4000  reward   25.71  ep_len  400.0  fell    0  err_xy 0.176  std 0.500  lr 3.0e-04  fps   3932   922.6s
it 3035/4000  reward     nan  ep_len    nan  fell    0  err_xy 0.239  std 0.500  lr 3.0e-04  fps   5386   922.9s
it 3036/4000  reward     nan  ep_len    nan  fell    0  err_xy 0.181  std 0.500  lr 3.0e-04  fps   5363   923.2s
it 3037/4000  reward     nan  ep_len    nan  fell    0  err_xy 0.157  std 0.500  lr 3.0e-04  fps   5199   923.5s
it 3038/4000  reward     nan  ep_len    nan  fell    0  err_xy 0.143  std 0.500  lr 3.0e-04  fps   5237   923.8s
it 3039/4000  reward     nan  ep_len    nan  fell    0  err_xy 0.113  std 0.500  lr 3.0e-04  fps   5170   924.1s
it 3040/4000  reward     nan  ep_len    nan  fell    0  err_xy 0.096  std 0.500  lr 3.0e-04  fps   4860   924.4s
it 3041/4000  reward     nan  ep_len    nan  fell    0  err_xy 0.094  std 0.500  lr 3.0e-04  fps   5040   924.7s
it 3042/4000  reward     nan  ep_len    nan  fell    0  err_xy 0.089  std 0.500  lr 3.0e-04  fps   5045   925.0s
it 3043/4000  reward     nan  ep_len    nan  fell    0  err_xy 0.082  std 0.500  lr 3.0e-04  fps   5028   925.3s
it 3044/4000  reward     nan  ep_len    nan  fell    0  err_xy 0.076  std 0.500  lr 3.0e-04  fps   5103   925.6s
it 3045/4000  reward     nan  ep_len    nan  fell    0  err_xy 0.071  std 0.500  lr 3.0e-04  fps   4974   925.9s
it 3046/4000  reward     nan  ep_len    nan  fell    0  err_xy 0.072  std 0.500  lr 3.0e-04  fps   5101   926.2s
it 3047/4000  reward     nan  ep_len    nan  fell    0  err_xy 0.074  std 0.500  lr 3.0e-04  fps   4838   926.5s
it 3048/4000  reward     nan  ep_len    nan  fell    0  err_xy 0.087  std 0.500  lr 3.0e-04  fps   5055   926.8s
it 3049/4000  reward     nan  ep_len    nan  fell    0  err_xy 0.091  std 0.500  lr 3.0e-04  fps   5107   927.1s
it 3050/4000  reward   31.45  ep_len  400.0  fell    0  err_xy 0.088  std 0.500  lr 3.0e-04  fps   3945   927.5s
it 3051/4000  reward     nan  ep_len    nan  fell    0  err_xy 0.241  std 0.500  lr 3.0e-04  fps   5284   927.8s
it 3052/4000  reward     nan  ep_len    nan  fell    0  err_xy 0.185  std 0.500  lr 3.0e-04  fps   5383   928.1s
it 3053/4000  reward     nan  ep_len    nan  fell    0  err_xy 0.194  std 0.500  lr 3.0e-04  fps   5385   928.4s
it 3054/4000  reward     nan  ep_len    nan  fell    0  err_xy 0.156  std 0.500  lr 3.0e-04  fps   5181   928.7s
it 3055/4000  reward     nan  ep_len    nan  fell    0  err_xy 0.145  std 0.500  lr 3.0e-04  fps   5253   929.0s
it 3056/4000  reward     nan  ep_len    nan  fell    0  err_xy 0.120  std 0.500  lr 3.0e-04  fps   5210   929.3s
it 3057/4000  reward     nan  ep_len    nan  fell    0  err_xy 0.113  std 0.500  lr 3.0e-04  fps   4842   929.6s
it 3058/4000  reward     nan  ep_len    nan  fell    0  err_xy 0.099  std 0.500  lr 3.0e-04  fps   5079   929.9s
it 3059/4000  reward     nan  ep_len    nan  fell    0  err_xy 0.084  std 0.500  lr 3.0e-04  fps   5138   930.2s
it 3060/4000  reward     nan  ep_len    nan  fell    0  err_xy 0.083  std 0.500  lr 3.0e-04  fps   5105   930.5s
it 3061/4000  reward     nan  ep_len    nan  fell    0  err_xy 0.087  std 0.500  lr 3.0e-04  fps   5170   930.8s
it 3062/4000  reward     nan  ep_len    nan  fell    0  err_xy 0.078  std 0.500  lr 3.0e-04  fps   5042   931.1s
it 3063/4000  reward     nan  ep_len    nan  fell    0  err_xy 0.086  std 0.500  lr 3.0e-04  fps   4969   931.4s
it 3064/4000  reward     nan  ep_len    nan  fell    0  err_xy 0.084  std 0.500  lr 3.0e-04  fps   4799   931.7s
it 3065/4000  reward     nan  ep_len    nan  fell    0  err_xy 0.089  std 0.500  lr 3.0e-04  fps   5100   932.0s
it 3066/4000  reward     nan  ep_len    nan  fell    0  err_xy 0.088  std 0.500  lr 3.0e-04  fps   5294   932.3s
it 3067/4000  reward   28.73  ep_len  400.0  fell    0  err_xy 0.133  std 0.500  lr 3.0e-04  fps   4099   932.7s
it 3068/4000  reward     nan  ep_len    nan  fell    0  err_xy 0.241  std 0.500  lr 3.0e-04  fps   5359   933.0s
it 3069/4000  reward     nan  ep_len    nan  fell    0  err_xy 0.193  std 0.500  lr 3.0e-04  fps   5060   933.3s
it 3070/4000  reward     nan  ep_len    nan  fell    0  err_xy 0.160  std 0.500  lr 3.0e-04  fps   5027   933.6s
it 3071/4000  reward     nan  ep_len    nan  fell    0  err_xy 0.145  std 0.500  lr 3.0e-04  fps   5253   933.9s
it 3072/4000  reward     nan  ep_len    nan  fell    0  err_xy 0.147  std 0.500  lr 3.0e-04  fps   5034   934.2s
it 3073/4000  reward     nan  ep_len    nan  fell    0  err_xy 0.111  std 0.500  lr 3.0e-04  fps   5224   934.5s
it 3074/4000  reward     nan  ep_len    nan  fell    0  err_xy 0.106  std 0.500  lr 3.0e-04  fps   5189   934.8s
it 3075/4000  reward     nan  ep_len    nan  fell    0  err_xy 0.100  std 0.500  lr 3.0e-04  fps   5209   935.1s
it 3076/4000  reward     nan  ep_len    nan  fell    0  err_xy 0.093  std 0.500  lr 3.0e-04  fps   5175   935.4s
it 3077/4000  reward     nan  ep_len    nan  fell    0  err_xy 0.094  std 0.500  lr 3.0e-04  fps   5084   935.7s
it 3078/4000  reward     nan  ep_len    nan  fell    0  err_xy 0.095  std 0.500  lr 3.0e-04  fps   5140   936.0s
it 3079/4000  reward     nan  ep_len    nan  fell    0  err_xy 0.090  std 0.500  lr 3.0e-04  fps   5144   936.3s
it 3080/4000  reward     nan  ep_len    nan  fell    0  err_xy 0.081  std 0.500  lr 3.0e-04  fps   5081   936.6s
it 3081/4000  reward     nan  ep_len    nan  fell    0  err_xy 0.089  std 0.500  lr 3.0e-04  fps   5244   936.9s
it 3082/4000  reward     nan  ep_len    nan  fell    0  err_xy 0.087  std 0.500  lr 3.0e-04  fps   5167   937.2s
it 3083/4000  reward     nan  ep_len    nan  fell    0  err_xy 0.085  std 0.500  lr 3.0e-04  fps   5104   937.5s
it 3084/4000  reward   28.09  ep_len  400.0  fell    0  err_xy 0.178  std 0.500  lr 3.0e-04  fps   4025   937.8s
it 3085/4000  reward     nan  ep_len    nan  fell    0  err_xy 0.217  std 0.500  lr 3.0e-04  fps   5340   938.1s
it 3086/4000  reward     nan  ep_len    nan  fell    0  err_xy 0.183  std 0.500  lr 3.0e-04  fps   5298   938.4s
it 3087/4000  reward     nan  ep_len    nan  fell    0  err_xy 0.169  std 0.500  lr 3.0e-04  fps   5198   938.7s
it 3088/4000  reward     nan  ep_len    nan  fell    0  err_xy 0.148  std 0.500  lr 3.0e-04  fps   4739   939.0s
it 3089/4000  reward     nan  ep_len    nan  fell    0  err_xy 0.127  std 0.500  lr 3.0e-04  fps   4937   939.4s
it 3090/4000  reward     nan  ep_len    nan  fell    0  err_xy 0.113  std 0.500  lr 3.0e-04  fps   5083   939.7s
it 3091/4000  reward     nan  ep_len    nan  fell    0  err_xy 0.113  std 0.500  lr 3.0e-04  fps   4958   940.0s
it 3092/4000  reward     nan  ep_len    nan  fell    0  err_xy 0.110  std 0.500  lr 3.0e-04  fps   5111   940.3s
it 3093/4000  reward     nan  ep_len    nan  fell    0  err_xy 0.102  std 0.499  lr 3.0e-04  fps   5128   940.6s
it 3094/4000  reward     nan  ep_len    nan  fell    0  err_xy 0.101  std 0.499  lr 3.0e-04  fps   5115   940.9s
it 3095/4000  reward     nan  ep_len    nan  fell    0  err_xy 0.101  std 0.500  lr 3.0e-04  fps   5195   941.2s
it 3096/4000  reward     nan  ep_len    nan  fell    0  err_xy 0.103  std 0.500  lr 3.0e-04  fps   5102   941.5s
it 3097/4000  reward     nan  ep_len    nan  fell    0  err_xy 0.108  std 0.500  lr 3.0e-04  fps   4913   941.8s
it 3098/4000  reward     nan  ep_len    nan  fell    0  err_xy 0.092  std 0.499  lr 3.0e-04  fps   5194   942.1s
it 3099/4000  reward     nan  ep_len    nan  fell    0  err_xy 0.098  std 0.500  lr 3.0e-04  fps   5227   942.4s
it 3100/4000  reward   28.44  ep_len  400.0  fell    0  err_xy 0.079  std 0.500  lr 3.0e-04  fps   3924   942.8s
it 3101/4000  reward     nan  ep_len    nan  fell    0  err_xy 0.249  std 0.500  lr 3.0e-04  fps   5289   943.1s
it 3102/4000  reward     nan  ep_len    nan  fell    0  err_xy 0.200  std 0.500  lr 3.0e-04  fps   5359   943.3s
it 3103/4000  reward     nan  ep_len    nan  fell    0  err_xy 0.182  std 0.500  lr 3.0e-04  fps   4467   943.7s
it 3104/4000  reward     nan  ep_len    nan  fell    0  err_xy 0.150  std 0.500  lr 3.0e-04  fps   4304   944.0s
it 3105/4000  reward     nan  ep_len    nan  fell    0  err_xy 0.137  std 0.500  lr 3.0e-04  fps   4206   944.4s
it 3106/4000  reward     nan  ep_len    nan  fell    0  err_xy 0.135  std 0.500  lr 3.0e-04  fps   4201   944.8s
it 3107/4000  reward     nan  ep_len    nan  fell    0  err_xy 0.128  std 0.500  lr 3.0e-04  fps   4194   945.1s
it 3108/4000  reward     nan  ep_len    nan  fell    0  err_xy 0.125  std 0.500  lr 3.0e-04  fps   4253   945.5s
it 3109/4000  reward     nan  ep_len    nan  fell    0  err_xy 0.111  std 0.500  lr 3.0e-04  fps   4295   945.9s
it 3110/4000  reward     nan  ep_len    nan  fell    0  err_xy 0.105  std 0.500  lr 3.0e-04  fps   4317   946.2s
it 3111/4000  reward     nan  ep_len    nan  fell    0  err_xy 0.099  std 0.500  lr 3.0e-04  fps   4293   946.6s
it 3112/4000  reward     nan  ep_len    nan  fell    0  err_xy 0.099  std 0.500  lr 3.0e-04  fps   4925   946.9s
it 3113/4000  reward     nan  ep_len    nan  fell    0  err_xy 0.097  std 0.500  lr 3.0e-04  fps   4963   947.2s
it 3114/4000  reward     nan  ep_len    nan  fell    0  err_xy 0.086  std 0.500  lr 3.0e-04  fps   4588   947.5s
it 3115/4000  reward     nan  ep_len    nan  fell    0  err_xy 0.076  std 0.500  lr 3.0e-04  fps   4909   947.8s
it 3116/4000  reward     nan  ep_len    nan  fell    0  err_xy 0.078  std 0.500  lr 3.0e-04  fps   4927   948.2s
it 3117/4000  reward   27.74  ep_len  400.0  fell    0  err_xy 0.122  std 0.500  lr 3.0e-04  fps   3793   948.6s
it 3118/4000  reward     nan  ep_len    nan  fell    0  err_xy 0.265  std 0.500  lr 3.0e-04  fps   5185   948.9s
it 3119/4000  reward     nan  ep_len    nan  fell    0  err_xy 0.197  std 0.500  lr 3.0e-04  fps   5085   949.2s
it 3120/4000  reward     nan  ep_len    nan  fell    0  err_xy 0.161  std 0.500  lr 3.0e-04  fps   5038   949.5s
it 3121/4000  reward     nan  ep_len    nan  fell    0  err_xy 0.146  std 0.500  lr 3.0e-04  fps   5115   949.8s
it 3122/4000  reward     nan  ep_len    nan  fell    0  err_xy 0.131  std 0.500  lr 3.0e-04  fps   4687   950.1s
it 3123/4000  reward     nan  ep_len    nan  fell    0  err_xy 0.122  std 0.500  lr 3.0e-04  fps   4949   950.4s
it 3124/4000  reward     nan  ep_len    nan  fell    0  err_xy 0.115  std 0.500  lr 3.0e-04  fps   5012   950.7s
it 3125/4000  reward     nan  ep_len    nan  fell    0  err_xy 0.118  std 0.500  lr 3.0e-04  fps   4983   951.0s
it 3126/4000  reward     nan  ep_len    nan  fell    0  err_xy 0.111  std 0.500  lr 3.0e-04  fps   5315   951.3s
it 3127/4000  reward     nan  ep_len    nan  fell    0  err_xy 0.112  std 0.500  lr 3.0e-04  fps   5274   951.6s
it 3128/4000  reward     nan  ep_len    nan  fell    0  err_xy 0.104  std 0.500  lr 3.0e-04  fps   5206   951.9s
it 3129/4000  reward     nan  ep_len    nan  fell    0  err_xy 0.098  std 0.500  lr 3.0e-04  fps   5218   952.2s
it 3130/4000  reward     nan  ep_len    nan  fell    0  err_xy 0.095  std 0.500  lr 3.0e-04  fps   5218   952.5s
it 3131/4000  reward     nan  ep_len    nan  fell    0  err_xy 0.096  std 0.500  lr 3.0e-04  fps   5191   952.8s
it 3132/4000  reward     nan  ep_len    nan  fell    0  err_xy 0.099  std 0.500  lr 3.0e-04  fps   5255   953.1s
it 3133/4000  reward     nan  ep_len    nan  fell    0  err_xy 0.097  std 0.500  lr 3.0e-04  fps   5328   953.4s
it 3134/4000  reward   27.39  ep_len  400.0  fell    0  err_xy 0.197  std 0.500  lr 3.0e-04  fps   4066   953.7s
it 3135/4000  reward     nan  ep_len    nan  fell    0  err_xy 0.264  std 0.500  lr 3.0e-04  fps   5437   954.0s
it 3136/4000  reward     nan  ep_len    nan  fell    0  err_xy 0.186  std 0.500  lr 3.0e-04  fps   5458   954.3s
it 3137/4000  reward     nan  ep_len    nan  fell    0  err_xy 0.147  std 0.500  lr 3.0e-04  fps   5303   954.6s
it 3138/4000  reward     nan  ep_len    nan  fell    0  err_xy 0.132  std 0.500  lr 3.0e-04  fps   5259   954.9s
it 3139/4000  reward     nan  ep_len    nan  fell    0  err_xy 0.122  std 0.500  lr 3.0e-04  fps   4969   955.2s
it 3140/4000  reward     nan  ep_len    nan  fell    0  err_xy 0.108  std 0.500  lr 3.0e-04  fps   5181   955.5s
it 3141/4000  reward     nan  ep_len    nan  fell    0  err_xy 0.109  std 0.500  lr 3.0e-04  fps   5232   955.8s
it 3142/4000  reward     nan  ep_len    nan  fell    0  err_xy 0.108  std 0.500  lr 3.0e-04  fps   5122   956.1s
it 3143/4000  reward     nan  ep_len    nan  fell    0  err_xy 0.099  std 0.500  lr 3.0e-04  fps   5187   956.4s
it 3144/4000  reward     nan  ep_len    nan  fell    0  err_xy 0.101  std 0.500  lr 3.0e-04  fps   5203   956.7s
it 3145/4000  reward     nan  ep_len    nan  fell    0  err_xy 0.095  std 0.499  lr 3.0e-04  fps   5185   957.0s
it 3146/4000  reward     nan  ep_len    nan  fell    0  err_xy 0.097  std 0.499  lr 3.0e-04  fps   5187   957.3s
it 3147/4000  reward     nan  ep_len    nan  fell    0  err_xy 0.106  std 0.499  lr 3.0e-04  fps   5161   957.6s
it 3148/4000  reward     nan  ep_len    nan  fell    0  err_xy 0.114  std 0.500  lr 3.0e-04  fps   5203   957.9s
it 3149/4000  reward     nan  ep_len    nan  fell    0  err_xy 0.108  std 0.500  lr 3.0e-04  fps   5244   958.2s
it 3150/4000  reward   26.29  ep_len  400.0  fell    0  err_xy 0.099  std 0.500  lr 3.0e-04  fps   3990   958.5s
it 3151/4000  reward     nan  ep_len    nan  fell    0  err_xy 0.260  std 0.500  lr 3.0e-04  fps   5422   958.8s
it 3152/4000  reward     nan  ep_len    nan  fell    0  err_xy 0.216  std 0.500  lr 3.0e-04  fps   5377   959.1s
it 3153/4000  reward     nan  ep_len    nan  fell    0  err_xy 0.172  std 0.500  lr 3.0e-04  fps   5293   959.4s
it 3154/4000  reward     nan  ep_len    nan  fell    0  err_xy 0.164  std 0.500  lr 3.0e-04  fps   5143   959.7s
it 3155/4000  reward     nan  ep_len    nan  fell    0  err_xy 0.153  std 0.500  lr 3.0e-04  fps   5032   960.0s
it 3156/4000  reward     nan  ep_len    nan  fell    0  err_xy 0.138  std 0.500  lr 3.0e-04  fps   5188   960.3s
it 3157/4000  reward     nan  ep_len    nan  fell    0  err_xy 0.113  std 0.500  lr 3.0e-04  fps   4987   960.6s
it 3158/4000  reward     nan  ep_len    nan  fell    0  err_xy 0.113  std 0.500  lr 3.0e-04  fps   4414   961.0s
it 3159/4000  reward     nan  ep_len    nan  fell    0  err_xy 0.101  std 0.500  lr 3.0e-04  fps   4937   961.3s
it 3160/4000  reward     nan  ep_len    nan  fell    0  err_xy 0.089  std 0.500  lr 3.0e-04  fps   4562   961.6s
it 3161/4000  reward     nan  ep_len    nan  fell    0  err_xy 0.090  std 0.500  lr 3.0e-04  fps   4849   961.9s
it 3162/4000  reward     nan  ep_len    nan  fell    0  err_xy 0.088  std 0.500  lr 3.0e-04  fps   5102   962.2s
it 3163/4000  reward     nan  ep_len    nan  fell    0  err_xy 0.086  std 0.500  lr 3.0e-04  fps   5134   962.5s
it 3164/4000  reward     nan  ep_len    nan  fell    0  err_xy 0.082  std 0.500  lr 3.0e-04  fps   4472   962.9s
it 3165/4000  reward     nan  ep_len    nan  fell    0  err_xy 0.083  std 0.499  lr 3.0e-04  fps   5058   963.2s
it 3166/4000  reward     nan  ep_len    nan  fell    0  err_xy 0.079  std 0.500  lr 3.0e-04  fps   5130   963.5s
it 3167/4000  reward   28.55  ep_len  400.0  fell    0  err_xy 0.128  std 0.500  lr 3.0e-04  fps   3965   963.9s
it 3168/4000  reward     nan  ep_len    nan  fell    0  err_xy 0.260  std 0.500  lr 3.0e-04  fps   5337   964.1s
it 3169/4000  reward     nan  ep_len    nan  fell    0  err_xy 0.211  std 0.500  lr 3.0e-04  fps   5254   964.4s
it 3170/4000  reward     nan  ep_len    nan  fell    0  err_xy 0.181  std 0.500  lr 3.0e-04  fps   5269   964.7s
it 3171/4000  reward     nan  ep_len    nan  fell    0  err_xy 0.143  std 0.500  lr 3.0e-04  fps   5292   965.0s
it 3172/4000  reward     nan  ep_len    nan  fell    0  err_xy 0.135  std 0.500  lr 3.0e-04  fps   5215   965.3s
it 3173/4000  reward     nan  ep_len    nan  fell    0  err_xy 0.128  std 0.500  lr 3.0e-04  fps   5213   965.6s
it 3174/4000  reward     nan  ep_len    nan  fell    0  err_xy 0.122  std 0.500  lr 3.0e-04  fps   5234   965.9s
it 3175/4000  reward     nan  ep_len    nan  fell    0  err_xy 0.108  std 0.500  lr 3.0e-04  fps   5206   966.2s
it 3176/4000  reward     nan  ep_len    nan  fell    0  err_xy 0.102  std 0.500  lr 3.0e-04  fps   5180   966.5s
it 3177/4000  reward     nan  ep_len    nan  fell    0  err_xy 0.097  std 0.500  lr 3.0e-04  fps   5185   966.8s
it 3178/4000  reward     nan  ep_len    nan  fell    0  err_xy 0.107  std 0.500  lr 3.0e-04  fps   5114   967.1s
it 3179/4000  reward     nan  ep_len    nan  fell    0  err_xy 0.119  std 0.500  lr 3.0e-04  fps   5200   967.4s
it 3180/4000  reward     nan  ep_len    nan  fell    0  err_xy 0.115  std 0.500  lr 3.0e-04  fps   4959   967.7s
it 3181/4000  reward     nan  ep_len    nan  fell    0  err_xy 0.106  std 0.499  lr 3.0e-04  fps   5281   968.0s
it 3182/4000  reward     nan  ep_len    nan  fell    0  err_xy 0.095  std 0.499  lr 3.0e-04  fps   5243   968.3s
it 3183/4000  reward     nan  ep_len    nan  fell    0  err_xy 0.104  std 0.500  lr 3.0e-04  fps   5277   968.6s
it 3184/4000  reward   25.76  ep_len  400.0  fell    0  err_xy 0.170  std 0.500  lr 3.0e-04  fps   3911   969.0s
it 3185/4000  reward     nan  ep_len    nan  fell    0  err_xy 0.224  std 0.500  lr 3.0e-04  fps   5292   969.3s
it 3186/4000  reward     nan  ep_len    nan  fell    0  err_xy 0.180  std 0.500  lr 3.0e-04  fps   4872   969.6s
it 3187/4000  reward     nan  ep_len    nan  fell    0  err_xy 0.148  std 0.500  lr 3.0e-04  fps   5276   969.9s
it 3188/4000  reward     nan  ep_len    nan  fell    0  err_xy 0.135  std 0.500  lr 3.0e-04  fps   5294   970.2s
it 3189/4000  reward     nan  ep_len    nan  fell    0  err_xy 0.129  std 0.500  lr 3.0e-04  fps   5232   970.5s
it 3190/4000  reward     nan  ep_len    nan  fell    0  err_xy 0.118  std 0.500  lr 3.0e-04  fps   4962   970.8s
it 3191/4000  reward     nan  ep_len    nan  fell    0  err_xy 0.123  std 0.500  lr 3.0e-04  fps   5134   971.1s
it 3192/4000  reward     nan  ep_len    nan  fell    0  err_xy 0.108  std 0.500  lr 3.0e-04  fps   5276   971.4s
it 3193/4000  reward     nan  ep_len    nan  fell    0  err_xy 0.103  std 0.500  lr 3.0e-04  fps   5187   971.6s
it 3194/4000  reward     nan  ep_len    nan  fell    0  err_xy 0.109  std 0.500  lr 3.0e-04  fps   5201   971.9s
it 3195/4000  reward     nan  ep_len    nan  fell    0  err_xy 0.111  std 0.500  lr 3.0e-04  fps   5103   972.2s
it 3196/4000  reward     nan  ep_len    nan  fell    0  err_xy 0.105  std 0.499  lr 3.0e-04  fps   5157   972.5s
it 3197/4000  reward     nan  ep_len    nan  fell    0  err_xy 0.103  std 0.500  lr 3.0e-04  fps   6075   972.8s
it 3198/4000  reward     nan  ep_len    nan  fell    0  err_xy 0.114  std 0.500  lr 3.0e-04  fps   5999   973.1s
it 3199/4000  reward     nan  ep_len    nan  fell    0  err_xy 0.116  std 0.499  lr 3.0e-04  fps   6151   973.3s
it 3200/4000  reward   27.64  ep_len  400.0  fell    0  err_xy 0.098  std 0.500  lr 3.0e-04  fps   4621   973.6s
eval iteration 3200:
  prone          success   0.0%  time 8.00s  peak_τ 0.96 Nm  return 2.37
  supine         success   0.0%  time 8.00s  peak_τ 0.96 Nm  return 16.39
  score 0.000
it 3201/4000  reward     nan  ep_len    nan  fell    0  err_xy 0.238  std 0.500  lr 3.0e-04  fps   5513   975.9s
it 3202/4000  reward     nan  ep_len    nan  fell    0  err_xy 0.218  std 0.500  lr 3.0e-04  fps   5509   976.2s
it 3203/4000  reward     nan  ep_len    nan  fell    0  err_xy 0.181  std 0.500  lr 3.0e-04  fps   5497   976.5s
it 3204/4000  reward     nan  ep_len    nan  fell    0  err_xy 0.153  std 0.500  lr 3.0e-04  fps   5468   976.8s
it 3205/4000  reward     nan  ep_len    nan  fell    0  err_xy 0.141  std 0.500  lr 3.0e-04  fps   5367   977.0s
it 3206/4000  reward     nan  ep_len    nan  fell    0  err_xy 0.141  std 0.500  lr 3.0e-04  fps   5299   977.3s
it 3207/4000  reward     nan  ep_len    nan  fell    0  err_xy 0.127  std 0.500  lr 3.0e-04  fps   5289   977.6s
it 3208/4000  reward     nan  ep_len    nan  fell    0  err_xy 0.138  std 0.500  lr 3.0e-04  fps   5185   977.9s
it 3209/4000  reward     nan  ep_len    nan  fell    0  err_xy 0.136  std 0.500  lr 3.0e-04  fps   5338   978.2s
it 3210/4000  reward     nan  ep_len    nan  fell    0  err_xy 0.131  std 0.500  lr 3.0e-04  fps   5147   978.5s
it 3211/4000  reward     nan  ep_len    nan  fell    0  err_xy 0.116  std 0.500  lr 3.0e-04  fps   4989   978.8s
it 3212/4000  reward     nan  ep_len    nan  fell    0  err_xy 0.119  std 0.500  lr 3.0e-04  fps   5225   979.1s
it 3213/4000  reward     nan  ep_len    nan  fell    0  err_xy 0.119  std 0.500  lr 3.0e-04  fps   5150   979.4s
it 3214/4000  reward     nan  ep_len    nan  fell    0  err_xy 0.133  std 0.500  lr 3.0e-04  fps   5348   979.7s
it 3215/4000  reward     nan  ep_len    nan  fell    0  err_xy 0.137  std 0.500  lr 3.0e-04  fps   5430   980.0s
it 3216/4000  reward     nan  ep_len    nan  fell    0  err_xy 0.113  std 0.500  lr 3.0e-04  fps   5341   980.3s
it 3217/4000  reward   25.85  ep_len  400.0  fell    0  err_xy 0.140  std 0.500  lr 3.0e-04  fps   4019   980.6s
it 3218/4000  reward     nan  ep_len    nan  fell    0  err_xy 0.237  std 0.500  lr 3.0e-04  fps   5332   980.9s
it 3219/4000  reward     nan  ep_len    nan  fell    0  err_xy 0.189  std 0.500  lr 3.0e-04  fps   5188   981.2s
it 3220/4000  reward     nan  ep_len    nan  fell    0  err_xy 0.160  std 0.500  lr 3.0e-04  fps   5259   981.5s
it 3221/4000  reward     nan  ep_len    nan  fell    0  err_xy 0.166  std 0.500  lr 3.0e-04  fps   5375   981.8s
it 3222/4000  reward     nan  ep_len    nan  fell    0  err_xy 0.140  std 0.500  lr 3.0e-04  fps   5290   982.1s
it 3223/4000  reward     nan  ep_len    nan  fell    0  err_xy 0.129  std 0.500  lr 3.0e-04  fps   5092   982.4s
it 3224/4000  reward     nan  ep_len    nan  fell    0  err_xy 0.133  std 0.500  lr 3.0e-04  fps   4788   982.7s
it 3225/4000  reward     nan  ep_len    nan  fell    0  err_xy 0.133  std 0.500  lr 3.0e-04  fps   4866   983.0s
it 3226/4000  reward     nan  ep_len    nan  fell    0  err_xy 0.128  std 0.500  lr 3.0e-04  fps   4933   983.4s
it 3227/4000  reward     nan  ep_len    nan  fell    0  err_xy 0.119  std 0.500  lr 3.0e-04  fps   5148   983.7s
it 3228/4000  reward     nan  ep_len    nan  fell    0  err_xy 0.115  std 0.500  lr 3.0e-04  fps   5201   983.9s
it 3229/4000  reward     nan  ep_len    nan  fell    0  err_xy 0.112  std 0.500  lr 3.0e-04  fps   5224   984.2s
it 3230/4000  reward     nan  ep_len    nan  fell    0  err_xy 0.112  std 0.500  lr 3.0e-04  fps   5069   984.5s
it 3231/4000  reward     nan  ep_len    nan  fell    0  err_xy 0.106  std 0.500  lr 3.0e-04  fps   5269   984.8s
it 3232/4000  reward     nan  ep_len    nan  fell    0  err_xy 0.101  std 0.500  lr 3.0e-04  fps   5112   985.1s
it 3233/4000  reward     nan  ep_len    nan  fell    0  err_xy 0.109  std 0.500  lr 3.0e-04  fps   5119   985.4s
it 3234/4000  reward   27.05  ep_len  400.0  fell    0  err_xy 0.189  std 0.499  lr 3.0e-04  fps   4054   985.8s
it 3235/4000  reward     nan  ep_len    nan  fell    0  err_xy 0.227  std 0.499  lr 3.0e-04  fps   5475   986.1s
it 3236/4000  reward     nan  ep_len    nan  fell    0  err_xy 0.187  std 0.500  lr 3.0e-04  fps   5293   986.4s
it 3237/4000  reward     nan  ep_len    nan  fell    0  err_xy 0.163  std 0.500  lr 3.0e-04  fps   5208   986.7s
it 3238/4000  reward     nan  ep_len    nan  fell    0  err_xy 0.138  std 0.500  lr 3.0e-04  fps   5161   987.0s
it 3239/4000  reward     nan  ep_len    nan  fell    0  err_xy 0.128  std 0.500  lr 3.0e-04  fps   5148   987.3s
it 3240/4000  reward     nan  ep_len    nan  fell    0  err_xy 0.120  std 0.500  lr 3.0e-04  fps   5088   987.6s
it 3241/4000  reward     nan  ep_len    nan  fell    0  err_xy 0.113  std 0.500  lr 3.0e-04  fps   5070   987.9s
it 3242/4000  reward     nan  ep_len    nan  fell    0  err_xy 0.104  std 0.500  lr 3.0e-04  fps   4812   988.2s
it 3243/4000  reward     nan  ep_len    nan  fell    0  err_xy 0.106  std 0.500  lr 3.0e-04  fps   5056   988.5s
it 3244/4000  reward     nan  ep_len    nan  fell    0  err_xy 0.099  std 0.500  lr 3.0e-04  fps   5009   988.8s
it 3245/4000  reward     nan  ep_len    nan  fell    0  err_xy 0.096  std 0.500  lr 3.0e-04  fps   5100   989.1s
it 3246/4000  reward     nan  ep_len    nan  fell    0  err_xy 0.098  std 0.500  lr 3.0e-04  fps   5066   989.4s
it 3247/4000  reward     nan  ep_len    nan  fell    0  err_xy 0.096  std 0.500  lr 3.0e-04  fps   5099   989.7s
it 3248/4000  reward     nan  ep_len    nan  fell    0  err_xy 0.107  std 0.500  lr 3.0e-04  fps   5036   990.0s
it 3249/4000  reward     nan  ep_len    nan  fell    0  err_xy 0.104  std 0.500  lr 3.0e-04  fps   4991   990.3s
it 3250/4000  reward   29.29  ep_len  400.0  fell    0  err_xy 0.097  std 0.500  lr 3.0e-04  fps   4021   990.7s
it 3251/4000  reward     nan  ep_len    nan  fell    0  err_xy 0.232  std 0.500  lr 3.0e-04  fps   5235   991.0s
it 3252/4000  reward     nan  ep_len    nan  fell    0  err_xy 0.190  std 0.500  lr 3.0e-04  fps   5300   991.3s
it 3253/4000  reward     nan  ep_len    nan  fell    0  err_xy 0.168  std 0.500  lr 3.0e-04  fps   5223   991.6s
it 3254/4000  reward     nan  ep_len    nan  fell    0  err_xy 0.173  std 0.500  lr 3.0e-04  fps   5271   991.9s
it 3255/4000  reward     nan  ep_len    nan  fell    0  err_xy 0.157  std 0.500  lr 3.0e-04  fps   5244   992.2s
it 3256/4000  reward     nan  ep_len    nan  fell    0  err_xy 0.138  std 0.500  lr 3.0e-04  fps   5232   992.5s
it 3257/4000  reward     nan  ep_len    nan  fell    0  err_xy 0.131  std 0.500  lr 3.0e-04  fps   5187   992.8s
it 3258/4000  reward     nan  ep_len    nan  fell    0  err_xy 0.126  std 0.500  lr 3.0e-04  fps   5164   993.1s
it 3259/4000  reward     nan  ep_len    nan  fell    0  err_xy 0.126  std 0.500  lr 3.0e-04  fps   4891   993.4s
it 3260/4000  reward     nan  ep_len    nan  fell    0  err_xy 0.122  std 0.500  lr 3.0e-04  fps   5265   993.7s
it 3261/4000  reward     nan  ep_len    nan  fell    0  err_xy 0.117  std 0.500  lr 3.0e-04  fps   5199   994.0s
it 3262/4000  reward     nan  ep_len    nan  fell    0  err_xy 0.128  std 0.500  lr 3.0e-04  fps   5277   994.3s
it 3263/4000  reward     nan  ep_len    nan  fell    0  err_xy 0.131  std 0.500  lr 3.0e-04  fps   5082   994.6s
it 3264/4000  reward     nan  ep_len    nan  fell    0  err_xy 0.122  std 0.500  lr 3.0e-04  fps   5203   994.9s
it 3265/4000  reward     nan  ep_len    nan  fell    0  err_xy 0.130  std 0.500  lr 3.0e-04  fps   5209   995.2s
it 3266/4000  reward     nan  ep_len    nan  fell    0  err_xy 0.121  std 0.500  lr 3.0e-04  fps   5116   995.5s
it 3267/4000  reward   24.49  ep_len  400.0  fell    0  err_xy 0.147  std 0.500  lr 3.0e-04  fps   3697   995.9s
it 3268/4000  reward     nan  ep_len    nan  fell    0  err_xy 0.251  std 0.500  lr 3.0e-04  fps   4711   996.2s
it 3269/4000  reward     nan  ep_len    nan  fell    0  err_xy 0.191  std 0.500  lr 3.0e-04  fps   4828   996.5s
it 3270/4000  reward     nan  ep_len    nan  fell    0  err_xy 0.174  std 0.500  lr 3.0e-04  fps   5150   996.8s
it 3271/4000  reward     nan  ep_len    nan  fell    0  err_xy 0.159  std 0.500  lr 3.0e-04  fps   5372   997.1s
it 3272/4000  reward     nan  ep_len    nan  fell    0  err_xy 0.146  std 0.500  lr 3.0e-04  fps   5314   997.4s
it 3273/4000  reward     nan  ep_len    nan  fell    0  err_xy 0.136  std 0.500  lr 3.0e-04  fps   5332   997.7s
it 3274/4000  reward     nan  ep_len    nan  fell    0  err_xy 0.117  std 0.500  lr 3.0e-04  fps   5408   998.0s
it 3275/4000  reward     nan  ep_len    nan  fell    0  err_xy 0.113  std 0.500  lr 3.0e-04  fps   5359   998.2s
it 3276/4000  reward     nan  ep_len    nan  fell    0  err_xy 0.117  std 0.500  lr 3.0e-04  fps   5064   998.6s
it 3277/4000  reward     nan  ep_len    nan  fell    0  err_xy 0.114  std 0.500  lr 3.0e-04  fps   5357   998.8s
it 3278/4000  reward     nan  ep_len    nan  fell    0  err_xy 0.111  std 0.500  lr 3.0e-04  fps   5168   999.1s
it 3279/4000  reward     nan  ep_len    nan  fell    0  err_xy 0.104  std 0.500  lr 3.0e-04  fps   5288   999.4s
it 3280/4000  reward     nan  ep_len    nan  fell    0  err_xy 0.098  std 0.500  lr 3.0e-04  fps   5127   999.7s
it 3281/4000  reward     nan  ep_len    nan  fell    0  err_xy 0.097  std 0.499  lr 3.0e-04  fps   5329  1000.0s
it 3282/4000  reward     nan  ep_len    nan  fell    0  err_xy 0.102  std 0.500  lr 3.0e-04  fps   5333  1000.3s
it 3283/4000  reward     nan  ep_len    nan  fell    0  err_xy 0.102  std 0.500  lr 3.0e-04  fps   5331  1000.6s
it 3284/4000  reward   24.74  ep_len  400.0  fell    0  err_xy 0.165  std 0.500  lr 3.0e-04  fps   4087  1001.0s
it 3285/4000  reward     nan  ep_len    nan  fell    0  err_xy 0.211  std 0.500  lr 3.0e-04  fps   5404  1001.3s
it 3286/4000  reward     nan  ep_len    nan  fell    0  err_xy 0.153  std 0.500  lr 3.0e-04  fps   5268  1001.5s
it 3287/4000  reward     nan  ep_len    nan  fell    0  err_xy 0.155  std 0.500  lr 3.0e-04  fps   5262  1001.8s
it 3288/4000  reward     nan  ep_len    nan  fell    0  err_xy 0.148  std 0.500  lr 3.0e-04  fps   4965  1002.1s
it 3289/4000  reward     nan  ep_len    nan  fell    0  err_xy 0.122  std 0.500  lr 3.0e-04  fps   5170  1002.4s
it 3290/4000  reward     nan  ep_len    nan  fell    0  err_xy 0.112  std 0.500  lr 3.0e-04  fps   5179  1002.7s
it 3291/4000  reward     nan  ep_len    nan  fell    0  err_xy 0.104  std 0.500  lr 3.0e-04  fps   5157  1003.0s
it 3292/4000  reward     nan  ep_len    nan  fell    0  err_xy 0.100  std 0.500  lr 3.0e-04  fps   5032  1003.3s
it 3293/4000  reward     nan  ep_len    nan  fell    0  err_xy 0.093  std 0.500  lr 3.0e-04  fps   5086  1003.6s
it 3294/4000  reward     nan  ep_len    nan  fell    0  err_xy 0.084  std 0.500  lr 3.0e-04  fps   5074  1004.0s
it 3295/4000  reward     nan  ep_len    nan  fell    0  err_xy 0.083  std 0.499  lr 3.0e-04  fps   5030  1004.3s
it 3296/4000  reward     nan  ep_len    nan  fell    0  err_xy 0.076  std 0.499  lr 3.0e-04  fps   4917  1004.6s
it 3297/4000  reward     nan  ep_len    nan  fell    0  err_xy 0.077  std 0.499  lr 3.0e-04  fps   5082  1004.9s
it 3298/4000  reward     nan  ep_len    nan  fell    0  err_xy 0.097  std 0.500  lr 3.0e-04  fps   5239  1005.2s
it 3299/4000  reward     nan  ep_len    nan  fell    0  err_xy 0.096  std 0.499  lr 3.0e-04  fps   5139  1005.5s
it 3300/4000  reward   29.05  ep_len  400.0  fell    0  err_xy 0.101  std 0.499  lr 3.0e-04  fps   3913  1005.9s
it 3301/4000  reward     nan  ep_len    nan  fell    0  err_xy 0.224  std 0.500  lr 3.0e-04  fps   5402  1006.1s
it 3302/4000  reward     nan  ep_len    nan  fell    0  err_xy 0.208  std 0.500  lr 3.0e-04  fps   5449  1006.4s
it 3303/4000  reward     nan  ep_len    nan  fell    0  err_xy 0.167  std 0.500  lr 3.0e-04  fps   5382  1006.7s
it 3304/4000  reward     nan  ep_len    nan  fell    0  err_xy 0.150  std 0.500  lr 3.0e-04  fps   4998  1007.0s
it 3305/4000  reward     nan  ep_len    nan  fell    0  err_xy 0.145  std 0.500  lr 3.0e-04  fps   4868  1007.3s
it 3306/4000  reward     nan  ep_len    nan  fell    0  err_xy 0.140  std 0.500  lr 3.0e-04  fps   5104  1007.6s
it 3307/4000  reward     nan  ep_len    nan  fell    0  err_xy 0.145  std 0.500  lr 3.0e-04  fps   5221  1007.9s
it 3308/4000  reward     nan  ep_len    nan  fell    0  err_xy 0.119  std 0.500  lr 3.0e-04  fps   5259  1008.2s
it 3309/4000  reward     nan  ep_len    nan  fell    0  err_xy 0.110  std 0.500  lr 3.0e-04  fps   5115  1008.5s
it 3310/4000  reward     nan  ep_len    nan  fell    0  err_xy 0.095  std 0.500  lr 3.0e-04  fps   5139  1008.8s
it 3311/4000  reward     nan  ep_len    nan  fell    0  err_xy 0.087  std 0.500  lr 3.0e-04  fps   4966  1009.1s
it 3312/4000  reward     nan  ep_len    nan  fell    0  err_xy 0.093  std 0.500  lr 3.0e-04  fps   5015  1009.4s
it 3313/4000  reward     nan  ep_len    nan  fell    0  err_xy 0.092  std 0.500  lr 3.0e-04  fps   4966  1009.7s
it 3314/4000  reward     nan  ep_len    nan  fell    0  err_xy 0.098  std 0.500  lr 3.0e-04  fps   5108  1010.0s
it 3315/4000  reward     nan  ep_len    nan  fell    0  err_xy 0.092  std 0.500  lr 3.0e-04  fps   5137  1010.3s
it 3316/4000  reward     nan  ep_len    nan  fell    0  err_xy 0.084  std 0.500  lr 3.0e-04  fps   5166  1010.6s
it 3317/4000  reward   27.75  ep_len  400.0  fell    0  err_xy 0.116  std 0.500  lr 3.0e-04  fps   3853  1011.0s
it 3318/4000  reward     nan  ep_len    nan  fell    0  err_xy 0.238  std 0.500  lr 3.0e-04  fps   5265  1011.3s
it 3319/4000  reward     nan  ep_len    nan  fell    0  err_xy 0.176  std 0.500  lr 3.0e-04  fps   5252  1011.6s
it 3320/4000  reward     nan  ep_len    nan  fell    0  err_xy 0.149  std 0.500  lr 3.0e-04  fps   5197  1011.9s
it 3321/4000  reward     nan  ep_len    nan  fell    0  err_xy 0.127  std 0.500  lr 3.0e-04  fps   5172  1012.2s
it 3322/4000  reward     nan  ep_len    nan  fell    0  err_xy 0.110  std 0.500  lr 3.0e-04  fps   5192  1012.5s
it 3323/4000  reward     nan  ep_len    nan  fell    0  err_xy 0.099  std 0.500  lr 3.0e-04  fps   4839  1012.8s
it 3324/4000  reward     nan  ep_len    nan  fell    0  err_xy 0.100  std 0.500  lr 3.0e-04  fps   5029  1013.1s
it 3325/4000  reward     nan  ep_len    nan  fell    0  err_xy 0.093  std 0.499  lr 3.0e-04  fps   5091  1013.4s
it 3326/4000  reward     nan  ep_len    nan  fell    0  err_xy 0.098  std 0.499  lr 3.0e-04  fps   5066  1013.7s
it 3327/4000  reward     nan  ep_len    nan  fell    0  err_xy 0.093  std 0.500  lr 3.0e-04  fps   5109  1014.0s
it 3328/4000  reward     nan  ep_len    nan  fell    0  err_xy 0.095  std 0.500  lr 3.0e-04  fps   4910  1014.4s
it 3329/4000  reward     nan  ep_len    nan  fell    0  err_xy 0.090  std 0.500  lr 3.0e-04  fps   4845  1014.7s
it 3330/4000  reward     nan  ep_len    nan  fell    0  err_xy 0.088  std 0.500  lr 3.0e-04  fps   4981  1015.0s
it 3331/4000  reward     nan  ep_len    nan  fell    0  err_xy 0.085  std 0.500  lr 3.0e-04  fps   5171  1015.3s
it 3332/4000  reward     nan  ep_len    nan  fell    0  err_xy 0.089  std 0.500  lr 3.0e-04  fps   5093  1015.6s
it 3333/4000  reward     nan  ep_len    nan  fell    0  err_xy 0.086  std 0.500  lr 3.0e-04  fps   5029  1015.9s
it 3334/4000  reward   28.63  ep_len  400.0  fell    0  err_xy 0.165  std 0.500  lr 3.0e-04  fps   4002  1016.3s
it 3335/4000  reward     nan  ep_len    nan  fell    0  err_xy 0.238  std 0.500  lr 3.0e-04  fps   5397  1016.6s
it 3336/4000  reward     nan  ep_len    nan  fell    0  err_xy 0.190  std 0.500  lr 3.0e-04  fps   5451  1016.8s
it 3337/4000  reward     nan  ep_len    nan  fell    0  err_xy 0.166  std 0.500  lr 3.0e-04  fps   5416  1017.1s
it 3338/4000  reward     nan  ep_len    nan  fell    0  err_xy 0.146  std 0.500  lr 3.0e-04  fps   5370  1017.4s
it 3339/4000  reward     nan  ep_len    nan  fell    0  err_xy 0.138  std 0.500  lr 3.0e-04  fps   5266  1017.7s
it 3340/4000  reward     nan  ep_len    nan  fell    0  err_xy 0.139  std 0.500  lr 3.0e-04  fps   5213  1018.0s
it 3341/4000  reward     nan  ep_len    nan  fell    0  err_xy 0.144  std 0.500  lr 3.0e-04  fps   5041  1018.3s
it 3342/4000  reward     nan  ep_len    nan  fell    0  err_xy 0.134  std 0.500  lr 3.0e-04  fps   5243  1018.6s
it 3343/4000  reward     nan  ep_len    nan  fell    0  err_xy 0.135  std 0.500  lr 3.0e-04  fps   5215  1018.9s
it 3344/4000  reward     nan  ep_len    nan  fell    0  err_xy 0.134  std 0.500  lr 3.0e-04  fps   5249  1019.2s
it 3345/4000  reward     nan  ep_len    nan  fell    0  err_xy 0.134  std 0.500  lr 3.0e-04  fps   5226  1019.5s
it 3346/4000  reward     nan  ep_len    nan  fell    0  err_xy 0.128  std 0.500  lr 3.0e-04  fps   5254  1019.8s
it 3347/4000  reward     nan  ep_len    nan  fell    0  err_xy 0.127  std 0.500  lr 3.0e-04  fps   5285  1020.1s
it 3348/4000  reward     nan  ep_len    nan  fell    0  err_xy 0.125  std 0.500  lr 3.0e-04  fps   5331  1020.4s
it 3349/4000  reward     nan  ep_len    nan  fell    0  err_xy 0.124  std 0.500  lr 3.0e-04  fps   5318  1020.6s
it 3350/4000  reward   22.78  ep_len  400.0  fell    0  err_xy 0.115  std 0.500  lr 3.0e-04  fps   4010  1021.0s
it 3351/4000  reward     nan  ep_len    nan  fell    0  err_xy 0.220  std 0.500  lr 3.0e-04  fps   5453  1021.3s
it 3352/4000  reward     nan  ep_len    nan  fell    0  err_xy 0.226  std 0.500  lr 3.0e-04  fps   5508  1021.6s
it 3353/4000  reward     nan  ep_len    nan  fell    0  err_xy 0.183  std 0.500  lr 3.0e-04  fps   5459  1021.9s
it 3354/4000  reward     nan  ep_len    nan  fell    0  err_xy 0.165  std 0.500  lr 3.0e-04  fps   5283  1022.2s
it 3355/4000  reward     nan  ep_len    nan  fell    0  err_xy 0.143  std 0.500  lr 3.0e-04  fps   5341  1022.4s
it 3356/4000  reward     nan  ep_len    nan  fell    0  err_xy 0.139  std 0.499  lr 3.0e-04  fps   4982  1022.8s
it 3357/4000  reward     nan  ep_len    nan  fell    0  err_xy 0.135  std 0.499  lr 3.0e-04  fps   4854  1023.1s
it 3358/4000  reward     nan  ep_len    nan  fell    0  err_xy 0.124  std 0.499  lr 3.0e-04  fps   5110  1023.4s
it 3359/4000  reward     nan  ep_len    nan  fell    0  err_xy 0.126  std 0.499  lr 3.0e-04  fps   5267  1023.7s
it 3360/4000  reward     nan  ep_len    nan  fell    0  err_xy 0.127  std 0.500  lr 3.0e-04  fps   5174  1024.0s
it 3361/4000  reward     nan  ep_len    nan  fell    0  err_xy 0.123  std 0.500  lr 3.0e-04  fps   3896  1024.4s
it 3362/4000  reward     nan  ep_len    nan  fell    0  err_xy 0.110  std 0.500  lr 3.0e-04  fps   5081  1024.7s
it 3363/4000  reward     nan  ep_len    nan  fell    0  err_xy 0.116  std 0.500  lr 3.0e-04  fps   5144  1025.0s
it 3364/4000  reward     nan  ep_len    nan  fell    0  err_xy 0.114  std 0.500  lr 3.0e-04  fps   5216  1025.3s
it 3365/4000  reward     nan  ep_len    nan  fell    0  err_xy 0.114  std 0.500  lr 3.0e-04  fps   5254  1025.5s
it 3366/4000  reward     nan  ep_len    nan  fell    0  err_xy 0.121  std 0.500  lr 3.0e-04  fps   5258  1025.8s
it 3367/4000  reward   25.16  ep_len  400.0  fell    0  err_xy 0.145  std 0.500  lr 3.0e-04  fps   3822  1026.2s
it 3368/4000  reward     nan  ep_len    nan  fell    0  err_xy 0.226  std 0.500  lr 3.0e-04  fps   5390  1026.5s
it 3369/4000  reward     nan  ep_len    nan  fell    0  err_xy 0.203  std 0.500  lr 3.0e-04  fps   5365  1026.8s
it 3370/4000  reward     nan  ep_len    nan  fell    0  err_xy 0.168  std 0.500  lr 3.0e-04  fps   5451  1027.1s
it 3371/4000  reward     nan  ep_len    nan  fell    0  err_xy 0.145  std 0.500  lr 3.0e-04  fps   5394  1027.4s
it 3372/4000  reward     nan  ep_len    nan  fell    0  err_xy 0.147  std 0.500  lr 3.0e-04  fps   5411  1027.7s
it 3373/4000  reward     nan  ep_len    nan  fell    0  err_xy 0.128  std 0.500  lr 3.0e-04  fps   5265  1028.0s
it 3374/4000  reward     nan  ep_len    nan  fell    0  err_xy 0.130  std 0.500  lr 3.0e-04  fps   5331  1028.2s
it 3375/4000  reward     nan  ep_len    nan  fell    0  err_xy 0.119  std 0.500  lr 3.0e-04  fps   5249  1028.5s
it 3376/4000  reward     nan  ep_len    nan  fell    0  err_xy 0.116  std 0.500  lr 3.0e-04  fps   5229  1028.8s
it 3377/4000  reward     nan  ep_len    nan  fell    0  err_xy 0.114  std 0.500  lr 3.0e-04  fps   5137  1029.1s
it 3378/4000  reward     nan  ep_len    nan  fell    0  err_xy 0.114  std 0.500  lr 3.0e-04  fps   5142  1029.4s
it 3379/4000  reward     nan  ep_len    nan  fell    0  err_xy 0.113  std 0.500  lr 3.0e-04  fps   5100  1029.7s
it 3380/4000  reward     nan  ep_len    nan  fell    0  err_xy 0.108  std 0.500  lr 3.0e-04  fps   5069  1030.0s
it 3381/4000  reward     nan  ep_len    nan  fell    0  err_xy 0.103  std 0.500  lr 3.0e-04  fps   5037  1030.3s
it 3382/4000  reward     nan  ep_len    nan  fell    0  err_xy 0.098  std 0.500  lr 3.0e-04  fps   5097  1030.6s
it 3383/4000  reward     nan  ep_len    nan  fell    0  err_xy 0.092  std 0.500  lr 3.0e-04  fps   5036  1030.9s
it 3384/4000  reward   28.74  ep_len  400.0  fell    0  err_xy 0.172  std 0.499  lr 3.0e-04  fps   4160  1031.3s
it 3385/4000  reward     nan  ep_len    nan  fell    0  err_xy 0.238  std 0.499  lr 3.0e-04  fps   5388  1031.6s
it 3386/4000  reward     nan  ep_len    nan  fell    0  err_xy 0.187  std 0.500  lr 3.0e-04  fps   5432  1031.9s
it 3387/4000  reward     nan  ep_len    nan  fell    0  err_xy 0.152  std 0.500  lr 3.0e-04  fps   5315  1032.2s
it 3388/4000  reward     nan  ep_len    nan  fell    0  err_xy 0.135  std 0.500  lr 3.0e-04  fps   5258  1032.5s
it 3389/4000  reward     nan  ep_len    nan  fell    0  err_xy 0.124  std 0.500  lr 3.0e-04  fps   5303  1032.8s
it 3390/4000  reward     nan  ep_len    nan  fell    0  err_xy 0.118  std 0.500  lr 3.0e-04  fps   5166  1033.1s
it 3391/4000  reward     nan  ep_len    nan  fell    0  err_xy 0.114  std 0.500  lr 3.0e-04  fps   5204  1033.3s
it 3392/4000  reward     nan  ep_len    nan  fell    0  err_xy 0.111  std 0.500  lr 3.0e-04  fps   5172  1033.6s
it 3393/4000  reward     nan  ep_len    nan  fell    0  err_xy 0.111  std 0.500  lr 3.0e-04  fps   5119  1033.9s
it 3394/4000  reward     nan  ep_len    nan  fell    0  err_xy 0.092  std 0.500  lr 3.0e-04  fps   5095  1034.2s
it 3395/4000  reward     nan  ep_len    nan  fell    0  err_xy 0.093  std 0.500  lr 3.0e-04  fps   4740  1034.6s
it 3396/4000  reward     nan  ep_len    nan  fell    0  err_xy 0.097  std 0.500  lr 3.0e-04  fps   5089  1034.9s
it 3397/4000  reward     nan  ep_len    nan  fell    0  err_xy 0.100  std 0.500  lr 3.0e-04  fps   5169  1035.2s
it 3398/4000  reward     nan  ep_len    nan  fell    0  err_xy 0.101  std 0.500  lr 3.0e-04  fps   6044  1035.4s
it 3399/4000  reward     nan  ep_len    nan  fell    0  err_xy 0.102  std 0.500  lr 3.0e-04  fps   6040  1035.7s
it 3400/4000  reward   27.54  ep_len  400.0  fell    0  err_xy 0.099  std 0.500  lr 3.0e-04  fps   4520  1036.0s
eval iteration 3400:
  prone          success   0.0%  time 8.00s  peak_τ 0.96 Nm  return -0.96
  supine         success   0.0%  time 8.00s  peak_τ 0.96 Nm  return 10.58
  score 0.000
it 3401/4000  reward     nan  ep_len    nan  fell    0  err_xy 0.225  std 0.500  lr 3.0e-04  fps   5299  1038.3s
it 3402/4000  reward     nan  ep_len    nan  fell    0  err_xy 0.204  std 0.500  lr 3.0e-04  fps   5434  1038.6s
it 3403/4000  reward     nan  ep_len    nan  fell    0  err_xy 0.159  std 0.500  lr 3.0e-04  fps   5402  1038.9s
it 3404/4000  reward     nan  ep_len    nan  fell    0  err_xy 0.143  std 0.500  lr 3.0e-04  fps   5290  1039.2s
it 3405/4000  reward     nan  ep_len    nan  fell    0  err_xy 0.145  std 0.500  lr 3.0e-04  fps   5263  1039.5s
it 3406/4000  reward     nan  ep_len    nan  fell    0  err_xy 0.131  std 0.500  lr 3.0e-04  fps   5322  1039.8s
it 3407/4000  reward     nan  ep_len    nan  fell    0  err_xy 0.124  std 0.500  lr 3.0e-04  fps   5297  1040.1s
it 3408/4000  reward     nan  ep_len    nan  fell    0  err_xy 0.125  std 0.500  lr 3.0e-04  fps   5308  1040.4s
it 3409/4000  reward     nan  ep_len    nan  fell    0  err_xy 0.117  std 0.500  lr 3.0e-04  fps   5299  1040.6s
it 3410/4000  reward     nan  ep_len    nan  fell    0  err_xy 0.103  std 0.500  lr 3.0e-04  fps   5290  1040.9s
it 3411/4000  reward     nan  ep_len    nan  fell    0  err_xy 0.100  std 0.500  lr 3.0e-04  fps   5166  1041.2s
it 3412/4000  reward     nan  ep_len    nan  fell    0  err_xy 0.105  std 0.499  lr 3.0e-04  fps   5130  1041.5s
it 3413/4000  reward     nan  ep_len    nan  fell    0  err_xy 0.110  std 0.499  lr 3.0e-04  fps   5367  1041.8s
it 3414/4000  reward     nan  ep_len    nan  fell    0  err_xy 0.099  std 0.500  lr 3.0e-04  fps   5102  1042.1s
it 3415/4000  reward     nan  ep_len    nan  fell    0  err_xy 0.095  std 0.500  lr 3.0e-04  fps   4898  1042.4s
it 3416/4000  reward     nan  ep_len    nan  fell    0  err_xy 0.103  std 0.500  lr 3.0e-04  fps   4957  1042.7s
it 3417/4000  reward   27.25  ep_len  400.0  fell    0  err_xy 0.132  std 0.500  lr 3.0e-04  fps   3784  1043.2s
it 3418/4000  reward     nan  ep_len    nan  fell    0  err_xy 0.242  std 0.500  lr 3.0e-04  fps   5387  1043.4s
it 3419/4000  reward     nan  ep_len    nan  fell    0  err_xy 0.187  std 0.500  lr 3.0e-04  fps   5454  1043.7s
it 3420/4000  reward     nan  ep_len    nan  fell    0  err_xy 0.164  std 0.500  lr 3.0e-04  fps   5356  1044.0s
it 3421/4000  reward     nan  ep_len    nan  fell    0  err_xy 0.156  std 0.500  lr 3.0e-04  fps   5310  1044.3s
it 3422/4000  reward     nan  ep_len    nan  fell    0  err_xy 0.137  std 0.500  lr 3.0e-04  fps   5144  1044.6s
it 3423/4000  reward     nan  ep_len    nan  fell    0  err_xy 0.123  std 0.500  lr 3.0e-04  fps   5025  1044.9s
it 3424/4000  reward     nan  ep_len    nan  fell    0  err_xy 0.127  std 0.500  lr 3.0e-04  fps   5098  1045.2s
it 3425/4000  reward     nan  ep_len    nan  fell    0  err_xy 0.123  std 0.500  lr 3.0e-04  fps   5177  1045.5s
it 3426/4000  reward     nan  ep_len    nan  fell    0  err_xy 0.117  std 0.500  lr 3.0e-04  fps   5262  1045.8s
it 3427/4000  reward     nan  ep_len    nan  fell    0  err_xy 0.101  std 0.500  lr 3.0e-04  fps   5215  1046.1s
it 3428/4000  reward     nan  ep_len    nan  fell    0  err_xy 0.105  std 0.500  lr 3.0e-04  fps   5137  1046.4s
it 3429/4000  reward     nan  ep_len    nan  fell    0  err_xy 0.099  std 0.500  lr 3.0e-04  fps   5095  1046.7s
it 3430/4000  reward     nan  ep_len    nan  fell    0  err_xy 0.106  std 0.500  lr 3.0e-04  fps   5124  1047.0s
it 3431/4000  reward     nan  ep_len    nan  fell    0  err_xy 0.102  std 0.500  lr 3.0e-04  fps   4808  1047.3s
it 3432/4000  reward     nan  ep_len    nan  fell    0  err_xy 0.089  std 0.500  lr 3.0e-04  fps   4961  1047.6s
it 3433/4000  reward     nan  ep_len    nan  fell    0  err_xy 0.089  std 0.500  lr 3.0e-04  fps   4965  1047.9s
it 3434/4000  reward   26.97  ep_len  400.0  fell    0  err_xy 0.191  std 0.500  lr 3.0e-04  fps   4143  1048.3s
it 3435/4000  reward     nan  ep_len    nan  fell    0  err_xy 0.259  std 0.500  lr 3.0e-04  fps   5384  1048.6s
it 3436/4000  reward     nan  ep_len    nan  fell    0  err_xy 0.180  std 0.500  lr 3.0e-04  fps   5293  1048.9s
it 3437/4000  reward     nan  ep_len    nan  fell    0  err_xy 0.143  std 0.500  lr 3.0e-04  fps   5181  1049.2s
it 3438/4000  reward     nan  ep_len    nan  fell    0  err_xy 0.140  std 0.500  lr 3.0e-04  fps   5175  1049.5s
it 3439/4000  reward     nan  ep_len    nan  fell    0  err_xy 0.126  std 0.500  lr 3.0e-04  fps   5107  1049.8s
it 3440/4000  reward     nan  ep_len    nan  fell    0  err_xy 0.119  std 0.500  lr 3.0e-04  fps   4737  1050.1s
it 3441/4000  reward     nan  ep_len    nan  fell    0  err_xy 0.125  std 0.500  lr 3.0e-04  fps   4920  1050.4s
it 3442/4000  reward     nan  ep_len    nan  fell    0  err_xy 0.108  std 0.499  lr 3.0e-04  fps   5086  1050.7s
it 3443/4000  reward     nan  ep_len    nan  fell    0  err_xy 0.112  std 0.499  lr 3.0e-04  fps   5078  1051.0s
it 3444/4000  reward     nan  ep_len    nan  fell    0  err_xy 0.094  std 0.500  lr 3.0e-04  fps   5016  1051.3s
it 3445/4000  reward     nan  ep_len    nan  fell    0  err_xy 0.088  std 0.500  lr 3.0e-04  fps   5040  1051.6s
it 3446/4000  reward     nan  ep_len    nan  fell    0  err_xy 0.088  std 0.500  lr 3.0e-04  fps   5025  1051.9s
it 3447/4000  reward     nan  ep_len    nan  fell    0  err_xy 0.093  std 0.500  lr 3.0e-04  fps   4935  1052.2s
it 3448/4000  reward     nan  ep_len    nan  fell    0  err_xy 0.089  std 0.500  lr 3.0e-04  fps   4955  1052.5s
it 3449/4000  reward     nan  ep_len    nan  fell    0  err_xy 0.088  std 0.500  lr 3.0e-04  fps   5102  1052.8s
it 3450/4000  reward   30.52  ep_len  400.0  fell    0  err_xy 0.086  std 0.500  lr 3.0e-04  fps   4037  1053.2s
it 3451/4000  reward     nan  ep_len    nan  fell    0  err_xy 0.206  std 0.499  lr 3.0e-04  fps   5378  1053.5s
it 3452/4000  reward     nan  ep_len    nan  fell    0  err_xy 0.242  std 0.499  lr 3.0e-04  fps   5321  1053.8s
it 3453/4000  reward     nan  ep_len    nan  fell    0  err_xy 0.158  std 0.500  lr 3.0e-04  fps   5349  1054.1s
it 3454/4000  reward     nan  ep_len    nan  fell    0  err_xy 0.148  std 0.500  lr 3.0e-04  fps   5323  1054.4s
it 3455/4000  reward     nan  ep_len    nan  fell    0  err_xy 0.130  std 0.500  lr 3.0e-04  fps   5303  1054.7s
it 3456/4000  reward     nan  ep_len    nan  fell    0  err_xy 0.115  std 0.500  lr 3.0e-04  fps   5212  1055.0s
it 3457/4000  reward     nan  ep_len    nan  fell    0  err_xy 0.108  std 0.500  lr 3.0e-04  fps   5161  1055.3s
it 3458/4000  reward     nan  ep_len    nan  fell    0  err_xy 0.113  std 0.500  lr 3.0e-04  fps   5134  1055.6s
it 3459/4000  reward     nan  ep_len    nan  fell    0  err_xy 0.110  std 0.499  lr 3.0e-04  fps   5193  1055.9s
it 3460/4000  reward     nan  ep_len    nan  fell    0  err_xy 0.097  std 0.499  lr 3.0e-04  fps   5002  1056.2s
it 3461/4000  reward     nan  ep_len    nan  fell    0  err_xy 0.101  std 0.499  lr 3.0e-04  fps   5024  1056.5s
it 3462/4000  reward     nan  ep_len    nan  fell    0  err_xy 0.097  std 0.499  lr 3.0e-04  fps   5061  1056.8s
it 3463/4000  reward     nan  ep_len    nan  fell    0  err_xy 0.098  std 0.500  lr 3.0e-04  fps   5031  1057.1s
it 3464/4000  reward     nan  ep_len    nan  fell    0  err_xy 0.090  std 0.500  lr 3.0e-04  fps   5008  1057.4s
it 3465/4000  reward     nan  ep_len    nan  fell    0  err_xy 0.085  std 0.500  lr 3.0e-04  fps   5000  1057.7s
it 3466/4000  reward     nan  ep_len    nan  fell    0  err_xy 0.087  std 0.500  lr 3.0e-04  fps   4739  1058.0s
it 3467/4000  reward   29.79  ep_len  400.0  fell    0  err_xy 0.125  std 0.500  lr 3.0e-04  fps   3989  1058.4s
it 3468/4000  reward     nan  ep_len    nan  fell    0  err_xy 0.243  std 0.500  lr 3.0e-04  fps   5330  1058.7s
it 3469/4000  reward     nan  ep_len    nan  fell    0  err_xy 0.198  std 0.500  lr 3.0e-04  fps   5023  1059.0s
it 3470/4000  reward     nan  ep_len    nan  fell    0  err_xy 0.168  std 0.500  lr 3.0e-04  fps   5225  1059.3s
it 3471/4000  reward     nan  ep_len    nan  fell    0  err_xy 0.135  std 0.500  lr 3.0e-04  fps   5190  1059.6s
it 3472/4000  reward     nan  ep_len    nan  fell    0  err_xy 0.136  std 0.500  lr 3.0e-04  fps   5158  1059.9s
it 3473/4000  reward     nan  ep_len    nan  fell    0  err_xy 0.120  std 0.500  lr 3.0e-04  fps   5142  1060.2s
it 3474/4000  reward     nan  ep_len    nan  fell    0  err_xy 0.102  std 0.500  lr 3.0e-04  fps   5124  1060.5s
it 3475/4000  reward     nan  ep_len    nan  fell    0  err_xy 0.103  std 0.500  lr 3.0e-04  fps   5054  1060.8s
it 3476/4000  reward     nan  ep_len    nan  fell    0  err_xy 0.095  std 0.500  lr 3.0e-04  fps   5218  1061.1s
it 3477/4000  reward     nan  ep_len    nan  fell    0  err_xy 0.096  std 0.500  lr 3.0e-04  fps   5089  1061.4s
it 3478/4000  reward     nan  ep_len    nan  fell    0  err_xy 0.092  std 0.500  lr 3.0e-04  fps   5060  1061.7s
it 3479/4000  reward     nan  ep_len    nan  fell    0  err_xy 0.080  std 0.500  lr 3.0e-04  fps   5038  1062.0s
it 3480/4000  reward     nan  ep_len    nan  fell    0  err_xy 0.088  std 0.500  lr 3.0e-04  fps   4921  1062.3s
it 3481/4000  reward     nan  ep_len    nan  fell    0  err_xy 0.091  std 0.500  lr 3.0e-04  fps   4772  1062.6s
it 3482/4000  reward     nan  ep_len    nan  fell    0  err_xy 0.091  std 0.500  lr 3.0e-04  fps   5109  1062.9s
it 3483/4000  reward     nan  ep_len    nan  fell    0  err_xy 0.097  std 0.500  lr 3.0e-04  fps   5143  1063.2s
it 3484/4000  reward   30.04  ep_len  400.0  fell    0  err_xy 0.185  std 0.500  lr 3.0e-04  fps   4082  1063.6s
it 3485/4000  reward     nan  ep_len    nan  fell    0  err_xy 0.247  std 0.500  lr 3.0e-04  fps   5418  1063.9s
it 3486/4000  reward     nan  ep_len    nan  fell    0  err_xy 0.194  std 0.500  lr 3.0e-04  fps   5486  1064.2s
it 3487/4000  reward     nan  ep_len    nan  fell    0  err_xy 0.159  std 0.500  lr 3.0e-04  fps   5296  1064.5s
it 3488/4000  reward     nan  ep_len    nan  fell    0  err_xy 0.132  std 0.500  lr 3.0e-04  fps   5232  1064.8s
it 3489/4000  reward     nan  ep_len    nan  fell    0  err_xy 0.114  std 0.500  lr 3.0e-04  fps   5201  1065.1s
it 3490/4000  reward     nan  ep_len    nan  fell    0  err_xy 0.105  std 0.500  lr 3.0e-04  fps   5122  1065.4s
it 3491/4000  reward     nan  ep_len    nan  fell    0  err_xy 0.097  std 0.500  lr 3.0e-04  fps   5115  1065.7s
it 3492/4000  reward     nan  ep_len    nan  fell    0  err_xy 0.093  std 0.500  lr 3.0e-04  fps   5099  1066.0s
it 3493/4000  reward     nan  ep_len    nan  fell    0  err_xy 0.084  std 0.500  lr 3.0e-04  fps   5045  1066.3s
it 3494/4000  reward     nan  ep_len    nan  fell    0  err_xy 0.077  std 0.500  lr 3.0e-04  fps   5042  1066.6s
it 3495/4000  reward     nan  ep_len    nan  fell    0  err_xy 0.079  std 0.500  lr 3.0e-04  fps   5015  1066.9s
it 3496/4000  reward     nan  ep_len    nan  fell    0  err_xy 0.078  std 0.500  lr 3.0e-04  fps   4928  1067.2s
it 3497/4000  reward     nan  ep_len    nan  fell    0  err_xy 0.082  std 0.500  lr 3.0e-04  fps   5046  1067.5s
it 3498/4000  reward     nan  ep_len    nan  fell    0  err_xy 0.075  std 0.500  lr 3.0e-04  fps   4488  1067.8s
it 3499/4000  reward     nan  ep_len    nan  fell    0  err_xy 0.067  std 0.500  lr 3.0e-04  fps   4959  1068.1s
it 3500/4000  reward   29.06  ep_len  400.0  fell    0  err_xy 0.072  std 0.500  lr 3.0e-04  fps   3801  1068.5s
it 3501/4000  reward     nan  ep_len    nan  fell    0  err_xy 0.230  std 0.500  lr 3.0e-04  fps   5305  1068.8s
it 3502/4000  reward     nan  ep_len    nan  fell    0  err_xy 0.247  std 0.500  lr 3.0e-04  fps   5383  1069.1s
it 3503/4000  reward     nan  ep_len    nan  fell    0  err_xy 0.197  std 0.500  lr 3.0e-04  fps   5278  1069.4s
it 3504/4000  reward     nan  ep_len    nan  fell    0  err_xy 0.173  std 0.500  lr 3.0e-04  fps   5225  1069.7s
it 3505/4000  reward     nan  ep_len    nan  fell    0  err_xy 0.142  std 0.500  lr 3.0e-04  fps   5234  1070.0s
it 3506/4000  reward     nan  ep_len    nan  fell    0  err_xy 0.127  std 0.500  lr 3.0e-04  fps   5223  1070.3s
it 3507/4000  reward     nan  ep_len    nan  fell    0  err_xy 0.130  std 0.500  lr 3.0e-04  fps   5138  1070.6s
it 3508/4000  reward     nan  ep_len    nan  fell    0  err_xy 0.106  std 0.500  lr 3.0e-04  fps   5152  1070.9s
it 3509/4000  reward     nan  ep_len    nan  fell    0  err_xy 0.098  std 0.500  lr 3.0e-04  fps   5145  1071.2s
it 3510/4000  reward     nan  ep_len    nan  fell    0  err_xy 0.093  std 0.500  lr 3.0e-04  fps   4997  1071.5s
it 3511/4000  reward     nan  ep_len    nan  fell    0  err_xy 0.092  std 0.500  lr 3.0e-04  fps   5103  1071.8s
it 3512/4000  reward     nan  ep_len    nan  fell    0  err_xy 0.093  std 0.500  lr 3.0e-04  fps   4823  1072.1s
it 3513/4000  reward     nan  ep_len    nan  fell    0  err_xy 0.084  std 0.500  lr 3.0e-04  fps   4743  1072.4s
it 3514/4000  reward     nan  ep_len    nan  fell    0  err_xy 0.083  std 0.500  lr 3.0e-04  fps   5023  1072.7s
it 3515/4000  reward     nan  ep_len    nan  fell    0  err_xy 0.079  std 0.500  lr 3.0e-04  fps   4934  1073.1s
it 3516/4000  reward     nan  ep_len    nan  fell    0  err_xy 0.069  std 0.500  lr 3.0e-04  fps   4896  1073.4s
it 3517/4000  reward   28.84  ep_len  400.0  fell    0  err_xy 0.113  std 0.500  lr 3.0e-04  fps   3807  1073.8s
it 3518/4000  reward     nan  ep_len    nan  fell    0  err_xy 0.217  std 0.500  lr 3.0e-04  fps   5296  1074.1s
it 3519/4000  reward     nan  ep_len    nan  fell    0  err_xy 0.194  std 0.500  lr 3.0e-04  fps   5280  1074.4s
it 3520/4000  reward     nan  ep_len    nan  fell    0  err_xy 0.169  std 0.500  lr 3.0e-04  fps   5283  1074.7s
it 3521/4000  reward     nan  ep_len    nan  fell    0  err_xy 0.160  std 0.500  lr 3.0e-04  fps   5254  1074.9s
it 3522/4000  reward     nan  ep_len    nan  fell    0  err_xy 0.148  std 0.500  lr 3.0e-04  fps   5182  1075.2s
it 3523/4000  reward     nan  ep_len    nan  fell    0  err_xy 0.135  std 0.500  lr 3.0e-04  fps   5140  1075.5s
it 3524/4000  reward     nan  ep_len    nan  fell    0  err_xy 0.125  std 0.500  lr 3.0e-04  fps   5033  1075.8s
it 3525/4000  reward     nan  ep_len    nan  fell    0  err_xy 0.107  std 0.500  lr 3.0e-04  fps   5046  1076.1s
it 3526/4000  reward     nan  ep_len    nan  fell    0  err_xy 0.098  std 0.500  lr 3.0e-04  fps   4966  1076.5s
it 3527/4000  reward     nan  ep_len    nan  fell    0  err_xy 0.086  std 0.500  lr 3.0e-04  fps   4880  1076.8s
it 3528/4000  reward     nan  ep_len    nan  fell    0  err_xy 0.087  std 0.500  lr 3.0e-04  fps   5017  1077.1s
it 3529/4000  reward     nan  ep_len    nan  fell    0  err_xy 0.085  std 0.500  lr 3.0e-04  fps   4828  1077.4s
it 3530/4000  reward     nan  ep_len    nan  fell    0  err_xy 0.080  std 0.500  lr 3.0e-04  fps   4893  1077.7s
it 3531/4000  reward     nan  ep_len    nan  fell    0  err_xy 0.079  std 0.500  lr 3.0e-04  fps   4716  1078.0s
it 3532/4000  reward     nan  ep_len    nan  fell    0  err_xy 0.077  std 0.500  lr 3.0e-04  fps   4970  1078.3s
it 3533/4000  reward     nan  ep_len    nan  fell    0  err_xy 0.074  std 0.500  lr 3.0e-04  fps   4911  1078.7s
it 3534/4000  reward   29.21  ep_len  400.0  fell    0  err_xy 0.181  std 0.500  lr 3.0e-04  fps   3928  1079.1s
it 3535/4000  reward     nan  ep_len    nan  fell    0  err_xy 0.246  std 0.500  lr 3.0e-04  fps   5327  1079.3s
it 3536/4000  reward     nan  ep_len    nan  fell    0  err_xy 0.193  std 0.500  lr 3.0e-04  fps   5230  1079.6s
it 3537/4000  reward     nan  ep_len    nan  fell    0  err_xy 0.182  std 0.500  lr 3.0e-04  fps   5122  1079.9s
it 3538/4000  reward     nan  ep_len    nan  fell    0  err_xy 0.178  std 0.500  lr 3.0e-04  fps   4885  1080.3s
it 3539/4000  reward     nan  ep_len    nan  fell    0  err_xy 0.135  std 0.500  lr 3.0e-04  fps   5237  1080.5s
it 3540/4000  reward     nan  ep_len    nan  fell    0  err_xy 0.131  std 0.500  lr 3.0e-04  fps   5213  1080.8s
it 3541/4000  reward     nan  ep_len    nan  fell    0  err_xy 0.121  std 0.500  lr 3.0e-04  fps   5179  1081.1s
it 3542/4000  reward     nan  ep_len    nan  fell    0  err_xy 0.128  std 0.500  lr 3.0e-04  fps   5148  1081.4s
it 3543/4000  reward     nan  ep_len    nan  fell    0  err_xy 0.111  std 0.500  lr 3.0e-04  fps   5063  1081.7s
it 3544/4000  reward     nan  ep_len    nan  fell    0  err_xy 0.104  std 0.500  lr 3.0e-04  fps   4937  1082.0s
it 3545/4000  reward     nan  ep_len    nan  fell    0  err_xy 0.104  std 0.500  lr 3.0e-04  fps   5114  1082.3s
it 3546/4000  reward     nan  ep_len    nan  fell    0  err_xy 0.093  std 0.500  lr 3.0e-04  fps   5063  1082.7s
it 3547/4000  reward     nan  ep_len    nan  fell    0  err_xy 0.076  std 0.500  lr 3.0e-04  fps   4732  1083.0s
it 3548/4000  reward     nan  ep_len    nan  fell    0  err_xy 0.066  std 0.500  lr 3.0e-04  fps   5052  1083.3s
it 3549/4000  reward     nan  ep_len    nan  fell    0  err_xy 0.065  std 0.500  lr 3.0e-04  fps   5026  1083.6s
it 3550/4000  reward   27.12  ep_len  400.0  fell    0  err_xy 0.060  std 0.500  lr 3.0e-04  fps   3851  1084.0s
it 3551/4000  reward     nan  ep_len    nan  fell    0  err_xy 0.221  std 0.500  lr 3.0e-04  fps   5299  1084.3s
it 3552/4000  reward     nan  ep_len    nan  fell    0  err_xy 0.207  std 0.500  lr 3.0e-04  fps   5190  1084.6s
it 3553/4000  reward     nan  ep_len    nan  fell    0  err_xy 0.165  std 0.500  lr 3.0e-04  fps   5204  1084.9s
it 3554/4000  reward     nan  ep_len    nan  fell    0  err_xy 0.140  std 0.500  lr 3.0e-04  fps   5202  1085.2s
it 3555/4000  reward     nan  ep_len    nan  fell    0  err_xy 0.132  std 0.500  lr 3.0e-04  fps   5084  1085.5s
it 3556/4000  reward     nan  ep_len    nan  fell    0  err_xy 0.118  std 0.500  lr 3.0e-04  fps   5196  1085.8s
it 3557/4000  reward     nan  ep_len    nan  fell    0  err_xy 0.112  std 0.500  lr 3.0e-04  fps   4996  1086.1s
it 3558/4000  reward     nan  ep_len    nan  fell    0  err_xy 0.099  std 0.500  lr 3.0e-04  fps   4985  1086.4s
it 3559/4000  reward     nan  ep_len    nan  fell    0  err_xy 0.103  std 0.500  lr 3.0e-04  fps   4913  1086.7s
it 3560/4000  reward     nan  ep_len    nan  fell    0  err_xy 0.102  std 0.500  lr 3.0e-04  fps   4951  1087.0s
it 3561/4000  reward     nan  ep_len    nan  fell    0  err_xy 0.087  std 0.500  lr 3.0e-04  fps   4878  1087.3s
it 3562/4000  reward     nan  ep_len    nan  fell    0  err_xy 0.082  std 0.500  lr 3.0e-04  fps   4730  1087.6s
it 3563/4000  reward     nan  ep_len    nan  fell    0  err_xy 0.077  std 0.499  lr 3.0e-04  fps   4966  1088.0s
it 3564/4000  reward     nan  ep_len    nan  fell    0  err_xy 0.071  std 0.499  lr 3.0e-04  fps   4936  1088.3s
it 3565/4000  reward     nan  ep_len    nan  fell    0  err_xy 0.076  std 0.500  lr 3.0e-04  fps   5030  1088.6s
it 3566/4000  reward     nan  ep_len    nan  fell    0  err_xy 0.077  std 0.500  lr 3.0e-04  fps   4951  1088.9s
it 3567/4000  reward   31.09  ep_len  400.0  fell    0  err_xy 0.125  std 0.500  lr 3.0e-04  fps   3874  1089.3s
it 3568/4000  reward     nan  ep_len    nan  fell    0  err_xy 0.236  std 0.500  lr 3.0e-04  fps   5228  1089.6s
it 3569/4000  reward     nan  ep_len    nan  fell    0  err_xy 0.162  std 0.500  lr 3.0e-04  fps   5167  1089.9s
it 3570/4000  reward     nan  ep_len    nan  fell    0  err_xy 0.157  std 0.500  lr 3.0e-04  fps   5064  1090.2s
it 3571/4000  reward     nan  ep_len    nan  fell    0  err_xy 0.142  std 0.500  lr 3.0e-04  fps   5012  1090.5s
it 3572/4000  reward     nan  ep_len    nan  fell    0  err_xy 0.133  std 0.500  lr 3.0e-04  fps   5055  1090.8s
it 3573/4000  reward     nan  ep_len    nan  fell    0  err_xy 0.129  std 0.500  lr 3.0e-04  fps   4996  1091.1s
it 3574/4000  reward     nan  ep_len    nan  fell    0  err_xy 0.122  std 0.500  lr 3.0e-04  fps   5034  1091.4s
it 3575/4000  reward     nan  ep_len    nan  fell    0  err_xy 0.116  std 0.500  lr 3.0e-04  fps   4966  1091.7s
it 3576/4000  reward     nan  ep_len    nan  fell    0  err_xy 0.106  std 0.500  lr 3.0e-04  fps   5015  1092.0s
it 3577/4000  reward     nan  ep_len    nan  fell    0  err_xy 0.096  std 0.500  lr 3.0e-04  fps   4936  1092.3s
it 3578/4000  reward     nan  ep_len    nan  fell    0  err_xy 0.094  std 0.500  lr 3.0e-04  fps   4872  1092.6s
it 3579/4000  reward     nan  ep_len    nan  fell    0  err_xy 0.091  std 0.500  lr 3.0e-04  fps   4917  1093.0s
it 3580/4000  reward     nan  ep_len    nan  fell    0  err_xy 0.082  std 0.500  lr 3.0e-04  fps   4708  1093.3s
it 3581/4000  reward     nan  ep_len    nan  fell    0  err_xy 0.081  std 0.500  lr 3.0e-04  fps   4950  1093.6s
it 3582/4000  reward     nan  ep_len    nan  fell    0  err_xy 0.074  std 0.500  lr 3.0e-04  fps   5028  1093.9s
it 3583/4000  reward     nan  ep_len    nan  fell    0  err_xy 0.075  std 0.500  lr 3.0e-04  fps   4936  1094.2s
it 3584/4000  reward   30.27  ep_len  400.0  fell    0  err_xy 0.176  std 0.500  lr 3.0e-04  fps   3981  1094.6s
it 3585/4000  reward     nan  ep_len    nan  fell    0  err_xy 0.248  std 0.500  lr 3.0e-04  fps   5401  1094.9s
it 3586/4000  reward     nan  ep_len    nan  fell    0  err_xy 0.206  std 0.500  lr 3.0e-04  fps   5373  1095.2s
it 3587/4000  reward     nan  ep_len    nan  fell    0  err_xy 0.178  std 0.500  lr 3.0e-04  fps   5309  1095.5s
it 3588/4000  reward     nan  ep_len    nan  fell    0  err_xy 0.174  std 0.500  lr 3.0e-04  fps   5187  1095.7s
it 3589/4000  reward     nan  ep_len    nan  fell    0  err_xy 0.141  std 0.500  lr 3.0e-04  fps   5164  1096.0s
it 3590/4000  reward     nan  ep_len    nan  fell    0  err_xy 0.129  std 0.500  lr 3.0e-04  fps   5144  1096.3s
it 3591/4000  reward     nan  ep_len    nan  fell    0  err_xy 0.136  std 0.500  lr 3.0e-04  fps   5162  1096.6s
it 3592/4000  reward     nan  ep_len    nan  fell    0  err_xy 0.117  std 0.500  lr 3.0e-04  fps   5049  1096.9s
it 3593/4000  reward     nan  ep_len    nan  fell    0  err_xy 0.111  std 0.500  lr 3.0e-04  fps   5157  1097.2s
it 3594/4000  reward     nan  ep_len    nan  fell    0  err_xy 0.097  std 0.500  lr 3.0e-04  fps   6044  1097.5s
it 3595/4000  reward     nan  ep_len    nan  fell    0  err_xy 0.086  std 0.500  lr 3.0e-04  fps   5890  1097.8s
it 3596/4000  reward     nan  ep_len    nan  fell    0  err_xy 0.077  std 0.500  lr 3.0e-04  fps   5926  1098.0s
it 3597/4000  reward     nan  ep_len    nan  fell    0  err_xy 0.073  std 0.500  lr 3.0e-04  fps   5706  1098.3s
it 3598/4000  reward     nan  ep_len    nan  fell    0  err_xy 0.080  std 0.500  lr 3.0e-04  fps   5876  1098.6s
it 3599/4000  reward     nan  ep_len    nan  fell    0  err_xy 0.082  std 0.500  lr 3.0e-04  fps   5883  1098.8s
it 3600/4000  reward   31.66  ep_len  400.0  fell    0  err_xy 0.074  std 0.500  lr 3.0e-04  fps   4470  1099.2s
eval iteration 3600:
  prone          success   0.0%  time 8.00s  peak_τ 0.96 Nm  return -2.86
  supine         success   0.0%  time 8.00s  peak_τ 0.96 Nm  return 10.27
  score 0.000
it 3601/4000  reward     nan  ep_len    nan  fell    0  err_xy 0.223  std 0.500  lr 3.0e-04  fps   5287  1101.6s
it 3602/4000  reward     nan  ep_len    nan  fell    0  err_xy 0.208  std 0.500  lr 3.0e-04  fps   5464  1101.8s
it 3603/4000  reward     nan  ep_len    nan  fell    0  err_xy 0.174  std 0.500  lr 3.0e-04  fps   5407  1102.1s
it 3604/4000  reward     nan  ep_len    nan  fell    0  err_xy 0.143  std 0.500  lr 3.0e-04  fps   5327  1102.4s
it 3605/4000  reward     nan  ep_len    nan  fell    0  err_xy 0.165  std 0.500  lr 3.0e-04  fps   5229  1102.7s
it 3606/4000  reward     nan  ep_len    nan  fell    0  err_xy 0.129  std 0.500  lr 3.0e-04  fps   5408  1103.0s
it 3607/4000  reward     nan  ep_len    nan  fell    0  err_xy 0.111  std 0.500  lr 3.0e-04  fps   5340  1103.3s
it 3608/4000  reward     nan  ep_len    nan  fell    0  err_xy 0.097  std 0.500  lr 3.0e-04  fps   5248  1103.6s
it 3609/4000  reward     nan  ep_len    nan  fell    0  err_xy 0.090  std 0.500  lr 3.0e-04  fps   4871  1103.9s
it 3610/4000  reward     nan  ep_len    nan  fell    0  err_xy 0.084  std 0.500  lr 3.0e-04  fps   5025  1104.2s
it 3611/4000  reward     nan  ep_len    nan  fell    0  err_xy 0.083  std 0.500  lr 3.0e-04  fps   5216  1104.5s
it 3612/4000  reward     nan  ep_len    nan  fell    0  err_xy 0.087  std 0.500  lr 3.0e-04  fps   4990  1104.8s
it 3613/4000  reward     nan  ep_len    nan  fell    0  err_xy 0.084  std 0.500  lr 3.0e-04  fps   5206  1105.1s
it 3614/4000  reward     nan  ep_len    nan  fell    0  err_xy 0.073  std 0.500  lr 3.0e-04  fps   5148  1105.4s
it 3615/4000  reward     nan  ep_len    nan  fell    0  err_xy 0.079  std 0.500  lr 3.0e-04  fps   5101  1105.7s
it 3616/4000  reward     nan  ep_len    nan  fell    0  err_xy 0.073  std 0.500  lr 3.0e-04  fps   5048  1106.0s
it 3617/4000  reward   32.96  ep_len  400.0  fell    0  err_xy 0.114  std 0.500  lr 3.0e-04  fps   3849  1106.4s
it 3618/4000  reward     nan  ep_len    nan  fell    0  err_xy 0.218  std 0.500  lr 3.0e-04  fps   5058  1106.7s
it 3619/4000  reward     nan  ep_len    nan  fell    0  err_xy 0.187  std 0.500  lr 3.0e-04  fps   5272  1107.0s
it 3620/4000  reward     nan  ep_len    nan  fell    0  err_xy 0.166  std 0.500  lr 3.0e-04  fps   5270  1107.3s
it 3621/4000  reward     nan  ep_len    nan  fell    0  err_xy 0.140  std 0.500  lr 3.0e-04  fps   5224  1107.6s
it 3622/4000  reward     nan  ep_len    nan  fell    0  err_xy 0.133  std 0.500  lr 3.0e-04  fps   5213  1107.9s
it 3623/4000  reward     nan  ep_len    nan  fell    0  err_xy 0.116  std 0.500  lr 3.0e-04  fps   5031  1108.2s
it 3624/4000  reward     nan  ep_len    nan  fell    0  err_xy 0.107  std 0.500  lr 3.0e-04  fps   4944  1108.5s
it 3625/4000  reward     nan  ep_len    nan  fell    0  err_xy 0.102  std 0.500  lr 3.0e-04  fps   4732  1108.8s
it 3626/4000  reward     nan  ep_len    nan  fell    0  err_xy 0.097  std 0.500  lr 3.0e-04  fps   4864  1109.1s
it 3627/4000  reward     nan  ep_len    nan  fell    0  err_xy 0.095  std 0.500  lr 3.0e-04  fps   4913  1109.4s
it 3628/4000  reward     nan  ep_len    nan  fell    0  err_xy 0.087  std 0.500  lr 3.0e-04  fps   4787  1109.8s
it 3629/4000  reward     nan  ep_len    nan  fell    0  err_xy 0.088  std 0.500  lr 3.0e-04  fps   4971  1110.1s
it 3630/4000  reward     nan  ep_len    nan  fell    0  err_xy 0.084  std 0.500  lr 3.0e-04  fps   4932  1110.4s
it 3631/4000  reward     nan  ep_len    nan  fell    0  err_xy 0.082  std 0.500  lr 3.0e-04  fps   5070  1110.7s
it 3632/4000  reward     nan  ep_len    nan  fell    0  err_xy 0.077  std 0.500  lr 3.0e-04  fps   4782  1111.0s
it 3633/4000  reward     nan  ep_len    nan  fell    0  err_xy 0.081  std 0.500  lr 3.0e-04  fps   5085  1111.3s
it 3634/4000  reward   27.96  ep_len  400.0  fell    0  err_xy 0.174  std 0.500  lr 3.0e-04  fps   3967  1111.7s
it 3635/4000  reward     nan  ep_len    nan  fell    0  err_xy 0.198  std 0.500  lr 3.0e-04  fps   5403  1112.0s
it 3636/4000  reward     nan  ep_len    nan  fell    0  err_xy 0.186  std 0.500  lr 3.0e-04  fps   5339  1112.3s
it 3637/4000  reward     nan  ep_len    nan  fell    0  err_xy 0.172  std 0.500  lr 3.0e-04  fps   5308  1112.6s
it 3638/4000  reward     nan  ep_len    nan  fell    0  err_xy 0.151  std 0.500  lr 3.0e-04  fps   5326  1112.9s
it 3639/4000  reward     nan  ep_len    nan  fell    0  err_xy 0.127  std 0.500  lr 3.0e-04  fps   5183  1113.2s
it 3640/4000  reward     nan  ep_len    nan  fell    0  err_xy 0.106  std 0.500  lr 3.0e-04  fps   5178  1113.4s
it 3641/4000  reward     nan  ep_len    nan  fell    0  err_xy 0.101  std 0.500  lr 3.0e-04  fps   5085  1113.8s
it 3642/4000  reward     nan  ep_len    nan  fell    0  err_xy 0.089  std 0.500  lr 3.0e-04  fps   5227  1114.0s
it 3643/4000  reward     nan  ep_len    nan  fell    0  err_xy 0.085  std 0.500  lr 3.0e-04  fps   5269  1114.3s
it 3644/4000  reward     nan  ep_len    nan  fell    0  err_xy 0.076  std 0.500  lr 3.0e-04  fps   5097  1114.6s
it 3645/4000  reward     nan  ep_len    nan  fell    0  err_xy 0.066  std 0.500  lr 3.0e-04  fps   4833  1115.0s
it 3646/4000  reward     nan  ep_len    nan  fell    0  err_xy 0.071  std 0.500  lr 3.0e-04  fps   5195  1115.3s
it 3647/4000  reward     nan  ep_len    nan  fell    0  err_xy 0.076  std 0.500  lr 3.0e-04  fps   4867  1115.6s
it 3648/4000  reward     nan  ep_len    nan  fell    0  err_xy 0.076  std 0.500  lr 3.0e-04  fps   4666  1115.9s
it 3649/4000  reward     nan  ep_len    nan  fell    0  err_xy 0.075  std 0.500  lr 3.0e-04  fps   4461  1116.2s
it 3650/4000  reward   30.81  ep_len  400.0  fell    0  err_xy 0.069  std 0.500  lr 3.0e-04  fps   3687  1116.7s
it 3651/4000  reward     nan  ep_len    nan  fell    0  err_xy 0.266  std 0.500  lr 3.0e-04  fps   5199  1117.0s
it 3652/4000  reward     nan  ep_len    nan  fell    0  err_xy 0.207  std 0.500  lr 3.0e-04  fps   5365  1117.2s
it 3653/4000  reward     nan  ep_len    nan  fell    0  err_xy 0.169  std 0.500  lr 3.0e-04  fps   5189  1117.5s
it 3654/4000  reward     nan  ep_len    nan  fell    0  err_xy 0.165  std 0.500  lr 3.0e-04  fps   5214  1117.8s
it 3655/4000  reward     nan  ep_len    nan  fell    0  err_xy 0.164  std 0.500  lr 3.0e-04  fps   5272  1118.1s
it 3656/4000  reward     nan  ep_len    nan  fell    0  err_xy 0.142  std 0.500  lr 3.0e-04  fps   5161  1118.4s
it 3657/4000  reward     nan  ep_len    nan  fell    0  err_xy 0.125  std 0.500  lr 3.0e-04  fps   5112  1118.7s
it 3658/4000  reward     nan  ep_len    nan  fell    0  err_xy 0.113  std 0.500  lr 3.0e-04  fps   4768  1119.0s
it 3659/4000  reward     nan  ep_len    nan  fell    0  err_xy 0.106  std 0.500  lr 3.0e-04  fps   5107  1119.3s
it 3660/4000  reward     nan  ep_len    nan  fell    0  err_xy 0.088  std 0.500  lr 3.0e-04  fps   4802  1119.7s
it 3661/4000  reward     nan  ep_len    nan  fell    0  err_xy 0.087  std 0.500  lr 3.0e-04  fps   5109  1120.0s
it 3662/4000  reward     nan  ep_len    nan  fell    0  err_xy 0.082  std 0.500  lr 3.0e-04  fps   5102  1120.3s
it 3663/4000  reward     nan  ep_len    nan  fell    0  err_xy 0.072  std 0.500  lr 3.0e-04  fps   5068  1120.6s
it 3664/4000  reward     nan  ep_len    nan  fell    0  err_xy 0.060  std 0.500  lr 3.0e-04  fps   5050  1120.9s
it 3665/4000  reward     nan  ep_len    nan  fell    0  err_xy 0.062  std 0.500  lr 3.0e-04  fps   5002  1121.2s
it 3666/4000  reward     nan  ep_len    nan  fell    0  err_xy 0.057  std 0.500  lr 3.0e-04  fps   4990  1121.5s
it 3667/4000  reward   31.46  ep_len  400.0  fell    0  err_xy 0.103  std 0.500  lr 3.0e-04  fps   3956  1121.9s
it 3668/4000  reward     nan  ep_len    nan  fell    0  err_xy 0.232  std 0.500  lr 3.0e-04  fps   4854  1122.2s
it 3669/4000  reward     nan  ep_len    nan  fell    0  err_xy 0.174  std 0.500  lr 3.0e-04  fps   5165  1122.5s
it 3670/4000  reward     nan  ep_len    nan  fell    0  err_xy 0.155  std 0.500  lr 3.0e-04  fps   5264  1122.8s
it 3671/4000  reward     nan  ep_len    nan  fell    0  err_xy 0.147  std 0.500  lr 3.0e-04  fps   5095  1123.1s
it 3672/4000  reward     nan  ep_len    nan  fell    0  err_xy 0.131  std 0.500  lr 3.0e-04  fps   5152  1123.4s
it 3673/4000  reward     nan  ep_len    nan  fell    0  err_xy 0.134  std 0.500  lr 3.0e-04  fps   5107  1123.7s
it 3674/4000  reward     nan  ep_len    nan  fell    0  err_xy 0.104  std 0.500  lr 3.0e-04  fps   5041  1124.0s
it 3675/4000  reward     nan  ep_len    nan  fell    0  err_xy 0.092  std 0.500  lr 3.0e-04  fps   4789  1124.3s
it 3676/4000  reward     nan  ep_len    nan  fell    0  err_xy 0.089  std 0.500  lr 3.0e-04  fps   5102  1124.6s
it 3677/4000  reward     nan  ep_len    nan  fell    0  err_xy 0.078  std 0.500  lr 3.0e-04  fps   5101  1124.9s
it 3678/4000  reward     nan  ep_len    nan  fell    0  err_xy 0.075  std 0.500  lr 3.0e-04  fps   5122  1125.2s
it 3679/4000  reward     nan  ep_len    nan  fell    0  err_xy 0.073  std 0.500  lr 3.0e-04  fps   5173  1125.5s
it 3680/4000  reward     nan  ep_len    nan  fell    0  err_xy 0.074  std 0.500  lr 3.0e-04  fps   5148  1125.8s
it 3681/4000  reward     nan  ep_len    nan  fell    0  err_xy 0.069  std 0.500  lr 3.0e-04  fps   5117  1126.1s
it 3682/4000  reward     nan  ep_len    nan  fell    0  err_xy 0.068  std 0.500  lr 3.0e-04  fps   5112  1126.4s
it 3683/4000  reward     nan  ep_len    nan  fell    0  err_xy 0.069  std 0.500  lr 3.0e-04  fps   5094  1126.7s
it 3684/4000  reward   31.40  ep_len  400.0  fell    0  err_xy 0.180  std 0.500  lr 3.0e-04  fps   4195  1127.1s
it 3685/4000  reward     nan  ep_len    nan  fell    0  err_xy 0.224  std 0.500  lr 3.0e-04  fps   5397  1127.4s
it 3686/4000  reward     nan  ep_len    nan  fell    0  err_xy 0.193  std 0.500  lr 3.0e-04  fps   5329  1127.7s
it 3687/4000  reward     nan  ep_len    nan  fell    0  err_xy 0.186  std 0.500  lr 3.0e-04  fps   5295  1127.9s
it 3688/4000  reward     nan  ep_len    nan  fell    0  err_xy 0.179  std 0.500  lr 3.0e-04  fps   5326  1128.2s
it 3689/4000  reward     nan  ep_len    nan  fell    0  err_xy 0.163  std 0.500  lr 3.0e-04  fps   5259  1128.5s
it 3690/4000  reward     nan  ep_len    nan  fell    0  err_xy 0.148  std 0.500  lr 3.0e-04  fps   5207  1128.8s
it 3691/4000  reward     nan  ep_len    nan  fell    0  err_xy 0.133  std 0.500  lr 3.0e-04  fps   5103  1129.1s
it 3692/4000  reward     nan  ep_len    nan  fell    0  err_xy 0.116  std 0.500  lr 3.0e-04  fps   5252  1129.4s
it 3693/4000  reward     nan  ep_len    nan  fell    0  err_xy 0.106  std 0.500  lr 3.0e-04  fps   5080  1129.7s
it 3694/4000  reward     nan  ep_len    nan  fell    0  err_xy 0.115  std 0.500  lr 3.0e-04  fps   5040  1130.0s
it 3695/4000  reward     nan  ep_len    nan  fell    0  err_xy 0.109  std 0.500  lr 3.0e-04  fps   5221  1130.3s
it 3696/4000  reward     nan  ep_len    nan  fell    0  err_xy 0.091  std 0.500  lr 3.0e-04  fps   5250  1130.6s
it 3697/4000  reward     nan  ep_len    nan  fell    0  err_xy 0.082  std 0.500  lr 3.0e-04  fps   5206  1130.9s
it 3698/4000  reward     nan  ep_len    nan  fell    0  err_xy 0.085  std 0.500  lr 3.0e-04  fps   5165  1131.2s
it 3699/4000  reward     nan  ep_len    nan  fell    0  err_xy 0.082  std 0.500  lr 3.0e-04  fps   5205  1131.5s
it 3700/4000  reward   27.17  ep_len  400.0  fell    0  err_xy 0.084  std 0.500  lr 3.0e-04  fps   4049  1131.9s
it 3701/4000  reward     nan  ep_len    nan  fell    0  err_xy 0.233  std 0.500  lr 3.0e-04  fps   5369  1132.2s
it 3702/4000  reward     nan  ep_len    nan  fell    0  err_xy 0.217  std 0.500  lr 3.0e-04  fps   5367  1132.5s
it 3703/4000  reward     nan  ep_len    nan  fell    0  err_xy 0.170  std 0.500  lr 3.0e-04  fps   5306  1132.7s
it 3704/4000  reward     nan  ep_len    nan  fell    0  err_xy 0.168  std 0.500  lr 3.0e-04  fps   5342  1133.0s
it 3705/4000  reward     nan  ep_len    nan  fell    0  err_xy 0.158  std 0.500  lr 3.0e-04  fps   5254  1133.3s
it 3706/4000  reward     nan  ep_len    nan  fell    0  err_xy 0.142  std 0.500  lr 3.0e-04  fps   5262  1133.6s
it 3707/4000  reward     nan  ep_len    nan  fell    0  err_xy 0.111  std 0.500  lr 3.0e-04  fps   5253  1133.9s
it 3708/4000  reward     nan  ep_len    nan  fell    0  err_xy 0.098  std 0.500  lr 3.0e-04  fps   5048  1134.2s
it 3709/4000  reward     nan  ep_len    nan  fell    0  err_xy 0.099  std 0.500  lr 3.0e-04  fps   5105  1134.5s
it 3710/4000  reward     nan  ep_len    nan  fell    0  err_xy 0.102  std 0.500  lr 3.0e-04  fps   4949  1134.8s
it 3711/4000  reward     nan  ep_len    nan  fell    0  err_xy 0.095  std 0.500  lr 3.0e-04  fps   5170  1135.1s
it 3712/4000  reward     nan  ep_len    nan  fell    0  err_xy 0.090  std 0.500  lr 3.0e-04  fps   5161  1135.4s
it 3713/4000  reward     nan  ep_len    nan  fell    0  err_xy 0.085  std 0.500  lr 3.0e-04  fps   5116  1135.7s
it 3714/4000  reward     nan  ep_len    nan  fell    0  err_xy 0.081  std 0.500  lr 3.0e-04  fps   5092  1136.0s
it 3715/4000  reward     nan  ep_len    nan  fell    0  err_xy 0.079  std 0.500  lr 3.0e-04  fps   5111  1136.3s
it 3716/4000  reward     nan  ep_len    nan  fell    0  err_xy 0.075  std 0.500  lr 3.0e-04  fps   5063  1136.6s
it 3717/4000  reward   30.94  ep_len  400.0  fell    0  err_xy 0.113  std 0.500  lr 3.0e-04  fps   3924  1137.0s
it 3718/4000  reward     nan  ep_len    nan  fell    0  err_xy 0.242  std 0.500  lr 3.0e-04  fps   5281  1137.3s
it 3719/4000  reward     nan  ep_len    nan  fell    0  err_xy 0.216  std 0.500  lr 3.0e-04  fps   5365  1137.6s
it 3720/4000  reward     nan  ep_len    nan  fell    0  err_xy 0.170  std 0.500  lr 3.0e-04  fps   5234  1137.9s
it 3721/4000  reward     nan  ep_len    nan  fell    0  err_xy 0.154  std 0.500  lr 3.0e-04  fps   5240  1138.2s
it 3722/4000  reward     nan  ep_len    nan  fell    0  err_xy 0.153  std 0.500  lr 3.0e-04  fps   5211  1138.5s
it 3723/4000  reward     nan  ep_len    nan  fell    0  err_xy 0.154  std 0.500  lr 3.0e-04  fps   5197  1138.8s
it 3724/4000  reward     nan  ep_len    nan  fell    0  err_xy 0.122  std 0.500  lr 3.0e-04  fps   5164  1139.1s
it 3725/4000  reward     nan  ep_len    nan  fell    0  err_xy 0.103  std 0.500  lr 3.0e-04  fps   5023  1139.4s
it 3726/4000  reward     nan  ep_len    nan  fell    0  err_xy 0.088  std 0.500  lr 3.0e-04  fps   5164  1139.7s
it 3727/4000  reward     nan  ep_len    nan  fell    0  err_xy 0.085  std 0.500  lr 3.0e-04  fps   4812  1140.0s
it 3728/4000  reward     nan  ep_len    nan  fell    0  err_xy 0.085  std 0.500  lr 3.0e-04  fps   4930  1140.3s
it 3729/4000  reward     nan  ep_len    nan  fell    0  err_xy 0.092  std 0.500  lr 3.0e-04  fps   5071  1140.6s
it 3730/4000  reward     nan  ep_len    nan  fell    0  err_xy 0.086  std 0.500  lr 3.0e-04  fps   5086  1140.9s
it 3731/4000  reward     nan  ep_len    nan  fell    0  err_xy 0.084  std 0.500  lr 3.0e-04  fps   5168  1141.2s
it 3732/4000  reward     nan  ep_len    nan  fell    0  err_xy 0.086  std 0.500  lr 3.0e-04  fps   4979  1141.5s
it 3733/4000  reward     nan  ep_len    nan  fell    0  err_xy 0.085  std 0.500  lr 3.0e-04  fps   5007  1141.8s
it 3734/4000  reward   29.37  ep_len  400.0  fell    0  err_xy 0.170  std 0.500  lr 3.0e-04  fps   4159  1142.2s
it 3735/4000  reward     nan  ep_len    nan  fell    0  err_xy 0.236  std 0.500  lr 3.0e-04  fps   5235  1142.5s
it 3736/4000  reward     nan  ep_len    nan  fell    0  err_xy 0.188  std 0.500  lr 3.0e-04  fps   5330  1142.8s
it 3737/4000  reward     nan  ep_len    nan  fell    0  err_xy 0.172  std 0.500  lr 3.0e-04  fps   4816  1143.1s
it 3738/4000  reward     nan  ep_len    nan  fell    0  err_xy 0.156  std 0.500  lr 3.0e-04  fps   5197  1143.4s
it 3739/4000  reward     nan  ep_len    nan  fell    0  err_xy 0.132  std 0.500  lr 3.0e-04  fps   5135  1143.7s
it 3740/4000  reward     nan  ep_len    nan  fell    0  err_xy 0.103  std 0.500  lr 3.0e-04  fps   5088  1144.0s
it 3741/4000  reward     nan  ep_len    nan  fell    0  err_xy 0.087  std 0.500  lr 3.0e-04  fps   4721  1144.3s
it 3742/4000  reward     nan  ep_len    nan  fell    0  err_xy 0.076  std 0.500  lr 3.0e-04  fps   5000  1144.6s
it 3743/4000  reward     nan  ep_len    nan  fell    0  err_xy 0.071  std 0.500  lr 3.0e-04  fps   5115  1144.9s
it 3744/4000  reward     nan  ep_len    nan  fell    0  err_xy 0.067  std 0.500  lr 3.0e-04  fps   5138  1145.2s
it 3745/4000  reward     nan  ep_len    nan  fell    0  err_xy 0.062  std 0.500  lr 3.0e-04  fps   4985  1145.5s
it 3746/4000  reward     nan  ep_len    nan  fell    0  err_xy 0.070  std 0.500  lr 3.0e-04  fps   5209  1145.8s
it 3747/4000  reward     nan  ep_len    nan  fell    0  err_xy 0.074  std 0.500  lr 3.0e-04  fps   5193  1146.1s
it 3748/4000  reward     nan  ep_len    nan  fell    0  err_xy 0.073  std 0.500  lr 3.0e-04  fps   5198  1146.4s
it 3749/4000  reward     nan  ep_len    nan  fell    0  err_xy 0.074  std 0.499  lr 3.0e-04  fps   5172  1146.7s
it 3750/4000  reward   32.23  ep_len  400.0  fell    0  err_xy 0.083  std 0.499  lr 3.0e-04  fps   3960  1147.1s
it 3751/4000  reward     nan  ep_len    nan  fell    0  err_xy 0.253  std 0.499  lr 3.0e-04  fps   5366  1147.4s
it 3752/4000  reward     nan  ep_len    nan  fell    0  err_xy 0.213  std 0.500  lr 3.0e-04  fps   5274  1147.7s
it 3753/4000  reward     nan  ep_len    nan  fell    0  err_xy 0.168  std 0.500  lr 3.0e-04  fps   5315  1148.0s
it 3754/4000  reward     nan  ep_len    nan  fell    0  err_xy 0.145  std 0.500  lr 3.0e-04  fps   5264  1148.3s
it 3755/4000  reward     nan  ep_len    nan  fell    0  err_xy 0.147  std 0.500  lr 3.0e-04  fps   5249  1148.6s
it 3756/4000  reward     nan  ep_len    nan  fell    0  err_xy 0.135  std 0.500  lr 3.0e-04  fps   5165  1148.9s
it 3757/4000  reward     nan  ep_len    nan  fell    0  err_xy 0.122  std 0.500  lr 3.0e-04  fps   5008  1149.2s
it 3758/4000  reward     nan  ep_len    nan  fell    0  err_xy 0.106  std 0.500  lr 3.0e-04  fps   4869  1149.5s
it 3759/4000  reward     nan  ep_len    nan  fell    0  err_xy 0.098  std 0.500  lr 3.0e-04  fps   5289  1149.8s
it 3760/4000  reward     nan  ep_len    nan  fell    0  err_xy 0.089  std 0.500  lr 3.0e-04  fps   5280  1150.1s
it 3761/4000  reward     nan  ep_len    nan  fell    0  err_xy 0.088  std 0.500  lr 3.0e-04  fps   5214  1150.4s
it 3762/4000  reward     nan  ep_len    nan  fell    0  err_xy 0.084  std 0.500  lr 3.0e-04  fps   4945  1150.7s
it 3763/4000  reward     nan  ep_len    nan  fell    0  err_xy 0.075  std 0.500  lr 3.0e-04  fps   5042  1151.0s
it 3764/4000  reward     nan  ep_len    nan  fell    0  err_xy 0.068  std 0.500  lr 3.0e-04  fps   4934  1151.3s
it 3765/4000  reward     nan  ep_len    nan  fell    0  err_xy 0.066  std 0.500  lr 3.0e-04  fps   5037  1151.6s
it 3766/4000  reward     nan  ep_len    nan  fell    0  err_xy 0.065  std 0.499  lr 3.0e-04  fps   4938  1151.9s
it 3767/4000  reward   31.74  ep_len  400.0  fell    0  err_xy 0.110  std 0.500  lr 3.0e-04  fps   3904  1152.3s
it 3768/4000  reward     nan  ep_len    nan  fell    0  err_xy 0.232  std 0.500  lr 3.0e-04  fps   5270  1152.6s
it 3769/4000  reward     nan  ep_len    nan  fell    0  err_xy 0.223  std 0.500  lr 3.0e-04  fps   5382  1152.9s
it 3770/4000  reward     nan  ep_len    nan  fell    0  err_xy 0.185  std 0.500  lr 3.0e-04  fps   5288  1153.2s
it 3771/4000  reward     nan  ep_len    nan  fell    0  err_xy 0.156  std 0.500  lr 3.0e-04  fps   5334  1153.5s
it 3772/4000  reward     nan  ep_len    nan  fell    0  err_xy 0.140  std 0.500  lr 3.0e-04  fps   5308  1153.7s
it 3773/4000  reward     nan  ep_len    nan  fell    0  err_xy 0.126  std 0.500  lr 3.0e-04  fps   5128  1154.0s
it 3774/4000  reward     nan  ep_len    nan  fell    0  err_xy 0.107  std 0.500  lr 3.0e-04  fps   4861  1154.4s
it 3775/4000  reward     nan  ep_len    nan  fell    0  err_xy 0.096  std 0.500  lr 3.0e-04  fps   5081  1154.7s
it 3776/4000  reward     nan  ep_len    nan  fell    0  err_xy 0.090  std 0.500  lr 3.0e-04  fps   5081  1155.0s
it 3777/4000  reward     nan  ep_len    nan  fell    0  err_xy 0.076  std 0.500  lr 3.0e-04  fps   5059  1155.3s
it 3778/4000  reward     nan  ep_len    nan  fell    0  err_xy 0.076  std 0.500  lr 3.0e-04  fps   4967  1155.6s
it 3779/4000  reward     nan  ep_len    nan  fell    0  err_xy 0.079  std 0.500  lr 3.0e-04  fps   5109  1155.9s
it 3780/4000  reward     nan  ep_len    nan  fell    0  err_xy 0.070  std 0.500  lr 3.0e-04  fps   4951  1156.2s
it 3781/4000  reward     nan  ep_len    nan  fell    0  err_xy 0.064  std 0.500  lr 3.0e-04  fps   5058  1156.5s
it 3782/4000  reward     nan  ep_len    nan  fell    0  err_xy 0.065  std 0.500  lr 3.0e-04  fps   5013  1156.8s
it 3783/4000  reward     nan  ep_len    nan  fell    0  err_xy 0.062  std 0.500  lr 3.0e-04  fps   5048  1157.1s
it 3784/4000  reward   31.46  ep_len  400.0  fell    0  err_xy 0.158  std 0.500  lr 3.0e-04  fps   4070  1157.5s
it 3785/4000  reward     nan  ep_len    nan  fell    0  err_xy 0.195  std 0.500  lr 3.0e-04  fps   5147  1157.8s
it 3786/4000  reward     nan  ep_len    nan  fell    0  err_xy 0.164  std 0.500  lr 3.0e-04  fps   5267  1158.1s
it 3787/4000  reward     nan  ep_len    nan  fell    0  err_xy 0.139  std 0.500  lr 3.0e-04  fps   5151  1158.4s
it 3788/4000  reward     nan  ep_len    nan  fell    0  err_xy 0.126  std 0.500  lr 3.0e-04  fps   5132  1158.7s
it 3789/4000  reward     nan  ep_len    nan  fell    0  err_xy 0.108  std 0.500  lr 3.0e-04  fps   4836  1159.0s
it 3790/4000  reward     nan  ep_len    nan  fell    0  err_xy 0.095  std 0.500  lr 3.0e-04  fps   5899  1159.2s
it 3791/4000  reward     nan  ep_len    nan  fell    0  err_xy 0.087  std 0.500  lr 3.0e-04  fps   5784  1159.5s
it 3792/4000  reward     nan  ep_len    nan  fell    0  err_xy 0.082  std 0.500  lr 3.0e-04  fps   5667  1159.8s
it 3793/4000  reward     nan  ep_len    nan  fell    0  err_xy 0.074  std 0.500  lr 3.0e-04  fps   5810  1160.0s
it 3794/4000  reward     nan  ep_len    nan  fell    0  err_xy 0.070  std 0.500  lr 3.0e-04  fps   5814  1160.3s
it 3795/4000  reward     nan  ep_len    nan  fell    0  err_xy 0.067  std 0.500  lr 3.0e-04  fps   5929  1160.6s
it 3796/4000  reward     nan  ep_len    nan  fell    0  err_xy 0.065  std 0.500  lr 3.0e-04  fps   5820  1160.8s
it 3797/4000  reward     nan  ep_len    nan  fell    0  err_xy 0.066  std 0.500  lr 3.0e-04  fps   5879  1161.1s
it 3798/4000  reward     nan  ep_len    nan  fell    0  err_xy 0.072  std 0.500  lr 3.0e-04  fps   5091  1161.4s
it 3799/4000  reward     nan  ep_len    nan  fell    0  err_xy 0.071  std 0.500  lr 3.0e-04  fps   5066  1161.7s
it 3800/4000  reward   31.89  ep_len  400.0  fell    0  err_xy 0.064  std 0.500  lr 3.0e-04  fps   4029  1162.1s
eval iteration 3800:
  prone          success   0.0%  time 8.00s  peak_τ 0.96 Nm  return 20.64
  supine         success   0.0%  time 8.00s  peak_τ 0.96 Nm  return -6.78
  score 0.000
it 3801/4000  reward     nan  ep_len    nan  fell    0  err_xy 0.241  std 0.500  lr 3.0e-04  fps   5539  1164.6s
it 3802/4000  reward     nan  ep_len    nan  fell    0  err_xy 0.216  std 0.500  lr 3.0e-04  fps   5504  1164.9s
it 3803/4000  reward     nan  ep_len    nan  fell    0  err_xy 0.187  std 0.500  lr 3.0e-04  fps   5509  1165.1s
it 3804/4000  reward     nan  ep_len    nan  fell    0  err_xy 0.144  std 0.500  lr 3.0e-04  fps   5353  1165.4s
it 3805/4000  reward     nan  ep_len    nan  fell    0  err_xy 0.126  std 0.500  lr 3.0e-04  fps   5129  1165.7s
it 3806/4000  reward     nan  ep_len    nan  fell    0  err_xy 0.122  std 0.500  lr 3.0e-04  fps   4909  1166.0s
it 3807/4000  reward     nan  ep_len    nan  fell    0  err_xy 0.115  std 0.500  lr 3.0e-04  fps   5026  1166.4s
it 3808/4000  reward     nan  ep_len    nan  fell    0  err_xy 0.103  std 0.500  lr 3.0e-04  fps   5250  1166.6s
it 3809/4000  reward     nan  ep_len    nan  fell    0  err_xy 0.094  std 0.500  lr 3.0e-04  fps   5257  1166.9s
it 3810/4000  reward     nan  ep_len    nan  fell    0  err_xy 0.091  std 0.500  lr 3.0e-04  fps   5106  1167.2s
it 3811/4000  reward     nan  ep_len    nan  fell    0  err_xy 0.089  std 0.500  lr 3.0e-04  fps   5247  1167.5s
it 3812/4000  reward     nan  ep_len    nan  fell    0  err_xy 0.083  std 0.500  lr 3.0e-04  fps   5254  1167.8s
it 3813/4000  reward     nan  ep_len    nan  fell    0  err_xy 0.080  std 0.500  lr 3.0e-04  fps   4738  1168.1s
it 3814/4000  reward     nan  ep_len    nan  fell    0  err_xy 0.079  std 0.500  lr 3.0e-04  fps   4968  1168.5s
it 3815/4000  reward     nan  ep_len    nan  fell    0  err_xy 0.071  std 0.500  lr 3.0e-04  fps   4838  1168.8s
it 3816/4000  reward     nan  ep_len    nan  fell    0  err_xy 0.080  std 0.500  lr 3.0e-04  fps   4924  1169.1s
it 3817/4000  reward   28.96  ep_len  400.0  fell    0  err_xy 0.125  std 0.500  lr 3.0e-04  fps   3964  1169.5s
it 3818/4000  reward     nan  ep_len    nan  fell    0  err_xy 0.227  std 0.500  lr 3.0e-04  fps   5253  1169.8s
it 3819/4000  reward     nan  ep_len    nan  fell    0  err_xy 0.196  std 0.500  lr 3.0e-04  fps   5353  1170.1s
it 3820/4000  reward     nan  ep_len    nan  fell    0  err_xy 0.169  std 0.500  lr 3.0e-04  fps   5238  1170.4s
it 3821/4000  reward     nan  ep_len    nan  fell    0  err_xy 0.160  std 0.500  lr 3.0e-04  fps   5061  1170.7s
it 3822/4000  reward     nan  ep_len    nan  fell    0  err_xy 0.149  std 0.500  lr 3.0e-04  fps   4919  1171.0s
it 3823/4000  reward     nan  ep_len    nan  fell    0  err_xy 0.120  std 0.500  lr 3.0e-04  fps   5103  1171.3s
it 3824/4000  reward     nan  ep_len    nan  fell    0  err_xy 0.107  std 0.500  lr 3.0e-04  fps   5157  1171.6s
it 3825/4000  reward     nan  ep_len    nan  fell    0  err_xy 0.105  std 0.500  lr 3.0e-04  fps   5121  1171.9s
it 3826/4000  reward     nan  ep_len    nan  fell    0  err_xy 0.095  std 0.500  lr 3.0e-04  fps   5123  1172.2s
it 3827/4000  reward     nan  ep_len    nan  fell    0  err_xy 0.088  std 0.500  lr 3.0e-04  fps   5157  1172.5s
it 3828/4000  reward     nan  ep_len    nan  fell    0  err_xy 0.076  std 0.500  lr 3.0e-04  fps   4981  1172.8s
it 3829/4000  reward     nan  ep_len    nan  fell    0  err_xy 0.072  std 0.500  lr 3.0e-04  fps   4966  1173.1s
it 3830/4000  reward     nan  ep_len    nan  fell    0  err_xy 0.070  std 0.500  lr 3.0e-04  fps   5054  1173.4s
it 3831/4000  reward     nan  ep_len    nan  fell    0  err_xy 0.075  std 0.500  lr 3.0e-04  fps   5187  1173.7s
it 3832/4000  reward     nan  ep_len    nan  fell    0  err_xy 0.076  std 0.500  lr 3.0e-04  fps   5152  1174.0s
it 3833/4000  reward     nan  ep_len    nan  fell    0  err_xy 0.070  std 0.500  lr 3.0e-04  fps   5043  1174.3s
it 3834/4000  reward   31.75  ep_len  400.0  fell    0  err_xy 0.183  std 0.500  lr 3.0e-04  fps   4003  1174.7s
it 3835/4000  reward     nan  ep_len    nan  fell    0  err_xy 0.202  std 0.500  lr 3.0e-04  fps   5310  1175.0s
it 3836/4000  reward     nan  ep_len    nan  fell    0  err_xy 0.201  std 0.500  lr 3.0e-04  fps   5386  1175.2s
it 3837/4000  reward     nan  ep_len    nan  fell    0  err_xy 0.175  std 0.500  lr 3.0e-04  fps   5298  1175.5s
it 3838/4000  reward     nan  ep_len    nan  fell    0  err_xy 0.140  std 0.500  lr 3.0e-04  fps   5211  1175.8s
it 3839/4000  reward     nan  ep_len    nan  fell    0  err_xy 0.119  std 0.500  lr 3.0e-04  fps   5364  1176.1s
it 3840/4000  reward     nan  ep_len    nan  fell    0  err_xy 0.104  std 0.500  lr 3.0e-04  fps   5218  1176.4s
it 3841/4000  reward     nan  ep_len    nan  fell    0  err_xy 0.093  std 0.500  lr 3.0e-04  fps   5206  1176.7s
it 3842/4000  reward     nan  ep_len    nan  fell    0  err_xy 0.085  std 0.500  lr 3.0e-04  fps   5125  1177.0s
it 3843/4000  reward     nan  ep_len    nan  fell    0  err_xy 0.080  std 0.500  lr 3.0e-04  fps   5196  1177.3s
it 3844/4000  reward     nan  ep_len    nan  fell    0  err_xy 0.075  std 0.500  lr 3.0e-04  fps   5161  1177.6s
it 3845/4000  reward     nan  ep_len    nan  fell    0  err_xy 0.074  std 0.500  lr 3.0e-04  fps   4849  1177.9s
it 3846/4000  reward     nan  ep_len    nan  fell    0  err_xy 0.088  std 0.500  lr 3.0e-04  fps   5177  1178.2s
it 3847/4000  reward     nan  ep_len    nan  fell    0  err_xy 0.078  std 0.500  lr 3.0e-04  fps   5137  1178.5s
it 3848/4000  reward     nan  ep_len    nan  fell    0  err_xy 0.068  std 0.500  lr 3.0e-04  fps   5087  1178.8s
it 3849/4000  reward     nan  ep_len    nan  fell    0  err_xy 0.066  std 0.500  lr 3.0e-04  fps   5093  1179.1s
it 3850/4000  reward   32.58  ep_len  400.0  fell    0  err_xy 0.065  std 0.500  lr 3.0e-04  fps   3929  1179.5s
it 3851/4000  reward     nan  ep_len    nan  fell    0  err_xy 0.238  std 0.500  lr 3.0e-04  fps   5444  1179.8s
it 3852/4000  reward     nan  ep_len    nan  fell    0  err_xy 0.202  std 0.500  lr 3.0e-04  fps   5304  1180.1s
it 3853/4000  reward     nan  ep_len    nan  fell    0  err_xy 0.159  std 0.500  lr 3.0e-04  fps   5193  1180.4s
it 3854/4000  reward     nan  ep_len    nan  fell    0  err_xy 0.131  std 0.500  lr 3.0e-04  fps   5052  1180.7s
it 3855/4000  reward     nan  ep_len    nan  fell    0  err_xy 0.110  std 0.500  lr 3.0e-04  fps   5113  1181.0s
it 3856/4000  reward     nan  ep_len    nan  fell    0  err_xy 0.087  std 0.500  lr 3.0e-04  fps   5002  1181.3s
it 3857/4000  reward     nan  ep_len    nan  fell    0  err_xy 0.081  std 0.500  lr 3.0e-04  fps   5039  1181.6s
it 3858/4000  reward     nan  ep_len    nan  fell    0  err_xy 0.080  std 0.500  lr 3.0e-04  fps   5044  1181.9s
it 3859/4000  reward     nan  ep_len    nan  fell    0  err_xy 0.071  std 0.500  lr 3.0e-04  fps   5049  1182.2s
it 3860/4000  reward     nan  ep_len    nan  fell    0  err_xy 0.074  std 0.500  lr 3.0e-04  fps   4875  1182.5s
it 3861/4000  reward     nan  ep_len    nan  fell    0  err_xy 0.074  std 0.500  lr 3.0e-04  fps   5086  1182.8s
it 3862/4000  reward     nan  ep_len    nan  fell    0  err_xy 0.077  std 0.500  lr 3.0e-04  fps   5039  1183.1s
it 3863/4000  reward     nan  ep_len    nan  fell    0  err_xy 0.084  std 0.500  lr 3.0e-04  fps   5128  1183.4s
it 3864/4000  reward     nan  ep_len    nan  fell    0  err_xy 0.069  std 0.500  lr 3.0e-04  fps   5120  1183.7s
it 3865/4000  reward     nan  ep_len    nan  fell    0  err_xy 0.061  std 0.500  lr 3.0e-04  fps   5024  1184.0s
it 3866/4000  reward     nan  ep_len    nan  fell    0  err_xy 0.059  std 0.500  lr 3.0e-04  fps   4952  1184.3s
it 3867/4000  reward   35.62  ep_len  400.0  fell    0  err_xy 0.119  std 0.500  lr 3.0e-04  fps   3875  1184.7s
it 3868/4000  reward     nan  ep_len    nan  fell    0  err_xy 0.228  std 0.500  lr 3.0e-04  fps   5117  1185.0s
it 3869/4000  reward     nan  ep_len    nan  fell    0  err_xy 0.201  std 0.500  lr 3.0e-04  fps   5230  1185.3s
it 3870/4000  reward     nan  ep_len    nan  fell    0  err_xy 0.169  std 0.500  lr 3.0e-04  fps   5035  1185.6s
it 3871/4000  reward     nan  ep_len    nan  fell    0  err_xy 0.140  std 0.500  lr 3.0e-04  fps   5009  1185.9s
it 3872/4000  reward     nan  ep_len    nan  fell    0  err_xy 0.111  std 0.500  lr 3.0e-04  fps   5024  1186.3s
it 3873/4000  reward     nan  ep_len    nan  fell    0  err_xy 0.096  std 0.500  lr 3.0e-04  fps   4979  1186.6s
it 3874/4000  reward     nan  ep_len    nan  fell    0  err_xy 0.092  std 0.500  lr 3.0e-04  fps   4958  1186.9s
it 3875/4000  reward     nan  ep_len    nan  fell    0  err_xy 0.084  std 0.500  lr 3.0e-04  fps   4993  1187.2s
it 3876/4000  reward     nan  ep_len    nan  fell    0  err_xy 0.083  std 0.500  lr 3.0e-04  fps   4832  1187.5s
it 3877/4000  reward     nan  ep_len    nan  fell    0  err_xy 0.084  std 0.500  lr 3.0e-04  fps   5086  1187.8s
it 3878/4000  reward     nan  ep_len    nan  fell    0  err_xy 0.085  std 0.500  lr 3.0e-04  fps   5044  1188.1s
it 3879/4000  reward     nan  ep_len    nan  fell    0  err_xy 0.080  std 0.500  lr 3.0e-04  fps   5044  1188.4s
it 3880/4000  reward     nan  ep_len    nan  fell    0  err_xy 0.073  std 0.500  lr 3.0e-04  fps   4970  1188.7s
it 3881/4000  reward     nan  ep_len    nan  fell    0  err_xy 0.068  std 0.500  lr 3.0e-04  fps   4985  1189.0s
it 3882/4000  reward     nan  ep_len    nan  fell    0  err_xy 0.064  std 0.500  lr 3.0e-04  fps   4894  1189.3s
it 3883/4000  reward     nan  ep_len    nan  fell    0  err_xy 0.067  std 0.500  lr 3.0e-04  fps   4656  1189.7s
it 3884/4000  reward   32.90  ep_len  400.0  fell    0  err_xy 0.183  std 0.500  lr 3.0e-04  fps   3683  1190.1s
it 3885/4000  reward     nan  ep_len    nan  fell    0  err_xy 0.207  std 0.500  lr 3.0e-04  fps   5335  1190.4s
it 3886/4000  reward     nan  ep_len    nan  fell    0  err_xy 0.179  std 0.500  lr 3.0e-04  fps   5351  1190.7s
it 3887/4000  reward     nan  ep_len    nan  fell    0  err_xy 0.146  std 0.500  lr 3.0e-04  fps   4943  1191.0s
it 3888/4000  reward     nan  ep_len    nan  fell    0  err_xy 0.127  std 0.500  lr 3.0e-04  fps   5197  1191.3s
it 3889/4000  reward     nan  ep_len    nan  fell    0  err_xy 0.115  std 0.500  lr 3.0e-04  fps   5137  1191.6s
it 3890/4000  reward     nan  ep_len    nan  fell    0  err_xy 0.101  std 0.500  lr 3.0e-04  fps   5006  1191.9s
it 3891/4000  reward     nan  ep_len    nan  fell    0  err_xy 0.093  std 0.500  lr 3.0e-04  fps   5126  1192.2s
it 3892/4000  reward     nan  ep_len    nan  fell    0  err_xy 0.088  std 0.500  lr 3.0e-04  fps   5029  1192.5s
it 3893/4000  reward     nan  ep_len    nan  fell    0  err_xy 0.078  std 0.500  lr 3.0e-04  fps   4999  1192.8s
it 3894/4000  reward     nan  ep_len    nan  fell    0  err_xy 0.076  std 0.500  lr 3.0e-04  fps   5101  1193.1s
it 3895/4000  reward     nan  ep_len    nan  fell    0  err_xy 0.072  std 0.500  lr 3.0e-04  fps   5089  1193.4s
it 3896/4000  reward     nan  ep_len    nan  fell    0  err_xy 0.074  std 0.500  lr 3.0e-04  fps   5129  1193.7s
it 3897/4000  reward     nan  ep_len    nan  fell    0  err_xy 0.070  std 0.500  lr 3.0e-04  fps   5089  1194.0s
it 3898/4000  reward     nan  ep_len    nan  fell    0  err_xy 0.076  std 0.500  lr 3.0e-04  fps   5084  1194.3s
it 3899/4000  reward     nan  ep_len    nan  fell    0  err_xy 0.069  std 0.500  lr 3.0e-04  fps   5041  1194.6s
it 3900/4000  reward   34.41  ep_len  400.0  fell    0  err_xy 0.067  std 0.500  lr 3.0e-04  fps   3722  1195.0s
it 3901/4000  reward     nan  ep_len    nan  fell    0  err_xy 0.252  std 0.500  lr 3.0e-04  fps   5379  1195.3s
it 3902/4000  reward     nan  ep_len    nan  fell    0  err_xy 0.222  std 0.500  lr 3.0e-04  fps   5286  1195.6s
it 3903/4000  reward     nan  ep_len    nan  fell    0  err_xy 0.181  std 0.500  lr 3.0e-04  fps   5408  1195.9s
it 3904/4000  reward     nan  ep_len    nan  fell    0  err_xy 0.146  std 0.500  lr 3.0e-04  fps   5354  1196.2s
it 3905/4000  reward     nan  ep_len    nan  fell    0  err_xy 0.131  std 0.500  lr 3.0e-04  fps   5271  1196.5s
it 3906/4000  reward     nan  ep_len    nan  fell    0  err_xy 0.117  std 0.500  lr 3.0e-04  fps   5168  1196.8s
it 3907/4000  reward     nan  ep_len    nan  fell    0  err_xy 0.105  std 0.500  lr 3.0e-04  fps   5184  1197.1s
it 3908/4000  reward     nan  ep_len    nan  fell    0  err_xy 0.100  std 0.500  lr 3.0e-04  fps   5075  1197.4s
it 3909/4000  reward     nan  ep_len    nan  fell    0  err_xy 0.102  std 0.500  lr 3.0e-04  fps   5136  1197.7s
it 3910/4000  reward     nan  ep_len    nan  fell    0  err_xy 0.094  std 0.500  lr 3.0e-04  fps   5105  1198.0s
it 3911/4000  reward     nan  ep_len    nan  fell    0  err_xy 0.082  std 0.500  lr 3.0e-04  fps   5007  1198.3s
it 3912/4000  reward     nan  ep_len    nan  fell    0  err_xy 0.076  std 0.500  lr 3.0e-04  fps   4871  1198.6s
it 3913/4000  reward     nan  ep_len    nan  fell    0  err_xy 0.073  std 0.500  lr 3.0e-04  fps   4922  1198.9s
it 3914/4000  reward     nan  ep_len    nan  fell    0  err_xy 0.073  std 0.500  lr 3.0e-04  fps   5003  1199.2s
it 3915/4000  reward     nan  ep_len    nan  fell    0  err_xy 0.092  std 0.500  lr 3.0e-04  fps   5068  1199.5s
it 3916/4000  reward     nan  ep_len    nan  fell    0  err_xy 0.082  std 0.500  lr 3.0e-04  fps   4981  1199.8s
it 3917/4000  reward   31.32  ep_len  400.0  fell    0  err_xy 0.118  std 0.500  lr 3.0e-04  fps   3936  1200.2s
it 3918/4000  reward     nan  ep_len    nan  fell    0  err_xy 0.230  std 0.500  lr 3.0e-04  fps   5274  1200.5s
it 3919/4000  reward     nan  ep_len    nan  fell    0  err_xy 0.203  std 0.500  lr 3.0e-04  fps   5394  1200.8s
it 3920/4000  reward     nan  ep_len    nan  fell    0  err_xy 0.173  std 0.500  lr 3.0e-04  fps   5353  1201.1s
it 3921/4000  reward     nan  ep_len    nan  fell    0  err_xy 0.153  std 0.500  lr 3.0e-04  fps   5347  1201.4s
it 3922/4000  reward     nan  ep_len    nan  fell    0  err_xy 0.147  std 0.500  lr 3.0e-04  fps   5165  1201.6s
it 3923/4000  reward     nan  ep_len    nan  fell    0  err_xy 0.124  std 0.500  lr 3.0e-04  fps   5273  1201.9s
it 3924/4000  reward     nan  ep_len    nan  fell    0  err_xy 0.124  std 0.500  lr 3.0e-04  fps   5225  1202.2s
it 3925/4000  reward     nan  ep_len    nan  fell    0  err_xy 0.109  std 0.500  lr 3.0e-04  fps   5165  1202.5s
it 3926/4000  reward     nan  ep_len    nan  fell    0  err_xy 0.102  std 0.500  lr 3.0e-04  fps   4946  1202.8s
it 3927/4000  reward     nan  ep_len    nan  fell    0  err_xy 0.090  std 0.500  lr 3.0e-04  fps   5061  1203.1s
it 3928/4000  reward     nan  ep_len    nan  fell    0  err_xy 0.081  std 0.500  lr 3.0e-04  fps   5062  1203.5s
it 3929/4000  reward     nan  ep_len    nan  fell    0  err_xy 0.084  std 0.500  lr 3.0e-04  fps   5105  1203.8s
it 3930/4000  reward     nan  ep_len    nan  fell    0  err_xy 0.079  std 0.500  lr 3.0e-04  fps   5084  1204.1s
it 3931/4000  reward     nan  ep_len    nan  fell    0  err_xy 0.072  std 0.500  lr 3.0e-04  fps   5002  1204.4s
it 3932/4000  reward     nan  ep_len    nan  fell    0  err_xy 0.076  std 0.500  lr 3.0e-04  fps   5020  1204.7s
it 3933/4000  reward     nan  ep_len    nan  fell    0  err_xy 0.066  std 0.500  lr 3.0e-04  fps   5093  1205.0s
it 3934/4000  reward   32.96  ep_len  400.0  fell    0  err_xy 0.185  std 0.500  lr 3.0e-04  fps   3922  1205.4s
it 3935/4000  reward     nan  ep_len    nan  fell    0  err_xy 0.240  std 0.500  lr 3.0e-04  fps   5319  1205.7s
it 3936/4000  reward     nan  ep_len    nan  fell    0  err_xy 0.192  std 0.500  lr 3.0e-04  fps   5407  1205.9s
it 3937/4000  reward     nan  ep_len    nan  fell    0  err_xy 0.163  std 0.500  lr 3.0e-04  fps   5091  1206.2s
it 3938/4000  reward     nan  ep_len    nan  fell    0  err_xy 0.129  std 0.500  lr 3.0e-04  fps   5194  1206.5s
it 3939/4000  reward     nan  ep_len    nan  fell    0  err_xy 0.123  std 0.500  lr 3.0e-04  fps   4893  1206.9s
it 3940/4000  reward     nan  ep_len    nan  fell    0  err_xy 0.110  std 0.500  lr 3.0e-04  fps   5000  1207.2s
it 3941/4000  reward     nan  ep_len    nan  fell    0  err_xy 0.086  std 0.500  lr 3.0e-04  fps   5051  1207.5s
it 3942/4000  reward     nan  ep_len    nan  fell    0  err_xy 0.089  std 0.500  lr 3.0e-04  fps   4902  1207.8s
it 3943/4000  reward     nan  ep_len    nan  fell    0  err_xy 0.089  std 0.499  lr 3.0e-04  fps   4916  1208.1s
it 3944/4000  reward     nan  ep_len    nan  fell    0  err_xy 0.091  std 0.500  lr 3.0e-04  fps   5206  1208.4s
it 3945/4000  reward     nan  ep_len    nan  fell    0  err_xy 0.082  std 0.500  lr 3.0e-04  fps   5159  1208.7s
it 3946/4000  reward     nan  ep_len    nan  fell    0  err_xy 0.075  std 0.500  lr 3.0e-04  fps   5184  1209.0s
it 3947/4000  reward     nan  ep_len    nan  fell    0  err_xy 0.073  std 0.500  lr 3.0e-04  fps   5092  1209.3s
it 3948/4000  reward     nan  ep_len    nan  fell    0  err_xy 0.065  std 0.499  lr 3.0e-04  fps   5088  1209.6s
it 3949/4000  reward     nan  ep_len    nan  fell    0  err_xy 0.066  std 0.499  lr 3.0e-04  fps   5122  1209.9s
it 3950/4000  reward   35.01  ep_len  400.0  fell    0  err_xy 0.061  std 0.499  lr 3.0e-04  fps   3922  1210.3s
it 3951/4000  reward     nan  ep_len    nan  fell    0  err_xy 0.260  std 0.499  lr 3.0e-04  fps   5230  1210.6s
it 3952/4000  reward     nan  ep_len    nan  fell    0  err_xy 0.231  std 0.499  lr 3.0e-04  fps   5430  1210.9s
it 3953/4000  reward     nan  ep_len    nan  fell    0  err_xy 0.176  std 0.500  lr 3.0e-04  fps   5470  1211.1s
it 3954/4000  reward     nan  ep_len    nan  fell    0  err_xy 0.147  std 0.500  lr 3.0e-04  fps   5362  1211.4s
it 3955/4000  reward     nan  ep_len    nan  fell    0  err_xy 0.142  std 0.500  lr 3.0e-04  fps   5323  1211.7s
it 3956/4000  reward     nan  ep_len    nan  fell    0  err_xy 0.125  std 0.500  lr 3.0e-04  fps   4972  1212.0s
it 3957/4000  reward     nan  ep_len    nan  fell    0  err_xy 0.112  std 0.500  lr 3.0e-04  fps   5306  1212.3s
it 3958/4000  reward     nan  ep_len    nan  fell    0  err_xy 0.095  std 0.500  lr 3.0e-04  fps   5132  1212.6s
it 3959/4000  reward     nan  ep_len    nan  fell    0  err_xy 0.092  std 0.500  lr 3.0e-04  fps   5245  1212.9s
it 3960/4000  reward     nan  ep_len    nan  fell    0  err_xy 0.090  std 0.500  lr 3.0e-04  fps   5251  1213.2s
it 3961/4000  reward     nan  ep_len    nan  fell    0  err_xy 0.082  std 0.500  lr 3.0e-04  fps   5063  1213.5s
it 3962/4000  reward     nan  ep_len    nan  fell    0  err_xy 0.084  std 0.499  lr 3.0e-04  fps   5251  1213.8s
it 3963/4000  reward     nan  ep_len    nan  fell    0  err_xy 0.080  std 0.500  lr 3.0e-04  fps   5162  1214.1s
it 3964/4000  reward     nan  ep_len    nan  fell    0  err_xy 0.080  std 0.500  lr 3.0e-04  fps   5215  1214.4s
it 3965/4000  reward     nan  ep_len    nan  fell    0  err_xy 0.072  std 0.500  lr 3.0e-04  fps   5240  1214.7s
it 3966/4000  reward     nan  ep_len    nan  fell    0  err_xy 0.073  std 0.500  lr 3.0e-04  fps   5258  1215.0s
it 3967/4000  reward   34.02  ep_len  400.0  fell    0  err_xy 0.120  std 0.500  lr 3.0e-04  fps   3925  1215.4s
it 3968/4000  reward     nan  ep_len    nan  fell    0  err_xy 0.260  std 0.500  lr 3.0e-04  fps   5296  1215.7s
it 3969/4000  reward     nan  ep_len    nan  fell    0  err_xy 0.209  std 0.500  lr 3.0e-04  fps   5555  1215.9s
it 3970/4000  reward     nan  ep_len    nan  fell    0  err_xy 0.175  std 0.500  lr 3.0e-04  fps   5459  1216.2s
it 3971/4000  reward     nan  ep_len    nan  fell    0  err_xy 0.141  std 0.500  lr 3.0e-04  fps   5237  1216.5s
it 3972/4000  reward     nan  ep_len    nan  fell    0  err_xy 0.131  std 0.500  lr 3.0e-04  fps   5322  1216.8s
it 3973/4000  reward     nan  ep_len    nan  fell    0  err_xy 0.111  std 0.500  lr 3.0e-04  fps   5181  1217.1s
it 3974/4000  reward     nan  ep_len    nan  fell    0  err_xy 0.096  std 0.500  lr 3.0e-04  fps   4905  1217.4s
it 3975/4000  reward     nan  ep_len    nan  fell    0  err_xy 0.092  std 0.500  lr 3.0e-04  fps   5195  1217.7s
it 3976/4000  reward     nan  ep_len    nan  fell    0  err_xy 0.080  std 0.500  lr 3.0e-04  fps   5060  1218.0s
it 3977/4000  reward     nan  ep_len    nan  fell    0  err_xy 0.077  std 0.500  lr 3.0e-04  fps   5089  1218.3s
it 3978/4000  reward     nan  ep_len    nan  fell    0  err_xy 0.071  std 0.500  lr 3.0e-04  fps   4908  1218.6s
it 3979/4000  reward     nan  ep_len    nan  fell    0  err_xy 0.069  std 0.500  lr 3.0e-04  fps   4932  1218.9s
it 3980/4000  reward     nan  ep_len    nan  fell    0  err_xy 0.065  std 0.500  lr 3.0e-04  fps   5057  1219.2s
it 3981/4000  reward     nan  ep_len    nan  fell    0  err_xy 0.062  std 0.500  lr 3.0e-04  fps   5067  1219.5s
it 3982/4000  reward     nan  ep_len    nan  fell    0  err_xy 0.067  std 0.500  lr 3.0e-04  fps   5144  1219.8s
it 3983/4000  reward     nan  ep_len    nan  fell    0  err_xy 0.063  std 0.500  lr 3.0e-04  fps   5074  1220.1s
it 3984/4000  reward   34.42  ep_len  400.0  fell    0  err_xy 0.181  std 0.500  lr 3.0e-04  fps   4305  1220.5s
it 3985/4000  reward     nan  ep_len    nan  fell    0  err_xy 0.246  std 0.500  lr 3.0e-04  fps   5923  1220.8s
it 3986/4000  reward     nan  ep_len    nan  fell    0  err_xy 0.202  std 0.500  lr 3.0e-04  fps   6336  1221.0s
it 3987/4000  reward     nan  ep_len    nan  fell    0  err_xy 0.150  std 0.500  lr 3.0e-04  fps   6251  1221.2s
it 3988/4000  reward     nan  ep_len    nan  fell    0  err_xy 0.118  std 0.500  lr 3.0e-04  fps   6173  1221.5s
it 3989/4000  reward     nan  ep_len    nan  fell    0  err_xy 0.118  std 0.500  lr 3.0e-04  fps   6282  1221.7s
it 3990/4000  reward     nan  ep_len    nan  fell    0  err_xy 0.102  std 0.500  lr 3.0e-04  fps   6165  1222.0s
it 3991/4000  reward     nan  ep_len    nan  fell    0  err_xy 0.097  std 0.500  lr 3.0e-04  fps   5725  1222.3s
it 3992/4000  reward     nan  ep_len    nan  fell    0  err_xy 0.096  std 0.500  lr 3.0e-04  fps   6182  1222.5s
it 3993/4000  reward     nan  ep_len    nan  fell    0  err_xy 0.087  std 0.500  lr 3.0e-04  fps   5655  1222.8s
it 3994/4000  reward     nan  ep_len    nan  fell    0  err_xy 0.088  std 0.500  lr 3.0e-04  fps   6187  1223.0s
it 3995/4000  reward     nan  ep_len    nan  fell    0  err_xy 0.077  std 0.500  lr 3.0e-04  fps   6089  1223.3s
it 3996/4000  reward     nan  ep_len    nan  fell    0  err_xy 0.078  std 0.500  lr 3.0e-04  fps   6186  1223.5s
it 3997/4000  reward     nan  ep_len    nan  fell    0  err_xy 0.078  std 0.500  lr 3.0e-04  fps   6172  1223.8s
it 3998/4000  reward     nan  ep_len    nan  fell    0  err_xy 0.082  std 0.500  lr 3.0e-04  fps   6172  1224.0s
it 3999/4000  reward     nan  ep_len    nan  fell    0  err_xy 0.076  std 0.500  lr 3.0e-04  fps   6135  1224.3s
it 4000/4000  reward   34.27  ep_len  400.0  fell    0  err_xy 0.087  std 0.500  lr 3.0e-04  fps   4571  1224.6s
eval iteration 4000:
  prone          success   0.0%  time 8.00s  peak_τ 0.96 Nm  return 14.29
  supine         success   0.0%  time 8.00s  peak_τ 0.96 Nm  return 11.62
  score 0.000
best 1: iteration 0 score 0.000
best 2: iteration 200 score 0.000
best 3: iteration 400 score 0.000
policy file robots/microban/policies/getup_discover_scratch.nnm = checkpoint of iteration 0 (score 0.000)
wrote robots/microban/policies/getup_discover_scratch.nnm (211530 bytes). last iteration: max |train - deployed| = 6.86e-02
final evaluation of getup_discover_scratch.nnm (iteration 0, deployed int8 network):
  prone          success   0.0%  time 7.00s  peak_τ 0.41 Nm  return 12.70
  supine         success   0.0%  time 7.00s  peak_τ 0.09 Nm  return 3.15
  score 0.000
curves: robots/microban/policies/getup_discover_scratch_run/training_curves.png
