wandb: [wandb.login()] Loaded credentials for https://api.wandb.ai from /Users/robertonavoni/.netrc.
wandb: Currently logged in as: virtualrobotix to https://api.wandb.ai. Use `wandb login --relogin` to force relogin
wandb: setting up run qf1zn4nv
wandb: Tracking run with wandb version 0.30.0
wandb: Run data is saved locally in /Users/robertonavoni/Desktop/Lavoro/Progetti-2026/Progetti Software/microduck-ap-ppo-sitl/wandb/run-20260929_221805-qf1zn4nv
wandb: Run `wandb offline` to turn off syncing.
wandb: Syncing run velocity_mlp_int8_getup
wandb: ⭐️ View project at https://wandb.ai/virtualrobotix/mjlab_microban
wandb: 🚀 View run at https://wandb.ai/virtualrobotix/mjlab_microban/runs/qf1zn4nv
/Users/robertonavoni/Desktop/Lavoro/Progetti-2026/Progetti Software/microduck-ap-ppo-sitl/tools/robots/train_velocity.py:746: UserWarning: Converting a tensor with requires_grad=True to a scalar may lead to unexpected behavior.
Consider using tensor.detach() first. (Triggered internally at /Users/runner/work/pytorch/pytorch/torch/csrc/autograd/generated/python_variable_methods.cpp:821.)
  "Policy/mean_std": float(log_std.exp().mean()),
resumed from robots/microban/policies/getup_run/getup_it1500.pt at iteration 1500; std 0.253
gesture getup: std [0.30000001192092896, 0.30000001192092896, 0.30000001192092896, 0.25, 0.25, 0.25, 0.25, 0.25, 0.25, 0.30000001192092896, 0.30000001192092896, 0.30000001192092896, 0.25, 0.25, 0.25, 0.25, 0.25, 0.25] (capped), fixed learning rate
wandb: https://wandb.ai/virtualrobotix/mjlab_microban/runs/qf1zn4nv
it 1501/4000  reward     nan  ep_len    nan  fell    0  err_xy 0.119  std 0.267  lr 1.0e-05  fps   8395     1.5s
it 1502/4000  reward     nan  ep_len    nan  fell    0  err_xy 0.076  std 0.267  lr 5.1e-05  fps   8603     2.9s
it 1503/4000  reward     nan  ep_len    nan  fell    0  err_xy 0.062  std 0.267  lr 7.6e-05  fps   8691     4.3s
it 1504/4000  reward     nan  ep_len    nan  fell    0  err_xy 0.036  std 0.267  lr 5.1e-05  fps   8403     5.8s
it 1505/4000  reward     nan  ep_len    nan  fell    0  err_xy 0.020  std 0.267  lr 7.6e-05  fps   8920     7.2s
it 1506/4000  reward     nan  ep_len    nan  fell    0  err_xy 0.016  std 0.266  lr 1.7e-04  fps   8683     8.6s
it 1507/4000  reward     nan  ep_len    nan  fell    0  err_xy 0.015  std 0.266  lr 7.6e-05  fps   8899    10.0s
it 1508/4000  reward     nan  ep_len    nan  fell    0  err_xy 0.015  std 0.266  lr 1.1e-04  fps   8791    11.3s
it 1509/4000  reward     nan  ep_len    nan  fell    0  err_xy 0.014  std 0.266  lr 7.6e-05  fps   8731    12.8s
it 1510/4000  reward     nan  ep_len    nan  fell    0  err_xy 0.015  std 0.266  lr 1.7e-04  fps   8823    14.2s
it 1511/4000  reward     nan  ep_len    nan  fell    0  err_xy 0.015  std 0.266  lr 1.1e-04  fps   8908    15.5s
it 1512/4000  reward     nan  ep_len    nan  fell    0  err_xy 0.015  std 0.266  lr 1.7e-04  fps   8860    16.9s
it 1513/4000  reward   12.77  ep_len  300.0  fell    0  err_xy 0.076  std 0.266  lr 1.0e-05  fps   6683    18.8s
it 1514/4000  reward     nan  ep_len    nan  fell    0  err_xy 0.092  std 0.266  lr 5.1e-05  fps   8842    20.2s
it 1515/4000  reward     nan  ep_len    nan  fell    0  err_xy 0.066  std 0.266  lr 1.0e-05  fps   8412    21.6s
it 1516/4000  reward     nan  ep_len    nan  fell    0  err_xy 0.039  std 0.266  lr 1.0e-05  fps   8679    23.0s
it 1517/4000  reward     nan  ep_len    nan  fell    0  err_xy 0.021  std 0.266  lr 5.1e-05  fps   8610    24.5s
it 1518/4000  reward     nan  ep_len    nan  fell    0  err_xy 0.017  std 0.266  lr 1.1e-04  fps   8707    25.9s
it 1519/4000  reward     nan  ep_len    nan  fell    0  err_xy 0.015  std 0.266  lr 7.6e-05  fps   8731    27.3s
it 1520/4000  reward     nan  ep_len    nan  fell    0  err_xy 0.015  std 0.266  lr 5.1e-05  fps   8651    28.7s
it 1521/4000  reward     nan  ep_len    nan  fell    0  err_xy 0.015  std 0.266  lr 7.6e-05  fps   8670    30.1s
it 1522/4000  reward     nan  ep_len    nan  fell    0  err_xy 0.015  std 0.266  lr 7.6e-05  fps   8749    31.5s
it 1523/4000  reward     nan  ep_len    nan  fell    0  err_xy 0.015  std 0.266  lr 3.4e-05  fps   8642    32.9s
it 1524/4000  reward     nan  ep_len    nan  fell    0  err_xy 0.014  std 0.266  lr 5.1e-05  fps   8826    34.3s
it 1525/4000  reward   14.72  ep_len  300.0  fell    0  err_xy 0.015  std 0.265  lr 3.4e-05  fps   6499    36.2s
it 1526/4000  reward     nan  ep_len    nan  fell    0  err_xy 0.135  std 0.265  lr 2.3e-05  fps   9129    37.6s
it 1527/4000  reward     nan  ep_len    nan  fell    0  err_xy 0.066  std 0.265  lr 5.1e-05  fps   8786    39.0s
it 1528/4000  reward     nan  ep_len    nan  fell    0  err_xy 0.050  std 0.265  lr 2.3e-05  fps   8891    40.4s
it 1529/4000  reward     nan  ep_len    nan  fell    0  err_xy 0.041  std 0.265  lr 5.1e-05  fps   8899    41.7s
it 1530/4000  reward     nan  ep_len    nan  fell    0  err_xy 0.026  std 0.265  lr 3.4e-05  fps   8917    43.1s
it 1531/4000  reward     nan  ep_len    nan  fell    0  err_xy 0.020  std 0.265  lr 7.6e-05  fps   8201    44.6s
it 1532/4000  reward     nan  ep_len    nan  fell    0  err_xy 0.017  std 0.265  lr 5.1e-05  fps   8924    46.0s
it 1533/4000  reward     nan  ep_len    nan  fell    0  err_xy 0.016  std 0.265  lr 3.4e-05  fps   8851    47.4s
it 1534/4000  reward     nan  ep_len    nan  fell    0  err_xy 0.015  std 0.265  lr 2.3e-05  fps   8949    48.8s
it 1535/4000  reward     nan  ep_len    nan  fell    0  err_xy 0.015  std 0.265  lr 3.4e-05  fps   8934    50.1s
it 1536/4000  reward     nan  ep_len    nan  fell    0  err_xy 0.015  std 0.265  lr 3.4e-05  fps   9031    51.5s
it 1537/4000  reward     nan  ep_len    nan  fell    0  err_xy 0.015  std 0.265  lr 1.0e-05  fps   8755    52.9s
it 1538/4000  reward   13.06  ep_len  300.0  fell    0  err_xy 0.092  std 0.265  lr 1.0e-05  fps   6587    54.8s
it 1539/4000  reward     nan  ep_len    nan  fell    0  err_xy 0.094  std 0.265  lr 1.0e-05  fps   8690    56.2s
it 1540/4000  reward     nan  ep_len    nan  fell    0  err_xy 0.059  std 0.265  lr 1.5e-05  fps   8683    57.6s
it 1541/4000  reward     nan  ep_len    nan  fell    0  err_xy 0.040  std 0.265  lr 7.6e-05  fps   8427    59.1s
it 1542/4000  reward     nan  ep_len    nan  fell    0  err_xy 0.036  std 0.265  lr 5.1e-05  fps   8749    60.5s
it 1543/4000  reward     nan  ep_len    nan  fell    0  err_xy 0.031  std 0.265  lr 7.6e-05  fps   8776    61.9s
it 1544/4000  reward     nan  ep_len    nan  fell    0  err_xy 0.025  std 0.265  lr 5.1e-05  fps   8641    63.3s
it 1545/4000  reward     nan  ep_len    nan  fell    0  err_xy 0.020  std 0.265  lr 2.3e-05  fps   8599    64.7s
it 1546/4000  reward     nan  ep_len    nan  fell    0  err_xy 0.018  std 0.265  lr 2.3e-05  fps   8568    66.2s
it 1547/4000  reward     nan  ep_len    nan  fell    0  err_xy 0.017  std 0.265  lr 1.0e-05  fps   8667    67.6s
it 1548/4000  reward     nan  ep_len    nan  fell    0  err_xy 0.017  std 0.265  lr 1.0e-05  fps   8542    69.0s
it 1549/4000  reward     nan  ep_len    nan  fell    0  err_xy 0.017  std 0.265  lr 1.0e-05  fps   8622    70.5s
it 1550/4000  reward   14.19  ep_len  300.0  fell    0  err_xy 0.016  std 0.265  lr 3.4e-05  fps   6433    72.4s
it 1551/4000  reward     nan  ep_len    nan  fell    0  err_xy 0.120  std 0.265  lr 1.0e-05  fps   8902    73.7s
it 1552/4000  reward     nan  ep_len    nan  fell    0  err_xy 0.064  std 0.265  lr 1.0e-05  fps   8466    75.2s
it 1553/4000  reward     nan  ep_len    nan  fell    0  err_xy 0.040  std 0.265  lr 1.0e-05  fps   8360    76.7s
it 1554/4000  reward     nan  ep_len    nan  fell    0  err_xy 0.031  std 0.265  lr 5.1e-05  fps   8565    78.1s
it 1555/4000  reward     nan  ep_len    nan  fell    0  err_xy 0.029  std 0.265  lr 5.1e-05  fps   8547    79.5s
it 1556/4000  reward     nan  ep_len    nan  fell    0  err_xy 0.026  std 0.265  lr 3.4e-05  fps   8617    81.0s
it 1557/4000  reward     nan  ep_len    nan  fell    0  err_xy 0.024  std 0.265  lr 1.5e-05  fps   8683    82.4s
it 1558/4000  reward     nan  ep_len    nan  fell    0  err_xy 0.020  std 0.265  lr 7.6e-05  fps   8419    83.8s
it 1559/4000  reward     nan  ep_len    nan  fell    0  err_xy 0.017  std 0.265  lr 2.3e-05  fps   8583    85.3s
it 1560/4000  reward     nan  ep_len    nan  fell    0  err_xy 0.016  std 0.265  lr 3.4e-05  fps   8685    86.7s
it 1561/4000  reward     nan  ep_len    nan  fell    0  err_xy 0.016  std 0.264  lr 1.5e-05  fps   8686    88.1s
it 1562/4000  reward     nan  ep_len    nan  fell    0  err_xy 0.016  std 0.264  lr 5.1e-05  fps   8347    89.6s
it 1563/4000  reward   15.75  ep_len  300.0  fell    0  err_xy 0.082  std 0.264  lr 1.0e-05  fps   6713    91.4s
it 1564/4000  reward     nan  ep_len    nan  fell    0  err_xy 0.095  std 0.264  lr 1.0e-05  fps   9055    92.8s
it 1565/4000  reward     nan  ep_len    nan  fell    0  err_xy 0.046  std 0.264  lr 5.1e-05  fps   9000    94.1s
it 1566/4000  reward     nan  ep_len    nan  fell    0  err_xy 0.034  std 0.264  lr 3.4e-05  fps   8885    95.5s
it 1567/4000  reward     nan  ep_len    nan  fell    0  err_xy 0.029  std 0.264  lr 2.3e-05  fps   8780    96.9s
it 1568/4000  reward     nan  ep_len    nan  fell    0  err_xy 0.028  std 0.264  lr 5.1e-05  fps   9042    98.3s
it 1569/4000  reward     nan  ep_len    nan  fell    0  err_xy 0.025  std 0.264  lr 1.0e-05  fps   8890    99.7s
it 1570/4000  reward     nan  ep_len    nan  fell    0  err_xy 0.019  std 0.264  lr 5.1e-05  fps   9033   101.0s
it 1571/4000  reward     nan  ep_len    nan  fell    0  err_xy 0.017  std 0.264  lr 3.4e-05  fps   9066   102.4s
it 1572/4000  reward     nan  ep_len    nan  fell    0  err_xy 0.016  std 0.264  lr 1.0e-05  fps   9094   103.7s
it 1573/4000  reward     nan  ep_len    nan  fell    0  err_xy 0.015  std 0.264  lr 5.1e-05  fps   9096   105.1s
it 1574/4000  reward     nan  ep_len    nan  fell    0  err_xy 0.015  std 0.264  lr 5.1e-05  fps   9039   106.5s
it 1575/4000  reward   13.65  ep_len  300.0  fell    0  err_xy 0.015  std 0.264  lr 3.4e-05  fps   6699   108.3s
it 1576/4000  reward     nan  ep_len    nan  fell    0  err_xy 0.118  std 0.264  lr 1.0e-05  fps   9161   109.6s
it 1577/4000  reward     nan  ep_len    nan  fell    0  err_xy 0.058  std 0.264  lr 7.6e-05  fps   8893   111.0s
it 1578/4000  reward     nan  ep_len    nan  fell    0  err_xy 0.038  std 0.264  lr 3.4e-05  fps   8798   112.4s
it 1579/4000  reward     nan  ep_len    nan  fell    0  err_xy 0.033  std 0.264  lr 5.1e-05  fps   8882   113.8s
it 1580/4000  reward     nan  ep_len    nan  fell    0  err_xy 0.027  std 0.264  lr 3.4e-05  fps   8643   115.2s
it 1581/4000  reward     nan  ep_len    nan  fell    0  err_xy 0.025  std 0.264  lr 7.6e-05  fps   8888   116.6s
it 1582/4000  reward     nan  ep_len    nan  fell    0  err_xy 0.020  std 0.264  lr 5.1e-05  fps   8934   118.0s
it 1583/4000  reward     nan  ep_len    nan  fell    0  err_xy 0.018  std 0.264  lr 1.5e-05  fps   8881   119.4s
it 1584/4000  reward     nan  ep_len    nan  fell    0  err_xy 0.017  std 0.264  lr 1.5e-05  fps   8988   120.7s
it 1585/4000  reward     nan  ep_len    nan  fell    0  err_xy 0.017  std 0.264  lr 1.0e-05  fps   8660   122.2s
it 1586/4000  reward     nan  ep_len    nan  fell    0  err_xy 0.016  std 0.264  lr 5.1e-05  fps   9062   123.5s
it 1587/4000  reward     nan  ep_len    nan  fell    0  err_xy 0.016  std 0.263  lr 1.5e-05  fps   8920   124.9s
it 1588/4000  reward   16.69  ep_len  300.0  fell    0  err_xy 0.077  std 0.263  lr 1.0e-05  fps   6752   126.7s
it 1589/4000  reward     nan  ep_len    nan  fell    0  err_xy 0.078  std 0.263  lr 3.4e-05  fps   8912   128.1s
it 1590/4000  reward     nan  ep_len    nan  fell    0  err_xy 0.040  std 0.264  lr 2.3e-05  fps   8932   129.5s
it 1591/4000  reward     nan  ep_len    nan  fell    0  err_xy 0.027  std 0.264  lr 5.1e-05  fps   8786   130.9s
it 1592/4000  reward     nan  ep_len    nan  fell    0  err_xy 0.023  std 0.264  lr 7.6e-05  fps   8865   132.3s
it 1593/4000  reward     nan  ep_len    nan  fell    0  err_xy 0.024  std 0.263  lr 7.6e-05  fps   8759   133.7s
it 1594/4000  reward     nan  ep_len    nan  fell    0  err_xy 0.024  std 0.263  lr 5.1e-05  fps   8882   135.0s
it 1595/4000  reward     nan  ep_len    nan  fell    0  err_xy 0.022  std 0.263  lr 7.6e-05  fps   8957   136.4s
it 1596/4000  reward     nan  ep_len    nan  fell    0  err_xy 0.020  std 0.263  lr 5.1e-05  fps   8929   137.8s
it 1597/4000  reward     nan  ep_len    nan  fell    0  err_xy 0.018  std 0.263  lr 3.4e-05  fps   9089   139.1s
it 1598/4000  reward     nan  ep_len    nan  fell    0  err_xy 0.016  std 0.263  lr 1.0e-05  fps   9049   140.5s
it 1599/4000  reward     nan  ep_len    nan  fell    0  err_xy 0.015  std 0.263  lr 2.3e-05  fps   9117   141.9s
it 1600/4000  reward   14.80  ep_len  300.0  fell    0  err_xy 0.016  std 0.263  lr 3.4e-05  fps   6750   143.7s
eval iteration 1600:
  prone          success   0.0%  time 7.00s  peak_τ 0.58 Nm  return 3.49
  supine         success   0.0%  time 7.00s  peak_τ 0.43 Nm  return -0.14
  score 0.000
it 1601/4000  reward     nan  ep_len    nan  fell    0  err_xy 0.131  std 0.263  lr 2.3e-05  fps   9442   146.5s
it 1602/4000  reward     nan  ep_len    nan  fell    0  err_xy 0.052  std 0.263  lr 3.4e-05  fps   9063   147.8s
it 1603/4000  reward     nan  ep_len    nan  fell    0  err_xy 0.030  std 0.263  lr 2.3e-05  fps   8843   149.2s
it 1604/4000  reward     nan  ep_len    nan  fell    0  err_xy 0.023  std 0.263  lr 7.6e-05  fps   8806   150.6s
it 1605/4000  reward     nan  ep_len    nan  fell    0  err_xy 0.021  std 0.263  lr 7.6e-05  fps   9000   152.0s
it 1606/4000  reward     nan  ep_len    nan  fell    0  err_xy 0.021  std 0.263  lr 1.1e-04  fps   8693   153.4s
it 1607/4000  reward     nan  ep_len    nan  fell    0  err_xy 0.021  std 0.263  lr 3.4e-05  fps   9006   154.8s
it 1608/4000  reward     nan  ep_len    nan  fell    0  err_xy 0.021  std 0.263  lr 2.3e-05  fps   8827   156.2s
it 1609/4000  reward     nan  ep_len    nan  fell    0  err_xy 0.019  std 0.263  lr 1.0e-05  fps   9021   157.5s
it 1610/4000  reward     nan  ep_len    nan  fell    0  err_xy 0.017  std 0.263  lr 5.1e-05  fps   9135   158.9s
it 1611/4000  reward     nan  ep_len    nan  fell    0  err_xy 0.016  std 0.262  lr 5.1e-05  fps   8949   160.2s
it 1612/4000  reward     nan  ep_len    nan  fell    0  err_xy 0.016  std 0.262  lr 1.1e-04  fps   9147   161.6s
it 1613/4000  reward   15.08  ep_len  300.0  fell    0  err_xy 0.083  std 0.262  lr 1.0e-05  fps   6844   163.4s
it 1614/4000  reward     nan  ep_len    nan  fell    0  err_xy 0.081  std 0.262  lr 1.0e-05  fps   8903   164.8s
it 1615/4000  reward     nan  ep_len    nan  fell    0  err_xy 0.037  std 0.262  lr 5.1e-05  fps   8831   166.2s
it 1616/4000  reward     nan  ep_len    nan  fell    0  err_xy 0.026  std 0.262  lr 3.4e-05  fps   8986   167.5s
it 1617/4000  reward     nan  ep_len    nan  fell    0  err_xy 0.021  std 0.262  lr 2.3e-05  fps   9068   168.9s
it 1618/4000  reward     nan  ep_len    nan  fell    0  err_xy 0.020  std 0.262  lr 7.6e-05  fps   8990   170.2s
it 1619/4000  reward     nan  ep_len    nan  fell    0  err_xy 0.019  std 0.262  lr 7.6e-05  fps   9011   171.6s
it 1620/4000  reward     nan  ep_len    nan  fell    0  err_xy 0.019  std 0.262  lr 2.3e-05  fps   9115   173.0s
it 1621/4000  reward     nan  ep_len    nan  fell    0  err_xy 0.019  std 0.262  lr 7.6e-05  fps   9170   174.3s
it 1622/4000  reward     nan  ep_len    nan  fell    0  err_xy 0.018  std 0.262  lr 5.1e-05  fps   9076   175.7s
it 1623/4000  reward     nan  ep_len    nan  fell    0  err_xy 0.018  std 0.262  lr 3.4e-05  fps   8956   177.0s
it 1624/4000  reward     nan  ep_len    nan  fell    0  err_xy 0.017  std 0.262  lr 5.1e-05  fps   9180   178.4s
it 1625/4000  reward   13.55  ep_len  300.0  fell    0  err_xy 0.018  std 0.262  lr 7.6e-05  fps   6723   180.2s
it 1626/4000  reward     nan  ep_len    nan  fell    0  err_xy 0.131  std 0.262  lr 1.0e-05  fps   9288   181.5s
it 1627/4000  reward     nan  ep_len    nan  fell    0  err_xy 0.052  std 0.262  lr 7.6e-05  fps   8951   182.9s
it 1628/4000  reward     nan  ep_len    nan  fell    0  err_xy 0.027  std 0.262  lr 1.5e-05  fps   8906   184.3s
it 1629/4000  reward     nan  ep_len    nan  fell    0  err_xy 0.021  std 0.262  lr 5.1e-05  fps   8895   185.7s
it 1630/4000  reward     nan  ep_len    nan  fell    0  err_xy 0.018  std 0.262  lr 7.6e-05  fps   8791   187.1s
it 1631/4000  reward     nan  ep_len    nan  fell    0  err_xy 0.017  std 0.262  lr 7.6e-05  fps   8709   188.5s
it 1632/4000  reward     nan  ep_len    nan  fell    0  err_xy 0.016  std 0.262  lr 7.6e-05  fps   8736   189.9s
it 1633/4000  reward     nan  ep_len    nan  fell    0  err_xy 0.016  std 0.262  lr 5.1e-05  fps   8898   191.3s
it 1634/4000  reward     nan  ep_len    nan  fell    0  err_xy 0.016  std 0.262  lr 5.1e-05  fps   8871   192.7s
it 1635/4000  reward     nan  ep_len    nan  fell    0  err_xy 0.015  std 0.262  lr 5.1e-05  fps   9059   194.0s
it 1636/4000  reward     nan  ep_len    nan  fell    0  err_xy 0.015  std 0.262  lr 5.1e-05  fps   8820   195.4s
it 1637/4000  reward     nan  ep_len    nan  fell    0  err_xy 0.016  std 0.262  lr 3.4e-05  fps   8987   196.8s
it 1638/4000  reward   14.64  ep_len  300.0  fell    0  err_xy 0.078  std 0.262  lr 1.0e-05  fps   6752   198.6s
it 1639/4000  reward     nan  ep_len    nan  fell    0  err_xy 0.079  std 0.262  lr 1.0e-05  fps   9022   200.0s
it 1640/4000  reward     nan  ep_len    nan  fell    0  err_xy 0.040  std 0.262  lr 1.0e-05  fps   8742   201.4s
it 1641/4000  reward     nan  ep_len    nan  fell    0  err_xy 0.023  std 0.262  lr 5.1e-05  fps   8943   202.7s
it 1642/4000  reward     nan  ep_len    nan  fell    0  err_xy 0.021  std 0.262  lr 3.4e-05  fps   8976   204.1s
it 1643/4000  reward     nan  ep_len    nan  fell    0  err_xy 0.019  std 0.262  lr 3.4e-05  fps   9057   205.5s
it 1644/4000  reward     nan  ep_len    nan  fell    0  err_xy 0.018  std 0.262  lr 2.3e-05  fps   9128   206.8s
it 1645/4000  reward     nan  ep_len    nan  fell    0  err_xy 0.018  std 0.262  lr 7.6e-05  fps   8657   208.2s
it 1646/4000  reward     nan  ep_len    nan  fell    0  err_xy 0.018  std 0.262  lr 5.1e-05  fps   8843   209.6s
it 1647/4000  reward     nan  ep_len    nan  fell    0  err_xy 0.019  std 0.262  lr 5.1e-05  fps   9022   211.0s
it 1648/4000  reward     nan  ep_len    nan  fell    0  err_xy 0.017  std 0.262  lr 1.1e-04  fps   9030   212.4s
it 1649/4000  reward     nan  ep_len    nan  fell    0  err_xy 0.017  std 0.262  lr 5.1e-05  fps   8943   213.7s
it 1650/4000  reward   13.86  ep_len  300.0  fell    0  err_xy 0.017  std 0.262  lr 7.6e-05  fps   6578   215.6s
it 1651/4000  reward     nan  ep_len    nan  fell    0  err_xy 0.124  std 0.262  lr 1.0e-05  fps   9222   216.9s
it 1652/4000  reward     nan  ep_len    nan  fell    0  err_xy 0.052  std 0.262  lr 2.3e-05  fps   8456   218.4s
it 1653/4000  reward     nan  ep_len    nan  fell    0  err_xy 0.027  std 0.262  lr 1.0e-05  fps   8662   219.8s
it 1654/4000  reward     nan  ep_len    nan  fell    0  err_xy 0.023  std 0.262  lr 5.1e-05  fps   8879   221.2s
it 1655/4000  reward     nan  ep_len    nan  fell    0  err_xy 0.020  std 0.262  lr 3.4e-05  fps   8635   222.6s
it 1656/4000  reward     nan  ep_len    nan  fell    0  err_xy 0.019  std 0.262  lr 5.1e-05  fps   8694   224.0s
it 1657/4000  reward     nan  ep_len    nan  fell    0  err_xy 0.019  std 0.261  lr 1.1e-04  fps   8898   225.4s
it 1658/4000  reward     nan  ep_len    nan  fell    0  err_xy 0.019  std 0.261  lr 1.5e-05  fps   8963   226.8s
it 1659/4000  reward     nan  ep_len    nan  fell    0  err_xy 0.018  std 0.261  lr 1.5e-05  fps   8863   228.2s
it 1660/4000  reward     nan  ep_len    nan  fell    0  err_xy 0.017  std 0.261  lr 7.6e-05  fps   8669   229.6s
it 1661/4000  reward     nan  ep_len    nan  fell    0  err_xy 0.017  std 0.261  lr 1.5e-05  fps   9027   231.0s
it 1662/4000  reward     nan  ep_len    nan  fell    0  err_xy 0.017  std 0.261  lr 1.0e-05  fps   8972   232.3s
it 1663/4000  reward   17.46  ep_len  300.0  fell    0  err_xy 0.078  std 0.261  lr 1.0e-05  fps   6714   234.2s
it 1664/4000  reward     nan  ep_len    nan  fell    0  err_xy 0.086  std 0.261  lr 1.0e-05  fps   9199   235.5s
it 1665/4000  reward     nan  ep_len    nan  fell    0  err_xy 0.039  std 0.261  lr 1.0e-05  fps   8959   236.9s
it 1666/4000  reward     nan  ep_len    nan  fell    0  err_xy 0.025  std 0.261  lr 5.1e-05  fps   9095   238.2s
it 1667/4000  reward     nan  ep_len    nan  fell    0  err_xy 0.021  std 0.261  lr 7.6e-05  fps   8765   239.6s
it 1668/4000  reward     nan  ep_len    nan  fell    0  err_xy 0.019  std 0.261  lr 7.6e-05  fps   9078   241.0s
it 1669/4000  reward     nan  ep_len    nan  fell    0  err_xy 0.019  std 0.261  lr 3.4e-05  fps   9100   242.3s
it 1670/4000  reward     nan  ep_len    nan  fell    0  err_xy 0.020  std 0.261  lr 3.4e-05  fps   9126   243.7s
it 1671/4000  reward     nan  ep_len    nan  fell    0  err_xy 0.019  std 0.261  lr 5.1e-05  fps   9076   245.0s
it 1672/4000  reward     nan  ep_len    nan  fell    0  err_xy 0.018  std 0.261  lr 7.6e-05  fps   9010   246.4s
it 1673/4000  reward     nan  ep_len    nan  fell    0  err_xy 0.017  std 0.261  lr 7.6e-05  fps   9048   247.8s
it 1674/4000  reward     nan  ep_len    nan  fell    0  err_xy 0.017  std 0.261  lr 3.4e-05  fps   9120   249.1s
it 1675/4000  reward   13.85  ep_len  300.0  fell    0  err_xy 0.017  std 0.261  lr 3.4e-05  fps   6519   251.0s
it 1676/4000  reward     nan  ep_len    nan  fell    0  err_xy 0.122  std 0.261  lr 1.0e-05  fps   9454   252.3s
it 1677/4000  reward     nan  ep_len    nan  fell    0  err_xy 0.055  std 0.261  lr 1.0e-05  fps   9195   253.6s
it 1678/4000  reward     nan  ep_len    nan  fell    0  err_xy 0.031  std 0.261  lr 1.0e-05  fps   8765   255.0s
it 1679/4000  reward     nan  ep_len    nan  fell    0  err_xy 0.022  std 0.261  lr 5.1e-05  fps   9126   256.4s
it 1680/4000  reward     nan  ep_len    nan  fell    0  err_xy 0.021  std 0.261  lr 7.6e-05  fps   9171   257.7s
it 1681/4000  reward     nan  ep_len    nan  fell    0  err_xy 0.021  std 0.261  lr 7.6e-05  fps   8880   259.1s
it 1682/4000  reward     nan  ep_len    nan  fell    0  err_xy 0.022  std 0.261  lr 7.6e-05  fps   8762   260.5s
it 1683/4000  reward     nan  ep_len    nan  fell    0  err_xy 0.022  std 0.261  lr 7.6e-05  fps   8975   261.9s
it 1684/4000  reward     nan  ep_len    nan  fell    0  err_xy 0.020  std 0.261  lr 5.1e-05  fps   9013   263.2s
it 1685/4000  reward     nan  ep_len    nan  fell    0  err_xy 0.018  std 0.261  lr 5.1e-05  fps   8685   264.7s
it 1686/4000  reward     nan  ep_len    nan  fell    0  err_xy 0.017  std 0.261  lr 5.1e-05  fps   8895   266.0s
it 1687/4000  reward     nan  ep_len    nan  fell    0  err_xy 0.017  std 0.261  lr 1.1e-04  fps   8991   267.4s
it 1688/4000  reward   14.69  ep_len  300.0  fell    0  err_xy 0.070  std 0.261  lr 1.0e-05  fps   6804   269.2s
it 1689/4000  reward     nan  ep_len    nan  fell    0  err_xy 0.074  std 0.261  lr 1.0e-05  fps   8952   270.6s
it 1690/4000  reward     nan  ep_len    nan  fell    0  err_xy 0.039  std 0.261  lr 3.4e-05  fps   8827   272.0s
it 1691/4000  reward     nan  ep_len    nan  fell    0  err_xy 0.023  std 0.261  lr 7.6e-05  fps   8727   273.4s
it 1692/4000  reward     nan  ep_len    nan  fell    0  err_xy 0.021  std 0.261  lr 7.6e-05  fps   8727   274.8s
it 1693/4000  reward     nan  ep_len    nan  fell    0  err_xy 0.021  std 0.261  lr 7.6e-05  fps   8845   276.2s
it 1694/4000  reward     nan  ep_len    nan  fell    0  err_xy 0.019  std 0.261  lr 7.6e-05  fps   8510   277.6s
it 1695/4000  reward     nan  ep_len    nan  fell    0  err_xy 0.018  std 0.261  lr 5.1e-05  fps   8515   279.1s
it 1696/4000  reward     nan  ep_len    nan  fell    0  err_xy 0.019  std 0.261  lr 5.1e-05  fps   7990   280.6s
it 1697/4000  reward     nan  ep_len    nan  fell    0  err_xy 0.019  std 0.261  lr 5.1e-05  fps   8539   282.1s
it 1698/4000  reward     nan  ep_len    nan  fell    0  err_xy 0.018  std 0.261  lr 1.1e-04  fps   8808   283.5s
it 1699/4000  reward     nan  ep_len    nan  fell    0  err_xy 0.018  std 0.260  lr 7.6e-05  fps   8300   284.9s
it 1700/4000  reward   17.17  ep_len  300.0  fell    0  err_xy 0.017  std 0.260  lr 7.6e-05  fps   6513   286.8s
it 1701/4000  reward     nan  ep_len    nan  fell    0  err_xy 0.117  std 0.260  lr 1.0e-05  fps   8925   288.2s
it 1702/4000  reward     nan  ep_len    nan  fell    0  err_xy 0.066  std 0.260  lr 1.0e-05  fps   8700   289.6s
it 1703/4000  reward     nan  ep_len    nan  fell    0  err_xy 0.036  std 0.260  lr 5.1e-05  fps   8440   291.1s
it 1704/4000  reward     nan  ep_len    nan  fell    0  err_xy 0.022  std 0.260  lr 7.6e-05  fps   8639   292.5s
it 1705/4000  reward     nan  ep_len    nan  fell    0  err_xy 0.021  std 0.260  lr 7.6e-05  fps   8942   293.9s
it 1706/4000  reward     nan  ep_len    nan  fell    0  err_xy 0.020  std 0.260  lr 7.6e-05  fps   8458   295.3s
it 1707/4000  reward     nan  ep_len    nan  fell    0  err_xy 0.018  std 0.260  lr 7.6e-05  fps   8538   296.8s
it 1708/4000  reward     nan  ep_len    nan  fell    0  err_xy 0.018  std 0.260  lr 5.1e-05  fps   7736   298.4s
it 1709/4000  reward     nan  ep_len    nan  fell    0  err_xy 0.018  std 0.260  lr 5.1e-05  fps   8012   299.9s
it 1710/4000  reward     nan  ep_len    nan  fell    0  err_xy 0.018  std 0.260  lr 7.6e-05  fps   8625   301.3s
it 1711/4000  reward     nan  ep_len    nan  fell    0  err_xy 0.017  std 0.260  lr 5.1e-05  fps   8509   302.8s
it 1712/4000  reward     nan  ep_len    nan  fell    0  err_xy 0.018  std 0.260  lr 7.6e-05  fps   8851   304.2s
it 1713/4000  reward   15.45  ep_len  300.0  fell    0  err_xy 0.074  std 0.260  lr 1.0e-05  fps   6837   306.0s
it 1714/4000  reward     nan  ep_len    nan  fell    0  err_xy 0.078  std 0.260  lr 2.3e-05  fps   9379   307.3s
it 1715/4000  reward     nan  ep_len    nan  fell    0  err_xy 0.042  std 0.260  lr 1.0e-05  fps   8819   308.7s
it 1716/4000  reward     nan  ep_len    nan  fell    0  err_xy 0.024  std 0.260  lr 2.3e-05  fps   8723   310.1s
it 1717/4000  reward     nan  ep_len    nan  fell    0  err_xy 0.023  std 0.260  lr 5.1e-05  fps   8760   311.5s
it 1718/4000  reward     nan  ep_len    nan  fell    0  err_xy 0.022  std 0.260  lr 5.1e-05  fps   8652   312.9s
it 1719/4000  reward     nan  ep_len    nan  fell    0  err_xy 0.022  std 0.260  lr 5.1e-05  fps   7995   314.4s
it 1720/4000  reward     nan  ep_len    nan  fell    0  err_xy 0.020  std 0.260  lr 5.1e-05  fps   9088   315.8s
it 1721/4000  reward     nan  ep_len    nan  fell    0  err_xy 0.019  std 0.260  lr 3.4e-05  fps   8864   317.2s
it 1722/4000  reward     nan  ep_len    nan  fell    0  err_xy 0.019  std 0.260  lr 2.3e-05  fps   8644   318.6s
it 1723/4000  reward     nan  ep_len    nan  fell    0  err_xy 0.017  std 0.260  lr 7.6e-05  fps   8968   320.0s
it 1724/4000  reward     nan  ep_len    nan  fell    0  err_xy 0.017  std 0.260  lr 5.1e-05  fps   9166   321.3s
it 1725/4000  reward   14.13  ep_len  300.0  fell    0  err_xy 0.017  std 0.260  lr 5.1e-05  fps   6682   323.1s
it 1726/4000  reward     nan  ep_len    nan  fell    0  err_xy 0.093  std 0.260  lr 1.0e-05  fps   9204   324.5s
it 1727/4000  reward     nan  ep_len    nan  fell    0  err_xy 0.049  std 0.260  lr 2.3e-05  fps   9072   325.8s
it 1728/4000  reward     nan  ep_len    nan  fell    0  err_xy 0.029  std 0.260  lr 3.4e-05  fps   8921   327.2s
it 1729/4000  reward     nan  ep_len    nan  fell    0  err_xy 0.021  std 0.260  lr 1.5e-05  fps   8901   328.6s
it 1730/4000  reward     nan  ep_len    nan  fell    0  err_xy 0.021  std 0.260  lr 3.4e-05  fps   8812   330.0s
it 1731/4000  reward     nan  ep_len    nan  fell    0  err_xy 0.018  std 0.260  lr 1.5e-05  fps   9038   331.4s
it 1732/4000  reward     nan  ep_len    nan  fell    0  err_xy 0.017  std 0.260  lr 2.3e-05  fps   8882   332.7s
it 1733/4000  reward     nan  ep_len    nan  fell    0  err_xy 0.017  std 0.260  lr 7.6e-05  fps   8889   334.1s
it 1734/4000  reward     nan  ep_len    nan  fell    0  err_xy 0.017  std 0.260  lr 5.1e-05  fps   8883   335.5s
it 1735/4000  reward     nan  ep_len    nan  fell    0  err_xy 0.017  std 0.260  lr 7.6e-05  fps   8991   336.9s
it 1736/4000  reward     nan  ep_len    nan  fell    0  err_xy 0.017  std 0.260  lr 2.3e-05  fps   8989   338.2s
it 1737/4000  reward     nan  ep_len    nan  fell    0  err_xy 0.019  std 0.260  lr 5.1e-05  fps   8887   339.6s
it 1738/4000  reward   16.33  ep_len  300.0  fell    0  err_xy 0.079  std 0.260  lr 1.0e-05  fps   6807   341.4s
it 1739/4000  reward     nan  ep_len    nan  fell    0  err_xy 0.071  std 0.260  lr 1.0e-05  fps   9284   342.8s
it 1740/4000  reward     nan  ep_len    nan  fell    0  err_xy 0.038  std 0.260  lr 1.0e-05  fps   8630   344.2s
it 1741/4000  reward     nan  ep_len    nan  fell    0  err_xy 0.024  std 0.260  lr 1.0e-05  fps   8921   345.6s
it 1742/4000  reward     nan  ep_len    nan  fell    0  err_xy 0.021  std 0.260  lr 5.1e-05  fps   8979   346.9s
it 1743/4000  reward     nan  ep_len    nan  fell    0  err_xy 0.019  std 0.260  lr 5.1e-05  fps   9082   348.3s
it 1744/4000  reward     nan  ep_len    nan  fell    0  err_xy 0.018  std 0.260  lr 1.1e-04  fps   8928   349.7s
it 1745/4000  reward     nan  ep_len    nan  fell    0  err_xy 0.018  std 0.260  lr 7.6e-05  fps   9017   351.0s
it 1746/4000  reward     nan  ep_len    nan  fell    0  err_xy 0.018  std 0.260  lr 7.6e-05  fps   8731   352.4s
it 1747/4000  reward     nan  ep_len    nan  fell    0  err_xy 0.018  std 0.260  lr 3.4e-05  fps   8874   353.8s
it 1748/4000  reward     nan  ep_len    nan  fell    0  err_xy 0.018  std 0.259  lr 3.4e-05  fps   8761   355.2s
it 1749/4000  reward     nan  ep_len    nan  fell    0  err_xy 0.018  std 0.259  lr 7.6e-05  fps   9141   356.6s
it 1750/4000  reward   16.08  ep_len  300.0  fell    0  err_xy 0.018  std 0.259  lr 1.1e-04  fps   6714   358.4s
it 1751/4000  reward     nan  ep_len    nan  fell    0  err_xy 0.115  std 0.259  lr 1.0e-05  fps   9218   359.7s
it 1752/4000  reward     nan  ep_len    nan  fell    0  err_xy 0.055  std 0.259  lr 2.3e-05  fps   8962   361.1s
it 1753/4000  reward     nan  ep_len    nan  fell    0  err_xy 0.034  std 0.259  lr 1.0e-05  fps   9073   362.5s
it 1754/4000  reward     nan  ep_len    nan  fell    0  err_xy 0.024  std 0.259  lr 1.0e-05  fps   8932   363.8s
it 1755/4000  reward     nan  ep_len    nan  fell    0  err_xy 0.020  std 0.259  lr 5.1e-05  fps   8890   365.2s
it 1756/4000  reward     nan  ep_len    nan  fell    0  err_xy 0.019  std 0.259  lr 3.4e-05  fps   9022   366.6s
it 1757/4000  reward     nan  ep_len    nan  fell    0  err_xy 0.019  std 0.259  lr 7.6e-05  fps   8999   368.0s
it 1758/4000  reward     nan  ep_len    nan  fell    0  err_xy 0.020  std 0.259  lr 5.1e-05  fps   8842   369.3s
it 1759/4000  reward     nan  ep_len    nan  fell    0  err_xy 0.019  std 0.259  lr 5.1e-05  fps   9109   370.7s
it 1760/4000  reward     nan  ep_len    nan  fell    0  err_xy 0.019  std 0.259  lr 7.6e-05  fps   9135   372.0s
it 1761/4000  reward     nan  ep_len    nan  fell    0  err_xy 0.018  std 0.259  lr 5.1e-05  fps   8987   373.4s
it 1762/4000  reward     nan  ep_len    nan  fell    0  err_xy 0.018  std 0.259  lr 5.1e-05  fps   8717   374.8s
it 1763/4000  reward   15.81  ep_len  300.0  fell    0  err_xy 0.073  std 0.259  lr 1.0e-05  fps   6704   376.7s
it 1764/4000  reward     nan  ep_len    nan  fell    0  err_xy 0.066  std 0.259  lr 1.5e-05  fps   8872   378.0s
it 1765/4000  reward     nan  ep_len    nan  fell    0  err_xy 0.044  std 0.259  lr 7.6e-05  fps   8693   379.5s
it 1766/4000  reward     nan  ep_len    nan  fell    0  err_xy 0.027  std 0.259  lr 1.0e-05  fps   9121   380.8s
it 1767/4000  reward     nan  ep_len    nan  fell    0  err_xy 0.022  std 0.259  lr 1.5e-05  fps   9163   382.2s
it 1768/4000  reward     nan  ep_len    nan  fell    0  err_xy 0.020  std 0.259  lr 7.6e-05  fps   9174   383.5s
it 1769/4000  reward     nan  ep_len    nan  fell    0  err_xy 0.018  std 0.259  lr 7.6e-05  fps   8942   384.9s
it 1770/4000  reward     nan  ep_len    nan  fell    0  err_xy 0.018  std 0.259  lr 7.6e-05  fps   9225   386.2s
it 1771/4000  reward     nan  ep_len    nan  fell    0  err_xy 0.018  std 0.259  lr 2.3e-05  fps   8945   387.6s
it 1772/4000  reward     nan  ep_len    nan  fell    0  err_xy 0.018  std 0.259  lr 1.0e-05  fps   9189   388.9s
it 1773/4000  reward     nan  ep_len    nan  fell    0  err_xy 0.018  std 0.259  lr 3.4e-05  fps   9100   390.3s
it 1774/4000  reward     nan  ep_len    nan  fell    0  err_xy 0.018  std 0.259  lr 7.6e-05  fps   9143   391.6s
it 1775/4000  reward   14.51  ep_len  300.0  fell    0  err_xy 0.018  std 0.259  lr 7.6e-05  fps   6707   393.4s
it 1776/4000  reward     nan  ep_len    nan  fell    0  err_xy 0.103  std 0.259  lr 1.5e-05  fps   9316   394.8s
it 1777/4000  reward     nan  ep_len    nan  fell    0  err_xy 0.058  std 0.259  lr 1.0e-05  fps   9303   396.1s
it 1778/4000  reward     nan  ep_len    nan  fell    0  err_xy 0.035  std 0.259  lr 1.0e-05  fps   9118   397.4s
it 1779/4000  reward     nan  ep_len    nan  fell    0  err_xy 0.026  std 0.259  lr 5.1e-05  fps   8540   398.9s
it 1780/4000  reward     nan  ep_len    nan  fell    0  err_xy 0.021  std 0.259  lr 7.6e-05  fps   8200   400.4s
it 1781/4000  reward     nan  ep_len    nan  fell    0  err_xy 0.019  std 0.259  lr 5.1e-05  fps   9041   401.7s
it 1782/4000  reward     nan  ep_len    nan  fell    0  err_xy 0.019  std 0.259  lr 7.6e-05  fps   8950   403.1s
it 1783/4000  reward     nan  ep_len    nan  fell    0  err_xy 0.018  std 0.259  lr 5.1e-05  fps   8553   404.5s
it 1784/4000  reward     nan  ep_len    nan  fell    0  err_xy 0.017  std 0.259  lr 5.1e-05  fps   9069   405.9s
it 1785/4000  reward     nan  ep_len    nan  fell    0  err_xy 0.017  std 0.259  lr 1.5e-05  fps   9029   407.3s
it 1786/4000  reward     nan  ep_len    nan  fell    0  err_xy 0.018  std 0.259  lr 5.1e-05  fps   8751   408.7s
it 1787/4000  reward     nan  ep_len    nan  fell    0  err_xy 0.017  std 0.259  lr 5.1e-05  fps   7820   410.2s
it 1788/4000  reward   14.49  ep_len  300.0  fell    0  err_xy 0.073  std 0.259  lr 1.0e-05  fps   5955   412.3s
it 1789/4000  reward     nan  ep_len    nan  fell    0  err_xy 0.072  std 0.259  lr 1.0e-05  fps   7816   413.9s
it 1790/4000  reward     nan  ep_len    nan  fell    0  err_xy 0.041  std 0.259  lr 3.4e-05  fps   8063   415.4s
it 1791/4000  reward     nan  ep_len    nan  fell    0  err_xy 0.028  std 0.259  lr 1.5e-05  fps   8227   416.9s
it 1792/4000  reward     nan  ep_len    nan  fell    0  err_xy 0.023  std 0.259  lr 1.0e-05  fps   7958   418.4s
it 1793/4000  reward     nan  ep_len    nan  fell    0  err_xy 0.022  std 0.259  lr 5.1e-05  fps   8046   420.0s
it 1794/4000  reward     nan  ep_len    nan  fell    0  err_xy 0.021  std 0.259  lr 7.6e-05  fps   8919   421.4s
it 1795/4000  reward     nan  ep_len    nan  fell    0  err_xy 0.020  std 0.259  lr 5.1e-05  fps   8781   422.8s
it 1796/4000  reward     nan  ep_len    nan  fell    0  err_xy 0.019  std 0.259  lr 7.6e-05  fps   8962   424.1s
it 1797/4000  reward     nan  ep_len    nan  fell    0  err_xy 0.019  std 0.259  lr 7.6e-05  fps   8573   425.6s
it 1798/4000  reward     nan  ep_len    nan  fell    0  err_xy 0.019  std 0.259  lr 5.1e-05  fps   8788   427.0s
it 1799/4000  reward     nan  ep_len    nan  fell    0  err_xy 0.018  std 0.259  lr 5.1e-05  fps   8680   428.4s
it 1800/4000  reward   14.46  ep_len  300.0  fell    0  err_xy 0.018  std 0.259  lr 3.4e-05  fps   6656   430.2s
eval iteration 1800:
  prone          success   0.0%  time 7.00s  peak_τ 0.48 Nm  return 7.09
  supine         success   0.0%  time 7.00s  peak_τ 0.43 Nm  return -0.08
  score 0.000
it 1801/4000  reward     nan  ep_len    nan  fell    0  err_xy 0.106  std 0.259  lr 1.0e-05  fps   9454   433.0s
it 1802/4000  reward     nan  ep_len    nan  fell    0  err_xy 0.051  std 0.259  lr 1.0e-05  fps   8902   434.4s
it 1803/4000  reward     nan  ep_len    nan  fell    0  err_xy 0.034  std 0.259  lr 1.0e-05  fps   8930   435.7s
it 1804/4000  reward     nan  ep_len    nan  fell    0  err_xy 0.027  std 0.259  lr 5.1e-05  fps   9032   437.1s
it 1805/4000  reward     nan  ep_len    nan  fell    0  err_xy 0.023  std 0.259  lr 5.1e-05  fps   8781   438.5s
it 1806/4000  reward     nan  ep_len    nan  fell    0  err_xy 0.021  std 0.259  lr 5.1e-05  fps   8655   439.9s
it 1807/4000  reward     nan  ep_len    nan  fell    0  err_xy 0.020  std 0.259  lr 7.6e-05  fps   8226   441.4s
it 1808/4000  reward     nan  ep_len    nan  fell    0  err_xy 0.019  std 0.259  lr 7.6e-05  fps   8835   442.8s
it 1809/4000  reward     nan  ep_len    nan  fell    0  err_xy 0.018  std 0.259  lr 7.6e-05  fps   8874   444.2s
it 1810/4000  reward     nan  ep_len    nan  fell    0  err_xy 0.018  std 0.259  lr 7.6e-05  fps   8826   445.6s
it 1811/4000  reward     nan  ep_len    nan  fell    0  err_xy 0.019  std 0.259  lr 1.5e-05  fps   9051   447.0s
it 1812/4000  reward     nan  ep_len    nan  fell    0  err_xy 0.019  std 0.258  lr 5.1e-05  fps   9003   448.3s
it 1813/4000  reward   16.37  ep_len  300.0  fell    0  err_xy 0.075  std 0.258  lr 1.0e-05  fps   6578   450.2s
it 1814/4000  reward     nan  ep_len    nan  fell    0  err_xy 0.065  std 0.258  lr 1.0e-05  fps   9013   451.6s
it 1815/4000  reward     nan  ep_len    nan  fell    0  err_xy 0.049  std 0.258  lr 7.6e-05  fps   8989   452.9s
it 1816/4000  reward     nan  ep_len    nan  fell    0  err_xy 0.030  std 0.258  lr 3.4e-05  fps   8830   454.3s
it 1817/4000  reward     nan  ep_len    nan  fell    0  err_xy 0.024  std 0.258  lr 5.1e-05  fps   8892   455.7s
it 1818/4000  reward     nan  ep_len    nan  fell    0  err_xy 0.022  std 0.258  lr 3.4e-05  fps   8910   457.1s
it 1819/4000  reward     nan  ep_len    nan  fell    0  err_xy 0.020  std 0.258  lr 7.6e-05  fps   8768   458.5s
it 1820/4000  reward     nan  ep_len    nan  fell    0  err_xy 0.019  std 0.258  lr 5.1e-05  fps   8863   459.9s
it 1821/4000  reward     nan  ep_len    nan  fell    0  err_xy 0.019  std 0.258  lr 7.6e-05  fps   8836   461.3s
it 1822/4000  reward     nan  ep_len    nan  fell    0  err_xy 0.019  std 0.258  lr 7.6e-05  fps   9041   462.6s
it 1823/4000  reward     nan  ep_len    nan  fell    0  err_xy 0.020  std 0.258  lr 5.1e-05  fps   9059   464.0s
it 1824/4000  reward     nan  ep_len    nan  fell    0  err_xy 0.020  std 0.258  lr 5.1e-05  fps   8926   465.4s
it 1825/4000  reward   16.61  ep_len  300.0  fell    0  err_xy 0.020  std 0.258  lr 5.1e-05  fps   6810   467.2s
it 1826/4000  reward     nan  ep_len    nan  fell    0  err_xy 0.102  std 0.258  lr 1.0e-05  fps   9466   468.5s
it 1827/4000  reward     nan  ep_len    nan  fell    0  err_xy 0.056  std 0.258  lr 1.0e-05  fps   9073   469.8s
it 1828/4000  reward     nan  ep_len    nan  fell    0  err_xy 0.039  std 0.258  lr 3.4e-05  fps   9182   471.2s
it 1829/4000  reward     nan  ep_len    nan  fell    0  err_xy 0.027  std 0.258  lr 5.1e-05  fps   9229   472.5s
it 1830/4000  reward     nan  ep_len    nan  fell    0  err_xy 0.028  std 0.258  lr 2.3e-05  fps   9119   473.8s
it 1831/4000  reward     nan  ep_len    nan  fell    0  err_xy 0.022  std 0.258  lr 5.1e-05  fps   9001   475.2s
it 1832/4000  reward     nan  ep_len    nan  fell    0  err_xy 0.018  std 0.258  lr 1.1e-04  fps   8998   476.6s
it 1833/4000  reward     nan  ep_len    nan  fell    0  err_xy 0.018  std 0.258  lr 5.1e-05  fps   9008   477.9s
it 1834/4000  reward     nan  ep_len    nan  fell    0  err_xy 0.018  std 0.258  lr 5.1e-05  fps   9060   479.3s
it 1835/4000  reward     nan  ep_len    nan  fell    0  err_xy 0.018  std 0.258  lr 1.0e-05  fps   9174   480.6s
it 1836/4000  reward     nan  ep_len    nan  fell    0  err_xy 0.018  std 0.258  lr 3.4e-05  fps   9076   482.0s
it 1837/4000  reward     nan  ep_len    nan  fell    0  err_xy 0.018  std 0.258  lr 7.6e-05  fps   9303   483.3s
it 1838/4000  reward   14.40  ep_len  300.0  fell    0  err_xy 0.076  std 0.258  lr 1.0e-05  fps   6978   485.1s
it 1839/4000  reward     nan  ep_len    nan  fell    0  err_xy 0.076  std 0.258  lr 5.1e-05  fps   9215   486.4s
it 1840/4000  reward     nan  ep_len    nan  fell    0  err_xy 0.048  std 0.258  lr 5.1e-05  fps   8976   487.8s
it 1841/4000  reward     nan  ep_len    nan  fell    0  err_xy 0.029  std 0.258  lr 3.4e-05  fps   8157   489.3s
it 1842/4000  reward     nan  ep_len    nan  fell    0  err_xy 0.029  std 0.258  lr 7.6e-05  fps   8424   490.7s
it 1843/4000  reward     nan  ep_len    nan  fell    0  err_xy 0.022  std 0.258  lr 5.1e-05  fps   8436   492.2s
it 1844/4000  reward     nan  ep_len    nan  fell    0  err_xy 0.019  std 0.258  lr 5.1e-05  fps   8106   493.7s
it 1845/4000  reward     nan  ep_len    nan  fell    0  err_xy 0.019  std 0.258  lr 7.6e-05  fps   8692   495.1s
it 1846/4000  reward     nan  ep_len    nan  fell    0  err_xy 0.019  std 0.258  lr 1.1e-04  fps   8609   496.6s
it 1847/4000  reward     nan  ep_len    nan  fell    0  err_xy 0.018  std 0.258  lr 7.6e-05  fps   9179   497.9s
it 1848/4000  reward     nan  ep_len    nan  fell    0  err_xy 0.018  std 0.258  lr 5.1e-05  fps   9201   499.2s
it 1849/4000  reward     nan  ep_len    nan  fell    0  err_xy 0.018  std 0.258  lr 5.1e-05  fps   9095   500.6s
it 1850/4000  reward   17.03  ep_len  300.0  fell    0  err_xy 0.018  std 0.258  lr 1.5e-05  fps   6730   502.4s
it 1851/4000  reward     nan  ep_len    nan  fell    0  err_xy 0.120  std 0.258  lr 2.3e-05  fps   9465   503.7s
it 1852/4000  reward     nan  ep_len    nan  fell    0  err_xy 0.068  std 0.258  lr 1.5e-05  fps   9206   505.1s
it 1853/4000  reward     nan  ep_len    nan  fell    0  err_xy 0.041  std 0.258  lr 1.0e-05  fps   9332   506.4s
it 1854/4000  reward     nan  ep_len    nan  fell    0  err_xy 0.030  std 0.258  lr 5.1e-05  fps   9105   507.7s
it 1855/4000  reward     nan  ep_len    nan  fell    0  err_xy 0.026  std 0.258  lr 5.1e-05  fps   8400   509.2s
it 1856/4000  reward     nan  ep_len    nan  fell    0  err_xy 0.020  std 0.258  lr 2.3e-05  fps   8097   510.7s
it 1857/4000  reward     nan  ep_len    nan  fell    0  err_xy 0.019  std 0.258  lr 7.6e-05  fps   9148   512.0s
it 1858/4000  reward     nan  ep_len    nan  fell    0  err_xy 0.020  std 0.258  lr 5.1e-05  fps   9126   513.4s
it 1859/4000  reward     nan  ep_len    nan  fell    0  err_xy 0.019  std 0.258  lr 7.6e-05  fps   9179   514.7s
it 1860/4000  reward     nan  ep_len    nan  fell    0  err_xy 0.019  std 0.257  lr 5.1e-05  fps   9141   516.1s
it 1861/4000  reward     nan  ep_len    nan  fell    0  err_xy 0.019  std 0.257  lr 7.6e-05  fps   9140   517.4s
it 1862/4000  reward     nan  ep_len    nan  fell    0  err_xy 0.018  std 0.257  lr 7.6e-05  fps   9388   518.7s
it 1863/4000  reward   14.24  ep_len  300.0  fell    0  err_xy 0.078  std 0.257  lr 1.0e-05  fps   6797   520.5s
it 1864/4000  reward     nan  ep_len    nan  fell    0  err_xy 0.084  std 0.257  lr 1.0e-05  fps   8896   521.9s
it 1865/4000  reward     nan  ep_len    nan  fell    0  err_xy 0.057  std 0.257  lr 3.4e-05  fps   9150   523.3s
it 1866/4000  reward     nan  ep_len    nan  fell    0  err_xy 0.034  std 0.257  lr 3.4e-05  fps   8279   524.8s
it 1867/4000  reward     nan  ep_len    nan  fell    0  err_xy 0.028  std 0.257  lr 7.6e-05  fps   9090   526.1s
it 1868/4000  reward     nan  ep_len    nan  fell    0  err_xy 0.024  std 0.257  lr 3.4e-05  fps   8748   527.5s
it 1869/4000  reward     nan  ep_len    nan  fell    0  err_xy 0.021  std 0.257  lr 3.4e-05  fps   9080   528.9s
it 1870/4000  reward     nan  ep_len    nan  fell    0  err_xy 0.021  std 0.257  lr 5.1e-05  fps   9182   530.2s
it 1871/4000  reward     nan  ep_len    nan  fell    0  err_xy 0.020  std 0.257  lr 3.4e-05  fps   9271   531.5s
it 1872/4000  reward     nan  ep_len    nan  fell    0  err_xy 0.021  std 0.257  lr 7.6e-05  fps   8925   532.9s
it 1873/4000  reward     nan  ep_len    nan  fell    0  err_xy 0.020  std 0.257  lr 3.4e-05  fps   8596   534.3s
it 1874/4000  reward     nan  ep_len    nan  fell    0  err_xy 0.020  std 0.257  lr 5.1e-05  fps   8548   535.8s
it 1875/4000  reward   15.79  ep_len  300.0  fell    0  err_xy 0.019  std 0.257  lr 1.1e-04  fps   6683   537.6s
it 1876/4000  reward     nan  ep_len    nan  fell    0  err_xy 0.109  std 0.257  lr 1.0e-05  fps   8512   539.1s
it 1877/4000  reward     nan  ep_len    nan  fell    0  err_xy 0.066  std 0.257  lr 1.0e-05  fps   8527   540.5s
it 1878/4000  reward     nan  ep_len    nan  fell    0  err_xy 0.039  std 0.257  lr 5.1e-05  fps   9020   541.9s
it 1879/4000  reward     nan  ep_len    nan  fell    0  err_xy 0.031  std 0.257  lr 1.0e-05  fps   9094   543.2s
it 1880/4000  reward     nan  ep_len    nan  fell    0  err_xy 0.023  std 0.257  lr 5.1e-05  fps   8579   544.7s
it 1881/4000  reward     nan  ep_len    nan  fell    0  err_xy 0.022  std 0.257  lr 7.6e-05  fps   8705   546.1s
it 1882/4000  reward     nan  ep_len    nan  fell    0  err_xy 0.021  std 0.257  lr 7.6e-05  fps   8955   547.4s
it 1883/4000  reward     nan  ep_len    nan  fell    0  err_xy 0.020  std 0.257  lr 7.6e-05  fps   8457   548.9s
it 1884/4000  reward     nan  ep_len    nan  fell    0  err_xy 0.019  std 0.257  lr 5.1e-05  fps   8902   550.3s
it 1885/4000  reward     nan  ep_len    nan  fell    0  err_xy 0.019  std 0.257  lr 5.1e-05  fps   9313   551.6s
it 1886/4000  reward     nan  ep_len    nan  fell    0  err_xy 0.020  std 0.257  lr 5.1e-05  fps   9238   552.9s
it 1887/4000  reward     nan  ep_len    nan  fell    0  err_xy 0.019  std 0.257  lr 2.3e-05  fps   9095   554.3s
it 1888/4000  reward   18.07  ep_len  300.0  fell    0  err_xy 0.078  std 0.257  lr 1.0e-05  fps   6708   556.1s
it 1889/4000  reward     nan  ep_len    nan  fell    0  err_xy 0.080  std 0.257  lr 7.6e-05  fps   8725   557.5s
it 1890/4000  reward     nan  ep_len    nan  fell    0  err_xy 0.051  std 0.257  lr 7.6e-05  fps   8335   559.0s
it 1891/4000  reward     nan  ep_len    nan  fell    0  err_xy 0.034  std 0.257  lr 7.6e-05  fps   9056   560.4s
it 1892/4000  reward     nan  ep_len    nan  fell    0  err_xy 0.027  std 0.257  lr 3.4e-05  fps   9173   561.7s
it 1893/4000  reward     nan  ep_len    nan  fell    0  err_xy 0.022  std 0.257  lr 5.1e-05  fps   9095   563.1s
it 1894/4000  reward     nan  ep_len    nan  fell    0  err_xy 0.021  std 0.257  lr 1.1e-04  fps   8378   564.5s
it 1895/4000  reward     nan  ep_len    nan  fell    0  err_xy 0.020  std 0.257  lr 1.1e-04  fps   9089   565.9s
it 1896/4000  reward     nan  ep_len    nan  fell    0  err_xy 0.020  std 0.256  lr 5.1e-05  fps   8918   567.3s
it 1897/4000  reward     nan  ep_len    nan  fell    0  err_xy 0.020  std 0.256  lr 7.6e-05  fps   8867   568.6s
it 1898/4000  reward     nan  ep_len    nan  fell    0  err_xy 0.020  std 0.256  lr 7.6e-05  fps   8304   570.1s
it 1899/4000  reward     nan  ep_len    nan  fell    0  err_xy 0.020  std 0.256  lr 5.1e-05  fps   8564   571.6s
it 1900/4000  reward   17.61  ep_len  300.0  fell    0  err_xy 0.020  std 0.256  lr 5.1e-05  fps   6511   573.4s
it 1901/4000  reward     nan  ep_len    nan  fell    0  err_xy 0.116  std 0.256  lr 1.0e-05  fps   8823   574.8s
it 1902/4000  reward     nan  ep_len    nan  fell    0  err_xy 0.069  std 0.256  lr 1.0e-05  fps   8934   576.2s
it 1903/4000  reward     nan  ep_len    nan  fell    0  err_xy 0.042  std 0.256  lr 5.1e-05  fps   9035   577.6s
it 1904/4000  reward     nan  ep_len    nan  fell    0  err_xy 0.031  std 0.256  lr 3.4e-05  fps   8451   579.0s
it 1905/4000  reward     nan  ep_len    nan  fell    0  err_xy 0.023  std 0.256  lr 7.6e-05  fps   8522   580.5s
it 1906/4000  reward     nan  ep_len    nan  fell    0  err_xy 0.021  std 0.256  lr 7.6e-05  fps   8324   582.0s
it 1907/4000  reward     nan  ep_len    nan  fell    0  err_xy 0.019  std 0.256  lr 3.4e-05  fps   8774   583.4s
it 1908/4000  reward     nan  ep_len    nan  fell    0  err_xy 0.019  std 0.256  lr 5.1e-05  fps   9107   584.7s
it 1909/4000  reward     nan  ep_len    nan  fell    0  err_xy 0.019  std 0.256  lr 7.6e-05  fps   8671   586.1s
it 1910/4000  reward     nan  ep_len    nan  fell    0  err_xy 0.019  std 0.256  lr 3.4e-05  fps   8972   587.5s
it 1911/4000  reward     nan  ep_len    nan  fell    0  err_xy 0.020  std 0.256  lr 2.3e-05  fps   9272   588.8s
it 1912/4000  reward     nan  ep_len    nan  fell    0  err_xy 0.020  std 0.256  lr 1.5e-05  fps   8299   590.3s
it 1913/4000  reward   15.80  ep_len  300.0  fell    0  err_xy 0.083  std 0.256  lr 1.0e-05  fps   6575   592.2s
it 1914/4000  reward     nan  ep_len    nan  fell    0  err_xy 0.081  std 0.256  lr 1.0e-05  fps   8861   593.6s
it 1915/4000  reward     nan  ep_len    nan  fell    0  err_xy 0.052  std 0.256  lr 1.0e-05  fps   8939   594.9s
it 1916/4000  reward     nan  ep_len    nan  fell    0  err_xy 0.040  std 0.256  lr 1.0e-05  fps   8890   596.3s
it 1917/4000  reward     nan  ep_len    nan  fell    0  err_xy 0.029  std 0.256  lr 5.1e-05  fps   9191   597.7s
it 1918/4000  reward     nan  ep_len    nan  fell    0  err_xy 0.024  std 0.256  lr 5.1e-05  fps   9201   599.0s
it 1919/4000  reward     nan  ep_len    nan  fell    0  err_xy 0.022  std 0.256  lr 5.1e-05  fps   8759   600.4s
it 1920/4000  reward     nan  ep_len    nan  fell    0  err_xy 0.022  std 0.256  lr 3.4e-05  fps   8834   601.8s
it 1921/4000  reward     nan  ep_len    nan  fell    0  err_xy 0.021  std 0.256  lr 7.6e-05  fps   8657   603.2s
it 1922/4000  reward     nan  ep_len    nan  fell    0  err_xy 0.022  std 0.256  lr 3.4e-05  fps   8716   604.6s
it 1923/4000  reward     nan  ep_len    nan  fell    0  err_xy 0.021  std 0.256  lr 2.3e-05  fps   9042   606.0s
it 1924/4000  reward     nan  ep_len    nan  fell    0  err_xy 0.020  std 0.256  lr 2.3e-05  fps   9298   607.3s
it 1925/4000  reward   17.65  ep_len  300.0  fell    0  err_xy 0.021  std 0.256  lr 5.1e-05  fps   6715   609.1s
it 1926/4000  reward     nan  ep_len    nan  fell    0  err_xy 0.127  std 0.256  lr 1.0e-05  fps   9527   610.4s
it 1927/4000  reward     nan  ep_len    nan  fell    0  err_xy 0.065  std 0.256  lr 3.4e-05  fps   9354   611.7s
it 1928/4000  reward     nan  ep_len    nan  fell    0  err_xy 0.040  std 0.256  lr 1.5e-05  fps   9090   613.1s
it 1929/4000  reward     nan  ep_len    nan  fell    0  err_xy 0.034  std 0.256  lr 7.6e-05  fps   8552   614.5s
it 1930/4000  reward     nan  ep_len    nan  fell    0  err_xy 0.026  std 0.256  lr 3.4e-05  fps   8686   616.0s
it 1931/4000  reward     nan  ep_len    nan  fell    0  err_xy 0.025  std 0.256  lr 5.1e-05  fps   8608   617.4s
it 1932/4000  reward     nan  ep_len    nan  fell    0  err_xy 0.024  std 0.256  lr 1.1e-04  fps   6789   619.2s
it 1933/4000  reward     nan  ep_len    nan  fell    0  err_xy 0.023  std 0.256  lr 7.6e-05  fps   8068   620.7s
it 1934/4000  reward     nan  ep_len    nan  fell    0  err_xy 0.023  std 0.256  lr 5.1e-05  fps   7984   622.3s
it 1935/4000  reward     nan  ep_len    nan  fell    0  err_xy 0.023  std 0.256  lr 3.4e-05  fps   9254   623.6s
it 1936/4000  reward     nan  ep_len    nan  fell    0  err_xy 0.022  std 0.256  lr 7.6e-05  fps   8508   625.0s
it 1937/4000  reward     nan  ep_len    nan  fell    0  err_xy 0.022  std 0.256  lr 5.1e-05  fps   9170   626.4s
it 1938/4000  reward   16.39  ep_len  300.0  fell    0  err_xy 0.084  std 0.256  lr 1.0e-05  fps   6849   628.2s
it 1939/4000  reward     nan  ep_len    nan  fell    0  err_xy 0.085  std 0.256  lr 3.4e-05  fps   9030   629.5s
it 1940/4000  reward     nan  ep_len    nan  fell    0  err_xy 0.051  std 0.256  lr 3.4e-05  fps   9020   630.9s
it 1941/4000  reward     nan  ep_len    nan  fell    0  err_xy 0.036  std 0.256  lr 3.4e-05  fps   9184   632.2s
it 1942/4000  reward     nan  ep_len    nan  fell    0  err_xy 0.029  std 0.256  lr 2.3e-05  fps   9090   633.6s
it 1943/4000  reward     nan  ep_len    nan  fell    0  err_xy 0.028  std 0.256  lr 7.6e-05  fps   9026   635.0s
it 1944/4000  reward     nan  ep_len    nan  fell    0  err_xy 0.025  std 0.256  lr 7.6e-05  fps   9029   636.3s
it 1945/4000  reward     nan  ep_len    nan  fell    0  err_xy 0.024  std 0.256  lr 5.1e-05  fps   9159   637.7s
it 1946/4000  reward     nan  ep_len    nan  fell    0  err_xy 0.022  std 0.256  lr 5.1e-05  fps   9113   639.0s
it 1947/4000  reward     nan  ep_len    nan  fell    0  err_xy 0.021  std 0.256  lr 3.4e-05  fps   9175   640.3s
it 1948/4000  reward     nan  ep_len    nan  fell    0  err_xy 0.022  std 0.256  lr 3.4e-05  fps   9247   641.7s
it 1949/4000  reward     nan  ep_len    nan  fell    0  err_xy 0.022  std 0.256  lr 5.1e-05  fps   9295   643.0s
it 1950/4000  reward   17.59  ep_len  300.0  fell    0  err_xy 0.021  std 0.256  lr 1.1e-04  fps   6274   645.0s
it 1951/4000  reward     nan  ep_len    nan  fell    0  err_xy 0.118  std 0.256  lr 1.0e-05  fps   9510   646.3s
it 1952/4000  reward     nan  ep_len    nan  fell    0  err_xy 0.064  std 0.256  lr 7.6e-05  fps   9314   647.6s
it 1953/4000  reward     nan  ep_len    nan  fell    0  err_xy 0.038  std 0.256  lr 7.6e-05  fps   9214   648.9s
it 1954/4000  reward     nan  ep_len    nan  fell    0  err_xy 0.031  std 0.256  lr 1.0e-05  fps   9190   650.2s
it 1955/4000  reward     nan  ep_len    nan  fell    0  err_xy 0.026  std 0.256  lr 1.0e-05  fps   9213   651.6s
it 1956/4000  reward     nan  ep_len    nan  fell    0  err_xy 0.023  std 0.256  lr 1.0e-05  fps   8961   653.0s
it 1957/4000  reward     nan  ep_len    nan  fell    0  err_xy 0.022  std 0.256  lr 1.0e-05  fps   8722   654.4s
it 1958/4000  reward     nan  ep_len    nan  fell    0  err_xy 0.020  std 0.256  lr 5.1e-05  fps   8298   655.8s
it 1959/4000  reward     nan  ep_len    nan  fell    0  err_xy 0.020  std 0.256  lr 3.4e-05  fps   8711   657.3s
it 1960/4000  reward     nan  ep_len    nan  fell    0  err_xy 0.022  std 0.256  lr 5.1e-05  fps   8923   658.6s
it 1961/4000  reward     nan  ep_len    nan  fell    0  err_xy 0.021  std 0.255  lr 7.6e-05  fps   8848   660.1s
it 1962/4000  reward     nan  ep_len    nan  fell    0  err_xy 0.022  std 0.255  lr 5.1e-05  fps   9277   661.4s
it 1963/4000  reward   17.03  ep_len  300.0  fell    0  err_xy 0.084  std 0.255  lr 1.0e-05  fps   6599   663.2s
it 1964/4000  reward     nan  ep_len    nan  fell    0  err_xy 0.083  std 0.255  lr 1.0e-05  fps   8364   664.7s
it 1965/4000  reward     nan  ep_len    nan  fell    0  err_xy 0.050  std 0.255  lr 5.1e-05  fps   9022   666.1s
it 1966/4000  reward     nan  ep_len    nan  fell    0  err_xy 0.033  std 0.255  lr 5.1e-05  fps   9037   667.4s
it 1967/4000  reward     nan  ep_len    nan  fell    0  err_xy 0.027  std 0.255  lr 5.1e-05  fps   8806   668.8s
it 1968/4000  reward     nan  ep_len    nan  fell    0  err_xy 0.026  std 0.255  lr 5.1e-05  fps   8939   670.2s
it 1969/4000  reward     nan  ep_len    nan  fell    0  err_xy 0.026  std 0.255  lr 5.1e-05  fps   9066   671.6s
it 1970/4000  reward     nan  ep_len    nan  fell    0  err_xy 0.024  std 0.255  lr 5.1e-05  fps   9041   672.9s
it 1971/4000  reward     nan  ep_len    nan  fell    0  err_xy 0.021  std 0.255  lr 7.6e-05  fps   8900   674.3s
it 1972/4000  reward     nan  ep_len    nan  fell    0  err_xy 0.021  std 0.255  lr 7.6e-05  fps   9045   675.7s
it 1973/4000  reward     nan  ep_len    nan  fell    0  err_xy 0.020  std 0.255  lr 7.6e-05  fps   8986   677.0s
it 1974/4000  reward     nan  ep_len    nan  fell    0  err_xy 0.021  std 0.255  lr 7.6e-05  fps   8878   678.4s
it 1975/4000  reward   19.33  ep_len  300.0  fell    0  err_xy 0.020  std 0.255  lr 7.6e-05  fps   6583   680.3s
it 1976/4000  reward     nan  ep_len    nan  fell    0  err_xy 0.119  std 0.255  lr 1.0e-05  fps   8944   681.7s
it 1977/4000  reward     nan  ep_len    nan  fell    0  err_xy 0.068  std 0.255  lr 7.6e-05  fps   8900   683.0s
it 1978/4000  reward     nan  ep_len    nan  fell    0  err_xy 0.041  std 0.255  lr 1.0e-05  fps   8765   684.4s
it 1979/4000  reward     nan  ep_len    nan  fell    0  err_xy 0.033  std 0.255  lr 1.0e-05  fps   8218   685.9s
it 1980/4000  reward     nan  ep_len    nan  fell    0  err_xy 0.027  std 0.255  lr 5.1e-05  fps   8964   687.3s
it 1981/4000  reward     nan  ep_len    nan  fell    0  err_xy 0.025  std 0.255  lr 7.6e-05  fps   9122   688.7s
it 1982/4000  reward     nan  ep_len    nan  fell    0  err_xy 0.023  std 0.255  lr 2.3e-05  fps   8998   690.0s
it 1983/4000  reward     nan  ep_len    nan  fell    0  err_xy 0.022  std 0.255  lr 7.6e-05  fps   8897   691.4s
it 1984/4000  reward     nan  ep_len    nan  fell    0  err_xy 0.020  std 0.255  lr 1.1e-04  fps   9156   692.8s
it 1985/4000  reward     nan  ep_len    nan  fell    0  err_xy 0.020  std 0.255  lr 1.0e-05  fps   8584   694.2s
it 1986/4000  reward     nan  ep_len    nan  fell    0  err_xy 0.021  std 0.255  lr 1.0e-05  fps   9175   695.5s
it 1987/4000  reward     nan  ep_len    nan  fell    0  err_xy 0.021  std 0.255  lr 5.1e-05  fps   9415   696.8s
it 1988/4000  reward   16.86  ep_len  300.0  fell    0  err_xy 0.079  std 0.255  lr 1.0e-05  fps   6908   698.6s
it 1989/4000  reward     nan  ep_len    nan  fell    0  err_xy 0.085  std 0.255  lr 1.0e-05  fps   9044   700.0s
it 1990/4000  reward     nan  ep_len    nan  fell    0  err_xy 0.049  std 0.255  lr 5.1e-05  fps   9144   701.3s
it 1991/4000  reward     nan  ep_len    nan  fell    0  err_xy 0.036  std 0.255  lr 5.1e-05  fps   9259   702.7s
it 1992/4000  reward     nan  ep_len    nan  fell    0  err_xy 0.029  std 0.255  lr 5.1e-05  fps   8978   704.0s
it 1993/4000  reward     nan  ep_len    nan  fell    0  err_xy 0.026  std 0.255  lr 5.1e-05  fps   9117   705.4s
it 1994/4000  reward     nan  ep_len    nan  fell    0  err_xy 0.024  std 0.255  lr 7.6e-05  fps   9267   706.7s
it 1995/4000  reward     nan  ep_len    nan  fell    0  err_xy 0.022  std 0.255  lr 1.1e-04  fps   8538   708.1s
it 1996/4000  reward     nan  ep_len    nan  fell    0  err_xy 0.021  std 0.255  lr 7.6e-05  fps   8929   709.5s
it 1997/4000  reward     nan  ep_len    nan  fell    0  err_xy 0.021  std 0.255  lr 7.6e-05  fps   9190   710.9s
it 1998/4000  reward     nan  ep_len    nan  fell    0  err_xy 0.021  std 0.255  lr 5.1e-05  fps   9212   712.2s
it 1999/4000  reward     nan  ep_len    nan  fell    0  err_xy 0.021  std 0.255  lr 1.1e-04  fps   8945   713.6s
it 2000/4000  reward   17.90  ep_len  300.0  fell    0  err_xy 0.020  std 0.255  lr 5.1e-05  fps   6353   715.5s
eval iteration 2000:
  prone          success   0.0%  time 7.00s  peak_τ 0.60 Nm  return 10.16
  supine         success   0.0%  time 7.00s  peak_τ 0.46 Nm  return 2.98
  score 0.000
it 2001/4000  reward     nan  ep_len    nan  fell    0  err_xy 0.128  std 0.255  lr 1.0e-05  fps   9444   718.3s
it 2002/4000  reward     nan  ep_len    nan  fell    0  err_xy 0.065  std 0.255  lr 2.3e-05  fps   9074   719.7s
it 2003/4000  reward     nan  ep_len    nan  fell    0  err_xy 0.041  std 0.255  lr 5.1e-05  fps   9072   721.0s
it 2004/4000  reward     nan  ep_len    nan  fell    0  err_xy 0.030  std 0.255  lr 5.1e-05  fps   9044   722.4s
it 2005/4000  reward     nan  ep_len    nan  fell    0  err_xy 0.024  std 0.255  lr 5.1e-05  fps   9153   723.7s
it 2006/4000  reward     nan  ep_len    nan  fell    0  err_xy 0.022  std 0.255  lr 5.1e-05  fps   9043   725.1s
it 2007/4000  reward     nan  ep_len    nan  fell    0  err_xy 0.022  std 0.255  lr 7.6e-05  fps   9130   726.4s
it 2008/4000  reward     nan  ep_len    nan  fell    0  err_xy 0.022  std 0.255  lr 7.6e-05  fps   8967   727.8s
it 2009/4000  reward     nan  ep_len    nan  fell    0  err_xy 0.021  std 0.254  lr 5.1e-05  fps   9045   729.1s
it 2010/4000  reward     nan  ep_len    nan  fell    0  err_xy 0.020  std 0.254  lr 5.1e-05  fps   9199   730.5s
it 2011/4000  reward     nan  ep_len    nan  fell    0  err_xy 0.020  std 0.254  lr 7.6e-05  fps   9224   731.8s
it 2012/4000  reward     nan  ep_len    nan  fell    0  err_xy 0.021  std 0.254  lr 7.6e-05  fps   9292   733.1s
it 2013/4000  reward   19.52  ep_len  300.0  fell    0  err_xy 0.085  std 0.254  lr 1.0e-05  fps   6913   734.9s
it 2014/4000  reward     nan  ep_len    nan  fell    0  err_xy 0.097  std 0.254  lr 1.0e-05  fps   9291   736.2s
it 2015/4000  reward     nan  ep_len    nan  fell    0  err_xy 0.051  std 0.254  lr 5.1e-05  fps   9210   737.6s
it 2016/4000  reward     nan  ep_len    nan  fell    0  err_xy 0.037  std 0.254  lr 3.4e-05  fps   9251   738.9s
it 2017/4000  reward     nan  ep_len    nan  fell    0  err_xy 0.028  std 0.254  lr 2.3e-05  fps   9064   740.3s
it 2018/4000  reward     nan  ep_len    nan  fell    0  err_xy 0.028  std 0.254  lr 7.6e-05  fps   9286   741.6s
it 2019/4000  reward     nan  ep_len    nan  fell    0  err_xy 0.025  std 0.254  lr 5.1e-05  fps   9229   742.9s
it 2020/4000  reward     nan  ep_len    nan  fell    0  err_xy 0.022  std 0.254  lr 1.1e-04  fps   9173   744.3s
it 2021/4000  reward     nan  ep_len    nan  fell    0  err_xy 0.020  std 0.254  lr 7.6e-05  fps   9187   745.6s
it 2022/4000  reward     nan  ep_len    nan  fell    0  err_xy 0.020  std 0.254  lr 7.6e-05  fps   9300   746.9s
it 2023/4000  reward     nan  ep_len    nan  fell    0  err_xy 0.020  std 0.254  lr 1.1e-04  fps   9232   748.3s
it 2024/4000  reward     nan  ep_len    nan  fell    0  err_xy 0.020  std 0.254  lr 5.1e-05  fps   9116   749.6s
it 2025/4000  reward   17.86  ep_len  300.0  fell    0  err_xy 0.020  std 0.254  lr 1.1e-04  fps   6861   751.4s
it 2026/4000  reward     nan  ep_len    nan  fell    0  err_xy 0.132  std 0.254  lr 1.0e-05  fps   9537   752.7s
it 2027/4000  reward     nan  ep_len    nan  fell    0  err_xy 0.074  std 0.254  lr 1.0e-05  fps   9111   754.0s
it 2028/4000  reward     nan  ep_len    nan  fell    0  err_xy 0.049  std 0.254  lr 2.3e-05  fps   9137   755.4s
it 2029/4000  reward     nan  ep_len    nan  fell    0  err_xy 0.031  std 0.254  lr 2.3e-05  fps   9129   756.7s
it 2030/4000  reward     nan  ep_len    nan  fell    0  err_xy 0.026  std 0.254  lr 7.6e-05  fps   8888   758.1s
it 2031/4000  reward     nan  ep_len    nan  fell    0  err_xy 0.023  std 0.254  lr 5.1e-05  fps   8937   759.5s
it 2032/4000  reward     nan  ep_len    nan  fell    0  err_xy 0.021  std 0.254  lr 3.4e-05  fps   9096   760.8s
it 2033/4000  reward     nan  ep_len    nan  fell    0  err_xy 0.021  std 0.254  lr 7.6e-05  fps   9249   762.2s
it 2034/4000  reward     nan  ep_len    nan  fell    0  err_xy 0.021  std 0.254  lr 5.1e-05  fps   9150   763.5s
it 2035/4000  reward     nan  ep_len    nan  fell    0  err_xy 0.020  std 0.254  lr 1.1e-04  fps   8936   764.9s
it 2036/4000  reward     nan  ep_len    nan  fell    0  err_xy 0.020  std 0.254  lr 5.1e-05  fps   9258   766.2s
it 2037/4000  reward     nan  ep_len    nan  fell    0  err_xy 0.020  std 0.254  lr 7.6e-05  fps   9225   767.6s
it 2038/4000  reward   17.37  ep_len  300.0  fell    0  err_xy 0.090  std 0.254  lr 1.0e-05  fps   6907   769.3s
it 2039/4000  reward     nan  ep_len    nan  fell    0  err_xy 0.100  std 0.254  lr 1.0e-05  fps   9226   770.7s
it 2040/4000  reward     nan  ep_len    nan  fell    0  err_xy 0.052  std 0.254  lr 5.1e-05  fps   9196   772.0s
it 2041/4000  reward     nan  ep_len    nan  fell    0  err_xy 0.036  std 0.254  lr 1.0e-05  fps   9066   773.4s
it 2042/4000  reward     nan  ep_len    nan  fell    0  err_xy 0.030  std 0.254  lr 7.6e-05  fps   8985   774.7s
it 2043/4000  reward     nan  ep_len    nan  fell    0  err_xy 0.027  std 0.254  lr 5.1e-05  fps   9148   776.1s
it 2044/4000  reward     nan  ep_len    nan  fell    0  err_xy 0.024  std 0.254  lr 5.1e-05  fps   9032   777.4s
it 2045/4000  reward     nan  ep_len    nan  fell    0  err_xy 0.022  std 0.254  lr 7.6e-05  fps   9240   778.8s
it 2046/4000  reward     nan  ep_len    nan  fell    0  err_xy 0.021  std 0.254  lr 5.1e-05  fps   9112   780.1s
it 2047/4000  reward     nan  ep_len    nan  fell    0  err_xy 0.020  std 0.254  lr 5.1e-05  fps   9146   781.5s
it 2048/4000  reward     nan  ep_len    nan  fell    0  err_xy 0.020  std 0.254  lr 7.6e-05  fps   9192   782.8s
it 2049/4000  reward     nan  ep_len    nan  fell    0  err_xy 0.020  std 0.254  lr 7.6e-05  fps   9149   784.1s
it 2050/4000  reward   16.66  ep_len  300.0  fell    0  err_xy 0.019  std 0.254  lr 2.3e-05  fps   6719   786.0s
it 2051/4000  reward     nan  ep_len    nan  fell    0  err_xy 0.135  std 0.254  lr 1.0e-05  fps   9456   787.3s
it 2052/4000  reward     nan  ep_len    nan  fell    0  err_xy 0.065  std 0.254  lr 1.0e-05  fps   9227   788.6s
it 2053/4000  reward     nan  ep_len    nan  fell    0  err_xy 0.040  std 0.254  lr 5.1e-05  fps   9080   790.0s
it 2054/4000  reward     nan  ep_len    nan  fell    0  err_xy 0.030  std 0.254  lr 1.0e-05  fps   8960   791.3s
it 2055/4000  reward     nan  ep_len    nan  fell    0  err_xy 0.028  std 0.254  lr 5.1e-05  fps   9137   792.7s
it 2056/4000  reward     nan  ep_len    nan  fell    0  err_xy 0.028  std 0.254  lr 2.3e-05  fps   8941   794.1s
it 2057/4000  reward     nan  ep_len    nan  fell    0  err_xy 0.027  std 0.254  lr 3.4e-05  fps   9104   795.4s
it 2058/4000  reward     nan  ep_len    nan  fell    0  err_xy 0.025  std 0.254  lr 5.1e-05  fps   9038   796.8s
it 2059/4000  reward     nan  ep_len    nan  fell    0  err_xy 0.023  std 0.254  lr 7.6e-05  fps   9176   798.1s
it 2060/4000  reward     nan  ep_len    nan  fell    0  err_xy 0.022  std 0.254  lr 5.1e-05  fps   8877   799.5s
it 2061/4000  reward     nan  ep_len    nan  fell    0  err_xy 0.022  std 0.254  lr 7.6e-05  fps   8730   800.9s
it 2062/4000  reward     nan  ep_len    nan  fell    0  err_xy 0.021  std 0.254  lr 5.1e-05  fps   9163   802.2s
it 2063/4000  reward   18.02  ep_len  300.0  fell    0  err_xy 0.096  std 0.254  lr 1.0e-05  fps   6815   804.0s
it 2064/4000  reward     nan  ep_len    nan  fell    0  err_xy 0.096  std 0.254  lr 1.0e-05  fps   9149   805.4s
it 2065/4000  reward     nan  ep_len    nan  fell    0  err_xy 0.054  std 0.254  lr 1.0e-05  fps   9237   806.7s
it 2066/4000  reward     nan  ep_len    nan  fell    0  err_xy 0.037  std 0.254  lr 5.1e-05  fps   8957   808.1s
it 2067/4000  reward     nan  ep_len    nan  fell    0  err_xy 0.030  std 0.254  lr 5.1e-05  fps   9111   809.4s
it 2068/4000  reward     nan  ep_len    nan  fell    0  err_xy 0.028  std 0.254  lr 5.1e-05  fps   8873   810.8s
it 2069/4000  reward     nan  ep_len    nan  fell    0  err_xy 0.027  std 0.254  lr 5.1e-05  fps   9240   812.2s
it 2070/4000  reward     nan  ep_len    nan  fell    0  err_xy 0.026  std 0.254  lr 5.1e-05  fps   9109   813.5s
it 2071/4000  reward     nan  ep_len    nan  fell    0  err_xy 0.025  std 0.254  lr 7.6e-05  fps   9068   814.9s
it 2072/4000  reward     nan  ep_len    nan  fell    0  err_xy 0.024  std 0.254  lr 5.1e-05  fps   8795   816.3s
it 2073/4000  reward     nan  ep_len    nan  fell    0  err_xy 0.024  std 0.254  lr 5.1e-05  fps   8697   817.7s
it 2074/4000  reward     nan  ep_len    nan  fell    0  err_xy 0.023  std 0.254  lr 7.6e-05  fps   8427   819.1s
it 2075/4000  reward   17.34  ep_len  300.0  fell    0  err_xy 0.022  std 0.254  lr 5.1e-05  fps   6152   821.1s
it 2076/4000  reward     nan  ep_len    nan  fell    0  err_xy 0.131  std 0.254  lr 1.0e-05  fps   8339   822.6s
it 2077/4000  reward     nan  ep_len    nan  fell    0  err_xy 0.069  std 0.254  lr 1.0e-05  fps   8757   824.0s
it 2078/4000  reward     nan  ep_len    nan  fell    0  err_xy 0.043  std 0.254  lr 3.4e-05  fps   9067   825.4s
it 2079/4000  reward     nan  ep_len    nan  fell    0  err_xy 0.033  std 0.254  lr 7.6e-05  fps   9164   826.7s
it 2080/4000  reward     nan  ep_len    nan  fell    0  err_xy 0.030  std 0.254  lr 5.1e-05  fps   8820   828.1s
it 2081/4000  reward     nan  ep_len    nan  fell    0  err_xy 0.027  std 0.254  lr 5.1e-05  fps   8703   829.5s
it 2082/4000  reward     nan  ep_len    nan  fell    0  err_xy 0.025  std 0.254  lr 5.1e-05  fps   9245   830.9s
it 2083/4000  reward     nan  ep_len    nan  fell    0  err_xy 0.024  std 0.254  lr 5.1e-05  fps   9227   832.2s
it 2084/4000  reward     nan  ep_len    nan  fell    0  err_xy 0.025  std 0.254  lr 3.4e-05  fps   9318   833.5s
it 2085/4000  reward     nan  ep_len    nan  fell    0  err_xy 0.026  std 0.254  lr 3.4e-05  fps   9150   834.9s
it 2086/4000  reward     nan  ep_len    nan  fell    0  err_xy 0.026  std 0.254  lr 1.0e-05  fps   8985   836.2s
it 2087/4000  reward     nan  ep_len    nan  fell    0  err_xy 0.026  std 0.254  lr 5.1e-05  fps   9409   837.5s
it 2088/4000  reward   18.41  ep_len  300.0  fell    0  err_xy 0.097  std 0.254  lr 1.0e-05  fps   6426   839.4s
it 2089/4000  reward     nan  ep_len    nan  fell    0  err_xy 0.111  std 0.254  lr 1.0e-05  fps   8858   840.8s
it 2090/4000  reward     nan  ep_len    nan  fell    0  err_xy 0.066  std 0.254  lr 5.1e-05  fps   8824   842.2s
it 2091/4000  reward     nan  ep_len    nan  fell    0  err_xy 0.044  std 0.254  lr 2.3e-05  fps   8240   843.7s
it 2092/4000  reward     nan  ep_len    nan  fell    0  err_xy 0.037  std 0.254  lr 3.4e-05  fps   8466   845.2s
it 2093/4000  reward     nan  ep_len    nan  fell    0  err_xy 0.038  std 0.254  lr 3.4e-05  fps   8677   846.6s
it 2094/4000  reward     nan  ep_len    nan  fell    0  err_xy 0.036  std 0.254  lr 7.6e-05  fps   9153   847.9s
it 2095/4000  reward     nan  ep_len    nan  fell    0  err_xy 0.034  std 0.254  lr 5.1e-05  fps   9037   849.3s
it 2096/4000  reward     nan  ep_len    nan  fell    0  err_xy 0.033  std 0.254  lr 3.4e-05  fps   9125   850.6s
it 2097/4000  reward     nan  ep_len    nan  fell    0  err_xy 0.034  std 0.254  lr 5.1e-05  fps   9265   852.0s
it 2098/4000  reward     nan  ep_len    nan  fell    0  err_xy 0.034  std 0.253  lr 7.6e-05  fps   8381   853.4s
it 2099/4000  reward     nan  ep_len    nan  fell    0  err_xy 0.032  std 0.253  lr 5.1e-05  fps   8834   854.8s
it 2100/4000  reward   17.92  ep_len  300.0  fell    0  err_xy 0.031  std 0.253  lr 5.1e-05  fps   6758   856.6s
it 2101/4000  reward     nan  ep_len    nan  fell    0  err_xy 0.149  std 0.253  lr 1.0e-05  fps   9395   858.0s
it 2102/4000  reward     nan  ep_len    nan  fell    0  err_xy 0.081  std 0.253  lr 7.6e-05  fps   8816   859.4s
it 2103/4000  reward     nan  ep_len    nan  fell    0  err_xy 0.052  std 0.253  lr 5.1e-05  fps   9115   860.7s
it 2104/4000  reward     nan  ep_len    nan  fell    0  err_xy 0.040  std 0.254  lr 5.1e-05  fps   9121   862.1s
it 2105/4000  reward     nan  ep_len    nan  fell    0  err_xy 0.033  std 0.254  lr 1.5e-05  fps   8924   863.4s
it 2106/4000  reward     nan  ep_len    nan  fell    0  err_xy 0.030  std 0.254  lr 3.4e-05  fps   9160   864.8s
it 2107/4000  reward     nan  ep_len    nan  fell    0  err_xy 0.027  std 0.254  lr 7.6e-05  fps   9117   866.1s
it 2108/4000  reward     nan  ep_len    nan  fell    0  err_xy 0.027  std 0.253  lr 5.1e-05  fps   9258   867.5s
it 2109/4000  reward     nan  ep_len    nan  fell    0  err_xy 0.026  std 0.253  lr 5.1e-05  fps   8962   868.8s
it 2110/4000  reward     nan  ep_len    nan  fell    0  err_xy 0.027  std 0.253  lr 2.3e-05  fps   8413   870.3s
it 2111/4000  reward     nan  ep_len    nan  fell    0  err_xy 0.030  std 0.253  lr 7.6e-05  fps   8776   871.7s
it 2112/4000  reward     nan  ep_len    nan  fell    0  err_xy 0.030  std 0.253  lr 5.1e-05  fps   8572   873.1s
it 2113/4000  reward   17.29  ep_len  300.0  fell    0  err_xy 0.094  std 0.253  lr 1.0e-05  fps   6531   875.0s
it 2114/4000  reward     nan  ep_len    nan  fell    0  err_xy 0.101  std 0.253  lr 2.3e-05  fps   8459   876.5s
it 2115/4000  reward     nan  ep_len    nan  fell    0  err_xy 0.050  std 0.253  lr 2.3e-05  fps   8584   877.9s
it 2116/4000  reward     nan  ep_len    nan  fell    0  err_xy 0.038  std 0.253  lr 2.3e-05  fps   8768   879.3s
it 2117/4000  reward     nan  ep_len    nan  fell    0  err_xy 0.033  std 0.253  lr 3.4e-05  fps   7746   880.9s
it 2118/4000  reward     nan  ep_len    nan  fell    0  err_xy 0.030  std 0.253  lr 7.6e-05  fps   8831   882.3s
it 2119/4000  reward     nan  ep_len    nan  fell    0  err_xy 0.030  std 0.253  lr 5.1e-05  fps   8254   883.8s
it 2120/4000  reward     nan  ep_len    nan  fell    0  err_xy 0.029  std 0.253  lr 5.1e-05  fps   8226   885.3s
it 2121/4000  reward     nan  ep_len    nan  fell    0  err_xy 0.027  std 0.253  lr 7.6e-05  fps   8456   886.7s
it 2122/4000  reward     nan  ep_len    nan  fell    0  err_xy 0.025  std 0.253  lr 1.1e-04  fps   8891   888.1s
it 2123/4000  reward     nan  ep_len    nan  fell    0  err_xy 0.029  std 0.253  lr 5.1e-05  fps   8510   889.5s
it 2124/4000  reward     nan  ep_len    nan  fell    0  err_xy 0.027  std 0.253  lr 5.1e-05  fps   8281   891.0s
it 2125/4000  reward   19.05  ep_len  300.0  fell    0  err_xy 0.026  std 0.253  lr 3.4e-05  fps   6070   893.1s
it 2126/4000  reward     nan  ep_len    nan  fell    0  err_xy 0.145  std 0.253  lr 1.0e-05  fps   9234   894.4s
it 2127/4000  reward     nan  ep_len    nan  fell    0  err_xy 0.069  std 0.253  lr 1.0e-05  fps   9385   895.7s
it 2128/4000  reward     nan  ep_len    nan  fell    0  err_xy 0.044  std 0.253  lr 1.0e-05  fps   9488   897.0s
it 2129/4000  reward     nan  ep_len    nan  fell    0  err_xy 0.034  std 0.253  lr 5.1e-05  fps   9285   898.3s
it 2130/4000  reward     nan  ep_len    nan  fell    0  err_xy 0.028  std 0.253  lr 5.1e-05  fps   9081   899.7s
it 2131/4000  reward     nan  ep_len    nan  fell    0  err_xy 0.027  std 0.253  lr 7.6e-05  fps   8851   901.1s
it 2132/4000  reward     nan  ep_len    nan  fell    0  err_xy 0.029  std 0.253  lr 2.3e-05  fps   8649   902.5s
it 2133/4000  reward     nan  ep_len    nan  fell    0  err_xy 0.027  std 0.253  lr 3.4e-05  fps   8305   904.0s
it 2134/4000  reward     nan  ep_len    nan  fell    0  err_xy 0.025  std 0.253  lr 7.6e-05  fps   8160   905.5s
it 2135/4000  reward     nan  ep_len    nan  fell    0  err_xy 0.025  std 0.253  lr 5.1e-05  fps   8283   907.0s
it 2136/4000  reward     nan  ep_len    nan  fell    0  err_xy 0.024  std 0.253  lr 7.6e-05  fps   8873   908.3s
it 2137/4000  reward     nan  ep_len    nan  fell    0  err_xy 0.023  std 0.253  lr 1.1e-04  fps   8824   909.7s
it 2138/4000  reward   17.45  ep_len  300.0  fell    0  err_xy 0.094  std 0.253  lr 1.0e-05  fps   6880   911.5s
it 2139/4000  reward     nan  ep_len    nan  fell    0  err_xy 0.093  std 0.253  lr 1.0e-05  fps   8824   912.9s
it 2140/4000  reward     nan  ep_len    nan  fell    0  err_xy 0.054  std 0.253  lr 1.5e-05  fps   8551   914.4s
it 2141/4000  reward     nan  ep_len    nan  fell    0  err_xy 0.041  std 0.253  lr 1.0e-05  fps   9182   915.7s
it 2142/4000  reward     nan  ep_len    nan  fell    0  err_xy 0.030  std 0.253  lr 5.1e-05  fps   9060   917.1s
it 2143/4000  reward     nan  ep_len    nan  fell    0  err_xy 0.025  std 0.253  lr 1.1e-04  fps   8947   918.4s
it 2144/4000  reward     nan  ep_len    nan  fell    0  err_xy 0.024  std 0.253  lr 3.4e-05  fps   8899   919.8s
it 2145/4000  reward     nan  ep_len    nan  fell    0  err_xy 0.024  std 0.253  lr 7.6e-05  fps   9016   921.2s
it 2146/4000  reward     nan  ep_len    nan  fell    0  err_xy 0.023  std 0.253  lr 5.1e-05  fps   8978   922.5s
it 2147/4000  reward     nan  ep_len    nan  fell    0  err_xy 0.021  std 0.253  lr 5.1e-05  fps   9052   923.9s
it 2148/4000  reward     nan  ep_len    nan  fell    0  err_xy 0.021  std 0.253  lr 3.4e-05  fps   8874   925.3s
it 2149/4000  reward     nan  ep_len    nan  fell    0  err_xy 0.021  std 0.253  lr 7.6e-05  fps   8999   926.7s
it 2150/4000  reward   19.04  ep_len  300.0  fell    0  err_xy 0.021  std 0.253  lr 1.1e-04  fps   6670   928.5s
it 2151/4000  reward     nan  ep_len    nan  fell    0  err_xy 0.139  std 0.253  lr 1.0e-05  fps   9092   929.9s
it 2152/4000  reward     nan  ep_len    nan  fell    0  err_xy 0.065  std 0.253  lr 1.0e-05  fps   9327   931.2s
it 2153/4000  reward     nan  ep_len    nan  fell    0  err_xy 0.045  std 0.253  lr 1.0e-05  fps   9169   932.5s
it 2154/4000  reward     nan  ep_len    nan  fell    0  err_xy 0.036  std 0.253  lr 5.1e-05  fps   8481   934.0s
it 2155/4000  reward     nan  ep_len    nan  fell    0  err_xy 0.030  std 0.253  lr 3.4e-05  fps   8767   935.4s
it 2156/4000  reward     nan  ep_len    nan  fell    0  err_xy 0.027  std 0.253  lr 3.4e-05  fps   9064   936.7s
it 2157/4000  reward     nan  ep_len    nan  fell    0  err_xy 0.031  std 0.253  lr 2.3e-05  fps   9047   938.1s
it 2158/4000  reward     nan  ep_len    nan  fell    0  err_xy 0.033  std 0.253  lr 7.6e-05  fps   8853   939.5s
it 2159/4000  reward     nan  ep_len    nan  fell    0  err_xy 0.028  std 0.253  lr 5.1e-05  fps   9034   940.8s
it 2160/4000  reward     nan  ep_len    nan  fell    0  err_xy 0.026  std 0.253  lr 1.1e-04  fps   8927   942.2s
it 2161/4000  reward     nan  ep_len    nan  fell    0  err_xy 0.026  std 0.253  lr 5.1e-05  fps   9239   943.5s
it 2162/4000  reward     nan  ep_len    nan  fell    0  err_xy 0.025  std 0.253  lr 1.1e-04  fps   8666   945.0s
it 2163/4000  reward   18.44  ep_len  300.0  fell    0  err_xy 0.087  std 0.253  lr 1.0e-05  fps   6780   946.8s
it 2164/4000  reward     nan  ep_len    nan  fell    0  err_xy 0.099  std 0.253  lr 1.0e-05  fps   9168   948.1s
it 2165/4000  reward     nan  ep_len    nan  fell    0  err_xy 0.051  std 0.253  lr 1.0e-05  fps   8986   949.5s
it 2166/4000  reward     nan  ep_len    nan  fell    0  err_xy 0.039  std 0.253  lr 3.4e-05  fps   9029   950.8s
it 2167/4000  reward     nan  ep_len    nan  fell    0  err_xy 0.027  std 0.253  lr 7.6e-05  fps   8991   952.2s
it 2168/4000  reward     nan  ep_len    nan  fell    0  err_xy 0.023  std 0.253  lr 7.6e-05  fps   8901   953.6s
it 2169/4000  reward     nan  ep_len    nan  fell    0  err_xy 0.023  std 0.253  lr 3.4e-05  fps   8731   955.0s
it 2170/4000  reward     nan  ep_len    nan  fell    0  err_xy 0.024  std 0.253  lr 7.6e-05  fps   8633   956.4s
it 2171/4000  reward     nan  ep_len    nan  fell    0  err_xy 0.022  std 0.253  lr 1.1e-04  fps   8724   957.8s
it 2172/4000  reward     nan  ep_len    nan  fell    0  err_xy 0.021  std 0.253  lr 7.6e-05  fps   8758   959.2s
it 2173/4000  reward     nan  ep_len    nan  fell    0  err_xy 0.020  std 0.253  lr 7.6e-05  fps   8711   960.7s
it 2174/4000  reward     nan  ep_len    nan  fell    0  err_xy 0.021  std 0.253  lr 1.1e-04  fps   8825   962.0s
it 2175/4000  reward   19.24  ep_len  300.0  fell    0  err_xy 0.021  std 0.253  lr 7.6e-05  fps   6586   963.9s
it 2176/4000  reward     nan  ep_len    nan  fell    0  err_xy 0.138  std 0.253  lr 1.0e-05  fps   9374   965.2s
it 2177/4000  reward     nan  ep_len    nan  fell    0  err_xy 0.070  std 0.253  lr 1.0e-05  fps   9107   966.6s
it 2178/4000  reward     nan  ep_len    nan  fell    0  err_xy 0.048  std 0.253  lr 1.0e-05  fps   9143   967.9s
it 2179/4000  reward     nan  ep_len    nan  fell    0  err_xy 0.040  std 0.253  lr 2.3e-05  fps   8935   969.3s
it 2180/4000  reward     nan  ep_len    nan  fell    0  err_xy 0.031  std 0.253  lr 7.6e-05  fps   8876   970.7s
it 2181/4000  reward     nan  ep_len    nan  fell    0  err_xy 0.027  std 0.253  lr 3.4e-05  fps   9052   972.0s
it 2182/4000  reward     nan  ep_len    nan  fell    0  err_xy 0.026  std 0.253  lr 5.1e-05  fps   8422   973.5s
it 2183/4000  reward     nan  ep_len    nan  fell    0  err_xy 0.026  std 0.253  lr 2.3e-05  fps   8698   974.9s
it 2184/4000  reward     nan  ep_len    nan  fell    0  err_xy 0.025  std 0.252  lr 7.6e-05  fps   8790   976.3s
it 2185/4000  reward     nan  ep_len    nan  fell    0  err_xy 0.024  std 0.252  lr 5.1e-05  fps   8869   977.7s
it 2186/4000  reward     nan  ep_len    nan  fell    0  err_xy 0.025  std 0.252  lr 7.6e-05  fps   9056   979.1s
it 2187/4000  reward     nan  ep_len    nan  fell    0  err_xy 0.025  std 0.252  lr 5.1e-05  fps   8989   980.4s
it 2188/4000  reward   18.84  ep_len  300.0  fell    0  err_xy 0.097  std 0.252  lr 1.0e-05  fps   6517   982.3s
it 2189/4000  reward     nan  ep_len    nan  fell    0  err_xy 0.098  std 0.252  lr 2.3e-05  fps   8717   983.7s
it 2190/4000  reward     nan  ep_len    nan  fell    0  err_xy 0.048  std 0.253  lr 2.3e-05  fps   8949   985.1s
it 2191/4000  reward     nan  ep_len    nan  fell    0  err_xy 0.036  std 0.253  lr 3.4e-05  fps   8590   986.5s
it 2192/4000  reward     nan  ep_len    nan  fell    0  err_xy 0.030  std 0.253  lr 2.3e-05  fps   8971   987.9s
it 2193/4000  reward     nan  ep_len    nan  fell    0  err_xy 0.027  std 0.253  lr 7.6e-05  fps   8618   989.3s
it 2194/4000  reward     nan  ep_len    nan  fell    0  err_xy 0.026  std 0.253  lr 2.3e-05  fps   8704   990.7s
it 2195/4000  reward     nan  ep_len    nan  fell    0  err_xy 0.026  std 0.253  lr 7.6e-05  fps   8817   992.1s
it 2196/4000  reward     nan  ep_len    nan  fell    0  err_xy 0.023  std 0.252  lr 5.1e-05  fps   8691   993.6s
it 2197/4000  reward     nan  ep_len    nan  fell    0  err_xy 0.022  std 0.252  lr 7.6e-05  fps   8750   995.0s
it 2198/4000  reward     nan  ep_len    nan  fell    0  err_xy 0.023  std 0.252  lr 5.1e-05  fps   8937   996.3s
it 2199/4000  reward     nan  ep_len    nan  fell    0  err_xy 0.025  std 0.252  lr 7.6e-05  fps   8674   997.8s
it 2200/4000  reward   19.42  ep_len  300.0  fell    0  err_xy 0.025  std 0.252  lr 7.6e-05  fps   6322   999.7s
eval iteration 2200:
  prone          success   0.0%  time 7.00s  peak_τ 0.72 Nm  return 11.92
  supine         success   0.0%  time 7.00s  peak_τ 0.50 Nm  return 2.99
  score 0.000
it 2201/4000  reward     nan  ep_len    nan  fell    0  err_xy 0.141  std 0.252  lr 1.0e-05  fps   9075  1002.5s
it 2202/4000  reward     nan  ep_len    nan  fell    0  err_xy 0.073  std 0.252  lr 1.0e-05  fps   8851  1003.9s
it 2203/4000  reward     nan  ep_len    nan  fell    0  err_xy 0.043  std 0.252  lr 5.1e-05  fps   8982  1005.3s
it 2204/4000  reward     nan  ep_len    nan  fell    0  err_xy 0.033  std 0.252  lr 5.1e-05  fps   9081  1006.6s
it 2205/4000  reward     nan  ep_len    nan  fell    0  err_xy 0.025  std 0.252  lr 3.4e-05  fps   8988  1008.0s
it 2206/4000  reward     nan  ep_len    nan  fell    0  err_xy 0.023  std 0.252  lr 3.4e-05  fps   8570  1009.4s
it 2207/4000  reward     nan  ep_len    nan  fell    0  err_xy 0.023  std 0.252  lr 7.6e-05  fps   8595  1010.9s
it 2208/4000  reward     nan  ep_len    nan  fell    0  err_xy 0.026  std 0.252  lr 7.6e-05  fps   8917  1012.2s
it 2209/4000  reward     nan  ep_len    nan  fell    0  err_xy 0.023  std 0.252  lr 7.6e-05  fps   8659  1013.7s
it 2210/4000  reward     nan  ep_len    nan  fell    0  err_xy 0.023  std 0.252  lr 1.1e-04  fps   8544  1015.1s
it 2211/4000  reward     nan  ep_len    nan  fell    0  err_xy 0.023  std 0.252  lr 7.6e-05  fps   8740  1016.5s
it 2212/4000  reward     nan  ep_len    nan  fell    0  err_xy 0.022  std 0.252  lr 1.1e-04  fps   8971  1017.9s
it 2213/4000  reward   19.72  ep_len  300.0  fell    0  err_xy 0.097  std 0.252  lr 1.0e-05  fps   6655  1019.7s
it 2214/4000  reward     nan  ep_len    nan  fell    0  err_xy 0.101  std 0.252  lr 1.0e-05  fps   9242  1021.1s
it 2215/4000  reward     nan  ep_len    nan  fell    0  err_xy 0.048  std 0.252  lr 1.0e-05  fps   9232  1022.4s
it 2216/4000  reward     nan  ep_len    nan  fell    0  err_xy 0.037  std 0.252  lr 1.5e-05  fps   9094  1023.7s
it 2217/4000  reward     nan  ep_len    nan  fell    0  err_xy 0.029  std 0.252  lr 5.1e-05  fps   8451  1025.2s
it 2218/4000  reward     nan  ep_len    nan  fell    0  err_xy 0.025  std 0.252  lr 3.4e-05  fps   8914  1026.6s
it 2219/4000  reward     nan  ep_len    nan  fell    0  err_xy 0.023  std 0.252  lr 3.4e-05  fps   8911  1028.0s
it 2220/4000  reward     nan  ep_len    nan  fell    0  err_xy 0.022  std 0.252  lr 3.4e-05  fps   8596  1029.4s
it 2221/4000  reward     nan  ep_len    nan  fell    0  err_xy 0.022  std 0.252  lr 7.6e-05  fps   8659  1030.8s
it 2222/4000  reward     nan  ep_len    nan  fell    0  err_xy 0.019  std 0.252  lr 5.1e-05  fps   8894  1032.2s
it 2223/4000  reward     nan  ep_len    nan  fell    0  err_xy 0.019  std 0.252  lr 5.1e-05  fps   8893  1033.6s
it 2224/4000  reward     nan  ep_len    nan  fell    0  err_xy 0.020  std 0.252  lr 5.1e-05  fps   8735  1035.0s
it 2225/4000  reward   18.01  ep_len  300.0  fell    0  err_xy 0.020  std 0.252  lr 5.1e-05  fps   6532  1036.9s
it 2226/4000  reward     nan  ep_len    nan  fell    0  err_xy 0.147  std 0.252  lr 1.0e-05  fps   9257  1038.2s
it 2227/4000  reward     nan  ep_len    nan  fell    0  err_xy 0.072  std 0.252  lr 1.0e-05  fps   9061  1039.6s
it 2228/4000  reward     nan  ep_len    nan  fell    0  err_xy 0.044  std 0.252  lr 1.0e-05  fps   8923  1040.9s
it 2229/4000  reward     nan  ep_len    nan  fell    0  err_xy 0.031  std 0.252  lr 5.1e-05  fps   8887  1042.3s
it 2230/4000  reward     nan  ep_len    nan  fell    0  err_xy 0.024  std 0.252  lr 5.1e-05  fps   8735  1043.7s
it 2231/4000  reward     nan  ep_len    nan  fell    0  err_xy 0.022  std 0.252  lr 7.6e-05  fps   8593  1045.2s
it 2232/4000  reward     nan  ep_len    nan  fell    0  err_xy 0.021  std 0.252  lr 3.4e-05  fps   8712  1046.6s
it 2233/4000  reward     nan  ep_len    nan  fell    0  err_xy 0.020  std 0.252  lr 5.1e-05  fps   8700  1048.0s
it 2234/4000  reward     nan  ep_len    nan  fell    0  err_xy 0.020  std 0.252  lr 5.1e-05  fps   8699  1049.4s
it 2235/4000  reward     nan  ep_len    nan  fell    0  err_xy 0.020  std 0.252  lr 3.4e-05  fps   8664  1050.8s
it 2236/4000  reward     nan  ep_len    nan  fell    0  err_xy 0.019  std 0.252  lr 3.4e-05  fps   8661  1052.2s
it 2237/4000  reward     nan  ep_len    nan  fell    0  err_xy 0.020  std 0.252  lr 3.4e-05  fps   8554  1053.7s
it 2238/4000  reward   19.98  ep_len  300.0  fell    0  err_xy 0.089  std 0.252  lr 1.0e-05  fps   6480  1055.6s
it 2239/4000  reward     nan  ep_len    nan  fell    0  err_xy 0.089  std 0.252  lr 1.0e-05  fps   9038  1056.9s
it 2240/4000  reward     nan  ep_len    nan  fell    0  err_xy 0.045  std 0.252  lr 5.1e-05  fps   8930  1058.3s
it 2241/4000  reward     nan  ep_len    nan  fell    0  err_xy 0.032  std 0.252  lr 7.6e-05  fps   8866  1059.7s
it 2242/4000  reward     nan  ep_len    nan  fell    0  err_xy 0.027  std 0.252  lr 3.4e-05  fps   8814  1061.1s
it 2243/4000  reward     nan  ep_len    nan  fell    0  err_xy 0.023  std 0.252  lr 5.1e-05  fps   8685  1062.5s
it 2244/4000  reward     nan  ep_len    nan  fell    0  err_xy 0.021  std 0.252  lr 5.1e-05  fps   8554  1063.9s
it 2245/4000  reward     nan  ep_len    nan  fell    0  err_xy 0.020  std 0.252  lr 1.1e-04  fps   8478  1065.4s
it 2246/4000  reward     nan  ep_len    nan  fell    0  err_xy 0.019  std 0.252  lr 5.1e-05  fps   8537  1066.8s
it 2247/4000  reward     nan  ep_len    nan  fell    0  err_xy 0.018  std 0.252  lr 1.1e-04  fps   8478  1068.3s
it 2248/4000  reward     nan  ep_len    nan  fell    0  err_xy 0.019  std 0.252  lr 5.1e-05  fps   8407  1069.7s
it 2249/4000  reward     nan  ep_len    nan  fell    0  err_xy 0.020  std 0.252  lr 1.1e-04  fps   8619  1071.2s
it 2250/4000  reward   21.33  ep_len  300.0  fell    0  err_xy 0.020  std 0.252  lr 7.6e-05  fps   6417  1073.1s
it 2251/4000  reward     nan  ep_len    nan  fell    0  err_xy 0.147  std 0.252  lr 1.0e-05  fps   9426  1074.4s
it 2252/4000  reward     nan  ep_len    nan  fell    0  err_xy 0.074  std 0.252  lr 1.0e-05  fps   9468  1075.7s
it 2253/4000  reward     nan  ep_len    nan  fell    0  err_xy 0.042  std 0.252  lr 5.1e-05  fps   9243  1077.0s
it 2254/4000  reward     nan  ep_len    nan  fell    0  err_xy 0.028  std 0.252  lr 5.1e-05  fps   8955  1078.4s
it 2255/4000  reward     nan  ep_len    nan  fell    0  err_xy 0.021  std 0.252  lr 3.4e-05  fps   8732  1079.8s
it 2256/4000  reward     nan  ep_len    nan  fell    0  err_xy 0.020  std 0.252  lr 3.4e-05  fps   8838  1081.2s
it 2257/4000  reward     nan  ep_len    nan  fell    0  err_xy 0.020  std 0.252  lr 3.4e-05  fps   8976  1082.6s
it 2258/4000  reward     nan  ep_len    nan  fell    0  err_xy 0.020  std 0.252  lr 3.4e-05  fps   8883  1084.0s
it 2259/4000  reward     nan  ep_len    nan  fell    0  err_xy 0.019  std 0.252  lr 7.6e-05  fps   8701  1085.4s
it 2260/4000  reward     nan  ep_len    nan  fell    0  err_xy 0.020  std 0.252  lr 2.3e-05  fps   9033  1086.7s
it 2261/4000  reward     nan  ep_len    nan  fell    0  err_xy 0.022  std 0.251  lr 7.6e-05  fps   9050  1088.1s
it 2262/4000  reward     nan  ep_len    nan  fell    0  err_xy 0.022  std 0.251  lr 5.1e-05  fps   8543  1089.5s
it 2263/4000  reward   17.20  ep_len  300.0  fell    0  err_xy 0.100  std 0.251  lr 1.0e-05  fps   6677  1091.4s
it 2264/4000  reward     nan  ep_len    nan  fell    0  err_xy 0.106  std 0.252  lr 1.0e-05  fps   9079  1092.7s
it 2265/4000  reward     nan  ep_len    nan  fell    0  err_xy 0.053  std 0.252  lr 1.5e-05  fps   9101  1094.1s
it 2266/4000  reward     nan  ep_len    nan  fell    0  err_xy 0.033  std 0.252  lr 5.1e-05  fps   8627  1095.5s
it 2267/4000  reward     nan  ep_len    nan  fell    0  err_xy 0.024  std 0.252  lr 3.4e-05  fps   8752  1096.9s
it 2268/4000  reward     nan  ep_len    nan  fell    0  err_xy 0.020  std 0.252  lr 7.6e-05  fps   8430  1098.4s
it 2269/4000  reward     nan  ep_len    nan  fell    0  err_xy 0.018  std 0.252  lr 3.4e-05  fps   7895  1099.9s
it 2270/4000  reward     nan  ep_len    nan  fell    0  err_xy 0.018  std 0.251  lr 5.1e-05  fps   7690  1101.5s
it 2271/4000  reward     nan  ep_len    nan  fell    0  err_xy 0.019  std 0.251  lr 1.1e-04  fps   8534  1103.0s
it 2272/4000  reward     nan  ep_len    nan  fell    0  err_xy 0.019  std 0.251  lr 1.1e-04  fps   8035  1104.5s
it 2273/4000  reward     nan  ep_len    nan  fell    0  err_xy 0.021  std 0.251  lr 5.1e-05  fps   8208  1106.0s
it 2274/4000  reward     nan  ep_len    nan  fell    0  err_xy 0.024  std 0.251  lr 5.1e-05  fps   8457  1107.4s
it 2275/4000  reward   20.21  ep_len  300.0  fell    0  err_xy 0.025  std 0.251  lr 5.1e-05  fps   6200  1109.4s
it 2276/4000  reward     nan  ep_len    nan  fell    0  err_xy 0.147  std 0.251  lr 1.0e-05  fps   8147  1110.9s
it 2277/4000  reward     nan  ep_len    nan  fell    0  err_xy 0.077  std 0.251  lr 1.5e-05  fps   7855  1112.5s
it 2278/4000  reward     nan  ep_len    nan  fell    0  err_xy 0.040  std 0.251  lr 5.1e-05  fps   8637  1113.9s
it 2279/4000  reward     nan  ep_len    nan  fell    0  err_xy 0.026  std 0.251  lr 1.5e-05  fps   8380  1115.4s
it 2280/4000  reward     nan  ep_len    nan  fell    0  err_xy 0.019  std 0.251  lr 3.4e-05  fps   8007  1116.9s
it 2281/4000  reward     nan  ep_len    nan  fell    0  err_xy 0.017  std 0.251  lr 3.4e-05  fps   8231  1118.4s
it 2282/4000  reward     nan  ep_len    nan  fell    0  err_xy 0.017  std 0.251  lr 3.4e-05  fps   8010  1120.0s
it 2283/4000  reward     nan  ep_len    nan  fell    0  err_xy 0.017  std 0.251  lr 3.4e-05  fps   8411  1121.4s
it 2284/4000  reward     nan  ep_len    nan  fell    0  err_xy 0.018  std 0.251  lr 5.1e-05  fps   8247  1122.9s
it 2285/4000  reward     nan  ep_len    nan  fell    0  err_xy 0.018  std 0.251  lr 5.1e-05  fps   7536  1124.5s
it 2286/4000  reward     nan  ep_len    nan  fell    0  err_xy 0.019  std 0.251  lr 3.4e-05  fps   8471  1126.0s
it 2287/4000  reward     nan  ep_len    nan  fell    0  err_xy 0.019  std 0.251  lr 1.1e-04  fps   8732  1127.4s
it 2288/4000  reward   19.77  ep_len  300.0  fell    0  err_xy 0.103  std 0.251  lr 1.0e-05  fps   6238  1129.4s
it 2289/4000  reward     nan  ep_len    nan  fell    0  err_xy 0.099  std 0.251  lr 1.0e-05  fps   9071  1130.7s
it 2290/4000  reward     nan  ep_len    nan  fell    0  err_xy 0.045  std 0.251  lr 2.3e-05  fps   8781  1132.1s
it 2291/4000  reward     nan  ep_len    nan  fell    0  err_xy 0.031  std 0.251  lr 7.6e-05  fps   8764  1133.5s
it 2292/4000  reward     nan  ep_len    nan  fell    0  err_xy 0.023  std 0.251  lr 3.4e-05  fps   7755  1135.1s
it 2293/4000  reward     nan  ep_len    nan  fell    0  err_xy 0.020  std 0.251  lr 3.4e-05  fps   8228  1136.6s
it 2294/4000  reward     nan  ep_len    nan  fell    0  err_xy 0.020  std 0.251  lr 7.6e-05  fps   8484  1138.1s
it 2295/4000  reward     nan  ep_len    nan  fell    0  err_xy 0.021  std 0.251  lr 7.6e-05  fps   8546  1139.5s
it 2296/4000  reward     nan  ep_len    nan  fell    0  err_xy 0.021  std 0.251  lr 3.4e-05  fps   8558  1140.9s
it 2297/4000  reward     nan  ep_len    nan  fell    0  err_xy 0.022  std 0.251  lr 7.6e-05  fps   8330  1142.4s
it 2298/4000  reward     nan  ep_len    nan  fell    0  err_xy 0.023  std 0.251  lr 7.6e-05  fps   8647  1143.8s
it 2299/4000  reward     nan  ep_len    nan  fell    0  err_xy 0.022  std 0.251  lr 3.4e-05  fps   8525  1145.3s
it 2300/4000  reward   19.55  ep_len  300.0  fell    0  err_xy 0.022  std 0.251  lr 3.4e-05  fps   6338  1147.2s
it 2301/4000  reward     nan  ep_len    nan  fell    0  err_xy 0.134  std 0.251  lr 1.0e-05  fps   8818  1148.6s
it 2302/4000  reward     nan  ep_len    nan  fell    0  err_xy 0.061  std 0.251  lr 3.4e-05  fps   8794  1150.0s
it 2303/4000  reward     nan  ep_len    nan  fell    0  err_xy 0.035  std 0.251  lr 5.1e-05  fps   8704  1151.4s
it 2304/4000  reward     nan  ep_len    nan  fell    0  err_xy 0.026  std 0.251  lr 7.6e-05  fps   8421  1152.9s
it 2305/4000  reward     nan  ep_len    nan  fell    0  err_xy 0.021  std 0.251  lr 3.4e-05  fps   8528  1154.3s
it 2306/4000  reward     nan  ep_len    nan  fell    0  err_xy 0.018  std 0.251  lr 3.4e-05  fps   8398  1155.8s
it 2307/4000  reward     nan  ep_len    nan  fell    0  err_xy 0.017  std 0.251  lr 7.6e-05  fps   8383  1157.3s
it 2308/4000  reward     nan  ep_len    nan  fell    0  err_xy 0.017  std 0.251  lr 5.1e-05  fps   8573  1158.7s
it 2309/4000  reward     nan  ep_len    nan  fell    0  err_xy 0.017  std 0.251  lr 5.1e-05  fps   8445  1160.2s
it 2310/4000  reward     nan  ep_len    nan  fell    0  err_xy 0.017  std 0.251  lr 3.4e-05  fps   8247  1161.6s
it 2311/4000  reward     nan  ep_len    nan  fell    0  err_xy 0.017  std 0.251  lr 3.4e-05  fps   8491  1163.1s
it 2312/4000  reward     nan  ep_len    nan  fell    0  err_xy 0.019  std 0.251  lr 1.5e-05  fps   8163  1164.6s
it 2313/4000  reward   19.21  ep_len  300.0  fell    0  err_xy 0.093  std 0.251  lr 1.0e-05  fps   6364  1166.5s
it 2314/4000  reward     nan  ep_len    nan  fell    0  err_xy 0.093  std 0.251  lr 1.5e-05  fps   8929  1167.9s
it 2315/4000  reward     nan  ep_len    nan  fell    0  err_xy 0.043  std 0.251  lr 1.5e-05  fps   8253  1169.4s
it 2316/4000  reward     nan  ep_len    nan  fell    0  err_xy 0.030  std 0.251  lr 1.5e-05  fps   8465  1170.9s
it 2317/4000  reward     nan  ep_len    nan  fell    0  err_xy 0.023  std 0.251  lr 3.4e-05  fps   8477  1172.3s
it 2318/4000  reward     nan  ep_len    nan  fell    0  err_xy 0.019  std 0.251  lr 7.6e-05  fps   8345  1173.8s
it 2319/4000  reward     nan  ep_len    nan  fell    0  err_xy 0.019  std 0.251  lr 7.6e-05  fps   8068  1175.3s
it 2320/4000  reward     nan  ep_len    nan  fell    0  err_xy 0.019  std 0.251  lr 7.6e-05  fps   8311  1176.8s
it 2321/4000  reward     nan  ep_len    nan  fell    0  err_xy 0.019  std 0.251  lr 1.1e-04  fps   8307  1178.3s
it 2322/4000  reward     nan  ep_len    nan  fell    0  err_xy 0.019  std 0.251  lr 5.1e-05  fps   7394  1179.9s
it 2323/4000  reward     nan  ep_len    nan  fell    0  err_xy 0.021  std 0.251  lr 7.6e-05  fps   8204  1181.4s
it 2324/4000  reward     nan  ep_len    nan  fell    0  err_xy 0.021  std 0.251  lr 5.1e-05  fps   8355  1182.9s
it 2325/4000  reward   21.40  ep_len  300.0  fell    0  err_xy 0.021  std 0.250  lr 7.6e-05  fps   6094  1184.9s
it 2326/4000  reward     nan  ep_len    nan  fell    0  err_xy 0.146  std 0.250  lr 1.0e-05  fps   8850  1186.3s
it 2327/4000  reward     nan  ep_len    nan  fell    0  err_xy 0.068  std 0.251  lr 1.0e-05  fps   8645  1187.7s
it 2328/4000  reward     nan  ep_len    nan  fell    0  err_xy 0.041  std 0.251  lr 5.1e-05  fps   8431  1189.2s
it 2329/4000  reward     nan  ep_len    nan  fell    0  err_xy 0.033  std 0.251  lr 3.4e-05  fps   8228  1190.7s
it 2330/4000  reward     nan  ep_len    nan  fell    0  err_xy 0.021  std 0.250  lr 7.6e-05  fps   8278  1192.2s
it 2331/4000  reward     nan  ep_len    nan  fell    0  err_xy 0.018  std 0.250  lr 3.4e-05  fps   8150  1193.7s
it 2332/4000  reward     nan  ep_len    nan  fell    0  err_xy 0.017  std 0.250  lr 1.1e-04  fps   8119  1195.2s
it 2333/4000  reward     nan  ep_len    nan  fell    0  err_xy 0.017  std 0.250  lr 7.6e-05  fps   8184  1196.7s
it 2334/4000  reward     nan  ep_len    nan  fell    0  err_xy 0.017  std 0.250  lr 1.1e-04  fps   8252  1198.2s
it 2335/4000  reward     nan  ep_len    nan  fell    0  err_xy 0.017  std 0.250  lr 7.6e-05  fps   8046  1199.7s
it 2336/4000  reward     nan  ep_len    nan  fell    0  err_xy 0.018  std 0.250  lr 5.1e-05  fps   8181  1201.2s
it 2337/4000  reward     nan  ep_len    nan  fell    0  err_xy 0.018  std 0.250  lr 1.1e-04  fps   8272  1202.7s
it 2338/4000  reward   20.69  ep_len  300.0  fell    0  err_xy 0.098  std 0.250  lr 1.0e-05  fps   6094  1204.7s
it 2339/4000  reward     nan  ep_len    nan  fell    0  err_xy 0.100  std 0.250  lr 1.0e-05  fps   8797  1206.1s
it 2340/4000  reward     nan  ep_len    nan  fell    0  err_xy 0.052  std 0.250  lr 5.1e-05  fps   8446  1207.6s
it 2341/4000  reward     nan  ep_len    nan  fell    0  err_xy 0.042  std 0.250  lr 3.4e-05  fps   8485  1209.0s
it 2342/4000  reward     nan  ep_len    nan  fell    0  err_xy 0.031  std 0.250  lr 7.6e-05  fps   8296  1210.5s
it 2343/4000  reward     nan  ep_len    nan  fell    0  err_xy 0.020  std 0.250  lr 7.6e-05  fps   8377  1212.0s
it 2344/4000  reward     nan  ep_len    nan  fell    0  err_xy 0.017  std 0.250  lr 7.6e-05  fps   8456  1213.4s
it 2345/4000  reward     nan  ep_len    nan  fell    0  err_xy 0.017  std 0.250  lr 3.4e-05  fps   8220  1214.9s
it 2346/4000  reward     nan  ep_len    nan  fell    0  err_xy 0.017  std 0.250  lr 2.3e-05  fps   8417  1216.4s
it 2347/4000  reward     nan  ep_len    nan  fell    0  err_xy 0.018  std 0.250  lr 7.6e-05  fps   8434  1217.8s
it 2348/4000  reward     nan  ep_len    nan  fell    0  err_xy 0.018  std 0.250  lr 1.1e-04  fps   8196  1219.3s
it 2349/4000  reward     nan  ep_len    nan  fell    0  err_xy 0.018  std 0.250  lr 7.6e-05  fps   8406  1220.8s
it 2350/4000  reward   19.65  ep_len  300.0  fell    0  err_xy 0.019  std 0.250  lr 7.6e-05  fps   6219  1222.8s
it 2351/4000  reward     nan  ep_len    nan  fell    0  err_xy 0.150  std 0.250  lr 1.0e-05  fps   8868  1224.2s
it 2352/4000  reward     nan  ep_len    nan  fell    0  err_xy 0.072  std 0.250  lr 3.4e-05  fps   8665  1225.6s
it 2353/4000  reward     nan  ep_len    nan  fell    0  err_xy 0.036  std 0.250  lr 7.6e-05  fps   8533  1227.0s
it 2354/4000  reward     nan  ep_len    nan  fell    0  err_xy 0.029  std 0.250  lr 5.1e-05  fps   8380  1228.5s
it 2355/4000  reward     nan  ep_len    nan  fell    0  err_xy 0.021  std 0.250  lr 5.1e-05  fps   8353  1230.0s
it 2356/4000  reward     nan  ep_len    nan  fell    0  err_xy 0.017  std 0.250  lr 3.4e-05  fps   8192  1231.5s
it 2357/4000  reward     nan  ep_len    nan  fell    0  err_xy 0.017  std 0.250  lr 3.4e-05  fps   8190  1233.0s
it 2358/4000  reward     nan  ep_len    nan  fell    0  err_xy 0.017  std 0.249  lr 1.5e-05  fps   7956  1234.5s
it 2359/4000  reward     nan  ep_len    nan  fell    0  err_xy 0.017  std 0.249  lr 2.3e-05  fps   8273  1236.0s
it 2360/4000  reward     nan  ep_len    nan  fell    0  err_xy 0.017  std 0.249  lr 1.5e-05  fps   8440  1237.5s
it 2361/4000  reward     nan  ep_len    nan  fell    0  err_xy 0.017  std 0.249  lr 7.6e-05  fps   8161  1239.0s
it 2362/4000  reward     nan  ep_len    nan  fell    0  err_xy 0.017  std 0.249  lr 2.3e-05  fps   8165  1240.5s
it 2363/4000  reward   19.99  ep_len  300.0  fell    0  err_xy 0.096  std 0.249  lr 1.0e-05  fps   6188  1242.5s
it 2364/4000  reward     nan  ep_len    nan  fell    0  err_xy 0.091  std 0.249  lr 3.4e-05  fps   8445  1243.9s
it 2365/4000  reward     nan  ep_len    nan  fell    0  err_xy 0.048  std 0.249  lr 5.1e-05  fps   7870  1245.5s
it 2366/4000  reward     nan  ep_len    nan  fell    0  err_xy 0.032  std 0.249  lr 1.0e-05  fps   8496  1246.9s
it 2367/4000  reward     nan  ep_len    nan  fell    0  err_xy 0.030  std 0.250  lr 5.1e-05  fps   8306  1248.4s
it 2368/4000  reward     nan  ep_len    nan  fell    0  err_xy 0.021  std 0.250  lr 3.4e-05  fps   7964  1250.0s
it 2369/4000  reward     nan  ep_len    nan  fell    0  err_xy 0.019  std 0.250  lr 5.1e-05  fps   8311  1251.4s
it 2370/4000  reward     nan  ep_len    nan  fell    0  err_xy 0.017  std 0.250  lr 1.1e-04  fps   8339  1252.9s
it 2371/4000  reward     nan  ep_len    nan  fell    0  err_xy 0.017  std 0.249  lr 7.6e-05  fps   7686  1254.5s
it 2372/4000  reward     nan  ep_len    nan  fell    0  err_xy 0.018  std 0.249  lr 3.4e-05  fps   8193  1256.0s
it 2373/4000  reward     nan  ep_len    nan  fell    0  err_xy 0.019  std 0.249  lr 3.4e-05  fps   8214  1257.5s
it 2374/4000  reward     nan  ep_len    nan  fell    0  err_xy 0.020  std 0.249  lr 2.3e-05  fps   8379  1259.0s
it 2375/4000  reward   20.40  ep_len  300.0  fell    0  err_xy 0.019  std 0.249  lr 7.6e-05  fps   6191  1261.0s
it 2376/4000  reward     nan  ep_len    nan  fell    0  err_xy 0.148  std 0.249  lr 1.0e-05  fps   9106  1262.3s
it 2377/4000  reward     nan  ep_len    nan  fell    0  err_xy 0.061  std 0.249  lr 2.3e-05  fps   8894  1263.7s
it 2378/4000  reward     nan  ep_len    nan  fell    0  err_xy 0.037  std 0.249  lr 5.1e-05  fps   8299  1265.2s
it 2379/4000  reward     nan  ep_len    nan  fell    0  err_xy 0.034  std 0.249  lr 3.4e-05  fps   8518  1266.6s
it 2380/4000  reward     nan  ep_len    nan  fell    0  err_xy 0.024  std 0.249  lr 7.6e-05  fps   8618  1268.0s
it 2381/4000  reward     nan  ep_len    nan  fell    0  err_xy 0.018  std 0.249  lr 7.6e-05  fps   8466  1269.5s
it 2382/4000  reward     nan  ep_len    nan  fell    0  err_xy 0.017  std 0.249  lr 7.6e-05  fps   8283  1271.0s
it 2383/4000  reward     nan  ep_len    nan  fell    0  err_xy 0.017  std 0.249  lr 7.6e-05  fps   8595  1272.4s
it 2384/4000  reward     nan  ep_len    nan  fell    0  err_xy 0.017  std 0.249  lr 5.1e-05  fps   8462  1273.9s
it 2385/4000  reward     nan  ep_len    nan  fell    0  err_xy 0.017  std 0.249  lr 3.4e-05  fps   8123  1275.4s
it 2386/4000  reward     nan  ep_len    nan  fell    0  err_xy 0.017  std 0.249  lr 1.1e-04  fps   8298  1276.9s
it 2387/4000  reward     nan  ep_len    nan  fell    0  err_xy 0.018  std 0.249  lr 1.1e-04  fps   8218  1278.4s
it 2388/4000  reward   18.94  ep_len  300.0  fell    0  err_xy 0.095  std 0.249  lr 1.0e-05  fps   6203  1280.3s
it 2389/4000  reward     nan  ep_len    nan  fell    0  err_xy 0.085  std 0.249  lr 1.0e-05  fps   8627  1281.8s
it 2390/4000  reward     nan  ep_len    nan  fell    0  err_xy 0.042  std 0.249  lr 5.1e-05  fps   8460  1283.2s
it 2391/4000  reward     nan  ep_len    nan  fell    0  err_xy 0.032  std 0.249  lr 5.1e-05  fps   8120  1284.7s
it 2392/4000  reward     nan  ep_len    nan  fell    0  err_xy 0.028  std 0.249  lr 3.4e-05  fps   7958  1286.3s
it 2393/4000  reward     nan  ep_len    nan  fell    0  err_xy 0.021  std 0.249  lr 3.4e-05  fps   8167  1287.8s
it 2394/4000  reward     nan  ep_len    nan  fell    0  err_xy 0.018  std 0.249  lr 7.6e-05  fps   7990  1289.3s
it 2395/4000  reward     nan  ep_len    nan  fell    0  err_xy 0.018  std 0.249  lr 5.1e-05  fps   8280  1290.8s
it 2396/4000  reward     nan  ep_len    nan  fell    0  err_xy 0.019  std 0.249  lr 7.6e-05  fps   8106  1292.3s
it 2397/4000  reward     nan  ep_len    nan  fell    0  err_xy 0.020  std 0.249  lr 7.6e-05  fps   8091  1293.8s
it 2398/4000  reward     nan  ep_len    nan  fell    0  err_xy 0.019  std 0.249  lr 7.6e-05  fps   8189  1295.3s
it 2399/4000  reward     nan  ep_len    nan  fell    0  err_xy 0.018  std 0.249  lr 5.1e-05  fps   8110  1296.9s
it 2400/4000  reward   20.71  ep_len  300.0  fell    0  err_xy 0.018  std 0.249  lr 7.6e-05  fps   6023  1298.9s
eval iteration 2400:
  prone          success   0.0%  time 7.00s  peak_τ 0.75 Nm  return 13.76
  supine         success   0.0%  time 7.00s  peak_τ 0.46 Nm  return 2.96
  score 0.000
it 2401/4000  reward     nan  ep_len    nan  fell    0  err_xy 0.136  std 0.249  lr 1.0e-05  fps   8760  1301.9s
it 2402/4000  reward     nan  ep_len    nan  fell    0  err_xy 0.061  std 0.249  lr 1.0e-05  fps   8593  1303.3s
it 2403/4000  reward     nan  ep_len    nan  fell    0  err_xy 0.034  std 0.249  lr 5.1e-05  fps   8429  1304.8s
it 2404/4000  reward     nan  ep_len    nan  fell    0  err_xy 0.027  std 0.249  lr 7.6e-05  fps   8276  1306.2s
it 2405/4000  reward     nan  ep_len    nan  fell    0  err_xy 0.024  std 0.249  lr 1.1e-04  fps   8054  1307.8s
it 2406/4000  reward     nan  ep_len    nan  fell    0  err_xy 0.018  std 0.249  lr 7.6e-05  fps   7890  1309.3s
it 2407/4000  reward     nan  ep_len    nan  fell    0  err_xy 0.015  std 0.249  lr 2.3e-05  fps   7921  1310.9s
it 2408/4000  reward     nan  ep_len    nan  fell    0  err_xy 0.015  std 0.249  lr 5.1e-05  fps   7910  1312.4s
it 2409/4000  reward     nan  ep_len    nan  fell    0  err_xy 0.015  std 0.249  lr 5.1e-05  fps   7979  1314.0s
it 2410/4000  reward     nan  ep_len    nan  fell    0  err_xy 0.015  std 0.249  lr 1.1e-04  fps   7881  1315.5s
it 2411/4000  reward     nan  ep_len    nan  fell    0  err_xy 0.016  std 0.249  lr 1.1e-04  fps   7951  1317.1s
it 2412/4000  reward     nan  ep_len    nan  fell    0  err_xy 0.016  std 0.249  lr 7.6e-05  fps   7698  1318.7s
it 2413/4000  reward   19.59  ep_len  300.0  fell    0  err_xy 0.089  std 0.249  lr 1.0e-05  fps   6140  1320.7s
it 2414/4000  reward     nan  ep_len    nan  fell    0  err_xy 0.083  std 0.249  lr 1.0e-05  fps   8342  1322.2s
it 2415/4000  reward     nan  ep_len    nan  fell    0  err_xy 0.043  std 0.249  lr 5.1e-05  fps   8054  1323.7s
it 2416/4000  reward     nan  ep_len    nan  fell    0  err_xy 0.032  std 0.249  lr 2.3e-05  fps   7805  1325.3s
it 2417/4000  reward     nan  ep_len    nan  fell    0  err_xy 0.023  std 0.249  lr 7.6e-05  fps   7740  1326.9s
it 2418/4000  reward     nan  ep_len    nan  fell    0  err_xy 0.017  std 0.249  lr 7.6e-05  fps   7957  1328.4s
it 2419/4000  reward     nan  ep_len    nan  fell    0  err_xy 0.016  std 0.249  lr 7.6e-05  fps   7998  1329.9s
it 2420/4000  reward     nan  ep_len    nan  fell    0  err_xy 0.016  std 0.249  lr 7.6e-05  fps   7994  1331.5s
it 2421/4000  reward     nan  ep_len    nan  fell    0  err_xy 0.016  std 0.249  lr 2.3e-05  fps   8402  1332.9s
it 2422/4000  reward     nan  ep_len    nan  fell    0  err_xy 0.016  std 0.249  lr 7.6e-05  fps   8130  1334.4s
it 2423/4000  reward     nan  ep_len    nan  fell    0  err_xy 0.016  std 0.248  lr 1.1e-04  fps   8166  1336.0s
it 2424/4000  reward     nan  ep_len    nan  fell    0  err_xy 0.017  std 0.248  lr 1.7e-04  fps   8051  1337.5s
it 2425/4000  reward   21.77  ep_len  300.0  fell    0  err_xy 0.017  std 0.248  lr 1.1e-04  fps   5824  1339.6s
it 2426/4000  reward     nan  ep_len    nan  fell    0  err_xy 0.142  std 0.248  lr 1.0e-05  fps   8574  1341.0s
it 2427/4000  reward     nan  ep_len    nan  fell    0  err_xy 0.063  std 0.248  lr 7.6e-05  fps   8629  1342.5s
it 2428/4000  reward     nan  ep_len    nan  fell    0  err_xy 0.034  std 0.248  lr 5.1e-05  fps   8331  1343.9s
it 2429/4000  reward     nan  ep_len    nan  fell    0  err_xy 0.026  std 0.248  lr 5.1e-05  fps   7647  1345.5s
it 2430/4000  reward     nan  ep_len    nan  fell    0  err_xy 0.019  std 0.248  lr 5.1e-05  fps   7888  1347.1s
it 2431/4000  reward     nan  ep_len    nan  fell    0  err_xy 0.017  std 0.248  lr 1.0e-05  fps   7953  1348.6s
it 2432/4000  reward     nan  ep_len    nan  fell    0  err_xy 0.017  std 0.248  lr 5.1e-05  fps   7743  1350.2s
it 2433/4000  reward     nan  ep_len    nan  fell    0  err_xy 0.017  std 0.248  lr 2.3e-05  fps   7813  1351.8s
it 2434/4000  reward     nan  ep_len    nan  fell    0  err_xy 0.018  std 0.248  lr 7.6e-05  fps   7087  1353.5s
it 2435/4000  reward     nan  ep_len    nan  fell    0  err_xy 0.018  std 0.248  lr 7.6e-05  fps   7159  1355.3s
it 2436/4000  reward     nan  ep_len    nan  fell    0  err_xy 0.018  std 0.248  lr 1.1e-04  fps   7297  1356.9s
it 2437/4000  reward     nan  ep_len    nan  fell    0  err_xy 0.019  std 0.248  lr 7.6e-05  fps   7601  1358.6s
it 2438/4000  reward   21.68  ep_len  300.0  fell    0  err_xy 0.091  std 0.248  lr 1.0e-05  fps   5925  1360.6s
it 2439/4000  reward     nan  ep_len    nan  fell    0  err_xy 0.092  std 0.248  lr 1.0e-05  fps   7963  1362.2s
it 2440/4000  reward     nan  ep_len    nan  fell    0  err_xy 0.046  std 0.248  lr 5.1e-05  fps   7627  1363.8s
it 2441/4000  reward     nan  ep_len    nan  fell    0  err_xy 0.030  std 0.248  lr 5.1e-05  fps   7505  1365.4s
it 2442/4000  reward     nan  ep_len    nan  fell    0  err_xy 0.022  std 0.248  lr 1.1e-04  fps   6797  1367.2s
it 2443/4000  reward     nan  ep_len    nan  fell    0  err_xy 0.018  std 0.248  lr 7.6e-05  fps   7050  1369.0s
it 2444/4000  reward     nan  ep_len    nan  fell    0  err_xy 0.016  std 0.248  lr 5.1e-05  fps   7665  1370.6s
it 2445/4000  reward     nan  ep_len    nan  fell    0  err_xy 0.016  std 0.248  lr 7.6e-05  fps   7661  1372.2s
it 2446/4000  reward     nan  ep_len    nan  fell    0  err_xy 0.017  std 0.248  lr 3.4e-05  fps   8085  1373.7s
it 2447/4000  reward     nan  ep_len    nan  fell    0  err_xy 0.017  std 0.248  lr 5.1e-05  fps   7311  1375.4s
it 2448/4000  reward     nan  ep_len    nan  fell    0  err_xy 0.018  std 0.248  lr 5.1e-05  fps   8058  1376.9s
it 2449/4000  reward     nan  ep_len    nan  fell    0  err_xy 0.018  std 0.248  lr 3.4e-05  fps   7675  1378.5s
it 2450/4000  reward   21.16  ep_len  300.0  fell    0  err_xy 0.019  std 0.248  lr 5.1e-05  fps   5473  1380.8s
it 2451/4000  reward     nan  ep_len    nan  fell    0  err_xy 0.139  std 0.248  lr 1.0e-05  fps   7301  1382.5s
it 2452/4000  reward     nan  ep_len    nan  fell    0  err_xy 0.061  std 0.248  lr 7.6e-05  fps   8366  1383.9s
it 2453/4000  reward     nan  ep_len    nan  fell    0  err_xy 0.035  std 0.248  lr 2.3e-05  fps   8033  1385.5s
it 2454/4000  reward     nan  ep_len    nan  fell    0  err_xy 0.025  std 0.248  lr 7.6e-05  fps   8235  1386.9s
it 2455/4000  reward     nan  ep_len    nan  fell    0  err_xy 0.018  std 0.248  lr 5.1e-05  fps   8191  1388.5s
it 2456/4000  reward     nan  ep_len    nan  fell    0  err_xy 0.016  std 0.248  lr 1.1e-04  fps   8055  1390.0s
Process SpawnProcess-8:
Process SpawnProcess-6:
Traceback (most recent call last):
  File "/Users/robertonavoni/.local/share/uv/python/cpython-3.12.11-macos-aarch64-none/lib/python3.12/multiprocessing/process.py", line 314, in _bootstrap
    self.run()
  File "/Users/robertonavoni/.local/share/uv/python/cpython-3.12.11-macos-aarch64-none/lib/python3.12/multiprocessing/process.py", line 108, in run
    self._target(*self._args, **self._kwargs)
  File "/Users/robertonavoni/Desktop/Lavoro/Progetti-2026/Progetti Software/microduck-ap-ppo-sitl/tools/robots/train_velocity.py", line 315, in _worker
    conn.send(_step_envs(envs, data))
  File "/Users/robertonavoni/.local/share/uv/python/cpython-3.12.11-macos-aarch64-none/lib/python3.12/multiprocessing/connection.py", line 206, in send
    self._send_bytes(_ForkingPickler.dumps(obj))
  File "/Users/robertonavoni/.local/share/uv/python/cpython-3.12.11-macos-aarch64-none/lib/python3.12/multiprocessing/connection.py", line 420, in _send_bytes
    self._send(header)
  File "/Users/robertonavoni/.local/share/uv/python/cpython-3.12.11-macos-aarch64-none/lib/python3.12/multiprocessing/connection.py", line 384, in _send
    n = write(self._handle, buf)
        ^^^^^^^^^^^^^^^^^^^^^^^^
BrokenPipeError: [Errno 32] Broken pipe
Traceback (most recent call last):
Process SpawnProcess-2:
  File "/Users/robertonavoni/.local/share/uv/python/cpython-3.12.11-macos-aarch64-none/lib/python3.12/multiprocessing/process.py", line 314, in _bootstrap
    self.run()
  File "/Users/robertonavoni/.local/share/uv/python/cpython-3.12.11-macos-aarch64-none/lib/python3.12/multiprocessing/process.py", line 108, in run
    self._target(*self._args, **self._kwargs)
  File "/Users/robertonavoni/Desktop/Lavoro/Progetti-2026/Progetti Software/microduck-ap-ppo-sitl/tools/robots/train_velocity.py", line 315, in _worker
    conn.send(_step_envs(envs, data))
  File "/Users/robertonavoni/.local/share/uv/python/cpython-3.12.11-macos-aarch64-none/lib/python3.12/multiprocessing/connection.py", line 206, in send
    self._send_bytes(_ForkingPickler.dumps(obj))
  File "/Users/robertonavoni/.local/share/uv/python/cpython-3.12.11-macos-aarch64-none/lib/python3.12/multiprocessing/connection.py", line 420, in _send_bytes
    self._send(header)
  File "/Users/robertonavoni/.local/share/uv/python/cpython-3.12.11-macos-aarch64-none/lib/python3.12/multiprocessing/connection.py", line 384, in _send
    n = write(self._handle, buf)
        ^^^^^^^^^^^^^^^^^^^^^^^^
Process SpawnProcess-1:
BrokenPipeError: [Errno 32] Broken pipe
Traceback (most recent call last):
Traceback (most recent call last):
  File "/Users/robertonavoni/.local/share/uv/python/cpython-3.12.11-macos-aarch64-none/lib/python3.12/multiprocessing/process.py", line 314, in _bootstrap
    self.run()
  File "/Users/robertonavoni/.local/share/uv/python/cpython-3.12.11-macos-aarch64-none/lib/python3.12/multiprocessing/process.py", line 108, in run
    self._target(*self._args, **self._kwargs)
  File "/Users/robertonavoni/Desktop/Lavoro/Progetti-2026/Progetti Software/microduck-ap-ppo-sitl/tools/robots/train_velocity.py", line 315, in _worker
    conn.send(_step_envs(envs, data))
  File "/Users/robertonavoni/.local/share/uv/python/cpython-3.12.11-macos-aarch64-none/lib/python3.12/multiprocessing/connection.py", line 206, in send
    self._send_bytes(_ForkingPickler.dumps(obj))
  File "/Users/robertonavoni/.local/share/uv/python/cpython-3.12.11-macos-aarch64-none/lib/python3.12/multiprocessing/connection.py", line 420, in _send_bytes
    self._send(header)
  File "/Users/robertonavoni/.local/share/uv/python/cpython-3.12.11-macos-aarch64-none/lib/python3.12/multiprocessing/connection.py", line 384, in _send
    n = write(self._handle, buf)
        ^^^^^^^^^^^^^^^^^^^^^^^^
BrokenPipeError: [Errno 32] Broken pipe
Process SpawnProcess-7:
  File "/Users/robertonavoni/.local/share/uv/python/cpython-3.12.11-macos-aarch64-none/lib/python3.12/multiprocessing/process.py", line 314, in _bootstrap
    self.run()
  File "/Users/robertonavoni/.local/share/uv/python/cpython-3.12.11-macos-aarch64-none/lib/python3.12/multiprocessing/process.py", line 108, in run
    self._target(*self._args, **self._kwargs)
  File "/Users/robertonavoni/Desktop/Lavoro/Progetti-2026/Progetti Software/microduck-ap-ppo-sitl/tools/robots/train_velocity.py", line 315, in _worker
    conn.send(_step_envs(envs, data))
  File "/Users/robertonavoni/.local/share/uv/python/cpython-3.12.11-macos-aarch64-none/lib/python3.12/multiprocessing/connection.py", line 206, in send
    self._send_bytes(_ForkingPickler.dumps(obj))
  File "/Users/robertonavoni/.local/share/uv/python/cpython-3.12.11-macos-aarch64-none/lib/python3.12/multiprocessing/connection.py", line 420, in _send_bytes
    self._send(header)
  File "/Users/robertonavoni/.local/share/uv/python/cpython-3.12.11-macos-aarch64-none/lib/python3.12/multiprocessing/connection.py", line 384, in _send
    n = write(self._handle, buf)
        ^^^^^^^^^^^^^^^^^^^^^^^^
BrokenPipeError: [Errno 32] Broken pipe
Process SpawnProcess-4:
Process SpawnProcess-3:
Traceback (most recent call last):
Process SpawnProcess-5:
  File "/Users/robertonavoni/.local/share/uv/python/cpython-3.12.11-macos-aarch64-none/lib/python3.12/multiprocessing/process.py", line 314, in _bootstrap
    self.run()
  File "/Users/robertonavoni/.local/share/uv/python/cpython-3.12.11-macos-aarch64-none/lib/python3.12/multiprocessing/process.py", line 108, in run
    self._target(*self._args, **self._kwargs)
  File "/Users/robertonavoni/Desktop/Lavoro/Progetti-2026/Progetti Software/microduck-ap-ppo-sitl/tools/robots/train_velocity.py", line 315, in _worker
    conn.send(_step_envs(envs, data))
  File "/Users/robertonavoni/.local/share/uv/python/cpython-3.12.11-macos-aarch64-none/lib/python3.12/multiprocessing/connection.py", line 206, in send
    self._send_bytes(_ForkingPickler.dumps(obj))
  File "/Users/robertonavoni/.local/share/uv/python/cpython-3.12.11-macos-aarch64-none/lib/python3.12/multiprocessing/connection.py", line 420, in _send_bytes
    self._send(header)
  File "/Users/robertonavoni/.local/share/uv/python/cpython-3.12.11-macos-aarch64-none/lib/python3.12/multiprocessing/connection.py", line 384, in _send
    n = write(self._handle, buf)
        ^^^^^^^^^^^^^^^^^^^^^^^^
BrokenPipeError: [Errno 32] Broken pipe
Traceback (most recent call last):
Traceback (most recent call last):
  File "/Users/robertonavoni/.local/share/uv/python/cpython-3.12.11-macos-aarch64-none/lib/python3.12/multiprocessing/process.py", line 314, in _bootstrap
    self.run()
  File "/Users/robertonavoni/.local/share/uv/python/cpython-3.12.11-macos-aarch64-none/lib/python3.12/multiprocessing/process.py", line 108, in run
    self._target(*self._args, **self._kwargs)
  File "/Users/robertonavoni/Desktop/Lavoro/Progetti-2026/Progetti Software/microduck-ap-ppo-sitl/tools/robots/train_velocity.py", line 315, in _worker
    conn.send(_step_envs(envs, data))
  File "/Users/robertonavoni/.local/share/uv/python/cpython-3.12.11-macos-aarch64-none/lib/python3.12/multiprocessing/connection.py", line 206, in send
    self._send_bytes(_ForkingPickler.dumps(obj))
  File "/Users/robertonavoni/.local/share/uv/python/cpython-3.12.11-macos-aarch64-none/lib/python3.12/multiprocessing/connection.py", line 420, in _send_bytes
    self._send(header)
  File "/Users/robertonavoni/.local/share/uv/python/cpython-3.12.11-macos-aarch64-none/lib/python3.12/multiprocessing/connection.py", line 384, in _send
    n = write(self._handle, buf)
        ^^^^^^^^^^^^^^^^^^^^^^^^
BrokenPipeError: [Errno 32] Broken pipe
  File "/Users/robertonavoni/.local/share/uv/python/cpython-3.12.11-macos-aarch64-none/lib/python3.12/multiprocessing/process.py", line 314, in _bootstrap
    self.run()
  File "/Users/robertonavoni/.local/share/uv/python/cpython-3.12.11-macos-aarch64-none/lib/python3.12/multiprocessing/process.py", line 108, in run
    self._target(*self._args, **self._kwargs)
  File "/Users/robertonavoni/Desktop/Lavoro/Progetti-2026/Progetti Software/microduck-ap-ppo-sitl/tools/robots/train_velocity.py", line 315, in _worker
    conn.send(_step_envs(envs, data))
  File "/Users/robertonavoni/.local/share/uv/python/cpython-3.12.11-macos-aarch64-none/lib/python3.12/multiprocessing/connection.py", line 206, in send
    self._send_bytes(_ForkingPickler.dumps(obj))
  File "/Users/robertonavoni/.local/share/uv/python/cpython-3.12.11-macos-aarch64-none/lib/python3.12/multiprocessing/connection.py", line 420, in _send_bytes
    self._send(header)
  File "/Users/robertonavoni/.local/share/uv/python/cpython-3.12.11-macos-aarch64-none/lib/python3.12/multiprocessing/connection.py", line 384, in _send
    n = write(self._handle, buf)
        ^^^^^^^^^^^^^^^^^^^^^^^^
BrokenPipeError: [Errno 32] Broken pipe
Traceback (most recent call last):
  File "/Users/robertonavoni/.local/share/uv/python/cpython-3.12.11-macos-aarch64-none/lib/python3.12/multiprocessing/process.py", line 314, in _bootstrap
    self.run()
  File "/Users/robertonavoni/.local/share/uv/python/cpython-3.12.11-macos-aarch64-none/lib/python3.12/multiprocessing/process.py", line 108, in run
    self._target(*self._args, **self._kwargs)
  File "/Users/robertonavoni/Desktop/Lavoro/Progetti-2026/Progetti Software/microduck-ap-ppo-sitl/tools/robots/train_velocity.py", line 315, in _worker
    conn.send(_step_envs(envs, data))
  File "/Users/robertonavoni/.local/share/uv/python/cpython-3.12.11-macos-aarch64-none/lib/python3.12/multiprocessing/connection.py", line 206, in send
    self._send_bytes(_ForkingPickler.dumps(obj))
  File "/Users/robertonavoni/.local/share/uv/python/cpython-3.12.11-macos-aarch64-none/lib/python3.12/multiprocessing/connection.py", line 420, in _send_bytes
    self._send(header)
  File "/Users/robertonavoni/.local/share/uv/python/cpython-3.12.11-macos-aarch64-none/lib/python3.12/multiprocessing/connection.py", line 384, in _send
    n = write(self._handle, buf)
        ^^^^^^^^^^^^^^^^^^^^^^^^
BrokenPipeError: [Errno 32] Broken pipe
