iteration,Train/mean_reward,Train/mean_episode_length,Train/mean_step_reward,Episode_Termination/time_out,Episode_Termination/fell_over,Metrics/twist/error_vel_xy,Metrics/twist/error_vel_yaw,Loss/value,Loss/surrogate,Loss/entropy,Loss/learning_rate,Loss/kl,Policy/mean_std,Perf/total_fps,Perf/collection_time,Perf/learning_time,Curriculum/action_rate_weight,Curriculum/standing_envs,Curriculum/penalty_scale,time_s,env_steps,Episode_Reward/track_linear_velocity,Episode_Reward/track_angular_velocity,Episode_Reward/upright,Episode_Reward/pose,Episode_Reward/action_rate_l2,Episode_Reward/alive,Episode_Reward/air_time,Episode_Reward/single_stance,Episode_Reward/foot_lift,Episode_Reward/foot_alternation,Episode_Reward/foot_symmetry,Episode_Reward/foot_clearance,Episode_Reward/foot_swing_height,Episode_Reward/foot_slip,Episode_Reward/trot,Episode_Reward/joint_torque,Episode_Reward/self_collisions,Episode_Reward/dof_pos_limits,Episode_Reward/body_ang_vel,Episode_Reward/angular_momentum
1,nan,nan,0.285136,0,0,0.0442636,0.089529,0.0696224,0.11164,-8.51382,0.0002,0,0.173319,6982.38,1.43434,0.325522,-0.1,0.02,1,1.76012,12288,nan,nan,nan,nan,nan,nan,nan,nan,nan,nan,nan,nan,nan,nan,nan,nan,nan,nan,nan,nan
2,nan,nan,0.284239,0,0,0.00844023,0.0365542,0.180902,0.0276475,-8.51281,0.0002,0,0.17333,5859.74,1.6473,0.449724,-0.1,0.02,1,3.85811,24576,nan,nan,nan,nan,nan,nan,nan,nan,nan,nan,nan,nan,nan,nan,nan,nan,nan,nan,nan,nan
3,nan,nan,0.28407,0,0,0.00689275,0.0338864,0.164718,0.0367959,-8.51278,0.0002,0,0.17333,5144.58,1.9073,0.481237,-0.1,0.02,1,6.2475,36864,nan,nan,nan,nan,nan,nan,nan,nan,nan,nan,nan,nan,nan,nan,nan,nan,nan,nan,nan,nan
4,nan,nan,0.283716,0,0,0.00666139,0.0332803,0.142388,0.0270952,-8.51262,0.0002,0,0.173331,5445.93,1.81786,0.438507,-0.1,0.02,1,8.50482,49152,nan,nan,nan,nan,nan,nan,nan,nan,nan,nan,nan,nan,nan,nan,nan,nan,nan,nan,nan,nan
5,nan,nan,0.284802,0,0,0.00661985,0.0322663,0.118492,0.0172369,-8.51276,0.0002,0,0.173328,5615.71,1.79527,0.392875,-0.1,0.02,1,10.6941,61440,nan,nan,nan,nan,nan,nan,nan,nan,nan,nan,nan,nan,nan,nan,nan,nan,nan,nan,nan,nan
6,nan,nan,0.284028,0,0,0.00664846,0.0316773,0.100841,0.0249618,-8.5127,0.0002,0,0.173329,5735.06,1.67112,0.471492,-0.1,0.02,1,12.8379,73728,nan,nan,nan,nan,nan,nan,nan,nan,nan,nan,nan,nan,nan,nan,nan,nan,nan,nan,nan,nan
7,nan,nan,0.284418,0,0,0.00657746,0.0314988,0.0852382,0.0248816,-8.51293,0.0002,0,0.17333,5545.81,1.813,0.402731,-0.1,0.02,1,15.0547,86016,nan,nan,nan,nan,nan,nan,nan,nan,nan,nan,nan,nan,nan,nan,nan,nan,nan,nan,nan,nan
8,nan,nan,0.284849,0,0,0.0065792,0.0317961,0.0759716,0.0190202,-8.51269,0.0002,0,0.173326,5895.18,1.70456,0.379852,-0.1,0.02,1,17.1399,98304,nan,nan,nan,nan,nan,nan,nan,nan,nan,nan,nan,nan,nan,nan,nan,nan,nan,nan,nan,nan
9,nan,nan,0.284257,0,0,0.00655721,0.0317742,0.0613355,0.0100127,-8.51367,0.0002,0,0.173308,5755.36,1.74622,0.38883,-0.1,0.02,1,19.2758,110592,nan,nan,nan,nan,nan,nan,nan,nan,nan,nan,nan,nan,nan,nan,nan,nan,nan,nan,nan,nan
10,nan,nan,0.284565,0,0,0.00649232,0.0318402,0.0568345,0.00199431,-8.51664,0.0002,0,0.173269,5869.05,1.71661,0.377086,-0.1,0.02,1,21.3704,122880,nan,nan,nan,nan,nan,nan,nan,nan,nan,nan,nan,nan,nan,nan,nan,nan,nan,nan,nan,nan
11,nan,nan,0.283591,0,0,0.00666154,0.0318273,0.0507761,0.00449907,-8.51863,0.0002,0,0.173279,5655.42,1.65307,0.51971,-0.1,0.02,1,23.5439,135168,nan,nan,nan,nan,nan,nan,nan,nan,nan,nan,nan,nan,nan,nan,nan,nan,nan,nan,nan,nan
12,nan,nan,0.28408,0,0,0.00671941,0.0312753,0.0417794,0.00655704,-8.51679,0.0002,0,0.173301,5828.63,1.72878,0.379433,-0.1,0.02,1,25.6533,147456,nan,nan,nan,nan,nan,nan,nan,nan,nan,nan,nan,nan,nan,nan,nan,nan,nan,nan,nan,nan
13,nan,nan,0.283964,0,0,0.00679027,0.0318171,0.0398892,0.00532762,-8.51611,0.0002,0,0.173298,6070.62,1.5618,0.46238,-0.1,0.02,1,27.6782,159744,nan,nan,nan,nan,nan,nan,nan,nan,nan,nan,nan,nan,nan,nan,nan,nan,nan,nan,nan,nan
14,nan,nan,0.283173,0,0,0.0067029,0.0314211,0.0328325,0.0109517,-8.51644,0.0002,0,0.17332,5451.29,1.81998,0.43417,-0.1,0.02,1,29.9331,172032,nan,nan,nan,nan,nan,nan,nan,nan,nan,nan,nan,nan,nan,nan,nan,nan,nan,nan,nan,nan
15,nan,nan,0.283928,0,0,0.00669494,0.0310473,0.031515,0.00223209,-8.51449,0.0002,0,0.173311,6172.07,1.57458,0.416322,-0.1,0.02,1,31.9247,184320,nan,nan,nan,nan,nan,nan,nan,nan,nan,nan,nan,nan,nan,nan,nan,nan,nan,nan,nan,nan
16,nan,nan,0.283157,0,0,0.00673903,0.0316204,0.0277567,0.0102239,-8.51442,0.0002,0,0.173324,5898.1,1.69552,0.387866,-0.1,0.02,1,34.0088,196608,nan,nan,nan,nan,nan,nan,nan,nan,nan,nan,nan,nan,nan,nan,nan,nan,nan,nan,nan,nan
17,nan,nan,0.283703,0,0,0.0067709,0.0310672,0.0277926,0.00956493,-8.51378,0.0002,0,0.173322,5658.97,1.76025,0.411171,-0.1,0.02,1,36.1813,208896,nan,nan,nan,nan,nan,nan,nan,nan,nan,nan,nan,nan,nan,nan,nan,nan,nan,nan,nan,nan
18,nan,nan,0.283797,0,0,0.00672845,0.0317799,0.0282898,0.00799685,-8.51333,0.0002,0,0.173326,6006.23,1.72424,0.321633,-0.1,0.02,1,38.2282,221184,nan,nan,nan,nan,nan,nan,nan,nan,nan,nan,nan,nan,nan,nan,nan,nan,nan,nan,nan,nan
19,nan,nan,0.282884,0,0,0.0069115,0.03182,0.0249713,-0.00199505,-8.51329,0.0002,0,0.17329,7279.29,1.42564,0.262442,-0.1,0.02,1,39.917,233472,nan,nan,nan,nan,nan,nan,nan,nan,nan,nan,nan,nan,nan,nan,nan,nan,nan,nan,nan,nan
20,nan,nan,0.283275,0,0,0.00687651,0.0315267,0.02854,0.00271054,-8.51749,0.0002,0,0.173222,7658.28,1.34471,0.259824,-0.1,0.02,1,41.5223,245760,nan,nan,nan,nan,nan,nan,nan,nan,nan,nan,nan,nan,nan,nan,nan,nan,nan,nan,nan,nan
21,nan,nan,0.282346,0,0,0.00670294,0.031072,0.023395,0.000275712,-8.5203,0.0002,0,0.173201,7585.74,1.36125,0.258627,-0.1,0.02,1,43.1429,258048,nan,nan,nan,nan,nan,nan,nan,nan,nan,nan,nan,nan,nan,nan,nan,nan,nan,nan,nan,nan
22,nan,nan,0.283038,0,0,0.00660741,0.0320899,0.0203168,-0.000484673,-8.52261,0.0002,0,0.173215,6818.5,1.48145,0.320703,-0.1,0.02,1,44.9457,270336,nan,nan,nan,nan,nan,nan,nan,nan,nan,nan,nan,nan,nan,nan,nan,nan,nan,nan,nan,nan
23,nan,nan,0.283344,0,0,0.006734,0.031467,0.0220864,0.00639043,-8.51836,0.0002,0,0.173293,5254.97,1.62304,0.715317,-0.1,0.02,1,47.2853,282624,nan,nan,nan,nan,nan,nan,nan,nan,nan,nan,nan,nan,nan,nan,nan,nan,nan,nan,nan,nan
24,nan,nan,0.282845,0,0,0.00682948,0.031372,0.0201821,-0.00165315,-8.51847,0.0002,0,0.173245,6339.48,1.59124,0.34709,-0.1,0.02,1,49.2244,294912,nan,nan,nan,nan,nan,nan,nan,nan,nan,nan,nan,nan,nan,nan,nan,nan,nan,nan,nan,nan
25,nan,nan,0.28405,0,0,0.0067006,0.0316756,0.0249119,0.00355187,-8.51878,0.0002,0,0.173308,6261.03,1.6704,0.292211,-0.1,0.02,1,51.1878,307200,nan,nan,nan,nan,nan,nan,nan,nan,nan,nan,nan,nan,nan,nan,nan,nan,nan,nan,nan,nan
26,nan,nan,0.28328,0,0,0.00668819,0.0313235,0.0197511,0.000420178,-8.51412,0.0002,0,0.173318,5899.97,1.6564,0.426317,-0.1,0.02,1,53.2715,319488,nan,nan,nan,nan,nan,nan,nan,nan,nan,nan,nan,nan,nan,nan,nan,nan,nan,nan,nan,nan
27,nan,nan,0.283943,0,0,0.00672223,0.0316556,0.0214659,0.000322605,-8.51498,0.0002,0,0.173322,5037.9,1.97348,0.465626,-0.1,0.02,1,55.7118,331776,nan,nan,nan,nan,nan,nan,nan,nan,nan,nan,nan,nan,nan,nan,nan,nan,nan,nan,nan,nan
28,nan,nan,0.283738,0,0,0.00665665,0.0309824,0.0242852,-0.00145872,-8.51487,0.0002,0,0.173278,5554.42,1.85171,0.360581,-0.1,0.02,1,57.9252,344064,nan,nan,nan,nan,nan,nan,nan,nan,nan,nan,nan,nan,nan,nan,nan,nan,nan,nan,nan,nan
29,nan,nan,0.28302,0,0,0.00665372,0.0310598,0.0201638,-0.00107585,-8.51754,0.0002,0,0.173264,6928.78,1.46127,0.312205,-0.1,0.02,1,59.7001,356352,nan,nan,nan,nan,nan,nan,nan,nan,nan,nan,nan,nan,nan,nan,nan,nan,nan,nan,nan,nan
30,nan,nan,0.283613,0,0,0.00667777,0.0311177,0.023907,0.00158912,-8.51873,0.0002,0,0.173269,6419.99,1.55258,0.361441,-0.1,0.02,1,61.615,368640,nan,nan,nan,nan,nan,nan,nan,nan,nan,nan,nan,nan,nan,nan,nan,nan,nan,nan,nan,nan
31,nan,nan,0.282775,0,0,0.00668035,0.0311,0.0223127,0.00366978,-8.51915,0.0002,0,0.173263,7069.77,1.42128,0.316824,-0.1,0.02,1,63.3539,380928,nan,nan,nan,nan,nan,nan,nan,nan,nan,nan,nan,nan,nan,nan,nan,nan,nan,nan,nan,nan
32,nan,nan,0.283291,0,0,0.00678664,0.0315324,0.02325,-0.00254391,-8.51888,0.0002,0,0.173221,6447.88,1.62143,0.284306,-0.1,0.02,1,65.2612,393216,nan,nan,nan,nan,nan,nan,nan,nan,nan,nan,nan,nan,nan,nan,nan,nan,nan,nan,nan,nan
33,nan,nan,0.283422,0,0,0.00671954,0.0309109,0.0271094,-0.000417171,-8.52102,0.0002,0,0.173236,6019.36,1.76807,0.273338,-0.1,0.02,1,67.3042,405504,nan,nan,nan,nan,nan,nan,nan,nan,nan,nan,nan,nan,nan,nan,nan,nan,nan,nan,nan,nan
34,nan,nan,0.282681,0,0,0.00673348,0.0311029,0.0234014,-0.00169203,-8.52095,0.0002,0,0.173208,7113.13,1.4554,0.272113,-0.1,0.02,1,69.0325,417792,nan,nan,nan,nan,nan,nan,nan,nan,nan,nan,nan,nan,nan,nan,nan,nan,nan,nan,nan,nan
35,nan,nan,0.283071,0,0,0.00671086,0.0316764,0.0286476,-0.0023077,-8.52061,0.0002,0,0.173272,7079.01,1.47035,0.265488,-0.1,0.02,1,70.769,430080,nan,nan,nan,nan,nan,nan,nan,nan,nan,nan,nan,nan,nan,nan,nan,nan,nan,nan,nan,nan
36,nan,nan,0.282259,0,0,0.00672951,0.0316218,0.0230948,-0.00452892,-8.51567,0.0002,0,0.173309,6781.46,1.54176,0.270236,-0.1,0.02,1,72.5817,442368,nan,nan,nan,nan,nan,nan,nan,nan,nan,nan,nan,nan,nan,nan,nan,nan,nan,nan,nan,nan
37,nan,nan,0.282843,0,0,0.00672887,0.0312409,0.0265569,-0.00181641,-8.51598,0.0002,0,0.173264,6877.88,1.48126,0.305341,-0.1,0.02,1,74.3692,454656,nan,nan,nan,nan,nan,nan,nan,nan,nan,nan,nan,nan,nan,nan,nan,nan,nan,nan,nan,nan
38,nan,nan,0.282875,0,0,0.00670617,0.0318572,0.0315349,8.78149e-06,-8.51819,0.0002,0,0.17324,7071.55,1.47215,0.265516,-0.1,0.02,1,76.1075,466944,nan,nan,nan,nan,nan,nan,nan,nan,nan,nan,nan,nan,nan,nan,nan,nan,nan,nan,nan,nan
39,nan,nan,0.282417,0,0,0.00670908,0.0311001,0.0250189,-0.000920312,-8.51664,0.0002,0,0.173315,7035.19,1.47456,0.272085,-0.1,0.02,1,77.8548,479232,nan,nan,nan,nan,nan,nan,nan,nan,nan,nan,nan,nan,nan,nan,nan,nan,nan,nan,nan,nan
40,nan,nan,0.283315,0,0,0.00671592,0.0312895,0.0301634,-0.00387583,-8.51363,0.0002,0,0.173324,6720.92,1.54977,0.278551,-0.1,0.02,1,79.6841,491520,nan,nan,nan,nan,nan,nan,nan,nan,nan,nan,nan,nan,nan,nan,nan,nan,nan,nan,nan,nan
41,nan,nan,0.28214,0,0,0.0068165,0.0318973,0.026152,-0.00244988,-8.51342,0.0002,0,0.173333,7061.51,1.47564,0.264498,-0.1,0.02,1,81.425,503808,nan,nan,nan,nan,nan,nan,nan,nan,nan,nan,nan,nan,nan,nan,nan,nan,nan,nan,nan,nan
42,283.498,1000,0.283244,21.3333,0,0.0311505,0.0663982,0.0300083,0.0231799,-8.51268,0.0002,0,0.173329,6352.96,1.64988,0.284332,-0.1,0.02,1,83.3599,516096,1.99736,1.99104,1.94518,0.958831,-0.0397049,nan,0,0,0,0,0,0,0,0,nan,nan,0,0,-0.000396392,-2.91022e-09
43,nan,nan,0.283995,0,0,0.0209096,0.0537375,0.0278769,-0.0025854,-8.51333,0.0002,0,0.173325,7343.72,1.41066,0.262602,-0.1,0.02,1,85.0342,528384,nan,nan,nan,nan,nan,nan,nan,nan,nan,nan,nan,nan,nan,nan,nan,nan,nan,nan,nan,nan
44,nan,nan,0.283235,0,0,0.00766927,0.0339243,0.0234139,-0.0050876,-8.51348,0.0002,0,0.173324,6785.38,1.55026,0.260691,-0.1,0.02,1,86.8458,540672,nan,nan,nan,nan,nan,nan,nan,nan,nan,nan,nan,nan,nan,nan,nan,nan,nan,nan,nan,nan
45,nan,nan,0.282965,0,0,0.00724434,0.0332024,0.0230578,-0.00438466,-8.51465,0.0002,0,0.173299,7183.97,1.44148,0.269,-0.1,0.02,1,88.5572,552960,nan,nan,nan,nan,nan,nan,nan,nan,nan,nan,nan,nan,nan,nan,nan,nan,nan,nan,nan,nan
46,nan,nan,0.283569,0,0,0.00731625,0.033942,0.028262,-0.00274416,-8.51589,0.0002,0,0.173294,6673.67,1.44825,0.393015,-0.1,0.02,1,90.3992,565248,nan,nan,nan,nan,nan,nan,nan,nan,nan,nan,nan,nan,nan,nan,nan,nan,nan,nan,nan,nan
47,nan,nan,0.283355,0,0,0.00711376,0.0332173,0.0284286,-0.00141004,-8.51727,0.0002,0,0.173286,5209.47,1.94652,0.412263,-0.1,0.02,1,92.7588,577536,nan,nan,nan,nan,nan,nan,nan,nan,nan,nan,nan,nan,nan,nan,nan,nan,nan,nan,nan,nan
48,nan,nan,0.283654,0,0,0.00710267,0.0334444,0.0273469,-0.00256274,-8.51683,0.0002,0,0.173265,5807,1.76784,0.348221,-0.1,0.02,1,94.8759,589824,nan,nan,nan,nan,nan,nan,nan,nan,nan,nan,nan,nan,nan,nan,nan,nan,nan,nan,nan,nan
49,nan,nan,0.284131,0,0,0.0070983,0.0330963,0.0303621,-0.00266014,-8.51827,0.0002,0,0.173232,7311.95,1.41722,0.263316,-0.1,0.02,1,96.5572,602112,nan,nan,nan,nan,nan,nan,nan,nan,nan,nan,nan,nan,nan,nan,nan,nan,nan,nan,nan,nan
50,nan,nan,0.284113,0,0,0.0072084,0.0337982,0.0291838,-0.00342495,-8.5203,0.0002,0,0.173237,6962.52,1.45989,0.30499,-0.1,0.02,1,98.3228,614400,nan,nan,nan,nan,nan,nan,nan,nan,nan,nan,nan,nan,nan,nan,nan,nan,nan,nan,nan,nan
51,nan,nan,0.284841,0,0,0.00718076,0.033311,0.0301445,-0.00334499,-8.51876,0.0002,0,0.17328,7052.17,1.47321,0.269236,-0.1,0.02,1,100.066,626688,nan,nan,nan,nan,nan,nan,nan,nan,nan,nan,nan,nan,nan,nan,nan,nan,nan,nan,nan,nan
52,nan,nan,0.284206,0,0,0.0072492,0.0330014,0.0316852,-0.00308434,-8.51608,0.0002,0,0.173299,7436.6,1.38503,0.26734,-0.1,0.02,1,101.719,638976,nan,nan,nan,nan,nan,nan,nan,nan,nan,nan,nan,nan,nan,nan,nan,nan,nan,nan,nan,nan
53,nan,nan,0.284281,0,0,0.00720073,0.0328099,0.0286049,-0.00460028,-8.51601,0.0002,0,0.173308,7262.71,1.39704,0.294885,-0.1,0.02,1,103.412,651264,nan,nan,nan,nan,nan,nan,nan,nan,nan,nan,nan,nan,nan,nan,nan,nan,nan,nan,nan,nan
54,nan,nan,0.28459,0,0,0.0072817,0.032906,0.0288055,-0.00287637,-8.51522,0.0002,0,0.17332,7320.81,1.41166,0.266843,-0.1,0.02,1,105.091,663552,nan,nan,nan,nan,nan,nan,nan,nan,nan,nan,nan,nan,nan,nan,nan,nan,nan,nan,nan,nan
55,nan,nan,0.284401,0,0,0.00727846,0.0335573,0.0283944,-0.00280417,-8.51617,0.0002,0,0.173309,7100.97,1.45208,0.278392,-0.1,0.02,1,106.822,675840,nan,nan,nan,nan,nan,nan,nan,nan,nan,nan,nan,nan,nan,nan,nan,nan,nan,nan,nan,nan
56,nan,nan,0.285044,0,0,0.00723273,0.0328014,0.0269198,-0.00378266,-8.51807,0.0002,0,0.173311,7348.96,1.40728,0.264793,-0.1,0.02,1,108.495,688128,nan,nan,nan,nan,nan,nan,nan,nan,nan,nan,nan,nan,nan,nan,nan,nan,nan,nan,nan,nan
57,nan,nan,0.28457,0,0,0.00719808,0.0329027,0.032119,-0.00396629,-8.51722,0.0002,0,0.173311,7086.62,1.39572,0.338249,-0.1,0.02,1,110.23,700416,nan,nan,nan,nan,nan,nan,nan,nan,nan,nan,nan,nan,nan,nan,nan,nan,nan,nan,nan,nan
58,nan,nan,0.284567,0,0,0.00725927,0.0323249,0.029517,-0.00381478,-8.51693,0.0002,0,0.173302,6522.1,1.60959,0.274467,-0.1,0.02,1,112.116,712704,nan,nan,nan,nan,nan,nan,nan,nan,nan,nan,nan,nan,nan,nan,nan,nan,nan,nan,nan,nan
59,nan,nan,0.284725,0,0,0.00722228,0.032814,0.0329878,-0.0055996,-8.51764,0.0002,0,0.173282,6402.98,1.5165,0.402609,-0.1,0.02,1,114.035,724992,nan,nan,nan,nan,nan,nan,nan,nan,nan,nan,nan,nan,nan,nan,nan,nan,nan,nan,nan,nan
60,nan,nan,0.284723,0,0,0.00729588,0.0335856,0.0269503,-0.00234761,-8.51854,0.0002,0,0.173265,6757.17,1.5248,0.293716,-0.1,0.02,1,115.855,737280,nan,nan,nan,nan,nan,nan,nan,nan,nan,nan,nan,nan,nan,nan,nan,nan,nan,nan,nan,nan
61,nan,nan,0.285312,0,0,0.00718498,0.033397,0.0239833,-0.00697837,-8.5193,0.0002,0,0.173279,7230.72,1.40535,0.294062,-0.1,0.02,1,117.555,749568,nan,nan,nan,nan,nan,nan,nan,nan,nan,nan,nan,nan,nan,nan,nan,nan,nan,nan,nan,nan
62,nan,nan,0.284857,0,0,0.00729464,0.0344356,0.0278527,-0.00139148,-8.51649,0.0002,0,0.17331,6940.48,1.46978,0.300707,-0.1,0.02,1,119.326,761856,nan,nan,nan,nan,nan,nan,nan,nan,nan,nan,nan,nan,nan,nan,nan,nan,nan,nan,nan,nan
63,nan,nan,0.284809,0,0,0.00727122,0.0343409,0.0270519,0.00401708,-8.51504,0.0002,0,0.17332,6562.56,1.59175,0.280685,-0.1,0.02,1,121.2,774144,nan,nan,nan,nan,nan,nan,nan,nan,nan,nan,nan,nan,nan,nan,nan,nan,nan,nan,nan,nan
64,nan,nan,0.284996,0,0,0.00731165,0.0337423,0.0290774,-0.00278531,-8.51414,0.0002,0,0.173303,7159.39,1.43991,0.27644,-0.1,0.02,1,122.917,786432,nan,nan,nan,nan,nan,nan,nan,nan,nan,nan,nan,nan,nan,nan,nan,nan,nan,nan,nan,nan
65,nan,nan,0.284739,0,0,0.00726045,0.0339771,0.0260134,-0.00401434,-8.51506,0.0002,0,0.173321,7444.02,1.37221,0.278517,-0.1,0.02,1,124.568,798720,nan,nan,nan,nan,nan,nan,nan,nan,nan,nan,nan,nan,nan,nan,nan,nan,nan,nan,nan,nan
66,nan,nan,0.285052,0,0,0.00741154,0.0342067,0.0270627,-0.0053853,-8.51426,0.0002,0,0.173326,7257.47,1.42191,0.271239,-0.1,0.02,1,126.262,811008,nan,nan,nan,nan,nan,nan,nan,nan,nan,nan,nan,nan,nan,nan,nan,nan,nan,nan,nan,nan
67,nan,nan,0.284644,0,0,0.00732514,0.0339884,0.0257711,-0.00329585,-8.51436,0.0002,0,0.17332,6651.39,1.56203,0.285407,-0.1,0.02,1,128.111,823296,nan,nan,nan,nan,nan,nan,nan,nan,nan,nan,nan,nan,nan,nan,nan,nan,nan,nan,nan,nan
68,nan,nan,0.284779,0,0,0.00737126,0.034495,0.0279881,-0.00484352,-8.51402,0.0002,0,0.173321,6937.72,1.47583,0.295359,-0.1,0.02,1,129.883,835584,nan,nan,nan,nan,nan,nan,nan,nan,nan,nan,nan,nan,nan,nan,nan,nan,nan,nan,nan,nan
69,nan,nan,0.284835,0,0,0.00744226,0.0345897,0.0298838,-0.00518729,-8.5145,0.0002,0,0.173305,7393.73,1.3963,0.265645,-0.1,0.02,1,131.545,847872,nan,nan,nan,nan,nan,nan,nan,nan,nan,nan,nan,nan,nan,nan,nan,nan,nan,nan,nan,nan
70,nan,nan,0.284568,0,0,0.00751368,0.034688,0.0265198,-0.00679276,-8.51598,0.0002,0,0.173287,7454.02,1.3832,0.26531,-0.1,0.02,1,133.195,860160,nan,nan,nan,nan,nan,nan,nan,nan,nan,nan,nan,nan,nan,nan,nan,nan,nan,nan,nan,nan
71,nan,nan,0.285283,0,0,0.00745758,0.034639,0.0279017,-0.00544563,-8.5172,0.0002,0,0.173293,7424.2,1.38048,0.274653,-0.1,0.02,1,134.851,872448,nan,nan,nan,nan,nan,nan,nan,nan,nan,nan,nan,nan,nan,nan,nan,nan,nan,nan,nan,nan
72,nan,nan,0.285278,0,0,0.00732061,0.0339314,0.0306779,-0.00190952,-8.51827,0.0002,0,0.173282,7188.21,1.44171,0.267753,-0.1,0.02,1,136.561,884736,nan,nan,nan,nan,nan,nan,nan,nan,nan,nan,nan,nan,nan,nan,nan,nan,nan,nan,nan,nan
73,nan,nan,0.284962,0,0,0.00748737,0.034783,0.028435,-0.00526475,-8.51803,0.0002,0,0.173291,7145.46,1.45259,0.267102,-0.1,0.02,1,138.281,897024,nan,nan,nan,nan,nan,nan,nan,nan,nan,nan,nan,nan,nan,nan,nan,nan,nan,nan,nan,nan
74,nan,nan,0.284772,0,0,0.00750336,0.0349128,0.0270039,-0.00700436,-8.51694,0.0002,0,0.173288,7157.8,1.45078,0.265949,-0.1,0.02,1,139.999,909312,nan,nan,nan,nan,nan,nan,nan,nan,nan,nan,nan,nan,nan,nan,nan,nan,nan,nan,nan,nan
75,nan,nan,0.284059,0,0,0.00752354,0.0343711,0.0254454,-0.00487664,-8.51845,0.0002,0,0.173298,7374.79,1.4013,0.264919,-0.1,0.02,1,141.666,921600,nan,nan,nan,nan,nan,nan,nan,nan,nan,nan,nan,nan,nan,nan,nan,nan,nan,nan,nan,nan
76,nan,nan,0.284558,0,0,0.0076261,0.0340084,0.0226399,-0.00295498,-8.51786,0.0002,0,0.173281,7400.1,1.3965,0.264021,-0.1,0.02,1,143.327,933888,nan,nan,nan,nan,nan,nan,nan,nan,nan,nan,nan,nan,nan,nan,nan,nan,nan,nan,nan,nan
77,nan,nan,0.28436,0,0,0.0076022,0.0351518,0.0283911,-0.00449209,-8.5193,0.0002,0,0.17325,7318.14,1.41401,0.265109,-0.1,0.02,1,145.007,946176,nan,nan,nan,nan,nan,nan,nan,nan,nan,nan,nan,nan,nan,nan,nan,nan,nan,nan,nan,nan
78,nan,nan,0.284492,0,0,0.00744574,0.0345753,0.0241324,-0.00635493,-8.52355,0.0002,0,0.173198,7319.96,1.4136,0.265095,-0.1,0.02,1,146.686,958464,nan,nan,nan,nan,nan,nan,nan,nan,nan,nan,nan,nan,nan,nan,nan,nan,nan,nan,nan,nan
79,nan,nan,0.2846,0,0,0.00747936,0.0346099,0.027771,-0.0042986,-8.52469,0.0002,0,0.173188,6644.77,1.57799,0.271287,-0.1,0.02,1,148.536,970752,nan,nan,nan,nan,nan,nan,nan,nan,nan,nan,nan,nan,nan,nan,nan,nan,nan,nan,nan,nan
80,nan,nan,0.284368,0,0,0.00753248,0.0353117,0.0232301,-0.00488505,-8.52616,0.0002,0,0.173194,7131.38,1.45711,0.265975,-0.1,0.02,1,150.26,983040,nan,nan,nan,nan,nan,nan,nan,nan,nan,nan,nan,nan,nan,nan,nan,nan,nan,nan,nan,nan
81,nan,nan,0.285138,0,0,0.00750465,0.0353996,0.0233383,-0.00704199,-8.52902,0.0002,0,0.173176,5840.89,1.48208,0.621715,-0.1,0.02,1,152.364,995328,nan,nan,nan,nan,nan,nan,nan,nan,nan,nan,nan,nan,nan,nan,nan,nan,nan,nan,nan,nan
82,nan,nan,0.284733,0,0,0.00752731,0.0353918,0.0291227,-0.00756495,-8.53268,0.0002,0,0.173132,6846.32,1.52798,0.266856,-0.1,0.02,1,154.16,1.00762e+06,nan,nan,nan,nan,nan,nan,nan,nan,nan,nan,nan,nan,nan,nan,nan,nan,nan,nan,nan,nan
83,nan,nan,0.284566,0,0,0.00758142,0.0359256,0.0302055,-0.00437464,-8.53191,0.0002,0,0.173202,7223.43,1.42731,0.273822,-0.1,0.02,1,155.862,1.0199e+06,nan,nan,nan,nan,nan,nan,nan,nan,nan,nan,nan,nan,nan,nan,nan,nan,nan,nan,nan,nan
84,284.503,1000,0.284644,21.3333,0,0.0445382,0.107935,0.213248,0.0185413,-8.52658,0.0002,0,0.173246,6524.13,1.61959,0.263881,-0.1,0.02,1,157.746,1.03219e+06,1.99711,1.99002,1.95298,0.954862,-0.0391172,nan,0,0,0,0,0,0,0,0,nan,nan,0,0,-0.000446807,-3.14167e-09
85,nan,nan,0.287872,0,0,0.0105892,0.0423152,0.0257626,-0.00672111,-8.52493,0.0002,0,0.17325,7325.76,1.4135,0.263873,-0.1,0.02,1,159.425,1.04448e+06,nan,nan,nan,nan,nan,nan,nan,nan,nan,nan,nan,nan,nan,nan,nan,nan,nan,nan,nan,nan
86,nan,nan,0.287056,0,0,0.00838766,0.0381047,0.0216706,-0.00179845,-8.52521,0.0002,0,0.173251,7374.53,1.40537,0.260902,-0.1,0.02,1,161.092,1.05677e+06,nan,nan,nan,nan,nan,nan,nan,nan,nan,nan,nan,nan,nan,nan,nan,nan,nan,nan,nan,nan
87,nan,nan,0.287471,0,0,0.00802064,0.036909,0.0256237,0.00219044,-8.5232,0.0002,0,0.173273,7365.22,1.40525,0.263131,-0.1,0.02,1,162.761,1.06906e+06,nan,nan,nan,nan,nan,nan,nan,nan,nan,nan,nan,nan,nan,nan,nan,nan,nan,nan,nan,nan
88,nan,nan,0.287543,0,0,0.00794882,0.0374657,0.0268383,-0.00352847,-8.52115,0.0002,0,0.173277,7336.83,1.38465,0.290185,-0.1,0.02,1,164.436,1.08134e+06,nan,nan,nan,nan,nan,nan,nan,nan,nan,nan,nan,nan,nan,nan,nan,nan,nan,nan,nan,nan
89,nan,nan,0.286989,0,0,0.00800577,0.0379746,0.0262086,-0.00706831,-8.521,0.0002,0,0.17327,7427.49,1.37934,0.275053,-0.1,0.02,1,166.091,1.09363e+06,nan,nan,nan,nan,nan,nan,nan,nan,nan,nan,nan,nan,nan,nan,nan,nan,nan,nan,nan,nan
90,nan,nan,0.287284,0,0,0.00798892,0.0371703,0.0277635,-0.0022413,-8.52303,0.0002,0,0.173234,7412.28,1.39399,0.263802,-0.1,0.02,1,167.75,1.10592e+06,nan,nan,nan,nan,nan,nan,nan,nan,nan,nan,nan,nan,nan,nan,nan,nan,nan,nan,nan,nan
91,nan,nan,0.286964,0,0,0.00810418,0.0382006,0.0328915,-0.00429595,-8.52597,0.0002,0,0.173218,7335.79,1.41022,0.264858,-0.1,0.02,1,169.426,1.11821e+06,nan,nan,nan,nan,nan,nan,nan,nan,nan,nan,nan,nan,nan,nan,nan,nan,nan,nan,nan,nan
92,nan,nan,0.286967,0,0,0.00802805,0.0384023,0.0317239,-0.00569447,-8.52746,0.0002,0,0.173209,7172.9,1.43902,0.274089,-0.1,0.02,1,171.14,1.1305e+06,nan,nan,nan,nan,nan,nan,nan,nan,nan,nan,nan,nan,nan,nan,nan,nan,nan,nan,nan,nan
93,nan,nan,0.286947,0,0,0.00817145,0.0385511,0.0320744,-0.00118562,-8.53069,0.0002,0,0.173177,7130.12,1.46132,0.262072,-0.1,0.02,1,172.864,1.14278e+06,nan,nan,nan,nan,nan,nan,nan,nan,nan,nan,nan,nan,nan,nan,nan,nan,nan,nan,nan,nan
94,nan,nan,0.286379,0,0,0.00816103,0.0382256,0.0244963,-0.00491694,-8.53182,0.0002,0,0.173193,7507.52,1.37559,0.261172,-0.1,0.02,1,174.502,1.15507e+06,nan,nan,nan,nan,nan,nan,nan,nan,nan,nan,nan,nan,nan,nan,nan,nan,nan,nan,nan,nan
95,nan,nan,0.287006,0,0,0.00818178,0.0375034,0.0316141,-0.00575582,-8.52634,0.0002,0,0.173201,5930.38,1.58848,0.483558,-0.1,0.02,1,176.575,1.16736e+06,nan,nan,nan,nan,nan,nan,nan,nan,nan,nan,nan,nan,nan,nan,nan,nan,nan,nan,nan,nan
96,nan,nan,0.286338,0,0,0.00813342,0.038452,0.0319756,-0.00577143,-8.52426,0.0002,0,0.173224,5517.19,1.83824,0.388987,-0.1,0.02,1,178.803,1.17965e+06,nan,nan,nan,nan,nan,nan,nan,nan,nan,nan,nan,nan,nan,nan,nan,nan,nan,nan,nan,nan
97,nan,nan,0.286154,0,0,0.00823417,0.038098,0.0302164,-0.00662309,-8.52241,0.0002,0,0.173224,6425.14,1.64135,0.271136,-0.1,0.02,1,180.716,1.19194e+06,nan,nan,nan,nan,nan,nan,nan,nan,nan,nan,nan,nan,nan,nan,nan,nan,nan,nan,nan,nan
98,nan,nan,0.286331,0,0,0.00813578,0.0384851,0.0312037,-0.00523061,-8.52122,0.0002,0,0.173286,7204.01,1.4437,0.262021,-0.1,0.02,1,182.422,1.20422e+06,nan,nan,nan,nan,nan,nan,nan,nan,nan,nan,nan,nan,nan,nan,nan,nan,nan,nan,nan,nan
99,nan,nan,0.286006,0,0,0.00809407,0.0376645,0.0294006,-0.00525483,-8.5196,0.0002,0,0.173309,7214.27,1.43977,0.263516,-0.1,0.02,1,184.127,1.21651e+06,nan,nan,nan,nan,nan,nan,nan,nan,nan,nan,nan,nan,nan,nan,nan,nan,nan,nan,nan,nan
100,nan,nan,0.286495,0,0,0.00796467,0.0377043,0.0337618,-0.00552172,-8.51848,0.0002,0,0.173316,7054.42,1.4665,0.275388,-0.1,0.02,1,185.869,1.2288e+06,nan,nan,nan,nan,nan,nan,nan,nan,nan,nan,nan,nan,nan,nan,nan,nan,nan,nan,nan,nan
101,nan,nan,0.28595,0,0,0.00798432,0.0381844,0.0343352,-0.00449634,-8.51593,0.0002,0,0.173322,7200.08,1.43526,0.271383,-0.1,0.02,1,190.413,1.24109e+06,nan,nan,nan,nan,nan,nan,nan,nan,nan,nan,nan,nan,nan,nan,nan,nan,nan,nan,nan,nan
102,nan,nan,0.285953,0,0,0.00796971,0.0369072,0.0339341,-0.00594135,-8.51409,0.0002,0,0.173318,7391.12,1.39849,0.264047,-0.1,0.02,1,192.076,1.25338e+06,nan,nan,nan,nan,nan,nan,nan,nan,nan,nan,nan,nan,nan,nan,nan,nan,nan,nan,nan,nan
103,nan,nan,0.285825,0,0,0.00781055,0.0378883,0.0306519,-0.00536647,-8.51491,0.0002,0,0.173287,5615,1.80468,0.383742,-0.1,0.02,1,194.265,1.26566e+06,nan,nan,nan,nan,nan,nan,nan,nan,nan,nan,nan,nan,nan,nan,nan,nan,nan,nan,nan,nan
104,nan,nan,0.285209,0,0,0.00780945,0.0378623,0.0295589,-0.0070151,-8.51606,0.0002,0,0.173293,5724.55,1.79389,0.352659,-0.1,0.02,1,196.413,1.27795e+06,nan,nan,nan,nan,nan,nan,nan,nan,nan,nan,nan,nan,nan,nan,nan,nan,nan,nan,nan,nan
105,nan,nan,0.285456,0,0,0.00790541,0.037744,0.0306297,-0.00693086,-8.51524,0.0002,0,0.173284,5436.91,1.85115,0.40896,-0.1,0.02,1,198.673,1.29024e+06,nan,nan,nan,nan,nan,nan,nan,nan,nan,nan,nan,nan,nan,nan,nan,nan,nan,nan,nan,nan
106,nan,nan,0.28487,0,0,0.00774202,0.0375688,0.0304657,-0.00509203,-8.51466,0.0002,0,0.173318,5599.15,1.88056,0.314055,-0.1,0.02,1,200.869,1.30253e+06,nan,nan,nan,nan,nan,nan,nan,nan,nan,nan,nan,nan,nan,nan,nan,nan,nan,nan,nan,nan
107,nan,nan,0.285152,0,0,0.00780679,0.0377156,0.0313657,-0.00660905,-8.51346,0.0002,0,0.173329,6844.06,1.51357,0.281853,-0.1,0.02,1,202.665,1.31482e+06,nan,nan,nan,nan,nan,nan,nan,nan,nan,nan,nan,nan,nan,nan,nan,nan,nan,nan,nan,nan
108,nan,nan,0.285179,0,0,0.00795886,0.0376741,0.0322231,-0.00544102,-8.51358,0.0002,0,0.173316,6683.93,1.45087,0.387572,-0.1,0.02,1,204.505,1.3271e+06,nan,nan,nan,nan,nan,nan,nan,nan,nan,nan,nan,nan,nan,nan,nan,nan,nan,nan,nan,nan
109,nan,nan,0.284783,0,0,0.00803055,0.0383898,0.028405,-0.00548988,-8.51606,0.0002,0,0.173286,5928.65,1.77528,0.297365,-0.1,0.02,1,206.58,1.33939e+06,nan,nan,nan,nan,nan,nan,nan,nan,nan,nan,nan,nan,nan,nan,nan,nan,nan,nan,nan,nan
110,nan,nan,0.285129,0,0,0.00775531,0.0381027,0.0338043,-0.00760007,-8.51706,0.0002,0,0.173278,6210,1.64967,0.329074,-0.1,0.02,1,208.56,1.35168e+06,nan,nan,nan,nan,nan,nan,nan,nan,nan,nan,nan,nan,nan,nan,nan,nan,nan,nan,nan,nan
111,nan,nan,0.28442,0,0,0.00785043,0.038395,0.0328723,-0.00514783,-8.5154,0.0002,0,0.173294,5988.71,1.75156,0.300299,-0.1,0.02,1,210.613,1.36397e+06,nan,nan,nan,nan,nan,nan,nan,nan,nan,nan,nan,nan,nan,nan,nan,nan,nan,nan,nan,nan
112,nan,nan,0.284475,0,0,0.00789671,0.0381993,0.0329095,-0.00381795,-8.51569,0.0002,0,0.173238,6849.61,1.52469,0.269278,-0.1,0.02,1,212.408,1.37626e+06,nan,nan,nan,nan,nan,nan,nan,nan,nan,nan,nan,nan,nan,nan,nan,nan,nan,nan,nan,nan
113,nan,nan,0.284555,0,0,0.00787202,0.0376193,0.0303268,-0.00734395,-8.51958,0.0002,0,0.173223,7100.4,1.4691,0.261509,-0.1,0.02,1,214.139,1.38854e+06,nan,nan,nan,nan,nan,nan,nan,nan,nan,nan,nan,nan,nan,nan,nan,nan,nan,nan,nan,nan
114,nan,nan,0.284397,0,0,0.00791477,0.0374444,0.0264249,-0.00400792,-8.51866,0.0002,0,0.173248,7027.2,1.48443,0.264209,-0.1,0.02,1,215.889,1.40083e+06,nan,nan,nan,nan,nan,nan,nan,nan,nan,nan,nan,nan,nan,nan,nan,nan,nan,nan,nan,nan
115,nan,nan,0.284758,0,0,0.00788746,0.0376428,0.029227,-0.00399855,-8.51752,0.0002,0,0.173264,7012.92,1.44733,0.304868,-0.1,0.02,1,217.641,1.41312e+06,nan,nan,nan,nan,nan,nan,nan,nan,nan,nan,nan,nan,nan,nan,nan,nan,nan,nan,nan,nan
116,nan,nan,0.284044,0,0,0.0080567,0.0384769,0.0271249,-0.00591539,-8.51728,0.0002,0,0.173295,6568.44,1.59473,0.276037,-0.1,0.02,1,219.513,1.42541e+06,nan,nan,nan,nan,nan,nan,nan,nan,nan,nan,nan,nan,nan,nan,nan,nan,nan,nan,nan,nan
117,nan,nan,0.283855,0,0,0.00809974,0.0379351,0.0287084,-0.00574318,-8.51459,0.0002,0,0.173327,7257.69,1.434,0.259097,-0.1,0.02,1,221.207,1.4377e+06,nan,nan,nan,nan,nan,nan,nan,nan,nan,nan,nan,nan,nan,nan,nan,nan,nan,nan,nan,nan
118,nan,nan,0.283841,0,0,0.0082383,0.0385234,0.0276016,-0.0048301,-8.51462,0.0002,0,0.173308,6995.99,1.48391,0.272525,-0.1,0.02,1,222.964,1.44998e+06,nan,nan,nan,nan,nan,nan,nan,nan,nan,nan,nan,nan,nan,nan,nan,nan,nan,nan,nan,nan
119,nan,nan,0.283374,0,0,0.0081471,0.0372307,0.0238426,-0.00566141,-8.51704,0.0002,0,0.173281,6587.6,1.53965,0.325678,-0.1,0.02,1,224.83,1.46227e+06,nan,nan,nan,nan,nan,nan,nan,nan,nan,nan,nan,nan,nan,nan,nan,nan,nan,nan,nan,nan
120,nan,nan,0.284112,0,0,0.00826228,0.0376883,0.0280633,-0.00299961,-8.51814,0.0002,0,0.173285,5200.21,1.89369,0.469291,-0.1,0.02,1,227.194,1.47456e+06,nan,nan,nan,nan,nan,nan,nan,nan,nan,nan,nan,nan,nan,nan,nan,nan,nan,nan,nan,nan
121,nan,nan,0.283495,0,0,0.00826348,0.0387874,0.0289916,-0.00645296,-8.51564,0.0002,0,0.17333,6656.58,1.57359,0.272404,-0.1,0.02,1,229.041,1.48685e+06,nan,nan,nan,nan,nan,nan,nan,nan,nan,nan,nan,nan,nan,nan,nan,nan,nan,nan,nan,nan
122,nan,nan,0.283818,0,0,0.00827413,0.038189,0.0254839,-0.0050976,-8.51264,0.0002,0,0.173327,7206.96,1.43742,0.2676,-0.1,0.02,1,230.747,1.49914e+06,nan,nan,nan,nan,nan,nan,nan,nan,nan,nan,nan,nan,nan,nan,nan,nan,nan,nan,nan,nan
123,nan,nan,0.283886,0,0,0.0082553,0.0382499,0.0239682,-0.0038211,-8.51313,0.0002,0,0.173325,7219.73,1.43416,0.267842,-0.1,0.02,1,232.449,1.51142e+06,nan,nan,nan,nan,nan,nan,nan,nan,nan,nan,nan,nan,nan,nan,nan,nan,nan,nan,nan,nan
124,nan,nan,0.283533,0,0,0.00830338,0.0394582,0.0231831,-0.00602515,-8.51306,0.0002,0,0.173321,6984.02,1.49617,0.263279,-0.1,0.02,1,234.21,1.52371e+06,nan,nan,nan,nan,nan,nan,nan,nan,nan,nan,nan,nan,nan,nan,nan,nan,nan,nan,nan,nan
125,285.447,1000,0.283932,21.3333,0,0.00826438,0.0379511,0.0272147,-0.005131,-8.51391,0.0002,0,0.173319,6242.44,1.70008,0.268377,-0.1,0.02,1,236.179,1.536e+06,1.99674,1.98723,1.96179,0.922697,-0.039449,nan,0,0,0,0,0,0,0,0,nan,nan,0,0,-0.000534376,-3.72233e-09
126,nan,nan,0.285525,0,0,0.0492787,0.13366,0.102835,0.0152809,-8.51482,0.0002,0,0.173319,7889.19,1.29411,0.263462,-0.1,0.02,1,237.737,1.54829e+06,nan,nan,nan,nan,nan,nan,nan,nan,nan,nan,nan,nan,nan,nan,nan,nan,nan,nan,nan,nan
127,nan,nan,0.289197,0,0,0.00966997,0.0421521,0.0155798,-0.00274154,-8.51419,0.0002,0,0.173322,7192.96,1.44385,0.264487,-0.1,0.02,1,239.446,1.56058e+06,nan,nan,nan,nan,nan,nan,nan,nan,nan,nan,nan,nan,nan,nan,nan,nan,nan,nan,nan,nan
128,nan,nan,0.288965,0,0,0.00879417,0.0383332,0.0143532,-0.000527616,-8.51368,0.0002,0,0.173324,6900.62,1.51936,0.261354,-0.1,0.02,1,241.228,1.57286e+06,nan,nan,nan,nan,nan,nan,nan,nan,nan,nan,nan,nan,nan,nan,nan,nan,nan,nan,nan,nan
129,nan,nan,0.289389,0,0,0.00881556,0.0391379,0.0191861,-0.00193507,-8.51315,0.0002,0,0.173327,7300.01,1.42011,0.263174,-0.1,0.02,1,242.912,1.58515e+06,nan,nan,nan,nan,nan,nan,nan,nan,nan,nan,nan,nan,nan,nan,nan,nan,nan,nan,nan,nan
130,nan,nan,0.288902,0,0,0.00876552,0.0385113,0.0194996,-0.00992489,-8.51352,0.0002,0,0.173325,7382.28,1.38999,0.274541,-0.1,0.02,1,244.577,1.59744e+06,nan,nan,nan,nan,nan,nan,nan,nan,nan,nan,nan,nan,nan,nan,nan,nan,nan,nan,nan,nan
131,nan,nan,0.289332,0,0,0.00863186,0.038287,0.0206364,-0.00255375,-8.51348,0.0002,0,0.173306,6833.05,1.46348,0.334841,-0.1,0.02,1,246.376,1.60973e+06,nan,nan,nan,nan,nan,nan,nan,nan,nan,nan,nan,nan,nan,nan,nan,nan,nan,nan,nan,nan
132,nan,nan,0.289403,0,0,0.00878128,0.0387161,0.0253875,-0.00270804,-8.51403,0.0002,0,0.17333,7330.15,1.41028,0.266088,-0.1,0.02,1,248.053,1.62202e+06,nan,nan,nan,nan,nan,nan,nan,nan,nan,nan,nan,nan,nan,nan,nan,nan,nan,nan,nan,nan
133,nan,nan,0.288651,0,0,0.0087104,0.0390251,0.0274293,-0.00588795,-8.51361,0.0002,0,0.173295,7173.11,1.4398,0.273265,-0.1,0.02,1,249.767,1.6343e+06,nan,nan,nan,nan,nan,nan,nan,nan,nan,nan,nan,nan,nan,nan,nan,nan,nan,nan,nan,nan
134,nan,nan,0.28922,0,0,0.00855432,0.0377072,0.0280656,-0.00427113,-8.51393,0.0002,0,0.173321,7332.19,1.41885,0.257045,-0.1,0.02,1,251.444,1.64659e+06,nan,nan,nan,nan,nan,nan,nan,nan,nan,nan,nan,nan,nan,nan,nan,nan,nan,nan,nan,nan
135,nan,nan,0.288302,0,0,0.00858388,0.0384062,0.0219186,-0.00384711,-8.51433,0.0002,0,0.173288,7477.85,1.38772,0.255533,-0.1,0.02,1,253.088,1.65888e+06,nan,nan,nan,nan,nan,nan,nan,nan,nan,nan,nan,nan,nan,nan,nan,nan,nan,nan,nan,nan
136,nan,nan,0.288582,0,0,0.0086816,0.0384277,0.0218535,-0.00440944,-8.51602,0.0002,0,0.17332,7421.37,1.40507,0.250689,-0.1,0.02,1,254.744,1.67117e+06,nan,nan,nan,nan,nan,nan,nan,nan,nan,nan,nan,nan,nan,nan,nan,nan,nan,nan,nan,nan
137,nan,nan,0.288869,0,0,0.00876537,0.0387663,0.0275546,-0.00496229,-8.51351,0.0002,0,0.173326,7711.69,1.34346,0.24997,-0.1,0.02,1,256.338,1.68346e+06,nan,nan,nan,nan,nan,nan,nan,nan,nan,nan,nan,nan,nan,nan,nan,nan,nan,nan,nan,nan
138,nan,nan,0.288031,0,0,0.008556,0.0380346,0.0231545,-0.00737547,-8.51373,0.0002,0,0.173322,7612.4,1.36319,0.251017,-0.1,0.02,1,257.953,1.69574e+06,nan,nan,nan,nan,nan,nan,nan,nan,nan,nan,nan,nan,nan,nan,nan,nan,nan,nan,nan,nan
139,nan,nan,0.288528,0,0,0.00841943,0.0377368,0.0289347,-0.00678076,-8.51272,0.0002,0,0.173329,7543.96,1.37418,0.254678,-0.1,0.02,1,259.583,1.70803e+06,nan,nan,nan,nan,nan,nan,nan,nan,nan,nan,nan,nan,nan,nan,nan,nan,nan,nan,nan,nan
140,nan,nan,0.28824,0,0,0.00837096,0.038367,0.030412,-0.00597098,-8.51444,0.0002,0,0.173277,7591.3,1.36757,0.251127,-0.1,0.02,1,261.202,1.72032e+06,nan,nan,nan,nan,nan,nan,nan,nan,nan,nan,nan,nan,nan,nan,nan,nan,nan,nan,nan,nan
141,nan,nan,0.288564,0,0,0.00829259,0.0389271,0.0227109,-0.0063569,-8.51732,0.0002,0,0.173268,7675.53,1.34696,0.253968,-0.1,0.02,1,262.804,1.73261e+06,nan,nan,nan,nan,nan,nan,nan,nan,nan,nan,nan,nan,nan,nan,nan,nan,nan,nan,nan,nan
142,nan,nan,0.288637,0,0,0.00841154,0.0392101,0.0291327,-0.00659342,-8.51653,0.0002,0,0.173284,7018.87,1.45909,0.291622,-0.1,0.02,1,264.555,1.7449e+06,nan,nan,nan,nan,nan,nan,nan,nan,nan,nan,nan,nan,nan,nan,nan,nan,nan,nan,nan,nan
143,nan,nan,0.287715,0,0,0.00845628,0.0394445,0.0271496,-0.00338744,-8.51848,0.0002,0,0.173264,7165.14,1.44955,0.265419,-0.1,0.02,1,266.273,1.75718e+06,nan,nan,nan,nan,nan,nan,nan,nan,nan,nan,nan,nan,nan,nan,nan,nan,nan,nan,nan,nan
144,nan,nan,0.288476,0,0,0.00865154,0.0399568,0.0237881,-0.00613574,-8.51834,0.0002,0,0.173285,7555.89,1.3709,0.25538,-0.1,0.02,1,267.9,1.76947e+06,nan,nan,nan,nan,nan,nan,nan,nan,nan,nan,nan,nan,nan,nan,nan,nan,nan,nan,nan,nan
145,nan,nan,0.287997,0,0,0.00854672,0.0392217,0.0216923,-0.00395705,-8.51571,0.0002,0,0.173302,7152.26,1.45883,0.259229,-0.1,0.02,1,269.618,1.78176e+06,nan,nan,nan,nan,nan,nan,nan,nan,nan,nan,nan,nan,nan,nan,nan,nan,nan,nan,nan,nan
146,nan,nan,0.288154,0,0,0.00860269,0.0400125,0.0194653,-0.00444976,-8.51386,0.0002,0,0.17332,7591.44,1.36341,0.255255,-0.1,0.02,1,271.238,1.79405e+06,nan,nan,nan,nan,nan,nan,nan,nan,nan,nan,nan,nan,nan,nan,nan,nan,nan,nan,nan,nan
147,nan,nan,0.288593,0,0,0.00845406,0.0398358,0.0247133,-0.00401825,-8.51506,0.0002,0,0.173263,7412.86,1.40154,0.256123,-0.1,0.02,1,272.896,1.80634e+06,nan,nan,nan,nan,nan,nan,nan,nan,nan,nan,nan,nan,nan,nan,nan,nan,nan,nan,nan,nan
148,nan,nan,0.287883,0,0,0.00843924,0.0402287,0.0228478,-0.00514134,-8.51782,0.0002,0,0.173237,7377.05,1.40953,0.256181,-0.1,0.02,1,274.564,1.81862e+06,nan,nan,nan,nan,nan,nan,nan,nan,nan,nan,nan,nan,nan,nan,nan,nan,nan,nan,nan,nan
149,nan,nan,0.288042,0,0,0.0086051,0.0407513,0.0261005,-0.00415987,-8.5173,0.0002,0,0.173288,7509.86,1.37927,0.256978,-0.1,0.02,1,276.201,1.83091e+06,nan,nan,nan,nan,nan,nan,nan,nan,nan,nan,nan,nan,nan,nan,nan,nan,nan,nan,nan,nan
150,nan,nan,0.287468,0,0,0.00855818,0.0412218,0.02656,-0.00367736,-8.51452,0.0002,0,0.173308,7488.5,1.3847,0.256219,-0.1,0.02,1,277.842,1.8432e+06,nan,nan,nan,nan,nan,nan,nan,nan,nan,nan,nan,nan,nan,nan,nan,nan,nan,nan,nan,nan
151,nan,nan,0.287564,0,0,0.0083797,0.0403927,0.0207934,-0.00788495,-8.51344,0.0002,0,0.17333,7236.75,1.41986,0.278143,-0.1,0.02,1,279.541,1.85549e+06,nan,nan,nan,nan,nan,nan,nan,nan,nan,nan,nan,nan,nan,nan,nan,nan,nan,nan,nan,nan
152,nan,nan,0.287747,0,0,0.00840763,0.0405002,0.0245869,-0.00286043,-8.51338,0.0002,0,0.173322,7285.83,1.42547,0.261091,-0.1,0.02,1,281.228,1.86778e+06,nan,nan,nan,nan,nan,nan,nan,nan,nan,nan,nan,nan,nan,nan,nan,nan,nan,nan,nan,nan
153,nan,nan,0.287039,0,0,0.00835231,0.0404718,0.0293399,-0.00592735,-8.51328,0.0002,0,0.173326,7164.14,1.45758,0.257625,-0.1,0.02,1,282.945,1.88006e+06,nan,nan,nan,nan,nan,nan,nan,nan,nan,nan,nan,nan,nan,nan,nan,nan,nan,nan,nan,nan
154,nan,nan,0.287719,0,0,0.00842356,0.0404723,0.0231861,3.13855e-05,-8.51363,0.0002,0,0.173325,7443.33,1.39364,0.257235,-0.1,0.02,1,284.596,1.89235e+06,nan,nan,nan,nan,nan,nan,nan,nan,nan,nan,nan,nan,nan,nan,nan,nan,nan,nan,nan,nan
155,nan,nan,0.287314,0,0,0.0083856,0.0408343,0.0351279,-0.00531291,-8.51329,0.0002,0,0.173319,7383.45,1.40356,0.260699,-0.1,0.02,1,286.261,1.90464e+06,nan,nan,nan,nan,nan,nan,nan,nan,nan,nan,nan,nan,nan,nan,nan,nan,nan,nan,nan,nan
156,nan,nan,0.287957,0,0,0.00819932,0.0407589,0.037686,-0.000377657,-8.5136,0.0002,0,0.173327,7233.14,1.43922,0.259626,-0.1,0.02,1,287.961,1.91693e+06,nan,nan,nan,nan,nan,nan,nan,nan,nan,nan,nan,nan,nan,nan,nan,nan,nan,nan,nan,nan
157,nan,nan,0.288029,0,0,0.00834248,0.0403591,0.0261508,-0.00253813,-8.51345,0.0002,0,0.173324,7490.01,1.3848,0.255782,-0.1,0.02,1,289.604,1.92922e+06,nan,nan,nan,nan,nan,nan,nan,nan,nan,nan,nan,nan,nan,nan,nan,nan,nan,nan,nan,nan
158,nan,nan,0.287234,0,0,0.00821945,0.0407197,0.0229276,-0.00238189,-8.51471,0.0002,0,0.173308,7428.96,1.39423,0.259838,-0.1,0.02,1,291.258,1.9415e+06,nan,nan,nan,nan,nan,nan,nan,nan,nan,nan,nan,nan,nan,nan,nan,nan,nan,nan,nan,nan
159,nan,nan,0.287629,0,0,0.00819234,0.0410738,0.0257352,-0.00439196,-8.5145,0.0002,0,0.173308,7546.31,1.37564,0.252701,-0.1,0.02,1,292.887,1.95379e+06,nan,nan,nan,nan,nan,nan,nan,nan,nan,nan,nan,nan,nan,nan,nan,nan,nan,nan,nan,nan
160,nan,nan,0.28733,0,0,0.00821118,0.0403978,0.0223588,-0.00298166,-8.51343,0.0002,0,0.173327,7456.11,1.38727,0.260777,-0.1,0.02,1,294.536,1.96608e+06,nan,nan,nan,nan,nan,nan,nan,nan,nan,nan,nan,nan,nan,nan,nan,nan,nan,nan,nan,nan
161,nan,nan,0.287692,0,0,0.00840644,0.0418763,0.0212844,-0.00330973,-8.51298,0.0002,0,0.173323,7411.29,1.40022,0.257795,-0.1,0.02,1,296.195,1.97837e+06,nan,nan,nan,nan,nan,nan,nan,nan,nan,nan,nan,nan,nan,nan,nan,nan,nan,nan,nan,nan
162,nan,nan,0.288438,0,0,0.00832138,0.0407882,0.0243737,-0.00110018,-8.51334,0.0002,0,0.173327,7273.26,1.42926,0.26022,-0.1,0.02,1,297.885,1.99066e+06,nan,nan,nan,nan,nan,nan,nan,nan,nan,nan,nan,nan,nan,nan,nan,nan,nan,nan,nan,nan
163,nan,nan,0.287926,0,0,0.00834525,0.0409063,0.0231876,-0.000917666,-8.51382,0.0002,0,0.173321,7374.3,1.41171,0.254619,-0.1,0.02,1,299.552,2.00294e+06,nan,nan,nan,nan,nan,nan,nan,nan,nan,nan,nan,nan,nan,nan,nan,nan,nan,nan,nan,nan
164,nan,nan,0.288748,0,0,0.00846904,0.0410445,0.0256581,0.000503899,-8.5141,0.0002,0,0.173326,7113.85,1.46685,0.260486,-0.1,0.02,1,301.28,2.01523e+06,nan,nan,nan,nan,nan,nan,nan,nan,nan,nan,nan,nan,nan,nan,nan,nan,nan,nan,nan,nan
165,nan,nan,0.288276,0,0,0.00842274,0.0419962,0.0232099,-0.00281532,-8.51403,0.0002,0,0.173317,7314.96,1.4215,0.258346,-0.1,0.02,1,302.961,2.02752e+06,nan,nan,nan,nan,nan,nan,nan,nan,nan,nan,nan,nan,nan,nan,nan,nan,nan,nan,nan,nan
166,nan,nan,0.28843,0,0,0.00851548,0.0411528,0.0230511,-0.000678912,-8.51585,0.0002,0,0.173306,7374.65,1.41173,0.254516,-0.1,0.02,1,304.628,2.03981e+06,nan,nan,nan,nan,nan,nan,nan,nan,nan,nan,nan,nan,nan,nan,nan,nan,nan,nan,nan,nan
167,288.19,1000,0.285898,21.3333,0,0.0322743,0.0953813,0.0375187,0.01233,-8.51627,0.0002,0,0.173312,6708.64,1.5776,0.254064,-0.1,0.02,1,306.46,2.0521e+06,1.99649,1.98561,1.97234,0.911554,-0.0395737,nan,0,0,0,0,0,0,0,0,nan,nan,0,-9.28157e-05,-0.000632921,-4.32765e-09
168,nan,nan,0.290539,0,0,0.0240814,0.0850807,0.0372718,-0.00889919,-8.51489,0.0002,0,0.173315,7491.97,1.38031,0.25985,-0.1,0.02,1,308.101,2.06438e+06,nan,nan,nan,nan,nan,nan,nan,nan,nan,nan,nan,nan,nan,nan,nan,nan,nan,nan,nan,nan
169,nan,nan,0.292461,0,0,0.0106855,0.0478667,0.0283504,-0.00328423,-8.51526,0.0002,0,0.173316,7669.24,1.31806,0.284186,-0.1,0.02,1,309.704,2.07667e+06,nan,nan,nan,nan,nan,nan,nan,nan,nan,nan,nan,nan,nan,nan,nan,nan,nan,nan,nan,nan
170,nan,nan,0.293738,0,0,0.0101032,0.047612,0.0324462,-0.00506721,-8.51514,0.0002,0,0.173308,7791.57,1.31988,0.257215,-0.1,0.02,1,311.282,2.08896e+06,nan,nan,nan,nan,nan,nan,nan,nan,nan,nan,nan,nan,nan,nan,nan,nan,nan,nan,nan,nan
171,nan,nan,0.294462,0,0,0.00994062,0.0492958,0.034621,-0.00505744,-8.51545,0.0002,0,0.173314,7873.02,1.29909,0.261683,-0.1,0.02,1,312.843,2.10125e+06,nan,nan,nan,nan,nan,nan,nan,nan,nan,nan,nan,nan,nan,nan,nan,nan,nan,nan,nan,nan
172,nan,nan,0.294085,0,0,0.00971395,0.0486126,0.0343149,-0.00230077,-8.51452,0.0002,0,0.173312,7993.84,1.2839,0.253287,-0.1,0.02,1,314.381,2.11354e+06,nan,nan,nan,nan,nan,nan,nan,nan,nan,nan,nan,nan,nan,nan,nan,nan,nan,nan,nan,nan
173,nan,nan,0.292857,0,0,0.0100578,0.0492361,0.0354455,-0.00180597,-8.51531,0.0002,0,0.173313,7840.62,1.2847,0.282524,-0.1,0.02,1,315.949,2.12582e+06,nan,nan,nan,nan,nan,nan,nan,nan,nan,nan,nan,nan,nan,nan,nan,nan,nan,nan,nan,nan
174,nan,nan,0.292758,0,0,0.00996211,0.0489576,0.0538451,0.00260709,-8.5147,0.0002,0,0.173316,7983.36,1.28749,0.251707,-0.1,0.02,1,317.489,2.13811e+06,nan,nan,nan,nan,nan,nan,nan,nan,nan,nan,nan,nan,nan,nan,nan,nan,nan,nan,nan,nan
175,nan,nan,0.291918,0,0,0.010305,0.0510178,0.0479887,-0.00147522,-8.51361,0.0002,0,0.17333,7997.71,1.28067,0.255771,-0.1,0.02,1,319.026,2.1504e+06,nan,nan,nan,nan,nan,nan,nan,nan,nan,nan,nan,nan,nan,nan,nan,nan,nan,nan,nan,nan
176,nan,nan,0.290596,0,0,0.010113,0.048599,0.0492906,-0.000259628,-8.51328,0.0002,0,0.173317,7888.8,1.30221,0.255438,-0.1,0.02,1,320.584,2.16269e+06,nan,nan,nan,nan,nan,nan,nan,nan,nan,nan,nan,nan,nan,nan,nan,nan,nan,nan,nan,nan
177,nan,nan,0.290489,0,0,0.0101009,0.0481193,0.0544312,-0.00300191,-8.51418,0.0002,0,0.173322,7796.34,1.31923,0.256892,-0.1,0.02,1,322.161,2.17498e+06,nan,nan,nan,nan,nan,nan,nan,nan,nan,nan,nan,nan,nan,nan,nan,nan,nan,nan,nan,nan
178,nan,nan,0.290604,0,0,0.00984554,0.0474728,0.0528305,-0.00439137,-8.51423,0.0002,0,0.173321,7800.65,1.32378,0.25147,-0.1,0.02,1,323.737,2.18726e+06,nan,nan,nan,nan,nan,nan,nan,nan,nan,nan,nan,nan,nan,nan,nan,nan,nan,nan,nan,nan
179,nan,nan,0.290419,0,0,0.00985386,0.0464094,0.0548067,0.00235359,-8.51453,0.0002,0,0.173322,7757.98,1.33072,0.253194,-0.1,0.02,1,325.322,2.19955e+06,nan,nan,nan,nan,nan,nan,nan,nan,nan,nan,nan,nan,nan,nan,nan,nan,nan,nan,nan,nan
180,nan,nan,0.29086,0,0,0.00996944,0.0462892,0.0590644,0.000485148,-8.51377,0.0002,0,0.173326,7675.06,1.33537,0.265661,-0.1,0.02,1,326.923,2.21184e+06,nan,nan,nan,nan,nan,nan,nan,nan,nan,nan,nan,nan,nan,nan,nan,nan,nan,nan,nan,nan
181,nan,nan,0.291561,0,0,0.00997671,0.0466169,0.0584073,-0.00377584,-8.51316,0.0002,0,0.173329,7516.02,1.36929,0.265618,-0.1,0.02,1,328.559,2.22413e+06,nan,nan,nan,nan,nan,nan,nan,nan,nan,nan,nan,nan,nan,nan,nan,nan,nan,nan,nan,nan
182,nan,nan,0.291574,0,0,0.0100389,0.0486653,0.0631346,-0.00271552,-8.51325,0.0002,0,0.173326,7475.53,1.38459,0.259177,-0.1,0.02,1,330.204,2.23642e+06,nan,nan,nan,nan,nan,nan,nan,nan,nan,nan,nan,nan,nan,nan,nan,nan,nan,nan,nan,nan
183,nan,nan,0.291106,0,0,0.0102294,0.0486919,0.0556329,-5.48344e-05,-8.51349,0.0002,0,0.173315,7620.84,1.35984,0.252584,-0.1,0.02,1,331.817,2.2487e+06,nan,nan,nan,nan,nan,nan,nan,nan,nan,nan,nan,nan,nan,nan,nan,nan,nan,nan,nan,nan
184,nan,nan,0.291432,0,0,0.00995666,0.0472966,0.0614333,-0.00341543,-8.51329,0.0002,0,0.173329,7684.26,1.34663,0.252483,-0.1,0.02,1,333.417,2.26099e+06,nan,nan,nan,nan,nan,nan,nan,nan,nan,nan,nan,nan,nan,nan,nan,nan,nan,nan,nan,nan
185,nan,nan,0.291579,0,0,0.010099,0.0484016,0.0540179,-0.00772268,-8.51427,0.0002,0,0.173287,7771.82,1.3279,0.253197,-0.1,0.02,1,334.999,2.27328e+06,nan,nan,nan,nan,nan,nan,nan,nan,nan,nan,nan,nan,nan,nan,nan,nan,nan,nan,nan,nan
186,nan,nan,0.290909,0,0,0.00996064,0.0488056,0.0516211,-0.00560954,-8.51604,0.0002,0,0.173314,7679.55,1.34418,0.255912,-0.1,0.02,1,336.6,2.28557e+06,nan,nan,nan,nan,nan,nan,nan,nan,nan,nan,nan,nan,nan,nan,nan,nan,nan,nan,nan,nan
187,nan,nan,0.291588,0,0,0.0100206,0.0466091,0.0509793,-0.00059157,-8.51395,0.0002,0,0.173331,7427.92,1.34157,0.312728,-0.1,0.02,1,338.255,2.29786e+06,nan,nan,nan,nan,nan,nan,nan,nan,nan,nan,nan,nan,nan,nan,nan,nan,nan,nan,nan,nan
188,nan,nan,0.291701,0,0,0.0100459,0.0484949,0.0393752,-0.00481928,-8.51297,0.0002,0,0.17333,7060.66,1.47825,0.2621,-0.1,0.02,1,339.998,2.31014e+06,nan,nan,nan,nan,nan,nan,nan,nan,nan,nan,nan,nan,nan,nan,nan,nan,nan,nan,nan,nan
189,nan,nan,0.291507,0,0,0.0102101,0.0485008,0.0480287,-0.00323967,-8.5131,0.0002,0,0.173327,6156.91,1.5053,0.490509,-0.1,0.02,1,341.995,2.32243e+06,nan,nan,nan,nan,nan,nan,nan,nan,nan,nan,nan,nan,nan,nan,nan,nan,nan,nan,nan,nan
190,nan,nan,0.291806,0,0,0.0102129,0.0478224,0.0497599,-0.00232947,-8.51326,0.0002,0,0.173325,5507.61,1.84487,0.386226,-0.1,0.02,1,344.227,2.33472e+06,nan,nan,nan,nan,nan,nan,nan,nan,nan,nan,nan,nan,nan,nan,nan,nan,nan,nan,nan,nan
191,nan,nan,0.29216,0,0,0.0101566,0.0490329,0.0450023,-0.00436241,-8.51269,0.0002,0,0.173333,5962.78,1.71099,0.349798,-0.1,0.02,1,346.288,2.34701e+06,nan,nan,nan,nan,nan,nan,nan,nan,nan,nan,nan,nan,nan,nan,nan,nan,nan,nan,nan,nan
192,nan,nan,0.29246,0,0,0.0100892,0.0472411,0.0447365,-0.00554656,-8.51241,0.0002,0,0.173333,7420.58,1.40016,0.255771,-0.1,0.02,1,347.945,2.3593e+06,nan,nan,nan,nan,nan,nan,nan,nan,nan,nan,nan,nan,nan,nan,nan,nan,nan,nan,nan,nan
193,nan,nan,0.291991,0,0,0.0100336,0.0470657,0.0463465,-0.00682583,-8.51241,0.0002,0,0.173333,7378.23,1.40953,0.255909,-0.1,0.02,1,349.611,2.37158e+06,nan,nan,nan,nan,nan,nan,nan,nan,nan,nan,nan,nan,nan,nan,nan,nan,nan,nan,nan,nan
194,nan,nan,0.292261,0,0,0.00992995,0.048811,0.0479095,-0.00512848,-8.5124,0.0002,0,0.173333,7506.21,1.38116,0.255883,-0.1,0.02,1,351.249,2.38387e+06,nan,nan,nan,nan,nan,nan,nan,nan,nan,nan,nan,nan,nan,nan,nan,nan,nan,nan,nan,nan
195,nan,nan,0.292944,0,0,0.0099426,0.0470265,0.0461733,-0.00164787,-8.51243,0.0002,0,0.173333,7444,1.39662,0.254108,-0.1,0.02,1,352.9,2.39616e+06,nan,nan,nan,nan,nan,nan,nan,nan,nan,nan,nan,nan,nan,nan,nan,nan,nan,nan,nan,nan
196,nan,nan,0.291938,0,0,0.00997885,0.048188,0.0492686,-0.00630406,-8.51242,0.0002,0,0.173333,7349.27,1.41038,0.261627,-0.1,0.02,1,354.573,2.40845e+06,nan,nan,nan,nan,nan,nan,nan,nan,nan,nan,nan,nan,nan,nan,nan,nan,nan,nan,nan,nan
197,nan,nan,0.292354,0,0,0.0099595,0.0480278,0.0446778,-0.00875956,-8.51242,0.0002,0,0.173332,7469.23,1.39058,0.254569,-0.1,0.02,1,356.219,2.42074e+06,nan,nan,nan,nan,nan,nan,nan,nan,nan,nan,nan,nan,nan,nan,nan,nan,nan,nan,nan,nan
198,nan,nan,0.291896,0,0,0.010071,0.0481004,0.0364456,-0.00567113,-8.51317,0.0002,0,0.173307,7541.62,1.37618,0.253181,-0.1,0.02,1,357.849,2.43302e+06,nan,nan,nan,nan,nan,nan,nan,nan,nan,nan,nan,nan,nan,nan,nan,nan,nan,nan,nan,nan
199,nan,nan,0.291671,0,0,0.0101529,0.0479201,0.0368915,-0.00525007,-8.5158,0.0002,0,0.173276,7476.14,1.38724,0.256386,-0.1,0.02,1,359.493,2.44531e+06,nan,nan,nan,nan,nan,nan,nan,nan,nan,nan,nan,nan,nan,nan,nan,nan,nan,nan,nan,nan
200,nan,nan,0.291817,0,0,0.0099391,0.0468877,0.039988,-0.00834258,-8.51887,0.0002,0,0.173241,7395.52,1.3947,0.26685,-0.1,0.02,1,361.157,2.4576e+06,nan,nan,nan,nan,nan,nan,nan,nan,nan,nan,nan,nan,nan,nan,nan,nan,nan,nan,nan,nan
201,nan,nan,0.291641,0,0,0.00990282,0.0482981,0.0311254,-0.00585622,-8.51983,0.0002,0,0.173264,7393.83,1.37997,0.281957,-0.1,0.02,1,365.56,2.46989e+06,nan,nan,nan,nan,nan,nan,nan,nan,nan,nan,nan,nan,nan,nan,nan,nan,nan,nan,nan,nan
202,nan,nan,0.29188,0,0,0.00997012,0.0477044,0.0297903,-0.00675085,-8.5161,0.0002,0,0.173312,7475.32,1.39029,0.253519,-0.1,0.02,1,367.204,2.48218e+06,nan,nan,nan,nan,nan,nan,nan,nan,nan,nan,nan,nan,nan,nan,nan,nan,nan,nan,nan,nan
203,nan,nan,0.291593,0,0,0.00996417,0.0482257,0.0338882,-0.00527036,-8.51682,0.0002,0,0.173293,5934.23,1.66235,0.408348,-0.1,0.02,1,369.276,2.49446e+06,nan,nan,nan,nan,nan,nan,nan,nan,nan,nan,nan,nan,nan,nan,nan,nan,nan,nan,nan,nan
204,nan,nan,0.291228,0,0,0.00988537,0.0486077,0.0337793,-0.00375783,-8.51785,0.0002,0,0.173302,5822.12,1.79466,0.315914,-0.1,0.02,1,371.387,2.50675e+06,nan,nan,nan,nan,nan,nan,nan,nan,nan,nan,nan,nan,nan,nan,nan,nan,nan,nan,nan,nan
205,nan,nan,0.291133,0,0,0.00977786,0.0479818,0.0333293,-0.00585396,-8.51682,0.0002,0,0.173286,5852.46,1.69916,0.400474,-0.1,0.02,1,373.488,2.51904e+06,nan,nan,nan,nan,nan,nan,nan,nan,nan,nan,nan,nan,nan,nan,nan,nan,nan,nan,nan,nan
206,nan,nan,0.290429,0,0,0.00976428,0.0488764,0.0349128,-0.00312311,-8.51655,0.0002,0,0.173305,6096.31,1.67846,0.33719,-0.1,0.02,1,375.504,2.53133e+06,nan,nan,nan,nan,nan,nan,nan,nan,nan,nan,nan,nan,nan,nan,nan,nan,nan,nan,nan,nan
207,nan,nan,0.290759,0,0,0.0097838,0.0483979,0.0289641,-0.00624101,-8.5137,0.0002,0,0.173327,7337.67,1.41357,0.26108,-0.1,0.02,1,377.18,2.54362e+06,nan,nan,nan,nan,nan,nan,nan,nan,nan,nan,nan,nan,nan,nan,nan,nan,nan,nan,nan,nan
208,nan,nan,0.290602,0,0,0.00956686,0.04751,0.0269294,-0.00712406,-8.51359,0.0002,0,0.173317,7206.53,1.4457,0.259416,-0.1,0.02,1,378.885,2.5559e+06,nan,nan,nan,nan,nan,nan,nan,nan,nan,nan,nan,nan,nan,nan,nan,nan,nan,nan,nan,nan
209,291.649,1000,0.286183,21.3333,0,0.0442549,0.117241,0.100108,0.0119926,-8.51436,0.0002,0,0.173312,6777.86,1.55502,0.257943,-0.1,0.02,1,380.699,2.56819e+06,1.99589,1.98083,1.97878,0.919362,-0.0425929,nan,0,0,0,0,0,0,0,0,nan,nan,0,-7.96459e-06,-0.000758419,-5.11494e-09
210,nan,nan,0.289018,0,0,0.0166974,0.0703952,0.0357696,-0.00732788,-8.51503,0.0002,0,0.173305,7416.91,1.39096,0.265798,-0.1,0.02,1,382.357,2.58048e+06,nan,nan,nan,nan,nan,nan,nan,nan,nan,nan,nan,nan,nan,nan,nan,nan,nan,nan,nan,nan
211,nan,nan,0.292525,0,0,0.0127594,0.0624972,0.0256126,-0.0046938,-8.51479,0.0002,0,0.173315,7130.57,1.42204,0.301241,-0.1,0.02,1,384.081,2.59277e+06,nan,nan,nan,nan,nan,nan,nan,nan,nan,nan,nan,nan,nan,nan,nan,nan,nan,nan,nan,nan
212,nan,nan,0.2933,0,0,0.0117567,0.05934,0.0268841,-0.00774789,-8.51522,0.0002,0,0.173308,7751.51,1.32974,0.2555,-0.1,0.02,1,385.667,2.60506e+06,nan,nan,nan,nan,nan,nan,nan,nan,nan,nan,nan,nan,nan,nan,nan,nan,nan,nan,nan,nan
213,nan,nan,0.293615,0,0,0.0113961,0.0564557,0.0315497,-0.0054602,-8.51638,0.0002,0,0.173297,7671.76,1.34146,0.260257,-0.1,0.02,1,387.269,2.61734e+06,nan,nan,nan,nan,nan,nan,nan,nan,nan,nan,nan,nan,nan,nan,nan,nan,nan,nan,nan,nan
214,nan,nan,0.293836,0,0,0.0113436,0.0561145,0.0370603,-0.00257626,-8.51722,0.0002,0,0.173301,7509.24,1.37332,0.263062,-0.1,0.02,1,388.906,2.62963e+06,nan,nan,nan,nan,nan,nan,nan,nan,nan,nan,nan,nan,nan,nan,nan,nan,nan,nan,nan,nan
215,nan,nan,0.293343,0,0,0.0113114,0.0553631,0.0388699,-0.00715087,-8.51721,0.0002,0,0.173301,7672.7,1.34097,0.260549,-0.1,0.02,1,390.509,2.64192e+06,nan,nan,nan,nan,nan,nan,nan,nan,nan,nan,nan,nan,nan,nan,nan,nan,nan,nan,nan,nan
216,nan,nan,0.293241,0,0,0.011401,0.0555747,0.039401,0.00116383,-8.51542,0.0002,0,0.173327,7623.58,1.34716,0.264683,-0.1,0.02,1,392.121,2.65421e+06,nan,nan,nan,nan,nan,nan,nan,nan,nan,nan,nan,nan,nan,nan,nan,nan,nan,nan,nan,nan
217,nan,nan,0.292973,0,0,0.011458,0.0557211,0.0366084,-0.00771799,-8.51271,0.0002,0,0.173329,7440.42,1.36821,0.283314,-0.1,0.02,1,393.774,2.6665e+06,nan,nan,nan,nan,nan,nan,nan,nan,nan,nan,nan,nan,nan,nan,nan,nan,nan,nan,nan,nan
218,nan,nan,0.293108,0,0,0.0114803,0.0552899,0.0270334,-0.0045628,-8.51328,0.0002,0,0.173329,7568.68,1.36229,0.261238,-0.1,0.02,1,395.398,2.67878e+06,nan,nan,nan,nan,nan,nan,nan,nan,nan,nan,nan,nan,nan,nan,nan,nan,nan,nan,nan,nan
219,nan,nan,0.29328,0,0,0.0111808,0.0542856,0.0307239,-0.00608011,-8.51289,0.0002,0,0.173323,7566.33,1.36188,0.26216,-0.1,0.02,1,397.022,2.69107e+06,nan,nan,nan,nan,nan,nan,nan,nan,nan,nan,nan,nan,nan,nan,nan,nan,nan,nan,nan,nan
220,nan,nan,0.293318,0,0,0.0111838,0.0526947,0.0295953,-0.0037341,-8.5136,0.0002,0,0.173332,7355.54,1.36935,0.301228,-0.1,0.02,1,398.694,2.70336e+06,nan,nan,nan,nan,nan,nan,nan,nan,nan,nan,nan,nan,nan,nan,nan,nan,nan,nan,nan,nan
221,nan,nan,0.293662,0,0,0.0110622,0.0527145,0.03091,-0.0061496,-8.51273,0.0002,0,0.173323,7398.17,1.40018,0.260769,-0.1,0.02,1,400.356,2.71565e+06,nan,nan,nan,nan,nan,nan,nan,nan,nan,nan,nan,nan,nan,nan,nan,nan,nan,nan,nan,nan
222,nan,nan,0.293327,0,0,0.0108972,0.0510989,0.0320361,-0.00540544,-8.51448,0.0002,0,0.173319,7428.29,1.397,0.257214,-0.1,0.02,1,402.011,2.72794e+06,nan,nan,nan,nan,nan,nan,nan,nan,nan,nan,nan,nan,nan,nan,nan,nan,nan,nan,nan,nan
223,nan,nan,0.293212,0,0,0.0108475,0.0522413,0.0351523,-0.00512408,-8.51461,0.0002,0,0.173315,7385.09,1.40166,0.262232,-0.1,0.02,1,403.675,2.74022e+06,nan,nan,nan,nan,nan,nan,nan,nan,nan,nan,nan,nan,nan,nan,nan,nan,nan,nan,nan,nan
224,nan,nan,0.29301,0,0,0.0106552,0.0516479,0.0356488,-0.00746989,-8.51404,0.0002,0,0.173321,7481.05,1.3841,0.258454,-0.1,0.02,1,405.319,2.75251e+06,nan,nan,nan,nan,nan,nan,nan,nan,nan,nan,nan,nan,nan,nan,nan,nan,nan,nan,nan,nan
225,nan,nan,0.292058,0,0,0.0108269,0.0519675,0.0350006,-0.00585749,-8.51441,0.0002,0,0.173315,7492,1.38203,0.258119,-0.1,0.02,1,406.959,2.7648e+06,nan,nan,nan,nan,nan,nan,nan,nan,nan,nan,nan,nan,nan,nan,nan,nan,nan,nan,nan,nan
226,nan,nan,0.292279,0,0,0.0108719,0.052783,0.0311699,-0.00595754,-8.51389,0.0002,0,0.173317,7448.37,1.39107,0.25869,-0.1,0.02,1,408.61,2.77709e+06,nan,nan,nan,nan,nan,nan,nan,nan,nan,nan,nan,nan,nan,nan,nan,nan,nan,nan,nan,nan
227,nan,nan,0.291649,0,0,0.0106856,0.0509249,0.0294177,-0.00482746,-8.51356,0.0002,0,0.173315,7147.2,1.42595,0.293328,-0.1,0.02,1,410.33,2.78938e+06,nan,nan,nan,nan,nan,nan,nan,nan,nan,nan,nan,nan,nan,nan,nan,nan,nan,nan,nan,nan
228,nan,nan,0.290959,0,0,0.0107469,0.0512562,0.0273978,-0.00546306,-8.51421,0.0002,0,0.173322,7427.38,1.39333,0.261093,-0.1,0.02,1,411.985,2.80166e+06,nan,nan,nan,nan,nan,nan,nan,nan,nan,nan,nan,nan,nan,nan,nan,nan,nan,nan,nan,nan
229,nan,nan,0.290632,0,0,0.0106041,0.0499332,0.0343176,-0.00643699,-8.51442,0.0002,0,0.173306,7258.41,1.41908,0.273851,-0.1,0.02,1,413.679,2.81395e+06,nan,nan,nan,nan,nan,nan,nan,nan,nan,nan,nan,nan,nan,nan,nan,nan,nan,nan,nan,nan
230,nan,nan,0.29024,0,0,0.0106842,0.0512843,0.0295173,-0.00486065,-8.51414,0.0002,0,0.17332,7427.83,1.39533,0.25899,-0.1,0.02,1,415.334,2.82624e+06,nan,nan,nan,nan,nan,nan,nan,nan,nan,nan,nan,nan,nan,nan,nan,nan,nan,nan,nan,nan
231,nan,nan,0.290535,0,0,0.0106169,0.0511643,0.0291616,-0.00668883,-8.51448,0.0002,0,0.173311,7225.78,1.44048,0.260099,-0.1,0.02,1,417.035,2.83853e+06,nan,nan,nan,nan,nan,nan,nan,nan,nan,nan,nan,nan,nan,nan,nan,nan,nan,nan,nan,nan
232,nan,nan,0.290439,0,0,0.0103679,0.0495877,0.0283022,-0.00531665,-8.51557,0.0002,0,0.173307,7204.41,1.43107,0.274555,-0.1,0.02,1,418.742,2.85082e+06,nan,nan,nan,nan,nan,nan,nan,nan,nan,nan,nan,nan,nan,nan,nan,nan,nan,nan,nan,nan
233,nan,nan,0.289859,0,0,0.010498,0.0517839,0.0318752,-0.00821414,-8.51574,0.0002,0,0.173314,7266.85,1.43261,0.258356,-0.1,0.02,1,420.435,2.8631e+06,nan,nan,nan,nan,nan,nan,nan,nan,nan,nan,nan,nan,nan,nan,nan,nan,nan,nan,nan,nan
234,nan,nan,0.289827,0,0,0.0103584,0.0506806,0.0257645,-0.00657688,-8.51631,0.0002,0,0.173296,7384.45,1.40906,0.254979,-0.1,0.02,1,422.1,2.87539e+06,nan,nan,nan,nan,nan,nan,nan,nan,nan,nan,nan,nan,nan,nan,nan,nan,nan,nan,nan,nan
235,nan,nan,0.289711,0,0,0.0103283,0.0509615,0.0220792,-0.00460017,-8.51622,0.0002,0,0.173296,7131.21,1.45812,0.26501,-0.1,0.02,1,423.823,2.88768e+06,nan,nan,nan,nan,nan,nan,nan,nan,nan,nan,nan,nan,nan,nan,nan,nan,nan,nan,nan,nan
236,nan,nan,0.289796,0,0,0.0100307,0.0490478,0.0223162,-0.00416501,-8.51541,0.0002,0,0.173283,7076.71,1.43055,0.305848,-0.1,0.02,1,425.56,2.89997e+06,nan,nan,nan,nan,nan,nan,nan,nan,nan,nan,nan,nan,nan,nan,nan,nan,nan,nan,nan,nan
237,nan,nan,0.288816,0,0,0.0100478,0.0492759,0.0240861,-0.00352391,-8.51563,0.0002,0,0.173309,6732.75,1.50325,0.321863,-0.1,0.02,1,427.386,2.91226e+06,nan,nan,nan,nan,nan,nan,nan,nan,nan,nan,nan,nan,nan,nan,nan,nan,nan,nan,nan,nan
238,nan,nan,0.288505,0,0,0.0101204,0.0482443,0.0227006,-0.0040384,-8.51406,0.0002,0,0.173305,7012.46,1.46752,0.284786,-0.1,0.02,1,429.139,2.92454e+06,nan,nan,nan,nan,nan,nan,nan,nan,nan,nan,nan,nan,nan,nan,nan,nan,nan,nan,nan,nan
239,nan,nan,0.288717,0,0,0.00998728,0.0488846,0.0209026,-0.00531913,-8.5144,0.0002,0,0.1733,7082.65,1.45731,0.277633,-0.1,0.02,1,430.875,2.93683e+06,nan,nan,nan,nan,nan,nan,nan,nan,nan,nan,nan,nan,nan,nan,nan,nan,nan,nan,nan,nan
240,nan,nan,0.288429,0,0,0.0100467,0.0480302,0.0221703,-0.00431223,-8.51465,0.0002,0,0.1733,7232.74,1.43761,0.261332,-0.1,0.02,1,432.575,2.94912e+06,nan,nan,nan,nan,nan,nan,nan,nan,nan,nan,nan,nan,nan,nan,nan,nan,nan,nan,nan,nan
241,nan,nan,0.288182,0,0,0.0100354,0.0486975,0.0207947,-0.00325797,-8.51451,0.0002,0,0.173315,7202.52,1.43423,0.271843,-0.1,0.02,1,434.282,2.96141e+06,nan,nan,nan,nan,nan,nan,nan,nan,nan,nan,nan,nan,nan,nan,nan,nan,nan,nan,nan,nan
242,nan,nan,0.287989,0,0,0.00959895,0.0462161,0.0224214,-0.00436864,-8.51424,0.0002,0,0.173293,7133.9,1.43497,0.287507,-0.1,0.02,1,436.005,2.9737e+06,nan,nan,nan,nan,nan,nan,nan,nan,nan,nan,nan,nan,nan,nan,nan,nan,nan,nan,nan,nan
243,nan,nan,0.287872,0,0,0.00969004,0.0468044,0.0187285,-0.00437881,-8.51569,0.0002,0,0.173293,7266.58,1.434,0.257032,-0.1,0.02,1,437.697,2.98598e+06,nan,nan,nan,nan,nan,nan,nan,nan,nan,nan,nan,nan,nan,nan,nan,nan,nan,nan,nan,nan
244,nan,nan,0.287402,0,0,0.00976735,0.0472522,0.0209371,-0.00675632,-8.51498,0.0002,0,0.173289,7148.99,1.46115,0.257691,-0.1,0.02,1,439.416,2.99827e+06,nan,nan,nan,nan,nan,nan,nan,nan,nan,nan,nan,nan,nan,nan,nan,nan,nan,nan,nan,nan
245,nan,nan,0.28705,0,0,0.00971044,0.0475109,0.0173013,-0.00759281,-8.51632,0.0002,0,0.173287,7199.71,1.44065,0.266089,-0.1,0.02,1,441.124,3.01056e+06,nan,nan,nan,nan,nan,nan,nan,nan,nan,nan,nan,nan,nan,nan,nan,nan,nan,nan,nan,nan
246,nan,nan,0.287329,0,0,0.00959919,0.0474447,0.0162189,-2.3569e-05,-8.51866,0.0002,0,0.173256,7067.37,1.47615,0.262543,-0.1,0.02,1,442.863,3.02285e+06,nan,nan,nan,nan,nan,nan,nan,nan,nan,nan,nan,nan,nan,nan,nan,nan,nan,nan,nan,nan
247,nan,nan,0.287061,0,0,0.00945969,0.0466858,0.017547,-0.00704392,-8.52095,0.0002,0,0.173229,7093.56,1.45311,0.279163,-0.1,0.02,1,444.596,3.03514e+06,nan,nan,nan,nan,nan,nan,nan,nan,nan,nan,nan,nan,nan,nan,nan,nan,nan,nan,nan,nan
248,nan,nan,0.286781,0,0,0.0098386,0.0476915,0.0190288,-0.00592912,-8.52277,0.0002,0,0.173275,7310.35,1.42396,0.256947,-0.1,0.02,1,446.278,3.04742e+06,nan,nan,nan,nan,nan,nan,nan,nan,nan,nan,nan,nan,nan,nan,nan,nan,nan,nan,nan,nan
249,nan,nan,0.286307,0,0,0.00959652,0.0474471,0.0195015,-0.00485943,-8.51793,0.0002,0,0.173285,6958.87,1.49347,0.272331,-0.1,0.02,1,448.044,3.05971e+06,nan,nan,nan,nan,nan,nan,nan,nan,nan,nan,nan,nan,nan,nan,nan,nan,nan,nan,nan,nan
250,290.345,1000,0.285336,21.3333,0,0.00977211,0.0485476,0.0183431,-0.00401303,-8.51749,0.0002,0,0.173279,5693.31,1.88532,0.273001,-0.1,0.02,1,450.203,3.072e+06,1.99542,1.97872,1.96679,0.934137,-0.0439639,nan,0,0,0,0,0,0,0,0,nan,nan,0,-0.000283017,-0.000821824,-5.539e-09
251,nan,nan,0.287167,0,0,0.0456842,0.130899,0.0601529,0.0126174,-8.51628,0.0002,0,0.173297,7691.58,1.33504,0.262553,-0.1,0.02,1,451.802,3.08429e+06,nan,nan,nan,nan,nan,nan,nan,nan,nan,nan,nan,nan,nan,nan,nan,nan,nan,nan,nan,nan
252,nan,nan,0.29239,0,0,0.0162725,0.079893,0.0252081,-0.00173572,-8.51506,0.0002,0,0.173276,7717.97,1.33478,0.257351,-0.1,0.02,1,453.395,3.09658e+06,nan,nan,nan,nan,nan,nan,nan,nan,nan,nan,nan,nan,nan,nan,nan,nan,nan,nan,nan,nan
253,nan,nan,0.294305,0,0,0.0133282,0.0692353,0.0188253,-0.00234484,-8.5167,0.0002,0,0.173247,7690.44,1.32966,0.268166,-0.1,0.02,1,454.993,3.10886e+06,nan,nan,nan,nan,nan,nan,nan,nan,nan,nan,nan,nan,nan,nan,nan,nan,nan,nan,nan,nan
254,nan,nan,0.294545,0,0,0.0124696,0.0619448,0.0216342,-0.00534885,-8.51781,0.0002,0,0.173244,7411.3,1.36386,0.294145,-0.1,0.02,1,456.652,3.12115e+06,nan,nan,nan,nan,nan,nan,nan,nan,nan,nan,nan,nan,nan,nan,nan,nan,nan,nan,nan,nan
255,nan,nan,0.294608,0,0,0.0122881,0.0593511,0.0187672,-0.00600425,-8.5174,0.0002,0,0.173271,6665.18,1.52609,0.317523,-0.1,0.02,1,458.497,3.13344e+06,nan,nan,nan,nan,nan,nan,nan,nan,nan,nan,nan,nan,nan,nan,nan,nan,nan,nan,nan,nan
256,nan,nan,0.293891,0,0,0.0123995,0.0584893,0.0174346,-0.00558977,-8.51508,0.0002,0,0.173309,7052.49,1.48083,0.26153,-0.1,0.02,1,460.24,3.14573e+06,nan,nan,nan,nan,nan,nan,nan,nan,nan,nan,nan,nan,nan,nan,nan,nan,nan,nan,nan,nan
257,nan,nan,0.294165,0,0,0.0122314,0.0575531,0.0197563,-0.00322211,-8.51292,0.0002,0,0.17333,7407.35,1.38075,0.278139,-0.1,0.02,1,461.9,3.15802e+06,nan,nan,nan,nan,nan,nan,nan,nan,nan,nan,nan,nan,nan,nan,nan,nan,nan,nan,nan,nan
258,nan,nan,0.293259,0,0,0.0120641,0.0571822,0.0249524,-0.00459202,-8.51438,0.0002,0,0.173283,7309.7,1.40911,0.271944,-0.1,0.02,1,463.581,3.1703e+06,nan,nan,nan,nan,nan,nan,nan,nan,nan,nan,nan,nan,nan,nan,nan,nan,nan,nan,nan,nan
259,nan,nan,0.293316,0,0,0.01179,0.0553638,0.0270099,-0.00526175,-8.51871,0.0002,0,0.17327,7290.21,1.41394,0.271605,-0.1,0.02,1,465.268,3.18259e+06,nan,nan,nan,nan,nan,nan,nan,nan,nan,nan,nan,nan,nan,nan,nan,nan,nan,nan,nan,nan
260,nan,nan,0.29281,0,0,0.0118429,0.0540316,0.0211636,-0.00746793,-8.51968,0.0002,0,0.173272,7496.89,1.37909,0.259989,-0.1,0.02,1,466.908,3.19488e+06,nan,nan,nan,nan,nan,nan,nan,nan,nan,nan,nan,nan,nan,nan,nan,nan,nan,nan,nan,nan
261,nan,nan,0.292369,0,0,0.0112988,0.0533475,0.018724,-0.00642725,-8.52363,0.0002,0,0.173228,7360.71,1.41246,0.256943,-0.1,0.02,1,468.578,3.20717e+06,nan,nan,nan,nan,nan,nan,nan,nan,nan,nan,nan,nan,nan,nan,nan,nan,nan,nan,nan,nan
262,nan,nan,0.292558,0,0,0.011387,0.0529104,0.0231554,-0.00697648,-8.52674,0.0002,0,0.173236,7397.76,1.40741,0.253631,-0.1,0.02,1,470.24,3.21946e+06,nan,nan,nan,nan,nan,nan,nan,nan,nan,nan,nan,nan,nan,nan,nan,nan,nan,nan,nan,nan
263,nan,nan,0.291974,0,0,0.0109614,0.0513649,0.0203739,-0.00587694,-8.52432,0.0002,0,0.173235,6584.24,1.57325,0.293026,-0.1,0.02,1,472.107,3.23174e+06,nan,nan,nan,nan,nan,nan,nan,nan,nan,nan,nan,nan,nan,nan,nan,nan,nan,nan,nan,nan
264,nan,nan,0.291829,0,0,0.0110739,0.0517637,0.023456,-0.00420763,-8.52518,0.0002,0,0.173262,6665.69,1.56426,0.279209,-0.1,0.02,1,473.951,3.24403e+06,nan,nan,nan,nan,nan,nan,nan,nan,nan,nan,nan,nan,nan,nan,nan,nan,nan,nan,nan,nan
265,nan,nan,0.291445,0,0,0.0109056,0.0500678,0.0235271,-0.00218202,-8.52008,0.0002,0,0.173289,5665.89,1.86403,0.304742,-0.1,0.02,1,476.121,3.25632e+06,nan,nan,nan,nan,nan,nan,nan,nan,nan,nan,nan,nan,nan,nan,nan,nan,nan,nan,nan,nan
266,nan,nan,0.290966,0,0,0.0106361,0.0499471,0.0250148,-0.00975714,-8.51787,0.0002,0,0.173299,6319.93,1.63585,0.308474,-0.1,0.02,1,478.066,3.26861e+06,nan,nan,nan,nan,nan,nan,nan,nan,nan,nan,nan,nan,nan,nan,nan,nan,nan,nan,nan,nan
267,nan,nan,0.290191,0,0,0.0106073,0.0491378,0.0208829,-0.00547421,-8.5167,0.0002,0,0.173315,6412.95,1.62941,0.286709,-0.1,0.02,1,479.982,3.2809e+06,nan,nan,nan,nan,nan,nan,nan,nan,nan,nan,nan,nan,nan,nan,nan,nan,nan,nan,nan,nan
268,nan,nan,0.289434,0,0,0.0107256,0.050599,0.0258776,-0.00963251,-8.51483,0.0002,0,0.173321,6488,1.59677,0.297191,-0.1,0.02,1,481.877,3.29318e+06,nan,nan,nan,nan,nan,nan,nan,nan,nan,nan,nan,nan,nan,nan,nan,nan,nan,nan,nan,nan
269,nan,nan,0.289064,0,0,0.0106398,0.0494519,0.024329,-0.0094092,-8.51463,0.0002,0,0.173302,6363.11,1.64988,0.281254,-0.1,0.02,1,483.809,3.30547e+06,nan,nan,nan,nan,nan,nan,nan,nan,nan,nan,nan,nan,nan,nan,nan,nan,nan,nan,nan,nan
270,nan,nan,0.288588,0,0,0.0106705,0.0505947,0.0235268,-0.00335179,-8.51669,0.0002,0,0.173263,6627.59,1.51467,0.339396,-0.1,0.02,1,485.664,3.31776e+06,nan,nan,nan,nan,nan,nan,nan,nan,nan,nan,nan,nan,nan,nan,nan,nan,nan,nan,nan,nan
271,nan,nan,0.287962,0,0,0.0104615,0.0484731,0.0176127,-0.00829609,-8.51844,0.0002,0,0.17327,6770.18,1.53656,0.278456,-0.1,0.02,1,487.48,3.33005e+06,nan,nan,nan,nan,nan,nan,nan,nan,nan,nan,nan,nan,nan,nan,nan,nan,nan,nan,nan,nan
272,nan,nan,0.288224,0,0,0.0104414,0.0486074,0.017646,-0.00609924,-8.51774,0.0002,0,0.173248,6844.38,1.52201,0.273328,-0.1,0.02,1,489.276,3.34234e+06,nan,nan,nan,nan,nan,nan,nan,nan,nan,nan,nan,nan,nan,nan,nan,nan,nan,nan,nan,nan
273,nan,nan,0.287857,0,0,0.0102923,0.0469692,0.020759,-0.00406443,-8.51896,0.0002,0,0.17322,6901.47,1.50727,0.273218,-0.1,0.02,1,491.057,3.35462e+06,nan,nan,nan,nan,nan,nan,nan,nan,nan,nan,nan,nan,nan,nan,nan,nan,nan,nan,nan,nan
274,nan,nan,0.287994,0,0,0.0101111,0.0465332,0.0190585,-0.00600664,-8.51945,0.0002,0,0.173212,6781.48,1.54116,0.270836,-0.1,0.02,1,492.87,3.36691e+06,nan,nan,nan,nan,nan,nan,nan,nan,nan,nan,nan,nan,nan,nan,nan,nan,nan,nan,nan,nan
275,nan,nan,0.28757,0,0,0.0102762,0.0467629,0.0214535,-0.00437442,-8.51898,0.0002,0,0.173257,7192.88,1.45094,0.257417,-0.1,0.02,1,494.58,3.3792e+06,nan,nan,nan,nan,nan,nan,nan,nan,nan,nan,nan,nan,nan,nan,nan,nan,nan,nan,nan,nan
276,nan,nan,0.286942,0,0,0.0101988,0.0468067,0.0211185,-0.00462424,-8.51561,0.0002,0,0.173303,7029.01,1.46024,0.287943,-0.1,0.02,1,496.328,3.39149e+06,nan,nan,nan,nan,nan,nan,nan,nan,nan,nan,nan,nan,nan,nan,nan,nan,nan,nan,nan,nan
277,nan,nan,0.286922,0,0,0.0102302,0.0457671,0.0237275,-0.00407907,-8.51506,0.0002,0,0.173321,7021.67,1.47422,0.275796,-0.1,0.02,1,498.079,3.40378e+06,nan,nan,nan,nan,nan,nan,nan,nan,nan,nan,nan,nan,nan,nan,nan,nan,nan,nan,nan,nan
278,nan,nan,0.286515,0,0,0.0101135,0.045917,0.0201349,-0.00524665,-8.51403,0.0002,0,0.17332,7014.22,1.49349,0.258384,-0.1,0.02,1,499.832,3.41606e+06,nan,nan,nan,nan,nan,nan,nan,nan,nan,nan,nan,nan,nan,nan,nan,nan,nan,nan,nan,nan
279,nan,nan,0.286524,0,0,0.00992188,0.0444253,0.016624,-0.00126564,-8.51452,0.0002,0,0.173314,7203.01,1.44515,0.260798,-0.1,0.02,1,501.539,3.42835e+06,nan,nan,nan,nan,nan,nan,nan,nan,nan,nan,nan,nan,nan,nan,nan,nan,nan,nan,nan,nan
280,nan,nan,0.28644,0,0,0.00967209,0.0438465,0.0210251,-0.00636555,-8.51383,0.0002,0,0.173328,7167.04,1.45219,0.262329,-0.1,0.02,1,503.254,3.44064e+06,nan,nan,nan,nan,nan,nan,nan,nan,nan,nan,nan,nan,nan,nan,nan,nan,nan,nan,nan,nan
281,nan,nan,0.285924,0,0,0.00964665,0.0442075,0.0188774,-0.00740562,-8.51357,0.0002,0,0.173308,6686.17,1.56988,0.26794,-0.1,0.02,1,505.092,3.45293e+06,nan,nan,nan,nan,nan,nan,nan,nan,nan,nan,nan,nan,nan,nan,nan,nan,nan,nan,nan,nan
282,nan,nan,0.28593,0,0,0.0096247,0.0425726,0.0183868,-0.00655123,-8.51656,0.0002,0,0.173262,6349.06,1.65657,0.278832,-0.1,0.02,1,507.029,3.46522e+06,nan,nan,nan,nan,nan,nan,nan,nan,nan,nan,nan,nan,nan,nan,nan,nan,nan,nan,nan,nan
283,nan,nan,0.285609,0,0,0.00983127,0.0431369,0.0149394,-0.00765349,-8.51706,0.0002,0,0.173281,6678.07,1.55988,0.280172,-0.1,0.02,1,508.869,3.4775e+06,nan,nan,nan,nan,nan,nan,nan,nan,nan,nan,nan,nan,nan,nan,nan,nan,nan,nan,nan,nan
284,nan,nan,0.285703,0,0,0.0097097,0.043743,0.0163259,-0.00530839,-8.51493,0.0002,0,0.173309,6703.78,1.5672,0.265796,-0.1,0.02,1,510.703,3.48979e+06,nan,nan,nan,nan,nan,nan,nan,nan,nan,nan,nan,nan,nan,nan,nan,nan,nan,nan,nan,nan
285,nan,nan,0.285425,0,0,0.0095692,0.0430742,0.0134049,-0.00560362,-8.5156,0.0002,0,0.17331,6345.29,1.64444,0.292117,-0.1,0.02,1,512.64,3.50208e+06,nan,nan,nan,nan,nan,nan,nan,nan,nan,nan,nan,nan,nan,nan,nan,nan,nan,nan,nan,nan
286,nan,nan,0.285045,0,0,0.00939986,0.0419993,0.0130274,-0.00819854,-8.51493,0.0002,0,0.173306,5121.61,2.08924,0.310006,-0.1,0.02,1,515.04,3.51437e+06,nan,nan,nan,nan,nan,nan,nan,nan,nan,nan,nan,nan,nan,nan,nan,nan,nan,nan,nan,nan
287,nan,nan,0.285394,0,0,0.00964456,0.0429574,0.0140057,-0.00661133,-8.51564,0.0002,0,0.173253,6005.95,1.62836,0.417612,-0.1,0.02,1,517.087,3.52666e+06,nan,nan,nan,nan,nan,nan,nan,nan,nan,nan,nan,nan,nan,nan,nan,nan,nan,nan,nan,nan
288,nan,nan,0.285341,0,0,0.00959321,0.0424711,0.0122199,-0.00748556,-8.51787,0.0002,0,0.17324,6322.74,1.65996,0.283504,-0.1,0.02,1,519.032,3.53894e+06,nan,nan,nan,nan,nan,nan,nan,nan,nan,nan,nan,nan,nan,nan,nan,nan,nan,nan,nan,nan
289,nan,nan,0.285472,0,0,0.009651,0.0422258,0.0153378,-0.00659426,-8.51716,0.0002,0,0.173281,6130.88,1.7062,0.298075,-0.1,0.02,1,521.037,3.55123e+06,nan,nan,nan,nan,nan,nan,nan,nan,nan,nan,nan,nan,nan,nan,nan,nan,nan,nan,nan,nan
290,nan,nan,0.285054,0,0,0.00974223,0.0429086,0.0167363,-0.00616634,-8.5147,0.0002,0,0.173328,6426.43,1.59271,0.319391,-0.1,0.02,1,522.949,3.56352e+06,nan,nan,nan,nan,nan,nan,nan,nan,nan,nan,nan,nan,nan,nan,nan,nan,nan,nan,nan,nan
291,nan,nan,0.284835,0,0,0.00972195,0.042543,0.0141186,-0.00195218,-8.51285,0.0002,0,0.173329,6196.62,1.6916,0.291422,-0.1,0.02,1,524.933,3.57581e+06,nan,nan,nan,nan,nan,nan,nan,nan,nan,nan,nan,nan,nan,nan,nan,nan,nan,nan,nan,nan
292,288.994,1000,0.283994,21.3333,0,0.0287725,0.0950973,0.0209206,0.00458064,-8.5126,0.0002,0,0.173332,6153.35,1.68191,0.315053,-0.1,0.02,1,526.931,3.5881e+06,1.99555,1.97992,1.95957,0.879686,-0.0423702,nan,0,0,0,0,0,0,0,0,nan,nan,0,-1.52743e-05,-0.000842016,-5.26571e-09
293,nan,nan,0.290535,0,0,0.0303822,0.0958579,0.0867911,0.000282227,-8.51255,0.0002,0,0.173331,6741.51,1.55297,0.269768,-0.1,0.02,1,528.755,3.60038e+06,nan,nan,nan,nan,nan,nan,nan,nan,nan,nan,nan,nan,nan,nan,nan,nan,nan,nan,nan,nan
294,nan,nan,0.293443,0,0,0.0150467,0.0738013,0.0342388,-0.00673791,-8.5129,0.0002,0,0.173317,7616.54,1.34881,0.264519,-0.1,0.02,1,530.369,3.61267e+06,nan,nan,nan,nan,nan,nan,nan,nan,nan,nan,nan,nan,nan,nan,nan,nan,nan,nan,nan,nan
295,nan,nan,0.293104,0,0,0.0139303,0.0683303,0.022001,-0.00514189,-8.51516,0.0002,0,0.173261,7481.57,1.35863,0.28381,-0.1,0.02,1,532.012,3.62496e+06,nan,nan,nan,nan,nan,nan,nan,nan,nan,nan,nan,nan,nan,nan,nan,nan,nan,nan,nan,nan
296,nan,nan,0.292463,0,0,0.0128727,0.0597964,0.0168882,-0.0046706,-8.51834,0.0002,0,0.173252,6965.76,1.4906,0.273455,-0.1,0.02,1,533.777,3.63725e+06,nan,nan,nan,nan,nan,nan,nan,nan,nan,nan,nan,nan,nan,nan,nan,nan,nan,nan,nan,nan
297,nan,nan,0.291367,0,0,0.0122849,0.0577395,0.0161539,-0.00618827,-8.51753,0.0002,0,0.173276,6553.16,1.54667,0.328458,-0.1,0.02,1,535.652,3.64954e+06,nan,nan,nan,nan,nan,nan,nan,nan,nan,nan,nan,nan,nan,nan,nan,nan,nan,nan,nan,nan
298,nan,nan,0.290954,0,0,0.0124018,0.0559529,0.0218242,-0.00286132,-8.5159,0.0002,0,0.173296,6597.68,1.55126,0.311216,-0.1,0.02,1,537.516,3.66182e+06,nan,nan,nan,nan,nan,nan,nan,nan,nan,nan,nan,nan,nan,nan,nan,nan,nan,nan,nan,nan
299,nan,nan,0.290384,0,0,0.0119544,0.0526869,0.0215126,-0.00772317,-8.51519,0.0002,0,0.173306,6232.26,1.63072,0.340954,-0.1,0.02,1,539.488,3.67411e+06,nan,nan,nan,nan,nan,nan,nan,nan,nan,nan,nan,nan,nan,nan,nan,nan,nan,nan,nan,nan
300,nan,nan,0.29071,0,0,0.0118544,0.0512173,0.0206995,-0.00602174,-8.51646,0.0002,0,0.173303,5374.4,1.82613,0.460263,-0.1,0.02,1,541.776,3.6864e+06,nan,nan,nan,nan,nan,nan,nan,nan,nan,nan,nan,nan,nan,nan,nan,nan,nan,nan,nan,nan
301,nan,nan,0.291081,0,0,0.0118708,0.0503164,0.0188414,-0.00453476,-8.51588,0.0002,0,0.173316,4506.25,2.21476,0.512117,-0.1,0.02,1,548.725,3.69869e+06,nan,nan,nan,nan,nan,nan,nan,nan,nan,nan,nan,nan,nan,nan,nan,nan,nan,nan,nan,nan
302,nan,nan,0.290575,0,0,0.0114663,0.0500651,0.0198795,-0.00788221,-8.51512,0.0002,0,0.173304,5145.88,1.93626,0.451673,-0.1,0.02,1,551.114,3.71098e+06,nan,nan,nan,nan,nan,nan,nan,nan,nan,nan,nan,nan,nan,nan,nan,nan,nan,nan,nan,nan
303,nan,nan,0.291549,0,0,0.0112887,0.0489804,0.0179084,-0.00709357,-8.5174,0.0002,0,0.173284,5132.12,1.93567,0.458664,-0.1,0.02,1,553.51,3.72326e+06,nan,nan,nan,nan,nan,nan,nan,nan,nan,nan,nan,nan,nan,nan,nan,nan,nan,nan,nan,nan
304,nan,nan,0.291171,0,0,0.0115716,0.0495391,0.0194322,-0.00624637,-8.5188,0.0002,0,0.173294,5569.74,1.77219,0.434019,-0.1,0.02,1,555.717,3.73555e+06,nan,nan,nan,nan,nan,nan,nan,nan,nan,nan,nan,nan,nan,nan,nan,nan,nan,nan,nan,nan
305,nan,nan,0.291707,0,0,0.0113467,0.0489294,0.0187887,-0.00688266,-8.51745,0.0002,0,0.17329,5586.48,1.78772,0.411877,-0.1,0.02,1,557.918,3.74784e+06,nan,nan,nan,nan,nan,nan,nan,nan,nan,nan,nan,nan,nan,nan,nan,nan,nan,nan,nan,nan
306,nan,nan,0.29174,0,0,0.0113107,0.0477769,0.0195773,-0.00687241,-8.51524,0.0002,0,0.173292,5823.79,1.70807,0.401898,-0.1,0.02,1,560.028,3.76013e+06,nan,nan,nan,nan,nan,nan,nan,nan,nan,nan,nan,nan,nan,nan,nan,nan,nan,nan,nan,nan
307,nan,nan,0.291635,0,0,0.0113456,0.0481197,0.0220667,-0.00867457,-8.51615,0.0002,0,0.173253,5699.73,1.74536,0.410526,-0.1,0.02,1,562.185,3.77242e+06,nan,nan,nan,nan,nan,nan,nan,nan,nan,nan,nan,nan,nan,nan,nan,nan,nan,nan,nan,nan
308,nan,nan,0.29169,0,0,0.0112947,0.0466016,0.022238,-0.00781455,-8.51827,0.0002,0,0.173273,5953.34,1.64945,0.414605,-0.1,0.02,1,564.25,3.7847e+06,nan,nan,nan,nan,nan,nan,nan,nan,nan,nan,nan,nan,nan,nan,nan,nan,nan,nan,nan,nan
309,nan,nan,0.291126,0,0,0.0114217,0.0478449,0.0181274,-0.00505196,-8.51605,0.0002,0,0.173295,6015.85,1.73167,0.310937,-0.1,0.02,1,566.294,3.79699e+06,nan,nan,nan,nan,nan,nan,nan,nan,nan,nan,nan,nan,nan,nan,nan,nan,nan,nan,nan,nan
310,nan,nan,0.290683,0,0,0.011369,0.0476241,0.0218187,-0.0090755,-8.51435,0.0002,0,0.173324,7245.32,1.44038,0.255613,-0.1,0.02,1,567.99,3.80928e+06,nan,nan,nan,nan,nan,nan,nan,nan,nan,nan,nan,nan,nan,nan,nan,nan,nan,nan,nan,nan
311,nan,nan,0.291039,0,0,0.0111869,0.047144,0.0194832,-0.0097838,-8.51289,0.0002,0,0.173326,7148.82,1.4644,0.254488,-0.1,0.02,1,569.71,3.82157e+06,nan,nan,nan,nan,nan,nan,nan,nan,nan,nan,nan,nan,nan,nan,nan,nan,nan,nan,nan,nan
312,nan,nan,0.290776,0,0,0.0111254,0.0468975,0.0147212,-0.0036535,-8.51286,0.0002,0,0.173327,7302.48,1.42443,0.258284,-0.1,0.02,1,571.393,3.83386e+06,nan,nan,nan,nan,nan,nan,nan,nan,nan,nan,nan,nan,nan,nan,nan,nan,nan,nan,nan,nan
313,nan,nan,0.291088,0,0,0.0107712,0.0456877,0.0182722,-0.00667102,-8.51307,0.0002,0,0.17333,7464.3,1.39112,0.255118,-0.1,0.02,1,573.04,3.84614e+06,nan,nan,nan,nan,nan,nan,nan,nan,nan,nan,nan,nan,nan,nan,nan,nan,nan,nan,nan,nan
314,nan,nan,0.290052,0,0,0.0108105,0.0449908,0.023335,-0.00661664,-8.51306,0.0002,0,0.173324,7614.12,1.36277,0.251073,-0.1,0.02,1,574.655,3.85843e+06,nan,nan,nan,nan,nan,nan,nan,nan,nan,nan,nan,nan,nan,nan,nan,nan,nan,nan,nan,nan
315,nan,nan,0.290317,0,0,0.0111365,0.0466442,0.0231792,-0.00737051,-8.51379,0.0002,0,0.173306,7538.07,1.37624,0.253883,-0.1,0.02,1,576.286,3.87072e+06,nan,nan,nan,nan,nan,nan,nan,nan,nan,nan,nan,nan,nan,nan,nan,nan,nan,nan,nan,nan
316,nan,nan,0.290766,0,0,0.0110535,0.0455875,0.0196673,-0.00637467,-8.51538,0.0002,0,0.173289,7659.65,1.35374,0.25051,-0.1,0.02,1,577.891,3.88301e+06,nan,nan,nan,nan,nan,nan,nan,nan,nan,nan,nan,nan,nan,nan,nan,nan,nan,nan,nan,nan
317,nan,nan,0.289599,0,0,0.0111143,0.0455276,0.026554,-0.00388073,-8.51687,0.0002,0,0.173282,7130.64,1.46822,0.255053,-0.1,0.02,1,579.614,3.8953e+06,nan,nan,nan,nan,nan,nan,nan,nan,nan,nan,nan,nan,nan,nan,nan,nan,nan,nan,nan,nan
318,nan,nan,0.28991,0,0,0.011265,0.0465152,0.0174794,-0.00472287,-8.51705,0.0002,0,0.173262,7747.63,1.33583,0.250201,-0.1,0.02,1,581.201,3.90758e+06,nan,nan,nan,nan,nan,nan,nan,nan,nan,nan,nan,nan,nan,nan,nan,nan,nan,nan,nan,nan
319,nan,nan,0.28953,0,0,0.0111418,0.0445716,0.0182794,-0.00510482,-8.51827,0.0002,0,0.173259,7614.23,1.36216,0.251664,-0.1,0.02,1,582.816,3.91987e+06,nan,nan,nan,nan,nan,nan,nan,nan,nan,nan,nan,nan,nan,nan,nan,nan,nan,nan,nan,nan
320,nan,nan,0.289331,0,0,0.0111522,0.045237,0.0191954,-0.00634431,-8.51725,0.0002,0,0.173267,7746.57,1.33663,0.249619,-0.1,0.02,1,584.403,3.93216e+06,nan,nan,nan,nan,nan,nan,nan,nan,nan,nan,nan,nan,nan,nan,nan,nan,nan,nan,nan,nan
321,nan,nan,0.289453,0,0,0.0113467,0.0466605,0.0236371,-0.00750211,-8.51737,0.0002,0,0.173278,7630.91,1.35706,0.253237,-0.1,0.02,1,586.014,3.94445e+06,nan,nan,nan,nan,nan,nan,nan,nan,nan,nan,nan,nan,nan,nan,nan,nan,nan,nan,nan,nan
322,nan,nan,0.289249,0,0,0.0113865,0.0464893,0.0184536,-0.00691053,-8.51725,0.0002,0,0.173298,7777.37,1.32966,0.250305,-0.1,0.02,1,587.594,3.95674e+06,nan,nan,nan,nan,nan,nan,nan,nan,nan,nan,nan,nan,nan,nan,nan,nan,nan,nan,nan,nan
323,nan,nan,0.289228,0,0,0.0112152,0.0466523,0.0190088,-0.00670454,-8.51572,0.0002,0,0.173309,7687.84,1.34635,0.252018,-0.1,0.02,1,589.193,3.96902e+06,nan,nan,nan,nan,nan,nan,nan,nan,nan,nan,nan,nan,nan,nan,nan,nan,nan,nan,nan,nan
324,nan,nan,0.288678,0,0,0.011189,0.0451716,0.0182547,-0.00438387,-8.51458,0.0002,0,0.173315,7416.75,1.39587,0.260917,-0.1,0.02,1,590.851,3.98131e+06,nan,nan,nan,nan,nan,nan,nan,nan,nan,nan,nan,nan,nan,nan,nan,nan,nan,nan,nan,nan
325,nan,nan,0.288751,0,0,0.011231,0.0456936,0.0143878,-0.00817784,-8.51296,0.0002,0,0.17332,7540.56,1.3754,0.254192,-0.1,0.02,1,592.481,3.9936e+06,nan,nan,nan,nan,nan,nan,nan,nan,nan,nan,nan,nan,nan,nan,nan,nan,nan,nan,nan,nan
326,nan,nan,0.289118,0,0,0.0109959,0.0453976,0.016853,-0.00366106,-8.51314,0.0002,0,0.173318,7517.79,1.3817,0.252825,-0.1,0.02,1,594.116,4.00589e+06,nan,nan,nan,nan,nan,nan,nan,nan,nan,nan,nan,nan,nan,nan,nan,nan,nan,nan,nan,nan
327,nan,nan,0.288048,0,0,0.0112099,0.0460814,0.0144836,-0.00581451,-8.51373,0.0002,0,0.173313,7752.54,1.33419,0.250835,-0.1,0.02,1,595.702,4.01818e+06,nan,nan,nan,nan,nan,nan,nan,nan,nan,nan,nan,nan,nan,nan,nan,nan,nan,nan,nan,nan
328,nan,nan,0.288634,0,0,0.0112167,0.0450276,0.0135397,-0.00496907,-8.51428,0.0002,0,0.173301,7759,1.32564,0.258067,-0.1,0.02,1,597.287,4.03046e+06,nan,nan,nan,nan,nan,nan,nan,nan,nan,nan,nan,nan,nan,nan,nan,nan,nan,nan,nan,nan
329,nan,nan,0.288297,0,0,0.0112232,0.0460609,0.0182631,-0.00461887,-8.51608,0.0002,0,0.173285,7769.81,1.3254,0.256107,-0.1,0.02,1,598.869,4.04275e+06,nan,nan,nan,nan,nan,nan,nan,nan,nan,nan,nan,nan,nan,nan,nan,nan,nan,nan,nan,nan
330,nan,nan,0.288299,0,0,0.0114295,0.0458038,0.01238,-0.00505804,-8.51539,0.0002,0,0.173306,7659.23,1.34492,0.259417,-0.1,0.02,1,600.474,4.05504e+06,nan,nan,nan,nan,nan,nan,nan,nan,nan,nan,nan,nan,nan,nan,nan,nan,nan,nan,nan,nan
331,nan,nan,0.288445,0,0,0.0110775,0.0446835,0.013205,-0.00540638,-8.51501,0.0002,0,0.173306,7777.84,1.32495,0.254924,-0.1,0.02,1,602.055,4.06733e+06,nan,nan,nan,nan,nan,nan,nan,nan,nan,nan,nan,nan,nan,nan,nan,nan,nan,nan,nan,nan
332,nan,nan,0.28846,0,0,0.0109824,0.0441544,0.013937,-0.00409848,-8.5153,0.0002,0,0.173305,7766.84,1.32707,0.255041,-0.1,0.02,1,603.637,4.07962e+06,nan,nan,nan,nan,nan,nan,nan,nan,nan,nan,nan,nan,nan,nan,nan,nan,nan,nan,nan,nan
333,nan,nan,0.288745,0,0,0.0110884,0.0444501,0.0191361,-0.00403019,-8.5161,0.0002,0,0.173294,7778.49,1.32836,0.251383,-0.1,0.02,1,605.218,4.0919e+06,nan,nan,nan,nan,nan,nan,nan,nan,nan,nan,nan,nan,nan,nan,nan,nan,nan,nan,nan,nan
334,290.206,1000,0.287692,21.3333,0,0.0329161,0.0931997,0.044036,0.00147743,-8.51704,0.0002,0,0.173307,5695.04,1.87826,0.279403,-0.1,0.02,1,607.376,4.10419e+06,1.99501,1.9805,1.94801,0.864991,-0.0414381,nan,0,0,0,0,0,0,0,0,nan,nan,0,-6.82422e-07,-0.000845306,-5.54157e-09
335,nan,nan,0.292593,0,0,0.0230929,0.0826407,0.0670091,-0.00587189,-8.51535,0.0002,0,0.173313,7422.41,1.37435,0.281181,-0.1,0.02,1,609.033,4.11648e+06,nan,nan,nan,nan,nan,nan,nan,nan,nan,nan,nan,nan,nan,nan,nan,nan,nan,nan,nan,nan
336,nan,nan,0.292403,0,0,0.0155094,0.0685671,0.0343273,-0.00471278,-8.51484,0.0002,0,0.173298,7263.09,1.34339,0.348451,-0.1,0.02,1,610.726,4.12877e+06,nan,nan,nan,nan,nan,nan,nan,nan,nan,nan,nan,nan,nan,nan,nan,nan,nan,nan,nan,nan
337,nan,nan,0.291739,0,0,0.0138445,0.0593113,0.0231455,-0.00810522,-8.51625,0.0002,0,0.17329,7943.08,1.29289,0.254115,-0.1,0.02,1,612.273,4.14106e+06,nan,nan,nan,nan,nan,nan,nan,nan,nan,nan,nan,nan,nan,nan,nan,nan,nan,nan,nan,nan
338,nan,nan,0.290448,0,0,0.0133124,0.0580999,0.0193063,-0.00196029,-8.51674,0.0002,0,0.173282,7795.54,1.29228,0.284006,-0.1,0.02,1,613.85,4.15334e+06,nan,nan,nan,nan,nan,nan,nan,nan,nan,nan,nan,nan,nan,nan,nan,nan,nan,nan,nan,nan
339,nan,nan,0.290179,0,0,0.0131015,0.0544448,0.0213956,-0.0016822,-8.51519,0.0002,0,0.173323,7781.18,1.31179,0.267406,-0.1,0.02,1,615.43,4.16563e+06,nan,nan,nan,nan,nan,nan,nan,nan,nan,nan,nan,nan,nan,nan,nan,nan,nan,nan,nan,nan
340,nan,nan,0.290085,0,0,0.0129078,0.0528107,0.0255273,-0.00750069,-8.51349,0.0002,0,0.173299,7926.74,1.29533,0.254865,-0.1,0.02,1,616.981,4.17792e+06,nan,nan,nan,nan,nan,nan,nan,nan,nan,nan,nan,nan,nan,nan,nan,nan,nan,nan,nan,nan
341,nan,nan,0.290195,0,0,0.0130047,0.0536058,0.0254156,-0.0075045,-8.51597,0.0002,0,0.173261,7794.53,1.31795,0.258545,-0.1,0.02,1,618.558,4.19021e+06,nan,nan,nan,nan,nan,nan,nan,nan,nan,nan,nan,nan,nan,nan,nan,nan,nan,nan,nan,nan
342,nan,nan,0.289301,0,0,0.0132794,0.0520751,0.0224076,-0.00379335,-8.51633,0.0002,0,0.17329,7919.43,1.29689,0.254739,-0.1,0.02,1,620.111,4.2025e+06,nan,nan,nan,nan,nan,nan,nan,nan,nan,nan,nan,nan,nan,nan,nan,nan,nan,nan,nan,nan
343,nan,nan,0.289401,0,0,0.0132764,0.0528101,0.0224197,-0.00456931,-8.51566,0.0002,0,0.17327,7724.9,1.3369,0.253797,-0.1,0.02,1,621.702,4.21478e+06,nan,nan,nan,nan,nan,nan,nan,nan,nan,nan,nan,nan,nan,nan,nan,nan,nan,nan,nan,nan
344,nan,nan,0.289608,0,0,0.01316,0.0522177,0.0182005,-0.00667152,-8.5176,0.0002,0,0.173244,7899.1,1.30233,0.253285,-0.1,0.02,1,623.258,4.22707e+06,nan,nan,nan,nan,nan,nan,nan,nan,nan,nan,nan,nan,nan,nan,nan,nan,nan,nan,nan,nan
345,nan,nan,0.289805,0,0,0.0131607,0.0515848,0.0172303,-0.00530453,-8.51869,0.0002,0,0.173239,7410.03,1.40419,0.254108,-0.1,0.02,1,624.917,4.23936e+06,nan,nan,nan,nan,nan,nan,nan,nan,nan,nan,nan,nan,nan,nan,nan,nan,nan,nan,nan,nan
346,nan,nan,0.289434,0,0,0.0123276,0.0506918,0.0180269,-0.0088955,-8.51737,0.0002,0,0.173267,7509.76,1.38432,0.251955,-0.1,0.02,1,626.554,4.25165e+06,nan,nan,nan,nan,nan,nan,nan,nan,nan,nan,nan,nan,nan,nan,nan,nan,nan,nan,nan,nan
347,nan,nan,0.289546,0,0,0.0126698,0.0512993,0.0185685,-0.00368003,-8.51702,0.0002,0,0.173271,7759.57,1.29877,0.284826,-0.1,0.02,1,628.139,4.26394e+06,nan,nan,nan,nan,nan,nan,nan,nan,nan,nan,nan,nan,nan,nan,nan,nan,nan,nan,nan,nan
348,nan,nan,0.289874,0,0,0.0127183,0.0503948,0.0194102,-0.0071145,-8.5142,0.0002,0,0.17333,7014.2,1.48848,0.263393,-0.1,0.02,1,629.892,4.27622e+06,nan,nan,nan,nan,nan,nan,nan,nan,nan,nan,nan,nan,nan,nan,nan,nan,nan,nan,nan,nan
349,nan,nan,0.290092,0,0,0.0125246,0.0497674,0.0204071,-0.00637372,-8.51323,0.0002,0,0.173321,7265.15,1.41749,0.273868,-0.1,0.02,1,631.584,4.28851e+06,nan,nan,nan,nan,nan,nan,nan,nan,nan,nan,nan,nan,nan,nan,nan,nan,nan,nan,nan,nan
350,nan,nan,0.289715,0,0,0.0124923,0.0497252,0.0197663,-0.00667526,-8.51325,0.0002,0,0.173322,7286.24,1.37615,0.310314,-0.1,0.02,1,633.271,4.3008e+06,nan,nan,nan,nan,nan,nan,nan,nan,nan,nan,nan,nan,nan,nan,nan,nan,nan,nan,nan,nan
351,nan,nan,0.289302,0,0,0.0125048,0.0498254,0.020079,-0.00580319,-8.51359,0.0002,0,0.173311,6859.27,1.45171,0.339735,-0.1,0.02,1,635.063,4.31309e+06,nan,nan,nan,nan,nan,nan,nan,nan,nan,nan,nan,nan,nan,nan,nan,nan,nan,nan,nan,nan
352,nan,nan,0.289321,0,0,0.0123929,0.0496054,0.0157697,-0.00454811,-8.51348,0.0002,0,0.173324,6679.97,1.5365,0.303035,-0.1,0.02,1,636.903,4.32538e+06,nan,nan,nan,nan,nan,nan,nan,nan,nan,nan,nan,nan,nan,nan,nan,nan,nan,nan,nan,nan
353,nan,nan,0.288787,0,0,0.011845,0.0487576,0.0236111,-0.00591603,-8.51577,0.0002,0,0.173296,7171.94,1.44463,0.268718,-0.1,0.02,1,638.617,4.33766e+06,nan,nan,nan,nan,nan,nan,nan,nan,nan,nan,nan,nan,nan,nan,nan,nan,nan,nan,nan,nan
354,nan,nan,0.28856,0,0,0.0120259,0.0482926,0.017017,-0.00556804,-8.51846,0.0002,0,0.173287,7046.97,1.48715,0.256574,-0.1,0.02,1,640.362,4.34995e+06,nan,nan,nan,nan,nan,nan,nan,nan,nan,nan,nan,nan,nan,nan,nan,nan,nan,nan,nan,nan
355,nan,nan,0.288331,0,0,0.0119222,0.0478729,0.0190082,-0.00452946,-8.51858,0.0002,0,0.173283,7083.74,1.47595,0.25873,-0.1,0.02,1,642.097,4.36224e+06,nan,nan,nan,nan,nan,nan,nan,nan,nan,nan,nan,nan,nan,nan,nan,nan,nan,nan,nan,nan
356,nan,nan,0.288815,0,0,0.011538,0.0471544,0.0163224,-0.00551655,-8.51703,0.0002,0,0.1733,6671.03,1.54857,0.293428,-0.1,0.02,1,643.94,4.37453e+06,nan,nan,nan,nan,nan,nan,nan,nan,nan,nan,nan,nan,nan,nan,nan,nan,nan,nan,nan,nan
357,nan,nan,0.2884,0,0,0.011639,0.0485224,0.0184948,-0.00680941,-8.5145,0.0002,0,0.1733,6740.89,1.5594,0.263501,-0.1,0.02,1,645.764,4.38682e+06,nan,nan,nan,nan,nan,nan,nan,nan,nan,nan,nan,nan,nan,nan,nan,nan,nan,nan,nan,nan
358,nan,nan,0.288088,0,0,0.011511,0.0469596,0.0173437,-0.00569475,-8.51443,0.0002,0,0.17332,6930.96,1.49634,0.276577,-0.1,0.02,1,647.538,4.3991e+06,nan,nan,nan,nan,nan,nan,nan,nan,nan,nan,nan,nan,nan,nan,nan,nan,nan,nan,nan,nan
359,nan,nan,0.287354,0,0,0.0114913,0.0478829,0.0177511,-0.00652802,-8.51454,0.0002,0,0.173296,6663.72,1.41489,0.429127,-0.1,0.02,1,649.383,4.41139e+06,nan,nan,nan,nan,nan,nan,nan,nan,nan,nan,nan,nan,nan,nan,nan,nan,nan,nan,nan,nan
360,nan,nan,0.287136,0,0,0.0113801,0.0469065,0.0166384,-0.00377921,-8.51708,0.0002,0,0.173279,5929.59,1.66224,0.410079,-0.1,0.02,1,651.456,4.42368e+06,nan,nan,nan,nan,nan,nan,nan,nan,nan,nan,nan,nan,nan,nan,nan,nan,nan,nan,nan,nan
361,nan,nan,0.286748,0,0,0.0114986,0.047453,0.0155503,-0.0054285,-8.51693,0.0002,0,0.173288,6852.45,1.52506,0.268164,-0.1,0.02,1,653.25,4.43597e+06,nan,nan,nan,nan,nan,nan,nan,nan,nan,nan,nan,nan,nan,nan,nan,nan,nan,nan,nan,nan
362,nan,nan,0.286549,0,0,0.011381,0.0463355,0.0157634,-0.00722013,-8.51771,0.0002,0,0.173303,7396.63,1.40929,0.252005,-0.1,0.02,1,654.912,4.44826e+06,nan,nan,nan,nan,nan,nan,nan,nan,nan,nan,nan,nan,nan,nan,nan,nan,nan,nan,nan,nan
363,nan,nan,0.286315,0,0,0.011351,0.0463334,0.0164219,-0.00224212,-8.51792,0.0002,0,0.173293,7335.16,1.39959,0.275626,-0.1,0.02,1,656.588,4.46054e+06,nan,nan,nan,nan,nan,nan,nan,nan,nan,nan,nan,nan,nan,nan,nan,nan,nan,nan,nan,nan
364,nan,nan,0.286746,0,0,0.0114502,0.0465968,0.0123837,-0.0052907,-8.51888,0.0002,0,0.173277,5962.53,1.79785,0.26302,-0.1,0.02,1,658.65,4.47283e+06,nan,nan,nan,nan,nan,nan,nan,nan,nan,nan,nan,nan,nan,nan,nan,nan,nan,nan,nan,nan
365,nan,nan,0.286912,0,0,0.0113066,0.0466905,0.0121345,-0.008133,-8.52007,0.0002,0,0.173247,7114.97,1.46862,0.25844,-0.1,0.02,1,660.377,4.48512e+06,nan,nan,nan,nan,nan,nan,nan,nan,nan,nan,nan,nan,nan,nan,nan,nan,nan,nan,nan,nan
366,nan,nan,0.287287,0,0,0.0112771,0.0468577,0.0128312,-0.00591862,-8.52279,0.0002,0,0.173265,7234.65,1.40322,0.295276,-0.1,0.02,1,662.077,4.49741e+06,nan,nan,nan,nan,nan,nan,nan,nan,nan,nan,nan,nan,nan,nan,nan,nan,nan,nan,nan,nan
367,nan,nan,0.286562,0,0,0.0113449,0.0461288,0.0154629,-0.00399565,-8.52224,0.0002,0,0.173271,6674.07,1.54407,0.297085,-0.1,0.02,1,663.919,4.5097e+06,nan,nan,nan,nan,nan,nan,nan,nan,nan,nan,nan,nan,nan,nan,nan,nan,nan,nan,nan,nan
368,nan,nan,0.286511,0,0,0.0116321,0.0469441,0.0140479,-0.00687219,-8.52052,0.0002,0,0.173288,7159.65,1.3509,0.365382,-0.1,0.02,1,665.636,4.52198e+06,nan,nan,nan,nan,nan,nan,nan,nan,nan,nan,nan,nan,nan,nan,nan,nan,nan,nan,nan,nan
369,nan,nan,0.286615,0,0,0.0114969,0.0473078,0.0131176,-0.00755682,-8.51876,0.0002,0,0.17325,7293.67,1.42913,0.255623,-0.1,0.02,1,667.322,4.53427e+06,nan,nan,nan,nan,nan,nan,nan,nan,nan,nan,nan,nan,nan,nan,nan,nan,nan,nan,nan,nan
370,nan,nan,0.286522,0,0,0.011409,0.0472922,0.0138568,-0.000991777,-8.51932,0.0002,0,0.173274,7737.21,1.3225,0.265673,-0.1,0.02,1,668.91,4.54656e+06,nan,nan,nan,nan,nan,nan,nan,nan,nan,nan,nan,nan,nan,nan,nan,nan,nan,nan,nan,nan
371,nan,nan,0.286313,0,0,0.0115002,0.0473187,0.0160126,-0.0026281,-8.51684,0.0002,0,0.173278,7395.67,1.40181,0.259706,-0.1,0.02,1,670.573,4.55885e+06,nan,nan,nan,nan,nan,nan,nan,nan,nan,nan,nan,nan,nan,nan,nan,nan,nan,nan,nan,nan
372,nan,nan,0.286224,0,0,0.0115013,0.0473043,0.0135694,-0.00568597,-8.51828,0.0002,0,0.173247,7725.04,1.33038,0.260293,-0.1,0.02,1,672.164,4.57114e+06,nan,nan,nan,nan,nan,nan,nan,nan,nan,nan,nan,nan,nan,nan,nan,nan,nan,nan,nan,nan
373,nan,nan,0.28617,0,0,0.0117042,0.0480698,0.0138141,-0.00499545,-8.51846,0.0002,0,0.173275,7738.76,1.33293,0.25492,-0.1,0.02,1,673.753,4.58342e+06,nan,nan,nan,nan,nan,nan,nan,nan,nan,nan,nan,nan,nan,nan,nan,nan,nan,nan,nan,nan
374,nan,nan,0.286136,0,0,0.0118655,0.0483254,0.0167216,-0.00399723,-8.5167,0.0002,0,0.173304,7825.16,1.31332,0.257,-0.1,0.02,1,675.323,4.59571e+06,nan,nan,nan,nan,nan,nan,nan,nan,nan,nan,nan,nan,nan,nan,nan,nan,nan,nan,nan,nan
375,288.425,1000,0.285902,21.3333,0,0.0118501,0.0476232,0.0125562,-0.00399754,-8.5147,0.0002,0,0.173307,6830.65,1.54479,0.254155,-0.1,0.02,1,677.123,4.608e+06,1.99486,1.98122,1.94257,0.804002,-0.0407793,nan,0,0,0,0,0,0,0,0,nan,nan,0,-5.90034e-07,-0.000877324,-5.59197e-09
376,nan,nan,0.288052,0,0,0.0414158,0.0970636,0.0842577,0.00270771,-8.51466,0.0002,0,0.173296,7944.43,1.29204,0.2547,-0.1,0.02,1,678.671,4.62029e+06,nan,nan,nan,nan,nan,nan,nan,nan,nan,nan,nan,nan,nan,nan,nan,nan,nan,nan,nan,nan
377,nan,nan,0.291111,0,0,0.0278098,0.0816841,0.0458163,-0.00689571,-8.51533,0.0002,0,0.173298,7904.81,1.30488,0.249618,-0.1,0.02,1,680.226,4.63258e+06,nan,nan,nan,nan,nan,nan,nan,nan,nan,nan,nan,nan,nan,nan,nan,nan,nan,nan,nan,nan
378,nan,nan,0.287232,0,0,0.0199336,0.0764446,0.0312778,-0.00149004,-8.51569,0.0002,0,0.173296,8077.42,1.27165,0.249623,-0.1,0.02,1,681.748,4.64486e+06,nan,nan,nan,nan,nan,nan,nan,nan,nan,nan,nan,nan,nan,nan,nan,nan,nan,nan,nan,nan
379,20.7904,93,0.282814,0,0.0416667,0.0169663,0.0727679,0.558302,0.000275769,-8.51577,0.0002,0,0.173305,8061.99,1.27659,0.247601,-0.1,0.02,1,683.273,4.65715e+06,0.146695,0.135743,0.159422,0.0542658,-0.00434881,nan,0,0,0,0,0,0,0,0,nan,nan,-0.004,-0.00402896,-0.0174908,-3.31031e-07
380,22.8998,101,0.280419,0,0.0833333,0.0156084,0.0762345,0.165503,-0.00278191,-8.51395,0.0002,0,0.173326,8201.18,1.25312,0.245198,-0.1,0.02,1,684.772,4.66944e+06,0.16311,0.154774,0.175369,0.0598059,-0.00498054,nan,0,0,0,0,0,0,0,0,nan,nan,0,-0.00388482,-0.0165746,-3.21926e-07
381,30.154,125.5,0.279013,0,0.0833333,0.0161828,0.0682158,0.0596473,0.015363,-8.51319,0.0002,0,0.173323,8166.33,1.25746,0.247256,-0.1,0.02,1,686.278,4.68173e+06,0.209866,0.202092,0.21958,0.0651807,-0.00591955,nan,0,0,0,0,0,0,0,0,nan,nan,-0.002,-0.00413154,-0.0155832,-3.00434e-07
382,35.4167,145,0.280383,0,0.0416667,0.0146236,0.0570717,0.0373505,0.00272047,-8.51487,0.0002,0,0.173312,7738.88,1.30748,0.280351,-0.1,0.02,1,687.866,4.69402e+06,0.250825,0.242062,0.261648,0.0813709,-0.00677752,nan,0,0,0,0,0,0,0,0,nan,nan,0,-0.00297766,-0.0149225,-2.93062e-07
383,nan,nan,0.281814,0,0,0.013974,0.0553949,0.0353624,-0.00294766,-8.51713,0.0002,0,0.173287,7943.58,1.29697,0.249943,-0.1,0.02,1,689.417,4.7063e+06,nan,nan,nan,nan,nan,nan,nan,nan,nan,nan,nan,nan,nan,nan,nan,nan,nan,nan,nan,nan
384,nan,nan,0.282386,0,0,0.0137484,0.0526036,0.0352465,-0.000636605,-8.5186,0.0002,0,0.173306,7588.65,1.35703,0.26223,-0.1,0.02,1,691.037,4.71859e+06,nan,nan,nan,nan,nan,nan,nan,nan,nan,nan,nan,nan,nan,nan,nan,nan,nan,nan,nan,nan
385,56.9182,232,0.283122,0,0.0416667,0.0138994,0.0535125,0.0247575,-0.00467433,-8.51464,0.0002,0,0.173333,7807.91,1.30992,0.263871,-0.1,0.02,1,692.611,4.73088e+06,0.409658,0.373814,0.391861,0.131906,-0.00962286,nan,0,0,0,0,0,0,0,0,nan,nan,0,-0.00083394,-0.0224236,-3.05454e-07
386,nan,nan,0.282874,0,0,0.0124532,0.0492922,0.0220092,-0.0076181,-8.51244,0.0002,0,0.173332,7793.21,1.32628,0.250481,-0.1,0.02,1,694.188,4.74317e+06,nan,nan,nan,nan,nan,nan,nan,nan,nan,nan,nan,nan,nan,nan,nan,nan,nan,nan,nan,nan
387,nan,nan,0.28324,0,0,0.0123628,0.0494263,0.0188218,-0.00640398,-8.51351,0.0002,0,0.173314,7565.18,1.34239,0.281897,-0.1,0.02,1,695.813,4.75546e+06,nan,nan,nan,nan,nan,nan,nan,nan,nan,nan,nan,nan,nan,nan,nan,nan,nan,nan,nan,nan
388,nan,nan,0.283479,0,0,0.012206,0.0481123,0.0177132,-0.00569318,-8.51525,0.0002,0,0.173319,7723.78,1.34592,0.245008,-0.1,0.02,1,697.405,4.76774e+06,nan,nan,nan,nan,nan,nan,nan,nan,nan,nan,nan,nan,nan,nan,nan,nan,nan,nan,nan,nan
389,nan,nan,0.28306,0,0,0.0122491,0.0493659,0.0187226,-0.00540194,-8.51455,0.0002,0,0.17332,7547.34,1.37797,0.250153,-0.1,0.02,1,699.034,4.78003e+06,nan,nan,nan,nan,nan,nan,nan,nan,nan,nan,nan,nan,nan,nan,nan,nan,nan,nan,nan,nan
390,nan,nan,0.283634,0,0,0.0121502,0.0486155,0.0167287,-0.00492182,-8.51416,0.0002,0,0.173303,7745.83,1.33783,0.24857,-0.1,0.02,1,700.621,4.79232e+06,nan,nan,nan,nan,nan,nan,nan,nan,nan,nan,nan,nan,nan,nan,nan,nan,nan,nan,nan,nan
391,nan,nan,0.28322,0,0,0.0114878,0.0466053,0.0200795,-0.00571355,-8.51391,0.0002,0,0.17333,7808.93,1.32436,0.249225,-0.1,0.02,1,702.195,4.80461e+06,nan,nan,nan,nan,nan,nan,nan,nan,nan,nan,nan,nan,nan,nan,nan,nan,nan,nan,nan,nan
392,nan,nan,0.284413,0,0,0.0117346,0.0470827,0.0202802,-0.00406251,-8.51296,0.0002,0,0.17331,7741.91,1.33903,0.248179,-0.1,0.02,1,703.783,4.8169e+06,nan,nan,nan,nan,nan,nan,nan,nan,nan,nan,nan,nan,nan,nan,nan,nan,nan,nan,nan,nan
393,nan,nan,0.284516,0,0,0.0115298,0.0466249,0.0196991,-0.00610487,-8.51599,0.0002,0,0.173255,7753.47,1.33967,0.245169,-0.1,0.02,1,705.371,4.82918e+06,nan,nan,nan,nan,nan,nan,nan,nan,nan,nan,nan,nan,nan,nan,nan,nan,nan,nan,nan,nan
394,nan,nan,0.283978,0,0,0.0115454,0.0466054,0.0190718,-0.00796665,-8.51874,0.0002,0,0.173273,7410.4,1.35183,0.306384,-0.1,0.02,1,707.03,4.84147e+06,nan,nan,nan,nan,nan,nan,nan,nan,nan,nan,nan,nan,nan,nan,nan,nan,nan,nan,nan,nan
395,nan,nan,0.284373,0,0,0.0115271,0.0468396,0.0204803,-0.00662346,-8.51643,0.0002,0,0.173303,7063.68,1.45376,0.285842,-0.1,0.02,1,708.771,4.85376e+06,nan,nan,nan,nan,nan,nan,nan,nan,nan,nan,nan,nan,nan,nan,nan,nan,nan,nan,nan,nan
396,nan,nan,0.283527,0,0,0.011194,0.0474005,0.0183266,-0.00591024,-8.51563,0.0002,0,0.173304,7463.56,1.39278,0.253621,-0.1,0.02,1,710.418,4.86605e+06,nan,nan,nan,nan,nan,nan,nan,nan,nan,nan,nan,nan,nan,nan,nan,nan,nan,nan,nan,nan
397,nan,nan,0.283474,0,0,0.011135,0.046708,0.0265061,-0.00632741,-8.51475,0.0002,0,0.173309,7433.74,1.40052,0.252488,-0.1,0.02,1,712.071,4.87834e+06,nan,nan,nan,nan,nan,nan,nan,nan,nan,nan,nan,nan,nan,nan,nan,nan,nan,nan,nan,nan
398,nan,nan,0.282962,0,0,0.0115405,0.048612,0.0852149,-3.7077e-06,-8.51359,0.0002,0,0.173333,7057.53,1.43423,0.306886,-0.1,0.02,1,713.813,4.89062e+06,nan,nan,nan,nan,nan,nan,nan,nan,nan,nan,nan,nan,nan,nan,nan,nan,nan,nan,nan,nan
399,157.021,567,0.282247,0,0.0416667,0.0122103,0.0522959,0.0811015,-0.00550428,-8.5124,0.0002,0,0.173333,7447.13,1.39561,0.254422,-0.1,0.02,1,715.464,4.90291e+06,1.09423,1.07263,1.08077,0.517175,-0.0224852,nan,0,0,0,0,0,0,0,0,nan,nan,0,-0.000967214,-0.0193923,-2.8849e-07
400,163.959,592,0.282586,0,0.0833333,0.0124866,0.0520907,0.103827,-4.96503e-05,-8.51244,0.0002,0,0.173333,7485.15,1.38768,0.253973,-0.1,0.02,1,717.106,4.9152e+06,1.14458,1.12136,1.12887,0.539485,-0.0223387,nan,0,0,0,0,0,0,0,0,nan,nan,0,-0.00123012,-0.0198558,-2.95109e-07
401,nan,nan,0.282148,0,0,0.0118328,0.0495085,0.322435,-0.00294938,-8.51242,0.0002,0,0.173333,7356.22,1.40952,0.260907,-0.1,0.02,1,721.508,4.92749e+06,nan,nan,nan,nan,nan,nan,nan,nan,nan,nan,nan,nan,nan,nan,nan,nan,nan,nan,nan,nan
402,174.193,628,0.281712,0,0.0416667,0.0136186,0.0547267,0.22528,-0.00402836,-8.51251,0.0002,0,0.173329,5456.49,1.8446,0.407395,-0.1,0.02,1,723.761,4.93978e+06,1.21579,1.19003,1.20139,0.560847,-0.0252404,nan,0,0,0,0,0,0,0,0,nan,nan,0,-0.000608494,-0.0185014,-2.7392e-07
403,181.317,652.667,0.281495,0,0.125,0.0134571,0.0569498,0.219087,0.000786679,-8.51358,0.0002,0,0.173314,6172.14,1.62682,0.364064,-0.1,0.02,1,725.753,4.95206e+06,1.26558,1.24369,1.24627,0.592629,-0.0249031,nan,0,0,0,0,0,0,0,0,nan,nan,0,-0.000513391,-0.0185424,-2.78293e-07
404,189.642,684.25,0.28089,0,0.166667,0.0153117,0.0619072,0.252111,0.00399225,-8.5147,0.0002,0,0.173321,5220.53,1.88165,0.472137,-0.1,0.02,1,728.107,4.96435e+06,1.32864,1.30372,1.30859,0.612003,-0.027008,nan,0,0,0,0,0,0,0,0,nan,nan,0,-0.000816313,-0.0198408,-3.09195e-07
405,196.161,706.333,0.281029,0,0.125,0.0160316,0.0642816,0.163395,-0.000619853,-8.51316,0.0002,0,0.173322,5889.99,1.72605,0.3602,-0.1,0.02,1,730.194,4.97664e+06,1.37234,1.34723,1.35155,0.642617,-0.0272278,nan,0,0,0,0,0,0,0,0,nan,nan,0,-0.000579812,-0.0204885,-2.99932e-07
406,202.726,729.833,0.280539,0,0.25,0.0148934,0.0624037,0.138896,-0.00299518,-8.5141,0.0002,0,0.173298,5823.55,1.69989,0.410161,-0.1,0.02,1,732.305,4.98893e+06,1.42013,1.39229,1.39718,0.666875,-0.0277276,nan,0,0,0,0,0,0,0,0,nan,nan,0,-0.000578329,-0.0190529,-2.98104e-07
407,211.01,759,0.280338,0,0.0833333,0.0162373,0.06247,0.0932117,-0.00305765,-8.5158,0.0002,0,0.17328,6228.45,1.67524,0.297639,-0.1,0.02,1,734.279,5.00122e+06,1.4782,1.4505,1.45482,0.691001,-0.0298749,nan,0,0,0,0,0,0,0,0,nan,nan,0,-0.00105323,-0.0186095,-2.95971e-07
408,216.243,777.833,0.280214,0,0.25,0.0159911,0.0633488,0.0766729,0.00178689,-8.51564,0.0002,0,0.173284,7325.44,1.42394,0.253498,-0.1,0.02,1,735.957,5.0135e+06,1.51572,1.48858,1.49138,0.702106,-0.0303147,nan,0,0,0,0,0,0,0,0,nan,nan,-0.00133333,-0.00105243,-0.0191791,-2.93396e-07
409,222.609,799.5,0.28044,0,0.0833333,0.0140829,0.0550116,0.0857416,-0.00456816,-8.51476,0.0002,0,0.173317,7351.71,1.41751,0.253935,-0.1,0.02,1,737.63,5.02579e+06,1.55977,1.52944,1.53055,0.723884,-0.0314484,nan,0,0,0,0,0,0,0,0,nan,nan,0,-0.000744154,-0.017478,-2.8091e-07
410,228.633,822,0.280563,0,0.0833333,0.0131218,0.0538372,0.0489384,-0.00234013,-8.51302,0.0002,0,0.173327,7442.54,1.39416,0.256893,-0.1,0.02,1,739.281,5.03808e+06,1.60386,1.57437,1.57688,0.746755,-0.0314958,nan,0,0,0,0,0,0,0,0,nan,nan,0,-0.00089343,-0.0179349,-2.91835e-07
411,236.313,849,0.27967,0,0.0833333,0.0143428,0.0547221,0.0326399,-0.00466066,-8.51266,0.0002,0,0.173333,7509,1.38471,0.251728,-0.1,0.02,1,740.919,5.05037e+06,1.65802,1.63514,1.62974,0.761051,-0.0334658,nan,0,0,0,0,0,0,0,0,nan,nan,0,-0.000958218,-0.0174591,-2.64437e-07
412,243.674,875.5,0.279196,0,0.166667,0.0145434,0.0554998,0.0310531,-0.00516082,-8.51255,0.0002,0,0.173326,7541.92,1.37569,0.2536,-0.1,0.02,1,742.549,5.06266e+06,1.71035,1.68091,1.68042,0.795819,-0.0336489,nan,0,0,0,0,0,0,0,0,nan,nan,0,-0.00104229,-0.0163679,-2.69382e-07
413,249.016,897,0.279438,0,0.0416667,0.0130224,0.0511104,0.0232771,-0.00392636,-8.51261,0.0002,0,0.173333,7199.01,1.40247,0.304427,-0.1,0.02,1,744.256,5.07494e+06,1.75337,1.7224,1.72317,0.813462,-0.0340095,nan,0,0,0,0,0,0,0,0,nan,nan,0,-0.00153825,-0.0159269,-2.79085e-07
414,253.382,913,0.27959,0,0.0416667,0.0112506,0.0455464,0.0239724,-0.00539936,-8.51331,0.0002,0,0.173305,6840.17,1.52191,0.274531,-0.1,0.02,1,746.053,5.08723e+06,1.7846,1.75073,1.75417,0.81927,-0.0343199,nan,0,0,0,0,0,0,0,0,nan,nan,0,-0.00242996,-0.0169762,-2.96249e-07
415,nan,nan,0.279906,0,0,0.0113734,0.0467738,0.0206133,-0.00254468,-8.51666,0.0002,0,0.173298,7355.24,1.39797,0.272674,-0.1,0.02,1,747.725,5.09952e+06,nan,nan,nan,nan,nan,nan,nan,nan,nan,nan,nan,nan,nan,nan,nan,nan,nan,nan,nan,nan
416,271.268,977,0.279108,0,0.0416667,0.0118402,0.0471684,0.0214638,-0.00206423,-8.51685,0.0002,0,0.17328,7079.49,1.48093,0.254785,-0.1,0.02,1,749.462,5.11181e+06,1.91374,1.87201,1.88144,0.889512,-0.0358072,nan,0,0,0,0,0,0,0,0,nan,nan,0,-0.00164001,-0.0147106,-3.13345e-07
417,282.646,1000,0.281279,19.3333,0,0.021653,0.0772096,0.0292731,0.00188318,-8.51732,0.0002,0,0.173302,6816.52,1.5535,0.249177,-0.1,0.02,1,751.265,5.1241e+06,1.99436,1.9817,1.92108,0.662899,-0.0392471,nan,0,0,0,0,0,0,0,0,nan,nan,0,-3.44104e-05,-0.000857637,-5.79233e-09
418,nan,nan,0.291173,0,0,0.0304991,0.0760069,0.0794957,3.44388e-05,-8.51563,0.0002,0,0.173304,6236.13,1.67178,0.298668,-0.1,0.02,1,753.236,5.13638e+06,nan,nan,nan,nan,nan,nan,nan,nan,nan,nan,nan,nan,nan,nan,nan,nan,nan,nan,nan,nan
419,nan,nan,0.290012,0,0,0.0178153,0.065014,0.0285756,-0.00266468,-8.51582,0.0002,0,0.173293,7230.51,1.42422,0.275251,-0.1,0.02,1,754.939,5.14867e+06,nan,nan,nan,nan,nan,nan,nan,nan,nan,nan,nan,nan,nan,nan,nan,nan,nan,nan,nan,nan
420,nan,nan,0.287506,0,0,0.0143733,0.061296,0.10144,0.00119844,-8.51625,0.0002,0,0.173284,6213.39,1.68561,0.292053,-0.1,0.02,1,756.917,5.16096e+06,nan,nan,nan,nan,nan,nan,nan,nan,nan,nan,nan,nan,nan,nan,nan,nan,nan,nan,nan,nan
421,214.399,775.25,0.28459,0.125,0.0416667,0.0155269,0.068082,0.499874,0.00875598,-8.51584,0.0002,0,0.173291,7379.07,1.41023,0.255023,-0.1,0.02,1,758.583,5.17325e+06,1.53607,1.5231,1.48625,0.561006,-0.0311507,nan,0,0,0,0,0,0,0,0,nan,nan,-0.00025,-0.000878421,-0.0043921,-7.7172e-08
422,69.3464,265.833,0.28325,0.0416667,0.208333,0.0179275,0.0802464,0.219912,0.000552252,-8.51487,0.0002,0,0.173305,7618.71,1.33854,0.274328,-0.1,0.02,1,760.197,5.18554e+06,0.496765,0.48505,0.488461,0.179908,-0.0115562,nan,0,0,0,0,0,0,0,0,nan,nan,-0.00133333,-0.00265018,-0.0129028,-2.40787e-07
423,128.219,484,0.28299,0.0833333,0.125,0.0165952,0.0730603,0.0443624,-0.00493203,-8.51452,0.0002,0,0.173293,7131.05,1.42939,0.293774,-0.1,0.02,1,761.921,5.19782e+06,0.940928,0.929208,0.903337,0.276839,-0.0195444,nan,0,0,0,0,0,0,0,0,nan,nan,0,-0.00242722,-0.00935504,-1.64799e-07
424,36.0408,156.5,0.284027,0,0.0833333,0.0133503,0.0572231,0.0389532,-0.00356312,-8.51632,0.0002,0,0.173304,7306,1.40527,0.276633,-0.1,0.02,1,763.604,5.21011e+06,0.269161,0.257263,0.27059,0.0716103,-0.00743831,nan,0,0,0,0,0,0,0,0,nan,nan,-0.0015,-0.00793727,-0.0136297,-2.63417e-07
425,nan,nan,0.283534,0,0,0.0128015,0.0523686,0.0371379,-0.00120138,-8.51339,0.0002,0,0.173328,7073.53,1.45641,0.280771,-0.1,0.02,1,765.342,5.2224e+06,nan,nan,nan,nan,nan,nan,nan,nan,nan,nan,nan,nan,nan,nan,nan,nan,nan,nan,nan,nan
426,nan,nan,0.2831,0,0,0.0127295,0.0515367,0.0262505,-0.000122909,-8.51318,0.0002,0,0.173326,7062.81,1.45148,0.288336,-0.1,0.02,1,767.082,5.23469e+06,nan,nan,nan,nan,nan,nan,nan,nan,nan,nan,nan,nan,nan,nan,nan,nan,nan,nan,nan,nan
427,274.172,1000,0.282908,0.0416667,0,0.0123772,0.0516916,0.0220926,-0.00503088,-8.51284,0.0002,0,0.173331,7066.39,1.4732,0.265732,-0.1,0.02,1,768.822,5.24698e+06,1.99362,1.98537,1.92528,0.567085,-0.0394836,nan,0,0,0,0,0,0,0,0,nan,nan,0,0,-0.000782893,-5.8325e-09
428,nan,nan,0.283352,0,0,0.0124284,0.0506367,0.0210892,-0.0027446,-8.51296,0.0002,0,0.173324,7093.57,1.44609,0.286184,-0.1,0.02,1,770.555,5.25926e+06,nan,nan,nan,nan,nan,nan,nan,nan,nan,nan,nan,nan,nan,nan,nan,nan,nan,nan,nan,nan
429,nan,nan,0.28333,0,0,0.0120813,0.0502491,0.0268133,-0.00806132,-8.51369,0.0002,0,0.173313,7647.79,1.35786,0.248877,-0.1,0.02,1,772.168,5.27155e+06,nan,nan,nan,nan,nan,nan,nan,nan,nan,nan,nan,nan,nan,nan,nan,nan,nan,nan,nan,nan
430,nan,nan,0.283319,0,0,0.011799,0.0495281,0.0246301,-0.00568902,-8.51376,0.0002,0,0.173325,7561.01,1.37476,0.250417,-0.1,0.02,1,773.793,5.28384e+06,nan,nan,nan,nan,nan,nan,nan,nan,nan,nan,nan,nan,nan,nan,nan,nan,nan,nan,nan,nan
431,nan,nan,0.283772,0,0,0.0115244,0.0493478,0.0195132,-0.00291627,-8.51257,0.0002,0,0.173332,7473.3,1.3909,0.253351,-0.1,0.02,1,775.438,5.29613e+06,nan,nan,nan,nan,nan,nan,nan,nan,nan,nan,nan,nan,nan,nan,nan,nan,nan,nan,nan,nan
432,nan,nan,0.284121,0,0,0.011568,0.0499256,0.0165015,-0.00600998,-8.51251,0.0002,0,0.173332,7842.49,1.31935,0.247495,-0.1,0.02,1,777.006,5.30842e+06,nan,nan,nan,nan,nan,nan,nan,nan,nan,nan,nan,nan,nan,nan,nan,nan,nan,nan,nan,nan
433,nan,nan,0.283966,0,0,0.0111635,0.0490266,0.0182036,-0.00529093,-8.5129,0.0002,0,0.173326,7625.31,1.34928,0.262192,-0.1,0.02,1,778.618,5.3207e+06,nan,nan,nan,nan,nan,nan,nan,nan,nan,nan,nan,nan,nan,nan,nan,nan,nan,nan,nan,nan
434,nan,nan,0.284027,0,0,0.0109695,0.0472414,0.0175665,-0.00450696,-8.51384,0.0002,0,0.173298,7430.86,1.39644,0.257203,-0.1,0.02,1,780.272,5.33299e+06,nan,nan,nan,nan,nan,nan,nan,nan,nan,nan,nan,nan,nan,nan,nan,nan,nan,nan,nan,nan
435,nan,nan,0.28401,0,0,0.0109891,0.0481385,0.020498,-0.00605217,-8.51634,0.0002,0,0.173256,7760.59,1.33106,0.252325,-0.1,0.02,1,781.857,5.34528e+06,nan,nan,nan,nan,nan,nan,nan,nan,nan,nan,nan,nan,nan,nan,nan,nan,nan,nan,nan,nan
436,nan,nan,0.284066,0,0,0.0112767,0.0485602,0.0197294,-0.00530453,-8.51728,0.0002,0,0.173266,7548.59,1.38017,0.247683,-0.1,0.02,1,783.485,5.35757e+06,nan,nan,nan,nan,nan,nan,nan,nan,nan,nan,nan,nan,nan,nan,nan,nan,nan,nan,nan,nan
437,nan,nan,0.284733,0,0,0.0110284,0.047748,0.0199927,-0.00459164,-8.51488,0.0002,0,0.173323,7695.83,1.34915,0.24756,-0.1,0.02,1,785.082,5.36986e+06,nan,nan,nan,nan,nan,nan,nan,nan,nan,nan,nan,nan,nan,nan,nan,nan,nan,nan,nan,nan
438,nan,nan,0.284199,0,0,0.0111804,0.0470915,0.0197386,-0.0063139,-8.51339,0.0002,0,0.173333,7485.95,1.39709,0.244382,-0.1,0.02,1,786.725,5.38214e+06,nan,nan,nan,nan,nan,nan,nan,nan,nan,nan,nan,nan,nan,nan,nan,nan,nan,nan,nan,nan
439,nan,nan,0.284605,0,0,0.0107885,0.046576,0.0157082,-0.00642015,-8.51322,0.0002,0,0.173304,7461.27,1.3854,0.261504,-0.1,0.02,1,788.372,5.39443e+06,nan,nan,nan,nan,nan,nan,nan,nan,nan,nan,nan,nan,nan,nan,nan,nan,nan,nan,nan,nan
440,nan,nan,0.284748,0,0,0.0107968,0.0461025,0.0158302,-0.00469038,-8.51568,0.0002,0,0.173284,7480.56,1.39264,0.250023,-0.1,0.02,1,790.016,5.40672e+06,nan,nan,nan,nan,nan,nan,nan,nan,nan,nan,nan,nan,nan,nan,nan,nan,nan,nan,nan,nan
441,280.63,1000,0.284746,0.0416667,0,0.0106836,0.0460702,0.0163266,-0.00641599,-8.51457,0.0002,0,0.173322,7672.52,1.35688,0.24468,-0.1,0.02,1,791.618,5.41901e+06,1.99682,1.97839,1.95679,0.714354,-0.04021,nan,0,0,0,0,0,0,0,0,nan,nan,0,0,-0.000807023,-4.24474e-09
442,279.756,1000,0.284168,0.0833333,0,0.0109903,0.0463478,0.0171883,-0.006894,-8.51326,0.0002,0,0.173324,7620.41,1.35464,0.257868,-0.1,0.02,1,793.231,5.4313e+06,1.99657,1.97948,1.959,0.696126,-0.0427629,nan,0,0,0,0,0,0,0,0,nan,nan,0,0,-0.000745376,-4.13871e-09
443,275.555,1000,0.28412,0.0416667,0,0.0108708,0.0467531,0.0177537,-0.00671173,-8.51353,0.0002,0,0.173315,7098.29,1.47454,0.256581,-0.1,0.02,1,794.965,5.44358e+06,1.99517,1.98205,1.92694,0.638065,-0.0404342,nan,0,0,0,0,0,0,0,0,nan,nan,0,0,-0.000784178,-5.03858e-09
444,298.265,1000,0.283983,0.125,0,0.0108702,0.045973,0.0143838,-0.00797763,-8.51389,0.0002,0,0.173298,7497.03,1.38704,0.252009,-0.1,0.02,1,796.605,5.45587e+06,1.99569,1.98087,1.94897,0.707909,-0.039977,nan,0,0,0,0,0,0,0,0,nan,nan,0,-0.000762599,-0.00076199,-5.0037e-09
445,291.519,1000,0.283813,0.0416667,0,0.0111102,0.0471158,0.0198488,-0.0086585,-8.51629,0.0002,0,0.173263,7328.95,1.42816,0.248476,-0.1,0.02,1,798.282,5.46816e+06,1.99395,1.98104,1.954,0.753315,-0.0431881,nan,0,0,0,0,0,0,0,0,nan,nan,0,0,-0.000979931,-6.49236e-09
446,275.758,1000,0.283311,0.166667,0,0.011264,0.0474861,0.0185092,-0.00568022,-8.51763,0.0002,0,0.173251,7657.65,1.35753,0.247137,-0.1,0.02,1,799.89,5.48045e+06,1.9941,1.98151,1.91596,0.685107,-0.0404845,nan,0,0,0,0,0,0,0,0,nan,nan,0,0,-0.000873452,-5.72365e-09
447,280.991,1000,0.283573,0.208333,0,0.0109096,0.046741,0.0171727,-0.00780741,-8.51771,0.0002,0,0.173261,7714.04,1.34774,0.245196,-0.1,0.02,1,801.484,5.49274e+06,1.99494,1.98148,1.94144,0.680328,-0.0407614,nan,0,0,0,0,0,0,0,0,nan,nan,0,0,-0.000865754,-5.56771e-09
448,276.83,1000,0.283094,0.125,0,0.011118,0.0461876,0.0147305,-9.78821e-05,-8.51697,0.0002,0,0.1733,7677.7,1.33741,0.263068,-0.1,0.02,1,803.085,5.50502e+06,1.9946,1.98161,1.927,0.651881,-0.0404413,nan,0,0,0,0,0,0,0,0,nan,nan,0,0,-0.000820325,-5.3404e-09
449,306.084,1000,0.28315,0.166667,0,0.0112558,0.0466666,0.0134867,-0.00753647,-8.51491,0.0002,0,0.173292,7309.73,1.43206,0.248984,-0.1,0.02,1,804.767,5.51731e+06,1.99483,1.97948,1.9486,0.685587,-0.0407243,nan,0,0,0,0,0,0,0,0,nan,nan,0,-0.00106128,-0.000867218,-5.442e-09
450,292.057,1000,0.282518,0.208333,0,0.0110105,0.0455392,0.0153597,-0.00529941,-8.51537,0.0002,0,0.17328,7307.65,1.42748,0.254043,-0.1,0.02,1,806.45,5.5296e+06,1.99487,1.9818,1.94209,0.70452,-0.0398435,nan,0,0,0,0,0,0,0,0,nan,nan,0,-0.000333948,-0.000834486,-5.41849e-09
451,280.131,1000,0.282124,0.125,0,0.0108207,0.0462239,0.0168463,-0.00718841,-8.51805,0.0002,0,0.173242,7405.75,1.40285,0.256399,-0.1,0.02,1,808.11,5.54189e+06,1.99426,1.98402,1.92059,0.685392,-0.0400899,nan,0,0,0,0,0,0,0,0,nan,nan,0,0,-0.000821368,-5.95913e-09
452,274.41,1000,0.281906,0.0416667,0,0.011311,0.0465544,0.0193357,-0.00657405,-8.52141,0.0002,0,0.173252,7090.31,1.45376,0.279306,-0.1,0.02,1,809.843,5.55418e+06,1.99321,1.98214,1.91194,0.625017,-0.0395156,nan,0,0,0,0,0,0,0,0,nan,nan,0,0,-0.000863132,-6.04822e-09
453,296.659,1000,0.281381,0.125,0,0.0110744,0.0458826,0.0150862,-0.00542549,-8.51739,0.0002,0,0.17329,7346.19,1.41776,0.254939,-0.1,0.02,1,811.517,5.56646e+06,1.99514,1.98301,1.95416,0.729068,-0.0403097,nan,0,0,0,0,0,0,0,0,nan,nan,0,-0.000431853,-0.00078897,-5.06717e-09
454,278.137,1000,0.281174,0.0833333,0,0.0113407,0.0467166,0.0151703,-0.00486332,-8.51477,0.0002,0,0.173303,7360.55,1.4101,0.259345,-0.1,0.02,1,813.187,5.57875e+06,1.9957,1.98167,1.94342,0.6975,-0.0418388,nan,0,0,0,0,0,0,0,0,nan,nan,0,0,-0.00074424,-4.60708e-09
455,272.352,1000,0.281324,0.0833333,0,0.0110248,0.0454457,0.0160139,-0.00411828,-8.51458,0.0002,0,0.173297,7489.82,1.38862,0.252009,-0.1,0.02,1,814.828,5.59104e+06,1.99445,1.98418,1.92933,0.629697,-0.0401691,nan,0,0,0,0,0,0,0,0,nan,nan,0,0,-0.000807768,-5.42106e-09
456,nan,nan,0.281274,0,0,0.0109793,0.0463226,0.0157034,-0.00709632,-8.51612,0.0002,0,0.173297,7320.47,1.41689,0.261689,-0.1,0.02,1,816.508,5.60333e+06,nan,nan,nan,nan,nan,nan,nan,nan,nan,nan,nan,nan,nan,nan,nan,nan,nan,nan,nan,nan
457,nan,nan,0.281173,0,0,0.0109051,0.0461364,0.0144918,-0.00615608,-8.51719,0.0002,0,0.173282,7162.39,1.44745,0.268181,-0.1,0.02,1,818.224,5.61562e+06,nan,nan,nan,nan,nan,nan,nan,nan,nan,nan,nan,nan,nan,nan,nan,nan,nan,nan,nan,nan
458,278.694,1000,0.280763,0.0416667,0,0.0110239,0.0460453,0.016923,-0.00248872,-8.51905,0.0002,0,0.173295,7209.3,1.45218,0.252289,-0.1,0.02,1,819.929,5.6279e+06,1.99647,1.97666,1.96075,0.660653,-0.0426602,nan,0,0,0,0,0,0,0,0,nan,nan,0,0,-0.000809464,-4.31979e-09
459,283.71,1000,0.285277,18.875,0,0.0296507,0.0804988,0.0362608,0.00221107,-8.51717,0.0002,0,0.173302,6822.04,1.54402,0.2572,-0.1,0.02,1,821.731,5.64019e+06,1.9953,1.98208,1.93852,0.67913,-0.0411411,nan,0,0,0,0,0,0,0,0,nan,nan,0,-0.00010934,-0.000807155,-5.1128e-09
460,nan,nan,0.291263,0,0,0.0244557,0.0684337,0.0355244,-0.00554048,-8.51697,0.0002,0,0.173259,7719.15,1.34068,0.251203,-0.1,0.02,1,823.324,5.65248e+06,nan,nan,nan,nan,nan,nan,nan,nan,nan,nan,nan,nan,nan,nan,nan,nan,nan,nan,nan,nan
461,nan,nan,0.288916,0,0,0.0174782,0.0664291,0.019228,-0.0089498,-8.51755,0.0002,0,0.173309,7832.22,1.31719,0.251712,-0.1,0.02,1,824.894,5.66477e+06,nan,nan,nan,nan,nan,nan,nan,nan,nan,nan,nan,nan,nan,nan,nan,nan,nan,nan,nan,nan
462,nan,nan,0.286614,0,0,0.0142251,0.0641584,0.0783366,0.00208295,-8.51341,0.0002,0,0.173333,7708.17,1.33015,0.264008,-0.1,0.02,1,826.488,5.67706e+06,nan,nan,nan,nan,nan,nan,nan,nan,nan,nan,nan,nan,nan,nan,nan,nan,nan,nan,nan,nan
463,289.795,1000,0.284247,0.208333,0,0.0139451,0.0609603,0.0325606,0.00866336,-8.51247,0.0002,0,0.173331,7650.07,1.35117,0.255087,-0.1,0.02,1,828.095,5.68934e+06,1.99528,1.98156,1.94549,0.671047,-0.0415213,nan,0,0,0,0,0,0,0,0,nan,nan,0,-0.000182863,-0.000863062,-5.20299e-09
464,254.504,889.875,0.283208,0.291667,0.0416667,0.0140711,0.0586427,0.0494021,0.00339651,-8.51283,0.0002,0,0.173333,7491.96,1.38167,0.258486,-0.1,0.02,1,829.737,5.70163e+06,1.76966,1.75559,1.7267,0.627938,-0.0372485,nan,0,0,0,0,0,0,0,0,nan,nan,-0.000125,-0.000877348,-0.00218746,-3.80968e-08
465,279.798,1000,0.283196,0.208333,0,0.0134512,0.0560022,0.0316489,0.00353238,-8.51272,0.0002,0,0.17333,6885.78,1.52735,0.257198,-0.1,0.02,1,831.522,5.71392e+06,1.99451,1.98224,1.94572,0.681075,-0.0415938,nan,0,0,0,0,0,0,0,0,nan,nan,0,0,-0.000842398,-5.44829e-09
466,35.5735,161,0.283519,0,0.0416667,0.013685,0.055952,0.0242564,-0.00338572,-8.51318,0.0002,0,0.173309,7574.71,1.36191,0.260333,-0.1,0.02,1,833.145,5.72621e+06,0.278324,0.241862,0.250908,0.0651565,-0.00782657,nan,0,0,0,0,0,0,0,0,nan,nan,-0.002,-0.00753196,-0.0118213,-2.0904e-07
467,45.6645,191,0.283112,0,0.0416667,0.012849,0.0533212,0.0267966,-0.0024978,-8.51358,0.0002,0,0.173327,7648.7,1.34968,0.256864,-0.1,0.02,1,834.752,5.7385e+06,0.336675,0.323163,0.336531,0.0745049,-0.00913075,nan,0,0,0,0,0,0,0,0,nan,nan,-0.023,-0.00406143,-0.012778,-2.56668e-07
468,273.859,1000,0.282831,0.0416667,0,0.0122386,0.0504756,0.0162939,-0.00749216,-8.5134,0.0002,0,0.173324,7580.82,1.36764,0.253293,-0.1,0.02,1,836.374,5.75078e+06,1.99532,1.98378,1.92245,0.607731,-0.0403045,nan,0,0,0,0,0,0,0,0,nan,nan,0,0,-0.00075506,-5.21527e-09
469,nan,nan,0.282894,0,0,0.0120987,0.0496245,0.0143062,-0.00530139,-8.5136,0.0002,0,0.173331,7295.89,1.42989,0.254349,-0.1,0.02,1,838.059,5.76307e+06,nan,nan,nan,nan,nan,nan,nan,nan,nan,nan,nan,nan,nan,nan,nan,nan,nan,nan,nan,nan
470,nan,nan,0.283555,0,0,0.0118025,0.0484484,0.0161687,-0.00760502,-8.51257,0.0002,0,0.173326,7396.47,1.39637,0.264963,-0.1,0.02,1,839.721,5.77536e+06,nan,nan,nan,nan,nan,nan,nan,nan,nan,nan,nan,nan,nan,nan,nan,nan,nan,nan,nan,nan
471,nan,nan,0.283471,0,0,0.0114656,0.0485273,0.019616,-0.00747001,-8.51384,0.0002,0,0.173284,7417.81,1.40098,0.255569,-0.1,0.02,1,841.378,5.78765e+06,nan,nan,nan,nan,nan,nan,nan,nan,nan,nan,nan,nan,nan,nan,nan,nan,nan,nan,nan,nan
472,nan,nan,0.283949,0,0,0.011878,0.0486465,0.0196183,-0.00474194,-8.51563,0.0002,0,0.173295,7244.62,1.43644,0.259714,-0.1,0.02,1,843.075,5.79994e+06,nan,nan,nan,nan,nan,nan,nan,nan,nan,nan,nan,nan,nan,nan,nan,nan,nan,nan,nan,nan
473,nan,nan,0.284252,0,0,0.0118665,0.0482834,0.0185515,-0.00455391,-8.51509,0.0002,0,0.173322,7336.25,1.41785,0.257119,-0.1,0.02,1,844.751,5.81222e+06,nan,nan,nan,nan,nan,nan,nan,nan,nan,nan,nan,nan,nan,nan,nan,nan,nan,nan,nan,nan
474,nan,nan,0.284479,0,0,0.011622,0.0478442,0.0147228,-0.00498178,-8.51424,0.0002,0,0.173309,6872.06,1.49575,0.292364,-0.1,0.02,1,846.54,5.82451e+06,nan,nan,nan,nan,nan,nan,nan,nan,nan,nan,nan,nan,nan,nan,nan,nan,nan,nan,nan,nan
475,nan,nan,0.284727,0,0,0.011178,0.0470896,0.0181357,-0.00665807,-8.51428,0.0002,0,0.173306,7192.18,1.45116,0.257368,-0.1,0.02,1,848.249,5.8368e+06,nan,nan,nan,nan,nan,nan,nan,nan,nan,nan,nan,nan,nan,nan,nan,nan,nan,nan,nan,nan
476,nan,nan,0.284692,0,0,0.011297,0.0471047,0.0179322,-0.00981553,-8.51527,0.0002,0,0.1733,7491.89,1.38558,0.254592,-0.1,0.02,1,849.89,5.84909e+06,nan,nan,nan,nan,nan,nan,nan,nan,nan,nan,nan,nan,nan,nan,nan,nan,nan,nan,nan,nan
477,nan,nan,0.284543,0,0,0.0111642,0.0455803,0.0128591,-0.00535027,-8.51499,0.0002,0,0.173281,7467.53,1.39106,0.254461,-0.1,0.02,1,851.536,5.86138e+06,nan,nan,nan,nan,nan,nan,nan,nan,nan,nan,nan,nan,nan,nan,nan,nan,nan,nan,nan,nan
478,nan,nan,0.285,0,0,0.01119,0.0462985,0.0180788,-0.00409573,-8.51724,0.0002,0,0.173243,7022.31,1.4712,0.278647,-0.1,0.02,1,853.287,5.87366e+06,nan,nan,nan,nan,nan,nan,nan,nan,nan,nan,nan,nan,nan,nan,nan,nan,nan,nan,nan,nan
479,nan,nan,0.28536,0,0,0.0113134,0.0473214,0.0211759,-0.00432294,-8.51893,0.0002,0,0.173223,6913.87,1.52385,0.253444,-0.1,0.02,1,855.065,5.88595e+06,nan,nan,nan,nan,nan,nan,nan,nan,nan,nan,nan,nan,nan,nan,nan,nan,nan,nan,nan,nan
480,nan,nan,0.285162,0,0,0.0113362,0.0474895,0.0178323,-0.00714532,-8.51952,0.0002,0,0.173269,7402.21,1.38665,0.273395,-0.1,0.02,1,856.725,5.89824e+06,nan,nan,nan,nan,nan,nan,nan,nan,nan,nan,nan,nan,nan,nan,nan,nan,nan,nan,nan,nan
481,nan,nan,0.285132,0,0,0.0111583,0.0469542,0.0138019,-0.00722156,-8.51596,0.0002,0,0.173297,7080.64,1.47615,0.259286,-0.1,0.02,1,858.462,5.91053e+06,nan,nan,nan,nan,nan,nan,nan,nan,nan,nan,nan,nan,nan,nan,nan,nan,nan,nan,nan,nan
482,281.996,1000,0.285086,0.0416667,0,0.0112166,0.0467554,0.018514,-0.00592633,-8.51509,0.0002,0,0.173279,6420.36,1.64031,0.273601,-0.1,0.02,1,860.376,5.92282e+06,1.99487,1.98314,1.91872,0.67773,-0.0413067,nan,0,0,0,0,0,0,0,0,nan,nan,0,0,-0.000835692,-5.69348e-09
483,277.452,1000,0.285295,0.0416667,0,0.01137,0.0469577,0.0193009,-0.00645538,-8.51576,0.0002,0,0.1733,6930.82,1.51973,0.253223,-0.1,0.02,1,862.15,5.9351e+06,1.9948,1.98284,1.93817,0.559972,-0.0438138,nan,0,0,0,0,0,0,0,0,nan,nan,0,0,-0.000774025,-5.35258e-09
484,270.928,1000,0.285158,0.0416667,0,0.0114829,0.0474335,0.0160617,-0.00681527,-8.5138,0.0002,0,0.17333,6769.14,1.52391,0.291385,-0.1,0.02,1,863.966,5.94739e+06,1.99384,1.9833,1.92078,0.603197,-0.041949,nan,0,0,0,0,0,0,0,0,nan,nan,0,0,-0.000839082,-6.01019e-09
485,278.01,1000,0.285211,0.0416667,0,0.0116383,0.0488778,0.0222407,0.00593853,-8.51249,0.0002,0,0.173333,6810.14,1.5327,0.27167,-0.1,0.02,1,865.771,5.95968e+06,1.99622,1.98689,1.93725,0.607262,-0.0410749,nan,0,0,0,0,0,0,0,0,nan,nan,0,0,-0.000694627,-4.4739e-09
486,278.729,1000,0.285295,0.125,0,0.0117381,0.0494257,0.025608,0.00293787,-8.51249,0.0002,0,0.173329,6923.71,1.47294,0.301828,-0.1,0.02,1,867.547,5.97197e+06,1.99435,1.9808,1.92315,0.64666,-0.0415264,nan,0,0,0,0,0,0,0,0,nan,nan,0,0,-0.000862063,-5.62563e-09
487,281.852,1000,0.285422,0.0833333,0,0.0123241,0.0541488,0.0623288,0.000463586,-8.51255,0.0002,0,0.173333,6289,1.66999,0.283895,-0.1,0.02,1,869.502,5.98426e+06,1.99666,1.97897,1.95385,0.777034,-0.0429106,nan,0,0,0,0,0,0,0,0,nan,nan,0,0,-0.000745459,-4.27643e-09
488,257.33,937.8,0.285745,0.166667,0.0416667,0.011152,0.0462134,0.0191171,-0.00641006,-8.51279,0.0002,0,0.173324,6390.41,1.65548,0.267401,-0.1,0.02,1,871.425,5.99654e+06,1.8543,1.83157,1.79655,0.575232,-0.0403352,nan,0,0,0,0,0,0,0,0,nan,nan,0,-0.00163769,-0.0057678,-7.78048e-08
489,284.457,1000,0.286007,0.25,0,0.011161,0.0463959,0.0174967,-0.00354405,-8.5144,0.0002,0,0.17331,7196.5,1.44556,0.261936,-0.1,0.02,1,873.134,6.00883e+06,1.9949,1.9836,1.95636,0.705025,-0.0423733,nan,0,0,0,0,0,0,0,0,nan,nan,0,0,-0.000826927,-5.3671e-09
490,273.781,1000,0.286382,0.0833333,0,0.0113744,0.0449441,0.0193757,-0.00826415,-8.51566,0.0002,0,0.173313,7195.26,1.42518,0.282612,-0.1,0.02,1,874.842,6.02112e+06,1.99541,1.98446,1.87454,0.600206,-0.0413259,nan,0,0,0,0,0,0,0,0,nan,nan,0,0,-0.00078176,-5.25892e-09
491,287.744,1000,0.286824,0.25,0,0.0115613,0.0465231,0.0188331,-0.00677728,-8.51536,0.0002,0,0.173306,7222.05,1.44192,0.259538,-0.1,0.02,1,876.544,6.03341e+06,1.99562,1.98195,1.94186,0.718905,-0.0418902,nan,0,0,0,0,0,0,0,0,nan,nan,0,0,-0.000791103,-5.05231e-09
492,281.024,1000,0.286277,0.125,0,0.0116331,0.0464242,0.0159346,-0.00830605,-8.51611,0.0002,0,0.173298,7020.59,1.47689,0.27339,-0.1,0.02,1,878.295,6.0457e+06,1.99573,1.98265,1.94533,0.737839,-0.0426199,nan,0,0,0,0,0,0,0,0,nan,nan,0,0,-0.0008036,-5.12687e-09
493,280.195,1000,0.286082,0.0833333,0,0.011209,0.0456779,0.0174137,-0.00630752,-8.51714,0.0002,0,0.17327,7100.39,1.46595,0.264662,-0.1,0.02,1,880.027,6.05798e+06,1.9951,1.98119,1.96263,0.587072,-0.0434901,nan,0,0,0,0,0,0,0,0,nan,nan,0,0,-0.000909009,-5.57274e-09
494,275.282,1000,0.285704,0.0416667,0,0.01136,0.0460882,0.0162756,-0.001711,-8.51723,0.0002,0,0.173295,6891.2,1.50735,0.275794,-0.1,0.02,1,881.811,6.07027e+06,1.9941,1.98143,1.90895,0.657318,-0.0406031,nan,0,0,0,0,0,0,0,0,nan,nan,0,0,-0.000830974,-5.36772e-09
495,294.33,1000,0.285791,0.166667,0,0.0111789,0.0458613,0.0149031,-0.00738833,-8.51479,0.0002,0,0.173317,5688.43,1.88343,0.276743,-0.1,0.02,1,883.972,6.08256e+06,1.99554,1.98199,1.96035,0.693099,-0.0424916,nan,0,0,0,0,0,0,0,0,nan,nan,0,0,-0.000796958,-4.97333e-09
496,282.899,1000,0.28578,0.0833333,0,0.0110558,0.0451563,0.0158425,-0.00908024,-8.51514,0.0002,0,0.173282,6705.48,1.55909,0.273442,-0.1,0.02,1,885.805,6.09485e+06,1.99604,1.9826,1.9377,0.770122,-0.0424801,nan,0,0,0,0,0,0,0,0,nan,nan,0,0,-0.000778838,-4.73673e-09
497,279.778,1000,0.285799,0.0416667,0,0.011092,0.0451897,0.0142084,-0.00355077,-8.51554,0.0002,0,0.173305,6970.31,1.49905,0.263856,-0.1,0.02,1,887.569,6.10714e+06,1.99359,1.98149,1.97021,0.562249,-0.042847,nan,0,0,0,0,0,0,0,0,nan,nan,0,0,-0.000849363,-5.65944e-09
498,nan,nan,0.285649,0,0,0.0107217,0.0442157,0.0144825,-0.00745322,-8.51378,0.0002,0,0.173315,7117.96,1.45804,0.268298,-0.1,0.02,1,889.296,6.11942e+06,nan,nan,nan,nan,nan,nan,nan,nan,nan,nan,nan,nan,nan,nan,nan,nan,nan,nan,nan,nan
499,nan,nan,0.28569,0,0,0.0105067,0.0443574,0.0160011,-0.00156253,-8.51501,0.0002,0,0.173281,6805.94,1.50709,0.298393,-0.1,0.02,1,891.102,6.13171e+06,nan,nan,nan,nan,nan,nan,nan,nan,nan,nan,nan,nan,nan,nan,nan,nan,nan,nan,nan,nan
500,285.375,1000,0.285706,18.75,0,0.0105958,0.0441023,0.0145206,-0.00326842,-8.51627,0.0002,0,0.173287,5831.74,1.80103,0.306063,-0.1,0.02,1,893.21,6.144e+06,1.99515,1.98272,1.94032,0.706771,-0.0419605,nan,0,0,0,0,0,0,0,0,nan,nan,0,-2.84747e-06,-0.00080537,-5.24372e-09
501,nan,nan,0.287855,0,0,0.0377543,0.107179,0.0670988,-0.000548106,-8.51561,0.0002,0,0.173301,7779.25,1.29562,0.283971,-0.2,0.05,1,897.663,6.15629e+06,nan,nan,nan,nan,nan,nan,nan,nan,nan,nan,nan,nan,nan,nan,nan,nan,nan,nan,nan,nan
502,nan,nan,0.291261,0,0,0.0248332,0.0721604,0.0432802,-0.00200474,-8.51518,0.0002,0,0.173324,6873.58,1.37745,0.410262,-0.2,0.05,1,899.452,6.16858e+06,nan,nan,nan,nan,nan,nan,nan,nan,nan,nan,nan,nan,nan,nan,nan,nan,nan,nan,nan,nan
503,nan,nan,0.28817,0,0,0.0167143,0.0687583,0.12011,0.00800628,-8.51296,0.0002,0,0.173333,5767.71,1.73852,0.391964,-0.2,0.05,1,901.583,6.18086e+06,nan,nan,nan,nan,nan,nan,nan,nan,nan,nan,nan,nan,nan,nan,nan,nan,nan,nan,nan,nan
504,177.43,543.5,0.285317,0.0416667,0.0416667,0.0144658,0.0657666,0.103994,0.00170793,-8.5124,0.0002,0,0.173333,6123.08,1.70169,0.305139,-0.2,0.05,1,903.591,6.19315e+06,1.06175,1.04791,1.04308,0.499474,-0.0224347,nan,0,0,0,0,0,0,0,0,nan,nan,-0.022,-0.00262544,-0.00625427,-1.04937e-07
505,249.864,871.143,0.284583,0.25,0.0416667,0.014206,0.0579905,0.0346133,-0.00700911,-8.51279,0.0002,0,0.173323,5715.15,1.69873,0.451345,-0.2,0.05,1,905.742,6.20544e+06,1.73215,1.7197,1.68634,0.605568,-0.0362041,nan,0,0,0,0,0,0,0,0,nan,nan,-0.00842857,-0.000539546,-0.00230198,-2.96873e-08
506,262.415,890.625,0.284824,0.291667,0.0416667,0.0130296,0.0521373,0.0236622,-0.000737669,-8.51472,0.0002,0,0.173312,5352.29,1.90753,0.388305,-0.2,0.05,1,908.039,6.21773e+06,1.7707,1.7575,1.72668,0.67809,-0.0372498,nan,0,0,0,0,0,0,0,0,nan,nan,-0.00825,-0.000923398,-0.00227453,-3.48186e-08
507,278.296,1000,0.284506,0.208333,0,0.0125706,0.0491693,0.0435452,4.752e-05,-8.51476,0.0002,0,0.173317,6386.07,1.66082,0.263371,-0.2,0.05,1,909.964,6.23002e+06,1.99354,1.98276,1.92249,0.648547,-0.0423824,nan,0,0,0,0,0,0,0,0,nan,nan,0,0,-0.000850777,-6.11886e-09
508,279.557,1000,0.283594,0.0416667,0,0.0128305,0.0493064,0.0534581,0.00874284,-8.5145,0.0002,0,0.173326,7232.48,1.43989,0.259113,-0.2,0.05,1,911.664,6.2423e+06,1.9946,1.98477,1.92432,0.696978,-0.0426077,nan,0,0,0,0,0,0,0,0,nan,nan,0,0,-0.000817728,-5.44902e-09
509,nan,nan,0.283501,0,0,0.0136409,0.0553344,0.0283161,-0.00638014,-8.51338,0.0002,0,0.173324,7375.07,1.41014,0.25601,-0.2,0.05,1,913.331,6.25459e+06,nan,nan,nan,nan,nan,nan,nan,nan,nan,nan,nan,nan,nan,nan,nan,nan,nan,nan,nan,nan
510,149.445,556.5,0.28324,0.0416667,0.0416667,0.0125213,0.0496702,0.017982,-0.00498512,-8.51368,0.0002,0,0.173327,7195.61,1.44708,0.260628,-0.2,0.05,1,915.039,6.26688e+06,1.09035,1.07216,1.03782,0.30663,-0.0228022,nan,0,0,0,0,0,0,0,0,nan,nan,-0.0185,-0.00370634,-0.00576996,-1.11041e-07
511,nan,nan,0.283202,0,0,0.0125289,0.0491196,0.0214257,-0.00358055,-8.51292,0.0002,0,0.173331,7256.75,1.4275,0.265819,-0.2,0.05,1,916.736,6.27917e+06,nan,nan,nan,nan,nan,nan,nan,nan,nan,nan,nan,nan,nan,nan,nan,nan,nan,nan,nan,nan
512,nan,nan,0.283631,0,0,0.0120374,0.04763,0.0193765,-0.00439397,-8.51352,0.0002,0,0.173314,7266.44,1.43248,0.258586,-0.2,0.05,1,918.428,6.29146e+06,nan,nan,nan,nan,nan,nan,nan,nan,nan,nan,nan,nan,nan,nan,nan,nan,nan,nan,nan,nan
513,nan,nan,0.283781,0,0,0.0119193,0.0480672,0.019683,-0.000694923,-8.51382,0.0002,0,0.173333,7186.76,1.44593,0.263884,-0.2,0.05,1,920.138,6.30374e+06,nan,nan,nan,nan,nan,nan,nan,nan,nan,nan,nan,nan,nan,nan,nan,nan,nan,nan,nan,nan
514,nan,nan,0.283916,0,0,0.012153,0.0480215,0.0263334,-0.00152247,-8.51286,0.0002,0,0.173325,7140.12,1.43437,0.286608,-0.2,0.05,1,921.86,6.31603e+06,nan,nan,nan,nan,nan,nan,nan,nan,nan,nan,nan,nan,nan,nan,nan,nan,nan,nan,nan,nan
515,nan,nan,0.283955,0,0,0.0124989,0.0495876,0.0293479,-0.00526563,-8.51434,0.0002,0,0.173313,6751.2,1.50087,0.319248,-0.2,0.05,1,923.681,6.32832e+06,nan,nan,nan,nan,nan,nan,nan,nan,nan,nan,nan,nan,nan,nan,nan,nan,nan,nan,nan,nan
516,92.3974,379,0.283922,0,0.0416667,0.0132321,0.0565479,0.023011,-0.00806109,-8.51656,0.0002,0,0.173297,6977.24,1.49612,0.265038,-0.2,0.05,1,925.443,6.34061e+06,0.701365,0.682371,0.686059,0.0735073,-0.0162287,nan,0,0,0,0,0,0,0,0,nan,nan,-0.016,-0.00866933,-0.0159437,-2.78819e-07
517,nan,nan,0.284357,0,0,0.0123272,0.0484874,0.0204653,-0.00628158,-8.51646,0.0002,0,0.173293,7309.23,1.41517,0.265996,-0.2,0.05,1,927.125,6.3529e+06,nan,nan,nan,nan,nan,nan,nan,nan,nan,nan,nan,nan,nan,nan,nan,nan,nan,nan,nan,nan
518,nan,nan,0.284134,0,0,0.0123173,0.0481165,0.0241909,-0.00706415,-8.51485,0.0002,0,0.173307,7293.53,1.42436,0.260424,-0.2,0.05,1,928.81,6.36518e+06,nan,nan,nan,nan,nan,nan,nan,nan,nan,nan,nan,nan,nan,nan,nan,nan,nan,nan,nan,nan
519,nan,nan,0.284729,0,0,0.0118532,0.0480207,0.0250936,-0.00693788,-8.5147,0.0002,0,0.173317,7122.18,1.45301,0.2723,-0.2,0.05,1,930.536,6.37747e+06,nan,nan,nan,nan,nan,nan,nan,nan,nan,nan,nan,nan,nan,nan,nan,nan,nan,nan,nan,nan
520,nan,nan,0.285057,0,0,0.0120335,0.0486044,0.0218873,-0.00676603,-8.51333,0.0002,0,0.173322,7268.34,1.42893,0.26169,-0.2,0.05,1,932.228,6.38976e+06,nan,nan,nan,nan,nan,nan,nan,nan,nan,nan,nan,nan,nan,nan,nan,nan,nan,nan,nan,nan
521,nan,nan,0.284941,0,0,0.0122133,0.0491024,0.0178079,-0.00716301,-8.51309,0.0002,0,0.17333,7300.22,1.42183,0.261405,-0.2,0.05,1,933.911,6.40205e+06,nan,nan,nan,nan,nan,nan,nan,nan,nan,nan,nan,nan,nan,nan,nan,nan,nan,nan,nan,nan
522,nan,nan,0.285031,0,0,0.0119757,0.0481891,0.0196062,-0.00555519,-8.51328,0.0002,0,0.173316,6770.26,1.54033,0.274669,-0.2,0.05,1,935.727,6.41434e+06,nan,nan,nan,nan,nan,nan,nan,nan,nan,nan,nan,nan,nan,nan,nan,nan,nan,nan,nan,nan
523,nan,nan,0.285043,0,0,0.0119774,0.0483113,0.0199565,-0.00630737,-8.51425,0.0002,0,0.173317,7096.35,1.46258,0.269015,-0.2,0.05,1,937.46,6.42662e+06,nan,nan,nan,nan,nan,nan,nan,nan,nan,nan,nan,nan,nan,nan,nan,nan,nan,nan,nan,nan
524,273.64,1000,0.285318,0.0416667,0,0.0122389,0.0491643,0.0224794,-0.00675593,-8.51322,0.0002,0,0.173329,6702.35,1.55005,0.283342,-0.2,0.05,1,939.294,6.43891e+06,1.99339,1.9808,1.91416,0.658514,-0.0409018,nan,0,0,0,0,0,0,0,0,nan,nan,0,0,-0.000809361,-6.57831e-09
525,280.251,1000,0.285011,0.0833333,0,0.0119131,0.049733,0.0180631,-0.00663853,-8.51266,0.0002,0,0.173324,6860.47,1.48605,0.305077,-0.2,0.05,1,941.086,6.4512e+06,1.99582,1.98212,1.92626,0.807708,-0.0402431,nan,0,0,0,0,0,0,0,0,nan,nan,0,0,-0.000793748,-4.73252e-09
526,nan,nan,0.284784,0,0,0.0117653,0.0490852,0.0168636,-0.00516582,-8.51371,0.0002,0,0.173316,6768.21,1.5302,0.285346,-0.2,0.05,1,942.902,6.46349e+06,nan,nan,nan,nan,nan,nan,nan,nan,nan,nan,nan,nan,nan,nan,nan,nan,nan,nan,nan,nan
527,285.022,1000,0.284988,0.0416667,0,0.0118495,0.0487963,0.0175058,-0.0069492,-8.51502,0.0002,0,0.173299,7355.78,1.41298,0.257544,-0.2,0.05,1,944.574,6.47578e+06,1.99736,1.98489,1.94972,0.924577,-0.0381824,nan,0,0,0,0,0,0,0,0,nan,nan,0,0,-0.000685766,-3.83114e-09
528,285.115,1000,0.284759,0.125,0,0.0119361,0.0481263,0.0146681,-0.00611662,-8.51615,0.0002,0,0.17326,7688.25,1.34691,0.251368,-0.2,0.05,1,946.173,6.48806e+06,1.99578,1.9819,1.95123,0.774073,-0.0414554,nan,0,0,0,0,0,0,0,0,nan,nan,0,0,-0.000794939,-4.98529e-09
529,290.994,1000,0.284744,0.208333,0,0.0116725,0.0478297,0.0200951,-0.00732069,-8.51712,0.0002,0,0.173294,7353.87,1.41611,0.254847,-0.2,0.05,1,947.845,6.50035e+06,1.996,1.98366,1.94333,0.752848,-0.0411032,nan,0,0,0,0,0,0,0,0,nan,nan,0,0,-0.000796055,-4.93061e-09
530,280.164,1000,0.284856,0.125,0,0.0119489,0.049312,0.0158594,-0.00693014,-8.51389,0.0002,0,0.173323,7522.42,1.38139,0.25213,-0.2,0.05,1,949.479,6.51264e+06,1.9945,1.98167,1.94327,0.675017,-0.0416593,nan,0,0,0,0,0,0,0,0,nan,nan,0,0,-0.000883904,-5.52381e-09
531,279.315,1000,0.284854,0.25,0,0.0119332,0.0490976,0.0175756,-0.00726313,-8.51461,0.0002,0,0.173298,7356.77,1.41566,0.254641,-0.2,0.05,1,951.15,6.52493e+06,1.99487,1.98156,1.94445,0.722206,-0.04118,nan,0,0,0,0,0,0,0,0,nan,nan,0,0,-0.000898376,-5.67008e-09
532,284.764,1000,0.28504,0.0833333,0,0.0118219,0.0485632,0.0178329,-0.00643892,-8.5174,0.0002,0,0.173268,7585.53,1.37061,0.249315,-0.2,0.05,1,952.771,6.53722e+06,1.99601,1.98336,1.93505,0.84076,-0.040448,nan,0,0,0,0,0,0,0,0,nan,nan,0,0,-0.000797592,-4.8191e-09
533,279.261,1000,0.28493,0.25,0,0.0116338,0.0483823,0.0165152,-0.0096114,-8.51806,0.0002,0,0.173264,7639.53,1.35815,0.250321,-0.2,0.05,1,954.38,6.5495e+06,1.99416,1.98188,1.93707,0.653507,-0.0412203,nan,0,0,0,0,0,0,0,0,nan,nan,0,0,-0.000874844,-5.86948e-09
534,290.001,1000,0.284909,0.0833333,0,0.0115208,0.0482386,0.0143939,-0.00680851,-8.51716,0.0002,0,0.173292,7423.57,1.39099,0.264277,-0.2,0.05,1,956.036,6.56179e+06,1.99479,1.98257,1.96575,0.85237,-0.0417732,nan,0,0,0,0,0,0,0,0,nan,nan,0,0,-0.000862404,-5.77941e-09
535,284.685,1000,0.284656,0.0833333,0,0.0114936,0.0479844,0.0184861,-0.00745172,-8.5145,0.0002,0,0.173324,7533.51,1.37931,0.251807,-0.2,0.05,1,957.671,6.57408e+06,1.99279,1.98019,1.93459,0.705341,-0.0427985,nan,0,0,0,0,0,0,0,0,nan,nan,0,0,-0.00111387,-7.15709e-09
536,305.856,1000,0.284976,0.0833333,0,0.0113411,0.0481025,0.0172209,-0.0072531,-8.51335,0.0002,0,0.17332,7618.53,1.35965,0.253258,-0.2,0.05,1,959.284,6.58637e+06,1.99509,1.98293,1.94205,0.812149,-0.0394983,nan,0,0,0,0,0,0,0,0,nan,nan,0,0,-0.000806299,-5.36591e-09
537,291.164,1000,0.285103,0.166667,0,0.0115739,0.0486019,0.0171445,-0.00684641,-8.51626,0.0002,0,0.173271,7435.25,1.38929,0.263378,-0.2,0.05,1,960.938,6.59866e+06,1.99591,1.98387,1.92035,0.767051,-0.0398148,nan,0,0,0,0,0,0,0,0,nan,nan,0,0,-0.000794308,-5.00912e-09
538,336.188,1000,0.284551,0.0416667,0,0.011554,0.0482251,0.0228663,-0.00467179,-8.51677,0.0002,0,0.173318,7695.52,1.34674,0.25003,-0.2,0.05,1,962.535,6.61094e+06,1.99699,1.98795,1.95761,0.922011,-0.0393936,nan,0,0,0,0,0,0,0,0,nan,nan,0,-2.18342e-05,-0.000664318,-4.22134e-09
539,283.516,1000,0.284217,0.0416667,0,0.0114409,0.0483486,0.0288093,-0.00761144,-8.51328,0.0002,0,0.173321,7546.43,1.36068,0.267643,-0.2,0.05,1,964.164,6.62323e+06,1.99217,1.97429,1.92286,0.651516,-0.0418972,nan,0,0,0,0,0,0,0,0,nan,nan,0,0,-0.000956595,-7.17829e-09
540,nan,nan,0.284297,0,0,0.0114912,0.0489164,0.0203596,-0.00448796,-8.51474,0.0002,0,0.1733,7288.25,1.39869,0.287307,-0.2,0.05,1,965.851,6.63552e+06,nan,nan,nan,nan,nan,nan,nan,nan,nan,nan,nan,nan,nan,nan,nan,nan,nan,nan,nan,nan
541,281.135,1000,0.284633,0.0416667,0,0.0115827,0.0480924,0.0205062,-0.00903765,-8.51479,0.0002,0,0.173319,7563.48,1.37174,0.252906,-0.2,0.05,1,967.479,6.64781e+06,1.99481,1.9806,1.9778,0.765957,-0.0409861,nan,0,0,0,0,0,0,0,0,nan,nan,0,0,-0.000999682,-5.48933e-09
542,284.66,1000,0.284947,18.5417,0,0.0202076,0.084631,0.0178867,0.00651904,-8.51333,0.0002,0,0.173332,7012.46,1.49582,0.256487,-0.2,0.05,1,969.232,6.6601e+06,1.9945,1.98126,1.94507,0.706493,-0.041002,nan,0,0,0,0,0,0,0,0,nan,nan,0,-3.57732e-07,-0.000913832,-5.96696e-09
543,nan,nan,0.291427,0,0,0.0337692,0.0701357,0.0247733,-0.00649025,-8.51303,0.0002,0,0.173318,7658.96,1.35017,0.254224,-0.2,0.05,1,970.837,6.67238e+06,nan,nan,nan,nan,nan,nan,nan,nan,nan,nan,nan,nan,nan,nan,nan,nan,nan,nan,nan,nan
544,nan,nan,0.291965,0,0,0.0182689,0.0628619,0.0205865,-0.00370598,-8.51537,0.0002,0,0.17328,7281.87,1.43577,0.251708,-0.2,0.05,1,972.526,6.68467e+06,nan,nan,nan,nan,nan,nan,nan,nan,nan,nan,nan,nan,nan,nan,nan,nan,nan,nan,nan,nan
545,nan,nan,0.288956,0,0,0.0129609,0.0565936,0.0162086,-0.0052957,-8.51758,0.0002,0,0.17329,7680.74,1.34703,0.252816,-0.2,0.05,1,974.126,6.69696e+06,nan,nan,nan,nan,nan,nan,nan,nan,nan,nan,nan,nan,nan,nan,nan,nan,nan,nan,nan,nan
546,294.272,1000,0.287362,0.25,0,0.0120379,0.0524978,0.0178511,-0.00761075,-8.51685,0.0002,0,0.173304,7518.92,1.36445,0.269823,-0.2,0.05,1,975.761,6.70925e+06,1.99593,1.98421,1.96508,0.816633,-0.0408808,nan,0,0,0,0,0,0,0,0,nan,nan,0,0,-0.000789027,-4.86264e-09
547,287.718,1000,0.28694,0.291667,0,0.0126128,0.0511157,0.0205772,-0.00670402,-8.5148,0.0002,0,0.173306,7519.29,1.38577,0.248423,-0.2,0.05,1,977.396,6.72154e+06,1.99565,1.98235,1.93892,0.775106,-0.0404879,nan,0,0,0,0,0,0,0,0,nan,nan,0,0,-0.00081916,-5.19155e-09
548,291.96,1000,0.286631,0.208333,0,0.0130627,0.0501336,0.0164397,-0.00419417,-8.51428,0.0002,0,0.173306,7690.21,1.34553,0.252349,-0.2,0.05,1,978.995,6.73382e+06,1.99561,1.98271,1.93206,0.80578,-0.0395673,nan,0,0,0,0,0,0,0,0,nan,nan,0,-1.15005e-06,-0.000846798,-5.29171e-09
549,275.325,1000,0.285962,0.125,0,0.0132391,0.0503971,0.0249476,-0.00540056,-8.51511,0.0002,0,0.173298,7379.17,1.40489,0.260333,-0.2,0.05,1,980.661,6.74611e+06,1.99372,1.98031,1.94593,0.657114,-0.0412653,nan,0,0,0,0,0,0,0,0,nan,nan,0,0,-0.000977554,-6.61966e-09
550,275.568,1000,0.286096,0.0416667,0,0.0128097,0.0487364,0.0171804,-0.00553477,-8.51513,0.0002,0,0.17332,7570.02,1.37065,0.252591,-0.2,0.05,1,982.285,6.7584e+06,1.99339,1.98032,1.9585,0.572768,-0.0427321,nan,0,0,0,0,0,0,0,0,nan,nan,0,0,-0.00106813,-6.80142e-09
551,273.911,1000,0.286768,0.0416667,0,0.0127716,0.048707,0.0179233,-0.00474346,-8.51397,0.0002,0,0.173322,7685.79,1.34927,0.249526,-0.2,0.05,1,983.884,6.77069e+06,1.99413,1.97953,1.89843,0.690873,-0.0396761,nan,0,0,0,0,0,0,0,0,nan,nan,0,0,-0.000978758,-6.43153e-09
552,291.734,1000,0.286657,0.0416667,0,0.0129746,0.0486624,0.016568,-0.00771896,-8.5145,0.0002,0,0.173319,7740.36,1.33715,0.25037,-0.2,0.05,1,985.473,6.78298e+06,1.99175,1.97696,1.98425,0.720934,-0.0440592,nan,0,0,0,0,0,0,0,0,nan,nan,0,0,-0.00126622,-7.99823e-09
553,nan,nan,0.28653,0,0,0.0123639,0.0473992,0.0205049,-0.00408357,-8.51503,0.0002,0,0.173301,7802.26,1.32449,0.250434,-0.2,0.05,1,987.048,6.79526e+06,nan,nan,nan,nan,nan,nan,nan,nan,nan,nan,nan,nan,nan,nan,nan,nan,nan,nan,nan,nan
554,nan,nan,0.286375,0,0,0.0121025,0.0471553,0.0247561,-0.00605118,-8.51638,0.0002,0,0.173294,7479.78,1.39296,0.249872,-0.2,0.05,1,988.692,6.80755e+06,nan,nan,nan,nan,nan,nan,nan,nan,nan,nan,nan,nan,nan,nan,nan,nan,nan,nan,nan,nan
555,nan,nan,0.285986,0,0,0.0129765,0.0480478,0.0229692,-0.00829186,-8.51493,0.0002,0,0.173312,7599.81,1.36127,0.255613,-0.2,0.05,1,990.309,6.81984e+06,nan,nan,nan,nan,nan,nan,nan,nan,nan,nan,nan,nan,nan,nan,nan,nan,nan,nan,nan,nan
556,nan,nan,0.286039,0,0,0.0128788,0.0479129,0.0203141,-0.00671646,-8.51323,0.0002,0,0.173326,7640.56,1.3545,0.253763,-0.2,0.05,1,991.918,6.83213e+06,nan,nan,nan,nan,nan,nan,nan,nan,nan,nan,nan,nan,nan,nan,nan,nan,nan,nan,nan,nan
557,nan,nan,0.286061,0,0,0.012663,0.0487671,0.0253932,-0.00484319,-8.51282,0.0002,0,0.173322,7764.06,1.33286,0.249812,-0.2,0.05,1,993.502,6.84442e+06,nan,nan,nan,nan,nan,nan,nan,nan,nan,nan,nan,nan,nan,nan,nan,nan,nan,nan,nan,nan
558,278.628,1000,0.286033,0.0416667,0,0.0124611,0.0490933,0.0270275,-0.00842006,-8.51494,0.0002,0,0.173295,7803.59,1.32428,0.250382,-0.2,0.05,1,995.077,6.8567e+06,1.99475,1.98197,1.9731,0.617577,-0.0425121,nan,0,0,0,0,0,0,0,0,nan,nan,0,0,-0.000951861,-5.9893e-09
559,nan,nan,0.2858,0,0,0.0122615,0.0473973,0.0191229,-0.00415118,-8.51439,0.0002,0,0.173316,7684.87,1.34863,0.250356,-0.2,0.05,1,996.677,6.86899e+06,nan,nan,nan,nan,nan,nan,nan,nan,nan,nan,nan,nan,nan,nan,nan,nan,nan,nan,nan,nan
560,nan,nan,0.286128,0,0,0.0117998,0.0467903,0.0237613,-0.00576378,-8.5132,0.0002,0,0.173322,7746.63,1.33672,0.249514,-0.2,0.05,1,998.264,6.88128e+06,nan,nan,nan,nan,nan,nan,nan,nan,nan,nan,nan,nan,nan,nan,nan,nan,nan,nan,nan,nan
561,nan,nan,0.286557,0,0,0.0123534,0.047852,0.0218914,-0.00431354,-8.51406,0.0002,0,0.173315,7644.57,1.3591,0.248313,-0.2,0.05,1,999.872,6.89357e+06,nan,nan,nan,nan,nan,nan,nan,nan,nan,nan,nan,nan,nan,nan,nan,nan,nan,nan,nan,nan
562,nan,nan,0.285921,0,0,0.0120072,0.0463036,0.0223482,-0.00519783,-8.51544,0.0002,0,0.173316,7566.33,1.37332,0.250721,-0.2,0.05,1,1001.5,6.90586e+06,nan,nan,nan,nan,nan,nan,nan,nan,nan,nan,nan,nan,nan,nan,nan,nan,nan,nan,nan,nan
563,nan,nan,0.286186,0,0,0.0119359,0.0473779,0.0273214,-0.00610375,-8.51336,0.0002,0,0.173331,7514.37,1.37636,0.258904,-0.2,0.05,1,1003.13,6.91814e+06,nan,nan,nan,nan,nan,nan,nan,nan,nan,nan,nan,nan,nan,nan,nan,nan,nan,nan,nan,nan
564,nan,nan,0.286846,0,0,0.0122668,0.0481671,0.0189399,-0.00744158,-8.51309,0.0002,0,0.173325,6758.8,1.54169,0.276381,-0.2,0.05,1,1004.95,6.93043e+06,nan,nan,nan,nan,nan,nan,nan,nan,nan,nan,nan,nan,nan,nan,nan,nan,nan,nan,nan,nan
565,nan,nan,0.287529,0,0,0.0119399,0.0479527,0.0289457,-0.00607089,-8.5145,0.0002,0,0.173296,7295.24,1.42635,0.258033,-0.2,0.05,1,1006.64,6.94272e+06,nan,nan,nan,nan,nan,nan,nan,nan,nan,nan,nan,nan,nan,nan,nan,nan,nan,nan,nan,nan
566,286.775,1000,0.287368,0.0416667,0,0.0118753,0.0477038,0.0221041,-0.00858677,-8.51609,0.0002,0,0.173306,7158.39,1.41714,0.299447,-0.2,0.05,1,1008.35,6.95501e+06,1.99792,1.98705,1.95934,0.889586,-0.0380585,nan,0,0,0,0,0,0,0,0,nan,nan,0,0,-0.000597103,-3.40029e-09
567,275.375,1000,0.287432,0.0833333,0,0.012118,0.0480437,0.0209118,-0.00408691,-8.51422,0.0002,0,0.173325,7502.87,1.38547,0.252308,-0.2,0.05,1,1009.99,6.9673e+06,1.99402,1.97834,1.89841,0.680612,-0.0407428,nan,0,0,0,0,0,0,0,0,nan,nan,0,0,-0.000950802,-6.59431e-09
568,281.254,1000,0.287815,0.0416667,0,0.0117908,0.0471835,0.0210466,-0.00908919,-8.51341,0.0002,0,0.17333,7327.68,1.42315,0.253775,-0.2,0.05,1,1011.67,6.97958e+06,1.99468,1.98108,1.97875,0.620901,-0.0429305,nan,0,0,0,0,0,0,0,0,nan,nan,0,0,-0.000807451,-5.3318e-09
569,277.936,1000,0.28748,0.125,0,0.0120935,0.0474449,0.0189182,-0.00747539,-8.51317,0.0002,0,0.173327,7389.19,1.41219,0.250781,-0.2,0.05,1,1013.33,6.99187e+06,1.99445,1.98155,1.93566,0.685979,-0.0403003,nan,0,0,0,0,0,0,0,0,nan,nan,0,-7.50018e-07,-0.000830622,-5.77964e-09
570,272.92,1000,0.287483,0.0416667,0,0.0120451,0.0472913,0.0178113,-0.00895423,-8.51391,0.0002,0,0.17332,7630.49,1.35866,0.251722,-0.2,0.05,1,1014.95,7.00416e+06,1.9943,1.98216,1.92095,0.59167,-0.0407118,nan,0,0,0,0,0,0,0,0,nan,nan,0,0,-0.000883173,-6.15745e-09
571,290.48,1000,0.287326,0.208333,0,0.0122086,0.0476603,0.0212126,-0.00684736,-8.51354,0.0002,0,0.173333,7581.2,1.36967,0.251182,-0.2,0.05,1,1016.57,7.01645e+06,1.99606,1.98331,1.93684,0.777097,-0.04069,nan,0,0,0,0,0,0,0,0,nan,nan,0,-2.19934e-06,-0.000784914,-4.76394e-09
572,294.128,1000,0.287293,0.208333,0,0.0124776,0.0475292,0.0155189,-0.00920012,-8.51258,0.0002,0,0.173322,7097.4,1.44384,0.2875,-0.2,0.05,1,1018.3,7.02874e+06,1.9936,1.981,1.96938,0.735067,-0.041969,nan,0,0,0,0,0,0,0,0,nan,nan,0,0,-0.000990949,-6.31909e-09
573,287.154,1000,0.287453,0.125,0,0.0117243,0.0471079,0.020561,-0.00506398,-8.51341,0.0002,0,0.173315,7346.9,1.4165,0.256042,-0.2,0.05,1,1019.97,7.04102e+06,1.99779,1.98774,1.96145,0.87122,-0.0397175,nan,0,0,0,0,0,0,0,0,nan,nan,0,-9.90742e-06,-0.000603082,-3.4631e-09
574,297.22,1000,0.287948,0.166667,0,0.011948,0.0463571,0.0158394,-0.00631985,-8.51364,0.0002,0,0.173323,6685.37,1.54672,0.291324,-0.2,0.05,1,1021.81,7.05331e+06,1.99452,1.98217,1.97102,0.737662,-0.0418783,nan,0,0,0,0,0,0,0,0,nan,nan,0,0,-0.000887984,-5.98657e-09
575,293.417,1000,0.287967,0.208333,0,0.0120747,0.0468081,0.0187305,-0.00737301,-8.51381,0.0002,0,0.173318,6070.78,1.75003,0.274088,-0.2,0.05,1,1023.84,7.0656e+06,1.99454,1.98111,1.96907,0.74542,-0.0409336,nan,0,0,0,0,0,0,0,0,nan,nan,0,0,-0.00087595,-5.74168e-09
576,272.935,1000,0.288058,0.125,0,0.0120766,0.0475688,0.0290159,-0.00928707,-8.51469,0.0002,0,0.1733,6767.66,1.46869,0.347006,-0.2,0.05,1,1025.65,7.07789e+06,1.99416,1.98104,1.90487,0.653747,-0.0407343,nan,0,0,0,0,0,0,0,0,nan,nan,0,0,-0.000996539,-6.53116e-09
577,278.434,1000,0.288032,0.0416667,0,0.012095,0.0474519,0.0275069,-0.00795769,-8.51398,0.0002,0,0.173313,7029.18,1.46628,0.281859,-0.2,0.05,1,1027.4,7.09018e+06,1.99174,1.97504,1.89884,0.714971,-0.0418787,nan,0,0,0,0,0,0,0,0,nan,nan,0,0,-0.00113165,-8.55413e-09
578,282.589,1000,0.28847,0.125,0,0.0123132,0.0476233,0.0239951,-0.00695128,-8.51387,0.0002,0,0.17331,6847.22,1.52649,0.268107,-0.2,0.05,1,1029.2,7.10246e+06,1.99555,1.98466,1.94587,0.76356,-0.040518,nan,0,0,0,0,0,0,0,0,nan,nan,0,0,-0.000870132,-5.3483e-09
579,281.128,1000,0.288398,0.0833333,0,0.0123649,0.0478089,0.0254113,-0.00508703,-8.51469,0.0002,0,0.173308,7448.71,1.39898,0.250706,-0.2,0.05,1,1030.85,7.11475e+06,1.99403,1.97992,1.94174,0.706869,-0.0414009,nan,0,0,0,0,0,0,0,0,nan,nan,0,-3.00524e-05,-0.000954458,-6.0839e-09
580,284.875,1000,0.288478,0.0833333,0,0.0125088,0.0483444,0.0209291,-0.010816,-8.5143,0.0002,0,0.173314,7587.4,1.36959,0.249934,-0.2,0.05,1,1032.47,7.12704e+06,1.99118,1.97887,1.95949,0.702925,-0.0416825,nan,0,0,0,0,0,0,0,0,nan,nan,0,0,-0.00110944,-8.15599e-09
581,nan,nan,0.28887,0,0,0.0121748,0.0476037,0.0249742,-0.00688793,-8.51416,0.0002,0,0.173309,7628.04,1.36113,0.249767,-0.2,0.05,1,1034.08,7.13933e+06,nan,nan,nan,nan,nan,nan,nan,nan,nan,nan,nan,nan,nan,nan,nan,nan,nan,nan,nan,nan
582,nan,nan,0.288526,0,0,0.0120781,0.0477556,0.0210985,-0.00642532,-8.51381,0.0002,0,0.173317,7599.35,1.36672,0.250258,-0.2,0.05,1,1035.7,7.15162e+06,nan,nan,nan,nan,nan,nan,nan,nan,nan,nan,nan,nan,nan,nan,nan,nan,nan,nan,nan,nan
583,281.708,1000,0.288825,0.0416667,0,0.0122474,0.0475118,0.0197358,-0.00771416,-8.51427,0.0002,0,0.173302,7478.57,1.38923,0.253868,-0.2,0.05,1,1037.34,7.1639e+06,1.9937,1.98038,1.92777,0.852588,-0.040726,nan,0,0,0,0,0,0,0,0,nan,nan,0,0,-0.00103676,-6.13099e-09
584,287.35,1000,0.28682,18.5417,0,0.0321891,0.136636,0.0282156,0.00410009,-8.51479,0.0002,0,0.173313,7045.11,1.48733,0.25686,-0.2,0.05,1,1039.09,7.17619e+06,1.99428,1.98241,1.9562,0.761585,-0.0413576,nan,0,0,0,0,0,0,0,0,nan,nan,0,-5.74115e-06,-0.000927006,-6.01798e-09
585,nan,nan,0.293836,0,0,0.0236404,0.0578013,0.0165292,-0.00310245,-8.51423,0.0002,0,0.173299,7490.63,1.38754,0.25291,-0.2,0.05,1,1040.73,7.18848e+06,nan,nan,nan,nan,nan,nan,nan,nan,nan,nan,nan,nan,nan,nan,nan,nan,nan,nan,nan,nan
586,nan,nan,0.293297,0,0,0.014437,0.0523605,0.0151566,-0.00839087,-8.51636,0.0002,0,0.173294,7421.42,1.40605,0.249703,-0.2,0.05,1,1042.38,7.20077e+06,nan,nan,nan,nan,nan,nan,nan,nan,nan,nan,nan,nan,nan,nan,nan,nan,nan,nan,nan,nan
587,335.462,1000,0.291944,0.0416667,0,0.0119124,0.0475939,0.0176534,-0.00400107,-8.51679,0.0002,0,0.173302,7342.3,1.41891,0.254682,-0.2,0.05,1,1044.06,7.21306e+06,1.99721,1.98582,1.97513,0.97603,-0.0396453,nan,0,0,0,0,0,0,0,0,nan,nan,0,0,-0.000707957,-4.28546e-09
588,284.783,1000,0.291319,0.208333,0,0.0125436,0.0477126,0.0252919,-0.00467406,-8.51646,0.0002,0,0.173304,6604.62,1.59211,0.268401,-0.2,0.05,1,1045.92,7.22534e+06,1.99191,1.97947,1.96306,0.771764,-0.0423559,nan,0,0,0,0,0,0,0,0,nan,nan,0,-1.53547e-06,-0.00114295,-7.49965e-09
589,288.42,1000,0.291431,0.375,0,0.0132551,0.0474749,0.0222944,-0.00581925,-8.5166,0.0002,0,0.173296,7067.67,1.47115,0.267467,-0.2,0.05,1,1047.66,7.23763e+06,1.99419,1.98173,1.96163,0.78111,-0.0412707,nan,0,0,0,0,0,0,0,0,nan,nan,0,-5.50652e-06,-0.000943865,-6.03236e-09
590,281.875,1000,0.291743,0.208333,0,0.0127855,0.0474129,0.025102,-0.00670122,-8.5152,0.0002,0,0.173316,7072.24,1.47721,0.260284,-0.2,0.05,1,1049.4,7.24992e+06,1.99394,1.9796,1.94281,0.764895,-0.0413047,nan,0,0,0,0,0,0,0,0,nan,nan,0,-6.08915e-05,-0.00095446,-6.26449e-09
591,275.029,1000,0.291796,0.0416667,0,0.0121162,0.0465757,0.037258,-0.00448158,-8.51454,0.0002,0,0.173312,7007.74,1.49683,0.256655,-0.2,0.05,1,1051.15,7.26221e+06,1.99407,1.97438,1.93883,0.653229,-0.0440825,nan,0,0,0,0,0,0,0,0,nan,nan,0,0,-0.000911855,-6.88301e-09
592,288.019,1000,0.292145,0.0416667,0,0.0123195,0.0456145,0.0375159,-0.00712027,-8.51535,0.0002,0,0.173312,7196.17,1.44257,0.265004,-0.2,0.05,1,1052.86,7.2745e+06,1.99769,1.98726,1.96728,0.787724,-0.0409449,nan,0,0,0,0,0,0,0,0,nan,nan,0,-0.000143487,-0.000669859,-3.67933e-09
593,286.296,1000,0.292323,0.0833333,0,0.012331,0.0465151,0.02901,-0.00594626,-8.5153,0.0002,0,0.173292,7127.26,1.46078,0.263302,-0.2,0.05,1,1054.58,7.28678e+06,1.99503,1.98348,1.97743,0.779148,-0.0422972,nan,0,0,0,0,0,0,0,0,nan,nan,0,0,-0.000860292,-5.44776e-09
594,nan,nan,0.292878,0,0,0.0125003,0.0472569,0.0234962,-0.00748359,-8.51604,0.0002,0,0.173273,7152.66,1.45192,0.266037,-0.2,0.05,1,1056.3,7.29907e+06,nan,nan,nan,nan,nan,nan,nan,nan,nan,nan,nan,nan,nan,nan,nan,nan,nan,nan,nan,nan
595,nan,nan,0.292643,0,0,0.0121255,0.0465485,0.0320901,-0.00404893,-8.51743,0.0002,0,0.173281,7137.16,1.4525,0.269194,-0.2,0.05,1,1058.03,7.31136e+06,nan,nan,nan,nan,nan,nan,nan,nan,nan,nan,nan,nan,nan,nan,nan,nan,nan,nan,nan,nan
596,nan,nan,0.292964,0,0,0.0121591,0.0454278,0.0241449,-0.00854372,-8.51549,0.0002,0,0.17331,6773.89,1.55059,0.263434,-0.2,0.05,1,1059.84,7.32365e+06,nan,nan,nan,nan,nan,nan,nan,nan,nan,nan,nan,nan,nan,nan,nan,nan,nan,nan,nan,nan
597,nan,nan,0.292567,0,0,0.0119116,0.0455002,0.0254966,-0.00580452,-8.51395,0.0002,0,0.17332,7221.48,1.44131,0.260277,-0.2,0.05,1,1061.54,7.33594e+06,nan,nan,nan,nan,nan,nan,nan,nan,nan,nan,nan,nan,nan,nan,nan,nan,nan,nan,nan,nan
598,nan,nan,0.29248,0,0,0.0121758,0.0460709,0.0303631,-0.00495309,-8.51377,0.0002,0,0.173325,7102.72,1.47366,0.256382,-0.2,0.05,1,1063.27,7.34822e+06,nan,nan,nan,nan,nan,nan,nan,nan,nan,nan,nan,nan,nan,nan,nan,nan,nan,nan,nan,nan
599,nan,nan,0.292071,0,0,0.0120099,0.0462405,0.0236365,-0.00784737,-8.51339,0.0002,0,0.173319,7190.33,1.44851,0.260448,-0.2,0.05,1,1064.98,7.36051e+06,nan,nan,nan,nan,nan,nan,nan,nan,nan,nan,nan,nan,nan,nan,nan,nan,nan,nan,nan,nan
600,281.472,1000,0.292125,0.0416667,0,0.0117706,0.0466173,0.0317263,-0.00851316,-8.51382,0.0002,0,0.173314,7100.82,1.47027,0.260237,-0.2,0.05,1,1066.71,7.3728e+06,1.99334,1.98277,1.95285,0.757599,-0.041744,nan,0,0,0,0,0,0,0,0,nan,nan,0,0,-0.000877518,-6.33593e-09
601,nan,nan,0.292186,0,0,0.0118649,0.0458081,0.0358579,-0.00855964,-8.5138,0.0002,0,0.173309,7111.62,1.46995,0.257929,-0.2,0.05,1,1071.31,7.38509e+06,nan,nan,nan,nan,nan,nan,nan,nan,nan,nan,nan,nan,nan,nan,nan,nan,nan,nan,nan,nan
602,nan,nan,0.291718,0,0,0.011796,0.0461518,0.0285384,-0.00715422,-8.51688,0.0002,0,0.173264,6182.76,1.5728,0.414663,-0.2,0.05,1,1073.3,7.39738e+06,nan,nan,nan,nan,nan,nan,nan,nan,nan,nan,nan,nan,nan,nan,nan,nan,nan,nan,nan,nan
603,nan,nan,0.292084,0,0,0.0120508,0.0463326,0.0275822,-0.00666991,-8.51728,0.0002,0,0.173319,5380.04,1.85687,0.427121,-0.2,0.05,1,1075.58,7.40966e+06,nan,nan,nan,nan,nan,nan,nan,nan,nan,nan,nan,nan,nan,nan,nan,nan,nan,nan,nan,nan
604,nan,nan,0.29213,0,0,0.011973,0.0480663,0.0381119,-0.00621123,-8.51342,0.0002,0,0.173331,5741.11,1.73892,0.401435,-0.2,0.05,1,1077.72,7.42195e+06,nan,nan,nan,nan,nan,nan,nan,nan,nan,nan,nan,nan,nan,nan,nan,nan,nan,nan,nan,nan
605,nan,nan,0.292133,0,0,0.0120472,0.0476086,0.0354489,-0.00683682,-8.51282,0.0002,0,0.173326,5238.49,1.95634,0.389375,-0.2,0.05,1,1080.07,7.43424e+06,nan,nan,nan,nan,nan,nan,nan,nan,nan,nan,nan,nan,nan,nan,nan,nan,nan,nan,nan,nan
606,nan,nan,0.292408,0,0,0.0120492,0.0471371,0.0351822,-0.00715779,-8.51488,0.0002,0,0.173289,6536.03,1.61454,0.265503,-0.2,0.05,1,1081.95,7.44653e+06,nan,nan,nan,nan,nan,nan,nan,nan,nan,nan,nan,nan,nan,nan,nan,nan,nan,nan,nan,nan
607,287.993,1000,0.292725,0.0416667,0,0.0117295,0.047193,0.0307351,-0.00672526,-8.51724,0.0002,0,0.173266,6845.51,1.5307,0.264349,-0.2,0.05,1,1083.75,7.45882e+06,1.99443,1.98027,1.94319,0.867693,-0.0402698,nan,0,0,0,0,0,0,0,0,nan,nan,0,0,-0.000875786,-5.79336e-09
608,292.116,1000,0.292611,0.0416667,0,0.0116726,0.0470343,0.0395826,-0.00816321,-8.51851,0.0002,0,0.173274,6235.47,1.62143,0.34923,-0.2,0.05,1,1085.72,7.4711e+06,1.99525,1.98244,1.96987,0.83065,-0.044668,nan,0,0,0,0,0,0,0,0,nan,nan,0,0,-0.000909755,-5.22684e-09
609,293.348,1000,0.29216,0.0416667,0,0.0122753,0.0479822,0.0275432,-0.00713308,-8.51787,0.0002,0,0.173302,5979.52,1.74659,0.308421,-0.2,0.05,1,1087.77,7.48339e+06,1.99562,1.97739,1.97044,0.858427,-0.0429848,nan,0,0,0,0,0,0,0,0,nan,nan,0,0,-0.000822171,-5.18922e-09
610,282.625,1000,0.29231,0.0416667,0,0.0124861,0.0498045,0.0328366,-0.00349845,-8.51604,0.0002,0,0.173319,6174.28,1.66477,0.325425,-0.2,0.05,1,1089.77,7.49568e+06,1.99487,1.9832,1.96579,0.833433,-0.04275,nan,0,0,0,0,0,0,0,0,nan,nan,0,0,-0.000917521,-5.36056e-09
611,300.988,1000,0.291848,0.125,0,0.0126018,0.0500737,0.0255555,-0.00811057,-8.51344,0.0002,0,0.173326,6725.28,1.53947,0.287664,-0.2,0.05,1,1091.59,7.50797e+06,1.99566,1.98364,1.96758,0.880798,-0.0406332,nan,0,0,0,0,0,0,0,0,nan,nan,0,0,-0.000869515,-5.61342e-09
612,277.16,1000,0.291765,0.0833333,0,0.0122507,0.0484185,0.0324255,-0.0082121,-8.51272,0.0002,0,0.173333,6644.56,1.58872,0.260612,-0.2,0.05,1,1093.44,7.52026e+06,1.99226,1.97948,1.95334,0.768002,-0.0422513,nan,0,0,0,0,0,0,0,0,nan,nan,0,0,-0.00099815,-7.11317e-09
613,278.077,1000,0.292675,0.208333,0,0.011948,0.0482966,0.0235119,-0.00893605,-8.51274,0.0002,0,0.173323,6956.76,1.50315,0.26319,-0.2,0.05,1,1095.21,7.53254e+06,1.99443,1.98044,1.94696,0.806726,-0.0414785,nan,0,0,0,0,0,0,0,0,nan,nan,0,0,-0.000898026,-5.8904e-09
614,312.894,1000,0.293332,0.25,0,0.0118192,0.0475404,0.0242406,-0.00749223,-8.51424,0.0002,0,0.173309,7200.39,1.44677,0.259804,-0.2,0.05,1,1096.92,7.54483e+06,1.99668,1.98562,1.98011,0.86636,-0.0400571,nan,0,0,0,0,0,0,0,0,nan,nan,0,-9.1864e-05,-0.000681244,-4.17986e-09
615,309.659,1000,0.293245,0.0833333,0,0.0116223,0.047506,0.031339,-0.00754269,-8.51643,0.0002,0,0.173299,6984.02,1.49733,0.262111,-0.2,0.05,1,1098.68,7.55712e+06,1.99596,1.98327,1.97188,0.872856,-0.0411817,nan,0,0,0,0,0,0,0,0,nan,nan,0,0,-0.0007516,-5.00961e-09
616,295.81,1000,0.292679,0.25,0,0.0115214,0.047885,0.023941,-0.00805029,-8.51658,0.0002,0,0.173293,7130.62,1.44308,0.280191,-0.2,0.05,1,1100.4,7.56941e+06,1.99383,1.98031,1.96593,0.87069,-0.0422551,nan,0,0,0,0,0,0,0,0,nan,nan,0,-5.63437e-05,-0.000943154,-6.59602e-09
617,284.244,1000,0.293003,0.125,0,0.0119806,0.0482718,0.0291887,-0.00838326,-8.51648,0.0002,0,0.17325,7111.45,1.46322,0.264697,-0.2,0.05,1,1102.13,7.5817e+06,1.9964,1.98582,1.96733,0.745922,-0.0408718,nan,0,0,0,0,0,0,0,0,nan,nan,0,-0.000185439,-0.000737349,-4.45795e-09
618,289.064,1000,0.29331,0.0833333,0,0.0115723,0.0486417,0.031734,-0.00752131,-8.51788,0.0002,0,0.17327,7158.4,1.45123,0.265351,-0.2,0.05,1,1103.85,7.59398e+06,1.99239,1.97745,1.94906,0.905326,-0.0438123,nan,0,0,0,0,0,0,0,0,nan,nan,0,0,-0.0011282,-7.69981e-09
619,278.916,1000,0.293503,0.0416667,0,0.0116298,0.0466699,0.0358355,-0.00679246,-8.51611,0.0002,0,0.173283,7063.43,1.47074,0.268927,-0.2,0.05,1,1105.59,7.60627e+06,1.99362,1.97844,1.95611,0.801974,-0.0414662,nan,0,0,0,0,0,0,0,0,nan,nan,0,0,-0.000952932,-6.3489e-09
620,282.801,1000,0.293219,0.166667,0,0.0121981,0.0495263,0.0333078,-0.00902918,-8.51657,0.0002,0,0.173269,7094.25,1.46753,0.264578,-0.2,0.05,1,1107.32,7.61856e+06,1.99508,1.98293,1.97247,0.781711,-0.0409586,nan,0,0,0,0,0,0,0,0,nan,nan,0,-0.000146106,-0.00079276,-5.36645e-09
621,318.479,1000,0.293291,0.0833333,0,0.0122089,0.0482291,0.0307018,-0.0054047,-8.51762,0.0002,0,0.173246,6809.06,1.53626,0.268395,-0.2,0.05,1,1109.13,7.63085e+06,1.99639,1.98469,1.98239,0.933293,-0.0393138,nan,0,0,0,0,0,0,0,0,nan,nan,0,0,-0.000760137,-4.79119e-09
622,293.167,1000,0.293216,0.0416667,0,0.0117512,0.0482866,0.0306197,-0.00487086,-8.51833,0.0002,0,0.173262,6973.84,1.49688,0.265132,-0.2,0.05,1,1110.89,7.64314e+06,1.99678,1.98523,1.9861,0.781125,-0.0426995,nan,0,0,0,0,0,0,0,0,nan,nan,0,0,-0.000690137,-4.21486e-09
623,nan,nan,0.293093,0,0,0.0116605,0.0472565,0.0243522,-0.00920637,-8.51692,0.0002,0,0.173267,7146.46,1.45405,0.265404,-0.2,0.05,1,1112.61,7.65542e+06,nan,nan,nan,nan,nan,nan,nan,nan,nan,nan,nan,nan,nan,nan,nan,nan,nan,nan,nan,nan
624,nan,nan,0.293298,0,0,0.0116621,0.0472633,0.0293159,-0.00618998,-8.51707,0.0002,0,0.173265,7180.54,1.44717,0.264119,-0.2,0.05,1,1114.32,7.66771e+06,nan,nan,nan,nan,nan,nan,nan,nan,nan,nan,nan,nan,nan,nan,nan,nan,nan,nan,nan,nan
625,292.433,1000,0.292741,18.5833,0,0.0119744,0.0482807,0.0303493,-0.00926074,-8.51624,0.0002,0,0.173303,6046.55,1.76569,0.266538,-0.2,0.05,1,1116.36,7.68e+06,1.99442,1.98057,1.96907,0.859549,-0.0417852,nan,0,0,0,0,0,0,0,0,nan,nan,0,-0.000148784,-0.000865715,-5.90999e-09
626,nan,nan,0.286803,0,0,0.0409708,0.162618,0.0352474,0.00220324,-8.5145,0.0002,0,0.173322,5838.25,1.79889,0.305845,-0.2,0.05,1,1118.46,7.69229e+06,nan,nan,nan,nan,nan,nan,nan,nan,nan,nan,nan,nan,nan,nan,nan,nan,nan,nan,nan,nan
627,nan,nan,0.292825,0,0,0.0187568,0.0559264,0.0128909,-0.00771151,-8.51301,0.0002,0,0.173322,6736.83,1.54879,0.275217,-0.2,0.05,1,1120.29,7.70458e+06,nan,nan,nan,nan,nan,nan,nan,nan,nan,nan,nan,nan,nan,nan,nan,nan,nan,nan,nan,nan
628,nan,nan,0.292213,0,0,0.0123982,0.0496133,0.0239897,-0.00359231,-8.51385,0.0002,0,0.173321,6418.37,1.63549,0.279011,-0.2,0.05,1,1122.2,7.71686e+06,nan,nan,nan,nan,nan,nan,nan,nan,nan,nan,nan,nan,nan,nan,nan,nan,nan,nan,nan,nan
629,282.542,1000,0.292783,0.0833333,0,0.0122196,0.04637,0.0305065,-0.00569306,-8.51334,0.0002,0,0.173322,5485.81,1.9242,0.315764,-0.2,0.05,1,1124.44,7.72915e+06,1.9916,1.97529,1.95453,0.86614,-0.0425923,nan,0,0,0,0,0,0,0,0,nan,nan,0,-0.000613394,-0.00118193,-8.80958e-09
630,300.535,1000,0.293254,0.25,0,0.0123179,0.0473085,0.0333453,-0.0084952,-8.51288,0.0002,0,0.173329,6009.84,1.76927,0.275376,-0.2,0.05,1,1126.49,7.74144e+06,1.99422,1.98019,1.96445,0.909281,-0.0408299,nan,0,0,0,0,0,0,0,0,nan,nan,0,-1.1913e-06,-0.000814729,-6.0569e-09
631,296.432,1000,0.293697,0.333333,0,0.0126851,0.0493526,0.0307603,-0.00725134,-8.51352,0.0002,0,0.173312,6629.36,1.58692,0.266657,-0.2,0.05,1,1128.34,7.75373e+06,1.99422,1.98068,1.97498,0.91725,-0.0419165,nan,0,0,0,0,0,0,0,0,nan,nan,0,-3.22787e-06,-0.000863235,-6.1856e-09
632,290.09,1000,0.294243,0.208333,0,0.0125971,0.0489328,0.0330455,-0.00368314,-8.5143,0.0002,0,0.173318,6834.56,1.52941,0.268514,-0.2,0.05,1,1130.14,7.76602e+06,1.99478,1.98155,1.97653,0.879205,-0.041753,nan,0,0,0,0,0,0,0,0,nan,nan,0,-7.6943e-05,-0.000845249,-5.64838e-09
633,289.609,1000,0.294812,0.0416667,0,0.0118219,0.0473125,0.037756,-0.00809063,-8.51352,0.0002,0,0.173328,6818.06,1.527,0.275277,-0.2,0.05,1,1131.94,7.7783e+06,1.99395,1.9794,1.97238,0.905169,-0.043204,nan,0,0,0,0,0,0,0,0,nan,nan,0,0,-0.000955448,-6.6392e-09
634,nan,nan,0.295131,0,0,0.0119151,0.0468956,0.0326303,-0.00670739,-8.51343,0.0002,0,0.17331,6601.86,1.58353,0.277761,-0.2,0.05,1,1133.81,7.79059e+06,nan,nan,nan,nan,nan,nan,nan,nan,nan,nan,nan,nan,nan,nan,nan,nan,nan,nan,nan,nan
635,293.453,1000,0.294772,0.0833333,0,0.0122254,0.0477931,0.02924,-0.00520189,-8.51328,0.0002,0,0.17333,7017.85,1.48947,0.261492,-0.2,0.05,1,1135.56,7.80288e+06,1.99674,1.98542,1.97006,0.828949,-0.0416013,nan,0,0,0,0,0,0,0,0,nan,nan,0,-0.000736594,-0.000598364,-4.14324e-09
636,nan,nan,0.29478,0,0,0.0117233,0.047806,0.0325829,-0.0061401,-8.51419,0.0002,0,0.173313,6753.83,1.55571,0.263707,-0.2,0.05,1,1137.38,7.81517e+06,nan,nan,nan,nan,nan,nan,nan,nan,nan,nan,nan,nan,nan,nan,nan,nan,nan,nan,nan,nan
637,nan,nan,0.294191,0,0,0.0118074,0.0471545,0.0316725,-0.0066657,-8.51481,0.0002,0,0.173318,7010.47,1.48822,0.264585,-0.2,0.05,1,1139.13,7.82746e+06,nan,nan,nan,nan,nan,nan,nan,nan,nan,nan,nan,nan,nan,nan,nan,nan,nan,nan,nan,nan
638,nan,nan,0.294472,0,0,0.0117338,0.0477315,0.0244843,-0.00340904,-8.51447,0.0002,0,0.173314,6998.88,1.49067,0.26504,-0.2,0.05,1,1140.89,7.83974e+06,nan,nan,nan,nan,nan,nan,nan,nan,nan,nan,nan,nan,nan,nan,nan,nan,nan,nan,nan,nan
639,nan,nan,0.29461,0,0,0.0114266,0.0466957,0.0429019,-0.00514456,-8.51494,0.0002,0,0.173292,6932.57,1.46705,0.305449,-0.2,0.05,1,1142.66,7.85203e+06,nan,nan,nan,nan,nan,nan,nan,nan,nan,nan,nan,nan,nan,nan,nan,nan,nan,nan,nan,nan
640,nan,nan,0.294052,0,0,0.0118823,0.0471744,0.0256286,-0.00664875,-8.51551,0.0002,0,0.173302,6648.16,1.58732,0.261012,-0.2,0.05,1,1144.51,7.86432e+06,nan,nan,nan,nan,nan,nan,nan,nan,nan,nan,nan,nan,nan,nan,nan,nan,nan,nan,nan,nan
641,302.058,1000,0.293713,0.0416667,0,0.0117598,0.0467678,0.0354859,-0.00743904,-8.51537,0.0002,0,0.173297,6813.32,1.52815,0.275379,-0.2,0.05,1,1146.31,7.87661e+06,1.99424,1.97871,1.98505,0.927246,-0.0421729,nan,0,0,0,0,0,0,0,0,nan,nan,0,0,-0.000925193,-6.30139e-09
642,nan,nan,0.293884,0,0,0.0117228,0.0468494,0.0391326,-0.00927166,-8.51502,0.0002,0,0.173285,6872.42,1.52125,0.266769,-0.2,0.05,1,1148.1,7.8889e+06,nan,nan,nan,nan,nan,nan,nan,nan,nan,nan,nan,nan,nan,nan,nan,nan,nan,nan,nan,nan
643,nan,nan,0.293723,0,0,0.011586,0.0467318,0.0319266,-0.00786577,-8.51589,0.0002,0,0.173276,6794.75,1.53113,0.277325,-0.2,0.05,1,1149.91,7.90118e+06,nan,nan,nan,nan,nan,nan,nan,nan,nan,nan,nan,nan,nan,nan,nan,nan,nan,nan,nan,nan
644,nan,nan,0.293481,0,0,0.0115491,0.0467073,0.0301263,-0.00916628,-8.51547,0.0002,0,0.173307,6956.92,1.49717,0.269127,-0.2,0.05,1,1151.68,7.91347e+06,nan,nan,nan,nan,nan,nan,nan,nan,nan,nan,nan,nan,nan,nan,nan,nan,nan,nan,nan,nan
645,nan,nan,0.293175,0,0,0.011459,0.0467263,0.0261581,-0.00700014,-8.51459,0.0002,0,0.173312,7069.35,1.47646,0.26175,-0.2,0.05,1,1153.42,7.92576e+06,nan,nan,nan,nan,nan,nan,nan,nan,nan,nan,nan,nan,nan,nan,nan,nan,nan,nan,nan,nan
646,nan,nan,0.294007,0,0,0.0116767,0.0463064,0.0311238,-0.00646658,-8.51468,0.0002,0,0.173308,7031.96,1.48301,0.264437,-0.2,0.05,1,1155.17,7.93805e+06,nan,nan,nan,nan,nan,nan,nan,nan,nan,nan,nan,nan,nan,nan,nan,nan,nan,nan,nan,nan
647,nan,nan,0.293652,0,0,0.0115387,0.0464487,0.0371986,-0.00943472,-8.51454,0.0002,0,0.173308,6887.37,1.50697,0.277167,-0.2,0.05,1,1156.95,7.95034e+06,nan,nan,nan,nan,nan,nan,nan,nan,nan,nan,nan,nan,nan,nan,nan,nan,nan,nan,nan,nan
648,nan,nan,0.293872,0,0,0.0111702,0.0449121,0.0310317,-0.00779805,-8.5163,0.0002,0,0.173268,6802.32,1.53452,0.271919,-0.2,0.05,1,1158.76,7.96262e+06,nan,nan,nan,nan,nan,nan,nan,nan,nan,nan,nan,nan,nan,nan,nan,nan,nan,nan,nan,nan
649,277.644,1000,0.294105,0.0416667,0,0.0112262,0.045759,0.0338373,-0.00872882,-8.517,0.0002,0,0.173309,6410.17,1.60592,0.311038,-0.2,0.05,1,1160.68,7.97491e+06,1.99201,1.9746,1.93547,0.832494,-0.0417153,nan,0,0,0,0,0,0,0,0,nan,nan,0,0,-0.000972645,-8.21501e-09
650,295.579,1000,0.293831,0.0833333,0,0.0111912,0.0451939,0.027916,-0.0070791,-8.51424,0.0002,0,0.173322,6635.52,1.56291,0.288938,-0.2,0.05,1,1162.53,7.9872e+06,1.99681,1.98315,1.96716,0.888689,-0.0408391,nan,0,0,0,0,0,0,0,0,nan,nan,0,-0.000853782,-0.00065706,-4.04715e-09
651,nan,nan,0.293857,0,0,0.0116007,0.0463289,0.0288903,-0.00804913,-8.51353,0.0002,0,0.173323,6440.32,1.61209,0.295895,-0.2,0.05,1,1164.44,7.99949e+06,nan,nan,nan,nan,nan,nan,nan,nan,nan,nan,nan,nan,nan,nan,nan,nan,nan,nan,nan,nan
652,278.099,1000,0.294414,0.0416667,0,0.0117931,0.0466891,0.0270637,-0.00944738,-8.51322,0.0002,0,0.173327,6285.92,1.62706,0.327783,-0.2,0.05,1,1166.39,8.01178e+06,1.9881,1.96865,1.95543,0.896361,-0.0427186,nan,0,0,0,0,0,0,0,0,nan,nan,0,-4.18189e-05,-0.00127699,-1.05629e-08
653,286.862,1000,0.293859,0.125,0,0.0117514,0.0464132,0.0318618,-0.0102727,-8.51303,0.0002,0,0.17333,5610.34,1.89727,0.292967,-0.2,0.05,1,1168.58,8.02406e+06,1.99406,1.97322,1.97417,0.860716,-0.0426013,nan,0,0,0,0,0,0,0,0,nan,nan,0,0,-0.000922818,-6.56607e-09
654,288.658,1000,0.293387,0.208333,0,0.011759,0.0479409,0.0214433,-0.00944019,-8.51248,0.0002,0,0.173333,6351.08,1.65576,0.279033,-0.2,0.05,1,1170.52,8.03635e+06,1.99424,1.9781,1.96443,0.920528,-0.0425632,nan,0,0,0,0,0,0,0,0,nan,nan,0,-8.09211e-05,-0.000882253,-6.15856e-09
655,277.679,1000,0.293344,0.125,0,0.0116525,0.0466882,0.031603,-0.00863885,-8.5127,0.0002,0,0.173326,5944.42,1.73416,0.332983,-0.2,0.05,1,1172.59,8.04864e+06,1.99316,1.97569,1.94984,0.914865,-0.0418325,nan,0,0,0,0,0,0,0,0,nan,nan,0,0,-0.000976508,-6.93934e-09
656,282.478,1000,0.293781,0.25,0,0.0118278,0.0468616,0.0405288,-0.00820606,-8.51272,0.0002,0,0.173333,6037.97,1.75371,0.281416,-0.2,0.05,1,1174.62,8.06093e+06,1.99188,1.97454,1.95549,0.83387,-0.0428816,nan,0,0,0,0,0,0,0,0,nan,nan,0,-0.000260452,-0.00114158,-8.14884e-09
657,312.022,1000,0.292708,0.0833333,0,0.0119019,0.0466358,0.0291293,-0.00649727,-8.5129,0.0002,0,0.173319,6684.02,1.54617,0.292239,-0.2,0.05,1,1176.46,8.07322e+06,1.99563,1.984,1.9779,0.935356,-0.0406663,nan,0,0,0,0,0,0,0,0,nan,nan,0,-4.84289e-06,-0.000700315,-4.9922e-09
658,285.693,1000,0.292361,0.25,0,0.0118065,0.04751,0.0268993,-0.00594614,-8.51365,0.0002,0,0.173303,6047.74,1.72012,0.311719,-0.2,0.05,1,1178.5,8.0855e+06,1.99416,1.97673,1.9662,0.904321,-0.0423772,nan,0,0,0,0,0,0,0,0,nan,nan,0,0,-0.000953728,-6.55718e-09
659,307.775,1000,0.293307,0.0833333,0,0.011597,0.0469805,0.0244087,-0.00500379,-8.51494,0.0002,0,0.173291,6210.2,1.66814,0.310542,-0.2,0.05,1,1180.48,8.09779e+06,1.99596,1.98179,1.97084,0.887177,-0.0417884,nan,0,0,0,0,0,0,0,0,nan,nan,0,-4.56504e-06,-0.000784686,-5.47944e-09
660,287.892,1000,0.293174,0.0833333,0,0.0113432,0.0461763,0.0362929,-0.00781885,-8.51481,0.0002,0,0.173313,5851.58,1.81621,0.283741,-0.2,0.05,1,1182.58,8.11008e+06,1.9936,1.97299,1.96682,0.867355,-0.0431381,nan,0,0,0,0,0,0,0,0,nan,nan,0,0,-0.000899101,-6.85576e-09
661,292.656,1000,0.292728,0.0833333,0,0.0118491,0.0476573,0.039547,-0.00819442,-8.51284,0.0002,0,0.173333,6527.66,1.60787,0.274578,-0.2,0.05,1,1184.46,8.12237e+06,1.9935,1.97906,1.979,0.879459,-0.0434657,nan,0,0,0,0,0,0,0,0,nan,nan,0,0,-0.000876803,-6.4668e-09
662,291.745,1000,0.292203,0.166667,0,0.0122459,0.049014,0.0289769,-0.00687163,-8.51264,0.0002,0,0.17333,5644.71,1.82515,0.351759,-0.2,0.05,1,1186.64,8.13466e+06,1.99576,1.97919,1.9629,0.902081,-0.0420603,nan,0,0,0,0,0,0,0,0,nan,nan,0,-0.00067497,-0.000737319,-5.07921e-09
663,283.863,1000,0.292405,0.0416667,0,0.0121543,0.048824,0.0289883,-0.00706099,-8.51301,0.0002,0,0.173329,5884.94,1.75796,0.330086,-0.2,0.05,1,1188.73,8.14694e+06,1.98954,1.97002,1.96793,0.832349,-0.0420539,nan,0,0,0,0,0,0,0,0,nan,nan,0,0,-0.00118315,-9.3949e-09
664,300.122,1000,0.29218,0.0416667,0,0.0112962,0.0469125,0.0223331,-0.00571709,-8.51274,0.0002,0,0.173326,5685.05,1.88217,0.279288,-0.2,0.05,1,1190.89,8.15923e+06,1.9947,1.98233,1.98483,0.812197,-0.0438931,nan,0,0,0,0,0,0,0,0,nan,nan,0,0,-0.000839803,-5.21829e-09
665,nan,nan,0.292444,0,0,0.011021,0.0454349,0.0250803,-0.00413941,-8.51288,0.0002,0,0.173319,6150.1,1.6131,0.38492,-0.2,0.05,1,1192.89,8.17152e+06,nan,nan,nan,nan,nan,nan,nan,nan,nan,nan,nan,nan,nan,nan,nan,nan,nan,nan,nan,nan
666,283.817,1000,0.292651,0.0416667,0,0.0108717,0.0445995,0.0290593,-0.00568012,-8.51353,0.0002,0,0.173318,5573.99,1.92705,0.277478,-0.2,0.05,1,1195.09,8.18381e+06,1.99397,1.97627,1.95569,0.908728,-0.0427006,nan,0,0,0,0,0,0,0,0,nan,nan,0,0,-0.000996022,-6.43965e-09
667,293.458,1000,0.289464,18.5417,0,0.0225808,0.133708,0.0296102,-0.00098326,-8.51363,0.0002,0,0.173322,6190.45,1.70846,0.276533,-0.2,0.05,1,1197.08,8.1961e+06,1.99447,1.97974,1.95914,0.890796,-0.0419638,nan,0,0,0,0,0,0,0,0,nan,nan,0,-0.000725757,-0.000854025,-6.18516e-09
668,nan,nan,0.292013,0,0,0.037052,0.0919506,0.0242328,-0.00737795,-8.51334,0.0002,0,0.173328,6907.72,1.50275,0.276125,-0.2,0.05,1,1198.86,8.20838e+06,nan,nan,nan,nan,nan,nan,nan,nan,nan,nan,nan,nan,nan,nan,nan,nan,nan,nan,nan,nan
669,nan,nan,0.293806,0,0,0.01695,0.0545478,0.0137566,-0.00727284,-8.51301,0.0002,0,0.173323,6815.37,1.52738,0.275605,-0.2,0.05,1,1200.66,8.22067e+06,nan,nan,nan,nan,nan,nan,nan,nan,nan,nan,nan,nan,nan,nan,nan,nan,nan,nan,nan,nan
670,nan,nan,0.292966,0,0,0.0122672,0.0500068,0.0243842,-0.00561927,-8.51406,0.0002,0,0.173308,6873.44,1.51302,0.274731,-0.2,0.05,1,1202.45,8.23296e+06,nan,nan,nan,nan,nan,nan,nan,nan,nan,nan,nan,nan,nan,nan,nan,nan,nan,nan,nan,nan
671,290.759,1000,0.293421,0.25,0,0.0121452,0.0468399,0.0265985,-0.00541267,-8.51481,0.0002,0,0.173304,6479.03,1.62593,0.27065,-0.2,0.05,1,1204.35,8.24525e+06,1.99382,1.97935,1.94101,0.880981,-0.0413947,nan,0,0,0,0,0,0,0,0,nan,nan,0,-5.11056e-05,-0.00089407,-6.92984e-09
672,303.801,1000,0.294156,0.291667,0,0.0118666,0.0461776,0.0265046,-0.00447258,-8.51555,0.0002,0,0.173295,6492.11,1.60475,0.288008,-0.2,0.05,1,1206.24,8.25754e+06,1.99512,1.98117,1.97848,0.852271,-0.042889,nan,0,0,0,0,0,0,0,0,nan,nan,0,-5.28146e-08,-0.000842241,-5.90322e-09
673,286.969,1000,0.29447,0.208333,0,0.0121825,0.047955,0.0356262,-0.0072512,-8.51779,0.0002,0,0.173276,6492.9,1.60414,0.288385,-0.2,0.05,1,1208.13,8.26982e+06,1.99351,1.97698,1.9639,0.901139,-0.0431727,nan,0,0,0,0,0,0,0,0,nan,nan,0,0,-0.000956296,-6.82996e-09
674,315.974,1000,0.295001,0.125,0,0.011785,0.0466828,0.0369016,-0.0041664,-8.51679,0.0002,0,0.173312,6683.08,1.55332,0.285352,-0.2,0.05,1,1209.97,8.28211e+06,1.99564,1.98112,1.96526,0.915522,-0.041496,nan,0,0,0,0,0,0,0,0,nan,nan,0,-0.00332332,-0.000762821,-5.08737e-09
675,290.593,1000,0.29578,0.0416667,0,0.0116515,0.0463556,0.0304521,-0.00248264,-8.51593,0.0002,0,0.173277,6416.74,1.63136,0.283636,-0.2,0.05,1,1211.89,8.2944e+06,1.99586,1.98217,1.97529,0.943975,-0.0455119,nan,0,0,0,0,0,0,0,0,nan,nan,0,0,-0.000773284,-5.0409e-09
676,321.344,1000,0.295225,0.0416667,0,0.0122474,0.0478541,0.0296108,-0.00284919,-8.51742,0.0002,0,0.173286,6673.33,1.56622,0.275142,-0.2,0.05,1,1213.73,8.30669e+06,1.99812,1.98644,1.94792,0.801388,-0.0394435,nan,0,0,0,0,0,0,0,0,nan,nan,0,-0.012178,-0.000450557,-2.83045e-09
677,338.846,1000,0.294633,0.0416667,0,0.012094,0.0477273,0.0298709,-0.00479963,-8.51628,0.0002,0,0.173282,6718.74,1.55409,0.274821,-0.2,0.05,1,1215.56,8.31898e+06,1.99695,1.98359,1.97956,0.90741,-0.0409745,nan,0,0,0,0,0,0,0,0,nan,nan,0,-2.06334e-05,-0.000600369,-4.81804e-09
678,nan,nan,0.294859,0,0,0.0120015,0.0464611,0.0273066,-0.00659442,-8.51829,0.0002,0,0.173222,6886.71,1.48144,0.302867,-0.2,0.05,1,1217.35,8.33126e+06,nan,nan,nan,nan,nan,nan,nan,nan,nan,nan,nan,nan,nan,nan,nan,nan,nan,nan,nan,nan
679,nan,nan,0.295364,0,0,0.0116265,0.046801,0.0296299,-0.00420559,-8.52094,0.0002,0,0.173195,6470.93,1.6019,0.297053,-0.2,0.05,1,1219.25,8.34355e+06,nan,nan,nan,nan,nan,nan,nan,nan,nan,nan,nan,nan,nan,nan,nan,nan,nan,nan,nan,nan
680,nan,nan,0.295507,0,0,0.0113789,0.0468439,0.0334554,-0.00889011,-8.52152,0.0002,0,0.173208,6479.83,1.5934,0.302949,-0.2,0.05,1,1221.14,8.35584e+06,nan,nan,nan,nan,nan,nan,nan,nan,nan,nan,nan,nan,nan,nan,nan,nan,nan,nan,nan,nan
681,nan,nan,0.295058,0,0,0.0116974,0.0464205,0.0284391,-0.00533813,-8.52056,0.0002,0,0.173229,6122.7,1.62595,0.381008,-0.2,0.05,1,1223.15,8.36813e+06,nan,nan,nan,nan,nan,nan,nan,nan,nan,nan,nan,nan,nan,nan,nan,nan,nan,nan,nan,nan
682,nan,nan,0.29526,0,0,0.0113362,0.0464567,0.0304184,-0.00883394,-8.51752,0.0002,0,0.173284,5144.95,2.0508,0.337557,-0.2,0.05,1,1225.54,8.38042e+06,nan,nan,nan,nan,nan,nan,nan,nan,nan,nan,nan,nan,nan,nan,nan,nan,nan,nan,nan,nan
683,268.742,1000,0.295451,0.0416667,0,0.0112197,0.0464943,0.022817,-0.00337706,-8.51425,0.0002,0,0.173307,6737.19,1.54592,0.277982,-0.2,0.05,1,1227.37,8.3927e+06,1.99492,1.98652,1.89352,0.835313,-0.0391372,nan,0,0,0,0,0,0,0,0,nan,nan,0,0,-0.000784055,-5.87942e-09
684,nan,nan,0.295444,0,0,0.0114453,0.0459773,0.0302777,-0.00402375,-8.51431,0.0002,0,0.173312,6662.19,1.53516,0.309275,-0.2,0.05,1,1229.21,8.40499e+06,nan,nan,nan,nan,nan,nan,nan,nan,nan,nan,nan,nan,nan,nan,nan,nan,nan,nan,nan,nan
685,nan,nan,0.295271,0,0,0.0114131,0.0467102,0.021715,-0.00501566,-8.51386,0.0002,0,0.17332,6608.4,1.58982,0.269637,-0.2,0.05,1,1231.08,8.41728e+06,nan,nan,nan,nan,nan,nan,nan,nan,nan,nan,nan,nan,nan,nan,nan,nan,nan,nan,nan,nan
686,nan,nan,0.295026,0,0,0.011809,0.0469009,0.0263015,-0.00667122,-8.51293,0.0002,0,0.173333,6330.71,1.59484,0.346179,-0.2,0.05,1,1233.02,8.42957e+06,nan,nan,nan,nan,nan,nan,nan,nan,nan,nan,nan,nan,nan,nan,nan,nan,nan,nan,nan,nan
687,nan,nan,0.295221,0,0,0.0116464,0.0482221,0.0275596,-0.00777034,-8.51247,0.0002,0,0.173332,5326.76,1.80817,0.49867,-0.2,0.05,1,1235.32,8.44186e+06,nan,nan,nan,nan,nan,nan,nan,nan,nan,nan,nan,nan,nan,nan,nan,nan,nan,nan,nan,nan
688,nan,nan,0.295244,0,0,0.0117989,0.0496836,0.0294633,-0.00807946,-8.51288,0.0002,0,0.173325,6347.88,1.63726,0.298503,-0.2,0.05,1,1237.26,8.45414e+06,nan,nan,nan,nan,nan,nan,nan,nan,nan,nan,nan,nan,nan,nan,nan,nan,nan,nan,nan,nan
689,nan,nan,0.29459,0,0,0.0120319,0.048483,0.0250681,-0.00820458,-8.51447,0.0002,0,0.173314,6663.36,1.56028,0.283838,-0.2,0.05,1,1239.11,8.46643e+06,nan,nan,nan,nan,nan,nan,nan,nan,nan,nan,nan,nan,nan,nan,nan,nan,nan,nan,nan,nan
690,nan,nan,0.294489,0,0,0.012162,0.0502287,0.0250519,-0.0053861,-8.51426,0.0002,0,0.173322,6800.89,1.5341,0.272722,-0.2,0.05,1,1240.91,8.47872e+06,nan,nan,nan,nan,nan,nan,nan,nan,nan,nan,nan,nan,nan,nan,nan,nan,nan,nan,nan,nan
691,283.015,1000,0.294549,0.0416667,0,0.0119053,0.0493882,0.0255592,-0.00829239,-8.51446,0.0002,0,0.173316,6565.93,1.57681,0.294664,-0.2,0.05,1,1242.79,8.49101e+06,1.99388,1.97919,1.95869,0.903769,-0.0441449,nan,0,0,0,0,0,0,0,0,nan,nan,0,0,-0.00079374,-5.91751e-09
692,292.328,1000,0.29446,0.0833333,0,0.0115938,0.0492838,0.023342,-0.0112131,-8.51439,0.0002,0,0.173329,6412.65,1.61524,0.300968,-0.2,0.05,1,1244.7,8.5033e+06,1.99402,1.9775,1.97821,0.855159,-0.0433452,nan,0,0,0,0,0,0,0,0,nan,nan,0,0,-0.000972476,-6.50713e-09
693,278.571,1000,0.293836,0.0416667,0,0.0119017,0.0493595,0.027272,-0.00774936,-8.51258,0.0002,0,0.173332,6864.52,1.51865,0.271428,-0.2,0.05,1,1246.49,8.51558e+06,1.99207,1.97615,1.90221,0.788216,-0.0398894,nan,0,0,0,0,0,0,0,0,nan,nan,0,0,-0.00115092,-8.28183e-09
694,281.634,1000,0.292983,0.125,0,0.0121176,0.0495685,0.0318447,-0.00564814,-8.51247,0.0002,0,0.173331,6965,1.45577,0.308482,-0.2,0.05,1,1248.26,8.52787e+06,1.9935,1.97523,1.94215,0.870638,-0.0424995,nan,0,0,0,0,0,0,0,0,nan,nan,0,-0.000213263,-0.000991756,-7.3871e-09
695,338.997,1000,0.292247,0.0416667,0,0.0123413,0.051157,0.0253303,-0.00548425,-8.51288,0.0002,0,0.173324,6743.07,1.48807,0.334248,-0.2,0.05,1,1250.08,8.54016e+06,1.99697,1.98294,1.97928,0.95741,-0.0399862,nan,0,0,0,0,0,0,0,0,nan,nan,0,-8.49458e-05,-0.000629481,-4.55168e-09
696,277.755,1000,0.292174,0.208333,0,0.0124056,0.0506325,0.0257845,-0.00900337,-8.51343,0.0002,0,0.173325,5955.85,1.71429,0.348896,-0.2,0.05,1,1252.15,8.55245e+06,1.99332,1.97734,1.93052,0.902062,-0.0414783,nan,0,0,0,0,0,0,0,0,nan,nan,0,-6.49946e-05,-0.000962008,-7.41014e-09
697,298.672,1000,0.292409,0.208333,0,0.0119973,0.0503855,0.0227297,-0.00456525,-8.514,0.0002,0,0.173317,5614.53,1.82845,0.360154,-0.2,0.05,1,1254.34,8.56474e+06,1.9944,1.97994,1.92029,0.792483,-0.0403827,nan,0,0,0,0,0,0,0,0,nan,nan,0,-0.00597905,-0.000812384,-6.38584e-09
698,275.545,1000,0.292571,0.125,0,0.0118351,0.0494862,0.030293,-0.00837435,-8.51438,0.0002,0,0.173316,5713.78,1.82034,0.33025,-0.2,0.05,1,1256.49,8.57702e+06,1.99397,1.97944,1.91534,0.848498,-0.0408226,nan,0,0,0,0,0,0,0,0,nan,nan,0,0,-0.000933934,-7.33935e-09
699,287.958,1000,0.292177,0.166667,0,0.0119187,0.050404,0.0195653,-0.00826057,-8.51415,0.0002,0,0.173305,7287.17,1.42138,0.264875,-0.2,0.05,1,1258.17,8.58931e+06,1.99332,1.9772,1.96696,0.902829,-0.0434966,nan,0,0,0,0,0,0,0,0,nan,nan,0,-1.22287e-06,-0.000976524,-6.63015e-09
700,277.015,1000,0.292663,0.208333,0,0.0116726,0.0492886,0.026439,-0.00615762,-8.5143,0.0002,0,0.17331,7480.79,1.37912,0.263483,-0.2,0.05,1,1259.82,8.6016e+06,1.99136,1.97218,1.92017,0.759048,-0.0409181,nan,0,0,0,0,0,0,0,0,nan,nan,0,-0.00122932,-0.00112139,-9.31395e-09
701,320.502,1000,0.29248,0.125,0,0.0116145,0.0491644,0.0203921,-0.00963288,-8.51413,0.0002,0,0.17329,7340.08,1.38137,0.292727,-0.2,0.05,1,1264.6,8.61389e+06,1.99618,1.98207,1.96924,0.859259,-0.0406618,nan,0,0,0,0,0,0,0,0,nan,nan,0,-0.00808169,-0.000697361,-4.57094e-09
702,330.982,1000,0.291732,0.0416667,0,0.0111093,0.0489663,0.0213303,-0.00631547,-8.51568,0.0002,0,0.173275,7222.07,1.45161,0.249846,-0.2,0.05,1,1266.3,8.62618e+06,1.9981,1.98616,1.94581,0.786724,-0.0383177,nan,0,0,0,0,0,0,0,0,nan,nan,0,-0.0267431,-0.000453525,-2.72887e-09
703,279.839,1000,0.291498,0.125,0,0.0112711,0.0478387,0.0237048,-0.00586263,-8.51464,0.0002,0,0.173321,6446.6,1.46103,0.445091,-0.2,0.05,1,1268.21,8.63846e+06,1.99174,1.97351,1.92956,0.865937,-0.0414641,nan,0,0,0,0,0,0,0,0,nan,nan,0,0,-0.00108385,-8.38288e-09
704,304.924,1000,0.291706,0.0833333,0,0.0114176,0.0483434,0.0202854,-0.00655475,-8.51297,0.0002,0,0.173321,5180.82,1.92167,0.450157,-0.2,0.05,1,1270.58,8.65075e+06,1.99648,1.98152,1.93325,0.832921,-0.0398021,nan,0,0,0,0,0,0,0,0,nan,nan,0,-0.010446,-0.000675498,-4.81016e-09
705,275.507,1000,0.292159,0.0833333,0,0.0110041,0.0477556,0.0244165,-0.00657267,-8.51368,0.0002,0,0.173317,5933.92,1.78372,0.287083,-0.2,0.05,1,1272.65,8.66304e+06,1.99284,1.97984,1.90374,0.835729,-0.0399767,nan,0,0,0,0,0,0,0,0,nan,nan,0,0,-0.00089607,-7.18131e-09
706,nan,nan,0.292542,0,0,0.0107186,0.0477772,0.0223856,-0.00912598,-8.51362,0.0002,0,0.173318,7473.1,1.38305,0.261251,-0.2,0.05,1,1274.3,8.67533e+06,nan,nan,nan,nan,nan,nan,nan,nan,nan,nan,nan,nan,nan,nan,nan,nan,nan,nan,nan,nan
707,nan,nan,0.292113,0,0,0.0105697,0.0469866,0.0236968,-0.00826029,-8.51333,0.0002,0,0.17333,7161.77,1.36766,0.348113,-0.2,0.05,1,1276.01,8.68762e+06,nan,nan,nan,nan,nan,nan,nan,nan,nan,nan,nan,nan,nan,nan,nan,nan,nan,nan,nan,nan
708,284.686,1000,0.291583,0.0416667,0,0.0108667,0.0483114,0.024478,-0.00823301,-8.5126,0.0002,0,0.17333,6473.84,1.54876,0.349343,-0.2,0.05,1,1277.91,8.6999e+06,1.99343,1.97741,1.95441,0.942196,-0.0407716,nan,0,0,0,0,0,0,0,0,nan,nan,0,0,-0.000926218,-6.57447e-09
709,294.041,1000,0.288257,18.5417,0,0.0376091,0.123243,0.0284799,-0.00117782,-8.51258,0.0002,0,0.173333,6627.66,1.5868,0.267253,-0.2,0.05,1,1279.77,8.71219e+06,1.99416,1.97825,1.93885,0.850308,-0.0406755,nan,0,0,0,0,0,0,0,0,nan,nan,0,-0.00406591,-0.00084681,-6.43664e-09
710,nan,nan,0.291724,0,0,0.0286529,0.063522,0.0223503,-0.0108592,-8.51287,0.0002,0,0.173317,6773.75,1.53437,0.279687,-0.2,0.05,1,1281.58,8.72448e+06,nan,nan,nan,nan,nan,nan,nan,nan,nan,nan,nan,nan,nan,nan,nan,nan,nan,nan,nan,nan
711,nan,nan,0.29134,0,0,0.0164591,0.0557625,0.0131451,-0.00682367,-8.51419,0.0002,0,0.173294,6725.84,1.55828,0.268706,-0.2,0.05,1,1283.41,8.73677e+06,nan,nan,nan,nan,nan,nan,nan,nan,nan,nan,nan,nan,nan,nan,nan,nan,nan,nan,nan,nan
712,283.184,1000,0.290532,0.0416667,0,0.0125123,0.0486205,0.0225005,-0.0015476,-8.51494,0.0002,0,0.173307,6693.56,1.56154,0.274257,-0.2,0.05,1,1285.25,8.74906e+06,1.98975,1.97463,1.91973,0.82274,-0.0418791,nan,0,0,0,0,0,0,0,0,nan,nan,0,0,-0.00103913,-9.67262e-09
713,300.935,1000,0.290912,0.208333,0,0.0115487,0.0471736,0.0343301,-0.00726016,-8.51491,0.0002,0,0.173285,6782.26,1.53921,0.272571,-0.2,0.05,1,1287.06,8.76134e+06,1.99514,1.98034,1.93383,0.849138,-0.0404685,nan,0,0,0,0,0,0,0,0,nan,nan,0,-0.0031136,-0.000748922,-5.72727e-09
714,289.6,1000,0.291047,0.375,0,0.0118737,0.047221,0.0299148,-0.00840065,-8.51531,0.0002,0,0.173314,6248.23,1.67535,0.291287,-0.2,0.05,1,1289.03,8.77363e+06,1.99426,1.97973,1.93001,0.832227,-0.0402026,nan,0,0,0,0,0,0,0,0,nan,nan,0,-0.00416355,-0.000845316,-6.51796e-09
715,301.634,1000,0.291415,0.208333,0,0.0121352,0.0466386,0.037033,-0.00672783,-8.51306,0.0002,0,0.173333,6118.42,1.68225,0.326116,-0.2,0.05,1,1291.04,8.78592e+06,1.9948,1.98121,1.94061,0.851956,-0.039825,nan,0,0,0,0,0,0,0,0,nan,nan,0,-0.00408399,-0.000765711,-6.15322e-09
716,278.908,1000,0.291995,0.0416667,0,0.0117767,0.0467679,0.0339523,-0.00821908,-8.5126,0.0002,0,0.173329,5984.84,1.76475,0.28844,-0.2,0.05,1,1293.09,8.79821e+06,1.99588,1.97721,1.94525,0.941251,-0.0413825,nan,0,0,0,0,0,0,0,0,nan,nan,0,0,-0.000772843,-5.57126e-09
717,340.413,1000,0.292805,0.0416667,0,0.0117474,0.0465428,0.0353095,-0.00824576,-8.513,0.0002,0,0.173328,5656.93,1.87884,0.293362,-0.2,0.05,1,1295.26,8.8105e+06,1.99709,1.98553,1.98436,0.914971,-0.0390344,nan,0,0,0,0,0,0,0,0,nan,nan,0,-9.90382e-05,-0.000633433,-4.83965e-09
718,272.521,1000,0.292916,0.0833333,0,0.011572,0.0474566,0.0273191,-0.00860031,-8.5137,0.0002,0,0.173311,6550.39,1.59538,0.280537,-0.2,0.05,1,1297.14,8.82278e+06,1.99268,1.97943,1.92676,0.873243,-0.0407708,nan,0,0,0,0,0,0,0,0,nan,nan,0,0,-0.000938275,-8.29649e-09
719,nan,nan,0.293181,0,0,0.011442,0.047036,0.0206632,-0.00614387,-8.51429,0.0002,0,0.173314,6266.9,1.68218,0.2786,-0.2,0.05,1,1299.1,8.83507e+06,nan,nan,nan,nan,nan,nan,nan,nan,nan,nan,nan,nan,nan,nan,nan,nan,nan,nan,nan,nan
720,nan,nan,0.293588,0,0,0.0113322,0.0471942,0.0208155,-0.00657298,-8.51348,0.0002,0,0.173324,6656.63,1.56097,0.285013,-0.2,0.05,1,1300.95,8.84736e+06,nan,nan,nan,nan,nan,nan,nan,nan,nan,nan,nan,nan,nan,nan,nan,nan,nan,nan,nan,nan
721,nan,nan,0.293574,0,0,0.0111738,0.0475106,0.0211933,-0.0051974,-8.51289,0.0002,0,0.173331,5668.03,1.85812,0.309825,-0.2,0.05,1,1303.12,8.85965e+06,nan,nan,nan,nan,nan,nan,nan,nan,nan,nan,nan,nan,nan,nan,nan,nan,nan,nan,nan,nan
722,nan,nan,0.293047,0,0,0.0113279,0.0477596,0.0301746,-0.00478529,-8.51244,0.0002,0,0.173333,6722.75,1.54777,0.280051,-0.2,0.05,1,1304.95,8.87194e+06,nan,nan,nan,nan,nan,nan,nan,nan,nan,nan,nan,nan,nan,nan,nan,nan,nan,nan,nan,nan
723,nan,nan,0.292296,0,0,0.0115086,0.0473745,0.0230864,-0.00636294,-8.51268,0.0002,0,0.173325,7036.23,1.47904,0.267349,-0.2,0.05,1,1306.69,8.88422e+06,nan,nan,nan,nan,nan,nan,nan,nan,nan,nan,nan,nan,nan,nan,nan,nan,nan,nan,nan,nan
724,nan,nan,0.291833,0,0,0.0109923,0.0474014,0.0211071,-0.00763898,-8.51315,0.0002,0,0.173308,7182.13,1.4439,0.267018,-0.2,0.05,1,1308.4,8.89651e+06,nan,nan,nan,nan,nan,nan,nan,nan,nan,nan,nan,nan,nan,nan,nan,nan,nan,nan,nan,nan
725,257.29,1000,0.290869,0.0416667,0,0.0111678,0.0468011,0.029693,-0.00699244,-8.51427,0.0002,0,0.173307,7059.73,1.44878,0.291793,-0.2,0.05,1,1310.15,8.9088e+06,1.98719,1.97111,1.76934,0.356956,-0.0378284,nan,0,0,0,0,0,0,0,0,nan,nan,0,-0.000748659,-0.00126087,-1.3984e-08
726,nan,nan,0.289826,0,0,0.0109125,0.0478047,0.0210659,-0.00251332,-8.51481,0.0002,0,0.173304,7059.7,1.45829,0.282294,-0.2,0.05,1,1311.89,8.92109e+06,nan,nan,nan,nan,nan,nan,nan,nan,nan,nan,nan,nan,nan,nan,nan,nan,nan,nan,nan,nan
727,nan,nan,0.289215,0,0,0.0108596,0.0464997,0.0183872,-0.00670679,-8.51369,0.0002,0,0.173326,7312.88,1.41603,0.264289,-0.2,0.05,1,1313.57,8.93338e+06,nan,nan,nan,nan,nan,nan,nan,nan,nan,nan,nan,nan,nan,nan,nan,nan,nan,nan,nan,nan
728,nan,nan,0.289023,0,0,0.0108665,0.0469269,0.0215735,-0.00759996,-8.5132,0.0002,0,0.173322,7293.86,1.40936,0.275343,-0.2,0.05,1,1315.25,8.94566e+06,nan,nan,nan,nan,nan,nan,nan,nan,nan,nan,nan,nan,nan,nan,nan,nan,nan,nan,nan,nan
729,nan,nan,0.28812,0,0,0.0107089,0.0462378,0.025496,-0.00823664,-8.51286,0.0002,0,0.173333,7394.78,1.39617,0.265546,-0.2,0.05,1,1316.92,8.95795e+06,nan,nan,nan,nan,nan,nan,nan,nan,nan,nan,nan,nan,nan,nan,nan,nan,nan,nan,nan,nan
730,nan,nan,0.287977,0,0,0.0109355,0.0461132,0.0216982,-0.00342557,-8.51298,0.0002,0,0.173315,6619.58,1.57252,0.283788,-0.2,0.05,1,1318.77,8.97024e+06,nan,nan,nan,nan,nan,nan,nan,nan,nan,nan,nan,nan,nan,nan,nan,nan,nan,nan,nan,nan
731,nan,nan,0.287432,0,0,0.0106197,0.047061,0.0266506,-0.00589889,-8.51445,0.0002,0,0.1733,7153.73,1.44916,0.268544,-0.2,0.05,1,1320.49,8.98253e+06,nan,nan,nan,nan,nan,nan,nan,nan,nan,nan,nan,nan,nan,nan,nan,nan,nan,nan,nan,nan
732,275.607,1000,0.287155,0.0416667,0,0.0105583,0.0467735,0.0217487,-0.00732719,-8.51364,0.0002,0,0.173333,7143.29,1.43153,0.28869,-0.2,0.05,1,1322.21,8.99482e+06,1.99351,1.98006,1.92601,0.812945,-0.0410116,nan,0,0,0,0,0,0,0,0,nan,nan,0,0,-0.000897096,-6.48214e-09
733,274.742,1000,0.287336,0.0416667,0,0.0106575,0.0462509,0.0190266,-0.00766795,-8.51261,0.0002,0,0.173325,7154.37,1.44791,0.269644,-0.2,0.05,1,1323.93,9.0071e+06,1.99524,1.97925,1.91,0.852697,-0.0411231,nan,0,0,0,0,0,0,0,0,nan,nan,0,0,-0.000755762,-6.24041e-09
734,272.887,1000,0.287407,0.0416667,0,0.0105747,0.0468782,0.0231228,-0.00268891,-8.51423,0.0002,0,0.173292,7181.26,1.41519,0.29593,-0.2,0.05,1,1325.64,9.01939e+06,1.99358,1.97719,1.90734,0.815491,-0.0396363,nan,0,0,0,0,0,0,0,0,nan,nan,0,0,-0.000887804,-6.9047e-09
735,274.635,1000,0.287043,0.0416667,0,0.0106556,0.0469599,0.0229064,-0.00656381,-8.5153,0.0002,0,0.173301,6544.42,1.59008,0.28755,-0.2,0.05,1,1327.52,9.03168e+06,1.99556,1.98475,1.91081,0.855434,-0.0392879,nan,0,0,0,0,0,0,0,0,nan,nan,0,0,-0.000732683,-5.61502e-09
736,295.448,1000,0.286662,0.125,0,0.010495,0.0469461,0.0388057,-0.00408236,-8.51363,0.0002,0,0.173327,6659.19,1.56068,0.284595,-0.2,0.05,1,1329.37,9.04397e+06,1.99477,1.97998,1.92085,0.777938,-0.038295,nan,0,0,0,0,0,0,0,0,nan,nan,0,-0.000501966,-0.000708267,-5.72695e-09
737,299.118,1000,0.286058,0.0833333,0,0.0105503,0.0466416,0.0355859,-0.0026466,-8.51261,0.0002,0,0.173333,6944.72,1.49011,0.279295,-0.2,0.05,1,1331.14,9.05626e+06,1.99464,1.98396,1.863,0.623822,-0.0372762,nan,0,0,0,0,0,0,0,0,nan,nan,0,-0.00541067,-0.000667546,-5.7917e-09
738,269.732,1000,0.286049,0.208333,0,0.0109795,0.0472345,0.0251662,-0.00391287,-8.5128,0.0002,0,0.173315,7085.81,1.4545,0.279668,-0.2,0.05,1,1332.87,9.06854e+06,1.99111,1.97654,1.82853,0.649022,-0.0386136,nan,0,0,0,0,0,0,0,0,nan,nan,0,0,-0.000940829,-8.49874e-09
739,311.678,1000,0.285401,0.25,0,0.0111055,0.0469854,0.103869,0.00355229,-8.51339,0.0002,0,0.173328,7005.93,1.47018,0.283764,-0.2,0.05,1,1334.63,9.08083e+06,1.9959,1.98117,1.96269,0.863144,-0.0390397,nan,0,0,0,0,0,0,0,0,nan,nan,0,-0.00403591,-0.000711283,-4.98969e-09
740,261.073,1000,0.284968,0.0833333,0,0.0118119,0.0496067,0.548918,0.00566652,-8.5125,0.0002,0,0.173333,7147.03,1.44169,0.277626,-0.2,0.05,1,1336.35,9.09312e+06,1.98824,1.97507,1.78795,0.45653,-0.0376136,nan,0,0,0,0,0,0,0,0,nan,nan,0,-0.000534604,-0.00114869,-1.08484e-08
741,265.757,968.571,0.28477,0.25,0.0416667,0.0117963,0.0500996,0.29246,0.020258,-8.5124,0.0002,0,0.173333,7092.64,1.45725,0.275253,-0.2,0.05,1,1338.08,9.10541e+06,1.92313,1.90646,1.80153,0.659624,-0.0365135,nan,0,0,0,0,0,0,0,0,nan,nan,-0.0112857,-0.00227269,-0.00294837,-3.04579e-08
742,281.129,1000,0.284537,0.125,0,0.011708,0.0470849,0.0333171,-0.00515008,-8.51242,0.0002,0,0.173332,7069.08,1.46125,0.277024,-0.2,0.05,1,1339.82,9.1177e+06,1.9932,1.97903,1.91868,0.863755,-0.040556,nan,0,0,0,0,0,0,0,0,nan,nan,0,0,-0.000924239,-7.22737e-09
743,341.252,1000,0.283751,0.0833333,0,0.0109128,0.0462673,0.0318246,-0.00286043,-8.5127,0.0002,0,0.173328,7003.29,1.46543,0.289176,-0.2,0.05,1,1341.57,9.12998e+06,1.9979,1.98343,1.97336,0.746211,-0.0380918,nan,0,0,0,0,0,0,0,0,nan,nan,0,-0.00640927,-0.000448424,-3.2504e-09
744,271.695,1000,0.283365,0.0416667,0,0.0107052,0.0456009,0.0232329,-0.00375246,-8.51339,0.0002,0,0.173312,6683.79,1.54349,0.294982,-0.2,0.05,1,1343.41,9.14227e+06,1.99521,1.98481,1.93238,0.760807,-0.039247,nan,0,0,0,0,0,0,0,0,nan,nan,0,0,-0.000821565,-5.96214e-09
745,287.314,1000,0.282873,0.166667,0,0.0107397,0.0460035,0.0288119,-0.00295993,-8.51344,0.0002,0,0.173331,6682.08,1.53979,0.299159,-0.2,0.05,1,1345.25,9.15456e+06,1.99373,1.98101,1.88767,0.622962,-0.0380423,nan,0,0,0,0,0,0,0,0,nan,nan,0,-0.000807222,-0.000751914,-6.91945e-09
746,302.824,1000,0.282276,0.0833333,0,0.011267,0.0461492,0.0266319,0.00154103,-8.51327,0.0002,0,0.17332,6604.4,1.56038,0.300195,-0.2,0.05,1,1347.11,9.16685e+06,1.9957,1.98316,1.89784,0.61567,-0.0367524,nan,0,0,0,0,0,0,0,0,nan,nan,0,-0.0050732,-0.000623439,-4.9059e-09
747,334.391,1000,0.282019,0.0416667,0,0.0107864,0.0458396,0.0253792,-0.00515581,-8.51392,0.0002,0,0.173297,6346.4,1.63844,0.297775,-0.2,0.05,1,1349.05,9.17914e+06,1.9978,1.98455,1.9871,0.700019,-0.0377113,nan,0,0,0,0,0,0,0,0,nan,nan,0,-0.00348263,-0.00043239,-3.39911e-09
748,nan,nan,0.281629,0,0,0.0104474,0.0449906,0.0250203,-0.00182185,-8.51471,0.0002,0,0.1733,6986.57,1.47732,0.281486,-0.2,0.05,1,1350.81,9.19142e+06,nan,nan,nan,nan,nan,nan,nan,nan,nan,nan,nan,nan,nan,nan,nan,nan,nan,nan,nan,nan
749,nan,nan,0.281328,0,0,0.0105308,0.0440505,0.0917056,0.00106037,-8.51347,0.0002,0,0.173331,4468.34,2.03581,0.714207,-0.2,0.05,1,1353.56,9.20371e+06,nan,nan,nan,nan,nan,nan,nan,nan,nan,nan,nan,nan,nan,nan,nan,nan,nan,nan,nan,nan
750,287.974,1000,0.280969,18.5417,0,0.0113664,0.0474999,0.152817,0.00589083,-8.51242,0.0002,0,0.173333,3991.24,2.52524,0.553501,-0.2,0.05,1,1356.64,9.216e+06,1.9943,1.98142,1.89059,0.720624,-0.0382601,nan,0,0,0,0,0,0,0,0,nan,nan,-8.98876e-06,-0.00137596,-0.000778278,-6.37472e-09
751,nan,nan,0.288034,0,0,0.0481383,0.118597,0.0805525,-0.00278887,-8.51245,0.0002,0,0.173331,4617.46,2.06068,0.600525,-0.4,0.1,1,1359.31,9.22829e+06,nan,nan,nan,nan,nan,nan,nan,nan,nan,nan,nan,nan,nan,nan,nan,nan,nan,nan,nan,nan
752,nan,nan,0.294379,0,0,0.0215044,0.0570358,0.0258479,-0.00600166,-8.51359,0.0002,0,0.173306,4257.5,2.44501,0.441184,-0.4,0.1,1,1362.19,9.24058e+06,nan,nan,nan,nan,nan,nan,nan,nan,nan,nan,nan,nan,nan,nan,nan,nan,nan,nan,nan,nan
753,nan,nan,0.294575,0,0,0.0145787,0.0517934,0.0226525,-0.00659924,-8.51512,0.0002,0,0.173312,5118.92,2.00777,0.392739,-0.4,0.1,1,1364.6,9.25286e+06,nan,nan,nan,nan,nan,nan,nan,nan,nan,nan,nan,nan,nan,nan,nan,nan,nan,nan,nan,nan
754,267.735,1000,0.293961,0.0833333,0,0.0126052,0.0484503,0.0272465,-0.00669183,-8.51356,0.0002,0,0.173329,4904.01,2.08455,0.421153,-0.4,0.1,1,1367.1,9.26515e+06,1.99414,1.98197,1.86706,0.707768,-0.0384055,nan,0,0,0,0,0,0,0,0,nan,nan,0,-1.41897e-05,-0.000788712,-6.31193e-09
755,271.353,1000,0.293722,0.25,0,0.0125012,0.0470851,0.0253548,-0.00548776,-8.51323,0.0002,0,0.173317,5078.28,2.07635,0.343369,-0.4,0.1,1,1369.52,9.27744e+06,1.99238,1.9798,1.85099,0.705485,-0.0380454,nan,0,0,0,0,0,0,0,0,nan,nan,0,-6.92138e-05,-0.000880267,-7.79892e-09
756,274.759,1000,0.293939,0.333333,0,0.0125907,0.0489254,0.0312612,-0.0057416,-8.51332,0.0002,0,0.173328,4990.8,2.01614,0.445988,-0.4,0.1,1,1371.99,9.28973e+06,1.99349,1.98218,1.888,0.763084,-0.0388664,nan,0,0,0,0,0,0,0,0,nan,nan,0,0,-0.000859834,-6.76395e-09
757,300.46,1000,0.294722,0.208333,0,0.0125714,0.0493337,0.0379349,-0.00369148,-8.5131,0.0002,0,0.173316,4993.35,2.06506,0.395809,-0.4,0.1,1,1374.45,9.30202e+06,1.99547,1.98113,1.90262,0.691118,-0.0372723,nan,0,0,0,0,0,0,0,0,nan,nan,0,-0.00186294,-0.00068364,-5.21982e-09
758,344.356,1000,0.294714,0.0416667,0,0.0128967,0.0481935,0.0388972,-0.00601884,-8.51375,0.0002,0,0.173329,6404.39,1.63057,0.288116,-0.4,0.1,1,1376.37,9.3143e+06,1.99767,1.98444,1.99329,0.792882,-0.037438,nan,0,0,0,0,0,0,0,0,nan,nan,0,-0.00241205,-0.000484635,-3.75825e-09
759,nan,nan,0.29453,0,0,0.012349,0.0477444,0.0301628,-0.00502567,-8.5129,0.0002,0,0.173326,6572.08,1.5921,0.277631,-0.4,0.1,1,1378.24,9.32659e+06,nan,nan,nan,nan,nan,nan,nan,nan,nan,nan,nan,nan,nan,nan,nan,nan,nan,nan,nan,nan
760,302.477,1000,0.294416,0.0833333,0,0.0119844,0.0481314,0.0327587,-0.00858082,-8.51406,0.0002,0,0.173316,6234.91,1.65913,0.311703,-0.4,0.1,1,1380.21,9.33888e+06,1.99645,1.98002,1.89756,0.607371,-0.036838,nan,0,0,0,0,0,0,0,0,nan,nan,0,-0.00308189,-0.000569814,-4.44241e-09
761,nan,nan,0.294296,0,0,0.0117917,0.0488881,0.0229315,-0.00507027,-8.51554,0.0002,0,0.173301,5901.37,1.77014,0.312084,-0.4,0.1,1,1382.29,9.35117e+06,nan,nan,nan,nan,nan,nan,nan,nan,nan,nan,nan,nan,nan,nan,nan,nan,nan,nan,nan,nan
762,nan,nan,0.293698,0,0,0.0118139,0.0498244,0.0266984,-9.57094e-05,-8.51726,0.0002,0,0.173274,5938.2,1.77507,0.294247,-0.4,0.1,1,1384.36,9.36346e+06,nan,nan,nan,nan,nan,nan,nan,nan,nan,nan,nan,nan,nan,nan,nan,nan,nan,nan,nan,nan
763,nan,nan,0.29336,0,0,0.0118782,0.0499597,0.0423308,-0.00450589,-8.51616,0.0002,0,0.173326,6334.22,1.65541,0.284524,-0.4,0.1,1,1386.3,9.37574e+06,nan,nan,nan,nan,nan,nan,nan,nan,nan,nan,nan,nan,nan,nan,nan,nan,nan,nan,nan,nan
764,nan,nan,0.292885,0,0,0.0115544,0.0477919,0.0336654,-0.00372986,-8.51348,0.0002,0,0.173319,6328.38,1.64644,0.295292,-0.4,0.1,1,1388.25,9.38803e+06,nan,nan,nan,nan,nan,nan,nan,nan,nan,nan,nan,nan,nan,nan,nan,nan,nan,nan,nan,nan
765,nan,nan,0.292375,0,0,0.0114109,0.0472872,0.0330317,-0.0046666,-8.51486,0.0002,0,0.173315,6557.43,1.57404,0.299868,-0.4,0.1,1,1390.12,9.40032e+06,nan,nan,nan,nan,nan,nan,nan,nan,nan,nan,nan,nan,nan,nan,nan,nan,nan,nan,nan,nan
766,266.19,1000,0.291715,0.0416667,0,0.011661,0.0482782,0.137463,-0.00247145,-8.51525,0.0002,0,0.173311,6680.08,1.53592,0.303578,-0.4,0.1,1,1391.96,9.41261e+06,1.99569,1.98645,1.86233,0.721518,-0.0379107,nan,0,0,0,0,0,0,0,0,nan,nan,0,0,-0.000618687,-5.02695e-09
767,nan,nan,0.291306,0,0,0.0121719,0.0514481,0.0694122,-0.00326332,-8.51446,0.0002,0,0.173319,6638.15,1.54619,0.304931,-0.4,0.1,1,1393.81,9.4249e+06,nan,nan,nan,nan,nan,nan,nan,nan,nan,nan,nan,nan,nan,nan,nan,nan,nan,nan,nan,nan
768,nan,nan,0.290384,0,0,0.0119079,0.0503664,0.0576061,0.0148995,-8.51329,0.0002,0,0.17333,6780.71,1.52506,0.287143,-0.4,0.1,1,1395.63,9.43718e+06,nan,nan,nan,nan,nan,nan,nan,nan,nan,nan,nan,nan,nan,nan,nan,nan,nan,nan,nan,nan
769,270.707,805,0.290515,0,0.0416667,0.011243,0.0461831,0.0438531,0.000263952,-8.51286,0.0002,0,0.173323,6700.95,1.55041,0.283363,-0.4,0.1,1,1397.46,9.44947e+06,1.54949,1.50356,1.50283,0.596603,-0.0300001,nan,0,0,0,0,0,0,0,0,nan,nan,-0.177,-0.0138896,-0.0220176,-2.13497e-07
770,nan,nan,0.289726,0,0,0.0113218,0.0471417,0.0380101,-0.00724307,-8.5132,0.0002,0,0.173316,6788.6,1.48553,0.324566,-0.4,0.1,1,1399.27,9.46176e+06,nan,nan,nan,nan,nan,nan,nan,nan,nan,nan,nan,nan,nan,nan,nan,nan,nan,nan,nan,nan
771,nan,nan,0.288622,0,0,0.011643,0.050312,0.349632,-0.00123283,-8.5136,0.0002,0,0.173326,6420.9,1.5891,0.324648,-0.4,0.1,1,1401.19,9.47405e+06,nan,nan,nan,nan,nan,nan,nan,nan,nan,nan,nan,nan,nan,nan,nan,nan,nan,nan,nan,nan
772,330.56,954,0.286883,0,0.0416667,0.0124169,0.0539438,0.824633,0.0055057,-8.51252,0.0002,0,0.173333,6440.76,1.58832,0.319531,-0.4,0.1,1,1403.1,9.48634e+06,1.86263,1.80885,1.84238,0.719069,-0.0356035,nan,0,0,0,0,0,0,0,0,nan,nan,-0.032,-0.00550921,-0.0114958,-1.84608e-07
773,nan,nan,0.285865,0,0,0.0136164,0.0639037,0.266285,0.000572566,-8.51283,0.0002,0,0.173322,7032.4,1.46905,0.278288,-0.4,0.1,1,1404.84,9.49862e+06,nan,nan,nan,nan,nan,nan,nan,nan,nan,nan,nan,nan,nan,nan,nan,nan,nan,nan,nan,nan
774,220.651,639.75,0.284698,0,0.166667,0.0135117,0.0658247,1.11221,0.00166903,-8.51343,0.0002,0,0.173329,6931.65,1.49369,0.279049,-0.4,0.1,1,1406.62,9.51091e+06,1.23621,1.19026,1.22332,0.498389,-0.024012,nan,0,0,0,0,0,0,0,0,nan,nan,-0.04,-0.00754627,-0.0116255,-1.70528e-07
775,285.816,877.25,0.282892,0.0833333,0.0833333,0.0163843,0.0811851,1.46521,0.00139278,-8.51273,0.0002,0,0.173329,6985.72,1.46617,0.292846,-0.4,0.1,1,1408.38,9.5232e+06,1.73028,1.68799,1.68915,0.685392,-0.0335157,nan,0,0,0,0,0,0,0,0,nan,nan,-0.01875,-0.00557166,-0.00646306,-9.39221e-08
776,215.996,629.2,0.280245,0,0.208333,0.0200834,0.104482,1.77974,0.00742164,-8.51277,0.0002,0,0.173331,6181.14,1.69225,0.29573,-0.4,0.1,1,1410.37,9.53549e+06,1.21627,1.17512,1.20089,0.48258,-0.023586,nan,0,0,0,0,0,0,0,0,nan,nan,-0.0454,-0.00781286,-0.0118184,-1.74601e-07
777,227.482,663,0.275917,0,0.541667,0.0262175,0.13306,1.81687,-0.00484367,-8.5126,0.0002,0,0.173331,6652.51,1.56213,0.284994,-0.4,0.1,1,1412.21,9.54778e+06,1.28287,1.23697,1.26752,0.511783,-0.025066,nan,0,0,0,0,0,0,0,0,nan,nan,-0.0340769,-0.00748,-0.0124037,-1.77521e-07
778,238.44,748.583,0.273635,0.125,0.375,0.0277509,0.124496,0.818841,-0.00429378,-8.51276,0.0002,0,0.17333,6834.41,1.50989,0.288072,-0.4,0.1,1,1414.01,9.56006e+06,1.45791,1.42318,1.41808,0.565168,-0.0281021,nan,0,0,0,0,0,0,0,0,nan,nan,-0.03475,-0.00718474,-0.0113394,-1.48456e-07
779,243.221,766,0.270887,0.125,0.375,0.0287681,0.133769,0.439418,0.00990619,-8.51258,0.0002,0,0.173333,6285.5,1.64407,0.310906,-0.4,0.1,1,1415.97,9.57235e+06,1.49112,1.45262,1.42747,0.585951,-0.0290998,nan,0,0,0,0,0,0,0,0,nan,nan,-0.0420833,-0.00812595,-0.0119133,-1.48987e-07
780,240.95,748.529,0.272348,0.125,0.583333,0.0223484,0.0961229,0.204532,0.00468831,-8.51241,0.0002,0,0.173333,6358.2,1.63787,0.294751,-0.4,0.1,1,1417.9,9.58464e+06,1.45065,1.41519,1.38692,0.538757,-0.0280988,nan,0,0,0,0,0,0,0,0,nan,nan,-0.0318824,-0.00834241,-0.0140108,-1.78105e-07
781,258.967,857.182,0.273355,0.25,0.208333,0.016924,0.0707141,0.164052,0.000756332,-8.5124,0.0002,0,0.173333,6151.49,1.70627,0.291293,-0.4,0.1,1,1419.9,9.59693e+06,1.68986,1.6599,1.59936,0.640768,-0.0322065,nan,0,0,0,0,0,0,0,0,nan,nan,-0.0209091,-0.00701407,-0.00625622,-8.41159e-08
782,262.211,819.625,0.273275,0.0833333,0.25,0.0162835,0.0684796,0.0499258,0.00499628,-8.51246,0.0002,0,0.173333,6334.05,1.63855,0.301445,-0.4,0.1,1,1421.84,9.60922e+06,1.59989,1.5583,1.54171,0.655753,-0.0317843,nan,0,0,0,0,0,0,0,0,nan,nan,-0.035625,-0.00962589,-0.0116102,-1.46275e-07
783,267.008,926.333,0.274396,0.291667,0.0833333,0.0139727,0.0539529,0.0398144,0.0100778,-8.51255,0.0002,0,0.173324,6555.69,1.59544,0.278958,-0.4,0.1,1,1423.72,9.6215e+06,1.83765,1.8204,1.70646,0.693245,-0.0343423,nan,0,0,0,0,0,0,0,0,nan,nan,-0.00911111,-0.00409602,-0.00329952,-4.29535e-08
784,272.056,901.5,0.275233,0.0416667,0.0416667,0.0124046,0.047435,0.0805067,0.00379395,-8.51276,0.0002,0,0.173333,7238.59,1.42045,0.277122,-0.4,0.1,1,1425.41,9.63379e+06,1.77857,1.75069,1.65569,0.691666,-0.0340072,nan,0,0,0,0,0,0,0,0,nan,nan,-0.0205,-0.00609373,-0.00583299,-7.94863e-08
785,269.923,1000,0.275309,0.0833333,0,0.0113079,0.0424744,0.0732221,0.0027201,-8.51241,0.0002,0,0.173333,5036.6,1.93445,0.505293,-0.4,0.1,1,1427.85,9.64608e+06,1.99233,1.98394,1.80419,0.705862,-0.0368681,nan,0,0,0,0,0,0,0,0,nan,nan,0,0,-0.000795549,-7.5137e-09
786,249.285,1000,0.27529,0.0833333,0,0.0112056,0.0448668,0.0924262,9.53283e-05,-8.51245,0.0002,0,0.173332,4976.39,1.98511,0.48415,-0.4,0.1,1,1430.33,9.65837e+06,1.99144,1.98312,1.58623,0.380312,-0.0336278,nan,0,0,0,0,0,0,0,0,nan,nan,0,-4.34715e-06,-0.000781899,-8.91922e-09
787,279.788,971.75,0.275215,0.125,0.0416667,0.0115763,0.0474743,0.120697,0.0102381,-8.51241,0.0002,0,0.173333,4913.32,1.92193,0.579023,-0.4,0.1,1,1432.83,9.67066e+06,1.92241,1.87697,1.7325,0.658986,-0.0354758,nan,0,0,0,0,0,0,0,0,nan,nan,-0.18875,-0.0476922,-0.00409549,-5.33605e-08
788,220.869,765,0.275475,0.0416667,0.0416667,0.0112779,0.046936,0.112453,0.00299471,-8.51247,0.0002,0,0.173332,4493.81,2.17288,0.561548,-0.4,0.1,1,1435.56,9.68294e+06,1.50403,1.47965,1.38318,0.517896,-0.0272677,nan,0,0,0,0,0,0,0,0,nan,nan,-0.042,-0.00720056,-0.00578685,-8.01272e-08
789,nan,nan,0.275564,0,0,0.0109772,0.0429173,0.0941506,0.00249137,-8.51283,0.0002,0,0.173328,5029.2,1.94642,0.49691,-0.4,0.1,1,1438.01,9.69523e+06,nan,nan,nan,nan,nan,nan,nan,nan,nan,nan,nan,nan,nan,nan,nan,nan,nan,nan,nan,nan
790,nan,nan,0.275306,0,0,0.0112558,0.044671,0.182808,0.00214885,-8.51318,0.0002,0,0.173331,4600.11,2.09103,0.580212,-0.4,0.1,1,1440.68,9.70752e+06,nan,nan,nan,nan,nan,nan,nan,nan,nan,nan,nan,nan,nan,nan,nan,nan,nan,nan,nan,nan
791,189.334,666.5,0.274362,0.0416667,0.0416667,0.0125993,0.0501119,0.0836225,-7.45487e-05,-8.51246,0.0002,0,0.173333,5557.87,1.84952,0.361395,-0.4,0.1,1,1442.89,9.71981e+06,1.30334,1.29628,1.21498,0.537999,-0.0256542,nan,0,0,0,0,0,0,0,0,nan,nan,-0.022,-0.00515081,-0.0107309,-1.08235e-07
792,277.304,998.36,0.277293,15.9167,0.0416667,0.0238859,0.101609,0.126302,0.000334889,-8.51257,0.0002,0,0.173328,5047.36,1.94003,0.494514,-0.4,0.1,1,1445.33,9.7321e+06,1.99001,1.97959,1.83673,0.776734,-0.0373976,nan,0,0,0,0,0,0,0,0,nan,nan,-0.00438381,-0.00256255,-0.00084481,-7.6738e-09
793,131.524,396.333,0.290471,0,0.125,0.0377978,0.0920939,0.0648203,-0.000443162,-8.51301,0.0002,0,0.173332,4887.73,2.0701,0.44395,-0.4,0.1,1,1447.84,9.74438e+06,0.745547,0.716442,0.721943,0.308922,-0.0162282,nan,0,0,0,0,0,0,0,0,nan,nan,-0.0226667,-0.0127744,-0.0109672,-1.82159e-07
794,159.461,472,0.294227,0,0.0416667,0.0200756,0.0630163,0.0589379,0.00381957,-8.5125,0.0002,0,0.173332,6339.01,1.62417,0.3143,-0.4,0.1,1,1449.78,9.75667e+06,0.900476,0.873425,0.880421,0.385239,-0.0190099,nan,0,0,0,0,0,0,0,0,nan,nan,-0.027,-0.0131205,-0.0128724,-1.7706e-07
795,nan,nan,0.29375,0,0,0.0147145,0.0550006,0.042586,-3.3942e-05,-8.51267,0.0002,0,0.173333,6143.85,1.70934,0.290707,-0.4,0.1,1,1451.78,9.76896e+06,nan,nan,nan,nan,nan,nan,nan,nan,nan,nan,nan,nan,nan,nan,nan,nan,nan,nan,nan,nan
796,251.872,914.833,0.293176,0.208333,0.0416667,0.0124665,0.0504738,0.0841359,-0.000371535,-8.51337,0.0002,0,0.173316,6635.54,1.55907,0.292777,-0.4,0.1,1,1453.64,9.78125e+06,1.81509,1.80575,1.65988,0.739382,-0.0342935,nan,0,0,0,0,0,0,0,0,nan,nan,-0.0118333,-0.00408777,-0.0044564,-4.3996e-08
797,281.277,1000,0.293052,0.291667,0,0.0123772,0.0497822,0.0551045,-0.00112135,-8.51553,0.0002,0,0.173309,6360.11,1.64136,0.290688,-0.4,0.1,1,1455.57,9.79354e+06,1.99415,1.98316,1.84642,0.771515,-0.0376921,nan,0,0,0,0,0,0,0,0,nan,nan,0,-0.00234762,-0.000780986,-6.22967e-09
798,301.772,1000,0.292309,0.166667,0,0.0121941,0.0500209,0.0429859,-0.00207235,-8.51523,0.0002,0,0.173301,6593.56,1.55653,0.307109,-0.4,0.1,1,1457.43,9.80582e+06,1.99552,1.98417,1.91332,0.712811,-0.0368692,nan,0,0,0,0,0,0,0,0,nan,nan,0,-0.00754176,-0.000603091,-5.41487e-09
799,273.087,1000,0.291489,0.0833333,0,0.013425,0.0526431,0.0597529,-0.00398165,-8.5145,0.0002,0,0.173305,6572.86,1.58538,0.28413,-0.4,0.1,1,1459.3,9.81811e+06,1.99196,1.98423,1.85653,0.816904,-0.0373687,nan,0,0,0,0,0,0,0,0,nan,nan,0,-2.54117e-05,-0.000909677,-7.85606e-09
800,221.292,738,0.29082,0.0416667,0.0416667,0.0145855,0.0574247,0.0385977,-0.00567348,-8.51392,0.0002,0,0.173316,6631.11,1.56871,0.28437,-0.4,0.1,1,1461.16,9.8304e+06,1.45097,1.43783,1.43081,0.59467,-0.0311737,nan,0,0,0,0,0,0,0,0,nan,nan,-0.0145,-0.0116062,-0.0115536,-1.22966e-07
