iteration,Train/mean_reward,Train/mean_episode_length,Train/mean_step_reward,Episode_Termination/time_out,Episode_Termination/fell_over,Metrics/twist/error_vel_xy,Metrics/twist/error_vel_yaw,Loss/value,Loss/surrogate,Loss/entropy,Loss/learning_rate,Loss/kl,Policy/mean_std,Perf/total_fps,Perf/collection_time,Perf/learning_time,Curriculum/action_rate_weight,Curriculum/standing_envs,Curriculum/penalty_scale,time_s,env_steps,Episode_Reward/track_linear_velocity,Episode_Reward/track_angular_velocity,Episode_Reward/upright,Episode_Reward/pose,Episode_Reward/action_rate_l2,Episode_Reward/alive,Episode_Reward/air_time,Episode_Reward/single_stance,Episode_Reward/foot_lift,Episode_Reward/foot_alternation,Episode_Reward/foot_symmetry,Episode_Reward/foot_clearance,Episode_Reward/foot_swing_height,Episode_Reward/foot_slip,Episode_Reward/trot,Episode_Reward/joint_torque,Episode_Reward/self_collisions,Episode_Reward/dof_pos_limits,Episode_Reward/body_ang_vel,Episode_Reward/angular_momentum
1401,nan,nan,0.0938618,0,0,0.0630522,0.200424,0.740359,0.221704,7.29557,1e-05,1.27546,0.463871,13082.6,0.632754,0.306506,-0.2,0.15,1,0.939426,1.72155e+07,nan,nan,nan,nan,nan,nan,nan,nan,nan,nan,nan,nan,nan,nan,nan,nan,nan,nan,nan,nan
1402,2.77001,39,0.0912409,0,1.375,0.06692,0.238299,1.10183,-0.0102989,7.29756,7.59375e-05,0.0140846,0.464001,13384.5,0.659486,0.258588,-0.2,0.15,1,1.85928,1.72278e+07,0.124826,0.0820674,0,0.00500205,-0.00312727,nan,-0.000482424,nan,nan,nan,nan,-0.000598152,-0.00248869,-0.00119204,nan,-0.00817868,0,-4.04628e-05,-0.0132983,nan
1403,3.57824,54.24,0.0836678,0,1.04167,0.0718238,0.269154,0.558761,-0.0127294,7.30345,1e-05,0.0245874,0.464291,13831.2,0.631763,0.256664,-0.2,0.15,1,2.74896,1.72401e+07,0.176123,0.10233,0,0.00599627,-0.00438355,nan,-0.0007216,nan,nan,nan,nan,-0.000850454,-0.00368895,-0.00169018,nan,-0.0113993,0,-0.00070458,-0.0185188,nan
1404,4.82525,75.8462,0.0848104,0,0.541667,0.0726757,0.257351,0.321459,-0.00940632,7.30743,1.5e-05,0.0138823,0.464374,14414,0.60742,0.245084,-0.2,0.15,1,3.60269,1.72524e+07,0.254186,0.115628,0,0.00803531,-0.00594814,nan,-0.000646154,nan,nan,nan,nan,-0.00126972,-0.00497521,-0.00223609,nan,-0.0159269,0,-0.000818804,-0.02654,nan
1405,5.66925,93.1111,0.0889636,0,0.375,0.0707891,0.235011,0.397764,-0.004509,7.30866,1e-05,0.0159363,0.464431,13164.6,0.589296,0.344119,-0.2,0.15,1,4.53738,1.72646e+07,0.338339,0.119715,0,0.00930643,-0.00760069,nan,-0.000986667,nan,nan,nan,nan,-0.00137003,-0.00645436,-0.00286457,nan,-0.0199671,0,-0.000835993,-0.0311226,nan
1406,8.70685,115.167,0.0885008,0,0.25,0.0700392,0.238879,0.173492,-0.00984396,7.30853,3.375e-05,0.00985487,0.464381,9747.12,0.757604,0.503076,-0.2,0.15,1,5.7994,1.72769e+07,0.401763,0.214619,0,0.0145949,-0.00889735,nan,-0.000673333,nan,nan,nan,nan,-0.00276784,-0.0073508,-0.0032442,nan,-0.0242461,0,-0.00651102,-0.0410099,nan
1407,8.73836,123.25,0.0876302,0,0.166667,0.0715677,0.248354,0.371407,-0.00998329,7.30515,7.59375e-05,0.0208715,0.464393,11112.8,0.748996,0.35676,-0.2,0.15,1,6.90653,1.72892e+07,0.429499,0.22968,0,0.0118367,-0.00983419,nan,-0.0006,nan,nan,nan,nan,-0.00184239,-0.00785981,-0.00356105,nan,-0.0255828,0,-0.00111794,-0.0448101,nan
1408,11.3615,143.727,0.0880045,0,0.458333,0.0702025,0.239631,0.359812,-0.0122282,7.3094,7.59375e-05,0.0124304,0.464696,12624.2,0.682755,0.290613,-0.2,0.15,1,7.88154,1.73015e+07,0.518892,0.243303,0,0.0170038,-0.0116613,nan,-0.000301818,nan,nan,nan,nan,-0.00259549,-0.00902192,-0.00432778,nan,-0.0301976,0,-0.00313966,-0.0519924,nan
1409,18.3191,209,0.0861232,0,0.25,0.0712323,0.250435,0.43065,-0.0112629,7.31534,1e-05,0.018328,0.464816,14395.7,0.611324,0.242264,-0.2,0.15,1,8.73645,1.73138e+07,0.792562,0.414024,0,0.0294147,-0.017232,nan,-0.000946667,nan,nan,nan,nan,-0.00353423,-0.0131738,-0.00575322,nan,-0.0442346,0,-0.000901013,-0.0748488,nan
1410,17.0259,227.8,0.0868401,0,0.208333,0.0698461,0.253995,0.289098,-0.00793935,7.31604,1e-05,0.0181148,0.464821,14729.8,0.584793,0.249433,-0.2,0.15,1,9.57198,1.73261e+07,0.755969,0.435946,0,0.0310224,-0.0184545,nan,-0.000956,nan,nan,nan,nan,-0.00417505,-0.0154924,-0.00642216,nan,-0.0476072,0,-0.00674428,-0.0850659,nan
1411,16.7384,221.167,0.0876555,0,0.25,0.0689394,0.24547,0.297093,-0.0103223,7.31636,0.000113906,0.0157694,0.464945,14168.2,0.60936,0.257933,-0.2,0.15,1,10.4405,1.73384e+07,0.864668,0.328084,0,0.0221597,-0.0175608,nan,-0.00205667,nan,nan,nan,nan,-0.00337374,-0.0156684,-0.00670457,nan,-0.0464522,0,-0.00354866,-0.0753734,nan
1412,23.5797,274.333,0.0866524,0,0.125,0.0703172,0.249776,0.285617,-0.0116862,7.32116,5.0625e-05,0.0106708,0.465206,11400,0.674879,0.403018,-0.2,0.15,1,11.5198,1.73507e+07,0.942393,0.545816,0,0.04061,-0.02239,nan,8e-05,nan,nan,nan,nan,-0.00433478,-0.0170543,-0.00849,nan,-0.0575292,0,-0.000109928,-0.102443,nan
1413,16.956,231.6,0.0872233,0,0.208333,0.0695606,0.241106,0.315616,-0.0116184,7.32786,1.5e-05,0.0170019,0.465496,11200.3,0.749389,0.347728,-0.2,0.15,1,12.6187,1.73629e+07,0.787888,0.441885,0,0.0275456,-0.0184084,nan,-0.001408,nan,nan,nan,nan,-0.00438738,-0.0164707,-0.0068571,nan,-0.0482479,0,-0.00950024,-0.0856338,nan
1414,24.9604,324.333,0.0882897,0,0.25,0.0682652,0.23875,0.273593,-0.00844899,7.33105,2.25e-05,0.0144529,0.465608,12118.7,0.6772,0.33677,-0.2,0.15,1,13.6341,1.73752e+07,1.05199,0.667412,0,0.0452928,-0.0262566,nan,-0.00176,nan,nan,nan,nan,-0.00599236,-0.023087,-0.0093279,nan,-0.0681074,0,-0.00357524,-0.113151,nan
1415,28.7261,352,0.0892525,0,0.125,0.0681368,0.235226,0.222662,-0.00564997,7.3329,3.375e-05,0.01135,0.465607,11766.6,0.706002,0.338308,-0.2,0.15,1,14.6796,1.73875e+07,1.29454,0.659856,0,0.0510981,-0.0282171,nan,-0.00155333,nan,nan,nan,nan,-0.006565,-0.0256882,-0.00977984,nan,-0.0735715,0,-0.00837052,-0.132769,nan
1416,35.7055,371,0.0911611,0,0.0833333,0.0665901,0.225493,0.307592,-0.00331111,7.33255,1e-05,0.0178606,0.465574,11534.5,0.725597,0.339729,-0.2,0.15,1,15.7467,1.73998e+07,1.44682,0.730206,0,0.051969,-0.0299782,nan,-0.00016,nan,nan,nan,nan,-0.00674969,-0.0245577,-0.0102356,nan,-0.0792637,0,-0.0153782,-0.13591,nan
1417,29.6539,345.333,0.089621,0,0.125,0.0678914,0.21968,0.226876,-0.00176782,7.33257,1e-05,0.0215088,0.465569,9508.16,0.82141,0.470954,-0.2,0.15,1,17.0403,1.74121e+07,1.2027,0.722107,0,0.0508227,-0.02883,nan,0.00114667,nan,nan,nan,nan,-0.00720524,-0.0237217,-0.00886161,nan,-0.0719917,0,-0.0258021,-0.128386,nan
1418,24.3285,316.25,0.0884253,0,0.166667,0.0687011,0.220463,0.197865,-0.00555297,7.33179,7.59375e-05,0.00945299,0.465523,11573.9,0.723015,0.338684,-0.2,0.15,1,18.1039,1.74244e+07,1.16861,0.636369,0,0.0329144,-0.0247956,nan,-0.00157,nan,nan,nan,nan,-0.00482886,-0.0187982,-0.00776926,nan,-0.065429,0,-0.0104368,-0.109139,nan
1419,32.0788,379.8,0.0882946,0,0.208333,0.0690784,0.217895,0.178439,-0.0115557,7.32834,0.000113906,0.0129047,0.465324,11983.3,0.634287,0.391144,-0.2,0.15,1,19.1306,1.74367e+07,1.34807,0.776189,0,0.0506563,-0.0304435,nan,-0.000632,nan,nan,nan,nan,-0.00679281,-0.0247451,-0.0107979,nan,-0.0796043,0,-0.00455813,-0.139035,nan
1420,41.4034,467,0.0905209,0,0.0416667,0.0667777,0.224128,0.209303,-0.00720771,7.32155,2.25e-05,0.0122589,0.465054,10984.8,0.742441,0.3762,-0.2,0.15,1,20.2506,1.7449e+07,1.7366,0.978017,0,0.06178,-0.0378793,nan,-0.00528,nan,nan,nan,nan,-0.0069131,-0.0374814,-0.0156955,nan,-0.0988279,0,-0.00814104,-0.151996,nan
1421,39.8735,393,0.0905366,0,0.0833333,0.065557,0.223667,0.240544,-0.00168292,7.31885,1e-05,0.0177344,0.464986,10448.9,0.766219,0.409785,-0.2,0.15,1,21.4284,1.74612e+07,1.62832,0.796491,0,0.0549396,-0.0309547,nan,-0.00138,nan,nan,nan,nan,-0.00805927,-0.0277679,-0.0104386,nan,-0.0804329,0,-0.00573112,-0.138624,nan
1422,42.54,505.75,0.0915973,0,0.166667,0.0667953,0.210876,0.30784,-0.00843303,7.31996,7.59375e-05,0.011804,0.465135,10681,0.778176,0.372276,-0.2,0.15,1,22.5804,1.74735e+07,1.81585,1.07767,0,0.0574355,-0.0419167,nan,-0.00132,nan,nan,nan,nan,-0.00806463,-0.0299452,-0.0120841,nan,-0.104968,0,-0.0169777,-0.181092,nan
1423,44.7463,512.667,0.0931558,0,0.125,0.0661103,0.204931,0.315726,-0.00471981,7.32493,1e-05,0.018767,0.465297,12267.5,0.655931,0.345738,-0.2,0.15,1,23.5833,1.74858e+07,1.95041,0.977358,0,0.0677178,-0.0412619,nan,-0.00212,nan,nan,nan,nan,-0.00906816,-0.0343674,-0.0143163,nan,-0.10746,0,-0.0058609,-0.190234,nan
1424,53.6717,546.5,0.0919718,0,0.0833333,0.0675434,0.204248,0.192153,-0.00609902,7.32672,0.000113906,0.0120088,0.465351,11492.7,0.715654,0.353545,-0.2,0.15,1,24.6539,1.74981e+07,2.09445,1.24161,0,0.0852718,-0.0436835,nan,-0.00091,nan,nan,nan,nan,-0.0101193,-0.0361638,-0.0147443,nan,-0.111733,0,-0.01345,-0.201178,nan
1425,35.5788,403,0.0903029,0,0.0833333,0.067826,0.204875,0.212254,-0.0103026,7.32771,5.0625e-05,0.0106679,0.46537,11385.6,0.719781,0.359478,-0.2,0.15,1,25.7346,1.75104e+07,1.45669,0.859302,0,0.0530736,-0.0346602,nan,-0.0008,nan,nan,nan,nan,-0.00746093,-0.0268956,-0.0119781,nan,-0.0863279,0,-0.0136362,-0.149761,nan
1426,54.4042,612,0.0914154,0,0.125,0.0672596,0.21378,0.236837,-0.00685787,7.32802,1e-05,0.0180053,0.465344,12638.6,0.670942,0.301318,-0.2,0.15,1,26.7084,1.75227e+07,2.08659,1.35872,0,0.0829262,-0.0498262,nan,-0.000553333,nan,nan,nan,nan,-0.0107264,-0.0436477,-0.01781,nan,-0.127818,0,-0.0172319,-0.216129,nan
1427,40.0472,644,0.091579,0,0.0416667,0.0670268,0.205702,0.207018,-0.00809979,7.32981,0.000113906,0.014133,0.465504,11376.7,0.715908,0.364196,-0.2,0.15,1,27.7897,1.7535e+07,2.05132,1.45071,0,0.0476118,-0.0504178,nan,-6e-05,nan,nan,nan,nan,-0.00446006,-0.0198955,-0.00747635,nan,-0.133412,0,-0.00181917,-0.230274,nan
1428,46.4784,544.5,0.088783,0,0.0833333,0.0707143,0.210981,0.186031,-0.0100508,7.33423,2.25e-05,0.0154318,0.465582,11572.5,0.706088,0.355739,-0.2,0.15,1,28.8531,1.75473e+07,2.00753,1.02438,0,0.0741278,-0.0439254,nan,-0.00295,nan,nan,nan,nan,-0.00930647,-0.0370857,-0.0162927,nan,-0.114431,0,-0.00729756,-0.188866,nan
1429,nan,nan,0.0905682,0,0,0.0682689,0.204217,0.168238,-0.0105171,7.33217,5.0625e-05,0.0128842,0.465461,11143.1,0.796739,0.30601,-0.2,0.15,1,29.9574,1.75596e+07,nan,nan,nan,nan,nan,nan,nan,nan,nan,nan,nan,nan,nan,nan,nan,nan,nan,nan,nan,nan
1430,62.2778,688.667,0.0898497,0,0.125,0.0673888,0.216146,0.198541,-0.0116816,7.3286,5.0625e-05,0.0107249,0.465377,13527.1,0.652577,0.255824,-0.2,0.15,1,30.8672,1.75718e+07,2.60497,1.41111,0,0.0888202,-0.0551604,nan,-0.00244667,nan,nan,nan,nan,-0.0112927,-0.0462417,-0.0197724,nan,-0.143808,0,-0.00963734,-0.254552,nan
1431,42.4295,423,0.0910476,0,0.0833333,0.0678167,0.206484,0.185966,-0.00731949,7.32554,2.25e-05,0.0144926,0.465281,14725.2,0.586964,0.247523,-0.2,0.15,1,31.7031,1.75841e+07,1.62915,0.904755,0,0.0634111,-0.0341812,nan,-0.00171,nan,nan,nan,nan,-0.00699082,-0.0312207,-0.0114384,nan,-0.0887212,0,-0.0143191,-0.147406,nan
1432,75.8648,768,0.0919469,0,0.0416667,0.0678754,0.205022,0.20354,-0.00397082,7.32233,1e-05,0.018336,0.465177,14446.4,0.602381,0.248212,-0.2,0.15,1,32.555,1.75964e+07,3.06413,1.73417,0,0.113515,-0.0620572,nan,-0.00666,nan,nan,nan,nan,-0.0116815,-0.0549407,-0.0235379,nan,-0.15731,0,-0.00588232,-0.253538,nan
1433,nan,nan,0.090802,0,0,0.0695283,0.197879,0.174,-0.00308943,7.32117,1e-05,0.0183507,0.465176,14438.5,0.59149,0.259566,-0.2,0.15,1,33.4074,1.76087e+07,nan,nan,nan,nan,nan,nan,nan,nan,nan,nan,nan,nan,nan,nan,nan,nan,nan,nan,nan,nan
1434,67.2357,793,0.0932388,0,0.0416667,0.0666328,0.196129,0.235353,-0.00660875,7.32115,0.000113906,0.0122014,0.465186,14511.3,0.600594,0.246195,-0.2,0.15,1,34.2555,1.7621e+07,3.20915,1.88764,0,0.0756565,-0.0638508,nan,-0.00422,nan,nan,nan,nan,-0.00846115,-0.0339641,-0.013142,nan,-0.162378,0,-0.00299026,-0.289392,nan
1435,65.5318,729,0.0906902,0,0.125,0.0670325,0.200698,0.171394,-0.00836965,7.32003,2.25e-05,0.0129864,0.465103,14594.2,0.593556,0.248422,-0.2,0.15,1,35.0988,1.76333e+07,2.67821,1.49207,0,0.0997145,-0.0588376,nan,-0.0017,nan,nan,nan,nan,-0.0136208,-0.0485709,-0.0221062,nan,-0.15272,0,-0.0145173,-0.265472,nan
1436,72.9732,764,0.0912908,0,0.125,0.066742,0.202099,0.306756,-0.00527243,7.31891,1e-05,0.0199471,0.465122,13416.6,0.666109,0.249774,-0.2,0.15,1,36.0159,1.76456e+07,2.97837,1.65143,0,0.105129,-0.0610187,nan,-0.00292667,nan,nan,nan,nan,-0.0116435,-0.047157,-0.0192215,nan,-0.157898,0,-0.00954144,-0.274385,nan
1437,69.4121,837.75,0.0923434,0,0.166667,0.0681545,0.189141,0.192251,-0.00575077,7.32029,7.59375e-05,0.0097807,0.465199,13729.5,0.625749,0.269256,-0.2,0.15,1,36.9121,1.76579e+07,2.86428,1.7211,0,0.108312,-0.0689547,nan,-0.00023,nan,nan,nan,nan,-0.0153368,-0.0585572,-0.0245625,nan,-0.175918,0,-0.0321219,-0.309345,nan
1438,55.3479,651.333,0.0926123,0,0.125,0.0668554,0.195081,0.219171,-0.00618531,7.31969,5.0625e-05,0.00928146,0.465108,14573.6,0.595516,0.247655,-0.2,0.15,1,37.7568,1.76701e+07,2.52609,1.39308,0,0.0733751,-0.0517987,nan,-0.0019,nan,nan,nan,nan,-0.00845902,-0.0357871,-0.0142103,nan,-0.134264,0,-0.0122788,-0.244191,nan
1439,81.2649,930.5,0.0928878,0,0.0833333,0.0688023,0.190444,0.184652,-0.00485684,7.31695,1e-05,0.0185022,0.465031,14530.5,0.590861,0.254811,-0.2,0.15,1,38.6037,1.76824e+07,3.51776,1.92698,0,0.118835,-0.0740073,nan,-0.0012,nan,nan,nan,nan,-0.0133207,-0.0536907,-0.0220834,nan,-0.192349,0,-0.0167463,-0.349885,nan
1440,52.9367,642.667,0.0936416,0,0.125,0.0667061,0.189159,0.228297,-0.00661514,7.31614,1e-05,0.0192638,0.465042,12924.7,0.602061,0.348675,-0.2,0.15,1,39.5558,1.76947e+07,2.33135,1.36123,0,0.0776233,-0.0513349,nan,-0.00264,nan,nan,nan,nan,-0.00918794,-0.0371985,-0.0152371,nan,-0.133214,0,-0.0137808,-0.220916,nan
1441,nan,nan,0.0938963,0,0,0.0663327,0.189407,0.170036,-0.00741807,7.31521,1.5e-05,0.0183357,0.464978,10776.2,0.72045,0.41984,-0.2,0.15,1,40.6984,1.7707e+07,nan,nan,nan,nan,nan,nan,nan,nan,nan,nan,nan,nan,nan,nan,nan,nan,nan,nan,nan,nan
1442,91.015,998.777,0.093125,14.6667,0.0833333,0.063244,0.195592,0.192223,-0.00641298,7.3125,3.375e-05,0.0127107,0.464847,11454.3,0.730057,0.342729,-0.2,0.15,1,41.7727,1.77193e+07,3.80582,2.14079,0,0.132069,-0.0803813,nan,-0.0022852,nan,nan,nan,nan,-0.0147788,-0.0613549,-0.0254854,nan,-0.206781,0,-0.0137098,-0.361681,nan
1443,92.9537,1000,0.0962751,0.291667,0,0.0616892,0.186445,0.108299,-0.00745851,7.31019,3.375e-05,0.00945262,0.46473,11914,0.69704,0.334349,-0.2,0.15,1,42.8056,1.77316e+07,3.81964,2.17188,0,0.136015,-0.0810726,nan,-0.00277143,nan,nan,nan,nan,-0.0151322,-0.0635541,-0.025779,nan,-0.208809,0,-0.0128174,-0.359723,nan
1444,86.2328,1000,0.0939076,1,0,0.0647522,0.188703,0.108967,-0.00612572,7.30672,3.375e-05,0.00884474,0.464522,10734.6,0.738265,0.406444,-0.2,0.15,1,43.9523,1.77439e+07,3.73177,2.13514,0,0.12369,-0.0804482,nan,-0.0014475,nan,nan,nan,nan,-0.0135117,-0.055922,-0.0230355,nan,-0.207312,0,-0.014726,-0.362663,nan
1445,81.1697,951.579,0.0975056,0.75,0.0416667,0.0618455,0.185388,0.126882,-0.0011953,7.30049,1e-05,0.0170885,0.46428,10826.1,0.738048,0.39699,-0.2,0.15,1,45.0889,1.77562e+07,3.58414,2.06752,0,0.112442,-0.0771815,nan,-0.00212,nan,nan,nan,nan,-0.011765,-0.0490902,-0.0206506,nan,-0.196675,0,-0.0113272,-0.346631,nan
1446,85.0978,885.125,0.0935533,0.291667,0.0416667,0.0659186,0.192765,0.107173,-0.00273906,7.29621,1.5e-05,0.0151624,0.46414,10851.8,0.760209,0.37214,-0.2,0.15,1,46.2233,1.77684e+07,3.43148,1.91961,0,0.125194,-0.071371,nan,-0.0026275,nan,nan,nan,nan,-0.0138857,-0.0572746,-0.0236889,nan,-0.182475,0,-0.00636549,-0.315101,nan
1447,89.4408,1000,0.0934858,0.333333,0,0.0673464,0.193444,0.148161,-0.00952538,7.29175,0.000113906,0.0126636,0.463829,12177,0.658469,0.350646,-0.2,0.15,1,47.2336,1.77807e+07,3.83299,2.15407,0,0.125835,-0.0804359,nan,-0.002565,nan,nan,nan,nan,-0.0133478,-0.0554317,-0.0236121,nan,-0.206407,0,-0.0104027,-0.364471,nan
1448,65.9275,711.667,0.0950402,0.0833333,0.0416667,0.0649779,0.195048,0.120329,-0.0100705,7.28204,1e-05,0.0189918,0.463539,10371.3,0.770131,0.414682,-0.2,0.15,1,48.4203,1.7793e+07,2.85691,1.54672,0,0.0912272,-0.0575456,nan,-0.00226667,nan,nan,nan,nan,-0.0092503,-0.0374645,-0.014922,nan,-0.146738,0,-0.0145429,-0.260802,nan
1449,78.1469,859,0.0938908,0.208333,0.0416667,0.0663983,0.194043,0.162633,-0.00780702,7.2792,1e-05,0.0182556,0.463467,10661.2,0.772687,0.379909,-0.2,0.15,1,49.5745,1.78053e+07,3.36407,1.84657,0,0.106013,-0.068855,nan,-0.00222667,nan,nan,nan,nan,-0.0116412,-0.0481295,-0.0201804,nan,-0.177834,0,-0.010173,-0.313273,nan
1450,69.5992,731,0.0923143,0.25,0.125,0.0693463,0.196731,0.317858,-0.00907481,7.27733,0.000113906,0.0153446,0.463433,10130.9,0.790552,0.422376,-0.2,0.15,1,50.7891,1.78176e+07,2.87426,1.58925,0,0.0983137,-0.0588833,nan,-0.00233333,nan,nan,nan,nan,-0.0107731,-0.0459498,-0.0194504,nan,-0.151024,0,-0.0057572,-0.267731,nan
1451,94.4319,1000,0.0924447,0.208333,0,0.0675178,0.186926,0.155405,-0.014811,7.27667,0.000170859,0.0170481,0.463351,11215.8,0.714108,0.381493,-0.2,0.15,1,51.8863,1.78299e+07,3.75223,2.16987,0,0.142763,-0.0793984,nan,-0.003032,nan,nan,nan,nan,-0.0163496,-0.0694838,-0.0280836,nan,-0.206403,0,-0.0136933,-0.363315,nan
1452,74.7415,808.75,0.091832,0.125,0.0416667,0.068888,0.186475,0.172801,-0.0116565,7.26786,5.0625e-05,0.0122642,0.462999,10632.2,0.808088,0.347648,-0.2,0.15,1,53.0438,1.78422e+07,3.04378,1.74093,0,0.112664,-0.064824,nan,-0.001065,nan,nan,nan,nan,-0.0123636,-0.0498458,-0.0207395,nan,-0.166891,0,-0.0123351,-0.279941,nan
1453,93.0926,1000,0.0928492,0.25,0,0.0667305,0.192903,0.175712,-0.00973914,7.26225,1e-05,0.018634,0.462767,10728,0.766098,0.379313,-0.2,0.15,1,54.1906,1.78545e+07,3.81959,2.1276,0,0.142929,-0.080269,nan,-0.00198667,nan,nan,nan,nan,-0.0156294,-0.066008,-0.0271719,nan,-0.208258,0,-0.00952144,-0.35627,nan
1454,60.0148,711,0.093116,0.125,0.0833333,0.067492,0.191707,0.218048,-0.00933887,7.25903,0.000113906,0.0165822,0.462644,11772.7,0.731997,0.311774,-0.2,0.15,1,55.2361,1.78668e+07,2.73779,1.53442,0,0.0751604,-0.0561962,nan,-0.00212,nan,nan,nan,nan,-0.00859305,-0.0341958,-0.0156194,nan,-0.146035,0,-0.00765631,-0.254743,nan
1455,79.516,885.5,0.0955949,0.208333,0.0416667,0.0656671,0.189388,0.16829,-0.00827633,7.25483,2.25e-05,0.0152167,0.462512,11705.1,0.698295,0.351505,-0.2,0.15,1,56.2872,1.7879e+07,3.23441,1.9606,0,0.116522,-0.0712636,nan,-0.00232,nan,nan,nan,nan,-0.013805,-0.0555032,-0.0234072,nan,-0.182886,0,-0.0201881,-0.323417,nan
1456,77.7139,848,0.0938198,0.166667,0.0416667,0.0658448,0.196796,0.16796,-0.0105936,7.25043,0.000170859,0.0167167,0.462134,10981.7,0.718843,0.400109,-0.2,0.15,1,57.4076,1.78913e+07,3.18357,1.85716,0,0.112803,-0.0695844,nan,5.2e-05,nan,nan,nan,nan,-0.0137186,-0.0520564,-0.0214532,nan,-0.176496,0,-0.0174534,-0.322821,nan
1457,80.6443,817.333,0.0957469,0.0833333,0.0416667,0.0652158,0.196886,0.200978,-0.0136141,7.23933,5.0625e-05,0.0132337,0.461955,11647.5,0.702259,0.352731,-0.2,0.15,1,58.4642,1.79036e+07,3.10151,1.88738,0,0.118472,-0.0655836,nan,-3.33333e-05,nan,nan,nan,nan,-0.0143336,-0.0587322,-0.0219641,nan,-0.169925,0,-0.0138656,-0.315166,nan
1458,93.6993,1000,0.0955075,0.0833333,0,0.0673926,0.188528,0.169499,-0.0136325,7.23717,0.000113906,0.0136007,0.46187,9667.72,0.839927,0.431107,-0.2,0.15,1,59.7367,1.79159e+07,3.84861,2.30829,0,0.12615,-0.0790894,nan,-0.00357,nan,nan,nan,nan,-0.0132873,-0.0538394,-0.02233,nan,-0.203285,0,-0.00988575,-0.367013,nan
1459,68.6535,802,0.0955085,0.0833333,0.0416667,0.0664663,0.191298,0.156942,-0.00836061,7.23411,5.0625e-05,0.0117385,0.461758,10529.5,0.764299,0.402706,-0.2,0.15,1,60.9054,1.79282e+07,3.10879,1.79849,0,0.0796567,-0.0643259,nan,0.00109333,nan,nan,nan,nan,-0.00987715,-0.0360523,-0.0147836,nan,-0.166535,0,-0.0235172,-0.288153,nan
1460,81.3398,853.4,0.094755,0.0833333,0.125,0.0659981,0.193365,0.312466,-0.00713321,7.2323,1e-05,0.0228044,0.461669,11251.9,0.711705,0.38038,-0.2,0.15,1,61.9993,1.79405e+07,3.45603,1.92962,0,0.105038,-0.068539,nan,-0.000984,nan,nan,nan,nan,-0.011637,-0.0454201,-0.0185839,nan,-0.175099,0,-0.0144518,-0.313165,nan
1461,65.1195,763.889,0.0954839,0.208333,0.166667,0.0663136,0.188337,0.217051,-0.00969567,7.23088,0.000113906,0.0138682,0.461563,12339,0.683474,0.312395,-0.2,0.15,1,62.9967,1.79528e+07,2.75375,1.71017,0,0.0856768,-0.0614779,nan,-0.00172,nan,nan,nan,nan,-0.0118361,-0.0461677,-0.0197548,nan,-0.158499,0,-0.0208744,-0.27531,nan
1462,51.8745,565,0.095226,0.0416667,0.0833333,0.0655468,0.188321,0.207259,-0.010909,7.22532,1e-05,0.0176527,0.461382,9491.94,0.785297,0.509275,-0.2,0.15,1,64.2926,1.79651e+07,2.14596,1.30369,0,0.0688907,-0.0448784,nan,-0.00200667,nan,nan,nan,nan,-0.00733935,-0.0304849,-0.0137055,nan,-0.116782,0,-0.00288402,-0.194589,nan
1463,80.8914,877.75,0.0958816,0.125,0.0416667,0.0659069,0.186557,0.191069,-0.00753289,7.22253,1e-05,0.0213993,0.46125,9596.85,0.825864,0.454556,-0.2,0.15,1,65.575,1.79773e+07,3.42404,1.95696,0,0.109293,-0.0696986,nan,-0.000545,nan,nan,nan,nan,-0.0124617,-0.0491406,-0.0203734,nan,-0.180477,0,-0.00983323,-0.310363,nan
1464,86.2091,843,0.0940423,0.166667,0.0833333,0.0677035,0.188794,0.183888,-0.0101416,7.21871,0.000113906,0.0143947,0.460977,10121.5,0.845725,0.368321,-0.2,0.15,1,66.7907,1.79896e+07,3.29201,1.8707,0,0.126127,-0.0673046,nan,-1.33333e-05,nan,nan,nan,nan,-0.0144845,-0.0572268,-0.023171,nan,-0.173138,0,-0.00986812,-0.308023,nan
1465,nan,nan,0.0955168,0,0,0.0665482,0.180324,0.183989,-0.00816393,7.20995,1e-05,0.0172267,0.460722,12189.7,0.68455,0.323516,-0.2,0.15,1,67.8009,1.80019e+07,nan,nan,nan,nan,nan,nan,nan,nan,nan,nan,nan,nan,nan,nan,nan,nan,nan,nan,nan,nan
1466,73.9806,787.5,0.0943182,0.125,0.125,0.0677633,0.187764,0.191545,-0.0100109,7.20652,0.000113906,0.0147315,0.460556,11253.4,0.703985,0.387953,-0.2,0.15,1,68.894,1.80142e+07,3.05716,1.71532,0,0.105679,-0.0633477,nan,-0.00110667,nan,nan,nan,nan,-0.0127136,-0.0506413,-0.0206136,nan,-0.16321,0,-0.0277164,-0.284942,nan
1467,89.0545,1000,0.096287,0.0833333,0,0.0661191,0.184251,0.154232,-0.0129499,7.19827,7.59375e-05,0.0119829,0.460241,10861.8,0.774425,0.35688,-0.2,0.15,1,70.0269,1.80265e+07,3.78139,2.2573,0,0.126314,-0.0774385,nan,0.00017,nan,nan,nan,nan,-0.0140043,-0.0558226,-0.0208058,nan,-0.203621,0,-0.0109921,-0.370463,nan
1468,78.0472,813,0.0963895,0.0416667,0.0416667,0.0668632,0.179487,0.176293,-0.0110531,7.19076,3.375e-05,0.0137533,0.46001,11738.2,0.709071,0.337765,-0.2,0.15,1,71.0753,1.80388e+07,3.32502,1.84966,0,0.0956481,-0.0651606,nan,0.00183,nan,nan,nan,nan,-0.0122963,-0.0427989,-0.0165629,nan,-0.164886,0,-0.0193114,-0.310376,nan
1469,70.3607,817.75,0.0952022,0.0833333,0.0833333,0.0670379,0.182369,0.220971,-0.00714769,7.18693,1e-05,0.0230306,0.459905,13522.7,0.630958,0.277739,-0.2,0.15,1,71.9851,1.80511e+07,3.06669,1.892,0,0.0938279,-0.0646949,nan,-0.00127,nan,nan,nan,nan,-0.00941435,-0.0367634,-0.0149858,nan,-0.165152,0,-0.00781397,-0.306065,nan
1470,32.7989,339.333,0.0950056,0,0.125,0.066303,0.188589,0.251976,-0.00349914,7.18661,1e-05,0.0240061,0.459911,11470.3,0.71608,0.355208,-0.2,0.15,1,73.0579,1.80634e+07,1.29488,0.77564,0,0.0480363,-0.0272579,nan,0.00152,nan,nan,nan,nan,-0.00640086,-0.0225989,-0.00852326,nan,-0.0696575,0,-0.0124073,-0.134621,nan
1471,67.4463,734.667,0.0954291,0.0416667,0.0833333,0.0675669,0.183272,0.191676,-0.0106732,7.18653,0.000113906,0.015086,0.459855,10702,0.740364,0.407828,-0.2,0.15,1,74.2076,1.80756e+07,2.53373,1.59313,0,0.103695,-0.0592676,nan,-0.00134,nan,nan,nan,nan,-0.0129615,-0.0460311,-0.0212322,nan,-0.151861,0,-0.0162866,-0.263899,nan
1472,85.0312,931.5,0.0935996,0.125,0.0416667,0.067162,0.194945,0.164541,-0.0127724,7.18525,1e-05,0.0183764,0.459779,10880.1,0.722037,0.407363,-0.2,0.15,1,75.3382,1.80879e+07,3.83915,2.13659,0,0.0999609,-0.0744563,nan,-0.00198,nan,nan,nan,nan,-0.0104158,-0.042248,-0.0171816,nan,-0.192055,0,-0.0181174,-0.339108,nan
1473,61.2322,661.5,0.095378,0.0416667,0.125,0.0672753,0.189445,0.239071,-0.00721082,7.18499,2.25e-05,0.0166498,0.459764,12442.9,0.640544,0.347008,-0.2,0.15,1,76.3271,1.81002e+07,2.49156,1.47619,0,0.0835403,-0.0526918,nan,-0.001085,nan,nan,nan,nan,-0.0105721,-0.0405046,-0.0172103,nan,-0.135935,0,-0.0119848,-0.230179,nan
1474,78.0491,887.5,0.0977953,0.0416667,0.0416667,0.0655466,0.18076,0.207135,-0.00897411,7.1848,3.375e-05,0.0131597,0.459749,11424.8,0.724513,0.35104,-0.2,0.15,1,77.4041,1.81125e+07,3.28492,1.9509,0,0.107051,-0.0718803,nan,0.00055,nan,nan,nan,nan,-0.0136293,-0.0540913,-0.022001,nan,-0.184314,0,-0.0334751,-0.324269,nan
1475,84.3321,894.5,0.095504,0.0416667,0.0416667,0.0662399,0.187289,0.174596,-0.00998139,7.18498,0.000170859,0.0147934,0.459791,11419,0.710351,0.365748,-0.2,0.15,1,78.4817,1.81248e+07,3.09863,2.07868,0,0.12125,-0.0712113,nan,0.00204,nan,nan,nan,nan,-0.0161704,-0.0602891,-0.0244687,nan,-0.18488,0,-0.0248106,-0.323083,nan
1476,74.3026,814,0.0963774,0,0.0833333,0.0653071,0.189331,0.225763,-0.00858508,7.18629,1e-05,0.02041,0.459838,11848.2,0.704599,0.332517,-0.2,0.15,1,79.5201,1.81371e+07,2.94126,1.72721,0,0.10884,-0.0647405,nan,0.00026,nan,nan,nan,nan,-0.0132526,-0.0478941,-0.0185898,nan,-0.169702,0,-0.00594189,-0.304692,nan
1477,91.0059,939.75,0.0947321,0.208333,0.125,0.0654283,0.194476,0.257625,-0.00683904,7.18647,1e-05,0.0219228,0.459866,11249.5,0.691323,0.400991,-0.2,0.15,1,80.6139,1.81494e+07,3.77518,2.13814,0,0.121579,-0.074361,nan,-0.0008925,nan,nan,nan,nan,-0.0127879,-0.0514855,-0.0220219,nan,-0.19262,0,-0.0145273,-0.335911,nan
1478,94.663,967.5,0.0947758,0.125,0.0416667,0.0673881,0.18222,0.251269,-0.00919038,7.18683,0.000113906,0.0144447,0.459904,11649,0.699167,0.355691,-0.2,0.15,1,81.6701,1.81617e+07,3.75314,2.23673,0,0.134774,-0.0783433,nan,-0.00148,nan,nan,nan,nan,-0.0143079,-0.0577515,-0.0244696,nan,-0.200708,0,-0.0115548,-0.355538,nan
1479,75.8128,798.6,0.0962595,0.125,0.0833333,0.0657181,0.186074,0.269639,-0.00528798,7.18698,1e-05,0.0179753,0.45988,12125.6,0.701328,0.312068,-0.2,0.15,1,82.6851,1.8174e+07,3.09501,1.85161,0,0.106233,-0.0639631,nan,-0.000876,nan,nan,nan,nan,-0.0121001,-0.0485773,-0.0191464,nan,-0.163509,0,-0.0120647,-0.290869,nan
1480,85.0185,897,0.0960617,0,0.0416667,0.065685,0.185653,0.245217,-0.0101498,7.18622,0.000113906,0.0144837,0.459771,11779.1,0.673421,0.36978,-0.2,0.15,1,83.7296,1.81862e+07,3.27714,1.96791,0,0.123883,-0.0726886,nan,0.0001,nan,nan,nan,nan,-0.0169174,-0.0617277,-0.0270029,nan,-0.186833,0,-0.0444125,-0.356852,nan
1481,83.9931,953.429,0.0942841,0.125,0.166667,0.068117,0.181769,0.206351,-0.00857756,7.18357,1.5e-05,0.0162297,0.459602,10786.6,0.763638,0.375556,-0.2,0.15,1,84.8703,1.81985e+07,3.56856,2.16402,0,0.117474,-0.076366,nan,0.000485714,nan,nan,nan,nan,-0.0132889,-0.0496619,-0.0209955,nan,-0.196507,0,-0.0224177,-0.357546,nan
1482,94.6789,964.333,0.0966054,0.0416667,0.0833333,0.0651431,0.181573,0.241055,-0.00767819,7.18115,2.25e-05,0.0145382,0.45949,11505.8,0.713193,0.354788,-0.2,0.15,1,85.9402,1.82108e+07,3.88142,2.07248,0,0.132959,-0.0772727,nan,-0.00106,nan,nan,nan,nan,-0.013369,-0.0564817,-0.0234078,nan,-0.196439,0,-0.0132479,-0.343369,nan
1483,72.9131,801.75,0.0951956,0,0.166667,0.0667255,0.185934,0.283104,-0.0050446,7.17826,1e-05,0.0190569,0.459389,12277.6,0.665534,0.335309,-0.2,0.15,1,86.9427,1.82231e+07,3.06617,1.75229,0,0.105978,-0.0655493,nan,-0.003135,nan,nan,nan,nan,-0.0116542,-0.0481288,-0.02228,nan,-0.168553,0,-0.013227,-0.301608,nan
1484,94.7725,996.394,0.0951188,12.8333,0.0833333,0.063247,0.188218,0.133473,-0.00725658,7.17656,0.000113906,0.0129274,0.459296,11744.6,0.69309,0.353177,-0.2,0.15,1,87.9905,1.82354e+07,3.86143,2.27501,0,0.131654,-0.0794835,nan,-0.000728065,nan,nan,nan,nan,-0.014024,-0.0574147,-0.023702,nan,-0.204891,0,-0.0146956,-0.363913,nan
1485,86.1488,879,0.0978157,0.583333,0.0833333,0.0649507,0.175549,0.208958,-0.00964286,7.17134,5.0625e-05,0.0120052,0.459049,10233.2,0.749086,0.451706,-0.2,0.15,1,89.193,1.82477e+07,3.55753,1.99983,0,0.114868,-0.0700751,nan,-0.0008225,nan,nan,nan,nan,-0.0118483,-0.0488999,-0.0203451,nan,-0.18093,0,-0.0126051,-0.316767,nan
1486,87.3422,917.783,0.0979329,0.875,0.0833333,0.0649577,0.175125,0.277022,-0.00932613,7.16676,5.0625e-05,0.0127791,0.458848,10848.3,0.753611,0.379097,-0.2,0.15,1,90.3276,1.826e+07,3.57513,2.09762,0,0.120871,-0.07316,nan,-0.000202609,nan,nan,nan,nan,-0.0129564,-0.0529254,-0.0217098,nan,-0.187961,0,-0.0137519,-0.33255,nan
1487,74.8358,825.056,0.0959393,0.541667,0.208333,0.0667613,0.184115,0.174561,-0.00852702,7.16256,1e-05,0.0169977,0.458743,12313.7,0.673169,0.32474,-0.2,0.15,1,91.3271,1.82723e+07,3.19804,1.88907,0,0.0954604,-0.065961,nan,-0.000431111,nan,nan,nan,nan,-0.010351,-0.0412163,-0.0175055,nan,-0.168747,0,-0.0124136,-0.302353,nan
1488,100.003,1000,0.0981645,0.25,0,0.0645712,0.181896,0.109158,-0.00678243,7.16091,1e-05,0.0193738,0.45869,11582.3,0.700152,0.360774,-0.2,0.15,1,92.3898,1.82845e+07,3.86815,2.27656,0,0.145495,-0.0796403,nan,2e-05,nan,nan,nan,nan,-0.015651,-0.0627393,-0.0266176,nan,-0.203797,0,-0.0126008,-0.357433,nan
1489,76.0581,781,0.0990679,0.25,0.0833333,0.063182,0.184819,0.232688,-0.00722329,7.15882,2.25e-05,0.0167875,0.45859,11502.9,0.698759,0.369494,-0.2,0.15,1,93.4594,1.82968e+07,3.11748,1.73189,0,0.108842,-0.0616602,nan,-0.0012375,nan,nan,nan,nan,-0.0113369,-0.0477063,-0.0198168,nan,-0.162109,0,-0.00730547,-0.286304,nan
1490,61.8348,712.667,0.0982293,0.0833333,0.0416667,0.0648093,0.183281,0.144917,-0.00525072,7.15604,2.25e-05,0.0117311,0.45848,10641.9,0.760337,0.394349,-0.2,0.15,1,94.6156,1.83091e+07,2.47889,1.63709,0,0.0909588,-0.057961,nan,0.000946667,nan,nan,nan,nan,-0.00995532,-0.0393132,-0.0157753,nan,-0.146541,0,-0.0153166,-0.270923,nan
1491,94.8358,985.333,0.0949282,0.333333,0.0416667,0.0678842,0.183607,0.194025,-0.00608572,7.1532,3.375e-05,0.010897,0.458404,11709.7,0.680616,0.36877,-0.2,0.15,1,95.6665,1.83214e+07,3.7325,2.29005,0,0.139466,-0.0788142,nan,0.000437778,nan,nan,nan,nan,-0.0150709,-0.0602759,-0.0242752,nan,-0.200815,0,-0.0194118,-0.360042,nan
1492,63.5543,678.364,0.0965064,0.291667,0.166667,0.0662733,0.184615,0.369037,-0.0055767,7.15178,1e-05,0.0178881,0.458367,11549,0.71114,0.352844,-0.2,0.15,1,96.732,1.83337e+07,2.67716,1.56445,0,0.0846422,-0.0538583,nan,-0.000196364,nan,nan,nan,nan,-0.00897826,-0.0350862,-0.0133564,nan,-0.138822,0,-0.00972177,-0.248463,nan
1493,84.0133,850,0.0979815,0.208333,0.0416667,0.0653616,0.175942,0.120824,-0.00404961,7.15126,2.25e-05,0.0126099,0.458337,11888.3,0.688917,0.344707,-0.2,0.15,1,97.7671,1.8346e+07,3.27468,1.95829,0,0.118586,-0.0676187,nan,-0.00159,nan,nan,nan,nan,-0.0132188,-0.0541061,-0.0232008,nan,-0.174912,0,-0.0199326,-0.304615,nan
1494,97.9421,1000,0.0970651,0.25,0,0.0669777,0.175863,0.195852,-0.00790978,7.15014,0.000113906,0.0109465,0.458318,11541.1,0.667432,0.397282,-0.2,0.15,1,98.8332,1.83583e+07,3.9161,2.32541,0,0.139871,-0.0803149,nan,-0.00125333,nan,nan,nan,nan,-0.014685,-0.063173,-0.0256861,nan,-0.205527,0,-0.0205688,-0.364526,nan
1495,85.0008,851,0.0989787,0.166667,0.0833333,0.065362,0.172693,0.174289,-0.00952694,7.15036,5.0625e-05,0.0150424,0.458354,9932.84,0.787784,0.449325,-0.2,0.15,1,100.072,1.83706e+07,3.30485,1.96911,0,0.123591,-0.0680177,nan,-0.00048,nan,nan,nan,nan,-0.0128898,-0.0504816,-0.021049,nan,-0.174932,0,-0.0118745,-0.31919,nan
1496,84.7391,814.2,0.0984289,0.166667,0.0416667,0.0649734,0.175615,0.139319,-0.0125759,7.14865,0.000256289,0.01727,0.458222,10910.1,0.76446,0.361831,-0.2,0.15,1,101.2,1.83828e+07,3.26656,1.85931,0,0.12166,-0.0655886,nan,-0.000496,nan,nan,nan,nan,-0.0132417,-0.0547487,-0.0235339,nan,-0.168394,0,-0.0241751,-0.295474,nan
1497,87.3841,922.429,0.0956851,0.25,0.0416667,0.0674287,0.180521,0.172255,-0.0125532,7.14205,0.000113906,0.0137842,0.458096,12651.8,0.689457,0.281787,-0.2,0.15,1,102.173,1.83951e+07,3.58363,2.11805,0,0.12404,-0.072239,nan,-0.00358,nan,nan,nan,nan,-0.0124933,-0.0543565,-0.0236814,nan,-0.190309,0,-0.00383398,-0.324097,nan
1498,79.402,846.333,0.0977889,0.166667,0.0833333,0.0665703,0.178483,0.227836,-0.00989526,7.14093,3.375e-05,0.0124959,0.458087,11935.3,0.676544,0.353007,-0.2,0.15,1,103.204,1.84074e+07,3.14572,1.92468,0,0.123124,-0.0676566,nan,-0.000233333,nan,nan,nan,nan,-0.0130883,-0.0526022,-0.0226447,nan,-0.176208,0,-0.0116207,-0.306294,nan
1499,74.7041,738.4,0.0972095,0.125,0.0833333,0.067452,0.175903,0.217275,-0.0129736,7.14274,0.000170859,0.0176302,0.458096,11337.7,0.729698,0.35412,-0.2,0.15,1,104.289,1.84197e+07,2.90772,1.71737,0,0.102919,-0.059168,nan,-0.001332,nan,nan,nan,nan,-0.0111223,-0.0443793,-0.0191537,nan,-0.151212,0,-0.0104573,-0.265447,nan
1500,56.0458,578.333,0.0962652,0.0416667,0.0833333,0.0678335,0.181213,0.230434,-0.0131925,7.13973,7.59375e-05,0.0122508,0.457911,12026.3,0.701327,0.320438,-0.2,0.15,1,105.313,1.8432e+07,2.21707,1.34913,0,0.0845108,-0.0455551,nan,-0.0018,nan,nan,nan,nan,-0.00828359,-0.0327736,-0.0133008,nan,-0.117258,0,-0.00478181,-0.224572,nan
1501,82.3441,854.5,0.0963146,0.125,0.0416667,0.0662737,0.176433,0.305329,-0.00726782,7.13515,1e-05,0.0203817,0.457753,14751.1,0.58307,0.249953,-0.4,0.2,1,108.024,1.84443e+07,3.12486,1.95755,0,0.121882,-0.0688962,nan,0.000435,nan,nan,nan,nan,-0.0134653,-0.0544258,-0.0221058,nan,-0.176085,0,-0.0130079,-0.309232,nan
1502,70.2405,790.182,0.0972684,0.291667,0.166667,0.0647433,0.174662,0.248311,-0.00767947,7.13418,2.25e-05,0.0171475,0.457742,14439.3,0.595315,0.255695,-0.4,0.2,1,108.877,1.84566e+07,3.02757,1.84281,0,0.0921273,-0.065204,nan,-0.000627273,nan,nan,nan,nan,-0.00964434,-0.0372852,-0.0159492,nan,-0.161261,0,-0.0116183,-0.290462,nan
1503,73.7371,772,0.0953254,0.291667,0.125,0.0676849,0.170455,0.295299,-0.00440011,7.13335,1e-05,0.0190754,0.457705,14763,0.586891,0.245462,-0.4,0.2,1,109.71,1.84689e+07,3.08633,1.79648,0,0.0922126,-0.0659593,nan,0.000654,nan,nan,nan,nan,-0.0103071,-0.0408469,-0.0174476,nan,-0.158723,0,-0.0146906,-0.287522,nan
1504,57.3495,630,0.0958492,0.0416667,0.0416667,0.0647573,0.180472,0.185866,-0.00992833,7.13173,0.000113906,0.0146008,0.457585,14703.7,0.578386,0.25732,-0.4,0.2,1,110.547,1.84812e+07,2.42685,1.4376,0,0.0788807,-0.0563515,nan,0.0003,nan,nan,nan,nan,-0.00905038,-0.0314957,-0.013999,nan,-0.130637,0,-0.0241744,-0.217646,nan
1505,66.1947,752,0.0957408,0.0833333,0.0833333,0.0658791,0.173209,0.191138,-0.0120238,7.12697,1.5e-05,0.0164626,0.457471,14854.7,0.58051,0.246703,-0.4,0.2,1,111.376,1.84934e+07,2.82628,1.74942,0,0.0914655,-0.0689126,nan,-0.000705,nan,nan,nan,nan,-0.0095711,-0.0394218,-0.015845,nan,-0.154583,0,-0.0253145,-0.278414,nan
1506,87.7452,964.143,0.0966995,0.25,0.0416667,0.0654375,0.174173,0.175831,-0.00975976,7.12575,3.375e-05,0.013145,0.457491,14754,0.587465,0.245394,-0.4,0.2,1,112.21,1.85057e+07,3.50972,2.1466,0,0.131261,-0.0866661,nan,0.00117429,nan,nan,nan,nan,-0.0147712,-0.0580889,-0.0240108,nan,-0.198839,0,-0.032135,-0.344734,nan
1507,73.9669,851.667,0.0943375,0.0833333,0.0416667,0.0670373,0.177281,0.273235,-0.0030261,7.12654,1e-05,0.018767,0.457532,14811.7,0.582363,0.247254,-0.4,0.2,1,113.041,1.8518e+07,3.27888,2.04707,0,0.082876,-0.0805921,nan,5.33333e-05,nan,nan,nan,nan,-0.00900728,-0.0337318,-0.0132703,nan,-0.174283,0,-0.0102824,-0.309484,nan
1508,78.4959,841.8,0.0952875,0.166667,0.0416667,0.0658667,0.177129,0.172762,-0.00992507,7.12547,0.000113906,0.0129058,0.457402,14410.8,0.598864,0.253832,-0.4,0.2,1,113.895,1.85303e+07,3.14544,1.92338,0,0.118804,-0.0802254,nan,0.002,nan,nan,nan,nan,-0.0113233,-0.0439285,-0.0185402,nan,-0.171695,0,-0.0156145,-0.317298,nan
1509,96.7744,1000,0.0935284,0.0416667,0,0.0661663,0.17497,0.175559,-0.0121909,7.1179,3.375e-05,0.0154675,0.457067,14782.5,0.579805,0.251448,-0.4,0.2,1,114.727,1.85426e+07,3.89667,2.3656,0,0.141379,-0.0943071,nan,0.00294,nan,nan,nan,nan,-0.01353,-0.0524123,-0.0211911,nan,-0.201521,0,-0.00543288,-0.371147,nan
1510,80.6277,829.857,0.0922524,0.125,0.166667,0.0674246,0.178603,0.262113,-0.00618158,7.11313,1e-05,0.0223458,0.456907,14498.4,0.593918,0.253626,-0.4,0.2,1,115.576,1.85549e+07,3.23352,1.87875,0,0.118245,-0.084117,nan,-0.000534286,nan,nan,nan,nan,-0.0123526,-0.0486684,-0.0199781,nan,-0.168563,0,-0.0131466,-0.313974,nan
1511,98.1933,1000,0.0933672,0.125,0,0.0658835,0.181626,0.191193,-0.0107658,7.11066,0.000113906,0.0161276,0.456726,14567.5,0.592972,0.250549,-0.4,0.2,1,116.421,1.85672e+07,3.82776,2.32872,0,0.138491,-0.0987079,nan,0.000293333,nan,nan,nan,nan,-0.0139752,-0.0565639,-0.0226465,nan,-0.20082,0,-0.0175696,-0.355651,nan
1512,69.9991,711,0.0958313,0.0833333,0.0833333,0.0637821,0.173978,0.202286,-0.00805556,7.10461,1e-05,0.017215,0.45654,13955.3,0.63073,0.249796,-0.4,0.2,1,117.303,1.85795e+07,2.87705,1.65185,0,0.0927386,-0.0762596,nan,-0.00018,nan,nan,nan,nan,-0.00899911,-0.0366855,-0.0150509,nan,-0.144116,0,-0.0080076,-0.252605,nan
1513,71.1105,803.5,0.0938148,0.125,0.125,0.0652299,0.1754,0.167606,-0.00954171,7.10161,0.000113906,0.0152341,0.456385,12074.4,0.641038,0.376652,-0.4,0.2,1,118.322,1.85917e+07,2.93938,1.77975,0,0.104279,-0.0880567,nan,0.000143333,nan,nan,nan,nan,-0.0108482,-0.0427347,-0.0179062,nan,-0.163743,0,-0.0187386,-0.295402,nan
1514,89.6385,932.75,0.0927229,0.125,0.0416667,0.0665253,0.172792,0.148693,-0.0124315,7.09619,7.59375e-05,0.012229,0.456275,11017.5,0.76555,0.349766,-0.4,0.2,1,119.438,1.8604e+07,3.75858,2.25126,0,0.114157,-0.0990177,nan,0.001075,nan,nan,nan,nan,-0.011203,-0.042066,-0.0184198,nan,-0.189261,0,-0.0188795,-0.349317,nan
1515,92.7251,938.75,0.091916,0.125,0.0416667,0.0659326,0.177832,0.196139,-0.00829861,7.09452,1e-05,0.0195072,0.45621,12318.9,0.663834,0.333659,-0.4,0.2,1,120.437,1.86163e+07,3.69548,2.14595,0,0.13466,-0.102416,nan,0.00085,nan,nan,nan,nan,-0.0140824,-0.0557978,-0.0241509,nan,-0.192952,0,-0.021223,-0.344328,nan
1516,98.3905,1000,0.0938118,0.0416667,0,0.0648427,0.17932,0.199419,-0.00828226,7.09215,1e-05,0.0213009,0.456094,13470.1,0.647227,0.265019,-0.4,0.2,1,121.351,1.86286e+07,3.91159,2.26678,0,0.148783,-0.10699,nan,-0.00258,nan,nan,nan,nan,-0.0159381,-0.0701579,-0.0258459,nan,-0.198925,0,-0.0148583,-0.373815,nan
1517,86.5885,852.667,0.0927204,0.0833333,0.166667,0.066185,0.180546,0.223215,-0.00761545,7.09011,1e-05,0.0210914,0.456068,14749.8,0.590759,0.242335,-0.4,0.2,1,122.185,1.86409e+07,3.37607,1.97272,0,0.124353,-0.10084,nan,0.00144333,nan,nan,nan,nan,-0.0136444,-0.0530602,-0.0216924,nan,-0.173909,0,-0.023086,-0.312741,nan
1518,96.6013,1000,0.0886427,0.125,0,0.0693774,0.176553,0.210558,-0.0100246,7.08725,0.000170859,0.0176546,0.455765,11952.2,0.671644,0.356455,-0.4,0.2,1,123.215,1.86532e+07,3.73719,2.37581,0,0.140742,-0.112962,nan,0.00156,nan,nan,nan,nan,-0.0141149,-0.0555579,-0.0218883,nan,-0.202499,0,-0.0199156,-0.368601,nan
1519,91.6975,1000,0.0921455,0.208333,0,0.066982,0.179015,0.156274,-0.0162826,7.07786,7.59375e-05,0.0172696,0.455466,11387.4,0.704779,0.374304,-0.4,0.2,1,124.295,1.86655e+07,3.75943,2.31051,0,0.133678,-0.11393,nan,0.00158,nan,nan,nan,nan,-0.0132822,-0.0539025,-0.0208609,nan,-0.202022,0,-0.0162382,-0.375433,nan
1520,94.8495,1000,0.0923772,0.25,0,0.0667706,0.177678,0.142536,-0.0124827,7.07444,2.25e-05,0.0166234,0.455403,10050.3,0.719893,0.502753,-0.4,0.2,1,125.519,1.86778e+07,3.71875,2.35745,0,0.138534,-0.115624,nan,0.00138667,nan,nan,nan,nan,-0.0148986,-0.05902,-0.0257077,nan,-0.204456,0,-0.0279719,-0.364923,nan
1521,91.5189,1000,0.0932603,0.0833333,0,0.0651497,0.182082,0.129393,-0.00892812,7.0723,1e-05,0.0219857,0.455313,11770.9,0.72254,0.321394,-0.4,0.2,1,126.565,1.869e+07,3.87148,2.3561,0,0.123571,-0.118126,nan,0.00101,nan,nan,nan,nan,-0.0128252,-0.0514126,-0.0201704,nan,-0.201792,0,-0.00928386,-0.366582,nan
1522,103.687,1000,0.0928611,0.0416667,0,0.0653544,0.183384,0.181957,-0.0106976,7.07068,0.000113906,0.015271,0.455283,11217,0.740925,0.354554,-0.4,0.2,1,127.662,1.87023e+07,4.47755,2.42068,0,0.116219,-0.120644,nan,0.00192,nan,nan,nan,nan,-0.0110954,-0.0435419,-0.0186354,nan,-0.201651,0,-0.0126005,-0.352973,nan
1523,96.144,1000,0.0937485,0.25,0,0.0651523,0.18356,0.166878,-0.00813876,7.06656,1e-05,0.0170616,0.455165,11443.7,0.719953,0.353823,-0.4,0.2,1,128.737,1.87146e+07,3.8965,2.34815,0,0.132567,-0.119908,nan,0.00038,nan,nan,nan,nan,-0.0132675,-0.0544048,-0.0218903,nan,-0.199717,0,-0.0189475,-0.35727,nan
1524,90.1387,992,0.091402,0.0833333,0.0416667,0.0660209,0.191173,0.179678,-0.00815131,7.06408,0.000113906,0.0142446,0.455096,11548.2,0.754109,0.309957,-0.4,0.2,1,129.802,1.87269e+07,3.70995,2.29406,0,0.134271,-0.124338,nan,-0.0011,nan,nan,nan,nan,-0.0131396,-0.0549141,-0.0240783,nan,-0.203959,0,-0.00535763,-0.375937,nan
1525,95.5274,997.495,0.0912524,11.5833,0.0416667,0.0667622,0.186645,0.214986,-0.00842499,7.06385,1e-05,0.0187046,0.455114,12877.1,0.686901,0.26735,-0.4,0.2,1,130.758,1.87392e+07,3.89561,2.32351,0,0.133389,-0.1251,nan,0.000303584,nan,nan,nan,nan,-0.0134627,-0.0547665,-0.0222088,nan,-0.202337,0,-0.0151904,-0.365587,nan
1526,86.7157,986,0.0924302,0.125,0.0416667,0.063123,0.179255,0.151806,-0.00969552,7.06195,1e-05,0.0199916,0.454999,14922.8,0.581065,0.242371,-0.4,0.2,1,131.583,1.87515e+07,3.66562,2.24931,0,0.116627,-0.127161,nan,0.0028,nan,nan,nan,nan,-0.0131602,-0.0503084,-0.0198849,nan,-0.200609,0,-0.0186891,-0.373078,nan
1527,88.2398,967.56,0.0955902,1,0.0416667,0.0623091,0.173552,0.164486,-0.00636055,7.05955,3.375e-05,0.0155402,0.454925,14740.6,0.587405,0.24621,-0.4,0.2,1,132.418,1.87638e+07,3.82418,2.26133,0,0.116351,-0.124004,nan,0.0007656,nan,nan,nan,nan,-0.0114427,-0.0467976,-0.0185033,nan,-0.196297,0,-0.0120784,-0.353268,nan
1528,94.0027,950,0.0950175,0.75,0.0416667,0.0639964,0.178258,0.123325,-0.0102823,7.05524,0.000113906,0.0127513,0.454666,14586.9,0.592733,0.249667,-0.4,0.2,1,133.261,1.87761e+07,3.71206,2.21273,0,0.136648,-0.122504,nan,-0.000324211,nan,nan,nan,nan,-0.0134958,-0.0549958,-0.0232318,nan,-0.192849,0,-0.00879612,-0.348285,nan
1529,87.1919,939.067,0.095721,0.583333,0.0416667,0.0643676,0.174501,0.122609,-0.0095893,7.04274,5.0625e-05,0.0126519,0.45412,14913.3,0.583548,0.240415,-0.4,0.2,1,134.087,1.87884e+07,3.63035,2.16584,0,0.120474,-0.124259,nan,0.000757333,nan,nan,nan,nan,-0.0121311,-0.0490263,-0.019697,nan,-0.19068,0,-0.0127917,-0.351306,nan
1530,77.6084,812.571,0.0968263,0.208333,0.0833333,0.0628928,0.181105,0.195399,-0.00699524,7.03572,1e-05,0.0228125,0.453962,14770.7,0.589994,0.241925,-0.4,0.2,1,134.92,1.88006e+07,3.35633,1.93864,0,0.0972281,-0.11001,nan,-0.00136286,nan,nan,nan,nan,-0.00936754,-0.0403567,-0.0155081,nan,-0.164451,0,-0.0070098,-0.296522,nan
1531,71.8574,751.143,0.0957423,0.208333,0.0833333,0.0644255,0.178501,0.206853,-0.00648019,7.03376,1e-05,0.0241709,0.45391,14635.4,0.594329,0.245279,-0.4,0.2,1,135.761,1.88129e+07,2.86118,1.76347,0,0.105533,-0.103282,nan,-0.000142857,nan,nan,nan,nan,-0.0110754,-0.0442368,-0.0176541,nan,-0.1526,0,-0.0186596,-0.280526,nan
1532,54.7199,505.75,0.0956609,0.0416667,0.125,0.0639995,0.177147,0.229679,-0.0097106,7.03184,5.0625e-05,0.0140124,0.453831,14743.7,0.587092,0.246349,-0.4,0.2,1,136.596,1.88252e+07,2.08679,1.21985,0,0.0799294,-0.0734275,nan,-0.00018,nan,nan,nan,nan,-0.00879284,-0.0336739,-0.0125412,nan,-0.10257,0,-0.0104658,-0.182803,nan
1533,87.2958,908.154,0.0927164,0.458333,0.0833333,0.0666719,0.176022,0.234626,-0.00491011,7.02751,1e-05,0.0182774,0.453705,14696.8,0.585048,0.251052,-0.4,0.2,1,137.433,1.88375e+07,3.41356,2.07994,0,0.135817,-0.126932,nan,-0.000883077,nan,nan,nan,nan,-0.0139601,-0.0566339,-0.023591,nan,-0.184369,0,-0.0203524,-0.325655,nan
1534,95.5749,1000,0.0925016,0.416667,0,0.0654736,0.174987,0.14395,-0.0102637,7.02342,0.000113906,0.0140499,0.453417,14603.5,0.577466,0.263975,-0.4,0.2,1,138.276,1.88498e+07,3.95537,2.3257,0,0.132171,-0.141632,nan,-0.000828,nan,nan,nan,nan,-0.0135066,-0.0554231,-0.0227391,nan,-0.203675,0,-0.0119338,-0.370215,nan
1535,90.2419,1000,0.0936541,0.166667,0,0.0654622,0.181782,0.194908,-0.0125482,7.01055,7.59375e-05,0.0127202,0.452913,11307.8,0.68876,0.397923,-0.4,0.2,1,139.363,1.88621e+07,3.86637,2.29876,0,0.118245,-0.143911,nan,0.000355,nan,nan,nan,nan,-0.0125707,-0.0500116,-0.0201134,nan,-0.203175,0,-0.0212318,-0.361644,nan
1536,88.0713,1000,0.0929438,0.208333,0,0.06541,0.178777,0.187946,-0.0122513,7.00617,1e-05,0.0199122,0.452871,11583.3,0.718603,0.342234,-0.4,0.2,1,140.426,1.88744e+07,3.91169,2.35615,0,0.113744,-0.145354,nan,-0.0001,nan,nan,nan,nan,-0.011279,-0.0455208,-0.0190925,nan,-0.200627,0,-0.0187299,-0.361088,nan
1537,73.5971,752.222,0.090236,0.25,0.125,0.0674666,0.181684,0.236188,-0.00676022,7.0058,3.375e-05,0.0144517,0.452856,11987,0.702755,0.322354,-0.4,0.2,1,141.453,1.88867e+07,2.93546,1.77288,0,0.104424,-0.111131,nan,-0.000375556,nan,nan,nan,nan,-0.0107654,-0.042696,-0.0177534,nan,-0.152969,0,-0.0185483,-0.276015,nan
1538,69.6076,767.667,0.0941243,0.166667,0.0833333,0.0649209,0.17641,0.235672,-0.00700155,7.00429,1e-05,0.0161459,0.452778,13679.3,0.637552,0.260738,-0.4,0.2,1,142.352,1.88989e+07,2.82418,1.80816,0,0.0995199,-0.114444,nan,0.000563333,nan,nan,nan,nan,-0.0110619,-0.0428057,-0.016474,nan,-0.154806,0,-0.0213898,-0.291911,nan
1539,94.4912,971.125,0.092434,0.25,0.0833333,0.0666614,0.18129,0.202705,-0.00292003,7.00275,1e-05,0.0183017,0.452722,14296.9,0.604501,0.254984,-0.4,0.2,1,143.213,1.89112e+07,3.80358,2.25539,0,0.131769,-0.144797,nan,0.0002575,nan,nan,nan,nan,-0.0140741,-0.0561054,-0.02168,nan,-0.195762,0,-0.0126891,-0.350586,nan
1540,77.8756,816.714,0.0935388,0.208333,0.0833333,0.064406,0.182702,0.26409,-0.00837224,7.00161,0.000113906,0.0151608,0.452687,12516.7,0.618533,0.363195,-0.4,0.2,1,144.196,1.89235e+07,3.14041,1.87255,0,0.111941,-0.122681,nan,-0.000428571,nan,nan,nan,nan,-0.012423,-0.0498143,-0.0203595,nan,-0.163979,0,-0.0192953,-0.2954,nan
1541,100.008,1000,0.0922946,0.125,0,0.0652579,0.182169,0.169268,-0.0150271,6.99606,7.59375e-05,0.0169877,0.45238,10562.6,0.740773,0.422575,-0.4,0.2,1,145.361,1.89358e+07,3.95655,2.35449,0,0.139206,-0.152537,nan,-0.0012,nan,nan,nan,nan,-0.0146165,-0.0601991,-0.0247297,nan,-0.200709,0,-0.0101877,-0.361137,nan
1542,89.5506,1000,0.092472,0.208333,0,0.0666075,0.18088,0.181787,-0.0141716,6.99067,7.59375e-05,0.0106117,0.452257,11666.9,0.702729,0.350508,-0.4,0.2,1,146.416,1.89481e+07,3.73741,2.36312,0,0.122181,-0.155583,nan,-0.000172,nan,nan,nan,nan,-0.0137116,-0.0564295,-0.0223181,nan,-0.200731,0,-0.0382742,-0.359071,nan
1543,90.6465,927.25,0.0940397,0.291667,0.0416667,0.0646644,0.175172,0.233212,-0.0109973,6.98877,2.25e-05,0.0164397,0.452199,12569,0.695067,0.282577,-0.4,0.2,1,147.395,1.89604e+07,3.54697,2.13817,0,0.135684,-0.144026,nan,-0.000675,nan,nan,nan,nan,-0.0141432,-0.0589602,-0.0239491,nan,-0.18808,0,-0.0207342,-0.332464,nan
1544,73.7579,798.5,0.0967825,0.291667,0.125,0.0620025,0.177741,0.162041,-0.0086257,6.98677,1e-05,0.0183237,0.452106,14007,0.632916,0.244362,-0.4,0.2,1,148.273,1.89727e+07,3.0127,1.86234,0,0.10672,-0.122303,nan,-0.001158,nan,nan,nan,nan,-0.0112537,-0.0461551,-0.0183513,nan,-0.160292,0,-0.016661,-0.28652,nan
1545,89.5963,1000,0.0940721,0.25,0,0.0655908,0.175767,0.217398,-0.0099853,6.98342,0.000113906,0.0149433,0.451876,11468.8,0.670277,0.401147,-0.4,0.2,1,149.346,1.8985e+07,3.92158,2.36867,0,0.111961,-0.157006,nan,-0.000456667,nan,nan,nan,nan,-0.0112955,-0.0457154,-0.0189666,nan,-0.202344,0,-0.0157164,-0.362586,nan
1546,84.7903,902.75,0.0945028,0.0833333,0.0833333,0.0649397,0.176296,0.167683,-0.0131844,6.97559,5.0625e-05,0.015444,0.451676,10679.6,0.755905,0.394699,-0.4,0.2,1,150.498,1.89972e+07,3.56926,2.08217,0,0.114196,-0.142722,nan,-0.001995,nan,nan,nan,nan,-0.0120806,-0.0473361,-0.0195895,nan,-0.184354,0,-0.0117223,-0.322623,nan
1547,81.0671,904,0.0952862,0.166667,0.0416667,0.0647986,0.181804,0.197021,-0.0110059,6.97672,1.5e-05,0.0180527,0.451728,11416.3,0.696925,0.379429,-0.4,0.2,1,151.576,1.90095e+07,3.40337,2.08607,0,0.108603,-0.140686,nan,-0.001848,nan,nan,nan,nan,-0.0118493,-0.0481075,-0.0211883,nan,-0.184051,0,-0.0152644,-0.325364,nan
1548,92.0476,1000,0.0954157,0.125,0,0.063876,0.178378,0.134236,-0.0128142,6.97521,0.000170859,0.0171055,0.451525,12734.8,0.664713,0.300204,-0.4,0.2,1,152.542,1.90218e+07,3.9951,2.3571,0,0.121301,-0.154718,nan,6e-05,nan,nan,nan,nan,-0.0108096,-0.0458704,-0.0167555,nan,-0.201543,0,-0.00950163,-0.366733,nan
1549,97.8689,1000,0.0955145,0.166667,0,0.0645023,0.172817,0.155887,-0.0084676,6.96534,2.25e-05,0.0165041,0.451229,12617.4,0.600256,0.373634,-0.4,0.2,1,153.518,1.90341e+07,3.86897,2.25523,0,0.146439,-0.151782,nan,-0.000795,nan,nan,nan,nan,-0.0150556,-0.0620131,-0.0248868,nan,-0.199003,0,-0.0146602,-0.351599,nan
1550,81.2835,841.2,0.0946958,0.125,0.0833333,0.0653227,0.17258,0.239115,-0.00785457,6.96133,1e-05,0.0208211,0.451148,11009.5,0.741478,0.374648,-0.4,0.2,1,154.635,1.90464e+07,3.38411,1.98834,0,0.111011,-0.129144,nan,-0.000324,nan,nan,nan,nan,-0.0112128,-0.0461762,-0.0169451,nan,-0.169407,0,-0.0114633,-0.306466,nan
1551,85.1858,1000,0.0956621,0.0416667,0,0.0648707,0.176354,0.172038,-0.010888,6.95939,5.0625e-05,0.0142934,0.451065,11255.9,0.713389,0.378309,-0.4,0.2,1,155.729,1.90587e+07,3.65842,2.33772,0,0.11611,-0.154697,nan,-0.00144,nan,nan,nan,nan,-0.0118924,-0.0525683,-0.0213662,nan,-0.199885,0,-0.0187931,-0.35229,nan
1552,81.6217,960.111,0.0939924,0.333333,0.0416667,0.0660309,0.174317,0.186021,-0.00542646,6.95713,1e-05,0.0175486,0.451033,11835.9,0.720354,0.317839,-0.4,0.2,1,156.769,1.9071e+07,3.72931,2.27418,0,0.0962531,-0.147828,nan,0.000282222,nan,nan,nan,nan,-0.0100398,-0.0404422,-0.0159032,nan,-0.192021,0,-0.0191676,-0.343901,nan
1553,80.7091,870.111,0.0961515,0.208333,0.166667,0.0641188,0.17524,0.231416,-0.00590295,6.95666,1e-05,0.0200113,0.450996,12914.6,0.658348,0.293134,-0.4,0.2,1,157.722,1.90833e+07,3.32759,2.0295,0,0.11545,-0.13131,nan,-0.00343333,nan,nan,nan,nan,-0.0116427,-0.0493038,-0.0189291,nan,-0.173345,0,-0.00855284,-0.308403,nan
1554,64.8888,698,0.0966276,0.0416667,0.0833333,0.0641384,0.173037,0.223007,-0.00949256,6.95486,0.000113906,0.0112866,0.450817,14932.3,0.57931,0.243602,-0.4,0.2,1,158.546,1.90956e+07,2.66527,1.65456,0,0.0923682,-0.105366,nan,-0.00102,nan,nan,nan,nan,-0.00842372,-0.0355432,-0.0147026,nan,-0.140585,0,-0.00820855,-0.24311,nan
1555,88.7486,990.833,0.092626,0.208333,0.0416667,0.0670784,0.176517,0.202911,-0.0118127,6.94835,5.0625e-05,0.014306,0.450562,11389.7,0.70017,0.378696,-0.4,0.2,1,159.626,1.91078e+07,3.69744,2.33841,0,0.121681,-0.15545,nan,0.000523333,nan,nan,nan,nan,-0.0126696,-0.0510113,-0.0205043,nan,-0.201892,0,-0.0277097,-0.359782,nan
1556,89.9603,956,0.0953028,0.208333,0.0416667,0.0641141,0.182265,0.208005,-0.0102727,6.94719,5.0625e-05,0.0130977,0.450584,11159.7,0.731186,0.369919,-0.4,0.2,1,160.729,1.91201e+07,3.79139,2.23272,0,0.127549,-0.145599,nan,-0.00183667,nan,nan,nan,nan,-0.0119746,-0.051687,-0.0202695,nan,-0.19125,0,-0.0160284,-0.344865,nan
1557,75.0134,788,0.0953969,0.0833333,0.0833333,0.0655111,0.177108,0.167027,-0.00976283,6.94652,1e-05,0.0191611,0.450578,11578.9,0.707681,0.353558,-0.4,0.2,1,161.792,1.91324e+07,3.02955,1.87737,0,0.10261,-0.118801,nan,-0.0028,nan,nan,nan,nan,-0.0106072,-0.0440768,-0.0174557,nan,-0.158258,0,-0.0116676,-0.268974,nan
1558,82.63,873.4,0.096338,0.125,0.0833333,0.0646407,0.16936,0.169303,-0.00733762,6.9455,1e-05,0.0213684,0.450553,13414.5,0.642488,0.273534,-0.4,0.2,1,162.71,1.91447e+07,3.42903,2.0065,0,0.11949,-0.133457,nan,0.000312,nan,nan,nan,nan,-0.0128015,-0.0512056,-0.0198103,nan,-0.17705,0,-0.0234018,-0.316179,nan
1559,102.098,1000,0.0966895,0.125,0,0.0646212,0.17436,0.17648,-0.00728632,6.94463,1e-05,0.0195146,0.450531,14992.2,0.577584,0.242044,-0.4,0.2,1,163.531,1.9157e+07,3.97717,2.40503,0,0.141481,-0.155585,nan,0.000233333,nan,nan,nan,nan,-0.015746,-0.0608689,-0.0251048,nan,-0.20057,0,-0.0274124,-0.354679,nan
1560,87.3675,955.5,0.0942361,0.125,0.0416667,0.0667454,0.183253,0.154728,-0.0104645,6.94245,7.59375e-05,0.0130649,0.450346,11489.2,0.702063,0.367462,-0.4,0.2,1,164.601,1.91693e+07,3.77593,2.18083,0,0.119488,-0.144108,nan,-0.003405,nan,nan,nan,nan,-0.0115185,-0.0470446,-0.0205579,nan,-0.193255,0,-0.00879021,-0.331417,nan
1561,68.5312,756.714,0.095004,0.166667,0.125,0.0645038,0.181216,0.294857,-0.00368351,6.93664,1e-05,0.022178,0.450176,11331.9,0.731541,0.35283,-0.4,0.2,1,165.687,1.91816e+07,2.84681,1.79698,0,0.0934902,-0.115572,nan,-0.000554286,nan,nan,nan,nan,-0.00916365,-0.0370443,-0.0151345,nan,-0.151076,0,-0.0180775,-0.270313,nan
1562,89.4008,949,0.0958386,0.208333,0.0416667,0.06407,0.186124,0.148557,-0.00889098,6.93381,2.25e-05,0.0166058,0.450036,10906.1,0.726644,0.40006,-0.4,0.2,1,166.815,1.91939e+07,3.64447,2.18864,0,0.130869,-0.142587,nan,-0.00141667,nan,nan,nan,nan,-0.0134663,-0.0546064,-0.0222297,nan,-0.189471,0,-0.0153181,-0.337412,nan
1563,87.598,966,0.0961281,0.0833333,0.0416667,0.0647041,0.177349,0.220919,-0.00725131,6.92926,2.25e-05,0.0156172,0.449892,13155.5,0.656018,0.278041,-0.4,0.2,1,167.751,1.92061e+07,3.8074,2.32827,0,0.112564,-0.14503,nan,-0.00213333,nan,nan,nan,nan,-0.0106095,-0.0463821,-0.0172691,nan,-0.191544,0,-0.0105125,-0.345326,nan
1564,96.0896,985.2,0.0949243,0.166667,0.0416667,0.0656684,0.181395,0.231119,-0.00666185,6.92668,7.59375e-05,0.0103114,0.449798,14968.2,0.579542,0.241398,-0.4,0.2,1,168.573,1.92184e+07,3.891,2.2872,0,0.140871,-0.148234,nan,-0.001188,nan,nan,nan,nan,-0.0136844,-0.0566409,-0.0238646,nan,-0.197595,0,-0.0211866,-0.343358,nan
1565,94.7579,980.8,0.0960655,0.166667,0.0416667,0.0649788,0.18461,0.147592,-0.0135504,6.92299,0.000170859,0.0187316,0.449628,11495.9,0.698176,0.370723,-0.4,0.2,1,169.643,1.92307e+07,3.86708,2.28061,0,0.135264,-0.147763,nan,-0.000916,nan,nan,nan,nan,-0.0132893,-0.0541759,-0.0203113,nan,-0.197022,0,-0.00711068,-0.351192,nan
1566,99.9378,1000,0.0962229,0.125,0,0.0643009,0.179754,0.13915,-0.0119705,6.91828,2.25e-05,0.0150813,0.449528,11244.8,0.729894,0.362876,-0.4,0.2,1,170.737,1.9243e+07,3.91071,2.38578,0,0.141583,-0.150911,nan,-0.00287333,nan,nan,nan,nan,-0.0153201,-0.0630942,-0.0253162,nan,-0.199838,0,-0.0217329,-0.346768,nan
1567,94.1968,998.645,0.0961317,10.3333,0.125,0.0623759,0.180708,0.191927,-0.0102797,6.91626,0.000170859,0.0173815,0.449386,10720.1,0.755147,0.391111,-0.4,0.2,1,171.885,1.92553e+07,3.93206,2.33336,0,0.129302,-0.150314,nan,-0.00128614,nan,nan,nan,nan,-0.012632,-0.0524335,-0.0208386,nan,-0.199376,0,-0.0150279,-0.353856,nan
1568,90.0655,996.455,0.0955845,0.416667,0.0416667,0.0636848,0.179091,0.145392,-0.00556376,6.90975,1e-05,0.0213139,0.44919,13587.7,0.650315,0.254031,-0.4,0.2,1,172.791,1.92676e+07,3.95368,2.31798,0,0.115773,-0.148756,nan,-0.00174364,nan,nan,nan,nan,-0.0106758,-0.0452655,-0.0184086,nan,-0.199193,0,-0.0108379,-0.350353,nan
1569,93.5435,1000,0.0962846,0.875,0,0.0647116,0.173988,0.126446,-0.0087597,6.90624,3.375e-05,0.0166256,0.44904,14582.3,0.590885,0.251781,-0.4,0.2,1,173.635,1.92799e+07,3.94485,2.32663,0,0.129867,-0.150843,nan,-0.0012,nan,nan,nan,nan,-0.0127701,-0.0534897,-0.0212424,nan,-0.200228,0,-0.0143983,-0.354543,nan
1570,92.9498,948.5,0.097155,0.708333,0.0416667,0.0646083,0.172472,0.144443,-0.0104799,6.90139,5.0625e-05,0.0113042,0.448889,10988.6,0.717225,0.40102,-0.4,0.2,1,174.755,1.92922e+07,3.80299,2.21489,0,0.12849,-0.142156,nan,-0.00196,nan,nan,nan,nan,-0.0126498,-0.053249,-0.0211964,nan,-0.188361,0,-0.015128,-0.327574,nan
1571,101.501,1000,0.0994671,0.333333,0,0.0625693,0.173825,0.128026,-0.0118603,6.89592,7.59375e-05,0.0118318,0.448698,11227.6,0.742725,0.351721,-0.4,0.2,1,175.851,1.93044e+07,3.90016,2.27242,0,0.148438,-0.152129,nan,-0.00085,nan,nan,nan,nan,-0.0156082,-0.0646125,-0.0264318,nan,-0.200758,0,-0.0206838,-0.347768,nan
1572,85.4077,912.5,0.0994662,0.375,0.0416667,0.0623464,0.16944,0.1251,-0.00623667,6.89102,1e-05,0.0217077,0.448569,11968.3,0.695881,0.330835,-0.4,0.2,1,176.879,1.93167e+07,3.56579,2.10121,0,0.117674,-0.136495,nan,-0.000736,nan,nan,nan,nan,-0.0121132,-0.0494404,-0.0190939,nan,-0.182393,0,-0.0247026,-0.327746,nan
1573,90.1465,942.8,0.0962549,0.333333,0.0833333,0.0647939,0.176176,0.184675,-0.00768022,6.88991,5.0625e-05,0.0123137,0.448537,13590,0.650355,0.253838,-0.4,0.2,1,177.785,1.9329e+07,3.64601,2.2069,0,0.130908,-0.141718,nan,-0.001052,nan,nan,nan,nan,-0.0123154,-0.0508049,-0.0205812,nan,-0.188053,0,-0.00904559,-0.330293,nan
1574,79.271,862.667,0.0968448,0.208333,0.0416667,0.0654787,0.17887,0.16317,-0.00953212,6.88927,2.25e-05,0.0138563,0.448466,14830.7,0.58426,0.244289,-0.4,0.2,1,178.615,1.93413e+07,3.28066,2.00073,0,0.108668,-0.127991,nan,-0.000543333,nan,nan,nan,nan,-0.0116442,-0.0463134,-0.0186061,nan,-0.171297,0,-0.0199762,-0.309001,nan
1575,79.7074,817.231,0.0981057,0.416667,0.125,0.0638434,0.173923,0.285561,-0.00579413,6.88753,1e-05,0.0187065,0.44837,14792.9,0.583225,0.247445,-0.4,0.2,1,179.447,1.93536e+07,3.18656,1.89057,0,0.112353,-0.122724,nan,-0.000918462,nan,nan,nan,nan,-0.0118468,-0.0486156,-0.0197155,nan,-0.163399,0,-0.0195029,-0.287591,nan
1576,86.4202,896.25,0.0971103,0.291667,0.0416667,0.0659183,0.176781,0.192028,-0.00835913,6.88622,3.375e-05,0.014064,0.44833,14738.5,0.586298,0.247435,-0.4,0.2,1,180.282,1.93659e+07,3.41195,2.12105,0,0.1232,-0.135204,nan,-9.5e-05,nan,nan,nan,nan,-0.0128638,-0.0525721,-0.0213201,nan,-0.178172,0,-0.011477,-0.313345,nan
1577,81.706,845.6,0.0975537,0.166667,0.0416667,0.0664411,0.173633,0.164088,-0.0121891,6.88184,0.000170859,0.0147922,0.447942,14301,0.588362,0.27088,-0.4,0.2,1,181.142,1.93782e+07,3.54553,1.99558,0,0.101796,-0.126966,nan,-0.001556,nan,nan,nan,nan,-0.00882525,-0.0372859,-0.0152295,nan,-0.168539,0,-0.00270265,-0.292355,nan
1578,84.4109,877.167,0.0969132,0.208333,0.0416667,0.0659597,0.173804,0.197299,-0.0139882,6.86799,7.59375e-05,0.0151364,0.447474,14724.9,0.588098,0.246405,-0.4,0.2,1,181.978,1.93905e+07,3.46351,2.0783,0,0.116858,-0.131379,nan,-0.00198,nan,nan,nan,nan,-0.0112435,-0.0472632,-0.0189252,nan,-0.175081,0,-0.0101933,-0.304715,nan
1579,86.0282,876.182,0.0975012,0.375,0.0833333,0.065344,0.174607,0.218194,-0.0106188,6.85966,1.5e-05,0.0178972,0.447254,14741.8,0.586864,0.246682,-0.4,0.2,1,182.813,1.94028e+07,3.44264,2.03117,0,0.127234,-0.131151,nan,-0.000463636,nan,nan,nan,nan,-0.012541,-0.0515424,-0.0194916,nan,-0.174644,0,-0.012809,-0.309338,nan
1580,103.381,1000,0.0969558,0.291667,0,0.0657084,0.178188,0.239661,-0.0120806,6.85569,0.000170859,0.0195087,0.447151,13570.7,0.641528,0.263955,-0.4,0.2,1,183.72,1.9415e+07,4.01834,2.31558,0,0.154513,-0.150314,nan,-0.00199714,nan,nan,nan,nan,-0.0150931,-0.0637328,-0.025556,nan,-0.20023,0,-0.010742,-0.347567,nan
1581,79.2103,843.5,0.0966083,0.166667,0.0833333,0.0652009,0.180974,0.246258,-0.00957808,6.85456,1.5e-05,0.016991,0.447172,13644.3,0.627603,0.272996,-0.4,0.2,1,184.622,1.94273e+07,3.37884,2.02335,0,0.10312,-0.124656,nan,-0.00022,nan,nan,nan,nan,-0.00915608,-0.0389396,-0.0142619,nan,-0.167644,0,-0.0083382,-0.300097,nan
1582,81.9491,820.182,0.0938302,0.333333,0.125,0.0682215,0.178575,0.222522,-0.00858536,6.85335,1e-05,0.0196391,0.447067,10692.9,0.887384,0.26179,-0.4,0.2,1,185.773,1.94396e+07,3.17132,1.90231,0,0.117841,-0.122336,nan,-0.00036,nan,nan,nan,nan,-0.0125754,-0.049548,-0.0198794,nan,-0.164352,0,-0.0145631,-0.293362,nan
1583,72.2896,748.8,0.094123,0.125,0.0833333,0.0673584,0.180199,0.318091,-0.00850655,6.85133,0.000113906,0.0128563,0.446995,14515.7,0.598157,0.248377,-0.4,0.2,1,186.621,1.94519e+07,2.87945,1.74351,0,0.0994571,-0.111329,nan,-0.00226,nan,nan,nan,nan,-0.0103459,-0.0450587,-0.0179021,nan,-0.148938,0,-0.0126289,-0.257171,nan
1584,63.961,688.25,0.0949702,0.125,0.208333,0.0655836,0.178896,0.197255,-0.00918173,6.84836,1.5e-05,0.0158776,0.446862,14814.5,0.579749,0.249711,-0.4,0.2,1,187.452,1.94642e+07,2.65824,1.54307,0,0.0949604,-0.10371,nan,-0.0009275,nan,nan,nan,nan,-0.00950113,-0.0379951,-0.0154225,nan,-0.138234,0,-0.0141048,-0.244935,nan
1585,100.766,1000,0.0964365,0.416667,0,0.0635271,0.172339,0.159834,-0.0083143,6.84488,1e-05,0.0185686,0.446694,14407.2,0.577301,0.275604,-0.4,0.2,1,188.306,1.94765e+07,4.01851,2.34072,0,0.144995,-0.148646,nan,-0.001948,nan,nan,nan,nan,-0.0138148,-0.0592224,-0.0229,nan,-0.199431,0,-0.00954266,-0.339552,nan
1586,83.2847,892.545,0.0962239,0.333333,0.125,0.0638245,0.178315,0.190257,-0.0083665,6.84187,0.000113906,0.014579,0.446598,13909.2,0.623831,0.259616,-0.4,0.2,1,189.191,1.94888e+07,3.42684,2.06721,0,0.121789,-0.133879,nan,-0.00131273,nan,nan,nan,nan,-0.0120453,-0.0510045,-0.0199861,nan,-0.178714,0,-0.00765482,-0.315294,nan
1587,96.0515,1000,0.0923766,0.125,0,0.0667049,0.180042,0.150554,-0.0127248,6.83854,7.59375e-05,0.0120287,0.446475,14509.9,0.596219,0.250651,-0.4,0.2,1,190.039,1.95011e+07,3.84007,2.37778,0,0.136455,-0.148967,nan,-0.000413333,nan,nan,nan,nan,-0.0142614,-0.0578616,-0.0228316,nan,-0.200146,0,-0.00748596,-0.348847,nan
1588,94.7952,910.667,0.0962922,0.208333,0.0416667,0.0647194,0.17861,0.204637,-0.011258,6.83572,1e-05,0.0188795,0.446421,14814.6,0.586058,0.243396,-0.4,0.2,1,190.87,1.95133e+07,3.65408,2.11205,0,0.13775,-0.135957,nan,-0.00132333,nan,nan,nan,nan,-0.0135833,-0.0580856,-0.0222816,nan,-0.178432,0,-0.0113718,-0.315454,nan
1589,84.292,919.833,0.0960692,0.208333,0.0416667,0.0627662,0.181851,0.177174,-0.00567591,6.83538,1e-05,0.0195494,0.446453,14496.7,0.599968,0.247673,-0.4,0.2,1,191.719,1.95256e+07,3.55534,2.14105,0,0.120062,-0.136652,nan,-0.00111,nan,nan,nan,nan,-0.0110766,-0.0469477,-0.0181772,nan,-0.18279,0,-0.0085952,-0.320025,nan
1590,80.4074,772,0.0965651,0.0416667,0.0416667,0.0630884,0.182112,0.204646,-0.00925756,6.83555,0.000113906,0.0121889,0.446443,14858.6,0.586361,0.240634,-0.4,0.2,1,192.547,1.95379e+07,3.04351,1.79986,0,0.127787,-0.115781,nan,-0.0025,nan,nan,nan,nan,-0.0117502,-0.0508162,-0.0205758,nan,-0.154292,0,-0.00118491,-0.269219,nan
1591,99.6299,1000,0.0958439,0.208333,0,0.0644687,0.180499,0.18575,-0.0107616,6.83279,0.000256289,0.016535,0.44627,14710.9,0.592844,0.242455,-0.4,0.2,1,193.384,1.95502e+07,3.99291,2.36983,0,0.138651,-0.14945,nan,-0.00148,nan,nan,nan,nan,-0.0135418,-0.0563115,-0.0222769,nan,-0.198854,0,-0.0110321,-0.354425,nan
1592,82.8954,884.75,0.0947661,0.125,0.0416667,0.0655975,0.174106,0.142685,-0.0150541,6.82571,5.0625e-05,0.0117706,0.446082,14735,0.587343,0.246591,-0.4,0.2,1,194.219,1.95625e+07,3.33018,2.12277,0,0.110258,-0.132039,nan,0.00124,nan,nan,nan,nan,-0.0124928,-0.0484509,-0.0189483,nan,-0.175587,0,-0.0204015,-0.30711,nan
1593,90.8353,1000,0.0947857,0.0833333,0,0.0659785,0.17271,0.164582,-0.0112532,6.82331,2.25e-05,0.0131475,0.445978,12902.7,0.593036,0.359323,-0.4,0.2,1,195.172,1.95748e+07,3.55682,2.25402,0,0.14457,-0.150814,nan,0.00135,nan,nan,nan,nan,-0.0138998,-0.057118,-0.0226531,nan,-0.200746,0,-0.0158645,-0.350971,nan
1594,85.465,885.538,0.0967587,0.416667,0.125,0.064688,0.175618,0.335665,-0.00883068,6.82273,1e-05,0.0194444,0.445976,10866,0.712553,0.418312,-0.4,0.2,1,196.31,1.95871e+07,3.50405,2.09415,0,0.118494,-0.132007,nan,-0.0018,nan,nan,nan,nan,-0.0113108,-0.0480327,-0.0189807,nan,-0.176243,0,-0.00915579,-0.31079,nan
1595,91.6675,932.6,0.0963879,0.333333,0.0833333,0.0661891,0.175407,0.193636,-0.00824276,6.82259,2.25e-05,0.01609,0.445948,11987.6,0.688298,0.336758,-0.4,0.2,1,197.336,1.95994e+07,3.70506,2.15878,0,0.126878,-0.139688,nan,-0.000324,nan,nan,nan,nan,-0.0127723,-0.0515603,-0.0208962,nan,-0.185491,0,-0.0129838,-0.322442,nan
1596,83.7248,865.333,0.0959713,0.208333,0.0416667,0.0640275,0.176594,0.181541,-0.00837952,6.81967,5.0625e-05,0.0116195,0.445766,11512.6,0.760569,0.306782,-0.4,0.2,1,198.405,1.96116e+07,3.39211,2.06128,0,0.118606,-0.130222,nan,0.00023,nan,nan,nan,nan,-0.0122855,-0.0511439,-0.0199229,nan,-0.173361,0,-0.0196457,-0.304275,nan
1597,93.1388,1000,0.0957778,0.125,0,0.0652316,0.172322,0.237146,-0.00746232,6.81456,1e-05,0.0177389,0.445605,11659.6,0.694957,0.35894,-0.4,0.2,1,199.461,1.96239e+07,3.89529,2.33554,0,0.123126,-0.148851,nan,0.000273333,nan,nan,nan,nan,-0.0115071,-0.047714,-0.0194025,nan,-0.200277,0,-0.00800723,-0.346609,nan
1598,85.2278,876.3,0.0950263,0.333333,0.0833333,0.06494,0.176534,0.199582,-0.00949136,6.81334,0.000113906,0.0141762,0.445551,11311.8,0.716056,0.370244,-0.4,0.2,1,200.548,1.96362e+07,3.40219,2.04891,0,0.124174,-0.130674,nan,-0.001132,nan,nan,nan,nan,-0.0116978,-0.0490625,-0.0190467,nan,-0.173355,0,-0.00517259,-0.291339,nan
1599,84.4022,938.25,0.0963077,0.125,0.0416667,0.0645911,0.177005,0.182697,-0.0116424,6.80866,0.000113906,0.0126034,0.445399,10380,0.749503,0.434317,-0.4,0.2,1,201.734,1.96485e+07,3.53365,2.05717,0,0.12049,-0.140595,nan,0.000955,nan,nan,nan,nan,-0.0120297,-0.0476388,-0.0189428,nan,-0.185885,0,-0.00802075,-0.338631,nan
1600,81.8919,839.8,0.0958979,0.166667,0.0416667,0.0638373,0.172559,0.171664,-0.0110197,6.80123,1e-05,0.017832,0.445121,11334.1,0.717709,0.366457,-0.4,0.2,1,202.819,1.96608e+07,3.41384,1.94386,0,0.109518,-0.125331,nan,-0.000852,nan,nan,nan,nan,-0.0107146,-0.0439541,-0.0171181,nan,-0.166397,0,-0.0139957,-0.290431,nan
1601,98.7028,941.333,0.0957804,0.0833333,0.0416667,0.0654428,0.170526,0.218338,-0.00803372,6.79652,1e-05,0.019432,0.444951,11167.2,0.683616,0.416752,-0.4,0.2,1,206.045,1.96731e+07,3.73161,2.25437,0,0.152254,-0.140279,nan,-0.00169333,nan,nan,nan,nan,-0.0147564,-0.0629088,-0.0255244,nan,-0.18851,0,-0.0167157,-0.325601,nan
1602,92.6624,978.286,0.094791,0.25,0.0416667,0.0654817,0.178894,0.208,-0.00661617,6.79448,1.5e-05,0.0170414,0.444931,11341.2,0.708097,0.375389,-0.4,0.2,1,207.13,1.96854e+07,3.76003,2.30498,0,0.128411,-0.145956,nan,-0.000482857,nan,nan,nan,nan,-0.0129766,-0.0542201,-0.0220166,nan,-0.195083,0,-0.0184998,-0.338114,nan
1603,84.3417,874.857,0.0936798,0.166667,0.125,0.0664761,0.174609,0.229106,-0.00902678,6.79445,0.000113906,0.015101,0.444952,10809.5,0.747317,0.389462,-0.4,0.2,1,208.269,1.96977e+07,3.36949,2.04703,0,0.122317,-0.12948,nan,0.00109429,nan,nan,nan,nan,-0.0126407,-0.0501853,-0.0197356,nan,-0.175131,0,-0.0186551,-0.314629,nan
1604,97.512,977.333,0.0950915,0.208333,0.0416667,0.0647873,0.180792,0.210435,-0.0127224,6.79376,1e-05,0.0200809,0.444955,11593.7,0.744348,0.315538,-0.4,0.2,1,209.33,1.971e+07,3.87708,2.3123,0,0.134824,-0.14439,nan,-0.000983333,nan,nan,nan,nan,-0.0122519,-0.051267,-0.0207776,nan,-0.192152,0,-0.0114839,-0.343075,nan
1605,95.4142,915.5,0.0956591,0.0833333,0.0833333,0.0653252,0.171751,0.218608,-0.00817779,6.7917,2.25e-05,0.0173717,0.444805,11159.8,0.688636,0.412459,-0.4,0.2,1,210.432,1.97222e+07,3.64499,2.10778,0,0.145005,-0.136987,nan,-3.5e-05,nan,nan,nan,nan,-0.014899,-0.0611886,-0.0242197,nan,-0.18201,0,-0.0227734,-0.324715,nan
1606,88.2944,947.2,0.0983237,0.291667,0.125,0.0651321,0.170046,0.218391,-0.00980471,6.78818,7.59375e-05,0.0128804,0.444699,10935.2,0.755785,0.367924,-0.4,0.2,1,211.558,1.97345e+07,3.70515,2.20122,0,0.1188,-0.141684,nan,-0.000184,nan,nan,nan,nan,-0.0117235,-0.0482479,-0.0191715,nan,-0.188873,0,-0.0205605,-0.329834,nan
1607,87.1526,1000,0.0976492,0.125,0,0.0645849,0.174619,0.147689,-0.014693,6.7841,0.000256289,0.0179359,0.444501,10425.2,0.816623,0.36206,-0.4,0.2,1,212.738,1.97468e+07,3.85229,2.29755,0,0.102616,-0.151519,nan,0.00154667,nan,nan,nan,nan,-0.0108756,-0.042701,-0.0169055,nan,-0.200282,0,-0.0159471,-0.353896,nan
1608,93.838,1000,0.0974561,0.25,0,0.0647108,0.175267,0.193535,-0.0100548,6.77671,3.375e-05,0.0127687,0.444319,11045.3,0.729787,0.382721,-0.4,0.2,1,213.852,1.97591e+07,3.94799,2.36697,0,0.11978,-0.148754,nan,0.000256667,nan,nan,nan,nan,-0.0122701,-0.0509516,-0.0198793,nan,-0.197317,0,-0.0344357,-0.352785,nan
1609,96.0946,999.545,0.0970953,9.16667,0.0833333,0.0618706,0.174807,0.125998,-0.00841625,6.77351,1e-05,0.0208329,0.444181,10089.3,0.828191,0.389735,-0.4,0.2,1,215.072,1.97714e+07,3.92857,2.33693,0,0.133803,-0.148746,nan,-0.000619279,nan,nan,nan,nan,-0.0127212,-0.0533546,-0.0211515,nan,-0.198918,0,-0.0128966,-0.348562,nan
1610,99.8263,1000,0.0998256,0.541667,0,0.0621141,0.17392,0.101552,-0.00725672,6.77038,0.000113906,0.0107121,0.443962,11092.7,0.741614,0.366145,-0.4,0.2,1,216.181,1.97837e+07,3.97146,2.36044,0,0.140645,-0.149435,nan,-0.000166154,nan,nan,nan,nan,-0.0135156,-0.0560539,-0.0216713,nan,-0.198363,0,-0.0147516,-0.352457,nan
1611,96.3937,1000,0.0986548,0.625,0,0.0635107,0.17471,0.114684,-0.0125279,6.75832,7.59375e-05,0.0121155,0.443481,11629.3,0.699687,0.356956,-0.4,0.2,1,217.239,1.9796e+07,3.89571,2.35787,0,0.134331,-0.147667,nan,-0.000848,nan,nan,nan,nan,-0.0128178,-0.0548995,-0.0217178,nan,-0.198624,0,-0.0194541,-0.346821,nan
1612,89.3714,954.412,0.0990061,0.666667,0.0416667,0.0633213,0.171811,0.161821,-0.0101668,6.74796,5.0625e-05,0.0140453,0.443195,11020.6,0.719459,0.395545,-0.4,0.2,1,218.356,1.98083e+07,3.6983,2.25413,0,0.119222,-0.142228,nan,-0.000405882,nan,nan,nan,nan,-0.0115789,-0.0489822,-0.0188457,nan,-0.188644,0,-0.0172331,-0.33537,nan
1613,78.4166,892,0.0999884,0.208333,0.0416667,0.0622136,0.172821,0.131324,-0.00783292,6.74551,2.25e-05,0.0159528,0.443158,10695.6,0.753883,0.394999,-0.4,0.2,1,219.506,1.98205e+07,3.53118,2.13908,0,0.0933961,-0.13153,nan,-0.00132667,nan,nan,nan,nan,-0.00859819,-0.0365174,-0.0144495,nan,-0.176628,0,-0.00983803,-0.309929,nan
1614,90.1751,1000,0.0998273,0.5,0,0.0623981,0.169174,0.144337,-0.00703604,6.74368,1e-05,0.0194229,0.443071,11224.7,0.733752,0.360972,-0.4,0.2,1,220.602,1.98328e+07,3.89174,2.35699,0,0.112233,-0.148441,nan,0.00018,nan,nan,nan,nan,-0.011364,-0.0466291,-0.0184071,nan,-0.198766,0,-0.0195888,-0.347232,nan
1615,82.7565,832.167,0.0988527,0.166667,0.0833333,0.0645441,0.167655,0.200229,-0.010243,6.74198,0.000113906,0.0146212,0.442936,11719.4,0.655269,0.393249,-0.4,0.2,1,221.652,1.98451e+07,3.34278,1.91804,0,0.112592,-0.125012,nan,0.000163333,nan,nan,nan,nan,-0.0115641,-0.0473984,-0.0180884,nan,-0.16621,0,-0.0173316,-0.292531,nan
1616,87.2703,922.556,0.0978453,0.333333,0.0416667,0.0647214,0.17421,0.226701,-0.00675741,6.73487,1e-05,0.0194159,0.442731,10640.1,0.758673,0.396202,-0.4,0.2,1,222.808,1.98574e+07,3.51218,2.12873,0,0.122468,-0.136923,nan,0.000773333,nan,nan,nan,nan,-0.0126339,-0.0508506,-0.0200492,nan,-0.183702,0,-0.0181269,-0.321915,nan
1617,87.6786,887.412,0.0987205,0.583333,0.125,0.0626029,0.172355,0.292448,-0.00612281,6.73166,3.375e-05,0.0158142,0.442617,10702.1,0.751853,0.396329,-0.4,0.2,1,223.958,1.98697e+07,3.53671,2.05706,0,0.120891,-0.13116,nan,0.000171765,nan,nan,nan,nan,-0.0117796,-0.0488228,-0.0190033,nan,-0.17529,0,-0.0179689,-0.309228,nan
1618,85.2731,870.286,0.0971039,0.25,0.0416667,0.0645817,0.173185,0.152605,-0.0120913,6.72543,0.000170859,0.0145594,0.442225,12138.7,0.699088,0.313213,-0.4,0.2,1,224.972,1.9882e+07,3.48423,2.07549,0,0.11661,-0.127932,nan,-0.000465714,nan,nan,nan,nan,-0.0101605,-0.0415835,-0.0152707,nan,-0.171927,0,-0.00595463,-0.299126,nan
1619,87.4101,871.429,0.100194,0.208333,0.0833333,0.0627703,0.171688,0.327741,-0.00445342,6.71823,1e-05,0.0196809,0.442086,11706,0.693599,0.356119,-0.4,0.2,1,226.023,1.98943e+07,3.44913,2.04023,0,0.125001,-0.128138,nan,-0.000745714,nan,nan,nan,nan,-0.0119957,-0.0507733,-0.0197073,nan,-0.173277,0,-0.0122284,-0.294832,nan
1620,89.2997,906,0.0999668,0.375,0.0833333,0.0636012,0.172478,0.171942,-0.00983205,6.71744,0.000113906,0.0113305,0.442052,8220.43,1.0466,0.44821,-0.4,0.2,1,227.519,1.99066e+07,3.59939,2.10222,0,0.127238,-0.133517,nan,-0.00206,nan,nan,nan,nan,-0.0115745,-0.0489642,-0.0189726,nan,-0.178732,0,-0.00543414,-0.311856,nan
1621,95.6582,1000,0.0991977,0.291667,0,0.0637461,0.173346,0.146321,-0.00970612,6.71328,3.375e-05,0.0123223,0.441945,11509.8,0.712308,0.355308,-0.4,0.2,1,228.589,1.99188e+07,4.0017,2.35088,0,0.126333,-0.148583,nan,0.00168286,nan,nan,nan,nan,-0.0123955,-0.0484543,-0.0196471,nan,-0.198009,0,-0.0183279,-0.348549,nan
1622,93.9385,1000,0.0999339,0.291667,0,0.0635113,0.171226,0.159392,-0.0140335,6.71107,0.000113906,0.0139655,0.441903,11354.2,0.6723,0.409941,-0.4,0.2,1,229.672,1.99311e+07,4.06311,2.33744,0,0.117632,-0.148326,nan,-0.00018,nan,nan,nan,nan,-0.010412,-0.0440516,-0.0165353,nan,-0.1985,0,-0.0159985,-0.34505,nan
1623,92.505,906.571,0.0977594,0.25,0.0416667,0.0650599,0.169805,0.169011,-0.00950311,6.70823,7.59375e-05,0.0110964,0.441762,10955.8,0.756245,0.365351,-0.4,0.2,1,230.795,1.99434e+07,3.6334,2.1459,0,0.133623,-0.134583,nan,-0.00103714,nan,nan,nan,nan,-0.0119223,-0.0522145,-0.0196388,nan,-0.17903,0,-0.0107927,-0.310403,nan
1624,99.8782,1000,0.0960619,0.333333,0,0.0660352,0.177135,0.171398,-0.0117471,6.70716,0.000113906,0.0122533,0.441866,11059.7,0.714683,0.39638,-0.4,0.2,1,231.908,1.99557e+07,4.03067,2.36959,0,0.140452,-0.146763,nan,-0.00134,nan,nan,nan,nan,-0.0116615,-0.0513237,-0.0202845,nan,-0.197623,0,-0.00526775,-0.342087,nan
1625,92.094,912.286,0.0977185,0.25,0.0416667,0.065261,0.172974,0.22634,-0.00811203,6.71123,1e-05,0.0194036,0.442046,12826.4,0.657635,0.30039,-0.4,0.2,1,232.868,1.9968e+07,3.58073,2.16601,0,0.125362,-0.134224,nan,0.00108286,nan,nan,nan,nan,-0.0128206,-0.0514995,-0.0207134,nan,-0.180408,0,-0.016389,-0.31509,nan
1626,85.9251,870.333,0.0975124,0.291667,0.0833333,0.0654911,0.17521,0.191687,-0.00762933,6.71266,2.25e-05,0.0159456,0.442079,14149.8,0.606822,0.261599,-0.4,0.2,1,233.738,1.99803e+07,3.45922,2.03595,0,0.120609,-0.130383,nan,-0.000428889,nan,nan,nan,nan,-0.012138,-0.05075,-0.0194244,nan,-0.173122,0,-0.0162098,-0.299389,nan
1627,92.8177,925,0.099043,0.416667,0.0416667,0.064077,0.171176,0.151264,-0.00562535,6.71315,1.5e-05,0.0148086,0.442076,10980.4,0.724185,0.394904,-0.4,0.2,1,234.858,1.99926e+07,3.69008,2.1741,0,0.133133,-0.136792,nan,4.36364e-05,nan,nan,nan,nan,-0.0130065,-0.055793,-0.0208092,nan,-0.184098,0,-0.0161895,-0.317754,nan
1628,74.6021,752.562,0.0995332,0.375,0.291667,0.0626581,0.173549,0.413721,-0.00422852,6.7127,1e-05,0.0216417,0.442042,11051,0.750665,0.361275,-0.4,0.2,1,235.971,2.00049e+07,2.96983,1.77333,0,0.106697,-0.111187,nan,-0.0001,nan,nan,nan,nan,-0.0103817,-0.0426762,-0.0163128,nan,-0.149228,0,-0.0136261,-0.264424,nan
1629,74.524,816.75,0.0987679,0.125,0.0416667,0.063296,0.172253,0.212553,-0.00811051,6.71118,1e-05,0.0202381,0.441935,11170.1,0.710261,0.389815,-0.4,0.2,1,237.073,2.00172e+07,3.01134,1.92836,0,0.097584,-0.122232,nan,0.002555,nan,nan,nan,nan,-0.0112314,-0.041448,-0.017538,nan,-0.163382,0,-0.0199771,-0.288859,nan
1630,71.453,771.25,0.0985526,0.208333,0.125,0.0641025,0.173679,0.222698,-0.00952462,6.70942,0.000113906,0.0134859,0.441851,13087.1,0.672704,0.266233,-0.4,0.2,1,238.013,2.00294e+07,3.00187,1.81945,0,0.100939,-0.112897,nan,-0.0003775,nan,nan,nan,nan,-0.0096655,-0.0386289,-0.0154756,nan,-0.15231,0,-0.0140012,-0.273625,nan
1631,97.3673,1000,0.0969734,0.208333,0,0.0636575,0.172497,0.149019,-0.0155138,6.70664,0.000170859,0.0171952,0.441549,11325,0.668582,0.416447,-0.4,0.2,1,239.099,2.00417e+07,4.09167,2.34129,0,0.124972,-0.14662,nan,-0.001568,nan,nan,nan,nan,-0.010929,-0.0469325,-0.0182083,nan,-0.197419,0,-0.00575525,-0.342623,nan
1632,99.9379,930.25,0.0993622,0.125,0.0416667,0.0625234,0.169997,0.179676,-0.0152109,6.69477,0.000113906,0.0197791,0.441012,10873.7,0.764086,0.365983,-0.4,0.2,1,240.231,2.0054e+07,3.62452,2.20242,0,0.144564,-0.135906,nan,0.001585,nan,nan,nan,nan,-0.014342,-0.0586678,-0.0215987,nan,-0.184702,0,-0.0188737,-0.324379,nan
1633,84.5088,889.2,0.0982782,0.125,0.0833333,0.0636091,0.173219,0.273496,-0.0129446,6.68682,0.000113906,0.0137986,0.440936,11547.9,0.704779,0.359312,-0.4,0.2,1,241.296,2.00663e+07,3.41071,2.03206,0,0.11232,-0.129578,nan,0.001704,nan,nan,nan,nan,-0.0125173,-0.0485756,-0.0193107,nan,-0.175815,0,-0.0229645,-0.307505,nan
1634,60.5196,625.667,0.0960635,0.0833333,0.166667,0.0651738,0.178966,0.227896,-0.0128089,6.68372,0.000384434,0.018902,0.44075,11998.9,0.690854,0.333242,-0.4,0.2,1,242.322,2.00786e+07,2.43187,1.48539,0,0.087434,-0.09144,nan,-0.000283333,nan,nan,nan,nan,-0.00908396,-0.0347731,-0.014398,nan,-0.124421,0,-0.0117936,-0.215243,nan
1635,94.3122,960.6,0.099093,0.333333,0.0833333,0.0623913,0.172554,0.208386,-0.00886058,6.67866,1e-05,0.0176006,0.440682,14271,0.608087,0.252963,-0.4,0.2,1,243.185,2.00909e+07,3.76646,2.24755,0,0.131833,-0.139231,nan,0.000666,nan,nan,nan,nan,-0.0126689,-0.0522969,-0.0203378,nan,-0.190864,0,-0.0118515,-0.337501,nan
1636,82.092,854.462,0.0998773,0.375,0.166667,0.0625421,0.171271,0.26583,-0.00691677,6.67688,1e-05,0.0204554,0.440621,12100,0.624964,0.390572,-0.4,0.2,1,244.201,2.01032e+07,3.4022,1.9795,0,0.110612,-0.125974,nan,5.38462e-05,nan,nan,nan,nan,-0.0108862,-0.0450317,-0.0173529,nan,-0.169296,0,-0.0119512,-0.293896,nan
1637,88.1302,947.667,0.0964677,0.333333,0.0416667,0.0662397,0.172513,0.193098,-0.0105074,6.6753,0.000113906,0.0133076,0.440512,9706.28,0.793573,0.472412,-0.4,0.2,1,245.469,2.01155e+07,3.82223,2.26203,0,0.110694,-0.138708,nan,0.000108889,nan,nan,nan,nan,-0.00999674,-0.0419423,-0.0155546,nan,-0.187036,0,-0.0138824,-0.331596,nan
1638,90.4586,1000,0.0965802,0.166667,0,0.0654353,0.172737,0.148159,-0.015414,6.66721,5.0625e-05,0.0165578,0.440164,9737.7,0.741352,0.520547,-0.4,0.2,1,246.733,2.01277e+07,4.01533,2.39499,0,0.103333,-0.148349,nan,0.001575,nan,nan,nan,nan,-0.0100669,-0.0396367,-0.0148854,nan,-0.1977,0,-0.0229549,-0.354683,nan
1639,87.2508,926.75,0.0948635,0.291667,0.0416667,0.0663855,0.177997,0.17056,-0.0104943,6.6609,5.0625e-05,0.0118954,0.43993,11584,0.759858,0.300918,-0.4,0.2,1,247.795,2.014e+07,3.5866,2.21927,0,0.110212,-0.136683,nan,0.0009625,nan,nan,nan,nan,-0.0117875,-0.0474024,-0.0187591,nan,-0.184048,0,-0.0190364,-0.321877,nan
1640,90.3609,937.857,0.0964927,0.25,0.0416667,0.0644992,0.174996,0.256233,-0.00772757,6.65719,1e-05,0.0179441,0.439815,13421.1,0.608406,0.307166,-0.4,0.2,1,248.713,2.01523e+07,3.68132,2.22257,0,0.120615,-0.137113,nan,0.00126857,nan,nan,nan,nan,-0.011271,-0.0462772,-0.0182053,nan,-0.18683,0,-0.011448,-0.329193,nan
1641,83.1803,851.25,0.0983568,0.0833333,0.0833333,0.0628983,0.169629,0.237204,-0.00594819,6.65644,1e-05,0.0204432,0.439772,9790.46,0.773374,0.481726,-0.4,0.2,1,249.969,2.01646e+07,3.13926,2.06249,0,0.124224,-0.125305,nan,0.00068,nan,nan,nan,nan,-0.0134398,-0.0564097,-0.0206357,nan,-0.169319,0,-0.0301607,-0.309473,nan
1642,98.346,969.286,0.0976069,0.25,0.0416667,0.0640778,0.179426,0.151041,-0.00958467,6.65483,0.000113906,0.0155254,0.439663,11321,0.727076,0.35834,-0.4,0.2,1,251.056,2.01769e+07,3.98977,2.23147,0,0.14004,-0.139027,nan,-0.000411429,nan,nan,nan,nan,-0.0119809,-0.0519054,-0.0196526,nan,-0.189436,0,-0.0068985,-0.325703,nan
1643,87.5424,879.4,0.0986377,0.125,0.0833333,0.0643233,0.176368,0.23446,-0.0111232,6.6512,0.000170859,0.015394,0.439633,12300.5,0.689628,0.309359,-0.4,0.2,1,252.057,2.01892e+07,3.67115,2.04339,0,0.119519,-0.128998,nan,-0.00016,nan,nan,nan,nan,-0.0115801,-0.0478288,-0.0181558,nan,-0.174488,0,-0.013271,-0.310704,nan
1644,97.3945,1000,0.0973398,0.166667,0,0.0640759,0.178177,0.143279,-0.0145892,6.64682,0.000113906,0.0205636,0.439305,14421,0.604364,0.247728,-0.4,0.2,1,252.91,2.02015e+07,4.08137,2.39256,0,0.12034,-0.144493,nan,0.000625,nan,nan,nan,nan,-0.01195,-0.0508437,-0.0179548,nan,-0.195556,0,-0.0240376,-0.333605,nan
1645,95.8642,988.091,0.098489,0.416667,0.0416667,0.063292,0.17118,0.247571,-0.0132617,6.63544,3.375e-05,0.0145366,0.439004,11589.5,0.67899,0.381278,-0.4,0.2,1,253.972,2.02138e+07,3.94597,2.33382,0,0.135105,-0.143975,nan,-4.18182e-05,nan,nan,nan,nan,-0.0117652,-0.0508453,-0.0192708,nan,-0.194129,0,-0.0141205,-0.342534,nan
1646,97.4102,965,0.0964874,0.25,0.0833333,0.0647251,0.180549,0.194856,-0.00933684,6.63183,1.5e-05,0.0151446,0.43892,10197.5,0.740269,0.464728,-0.4,0.2,1,255.178,2.0226e+07,3.82413,2.22851,0,0.136016,-0.140383,nan,-0.0011,nan,nan,nan,nan,-0.0141892,-0.0602753,-0.0232079,nan,-0.190583,0,-0.0241222,-0.325801,nan
1647,94.743,1000,0.097232,0.125,0,0.0648786,0.173765,0.186743,-0.009259,6.62991,0.000113906,0.0137983,0.438779,11408.9,0.719737,0.35732,-0.4,0.2,1,256.257,2.02383e+07,3.99652,2.38378,0,0.126816,-0.145104,nan,-0.00341333,nan,nan,nan,nan,-0.0113172,-0.0510694,-0.0210311,nan,-0.196563,0,-0.0101177,-0.335009,nan
1648,99.7888,989.3,0.0974708,0.333333,0.0833333,0.0637543,0.178041,0.234415,-0.00785316,6.62563,3.375e-05,0.013551,0.438703,12512.7,0.671959,0.310087,-0.4,0.2,1,257.24,2.02506e+07,3.90441,2.32259,0,0.145884,-0.145327,nan,-0.00117,nan,nan,nan,nan,-0.0141979,-0.0619903,-0.0238873,nan,-0.197101,0,-0.00887417,-0.337443,nan
1649,101.557,923,0.0976585,0.125,0.0833333,0.0644799,0.182971,0.269847,-0.00872332,6.62831,0.000113906,0.014329,0.438864,14119.7,0.619884,0.250387,-0.4,0.2,1,258.112,2.02629e+07,3.74193,2.19237,0,0.145162,-0.134523,nan,5.2e-05,nan,nan,nan,nan,-0.0145134,-0.0617959,-0.0240719,nan,-0.181744,0,-0.0113439,-0.320569,nan
1650,97.7361,1000,0.097606,8.125,0,0.0641051,0.181874,0.155724,-0.0118292,6.63058,7.59375e-05,0.0102701,0.438836,13992.5,0.625036,0.25315,-0.4,0.2,1,258.991,2.02752e+07,3.97298,2.36107,0,0.132318,-0.145101,nan,8.71795e-05,nan,nan,nan,nan,-0.0125485,-0.05303,-0.0203965,nan,-0.197083,0,-0.0167114,-0.34098,nan
1651,74.3633,739,0.0937987,0.166667,0.125,0.0641547,0.187457,0.241919,-0.00742157,6.62686,1e-05,0.0196557,0.438782,14559.2,0.589086,0.254916,-0.4,0.2,1,259.837,2.02875e+07,2.93661,1.72262,0,0.113299,-0.107509,nan,-0.000731429,nan,nan,nan,nan,-0.010132,-0.0430194,-0.0165704,nan,-0.146352,0,-0.0107955,-0.255722,nan
1652,91.8813,927.545,0.0971041,0.833333,0.0833333,0.0646631,0.177104,0.224336,-0.00932669,6.62678,0.000113906,0.0137472,0.438748,14643.5,0.593251,0.245894,-0.4,0.2,1,260.677,2.02998e+07,3.69869,2.20658,0,0.124721,-0.134123,nan,0.000147273,nan,nan,nan,nan,-0.0120919,-0.0511899,-0.0193529,nan,-0.182498,0,-0.0164462,-0.317782,nan
1653,84.1688,899,0.0983194,0.458333,0.0833333,0.0631156,0.167639,0.153226,-0.0103743,6.62123,3.375e-05,0.0128188,0.4385,14054.1,0.624942,0.249391,-0.4,0.2,1,261.553,2.03121e+07,3.49609,2.10024,0,0.118629,-0.129612,nan,0.000204615,nan,nan,nan,nan,-0.0107157,-0.0453506,-0.0172756,nan,-0.176382,0,-0.0116504,-0.306462,nan
1654,93.2976,934.154,0.0985412,0.5,0.0416667,0.0639591,0.171644,0.12981,-0.0128631,6.61416,0.000170859,0.0146652,0.43812,14549.6,0.595102,0.249457,-0.4,0.2,1,262.399,2.03244e+07,3.71099,2.19138,0,0.135871,-0.135015,nan,-0.00109846,nan,nan,nan,nan,-0.0120191,-0.0523164,-0.0201399,nan,-0.184521,0,-0.00784327,-0.316792,nan
1655,90.6069,933.5,0.0990746,0.333333,0.0833333,0.0642298,0.1685,0.218794,-0.0106194,6.60241,0.000113906,0.0129247,0.437868,14326.7,0.600295,0.257403,-0.4,0.2,1,263.258,2.03366e+07,3.66112,2.19298,0,0.130628,-0.135275,nan,-0.000918,nan,nan,nan,nan,-0.0118157,-0.0526621,-0.0196964,nan,-0.182619,0,-0.0140225,-0.315931,nan
1656,81.1233,861.667,0.0981235,0.291667,0.0833333,0.0639493,0.172091,0.215643,-0.00917924,6.59597,3.375e-05,0.0134952,0.437684,14489.4,0.599607,0.248462,-0.4,0.2,1,264.107,2.03489e+07,3.51657,2.02974,0,0.101518,-0.123484,nan,-0.00072,nan,nan,nan,nan,-0.0087948,-0.0380486,-0.0149355,nan,-0.169685,0,-0.0101595,-0.289549,nan
1657,94.8671,1000,0.1011,0.125,0,0.0617599,0.171645,0.138956,-0.00883047,6.5921,0.000170859,0.014616,0.437492,14598.1,0.591331,0.250424,-0.4,0.2,1,264.95,2.03612e+07,3.74022,2.33755,0,0.130546,-0.146964,nan,0.00109333,nan,nan,nan,nan,-0.0148981,-0.0580164,-0.0236677,nan,-0.197475,0,-0.0398272,-0.328544,nan
1658,90.5779,945.2,0.0986035,0.583333,0.0416667,0.0649006,0.17371,0.22649,-0.0122796,6.58722,5.0625e-05,0.012189,0.437397,14571.4,0.594967,0.248327,-0.4,0.2,1,265.795,2.03735e+07,3.75178,2.20859,0,0.122683,-0.135073,nan,0.000998667,nan,nan,nan,nan,-0.0111021,-0.047129,-0.0175009,nan,-0.186017,0,-0.0166323,-0.320084,nan
1659,86.4654,858.571,0.0994181,0.458333,0.125,0.0633526,0.173968,0.229181,-0.00748746,6.58697,1e-05,0.0198137,0.437376,14572.4,0.59653,0.246706,-0.4,0.2,1,266.639,2.03858e+07,3.41499,2.00886,0,0.124934,-0.123653,nan,0.000384286,nan,nan,nan,nan,-0.0121181,-0.0510857,-0.0195879,nan,-0.168943,0,-0.0143206,-0.291569,nan
1660,72.5141,712.625,0.098625,0.208333,0.125,0.0638904,0.174418,0.290287,-0.00710707,6.58649,1e-05,0.0234982,0.437344,14626.4,0.591329,0.248796,-0.4,0.2,1,267.48,2.03981e+07,2.92404,1.67323,0,0.0981126,-0.103175,nan,0.00149,nan,nan,nan,nan,-0.0102475,-0.0400693,-0.0153224,nan,-0.139738,0,-0.0136751,-0.248162,nan
1661,76.6014,813.5,0.0969073,0.25,0.0833333,0.0638794,0.178406,0.172041,-0.0107325,6.58308,7.59375e-05,0.0134287,0.437124,14575.1,0.59021,0.25287,-0.4,0.2,1,268.325,2.04104e+07,3.29279,1.91254,0,0.0978063,-0.117709,nan,-7.5e-06,nan,nan,nan,nan,-0.0095622,-0.0400179,-0.0151871,nan,-0.160998,0,-0.015386,-0.27379,nan
1662,96.9124,1000,0.0993314,0.416667,0,0.0616671,0.174703,0.147331,-0.0122753,6.57314,0.000170859,0.0143093,0.4367,14220.7,0.608043,0.256052,-0.4,0.2,1,269.19,2.04227e+07,3.90492,2.3496,0,0.135332,-0.143272,nan,-0.001852,nan,nan,nan,nan,-0.0122531,-0.0550604,-0.0220481,nan,-0.197654,0,-0.0117345,-0.338488,nan
1663,95.1875,1000,0.0980491,0.125,0,0.064544,0.168911,0.187387,-0.0128446,6.56154,5.0625e-05,0.0133287,0.436317,14377.1,0.604367,0.250325,-0.4,0.2,1,270.046,2.04349e+07,3.97503,2.40936,0,0.132675,-0.145075,nan,-0.00105333,nan,nan,nan,nan,-0.0108429,-0.0466971,-0.0176723,nan,-0.197746,0,-0.00464309,-0.349842,nan
1664,83.1581,861.7,0.09806,0.333333,0.0833333,0.0645168,0.16987,0.201906,-0.0104356,6.55581,0.000170859,0.015264,0.436073,14617.9,0.592215,0.2484,-0.4,0.2,1,270.888,2.04472e+07,3.34263,2.01172,0,0.117083,-0.124935,nan,-0.000118,nan,nan,nan,nan,-0.0112212,-0.045562,-0.0190698,nan,-0.171557,0,-0.0109783,-0.293846,nan
1665,86.879,885.778,0.097564,0.291667,0.0833333,0.064821,0.178589,0.257676,-0.0107549,6.54856,1e-05,0.0187627,0.43588,14646.6,0.589969,0.248997,-0.4,0.2,1,271.728,2.04595e+07,3.37003,2.05472,0,0.125275,-0.129233,nan,0.000475556,nan,nan,nan,nan,-0.0137859,-0.0560162,-0.0223585,nan,-0.175661,0,-0.0235029,-0.305735,nan
1666,81.1226,840,0.0994282,0.166667,0.0416667,0.0632708,0.177493,0.160359,-0.00937961,6.54662,1e-05,0.0194498,0.435815,14268,0.59462,0.266607,-0.4,0.2,1,272.591,2.04718e+07,3.39939,1.9117,0,0.110385,-0.121557,nan,0.000204,nan,nan,nan,nan,-0.0108867,-0.0462418,-0.0179935,nan,-0.166992,0,-0.00663971,-0.290805,nan
1667,95.9403,967.75,0.100664,0.416667,0.0833333,0.0629922,0.17698,0.209101,-0.00968891,6.54448,0.000113906,0.0166936,0.435632,14645.7,0.591152,0.247868,-0.4,0.2,1,273.431,2.04841e+07,3.7929,2.3075,0,0.137703,-0.140105,nan,-0.00169833,nan,nan,nan,nan,-0.0124098,-0.0537926,-0.0218849,nan,-0.190492,0,-0.0149894,-0.324925,nan
1668,86.1272,906.545,0.101245,0.375,0.0833333,0.0631668,0.174019,0.177794,-0.00681333,6.54066,2.25e-05,0.0140365,0.435553,14357.6,0.611381,0.244475,-0.4,0.2,1,274.288,2.04964e+07,3.62705,2.14261,0,0.108685,-0.12871,nan,-9.81818e-05,nan,nan,nan,nan,-0.0101446,-0.0422624,-0.0164714,nan,-0.177085,0,-0.0134638,-0.309568,nan
1669,95.6583,982.455,0.100444,0.416667,0.0416667,0.0627707,0.174204,0.122198,-0.00974673,6.54016,5.0625e-05,0.0113297,0.435498,14748,0.58929,0.24391,-0.4,0.2,1,275.123,2.05087e+07,3.85154,2.32818,0,0.132998,-0.140236,nan,-0.000701818,nan,nan,nan,nan,-0.0124801,-0.0528781,-0.0207956,nan,-0.192917,0,-0.0153866,-0.336181,nan
1670,97.7416,1000,0.100733,0.583333,0,0.0644939,0.171103,0.126163,-0.0114018,6.53818,5.0625e-05,0.0106283,0.435448,14595,0.583617,0.258316,-0.4,0.2,1,275.966,2.0521e+07,3.97012,2.3445,0,0.138013,-0.142292,nan,-0.000227143,nan,nan,nan,nan,-0.0127181,-0.0545738,-0.0211672,nan,-0.195802,0,-0.0141328,-0.340463,nan
1671,86.5268,860.4,0.101223,0.166667,0.0416667,0.0643048,0.167461,0.199103,-0.00989127,6.53653,3.375e-05,0.0141844,0.435339,9526.79,0.783583,0.506253,-0.4,0.2,1,277.258,2.05332e+07,3.43241,1.9862,0,0.129956,-0.123752,nan,-0.00096,nan,nan,nan,nan,-0.0119309,-0.0537582,-0.0206095,nan,-0.169484,0,-0.0102509,-0.28682,nan
1672,88.82,1000,0.103628,0.208333,0,0.0622748,0.170215,0.182299,-0.00691351,6.53389,2.25e-05,0.0142649,0.435278,11630.1,0.720496,0.336076,-0.4,0.2,1,278.317,2.05455e+07,3.83576,2.33132,0,0.117725,-0.142673,nan,0.000848,nan,nan,nan,nan,-0.0120508,-0.050549,-0.0191544,nan,-0.194777,0,-0.0447279,-0.345105,nan
1673,74.4273,835.167,0.101092,0.166667,0.0833333,0.0617681,0.173019,0.220812,-0.00630618,6.53319,1e-05,0.01734,0.435235,12597.2,0.686294,0.289161,-0.4,0.2,1,279.294,2.05578e+07,3.27315,1.95376,0,0.0952724,-0.118452,nan,0.000146667,nan,nan,nan,nan,-0.00921813,-0.0370324,-0.013674,nan,-0.162937,0,-0.0206131,-0.29055,nan
1674,86.1334,904.2,0.100661,0.166667,0.0416667,0.0636592,0.167858,0.149643,-0.00803849,6.53177,0.000113906,0.0147913,0.435132,13878.7,0.640361,0.245024,-0.4,0.2,1,280.181,2.05701e+07,3.48341,2.05373,0,0.128747,-0.128205,nan,-0.00176,nan,nan,nan,nan,-0.0124012,-0.0560311,-0.0205047,nan,-0.179044,0,-0.0103429,-0.310894,nan
1675,96.4865,957.9,0.0999205,0.375,0.0416667,0.0638956,0.173075,0.160735,-0.0125405,6.5265,0.000113906,0.0127599,0.434918,14021.1,0.617831,0.258561,-0.4,0.2,1,281.058,2.05824e+07,3.76951,2.23775,0,0.138384,-0.137868,nan,4e-05,nan,nan,nan,nan,-0.0136152,-0.056092,-0.0222764,nan,-0.187666,0,-0.0152214,-0.322363,nan
1676,93.5393,1000,0.0992062,0.0416667,0,0.0653539,0.174963,0.134333,-0.0145257,6.51858,0.000113906,0.013279,0.434638,14818,0.582596,0.246666,-0.4,0.2,1,281.889,2.05947e+07,3.85682,2.3632,0,0.111794,-0.139225,nan,0.00074,nan,nan,nan,nan,-0.0124664,-0.0511079,-0.0189653,nan,-0.192334,0,-0.0603338,-0.347552,nan
1677,99.1839,996.25,0.0991932,0.458333,0.0416667,0.0641686,0.179136,0.284716,-0.0105721,6.51225,1.5e-05,0.0182992,0.434474,14809.5,0.586266,0.243473,-0.4,0.2,1,282.72,2.0607e+07,3.84133,2.30147,0,0.143105,-0.143022,nan,0.00105,nan,nan,nan,nan,-0.0147248,-0.0627838,-0.0234201,nan,-0.196086,0,-0.0231542,-0.339055,nan
1678,94.3051,947.857,0.100407,0.5,0.0833333,0.0618293,0.175348,0.138452,-0.0100141,6.51067,3.375e-05,0.0128807,0.434421,12617,0.596883,0.377038,-0.4,0.2,1,283.695,2.06193e+07,3.7495,2.21032,0,0.133247,-0.135262,nan,0.000167143,nan,nan,nan,nan,-0.0125401,-0.0520509,-0.0199628,nan,-0.185223,0,-0.0119761,-0.328164,nan
1679,85.4717,864.2,0.102781,0.125,0.0833333,0.0612538,0.171432,0.186765,-0.00958379,6.50849,0.000170859,0.0155838,0.434389,10511.9,0.74509,0.423866,-0.4,0.2,1,284.866,2.06316e+07,3.49993,2.01355,0,0.113817,-0.122733,nan,-5.6e-05,nan,nan,nan,nan,-0.0115035,-0.0494339,-0.0171865,nan,-0.168662,0,-0.0293835,-0.29265,nan
1680,93.864,922.167,0.10077,0.208333,0.0416667,0.0622987,0.172692,0.214842,-0.0102259,6.50779,7.59375e-05,0.0107994,0.434323,11891.5,0.685184,0.348162,-0.4,0.2,1,285.901,2.06438e+07,3.60253,2.16026,0,0.139115,-0.13003,nan,-0.00234333,nan,nan,nan,nan,-0.0127536,-0.0567892,-0.0228784,nan,-0.181845,0,-0.00452176,-0.304398,nan
1681,93.2991,946.4,0.0999789,0.333333,0.0833333,0.0627631,0.182198,0.145863,-0.0154153,6.5016,0.000113906,0.0136265,0.434006,11853.2,0.713997,0.322686,-0.4,0.2,1,286.939,2.06561e+07,3.72078,2.23397,0,0.125127,-0.135545,nan,0.001234,nan,nan,nan,nan,-0.0130278,-0.0539742,-0.0204132,nan,-0.185996,0,-0.0313046,-0.329699,nan
1682,97.0032,950.375,0.0984001,0.25,0.0833333,0.0649153,0.168905,0.23189,-0.00931568,6.49481,1e-05,0.0181341,0.433908,13557.4,0.614166,0.292202,-0.4,0.2,1,287.847,2.06684e+07,3.72364,2.231,0,0.137212,-0.136015,nan,0.0011925,nan,nan,nan,nan,-0.0132235,-0.0543721,-0.0208442,nan,-0.186938,0,-0.0180672,-0.333946,nan
1683,105.776,1000,0.0981378,0.291667,0,0.0639704,0.179576,0.137783,-0.0103772,6.49278,0.000113906,0.0149157,0.433778,13984.9,0.631324,0.247339,-0.4,0.2,1,288.727,2.06807e+07,4.14236,2.37234,0,0.153268,-0.14238,nan,-0.000602857,nan,nan,nan,nan,-0.013743,-0.0602061,-0.0218403,nan,-0.195035,0,-0.0097472,-0.336099,nan
1684,98.4618,940.75,0.100665,0.125,0.0416667,0.0611712,0.176533,0.165555,-0.00969191,6.48628,1e-05,0.0181792,0.433592,11522.4,0.682757,0.383691,-0.4,0.2,1,289.795,2.0693e+07,3.85886,2.13827,0,0.147301,-0.134588,nan,0.000535,nan,nan,nan,nan,-0.0131964,-0.056983,-0.0208004,nan,-0.184472,0,-0.00759606,-0.31849,nan
1685,90.5346,931,0.0998057,0.208333,0.0416667,0.0632302,0.174105,0.190256,-0.0109011,6.4833,0.000113906,0.0153304,0.43347,10530.1,0.779825,0.387112,-0.4,0.2,1,290.964,2.07053e+07,3.59131,2.15537,0,0.12616,-0.131421,nan,7.33333e-05,nan,nan,nan,nan,-0.0129525,-0.0558218,-0.0201446,nan,-0.182909,0,-0.0175776,-0.314855,nan
1686,101.17,962.778,0.100182,0.291667,0.0833333,0.0633911,0.172421,0.180247,-0.00887356,6.4792,3.375e-05,0.0097786,0.433338,11352.5,0.717324,0.365078,-0.4,0.2,1,292.048,2.07176e+07,3.98512,2.27194,0,0.133898,-0.138551,nan,0.00129111,nan,nan,nan,nan,-0.0139316,-0.0561423,-0.0205551,nan,-0.188694,0,-0.0152958,-0.322368,nan
1687,89.7955,900.5,0.10165,0.333333,0.0833333,0.0625063,0.169137,0.221026,-0.00809043,6.47591,1e-05,0.0187766,0.433219,12648.7,0.66344,0.308042,-0.4,0.2,1,293.021,2.07299e+07,3.55228,2.11088,0,0.12633,-0.126272,nan,0.00237,nan,nan,nan,nan,-0.012167,-0.0501842,-0.0184618,nan,-0.17502,0,-0.0177304,-0.313697,nan
1688,91.0816,934.875,0.101179,0.25,0.0833333,0.0633255,0.172135,0.18646,-0.00879457,6.47423,0.000170859,0.0168223,0.433203,10575.8,0.732986,0.428907,-0.4,0.2,1,294.184,2.07421e+07,3.64676,2.2134,0,0.129067,-0.130751,nan,-0.0007675,nan,nan,nan,nan,-0.0122245,-0.0522178,-0.0194829,nan,-0.181301,0,-0.0128488,-0.317518,nan
1689,90.6898,924,0.0986009,0.25,0.0416667,0.064936,0.172349,0.194985,-0.00765516,6.47225,1e-05,0.0219307,0.433149,10293.4,0.785817,0.407957,-0.4,0.2,1,295.38,2.07544e+07,3.67357,2.14646,0,0.126741,-0.130272,nan,0.00114571,nan,nan,nan,nan,-0.011806,-0.0485281,-0.0179606,nan,-0.179465,0,-0.00855383,-0.318353,nan
1690,97.4613,993.75,0.0996185,0.291667,0.0416667,0.0631393,0.168169,0.175345,-0.00979821,6.47074,0.000113906,0.0118327,0.433038,10379.6,0.750004,0.433862,-0.4,0.2,1,296.566,2.07667e+07,3.95815,2.33193,0,0.132613,-0.139262,nan,0.0019575,nan,nan,nan,nan,-0.0126439,-0.0534321,-0.0192081,nan,-0.192292,0,-0.00966537,-0.338076,nan
1691,78.6382,880.75,0.100851,0.208333,0.125,0.0627825,0.167829,0.328541,-0.00560803,6.46494,1e-05,0.018984,0.432896,13009.9,0.680771,0.263742,-0.4,0.2,1,297.512,2.0779e+07,3.38687,2.06291,0,0.0992216,-0.122712,nan,0.0009575,nan,nan,nan,nan,-0.00963914,-0.0394291,-0.0153073,nan,-0.170665,0,-0.0274004,-0.298843,nan
1692,100.138,999.192,0.0967509,7.08333,0.0833333,0.0647568,0.173396,0.248596,-0.009624,6.46538,0.000113906,0.0169647,0.433008,14197.7,0.616922,0.24857,-0.4,0.2,1,298.379,2.07913e+07,3.99504,2.36111,0,0.138214,-0.141486,nan,0.000305814,nan,nan,nan,nan,-0.0127805,-0.0544914,-0.0207142,nan,-0.194803,0,-0.0150297,-0.340599,nan
1693,90.0087,861.429,0.100523,0.458333,0.125,0.0621634,0.164685,0.243784,-0.0105036,6.46746,2.25e-05,0.0168305,0.43299,12364.9,0.622075,0.371706,-0.4,0.2,1,299.374,2.08036e+07,3.43878,1.9984,0,0.133953,-0.122413,nan,-0.000665714,nan,nan,nan,nan,-0.0122967,-0.0538521,-0.0195628,nan,-0.168338,0,-0.0078865,-0.2892,nan
1694,97.575,976.625,0.101294,0.583333,0.0833333,0.0616261,0.167767,0.17441,-0.00785585,6.46565,2.25e-05,0.0158711,0.432881,10287.1,0.767289,0.427211,-0.4,0.2,1,300.57,2.08159e+07,3.86543,2.27186,0,0.141922,-0.137756,nan,0.00033625,nan,nan,nan,nan,-0.0133827,-0.0567907,-0.0211612,nan,-0.190304,0,-0.0166327,-0.334125,nan
1695,93.9975,944.571,0.100457,0.541667,0.0416667,0.0623491,0.168419,0.157053,-0.00698473,6.46331,1e-05,0.0174286,0.43281,11088.1,0.73312,0.375099,-0.4,0.2,1,301.679,2.08282e+07,3.77217,2.25735,0,0.12246,-0.135781,nan,0.0012,nan,nan,nan,nan,-0.0120291,-0.0495322,-0.0183799,nan,-0.18408,0,-0.0238594,-0.322212,nan
1696,89.1904,871,0.100549,0.25,0.0416667,0.0623492,0.16728,0.126514,-0.00714407,6.46062,0.000113906,0.0119273,0.432633,11920.6,0.736456,0.294367,-0.4,0.2,1,302.712,2.08404e+07,3.54027,2.10642,0,0.123087,-0.12199,nan,-0.000434286,nan,nan,nan,nan,-0.0111382,-0.0474405,-0.0182556,nan,-0.170359,0,-0.0179456,-0.294863,nan
1697,84.5149,823.857,0.101547,0.458333,0.125,0.0615461,0.164244,0.281923,-0.00719308,6.4531,1e-05,0.0206219,0.43245,11532.5,0.681561,0.383949,-0.4,0.2,1,303.779,2.08527e+07,3.31932,1.95936,0,0.111472,-0.118697,nan,0.00153,nan,nan,nan,nan,-0.0109987,-0.046873,-0.0166971,nan,-0.159804,0,-0.0142286,-0.287412,nan
1698,91.7845,888.125,0.102,0.291667,0.0416667,0.0624498,0.166334,0.157326,-0.00560613,6.45219,2.25e-05,0.0164376,0.432465,8910.27,0.812505,0.566578,-0.4,0.2,1,305.16,2.0865e+07,3.46455,2.07831,0,0.131779,-0.125688,nan,0.0012175,nan,nan,nan,nan,-0.0131469,-0.0547768,-0.0200065,nan,-0.172555,0,-0.0125337,-0.296992,nan
1699,69.4815,753,0.0998563,0.125,0.0833333,0.0632187,0.171153,0.237623,-0.00804135,6.4522,5.0625e-05,0.00999128,0.432439,9810.38,0.803395,0.449156,-0.4,0.2,1,306.414,2.08773e+07,3.09671,1.82097,0,0.0863838,-0.105487,nan,-0.001052,nan,nan,nan,nan,-0.00667142,-0.0293594,-0.0107794,nan,-0.145594,0,-0.00155605,-0.248215,nan
1700,87.209,863.095,0.101206,0.708333,0.166667,0.0614792,0.173138,0.180281,-0.0101099,6.45131,7.59375e-05,0.0107542,0.432365,10277.5,0.888083,0.307534,-0.4,0.2,1,307.612,2.08896e+07,3.4162,2.03125,0,0.123464,-0.122811,nan,0.000377143,nan,nan,nan,nan,-0.012137,-0.0504998,-0.0190262,nan,-0.168846,0,-0.0172596,-0.295218,nan
1701,91.1217,907.778,0.101293,0.333333,0.0416667,0.0622391,0.163066,0.152875,-0.0145965,6.44847,7.59375e-05,0.0203046,0.432427,11569.1,0.723281,0.338863,-0.4,0.2,1,310.677,2.09019e+07,3.63867,2.13892,0,0.129179,-0.129456,nan,-0.000235556,nan,nan,nan,nan,-0.012122,-0.0522555,-0.0198143,nan,-0.177795,0,-0.0107299,-0.308641,nan
1702,85.3218,847.9,0.101825,0.333333,0.0833333,0.0634613,0.159906,0.201835,-0.0119061,6.44782,3.375e-05,0.0134144,0.432366,12265.2,0.687676,0.31418,-0.4,0.2,1,311.68,2.09142e+07,3.42893,2.00179,0,0.118764,-0.119758,nan,-0.000888,nan,nan,nan,nan,-0.0107103,-0.0464169,-0.0171663,nan,-0.164974,0,-0.0111581,-0.286965,nan
1703,89.7607,927.222,0.100577,0.333333,0.0416667,0.0631027,0.167362,0.211568,-0.0102163,6.44675,1e-05,0.0180396,0.432357,13639,0.655897,0.245049,-0.4,0.2,1,312.582,2.09265e+07,3.79438,2.25698,0,0.107175,-0.130384,nan,-0.000106667,nan,nan,nan,nan,-0.00925683,-0.0390445,-0.0147867,nan,-0.179292,0,-0.010049,-0.313687,nan
1704,96.8266,1000,0.100825,0.375,0,0.0634129,0.163678,0.139989,-0.00885825,6.44744,0.000113906,0.0138235,0.432352,12797.6,0.601648,0.358529,-0.4,0.2,1,313.544,2.09388e+07,4.07075,2.3816,0,0.120959,-0.141959,nan,0.000886667,nan,nan,nan,nan,-0.011119,-0.0467719,-0.0170536,nan,-0.195277,0,-0.0167569,-0.349495,nan
1705,102.649,1000,0.101231,0.208333,0,0.0622502,0.167394,0.152908,-0.0120499,6.44439,2.25e-05,0.016575,0.432168,10272.5,0.756435,0.439769,-0.4,0.2,1,314.742,2.0951e+07,4.00422,2.37039,0,0.157048,-0.141241,nan,-0.002248,nan,nan,nan,nan,-0.0132622,-0.0594759,-0.0241733,nan,-0.196154,0,-0.00675902,-0.329506,nan
1706,100.457,1000,0.102214,0.291667,0,0.060983,0.170791,0.160071,-0.0129059,6.44076,0.000170859,0.0168895,0.432098,10421.8,0.76197,0.417099,-0.4,0.2,1,315.923,2.09633e+07,4.06384,2.36669,0,0.137885,-0.141565,nan,-0.000768571,nan,nan,nan,nan,-0.011716,-0.0523624,-0.0194713,nan,-0.194548,0,-0.00980273,-0.337814,nan
1707,100.205,975.833,0.100045,0.458333,0.0416667,0.061535,0.172784,0.205978,-0.00970906,6.43683,3.375e-05,0.0131954,0.43201,9966.74,0.815856,0.417045,-0.4,0.2,1,317.158,2.09756e+07,3.92401,2.31615,0,0.137216,-0.138235,nan,-0.000253333,nan,nan,nan,nan,-0.0128107,-0.0544808,-0.0205461,nan,-0.190147,0,-0.0137648,-0.33657,nan
1708,92.8518,998.5,0.101565,0.291667,0.0416667,0.0613784,0.168583,0.188249,-0.00907817,6.43291,1e-05,0.0193472,0.431871,11424.5,0.676688,0.398899,-0.4,0.2,1,318.235,2.09879e+07,3.87221,2.3555,0,0.122509,-0.141363,nan,0.0013125,nan,nan,nan,nan,-0.0114924,-0.0457556,-0.0171555,nan,-0.194786,0,-0.0195719,-0.343078,nan
1709,89.7319,924.5,0.101462,0.291667,0.0416667,0.0617835,0.163105,0.172048,-0.00928059,6.42981,1.5e-05,0.0165925,0.431743,10289.6,0.788124,0.406097,-0.4,0.2,1,319.431,2.10002e+07,3.68968,2.17275,0,0.115176,-0.130836,nan,0.00155,nan,nan,nan,nan,-0.0110626,-0.0462223,-0.0178449,nan,-0.17995,0,-0.0202779,-0.316332,nan
1710,98.6117,944,0.0996557,0.458333,0.0416667,0.0624817,0.164503,0.161942,-0.00944346,6.42527,0.000113906,0.0157906,0.431472,10846.2,0.754478,0.37845,-0.4,0.2,1,320.565,2.10125e+07,3.96511,2.25501,0,0.129844,-0.133693,nan,-0.000185,nan,nan,nan,nan,-0.0118636,-0.0514049,-0.0198438,nan,-0.183681,0,-0.0155376,-0.328892,nan
1711,93.5274,905.071,0.0992911,0.458333,0.125,0.0641891,0.169541,0.227098,-0.00690388,6.41464,1e-05,0.0216975,0.431217,12232.7,0.702763,0.30176,-0.4,0.2,1,321.571,2.10248e+07,3.66976,2.14505,0,0.133647,-0.126383,nan,-0.000731429,nan,nan,nan,nan,-0.0117486,-0.0524436,-0.0201089,nan,-0.175912,0,-0.0132236,-0.303906,nan
1712,93.6461,940.667,0.0994292,0.333333,0.0416667,0.0644421,0.161962,0.155433,-0.01076,6.41149,0.000113906,0.0134538,0.431095,11213.5,0.703054,0.392765,-0.4,0.2,1,322.669,2.10371e+07,3.69589,2.26384,0,0.129439,-0.132731,nan,-0.000464444,nan,nan,nan,nan,-0.0125212,-0.0531602,-0.0202168,nan,-0.183138,0,-0.0118621,-0.329463,nan
1713,104.087,1000,0.102805,0.25,0,0.062128,0.157815,0.148716,-0.00466039,6.40739,3.375e-05,0.0111699,0.430992,11026.9,0.729233,0.385135,-0.4,0.2,1,323.784,2.10493e+07,4.03879,2.37749,0,0.149804,-0.142587,nan,0.00142667,nan,nan,nan,nan,-0.0137212,-0.0588324,-0.0217633,nan,-0.19488,0,-0.0113898,-0.345931,nan
1714,83.4179,869.571,0.102632,0.25,0.0416667,0.0611103,0.163751,0.190544,-0.0050862,6.40549,1e-05,0.0202784,0.43094,10096.6,0.774738,0.442304,-0.4,0.2,1,325.003,2.10616e+07,3.37642,2.06295,0,0.112344,-0.122502,nan,-0.00018,nan,nan,nan,nan,-0.0103235,-0.045071,-0.0171949,nan,-0.16903,0,-0.0124563,-0.297586,nan
1715,98.6784,1000,0.102241,0.166667,0,0.0631111,0.162434,0.176036,-0.0101742,6.40341,0.000113906,0.0138864,0.430824,11555.3,0.726632,0.33678,-0.4,0.2,1,326.068,2.10739e+07,3.9014,2.37175,0,0.136548,-0.142445,nan,-0.00137,nan,nan,nan,nan,-0.0134196,-0.0585594,-0.0225341,nan,-0.196427,0,-0.0307096,-0.330967,nan
1716,90.4519,901.667,0.102967,0.291667,0.0833333,0.0617741,0.172898,0.138676,-0.00156456,6.39694,1e-05,0.02321,0.430665,11246.2,0.728927,0.363706,-0.4,0.2,1,327.162,2.10862e+07,3.62099,2.13013,0,0.125412,-0.128426,nan,0.000591111,nan,nan,nan,nan,-0.0115123,-0.0477273,-0.0173494,nan,-0.175929,0,-0.00852173,-0.311493,nan
1717,88.696,835.3,0.103286,0.291667,0.125,0.0619861,0.167853,0.291804,-0.00791029,6.39622,0.000113906,0.0155745,0.430694,10649,0.744674,0.409238,-0.4,0.2,1,328.317,2.10985e+07,3.41883,1.9641,0,0.125491,-0.118572,nan,0.001416,nan,nan,nan,nan,-0.0121474,-0.0511843,-0.0185237,nan,-0.162966,0,-0.0137246,-0.290537,nan
1718,94.871,923.6,0.10388,0.166667,0.0416667,0.0614974,0.165025,0.238021,-0.00513681,6.39948,1e-05,0.0198645,0.430797,9998.83,0.81557,0.413374,-0.4,0.2,1,329.548,2.11108e+07,3.63449,2.19236,0,0.141324,-0.131226,nan,0.000744,nan,nan,nan,nan,-0.0133974,-0.0578594,-0.0200053,nan,-0.179759,0,-0.0203164,-0.323491,nan
1719,90.6477,909.588,0.101784,0.583333,0.125,0.0623074,0.170347,0.268306,-0.00913025,6.39951,0.000113906,0.0150288,0.430705,12107.9,0.686262,0.328616,-0.4,0.2,1,330.565,2.11231e+07,3.59237,2.20178,0,0.120897,-0.12841,nan,0.000552941,nan,nan,nan,nan,-0.0112819,-0.0473081,-0.0177091,nan,-0.176411,0,-0.0134691,-0.30779,nan
1720,97.8714,984,0.101291,0.375,0.0416667,0.0621044,0.177425,0.209852,-0.00539036,6.39724,1e-05,0.0173195,0.430616,11293.6,0.727861,0.360193,-0.4,0.2,1,331.654,2.11354e+07,3.89381,2.32856,0,0.145966,-0.138323,nan,-0.00153,nan,nan,nan,nan,-0.0128761,-0.056624,-0.0216065,nan,-0.190712,0,-0.0214856,-0.334392,nan
1721,93.2562,960.75,0.104322,0.291667,0.0416667,0.06065,0.174722,0.164161,-0.00933803,6.39551,0.000113906,0.0127661,0.430474,11406.1,0.716312,0.361002,-0.4,0.2,1,332.733,2.11476e+07,3.93612,2.27127,0,0.119837,-0.13543,nan,-0.0004375,nan,nan,nan,nan,-0.0101383,-0.0457253,-0.016605,nan,-0.185965,0,-0.0134819,-0.330528,nan
1722,105.069,1000,0.10179,0.166667,0,0.0621554,0.176962,0.153685,-0.0113335,6.39061,3.375e-05,0.0131466,0.430348,11587.4,0.750632,0.309833,-0.4,0.2,1,333.795,2.11599e+07,4.05142,2.43773,0,0.153486,-0.138527,nan,-0.00175,nan,nan,nan,nan,-0.0122387,-0.0555877,-0.0205193,nan,-0.194625,0,-0.00749617,-0.332022,nan
1723,92.912,908.5,0.100628,0.375,0.0416667,0.0649091,0.170788,0.168425,-0.00914167,6.38786,1e-05,0.0182265,0.430247,13241.4,0.670623,0.257378,-0.4,0.2,1,334.724,2.11722e+07,3.68046,2.14109,0,0.131881,-0.129163,nan,1.2e-05,nan,nan,nan,nan,-0.0111606,-0.0482018,-0.01833,nan,-0.177288,0,-0.00827904,-0.312992,nan
1724,101.946,1000,0.101613,0.291667,0,0.0631931,0.171463,0.177138,-0.00977073,6.38445,3.375e-05,0.015672,0.430123,14135.2,0.602331,0.266985,-0.4,0.2,1,335.595,2.11845e+07,3.95402,2.42184,0,0.138242,-0.141332,nan,0.00170857,nan,nan,nan,nan,-0.0130117,-0.0547367,-0.0198568,nan,-0.194045,0,-0.0158091,-0.346804,nan
1725,101.587,1000,0.101807,0.291667,0,0.062405,0.171827,0.165698,-0.0122802,6.37971,0.000170859,0.0170465,0.429942,14092.8,0.618799,0.253134,-0.4,0.2,1,336.468,2.11968e+07,3.99339,2.36099,0,0.140197,-0.141273,nan,0.00225143,nan,nan,nan,nan,-0.0130296,-0.0552184,-0.0196669,nan,-0.194123,0,-0.0230251,-0.345754,nan
1726,97.7973,935,0.103372,0.0833333,0.0416667,0.0619806,0.167183,0.171499,-0.0149506,6.37098,7.59375e-05,0.015836,0.4296,14318.2,0.603,0.255206,-0.4,0.2,1,337.328,2.12091e+07,3.85307,2.16553,0,0.14769,-0.134391,nan,-0.00288667,nan,nan,nan,nan,-0.0125307,-0.0551241,-0.0216421,nan,-0.183906,0,-0.00228392,-0.314483,nan
1727,90.8315,903.636,0.100788,0.333333,0.125,0.0637197,0.169397,0.217208,-0.0109972,6.3646,5.0625e-05,0.0112396,0.429431,14480.4,0.598385,0.250208,-0.4,0.2,1,338.178,2.12214e+07,3.5339,2.10735,0,0.134438,-0.128411,nan,-8.36364e-05,nan,nan,nan,nan,-0.0120001,-0.0508599,-0.0204152,nan,-0.176504,0,-0.0156323,-0.30477,nan
1728,100.376,1000,0.100365,0.333333,0,0.0635267,0.170079,0.184918,-0.00832032,6.36124,1e-05,0.0177161,0.429353,13874,0.604729,0.280955,-0.4,0.2,1,339.065,2.12337e+07,4.09381,2.39187,0,0.130733,-0.142125,nan,0.0023775,nan,nan,nan,nan,-0.0117636,-0.0479555,-0.017671,nan,-0.19455,0,-0.0153612,-0.345857,nan
1729,96.183,969.556,0.101732,0.291667,0.0833333,0.0626955,0.166011,0.189197,-0.0102721,6.35959,0.000113906,0.0137635,0.429269,14337.9,0.604703,0.252326,-0.4,0.2,1,339.923,2.1246e+07,3.89936,2.30274,0,0.125013,-0.138207,nan,0.000851111,nan,nan,nan,nan,-0.01189,-0.0508791,-0.0189273,nan,-0.189653,0,-0.0220003,-0.33468,nan
1730,74.0522,767.429,0.100696,0.208333,0.0833333,0.0624332,0.169055,0.358095,-0.00669464,6.35388,1e-05,0.0186859,0.429133,14090.3,0.619219,0.252869,-0.4,0.2,1,340.796,2.12582e+07,2.99415,1.80736,0,0.10946,-0.107145,nan,-0.000211429,nan,nan,nan,nan,-0.00980582,-0.0449433,-0.0164207,nan,-0.149484,0,-0.00606653,-0.255366,nan
1731,95.9484,970.667,0.101604,0.416667,0.0833333,0.0627712,0.167686,0.159427,-0.00852361,6.35092,1e-05,0.0202548,0.428982,14301.2,0.605459,0.25377,-0.4,0.2,1,341.657,2.12705e+07,3.89391,2.29485,0,0.131006,-0.138288,nan,0.00140667,nan,nan,nan,nan,-0.0120692,-0.050663,-0.0186467,nan,-0.189446,0,-0.0156331,-0.338607,nan
1732,91.8031,1000,0.10045,0.25,0,0.0630451,0.168449,0.166692,-0.0106207,6.34535,0.000170859,0.0145815,0.428612,14000.5,0.617865,0.259818,-0.4,0.2,1,342.536,2.12828e+07,4.02099,2.36252,0,0.115976,-0.142362,nan,-0.00047,nan,nan,nan,nan,-0.0095486,-0.0430663,-0.0157517,nan,-0.195292,0,-0.0110978,-0.339266,nan
1733,102.036,997.75,0.102967,0.291667,0.0416667,0.0588851,0.171034,0.14873,-0.0129944,6.33163,2.25e-05,0.017372,0.428275,14295.2,0.606053,0.253536,-0.4,0.2,1,343.397,2.12951e+07,4.05673,2.42228,0,0.136771,-0.141016,nan,-0.0004325,nan,nan,nan,nan,-0.0120284,-0.0525775,-0.0192888,nan,-0.192409,0,-0.0139742,-0.334824,nan
1734,101.198,1000,0.0997938,6.58333,0,0.0610181,0.176303,0.151282,-0.0101681,6.32979,2.25e-05,0.0161412,0.42831,13923.9,0.630441,0.252068,-0.4,0.2,1,344.281,2.13074e+07,4.05699,2.38676,0,0.136853,-0.141495,nan,0.00086962,nan,nan,nan,nan,-0.0122179,-0.052875,-0.019211,nan,-0.194249,0,-0.0154006,-0.341573,nan
1735,99.5524,972.571,0.100208,0.5,0.0833333,0.0636328,0.165182,0.199759,-0.00937109,6.33021,0.000170859,0.0168133,0.428253,14042.3,0.616763,0.258308,-0.4,0.2,1,345.157,2.13197e+07,3.92145,2.28013,0,0.143114,-0.137361,nan,0.000577143,nan,nan,nan,nan,-0.0126981,-0.0554091,-0.0204203,nan,-0.189697,0,-0.0094494,-0.335046,nan
1736,98.2424,1000,0.1,0.458333,0,0.0630708,0.169088,0.168365,-0.0142065,6.32747,0.000113906,0.0137195,0.428167,14225.6,0.608257,0.255535,-0.4,0.2,1,346.023,2.1332e+07,4.01439,2.39711,0,0.12579,-0.141082,nan,0.00193273,nan,nan,nan,nan,-0.0119838,-0.0501864,-0.0176126,nan,-0.19339,0,-0.0242733,-0.33947,nan
1737,104.718,969.692,0.101872,0.5,0.0416667,0.0625686,0.164902,0.171931,-0.0111671,6.32599,0.000113906,0.0130921,0.428118,14047.1,0.619174,0.255598,-0.4,0.2,1,346.899,2.13443e+07,3.9941,2.31781,0,0.152151,-0.137093,nan,0.000429231,nan,nan,nan,nan,-0.0135786,-0.0592703,-0.0217549,nan,-0.188135,0,-0.012737,-0.327695,nan
1738,104.068,996.857,0.103214,0.25,0.0416667,0.0619553,0.160611,0.200922,-0.0104007,6.32331,5.0625e-05,0.0127031,0.428004,14126.5,0.617035,0.252817,-0.4,0.2,1,347.77,2.13565e+07,4.00958,2.34305,0,0.149662,-0.13885,nan,0.000414286,nan,nan,nan,nan,-0.013466,-0.0587582,-0.0227852,nan,-0.193463,0,-0.00998238,-0.339154,nan
1739,99.7048,947.538,0.103839,0.5,0.0416667,0.0611376,0.162164,0.177891,-0.00929925,6.31928,2.25e-05,0.0163633,0.427827,14150.3,0.609992,0.2584,-0.4,0.2,1,348.64,2.13688e+07,3.74661,2.25957,0,0.145333,-0.135256,nan,0.00204154,nan,nan,nan,nan,-0.0141927,-0.0587468,-0.0221732,nan,-0.1854,0,-0.0166495,-0.321998,nan
1740,85.9263,928.571,0.104679,0.25,0.0416667,0.0617373,0.162873,0.142378,-0.0112658,6.31482,0.000170859,0.0149453,0.427591,14106.4,0.62091,0.250184,-0.4,0.2,1,349.512,2.13811e+07,3.54768,2.21674,0,0.126922,-0.132732,nan,0.000654286,nan,nan,nan,nan,-0.010632,-0.0469351,-0.0168699,nan,-0.181723,0,-0.0117944,-0.322817,nan
1741,82.3095,808.625,0.102296,0.25,0.0833333,0.0647585,0.162591,0.197191,-0.00760929,6.30678,1e-05,0.0182447,0.427455,14205.3,0.605376,0.259656,-0.4,0.2,1,350.378,2.13934e+07,3.21277,1.92185,0,0.114668,-0.114814,nan,0.0015425,nan,nan,nan,nan,-0.0108569,-0.0438896,-0.0163511,nan,-0.156443,0,-0.012403,-0.280106,nan
1742,100.401,997.857,0.104405,0.833333,0.0416667,0.0601714,0.169112,0.18601,-0.00894374,6.30483,2.25e-05,0.0165739,0.427408,12258.1,0.614991,0.387445,-0.4,0.2,1,351.382,2.14057e+07,4.07899,2.39711,0,0.134575,-0.139805,nan,0.00137048,nan,nan,nan,nan,-0.0115152,-0.0501574,-0.0179361,nan,-0.192936,0,-0.00888985,-0.338713,nan
1743,85.8954,870.286,0.103596,0.25,0.0416667,0.0621859,0.167081,0.185685,-0.00920315,6.30369,7.59375e-05,0.0106548,0.427391,9349.58,0.759686,0.554597,-0.4,0.2,1,352.698,2.1418e+07,3.47842,2.10475,0,0.110408,-0.12362,nan,0.00223429,nan,nan,nan,nan,-0.0101589,-0.0411679,-0.0152526,nan,-0.169656,0,-0.0215663,-0.299797,nan
1744,99.8894,991,0.10189,0.333333,0.0416667,0.0639982,0.162747,0.148366,-0.0129942,6.29959,0.000170859,0.0170204,0.42716,11242.4,0.725276,0.367729,-0.4,0.2,1,353.792,2.14303e+07,3.92098,2.35767,0,0.143927,-0.139991,nan,0.000837778,nan,nan,nan,nan,-0.0126313,-0.0548859,-0.0200616,nan,-0.191935,0,-0.0150162,-0.336802,nan
1745,90.5315,928.167,0.104501,0.458333,0.0416667,0.0614281,0.171326,0.211008,-0.00788289,6.28962,3.375e-05,0.0104841,0.426945,11707.2,0.711501,0.338108,-0.4,0.2,1,354.844,2.14426e+07,3.75313,2.20294,0,0.121573,-0.129256,nan,0.00065,nan,nan,nan,nan,-0.0100884,-0.0445303,-0.0164758,nan,-0.179193,0,-0.00857751,-0.314348,nan
1746,80.3342,843.833,0.10262,0.208333,0.0416667,0.0617756,0.166723,0.193082,-0.0116568,6.28865,0.000170859,0.0169076,0.42709,10240.9,0.774427,0.425471,-0.4,0.2,1,356.045,2.14548e+07,3.43321,2.04766,0,0.101219,-0.118028,nan,0.000926667,nan,nan,nan,nan,-0.00870034,-0.0377838,-0.0127838,nan,-0.163034,0,-0.019414,-0.286389,nan
1747,89.1609,882.875,0.103532,0.25,0.0833333,0.0618689,0.16679,0.191663,-0.00169677,6.29024,1e-05,0.0206878,0.427132,10944.5,0.75576,0.366995,-0.4,0.2,1,357.169,2.14671e+07,3.51087,2.07355,0,0.125231,-0.1244,nan,0.0012475,nan,nan,nan,nan,-0.0115301,-0.0489128,-0.0178709,nan,-0.170731,0,-0.0126554,-0.297133,nan
1748,104.887,1000,0.104721,0.375,0,0.0607249,0.166259,0.178728,-0.00973012,6.28825,0.000113906,0.0158357,0.427003,11552.2,0.74663,0.317064,-0.4,0.2,1,358.234,2.14794e+07,4.11487,2.35795,0,0.147336,-0.142326,nan,0.00160222,nan,nan,nan,nan,-0.0135196,-0.058336,-0.020496,nan,-0.193061,0,-0.020047,-0.347012,nan
1749,97.0717,972.778,0.102793,0.333333,0.0416667,0.0627891,0.169908,0.324772,-0.00627587,6.28279,1e-05,0.0183723,0.426914,10978.9,0.709872,0.409367,-0.4,0.2,1,359.355,2.14917e+07,3.8998,2.30395,0,0.138402,-0.136266,nan,0.00136444,nan,nan,nan,nan,-0.0120481,-0.052241,-0.019024,nan,-0.188134,0,-0.0163817,-0.328837,nan
1750,95.285,946.6,0.101258,0.333333,0.0833333,0.0634505,0.169171,0.164514,-0.00953746,6.2827,3.375e-05,0.0130528,0.426948,10262.4,0.815651,0.381733,-0.4,0.2,1,360.555,2.1504e+07,3.74107,2.26548,0,0.134703,-0.133856,nan,0.002282,nan,nan,nan,nan,-0.0125654,-0.0535826,-0.0191379,nan,-0.182976,0,-0.0238854,-0.324847,nan
1751,95.1087,920.8,0.103138,0.375,0.0416667,0.0615188,0.160208,0.116959,-0.0101057,6.28111,0.000170859,0.0178727,0.426844,11145.8,0.7367,0.365774,-0.4,0.2,1,361.659,2.15163e+07,3.73267,2.17727,0,0.130411,-0.12954,nan,0.002496,nan,nan,nan,nan,-0.0119471,-0.0504134,-0.0175064,nan,-0.178549,0,-0.0136734,-0.314193,nan
1752,105.883,1000,0.100897,0.5,0,0.0638121,0.162877,0.182626,-0.01037,6.27669,5.0625e-05,0.0100657,0.426649,12084,0.718338,0.298548,-0.4,0.2,1,362.677,2.15286e+07,4.04787,2.38086,0,0.1495,-0.142241,nan,0.00341667,nan,nan,nan,nan,-0.0135709,-0.0582582,-0.0211477,nan,-0.194157,0,-0.013663,-0.341709,nan
1753,92.9423,928.375,0.101346,0.583333,0.0833333,0.0624996,0.166698,0.222078,-0.0087545,6.26982,2.25e-05,0.0158094,0.426422,10481.3,0.707279,0.4651,-0.4,0.2,1,363.851,2.15409e+07,3.81109,2.21685,0,0.126011,-0.130061,nan,6.5e-05,nan,nan,nan,nan,-0.0100697,-0.0450137,-0.015484,nan,-0.178579,0,-0.0102326,-0.313047,nan
1754,84.2642,828,0.102207,0.166667,0.0833333,0.0618325,0.169618,0.179421,-0.00750328,6.26724,2.25e-05,0.014768,0.426417,9646.6,0.823754,0.450063,-0.4,0.2,1,365.127,2.15532e+07,3.41242,1.96168,0,0.11928,-0.116288,nan,-0.0022,nan,nan,nan,nan,-0.00986087,-0.0462004,-0.0178215,nan,-0.160332,0,-0.00612418,-0.277314,nan
1755,97.3992,944.444,0.103141,0.333333,0.0416667,0.0613673,0.169369,0.132248,-0.011648,6.26601,0.000170859,0.0162002,0.42634,10105.4,0.829086,0.386895,-0.4,0.2,1,366.344,2.15654e+07,3.85486,2.23591,0,0.138869,-0.131492,nan,0.000724444,nan,nan,nan,nan,-0.011363,-0.0507923,-0.0179148,nan,-0.183219,0,-0.008391,-0.312653,nan
1756,98.1382,932.286,0.102551,0.25,0.0416667,0.0616412,0.160271,0.164871,-0.0100626,6.26221,1e-05,0.0176329,0.426221,11757.4,0.742972,0.302157,-0.4,0.2,1,367.393,2.15777e+07,3.88614,2.25255,0,0.133169,-0.131096,nan,0.00188286,nan,nan,nan,nan,-0.0114934,-0.0486829,-0.0178686,nan,-0.181308,0,-0.0138874,-0.32551,nan
1757,103.287,1000,0.103334,0.208333,0,0.0616715,0.163397,0.146844,-0.0101279,6.2613,7.59375e-05,0.0137546,0.426214,10586.4,0.731669,0.429069,-0.4,0.2,1,368.555,2.159e+07,3.97549,2.40317,0,0.146776,-0.141725,nan,0.001436,nan,nan,nan,nan,-0.0131087,-0.0565797,-0.0204318,nan,-0.194891,0,-0.0120418,-0.342817,nan
1758,102.878,1000,0.102717,0.208333,0,0.0607037,0.165674,0.141884,-0.0154388,6.2608,0.000113906,0.0154958,0.42616,10200,0.808147,0.396562,-0.4,0.2,1,369.762,2.16023e+07,4.02358,2.36274,0,0.145514,-0.141237,nan,0.002672,nan,nan,nan,nan,-0.0127844,-0.0561834,-0.0189296,nan,-0.193097,0,-0.0182251,-0.343345,nan
