iteration,Train/mean_reward,Train/mean_episode_length,Train/mean_step_reward,Episode_Termination/time_out,Episode_Termination/fell_over,Metrics/twist/error_vel_xy,Metrics/twist/error_vel_yaw,Loss/value,Loss/surrogate,Loss/entropy,Loss/learning_rate,Loss/kl,Policy/mean_std,Perf/total_fps,Perf/collection_time,Perf/learning_time,Curriculum/action_rate_weight,Curriculum/standing_envs,Curriculum/penalty_scale,Curriculum/getup_assist_n,time_s,env_steps,Episode_Reward/track_linear_velocity,Episode_Reward/track_angular_velocity,Episode_Reward/upright,Episode_Reward/pose,Episode_Reward/action_rate_l2,Episode_Reward/alive,Episode_Reward/air_time,Episode_Reward/single_stance,Episode_Reward/foot_lift,Episode_Reward/foot_alternation,Episode_Reward/foot_symmetry,Episode_Reward/foot_clearance,Episode_Reward/foot_swing_height,Episode_Reward/foot_slip,Episode_Reward/trot,Episode_Reward/joint_torque,Episode_Reward/self_collisions,Episode_Reward/dof_pos_limits,Episode_Reward/body_ang_vel,Episode_Reward/angular_momentum
1,nan,nan,0.0517647,0,0,0.100973,0.691178,0.162864,-0.0525852,13.0694,0.0003,0,0.5004,7126.12,0.143274,0.0722711,-0.1,0.02,1,4.8201,0.215636,1536,nan,nan,nan,nan,nan,nan,nan,nan,nan,nan,nan,nan,nan,nan,nan,nan,nan,nan,nan,nan
2,nan,nan,0.0369366,0,0,0.0802952,0.695839,0.138019,-0.0459733,13.0867,0.0003,0,0.500844,7614.17,0.139777,0.0619521,-0.1,0.02,1,4.8201,0.417907,3072,nan,nan,nan,nan,nan,nan,nan,nan,nan,nan,nan,nan,nan,nan,nan,nan,nan,nan,nan,nan
3,nan,nan,0.0367558,0,0,0.0536694,0.610746,0.138389,-0.0485591,13.1053,0.0003,0,0.50152,7542.49,0.140074,0.0635722,-0.1,0.02,1,4.8201,0.621803,4608,nan,nan,nan,nan,nan,nan,nan,nan,nan,nan,nan,nan,nan,nan,nan,nan,nan,nan,nan,nan
4,nan,nan,0.0360469,0,0,0.0556988,0.607057,0.127318,-0.0427024,13.1307,0.0003,0,0.502226,7686.27,0.139442,0.060395,-0.1,0.02,1,4.8201,0.821945,6144,nan,nan,nan,nan,nan,nan,nan,nan,nan,nan,nan,nan,nan,nan,nan,nan,nan,nan,nan,nan
5,nan,nan,0.0354541,0,0,0.0592524,0.617797,0.10232,-0.048944,13.1532,0.0003,0,0.502765,7635.18,0.139389,0.061785,-0.1,0.02,1,4.8201,1.02337,7680,nan,nan,nan,nan,nan,nan,nan,nan,nan,nan,nan,nan,nan,nan,nan,nan,nan,nan,nan,nan
6,nan,nan,0.035957,0,0,0.0576438,0.651979,0.0924659,-0.0453508,13.1727,0.0003,0,0.50332,7666.35,0.138868,0.0614882,-0.1,0.02,1,4.8201,1.22398,9216,nan,nan,nan,nan,nan,nan,nan,nan,nan,nan,nan,nan,nan,nan,nan,nan,nan,nan,nan,nan
7,nan,nan,0.0342206,0,0,0.0605519,0.6895,0.0738,-0.050664,13.1932,0.0003,0,0.503924,7606.15,0.141281,0.0606608,-0.1,0.02,1,4.8201,1.42617,10752,nan,nan,nan,nan,nan,nan,nan,nan,nan,nan,nan,nan,nan,nan,nan,nan,nan,nan,nan,nan
8,nan,nan,0.0330172,0,0,0.0626905,0.715557,0.0703216,-0.0471441,13.2154,0.0003,0,0.504551,7869.05,0.135065,0.0601301,-0.1,0.02,1,4.8201,1.62162,12288,nan,nan,nan,nan,nan,nan,nan,nan,nan,nan,nan,nan,nan,nan,nan,nan,nan,nan,nan,nan
9,nan,nan,0.032219,0,0,0.0645885,0.713742,0.0727976,-0.0535783,13.2379,0.0003,0,0.505278,7840.77,0.135512,0.0603871,-0.1,0.02,1,4.8201,1.81777,13824,nan,nan,nan,nan,nan,nan,nan,nan,nan,nan,nan,nan,nan,nan,nan,nan,nan,nan,nan,nan
10,nan,nan,0.0306009,0,0,0.0661804,0.704751,0.105336,-0.0539008,13.2639,0.0003,0,0.505877,7936.22,0.133117,0.060426,-0.1,0.02,1,4.8201,2.01157,15360,nan,nan,nan,nan,nan,nan,nan,nan,nan,nan,nan,nan,nan,nan,nan,nan,nan,nan,nan,nan
11,nan,nan,0.0294653,0,0,0.0655284,0.727695,0.118579,-0.0546225,13.2844,0.0003,0,0.506494,7978.85,0.13144,0.0610688,-0.1,0.02,1,4.8201,2.20432,16896,nan,nan,nan,nan,nan,nan,nan,nan,nan,nan,nan,nan,nan,nan,nan,nan,nan,nan,nan,nan
12,nan,nan,0.0317826,0,0,0.0672214,0.762199,0.146993,-0.0572108,13.304,0.0003,0,0.506916,7903.59,0.134093,0.0602491,-0.1,0.02,1,4.8201,2.39896,18432,nan,nan,nan,nan,nan,nan,nan,nan,nan,nan,nan,nan,nan,nan,nan,nan,nan,nan,nan,nan
13,nan,nan,0.0377024,0,0,0.070631,0.78613,0.149955,-0.0575983,13.3151,0.0003,0,0.507092,7955.66,0.132878,0.0601921,-0.1,0.02,1,4.8201,2.59229,19968,nan,nan,nan,nan,nan,nan,nan,nan,nan,nan,nan,nan,nan,nan,nan,nan,nan,nan,nan,nan
14,nan,nan,0.0400669,0,0,0.0637781,0.770655,0.159101,-0.0484036,13.3232,0.0003,0,0.507548,7769.2,0.134774,0.0629299,-0.1,0.02,1,4.8201,2.79027,21504,nan,nan,nan,nan,nan,nan,nan,nan,nan,nan,nan,nan,nan,nan,nan,nan,nan,nan,nan,nan
15,nan,nan,0.0471469,0,0,0.0631227,0.719228,0.144836,-0.0482613,13.3412,0.0003,0,0.507924,7927.99,0.133386,0.060358,-0.1,0.02,1,4.8201,2.98427,23040,nan,nan,nan,nan,nan,nan,nan,nan,nan,nan,nan,nan,nan,nan,nan,nan,nan,nan,nan,nan
16,nan,nan,0.0517679,0,0,0.0639644,0.720157,0.140765,-0.0468511,13.3501,0.0003,0,0.508091,7455,0.131724,0.074312,-0.1,0.02,1,4.8201,3.19056,24576,nan,nan,nan,nan,nan,nan,nan,nan,nan,nan,nan,nan,nan,nan,nan,nan,nan,nan,nan,nan
17,15.2737,400,0.0485148,2.66667,0,0.0767172,0.760003,0.142414,-0.0449404,13.3589,0.0003,0,0.508517,6134.65,0.18991,0.0604711,-0.1,0.02,1,4.8201,3.44125,26112,0,0,0.815343,0.106216,-0.0482113,nan,0,nan,nan,nan,nan,0,nan,0,nan,nan,nan,-0.0420625,nan,nan
18,nan,nan,0.0624442,0,0,0.0913842,0.845032,0.1763,-0.0486252,13.374,0.0003,0,0.508868,7856.78,0.135208,0.060292,-0.1,0.02,1,4.8201,3.63705,27648,nan,nan,nan,nan,nan,nan,nan,nan,nan,nan,nan,nan,nan,nan,nan,nan,nan,nan,nan,nan
19,nan,nan,0.0530468,0,0,0.0829495,0.804032,0.23593,-0.0420866,13.3857,0.0003,0,0.509245,7680.46,0.136727,0.063261,-0.1,0.02,1,4.8201,3.83729,29184,nan,nan,nan,nan,nan,nan,nan,nan,nan,nan,nan,nan,nan,nan,nan,nan,nan,nan,nan,nan
20,nan,nan,0.0683476,0,0,0.0855205,0.835655,0.285753,-0.0389525,13.4009,0.0003,0,0.509671,7752.84,0.136662,0.0614588,-0.1,0.02,1,4.8201,4.03566,30720,nan,nan,nan,nan,nan,nan,nan,nan,nan,nan,nan,nan,nan,nan,nan,nan,nan,nan,nan,nan
21,nan,nan,0.0766795,0,0,0.0823821,0.805867,0.334792,-0.0379071,13.4158,0.0003,0,0.510127,7691.58,0.138799,0.0609002,-0.1,0.02,1,4.8201,4.23561,32256,nan,nan,nan,nan,nan,nan,nan,nan,nan,nan,nan,nan,nan,nan,nan,nan,nan,nan,nan,nan
22,nan,nan,0.0847582,0,0,0.0809976,0.878587,0.304911,-0.0405007,13.4321,0.0003,0,0.510585,7900.82,0.134327,0.0600829,-0.1,0.02,1,4.8201,4.43027,33792,nan,nan,nan,nan,nan,nan,nan,nan,nan,nan,nan,nan,nan,nan,nan,nan,nan,nan,nan,nan
23,nan,nan,0.083115,0,0,0.0787566,0.952119,0.397522,-0.0376432,13.4476,0.0003,0,0.510973,7922.72,0.133525,0.060348,-0.1,0.02,1,4.8201,4.62441,35328,nan,nan,nan,nan,nan,nan,nan,nan,nan,nan,nan,nan,nan,nan,nan,nan,nan,nan,nan,nan
24,nan,nan,0.0871587,0,0,0.0764029,0.844144,0.303597,-0.0409398,13.4601,0.0003,0,0.511368,7907.98,0.134016,0.0602181,-0.1,0.02,1,4.8201,4.81891,36864,nan,nan,nan,nan,nan,nan,nan,nan,nan,nan,nan,nan,nan,nan,nan,nan,nan,nan,nan,nan
25,nan,nan,0.0866881,0,0,0.0727456,0.855311,0.228444,-0.0356806,13.475,0.0003,0,0.511737,7427.31,0.145171,0.0616331,-0.1,0.02,1,4.8201,5.02597,38400,nan,nan,nan,nan,nan,nan,nan,nan,nan,nan,nan,nan,nan,nan,nan,nan,nan,nan,nan,nan
26,nan,nan,0.0936167,0,0,0.0710885,0.762074,0.114795,-0.0460815,13.4858,0.0003,0,0.512035,7884.65,0.133705,0.0611041,-0.1,0.02,1,4.8201,5.22105,39936,nan,nan,nan,nan,nan,nan,nan,nan,nan,nan,nan,nan,nan,nan,nan,nan,nan,nan,nan,nan
27,nan,nan,0.0968214,0,0,0.066872,0.785159,0.102934,-0.0475476,13.4975,0.0003,0,0.512377,7919.49,0.133446,0.0605059,-0.1,0.02,1,4.8201,5.41531,41472,nan,nan,nan,nan,nan,nan,nan,nan,nan,nan,nan,nan,nan,nan,nan,nan,nan,nan,nan,nan
28,nan,nan,0.0998406,0,0,0.0691887,0.756182,0.0846456,-0.0425024,13.5073,0.0003,0,0.512582,6902.53,0.133948,0.0885787,-0.1,0.02,1,4.8201,5.63809,43008,nan,nan,nan,nan,nan,nan,nan,nan,nan,nan,nan,nan,nan,nan,nan,nan,nan,nan,nan,nan
29,nan,nan,0.102659,0,0,0.0725472,0.712231,0.0711371,-0.041545,13.5151,0.0003,0,0.51287,7702.95,0.13725,0.0621541,-0.1,0.02,1,4.8201,5.83776,44544,nan,nan,nan,nan,nan,nan,nan,nan,nan,nan,nan,nan,nan,nan,nan,nan,nan,nan,nan,nan
30,nan,nan,0.102597,0,0,0.0747711,0.718991,0.0665974,-0.0365889,13.5285,0.0003,0,0.513342,7796.76,0.135756,0.061249,-0.1,0.02,1,4.8201,6.03507,46080,nan,nan,nan,nan,nan,nan,nan,nan,nan,nan,nan,nan,nan,nan,nan,nan,nan,nan,nan,nan
31,nan,nan,0.103903,0,0,0.0750313,0.73358,0.0533151,-0.0439129,13.5437,0.0003,0,0.513714,8006.34,0.13088,0.0609679,-0.1,0.02,1,4.8201,6.22721,47616,nan,nan,nan,nan,nan,nan,nan,nan,nan,nan,nan,nan,nan,nan,nan,nan,nan,nan,nan,nan
32,nan,nan,0.10255,0,0,0.07679,0.750757,0.0434845,-0.0409139,13.5541,0.0003,0,0.513885,7923.52,0.134013,0.05984,-0.1,0.02,1,4.8201,6.42134,49152,nan,nan,nan,nan,nan,nan,nan,nan,nan,nan,nan,nan,nan,nan,nan,nan,nan,nan,nan,nan
33,nan,nan,0.10558,0,0,0.0724847,0.78541,0.0488506,-0.042864,13.5585,0.0003,0,0.514067,8001.62,0.132108,0.0598531,-0.1,0.02,1,4.8201,6.61361,50688,nan,nan,nan,nan,nan,nan,nan,nan,nan,nan,nan,nan,nan,nan,nan,nan,nan,nan,nan,nan
34,34.9925,400,0.0701339,2.66667,0,0.103784,0.911688,0.578717,-0.0216684,13.5667,0.0003,0,0.514312,6316.96,0.182996,0.060159,-0.1,0.02,1,4.8201,6.85709,52224,0,0,1.85193,0.0127237,-0.0508471,nan,0,nan,nan,nan,nan,0,nan,0,nan,nan,nan,-0.0817342,nan,nan
35,nan,nan,0.0992966,0,0,0.0965693,0.93974,0.160395,-0.0429637,13.5756,0.0003,0,0.514626,7939.95,0.133368,0.0600839,-0.1,0.02,1,4.8201,7.05089,53760,nan,nan,nan,nan,nan,nan,nan,nan,nan,nan,nan,nan,nan,nan,nan,nan,nan,nan,nan,nan
36,nan,nan,0.10006,0,0,0.0796372,0.826971,0.121324,-0.0468489,13.5898,0.0003,0,0.515072,7887.23,0.13343,0.0613151,-0.1,0.02,1,4.8201,7.24593,55296,nan,nan,nan,nan,nan,nan,nan,nan,nan,nan,nan,nan,nan,nan,nan,nan,nan,nan,nan,nan
37,nan,nan,0.0982631,0,0,0.0722421,0.763114,0.139316,-0.039211,13.6025,0.0003,0,0.515338,7932.57,0.133729,0.0599031,-0.1,0.02,1,4.8201,7.43986,56832,nan,nan,nan,nan,nan,nan,nan,nan,nan,nan,nan,nan,nan,nan,nan,nan,nan,nan,nan,nan
38,nan,nan,0.102991,0,0,0.0712856,0.756789,0.204606,-0.0330026,13.6105,0.0003,0,0.515598,7776.07,0.136596,0.0609331,-0.1,0.02,1,4.8201,7.63767,58368,nan,nan,nan,nan,nan,nan,nan,nan,nan,nan,nan,nan,nan,nan,nan,nan,nan,nan,nan,nan
39,nan,nan,0.106155,0,0,0.0694508,0.731725,0.16034,-0.033063,13.6213,0.0003,0,0.515914,7740.46,0.137495,0.0609429,-0.1,0.02,1,4.8201,7.8364,59904,nan,nan,nan,nan,nan,nan,nan,nan,nan,nan,nan,nan,nan,nan,nan,nan,nan,nan,nan,nan
40,nan,nan,0.108489,0,0,0.0729825,0.782851,0.136463,-0.0272031,13.63,0.0003,0,0.516045,7712.51,0.136644,0.0625129,-0.1,0.02,1,4.8201,8.03583,61440,nan,nan,nan,nan,nan,nan,nan,nan,nan,nan,nan,nan,nan,nan,nan,nan,nan,nan,nan,nan
41,nan,nan,0.108332,0,0,0.067839,0.762934,0.0992743,-0.0332358,13.6352,0.0003,0,0.516364,7890.59,0.134202,0.0604601,-0.1,0.02,1,4.8201,8.2308,62976,nan,nan,nan,nan,nan,nan,nan,nan,nan,nan,nan,nan,nan,nan,nan,nan,nan,nan,nan,nan
42,nan,nan,0.109722,0,0,0.0704836,0.690547,0.0470275,-0.032683,13.6517,0.0003,0,0.516845,7884.4,0.134519,0.0602961,-0.1,0.02,1,4.8201,8.42592,64512,nan,nan,nan,nan,nan,nan,nan,nan,nan,nan,nan,nan,nan,nan,nan,nan,nan,nan,nan,nan
43,nan,nan,0.109331,0,0,0.0706232,0.732034,0.0287263,-0.03881,13.667,0.0003,0,0.517288,7982.54,0.132307,0.060113,-0.1,0.02,1,4.8201,8.61864,66048,nan,nan,nan,nan,nan,nan,nan,nan,nan,nan,nan,nan,nan,nan,nan,nan,nan,nan,nan,nan
44,nan,nan,0.109396,0,0,0.0691552,0.746045,0.0229798,-0.0313071,13.6813,0.0003,0,0.51773,7939.75,0.132554,0.0609028,-0.1,0.02,1,4.8201,8.81242,67584,nan,nan,nan,nan,nan,nan,nan,nan,nan,nan,nan,nan,nan,nan,nan,nan,nan,nan,nan,nan
45,nan,nan,0.110047,0,0,0.0694856,0.72043,0.0191794,-0.0357494,13.6996,0.0003,0,0.518326,7981.25,0.132129,0.060322,-0.1,0.02,1,4.8201,9.00515,69120,nan,nan,nan,nan,nan,nan,nan,nan,nan,nan,nan,nan,nan,nan,nan,nan,nan,nan,nan,nan
46,nan,nan,0.110386,0,0,0.0636032,0.717422,0.021258,-0.0305388,13.7162,0.0003,0,0.518577,8023.7,0.131383,0.06005,-0.1,0.02,1,4.8201,9.19691,70656,nan,nan,nan,nan,nan,nan,nan,nan,nan,nan,nan,nan,nan,nan,nan,nan,nan,nan,nan,nan
47,nan,nan,0.110519,0,0,0.062225,0.699647,0.0257024,-0.0314567,13.7251,0.0003,0,0.518975,8000.54,0.131837,0.0601499,-0.1,0.02,1,4.8201,9.38923,72192,nan,nan,nan,nan,nan,nan,nan,nan,nan,nan,nan,nan,nan,nan,nan,nan,nan,nan,nan,nan
48,nan,nan,0.110159,0,0,0.0598549,0.662342,0.0266386,-0.0285925,13.7368,0.0003,0,0.519102,8022.65,0.131119,0.060339,-0.1,0.02,1,4.8201,9.58097,73728,nan,nan,nan,nan,nan,nan,nan,nan,nan,nan,nan,nan,nan,nan,nan,nan,nan,nan,nan,nan
49,nan,nan,0.111202,0,0,0.0648324,0.676744,0.0162373,-0.0406869,13.7395,0.0003,0,0.519235,8008.83,0.131508,0.0602801,-0.1,0.02,1,4.8201,9.77305,75264,nan,nan,nan,nan,nan,nan,nan,nan,nan,nan,nan,nan,nan,nan,nan,nan,nan,nan,nan,nan
50,42.0085,400,0.11107,2.66667,0,0.0656016,0.763917,0.0126387,-0.0308317,13.7417,0.0003,0,0.519188,6314.46,0.182831,0.06042,-0.1,0.02,1,4.8201,10.0167,76800,0,0,2.28435,0.00289343,-0.0529365,nan,0,nan,nan,nan,nan,0,nan,0,nan,nan,nan,-0.164491,nan,nan
51,nan,nan,0.0859305,0,0,0.132968,1.12971,0.254421,-0.0317284,13.7426,0.0003,0,0.519351,7818.22,0.135573,0.0608912,-0.1,0.02,1,4.8201,10.2135,78336,nan,nan,nan,nan,nan,nan,nan,nan,nan,nan,nan,nan,nan,nan,nan,nan,nan,nan,nan,nan
52,nan,nan,0.110139,0,0,0.116009,1.07117,0.0842771,-0.0498839,13.7533,0.0003,0,0.519809,7958.51,0.132917,0.0600841,-0.1,0.02,1,4.8201,10.4069,79872,nan,nan,nan,nan,nan,nan,nan,nan,nan,nan,nan,nan,nan,nan,nan,nan,nan,nan,nan,nan
53,nan,nan,0.113965,0,0,0.102822,0.965518,0.0670311,-0.035592,13.7696,0.0003,0,0.520288,7923.33,0.133708,0.0601499,-0.1,0.02,1,4.8201,10.601,81408,nan,nan,nan,nan,nan,nan,nan,nan,nan,nan,nan,nan,nan,nan,nan,nan,nan,nan,nan,nan
54,nan,nan,0.11223,0,0,0.101226,0.910973,0.0734034,-0.038574,13.7897,0.0003,0,0.520976,7858.02,0.135052,0.0604172,-0.1,0.02,1,4.8201,10.7968,82944,nan,nan,nan,nan,nan,nan,nan,nan,nan,nan,nan,nan,nan,nan,nan,nan,nan,nan,nan,nan
55,nan,nan,0.113933,0,0,0.103247,0.963673,0.0704559,-0.0319969,13.8124,0.0003,0,0.521519,7929.61,0.133395,0.0603092,-0.1,0.02,1,4.8201,10.9908,84480,nan,nan,nan,nan,nan,nan,nan,nan,nan,nan,nan,nan,nan,nan,nan,nan,nan,nan,nan,nan
56,nan,nan,0.112036,0,0,0.0943811,0.856574,0.0611883,-0.0424433,13.83,0.0003,0,0.522065,7703.92,0.138704,0.0606749,-0.1,0.02,1,4.8201,11.1905,86016,nan,nan,nan,nan,nan,nan,nan,nan,nan,nan,nan,nan,nan,nan,nan,nan,nan,nan,nan,nan
57,nan,nan,0.110192,0,0,0.0863541,0.795026,0.049449,-0.036184,13.8473,0.0003,0,0.522458,7314.67,0.149254,0.060735,-0.1,0.02,1,4.8201,11.4007,87552,nan,nan,nan,nan,nan,nan,nan,nan,nan,nan,nan,nan,nan,nan,nan,nan,nan,nan,nan,nan
58,nan,nan,0.10998,0,0,0.0837958,0.810278,0.0427418,-0.0353502,13.8571,0.0003,0,0.522664,6959.26,0.159645,0.0610681,-0.1,0.02,1,4.8201,11.6217,89088,nan,nan,nan,nan,nan,nan,nan,nan,nan,nan,nan,nan,nan,nan,nan,nan,nan,nan,nan,nan
59,nan,nan,0.109747,0,0,0.0742198,0.770217,0.0261315,-0.0327587,13.8683,0.0003,0,0.523155,7861.09,0.1341,0.0612926,-0.1,0.02,1,4.8201,11.8174,90624,nan,nan,nan,nan,nan,nan,nan,nan,nan,nan,nan,nan,nan,nan,nan,nan,nan,nan,nan,nan
60,nan,nan,0.109529,0,0,0.0673764,0.693682,0.0161922,-0.0281629,13.8876,0.0003,0,0.52373,7739.6,0.135192,0.0632677,-0.1,0.02,1,4.8201,12.0162,92160,nan,nan,nan,nan,nan,nan,nan,nan,nan,nan,nan,nan,nan,nan,nan,nan,nan,nan,nan,nan
61,nan,nan,0.110391,0,0,0.06075,0.727052,0.0114934,-0.0360365,13.9073,0.0003,0,0.524298,7814.7,0.135821,0.0607319,-0.1,0.02,1,4.8201,12.213,93696,nan,nan,nan,nan,nan,nan,nan,nan,nan,nan,nan,nan,nan,nan,nan,nan,nan,nan,nan,nan
62,nan,nan,0.110768,0,0,0.0579376,0.698896,0.00780197,-0.0375844,13.9267,0.0003,0,0.52488,7965.94,0.13272,0.0601013,-0.1,0.02,1,4.8201,12.4061,95232,nan,nan,nan,nan,nan,nan,nan,nan,nan,nan,nan,nan,nan,nan,nan,nan,nan,nan,nan,nan
63,nan,nan,0.111893,0,0,0.0609982,0.672088,0.00689844,-0.0307175,13.9457,0.0003,0,0.525437,8021.72,0.131214,0.060266,-0.1,0.02,1,4.8201,12.5978,96768,nan,nan,nan,nan,nan,nan,nan,nan,nan,nan,nan,nan,nan,nan,nan,nan,nan,nan,nan,nan
64,nan,nan,0.11287,0,0,0.0608223,0.643996,0.00756546,-0.0309218,13.9703,0.0003,0,0.526405,8028.03,0.131408,0.059922,-0.1,0.02,1,4.8201,12.7894,98304,nan,nan,nan,nan,nan,nan,nan,nan,nan,nan,nan,nan,nan,nan,nan,nan,nan,nan,nan,nan
65,nan,nan,0.112963,0,0,0.0624333,0.717996,0.00791704,-0.0383008,14.007,0.0003,0,0.527478,8044.87,0.130864,0.060065,-0.1,0.02,1,4.8201,12.9806,99840,nan,nan,nan,nan,nan,nan,nan,nan,nan,nan,nan,nan,nan,nan,nan,nan,nan,nan,nan,nan
66,nan,nan,0.11271,0,0,0.060141,0.736515,0.0060546,-0.037314,14.036,0.0003,0,0.527966,8035.07,0.130847,0.0603151,-0.1,0.02,1,4.8201,13.172,101376,nan,nan,nan,nan,nan,nan,nan,nan,nan,nan,nan,nan,nan,nan,nan,nan,nan,nan,nan,nan
67,44.0327,400,0.0910368,2.66667,0,0.0900365,0.815043,0.0337554,-0.0264021,14.0506,0.0003,0,0.528542,6320.62,0.182685,0.060329,-0.1,0.02,1,4.8201,13.4154,102912,0,0,2.35452,0.00390719,-0.0563361,nan,0,nan,nan,nan,nan,0,nan,0,nan,nan,nan,-0.164357,nan,nan
68,nan,nan,0.101806,0,0,0.112374,1.02407,0.0462815,-0.0384042,14.0753,0.0003,0,0.5294,7930.94,0.133462,0.06021,-0.1,0.02,1,4.8201,13.6093,104448,nan,nan,nan,nan,nan,nan,nan,nan,nan,nan,nan,nan,nan,nan,nan,nan,nan,nan,nan,nan
69,nan,nan,0.111456,0,0,0.0891584,0.894789,0.0289682,-0.0382909,14.1013,0.0003,0,0.529988,7342.4,0.134493,0.0747027,-0.1,0.02,1,4.8201,13.8189,105984,nan,nan,nan,nan,nan,nan,nan,nan,nan,nan,nan,nan,nan,nan,nan,nan,nan,nan,nan,nan
70,nan,nan,0.114359,0,0,0.0852112,0.857391,0.0134081,-0.0365075,14.1221,0.0003,0,0.530777,7888.82,0.134268,0.0604379,-0.1,0.02,1,4.8201,14.0139,107520,nan,nan,nan,nan,nan,nan,nan,nan,nan,nan,nan,nan,nan,nan,nan,nan,nan,nan,nan,nan
71,nan,nan,0.112314,0,0,0.0819189,0.833467,0.0177458,-0.0400434,14.152,0.0003,0,0.531625,7965.69,0.131882,0.060945,-0.1,0.02,1,4.8201,14.207,109056,nan,nan,nan,nan,nan,nan,nan,nan,nan,nan,nan,nan,nan,nan,nan,nan,nan,nan,nan,nan
72,nan,nan,0.110309,0,0,0.0769908,0.780204,0.0177927,-0.0368629,14.1765,0.0003,0,0.532278,7869.86,0.133932,0.0612428,-0.1,0.02,1,4.8201,14.4025,110592,nan,nan,nan,nan,nan,nan,nan,nan,nan,nan,nan,nan,nan,nan,nan,nan,nan,nan,nan,nan
73,nan,nan,0.111532,0,0,0.0691116,0.756643,0.0167224,-0.0387536,14.1945,0.0003,0,0.532701,7716.92,0.138104,0.0609388,-0.1,0.02,1,4.8201,14.6018,112128,nan,nan,nan,nan,nan,nan,nan,nan,nan,nan,nan,nan,nan,nan,nan,nan,nan,nan,nan,nan
74,nan,nan,0.111575,0,0,0.0667712,0.78544,0.0176685,-0.0437031,14.2124,0.0003,0,0.533369,7392.4,0.138067,0.0697138,-0.1,0.02,1,4.8201,14.8099,113664,nan,nan,nan,nan,nan,nan,nan,nan,nan,nan,nan,nan,nan,nan,nan,nan,nan,nan,nan,nan
75,nan,nan,0.11048,0,0,0.0653966,0.794447,0.0153893,-0.0282858,14.237,0.0003,0,0.53412,7845.7,0.135601,0.0601752,-0.1,0.02,1,4.8201,15.006,115200,nan,nan,nan,nan,nan,nan,nan,nan,nan,nan,nan,nan,nan,nan,nan,nan,nan,nan,nan,nan
76,nan,nan,0.110155,0,0,0.0691541,0.785941,0.0331223,-0.0234399,14.2635,0.0003,0,0.535011,8024.91,0.131411,0.059993,-0.1,0.02,1,4.8201,15.1977,116736,nan,nan,nan,nan,nan,nan,nan,nan,nan,nan,nan,nan,nan,nan,nan,nan,nan,nan,nan,nan
77,nan,nan,0.10993,0,0,0.0657252,0.748144,0.0216049,-0.0357525,14.2916,0.0003,0,0.53565,8035.79,0.130852,0.060293,-0.1,0.02,1,4.8201,15.3891,118272,nan,nan,nan,nan,nan,nan,nan,nan,nan,nan,nan,nan,nan,nan,nan,nan,nan,nan,nan,nan
78,nan,nan,0.111341,0,0,0.0661234,0.765188,0.0176783,-0.0326472,14.3072,0.0003,0,0.535922,7362.81,0.147785,0.0608311,-0.1,0.02,1,4.8201,15.598,119808,nan,nan,nan,nan,nan,nan,nan,nan,nan,nan,nan,nan,nan,nan,nan,nan,nan,nan,nan,nan
79,nan,nan,0.112435,0,0,0.0636974,0.737824,0.00649027,-0.0330513,14.3133,0.0003,0,0.536167,7980.1,0.132129,0.0603499,-0.1,0.02,1,4.8201,15.7908,121344,nan,nan,nan,nan,nan,nan,nan,nan,nan,nan,nan,nan,nan,nan,nan,nan,nan,nan,nan,nan
80,nan,nan,0.111571,0,0,0.0627637,0.704766,0.00676276,-0.0365469,14.3267,0.0003,0,0.536711,8012.14,0.131514,0.0601952,-0.1,0.02,1,4.8201,15.9828,122880,nan,nan,nan,nan,nan,nan,nan,nan,nan,nan,nan,nan,nan,nan,nan,nan,nan,nan,nan,nan
81,nan,nan,0.112135,0,0,0.0592914,0.698213,0.0050017,-0.0232473,14.3463,0.0003,0,0.537277,7997.45,0.129541,0.0625203,-0.1,0.02,1,4.8201,16.1752,124416,nan,nan,nan,nan,nan,nan,nan,nan,nan,nan,nan,nan,nan,nan,nan,nan,nan,nan,nan,nan
82,nan,nan,0.11206,0,0,0.0623653,0.724477,0.00521277,-0.0357338,14.37,0.0003,0,0.538248,7825.37,0.135132,0.0611529,-0.1,0.02,1,4.8201,16.3718,125952,nan,nan,nan,nan,nan,nan,nan,nan,nan,nan,nan,nan,nan,nan,nan,nan,nan,nan,nan,nan
83,nan,nan,0.112126,0,0,0.0627757,0.726399,0.00441671,-0.0325942,14.4021,0.0003,0,0.539032,7868.61,0.134185,0.0610211,-0.1,0.02,1,4.8201,16.5673,127488,nan,nan,nan,nan,nan,nan,nan,nan,nan,nan,nan,nan,nan,nan,nan,nan,nan,nan,nan,nan
84,43.8855,400,0.0836306,2.66667,0,0.114471,0.938172,0.0522445,-0.0320276,14.4188,0.0003,0,0.53927,6208.77,0.185984,0.061408,-0.1,0.02,1,4.8201,16.8151,129024,0,0,2.38082,0.003158,-0.0599302,nan,0,nan,nan,nan,nan,0,nan,0,nan,nan,nan,-0.289722,nan,nan
85,nan,nan,0.0959528,0,0,0.125998,1.24606,0.0744289,-0.0358161,14.4301,0.0003,0,0.539863,7769.27,0.135436,0.0622659,-0.1,0.02,1,4.8201,17.0131,130560,nan,nan,nan,nan,nan,nan,nan,nan,nan,nan,nan,nan,nan,nan,nan,nan,nan,nan,nan,nan
86,nan,nan,0.105318,0,0,0.111428,1.05963,0.0404094,-0.0388952,14.4527,0.0003,0,0.540545,7757.85,0.135897,0.0620961,-0.1,0.02,1,4.8201,17.2114,132096,nan,nan,nan,nan,nan,nan,nan,nan,nan,nan,nan,nan,nan,nan,nan,nan,nan,nan,nan,nan
87,nan,nan,0.11144,0,0,0.117562,0.990931,0.0298124,-0.0407906,14.4732,0.0003,0,0.541079,7794.07,0.136115,0.0609581,-0.1,0.02,1,4.8201,17.4088,133632,nan,nan,nan,nan,nan,nan,nan,nan,nan,nan,nan,nan,nan,nan,nan,nan,nan,nan,nan,nan
88,nan,nan,0.108111,0,0,0.102521,1.02982,0.0390613,-0.0251358,14.4907,0.0003,0,0.541634,7916.34,0.133141,0.0608881,-0.1,0.02,1,4.8201,17.6031,135168,nan,nan,nan,nan,nan,nan,nan,nan,nan,nan,nan,nan,nan,nan,nan,nan,nan,nan,nan,nan
89,nan,nan,0.108254,0,0,0.0891363,0.97321,0.0337569,-0.034477,14.5082,0.0003,0,0.54217,7853,0.13459,0.0610042,-0.1,0.02,1,4.8201,17.799,136704,nan,nan,nan,nan,nan,nan,nan,nan,nan,nan,nan,nan,nan,nan,nan,nan,nan,nan,nan,nan
90,nan,nan,0.109664,0,0,0.0869017,0.91908,0.019315,-0.040304,14.5284,0.0003,0,0.542884,7843.1,0.134939,0.0609019,-0.1,0.02,1,4.8201,17.9951,138240,nan,nan,nan,nan,nan,nan,nan,nan,nan,nan,nan,nan,nan,nan,nan,nan,nan,nan,nan,nan
91,nan,nan,0.109961,0,0,0.0715725,0.871819,0.0108427,-0.0324384,14.5544,0.0003,0,0.543655,7882.34,0.133893,0.0609732,-0.1,0.02,1,4.8201,18.1903,139776,nan,nan,nan,nan,nan,nan,nan,nan,nan,nan,nan,nan,nan,nan,nan,nan,nan,nan,nan,nan
92,nan,nan,0.110538,0,0,0.0670928,0.841102,0.00812781,-0.0381055,14.5778,0.0003,0,0.544258,7915.97,0.133082,0.0609562,-0.1,0.02,1,4.8201,18.3846,141312,nan,nan,nan,nan,nan,nan,nan,nan,nan,nan,nan,nan,nan,nan,nan,nan,nan,nan,nan,nan
93,nan,nan,0.110967,0,0,0.0636009,0.797534,0.00630562,-0.0326119,14.5957,0.0003,0,0.544834,7938.11,0.132426,0.0610709,-0.1,0.02,1,4.8201,18.5784,142848,nan,nan,nan,nan,nan,nan,nan,nan,nan,nan,nan,nan,nan,nan,nan,nan,nan,nan,nan,nan
94,nan,nan,0.110939,0,0,0.0585679,0.763937,0.00512459,-0.0329567,14.6155,0.0003,0,0.54531,7933.63,0.13241,0.0611961,-0.1,0.02,1,4.8201,18.7723,144384,nan,nan,nan,nan,nan,nan,nan,nan,nan,nan,nan,nan,nan,nan,nan,nan,nan,nan,nan,nan
95,nan,nan,0.111615,0,0,0.055045,0.733834,0.00489651,-0.0348066,14.6319,0.0003,0,0.545954,7959.37,0.131929,0.0610509,-0.1,0.02,1,4.8201,18.9662,145920,nan,nan,nan,nan,nan,nan,nan,nan,nan,nan,nan,nan,nan,nan,nan,nan,nan,nan,nan,nan
96,nan,nan,0.111908,0,0,0.0535844,0.738674,0.00494052,-0.0357526,14.6554,0.0003,0,0.546681,7949.2,0.132298,0.0609291,-0.1,0.02,1,4.8201,19.1597,147456,nan,nan,nan,nan,nan,nan,nan,nan,nan,nan,nan,nan,nan,nan,nan,nan,nan,nan,nan,nan
97,nan,nan,0.112965,0,0,0.0562427,0.776253,0.00416266,-0.035357,14.6835,0.0003,0,0.547727,7889.63,0.13262,0.0620658,-0.1,0.02,1,4.8201,19.3547,148992,nan,nan,nan,nan,nan,nan,nan,nan,nan,nan,nan,nan,nan,nan,nan,nan,nan,nan,nan,nan
98,nan,nan,0.113209,0,0,0.0586432,0.773018,0.00571208,-0.0340642,14.7116,0.0003,0,0.548239,7730.13,0.13596,0.0627429,-0.1,0.02,1,4.8201,19.5536,150528,nan,nan,nan,nan,nan,nan,nan,nan,nan,nan,nan,nan,nan,nan,nan,nan,nan,nan,nan,nan
99,nan,nan,0.113523,0,0,0.05653,0.721163,0.00573015,-0.0385889,14.7254,0.0003,0,0.548712,7196.2,0.143801,0.0696447,-0.1,0.02,1,4.8201,19.7673,152064,nan,nan,nan,nan,nan,nan,nan,nan,nan,nan,nan,nan,nan,nan,nan,nan,nan,nan,nan,nan
100,43.3545,400,0.115806,2.66667,0,0.056797,0.704204,0.00472638,-0.0392444,14.7437,0.0003,0,0.549322,6058.4,0.19112,0.062412,-0.1,0.02,1,4.8201,20.0212,153600,0,0,2.32684,0.00377533,-0.0656423,nan,0,nan,nan,nan,nan,0,nan,0,nan,nan,nan,-0.245216,nan,nan
101,nan,nan,0.0732793,0,0,0.12728,1.05434,0.041452,-0.0369949,14.759,0.0003,0,0.549572,7782.57,0.135687,0.0616772,-0.1,0.02,1,4.8201,20.2189,155136,nan,nan,nan,nan,nan,nan,nan,nan,nan,nan,nan,nan,nan,nan,nan,nan,nan,nan,nan,nan
102,nan,nan,0.105519,0,0,0.0903745,0.93324,0.0161994,-0.0426464,14.7645,0.0003,0,0.549727,7866.11,0.134035,0.0612333,-0.1,0.02,1,4.8201,20.4144,156672,nan,nan,nan,nan,nan,nan,nan,nan,nan,nan,nan,nan,nan,nan,nan,nan,nan,nan,nan,nan
103,nan,nan,0.111125,0,0,0.085203,0.85928,0.00884692,-0.0415313,14.7762,0.0003,0,0.550386,7790.12,0.13613,0.061043,-0.1,0.02,1,4.8201,20.6118,158208,nan,nan,nan,nan,nan,nan,nan,nan,nan,nan,nan,nan,nan,nan,nan,nan,nan,nan,nan,nan
104,nan,nan,0.115065,0,0,0.0795667,0.79877,0.00776757,-0.032638,14.796,0.0003,0,0.550823,7787.66,0.136166,0.061069,-0.1,0.02,1,4.8201,20.8093,159744,nan,nan,nan,nan,nan,nan,nan,nan,nan,nan,nan,nan,nan,nan,nan,nan,nan,nan,nan,nan
105,nan,nan,0.115688,0,0,0.0867056,0.759167,0.00861104,-0.0370901,14.8099,0.0003,0,0.551255,7691.57,0.135757,0.0639422,-0.1,0.02,1,4.8201,21.0093,161280,nan,nan,nan,nan,nan,nan,nan,nan,nan,nan,nan,nan,nan,nan,nan,nan,nan,nan,nan,nan
106,nan,nan,0.114483,0,0,0.0805624,0.785143,0.00862144,-0.0375323,14.8289,0.0003,0,0.552051,7568.59,0.139441,0.0635033,-0.1,0.02,1,4.8201,21.2125,162816,nan,nan,nan,nan,nan,nan,nan,nan,nan,nan,nan,nan,nan,nan,nan,nan,nan,nan,nan,nan
107,nan,nan,0.113361,0,0,0.0696931,0.742373,0.0150509,-0.0194498,14.8569,0.0003,0,0.55289,7577.96,0.139437,0.063256,-0.1,0.02,1,4.8201,21.4154,164352,nan,nan,nan,nan,nan,nan,nan,nan,nan,nan,nan,nan,nan,nan,nan,nan,nan,nan,nan,nan
108,nan,nan,0.11469,0,0,0.0727443,0.698024,0.0124258,-0.0377026,14.8812,0.0003,0,0.553554,7704.47,0.138146,0.061219,-0.1,0.02,1,4.8201,21.615,165888,nan,nan,nan,nan,nan,nan,nan,nan,nan,nan,nan,nan,nan,nan,nan,nan,nan,nan,nan,nan
109,nan,nan,0.115691,0,0,0.0685946,0.763011,0.00528178,-0.0327293,14.8987,0.0003,0,0.554102,7868.41,0.134016,0.0611949,-0.1,0.02,1,4.8201,21.8105,167424,nan,nan,nan,nan,nan,nan,nan,nan,nan,nan,nan,nan,nan,nan,nan,nan,nan,nan,nan,nan
110,nan,nan,0.116589,0,0,0.0665876,0.691588,0.00525132,-0.0319191,14.9221,0.0003,0,0.554866,7889.92,0.132925,0.0617537,-0.1,0.02,1,4.8201,22.0054,168960,nan,nan,nan,nan,nan,nan,nan,nan,nan,nan,nan,nan,nan,nan,nan,nan,nan,nan,nan,nan
111,nan,nan,0.117427,0,0,0.0670938,0.720166,0.00425088,-0.0320466,14.9481,0.0003,0,0.555768,7918.14,0.132623,0.061362,-0.1,0.02,1,4.8201,22.1997,170496,nan,nan,nan,nan,nan,nan,nan,nan,nan,nan,nan,nan,nan,nan,nan,nan,nan,nan,nan,nan
112,nan,nan,0.118096,0,0,0.066698,0.704593,0.00483038,-0.0355629,14.9724,0.0003,0,0.556204,7765.11,0.135462,0.062346,-0.1,0.02,1,4.8201,22.3978,172032,nan,nan,nan,nan,nan,nan,nan,nan,nan,nan,nan,nan,nan,nan,nan,nan,nan,nan,nan,nan
113,nan,nan,0.118744,0,0,0.0655244,0.691409,0.0035631,-0.0296567,14.9838,0.0003,0,0.556554,7870.82,0.133846,0.061305,-0.1,0.02,1,4.8201,22.5932,173568,nan,nan,nan,nan,nan,nan,nan,nan,nan,nan,nan,nan,nan,nan,nan,nan,nan,nan,nan,nan
114,nan,nan,0.114795,0,0,0.0636388,0.680392,0.0333356,-0.0132885,14.9982,0.0003,0,0.557135,7613.76,0.137691,0.0640488,-0.1,0.02,1,4.8201,22.7952,175104,nan,nan,nan,nan,nan,nan,nan,nan,nan,nan,nan,nan,nan,nan,nan,nan,nan,nan,nan,nan
115,nan,nan,0.102541,0,0,0.0629031,0.6974,0.068358,-0.0119473,15.0144,0.0003,0,0.557512,7671.37,0.13749,0.0627348,-0.1,0.02,1,4.8201,22.9956,176640,nan,nan,nan,nan,nan,nan,nan,nan,nan,nan,nan,nan,nan,nan,nan,nan,nan,nan,nan,nan
116,nan,nan,0.100146,0,0,0.0629924,0.723948,0.0728926,-0.0152732,15.0259,0.0003,0,0.557826,7697.08,0.136846,0.06271,-0.1,0.02,1,4.8201,23.1955,178176,nan,nan,nan,nan,nan,nan,nan,nan,nan,nan,nan,nan,nan,nan,nan,nan,nan,nan,nan,nan
117,43.945,400,0.083965,2.66667,0,0.0902345,0.812237,0.0680269,-0.0226598,15.034,0.0003,0,0.558046,6164.36,0.188001,0.061173,-0.1,0.02,1,4.8201,23.4449,179712,0,0,2.31405,0.00329887,-0.067525,nan,0,nan,nan,nan,nan,0,nan,0,nan,nan,nan,-0.276782,nan,nan
118,nan,nan,0.107808,0,0,0.125693,1.23569,0.0569065,-0.0340376,15.0455,0.0003,0,0.558576,7836.85,0.134927,0.0610702,-0.1,0.02,1,4.8201,23.6412,181248,nan,nan,nan,nan,nan,nan,nan,nan,nan,nan,nan,nan,nan,nan,nan,nan,nan,nan,nan,nan
119,nan,nan,0.113358,0,0,0.118989,0.995919,0.0227028,-0.0369014,15.0611,0.0003,0,0.558943,7817.44,0.135406,0.0610781,-0.1,0.02,1,4.8201,23.8379,182784,nan,nan,nan,nan,nan,nan,nan,nan,nan,nan,nan,nan,nan,nan,nan,nan,nan,nan,nan,nan
120,nan,nan,0.116669,0,0,0.116181,1.03931,0.0190352,-0.0460894,15.0683,0.0003,0,0.559017,7863.86,0.134106,0.061218,-0.1,0.02,1,4.8201,24.0335,184320,nan,nan,nan,nan,nan,nan,nan,nan,nan,nan,nan,nan,nan,nan,nan,nan,nan,nan,nan,nan
121,nan,nan,0.116937,0,0,0.127657,1.05735,0.0226809,-0.0414276,15.071,0.0003,0,0.559161,7797.51,0.134891,0.0620949,-0.1,0.02,1,4.8201,24.2308,185856,nan,nan,nan,nan,nan,nan,nan,nan,nan,nan,nan,nan,nan,nan,nan,nan,nan,nan,nan,nan
122,nan,nan,0.114647,0,0,0.122114,1.16221,0.0359145,-0.0345953,15.0771,0.0003,0,0.559381,7813.05,0.135537,0.0610571,-0.1,0.02,1,4.8201,24.4276,187392,nan,nan,nan,nan,nan,nan,nan,nan,nan,nan,nan,nan,nan,nan,nan,nan,nan,nan,nan,nan
123,nan,nan,0.115468,0,0,0.11531,1.07504,0.0402562,-0.0360143,15.0904,0.0003,0,0.560083,7882.66,0.133452,0.0614059,-0.1,0.02,1,4.8201,24.6227,188928,nan,nan,nan,nan,nan,nan,nan,nan,nan,nan,nan,nan,nan,nan,nan,nan,nan,nan,nan,nan
124,nan,nan,0.111896,0,0,0.0971087,0.979971,0.0404304,-0.0326088,15.1118,0.0003,0,0.56059,7855.05,0.133945,0.0615981,-0.1,0.02,1,4.8201,24.8185,190464,nan,nan,nan,nan,nan,nan,nan,nan,nan,nan,nan,nan,nan,nan,nan,nan,nan,nan,nan,nan
125,nan,nan,0.114589,0,0,0.0960122,0.886257,0.0267945,-0.0331989,15.1296,0.0003,0,0.561277,7841.52,0.134337,0.0615432,-0.1,0.02,1,4.8201,25.0147,192000,nan,nan,nan,nan,nan,nan,nan,nan,nan,nan,nan,nan,nan,nan,nan,nan,nan,nan,nan,nan
126,nan,nan,0.114803,0,0,0.0808052,0.811911,0.0216913,-0.0372029,15.1494,0.0003,0,0.561699,7884.81,0.133605,0.0612001,-0.1,0.02,1,4.8201,25.2098,193536,nan,nan,nan,nan,nan,nan,nan,nan,nan,nan,nan,nan,nan,nan,nan,nan,nan,nan,nan,nan
127,nan,nan,0.118592,0,0,0.0813267,0.815615,0.0110448,-0.038585,15.1602,0.0003,0,0.562067,7929.84,0.132859,0.0608399,-0.1,0.02,1,4.8201,25.4037,195072,nan,nan,nan,nan,nan,nan,nan,nan,nan,nan,nan,nan,nan,nan,nan,nan,nan,nan,nan,nan
128,nan,nan,0.119877,0,0,0.0897251,0.878592,0.00755285,-0.0408797,15.1748,0.0003,0,0.562602,7898.03,0.133313,0.061166,-0.1,0.02,1,4.8201,25.5985,196608,nan,nan,nan,nan,nan,nan,nan,nan,nan,nan,nan,nan,nan,nan,nan,nan,nan,nan,nan,nan
129,nan,nan,0.120453,0,0,0.0759393,0.86653,0.00463266,-0.0340523,15.1937,0.0003,0,0.563258,7899.08,0.133435,0.0610182,-0.1,0.02,1,4.8201,25.7932,198144,nan,nan,nan,nan,nan,nan,nan,nan,nan,nan,nan,nan,nan,nan,nan,nan,nan,nan,nan,nan
130,nan,nan,0.12077,0,0,0.0830184,0.828998,0.00444476,-0.04288,15.2157,0.0003,0,0.563909,7927.94,0.132808,0.0609372,-0.1,0.02,1,4.8201,25.9872,199680,nan,nan,nan,nan,nan,nan,nan,nan,nan,nan,nan,nan,nan,nan,nan,nan,nan,nan,nan,nan
131,nan,nan,0.121908,0,0,0.0862657,0.835734,0.00499597,-0.0422026,15.2336,0.0003,0,0.564407,7877.47,0.134,0.0609863,-0.1,0.02,1,4.8201,26.1825,201216,nan,nan,nan,nan,nan,nan,nan,nan,nan,nan,nan,nan,nan,nan,nan,nan,nan,nan,nan,nan
132,nan,nan,0.121614,0,0,0.086152,0.887144,0.00481483,-0.0429234,15.2492,0.0003,0,0.564954,7679,0.13486,0.065166,-0.1,0.02,1,4.8201,26.3828,202752,nan,nan,nan,nan,nan,nan,nan,nan,nan,nan,nan,nan,nan,nan,nan,nan,nan,nan,nan,nan
133,nan,nan,0.122069,0,0,0.0857571,0.851848,0.00459546,-0.0359025,15.2698,0.0003,0,0.565595,7610.75,0.138876,0.0629439,-0.1,0.02,1,4.8201,26.5848,204288,nan,nan,nan,nan,nan,nan,nan,nan,nan,nan,nan,nan,nan,nan,nan,nan,nan,nan,nan,nan
134,46.3762,400,0.083942,2.66667,0,0.134436,1.16741,0.0192001,-0.0317429,15.2883,0.0003,0,0.566169,5890.61,0.195833,0.0649211,-0.1,0.02,1,4.8201,26.8459,205824,0,0,2.35512,0.00381047,-0.0744601,nan,0,nan,nan,nan,nan,0,nan,0,nan,nan,nan,-0.177503,nan,nan
135,nan,nan,0.112835,0,0,0.123574,1.11562,0.0113751,-0.0457674,15.3084,0.0003,0,0.566802,7729.75,0.137581,0.061132,-0.1,0.02,1,4.8201,27.0449,207360,nan,nan,nan,nan,nan,nan,nan,nan,nan,nan,nan,nan,nan,nan,nan,nan,nan,nan,nan,nan
136,nan,nan,0.115391,0,0,0.102156,0.988411,0.00790146,-0.0414807,15.3288,0.0003,0,0.567508,7822.41,0.134541,0.0618179,-0.1,0.02,1,4.8201,27.2415,208896,nan,nan,nan,nan,nan,nan,nan,nan,nan,nan,nan,nan,nan,nan,nan,nan,nan,nan,nan,nan
137,nan,nan,0.116816,0,0,0.0967244,0.905301,0.0185049,-0.0301599,15.3501,0.0003,0,0.568143,7817.71,0.13584,0.060637,-0.1,0.02,1,4.8201,27.4382,210432,nan,nan,nan,nan,nan,nan,nan,nan,nan,nan,nan,nan,nan,nan,nan,nan,nan,nan,nan,nan
138,nan,nan,0.116814,0,0,0.0919703,0.950781,0.0139344,-0.0376393,15.3691,0.0003,0,0.568636,7862.13,0.134567,0.0608001,-0.1,0.02,1,4.8201,27.6339,211968,nan,nan,nan,nan,nan,nan,nan,nan,nan,nan,nan,nan,nan,nan,nan,nan,nan,nan,nan,nan
139,nan,nan,0.118396,0,0,0.0836222,0.873644,0.0121444,-0.0315771,15.3866,0.0003,0,0.569259,7686.34,0.13786,0.061975,-0.1,0.02,1,4.8201,27.8341,213504,nan,nan,nan,nan,nan,nan,nan,nan,nan,nan,nan,nan,nan,nan,nan,nan,nan,nan,nan,nan
140,nan,nan,0.119585,0,0,0.0876306,0.844804,0.00711381,-0.038286,15.4065,0.0003,0,0.570024,7692.93,0.138578,0.0610859,-0.1,0.02,1,4.8201,28.034,215040,nan,nan,nan,nan,nan,nan,nan,nan,nan,nan,nan,nan,nan,nan,nan,nan,nan,nan,nan,nan
141,nan,nan,0.120564,0,0,0.0908729,0.854928,0.00731945,-0.0347489,15.4319,0.0003,0,0.570702,7533.73,0.138967,0.0649161,-0.1,0.02,1,4.8201,28.2382,216576,nan,nan,nan,nan,nan,nan,nan,nan,nan,nan,nan,nan,nan,nan,nan,nan,nan,nan,nan,nan
142,nan,nan,0.120635,0,0,0.080489,0.793523,0.00445959,-0.0356463,15.4508,0.0003,0,0.571249,7676.97,0.137561,0.0625181,-0.1,0.02,1,4.8201,28.4386,218112,nan,nan,nan,nan,nan,nan,nan,nan,nan,nan,nan,nan,nan,nan,nan,nan,nan,nan,nan,nan
143,nan,nan,0.121709,0,0,0.0833353,0.764403,0.00401799,-0.0388473,15.4643,0.0003,0,0.571572,7479.33,0.138262,0.0671039,-0.1,0.02,1,4.8201,28.6443,219648,nan,nan,nan,nan,nan,nan,nan,nan,nan,nan,nan,nan,nan,nan,nan,nan,nan,nan,nan,nan
144,nan,nan,0.121086,0,0,0.0804109,0.790527,0.00402409,-0.0353688,15.4727,0.0003,0,0.571788,7832.69,0.134686,0.0614152,-0.1,0.02,1,4.8201,28.8407,221184,nan,nan,nan,nan,nan,nan,nan,nan,nan,nan,nan,nan,nan,nan,nan,nan,nan,nan,nan,nan
145,nan,nan,0.120375,0,0,0.0908644,0.792824,0.0107068,-0.0287686,15.4845,0.0003,0,0.572331,6963.43,0.133629,0.086952,-0.1,0.02,1,4.8201,29.0615,222720,nan,nan,nan,nan,nan,nan,nan,nan,nan,nan,nan,nan,nan,nan,nan,nan,nan,nan,nan,nan
146,nan,nan,0.119954,0,0,0.0817682,0.8156,0.00948121,-0.03499,15.4981,0.0003,0,0.572499,7393.97,0.139481,0.0682559,-0.1,0.02,1,4.8201,29.2696,224256,nan,nan,nan,nan,nan,nan,nan,nan,nan,nan,nan,nan,nan,nan,nan,nan,nan,nan,nan,nan
147,nan,nan,0.120446,0,0,0.0801564,0.773347,0.00883089,-0.0277492,15.5026,0.0003,0,0.57286,7651.85,0.139946,0.0607898,-0.1,0.02,1,4.8201,29.4706,225792,nan,nan,nan,nan,nan,nan,nan,nan,nan,nan,nan,nan,nan,nan,nan,nan,nan,nan,nan,nan
148,nan,nan,0.120391,0,0,0.0834509,0.759265,0.00689597,-0.0281093,15.5166,0.0003,0,0.573307,7774.93,0.134267,0.0632913,-0.1,0.02,1,4.8201,29.6684,227328,nan,nan,nan,nan,nan,nan,nan,nan,nan,nan,nan,nan,nan,nan,nan,nan,nan,nan,nan,nan
149,nan,nan,0.120127,0,0,0.0839719,0.753585,0.00847417,-0.0281193,15.5292,0.0003,0,0.573666,7833.06,0.135268,0.0608242,-0.1,0.02,1,4.8201,29.8648,228864,nan,nan,nan,nan,nan,nan,nan,nan,nan,nan,nan,nan,nan,nan,nan,nan,nan,nan,nan,nan
150,46.7654,400,0.120216,2.66667,0,0.0764608,0.750486,0.00937232,-0.0318304,15.5455,0.0003,0,0.574488,6178.6,0.186692,0.061908,-0.1,0.02,1,4.8201,30.1136,230400,0,0,2.37195,0.00152084,-0.0798555,nan,0,nan,nan,nan,nan,0,nan,0,nan,nan,nan,-0.181404,nan,nan
151,nan,nan,0.0799723,0,0,0.141138,1.38875,0.0241367,-0.038642,15.5686,0.0003,0,0.57485,7786.67,0.136939,0.0603211,-0.1,0.02,1,4.8201,30.3112,231936,nan,nan,nan,nan,nan,nan,nan,nan,nan,nan,nan,nan,nan,nan,nan,nan,nan,nan,nan,nan
152,nan,nan,0.110072,0,0,0.108946,1.14731,0.0122449,-0.0441482,15.5779,0.0003,0,0.575354,7963.04,0.132792,0.0600991,-0.1,0.02,1,4.8201,30.5044,233472,nan,nan,nan,nan,nan,nan,nan,nan,nan,nan,nan,nan,nan,nan,nan,nan,nan,nan,nan,nan
153,nan,nan,0.117994,0,0,0.0945184,0.971956,0.00585565,-0.0420069,15.6004,0.0003,0,0.576183,7792.73,0.13449,0.0626171,-0.1,0.02,1,4.8201,30.7017,235008,nan,nan,nan,nan,nan,nan,nan,nan,nan,nan,nan,nan,nan,nan,nan,nan,nan,nan,nan,nan
154,nan,nan,0.119199,0,0,0.0996041,0.95274,0.00594645,-0.0419003,15.6197,0.0003,0,0.576513,7384.3,0.137913,0.0700958,-0.1,0.02,1,4.8201,30.91,236544,nan,nan,nan,nan,nan,nan,nan,nan,nan,nan,nan,nan,nan,nan,nan,nan,nan,nan,nan,nan
155,nan,nan,0.119745,0,0,0.100192,0.91967,0.0104818,-0.0394281,15.6381,0.0003,0,0.577657,7686.04,0.139309,0.060534,-0.1,0.02,1,4.8201,31.1101,238080,nan,nan,nan,nan,nan,nan,nan,nan,nan,nan,nan,nan,nan,nan,nan,nan,nan,nan,nan,nan
156,nan,nan,0.121211,0,0,0.0955318,0.80354,0.00988163,-0.0356931,15.6759,0.0003,0,0.578682,7822.29,0.134292,0.0620701,-0.1,0.02,1,4.8201,31.3068,239616,nan,nan,nan,nan,nan,nan,nan,nan,nan,nan,nan,nan,nan,nan,nan,nan,nan,nan,nan,nan
157,nan,nan,0.120617,0,0,0.0867714,0.798828,0.00706854,-0.0411313,15.7037,0.0003,0,0.579503,7834.05,0.135648,0.0604191,-0.1,0.02,1,4.8201,31.5031,241152,nan,nan,nan,nan,nan,nan,nan,nan,nan,nan,nan,nan,nan,nan,nan,nan,nan,nan,nan,nan
158,nan,nan,0.120743,0,0,0.0881471,0.750661,0.00565878,-0.042217,15.7268,0.0003,0,0.580101,7890.15,0.134007,0.0606661,-0.1,0.02,1,4.8201,31.698,242688,nan,nan,nan,nan,nan,nan,nan,nan,nan,nan,nan,nan,nan,nan,nan,nan,nan,nan,nan,nan
159,nan,nan,0.120798,0,0,0.0857625,0.678691,0.00445095,-0.0373235,15.743,0.0003,0,0.580567,7819.22,0.136032,0.0604069,-0.1,0.02,1,4.8201,31.8947,244224,nan,nan,nan,nan,nan,nan,nan,nan,nan,nan,nan,nan,nan,nan,nan,nan,nan,nan,nan,nan
160,nan,nan,0.121585,0,0,0.0861194,0.744772,0.00758963,-0.0358461,15.7545,0.0003,0,0.580818,7901.15,0.134471,0.059931,-0.1,0.02,1,4.8201,32.0893,245760,nan,nan,nan,nan,nan,nan,nan,nan,nan,nan,nan,nan,nan,nan,nan,nan,nan,nan,nan,nan
161,nan,nan,0.121592,0,0,0.093199,0.787588,0.00683498,-0.034497,15.7629,0.0003,0,0.58127,7893.64,0.134405,0.0601821,-0.1,0.02,1,4.8201,32.2842,247296,nan,nan,nan,nan,nan,nan,nan,nan,nan,nan,nan,nan,nan,nan,nan,nan,nan,nan,nan,nan
162,nan,nan,0.121604,0,0,0.0976238,0.759318,0.0057976,-0.0362268,15.7821,0.0003,0,0.58192,7951.26,0.133225,0.059952,-0.1,0.02,1,4.8201,32.4776,248832,nan,nan,nan,nan,nan,nan,nan,nan,nan,nan,nan,nan,nan,nan,nan,nan,nan,nan,nan,nan
163,nan,nan,0.121615,0,0,0.0926133,0.767437,0.00480619,-0.0346692,15.7992,0.0003,0,0.58232,7849.15,0.135754,0.059936,-0.1,0.02,1,4.8201,32.6736,250368,nan,nan,nan,nan,nan,nan,nan,nan,nan,nan,nan,nan,nan,nan,nan,nan,nan,nan,nan,nan
164,nan,nan,0.122336,0,0,0.0922841,0.766117,0.00398265,-0.0352789,15.8138,0.0003,0,0.58312,7842.74,0.135338,0.0605116,-0.1,0.02,1,4.8201,32.8697,251904,nan,nan,nan,nan,nan,nan,nan,nan,nan,nan,nan,nan,nan,nan,nan,nan,nan,nan,nan,nan
165,nan,nan,0.12199,0,0,0.0872407,0.732501,0.00425984,-0.037876,15.8387,0.0003,0,0.583694,7894.94,0.134749,0.0598061,-0.1,0.02,1,4.8201,33.0645,253440,nan,nan,nan,nan,nan,nan,nan,nan,nan,nan,nan,nan,nan,nan,nan,nan,nan,nan,nan,nan
166,nan,nan,0.122864,0,0,0.0954506,0.764591,0.00374581,-0.0374076,15.8561,0.0003,0,0.584388,7819.33,0.135816,0.0606201,-0.1,0.02,1,4.8201,33.2611,254976,nan,nan,nan,nan,nan,nan,nan,nan,nan,nan,nan,nan,nan,nan,nan,nan,nan,nan,nan,nan
167,47.1863,400,0.0988503,2.66667,0,0.116078,0.943708,0.00938575,-0.0288258,15.8755,0.0003,0,0.584832,5992.72,0.192058,0.0642531,-0.1,0.02,1,4.8201,33.5177,256512,0,0,2.38886,0.00228314,-0.0879744,nan,0,nan,nan,nan,nan,0,nan,0,nan,nan,nan,-0.211977,nan,nan
168,nan,nan,0.101934,0,0,0.143625,1.516,0.0163299,-0.0383604,15.8903,0.0003,0,0.585411,7910.84,0.133973,0.0601912,-0.1,0.02,1,4.8201,33.7122,258048,nan,nan,nan,nan,nan,nan,nan,nan,nan,nan,nan,nan,nan,nan,nan,nan,nan,nan,nan,nan
169,nan,nan,0.114384,0,0,0.122197,1.08604,0.0100041,-0.0381726,15.909,0.0003,0,0.586189,7903.39,0.133957,0.06039,-0.1,0.02,1,4.8201,33.9068,259584,nan,nan,nan,nan,nan,nan,nan,nan,nan,nan,nan,nan,nan,nan,nan,nan,nan,nan,nan,nan
170,nan,nan,0.120655,0,0,0.131781,0.977073,0.0162108,-0.0327174,15.9347,0.0003,0,0.586953,7732.93,0.137241,0.0613902,-0.1,0.02,1,4.8201,34.1056,261120,nan,nan,nan,nan,nan,nan,nan,nan,nan,nan,nan,nan,nan,nan,nan,nan,nan,nan,nan,nan
171,nan,nan,0.118568,0,0,0.127385,1.09011,0.0356413,-0.0345939,15.9538,0.0003,0,0.587439,7477,0.142398,0.0630322,-0.1,0.02,1,4.8201,34.3113,262656,nan,nan,nan,nan,nan,nan,nan,nan,nan,nan,nan,nan,nan,nan,nan,nan,nan,nan,nan,nan
172,nan,nan,0.117622,0,0,0.110449,0.936974,0.0511133,-0.0307855,15.9689,0.0003,0,0.587934,7633.03,0.14076,0.0604708,-0.1,0.02,1,4.8201,34.5128,264192,nan,nan,nan,nan,nan,nan,nan,nan,nan,nan,nan,nan,nan,nan,nan,nan,nan,nan,nan,nan
173,nan,nan,0.121774,0,0,0.113913,0.852775,0.0213432,-0.0398659,15.9838,0.0003,0,0.588456,7709.21,0.138801,0.0604408,-0.1,0.02,1,4.8201,34.7123,265728,nan,nan,nan,nan,nan,nan,nan,nan,nan,nan,nan,nan,nan,nan,nan,nan,nan,nan,nan,nan
174,nan,nan,0.122402,0,0,0.103776,0.809391,0.0139928,-0.0357519,15.9975,0.0003,0,0.588726,7749.01,0.137723,0.0604961,-0.1,0.02,1,4.8201,34.9108,267264,nan,nan,nan,nan,nan,nan,nan,nan,nan,nan,nan,nan,nan,nan,nan,nan,nan,nan,nan,nan
175,nan,nan,0.121553,0,0,0.109142,0.863024,0.0455148,-0.0252953,16.0127,0.0003,0,0.589544,7719.8,0.138084,0.060885,-0.1,0.02,1,4.8201,35.11,268800,nan,nan,nan,nan,nan,nan,nan,nan,nan,nan,nan,nan,nan,nan,nan,nan,nan,nan,nan,nan
176,nan,nan,0.116652,0,0,0.107318,0.769626,0.0282991,-0.0318869,16.038,0.0003,0,0.59043,7620.56,0.141051,0.060509,-0.1,0.02,1,4.8201,35.3118,270336,nan,nan,nan,nan,nan,nan,nan,nan,nan,nan,nan,nan,nan,nan,nan,nan,nan,nan,nan,nan
177,nan,nan,0.118953,0,0,0.096807,0.782656,0.0322148,-0.0244795,16.0677,0.0003,0,0.591349,7723.68,0.136258,0.0626111,-0.1,0.02,1,4.8201,35.511,271872,nan,nan,nan,nan,nan,nan,nan,nan,nan,nan,nan,nan,nan,nan,nan,nan,nan,nan,nan,nan
178,nan,nan,0.119808,0,0,0.0954174,0.843751,0.0218379,-0.0333105,16.0861,0.0003,0,0.591651,7587.4,0.139948,0.0624928,-0.1,0.02,1,4.8201,35.7136,273408,nan,nan,nan,nan,nan,nan,nan,nan,nan,nan,nan,nan,nan,nan,nan,nan,nan,nan,nan,nan
179,nan,nan,0.119266,0,0,0.0847073,0.730809,0.0314675,-0.023629,16.0994,0.0003,0,0.59238,7541.84,0.141322,0.0623417,-0.1,0.02,1,4.8201,35.9175,274944,nan,nan,nan,nan,nan,nan,nan,nan,nan,nan,nan,nan,nan,nan,nan,nan,nan,nan,nan,nan
180,nan,nan,0.11877,0,0,0.0922779,0.734099,0.0388349,-0.0214975,16.12,0.0003,0,0.592846,7740.07,0.138288,0.0601602,-0.1,0.02,1,4.8201,36.1162,276480,nan,nan,nan,nan,nan,nan,nan,nan,nan,nan,nan,nan,nan,nan,nan,nan,nan,nan,nan,nan
181,nan,nan,0.11951,0,0,0.0811384,0.741616,0.0389794,-0.0197684,16.1308,0.0003,0,0.593217,7400.74,0.142724,0.0648229,-0.1,0.02,1,4.8201,36.324,278016,nan,nan,nan,nan,nan,nan,nan,nan,nan,nan,nan,nan,nan,nan,nan,nan,nan,nan,nan,nan
182,nan,nan,0.122268,0,0,0.0994803,0.830636,0.0573634,-0.028971,16.1453,0.0003,0,0.59372,7523.72,0.140791,0.0633631,-0.1,0.02,1,4.8201,36.5284,279552,nan,nan,nan,nan,nan,nan,nan,nan,nan,nan,nan,nan,nan,nan,nan,nan,nan,nan,nan,nan
183,nan,nan,0.122075,0,0,0.0935735,0.858967,0.0349463,-0.0380231,16.1596,0.0003,0,0.594199,7426.79,0.141499,0.06532,-0.1,0.02,1,4.8201,36.7355,281088,nan,nan,nan,nan,nan,nan,nan,nan,nan,nan,nan,nan,nan,nan,nan,nan,nan,nan,nan,nan
184,46.8829,400,0.0797494,2.66667,0,0.13395,1.46238,0.0775088,-0.0296638,16.1743,0.0003,0,0.594627,5794.03,0.20275,0.06235,-0.1,0.02,1,4.8201,37.0009,282624,0,0,2.32724,0.00182558,-0.0887819,nan,0,nan,nan,nan,nan,0,nan,0,nan,nan,nan,-0.241524,nan,nan
185,nan,nan,0.109297,0,0,0.142805,1.26612,0.0784324,-0.0337249,16.1886,0.0003,0,0.595208,7556.01,0.14247,0.060812,-0.1,0.02,1,4.8201,37.2045,284160,nan,nan,nan,nan,nan,nan,nan,nan,nan,nan,nan,nan,nan,nan,nan,nan,nan,nan,nan,nan
186,nan,nan,0.112255,0,0,0.118529,0.979623,0.101125,-0.0273835,16.2054,0.0003,0,0.595646,7814.72,0.136517,0.060035,-0.1,0.02,1,4.8201,37.4013,285696,nan,nan,nan,nan,nan,nan,nan,nan,nan,nan,nan,nan,nan,nan,nan,nan,nan,nan,nan,nan
187,nan,nan,0.100439,0,0,0.10402,0.887979,0.103012,-0.0264887,16.2166,0.0003,0,0.596036,7825.03,0.135665,0.0606279,-0.1,0.02,1,4.8201,37.5978,287232,nan,nan,nan,nan,nan,nan,nan,nan,nan,nan,nan,nan,nan,nan,nan,nan,nan,nan,nan,nan
188,nan,nan,0.100442,0,0,0.0921978,0.75839,0.0792947,-0.0191104,16.2329,0.0003,0,0.596681,7758.75,0.13736,0.0606101,-0.1,0.02,1,4.8201,37.796,288768,nan,nan,nan,nan,nan,nan,nan,nan,nan,nan,nan,nan,nan,nan,nan,nan,nan,nan,nan,nan
189,nan,nan,0.111118,0,0,0.094936,0.809824,0.129259,-0.0269004,16.2552,0.0003,0,0.597547,7798.22,0.136807,0.0601611,-0.1,0.02,1,4.8201,37.9933,290304,nan,nan,nan,nan,nan,nan,nan,nan,nan,nan,nan,nan,nan,nan,nan,nan,nan,nan,nan,nan
190,nan,nan,0.112696,0,0,0.0961365,0.729796,0.135863,-0.0280045,16.2817,0.0003,0,0.598384,7788.29,0.136934,0.0602849,-0.1,0.02,1,4.8201,38.1907,291840,nan,nan,nan,nan,nan,nan,nan,nan,nan,nan,nan,nan,nan,nan,nan,nan,nan,nan,nan,nan
191,nan,nan,0.109766,0,0,0.0874184,0.719208,0.073189,-0.0332986,16.3047,0.0003,0,0.599106,7768.79,0.137426,0.060288,-0.1,0.02,1,4.8201,38.3887,293376,nan,nan,nan,nan,nan,nan,nan,nan,nan,nan,nan,nan,nan,nan,nan,nan,nan,nan,nan,nan
192,nan,nan,0.114218,0,0,0.10551,0.768832,0.0747341,-0.0313464,16.329,0.0003,0,0.600071,7830.63,0.13586,0.0602927,-0.1,0.02,1,4.8201,38.5851,294912,nan,nan,nan,nan,nan,nan,nan,nan,nan,nan,nan,nan,nan,nan,nan,nan,nan,nan,nan,nan
193,nan,nan,0.120647,0,0,0.130035,0.917152,0.0703343,-0.0306535,16.3564,0.0003,0,0.600826,7862.25,0.134738,0.060626,-0.1,0.02,1,4.8201,38.7807,296448,nan,nan,nan,nan,nan,nan,nan,nan,nan,nan,nan,nan,nan,nan,nan,nan,nan,nan,nan,nan
194,nan,nan,0.12236,0,0,0.132751,0.995659,0.0576686,-0.0392777,16.3753,0.0003,0,0.601496,7792.68,0.133403,0.0637052,-0.1,0.02,1,4.8201,38.978,297984,nan,nan,nan,nan,nan,nan,nan,nan,nan,nan,nan,nan,nan,nan,nan,nan,nan,nan,nan,nan
195,nan,nan,0.119716,0,0,0.121098,1.0294,0.0670811,-0.0335028,16.3994,0.0003,0,0.602299,7285.14,0.149998,0.060842,-0.1,0.02,1,4.8201,39.1891,299520,nan,nan,nan,nan,nan,nan,nan,nan,nan,nan,nan,nan,nan,nan,nan,nan,nan,nan,nan,nan
196,nan,nan,0.113812,0,0,0.116318,0.960587,0.0602332,-0.0402928,16.4218,0.0003,0,0.603091,7578,0.14041,0.0622818,-0.1,0.02,1,4.8201,39.3921,301056,nan,nan,nan,nan,nan,nan,nan,nan,nan,nan,nan,nan,nan,nan,nan,nan,nan,nan,nan,nan
197,nan,nan,0.108036,0,0,0.101345,0.879223,0.074419,-0.0371115,16.4485,0.0003,0,0.604071,7609.26,0.140157,0.0617023,-0.1,0.02,1,4.8201,39.5942,302592,nan,nan,nan,nan,nan,nan,nan,nan,nan,nan,nan,nan,nan,nan,nan,nan,nan,nan,nan,nan
198,nan,nan,0.103176,0,0,0.0910722,0.843013,0.104825,-0.0324401,16.4741,0.0003,0,0.60476,7872.2,0.134594,0.060523,-0.1,0.02,1,4.8201,39.7896,304128,nan,nan,nan,nan,nan,nan,nan,nan,nan,nan,nan,nan,nan,nan,nan,nan,nan,nan,nan,nan
199,nan,nan,0.100411,0,0,0.0948574,0.854949,0.0936463,-0.025405,16.4924,0.0003,0,0.605282,7916.95,0.133752,0.060262,-0.1,0.02,1,4.8201,39.9839,305664,nan,nan,nan,nan,nan,nan,nan,nan,nan,nan,nan,nan,nan,nan,nan,nan,nan,nan,nan,nan
200,43.2364,400,0.103944,2.66667,0,0.105356,0.862208,0.0825846,-0.0231648,16.5064,0.0003,0,0.605764,6168.48,0.186477,0.062531,-0.1,0.02,1,4.8201,40.2331,307200,0,0,2.14931,0.00130365,-0.0873517,nan,0,nan,nan,nan,nan,0,nan,0,nan,nan,nan,-0.369791,nan,nan
201,nan,nan,0.0766731,0,0,0.175804,1.62657,0.102306,-0.0385515,16.5203,0.0003,0,0.606216,7822.49,0.135089,0.0612681,-0.1,0.02,1,4.8201,42.2888,308736,nan,nan,nan,nan,nan,nan,nan,nan,nan,nan,nan,nan,nan,nan,nan,nan,nan,nan,nan,nan
202,nan,nan,0.108672,0,0,0.137754,1.2221,0.0719707,-0.0349114,16.5347,0.0003,0,0.606731,7865.83,0.133345,0.0619302,-0.1,0.02,1,4.8201,42.4844,310272,nan,nan,nan,nan,nan,nan,nan,nan,nan,nan,nan,nan,nan,nan,nan,nan,nan,nan,nan,nan
203,nan,nan,0.115276,0,0,0.126141,1.00159,0.0605916,-0.0367213,16.5505,0.0003,0,0.607352,7656.5,0.137507,0.063107,-0.1,0.02,1,4.8201,42.6853,311808,nan,nan,nan,nan,nan,nan,nan,nan,nan,nan,nan,nan,nan,nan,nan,nan,nan,nan,nan,nan
204,nan,nan,0.1139,0,0,0.109893,0.941729,0.0509955,-0.034775,16.5677,0.0003,0,0.607786,7592.73,0.140248,0.0620511,-0.1,0.02,1,4.8201,42.8878,313344,nan,nan,nan,nan,nan,nan,nan,nan,nan,nan,nan,nan,nan,nan,nan,nan,nan,nan,nan,nan
205,nan,nan,0.110763,0,0,0.108502,0.875014,0.0524982,-0.0321925,16.5807,0.0003,0,0.608283,7699.21,0.138728,0.0607731,-0.1,0.02,1,4.8201,43.0876,314880,nan,nan,nan,nan,nan,nan,nan,nan,nan,nan,nan,nan,nan,nan,nan,nan,nan,nan,nan,nan
206,nan,nan,0.113291,0,0,0.10602,0.860266,0.0481921,-0.0349891,16.5938,0.0003,0,0.608641,7728.5,0.13804,0.0607049,-0.1,0.02,1,4.8201,43.2866,316416,nan,nan,nan,nan,nan,nan,nan,nan,nan,nan,nan,nan,nan,nan,nan,nan,nan,nan,nan,nan
207,nan,nan,0.114297,0,0,0.104799,0.836877,0.0505267,-0.0275883,16.6051,0.0003,0,0.609065,7844.37,0.135555,0.0602541,-0.1,0.02,1,4.8201,43.4826,317952,nan,nan,nan,nan,nan,nan,nan,nan,nan,nan,nan,nan,nan,nan,nan,nan,nan,nan,nan,nan
208,nan,nan,0.109719,0,0,0.0931174,0.823429,0.0758494,-0.0291527,16.6203,0.0003,0,0.609799,7840.45,0.135578,0.060329,-0.1,0.02,1,4.8201,43.6788,319488,nan,nan,nan,nan,nan,nan,nan,nan,nan,nan,nan,nan,nan,nan,nan,nan,nan,nan,nan,nan
209,nan,nan,0.109775,0,0,0.0915161,0.78065,0.0622195,-0.0296236,16.6457,0.0003,0,0.61068,7864.26,0.134806,0.060508,-0.1,0.02,1,4.8201,43.8744,321024,nan,nan,nan,nan,nan,nan,nan,nan,nan,nan,nan,nan,nan,nan,nan,nan,nan,nan,nan,nan
210,nan,nan,0.109045,0,0,0.0829993,0.733363,0.0839067,-0.0297392,16.6687,0.0003,0,0.61131,7914.79,0.134041,0.0600262,-0.1,0.02,1,4.8201,44.0687,322560,nan,nan,nan,nan,nan,nan,nan,nan,nan,nan,nan,nan,nan,nan,nan,nan,nan,nan,nan,nan
211,nan,nan,0.108756,0,0,0.0872054,0.762587,0.0820139,-0.0321508,16.6858,0.0003,0,0.611915,7869.62,0.134721,0.0604599,-0.1,0.02,1,4.8201,44.2641,324096,nan,nan,nan,nan,nan,nan,nan,nan,nan,nan,nan,nan,nan,nan,nan,nan,nan,nan,nan,nan
212,nan,nan,0.112671,0,0,0.087771,0.807093,0.0431442,-0.0244775,16.7035,0.0003,0,0.612519,7819.38,0.135744,0.0606911,-0.1,0.02,1,4.8201,44.4608,325632,nan,nan,nan,nan,nan,nan,nan,nan,nan,nan,nan,nan,nan,nan,nan,nan,nan,nan,nan,nan
213,nan,nan,0.117999,0,0,0.0985913,0.825393,0.0340524,-0.0277749,16.7238,0.0003,0,0.613458,7829.75,0.135232,0.0609429,-0.1,0.02,1,4.8201,44.6572,327168,nan,nan,nan,nan,nan,nan,nan,nan,nan,nan,nan,nan,nan,nan,nan,nan,nan,nan,nan,nan
214,nan,nan,0.116244,0,0,0.0797497,0.787508,0.0448086,-0.0251524,16.7511,0.0003,0,0.614087,7820.97,0.13573,0.0606651,-0.1,0.02,1,4.8201,44.854,328704,nan,nan,nan,nan,nan,nan,nan,nan,nan,nan,nan,nan,nan,nan,nan,nan,nan,nan,nan,nan
215,nan,nan,0.117649,0,0,0.0822747,0.815811,0.0359895,-0.02756,16.7679,0.0003,0,0.614849,7789.6,0.136595,0.060591,-0.1,0.02,1,4.8201,45.0514,330240,nan,nan,nan,nan,nan,nan,nan,nan,nan,nan,nan,nan,nan,nan,nan,nan,nan,nan,nan,nan
216,nan,nan,0.118969,0,0,0.0904318,0.817542,0.0238844,-0.0273472,16.7945,0.0003,0,0.615744,7860.71,0.134705,0.0606971,-0.1,0.02,1,4.8201,45.2471,331776,nan,nan,nan,nan,nan,nan,nan,nan,nan,nan,nan,nan,nan,nan,nan,nan,nan,nan,nan,nan
217,44.3966,400,0.0893928,2.66667,0,0.113369,1.00703,0.0505335,-0.0295187,16.8207,0.0003,0,0.61661,6128.86,0.189835,0.0607829,-0.1,0.02,1,4.8201,45.498,333312,0,0,2.22478,0.00149893,-0.096641,nan,0,nan,nan,nan,nan,0,nan,0,nan,nan,nan,-0.34752,nan,nan
218,nan,nan,0.100453,0,0,0.155726,1.40374,0.0342272,-0.0366251,16.8429,0.0003,0,0.617267,7941.11,0.133099,0.0603249,-0.1,0.02,1,4.8201,45.6917,334848,nan,nan,nan,nan,nan,nan,nan,nan,nan,nan,nan,nan,nan,nan,nan,nan,nan,nan,nan,nan
219,nan,nan,0.114773,0,0,0.118578,1.03466,0.016822,-0.043049,16.8602,0.0003,0,0.617851,7723.17,0.13799,0.0608919,-0.1,0.02,1,4.8201,45.8908,336384,nan,nan,nan,nan,nan,nan,nan,nan,nan,nan,nan,nan,nan,nan,nan,nan,nan,nan,nan,nan
220,nan,nan,0.117658,0,0,0.119019,1.00876,0.0284169,-0.024062,16.8826,0.0003,0,0.618923,7708.04,0.13775,0.0615222,-0.1,0.02,1,4.8201,46.0903,337920,nan,nan,nan,nan,nan,nan,nan,nan,nan,nan,nan,nan,nan,nan,nan,nan,nan,nan,nan,nan
221,nan,nan,0.118292,0,0,0.105878,0.925663,0.0178677,-0.0468859,16.9147,0.0003,0,0.619834,7578.75,0.140556,0.0621161,-0.1,0.02,1,4.8201,46.2932,339456,nan,nan,nan,nan,nan,nan,nan,nan,nan,nan,nan,nan,nan,nan,nan,nan,nan,nan,nan,nan
222,nan,nan,0.117695,0,0,0.111531,0.930082,0.0216094,-0.0280571,16.9341,0.0003,0,0.620358,7809.2,0.13622,0.0604711,-0.1,0.02,1,4.8201,46.4902,340992,nan,nan,nan,nan,nan,nan,nan,nan,nan,nan,nan,nan,nan,nan,nan,nan,nan,nan,nan,nan
223,nan,nan,0.119053,0,0,0.0958965,0.870175,0.0149967,-0.0355395,16.9504,0.0003,0,0.621165,7868.74,0.134808,0.060395,-0.1,0.02,1,4.8201,46.6857,342528,nan,nan,nan,nan,nan,nan,nan,nan,nan,nan,nan,nan,nan,nan,nan,nan,nan,nan,nan,nan
224,nan,nan,0.120235,0,0,0.0835222,0.772519,0.0137725,-0.034283,16.9795,0.0003,0,0.622201,7905.14,0.134071,0.0602329,-0.1,0.02,1,4.8201,46.8803,344064,nan,nan,nan,nan,nan,nan,nan,nan,nan,nan,nan,nan,nan,nan,nan,nan,nan,nan,nan,nan
225,nan,nan,0.121274,0,0,0.0869191,0.781158,0.0117286,-0.03436,16.9984,0.0003,0,0.622261,7852.19,0.135475,0.0601392,-0.1,0.02,1,4.8201,47.0762,345600,nan,nan,nan,nan,nan,nan,nan,nan,nan,nan,nan,nan,nan,nan,nan,nan,nan,nan,nan,nan
226,nan,nan,0.122972,0,0,0.0952235,0.790972,0.0132214,-0.0344274,16.998,0.0003,0,0.622428,7386.92,0.147605,0.0603299,-0.1,0.02,1,4.8201,47.2845,347136,nan,nan,nan,nan,nan,nan,nan,nan,nan,nan,nan,nan,nan,nan,nan,nan,nan,nan,nan,nan
227,nan,nan,0.123053,0,0,0.0970004,0.774405,0.00624095,-0.0394531,17.007,0.0003,0,0.622893,7901.19,0.134242,0.060159,-0.1,0.02,1,4.8201,47.4792,348672,nan,nan,nan,nan,nan,nan,nan,nan,nan,nan,nan,nan,nan,nan,nan,nan,nan,nan,nan,nan
228,nan,nan,0.123048,0,0,0.0848777,0.758156,0.00476216,-0.0360393,17.0234,0.0003,0,0.623593,7961.6,0.132648,0.0602779,-0.1,0.02,1,4.8201,47.6724,350208,nan,nan,nan,nan,nan,nan,nan,nan,nan,nan,nan,nan,nan,nan,nan,nan,nan,nan,nan,nan
229,nan,nan,0.123616,0,0,0.0865264,0.770456,0.00370917,-0.0379239,17.0433,0.0003,0,0.624269,7015.78,0.133483,0.0854518,-0.1,0.02,1,4.8201,47.8916,351744,nan,nan,nan,nan,nan,nan,nan,nan,nan,nan,nan,nan,nan,nan,nan,nan,nan,nan,nan,nan
230,nan,nan,0.12362,0,0,0.09164,0.762405,0.00288658,-0.0394291,17.0596,0.0003,0,0.624764,7664.58,0.138317,0.0620852,-0.1,0.02,1,4.8201,48.0923,353280,nan,nan,nan,nan,nan,nan,nan,nan,nan,nan,nan,nan,nan,nan,nan,nan,nan,nan,nan,nan
231,nan,nan,0.12485,0,0,0.0957403,0.807777,0.00422085,-0.039325,17.0735,0.0003,0,0.625062,7692.65,0.138154,0.061517,-0.1,0.02,1,4.8201,48.2923,354816,nan,nan,nan,nan,nan,nan,nan,nan,nan,nan,nan,nan,nan,nan,nan,nan,nan,nan,nan,nan
232,nan,nan,0.124487,0,0,0.100417,0.827793,0.00397832,-0.0381274,17.0812,0.0003,0,0.625485,7540.58,0.142291,0.0614071,-0.1,0.02,1,4.8201,48.4964,356352,nan,nan,nan,nan,nan,nan,nan,nan,nan,nan,nan,nan,nan,nan,nan,nan,nan,nan,nan,nan
233,nan,nan,0.124767,0,0,0.100831,0.849312,0.00330672,-0.0390079,17.0957,0.0003,0,0.625958,7860.11,0.135051,0.0603662,-0.1,0.02,1,4.8201,48.692,357888,nan,nan,nan,nan,nan,nan,nan,nan,nan,nan,nan,nan,nan,nan,nan,nan,nan,nan,nan,nan
234,47.3886,400,0.0854293,2.66667,0,0.14215,1.24294,0.0184033,-0.0303933,17.1105,0.0003,0,0.626594,6249.14,0.185483,0.0603108,-0.1,0.02,1,4.8201,48.9382,359424,0,0,2.37599,0.00158875,-0.102307,nan,0,nan,nan,nan,nan,0,nan,0,nan,nan,nan,-0.32365,nan,nan
235,nan,nan,0.117221,0,0,0.14806,1.1132,0.00613005,-0.0437164,17.1303,0.0003,0,0.627235,7989.48,0.131846,0.0604069,-0.1,0.02,1,4.8201,49.1308,360960,nan,nan,nan,nan,nan,nan,nan,nan,nan,nan,nan,nan,nan,nan,nan,nan,nan,nan,nan,nan
236,nan,nan,0.124179,0,0,0.128782,0.904004,0.00735485,-0.0350218,17.147,0.0003,0,0.627779,7902.53,0.133759,0.0606091,-0.1,0.02,1,4.8201,49.3255,362496,nan,nan,nan,nan,nan,nan,nan,nan,nan,nan,nan,nan,nan,nan,nan,nan,nan,nan,nan,nan
237,nan,nan,0.123165,0,0,0.126519,0.91915,0.00983514,-0.0354993,17.1681,0.0003,0,0.628874,7866.28,0.134807,0.060457,-0.1,0.02,1,4.8201,49.521,364032,nan,nan,nan,nan,nan,nan,nan,nan,nan,nan,nan,nan,nan,nan,nan,nan,nan,nan,nan,nan
238,nan,nan,0.121999,0,0,0.126267,0.927508,0.0230148,-0.0236457,17.2007,0.0003,0,0.630051,7885.79,0.133253,0.061528,-0.1,0.02,1,4.8201,49.716,365568,nan,nan,nan,nan,nan,nan,nan,nan,nan,nan,nan,nan,nan,nan,nan,nan,nan,nan,nan,nan
239,nan,nan,0.121455,0,0,0.120403,0.943775,0.019336,-0.0308329,17.2342,0.0003,0,0.631042,7813.8,0.136171,0.0604041,-0.1,0.02,1,4.8201,49.9128,367104,nan,nan,nan,nan,nan,nan,nan,nan,nan,nan,nan,nan,nan,nan,nan,nan,nan,nan,nan,nan
240,nan,nan,0.120347,0,0,0.115585,0.888538,0.0287262,-0.0323589,17.2591,0.0003,0,0.631938,7844.78,0.135472,0.0603268,-0.1,0.02,1,4.8201,50.1089,368640,nan,nan,nan,nan,nan,nan,nan,nan,nan,nan,nan,nan,nan,nan,nan,nan,nan,nan,nan,nan
241,nan,nan,0.119875,0,0,0.106982,0.872704,0.0287438,-0.0335519,17.2803,0.0003,0,0.63241,7671.76,0.137341,0.0628738,-0.1,0.02,1,4.8201,50.3094,370176,nan,nan,nan,nan,nan,nan,nan,nan,nan,nan,nan,nan,nan,nan,nan,nan,nan,nan,nan,nan
242,nan,nan,0.122428,0,0,0.124632,0.861545,0.0249977,-0.0375233,17.295,0.0003,0,0.63322,7616.81,0.139775,0.0618842,-0.1,0.02,1,4.8201,50.5113,371712,nan,nan,nan,nan,nan,nan,nan,nan,nan,nan,nan,nan,nan,nan,nan,nan,nan,nan,nan,nan
243,nan,nan,0.121175,0,0,0.101947,0.877994,0.0224689,-0.029595,17.3199,0.0003,0,0.633871,7653.14,0.139535,0.0611668,-0.1,0.02,1,4.8201,50.7122,373248,nan,nan,nan,nan,nan,nan,nan,nan,nan,nan,nan,nan,nan,nan,nan,nan,nan,nan,nan,nan
244,nan,nan,0.119715,0,0,0.100725,0.799358,0.0406075,-0.0312345,17.3335,0.0003,0,0.634277,7836.48,0.135665,0.0603414,-0.1,0.02,1,4.8201,50.9085,374784,nan,nan,nan,nan,nan,nan,nan,nan,nan,nan,nan,nan,nan,nan,nan,nan,nan,nan,nan,nan
245,nan,nan,0.115777,0,0,0.0988932,0.862355,0.0562022,-0.0253239,17.3498,0.0003,0,0.635089,7899.9,0.133931,0.0605016,-0.1,0.02,1,4.8201,51.1032,376320,nan,nan,nan,nan,nan,nan,nan,nan,nan,nan,nan,nan,nan,nan,nan,nan,nan,nan,nan,nan
246,nan,nan,0.111567,0,0,0.0955204,0.802402,0.100617,-0.0200151,17.3748,0.0003,0,0.635924,7832.9,0.135471,0.0606248,-0.1,0.02,1,4.8201,51.2996,377856,nan,nan,nan,nan,nan,nan,nan,nan,nan,nan,nan,nan,nan,nan,nan,nan,nan,nan,nan,nan
247,nan,nan,0.108461,0,0,0.095003,0.806222,0.0798399,-0.0277822,17.3932,0.0003,0,0.636367,7750.76,0.137351,0.060823,-0.1,0.02,1,4.8201,51.498,379392,nan,nan,nan,nan,nan,nan,nan,nan,nan,nan,nan,nan,nan,nan,nan,nan,nan,nan,nan,nan
248,nan,nan,0.117833,0,0,0.108288,0.836027,0.0617667,-0.034213,17.4065,0.0003,0,0.636995,7895.51,0.133985,0.0605559,-0.1,0.02,1,4.8201,51.6928,380928,nan,nan,nan,nan,nan,nan,nan,nan,nan,nan,nan,nan,nan,nan,nan,nan,nan,nan,nan,nan
249,nan,nan,0.117563,0,0,0.105234,0.816583,0.115804,-0.0227699,17.4241,0.0003,0,0.637589,7851.19,0.135537,0.0601022,-0.1,0.02,1,4.8201,51.8887,382464,nan,nan,nan,nan,nan,nan,nan,nan,nan,nan,nan,nan,nan,nan,nan,nan,nan,nan,nan,nan
250,46.5475,400,0.112732,2.66667,0,0.0996814,0.797159,0.129128,-0.0214668,17.4415,0.0003,0,0.638253,6053.18,0.193288,0.060463,-0.1,0.02,1,4.8201,52.1427,384000,0,0,2.30576,0.00148988,-0.0994929,nan,0,nan,nan,nan,nan,0,nan,0,nan,nan,nan,-0.339581,nan,nan
251,nan,nan,0.0816437,0,0,0.162065,1.42255,0.0472993,-0.0384902,17.4549,0.0003,0,0.638414,7750.57,0.135897,0.0622818,-0.1,0.02,1,4.8201,52.3412,385536,nan,nan,nan,nan,nan,nan,nan,nan,nan,nan,nan,nan,nan,nan,nan,nan,nan,nan,nan,nan
252,nan,nan,0.117016,0,0,0.135256,1.04782,0.0206338,-0.0391287,17.4546,0.0003,0,0.638356,7658.79,0.13863,0.0619242,-0.1,0.02,1,4.8201,52.542,387072,nan,nan,nan,nan,nan,nan,nan,nan,nan,nan,nan,nan,nan,nan,nan,nan,nan,nan,nan,nan
253,nan,nan,0.119792,0,0,0.116297,0.920171,0.0316397,-0.0302202,17.4565,0.0003,0,0.638695,7650.58,0.139399,0.0613701,-0.1,0.02,1,4.8201,52.743,388608,nan,nan,nan,nan,nan,nan,nan,nan,nan,nan,nan,nan,nan,nan,nan,nan,nan,nan,nan,nan
254,nan,nan,0.115121,0,0,0.120239,0.852541,0.045209,-0.0303729,17.4647,0.0003,0,0.638715,7835.25,0.135289,0.0607481,-0.1,0.02,1,4.8201,52.9393,390144,nan,nan,nan,nan,nan,nan,nan,nan,nan,nan,nan,nan,nan,nan,nan,nan,nan,nan,nan,nan
255,nan,nan,0.113146,0,0,0.102638,0.825433,0.0486794,-0.0318795,17.4692,0.0003,0,0.639121,7788.93,0.137168,0.0600348,-0.1,0.02,1,4.8201,53.1367,391680,nan,nan,nan,nan,nan,nan,nan,nan,nan,nan,nan,nan,nan,nan,nan,nan,nan,nan,nan,nan
256,nan,nan,0.114219,0,0,0.100799,0.838756,0.0523286,-0.0318814,17.4805,0.0003,0,0.639505,7752.61,0.136126,0.062001,-0.1,0.02,1,4.8201,53.3351,393216,nan,nan,nan,nan,nan,nan,nan,nan,nan,nan,nan,nan,nan,nan,nan,nan,nan,nan,nan,nan
257,nan,nan,0.113535,0,0,0.0926045,0.802036,0.0905609,-0.0226304,17.4928,0.0003,0,0.640034,7630.14,0.13848,0.0628269,-0.1,0.02,1,4.8201,53.5367,394752,nan,nan,nan,nan,nan,nan,nan,nan,nan,nan,nan,nan,nan,nan,nan,nan,nan,nan,nan,nan
258,nan,nan,0.115578,0,0,0.103981,0.747977,0.0606308,-0.032061,17.5105,0.0003,0,0.640754,7776.19,0.13687,0.0606558,-0.1,0.02,1,4.8201,53.7345,396288,nan,nan,nan,nan,nan,nan,nan,nan,nan,nan,nan,nan,nan,nan,nan,nan,nan,nan,nan,nan
259,nan,nan,0.118779,0,0,0.0902593,0.71422,0.0400253,-0.0339821,17.5266,0.0003,0,0.641133,7926.72,0.13358,0.060195,-0.1,0.02,1,4.8201,53.9285,397824,nan,nan,nan,nan,nan,nan,nan,nan,nan,nan,nan,nan,nan,nan,nan,nan,nan,nan,nan,nan
260,nan,nan,0.118436,0,0,0.0862673,0.722659,0.0258181,-0.0363801,17.5357,0.0003,0,0.641446,7873.53,0.135242,0.0598421,-0.1,0.02,1,4.8201,54.1238,399360,nan,nan,nan,nan,nan,nan,nan,nan,nan,nan,nan,nan,nan,nan,nan,nan,nan,nan,nan,nan
261,nan,nan,0.117163,0,0,0.0845919,0.72315,0.0206494,-0.0312835,17.5497,0.0003,0,0.642289,7788.45,0.136162,0.0610533,-0.1,0.02,1,4.8201,54.3213,400896,nan,nan,nan,nan,nan,nan,nan,nan,nan,nan,nan,nan,nan,nan,nan,nan,nan,nan,nan,nan
262,nan,nan,0.117977,0,0,0.0789919,0.722915,0.0259203,-0.0308314,17.575,0.0003,0,0.643042,7442.15,0.139666,0.066726,-0.1,0.02,1,4.8201,54.528,402432,nan,nan,nan,nan,nan,nan,nan,nan,nan,nan,nan,nan,nan,nan,nan,nan,nan,nan,nan,nan
263,nan,nan,0.118263,0,0,0.0804994,0.699092,0.0217838,-0.0286346,17.5902,0.0003,0,0.643408,7388.63,0.14603,0.061857,-0.1,0.02,1,4.8201,54.7362,403968,nan,nan,nan,nan,nan,nan,nan,nan,nan,nan,nan,nan,nan,nan,nan,nan,nan,nan,nan,nan
264,nan,nan,0.119827,0,0,0.0969045,0.712162,0.0309774,-0.0339984,17.6045,0.0003,0,0.644251,7576.8,0.141874,0.0608499,-0.1,0.02,1,4.8201,54.9391,405504,nan,nan,nan,nan,nan,nan,nan,nan,nan,nan,nan,nan,nan,nan,nan,nan,nan,nan,nan,nan
265,nan,nan,0.120023,0,0,0.103998,0.720782,0.0180994,-0.0313437,17.6295,0.0003,0,0.645073,7755.26,0.137559,0.0604999,-0.1,0.02,1,4.8201,55.1375,407040,nan,nan,nan,nan,nan,nan,nan,nan,nan,nan,nan,nan,nan,nan,nan,nan,nan,nan,nan,nan
266,nan,nan,0.120292,0,0,0.0988683,0.729873,0.0291089,-0.0283782,17.6539,0.0003,0,0.646036,7885.28,0.13397,0.060823,-0.1,0.02,1,4.8201,55.3325,408576,nan,nan,nan,nan,nan,nan,nan,nan,nan,nan,nan,nan,nan,nan,nan,nan,nan,nan,nan,nan
267,46.0961,400,0.090524,2.66667,0,0.107734,0.89897,0.0214956,-0.0449072,17.6773,0.0003,0,0.646768,6143.38,0.189684,0.0603411,-0.1,0.02,1,4.8201,55.5828,410112,0,0,2.28251,0.00167751,-0.101401,nan,0,nan,nan,nan,nan,0,nan,0,nan,nan,nan,-0.393761,nan,nan
268,nan,nan,0.0888167,0,0,0.159468,1.56057,0.0318604,-0.0421241,17.6952,0.0003,0,0.647264,7986.02,0.132274,0.0600622,-0.1,0.02,1,4.8201,55.7755,411648,nan,nan,nan,nan,nan,nan,nan,nan,nan,nan,nan,nan,nan,nan,nan,nan,nan,nan,nan,nan
269,nan,nan,0.122129,0,0,0.156575,1.0151,0.0137555,-0.0369294,17.7103,0.0003,0,0.647862,7920.71,0.133822,0.0601001,-0.1,0.02,1,4.8201,55.9696,413184,nan,nan,nan,nan,nan,nan,nan,nan,nan,nan,nan,nan,nan,nan,nan,nan,nan,nan,nan,nan
270,nan,nan,0.121095,0,0,0.125189,0.874904,0.00526028,-0.0402459,17.7267,0.0003,0,0.648508,7900.75,0.134417,0.0599952,-0.1,0.02,1,4.8201,56.1643,414720,nan,nan,nan,nan,nan,nan,nan,nan,nan,nan,nan,nan,nan,nan,nan,nan,nan,nan,nan,nan
271,nan,nan,0.120559,0,0,0.121491,0.843875,0.00595784,-0.0388841,17.7535,0.0003,0,0.649817,7855.37,0.13528,0.0602551,-0.1,0.02,1,4.8201,56.3601,416256,nan,nan,nan,nan,nan,nan,nan,nan,nan,nan,nan,nan,nan,nan,nan,nan,nan,nan,nan,nan
272,nan,nan,0.121419,0,0,0.124852,0.87269,0.00975951,-0.0236774,17.7855,0.0003,0,0.65076,7907.25,0.133968,0.0602841,-0.1,0.02,1,4.8201,56.5546,417792,nan,nan,nan,nan,nan,nan,nan,nan,nan,nan,nan,nan,nan,nan,nan,nan,nan,nan,nan,nan
273,nan,nan,0.119887,0,0,0.119066,0.793507,0.0137414,-0.0296732,17.8144,0.0003,0,0.651973,7694,0.137794,0.061842,-0.1,0.02,1,4.8201,56.7545,419328,nan,nan,nan,nan,nan,nan,nan,nan,nan,nan,nan,nan,nan,nan,nan,nan,nan,nan,nan,nan
274,nan,nan,0.120028,0,0,0.133838,0.814489,0.0199766,-0.0285632,17.8446,0.0003,0,0.652836,7791.89,0.136791,0.0603373,-0.1,0.02,1,4.8201,56.9518,420864,nan,nan,nan,nan,nan,nan,nan,nan,nan,nan,nan,nan,nan,nan,nan,nan,nan,nan,nan,nan
275,nan,nan,0.12235,0,0,0.136766,0.864984,0.0184333,-0.0293185,17.8648,0.0003,0,0.653436,7599.15,0.140463,0.0616651,-0.1,0.02,1,4.8201,57.1542,422400,nan,nan,nan,nan,nan,nan,nan,nan,nan,nan,nan,nan,nan,nan,nan,nan,nan,nan,nan,nan
276,nan,nan,0.122727,0,0,0.123902,0.822177,0.0168924,-0.0378406,17.8818,0.0003,0,0.654113,7465.85,0.140436,0.0653009,-0.1,0.02,1,4.8201,57.3602,423936,nan,nan,nan,nan,nan,nan,nan,nan,nan,nan,nan,nan,nan,nan,nan,nan,nan,nan,nan,nan
277,nan,nan,0.122712,0,0,0.1144,0.802875,0.020732,-0.0264551,17.8984,0.0003,0,0.654665,7723.84,0.138199,0.0606658,-0.1,0.02,1,4.8201,57.5593,425472,nan,nan,nan,nan,nan,nan,nan,nan,nan,nan,nan,nan,nan,nan,nan,nan,nan,nan,nan,nan
278,nan,nan,0.122129,0,0,0.120008,0.821018,0.0209503,-0.027623,17.9135,0.0003,0,0.65511,7938.6,0.132757,0.0607281,-0.1,0.02,1,4.8201,57.7531,427008,nan,nan,nan,nan,nan,nan,nan,nan,nan,nan,nan,nan,nan,nan,nan,nan,nan,nan,nan,nan
279,nan,nan,0.123199,0,0,0.127676,0.816755,0.0128062,-0.0304012,17.9269,0.0003,0,0.655708,7910.75,0.133544,0.0606222,-0.1,0.02,1,4.8201,57.9475,428544,nan,nan,nan,nan,nan,nan,nan,nan,nan,nan,nan,nan,nan,nan,nan,nan,nan,nan,nan,nan
280,nan,nan,0.122566,0,0,0.122949,0.793943,0.0217616,-0.031731,17.9481,0.0003,0,0.656691,7889.38,0.133903,0.0607891,-0.1,0.02,1,4.8201,58.1425,430080,nan,nan,nan,nan,nan,nan,nan,nan,nan,nan,nan,nan,nan,nan,nan,nan,nan,nan,nan,nan
281,nan,nan,0.122385,0,0,0.123564,0.802895,0.0124335,-0.0350087,17.9726,0.0003,0,0.65742,7919.4,0.13285,0.0611038,-0.1,0.02,1,4.8201,58.3367,431616,nan,nan,nan,nan,nan,nan,nan,nan,nan,nan,nan,nan,nan,nan,nan,nan,nan,nan,nan,nan
282,nan,nan,0.12365,0,0,0.115913,0.846706,0.0166706,-0.0400723,17.9904,0.0003,0,0.657989,7883.31,0.134029,0.060813,-0.1,0.02,1,4.8201,58.5318,433152,nan,nan,nan,nan,nan,nan,nan,nan,nan,nan,nan,nan,nan,nan,nan,nan,nan,nan,nan,nan
283,nan,nan,0.122341,0,0,0.122989,0.78905,0.0138776,-0.0323829,18.0078,0.0003,0,0.658797,7936.47,0.132328,0.0612092,-0.1,0.02,1,4.8201,58.7256,434688,nan,nan,nan,nan,nan,nan,nan,nan,nan,nan,nan,nan,nan,nan,nan,nan,nan,nan,nan,nan
284,47.2592,400,0.080754,2.66667,0,0.138897,1.26244,0.0287855,-0.0385024,18.0316,0.0003,0,0.659702,6050.08,0.189095,0.0647857,-0.1,0.02,1,4.8201,58.9798,436224,0,0,2.33063,0.00125497,-0.111101,nan,0,nan,nan,nan,nan,0,nan,0,nan,nan,nan,-0.349996,nan,nan
285,nan,nan,0.112689,0,0,0.14276,1.17962,0.00666168,-0.0464746,18.0528,0.0003,0,0.660294,7682.42,0.136232,0.0637052,-0.1,0.02,1,4.8201,59.18,437760,nan,nan,nan,nan,nan,nan,nan,nan,nan,nan,nan,nan,nan,nan,nan,nan,nan,nan,nan,nan
286,nan,nan,0.123555,0,0,0.120961,0.895294,0.006317,-0.0325748,18.0627,0.0003,0,0.660471,7646.13,0.139577,0.0613091,-0.1,0.02,1,4.8201,59.3811,439296,nan,nan,nan,nan,nan,nan,nan,nan,nan,nan,nan,nan,nan,nan,nan,nan,nan,nan,nan,nan
287,nan,nan,0.12235,0,0,0.125535,0.891971,0.00628153,-0.0398228,18.0686,0.0003,0,0.66079,7833.74,0.135659,0.060416,-0.1,0.02,1,4.8201,59.5775,440832,nan,nan,nan,nan,nan,nan,nan,nan,nan,nan,nan,nan,nan,nan,nan,nan,nan,nan,nan,nan
288,nan,nan,0.122004,0,0,0.121396,0.843474,0.00499732,-0.0443452,18.085,0.0003,0,0.661833,7867.08,0.134764,0.0604801,-0.1,0.02,1,4.8201,59.773,442368,nan,nan,nan,nan,nan,nan,nan,nan,nan,nan,nan,nan,nan,nan,nan,nan,nan,nan,nan,nan
289,nan,nan,0.122906,0,0,0.0984833,0.86713,0.0108477,-0.0329459,18.1109,0.0003,0,0.662425,7895.7,0.133629,0.0609071,-0.1,0.02,1,4.8201,59.9677,443904,nan,nan,nan,nan,nan,nan,nan,nan,nan,nan,nan,nan,nan,nan,nan,nan,nan,nan,nan,nan
290,nan,nan,0.123902,0,0,0.100792,0.815291,0.00703676,-0.0245898,18.1217,0.0003,0,0.662746,7826.75,0.135587,0.060663,-0.1,0.02,1,4.8201,60.1642,445440,nan,nan,nan,nan,nan,nan,nan,nan,nan,nan,nan,nan,nan,nan,nan,nan,nan,nan,nan,nan
291,nan,nan,0.125049,0,0,0.100651,0.810486,0.00419514,-0.0284915,18.1308,0.0003,0,0.663109,7835.45,0.134902,0.06113,-0.1,0.02,1,4.8201,60.3605,446976,nan,nan,nan,nan,nan,nan,nan,nan,nan,nan,nan,nan,nan,nan,nan,nan,nan,nan,nan,nan
292,nan,nan,0.123995,0,0,0.101854,0.887342,0.00856817,-0.0345856,18.1445,0.0003,0,0.663855,7806.54,0.136325,0.0604331,-0.1,0.02,1,4.8201,60.5575,448512,nan,nan,nan,nan,nan,nan,nan,nan,nan,nan,nan,nan,nan,nan,nan,nan,nan,nan,nan,nan
293,nan,nan,0.124446,0,0,0.110601,0.836854,0.00507714,-0.0395302,18.172,0.0003,0,0.66506,7853.25,0.135065,0.0605228,-0.1,0.02,1,4.8201,60.7534,450048,nan,nan,nan,nan,nan,nan,nan,nan,nan,nan,nan,nan,nan,nan,nan,nan,nan,nan,nan,nan
294,nan,nan,0.125669,0,0,0.107153,0.887382,0.004863,-0.0370285,18.1984,0.0003,0,0.665802,7910.39,0.133892,0.0602829,-0.1,0.02,1,4.8201,60.9478,451584,nan,nan,nan,nan,nan,nan,nan,nan,nan,nan,nan,nan,nan,nan,nan,nan,nan,nan,nan,nan
295,nan,nan,0.124309,0,0,0.0990781,0.80867,0.00380516,-0.0323795,18.222,0.0003,0,0.6668,7935.68,0.133276,0.0602801,-0.1,0.02,1,4.8201,61.1416,453120,nan,nan,nan,nan,nan,nan,nan,nan,nan,nan,nan,nan,nan,nan,nan,nan,nan,nan,nan,nan
296,nan,nan,0.125095,0,0,0.107708,0.835872,0.00461566,-0.0253193,18.2428,0.0003,0,0.667327,7868.09,0.134404,0.0608149,-0.1,0.02,1,4.8201,61.3371,454656,nan,nan,nan,nan,nan,nan,nan,nan,nan,nan,nan,nan,nan,nan,nan,nan,nan,nan,nan,nan
297,nan,nan,0.12474,0,0,0.0939279,0.801562,0.00351966,-0.0321046,18.2633,0.0003,0,0.668592,7824.27,0.136144,0.0601683,-0.1,0.02,1,4.8201,61.5336,456192,nan,nan,nan,nan,nan,nan,nan,nan,nan,nan,nan,nan,nan,nan,nan,nan,nan,nan,nan,nan
298,nan,nan,0.126191,0,0,0.113495,0.887806,0.00419364,-0.0325335,18.2972,0.0003,0,0.669466,7891.24,0.134031,0.0606151,-0.1,0.02,1,4.8201,61.7285,457728,nan,nan,nan,nan,nan,nan,nan,nan,nan,nan,nan,nan,nan,nan,nan,nan,nan,nan,nan,nan
299,nan,nan,0.125845,0,0,0.105464,0.870404,0.00256951,-0.0405183,18.3155,0.0003,0,0.67016,7959.28,0.132632,0.0603504,-0.1,0.02,1,4.8201,61.9218,459264,nan,nan,nan,nan,nan,nan,nan,nan,nan,nan,nan,nan,nan,nan,nan,nan,nan,nan,nan,nan
300,48.4543,400,0.125911,2.66667,0,0.098279,0.844258,0.00407994,-0.0401622,18.3336,0.0003,0,0.670875,6158.26,0.188501,0.06092,-0.1,0.02,1,4.8201,62.1715,460800,0,0,2.34729,0.00128677,-0.11111,nan,0,nan,nan,nan,nan,0,nan,0,nan,nan,nan,-0.281796,nan,nan
301,nan,nan,0.0694499,0,0,0.166137,1.49789,0.0197415,-0.0299987,18.3486,0.0003,0,0.671148,7985.32,0.131958,0.060395,-0.1,0.02,1,4.8201,62.3641,462336,nan,nan,nan,nan,nan,nan,nan,nan,nan,nan,nan,nan,nan,nan,nan,nan,nan,nan,nan,nan
302,nan,nan,0.121262,0,0,0.145839,1.02311,0.00397159,-0.0429974,18.3595,0.0003,0,0.671717,7823.36,0.134791,0.0615442,-0.1,0.02,1,4.8201,62.5608,463872,nan,nan,nan,nan,nan,nan,nan,nan,nan,nan,nan,nan,nan,nan,nan,nan,nan,nan,nan,nan
303,nan,nan,0.125301,0,0,0.147035,0.963593,0.00400513,-0.0416188,18.376,0.0003,0,0.672295,7764.75,0.13674,0.0610769,-0.1,0.02,1,4.8201,62.7588,465408,nan,nan,nan,nan,nan,nan,nan,nan,nan,nan,nan,nan,nan,nan,nan,nan,nan,nan,nan,nan
304,nan,nan,0.123658,0,0,0.141008,0.976508,0.00876147,-0.0392065,18.3918,0.0003,0,0.672959,7846.82,0.135475,0.0602732,-0.1,0.02,1,4.8201,62.9549,466944,nan,nan,nan,nan,nan,nan,nan,nan,nan,nan,nan,nan,nan,nan,nan,nan,nan,nan,nan,nan
305,nan,nan,0.123346,0,0,0.131315,0.941644,0.0081996,-0.0292272,18.41,0.0003,0,0.673586,7869.82,0.134989,0.0601869,-0.1,0.02,1,4.8201,63.1503,468480,nan,nan,nan,nan,nan,nan,nan,nan,nan,nan,nan,nan,nan,nan,nan,nan,nan,nan,nan,nan
306,nan,nan,0.124118,0,0,0.135625,1.00113,0.0127236,-0.0351452,18.4255,0.0003,0,0.674214,7770.53,0.136539,0.061131,-0.1,0.02,1,4.8201,63.3482,470016,nan,nan,nan,nan,nan,nan,nan,nan,nan,nan,nan,nan,nan,nan,nan,nan,nan,nan,nan,nan
307,nan,nan,0.12206,0,0,0.112149,0.959708,0.0341449,-0.0194225,18.4415,0.0003,0,0.674688,7865.23,0.13513,0.0601599,-0.1,0.02,1,4.8201,63.5438,471552,nan,nan,nan,nan,nan,nan,nan,nan,nan,nan,nan,nan,nan,nan,nan,nan,nan,nan,nan,nan
308,nan,nan,0.11881,0,0,0.10367,0.882937,0.0458864,-0.025917,18.4551,0.0003,0,0.675448,7873.12,0.134741,0.060353,-0.1,0.02,1,4.8201,63.7391,473088,nan,nan,nan,nan,nan,nan,nan,nan,nan,nan,nan,nan,nan,nan,nan,nan,nan,nan,nan,nan
309,nan,nan,0.118219,0,0,0.0968722,0.864808,0.0598342,-0.0232549,18.4783,0.0003,0,0.676361,7530.63,0.143442,0.0605249,-0.1,0.02,1,4.8201,63.9434,474624,nan,nan,nan,nan,nan,nan,nan,nan,nan,nan,nan,nan,nan,nan,nan,nan,nan,nan,nan,nan
310,nan,nan,0.11946,0,0,0.0940499,0.896275,0.0715831,-0.0313182,18.5033,0.0003,0,0.677322,7945.49,0.132966,0.0603511,-0.1,0.02,1,4.8201,64.137,476160,nan,nan,nan,nan,nan,nan,nan,nan,nan,nan,nan,nan,nan,nan,nan,nan,nan,nan,nan,nan
311,nan,nan,0.121197,0,0,0.0886548,0.854556,0.0570397,-0.0338696,18.527,0.0003,0,0.678062,7839.66,0.134785,0.061142,-0.1,0.02,1,4.8201,64.3331,477696,nan,nan,nan,nan,nan,nan,nan,nan,nan,nan,nan,nan,nan,nan,nan,nan,nan,nan,nan,nan
312,nan,nan,0.119525,0,0,0.0880108,0.839624,0.0487207,-0.0319616,18.5471,0.0003,0,0.678936,7857.4,0.135097,0.0603871,-0.1,0.02,1,4.8201,64.5289,479232,nan,nan,nan,nan,nan,nan,nan,nan,nan,nan,nan,nan,nan,nan,nan,nan,nan,nan,nan,nan
313,nan,nan,0.118908,0,0,0.0813084,0.812082,0.0489604,-0.0261536,18.5681,0.0003,0,0.679503,7832.79,0.135554,0.060545,-0.1,0.02,1,4.8201,64.7252,480768,nan,nan,nan,nan,nan,nan,nan,nan,nan,nan,nan,nan,nan,nan,nan,nan,nan,nan,nan,nan
314,nan,nan,0.120022,0,0,0.0758498,0.779373,0.0474448,-0.0358384,18.5841,0.0003,0,0.680309,7906.92,0.133696,0.060564,-0.1,0.02,1,4.8201,64.9197,482304,nan,nan,nan,nan,nan,nan,nan,nan,nan,nan,nan,nan,nan,nan,nan,nan,nan,nan,nan,nan
315,nan,nan,0.119522,0,0,0.0748302,0.778366,0.0293411,-0.0257931,18.6074,0.0003,0,0.681129,7883.23,0.134718,0.0601261,-0.1,0.02,1,4.8201,65.1148,483840,nan,nan,nan,nan,nan,nan,nan,nan,nan,nan,nan,nan,nan,nan,nan,nan,nan,nan,nan,nan
316,nan,nan,0.120521,0,0,0.069547,0.775136,0.0332297,-0.0292335,18.6292,0.0003,0,0.682065,7887.11,0.134054,0.060694,-0.1,0.02,1,4.8201,65.3099,485376,nan,nan,nan,nan,nan,nan,nan,nan,nan,nan,nan,nan,nan,nan,nan,nan,nan,nan,nan,nan
317,47.181,400,0.0993282,2.66667,0,0.0984405,0.922277,0.269436,-0.0270395,18.6518,0.0003,0,0.682771,6126.99,0.190363,0.0603309,-0.1,0.02,1,4.8201,65.5608,486912,0,0,2.27169,0.000809461,-0.112216,nan,0,nan,nan,nan,nan,0,nan,0,nan,nan,nan,-0.216528,nan,nan
318,nan,nan,0.108762,0,0,0.164444,1.29657,0.102636,-0.039708,18.6694,0.0003,0,0.683302,8012.65,0.131192,0.0605049,-0.1,0.02,1,4.8201,65.7528,488448,nan,nan,nan,nan,nan,nan,nan,nan,nan,nan,nan,nan,nan,nan,nan,nan,nan,nan,nan,nan
319,nan,nan,0.124153,0,0,0.156059,1.02811,0.0286657,-0.0441503,18.6808,0.0003,0,0.683889,7811.79,0.135839,0.060787,-0.1,0.02,1,4.8201,65.9497,489984,nan,nan,nan,nan,nan,nan,nan,nan,nan,nan,nan,nan,nan,nan,nan,nan,nan,nan,nan,nan
320,nan,nan,0.124011,0,0,0.145632,1.04005,0.0254835,-0.0439305,18.7029,0.0003,0,0.684841,8000.92,0.131997,0.0599811,-0.1,0.02,1,4.8201,66.1419,491520,nan,nan,nan,nan,nan,nan,nan,nan,nan,nan,nan,nan,nan,nan,nan,nan,nan,nan,nan,nan
321,nan,nan,0.123752,0,0,0.14543,1.01312,0.0718129,-0.0280944,18.7298,0.0003,0,0.685964,7905.67,0.133557,0.0607338,-0.1,0.02,1,4.8201,66.3365,493056,nan,nan,nan,nan,nan,nan,nan,nan,nan,nan,nan,nan,nan,nan,nan,nan,nan,nan,nan,nan
322,nan,nan,0.122821,0,0,0.130031,0.98893,0.0616506,-0.0345114,18.7572,0.0003,0,0.686895,7837.97,0.135633,0.0603359,-0.1,0.02,1,4.8201,66.5327,494592,nan,nan,nan,nan,nan,nan,nan,nan,nan,nan,nan,nan,nan,nan,nan,nan,nan,nan,nan,nan
323,nan,nan,0.1216,0,0,0.113627,0.971215,0.0450537,-0.0317795,18.7828,0.0003,0,0.687952,7876.16,0.134037,0.060982,-0.1,0.02,1,4.8201,66.728,496128,nan,nan,nan,nan,nan,nan,nan,nan,nan,nan,nan,nan,nan,nan,nan,nan,nan,nan,nan,nan
324,nan,nan,0.120614,0,0,0.0984463,0.888592,0.0814015,-0.0199675,18.8113,0.0003,0,0.688969,7860.31,0.133999,0.061413,-0.1,0.02,1,4.8201,66.9237,497664,nan,nan,nan,nan,nan,nan,nan,nan,nan,nan,nan,nan,nan,nan,nan,nan,nan,nan,nan,nan
325,nan,nan,0.119466,0,0,0.0870413,0.853333,0.0441528,-0.0362182,18.8331,0.0003,0,0.689733,7910.23,0.134143,0.0600359,-0.1,0.02,1,4.8201,67.1181,499200,nan,nan,nan,nan,nan,nan,nan,nan,nan,nan,nan,nan,nan,nan,nan,nan,nan,nan,nan,nan
326,nan,nan,0.119014,0,0,0.0897481,0.860171,0.0280775,-0.0337875,18.8545,0.0003,0,0.690678,7882.66,0.134018,0.0608401,-0.1,0.02,1,4.8201,67.3132,500736,nan,nan,nan,nan,nan,nan,nan,nan,nan,nan,nan,nan,nan,nan,nan,nan,nan,nan,nan,nan
327,nan,nan,0.118872,0,0,0.0884203,0.853438,0.0378378,-0.021405,18.8788,0.0003,0,0.691468,7745.76,0.136699,0.0616031,-0.1,0.02,1,4.8201,67.5118,502272,nan,nan,nan,nan,nan,nan,nan,nan,nan,nan,nan,nan,nan,nan,nan,nan,nan,nan,nan,nan
328,nan,nan,0.120872,0,0,0.0924104,0.867662,0.10518,-0.021889,18.9024,0.0003,0,0.692705,7902.66,0.133879,0.0604861,-0.1,0.02,1,4.8201,67.7064,503808,nan,nan,nan,nan,nan,nan,nan,nan,nan,nan,nan,nan,nan,nan,nan,nan,nan,nan,nan,nan
329,nan,nan,0.120262,0,0,0.0853752,0.870953,0.0860124,-0.0257654,18.9319,0.0003,0,0.693561,7912.15,0.133555,0.0605767,-0.1,0.02,1,4.8201,67.9008,505344,nan,nan,nan,nan,nan,nan,nan,nan,nan,nan,nan,nan,nan,nan,nan,nan,nan,nan,nan,nan
330,nan,nan,0.123466,0,0,0.0940755,0.914034,0.024445,-0.0277143,18.9564,0.0003,0,0.694778,7902.06,0.133933,0.060447,-0.1,0.02,1,4.8201,68.0954,506880,nan,nan,nan,nan,nan,nan,nan,nan,nan,nan,nan,nan,nan,nan,nan,nan,nan,nan,nan,nan
331,nan,nan,0.124195,0,0,0.0928812,0.874394,0.0240939,-0.0260766,18.9877,0.0003,0,0.695775,7900.63,0.134097,0.060318,-0.1,0.02,1,4.8201,68.29,508416,nan,nan,nan,nan,nan,nan,nan,nan,nan,nan,nan,nan,nan,nan,nan,nan,nan,nan,nan,nan
332,nan,nan,0.123913,0,0,0.0907922,0.882331,0.0176929,-0.0341111,19.0163,0.0003,0,0.697095,7884.21,0.134511,0.0603089,-0.1,0.02,1,4.8201,68.4851,509952,nan,nan,nan,nan,nan,nan,nan,nan,nan,nan,nan,nan,nan,nan,nan,nan,nan,nan,nan,nan
333,nan,nan,0.122154,0,0,0.0858133,0.860553,0.0583113,-0.0176075,19.0479,0.0003,0,0.698052,7390.9,0.142505,0.0653179,-0.1,0.02,1,4.8201,68.6932,511488,nan,nan,nan,nan,nan,nan,nan,nan,nan,nan,nan,nan,nan,nan,nan,nan,nan,nan,nan,nan
334,47.9378,400,0.0852279,2.66667,0,0.136529,1.31938,0.50619,-0.021088,19.0664,0.0003,0,0.698446,6263.23,0.184909,0.0603321,-0.1,0.02,1,4.8201,68.9387,513024,0,0,2.31809,0.00180149,-0.120278,nan,0,nan,nan,nan,nan,0,nan,0,nan,nan,nan,-0.173952,nan,nan
335,nan,nan,0.116413,0,0,0.163707,1.2214,0.0256696,-0.0459731,19.0782,0.0003,0,0.69923,7963.45,0.13222,0.0606611,-0.1,0.02,1,4.8201,69.1319,514560,nan,nan,nan,nan,nan,nan,nan,nan,nan,nan,nan,nan,nan,nan,nan,nan,nan,nan,nan,nan
336,nan,nan,0.120641,0,0,0.153973,1.02541,0.0153412,-0.0434633,19.0984,0.0003,0,0.699874,7983.44,0.131566,0.060832,-0.1,0.02,1,4.8201,69.3245,516096,nan,nan,nan,nan,nan,nan,nan,nan,nan,nan,nan,nan,nan,nan,nan,nan,nan,nan,nan,nan
337,nan,nan,0.12162,0,0,0.119524,0.941302,0.0128535,-0.0295328,19.1147,0.0003,0,0.70064,7872.05,0.134659,0.060462,-0.1,0.02,1,4.8201,69.52,517632,nan,nan,nan,nan,nan,nan,nan,nan,nan,nan,nan,nan,nan,nan,nan,nan,nan,nan,nan,nan
338,nan,nan,0.122909,0,0,0.100138,0.883647,0.00393552,-0.0383135,19.1343,0.0003,0,0.701222,7532.69,0.140752,0.0631592,-0.1,0.02,1,4.8201,69.7241,519168,nan,nan,nan,nan,nan,nan,nan,nan,nan,nan,nan,nan,nan,nan,nan,nan,nan,nan,nan,nan
339,nan,nan,0.124344,0,0,0.0862573,0.835866,0.00452524,-0.0366096,19.1476,0.0003,0,0.701804,7604.57,0.139538,0.0624461,-0.1,0.02,1,4.8201,69.9264,520704,nan,nan,nan,nan,nan,nan,nan,nan,nan,nan,nan,nan,nan,nan,nan,nan,nan,nan,nan,nan
340,nan,nan,0.124523,0,0,0.0917459,0.861027,0.00382128,-0.0356736,19.1687,0.0003,0,0.702821,7571.5,0.141292,0.061574,-0.1,0.02,1,4.8201,70.1295,522240,nan,nan,nan,nan,nan,nan,nan,nan,nan,nan,nan,nan,nan,nan,nan,nan,nan,nan,nan,nan
341,nan,nan,0.125503,0,0,0.106636,0.873054,0.00293324,-0.0402873,19.1888,0.0003,0,0.70323,7622.87,0.139749,0.0617499,-0.1,0.02,1,4.8201,70.3312,523776,nan,nan,nan,nan,nan,nan,nan,nan,nan,nan,nan,nan,nan,nan,nan,nan,nan,nan,nan,nan
342,nan,nan,0.125292,0,0,0.101164,0.861687,0.00435586,-0.036715,19.204,0.0003,0,0.704393,7580.73,0.13949,0.0631292,-0.1,0.02,1,4.8201,70.5341,525312,nan,nan,nan,nan,nan,nan,nan,nan,nan,nan,nan,nan,nan,nan,nan,nan,nan,nan,nan,nan
343,nan,nan,0.12533,0,0,0.103953,0.8666,0.0031311,-0.0384276,19.2344,0.0003,0,0.70523,7647.65,0.138284,0.062562,-0.1,0.02,1,4.8201,70.7352,526848,nan,nan,nan,nan,nan,nan,nan,nan,nan,nan,nan,nan,nan,nan,nan,nan,nan,nan,nan,nan
344,nan,nan,0.125071,0,0,0.0974462,0.893628,0.0039383,-0.0344481,19.2529,0.0003,0,0.705951,7763.65,0.136958,0.0608871,-0.1,0.02,1,4.8201,70.9333,528384,nan,nan,nan,nan,nan,nan,nan,nan,nan,nan,nan,nan,nan,nan,nan,nan,nan,nan,nan,nan
345,nan,nan,0.124014,0,0,0.0863094,0.853105,0.00681703,-0.0366356,19.2721,0.0003,0,0.706765,7867.63,0.134707,0.060523,-0.1,0.02,1,4.8201,71.1288,529920,nan,nan,nan,nan,nan,nan,nan,nan,nan,nan,nan,nan,nan,nan,nan,nan,nan,nan,nan,nan
346,nan,nan,0.124538,0,0,0.0935142,0.886288,0.00549437,-0.0365861,19.3006,0.0003,0,0.708065,7304.55,0.140456,0.069824,-0.1,0.02,1,4.8201,71.3394,531456,nan,nan,nan,nan,nan,nan,nan,nan,nan,nan,nan,nan,nan,nan,nan,nan,nan,nan,nan,nan
347,nan,nan,0.124666,0,0,0.109168,0.859975,0.0369769,-0.0196777,19.3328,0.0003,0,0.709318,7918.88,0.134246,0.059721,-0.1,0.02,1,4.8201,71.5336,532992,nan,nan,nan,nan,nan,nan,nan,nan,nan,nan,nan,nan,nan,nan,nan,nan,nan,nan,nan,nan
348,nan,nan,0.123331,0,0,0.0971524,0.905815,0.0269568,-0.0293356,19.3601,0.0003,0,0.710024,7979.73,0.131608,0.0608797,-0.1,0.02,1,4.8201,71.7263,534528,nan,nan,nan,nan,nan,nan,nan,nan,nan,nan,nan,nan,nan,nan,nan,nan,nan,nan,nan,nan
349,nan,nan,0.124196,0,0,0.0945127,0.888325,0.0110935,-0.036373,19.3714,0.0003,0,0.710349,7268.16,0.133629,0.077704,-0.1,0.02,1,4.8201,71.9379,536064,nan,nan,nan,nan,nan,nan,nan,nan,nan,nan,nan,nan,nan,nan,nan,nan,nan,nan,nan,nan
350,48.5201,400,0.124702,2.66667,0,0.0978812,0.840582,0.0133389,-0.0305792,19.3835,0.0003,0,0.710928,6202.6,0.187264,0.060374,-0.1,0.02,1,4.8201,72.1858,537600,0,0,2.35101,0.00123089,-0.125353,nan,0,nan,nan,nan,nan,0,nan,0,nan,nan,nan,-0.216569,nan,nan
351,nan,nan,0.0791346,0,0,0.165537,1.45137,0.0434001,-0.0159692,19.3983,0.0003,0,0.711671,8004.04,0.131903,0.0600002,-0.1,0.02,1,4.8201,72.378,539136,nan,nan,nan,nan,nan,nan,nan,nan,nan,nan,nan,nan,nan,nan,nan,nan,nan,nan,nan,nan
352,nan,nan,0.1215,0,0,0.155278,1.06996,0.00491074,-0.0528257,19.4199,0.0003,0,0.712409,8022.07,0.1318,0.0596721,-0.1,0.02,1,4.8201,72.5698,540672,nan,nan,nan,nan,nan,nan,nan,nan,nan,nan,nan,nan,nan,nan,nan,nan,nan,nan,nan,nan
353,nan,nan,0.124409,0,0,0.13883,0.907735,0.00360842,-0.0436524,19.4255,0.0003,0,0.712154,7968.17,0.132809,0.059958,-0.1,0.02,1,4.8201,72.7628,542208,nan,nan,nan,nan,nan,nan,nan,nan,nan,nan,nan,nan,nan,nan,nan,nan,nan,nan,nan,nan
354,nan,nan,0.124713,0,0,0.125702,0.890384,0.00323661,-0.0418743,19.4235,0.0003,0,0.712424,7854.18,0.13585,0.0597148,-0.1,0.02,1,4.8201,72.9586,543744,nan,nan,nan,nan,nan,nan,nan,nan,nan,nan,nan,nan,nan,nan,nan,nan,nan,nan,nan,nan
355,nan,nan,0.125896,0,0,0.128888,0.899952,0.00733393,-0.0313823,19.4347,0.0003,0,0.712982,7903.88,0.134844,0.0594907,-0.1,0.02,1,4.8201,73.1532,545280,nan,nan,nan,nan,nan,nan,nan,nan,nan,nan,nan,nan,nan,nan,nan,nan,nan,nan,nan,nan
356,nan,nan,0.126092,0,0,0.116729,0.910695,0.0072911,-0.0288543,19.4509,0.0003,0,0.713787,7836.64,0.134807,0.0611951,-0.1,0.02,1,4.8201,73.3495,546816,nan,nan,nan,nan,nan,nan,nan,nan,nan,nan,nan,nan,nan,nan,nan,nan,nan,nan,nan,nan
357,nan,nan,0.126904,0,0,0.109689,0.888176,0.00591965,-0.033265,19.4735,0.0003,0,0.714729,7000.88,0.136408,0.0829928,-0.1,0.02,1,4.8201,73.5691,548352,nan,nan,nan,nan,nan,nan,nan,nan,nan,nan,nan,nan,nan,nan,nan,nan,nan,nan,nan,nan
358,nan,nan,0.126322,0,0,0.105941,0.906032,0.00305356,-0.0388746,19.4947,0.0003,0,0.715255,7877,0.134938,0.06006,-0.1,0.02,1,4.8201,73.7643,549888,nan,nan,nan,nan,nan,nan,nan,nan,nan,nan,nan,nan,nan,nan,nan,nan,nan,nan,nan,nan
359,nan,nan,0.126406,0,0,0.107904,0.911469,0.00244958,-0.0441466,19.5047,0.0003,0,0.715823,7870.71,0.135188,0.0599661,-0.1,0.02,1,4.8201,73.9598,551424,nan,nan,nan,nan,nan,nan,nan,nan,nan,nan,nan,nan,nan,nan,nan,nan,nan,nan,nan,nan
360,nan,nan,0.125379,0,0,0.104939,0.925127,0.00342275,-0.0368839,19.5265,0.0003,0,0.716896,8006.6,0.132111,0.0597308,-0.1,0.02,1,4.8201,74.1519,552960,nan,nan,nan,nan,nan,nan,nan,nan,nan,nan,nan,nan,nan,nan,nan,nan,nan,nan,nan,nan
361,nan,nan,0.124496,0,0,0.102701,0.929475,0.00412063,-0.0372536,19.5526,0.0003,0,0.717832,7942.67,0.132562,0.0608239,-0.1,0.02,1,4.8201,74.3455,554496,nan,nan,nan,nan,nan,nan,nan,nan,nan,nan,nan,nan,nan,nan,nan,nan,nan,nan,nan,nan
362,nan,nan,0.12574,0,0,0.0981125,0.87754,0.00276335,-0.0421752,19.5765,0.0003,0,0.718822,7883.72,0.134919,0.0599129,-0.1,0.02,1,4.8201,74.5406,556032,nan,nan,nan,nan,nan,nan,nan,nan,nan,nan,nan,nan,nan,nan,nan,nan,nan,nan,nan,nan
363,nan,nan,0.126495,0,0,0.0986259,0.83443,0.00176404,-0.0412238,19.6003,0.0003,0,0.719581,7951.42,0.132877,0.0602958,-0.1,0.02,1,4.8201,74.734,557568,nan,nan,nan,nan,nan,nan,nan,nan,nan,nan,nan,nan,nan,nan,nan,nan,nan,nan,nan,nan
364,nan,nan,0.127009,0,0,0.0878805,0.858521,0.00135565,-0.0379673,19.6162,0.0003,0,0.720072,7672.17,0.137847,0.0623569,-0.1,0.02,1,4.8201,74.9345,559104,nan,nan,nan,nan,nan,nan,nan,nan,nan,nan,nan,nan,nan,nan,nan,nan,nan,nan,nan,nan
365,nan,nan,0.127823,0,0,0.0998754,0.852923,0.00252525,-0.0347405,19.6279,0.0003,0,0.720579,7691.46,0.136909,0.062793,-0.1,0.02,1,4.8201,75.1345,560640,nan,nan,nan,nan,nan,nan,nan,nan,nan,nan,nan,nan,nan,nan,nan,nan,nan,nan,nan,nan
366,nan,nan,0.126981,0,0,0.106639,0.905172,0.0171709,-0.0168582,19.6435,0.0003,0,0.721604,7646.9,0.13743,0.063436,-0.1,0.02,1,4.8201,75.3356,562176,nan,nan,nan,nan,nan,nan,nan,nan,nan,nan,nan,nan,nan,nan,nan,nan,nan,nan,nan,nan
367,49.2063,400,0.101767,2.66667,0,0.125329,1.06721,0.0060735,-0.0398511,19.6768,0.0003,0,0.722906,5486.66,0.216246,0.0637059,-0.1,0.02,1,4.8201,75.6158,563712,0,0,2.38458,0.000997118,-0.130086,nan,0,nan,nan,nan,nan,0,nan,0,nan,nan,nan,-0.191703,nan,nan
368,nan,nan,0.113024,0,0,0.184139,1.42392,0.00462189,-0.0507971,19.7029,0.0003,0,0.723683,7212.48,0.152207,0.0607572,-0.1,0.02,1,4.8201,75.8291,565248,nan,nan,nan,nan,nan,nan,nan,nan,nan,nan,nan,nan,nan,nan,nan,nan,nan,nan,nan,nan
369,nan,nan,0.124152,0,0,0.182177,1.0968,0.00453903,-0.04921,19.7179,0.0003,0,0.724291,7969.53,0.132223,0.0605111,-0.1,0.02,1,4.8201,76.0221,566784,nan,nan,nan,nan,nan,nan,nan,nan,nan,nan,nan,nan,nan,nan,nan,nan,nan,nan,nan,nan
370,nan,nan,0.125603,0,0,0.143792,0.938016,0.00493443,-0.0412692,19.7364,0.0003,0,0.725111,7923.98,0.133139,0.060703,-0.1,0.02,1,4.8201,76.2162,568320,nan,nan,nan,nan,nan,nan,nan,nan,nan,nan,nan,nan,nan,nan,nan,nan,nan,nan,nan,nan
371,nan,nan,0.125624,0,0,0.129678,0.946555,0.0051847,-0.0339474,19.7491,0.0003,0,0.725246,6858.18,0.157926,0.06604,-0.1,0.02,1,4.8201,76.4404,569856,nan,nan,nan,nan,nan,nan,nan,nan,nan,nan,nan,nan,nan,nan,nan,nan,nan,nan,nan,nan
372,nan,nan,0.126758,0,0,0.128026,0.85322,0.00386063,-0.0360966,19.751,0.0003,0,0.725352,7361.15,0.142873,0.0657899,-0.1,0.02,1,4.8201,76.6493,571392,nan,nan,nan,nan,nan,nan,nan,nan,nan,nan,nan,nan,nan,nan,nan,nan,nan,nan,nan,nan
373,nan,nan,0.127371,0,0,0.11883,0.919494,0.00371235,-0.0420976,19.7549,0.0003,0,0.725478,7668.92,0.13977,0.0605187,-0.1,0.02,1,4.8201,76.8499,572928,nan,nan,nan,nan,nan,nan,nan,nan,nan,nan,nan,nan,nan,nan,nan,nan,nan,nan,nan,nan
374,nan,nan,0.126798,0,0,0.122458,0.900565,0.0219869,-0.0129818,19.762,0.0003,0,0.726116,7848.91,0.135122,0.0605738,-0.1,0.02,1,4.8201,77.0458,574464,nan,nan,nan,nan,nan,nan,nan,nan,nan,nan,nan,nan,nan,nan,nan,nan,nan,nan,nan,nan
375,nan,nan,0.126686,0,0,0.134019,0.963496,0.0122171,-0.032029,19.7817,0.0003,0,0.7271,7777.57,0.136337,0.0611539,-0.1,0.02,1,4.8201,77.2436,576000,nan,nan,nan,nan,nan,nan,nan,nan,nan,nan,nan,nan,nan,nan,nan,nan,nan,nan,nan,nan
376,nan,nan,0.125088,0,0,0.120638,0.944265,0.0320782,-0.0186463,19.8094,0.0003,0,0.728138,7601.03,0.136041,0.0660369,-0.1,0.02,1,4.8201,77.4459,577536,nan,nan,nan,nan,nan,nan,nan,nan,nan,nan,nan,nan,nan,nan,nan,nan,nan,nan,nan,nan
377,nan,nan,0.12344,0,0,0.118489,0.885115,0.113853,-0.00982657,19.833,0.0003,0,0.729174,7851.24,0.135454,0.0601838,-0.1,0.02,1,4.8201,77.6418,579072,nan,nan,nan,nan,nan,nan,nan,nan,nan,nan,nan,nan,nan,nan,nan,nan,nan,nan,nan,nan
378,nan,nan,0.122614,0,0,0.116638,0.85393,0.0202129,-0.0288696,19.861,0.0003,0,0.73031,7820.49,0.13601,0.0603971,-0.1,0.02,1,4.8201,77.8385,580608,nan,nan,nan,nan,nan,nan,nan,nan,nan,nan,nan,nan,nan,nan,nan,nan,nan,nan,nan,nan
379,nan,nan,0.122386,0,0,0.110674,0.83347,0.00906017,-0.0324548,19.8892,0.0003,0,0.731398,7864.15,0.135038,0.0602789,-0.1,0.02,1,4.8201,78.034,582144,nan,nan,nan,nan,nan,nan,nan,nan,nan,nan,nan,nan,nan,nan,nan,nan,nan,nan,nan,nan
380,nan,nan,0.122919,0,0,0.0972231,0.869227,0.0360588,-0.0233259,19.915,0.0003,0,0.732498,7859.34,0.134766,0.0606701,-0.1,0.02,1,4.8201,78.2297,583680,nan,nan,nan,nan,nan,nan,nan,nan,nan,nan,nan,nan,nan,nan,nan,nan,nan,nan,nan,nan
381,nan,nan,0.124846,0,0,0.106737,0.90875,0.0117889,-0.0269683,19.9386,0.0003,0,0.73318,7812.46,0.136213,0.060396,-0.1,0.02,1,4.8201,78.4266,585216,nan,nan,nan,nan,nan,nan,nan,nan,nan,nan,nan,nan,nan,nan,nan,nan,nan,nan,nan,nan
382,nan,nan,0.123126,0,0,0.104784,0.860518,0.00899207,-0.0332625,19.9534,0.0003,0,0.733794,7840.86,0.135681,0.060216,-0.1,0.02,1,4.8201,78.6227,586752,nan,nan,nan,nan,nan,nan,nan,nan,nan,nan,nan,nan,nan,nan,nan,nan,nan,nan,nan,nan
383,nan,nan,0.124056,0,0,0.0986228,0.843815,0.0465736,-0.0187767,19.9705,0.0003,0,0.734723,7841.89,0.134802,0.061069,-0.1,0.02,1,4.8201,78.8188,588288,nan,nan,nan,nan,nan,nan,nan,nan,nan,nan,nan,nan,nan,nan,nan,nan,nan,nan,nan,nan
384,49.028,400,0.0885516,2.66667,0,0.157785,1.31179,0.0396734,-0.0243386,19.9966,0.0003,0,0.735729,6313.04,0.182263,0.0610428,-0.1,0.02,1,4.8201,79.0624,589824,0,0,2.32459,0.00139894,-0.121487,nan,0,nan,nan,nan,nan,0,nan,0,nan,nan,nan,-0.192237,nan,nan
385,nan,nan,0.118587,0,0,0.178061,1.31225,0.0100914,-0.050928,20.0158,0.0003,0,0.736232,7963.09,0.131984,0.0609059,-0.1,0.02,1,4.8201,79.2556,591360,nan,nan,nan,nan,nan,nan,nan,nan,nan,nan,nan,nan,nan,nan,nan,nan,nan,nan,nan,nan
386,nan,nan,0.123485,0,0,0.188516,1.05746,0.00538015,-0.042818,20.0236,0.0003,0,0.736504,7866.92,0.133993,0.061255,-0.1,0.02,1,4.8201,79.4511,592896,nan,nan,nan,nan,nan,nan,nan,nan,nan,nan,nan,nan,nan,nan,nan,nan,nan,nan,nan,nan
387,nan,nan,0.125736,0,0,0.131324,0.918712,0.00472338,-0.0379454,20.0363,0.0003,0,0.737363,7390.58,0.13497,0.0728619,-0.1,0.02,1,4.8201,79.6592,594432,nan,nan,nan,nan,nan,nan,nan,nan,nan,nan,nan,nan,nan,nan,nan,nan,nan,nan,nan,nan
388,nan,nan,0.12772,0,0,0.140171,0.956716,0.0330709,-0.00978764,20.0617,0.0003,0,0.738698,7592,0.141882,0.060436,-0.1,0.02,1,4.8201,79.8619,595968,nan,nan,nan,nan,nan,nan,nan,nan,nan,nan,nan,nan,nan,nan,nan,nan,nan,nan,nan,nan
389,nan,nan,0.12717,0,0,0.138233,0.977046,0.016196,-0.026696,20.096,0.0003,0,0.739922,7897.56,0.133723,0.0607672,-0.1,0.02,1,4.8201,80.0566,597504,nan,nan,nan,nan,nan,nan,nan,nan,nan,nan,nan,nan,nan,nan,nan,nan,nan,nan,nan,nan
390,nan,nan,0.126369,0,0,0.12527,0.9465,0.0116858,-0.0376277,20.1217,0.0003,0,0.741044,7900.95,0.1332,0.0612071,-0.1,0.02,1,4.8201,80.2513,599040,nan,nan,nan,nan,nan,nan,nan,nan,nan,nan,nan,nan,nan,nan,nan,nan,nan,nan,nan,nan
391,nan,nan,0.127167,0,0,0.126172,0.958104,0.00567217,-0.0469285,20.1487,0.0003,0,0.742017,7793.44,0.13549,0.061599,-0.1,0.02,1,4.8201,80.4486,600576,nan,nan,nan,nan,nan,nan,nan,nan,nan,nan,nan,nan,nan,nan,nan,nan,nan,nan,nan,nan
392,nan,nan,0.127788,0,0,0.117816,0.887865,0.00596227,-0.0314226,20.1751,0.0003,0,0.743201,7206.84,0.137466,0.075665,-0.1,0.02,1,4.8201,80.662,602112,nan,nan,nan,nan,nan,nan,nan,nan,nan,nan,nan,nan,nan,nan,nan,nan,nan,nan,nan,nan
393,nan,nan,0.12764,0,0,0.107818,0.878816,0.00545558,-0.0288699,20.2069,0.0003,0,0.744584,7788.21,0.136755,0.0604661,-0.1,0.02,1,4.8201,80.8595,603648,nan,nan,nan,nan,nan,nan,nan,nan,nan,nan,nan,nan,nan,nan,nan,nan,nan,nan,nan,nan
394,nan,nan,0.128861,0,0,0.111359,0.905997,0.00436966,-0.0305575,20.2331,0.0003,0,0.745295,7853.1,0.134987,0.0606043,-0.1,0.02,1,4.8201,81.0554,605184,nan,nan,nan,nan,nan,nan,nan,nan,nan,nan,nan,nan,nan,nan,nan,nan,nan,nan,nan,nan
395,nan,nan,0.129427,0,0,0.111011,0.863354,0.00178262,-0.0397664,20.2426,0.0003,0,0.745481,7926.39,0.132764,0.0610189,-0.1,0.02,1,4.8201,81.2494,606720,nan,nan,nan,nan,nan,nan,nan,nan,nan,nan,nan,nan,nan,nan,nan,nan,nan,nan,nan,nan
396,nan,nan,0.128911,0,0,0.106779,0.85142,0.00166705,-0.0442343,20.2503,0.0003,0,0.746025,7810.48,0.135976,0.060683,-0.1,0.02,1,4.8201,81.4463,608256,nan,nan,nan,nan,nan,nan,nan,nan,nan,nan,nan,nan,nan,nan,nan,nan,nan,nan,nan,nan
397,nan,nan,0.129403,0,0,0.112393,0.880866,0.00171444,-0.0447894,20.2628,0.0003,0,0.746544,7523.92,0.139926,0.0642231,-0.1,0.02,1,4.8201,81.6507,609792,nan,nan,nan,nan,nan,nan,nan,nan,nan,nan,nan,nan,nan,nan,nan,nan,nan,nan,nan,nan
398,nan,nan,0.129453,0,0,0.101764,0.847778,0.00126193,-0.041039,20.2762,0.0003,0,0.747114,7759.58,0.137228,0.0607209,-0.1,0.02,1,4.8201,81.8489,611328,nan,nan,nan,nan,nan,nan,nan,nan,nan,nan,nan,nan,nan,nan,nan,nan,nan,nan,nan,nan
399,nan,nan,0.129611,0,0,0.0868284,0.789261,0.00100961,-0.0385257,20.2879,0.0003,0,0.7474,7798.34,0.136568,0.0603971,-0.1,0.02,1,4.8201,82.0461,612864,nan,nan,nan,nan,nan,nan,nan,nan,nan,nan,nan,nan,nan,nan,nan,nan,nan,nan,nan,nan
400,50.0359,400,0.130487,2.66667,0,0.0997811,0.854927,0.00120109,-0.0425812,20.2881,0.0003,0,0.747033,6135.24,0.188804,0.0615528,-0.1,0.02,1,4.8201,82.2968,614400,0,0,2.35102,0.00100465,-0.124528,nan,0,nan,nan,nan,nan,0,nan,0,nan,nan,nan,-0.183491,nan,nan
401,nan,nan,0.0826921,0,0,0.211964,1.56123,0.0118311,-0.0369322,20.2804,0.0003,0,0.747036,7530.9,0.137544,0.0664158,-0.1,0.02,1,4.8201,84.3882,615936,nan,nan,nan,nan,nan,nan,nan,nan,nan,nan,nan,nan,nan,nan,nan,nan,nan,nan,nan,nan
402,nan,nan,0.121366,0,0,0.204305,1.26815,0.00396387,-0.0487303,20.2849,0.0003,0,0.747187,7829.46,0.135417,0.0607648,-0.1,0.02,1,4.8201,84.5846,617472,nan,nan,nan,nan,nan,nan,nan,nan,nan,nan,nan,nan,nan,nan,nan,nan,nan,nan,nan,nan
403,nan,nan,0.125786,0,0,0.170888,1.04586,0.00332144,-0.0467032,20.294,0.0003,0,0.747954,7845.06,0.135204,0.0605881,-0.1,0.02,1,4.8201,84.7807,619008,nan,nan,nan,nan,nan,nan,nan,nan,nan,nan,nan,nan,nan,nan,nan,nan,nan,nan,nan,nan
404,nan,nan,0.126748,0,0,0.144288,0.989954,0.0230931,-0.0185923,20.3196,0.0003,0,0.74937,7757.06,0.137031,0.060982,-0.1,0.02,1,4.8201,84.979,620544,nan,nan,nan,nan,nan,nan,nan,nan,nan,nan,nan,nan,nan,nan,nan,nan,nan,nan,nan,nan
405,nan,nan,0.125806,0,0,0.163721,1.00333,0.038547,-0.0263412,20.3524,0.0003,0,0.750458,7788.33,0.136799,0.0604191,-0.1,0.02,1,4.8201,85.1764,622080,nan,nan,nan,nan,nan,nan,nan,nan,nan,nan,nan,nan,nan,nan,nan,nan,nan,nan,nan,nan
406,nan,nan,0.126138,0,0,0.166109,1.02256,0.0208125,-0.0322597,20.3767,0.0003,0,0.751426,7824.32,0.135181,0.06113,-0.1,0.02,1,4.8201,85.373,623616,nan,nan,nan,nan,nan,nan,nan,nan,nan,nan,nan,nan,nan,nan,nan,nan,nan,nan,nan,nan
407,nan,nan,0.123471,0,0,0.142852,0.983412,0.0303816,-0.0274732,20.3981,0.0003,0,0.752278,7853.17,0.135076,0.060514,-0.1,0.02,1,4.8201,85.5689,625152,nan,nan,nan,nan,nan,nan,nan,nan,nan,nan,nan,nan,nan,nan,nan,nan,nan,nan,nan,nan
408,nan,nan,0.122881,0,0,0.142743,1.01619,0.0463536,-0.0264543,20.4167,0.0003,0,0.753016,7872.07,0.134148,0.060972,-0.1,0.02,1,4.8201,85.7643,626688,nan,nan,nan,nan,nan,nan,nan,nan,nan,nan,nan,nan,nan,nan,nan,nan,nan,nan,nan,nan
409,nan,nan,0.124727,0,0,0.131869,0.991128,0.0454411,-0.0217216,20.4319,0.0003,0,0.753438,7937.94,0.133144,0.0603571,-0.1,0.02,1,4.8201,85.958,628224,nan,nan,nan,nan,nan,nan,nan,nan,nan,nan,nan,nan,nan,nan,nan,nan,nan,nan,nan,nan
410,nan,nan,0.123798,0,0,0.134016,0.975772,0.0634076,-0.0186634,20.4386,0.0003,0,0.753744,7983.7,0.131559,0.0608332,-0.1,0.02,1,4.8201,86.1507,629760,nan,nan,nan,nan,nan,nan,nan,nan,nan,nan,nan,nan,nan,nan,nan,nan,nan,nan,nan,nan
411,nan,nan,0.12509,0,0,0.143837,0.989834,0.0343461,-0.0332978,20.4481,0.0003,0,0.754159,7879.86,0.133715,0.0612121,-0.1,0.02,1,4.8201,86.3459,631296,nan,nan,nan,nan,nan,nan,nan,nan,nan,nan,nan,nan,nan,nan,nan,nan,nan,nan,nan,nan
412,nan,nan,0.126431,0,0,0.132895,1.0075,0.0189014,-0.0302504,20.4615,0.0003,0,0.755021,7955.15,0.132367,0.0607159,-0.1,0.02,1,4.8201,86.5393,632832,nan,nan,nan,nan,nan,nan,nan,nan,nan,nan,nan,nan,nan,nan,nan,nan,nan,nan,nan,nan
413,nan,nan,0.128109,0,0,0.135299,0.942518,0.00687713,-0.0363355,20.4808,0.0003,0,0.755626,7983.98,0.13172,0.0606651,-0.1,0.02,1,4.8201,86.7319,634368,nan,nan,nan,nan,nan,nan,nan,nan,nan,nan,nan,nan,nan,nan,nan,nan,nan,nan,nan,nan
414,nan,nan,0.128189,0,0,0.132975,0.935597,0.01637,-0.0178243,20.4957,0.0003,0,0.756398,7574.19,0.139095,0.063699,-0.1,0.02,1,4.8201,86.935,635904,nan,nan,nan,nan,nan,nan,nan,nan,nan,nan,nan,nan,nan,nan,nan,nan,nan,nan,nan,nan
415,nan,nan,0.127714,0,0,0.124053,0.935609,0.0126382,-0.0236445,20.5197,0.0003,0,0.757783,7945.58,0.132527,0.0607882,-0.1,0.02,1,4.8201,87.1285,637440,nan,nan,nan,nan,nan,nan,nan,nan,nan,nan,nan,nan,nan,nan,nan,nan,nan,nan,nan,nan
416,nan,nan,0.12892,0,0,0.123477,0.94667,0.0124514,-0.0269136,20.561,0.0003,0,0.759918,6998.24,0.157103,0.0623808,-0.1,0.02,1,4.8201,87.3483,638976,nan,nan,nan,nan,nan,nan,nan,nan,nan,nan,nan,nan,nan,nan,nan,nan,nan,nan,nan,nan
417,49.2841,400,0.0989625,2.66667,0,0.145959,1.10243,0.0133409,-0.0263816,20.6042,0.0003,0,0.760983,6020.95,0.193982,0.0611269,-0.1,0.02,1,4.8201,87.6037,640512,0,0,2.33255,0.000848009,-0.125528,nan,0,nan,nan,nan,nan,0,nan,0,nan,nan,nan,-0.191572,nan,nan
418,nan,nan,0.106786,0,0,0.217812,1.5415,0.00999396,-0.0359094,20.6244,0.0003,0,0.762011,7503.37,0.139802,0.0649061,-0.1,0.02,1,4.8201,87.8087,642048,nan,nan,nan,nan,nan,nan,nan,nan,nan,nan,nan,nan,nan,nan,nan,nan,nan,nan,nan,nan
419,nan,nan,0.125034,0,0,0.193573,1.10057,0.00574227,-0.0420011,20.6503,0.0003,0,0.763055,7500.88,0.14242,0.062356,-0.1,0.02,1,4.8201,88.0137,643584,nan,nan,nan,nan,nan,nan,nan,nan,nan,nan,nan,nan,nan,nan,nan,nan,nan,nan,nan,nan
420,nan,nan,0.126847,0,0,0.172619,1.07669,0.006,-0.042577,20.6734,0.0003,0,0.763937,7665.14,0.137983,0.0624049,-0.1,0.02,1,4.8201,88.2144,645120,nan,nan,nan,nan,nan,nan,nan,nan,nan,nan,nan,nan,nan,nan,nan,nan,nan,nan,nan,nan
421,nan,nan,0.12682,0,0,0.143352,0.981368,0.00917736,-0.0319667,20.6936,0.0003,0,0.764781,7779.03,0.136609,0.0608451,-0.1,0.02,1,4.8201,88.4121,646656,nan,nan,nan,nan,nan,nan,nan,nan,nan,nan,nan,nan,nan,nan,nan,nan,nan,nan,nan,nan
422,nan,nan,0.125449,0,0,0.13996,0.996353,0.020377,-0.0274584,20.716,0.0003,0,0.765822,7879.47,0.13402,0.0609169,-0.1,0.02,1,4.8201,88.6073,648192,nan,nan,nan,nan,nan,nan,nan,nan,nan,nan,nan,nan,nan,nan,nan,nan,nan,nan,nan,nan
423,nan,nan,0.123071,0,0,0.133203,0.969207,0.0429096,-0.0274056,20.7392,0.0003,0,0.766846,7840.66,0.135326,0.060576,-0.1,0.02,1,4.8201,88.8035,649728,nan,nan,nan,nan,nan,nan,nan,nan,nan,nan,nan,nan,nan,nan,nan,nan,nan,nan,nan,nan
424,nan,nan,0.122559,0,0,0.125459,0.939433,0.0317081,-0.0354274,20.7653,0.0003,0,0.768039,7931.22,0.133405,0.0602601,-0.1,0.02,1,4.8201,88.9974,651264,nan,nan,nan,nan,nan,nan,nan,nan,nan,nan,nan,nan,nan,nan,nan,nan,nan,nan,nan,nan
425,nan,nan,0.124365,0,0,0.11091,0.888624,0.0155157,-0.033514,20.7915,0.0003,0,0.769082,7920.66,0.133173,0.0607502,-0.1,0.02,1,4.8201,89.1916,652800,nan,nan,nan,nan,nan,nan,nan,nan,nan,nan,nan,nan,nan,nan,nan,nan,nan,nan,nan,nan
426,nan,nan,0.127275,0,0,0.0951397,0.821122,0.00707161,-0.0352454,20.8154,0.0003,0,0.769972,7853,0.134475,0.0611188,-0.1,0.02,1,4.8201,89.3875,654336,nan,nan,nan,nan,nan,nan,nan,nan,nan,nan,nan,nan,nan,nan,nan,nan,nan,nan,nan,nan
427,nan,nan,0.128327,0,0,0.0989262,0.875246,0.00621297,-0.0338258,20.8326,0.0003,0,0.770774,7771.79,0.137561,0.060077,-0.1,0.02,1,4.8201,89.5855,655872,nan,nan,nan,nan,nan,nan,nan,nan,nan,nan,nan,nan,nan,nan,nan,nan,nan,nan,nan,nan
428,nan,nan,0.128812,0,0,0.105903,0.880279,0.00691475,-0.0284399,20.8552,0.0003,0,0.771843,7316.89,0.141877,0.0680482,-0.1,0.02,1,4.8201,89.7957,657408,nan,nan,nan,nan,nan,nan,nan,nan,nan,nan,nan,nan,nan,nan,nan,nan,nan,nan,nan,nan
429,nan,nan,0.128628,0,0,0.0954763,0.837013,0.00621864,-0.0252535,20.8802,0.0003,0,0.772931,6969.11,0.14606,0.0743411,-0.1,0.02,1,4.8201,90.0164,658944,nan,nan,nan,nan,nan,nan,nan,nan,nan,nan,nan,nan,nan,nan,nan,nan,nan,nan,nan,nan
430,nan,nan,0.128958,0,0,0.0885532,0.829927,0.00341742,-0.030963,20.9052,0.0003,0,0.773867,6566.85,0.158336,0.0755658,-0.1,0.02,1,4.8201,90.2506,660480,nan,nan,nan,nan,nan,nan,nan,nan,nan,nan,nan,nan,nan,nan,nan,nan,nan,nan,nan,nan
431,nan,nan,0.129605,0,0,0.0925032,0.814911,0.002631,-0.0316859,20.9227,0.0003,0,0.774466,7534.95,0.141875,0.061975,-0.1,0.02,1,4.8201,90.4547,662016,nan,nan,nan,nan,nan,nan,nan,nan,nan,nan,nan,nan,nan,nan,nan,nan,nan,nan,nan,nan
432,nan,nan,0.129839,0,0,0.0819512,0.794135,0.00236113,-0.0338381,20.9323,0.0003,0,0.774838,7468.68,0.141463,0.0641959,-0.1,0.02,1,4.8201,90.6606,663552,nan,nan,nan,nan,nan,nan,nan,nan,nan,nan,nan,nan,nan,nan,nan,nan,nan,nan,nan,nan
433,nan,nan,0.129555,0,0,0.077301,0.721498,0.00467058,-0.0264571,20.9431,0.0003,0,0.775351,7153.08,0.151097,0.0636358,-0.1,0.02,1,4.8201,90.8756,665088,nan,nan,nan,nan,nan,nan,nan,nan,nan,nan,nan,nan,nan,nan,nan,nan,nan,nan,nan,nan
434,49.6466,400,0.0926768,2.66667,0,0.164107,1.31364,0.0766746,-0.0175912,20.9556,0.0003,0,0.775958,5658.79,0.205306,0.0661299,-0.1,0.02,1,4.8201,91.1474,666624,0,0,2.31806,0.000788311,-0.119311,nan,0,nan,nan,nan,nan,0,nan,0,nan,nan,nan,-0.179894,nan,nan
435,nan,nan,0.11866,0,0,0.231081,1.33974,0.0122335,-0.0478098,20.9651,0.0003,0,0.776126,7785.99,0.136634,0.0606432,-0.1,0.02,1,4.8201,91.345,668160,nan,nan,nan,nan,nan,nan,nan,nan,nan,nan,nan,nan,nan,nan,nan,nan,nan,nan,nan,nan
436,nan,nan,0.123569,0,0,0.193656,1.1679,0.019444,-0.0410489,20.9739,0.0003,0,0.776916,7942.62,0.133799,0.0595882,-0.1,0.02,1,4.8201,91.5386,669696,nan,nan,nan,nan,nan,nan,nan,nan,nan,nan,nan,nan,nan,nan,nan,nan,nan,nan,nan,nan
437,nan,nan,0.122715,0,0,0.153881,1.07197,0.0744151,-0.0279232,20.9979,0.0003,0,0.778092,8102.68,0.129829,0.0597379,-0.1,0.02,1,4.8201,91.7284,671232,nan,nan,nan,nan,nan,nan,nan,nan,nan,nan,nan,nan,nan,nan,nan,nan,nan,nan,nan,nan
438,nan,nan,0.12483,0,0,0.126135,0.943436,0.0405491,-0.0333304,21.025,0.0003,0,0.779234,8068.67,0.13125,0.0591161,-0.1,0.02,1,4.8201,91.9191,672768,nan,nan,nan,nan,nan,nan,nan,nan,nan,nan,nan,nan,nan,nan,nan,nan,nan,nan,nan,nan
439,nan,nan,0.128403,0,0,0.123729,1.01202,0.0216656,-0.0298746,21.0499,0.0003,0,0.780191,7676.46,0.137768,0.0623243,-0.1,0.02,1,4.8201,92.1194,674304,nan,nan,nan,nan,nan,nan,nan,nan,nan,nan,nan,nan,nan,nan,nan,nan,nan,nan,nan,nan
440,nan,nan,0.128246,0,0,0.103724,0.877349,0.0244557,-0.025667,21.0753,0.0003,0,0.781713,7565.54,0.139297,0.0637288,-0.1,0.02,1,4.8201,92.3227,675840,nan,nan,nan,nan,nan,nan,nan,nan,nan,nan,nan,nan,nan,nan,nan,nan,nan,nan,nan,nan
441,nan,nan,0.12845,0,0,0.0883823,0.780187,0.022895,-0.016524,21.1158,0.0003,0,0.783579,7723.3,0.137949,0.06093,-0.1,0.02,1,4.8201,92.5219,677376,nan,nan,nan,nan,nan,nan,nan,nan,nan,nan,nan,nan,nan,nan,nan,nan,nan,nan,nan,nan
442,nan,nan,0.129485,0,0,0.0875293,0.767713,0.00545551,-0.0265116,21.1516,0.0003,0,0.784768,7838.52,0.135207,0.0607481,-0.1,0.02,1,4.8201,92.7181,678912,nan,nan,nan,nan,nan,nan,nan,nan,nan,nan,nan,nan,nan,nan,nan,nan,nan,nan,nan,nan
443,nan,nan,0.130352,0,0,0.0840667,0.770017,0.00415198,-0.0264675,21.169,0.0003,0,0.78505,7848.31,0.135065,0.0606458,-0.1,0.02,1,4.8201,92.914,680448,nan,nan,nan,nan,nan,nan,nan,nan,nan,nan,nan,nan,nan,nan,nan,nan,nan,nan,nan,nan
444,nan,nan,0.13059,0,0,0.085109,0.773623,0.0103092,-0.0157147,21.1802,0.0003,0,0.786098,7803.05,0.135952,0.060894,-0.1,0.02,1,4.8201,93.1112,681984,nan,nan,nan,nan,nan,nan,nan,nan,nan,nan,nan,nan,nan,nan,nan,nan,nan,nan,nan,nan
445,nan,nan,0.130212,0,0,0.0819966,0.797193,0.022697,-0.0117683,21.2042,0.0003,0,0.786816,7608.18,0.138905,0.062983,-0.1,0.02,1,4.8201,93.3133,683520,nan,nan,nan,nan,nan,nan,nan,nan,nan,nan,nan,nan,nan,nan,nan,nan,nan,nan,nan,nan
446,nan,nan,0.129982,0,0,0.0841453,0.771956,0.00780483,-0.0293362,21.2203,0.0003,0,0.787789,7423.8,0.142515,0.0643868,-0.1,0.02,1,4.8201,93.5205,685056,nan,nan,nan,nan,nan,nan,nan,nan,nan,nan,nan,nan,nan,nan,nan,nan,nan,nan,nan,nan
447,nan,nan,0.129781,0,0,0.0798804,0.776122,0.00718049,-0.0227652,21.2409,0.0003,0,0.788446,7494.22,0.141646,0.0633123,-0.1,0.02,1,4.8201,93.7257,686592,nan,nan,nan,nan,nan,nan,nan,nan,nan,nan,nan,nan,nan,nan,nan,nan,nan,nan,nan,nan
448,nan,nan,0.130301,0,0,0.0810759,0.795033,0.00630574,-0.027673,21.2573,0.0003,0,0.789411,7429.83,0.144027,0.0627069,-0.1,0.02,1,4.8201,93.9328,688128,nan,nan,nan,nan,nan,nan,nan,nan,nan,nan,nan,nan,nan,nan,nan,nan,nan,nan,nan,nan
449,nan,nan,0.130595,0,0,0.0792316,0.783461,0.0067127,-0.0177944,21.2786,0.0003,0,0.79007,7951.76,0.133093,0.0600719,-0.1,0.02,1,4.8201,94.1262,689664,nan,nan,nan,nan,nan,nan,nan,nan,nan,nan,nan,nan,nan,nan,nan,nan,nan,nan,nan,nan
450,50.2914,400,0.129979,2.66667,0,0.0876211,0.767014,0.0157138,-0.0236565,21.2919,0.0003,0,0.79081,6047.31,0.190979,0.0630181,-0.1,0.02,1,4.8201,94.3805,691200,0,0,2.3341,0.000818917,-0.11983,nan,0,nan,nan,nan,nan,0,nan,0,nan,nan,nan,-0.143742,nan,nan
451,nan,nan,0.0909811,0,0,0.264649,1.5545,0.137879,-0.0245343,21.3109,0.0003,0,0.79154,7298.71,0.147784,0.0626643,-0.1,0.02,1,4.8201,94.5913,692736,nan,nan,nan,nan,nan,nan,nan,nan,nan,nan,nan,nan,nan,nan,nan,nan,nan,nan,nan,nan
452,nan,nan,0.123313,0,0,0.248715,1.47927,0.0138059,-0.0506099,21.325,0.0003,0,0.792284,7822.8,0.135699,0.0606501,-0.1,0.02,1,4.8201,94.7879,694272,nan,nan,nan,nan,nan,nan,nan,nan,nan,nan,nan,nan,nan,nan,nan,nan,nan,nan,nan,nan
453,nan,nan,0.124392,0,0,0.212084,1.19112,0.0141824,-0.0500467,21.3411,0.0003,0,0.792797,7800.92,0.135752,0.0611479,-0.1,0.02,1,4.8201,94.9851,695808,nan,nan,nan,nan,nan,nan,nan,nan,nan,nan,nan,nan,nan,nan,nan,nan,nan,nan,nan,nan
454,nan,nan,0.127474,0,0,0.1461,1.00446,0.00736309,-0.0392999,21.3495,0.0003,0,0.793014,7773.48,0.136604,0.060991,-0.1,0.02,1,4.8201,95.1829,697344,nan,nan,nan,nan,nan,nan,nan,nan,nan,nan,nan,nan,nan,nan,nan,nan,nan,nan,nan,nan
455,nan,nan,0.130928,0,0,0.113408,0.886689,0.00528082,-0.043284,21.3579,0.0003,0,0.793727,7635.79,0.139697,0.061461,-0.1,0.02,1,4.8201,95.3843,698880,nan,nan,nan,nan,nan,nan,nan,nan,nan,nan,nan,nan,nan,nan,nan,nan,nan,nan,nan,nan
456,nan,nan,0.132267,0,0,0.106613,0.851299,0.0048469,-0.0389012,21.3683,0.0003,0,0.793521,7478.13,0.138462,0.066937,-0.1,0.02,1,4.8201,95.59,700416,nan,nan,nan,nan,nan,nan,nan,nan,nan,nan,nan,nan,nan,nan,nan,nan,nan,nan,nan,nan
457,nan,nan,0.132285,0,0,0.0898031,0.816648,0.00360249,-0.037607,21.362,0.0003,0,0.79361,7665.74,0.138005,0.062367,-0.1,0.02,1,4.8201,95.7906,701952,nan,nan,nan,nan,nan,nan,nan,nan,nan,nan,nan,nan,nan,nan,nan,nan,nan,nan,nan,nan
458,nan,nan,0.133126,0,0,0.0874447,0.832196,0.00234366,-0.0350273,21.3677,0.0003,0,0.793847,7800.05,0.136415,0.0605068,-0.1,0.02,1,4.8201,95.9878,703488,nan,nan,nan,nan,nan,nan,nan,nan,nan,nan,nan,nan,nan,nan,nan,nan,nan,nan,nan,nan
459,nan,nan,0.133086,0,0,0.0766079,0.76281,0.00160976,-0.0376051,21.3729,0.0003,0,0.79421,7819.78,0.135966,0.0604591,-0.1,0.02,1,4.8201,96.1844,705024,nan,nan,nan,nan,nan,nan,nan,nan,nan,nan,nan,nan,nan,nan,nan,nan,nan,nan,nan,nan
460,nan,nan,0.133009,0,0,0.0728753,0.722247,0.00106682,-0.0373309,21.382,0.0003,0,0.794465,7956.93,0.133093,0.0599461,-0.1,0.02,1,4.8201,96.3777,706560,nan,nan,nan,nan,nan,nan,nan,nan,nan,nan,nan,nan,nan,nan,nan,nan,nan,nan,nan,nan
461,nan,nan,0.133189,0,0,0.0741597,0.707049,0.00109387,-0.0332886,21.3823,0.0003,0,0.794355,7950.02,0.133633,0.0595739,-0.1,0.02,1,4.8201,96.5712,708096,nan,nan,nan,nan,nan,nan,nan,nan,nan,nan,nan,nan,nan,nan,nan,nan,nan,nan,nan,nan
462,nan,nan,0.133322,0,0,0.0655042,0.681655,0.000993398,-0.0304905,21.3817,0.0003,0,0.794376,7961.69,0.13289,0.0600338,-0.1,0.02,1,4.8201,96.7644,709632,nan,nan,nan,nan,nan,nan,nan,nan,nan,nan,nan,nan,nan,nan,nan,nan,nan,nan,nan,nan
463,nan,nan,0.132936,0,0,0.066198,0.661228,0.00168895,-0.0229458,21.3844,0.0003,0,0.79467,7875.06,0.135262,0.0597842,-0.1,0.02,1,4.8201,96.9598,711168,nan,nan,nan,nan,nan,nan,nan,nan,nan,nan,nan,nan,nan,nan,nan,nan,nan,nan,nan,nan
464,nan,nan,0.133423,0,0,0.0741004,0.722735,0.00081888,-0.0289643,21.3918,0.0003,0,0.794966,7879.72,0.135054,0.0598769,-0.1,0.02,1,4.8201,97.155,712704,nan,nan,nan,nan,nan,nan,nan,nan,nan,nan,nan,nan,nan,nan,nan,nan,nan,nan,nan,nan
465,nan,nan,0.133326,0,0,0.0667031,0.701006,0.000710451,-0.0319541,21.3931,0.0003,0,0.794796,7672.64,0.138621,0.0615709,-0.1,0.02,1,4.8201,97.3554,714240,nan,nan,nan,nan,nan,nan,nan,nan,nan,nan,nan,nan,nan,nan,nan,nan,nan,nan,nan,nan
466,nan,nan,0.133578,0,0,0.0653568,0.684044,0.00079976,-0.0275187,21.3905,0.0003,0,0.79492,7770.45,0.137506,0.0601659,-0.1,0.02,1,4.8201,97.5534,715776,nan,nan,nan,nan,nan,nan,nan,nan,nan,nan,nan,nan,nan,nan,nan,nan,nan,nan,nan,nan
467,51.5921,400,0.104216,2.66667,0,0.111398,0.974771,0.00525284,-0.0199466,21.3974,0.0003,0,0.795372,5700.21,0.18612,0.083344,-0.1,0.02,1,4.8201,97.8231,717312,0,0,2.39637,0.000799021,-0.12378,nan,0,nan,nan,nan,nan,0,nan,0,nan,nan,nan,-0.114035,nan,nan
468,nan,nan,0.116745,0,0,0.297818,1.47798,0.00672164,-0.04695,21.4102,0.0003,0,0.796153,7637.91,0.140199,0.0609031,-0.1,0.02,1,4.8201,98.0246,718848,nan,nan,nan,nan,nan,nan,nan,nan,nan,nan,nan,nan,nan,nan,nan,nan,nan,nan,nan,nan
469,nan,nan,0.12435,0,0,0.313065,1.44617,0.0390889,-0.0289631,21.4291,0.0003,0,0.797088,8084.38,0.130308,0.0596879,-0.1,0.02,1,4.8201,98.2148,720384,nan,nan,nan,nan,nan,nan,nan,nan,nan,nan,nan,nan,nan,nan,nan,nan,nan,nan,nan,nan
470,nan,nan,0.122406,0,0,0.202191,1.17213,0.03938,-0.0296959,21.4512,0.0003,0,0.798159,8032.79,0.132409,0.0588071,-0.1,0.02,1,4.8201,98.4063,721920,nan,nan,nan,nan,nan,nan,nan,nan,nan,nan,nan,nan,nan,nan,nan,nan,nan,nan,nan,nan
471,nan,nan,0.126866,0,0,0.148192,0.936269,0.0100353,-0.0368293,21.4746,0.0003,0,0.799094,8023.74,0.13197,0.0594621,-0.1,0.02,1,4.8201,98.598,723456,nan,nan,nan,nan,nan,nan,nan,nan,nan,nan,nan,nan,nan,nan,nan,nan,nan,nan,nan,nan
472,nan,nan,0.130662,0,0,0.124832,0.857453,0.0150914,-0.0281166,21.4936,0.0003,0,0.7997,8010.36,0.13284,0.0589118,-0.1,0.02,1,4.8201,98.79,724992,nan,nan,nan,nan,nan,nan,nan,nan,nan,nan,nan,nan,nan,nan,nan,nan,nan,nan,nan,nan
473,nan,nan,0.130734,0,0,0.115346,0.811646,0.0126547,-0.0123248,21.5049,0.0003,0,0.800351,7982,0.132154,0.0602791,-0.1,0.02,1,4.8201,98.9826,726528,nan,nan,nan,nan,nan,nan,nan,nan,nan,nan,nan,nan,nan,nan,nan,nan,nan,nan,nan,nan
474,nan,nan,0.130676,0,0,0.0923641,0.760268,0.0068,-0.0196736,21.527,0.0003,0,0.801366,8076.57,0.130982,0.0591979,-0.1,0.02,1,4.8201,99.1731,728064,nan,nan,nan,nan,nan,nan,nan,nan,nan,nan,nan,nan,nan,nan,nan,nan,nan,nan,nan,nan
475,nan,nan,0.129609,0,0,0.0799197,0.734176,0.009712,-0.0204394,21.5467,0.0003,0,0.802212,8042.63,0.131694,0.0592883,-0.1,0.02,1,4.8201,99.3643,729600,nan,nan,nan,nan,nan,nan,nan,nan,nan,nan,nan,nan,nan,nan,nan,nan,nan,nan,nan,nan
476,nan,nan,0.131684,0,0,0.0931493,0.767858,0.0176818,-0.0233295,21.5693,0.0003,0,0.803502,8119.3,0.130081,0.0590978,-0.1,0.02,1,4.8201,99.5537,731136,nan,nan,nan,nan,nan,nan,nan,nan,nan,nan,nan,nan,nan,nan,nan,nan,nan,nan,nan,nan
477,nan,nan,0.131229,0,0,0.0845117,0.765947,0.0343994,-0.0219498,21.6005,0.0003,0,0.804871,8115.82,0.129949,0.0593112,-0.1,0.02,1,4.8201,99.7432,732672,nan,nan,nan,nan,nan,nan,nan,nan,nan,nan,nan,nan,nan,nan,nan,nan,nan,nan,nan,nan
478,nan,nan,0.131067,0,0,0.0862017,0.746524,0.00912705,-0.0244687,21.6297,0.0003,0,0.806127,8037.79,0.131897,0.0592,-0.1,0.02,1,4.8201,99.9345,734208,nan,nan,nan,nan,nan,nan,nan,nan,nan,nan,nan,nan,nan,nan,nan,nan,nan,nan,nan,nan
479,nan,nan,0.131432,0,0,0.0880206,0.795462,0.00944982,-0.0307296,21.6526,0.0003,0,0.806821,7997.38,0.132195,0.0598679,-0.1,0.02,1,4.8201,100.127,735744,nan,nan,nan,nan,nan,nan,nan,nan,nan,nan,nan,nan,nan,nan,nan,nan,nan,nan,nan,nan
480,nan,nan,0.131007,0,0,0.0828862,0.762542,0.0064061,-0.0290562,21.6624,0.0003,0,0.806968,8039.41,0.131469,0.0595901,-0.1,0.02,1,4.8201,100.318,737280,nan,nan,nan,nan,nan,nan,nan,nan,nan,nan,nan,nan,nan,nan,nan,nan,nan,nan,nan,nan
481,nan,nan,0.131686,0,0,0.0860822,0.739566,0.00440243,-0.0347007,21.6688,0.0003,0,0.807559,7877.53,0.131211,0.0637739,-0.1,0.02,1,4.8201,100.513,738816,nan,nan,nan,nan,nan,nan,nan,nan,nan,nan,nan,nan,nan,nan,nan,nan,nan,nan,nan,nan
482,nan,nan,0.1313,0,0,0.085166,0.753489,0.00548603,-0.0308567,21.6796,0.0003,0,0.807845,7971.3,0.132702,0.059989,-0.1,0.02,1,4.8201,100.706,740352,nan,nan,nan,nan,nan,nan,nan,nan,nan,nan,nan,nan,nan,nan,nan,nan,nan,nan,nan,nan
483,nan,nan,0.131406,0,0,0.0876169,0.759533,0.00431368,-0.0313505,21.6858,0.0003,0,0.808144,8010.65,0.131898,0.0598471,-0.1,0.02,1,4.8201,100.898,741888,nan,nan,nan,nan,nan,nan,nan,nan,nan,nan,nan,nan,nan,nan,nan,nan,nan,nan,nan,nan
484,50.9285,400,0.0898011,2.66667,0,0.161666,1.22008,0.0121421,-0.0320969,21.6967,0.0003,0,0.80888,6328.1,0.183015,0.0597119,-0.1,0.02,1,4.8201,101.141,743424,0,0,2.36246,0.000898371,-0.127914,nan,0,nan,nan,nan,nan,0,nan,0,nan,nan,nan,-0.125893,nan,nan
485,nan,nan,0.116614,0,0,0.291815,1.32286,0.0160231,-0.0371252,21.7114,0.0003,0,0.809327,8067.23,0.130883,0.0595169,-0.1,0.02,1,4.8201,101.332,744960,nan,nan,nan,nan,nan,nan,nan,nan,nan,nan,nan,nan,nan,nan,nan,nan,nan,nan,nan,nan
486,nan,nan,0.119055,0,0,0.246961,1.17961,0.0852776,-0.0262346,21.7245,0.0003,0,0.810434,8068.84,0.130525,0.0598371,-0.1,0.02,1,4.8201,101.523,746496,nan,nan,nan,nan,nan,nan,nan,nan,nan,nan,nan,nan,nan,nan,nan,nan,nan,nan,nan,nan
487,nan,nan,0.118727,0,0,0.136464,0.996623,0.0545352,-0.0260787,21.7536,0.0003,0,0.811692,8020.35,0.131304,0.060209,-0.1,0.02,1,4.8201,101.714,748032,nan,nan,nan,nan,nan,nan,nan,nan,nan,nan,nan,nan,nan,nan,nan,nan,nan,nan,nan,nan
488,nan,nan,0.126147,0,0,0.106763,0.825997,0.0287658,-0.0355193,21.7814,0.0003,0,0.812923,8037.63,0.131166,0.0599351,-0.1,0.02,1,4.8201,101.906,749568,nan,nan,nan,nan,nan,nan,nan,nan,nan,nan,nan,nan,nan,nan,nan,nan,nan,nan,nan,nan
489,nan,nan,0.129191,0,0,0.0957002,0.813883,0.0106137,-0.0273727,21.8007,0.0003,0,0.813401,8056.09,0.13125,0.059413,-0.1,0.02,1,4.8201,102.097,751104,nan,nan,nan,nan,nan,nan,nan,nan,nan,nan,nan,nan,nan,nan,nan,nan,nan,nan,nan,nan
490,nan,nan,0.130951,0,0,0.0751531,0.720406,0.0111531,-0.0186317,21.8144,0.0003,0,0.814367,8021.14,0.132127,0.0593669,-0.1,0.02,1,4.8201,102.288,752640,nan,nan,nan,nan,nan,nan,nan,nan,nan,nan,nan,nan,nan,nan,nan,nan,nan,nan,nan,nan
491,nan,nan,0.13125,0,0,0.065837,0.714278,0.0115198,-0.0187195,21.8397,0.0003,0,0.81558,7989.64,0.132631,0.059618,-0.1,0.02,1,4.8201,102.481,754176,nan,nan,nan,nan,nan,nan,nan,nan,nan,nan,nan,nan,nan,nan,nan,nan,nan,nan,nan,nan
492,nan,nan,0.131259,0,0,0.065941,0.717422,0.00780324,-0.0237884,21.8663,0.0003,0,0.816789,7786.4,0.135675,0.0615921,-0.1,0.02,1,4.8201,102.678,755712,nan,nan,nan,nan,nan,nan,nan,nan,nan,nan,nan,nan,nan,nan,nan,nan,nan,nan,nan,nan
493,nan,nan,0.131526,0,0,0.0637795,0.690246,0.00767484,-0.018097,21.8875,0.0003,0,0.817327,8091.7,0.130604,0.0592201,-0.1,0.02,1,4.8201,102.869,757248,nan,nan,nan,nan,nan,nan,nan,nan,nan,nan,nan,nan,nan,nan,nan,nan,nan,nan,nan,nan
494,nan,nan,0.131049,0,0,0.0627021,0.725444,0.00787954,-0.0197106,21.8989,0.0003,0,0.81826,8012.61,0.132324,0.0593741,-0.1,0.02,1,4.8201,103.061,758784,nan,nan,nan,nan,nan,nan,nan,nan,nan,nan,nan,nan,nan,nan,nan,nan,nan,nan,nan,nan
495,nan,nan,0.132036,0,0,0.0664983,0.680788,0.00633343,-0.0233361,21.9194,0.0003,0,0.819007,8088.22,0.130051,0.059855,-0.1,0.02,1,4.8201,103.251,760320,nan,nan,nan,nan,nan,nan,nan,nan,nan,nan,nan,nan,nan,nan,nan,nan,nan,nan,nan,nan
496,nan,nan,0.133234,0,0,0.0657722,0.728616,0.00827401,-0.0163409,21.9395,0.0003,0,0.82022,8030.41,0.131608,0.059665,-0.1,0.02,1,4.8201,103.442,761856,nan,nan,nan,nan,nan,nan,nan,nan,nan,nan,nan,nan,nan,nan,nan,nan,nan,nan,nan,nan
497,nan,nan,0.133506,0,0,0.0678785,0.72193,0.00159066,-0.0345216,21.9638,0.0003,0,0.820822,8027.26,0.131745,0.059603,-0.1,0.02,1,4.8201,103.634,763392,nan,nan,nan,nan,nan,nan,nan,nan,nan,nan,nan,nan,nan,nan,nan,nan,nan,nan,nan,nan
498,nan,nan,0.13363,0,0,0.0638003,0.723902,0.00103468,-0.0400642,21.967,0.0003,0,0.82074,7963.92,0.132759,0.060111,-0.1,0.02,1,4.8201,103.827,764928,nan,nan,nan,nan,nan,nan,nan,nan,nan,nan,nan,nan,nan,nan,nan,nan,nan,nan,nan,nan
499,nan,nan,0.133315,0,0,0.0672631,0.706697,0.00124187,-0.0299748,21.9683,0.0003,0,0.820917,7984.19,0.130827,0.061553,-0.1,0.02,1,4.8201,104.02,766464,nan,nan,nan,nan,nan,nan,nan,nan,nan,nan,nan,nan,nan,nan,nan,nan,nan,nan,nan,nan
500,50.6435,400,0.132832,2.66667,0,0.0663918,0.696256,0.00322615,-0.0210027,21.9763,0.0003,0,0.821632,6145.4,0.189671,0.060272,-0.1,0.02,1,4.8201,104.27,768000,0,0,2.33675,0.000530717,-0.127688,nan,0,nan,nan,nan,nan,0,nan,0,nan,nan,nan,-0.106156,nan,nan
501,nan,nan,0.0850283,0,0,0.262325,1.42423,0.0401945,-0.0408968,21.9934,0.0003,0,0.822369,7933.48,0.133735,0.059875,-0.2,0.05,1,4.8201,104.464,769536,nan,nan,nan,nan,nan,nan,nan,nan,nan,nan,nan,nan,nan,nan,nan,nan,nan,nan,nan,nan
502,nan,nan,0.118397,0,0,0.295488,1.3533,0.0394434,-0.0281727,22.0142,0.0003,0,0.82372,7998.17,0.132425,0.0596192,-0.2,0.05,1,4.8201,104.656,771072,nan,nan,nan,nan,nan,nan,nan,nan,nan,nan,nan,nan,nan,nan,nan,nan,nan,nan,nan,nan
503,nan,nan,0.112902,0,0,0.206447,1.17956,0.134874,-0.0240759,22.0425,0.0003,0,0.824778,7669.72,0.137102,0.0631659,-0.2,0.05,1,4.8201,104.856,772608,nan,nan,nan,nan,nan,nan,nan,nan,nan,nan,nan,nan,nan,nan,nan,nan,nan,nan,nan,nan
504,nan,nan,0.114866,0,0,0.118837,0.917231,0.0887589,-0.0318342,22.0656,0.0003,0,0.825962,7966.14,0.132742,0.0600743,-0.2,0.05,1,4.8201,105.05,774144,nan,nan,nan,nan,nan,nan,nan,nan,nan,nan,nan,nan,nan,nan,nan,nan,nan,nan,nan,nan
505,nan,nan,0.120458,0,0,0.110158,0.868243,0.0233482,-0.0386557,22.0981,0.0003,0,0.827807,8036.28,0.131283,0.05985,-0.2,0.05,1,4.8201,105.241,775680,nan,nan,nan,nan,nan,nan,nan,nan,nan,nan,nan,nan,nan,nan,nan,nan,nan,nan,nan,nan
506,nan,nan,0.12356,0,0,0.111689,0.849714,0.03338,-0.0293841,22.1377,0.0003,0,0.82955,8060.15,0.130827,0.0597403,-0.2,0.05,1,4.8201,105.432,777216,nan,nan,nan,nan,nan,nan,nan,nan,nan,nan,nan,nan,nan,nan,nan,nan,nan,nan,nan,nan
507,nan,nan,0.123917,0,0,0.0862761,0.789482,0.0286396,-0.0266674,22.1723,0.0003,0,0.830935,8125.14,0.12986,0.0591831,-0.2,0.05,1,4.8201,105.621,778752,nan,nan,nan,nan,nan,nan,nan,nan,nan,nan,nan,nan,nan,nan,nan,nan,nan,nan,nan,nan
508,nan,nan,0.124637,0,0,0.0862568,0.738163,0.0163053,-0.0218227,22.1978,0.0003,0,0.831925,7990.06,0.132247,0.0599918,-0.2,0.05,1,4.8201,105.814,780288,nan,nan,nan,nan,nan,nan,nan,nan,nan,nan,nan,nan,nan,nan,nan,nan,nan,nan,nan,nan
509,nan,nan,0.126734,0,0,0.0832077,0.745652,0.0215392,-0.0201786,22.2216,0.0003,0,0.833059,7402.37,0.139825,0.0676763,-0.2,0.05,1,4.8201,106.021,781824,nan,nan,nan,nan,nan,nan,nan,nan,nan,nan,nan,nan,nan,nan,nan,nan,nan,nan,nan,nan
510,nan,nan,0.126758,0,0,0.0783569,0.737083,0.0146415,-0.023543,22.2477,0.0003,0,0.83443,8049.76,0.1313,0.0595131,-0.2,0.05,1,4.8201,106.212,783360,nan,nan,nan,nan,nan,nan,nan,nan,nan,nan,nan,nan,nan,nan,nan,nan,nan,nan,nan,nan
511,nan,nan,0.127605,0,0,0.0761755,0.734058,0.0130976,-0.0234011,22.2757,0.0003,0,0.835562,8194.31,0.128289,0.0591581,-0.2,0.05,1,4.8201,106.4,784896,nan,nan,nan,nan,nan,nan,nan,nan,nan,nan,nan,nan,nan,nan,nan,nan,nan,nan,nan,nan
512,nan,nan,0.127435,0,0,0.0721941,0.697251,0.0175524,-0.0257117,22.303,0.0003,0,0.837314,7583.81,0.129671,0.072866,-0.2,0.05,1,4.8201,106.603,786432,nan,nan,nan,nan,nan,nan,nan,nan,nan,nan,nan,nan,nan,nan,nan,nan,nan,nan,nan,nan
513,nan,nan,0.129181,0,0,0.0764281,0.717184,0.0171256,-0.0160654,22.3423,0.0003,0,0.838846,7861.77,0.136491,0.0588849,-0.2,0.05,1,4.8201,106.799,787968,nan,nan,nan,nan,nan,nan,nan,nan,nan,nan,nan,nan,nan,nan,nan,nan,nan,nan,nan,nan
514,nan,nan,0.128754,0,0,0.074258,0.716969,0.00852908,-0.0232513,22.3688,0.0003,0,0.839867,8118.53,0.129997,0.0592,-0.2,0.05,1,4.8201,106.988,789504,nan,nan,nan,nan,nan,nan,nan,nan,nan,nan,nan,nan,nan,nan,nan,nan,nan,nan,nan,nan
515,nan,nan,0.12925,0,0,0.0703258,0.698399,0.0184427,-0.0180147,22.3922,0.0003,0,0.841109,8050.07,0.131883,0.058923,-0.2,0.05,1,4.8201,107.179,791040,nan,nan,nan,nan,nan,nan,nan,nan,nan,nan,nan,nan,nan,nan,nan,nan,nan,nan,nan,nan
516,nan,nan,0.130777,0,0,0.0699848,0.733509,0.0181674,-0.0164167,22.4193,0.0003,0,0.842258,8077.28,0.130829,0.059334,-0.2,0.05,1,4.8201,107.369,792576,nan,nan,nan,nan,nan,nan,nan,nan,nan,nan,nan,nan,nan,nan,nan,nan,nan,nan,nan,nan
517,48.906,400,0.100797,2.66667,0,0.120634,0.958525,0.0734679,-0.00985674,22.4416,0.0003,0,0.843065,6358.49,0.182469,0.059098,-0.2,0.05,1,4.8201,107.611,794112,0,0,2.28157,0.00075172,-0.136885,nan,0,nan,nan,nan,nan,0,nan,0,nan,nan,nan,-0.099002,nan,nan
518,nan,nan,0.106609,0,0,0.337303,1.37094,0.0558609,-0.0336643,22.4559,0.0003,0,0.843683,8215.98,0.127942,0.0590107,-0.2,0.05,1,4.8201,107.798,795648,nan,nan,nan,nan,nan,nan,nan,nan,nan,nan,nan,nan,nan,nan,nan,nan,nan,nan,nan,nan
519,nan,nan,0.0940875,0,0,0.321485,1.33295,0.340931,-0.0265176,22.4651,0.0003,0,0.843911,8139.57,0.129714,0.0589941,-0.2,0.05,1,4.8201,107.987,797184,nan,nan,nan,nan,nan,nan,nan,nan,nan,nan,nan,nan,nan,nan,nan,nan,nan,nan,nan,nan
520,nan,nan,0.0855919,0,0,0.15001,1.09042,0.165854,-0.0353325,22.4683,0.0003,0,0.844002,8183.27,0.128783,0.0589168,-0.2,0.05,1,4.8201,108.175,798720,nan,nan,nan,nan,nan,nan,nan,nan,nan,nan,nan,nan,nan,nan,nan,nan,nan,nan,nan,nan
521,nan,nan,0.102382,0,0,0.11392,0.934358,0.0688781,-0.0405901,22.4769,0.0003,0,0.844964,8051.6,0.131508,0.0592613,-0.2,0.05,1,4.8201,108.366,800256,nan,nan,nan,nan,nan,nan,nan,nan,nan,nan,nan,nan,nan,nan,nan,nan,nan,nan,nan,nan
522,nan,nan,0.114471,0,0,0.12398,0.943072,0.0382953,-0.0402797,22.4969,0.0003,0,0.845579,8174.08,0.128913,0.0589981,-0.2,0.05,1,4.8201,108.554,801792,nan,nan,nan,nan,nan,nan,nan,nan,nan,nan,nan,nan,nan,nan,nan,nan,nan,nan,nan,nan
523,nan,nan,0.124236,0,0,0.107736,0.849303,0.0272382,-0.0313006,22.5112,0.0003,0,0.846503,8095.33,0.130377,0.0593622,-0.2,0.05,1,4.8201,108.744,803328,nan,nan,nan,nan,nan,nan,nan,nan,nan,nan,nan,nan,nan,nan,nan,nan,nan,nan,nan,nan
524,nan,nan,0.128225,0,0,0.0898608,0.79587,0.0118881,-0.0335512,22.5336,0.0003,0,0.84741,8131.68,0.129812,0.0590789,-0.2,0.05,1,4.8201,108.934,804864,nan,nan,nan,nan,nan,nan,nan,nan,nan,nan,nan,nan,nan,nan,nan,nan,nan,nan,nan,nan
525,nan,nan,0.130404,0,0,0.0867856,0.78805,0.00746852,-0.0309075,22.5528,0.0003,0,0.848635,8096.91,0.13063,0.059072,-0.2,0.05,1,4.8201,109.123,806400,nan,nan,nan,nan,nan,nan,nan,nan,nan,nan,nan,nan,nan,nan,nan,nan,nan,nan,nan,nan
526,nan,nan,0.132174,0,0,0.0825602,0.753404,0.00766232,-0.028612,22.5869,0.0003,0,0.850556,8046.99,0.131869,0.05901,-0.2,0.05,1,4.8201,109.315,807936,nan,nan,nan,nan,nan,nan,nan,nan,nan,nan,nan,nan,nan,nan,nan,nan,nan,nan,nan,nan
527,nan,nan,0.131964,0,0,0.0776364,0.716839,0.00320374,-0.0286266,22.6215,0.0003,0,0.851547,8146.64,0.129628,0.0589159,-0.2,0.05,1,4.8201,109.503,809472,nan,nan,nan,nan,nan,nan,nan,nan,nan,nan,nan,nan,nan,nan,nan,nan,nan,nan,nan,nan
528,nan,nan,0.132903,0,0,0.0747925,0.754963,0.00871079,-0.0234483,22.6388,0.0003,0,0.852517,8165.43,0.129152,0.0589581,-0.2,0.05,1,4.8201,109.692,811008,nan,nan,nan,nan,nan,nan,nan,nan,nan,nan,nan,nan,nan,nan,nan,nan,nan,nan,nan,nan
529,nan,nan,0.132771,0,0,0.0737744,0.750203,0.00639914,-0.0277557,22.6583,0.0003,0,0.853103,7696.41,0.131541,0.0680327,-0.2,0.05,1,4.8201,109.891,812544,nan,nan,nan,nan,nan,nan,nan,nan,nan,nan,nan,nan,nan,nan,nan,nan,nan,nan,nan,nan
530,nan,nan,0.131066,0,0,0.0717441,0.729872,0.00530164,-0.0269105,22.6713,0.0003,0,0.854201,8025.21,0.132316,0.0590811,-0.2,0.05,1,4.8201,110.083,814080,nan,nan,nan,nan,nan,nan,nan,nan,nan,nan,nan,nan,nan,nan,nan,nan,nan,nan,nan,nan
531,nan,nan,0.132443,0,0,0.0756975,0.758819,0.00286432,-0.0243742,22.6973,0.0003,0,0.855343,8148.76,0.129272,0.0592229,-0.2,0.05,1,4.8201,110.272,815616,nan,nan,nan,nan,nan,nan,nan,nan,nan,nan,nan,nan,nan,nan,nan,nan,nan,nan,nan,nan
532,nan,nan,0.131958,0,0,0.0746533,0.762259,0.00554523,-0.0235953,22.7208,0.0003,0,0.856559,8083.62,0.130921,0.059093,-0.2,0.05,1,4.8201,110.462,817152,nan,nan,nan,nan,nan,nan,nan,nan,nan,nan,nan,nan,nan,nan,nan,nan,nan,nan,nan,nan
533,nan,nan,0.132018,0,0,0.0674253,0.729285,0.00221602,-0.0254321,22.7428,0.0003,0,0.857267,8064.01,0.131308,0.0591679,-0.2,0.05,1,4.8201,110.653,818688,nan,nan,nan,nan,nan,nan,nan,nan,nan,nan,nan,nan,nan,nan,nan,nan,nan,nan,nan,nan
534,48.0192,400,0.0879346,2.66667,0,0.175531,1.31408,0.0668347,-0.0372099,22.7577,0.0003,0,0.858065,6379.62,0.181349,0.059418,-0.2,0.05,1,4.8201,110.894,820224,0,0,2.26016,0.000791725,-0.138764,nan,0,nan,nan,nan,nan,0,nan,0,nan,nan,nan,-0.122058,nan,nan
535,nan,nan,0.100869,0,0,0.220987,1.45014,0.0562047,-0.0419864,22.7703,0.0003,0,0.858467,8012.34,0.13196,0.0597441,-0.2,0.05,1,4.8201,111.086,821760,nan,nan,nan,nan,nan,nan,nan,nan,nan,nan,nan,nan,nan,nan,nan,nan,nan,nan,nan,nan
536,nan,nan,0.100351,0,0,0.193012,1.31044,0.0702189,-0.0387427,22.7829,0.0003,0,0.859384,8070.62,0.131438,0.058882,-0.2,0.05,1,4.8201,111.276,823296,nan,nan,nan,nan,nan,nan,nan,nan,nan,nan,nan,nan,nan,nan,nan,nan,nan,nan,nan,nan
537,nan,nan,0.103376,0,0,0.151906,1.16773,0.160814,-0.0353888,22.8012,0.0003,0,0.860101,8103.36,0.13032,0.0592308,-0.2,0.05,1,4.8201,111.466,824832,nan,nan,nan,nan,nan,nan,nan,nan,nan,nan,nan,nan,nan,nan,nan,nan,nan,nan,nan,nan
538,nan,nan,0.102546,0,0,0.147792,1.08192,0.138593,-0.0398551,22.815,0.0003,0,0.860728,8057.32,0.131447,0.0591869,-0.2,0.05,1,4.8201,111.657,826368,nan,nan,nan,nan,nan,nan,nan,nan,nan,nan,nan,nan,nan,nan,nan,nan,nan,nan,nan,nan
539,nan,nan,0.108481,0,0,0.128371,0.98365,0.144315,-0.0370721,22.8323,0.0003,0,0.861967,8063.27,0.131739,0.0587542,-0.2,0.05,1,4.8201,111.848,827904,nan,nan,nan,nan,nan,nan,nan,nan,nan,nan,nan,nan,nan,nan,nan,nan,nan,nan,nan,nan
540,nan,nan,0.115397,0,0,0.116515,0.983787,0.0797972,-0.0338596,22.8609,0.0003,0,0.863266,8150.48,0.12918,0.0592752,-0.2,0.05,1,4.8201,112.037,829440,nan,nan,nan,nan,nan,nan,nan,nan,nan,nan,nan,nan,nan,nan,nan,nan,nan,nan,nan,nan
541,nan,nan,0.121617,0,0,0.104625,0.963554,0.0831549,-0.0311465,22.8867,0.0003,0,0.864519,8041.84,0.131616,0.0593851,-0.2,0.05,1,4.8201,112.228,830976,nan,nan,nan,nan,nan,nan,nan,nan,nan,nan,nan,nan,nan,nan,nan,nan,nan,nan,nan,nan
542,nan,nan,0.12275,0,0,0.101736,0.868941,0.0755312,-0.0289377,22.9162,0.0003,0,0.866089,8068.25,0.131319,0.059057,-0.2,0.05,1,4.8201,112.418,832512,nan,nan,nan,nan,nan,nan,nan,nan,nan,nan,nan,nan,nan,nan,nan,nan,nan,nan,nan,nan
543,nan,nan,0.12182,0,0,0.094574,0.889945,0.0796989,-0.0308746,22.9481,0.0003,0,0.86746,8114.37,0.130059,0.0592349,-0.2,0.05,1,4.8201,112.608,834048,nan,nan,nan,nan,nan,nan,nan,nan,nan,nan,nan,nan,nan,nan,nan,nan,nan,nan,nan,nan
544,nan,nan,0.12304,0,0,0.0952263,0.85285,0.0474738,-0.0339536,22.9716,0.0003,0,0.868417,8071.13,0.131385,0.058923,-0.2,0.05,1,4.8201,112.799,835584,nan,nan,nan,nan,nan,nan,nan,nan,nan,nan,nan,nan,nan,nan,nan,nan,nan,nan,nan,nan
545,nan,nan,0.128066,0,0,0.095087,0.872743,0.04589,-0.0299373,22.9929,0.0003,0,0.8697,8083.07,0.131052,0.058975,-0.2,0.05,1,4.8201,112.989,837120,nan,nan,nan,nan,nan,nan,nan,nan,nan,nan,nan,nan,nan,nan,nan,nan,nan,nan,nan,nan
546,nan,nan,0.12865,0,0,0.103779,0.821249,0.0196591,-0.032683,23.0251,0.0003,0,0.87152,8155.68,0.129412,0.058923,-0.2,0.05,1,4.8201,113.177,838656,nan,nan,nan,nan,nan,nan,nan,nan,nan,nan,nan,nan,nan,nan,nan,nan,nan,nan,nan,nan
547,nan,nan,0.127539,0,0,0.0960215,0.863356,0.016562,-0.0325181,23.0535,0.0003,0,0.87224,8058.59,0.131309,0.0592949,-0.2,0.05,1,4.8201,113.368,840192,nan,nan,nan,nan,nan,nan,nan,nan,nan,nan,nan,nan,nan,nan,nan,nan,nan,nan,nan,nan
548,nan,nan,0.128308,0,0,0.0913083,0.852952,0.0126222,-0.0342609,23.0675,0.0003,0,0.873103,8094.17,0.129794,0.059972,-0.2,0.05,1,4.8201,113.558,841728,nan,nan,nan,nan,nan,nan,nan,nan,nan,nan,nan,nan,nan,nan,nan,nan,nan,nan,nan,nan
549,nan,nan,0.128682,0,0,0.0873876,0.825904,0.0107368,-0.0306423,23.084,0.0003,0,0.873725,8074.52,0.130592,0.0596359,-0.2,0.05,1,4.8201,113.749,843264,nan,nan,nan,nan,nan,nan,nan,nan,nan,nan,nan,nan,nan,nan,nan,nan,nan,nan,nan,nan
550,46.4334,400,0.129494,2.66667,0,0.0841167,0.804603,0.00549854,-0.0372368,23.0966,0.0003,0,0.874254,6332.9,0.183084,0.0594587,-0.2,0.05,1,4.8201,113.992,844800,0,0,2.1827,0.000748737,-0.145425,nan,0,nan,nan,nan,nan,0,nan,0,nan,nan,nan,-0.126725,nan,nan
551,nan,nan,0.0786057,0,0,0.248685,1.61051,0.114845,-0.0444101,23.1071,0.0003,0,0.87482,8205.62,0.128218,0.0589707,-0.2,0.05,1,4.8201,114.179,846336,nan,nan,nan,nan,nan,nan,nan,nan,nan,nan,nan,nan,nan,nan,nan,nan,nan,nan,nan,nan
552,nan,nan,0.102262,0,0,0.230359,1.4675,0.0586806,-0.0451165,23.1279,0.0003,0,0.87625,8101.02,0.130251,0.0593548,-0.2,0.05,1,4.8201,114.369,847872,nan,nan,nan,nan,nan,nan,nan,nan,nan,nan,nan,nan,nan,nan,nan,nan,nan,nan,nan,nan
553,nan,nan,0.107879,0,0,0.192436,1.3224,0.0576385,-0.0394424,23.1539,0.0003,0,0.877333,8075.44,0.130592,0.0596144,-0.2,0.05,1,4.8201,114.559,849408,nan,nan,nan,nan,nan,nan,nan,nan,nan,nan,nan,nan,nan,nan,nan,nan,nan,nan,nan,nan
554,nan,nan,0.108276,0,0,0.187368,1.34506,0.0777139,-0.0387704,23.1789,0.0003,0,0.878808,7901.36,0.13493,0.0594671,-0.2,0.05,1,4.8201,114.754,850944,nan,nan,nan,nan,nan,nan,nan,nan,nan,nan,nan,nan,nan,nan,nan,nan,nan,nan,nan,nan
555,nan,nan,0.108036,0,0,0.166432,1.18359,0.106712,-0.0407768,23.2075,0.0003,0,0.88014,8150.41,0.128852,0.0596049,-0.2,0.05,1,4.8201,114.943,852480,nan,nan,nan,nan,nan,nan,nan,nan,nan,nan,nan,nan,nan,nan,nan,nan,nan,nan,nan,nan
556,nan,nan,0.111158,0,0,0.118904,0.993975,0.0785866,-0.0339384,23.2346,0.0003,0,0.881431,8086.25,0.130822,0.0591302,-0.2,0.05,1,4.8201,115.133,854016,nan,nan,nan,nan,nan,nan,nan,nan,nan,nan,nan,nan,nan,nan,nan,nan,nan,nan,nan,nan
557,nan,nan,0.114852,0,0,0.11255,0.917821,0.0607854,-0.0377135,23.2603,0.0003,0,0.882607,8086.3,0.130539,0.059412,-0.2,0.05,1,4.8201,115.323,855552,nan,nan,nan,nan,nan,nan,nan,nan,nan,nan,nan,nan,nan,nan,nan,nan,nan,nan,nan,nan
558,nan,nan,0.1167,0,0,0.105788,0.887189,0.0493547,-0.0349563,23.2796,0.0003,0,0.883198,8032.72,0.131501,0.0597167,-0.2,0.05,1,4.8201,115.515,857088,nan,nan,nan,nan,nan,nan,nan,nan,nan,nan,nan,nan,nan,nan,nan,nan,nan,nan,nan,nan
559,nan,nan,0.118982,0,0,0.103573,0.875955,0.0552657,-0.0321648,23.292,0.0003,0,0.883995,8076.26,0.131052,0.0591352,-0.2,0.05,1,4.8201,115.705,858624,nan,nan,nan,nan,nan,nan,nan,nan,nan,nan,nan,nan,nan,nan,nan,nan,nan,nan,nan,nan
560,nan,nan,0.118969,0,0,0.0959664,0.865471,0.0350347,-0.0338975,23.3131,0.0003,0,0.885336,8136.28,0.12979,0.0589943,-0.2,0.05,1,4.8201,115.894,860160,nan,nan,nan,nan,nan,nan,nan,nan,nan,nan,nan,nan,nan,nan,nan,nan,nan,nan,nan,nan
561,nan,nan,0.120373,0,0,0.0971232,0.853544,0.027835,-0.0360756,23.3436,0.0003,0,0.886774,8105,0.130482,0.059031,-0.2,0.05,1,4.8201,116.084,861696,nan,nan,nan,nan,nan,nan,nan,nan,nan,nan,nan,nan,nan,nan,nan,nan,nan,nan,nan,nan
562,nan,nan,0.11873,0,0,0.0899273,0.86883,0.0270972,-0.0360644,23.3683,0.0003,0,0.887881,8188.54,0.128484,0.0590949,-0.2,0.05,1,4.8201,116.272,863232,nan,nan,nan,nan,nan,nan,nan,nan,nan,nan,nan,nan,nan,nan,nan,nan,nan,nan,nan,nan
563,nan,nan,0.119035,0,0,0.0958481,0.884467,0.0302972,-0.0333191,23.388,0.0003,0,0.888735,8270.16,0.126986,0.058742,-0.2,0.05,1,4.8201,116.458,864768,nan,nan,nan,nan,nan,nan,nan,nan,nan,nan,nan,nan,nan,nan,nan,nan,nan,nan,nan,nan
564,nan,nan,0.121021,0,0,0.0867783,0.817878,0.0643261,-0.0316347,23.4034,0.0003,0,0.889309,8039.82,0.132241,0.0588078,-0.2,0.05,1,4.8201,116.649,866304,nan,nan,nan,nan,nan,nan,nan,nan,nan,nan,nan,nan,nan,nan,nan,nan,nan,nan,nan,nan
565,nan,nan,0.121585,0,0,0.0933451,0.851843,0.0500194,-0.0287203,23.4134,0.0003,0,0.889737,8142.15,0.129848,0.0588,-0.2,0.05,1,4.8201,116.838,867840,nan,nan,nan,nan,nan,nan,nan,nan,nan,nan,nan,nan,nan,nan,nan,nan,nan,nan,nan,nan
566,nan,nan,0.119851,0,0,0.0967777,0.851188,0.0632181,-0.0312148,23.4205,0.0003,0,0.890191,7927.7,0.130824,0.062927,-0.2,0.05,1,4.8201,117.032,869376,nan,nan,nan,nan,nan,nan,nan,nan,nan,nan,nan,nan,nan,nan,nan,nan,nan,nan,nan,nan
567,45.28,400,0.0983205,2.66667,0,0.149788,1.11309,0.0544824,-0.0395918,23.4357,0.0003,0,0.891228,6419.26,0.180064,0.0592158,-0.2,0.05,1,4.8201,117.272,870912,0,0,2.16059,0.000603102,-0.145088,nan,0,nan,nan,nan,nan,0,nan,0,nan,nan,nan,-0.184341,nan,nan
568,nan,nan,0.10026,0,0,0.341856,1.60174,0.163594,-0.0394325,23.4522,0.0003,0,0.891548,8242.43,0.127349,0.0590038,-0.2,0.05,1,4.8201,117.458,872448,nan,nan,nan,nan,nan,nan,nan,nan,nan,nan,nan,nan,nan,nan,nan,nan,nan,nan,nan,nan
569,nan,nan,0.102217,0,0,0.322625,1.57607,0.251074,-0.0433685,23.4563,0.0003,0,0.891862,8197.11,0.128563,0.0588202,-0.2,0.05,1,4.8201,117.646,873984,nan,nan,nan,nan,nan,nan,nan,nan,nan,nan,nan,nan,nan,nan,nan,nan,nan,nan,nan,nan
570,nan,nan,0.0948047,0,0,0.211899,1.30578,0.199811,-0.0381234,23.4641,0.0003,0,0.892389,8226.09,0.12776,0.0589628,-0.2,0.05,1,4.8201,117.833,875520,nan,nan,nan,nan,nan,nan,nan,nan,nan,nan,nan,nan,nan,nan,nan,nan,nan,nan,nan,nan
571,nan,nan,0.106011,0,0,0.160187,1.15221,0.189953,-0.0317765,23.4856,0.0003,0,0.894091,8229.17,0.127477,0.0591762,-0.2,0.05,1,4.8201,118.02,877056,nan,nan,nan,nan,nan,nan,nan,nan,nan,nan,nan,nan,nan,nan,nan,nan,nan,nan,nan,nan
572,nan,nan,0.11475,0,0,0.13971,0.991242,0.100608,-0.0354497,23.5177,0.0003,0,0.895296,8146.47,0.12918,0.0593681,-0.2,0.05,1,4.8201,118.208,878592,nan,nan,nan,nan,nan,nan,nan,nan,nan,nan,nan,nan,nan,nan,nan,nan,nan,nan,nan,nan
573,nan,nan,0.117528,0,0,0.119158,0.971693,0.064101,-0.0295181,23.5419,0.0003,0,0.896675,8085.18,0.130957,0.05902,-0.2,0.05,1,4.8201,118.399,880128,nan,nan,nan,nan,nan,nan,nan,nan,nan,nan,nan,nan,nan,nan,nan,nan,nan,nan,nan,nan
574,nan,nan,0.118336,0,0,0.113275,0.932932,0.0459293,-0.0369048,23.5705,0.0003,0,0.897911,8141.46,0.129522,0.0591419,-0.2,0.05,1,4.8201,118.588,881664,nan,nan,nan,nan,nan,nan,nan,nan,nan,nan,nan,nan,nan,nan,nan,nan,nan,nan,nan,nan
575,nan,nan,0.119628,0,0,0.0893935,0.85787,0.0426027,-0.0334979,23.5878,0.0003,0,0.898589,8063.08,0.131355,0.0591428,-0.2,0.05,1,4.8201,118.778,883200,nan,nan,nan,nan,nan,nan,nan,nan,nan,nan,nan,nan,nan,nan,nan,nan,nan,nan,nan,nan
576,nan,nan,0.123647,0,0,0.0924131,0.847515,0.0975401,-0.0255873,23.6013,0.0003,0,0.899152,8226.49,0.127567,0.0591471,-0.2,0.05,1,4.8201,118.965,884736,nan,nan,nan,nan,nan,nan,nan,nan,nan,nan,nan,nan,nan,nan,nan,nan,nan,nan,nan,nan
577,nan,nan,0.127377,0,0,0.0976667,0.862011,0.0336523,-0.0267671,23.6147,0.0003,0,0.900005,8092.42,0.130556,0.0592511,-0.2,0.05,1,4.8201,119.155,886272,nan,nan,nan,nan,nan,nan,nan,nan,nan,nan,nan,nan,nan,nan,nan,nan,nan,nan,nan,nan
578,nan,nan,0.127089,0,0,0.0918203,0.869506,0.0607777,-0.0262758,23.638,0.0003,0,0.901599,8072.05,0.131048,0.0592382,-0.2,0.05,1,4.8201,119.346,887808,nan,nan,nan,nan,nan,nan,nan,nan,nan,nan,nan,nan,nan,nan,nan,nan,nan,nan,nan,nan
579,nan,nan,0.127036,0,0,0.0902942,0.863469,0.020938,-0.0312892,23.6714,0.0003,0,0.903179,8060.17,0.131339,0.0592279,-0.2,0.05,1,4.8201,119.537,889344,nan,nan,nan,nan,nan,nan,nan,nan,nan,nan,nan,nan,nan,nan,nan,nan,nan,nan,nan,nan
580,nan,nan,0.128094,0,0,0.0954742,0.892842,0.0443364,-0.0242427,23.7017,0.0003,0,0.904736,8058.46,0.131029,0.0595779,-0.2,0.05,1,4.8201,119.727,890880,nan,nan,nan,nan,nan,nan,nan,nan,nan,nan,nan,nan,nan,nan,nan,nan,nan,nan,nan,nan
581,nan,nan,0.128945,0,0,0.0856781,0.852847,0.0198524,-0.0253717,23.7333,0.0003,0,0.906464,8082,0.130946,0.0591061,-0.2,0.05,1,4.8201,119.918,892416,nan,nan,nan,nan,nan,nan,nan,nan,nan,nan,nan,nan,nan,nan,nan,nan,nan,nan,nan,nan
582,nan,nan,0.130135,0,0,0.0905139,0.834413,0.0100287,-0.039278,23.7669,0.0003,0,0.908033,8173.34,0.128945,0.0589828,-0.2,0.05,1,4.8201,120.106,893952,nan,nan,nan,nan,nan,nan,nan,nan,nan,nan,nan,nan,nan,nan,nan,nan,nan,nan,nan,nan
583,nan,nan,0.12862,0,0,0.097151,0.85373,0.011943,-0.0335938,23.7998,0.0003,0,0.909694,8036.08,0.131893,0.0592451,-0.2,0.05,1,4.8201,120.297,895488,nan,nan,nan,nan,nan,nan,nan,nan,nan,nan,nan,nan,nan,nan,nan,nan,nan,nan,nan,nan
584,46.9165,400,0.0864367,2.66667,0,0.261084,1.33978,0.0956551,-0.016525,23.8234,0.0003,0,0.910491,6502.3,0.176986,0.0592377,-0.2,0.05,1,4.8201,120.534,897024,0,0,2.20329,0.000835089,-0.14422,nan,0,nan,nan,nan,nan,0,nan,0,nan,nan,nan,-0.179129,nan,nan
585,nan,nan,0.109057,0,0,0.433915,1.80598,0.0579929,-0.0376305,23.8417,0.0003,0,0.911458,8193.18,0.127847,0.0596261,-0.2,0.05,1,4.8201,120.721,898560,nan,nan,nan,nan,nan,nan,nan,nan,nan,nan,nan,nan,nan,nan,nan,nan,nan,nan,nan,nan
586,nan,nan,0.0915787,0,0,0.320706,1.77776,0.115181,-0.0445682,23.8562,0.0003,0,0.911968,8159.32,0.129355,0.0588958,-0.2,0.05,1,4.8201,120.91,900096,nan,nan,nan,nan,nan,nan,nan,nan,nan,nan,nan,nan,nan,nan,nan,nan,nan,nan,nan,nan
587,nan,nan,0.09395,0,0,0.186557,1.29057,0.146689,-0.044045,23.8677,0.0003,0,0.91264,8025.59,0.132057,0.0593312,-0.2,0.05,1,4.8201,121.102,901632,nan,nan,nan,nan,nan,nan,nan,nan,nan,nan,nan,nan,nan,nan,nan,nan,nan,nan,nan,nan
588,nan,nan,0.108854,0,0,0.175087,1.19829,0.0782638,-0.0430496,23.8824,0.0003,0,0.913495,8175.12,0.128682,0.0592053,-0.2,0.05,1,4.8201,121.29,903168,nan,nan,nan,nan,nan,nan,nan,nan,nan,nan,nan,nan,nan,nan,nan,nan,nan,nan,nan,nan
589,nan,nan,0.11593,0,0,0.150231,1.11419,0.0495919,-0.0348239,23.8972,0.0003,0,0.914057,8067.95,0.131218,0.059165,-0.2,0.05,1,4.8201,121.48,904704,nan,nan,nan,nan,nan,nan,nan,nan,nan,nan,nan,nan,nan,nan,nan,nan,nan,nan,nan,nan
590,nan,nan,0.12315,0,0,0.133086,1.06247,0.0453565,-0.0309147,23.9146,0.0003,0,0.915449,8133.58,0.129281,0.0595658,-0.2,0.05,1,4.8201,121.67,906240,nan,nan,nan,nan,nan,nan,nan,nan,nan,nan,nan,nan,nan,nan,nan,nan,nan,nan,nan,nan
591,nan,nan,0.125869,0,0,0.116867,1.03747,0.0207818,-0.041318,23.9459,0.0003,0,0.917091,7804.93,0.135808,0.0609908,-0.2,0.05,1,4.8201,121.867,907776,nan,nan,nan,nan,nan,nan,nan,nan,nan,nan,nan,nan,nan,nan,nan,nan,nan,nan,nan,nan
592,nan,nan,0.12713,0,0,0.114852,0.976104,0.0125515,-0.0411758,23.977,0.0003,0,0.918595,8019.75,0.131984,0.0595431,-0.2,0.05,1,4.8201,122.058,909312,nan,nan,nan,nan,nan,nan,nan,nan,nan,nan,nan,nan,nan,nan,nan,nan,nan,nan,nan,nan
593,nan,nan,0.128265,0,0,0.108296,0.969026,0.0129933,-0.0359149,24.0012,0.0003,0,0.919424,7539.4,0.134184,0.069546,-0.2,0.05,1,4.8201,122.262,910848,nan,nan,nan,nan,nan,nan,nan,nan,nan,nan,nan,nan,nan,nan,nan,nan,nan,nan,nan,nan
594,nan,nan,0.126705,0,0,0.106799,0.97894,0.0300159,-0.0361445,24.0138,0.0003,0,0.920296,7971.77,0.133363,0.0593169,-0.2,0.05,1,4.8201,122.455,912384,nan,nan,nan,nan,nan,nan,nan,nan,nan,nan,nan,nan,nan,nan,nan,nan,nan,nan,nan,nan
595,nan,nan,0.126458,0,0,0.106715,0.985763,0.0166348,-0.0346462,24.0369,0.0003,0,0.921846,7832.41,0.13636,0.0597482,-0.2,0.05,1,4.8201,122.652,913920,nan,nan,nan,nan,nan,nan,nan,nan,nan,nan,nan,nan,nan,nan,nan,nan,nan,nan,nan,nan
596,nan,nan,0.130551,0,0,0.0960057,0.896931,0.0114578,-0.0313735,24.0707,0.0003,0,0.923543,8014.14,0.131963,0.0596983,-0.2,0.05,1,4.8201,122.844,915456,nan,nan,nan,nan,nan,nan,nan,nan,nan,nan,nan,nan,nan,nan,nan,nan,nan,nan,nan,nan
597,nan,nan,0.12967,0,0,0.0999811,0.885175,0.0154055,-0.0286035,24.0971,0.0003,0,0.924564,8037.76,0.131055,0.0600431,-0.2,0.05,1,4.8201,123.035,916992,nan,nan,nan,nan,nan,nan,nan,nan,nan,nan,nan,nan,nan,nan,nan,nan,nan,nan,nan,nan
598,nan,nan,0.129485,0,0,0.0868183,0.822192,0.00794154,-0.0258418,24.1152,0.0003,0,0.92558,7977.4,0.131653,0.0608909,-0.2,0.05,1,4.8201,123.228,918528,nan,nan,nan,nan,nan,nan,nan,nan,nan,nan,nan,nan,nan,nan,nan,nan,nan,nan,nan,nan
599,nan,nan,0.129013,0,0,0.103394,0.827382,0.0100479,-0.0278621,24.1403,0.0003,0,0.927112,8013.22,0.131707,0.0599761,-0.2,0.05,1,4.8201,123.42,920064,nan,nan,nan,nan,nan,nan,nan,nan,nan,nan,nan,nan,nan,nan,nan,nan,nan,nan,nan,nan
600,47.2229,400,0.127925,2.66667,0,0.0927605,0.894979,0.0142264,-0.0346616,24.1734,0.0003,0,0.929022,6294.15,0.184184,0.0598521,-0.2,0.05,1,4.8201,123.664,921600,0,0,2.19592,0.000796027,-0.146345,nan,0,nan,nan,nan,nan,0,nan,0,nan,nan,nan,-0.191326,nan,nan
601,nan,nan,0.0778669,0,0,0.311849,1.70358,0.128461,-0.0335053,24.2073,0.0003,0,0.93041,8044.95,0.130567,0.06036,-0.2,0.05,1,4.8201,125.701,923136,nan,nan,nan,nan,nan,nan,nan,nan,nan,nan,nan,nan,nan,nan,nan,nan,nan,nan,nan,nan
602,nan,nan,0.1148,0,0,0.261564,1.54089,0.0209698,-0.048954,24.2317,0.0003,0,0.931629,8029.32,0.131668,0.0596311,-0.2,0.05,1,4.8201,125.892,924672,nan,nan,nan,nan,nan,nan,nan,nan,nan,nan,nan,nan,nan,nan,nan,nan,nan,nan,nan,nan
603,nan,nan,0.112034,0,0,0.235586,1.47053,0.0453532,-0.0436339,24.2519,0.0003,0,0.932605,8135.29,0.128521,0.060286,-0.2,0.05,1,4.8201,126.081,926208,nan,nan,nan,nan,nan,nan,nan,nan,nan,nan,nan,nan,nan,nan,nan,nan,nan,nan,nan,nan
604,nan,nan,0.112562,0,0,0.205791,1.31581,0.0630884,-0.0449338,24.2716,0.0003,0,0.933523,8041.22,0.131202,0.0598137,-0.2,0.05,1,4.8201,126.273,927744,nan,nan,nan,nan,nan,nan,nan,nan,nan,nan,nan,nan,nan,nan,nan,nan,nan,nan,nan,nan
605,nan,nan,0.112451,0,0,0.170844,1.34321,0.145954,-0.0328397,24.2871,0.0003,0,0.934232,8058.81,0.131009,0.0595899,-0.2,0.05,1,4.8201,126.463,929280,nan,nan,nan,nan,nan,nan,nan,nan,nan,nan,nan,nan,nan,nan,nan,nan,nan,nan,nan,nan
606,nan,nan,0.109542,0,0,0.147226,1.1397,0.173651,-0.0347233,24.3033,0.0003,0,0.935415,6598.44,0.148644,0.0841382,-0.2,0.05,1,4.8201,126.697,930816,nan,nan,nan,nan,nan,nan,nan,nan,nan,nan,nan,nan,nan,nan,nan,nan,nan,nan,nan,nan
607,nan,nan,0.116783,0,0,0.134802,1.12787,0.0775836,-0.0401769,24.3313,0.0003,0,0.936984,7914.92,0.13396,0.0601039,-0.2,0.05,1,4.8201,126.891,932352,nan,nan,nan,nan,nan,nan,nan,nan,nan,nan,nan,nan,nan,nan,nan,nan,nan,nan,nan,nan
608,nan,nan,0.121451,0,0,0.134105,1.11612,0.047735,-0.0371243,24.3539,0.0003,0,0.937649,8068.67,0.130688,0.0596781,-0.2,0.05,1,4.8201,127.081,933888,nan,nan,nan,nan,nan,nan,nan,nan,nan,nan,nan,nan,nan,nan,nan,nan,nan,nan,nan,nan
609,nan,nan,0.122379,0,0,0.12187,0.993943,0.0347365,-0.0386127,24.3708,0.0003,0,0.939006,8023.41,0.132194,0.0592458,-0.2,0.05,1,4.8201,127.273,935424,nan,nan,nan,nan,nan,nan,nan,nan,nan,nan,nan,nan,nan,nan,nan,nan,nan,nan,nan,nan
610,nan,nan,0.124182,0,0,0.124838,1.00611,0.0478447,-0.0267278,24.4012,0.0003,0,0.940685,7921.03,0.134165,0.0597491,-0.2,0.05,1,4.8201,127.467,936960,nan,nan,nan,nan,nan,nan,nan,nan,nan,nan,nan,nan,nan,nan,nan,nan,nan,nan,nan,nan
611,nan,nan,0.125491,0,0,0.125193,1.01717,0.0248583,-0.0424633,24.4341,0.0003,0,0.942384,8094.61,0.130314,0.059442,-0.2,0.05,1,4.8201,127.657,938496,nan,nan,nan,nan,nan,nan,nan,nan,nan,nan,nan,nan,nan,nan,nan,nan,nan,nan,nan,nan
612,nan,nan,0.126053,0,0,0.129064,1.02572,0.0211608,-0.0413721,24.4617,0.0003,0,0.943478,8190.39,0.129012,0.0585248,-0.2,0.05,1,4.8201,127.848,940032,nan,nan,nan,nan,nan,nan,nan,nan,nan,nan,nan,nan,nan,nan,nan,nan,nan,nan,nan,nan
613,nan,nan,0.124875,0,0,0.116201,0.965962,0.0148632,-0.0433007,24.4752,0.0003,0,0.943864,8212.02,0.128208,0.058835,-0.2,0.05,1,4.8201,128.036,941568,nan,nan,nan,nan,nan,nan,nan,nan,nan,nan,nan,nan,nan,nan,nan,nan,nan,nan,nan,nan
614,nan,nan,0.1276,0,0,0.113888,0.987419,0.0114134,-0.0422041,24.4834,0.0003,0,0.944309,8017.09,0.130576,0.0610147,-0.2,0.05,1,4.8201,128.228,943104,nan,nan,nan,nan,nan,nan,nan,nan,nan,nan,nan,nan,nan,nan,nan,nan,nan,nan,nan,nan
615,nan,nan,0.126309,0,0,0.113683,0.96666,0.0244594,-0.0331259,24.4994,0.0003,0,0.945733,7976.15,0.132478,0.060096,-0.2,0.05,1,4.8201,128.42,944640,nan,nan,nan,nan,nan,nan,nan,nan,nan,nan,nan,nan,nan,nan,nan,nan,nan,nan,nan,nan
616,nan,nan,0.124233,0,0,0.109838,0.954715,0.026547,-0.030632,24.5307,0.0003,0,0.947364,7877.16,0.135009,0.0599852,-0.2,0.05,1,4.8201,128.616,946176,nan,nan,nan,nan,nan,nan,nan,nan,nan,nan,nan,nan,nan,nan,nan,nan,nan,nan,nan,nan
617,47.0917,400,0.095841,2.66667,0,0.180639,1.09488,0.0505565,-0.032009,24.5557,0.0003,0,0.948336,6047.5,0.186179,0.0678101,-0.2,0.05,1,4.8201,128.87,947712,0,0,2.20142,0.00073977,-0.154396,nan,0,nan,nan,nan,nan,0,nan,0,nan,nan,nan,-0.193209,nan,nan
618,nan,nan,0.097629,0,0,0.265484,1.6831,0.15525,-0.0294263,24.5699,0.0003,0,0.948989,7088.64,0.150136,0.0665488,-0.2,0.05,1,4.8201,129.087,949248,nan,nan,nan,nan,nan,nan,nan,nan,nan,nan,nan,nan,nan,nan,nan,nan,nan,nan,nan,nan
619,nan,nan,0.118037,0,0,0.211048,1.42358,0.0317252,-0.0465155,24.5819,0.0003,0,0.949602,7072.77,0.151866,0.065305,-0.2,0.05,1,4.8201,129.304,950784,nan,nan,nan,nan,nan,nan,nan,nan,nan,nan,nan,nan,nan,nan,nan,nan,nan,nan,nan,nan
620,nan,nan,0.122209,0,0,0.193705,1.18955,0.0246266,-0.0463632,24.5958,0.0003,0,0.950308,7437.89,0.142515,0.0639949,-0.2,0.05,1,4.8201,129.511,952320,nan,nan,nan,nan,nan,nan,nan,nan,nan,nan,nan,nan,nan,nan,nan,nan,nan,nan,nan,nan
621,nan,nan,0.121966,0,0,0.169846,1.15721,0.0393036,-0.0351324,24.6072,0.0003,0,0.951032,7947.15,0.133193,0.0600839,-0.2,0.05,1,4.8201,129.705,953856,nan,nan,nan,nan,nan,nan,nan,nan,nan,nan,nan,nan,nan,nan,nan,nan,nan,nan,nan,nan
622,nan,nan,0.119509,0,0,0.156087,1.18438,0.0676076,-0.0363301,24.6258,0.0003,0,0.952188,7989.93,0.13114,0.0611022,-0.2,0.05,1,4.8201,129.897,955392,nan,nan,nan,nan,nan,nan,nan,nan,nan,nan,nan,nan,nan,nan,nan,nan,nan,nan,nan,nan
623,nan,nan,0.116533,0,0,0.146727,1.14171,0.052512,-0.0392551,24.6408,0.0003,0,0.952374,7743.14,0.136309,0.0620599,-0.2,0.05,1,4.8201,130.096,956928,nan,nan,nan,nan,nan,nan,nan,nan,nan,nan,nan,nan,nan,nan,nan,nan,nan,nan,nan,nan
624,nan,nan,0.118633,0,0,0.120703,1.10687,0.039277,-0.036684,24.6452,0.0003,0,0.953079,7181.33,0.14309,0.0707979,-0.2,0.05,1,4.8201,130.31,958464,nan,nan,nan,nan,nan,nan,nan,nan,nan,nan,nan,nan,nan,nan,nan,nan,nan,nan,nan,nan
625,nan,nan,0.122468,0,0,0.12839,1.06345,0.0177513,-0.0383558,24.6655,0.0003,0,0.954383,7472.01,0.143398,0.0621691,-0.2,0.05,1,4.8201,130.516,960000,nan,nan,nan,nan,nan,nan,nan,nan,nan,nan,nan,nan,nan,nan,nan,nan,nan,nan,nan,nan
626,nan,nan,0.125,0,0,0.137073,1.09493,0.0116495,-0.045112,24.6879,0.0003,0,0.955352,7388.95,0.142758,0.0651202,-0.2,0.05,1,4.8201,130.724,961536,nan,nan,nan,nan,nan,nan,nan,nan,nan,nan,nan,nan,nan,nan,nan,nan,nan,nan,nan,nan
627,nan,nan,0.124594,0,0,0.134248,1.069,0.0109603,-0.043538,24.6991,0.0003,0,0.955755,7190.77,0.144136,0.0694711,-0.2,0.05,1,4.8201,130.938,963072,nan,nan,nan,nan,nan,nan,nan,nan,nan,nan,nan,nan,nan,nan,nan,nan,nan,nan,nan,nan
628,nan,nan,0.124735,0,0,0.119863,1.00881,0.010948,-0.0377586,24.709,0.0003,0,0.9563,7532.8,0.140674,0.0632341,-0.2,0.05,1,4.8201,131.142,964608,nan,nan,nan,nan,nan,nan,nan,nan,nan,nan,nan,nan,nan,nan,nan,nan,nan,nan,nan,nan
629,nan,nan,0.123452,0,0,0.125034,1.02054,0.0109707,-0.0361204,24.7208,0.0003,0,0.956985,7794.35,0.136868,0.0601978,-0.2,0.05,1,4.8201,131.34,966144,nan,nan,nan,nan,nan,nan,nan,nan,nan,nan,nan,nan,nan,nan,nan,nan,nan,nan,nan,nan
630,nan,nan,0.122117,0,0,0.123685,1.06737,0.0271625,-0.0201702,24.7336,0.0003,0,0.957867,8018.95,0.131706,0.05984,-0.2,0.05,1,4.8201,131.531,967680,nan,nan,nan,nan,nan,nan,nan,nan,nan,nan,nan,nan,nan,nan,nan,nan,nan,nan,nan,nan
631,nan,nan,0.120829,0,0,0.117981,1.05311,0.0422589,-0.0383567,24.756,0.0003,0,0.959294,7991.72,0.132239,0.0599601,-0.2,0.05,1,4.8201,131.724,969216,nan,nan,nan,nan,nan,nan,nan,nan,nan,nan,nan,nan,nan,nan,nan,nan,nan,nan,nan,nan
632,nan,nan,0.12109,0,0,0.102794,0.907911,0.0364421,-0.03677,24.7802,0.0003,0,0.960569,7176.13,0.135248,0.078795,-0.2,0.05,1,4.8201,131.938,970752,nan,nan,nan,nan,nan,nan,nan,nan,nan,nan,nan,nan,nan,nan,nan,nan,nan,nan,nan,nan
633,nan,nan,0.122846,0,0,0.111186,0.893125,0.0253171,-0.0341607,24.802,0.0003,0,0.961327,6887.3,0.151391,0.0716281,-0.2,0.05,1,4.8201,132.161,972288,nan,nan,nan,nan,nan,nan,nan,nan,nan,nan,nan,nan,nan,nan,nan,nan,nan,nan,nan,nan
634,47.4346,400,0.091117,2.66667,0,0.232653,1.45784,0.15288,-0.0403517,24.811,0.0003,0,0.961651,5641.36,0.208435,0.0638402,-0.2,0.05,1,4.8201,132.434,973824,0,0,2.23486,0.000562603,-0.162237,nan,0,nan,nan,nan,nan,0,nan,0,nan,nan,nan,-0.182292,nan,nan
635,nan,nan,0.112185,0,0,0.274835,1.66306,0.0511129,-0.0534338,24.8196,0.0003,0,0.962642,7542.91,0.141526,0.062109,-0.2,0.05,1,4.8201,132.638,975360,nan,nan,nan,nan,nan,nan,nan,nan,nan,nan,nan,nan,nan,nan,nan,nan,nan,nan,nan,nan
636,nan,nan,0.117252,0,0,0.242213,1.45924,0.0321642,-0.0504536,24.8421,0.0003,0,0.963807,7938.23,0.132483,0.0610111,-0.2,0.05,1,4.8201,132.832,976896,nan,nan,nan,nan,nan,nan,nan,nan,nan,nan,nan,nan,nan,nan,nan,nan,nan,nan,nan,nan
637,nan,nan,0.116273,0,0,0.200983,1.35883,0.0632296,-0.0258304,24.8665,0.0003,0,0.96542,8087.35,0.130462,0.059464,-0.2,0.05,1,4.8201,133.022,978432,nan,nan,nan,nan,nan,nan,nan,nan,nan,nan,nan,nan,nan,nan,nan,nan,nan,nan,nan,nan
638,nan,nan,0.117484,0,0,0.151489,1.21644,0.0620076,-0.0313213,24.8942,0.0003,0,0.966427,8123.45,0.129193,0.0598891,-0.2,0.05,1,4.8201,133.211,979968,nan,nan,nan,nan,nan,nan,nan,nan,nan,nan,nan,nan,nan,nan,nan,nan,nan,nan,nan,nan
639,nan,nan,0.119967,0,0,0.139181,1.13563,0.0370231,-0.0361357,24.9092,0.0003,0,0.967461,7863.62,0.132136,0.0631938,-0.2,0.05,1,4.8201,133.407,981504,nan,nan,nan,nan,nan,nan,nan,nan,nan,nan,nan,nan,nan,nan,nan,nan,nan,nan,nan,nan
640,nan,nan,0.121887,0,0,0.125225,1.0717,0.0313504,-0.027086,24.9296,0.0003,0,0.968442,8043.98,0.131622,0.0593281,-0.2,0.05,1,4.8201,133.598,983040,nan,nan,nan,nan,nan,nan,nan,nan,nan,nan,nan,nan,nan,nan,nan,nan,nan,nan,nan,nan
641,nan,nan,0.126058,0,0,0.126326,1.05235,0.0241281,-0.043164,24.9443,0.0003,0,0.96907,7886.35,0.133672,0.061095,-0.2,0.05,1,4.8201,133.793,984576,nan,nan,nan,nan,nan,nan,nan,nan,nan,nan,nan,nan,nan,nan,nan,nan,nan,nan,nan,nan
642,nan,nan,0.127509,0,0,0.120488,1.03362,0.00939831,-0.0383748,24.9552,0.0003,0,0.969412,6671.45,0.132392,0.0978429,-0.2,0.05,1,4.8201,134.024,986112,nan,nan,nan,nan,nan,nan,nan,nan,nan,nan,nan,nan,nan,nan,nan,nan,nan,nan,nan,nan
643,nan,nan,0.126168,0,0,0.107188,0.960017,0.0200801,-0.0268691,24.9594,0.0003,0,0.969759,7189.49,0.133924,0.0797212,-0.2,0.05,1,4.8201,134.238,987648,nan,nan,nan,nan,nan,nan,nan,nan,nan,nan,nan,nan,nan,nan,nan,nan,nan,nan,nan,nan
644,nan,nan,0.126638,0,0,0.106832,0.948015,0.0223654,-0.0303068,24.9781,0.0003,0,0.971462,7983.29,0.13203,0.0603719,-0.2,0.05,1,4.8201,134.43,989184,nan,nan,nan,nan,nan,nan,nan,nan,nan,nan,nan,nan,nan,nan,nan,nan,nan,nan,nan,nan
645,nan,nan,0.127491,0,0,0.109349,0.929094,0.0141729,-0.0295737,25.0058,0.0003,0,0.972276,7978.98,0.132967,0.0595388,-0.2,0.05,1,4.8201,134.623,990720,nan,nan,nan,nan,nan,nan,nan,nan,nan,nan,nan,nan,nan,nan,nan,nan,nan,nan,nan,nan
646,nan,nan,0.127957,0,0,0.108622,0.884139,0.0140492,-0.0221874,25.0195,0.0003,0,0.973177,7872.82,0.133791,0.0613108,-0.2,0.05,1,4.8201,134.818,992256,nan,nan,nan,nan,nan,nan,nan,nan,nan,nan,nan,nan,nan,nan,nan,nan,nan,nan,nan,nan
647,nan,nan,0.127996,0,0,0.114448,0.912578,0.00794122,-0.0308069,25.0347,0.0003,0,0.973726,7663.14,0.140093,0.0603468,-0.2,0.05,1,4.8201,135.019,993792,nan,nan,nan,nan,nan,nan,nan,nan,nan,nan,nan,nan,nan,nan,nan,nan,nan,nan,nan,nan
648,nan,nan,0.126887,0,0,0.107317,0.908847,0.0105206,-0.0314857,25.044,0.0003,0,0.974405,8032.29,0.131052,0.0601761,-0.2,0.05,1,4.8201,135.211,995328,nan,nan,nan,nan,nan,nan,nan,nan,nan,nan,nan,nan,nan,nan,nan,nan,nan,nan,nan,nan
649,nan,nan,0.126629,0,0,0.101343,0.903354,0.0159909,-0.0210086,25.0587,0.0003,0,0.975153,8013.82,0.132063,0.0596061,-0.2,0.05,1,4.8201,135.403,996864,nan,nan,nan,nan,nan,nan,nan,nan,nan,nan,nan,nan,nan,nan,nan,nan,nan,nan,nan,nan
650,48.5551,400,0.126124,2.66667,0,0.10421,0.925046,0.0351893,-0.0162541,25.0776,0.0003,0,0.976677,6353.51,0.181953,0.0598032,-0.2,0.05,1,4.8201,135.645,998400,0,0,2.31304,0.000873534,-0.173135,nan,0,nan,nan,nan,nan,0,nan,0,nan,nan,nan,-0.174772,nan,nan
651,nan,nan,0.0792679,0,0,0.252385,1.62089,0.384051,-0.0337916,25.103,0.0003,0,0.977499,8212.81,0.128081,0.058944,-0.2,0.05,1,4.8201,135.832,999936,nan,nan,nan,nan,nan,nan,nan,nan,nan,nan,nan,nan,nan,nan,nan,nan,nan,nan,nan,nan
652,nan,nan,0.120046,0,0,0.21476,1.37442,0.016021,-0.0506381,25.1097,0.0003,0,0.977729,8163.57,0.129044,0.059109,-0.2,0.05,1,4.8201,136.02,1.00147e+06,nan,nan,nan,nan,nan,nan,nan,nan,nan,nan,nan,nan,nan,nan,nan,nan,nan,nan,nan,nan
653,nan,nan,0.123976,0,0,0.189875,1.2919,0.00807815,-0.04807,25.1183,0.0003,0,0.978366,8145.08,0.128419,0.0601609,-0.2,0.05,1,4.8201,136.209,1.00301e+06,nan,nan,nan,nan,nan,nan,nan,nan,nan,nan,nan,nan,nan,nan,nan,nan,nan,nan,nan,nan
654,nan,nan,0.123568,0,0,0.16735,1.1777,0.0388467,-0.0308053,25.1355,0.0003,0,0.97968,7138.71,0.155776,0.0593891,-0.2,0.05,1,4.8201,136.425,1.00454e+06,nan,nan,nan,nan,nan,nan,nan,nan,nan,nan,nan,nan,nan,nan,nan,nan,nan,nan,nan,nan
655,nan,nan,0.121948,0,0,0.138779,1.02618,0.0130195,-0.0402832,25.1628,0.0003,0,0.981229,8172,0.128665,0.0592942,-0.2,0.05,1,4.8201,136.613,1.00608e+06,nan,nan,nan,nan,nan,nan,nan,nan,nan,nan,nan,nan,nan,nan,nan,nan,nan,nan,nan,nan
656,nan,nan,0.12506,0,0,0.140275,1.00925,0.0328444,-0.0265565,25.1925,0.0003,0,0.98289,8022.01,0.132194,0.0592792,-0.2,0.05,1,4.8201,136.805,1.00762e+06,nan,nan,nan,nan,nan,nan,nan,nan,nan,nan,nan,nan,nan,nan,nan,nan,nan,nan,nan,nan
657,nan,nan,0.121692,0,0,0.127265,1.06324,0.120106,-0.0194371,25.2247,0.0003,0,0.984657,7951.21,0.13399,0.0591884,-0.2,0.05,1,4.8201,136.998,1.00915e+06,nan,nan,nan,nan,nan,nan,nan,nan,nan,nan,nan,nan,nan,nan,nan,nan,nan,nan,nan,nan
658,nan,nan,0.121904,0,0,0.138757,0.997125,0.0312971,-0.0390751,25.2553,0.0003,0,0.986186,7602.38,0.138019,0.064023,-0.2,0.05,1,4.8201,137.2,1.01069e+06,nan,nan,nan,nan,nan,nan,nan,nan,nan,nan,nan,nan,nan,nan,nan,nan,nan,nan,nan,nan
659,nan,nan,0.123214,0,0,0.126994,1.00726,0.0143394,-0.0353219,25.282,0.0003,0,0.987641,7589.42,0.140338,0.0620492,-0.2,0.05,1,4.8201,137.403,1.01222e+06,nan,nan,nan,nan,nan,nan,nan,nan,nan,nan,nan,nan,nan,nan,nan,nan,nan,nan,nan,nan
660,nan,nan,0.124227,0,0,0.124029,0.958411,0.0101562,-0.0363172,25.3033,0.0003,0,0.98826,7756.63,0.138367,0.0596569,-0.2,0.05,1,4.8201,137.601,1.01376e+06,nan,nan,nan,nan,nan,nan,nan,nan,nan,nan,nan,nan,nan,nan,nan,nan,nan,nan,nan,nan
661,nan,nan,0.124082,0,0,0.114463,0.96694,0.00861571,-0.020648,25.3126,0.0003,0,0.98914,7888.62,0.131886,0.062825,-0.2,0.05,1,4.8201,137.796,1.0153e+06,nan,nan,nan,nan,nan,nan,nan,nan,nan,nan,nan,nan,nan,nan,nan,nan,nan,nan,nan,nan
662,nan,nan,0.123157,0,0,0.103915,0.925305,0.013525,-0.0288719,25.3351,0.0003,0,0.990371,7487.65,0.139352,0.0657856,-0.2,0.05,1,4.8201,138.002,1.01683e+06,nan,nan,nan,nan,nan,nan,nan,nan,nan,nan,nan,nan,nan,nan,nan,nan,nan,nan,nan,nan
663,nan,nan,0.124395,0,0,0.118985,0.92963,0.0127221,-0.0338464,25.3542,0.0003,0,0.991607,7439.27,0.143359,0.063113,-0.2,0.05,1,4.8201,138.208,1.01837e+06,nan,nan,nan,nan,nan,nan,nan,nan,nan,nan,nan,nan,nan,nan,nan,nan,nan,nan,nan,nan
664,nan,nan,0.124443,0,0,0.114197,0.941173,0.0291576,-0.028706,25.3779,0.0003,0,0.992864,7316.93,0.134753,0.075171,-0.2,0.05,1,4.8201,138.419,1.0199e+06,nan,nan,nan,nan,nan,nan,nan,nan,nan,nan,nan,nan,nan,nan,nan,nan,nan,nan,nan,nan
665,nan,nan,0.12342,0,0,0.108535,0.907583,0.0157349,-0.0315553,25.4021,0.0003,0,0.994251,7885.61,0.135071,0.0597141,-0.2,0.05,1,4.8201,138.614,1.02144e+06,nan,nan,nan,nan,nan,nan,nan,nan,nan,nan,nan,nan,nan,nan,nan,nan,nan,nan,nan,nan
666,nan,nan,0.123951,0,0,0.115643,0.907352,0.0168681,-0.0337499,25.4214,0.0003,0,0.994893,8022.93,0.13197,0.0594811,-0.2,0.05,1,4.8201,138.805,1.02298e+06,nan,nan,nan,nan,nan,nan,nan,nan,nan,nan,nan,nan,nan,nan,nan,nan,nan,nan,nan,nan
667,48.2539,400,0.0953978,2.66667,0,0.148024,1.0025,0.103016,-0.0186381,25.43,0.0003,0,0.995512,6360.09,0.181985,0.059521,-0.2,0.05,1,4.8201,139.047,1.02451e+06,0,0,2.31597,0.000752478,-0.178218,nan,0,nan,nan,nan,nan,0,nan,0,nan,nan,nan,-0.218712,nan,nan
668,nan,nan,0.0934531,0,0,0.2325,1.64758,0.061874,-0.0427728,25.4474,0.0003,0,0.996645,8099.68,0.130097,0.05954,-0.2,0.05,1,4.8201,139.237,1.02605e+06,nan,nan,nan,nan,nan,nan,nan,nan,nan,nan,nan,nan,nan,nan,nan,nan,nan,nan,nan,nan
669,nan,nan,0.114073,0,0,0.178209,1.25132,0.0326806,-0.0430467,25.4653,0.0003,0,0.997722,8058.72,0.131143,0.059458,-0.2,0.05,1,4.8201,139.428,1.02758e+06,nan,nan,nan,nan,nan,nan,nan,nan,nan,nan,nan,nan,nan,nan,nan,nan,nan,nan,nan,nan
670,nan,nan,0.122724,0,0,0.154447,1.13601,0.0311587,-0.0384631,25.4841,0.0003,0,0.99856,8075.28,0.130996,0.0592141,-0.2,0.05,1,4.8201,139.618,1.02912e+06,nan,nan,nan,nan,nan,nan,nan,nan,nan,nan,nan,nan,nan,nan,nan,nan,nan,nan,nan,nan
671,nan,nan,0.125889,0,0,0.132706,1.01746,0.0830526,-0.0212978,25.5018,0.0003,0,1.00006,7933.23,0.134357,0.0592589,-0.2,0.05,1,4.8201,139.812,1.03066e+06,nan,nan,nan,nan,nan,nan,nan,nan,nan,nan,nan,nan,nan,nan,nan,nan,nan,nan,nan,nan
672,nan,nan,0.124319,0,0,0.121422,1.00397,0.0730147,-0.0304169,25.5297,0.0003,0,1.00138,7995.21,0.132913,0.059202,-0.2,0.05,1,4.8201,140.005,1.03219e+06,nan,nan,nan,nan,nan,nan,nan,nan,nan,nan,nan,nan,nan,nan,nan,nan,nan,nan,nan,nan
673,nan,nan,0.124948,0,0,0.109039,0.90993,0.020948,-0.028152,25.5508,0.0003,0,1.0026,8024.76,0.132139,0.059269,-0.2,0.05,1,4.8201,140.196,1.03373e+06,nan,nan,nan,nan,nan,nan,nan,nan,nan,nan,nan,nan,nan,nan,nan,nan,nan,nan,nan,nan
674,nan,nan,0.125805,0,0,0.110216,0.897913,0.0120106,-0.0299206,25.5752,0.0003,0,1.00409,7997.88,0.132647,0.0594039,-0.2,0.05,1,4.8201,140.389,1.03526e+06,nan,nan,nan,nan,nan,nan,nan,nan,nan,nan,nan,nan,nan,nan,nan,nan,nan,nan,nan,nan
675,nan,nan,0.126687,0,0,0.122876,0.895893,0.0384349,-0.0175504,25.603,0.0003,0,1.00579,8042.57,0.131674,0.05931,-0.2,0.05,1,4.8201,140.58,1.0368e+06,nan,nan,nan,nan,nan,nan,nan,nan,nan,nan,nan,nan,nan,nan,nan,nan,nan,nan,nan,nan
676,nan,nan,0.127601,0,0,0.105732,0.885052,0.00698729,-0.0278627,25.6345,0.0003,0,1.00752,8053.35,0.131276,0.0594521,-0.2,0.05,1,4.8201,140.771,1.03834e+06,nan,nan,nan,nan,nan,nan,nan,nan,nan,nan,nan,nan,nan,nan,nan,nan,nan,nan,nan,nan
677,nan,nan,0.128314,0,0,0.102075,0.888069,0.00397981,-0.0223625,25.664,0.0003,0,1.00901,8119.25,0.130029,0.0591512,-0.2,0.05,1,4.8201,140.96,1.03987e+06,nan,nan,nan,nan,nan,nan,nan,nan,nan,nan,nan,nan,nan,nan,nan,nan,nan,nan,nan,nan
678,nan,nan,0.127905,0,0,0.0935089,0.822852,0.00286676,-0.026805,25.6854,0.0003,0,1.01004,7903.48,0.134762,0.0595829,-0.2,0.05,1,4.8201,141.155,1.04141e+06,nan,nan,nan,nan,nan,nan,nan,nan,nan,nan,nan,nan,nan,nan,nan,nan,nan,nan,nan,nan
679,nan,nan,0.128646,0,0,0.0962639,0.798459,0.0121415,-0.0226958,25.7047,0.0003,0,1.01114,8043.57,0.131063,0.0598972,-0.2,0.05,1,4.8201,141.346,1.04294e+06,nan,nan,nan,nan,nan,nan,nan,nan,nan,nan,nan,nan,nan,nan,nan,nan,nan,nan,nan,nan
680,nan,nan,0.126607,0,0,0.0947453,0.813415,0.0210896,-0.0169997,25.73,0.0003,0,1.0132,7435.63,0.14538,0.061193,-0.2,0.05,1,4.8201,141.553,1.04448e+06,nan,nan,nan,nan,nan,nan,nan,nan,nan,nan,nan,nan,nan,nan,nan,nan,nan,nan,nan,nan
681,nan,nan,0.125626,0,0,0.0928969,0.812112,0.123314,-0.0226262,25.7699,0.0003,0,1.01525,7613.35,0.141191,0.0605602,-0.2,0.05,1,4.8201,141.755,1.04602e+06,nan,nan,nan,nan,nan,nan,nan,nan,nan,nan,nan,nan,nan,nan,nan,nan,nan,nan,nan,nan
682,nan,nan,0.125893,0,0,0.0957531,0.80753,0.0550421,-0.0182449,25.804,0.0003,0,1.01739,6695.47,0.14049,0.0889192,-0.2,0.05,1,4.8201,141.985,1.04755e+06,nan,nan,nan,nan,nan,nan,nan,nan,nan,nan,nan,nan,nan,nan,nan,nan,nan,nan,nan,nan
683,nan,nan,0.125559,0,0,0.0878552,0.821852,0.0199783,-0.0253021,25.8422,0.0003,0,1.01931,7826.58,0.135946,0.0603082,-0.2,0.05,1,4.8201,142.181,1.04909e+06,nan,nan,nan,nan,nan,nan,nan,nan,nan,nan,nan,nan,nan,nan,nan,nan,nan,nan,nan,nan
684,48.7034,400,0.0870015,2.66667,0,0.191074,1.35117,0.0779374,-0.0318107,25.8684,0.0003,0,1.02034,6364.18,0.181485,0.0598662,-0.2,0.05,1,4.8201,142.423,1.05062e+06,0,0,2.30569,0.000523212,-0.168352,nan,0,nan,nan,nan,nan,0,nan,0,nan,nan,nan,-0.180036,nan,nan
685,nan,nan,0.113061,0,0,0.232652,1.50408,0.0164167,-0.0546619,25.8834,0.0003,0,1.02115,7911.46,0.132757,0.0613918,-0.2,0.05,1,4.8201,142.617,1.05216e+06,nan,nan,nan,nan,nan,nan,nan,nan,nan,nan,nan,nan,nan,nan,nan,nan,nan,nan,nan,nan
686,nan,nan,0.120024,0,0,0.214274,1.33085,0.0150185,-0.0542432,25.8997,0.0003,0,1.02234,7975.41,0.133183,0.0594089,-0.2,0.05,1,4.8201,142.81,1.0537e+06,nan,nan,nan,nan,nan,nan,nan,nan,nan,nan,nan,nan,nan,nan,nan,nan,nan,nan,nan,nan
687,nan,nan,0.12036,0,0,0.152047,1.09985,0.0284993,-0.0289388,25.9216,0.0003,0,1.02367,8046.52,0.131582,0.0593081,-0.2,0.05,1,4.8201,143.001,1.05523e+06,nan,nan,nan,nan,nan,nan,nan,nan,nan,nan,nan,nan,nan,nan,nan,nan,nan,nan,nan,nan
688,nan,nan,0.122711,0,0,0.137649,1.04986,0.0130921,-0.039374,25.9442,0.0003,0,1.02474,7869.55,0.131895,0.0632877,-0.2,0.05,1,4.8201,143.197,1.05677e+06,nan,nan,nan,nan,nan,nan,nan,nan,nan,nan,nan,nan,nan,nan,nan,nan,nan,nan,nan,nan
689,nan,nan,0.125294,0,0,0.133189,0.966586,0.0736175,-0.0188721,25.9585,0.0003,0,1.02538,7789.24,0.135602,0.0615931,-0.2,0.05,1,4.8201,143.394,1.0583e+06,nan,nan,nan,nan,nan,nan,nan,nan,nan,nan,nan,nan,nan,nan,nan,nan,nan,nan,nan,nan
690,nan,nan,0.12408,0,0,0.125821,0.988096,0.0348502,-0.0271054,25.9757,0.0003,0,1.02689,7988.65,0.132664,0.0596087,-0.2,0.05,1,4.8201,143.587,1.05984e+06,nan,nan,nan,nan,nan,nan,nan,nan,nan,nan,nan,nan,nan,nan,nan,nan,nan,nan,nan,nan
691,nan,nan,0.125578,0,0,0.121264,0.92024,0.0953078,-0.01081,26.0056,0.0003,0,1.02875,7773.56,0.130501,0.0670919,-0.2,0.05,1,4.8201,143.785,1.06138e+06,nan,nan,nan,nan,nan,nan,nan,nan,nan,nan,nan,nan,nan,nan,nan,nan,nan,nan,nan,nan
692,nan,nan,0.12565,0,0,0.116166,0.891721,0.0398699,-0.0255346,26.0418,0.0003,0,1.03097,7767.8,0.138108,0.0596311,-0.2,0.05,1,4.8201,143.983,1.06291e+06,nan,nan,nan,nan,nan,nan,nan,nan,nan,nan,nan,nan,nan,nan,nan,nan,nan,nan,nan,nan
693,nan,nan,0.12499,0,0,0.118109,0.911793,0.0191105,-0.0282488,26.072,0.0003,0,1.03212,8132.2,0.13003,0.0588489,-0.2,0.05,1,4.8201,144.172,1.06445e+06,nan,nan,nan,nan,nan,nan,nan,nan,nan,nan,nan,nan,nan,nan,nan,nan,nan,nan,nan,nan
694,nan,nan,0.123574,0,0,0.114286,0.913331,0.0248904,-0.029096,26.0914,0.0003,0,1.0335,7584.96,0.141628,0.0608783,-0.2,0.05,1,4.8201,144.374,1.06598e+06,nan,nan,nan,nan,nan,nan,nan,nan,nan,nan,nan,nan,nan,nan,nan,nan,nan,nan,nan,nan
695,nan,nan,0.126329,0,0,0.108133,0.894384,0.0159879,-0.0252198,26.1186,0.0003,0,1.03512,8039.08,0.131418,0.059649,-0.2,0.05,1,4.8201,144.566,1.06752e+06,nan,nan,nan,nan,nan,nan,nan,nan,nan,nan,nan,nan,nan,nan,nan,nan,nan,nan,nan,nan
696,nan,nan,0.127553,0,0,0.111587,0.953076,0.0146356,-0.0225806,26.1428,0.0003,0,1.03612,7834.05,0.135711,0.0603561,-0.2,0.05,1,4.8201,144.762,1.06906e+06,nan,nan,nan,nan,nan,nan,nan,nan,nan,nan,nan,nan,nan,nan,nan,nan,nan,nan,nan,nan
697,nan,nan,0.128816,0,0,0.11153,0.955374,0.0078282,-0.0292719,26.1613,0.0003,0,1.03753,7565.67,0.143786,0.059236,-0.2,0.05,1,4.8201,144.965,1.07059e+06,nan,nan,nan,nan,nan,nan,nan,nan,nan,nan,nan,nan,nan,nan,nan,nan,nan,nan,nan,nan
698,nan,nan,0.128333,0,0,0.104702,0.89479,0.029809,-0.0158551,26.1888,0.0003,0,1.03909,8073.98,0.13098,0.0592611,-0.2,0.05,1,4.8201,145.156,1.07213e+06,nan,nan,nan,nan,nan,nan,nan,nan,nan,nan,nan,nan,nan,nan,nan,nan,nan,nan,nan,nan
699,nan,nan,0.126358,0,0,0.107465,0.880566,0.121656,-0.0138822,26.2139,0.0003,0,1.04039,7957.72,0.132637,0.0603831,-0.2,0.05,1,4.8201,145.349,1.07366e+06,nan,nan,nan,nan,nan,nan,nan,nan,nan,nan,nan,nan,nan,nan,nan,nan,nan,nan,nan,nan
700,48.8171,400,0.126421,2.66667,0,0.104009,0.891281,0.0237185,-0.0313655,26.2357,0.0003,0,1.04173,6197.45,0.186269,0.0615749,-0.2,0.05,1,4.8201,145.597,1.0752e+06,0,0,2.31518,0.000752403,-0.178099,nan,0,nan,nan,nan,nan,0,nan,0,nan,nan,nan,-0.197168,nan,nan
701,nan,nan,0.0835681,0,0,0.27659,1.66885,0.107349,-0.0305625,26.258,0.0003,0,1.0427,8268.59,0.126941,0.0588222,-0.2,0.05,1,4.8201,145.783,1.07674e+06,nan,nan,nan,nan,nan,nan,nan,nan,nan,nan,nan,nan,nan,nan,nan,nan,nan,nan,nan,nan
702,nan,nan,0.118401,0,0,0.264813,1.45388,0.0274737,-0.0452986,26.2748,0.0003,0,1.04404,8168.77,0.128871,0.0591621,-0.2,0.05,1,4.8201,145.972,1.07827e+06,nan,nan,nan,nan,nan,nan,nan,nan,nan,nan,nan,nan,nan,nan,nan,nan,nan,nan,nan,nan
703,nan,nan,0.116591,0,0,0.211363,1.31651,0.039018,-0.0377852,26.3022,0.0003,0,1.04564,7436.56,0.133215,0.0733321,-0.2,0.05,1,4.8201,146.178,1.07981e+06,nan,nan,nan,nan,nan,nan,nan,nan,nan,nan,nan,nan,nan,nan,nan,nan,nan,nan,nan,nan
704,nan,nan,0.120224,0,0,0.163918,1.13314,0.0483504,-0.0332296,26.3285,0.0003,0,1.04709,7930.2,0.133717,0.059973,-0.2,0.05,1,4.8201,146.372,1.08134e+06,nan,nan,nan,nan,nan,nan,nan,nan,nan,nan,nan,nan,nan,nan,nan,nan,nan,nan,nan,nan
705,nan,nan,0.124085,0,0,0.157936,1.0911,0.0313376,-0.0393058,26.3523,0.0003,0,1.04844,8026.01,0.132217,0.0591607,-0.2,0.05,1,4.8201,146.564,1.08288e+06,nan,nan,nan,nan,nan,nan,nan,nan,nan,nan,nan,nan,nan,nan,nan,nan,nan,nan,nan,nan
706,nan,nan,0.123094,0,0,0.124347,1.02854,0.0290711,-0.0374023,26.375,0.0003,0,1.04995,7524.65,0.132486,0.0716431,-0.2,0.05,1,4.8201,146.768,1.08442e+06,nan,nan,nan,nan,nan,nan,nan,nan,nan,nan,nan,nan,nan,nan,nan,nan,nan,nan,nan,nan
707,nan,nan,0.12267,0,0,0.119902,0.947264,0.0371043,-0.0287149,26.3991,0.0003,0,1.05119,8007.26,0.131424,0.0604019,-0.2,0.05,1,4.8201,146.96,1.08595e+06,nan,nan,nan,nan,nan,nan,nan,nan,nan,nan,nan,nan,nan,nan,nan,nan,nan,nan,nan,nan
708,nan,nan,0.124542,0,0,0.111514,0.946604,0.0490255,-0.0329737,26.4221,0.0003,0,1.05274,8038.34,0.131896,0.0591881,-0.2,0.05,1,4.8201,147.152,1.08749e+06,nan,nan,nan,nan,nan,nan,nan,nan,nan,nan,nan,nan,nan,nan,nan,nan,nan,nan,nan,nan
709,nan,nan,0.125531,0,0,0.110512,0.941199,0.0339219,-0.0348475,26.451,0.0003,0,1.05456,8050.16,0.131657,0.0591469,-0.2,0.05,1,4.8201,147.343,1.08902e+06,nan,nan,nan,nan,nan,nan,nan,nan,nan,nan,nan,nan,nan,nan,nan,nan,nan,nan,nan,nan
710,nan,nan,0.128152,0,0,0.102212,0.843483,0.0231597,-0.0323928,26.4805,0.0003,0,1.05625,8169.82,0.128938,0.0590711,-0.2,0.05,1,4.8201,147.531,1.09056e+06,nan,nan,nan,nan,nan,nan,nan,nan,nan,nan,nan,nan,nan,nan,nan,nan,nan,nan,nan,nan
711,nan,nan,0.128203,0,0,0.114913,0.961726,0.0358247,-0.028351,26.5073,0.0003,0,1.05768,8043.18,0.131339,0.0596302,-0.2,0.05,1,4.8201,147.722,1.0921e+06,nan,nan,nan,nan,nan,nan,nan,nan,nan,nan,nan,nan,nan,nan,nan,nan,nan,nan,nan,nan
712,nan,nan,0.126955,0,0,0.100841,0.914937,0.0311858,-0.0220843,26.5325,0.0003,0,1.05923,8038.43,0.132042,0.0590401,-0.2,0.05,1,4.8201,147.914,1.09363e+06,nan,nan,nan,nan,nan,nan,nan,nan,nan,nan,nan,nan,nan,nan,nan,nan,nan,nan,nan,nan
713,nan,nan,0.130354,0,0,0.0924868,0.870574,0.00382342,-0.0351415,26.5634,0.0003,0,1.06127,7828.38,0.135529,0.0606804,-0.2,0.05,1,4.8201,148.11,1.09517e+06,nan,nan,nan,nan,nan,nan,nan,nan,nan,nan,nan,nan,nan,nan,nan,nan,nan,nan,nan,nan
714,nan,nan,0.131794,0,0,0.0926245,0.83838,0.00518251,-0.0333826,26.5924,0.0003,0,1.06248,7771.55,0.135579,0.0620649,-0.2,0.05,1,4.8201,148.308,1.0967e+06,nan,nan,nan,nan,nan,nan,nan,nan,nan,nan,nan,nan,nan,nan,nan,nan,nan,nan,nan,nan
715,nan,nan,0.132145,0,0,0.0970755,0.887434,0.00336748,-0.0385837,26.6074,0.0003,0,1.06341,7723.56,0.138338,0.060534,-0.2,0.05,1,4.8201,148.507,1.09824e+06,nan,nan,nan,nan,nan,nan,nan,nan,nan,nan,nan,nan,nan,nan,nan,nan,nan,nan,nan,nan
716,nan,nan,0.130867,0,0,0.0982506,0.899646,0.0031902,-0.0269649,26.6262,0.0003,0,1.06462,8009.56,0.131972,0.0597987,-0.2,0.05,1,4.8201,148.699,1.09978e+06,nan,nan,nan,nan,nan,nan,nan,nan,nan,nan,nan,nan,nan,nan,nan,nan,nan,nan,nan,nan
717,49.3197,400,0.100706,2.66667,0,0.135729,1.03795,0.015685,-0.0276356,26.6466,0.0003,0,1.06588,6246.11,0.184425,0.0614882,-0.2,0.05,1,4.8201,148.945,1.10131e+06,0,0,2.31132,0.000759185,-0.176722,nan,0,nan,nan,nan,nan,0,nan,0,nan,nan,nan,-0.153926,nan,nan
718,nan,nan,0.105579,0,0,0.282752,1.61742,0.0239405,-0.0435821,26.6668,0.0003,0,1.06689,7987.06,0.131697,0.0606141,-0.2,0.05,1,4.8201,149.138,1.10285e+06,nan,nan,nan,nan,nan,nan,nan,nan,nan,nan,nan,nan,nan,nan,nan,nan,nan,nan,nan,nan
719,nan,nan,0.116341,0,0,0.248848,1.39304,0.0300996,-0.0417579,26.6836,0.0003,0,1.06788,7885.5,0.134742,0.060046,-0.2,0.05,1,4.8201,149.333,1.10438e+06,nan,nan,nan,nan,nan,nan,nan,nan,nan,nan,nan,nan,nan,nan,nan,nan,nan,nan,nan,nan
720,nan,nan,0.112624,0,0,0.190641,1.23975,0.0339961,-0.0414063,26.6988,0.0003,0,1.06892,7882.58,0.134963,0.0598972,-0.2,0.05,1,4.8201,149.528,1.10592e+06,nan,nan,nan,nan,nan,nan,nan,nan,nan,nan,nan,nan,nan,nan,nan,nan,nan,nan,nan,nan
721,nan,nan,0.114098,0,0,0.137411,1.09114,0.0553784,-0.03239,26.7182,0.0003,0,1.07009,8084.67,0.130456,0.0595329,-0.2,0.05,1,4.8201,149.718,1.10746e+06,nan,nan,nan,nan,nan,nan,nan,nan,nan,nan,nan,nan,nan,nan,nan,nan,nan,nan,nan,nan
722,nan,nan,0.122023,0,0,0.128561,1.06156,0.0375169,-0.0290719,26.7346,0.0003,0,1.07082,8101.99,0.130352,0.059231,-0.2,0.05,1,4.8201,149.908,1.10899e+06,nan,nan,nan,nan,nan,nan,nan,nan,nan,nan,nan,nan,nan,nan,nan,nan,nan,nan,nan,nan
723,nan,nan,0.123923,0,0,0.133904,1.02145,0.086871,-0.0263682,26.7505,0.0003,0,1.07219,8091.62,0.130601,0.0592248,-0.2,0.05,1,4.8201,150.098,1.11053e+06,nan,nan,nan,nan,nan,nan,nan,nan,nan,nan,nan,nan,nan,nan,nan,nan,nan,nan,nan,nan
724,nan,nan,0.124875,0,0,0.132159,0.99021,0.0584089,-0.035773,26.7787,0.0003,0,1.07422,7944.88,0.133574,0.0597582,-0.2,0.05,1,4.8201,150.292,1.11206e+06,nan,nan,nan,nan,nan,nan,nan,nan,nan,nan,nan,nan,nan,nan,nan,nan,nan,nan,nan,nan
725,nan,nan,0.124777,0,0,0.124226,0.965936,0.040819,-0.0323343,26.8122,0.0003,0,1.07586,7782.61,0.136929,0.0604341,-0.2,0.05,1,4.8201,150.49,1.1136e+06,nan,nan,nan,nan,nan,nan,nan,nan,nan,nan,nan,nan,nan,nan,nan,nan,nan,nan,nan,nan
726,nan,nan,0.124115,0,0,0.105608,0.96685,0.0965001,-0.0268208,26.8362,0.0003,0,1.07722,7884.99,0.133001,0.0617998,-0.2,0.05,1,4.8201,150.685,1.11514e+06,nan,nan,nan,nan,nan,nan,nan,nan,nan,nan,nan,nan,nan,nan,nan,nan,nan,nan,nan,nan
727,nan,nan,0.12645,0,0,0.102967,0.935272,0.0407681,-0.0235137,26.8634,0.0003,0,1.0793,7992.09,0.132616,0.0595739,-0.2,0.05,1,4.8201,150.877,1.11667e+06,nan,nan,nan,nan,nan,nan,nan,nan,nan,nan,nan,nan,nan,nan,nan,nan,nan,nan,nan,nan
728,nan,nan,0.129172,0,0,0.09971,0.920054,0.0313051,-0.0222017,26.906,0.0003,0,1.08231,8021.56,0.130491,0.0609927,-0.2,0.05,1,4.8201,151.069,1.11821e+06,nan,nan,nan,nan,nan,nan,nan,nan,nan,nan,nan,nan,nan,nan,nan,nan,nan,nan,nan,nan
729,nan,nan,0.12978,0,0,0.0962429,0.85693,0.00821809,-0.0275853,26.9506,0.0003,0,1.08418,7496.48,0.141111,0.0637851,-0.2,0.05,1,4.8201,151.274,1.11974e+06,nan,nan,nan,nan,nan,nan,nan,nan,nan,nan,nan,nan,nan,nan,nan,nan,nan,nan,nan,nan
730,nan,nan,0.129403,0,0,0.101364,0.874902,0.0181823,-0.0146248,26.9774,0.0003,0,1.08614,7767.19,0.137786,0.0599689,-0.2,0.05,1,4.8201,151.472,1.12128e+06,nan,nan,nan,nan,nan,nan,nan,nan,nan,nan,nan,nan,nan,nan,nan,nan,nan,nan,nan,nan
731,nan,nan,0.131014,0,0,0.0927686,0.893181,0.00866372,-0.0246811,27.0177,0.0003,0,1.08876,8014.43,0.132167,0.0594869,-0.2,0.05,1,4.8201,151.664,1.12282e+06,nan,nan,nan,nan,nan,nan,nan,nan,nan,nan,nan,nan,nan,nan,nan,nan,nan,nan,nan,nan
732,nan,nan,0.129281,0,0,0.0965453,0.85041,0.0094802,-0.0240804,27.0584,0.0003,0,1.09134,7404.12,0.143818,0.0636339,-0.2,0.05,1,4.8201,151.872,1.12435e+06,nan,nan,nan,nan,nan,nan,nan,nan,nan,nan,nan,nan,nan,nan,nan,nan,nan,nan,nan,nan
733,nan,nan,0.129702,0,0,0.0890784,0.88198,0.00416672,-0.0260589,27.0918,0.0003,0,1.09233,7363.6,0.148978,0.0596159,-0.2,0.05,1,4.8201,152.081,1.12589e+06,nan,nan,nan,nan,nan,nan,nan,nan,nan,nan,nan,nan,nan,nan,nan,nan,nan,nan,nan,nan
734,48.7083,400,0.0845754,2.66667,0,0.193649,1.41546,0.0366221,-0.0364844,27.1063,0.0003,0,1.09332,6406.91,0.179285,0.0604563,-0.2,0.05,1,4.8201,152.321,1.12742e+06,0,0,2.28828,0.000656923,-0.181003,nan,0,nan,nan,nan,nan,0,nan,0,nan,nan,nan,-0.169834,nan,nan
735,nan,nan,0.112053,0,0,0.273982,1.57735,0.016307,-0.0542946,27.1206,0.0003,0,1.09375,7875.06,0.134706,0.0603399,-0.2,0.05,1,4.8201,152.516,1.12896e+06,nan,nan,nan,nan,nan,nan,nan,nan,nan,nan,nan,nan,nan,nan,nan,nan,nan,nan,nan,nan
736,nan,nan,0.116292,0,0,0.228643,1.39305,0.0175543,-0.0481916,27.1275,0.0003,0,1.09432,7636.93,0.136634,0.0644941,-0.2,0.05,1,4.8201,152.717,1.1305e+06,nan,nan,nan,nan,nan,nan,nan,nan,nan,nan,nan,nan,nan,nan,nan,nan,nan,nan,nan,nan
737,nan,nan,0.117441,0,0,0.166756,1.29484,0.0345433,-0.0363151,27.1436,0.0003,0,1.09599,7611.19,0.140022,0.0617862,-0.2,0.05,1,4.8201,152.919,1.13203e+06,nan,nan,nan,nan,nan,nan,nan,nan,nan,nan,nan,nan,nan,nan,nan,nan,nan,nan,nan,nan
738,nan,nan,0.120101,0,0,0.142118,1.09858,0.033944,-0.0324212,27.1727,0.0003,0,1.09771,6802.81,0.140504,0.0852852,-0.2,0.05,1,4.8201,153.146,1.13357e+06,nan,nan,nan,nan,nan,nan,nan,nan,nan,nan,nan,nan,nan,nan,nan,nan,nan,nan,nan,nan
739,nan,nan,0.123283,0,0,0.127061,1.04183,0.0135901,-0.0420014,27.1978,0.0003,0,1.0987,7062.01,0.151628,0.0658739,-0.2,0.05,1,4.8201,153.363,1.1351e+06,nan,nan,nan,nan,nan,nan,nan,nan,nan,nan,nan,nan,nan,nan,nan,nan,nan,nan,nan,nan
740,nan,nan,0.124222,0,0,0.130289,1.05323,0.0128764,-0.043966,27.2129,0.0003,0,1.09984,7135.49,0.148417,0.0668449,-0.2,0.05,1,4.8201,153.579,1.13664e+06,nan,nan,nan,nan,nan,nan,nan,nan,nan,nan,nan,nan,nan,nan,nan,nan,nan,nan,nan,nan
741,nan,nan,0.125142,0,0,0.1298,1.06903,0.0142469,-0.0364712,27.2334,0.0003,0,1.10104,6873.77,0.155411,0.0680473,-0.2,0.05,1,4.8201,153.803,1.13818e+06,nan,nan,nan,nan,nan,nan,nan,nan,nan,nan,nan,nan,nan,nan,nan,nan,nan,nan,nan,nan
742,nan,nan,0.124703,0,0,0.137819,1.04793,0.0496896,-0.0203909,27.2504,0.0003,0,1.10224,7535.29,0.143805,0.0600362,-0.2,0.05,1,4.8201,154.007,1.13971e+06,nan,nan,nan,nan,nan,nan,nan,nan,nan,nan,nan,nan,nan,nan,nan,nan,nan,nan,nan,nan
743,nan,nan,0.122595,0,0,0.14103,1.04889,0.055906,-0.03018,27.276,0.0003,0,1.1038,7776.04,0.135341,0.0621889,-0.2,0.05,1,4.8201,154.204,1.14125e+06,nan,nan,nan,nan,nan,nan,nan,nan,nan,nan,nan,nan,nan,nan,nan,nan,nan,nan,nan,nan
744,nan,nan,0.125216,0,0,0.121815,0.98776,0.0288874,-0.0317471,27.2973,0.0003,0,1.10494,7451.61,0.142099,0.0640311,-0.2,0.05,1,4.8201,154.411,1.14278e+06,nan,nan,nan,nan,nan,nan,nan,nan,nan,nan,nan,nan,nan,nan,nan,nan,nan,nan,nan,nan
745,nan,nan,0.126957,0,0,0.119771,1.04254,0.0319804,-0.0288918,27.3178,0.0003,0,1.10655,7610.55,0.138311,0.0635142,-0.2,0.05,1,4.8201,154.613,1.14432e+06,nan,nan,nan,nan,nan,nan,nan,nan,nan,nan,nan,nan,nan,nan,nan,nan,nan,nan,nan,nan
746,nan,nan,0.126453,0,0,0.116416,1.02462,0.023215,-0.0316172,27.3497,0.0003,0,1.10881,7734.41,0.138381,0.0602119,-0.2,0.05,1,4.8201,154.812,1.14586e+06,nan,nan,nan,nan,nan,nan,nan,nan,nan,nan,nan,nan,nan,nan,nan,nan,nan,nan,nan,nan
747,nan,nan,0.127711,0,0,0.113179,0.937116,0.0117643,-0.0403876,27.3827,0.0003,0,1.11037,7889.18,0.134622,0.060075,-0.2,0.05,1,4.8201,155.007,1.14739e+06,nan,nan,nan,nan,nan,nan,nan,nan,nan,nan,nan,nan,nan,nan,nan,nan,nan,nan,nan,nan
748,nan,nan,0.128147,0,0,0.101633,0.947561,0.00818403,-0.0299778,27.4067,0.0003,0,1.11195,7899,0.13439,0.060065,-0.2,0.05,1,4.8201,155.202,1.14893e+06,nan,nan,nan,nan,nan,nan,nan,nan,nan,nan,nan,nan,nan,nan,nan,nan,nan,nan,nan,nan
749,nan,nan,0.128567,0,0,0.0959341,0.925218,0.00790957,-0.0278459,27.4344,0.0003,0,1.11376,7342.01,0.142974,0.0662332,-0.2,0.05,1,4.8201,155.411,1.15046e+06,nan,nan,nan,nan,nan,nan,nan,nan,nan,nan,nan,nan,nan,nan,nan,nan,nan,nan,nan,nan
750,48.4508,400,0.128785,2.66667,0,0.101306,0.883209,0.00698048,-0.023514,27.4635,0.0003,0,1.11572,6203.55,0.187593,0.0600071,-0.2,0.05,1,4.8201,155.659,1.152e+06,0,0,2.29349,0.000650759,-0.190872,nan,0,nan,nan,nan,nan,0,nan,0,nan,nan,nan,-0.172792,nan,nan
751,nan,nan,0.0734549,0,0,0.265864,1.58813,0.116145,-0.0270556,27.4912,0.0003,0,1.11682,8013.49,0.131169,0.0605078,-0.4,0.1,1,4.8201,155.851,1.15354e+06,nan,nan,nan,nan,nan,nan,nan,nan,nan,nan,nan,nan,nan,nan,nan,nan,nan,nan,nan,nan
752,nan,nan,0.111867,0,0,0.20711,1.56587,0.0204844,-0.049376,27.502,0.0003,0,1.11732,7736.52,0.136335,0.0622039,-0.4,0.1,1,4.8201,156.05,1.15507e+06,nan,nan,nan,nan,nan,nan,nan,nan,nan,nan,nan,nan,nan,nan,nan,nan,nan,nan,nan,nan
753,nan,nan,0.121409,0,0,0.205701,1.38796,0.0166774,-0.0375983,27.5147,0.0003,0,1.11848,7970.81,0.132562,0.0601411,-0.4,0.1,1,4.8201,156.243,1.15661e+06,nan,nan,nan,nan,nan,nan,nan,nan,nan,nan,nan,nan,nan,nan,nan,nan,nan,nan,nan,nan
754,nan,nan,0.119784,0,0,0.178837,1.29029,0.038784,-0.0360189,27.5352,0.0003,0,1.11989,7977.4,0.132621,0.0599229,-0.4,0.1,1,4.8201,156.435,1.15814e+06,nan,nan,nan,nan,nan,nan,nan,nan,nan,nan,nan,nan,nan,nan,nan,nan,nan,nan,nan,nan
755,nan,nan,0.119855,0,0,0.149965,1.14828,0.0237274,-0.0311569,27.5576,0.0003,0,1.12107,8091.32,0.130299,0.0595341,-0.4,0.1,1,4.8201,156.626,1.15968e+06,nan,nan,nan,nan,nan,nan,nan,nan,nan,nan,nan,nan,nan,nan,nan,nan,nan,nan,nan,nan
756,nan,nan,0.1246,0,0,0.138617,1.12405,0.0117649,-0.0390812,27.576,0.0003,0,1.12231,8034.47,0.131656,0.05952,-0.4,0.1,1,4.8201,156.817,1.16122e+06,nan,nan,nan,nan,nan,nan,nan,nan,nan,nan,nan,nan,nan,nan,nan,nan,nan,nan,nan,nan
757,nan,nan,0.127467,0,0,0.126624,1.01163,0.00491576,-0.0344326,27.5969,0.0003,0,1.12347,7379.22,0.145313,0.062839,-0.4,0.1,1,4.8201,157.025,1.16275e+06,nan,nan,nan,nan,nan,nan,nan,nan,nan,nan,nan,nan,nan,nan,nan,nan,nan,nan,nan,nan
758,nan,nan,0.129753,0,0,0.116622,0.92364,0.00169984,-0.0431171,27.6151,0.0003,0,1.12456,7745.49,0.137725,0.0605841,-0.4,0.1,1,4.8201,157.224,1.16429e+06,nan,nan,nan,nan,nan,nan,nan,nan,nan,nan,nan,nan,nan,nan,nan,nan,nan,nan,nan,nan
759,nan,nan,0.130611,0,0,0.11286,0.903166,0.00171697,-0.0349794,27.6294,0.0003,0,1.12536,7399.84,0.138616,0.0689561,-0.4,0.1,1,4.8201,157.432,1.16582e+06,nan,nan,nan,nan,nan,nan,nan,nan,nan,nan,nan,nan,nan,nan,nan,nan,nan,nan,nan,nan
760,nan,nan,0.128899,0,0,0.111687,0.930983,0.0172956,-0.0261535,27.6475,0.0003,0,1.12735,7530.85,0.143415,0.0605459,-0.4,0.1,1,4.8201,157.636,1.16736e+06,nan,nan,nan,nan,nan,nan,nan,nan,nan,nan,nan,nan,nan,nan,nan,nan,nan,nan,nan,nan
761,nan,nan,0.128888,0,0,0.110541,0.900564,0.011904,-0.0288343,27.6821,0.0003,0,1.12963,7728.72,0.139047,0.0596921,-0.4,0.1,1,4.8201,157.835,1.1689e+06,nan,nan,nan,nan,nan,nan,nan,nan,nan,nan,nan,nan,nan,nan,nan,nan,nan,nan,nan,nan
762,nan,nan,0.130732,0,0,0.116849,0.982013,0.00395341,-0.0330584,27.7157,0.0003,0,1.13139,7881.94,0.135291,0.0595851,-0.4,0.1,1,4.8201,158.03,1.17043e+06,nan,nan,nan,nan,nan,nan,nan,nan,nan,nan,nan,nan,nan,nan,nan,nan,nan,nan,nan,nan
763,nan,nan,0.12969,0,0,0.116182,0.929127,0.00549981,-0.0329111,27.7426,0.0003,0,1.13297,7625.44,0.139717,0.0617139,-0.4,0.1,1,4.8201,158.232,1.17197e+06,nan,nan,nan,nan,nan,nan,nan,nan,nan,nan,nan,nan,nan,nan,nan,nan,nan,nan,nan,nan
764,nan,nan,0.129582,0,0,0.104052,0.930997,0.00254415,-0.0351597,27.7599,0.0003,0,1.13352,7667.66,0.137986,0.062336,-0.4,0.1,1,4.8201,158.432,1.1735e+06,nan,nan,nan,nan,nan,nan,nan,nan,nan,nan,nan,nan,nan,nan,nan,nan,nan,nan,nan,nan
765,nan,nan,0.130832,0,0,0.0956679,0.880201,0.00150833,-0.0368125,27.7662,0.0003,0,1.13399,7843.33,0.136197,0.059638,-0.4,0.1,1,4.8201,158.629,1.17504e+06,nan,nan,nan,nan,nan,nan,nan,nan,nan,nan,nan,nan,nan,nan,nan,nan,nan,nan,nan,nan
766,nan,nan,0.1305,0,0,0.101153,0.872173,0.00294241,-0.0269314,27.7725,0.0003,0,1.13424,7855.34,0.135676,0.0598598,-0.4,0.1,1,4.8201,158.824,1.17658e+06,nan,nan,nan,nan,nan,nan,nan,nan,nan,nan,nan,nan,nan,nan,nan,nan,nan,nan,nan,nan
767,49.2939,400,0.0992129,2.66667,0,0.151113,1.06263,0.0265196,-0.0298424,27.7795,0.0003,0,1.13507,6036.74,0.186304,0.0681381,-0.4,0.1,1,4.8201,159.079,1.17811e+06,0,0,2.31963,0.000663045,-0.188112,nan,0,nan,nan,nan,nan,0,nan,0,nan,nan,nan,-0.161837,nan,nan
768,nan,nan,0.10135,0,0,0.248413,1.59483,0.0614751,-0.0428848,27.7976,0.0003,0,1.13637,7537.73,0.143459,0.0603158,-0.4,0.1,1,4.8201,159.283,1.17965e+06,nan,nan,nan,nan,nan,nan,nan,nan,nan,nan,nan,nan,nan,nan,nan,nan,nan,nan,nan,nan
769,nan,nan,0.115306,0,0,0.207322,1.32111,0.0293271,-0.0421689,27.8171,0.0003,0,1.13763,7444.89,0.134067,0.0722492,-0.4,0.1,1,4.8201,159.49,1.18118e+06,nan,nan,nan,nan,nan,nan,nan,nan,nan,nan,nan,nan,nan,nan,nan,nan,nan,nan,nan,nan
770,nan,nan,0.118591,0,0,0.195082,1.20346,0.0244223,-0.0404963,27.8389,0.0003,0,1.13909,8019.21,0.132651,0.0588889,-0.4,0.1,1,4.8201,159.682,1.18272e+06,nan,nan,nan,nan,nan,nan,nan,nan,nan,nan,nan,nan,nan,nan,nan,nan,nan,nan,nan,nan
771,nan,nan,0.120929,0,0,0.150437,1.23162,0.126202,-0.0214273,27.8611,0.0003,0,1.14052,8131.5,0.129956,0.0589387,-0.4,0.1,1,4.8201,159.871,1.18426e+06,nan,nan,nan,nan,nan,nan,nan,nan,nan,nan,nan,nan,nan,nan,nan,nan,nan,nan,nan,nan
772,nan,nan,0.12079,0,0,0.114312,1.09134,0.113837,-0.0348732,27.8885,0.0003,0,1.1425,8105.46,0.130864,0.0586379,-0.4,0.1,1,4.8201,160.061,1.18579e+06,nan,nan,nan,nan,nan,nan,nan,nan,nan,nan,nan,nan,nan,nan,nan,nan,nan,nan,nan,nan
773,nan,nan,0.122715,0,0,0.117242,1.02969,0.186529,-0.0279873,27.9207,0.0003,0,1.14458,8121.53,0.13011,0.0590169,-0.4,0.1,1,4.8201,160.25,1.18733e+06,nan,nan,nan,nan,nan,nan,nan,nan,nan,nan,nan,nan,nan,nan,nan,nan,nan,nan,nan,nan
774,nan,nan,0.126874,0,0,0.116194,1.04916,0.0766893,-0.0194055,27.9518,0.0003,0,1.14638,8201.63,0.128531,0.058749,-0.4,0.1,1,4.8201,160.437,1.18886e+06,nan,nan,nan,nan,nan,nan,nan,nan,nan,nan,nan,nan,nan,nan,nan,nan,nan,nan,nan,nan
775,nan,nan,0.128993,0,0,0.113719,1.0091,0.0123613,-0.0410459,27.9767,0.0003,0,1.14773,8063.24,0.131875,0.058619,-0.4,0.1,1,4.8201,160.628,1.1904e+06,nan,nan,nan,nan,nan,nan,nan,nan,nan,nan,nan,nan,nan,nan,nan,nan,nan,nan,nan,nan
776,nan,nan,0.129704,0,0,0.11517,1.00241,0.00548072,-0.0367591,27.9973,0.0003,0,1.14877,8095.17,0.131379,0.0583639,-0.4,0.1,1,4.8201,160.818,1.19194e+06,nan,nan,nan,nan,nan,nan,nan,nan,nan,nan,nan,nan,nan,nan,nan,nan,nan,nan,nan,nan
777,nan,nan,0.130245,0,0,0.123643,0.998597,0.00610571,-0.0372323,28.0123,0.0003,0,1.15014,7931.39,0.133082,0.0605788,-0.4,0.1,1,4.8201,161.012,1.19347e+06,nan,nan,nan,nan,nan,nan,nan,nan,nan,nan,nan,nan,nan,nan,nan,nan,nan,nan,nan,nan
778,nan,nan,0.129466,0,0,0.113098,1.07922,0.0042235,-0.041578,28.0383,0.0003,0,1.15183,7260.32,0.146451,0.0651097,-0.4,0.1,1,4.8201,161.224,1.19501e+06,nan,nan,nan,nan,nan,nan,nan,nan,nan,nan,nan,nan,nan,nan,nan,nan,nan,nan,nan,nan
779,nan,nan,0.130115,0,0,0.103316,0.968689,0.00885038,-0.0278193,28.0614,0.0003,0,1.15334,7310.24,0.145131,0.0649853,-0.4,0.1,1,4.8201,161.434,1.19654e+06,nan,nan,nan,nan,nan,nan,nan,nan,nan,nan,nan,nan,nan,nan,nan,nan,nan,nan,nan,nan
780,nan,nan,0.13043,0,0,0.107012,0.953092,0.00408324,-0.0288062,28.0839,0.0003,0,1.15493,7102.4,0.15,0.0662651,-0.4,0.1,1,4.8201,161.651,1.19808e+06,nan,nan,nan,nan,nan,nan,nan,nan,nan,nan,nan,nan,nan,nan,nan,nan,nan,nan,nan,nan
781,nan,nan,0.13136,0,0,0.0990365,0.957153,0.00564684,-0.0272172,28.1092,0.0003,0,1.15634,7963.53,0.133693,0.0591862,-0.4,0.1,1,4.8201,161.844,1.19962e+06,nan,nan,nan,nan,nan,nan,nan,nan,nan,nan,nan,nan,nan,nan,nan,nan,nan,nan,nan,nan
782,nan,nan,0.12927,0,0,0.0975736,0.875084,0.0142532,-0.0255698,28.1302,0.0003,0,1.1581,8069.98,0.130589,0.0597458,-0.4,0.1,1,4.8201,162.035,1.20115e+06,nan,nan,nan,nan,nan,nan,nan,nan,nan,nan,nan,nan,nan,nan,nan,nan,nan,nan,nan,nan
783,nan,nan,0.129545,0,0,0.0917592,0.867358,0.00300921,-0.0337174,28.1574,0.0003,0,1.1596,7733.35,0.137258,0.0613623,-0.4,0.1,1,4.8201,162.234,1.20269e+06,nan,nan,nan,nan,nan,nan,nan,nan,nan,nan,nan,nan,nan,nan,nan,nan,nan,nan,nan,nan
784,49.261,400,0.0896524,2.66667,0,0.18221,1.41228,0.0300479,-0.0401264,28.1786,0.0003,0,1.16064,6336.14,0.182253,0.0601661,-0.4,0.1,1,4.8201,162.476,1.20422e+06,0,0,2.32265,0.000570344,-0.1819,nan,0,nan,nan,nan,nan,0,nan,0,nan,nan,nan,-0.173015,nan,nan
785,nan,nan,0.111853,0,0,0.227284,1.58412,0.0161362,-0.0531785,28.186,0.0003,0,1.16085,7949.94,0.134504,0.0587051,-0.4,0.1,1,4.8201,162.67,1.20576e+06,nan,nan,nan,nan,nan,nan,nan,nan,nan,nan,nan,nan,nan,nan,nan,nan,nan,nan,nan,nan
786,nan,nan,0.118399,0,0,0.190083,1.35122,0.0359322,-0.0310593,28.1961,0.0003,0,1.16211,8224.59,0.128241,0.058516,-0.4,0.1,1,4.8201,162.857,1.2073e+06,nan,nan,nan,nan,nan,nan,nan,nan,nan,nan,nan,nan,nan,nan,nan,nan,nan,nan,nan,nan
787,nan,nan,0.119916,0,0,0.167878,1.29607,0.0275388,-0.0327329,28.2183,0.0003,0,1.16344,8042.18,0.129219,0.061774,-0.4,0.1,1,4.8201,163.048,1.20883e+06,nan,nan,nan,nan,nan,nan,nan,nan,nan,nan,nan,nan,nan,nan,nan,nan,nan,nan,nan,nan
788,nan,nan,0.120901,0,0,0.142168,1.22325,0.0394889,-0.0358012,28.2361,0.0003,0,1.16473,7801.74,0.135929,0.06095,-0.4,0.1,1,4.8201,163.245,1.21037e+06,nan,nan,nan,nan,nan,nan,nan,nan,nan,nan,nan,nan,nan,nan,nan,nan,nan,nan,nan,nan
789,nan,nan,0.119966,0,0,0.148414,1.13156,0.0561132,-0.0361415,28.2541,0.0003,0,1.16544,7698.35,0.137761,0.0617621,-0.4,0.1,1,4.8201,163.445,1.2119e+06,nan,nan,nan,nan,nan,nan,nan,nan,nan,nan,nan,nan,nan,nan,nan,nan,nan,nan,nan,nan
790,nan,nan,0.121411,0,0,0.154009,1.22907,0.0590796,-0.0366472,28.2675,0.0003,0,1.1668,7522.06,0.141774,0.0624251,-0.4,0.1,1,4.8201,163.65,1.21344e+06,nan,nan,nan,nan,nan,nan,nan,nan,nan,nan,nan,nan,nan,nan,nan,nan,nan,nan,nan,nan
791,nan,nan,0.121673,0,0,0.157781,1.24383,0.0723524,-0.0322517,28.2904,0.0003,0,1.16847,7995.21,0.133563,0.058552,-0.4,0.1,1,4.8201,163.842,1.21498e+06,nan,nan,nan,nan,nan,nan,nan,nan,nan,nan,nan,nan,nan,nan,nan,nan,nan,nan,nan,nan
792,nan,nan,0.121269,0,0,0.145679,1.17802,0.0972293,-0.0212008,28.3158,0.0003,0,1.16996,8052.6,0.130035,0.0607109,-0.4,0.1,1,4.8201,164.033,1.21651e+06,nan,nan,nan,nan,nan,nan,nan,nan,nan,nan,nan,nan,nan,nan,nan,nan,nan,nan,nan,nan
793,nan,nan,0.119786,0,0,0.120178,1.11089,0.246213,-0.0282572,28.3401,0.0003,0,1.17194,8059.57,0.131402,0.0591791,-0.4,0.1,1,4.8201,164.224,1.21805e+06,nan,nan,nan,nan,nan,nan,nan,nan,nan,nan,nan,nan,nan,nan,nan,nan,nan,nan,nan,nan
794,nan,nan,0.119994,0,0,0.112191,1.05657,0.08715,-0.0269978,28.3711,0.0003,0,1.17366,7247.29,0.151816,0.0601254,-0.4,0.1,1,4.8201,164.436,1.21958e+06,nan,nan,nan,nan,nan,nan,nan,nan,nan,nan,nan,nan,nan,nan,nan,nan,nan,nan,nan,nan
795,nan,nan,0.12164,0,0,0.10863,0.945352,0.0562346,-0.0287967,28.3955,0.0003,0,1.17542,8040,0.132283,0.0587618,-0.4,0.1,1,4.8201,164.627,1.22112e+06,nan,nan,nan,nan,nan,nan,nan,nan,nan,nan,nan,nan,nan,nan,nan,nan,nan,nan,nan,nan
796,nan,nan,0.123552,0,0,0.103856,0.971394,0.0488135,-0.0233172,28.4218,0.0003,0,1.17705,8174.09,0.129292,0.0586188,-0.4,0.1,1,4.8201,164.815,1.22266e+06,nan,nan,nan,nan,nan,nan,nan,nan,nan,nan,nan,nan,nan,nan,nan,nan,nan,nan,nan,nan
797,nan,nan,0.126798,0,0,0.119598,0.972447,0.029082,-0.0216153,28.4468,0.0003,0,1.17875,8131.85,0.130481,0.0584061,-0.4,0.1,1,4.8201,165.005,1.22419e+06,nan,nan,nan,nan,nan,nan,nan,nan,nan,nan,nan,nan,nan,nan,nan,nan,nan,nan,nan,nan
798,nan,nan,0.128516,0,0,0.106119,0.9058,0.00688805,-0.0370305,28.4741,0.0003,0,1.18055,8146.72,0.130079,0.0584631,-0.4,0.1,1,4.8201,165.193,1.22573e+06,nan,nan,nan,nan,nan,nan,nan,nan,nan,nan,nan,nan,nan,nan,nan,nan,nan,nan,nan,nan
799,nan,nan,0.128015,0,0,0.106005,0.953324,0.149887,-0.0148428,28.5007,0.0003,0,1.18238,8109.55,0.130338,0.0590682,-0.4,0.1,1,4.8201,165.383,1.22726e+06,nan,nan,nan,nan,nan,nan,nan,nan,nan,nan,nan,nan,nan,nan,nan,nan,nan,nan,nan,nan
800,47.9151,400,0.126751,2.66667,0,0.10167,0.925059,0.0369975,-0.0305716,28.5296,0.0003,0,1.1843,6263.56,0.185409,0.059819,-0.4,0.1,1,4.8201,165.628,1.2288e+06,0,0,2.30754,0.000740915,-0.194043,nan,0,nan,nan,nan,nan,0,nan,0,nan,nan,nan,-0.217525,nan,nan
801,nan,nan,0.0826126,0,0,0.235925,1.68033,0.0988197,-0.0231348,28.555,0.0003,0,1.18559,7915.74,0.133898,0.0601459,-0.4,0.1,1,4.8201,167.689,1.23034e+06,nan,nan,nan,nan,nan,nan,nan,nan,nan,nan,nan,nan,nan,nan,nan,nan,nan,nan,nan,nan
802,nan,nan,0.115494,0,0,0.214572,1.45999,0.0368186,-0.0453486,28.5699,0.0003,0,1.18615,7792.92,0.133721,0.063381,-0.4,0.1,1,4.8201,167.887,1.23187e+06,nan,nan,nan,nan,nan,nan,nan,nan,nan,nan,nan,nan,nan,nan,nan,nan,nan,nan,nan,nan
803,nan,nan,0.118498,0,0,0.172841,1.30638,0.0352952,-0.0347014,28.583,0.0003,0,1.18768,7991.68,0.131753,0.060447,-0.4,0.1,1,4.8201,168.079,1.23341e+06,nan,nan,nan,nan,nan,nan,nan,nan,nan,nan,nan,nan,nan,nan,nan,nan,nan,nan,nan,nan
804,nan,nan,0.117252,0,0,0.147333,1.22128,0.0339546,-0.0315216,28.6072,0.0003,0,1.18896,8039.49,0.131701,0.059356,-0.4,0.1,1,4.8201,168.271,1.23494e+06,nan,nan,nan,nan,nan,nan,nan,nan,nan,nan,nan,nan,nan,nan,nan,nan,nan,nan,nan,nan
805,nan,nan,0.119478,0,0,0.128976,1.12026,0.0336548,-0.0272336,28.6308,0.0003,0,1.19114,8018.33,0.132312,0.0592489,-0.4,0.1,1,4.8201,168.462,1.23648e+06,nan,nan,nan,nan,nan,nan,nan,nan,nan,nan,nan,nan,nan,nan,nan,nan,nan,nan,nan,nan
806,nan,nan,0.124165,0,0,0.128891,1.0554,0.0245992,-0.0244424,28.6651,0.0003,0,1.19345,8114.57,0.129882,0.0594072,-0.4,0.1,1,4.8201,168.652,1.23802e+06,nan,nan,nan,nan,nan,nan,nan,nan,nan,nan,nan,nan,nan,nan,nan,nan,nan,nan,nan,nan
807,nan,nan,0.12581,0,0,0.128078,1.10369,0.0106486,-0.0353602,28.6974,0.0003,0,1.19558,7898.02,0.134763,0.0597162,-0.4,0.1,1,4.8201,168.847,1.23955e+06,nan,nan,nan,nan,nan,nan,nan,nan,nan,nan,nan,nan,nan,nan,nan,nan,nan,nan,nan,nan
808,nan,nan,0.127658,0,0,0.131314,1.06894,0.0168518,-0.0343331,28.7289,0.0003,0,1.19719,7997.79,0.132558,0.0594952,-0.4,0.1,1,4.8201,169.039,1.24109e+06,nan,nan,nan,nan,nan,nan,nan,nan,nan,nan,nan,nan,nan,nan,nan,nan,nan,nan,nan,nan
809,nan,nan,0.126797,0,0,0.123247,1.0441,0.0134212,-0.0285247,28.7427,0.0003,0,1.19762,7992.04,0.132385,0.0598061,-0.4,0.1,1,4.8201,169.231,1.24262e+06,nan,nan,nan,nan,nan,nan,nan,nan,nan,nan,nan,nan,nan,nan,nan,nan,nan,nan,nan,nan
810,nan,nan,0.127497,0,0,0.124157,1.01026,0.00815047,-0.035637,28.7479,0.0003,0,1.19776,7220.55,0.144455,0.0682712,-0.4,0.1,1,4.8201,169.444,1.24416e+06,nan,nan,nan,nan,nan,nan,nan,nan,nan,nan,nan,nan,nan,nan,nan,nan,nan,nan,nan,nan
811,nan,nan,0.128491,0,0,0.125367,1.01003,0.00572946,-0.0367434,28.7529,0.0003,0,1.1987,7274.17,0.148609,0.0625491,-0.4,0.1,1,4.8201,169.656,1.2457e+06,nan,nan,nan,nan,nan,nan,nan,nan,nan,nan,nan,nan,nan,nan,nan,nan,nan,nan,nan,nan
812,nan,nan,0.128533,0,0,0.122873,1.00726,0.00482832,-0.0386755,28.772,0.0003,0,1.20017,7788.29,0.137492,0.0597272,-0.4,0.1,1,4.8201,169.853,1.24723e+06,nan,nan,nan,nan,nan,nan,nan,nan,nan,nan,nan,nan,nan,nan,nan,nan,nan,nan,nan,nan
813,nan,nan,0.128737,0,0,0.111511,1.04056,0.00306166,-0.0366235,28.7893,0.0003,0,1.20068,7389.06,0.144052,0.063823,-0.4,0.1,1,4.8201,170.061,1.24877e+06,nan,nan,nan,nan,nan,nan,nan,nan,nan,nan,nan,nan,nan,nan,nan,nan,nan,nan,nan,nan
814,nan,nan,0.128693,0,0,0.1088,0.947454,0.0258099,-0.0123336,28.7966,0.0003,0,1.202,7380.15,0.144982,0.063144,-0.4,0.1,1,4.8201,170.27,1.2503e+06,nan,nan,nan,nan,nan,nan,nan,nan,nan,nan,nan,nan,nan,nan,nan,nan,nan,nan,nan,nan
815,nan,nan,0.12796,0,0,0.105036,0.936653,0.0325871,-0.0167833,28.8229,0.0003,0,1.20396,7702.26,0.136967,0.0624549,-0.4,0.1,1,4.8201,170.47,1.25184e+06,nan,nan,nan,nan,nan,nan,nan,nan,nan,nan,nan,nan,nan,nan,nan,nan,nan,nan,nan,nan
816,nan,nan,0.127789,0,0,0.1039,0.921596,0.0714182,-0.0226922,28.8549,0.0003,0,1.20618,7966.43,0.133336,0.059473,-0.4,0.1,1,4.8201,170.663,1.25338e+06,nan,nan,nan,nan,nan,nan,nan,nan,nan,nan,nan,nan,nan,nan,nan,nan,nan,nan,nan,nan
817,48.9483,400,0.0998359,2.66667,0,0.142907,1.15443,0.0918432,-0.0175384,28.8823,0.0003,0,1.20762,5696.48,0.18711,0.0825303,-0.4,0.1,1,4.8201,170.933,1.25491e+06,0,0,2.35408,0.000643797,-0.187007,nan,0,nan,nan,nan,nan,0,nan,0,nan,nan,nan,-0.177779,nan,nan
818,nan,nan,0.113342,0,0,0.227447,1.72139,0.0402279,-0.0449789,28.8983,0.0003,0,1.20815,7918.22,0.134038,0.0599451,-0.4,0.1,1,4.8201,171.127,1.25645e+06,nan,nan,nan,nan,nan,nan,nan,nan,nan,nan,nan,nan,nan,nan,nan,nan,nan,nan,nan,nan
819,nan,nan,0.120444,0,0,0.198998,1.44659,0.042872,-0.0376326,28.9047,0.0003,0,1.2088,8130.9,0.129924,0.0589852,-0.4,0.1,1,4.8201,171.316,1.25798e+06,nan,nan,nan,nan,nan,nan,nan,nan,nan,nan,nan,nan,nan,nan,nan,nan,nan,nan,nan,nan
820,nan,nan,0.123663,0,0,0.174998,1.20984,0.0981557,-0.020772,28.9214,0.0003,0,1.21044,8076.69,0.131151,0.059026,-0.4,0.1,1,4.8201,171.507,1.25952e+06,nan,nan,nan,nan,nan,nan,nan,nan,nan,nan,nan,nan,nan,nan,nan,nan,nan,nan,nan,nan
821,nan,nan,0.125542,0,0,0.128879,1.13627,0.104582,-0.026073,28.9552,0.0003,0,1.2134,8094.9,0.130086,0.0596631,-0.4,0.1,1,4.8201,171.697,1.26106e+06,nan,nan,nan,nan,nan,nan,nan,nan,nan,nan,nan,nan,nan,nan,nan,nan,nan,nan,nan,nan
822,nan,nan,0.128786,0,0,0.12511,1.05186,0.027777,-0.0290362,28.994,0.0003,0,1.21547,7929.45,0.13235,0.0613582,-0.4,0.1,1,4.8201,171.89,1.26259e+06,nan,nan,nan,nan,nan,nan,nan,nan,nan,nan,nan,nan,nan,nan,nan,nan,nan,nan,nan,nan
823,nan,nan,0.12929,0,0,0.119696,1.02034,0.0193848,-0.033195,29.0211,0.0003,0,1.21719,7784.71,0.137332,0.059978,-0.4,0.1,1,4.8201,172.088,1.26413e+06,nan,nan,nan,nan,nan,nan,nan,nan,nan,nan,nan,nan,nan,nan,nan,nan,nan,nan,nan,nan
824,nan,nan,0.128918,0,0,0.1038,0.956133,0.031285,-0.0258224,29.0463,0.0003,0,1.21873,7139.14,0.149135,0.0660169,-0.4,0.1,1,4.8201,172.303,1.26566e+06,nan,nan,nan,nan,nan,nan,nan,nan,nan,nan,nan,nan,nan,nan,nan,nan,nan,nan,nan,nan
825,nan,nan,0.126985,0,0,0.109229,0.991171,0.0217096,-0.0298006,29.0656,0.0003,0,1.21996,7728.86,0.139448,0.0592878,-0.4,0.1,1,4.8201,172.502,1.2672e+06,nan,nan,nan,nan,nan,nan,nan,nan,nan,nan,nan,nan,nan,nan,nan,nan,nan,nan,nan,nan
826,nan,nan,0.12824,0,0,0.0971521,0.914466,0.0182075,-0.0265539,29.0815,0.0003,0,1.22074,7952.28,0.133455,0.0596972,-0.4,0.1,1,4.8201,172.696,1.26874e+06,nan,nan,nan,nan,nan,nan,nan,nan,nan,nan,nan,nan,nan,nan,nan,nan,nan,nan,nan,nan
827,nan,nan,0.130525,0,0,0.0933315,0.919134,0.0100148,-0.0222831,29.0956,0.0003,0,1.22227,7429.29,0.143992,0.062757,-0.4,0.1,1,4.8201,172.903,1.27027e+06,nan,nan,nan,nan,nan,nan,nan,nan,nan,nan,nan,nan,nan,nan,nan,nan,nan,nan,nan,nan
828,nan,nan,0.13091,0,0,0.0932515,0.89253,0.00326012,-0.0279932,29.1315,0.0003,0,1.22594,7368.43,0.144412,0.0640452,-0.4,0.1,1,4.8201,173.112,1.27181e+06,nan,nan,nan,nan,nan,nan,nan,nan,nan,nan,nan,nan,nan,nan,nan,nan,nan,nan,nan,nan
829,nan,nan,0.131653,0,0,0.0986291,0.929706,0.0008741,-0.0351483,29.1802,0.0003,0,1.22785,7683.84,0.140147,0.0597529,-0.4,0.1,1,4.8201,173.312,1.27334e+06,nan,nan,nan,nan,nan,nan,nan,nan,nan,nan,nan,nan,nan,nan,nan,nan,nan,nan,nan,nan
830,nan,nan,0.131471,0,0,0.0925377,0.878897,0.00232291,-0.0293031,29.192,0.0003,0,1.22774,7937.71,0.134065,0.0594418,-0.4,0.1,1,4.8201,173.505,1.27488e+06,nan,nan,nan,nan,nan,nan,nan,nan,nan,nan,nan,nan,nan,nan,nan,nan,nan,nan,nan,nan
831,nan,nan,0.131378,0,0,0.0867498,0.895416,0.00261025,-0.0258103,29.1868,0.0003,0,1.22769,7942.91,0.134057,0.0593228,-0.4,0.1,1,4.8201,173.699,1.27642e+06,nan,nan,nan,nan,nan,nan,nan,nan,nan,nan,nan,nan,nan,nan,nan,nan,nan,nan,nan,nan
832,nan,nan,0.131954,0,0,0.0874867,0.8407,0.000671013,-0.0283258,29.1861,0.0003,0,1.22722,7905.8,0.133133,0.0611548,-0.4,0.1,1,4.8201,173.894,1.27795e+06,nan,nan,nan,nan,nan,nan,nan,nan,nan,nan,nan,nan,nan,nan,nan,nan,nan,nan,nan,nan
833,nan,nan,0.132228,0,0,0.0957035,0.8562,0.000862261,-0.0236653,29.1787,0.0003,0,1.22699,7524.24,0.138773,0.0653672,-0.4,0.1,1,4.8201,174.098,1.27949e+06,nan,nan,nan,nan,nan,nan,nan,nan,nan,nan,nan,nan,nan,nan,nan,nan,nan,nan,nan,nan
834,50.5234,400,0.0869573,2.66667,0,0.177788,1.54018,0.0217619,-0.032156,29.1772,0.0003,0,1.22728,6097.13,0.190234,0.0616882,-0.4,0.1,1,4.8201,174.35,1.28102e+06,0,0,2.3835,0.000487661,-0.178014,nan,0,nan,nan,nan,nan,0,nan,0,nan,nan,nan,-0.145287,nan,nan
835,nan,nan,0.119836,0,0,0.264232,1.68256,0.0128354,-0.0425487,29.187,0.0003,0,1.22826,7847.7,0.135456,0.0602701,-0.4,0.1,1,4.8201,174.546,1.28256e+06,nan,nan,nan,nan,nan,nan,nan,nan,nan,nan,nan,nan,nan,nan,nan,nan,nan,nan,nan,nan
836,nan,nan,0.112543,0,0,0.22221,1.40598,0.0665182,-0.0343875,29.203,0.0003,0,1.22919,7829.94,0.136134,0.0600362,-0.4,0.1,1,4.8201,174.743,1.2841e+06,nan,nan,nan,nan,nan,nan,nan,nan,nan,nan,nan,nan,nan,nan,nan,nan,nan,nan,nan,nan
837,nan,nan,0.11712,0,0,0.148887,1.30671,0.0383084,-0.0279597,29.216,0.0003,0,1.23034,8089.49,0.130685,0.059191,-0.4,0.1,1,4.8201,174.933,1.28563e+06,nan,nan,nan,nan,nan,nan,nan,nan,nan,nan,nan,nan,nan,nan,nan,nan,nan,nan,nan,nan
838,nan,nan,0.128257,0,0,0.114084,1.02043,0.00647834,-0.0329322,29.2374,0.0003,0,1.23181,8048.42,0.131373,0.0594718,-0.4,0.1,1,4.8201,175.124,1.28717e+06,nan,nan,nan,nan,nan,nan,nan,nan,nan,nan,nan,nan,nan,nan,nan,nan,nan,nan,nan,nan
839,nan,nan,0.129818,0,0,0.113488,0.972591,0.0087367,-0.0369236,29.2567,0.0003,0,1.23321,7952.86,0.134087,0.059051,-0.4,0.1,1,4.8201,175.317,1.2887e+06,nan,nan,nan,nan,nan,nan,nan,nan,nan,nan,nan,nan,nan,nan,nan,nan,nan,nan,nan,nan
840,nan,nan,0.129231,0,0,0.0948023,0.924296,0.00626779,-0.028116,29.2766,0.0003,0,1.23451,8012.94,0.132755,0.0589349,-0.4,0.1,1,4.8201,175.509,1.29024e+06,nan,nan,nan,nan,nan,nan,nan,nan,nan,nan,nan,nan,nan,nan,nan,nan,nan,nan,nan,nan
841,nan,nan,0.130646,0,0,0.0980421,0.920122,0.00631268,-0.0268278,29.2991,0.0003,0,1.23607,7997.92,0.133086,0.058964,-0.4,0.1,1,4.8201,175.701,1.29178e+06,nan,nan,nan,nan,nan,nan,nan,nan,nan,nan,nan,nan,nan,nan,nan,nan,nan,nan,nan,nan
842,nan,nan,0.129675,0,0,0.0918983,0.853509,0.0102919,-0.0238692,29.3166,0.0003,0,1.23711,7988.39,0.133256,0.0590231,-0.4,0.1,1,4.8201,175.894,1.29331e+06,nan,nan,nan,nan,nan,nan,nan,nan,nan,nan,nan,nan,nan,nan,nan,nan,nan,nan,nan,nan
843,nan,nan,0.129131,0,0,0.0936938,0.834982,0.00901421,-0.0250886,29.3363,0.0003,0,1.23904,7830.99,0.136439,0.0597048,-0.4,0.1,1,4.8201,176.09,1.29485e+06,nan,nan,nan,nan,nan,nan,nan,nan,nan,nan,nan,nan,nan,nan,nan,nan,nan,nan,nan,nan
844,nan,nan,0.129183,0,0,0.090834,0.832569,0.0067899,-0.0143939,29.3622,0.0003,0,1.24001,7936.35,0.13454,0.059,-0.4,0.1,1,4.8201,176.284,1.29638e+06,nan,nan,nan,nan,nan,nan,nan,nan,nan,nan,nan,nan,nan,nan,nan,nan,nan,nan,nan,nan
845,nan,nan,0.129828,0,0,0.0896542,0.841483,0.0144593,-0.0126416,29.3708,0.0003,0,1.24081,7964.61,0.133887,0.0589662,-0.4,0.1,1,4.8201,176.477,1.29792e+06,nan,nan,nan,nan,nan,nan,nan,nan,nan,nan,nan,nan,nan,nan,nan,nan,nan,nan,nan,nan
846,nan,nan,0.131691,0,0,0.0905958,0.864211,0.00570365,-0.0143216,29.3892,0.0003,0,1.24273,8048.8,0.132056,0.05878,-0.4,0.1,1,4.8201,176.668,1.29946e+06,nan,nan,nan,nan,nan,nan,nan,nan,nan,nan,nan,nan,nan,nan,nan,nan,nan,nan,nan,nan
847,nan,nan,0.130511,0,0,0.0918155,0.86442,0.00486822,-0.0222428,29.4165,0.0003,0,1.24423,7944.72,0.134388,0.058948,-0.4,0.1,1,4.8201,176.862,1.30099e+06,nan,nan,nan,nan,nan,nan,nan,nan,nan,nan,nan,nan,nan,nan,nan,nan,nan,nan,nan,nan
848,nan,nan,0.131166,0,0,0.087602,0.828839,0.00315242,-0.0218386,29.4328,0.0003,0,1.24552,7925.24,0.134158,0.0596533,-0.4,0.1,1,4.8201,177.056,1.30253e+06,nan,nan,nan,nan,nan,nan,nan,nan,nan,nan,nan,nan,nan,nan,nan,nan,nan,nan,nan,nan
849,nan,nan,0.132738,0,0,0.0887439,0.889921,0.00052308,-0.0289306,29.4527,0.0003,0,1.24623,7827.3,0.136108,0.060128,-0.4,0.1,1,4.8201,177.252,1.30406e+06,nan,nan,nan,nan,nan,nan,nan,nan,nan,nan,nan,nan,nan,nan,nan,nan,nan,nan,nan,nan
850,50.0828,400,0.132475,2.66667,0,0.0915506,0.88523,0.00058376,-0.0282642,29.4484,0.0003,0,1.24518,6148.89,0.190128,0.0596733,-0.4,0.1,1,4.8201,177.503,1.3056e+06,0,0,2.34349,0.000421172,-0.17582,nan,0,nan,nan,nan,nan,0,nan,0,nan,nan,nan,-0.139637,nan,nan
851,nan,nan,0.0872008,0,0,0.21902,1.8625,0.0464962,-0.0429498,29.4366,0.0003,0,1.24496,8229.88,0.127092,0.0595448,-0.4,0.1,1,4.8201,177.689,1.30714e+06,nan,nan,nan,nan,nan,nan,nan,nan,nan,nan,nan,nan,nan,nan,nan,nan,nan,nan,nan,nan
852,nan,nan,0.121451,0,0,0.249735,1.48731,0.0199208,-0.0554882,29.4432,0.0003,0,1.246,8076.18,0.13118,0.0590088,-0.4,0.1,1,4.8201,177.88,1.30867e+06,nan,nan,nan,nan,nan,nan,nan,nan,nan,nan,nan,nan,nan,nan,nan,nan,nan,nan,nan,nan
853,nan,nan,0.120556,0,0,0.196498,1.38094,0.0800286,-0.0321016,29.4584,0.0003,0,1.24707,8162.4,0.128851,0.059329,-0.4,0.1,1,4.8201,178.068,1.31021e+06,nan,nan,nan,nan,nan,nan,nan,nan,nan,nan,nan,nan,nan,nan,nan,nan,nan,nan,nan,nan
854,nan,nan,0.119669,0,0,0.138346,1.1295,0.0562423,-0.0379798,29.4731,0.0003,0,1.24793,7912.67,0.134309,0.0598099,-0.4,0.1,1,4.8201,178.263,1.31174e+06,nan,nan,nan,nan,nan,nan,nan,nan,nan,nan,nan,nan,nan,nan,nan,nan,nan,nan,nan,nan
855,nan,nan,0.123115,0,0,0.117428,1.02382,0.0439242,-0.0300032,29.4832,0.0003,0,1.24878,7825.78,0.135033,0.0612411,-0.4,0.1,1,4.8201,178.459,1.31328e+06,nan,nan,nan,nan,nan,nan,nan,nan,nan,nan,nan,nan,nan,nan,nan,nan,nan,nan,nan,nan
856,nan,nan,0.127839,0,0,0.102498,0.985894,0.0196083,-0.0115013,29.5049,0.0003,0,1.25089,7641.94,0.139708,0.0612881,-0.4,0.1,1,4.8201,178.661,1.31482e+06,nan,nan,nan,nan,nan,nan,nan,nan,nan,nan,nan,nan,nan,nan,nan,nan,nan,nan,nan,nan
857,nan,nan,0.130027,0,0,0.106798,0.880885,0.0182994,-0.0219601,29.5332,0.0003,0,1.25238,7814.73,0.137374,0.0591779,-0.4,0.1,1,4.8201,178.858,1.31635e+06,nan,nan,nan,nan,nan,nan,nan,nan,nan,nan,nan,nan,nan,nan,nan,nan,nan,nan,nan,nan
858,nan,nan,0.129465,0,0,0.103113,0.888792,0.011271,-0.00959279,29.5525,0.0003,0,1.25389,7956.41,0.133898,0.0591538,-0.4,0.1,1,4.8201,179.051,1.31789e+06,nan,nan,nan,nan,nan,nan,nan,nan,nan,nan,nan,nan,nan,nan,nan,nan,nan,nan,nan,nan
859,nan,nan,0.131187,0,0,0.100807,0.870371,0.0041176,-0.0208046,29.5748,0.0003,0,1.25525,7907.38,0.134341,0.0599077,-0.4,0.1,1,4.8201,179.246,1.31942e+06,nan,nan,nan,nan,nan,nan,nan,nan,nan,nan,nan,nan,nan,nan,nan,nan,nan,nan,nan,nan
860,nan,nan,0.131229,0,0,0.0982464,0.880922,0.00194322,-0.0314407,29.5943,0.0003,0,1.25674,7949.08,0.133741,0.059489,-0.4,0.1,1,4.8201,179.439,1.32096e+06,nan,nan,nan,nan,nan,nan,nan,nan,nan,nan,nan,nan,nan,nan,nan,nan,nan,nan,nan,nan
861,nan,nan,0.131315,0,0,0.0956834,0.857878,0.00104462,-0.0277987,29.6131,0.0003,0,1.25804,7973.59,0.133485,0.0591512,-0.4,0.1,1,4.8201,179.632,1.3225e+06,nan,nan,nan,nan,nan,nan,nan,nan,nan,nan,nan,nan,nan,nan,nan,nan,nan,nan,nan,nan
862,nan,nan,0.13213,0,0,0.0899252,0.867623,0.000515278,-0.0305709,29.6296,0.0003,0,1.25861,7811.7,0.135973,0.0606549,-0.4,0.1,1,4.8201,179.829,1.32403e+06,nan,nan,nan,nan,nan,nan,nan,nan,nan,nan,nan,nan,nan,nan,nan,nan,nan,nan,nan,nan
863,nan,nan,0.132618,0,0,0.0859591,0.815862,0.000427831,-0.0297835,29.6226,0.0003,0,1.25729,7861.09,0.136128,0.0592649,-0.4,0.1,1,4.8201,180.025,1.32557e+06,nan,nan,nan,nan,nan,nan,nan,nan,nan,nan,nan,nan,nan,nan,nan,nan,nan,nan,nan,nan
864,nan,nan,0.132934,0,0,0.0857341,0.792644,0.000515525,-0.0320426,29.602,0.0003,0,1.25606,7926.93,0.134669,0.0591013,-0.4,0.1,1,4.8201,180.219,1.3271e+06,nan,nan,nan,nan,nan,nan,nan,nan,nan,nan,nan,nan,nan,nan,nan,nan,nan,nan,nan,nan
865,nan,nan,0.132586,0,0,0.0826835,0.810435,0.000395324,-0.0284515,29.5864,0.0003,0,1.25511,7834.94,0.136619,0.0594258,-0.4,0.1,1,4.8201,180.415,1.32864e+06,nan,nan,nan,nan,nan,nan,nan,nan,nan,nan,nan,nan,nan,nan,nan,nan,nan,nan,nan,nan
866,nan,nan,0.13282,0,0,0.0839108,0.827088,0.000476477,-0.027551,29.578,0.0003,0,1.25522,7957.36,0.134098,0.0589309,-0.4,0.1,1,4.8201,180.609,1.33018e+06,nan,nan,nan,nan,nan,nan,nan,nan,nan,nan,nan,nan,nan,nan,nan,nan,nan,nan,nan,nan
867,50.514,400,0.104294,2.66667,0,0.144653,1.12503,0.0480283,-0.0108914,29.5827,0.0003,0,1.25593,6413.4,0.180379,0.0591197,-0.4,0.1,1,4.8201,180.849,1.33171e+06,0,0,2.35507,0.000519819,-0.177854,nan,0,nan,nan,nan,nan,0,nan,0,nan,nan,nan,-0.128727,nan,nan
868,nan,nan,0.111716,0,0,0.283185,1.95911,0.0307948,-0.0499045,29.593,0.0003,0,1.25689,8316.1,0.125677,0.059025,-0.4,0.1,1,4.8201,181.034,1.33325e+06,nan,nan,nan,nan,nan,nan,nan,nan,nan,nan,nan,nan,nan,nan,nan,nan,nan,nan,nan,nan
869,nan,nan,0.118681,0,0,0.244844,1.54682,0.056635,-0.0352634,29.6113,0.0003,0,1.25845,8213.82,0.127381,0.0596209,-0.4,0.1,1,4.8201,181.221,1.33478e+06,nan,nan,nan,nan,nan,nan,nan,nan,nan,nan,nan,nan,nan,nan,nan,nan,nan,nan,nan,nan
870,nan,nan,0.116862,0,0,0.156649,1.20433,0.0430816,-0.0373346,29.6342,0.0003,0,1.26007,7976.79,0.132553,0.0600059,-0.4,0.1,1,4.8201,181.414,1.33632e+06,nan,nan,nan,nan,nan,nan,nan,nan,nan,nan,nan,nan,nan,nan,nan,nan,nan,nan,nan,nan
871,nan,nan,0.119546,0,0,0.139762,1.19913,0.0317764,-0.0372684,29.6595,0.0003,0,1.26224,7853.28,0.135065,0.0605221,-0.4,0.1,1,4.8201,181.61,1.33786e+06,nan,nan,nan,nan,nan,nan,nan,nan,nan,nan,nan,nan,nan,nan,nan,nan,nan,nan,nan,nan
872,nan,nan,0.12185,0,0,0.138785,1.07146,0.0474054,-0.037213,29.6928,0.0003,0,1.26404,7732.15,0.13782,0.0608311,-0.4,0.1,1,4.8201,181.809,1.33939e+06,nan,nan,nan,nan,nan,nan,nan,nan,nan,nan,nan,nan,nan,nan,nan,nan,nan,nan,nan,nan
873,nan,nan,0.122475,0,0,0.120788,1.02083,0.049632,-0.031681,29.7084,0.0003,0,1.2648,7242.7,0.149976,0.0620999,-0.4,0.1,1,4.8201,182.021,1.34093e+06,nan,nan,nan,nan,nan,nan,nan,nan,nan,nan,nan,nan,nan,nan,nan,nan,nan,nan,nan,nan
874,nan,nan,0.121838,0,0,0.109678,0.98899,0.0675017,-0.0331937,29.7248,0.0003,0,1.26673,7698.48,0.138651,0.0608687,-0.4,0.1,1,4.8201,182.221,1.34246e+06,nan,nan,nan,nan,nan,nan,nan,nan,nan,nan,nan,nan,nan,nan,nan,nan,nan,nan,nan,nan
875,nan,nan,0.1232,0,0,0.10897,0.957302,0.034039,-0.032577,29.7589,0.0003,0,1.26897,7515.16,0.142865,0.0615218,-0.4,0.1,1,4.8201,182.426,1.344e+06,nan,nan,nan,nan,nan,nan,nan,nan,nan,nan,nan,nan,nan,nan,nan,nan,nan,nan,nan,nan
876,nan,nan,0.127859,0,0,0.108493,0.960657,0.0138812,-0.0186181,29.7862,0.0003,0,1.27068,7890.92,0.133244,0.06141,-0.4,0.1,1,4.8201,182.621,1.34554e+06,nan,nan,nan,nan,nan,nan,nan,nan,nan,nan,nan,nan,nan,nan,nan,nan,nan,nan,nan,nan
877,nan,nan,0.129241,0,0,0.108248,0.996346,0.00937802,-0.0382005,29.8117,0.0003,0,1.27277,7865.11,0.135657,0.0596359,-0.4,0.1,1,4.8201,182.817,1.34707e+06,nan,nan,nan,nan,nan,nan,nan,nan,nan,nan,nan,nan,nan,nan,nan,nan,nan,nan,nan,nan
878,nan,nan,0.128325,0,0,0.111952,1.00581,0.0228994,-0.0286883,29.8409,0.0003,0,1.27493,7583.17,0.139025,0.0635288,-0.4,0.1,1,4.8201,183.02,1.34861e+06,nan,nan,nan,nan,nan,nan,nan,nan,nan,nan,nan,nan,nan,nan,nan,nan,nan,nan,nan,nan
879,nan,nan,0.129632,0,0,0.116225,1.01031,0.023786,-0.0262663,29.8688,0.0003,0,1.27673,7725.31,0.135853,0.0629742,-0.4,0.1,1,4.8201,183.219,1.35014e+06,nan,nan,nan,nan,nan,nan,nan,nan,nan,nan,nan,nan,nan,nan,nan,nan,nan,nan,nan,nan
880,nan,nan,0.128674,0,0,0.106509,1.02206,0.0291911,-0.01893,29.8883,0.0003,0,1.27789,7967.21,0.133008,0.0597823,-0.4,0.1,1,4.8201,183.412,1.35168e+06,nan,nan,nan,nan,nan,nan,nan,nan,nan,nan,nan,nan,nan,nan,nan,nan,nan,nan,nan,nan
881,nan,nan,0.129204,0,0,0.112754,1.02459,0.0107462,-0.0297495,29.9072,0.0003,0,1.27943,8052.55,0.131756,0.0589912,-0.4,0.1,1,4.8201,183.603,1.35322e+06,nan,nan,nan,nan,nan,nan,nan,nan,nan,nan,nan,nan,nan,nan,nan,nan,nan,nan,nan,nan
882,nan,nan,0.129763,0,0,0.101852,1.00053,0.0143629,-0.028493,29.932,0.0003,0,1.28144,7638.94,0.139837,0.0612381,-0.4,0.1,1,4.8201,183.805,1.35475e+06,nan,nan,nan,nan,nan,nan,nan,nan,nan,nan,nan,nan,nan,nan,nan,nan,nan,nan,nan,nan
883,nan,nan,0.130049,0,0,0.105998,0.972602,0.0173559,-0.0307093,29.9582,0.0003,0,1.28316,7822,0.136815,0.0595541,-0.4,0.1,1,4.8201,184.001,1.35629e+06,nan,nan,nan,nan,nan,nan,nan,nan,nan,nan,nan,nan,nan,nan,nan,nan,nan,nan,nan,nan
884,49.1515,400,0.0891203,2.66667,0,0.243385,1.68987,0.103682,-0.0182451,29.9801,0.0003,0,1.28436,6089.32,0.190134,0.0621109,-0.4,0.1,1,4.8201,184.254,1.35782e+06,0,0,2.3276,0.000587436,-0.192337,nan,0,nan,nan,nan,nan,0,nan,0,nan,nan,nan,-0.128705,nan,nan
885,nan,nan,0.116514,0,0,0.294968,1.95062,0.0610313,-0.053136,29.9977,0.0003,0,1.28594,7778.61,0.137768,0.0596969,-0.4,0.1,1,4.8201,184.452,1.35936e+06,nan,nan,nan,nan,nan,nan,nan,nan,nan,nan,nan,nan,nan,nan,nan,nan,nan,nan,nan,nan
886,nan,nan,0.116601,0,0,0.226877,1.75563,0.050491,-0.0419843,30.0174,0.0003,0,1.28687,8008.42,0.131871,0.0599272,-0.4,0.1,1,4.8201,184.644,1.3609e+06,nan,nan,nan,nan,nan,nan,nan,nan,nan,nan,nan,nan,nan,nan,nan,nan,nan,nan,nan,nan
887,nan,nan,0.121077,0,0,0.154821,1.19718,0.0322314,-0.0414755,30.0291,0.0003,0,1.28785,7973.96,0.132927,0.0597,-0.4,0.1,1,4.8201,184.837,1.36243e+06,nan,nan,nan,nan,nan,nan,nan,nan,nan,nan,nan,nan,nan,nan,nan,nan,nan,nan,nan,nan
888,nan,nan,0.124199,0,0,0.121149,1.12976,0.0175623,-0.0372698,30.0449,0.0003,0,1.28896,8008.77,0.132325,0.0594649,-0.4,0.1,1,4.8201,185.029,1.36397e+06,nan,nan,nan,nan,nan,nan,nan,nan,nan,nan,nan,nan,nan,nan,nan,nan,nan,nan,nan,nan
889,nan,nan,0.127057,0,0,0.121068,1.09594,0.0136228,-0.0379823,30.0599,0.0003,0,1.29025,7779.33,0.137566,0.05988,-0.4,0.1,1,4.8201,185.227,1.3655e+06,nan,nan,nan,nan,nan,nan,nan,nan,nan,nan,nan,nan,nan,nan,nan,nan,nan,nan,nan,nan
890,nan,nan,0.127764,0,0,0.110511,0.992144,0.0125482,-0.0354071,30.0835,0.0003,0,1.29218,7724.72,0.138715,0.060127,-0.4,0.1,1,4.8201,185.426,1.36704e+06,nan,nan,nan,nan,nan,nan,nan,nan,nan,nan,nan,nan,nan,nan,nan,nan,nan,nan,nan,nan
891,nan,nan,0.126788,0,0,0.116903,1.0326,0.0174271,-0.0177476,30.1057,0.0003,0,1.29348,7938.51,0.133476,0.0600109,-0.4,0.1,1,4.8201,185.62,1.36858e+06,nan,nan,nan,nan,nan,nan,nan,nan,nan,nan,nan,nan,nan,nan,nan,nan,nan,nan,nan,nan
892,nan,nan,0.128488,0,0,0.108506,0.98024,0.00574562,-0.0291382,30.1222,0.0003,0,1.29481,7943.66,0.134,0.0593619,-0.4,0.1,1,4.8201,185.813,1.37011e+06,nan,nan,nan,nan,nan,nan,nan,nan,nan,nan,nan,nan,nan,nan,nan,nan,nan,nan,nan,nan
893,nan,nan,0.129836,0,0,0.0979056,0.990009,0.00578638,-0.0256586,30.1435,0.0003,0,1.2963,7797.19,0.137229,0.0597649,-0.4,0.1,1,4.8201,186.011,1.37165e+06,nan,nan,nan,nan,nan,nan,nan,nan,nan,nan,nan,nan,nan,nan,nan,nan,nan,nan,nan,nan
894,nan,nan,0.13071,0,0,0.0970781,0.925981,0.00274802,-0.0277253,30.16,0.0003,0,1.29746,7428.5,0.141029,0.065742,-0.4,0.1,1,4.8201,186.218,1.37318e+06,nan,nan,nan,nan,nan,nan,nan,nan,nan,nan,nan,nan,nan,nan,nan,nan,nan,nan,nan,nan
895,nan,nan,0.130699,0,0,0.102375,0.982647,0.00290196,-0.0314615,30.1743,0.0003,0,1.29832,7793.12,0.135857,0.06124,-0.4,0.1,1,4.8201,186.415,1.37472e+06,nan,nan,nan,nan,nan,nan,nan,nan,nan,nan,nan,nan,nan,nan,nan,nan,nan,nan,nan,nan
896,nan,nan,0.12949,0,0,0.0988758,1.07388,0.0115235,-0.0229364,30.1861,0.0003,0,1.29954,7527.01,0.143472,0.0605929,-0.4,0.1,1,4.8201,186.62,1.37626e+06,nan,nan,nan,nan,nan,nan,nan,nan,nan,nan,nan,nan,nan,nan,nan,nan,nan,nan,nan,nan
897,nan,nan,0.1295,0,0,0.0944511,0.946914,0.00827136,-0.0244923,30.2045,0.0003,0,1.3008,7473.73,0.144085,0.061435,-0.4,0.1,1,4.8201,186.826,1.37779e+06,nan,nan,nan,nan,nan,nan,nan,nan,nan,nan,nan,nan,nan,nan,nan,nan,nan,nan,nan,nan
898,nan,nan,0.130951,0,0,0.092614,0.924629,0.00786921,-0.015974,30.2155,0.0003,0,1.30154,7505.79,0.144005,0.0606368,-0.4,0.1,1,4.8201,187.031,1.37933e+06,nan,nan,nan,nan,nan,nan,nan,nan,nan,nan,nan,nan,nan,nan,nan,nan,nan,nan,nan,nan
899,nan,nan,0.130935,0,0,0.0923631,0.984985,0.0187326,-0.0211625,30.2365,0.0003,0,1.30373,7905.14,0.134993,0.0593109,-0.4,0.1,1,4.8201,187.225,1.38086e+06,nan,nan,nan,nan,nan,nan,nan,nan,nan,nan,nan,nan,nan,nan,nan,nan,nan,nan,nan,nan
900,49.8263,400,0.129741,2.66667,0,0.0991451,1.02624,0.00811877,-0.0265992,30.2637,0.0003,0,1.30507,6127.04,0.190043,0.0606489,-0.4,0.1,1,4.8201,187.476,1.3824e+06,0,0,2.35205,0.000418537,-0.191541,nan,0,nan,nan,nan,nan,0,nan,0,nan,nan,nan,-0.133576,nan,nan
901,nan,nan,0.0858654,0,0,0.420133,2.16245,0.236951,-0.0221188,30.2813,0.0003,0,1.30624,8174.05,0.128029,0.0598829,-0.4,0.1,1,4.8201,187.665,1.38394e+06,nan,nan,nan,nan,nan,nan,nan,nan,nan,nan,nan,nan,nan,nan,nan,nan,nan,nan,nan,nan
902,nan,nan,0.10676,0,0,0.332499,2.31055,0.180611,-0.0448494,30.2926,0.0003,0,1.30665,7737.25,0.138269,0.0602512,-0.4,0.1,1,4.8201,187.863,1.38547e+06,nan,nan,nan,nan,nan,nan,nan,nan,nan,nan,nan,nan,nan,nan,nan,nan,nan,nan,nan,nan
903,nan,nan,0.108836,0,0,0.222044,1.60209,0.100334,-0.0455138,30.2955,0.0003,0,1.30705,7739.92,0.134034,0.0644176,-0.4,0.1,1,4.8201,188.062,1.38701e+06,nan,nan,nan,nan,nan,nan,nan,nan,nan,nan,nan,nan,nan,nan,nan,nan,nan,nan,nan,nan
904,nan,nan,0.116309,0,0,0.178549,1.43333,0.0767947,-0.0327518,30.3087,0.0003,0,1.30827,7716.78,0.138948,0.0600989,-0.4,0.1,1,4.8201,188.262,1.38854e+06,nan,nan,nan,nan,nan,nan,nan,nan,nan,nan,nan,nan,nan,nan,nan,nan,nan,nan,nan,nan
905,nan,nan,0.125289,0,0,0.160081,1.23635,0.0260212,-0.0391743,30.3199,0.0003,0,1.30871,8023.96,0.132185,0.059242,-0.4,0.1,1,4.8201,188.454,1.39008e+06,nan,nan,nan,nan,nan,nan,nan,nan,nan,nan,nan,nan,nan,nan,nan,nan,nan,nan,nan,nan
906,nan,nan,0.128586,0,0,0.13917,1.13987,0.0106619,-0.0382989,30.3276,0.0003,0,1.30942,7746.58,0.137452,0.0608289,-0.4,0.1,1,4.8201,188.652,1.39162e+06,nan,nan,nan,nan,nan,nan,nan,nan,nan,nan,nan,nan,nan,nan,nan,nan,nan,nan,nan,nan
907,nan,nan,0.128827,0,0,0.119609,1.09235,0.00526947,-0.0381375,30.3451,0.0003,0,1.3115,7706.78,0.139257,0.0600479,-0.4,0.1,1,4.8201,188.852,1.39315e+06,nan,nan,nan,nan,nan,nan,nan,nan,nan,nan,nan,nan,nan,nan,nan,nan,nan,nan,nan,nan
908,nan,nan,0.129772,0,0,0.102369,1.01491,0.00750189,-0.0307599,30.3746,0.0003,0,1.31362,7737.25,0.13879,0.0597301,-0.4,0.1,1,4.8201,189.051,1.39469e+06,nan,nan,nan,nan,nan,nan,nan,nan,nan,nan,nan,nan,nan,nan,nan,nan,nan,nan,nan,nan
909,nan,nan,0.129671,0,0,0.0931005,0.9951,0.00400942,-0.0356601,30.4013,0.0003,0,1.31517,7827.95,0.136303,0.059917,-0.4,0.1,1,4.8201,189.247,1.39622e+06,nan,nan,nan,nan,nan,nan,nan,nan,nan,nan,nan,nan,nan,nan,nan,nan,nan,nan,nan,nan
910,nan,nan,0.130545,0,0,0.0906928,0.945573,0.00236806,-0.0299259,30.4182,0.0003,0,1.31633,7705.54,0.137894,0.0614429,-0.4,0.1,1,4.8201,189.447,1.39776e+06,nan,nan,nan,nan,nan,nan,nan,nan,nan,nan,nan,nan,nan,nan,nan,nan,nan,nan,nan,nan
911,nan,nan,0.131366,0,0,0.0886731,0.938907,0.00167804,-0.0338297,30.4384,0.0003,0,1.31815,7813.08,0.137004,0.0595891,-0.4,0.1,1,4.8201,189.644,1.3993e+06,nan,nan,nan,nan,nan,nan,nan,nan,nan,nan,nan,nan,nan,nan,nan,nan,nan,nan,nan,nan
912,nan,nan,0.130643,0,0,0.0903828,0.978661,0.00441174,-0.0283859,30.4613,0.0003,0,1.31942,7690.04,0.136862,0.0628769,-0.4,0.1,1,4.8201,189.845,1.40083e+06,nan,nan,nan,nan,nan,nan,nan,nan,nan,nan,nan,nan,nan,nan,nan,nan,nan,nan,nan,nan
913,nan,nan,0.130364,0,0,0.0887201,1.00393,0.0025041,-0.0292474,30.471,0.0003,0,1.31993,7664.63,0.141183,0.0592182,-0.4,0.1,1,4.8201,190.045,1.40237e+06,nan,nan,nan,nan,nan,nan,nan,nan,nan,nan,nan,nan,nan,nan,nan,nan,nan,nan,nan,nan
914,nan,nan,0.131193,0,0,0.0945209,0.999157,0.00224186,-0.033765,30.4844,0.0003,0,1.32184,7870.62,0.13527,0.059886,-0.4,0.1,1,4.8201,190.241,1.4039e+06,nan,nan,nan,nan,nan,nan,nan,nan,nan,nan,nan,nan,nan,nan,nan,nan,nan,nan,nan,nan
915,nan,nan,0.131438,0,0,0.0859992,0.923692,0.00299982,-0.0233569,30.5051,0.0003,0,1.3229,7861.44,0.135889,0.059495,-0.4,0.1,1,4.8201,190.436,1.40544e+06,nan,nan,nan,nan,nan,nan,nan,nan,nan,nan,nan,nan,nan,nan,nan,nan,nan,nan,nan,nan
916,nan,nan,0.1321,0,0,0.0858819,0.918147,0.00117255,-0.0313175,30.5212,0.0003,0,1.32429,7453.78,0.145013,0.0610569,-0.4,0.1,1,4.8201,190.643,1.40698e+06,nan,nan,nan,nan,nan,nan,nan,nan,nan,nan,nan,nan,nan,nan,nan,nan,nan,nan,nan,nan
917,49.5747,400,0.102131,2.66667,0,0.165352,1.13135,0.010324,-0.0194013,30.5423,0.0003,0,1.32577,6120.57,0.191186,0.0597713,-0.4,0.1,1,4.8201,190.894,1.40851e+06,0,0,2.32609,0.000567039,-0.182009,nan,0,nan,nan,nan,nan,0,nan,0,nan,nan,nan,-0.173431,nan,nan
918,nan,nan,0.109471,0,0,0.355552,2.62975,0.0478269,-0.047088,30.5603,0.0003,0,1.32678,8190.9,0.127996,0.0595291,-0.4,0.1,1,4.8201,191.082,1.41005e+06,nan,nan,nan,nan,nan,nan,nan,nan,nan,nan,nan,nan,nan,nan,nan,nan,nan,nan,nan,nan
919,nan,nan,0.118598,0,0,0.329729,2.08787,0.0473106,-0.0457282,30.571,0.0003,0,1.32737,8019.51,0.131756,0.0597768,-0.4,0.1,1,4.8201,191.274,1.41158e+06,nan,nan,nan,nan,nan,nan,nan,nan,nan,nan,nan,nan,nan,nan,nan,nan,nan,nan,nan,nan
920,nan,nan,0.121045,0,0,0.207896,1.73565,0.0553973,-0.0387513,30.5819,0.0003,0,1.32835,8144.26,0.129317,0.0592821,-0.4,0.1,1,4.8201,191.463,1.41312e+06,nan,nan,nan,nan,nan,nan,nan,nan,nan,nan,nan,nan,nan,nan,nan,nan,nan,nan,nan,nan
921,nan,nan,0.119989,0,0,0.172353,1.58111,0.0617116,-0.0412644,30.5976,0.0003,0,1.32974,8079.53,0.130988,0.0591218,-0.4,0.1,1,4.8201,191.654,1.41466e+06,nan,nan,nan,nan,nan,nan,nan,nan,nan,nan,nan,nan,nan,nan,nan,nan,nan,nan,nan,nan
922,nan,nan,0.118655,0,0,0.140835,1.30254,0.0539347,-0.0270135,30.617,0.0003,0,1.33103,7883.47,0.135675,0.0591631,-0.4,0.1,1,4.8201,191.849,1.41619e+06,nan,nan,nan,nan,nan,nan,nan,nan,nan,nan,nan,nan,nan,nan,nan,nan,nan,nan,nan,nan
923,nan,nan,0.1233,0,0,0.141087,1.21362,0.0391356,-0.0315477,30.6327,0.0003,0,1.33227,8068.27,0.131367,0.0590081,-0.4,0.1,1,4.8201,192.039,1.41773e+06,nan,nan,nan,nan,nan,nan,nan,nan,nan,nan,nan,nan,nan,nan,nan,nan,nan,nan,nan,nan
924,nan,nan,0.125584,0,0,0.135138,1.20561,0.0616268,-0.0292212,30.6516,0.0003,0,1.33387,7721.82,0.136962,0.061955,-0.4,0.1,1,4.8201,192.239,1.41926e+06,nan,nan,nan,nan,nan,nan,nan,nan,nan,nan,nan,nan,nan,nan,nan,nan,nan,nan,nan,nan
925,nan,nan,0.127088,0,0,0.146444,1.22127,0.0200429,-0.0285153,30.6703,0.0003,0,1.33475,7861.72,0.135174,0.0602031,-0.4,0.1,1,4.8201,192.434,1.4208e+06,nan,nan,nan,nan,nan,nan,nan,nan,nan,nan,nan,nan,nan,nan,nan,nan,nan,nan,nan,nan
926,nan,nan,0.127256,0,0,0.138311,1.21789,0.0136934,-0.0271707,30.6829,0.0003,0,1.33608,7758.35,0.138807,0.0591731,-0.4,0.1,1,4.8201,192.633,1.42234e+06,nan,nan,nan,nan,nan,nan,nan,nan,nan,nan,nan,nan,nan,nan,nan,nan,nan,nan,nan,nan
927,nan,nan,0.128866,0,0,0.126897,1.1723,0.0192101,-0.0144962,30.7065,0.0003,0,1.33821,7850.63,0.135891,0.059762,-0.4,0.1,1,4.8201,192.829,1.42387e+06,nan,nan,nan,nan,nan,nan,nan,nan,nan,nan,nan,nan,nan,nan,nan,nan,nan,nan,nan,nan
928,nan,nan,0.129387,0,0,0.115332,1.13564,0.0367727,-0.0243455,30.7332,0.0003,0,1.33993,7617.28,0.140778,0.060869,-0.4,0.1,1,4.8201,193.031,1.42541e+06,nan,nan,nan,nan,nan,nan,nan,nan,nan,nan,nan,nan,nan,nan,nan,nan,nan,nan,nan,nan
929,nan,nan,0.128334,0,0,0.119609,1.18009,0.0144755,-0.0315383,30.7539,0.0003,0,1.34133,7961.65,0.133575,0.05935,-0.4,0.1,1,4.8201,193.224,1.42694e+06,nan,nan,nan,nan,nan,nan,nan,nan,nan,nan,nan,nan,nan,nan,nan,nan,nan,nan,nan,nan
930,nan,nan,0.128636,0,0,0.107357,1.16094,0.0246554,-0.0276206,30.7764,0.0003,0,1.34354,7956.62,0.133899,0.0591478,-0.4,0.1,1,4.8201,193.417,1.42848e+06,nan,nan,nan,nan,nan,nan,nan,nan,nan,nan,nan,nan,nan,nan,nan,nan,nan,nan,nan,nan
931,nan,nan,0.12985,0,0,0.115242,1.11674,0.0293292,-0.0253471,30.8065,0.0003,0,1.34529,7910.63,0.134776,0.0593929,-0.4,0.1,1,4.8201,193.612,1.43002e+06,nan,nan,nan,nan,nan,nan,nan,nan,nan,nan,nan,nan,nan,nan,nan,nan,nan,nan,nan,nan
932,nan,nan,0.129203,0,0,0.108508,1.0294,0.00914876,-0.0267417,30.824,0.0003,0,1.34637,7875.64,0.135187,0.059845,-0.4,0.1,1,4.8201,193.807,1.43155e+06,nan,nan,nan,nan,nan,nan,nan,nan,nan,nan,nan,nan,nan,nan,nan,nan,nan,nan,nan,nan
933,nan,nan,0.130932,0,0,0.0934003,0.984992,0.00611584,-0.0257471,30.8419,0.0003,0,1.34844,7880.37,0.135919,0.058996,-0.4,0.1,1,4.8201,194.003,1.43309e+06,nan,nan,nan,nan,nan,nan,nan,nan,nan,nan,nan,nan,nan,nan,nan,nan,nan,nan,nan,nan
934,49.3032,400,0.0923957,2.66667,0,0.260839,1.69536,0.0602125,-0.0294975,30.8717,0.0003,0,1.34979,6388.66,0.18103,0.059396,-0.4,0.1,1,4.8201,194.243,1.43462e+06,0,0,2.30765,0.000579161,-0.19026,nan,0,nan,nan,nan,nan,0,nan,0,nan,nan,nan,-0.158208,nan,nan
935,nan,nan,0.112137,0,0,0.341595,2.81815,0.0828242,-0.0539047,30.8866,0.0003,0,1.35106,8171.13,0.128111,0.0598681,-0.4,0.1,1,4.8201,194.432,1.43616e+06,nan,nan,nan,nan,nan,nan,nan,nan,nan,nan,nan,nan,nan,nan,nan,nan,nan,nan,nan,nan
936,nan,nan,0.118278,0,0,0.247759,1.98804,0.0417021,-0.0419701,30.9067,0.0003,0,1.35292,8054.62,0.13172,0.0589781,-0.4,0.1,1,4.8201,194.623,1.4377e+06,nan,nan,nan,nan,nan,nan,nan,nan,nan,nan,nan,nan,nan,nan,nan,nan,nan,nan,nan,nan
937,nan,nan,0.122192,0,0,0.175359,1.74686,0.0606094,-0.0340372,30.9343,0.0003,0,1.35506,8013.16,0.13156,0.0601249,-0.4,0.1,1,4.8201,194.815,1.43923e+06,nan,nan,nan,nan,nan,nan,nan,nan,nan,nan,nan,nan,nan,nan,nan,nan,nan,nan,nan,nan
938,nan,nan,0.123197,0,0,0.131144,1.34348,0.0176917,-0.0351218,30.9598,0.0003,0,1.35657,7682.62,0.14028,0.0596521,-0.4,0.1,1,4.8201,195.015,1.44077e+06,nan,nan,nan,nan,nan,nan,nan,nan,nan,nan,nan,nan,nan,nan,nan,nan,nan,nan,nan,nan
939,nan,nan,0.128816,0,0,0.117732,1.23872,0.0104368,-0.033889,30.9748,0.0003,0,1.35743,7688.65,0.139766,0.060009,-0.4,0.1,1,4.8201,195.215,1.4423e+06,nan,nan,nan,nan,nan,nan,nan,nan,nan,nan,nan,nan,nan,nan,nan,nan,nan,nan,nan,nan
940,nan,nan,0.129647,0,0,0.113466,1.1169,0.00928102,-0.0309415,30.9839,0.0003,0,1.35759,7716.69,0.139062,0.0599868,-0.4,0.1,1,4.8201,195.414,1.44384e+06,nan,nan,nan,nan,nan,nan,nan,nan,nan,nan,nan,nan,nan,nan,nan,nan,nan,nan,nan,nan
941,nan,nan,0.129518,0,0,0.116005,1.1539,0.0057028,-0.0339722,30.9832,0.0003,0,1.35748,7819.18,0.137032,0.0594082,-0.4,0.1,1,4.8201,195.611,1.44538e+06,nan,nan,nan,nan,nan,nan,nan,nan,nan,nan,nan,nan,nan,nan,nan,nan,nan,nan,nan,nan
942,nan,nan,0.130264,0,0,0.101323,1.0255,0.00296016,-0.033595,30.9853,0.0003,0,1.35784,7826.74,0.136947,0.059303,-0.4,0.1,1,4.8201,195.807,1.44691e+06,nan,nan,nan,nan,nan,nan,nan,nan,nan,nan,nan,nan,nan,nan,nan,nan,nan,nan,nan,nan
943,nan,nan,0.130427,0,0,0.0921553,1.0015,0.00961625,-0.0292889,30.9947,0.0003,0,1.35892,7995.88,0.133324,0.0587747,-0.4,0.1,1,4.8201,196,1.44845e+06,nan,nan,nan,nan,nan,nan,nan,nan,nan,nan,nan,nan,nan,nan,nan,nan,nan,nan,nan,nan
944,nan,nan,0.129954,0,0,0.0938545,1.03857,0.00464386,-0.0247299,31.0105,0.0003,0,1.3601,7886.13,0.136057,0.0587153,-0.4,0.1,1,4.8201,196.195,1.44998e+06,nan,nan,nan,nan,nan,nan,nan,nan,nan,nan,nan,nan,nan,nan,nan,nan,nan,nan,nan,nan
945,nan,nan,0.131522,0,0,0.0881887,1.01666,0.00160841,-0.0269613,31.0224,0.0003,0,1.36098,7809.92,0.136241,0.060432,-0.4,0.1,1,4.8201,196.392,1.45152e+06,nan,nan,nan,nan,nan,nan,nan,nan,nan,nan,nan,nan,nan,nan,nan,nan,nan,nan,nan,nan
946,nan,nan,0.131568,0,0,0.0819504,0.977521,0.00263929,-0.0249217,31.0421,0.0003,0,1.36338,7659.28,0.139881,0.0606601,-0.4,0.1,1,4.8201,196.593,1.45306e+06,nan,nan,nan,nan,nan,nan,nan,nan,nan,nan,nan,nan,nan,nan,nan,nan,nan,nan,nan,nan
947,nan,nan,0.1319,0,0,0.0898865,0.960334,0.00191609,-0.0260868,31.0677,0.0003,0,1.36496,7721.15,0.139318,0.0596161,-0.4,0.1,1,4.8201,196.792,1.45459e+06,nan,nan,nan,nan,nan,nan,nan,nan,nan,nan,nan,nan,nan,nan,nan,nan,nan,nan,nan,nan
948,nan,nan,0.131421,0,0,0.0888678,0.960387,0.00141768,-0.0264483,31.0852,0.0003,0,1.36581,7750.57,0.138902,0.0592771,-0.4,0.1,1,4.8201,196.99,1.45613e+06,nan,nan,nan,nan,nan,nan,nan,nan,nan,nan,nan,nan,nan,nan,nan,nan,nan,nan,nan,nan
949,nan,nan,0.132142,0,0,0.0848821,0.934726,0.00147677,-0.0249977,31.0907,0.0003,0,1.36606,7819.26,0.137188,0.0592499,-0.4,0.1,1,4.8201,197.187,1.45766e+06,nan,nan,nan,nan,nan,nan,nan,nan,nan,nan,nan,nan,nan,nan,nan,nan,nan,nan,nan,nan
950,50.2471,400,0.132272,2.66667,0,0.0824303,0.937866,0.00111211,-0.0222371,31.098,0.0003,0,1.36707,6190.68,0.186731,0.061384,-0.4,0.1,1,4.8201,197.435,1.4592e+06,0,0,2.33529,0.000607978,-0.179042,nan,0,nan,nan,nan,nan,0,nan,0,nan,nan,nan,-0.142727,nan,nan
951,nan,nan,0.0803431,0,0,0.390859,2.22701,0.0820079,-0.0373816,31.1096,0.0003,0,1.3677,8004.59,0.130229,0.061661,-0.4,0.1,1,4.8201,197.627,1.46074e+06,nan,nan,nan,nan,nan,nan,nan,nan,nan,nan,nan,nan,nan,nan,nan,nan,nan,nan,nan,nan
952,nan,nan,0.113723,0,0,0.351075,2.36079,0.106001,-0.0391719,31.1149,0.0003,0,1.36798,7855.94,0.134998,0.060523,-0.4,0.1,1,4.8201,197.823,1.46227e+06,nan,nan,nan,nan,nan,nan,nan,nan,nan,nan,nan,nan,nan,nan,nan,nan,nan,nan,nan,nan
953,nan,nan,0.106617,0,0,0.21856,1.82459,0.140684,-0.0365094,31.1194,0.0003,0,1.36843,7867.28,0.136212,0.0590272,-0.4,0.1,1,4.8201,198.019,1.46381e+06,nan,nan,nan,nan,nan,nan,nan,nan,nan,nan,nan,nan,nan,nan,nan,nan,nan,nan,nan,nan
954,nan,nan,0.110584,0,0,0.173698,1.52351,0.0680124,-0.039834,31.1275,0.0003,0,1.36952,8080.64,0.130894,0.0591898,-0.4,0.1,1,4.8201,198.209,1.46534e+06,nan,nan,nan,nan,nan,nan,nan,nan,nan,nan,nan,nan,nan,nan,nan,nan,nan,nan,nan,nan
955,nan,nan,0.119348,0,0,0.144842,1.24895,0.0627523,-0.0297866,31.1458,0.0003,0,1.37095,7875.55,0.136164,0.0588698,-0.4,0.1,1,4.8201,198.404,1.46688e+06,nan,nan,nan,nan,nan,nan,nan,nan,nan,nan,nan,nan,nan,nan,nan,nan,nan,nan,nan,nan
956,nan,nan,0.124543,0,0,0.115773,1.14813,0.0237666,-0.026961,31.1641,0.0003,0,1.3725,7929.54,0.134732,0.058974,-0.4,0.1,1,4.8201,198.598,1.46842e+06,nan,nan,nan,nan,nan,nan,nan,nan,nan,nan,nan,nan,nan,nan,nan,nan,nan,nan,nan,nan
957,nan,nan,0.126623,0,0,0.106964,1.05255,0.0245632,-0.0254614,31.1807,0.0003,0,1.37347,7902.34,0.135714,0.0586591,-0.4,0.1,1,4.8201,198.793,1.46995e+06,nan,nan,nan,nan,nan,nan,nan,nan,nan,nan,nan,nan,nan,nan,nan,nan,nan,nan,nan,nan
958,nan,nan,0.127138,0,0,0.100393,1.06118,0.0253124,-0.031051,31.1967,0.0003,0,1.37512,7910.43,0.135199,0.058975,-0.4,0.1,1,4.8201,198.987,1.47149e+06,nan,nan,nan,nan,nan,nan,nan,nan,nan,nan,nan,nan,nan,nan,nan,nan,nan,nan,nan,nan
959,nan,nan,0.126817,0,0,0.0955105,1.03374,0.0155247,-0.0297553,31.2227,0.0003,0,1.3774,7888.2,0.135838,0.058883,-0.4,0.1,1,4.8201,199.182,1.47302e+06,nan,nan,nan,nan,nan,nan,nan,nan,nan,nan,nan,nan,nan,nan,nan,nan,nan,nan,nan,nan
960,nan,nan,0.127114,0,0,0.0898698,0.960968,0.0126444,-0.0172769,31.2494,0.0003,0,1.3789,7960.72,0.134101,0.0588462,-0.4,0.1,1,4.8201,199.375,1.47456e+06,nan,nan,nan,nan,nan,nan,nan,nan,nan,nan,nan,nan,nan,nan,nan,nan,nan,nan,nan,nan
961,nan,nan,0.128225,0,0,0.0898238,0.954467,0.00673836,-0.0205795,31.2685,0.0003,0,1.3806,7971.48,0.133775,0.058912,-0.4,0.1,1,4.8201,199.568,1.4761e+06,nan,nan,nan,nan,nan,nan,nan,nan,nan,nan,nan,nan,nan,nan,nan,nan,nan,nan,nan,nan
962,nan,nan,0.127838,0,0,0.0918685,0.969921,0.0156523,-0.0249348,31.2904,0.0003,0,1.38236,7037.38,0.156505,0.061758,-0.4,0.1,1,4.8201,199.787,1.47763e+06,nan,nan,nan,nan,nan,nan,nan,nan,nan,nan,nan,nan,nan,nan,nan,nan,nan,nan,nan,nan
963,nan,nan,0.127445,0,0,0.0872598,0.936626,0.0131311,-0.0305919,31.3124,0.0003,0,1.38423,7545.53,0.142459,0.061105,-0.4,0.1,1,4.8201,199.991,1.47917e+06,nan,nan,nan,nan,nan,nan,nan,nan,nan,nan,nan,nan,nan,nan,nan,nan,nan,nan,nan,nan
964,nan,nan,0.127358,0,0,0.0860195,0.935251,0.0128901,-0.0315409,31.3389,0.0003,0,1.38617,7786.45,0.137767,0.059499,-0.4,0.1,1,4.8201,200.188,1.4807e+06,nan,nan,nan,nan,nan,nan,nan,nan,nan,nan,nan,nan,nan,nan,nan,nan,nan,nan,nan,nan
965,nan,nan,0.127676,0,0,0.0798699,0.902787,0.0141929,-0.0258467,31.3573,0.0003,0,1.38728,7787.78,0.137825,0.059407,-0.4,0.1,1,4.8201,200.386,1.48224e+06,nan,nan,nan,nan,nan,nan,nan,nan,nan,nan,nan,nan,nan,nan,nan,nan,nan,nan,nan,nan
966,nan,nan,0.127687,0,0,0.0843702,0.959036,0.00956622,-0.0251581,31.3695,0.0003,0,1.38814,7821.94,0.136866,0.0595047,-0.4,0.1,1,4.8201,200.582,1.48378e+06,nan,nan,nan,nan,nan,nan,nan,nan,nan,nan,nan,nan,nan,nan,nan,nan,nan,nan,nan,nan
967,48.3354,400,0.0970017,2.66667,0,0.165952,1.07437,0.135364,-0.0082641,31.3776,0.0003,0,1.38841,6257.84,0.185484,0.059968,-0.4,0.1,1,4.8201,200.828,1.48531e+06,0,0,2.27114,0.000558657,-0.179421,nan,0,nan,nan,nan,nan,0,nan,0,nan,nan,nan,-0.176436,nan,nan
968,nan,nan,0.0976203,0,0,0.467082,2.67888,0.376794,-0.0226579,31.38,0.0003,0,1.38858,8375.96,0.124454,0.0589278,-0.4,0.1,1,4.8201,201.012,1.48685e+06,nan,nan,nan,nan,nan,nan,nan,nan,nan,nan,nan,nan,nan,nan,nan,nan,nan,nan,nan,nan
969,nan,nan,0.0959297,0,0,0.307544,2.26264,0.538603,-0.029574,31.3834,0.0003,0,1.38913,8171.82,0.129123,0.0588403,-0.4,0.1,1,4.8201,201.2,1.48838e+06,nan,nan,nan,nan,nan,nan,nan,nan,nan,nan,nan,nan,nan,nan,nan,nan,nan,nan,nan,nan
970,nan,nan,0.0994703,0,0,0.223711,1.74029,0.477047,-0.028013,31.3932,0.0003,0,1.39009,8036.79,0.132155,0.0589659,-0.4,0.1,1,4.8201,201.391,1.48992e+06,nan,nan,nan,nan,nan,nan,nan,nan,nan,nan,nan,nan,nan,nan,nan,nan,nan,nan,nan,nan
971,nan,nan,0.110252,0,0,0.232138,1.64436,0.193987,-0.0410632,31.4078,0.0003,0,1.39136,8021.44,0.132352,0.059135,-0.4,0.1,1,4.8201,201.583,1.49146e+06,nan,nan,nan,nan,nan,nan,nan,nan,nan,nan,nan,nan,nan,nan,nan,nan,nan,nan,nan,nan
972,nan,nan,0.115765,0,0,0.181613,1.53231,0.0949904,-0.0350459,31.4278,0.0003,0,1.39298,7924.76,0.133396,0.060427,-0.4,0.1,1,4.8201,201.777,1.49299e+06,nan,nan,nan,nan,nan,nan,nan,nan,nan,nan,nan,nan,nan,nan,nan,nan,nan,nan,nan,nan
973,nan,nan,0.122371,0,0,0.172875,1.42375,0.0361623,-0.0372394,31.4482,0.0003,0,1.3944,7884.66,0.135482,0.0593269,-0.4,0.1,1,4.8201,201.972,1.49453e+06,nan,nan,nan,nan,nan,nan,nan,nan,nan,nan,nan,nan,nan,nan,nan,nan,nan,nan,nan,nan
974,nan,nan,0.124389,0,0,0.169468,1.35353,0.0290514,-0.036325,31.4674,0.0003,0,1.39571,7829.19,0.134256,0.061933,-0.4,0.1,1,4.8201,202.169,1.49606e+06,nan,nan,nan,nan,nan,nan,nan,nan,nan,nan,nan,nan,nan,nan,nan,nan,nan,nan,nan,nan
975,nan,nan,0.125971,0,0,0.150905,1.23071,0.0639026,-0.0140511,31.4829,0.0003,0,1.39707,7843.3,0.136642,0.0591941,-0.4,0.1,1,4.8201,202.365,1.4976e+06,nan,nan,nan,nan,nan,nan,nan,nan,nan,nan,nan,nan,nan,nan,nan,nan,nan,nan,nan,nan
976,nan,nan,0.127691,0,0,0.139167,1.15259,0.0142453,-0.039191,31.5046,0.0003,0,1.39905,7713.86,0.137599,0.0615232,-0.4,0.1,1,4.8201,202.564,1.49914e+06,nan,nan,nan,nan,nan,nan,nan,nan,nan,nan,nan,nan,nan,nan,nan,nan,nan,nan,nan,nan
977,nan,nan,0.128726,0,0,0.115276,1.08424,0.0101334,-0.0354471,31.5307,0.0003,0,1.40084,7693.46,0.139084,0.0605659,-0.4,0.1,1,4.8201,202.764,1.50067e+06,nan,nan,nan,nan,nan,nan,nan,nan,nan,nan,nan,nan,nan,nan,nan,nan,nan,nan,nan,nan
978,nan,nan,0.130401,0,0,0.0963385,1.01765,0.00952187,-0.026054,31.5511,0.0003,0,1.40268,7571.8,0.142168,0.0606899,-0.4,0.1,1,4.8201,202.967,1.50221e+06,nan,nan,nan,nan,nan,nan,nan,nan,nan,nan,nan,nan,nan,nan,nan,nan,nan,nan,nan,nan
979,nan,nan,0.129901,0,0,0.0978345,1.00094,0.00340801,-0.0331917,31.5747,0.0003,0,1.40394,7833.78,0.135418,0.0606561,-0.4,0.1,1,4.8201,203.163,1.50374e+06,nan,nan,nan,nan,nan,nan,nan,nan,nan,nan,nan,nan,nan,nan,nan,nan,nan,nan,nan,nan
980,nan,nan,0.130722,0,0,0.0979771,0.94339,0.00419721,-0.0227855,31.5899,0.0003,0,1.40499,7711.79,0.139403,0.0597727,-0.4,0.1,1,4.8201,203.363,1.50528e+06,nan,nan,nan,nan,nan,nan,nan,nan,nan,nan,nan,nan,nan,nan,nan,nan,nan,nan,nan,nan
981,nan,nan,0.130292,0,0,0.0994845,1.00553,0.00412457,-0.0289434,31.6034,0.0003,0,1.40615,7843.57,0.135494,0.0603352,-0.4,0.1,1,4.8201,203.559,1.50682e+06,nan,nan,nan,nan,nan,nan,nan,nan,nan,nan,nan,nan,nan,nan,nan,nan,nan,nan,nan,nan
982,nan,nan,0.130546,0,0,0.0913246,0.965432,0.00320298,-0.0258359,31.6274,0.0003,0,1.40868,7662.3,0.139327,0.0611351,-0.4,0.1,1,4.8201,203.76,1.50835e+06,nan,nan,nan,nan,nan,nan,nan,nan,nan,nan,nan,nan,nan,nan,nan,nan,nan,nan,nan,nan
983,nan,nan,0.130397,0,0,0.0866193,0.917475,0.00354901,-0.0243797,31.6592,0.0003,0,1.41061,7710.1,0.139257,0.059962,-0.4,0.1,1,4.8201,203.959,1.50989e+06,nan,nan,nan,nan,nan,nan,nan,nan,nan,nan,nan,nan,nan,nan,nan,nan,nan,nan,nan,nan
984,47.6682,400,0.0801044,2.66667,0,0.287083,1.48421,0.148147,-0.00710882,31.6752,0.0003,0,1.4116,6307.64,0.183767,0.059747,-0.4,0.1,1,4.8201,204.203,1.51142e+06,0,0,2.21202,0.000491364,-0.177085,nan,0,nan,nan,nan,nan,0,nan,0,nan,nan,nan,-0.1803,nan,nan
985,nan,nan,0.103342,0,0,0.475891,2.68929,0.155795,-0.0420025,31.6902,0.0003,0,1.41317,7424.67,0.147382,0.0594959,-0.4,0.1,1,4.8201,204.41,1.51296e+06,nan,nan,nan,nan,nan,nan,nan,nan,nan,nan,nan,nan,nan,nan,nan,nan,nan,nan,nan,nan
986,nan,nan,0.100471,0,0,0.27738,2.20309,0.13142,-0.0378512,31.7104,0.0003,0,1.41468,8045.06,0.131744,0.0591807,-0.4,0.1,1,4.8201,204.601,1.5145e+06,nan,nan,nan,nan,nan,nan,nan,nan,nan,nan,nan,nan,nan,nan,nan,nan,nan,nan,nan,nan
987,nan,nan,0.105267,0,0,0.231854,1.88757,0.0908677,-0.0390399,31.7272,0.0003,0,1.41579,7928.28,0.134392,0.059345,-0.4,0.1,1,4.8201,204.795,1.51603e+06,nan,nan,nan,nan,nan,nan,nan,nan,nan,nan,nan,nan,nan,nan,nan,nan,nan,nan,nan,nan
988,nan,nan,0.114681,0,0,0.203911,1.59268,0.0406629,-0.0383116,31.7479,0.0003,0,1.4183,7970.54,0.133139,0.0595708,-0.4,0.1,1,4.8201,204.988,1.51757e+06,nan,nan,nan,nan,nan,nan,nan,nan,nan,nan,nan,nan,nan,nan,nan,nan,nan,nan,nan,nan
989,nan,nan,0.123503,0,0,0.198653,1.43143,0.0250704,-0.0336826,31.7824,0.0003,0,1.42126,7781.4,0.13754,0.059854,-0.4,0.1,1,4.8201,205.186,1.5191e+06,nan,nan,nan,nan,nan,nan,nan,nan,nan,nan,nan,nan,nan,nan,nan,nan,nan,nan,nan,nan
990,nan,nan,0.126013,0,0,0.154204,1.3185,0.018539,-0.0336822,31.8168,0.0003,0,1.42307,7624.87,0.137293,0.0641532,-0.4,0.1,1,4.8201,205.388,1.52064e+06,nan,nan,nan,nan,nan,nan,nan,nan,nan,nan,nan,nan,nan,nan,nan,nan,nan,nan,nan,nan
991,nan,nan,0.127078,0,0,0.145262,1.22392,0.0151645,-0.0381585,31.8346,0.0003,0,1.42455,5888.58,0.199092,0.0617521,-0.4,0.1,1,4.8201,205.649,1.52218e+06,nan,nan,nan,nan,nan,nan,nan,nan,nan,nan,nan,nan,nan,nan,nan,nan,nan,nan,nan,nan
992,nan,nan,0.126574,0,0,0.130253,1.1061,0.0280351,-0.0251164,31.852,0.0003,0,1.42567,7083.46,0.156463,0.06038,-0.4,0.1,1,4.8201,205.866,1.52371e+06,nan,nan,nan,nan,nan,nan,nan,nan,nan,nan,nan,nan,nan,nan,nan,nan,nan,nan,nan,nan
993,nan,nan,0.12576,0,0,0.124162,1.15325,0.0230336,-0.0291738,31.8663,0.0003,0,1.42707,6790.96,0.165623,0.0605602,-0.4,0.1,1,4.8201,206.092,1.52525e+06,nan,nan,nan,nan,nan,nan,nan,nan,nan,nan,nan,nan,nan,nan,nan,nan,nan,nan,nan,nan
994,nan,nan,0.122306,0,0,0.112971,1.0702,0.0504132,-0.0344943,31.8843,0.0003,0,1.42858,7709.92,0.139201,0.0600226,-0.4,0.1,1,4.8201,206.292,1.52678e+06,nan,nan,nan,nan,nan,nan,nan,nan,nan,nan,nan,nan,nan,nan,nan,nan,nan,nan,nan,nan
995,nan,nan,0.125453,0,0,0.105734,1.03048,0.0668847,-0.022997,31.9015,0.0003,0,1.43004,7261.58,0.14999,0.0615342,-0.4,0.1,1,4.8201,206.504,1.52832e+06,nan,nan,nan,nan,nan,nan,nan,nan,nan,nan,nan,nan,nan,nan,nan,nan,nan,nan,nan,nan
996,nan,nan,0.126002,0,0,0.0950044,1.02232,0.0277492,-0.0306144,31.9214,0.0003,0,1.43142,7718.99,0.138807,0.060183,-0.4,0.1,1,4.8201,206.703,1.52986e+06,nan,nan,nan,nan,nan,nan,nan,nan,nan,nan,nan,nan,nan,nan,nan,nan,nan,nan,nan,nan
997,nan,nan,0.126248,0,0,0.0987758,0.998929,0.0215644,-0.0262905,31.9344,0.0003,0,1.43243,7835.42,0.136856,0.0591769,-0.4,0.1,1,4.8201,206.899,1.53139e+06,nan,nan,nan,nan,nan,nan,nan,nan,nan,nan,nan,nan,nan,nan,nan,nan,nan,nan,nan,nan
998,nan,nan,0.126281,0,0,0.100099,0.982118,0.0118009,-0.0273547,31.9481,0.0003,0,1.43348,7868.45,0.136156,0.0590541,-0.4,0.1,1,4.8201,207.095,1.53293e+06,nan,nan,nan,nan,nan,nan,nan,nan,nan,nan,nan,nan,nan,nan,nan,nan,nan,nan,nan,nan
999,nan,nan,0.125651,0,0,0.0972282,1.00516,0.0187466,-0.00913672,31.9612,0.0003,0,1.43441,6743.68,0.139298,0.0884712,-0.4,0.1,1,4.8201,207.323,1.53446e+06,nan,nan,nan,nan,nan,nan,nan,nan,nan,nan,nan,nan,nan,nan,nan,nan,nan,nan,nan,nan
1000,47.2123,400,0.12607,2.66667,0,0.0937631,0.994232,0.0555654,0.00330359,31.9737,0.0003,0,1.4353,6056.71,0.194158,0.0594451,-0.4,0.1,1,4.8201,207.577,1.536e+06,0,0,2.20797,0.00040856,-0.174847,nan,0,nan,nan,nan,nan,0,nan,0,nan,nan,nan,-0.193991,nan,nan
1001,nan,nan,0.0748777,0,0,0.509006,2.20304,0.223994,-0.0177129,31.9832,0.0003,0,1.43608,7978.84,0.131928,0.0605812,-0.6,0.15,1,4.8201,209.603,1.53754e+06,nan,nan,nan,nan,nan,nan,nan,nan,nan,nan,nan,nan,nan,nan,nan,nan,nan,nan,nan,nan
1002,nan,nan,0.101476,0,0,0.428703,2.1407,0.192323,-0.0426635,31.9951,0.0003,0,1.43725,7989.48,0.131146,0.0611069,-0.6,0.15,1,4.8201,209.796,1.53907e+06,nan,nan,nan,nan,nan,nan,nan,nan,nan,nan,nan,nan,nan,nan,nan,nan,nan,nan,nan,nan
1003,nan,nan,0.090184,0,0,0.252331,1.88858,0.133219,-0.040861,32.0123,0.0003,0,1.43879,7667.92,0.140782,0.0595331,-0.6,0.15,1,4.8201,209.996,1.54061e+06,nan,nan,nan,nan,nan,nan,nan,nan,nan,nan,nan,nan,nan,nan,nan,nan,nan,nan,nan,nan
1004,nan,nan,0.108123,0,0,0.269708,1.7027,0.123176,-0.0278706,32.0307,0.0003,0,1.43996,7423.03,0.142215,0.0647087,-0.6,0.15,1,4.8201,210.204,1.54214e+06,nan,nan,nan,nan,nan,nan,nan,nan,nan,nan,nan,nan,nan,nan,nan,nan,nan,nan,nan,nan
1005,nan,nan,0.116953,0,0,0.242592,1.58421,0.0931238,-0.0296605,32.0411,0.0003,0,1.44051,7747.87,0.138278,0.0599697,-0.6,0.15,1,4.8201,210.402,1.54368e+06,nan,nan,nan,nan,nan,nan,nan,nan,nan,nan,nan,nan,nan,nan,nan,nan,nan,nan,nan,nan
1006,nan,nan,0.118056,0,0,0.197884,1.44594,0.0735591,-0.0370748,32.0513,0.0003,0,1.44206,7861.36,0.136117,0.059269,-0.6,0.15,1,4.8201,210.598,1.54522e+06,nan,nan,nan,nan,nan,nan,nan,nan,nan,nan,nan,nan,nan,nan,nan,nan,nan,nan,nan,nan
1007,nan,nan,0.122556,0,0,0.152258,1.25776,0.0421575,-0.031487,32.0727,0.0003,0,1.44363,7863.62,0.135567,0.059763,-0.6,0.15,1,4.8201,210.793,1.54675e+06,nan,nan,nan,nan,nan,nan,nan,nan,nan,nan,nan,nan,nan,nan,nan,nan,nan,nan,nan,nan
1008,nan,nan,0.125793,0,0,0.128915,1.13837,0.0222097,-0.0307156,32.0904,0.0003,0,1.44548,7872.84,0.135655,0.0594461,-0.6,0.15,1,4.8201,210.989,1.54829e+06,nan,nan,nan,nan,nan,nan,nan,nan,nan,nan,nan,nan,nan,nan,nan,nan,nan,nan,nan,nan
1009,nan,nan,0.124128,0,0,0.125998,1.07511,0.02589,-0.0320531,32.1158,0.0003,0,1.44734,7546.5,0.139585,0.0639527,-0.6,0.15,1,4.8201,211.192,1.54982e+06,nan,nan,nan,nan,nan,nan,nan,nan,nan,nan,nan,nan,nan,nan,nan,nan,nan,nan,nan,nan
1010,nan,nan,0.127792,0,0,0.111037,1.08985,0.0308572,-0.0270061,32.1355,0.0003,0,1.44897,7306.74,0.146334,0.0638831,-0.6,0.15,1,4.8201,211.403,1.55136e+06,nan,nan,nan,nan,nan,nan,nan,nan,nan,nan,nan,nan,nan,nan,nan,nan,nan,nan,nan,nan
1011,nan,nan,0.126878,0,0,0.100979,1.01063,0.0220483,-0.0302065,32.1584,0.0003,0,1.45149,7388.49,0.147785,0.060106,-0.6,0.15,1,4.8201,211.611,1.5529e+06,nan,nan,nan,nan,nan,nan,nan,nan,nan,nan,nan,nan,nan,nan,nan,nan,nan,nan,nan,nan
1012,nan,nan,0.128524,0,0,0.0959367,0.927246,0.0113355,-0.0265612,32.1916,0.0003,0,1.45408,7756.59,0.137212,0.060813,-0.6,0.15,1,4.8201,211.809,1.55443e+06,nan,nan,nan,nan,nan,nan,nan,nan,nan,nan,nan,nan,nan,nan,nan,nan,nan,nan,nan,nan
1013,nan,nan,0.131046,0,0,0.0917975,0.977573,0.01081,-0.026461,32.2176,0.0003,0,1.4555,7395.14,0.143838,0.0638657,-0.6,0.15,1,4.8201,212.017,1.55597e+06,nan,nan,nan,nan,nan,nan,nan,nan,nan,nan,nan,nan,nan,nan,nan,nan,nan,nan,nan,nan
1014,nan,nan,0.129454,0,0,0.093272,0.913655,0.0147036,-0.0194831,32.2341,0.0003,0,1.45696,7267.49,0.149146,0.062206,-0.6,0.15,1,4.8201,212.229,1.5575e+06,nan,nan,nan,nan,nan,nan,nan,nan,nan,nan,nan,nan,nan,nan,nan,nan,nan,nan,nan,nan
1015,nan,nan,0.129039,0,0,0.0867065,0.867851,0.0122176,-0.00791873,32.2503,0.0003,0,1.45805,7718.61,0.138787,0.0602129,-0.6,0.15,1,4.8201,212.428,1.55904e+06,nan,nan,nan,nan,nan,nan,nan,nan,nan,nan,nan,nan,nan,nan,nan,nan,nan,nan,nan,nan
1016,nan,nan,0.128946,0,0,0.0812143,0.883908,0.0118873,-0.0254688,32.2617,0.0003,0,1.45884,7832.01,0.136559,0.0595593,-0.6,0.15,1,4.8201,212.625,1.56058e+06,nan,nan,nan,nan,nan,nan,nan,nan,nan,nan,nan,nan,nan,nan,nan,nan,nan,nan,nan,nan
1017,47.2576,400,0.0981644,2.66667,0,0.203213,1.00614,0.031822,0.000835813,32.2673,0.0003,0,1.45911,6270.59,0.184987,0.0599658,-0.6,0.15,1,4.8201,212.87,1.56211e+06,0,0,2.20885,0.000583397,-0.175513,nan,0,nan,nan,nan,nan,0,nan,0,nan,nan,nan,-0.219346,nan,nan
1018,nan,nan,0.097969,0,0,0.570547,2.59409,0.361725,-0.031923,32.2755,0.0003,0,1.46022,8336.08,0.12457,0.059689,-0.6,0.15,1,4.8201,213.054,1.56365e+06,nan,nan,nan,nan,nan,nan,nan,nan,nan,nan,nan,nan,nan,nan,nan,nan,nan,nan,nan,nan
1019,nan,nan,0.0983424,0,0,0.318412,1.80904,0.20993,-0.0374267,32.29,0.0003,0,1.46114,8155.03,0.128309,0.060041,-0.6,0.15,1,4.8201,213.243,1.56518e+06,nan,nan,nan,nan,nan,nan,nan,nan,nan,nan,nan,nan,nan,nan,nan,nan,nan,nan,nan,nan
1020,nan,nan,0.0973285,0,0,0.244724,1.39442,0.104668,-0.0332379,32.2987,0.0003,0,1.46207,7908.68,0.133937,0.0602801,-0.6,0.15,1,4.8201,213.438,1.56672e+06,nan,nan,nan,nan,nan,nan,nan,nan,nan,nan,nan,nan,nan,nan,nan,nan,nan,nan,nan,nan
1021,nan,nan,0.103996,0,0,0.197673,1.21588,0.125864,-0.0365943,32.3187,0.0003,0,1.46401,7993.17,0.132227,0.059937,-0.6,0.15,1,4.8201,213.63,1.56826e+06,nan,nan,nan,nan,nan,nan,nan,nan,nan,nan,nan,nan,nan,nan,nan,nan,nan,nan,nan,nan
1022,nan,nan,0.105456,0,0,0.121576,1.0015,0.116853,0.00117986,32.3354,0.0003,0,1.46482,7822.61,0.136379,0.0599751,-0.6,0.15,1,4.8201,213.827,1.56979e+06,nan,nan,nan,nan,nan,nan,nan,nan,nan,nan,nan,nan,nan,nan,nan,nan,nan,nan,nan,nan
1023,nan,nan,0.109014,0,0,0.103177,0.884944,0.0563756,-0.00741971,32.3452,0.0003,0,1.46606,7889.26,0.135094,0.0596008,-0.6,0.15,1,4.8201,214.021,1.57133e+06,nan,nan,nan,nan,nan,nan,nan,nan,nan,nan,nan,nan,nan,nan,nan,nan,nan,nan,nan,nan
1024,nan,nan,0.11804,0,0,0.100129,0.824086,0.0812718,0.0167912,32.3615,0.0003,0,1.46729,7827.51,0.136082,0.060149,-0.6,0.15,1,4.8201,214.218,1.57286e+06,nan,nan,nan,nan,nan,nan,nan,nan,nan,nan,nan,nan,nan,nan,nan,nan,nan,nan,nan,nan
1025,nan,nan,0.121047,0,0,0.093405,0.843415,0.0466449,-0.0029438,32.3743,0.0003,0,1.46832,7816.79,0.136906,0.0595939,-0.6,0.15,1,4.8201,214.415,1.5744e+06,nan,nan,nan,nan,nan,nan,nan,nan,nan,nan,nan,nan,nan,nan,nan,nan,nan,nan,nan,nan
1026,nan,nan,0.121365,0,0,0.0888945,0.822331,0.037533,-0.00844437,32.3886,0.0003,0,1.46971,7869.7,0.135607,0.059572,-0.6,0.15,1,4.8201,214.61,1.57594e+06,nan,nan,nan,nan,nan,nan,nan,nan,nan,nan,nan,nan,nan,nan,nan,nan,nan,nan,nan,nan
1027,nan,nan,0.117486,0,0,0.0794618,0.815552,0.0286857,-7.58229e-05,32.404,0.0003,0,1.4708,7905.47,0.134814,0.0594819,-0.6,0.15,1,4.8201,214.805,1.57747e+06,nan,nan,nan,nan,nan,nan,nan,nan,nan,nan,nan,nan,nan,nan,nan,nan,nan,nan,nan,nan
1028,nan,nan,0.123576,0,0,0.0814362,0.779126,0.00753697,0.0071813,32.4162,0.0003,0,1.47163,7820.3,0.137056,0.059356,-0.6,0.15,1,4.8201,215.001,1.57901e+06,nan,nan,nan,nan,nan,nan,nan,nan,nan,nan,nan,nan,nan,nan,nan,nan,nan,nan,nan,nan
1029,nan,nan,0.123656,0,0,0.0802039,0.825433,0.00400249,0.0113094,32.4231,0.0003,0,1.47176,7958.85,0.133738,0.0592549,-0.6,0.15,1,4.8201,215.195,1.58054e+06,nan,nan,nan,nan,nan,nan,nan,nan,nan,nan,nan,nan,nan,nan,nan,nan,nan,nan,nan,nan
1030,nan,nan,0.124194,0,0,0.0789629,0.785664,0.00430623,0.0113449,32.4248,0.0003,0,1.47203,7782.45,0.13736,0.0600069,-0.6,0.15,1,4.8201,215.392,1.58208e+06,nan,nan,nan,nan,nan,nan,nan,nan,nan,nan,nan,nan,nan,nan,nan,nan,nan,nan,nan,nan
1031,nan,nan,0.123227,0,0,0.0799593,0.789175,0.00695439,-0.00643953,32.4295,0.0003,0,1.47246,7496.12,0.140943,0.0639627,-0.6,0.15,1,4.8201,215.597,1.58362e+06,nan,nan,nan,nan,nan,nan,nan,nan,nan,nan,nan,nan,nan,nan,nan,nan,nan,nan,nan,nan
1032,nan,nan,0.123243,0,0,0.0854274,0.826376,0.00787028,-0.00430148,32.4359,0.0003,0,1.4731,7079.23,0.152679,0.0642939,-0.6,0.15,1,4.8201,215.815,1.58515e+06,nan,nan,nan,nan,nan,nan,nan,nan,nan,nan,nan,nan,nan,nan,nan,nan,nan,nan,nan,nan
1033,nan,nan,0.123613,0,0,0.0805359,0.80784,0.00809437,-0.00863885,32.443,0.0003,0,1.47367,7274.69,0.14816,0.062983,-0.6,0.15,1,4.8201,216.026,1.58669e+06,nan,nan,nan,nan,nan,nan,nan,nan,nan,nan,nan,nan,nan,nan,nan,nan,nan,nan,nan,nan
1034,45.2676,400,0.0849325,2.66667,0,0.308077,1.58435,0.205856,-0.012062,32.4509,0.0003,0,1.47428,6203.51,0.187442,0.0601599,-0.6,0.15,1,4.8201,216.274,1.58822e+06,0,0,2.17007,0.000522585,-0.158963,nan,0,nan,nan,nan,nan,0,nan,0,nan,nan,nan,-0.336098,nan,nan
1035,nan,nan,0.101893,0,0,0.549034,2.41475,0.35498,-0.040923,32.4579,0.0003,0,1.47497,8086.09,0.130073,0.0598829,-0.6,0.15,1,4.8201,216.464,1.58976e+06,nan,nan,nan,nan,nan,nan,nan,nan,nan,nan,nan,nan,nan,nan,nan,nan,nan,nan,nan,nan
1036,nan,nan,0.100603,0,0,0.315627,1.63784,0.13082,-0.0373115,32.471,0.0003,0,1.47663,8027.9,0.132218,0.0591149,-0.6,0.15,1,4.8201,216.656,1.5913e+06,nan,nan,nan,nan,nan,nan,nan,nan,nan,nan,nan,nan,nan,nan,nan,nan,nan,nan,nan,nan
1037,nan,nan,0.103738,0,0,0.307327,1.58205,0.163093,-0.0342133,32.4923,0.0003,0,1.47828,8070.28,0.130943,0.0593851,-0.6,0.15,1,4.8201,216.846,1.59283e+06,nan,nan,nan,nan,nan,nan,nan,nan,nan,nan,nan,nan,nan,nan,nan,nan,nan,nan,nan,nan
1038,nan,nan,0.10922,0,0,0.248932,1.51053,0.134726,-0.0298263,32.5046,0.0003,0,1.47874,8076.73,0.130943,0.0592332,-0.6,0.15,1,4.8201,217.037,1.59437e+06,nan,nan,nan,nan,nan,nan,nan,nan,nan,nan,nan,nan,nan,nan,nan,nan,nan,nan,nan,nan
1039,nan,nan,0.112986,0,0,0.208994,1.42996,0.156458,-0.0316415,32.5141,0.0003,0,1.47994,7909.54,0.134522,0.0596738,-0.6,0.15,1,4.8201,217.231,1.5959e+06,nan,nan,nan,nan,nan,nan,nan,nan,nan,nan,nan,nan,nan,nan,nan,nan,nan,nan,nan,nan
1040,nan,nan,0.114425,0,0,0.16958,1.19167,0.194721,-0.0345493,32.5294,0.0003,0,1.48131,7933.07,0.133834,0.0597861,-0.6,0.15,1,4.8201,217.425,1.59744e+06,nan,nan,nan,nan,nan,nan,nan,nan,nan,nan,nan,nan,nan,nan,nan,nan,nan,nan,nan,nan
1041,nan,nan,0.114429,0,0,0.14115,1.17637,0.10872,-0.0352177,32.5474,0.0003,0,1.48267,7862.5,0.135925,0.059433,-0.6,0.15,1,4.8201,217.621,1.59898e+06,nan,nan,nan,nan,nan,nan,nan,nan,nan,nan,nan,nan,nan,nan,nan,nan,nan,nan,nan,nan
1042,nan,nan,0.118787,0,0,0.127511,1.04039,0.068351,-0.0279212,32.5628,0.0003,0,1.48372,7961.69,0.133323,0.0596008,-0.6,0.15,1,4.8201,217.814,1.60051e+06,nan,nan,nan,nan,nan,nan,nan,nan,nan,nan,nan,nan,nan,nan,nan,nan,nan,nan,nan,nan
1043,nan,nan,0.121259,0,0,0.11056,0.942064,0.0759991,-0.0295244,32.5775,0.0003,0,1.48555,7854.17,0.136232,0.0593331,-0.6,0.15,1,4.8201,218.01,1.60205e+06,nan,nan,nan,nan,nan,nan,nan,nan,nan,nan,nan,nan,nan,nan,nan,nan,nan,nan,nan,nan
1044,nan,nan,0.121229,0,0,0.0978171,0.939929,0.0279726,-0.0241341,32.5989,0.0003,0,1.48698,7940.53,0.134347,0.0590911,-0.6,0.15,1,4.8201,218.203,1.60358e+06,nan,nan,nan,nan,nan,nan,nan,nan,nan,nan,nan,nan,nan,nan,nan,nan,nan,nan,nan,nan
1045,nan,nan,0.12369,0,0,0.0982293,0.966284,0.0400166,-0.02323,32.6165,0.0003,0,1.48891,7975.4,0.133071,0.059521,-0.6,0.15,1,4.8201,218.396,1.60512e+06,nan,nan,nan,nan,nan,nan,nan,nan,nan,nan,nan,nan,nan,nan,nan,nan,nan,nan,nan,nan
1046,nan,nan,0.127862,0,0,0.0968221,0.914559,0.0369304,-0.0165309,32.6413,0.0003,0,1.49076,7890.32,0.135346,0.0593231,-0.6,0.15,1,4.8201,218.591,1.60666e+06,nan,nan,nan,nan,nan,nan,nan,nan,nan,nan,nan,nan,nan,nan,nan,nan,nan,nan,nan,nan
1047,nan,nan,0.128308,0,0,0.100318,0.983119,0.0154992,-0.00975067,32.6576,0.0003,0,1.49148,7920.55,0.134828,0.0590978,-0.6,0.15,1,4.8201,218.785,1.60819e+06,nan,nan,nan,nan,nan,nan,nan,nan,nan,nan,nan,nan,nan,nan,nan,nan,nan,nan,nan,nan
1048,nan,nan,0.129994,0,0,0.10233,0.926845,0.0198351,-0.0225279,32.6635,0.0003,0,1.49208,7870.18,0.135675,0.0594921,-0.6,0.15,1,4.8201,218.981,1.60973e+06,nan,nan,nan,nan,nan,nan,nan,nan,nan,nan,nan,nan,nan,nan,nan,nan,nan,nan,nan,nan
1049,nan,nan,0.131207,0,0,0.0965517,0.989207,0.0289468,-0.0153272,32.6728,0.0003,0,1.49318,7923.73,0.134628,0.0592198,-0.6,0.15,1,4.8201,219.175,1.61126e+06,nan,nan,nan,nan,nan,nan,nan,nan,nan,nan,nan,nan,nan,nan,nan,nan,nan,nan,nan,nan
1050,46.3872,400,0.129907,2.66667,0,0.101087,0.989373,0.00583442,-0.0258488,32.685,0.0003,0,1.49385,6219.51,0.18708,0.059885,-0.6,0.15,1,4.8201,219.422,1.6128e+06,0,0,2.1868,0.000561016,-0.172619,nan,0,nan,nan,nan,nan,0,nan,0,nan,nan,nan,-0.266096,nan,nan
1051,nan,nan,0.0752994,0,0,0.535861,2.2636,0.177553,-0.0105629,32.6927,0.0003,0,1.4944,8314.88,0.125701,0.0590281,-0.6,0.15,1,4.8201,219.607,1.61434e+06,nan,nan,nan,nan,nan,nan,nan,nan,nan,nan,nan,nan,nan,nan,nan,nan,nan,nan,nan,nan
1052,nan,nan,0.104807,0,0,0.443693,2.65144,0.232477,-0.0460607,32.7018,0.0003,0,1.49536,8267.62,0.126135,0.0596502,-0.6,0.15,1,4.8201,219.793,1.61587e+06,nan,nan,nan,nan,nan,nan,nan,nan,nan,nan,nan,nan,nan,nan,nan,nan,nan,nan,nan,nan
1053,nan,nan,0.0995434,0,0,0.324384,2.10257,0.294029,-0.0351584,32.7128,0.0003,0,1.49611,8043.23,0.132293,0.0586751,-0.6,0.15,1,4.8201,219.984,1.61741e+06,nan,nan,nan,nan,nan,nan,nan,nan,nan,nan,nan,nan,nan,nan,nan,nan,nan,nan,nan,nan
1054,nan,nan,0.0998759,0,0,0.262235,1.63301,0.213948,-0.0320319,32.7194,0.0003,0,1.49655,8036.58,0.132359,0.0587671,-0.6,0.15,1,4.8201,220.176,1.61894e+06,nan,nan,nan,nan,nan,nan,nan,nan,nan,nan,nan,nan,nan,nan,nan,nan,nan,nan,nan,nan
1055,nan,nan,0.106965,0,0,0.218567,1.43326,0.164486,-0.0242575,32.7286,0.0003,0,1.49765,7944.06,0.134156,0.0591958,-0.6,0.15,1,4.8201,220.369,1.62048e+06,nan,nan,nan,nan,nan,nan,nan,nan,nan,nan,nan,nan,nan,nan,nan,nan,nan,nan,nan,nan
1056,nan,nan,0.112417,0,0,0.185551,1.32804,0.104205,-0.0228065,32.7466,0.0003,0,1.49934,7999.46,0.133194,0.0588188,-0.6,0.15,1,4.8201,220.561,1.62202e+06,nan,nan,nan,nan,nan,nan,nan,nan,nan,nan,nan,nan,nan,nan,nan,nan,nan,nan,nan,nan
1057,nan,nan,0.122568,0,0,0.128839,1.09182,0.126871,-0.0297299,32.7689,0.0003,0,1.50151,7805.5,0.136192,0.0605922,-0.6,0.15,1,4.8201,220.759,1.62355e+06,nan,nan,nan,nan,nan,nan,nan,nan,nan,nan,nan,nan,nan,nan,nan,nan,nan,nan,nan,nan
1058,nan,nan,0.124402,0,0,0.13265,1.05828,0.139029,-0.0239007,32.7969,0.0003,0,1.50379,7832.01,0.136629,0.059489,-0.6,0.15,1,4.8201,220.955,1.62509e+06,nan,nan,nan,nan,nan,nan,nan,nan,nan,nan,nan,nan,nan,nan,nan,nan,nan,nan,nan,nan
1059,nan,nan,0.126252,0,0,0.139328,1.14283,0.0806179,-0.023053,32.8232,0.0003,0,1.50592,7667.12,0.138605,0.0617309,-0.6,0.15,1,4.8201,221.155,1.62662e+06,nan,nan,nan,nan,nan,nan,nan,nan,nan,nan,nan,nan,nan,nan,nan,nan,nan,nan,nan,nan
1060,nan,nan,0.127036,0,0,0.132285,1.09764,0.0850277,-0.0307466,32.846,0.0003,0,1.50763,7652.26,0.139722,0.0610032,-0.6,0.15,1,4.8201,221.356,1.62816e+06,nan,nan,nan,nan,nan,nan,nan,nan,nan,nan,nan,nan,nan,nan,nan,nan,nan,nan,nan,nan
1061,nan,nan,0.124597,0,0,0.109772,1.0253,0.0617428,-0.0216184,32.8661,0.0003,0,1.50944,7527.9,0.142166,0.0618749,-0.6,0.15,1,4.8201,221.561,1.6297e+06,nan,nan,nan,nan,nan,nan,nan,nan,nan,nan,nan,nan,nan,nan,nan,nan,nan,nan,nan,nan
1062,nan,nan,0.127245,0,0,0.105944,1.05859,0.019968,-0.0337359,32.8874,0.0003,0,1.51114,7135.75,0.150507,0.0647471,-0.6,0.15,1,4.8201,221.776,1.63123e+06,nan,nan,nan,nan,nan,nan,nan,nan,nan,nan,nan,nan,nan,nan,nan,nan,nan,nan,nan,nan
1063,nan,nan,0.128781,0,0,0.113402,1.03569,0.0487785,-0.0266272,32.9046,0.0003,0,1.51261,7632.3,0.140488,0.0607617,-0.6,0.15,1,4.8201,221.978,1.63277e+06,nan,nan,nan,nan,nan,nan,nan,nan,nan,nan,nan,nan,nan,nan,nan,nan,nan,nan,nan,nan
1064,nan,nan,0.129344,0,0,0.100338,0.985353,0.0315412,-0.0241358,32.9277,0.0003,0,1.51532,7480.38,0.143597,0.0617399,-0.6,0.15,1,4.8201,222.183,1.6343e+06,nan,nan,nan,nan,nan,nan,nan,nan,nan,nan,nan,nan,nan,nan,nan,nan,nan,nan,nan,nan
1065,nan,nan,0.130094,0,0,0.0988165,0.947153,0.00682354,-0.0266599,32.9645,0.0003,0,1.51849,7708.32,0.139075,0.06019,-0.6,0.15,1,4.8201,222.383,1.63584e+06,nan,nan,nan,nan,nan,nan,nan,nan,nan,nan,nan,nan,nan,nan,nan,nan,nan,nan,nan,nan
1066,nan,nan,0.129993,0,0,0.100755,0.982922,0.0078729,-0.0221295,33.0014,0.0003,0,1.52109,7674.82,0.137357,0.062778,-0.6,0.15,1,4.8201,222.583,1.63738e+06,nan,nan,nan,nan,nan,nan,nan,nan,nan,nan,nan,nan,nan,nan,nan,nan,nan,nan,nan,nan
1067,46.9473,400,0.0975949,2.66667,0,0.204209,1.09949,0.0358258,-0.0123721,33.0259,0.0003,0,1.52258,6255.32,0.18545,0.060101,-0.6,0.15,1,4.8201,222.829,1.63891e+06,0,0,2.20674,0.000515921,-0.173251,nan,0,nan,nan,nan,nan,0,nan,0,nan,nan,nan,-0.254805,nan,nan
1068,nan,nan,0.096021,0,0,0.598675,2.6538,0.141004,-0.0313423,33.0366,0.0003,0,1.52292,7179.32,0.128753,0.0851948,-0.6,0.15,1,4.8201,223.043,1.64045e+06,nan,nan,nan,nan,nan,nan,nan,nan,nan,nan,nan,nan,nan,nan,nan,nan,nan,nan,nan,nan
1069,nan,nan,0.110066,0,0,0.43007,2.26358,0.177244,-0.0402978,33.0461,0.0003,0,1.52458,7102.82,0.136444,0.079808,-0.6,0.15,1,4.8201,223.26,1.64198e+06,nan,nan,nan,nan,nan,nan,nan,nan,nan,nan,nan,nan,nan,nan,nan,nan,nan,nan,nan,nan
1070,nan,nan,0.106879,0,0,0.330253,1.91856,0.142473,-0.0350303,33.0739,0.0003,0,1.52724,8035.91,0.132008,0.059134,-0.6,0.15,1,4.8201,223.451,1.64352e+06,nan,nan,nan,nan,nan,nan,nan,nan,nan,nan,nan,nan,nan,nan,nan,nan,nan,nan,nan,nan
1071,nan,nan,0.107599,0,0,0.274525,1.57979,0.101675,-0.0358499,33.1018,0.0003,0,1.52923,8034.01,0.131754,0.059433,-0.6,0.15,1,4.8201,223.643,1.64506e+06,nan,nan,nan,nan,nan,nan,nan,nan,nan,nan,nan,nan,nan,nan,nan,nan,nan,nan,nan,nan
1072,nan,nan,0.113868,0,0,0.226972,1.48996,0.0623547,-0.0358836,33.1182,0.0003,0,1.52975,7931.99,0.134721,0.0589252,-0.6,0.15,1,4.8201,223.837,1.64659e+06,nan,nan,nan,nan,nan,nan,nan,nan,nan,nan,nan,nan,nan,nan,nan,nan,nan,nan,nan,nan
1073,nan,nan,0.120184,0,0,0.200485,1.40438,0.0325531,-0.0330913,33.1227,0.0003,0,1.53056,7981.51,0.133104,0.059341,-0.6,0.15,1,4.8201,224.029,1.64813e+06,nan,nan,nan,nan,nan,nan,nan,nan,nan,nan,nan,nan,nan,nan,nan,nan,nan,nan,nan,nan
1074,nan,nan,0.122263,0,0,0.158143,1.25768,0.049358,-0.0341401,33.1341,0.0003,0,1.53129,7817.83,0.136577,0.0598969,-0.6,0.15,1,4.8201,224.226,1.64966e+06,nan,nan,nan,nan,nan,nan,nan,nan,nan,nan,nan,nan,nan,nan,nan,nan,nan,nan,nan,nan
1075,nan,nan,0.121725,0,0,0.147766,1.21017,0.0479433,-0.0290854,33.1451,0.0003,0,1.53306,7802.7,0.136071,0.0607839,-0.6,0.15,1,4.8201,224.423,1.6512e+06,nan,nan,nan,nan,nan,nan,nan,nan,nan,nan,nan,nan,nan,nan,nan,nan,nan,nan,nan,nan
1076,nan,nan,0.122734,0,0,0.131564,1.21171,0.119007,-0.0257116,33.1675,0.0003,0,1.53467,7832.06,0.135057,0.06106,-0.6,0.15,1,4.8201,224.62,1.65274e+06,nan,nan,nan,nan,nan,nan,nan,nan,nan,nan,nan,nan,nan,nan,nan,nan,nan,nan,nan,nan
1077,nan,nan,0.120324,0,0,0.116372,1.13037,0.0369214,-0.0360452,33.185,0.0003,0,1.53627,7780.32,0.137517,0.0599039,-0.6,0.15,1,4.8201,224.817,1.65427e+06,nan,nan,nan,nan,nan,nan,nan,nan,nan,nan,nan,nan,nan,nan,nan,nan,nan,nan,nan,nan
1078,nan,nan,0.119504,0,0,0.106561,1.07488,0.0251421,-0.0330526,33.213,0.0003,0,1.53884,7840.3,0.135208,0.0607028,-0.6,0.15,1,4.8201,225.013,1.65581e+06,nan,nan,nan,nan,nan,nan,nan,nan,nan,nan,nan,nan,nan,nan,nan,nan,nan,nan,nan,nan
1079,nan,nan,0.119884,0,0,0.0989657,1.06647,0.0313041,-0.0271407,33.2379,0.0003,0,1.54079,7768.33,0.137445,0.0602813,-0.6,0.15,1,4.8201,225.211,1.65734e+06,nan,nan,nan,nan,nan,nan,nan,nan,nan,nan,nan,nan,nan,nan,nan,nan,nan,nan,nan,nan
1080,nan,nan,0.122541,0,0,0.118698,1.08075,0.0687733,-0.017976,33.2584,0.0003,0,1.54236,7818.78,0.135636,0.0608141,-0.6,0.15,1,4.8201,225.408,1.65888e+06,nan,nan,nan,nan,nan,nan,nan,nan,nan,nan,nan,nan,nan,nan,nan,nan,nan,nan,nan,nan
1081,nan,nan,0.12384,0,0,0.115475,1.05512,0.0219994,-0.0284007,33.2777,0.0003,0,1.54396,7831.42,0.136388,0.0597448,-0.6,0.15,1,4.8201,225.604,1.66042e+06,nan,nan,nan,nan,nan,nan,nan,nan,nan,nan,nan,nan,nan,nan,nan,nan,nan,nan,nan,nan
1082,nan,nan,0.124306,0,0,0.114771,1.10648,0.0454281,-0.0280372,33.2997,0.0003,0,1.54696,7898.93,0.133994,0.060463,-0.6,0.15,1,4.8201,225.799,1.66195e+06,nan,nan,nan,nan,nan,nan,nan,nan,nan,nan,nan,nan,nan,nan,nan,nan,nan,nan,nan,nan
1083,nan,nan,0.125667,0,0,0.107122,1.00532,0.0353484,-0.0233026,33.3373,0.0003,0,1.54973,7913.24,0.135172,0.058933,-0.6,0.15,1,4.8201,225.993,1.66349e+06,nan,nan,nan,nan,nan,nan,nan,nan,nan,nan,nan,nan,nan,nan,nan,nan,nan,nan,nan,nan
1084,46.3263,400,0.0838458,2.66667,0,0.333087,1.64249,0.373455,-0.00787566,33.3606,0.0003,0,1.55067,6418.08,0.180069,0.0592551,-0.6,0.15,1,4.8201,226.233,1.66502e+06,0,0,2.2019,0.000406731,-0.180462,nan,0,nan,nan,nan,nan,0,nan,0,nan,nan,nan,-0.265407,nan,nan
1085,nan,nan,0.102684,0,0,0.587256,2.89658,0.481877,-0.0284168,33.3684,0.0003,0,1.55158,8216.33,0.127659,0.0592856,-0.6,0.15,1,4.8201,226.42,1.66656e+06,nan,nan,nan,nan,nan,nan,nan,nan,nan,nan,nan,nan,nan,nan,nan,nan,nan,nan,nan,nan
1086,nan,nan,0.103742,0,0,0.312222,2.17601,0.420249,-0.0292276,33.3819,0.0003,0,1.55275,7908.22,0.127882,0.0663459,-0.6,0.15,1,4.8201,226.615,1.6681e+06,nan,nan,nan,nan,nan,nan,nan,nan,nan,nan,nan,nan,nan,nan,nan,nan,nan,nan,nan,nan
1087,nan,nan,0.102223,0,0,0.299631,2.02327,0.324692,-0.0325388,33.3951,0.0003,0,1.55384,7591.13,0.14132,0.0610211,-0.6,0.15,1,4.8201,226.817,1.66963e+06,nan,nan,nan,nan,nan,nan,nan,nan,nan,nan,nan,nan,nan,nan,nan,nan,nan,nan,nan,nan
1088,nan,nan,0.101705,0,0,0.284817,1.82882,0.23278,-0.0340747,33.4069,0.0003,0,1.55477,7835.73,0.136486,0.0595388,-0.6,0.15,1,4.8201,227.014,1.67117e+06,nan,nan,nan,nan,nan,nan,nan,nan,nan,nan,nan,nan,nan,nan,nan,nan,nan,nan,nan,nan
1089,nan,nan,0.0954839,0,0,0.247095,1.809,0.758795,-0.0264538,33.4177,0.0003,0,1.55593,7841.78,0.135789,0.0600848,-0.6,0.15,1,4.8201,227.21,1.6727e+06,nan,nan,nan,nan,nan,nan,nan,nan,nan,nan,nan,nan,nan,nan,nan,nan,nan,nan,nan,nan
1090,nan,nan,0.0963564,0,0,0.223722,1.72882,0.472017,-0.0364415,33.4336,0.0003,0,1.55738,7758.61,0.137613,0.0603609,-0.6,0.15,1,4.8201,227.408,1.67424e+06,nan,nan,nan,nan,nan,nan,nan,nan,nan,nan,nan,nan,nan,nan,nan,nan,nan,nan,nan,nan
1091,nan,nan,0.102949,0,0,0.219249,1.5693,0.176874,-0.0326058,33.4457,0.0003,0,1.55804,7750.34,0.137654,0.0605309,-0.6,0.15,1,4.8201,227.606,1.67578e+06,nan,nan,nan,nan,nan,nan,nan,nan,nan,nan,nan,nan,nan,nan,nan,nan,nan,nan,nan,nan
1092,nan,nan,0.109923,0,0,0.186899,1.33601,0.080997,-0.0301555,33.4537,0.0003,0,1.55893,7845.65,0.136373,0.0594041,-0.6,0.15,1,4.8201,227.802,1.67731e+06,nan,nan,nan,nan,nan,nan,nan,nan,nan,nan,nan,nan,nan,nan,nan,nan,nan,nan,nan,nan
1093,nan,nan,0.11134,0,0,0.17256,1.37351,0.0766537,-0.0349689,33.4705,0.0003,0,1.56107,6493.64,0.144439,0.0921001,-0.6,0.15,1,4.8201,228.039,1.67885e+06,nan,nan,nan,nan,nan,nan,nan,nan,nan,nan,nan,nan,nan,nan,nan,nan,nan,nan,nan,nan
1094,nan,nan,0.112096,0,0,0.154174,1.25535,0.137826,-0.0280343,33.4968,0.0003,0,1.56333,6774.87,0.142331,0.084389,-0.6,0.15,1,4.8201,228.266,1.68038e+06,nan,nan,nan,nan,nan,nan,nan,nan,nan,nan,nan,nan,nan,nan,nan,nan,nan,nan,nan,nan
1095,nan,nan,0.110303,0,0,0.147608,1.17134,0.164556,-0.024658,33.5212,0.0003,0,1.56515,6531.84,0.153503,0.0816529,-0.6,0.15,1,4.8201,228.502,1.68192e+06,nan,nan,nan,nan,nan,nan,nan,nan,nan,nan,nan,nan,nan,nan,nan,nan,nan,nan,nan,nan
1096,nan,nan,0.109978,0,0,0.140629,1.16775,0.342265,-0.0218148,33.5414,0.0003,0,1.56703,7750.76,0.138356,0.059818,-0.6,0.15,1,4.8201,228.7,1.68346e+06,nan,nan,nan,nan,nan,nan,nan,nan,nan,nan,nan,nan,nan,nan,nan,nan,nan,nan,nan,nan
1097,nan,nan,0.1167,0,0,0.161331,1.1929,0.082691,-0.0312824,33.5613,0.0003,0,1.5685,7594,0.140599,0.061666,-0.6,0.15,1,4.8201,228.903,1.68499e+06,nan,nan,nan,nan,nan,nan,nan,nan,nan,nan,nan,nan,nan,nan,nan,nan,nan,nan,nan,nan
1098,nan,nan,0.116846,0,0,0.168575,1.19308,0.14914,-0.0302083,33.5776,0.0003,0,1.57013,7807.03,0.136806,0.0599401,-0.6,0.15,1,4.8201,229.1,1.68653e+06,nan,nan,nan,nan,nan,nan,nan,nan,nan,nan,nan,nan,nan,nan,nan,nan,nan,nan,nan,nan
1099,nan,nan,0.116828,0,0,0.142574,1.08868,0.135917,-0.0212041,33.6006,0.0003,0,1.57268,7923.89,0.133975,0.0598691,-0.6,0.15,1,4.8201,229.294,1.68806e+06,nan,nan,nan,nan,nan,nan,nan,nan,nan,nan,nan,nan,nan,nan,nan,nan,nan,nan,nan,nan
1100,42.4252,400,0.116899,2.66667,0,0.132003,1.10344,0.122916,-0.0238903,33.6329,0.0003,0,1.57568,6187.19,0.187908,0.0603468,-0.6,0.15,1,4.8201,229.542,1.6896e+06,0,0,2.03982,0.000527919,-0.18856,nan,0,nan,nan,nan,nan,0,nan,0,nan,nan,nan,-0.324584,nan,nan
1101,nan,nan,0.0677713,0,0,0.552987,2.4262,0.461088,-0.0158608,33.6599,0.0003,0,1.5771,8080.69,0.129635,0.0604479,-0.6,0.15,1,4.8201,229.733,1.69114e+06,nan,nan,nan,nan,nan,nan,nan,nan,nan,nan,nan,nan,nan,nan,nan,nan,nan,nan,nan,nan
1102,nan,nan,0.105861,0,0,0.461122,2.21175,0.34552,-0.0362257,33.6746,0.0003,0,1.57854,8113.94,0.129057,0.0602469,-0.6,0.15,1,4.8201,229.922,1.69267e+06,nan,nan,nan,nan,nan,nan,nan,nan,nan,nan,nan,nan,nan,nan,nan,nan,nan,nan,nan,nan
1103,nan,nan,0.104004,0,0,0.392781,2.14325,0.27445,-0.0381217,33.6878,0.0003,0,1.57963,8047.11,0.130732,0.0601439,-0.6,0.15,1,4.8201,230.113,1.69421e+06,nan,nan,nan,nan,nan,nan,nan,nan,nan,nan,nan,nan,nan,nan,nan,nan,nan,nan,nan,nan
1104,nan,nan,0.107775,0,0,0.352564,2.10179,0.338772,-0.0343292,33.7062,0.0003,0,1.5818,8086.64,0.129907,0.0600357,-0.6,0.15,1,4.8201,230.303,1.69574e+06,nan,nan,nan,nan,nan,nan,nan,nan,nan,nan,nan,nan,nan,nan,nan,nan,nan,nan,nan,nan
1105,nan,nan,0.108965,0,0,0.304873,1.93249,0.103784,-0.0380936,33.7335,0.0003,0,1.58462,7889.3,0.134258,0.060436,-0.6,0.15,1,4.8201,230.498,1.69728e+06,nan,nan,nan,nan,nan,nan,nan,nan,nan,nan,nan,nan,nan,nan,nan,nan,nan,nan,nan,nan
1106,nan,nan,0.113183,0,0,0.294218,1.79005,0.0854167,-0.0294214,33.7683,0.0003,0,1.58749,7988.35,0.132137,0.0601432,-0.6,0.15,1,4.8201,230.691,1.69882e+06,nan,nan,nan,nan,nan,nan,nan,nan,nan,nan,nan,nan,nan,nan,nan,nan,nan,nan,nan,nan
1107,nan,nan,0.116624,0,0,0.284656,1.77164,0.0381004,-0.0391845,33.7979,0.0003,0,1.58945,7948.82,0.132887,0.060349,-0.6,0.15,1,4.8201,230.884,1.70035e+06,nan,nan,nan,nan,nan,nan,nan,nan,nan,nan,nan,nan,nan,nan,nan,nan,nan,nan,nan,nan
1108,nan,nan,0.116326,0,0,0.283726,1.96639,0.0824193,-0.0367176,33.8188,0.0003,0,1.59167,7831.62,0.131703,0.0644248,-0.6,0.15,1,4.8201,231.081,1.70189e+06,nan,nan,nan,nan,nan,nan,nan,nan,nan,nan,nan,nan,nan,nan,nan,nan,nan,nan,nan,nan
1109,nan,nan,0.114759,0,0,0.282901,1.74505,0.091874,-0.0298671,33.8437,0.0003,0,1.59397,8025,0.13159,0.0598121,-0.6,0.15,1,4.8201,231.272,1.70342e+06,nan,nan,nan,nan,nan,nan,nan,nan,nan,nan,nan,nan,nan,nan,nan,nan,nan,nan,nan,nan
1110,nan,nan,0.115823,0,0,0.246893,1.70542,0.0771479,-0.0322007,33.878,0.0003,0,1.59783,8017.98,0.131083,0.0604863,-0.6,0.15,1,4.8201,231.464,1.70496e+06,nan,nan,nan,nan,nan,nan,nan,nan,nan,nan,nan,nan,nan,nan,nan,nan,nan,nan,nan,nan
1111,nan,nan,0.116863,0,0,0.228493,1.54551,0.0482558,-0.0270446,33.9168,0.0003,0,1.60023,8014.82,0.131364,0.0602813,-0.6,0.15,1,4.8201,231.656,1.7065e+06,nan,nan,nan,nan,nan,nan,nan,nan,nan,nan,nan,nan,nan,nan,nan,nan,nan,nan,nan,nan
1112,nan,nan,0.11629,0,0,0.242097,1.4607,0.0604918,-0.0333682,33.9394,0.0003,0,1.6018,8029.33,0.131361,0.0599377,-0.6,0.15,1,4.8201,231.848,1.70803e+06,nan,nan,nan,nan,nan,nan,nan,nan,nan,nan,nan,nan,nan,nan,nan,nan,nan,nan,nan,nan
1113,nan,nan,0.114918,0,0,0.233575,1.45854,0.0458248,-0.0359957,33.9534,0.0003,0,1.60313,8042.31,0.131044,0.0599461,-0.6,0.15,1,4.8201,232.039,1.70957e+06,nan,nan,nan,nan,nan,nan,nan,nan,nan,nan,nan,nan,nan,nan,nan,nan,nan,nan,nan,nan
1114,nan,nan,0.116541,0,0,0.230353,1.46152,0.086477,-0.0313146,33.9675,0.0003,0,1.60418,7993.3,0.131891,0.0602698,-0.6,0.15,1,4.8201,232.231,1.7111e+06,nan,nan,nan,nan,nan,nan,nan,nan,nan,nan,nan,nan,nan,nan,nan,nan,nan,nan,nan,nan
1115,nan,nan,0.113847,0,0,0.197428,1.35075,0.200807,-0.030576,33.9813,0.0003,0,1.60555,7886.51,0.134662,0.060101,-0.6,0.15,1,4.8201,232.426,1.71264e+06,nan,nan,nan,nan,nan,nan,nan,nan,nan,nan,nan,nan,nan,nan,nan,nan,nan,nan,nan,nan
1116,nan,nan,0.117475,0,0,0.193003,1.29913,0.186657,-0.0361381,34.001,0.0003,0,1.60774,7968.21,0.13243,0.0603361,-0.6,0.15,1,4.8201,232.619,1.71418e+06,nan,nan,nan,nan,nan,nan,nan,nan,nan,nan,nan,nan,nan,nan,nan,nan,nan,nan,nan,nan
1117,44.3089,400,0.0921863,2.66667,0,0.250946,1.44301,0.128984,-0.0327836,34.0289,0.0003,0,1.61071,6262.08,0.185007,0.0602789,-0.6,0.15,1,4.8201,232.865,1.71571e+06,0,0,2.12716,0.000459071,-0.205463,nan,0,nan,nan,nan,nan,0,nan,0,nan,nan,nan,-0.358378,nan,nan
1118,nan,nan,0.0925652,0,0,0.505316,3.02248,0.315571,-0.0267877,34.0549,0.0003,0,1.61187,7527.38,0.129876,0.0741792,-0.6,0.15,1,4.8201,233.069,1.71725e+06,nan,nan,nan,nan,nan,nan,nan,nan,nan,nan,nan,nan,nan,nan,nan,nan,nan,nan,nan,nan
1119,nan,nan,0.103749,0,0,0.432008,2.32722,0.272777,-0.0437567,34.0679,0.0003,0,1.61385,7326.36,0.149401,0.0602529,-0.6,0.15,1,4.8201,233.279,1.71878e+06,nan,nan,nan,nan,nan,nan,nan,nan,nan,nan,nan,nan,nan,nan,nan,nan,nan,nan,nan,nan
1120,nan,nan,0.101353,0,0,0.330136,1.99502,0.394284,-0.0354455,34.0864,0.0003,0,1.61466,7920.47,0.132812,0.061116,-0.6,0.15,1,4.8201,233.473,1.72032e+06,nan,nan,nan,nan,nan,nan,nan,nan,nan,nan,nan,nan,nan,nan,nan,nan,nan,nan,nan,nan
1121,nan,nan,0.105092,0,0,0.277105,1.75578,0.23655,-0.0394526,34.1016,0.0003,0,1.61646,7728.07,0.138254,0.0605018,-0.6,0.15,1,4.8201,233.672,1.72186e+06,nan,nan,nan,nan,nan,nan,nan,nan,nan,nan,nan,nan,nan,nan,nan,nan,nan,nan,nan,nan
1122,nan,nan,0.106354,0,0,0.216359,1.6147,0.17228,-0.0357306,34.1218,0.0003,0,1.61837,8000.87,0.132049,0.0599301,-0.6,0.15,1,4.8201,233.865,1.72339e+06,nan,nan,nan,nan,nan,nan,nan,nan,nan,nan,nan,nan,nan,nan,nan,nan,nan,nan,nan,nan
1123,nan,nan,0.114976,0,0,0.222365,1.64783,0.0408969,-0.0388041,34.1409,0.0003,0,1.61969,7871.92,0.134652,0.060472,-0.6,0.15,1,4.8201,234.06,1.72493e+06,nan,nan,nan,nan,nan,nan,nan,nan,nan,nan,nan,nan,nan,nan,nan,nan,nan,nan,nan,nan
1124,nan,nan,0.119969,0,0,0.230485,1.60864,0.0353379,-0.0398991,34.1554,0.0003,0,1.62132,7768.02,0.136702,0.0610318,-0.6,0.15,1,4.8201,234.258,1.72646e+06,nan,nan,nan,nan,nan,nan,nan,nan,nan,nan,nan,nan,nan,nan,nan,nan,nan,nan,nan,nan
1125,nan,nan,0.122279,0,0,0.215537,1.47789,0.0448123,-0.0258197,34.1791,0.0003,0,1.62387,7824.03,0.134966,0.0613523,-0.6,0.15,1,4.8201,234.455,1.728e+06,nan,nan,nan,nan,nan,nan,nan,nan,nan,nan,nan,nan,nan,nan,nan,nan,nan,nan,nan,nan
1126,nan,nan,0.121712,0,0,0.206123,1.48399,0.0409654,-0.0271211,34.2031,0.0003,0,1.62525,7690.81,0.134166,0.0655529,-0.6,0.15,1,4.8201,234.655,1.72954e+06,nan,nan,nan,nan,nan,nan,nan,nan,nan,nan,nan,nan,nan,nan,nan,nan,nan,nan,nan,nan
1127,nan,nan,0.124079,0,0,0.203264,1.51254,0.0465543,-0.0360994,34.2187,0.0003,0,1.6274,7889.95,0.134307,0.0603712,-0.6,0.15,1,4.8201,234.85,1.73107e+06,nan,nan,nan,nan,nan,nan,nan,nan,nan,nan,nan,nan,nan,nan,nan,nan,nan,nan,nan,nan
1128,nan,nan,0.123663,0,0,0.213656,1.4259,0.0708899,-0.0340145,34.2463,0.0003,0,1.62978,7952.45,0.13286,0.060288,-0.6,0.15,1,4.8201,235.043,1.73261e+06,nan,nan,nan,nan,nan,nan,nan,nan,nan,nan,nan,nan,nan,nan,nan,nan,nan,nan,nan,nan
1129,nan,nan,0.121554,0,0,0.169762,1.39074,0.0366506,-0.0330722,34.2699,0.0003,0,1.63117,7776.59,0.136481,0.0610349,-0.6,0.15,1,4.8201,235.241,1.73414e+06,nan,nan,nan,nan,nan,nan,nan,nan,nan,nan,nan,nan,nan,nan,nan,nan,nan,nan,nan,nan
1130,nan,nan,0.123138,0,0,0.186314,1.42979,0.0356218,-0.0351008,34.2859,0.0003,0,1.63327,7805.7,0.136156,0.0606229,-0.6,0.15,1,4.8201,235.438,1.73568e+06,nan,nan,nan,nan,nan,nan,nan,nan,nan,nan,nan,nan,nan,nan,nan,nan,nan,nan,nan,nan
1131,nan,nan,0.124999,0,0,0.191702,1.48243,0.0564677,-0.0310603,34.3076,0.0003,0,1.63434,7745.45,0.137109,0.0612009,-0.6,0.15,1,4.8201,235.636,1.73722e+06,nan,nan,nan,nan,nan,nan,nan,nan,nan,nan,nan,nan,nan,nan,nan,nan,nan,nan,nan,nan
1132,nan,nan,0.124366,0,0,0.173754,1.3048,0.0404186,-0.0315393,34.3235,0.0003,0,1.63696,7843.17,0.13541,0.0604289,-0.6,0.15,1,4.8201,235.832,1.73875e+06,nan,nan,nan,nan,nan,nan,nan,nan,nan,nan,nan,nan,nan,nan,nan,nan,nan,nan,nan,nan
1133,nan,nan,0.126856,0,0,0.164964,1.28279,0.0184594,-0.0315587,34.3576,0.0003,0,1.64014,7803.65,0.136541,0.0602901,-0.6,0.15,1,4.8201,236.03,1.74029e+06,nan,nan,nan,nan,nan,nan,nan,nan,nan,nan,nan,nan,nan,nan,nan,nan,nan,nan,nan,nan
1134,45.8893,400,0.0839861,2.66667,0,0.289244,1.80017,0.0498687,-0.011562,34.3894,0.0003,0,1.64217,6291.42,0.183212,0.06093,-0.6,0.15,1,4.8201,236.274,1.74182e+06,0,0,2.17243,0.000534006,-0.207445,nan,0,nan,nan,nan,nan,0,nan,0,nan,nan,nan,-0.275713,nan,nan
1135,nan,nan,0.103767,0,0,0.497012,2.67427,0.163473,-0.0395713,34.403,0.0003,0,1.64314,8039.95,0.130225,0.0608211,-0.6,0.15,1,4.8201,236.465,1.74336e+06,nan,nan,nan,nan,nan,nan,nan,nan,nan,nan,nan,nan,nan,nan,nan,nan,nan,nan,nan,nan
1136,nan,nan,0.108342,0,0,0.34082,1.96281,0.141694,-0.0427635,34.4193,0.0003,0,1.64508,7930,0.133032,0.0606627,-0.6,0.15,1,4.8201,236.659,1.7449e+06,nan,nan,nan,nan,nan,nan,nan,nan,nan,nan,nan,nan,nan,nan,nan,nan,nan,nan,nan,nan
1137,nan,nan,0.113184,0,0,0.24702,1.73623,0.11917,-0.0437506,34.4421,0.0003,0,1.64742,7884.89,0.134239,0.060564,-0.6,0.15,1,4.8201,236.854,1.74643e+06,nan,nan,nan,nan,nan,nan,nan,nan,nan,nan,nan,nan,nan,nan,nan,nan,nan,nan,nan,nan
1138,nan,nan,0.118713,0,0,0.222207,1.53397,0.0853641,-0.0294483,34.4689,0.0003,0,1.6496,7870.15,0.134802,0.0603659,-0.6,0.15,1,4.8201,237.05,1.74797e+06,nan,nan,nan,nan,nan,nan,nan,nan,nan,nan,nan,nan,nan,nan,nan,nan,nan,nan,nan,nan
1139,nan,nan,0.120079,0,0,0.194114,1.41599,0.078279,-0.0377738,34.4903,0.0003,0,1.65165,7907.24,0.133492,0.0607603,-0.6,0.15,1,4.8201,237.244,1.7495e+06,nan,nan,nan,nan,nan,nan,nan,nan,nan,nan,nan,nan,nan,nan,nan,nan,nan,nan,nan,nan
1140,nan,nan,0.122696,0,0,0.167123,1.26926,0.0333713,-0.0370114,34.5172,0.0003,0,1.65503,7944.18,0.132782,0.0605669,-0.6,0.15,1,4.8201,237.438,1.75104e+06,nan,nan,nan,nan,nan,nan,nan,nan,nan,nan,nan,nan,nan,nan,nan,nan,nan,nan,nan,nan
1141,nan,nan,0.12555,0,0,0.151143,1.26666,0.0167411,-0.0314421,34.5561,0.0003,0,1.65803,7824.17,0.135785,0.0605299,-0.6,0.15,1,4.8201,237.634,1.75258e+06,nan,nan,nan,nan,nan,nan,nan,nan,nan,nan,nan,nan,nan,nan,nan,nan,nan,nan,nan,nan
1142,nan,nan,0.127159,0,0,0.164281,1.22764,0.01559,-0.0341015,34.5779,0.0003,0,1.65877,7775.4,0.137408,0.060138,-0.6,0.15,1,4.8201,237.832,1.75411e+06,nan,nan,nan,nan,nan,nan,nan,nan,nan,nan,nan,nan,nan,nan,nan,nan,nan,nan,nan,nan
1143,nan,nan,0.125484,0,0,0.147426,1.13212,0.0144698,-0.0310441,34.589,0.0003,0,1.6605,7814.85,0.136469,0.0600801,-0.6,0.15,1,4.8201,238.029,1.75565e+06,nan,nan,nan,nan,nan,nan,nan,nan,nan,nan,nan,nan,nan,nan,nan,nan,nan,nan,nan,nan
1144,nan,nan,0.128466,0,0,0.118615,1.0448,0.00900515,-0.025701,34.6118,0.0003,0,1.66279,7151.33,0.150075,0.0647101,-0.6,0.15,1,4.8201,238.244,1.75718e+06,nan,nan,nan,nan,nan,nan,nan,nan,nan,nan,nan,nan,nan,nan,nan,nan,nan,nan,nan,nan
1145,nan,nan,0.128141,0,0,0.124281,1.05541,0.010239,-0.0272401,34.6372,0.0003,0,1.66498,7861.2,0.135084,0.0603058,-0.6,0.15,1,4.8201,238.44,1.75872e+06,nan,nan,nan,nan,nan,nan,nan,nan,nan,nan,nan,nan,nan,nan,nan,nan,nan,nan,nan,nan
1146,nan,nan,0.128838,0,0,0.134005,1.151,0.0235985,-0.0260803,34.6563,0.0003,0,1.66638,7835.1,0.135182,0.0608592,-0.6,0.15,1,4.8201,238.636,1.76026e+06,nan,nan,nan,nan,nan,nan,nan,nan,nan,nan,nan,nan,nan,nan,nan,nan,nan,nan,nan,nan
1147,nan,nan,0.125978,0,0,0.124985,1.09718,0.0569847,-0.0146592,34.6748,0.0003,0,1.66909,7708.82,0.138778,0.0604742,-0.6,0.15,1,4.8201,238.835,1.76179e+06,nan,nan,nan,nan,nan,nan,nan,nan,nan,nan,nan,nan,nan,nan,nan,nan,nan,nan,nan,nan
1148,nan,nan,0.126542,0,0,0.113895,1.07386,0.0255828,-0.0222779,34.7064,0.0003,0,1.67187,7623.2,0.140621,0.0608692,-0.6,0.15,1,4.8201,239.037,1.76333e+06,nan,nan,nan,nan,nan,nan,nan,nan,nan,nan,nan,nan,nan,nan,nan,nan,nan,nan,nan,nan
1149,nan,nan,0.128752,0,0,0.105875,1.05865,0.00789721,-0.0283921,34.7379,0.0003,0,1.67518,7631.78,0.139562,0.0617018,-0.6,0.15,1,4.8201,239.239,1.76486e+06,nan,nan,nan,nan,nan,nan,nan,nan,nan,nan,nan,nan,nan,nan,nan,nan,nan,nan,nan,nan
1150,48.1002,400,0.130842,2.66667,0,0.10147,1.01044,0.00202518,-0.0348129,34.7707,0.0003,0,1.67729,6043.39,0.192532,0.0616298,-0.6,0.15,1,4.8201,239.493,1.7664e+06,0,0,2.24427,0.000503484,-0.211482,nan,0,nan,nan,nan,nan,0,nan,0,nan,nan,nan,-0.202548,nan,nan
1151,nan,nan,0.0767288,0,0,0.385483,2.25796,0.257738,-0.0426258,34.7831,0.0003,0,1.67794,7999.17,0.131317,0.0607028,-0.6,0.15,1,4.8201,239.686,1.76794e+06,nan,nan,nan,nan,nan,nan,nan,nan,nan,nan,nan,nan,nan,nan,nan,nan,nan,nan,nan,nan
1152,nan,nan,0.108277,0,0,0.440092,1.95878,0.272357,-0.0464681,34.7905,0.0003,0,1.67866,8022.44,0.131059,0.0604041,-0.6,0.15,1,4.8201,239.877,1.76947e+06,nan,nan,nan,nan,nan,nan,nan,nan,nan,nan,nan,nan,nan,nan,nan,nan,nan,nan,nan,nan
1153,nan,nan,0.106894,0,0,0.208417,1.47803,0.103332,-0.040409,34.7977,0.0003,0,1.67913,7938.32,0.133113,0.0603788,-0.6,0.15,1,4.8201,240.071,1.77101e+06,nan,nan,nan,nan,nan,nan,nan,nan,nan,nan,nan,nan,nan,nan,nan,nan,nan,nan,nan,nan
1154,nan,nan,0.116237,0,0,0.14691,1.28352,0.0312246,-0.0343462,34.8072,0.0003,0,1.6809,7866.99,0.134356,0.0608902,-0.6,0.15,1,4.8201,240.267,1.77254e+06,nan,nan,nan,nan,nan,nan,nan,nan,nan,nan,nan,nan,nan,nan,nan,nan,nan,nan,nan,nan
1155,nan,nan,0.12678,0,0,0.115538,1.0859,0.0121762,-0.0294332,34.832,0.0003,0,1.68333,7786.29,0.136427,0.060843,-0.6,0.15,1,4.8201,240.464,1.77408e+06,nan,nan,nan,nan,nan,nan,nan,nan,nan,nan,nan,nan,nan,nan,nan,nan,nan,nan,nan,nan
1156,nan,nan,0.12939,0,0,0.10279,1.0308,0.00266034,-0.0362002,34.8584,0.0003,0,1.68566,7786.79,0.136582,0.0606751,-0.6,0.15,1,4.8201,240.662,1.77562e+06,nan,nan,nan,nan,nan,nan,nan,nan,nan,nan,nan,nan,nan,nan,nan,nan,nan,nan,nan,nan
1157,nan,nan,0.130119,0,0,0.0965421,1.00694,0.0034556,-0.0276507,34.8743,0.0003,0,1.68678,7718.94,0.138293,0.060698,-0.6,0.15,1,4.8201,240.861,1.77715e+06,nan,nan,nan,nan,nan,nan,nan,nan,nan,nan,nan,nan,nan,nan,nan,nan,nan,nan,nan,nan
1158,nan,nan,0.129239,0,0,0.097733,0.972562,0.0254522,-0.015925,34.8863,0.0003,0,1.68838,7680.04,0.137911,0.0620883,-0.6,0.15,1,4.8201,241.061,1.77869e+06,nan,nan,nan,nan,nan,nan,nan,nan,nan,nan,nan,nan,nan,nan,nan,nan,nan,nan,nan,nan
1159,nan,nan,0.128909,0,0,0.0969521,0.996065,0.0165277,-0.0269532,34.9028,0.0003,0,1.68971,7031.22,0.152275,0.066179,-0.6,0.15,1,4.8201,241.28,1.78022e+06,nan,nan,nan,nan,nan,nan,nan,nan,nan,nan,nan,nan,nan,nan,nan,nan,nan,nan,nan,nan
1160,nan,nan,0.12982,0,0,0.0945379,0.924518,0.00798196,-0.0178814,34.9153,0.0003,0,1.69117,7395.46,0.146721,0.0609739,-0.6,0.15,1,4.8201,241.488,1.78176e+06,nan,nan,nan,nan,nan,nan,nan,nan,nan,nan,nan,nan,nan,nan,nan,nan,nan,nan,nan,nan
1161,nan,nan,0.130449,0,0,0.0926908,0.964096,0.0010412,-0.023598,34.9287,0.0003,0,1.69165,7742.53,0.137728,0.0606568,-0.6,0.15,1,4.8201,241.686,1.7833e+06,nan,nan,nan,nan,nan,nan,nan,nan,nan,nan,nan,nan,nan,nan,nan,nan,nan,nan,nan,nan
1162,nan,nan,0.13107,0,0,0.0888745,0.943576,0.00264976,-0.0211885,34.9308,0.0003,0,1.69193,7726.98,0.137831,0.0609531,-0.6,0.15,1,4.8201,241.885,1.78483e+06,nan,nan,nan,nan,nan,nan,nan,nan,nan,nan,nan,nan,nan,nan,nan,nan,nan,nan,nan,nan
1163,nan,nan,0.130932,0,0,0.0929207,0.933667,0.000852433,-0.0208365,34.9308,0.0003,0,1.69181,7751.55,0.137584,0.0605702,-0.6,0.15,1,4.8201,242.084,1.78637e+06,nan,nan,nan,nan,nan,nan,nan,nan,nan,nan,nan,nan,nan,nan,nan,nan,nan,nan,nan,nan
1164,nan,nan,0.131121,0,0,0.0898946,0.968892,0.000726103,-0.0303986,34.922,0.0003,0,1.69085,7079.97,0.156251,0.060699,-0.6,0.15,1,4.8201,242.301,1.7879e+06,nan,nan,nan,nan,nan,nan,nan,nan,nan,nan,nan,nan,nan,nan,nan,nan,nan,nan,nan,nan
1165,nan,nan,0.130591,0,0,0.0827902,0.95594,0.00133784,-0.0248049,34.9107,0.0003,0,1.69,7716.66,0.137899,0.061151,-0.6,0.15,1,4.8201,242.5,1.78944e+06,nan,nan,nan,nan,nan,nan,nan,nan,nan,nan,nan,nan,nan,nan,nan,nan,nan,nan,nan,nan
1166,nan,nan,0.131051,0,0,0.0908227,0.931549,0.000557851,-0.027913,34.9009,0.0003,0,1.68932,7273.66,0.150005,0.061168,-0.6,0.15,1,4.8201,242.712,1.79098e+06,nan,nan,nan,nan,nan,nan,nan,nan,nan,nan,nan,nan,nan,nan,nan,nan,nan,nan,nan,nan
1167,49.3228,400,0.0977063,2.66667,0,0.151933,1.28538,0.0102499,-0.00779412,34.8986,0.0003,0,1.68986,6199.52,0.187156,0.0606053,-0.6,0.15,1,4.8201,242.96,1.79251e+06,0,0,2.31006,0.000457033,-0.207814,nan,0,nan,nan,nan,nan,0,nan,0,nan,nan,nan,-0.174923,nan,nan
1168,nan,nan,0.0986991,0,0,0.453323,2.65523,0.0730503,-0.0464285,34.9073,0.0003,0,1.6907,7839.94,0.134206,0.0617139,-0.6,0.15,1,4.8201,243.156,1.79405e+06,nan,nan,nan,nan,nan,nan,nan,nan,nan,nan,nan,nan,nan,nan,nan,nan,nan,nan,nan,nan
1169,nan,nan,0.115537,0,0,0.346665,1.79115,0.065965,-0.0456162,34.9188,0.0003,0,1.69245,7315.81,0.143242,0.066714,-0.6,0.15,1,4.8201,243.366,1.79558e+06,nan,nan,nan,nan,nan,nan,nan,nan,nan,nan,nan,nan,nan,nan,nan,nan,nan,nan,nan,nan
1170,nan,nan,0.116886,0,0,0.18143,1.38146,0.0497572,-0.0346045,34.9397,0.0003,0,1.69459,7485.3,0.144453,0.0607488,-0.6,0.15,1,4.8201,243.572,1.79712e+06,nan,nan,nan,nan,nan,nan,nan,nan,nan,nan,nan,nan,nan,nan,nan,nan,nan,nan,nan,nan
1171,nan,nan,0.120716,0,0,0.140421,1.2235,0.036452,-0.0297122,34.9707,0.0003,0,1.69819,7771.03,0.136414,0.0612431,-0.6,0.15,1,4.8201,243.77,1.79866e+06,nan,nan,nan,nan,nan,nan,nan,nan,nan,nan,nan,nan,nan,nan,nan,nan,nan,nan,nan,nan
1172,nan,nan,0.124533,0,0,0.133477,1.15358,0.0241192,-0.0308232,35.0048,0.0003,0,1.70056,7772.3,0.136721,0.060904,-0.6,0.15,1,4.8201,243.968,1.80019e+06,nan,nan,nan,nan,nan,nan,nan,nan,nan,nan,nan,nan,nan,nan,nan,nan,nan,nan,nan,nan
1173,nan,nan,0.12527,0,0,0.119585,1.08223,0.0191488,-0.0247649,35.0207,0.0003,0,1.70174,7762.99,0.13694,0.0609219,-0.6,0.15,1,4.8201,244.166,1.80173e+06,nan,nan,nan,nan,nan,nan,nan,nan,nan,nan,nan,nan,nan,nan,nan,nan,nan,nan,nan,nan
1174,nan,nan,0.127965,0,0,0.110861,1.05207,0.0110685,-0.0269892,35.036,0.0003,0,1.70345,7668.74,0.139107,0.061187,-0.6,0.15,1,4.8201,244.366,1.80326e+06,nan,nan,nan,nan,nan,nan,nan,nan,nan,nan,nan,nan,nan,nan,nan,nan,nan,nan,nan,nan
1175,nan,nan,0.130103,0,0,0.115826,0.998659,0.00362901,-0.0245607,35.0511,0.0003,0,1.70433,7581.99,0.139611,0.0629742,-0.6,0.15,1,4.8201,244.569,1.8048e+06,nan,nan,nan,nan,nan,nan,nan,nan,nan,nan,nan,nan,nan,nan,nan,nan,nan,nan,nan,nan
1176,nan,nan,0.129495,0,0,0.104789,1.0598,0.0089357,-0.020062,35.0585,0.0003,0,1.70592,7508.33,0.14227,0.0623028,-0.6,0.15,1,4.8201,244.774,1.80634e+06,nan,nan,nan,nan,nan,nan,nan,nan,nan,nan,nan,nan,nan,nan,nan,nan,nan,nan,nan,nan
1177,nan,nan,0.12873,0,0,0.105201,1.05148,0.010823,-0.0236524,35.0809,0.0003,0,1.70864,7580.24,0.14076,0.0618722,-0.6,0.15,1,4.8201,244.977,1.80787e+06,nan,nan,nan,nan,nan,nan,nan,nan,nan,nan,nan,nan,nan,nan,nan,nan,nan,nan,nan,nan
1178,nan,nan,0.129529,0,0,0.106889,1.02681,0.0088426,-0.0188935,35.1135,0.0003,0,1.71221,7674.4,0.138554,0.0615921,-0.6,0.15,1,4.8201,245.177,1.80941e+06,nan,nan,nan,nan,nan,nan,nan,nan,nan,nan,nan,nan,nan,nan,nan,nan,nan,nan,nan,nan
1179,nan,nan,0.131039,0,0,0.107487,0.977401,0.00124621,-0.0318671,35.1465,0.0003,0,1.71452,7660.01,0.13893,0.0615921,-0.6,0.15,1,4.8201,245.378,1.81094e+06,nan,nan,nan,nan,nan,nan,nan,nan,nan,nan,nan,nan,nan,nan,nan,nan,nan,nan,nan,nan
1180,nan,nan,0.131217,0,0,0.104501,1.00437,0.00155178,-0.0273071,35.1643,0.0003,0,1.71613,7619.01,0.140097,0.0615039,-0.6,0.15,1,4.8201,245.58,1.81248e+06,nan,nan,nan,nan,nan,nan,nan,nan,nan,nan,nan,nan,nan,nan,nan,nan,nan,nan,nan,nan
1181,nan,nan,0.131129,0,0,0.107199,1.01592,0.00188245,-0.022586,35.1788,0.0003,0,1.71712,7656.58,0.139243,0.0613687,-0.6,0.15,1,4.8201,245.781,1.81402e+06,nan,nan,nan,nan,nan,nan,nan,nan,nan,nan,nan,nan,nan,nan,nan,nan,nan,nan,nan,nan
1182,nan,nan,0.130854,0,0,0.107,1.0064,0.00225859,-0.0301353,35.1902,0.0003,0,1.71865,7740.57,0.137236,0.0611992,-0.6,0.15,1,4.8201,245.979,1.81555e+06,nan,nan,nan,nan,nan,nan,nan,nan,nan,nan,nan,nan,nan,nan,nan,nan,nan,nan,nan,nan
1183,nan,nan,0.130793,0,0,0.104911,1.01263,0.000908129,-0.0330371,35.2068,0.0003,0,1.71978,7738.54,0.137543,0.0609438,-0.6,0.15,1,4.8201,246.178,1.81709e+06,nan,nan,nan,nan,nan,nan,nan,nan,nan,nan,nan,nan,nan,nan,nan,nan,nan,nan,nan,nan
1184,49.3562,400,0.0835699,2.66667,0,0.223867,1.79792,0.0357659,-0.0228702,35.2183,0.0003,0,1.72092,6112.26,0.187812,0.0634861,-0.6,0.15,1,4.8201,246.43,1.81862e+06,0,0,2.3055,0.000456974,-0.218714,nan,0,nan,nan,nan,nan,0,nan,0,nan,nan,nan,-0.140804,nan,nan
1185,nan,nan,0.110148,0,0,0.457547,2.30691,0.159909,-0.0419769,35.2274,0.0003,0,1.72132,7805.15,0.134795,0.0619981,-0.6,0.15,1,4.8201,246.627,1.82016e+06,nan,nan,nan,nan,nan,nan,nan,nan,nan,nan,nan,nan,nan,nan,nan,nan,nan,nan,nan,nan
1186,nan,nan,0.11598,0,0,0.232898,1.60877,0.0779711,-0.0431438,35.2328,0.0003,0,1.72263,7770.54,0.136531,0.0611389,-0.6,0.15,1,4.8201,246.825,1.8217e+06,nan,nan,nan,nan,nan,nan,nan,nan,nan,nan,nan,nan,nan,nan,nan,nan,nan,nan,nan,nan
1187,nan,nan,0.119856,0,0,0.148446,1.21979,0.0216325,-0.0303558,35.2502,0.0003,0,1.72425,7770.64,0.137909,0.0597582,-0.6,0.15,1,4.8201,247.023,1.82323e+06,nan,nan,nan,nan,nan,nan,nan,nan,nan,nan,nan,nan,nan,nan,nan,nan,nan,nan,nan,nan
1188,nan,nan,0.127133,0,0,0.140985,1.13619,0.00943433,-0.0289941,35.268,0.0003,0,1.7266,7929.82,0.133881,0.059818,-0.6,0.15,1,4.8201,247.217,1.82477e+06,nan,nan,nan,nan,nan,nan,nan,nan,nan,nan,nan,nan,nan,nan,nan,nan,nan,nan,nan,nan
1189,nan,nan,0.129905,0,0,0.123161,1.10608,0.00242033,-0.0378205,35.2939,0.0003,0,1.72828,7989.53,0.132797,0.0594549,-0.6,0.15,1,4.8201,247.409,1.8263e+06,nan,nan,nan,nan,nan,nan,nan,nan,nan,nan,nan,nan,nan,nan,nan,nan,nan,nan,nan,nan
1190,nan,nan,0.130764,0,0,0.109442,1.0192,0.00128147,-0.0401847,35.3091,0.0003,0,1.73021,7756.01,0.1374,0.0606401,-0.6,0.15,1,4.8201,247.607,1.82784e+06,nan,nan,nan,nan,nan,nan,nan,nan,nan,nan,nan,nan,nan,nan,nan,nan,nan,nan,nan,nan
1191,nan,nan,0.13074,0,0,0.107678,1.00887,0.000730875,-0.0370229,35.3225,0.0003,0,1.72991,7732.55,0.137309,0.061332,-0.6,0.15,1,4.8201,247.806,1.82938e+06,nan,nan,nan,nan,nan,nan,nan,nan,nan,nan,nan,nan,nan,nan,nan,nan,nan,nan,nan,nan
1192,nan,nan,0.131308,0,0,0.11192,1.05635,0.00229057,-0.0291685,35.3191,0.0003,0,1.73086,7815.05,0.137673,0.058871,-0.6,0.15,1,4.8201,248.003,1.83091e+06,nan,nan,nan,nan,nan,nan,nan,nan,nan,nan,nan,nan,nan,nan,nan,nan,nan,nan,nan,nan
1193,nan,nan,0.131185,0,0,0.11434,1.01423,0.000782616,-0.0315262,35.33,0.0003,0,1.73079,6621.18,0.17179,0.0601931,-0.6,0.15,1,4.8201,248.236,1.83245e+06,nan,nan,nan,nan,nan,nan,nan,nan,nan,nan,nan,nan,nan,nan,nan,nan,nan,nan,nan,nan
1194,nan,nan,0.131659,0,0,0.101208,0.971274,0.000453913,-0.0339594,35.3136,0.0003,0,1.72831,7977.68,0.133445,0.0590918,-0.6,0.15,1,4.8201,248.428,1.83398e+06,nan,nan,nan,nan,nan,nan,nan,nan,nan,nan,nan,nan,nan,nan,nan,nan,nan,nan,nan,nan
1195,nan,nan,0.131715,0,0,0.104141,0.998212,0.00042779,-0.0334598,35.2916,0.0003,0,1.72739,7979.52,0.133529,0.058964,-0.6,0.15,1,4.8201,248.621,1.83552e+06,nan,nan,nan,nan,nan,nan,nan,nan,nan,nan,nan,nan,nan,nan,nan,nan,nan,nan,nan,nan
1196,nan,nan,0.13167,0,0,0.0962619,0.961226,0.000512701,-0.0290423,35.2835,0.0003,0,1.72631,7897.77,0.135559,0.0589261,-0.6,0.15,1,4.8201,248.816,1.83706e+06,nan,nan,nan,nan,nan,nan,nan,nan,nan,nan,nan,nan,nan,nan,nan,nan,nan,nan,nan,nan
1197,nan,nan,0.132096,0,0,0.108617,0.989829,0.000464068,-0.0314178,35.2696,0.0003,0,1.72455,7950.84,0.134394,0.0587933,-0.6,0.15,1,4.8201,249.009,1.83859e+06,nan,nan,nan,nan,nan,nan,nan,nan,nan,nan,nan,nan,nan,nan,nan,nan,nan,nan,nan,nan
1198,nan,nan,0.131721,0,0,0.100448,0.982673,0.000400546,-0.0272211,35.2451,0.0003,0,1.72159,7983.83,0.133346,0.0590427,-0.6,0.15,1,4.8201,249.202,1.84013e+06,nan,nan,nan,nan,nan,nan,nan,nan,nan,nan,nan,nan,nan,nan,nan,nan,nan,nan,nan,nan
1199,nan,nan,0.131483,0,0,0.099288,0.979867,0.000660563,-0.0287753,35.2205,0.0003,0,1.72077,7879.52,0.135837,0.059099,-0.6,0.15,1,4.8201,249.397,1.84166e+06,nan,nan,nan,nan,nan,nan,nan,nan,nan,nan,nan,nan,nan,nan,nan,nan,nan,nan,nan,nan
1200,50.1332,400,0.131763,2.66667,0,0.102321,0.961513,0.000601643,-0.0311199,35.2183,0.0003,0,1.72045,6255.55,0.185797,0.0597451,-0.6,0.15,1,4.8201,249.643,1.8432e+06,0,0,2.33819,0.000414269,-0.221299,nan,0,nan,nan,nan,nan,0,nan,0,nan,nan,nan,-0.133808,nan,nan
1201,nan,nan,0.0695883,0,0,0.321854,2.32261,0.076547,-0.0238652,35.2151,0.0003,0,1.72064,8180.31,0.127483,0.0602849,-0.6,0.15,1,4.8201,251.643,1.84474e+06,nan,nan,nan,nan,nan,nan,nan,nan,nan,nan,nan,nan,nan,nan,nan,nan,nan,nan,nan,nan
1202,nan,nan,0.110694,0,0,0.386876,2.21626,0.0872413,-0.0381707,35.2208,0.0003,0,1.72121,8066.78,0.131041,0.05937,-0.6,0.15,1,4.8201,251.834,1.84627e+06,nan,nan,nan,nan,nan,nan,nan,nan,nan,nan,nan,nan,nan,nan,nan,nan,nan,nan,nan,nan
1203,nan,nan,0.114976,0,0,0.224414,1.57934,0.121877,-0.0312616,35.2268,0.0003,0,1.72178,8128.58,0.129619,0.0593441,-0.6,0.15,1,4.8201,252.023,1.84781e+06,nan,nan,nan,nan,nan,nan,nan,nan,nan,nan,nan,nan,nan,nan,nan,nan,nan,nan,nan,nan
1204,nan,nan,0.119078,0,0,0.165371,1.23756,0.0349802,-0.0312164,35.2396,0.0003,0,1.72366,8019.54,0.131359,0.0601728,-0.6,0.15,1,4.8201,252.215,1.84934e+06,nan,nan,nan,nan,nan,nan,nan,nan,nan,nan,nan,nan,nan,nan,nan,nan,nan,nan,nan,nan
1205,nan,nan,0.123992,0,0,0.134138,1.16597,0.0386083,-0.0278773,35.2662,0.0003,0,1.72693,8048.8,0.131451,0.0593848,-0.6,0.15,1,4.8201,252.406,1.85088e+06,nan,nan,nan,nan,nan,nan,nan,nan,nan,nan,nan,nan,nan,nan,nan,nan,nan,nan,nan,nan
1206,nan,nan,0.127462,0,0,0.126907,1.07076,0.0115859,-0.0289345,35.2988,0.0003,0,1.72962,8040.87,0.131685,0.059339,-0.6,0.15,1,4.8201,252.597,1.85242e+06,nan,nan,nan,nan,nan,nan,nan,nan,nan,nan,nan,nan,nan,nan,nan,nan,nan,nan,nan,nan
1207,nan,nan,0.128495,0,0,0.118632,1.09726,0.00725702,-0.0312213,35.3207,0.0003,0,1.73113,7749.24,0.138515,0.0596979,-0.6,0.15,1,4.8201,252.795,1.85395e+06,nan,nan,nan,nan,nan,nan,nan,nan,nan,nan,nan,nan,nan,nan,nan,nan,nan,nan,nan,nan
1208,nan,nan,0.130842,0,0,0.120421,1.07107,0.00185036,-0.0357133,35.3349,0.0003,0,1.73183,7848,0.136051,0.0596678,-0.6,0.15,1,4.8201,252.991,1.85549e+06,nan,nan,nan,nan,nan,nan,nan,nan,nan,nan,nan,nan,nan,nan,nan,nan,nan,nan,nan,nan
1209,nan,nan,0.13081,0,0,0.110055,0.991962,0.00174604,-0.0357299,35.3374,0.0003,0,1.73216,7919.41,0.133787,0.0601668,-0.6,0.15,1,4.8201,253.185,1.85702e+06,nan,nan,nan,nan,nan,nan,nan,nan,nan,nan,nan,nan,nan,nan,nan,nan,nan,nan,nan,nan
1210,nan,nan,0.13057,0,0,0.125564,1.06355,0.00186066,-0.0342908,35.3419,0.0003,0,1.73293,8050.65,0.131202,0.0595899,-0.6,0.15,1,4.8201,253.377,1.85856e+06,nan,nan,nan,nan,nan,nan,nan,nan,nan,nan,nan,nan,nan,nan,nan,nan,nan,nan,nan,nan
1211,nan,nan,0.130876,0,0,0.119541,1.12738,0.00222411,-0.0253257,35.3465,0.0003,0,1.73251,7968.2,0.133401,0.059365,-0.6,0.15,1,4.8201,253.57,1.8601e+06,nan,nan,nan,nan,nan,nan,nan,nan,nan,nan,nan,nan,nan,nan,nan,nan,nan,nan,nan,nan
1212,nan,nan,0.131447,0,0,0.113286,1.05407,0.00192018,-0.0271161,35.3404,0.0003,0,1.73195,7864.86,0.135178,0.0601211,-0.6,0.15,1,4.8201,253.765,1.86163e+06,nan,nan,nan,nan,nan,nan,nan,nan,nan,nan,nan,nan,nan,nan,nan,nan,nan,nan,nan,nan
1213,nan,nan,0.131349,0,0,0.116877,1.01868,0.00221701,-0.0308976,35.338,0.0003,0,1.73247,7945.25,0.133702,0.0596211,-0.6,0.15,1,4.8201,253.959,1.86317e+06,nan,nan,nan,nan,nan,nan,nan,nan,nan,nan,nan,nan,nan,nan,nan,nan,nan,nan,nan,nan
1214,nan,nan,0.130297,0,0,0.112865,0.997777,0.00148221,-0.0285004,35.3438,0.0003,0,1.73276,7987.93,0.132392,0.0598981,-0.6,0.15,1,4.8201,254.151,1.8647e+06,nan,nan,nan,nan,nan,nan,nan,nan,nan,nan,nan,nan,nan,nan,nan,nan,nan,nan,nan,nan
1215,nan,nan,0.131439,0,0,0.112807,1.0101,0.000789219,-0.0343477,35.3403,0.0003,0,1.73173,7950.72,0.133224,0.0599661,-0.6,0.15,1,4.8201,254.345,1.86624e+06,nan,nan,nan,nan,nan,nan,nan,nan,nan,nan,nan,nan,nan,nan,nan,nan,nan,nan,nan,nan
1216,nan,nan,0.131763,0,0,0.102893,0.992322,0.000622288,-0.0344454,35.3371,0.0003,0,1.73239,7899.03,0.135033,0.0594213,-0.6,0.15,1,4.8201,254.539,1.86778e+06,nan,nan,nan,nan,nan,nan,nan,nan,nan,nan,nan,nan,nan,nan,nan,nan,nan,nan,nan,nan
1217,49.4825,400,0.0967957,2.66667,0,0.154896,1.34313,0.0211445,-0.0160269,35.348,0.0003,0,1.7338,6315.89,0.18376,0.0594361,-0.6,0.15,1,4.8201,254.783,1.86931e+06,0,0,2.27167,0.00045267,-0.226961,nan,0,nan,nan,nan,nan,0,nan,0,nan,nan,nan,-0.146994,nan,nan
1218,nan,nan,0.0988974,0,0,0.318899,2.35361,0.11564,-0.0378787,35.3648,0.0003,0,1.73569,8165.66,0.128397,0.0597079,-0.6,0.15,1,4.8201,254.971,1.87085e+06,nan,nan,nan,nan,nan,nan,nan,nan,nan,nan,nan,nan,nan,nan,nan,nan,nan,nan,nan,nan
1219,nan,nan,0.112025,0,0,0.272354,1.76819,0.161028,-0.0311925,35.379,0.0003,0,1.73634,8112.13,0.129587,0.0597591,-0.6,0.15,1,4.8201,255.161,1.87238e+06,nan,nan,nan,nan,nan,nan,nan,nan,nan,nan,nan,nan,nan,nan,nan,nan,nan,nan,nan,nan
1220,nan,nan,0.110795,0,0,0.153918,1.30288,0.0604739,-0.034701,35.3841,0.0003,0,1.73682,8061.22,0.13087,0.0596721,-0.6,0.15,1,4.8201,255.351,1.87392e+06,nan,nan,nan,nan,nan,nan,nan,nan,nan,nan,nan,nan,nan,nan,nan,nan,nan,nan,nan,nan
1221,nan,nan,0.12438,0,0,0.137477,1.16417,0.0125315,-0.028018,35.3892,0.0003,0,1.73743,7935.61,0.133965,0.059593,-0.6,0.15,1,4.8201,255.545,1.87546e+06,nan,nan,nan,nan,nan,nan,nan,nan,nan,nan,nan,nan,nan,nan,nan,nan,nan,nan,nan,nan
1222,nan,nan,0.130356,0,0,0.121369,1.03086,0.00388914,-0.0341055,35.397,0.0003,0,1.73846,7897.61,0.134084,0.060405,-0.6,0.15,1,4.8201,255.74,1.87699e+06,nan,nan,nan,nan,nan,nan,nan,nan,nan,nan,nan,nan,nan,nan,nan,nan,nan,nan,nan,nan
1223,nan,nan,0.130691,0,0,0.119824,1.08717,0.00204934,-0.0323307,35.4013,0.0003,0,1.73849,7970.45,0.13297,0.059742,-0.6,0.15,1,4.8201,255.933,1.87853e+06,nan,nan,nan,nan,nan,nan,nan,nan,nan,nan,nan,nan,nan,nan,nan,nan,nan,nan,nan,nan
1224,nan,nan,0.131152,0,0,0.11163,1.01627,0.00220354,-0.0375486,35.3954,0.0003,0,1.73739,7967.38,0.133422,0.0593641,-0.6,0.15,1,4.8201,256.126,1.88006e+06,nan,nan,nan,nan,nan,nan,nan,nan,nan,nan,nan,nan,nan,nan,nan,nan,nan,nan,nan,nan
1225,nan,nan,0.131418,0,0,0.114725,1.01041,0.00142018,-0.030736,35.3901,0.0003,0,1.73834,7930.27,0.134519,0.0591691,-0.6,0.15,1,4.8201,256.32,1.8816e+06,nan,nan,nan,nan,nan,nan,nan,nan,nan,nan,nan,nan,nan,nan,nan,nan,nan,nan,nan,nan
1226,nan,nan,0.131546,0,0,0.112989,0.997992,0.00110851,-0.0329946,35.3913,0.0003,0,1.73712,7991.93,0.132783,0.059411,-0.6,0.15,1,4.8201,256.512,1.88314e+06,nan,nan,nan,nan,nan,nan,nan,nan,nan,nan,nan,nan,nan,nan,nan,nan,nan,nan,nan,nan
1227,nan,nan,0.131747,0,0,0.111156,1.01835,0.00109831,-0.029858,35.3761,0.0003,0,1.73671,7955.83,0.13348,0.0595858,-0.6,0.15,1,4.8201,256.706,1.88467e+06,nan,nan,nan,nan,nan,nan,nan,nan,nan,nan,nan,nan,nan,nan,nan,nan,nan,nan,nan,nan
1228,nan,nan,0.131511,0,0,0.108855,0.984315,0.000788101,-0.0349309,35.3718,0.0003,0,1.73628,8054.66,0.131523,0.0591743,-0.6,0.15,1,4.8201,256.897,1.88621e+06,nan,nan,nan,nan,nan,nan,nan,nan,nan,nan,nan,nan,nan,nan,nan,nan,nan,nan,nan,nan
1229,nan,nan,0.13171,0,0,0.105219,0.972351,0.000814694,-0.0326286,35.3665,0.0003,0,1.73622,8031.91,0.132168,0.0590689,-0.6,0.15,1,4.8201,257.088,1.88774e+06,nan,nan,nan,nan,nan,nan,nan,nan,nan,nan,nan,nan,nan,nan,nan,nan,nan,nan,nan,nan
1230,nan,nan,0.131989,0,0,0.108236,1.00434,0.000652411,-0.0370514,35.3669,0.0003,0,1.73632,7918.55,0.134288,0.0596871,-0.6,0.15,1,4.8201,257.282,1.88928e+06,nan,nan,nan,nan,nan,nan,nan,nan,nan,nan,nan,nan,nan,nan,nan,nan,nan,nan,nan,nan
1231,nan,nan,0.131903,0,0,0.105313,0.968015,0.000545751,-0.0343264,35.365,0.0003,0,1.73615,7940.09,0.134215,0.0592339,-0.6,0.15,1,4.8201,257.476,1.89082e+06,nan,nan,nan,nan,nan,nan,nan,nan,nan,nan,nan,nan,nan,nan,nan,nan,nan,nan,nan,nan
1232,nan,nan,0.132071,0,0,0.103826,0.976577,0.000515844,-0.0348331,35.3614,0.0003,0,1.73595,7982.33,0.132452,0.059973,-0.6,0.15,1,4.8201,257.669,1.89235e+06,nan,nan,nan,nan,nan,nan,nan,nan,nan,nan,nan,nan,nan,nan,nan,nan,nan,nan,nan,nan
1233,nan,nan,0.132169,0,0,0.107214,0.978597,0.000549933,-0.0300884,35.3553,0.0003,0,1.73549,7942.91,0.133835,0.059545,-0.6,0.15,1,4.8201,257.862,1.89389e+06,nan,nan,nan,nan,nan,nan,nan,nan,nan,nan,nan,nan,nan,nan,nan,nan,nan,nan,nan,nan
1234,49.8525,400,0.0844447,2.66667,0,0.208683,1.71973,0.0338485,-0.0266151,35.3536,0.0003,0,1.73548,6471.24,0.177843,0.059515,-0.6,0.15,1,4.8201,258.1,1.89542e+06,0,0,2.30944,0.000397856,-0.221561,nan,0,nan,nan,nan,nan,0,nan,0,nan,nan,nan,-0.148453,nan,nan
1235,nan,nan,0.113926,0,0,0.413908,2.4867,0.0264433,-0.0485847,35.3539,0.0003,0,1.73571,8137.1,0.129237,0.0595279,-0.6,0.15,1,4.8201,258.289,1.89696e+06,nan,nan,nan,nan,nan,nan,nan,nan,nan,nan,nan,nan,nan,nan,nan,nan,nan,nan,nan,nan
1236,nan,nan,0.122263,0,0,0.277461,1.71944,0.0419887,-0.0354778,35.3605,0.0003,0,1.73712,8192.97,0.127921,0.059557,-0.6,0.15,1,4.8201,258.477,1.8985e+06,nan,nan,nan,nan,nan,nan,nan,nan,nan,nan,nan,nan,nan,nan,nan,nan,nan,nan,nan,nan
1237,nan,nan,0.119319,0,0,0.184383,1.49557,0.0380667,-0.0342766,35.3757,0.0003,0,1.73853,7971.36,0.131287,0.0614028,-0.6,0.15,1,4.8201,258.67,1.90003e+06,nan,nan,nan,nan,nan,nan,nan,nan,nan,nan,nan,nan,nan,nan,nan,nan,nan,nan,nan,nan
1238,nan,nan,0.122537,0,0,0.155951,1.33452,0.0460486,-0.0319642,35.3958,0.0003,0,1.74097,7658.63,0.141522,0.059036,-0.6,0.15,1,4.8201,258.87,1.90157e+06,nan,nan,nan,nan,nan,nan,nan,nan,nan,nan,nan,nan,nan,nan,nan,nan,nan,nan,nan,nan
1239,nan,nan,0.123181,0,0,0.132972,1.21494,0.0203639,-0.0304717,35.4176,0.0003,0,1.74255,8008.38,0.132785,0.0590138,-0.6,0.15,1,4.8201,259.062,1.9031e+06,nan,nan,nan,nan,nan,nan,nan,nan,nan,nan,nan,nan,nan,nan,nan,nan,nan,nan,nan,nan
1240,nan,nan,0.125511,0,0,0.135504,1.20461,0.0138266,-0.0327875,35.4348,0.0003,0,1.74486,7924.67,0.134521,0.059304,-0.6,0.15,1,4.8201,259.256,1.90464e+06,nan,nan,nan,nan,nan,nan,nan,nan,nan,nan,nan,nan,nan,nan,nan,nan,nan,nan,nan,nan
1241,nan,nan,0.129444,0,0,0.126117,1.10143,0.00241147,-0.0378344,35.4642,0.0003,0,1.74726,8059.82,0.131516,0.0590589,-0.6,0.15,1,4.8201,259.447,1.90618e+06,nan,nan,nan,nan,nan,nan,nan,nan,nan,nan,nan,nan,nan,nan,nan,nan,nan,nan,nan,nan
1242,nan,nan,0.129413,0,0,0.128399,1.12205,0.00362661,-0.034454,35.4792,0.0003,0,1.74793,7906.23,0.134862,0.0594151,-0.6,0.15,1,4.8201,259.642,1.90771e+06,nan,nan,nan,nan,nan,nan,nan,nan,nan,nan,nan,nan,nan,nan,nan,nan,nan,nan,nan,nan
1243,nan,nan,0.129837,0,0,0.138954,1.13813,0.00483078,-0.0287561,35.4936,0.0003,0,1.75116,7476.56,0.146327,0.0591149,-0.6,0.15,1,4.8201,259.847,1.90925e+06,nan,nan,nan,nan,nan,nan,nan,nan,nan,nan,nan,nan,nan,nan,nan,nan,nan,nan,nan,nan
1244,nan,nan,0.12984,0,0,0.125219,1.13399,0.00689008,-0.0300271,35.5283,0.0003,0,1.7538,8022.94,0.132314,0.0591369,-0.6,0.15,1,4.8201,260.039,1.91078e+06,nan,nan,nan,nan,nan,nan,nan,nan,nan,nan,nan,nan,nan,nan,nan,nan,nan,nan,nan,nan
1245,nan,nan,0.129545,0,0,0.121754,1.09206,0.00503275,-0.0349629,35.5494,0.0003,0,1.75579,7973.75,0.132632,0.0599999,-0.6,0.15,1,4.8201,260.232,1.91232e+06,nan,nan,nan,nan,nan,nan,nan,nan,nan,nan,nan,nan,nan,nan,nan,nan,nan,nan,nan,nan
1246,nan,nan,0.130205,0,0,0.122263,1.13401,0.0014214,-0.0399082,35.5664,0.0003,0,1.75673,7846.23,0.13372,0.0620427,-0.6,0.15,1,4.8201,260.428,1.91386e+06,nan,nan,nan,nan,nan,nan,nan,nan,nan,nan,nan,nan,nan,nan,nan,nan,nan,nan,nan,nan
1247,nan,nan,0.130066,0,0,0.108599,1.0003,0.00118424,-0.0359713,35.5698,0.0003,0,1.75689,7983.7,0.133247,0.059145,-0.6,0.15,1,4.8201,260.621,1.91539e+06,nan,nan,nan,nan,nan,nan,nan,nan,nan,nan,nan,nan,nan,nan,nan,nan,nan,nan,nan,nan
1248,nan,nan,0.130504,0,0,0.118493,1.0411,0.00303612,-0.0258304,35.5747,0.0003,0,1.75804,7964.37,0.132943,0.059916,-0.6,0.15,1,4.8201,260.814,1.91693e+06,nan,nan,nan,nan,nan,nan,nan,nan,nan,nan,nan,nan,nan,nan,nan,nan,nan,nan,nan,nan
1249,nan,nan,0.130315,0,0,0.114491,1.04922,0.00173155,-0.038434,35.5877,0.0003,0,1.75919,8008.26,0.132798,0.0590041,-0.6,0.15,1,4.8201,261.006,1.91846e+06,nan,nan,nan,nan,nan,nan,nan,nan,nan,nan,nan,nan,nan,nan,nan,nan,nan,nan,nan,nan
1250,49.6063,400,0.130704,2.66667,0,0.122046,1.09802,0.00118737,-0.0343009,35.5997,0.0003,0,1.7605,6341.61,0.182345,0.059865,-0.6,0.15,1,4.8201,261.248,1.92e+06,0,0,2.33803,0.000478896,-0.229428,nan,0,nan,nan,nan,nan,0,nan,0,nan,nan,nan,-0.174235,nan,nan
1251,nan,nan,0.0811517,0,0,0.304649,2.18332,0.0560061,-0.0392513,35.6134,0.0003,0,1.76192,8273.42,0.12585,0.0598049,-0.8,0.15,1,4.8201,261.434,1.92154e+06,nan,nan,nan,nan,nan,nan,nan,nan,nan,nan,nan,nan,nan,nan,nan,nan,nan,nan,nan,nan
1252,nan,nan,0.112304,0,0,0.336763,1.9076,0.118718,-0.0383193,35.6278,0.0003,0,1.76337,8200.57,0.128069,0.0592351,-0.8,0.15,1,4.8201,261.622,1.92307e+06,nan,nan,nan,nan,nan,nan,nan,nan,nan,nan,nan,nan,nan,nan,nan,nan,nan,nan,nan,nan
1253,nan,nan,0.112627,0,0,0.187666,1.51877,0.0790757,-0.0392715,35.6467,0.0003,0,1.76551,8101.82,0.130122,0.0594649,-0.8,0.15,1,4.8201,261.812,1.92461e+06,nan,nan,nan,nan,nan,nan,nan,nan,nan,nan,nan,nan,nan,nan,nan,nan,nan,nan,nan,nan
1254,nan,nan,0.113596,0,0,0.161866,1.2917,0.0435364,-0.0344608,35.6672,0.0003,0,1.76701,8075.24,0.130703,0.0595078,-0.8,0.15,1,4.8201,262.002,1.92614e+06,nan,nan,nan,nan,nan,nan,nan,nan,nan,nan,nan,nan,nan,nan,nan,nan,nan,nan,nan,nan
1255,nan,nan,0.122351,0,0,0.155777,1.22666,0.0123923,-0.0419492,35.6782,0.0003,0,1.76764,7978.32,0.132825,0.0596972,-0.8,0.15,1,4.8201,262.195,1.92768e+06,nan,nan,nan,nan,nan,nan,nan,nan,nan,nan,nan,nan,nan,nan,nan,nan,nan,nan,nan,nan
1256,nan,nan,0.12801,0,0,0.141388,1.16554,0.011738,-0.0283957,35.6856,0.0003,0,1.76883,8011.93,0.132287,0.059427,-0.8,0.15,1,4.8201,262.387,1.92922e+06,nan,nan,nan,nan,nan,nan,nan,nan,nan,nan,nan,nan,nan,nan,nan,nan,nan,nan,nan,nan
1257,nan,nan,0.128679,0,0,0.136743,1.12771,0.00595546,-0.0325793,35.6938,0.0003,0,1.76907,7858.14,0.133012,0.062454,-0.8,0.15,1,4.8201,262.582,1.93075e+06,nan,nan,nan,nan,nan,nan,nan,nan,nan,nan,nan,nan,nan,nan,nan,nan,nan,nan,nan,nan
1258,nan,nan,0.129344,0,0,0.139635,1.11453,0.00519785,-0.0361654,35.7004,0.0003,0,1.77104,7944.32,0.133804,0.0595417,-0.8,0.15,1,4.8201,262.776,1.93229e+06,nan,nan,nan,nan,nan,nan,nan,nan,nan,nan,nan,nan,nan,nan,nan,nan,nan,nan,nan,nan
1259,nan,nan,0.129399,0,0,0.138003,1.17473,0.00595001,-0.0327706,35.7184,0.0003,0,1.77197,7992.08,0.131937,0.0602531,-0.8,0.15,1,4.8201,262.969,1.93382e+06,nan,nan,nan,nan,nan,nan,nan,nan,nan,nan,nan,nan,nan,nan,nan,nan,nan,nan,nan,nan
1260,nan,nan,0.130594,0,0,0.138288,1.12236,0.00609846,-0.0354329,35.725,0.0003,0,1.77309,7900.55,0.134002,0.060415,-0.8,0.15,1,4.8201,263.163,1.93536e+06,nan,nan,nan,nan,nan,nan,nan,nan,nan,nan,nan,nan,nan,nan,nan,nan,nan,nan,nan,nan
1261,nan,nan,0.130427,0,0,0.133991,1.12534,0.00146373,-0.0406318,35.7415,0.0003,0,1.7743,7963.55,0.13228,0.0605986,-0.8,0.15,1,4.8201,263.356,1.9369e+06,nan,nan,nan,nan,nan,nan,nan,nan,nan,nan,nan,nan,nan,nan,nan,nan,nan,nan,nan,nan
1262,nan,nan,0.130801,0,0,0.126134,1.14439,0.0018396,-0.0355771,35.7432,0.0003,0,1.7742,8024.32,0.131631,0.059787,-0.8,0.15,1,4.8201,263.548,1.93843e+06,nan,nan,nan,nan,nan,nan,nan,nan,nan,nan,nan,nan,nan,nan,nan,nan,nan,nan,nan,nan
1263,nan,nan,0.131168,0,0,0.139907,1.15571,0.00262705,-0.0290508,35.7482,0.0003,0,1.77537,7972.23,0.132405,0.0602639,-0.8,0.15,1,4.8201,263.741,1.93997e+06,nan,nan,nan,nan,nan,nan,nan,nan,nan,nan,nan,nan,nan,nan,nan,nan,nan,nan,nan,nan
1264,nan,nan,0.130711,0,0,0.125872,1.10452,0.00200593,-0.0296977,35.7612,0.0003,0,1.7763,7998.08,0.131467,0.0605791,-0.8,0.15,1,4.8201,263.933,1.9415e+06,nan,nan,nan,nan,nan,nan,nan,nan,nan,nan,nan,nan,nan,nan,nan,nan,nan,nan,nan,nan
1265,nan,nan,0.130998,0,0,0.131128,1.09162,0.00208486,-0.0356184,35.7643,0.0003,0,1.77628,7842.1,0.135831,0.0600348,-0.8,0.15,1,4.8201,264.129,1.94304e+06,nan,nan,nan,nan,nan,nan,nan,nan,nan,nan,nan,nan,nan,nan,nan,nan,nan,nan,nan,nan
1266,nan,nan,0.130937,0,0,0.122517,1.05364,0.00221453,-0.0340447,35.7607,0.0003,0,1.77592,7846.5,0.134797,0.0609591,-0.8,0.15,1,4.8201,264.325,1.94458e+06,nan,nan,nan,nan,nan,nan,nan,nan,nan,nan,nan,nan,nan,nan,nan,nan,nan,nan,nan,nan
1267,49.4553,400,0.101088,2.66667,0,0.166571,1.34006,0.00667758,-0.0212094,35.7601,0.0003,0,1.77646,6223,0.187224,0.059602,-0.8,0.15,1,4.8201,264.572,1.94611e+06,0,0,2.31506,0.000633244,-0.239367,nan,0,nan,nan,nan,nan,0,nan,0,nan,nan,nan,-0.133474,nan,nan
1268,nan,nan,0.101922,0,0,0.349713,2.17804,0.0981529,-0.04186,35.7639,0.0003,0,1.77639,7943.27,0.127512,0.0658591,-0.8,0.15,1,4.8201,264.766,1.94765e+06,nan,nan,nan,nan,nan,nan,nan,nan,nan,nan,nan,nan,nan,nan,nan,nan,nan,nan,nan,nan
1269,nan,nan,0.118093,0,0,0.255974,1.8197,0.0608027,-0.0480635,35.7591,0.0003,0,1.77597,6080.42,0.134925,0.117689,-0.8,0.15,1,4.8201,265.019,1.94918e+06,nan,nan,nan,nan,nan,nan,nan,nan,nan,nan,nan,nan,nan,nan,nan,nan,nan,nan,nan,nan
1270,nan,nan,0.115255,0,0,0.185344,1.49596,0.108915,-0.0376472,35.7617,0.0003,0,1.77731,7465.84,0.14427,0.0614672,-0.8,0.15,1,4.8201,265.225,1.95072e+06,nan,nan,nan,nan,nan,nan,nan,nan,nan,nan,nan,nan,nan,nan,nan,nan,nan,nan,nan,nan
1271,nan,nan,0.115132,0,0,0.147414,1.21265,0.0517524,-0.0384652,35.7779,0.0003,0,1.77905,7916.38,0.133704,0.0603242,-0.8,0.15,1,4.8201,265.419,1.95226e+06,nan,nan,nan,nan,nan,nan,nan,nan,nan,nan,nan,nan,nan,nan,nan,nan,nan,nan,nan,nan
1272,nan,nan,0.121852,0,0,0.140755,1.21729,0.0178888,-0.0369323,35.7973,0.0003,0,1.78158,7809.44,0.13546,0.0612252,-0.8,0.15,1,4.8201,265.616,1.95379e+06,nan,nan,nan,nan,nan,nan,nan,nan,nan,nan,nan,nan,nan,nan,nan,nan,nan,nan,nan,nan
1273,nan,nan,0.12585,0,0,0.142536,1.22315,0.0143111,-0.0346353,35.823,0.0003,0,1.78367,7759.74,0.13688,0.061065,-0.8,0.15,1,4.8201,265.814,1.95533e+06,nan,nan,nan,nan,nan,nan,nan,nan,nan,nan,nan,nan,nan,nan,nan,nan,nan,nan,nan,nan
1274,nan,nan,0.127731,0,0,0.141584,1.1847,0.0234675,-0.0289548,35.8452,0.0003,0,1.78633,7772.29,0.136253,0.0613723,-0.8,0.15,1,4.8201,266.012,1.95686e+06,nan,nan,nan,nan,nan,nan,nan,nan,nan,nan,nan,nan,nan,nan,nan,nan,nan,nan,nan,nan
1275,nan,nan,0.129754,0,0,0.145773,1.14957,0.0226346,-0.0367876,35.8682,0.0003,0,1.78813,7585.53,0.138905,0.063586,-0.8,0.15,1,4.8201,266.215,1.9584e+06,nan,nan,nan,nan,nan,nan,nan,nan,nan,nan,nan,nan,nan,nan,nan,nan,nan,nan,nan,nan
1276,nan,nan,0.130342,0,0,0.135055,1.11564,0.0208293,-0.0304485,35.8902,0.0003,0,1.79124,7804.88,0.136197,0.0606031,-0.8,0.15,1,4.8201,266.412,1.95994e+06,nan,nan,nan,nan,nan,nan,nan,nan,nan,nan,nan,nan,nan,nan,nan,nan,nan,nan,nan,nan
1277,nan,nan,0.130353,0,0,0.121817,1.04837,0.00516984,-0.0368624,35.9176,0.0003,0,1.7928,7838.72,0.13438,0.0615702,-0.8,0.15,1,4.8201,266.608,1.96147e+06,nan,nan,nan,nan,nan,nan,nan,nan,nan,nan,nan,nan,nan,nan,nan,nan,nan,nan,nan,nan
1278,nan,nan,0.130908,0,0,0.12855,1.07976,0.00342422,-0.0335522,35.9273,0.0003,0,1.79425,7793.62,0.135984,0.0611002,-0.8,0.15,1,4.8201,266.806,1.96301e+06,nan,nan,nan,nan,nan,nan,nan,nan,nan,nan,nan,nan,nan,nan,nan,nan,nan,nan,nan,nan
1279,nan,nan,0.130625,0,0,0.130866,1.1426,0.000980344,-0.036973,35.94,0.0003,0,1.79428,7207.34,0.151811,0.061305,-0.8,0.15,1,4.8201,267.019,1.96454e+06,nan,nan,nan,nan,nan,nan,nan,nan,nan,nan,nan,nan,nan,nan,nan,nan,nan,nan,nan,nan
1280,nan,nan,0.131385,0,0,0.127015,1.07354,0.0012901,-0.0310479,35.9332,0.0003,0,1.79386,7342.61,0.144761,0.0644288,-0.8,0.15,1,4.8201,267.228,1.96608e+06,nan,nan,nan,nan,nan,nan,nan,nan,nan,nan,nan,nan,nan,nan,nan,nan,nan,nan,nan,nan
1281,nan,nan,0.131233,0,0,0.123606,1.06846,0.00102345,-0.0368424,35.9294,0.0003,0,1.79337,7117.51,0.148349,0.067457,-0.8,0.15,1,4.8201,267.444,1.96762e+06,nan,nan,nan,nan,nan,nan,nan,nan,nan,nan,nan,nan,nan,nan,nan,nan,nan,nan,nan,nan
1282,nan,nan,0.130978,0,0,0.124711,1.04402,0.00124893,-0.0318517,35.9233,0.0003,0,1.79313,7580.28,0.141456,0.0611751,-0.8,0.15,1,4.8201,267.647,1.96915e+06,nan,nan,nan,nan,nan,nan,nan,nan,nan,nan,nan,nan,nan,nan,nan,nan,nan,nan,nan,nan
1283,nan,nan,0.131057,0,0,0.122916,1.05469,0.00132447,-0.0339411,35.9184,0.0003,0,1.79231,7542.91,0.139069,0.0645659,-0.8,0.15,1,4.8201,267.851,1.97069e+06,nan,nan,nan,nan,nan,nan,nan,nan,nan,nan,nan,nan,nan,nan,nan,nan,nan,nan,nan,nan
1284,49.4337,400,0.0872566,2.66667,0,0.205091,1.535,0.0269971,-0.0365274,35.9082,0.0003,0,1.79152,6100.23,0.189079,0.0627148,-0.8,0.15,1,4.8201,268.103,1.97222e+06,0,0,2.30692,0.000551986,-0.241417,nan,0,nan,nan,nan,nan,0,nan,0,nan,nan,nan,-0.116754,nan,nan
1285,nan,nan,0.113482,0,0,0.406252,2.04974,0.0617561,-0.0378435,35.9057,0.0003,0,1.79182,7573.94,0.135884,0.0669167,-0.8,0.15,1,4.8201,268.306,1.97376e+06,nan,nan,nan,nan,nan,nan,nan,nan,nan,nan,nan,nan,nan,nan,nan,nan,nan,nan,nan,nan
1286,nan,nan,0.122953,0,0,0.229392,1.6288,0.0243541,-0.0438888,35.9207,0.0003,0,1.79438,7399.05,0.142152,0.0654421,-0.8,0.15,1,4.8201,268.514,1.9753e+06,nan,nan,nan,nan,nan,nan,nan,nan,nan,nan,nan,nan,nan,nan,nan,nan,nan,nan,nan,nan
1287,nan,nan,0.126993,0,0,0.161607,1.30388,0.0136669,-0.0397279,35.9454,0.0003,0,1.79638,7484.88,0.141711,0.063503,-0.8,0.15,1,4.8201,268.72,1.97683e+06,nan,nan,nan,nan,nan,nan,nan,nan,nan,nan,nan,nan,nan,nan,nan,nan,nan,nan,nan,nan
1288,nan,nan,0.126647,0,0,0.142471,1.21948,0.0101687,-0.0307678,35.9604,0.0003,0,1.79729,7651.08,0.139501,0.0612552,-0.8,0.15,1,4.8201,268.921,1.97837e+06,nan,nan,nan,nan,nan,nan,nan,nan,nan,nan,nan,nan,nan,nan,nan,nan,nan,nan,nan,nan
1289,nan,nan,0.128895,0,0,0.13041,1.19756,0.00651577,-0.0293758,35.9691,0.0003,0,1.79821,7841.61,0.135805,0.0600731,-0.8,0.15,1,4.8201,269.117,1.9799e+06,nan,nan,nan,nan,nan,nan,nan,nan,nan,nan,nan,nan,nan,nan,nan,nan,nan,nan,nan,nan
1290,nan,nan,0.129676,0,0,0.127724,1.12694,0.00415721,-0.0298853,35.9789,0.0003,0,1.79926,7874.69,0.13479,0.0602653,-0.8,0.15,1,4.8201,269.312,1.98144e+06,nan,nan,nan,nan,nan,nan,nan,nan,nan,nan,nan,nan,nan,nan,nan,nan,nan,nan,nan,nan
1291,nan,nan,0.130827,0,0,0.121657,1.1247,0.00268219,-0.023774,35.9936,0.0003,0,1.80074,7794.3,0.136096,0.060971,-0.8,0.15,1,4.8201,269.51,1.98298e+06,nan,nan,nan,nan,nan,nan,nan,nan,nan,nan,nan,nan,nan,nan,nan,nan,nan,nan,nan,nan
1292,nan,nan,0.131055,0,0,0.113256,1.08584,0.00152515,-0.0337337,36.007,0.0003,0,1.80183,7817.09,0.136354,0.0601387,-0.8,0.15,1,4.8201,269.706,1.98451e+06,nan,nan,nan,nan,nan,nan,nan,nan,nan,nan,nan,nan,nan,nan,nan,nan,nan,nan,nan,nan
1293,nan,nan,0.13141,0,0,0.113205,1.04447,0.00319658,-0.0242705,36.0138,0.0003,0,1.80174,7896.81,0.133661,0.0608482,-0.8,0.15,1,4.8201,269.901,1.98605e+06,nan,nan,nan,nan,nan,nan,nan,nan,nan,nan,nan,nan,nan,nan,nan,nan,nan,nan,nan,nan
1294,nan,nan,0.130877,0,0,0.111228,1.06453,0.00875995,-0.0185104,36.0143,0.0003,0,1.80262,7429.83,0.145411,0.0613229,-0.8,0.15,1,4.8201,270.108,1.98758e+06,nan,nan,nan,nan,nan,nan,nan,nan,nan,nan,nan,nan,nan,nan,nan,nan,nan,nan,nan,nan
1295,nan,nan,0.130525,0,0,0.109262,1.1166,0.00283754,-0.0230414,36.024,0.0003,0,1.80347,7850.75,0.135446,0.060204,-0.8,0.15,1,4.8201,270.304,1.98912e+06,nan,nan,nan,nan,nan,nan,nan,nan,nan,nan,nan,nan,nan,nan,nan,nan,nan,nan,nan,nan
1296,nan,nan,0.131582,0,0,0.113409,1.04454,0.000915579,-0.0336484,36.0283,0.0003,0,1.8035,7830.18,0.135293,0.0608711,-0.8,0.15,1,4.8201,270.501,1.99066e+06,nan,nan,nan,nan,nan,nan,nan,nan,nan,nan,nan,nan,nan,nan,nan,nan,nan,nan,nan,nan
1297,nan,nan,0.131845,0,0,0.122621,1.02602,0.00198536,-0.0257539,36.0226,0.0003,0,1.80296,7877.45,0.134462,0.0605252,-0.8,0.15,1,4.8201,270.696,1.99219e+06,nan,nan,nan,nan,nan,nan,nan,nan,nan,nan,nan,nan,nan,nan,nan,nan,nan,nan,nan,nan
1298,nan,nan,0.132107,0,0,0.11043,1.05188,0.00144374,-0.026351,36.0282,0.0003,0,1.80469,7862.08,0.135131,0.0602372,-0.8,0.15,1,4.8201,270.892,1.99373e+06,nan,nan,nan,nan,nan,nan,nan,nan,nan,nan,nan,nan,nan,nan,nan,nan,nan,nan,nan,nan
1299,nan,nan,0.132359,0,0,0.114916,1.04735,0.00275044,-0.0216708,36.0464,0.0003,0,1.806,6701.84,0.168802,0.0603888,-0.8,0.15,1,4.8201,271.121,1.99526e+06,nan,nan,nan,nan,nan,nan,nan,nan,nan,nan,nan,nan,nan,nan,nan,nan,nan,nan,nan,nan
1300,50.5585,400,0.131836,2.66667,0,0.116885,1.05944,0.00169807,-0.0325272,36.0532,0.0003,0,1.80663,6174.77,0.18827,0.0604839,-0.8,0.15,1,4.8201,271.37,1.9968e+06,0,0,2.36049,0.000522238,-0.23575,nan,0,nan,nan,nan,nan,0,nan,0,nan,nan,nan,-0.118208,nan,nan
1301,nan,nan,0.077806,0,0,0.249492,1.99962,0.0378183,-0.0280808,36.0614,0.0003,0,1.80759,8117.15,0.129043,0.0601861,-0.8,0.15,1,4.8201,271.559,1.99834e+06,nan,nan,nan,nan,nan,nan,nan,nan,nan,nan,nan,nan,nan,nan,nan,nan,nan,nan,nan,nan
1302,nan,nan,0.119637,0,0,0.267491,1.8836,0.0179609,-0.0517533,36.0706,0.0003,0,1.80862,7964.36,0.132353,0.0605061,-0.8,0.15,1,4.8201,271.753,1.99987e+06,nan,nan,nan,nan,nan,nan,nan,nan,nan,nan,nan,nan,nan,nan,nan,nan,nan,nan,nan,nan
1303,nan,nan,0.121573,0,0,0.222528,1.44949,0.030582,-0.0460615,36.0823,0.0003,0,1.80969,8031.22,0.130808,0.060446,-0.8,0.15,1,4.8201,271.944,2.00141e+06,nan,nan,nan,nan,nan,nan,nan,nan,nan,nan,nan,nan,nan,nan,nan,nan,nan,nan,nan,nan
1304,nan,nan,0.119557,0,0,0.230293,1.6168,0.0413531,-0.0372739,36.0978,0.0003,0,1.8119,7890.48,0.134181,0.0604842,-0.8,0.15,1,4.8201,272.139,2.00294e+06,nan,nan,nan,nan,nan,nan,nan,nan,nan,nan,nan,nan,nan,nan,nan,nan,nan,nan,nan,nan
1305,nan,nan,0.119356,0,0,0.183122,1.52513,0.0251625,-0.0304818,36.119,0.0003,0,1.81378,7916.21,0.133884,0.060148,-0.8,0.15,1,4.8201,272.333,2.00448e+06,nan,nan,nan,nan,nan,nan,nan,nan,nan,nan,nan,nan,nan,nan,nan,nan,nan,nan,nan,nan
1306,nan,nan,0.125669,0,0,0.180966,1.35449,0.0130387,-0.0435617,36.1329,0.0003,0,1.81472,7860.44,0.135228,0.0601809,-0.8,0.15,1,4.8201,272.529,2.00602e+06,nan,nan,nan,nan,nan,nan,nan,nan,nan,nan,nan,nan,nan,nan,nan,nan,nan,nan,nan,nan
1307,nan,nan,0.12593,0,0,0.184365,1.27143,0.0146167,-0.0401257,36.141,0.0003,0,1.8157,7825.72,0.135612,0.0606642,-0.8,0.15,1,4.8201,272.725,2.00755e+06,nan,nan,nan,nan,nan,nan,nan,nan,nan,nan,nan,nan,nan,nan,nan,nan,nan,nan,nan,nan
1308,nan,nan,0.126543,0,0,0.166025,1.23989,0.013973,-0.0367908,36.1511,0.0003,0,1.81653,7843.01,0.135464,0.060379,-0.8,0.15,1,4.8201,272.922,2.00909e+06,nan,nan,nan,nan,nan,nan,nan,nan,nan,nan,nan,nan,nan,nan,nan,nan,nan,nan,nan,nan
1309,nan,nan,0.128448,0,0,0.149471,1.21888,0.00870607,-0.0317475,36.1604,0.0003,0,1.81745,7840.09,0.135766,0.0601501,-0.8,0.15,1,4.8201,273.118,2.01062e+06,nan,nan,nan,nan,nan,nan,nan,nan,nan,nan,nan,nan,nan,nan,nan,nan,nan,nan,nan,nan
1310,nan,nan,0.128641,0,0,0.147583,1.23861,0.0103519,-0.0309231,36.1738,0.0003,0,1.81942,7875.47,0.134856,0.0601799,-0.8,0.15,1,4.8201,273.313,2.01216e+06,nan,nan,nan,nan,nan,nan,nan,nan,nan,nan,nan,nan,nan,nan,nan,nan,nan,nan,nan,nan
1311,nan,nan,0.128119,0,0,0.143147,1.07578,0.00830577,-0.0278709,36.1959,0.0003,0,1.82164,7869.89,0.134748,0.0604262,-0.8,0.15,1,4.8201,273.508,2.0137e+06,nan,nan,nan,nan,nan,nan,nan,nan,nan,nan,nan,nan,nan,nan,nan,nan,nan,nan,nan,nan
1312,nan,nan,0.129876,0,0,0.125231,1.01569,0.00433817,-0.0259419,36.2173,0.0003,0,1.82338,7850.31,0.135622,0.0600388,-0.8,0.15,1,4.8201,273.704,2.01523e+06,nan,nan,nan,nan,nan,nan,nan,nan,nan,nan,nan,nan,nan,nan,nan,nan,nan,nan,nan,nan
1313,nan,nan,0.130348,0,0,0.12819,1.1591,0.00486374,-0.0339792,36.2318,0.0003,0,1.82468,6698.47,0.141903,0.0874031,-0.8,0.15,1,4.8201,273.934,2.01677e+06,nan,nan,nan,nan,nan,nan,nan,nan,nan,nan,nan,nan,nan,nan,nan,nan,nan,nan,nan,nan
1314,nan,nan,0.129777,0,0,0.126501,1.13064,0.00759028,-0.0130387,36.2412,0.0003,0,1.82571,7739.51,0.13855,0.0599122,-0.8,0.15,1,4.8201,274.133,2.0183e+06,nan,nan,nan,nan,nan,nan,nan,nan,nan,nan,nan,nan,nan,nan,nan,nan,nan,nan,nan,nan
1315,nan,nan,0.130227,0,0,0.115262,1.10533,0.00478266,-0.0200428,36.2561,0.0003,0,1.82794,7750.1,0.137936,0.0602551,-0.8,0.15,1,4.8201,274.331,2.01984e+06,nan,nan,nan,nan,nan,nan,nan,nan,nan,nan,nan,nan,nan,nan,nan,nan,nan,nan,nan,nan
1316,nan,nan,0.130403,0,0,0.114293,1.0259,0.00271832,-0.0214757,36.2742,0.0003,0,1.8287,7799.48,0.136802,0.0601339,-0.8,0.15,1,4.8201,274.528,2.02138e+06,nan,nan,nan,nan,nan,nan,nan,nan,nan,nan,nan,nan,nan,nan,nan,nan,nan,nan,nan,nan
1317,49.4208,400,0.0978213,2.66667,0,0.165278,1.31224,0.0155303,-0.00680312,36.2798,0.0003,0,1.8298,6131.67,0.190764,0.0597389,-0.8,0.15,1,4.8201,274.779,2.02291e+06,0,0,2.33013,0.000443515,-0.234569,nan,0,nan,nan,nan,nan,0,nan,0,nan,nan,nan,-0.173876,nan,nan
